[{"data_generator_T":0.0,"data_generator_V":-85.211922},{"data_generator_T":3.0,"data_generator_V":-85.22467},{"data_generator_T":6.0,"data_generator_V":-85.228767},{"data_generator_T":9.0,"data_generator_V":-85.230331},{"data_generator_T":12.0,"data_generator_V":-85.231163},{"data_generator_T":15.0,"data_generator_V":-85.231766},{"data_generator_T":18.0,"data_generator_V":-85.232315},{"data_generator_T":21.0,"data_generator_V":-85.232834},{"data_generator_T":24.0,"data_generator_V":-85.233353},{"data_generator_T":27.0,"data_generator_V":-85.233864},{"data_generator_T":30.0,"data_generator_V":-85.234367},{"data_generator_T":33.0,"data_generator_V":-85.234871},{"data_generator_T":36.0,"data_generator_V":-85.235374},{"data_generator_T":39.0,"data_generator_V":-85.23587},{"data_generator_T":42.0,"data_generator_V":-85.236366},{"data_generator_T":45.0,"data_generator_V":-85.236862},{"data_generator_T":48.0,"data_generator_V":-85.237358},{"data_generator_T":51.0,"data_generator_V":-62.291359},{"data_generator_T":54.0,"data_generator_V":51.35482},{"data_generator_T":57.0,"data_generator_V":56.806965},{"data_generator_T":60.0,"data_generator_V":56.406761},{"data_generator_T":63.0,"data_generator_V":54.832455},{"data_generator_T":66.0,"data_generator_V":53.038914},{"data_generator_T":69.0,"data_generator_V":51.227974},{"data_generator_T":72.0,"data_generator_V":49.450668},{"data_generator_T":75.0,"data_generator_V":47.73893},{"data_generator_T":78.0,"data_generator_V":46.109653},{"data_generator_T":81.0,"data_generator_V":44.564854},{"data_generator_T":84.0,"data_generator_V":43.097275},{"data_generator_T":87.0,"data_generator_V":41.69548},{"data_generator_T":90.0,"data_generator_V":40.347141},{"data_generator_T":93.0,"data_generator_V":39.040833},{"data_generator_T":96.0,"data_generator_V":37.766712},{"data_generator_T":99.0,"data_generator_V":36.516689},{"data_generator_T":102.0,"data_generator_V":35.284237},{"data_generator_T":105.0,"data_generator_V":34.064171},{"data_generator_T":108.0,"data_generator_V":32.852348},{"data_generator_T":111.0,"data_generator_V":31.645456},{"data_generator_T":114.0,"data_generator_V":30.440779},{"data_generator_T":117.0,"data_generator_V":29.236061},{"data_generator_T":120.0,"data_generator_V":28.029373},{"data_generator_T":123.0,"data_generator_V":26.819031},{"data_generator_T":126.0,"data_generator_V":25.603512},{"data_generator_T":129.0,"data_generator_V":24.381416},{"data_generator_T":132.0,"data_generator_V":23.151426},{"data_generator_T":135.0,"data_generator_V":21.912271},{"data_generator_T":138.0,"data_generator_V":20.662708},{"data_generator_T":141.0,"data_generator_V":19.401474},{"data_generator_T":144.0,"data_generator_V":18.127251},{"data_generator_T":147.0,"data_generator_V":16.838596},{"data_generator_T":150.0,"data_generator_V":15.533847},{"data_generator_T":153.0,"data_generator_V":14.210991},{"data_generator_T":156.0,"data_generator_V":12.867477},{"data_generator_T":159.0,"data_generator_V":11.499978},{"data_generator_T":162.0,"data_generator_V":10.104079},{"data_generator_T":165.0,"data_generator_V":8.6738901},{"data_generator_T":168.0,"data_generator_V":7.2015557},{"data_generator_T":171.0,"data_generator_V":5.6766181},{"data_generator_T":174.0,"data_generator_V":4.0851355},{"data_generator_T":177.0,"data_generator_V":2.40838},{"data_generator_T":180.0,"data_generator_V":0.62080222},{"data_generator_T":183.0,"data_generator_V":-1.31329},{"data_generator_T":186.0,"data_generator_V":-3.4452832},{"data_generator_T":189.0,"data_generator_V":-5.8515797},{"data_generator_T":192.0,"data_generator_V":-8.64884},{"data_generator_T":195.0,"data_generator_V":-12.016459},{"data_generator_T":198.0,"data_generator_V":-16.219477},{"data_generator_T":201.0,"data_generator_V":-21.601379},{"data_generator_T":204.0,"data_generator_V":-28.526939},{"data_generator_T":207.0,"data_generator_V":-37.196354},{"data_generator_T":210.0,"data_generator_V":-46.996742},{"data_generator_T":213.0,"data_generator_V":-57.209908},{"data_generator_T":216.0,"data_generator_V":-67.417099},{"data_generator_T":219.0,"data_generator_V":-75.899757},{"data_generator_T":222.0,"data_generator_V":-80.656013},{"data_generator_T":225.0,"data_generator_V":-82.526062},{"data_generator_T":228.0,"data_generator_V":-83.155594},{"data_generator_T":231.0,"data_generator_V":-83.369026},{"data_generator_T":234.0,"data_generator_V":-83.453705},{"data_generator_T":237.0,"data_generator_V":-83.49929},{"data_generator_T":240.0,"data_generator_V":-83.53299},{"data_generator_T":243.0,"data_generator_V":-83.563019},{"data_generator_T":246.0,"data_generator_V":-83.591888},{"data_generator_T":249.0,"data_generator_V":-83.620361},{"data_generator_T":252.0,"data_generator_V":35.677479},{"data_generator_T":255.0,"data_generator_V":37.939209},{"data_generator_T":258.0,"data_generator_V":36.53532},{"data_generator_T":261.0,"data_generator_V":33.825787},{"data_generator_T":264.0,"data_generator_V":31.447763},{"data_generator_T":267.0,"data_generator_V":29.470354},{"data_generator_T":270.0,"data_generator_V":27.736898},{"data_generator_T":273.0,"data_generator_V":26.122278},{"data_generator_T":276.0,"data_generator_V":24.573658},{"data_generator_T":279.0,"data_generator_V":23.065384},{"data_generator_T":282.0,"data_generator_V":21.581984},{"data_generator_T":285.0,"data_generator_V":20.112444},{"data_generator_T":288.0,"data_generator_V":18.648115},{"data_generator_T":291.0,"data_generator_V":17.181774},{"data_generator_T":294.0,"data_generator_V":15.707046},{"data_generator_T":297.0,"data_generator_V":14.217907},{"data_generator_T":300.0,"data_generator_V":12.708185},{"data_generator_T":303.0,"data_generator_V":11.171},{"data_generator_T":306.0,"data_generator_V":9.5980997},{"data_generator_T":309.0,"data_generator_V":7.9790525},{"data_generator_T":312.0,"data_generator_V":6.3002033},{"data_generator_T":315.0,"data_generator_V":4.543242},{"data_generator_T":318.0,"data_generator_V":2.6830831},{"data_generator_T":321.0,"data_generator_V":0.68445522},{"data_generator_T":324.0,"data_generator_V":-1.5038821},{"data_generator_T":327.0,"data_generator_V":-3.959271},{"data_generator_T":330.0,"data_generator_V":-6.8034725},{"data_generator_T":333.0,"data_generator_V":-10.233365},{"data_generator_T":336.0,"data_generator_V":-14.563231},{"data_generator_T":339.0,"data_generator_V":-20.2418},{"data_generator_T":342.0,"data_generator_V":-27.755014},{"data_generator_T":345.0,"data_generator_V":-37.310764},{"data_generator_T":348.0,"data_generator_V":-47.984741},{"data_generator_T":351.0,"data_generator_V":-58.764305},{"data_generator_T":354.0,"data_generator_V":-69.0467},{"data_generator_T":357.0,"data_generator_V":-76.894623},{"data_generator_T":360.0,"data_generator_V":-80.905647},{"data_generator_T":363.0,"data_generator_V":-82.407768},{"data_generator_T":366.0,"data_generator_V":-82.910942},{"data_generator_T":369.0,"data_generator_V":-83.087532},{"data_generator_T":372.0,"data_generator_V":-83.163628},{"data_generator_T":375.0,"data_generator_V":-83.209152},{"data_generator_T":378.0,"data_generator_V":-83.245293},{"data_generator_T":381.0,"data_generator_V":-83.278511},{"data_generator_T":384.0,"data_generator_V":-83.310791},{"data_generator_T":387.0,"data_generator_V":-83.342751},{"data_generator_T":390.0,"data_generator_V":-83.374557},{"data_generator_T":393.0,"data_generator_V":-83.406273},{"data_generator_T":396.0,"data_generator_V":-83.437881},{"data_generator_T":399.0,"data_generator_V":-83.46936},{"data_generator_T":402.0,"data_generator_V":-83.500679},{"data_generator_T":405.0,"data_generator_V":-83.531807},{"data_generator_T":408.0,"data_generator_V":-83.562714},{"data_generator_T":411.0,"data_generator_V":-83.593361},{"data_generator_T":414.0,"data_generator_V":-83.623734},{"data_generator_T":417.0,"data_generator_V":-83.653801},{"data_generator_T":420.0,"data_generator_V":-83.68354},{"data_generator_T":423.0,"data_generator_V":-83.712936},{"data_generator_T":426.0,"data_generator_V":-83.741966},{"data_generator_T":429.0,"data_generator_V":-83.770622},{"data_generator_T":432.0,"data_generator_V":-83.798882},{"data_generator_T":435.0,"data_generator_V":-83.826736},{"data_generator_T":438.0,"data_generator_V":-83.854172},{"data_generator_T":441.0,"data_generator_V":-83.881195},{"data_generator_T":444.0,"data_generator_V":-83.907784},{"data_generator_T":447.0,"data_generator_V":-83.933945},{"data_generator_T":450.0,"data_generator_V":-83.959671},{"data_generator_T":453.0,"data_generator_V":45.391376},{"data_generator_T":456.0,"data_generator_V":46.486095},{"data_generator_T":459.0,"data_generator_V":45.082214},{"data_generator_T":462.0,"data_generator_V":42.68092},{"data_generator_T":465.0,"data_generator_V":40.417118},{"data_generator_T":468.0,"data_generator_V":38.374645},{"data_generator_T":471.0,"data_generator_V":36.491417},{"data_generator_T":474.0,"data_generator_V":34.72084},{"data_generator_T":477.0,"data_generator_V":33.039597},{"data_generator_T":480.0,"data_generator_V":31.429342},{"data_generator_T":483.0,"data_generator_V":29.873789},{"data_generator_T":486.0,"data_generator_V":28.358778},{"data_generator_T":489.0,"data_generator_V":26.872393},{"data_generator_T":492.0,"data_generator_V":25.404779},{"data_generator_T":495.0,"data_generator_V":23.947802},{"data_generator_T":498.0,"data_generator_V":22.494688},{"data_generator_T":501.0,"data_generator_V":21.039698},{"data_generator_T":504.0,"data_generator_V":19.577826},{"data_generator_T":507.0,"data_generator_V":18.104538},{"data_generator_T":510.0,"data_generator_V":16.615513},{"data_generator_T":513.0,"data_generator_V":15.10634},{"data_generator_T":516.0,"data_generator_V":13.57217},{"data_generator_T":519.0,"data_generator_V":12.007244},{"data_generator_T":522.0,"data_generator_V":10.404303},{"data_generator_T":525.0,"data_generator_V":8.7537918},{"data_generator_T":528.0,"data_generator_V":7.0428104},{"data_generator_T":531.0,"data_generator_V":5.2536416},{"data_generator_T":534.0,"data_generator_V":3.3615646},{"data_generator_T":537.0,"data_generator_V":1.3313376},{"data_generator_T":540.0,"data_generator_V":-0.88884336},{"data_generator_T":543.0,"data_generator_V":-3.3781643},{"data_generator_T":546.0,"data_generator_V":-6.2631407},{"data_generator_T":549.0,"data_generator_V":-9.7530651},{"data_generator_T":552.0,"data_generator_V":-14.193497},{"data_generator_T":555.0,"data_generator_V":-20.099947},{"data_generator_T":558.0,"data_generator_V":-28.04826},{"data_generator_T":561.0,"data_generator_V":-38.234451},{"data_generator_T":564.0,"data_generator_V":-49.47187},{"data_generator_T":567.0,"data_generator_V":-60.617043},{"data_generator_T":570.0,"data_generator_V":-70.845345},{"data_generator_T":573.0,"data_generator_V":-77.99781},{"data_generator_T":576.0,"data_generator_V":-81.325661},{"data_generator_T":579.0,"data_generator_V":-82.509399},{"data_generator_T":582.0,"data_generator_V":-82.901352},{"data_generator_T":585.0,"data_generator_V":-83.042641},{"data_generator_T":588.0,"data_generator_V":-83.107941},{"data_generator_T":591.0,"data_generator_V":-83.150269},{"data_generator_T":594.0,"data_generator_V":-83.185555},{"data_generator_T":597.0,"data_generator_V":-83.218628},{"data_generator_T":600.0,"data_generator_V":-83.250969},{"data_generator_T":603.0,"data_generator_V":-83.283043},{"data_generator_T":606.0,"data_generator_V":-83.314987},{"data_generator_T":609.0,"data_generator_V":-83.346832},{"data_generator_T":612.0,"data_generator_V":-83.378563},{"data_generator_T":615.0,"data_generator_V":-83.410156},{"data_generator_T":618.0,"data_generator_V":-83.441582},{"data_generator_T":621.0,"data_generator_V":-83.472809},{"data_generator_T":624.0,"data_generator_V":-83.503807},{"data_generator_T":627.0,"data_generator_V":-83.534546},{"data_generator_T":630.0,"data_generator_V":-83.565002},{"data_generator_T":633.0,"data_generator_V":-83.595146},{"data_generator_T":636.0,"data_generator_V":-83.624954},{"data_generator_T":639.0,"data_generator_V":-83.654419},{"data_generator_T":642.0,"data_generator_V":-83.68351},{"data_generator_T":645.0,"data_generator_V":-83.712219},{"data_generator_T":648.0,"data_generator_V":-83.74054},{"data_generator_T":651.0,"data_generator_V":-60.771572},{"data_generator_T":654.0,"data_generator_V":44.091572},{"data_generator_T":657.0,"data_generator_V":43.608326},{"data_generator_T":660.0,"data_generator_V":41.014061},{"data_generator_T":663.0,"data_generator_V":38.389168},{"data_generator_T":666.0,"data_generator_V":36.131737},{"data_generator_T":669.0,"data_generator_V":34.148502},{"data_generator_T":672.0,"data_generator_V":32.317841},{"data_generator_T":675.0,"data_generator_V":30.585594},{"data_generator_T":678.0,"data_generator_V":28.925011},{"data_generator_T":681.0,"data_generator_V":27.317509},{"data_generator_T":684.0,"data_generator_V":25.748123},{"data_generator_T":687.0,"data_generator_V":24.204449},{"data_generator_T":690.0,"data_generator_V":22.67617},{"data_generator_T":693.0,"data_generator_V":21.15468},{"data_generator_T":696.0,"data_generator_V":19.632668},{"data_generator_T":699.0,"data_generator_V":18.103743},{"data_generator_T":702.0,"data_generator_V":16.562046},{"data_generator_T":705.0,"data_generator_V":15.00185},{"data_generator_T":708.0,"data_generator_V":13.417093},{"data_generator_T":711.0,"data_generator_V":11.800799},{"data_generator_T":714.0,"data_generator_V":10.144347},{"data_generator_T":717.0,"data_generator_V":8.436511},{"data_generator_T":720.0,"data_generator_V":6.6621742},{"data_generator_T":723.0,"data_generator_V":4.8005085},{"data_generator_T":726.0,"data_generator_V":2.8221884},{"data_generator_T":729.0,"data_generator_V":0.6847828},{"data_generator_T":732.0,"data_generator_V":-1.6753626},{"data_generator_T":735.0,"data_generator_V":-4.3580103},{"data_generator_T":738.0,"data_generator_V":-7.5269423},{"data_generator_T":741.0,"data_generator_V":-11.458252},{"data_generator_T":744.0,"data_generator_V":-16.602184},{"data_generator_T":747.0,"data_generator_V":-23.569973},{"data_generator_T":750.0,"data_generator_V":-32.884445},{"data_generator_T":753.0,"data_generator_V":-44.045765},{"data_generator_T":756.0,"data_generator_V":-55.462383},{"data_generator_T":759.0,"data_generator_V":-66.355247},{"data_generator_T":762.0,"data_generator_V":-75.185951},{"data_generator_T":765.0,"data_generator_V":-80.100708},{"data_generator_T":768.0,"data_generator_V":-82.023468},{"data_generator_T":771.0,"data_generator_V":-82.668922},{"data_generator_T":774.0,"data_generator_V":-82.889282},{"data_generator_T":777.0,"data_generator_V":-82.978966},{"data_generator_T":780.0,"data_generator_V":-83.029129},{"data_generator_T":783.0,"data_generator_V":-83.067245},{"data_generator_T":786.0,"data_generator_V":-83.101616},{"data_generator_T":789.0,"data_generator_V":-83.134789},{"data_generator_T":792.0,"data_generator_V":-83.167557},{"data_generator_T":795.0,"data_generator_V":-83.20015},{"data_generator_T":798.0,"data_generator_V":-83.232658},{"data_generator_T":801.0,"data_generator_V":-83.26506},{"data_generator_T":804.0,"data_generator_V":-83.297356},{"data_generator_T":807.0,"data_generator_V":-83.329498},{"data_generator_T":810.0,"data_generator_V":-83.361473},{"data_generator_T":813.0,"data_generator_V":-83.393234},{"data_generator_T":816.0,"data_generator_V":-83.424751},{"data_generator_T":819.0,"data_generator_V":-83.456001},{"data_generator_T":822.0,"data_generator_V":-83.486961},{"data_generator_T":825.0,"data_generator_V":-83.517593},{"data_generator_T":828.0,"data_generator_V":-83.54789},{"data_generator_T":831.0,"data_generator_V":-83.577827},{"data_generator_T":834.0,"data_generator_V":-83.607391},{"data_generator_T":837.0,"data_generator_V":-83.636559},{"data_generator_T":840.0,"data_generator_V":-83.665321},{"data_generator_T":843.0,"data_generator_V":-83.693672},{"data_generator_T":846.0,"data_generator_V":-83.721596},{"data_generator_T":849.0,"data_generator_V":-83.749092},{"data_generator_T":852.0,"data_generator_V":42.972691},{"data_generator_T":855.0,"data_generator_V":44.563751},{"data_generator_T":858.0,"data_generator_V":43.389999},{"data_generator_T":861.0,"data_generator_V":40.578449},{"data_generator_T":864.0,"data_generator_V":38.009544},{"data_generator_T":867.0,"data_generator_V":35.794487},{"data_generator_T":870.0,"data_generator_V":33.816475},{"data_generator_T":873.0,"data_generator_V":31.974621},{"data_generator_T":876.0,"data_generator_V":30.226946},{"data_generator_T":879.0,"data_generator_V":28.549341},{"data_generator_T":882.0,"data_generator_V":26.923601},{"data_generator_T":885.0,"data_generator_V":25.334757},{"data_generator_T":888.0,"data_generator_V":23.77038},{"data_generator_T":891.0,"data_generator_V":22.22016},{"data_generator_T":894.0,"data_generator_V":20.675467},{"data_generator_T":897.0,"data_generator_V":19.128931},{"data_generator_T":900.0,"data_generator_V":17.574032},{"data_generator_T":903.0,"data_generator_V":16.004686},{"data_generator_T":906.0,"data_generator_V":14.414793},{"data_generator_T":909.0,"data_generator_V":12.797706},{"data_generator_T":912.0,"data_generator_V":11.145566},{"data_generator_T":915.0,"data_generator_V":9.4484415},{"data_generator_T":918.0,"data_generator_V":7.6931915},{"data_generator_T":921.0,"data_generator_V":5.8619123},{"data_generator_T":924.0,"data_generator_V":3.9296513},{"data_generator_T":927.0,"data_generator_V":1.8607804},{"data_generator_T":930.0,"data_generator_V":-0.39723265},{"data_generator_T":933.0,"data_generator_V":-2.9250524},{"data_generator_T":936.0,"data_generator_V":-5.8525767},{"data_generator_T":939.0,"data_generator_V":-9.397646},{"data_generator_T":942.0,"data_generator_V":-13.927001},{"data_generator_T":945.0,"data_generator_V":-20.000456},{"data_generator_T":948.0,"data_generator_V":-28.245373},{"data_generator_T":951.0,"data_generator_V":-38.812172},{"data_generator_T":954.0,"data_generator_V":-50.312717},{"data_generator_T":957.0,"data_generator_V":-61.545746},{"data_generator_T":960.0,"data_generator_V":-71.596237},{"data_generator_T":963.0,"data_generator_V":-78.326225},{"data_generator_T":966.0,"data_generator_V":-81.349541},{"data_generator_T":969.0,"data_generator_V":-82.412506},{"data_generator_T":972.0,"data_generator_V":-82.766495},{"data_generator_T":975.0,"data_generator_V":-82.896873},{"data_generator_T":978.0,"data_generator_V":-82.959282},{"data_generator_T":981.0,"data_generator_V":-83.00106},{"data_generator_T":984.0,"data_generator_V":-83.036484},{"data_generator_T":987.0,"data_generator_V":-83.069908},{"data_generator_T":990.0,"data_generator_V":-83.102669},{"data_generator_T":993.0,"data_generator_V":-83.135208},{"data_generator_T":996.0,"data_generator_V":-83.167633},{"data_generator_T":999.0,"data_generator_V":-83.199982},{"data_generator_T":1002.0,"data_generator_V":-83.232239},{"data_generator_T":1005.0,"data_generator_V":-83.264366},{"data_generator_T":1008.0,"data_generator_V":-83.296349},{"data_generator_T":1011.0,"data_generator_V":-83.32814},{"data_generator_T":1014.0,"data_generator_V":-83.359718},{"data_generator_T":1017.0,"data_generator_V":-83.391045},{"data_generator_T":1020.0,"data_generator_V":-83.422096},{"data_generator_T":1023.0,"data_generator_V":-83.45285},{"data_generator_T":1026.0,"data_generator_V":-83.483276},{"data_generator_T":1029.0,"data_generator_V":-83.513359},{"data_generator_T":1032.0,"data_generator_V":-83.543076},{"data_generator_T":1035.0,"data_generator_V":-83.572418},{"data_generator_T":1038.0,"data_generator_V":-83.601364},{"data_generator_T":1041.0,"data_generator_V":-83.629906},{"data_generator_T":1044.0,"data_generator_V":-83.658028},{"data_generator_T":1047.0,"data_generator_V":-83.685738},{"data_generator_T":1050.0,"data_generator_V":-83.713013},{"data_generator_T":1053.0,"data_generator_V":44.648052},{"data_generator_T":1056.0,"data_generator_V":44.371601},{"data_generator_T":1059.0,"data_generator_V":42.113682},{"data_generator_T":1062.0,"data_generator_V":39.197048},{"data_generator_T":1065.0,"data_generator_V":36.683033},{"data_generator_T":1068.0,"data_generator_V":34.523407},{"data_generator_T":1071.0,"data_generator_V":32.57156},{"data_generator_T":1074.0,"data_generator_V":30.74329},{"data_generator_T":1077.0,"data_generator_V":29.001743},{"data_generator_T":1080.0,"data_generator_V":27.32399},{"data_generator_T":1083.0,"data_generator_V":25.692425},{"data_generator_T":1086.0,"data_generator_V":24.092663},{"data_generator_T":1089.0,"data_generator_V":22.512817},{"data_generator_T":1092.0,"data_generator_V":20.943007},{"data_generator_T":1095.0,"data_generator_V":19.374878},{"data_generator_T":1098.0,"data_generator_V":17.801144},{"data_generator_T":1101.0,"data_generator_V":16.215143},{"data_generator_T":1104.0,"data_generator_V":14.61034},{"data_generator_T":1107.0,"data_generator_V":12.97978},{"data_generator_T":1110.0,"data_generator_V":11.315391},{"data_generator_T":1113.0,"data_generator_V":9.6071091},{"data_generator_T":1116.0,"data_generator_V":7.8417277},{"data_generator_T":1119.0,"data_generator_V":6.0013275},{"data_generator_T":1122.0,"data_generator_V":4.060987},{"data_generator_T":1125.0,"data_generator_V":1.9851677},{"data_generator_T":1128.0,"data_generator_V":-0.27847981},{"data_generator_T":1131.0,"data_generator_V":-2.8102739},{"data_generator_T":1134.0,"data_generator_V":-5.7394929},{"data_generator_T":1137.0,"data_generator_V":-9.2830772},{"data_generator_T":1140.0,"data_generator_V":-13.806925},{"data_generator_T":1143.0,"data_generator_V":-19.871645},{"data_generator_T":1146.0,"data_generator_V":-28.107225},{"data_generator_T":1149.0,"data_generator_V":-38.668743},{"data_generator_T":1152.0,"data_generator_V":-50.166},{"data_generator_T":1155.0,"data_generator_V":-61.383232},{"data_generator_T":1158.0,"data_generator_V":-71.432037},{"data_generator_T":1161.0,"data_generator_V":-78.20462},{"data_generator_T":1164.0,"data_generator_V":-81.271515},{"data_generator_T":1167.0,"data_generator_V":-82.355621},{"data_generator_T":1170.0,"data_generator_V":-82.717407},{"data_generator_T":1173.0,"data_generator_V":-82.850334},{"data_generator_T":1176.0,"data_generator_V":-82.913467},{"data_generator_T":1179.0,"data_generator_V":-82.95536},{"data_generator_T":1182.0,"data_generator_V":-82.9907},{"data_generator_T":1185.0,"data_generator_V":-83.023987},{"data_generator_T":1188.0,"data_generator_V":-83.056602},{"data_generator_T":1191.0,"data_generator_V":-83.088997},{"data_generator_T":1194.0,"data_generator_V":-83.1213},{"data_generator_T":1197.0,"data_generator_V":-83.153526},{"data_generator_T":1200.0,"data_generator_V":-83.185669},{"data_generator_T":1203.0,"data_generator_V":-83.217705},{"data_generator_T":1206.0,"data_generator_V":-83.249596},{"data_generator_T":1209.0,"data_generator_V":-83.281311},{"data_generator_T":1212.0,"data_generator_V":-83.31282},{"data_generator_T":1215.0,"data_generator_V":-83.344093},{"data_generator_T":1218.0,"data_generator_V":-83.375092},{"data_generator_T":1221.0,"data_generator_V":-83.4058},{"data_generator_T":1224.0,"data_generator_V":-83.436195},{"data_generator_T":1227.0,"data_generator_V":-83.466248},{"data_generator_T":1230.0,"data_generator_V":-83.495949},{"data_generator_T":1233.0,"data_generator_V":-83.525276},{"data_generator_T":1236.0,"data_generator_V":-83.554214},{"data_generator_T":1239.0,"data_generator_V":-83.582756},{"data_generator_T":1242.0,"data_generator_V":-83.610886},{"data_generator_T":1245.0,"data_generator_V":-83.638596},{"data_generator_T":1248.0,"data_generator_V":-83.665886},{"data_generator_T":1251.0,"data_generator_V":-60.667133},{"data_generator_T":1254.0,"data_generator_V":44.430489},{"data_generator_T":1257.0,"data_generator_V":43.887508},{"data_generator_T":1260.0,"data_generator_V":40.978245},{"data_generator_T":1263.0,"data_generator_V":38.091362},{"data_generator_T":1266.0,"data_generator_V":35.653992},{"data_generator_T":1269.0,"data_generator_V":33.545292},{"data_generator_T":1272.0,"data_generator_V":31.616806},{"data_generator_T":1275.0,"data_generator_V":29.801472},{"data_generator_T":1278.0,"data_generator_V":28.066549},{"data_generator_T":1281.0,"data_generator_V":26.390226},{"data_generator_T":1284.0,"data_generator_V":24.755503},{"data_generator_T":1287.0,"data_generator_V":23.148529},{"data_generator_T":1290.0,"data_generator_V":21.557878},{"data_generator_T":1293.0,"data_generator_V":19.974012},{"data_generator_T":1296.0,"data_generator_V":18.388771},{"data_generator_T":1299.0,"data_generator_V":16.794889},{"data_generator_T":1302.0,"data_generator_V":15.185498},{"data_generator_T":1305.0,"data_generator_V":13.553561},{"data_generator_T":1308.0,"data_generator_V":11.891221},{"data_generator_T":1311.0,"data_generator_V":10.188958},{"data_generator_T":1314.0,"data_generator_V":8.4345226},{"data_generator_T":1317.0,"data_generator_V":6.6114898},{"data_generator_T":1320.0,"data_generator_V":4.6972208},{"data_generator_T":1323.0,"data_generator_V":2.6597271},{"data_generator_T":1326.0,"data_generator_V":0.45242074},{"data_generator_T":1329.0,"data_generator_V":-1.9952234},{"data_generator_T":1332.0,"data_generator_V":-4.7949843},{"data_generator_T":1335.0,"data_generator_V":-8.1324987},{"data_generator_T":1338.0,"data_generator_V":-12.322171},{"data_generator_T":1341.0,"data_generator_V":-17.867334},{"data_generator_T":1344.0,"data_generator_V":-25.402658},{"data_generator_T":1347.0,"data_generator_V":-35.330307},{"data_generator_T":1350.0,"data_generator_V":-46.70599},{"data_generator_T":1353.0,"data_generator_V":-58.022354},{"data_generator_T":1356.0,"data_generator_V":-68.565887},{"data_generator_T":1359.0,"data_generator_V":-76.522552},{"data_generator_T":1362.0,"data_generator_V":-80.579468},{"data_generator_T":1365.0,"data_generator_V":-82.098297},{"data_generator_T":1368.0,"data_generator_V":-82.607056},{"data_generator_T":1371.0,"data_generator_V":-82.785645},{"data_generator_T":1374.0,"data_generator_V":-82.862572},{"data_generator_T":1377.0,"data_generator_V":-82.908516},{"data_generator_T":1380.0,"data_generator_V":-82.944931},{"data_generator_T":1383.0,"data_generator_V":-82.978378},{"data_generator_T":1386.0,"data_generator_V":-83.010887},{"data_generator_T":1389.0,"data_generator_V":-83.043083},{"data_generator_T":1392.0,"data_generator_V":-83.075172},{"data_generator_T":1395.0,"data_generator_V":-83.107201},{"data_generator_T":1398.0,"data_generator_V":-83.139168},{"data_generator_T":1401.0,"data_generator_V":-83.171036},{"data_generator_T":1404.0,"data_generator_V":-83.202789},{"data_generator_T":1407.0,"data_generator_V":-83.234383},{"data_generator_T":1410.0,"data_generator_V":-83.265785},{"data_generator_T":1413.0,"data_generator_V":-83.296974},{"data_generator_T":1416.0,"data_generator_V":-83.327911},{"data_generator_T":1419.0,"data_generator_V":-83.358566},{"data_generator_T":1422.0,"data_generator_V":-83.388924},{"data_generator_T":1425.0,"data_generator_V":-83.418953},{"data_generator_T":1428.0,"data_generator_V":-83.448639},{"data_generator_T":1431.0,"data_generator_V":-83.477966},{"data_generator_T":1434.0,"data_generator_V":-83.50692},{"data_generator_T":1437.0,"data_generator_V":-83.535484},{"data_generator_T":1440.0,"data_generator_V":-83.563644},{"data_generator_T":1443.0,"data_generator_V":-83.591393},{"data_generator_T":1446.0,"data_generator_V":-83.618729},{"data_generator_T":1449.0,"data_generator_V":-83.645638},{"data_generator_T":1452.0,"data_generator_V":43.320621},{"data_generator_T":1455.0,"data_generator_V":44.42688},{"data_generator_T":1458.0,"data_generator_V":42.943184},{"data_generator_T":1461.0,"data_generator_V":39.773304},{"data_generator_T":1464.0,"data_generator_V":36.971241},{"data_generator_T":1467.0,"data_generator_V":34.620697},{"data_generator_T":1470.0,"data_generator_V":32.559784},{"data_generator_T":1473.0,"data_generator_V":30.657274},{"data_generator_T":1476.0,"data_generator_V":28.858177},{"data_generator_T":1479.0,"data_generator_V":27.132879},{"data_generator_T":1482.0,"data_generator_V":25.460684},{"data_generator_T":1485.0,"data_generator_V":23.825325},{"data_generator_T":1488.0,"data_generator_V":22.213568},{"data_generator_T":1491.0,"data_generator_V":20.614485},{"data_generator_T":1494.0,"data_generator_V":19.018883},{"data_generator_T":1497.0,"data_generator_V":17.418774},{"data_generator_T":1500.0,"data_generator_V":15.80685},{"data_generator_T":1503.0,"data_generator_V":14.175935},{"data_generator_T":1506.0,"data_generator_V":12.518332},{"data_generator_T":1509.0,"data_generator_V":10.825053},{"data_generator_T":1512.0,"data_generator_V":9.084815},{"data_generator_T":1515.0,"data_generator_V":7.2827349},{"data_generator_T":1518.0,"data_generator_V":5.3985343},{"data_generator_T":1521.0,"data_generator_V":3.4038548},{"data_generator_T":1524.0,"data_generator_V":1.2579153},{"data_generator_T":1527.0,"data_generator_V":-1.1000835},{"data_generator_T":1530.0,"data_generator_V":-3.7647831},{"data_generator_T":1533.0,"data_generator_V":-6.8909073},{"data_generator_T":1536.0,"data_generator_V":-10.739653},{"data_generator_T":1539.0,"data_generator_V":-15.742464},{"data_generator_T":1542.0,"data_generator_V":-22.504557},{"data_generator_T":1545.0,"data_generator_V":-31.575153},{"data_generator_T":1548.0,"data_generator_V":-42.60778},{"data_generator_T":1551.0,"data_generator_V":-53.982044},{"data_generator_T":1554.0,"data_generator_V":-64.872749},{"data_generator_T":1557.0,"data_generator_V":-74.01844},{"data_generator_T":1560.0,"data_generator_V":-79.448242},{"data_generator_T":1563.0,"data_generator_V":-81.6819},{"data_generator_T":1566.0,"data_generator_V":-82.448265},{"data_generator_T":1569.0,"data_generator_V":-82.708641},{"data_generator_T":1572.0,"data_generator_V":-82.810524},{"data_generator_T":1575.0,"data_generator_V":-82.863922},{"data_generator_T":1578.0,"data_generator_V":-82.902443},{"data_generator_T":1581.0,"data_generator_V":-82.936348},{"data_generator_T":1584.0,"data_generator_V":-82.968803},{"data_generator_T":1587.0,"data_generator_V":-83.000801},{"data_generator_T":1590.0,"data_generator_V":-83.032654},{"data_generator_T":1593.0,"data_generator_V":-83.064438},{"data_generator_T":1596.0,"data_generator_V":-83.096184},{"data_generator_T":1599.0,"data_generator_V":-83.127853},{"data_generator_T":1602.0,"data_generator_V":-83.159424},{"data_generator_T":1605.0,"data_generator_V":-83.190865},{"data_generator_T":1608.0,"data_generator_V":-83.222137},{"data_generator_T":1611.0,"data_generator_V":-83.253204},{"data_generator_T":1614.0,"data_generator_V":-83.28405},{"data_generator_T":1617.0,"data_generator_V":-83.314629},{"data_generator_T":1620.0,"data_generator_V":-83.344925},{"data_generator_T":1623.0,"data_generator_V":-83.374908},{"data_generator_T":1626.0,"data_generator_V":-83.404564},{"data_generator_T":1629.0,"data_generator_V":-83.433876},{"data_generator_T":1632.0,"data_generator_V":-83.462814},{"data_generator_T":1635.0,"data_generator_V":-83.491386},{"data_generator_T":1638.0,"data_generator_V":-83.519562},{"data_generator_T":1641.0,"data_generator_V":-83.54734},{"data_generator_T":1644.0,"data_generator_V":-83.574707},{"data_generator_T":1647.0,"data_generator_V":-83.601654},{"data_generator_T":1650.0,"data_generator_V":-83.628181},{"data_generator_T":1653.0,"data_generator_V":44.777401},{"data_generator_T":1656.0,"data_generator_V":44.356377},{"data_generator_T":1659.0,"data_generator_V":41.799183},{"data_generator_T":1662.0,"data_generator_V":38.599972},{"data_generator_T":1665.0,"data_generator_V":35.907131},{"data_generator_T":1668.0,"data_generator_V":33.643879},{"data_generator_T":1671.0,"data_generator_V":31.626818},{"data_generator_T":1674.0,"data_generator_V":29.75034},{"data_generator_T":1677.0,"data_generator_V":27.968248},{"data_generator_T":1680.0,"data_generator_V":26.253483},{"data_generator_T":1683.0,"data_generator_V":24.586452},{"data_generator_T":1686.0,"data_generator_V":22.951674},{"data_generator_T":1689.0,"data_generator_V":21.336538},{"data_generator_T":1692.0,"data_generator_V":19.730602},{"data_generator_T":1695.0,"data_generator_V":18.124977},{"data_generator_T":1698.0,"data_generator_V":16.511793},{"data_generator_T":1701.0,"data_generator_V":14.883625},{"data_generator_T":1704.0,"data_generator_V":13.232877},{"data_generator_T":1707.0,"data_generator_V":11.551049},{"data_generator_T":1710.0,"data_generator_V":9.8278284},{"data_generator_T":1713.0,"data_generator_V":8.0499144},{"data_generator_T":1716.0,"data_generator_V":6.1994505},{"data_generator_T":1719.0,"data_generator_V":4.2517743},{"data_generator_T":1722.0,"data_generator_V":2.1719053},{"data_generator_T":1725.0,"data_generator_V":-0.091415942},{"data_generator_T":1728.0,"data_generator_V":-2.6163986},{"data_generator_T":1731.0,"data_generator_V":-5.5281682},{"data_generator_T":1734.0,"data_generator_V":-9.0356178},{"data_generator_T":1737.0,"data_generator_V":-13.489674},{"data_generator_T":1740.0,"data_generator_V":-19.428457},{"data_generator_T":1743.0,"data_generator_V":-27.460955},{"data_generator_T":1746.0,"data_generator_V":-37.781849},{"data_generator_T":1749.0,"data_generator_V":-49.114212},{"data_generator_T":1752.0,"data_generator_V":-60.218109},{"data_generator_T":1755.0,"data_generator_V":-70.346786},{"data_generator_T":1758.0,"data_generator_V":-77.515381},{"data_generator_T":1761.0,"data_generator_V":-80.935875},{"data_generator_T":1764.0,"data_generator_V":-82.181091},{"data_generator_T":1767.0,"data_generator_V":-82.59948},{"data_generator_T":1770.0,"data_generator_V":-82.75029},{"data_generator_T":1773.0,"data_generator_V":-82.818497},{"data_generator_T":1776.0,"data_generator_V":-82.861374},{"data_generator_T":1779.0,"data_generator_V":-82.896416},{"data_generator_T":1782.0,"data_generator_V":-82.929016},{"data_generator_T":1785.0,"data_generator_V":-82.960846},{"data_generator_T":1788.0,"data_generator_V":-82.992447},{"data_generator_T":1791.0,"data_generator_V":-83.023979},{"data_generator_T":1794.0,"data_generator_V":-83.055466},{"data_generator_T":1797.0,"data_generator_V":-83.086906},{"data_generator_T":1800.0,"data_generator_V":-83.118271},{"data_generator_T":1803.0,"data_generator_V":-83.149529},{"data_generator_T":1806.0,"data_generator_V":-83.180641},{"data_generator_T":1809.0,"data_generator_V":-83.211578},{"data_generator_T":1812.0,"data_generator_V":-83.242302},{"data_generator_T":1815.0,"data_generator_V":-83.272789},{"data_generator_T":1818.0,"data_generator_V":-83.303009},{"data_generator_T":1821.0,"data_generator_V":-83.332939},{"data_generator_T":1824.0,"data_generator_V":-83.362556},{"data_generator_T":1827.0,"data_generator_V":-83.391838},{"data_generator_T":1830.0,"data_generator_V":-83.420769},{"data_generator_T":1833.0,"data_generator_V":-83.449341},{"data_generator_T":1836.0,"data_generator_V":-83.477531},{"data_generator_T":1839.0,"data_generator_V":-83.505325},{"data_generator_T":1842.0,"data_generator_V":-83.53273},{"data_generator_T":1845.0,"data_generator_V":-83.559715},{"data_generator_T":1848.0,"data_generator_V":-83.586296},{"data_generator_T":1851.0,"data_generator_V":-60.559635},{"data_generator_T":1854.0,"data_generator_V":44.487671},{"data_generator_T":1857.0,"data_generator_V":43.779316},{"data_generator_T":1860.0,"data_generator_V":40.578598},{"data_generator_T":1863.0,"data_generator_V":37.472263},{"data_generator_T":1866.0,"data_generator_V":34.9035},{"data_generator_T":1869.0,"data_generator_V":32.72052},{"data_generator_T":1872.0,"data_generator_V":30.744738},{"data_generator_T":1875.0,"data_generator_V":28.894058},{"data_generator_T":1878.0,"data_generator_V":27.12912},{"data_generator_T":1881.0,"data_generator_V":25.425137},{"data_generator_T":1884.0,"data_generator_V":23.76366},{"data_generator_T":1887.0,"data_generator_V":22.130026},{"data_generator_T":1890.0,"data_generator_V":20.512253},{"data_generator_T":1893.0,"data_generator_V":18.900347},{"data_generator_T":1896.0,"data_generator_V":17.28569},{"data_generator_T":1899.0,"data_generator_V":15.660463},{"data_generator_T":1902.0,"data_generator_V":14.017038},{"data_generator_T":1905.0,"data_generator_V":12.34729},{"data_generator_T":1908.0,"data_generator_V":10.641762},{"data_generator_T":1911.0,"data_generator_V":8.8886232},{"data_generator_T":1914.0,"data_generator_V":7.0722995},{"data_generator_T":1917.0,"data_generator_V":5.1715918},{"data_generator_T":1920.0,"data_generator_V":3.1568565},{"data_generator_T":1923.0,"data_generator_V":0.98541439},{"data_generator_T":1926.0,"data_generator_V":-1.4065071},{"data_generator_T":1929.0,"data_generator_V":-4.1184506},{"data_generator_T":1932.0,"data_generator_V":-7.3134832},{"data_generator_T":1935.0,"data_generator_V":-11.265955},{"data_generator_T":1938.0,"data_generator_V":-16.421595},{"data_generator_T":1941.0,"data_generator_V":-23.378128},{"data_generator_T":1944.0,"data_generator_V":-32.622749},{"data_generator_T":1947.0,"data_generator_V":-43.638515},{"data_generator_T":1950.0,"data_generator_V":-54.857868},{"data_generator_T":1953.0,"data_generator_V":-65.570404},{"data_generator_T":1956.0,"data_generator_V":-74.443222},{"data_generator_T":1959.0,"data_generator_V":-79.601837},{"data_generator_T":1962.0,"data_generator_V":-81.702423},{"data_generator_T":1965.0,"data_generator_V":-82.424179},{"data_generator_T":1968.0,"data_generator_V":-82.671227},{"data_generator_T":1971.0,"data_generator_V":-82.768929},{"data_generator_T":1974.0,"data_generator_V":-82.820663},{"data_generator_T":1977.0,"data_generator_V":-82.858238},{"data_generator_T":1980.0,"data_generator_V":-82.891403},{"data_generator_T":1983.0,"data_generator_V":-82.923195},{"data_generator_T":1986.0,"data_generator_V":-82.954567},{"data_generator_T":1989.0,"data_generator_V":-82.985825},{"data_generator_T":1992.0,"data_generator_V":-83.017044},{"data_generator_T":1995.0,"data_generator_V":-83.048233},{"data_generator_T":1998.0,"data_generator_V":-83.079361},{"data_generator_T":2001.0,"data_generator_V":-83.110413},{"data_generator_T":2004.0,"data_generator_V":-83.14135},{"data_generator_T":2007.0,"data_generator_V":-83.172134},{"data_generator_T":2010.0,"data_generator_V":-83.202728},{"data_generator_T":2013.0,"data_generator_V":-83.233101},{"data_generator_T":2016.0,"data_generator_V":-83.263237},{"data_generator_T":2019.0,"data_generator_V":-83.293098},{"data_generator_T":2022.0,"data_generator_V":-83.322662},{"data_generator_T":2025.0,"data_generator_V":-83.351913},{"data_generator_T":2028.0,"data_generator_V":-83.380821},{"data_generator_T":2031.0,"data_generator_V":-83.409386},{"data_generator_T":2034.0,"data_generator_V":-83.437584},{"data_generator_T":2037.0,"data_generator_V":-83.465401},{"data_generator_T":2040.0,"data_generator_V":-83.492828},{"data_generator_T":2043.0,"data_generator_V":-83.519859},{"data_generator_T":2046.0,"data_generator_V":-83.546478},{"data_generator_T":2049.0,"data_generator_V":-83.572693},{"data_generator_T":2052.0,"data_generator_V":43.557083},{"data_generator_T":2055.0,"data_generator_V":44.440845},{"data_generator_T":2058.0,"data_generator_V":42.765839},{"data_generator_T":2061.0,"data_generator_V":39.339989},{"data_generator_T":2064.0,"data_generator_V":36.363953},{"data_generator_T":2067.0,"data_generator_V":33.913662},{"data_generator_T":2070.0,"data_generator_V":31.796751},{"data_generator_T":2073.0,"data_generator_V":29.858276},{"data_generator_T":2076.0,"data_generator_V":28.032127},{"data_generator_T":2079.0,"data_generator_V":26.283747},{"data_generator_T":2082.0,"data_generator_V":24.590183},{"data_generator_T":2085.0,"data_generator_V":22.934055},{"data_generator_T":2088.0,"data_generator_V":21.301479},{"data_generator_T":2091.0,"data_generator_V":19.681068},{"data_generator_T":2094.0,"data_generator_V":18.063232},{"data_generator_T":2097.0,"data_generator_V":16.439552},{"data_generator_T":2100.0,"data_generator_V":14.802165},{"data_generator_T":2103.0,"data_generator_V":13.143107},{"data_generator_T":2106.0,"data_generator_V":11.453546},{"data_generator_T":2109.0,"data_generator_V":9.7228241},{"data_generator_T":2112.0,"data_generator_V":7.9372702},{"data_generator_T":2115.0,"data_generator_V":6.0785856},{"data_generator_T":2118.0,"data_generator_V":4.1215506},{"data_generator_T":2121.0,"data_generator_V":2.0304413},{"data_generator_T":2124.0,"data_generator_V":-0.2470594},{"data_generator_T":2127.0,"data_generator_V":-2.7907324},{"data_generator_T":2130.0,"data_generator_V":-5.7281466},{"data_generator_T":2133.0,"data_generator_V":-9.2716837},{"data_generator_T":2136.0,"data_generator_V":-13.775249},{"data_generator_T":2139.0,"data_generator_V":-19.771004},{"data_generator_T":2142.0,"data_generator_V":-27.838724},{"data_generator_T":2145.0,"data_generator_V":-38.11385},{"data_generator_T":2148.0,"data_generator_V":-49.309204},{"data_generator_T":2151.0,"data_generator_V":-60.276352},{"data_generator_T":2154.0,"data_generator_V":-70.304932},{"data_generator_T":2157.0,"data_generator_V":-77.43895},{"data_generator_T":2160.0,"data_generator_V":-80.871178},{"data_generator_T":2163.0,"data_generator_V":-82.130714},{"data_generator_T":2166.0,"data_generator_V":-82.556091},{"data_generator_T":2169.0,"data_generator_V":-82.709343},{"data_generator_T":2172.0,"data_generator_V":-82.778015},{"data_generator_T":2175.0,"data_generator_V":-82.82061},{"data_generator_T":2178.0,"data_generator_V":-82.855118},{"data_generator_T":2181.0,"data_generator_V":-82.887115},{"data_generator_T":2184.0,"data_generator_V":-82.918335},{"data_generator_T":2187.0,"data_generator_V":-82.949333},{"data_generator_T":2190.0,"data_generator_V":-82.980278},{"data_generator_T":2193.0,"data_generator_V":-83.0112},{"data_generator_T":2196.0,"data_generator_V":-83.042091},{"data_generator_T":2199.0,"data_generator_V":-83.072929},{"data_generator_T":2202.0,"data_generator_V":-83.103676},{"data_generator_T":2205.0,"data_generator_V":-83.134293},{"data_generator_T":2208.0,"data_generator_V":-83.164749},{"data_generator_T":2211.0,"data_generator_V":-83.195015},{"data_generator_T":2214.0,"data_generator_V":-83.225052},{"data_generator_T":2217.0,"data_generator_V":-83.254837},{"data_generator_T":2220.0,"data_generator_V":-83.284348},{"data_generator_T":2223.0,"data_generator_V":-83.31356},{"data_generator_T":2226.0,"data_generator_V":-83.342453},{"data_generator_T":2229.0,"data_generator_V":-83.37101},{"data_generator_T":2232.0,"data_generator_V":-83.399208},{"data_generator_T":2235.0,"data_generator_V":-83.427048},{"data_generator_T":2238.0,"data_generator_V":-83.454498},{"data_generator_T":2241.0,"data_generator_V":-83.481567},{"data_generator_T":2244.0,"data_generator_V":-83.50824},{"data_generator_T":2247.0,"data_generator_V":-83.534515},{"data_generator_T":2250.0,"data_generator_V":-83.560371},{"data_generator_T":2253.0,"data_generator_V":44.851776},{"data_generator_T":2256.0,"data_generator_V":44.34116},{"data_generator_T":2259.0,"data_generator_V":41.54958},{"data_generator_T":2262.0,"data_generator_V":38.139271},{"data_generator_T":2265.0,"data_generator_V":35.313274},{"data_generator_T":2268.0,"data_generator_V":32.9767},{"data_generator_T":2271.0,"data_generator_V":30.917931},{"data_generator_T":2274.0,"data_generator_V":29.014233},{"data_generator_T":2277.0,"data_generator_V":27.211393},{"data_generator_T":2280.0,"data_generator_V":25.478743},{"data_generator_T":2283.0,"data_generator_V":23.795013},{"data_generator_T":2286.0,"data_generator_V":22.143866},{"data_generator_T":2289.0,"data_generator_V":20.51218},{"data_generator_T":2292.0,"data_generator_V":18.88913},{"data_generator_T":2295.0,"data_generator_V":17.265472},{"data_generator_T":2298.0,"data_generator_V":15.632919},{"data_generator_T":2301.0,"data_generator_V":13.983477},{"data_generator_T":2304.0,"data_generator_V":12.308732},{"data_generator_T":2307.0,"data_generator_V":10.598989},{"data_generator_T":2310.0,"data_generator_V":8.8422108},{"data_generator_T":2313.0,"data_generator_V":7.0226278},{"data_generator_T":2316.0,"data_generator_V":5.1188626},{"data_generator_T":2319.0,"data_generator_V":3.1011076},{"data_generator_T":2322.0,"data_generator_V":0.92655194},{"data_generator_T":2325.0,"data_generator_V":-1.4686198},{"data_generator_T":2328.0,"data_generator_V":-4.1837378},{"data_generator_T":2331.0,"data_generator_V":-7.380959},{"data_generator_T":2334.0,"data_generator_V":-11.331561},{"data_generator_T":2337.0,"data_generator_V":-16.472189},{"data_generator_T":2340.0,"data_generator_V":-23.379766},{"data_generator_T":2343.0,"data_generator_V":-32.515137},{"data_generator_T":2346.0,"data_generator_V":-43.379398},{"data_generator_T":2349.0,"data_generator_V":-54.461891},{"data_generator_T":2352.0,"data_generator_V":-65.091858},{"data_generator_T":2355.0,"data_generator_V":-74.0336},{"data_generator_T":2358.0,"data_generator_V":-79.370575},{"data_generator_T":2361.0,"data_generator_V":-81.591316},{"data_generator_T":2364.0,"data_generator_V":-82.362587},{"data_generator_T":2367.0,"data_generator_V":-82.626541},{"data_generator_T":2370.0,"data_generator_V":-82.729393},{"data_generator_T":2373.0,"data_generator_V":-82.782356},{"data_generator_T":2376.0,"data_generator_V":-82.81987},{"data_generator_T":2379.0,"data_generator_V":-82.852585},{"data_generator_T":2382.0,"data_generator_V":-82.883804},{"data_generator_T":2385.0,"data_generator_V":-82.914589},{"data_generator_T":2388.0,"data_generator_V":-82.945259},{"data_generator_T":2391.0,"data_generator_V":-82.975906},{"data_generator_T":2394.0,"data_generator_V":-83.006546},{"data_generator_T":2397.0,"data_generator_V":-83.037148},{"data_generator_T":2400.0,"data_generator_V":-83.06768},{"data_generator_T":2403.0,"data_generator_V":-83.098122},{"data_generator_T":2406.0,"data_generator_V":-83.128426},{"data_generator_T":2409.0,"data_generator_V":-83.158562},{"data_generator_T":2412.0,"data_generator_V":-83.188492},{"data_generator_T":2415.0,"data_generator_V":-83.218201},{"data_generator_T":2418.0,"data_generator_V":-83.24765},{"data_generator_T":2421.0,"data_generator_V":-83.27681},{"data_generator_T":2424.0,"data_generator_V":-83.305679},{"data_generator_T":2427.0,"data_generator_V":-83.334221},{"data_generator_T":2430.0,"data_generator_V":-83.362427},{"data_generator_T":2433.0,"data_generator_V":-83.390274},{"data_generator_T":2436.0,"data_generator_V":-83.417763},{"data_generator_T":2439.0,"data_generator_V":-83.44487},{"data_generator_T":2442.0,"data_generator_V":-83.471588},{"data_generator_T":2445.0,"data_generator_V":-83.497917},{"data_generator_T":2448.0,"data_generator_V":-83.523834},{"data_generator_T":2451.0,"data_generator_V":-60.241474},{"data_generator_T":2454.0,"data_generator_V":44.533421},{"data_generator_T":2457.0,"data_generator_V":43.71209},{"data_generator_T":2460.0,"data_generator_V":40.279163},{"data_generator_T":2463.0,"data_generator_V":36.993996},{"data_generator_T":2466.0,"data_generator_V":34.31842},{"data_generator_T":2469.0,"data_generator_V":32.078247},{"data_generator_T":2472.0,"data_generator_V":30.069868},{"data_generator_T":2475.0,"data_generator_V":28.197773},{"data_generator_T":2478.0,"data_generator_V":26.416372},{"data_generator_T":2481.0,"data_generator_V":24.698082},{"data_generator_T":2484.0,"data_generator_V":23.023136},{"data_generator_T":2487.0,"data_generator_V":21.376181},{"data_generator_T":2490.0,"data_generator_V":19.74481},{"data_generator_T":2493.0,"data_generator_V":18.11869},{"data_generator_T":2496.0,"data_generator_V":16.488865},{"data_generator_T":2499.0,"data_generator_V":14.84708},{"data_generator_T":2502.0,"data_generator_V":13.185107},{"data_generator_T":2505.0,"data_generator_V":11.493939},{"data_generator_T":2508.0,"data_generator_V":9.7628441},{"data_generator_T":2511.0,"data_generator_V":7.9781604},{"data_generator_T":2514.0,"data_generator_V":6.1217146},{"data_generator_T":2517.0,"data_generator_V":4.1685753},{"data_generator_T":2520.0,"data_generator_V":2.0835712},{"data_generator_T":2523.0,"data_generator_V":-0.1845852},{"data_generator_T":2526.0,"data_generator_V":-2.7137206},{"data_generator_T":2529.0,"data_generator_V":-5.6275768},{"data_generator_T":2532.0,"data_generator_V":-9.1309624},{"data_generator_T":2535.0,"data_generator_V":-13.563278},{"data_generator_T":2538.0,"data_generator_V":-19.434042},{"data_generator_T":2541.0,"data_generator_V":-27.302536},{"data_generator_T":2544.0,"data_generator_V":-37.342445},{"data_generator_T":2547.0,"data_generator_V":-48.382214},{"data_generator_T":2550.0,"data_generator_V":-59.25658},{"data_generator_T":2553.0,"data_generator_V":-69.351021},{"data_generator_T":2556.0,"data_generator_V":-76.829826},{"data_generator_T":2559.0,"data_generator_V":-80.595261},{"data_generator_T":2562.0,"data_generator_V":-82.013268},{"data_generator_T":2565.0,"data_generator_V":-82.495262},{"data_generator_T":2568.0,"data_generator_V":-82.666649},{"data_generator_T":2571.0,"data_generator_V":-82.740669},{"data_generator_T":2574.0,"data_generator_V":-82.784515},{"data_generator_T":2577.0,"data_generator_V":-82.818985},{"data_generator_T":2580.0,"data_generator_V":-82.850548},{"data_generator_T":2583.0,"data_generator_V":-82.881218},{"data_generator_T":2586.0,"data_generator_V":-82.911636},{"data_generator_T":2589.0,"data_generator_V":-82.942017},{"data_generator_T":2592.0,"data_generator_V":-82.972382},{"data_generator_T":2595.0,"data_generator_V":-83.002747},{"data_generator_T":2598.0,"data_generator_V":-83.033066},{"data_generator_T":2601.0,"data_generator_V":-83.063316},{"data_generator_T":2604.0,"data_generator_V":-83.093452},{"data_generator_T":2607.0,"data_generator_V":-83.123451},{"data_generator_T":2610.0,"data_generator_V":-83.153275},{"data_generator_T":2613.0,"data_generator_V":-83.182892},{"data_generator_T":2616.0,"data_generator_V":-83.212273},{"data_generator_T":2619.0,"data_generator_V":-83.241394},{"data_generator_T":2622.0,"data_generator_V":-83.270226},{"data_generator_T":2625.0,"data_generator_V":-83.298752},{"data_generator_T":2628.0,"data_generator_V":-83.326958},{"data_generator_T":2631.0,"data_generator_V":-83.354828},{"data_generator_T":2634.0,"data_generator_V":-83.382339},{"data_generator_T":2637.0,"data_generator_V":-83.409485},{"data_generator_T":2640.0,"data_generator_V":-83.436256},{"data_generator_T":2643.0,"data_generator_V":-83.462639},{"data_generator_T":2646.0,"data_generator_V":-83.488632},{"data_generator_T":2649.0,"data_generator_V":-83.514221},{"data_generator_T":2652.0,"data_generator_V":44.219002},{"data_generator_T":2655.0,"data_generator_V":44.473572},{"data_generator_T":2658.0,"data_generator_V":42.644974},{"data_generator_T":2661.0,"data_generator_V":39.015831},{"data_generator_T":2664.0,"data_generator_V":35.89883},{"data_generator_T":2667.0,"data_generator_V":33.367821},{"data_generator_T":2670.0,"data_generator_V":31.207644},{"data_generator_T":2673.0,"data_generator_V":29.243923},{"data_generator_T":2676.0,"data_generator_V":27.400766},{"data_generator_T":2679.0,"data_generator_V":25.639076},{"data_generator_T":2682.0,"data_generator_V":23.933821},{"data_generator_T":2685.0,"data_generator_V":22.266611},{"data_generator_T":2688.0,"data_generator_V":20.623014},{"data_generator_T":2691.0,"data_generator_V":18.991287},{"data_generator_T":2694.0,"data_generator_V":17.36153},{"data_generator_T":2697.0,"data_generator_V":15.724986},{"data_generator_T":2700.0,"data_generator_V":14.073352},{"data_generator_T":2703.0,"data_generator_V":12.398031},{"data_generator_T":2706.0,"data_generator_V":10.68927},{"data_generator_T":2709.0,"data_generator_V":8.935091},{"data_generator_T":2712.0,"data_generator_V":7.1199446},{"data_generator_T":2715.0,"data_generator_V":5.222868},{"data_generator_T":2718.0,"data_generator_V":3.2147872},{"data_generator_T":2721.0,"data_generator_V":1.0541579},{"data_generator_T":2724.0,"data_generator_V":-1.3205886},{"data_generator_T":2727.0,"data_generator_V":-4.0046325},{"data_generator_T":2730.0,"data_generator_V":-7.1522622},{"data_generator_T":2733.0,"data_generator_V":-11.020048},{"data_generator_T":2736.0,"data_generator_V":-16.020466},{"data_generator_T":2739.0,"data_generator_V":-22.705341},{"data_generator_T":2742.0,"data_generator_V":-31.539469},{"data_generator_T":2745.0,"data_generator_V":-42.169891},{"data_generator_T":2748.0,"data_generator_V":-53.137775},{"data_generator_T":2751.0,"data_generator_V":-63.745209},{"data_generator_T":2754.0,"data_generator_V":-72.970016},{"data_generator_T":2757.0,"data_generator_V":-78.814049},{"data_generator_T":2760.0,"data_generator_V":-81.362946},{"data_generator_T":2763.0,"data_generator_V":-82.265862},{"data_generator_T":2766.0,"data_generator_V":-82.573975},{"data_generator_T":2769.0,"data_generator_V":-82.690567},{"data_generator_T":2772.0,"data_generator_V":-82.747444},{"data_generator_T":2775.0,"data_generator_V":-82.785774},{"data_generator_T":2778.0,"data_generator_V":-82.818321},{"data_generator_T":2781.0,"data_generator_V":-82.849091},{"data_generator_T":2784.0,"data_generator_V":-82.879333},{"data_generator_T":2787.0,"data_generator_V":-82.909447},{"data_generator_T":2790.0,"data_generator_V":-82.939552},{"data_generator_T":2793.0,"data_generator_V":-82.969658},{"data_generator_T":2796.0,"data_generator_V":-82.999756},{"data_generator_T":2799.0,"data_generator_V":-83.029808},{"data_generator_T":2802.0,"data_generator_V":-83.059776},{"data_generator_T":2805.0,"data_generator_V":-83.08963},{"data_generator_T":2808.0,"data_generator_V":-83.119331},{"data_generator_T":2811.0,"data_generator_V":-83.148849},{"data_generator_T":2814.0,"data_generator_V":-83.178162},{"data_generator_T":2817.0,"data_generator_V":-83.207222},{"data_generator_T":2820.0,"data_generator_V":-83.236023},{"data_generator_T":2823.0,"data_generator_V":-83.264542},{"data_generator_T":2826.0,"data_generator_V":-83.292747},{"data_generator_T":2829.0,"data_generator_V":-83.320625},{"data_generator_T":2832.0,"data_generator_V":-83.348167},{"data_generator_T":2835.0,"data_generator_V":-83.375351},{"data_generator_T":2838.0,"data_generator_V":-83.402176},{"data_generator_T":2841.0,"data_generator_V":-83.428619},{"data_generator_T":2844.0,"data_generator_V":-83.454681},{"data_generator_T":2847.0,"data_generator_V":-83.480347},{"data_generator_T":2850.0,"data_generator_V":-83.505623},{"data_generator_T":2853.0,"data_generator_V":44.933262},{"data_generator_T":2856.0,"data_generator_V":44.347366},{"data_generator_T":2859.0,"data_generator_V":41.379936},{"data_generator_T":2862.0,"data_generator_V":37.79488},{"data_generator_T":2865.0,"data_generator_V":34.855057},{"data_generator_T":2868.0,"data_generator_V":32.455776},{"data_generator_T":2871.0,"data_generator_V":30.363125},{"data_generator_T":2874.0,"data_generator_V":28.439222},{"data_generator_T":2877.0,"data_generator_V":26.622437},{"data_generator_T":2880.0,"data_generator_V":24.878668},{"data_generator_T":2883.0,"data_generator_V":23.185055},{"data_generator_T":2886.0,"data_generator_V":21.524464},{"data_generator_T":2889.0,"data_generator_V":19.883324},{"data_generator_T":2892.0,"data_generator_V":18.250484},{"data_generator_T":2895.0,"data_generator_V":16.616413},{"data_generator_T":2898.0,"data_generator_V":14.972469},{"data_generator_T":2901.0,"data_generator_V":13.310187},{"data_generator_T":2904.0,"data_generator_V":11.620472},{"data_generator_T":2907.0,"data_generator_V":9.8926449},{"data_generator_T":2910.0,"data_generator_V":8.113265},{"data_generator_T":2913.0,"data_generator_V":6.2645903},{"data_generator_T":2916.0,"data_generator_V":4.3224292},{"data_generator_T":2919.0,"data_generator_V":2.2528474},{"data_generator_T":2922.0,"data_generator_V":0.0066723651},{"data_generator_T":2925.0,"data_generator_V":-2.4901874},{"data_generator_T":2928.0,"data_generator_V":-5.354558},{"data_generator_T":2931.0,"data_generator_V":-8.7784109},{"data_generator_T":2934.0,"data_generator_V":-13.078692},{"data_generator_T":2937.0,"data_generator_V":-18.735224},{"data_generator_T":2940.0,"data_generator_V":-26.291927},{"data_generator_T":2943.0,"data_generator_V":-35.995445},{"data_generator_T":2946.0,"data_generator_V":-46.863316},{"data_generator_T":2949.0,"data_generator_V":-57.663223},{"data_generator_T":2952.0,"data_generator_V":-67.867218},{"data_generator_T":2955.0,"data_generator_V":-75.85466},{"data_generator_T":2958.0,"data_generator_V":-80.155411},{"data_generator_T":2961.0,"data_generator_V":-81.840309},{"data_generator_T":2964.0,"data_generator_V":-82.419113},{"data_generator_T":2967.0,"data_generator_V":-82.621803},{"data_generator_T":2970.0,"data_generator_V":-82.70536},{"data_generator_T":2973.0,"data_generator_V":-82.751801},{"data_generator_T":2976.0,"data_generator_V":-82.78669},{"data_generator_T":2979.0,"data_generator_V":-82.817986},{"data_generator_T":2982.0,"data_generator_V":-82.848183},{"data_generator_T":2985.0,"data_generator_V":-82.878075},{"data_generator_T":2988.0,"data_generator_V":-82.907921},{"data_generator_T":2991.0,"data_generator_V":-82.937775},{"data_generator_T":2994.0,"data_generator_V":-82.967636},{"data_generator_T":2997.0,"data_generator_V":-82.997475},{"data_generator_T":3000.0,"data_generator_V":-83.027267}]