[{"data_set_value_component_environment_variable_time":0.0,"data_set_value_component_M_variable_M":1.0,"data_set_value_component_Mp_variable_Mp":0.0,"data_set_value_component_AMp_variable_AMp":0.0,"data_set_value_component_AM_variable_AM":0.0,"data_set_value_component_model_parameters_variable_k1":0.06,"data_set_value_component_model_parameters_variable_k2":0.1,"data_set_value_component_model_parameters_variable_k5":0.1,"data_set_value_component_model_parameters_variable_k6":0.06,"data_set_value_component_model_parameters_variable_fp":0.44,"data_set_value_component_model_parameters_variable_gp":0.11,"data_set_value_component_model_parameters_variable_gx":0.11,"data_set_value_component_model_parameters_variable_fp1":0.88,"data_set_value_component_model_parameters_variable_gp1":0.22,"data_set_value_component_model_parameters_variable_g1":0.01,"data_set_value_component_model_parameters_variable_gp3":0.66,"data_set_value_component_model_parameters_variable_g3":0.03,"data_set_value_component_model_parameters_variable_g2":0.2,"data_set_value_component_model_parameters_variable_gp2":4.4},{"data_set_value_component_environment_variable_time":0.1,"data_set_value_component_M_variable_M":0.9657731554,"data_set_value_component_Mp_variable_Mp":0.0334823709,"data_set_value_component_AMp_variable_AMp":0.000741975,"data_set_value_component_AM_variable_AM":0.0000025037,"data_set_value_component_model_parameters_variable_k1":0.35,"data_set_value_component_model_parameters_variable_k2":0.1,"data_set_value_component_model_parameters_variable_k5":0.1,"data_set_value_component_model_parameters_variable_k6":0.35,"data_set_value_component_model_parameters_variable_fp":0.44,"data_set_value_component_model_parameters_variable_gp":0.11,"data_set_value_component_model_parameters_variable_gx":0.11,"data_set_value_component_model_parameters_variable_fp1":0.88,"data_set_value_component_model_parameters_variable_gp1":0.22,"data_set_value_component_model_parameters_variable_g1":0.01,"data_set_value_component_model_parameters_variable_gp3":0.66,"data_set_value_component_model_parameters_variable_g3":0.03,"data_set_value_component_model_parameters_variable_g2":0.2,"data_set_value_component_model_parameters_variable_gp2":4.4},{"data_set_value_component_environment_variable_time":0.2,"data_set_value_component_M_variable_M":0.9330384401,"data_set_value_component_Mp_variable_Mp":0.0640792248,"data_set_value_component_AMp_variable_AMp":0.002863322,"data_set_value_component_AM_variable_AM":0.0000190177,"data_set_value_component_model_parameters_variable_k1":0.35,"data_set_value_component_model_parameters_variable_k2":0.1,"data_set_value_component_model_parameters_variable_k5":0.1,"data_set_value_component_model_parameters_variable_k6":0.35,"data_set_value_component_model_parameters_variable_fp":0.44,"data_set_value_component_model_parameters_variable_gp":0.11,"data_set_value_component_model_parameters_variable_gx":0.11,"data_set_value_component_model_parameters_variable_fp1":0.88,"data_set_value_component_model_parameters_variable_gp1":0.22,"data_set_value_component_model_parameters_variable_g1":0.01,"data_set_value_component_model_parameters_variable_gp3":0.66,"data_set_value_component_model_parameters_variable_g3":0.03,"data_set_value_component_model_parameters_variable_g2":0.2,"data_set_value_component_model_parameters_variable_gp2":4.4},{"data_set_value_component_environment_variable_time":0.3,"data_set_value_component_M_variable_M":0.9017172453,"data_set_value_component_Mp_variable_Mp":0.0920063276,"data_set_value_component_AMp_variable_AMp":0.0062147333,"data_set_value_component_AM_variable_AM":0.0000616931,"data_set_value_component_model_parameters_variable_k1":0.35,"data_set_value_component_model_parameters_variable_k2":0.1,"data_set_value_component_model_parameters_variable_k5":0.1,"data_set_value_component_model_parameters_variable_k6":0.35,"data_set_value_component_model_parameters_variable_fp":0.44,"data_set_value_component_model_parameters_variable_gp":0.11,"data_set_value_component_model_parameters_variable_gx":0.11,"data_set_value_component_model_parameters_variable_fp1":0.88,"data_set_value_component_model_parameters_variable_gp1":0.22,"data_set_value_component_model_parameters_variable_g1":0.01,"data_set_value_component_model_parameters_variable_gp3":0.66,"data_set_value_component_model_parameters_variable_g3":0.03,"data_set_value_component_model_parameters_variable_g2":0.2,"data_set_value_component_model_parameters_variable_gp2":4.4},{"data_set_value_component_environment_variable_time":0.4,"data_set_value_component_M_variable_M":0.8717361066,"data_set_value_component_Mp_variable_Mp":0.1174631827,"data_set_value_component_AMp_variable_AMp":0.0106600317,"data_set_value_component_AM_variable_AM":0.0001406777,"data_set_value_component_model_parameters_variable_k1":0.35,"data_set_value_component_model_parameters_variable_k2":0.1,"data_set_value_component_model_parameters_variable_k5":0.1,"data_set_value_component_model_parameters_variable_k6":0.35,"data_set_value_component_model_parameters_variable_fp":0.44,"data_set_value_component_model_parameters_variable_gp":0.11,"data_set_value_component_model_parameters_variable_gx":0.11,"data_set_value_component_model_parameters_variable_fp1":0.88,"data_set_value_component_model_parameters_variable_gp1":0.22,"data_set_value_component_model_parameters_variable_g1":0.01,"data_set_value_component_model_parameters_variable_gp3":0.66,"data_set_value_component_model_parameters_variable_g3":0.03,"data_set_value_component_model_parameters_variable_g2":0.2,"data_set_value_component_model_parameters_variable_gp2":4.4},{"data_set_value_component_environment_variable_time":0.5,"data_set_value_component_M_variable_M":0.8430259268,"data_set_value_component_Mp_variable_Mp":0.1406354347,"data_set_value_component_AMp_variable_AMp":0.0160741712,"data_set_value_component_AM_variable_AM":0.0002644466,"data_set_value_component_model_parameters_variable_k1":0.35,"data_set_value_component_model_parameters_variable_k2":0.1,"data_set_value_component_model_parameters_variable_k5":0.1,"data_set_value_component_model_parameters_variable_k6":0.35,"data_set_value_component_model_parameters_variable_fp":0.44,"data_set_value_component_model_parameters_variable_gp":0.11,"data_set_value_component_model_parameters_variable_gx":0.11,"data_set_value_component_model_parameters_variable_fp1":0.88,"data_set_value_component_model_parameters_variable_gp1":0.22,"data_set_value_component_model_parameters_variable_g1":0.01,"data_set_value_component_model_parameters_variable_gp3":0.66,"data_set_value_component_model_parameters_variable_g3":0.03,"data_set_value_component_model_parameters_variable_g2":0.2,"data_set_value_component_model_parameters_variable_gp2":4.4},{"data_set_value_component_environment_variable_time":0.6,"data_set_value_component_M_variable_M":0.815521923,"data_set_value_component_Mp_variable_Mp":0.1616951302,"data_set_value_component_AMp_variable_AMp":0.0223430403,"data_set_value_component_AM_variable_AM":0.0004398815,"data_set_value_component_model_parameters_variable_k1":0.35,"data_set_value_component_model_parameters_variable_k2":0.1,"data_set_value_component_model_parameters_variable_k5":0.1,"data_set_value_component_model_parameters_variable_k6":0.35,"data_set_value_component_model_parameters_variable_fp":0.44,"data_set_value_component_model_parameters_variable_gp":0.11,"data_set_value_component_model_parameters_variable_gx":0.11,"data_set_value_component_model_parameters_variable_fp1":0.88,"data_set_value_component_model_parameters_variable_gp1":0.22,"data_set_value_component_model_parameters_variable_g1":0.01,"data_set_value_component_model_parameters_variable_gp3":0.66,"data_set_value_component_model_parameters_variable_g3":0.03,"data_set_value_component_model_parameters_variable_g2":0.2,"data_set_value_component_model_parameters_variable_gp2":4.4},{"data_set_value_component_environment_variable_time":0.7,"data_set_value_component_M_variable_M":0.7891632927,"data_set_value_component_Mp_variable_Mp":0.1808017655,"data_set_value_component_AMp_variable_AMp":0.029362452,"data_set_value_component_AM_variable_AM":0.0006724714,"data_set_value_component_model_parameters_variable_k1":0.35,"data_set_value_component_model_parameters_variable_k2":0.1,"data_set_value_component_model_parameters_variable_k5":0.1,"data_set_value_component_model_parameters_variable_k6":0.35,"data_set_value_component_model_parameters_variable_fp":0.44,"data_set_value_component_model_parameters_variable_gp":0.11,"data_set_value_component_model_parameters_variable_gx":0.11,"data_set_value_component_model_parameters_variable_fp1":0.88,"data_set_value_component_model_parameters_variable_gp1":0.22,"data_set_value_component_model_parameters_variable_g1":0.01,"data_set_value_component_model_parameters_variable_gp3":0.66,"data_set_value_component_model_parameters_variable_g3":0.03,"data_set_value_component_model_parameters_variable_g2":0.2,"data_set_value_component_model_parameters_variable_gp2":4.4},{"data_set_value_component_environment_variable_time":0.8,"data_set_value_component_M_variable_M":0.7638928233,"data_set_value_component_Mp_variable_Mp":0.1981035763,"data_set_value_component_AMp_variable_AMp":0.0370370733,"data_set_value_component_AM_variable_AM":0.0009665117,"data_set_value_component_model_parameters_variable_k1":0.35,"data_set_value_component_model_parameters_variable_k2":0.1,"data_set_value_component_model_parameters_variable_k5":0.1,"data_set_value_component_model_parameters_variable_k6":0.35,"data_set_value_component_model_parameters_variable_fp":0.44,"data_set_value_component_model_parameters_variable_gp":0.11,"data_set_value_component_model_parameters_variable_gx":0.11,"data_set_value_component_model_parameters_variable_fp1":0.88,"data_set_value_component_model_parameters_variable_gp1":0.22,"data_set_value_component_model_parameters_variable_g1":0.01,"data_set_value_component_model_parameters_variable_gp3":0.66,"data_set_value_component_model_parameters_variable_g3":0.03,"data_set_value_component_model_parameters_variable_g2":0.2,"data_set_value_component_model_parameters_variable_gp2":4.4},{"data_set_value_component_environment_variable_time":0.9,"data_set_value_component_M_variable_M":0.7396567143,"data_set_value_component_Mp_variable_Mp":0.2137381481,"data_set_value_component_AMp_variable_AMp":0.0452799113,"data_set_value_component_AM_variable_AM":0.0013252125,"data_set_value_component_model_parameters_variable_k1":0.35,"data_set_value_component_model_parameters_variable_k2":0.1,"data_set_value_component_model_parameters_variable_k5":0.1,"data_set_value_component_model_parameters_variable_k6":0.35,"data_set_value_component_model_parameters_variable_fp":0.44,"data_set_value_component_model_parameters_variable_gp":0.11,"data_set_value_component_model_parameters_variable_gx":0.11,"data_set_value_component_model_parameters_variable_fp1":0.88,"data_set_value_component_model_parameters_variable_gp1":0.22,"data_set_value_component_model_parameters_variable_g1":0.01,"data_set_value_component_model_parameters_variable_gp3":0.66,"data_set_value_component_model_parameters_variable_g3":0.03,"data_set_value_component_model_parameters_variable_g2":0.2,"data_set_value_component_model_parameters_variable_gp2":4.4},{"data_set_value_component_environment_variable_time":1.0,"data_set_value_component_M_variable_M":0.7164043582,"data_set_value_component_Mp_variable_Mp":0.2278331349,"data_set_value_component_AMp_variable_AMp":0.054011683,"data_set_value_component_AM_variable_AM":0.0017508207,"data_set_value_component_model_parameters_variable_k1":0.35,"data_set_value_component_model_parameters_variable_k2":0.1,"data_set_value_component_model_parameters_variable_k5":0.1,"data_set_value_component_model_parameters_variable_k6":0.35,"data_set_value_component_model_parameters_variable_fp":0.44,"data_set_value_component_model_parameters_variable_gp":0.11,"data_set_value_component_model_parameters_variable_gx":0.11,"data_set_value_component_model_parameters_variable_fp1":0.88,"data_set_value_component_model_parameters_variable_gp1":0.22,"data_set_value_component_model_parameters_variable_g1":0.01,"data_set_value_component_model_parameters_variable_gp3":0.66,"data_set_value_component_model_parameters_variable_g3":0.03,"data_set_value_component_model_parameters_variable_g2":0.2,"data_set_value_component_model_parameters_variable_gp2":4.4}]