[{"data_set_value_component_environment_variable_time":0.0,"data_set_value_component_membrane_variable_V":-50.0,"data_set_value_component_membrane_variable_C":0.021,"data_set_value_component_membrane_variable_i_app":0.0,"data_set_value_component_fast_sodium_current_variable_i_Na":-0.0001665374,"data_set_value_component_fast_sodium_current_variable_E_Na":50.0,"data_set_value_component_fast_sodium_current_variable_g_Na":28.0,"data_set_value_component_fast_sodium_current_m_gate_variable_m_infinity":0.0391657228,"data_set_value_component_fast_sodium_current_m_gate_variable_theta_m":-34.0,"data_set_value_component_fast_sodium_current_m_gate_variable_omega_m":-5.0,"data_set_value_component_potassium_current_variable_i_K":0.0000000039,"data_set_value_component_potassium_current_variable_g_K":11.2,"data_set_value_component_potassium_current_variable_E_K":-85.0,"data_set_value_component_potassium_current_n_gate_variable_n":0.01,"data_set_value_component_potassium_current_n_gate_variable_n_infinity":0.0052201257,"data_set_value_component_potassium_current_n_gate_variable_tau_n":1.4412322479,"data_set_value_component_potassium_current_n_gate_variable_tau_n_max":10.0,"data_set_value_component_potassium_current_n_gate_variable_theta_n":-29.0,"data_set_value_component_potassium_current_n_gate_variable_omega_n":-4.0,"data_set_value_component_persistent_sodium_current_variable_i_NaP":-0.0704884891,"data_set_value_component_persistent_sodium_current_variable_g_NaP":2.5,"data_set_value_component_persistent_sodium_current_m_gate_variable_m_infinity":0.3064716918,"data_set_value_component_persistent_sodium_current_m_gate_variable_theta_m":-45.1,"data_set_value_component_persistent_sodium_current_m_gate_variable_omega_m":-6.0,"data_set_value_component_persistent_sodium_current_h_gate_variable_h":0.92,"data_set_value_component_persistent_sodium_current_h_gate_variable_h_infinity":0.3775406688,"data_set_value_component_persistent_sodium_current_h_gate_variable_tau_h":9695.4362914021,"data_set_value_component_persistent_sodium_current_h_gate_variable_tau_h_max":10000.0,"data_set_value_component_persistent_sodium_current_h_gate_variable_theta_h":-53.0,"data_set_value_component_persistent_sodium_current_h_gate_variable_omega_h":6.0,"data_set_value_component_leakage_current_variable_i_leak":0.0165,"data_set_value_component_leakage_current_variable_g_leak":2.2,"data_set_value_component_leakage_current_variable_E_leak":-57.5,"data_set_value_component_tonic_current_variable_i_tonic_e":-0.01,"data_set_value_component_tonic_current_variable_g_tonic_e":0.2,"data_set_value_component_tonic_current_variable_E_syn_e":0.0},{"data_set_value_component_environment_variable_time":0.1,"data_set_value_component_membrane_variable_V":-49.7869135727,"data_set_value_component_membrane_variable_C":0.021,"data_set_value_component_membrane_variable_i_app":0.0,"data_set_value_component_fast_sodium_current_variable_i_Na":-0.0001879427,"data_set_value_component_fast_sodium_current_variable_E_Na":50.0,"data_set_value_component_fast_sodium_current_variable_g_Na":28.0,"data_set_value_component_fast_sodium_current_m_gate_variable_m_infinity":0.0408013622,"data_set_value_component_fast_sodium_current_m_gate_variable_theta_m":-34.0,"data_set_value_component_fast_sodium_current_m_gate_variable_omega_m":-5.0,"data_set_value_component_potassium_current_variable_i_K":0.0000000035,"data_set_value_component_potassium_current_variable_g_K":11.2,"data_set_value_component_potassium_current_variable_E_K":-85.0,"data_set_value_component_potassium_current_n_gate_variable_n":0.0096930192,"data_set_value_component_potassium_current_n_gate_variable_n_infinity":0.0055041783,"data_set_value_component_potassium_current_n_gate_variable_tau_n":1.4797138061,"data_set_value_component_potassium_current_n_gate_variable_tau_n_max":10.0,"data_set_value_component_potassium_current_n_gate_variable_theta_n":-29.0,"data_set_value_component_potassium_current_n_gate_variable_omega_n":-4.0,"data_set_value_component_persistent_sodium_current_variable_i_NaP":-0.0720820993,"data_set_value_component_persistent_sodium_current_variable_g_NaP":2.5,"data_set_value_component_persistent_sodium_current_m_gate_variable_m_infinity":0.3140716003,"data_set_value_component_persistent_sodium_current_m_gate_variable_theta_m":-45.1,"data_set_value_component_persistent_sodium_current_m_gate_variable_omega_m":-6.0,"data_set_value_component_persistent_sodium_current_h_gate_variable_h":0.9199943495,"data_set_value_component_persistent_sodium_current_h_gate_variable_h_infinity":0.3692316617,"data_set_value_component_persistent_sodium_current_h_gate_variable_tau_h":9651.9353849226,"data_set_value_component_persistent_sodium_current_h_gate_variable_tau_h_max":10000.0,"data_set_value_component_persistent_sodium_current_h_gate_variable_theta_h":-53.0,"data_set_value_component_persistent_sodium_current_h_gate_variable_omega_h":6.0,"data_set_value_component_leakage_current_variable_i_leak":0.0169687901,"data_set_value_component_leakage_current_variable_g_leak":2.2,"data_set_value_component_leakage_current_variable_E_leak":-57.5,"data_set_value_component_tonic_current_variable_i_tonic_e":-0.0099573827,"data_set_value_component_tonic_current_variable_g_tonic_e":0.2,"data_set_value_component_tonic_current_variable_E_syn_e":0.0},{"data_set_value_component_environment_variable_time":0.2,"data_set_value_component_membrane_variable_V":-49.5680542327,"data_set_value_component_membrane_variable_C":0.021,"data_set_value_component_membrane_variable_i_app":0.0,"data_set_value_component_fast_sodium_current_variable_i_Na":-0.0002127352,"data_set_value_component_fast_sodium_current_variable_E_Na":50.0,"data_set_value_component_fast_sodium_current_variable_g_Na":28.0,"data_set_value_component_fast_sodium_current_m_gate_variable_m_infinity":0.0425492992,"data_set_value_component_fast_sodium_current_m_gate_variable_theta_m":-34.0,"data_set_value_component_fast_sodium_current_m_gate_variable_omega_m":-5.0,"data_set_value_component_potassium_current_variable_i_K":0.0000000031,"data_set_value_component_potassium_current_variable_g_K":11.2,"data_set_value_component_potassium_current_variable_E_K":-85.0,"data_set_value_component_potassium_current_n_gate_variable_n":0.0094326238,"data_set_value_component_potassium_current_n_gate_variable_n_infinity":0.0058119308,"data_set_value_component_potassium_current_n_gate_variable_tau_n":1.5202831626,"data_set_value_component_potassium_current_n_gate_variable_tau_n_max":10.0,"data_set_value_component_potassium_current_n_gate_variable_theta_n":-29.0,"data_set_value_component_potassium_current_n_gate_variable_omega_n":-4.0,"data_set_value_component_persistent_sodium_current_variable_i_NaP":-0.0737351884,"data_set_value_component_persistent_sodium_current_variable_g_NaP":2.5,"data_set_value_component_persistent_sodium_current_m_gate_variable_m_infinity":0.321982543,"data_set_value_component_persistent_sodium_current_m_gate_variable_theta_m":-45.1,"data_set_value_component_persistent_sodium_current_m_gate_variable_omega_m":-6.0,"data_set_value_component_persistent_sodium_current_h_gate_variable_h":0.9199885855,"data_set_value_component_persistent_sodium_current_h_gate_variable_h_infinity":0.360777548,"data_set_value_component_persistent_sodium_current_h_gate_variable_tau_h":9604.522036053,"data_set_value_component_persistent_sodium_current_h_gate_variable_tau_h_max":10000.0,"data_set_value_component_persistent_sodium_current_h_gate_variable_theta_h":-53.0,"data_set_value_component_persistent_sodium_current_h_gate_variable_omega_h":6.0,"data_set_value_component_leakage_current_variable_i_leak":0.0174502807,"data_set_value_component_leakage_current_variable_g_leak":2.2,"data_set_value_component_leakage_current_variable_E_leak":-57.5,"data_set_value_component_tonic_current_variable_i_tonic_e":-0.0099136108,"data_set_value_component_tonic_current_variable_g_tonic_e":0.2,"data_set_value_component_tonic_current_variable_E_syn_e":0.0},{"data_set_value_component_environment_variable_time":0.3,"data_set_value_component_membrane_variable_V":-49.3431660003,"data_set_value_component_membrane_variable_C":0.021,"data_set_value_component_membrane_variable_i_app":0.0,"data_set_value_component_fast_sodium_current_variable_i_Na":-0.000241549,"data_set_value_component_fast_sodium_current_variable_E_Na":50.0,"data_set_value_component_fast_sodium_current_variable_g_Na":28.0,"data_set_value_component_fast_sodium_current_m_gate_variable_m_infinity":0.0444198076,"data_set_value_component_fast_sodium_current_m_gate_variable_theta_m":-34.0,"data_set_value_component_fast_sodium_current_m_gate_variable_omega_m":-5.0,"data_set_value_component_potassium_current_variable_i_K":0.0000000029,"data_set_value_component_potassium_current_variable_g_K":11.2,"data_set_value_component_potassium_current_variable_E_K":-85.0,"data_set_value_component_potassium_current_n_gate_variable_n":0.0092156134,"data_set_value_component_potassium_current_n_gate_variable_n_infinity":0.0061459838,"data_set_value_component_potassium_current_n_gate_variable_tau_n":1.5631008542,"data_set_value_component_potassium_current_n_gate_variable_tau_n_max":10.0,"data_set_value_component_potassium_current_n_gate_variable_theta_n":-29.0,"data_set_value_component_potassium_current_n_gate_variable_omega_n":-4.0,"data_set_value_component_persistent_sodium_current_variable_i_NaP":-0.0754501032,"data_set_value_component_persistent_sodium_current_variable_g_NaP":2.5,"data_set_value_component_persistent_sodium_current_m_gate_variable_m_infinity":0.3302190861,"data_set_value_component_persistent_sodium_current_m_gate_variable_theta_m":-45.1,"data_set_value_component_persistent_sodium_current_m_gate_variable_omega_m":-6.0,"data_set_value_component_persistent_sodium_current_h_gate_variable_h":0.9199827029,"data_set_value_component_persistent_sodium_current_h_gate_variable_h_infinity":0.3521795752,"data_set_value_component_persistent_sodium_current_h_gate_variable_tau_h":9552.9916156004,"data_set_value_component_persistent_sodium_current_h_gate_variable_tau_h_max":10000.0,"data_set_value_component_persistent_sodium_current_h_gate_variable_theta_h":-53.0,"data_set_value_component_persistent_sodium_current_h_gate_variable_omega_h":6.0,"data_set_value_component_leakage_current_variable_i_leak":0.0179450348,"data_set_value_component_leakage_current_variable_g_leak":2.2,"data_set_value_component_leakage_current_variable_E_leak":-57.5,"data_set_value_component_tonic_current_variable_i_tonic_e":-0.0098686332,"data_set_value_component_tonic_current_variable_g_tonic_e":0.2,"data_set_value_component_tonic_current_variable_E_syn_e":0.0},{"data_set_value_component_environment_variable_time":0.4,"data_set_value_component_membrane_variable_V":-49.1119827233,"data_set_value_component_membrane_variable_C":0.021,"data_set_value_component_membrane_variable_i_app":0.0,"data_set_value_component_fast_sodium_current_variable_i_Na":-0.000275154,"data_set_value_component_fast_sodium_current_variable_E_Na":50.0,"data_set_value_component_fast_sodium_current_variable_g_Na":28.0,"data_set_value_component_fast_sodium_current_m_gate_variable_m_infinity":0.0464242664,"data_set_value_component_fast_sodium_current_m_gate_variable_theta_m":-34.0,"data_set_value_component_fast_sodium_current_m_gate_variable_omega_m":-5.0,"data_set_value_component_potassium_current_variable_i_K":0.0000000027,"data_set_value_component_potassium_current_variable_g_K":11.2,"data_set_value_component_potassium_current_variable_E_K":-85.0,"data_set_value_component_potassium_current_n_gate_variable_n":0.0090390337,"data_set_value_component_potassium_current_n_gate_variable_n_infinity":0.0065092812,"data_set_value_component_potassium_current_n_gate_variable_tau_n":1.6083420635,"data_set_value_component_potassium_current_n_gate_variable_tau_n_max":10.0,"data_set_value_component_potassium_current_n_gate_variable_theta_n":-29.0,"data_set_value_component_potassium_current_n_gate_variable_omega_n":-4.0,"data_set_value_component_persistent_sodium_current_variable_i_NaP":-0.0772291774,"data_set_value_component_persistent_sodium_current_variable_g_NaP":2.5,"data_set_value_component_persistent_sodium_current_m_gate_variable_m_infinity":0.3387961057,"data_set_value_component_persistent_sodium_current_m_gate_variable_theta_m":-45.1,"data_set_value_component_persistent_sodium_current_m_gate_variable_omega_m":-6.0,"data_set_value_component_persistent_sodium_current_h_gate_variable_h":0.9199766962,"data_set_value_component_persistent_sodium_current_h_gate_variable_h_infinity":0.3434397249,"data_set_value_component_persistent_sodium_current_h_gate_variable_tau_h":9497.1338888797,"data_set_value_component_persistent_sodium_current_h_gate_variable_tau_h_max":10000.0,"data_set_value_component_persistent_sodium_current_h_gate_variable_theta_h":-53.0,"data_set_value_component_persistent_sodium_current_h_gate_variable_omega_h":6.0,"data_set_value_component_leakage_current_variable_i_leak":0.018453638,"data_set_value_component_leakage_current_variable_g_leak":2.2,"data_set_value_component_leakage_current_variable_E_leak":-57.5,"data_set_value_component_tonic_current_variable_i_tonic_e":-0.0098223965,"data_set_value_component_tonic_current_variable_g_tonic_e":0.2,"data_set_value_component_tonic_current_variable_E_syn_e":0.0},{"data_set_value_component_environment_variable_time":0.5,"data_set_value_component_membrane_variable_V":-48.8742295224,"data_set_value_component_membrane_variable_C":0.021,"data_set_value_component_membrane_variable_i_app":0.0,"data_set_value_component_fast_sodium_current_variable_i_Na":-0.0003144881,"data_set_value_component_fast_sodium_current_variable_E_Na":50.0,"data_set_value_component_fast_sodium_current_variable_g_Na":28.0,"data_set_value_component_fast_sodium_current_m_gate_variable_m_infinity":0.0485752755,"data_set_value_component_fast_sodium_current_m_gate_variable_theta_m":-34.0,"data_set_value_component_fast_sodium_current_m_gate_variable_omega_m":-5.0,"data_set_value_component_potassium_current_variable_i_K":0.0000000025,"data_set_value_component_potassium_current_variable_g_K":11.2,"data_set_value_component_potassium_current_variable_E_K":-85.0,"data_set_value_component_potassium_current_n_gate_variable_n":0.0089003719,"data_set_value_component_potassium_current_n_gate_variable_n_infinity":0.0069051588,"data_set_value_component_potassium_current_n_gate_variable_tau_n":1.6561977672,"data_set_value_component_potassium_current_n_gate_variable_tau_n_max":10.0,"data_set_value_component_potassium_current_n_gate_variable_theta_n":-29.0,"data_set_value_component_potassium_current_n_gate_variable_omega_n":-4.0,"data_set_value_component_persistent_sodium_current_variable_i_NaP":-0.0790746933,"data_set_value_component_persistent_sodium_current_variable_g_NaP":2.5,"data_set_value_component_persistent_sodium_current_m_gate_variable_m_infinity":0.3477286428,"data_set_value_component_persistent_sodium_current_m_gate_variable_theta_m":-45.1,"data_set_value_component_persistent_sodium_current_m_gate_variable_omega_m":-6.0,"data_set_value_component_persistent_sodium_current_h_gate_variable_h":0.9199705596,"data_set_value_component_persistent_sodium_current_h_gate_variable_h_infinity":0.3345608521,"data_set_value_component_persistent_sodium_current_h_gate_variable_tau_h":9436.7343575705,"data_set_value_component_persistent_sodium_current_h_gate_variable_tau_h_max":10000.0,"data_set_value_component_persistent_sodium_current_h_gate_variable_theta_h":-53.0,"data_set_value_component_persistent_sodium_current_h_gate_variable_omega_h":6.0,"data_set_value_component_leakage_current_variable_i_leak":0.0189766951,"data_set_value_component_leakage_current_variable_g_leak":2.2,"data_set_value_component_leakage_current_variable_E_leak":-57.5,"data_set_value_component_tonic_current_variable_i_tonic_e":-0.0097748459,"data_set_value_component_tonic_current_variable_g_tonic_e":0.2,"data_set_value_component_tonic_current_variable_E_syn_e":0.0},{"data_set_value_component_environment_variable_time":0.6,"data_set_value_component_membrane_variable_V":-48.6296184461,"data_set_value_component_membrane_variable_C":0.021,"data_set_value_component_membrane_variable_i_app":0.0,"data_set_value_component_fast_sodium_current_variable_i_Na":-0.0003606984,"data_set_value_component_fast_sodium_current_variable_E_Na":50.0,"data_set_value_component_fast_sodium_current_variable_g_Na":28.0,"data_set_value_component_fast_sodium_current_m_gate_variable_m_infinity":0.05088684,"data_set_value_component_fast_sodium_current_m_gate_variable_theta_m":-34.0,"data_set_value_component_fast_sodium_current_m_gate_variable_omega_m":-5.0,"data_set_value_component_potassium_current_variable_i_K":0.0000000024,"data_set_value_component_potassium_current_variable_g_K":11.2,"data_set_value_component_potassium_current_variable_E_K":-85.0,"data_set_value_component_potassium_current_n_gate_variable_n":0.0087975567,"data_set_value_component_potassium_current_n_gate_variable_n_infinity":0.0073374121,"data_set_value_component_potassium_current_n_gate_variable_tau_n":1.706877204,"data_set_value_component_potassium_current_n_gate_variable_tau_n_max":10.0,"data_set_value_component_potassium_current_n_gate_variable_theta_n":-29.0,"data_set_value_component_potassium_current_n_gate_variable_omega_n":-4.0,"data_set_value_component_persistent_sodium_current_variable_i_NaP":-0.0809888845,"data_set_value_component_persistent_sodium_current_variable_g_NaP":2.5,"data_set_value_component_persistent_sodium_current_m_gate_variable_m_infinity":0.3570319545,"data_set_value_component_persistent_sodium_current_m_gate_variable_theta_m":-45.1,"data_set_value_component_persistent_sodium_current_m_gate_variable_omega_m":-6.0,"data_set_value_component_persistent_sodium_current_h_gate_variable_h":0.9199642869,"data_set_value_component_persistent_sodium_current_h_gate_variable_h_infinity":0.3255466096,"data_set_value_component_persistent_sodium_current_h_gate_variable_tau_h":9371.5743516373,"data_set_value_component_persistent_sodium_current_h_gate_variable_tau_h_max":10000.0,"data_set_value_component_persistent_sodium_current_h_gate_variable_theta_h":-53.0,"data_set_value_component_persistent_sodium_current_h_gate_variable_omega_h":6.0,"data_set_value_component_leakage_current_variable_i_leak":0.0195148394,"data_set_value_component_leakage_current_variable_g_leak":2.2,"data_set_value_component_leakage_current_variable_E_leak":-57.5,"data_set_value_component_tonic_current_variable_i_tonic_e":-0.0097259237,"data_set_value_component_tonic_current_variable_g_tonic_e":0.2,"data_set_value_component_tonic_current_variable_E_syn_e":0.0},{"data_set_value_component_environment_variable_time":0.7,"data_set_value_component_membrane_variable_V":-48.3778481644,"data_set_value_component_membrane_variable_C":0.021,"data_set_value_component_membrane_variable_i_app":0.0,"data_set_value_component_fast_sodium_current_variable_i_Na":-0.0004151932,"data_set_value_component_fast_sodium_current_variable_E_Na":50.0,"data_set_value_component_fast_sodium_current_variable_g_Na":28.0,"data_set_value_component_fast_sodium_current_m_gate_variable_m_infinity":0.0533745414,"data_set_value_component_fast_sodium_current_m_gate_variable_theta_m":-34.0,"data_set_value_component_fast_sodium_current_m_gate_variable_omega_m":-5.0,"data_set_value_component_potassium_current_variable_i_K":0.0000000024,"data_set_value_component_potassium_current_variable_g_K":11.2,"data_set_value_component_potassium_current_variable_E_K":-85.0,"data_set_value_component_potassium_current_n_gate_variable_n":0.008728869,"data_set_value_component_potassium_current_n_gate_variable_n_infinity":0.007810369,"data_set_value_component_potassium_current_n_gate_variable_tau_n":1.7606097947,"data_set_value_component_potassium_current_n_gate_variable_tau_n_max":10.0,"data_set_value_component_potassium_current_n_gate_variable_theta_n":-29.0,"data_set_value_component_potassium_current_n_gate_variable_omega_n":-4.0,"data_set_value_component_persistent_sodium_current_variable_i_NaP":-0.082973903,"data_set_value_component_persistent_sodium_current_variable_g_NaP":2.5,"data_set_value_component_persistent_sodium_current_m_gate_variable_m_infinity":0.3667213983,"data_set_value_component_persistent_sodium_current_m_gate_variable_theta_m":-45.1,"data_set_value_component_persistent_sodium_current_m_gate_variable_omega_m":-6.0,"data_set_value_component_persistent_sodium_current_h_gate_variable_h":0.9199578716,"data_set_value_component_persistent_sodium_current_h_gate_variable_h_infinity":0.3164015305,"data_set_value_component_persistent_sodium_current_h_gate_variable_tau_h":9301.4321907071,"data_set_value_component_persistent_sodium_current_h_gate_variable_tau_h_max":10000.0,"data_set_value_component_persistent_sodium_current_h_gate_variable_theta_h":-53.0,"data_set_value_component_persistent_sodium_current_h_gate_variable_omega_h":6.0,"data_set_value_component_leakage_current_variable_i_leak":0.020068734,"data_set_value_component_leakage_current_variable_g_leak":2.2,"data_set_value_component_leakage_current_variable_E_leak":-57.5,"data_set_value_component_tonic_current_variable_i_tonic_e":-0.0096755696,"data_set_value_component_tonic_current_variable_g_tonic_e":0.2,"data_set_value_component_tonic_current_variable_E_syn_e":0.0},{"data_set_value_component_environment_variable_time":0.8,"data_set_value_component_membrane_variable_V":-48.1186033154,"data_set_value_component_membrane_variable_C":0.021,"data_set_value_component_membrane_variable_i_app":0.0,"data_set_value_component_fast_sodium_current_variable_i_Na":-0.0004797089,"data_set_value_component_fast_sodium_current_variable_E_Na":50.0,"data_set_value_component_fast_sodium_current_variable_g_Na":28.0,"data_set_value_component_fast_sodium_current_m_gate_variable_m_infinity":0.0560557348,"data_set_value_component_fast_sodium_current_m_gate_variable_theta_m":-34.0,"data_set_value_component_fast_sodium_current_m_gate_variable_omega_m":-5.0,"data_set_value_component_potassium_current_variable_i_K":0.0000000024,"data_set_value_component_potassium_current_variable_g_K":11.2,"data_set_value_component_potassium_current_variable_E_K":-85.0,"data_set_value_component_potassium_current_n_gate_variable_n":0.0086929069,"data_set_value_component_potassium_current_n_gate_variable_n_infinity":0.0083289766,"data_set_value_component_potassium_current_n_gate_variable_tau_n":1.817647355,"data_set_value_component_potassium_current_n_gate_variable_tau_n_max":10.0,"data_set_value_component_potassium_current_n_gate_variable_theta_n":-29.0,"data_set_value_component_potassium_current_n_gate_variable_omega_n":-4.0,"data_set_value_component_persistent_sodium_current_variable_i_NaP":-0.0850317824,"data_set_value_component_persistent_sodium_current_variable_g_NaP":2.5,"data_set_value_component_persistent_sodium_current_m_gate_variable_m_infinity":0.3768123046,"data_set_value_component_persistent_sodium_current_m_gate_variable_theta_m":-45.1,"data_set_value_component_persistent_sodium_current_m_gate_variable_omega_m":-6.0,"data_set_value_component_persistent_sodium_current_h_gate_variable_h":0.9199513066,"data_set_value_component_persistent_sodium_current_h_gate_variable_h_infinity":0.3071310995,"data_set_value_component_persistent_sodium_current_h_gate_variable_tau_h":9226.084482657,"data_set_value_component_persistent_sodium_current_h_gate_variable_tau_h_max":10000.0,"data_set_value_component_persistent_sodium_current_h_gate_variable_theta_h":-53.0,"data_set_value_component_persistent_sodium_current_h_gate_variable_omega_h":6.0,"data_set_value_component_leakage_current_variable_i_leak":0.0206390727,"data_set_value_component_leakage_current_variable_g_leak":2.2,"data_set_value_component_leakage_current_variable_E_leak":-57.5,"data_set_value_component_tonic_current_variable_i_tonic_e":-0.0096237207,"data_set_value_component_tonic_current_variable_g_tonic_e":0.2,"data_set_value_component_tonic_current_variable_E_syn_e":0.0},{"data_set_value_component_environment_variable_time":0.9,"data_set_value_component_membrane_variable_V":-47.8515531712,"data_set_value_component_membrane_variable_C":0.021,"data_set_value_component_membrane_variable_i_app":0.0,"data_set_value_component_fast_sodium_current_variable_i_Na":-0.000556394,"data_set_value_component_fast_sodium_current_variable_E_Na":50.0,"data_set_value_component_fast_sodium_current_variable_g_Na":28.0,"data_set_value_component_fast_sodium_current_m_gate_variable_m_infinity":0.0589497788,"data_set_value_component_fast_sodium_current_m_gate_variable_theta_m":-34.0,"data_set_value_component_fast_sodium_current_m_gate_variable_omega_m":-5.0,"data_set_value_component_potassium_current_variable_i_K":0.0000000024,"data_set_value_component_potassium_current_variable_g_K":11.2,"data_set_value_component_potassium_current_variable_E_K":-85.0,"data_set_value_component_potassium_current_n_gate_variable_n":0.0086885779,"data_set_value_component_potassium_current_n_gate_variable_n_infinity":0.0088989051,"data_set_value_component_potassium_current_n_gate_variable_tau_n":1.8782667128,"data_set_value_component_potassium_current_n_gate_variable_tau_n_max":10.0,"data_set_value_component_potassium_current_n_gate_variable_theta_n":-29.0,"data_set_value_component_potassium_current_n_gate_variable_omega_n":-4.0,"data_set_value_component_persistent_sodium_current_variable_i_NaP":-0.0871644013,"data_set_value_component_persistent_sodium_current_variable_g_NaP":2.5,"data_set_value_component_persistent_sodium_current_m_gate_variable_m_infinity":0.3873198474,"data_set_value_component_persistent_sodium_current_m_gate_variable_theta_m":-45.1,"data_set_value_component_persistent_sodium_current_m_gate_variable_omega_m":-6.0,"data_set_value_component_persistent_sodium_current_h_gate_variable_h":0.9199445844,"data_set_value_component_persistent_sodium_current_h_gate_variable_h_infinity":0.2977418007,"data_set_value_component_persistent_sodium_current_h_gate_variable_tau_h":9145.3074482154,"data_set_value_component_persistent_sodium_current_h_gate_variable_tau_h_max":10000.0,"data_set_value_component_persistent_sodium_current_h_gate_variable_theta_h":-53.0,"data_set_value_component_persistent_sodium_current_h_gate_variable_omega_h":6.0,"data_set_value_component_leakage_current_variable_i_leak":0.021226583,"data_set_value_component_leakage_current_variable_g_leak":2.2,"data_set_value_component_leakage_current_variable_E_leak":-57.5,"data_set_value_component_tonic_current_variable_i_tonic_e":-0.0095703106,"data_set_value_component_tonic_current_variable_g_tonic_e":0.2,"data_set_value_component_tonic_current_variable_E_syn_e":0.0},{"data_set_value_component_environment_variable_time":1.0,"data_set_value_component_membrane_variable_V":-47.5763498092,"data_set_value_component_membrane_variable_C":0.021,"data_set_value_component_membrane_variable_i_app":0.0,"data_set_value_component_fast_sodium_current_variable_i_Na":-0.0006479188,"data_set_value_component_fast_sodium_current_variable_E_Na":50.0,"data_set_value_component_fast_sodium_current_variable_g_Na":28.0,"data_set_value_component_fast_sodium_current_m_gate_variable_m_infinity":0.062078301,"data_set_value_component_fast_sodium_current_m_gate_variable_theta_m":-34.0,"data_set_value_component_fast_sodium_current_m_gate_variable_omega_m":-5.0,"data_set_value_component_potassium_current_variable_i_K":0.0000000024,"data_set_value_component_potassium_current_variable_g_K":11.2,"data_set_value_component_potassium_current_variable_E_K":-85.0,"data_set_value_component_potassium_current_n_gate_variable_n":0.0087151005,"data_set_value_component_potassium_current_n_gate_variable_n_infinity":0.0095266724,"data_set_value_component_potassium_current_n_gate_variable_tau_n":1.9427727514,"data_set_value_component_potassium_current_n_gate_variable_tau_n_max":10.0,"data_set_value_component_potassium_current_n_gate_variable_theta_n":-29.0,"data_set_value_component_potassium_current_n_gate_variable_omega_n":-4.0,"data_set_value_component_persistent_sodium_current_variable_i_NaP":-0.0893734427,"data_set_value_component_persistent_sodium_current_variable_g_NaP":2.5,"data_set_value_component_persistent_sodium_current_m_gate_variable_m_infinity":0.3982589052,"data_set_value_component_persistent_sodium_current_m_gate_variable_theta_m":-45.1,"data_set_value_component_persistent_sodium_current_m_gate_variable_omega_m":-6.0,"data_set_value_component_persistent_sodium_current_h_gate_variable_h":0.9199376967,"data_set_value_component_persistent_sodium_current_h_gate_variable_h_infinity":0.2882411511,"data_set_value_component_persistent_sodium_current_h_gate_variable_tau_h":9058.8782955176,"data_set_value_component_persistent_sodium_current_h_gate_variable_tau_h_max":10000.0,"data_set_value_component_persistent_sodium_current_h_gate_variable_theta_h":-53.0,"data_set_value_component_persistent_sodium_current_h_gate_variable_omega_h":6.0,"data_set_value_component_leakage_current_variable_i_leak":0.0218320304,"data_set_value_component_leakage_current_variable_g_leak":2.2,"data_set_value_component_leakage_current_variable_E_leak":-57.5,"data_set_value_component_tonic_current_variable_i_tonic_e":-0.00951527,"data_set_value_component_tonic_current_variable_g_tonic_e":0.2,"data_set_value_component_tonic_current_variable_E_syn_e":0.0}]