[{"data_set_value_component_environment_variable_time":0.0,"data_set_value_component_differentials_variable_A":0.0,"data_set_value_component_differentials_variable_G":0.0,"data_set_value_component_differentials_variable_GA":0.0,"data_set_value_component_differentials_variable_T":0.000468,"data_set_value_component_differentials_variable_R":0.000001,"data_set_value_component_differentials_variable_GT":0.0,"data_set_value_component_differentials_variable_GD":0.00000001,"data_set_value_component_differentials_variable_Pi_":0.0044,"data_set_value_component_differentials_variable_D":0.000149,"data_set_value_component_differentials_variable_RG":0.0,"data_set_value_component_differentials_variable_RGT":0.0,"data_set_value_component_differentials_variable_GAT":0.0,"data_set_value_component_differentials_variable_GAD":0.0,"data_set_value_component_differentials_variable_RGD":0.0,"data_set_value_component_differentials_variable_RGA":0.0,"data_set_value_component_differentials_variable_RGAT":0.0,"data_set_value_component_differentials_variable_RGAD":0.0,"data_set_value_component_output_variable_Z":0.0,"data_set_value_component_output_variable_v":0.0,"data_set_value_component_output_variable_G_tot":0.00000001,"data_set_value_component_A1_variable_A1":0.0,"data_set_value_component_A1_variable_k1":8780000.0,"data_set_value_component_A1_variable_k2":8.0,"data_set_value_component_T1_variable_T1":0.0,"data_set_value_component_T1_variable_k1":529000.0,"data_set_value_component_T1_variable_k2":0.00000838,"data_set_value_component_R1_variable_R1":0.0,"data_set_value_component_R1_variable_k1":636000000.0,"data_set_value_component_R1_variable_k2":0.0179,"data_set_value_component_P1_variable_P1":-3.9732e-17,"data_set_value_component_P1_variable_k1":0.013,"data_set_value_component_P1_variable_k2":0.000000903,"data_set_value_component_D1_variable_D1":0.0,"data_set_value_component_D1_variable_k1":0.0001,"data_set_value_component_D1_variable_k2":62.3,"data_set_value_component_T3_variable_T3":0.0,"data_set_value_component_T3_variable_k1":853000.0,"data_set_value_component_T3_variable_k2":0.00468,"data_set_value_component_R2_variable_R2":0.0,"data_set_value_component_R2_variable_k1":132000000.0,"data_set_value_component_R2_variable_k2":1.28,"data_set_value_component_A2_variable_A2":0.0,"data_set_value_component_A2_variable_k1":386000.0,"data_set_value_component_A2_variable_k2":0.0408,"data_set_value_component_A3_variable_A3":0.0,"data_set_value_component_A3_variable_k1":64100.0,"data_set_value_component_A3_variable_k2":0.95,"data_set_value_component_R3_variable_R3":0.000000947,"data_set_value_component_R3_variable_k1":94700000.0,"data_set_value_component_R3_variable_k2":0.00227,"data_set_value_component_P3_variable_P3":0.0,"data_set_value_component_P3_variable_k1":0.013,"data_set_value_component_P3_variable_k2":0.0000000022,"data_set_value_component_D3_variable_D3":0.0,"data_set_value_component_D3_variable_k1":2.0,"data_set_value_component_D3_variable_k2":1470000.0,"data_set_value_component_T2_variable_T2":0.0,"data_set_value_component_T2_variable_k1":44700.0,"data_set_value_component_T2_variable_k2":0.0000000832,"data_set_value_component_P2_variable_P2":0.0,"data_set_value_component_P2_variable_k1":25.0,"data_set_value_component_P2_variable_k2":0.244,"data_set_value_component_D2_variable_D2":0.0,"data_set_value_component_D2_variable_k1":0.0001,"data_set_value_component_D2_variable_k2":3.83,"data_set_value_component_A4_variable_A4":0.0,"data_set_value_component_A4_variable_k1":74300.0,"data_set_value_component_A4_variable_k2":0.00572,"data_set_value_component_R4_variable_R4":0.0,"data_set_value_component_R4_variable_k1":22800000.0,"data_set_value_component_R4_variable_k2":0.0000543,"data_set_value_component_T4_variable_T4":0.0,"data_set_value_component_T4_variable_k1":1620000.0,"data_set_value_component_T4_variable_k2":0.00875,"data_set_value_component_R5_variable_R5":0.0,"data_set_value_component_R5_variable_k1":6200000.0,"data_set_value_component_R5_variable_k2":0.0433,"data_set_value_component_A5_variable_A5":0.0,"data_set_value_component_A5_variable_k1":6300000.0,"data_set_value_component_A5_variable_k2":0.478,"data_set_value_component_P4_variable_P4":0.0,"data_set_value_component_P4_variable_k1":25.0,"data_set_value_component_P4_variable_k2":0.00297,"data_set_value_component_A6_variable_A6":0.0,"data_set_value_component_A6_variable_k1":13000.0,"data_set_value_component_A6_variable_k2":0.685,"data_set_value_component_R6_variable_R6":0.0,"data_set_value_component_R6_variable_k1":49400000.0,"data_set_value_component_R6_variable_k2":0.00421,"data_set_value_component_D4_variable_D4":0.0,"data_set_value_component_D4_variable_k1":2.75,"data_set_value_component_D4_variable_k2":2940.0},{"data_set_value_component_environment_variable_time":0.1,"data_set_value_component_differentials_variable_A":0.0,"data_set_value_component_differentials_variable_G":6.456680561e-16,"data_set_value_component_differentials_variable_GA":0.0,"data_set_value_component_differentials_variable_T":0.0004679989,"data_set_value_component_differentials_variable_R":0.0000009899,"data_set_value_component_differentials_variable_GT":0.0,"data_set_value_component_differentials_variable_GD":-0.0000000001,"data_set_value_component_differentials_variable_Pi_":0.0044,"data_set_value_component_differentials_variable_D":0.0001490011,"data_set_value_component_differentials_variable_RG":0.0,"data_set_value_component_differentials_variable_RGT":0.0000000011,"data_set_value_component_differentials_variable_GAT":0.0,"data_set_value_component_differentials_variable_GAD":0.0,"data_set_value_component_differentials_variable_RGD":0.000000009,"data_set_value_component_differentials_variable_RGA":0.0,"data_set_value_component_differentials_variable_RGAT":0.0,"data_set_value_component_differentials_variable_RGAD":0.0,"data_set_value_component_output_variable_Z":0.1075431769,"data_set_value_component_output_variable_v":0.0013980613,"data_set_value_component_output_variable_G_tot":0.00000001,"data_set_value_component_A1_variable_A1":0.0,"data_set_value_component_A1_variable_k1":8780000.0,"data_set_value_component_A1_variable_k2":8.0,"data_set_value_component_T1_variable_T1":0.0,"data_set_value_component_T1_variable_k1":529000.0,"data_set_value_component_T1_variable_k2":0.00000838,"data_set_value_component_R1_variable_R1":-0.0,"data_set_value_component_R1_variable_k1":636000000.0,"data_set_value_component_R1_variable_k2":0.0179,"data_set_value_component_P1_variable_P1":0.0,"data_set_value_component_P1_variable_k1":0.013,"data_set_value_component_P1_variable_k2":0.000000903,"data_set_value_component_D1_variable_D1":-0.0,"data_set_value_component_D1_variable_k1":0.0001,"data_set_value_component_D1_variable_k2":62.3,"data_set_value_component_T3_variable_T3":0.0000000115,"data_set_value_component_T3_variable_k1":853000.0,"data_set_value_component_T3_variable_k2":0.00468,"data_set_value_component_R2_variable_R2":-0.0000000001,"data_set_value_component_R2_variable_k1":132000000.0,"data_set_value_component_R2_variable_k2":1.28,"data_set_value_component_A2_variable_A2":0.0,"data_set_value_component_A2_variable_k1":386000.0,"data_set_value_component_A2_variable_k2":0.0408,"data_set_value_component_A3_variable_A3":0.0,"data_set_value_component_A3_variable_k1":64100.0,"data_set_value_component_A3_variable_k2":0.95,"data_set_value_component_R3_variable_R3":-0.0000000057,"data_set_value_component_R3_variable_k1":94700000.0,"data_set_value_component_R3_variable_k2":0.00227,"data_set_value_component_P3_variable_P3":0.0,"data_set_value_component_P3_variable_k1":0.013,"data_set_value_component_P3_variable_k2":0.0000000022,"data_set_value_component_D3_variable_D3":0.0000000116,"data_set_value_component_D3_variable_k1":2.0,"data_set_value_component_D3_variable_k2":1470000.0,"data_set_value_component_T2_variable_T2":0.0,"data_set_value_component_T2_variable_k1":44700.0,"data_set_value_component_T2_variable_k2":0.0000000832,"data_set_value_component_P2_variable_P2":0.0,"data_set_value_component_P2_variable_k1":25.0,"data_set_value_component_P2_variable_k2":0.244,"data_set_value_component_D2_variable_D2":0.0,"data_set_value_component_D2_variable_k1":0.0001,"data_set_value_component_D2_variable_k2":3.83,"data_set_value_component_A4_variable_A4":0.0,"data_set_value_component_A4_variable_k1":74300.0,"data_set_value_component_A4_variable_k2":0.00572,"data_set_value_component_R4_variable_R4":0.0,"data_set_value_component_R4_variable_k1":22800000.0,"data_set_value_component_R4_variable_k2":0.0000543,"data_set_value_component_T4_variable_T4":0.0,"data_set_value_component_T4_variable_k1":1620000.0,"data_set_value_component_T4_variable_k2":0.00875,"data_set_value_component_R5_variable_R5":0.0,"data_set_value_component_R5_variable_k1":6200000.0,"data_set_value_component_R5_variable_k2":0.0433,"data_set_value_component_A5_variable_A5":0.0,"data_set_value_component_A5_variable_k1":6300000.0,"data_set_value_component_A5_variable_k2":0.478,"data_set_value_component_P4_variable_P4":0.0,"data_set_value_component_P4_variable_k1":25.0,"data_set_value_component_P4_variable_k2":0.00297,"data_set_value_component_A6_variable_A6":0.0,"data_set_value_component_A6_variable_k1":13000.0,"data_set_value_component_A6_variable_k2":0.685,"data_set_value_component_R6_variable_R6":0.0,"data_set_value_component_R6_variable_k1":49400000.0,"data_set_value_component_R6_variable_k2":0.00421,"data_set_value_component_D4_variable_D4":0.0,"data_set_value_component_D4_variable_k1":2.75,"data_set_value_component_D4_variable_k2":2940.0},{"data_set_value_component_environment_variable_time":0.2,"data_set_value_component_differentials_variable_A":0.0,"data_set_value_component_differentials_variable_G":5.25190343e-16,"data_set_value_component_differentials_variable_GA":0.0,"data_set_value_component_differentials_variable_T":0.0004679979,"data_set_value_component_differentials_variable_R":0.0000009899,"data_set_value_component_differentials_variable_GT":0.0,"data_set_value_component_differentials_variable_GD":-0.0000000001,"data_set_value_component_differentials_variable_Pi_":0.0044,"data_set_value_component_differentials_variable_D":0.0001490021,"data_set_value_component_differentials_variable_RG":0.0,"data_set_value_component_differentials_variable_RGT":0.0000000021,"data_set_value_component_differentials_variable_GAT":0.0,"data_set_value_component_differentials_variable_GAD":0.0,"data_set_value_component_differentials_variable_RGD":0.0000000081,"data_set_value_component_differentials_variable_RGA":0.0,"data_set_value_component_differentials_variable_RGAT":0.0,"data_set_value_component_differentials_variable_RGAD":0.0,"data_set_value_component_output_variable_Z":0.2080022292,"data_set_value_component_output_variable_v":0.002704029,"data_set_value_component_output_variable_G_tot":0.00000001,"data_set_value_component_A1_variable_A1":0.0,"data_set_value_component_A1_variable_k1":8780000.0,"data_set_value_component_A1_variable_k2":8.0,"data_set_value_component_T1_variable_T1":0.0,"data_set_value_component_T1_variable_k1":529000.0,"data_set_value_component_T1_variable_k2":0.00000838,"data_set_value_component_R1_variable_R1":-0.0,"data_set_value_component_R1_variable_k1":636000000.0,"data_set_value_component_R1_variable_k2":0.0179,"data_set_value_component_P1_variable_P1":0.0,"data_set_value_component_P1_variable_k1":0.013,"data_set_value_component_P1_variable_k2":0.000000903,"data_set_value_component_D1_variable_D1":-0.0,"data_set_value_component_D1_variable_k1":0.0001,"data_set_value_component_D1_variable_k2":62.3,"data_set_value_component_T3_variable_T3":0.0000000104,"data_set_value_component_T3_variable_k1":853000.0,"data_set_value_component_T3_variable_k2":0.00468,"data_set_value_component_R2_variable_R2":-0.0000000001,"data_set_value_component_R2_variable_k1":132000000.0,"data_set_value_component_R2_variable_k2":1.28,"data_set_value_component_A2_variable_A2":0.0,"data_set_value_component_A2_variable_k1":386000.0,"data_set_value_component_A2_variable_k2":0.0408,"data_set_value_component_A3_variable_A3":0.0,"data_set_value_component_A3_variable_k1":64100.0,"data_set_value_component_A3_variable_k2":0.95,"data_set_value_component_R3_variable_R3":-0.0000000108,"data_set_value_component_R3_variable_k1":94700000.0,"data_set_value_component_R3_variable_k2":0.00227,"data_set_value_component_P3_variable_P3":0.0,"data_set_value_component_P3_variable_k1":0.013,"data_set_value_component_P3_variable_k2":0.0000000022,"data_set_value_component_D3_variable_D3":0.0000000104,"data_set_value_component_D3_variable_k1":2.0,"data_set_value_component_D3_variable_k2":1470000.0,"data_set_value_component_T2_variable_T2":0.0,"data_set_value_component_T2_variable_k1":44700.0,"data_set_value_component_T2_variable_k2":0.0000000832,"data_set_value_component_P2_variable_P2":0.0,"data_set_value_component_P2_variable_k1":25.0,"data_set_value_component_P2_variable_k2":0.244,"data_set_value_component_D2_variable_D2":0.0,"data_set_value_component_D2_variable_k1":0.0001,"data_set_value_component_D2_variable_k2":3.83,"data_set_value_component_A4_variable_A4":0.0,"data_set_value_component_A4_variable_k1":74300.0,"data_set_value_component_A4_variable_k2":0.00572,"data_set_value_component_R4_variable_R4":0.0,"data_set_value_component_R4_variable_k1":22800000.0,"data_set_value_component_R4_variable_k2":0.0000543,"data_set_value_component_T4_variable_T4":0.0,"data_set_value_component_T4_variable_k1":1620000.0,"data_set_value_component_T4_variable_k2":0.00875,"data_set_value_component_R5_variable_R5":0.0,"data_set_value_component_R5_variable_k1":6200000.0,"data_set_value_component_R5_variable_k2":0.0433,"data_set_value_component_A5_variable_A5":0.0,"data_set_value_component_A5_variable_k1":6300000.0,"data_set_value_component_A5_variable_k2":0.478,"data_set_value_component_P4_variable_P4":0.0,"data_set_value_component_P4_variable_k1":25.0,"data_set_value_component_P4_variable_k2":0.00297,"data_set_value_component_A6_variable_A6":0.0,"data_set_value_component_A6_variable_k1":13000.0,"data_set_value_component_A6_variable_k2":0.685,"data_set_value_component_R6_variable_R6":0.0,"data_set_value_component_R6_variable_k1":49400000.0,"data_set_value_component_R6_variable_k2":0.00421,"data_set_value_component_D4_variable_D4":0.0,"data_set_value_component_D4_variable_k1":2.75,"data_set_value_component_D4_variable_k2":2940.0},{"data_set_value_component_environment_variable_time":0.3,"data_set_value_component_differentials_variable_A":0.0,"data_set_value_component_differentials_variable_G":4.648849058e-16,"data_set_value_component_differentials_variable_GA":0.0,"data_set_value_component_differentials_variable_T":0.0004679972,"data_set_value_component_differentials_variable_R":0.0000009901,"data_set_value_component_differentials_variable_GT":0.0,"data_set_value_component_differentials_variable_GD":-0.0000000001,"data_set_value_component_differentials_variable_Pi_":0.0044,"data_set_value_component_differentials_variable_D":0.0001490028,"data_set_value_component_differentials_variable_RG":0.0,"data_set_value_component_differentials_variable_RGT":0.0000000028,"data_set_value_component_differentials_variable_GAT":0.0,"data_set_value_component_differentials_variable_GAD":0.0,"data_set_value_component_differentials_variable_RGD":0.0000000074,"data_set_value_component_differentials_variable_RGA":0.0,"data_set_value_component_differentials_variable_RGAT":0.0,"data_set_value_component_differentials_variable_RGAD":0.0,"data_set_value_component_output_variable_Z":0.2780030434,"data_set_value_component_output_variable_v":0.0036140396,"data_set_value_component_output_variable_G_tot":0.00000001,"data_set_value_component_A1_variable_A1":0.0,"data_set_value_component_A1_variable_k1":8780000.0,"data_set_value_component_A1_variable_k2":8.0,"data_set_value_component_T1_variable_T1":0.0,"data_set_value_component_T1_variable_k1":529000.0,"data_set_value_component_T1_variable_k2":0.00000838,"data_set_value_component_R1_variable_R1":-0.0,"data_set_value_component_R1_variable_k1":636000000.0,"data_set_value_component_R1_variable_k2":0.0179,"data_set_value_component_P1_variable_P1":0.0,"data_set_value_component_P1_variable_k1":0.013,"data_set_value_component_P1_variable_k2":0.000000903,"data_set_value_component_D1_variable_D1":-0.0,"data_set_value_component_D1_variable_k1":0.0001,"data_set_value_component_D1_variable_k2":62.3,"data_set_value_component_T3_variable_T3":0.0000000095,"data_set_value_component_T3_variable_k1":853000.0,"data_set_value_component_T3_variable_k2":0.00468,"data_set_value_component_R2_variable_R2":-0.0000000001,"data_set_value_component_R2_variable_k1":132000000.0,"data_set_value_component_R2_variable_k2":1.28,"data_set_value_component_A2_variable_A2":0.0,"data_set_value_component_A2_variable_k1":386000.0,"data_set_value_component_A2_variable_k2":0.0408,"data_set_value_component_A3_variable_A3":0.0,"data_set_value_component_A3_variable_k1":64100.0,"data_set_value_component_A3_variable_k2":0.95,"data_set_value_component_R3_variable_R3":-0.000000011,"data_set_value_component_R3_variable_k1":94700000.0,"data_set_value_component_R3_variable_k2":0.00227,"data_set_value_component_P3_variable_P3":0.0,"data_set_value_component_P3_variable_k1":0.013,"data_set_value_component_P3_variable_k2":0.0000000022,"data_set_value_component_D3_variable_D3":0.0000000095,"data_set_value_component_D3_variable_k1":2.0,"data_set_value_component_D3_variable_k2":1470000.0,"data_set_value_component_T2_variable_T2":0.0,"data_set_value_component_T2_variable_k1":44700.0,"data_set_value_component_T2_variable_k2":0.0000000832,"data_set_value_component_P2_variable_P2":0.0,"data_set_value_component_P2_variable_k1":25.0,"data_set_value_component_P2_variable_k2":0.244,"data_set_value_component_D2_variable_D2":0.0,"data_set_value_component_D2_variable_k1":0.0001,"data_set_value_component_D2_variable_k2":3.83,"data_set_value_component_A4_variable_A4":0.0,"data_set_value_component_A4_variable_k1":74300.0,"data_set_value_component_A4_variable_k2":0.00572,"data_set_value_component_R4_variable_R4":0.0,"data_set_value_component_R4_variable_k1":22800000.0,"data_set_value_component_R4_variable_k2":0.0000543,"data_set_value_component_T4_variable_T4":0.0,"data_set_value_component_T4_variable_k1":1620000.0,"data_set_value_component_T4_variable_k2":0.00875,"data_set_value_component_R5_variable_R5":0.0,"data_set_value_component_R5_variable_k1":6200000.0,"data_set_value_component_R5_variable_k2":0.0433,"data_set_value_component_A5_variable_A5":0.0,"data_set_value_component_A5_variable_k1":6300000.0,"data_set_value_component_A5_variable_k2":0.478,"data_set_value_component_P4_variable_P4":0.0,"data_set_value_component_P4_variable_k1":25.0,"data_set_value_component_P4_variable_k2":0.00297,"data_set_value_component_A6_variable_A6":0.0,"data_set_value_component_A6_variable_k1":13000.0,"data_set_value_component_A6_variable_k2":0.685,"data_set_value_component_R6_variable_R6":0.0,"data_set_value_component_R6_variable_k1":49400000.0,"data_set_value_component_R6_variable_k2":0.00421,"data_set_value_component_D4_variable_D4":0.0,"data_set_value_component_D4_variable_k1":2.75,"data_set_value_component_D4_variable_k2":2940.0},{"data_set_value_component_environment_variable_time":0.4,"data_set_value_component_differentials_variable_A":0.0,"data_set_value_component_differentials_variable_G":4.29322648e-16,"data_set_value_component_differentials_variable_GA":0.0,"data_set_value_component_differentials_variable_T":0.0004679966,"data_set_value_component_differentials_variable_R":0.0000009904,"data_set_value_component_differentials_variable_GT":0.0,"data_set_value_component_differentials_variable_GD":-0.0000000001,"data_set_value_component_differentials_variable_Pi_":0.0044,"data_set_value_component_differentials_variable_D":0.0001490034,"data_set_value_component_differentials_variable_RG":0.0,"data_set_value_component_differentials_variable_RGT":0.0000000033,"data_set_value_component_differentials_variable_GAT":0.0,"data_set_value_component_differentials_variable_GAD":0.0,"data_set_value_component_differentials_variable_RGD":0.0000000068,"data_set_value_component_differentials_variable_RGA":0.0,"data_set_value_component_differentials_variable_RGAT":0.0,"data_set_value_component_differentials_variable_RGAD":0.0,"data_set_value_component_output_variable_Z":0.3354792582,"data_set_value_component_output_variable_v":0.0043612304,"data_set_value_component_output_variable_G_tot":0.00000001,"data_set_value_component_A1_variable_A1":0.0,"data_set_value_component_A1_variable_k1":8780000.0,"data_set_value_component_A1_variable_k2":8.0,"data_set_value_component_T1_variable_T1":0.0,"data_set_value_component_T1_variable_k1":529000.0,"data_set_value_component_T1_variable_k2":0.00000838,"data_set_value_component_R1_variable_R1":-0.0,"data_set_value_component_R1_variable_k1":636000000.0,"data_set_value_component_R1_variable_k2":0.0179,"data_set_value_component_P1_variable_P1":0.0,"data_set_value_component_P1_variable_k1":0.013,"data_set_value_component_P1_variable_k2":0.000000903,"data_set_value_component_D1_variable_D1":-0.0,"data_set_value_component_D1_variable_k1":0.0001,"data_set_value_component_D1_variable_k2":62.3,"data_set_value_component_T3_variable_T3":0.0000000088,"data_set_value_component_T3_variable_k1":853000.0,"data_set_value_component_T3_variable_k2":0.00468,"data_set_value_component_R2_variable_R2":-0.0000000001,"data_set_value_component_R2_variable_k1":132000000.0,"data_set_value_component_R2_variable_k2":1.28,"data_set_value_component_A2_variable_A2":0.0,"data_set_value_component_A2_variable_k1":386000.0,"data_set_value_component_A2_variable_k2":0.0408,"data_set_value_component_A3_variable_A3":0.0,"data_set_value_component_A3_variable_k1":64100.0,"data_set_value_component_A3_variable_k2":0.95,"data_set_value_component_R3_variable_R3":-0.0000000092,"data_set_value_component_R3_variable_k1":94700000.0,"data_set_value_component_R3_variable_k2":0.00227,"data_set_value_component_P3_variable_P3":0.0,"data_set_value_component_P3_variable_k1":0.013,"data_set_value_component_P3_variable_k2":0.0000000022,"data_set_value_component_D3_variable_D3":0.0000000087,"data_set_value_component_D3_variable_k1":2.0,"data_set_value_component_D3_variable_k2":1470000.0,"data_set_value_component_T2_variable_T2":0.0,"data_set_value_component_T2_variable_k1":44700.0,"data_set_value_component_T2_variable_k2":0.0000000832,"data_set_value_component_P2_variable_P2":0.0,"data_set_value_component_P2_variable_k1":25.0,"data_set_value_component_P2_variable_k2":0.244,"data_set_value_component_D2_variable_D2":0.0,"data_set_value_component_D2_variable_k1":0.0001,"data_set_value_component_D2_variable_k2":3.83,"data_set_value_component_A4_variable_A4":0.0,"data_set_value_component_A4_variable_k1":74300.0,"data_set_value_component_A4_variable_k2":0.00572,"data_set_value_component_R4_variable_R4":0.0,"data_set_value_component_R4_variable_k1":22800000.0,"data_set_value_component_R4_variable_k2":0.0000543,"data_set_value_component_T4_variable_T4":0.0,"data_set_value_component_T4_variable_k1":1620000.0,"data_set_value_component_T4_variable_k2":0.00875,"data_set_value_component_R5_variable_R5":0.0,"data_set_value_component_R5_variable_k1":6200000.0,"data_set_value_component_R5_variable_k2":0.0433,"data_set_value_component_A5_variable_A5":0.0,"data_set_value_component_A5_variable_k1":6300000.0,"data_set_value_component_A5_variable_k2":0.478,"data_set_value_component_P4_variable_P4":0.0,"data_set_value_component_P4_variable_k1":25.0,"data_set_value_component_P4_variable_k2":0.00297,"data_set_value_component_A6_variable_A6":0.0,"data_set_value_component_A6_variable_k1":13000.0,"data_set_value_component_A6_variable_k2":0.685,"data_set_value_component_R6_variable_R6":0.0,"data_set_value_component_R6_variable_k1":49400000.0,"data_set_value_component_R6_variable_k2":0.00421,"data_set_value_component_D4_variable_D4":0.0,"data_set_value_component_D4_variable_k1":2.75,"data_set_value_component_D4_variable_k2":2940.0},{"data_set_value_component_environment_variable_time":0.5,"data_set_value_component_differentials_variable_A":0.0,"data_set_value_component_differentials_variable_G":3.937603903e-16,"data_set_value_component_differentials_variable_GA":0.0,"data_set_value_component_differentials_variable_T":0.000467996,"data_set_value_component_differentials_variable_R":0.0000009907,"data_set_value_component_differentials_variable_GT":0.0,"data_set_value_component_differentials_variable_GD":-0.0000000001,"data_set_value_component_differentials_variable_Pi_":0.0044,"data_set_value_component_differentials_variable_D":0.000149004,"data_set_value_component_differentials_variable_RG":0.0,"data_set_value_component_differentials_variable_RGT":0.0000000039,"data_set_value_component_differentials_variable_GAT":0.0,"data_set_value_component_differentials_variable_GAD":0.0,"data_set_value_component_differentials_variable_RGD":0.0000000062,"data_set_value_component_differentials_variable_RGA":0.0,"data_set_value_component_differentials_variable_RGAT":0.0,"data_set_value_component_differentials_variable_RGAD":0.0,"data_set_value_component_output_variable_Z":0.392955473,"data_set_value_component_output_variable_v":0.0051084211,"data_set_value_component_output_variable_G_tot":0.00000001,"data_set_value_component_A1_variable_A1":0.0,"data_set_value_component_A1_variable_k1":8780000.0,"data_set_value_component_A1_variable_k2":8.0,"data_set_value_component_T1_variable_T1":0.0,"data_set_value_component_T1_variable_k1":529000.0,"data_set_value_component_T1_variable_k2":0.00000838,"data_set_value_component_R1_variable_R1":-0.0,"data_set_value_component_R1_variable_k1":636000000.0,"data_set_value_component_R1_variable_k2":0.0179,"data_set_value_component_P1_variable_P1":0.0,"data_set_value_component_P1_variable_k1":0.013,"data_set_value_component_P1_variable_k2":0.000000903,"data_set_value_component_D1_variable_D1":-0.0,"data_set_value_component_D1_variable_k1":0.0001,"data_set_value_component_D1_variable_k2":62.3,"data_set_value_component_T3_variable_T3":0.000000008,"data_set_value_component_T3_variable_k1":853000.0,"data_set_value_component_T3_variable_k2":0.00468,"data_set_value_component_R2_variable_R2":-0.0,"data_set_value_component_R2_variable_k1":132000000.0,"data_set_value_component_R2_variable_k2":1.28,"data_set_value_component_A2_variable_A2":0.0,"data_set_value_component_A2_variable_k1":386000.0,"data_set_value_component_A2_variable_k2":0.0408,"data_set_value_component_A3_variable_A3":0.0,"data_set_value_component_A3_variable_k1":64100.0,"data_set_value_component_A3_variable_k2":0.95,"data_set_value_component_R3_variable_R3":-0.0000000074,"data_set_value_component_R3_variable_k1":94700000.0,"data_set_value_component_R3_variable_k2":0.00227,"data_set_value_component_P3_variable_P3":0.0000000001,"data_set_value_component_P3_variable_k1":0.013,"data_set_value_component_P3_variable_k2":0.0000000022,"data_set_value_component_D3_variable_D3":0.000000008,"data_set_value_component_D3_variable_k1":2.0,"data_set_value_component_D3_variable_k2":1470000.0,"data_set_value_component_T2_variable_T2":0.0,"data_set_value_component_T2_variable_k1":44700.0,"data_set_value_component_T2_variable_k2":0.0000000832,"data_set_value_component_P2_variable_P2":0.0,"data_set_value_component_P2_variable_k1":25.0,"data_set_value_component_P2_variable_k2":0.244,"data_set_value_component_D2_variable_D2":0.0,"data_set_value_component_D2_variable_k1":0.0001,"data_set_value_component_D2_variable_k2":3.83,"data_set_value_component_A4_variable_A4":0.0,"data_set_value_component_A4_variable_k1":74300.0,"data_set_value_component_A4_variable_k2":0.00572,"data_set_value_component_R4_variable_R4":0.0,"data_set_value_component_R4_variable_k1":22800000.0,"data_set_value_component_R4_variable_k2":0.0000543,"data_set_value_component_T4_variable_T4":0.0,"data_set_value_component_T4_variable_k1":1620000.0,"data_set_value_component_T4_variable_k2":0.00875,"data_set_value_component_R5_variable_R5":0.0,"data_set_value_component_R5_variable_k1":6200000.0,"data_set_value_component_R5_variable_k2":0.0433,"data_set_value_component_A5_variable_A5":0.0,"data_set_value_component_A5_variable_k1":6300000.0,"data_set_value_component_A5_variable_k2":0.478,"data_set_value_component_P4_variable_P4":0.0,"data_set_value_component_P4_variable_k1":25.0,"data_set_value_component_P4_variable_k2":0.00297,"data_set_value_component_A6_variable_A6":0.0,"data_set_value_component_A6_variable_k1":13000.0,"data_set_value_component_A6_variable_k2":0.685,"data_set_value_component_R6_variable_R6":0.0,"data_set_value_component_R6_variable_k1":49400000.0,"data_set_value_component_R6_variable_k2":0.00421,"data_set_value_component_D4_variable_D4":0.0,"data_set_value_component_D4_variable_k1":2.75,"data_set_value_component_D4_variable_k2":2940.0},{"data_set_value_component_environment_variable_time":0.6,"data_set_value_component_differentials_variable_A":0.0,"data_set_value_component_differentials_variable_G":3.581981326e-16,"data_set_value_component_differentials_variable_GA":0.0,"data_set_value_component_differentials_variable_T":0.0004679955,"data_set_value_component_differentials_variable_R":0.000000991,"data_set_value_component_differentials_variable_GT":0.0,"data_set_value_component_differentials_variable_GD":-0.0000000001,"data_set_value_component_differentials_variable_Pi_":0.0044,"data_set_value_component_differentials_variable_D":0.0001490046,"data_set_value_component_differentials_variable_RG":0.0,"data_set_value_component_differentials_variable_RGT":0.0000000045,"data_set_value_component_differentials_variable_GAT":0.0,"data_set_value_component_differentials_variable_GAD":0.0,"data_set_value_component_differentials_variable_RGD":0.0000000056,"data_set_value_component_differentials_variable_RGA":0.0,"data_set_value_component_differentials_variable_RGAT":0.0,"data_set_value_component_differentials_variable_RGAD":0.0,"data_set_value_component_output_variable_Z":0.4504316879,"data_set_value_component_output_variable_v":0.0058556119,"data_set_value_component_output_variable_G_tot":0.00000001,"data_set_value_component_A1_variable_A1":0.0,"data_set_value_component_A1_variable_k1":8780000.0,"data_set_value_component_A1_variable_k2":8.0,"data_set_value_component_T1_variable_T1":0.0,"data_set_value_component_T1_variable_k1":529000.0,"data_set_value_component_T1_variable_k2":0.00000838,"data_set_value_component_R1_variable_R1":-0.0,"data_set_value_component_R1_variable_k1":636000000.0,"data_set_value_component_R1_variable_k2":0.0179,"data_set_value_component_P1_variable_P1":0.0,"data_set_value_component_P1_variable_k1":0.013,"data_set_value_component_P1_variable_k2":0.000000903,"data_set_value_component_D1_variable_D1":-0.0,"data_set_value_component_D1_variable_k1":0.0001,"data_set_value_component_D1_variable_k2":62.3,"data_set_value_component_T3_variable_T3":0.0000000072,"data_set_value_component_T3_variable_k1":853000.0,"data_set_value_component_T3_variable_k2":0.00468,"data_set_value_component_R2_variable_R2":-0.0,"data_set_value_component_R2_variable_k1":132000000.0,"data_set_value_component_R2_variable_k2":1.28,"data_set_value_component_A2_variable_A2":0.0,"data_set_value_component_A2_variable_k1":386000.0,"data_set_value_component_A2_variable_k2":0.0408,"data_set_value_component_A3_variable_A3":0.0,"data_set_value_component_A3_variable_k1":64100.0,"data_set_value_component_A3_variable_k2":0.95,"data_set_value_component_R3_variable_R3":-0.0000000055,"data_set_value_component_R3_variable_k1":94700000.0,"data_set_value_component_R3_variable_k2":0.00227,"data_set_value_component_P3_variable_P3":0.0000000001,"data_set_value_component_P3_variable_k1":0.013,"data_set_value_component_P3_variable_k2":0.0000000022,"data_set_value_component_D3_variable_D3":0.0000000072,"data_set_value_component_D3_variable_k1":2.0,"data_set_value_component_D3_variable_k2":1470000.0,"data_set_value_component_T2_variable_T2":0.0,"data_set_value_component_T2_variable_k1":44700.0,"data_set_value_component_T2_variable_k2":0.0000000832,"data_set_value_component_P2_variable_P2":0.0,"data_set_value_component_P2_variable_k1":25.0,"data_set_value_component_P2_variable_k2":0.244,"data_set_value_component_D2_variable_D2":0.0,"data_set_value_component_D2_variable_k1":0.0001,"data_set_value_component_D2_variable_k2":3.83,"data_set_value_component_A4_variable_A4":0.0,"data_set_value_component_A4_variable_k1":74300.0,"data_set_value_component_A4_variable_k2":0.00572,"data_set_value_component_R4_variable_R4":0.0,"data_set_value_component_R4_variable_k1":22800000.0,"data_set_value_component_R4_variable_k2":0.0000543,"data_set_value_component_T4_variable_T4":0.0,"data_set_value_component_T4_variable_k1":1620000.0,"data_set_value_component_T4_variable_k2":0.00875,"data_set_value_component_R5_variable_R5":0.0,"data_set_value_component_R5_variable_k1":6200000.0,"data_set_value_component_R5_variable_k2":0.0433,"data_set_value_component_A5_variable_A5":0.0,"data_set_value_component_A5_variable_k1":6300000.0,"data_set_value_component_A5_variable_k2":0.478,"data_set_value_component_P4_variable_P4":0.0,"data_set_value_component_P4_variable_k1":25.0,"data_set_value_component_P4_variable_k2":0.00297,"data_set_value_component_A6_variable_A6":0.0,"data_set_value_component_A6_variable_k1":13000.0,"data_set_value_component_A6_variable_k2":0.685,"data_set_value_component_R6_variable_R6":0.0,"data_set_value_component_R6_variable_k1":49400000.0,"data_set_value_component_R6_variable_k2":0.00421,"data_set_value_component_D4_variable_D4":0.0,"data_set_value_component_D4_variable_k1":2.75,"data_set_value_component_D4_variable_k2":2940.0},{"data_set_value_component_environment_variable_time":0.7,"data_set_value_component_differentials_variable_A":0.0,"data_set_value_component_differentials_variable_G":3.226358748e-16,"data_set_value_component_differentials_variable_GA":0.0,"data_set_value_component_differentials_variable_T":0.0004679949,"data_set_value_component_differentials_variable_R":0.0000009914,"data_set_value_component_differentials_variable_GT":0.0,"data_set_value_component_differentials_variable_GD":-0.0,"data_set_value_component_differentials_variable_Pi_":0.0044,"data_set_value_component_differentials_variable_D":0.0001490051,"data_set_value_component_differentials_variable_RG":0.0,"data_set_value_component_differentials_variable_RGT":0.000000005,"data_set_value_component_differentials_variable_GAT":0.0,"data_set_value_component_differentials_variable_GAD":0.0,"data_set_value_component_differentials_variable_RGD":0.000000005,"data_set_value_component_differentials_variable_RGA":0.0,"data_set_value_component_differentials_variable_RGAT":0.0,"data_set_value_component_differentials_variable_RGAD":0.0,"data_set_value_component_output_variable_Z":0.5079079027,"data_set_value_component_output_variable_v":0.0066028027,"data_set_value_component_output_variable_G_tot":0.00000001,"data_set_value_component_A1_variable_A1":0.0,"data_set_value_component_A1_variable_k1":8780000.0,"data_set_value_component_A1_variable_k2":8.0,"data_set_value_component_T1_variable_T1":0.0,"data_set_value_component_T1_variable_k1":529000.0,"data_set_value_component_T1_variable_k2":0.00000838,"data_set_value_component_R1_variable_R1":-0.0,"data_set_value_component_R1_variable_k1":636000000.0,"data_set_value_component_R1_variable_k2":0.0179,"data_set_value_component_P1_variable_P1":0.0,"data_set_value_component_P1_variable_k1":0.013,"data_set_value_component_P1_variable_k2":0.000000903,"data_set_value_component_D1_variable_D1":-0.0,"data_set_value_component_D1_variable_k1":0.0001,"data_set_value_component_D1_variable_k2":62.3,"data_set_value_component_T3_variable_T3":0.0000000064,"data_set_value_component_T3_variable_k1":853000.0,"data_set_value_component_T3_variable_k2":0.00468,"data_set_value_component_R2_variable_R2":-0.0,"data_set_value_component_R2_variable_k1":132000000.0,"data_set_value_component_R2_variable_k2":1.28,"data_set_value_component_A2_variable_A2":0.0,"data_set_value_component_A2_variable_k1":386000.0,"data_set_value_component_A2_variable_k2":0.0408,"data_set_value_component_A3_variable_A3":0.0,"data_set_value_component_A3_variable_k1":64100.0,"data_set_value_component_A3_variable_k2":0.95,"data_set_value_component_R3_variable_R3":-0.0000000037,"data_set_value_component_R3_variable_k1":94700000.0,"data_set_value_component_R3_variable_k2":0.00227,"data_set_value_component_P3_variable_P3":0.0000000001,"data_set_value_component_P3_variable_k1":0.013,"data_set_value_component_P3_variable_k2":0.0000000022,"data_set_value_component_D3_variable_D3":0.0000000064,"data_set_value_component_D3_variable_k1":2.0,"data_set_value_component_D3_variable_k2":1470000.0,"data_set_value_component_T2_variable_T2":0.0,"data_set_value_component_T2_variable_k1":44700.0,"data_set_value_component_T2_variable_k2":0.0000000832,"data_set_value_component_P2_variable_P2":0.0,"data_set_value_component_P2_variable_k1":25.0,"data_set_value_component_P2_variable_k2":0.244,"data_set_value_component_D2_variable_D2":0.0,"data_set_value_component_D2_variable_k1":0.0001,"data_set_value_component_D2_variable_k2":3.83,"data_set_value_component_A4_variable_A4":0.0,"data_set_value_component_A4_variable_k1":74300.0,"data_set_value_component_A4_variable_k2":0.00572,"data_set_value_component_R4_variable_R4":0.0,"data_set_value_component_R4_variable_k1":22800000.0,"data_set_value_component_R4_variable_k2":0.0000543,"data_set_value_component_T4_variable_T4":0.0,"data_set_value_component_T4_variable_k1":1620000.0,"data_set_value_component_T4_variable_k2":0.00875,"data_set_value_component_R5_variable_R5":0.0,"data_set_value_component_R5_variable_k1":6200000.0,"data_set_value_component_R5_variable_k2":0.0433,"data_set_value_component_A5_variable_A5":0.0,"data_set_value_component_A5_variable_k1":6300000.0,"data_set_value_component_A5_variable_k2":0.478,"data_set_value_component_P4_variable_P4":0.0,"data_set_value_component_P4_variable_k1":25.0,"data_set_value_component_P4_variable_k2":0.00297,"data_set_value_component_A6_variable_A6":0.0,"data_set_value_component_A6_variable_k1":13000.0,"data_set_value_component_A6_variable_k2":0.685,"data_set_value_component_R6_variable_R6":0.0,"data_set_value_component_R6_variable_k1":49400000.0,"data_set_value_component_R6_variable_k2":0.00421,"data_set_value_component_D4_variable_D4":0.0,"data_set_value_component_D4_variable_k1":2.75,"data_set_value_component_D4_variable_k2":2940.0},{"data_set_value_component_environment_variable_time":0.8,"data_set_value_component_differentials_variable_A":0.0,"data_set_value_component_differentials_variable_G":2.92028574e-16,"data_set_value_component_differentials_variable_GA":0.0,"data_set_value_component_differentials_variable_T":0.0004679944,"data_set_value_component_differentials_variable_R":0.0000009919,"data_set_value_component_differentials_variable_GT":0.0000000001,"data_set_value_component_differentials_variable_GD":-0.0,"data_set_value_component_differentials_variable_Pi_":0.0044,"data_set_value_component_differentials_variable_D":0.0001490056,"data_set_value_component_differentials_variable_RG":0.0,"data_set_value_component_differentials_variable_RGT":0.0000000055,"data_set_value_component_differentials_variable_GAT":0.0,"data_set_value_component_differentials_variable_GAD":0.0,"data_set_value_component_differentials_variable_RGD":0.0000000045,"data_set_value_component_differentials_variable_RGA":0.0,"data_set_value_component_differentials_variable_RGAT":0.0,"data_set_value_component_differentials_variable_RGAD":0.0,"data_set_value_component_output_variable_Z":0.5562615707,"data_set_value_component_output_variable_v":0.0072314004,"data_set_value_component_output_variable_G_tot":0.00000001,"data_set_value_component_A1_variable_A1":0.0,"data_set_value_component_A1_variable_k1":8780000.0,"data_set_value_component_A1_variable_k2":8.0,"data_set_value_component_T1_variable_T1":0.0,"data_set_value_component_T1_variable_k1":529000.0,"data_set_value_component_T1_variable_k2":0.00000838,"data_set_value_component_R1_variable_R1":-0.0,"data_set_value_component_R1_variable_k1":636000000.0,"data_set_value_component_R1_variable_k2":0.0179,"data_set_value_component_P1_variable_P1":0.0,"data_set_value_component_P1_variable_k1":0.013,"data_set_value_component_P1_variable_k2":0.000000903,"data_set_value_component_D1_variable_D1":-0.0,"data_set_value_component_D1_variable_k1":0.0001,"data_set_value_component_D1_variable_k2":62.3,"data_set_value_component_T3_variable_T3":0.0000000058,"data_set_value_component_T3_variable_k1":853000.0,"data_set_value_component_T3_variable_k2":0.00468,"data_set_value_component_R2_variable_R2":-0.0,"data_set_value_component_R2_variable_k1":132000000.0,"data_set_value_component_R2_variable_k2":1.28,"data_set_value_component_A2_variable_A2":0.0,"data_set_value_component_A2_variable_k1":386000.0,"data_set_value_component_A2_variable_k2":0.0408,"data_set_value_component_A3_variable_A3":0.0,"data_set_value_component_A3_variable_k1":64100.0,"data_set_value_component_A3_variable_k2":0.95,"data_set_value_component_R3_variable_R3":-0.0000000025,"data_set_value_component_R3_variable_k1":94700000.0,"data_set_value_component_R3_variable_k2":0.00227,"data_set_value_component_P3_variable_P3":0.0000000001,"data_set_value_component_P3_variable_k1":0.013,"data_set_value_component_P3_variable_k2":0.0000000022,"data_set_value_component_D3_variable_D3":0.0000000058,"data_set_value_component_D3_variable_k1":2.0,"data_set_value_component_D3_variable_k2":1470000.0,"data_set_value_component_T2_variable_T2":0.0,"data_set_value_component_T2_variable_k1":44700.0,"data_set_value_component_T2_variable_k2":0.0000000832,"data_set_value_component_P2_variable_P2":0.0,"data_set_value_component_P2_variable_k1":25.0,"data_set_value_component_P2_variable_k2":0.244,"data_set_value_component_D2_variable_D2":0.0,"data_set_value_component_D2_variable_k1":0.0001,"data_set_value_component_D2_variable_k2":3.83,"data_set_value_component_A4_variable_A4":0.0,"data_set_value_component_A4_variable_k1":74300.0,"data_set_value_component_A4_variable_k2":0.00572,"data_set_value_component_R4_variable_R4":0.0,"data_set_value_component_R4_variable_k1":22800000.0,"data_set_value_component_R4_variable_k2":0.0000543,"data_set_value_component_T4_variable_T4":0.0,"data_set_value_component_T4_variable_k1":1620000.0,"data_set_value_component_T4_variable_k2":0.00875,"data_set_value_component_R5_variable_R5":0.0,"data_set_value_component_R5_variable_k1":6200000.0,"data_set_value_component_R5_variable_k2":0.0433,"data_set_value_component_A5_variable_A5":0.0,"data_set_value_component_A5_variable_k1":6300000.0,"data_set_value_component_A5_variable_k2":0.478,"data_set_value_component_P4_variable_P4":0.0,"data_set_value_component_P4_variable_k1":25.0,"data_set_value_component_P4_variable_k2":0.00297,"data_set_value_component_A6_variable_A6":0.0,"data_set_value_component_A6_variable_k1":13000.0,"data_set_value_component_A6_variable_k2":0.685,"data_set_value_component_R6_variable_R6":0.0,"data_set_value_component_R6_variable_k1":49400000.0,"data_set_value_component_R6_variable_k2":0.00421,"data_set_value_component_D4_variable_D4":0.0,"data_set_value_component_D4_variable_k1":2.75,"data_set_value_component_D4_variable_k2":2940.0},{"data_set_value_component_environment_variable_time":0.9,"data_set_value_component_differentials_variable_A":0.0,"data_set_value_component_differentials_variable_G":2.825303688e-16,"data_set_value_component_differentials_variable_GA":0.0,"data_set_value_component_differentials_variable_T":0.0004679943,"data_set_value_component_differentials_variable_R":0.0000009936,"data_set_value_component_differentials_variable_GT":0.0000000001,"data_set_value_component_differentials_variable_GD":-0.0,"data_set_value_component_differentials_variable_Pi_":0.0044000001,"data_set_value_component_differentials_variable_D":0.0001490057,"data_set_value_component_differentials_variable_RG":0.0,"data_set_value_component_differentials_variable_RGT":0.0000000056,"data_set_value_component_differentials_variable_GAT":0.0,"data_set_value_component_differentials_variable_GAD":0.0,"data_set_value_component_differentials_variable_RGD":0.0000000044,"data_set_value_component_differentials_variable_RGA":0.0,"data_set_value_component_differentials_variable_RGAT":0.0,"data_set_value_component_differentials_variable_RGAD":0.0,"data_set_value_component_output_variable_Z":0.5657513863,"data_set_value_component_output_variable_v":0.007354768,"data_set_value_component_output_variable_G_tot":0.00000001,"data_set_value_component_A1_variable_A1":0.0,"data_set_value_component_A1_variable_k1":8780000.0,"data_set_value_component_A1_variable_k2":8.0,"data_set_value_component_T1_variable_T1":0.0,"data_set_value_component_T1_variable_k1":529000.0,"data_set_value_component_T1_variable_k2":0.00000838,"data_set_value_component_R1_variable_R1":-0.0,"data_set_value_component_R1_variable_k1":636000000.0,"data_set_value_component_R1_variable_k2":0.0179,"data_set_value_component_P1_variable_P1":0.0,"data_set_value_component_P1_variable_k1":0.013,"data_set_value_component_P1_variable_k2":0.000000903,"data_set_value_component_D1_variable_D1":-0.0,"data_set_value_component_D1_variable_k1":0.0001,"data_set_value_component_D1_variable_k2":62.3,"data_set_value_component_T3_variable_T3":0.0000000056,"data_set_value_component_T3_variable_k1":853000.0,"data_set_value_component_T3_variable_k2":0.00468,"data_set_value_component_R2_variable_R2":-0.0,"data_set_value_component_R2_variable_k1":132000000.0,"data_set_value_component_R2_variable_k2":1.28,"data_set_value_component_A2_variable_A2":0.0,"data_set_value_component_A2_variable_k1":386000.0,"data_set_value_component_A2_variable_k2":0.0408,"data_set_value_component_A3_variable_A3":0.0,"data_set_value_component_A3_variable_k1":64100.0,"data_set_value_component_A3_variable_k2":0.95,"data_set_value_component_R3_variable_R3":-0.0000000037,"data_set_value_component_R3_variable_k1":94700000.0,"data_set_value_component_R3_variable_k2":0.00227,"data_set_value_component_P3_variable_P3":0.0000000001,"data_set_value_component_P3_variable_k1":0.013,"data_set_value_component_P3_variable_k2":0.0000000022,"data_set_value_component_D3_variable_D3":0.0000000056,"data_set_value_component_D3_variable_k1":2.0,"data_set_value_component_D3_variable_k2":1470000.0,"data_set_value_component_T2_variable_T2":0.0,"data_set_value_component_T2_variable_k1":44700.0,"data_set_value_component_T2_variable_k2":0.0000000832,"data_set_value_component_P2_variable_P2":0.0,"data_set_value_component_P2_variable_k1":25.0,"data_set_value_component_P2_variable_k2":0.244,"data_set_value_component_D2_variable_D2":0.0,"data_set_value_component_D2_variable_k1":0.0001,"data_set_value_component_D2_variable_k2":3.83,"data_set_value_component_A4_variable_A4":0.0,"data_set_value_component_A4_variable_k1":74300.0,"data_set_value_component_A4_variable_k2":0.00572,"data_set_value_component_R4_variable_R4":0.0,"data_set_value_component_R4_variable_k1":22800000.0,"data_set_value_component_R4_variable_k2":0.0000543,"data_set_value_component_T4_variable_T4":0.0,"data_set_value_component_T4_variable_k1":1620000.0,"data_set_value_component_T4_variable_k2":0.00875,"data_set_value_component_R5_variable_R5":0.0,"data_set_value_component_R5_variable_k1":6200000.0,"data_set_value_component_R5_variable_k2":0.0433,"data_set_value_component_A5_variable_A5":0.0,"data_set_value_component_A5_variable_k1":6300000.0,"data_set_value_component_A5_variable_k2":0.478,"data_set_value_component_P4_variable_P4":0.0,"data_set_value_component_P4_variable_k1":25.0,"data_set_value_component_P4_variable_k2":0.00297,"data_set_value_component_A6_variable_A6":0.0,"data_set_value_component_A6_variable_k1":13000.0,"data_set_value_component_A6_variable_k2":0.685,"data_set_value_component_R6_variable_R6":0.0,"data_set_value_component_R6_variable_k1":49400000.0,"data_set_value_component_R6_variable_k2":0.00421,"data_set_value_component_D4_variable_D4":0.0,"data_set_value_component_D4_variable_k1":2.75,"data_set_value_component_D4_variable_k2":2940.0},{"data_set_value_component_environment_variable_time":1.0,"data_set_value_component_differentials_variable_A":0.0,"data_set_value_component_differentials_variable_G":2.730321637e-16,"data_set_value_component_differentials_variable_GA":0.0,"data_set_value_component_differentials_variable_T":0.0004679942,"data_set_value_component_differentials_variable_R":0.0000009952,"data_set_value_component_differentials_variable_GT":0.0000000001,"data_set_value_component_differentials_variable_GD":-0.0000000001,"data_set_value_component_differentials_variable_Pi_":0.0044000001,"data_set_value_component_differentials_variable_D":0.0001490058,"data_set_value_component_differentials_variable_RG":0.0,"data_set_value_component_differentials_variable_RGT":0.0000000057,"data_set_value_component_differentials_variable_GAT":0.0,"data_set_value_component_differentials_variable_GAD":0.0,"data_set_value_component_differentials_variable_RGD":0.0000000042,"data_set_value_component_differentials_variable_RGA":0.0,"data_set_value_component_differentials_variable_RGAT":0.0,"data_set_value_component_differentials_variable_RGAD":0.0,"data_set_value_component_output_variable_Z":0.5752412018,"data_set_value_component_output_variable_v":0.0074781356,"data_set_value_component_output_variable_G_tot":0.00000001,"data_set_value_component_A1_variable_A1":0.0,"data_set_value_component_A1_variable_k1":8780000.0,"data_set_value_component_A1_variable_k2":8.0,"data_set_value_component_T1_variable_T1":0.0,"data_set_value_component_T1_variable_k1":529000.0,"data_set_value_component_T1_variable_k2":0.00000838,"data_set_value_component_R1_variable_R1":-0.0,"data_set_value_component_R1_variable_k1":636000000.0,"data_set_value_component_R1_variable_k2":0.0179,"data_set_value_component_P1_variable_P1":0.0,"data_set_value_component_P1_variable_k1":0.013,"data_set_value_component_P1_variable_k2":0.000000903,"data_set_value_component_D1_variable_D1":-0.0,"data_set_value_component_D1_variable_k1":0.0001,"data_set_value_component_D1_variable_k2":62.3,"data_set_value_component_T3_variable_T3":0.0000000055,"data_set_value_component_T3_variable_k1":853000.0,"data_set_value_component_T3_variable_k2":0.00468,"data_set_value_component_R2_variable_R2":0.0,"data_set_value_component_R2_variable_k1":132000000.0,"data_set_value_component_R2_variable_k2":1.28,"data_set_value_component_A2_variable_A2":0.0,"data_set_value_component_A2_variable_k1":386000.0,"data_set_value_component_A2_variable_k2":0.0408,"data_set_value_component_A3_variable_A3":0.0,"data_set_value_component_A3_variable_k1":64100.0,"data_set_value_component_A3_variable_k2":0.95,"data_set_value_component_R3_variable_R3":-0.0000000049,"data_set_value_component_R3_variable_k1":94700000.0,"data_set_value_component_R3_variable_k2":0.00227,"data_set_value_component_P3_variable_P3":0.0000000001,"data_set_value_component_P3_variable_k1":0.013,"data_set_value_component_P3_variable_k2":0.0000000022,"data_set_value_component_D3_variable_D3":0.0000000054,"data_set_value_component_D3_variable_k1":2.0,"data_set_value_component_D3_variable_k2":1470000.0,"data_set_value_component_T2_variable_T2":0.0,"data_set_value_component_T2_variable_k1":44700.0,"data_set_value_component_T2_variable_k2":0.0000000832,"data_set_value_component_P2_variable_P2":0.0,"data_set_value_component_P2_variable_k1":25.0,"data_set_value_component_P2_variable_k2":0.244,"data_set_value_component_D2_variable_D2":0.0,"data_set_value_component_D2_variable_k1":0.0001,"data_set_value_component_D2_variable_k2":3.83,"data_set_value_component_A4_variable_A4":0.0,"data_set_value_component_A4_variable_k1":74300.0,"data_set_value_component_A4_variable_k2":0.00572,"data_set_value_component_R4_variable_R4":0.0,"data_set_value_component_R4_variable_k1":22800000.0,"data_set_value_component_R4_variable_k2":0.0000543,"data_set_value_component_T4_variable_T4":0.0,"data_set_value_component_T4_variable_k1":1620000.0,"data_set_value_component_T4_variable_k2":0.00875,"data_set_value_component_R5_variable_R5":0.0,"data_set_value_component_R5_variable_k1":6200000.0,"data_set_value_component_R5_variable_k2":0.0433,"data_set_value_component_A5_variable_A5":0.0,"data_set_value_component_A5_variable_k1":6300000.0,"data_set_value_component_A5_variable_k2":0.478,"data_set_value_component_P4_variable_P4":0.0,"data_set_value_component_P4_variable_k1":25.0,"data_set_value_component_P4_variable_k2":0.00297,"data_set_value_component_A6_variable_A6":0.0,"data_set_value_component_A6_variable_k1":13000.0,"data_set_value_component_A6_variable_k2":0.685,"data_set_value_component_R6_variable_R6":0.0,"data_set_value_component_R6_variable_k1":49400000.0,"data_set_value_component_R6_variable_k2":0.00421,"data_set_value_component_D4_variable_D4":0.0,"data_set_value_component_D4_variable_k1":2.75,"data_set_value_component_D4_variable_k2":2940.0}]