[{"data_set_objective_value":0.873921507,"data_set_ACALD":0.0,"data_set_ACALDt":0.0,"data_set_ACKr":0.0,"data_set_ACONTa":6.0072495754,"data_set_ACONTb":6.0072495754,"data_set_ACt2r":0.0,"data_set_ADK1":0.0,"data_set_AKGDH":5.0643756615,"data_set_AKGt2r":0.0,"data_set_ALCD2x":0.0,"data_set_ATPM":8.39,"data_set_ATPS4r":45.5140097745,"data_set_Biomass_Ecoli_core":0.873921507,"data_set_CO2t":-22.8098333102,"data_set_CS":6.0072495754,"data_set_CYTBD":43.598985312,"data_set_D_LACt2":0.0,"data_set_ENO":14.7161395687,"data_set_ETOHt2r":0.0,"data_set_EX_ac_e":0.0,"data_set_EX_acald_e":0.0,"data_set_EX_akg_e":0.0,"data_set_EX_co2_e":22.8098333102,"data_set_EX_etoh_e":0.0,"data_set_EX_for_e":0.0,"data_set_EX_fru_e":0.0,"data_set_EX_fum_e":0.0,"data_set_EX_glc__D_e":-10.0,"data_set_EX_gln__L_e":0.0,"data_set_EX_glu__L_e":0.0,"data_set_EX_h_e":17.5308654298,"data_set_EX_h2o_e":29.1758271356,"data_set_EX_lac__D_e":0.0,"data_set_EX_mal__L_e":0.0,"data_set_EX_nh4_e":-4.7653191932,"data_set_EX_o2_e":-21.799492656,"data_set_EX_pi_e":-3.2148950477,"data_set_EX_pyr_e":0.0,"data_set_EX_succ_e":0.0,"data_set_FBA":7.4773819622,"data_set_FBP":0.0,"data_set_FORt2":0.0,"data_set_FORti":0.0,"data_set_FRD7":0.0,"data_set_FRUpts2":0.0,"data_set_FUM":5.0643756615,"data_set_FUMt2_2":0.0,"data_set_G6PDH2r":4.9599849446,"data_set_GAPD":16.0235261432,"data_set_GLCpts":10.0,"data_set_GLNS":0.2234617293,"data_set_GLNabc":0.0,"data_set_GLUDy":-4.5418574639,"data_set_GLUN":0.0,"data_set_GLUSy":0.0,"data_set_GLUt2r":0.0,"data_set_GND":4.9599849446,"data_set_H2Ot":-29.1758271356,"data_set_ICDHyr":6.0072495754,"data_set_ICL":0.0,"data_set_LDH_D":0.0,"data_set_MALS":0.0,"data_set_MALt2_2":0.0,"data_set_MDH":5.0643756615,"data_set_ME1":0.0,"data_set_ME2":0.0,"data_set_NADH16":38.5346096505,"data_set_NADTRHD":0.0,"data_set_NH4t":4.7653191932,"data_set_O2t":21.799492656,"data_set_PDH":9.2825325992,"data_set_PFK":7.4773819622,"data_set_PFL":0.0,"data_set_PGI":4.8608611465,"data_set_PGK":-16.0235261432,"data_set_PGL":4.9599849446,"data_set_PGM":-14.7161395687,"data_set_PIt2r":3.2148950477,"data_set_PPC":2.5043094704,"data_set_PPCK":0.0,"data_set_PPS":0.0,"data_set_PTAr":0.0,"data_set_PYK":1.7581774441,"data_set_PYRt2":0.0,"data_set_RPE":2.6784818505,"data_set_RPI":-2.2815030941,"data_set_SUCCt2_2":0.0,"data_set_SUCCt3":0.0,"data_set_SUCDi":5.0643756615,"data_set_SUCOAS":-5.0643756615,"data_set_TALA":1.4969837573,"data_set_THD2":0.0,"data_set_TKT1":1.4969837573,"data_set_TKT2":1.1814980932,"data_set_TPI":7.4773819622}]