[{"data_set_value_component_environment_variable_time":0.0,"data_set_value_component_heart_parameters_variable_R_mt":0.0158,"data_set_value_component_heart_parameters_variable_R_av":0.018,"data_set_value_component_heart_parameters_variable_R_tc":0.0237,"data_set_value_component_heart_parameters_variable_R_pv":0.0055,"data_set_value_component_heart_parameters_variable_R_pul":0.1552,"data_set_value_component_heart_parameters_variable_R_sys":1.0889,"data_set_value_component_heart_parameters_variable_L_tc":0.000080093,"data_set_value_component_heart_parameters_variable_L_pv":0.00014868,"data_set_value_component_heart_parameters_variable_L_mt":0.000076968,"data_set_value_component_heart_parameters_variable_L_av":0.00012189,"data_set_value_component_heart_parameters_variable_V_tot":5.5,"data_set_value_component_heart_parameters_variable_P_th":-4.0,"data_set_value_component_driver_function_variable_e_t":0.0000130073,"data_set_value_component_driver_function_variable_A":1.0,"data_set_value_component_driver_function_variable_B":80.0,"data_set_value_component_driver_function_variable_C":0.375,"data_set_value_component_driver_function_variable_tau":0.0,"data_set_value_component_driver_function_variable_period":0.75,"data_set_value_component_pericardium_variable_V_pcd":185.4114,"data_set_value_component_pericardium_variable_P_pcd":-0.177333075,"data_set_value_component_pericardium_variable_P_peri":-4.177333075,"data_set_value_component_pericardium_variable_P_0_pcd":0.5003,"data_set_value_component_pericardium_variable_V_0_pcd":200.0,"data_set_value_component_pericardium_variable_lambda_pcd":0.03,"data_set_value_component_left_ventricle_variable_V_lvf":91.5593063307,"data_set_value_component_left_ventricle_variable_P_lvf":2.3517960507,"data_set_value_component_left_ventricle_variable_P_lv":-1.8255370243,"data_set_value_component_left_ventricle_variable_V_lv":94.6812,"data_set_value_component_lvf_calculator_variable_P_es_lvf":263.672490371,"data_set_value_component_lvf_calculator_variable_P_ed_lvf":2.3483969305,"data_set_value_component_lvf_calculator_variable_E_es_lvf":2.8798,"data_set_value_component_lvf_calculator_variable_V_d_lvf":0.0,"data_set_value_component_lvf_calculator_variable_P_0_lvf":0.1203,"data_set_value_component_lvf_calculator_variable_lambda_lvf":0.033,"data_set_value_component_lvf_calculator_variable_V_0_lvf":0.0,"data_set_value_component_right_ventricle_variable_V_rvf":93.8520936693,"data_set_value_component_right_ventricle_variable_P_rvf":1.652736925,"data_set_value_component_right_ventricle_variable_P_rv":-2.5245961501,"data_set_value_component_right_ventricle_variable_V_rv":90.7302,"data_set_value_component_rvf_calculator_variable_P_es_rvf":54.9034747966,"data_set_value_component_rvf_calculator_variable_P_ed_rvf":1.6520442678,"data_set_value_component_rvf_calculator_variable_E_es_rvf":0.585,"data_set_value_component_rvf_calculator_variable_V_d_rvf":0.0,"data_set_value_component_rvf_calculator_variable_P_0_rvf":0.2157,"data_set_value_component_rvf_calculator_variable_lambda_rvf":0.023,"data_set_value_component_rvf_calculator_variable_V_0_rvf":0.0,"data_set_value_component_septum_variable_V_spt":3.1218936693,"data_set_value_component_septum_variable_E_es_spt":48.754,"data_set_value_component_septum_variable_V_d_spt":2.0,"data_set_value_component_septum_variable_P_0_spt":1.1101,"data_set_value_component_septum_variable_lambda_spt":0.435,"data_set_value_component_septum_variable_V_0_spt":2.0,"data_set_value_component_septum_variable_one":1.0,"data_set_value_component_pulmonary_artery_variable_P_pa":11.8715387,"data_set_value_component_pulmonary_artery_variable_E_es_pa":0.369,"data_set_value_component_pulmonary_artery_variable_V_pa":43.0123,"data_set_value_component_pulmonary_artery_variable_V_d_pa":0.0,"data_set_value_component_pulmonary_vein_variable_P_pu":1.90174267,"data_set_value_component_pulmonary_vein_variable_E_es_pu":0.0073,"data_set_value_component_pulmonary_vein_variable_V_pu":808.4579,"data_set_value_component_pulmonary_vein_variable_V_d_pu":0.0,"data_set_value_component_aorta_variable_P_ao":92.17662853,"data_set_value_component_aorta_variable_E_es_ao":0.6913,"data_set_value_component_aorta_variable_V_ao":133.3381,"data_set_value_component_aorta_variable_V_d_ao":0.0,"data_set_value_component_vena_cava_variable_P_vc":1.94570377,"data_set_value_component_vena_cava_variable_E_es_vc":0.0059,"data_set_value_component_vena_cava_variable_V_vc":329.7803,"data_set_value_component_vena_cava_variable_V_d_vc":0.0,"data_set_value_component_flow_variable_Q_sys":82.8642894297,"data_set_value_component_flow_variable_Q_pul":64.238376482,"data_set_value_component_flow_variable_Q_mt":245.5813,"data_set_value_component_flow_variable_Q_av":0.0,"data_set_value_component_flow_variable_Q_tc":190.0661,"data_set_value_component_flow_variable_Q_pv":0.0},{"data_set_value_component_environment_variable_time":0.1,"data_set_value_component_heart_parameters_variable_R_mt":0.0158,"data_set_value_component_heart_parameters_variable_R_av":0.018,"data_set_value_component_heart_parameters_variable_R_tc":0.0237,"data_set_value_component_heart_parameters_variable_R_pv":0.0055,"data_set_value_component_heart_parameters_variable_R_pul":0.1552,"data_set_value_component_heart_parameters_variable_R_sys":1.0889,"data_set_value_component_heart_parameters_variable_L_tc":0.000080093,"data_set_value_component_heart_parameters_variable_L_pv":0.00014868,"data_set_value_component_heart_parameters_variable_L_mt":0.000076968,"data_set_value_component_heart_parameters_variable_L_av":0.00012189,"data_set_value_component_heart_parameters_variable_V_tot":5.5,"data_set_value_component_heart_parameters_variable_P_th":-4.0,"data_set_value_component_driver_function_variable_e_t":0.002357862,"data_set_value_component_driver_function_variable_A":1.0,"data_set_value_component_driver_function_variable_B":80.0,"data_set_value_component_driver_function_variable_C":0.375,"data_set_value_component_driver_function_variable_tau":0.1,"data_set_value_component_driver_function_variable_period":0.75,"data_set_value_component_pericardium_variable_V_pcd":217.3853928368,"data_set_value_component_pericardium_variable_P_pcd":0.3425337309,"data_set_value_component_pericardium_variable_P_peri":-3.6574662691,"data_set_value_component_pericardium_variable_P_0_pcd":0.5003,"data_set_value_component_pericardium_variable_V_0_pcd":200.0,"data_set_value_component_pericardium_variable_lambda_pcd":0.03,"data_set_value_component_left_ventricle_variable_V_lvf":106.6036531806,"data_set_value_component_left_ventricle_variable_P_lvf":4.6501017181,"data_set_value_component_left_ventricle_variable_P_lv":0.9926354491,"data_set_value_component_left_ventricle_variable_V_lv":110.7541732552,"data_set_value_component_lvf_calculator_variable_P_es_lvf":306.9972004294,"data_set_value_component_lvf_calculator_variable_P_ed_lvf":3.9355241059,"data_set_value_component_lvf_calculator_variable_E_es_lvf":2.8798,"data_set_value_component_lvf_calculator_variable_V_d_lvf":0.0,"data_set_value_component_lvf_calculator_variable_P_0_lvf":0.1203,"data_set_value_component_lvf_calculator_variable_lambda_lvf":0.033,"data_set_value_component_lvf_calculator_variable_V_0_lvf":0.0,"data_set_value_component_right_ventricle_variable_V_rvf":110.7817396562,"data_set_value_component_right_ventricle_variable_P_rvf":2.6880325885,"data_set_value_component_right_ventricle_variable_P_rv":-0.9694336805,"data_set_value_component_right_ventricle_variable_V_rv":106.6312195816,"data_set_value_component_rvf_calculator_variable_P_es_rvf":64.8073176989,"data_set_value_component_rvf_calculator_variable_P_ed_rvf":2.5412177171,"data_set_value_component_rvf_calculator_variable_E_es_rvf":0.585,"data_set_value_component_rvf_calculator_variable_V_d_rvf":0.0,"data_set_value_component_rvf_calculator_variable_P_0_rvf":0.2157,"data_set_value_component_rvf_calculator_variable_lambda_rvf":0.023,"data_set_value_component_rvf_calculator_variable_V_0_rvf":0.0,"data_set_value_component_septum_variable_V_spt":4.1505200747,"data_set_value_component_septum_variable_E_es_spt":48.754,"data_set_value_component_septum_variable_V_d_spt":2.0,"data_set_value_component_septum_variable_P_0_spt":1.1101,"data_set_value_component_septum_variable_lambda_spt":0.435,"data_set_value_component_septum_variable_V_0_spt":2.0,"data_set_value_component_septum_variable_one":1.0,"data_set_value_component_pulmonary_artery_variable_P_pa":9.7515035156,"data_set_value_component_pulmonary_artery_variable_E_es_pa":0.369,"data_set_value_component_pulmonary_artery_variable_V_pa":37.2669471967,"data_set_value_component_pulmonary_artery_variable_V_d_pa":0.0,"data_set_value_component_pulmonary_vein_variable_P_pu":1.8263510407,"data_set_value_component_pulmonary_vein_variable_E_es_pu":0.0073,"data_set_value_component_pulmonary_vein_variable_V_pu":798.1302795481,"data_set_value_component_pulmonary_vein_variable_V_d_pu":0.0,"data_set_value_component_aorta_variable_P_ao":86.6246416898,"data_set_value_component_aorta_variable_E_es_ao":0.6913,"data_set_value_component_aorta_variable_V_ao":125.3068735568,"data_set_value_component_aorta_variable_V_d_ao":0.0,"data_set_value_component_vena_cava_variable_P_vc":1.8992719905,"data_set_value_component_vena_cava_variable_E_es_vc":0.0059,"data_set_value_component_vena_cava_variable_V_vc":321.9105068616,"data_set_value_component_vena_cava_variable_V_d_vc":0.0,"data_set_value_component_flow_variable_Q_sys":77.8082190278,"data_set_value_component_flow_variable_Q_pul":51.0641267711,"data_set_value_component_flow_variable_Q_mt":65.2734511267,"data_set_value_component_flow_variable_Q_av":-0.0000000476,"data_set_value_component_flow_variable_Q_tc":123.8360028739,"data_set_value_component_flow_variable_Q_pv":-0.000000006},{"data_set_value_component_environment_variable_time":0.2,"data_set_value_component_heart_parameters_variable_R_mt":0.0158,"data_set_value_component_heart_parameters_variable_R_av":0.018,"data_set_value_component_heart_parameters_variable_R_tc":0.0237,"data_set_value_component_heart_parameters_variable_R_pv":0.0055,"data_set_value_component_heart_parameters_variable_R_pul":0.1552,"data_set_value_component_heart_parameters_variable_R_sys":1.0889,"data_set_value_component_heart_parameters_variable_L_tc":0.000080093,"data_set_value_component_heart_parameters_variable_L_pv":0.00014868,"data_set_value_component_heart_parameters_variable_L_mt":0.000076968,"data_set_value_component_heart_parameters_variable_L_av":0.00012189,"data_set_value_component_heart_parameters_variable_V_tot":5.5,"data_set_value_component_heart_parameters_variable_P_th":-4.0,"data_set_value_component_driver_function_variable_e_t":0.0862935865,"data_set_value_component_driver_function_variable_A":1.0,"data_set_value_component_driver_function_variable_B":80.0,"data_set_value_component_driver_function_variable_C":0.375,"data_set_value_component_driver_function_variable_tau":0.2,"data_set_value_component_driver_function_variable_period":0.75,"data_set_value_component_pericardium_variable_V_pcd":223.8345688317,"data_set_value_component_pericardium_variable_P_pcd":0.5224445044,"data_set_value_component_pericardium_variable_P_peri":-3.4775554956,"data_set_value_component_pericardium_variable_P_0_pcd":0.5003,"data_set_value_component_pericardium_variable_V_0_pcd":200.0,"data_set_value_component_pericardium_variable_lambda_pcd":0.03,"data_set_value_component_left_ventricle_variable_V_lvf":105.5693865427,"data_set_value_component_left_ventricle_variable_P_lvf":29.7064303833,"data_set_value_component_left_ventricle_variable_P_lv":26.2288748877,"data_set_value_component_left_ventricle_variable_V_lv":111.4716066058,"data_set_value_component_lvf_calculator_variable_P_es_lvf":304.0187193656,"data_set_value_component_lvf_calculator_variable_P_ed_lvf":3.7994312779,"data_set_value_component_lvf_calculator_variable_E_es_lvf":2.8798,"data_set_value_component_lvf_calculator_variable_V_d_lvf":0.0,"data_set_value_component_lvf_calculator_variable_P_0_lvf":0.1203,"data_set_value_component_lvf_calculator_variable_lambda_lvf":0.033,"data_set_value_component_lvf_calculator_variable_V_0_lvf":0.0,"data_set_value_component_right_ventricle_variable_V_rvf":118.2651822891,"data_set_value_component_right_ventricle_variable_P_rvf":8.7652796273,"data_set_value_component_right_ventricle_variable_P_rv":5.2877241317,"data_set_value_component_right_ventricle_variable_V_rv":112.3629622259,"data_set_value_component_rvf_calculator_variable_P_es_rvf":69.1851316391,"data_set_value_component_rvf_calculator_variable_P_ed_rvf":3.0590203203,"data_set_value_component_rvf_calculator_variable_E_es_rvf":0.585,"data_set_value_component_rvf_calculator_variable_V_d_rvf":0.0,"data_set_value_component_rvf_calculator_variable_P_0_rvf":0.2157,"data_set_value_component_rvf_calculator_variable_lambda_rvf":0.023,"data_set_value_component_rvf_calculator_variable_V_0_rvf":0.0,"data_set_value_component_septum_variable_V_spt":5.9022200632,"data_set_value_component_septum_variable_E_es_spt":48.754,"data_set_value_component_septum_variable_V_d_spt":2.0,"data_set_value_component_septum_variable_P_0_spt":1.1101,"data_set_value_component_septum_variable_lambda_spt":0.435,"data_set_value_component_septum_variable_V_0_spt":2.0,"data_set_value_component_septum_variable_one":1.0,"data_set_value_component_pulmonary_artery_variable_P_pa":8.0772261989,"data_set_value_component_pulmonary_artery_variable_E_es_pa":0.369,"data_set_value_component_pulmonary_artery_variable_V_pa":32.7296102951,"data_set_value_component_pulmonary_artery_variable_V_d_pa":0.0,"data_set_value_component_pulmonary_vein_variable_P_pu":1.8542363366,"data_set_value_component_pulmonary_vein_variable_E_es_pu":0.0073,"data_set_value_component_pulmonary_vein_variable_V_pu":801.950183099,"data_set_value_component_pulmonary_vein_variable_V_d_pu":0.0,"data_set_value_component_aorta_variable_P_ao":81.4128256321,"data_set_value_component_aorta_variable_E_es_ao":0.6913,"data_set_value_component_aorta_variable_V_ao":117.7677211516,"data_set_value_component_aorta_variable_V_d_ao":0.0,"data_set_value_component_vena_cava_variable_P_vc":1.9099357081,"data_set_value_component_vena_cava_variable_E_es_vc":0.0059,"data_set_value_component_vena_cava_variable_V_vc":323.7179166225,"data_set_value_component_vena_cava_variable_V_d_vc":0.0,"data_set_value_component_flow_variable_Q_sys":73.0121130719,"data_set_value_component_flow_variable_Q_pul":40.0965841641,"data_set_value_component_flow_variable_Q_mt":-0.0000006368,"data_set_value_component_flow_variable_Q_av":-0.0000000476,"data_set_value_component_flow_variable_Q_tc":-0.0000005125,"data_set_value_component_flow_variable_Q_pv":-0.000000006},{"data_set_value_component_environment_variable_time":0.3,"data_set_value_component_heart_parameters_variable_R_mt":0.0158,"data_set_value_component_heart_parameters_variable_R_av":0.018,"data_set_value_component_heart_parameters_variable_R_tc":0.0237,"data_set_value_component_heart_parameters_variable_R_pv":0.0055,"data_set_value_component_heart_parameters_variable_R_pul":0.1552,"data_set_value_component_heart_parameters_variable_R_sys":1.0889,"data_set_value_component_heart_parameters_variable_L_tc":0.000080093,"data_set_value_component_heart_parameters_variable_L_pv":0.00014868,"data_set_value_component_heart_parameters_variable_L_mt":0.000076968,"data_set_value_component_heart_parameters_variable_L_av":0.00012189,"data_set_value_component_heart_parameters_variable_V_tot":5.5,"data_set_value_component_heart_parameters_variable_P_th":-4.0,"data_set_value_component_driver_function_variable_e_t":0.6376281516,"data_set_value_component_driver_function_variable_A":1.0,"data_set_value_component_driver_function_variable_B":80.0,"data_set_value_component_driver_function_variable_C":0.375,"data_set_value_component_driver_function_variable_tau":0.3,"data_set_value_component_driver_function_variable_period":0.75,"data_set_value_component_pericardium_variable_V_pcd":137.8021294772,"data_set_value_component_pericardium_variable_P_pcd":-0.4228779361,"data_set_value_component_pericardium_variable_P_peri":-4.4228779361,"data_set_value_component_pericardium_variable_P_0_pcd":0.5003,"data_set_value_component_pericardium_variable_V_0_pcd":200.0,"data_set_value_component_pericardium_variable_lambda_pcd":0.03,"data_set_value_component_left_ventricle_variable_V_lvf":65.0283419287,"data_set_value_component_left_ventricle_variable_P_lvf":119.7368746028,"data_set_value_component_left_ventricle_variable_P_lv":115.3139966667,"data_set_value_component_left_ventricle_variable_V_lv":69.9624834594,"data_set_value_component_lvf_calculator_variable_P_es_lvf":187.2686190864,"data_set_value_component_lvf_calculator_variable_P_ed_lvf":0.908269115,"data_set_value_component_lvf_calculator_variable_E_es_lvf":2.8798,"data_set_value_component_lvf_calculator_variable_V_d_lvf":0.0,"data_set_value_component_lvf_calculator_variable_P_0_lvf":0.1203,"data_set_value_component_lvf_calculator_variable_lambda_lvf":0.033,"data_set_value_component_lvf_calculator_variable_V_0_lvf":0.0,"data_set_value_component_right_ventricle_variable_V_rvf":72.7737875484,"data_set_value_component_right_ventricle_variable_P_rvf":27.4841643698,"data_set_value_component_right_ventricle_variable_P_rv":23.0612864337,"data_set_value_component_right_ventricle_variable_V_rv":67.8396460178,"data_set_value_component_rvf_calculator_variable_P_es_rvf":42.5726657158,"data_set_value_component_rvf_calculator_variable_P_ed_rvf":0.9344937288,"data_set_value_component_rvf_calculator_variable_E_es_rvf":0.585,"data_set_value_component_rvf_calculator_variable_V_d_rvf":0.0,"data_set_value_component_rvf_calculator_variable_P_0_rvf":0.2157,"data_set_value_component_rvf_calculator_variable_lambda_rvf":0.023,"data_set_value_component_rvf_calculator_variable_V_0_rvf":0.0,"data_set_value_component_septum_variable_V_spt":4.9341415307,"data_set_value_component_septum_variable_E_es_spt":48.754,"data_set_value_component_septum_variable_V_d_spt":2.0,"data_set_value_component_septum_variable_P_0_spt":1.1101,"data_set_value_component_septum_variable_lambda_spt":0.435,"data_set_value_component_septum_variable_V_0_spt":2.0,"data_set_value_component_septum_variable_one":1.0,"data_set_value_component_pulmonary_artery_variable_P_pa":21.9956512999,"data_set_value_component_pulmonary_artery_variable_E_es_pa":0.369,"data_set_value_component_pulmonary_artery_variable_V_pa":70.4489195119,"data_set_value_component_pulmonary_artery_variable_V_d_pa":0.0,"data_set_value_component_pulmonary_vein_variable_P_pu":1.9039055877,"data_set_value_component_pulmonary_vein_variable_E_es_pu":0.0073,"data_set_value_component_pulmonary_vein_variable_V_pu":808.7541900904,"data_set_value_component_pulmonary_vein_variable_V_d_pu":0.0,"data_set_value_component_aorta_variable_P_ao":104.8149400862,"data_set_value_component_aorta_variable_E_es_ao":0.6913,"data_set_value_component_aorta_variable_V_ao":151.6200493074,"data_set_value_component_aorta_variable_V_d_ao":0.0,"data_set_value_component_vena_cava_variable_P_vc":1.9551107985,"data_set_value_component_vena_cava_variable_E_es_vc":0.0059,"data_set_value_component_vena_cava_variable_V_vc":331.3747116131,"data_set_value_component_vena_cava_variable_V_d_vc":0.0,"data_set_value_component_flow_variable_Q_sys":94.4621446301,"data_set_value_component_flow_variable_Q_pul":129.4571244346,"data_set_value_component_flow_variable_Q_mt":-0.0000006368,"data_set_value_component_flow_variable_Q_av":705.2056211486,"data_set_value_component_flow_variable_Q_tc":-0.0000005125,"data_set_value_component_flow_variable_Q_pv":540.5963042648},{"data_set_value_component_environment_variable_time":0.4,"data_set_value_component_heart_parameters_variable_R_mt":0.0158,"data_set_value_component_heart_parameters_variable_R_av":0.018,"data_set_value_component_heart_parameters_variable_R_tc":0.0237,"data_set_value_component_heart_parameters_variable_R_pv":0.0055,"data_set_value_component_heart_parameters_variable_R_pul":0.1552,"data_set_value_component_heart_parameters_variable_R_sys":1.0889,"data_set_value_component_heart_parameters_variable_L_tc":0.000080093,"data_set_value_component_heart_parameters_variable_L_pv":0.00014868,"data_set_value_component_heart_parameters_variable_L_mt":0.000076968,"data_set_value_component_heart_parameters_variable_L_av":0.00012189,"data_set_value_component_heart_parameters_variable_V_tot":5.5,"data_set_value_component_heart_parameters_variable_P_th":-4.0,"data_set_value_component_driver_function_variable_e_t":0.9512294245,"data_set_value_component_driver_function_variable_A":1.0,"data_set_value_component_driver_function_variable_B":80.0,"data_set_value_component_driver_function_variable_C":0.375,"data_set_value_component_driver_function_variable_tau":0.4,"data_set_value_component_driver_function_variable_period":0.75,"data_set_value_component_pericardium_variable_V_pcd":91.7869274494,"data_set_value_component_pericardium_variable_P_pcd":-0.4808311502,"data_set_value_component_pericardium_variable_P_peri":-4.4808311502,"data_set_value_component_pericardium_variable_P_0_pcd":0.5003,"data_set_value_component_pericardium_variable_V_0_pcd":200.0,"data_set_value_component_pericardium_variable_lambda_pcd":0.03,"data_set_value_component_left_ventricle_variable_V_lvf":41.7592303226,"data_set_value_component_left_ventricle_variable_P_lvf":114.4105770462,"data_set_value_component_left_ventricle_variable_P_lv":109.929745896,"data_set_value_component_left_ventricle_variable_V_lv":45.6240057903,"data_set_value_component_lvf_calculator_variable_P_es_lvf":120.2582314829,"data_set_value_component_lvf_calculator_variable_P_ed_lvf":0.3569513177,"data_set_value_component_lvf_calculator_variable_E_es_lvf":2.8798,"data_set_value_component_lvf_calculator_variable_V_d_lvf":0.0,"data_set_value_component_lvf_calculator_variable_P_0_lvf":0.1203,"data_set_value_component_lvf_calculator_variable_lambda_lvf":0.033,"data_set_value_component_lvf_calculator_variable_V_0_lvf":0.0,"data_set_value_component_right_ventricle_variable_V_rvf":50.0276971268,"data_set_value_component_right_ventricle_variable_P_rvf":27.8615982225,"data_set_value_component_right_ventricle_variable_P_rv":23.3807670723,"data_set_value_component_right_ventricle_variable_V_rv":46.1629216591,"data_set_value_component_rvf_calculator_variable_P_es_rvf":29.2662028192,"data_set_value_component_rvf_calculator_variable_P_ed_rvf":0.4659563105,"data_set_value_component_rvf_calculator_variable_E_es_rvf":0.585,"data_set_value_component_rvf_calculator_variable_V_d_rvf":0.0,"data_set_value_component_rvf_calculator_variable_P_0_rvf":0.2157,"data_set_value_component_rvf_calculator_variable_lambda_rvf":0.023,"data_set_value_component_rvf_calculator_variable_V_0_rvf":0.0,"data_set_value_component_septum_variable_V_spt":3.8647754678,"data_set_value_component_septum_variable_E_es_spt":48.754,"data_set_value_component_septum_variable_V_d_spt":2.0,"data_set_value_component_septum_variable_P_0_spt":1.1101,"data_set_value_component_septum_variable_lambda_spt":0.435,"data_set_value_component_septum_variable_V_0_spt":2.0,"data_set_value_component_septum_variable_one":1.0,"data_set_value_component_pulmonary_artery_variable_P_pa":24.5568653617,"data_set_value_component_pulmonary_artery_variable_E_es_pa":0.369,"data_set_value_component_pulmonary_artery_variable_V_pa":77.3898790291,"data_set_value_component_pulmonary_artery_variable_V_d_pa":0.0,"data_set_value_component_pulmonary_vein_variable_P_pu":2.011476671,"data_set_value_component_pulmonary_vein_variable_E_es_pu":0.0073,"data_set_value_component_pulmonary_vein_variable_V_pu":823.4899549319,"data_set_value_component_pulmonary_vein_variable_V_d_pu":0.0,"data_set_value_component_aorta_variable_P_ao":114.5423003862,"data_set_value_component_aorta_variable_E_es_ao":0.6913,"data_set_value_component_aorta_variable_V_ao":165.6911621383,"data_set_value_component_aorta_variable_V_d_ao":0.0,"data_set_value_component_vena_cava_variable_P_vc":2.0156882511,"data_set_value_component_vena_cava_variable_E_es_vc":0.0059,"data_set_value_component_vena_cava_variable_V_vc":341.6420764513,"data_set_value_component_vena_cava_variable_V_d_vc":0.0,"data_set_value_component_flow_variable_Q_sys":103.3397117597,"data_set_value_component_flow_variable_Q_pul":145.2666797084,"data_set_value_component_flow_variable_Q_mt":-0.0000006368,"data_set_value_component_flow_variable_Q_av":-0.0000016352,"data_set_value_component_flow_variable_Q_tc":-0.0000005125,"data_set_value_component_flow_variable_Q_pv":-0.0000025562},{"data_set_value_component_environment_variable_time":0.5,"data_set_value_component_heart_parameters_variable_R_mt":0.0158,"data_set_value_component_heart_parameters_variable_R_av":0.018,"data_set_value_component_heart_parameters_variable_R_tc":0.0237,"data_set_value_component_heart_parameters_variable_R_pv":0.0055,"data_set_value_component_heart_parameters_variable_R_pul":0.1552,"data_set_value_component_heart_parameters_variable_R_sys":1.0889,"data_set_value_component_heart_parameters_variable_L_tc":0.000080093,"data_set_value_component_heart_parameters_variable_L_pv":0.00014868,"data_set_value_component_heart_parameters_variable_L_mt":0.000076968,"data_set_value_component_heart_parameters_variable_L_av":0.00012189,"data_set_value_component_heart_parameters_variable_V_tot":5.5,"data_set_value_component_heart_parameters_variable_P_th":-4.0,"data_set_value_component_driver_function_variable_e_t":0.2865047969,"data_set_value_component_driver_function_variable_A":1.0,"data_set_value_component_driver_function_variable_B":80.0,"data_set_value_component_driver_function_variable_C":0.375,"data_set_value_component_driver_function_variable_tau":0.5,"data_set_value_component_driver_function_variable_period":0.75,"data_set_value_component_pericardium_variable_V_pcd":91.7869274494,"data_set_value_component_pericardium_variable_P_pcd":-0.4808311502,"data_set_value_component_pericardium_variable_P_peri":-4.4808311502,"data_set_value_component_pericardium_variable_P_0_pcd":0.5003,"data_set_value_component_pericardium_variable_V_0_pcd":200.0,"data_set_value_component_pericardium_variable_lambda_pcd":0.03,"data_set_value_component_left_ventricle_variable_V_lvf":41.8256709227,"data_set_value_component_left_ventricle_variable_P_lvf":34.7648092286,"data_set_value_component_left_ventricle_variable_P_lv":30.2839780784,"data_set_value_component_left_ventricle_variable_V_lv":45.6240057903,"data_set_value_component_lvf_calculator_variable_P_es_lvf":120.4495671232,"data_set_value_component_lvf_calculator_variable_P_ed_lvf":0.3579988582,"data_set_value_component_lvf_calculator_variable_E_es_lvf":2.8798,"data_set_value_component_lvf_calculator_variable_V_d_lvf":0.0,"data_set_value_component_lvf_calculator_variable_P_0_lvf":0.1203,"data_set_value_component_lvf_calculator_variable_lambda_lvf":0.033,"data_set_value_component_lvf_calculator_variable_V_0_lvf":0.0,"data_set_value_component_right_ventricle_variable_V_rvf":49.9612565267,"data_set_value_component_right_ventricle_variable_P_rvf":8.7054866356,"data_set_value_component_right_ventricle_variable_P_rv":4.2246554854,"data_set_value_component_right_ventricle_variable_V_rv":46.1629216591,"data_set_value_component_rvf_calculator_variable_P_es_rvf":29.2273350681,"data_set_value_component_rvf_calculator_variable_P_ed_rvf":0.464915444,"data_set_value_component_rvf_calculator_variable_E_es_rvf":0.585,"data_set_value_component_rvf_calculator_variable_V_d_rvf":0.0,"data_set_value_component_rvf_calculator_variable_P_0_rvf":0.2157,"data_set_value_component_rvf_calculator_variable_lambda_rvf":0.023,"data_set_value_component_rvf_calculator_variable_V_0_rvf":0.0,"data_set_value_component_septum_variable_V_spt":3.7983348676,"data_set_value_component_septum_variable_E_es_spt":48.754,"data_set_value_component_septum_variable_V_d_spt":2.0,"data_set_value_component_septum_variable_P_0_spt":1.1101,"data_set_value_component_septum_variable_lambda_spt":0.435,"data_set_value_component_septum_variable_V_0_spt":2.0,"data_set_value_component_septum_variable_one":1.0,"data_set_value_component_pulmonary_artery_variable_P_pa":19.7968841936,"data_set_value_component_pulmonary_artery_variable_E_es_pa":0.369,"data_set_value_component_pulmonary_artery_variable_V_pa":64.4902010667,"data_set_value_component_pulmonary_artery_variable_V_d_pa":0.0,"data_set_value_component_pulmonary_vein_variable_P_pu":2.1056443201,"data_set_value_component_pulmonary_vein_variable_E_es_pu":0.0073,"data_set_value_component_pulmonary_vein_variable_V_pu":836.3896328943,"data_set_value_component_pulmonary_vein_variable_V_d_pu":0.0,"data_set_value_component_aorta_variable_P_ao":107.6223284618,"data_set_value_component_aorta_variable_E_es_ao":0.6913,"data_set_value_component_aorta_variable_V_ao":155.6810769012,"data_set_value_component_aorta_variable_V_d_ao":0.0,"data_set_value_component_vena_cava_variable_P_vc":2.074747754,"data_set_value_component_vena_cava_variable_E_es_vc":0.0059,"data_set_value_component_vena_cava_variable_V_vc":351.6521616884,"data_set_value_component_vena_cava_variable_V_d_vc":0.0,"data_set_value_component_flow_variable_Q_sys":96.9304625841,"data_set_value_component_flow_variable_Q_pul":113.9899476384,"data_set_value_component_flow_variable_Q_mt":-0.0000006368,"data_set_value_component_flow_variable_Q_av":-0.0000016352,"data_set_value_component_flow_variable_Q_tc":-0.0000005125,"data_set_value_component_flow_variable_Q_pv":-0.0000025562},{"data_set_value_component_environment_variable_time":0.6,"data_set_value_component_heart_parameters_variable_R_mt":0.0158,"data_set_value_component_heart_parameters_variable_R_av":0.018,"data_set_value_component_heart_parameters_variable_R_tc":0.0237,"data_set_value_component_heart_parameters_variable_R_pv":0.0055,"data_set_value_component_heart_parameters_variable_R_pul":0.1552,"data_set_value_component_heart_parameters_variable_R_sys":1.0889,"data_set_value_component_heart_parameters_variable_L_tc":0.000080093,"data_set_value_component_heart_parameters_variable_L_pv":0.00014868,"data_set_value_component_heart_parameters_variable_L_mt":0.000076968,"data_set_value_component_heart_parameters_variable_L_av":0.00012189,"data_set_value_component_heart_parameters_variable_V_tot":5.5,"data_set_value_component_heart_parameters_variable_P_th":-4.0,"data_set_value_component_driver_function_variable_e_t":0.0174223746,"data_set_value_component_driver_function_variable_A":1.0,"data_set_value_component_driver_function_variable_B":80.0,"data_set_value_component_driver_function_variable_C":0.375,"data_set_value_component_driver_function_variable_tau":0.6,"data_set_value_component_driver_function_variable_period":0.75,"data_set_value_component_pericardium_variable_V_pcd":107.2633700157,"data_set_value_component_pericardium_variable_P_pcd":-0.4693272118,"data_set_value_component_pericardium_variable_P_peri":-4.4693272118,"data_set_value_component_pericardium_variable_P_0_pcd":0.5003,"data_set_value_component_pericardium_variable_V_0_pcd":200.0,"data_set_value_component_pericardium_variable_lambda_pcd":0.03,"data_set_value_component_left_ventricle_variable_V_lvf":46.2336548347,"data_set_value_component_left_ventricle_variable_P_lvf":2.745025843,"data_set_value_component_left_ventricle_variable_P_lv":-1.7243013688,"data_set_value_component_left_ventricle_variable_V_lv":49.2516161257,"data_set_value_component_lvf_calculator_variable_P_es_lvf":133.1436791929,"data_set_value_component_lvf_calculator_variable_P_ed_lvf":0.4328887329,"data_set_value_component_lvf_calculator_variable_E_es_lvf":2.8798,"data_set_value_component_lvf_calculator_variable_V_d_lvf":0.0,"data_set_value_component_lvf_calculator_variable_P_0_lvf":0.1203,"data_set_value_component_lvf_calculator_variable_lambda_lvf":0.033,"data_set_value_component_lvf_calculator_variable_V_0_lvf":0.0,"data_set_value_component_right_ventricle_variable_V_rvf":61.0297151811,"data_set_value_component_right_ventricle_variable_P_rvf":1.2727171125,"data_set_value_component_right_ventricle_variable_P_rv":-3.1966100993,"data_set_value_component_right_ventricle_variable_V_rv":58.01175389,"data_set_value_component_rvf_calculator_variable_P_es_rvf":35.7023833809,"data_set_value_component_rvf_calculator_variable_P_ed_rvf":0.6622345115,"data_set_value_component_rvf_calculator_variable_E_es_rvf":0.585,"data_set_value_component_rvf_calculator_variable_V_d_rvf":0.0,"data_set_value_component_rvf_calculator_variable_P_0_rvf":0.2157,"data_set_value_component_rvf_calculator_variable_lambda_rvf":0.023,"data_set_value_component_rvf_calculator_variable_V_0_rvf":0.0,"data_set_value_component_septum_variable_V_spt":3.017961291,"data_set_value_component_septum_variable_E_es_spt":48.754,"data_set_value_component_septum_variable_V_d_spt":2.0,"data_set_value_component_septum_variable_P_0_spt":1.1101,"data_set_value_component_septum_variable_lambda_spt":0.435,"data_set_value_component_septum_variable_V_0_spt":2.0,"data_set_value_component_septum_variable_one":1.0,"data_set_value_component_pulmonary_artery_variable_P_pa":16.0611037214,"data_set_value_component_pulmonary_artery_variable_E_es_pa":0.369,"data_set_value_component_pulmonary_artery_variable_V_pa":54.3661347464,"data_set_value_component_pulmonary_artery_variable_V_d_pa":0.0,"data_set_value_component_pulmonary_vein_variable_P_pu":2.1530684488,"data_set_value_component_pulmonary_vein_variable_E_es_pu":0.0073,"data_set_value_component_pulmonary_vein_variable_V_pu":842.8860888792,"data_set_value_component_pulmonary_vein_variable_V_d_pu":0.0,"data_set_value_component_aorta_variable_P_ao":101.1301738081,"data_set_value_component_aorta_variable_E_es_ao":0.6913,"data_set_value_component_aorta_variable_V_ao":146.2898507278,"data_set_value_component_aorta_variable_V_d_ao":0.0,"data_set_value_component_vena_cava_variable_P_vc":2.0602478782,"data_set_value_component_vena_cava_variable_E_es_vc":0.0059,"data_set_value_component_vena_cava_variable_V_vc":349.1945556309,"data_set_value_component_vena_cava_variable_V_d_vc":0.0,"data_set_value_component_flow_variable_Q_sys":90.9816566534,"data_set_value_component_flow_variable_Q_pul":89.6136293339,"data_set_value_component_flow_variable_Q_mt":221.2372049942,"data_set_value_component_flow_variable_Q_av":-0.0000016352,"data_set_value_component_flow_variable_Q_tc":219.4149560178,"data_set_value_component_flow_variable_Q_pv":-0.0000025562},{"data_set_value_component_environment_variable_time":0.7,"data_set_value_component_heart_parameters_variable_R_mt":0.0158,"data_set_value_component_heart_parameters_variable_R_av":0.018,"data_set_value_component_heart_parameters_variable_R_tc":0.0237,"data_set_value_component_heart_parameters_variable_R_pv":0.0055,"data_set_value_component_heart_parameters_variable_R_pul":0.1552,"data_set_value_component_heart_parameters_variable_R_sys":1.0889,"data_set_value_component_heart_parameters_variable_L_tc":0.000080093,"data_set_value_component_heart_parameters_variable_L_pv":0.00014868,"data_set_value_component_heart_parameters_variable_L_mt":0.000076968,"data_set_value_component_heart_parameters_variable_L_av":0.00012189,"data_set_value_component_heart_parameters_variable_V_tot":5.5,"data_set_value_component_heart_parameters_variable_P_th":-4.0,"data_set_value_component_driver_function_variable_e_t":0.0002139004,"data_set_value_component_driver_function_variable_A":1.0,"data_set_value_component_driver_function_variable_B":80.0,"data_set_value_component_driver_function_variable_C":0.375,"data_set_value_component_driver_function_variable_tau":0.7,"data_set_value_component_driver_function_variable_period":0.75,"data_set_value_component_pericardium_variable_V_pcd":161.0282341982,"data_set_value_component_pericardium_variable_P_pcd":-0.3448918403,"data_set_value_component_pericardium_variable_P_peri":-4.3448918403,"data_set_value_component_pericardium_variable_P_0_pcd":0.5003,"data_set_value_component_pericardium_variable_V_0_pcd":200.0,"data_set_value_component_pericardium_variable_lambda_pcd":0.03,"data_set_value_component_left_ventricle_variable_V_lvf":77.9430738633,"data_set_value_component_left_ventricle_variable_P_lvf":1.5025577269,"data_set_value_component_left_ventricle_variable_P_lv":-2.8423341134,"data_set_value_component_left_ventricle_variable_V_lv":80.4021225699,"data_set_value_component_lvf_calculator_variable_P_es_lvf":224.4604641116,"data_set_value_component_lvf_calculator_variable_P_ed_lvf":1.4548567348,"data_set_value_component_lvf_calculator_variable_E_es_lvf":2.8798,"data_set_value_component_lvf_calculator_variable_V_d_lvf":0.0,"data_set_value_component_lvf_calculator_variable_P_0_lvf":0.1203,"data_set_value_component_lvf_calculator_variable_lambda_lvf":0.033,"data_set_value_component_lvf_calculator_variable_V_0_lvf":0.0,"data_set_value_component_right_ventricle_variable_V_rvf":83.0851603348,"data_set_value_component_right_ventricle_variable_P_rvf":1.2524692417,"data_set_value_component_right_ventricle_variable_P_rv":-3.0924225985,"data_set_value_component_right_ventricle_variable_V_rv":80.6261116282,"data_set_value_component_rvf_calculator_variable_P_es_rvf":48.6048187959,"data_set_value_component_rvf_calculator_variable_P_ed_rvf":1.2423383875,"data_set_value_component_rvf_calculator_variable_E_es_rvf":0.585,"data_set_value_component_rvf_calculator_variable_V_d_rvf":0.0,"data_set_value_component_rvf_calculator_variable_P_0_rvf":0.2157,"data_set_value_component_rvf_calculator_variable_lambda_rvf":0.023,"data_set_value_component_rvf_calculator_variable_V_0_rvf":0.0,"data_set_value_component_septum_variable_V_spt":2.4590487066,"data_set_value_component_septum_variable_E_es_spt":48.754,"data_set_value_component_septum_variable_V_d_spt":2.0,"data_set_value_component_septum_variable_P_0_spt":1.1101,"data_set_value_component_septum_variable_lambda_spt":0.435,"data_set_value_component_septum_variable_V_0_spt":2.0,"data_set_value_component_septum_variable_one":1.0,"data_set_value_component_pulmonary_artery_variable_P_pa":13.1005963174,"data_set_value_component_pulmonary_artery_variable_E_es_pa":0.369,"data_set_value_component_pulmonary_artery_variable_V_pa":46.3430794509,"data_set_value_component_pulmonary_artery_variable_V_d_pa":0.0,"data_set_value_component_pulmonary_vein_variable_P_pu":1.9842380554,"data_set_value_component_pulmonary_vein_variable_E_es_pu":0.0073,"data_set_value_component_pulmonary_vein_variable_V_pu":819.7586377305,"data_set_value_component_pulmonary_vein_variable_V_d_pu":0.0,"data_set_value_component_aorta_variable_P_ao":95.0335666347,"data_set_value_component_aorta_variable_E_es_ao":0.6913,"data_set_value_component_aorta_variable_V_ao":137.4708037533,"data_set_value_component_aorta_variable_V_d_ao":0.0,"data_set_value_component_vena_cava_variable_P_vc":1.9788555447,"data_set_value_component_vena_cava_variable_E_es_vc":0.0059,"data_set_value_component_vena_cava_variable_V_vc":335.3992448672,"data_set_value_component_vena_cava_variable_V_d_vc":0.0,"data_set_value_component_flow_variable_Q_sys":85.4575361282,"data_set_value_component_flow_variable_Q_pul":71.626019729,"data_set_value_component_flow_variable_Q_mt":310.5012755774,"data_set_value_component_flow_variable_Q_av":-0.0000016352,"data_set_value_component_flow_variable_Q_tc":215.4045065,"data_set_value_component_flow_variable_Q_pv":-0.0000025562},{"data_set_value_component_environment_variable_time":0.8,"data_set_value_component_heart_parameters_variable_R_mt":0.0158,"data_set_value_component_heart_parameters_variable_R_av":0.018,"data_set_value_component_heart_parameters_variable_R_tc":0.0237,"data_set_value_component_heart_parameters_variable_R_pv":0.0055,"data_set_value_component_heart_parameters_variable_R_pul":0.1552,"data_set_value_component_heart_parameters_variable_R_sys":1.0889,"data_set_value_component_heart_parameters_variable_L_tc":0.000080093,"data_set_value_component_heart_parameters_variable_L_pv":0.00014868,"data_set_value_component_heart_parameters_variable_L_mt":0.000076968,"data_set_value_component_heart_parameters_variable_L_av":0.00012189,"data_set_value_component_heart_parameters_variable_V_tot":5.5,"data_set_value_component_heart_parameters_variable_P_th":-4.0,"data_set_value_component_driver_function_variable_e_t":0.0002139004,"data_set_value_component_driver_function_variable_A":1.0,"data_set_value_component_driver_function_variable_B":80.0,"data_set_value_component_driver_function_variable_C":0.375,"data_set_value_component_driver_function_variable_tau":0.05,"data_set_value_component_driver_function_variable_period":0.75,"data_set_value_component_pericardium_variable_V_pcd":204.2396776264,"data_set_value_component_pericardium_variable_P_pcd":0.0678572604,"data_set_value_component_pericardium_variable_P_peri":-3.9321427396,"data_set_value_component_pericardium_variable_P_0_pcd":0.5003,"data_set_value_component_pericardium_variable_V_0_pcd":200.0,"data_set_value_component_pericardium_variable_lambda_pcd":0.03,"data_set_value_component_left_ventricle_variable_V_lvf":100.999090291,"data_set_value_component_left_ventricle_variable_P_lvf":3.3121985443,"data_set_value_component_left_ventricle_variable_P_lv":-0.6199441953,"data_set_value_component_left_ventricle_variable_V_lv":104.6641992612,"data_set_value_component_lvf_calculator_variable_P_es_lvf":290.85718022,"data_set_value_component_lvf_calculator_variable_P_ed_lvf":3.2506793943,"data_set_value_component_lvf_calculator_variable_E_es_lvf":2.8798,"data_set_value_component_lvf_calculator_variable_V_d_lvf":0.0,"data_set_value_component_lvf_calculator_variable_P_0_lvf":0.1203,"data_set_value_component_lvf_calculator_variable_lambda_lvf":0.033,"data_set_value_component_lvf_calculator_variable_V_0_lvf":0.0,"data_set_value_component_right_ventricle_variable_V_rvf":103.2405873354,"data_set_value_component_right_ventricle_variable_P_rvf":2.1146810169,"data_set_value_component_right_ventricle_variable_P_rv":-1.8174617227,"data_set_value_component_right_ventricle_variable_V_rv":99.5754783652,"data_set_value_component_rvf_calculator_variable_P_es_rvf":60.3957435912,"data_set_value_component_rvf_calculator_variable_P_ed_rvf":2.1022120062,"data_set_value_component_rvf_calculator_variable_E_es_rvf":0.585,"data_set_value_component_rvf_calculator_variable_V_d_rvf":0.0,"data_set_value_component_rvf_calculator_variable_P_0_rvf":0.2157,"data_set_value_component_rvf_calculator_variable_lambda_rvf":0.023,"data_set_value_component_rvf_calculator_variable_V_0_rvf":0.0,"data_set_value_component_septum_variable_V_spt":3.6651089702,"data_set_value_component_septum_variable_E_es_spt":48.754,"data_set_value_component_septum_variable_V_d_spt":2.0,"data_set_value_component_septum_variable_P_0_spt":1.1101,"data_set_value_component_septum_variable_lambda_spt":0.435,"data_set_value_component_septum_variable_V_0_spt":2.0,"data_set_value_component_septum_variable_one":1.0,"data_set_value_component_pulmonary_artery_variable_P_pa":10.7322586215,"data_set_value_component_pulmonary_artery_variable_E_es_pa":0.369,"data_set_value_component_pulmonary_artery_variable_V_pa":39.9248201125,"data_set_value_component_pulmonary_artery_variable_V_d_pa":0.0,"data_set_value_component_pulmonary_vein_variable_P_pu":1.8539781888,"data_set_value_component_pulmonary_vein_variable_E_es_pu":0.0073,"data_set_value_component_pulmonary_vein_variable_V_pu":801.9148203776,"data_set_value_component_pulmonary_vein_variable_V_d_pu":0.0,"data_set_value_component_aorta_variable_P_ao":89.3073992016,"data_set_value_component_aorta_variable_E_es_ao":0.6913,"data_set_value_component_aorta_variable_V_ao":129.1876163772,"data_set_value_component_aorta_variable_V_d_ao":0.0,"data_set_value_component_vena_cava_variable_P_vc":1.9159250865,"data_set_value_component_vena_cava_variable_E_es_vc":0.0059,"data_set_value_component_vena_cava_variable_V_vc":324.7330655063,"data_set_value_component_vena_cava_variable_V_d_vc":0.0,"data_set_value_component_flow_variable_Q_sys":80.2566572826,"data_set_value_component_flow_variable_Q_pul":57.2054151595,"data_set_value_component_flow_variable_Q_mt":164.7606353164,"data_set_value_component_flow_variable_Q_av":-0.0000016352,"data_set_value_component_flow_variable_Q_tc":159.7475994971,"data_set_value_component_flow_variable_Q_pv":-0.0000025562},{"data_set_value_component_environment_variable_time":0.9,"data_set_value_component_heart_parameters_variable_R_mt":0.0158,"data_set_value_component_heart_parameters_variable_R_av":0.018,"data_set_value_component_heart_parameters_variable_R_tc":0.0237,"data_set_value_component_heart_parameters_variable_R_pv":0.0055,"data_set_value_component_heart_parameters_variable_R_pul":0.1552,"data_set_value_component_heart_parameters_variable_R_sys":1.0889,"data_set_value_component_heart_parameters_variable_L_tc":0.000080093,"data_set_value_component_heart_parameters_variable_L_pv":0.00014868,"data_set_value_component_heart_parameters_variable_L_mt":0.000076968,"data_set_value_component_heart_parameters_variable_L_av":0.00012189,"data_set_value_component_heart_parameters_variable_V_tot":5.5,"data_set_value_component_heart_parameters_variable_P_th":-4.0,"data_set_value_component_driver_function_variable_e_t":0.0174223746,"data_set_value_component_driver_function_variable_A":1.0,"data_set_value_component_driver_function_variable_B":80.0,"data_set_value_component_driver_function_variable_C":0.375,"data_set_value_component_driver_function_variable_tau":0.15,"data_set_value_component_driver_function_variable_period":0.75,"data_set_value_component_pericardium_variable_V_pcd":222.9500967108,"data_set_value_component_pericardium_variable_P_pcd":0.4956637086,"data_set_value_component_pericardium_variable_P_peri":-3.5043362914,"data_set_value_component_pericardium_variable_P_0_pcd":0.5003,"data_set_value_component_pericardium_variable_V_0_pcd":200.0,"data_set_value_component_pericardium_variable_lambda_pcd":0.03,"data_set_value_component_left_ventricle_variable_V_lvf":106.5028795163,"data_set_value_component_left_ventricle_variable_P_lvf":9.1972912896,"data_set_value_component_left_ventricle_variable_P_lv":5.6929549982,"data_set_value_component_left_ventricle_variable_V_lv":111.3681684022,"data_set_value_component_lvf_calculator_variable_P_es_lvf":306.7069924312,"data_set_value_component_lvf_calculator_variable_P_ed_lvf":3.9220587396,"data_set_value_component_lvf_calculator_variable_E_es_lvf":2.8798,"data_set_value_component_lvf_calculator_variable_V_d_lvf":0.0,"data_set_value_component_lvf_calculator_variable_P_0_lvf":0.1203,"data_set_value_component_lvf_calculator_variable_lambda_lvf":0.033,"data_set_value_component_lvf_calculator_variable_V_0_lvf":0.0,"data_set_value_component_right_ventricle_variable_V_rvf":116.4472171945,"data_set_value_component_right_ventricle_variable_P_rvf":4.0607983975,"data_set_value_component_right_ventricle_variable_P_rv":0.5564621062,"data_set_value_component_right_ventricle_variable_V_rv":111.5819283087,"data_set_value_component_rvf_calculator_variable_P_es_rvf":68.1216220588,"data_set_value_component_rvf_calculator_variable_P_ed_rvf":2.9249169763,"data_set_value_component_rvf_calculator_variable_E_es_rvf":0.585,"data_set_value_component_rvf_calculator_variable_V_d_rvf":0.0,"data_set_value_component_rvf_calculator_variable_P_0_rvf":0.2157,"data_set_value_component_rvf_calculator_variable_lambda_rvf":0.023,"data_set_value_component_rvf_calculator_variable_V_0_rvf":0.0,"data_set_value_component_septum_variable_V_spt":4.8652888858,"data_set_value_component_septum_variable_E_es_spt":48.754,"data_set_value_component_septum_variable_V_d_spt":2.0,"data_set_value_component_septum_variable_P_0_spt":1.1101,"data_set_value_component_septum_variable_lambda_spt":0.435,"data_set_value_component_septum_variable_V_0_spt":2.0,"data_set_value_component_septum_variable_one":1.0,"data_set_value_component_pulmonary_artery_variable_P_pa":8.8499084391,"data_set_value_component_pulmonary_artery_variable_E_es_pa":0.369,"data_set_value_component_pulmonary_artery_variable_V_pa":34.8236001061,"data_set_value_component_pulmonary_artery_variable_V_d_pa":0.0,"data_set_value_component_pulmonary_vein_variable_P_pu":1.8422781201,"data_set_value_component_pulmonary_vein_variable_E_es_pu":0.0073,"data_set_value_component_pulmonary_vein_variable_V_pu":800.3120712431,"data_set_value_component_pulmonary_vein_variable_V_d_pu":0.0,"data_set_value_component_aorta_variable_P_ao":83.9306680737,"data_set_value_component_aorta_variable_E_es_ao":0.6913,"data_set_value_component_aorta_variable_V_ao":121.4099060808,"data_set_value_component_aorta_variable_V_d_ao":0.0,"data_set_value_component_vena_cava_variable_P_vc":1.8909755226,"data_set_value_component_vena_cava_variable_E_es_vc":0.0059,"data_set_value_component_vena_cava_variable_V_vc":320.5043258592,"data_set_value_component_vena_cava_variable_V_d_vc":0.0,"data_set_value_component_flow_variable_Q_sys":75.3418059979,"data_set_value_component_flow_variable_Q_pul":45.1522572104,"data_set_value_component_flow_variable_Q_mt":-0.0000002157,"data_set_value_component_flow_variable_Q_av":-0.0000016352,"data_set_value_component_flow_variable_Q_tc":62.8568624071,"data_set_value_component_flow_variable_Q_pv":-0.0000025562},{"data_set_value_component_environment_variable_time":1.0,"data_set_value_component_heart_parameters_variable_R_mt":0.0158,"data_set_value_component_heart_parameters_variable_R_av":0.018,"data_set_value_component_heart_parameters_variable_R_tc":0.0237,"data_set_value_component_heart_parameters_variable_R_pv":0.0055,"data_set_value_component_heart_parameters_variable_R_pul":0.1552,"data_set_value_component_heart_parameters_variable_R_sys":1.0889,"data_set_value_component_heart_parameters_variable_L_tc":0.000080093,"data_set_value_component_heart_parameters_variable_L_pv":0.00014868,"data_set_value_component_heart_parameters_variable_L_mt":0.000076968,"data_set_value_component_heart_parameters_variable_L_av":0.00012189,"data_set_value_component_heart_parameters_variable_V_tot":5.5,"data_set_value_component_heart_parameters_variable_P_th":-4.0,"data_set_value_component_driver_function_variable_e_t":0.2865047969,"data_set_value_component_driver_function_variable_A":1.0,"data_set_value_component_driver_function_variable_B":80.0,"data_set_value_component_driver_function_variable_C":0.375,"data_set_value_component_driver_function_variable_tau":0.25,"data_set_value_component_driver_function_variable_period":0.75,"data_set_value_component_pericardium_variable_V_pcd":215.085646313,"data_set_value_component_pericardium_variable_P_pcd":0.2863451898,"data_set_value_component_pericardium_variable_P_peri":-3.7136548102,"data_set_value_component_pericardium_variable_P_0_pcd":0.5003,"data_set_value_component_pericardium_variable_V_0_pcd":200.0,"data_set_value_component_pericardium_variable_lambda_pcd":0.03,"data_set_value_component_left_ventricle_variable_V_lvf":104.7762651109,"data_set_value_component_left_ventricle_variable_P_lvf":89.0870628688,"data_set_value_component_left_ventricle_variable_P_lv":85.3734080586,"data_set_value_component_left_ventricle_variable_V_lv":111.3451396958,"data_set_value_component_lvf_calculator_variable_P_es_lvf":301.7346882663,"data_set_value_component_lvf_calculator_variable_P_ed_lvf":3.6981710456,"data_set_value_component_lvf_calculator_variable_E_es_lvf":2.8798,"data_set_value_component_lvf_calculator_variable_V_d_lvf":0.0,"data_set_value_component_lvf_calculator_variable_P_0_lvf":0.1203,"data_set_value_component_lvf_calculator_variable_lambda_lvf":0.033,"data_set_value_component_lvf_calculator_variable_V_0_lvf":0.0,"data_set_value_component_right_ventricle_variable_V_rvf":110.3093812021,"data_set_value_component_right_ventricle_variable_P_rvf":20.2803294426,"data_set_value_component_right_ventricle_variable_P_rv":16.5666746324,"data_set_value_component_right_ventricle_variable_V_rv":103.7405066172,"data_set_value_component_rvf_calculator_variable_P_es_rvf":64.5309880033,"data_set_value_component_rvf_calculator_variable_P_ed_rvf":2.5114280035,"data_set_value_component_rvf_calculator_variable_E_es_rvf":0.585,"data_set_value_component_rvf_calculator_variable_V_d_rvf":0.0,"data_set_value_component_rvf_calculator_variable_P_0_rvf":0.2157,"data_set_value_component_rvf_calculator_variable_lambda_rvf":0.023,"data_set_value_component_rvf_calculator_variable_V_0_rvf":0.0,"data_set_value_component_septum_variable_V_spt":6.5688745849,"data_set_value_component_septum_variable_E_es_spt":48.754,"data_set_value_component_septum_variable_V_d_spt":2.0,"data_set_value_component_septum_variable_P_0_spt":1.1101,"data_set_value_component_septum_variable_lambda_spt":0.435,"data_set_value_component_septum_variable_V_0_spt":2.0,"data_set_value_component_septum_variable_one":1.0,"data_set_value_component_pulmonary_artery_variable_P_pa":10.4965822215,"data_set_value_component_pulmonary_artery_variable_E_es_pa":0.369,"data_set_value_component_pulmonary_artery_variable_V_pa":39.2861306817,"data_set_value_component_pulmonary_artery_variable_V_d_pa":0.0,"data_set_value_component_pulmonary_vein_variable_P_pu":1.8730151019,"data_set_value_component_pulmonary_vein_variable_E_es_pu":0.0073,"data_set_value_component_pulmonary_vein_variable_V_pu":804.5226167028,"data_set_value_component_pulmonary_vein_variable_V_d_pu":0.0,"data_set_value_component_aorta_variable_P_ao":78.9011646453,"data_set_value_component_aorta_variable_E_es_ao":0.6913,"data_set_value_component_aorta_variable_V_ao":114.1344780057,"data_set_value_component_aorta_variable_V_d_ao":0.0,"data_set_value_component_vena_cava_variable_P_vc":1.929129657,"data_set_value_component_vena_cava_variable_E_es_vc":0.0059,"data_set_value_component_vena_cava_variable_V_vc":326.9711282969,"data_set_value_component_vena_cava_variable_V_d_vc":0.0,"data_set_value_component_flow_variable_Q_sys":70.6878822559,"data_set_value_component_flow_variable_Q_pul":55.5642211315,"data_set_value_component_flow_variable_Q_mt":-0.0000002157,"data_set_value_component_flow_variable_Q_av":44.995531121,"data_set_value_component_flow_variable_Q_tc":-0.0000007062,"data_set_value_component_flow_variable_Q_pv":603.2428255564}]