[{"data_set_value_component_environment_variable_time":0.0,"data_set_value_component_Casp8_variable_Casp8":0.0,"data_set_value_component_Casp8_variable_Casp8Bid":0.0,"data_set_value_component_Casp8_variable_J_0":0.0,"data_set_value_component_Casp8_variable_J_f0":0.0,"data_set_value_component_Casp8_variable_J_Casp8":0.0,"data_set_value_component_Apaf_1_variable_Apaf_1":0.004,"data_set_value_component_Apaf_1_variable_J_Apaf_1":0.000276,"data_set_value_component_Apaf_1_variable_J_1":0.0,"data_set_value_component_CytcApaf_1_variable_CytcApaf_1":0.0,"data_set_value_component_CytcApaf_1_variable_J_1b":0.0,"data_set_value_component_Cytc_variable_Cytc":0.0,"data_set_value_component_Cytc_variable_J_Cytc":0.0,"data_set_value_component_Cytc_mito_variable_Cytc_mito":0.004,"data_set_value_component_Cytc_mito_variable_J_14":0.0,"data_set_value_component_Cytc_mito_variable_J_Cytc_mito":0.000276,"data_set_value_component_Bax_2_variable_Bax_2":0.0,"data_set_value_component_Bax_2_variable_J_Bax_2":0.0,"data_set_value_component_tBid_mito_variable_tBid_mito":0.0,"data_set_value_component_tBid_mito_variable_J_12a":0.0,"data_set_value_component_tBid_mito_variable_J_tBid_mito":0.0,"data_set_value_component_tBid_variable_tBid":0.0,"data_set_value_component_tBid_variable_J_11":0.0,"data_set_value_component_tBid_variable_J_tBid":0.0,"data_set_value_component_tBidBax_variable_tBidBax":0.0,"data_set_value_component_tBidBax_variable_J_12b":0.0,"data_set_value_component_tBidBax_variable_J_tBidBax":0.0,"data_set_value_component_Bax_variable_Bax":0.004,"data_set_value_component_Bax_variable_J_13":0.00016,"data_set_value_component_Bax_variable_J_Bax":0.0000324337,"data_set_value_component_Bax_variable_P_Bax":0.0000564337,"data_set_value_component_Bcl_2_variable_Bcl_2":0.004,"data_set_value_component_Bcl_2_variable_J_9":0.0,"data_set_value_component_Bcl_2_variable_J_Bcl_2":-0.0000144898,"data_set_value_component_Bcl_2_variable_P_Bcl_2":0.0000095102,"data_set_value_component_Casp3Bcl_2_variable_Casp3Bcl_2":0.0,"data_set_value_component_Casp3Bcl_2_variable_J_f9":0.0,"data_set_value_component_Casp3Bid_variable_Casp3Bid":0.0,"data_set_value_component_Casp3Bid_variable_J_8":0.0,"data_set_value_component_Casp3Bid_variable_J_f8":0.0,"data_set_value_component_Bid_variable_Bid":0.004,"data_set_value_component_Bid_variable_J_Bid":0.000006,"data_set_value_component_Casp3_variable_Casp3":0.0,"data_set_value_component_Casp3_variable_Casp3IAP":0.0,"data_set_value_component_Casp3_variable_J_7":0.0,"data_set_value_component_Casp3_variable_J_Casp3":0.0,"data_set_value_component_Apop_variable_Apop":0.0,"data_set_value_component_Pro9_variable_Pro9":0.004,"data_set_value_component_Pro9_variable_ApopPro9":0.0,"data_set_value_component_Pro9_variable_J_2":0.0,"data_set_value_component_Pro9_variable_J_3":0.0,"data_set_value_component_Pro9_variable_J_Pro9":0.000276,"data_set_value_component_ApopPro9_2_variable_ApopPro9_2":0.0,"data_set_value_component_ApopPro9_2_variable_J_f3":0.0,"data_set_value_component_ApopCasp9_2Pro3_variable_ApopCasp9_2Pro3":0.0,"data_set_value_component_ApopCasp9_2Pro3_variable_J_6b":0.0,"data_set_value_component_ApopCasp9_2Pro3_variable_J_f6b":0.0,"data_set_value_component_Casp9Pro3_variable_Casp9Pro3":0.0,"data_set_value_component_Casp9Pro3_variable_J_f6":0.0,"data_set_value_component_Pro3_variable_Pro3":0.004,"data_set_value_component_Pro3_variable_J_6":0.0,"data_set_value_component_Pro3_variable_J_Pro3":0.000276,"data_set_value_component_IAP_variable_IAP":0.004,"data_set_value_component_IAP_variable_Casp9IAP":0.0,"data_set_value_component_IAP_variable_ApopCasp9IAP":0.0,"data_set_value_component_IAP_variable_ApopCasp9_2IAP":0.0,"data_set_value_component_IAP_variable_J_5":0.0,"data_set_value_component_IAP_variable_J_5b":0.0,"data_set_value_component_IAP_variable_J_5c":0.0,"data_set_value_component_IAP_variable_J_IAP":0.000006,"data_set_value_component_ApopCasp9_variable_ApopCasp9":0.0,"data_set_value_component_ApopCasp9_variable_J_4":0.0,"data_set_value_component_ApopCasp9_variable_J_4b":0.0,"data_set_value_component_Casp9_variable_Casp9":0.0,"data_set_value_component_Casp9_variable_J_Casp9":0.0,"data_set_value_component_ApopCasp9_2_variable_ApopCasp9_2":0.0,"data_set_value_component_model_constant_variable_k_10":10.0,"data_set_value_component_model_constant_variable_k_f0":0.1,"data_set_value_component_model_constant_variable_k_01":0.5,"data_set_value_component_model_constant_variable_k_01b":0.5,"data_set_value_component_model_constant_variable_k_02":0.5,"data_set_value_component_model_constant_variable_k_03":0.5,"data_set_value_component_model_constant_variable_k_14":5.0,"data_set_value_component_model_constant_variable_k_14b":5.0,"data_set_value_component_model_constant_variable_k_15":5.0,"data_set_value_component_model_constant_variable_k_15b":5.0,"data_set_value_component_model_constant_variable_k_15c":5.0,"data_set_value_component_model_constant_variable_k_16":10.0,"data_set_value_component_model_constant_variable_k_f6":0.001,"data_set_value_component_model_constant_variable_k_06b":0.5,"data_set_value_component_model_constant_variable_k_17":5.0,"data_set_value_component_model_constant_variable_k_18":10.0,"data_set_value_component_model_constant_variable_k_f8":0.1,"data_set_value_component_model_constant_variable_k_09":0.5,"data_set_value_component_model_constant_variable_k11":10.0,"data_set_value_component_model_constant_variable_k12b":10.0,"data_set_value_component_model_constant_variable_k14":10.0,"data_set_value_component_model_constant_variable_k_00":0.5,"data_set_value_component_model_constant_variable_k_11":5.0,"data_set_value_component_model_constant_variable_k_11b":50000.0,"data_set_value_component_model_constant_variable_k_12":10.0,"data_set_value_component_model_constant_variable_k_13":10.0,"data_set_value_component_model_constant_variable_k_f3":0.1,"data_set_value_component_model_constant_variable_k_04":0.5,"data_set_value_component_model_constant_variable_k_04b":0.5,"data_set_value_component_model_constant_variable_k_05":0.0035,"data_set_value_component_model_constant_variable_k_05b":0.0035,"data_set_value_component_model_constant_variable_k_05c":0.0035,"data_set_value_component_model_constant_variable_k_06":0.5,"data_set_value_component_model_constant_variable_k_16b":10.0,"data_set_value_component_model_constant_variable_k_f6b":0.1,"data_set_value_component_model_constant_variable_k_07":0.0035,"data_set_value_component_model_constant_variable_k_08":0.5,"data_set_value_component_model_constant_variable_k_19":10.0,"data_set_value_component_model_constant_variable_k_f9":0.1,"data_set_value_component_model_constant_variable_k12a":10.0,"data_set_value_component_model_constant_variable_k13":10.0,"data_set_value_component_model_constant_variable_p53_thresh":0.004,"data_set_value_component_model_constant_variable_u":0.006,"data_set_value_component_model_constant_variable_u_Bax":0.006,"data_set_value_component_model_constant_variable_u_Bcl_2":0.006,"data_set_value_component_model_constant_variable_P_Apaf_1":0.0003,"data_set_value_component_model_constant_variable_P_IAP":0.00003,"data_set_value_component_model_constant_variable_P_Pro3":0.0003,"data_set_value_component_model_constant_variable_P_Pro9":0.0003,"data_set_value_component_model_constant_variable_P_Bid":0.00003,"data_set_value_component_model_constant_variable_P_oBcl_2":0.00008,"data_set_value_component_model_constant_variable_P_oBax":0.00003,"data_set_value_component_model_constant_variable_P_Cytc_mito":0.0003,"data_set_value_component_model_constant_variable_p53":0.0066,"data_set_value_component_model_constant_variable_p":4.0},{"data_set_value_component_environment_variable_time":0.1,"data_set_value_component_Casp8_variable_Casp8":0.0,"data_set_value_component_Casp8_variable_Casp8Bid":0.0,"data_set_value_component_Casp8_variable_J_0":0.0,"data_set_value_component_Casp8_variable_J_f0":0.0,"data_set_value_component_Casp8_variable_J_Casp8":0.0,"data_set_value_component_Apaf_1_variable_Apaf_1":0.0040275795,"data_set_value_component_Apaf_1_variable_J_Apaf_1":0.0002758345,"data_set_value_component_Apaf_1_variable_J_1":0.0,"data_set_value_component_CytcApaf_1_variable_CytcApaf_1":0.0,"data_set_value_component_CytcApaf_1_variable_J_1b":0.0,"data_set_value_component_Cytc_variable_Cytc":0.0,"data_set_value_component_Cytc_variable_J_Cytc":0.0,"data_set_value_component_Cytc_mito_variable_Cytc_mito":0.0040275795,"data_set_value_component_Cytc_mito_variable_J_14":0.0,"data_set_value_component_Cytc_mito_variable_J_Cytc_mito":0.0002758345,"data_set_value_component_Bax_2_variable_Bax_2":0.0,"data_set_value_component_Bax_2_variable_J_Bax_2":0.0,"data_set_value_component_tBid_mito_variable_tBid_mito":0.0,"data_set_value_component_tBid_mito_variable_J_12a":0.0,"data_set_value_component_tBid_mito_variable_J_tBid_mito":0.0,"data_set_value_component_tBid_variable_tBid":0.0,"data_set_value_component_tBid_variable_J_11":0.0,"data_set_value_component_tBid_variable_J_tBid":0.0,"data_set_value_component_tBidBax_variable_tBidBax":0.0,"data_set_value_component_tBidBax_variable_J_12b":0.0,"data_set_value_component_tBidBax_variable_J_tBidBax":0.0,"data_set_value_component_Bax_variable_Bax":0.003987399,"data_set_value_component_Bax_variable_J_13":0.0001588065,"data_set_value_component_Bax_variable_J_Bax":0.0000325093,"data_set_value_component_Bax_variable_P_Bax":0.0000564337,"data_set_value_component_Bcl_2_variable_Bcl_2":0.0039827101,"data_set_value_component_Bcl_2_variable_J_9":0.0,"data_set_value_component_Bcl_2_variable_J_Bcl_2":-0.000014386,"data_set_value_component_Bcl_2_variable_P_Bcl_2":0.0000095102,"data_set_value_component_Casp3Bcl_2_variable_Casp3Bcl_2":0.0,"data_set_value_component_Casp3Bcl_2_variable_J_f9":0.0,"data_set_value_component_Casp3Bid_variable_Casp3Bid":0.0,"data_set_value_component_Casp3Bid_variable_J_8":0.0,"data_set_value_component_Casp3Bid_variable_J_f8":0.0,"data_set_value_component_Bid_variable_Bid":0.0040005996,"data_set_value_component_Bid_variable_J_Bid":0.0000059964,"data_set_value_component_Casp3_variable_Casp3":0.0,"data_set_value_component_Casp3_variable_Casp3IAP":0.0,"data_set_value_component_Casp3_variable_J_7":0.0,"data_set_value_component_Casp3_variable_J_Casp3":0.0,"data_set_value_component_Apop_variable_Apop":0.0,"data_set_value_component_Pro9_variable_Pro9":0.0040275795,"data_set_value_component_Pro9_variable_ApopPro9":0.0,"data_set_value_component_Pro9_variable_J_2":0.0,"data_set_value_component_Pro9_variable_J_3":0.0,"data_set_value_component_Pro9_variable_J_Pro9":0.0002758345,"data_set_value_component_ApopPro9_2_variable_ApopPro9_2":0.0,"data_set_value_component_ApopPro9_2_variable_J_f3":0.0,"data_set_value_component_ApopCasp9_2Pro3_variable_ApopCasp9_2Pro3":0.0,"data_set_value_component_ApopCasp9_2Pro3_variable_J_6b":0.0,"data_set_value_component_ApopCasp9_2Pro3_variable_J_f6b":0.0,"data_set_value_component_Casp9Pro3_variable_Casp9Pro3":0.0,"data_set_value_component_Casp9Pro3_variable_J_f6":0.0,"data_set_value_component_Pro3_variable_Pro3":0.0040275795,"data_set_value_component_Pro3_variable_J_6":0.0,"data_set_value_component_Pro3_variable_J_Pro3":0.0002758345,"data_set_value_component_IAP_variable_IAP":0.0040005996,"data_set_value_component_IAP_variable_Casp9IAP":0.0,"data_set_value_component_IAP_variable_ApopCasp9IAP":0.0,"data_set_value_component_IAP_variable_ApopCasp9_2IAP":0.0,"data_set_value_component_IAP_variable_J_5":0.0,"data_set_value_component_IAP_variable_J_5b":0.0,"data_set_value_component_IAP_variable_J_5c":0.0,"data_set_value_component_IAP_variable_J_IAP":0.0000059964,"data_set_value_component_ApopCasp9_variable_ApopCasp9":0.0,"data_set_value_component_ApopCasp9_variable_J_4":0.0,"data_set_value_component_ApopCasp9_variable_J_4b":0.0,"data_set_value_component_Casp9_variable_Casp9":0.0,"data_set_value_component_Casp9_variable_J_Casp9":0.0,"data_set_value_component_ApopCasp9_2_variable_ApopCasp9_2":0.0,"data_set_value_component_model_constant_variable_k_10":10.0,"data_set_value_component_model_constant_variable_k_f0":0.1,"data_set_value_component_model_constant_variable_k_01":0.5,"data_set_value_component_model_constant_variable_k_01b":0.5,"data_set_value_component_model_constant_variable_k_02":0.5,"data_set_value_component_model_constant_variable_k_03":0.5,"data_set_value_component_model_constant_variable_k_14":5.0,"data_set_value_component_model_constant_variable_k_14b":5.0,"data_set_value_component_model_constant_variable_k_15":5.0,"data_set_value_component_model_constant_variable_k_15b":5.0,"data_set_value_component_model_constant_variable_k_15c":5.0,"data_set_value_component_model_constant_variable_k_16":10.0,"data_set_value_component_model_constant_variable_k_f6":0.001,"data_set_value_component_model_constant_variable_k_06b":0.5,"data_set_value_component_model_constant_variable_k_17":5.0,"data_set_value_component_model_constant_variable_k_18":10.0,"data_set_value_component_model_constant_variable_k_f8":0.1,"data_set_value_component_model_constant_variable_k_09":0.5,"data_set_value_component_model_constant_variable_k11":10.0,"data_set_value_component_model_constant_variable_k12b":10.0,"data_set_value_component_model_constant_variable_k14":10.0,"data_set_value_component_model_constant_variable_k_00":0.5,"data_set_value_component_model_constant_variable_k_11":5.0,"data_set_value_component_model_constant_variable_k_11b":50000.0,"data_set_value_component_model_constant_variable_k_12":10.0,"data_set_value_component_model_constant_variable_k_13":10.0,"data_set_value_component_model_constant_variable_k_f3":0.1,"data_set_value_component_model_constant_variable_k_04":0.5,"data_set_value_component_model_constant_variable_k_04b":0.5,"data_set_value_component_model_constant_variable_k_05":0.0035,"data_set_value_component_model_constant_variable_k_05b":0.0035,"data_set_value_component_model_constant_variable_k_05c":0.0035,"data_set_value_component_model_constant_variable_k_06":0.5,"data_set_value_component_model_constant_variable_k_16b":10.0,"data_set_value_component_model_constant_variable_k_f6b":0.1,"data_set_value_component_model_constant_variable_k_07":0.0035,"data_set_value_component_model_constant_variable_k_08":0.5,"data_set_value_component_model_constant_variable_k_19":10.0,"data_set_value_component_model_constant_variable_k_f9":0.1,"data_set_value_component_model_constant_variable_k12a":10.0,"data_set_value_component_model_constant_variable_k13":10.0,"data_set_value_component_model_constant_variable_p53_thresh":0.004,"data_set_value_component_model_constant_variable_u":0.006,"data_set_value_component_model_constant_variable_u_Bax":0.006,"data_set_value_component_model_constant_variable_u_Bcl_2":0.006,"data_set_value_component_model_constant_variable_P_Apaf_1":0.0003,"data_set_value_component_model_constant_variable_P_IAP":0.00003,"data_set_value_component_model_constant_variable_P_Pro3":0.0003,"data_set_value_component_model_constant_variable_P_Pro9":0.0003,"data_set_value_component_model_constant_variable_P_Bid":0.00003,"data_set_value_component_model_constant_variable_P_oBcl_2":0.00008,"data_set_value_component_model_constant_variable_P_oBax":0.00003,"data_set_value_component_model_constant_variable_P_Cytc_mito":0.0003,"data_set_value_component_model_constant_variable_p53":0.0066,"data_set_value_component_model_constant_variable_p":4.0},{"data_set_value_component_environment_variable_time":0.2,"data_set_value_component_Casp8_variable_Casp8":0.0,"data_set_value_component_Casp8_variable_Casp8Bid":0.0,"data_set_value_component_Casp8_variable_J_0":0.0,"data_set_value_component_Casp8_variable_J_f0":0.0,"data_set_value_component_Casp8_variable_J_Casp8":0.0,"data_set_value_component_Apaf_1_variable_Apaf_1":0.0040551422,"data_set_value_component_Apaf_1_variable_J_Apaf_1":0.0002756691,"data_set_value_component_Apaf_1_variable_J_1":0.0,"data_set_value_component_CytcApaf_1_variable_CytcApaf_1":0.0,"data_set_value_component_CytcApaf_1_variable_J_1b":0.0,"data_set_value_component_Cytc_variable_Cytc":0.0,"data_set_value_component_Cytc_variable_J_Cytc":0.0,"data_set_value_component_Cytc_mito_variable_Cytc_mito":0.0040551422,"data_set_value_component_Cytc_mito_variable_J_14":0.0,"data_set_value_component_Cytc_mito_variable_J_Cytc_mito":0.0002756691,"data_set_value_component_Bax_2_variable_Bax_2":0.0,"data_set_value_component_Bax_2_variable_J_Bax_2":0.0,"data_set_value_component_tBid_mito_variable_tBid_mito":0.0,"data_set_value_component_tBid_mito_variable_J_12a":0.0,"data_set_value_component_tBid_mito_variable_J_tBid_mito":0.0,"data_set_value_component_tBid_variable_tBid":0.0,"data_set_value_component_tBid_variable_J_11":0.0,"data_set_value_component_tBid_variable_J_tBid":0.0,"data_set_value_component_tBidBax_variable_tBidBax":0.0,"data_set_value_component_tBidBax_variable_J_12b":0.0,"data_set_value_component_tBidBax_variable_J_tBidBax":0.0,"data_set_value_component_Bax_variable_Bax":0.0039749252,"data_set_value_component_Bax_variable_J_13":0.0001576277,"data_set_value_component_Bax_variable_J_Bax":0.0000325841,"data_set_value_component_Bax_variable_P_Bax":0.0000564337,"data_set_value_component_Bcl_2_variable_Bcl_2":0.0039655503,"data_set_value_component_Bcl_2_variable_J_9":0.0,"data_set_value_component_Bcl_2_variable_J_Bcl_2":-0.0000142831,"data_set_value_component_Bcl_2_variable_P_Bcl_2":0.0000095102,"data_set_value_component_Casp3Bcl_2_variable_Casp3Bcl_2":0.0,"data_set_value_component_Casp3Bcl_2_variable_J_f9":0.0,"data_set_value_component_Casp3Bid_variable_Casp3Bid":0.0,"data_set_value_component_Casp3Bid_variable_J_8":0.0,"data_set_value_component_Casp3Bid_variable_J_f8":0.0,"data_set_value_component_Bid_variable_Bid":0.0040011987,"data_set_value_component_Bid_variable_J_Bid":0.0000059928,"data_set_value_component_Casp3_variable_Casp3":0.0,"data_set_value_component_Casp3_variable_Casp3IAP":0.0,"data_set_value_component_Casp3_variable_J_7":0.0,"data_set_value_component_Casp3_variable_J_Casp3":0.0,"data_set_value_component_Apop_variable_Apop":0.0,"data_set_value_component_Pro9_variable_Pro9":0.0040551422,"data_set_value_component_Pro9_variable_ApopPro9":0.0,"data_set_value_component_Pro9_variable_J_2":0.0,"data_set_value_component_Pro9_variable_J_3":0.0,"data_set_value_component_Pro9_variable_J_Pro9":0.0002756691,"data_set_value_component_ApopPro9_2_variable_ApopPro9_2":0.0,"data_set_value_component_ApopPro9_2_variable_J_f3":0.0,"data_set_value_component_ApopCasp9_2Pro3_variable_ApopCasp9_2Pro3":0.0,"data_set_value_component_ApopCasp9_2Pro3_variable_J_6b":0.0,"data_set_value_component_ApopCasp9_2Pro3_variable_J_f6b":0.0,"data_set_value_component_Casp9Pro3_variable_Casp9Pro3":0.0,"data_set_value_component_Casp9Pro3_variable_J_f6":0.0,"data_set_value_component_Pro3_variable_Pro3":0.0040551422,"data_set_value_component_Pro3_variable_J_6":0.0,"data_set_value_component_Pro3_variable_J_Pro3":0.0002756691,"data_set_value_component_IAP_variable_IAP":0.0040011987,"data_set_value_component_IAP_variable_Casp9IAP":0.0,"data_set_value_component_IAP_variable_ApopCasp9IAP":0.0,"data_set_value_component_IAP_variable_ApopCasp9_2IAP":0.0,"data_set_value_component_IAP_variable_J_5":0.0,"data_set_value_component_IAP_variable_J_5b":0.0,"data_set_value_component_IAP_variable_J_5c":0.0,"data_set_value_component_IAP_variable_J_IAP":0.0000059928,"data_set_value_component_ApopCasp9_variable_ApopCasp9":0.0,"data_set_value_component_ApopCasp9_variable_J_4":0.0,"data_set_value_component_ApopCasp9_variable_J_4b":0.0,"data_set_value_component_Casp9_variable_Casp9":0.0,"data_set_value_component_Casp9_variable_J_Casp9":0.0,"data_set_value_component_ApopCasp9_2_variable_ApopCasp9_2":0.0,"data_set_value_component_model_constant_variable_k_10":10.0,"data_set_value_component_model_constant_variable_k_f0":0.1,"data_set_value_component_model_constant_variable_k_01":0.5,"data_set_value_component_model_constant_variable_k_01b":0.5,"data_set_value_component_model_constant_variable_k_02":0.5,"data_set_value_component_model_constant_variable_k_03":0.5,"data_set_value_component_model_constant_variable_k_14":5.0,"data_set_value_component_model_constant_variable_k_14b":5.0,"data_set_value_component_model_constant_variable_k_15":5.0,"data_set_value_component_model_constant_variable_k_15b":5.0,"data_set_value_component_model_constant_variable_k_15c":5.0,"data_set_value_component_model_constant_variable_k_16":10.0,"data_set_value_component_model_constant_variable_k_f6":0.001,"data_set_value_component_model_constant_variable_k_06b":0.5,"data_set_value_component_model_constant_variable_k_17":5.0,"data_set_value_component_model_constant_variable_k_18":10.0,"data_set_value_component_model_constant_variable_k_f8":0.1,"data_set_value_component_model_constant_variable_k_09":0.5,"data_set_value_component_model_constant_variable_k11":10.0,"data_set_value_component_model_constant_variable_k12b":10.0,"data_set_value_component_model_constant_variable_k14":10.0,"data_set_value_component_model_constant_variable_k_00":0.5,"data_set_value_component_model_constant_variable_k_11":5.0,"data_set_value_component_model_constant_variable_k_11b":50000.0,"data_set_value_component_model_constant_variable_k_12":10.0,"data_set_value_component_model_constant_variable_k_13":10.0,"data_set_value_component_model_constant_variable_k_f3":0.1,"data_set_value_component_model_constant_variable_k_04":0.5,"data_set_value_component_model_constant_variable_k_04b":0.5,"data_set_value_component_model_constant_variable_k_05":0.0035,"data_set_value_component_model_constant_variable_k_05b":0.0035,"data_set_value_component_model_constant_variable_k_05c":0.0035,"data_set_value_component_model_constant_variable_k_06":0.5,"data_set_value_component_model_constant_variable_k_16b":10.0,"data_set_value_component_model_constant_variable_k_f6b":0.1,"data_set_value_component_model_constant_variable_k_07":0.0035,"data_set_value_component_model_constant_variable_k_08":0.5,"data_set_value_component_model_constant_variable_k_19":10.0,"data_set_value_component_model_constant_variable_k_f9":0.1,"data_set_value_component_model_constant_variable_k12a":10.0,"data_set_value_component_model_constant_variable_k13":10.0,"data_set_value_component_model_constant_variable_p53_thresh":0.004,"data_set_value_component_model_constant_variable_u":0.006,"data_set_value_component_model_constant_variable_u_Bax":0.006,"data_set_value_component_model_constant_variable_u_Bcl_2":0.006,"data_set_value_component_model_constant_variable_P_Apaf_1":0.0003,"data_set_value_component_model_constant_variable_P_IAP":0.00003,"data_set_value_component_model_constant_variable_P_Pro3":0.0003,"data_set_value_component_model_constant_variable_P_Pro9":0.0003,"data_set_value_component_model_constant_variable_P_Bid":0.00003,"data_set_value_component_model_constant_variable_P_oBcl_2":0.00008,"data_set_value_component_model_constant_variable_P_oBax":0.00003,"data_set_value_component_model_constant_variable_P_Cytc_mito":0.0003,"data_set_value_component_model_constant_variable_p53":0.0066,"data_set_value_component_model_constant_variable_p":4.0},{"data_set_value_component_environment_variable_time":0.3,"data_set_value_component_Casp8_variable_Casp8":0.0,"data_set_value_component_Casp8_variable_Casp8Bid":0.0,"data_set_value_component_Casp8_variable_J_0":0.0,"data_set_value_component_Casp8_variable_J_f0":0.0,"data_set_value_component_Casp8_variable_J_Casp8":0.0,"data_set_value_component_Apaf_1_variable_Apaf_1":0.0040826938,"data_set_value_component_Apaf_1_variable_J_Apaf_1":0.0002755038,"data_set_value_component_Apaf_1_variable_J_1":0.0,"data_set_value_component_CytcApaf_1_variable_CytcApaf_1":0.0,"data_set_value_component_CytcApaf_1_variable_J_1b":0.0,"data_set_value_component_Cytc_variable_Cytc":0.0,"data_set_value_component_Cytc_variable_J_Cytc":0.0,"data_set_value_component_Cytc_mito_variable_Cytc_mito":0.0040826938,"data_set_value_component_Cytc_mito_variable_J_14":0.0,"data_set_value_component_Cytc_mito_variable_J_Cytc_mito":0.0002755038,"data_set_value_component_Bax_2_variable_Bax_2":0.0,"data_set_value_component_Bax_2_variable_J_Bax_2":0.0,"data_set_value_component_tBid_mito_variable_tBid_mito":0.0,"data_set_value_component_tBid_mito_variable_J_12a":0.0,"data_set_value_component_tBid_mito_variable_J_tBid_mito":0.0,"data_set_value_component_tBid_variable_tBid":0.0,"data_set_value_component_tBid_variable_J_11":0.0,"data_set_value_component_tBid_variable_J_tBid":0.0,"data_set_value_component_tBidBax_variable_tBidBax":0.0,"data_set_value_component_tBidBax_variable_J_12b":0.0,"data_set_value_component_tBidBax_variable_J_tBidBax":0.0,"data_set_value_component_Bax_variable_Bax":0.0039625345,"data_set_value_component_Bax_variable_J_13":0.0001564597,"data_set_value_component_Bax_variable_J_Bax":0.0000326585,"data_set_value_component_Bax_variable_P_Bax":0.0000564337,"data_set_value_component_Bcl_2_variable_Bcl_2":0.0039484756,"data_set_value_component_Bcl_2_variable_J_9":0.0,"data_set_value_component_Bcl_2_variable_J_Bcl_2":-0.0000141806,"data_set_value_component_Bcl_2_variable_P_Bcl_2":0.0000095102,"data_set_value_component_Casp3Bcl_2_variable_Casp3Bcl_2":0.0,"data_set_value_component_Casp3Bcl_2_variable_J_f9":0.0,"data_set_value_component_Casp3Bid_variable_Casp3Bid":0.0,"data_set_value_component_Casp3Bid_variable_J_8":0.0,"data_set_value_component_Casp3Bid_variable_J_f8":0.0,"data_set_value_component_Bid_variable_Bid":0.0040017977,"data_set_value_component_Bid_variable_J_Bid":0.0000059892,"data_set_value_component_Casp3_variable_Casp3":0.0,"data_set_value_component_Casp3_variable_Casp3IAP":0.0,"data_set_value_component_Casp3_variable_J_7":0.0,"data_set_value_component_Casp3_variable_J_Casp3":0.0,"data_set_value_component_Apop_variable_Apop":0.0,"data_set_value_component_Pro9_variable_Pro9":0.0040826938,"data_set_value_component_Pro9_variable_ApopPro9":0.0,"data_set_value_component_Pro9_variable_J_2":0.0,"data_set_value_component_Pro9_variable_J_3":0.0,"data_set_value_component_Pro9_variable_J_Pro9":0.0002755038,"data_set_value_component_ApopPro9_2_variable_ApopPro9_2":0.0,"data_set_value_component_ApopPro9_2_variable_J_f3":0.0,"data_set_value_component_ApopCasp9_2Pro3_variable_ApopCasp9_2Pro3":0.0,"data_set_value_component_ApopCasp9_2Pro3_variable_J_6b":0.0,"data_set_value_component_ApopCasp9_2Pro3_variable_J_f6b":0.0,"data_set_value_component_Casp9Pro3_variable_Casp9Pro3":0.0,"data_set_value_component_Casp9Pro3_variable_J_f6":0.0,"data_set_value_component_Pro3_variable_Pro3":0.0040826938,"data_set_value_component_Pro3_variable_J_6":0.0,"data_set_value_component_Pro3_variable_J_Pro3":0.0002755038,"data_set_value_component_IAP_variable_IAP":0.0040017977,"data_set_value_component_IAP_variable_Casp9IAP":0.0,"data_set_value_component_IAP_variable_ApopCasp9IAP":0.0,"data_set_value_component_IAP_variable_ApopCasp9_2IAP":0.0,"data_set_value_component_IAP_variable_J_5":0.0,"data_set_value_component_IAP_variable_J_5b":0.0,"data_set_value_component_IAP_variable_J_5c":0.0,"data_set_value_component_IAP_variable_J_IAP":0.0000059892,"data_set_value_component_ApopCasp9_variable_ApopCasp9":0.0,"data_set_value_component_ApopCasp9_variable_J_4":0.0,"data_set_value_component_ApopCasp9_variable_J_4b":0.0,"data_set_value_component_Casp9_variable_Casp9":0.0,"data_set_value_component_Casp9_variable_J_Casp9":0.0,"data_set_value_component_ApopCasp9_2_variable_ApopCasp9_2":0.0,"data_set_value_component_model_constant_variable_k_10":10.0,"data_set_value_component_model_constant_variable_k_f0":0.1,"data_set_value_component_model_constant_variable_k_01":0.5,"data_set_value_component_model_constant_variable_k_01b":0.5,"data_set_value_component_model_constant_variable_k_02":0.5,"data_set_value_component_model_constant_variable_k_03":0.5,"data_set_value_component_model_constant_variable_k_14":5.0,"data_set_value_component_model_constant_variable_k_14b":5.0,"data_set_value_component_model_constant_variable_k_15":5.0,"data_set_value_component_model_constant_variable_k_15b":5.0,"data_set_value_component_model_constant_variable_k_15c":5.0,"data_set_value_component_model_constant_variable_k_16":10.0,"data_set_value_component_model_constant_variable_k_f6":0.001,"data_set_value_component_model_constant_variable_k_06b":0.5,"data_set_value_component_model_constant_variable_k_17":5.0,"data_set_value_component_model_constant_variable_k_18":10.0,"data_set_value_component_model_constant_variable_k_f8":0.1,"data_set_value_component_model_constant_variable_k_09":0.5,"data_set_value_component_model_constant_variable_k11":10.0,"data_set_value_component_model_constant_variable_k12b":10.0,"data_set_value_component_model_constant_variable_k14":10.0,"data_set_value_component_model_constant_variable_k_00":0.5,"data_set_value_component_model_constant_variable_k_11":5.0,"data_set_value_component_model_constant_variable_k_11b":50000.0,"data_set_value_component_model_constant_variable_k_12":10.0,"data_set_value_component_model_constant_variable_k_13":10.0,"data_set_value_component_model_constant_variable_k_f3":0.1,"data_set_value_component_model_constant_variable_k_04":0.5,"data_set_value_component_model_constant_variable_k_04b":0.5,"data_set_value_component_model_constant_variable_k_05":0.0035,"data_set_value_component_model_constant_variable_k_05b":0.0035,"data_set_value_component_model_constant_variable_k_05c":0.0035,"data_set_value_component_model_constant_variable_k_06":0.5,"data_set_value_component_model_constant_variable_k_16b":10.0,"data_set_value_component_model_constant_variable_k_f6b":0.1,"data_set_value_component_model_constant_variable_k_07":0.0035,"data_set_value_component_model_constant_variable_k_08":0.5,"data_set_value_component_model_constant_variable_k_19":10.0,"data_set_value_component_model_constant_variable_k_f9":0.1,"data_set_value_component_model_constant_variable_k12a":10.0,"data_set_value_component_model_constant_variable_k13":10.0,"data_set_value_component_model_constant_variable_p53_thresh":0.004,"data_set_value_component_model_constant_variable_u":0.006,"data_set_value_component_model_constant_variable_u_Bax":0.006,"data_set_value_component_model_constant_variable_u_Bcl_2":0.006,"data_set_value_component_model_constant_variable_P_Apaf_1":0.0003,"data_set_value_component_model_constant_variable_P_IAP":0.00003,"data_set_value_component_model_constant_variable_P_Pro3":0.0003,"data_set_value_component_model_constant_variable_P_Pro9":0.0003,"data_set_value_component_model_constant_variable_P_Bid":0.00003,"data_set_value_component_model_constant_variable_P_oBcl_2":0.00008,"data_set_value_component_model_constant_variable_P_oBax":0.00003,"data_set_value_component_model_constant_variable_P_Cytc_mito":0.0003,"data_set_value_component_model_constant_variable_p53":0.0066,"data_set_value_component_model_constant_variable_p":4.0},{"data_set_value_component_environment_variable_time":0.4,"data_set_value_component_Casp8_variable_Casp8":0.0,"data_set_value_component_Casp8_variable_Casp8Bid":0.0,"data_set_value_component_Casp8_variable_J_0":0.0,"data_set_value_component_Casp8_variable_J_f0":0.0,"data_set_value_component_Casp8_variable_J_Casp8":0.0,"data_set_value_component_Apaf_1_variable_Apaf_1":0.0041102329,"data_set_value_component_Apaf_1_variable_J_Apaf_1":0.0002753386,"data_set_value_component_Apaf_1_variable_J_1":0.0,"data_set_value_component_CytcApaf_1_variable_CytcApaf_1":0.0,"data_set_value_component_CytcApaf_1_variable_J_1b":0.0,"data_set_value_component_Cytc_variable_Cytc":0.0,"data_set_value_component_Cytc_variable_J_Cytc":0.0,"data_set_value_component_Cytc_mito_variable_Cytc_mito":0.0041102329,"data_set_value_component_Cytc_mito_variable_J_14":0.0,"data_set_value_component_Cytc_mito_variable_J_Cytc_mito":0.0002753386,"data_set_value_component_Bax_2_variable_Bax_2":0.0,"data_set_value_component_Bax_2_variable_J_Bax_2":0.0,"data_set_value_component_tBid_mito_variable_tBid_mito":0.0,"data_set_value_component_tBid_mito_variable_J_12a":0.0,"data_set_value_component_tBid_mito_variable_J_tBid_mito":0.0,"data_set_value_component_tBid_variable_tBid":0.0,"data_set_value_component_tBid_variable_J_11":0.0,"data_set_value_component_tBid_variable_J_tBid":0.0,"data_set_value_component_tBidBax_variable_tBidBax":0.0,"data_set_value_component_tBidBax_variable_J_12b":0.0,"data_set_value_component_tBidBax_variable_J_tBidBax":0.0,"data_set_value_component_Bax_variable_Bax":0.0039502372,"data_set_value_component_Bax_variable_J_13":0.0001553034,"data_set_value_component_Bax_variable_J_Bax":0.0000327322,"data_set_value_component_Bax_variable_P_Bax":0.0000564337,"data_set_value_component_Bcl_2_variable_Bcl_2":0.0039314962,"data_set_value_component_Bcl_2_variable_J_9":0.0,"data_set_value_component_Bcl_2_variable_J_Bcl_2":-0.0000140788,"data_set_value_component_Bcl_2_variable_P_Bcl_2":0.0000095102,"data_set_value_component_Casp3Bcl_2_variable_Casp3Bcl_2":0.0,"data_set_value_component_Casp3Bcl_2_variable_J_f9":0.0,"data_set_value_component_Casp3Bid_variable_Casp3Bid":0.0,"data_set_value_component_Casp3Bid_variable_J_8":0.0,"data_set_value_component_Casp3Bid_variable_J_f8":0.0,"data_set_value_component_Bid_variable_Bid":0.0040023964,"data_set_value_component_Bid_variable_J_Bid":0.0000059856,"data_set_value_component_Casp3_variable_Casp3":0.0,"data_set_value_component_Casp3_variable_Casp3IAP":0.0,"data_set_value_component_Casp3_variable_J_7":0.0,"data_set_value_component_Casp3_variable_J_Casp3":0.0,"data_set_value_component_Apop_variable_Apop":0.0,"data_set_value_component_Pro9_variable_Pro9":0.0041102329,"data_set_value_component_Pro9_variable_ApopPro9":0.0,"data_set_value_component_Pro9_variable_J_2":0.0,"data_set_value_component_Pro9_variable_J_3":0.0,"data_set_value_component_Pro9_variable_J_Pro9":0.0002753386,"data_set_value_component_ApopPro9_2_variable_ApopPro9_2":0.0,"data_set_value_component_ApopPro9_2_variable_J_f3":0.0,"data_set_value_component_ApopCasp9_2Pro3_variable_ApopCasp9_2Pro3":0.0,"data_set_value_component_ApopCasp9_2Pro3_variable_J_6b":0.0,"data_set_value_component_ApopCasp9_2Pro3_variable_J_f6b":0.0,"data_set_value_component_Casp9Pro3_variable_Casp9Pro3":0.0,"data_set_value_component_Casp9Pro3_variable_J_f6":0.0,"data_set_value_component_Pro3_variable_Pro3":0.0041102329,"data_set_value_component_Pro3_variable_J_6":0.0,"data_set_value_component_Pro3_variable_J_Pro3":0.0002753386,"data_set_value_component_IAP_variable_IAP":0.0040023964,"data_set_value_component_IAP_variable_Casp9IAP":0.0,"data_set_value_component_IAP_variable_ApopCasp9IAP":0.0,"data_set_value_component_IAP_variable_ApopCasp9_2IAP":0.0,"data_set_value_component_IAP_variable_J_5":0.0,"data_set_value_component_IAP_variable_J_5b":0.0,"data_set_value_component_IAP_variable_J_5c":0.0,"data_set_value_component_IAP_variable_J_IAP":0.0000059856,"data_set_value_component_ApopCasp9_variable_ApopCasp9":0.0,"data_set_value_component_ApopCasp9_variable_J_4":0.0,"data_set_value_component_ApopCasp9_variable_J_4b":0.0,"data_set_value_component_Casp9_variable_Casp9":0.0,"data_set_value_component_Casp9_variable_J_Casp9":0.0,"data_set_value_component_ApopCasp9_2_variable_ApopCasp9_2":0.0,"data_set_value_component_model_constant_variable_k_10":10.0,"data_set_value_component_model_constant_variable_k_f0":0.1,"data_set_value_component_model_constant_variable_k_01":0.5,"data_set_value_component_model_constant_variable_k_01b":0.5,"data_set_value_component_model_constant_variable_k_02":0.5,"data_set_value_component_model_constant_variable_k_03":0.5,"data_set_value_component_model_constant_variable_k_14":5.0,"data_set_value_component_model_constant_variable_k_14b":5.0,"data_set_value_component_model_constant_variable_k_15":5.0,"data_set_value_component_model_constant_variable_k_15b":5.0,"data_set_value_component_model_constant_variable_k_15c":5.0,"data_set_value_component_model_constant_variable_k_16":10.0,"data_set_value_component_model_constant_variable_k_f6":0.001,"data_set_value_component_model_constant_variable_k_06b":0.5,"data_set_value_component_model_constant_variable_k_17":5.0,"data_set_value_component_model_constant_variable_k_18":10.0,"data_set_value_component_model_constant_variable_k_f8":0.1,"data_set_value_component_model_constant_variable_k_09":0.5,"data_set_value_component_model_constant_variable_k11":10.0,"data_set_value_component_model_constant_variable_k12b":10.0,"data_set_value_component_model_constant_variable_k14":10.0,"data_set_value_component_model_constant_variable_k_00":0.5,"data_set_value_component_model_constant_variable_k_11":5.0,"data_set_value_component_model_constant_variable_k_11b":50000.0,"data_set_value_component_model_constant_variable_k_12":10.0,"data_set_value_component_model_constant_variable_k_13":10.0,"data_set_value_component_model_constant_variable_k_f3":0.1,"data_set_value_component_model_constant_variable_k_04":0.5,"data_set_value_component_model_constant_variable_k_04b":0.5,"data_set_value_component_model_constant_variable_k_05":0.0035,"data_set_value_component_model_constant_variable_k_05b":0.0035,"data_set_value_component_model_constant_variable_k_05c":0.0035,"data_set_value_component_model_constant_variable_k_06":0.5,"data_set_value_component_model_constant_variable_k_16b":10.0,"data_set_value_component_model_constant_variable_k_f6b":0.1,"data_set_value_component_model_constant_variable_k_07":0.0035,"data_set_value_component_model_constant_variable_k_08":0.5,"data_set_value_component_model_constant_variable_k_19":10.0,"data_set_value_component_model_constant_variable_k_f9":0.1,"data_set_value_component_model_constant_variable_k12a":10.0,"data_set_value_component_model_constant_variable_k13":10.0,"data_set_value_component_model_constant_variable_p53_thresh":0.004,"data_set_value_component_model_constant_variable_u":0.006,"data_set_value_component_model_constant_variable_u_Bax":0.006,"data_set_value_component_model_constant_variable_u_Bcl_2":0.006,"data_set_value_component_model_constant_variable_P_Apaf_1":0.0003,"data_set_value_component_model_constant_variable_P_IAP":0.00003,"data_set_value_component_model_constant_variable_P_Pro3":0.0003,"data_set_value_component_model_constant_variable_P_Pro9":0.0003,"data_set_value_component_model_constant_variable_P_Bid":0.00003,"data_set_value_component_model_constant_variable_P_oBcl_2":0.00008,"data_set_value_component_model_constant_variable_P_oBax":0.00003,"data_set_value_component_model_constant_variable_P_Cytc_mito":0.0003,"data_set_value_component_model_constant_variable_p53":0.0066,"data_set_value_component_model_constant_variable_p":4.0},{"data_set_value_component_environment_variable_time":0.5,"data_set_value_component_Casp8_variable_Casp8":0.0,"data_set_value_component_Casp8_variable_Casp8Bid":0.0,"data_set_value_component_Casp8_variable_J_0":0.0,"data_set_value_component_Casp8_variable_J_f0":0.0,"data_set_value_component_Casp8_variable_J_Casp8":0.0,"data_set_value_component_Apaf_1_variable_Apaf_1":0.0041377536,"data_set_value_component_Apaf_1_variable_J_Apaf_1":0.0002751735,"data_set_value_component_Apaf_1_variable_J_1":0.0,"data_set_value_component_CytcApaf_1_variable_CytcApaf_1":0.0,"data_set_value_component_CytcApaf_1_variable_J_1b":0.0,"data_set_value_component_Cytc_variable_Cytc":0.0,"data_set_value_component_Cytc_variable_J_Cytc":0.0,"data_set_value_component_Cytc_mito_variable_Cytc_mito":0.0041377536,"data_set_value_component_Cytc_mito_variable_J_14":0.0,"data_set_value_component_Cytc_mito_variable_J_Cytc_mito":0.0002751735,"data_set_value_component_Bax_2_variable_Bax_2":0.0,"data_set_value_component_Bax_2_variable_J_Bax_2":0.0,"data_set_value_component_tBid_mito_variable_tBid_mito":0.0,"data_set_value_component_tBid_mito_variable_J_12a":0.0,"data_set_value_component_tBid_mito_variable_J_tBid_mito":0.0,"data_set_value_component_tBid_variable_tBid":0.0,"data_set_value_component_tBid_variable_J_11":0.0,"data_set_value_component_tBid_variable_J_tBid":0.0,"data_set_value_component_tBidBax_variable_tBidBax":0.0,"data_set_value_component_tBidBax_variable_J_12b":0.0,"data_set_value_component_tBidBax_variable_J_tBidBax":0.0,"data_set_value_component_Bax_variable_Bax":0.003938073,"data_set_value_component_Bax_variable_J_13":0.0001541619,"data_set_value_component_Bax_variable_J_Bax":0.0000328052,"data_set_value_component_Bax_variable_P_Bax":0.0000564337,"data_set_value_component_Bcl_2_variable_Bcl_2":0.0039146532,"data_set_value_component_Bcl_2_variable_J_9":0.0,"data_set_value_component_Bcl_2_variable_J_Bcl_2":-0.0000139777,"data_set_value_component_Bcl_2_variable_P_Bcl_2":0.0000095102,"data_set_value_component_Casp3Bcl_2_variable_Casp3Bcl_2":0.0,"data_set_value_component_Casp3Bcl_2_variable_J_f9":0.0,"data_set_value_component_Casp3Bid_variable_Casp3Bid":0.0,"data_set_value_component_Casp3Bid_variable_J_8":0.0,"data_set_value_component_Casp3Bid_variable_J_f8":0.0,"data_set_value_component_Bid_variable_Bid":0.0040029946,"data_set_value_component_Bid_variable_J_Bid":0.000005982,"data_set_value_component_Casp3_variable_Casp3":0.0,"data_set_value_component_Casp3_variable_Casp3IAP":0.0,"data_set_value_component_Casp3_variable_J_7":0.0,"data_set_value_component_Casp3_variable_J_Casp3":0.0,"data_set_value_component_Apop_variable_Apop":0.0,"data_set_value_component_Pro9_variable_Pro9":0.0041377536,"data_set_value_component_Pro9_variable_ApopPro9":0.0,"data_set_value_component_Pro9_variable_J_2":0.0,"data_set_value_component_Pro9_variable_J_3":0.0,"data_set_value_component_Pro9_variable_J_Pro9":0.0002751735,"data_set_value_component_ApopPro9_2_variable_ApopPro9_2":0.0,"data_set_value_component_ApopPro9_2_variable_J_f3":0.0,"data_set_value_component_ApopCasp9_2Pro3_variable_ApopCasp9_2Pro3":0.0,"data_set_value_component_ApopCasp9_2Pro3_variable_J_6b":0.0,"data_set_value_component_ApopCasp9_2Pro3_variable_J_f6b":0.0,"data_set_value_component_Casp9Pro3_variable_Casp9Pro3":0.0,"data_set_value_component_Casp9Pro3_variable_J_f6":0.0,"data_set_value_component_Pro3_variable_Pro3":0.0041377536,"data_set_value_component_Pro3_variable_J_6":0.0,"data_set_value_component_Pro3_variable_J_Pro3":0.0002751735,"data_set_value_component_IAP_variable_IAP":0.0040029946,"data_set_value_component_IAP_variable_Casp9IAP":0.0,"data_set_value_component_IAP_variable_ApopCasp9IAP":0.0,"data_set_value_component_IAP_variable_ApopCasp9_2IAP":0.0,"data_set_value_component_IAP_variable_J_5":0.0,"data_set_value_component_IAP_variable_J_5b":0.0,"data_set_value_component_IAP_variable_J_5c":0.0,"data_set_value_component_IAP_variable_J_IAP":0.000005982,"data_set_value_component_ApopCasp9_variable_ApopCasp9":0.0,"data_set_value_component_ApopCasp9_variable_J_4":0.0,"data_set_value_component_ApopCasp9_variable_J_4b":0.0,"data_set_value_component_Casp9_variable_Casp9":0.0,"data_set_value_component_Casp9_variable_J_Casp9":0.0,"data_set_value_component_ApopCasp9_2_variable_ApopCasp9_2":0.0,"data_set_value_component_model_constant_variable_k_10":10.0,"data_set_value_component_model_constant_variable_k_f0":0.1,"data_set_value_component_model_constant_variable_k_01":0.5,"data_set_value_component_model_constant_variable_k_01b":0.5,"data_set_value_component_model_constant_variable_k_02":0.5,"data_set_value_component_model_constant_variable_k_03":0.5,"data_set_value_component_model_constant_variable_k_14":5.0,"data_set_value_component_model_constant_variable_k_14b":5.0,"data_set_value_component_model_constant_variable_k_15":5.0,"data_set_value_component_model_constant_variable_k_15b":5.0,"data_set_value_component_model_constant_variable_k_15c":5.0,"data_set_value_component_model_constant_variable_k_16":10.0,"data_set_value_component_model_constant_variable_k_f6":0.001,"data_set_value_component_model_constant_variable_k_06b":0.5,"data_set_value_component_model_constant_variable_k_17":5.0,"data_set_value_component_model_constant_variable_k_18":10.0,"data_set_value_component_model_constant_variable_k_f8":0.1,"data_set_value_component_model_constant_variable_k_09":0.5,"data_set_value_component_model_constant_variable_k11":10.0,"data_set_value_component_model_constant_variable_k12b":10.0,"data_set_value_component_model_constant_variable_k14":10.0,"data_set_value_component_model_constant_variable_k_00":0.5,"data_set_value_component_model_constant_variable_k_11":5.0,"data_set_value_component_model_constant_variable_k_11b":50000.0,"data_set_value_component_model_constant_variable_k_12":10.0,"data_set_value_component_model_constant_variable_k_13":10.0,"data_set_value_component_model_constant_variable_k_f3":0.1,"data_set_value_component_model_constant_variable_k_04":0.5,"data_set_value_component_model_constant_variable_k_04b":0.5,"data_set_value_component_model_constant_variable_k_05":0.0035,"data_set_value_component_model_constant_variable_k_05b":0.0035,"data_set_value_component_model_constant_variable_k_05c":0.0035,"data_set_value_component_model_constant_variable_k_06":0.5,"data_set_value_component_model_constant_variable_k_16b":10.0,"data_set_value_component_model_constant_variable_k_f6b":0.1,"data_set_value_component_model_constant_variable_k_07":0.0035,"data_set_value_component_model_constant_variable_k_08":0.5,"data_set_value_component_model_constant_variable_k_19":10.0,"data_set_value_component_model_constant_variable_k_f9":0.1,"data_set_value_component_model_constant_variable_k12a":10.0,"data_set_value_component_model_constant_variable_k13":10.0,"data_set_value_component_model_constant_variable_p53_thresh":0.004,"data_set_value_component_model_constant_variable_u":0.006,"data_set_value_component_model_constant_variable_u_Bax":0.006,"data_set_value_component_model_constant_variable_u_Bcl_2":0.006,"data_set_value_component_model_constant_variable_P_Apaf_1":0.0003,"data_set_value_component_model_constant_variable_P_IAP":0.00003,"data_set_value_component_model_constant_variable_P_Pro3":0.0003,"data_set_value_component_model_constant_variable_P_Pro9":0.0003,"data_set_value_component_model_constant_variable_P_Bid":0.00003,"data_set_value_component_model_constant_variable_P_oBcl_2":0.00008,"data_set_value_component_model_constant_variable_P_oBax":0.00003,"data_set_value_component_model_constant_variable_P_Cytc_mito":0.0003,"data_set_value_component_model_constant_variable_p53":0.0066,"data_set_value_component_model_constant_variable_p":4.0},{"data_set_value_component_environment_variable_time":0.6,"data_set_value_component_Casp8_variable_Casp8":0.0,"data_set_value_component_Casp8_variable_Casp8Bid":0.0,"data_set_value_component_Casp8_variable_J_0":0.0,"data_set_value_component_Casp8_variable_J_f0":0.0,"data_set_value_component_Casp8_variable_J_Casp8":0.0,"data_set_value_component_Apaf_1_variable_Apaf_1":0.0041652596,"data_set_value_component_Apaf_1_variable_J_Apaf_1":0.0002750084,"data_set_value_component_Apaf_1_variable_J_1":0.0,"data_set_value_component_CytcApaf_1_variable_CytcApaf_1":0.0,"data_set_value_component_CytcApaf_1_variable_J_1b":0.0,"data_set_value_component_Cytc_variable_Cytc":0.0,"data_set_value_component_Cytc_variable_J_Cytc":0.0,"data_set_value_component_Cytc_mito_variable_Cytc_mito":0.0041652596,"data_set_value_component_Cytc_mito_variable_J_14":0.0,"data_set_value_component_Cytc_mito_variable_J_Cytc_mito":0.0002750084,"data_set_value_component_Bax_2_variable_Bax_2":0.0,"data_set_value_component_Bax_2_variable_J_Bax_2":0.0,"data_set_value_component_tBid_mito_variable_tBid_mito":0.0,"data_set_value_component_tBid_mito_variable_J_12a":0.0,"data_set_value_component_tBid_mito_variable_J_tBid_mito":0.0,"data_set_value_component_tBid_variable_tBid":0.0,"data_set_value_component_tBid_variable_J_11":0.0,"data_set_value_component_tBid_variable_J_tBid":0.0,"data_set_value_component_tBidBax_variable_tBidBax":0.0,"data_set_value_component_tBidBax_variable_J_12b":0.0,"data_set_value_component_tBidBax_variable_J_tBidBax":0.0,"data_set_value_component_Bax_variable_Bax":0.0039260166,"data_set_value_component_Bax_variable_J_13":0.000153033,"data_set_value_component_Bax_variable_J_Bax":0.0000328776,"data_set_value_component_Bax_variable_P_Bax":0.0000564337,"data_set_value_component_Bcl_2_variable_Bcl_2":0.0038979204,"data_set_value_component_Bcl_2_variable_J_9":0.0,"data_set_value_component_Bcl_2_variable_J_Bcl_2":-0.0000138773,"data_set_value_component_Bcl_2_variable_P_Bcl_2":0.0000095102,"data_set_value_component_Casp3Bcl_2_variable_Casp3Bcl_2":0.0,"data_set_value_component_Casp3Bcl_2_variable_J_f9":0.0,"data_set_value_component_Casp3Bid_variable_Casp3Bid":0.0,"data_set_value_component_Casp3Bid_variable_J_8":0.0,"data_set_value_component_Casp3Bid_variable_J_f8":0.0,"data_set_value_component_Bid_variable_Bid":0.0040035926,"data_set_value_component_Bid_variable_J_Bid":0.0000059784,"data_set_value_component_Casp3_variable_Casp3":0.0,"data_set_value_component_Casp3_variable_Casp3IAP":0.0,"data_set_value_component_Casp3_variable_J_7":0.0,"data_set_value_component_Casp3_variable_J_Casp3":0.0,"data_set_value_component_Apop_variable_Apop":0.0,"data_set_value_component_Pro9_variable_Pro9":0.0041652596,"data_set_value_component_Pro9_variable_ApopPro9":0.0,"data_set_value_component_Pro9_variable_J_2":0.0,"data_set_value_component_Pro9_variable_J_3":0.0,"data_set_value_component_Pro9_variable_J_Pro9":0.0002750084,"data_set_value_component_ApopPro9_2_variable_ApopPro9_2":0.0,"data_set_value_component_ApopPro9_2_variable_J_f3":0.0,"data_set_value_component_ApopCasp9_2Pro3_variable_ApopCasp9_2Pro3":0.0,"data_set_value_component_ApopCasp9_2Pro3_variable_J_6b":0.0,"data_set_value_component_ApopCasp9_2Pro3_variable_J_f6b":0.0,"data_set_value_component_Casp9Pro3_variable_Casp9Pro3":0.0,"data_set_value_component_Casp9Pro3_variable_J_f6":0.0,"data_set_value_component_Pro3_variable_Pro3":0.0041652596,"data_set_value_component_Pro3_variable_J_6":0.0,"data_set_value_component_Pro3_variable_J_Pro3":0.0002750084,"data_set_value_component_IAP_variable_IAP":0.0040035926,"data_set_value_component_IAP_variable_Casp9IAP":0.0,"data_set_value_component_IAP_variable_ApopCasp9IAP":0.0,"data_set_value_component_IAP_variable_ApopCasp9_2IAP":0.0,"data_set_value_component_IAP_variable_J_5":0.0,"data_set_value_component_IAP_variable_J_5b":0.0,"data_set_value_component_IAP_variable_J_5c":0.0,"data_set_value_component_IAP_variable_J_IAP":0.0000059784,"data_set_value_component_ApopCasp9_variable_ApopCasp9":0.0,"data_set_value_component_ApopCasp9_variable_J_4":0.0,"data_set_value_component_ApopCasp9_variable_J_4b":0.0,"data_set_value_component_Casp9_variable_Casp9":0.0,"data_set_value_component_Casp9_variable_J_Casp9":0.0,"data_set_value_component_ApopCasp9_2_variable_ApopCasp9_2":0.0,"data_set_value_component_model_constant_variable_k_10":10.0,"data_set_value_component_model_constant_variable_k_f0":0.1,"data_set_value_component_model_constant_variable_k_01":0.5,"data_set_value_component_model_constant_variable_k_01b":0.5,"data_set_value_component_model_constant_variable_k_02":0.5,"data_set_value_component_model_constant_variable_k_03":0.5,"data_set_value_component_model_constant_variable_k_14":5.0,"data_set_value_component_model_constant_variable_k_14b":5.0,"data_set_value_component_model_constant_variable_k_15":5.0,"data_set_value_component_model_constant_variable_k_15b":5.0,"data_set_value_component_model_constant_variable_k_15c":5.0,"data_set_value_component_model_constant_variable_k_16":10.0,"data_set_value_component_model_constant_variable_k_f6":0.001,"data_set_value_component_model_constant_variable_k_06b":0.5,"data_set_value_component_model_constant_variable_k_17":5.0,"data_set_value_component_model_constant_variable_k_18":10.0,"data_set_value_component_model_constant_variable_k_f8":0.1,"data_set_value_component_model_constant_variable_k_09":0.5,"data_set_value_component_model_constant_variable_k11":10.0,"data_set_value_component_model_constant_variable_k12b":10.0,"data_set_value_component_model_constant_variable_k14":10.0,"data_set_value_component_model_constant_variable_k_00":0.5,"data_set_value_component_model_constant_variable_k_11":5.0,"data_set_value_component_model_constant_variable_k_11b":50000.0,"data_set_value_component_model_constant_variable_k_12":10.0,"data_set_value_component_model_constant_variable_k_13":10.0,"data_set_value_component_model_constant_variable_k_f3":0.1,"data_set_value_component_model_constant_variable_k_04":0.5,"data_set_value_component_model_constant_variable_k_04b":0.5,"data_set_value_component_model_constant_variable_k_05":0.0035,"data_set_value_component_model_constant_variable_k_05b":0.0035,"data_set_value_component_model_constant_variable_k_05c":0.0035,"data_set_value_component_model_constant_variable_k_06":0.5,"data_set_value_component_model_constant_variable_k_16b":10.0,"data_set_value_component_model_constant_variable_k_f6b":0.1,"data_set_value_component_model_constant_variable_k_07":0.0035,"data_set_value_component_model_constant_variable_k_08":0.5,"data_set_value_component_model_constant_variable_k_19":10.0,"data_set_value_component_model_constant_variable_k_f9":0.1,"data_set_value_component_model_constant_variable_k12a":10.0,"data_set_value_component_model_constant_variable_k13":10.0,"data_set_value_component_model_constant_variable_p53_thresh":0.004,"data_set_value_component_model_constant_variable_u":0.006,"data_set_value_component_model_constant_variable_u_Bax":0.006,"data_set_value_component_model_constant_variable_u_Bcl_2":0.006,"data_set_value_component_model_constant_variable_P_Apaf_1":0.0003,"data_set_value_component_model_constant_variable_P_IAP":0.00003,"data_set_value_component_model_constant_variable_P_Pro3":0.0003,"data_set_value_component_model_constant_variable_P_Pro9":0.0003,"data_set_value_component_model_constant_variable_P_Bid":0.00003,"data_set_value_component_model_constant_variable_P_oBcl_2":0.00008,"data_set_value_component_model_constant_variable_P_oBax":0.00003,"data_set_value_component_model_constant_variable_P_Cytc_mito":0.0003,"data_set_value_component_model_constant_variable_p53":0.0066,"data_set_value_component_model_constant_variable_p":4.0},{"data_set_value_component_environment_variable_time":0.7,"data_set_value_component_Casp8_variable_Casp8":0.0,"data_set_value_component_Casp8_variable_Casp8Bid":0.0,"data_set_value_component_Casp8_variable_J_0":0.0,"data_set_value_component_Casp8_variable_J_f0":0.0,"data_set_value_component_Casp8_variable_J_Casp8":0.0,"data_set_value_component_Apaf_1_variable_Apaf_1":0.0041927509,"data_set_value_component_Apaf_1_variable_J_Apaf_1":0.0002748435,"data_set_value_component_Apaf_1_variable_J_1":0.0,"data_set_value_component_CytcApaf_1_variable_CytcApaf_1":0.0,"data_set_value_component_CytcApaf_1_variable_J_1b":0.0,"data_set_value_component_Cytc_variable_Cytc":0.0,"data_set_value_component_Cytc_variable_J_Cytc":0.0,"data_set_value_component_Cytc_mito_variable_Cytc_mito":0.0041927509,"data_set_value_component_Cytc_mito_variable_J_14":0.0,"data_set_value_component_Cytc_mito_variable_J_Cytc_mito":0.0002748435,"data_set_value_component_Bax_2_variable_Bax_2":0.0,"data_set_value_component_Bax_2_variable_J_Bax_2":0.0,"data_set_value_component_tBid_mito_variable_tBid_mito":0.0,"data_set_value_component_tBid_mito_variable_J_12a":0.0,"data_set_value_component_tBid_mito_variable_J_tBid_mito":0.0,"data_set_value_component_tBid_variable_tBid":0.0,"data_set_value_component_tBid_variable_J_11":0.0,"data_set_value_component_tBid_variable_J_tBid":0.0,"data_set_value_component_tBidBax_variable_tBidBax":0.0,"data_set_value_component_tBidBax_variable_J_12b":0.0,"data_set_value_component_tBidBax_variable_J_tBidBax":0.0,"data_set_value_component_Bax_variable_Bax":0.003914068,"data_set_value_component_Bax_variable_J_13":0.0001519166,"data_set_value_component_Bax_variable_J_Bax":0.0000329493,"data_set_value_component_Bax_variable_P_Bax":0.0000564337,"data_set_value_component_Bcl_2_variable_Bcl_2":0.003881298,"data_set_value_component_Bcl_2_variable_J_9":0.0,"data_set_value_component_Bcl_2_variable_J_Bcl_2":-0.0000137776,"data_set_value_component_Bcl_2_variable_P_Bcl_2":0.0000095102,"data_set_value_component_Casp3Bcl_2_variable_Casp3Bcl_2":0.0,"data_set_value_component_Casp3Bcl_2_variable_J_f9":0.0,"data_set_value_component_Casp3Bid_variable_Casp3Bid":0.0,"data_set_value_component_Casp3Bid_variable_J_8":0.0,"data_set_value_component_Casp3Bid_variable_J_f8":0.0,"data_set_value_component_Bid_variable_Bid":0.0040041902,"data_set_value_component_Bid_variable_J_Bid":0.0000059749,"data_set_value_component_Casp3_variable_Casp3":0.0,"data_set_value_component_Casp3_variable_Casp3IAP":0.0,"data_set_value_component_Casp3_variable_J_7":0.0,"data_set_value_component_Casp3_variable_J_Casp3":0.0,"data_set_value_component_Apop_variable_Apop":0.0,"data_set_value_component_Pro9_variable_Pro9":0.0041927509,"data_set_value_component_Pro9_variable_ApopPro9":0.0,"data_set_value_component_Pro9_variable_J_2":0.0,"data_set_value_component_Pro9_variable_J_3":0.0,"data_set_value_component_Pro9_variable_J_Pro9":0.0002748435,"data_set_value_component_ApopPro9_2_variable_ApopPro9_2":0.0,"data_set_value_component_ApopPro9_2_variable_J_f3":0.0,"data_set_value_component_ApopCasp9_2Pro3_variable_ApopCasp9_2Pro3":0.0,"data_set_value_component_ApopCasp9_2Pro3_variable_J_6b":0.0,"data_set_value_component_ApopCasp9_2Pro3_variable_J_f6b":0.0,"data_set_value_component_Casp9Pro3_variable_Casp9Pro3":0.0,"data_set_value_component_Casp9Pro3_variable_J_f6":0.0,"data_set_value_component_Pro3_variable_Pro3":0.0041927509,"data_set_value_component_Pro3_variable_J_6":0.0,"data_set_value_component_Pro3_variable_J_Pro3":0.0002748435,"data_set_value_component_IAP_variable_IAP":0.0040041902,"data_set_value_component_IAP_variable_Casp9IAP":0.0,"data_set_value_component_IAP_variable_ApopCasp9IAP":0.0,"data_set_value_component_IAP_variable_ApopCasp9_2IAP":0.0,"data_set_value_component_IAP_variable_J_5":0.0,"data_set_value_component_IAP_variable_J_5b":0.0,"data_set_value_component_IAP_variable_J_5c":0.0,"data_set_value_component_IAP_variable_J_IAP":0.0000059749,"data_set_value_component_ApopCasp9_variable_ApopCasp9":0.0,"data_set_value_component_ApopCasp9_variable_J_4":0.0,"data_set_value_component_ApopCasp9_variable_J_4b":0.0,"data_set_value_component_Casp9_variable_Casp9":0.0,"data_set_value_component_Casp9_variable_J_Casp9":0.0,"data_set_value_component_ApopCasp9_2_variable_ApopCasp9_2":0.0,"data_set_value_component_model_constant_variable_k_10":10.0,"data_set_value_component_model_constant_variable_k_f0":0.1,"data_set_value_component_model_constant_variable_k_01":0.5,"data_set_value_component_model_constant_variable_k_01b":0.5,"data_set_value_component_model_constant_variable_k_02":0.5,"data_set_value_component_model_constant_variable_k_03":0.5,"data_set_value_component_model_constant_variable_k_14":5.0,"data_set_value_component_model_constant_variable_k_14b":5.0,"data_set_value_component_model_constant_variable_k_15":5.0,"data_set_value_component_model_constant_variable_k_15b":5.0,"data_set_value_component_model_constant_variable_k_15c":5.0,"data_set_value_component_model_constant_variable_k_16":10.0,"data_set_value_component_model_constant_variable_k_f6":0.001,"data_set_value_component_model_constant_variable_k_06b":0.5,"data_set_value_component_model_constant_variable_k_17":5.0,"data_set_value_component_model_constant_variable_k_18":10.0,"data_set_value_component_model_constant_variable_k_f8":0.1,"data_set_value_component_model_constant_variable_k_09":0.5,"data_set_value_component_model_constant_variable_k11":10.0,"data_set_value_component_model_constant_variable_k12b":10.0,"data_set_value_component_model_constant_variable_k14":10.0,"data_set_value_component_model_constant_variable_k_00":0.5,"data_set_value_component_model_constant_variable_k_11":5.0,"data_set_value_component_model_constant_variable_k_11b":50000.0,"data_set_value_component_model_constant_variable_k_12":10.0,"data_set_value_component_model_constant_variable_k_13":10.0,"data_set_value_component_model_constant_variable_k_f3":0.1,"data_set_value_component_model_constant_variable_k_04":0.5,"data_set_value_component_model_constant_variable_k_04b":0.5,"data_set_value_component_model_constant_variable_k_05":0.0035,"data_set_value_component_model_constant_variable_k_05b":0.0035,"data_set_value_component_model_constant_variable_k_05c":0.0035,"data_set_value_component_model_constant_variable_k_06":0.5,"data_set_value_component_model_constant_variable_k_16b":10.0,"data_set_value_component_model_constant_variable_k_f6b":0.1,"data_set_value_component_model_constant_variable_k_07":0.0035,"data_set_value_component_model_constant_variable_k_08":0.5,"data_set_value_component_model_constant_variable_k_19":10.0,"data_set_value_component_model_constant_variable_k_f9":0.1,"data_set_value_component_model_constant_variable_k12a":10.0,"data_set_value_component_model_constant_variable_k13":10.0,"data_set_value_component_model_constant_variable_p53_thresh":0.004,"data_set_value_component_model_constant_variable_u":0.006,"data_set_value_component_model_constant_variable_u_Bax":0.006,"data_set_value_component_model_constant_variable_u_Bcl_2":0.006,"data_set_value_component_model_constant_variable_P_Apaf_1":0.0003,"data_set_value_component_model_constant_variable_P_IAP":0.00003,"data_set_value_component_model_constant_variable_P_Pro3":0.0003,"data_set_value_component_model_constant_variable_P_Pro9":0.0003,"data_set_value_component_model_constant_variable_P_Bid":0.00003,"data_set_value_component_model_constant_variable_P_oBcl_2":0.00008,"data_set_value_component_model_constant_variable_P_oBax":0.00003,"data_set_value_component_model_constant_variable_P_Cytc_mito":0.0003,"data_set_value_component_model_constant_variable_p53":0.0066,"data_set_value_component_model_constant_variable_p":4.0},{"data_set_value_component_environment_variable_time":0.8,"data_set_value_component_Casp8_variable_Casp8":0.0,"data_set_value_component_Casp8_variable_Casp8Bid":0.0,"data_set_value_component_Casp8_variable_J_0":0.0,"data_set_value_component_Casp8_variable_J_f0":0.0,"data_set_value_component_Casp8_variable_J_Casp8":0.0,"data_set_value_component_Apaf_1_variable_Apaf_1":0.0042202255,"data_set_value_component_Apaf_1_variable_J_Apaf_1":0.0002746786,"data_set_value_component_Apaf_1_variable_J_1":0.0,"data_set_value_component_CytcApaf_1_variable_CytcApaf_1":0.0,"data_set_value_component_CytcApaf_1_variable_J_1b":0.0,"data_set_value_component_Cytc_variable_Cytc":0.0,"data_set_value_component_Cytc_variable_J_Cytc":0.0,"data_set_value_component_Cytc_mito_variable_Cytc_mito":0.0042202255,"data_set_value_component_Cytc_mito_variable_J_14":0.0,"data_set_value_component_Cytc_mito_variable_J_Cytc_mito":0.0002746786,"data_set_value_component_Bax_2_variable_Bax_2":0.0,"data_set_value_component_Bax_2_variable_J_Bax_2":0.0,"data_set_value_component_tBid_mito_variable_tBid_mito":0.0,"data_set_value_component_tBid_mito_variable_J_12a":0.0,"data_set_value_component_tBid_mito_variable_J_tBid_mito":0.0,"data_set_value_component_tBid_variable_tBid":0.0,"data_set_value_component_tBid_variable_J_11":0.0,"data_set_value_component_tBid_variable_J_tBid":0.0,"data_set_value_component_tBidBax_variable_tBidBax":0.0,"data_set_value_component_tBidBax_variable_J_12b":0.0,"data_set_value_component_tBidBax_variable_J_tBidBax":0.0,"data_set_value_component_Bax_variable_Bax":0.0039022359,"data_set_value_component_Bax_variable_J_13":0.0001508134,"data_set_value_component_Bax_variable_J_Bax":0.0000330203,"data_set_value_component_Bax_variable_P_Bax":0.0000564337,"data_set_value_component_Bcl_2_variable_Bcl_2":0.0038647948,"data_set_value_component_Bcl_2_variable_J_9":0.0,"data_set_value_component_Bcl_2_variable_J_Bcl_2":-0.0000136786,"data_set_value_component_Bcl_2_variable_P_Bcl_2":0.0000095102,"data_set_value_component_Casp3Bcl_2_variable_Casp3Bcl_2":0.0,"data_set_value_component_Casp3Bcl_2_variable_J_f9":0.0,"data_set_value_component_Casp3Bid_variable_Casp3Bid":0.0,"data_set_value_component_Casp3Bid_variable_J_8":0.0,"data_set_value_component_Casp3Bid_variable_J_f8":0.0,"data_set_value_component_Bid_variable_Bid":0.0040047875,"data_set_value_component_Bid_variable_J_Bid":0.0000059713,"data_set_value_component_Casp3_variable_Casp3":0.0,"data_set_value_component_Casp3_variable_Casp3IAP":0.0,"data_set_value_component_Casp3_variable_J_7":0.0,"data_set_value_component_Casp3_variable_J_Casp3":0.0,"data_set_value_component_Apop_variable_Apop":0.0,"data_set_value_component_Pro9_variable_Pro9":0.0042202255,"data_set_value_component_Pro9_variable_ApopPro9":0.0,"data_set_value_component_Pro9_variable_J_2":0.0,"data_set_value_component_Pro9_variable_J_3":0.0,"data_set_value_component_Pro9_variable_J_Pro9":0.0002746786,"data_set_value_component_ApopPro9_2_variable_ApopPro9_2":0.0,"data_set_value_component_ApopPro9_2_variable_J_f3":0.0,"data_set_value_component_ApopCasp9_2Pro3_variable_ApopCasp9_2Pro3":0.0,"data_set_value_component_ApopCasp9_2Pro3_variable_J_6b":0.0,"data_set_value_component_ApopCasp9_2Pro3_variable_J_f6b":0.0,"data_set_value_component_Casp9Pro3_variable_Casp9Pro3":0.0,"data_set_value_component_Casp9Pro3_variable_J_f6":0.0,"data_set_value_component_Pro3_variable_Pro3":0.0042202255,"data_set_value_component_Pro3_variable_J_6":0.0,"data_set_value_component_Pro3_variable_J_Pro3":0.0002746786,"data_set_value_component_IAP_variable_IAP":0.0040047875,"data_set_value_component_IAP_variable_Casp9IAP":0.0,"data_set_value_component_IAP_variable_ApopCasp9IAP":0.0,"data_set_value_component_IAP_variable_ApopCasp9_2IAP":0.0,"data_set_value_component_IAP_variable_J_5":0.0,"data_set_value_component_IAP_variable_J_5b":0.0,"data_set_value_component_IAP_variable_J_5c":0.0,"data_set_value_component_IAP_variable_J_IAP":0.0000059713,"data_set_value_component_ApopCasp9_variable_ApopCasp9":0.0,"data_set_value_component_ApopCasp9_variable_J_4":0.0,"data_set_value_component_ApopCasp9_variable_J_4b":0.0,"data_set_value_component_Casp9_variable_Casp9":0.0,"data_set_value_component_Casp9_variable_J_Casp9":0.0,"data_set_value_component_ApopCasp9_2_variable_ApopCasp9_2":0.0,"data_set_value_component_model_constant_variable_k_10":10.0,"data_set_value_component_model_constant_variable_k_f0":0.1,"data_set_value_component_model_constant_variable_k_01":0.5,"data_set_value_component_model_constant_variable_k_01b":0.5,"data_set_value_component_model_constant_variable_k_02":0.5,"data_set_value_component_model_constant_variable_k_03":0.5,"data_set_value_component_model_constant_variable_k_14":5.0,"data_set_value_component_model_constant_variable_k_14b":5.0,"data_set_value_component_model_constant_variable_k_15":5.0,"data_set_value_component_model_constant_variable_k_15b":5.0,"data_set_value_component_model_constant_variable_k_15c":5.0,"data_set_value_component_model_constant_variable_k_16":10.0,"data_set_value_component_model_constant_variable_k_f6":0.001,"data_set_value_component_model_constant_variable_k_06b":0.5,"data_set_value_component_model_constant_variable_k_17":5.0,"data_set_value_component_model_constant_variable_k_18":10.0,"data_set_value_component_model_constant_variable_k_f8":0.1,"data_set_value_component_model_constant_variable_k_09":0.5,"data_set_value_component_model_constant_variable_k11":10.0,"data_set_value_component_model_constant_variable_k12b":10.0,"data_set_value_component_model_constant_variable_k14":10.0,"data_set_value_component_model_constant_variable_k_00":0.5,"data_set_value_component_model_constant_variable_k_11":5.0,"data_set_value_component_model_constant_variable_k_11b":50000.0,"data_set_value_component_model_constant_variable_k_12":10.0,"data_set_value_component_model_constant_variable_k_13":10.0,"data_set_value_component_model_constant_variable_k_f3":0.1,"data_set_value_component_model_constant_variable_k_04":0.5,"data_set_value_component_model_constant_variable_k_04b":0.5,"data_set_value_component_model_constant_variable_k_05":0.0035,"data_set_value_component_model_constant_variable_k_05b":0.0035,"data_set_value_component_model_constant_variable_k_05c":0.0035,"data_set_value_component_model_constant_variable_k_06":0.5,"data_set_value_component_model_constant_variable_k_16b":10.0,"data_set_value_component_model_constant_variable_k_f6b":0.1,"data_set_value_component_model_constant_variable_k_07":0.0035,"data_set_value_component_model_constant_variable_k_08":0.5,"data_set_value_component_model_constant_variable_k_19":10.0,"data_set_value_component_model_constant_variable_k_f9":0.1,"data_set_value_component_model_constant_variable_k12a":10.0,"data_set_value_component_model_constant_variable_k13":10.0,"data_set_value_component_model_constant_variable_p53_thresh":0.004,"data_set_value_component_model_constant_variable_u":0.006,"data_set_value_component_model_constant_variable_u_Bax":0.006,"data_set_value_component_model_constant_variable_u_Bcl_2":0.006,"data_set_value_component_model_constant_variable_P_Apaf_1":0.0003,"data_set_value_component_model_constant_variable_P_IAP":0.00003,"data_set_value_component_model_constant_variable_P_Pro3":0.0003,"data_set_value_component_model_constant_variable_P_Pro9":0.0003,"data_set_value_component_model_constant_variable_P_Bid":0.00003,"data_set_value_component_model_constant_variable_P_oBcl_2":0.00008,"data_set_value_component_model_constant_variable_P_oBax":0.00003,"data_set_value_component_model_constant_variable_P_Cytc_mito":0.0003,"data_set_value_component_model_constant_variable_p53":0.0066,"data_set_value_component_model_constant_variable_p":4.0},{"data_set_value_component_environment_variable_time":0.9,"data_set_value_component_Casp8_variable_Casp8":0.0,"data_set_value_component_Casp8_variable_Casp8Bid":0.0,"data_set_value_component_Casp8_variable_J_0":0.0,"data_set_value_component_Casp8_variable_J_f0":0.0,"data_set_value_component_Casp8_variable_J_Casp8":0.0,"data_set_value_component_Apaf_1_variable_Apaf_1":0.0042476839,"data_set_value_component_Apaf_1_variable_J_Apaf_1":0.0002745139,"data_set_value_component_Apaf_1_variable_J_1":0.0,"data_set_value_component_CytcApaf_1_variable_CytcApaf_1":0.0,"data_set_value_component_CytcApaf_1_variable_J_1b":0.0,"data_set_value_component_Cytc_variable_Cytc":0.0,"data_set_value_component_Cytc_variable_J_Cytc":0.0,"data_set_value_component_Cytc_mito_variable_Cytc_mito":0.0042476839,"data_set_value_component_Cytc_mito_variable_J_14":0.0,"data_set_value_component_Cytc_mito_variable_J_Cytc_mito":0.0002745139,"data_set_value_component_Bax_2_variable_Bax_2":0.0,"data_set_value_component_Bax_2_variable_J_Bax_2":0.0,"data_set_value_component_tBid_mito_variable_tBid_mito":0.0,"data_set_value_component_tBid_mito_variable_J_12a":0.0,"data_set_value_component_tBid_mito_variable_J_tBid_mito":0.0,"data_set_value_component_tBid_variable_tBid":0.0,"data_set_value_component_tBid_variable_J_11":0.0,"data_set_value_component_tBid_variable_J_tBid":0.0,"data_set_value_component_tBidBax_variable_tBidBax":0.0,"data_set_value_component_tBidBax_variable_J_12b":0.0,"data_set_value_component_tBidBax_variable_J_tBidBax":0.0,"data_set_value_component_Bax_variable_Bax":0.0038905184,"data_set_value_component_Bax_variable_J_13":0.0001497231,"data_set_value_component_Bax_variable_J_Bax":0.0000330906,"data_set_value_component_Bax_variable_P_Bax":0.0000564337,"data_set_value_component_Bcl_2_variable_Bcl_2":0.003848409,"data_set_value_component_Bcl_2_variable_J_9":0.0,"data_set_value_component_Bcl_2_variable_J_Bcl_2":-0.0000135802,"data_set_value_component_Bcl_2_variable_P_Bcl_2":0.0000095102,"data_set_value_component_Casp3Bcl_2_variable_Casp3Bcl_2":0.0,"data_set_value_component_Casp3Bcl_2_variable_J_f9":0.0,"data_set_value_component_Casp3Bid_variable_Casp3Bid":0.0,"data_set_value_component_Casp3Bid_variable_J_8":0.0,"data_set_value_component_Casp3Bid_variable_J_f8":0.0,"data_set_value_component_Bid_variable_Bid":0.0040053844,"data_set_value_component_Bid_variable_J_Bid":0.0000059677,"data_set_value_component_Casp3_variable_Casp3":0.0,"data_set_value_component_Casp3_variable_Casp3IAP":0.0,"data_set_value_component_Casp3_variable_J_7":0.0,"data_set_value_component_Casp3_variable_J_Casp3":0.0,"data_set_value_component_Apop_variable_Apop":0.0,"data_set_value_component_Pro9_variable_Pro9":0.0042476839,"data_set_value_component_Pro9_variable_ApopPro9":0.0,"data_set_value_component_Pro9_variable_J_2":0.0,"data_set_value_component_Pro9_variable_J_3":0.0,"data_set_value_component_Pro9_variable_J_Pro9":0.0002745139,"data_set_value_component_ApopPro9_2_variable_ApopPro9_2":0.0,"data_set_value_component_ApopPro9_2_variable_J_f3":0.0,"data_set_value_component_ApopCasp9_2Pro3_variable_ApopCasp9_2Pro3":0.0,"data_set_value_component_ApopCasp9_2Pro3_variable_J_6b":0.0,"data_set_value_component_ApopCasp9_2Pro3_variable_J_f6b":0.0,"data_set_value_component_Casp9Pro3_variable_Casp9Pro3":0.0,"data_set_value_component_Casp9Pro3_variable_J_f6":0.0,"data_set_value_component_Pro3_variable_Pro3":0.0042476839,"data_set_value_component_Pro3_variable_J_6":0.0,"data_set_value_component_Pro3_variable_J_Pro3":0.0002745139,"data_set_value_component_IAP_variable_IAP":0.0040053844,"data_set_value_component_IAP_variable_Casp9IAP":0.0,"data_set_value_component_IAP_variable_ApopCasp9IAP":0.0,"data_set_value_component_IAP_variable_ApopCasp9_2IAP":0.0,"data_set_value_component_IAP_variable_J_5":0.0,"data_set_value_component_IAP_variable_J_5b":0.0,"data_set_value_component_IAP_variable_J_5c":0.0,"data_set_value_component_IAP_variable_J_IAP":0.0000059677,"data_set_value_component_ApopCasp9_variable_ApopCasp9":0.0,"data_set_value_component_ApopCasp9_variable_J_4":0.0,"data_set_value_component_ApopCasp9_variable_J_4b":0.0,"data_set_value_component_Casp9_variable_Casp9":0.0,"data_set_value_component_Casp9_variable_J_Casp9":0.0,"data_set_value_component_ApopCasp9_2_variable_ApopCasp9_2":0.0,"data_set_value_component_model_constant_variable_k_10":10.0,"data_set_value_component_model_constant_variable_k_f0":0.1,"data_set_value_component_model_constant_variable_k_01":0.5,"data_set_value_component_model_constant_variable_k_01b":0.5,"data_set_value_component_model_constant_variable_k_02":0.5,"data_set_value_component_model_constant_variable_k_03":0.5,"data_set_value_component_model_constant_variable_k_14":5.0,"data_set_value_component_model_constant_variable_k_14b":5.0,"data_set_value_component_model_constant_variable_k_15":5.0,"data_set_value_component_model_constant_variable_k_15b":5.0,"data_set_value_component_model_constant_variable_k_15c":5.0,"data_set_value_component_model_constant_variable_k_16":10.0,"data_set_value_component_model_constant_variable_k_f6":0.001,"data_set_value_component_model_constant_variable_k_06b":0.5,"data_set_value_component_model_constant_variable_k_17":5.0,"data_set_value_component_model_constant_variable_k_18":10.0,"data_set_value_component_model_constant_variable_k_f8":0.1,"data_set_value_component_model_constant_variable_k_09":0.5,"data_set_value_component_model_constant_variable_k11":10.0,"data_set_value_component_model_constant_variable_k12b":10.0,"data_set_value_component_model_constant_variable_k14":10.0,"data_set_value_component_model_constant_variable_k_00":0.5,"data_set_value_component_model_constant_variable_k_11":5.0,"data_set_value_component_model_constant_variable_k_11b":50000.0,"data_set_value_component_model_constant_variable_k_12":10.0,"data_set_value_component_model_constant_variable_k_13":10.0,"data_set_value_component_model_constant_variable_k_f3":0.1,"data_set_value_component_model_constant_variable_k_04":0.5,"data_set_value_component_model_constant_variable_k_04b":0.5,"data_set_value_component_model_constant_variable_k_05":0.0035,"data_set_value_component_model_constant_variable_k_05b":0.0035,"data_set_value_component_model_constant_variable_k_05c":0.0035,"data_set_value_component_model_constant_variable_k_06":0.5,"data_set_value_component_model_constant_variable_k_16b":10.0,"data_set_value_component_model_constant_variable_k_f6b":0.1,"data_set_value_component_model_constant_variable_k_07":0.0035,"data_set_value_component_model_constant_variable_k_08":0.5,"data_set_value_component_model_constant_variable_k_19":10.0,"data_set_value_component_model_constant_variable_k_f9":0.1,"data_set_value_component_model_constant_variable_k12a":10.0,"data_set_value_component_model_constant_variable_k13":10.0,"data_set_value_component_model_constant_variable_p53_thresh":0.004,"data_set_value_component_model_constant_variable_u":0.006,"data_set_value_component_model_constant_variable_u_Bax":0.006,"data_set_value_component_model_constant_variable_u_Bcl_2":0.006,"data_set_value_component_model_constant_variable_P_Apaf_1":0.0003,"data_set_value_component_model_constant_variable_P_IAP":0.00003,"data_set_value_component_model_constant_variable_P_Pro3":0.0003,"data_set_value_component_model_constant_variable_P_Pro9":0.0003,"data_set_value_component_model_constant_variable_P_Bid":0.00003,"data_set_value_component_model_constant_variable_P_oBcl_2":0.00008,"data_set_value_component_model_constant_variable_P_oBax":0.00003,"data_set_value_component_model_constant_variable_P_Cytc_mito":0.0003,"data_set_value_component_model_constant_variable_p53":0.0066,"data_set_value_component_model_constant_variable_p":4.0},{"data_set_value_component_environment_variable_time":1.0,"data_set_value_component_Casp8_variable_Casp8":0.0,"data_set_value_component_Casp8_variable_Casp8Bid":0.0,"data_set_value_component_Casp8_variable_J_0":0.0,"data_set_value_component_Casp8_variable_J_f0":0.0,"data_set_value_component_Casp8_variable_J_Casp8":0.0,"data_set_value_component_Apaf_1_variable_Apaf_1":0.0042751263,"data_set_value_component_Apaf_1_variable_J_Apaf_1":0.0002743492,"data_set_value_component_Apaf_1_variable_J_1":0.0,"data_set_value_component_CytcApaf_1_variable_CytcApaf_1":0.0,"data_set_value_component_CytcApaf_1_variable_J_1b":0.0,"data_set_value_component_Cytc_variable_Cytc":0.0,"data_set_value_component_Cytc_variable_J_Cytc":0.0,"data_set_value_component_Cytc_mito_variable_Cytc_mito":0.0042751263,"data_set_value_component_Cytc_mito_variable_J_14":0.0,"data_set_value_component_Cytc_mito_variable_J_Cytc_mito":0.0002743492,"data_set_value_component_Bax_2_variable_Bax_2":0.0,"data_set_value_component_Bax_2_variable_J_Bax_2":0.0,"data_set_value_component_tBid_mito_variable_tBid_mito":0.0,"data_set_value_component_tBid_mito_variable_J_12a":0.0,"data_set_value_component_tBid_mito_variable_J_tBid_mito":0.0,"data_set_value_component_tBid_variable_tBid":0.0,"data_set_value_component_tBid_variable_J_11":0.0,"data_set_value_component_tBid_variable_J_tBid":0.0,"data_set_value_component_tBidBax_variable_tBidBax":0.0,"data_set_value_component_tBidBax_variable_J_12b":0.0,"data_set_value_component_tBidBax_variable_J_tBidBax":0.0,"data_set_value_component_Bax_variable_Bax":0.0038789138,"data_set_value_component_Bax_variable_J_13":0.0001486454,"data_set_value_component_Bax_variable_J_Bax":0.0000331602,"data_set_value_component_Bax_variable_P_Bax":0.0000564337,"data_set_value_component_Bcl_2_variable_Bcl_2":0.0038321389,"data_set_value_component_Bcl_2_variable_J_9":0.0,"data_set_value_component_Bcl_2_variable_J_Bcl_2":-0.0000134826,"data_set_value_component_Bcl_2_variable_P_Bcl_2":0.0000095102,"data_set_value_component_Casp3Bcl_2_variable_Casp3Bcl_2":0.0,"data_set_value_component_Casp3Bcl_2_variable_J_f9":0.0,"data_set_value_component_Casp3Bid_variable_Casp3Bid":0.0,"data_set_value_component_Casp3Bid_variable_J_8":0.0,"data_set_value_component_Casp3Bid_variable_J_f8":0.0,"data_set_value_component_Bid_variable_Bid":0.004005981,"data_set_value_component_Bid_variable_J_Bid":0.0000059641,"data_set_value_component_Casp3_variable_Casp3":0.0,"data_set_value_component_Casp3_variable_Casp3IAP":0.0,"data_set_value_component_Casp3_variable_J_7":0.0,"data_set_value_component_Casp3_variable_J_Casp3":0.0,"data_set_value_component_Apop_variable_Apop":0.0,"data_set_value_component_Pro9_variable_Pro9":0.0042751263,"data_set_value_component_Pro9_variable_ApopPro9":0.0,"data_set_value_component_Pro9_variable_J_2":0.0,"data_set_value_component_Pro9_variable_J_3":0.0,"data_set_value_component_Pro9_variable_J_Pro9":0.0002743492,"data_set_value_component_ApopPro9_2_variable_ApopPro9_2":0.0,"data_set_value_component_ApopPro9_2_variable_J_f3":0.0,"data_set_value_component_ApopCasp9_2Pro3_variable_ApopCasp9_2Pro3":0.0,"data_set_value_component_ApopCasp9_2Pro3_variable_J_6b":0.0,"data_set_value_component_ApopCasp9_2Pro3_variable_J_f6b":0.0,"data_set_value_component_Casp9Pro3_variable_Casp9Pro3":0.0,"data_set_value_component_Casp9Pro3_variable_J_f6":0.0,"data_set_value_component_Pro3_variable_Pro3":0.0042751263,"data_set_value_component_Pro3_variable_J_6":0.0,"data_set_value_component_Pro3_variable_J_Pro3":0.0002743492,"data_set_value_component_IAP_variable_IAP":0.004005981,"data_set_value_component_IAP_variable_Casp9IAP":0.0,"data_set_value_component_IAP_variable_ApopCasp9IAP":0.0,"data_set_value_component_IAP_variable_ApopCasp9_2IAP":0.0,"data_set_value_component_IAP_variable_J_5":0.0,"data_set_value_component_IAP_variable_J_5b":0.0,"data_set_value_component_IAP_variable_J_5c":0.0,"data_set_value_component_IAP_variable_J_IAP":0.0000059641,"data_set_value_component_ApopCasp9_variable_ApopCasp9":0.0,"data_set_value_component_ApopCasp9_variable_J_4":0.0,"data_set_value_component_ApopCasp9_variable_J_4b":0.0,"data_set_value_component_Casp9_variable_Casp9":0.0,"data_set_value_component_Casp9_variable_J_Casp9":0.0,"data_set_value_component_ApopCasp9_2_variable_ApopCasp9_2":0.0,"data_set_value_component_model_constant_variable_k_10":10.0,"data_set_value_component_model_constant_variable_k_f0":0.1,"data_set_value_component_model_constant_variable_k_01":0.5,"data_set_value_component_model_constant_variable_k_01b":0.5,"data_set_value_component_model_constant_variable_k_02":0.5,"data_set_value_component_model_constant_variable_k_03":0.5,"data_set_value_component_model_constant_variable_k_14":5.0,"data_set_value_component_model_constant_variable_k_14b":5.0,"data_set_value_component_model_constant_variable_k_15":5.0,"data_set_value_component_model_constant_variable_k_15b":5.0,"data_set_value_component_model_constant_variable_k_15c":5.0,"data_set_value_component_model_constant_variable_k_16":10.0,"data_set_value_component_model_constant_variable_k_f6":0.001,"data_set_value_component_model_constant_variable_k_06b":0.5,"data_set_value_component_model_constant_variable_k_17":5.0,"data_set_value_component_model_constant_variable_k_18":10.0,"data_set_value_component_model_constant_variable_k_f8":0.1,"data_set_value_component_model_constant_variable_k_09":0.5,"data_set_value_component_model_constant_variable_k11":10.0,"data_set_value_component_model_constant_variable_k12b":10.0,"data_set_value_component_model_constant_variable_k14":10.0,"data_set_value_component_model_constant_variable_k_00":0.5,"data_set_value_component_model_constant_variable_k_11":5.0,"data_set_value_component_model_constant_variable_k_11b":50000.0,"data_set_value_component_model_constant_variable_k_12":10.0,"data_set_value_component_model_constant_variable_k_13":10.0,"data_set_value_component_model_constant_variable_k_f3":0.1,"data_set_value_component_model_constant_variable_k_04":0.5,"data_set_value_component_model_constant_variable_k_04b":0.5,"data_set_value_component_model_constant_variable_k_05":0.0035,"data_set_value_component_model_constant_variable_k_05b":0.0035,"data_set_value_component_model_constant_variable_k_05c":0.0035,"data_set_value_component_model_constant_variable_k_06":0.5,"data_set_value_component_model_constant_variable_k_16b":10.0,"data_set_value_component_model_constant_variable_k_f6b":0.1,"data_set_value_component_model_constant_variable_k_07":0.0035,"data_set_value_component_model_constant_variable_k_08":0.5,"data_set_value_component_model_constant_variable_k_19":10.0,"data_set_value_component_model_constant_variable_k_f9":0.1,"data_set_value_component_model_constant_variable_k12a":10.0,"data_set_value_component_model_constant_variable_k13":10.0,"data_set_value_component_model_constant_variable_p53_thresh":0.004,"data_set_value_component_model_constant_variable_u":0.006,"data_set_value_component_model_constant_variable_u_Bax":0.006,"data_set_value_component_model_constant_variable_u_Bcl_2":0.006,"data_set_value_component_model_constant_variable_P_Apaf_1":0.0003,"data_set_value_component_model_constant_variable_P_IAP":0.00003,"data_set_value_component_model_constant_variable_P_Pro3":0.0003,"data_set_value_component_model_constant_variable_P_Pro9":0.0003,"data_set_value_component_model_constant_variable_P_Bid":0.00003,"data_set_value_component_model_constant_variable_P_oBcl_2":0.00008,"data_set_value_component_model_constant_variable_P_oBax":0.00003,"data_set_value_component_model_constant_variable_P_Cytc_mito":0.0003,"data_set_value_component_model_constant_variable_p53":0.0066,"data_set_value_component_model_constant_variable_p":4.0}]