[{"data_set_value_component_environment_variable_time":0.0,"data_set_value_component_F_CE_variable_F_CE":1508143.9452280088,"data_set_value_component_f_L_CE_variable_f_L_CE":1944034.0637396169,"data_set_value_component_f_L_CE_variable_F_min":10.0,"data_set_value_component_f_L_CE_variable_W":0.63,"data_set_value_component_g_V_CE_variable_g_V_CE":0.9697257711,"data_set_value_component_g_V_CE_variable_V_max":0.93,"data_set_value_component_g_V_CE_variable_A":0.25,"data_set_value_component_g_V_CE_variable_g_max":1.5,"data_set_value_component_g_V_CE_variable_gamma":5.67,"data_set_value_component_d1_variable_d1":0.0465,"data_set_value_component_d1_variable_V_max":0.93,"data_set_value_component_d1_variable_A":0.25,"data_set_value_component_d1_variable_g_max":1.5,"data_set_value_component_d1_variable_S":2.0,"data_set_value_component_d2_variable_d2":0.2416937297,"data_set_value_component_d2_variable_S":2.0,"data_set_value_component_d2_variable_A":0.25,"data_set_value_component_d2_variable_V_max":0.93,"data_set_value_component_d2_variable_gamma":5.67,"data_set_value_component_d3_variable_d3":1.361313721,"data_set_value_component_d3_variable_g_max":1.5,"data_set_value_component_d3_variable_gamma":5.67,"data_set_value_component_F_SEE_variable_F_SEE":0.0,"data_set_value_component_F_SEE_variable_k_SEE":1000000.0,"data_set_value_component_F_SEE_variable_L_slack":0.0025,"data_set_value_component_F_PEE_variable_F_PEE":222266.3139329806,"data_set_value_component_F_PEE_variable_L_slack":0.0025,"data_set_value_component_k_PEE_variable_k_PEE":176366843.0335097015,"data_set_value_component_k_PEE_variable_W":0.63,"data_set_value_component_k_PEE_variable_L_CE_opt":0.01,"data_set_value_component_V_CE_variable_V_CE":-0.0056003407,"data_set_value_component_F_m_variable_F_m":0.0,"data_set_value_component_user_defined_constants_variable_a":0.8,"data_set_value_component_user_defined_constants_variable_F_max":7000.0,"data_set_value_component_user_defined_constants_variable_L_CE_opt":0.093,"data_set_value_component_lambda_a_variable_lambda_a":0.9704666191,"data_set_value_component_L_CE_variable_L_CE":0.038,"data_set_value_component_L_SEE_variable_L_SEE":0.0,"data_set_value_component_L_m_variable_L_m":0.038},{"data_set_value_component_environment_variable_time":0.1,"data_set_value_component_F_CE_variable_F_CE":1511144.9155730957,"data_set_value_component_f_L_CE_variable_f_L_CE":1945149.0277282523,"data_set_value_component_f_L_CE_variable_F_min":10.0,"data_set_value_component_f_L_CE_variable_W":0.63,"data_set_value_component_g_V_CE_variable_g_V_CE":0.9710984184,"data_set_value_component_g_V_CE_variable_V_max":0.93,"data_set_value_component_g_V_CE_variable_A":0.25,"data_set_value_component_g_V_CE_variable_g_max":1.5,"data_set_value_component_g_V_CE_variable_gamma":5.67,"data_set_value_component_d1_variable_d1":0.0465,"data_set_value_component_d1_variable_V_max":0.93,"data_set_value_component_d1_variable_A":0.25,"data_set_value_component_d1_variable_g_max":1.5,"data_set_value_component_d1_variable_S":2.0,"data_set_value_component_d2_variable_d2":0.2416937297,"data_set_value_component_d2_variable_S":2.0,"data_set_value_component_d2_variable_A":0.25,"data_set_value_component_d2_variable_V_max":0.93,"data_set_value_component_d2_variable_gamma":5.67,"data_set_value_component_d3_variable_d3":1.361313721,"data_set_value_component_d3_variable_g_max":1.5,"data_set_value_component_d3_variable_gamma":5.67,"data_set_value_component_F_SEE_variable_F_SEE":0.0,"data_set_value_component_F_SEE_variable_k_SEE":1000000.0,"data_set_value_component_F_SEE_variable_L_slack":0.0025,"data_set_value_component_F_PEE_variable_F_PEE":215472.2816427892,"data_set_value_component_F_PEE_variable_L_slack":0.0025,"data_set_value_component_k_PEE_variable_k_PEE":176366843.0335097015,"data_set_value_component_k_PEE_variable_W":0.63,"data_set_value_component_k_PEE_variable_L_CE_opt":0.01,"data_set_value_component_V_CE_variable_V_CE":-0.0053404088,"data_set_value_component_F_m_variable_F_m":0.0,"data_set_value_component_user_defined_constants_variable_a":0.8,"data_set_value_component_user_defined_constants_variable_F_max":7000.0,"data_set_value_component_user_defined_constants_variable_L_CE_opt":0.093,"data_set_value_component_lambda_a_variable_lambda_a":0.9704666191,"data_set_value_component_L_CE_variable_L_CE":0.0374532236,"data_set_value_component_L_SEE_variable_L_SEE":0.0005467764,"data_set_value_component_L_m_variable_L_m":0.038},{"data_set_value_component_environment_variable_time":0.2,"data_set_value_component_F_CE_variable_F_CE":1513948.366619949,"data_set_value_component_f_L_CE_variable_f_L_CE":1946213.0329254351,"data_set_value_component_f_L_CE_variable_F_min":10.0,"data_set_value_component_f_L_CE_variable_W":0.63,"data_set_value_component_g_V_CE_variable_g_V_CE":0.9723680945,"data_set_value_component_g_V_CE_variable_V_max":0.93,"data_set_value_component_g_V_CE_variable_A":0.25,"data_set_value_component_g_V_CE_variable_g_max":1.5,"data_set_value_component_g_V_CE_variable_gamma":5.67,"data_set_value_component_d1_variable_d1":0.0465,"data_set_value_component_d1_variable_V_max":0.93,"data_set_value_component_d1_variable_A":0.25,"data_set_value_component_d1_variable_g_max":1.5,"data_set_value_component_d1_variable_S":2.0,"data_set_value_component_d2_variable_d2":0.2416937297,"data_set_value_component_d2_variable_S":2.0,"data_set_value_component_d2_variable_A":0.25,"data_set_value_component_d2_variable_V_max":0.93,"data_set_value_component_d2_variable_gamma":5.67,"data_set_value_component_d3_variable_d3":1.361313721,"data_set_value_component_d3_variable_g_max":1.5,"data_set_value_component_d3_variable_gamma":5.67,"data_set_value_component_F_SEE_variable_F_SEE":0.0,"data_set_value_component_F_SEE_variable_k_SEE":1000000.0,"data_set_value_component_F_SEE_variable_L_slack":0.0025,"data_set_value_component_F_PEE_variable_F_PEE":209087.1020681588,"data_set_value_component_F_PEE_variable_L_slack":0.0025,"data_set_value_component_k_PEE_variable_k_PEE":176366843.0335097015,"data_set_value_component_k_PEE_variable_W":0.63,"data_set_value_component_k_PEE_variable_L_CE_opt":0.01,"data_set_value_component_V_CE_variable_V_CE":-0.0051004957,"data_set_value_component_F_m_variable_F_m":0.0,"data_set_value_component_user_defined_constants_variable_a":0.8,"data_set_value_component_user_defined_constants_variable_F_max":7000.0,"data_set_value_component_user_defined_constants_variable_L_CE_opt":0.093,"data_set_value_component_lambda_a_variable_lambda_a":0.9704666191,"data_set_value_component_L_CE_variable_L_CE":0.0369314372,"data_set_value_component_L_SEE_variable_L_SEE":0.0010685628,"data_set_value_component_L_m_variable_L_m":0.038},{"data_set_value_component_environment_variable_time":0.3,"data_set_value_component_F_CE_variable_F_CE":1516573.5192938121,"data_set_value_component_f_L_CE_variable_f_L_CE":1947229.9423542407,"data_set_value_component_f_L_CE_variable_F_min":10.0,"data_set_value_component_f_L_CE_variable_W":0.63,"data_set_value_component_g_V_CE_variable_g_V_CE":0.973545475,"data_set_value_component_g_V_CE_variable_V_max":0.93,"data_set_value_component_g_V_CE_variable_A":0.25,"data_set_value_component_g_V_CE_variable_g_max":1.5,"data_set_value_component_g_V_CE_variable_gamma":5.67,"data_set_value_component_d1_variable_d1":0.0465,"data_set_value_component_d1_variable_V_max":0.93,"data_set_value_component_d1_variable_A":0.25,"data_set_value_component_d1_variable_g_max":1.5,"data_set_value_component_d1_variable_S":2.0,"data_set_value_component_d2_variable_d2":0.2416937297,"data_set_value_component_d2_variable_S":2.0,"data_set_value_component_d2_variable_A":0.25,"data_set_value_component_d2_variable_V_max":0.93,"data_set_value_component_d2_variable_gamma":5.67,"data_set_value_component_d3_variable_d3":1.361313721,"data_set_value_component_d3_variable_g_max":1.5,"data_set_value_component_d3_variable_gamma":5.67,"data_set_value_component_F_SEE_variable_F_SEE":0.0,"data_set_value_component_F_SEE_variable_k_SEE":1000000.0,"data_set_value_component_F_SEE_variable_L_slack":0.0025,"data_set_value_component_F_PEE_variable_F_PEE":203074.3014340595,"data_set_value_component_F_PEE_variable_L_slack":0.0025,"data_set_value_component_k_PEE_variable_k_PEE":176366843.0335097015,"data_set_value_component_k_PEE_variable_W":0.63,"data_set_value_component_k_PEE_variable_L_CE_opt":0.01,"data_set_value_component_V_CE_variable_V_CE":-0.0048784675,"data_set_value_component_F_m_variable_F_m":0.0,"data_set_value_component_user_defined_constants_variable_a":0.8,"data_set_value_component_user_defined_constants_variable_F_max":7000.0,"data_set_value_component_user_defined_constants_variable_L_CE_opt":0.093,"data_set_value_component_lambda_a_variable_lambda_a":0.9704666191,"data_set_value_component_L_CE_variable_L_CE":0.0364327466,"data_set_value_component_L_SEE_variable_L_SEE":0.0015672534,"data_set_value_component_L_m_variable_L_m":0.038},{"data_set_value_component_environment_variable_time":0.4,"data_set_value_component_F_CE_variable_F_CE":1519037.1864035258,"data_set_value_component_f_L_CE_variable_f_L_CE":1948203.2213226063,"data_set_value_component_f_L_CE_variable_F_min":10.0,"data_set_value_component_f_L_CE_variable_W":0.63,"data_set_value_component_g_V_CE_variable_g_V_CE":0.9746398436,"data_set_value_component_g_V_CE_variable_V_max":0.93,"data_set_value_component_g_V_CE_variable_A":0.25,"data_set_value_component_g_V_CE_variable_g_max":1.5,"data_set_value_component_g_V_CE_variable_gamma":5.67,"data_set_value_component_d1_variable_d1":0.0465,"data_set_value_component_d1_variable_V_max":0.93,"data_set_value_component_d1_variable_A":0.25,"data_set_value_component_d1_variable_g_max":1.5,"data_set_value_component_d1_variable_S":2.0,"data_set_value_component_d2_variable_d2":0.2416937297,"data_set_value_component_d2_variable_S":2.0,"data_set_value_component_d2_variable_A":0.25,"data_set_value_component_d2_variable_V_max":0.93,"data_set_value_component_d2_variable_gamma":5.67,"data_set_value_component_d3_variable_d3":1.361313721,"data_set_value_component_d3_variable_g_max":1.5,"data_set_value_component_d3_variable_gamma":5.67,"data_set_value_component_F_SEE_variable_F_SEE":0.0,"data_set_value_component_F_SEE_variable_k_SEE":1000000.0,"data_set_value_component_F_SEE_variable_L_slack":0.0025,"data_set_value_component_F_PEE_variable_F_PEE":197401.6371252171,"data_set_value_component_F_PEE_variable_L_slack":0.0025,"data_set_value_component_k_PEE_variable_k_PEE":176366843.0335097015,"data_set_value_component_k_PEE_variable_W":0.63,"data_set_value_component_k_PEE_variable_L_CE_opt":0.01,"data_set_value_component_V_CE_variable_V_CE":-0.0046724762,"data_set_value_component_F_m_variable_F_m":0.0,"data_set_value_component_user_defined_constants_variable_a":0.8,"data_set_value_component_user_defined_constants_variable_F_max":7000.0,"data_set_value_component_user_defined_constants_variable_L_CE_opt":0.093,"data_set_value_component_lambda_a_variable_lambda_a":0.9704666191,"data_set_value_component_L_CE_variable_L_CE":0.0359554522,"data_set_value_component_L_SEE_variable_L_SEE":0.0020445478,"data_set_value_component_L_m_variable_L_m":0.038},{"data_set_value_component_environment_variable_time":0.5,"data_set_value_component_F_CE_variable_F_CE":1521354.1273430146,"data_set_value_component_f_L_CE_variable_f_L_CE":1949135.9857649985,"data_set_value_component_f_L_CE_variable_F_min":10.0,"data_set_value_component_f_L_CE_variable_W":0.63,"data_set_value_component_g_V_CE_variable_g_V_CE":0.975659304,"data_set_value_component_g_V_CE_variable_V_max":0.93,"data_set_value_component_g_V_CE_variable_A":0.25,"data_set_value_component_g_V_CE_variable_g_max":1.5,"data_set_value_component_g_V_CE_variable_gamma":5.67,"data_set_value_component_d1_variable_d1":0.0465,"data_set_value_component_d1_variable_V_max":0.93,"data_set_value_component_d1_variable_A":0.25,"data_set_value_component_d1_variable_g_max":1.5,"data_set_value_component_d1_variable_S":2.0,"data_set_value_component_d2_variable_d2":0.2416937297,"data_set_value_component_d2_variable_S":2.0,"data_set_value_component_d2_variable_A":0.25,"data_set_value_component_d2_variable_V_max":0.93,"data_set_value_component_d2_variable_gamma":5.67,"data_set_value_component_d3_variable_d3":1.361313721,"data_set_value_component_d3_variable_g_max":1.5,"data_set_value_component_d3_variable_gamma":5.67,"data_set_value_component_F_SEE_variable_F_SEE":0.0000038962,"data_set_value_component_F_SEE_variable_k_SEE":1000000.0,"data_set_value_component_F_SEE_variable_L_slack":0.0025,"data_set_value_component_F_PEE_variable_F_PEE":192040.5162768221,"data_set_value_component_F_PEE_variable_L_slack":0.0025,"data_set_value_component_k_PEE_variable_k_PEE":176366843.0335097015,"data_set_value_component_k_PEE_variable_W":0.63,"data_set_value_component_k_PEE_variable_L_CE_opt":0.01,"data_set_value_component_V_CE_variable_V_CE":-0.0044809155,"data_set_value_component_F_m_variable_F_m":0.0000038962,"data_set_value_component_user_defined_constants_variable_a":0.8,"data_set_value_component_user_defined_constants_variable_F_max":7000.0,"data_set_value_component_user_defined_constants_variable_L_CE_opt":0.093,"data_set_value_component_lambda_a_variable_lambda_a":0.9704666191,"data_set_value_component_L_CE_variable_L_CE":0.0354980261,"data_set_value_component_L_SEE_variable_L_SEE":0.0025019739,"data_set_value_component_L_m_variable_L_m":0.038},{"data_set_value_component_environment_variable_time":0.6,"data_set_value_component_F_CE_variable_F_CE":1523537.3302794136,"data_set_value_component_f_L_CE_variable_f_L_CE":1950031.0343338177,"data_set_value_component_f_L_CE_variable_F_min":10.0,"data_set_value_component_f_L_CE_variable_W":0.63,"data_set_value_component_g_V_CE_variable_g_V_CE":0.976610951,"data_set_value_component_g_V_CE_variable_V_max":0.93,"data_set_value_component_g_V_CE_variable_A":0.25,"data_set_value_component_g_V_CE_variable_g_max":1.5,"data_set_value_component_g_V_CE_variable_gamma":5.67,"data_set_value_component_d1_variable_d1":0.0465,"data_set_value_component_d1_variable_V_max":0.93,"data_set_value_component_d1_variable_A":0.25,"data_set_value_component_d1_variable_g_max":1.5,"data_set_value_component_d1_variable_S":2.0,"data_set_value_component_d2_variable_d2":0.2416937297,"data_set_value_component_d2_variable_S":2.0,"data_set_value_component_d2_variable_A":0.25,"data_set_value_component_d2_variable_V_max":0.93,"data_set_value_component_d2_variable_gamma":5.67,"data_set_value_component_d3_variable_d3":1.361313721,"data_set_value_component_d3_variable_g_max":1.5,"data_set_value_component_d3_variable_gamma":5.67,"data_set_value_component_F_SEE_variable_F_SEE":0.1943965,"data_set_value_component_F_SEE_variable_k_SEE":1000000.0,"data_set_value_component_F_SEE_variable_L_slack":0.0025,"data_set_value_component_F_PEE_variable_F_PEE":186965.5591393161,"data_set_value_component_F_PEE_variable_L_slack":0.0025,"data_set_value_component_k_PEE_variable_k_PEE":176366843.0335097015,"data_set_value_component_k_PEE_variable_W":0.63,"data_set_value_component_k_PEE_variable_L_CE_opt":0.01,"data_set_value_component_V_CE_variable_V_CE":-0.0043023841,"data_set_value_component_F_m_variable_F_m":0.1943965,"data_set_value_component_user_defined_constants_variable_a":0.8,"data_set_value_component_user_defined_constants_variable_F_max":7000.0,"data_set_value_component_user_defined_constants_variable_L_CE_opt":0.093,"data_set_value_component_lambda_a_variable_lambda_a":0.9704666191,"data_set_value_component_L_CE_variable_L_CE":0.0350590958,"data_set_value_component_L_SEE_variable_L_SEE":0.0029409042,"data_set_value_component_L_m_variable_L_m":0.038},{"data_set_value_component_environment_variable_time":0.7,"data_set_value_component_F_CE_variable_F_CE":1525598.289214856,"data_set_value_component_f_L_CE_variable_f_L_CE":1950890.8974571317,"data_set_value_component_f_L_CE_variable_F_min":10.0,"data_set_value_component_f_L_CE_variable_W":0.63,"data_set_value_component_g_V_CE_variable_g_V_CE":0.9775010299,"data_set_value_component_g_V_CE_variable_V_max":0.93,"data_set_value_component_g_V_CE_variable_A":0.25,"data_set_value_component_g_V_CE_variable_g_max":1.5,"data_set_value_component_g_V_CE_variable_gamma":5.67,"data_set_value_component_d1_variable_d1":0.0465,"data_set_value_component_d1_variable_V_max":0.93,"data_set_value_component_d1_variable_A":0.25,"data_set_value_component_d1_variable_g_max":1.5,"data_set_value_component_d1_variable_S":2.0,"data_set_value_component_d2_variable_d2":0.2416937297,"data_set_value_component_d2_variable_S":2.0,"data_set_value_component_d2_variable_A":0.25,"data_set_value_component_d2_variable_V_max":0.93,"data_set_value_component_d2_variable_gamma":5.67,"data_set_value_component_d3_variable_d3":1.361313721,"data_set_value_component_d3_variable_g_max":1.5,"data_set_value_component_d3_variable_gamma":5.67,"data_set_value_component_F_SEE_variable_F_SEE":0.7440435637,"data_set_value_component_F_SEE_variable_k_SEE":1000000.0,"data_set_value_component_F_SEE_variable_L_slack":0.0025,"data_set_value_component_F_PEE_variable_F_PEE":182154.1075953886,"data_set_value_component_F_PEE_variable_L_slack":0.0025,"data_set_value_component_k_PEE_variable_k_PEE":176366843.0335097015,"data_set_value_component_k_PEE_variable_W":0.63,"data_set_value_component_k_PEE_variable_L_CE_opt":0.01,"data_set_value_component_V_CE_variable_V_CE":-0.0041356534,"data_set_value_component_F_m_variable_F_m":0.7440435637,"data_set_value_component_user_defined_constants_variable_a":0.8,"data_set_value_component_user_defined_constants_variable_F_max":7000.0,"data_set_value_component_user_defined_constants_variable_L_CE_opt":0.093,"data_set_value_component_lambda_a_variable_lambda_a":0.9704666191,"data_set_value_component_L_CE_variable_L_CE":0.0346374204,"data_set_value_component_L_SEE_variable_L_SEE":0.0033625796,"data_set_value_component_L_m_variable_L_m":0.038},{"data_set_value_component_environment_variable_time":0.8,"data_set_value_component_F_CE_variable_F_CE":1527547.2087079608,"data_set_value_component_f_L_CE_variable_f_L_CE":1951717.8700493968,"data_set_value_component_f_L_CE_variable_F_min":10.0,"data_set_value_component_f_L_CE_variable_W":0.63,"data_set_value_component_g_V_CE_variable_g_V_CE":0.9783350556,"data_set_value_component_g_V_CE_variable_V_max":0.93,"data_set_value_component_g_V_CE_variable_A":0.25,"data_set_value_component_g_V_CE_variable_g_max":1.5,"data_set_value_component_g_V_CE_variable_gamma":5.67,"data_set_value_component_d1_variable_d1":0.0465,"data_set_value_component_d1_variable_V_max":0.93,"data_set_value_component_d1_variable_A":0.25,"data_set_value_component_d1_variable_g_max":1.5,"data_set_value_component_d1_variable_S":2.0,"data_set_value_component_d2_variable_d2":0.2416937297,"data_set_value_component_d2_variable_S":2.0,"data_set_value_component_d2_variable_A":0.25,"data_set_value_component_d2_variable_V_max":0.93,"data_set_value_component_d2_variable_gamma":5.67,"data_set_value_component_d3_variable_d3":1.361313721,"data_set_value_component_d3_variable_g_max":1.5,"data_set_value_component_d3_variable_gamma":5.67,"data_set_value_component_F_SEE_variable_F_SEE":1.6081424152,"data_set_value_component_F_SEE_variable_k_SEE":1000000.0,"data_set_value_component_F_SEE_variable_L_slack":0.0025,"data_set_value_component_F_PEE_variable_F_PEE":177585.8652545778,"data_set_value_component_F_PEE_variable_L_slack":0.0025,"data_set_value_component_k_PEE_variable_k_PEE":176366843.0335097015,"data_set_value_component_k_PEE_variable_W":0.63,"data_set_value_component_k_PEE_variable_L_CE_opt":0.01,"data_set_value_component_V_CE_variable_V_CE":-0.0039796419,"data_set_value_component_F_m_variable_F_m":1.6081424152,"data_set_value_component_user_defined_constants_variable_a":0.8,"data_set_value_component_user_defined_constants_variable_F_max":7000.0,"data_set_value_component_user_defined_constants_variable_L_CE_opt":0.093,"data_set_value_component_lambda_a_variable_lambda_a":0.9704666191,"data_set_value_component_L_CE_variable_L_CE":0.0342318744,"data_set_value_component_L_SEE_variable_L_SEE":0.0037681256,"data_set_value_component_L_m_variable_L_m":0.038},{"data_set_value_component_environment_variable_time":0.9,"data_set_value_component_F_CE_variable_F_CE":1529393.1822174035,"data_set_value_component_f_L_CE_variable_f_L_CE":1952514.0393848659,"data_set_value_component_f_L_CE_variable_F_min":10.0,"data_set_value_component_f_L_CE_variable_W":0.63,"data_set_value_component_g_V_CE_variable_g_V_CE":0.9791179163,"data_set_value_component_g_V_CE_variable_V_max":0.93,"data_set_value_component_g_V_CE_variable_A":0.25,"data_set_value_component_g_V_CE_variable_g_max":1.5,"data_set_value_component_g_V_CE_variable_gamma":5.67,"data_set_value_component_d1_variable_d1":0.0465,"data_set_value_component_d1_variable_V_max":0.93,"data_set_value_component_d1_variable_A":0.25,"data_set_value_component_d1_variable_g_max":1.5,"data_set_value_component_d1_variable_S":2.0,"data_set_value_component_d2_variable_d2":0.2416937297,"data_set_value_component_d2_variable_S":2.0,"data_set_value_component_d2_variable_A":0.25,"data_set_value_component_d2_variable_V_max":0.93,"data_set_value_component_d2_variable_gamma":5.67,"data_set_value_component_d3_variable_d3":1.361313721,"data_set_value_component_d3_variable_g_max":1.5,"data_set_value_component_d3_variable_gamma":5.67,"data_set_value_component_F_SEE_variable_F_SEE":2.7508399838,"data_set_value_component_F_SEE_variable_k_SEE":1000000.0,"data_set_value_component_F_SEE_variable_L_slack":0.0025,"data_set_value_component_F_PEE_variable_F_PEE":173242.5939528469,"data_set_value_component_F_PEE_variable_L_slack":0.0025,"data_set_value_component_k_PEE_variable_k_PEE":176366843.0335097015,"data_set_value_component_k_PEE_variable_W":0.63,"data_set_value_component_k_PEE_variable_L_CE_opt":0.01,"data_set_value_component_V_CE_variable_V_CE":-0.0038333938,"data_set_value_component_F_m_variable_F_m":2.7508399838,"data_set_value_component_user_defined_constants_variable_a":0.8,"data_set_value_component_user_defined_constants_variable_F_max":7000.0,"data_set_value_component_user_defined_constants_variable_L_CE_opt":0.093,"data_set_value_component_lambda_a_variable_lambda_a":0.9704666191,"data_set_value_component_L_CE_variable_L_CE":0.0338414344,"data_set_value_component_L_SEE_variable_L_SEE":0.0041585656,"data_set_value_component_L_m_variable_L_m":0.038},{"data_set_value_component_environment_variable_time":1.0,"data_set_value_component_F_CE_variable_F_CE":1531144.3397552827,"data_set_value_component_f_L_CE_variable_f_L_CE":1953281.3089526992,"data_set_value_component_f_L_CE_variable_F_min":10.0,"data_set_value_component_f_L_CE_variable_W":0.63,"data_set_value_component_g_V_CE_variable_g_V_CE":0.9798539596,"data_set_value_component_g_V_CE_variable_V_max":0.93,"data_set_value_component_g_V_CE_variable_A":0.25,"data_set_value_component_g_V_CE_variable_g_max":1.5,"data_set_value_component_g_V_CE_variable_gamma":5.67,"data_set_value_component_d1_variable_d1":0.0465,"data_set_value_component_d1_variable_V_max":0.93,"data_set_value_component_d1_variable_A":0.25,"data_set_value_component_d1_variable_g_max":1.5,"data_set_value_component_d1_variable_S":2.0,"data_set_value_component_d2_variable_d2":0.2416937297,"data_set_value_component_d2_variable_S":2.0,"data_set_value_component_d2_variable_A":0.25,"data_set_value_component_d2_variable_V_max":0.93,"data_set_value_component_d2_variable_gamma":5.67,"data_set_value_component_d3_variable_d3":1.361313721,"data_set_value_component_d3_variable_g_max":1.5,"data_set_value_component_d3_variable_gamma":5.67,"data_set_value_component_F_SEE_variable_F_SEE":4.1405466897,"data_set_value_component_F_SEE_variable_k_SEE":1000000.0,"data_set_value_component_F_SEE_variable_L_slack":0.0025,"data_set_value_component_F_PEE_variable_F_PEE":169107.8565724806,"data_set_value_component_F_PEE_variable_L_slack":0.0025,"data_set_value_component_k_PEE_variable_k_PEE":176366843.0335097015,"data_set_value_component_k_PEE_variable_W":0.63,"data_set_value_component_k_PEE_variable_L_CE_opt":0.01,"data_set_value_component_V_CE_variable_V_CE":-0.0036960615,"data_set_value_component_F_m_variable_F_m":4.1405466897,"data_set_value_component_user_defined_constants_variable_a":0.8,"data_set_value_component_user_defined_constants_variable_F_max":7000.0,"data_set_value_component_user_defined_constants_variable_L_CE_opt":0.093,"data_set_value_component_lambda_a_variable_lambda_a":0.9704666191,"data_set_value_component_L_CE_variable_L_CE":0.0334651667,"data_set_value_component_L_SEE_variable_L_SEE":0.0045348333,"data_set_value_component_L_m_variable_L_m":0.038}]