[{"data_set_value_component_environment_variable_time":0.0,"data_set_value_component_membrane_variable_V":-64.0,"data_set_value_component_membrane_variable_tau":20.0,"data_set_value_component_calcium_current_variable_i_Ca":-7.9857862977,"data_set_value_component_calcium_current_variable_g_Ca":3.6,"data_set_value_component_calcium_current_variable_V_Ca":25.0,"data_set_value_component_calcium_current_m_gate_variable_m_infinity":0.0249244266,"data_set_value_component_calcium_current_m_gate_variable_V_m":-20.0,"data_set_value_component_calcium_current_m_gate_variable_theta_m":12.0,"data_set_value_component_potassium_current_variable_i_K":1.1,"data_set_value_component_potassium_current_variable_V_K":-75.0,"data_set_value_component_potassium_current_variable_g_K":10.0,"data_set_value_component_potassium_current_n_gate_variable_n":0.01,"data_set_value_component_potassium_current_n_gate_variable_n_infinity":0.000226428,"data_set_value_component_potassium_current_n_gate_variable_V_n":-17.0,"data_set_value_component_potassium_current_n_gate_variable_theta_n":5.6,"data_set_value_component_potassium_current_n_gate_variable_lambda":0.9,"data_set_value_component_slow_current_variable_i_s":0.44,"data_set_value_component_slow_current_variable_g_s":4.0,"data_set_value_component_slow_current_s_gate_variable_s":0.01,"data_set_value_component_slow_current_s_gate_variable_s_infinity":0.0052201257,"data_set_value_component_slow_current_s_gate_variable_V_s":-22.0,"data_set_value_component_slow_current_s_gate_variable_theta_s":8.0,"data_set_value_component_slow_current_s_gate_variable_tau_s":20000.0,"data_set_value_component_ATP_sensitive_potassium_current_variable_i_K_ATP":6.6,"data_set_value_component_ATP_sensitive_potassium_current_variable_g_K_ATP":1.2,"data_set_value_component_ATP_sensitive_potassium_current_variable_p":0.5},{"data_set_value_component_environment_variable_time":0.1,"data_set_value_component_membrane_variable_V":-64.0007528881,"data_set_value_component_membrane_variable_tau":20.0,"data_set_value_component_calcium_current_variable_i_Ca":-7.9853653176,"data_set_value_component_calcium_current_variable_g_Ca":3.6,"data_set_value_component_calcium_current_variable_V_Ca":25.0,"data_set_value_component_calcium_current_m_gate_variable_m_infinity":0.0249229019,"data_set_value_component_calcium_current_m_gate_variable_V_m":-20.0,"data_set_value_component_calcium_current_m_gate_variable_theta_m":12.0,"data_set_value_component_potassium_current_variable_i_K":1.095103023,"data_set_value_component_potassium_current_variable_V_K":-75.0,"data_set_value_component_potassium_current_variable_g_K":10.0,"data_set_value_component_potassium_current_n_gate_variable_n":0.0099561635,"data_set_value_component_potassium_current_n_gate_variable_n_infinity":0.0002263976,"data_set_value_component_potassium_current_n_gate_variable_V_n":-17.0,"data_set_value_component_potassium_current_n_gate_variable_theta_n":5.6,"data_set_value_component_potassium_current_n_gate_variable_lambda":0.9,"data_set_value_component_slow_current_variable_i_s":0.4399688329,"data_set_value_component_slow_current_variable_g_s":4.0,"data_set_value_component_slow_current_s_gate_variable_s":0.0099999761,"data_set_value_component_slow_current_s_gate_variable_s_infinity":0.005219637,"data_set_value_component_slow_current_s_gate_variable_V_s":-22.0,"data_set_value_component_slow_current_s_gate_variable_theta_s":8.0,"data_set_value_component_slow_current_s_gate_variable_tau_s":20000.0,"data_set_value_component_ATP_sensitive_potassium_current_variable_i_K_ATP":6.5995482672,"data_set_value_component_ATP_sensitive_potassium_current_variable_g_K_ATP":1.2,"data_set_value_component_ATP_sensitive_potassium_current_variable_p":0.5},{"data_set_value_component_environment_variable_time":0.2,"data_set_value_component_membrane_variable_V":-64.0014846818,"data_set_value_component_membrane_variable_tau":20.0,"data_set_value_component_calcium_current_variable_i_Ca":-7.9849561525,"data_set_value_component_calcium_current_variable_g_Ca":3.6,"data_set_value_component_calcium_current_variable_V_Ca":25.0,"data_set_value_component_calcium_current_m_gate_variable_m_infinity":0.0249214199,"data_set_value_component_calcium_current_m_gate_variable_V_m":-20.0,"data_set_value_component_calcium_current_m_gate_variable_theta_m":12.0,"data_set_value_component_potassium_current_variable_i_K":1.0902272548,"data_set_value_component_potassium_current_variable_V_K":-75.0,"data_set_value_component_potassium_current_variable_g_K":10.0,"data_set_value_component_potassium_current_n_gate_variable_n":0.0099124948,"data_set_value_component_potassium_current_n_gate_variable_n_infinity":0.000226368,"data_set_value_component_potassium_current_n_gate_variable_V_n":-17.0,"data_set_value_component_potassium_current_n_gate_variable_theta_n":5.6,"data_set_value_component_potassium_current_n_gate_variable_lambda":0.9,"data_set_value_component_slow_current_variable_i_s":0.4399385096,"data_set_value_component_slow_current_variable_g_s":4.0,"data_set_value_component_slow_current_s_gate_variable_s":0.0099999522,"data_set_value_component_slow_current_s_gate_variable_s_infinity":0.0052191621,"data_set_value_component_slow_current_s_gate_variable_V_s":-22.0,"data_set_value_component_slow_current_s_gate_variable_theta_s":8.0,"data_set_value_component_slow_current_s_gate_variable_tau_s":20000.0,"data_set_value_component_ATP_sensitive_potassium_current_variable_i_K_ATP":6.5991091909,"data_set_value_component_ATP_sensitive_potassium_current_variable_g_K_ATP":1.2,"data_set_value_component_ATP_sensitive_potassium_current_variable_p":0.5},{"data_set_value_component_environment_variable_time":0.3,"data_set_value_component_membrane_variable_V":-64.0021932041,"data_set_value_component_membrane_variable_tau":20.0,"data_set_value_component_calcium_current_variable_i_Ca":-7.9845600178,"data_set_value_component_calcium_current_variable_g_Ca":3.6,"data_set_value_component_calcium_current_variable_V_Ca":25.0,"data_set_value_component_calcium_current_m_gate_variable_m_infinity":0.0249199852,"data_set_value_component_calcium_current_m_gate_variable_V_m":-20.0,"data_set_value_component_calcium_current_m_gate_variable_theta_m":12.0,"data_set_value_component_potassium_current_variable_i_K":1.0853747987,"data_set_value_component_potassium_current_variable_V_K":-75.0,"data_set_value_component_potassium_current_variable_g_K":10.0,"data_set_value_component_potassium_current_n_gate_variable_n":0.0098690113,"data_set_value_component_potassium_current_n_gate_variable_n_infinity":0.0002263393,"data_set_value_component_potassium_current_n_gate_variable_V_n":-17.0,"data_set_value_component_potassium_current_n_gate_variable_theta_n":5.6,"data_set_value_component_potassium_current_n_gate_variable_lambda":0.9,"data_set_value_component_slow_current_variable_i_s":0.4399091173,"data_set_value_component_slow_current_variable_g_s":4.0,"data_set_value_component_slow_current_s_gate_variable_s":0.0099999283,"data_set_value_component_slow_current_s_gate_variable_s_infinity":0.0052187023,"data_set_value_component_slow_current_s_gate_variable_V_s":-22.0,"data_set_value_component_slow_current_s_gate_variable_theta_s":8.0,"data_set_value_component_slow_current_s_gate_variable_tau_s":20000.0,"data_set_value_component_ATP_sensitive_potassium_current_variable_i_K_ATP":6.5986840775,"data_set_value_component_ATP_sensitive_potassium_current_variable_g_K_ATP":1.2,"data_set_value_component_ATP_sensitive_potassium_current_variable_p":0.5},{"data_set_value_component_environment_variable_time":0.4,"data_set_value_component_membrane_variable_V":-64.0028777171,"data_set_value_component_membrane_variable_tau":20.0,"data_set_value_component_calcium_current_variable_i_Ca":-7.9841773242,"data_set_value_component_calcium_current_variable_g_Ca":3.6,"data_set_value_component_calcium_current_variable_V_Ca":25.0,"data_set_value_component_calcium_current_m_gate_variable_m_infinity":0.0249185992,"data_set_value_component_calcium_current_m_gate_variable_V_m":-20.0,"data_set_value_component_calcium_current_m_gate_variable_theta_m":12.0,"data_set_value_component_potassium_current_variable_i_K":1.0805463589,"data_set_value_component_potassium_current_variable_V_K":-75.0,"data_set_value_component_potassium_current_variable_g_K":10.0,"data_set_value_component_potassium_current_n_gate_variable_n":0.0098257192,"data_set_value_component_potassium_current_n_gate_variable_n_infinity":0.0002263117,"data_set_value_component_potassium_current_n_gate_variable_V_n":-17.0,"data_set_value_component_potassium_current_n_gate_variable_theta_n":5.6,"data_set_value_component_potassium_current_n_gate_variable_lambda":0.9,"data_set_value_component_slow_current_variable_i_s":0.4398806853,"data_set_value_component_slow_current_variable_g_s":4.0,"data_set_value_component_slow_current_s_gate_variable_s":0.0099999044,"data_set_value_component_slow_current_s_gate_variable_s_infinity":0.0052182581,"data_set_value_component_slow_current_s_gate_variable_V_s":-22.0,"data_set_value_component_slow_current_s_gate_variable_theta_s":8.0,"data_set_value_component_slow_current_s_gate_variable_tau_s":20000.0,"data_set_value_component_ATP_sensitive_potassium_current_variable_i_K_ATP":6.5982733698,"data_set_value_component_ATP_sensitive_potassium_current_variable_g_K_ATP":1.2,"data_set_value_component_ATP_sensitive_potassium_current_variable_p":0.5},{"data_set_value_component_environment_variable_time":0.5,"data_set_value_component_membrane_variable_V":-64.0035380107,"data_set_value_component_membrane_variable_tau":20.0,"data_set_value_component_calcium_current_variable_i_Ca":-7.9838081875,"data_set_value_component_calcium_current_variable_g_Ca":3.6,"data_set_value_component_calcium_current_variable_V_Ca":25.0,"data_set_value_component_calcium_current_m_gate_variable_m_infinity":0.0249172622,"data_set_value_component_calcium_current_m_gate_variable_V_m":-20.0,"data_set_value_component_calcium_current_m_gate_variable_theta_m":12.0,"data_set_value_component_potassium_current_variable_i_K":1.0757421276,"data_set_value_component_potassium_current_variable_V_K":-75.0,"data_set_value_component_potassium_current_variable_g_K":10.0,"data_set_value_component_potassium_current_n_gate_variable_n":0.0097826203,"data_set_value_component_potassium_current_n_gate_variable_n_infinity":0.000226285,"data_set_value_component_potassium_current_n_gate_variable_V_n":-17.0,"data_set_value_component_potassium_current_n_gate_variable_theta_n":5.6,"data_set_value_component_potassium_current_n_gate_variable_lambda":0.9,"data_set_value_component_slow_current_variable_i_s":0.4398532221,"data_set_value_component_slow_current_variable_g_s":4.0,"data_set_value_component_slow_current_s_gate_variable_s":0.0099998805,"data_set_value_component_slow_current_s_gate_variable_s_infinity":0.0052178296,"data_set_value_component_slow_current_s_gate_variable_V_s":-22.0,"data_set_value_component_slow_current_s_gate_variable_theta_s":8.0,"data_set_value_component_slow_current_s_gate_variable_tau_s":20000.0,"data_set_value_component_ATP_sensitive_potassium_current_variable_i_K_ATP":6.5978771936,"data_set_value_component_ATP_sensitive_potassium_current_variable_g_K_ATP":1.2,"data_set_value_component_ATP_sensitive_potassium_current_variable_p":0.5},{"data_set_value_component_environment_variable_time":0.6,"data_set_value_component_membrane_variable_V":-64.0041742999,"data_set_value_component_membrane_variable_tau":20.0,"data_set_value_component_calcium_current_variable_i_Ca":-7.9834524855,"data_set_value_component_calcium_current_variable_g_Ca":3.6,"data_set_value_component_calcium_current_variable_V_Ca":25.0,"data_set_value_component_calcium_current_m_gate_variable_m_infinity":0.024915974,"data_set_value_component_calcium_current_m_gate_variable_V_m":-20.0,"data_set_value_component_calcium_current_m_gate_variable_theta_m":12.0,"data_set_value_component_potassium_current_variable_i_K":1.0709618914,"data_set_value_component_potassium_current_variable_V_K":-75.0,"data_set_value_component_potassium_current_variable_g_K":10.0,"data_set_value_component_potassium_current_n_gate_variable_n":0.0097397132,"data_set_value_component_potassium_current_n_gate_variable_n_infinity":0.0002262593,"data_set_value_component_potassium_current_n_gate_variable_V_n":-17.0,"data_set_value_component_potassium_current_n_gate_variable_theta_n":5.6,"data_set_value_component_potassium_current_n_gate_variable_lambda":0.9,"data_set_value_component_slow_current_variable_i_s":0.4398267192,"data_set_value_component_slow_current_variable_g_s":4.0,"data_set_value_component_slow_current_s_gate_variable_s":0.0099998566,"data_set_value_component_slow_current_s_gate_variable_s_infinity":0.0052174168,"data_set_value_component_slow_current_s_gate_variable_V_s":-22.0,"data_set_value_component_slow_current_s_gate_variable_theta_s":8.0,"data_set_value_component_slow_current_s_gate_variable_tau_s":20000.0,"data_set_value_component_ATP_sensitive_potassium_current_variable_i_K_ATP":6.5974954201,"data_set_value_component_ATP_sensitive_potassium_current_variable_g_K_ATP":1.2,"data_set_value_component_ATP_sensitive_potassium_current_variable_p":0.5},{"data_set_value_component_environment_variable_time":0.7,"data_set_value_component_membrane_variable_V":-64.0047866124,"data_set_value_component_membrane_variable_tau":20.0,"data_set_value_component_calcium_current_variable_i_Ca":-7.9831102012,"data_set_value_component_calcium_current_variable_g_Ca":3.6,"data_set_value_component_calcium_current_variable_V_Ca":25.0,"data_set_value_component_calcium_current_m_gate_variable_m_infinity":0.0249147343,"data_set_value_component_calcium_current_m_gate_variable_V_m":-20.0,"data_set_value_component_calcium_current_m_gate_variable_theta_m":12.0,"data_set_value_component_potassium_current_variable_i_K":1.0662056079,"data_set_value_component_potassium_current_variable_V_K":-75.0,"data_set_value_component_potassium_current_variable_g_K":10.0,"data_set_value_component_potassium_current_n_gate_variable_n":0.0096969979,"data_set_value_component_potassium_current_n_gate_variable_n_infinity":0.0002262346,"data_set_value_component_potassium_current_n_gate_variable_V_n":-17.0,"data_set_value_component_potassium_current_n_gate_variable_theta_n":5.6,"data_set_value_component_potassium_current_n_gate_variable_lambda":0.9,"data_set_value_component_slow_current_variable_i_s":0.4398011753,"data_set_value_component_slow_current_variable_g_s":4.0,"data_set_value_component_slow_current_s_gate_variable_s":0.0099998327,"data_set_value_component_slow_current_s_gate_variable_s_infinity":0.0052170196,"data_set_value_component_slow_current_s_gate_variable_V_s":-22.0,"data_set_value_component_slow_current_s_gate_variable_theta_s":8.0,"data_set_value_component_slow_current_s_gate_variable_tau_s":20000.0,"data_set_value_component_ATP_sensitive_potassium_current_variable_i_K_ATP":6.5971280326,"data_set_value_component_ATP_sensitive_potassium_current_variable_g_K_ATP":1.2,"data_set_value_component_ATP_sensitive_potassium_current_variable_p":0.5},{"data_set_value_component_environment_variable_time":0.8,"data_set_value_component_membrane_variable_V":-64.0053749182,"data_set_value_component_membrane_variable_tau":20.0,"data_set_value_component_calcium_current_variable_i_Ca":-7.9827813497,"data_set_value_component_calcium_current_variable_g_Ca":3.6,"data_set_value_component_calcium_current_variable_V_Ca":25.0,"data_set_value_component_calcium_current_m_gate_variable_m_infinity":0.0249135433,"data_set_value_component_calcium_current_m_gate_variable_V_m":-20.0,"data_set_value_component_calcium_current_m_gate_variable_theta_m":12.0,"data_set_value_component_potassium_current_variable_i_K":1.0614732514,"data_set_value_component_potassium_current_variable_V_K":-75.0,"data_set_value_component_potassium_current_variable_g_K":10.0,"data_set_value_component_potassium_current_n_gate_variable_n":0.0096544743,"data_set_value_component_potassium_current_n_gate_variable_n_infinity":0.0002262108,"data_set_value_component_potassium_current_n_gate_variable_V_n":-17.0,"data_set_value_component_potassium_current_n_gate_variable_theta_n":5.6,"data_set_value_component_potassium_current_n_gate_variable_lambda":0.9,"data_set_value_component_slow_current_variable_i_s":0.4397765917,"data_set_value_component_slow_current_variable_g_s":4.0,"data_set_value_component_slow_current_s_gate_variable_s":0.0099998087,"data_set_value_component_slow_current_s_gate_variable_s_infinity":0.0052166379,"data_set_value_component_slow_current_s_gate_variable_V_s":-22.0,"data_set_value_component_slow_current_s_gate_variable_theta_s":8.0,"data_set_value_component_slow_current_s_gate_variable_tau_s":20000.0,"data_set_value_component_ATP_sensitive_potassium_current_variable_i_K_ATP":6.5967750491,"data_set_value_component_ATP_sensitive_potassium_current_variable_g_K_ATP":1.2,"data_set_value_component_ATP_sensitive_potassium_current_variable_p":0.5},{"data_set_value_component_environment_variable_time":0.9,"data_set_value_component_membrane_variable_V":-64.0059402879,"data_set_value_component_membrane_variable_tau":20.0,"data_set_value_component_calcium_current_variable_i_Ca":-7.982465331,"data_set_value_component_calcium_current_variable_g_Ca":3.6,"data_set_value_component_calcium_current_variable_V_Ca":25.0,"data_set_value_component_calcium_current_m_gate_variable_m_infinity":0.0249123988,"data_set_value_component_calcium_current_m_gate_variable_V_m":-20.0,"data_set_value_component_calcium_current_m_gate_variable_theta_m":12.0,"data_set_value_component_potassium_current_variable_i_K":1.0567639231,"data_set_value_component_potassium_current_variable_V_K":-75.0,"data_set_value_component_potassium_current_variable_g_K":10.0,"data_set_value_component_potassium_current_n_gate_variable_n":0.0096121356,"data_set_value_component_potassium_current_n_gate_variable_n_infinity":0.000226188,"data_set_value_component_potassium_current_n_gate_variable_V_n":-17.0,"data_set_value_component_potassium_current_n_gate_variable_theta_n":5.6,"data_set_value_component_potassium_current_n_gate_variable_lambda":0.9,"data_set_value_component_slow_current_variable_i_s":0.4397529257,"data_set_value_component_slow_current_variable_g_s":4.0,"data_set_value_component_slow_current_s_gate_variable_s":0.0099997848,"data_set_value_component_slow_current_s_gate_variable_s_infinity":0.0052162712,"data_set_value_component_slow_current_s_gate_variable_V_s":-22.0,"data_set_value_component_slow_current_s_gate_variable_theta_s":8.0,"data_set_value_component_slow_current_s_gate_variable_tau_s":20000.0,"data_set_value_component_ATP_sensitive_potassium_current_variable_i_K_ATP":6.5964358273,"data_set_value_component_ATP_sensitive_potassium_current_variable_g_K_ATP":1.2,"data_set_value_component_ATP_sensitive_potassium_current_variable_p":0.5},{"data_set_value_component_environment_variable_time":1.0,"data_set_value_component_membrane_variable_V":-64.0064828448,"data_set_value_component_membrane_variable_tau":20.0,"data_set_value_component_calcium_current_variable_i_Ca":-7.9821620748,"data_set_value_component_calcium_current_variable_g_Ca":3.6,"data_set_value_component_calcium_current_variable_V_Ca":25.0,"data_set_value_component_calcium_current_m_gate_variable_m_infinity":0.0249113005,"data_set_value_component_calcium_current_m_gate_variable_V_m":-20.0,"data_set_value_component_calcium_current_m_gate_variable_theta_m":12.0,"data_set_value_component_potassium_current_variable_i_K":1.0520774911,"data_set_value_component_potassium_current_variable_V_K":-75.0,"data_set_value_component_potassium_current_variable_g_K":10.0,"data_set_value_component_potassium_current_n_gate_variable_n":0.0095699809,"data_set_value_component_potassium_current_n_gate_variable_n_infinity":0.0002261661,"data_set_value_component_potassium_current_n_gate_variable_V_n":-17.0,"data_set_value_component_potassium_current_n_gate_variable_theta_n":5.6,"data_set_value_component_potassium_current_n_gate_variable_lambda":0.9,"data_set_value_component_slow_current_variable_i_s":0.4397301721,"data_set_value_component_slow_current_variable_g_s":4.0,"data_set_value_component_slow_current_s_gate_variable_s":0.0099997609,"data_set_value_component_slow_current_s_gate_variable_s_infinity":0.0052159193,"data_set_value_component_slow_current_s_gate_variable_V_s":-22.0,"data_set_value_component_slow_current_s_gate_variable_theta_s":8.0,"data_set_value_component_slow_current_s_gate_variable_tau_s":20000.0,"data_set_value_component_ATP_sensitive_potassium_current_variable_i_K_ATP":6.5961102931,"data_set_value_component_ATP_sensitive_potassium_current_variable_g_K_ATP":1.2,"data_set_value_component_ATP_sensitive_potassium_current_variable_p":0.5}]