[{"data_set_value_component_Environment_variable_time":0.0,"data_set_value_component_Environment_variable_O2_x":0.0000348,"data_set_value_component_Environment_variable_X_AtC":0.0,"data_set_value_component_fixed_parameters_variable_RT":2.5775,"data_set_value_component_fixed_parameters_variable_F":0.096484,"data_set_value_component_fixed_parameters_variable_dG_C1o":-69.37,"data_set_value_component_fixed_parameters_variable_dG_C3o":-32.53,"data_set_value_component_fixed_parameters_variable_dG_C4o":-122.94,"data_set_value_component_fixed_parameters_variable_dG_C1op":-69.37,"data_set_value_component_fixed_parameters_variable_dG_C3op":-32.53,"data_set_value_component_fixed_parameters_variable_dG_C4op":-122.94,"data_set_value_component_fixed_parameters_variable_dG_F1o":36.03,"data_set_value_component_fixed_parameters_variable_dG_H":16.08098828,"data_set_value_component_fixed_parameters_variable_k_dHPI":0.0000001778,"data_set_value_component_fixed_parameters_variable_k_dHatp":0.0000003311,"data_set_value_component_fixed_parameters_variable_k_dHadp":0.0000005129,"data_set_value_component_fixed_parameters_variable_K_DT":0.000024,"data_set_value_component_fixed_parameters_variable_K_DD":0.000347,"data_set_value_component_fixed_parameters_variable_K_AK":0.4331,"data_set_value_component_fixed_parameters_variable_K_CK":1660000000.0,"data_set_value_component_fixed_parameters_variable_W_m":0.72376,"data_set_value_component_fixed_parameters_variable_W_c":0.842508,"data_set_value_component_fixed_parameters_variable_W_x":0.651384,"data_set_value_component_fixed_parameters_variable_W_i":0.072376,"data_set_value_component_fixed_parameters_variable_V_cyto":0.894,"data_set_value_component_fixed_parameters_variable_V_mito":0.056,"data_set_value_component_fixed_parameters_variable_Rm_cyto":0.062639821,"data_set_value_component_fixed_parameters_variable_Rm_cell":0.056,"data_set_value_component_fixed_parameters_variable_Rc_cell":0.894,"data_set_value_component_fixed_parameters_variable_n_A":3.0,"data_set_value_component_fixed_parameters_variable_C_tot":0.0027,"data_set_value_component_fixed_parameters_variable_CR_tot":0.0427,"data_set_value_component_fixed_parameters_variable_Q_tot":0.00135,"data_set_value_component_fixed_parameters_variable_NAD_tot":0.00297,"data_set_value_component_fixed_parameters_variable_pH_C":7.0,"data_set_value_component_fixed_parameters_variable_H_c":0.0000001,"data_set_value_component_fixed_parameters_variable_K_c":0.15,"data_set_value_component_fixed_parameters_variable_H_i":0.0000001,"data_set_value_component_fixed_parameters_variable_K_i":0.15,"data_set_value_component_adjustable_parameters_variable_k_PI1":0.0001553,"data_set_value_component_adjustable_parameters_variable_k_PI2":0.0008222,"data_set_value_component_adjustable_parameters_variable_k_PI3":0.0003601,"data_set_value_component_adjustable_parameters_variable_k_PI4":0.005651,"data_set_value_component_adjustable_parameters_variable_k_PIH":0.0002542,"data_set_value_component_adjustable_parameters_variable_r":4.559,"data_set_value_component_adjustable_parameters_variable_X_DH":0.0866,"data_set_value_component_adjustable_parameters_variable_X_C1":4405.0,"data_set_value_component_adjustable_parameters_variable_X_C3":4.887,"data_set_value_component_adjustable_parameters_variable_X_C4":0.00006766,"data_set_value_component_adjustable_parameters_variable_X_F1":1000.0,"data_set_value_component_adjustable_parameters_variable_X_ANT":0.008123,"data_set_value_component_adjustable_parameters_variable_X_PI1":385000.0,"data_set_value_component_adjustable_parameters_variable_X_KH":56510000.0,"data_set_value_component_adjustable_parameters_variable_X_Hle":200.0,"data_set_value_component_adjustable_parameters_variable_X_K":0.0,"data_set_value_component_adjustable_parameters_variable_k_mADP":0.0000035,"data_set_value_component_adjustable_parameters_variable_X_AK":10000000.0,"data_set_value_component_adjustable_parameters_variable_X_CK":10000000.0,"data_set_value_component_adjustable_parameters_variable_X_MgA":10000000.0,"data_set_value_component_adjustable_parameters_variable_k_O2":0.00012,"data_set_value_component_adjustable_parameters_variable_x_buff":100.0,"data_set_value_component_adjustable_parameters_variable_C_IM":0.00000675,"data_set_value_component_adjustable_parameters_variable_X_A":85.0,"data_set_value_component_adjustable_parameters_variable_X_PI2":327.0,"data_set_value_component_adjustable_parameters_variable_gamma":5.99,"data_set_value_component_dNAD_x_dt_variable_NAD_x":0.0013977,"data_set_value_component_dQH2_x_dt_variable_QH2_x":0.000675,"data_set_value_component_dCred_x_dt_variable_Cred_x":0.00135,"data_set_value_component_dATP_fx_dt_variable_ATP_fx":0.0000611,"data_set_value_component_dADP_fx_dt_variable_ADP_fx":0.0018578,"data_set_value_component_dH_x_dt_variable_pH_x":7.0,"data_set_value_component_dH_x_dt_variable_H_x":0.0000001,"data_set_value_component_dK_x_dt_variable_K_x":0.14661,"data_set_value_component_dMg_x_dt_variable_Mg_x":0.0010229,"data_set_value_component_dNADH_x_dt_variable_NADH_x":0.0015723,"data_set_value_component_dQ_x_dt_variable_Q_x":0.000675,"data_set_value_component_dCox_x_dt_variable_Cox_x":0.00135,"data_set_value_component_dATP_x_dt_variable_ATP_x":0.0026657,"data_set_value_component_dADP_x_dt_variable_ADP_x":0.0073343,"data_set_value_component_dATP_mx_dt_variable_ATP_mx":0.0026046,"data_set_value_component_dADP_mx_dt_variable_ADP_mx":0.0054765,"data_set_value_component_dPI_x_dt_variable_PI_x":0.000172,"data_set_value_component_dATP_fi_dt_variable_ATP_fi":0.0001527,"data_set_value_component_dADP_fi_dt_variable_ADP_fi":0.000016907,"data_set_value_component_dATP_i_dt_variable_ATP_i":0.0065339,"data_set_value_component_dADP_i_dt_variable_ADP_i":0.000065773,"data_set_value_component_dAMP_i_dt_variable_AMP_i":0.0000002884,"data_set_value_component_dATP_mi_dt_variable_ATP_mi":0.0063812,"data_set_value_component_dADP_mi_dt_variable_ADP_mi":0.000048866,"data_set_value_component_dPI_i_dt_variable_PI_i":0.000172,"data_set_value_component_dMg_i_dt_variable_Mg_i":0.0010029,"data_set_value_component_dATP_c_dt_variable_ATP_c":0.0081312,"data_set_value_component_dADP_c_dt_variable_ADP_c":0.0000685,"data_set_value_component_dAMP_c_dt_variable_AMP_c":0.0000003091,"data_set_value_component_dATP_mc_dt_variable_ATP_mc":0.0079786,"data_set_value_component_dADP_mc_dt_variable_ADP_mc":0.000051958,"data_set_value_component_dPI_c_dt_variable_PI_c":0.0087702,"data_set_value_component_dMg_c_dt_variable_Mg_c":0.001003,"data_set_value_component_dPCr_c_dt_variable_PCr_c":0.023589,"data_set_value_component_dATP_fc_dt_variable_ATP_fc":0.0001526,"data_set_value_component_dADP_fc_dt_variable_ADP_fc":0.000016542,"data_set_value_component_dCr_c_dt_variable_Cr_c":0.019111,"data_set_value_component_ddeltaPsi_dt_variable_deltaPsi":166.67,"data_set_value_component_J_DH_variable_J_DH":0.0007244703,"data_set_value_component_J_C1_variable_J_C1":0.0289584509,"data_set_value_component_J_C3_variable_J_C3":0.0000181894,"data_set_value_component_J_C4_variable_J_C4":0.0350405482,"data_set_value_component_J_F1_variable_J_F1":-1.0487535222,"data_set_value_component_J_ANT_variable_J_ANT":0.0010137633,"data_set_value_component_J_ANT_variable_mincon":0.000000001,"data_set_value_component_J_ANT_variable_Psi_x":-108.3355,"data_set_value_component_J_ANT_variable_Psi_i":58.3345,"data_set_value_component_J_PI1_variable_J_PI1":0.0,"data_set_value_component_J_PI1_variable_H2PIi":0.0000619088,"data_set_value_component_J_PI1_variable_H2PIx":0.0000619088,"data_set_value_component_J_Hle_variable_J_Hle":0.0033334,"data_set_value_component_J_Hle_variable_mincond":0.000001,"data_set_value_component_J_KH_variable_J_KH":0.01915689,"data_set_value_component_J_K_variable_J_K":0.0,"data_set_value_component_J_K_variable_mincond":0.000001,"data_set_value_component_J_AMP_variable_J_AMP":0.0000105598,"data_set_value_component_J_ADP_variable_J_ADP":0.0013884521,"data_set_value_component_J_ATP_variable_J_ATP":0.813265295,"data_set_value_component_J_PI2_variable_J_PI2":16.841552286,"data_set_value_component_J_MgATP_x_variable_J_MgATP_x":-0.0001121,"data_set_value_component_J_MgADP_x_variable_J_MgADP_x":-0.0000188,"data_set_value_component_J_MgATP_i_variable_J_MgATP_i":-0.0000597,"data_set_value_component_J_MgADP_i_variable_J_MgADP_i":-0.000004717,"data_set_value_component_J_MgATP_c_variable_J_MgATP_c":-0.384286,"data_set_value_component_J_MgADP_c_variable_J_MgADP_c":-0.014378,"data_set_value_component_J_AKi_variable_J_AKi":-0.0001055223,"data_set_value_component_J_AKc_variable_J_AKc":-0.0048122176,"data_set_value_component_J_AtC_variable_J_AtC":0.0,"data_set_value_component_J_CKc_variable_J_CKc":1128.351558},{"data_set_value_component_Environment_variable_time":0.1,"data_set_value_component_Environment_variable_O2_x":0.0000348,"data_set_value_component_Environment_variable_X_AtC":0.0,"data_set_value_component_fixed_parameters_variable_RT":2.5775,"data_set_value_component_fixed_parameters_variable_F":0.096484,"data_set_value_component_fixed_parameters_variable_dG_C1o":-69.37,"data_set_value_component_fixed_parameters_variable_dG_C3o":-32.53,"data_set_value_component_fixed_parameters_variable_dG_C4o":-122.94,"data_set_value_component_fixed_parameters_variable_dG_C1op":-69.5207645677,"data_set_value_component_fixed_parameters_variable_dG_C3op":-32.2284708647,"data_set_value_component_fixed_parameters_variable_dG_C4op":-123.2415291353,"data_set_value_component_fixed_parameters_variable_dG_F1o":36.03,"data_set_value_component_fixed_parameters_variable_dG_H":15.1220424483,"data_set_value_component_fixed_parameters_variable_k_dHPI":0.0000001778,"data_set_value_component_fixed_parameters_variable_k_dHatp":0.0000003311,"data_set_value_component_fixed_parameters_variable_k_dHadp":0.0000005129,"data_set_value_component_fixed_parameters_variable_K_DT":0.000024,"data_set_value_component_fixed_parameters_variable_K_DD":0.000347,"data_set_value_component_fixed_parameters_variable_K_AK":0.4331,"data_set_value_component_fixed_parameters_variable_K_CK":1660000000.0,"data_set_value_component_fixed_parameters_variable_W_m":0.72376,"data_set_value_component_fixed_parameters_variable_W_c":0.842508,"data_set_value_component_fixed_parameters_variable_W_x":0.651384,"data_set_value_component_fixed_parameters_variable_W_i":0.072376,"data_set_value_component_fixed_parameters_variable_V_cyto":0.894,"data_set_value_component_fixed_parameters_variable_V_mito":0.056,"data_set_value_component_fixed_parameters_variable_Rm_cyto":0.062639821,"data_set_value_component_fixed_parameters_variable_Rm_cell":0.056,"data_set_value_component_fixed_parameters_variable_Rc_cell":0.894,"data_set_value_component_fixed_parameters_variable_n_A":3.0,"data_set_value_component_fixed_parameters_variable_C_tot":0.0027,"data_set_value_component_fixed_parameters_variable_CR_tot":0.0427,"data_set_value_component_fixed_parameters_variable_Q_tot":0.00135,"data_set_value_component_fixed_parameters_variable_NAD_tot":0.00297,"data_set_value_component_fixed_parameters_variable_pH_C":7.0,"data_set_value_component_fixed_parameters_variable_H_c":0.0000001,"data_set_value_component_fixed_parameters_variable_K_c":0.15,"data_set_value_component_fixed_parameters_variable_H_i":0.0000001,"data_set_value_component_fixed_parameters_variable_K_i":0.15,"data_set_value_component_adjustable_parameters_variable_k_PI1":0.0001553,"data_set_value_component_adjustable_parameters_variable_k_PI2":0.0008222,"data_set_value_component_adjustable_parameters_variable_k_PI3":0.0003601,"data_set_value_component_adjustable_parameters_variable_k_PI4":0.005651,"data_set_value_component_adjustable_parameters_variable_k_PIH":0.0002542,"data_set_value_component_adjustable_parameters_variable_r":4.559,"data_set_value_component_adjustable_parameters_variable_X_DH":0.0866,"data_set_value_component_adjustable_parameters_variable_X_C1":4405.0,"data_set_value_component_adjustable_parameters_variable_X_C3":4.887,"data_set_value_component_adjustable_parameters_variable_X_C4":0.00006766,"data_set_value_component_adjustable_parameters_variable_X_F1":1000.0,"data_set_value_component_adjustable_parameters_variable_X_ANT":0.008123,"data_set_value_component_adjustable_parameters_variable_X_PI1":385000.0,"data_set_value_component_adjustable_parameters_variable_X_KH":56510000.0,"data_set_value_component_adjustable_parameters_variable_X_Hle":200.0,"data_set_value_component_adjustable_parameters_variable_X_K":0.0,"data_set_value_component_adjustable_parameters_variable_k_mADP":0.0000035,"data_set_value_component_adjustable_parameters_variable_X_AK":10000000.0,"data_set_value_component_adjustable_parameters_variable_X_CK":10000000.0,"data_set_value_component_adjustable_parameters_variable_X_MgA":10000000.0,"data_set_value_component_adjustable_parameters_variable_k_O2":0.00012,"data_set_value_component_adjustable_parameters_variable_x_buff":100.0,"data_set_value_component_adjustable_parameters_variable_C_IM":0.00000675,"data_set_value_component_adjustable_parameters_variable_X_A":85.0,"data_set_value_component_adjustable_parameters_variable_X_PI2":327.0,"data_set_value_component_adjustable_parameters_variable_gamma":5.99,"data_set_value_component_dNAD_x_dt_variable_NAD_x":0.0019399631,"data_set_value_component_dQH2_x_dt_variable_QH2_x":0.0012557694,"data_set_value_component_dCred_x_dt_variable_Cred_x":0.0003282395,"data_set_value_component_dATP_fx_dt_variable_ATP_fx":0.0001467903,"data_set_value_component_dADP_fx_dt_variable_ADP_fx":0.0015403476,"data_set_value_component_dH_x_dt_variable_pH_x":6.9745970049,"data_set_value_component_dH_x_dt_variable_H_x":0.000000106,"data_set_value_component_dK_x_dt_variable_K_x":0.1525634051,"data_set_value_component_dMg_x_dt_variable_Mg_x":0.0007911379,"data_set_value_component_dNADH_x_dt_variable_NADH_x":0.0010300369,"data_set_value_component_dQ_x_dt_variable_Q_x":0.0000942306,"data_set_value_component_dCox_x_dt_variable_Cox_x":0.0023717605,"data_set_value_component_dATP_x_dt_variable_ATP_x":0.0049452885,"data_set_value_component_dADP_x_dt_variable_ADP_x":0.0050547115,"data_set_value_component_dATP_mx_dt_variable_ATP_mx":0.0047984983,"data_set_value_component_dADP_mx_dt_variable_ADP_mx":0.0035143638,"data_set_value_component_dPI_x_dt_variable_PI_x":0.0025291553,"data_set_value_component_dATP_fi_dt_variable_ATP_fi":0.0009209625,"data_set_value_component_dADP_fi_dt_variable_ADP_fi":0.0000258568,"data_set_value_component_dATP_i_dt_variable_ATP_i":0.0081514632,"data_set_value_component_dADP_i_dt_variable_ADP_i":0.0000398974,"data_set_value_component_dAMP_i_dt_variable_AMP_i":0.0000000846,"data_set_value_component_dATP_mi_dt_variable_ATP_mi":0.0072305007,"data_set_value_component_dADP_mi_dt_variable_ADP_mi":0.0000140406,"data_set_value_component_dPI_i_dt_variable_PI_i":0.0084903069,"data_set_value_component_dMg_i_dt_variable_Mg_i":0.0001884247,"data_set_value_component_dATP_c_dt_variable_ATP_c":0.0081514612,"data_set_value_component_dADP_c_dt_variable_ADP_c":0.0000398994,"data_set_value_component_dAMP_c_dt_variable_AMP_c":0.0000000846,"data_set_value_component_dATP_mc_dt_variable_ATP_mc":0.0079670132,"data_set_value_component_dADP_mc_dt_variable_ADP_mc":0.0000298932,"data_set_value_component_dPI_c_dt_variable_PI_c":0.0085024423,"data_set_value_component_dMg_c_dt_variable_Mg_c":0.0010366516,"data_set_value_component_dPCr_c_dt_variable_PCr_c":0.023558248,"data_set_value_component_dATP_fc_dt_variable_ATP_fc":0.000184448,"data_set_value_component_dADP_fc_dt_variable_ADP_fc":0.0000100062,"data_set_value_component_dCr_c_dt_variable_Cr_c":0.019141752,"data_set_value_component_ddeltaPsi_dt_variable_deltaPsi":158.2936758003,"data_set_value_component_J_DH_variable_J_DH":0.0028697707,"data_set_value_component_J_C1_variable_J_C1":0.0034898628,"data_set_value_component_J_C3_variable_J_C3":0.0034608178,"data_set_value_component_J_C4_variable_J_C4":0.003184977,"data_set_value_component_J_F1_variable_J_F1":0.0101855406,"data_set_value_component_J_ANT_variable_J_ANT":0.000001952,"data_set_value_component_J_ANT_variable_mincon":0.000000001,"data_set_value_component_J_ANT_variable_Psi_x":-102.8908892702,"data_set_value_component_J_ANT_variable_Psi_i":55.4027865301,"data_set_value_component_J_PI1_variable_J_PI1":0.023894077,"data_set_value_component_J_PI1_variable_H2PIi":0.0030559586,"data_set_value_component_J_PI1_variable_H2PIx":0.0009446851,"data_set_value_component_J_Hle_variable_J_Hle":0.0031653629,"data_set_value_component_J_Hle_variable_mincond":0.000001,"data_set_value_component_J_KH_variable_J_KH":0.0365741717,"data_set_value_component_J_K_variable_J_K":0.0,"data_set_value_component_J_K_variable_mincond":0.000001,"data_set_value_component_J_AMP_variable_J_AMP":0.0000000043,"data_set_value_component_J_ADP_variable_J_ADP":0.0000010208,"data_set_value_component_J_ATP_variable_J_ATP":-0.0000010251,"data_set_value_component_J_PI2_variable_J_PI2":0.0237698872,"data_set_value_component_J_MgATP_x_variable_J_MgATP_x":0.0096739852,"data_set_value_component_J_MgADP_x_variable_J_MgADP_x":-0.0085682373,"data_set_value_component_J_MgATP_i_variable_J_MgATP_i":0.000000418,"data_set_value_component_J_MgADP_i_variable_J_MgADP_i":-0.0000003264,"data_set_value_component_J_MgATP_c_variable_J_MgATP_c":0.0000000001,"data_set_value_component_J_MgADP_c_variable_J_MgADP_c":-0.0000000001,"data_set_value_component_J_AKi_variable_J_AKi":-0.0000000081,"data_set_value_component_J_AKc_variable_J_AKc":0.0000000002,"data_set_value_component_J_AtC_variable_J_AtC":0.0,"data_set_value_component_J_CKc_variable_J_CKc":-0.0000000642},{"data_set_value_component_Environment_variable_time":0.2,"data_set_value_component_Environment_variable_O2_x":0.0000348,"data_set_value_component_Environment_variable_X_AtC":0.0,"data_set_value_component_fixed_parameters_variable_RT":2.5775,"data_set_value_component_fixed_parameters_variable_F":0.096484,"data_set_value_component_fixed_parameters_variable_dG_C1o":-69.37,"data_set_value_component_fixed_parameters_variable_dG_C3o":-32.53,"data_set_value_component_fixed_parameters_variable_dG_C4o":-122.94,"data_set_value_component_fixed_parameters_variable_dG_C1op":-69.5456980938,"data_set_value_component_fixed_parameters_variable_dG_C3op":-32.1786038124,"data_set_value_component_fixed_parameters_variable_dG_C4op":-123.2913961876,"data_set_value_component_fixed_parameters_variable_dG_F1o":36.03,"data_set_value_component_fixed_parameters_variable_dG_H":15.3752071962,"data_set_value_component_fixed_parameters_variable_k_dHPI":0.0000001778,"data_set_value_component_fixed_parameters_variable_k_dHatp":0.0000003311,"data_set_value_component_fixed_parameters_variable_k_dHadp":0.0000005129,"data_set_value_component_fixed_parameters_variable_K_DT":0.000024,"data_set_value_component_fixed_parameters_variable_K_DD":0.000347,"data_set_value_component_fixed_parameters_variable_K_AK":0.4331,"data_set_value_component_fixed_parameters_variable_K_CK":1660000000.0,"data_set_value_component_fixed_parameters_variable_W_m":0.72376,"data_set_value_component_fixed_parameters_variable_W_c":0.842508,"data_set_value_component_fixed_parameters_variable_W_x":0.651384,"data_set_value_component_fixed_parameters_variable_W_i":0.072376,"data_set_value_component_fixed_parameters_variable_V_cyto":0.894,"data_set_value_component_fixed_parameters_variable_V_mito":0.056,"data_set_value_component_fixed_parameters_variable_Rm_cyto":0.062639821,"data_set_value_component_fixed_parameters_variable_Rm_cell":0.056,"data_set_value_component_fixed_parameters_variable_Rc_cell":0.894,"data_set_value_component_fixed_parameters_variable_n_A":3.0,"data_set_value_component_fixed_parameters_variable_C_tot":0.0027,"data_set_value_component_fixed_parameters_variable_CR_tot":0.0427,"data_set_value_component_fixed_parameters_variable_Q_tot":0.00135,"data_set_value_component_fixed_parameters_variable_NAD_tot":0.00297,"data_set_value_component_fixed_parameters_variable_pH_C":7.0,"data_set_value_component_fixed_parameters_variable_H_c":0.0000001,"data_set_value_component_fixed_parameters_variable_K_c":0.15,"data_set_value_component_fixed_parameters_variable_H_i":0.0000001,"data_set_value_component_fixed_parameters_variable_K_i":0.15,"data_set_value_component_adjustable_parameters_variable_k_PI1":0.0001553,"data_set_value_component_adjustable_parameters_variable_k_PI2":0.0008222,"data_set_value_component_adjustable_parameters_variable_k_PI3":0.0003601,"data_set_value_component_adjustable_parameters_variable_k_PI4":0.005651,"data_set_value_component_adjustable_parameters_variable_k_PIH":0.0002542,"data_set_value_component_adjustable_parameters_variable_r":4.559,"data_set_value_component_adjustable_parameters_variable_X_DH":0.0866,"data_set_value_component_adjustable_parameters_variable_X_C1":4405.0,"data_set_value_component_adjustable_parameters_variable_X_C3":4.887,"data_set_value_component_adjustable_parameters_variable_X_C4":0.00006766,"data_set_value_component_adjustable_parameters_variable_X_F1":1000.0,"data_set_value_component_adjustable_parameters_variable_X_ANT":0.008123,"data_set_value_component_adjustable_parameters_variable_X_PI1":385000.0,"data_set_value_component_adjustable_parameters_variable_X_KH":56510000.0,"data_set_value_component_adjustable_parameters_variable_X_Hle":200.0,"data_set_value_component_adjustable_parameters_variable_X_K":0.0,"data_set_value_component_adjustable_parameters_variable_k_mADP":0.0000035,"data_set_value_component_adjustable_parameters_variable_X_AK":10000000.0,"data_set_value_component_adjustable_parameters_variable_X_CK":10000000.0,"data_set_value_component_adjustable_parameters_variable_X_MgA":10000000.0,"data_set_value_component_adjustable_parameters_variable_k_O2":0.00012,"data_set_value_component_adjustable_parameters_variable_x_buff":100.0,"data_set_value_component_adjustable_parameters_variable_C_IM":0.00000675,"data_set_value_component_adjustable_parameters_variable_X_A":85.0,"data_set_value_component_adjustable_parameters_variable_X_PI2":327.0,"data_set_value_component_adjustable_parameters_variable_gamma":5.99,"data_set_value_component_dNAD_x_dt_variable_NAD_x":0.0019986138,"data_set_value_component_dQH2_x_dt_variable_QH2_x":0.0012070379,"data_set_value_component_dCred_x_dt_variable_Cred_x":0.0003712685,"data_set_value_component_dATP_fx_dt_variable_ATP_fx":0.0002496986,"data_set_value_component_dADP_fx_dt_variable_ADP_fx":0.0012547486,"data_set_value_component_dH_x_dt_variable_pH_x":6.9703958438,"data_set_value_component_dH_x_dt_variable_H_x":0.0000001071,"data_set_value_component_dK_x_dt_variable_K_x":0.1567978922,"data_set_value_component_dMg_x_dt_variable_Mg_x":0.0006084472,"data_set_value_component_dNADH_x_dt_variable_NADH_x":0.0009713862,"data_set_value_component_dQ_x_dt_variable_Q_x":0.0001429621,"data_set_value_component_dCox_x_dt_variable_Cox_x":0.0023287315,"data_set_value_component_dATP_x_dt_variable_ATP_x":0.0065428789,"data_set_value_component_dADP_x_dt_variable_ADP_x":0.0034571211,"data_set_value_component_dATP_mx_dt_variable_ATP_mx":0.0062931802,"data_set_value_component_dADP_mx_dt_variable_ADP_mx":0.0022023725,"data_set_value_component_dPI_x_dt_variable_PI_x":0.0039402395,"data_set_value_component_dATP_fi_dt_variable_ATP_fi":0.0009216703,"data_set_value_component_dADP_fi_dt_variable_ADP_fi":0.000025025,"data_set_value_component_dATP_i_dt_variable_ATP_i":0.0081527614,"data_set_value_component_dADP_i_dt_variable_ADP_i":0.0000386046,"data_set_value_component_dAMP_i_dt_variable_AMP_i":0.0000000792,"data_set_value_component_dATP_mi_dt_variable_ATP_mi":0.0072310911,"data_set_value_component_dADP_mi_dt_variable_ADP_mi":0.0000135796,"data_set_value_component_dPI_i_dt_variable_PI_i":0.0083464389,"data_set_value_component_dMg_i_dt_variable_Mg_i":0.0001882953,"data_set_value_component_dATP_c_dt_variable_ATP_c":0.0081514708,"data_set_value_component_dADP_c_dt_variable_ADP_c":0.0000398898,"data_set_value_component_dAMP_c_dt_variable_AMP_c":0.0000000845,"data_set_value_component_dATP_mc_dt_variable_ATP_mc":0.0079670222,"data_set_value_component_dADP_mc_dt_variable_ADP_mc":0.000029886,"data_set_value_component_dPI_c_dt_variable_PI_c":0.0083549542,"data_set_value_component_dMg_c_dt_variable_Mg_c":0.0010366497,"data_set_value_component_dPCr_c_dt_variable_PCr_c":0.0235607837,"data_set_value_component_dATP_fc_dt_variable_ATP_fc":0.0001844486,"data_set_value_component_dADP_fc_dt_variable_ADP_fc":0.0000100038,"data_set_value_component_dCr_c_dt_variable_Cr_c":0.0191392163,"data_set_value_component_ddeltaPsi_dt_variable_deltaPsi":161.1760010981,"data_set_value_component_J_DH_variable_J_DH":0.003209561,"data_set_value_component_J_C1_variable_J_C1":0.0032433149,"data_set_value_component_J_C3_variable_J_C3":0.0037763185,"data_set_value_component_J_C4_variable_J_C4":0.0037293457,"data_set_value_component_J_F1_variable_J_F1":0.0104101586,"data_set_value_component_J_ANT_variable_J_ANT":0.0006606034,"data_set_value_component_J_ANT_variable_mincon":0.000000001,"data_set_value_component_J_ANT_variable_Psi_x":-104.7644007138,"data_set_value_component_J_ANT_variable_Psi_i":56.4116003843,"data_set_value_component_J_PI1_variable_J_PI1":0.0167669932,"data_set_value_component_J_PI1_variable_H2PIi":0.0030041755,"data_set_value_component_J_PI1_variable_H2PIx":0.0014806806,"data_set_value_component_J_Hle_variable_J_Hle":0.0032229735,"data_set_value_component_J_Hle_variable_mincond":0.000001,"data_set_value_component_J_KH_variable_J_KH":0.0213809691,"data_set_value_component_J_K_variable_J_K":0.0,"data_set_value_component_J_K_variable_mincond":0.000001,"data_set_value_component_J_AMP_variable_J_AMP":0.0000027174,"data_set_value_component_J_ADP_variable_J_ADP":0.0006543775,"data_set_value_component_J_ATP_variable_J_ATP":-0.0006570949,"data_set_value_component_J_PI2_variable_J_PI2":0.0166791769,"data_set_value_component_J_MgATP_x_variable_J_MgATP_x":0.0089210195,"data_set_value_component_J_MgADP_x_variable_J_MgADP_x":-0.0077497027,"data_set_value_component_J_MgATP_i_variable_J_MgATP_i":0.0000003581,"data_set_value_component_J_MgADP_i_variable_J_MgADP_i":-0.0000002796,"data_set_value_component_J_MgATP_c_variable_J_MgATP_c":0.0000001465,"data_set_value_component_J_MgADP_c_variable_J_MgADP_c":-0.0000001161,"data_set_value_component_J_AKi_variable_J_AKi":-0.0000027206,"data_set_value_component_J_AKc_variable_J_AKc":0.0000001695,"data_set_value_component_J_AtC_variable_J_AtC":0.0,"data_set_value_component_J_CKc_variable_J_CKc":-0.0000411744},{"data_set_value_component_Environment_variable_time":0.3,"data_set_value_component_Environment_variable_O2_x":0.0000348,"data_set_value_component_Environment_variable_X_AtC":0.0,"data_set_value_component_fixed_parameters_variable_RT":2.5775,"data_set_value_component_fixed_parameters_variable_F":0.096484,"data_set_value_component_fixed_parameters_variable_dG_C1o":-69.37,"data_set_value_component_fixed_parameters_variable_dG_C3o":-32.53,"data_set_value_component_fixed_parameters_variable_dG_C4o":-122.94,"data_set_value_component_fixed_parameters_variable_dG_C1op":-69.572707019,"data_set_value_component_fixed_parameters_variable_dG_C3op":-32.124585962,"data_set_value_component_fixed_parameters_variable_dG_C4op":-123.345414038,"data_set_value_component_fixed_parameters_variable_dG_F1o":36.03,"data_set_value_component_fixed_parameters_variable_dG_H":15.8636467772,"data_set_value_component_fixed_parameters_variable_k_dHPI":0.0000001778,"data_set_value_component_fixed_parameters_variable_k_dHatp":0.0000003311,"data_set_value_component_fixed_parameters_variable_k_dHadp":0.0000005129,"data_set_value_component_fixed_parameters_variable_K_DT":0.000024,"data_set_value_component_fixed_parameters_variable_K_DD":0.000347,"data_set_value_component_fixed_parameters_variable_K_AK":0.4331,"data_set_value_component_fixed_parameters_variable_K_CK":1660000000.0,"data_set_value_component_fixed_parameters_variable_W_m":0.72376,"data_set_value_component_fixed_parameters_variable_W_c":0.842508,"data_set_value_component_fixed_parameters_variable_W_x":0.651384,"data_set_value_component_fixed_parameters_variable_W_i":0.072376,"data_set_value_component_fixed_parameters_variable_V_cyto":0.894,"data_set_value_component_fixed_parameters_variable_V_mito":0.056,"data_set_value_component_fixed_parameters_variable_Rm_cyto":0.062639821,"data_set_value_component_fixed_parameters_variable_Rm_cell":0.056,"data_set_value_component_fixed_parameters_variable_Rc_cell":0.894,"data_set_value_component_fixed_parameters_variable_n_A":3.0,"data_set_value_component_fixed_parameters_variable_C_tot":0.0027,"data_set_value_component_fixed_parameters_variable_CR_tot":0.0427,"data_set_value_component_fixed_parameters_variable_Q_tot":0.00135,"data_set_value_component_fixed_parameters_variable_NAD_tot":0.00297,"data_set_value_component_fixed_parameters_variable_pH_C":7.0,"data_set_value_component_fixed_parameters_variable_H_c":0.0000001,"data_set_value_component_fixed_parameters_variable_K_c":0.15,"data_set_value_component_fixed_parameters_variable_H_i":0.0000001,"data_set_value_component_fixed_parameters_variable_K_i":0.15,"data_set_value_component_adjustable_parameters_variable_k_PI1":0.0001553,"data_set_value_component_adjustable_parameters_variable_k_PI2":0.0008222,"data_set_value_component_adjustable_parameters_variable_k_PI3":0.0003601,"data_set_value_component_adjustable_parameters_variable_k_PI4":0.005651,"data_set_value_component_adjustable_parameters_variable_k_PIH":0.0002542,"data_set_value_component_adjustable_parameters_variable_r":4.559,"data_set_value_component_adjustable_parameters_variable_X_DH":0.0866,"data_set_value_component_adjustable_parameters_variable_X_C1":4405.0,"data_set_value_component_adjustable_parameters_variable_X_C3":4.887,"data_set_value_component_adjustable_parameters_variable_X_C4":0.00006766,"data_set_value_component_adjustable_parameters_variable_X_F1":1000.0,"data_set_value_component_adjustable_parameters_variable_X_ANT":0.008123,"data_set_value_component_adjustable_parameters_variable_X_PI1":385000.0,"data_set_value_component_adjustable_parameters_variable_X_KH":56510000.0,"data_set_value_component_adjustable_parameters_variable_X_Hle":200.0,"data_set_value_component_adjustable_parameters_variable_X_K":0.0,"data_set_value_component_adjustable_parameters_variable_k_mADP":0.0000035,"data_set_value_component_adjustable_parameters_variable_X_AK":10000000.0,"data_set_value_component_adjustable_parameters_variable_X_CK":10000000.0,"data_set_value_component_adjustable_parameters_variable_X_MgA":10000000.0,"data_set_value_component_adjustable_parameters_variable_k_O2":0.00012,"data_set_value_component_adjustable_parameters_variable_x_buff":100.0,"data_set_value_component_adjustable_parameters_variable_C_IM":0.00000675,"data_set_value_component_adjustable_parameters_variable_X_A":85.0,"data_set_value_component_adjustable_parameters_variable_X_PI2":327.0,"data_set_value_component_adjustable_parameters_variable_gamma":5.99,"data_set_value_component_dNAD_x_dt_variable_NAD_x":0.0019418559,"data_set_value_component_dQH2_x_dt_variable_QH2_x":0.0011057934,"data_set_value_component_dCred_x_dt_variable_Cred_x":0.0003753945,"data_set_value_component_dATP_fx_dt_variable_ATP_fx":0.0003985974,"data_set_value_component_dADP_fx_dt_variable_ADP_fx":0.0009462264,"data_set_value_component_dH_x_dt_variable_pH_x":6.9658449894,"data_set_value_component_dH_x_dt_variable_H_x":0.0000001082,"data_set_value_component_dK_x_dt_variable_K_x":0.1595653851,"data_set_value_component_dMg_x_dt_variable_Mg_x":0.0004488238,"data_set_value_component_dNADH_x_dt_variable_NADH_x":0.0010281441,"data_set_value_component_dQ_x_dt_variable_Q_x":0.0002442066,"data_set_value_component_dCox_x_dt_variable_Cox_x":0.0023246055,"data_set_value_component_dATP_x_dt_variable_ATP_x":0.0078284587,"data_set_value_component_dADP_x_dt_variable_ADP_x":0.0021715413,"data_set_value_component_dATP_mx_dt_variable_ATP_mx":0.0074298613,"data_set_value_component_dADP_mx_dt_variable_ADP_mx":0.0012253149,"data_set_value_component_dPI_x_dt_variable_PI_x":0.0047329002,"data_set_value_component_dATP_fi_dt_variable_ATP_fi":0.0009221234,"data_set_value_component_dADP_fi_dt_variable_ADP_fi":0.0000244925,"data_set_value_component_dATP_i_dt_variable_ATP_i":0.0081535921,"data_set_value_component_dADP_i_dt_variable_ADP_i":0.0000377772,"data_set_value_component_dAMP_i_dt_variable_AMP_i":0.0000000759,"data_set_value_component_dATP_mi_dt_variable_ATP_mi":0.0072314686,"data_set_value_component_dADP_mi_dt_variable_ADP_mi":0.0000132848,"data_set_value_component_dPI_i_dt_variable_PI_i":0.0082420178,"data_set_value_component_dMg_i_dt_variable_Mg_i":0.0001882126,"data_set_value_component_dATP_c_dt_variable_ATP_c":0.0081514956,"data_set_value_component_dADP_c_dt_variable_ADP_c":0.0000398652,"data_set_value_component_dAMP_c_dt_variable_AMP_c":0.0000000844,"data_set_value_component_dATP_mc_dt_variable_ATP_mc":0.0079670456,"data_set_value_component_dADP_mc_dt_variable_ADP_mc":0.0000298675,"data_set_value_component_dPI_c_dt_variable_PI_c":0.0082482702,"data_set_value_component_dMg_c_dt_variable_Mg_c":0.0010366449,"data_set_value_component_dPCr_c_dt_variable_PCr_c":0.0235673513,"data_set_value_component_dATP_fc_dt_variable_ATP_fc":0.00018445,"data_set_value_component_dADP_fc_dt_variable_ADP_fc":0.0000099976,"data_set_value_component_dCr_c_dt_variable_Cr_c":0.0191326487,"data_set_value_component_ddeltaPsi_dt_variable_deltaPsi":166.5183221693,"data_set_value_component_J_DH_variable_J_DH":0.0031568428,"data_set_value_component_J_C1_variable_J_C1":0.0024159892,"data_set_value_component_J_C3_variable_J_C3":0.0031769202,"data_set_value_component_J_C4_variable_J_C4":0.0031869783,"data_set_value_component_J_F1_variable_J_F1":0.0079943937,"data_set_value_component_J_ANT_variable_J_ANT":0.0010722413,"data_set_value_component_J_ANT_variable_mincon":0.000000001,"data_set_value_component_J_ANT_variable_Psi_x":-108.23690941,"data_set_value_component_J_ANT_variable_Psi_i":58.2814127592,"data_set_value_component_J_PI1_variable_J_PI1":0.0123112132,"data_set_value_component_J_PI1_variable_H2PIi":0.0029665907,"data_set_value_component_J_PI1_variable_H2PIx":0.0017901987,"data_set_value_component_J_Hle_variable_J_Hle":0.0033298305,"data_set_value_component_J_Hle_variable_mincond":0.000001,"data_set_value_component_J_KH_variable_J_KH":0.0153007413,"data_set_value_component_J_K_variable_J_K":0.0,"data_set_value_component_J_K_variable_mincond":0.000001,"data_set_value_component_J_AMP_variable_J_AMP":0.0000043663,"data_set_value_component_J_ADP_variable_J_ADP":0.0010630639,"data_set_value_component_J_ATP_variable_J_ATP":-0.0010674302,"data_set_value_component_J_PI2_variable_J_PI2":0.0122467301,"data_set_value_component_J_MgATP_x_variable_J_MgATP_x":0.0058335488,"data_set_value_component_J_MgADP_x_variable_J_MgADP_x":-0.0049531998,"data_set_value_component_J_MgATP_i_variable_J_MgATP_i":0.0000002013,"data_set_value_component_J_MgADP_i_variable_J_MgADP_i":-0.0000001572,"data_set_value_component_J_MgATP_c_variable_J_MgATP_c":0.000000238,"data_set_value_component_J_MgADP_c_variable_J_MgADP_c":-0.0000001886,"data_set_value_component_J_AKi_variable_J_AKi":-0.0000043681,"data_set_value_component_J_AKc_variable_J_AKc":0.0000002724,"data_set_value_component_J_AtC_variable_J_AtC":0.0,"data_set_value_component_J_CKc_variable_J_CKc":-0.0000668838},{"data_set_value_component_Environment_variable_time":0.4,"data_set_value_component_Environment_variable_O2_x":0.0000348,"data_set_value_component_Environment_variable_X_AtC":0.0,"data_set_value_component_fixed_parameters_variable_RT":2.5775,"data_set_value_component_fixed_parameters_variable_F":0.096484,"data_set_value_component_fixed_parameters_variable_dG_C1o":-69.37,"data_set_value_component_fixed_parameters_variable_dG_C3o":-32.53,"data_set_value_component_fixed_parameters_variable_dG_C4o":-122.94,"data_set_value_component_fixed_parameters_variable_dG_C1op":-69.593589454,"data_set_value_component_fixed_parameters_variable_dG_C3op":-32.082821092,"data_set_value_component_fixed_parameters_variable_dG_C4op":-123.387178908,"data_set_value_component_fixed_parameters_variable_dG_F1o":36.03,"data_set_value_component_fixed_parameters_variable_dG_H":16.3763105622,"data_set_value_component_fixed_parameters_variable_k_dHPI":0.0000001778,"data_set_value_component_fixed_parameters_variable_k_dHatp":0.0000003311,"data_set_value_component_fixed_parameters_variable_k_dHadp":0.0000005129,"data_set_value_component_fixed_parameters_variable_K_DT":0.000024,"data_set_value_component_fixed_parameters_variable_K_DD":0.000347,"data_set_value_component_fixed_parameters_variable_K_AK":0.4331,"data_set_value_component_fixed_parameters_variable_K_CK":1660000000.0,"data_set_value_component_fixed_parameters_variable_W_m":0.72376,"data_set_value_component_fixed_parameters_variable_W_c":0.842508,"data_set_value_component_fixed_parameters_variable_W_x":0.651384,"data_set_value_component_fixed_parameters_variable_W_i":0.072376,"data_set_value_component_fixed_parameters_variable_V_cyto":0.894,"data_set_value_component_fixed_parameters_variable_V_mito":0.056,"data_set_value_component_fixed_parameters_variable_Rm_cyto":0.062639821,"data_set_value_component_fixed_parameters_variable_Rm_cell":0.056,"data_set_value_component_fixed_parameters_variable_Rc_cell":0.894,"data_set_value_component_fixed_parameters_variable_n_A":3.0,"data_set_value_component_fixed_parameters_variable_C_tot":0.0027,"data_set_value_component_fixed_parameters_variable_CR_tot":0.0427,"data_set_value_component_fixed_parameters_variable_Q_tot":0.00135,"data_set_value_component_fixed_parameters_variable_NAD_tot":0.00297,"data_set_value_component_fixed_parameters_variable_pH_C":7.0,"data_set_value_component_fixed_parameters_variable_H_c":0.0000001,"data_set_value_component_fixed_parameters_variable_K_c":0.15,"data_set_value_component_fixed_parameters_variable_H_i":0.0000001,"data_set_value_component_fixed_parameters_variable_K_i":0.15,"data_set_value_component_adjustable_parameters_variable_k_PI1":0.0001553,"data_set_value_component_adjustable_parameters_variable_k_PI2":0.0008222,"data_set_value_component_adjustable_parameters_variable_k_PI3":0.0003601,"data_set_value_component_adjustable_parameters_variable_k_PI4":0.005651,"data_set_value_component_adjustable_parameters_variable_k_PIH":0.0002542,"data_set_value_component_adjustable_parameters_variable_r":4.559,"data_set_value_component_adjustable_parameters_variable_X_DH":0.0866,"data_set_value_component_adjustable_parameters_variable_X_C1":4405.0,"data_set_value_component_adjustable_parameters_variable_X_C3":4.887,"data_set_value_component_adjustable_parameters_variable_X_C4":0.00006766,"data_set_value_component_adjustable_parameters_variable_X_F1":1000.0,"data_set_value_component_adjustable_parameters_variable_X_ANT":0.008123,"data_set_value_component_adjustable_parameters_variable_X_PI1":385000.0,"data_set_value_component_adjustable_parameters_variable_X_KH":56510000.0,"data_set_value_component_adjustable_parameters_variable_X_Hle":200.0,"data_set_value_component_adjustable_parameters_variable_X_K":0.0,"data_set_value_component_adjustable_parameters_variable_k_mADP":0.0000035,"data_set_value_component_adjustable_parameters_variable_X_AK":10000000.0,"data_set_value_component_adjustable_parameters_variable_X_CK":10000000.0,"data_set_value_component_adjustable_parameters_variable_X_MgA":10000000.0,"data_set_value_component_adjustable_parameters_variable_k_O2":0.00012,"data_set_value_component_adjustable_parameters_variable_x_buff":100.0,"data_set_value_component_adjustable_parameters_variable_C_IM":0.00000675,"data_set_value_component_adjustable_parameters_variable_X_A":85.0,"data_set_value_component_adjustable_parameters_variable_X_PI2":327.0,"data_set_value_component_adjustable_parameters_variable_gamma":5.99,"data_set_value_component_dNAD_x_dt_variable_NAD_x":0.0017883011,"data_set_value_component_dQH2_x_dt_variable_QH2_x":0.0009809519,"data_set_value_component_dCred_x_dt_variable_Cred_x":0.000368063,"data_set_value_component_dATP_fx_dt_variable_ATP_fx":0.0005712966,"data_set_value_component_dADP_fx_dt_variable_ADP_fx":0.0006658479,"data_set_value_component_dH_x_dt_variable_pH_x":6.9623264147,"data_set_value_component_dH_x_dt_variable_H_x":0.0000001091,"data_set_value_component_dK_x_dt_variable_K_x":0.1615946262,"data_set_value_component_dMg_x_dt_variable_Mg_x":0.0003411446,"data_set_value_component_dNADH_x_dt_variable_NADH_x":0.0011816989,"data_set_value_component_dQ_x_dt_variable_Q_x":0.0003690481,"data_set_value_component_dCox_x_dt_variable_Cox_x":0.002331937,"data_set_value_component_dATP_x_dt_variable_ATP_x":0.0086787844,"data_set_value_component_dADP_x_dt_variable_ADP_x":0.0013212156,"data_set_value_component_dATP_mx_dt_variable_ATP_mx":0.0081074878,"data_set_value_component_dADP_mx_dt_variable_ADP_mx":0.0006553677,"data_set_value_component_dPI_x_dt_variable_PI_x":0.0053147488,"data_set_value_component_dATP_fi_dt_variable_ATP_fi":0.0009223797,"data_set_value_component_dADP_fi_dt_variable_ADP_fi":0.0000241913,"data_set_value_component_dATP_i_dt_variable_ATP_i":0.0081540617,"data_set_value_component_dADP_i_dt_variable_ADP_i":0.0000373094,"data_set_value_component_dAMP_i_dt_variable_AMP_i":0.000000074,"data_set_value_component_dATP_mi_dt_variable_ATP_mi":0.007231682,"data_set_value_component_dADP_mi_dt_variable_ADP_mi":0.0000131181,"data_set_value_component_dPI_i_dt_variable_PI_i":0.0081659322,"data_set_value_component_dMg_i_dt_variable_Mg_i":0.0001881659,"data_set_value_component_dATP_c_dt_variable_ATP_c":0.0081515289,"data_set_value_component_dADP_c_dt_variable_ADP_c":0.0000398319,"data_set_value_component_dAMP_c_dt_variable_AMP_c":0.0000000843,"data_set_value_component_dATP_mc_dt_variable_ATP_mc":0.0079670771,"data_set_value_component_dADP_mc_dt_variable_ADP_mc":0.0000298426,"data_set_value_component_dPI_c_dt_variable_PI_c":0.0081704367,"data_set_value_component_dMg_c_dt_variable_Mg_c":0.0010366383,"data_set_value_component_dPCr_c_dt_variable_PCr_c":0.0235761981,"data_set_value_component_dATP_fc_dt_variable_ATP_fc":0.0001844519,"data_set_value_component_dADP_fc_dt_variable_ADP_fc":0.0000099894,"data_set_value_component_dCr_c_dt_variable_Cr_c":0.0191238019,"data_set_value_component_ddeltaPsi_dt_variable_deltaPsi":172.0482154165,"data_set_value_component_J_DH_variable_J_DH":0.0028488397,"data_set_value_component_J_C1_variable_J_C1":0.0016568355,"data_set_value_component_J_C3_variable_J_C3":0.0024955459,"data_set_value_component_J_C4_variable_J_C4":0.0025305014,"data_set_value_component_J_F1_variable_J_F1":0.005549328,"data_set_value_component_J_ANT_variable_J_ANT":0.0012950669,"data_set_value_component_J_ANT_variable_mincon":0.000000001,"data_set_value_component_J_ANT_variable_Psi_x":-111.8313400207,"data_set_value_component_J_ANT_variable_Psi_i":60.2168753958,"data_set_value_component_J_PI1_variable_J_PI1":0.0088696379,"data_set_value_component_J_PI1_variable_H2PIi":0.0029392048,"data_set_value_component_J_PI1_variable_H2PIx":0.0020204167,"data_set_value_component_J_Hle_variable_J_Hle":0.0034404659,"data_set_value_component_J_Hle_variable_mincond":0.000001,"data_set_value_component_J_KH_variable_J_KH":0.0112930822,"data_set_value_component_J_K_variable_J_K":0.0,"data_set_value_component_J_K_variable_mincond":0.000001,"data_set_value_component_J_AMP_variable_J_AMP":0.0000052409,"data_set_value_component_J_ADP_variable_J_ADP":0.0012843253,"data_set_value_component_J_ATP_variable_J_ATP":-0.0012895662,"data_set_value_component_J_PI2_variable_J_PI2":0.0088232806,"data_set_value_component_J_MgATP_x_variable_J_MgATP_x":0.0031504072,"data_set_value_component_J_MgADP_x_variable_J_MgADP_x":-0.0026217335,"data_set_value_component_J_MgATP_i_variable_J_MgATP_i":0.0000001176,"data_set_value_component_J_MgADP_i_variable_J_MgADP_i":-0.0000000918,"data_set_value_component_J_MgATP_c_variable_J_MgATP_c":0.0000002873,"data_set_value_component_J_MgADP_c_variable_J_MgADP_c":-0.0000002277,"data_set_value_component_J_AKi_variable_J_AKi":-0.0000052419,"data_set_value_component_J_AKc_variable_J_AKc":0.000000327,"data_set_value_component_J_AtC_variable_J_AtC":0.0,"data_set_value_component_J_CKc_variable_J_CKc":-0.0000808005},{"data_set_value_component_Environment_variable_time":0.5,"data_set_value_component_Environment_variable_O2_x":0.0000348,"data_set_value_component_Environment_variable_X_AtC":0.0,"data_set_value_component_fixed_parameters_variable_RT":2.5775,"data_set_value_component_fixed_parameters_variable_F":0.096484,"data_set_value_component_fixed_parameters_variable_dG_C1o":-69.37,"data_set_value_component_fixed_parameters_variable_dG_C3o":-32.53,"data_set_value_component_fixed_parameters_variable_dG_C4o":-122.94,"data_set_value_component_fixed_parameters_variable_dG_C1op":-69.6073221045,"data_set_value_component_fixed_parameters_variable_dG_C3op":-32.0553557911,"data_set_value_component_fixed_parameters_variable_dG_C4op":-123.4146442089,"data_set_value_component_fixed_parameters_variable_dG_F1o":36.03,"data_set_value_component_fixed_parameters_variable_dG_H":16.8342718684,"data_set_value_component_fixed_parameters_variable_k_dHPI":0.0000001778,"data_set_value_component_fixed_parameters_variable_k_dHatp":0.0000003311,"data_set_value_component_fixed_parameters_variable_k_dHadp":0.0000005129,"data_set_value_component_fixed_parameters_variable_K_DT":0.000024,"data_set_value_component_fixed_parameters_variable_K_DD":0.000347,"data_set_value_component_fixed_parameters_variable_K_AK":0.4331,"data_set_value_component_fixed_parameters_variable_K_CK":1660000000.0,"data_set_value_component_fixed_parameters_variable_W_m":0.72376,"data_set_value_component_fixed_parameters_variable_W_c":0.842508,"data_set_value_component_fixed_parameters_variable_W_x":0.651384,"data_set_value_component_fixed_parameters_variable_W_i":0.072376,"data_set_value_component_fixed_parameters_variable_V_cyto":0.894,"data_set_value_component_fixed_parameters_variable_V_mito":0.056,"data_set_value_component_fixed_parameters_variable_Rm_cyto":0.062639821,"data_set_value_component_fixed_parameters_variable_Rm_cell":0.056,"data_set_value_component_fixed_parameters_variable_Rc_cell":0.894,"data_set_value_component_fixed_parameters_variable_n_A":3.0,"data_set_value_component_fixed_parameters_variable_C_tot":0.0027,"data_set_value_component_fixed_parameters_variable_CR_tot":0.0427,"data_set_value_component_fixed_parameters_variable_Q_tot":0.00135,"data_set_value_component_fixed_parameters_variable_NAD_tot":0.00297,"data_set_value_component_fixed_parameters_variable_pH_C":7.0,"data_set_value_component_fixed_parameters_variable_H_c":0.0000001,"data_set_value_component_fixed_parameters_variable_K_c":0.15,"data_set_value_component_fixed_parameters_variable_H_i":0.0000001,"data_set_value_component_fixed_parameters_variable_K_i":0.15,"data_set_value_component_adjustable_parameters_variable_k_PI1":0.0001553,"data_set_value_component_adjustable_parameters_variable_k_PI2":0.0008222,"data_set_value_component_adjustable_parameters_variable_k_PI3":0.0003601,"data_set_value_component_adjustable_parameters_variable_k_PI4":0.005651,"data_set_value_component_adjustable_parameters_variable_k_PIH":0.0002542,"data_set_value_component_adjustable_parameters_variable_r":4.559,"data_set_value_component_adjustable_parameters_variable_X_DH":0.0866,"data_set_value_component_adjustable_parameters_variable_X_C1":4405.0,"data_set_value_component_adjustable_parameters_variable_X_C3":4.887,"data_set_value_component_adjustable_parameters_variable_X_C4":0.00006766,"data_set_value_component_adjustable_parameters_variable_X_F1":1000.0,"data_set_value_component_adjustable_parameters_variable_X_ANT":0.008123,"data_set_value_component_adjustable_parameters_variable_X_PI1":385000.0,"data_set_value_component_adjustable_parameters_variable_X_KH":56510000.0,"data_set_value_component_adjustable_parameters_variable_X_Hle":200.0,"data_set_value_component_adjustable_parameters_variable_X_K":0.0,"data_set_value_component_adjustable_parameters_variable_k_mADP":0.0000035,"data_set_value_component_adjustable_parameters_variable_X_AK":10000000.0,"data_set_value_component_adjustable_parameters_variable_X_CK":10000000.0,"data_set_value_component_adjustable_parameters_variable_X_MgA":10000000.0,"data_set_value_component_adjustable_parameters_variable_k_O2":0.00012,"data_set_value_component_adjustable_parameters_variable_x_buff":100.0,"data_set_value_component_adjustable_parameters_variable_C_IM":0.00000675,"data_set_value_component_adjustable_parameters_variable_X_A":85.0,"data_set_value_component_adjustable_parameters_variable_X_PI2":327.0,"data_set_value_component_adjustable_parameters_variable_gamma":5.99,"data_set_value_component_dNAD_x_dt_variable_NAD_x":0.001596296,"data_set_value_component_dQH2_x_dt_variable_QH2_x":0.0008565821,"data_set_value_component_dCred_x_dt_variable_Cred_x":0.0003553373,"data_set_value_component_dATP_fx_dt_variable_ATP_fx":0.0007214975,"data_set_value_component_dADP_fx_dt_variable_ADP_fx":0.0004558803,"data_set_value_component_dH_x_dt_variable_pH_x":6.9600125391,"data_set_value_component_dH_x_dt_variable_H_x":0.0000001096,"data_set_value_component_dK_x_dt_variable_K_x":0.1630637129,"data_set_value_component_dMg_x_dt_variable_Mg_x":0.0002813777,"data_set_value_component_dNADH_x_dt_variable_NADH_x":0.001373704,"data_set_value_component_dQ_x_dt_variable_Q_x":0.0004934179,"data_set_value_component_dCox_x_dt_variable_Cox_x":0.0023446627,"data_set_value_component_dATP_x_dt_variable_ATP_x":0.0091740962,"data_set_value_component_dADP_x_dt_variable_ADP_x":0.0008259038,"data_set_value_component_dATP_mx_dt_variable_ATP_mx":0.0084525988,"data_set_value_component_dADP_mx_dt_variable_ADP_mx":0.0003700235,"data_set_value_component_dPI_x_dt_variable_PI_x":0.0057576083,"data_set_value_component_dATP_fi_dt_variable_ATP_fi":0.0009225363,"data_set_value_component_dADP_fi_dt_variable_ADP_fi":0.0000240073,"data_set_value_component_dATP_i_dt_variable_ATP_i":0.0081543486,"data_set_value_component_dADP_i_dt_variable_ADP_i":0.0000370237,"data_set_value_component_dAMP_i_dt_variable_AMP_i":0.0000000729,"data_set_value_component_dATP_mi_dt_variable_ATP_mi":0.0072318123,"data_set_value_component_dADP_mi_dt_variable_ADP_mi":0.0000130164,"data_set_value_component_dPI_i_dt_variable_PI_i":0.0081119957,"data_set_value_component_dMg_i_dt_variable_Mg_i":0.0001881373,"data_set_value_component_dATP_c_dt_variable_ATP_c":0.008151567,"data_set_value_component_dADP_c_dt_variable_ADP_c":0.000039794,"data_set_value_component_dAMP_c_dt_variable_AMP_c":0.0000000841,"data_set_value_component_dATP_mc_dt_variable_ATP_mc":0.007967113,"data_set_value_component_dADP_mc_dt_variable_ADP_mc":0.0000298141,"data_set_value_component_dPI_c_dt_variable_PI_c":0.0081151497,"data_set_value_component_dMg_c_dt_variable_Mg_c":0.0010366309,"data_set_value_component_dPCr_c_dt_variable_PCr_c":0.0235863,"data_set_value_component_dATP_fc_dt_variable_ATP_fc":0.000184454,"data_set_value_component_dADP_fc_dt_variable_ADP_fc":0.0000099799,"data_set_value_component_dCr_c_dt_variable_Cr_c":0.0191137,"data_set_value_component_ddeltaPsi_dt_variable_deltaPsi":176.9370462756,"data_set_value_component_J_DH_variable_J_DH":0.0024324511,"data_set_value_component_J_C1_variable_J_C1":0.0011808224,"data_set_value_component_J_C3_variable_J_C3":0.0019382007,"data_set_value_component_J_C4_variable_J_C4":0.0019839971,"data_set_value_component_J_F1_variable_J_F1":0.0036734861,"data_set_value_component_J_ANT_variable_J_ANT":0.0014221535,"data_set_value_component_J_ANT_variable_mincon":0.000000001,"data_set_value_component_J_ANT_variable_Psi_x":-115.0090800792,"data_set_value_component_J_ANT_variable_Psi_i":61.9279661965,"data_set_value_component_J_PI1_variable_J_PI1":0.0062103581,"data_set_value_component_J_PI1_variable_H2PIi":0.0029197912,"data_set_value_component_J_PI1_variable_H2PIx":0.002196004,"data_set_value_component_J_Hle_variable_J_Hle":0.0035382867,"data_set_value_component_J_Hle_variable_mincond":0.000001,"data_set_value_component_J_KH_variable_J_KH":0.007929867,"data_set_value_component_J_K_variable_J_K":0.0,"data_set_value_component_J_K_variable_mincond":0.000001,"data_set_value_component_J_AMP_variable_J_AMP":0.0000057315,"data_set_value_component_J_ADP_variable_J_ADP":0.0014105243,"data_set_value_component_J_ATP_variable_J_ATP":-0.0014162558,"data_set_value_component_J_PI2_variable_J_PI2":0.0061779481,"data_set_value_component_J_MgATP_x_variable_J_MgATP_x":0.0015094176,"data_set_value_component_J_MgADP_x_variable_J_MgADP_x":-0.0012359681,"data_set_value_component_J_MgATP_i_variable_J_MgATP_i":0.0000000756,"data_set_value_component_J_MgADP_i_variable_J_MgADP_i":-0.0000000591,"data_set_value_component_J_MgATP_c_variable_J_MgATP_c":0.0000003153,"data_set_value_component_J_MgADP_c_variable_J_MgADP_c":-0.0000002498,"data_set_value_component_J_AKi_variable_J_AKi":-0.0000057322,"data_set_value_component_J_AKc_variable_J_AKc":0.0000003576,"data_set_value_component_J_AtC_variable_J_AtC":0.0,"data_set_value_component_J_CKc_variable_J_CKc":-0.000088729},{"data_set_value_component_Environment_variable_time":0.6,"data_set_value_component_Environment_variable_O2_x":0.0000348,"data_set_value_component_Environment_variable_X_AtC":0.0,"data_set_value_component_fixed_parameters_variable_RT":2.5775,"data_set_value_component_fixed_parameters_variable_F":0.096484,"data_set_value_component_fixed_parameters_variable_dG_C1o":-69.37,"data_set_value_component_fixed_parameters_variable_dG_C3o":-32.53,"data_set_value_component_fixed_parameters_variable_dG_C4o":-122.94,"data_set_value_component_fixed_parameters_variable_dG_C1op":-69.6152303427,"data_set_value_component_fixed_parameters_variable_dG_C3op":-32.0395393146,"data_set_value_component_fixed_parameters_variable_dG_C4op":-123.4304606854,"data_set_value_component_fixed_parameters_variable_dG_F1o":36.03,"data_set_value_component_fixed_parameters_variable_dG_H":17.1891799977,"data_set_value_component_fixed_parameters_variable_k_dHPI":0.0000001778,"data_set_value_component_fixed_parameters_variable_k_dHatp":0.0000003311,"data_set_value_component_fixed_parameters_variable_k_dHadp":0.0000005129,"data_set_value_component_fixed_parameters_variable_K_DT":0.000024,"data_set_value_component_fixed_parameters_variable_K_DD":0.000347,"data_set_value_component_fixed_parameters_variable_K_AK":0.4331,"data_set_value_component_fixed_parameters_variable_K_CK":1660000000.0,"data_set_value_component_fixed_parameters_variable_W_m":0.72376,"data_set_value_component_fixed_parameters_variable_W_c":0.842508,"data_set_value_component_fixed_parameters_variable_W_x":0.651384,"data_set_value_component_fixed_parameters_variable_W_i":0.072376,"data_set_value_component_fixed_parameters_variable_V_cyto":0.894,"data_set_value_component_fixed_parameters_variable_V_mito":0.056,"data_set_value_component_fixed_parameters_variable_Rm_cyto":0.062639821,"data_set_value_component_fixed_parameters_variable_Rm_cell":0.056,"data_set_value_component_fixed_parameters_variable_Rc_cell":0.894,"data_set_value_component_fixed_parameters_variable_n_A":3.0,"data_set_value_component_fixed_parameters_variable_C_tot":0.0027,"data_set_value_component_fixed_parameters_variable_CR_tot":0.0427,"data_set_value_component_fixed_parameters_variable_Q_tot":0.00135,"data_set_value_component_fixed_parameters_variable_NAD_tot":0.00297,"data_set_value_component_fixed_parameters_variable_pH_C":7.0,"data_set_value_component_fixed_parameters_variable_H_c":0.0000001,"data_set_value_component_fixed_parameters_variable_K_c":0.15,"data_set_value_component_fixed_parameters_variable_H_i":0.0000001,"data_set_value_component_fixed_parameters_variable_K_i":0.15,"data_set_value_component_adjustable_parameters_variable_k_PI1":0.0001553,"data_set_value_component_adjustable_parameters_variable_k_PI2":0.0008222,"data_set_value_component_adjustable_parameters_variable_k_PI3":0.0003601,"data_set_value_component_adjustable_parameters_variable_k_PI4":0.005651,"data_set_value_component_adjustable_parameters_variable_k_PIH":0.0002542,"data_set_value_component_adjustable_parameters_variable_r":4.559,"data_set_value_component_adjustable_parameters_variable_X_DH":0.0866,"data_set_value_component_adjustable_parameters_variable_X_C1":4405.0,"data_set_value_component_adjustable_parameters_variable_X_C3":4.887,"data_set_value_component_adjustable_parameters_variable_X_C4":0.00006766,"data_set_value_component_adjustable_parameters_variable_X_F1":1000.0,"data_set_value_component_adjustable_parameters_variable_X_ANT":0.008123,"data_set_value_component_adjustable_parameters_variable_X_PI1":385000.0,"data_set_value_component_adjustable_parameters_variable_X_KH":56510000.0,"data_set_value_component_adjustable_parameters_variable_X_Hle":200.0,"data_set_value_component_adjustable_parameters_variable_X_K":0.0,"data_set_value_component_adjustable_parameters_variable_k_mADP":0.0000035,"data_set_value_component_adjustable_parameters_variable_X_AK":10000000.0,"data_set_value_component_adjustable_parameters_variable_X_CK":10000000.0,"data_set_value_component_adjustable_parameters_variable_X_MgA":10000000.0,"data_set_value_component_adjustable_parameters_variable_k_O2":0.00012,"data_set_value_component_adjustable_parameters_variable_x_buff":100.0,"data_set_value_component_adjustable_parameters_variable_C_IM":0.00000675,"data_set_value_component_adjustable_parameters_variable_X_A":85.0,"data_set_value_component_adjustable_parameters_variable_X_PI2":327.0,"data_set_value_component_adjustable_parameters_variable_gamma":5.99,"data_set_value_component_dNAD_x_dt_variable_NAD_x":0.0014174753,"data_set_value_component_dQH2_x_dt_variable_QH2_x":0.0007538594,"data_set_value_component_dCred_x_dt_variable_Cred_x":0.0003412018,"data_set_value_component_dATP_fx_dt_variable_ATP_fx":0.0008216997,"data_set_value_component_dADP_fx_dt_variable_ADP_fx":0.0003260282,"data_set_value_component_dH_x_dt_variable_pH_x":6.9586800448,"data_set_value_component_dH_x_dt_variable_H_x":0.00000011,"data_set_value_component_dK_x_dt_variable_K_x":0.1640597794,"data_set_value_component_dMg_x_dt_variable_Mg_x":0.0002517278,"data_set_value_component_dNADH_x_dt_variable_NADH_x":0.0015525247,"data_set_value_component_dQ_x_dt_variable_Q_x":0.0005961406,"data_set_value_component_dCox_x_dt_variable_Cox_x":0.0023587982,"data_set_value_component_dATP_x_dt_variable_ATP_x":0.0094372926,"data_set_value_component_dADP_x_dt_variable_ADP_x":0.0005627074,"data_set_value_component_dATP_mx_dt_variable_ATP_mx":0.008615593,"data_set_value_component_dADP_mx_dt_variable_ADP_mx":0.0002366792,"data_set_value_component_dPI_x_dt_variable_PI_x":0.0060694603,"data_set_value_component_dATP_fi_dt_variable_ATP_fi":0.0009226406,"data_set_value_component_dADP_fi_dt_variable_ADP_fi":0.0000238847,"data_set_value_component_dATP_i_dt_variable_ATP_i":0.0081545398,"data_set_value_component_dADP_i_dt_variable_ADP_i":0.0000368333,"data_set_value_component_dAMP_i_dt_variable_AMP_i":0.0000000721,"data_set_value_component_dATP_mi_dt_variable_ATP_mi":0.0072318991,"data_set_value_component_dADP_mi_dt_variable_ADP_mi":0.0000129486,"data_set_value_component_dPI_i_dt_variable_PI_i":0.0080744219,"data_set_value_component_dMg_i_dt_variable_Mg_i":0.0001881183,"data_set_value_component_dATP_c_dt_variable_ATP_c":0.0081516078,"data_set_value_component_dADP_c_dt_variable_ADP_c":0.0000397534,"data_set_value_component_dAMP_c_dt_variable_AMP_c":0.000000084,"data_set_value_component_dATP_mc_dt_variable_ATP_mc":0.0079671515,"data_set_value_component_dADP_mc_dt_variable_ADP_mc":0.0000297836,"data_set_value_component_dPI_c_dt_variable_PI_c":0.0080766208,"data_set_value_component_dMg_c_dt_variable_Mg_c":0.0010366229,"data_set_value_component_dPCr_c_dt_variable_PCr_c":0.0235971396,"data_set_value_component_dATP_fc_dt_variable_ATP_fc":0.0001844563,"data_set_value_component_dADP_fc_dt_variable_ADP_fc":0.0000099698,"data_set_value_component_dCr_c_dt_variable_Cr_c":0.0191028604,"data_set_value_component_ddeltaPsi_dt_variable_deltaPsi":180.697424862,"data_set_value_component_J_DH_variable_J_DH":0.0020332071,"data_set_value_component_J_C1_variable_J_C1":0.0009812816,"data_set_value_component_J_C3_variable_J_C3":0.0015532145,"data_set_value_component_J_C4_variable_J_C4":0.0015977938,"data_set_value_component_J_F1_variable_J_F1":0.0026329524,"data_set_value_component_J_ANT_variable_J_ANT":0.0014989293,"data_set_value_component_J_ANT_variable_mincon":0.000000001,"data_set_value_component_J_ANT_variable_Psi_x":-117.4533261603,"data_set_value_component_J_ANT_variable_Psi_i":63.2440987017,"data_set_value_component_J_PI1_variable_J_PI1":0.0043296063,"data_set_value_component_J_PI1_variable_H2PIi":0.002906267,"data_set_value_component_J_PI1_variable_H2PIx":0.0023193424,"data_set_value_component_J_Hle_variable_J_Hle":0.0036135315,"data_set_value_component_J_Hle_variable_mincond":0.000001,"data_set_value_component_J_KH_variable_J_KH":0.0051570511,"data_set_value_component_J_K_variable_J_K":0.0,"data_set_value_component_J_K_variable_mincond":0.000001,"data_set_value_component_J_AMP_variable_J_AMP":0.000006023,"data_set_value_component_J_ADP_variable_J_ADP":0.0014867689,"data_set_value_component_J_ATP_variable_J_ATP":-0.0014927919,"data_set_value_component_J_PI2_variable_J_PI2":0.0043069874,"data_set_value_component_J_MgATP_x_variable_J_MgATP_x":0.0007046016,"data_set_value_component_J_MgADP_x_variable_J_MgADP_x":-0.0005731504,"data_set_value_component_J_MgATP_i_variable_J_MgATP_i":0.0000000519,"data_set_value_component_J_MgADP_i_variable_J_MgADP_i":-0.0000000405,"data_set_value_component_J_MgATP_c_variable_J_MgATP_c":0.000000332,"data_set_value_component_J_MgADP_c_variable_J_MgADP_c":-0.0000002631,"data_set_value_component_J_AKi_variable_J_AKi":-0.0000060235,"data_set_value_component_J_AKc_variable_J_AKc":0.0000003758,"data_set_value_component_J_AtC_variable_J_AtC":0.0,"data_set_value_component_J_CKc_variable_J_CKc":-0.000093526},{"data_set_value_component_Environment_variable_time":0.7,"data_set_value_component_Environment_variable_O2_x":0.0000348,"data_set_value_component_Environment_variable_X_AtC":0.0,"data_set_value_component_fixed_parameters_variable_RT":2.5775,"data_set_value_component_fixed_parameters_variable_F":0.096484,"data_set_value_component_fixed_parameters_variable_dG_C1o":-69.37,"data_set_value_component_fixed_parameters_variable_dG_C3o":-32.53,"data_set_value_component_fixed_parameters_variable_dG_C4o":-122.94,"data_set_value_component_fixed_parameters_variable_dG_C1op":-69.6193806411,"data_set_value_component_fixed_parameters_variable_dG_C3op":-32.0312387177,"data_set_value_component_fixed_parameters_variable_dG_C4op":-123.4387612823,"data_set_value_component_fixed_parameters_variable_dG_F1o":36.03,"data_set_value_component_fixed_parameters_variable_dG_H":17.4321718921,"data_set_value_component_fixed_parameters_variable_k_dHPI":0.0000001778,"data_set_value_component_fixed_parameters_variable_k_dHatp":0.0000003311,"data_set_value_component_fixed_parameters_variable_k_dHadp":0.0000005129,"data_set_value_component_fixed_parameters_variable_K_DT":0.000024,"data_set_value_component_fixed_parameters_variable_K_DD":0.000347,"data_set_value_component_fixed_parameters_variable_K_AK":0.4331,"data_set_value_component_fixed_parameters_variable_K_CK":1660000000.0,"data_set_value_component_fixed_parameters_variable_W_m":0.72376,"data_set_value_component_fixed_parameters_variable_W_c":0.842508,"data_set_value_component_fixed_parameters_variable_W_x":0.651384,"data_set_value_component_fixed_parameters_variable_W_i":0.072376,"data_set_value_component_fixed_parameters_variable_V_cyto":0.894,"data_set_value_component_fixed_parameters_variable_V_mito":0.056,"data_set_value_component_fixed_parameters_variable_Rm_cyto":0.062639821,"data_set_value_component_fixed_parameters_variable_Rm_cell":0.056,"data_set_value_component_fixed_parameters_variable_Rc_cell":0.894,"data_set_value_component_fixed_parameters_variable_n_A":3.0,"data_set_value_component_fixed_parameters_variable_C_tot":0.0027,"data_set_value_component_fixed_parameters_variable_CR_tot":0.0427,"data_set_value_component_fixed_parameters_variable_Q_tot":0.00135,"data_set_value_component_fixed_parameters_variable_NAD_tot":0.00297,"data_set_value_component_fixed_parameters_variable_pH_C":7.0,"data_set_value_component_fixed_parameters_variable_H_c":0.0000001,"data_set_value_component_fixed_parameters_variable_K_c":0.15,"data_set_value_component_fixed_parameters_variable_H_i":0.0000001,"data_set_value_component_fixed_parameters_variable_K_i":0.15,"data_set_value_component_adjustable_parameters_variable_k_PI1":0.0001553,"data_set_value_component_adjustable_parameters_variable_k_PI2":0.0008222,"data_set_value_component_adjustable_parameters_variable_k_PI3":0.0003601,"data_set_value_component_adjustable_parameters_variable_k_PI4":0.005651,"data_set_value_component_adjustable_parameters_variable_k_PIH":0.0002542,"data_set_value_component_adjustable_parameters_variable_r":4.559,"data_set_value_component_adjustable_parameters_variable_X_DH":0.0866,"data_set_value_component_adjustable_parameters_variable_X_C1":4405.0,"data_set_value_component_adjustable_parameters_variable_X_C3":4.887,"data_set_value_component_adjustable_parameters_variable_X_C4":0.00006766,"data_set_value_component_adjustable_parameters_variable_X_F1":1000.0,"data_set_value_component_adjustable_parameters_variable_X_ANT":0.008123,"data_set_value_component_adjustable_parameters_variable_X_PI1":385000.0,"data_set_value_component_adjustable_parameters_variable_X_KH":56510000.0,"data_set_value_component_adjustable_parameters_variable_X_Hle":200.0,"data_set_value_component_adjustable_parameters_variable_X_K":0.0,"data_set_value_component_adjustable_parameters_variable_k_mADP":0.0000035,"data_set_value_component_adjustable_parameters_variable_X_AK":10000000.0,"data_set_value_component_adjustable_parameters_variable_X_CK":10000000.0,"data_set_value_component_adjustable_parameters_variable_X_MgA":10000000.0,"data_set_value_component_adjustable_parameters_variable_k_O2":0.00012,"data_set_value_component_adjustable_parameters_variable_x_buff":100.0,"data_set_value_component_adjustable_parameters_variable_C_IM":0.00000675,"data_set_value_component_adjustable_parameters_variable_X_A":85.0,"data_set_value_component_adjustable_parameters_variable_X_PI2":327.0,"data_set_value_component_adjustable_parameters_variable_gamma":5.99,"data_set_value_component_dNAD_x_dt_variable_NAD_x":0.0012773054,"data_set_value_component_dQH2_x_dt_variable_QH2_x":0.0006815825,"data_set_value_component_dCred_x_dt_variable_Cred_x":0.0003287909,"data_set_value_component_dATP_fx_dt_variable_ATP_fx":0.0008788132,"data_set_value_component_dADP_fx_dt_variable_ADP_fx":0.0002546081,"data_set_value_component_dH_x_dt_variable_pH_x":6.9579807425,"data_set_value_component_dH_x_dt_variable_H_x":0.0000001102,"data_set_value_component_dK_x_dt_variable_K_x":0.1646858761,"data_set_value_component_dMg_x_dt_variable_Mg_x":0.0002374213,"data_set_value_component_dNADH_x_dt_variable_NADH_x":0.0016926946,"data_set_value_component_dQ_x_dt_variable_Q_x":0.0006684175,"data_set_value_component_dCox_x_dt_variable_Cox_x":0.0023712091,"data_set_value_component_dATP_x_dt_variable_ATP_x":0.0095711067,"data_set_value_component_dADP_x_dt_variable_ADP_x":0.0004288933,"data_set_value_component_dATP_mx_dt_variable_ATP_mx":0.0086922935,"data_set_value_component_dADP_mx_dt_variable_ADP_mx":0.0001742852,"data_set_value_component_dPI_x_dt_variable_PI_x":0.0062668408,"data_set_value_component_dATP_fi_dt_variable_ATP_fi":0.0009227133,"data_set_value_component_dADP_fi_dt_variable_ADP_fi":0.0000237993,"data_set_value_component_dATP_i_dt_variable_ATP_i":0.0081546729,"data_set_value_component_dADP_i_dt_variable_ADP_i":0.0000367007,"data_set_value_component_dAMP_i_dt_variable_AMP_i":0.0000000716,"data_set_value_component_dATP_mi_dt_variable_ATP_mi":0.0072319596,"data_set_value_component_dADP_mi_dt_variable_ADP_mi":0.0000129014,"data_set_value_component_dPI_i_dt_variable_PI_i":0.0080478047,"data_set_value_component_dMg_i_dt_variable_Mg_i":0.0001881051,"data_set_value_component_dATP_c_dt_variable_ATP_c":0.0081516503,"data_set_value_component_dADP_c_dt_variable_ADP_c":0.0000397111,"data_set_value_component_dAMP_c_dt_variable_AMP_c":0.0000000838,"data_set_value_component_dATP_mc_dt_variable_ATP_mc":0.0079671915,"data_set_value_component_dADP_mc_dt_variable_ADP_mc":0.0000297519,"data_set_value_component_dPI_c_dt_variable_PI_c":0.0080493934,"data_set_value_component_dMg_c_dt_variable_Mg_c":0.0010366146,"data_set_value_component_dPCr_c_dt_variable_PCr_c":0.0236084271,"data_set_value_component_dATP_fc_dt_variable_ATP_fc":0.0001844588,"data_set_value_component_dADP_fc_dt_variable_ADP_fc":0.0000099592,"data_set_value_component_dCr_c_dt_variable_Cr_c":0.0190915729,"data_set_value_component_ddeltaPsi_dt_variable_deltaPsi":183.2589085571,"data_set_value_component_J_DH_variable_J_DH":0.0017156281,"data_set_value_component_J_C1_variable_J_C1":0.0009420501,"data_set_value_component_J_C3_variable_J_C3":0.0013160259,"data_set_value_component_J_C4_variable_J_C4":0.0013515027,"data_set_value_component_J_F1_variable_J_F1":0.0022197113,"data_set_value_component_J_ANT_variable_J_ANT":0.001545231,"data_set_value_component_J_ANT_variable_mincon":0.000000001,"data_set_value_component_J_ANT_variable_Psi_x":-119.1182905621,"data_set_value_component_J_ANT_variable_Psi_i":64.140617995,"data_set_value_component_J_PI1_variable_J_PI1":0.0031281718,"data_set_value_component_J_PI1_variable_H2PIi":0.0028966866,"data_set_value_component_J_PI1_variable_H2PIx":0.0023971511,"data_set_value_component_J_Hle_variable_J_Hle":0.0036647872,"data_set_value_component_J_Hle_variable_mincond":0.000001,"data_set_value_component_J_KH_variable_J_KH":0.003121314,"data_set_value_component_J_K_variable_J_K":0.0,"data_set_value_component_J_K_variable_mincond":0.000001,"data_set_value_component_J_AMP_variable_J_AMP":0.0000061951,"data_set_value_component_J_ADP_variable_J_ADP":0.0015327595,"data_set_value_component_J_ATP_variable_J_ATP":-0.0015389546,"data_set_value_component_J_PI2_variable_J_PI2":0.0031117652,"data_set_value_component_J_MgATP_x_variable_J_MgATP_x":0.000339311,"data_set_value_component_J_MgADP_x_variable_J_MgADP_x":-0.0002759358,"data_set_value_component_J_MgATP_i_variable_J_MgATP_i":0.0000000368,"data_set_value_component_J_MgADP_i_variable_J_MgADP_i":-0.0000000287,"data_set_value_component_J_MgATP_c_variable_J_MgATP_c":0.000000342,"data_set_value_component_J_MgADP_c_variable_J_MgADP_c":-0.000000271,"data_set_value_component_J_AKi_variable_J_AKi":-0.0000061954,"data_set_value_component_J_AKc_variable_J_AKc":0.0000003865,"data_set_value_component_J_AtC_variable_J_AtC":0.0,"data_set_value_component_J_CKc_variable_J_CKc":-0.0000964272},{"data_set_value_component_Environment_variable_time":0.8,"data_set_value_component_Environment_variable_O2_x":0.0000348,"data_set_value_component_Environment_variable_X_AtC":0.0,"data_set_value_component_fixed_parameters_variable_RT":2.5775,"data_set_value_component_fixed_parameters_variable_F":0.096484,"data_set_value_component_fixed_parameters_variable_dG_C1o":-69.37,"data_set_value_component_fixed_parameters_variable_dG_C3o":-32.53,"data_set_value_component_fixed_parameters_variable_dG_C4o":-122.94,"data_set_value_component_fixed_parameters_variable_dG_C1op":-69.6214686207,"data_set_value_component_fixed_parameters_variable_dG_C3op":-32.0270627586,"data_set_value_component_fixed_parameters_variable_dG_C4op":-123.4429372414,"data_set_value_component_fixed_parameters_variable_dG_F1o":36.03,"data_set_value_component_fixed_parameters_variable_dG_H":17.5847573597,"data_set_value_component_fixed_parameters_variable_k_dHPI":0.0000001778,"data_set_value_component_fixed_parameters_variable_k_dHatp":0.0000003311,"data_set_value_component_fixed_parameters_variable_k_dHadp":0.0000005129,"data_set_value_component_fixed_parameters_variable_K_DT":0.000024,"data_set_value_component_fixed_parameters_variable_K_DD":0.000347,"data_set_value_component_fixed_parameters_variable_K_AK":0.4331,"data_set_value_component_fixed_parameters_variable_K_CK":1660000000.0,"data_set_value_component_fixed_parameters_variable_W_m":0.72376,"data_set_value_component_fixed_parameters_variable_W_c":0.842508,"data_set_value_component_fixed_parameters_variable_W_x":0.651384,"data_set_value_component_fixed_parameters_variable_W_i":0.072376,"data_set_value_component_fixed_parameters_variable_V_cyto":0.894,"data_set_value_component_fixed_parameters_variable_V_mito":0.056,"data_set_value_component_fixed_parameters_variable_Rm_cyto":0.062639821,"data_set_value_component_fixed_parameters_variable_Rm_cell":0.056,"data_set_value_component_fixed_parameters_variable_Rc_cell":0.894,"data_set_value_component_fixed_parameters_variable_n_A":3.0,"data_set_value_component_fixed_parameters_variable_C_tot":0.0027,"data_set_value_component_fixed_parameters_variable_CR_tot":0.0427,"data_set_value_component_fixed_parameters_variable_Q_tot":0.00135,"data_set_value_component_fixed_parameters_variable_NAD_tot":0.00297,"data_set_value_component_fixed_parameters_variable_pH_C":7.0,"data_set_value_component_fixed_parameters_variable_H_c":0.0000001,"data_set_value_component_fixed_parameters_variable_K_c":0.15,"data_set_value_component_fixed_parameters_variable_H_i":0.0000001,"data_set_value_component_fixed_parameters_variable_K_i":0.15,"data_set_value_component_adjustable_parameters_variable_k_PI1":0.0001553,"data_set_value_component_adjustable_parameters_variable_k_PI2":0.0008222,"data_set_value_component_adjustable_parameters_variable_k_PI3":0.0003601,"data_set_value_component_adjustable_parameters_variable_k_PI4":0.005651,"data_set_value_component_adjustable_parameters_variable_k_PIH":0.0002542,"data_set_value_component_adjustable_parameters_variable_r":4.559,"data_set_value_component_adjustable_parameters_variable_X_DH":0.0866,"data_set_value_component_adjustable_parameters_variable_X_C1":4405.0,"data_set_value_component_adjustable_parameters_variable_X_C3":4.887,"data_set_value_component_adjustable_parameters_variable_X_C4":0.00006766,"data_set_value_component_adjustable_parameters_variable_X_F1":1000.0,"data_set_value_component_adjustable_parameters_variable_X_ANT":0.008123,"data_set_value_component_adjustable_parameters_variable_X_PI1":385000.0,"data_set_value_component_adjustable_parameters_variable_X_KH":56510000.0,"data_set_value_component_adjustable_parameters_variable_X_Hle":200.0,"data_set_value_component_adjustable_parameters_variable_X_K":0.0,"data_set_value_component_adjustable_parameters_variable_k_mADP":0.0000035,"data_set_value_component_adjustable_parameters_variable_X_AK":10000000.0,"data_set_value_component_adjustable_parameters_variable_X_CK":10000000.0,"data_set_value_component_adjustable_parameters_variable_X_MgA":10000000.0,"data_set_value_component_adjustable_parameters_variable_k_O2":0.00012,"data_set_value_component_adjustable_parameters_variable_x_buff":100.0,"data_set_value_component_adjustable_parameters_variable_C_IM":0.00000675,"data_set_value_component_adjustable_parameters_variable_X_A":85.0,"data_set_value_component_adjustable_parameters_variable_X_PI2":327.0,"data_set_value_component_adjustable_parameters_variable_gamma":5.99,"data_set_value_component_dNAD_x_dt_variable_NAD_x":0.0011780389,"data_set_value_component_dQH2_x_dt_variable_QH2_x":0.0006366424,"data_set_value_component_dCred_x_dt_variable_Cred_x":0.0003196137,"data_set_value_component_dATP_fx_dt_variable_ATP_fx":0.0009095834,"data_set_value_component_dADP_fx_dt_variable_ADP_fx":0.0002167744,"data_set_value_component_dH_x_dt_variable_pH_x":6.9576289294,"data_set_value_component_dH_x_dt_variable_H_x":0.0000001102,"data_set_value_component_dK_x_dt_variable_K_x":0.1650550123,"data_set_value_component_dMg_x_dt_variable_Mg_x":0.0002303578,"data_set_value_component_dNADH_x_dt_variable_NADH_x":0.0017919611,"data_set_value_component_dQ_x_dt_variable_Q_x":0.0007133576,"data_set_value_component_dCox_x_dt_variable_Cox_x":0.0023803863,"data_set_value_component_dATP_x_dt_variable_ATP_x":0.0096392795,"data_set_value_component_dADP_x_dt_variable_ADP_x":0.0003607205,"data_set_value_component_dATP_mx_dt_variable_ATP_mx":0.0087296962,"data_set_value_component_dADP_mx_dt_variable_ADP_mx":0.0001439461,"data_set_value_component_dPI_x_dt_variable_PI_x":0.0063800466,"data_set_value_component_dATP_fi_dt_variable_ATP_fi":0.0009227658,"data_set_value_component_dADP_fi_dt_variable_ADP_fi":0.0000237376,"data_set_value_component_dATP_i_dt_variable_ATP_i":0.008154769,"data_set_value_component_dADP_i_dt_variable_ADP_i":0.0000366049,"data_set_value_component_dAMP_i_dt_variable_AMP_i":0.0000000712,"data_set_value_component_dATP_mi_dt_variable_ATP_mi":0.0072320032,"data_set_value_component_dADP_mi_dt_variable_ADP_mi":0.0000128673,"data_set_value_component_dPI_i_dt_variable_PI_i":0.0080278893,"data_set_value_component_dMg_i_dt_variable_Mg_i":0.0001880955,"data_set_value_component_dATP_c_dt_variable_ATP_c":0.0081516937,"data_set_value_component_dADP_c_dt_variable_ADP_c":0.0000396679,"data_set_value_component_dAMP_c_dt_variable_AMP_c":0.0000000836,"data_set_value_component_dATP_mc_dt_variable_ATP_mc":0.0079672325,"data_set_value_component_dADP_mc_dt_variable_ADP_mc":0.0000297194,"data_set_value_component_dPI_c_dt_variable_PI_c":0.0080291183,"data_set_value_component_dMg_c_dt_variable_Mg_c":0.0010366061,"data_set_value_component_dPCr_c_dt_variable_PCr_c":0.0236199811,"data_set_value_component_dATP_fc_dt_variable_ATP_fc":0.0001844612,"data_set_value_component_dADP_fc_dt_variable_ADP_fc":0.0000099484,"data_set_value_component_dCr_c_dt_variable_Cr_c":0.0190800189,"data_set_value_component_ddeltaPsi_dt_variable_deltaPsi":184.862008005,"data_set_value_component_J_DH_variable_J_DH":0.0014888539,"data_set_value_component_J_C1_variable_J_C1":0.0009589176,"data_set_value_component_J_C3_variable_J_C3":0.0011796765,"data_set_value_component_J_C4_variable_J_C4":0.0012040692,"data_set_value_component_J_F1_variable_J_F1":0.0018108889,"data_set_value_component_J_ANT_variable_J_ANT":0.0015721637,"data_set_value_component_J_ANT_variable_mincon":0.000000001,"data_set_value_component_J_ANT_variable_Psi_x":-120.1603052033,"data_set_value_component_J_ANT_variable_Psi_i":64.7017028018,"data_set_value_component_J_PI1_variable_J_PI1":0.0024201656,"data_set_value_component_J_PI1_variable_H2PIi":0.0028895183,"data_set_value_component_J_PI1_variable_H2PIx":0.0024416747,"data_set_value_component_J_Hle_variable_J_Hle":0.0036968655,"data_set_value_component_J_Hle_variable_mincond":0.000001,"data_set_value_component_J_KH_variable_J_KH":0.0017920523,"data_set_value_component_J_K_variable_J_K":0.0,"data_set_value_component_J_K_variable_mincond":0.000001,"data_set_value_component_J_AMP_variable_J_AMP":0.0000062917,"data_set_value_component_J_ADP_variable_J_ADP":0.0015595201,"data_set_value_component_J_ATP_variable_J_ATP":-0.0015658118,"data_set_value_component_J_PI2_variable_J_PI2":0.0024074049,"data_set_value_component_J_MgATP_x_variable_J_MgATP_x":0.0001687409,"data_set_value_component_J_MgADP_x_variable_J_MgADP_x":-0.0001362847,"data_set_value_component_J_MgATP_i_variable_J_MgATP_i":0.0000000272,"data_set_value_component_J_MgADP_i_variable_J_MgADP_i":-0.0000000213,"data_set_value_component_J_MgATP_c_variable_J_MgATP_c":0.0000003476,"data_set_value_component_J_MgADP_c_variable_J_MgADP_c":-0.0000002754,"data_set_value_component_J_AKi_variable_J_AKi":-0.0000062919,"data_set_value_component_J_AKc_variable_J_AKc":0.0000003926,"data_set_value_component_J_AtC_variable_J_AtC":0.0,"data_set_value_component_J_CKc_variable_J_CKc":-0.0000980999},{"data_set_value_component_Environment_variable_time":0.9,"data_set_value_component_Environment_variable_O2_x":0.0000348,"data_set_value_component_Environment_variable_X_AtC":0.0,"data_set_value_component_fixed_parameters_variable_RT":2.5775,"data_set_value_component_fixed_parameters_variable_F":0.096484,"data_set_value_component_fixed_parameters_variable_dG_C1o":-69.37,"data_set_value_component_fixed_parameters_variable_dG_C3o":-32.53,"data_set_value_component_fixed_parameters_variable_dG_C4o":-122.94,"data_set_value_component_fixed_parameters_variable_dG_C1op":-69.6224971618,"data_set_value_component_fixed_parameters_variable_dG_C3op":-32.0250056764,"data_set_value_component_fixed_parameters_variable_dG_C4op":-123.4449943236,"data_set_value_component_fixed_parameters_variable_dG_F1o":36.03,"data_set_value_component_fixed_parameters_variable_dG_H":17.6764665939,"data_set_value_component_fixed_parameters_variable_k_dHPI":0.0000001778,"data_set_value_component_fixed_parameters_variable_k_dHatp":0.0000003311,"data_set_value_component_fixed_parameters_variable_k_dHadp":0.0000005129,"data_set_value_component_fixed_parameters_variable_K_DT":0.000024,"data_set_value_component_fixed_parameters_variable_K_DD":0.000347,"data_set_value_component_fixed_parameters_variable_K_AK":0.4331,"data_set_value_component_fixed_parameters_variable_K_CK":1660000000.0,"data_set_value_component_fixed_parameters_variable_W_m":0.72376,"data_set_value_component_fixed_parameters_variable_W_c":0.842508,"data_set_value_component_fixed_parameters_variable_W_x":0.651384,"data_set_value_component_fixed_parameters_variable_W_i":0.072376,"data_set_value_component_fixed_parameters_variable_V_cyto":0.894,"data_set_value_component_fixed_parameters_variable_V_mito":0.056,"data_set_value_component_fixed_parameters_variable_Rm_cyto":0.062639821,"data_set_value_component_fixed_parameters_variable_Rm_cell":0.056,"data_set_value_component_fixed_parameters_variable_Rc_cell":0.894,"data_set_value_component_fixed_parameters_variable_n_A":3.0,"data_set_value_component_fixed_parameters_variable_C_tot":0.0027,"data_set_value_component_fixed_parameters_variable_CR_tot":0.0427,"data_set_value_component_fixed_parameters_variable_Q_tot":0.00135,"data_set_value_component_fixed_parameters_variable_NAD_tot":0.00297,"data_set_value_component_fixed_parameters_variable_pH_C":7.0,"data_set_value_component_fixed_parameters_variable_H_c":0.0000001,"data_set_value_component_fixed_parameters_variable_K_c":0.15,"data_set_value_component_fixed_parameters_variable_H_i":0.0000001,"data_set_value_component_fixed_parameters_variable_K_i":0.15,"data_set_value_component_adjustable_parameters_variable_k_PI1":0.0001553,"data_set_value_component_adjustable_parameters_variable_k_PI2":0.0008222,"data_set_value_component_adjustable_parameters_variable_k_PI3":0.0003601,"data_set_value_component_adjustable_parameters_variable_k_PI4":0.005651,"data_set_value_component_adjustable_parameters_variable_k_PIH":0.0002542,"data_set_value_component_adjustable_parameters_variable_r":4.559,"data_set_value_component_adjustable_parameters_variable_X_DH":0.0866,"data_set_value_component_adjustable_parameters_variable_X_C1":4405.0,"data_set_value_component_adjustable_parameters_variable_X_C3":4.887,"data_set_value_component_adjustable_parameters_variable_X_C4":0.00006766,"data_set_value_component_adjustable_parameters_variable_X_F1":1000.0,"data_set_value_component_adjustable_parameters_variable_X_ANT":0.008123,"data_set_value_component_adjustable_parameters_variable_X_PI1":385000.0,"data_set_value_component_adjustable_parameters_variable_X_KH":56510000.0,"data_set_value_component_adjustable_parameters_variable_X_Hle":200.0,"data_set_value_component_adjustable_parameters_variable_X_K":0.0,"data_set_value_component_adjustable_parameters_variable_k_mADP":0.0000035,"data_set_value_component_adjustable_parameters_variable_X_AK":10000000.0,"data_set_value_component_adjustable_parameters_variable_X_CK":10000000.0,"data_set_value_component_adjustable_parameters_variable_X_MgA":10000000.0,"data_set_value_component_adjustable_parameters_variable_k_O2":0.00012,"data_set_value_component_adjustable_parameters_variable_x_buff":100.0,"data_set_value_component_adjustable_parameters_variable_C_IM":0.00000675,"data_set_value_component_adjustable_parameters_variable_X_A":85.0,"data_set_value_component_adjustable_parameters_variable_X_PI2":327.0,"data_set_value_component_adjustable_parameters_variable_gamma":5.99,"data_set_value_component_dNAD_x_dt_variable_NAD_x":0.0011111634,"data_set_value_component_dQH2_x_dt_variable_QH2_x":0.000611058,"data_set_value_component_dCred_x_dt_variable_Cred_x":0.0003136185,"data_set_value_component_dATP_fx_dt_variable_ATP_fx":0.000926158,"data_set_value_component_dADP_fx_dt_variable_ADP_fx":0.0001965643,"data_set_value_component_dH_x_dt_variable_pH_x":6.957455626,"data_set_value_component_dH_x_dt_variable_H_x":0.0000001103,"data_set_value_component_dK_x_dt_variable_K_x":0.1652631234,"data_set_value_component_dMg_x_dt_variable_Mg_x":0.0002267223,"data_set_value_component_dNADH_x_dt_variable_NADH_x":0.0018588366,"data_set_value_component_dQ_x_dt_variable_Q_x":0.000738942,"data_set_value_component_dCox_x_dt_variable_Cox_x":0.0023863815,"data_set_value_component_dATP_x_dt_variable_ATP_x":0.0096749844,"data_set_value_component_dADP_x_dt_variable_ADP_x":0.0003250156,"data_set_value_component_dATP_mx_dt_variable_ATP_mx":0.0087488264,"data_set_value_component_dADP_mx_dt_variable_ADP_mx":0.0001284513,"data_set_value_component_dPI_x_dt_variable_PI_x":0.0064397876,"data_set_value_component_dATP_fi_dt_variable_ATP_fi":0.0009228059,"data_set_value_component_dADP_fi_dt_variable_ADP_fi":0.0000236905,"data_set_value_component_dATP_i_dt_variable_ATP_i":0.0081548425,"data_set_value_component_dADP_i_dt_variable_ADP_i":0.0000365317,"data_set_value_component_dAMP_i_dt_variable_AMP_i":0.000000071,"data_set_value_component_dATP_mi_dt_variable_ATP_mi":0.0072320366,"data_set_value_component_dADP_mi_dt_variable_ADP_mi":0.0000128412,"data_set_value_component_dPI_i_dt_variable_PI_i":0.0080118047,"data_set_value_component_dMg_i_dt_variable_Mg_i":0.0001880882,"data_set_value_component_dATP_c_dt_variable_ATP_c":0.0081517376,"data_set_value_component_dADP_c_dt_variable_ADP_c":0.0000396241,"data_set_value_component_dAMP_c_dt_variable_AMP_c":0.0000000834,"data_set_value_component_dATP_mc_dt_variable_ATP_mc":0.0079672739,"data_set_value_component_dADP_mc_dt_variable_ADP_mc":0.0000296866,"data_set_value_component_dPI_c_dt_variable_PI_c":0.0080128319,"data_set_value_component_dMg_c_dt_variable_Mg_c":0.0010365975,"data_set_value_component_dPCr_c_dt_variable_PCr_c":0.0236316871,"data_set_value_component_dATP_fc_dt_variable_ATP_fc":0.0001844637,"data_set_value_component_dADP_fc_dt_variable_ADP_fc":0.0000099375,"data_set_value_component_dCr_c_dt_variable_Cr_c":0.0190683129,"data_set_value_component_ddeltaPsi_dt_variable_deltaPsi":185.8231805864,"data_set_value_component_J_DH_variable_J_DH":0.0013353102,"data_set_value_component_J_C1_variable_J_C1":0.0009833252,"data_set_value_component_J_C3_variable_J_C3":0.0011037558,"data_set_value_component_J_C4_variable_J_C4":0.0011188531,"data_set_value_component_J_F1_variable_J_F1":0.0016786424,"data_set_value_component_J_ANT_variable_J_ANT":0.0015872512,"data_set_value_component_J_ANT_variable_mincon":0.000000001,"data_set_value_component_J_ANT_variable_Psi_x":-120.7850673812,"data_set_value_component_J_ANT_variable_Psi_i":65.0381132052,"data_set_value_component_J_PI1_variable_J_PI1":0.002022817,"data_set_value_component_J_PI1_variable_H2PIi":0.0028837289,"data_set_value_component_J_PI1_variable_H2PIx":0.002465145,"data_set_value_component_J_Hle_variable_J_Hle":0.0037160988,"data_set_value_component_J_Hle_variable_mincond":0.000001,"data_set_value_component_J_KH_variable_J_KH":0.0009890067,"data_set_value_component_J_K_variable_J_K":0.0,"data_set_value_component_J_K_variable_mincond":0.000001,"data_set_value_component_J_AMP_variable_J_AMP":0.0000063424,"data_set_value_component_J_ADP_variable_J_ADP":0.0015745189,"data_set_value_component_J_ATP_variable_J_ATP":-0.0015808613,"data_set_value_component_J_PI2_variable_J_PI2":0.0020120963,"data_set_value_component_J_MgATP_x_variable_J_MgATP_x":0.0000881714,"data_set_value_component_J_MgADP_x_variable_J_MgADP_x":-0.0000710093,"data_set_value_component_J_MgATP_i_variable_J_MgATP_i":0.0000000215,"data_set_value_component_J_MgADP_i_variable_J_MgADP_i":-0.0000000168,"data_set_value_component_J_MgATP_c_variable_J_MgATP_c":0.0000003506,"data_set_value_component_J_MgADP_c_variable_J_MgADP_c":-0.0000002778,"data_set_value_component_J_AKi_variable_J_AKi":-0.0000063426,"data_set_value_component_J_AKc_variable_J_AKc":0.0000003957,"data_set_value_component_J_AtC_variable_J_AtC":0.0,"data_set_value_component_J_CKc_variable_J_CKc":-0.0000990442},{"data_set_value_component_Environment_variable_time":1.0,"data_set_value_component_Environment_variable_O2_x":0.0000348,"data_set_value_component_Environment_variable_X_AtC":0.0,"data_set_value_component_fixed_parameters_variable_RT":2.5775,"data_set_value_component_fixed_parameters_variable_F":0.096484,"data_set_value_component_fixed_parameters_variable_dG_C1o":-69.37,"data_set_value_component_fixed_parameters_variable_dG_C3o":-32.53,"data_set_value_component_fixed_parameters_variable_dG_C4o":-122.94,"data_set_value_component_fixed_parameters_variable_dG_C1op":-69.6229771794,"data_set_value_component_fixed_parameters_variable_dG_C3op":-32.0240456413,"data_set_value_component_fixed_parameters_variable_dG_C4op":-123.4459543587,"data_set_value_component_fixed_parameters_variable_dG_F1o":36.03,"data_set_value_component_fixed_parameters_variable_dG_H":17.7306346847,"data_set_value_component_fixed_parameters_variable_k_dHPI":0.0000001778,"data_set_value_component_fixed_parameters_variable_k_dHatp":0.0000003311,"data_set_value_component_fixed_parameters_variable_k_dHadp":0.0000005129,"data_set_value_component_fixed_parameters_variable_K_DT":0.000024,"data_set_value_component_fixed_parameters_variable_K_DD":0.000347,"data_set_value_component_fixed_parameters_variable_K_AK":0.4331,"data_set_value_component_fixed_parameters_variable_K_CK":1660000000.0,"data_set_value_component_fixed_parameters_variable_W_m":0.72376,"data_set_value_component_fixed_parameters_variable_W_c":0.842508,"data_set_value_component_fixed_parameters_variable_W_x":0.651384,"data_set_value_component_fixed_parameters_variable_W_i":0.072376,"data_set_value_component_fixed_parameters_variable_V_cyto":0.894,"data_set_value_component_fixed_parameters_variable_V_mito":0.056,"data_set_value_component_fixed_parameters_variable_Rm_cyto":0.062639821,"data_set_value_component_fixed_parameters_variable_Rm_cell":0.056,"data_set_value_component_fixed_parameters_variable_Rc_cell":0.894,"data_set_value_component_fixed_parameters_variable_n_A":3.0,"data_set_value_component_fixed_parameters_variable_C_tot":0.0027,"data_set_value_component_fixed_parameters_variable_CR_tot":0.0427,"data_set_value_component_fixed_parameters_variable_Q_tot":0.00135,"data_set_value_component_fixed_parameters_variable_NAD_tot":0.00297,"data_set_value_component_fixed_parameters_variable_pH_C":7.0,"data_set_value_component_fixed_parameters_variable_H_c":0.0000001,"data_set_value_component_fixed_parameters_variable_K_c":0.15,"data_set_value_component_fixed_parameters_variable_H_i":0.0000001,"data_set_value_component_fixed_parameters_variable_K_i":0.15,"data_set_value_component_adjustable_parameters_variable_k_PI1":0.0001553,"data_set_value_component_adjustable_parameters_variable_k_PI2":0.0008222,"data_set_value_component_adjustable_parameters_variable_k_PI3":0.0003601,"data_set_value_component_adjustable_parameters_variable_k_PI4":0.005651,"data_set_value_component_adjustable_parameters_variable_k_PIH":0.0002542,"data_set_value_component_adjustable_parameters_variable_r":4.559,"data_set_value_component_adjustable_parameters_variable_X_DH":0.0866,"data_set_value_component_adjustable_parameters_variable_X_C1":4405.0,"data_set_value_component_adjustable_parameters_variable_X_C3":4.887,"data_set_value_component_adjustable_parameters_variable_X_C4":0.00006766,"data_set_value_component_adjustable_parameters_variable_X_F1":1000.0,"data_set_value_component_adjustable_parameters_variable_X_ANT":0.008123,"data_set_value_component_adjustable_parameters_variable_X_PI1":385000.0,"data_set_value_component_adjustable_parameters_variable_X_KH":56510000.0,"data_set_value_component_adjustable_parameters_variable_X_Hle":200.0,"data_set_value_component_adjustable_parameters_variable_X_K":0.0,"data_set_value_component_adjustable_parameters_variable_k_mADP":0.0000035,"data_set_value_component_adjustable_parameters_variable_X_AK":10000000.0,"data_set_value_component_adjustable_parameters_variable_X_CK":10000000.0,"data_set_value_component_adjustable_parameters_variable_X_MgA":10000000.0,"data_set_value_component_adjustable_parameters_variable_k_O2":0.00012,"data_set_value_component_adjustable_parameters_variable_x_buff":100.0,"data_set_value_component_adjustable_parameters_variable_C_IM":0.00000675,"data_set_value_component_adjustable_parameters_variable_X_A":85.0,"data_set_value_component_adjustable_parameters_variable_X_PI2":327.0,"data_set_value_component_adjustable_parameters_variable_gamma":5.99,"data_set_value_component_dNAD_x_dt_variable_NAD_x":0.0010669528,"data_set_value_component_dQH2_x_dt_variable_QH2_x":0.0005975608,"data_set_value_component_dCred_x_dt_variable_Cred_x":0.0003100473,"data_set_value_component_dATP_fx_dt_variable_ATP_fx":0.0009352277,"data_set_value_component_dADP_fx_dt_variable_ADP_fx":0.0001855529,"data_set_value_component_dH_x_dt_variable_pH_x":6.9573747457,"data_set_value_component_dH_x_dt_variable_H_x":0.0000001103,"data_set_value_component_dK_x_dt_variable_K_x":0.1653760605,"data_set_value_component_dMg_x_dt_variable_Mg_x":0.0002247806,"data_set_value_component_dNADH_x_dt_variable_NADH_x":0.0019030472,"data_set_value_component_dQ_x_dt_variable_Q_x":0.0007524392,"data_set_value_component_dCox_x_dt_variable_Cox_x":0.0023899527,"data_set_value_component_dATP_x_dt_variable_ATP_x":0.0096942379,"data_set_value_component_dADP_x_dt_variable_ADP_x":0.0003057621,"data_set_value_component_dATP_mx_dt_variable_ATP_mx":0.0087590103,"data_set_value_component_dADP_mx_dt_variable_ADP_mx":0.0001202091,"data_set_value_component_dPI_x_dt_variable_PI_x":0.00646839,"data_set_value_component_dATP_fi_dt_variable_ATP_fi":0.0009228387,"data_set_value_component_dADP_fi_dt_variable_ADP_fi":0.0000236519,"data_set_value_component_dATP_i_dt_variable_ATP_i":0.0081549026,"data_set_value_component_dADP_i_dt_variable_ADP_i":0.0000364718,"data_set_value_component_dAMP_i_dt_variable_AMP_i":0.0000000707,"data_set_value_component_dATP_mi_dt_variable_ATP_mi":0.0072320639,"data_set_value_component_dADP_mi_dt_variable_ADP_mi":0.0000128199,"data_set_value_component_dPI_i_dt_variable_PI_i":0.0079978381,"data_set_value_component_dMg_i_dt_variable_Mg_i":0.0001880822,"data_set_value_component_dATP_c_dt_variable_ATP_c":0.0081517819,"data_set_value_component_dADP_c_dt_variable_ADP_c":0.0000395801,"data_set_value_component_dAMP_c_dt_variable_AMP_c":0.0000000832,"data_set_value_component_dATP_mc_dt_variable_ATP_mc":0.0079673156,"data_set_value_component_dADP_mc_dt_variable_ADP_mc":0.0000296535,"data_set_value_component_dPI_c_dt_variable_PI_c":0.0079987551,"data_set_value_component_dMg_c_dt_variable_Mg_c":0.0010365888,"data_set_value_component_dPCr_c_dt_variable_PCr_c":0.0236434767,"data_set_value_component_dATP_fc_dt_variable_ATP_fc":0.0001844662,"data_set_value_component_dADP_fc_dt_variable_ADP_fc":0.0000099265,"data_set_value_component_dCr_c_dt_variable_Cr_c":0.0190565233,"data_set_value_component_ddeltaPsi_dt_variable_deltaPsi":186.389576138,"data_set_value_component_J_DH_variable_J_DH":0.0012334671,"data_set_value_component_J_C1_variable_J_C1":0.0010012712,"data_set_value_component_J_C3_variable_J_C3":0.001062114,"data_set_value_component_J_C4_variable_J_C4":0.0010707359,"data_set_value_component_J_F1_variable_J_F1":0.0016675179,"data_set_value_component_J_ANT_variable_J_ANT":0.0015953361,"data_set_value_component_J_ANT_variable_mincon":0.000000001,"data_set_value_component_J_ANT_variable_Psi_x":-121.1532244897,"data_set_value_component_J_ANT_variable_Psi_i":65.2363516483,"data_set_value_component_J_PI1_variable_J_PI1":0.001805777,"data_set_value_component_J_PI1_variable_H2PIi":0.0028787018,"data_set_value_component_J_PI1_variable_H2PIx":0.0024763786,"data_set_value_component_J_Hle_variable_J_Hle":0.0037274325,"data_set_value_component_J_Hle_variable_mincond":0.000001,"data_set_value_component_J_KH_variable_J_KH":0.0005249234,"data_set_value_component_J_K_variable_J_K":0.0,"data_set_value_component_J_K_variable_mincond":0.000001,"data_set_value_component_J_AMP_variable_J_AMP":0.000006366,"data_set_value_component_J_ADP_variable_J_ADP":0.0015825637,"data_set_value_component_J_ATP_variable_J_ATP":-0.0015889298,"data_set_value_component_J_PI2_variable_J_PI2":0.0017961695,"data_set_value_component_J_MgATP_x_variable_J_MgATP_x":0.0000479081,"data_set_value_component_J_MgADP_x_variable_J_MgADP_x":-0.0000386495,"data_set_value_component_J_MgATP_i_variable_J_MgATP_i":0.0000000182,"data_set_value_component_J_MgADP_i_variable_J_MgADP_i":-0.0000000142,"data_set_value_component_J_MgATP_c_variable_J_MgATP_c":0.000000352,"data_set_value_component_J_MgADP_c_variable_J_MgADP_c":-0.0000002789,"data_set_value_component_J_AKi_variable_J_AKi":-0.0000063662,"data_set_value_component_J_AKc_variable_J_AKc":0.0000003972,"data_set_value_component_J_AtC_variable_J_AtC":0.0,"data_set_value_component_J_CKc_variable_J_CKc":-0.0000995504}]