[{"data_set_value_component_environment_variable_time":0.0,"data_set_value_component_parameters_variable_sigma":0.0000005,"data_set_value_component_parameters_variable_CNG_tot":0.0,"data_set_value_component_parameters_variable_CaM_tot":0.00002,"data_set_value_component_parameters_variable_km_CNG_0":0.01,"data_set_value_component_parameters_variable_km_CaM4":2.5,"data_set_value_component_parameters_variable_kp_CaM4":1100000000.0,"data_set_value_component_parameters_variable_kp_CNG_i":2100000.0,"data_set_value_component_parameters_variable_km_CNG_i":0.34,"data_set_value_component_parameters_variable_i_Ca":20000.0,"data_set_value_component_parameters_variable_k_Ca":0.0000000001,"data_set_value_component_parameters_variable_K_Ca":0.00000012,"data_set_value_component_parameters_variable_kp_act":0.000016,"data_set_value_component_dCNG_o_dt_variable_CNG_o":0.0,"data_set_value_component_dCNG_o_dt_variable_CNG_o_normalized":0.0,"data_set_value_component_dCa_dt_variable_Ca":0.0,"data_set_value_component_dCa_dt_variable_Ca_normalized":0.0,"data_set_value_component_dCaM4_dt_variable_CaM4":0.0,"data_set_value_component_dCaM4_dt_variable_CaM4_normalized":0.0,"data_set_value_component_dCNG_i_dt_variable_CNG_i":0.0,"data_set_value_component_dCNG_i_dt_variable_CNG_i_normalized":0.0,"data_set_value_component_dCNG_c_dt_variable_CNG_c":0.0,"data_set_value_component_dCaM_dt_variable_CaM":0.00002},{"data_set_value_component_environment_variable_time":0.1,"data_set_value_component_parameters_variable_sigma":0.0000005,"data_set_value_component_parameters_variable_CNG_tot":0.0,"data_set_value_component_parameters_variable_CaM_tot":0.00002,"data_set_value_component_parameters_variable_km_CNG_0":0.01,"data_set_value_component_parameters_variable_km_CaM4":2.5,"data_set_value_component_parameters_variable_kp_CaM4":1100000000.0,"data_set_value_component_parameters_variable_kp_CNG_i":2100000.0,"data_set_value_component_parameters_variable_km_CNG_i":0.34,"data_set_value_component_parameters_variable_i_Ca":20000.0,"data_set_value_component_parameters_variable_k_Ca":0.0000000001,"data_set_value_component_parameters_variable_K_Ca":0.00000012,"data_set_value_component_parameters_variable_kp_act":0.000016,"data_set_value_component_dCNG_o_dt_variable_CNG_o":2.074606359e-19,"data_set_value_component_dCNG_o_dt_variable_CNG_o_normalized":0.0000015959,"data_set_value_component_dCa_dt_variable_Ca":0.0,"data_set_value_component_dCa_dt_variable_Ca_normalized":0.0000000498,"data_set_value_component_dCaM4_dt_variable_CaM4":2.573354287e-19,"data_set_value_component_dCaM4_dt_variable_CaM4_normalized":0.0,"data_set_value_component_dCNG_i_dt_variable_CNG_i":2.159269936e-26,"data_set_value_component_dCNG_i_dt_variable_CNG_i_normalized":0.0,"data_set_value_component_dCNG_c_dt_variable_CNG_c":0.0,"data_set_value_component_dCaM_dt_variable_CaM":0.00002},{"data_set_value_component_environment_variable_time":0.2,"data_set_value_component_parameters_variable_sigma":0.0000005,"data_set_value_component_parameters_variable_CNG_tot":0.0,"data_set_value_component_parameters_variable_CaM_tot":0.00002,"data_set_value_component_parameters_variable_km_CNG_0":0.01,"data_set_value_component_parameters_variable_km_CaM4":2.5,"data_set_value_component_parameters_variable_kp_CaM4":1100000000.0,"data_set_value_component_parameters_variable_kp_CNG_i":2100000.0,"data_set_value_component_parameters_variable_km_CNG_i":0.34,"data_set_value_component_parameters_variable_i_Ca":20000.0,"data_set_value_component_parameters_variable_k_Ca":0.0000000001,"data_set_value_component_parameters_variable_K_Ca":0.00000012,"data_set_value_component_parameters_variable_kp_act":0.000016,"data_set_value_component_dCNG_o_dt_variable_CNG_o":4.14676722e-19,"data_set_value_component_dCNG_o_dt_variable_CNG_o_normalized":0.0000031898,"data_set_value_component_dCa_dt_variable_Ca":0.0,"data_set_value_component_dCa_dt_variable_Ca_normalized":0.0000000994,"data_set_value_component_dCaM4_dt_variable_CaM4":6.491730715e-19,"data_set_value_component_dCaM4_dt_variable_CaM4_normalized":0.0,"data_set_value_component_dCNG_i_dt_variable_CNG_i":5.447132148e-26,"data_set_value_component_dCNG_i_dt_variable_CNG_i_normalized":0.0,"data_set_value_component_dCNG_c_dt_variable_CNG_c":0.0,"data_set_value_component_dCaM_dt_variable_CaM":0.00002},{"data_set_value_component_environment_variable_time":0.3,"data_set_value_component_parameters_variable_sigma":0.0000005,"data_set_value_component_parameters_variable_CNG_tot":0.0,"data_set_value_component_parameters_variable_CaM_tot":0.00002,"data_set_value_component_parameters_variable_km_CNG_0":0.01,"data_set_value_component_parameters_variable_km_CaM4":2.5,"data_set_value_component_parameters_variable_kp_CaM4":1100000000.0,"data_set_value_component_parameters_variable_kp_CNG_i":2100000.0,"data_set_value_component_parameters_variable_km_CNG_i":0.34,"data_set_value_component_parameters_variable_i_Ca":20000.0,"data_set_value_component_parameters_variable_k_Ca":0.0000000001,"data_set_value_component_parameters_variable_K_Ca":0.00000012,"data_set_value_component_parameters_variable_kp_act":0.000016,"data_set_value_component_dCNG_o_dt_variable_CNG_o":6.218928081e-19,"data_set_value_component_dCNG_o_dt_variable_CNG_o_normalized":0.0000047838,"data_set_value_component_dCa_dt_variable_Ca":0.0,"data_set_value_component_dCa_dt_variable_Ca_normalized":0.000000149,"data_set_value_component_dCaM4_dt_variable_CaM4":1.041010714e-18,"data_set_value_component_dCaM4_dt_variable_CaM4_normalized":0.0,"data_set_value_component_dCNG_i_dt_variable_CNG_i":8.73499436e-26,"data_set_value_component_dCNG_i_dt_variable_CNG_i_normalized":0.0,"data_set_value_component_dCNG_c_dt_variable_CNG_c":0.0,"data_set_value_component_dCaM_dt_variable_CaM":0.00002},{"data_set_value_component_environment_variable_time":0.4,"data_set_value_component_parameters_variable_sigma":0.0000005,"data_set_value_component_parameters_variable_CNG_tot":0.0,"data_set_value_component_parameters_variable_CaM_tot":0.00002,"data_set_value_component_parameters_variable_km_CNG_0":0.01,"data_set_value_component_parameters_variable_km_CaM4":2.5,"data_set_value_component_parameters_variable_kp_CaM4":1100000000.0,"data_set_value_component_parameters_variable_kp_CNG_i":2100000.0,"data_set_value_component_parameters_variable_km_CNG_i":0.34,"data_set_value_component_parameters_variable_i_Ca":20000.0,"data_set_value_component_parameters_variable_k_Ca":0.0000000001,"data_set_value_component_parameters_variable_K_Ca":0.00000012,"data_set_value_component_parameters_variable_kp_act":0.000016,"data_set_value_component_dCNG_o_dt_variable_CNG_o":8.275615049e-19,"data_set_value_component_dCNG_o_dt_variable_CNG_o_normalized":0.0000063659,"data_set_value_component_dCa_dt_variable_Ca":0.0,"data_set_value_component_dCa_dt_variable_Ca_normalized":0.0000001983,"data_set_value_component_dCaM4_dt_variable_CaM4":3.025390474e-18,"data_set_value_component_dCaM4_dt_variable_CaM4_normalized":0.0,"data_set_value_component_dCNG_i_dt_variable_CNG_i":8.429105681e-25,"data_set_value_component_dCNG_i_dt_variable_CNG_i_normalized":0.0,"data_set_value_component_dCNG_c_dt_variable_CNG_c":0.0,"data_set_value_component_dCaM_dt_variable_CaM":0.00002},{"data_set_value_component_environment_variable_time":0.5,"data_set_value_component_parameters_variable_sigma":0.0000005,"data_set_value_component_parameters_variable_CNG_tot":0.0,"data_set_value_component_parameters_variable_CaM_tot":0.00002,"data_set_value_component_parameters_variable_km_CNG_0":0.01,"data_set_value_component_parameters_variable_km_CaM4":2.5,"data_set_value_component_parameters_variable_kp_CaM4":1100000000.0,"data_set_value_component_parameters_variable_kp_CNG_i":2100000.0,"data_set_value_component_parameters_variable_km_CNG_i":0.34,"data_set_value_component_parameters_variable_i_Ca":20000.0,"data_set_value_component_parameters_variable_k_Ca":0.0000000001,"data_set_value_component_parameters_variable_K_Ca":0.00000012,"data_set_value_component_parameters_variable_kp_act":0.000016,"data_set_value_component_dCNG_o_dt_variable_CNG_o":1.027884396e-18,"data_set_value_component_dCNG_o_dt_variable_CNG_o_normalized":0.0000079068,"data_set_value_component_dCa_dt_variable_Ca":0.0,"data_set_value_component_dCa_dt_variable_Ca_normalized":0.0000002464,"data_set_value_component_dCaM4_dt_variable_CaM4":1.051156663e-17,"data_set_value_component_dCaM4_dt_variable_CaM4_normalized":0.0,"data_set_value_component_dCNG_i_dt_variable_CNG_i":4.095139374e-24,"data_set_value_component_dCNG_i_dt_variable_CNG_i_normalized":0.0,"data_set_value_component_dCNG_c_dt_variable_CNG_c":0.0,"data_set_value_component_dCaM_dt_variable_CaM":0.00002},{"data_set_value_component_environment_variable_time":0.6,"data_set_value_component_parameters_variable_sigma":0.0000005,"data_set_value_component_parameters_variable_CNG_tot":0.0,"data_set_value_component_parameters_variable_CaM_tot":0.00002,"data_set_value_component_parameters_variable_km_CNG_0":0.01,"data_set_value_component_parameters_variable_km_CaM4":2.5,"data_set_value_component_parameters_variable_kp_CaM4":1100000000.0,"data_set_value_component_parameters_variable_kp_CNG_i":2100000.0,"data_set_value_component_parameters_variable_km_CNG_i":0.34,"data_set_value_component_parameters_variable_i_Ca":20000.0,"data_set_value_component_parameters_variable_k_Ca":0.0000000001,"data_set_value_component_parameters_variable_K_Ca":0.00000012,"data_set_value_component_parameters_variable_kp_act":0.000016,"data_set_value_component_dCNG_o_dt_variable_CNG_o":1.228207287e-18,"data_set_value_component_dCNG_o_dt_variable_CNG_o_normalized":0.0000094477,"data_set_value_component_dCa_dt_variable_Ca":0.0,"data_set_value_component_dCa_dt_variable_Ca_normalized":0.0000002946,"data_set_value_component_dCaM4_dt_variable_CaM4":1.799774278e-17,"data_set_value_component_dCaM4_dt_variable_CaM4_normalized":0.0,"data_set_value_component_dCNG_i_dt_variable_CNG_i":7.347368181e-24,"data_set_value_component_dCNG_i_dt_variable_CNG_i_normalized":0.0000000001,"data_set_value_component_dCNG_c_dt_variable_CNG_c":0.0,"data_set_value_component_dCaM_dt_variable_CaM":0.00002},{"data_set_value_component_environment_variable_time":0.7,"data_set_value_component_parameters_variable_sigma":0.0000005,"data_set_value_component_parameters_variable_CNG_tot":0.0,"data_set_value_component_parameters_variable_CaM_tot":0.00002,"data_set_value_component_parameters_variable_km_CNG_0":0.01,"data_set_value_component_parameters_variable_km_CaM4":2.5,"data_set_value_component_parameters_variable_kp_CaM4":1100000000.0,"data_set_value_component_parameters_variable_kp_CNG_i":2100000.0,"data_set_value_component_parameters_variable_km_CNG_i":0.34,"data_set_value_component_parameters_variable_i_Ca":20000.0,"data_set_value_component_parameters_variable_k_Ca":0.0000000001,"data_set_value_component_parameters_variable_K_Ca":0.00000012,"data_set_value_component_parameters_variable_kp_act":0.000016,"data_set_value_component_dCNG_o_dt_variable_CNG_o":1.428530178e-18,"data_set_value_component_dCNG_o_dt_variable_CNG_o_normalized":0.0000109887,"data_set_value_component_dCa_dt_variable_Ca":0.0,"data_set_value_component_dCa_dt_variable_Ca_normalized":0.0000003427,"data_set_value_component_dCaM4_dt_variable_CaM4":2.548391893e-17,"data_set_value_component_dCaM4_dt_variable_CaM4_normalized":0.0,"data_set_value_component_dCNG_i_dt_variable_CNG_i":1.059959699e-23,"data_set_value_component_dCNG_i_dt_variable_CNG_i_normalized":0.0000000001,"data_set_value_component_dCNG_c_dt_variable_CNG_c":0.0,"data_set_value_component_dCaM_dt_variable_CaM":0.00002},{"data_set_value_component_environment_variable_time":0.8,"data_set_value_component_parameters_variable_sigma":0.0000005,"data_set_value_component_parameters_variable_CNG_tot":0.0,"data_set_value_component_parameters_variable_CaM_tot":0.00002,"data_set_value_component_parameters_variable_km_CNG_0":0.01,"data_set_value_component_parameters_variable_km_CaM4":2.5,"data_set_value_component_parameters_variable_kp_CaM4":1100000000.0,"data_set_value_component_parameters_variable_kp_CNG_i":2100000.0,"data_set_value_component_parameters_variable_km_CNG_i":0.34,"data_set_value_component_parameters_variable_i_Ca":20000.0,"data_set_value_component_parameters_variable_k_Ca":0.0000000001,"data_set_value_component_parameters_variable_K_Ca":0.00000012,"data_set_value_component_parameters_variable_kp_act":0.000016,"data_set_value_component_dCNG_o_dt_variable_CNG_o":1.628853069e-18,"data_set_value_component_dCNG_o_dt_variable_CNG_o_normalized":0.0000125296,"data_set_value_component_dCa_dt_variable_Ca":0.0,"data_set_value_component_dCa_dt_variable_Ca_normalized":0.0000003908,"data_set_value_component_dCaM4_dt_variable_CaM4":3.297009508e-17,"data_set_value_component_dCaM4_dt_variable_CaM4_normalized":0.0,"data_set_value_component_dCNG_i_dt_variable_CNG_i":1.385182579e-23,"data_set_value_component_dCNG_i_dt_variable_CNG_i_normalized":0.0000000001,"data_set_value_component_dCNG_c_dt_variable_CNG_c":0.0,"data_set_value_component_dCaM_dt_variable_CaM":0.00002},{"data_set_value_component_environment_variable_time":0.9,"data_set_value_component_parameters_variable_sigma":0.0000005,"data_set_value_component_parameters_variable_CNG_tot":0.0,"data_set_value_component_parameters_variable_CaM_tot":0.00002,"data_set_value_component_parameters_variable_km_CNG_0":0.01,"data_set_value_component_parameters_variable_km_CaM4":2.5,"data_set_value_component_parameters_variable_kp_CaM4":1100000000.0,"data_set_value_component_parameters_variable_kp_CNG_i":2100000.0,"data_set_value_component_parameters_variable_km_CNG_i":0.34,"data_set_value_component_parameters_variable_i_Ca":20000.0,"data_set_value_component_parameters_variable_k_Ca":0.0000000001,"data_set_value_component_parameters_variable_K_Ca":0.00000012,"data_set_value_component_parameters_variable_kp_act":0.000016,"data_set_value_component_dCNG_o_dt_variable_CNG_o":1.829175961e-18,"data_set_value_component_dCNG_o_dt_variable_CNG_o_normalized":0.0000140706,"data_set_value_component_dCa_dt_variable_Ca":0.0,"data_set_value_component_dCa_dt_variable_Ca_normalized":0.0000004389,"data_set_value_component_dCaM4_dt_variable_CaM4":4.045627123e-17,"data_set_value_component_dCaM4_dt_variable_CaM4_normalized":0.0,"data_set_value_component_dCNG_i_dt_variable_CNG_i":1.71040546e-23,"data_set_value_component_dCNG_i_dt_variable_CNG_i_normalized":0.0000000001,"data_set_value_component_dCNG_c_dt_variable_CNG_c":0.0,"data_set_value_component_dCaM_dt_variable_CaM":0.00002},{"data_set_value_component_environment_variable_time":1.0,"data_set_value_component_parameters_variable_sigma":0.0000005,"data_set_value_component_parameters_variable_CNG_tot":0.0,"data_set_value_component_parameters_variable_CaM_tot":0.00002,"data_set_value_component_parameters_variable_km_CNG_0":0.01,"data_set_value_component_parameters_variable_km_CaM4":2.5,"data_set_value_component_parameters_variable_kp_CaM4":1100000000.0,"data_set_value_component_parameters_variable_kp_CNG_i":2100000.0,"data_set_value_component_parameters_variable_km_CNG_i":0.34,"data_set_value_component_parameters_variable_i_Ca":20000.0,"data_set_value_component_parameters_variable_k_Ca":0.0000000001,"data_set_value_component_parameters_variable_K_Ca":0.00000012,"data_set_value_component_parameters_variable_kp_act":0.000016,"data_set_value_component_dCNG_o_dt_variable_CNG_o":2.029498852e-18,"data_set_value_component_dCNG_o_dt_variable_CNG_o_normalized":0.0000156115,"data_set_value_component_dCa_dt_variable_Ca":0.0,"data_set_value_component_dCa_dt_variable_Ca_normalized":0.0000004871,"data_set_value_component_dCaM4_dt_variable_CaM4":4.794244739e-17,"data_set_value_component_dCaM4_dt_variable_CaM4_normalized":0.0,"data_set_value_component_dCNG_i_dt_variable_CNG_i":2.035628341e-23,"data_set_value_component_dCNG_i_dt_variable_CNG_i_normalized":0.0000000002,"data_set_value_component_dCNG_c_dt_variable_CNG_c":0.0,"data_set_value_component_dCaM_dt_variable_CaM":0.00002}]