[{"data_set_value_component_Environment_variable_time":0.0,"data_set_value_component_Environment_variable_F":96485.0,"data_set_value_component_Environment_variable_R":8314.0,"data_set_value_component_Environment_variable_Temp":310.0,"data_set_value_component_Environment_variable_FonRT":0.0374358835,"data_set_value_component_Environment_variable_K_o":4.5,"data_set_value_component_Environment_variable_Na_o":140.0,"data_set_value_component_Environment_variable_Ca_o":1.8,"data_set_value_component_cell_variable_V":-89.4356034693,"data_set_value_component_cell_variable_caiont":0.7686246706,"data_set_value_component_cell_variable_naiont":-0.4844371482,"data_set_value_component_cell_variable_kiont":-15.2814800831,"data_set_value_component_cell_variable_l":0.01,"data_set_value_component_cell_variable_ra":0.0011,"data_set_value_component_cell_variable_vcell":0.0000380133,"data_set_value_component_cell_variable_ageo":0.0000767177,"data_set_value_component_cell_variable_Acap":0.0001534354,"data_set_value_component_cell_variable_AF":0.0000000016,"data_set_value_component_cell_variable_vmyo":0.000025849,"data_set_value_component_cell_variable_vmito":0.0000091232,"data_set_value_component_cell_variable_vsr":0.0000022808,"data_set_value_component_cell_variable_vnsr":0.0000020983,"data_set_value_component_cell_variable_vjsr":0.0000001825,"data_set_value_component_cell_variable_vss":0.0000007603,"data_set_value_component_cell_variable_i_Stim":-15.0,"data_set_value_component_cell_variable_stim_offset":0.0,"data_set_value_component_cell_variable_stim_period":400.0,"data_set_value_component_cell_variable_stim_duration":3.0,"data_set_value_component_cell_variable_stim_amplitude":-15.0,"data_set_value_component_cell_variable_past":0.0,"data_set_value_component_INa_variable_H":0.994401369,"data_set_value_component_INa_variable_m":0.0007347803,"data_set_value_component_INa_variable_J":0.9961006887,"data_set_value_component_INa_variable_GNa":16.0,"data_set_value_component_INa_variable_a":1.0,"data_set_value_component_INa_variable_aH":0.5406994201,"data_set_value_component_INa_variable_bH":0.0030407547,"data_set_value_component_INa_variable_aj":0.0894589647,"data_set_value_component_INa_variable_bj":0.0003479312,"data_set_value_component_INa_variable_am":0.1998028716,"data_set_value_component_INa_variable_bm":271.7223470369,"data_set_value_component_INa_variable_ina":-0.0000009203,"data_set_value_component_ICaL_variable_d":3.251478672e-27,"data_set_value_component_ICaL_variable_f":0.9974049488,"data_set_value_component_ICaL_variable_dss0":0.0000029608,"data_set_value_component_ICaL_variable_taud":0.3596782568,"data_set_value_component_ICaL_variable_dss1":0.0,"data_set_value_component_ICaL_variable_dss":0.0,"data_set_value_component_ICaL_variable_fss":0.9998007554,"data_set_value_component_ICaL_variable_tauf":49.9619963109,"data_set_value_component_ICaL_variable_gacai":1.0,"data_set_value_component_ICaL_variable_gacao":0.341,"data_set_value_component_ICaL_variable_kmca":0.0006,"data_set_value_component_ICaL_variable_pca":0.00054,"data_set_value_component_ICaL_variable_pna":0.000000675,"data_set_value_component_ICaL_variable_ganai":0.75,"data_set_value_component_ICaL_variable_ganao":0.75,"data_set_value_component_ICaL_variable_pk":0.000000193,"data_set_value_component_ICaL_variable_gaki":0.75,"data_set_value_component_ICaL_variable_gako":0.75,"data_set_value_component_ICaL_variable_ibarca":-428.8206776486,"data_set_value_component_ICaL_variable_ibarna":-23.6307113235,"data_set_value_component_ICaL_variable_ibark":0.0199519764,"data_set_value_component_ICaL_variable_fca":0.7330925317,"data_set_value_component_ICaL_variable_ilca":-1.019499325e-24,"data_set_value_component_ICaL_variable_ilcana":-5.618081284e-26,"data_set_value_component_ICaL_variable_ilcak":4.743480786e-29,"data_set_value_component_IK1_variable_GK1max":0.75,"data_set_value_component_IK1_variable_GK1_":0.6846531969,"data_set_value_component_IK1_variable_ak1":1.0199986897,"data_set_value_component_IK1_variable_bk1":0.8968185005,"data_set_value_component_IK1_variable_gK1":0.3643254909,"data_set_value_component_IK1_variable_IK1":0.8519409788,"data_set_value_component_IKr_variable_gkrmax":0.02614,"data_set_value_component_IKr_variable_xr":0.0001621947,"data_set_value_component_IKr_variable_r":0.9731657446,"data_set_value_component_IKr_variable_xrss":0.0000000078,"data_set_value_component_IKr_variable_tauxr":32.407633019,"data_set_value_component_IKr_variable_ikr":0.0000088076,"data_set_value_component_IKs_variable_GKsmax":0.433,"data_set_value_component_IKs_variable_xs1":0.0285147333,"data_set_value_component_IKs_variable_xs2":0.076411404,"data_set_value_component_IKs_variable_gks":0.6721345481,"data_set_value_component_IKs_variable_xss":0.0042982247,"data_set_value_component_IKs_variable_tauxs":126.2597800855,"data_set_value_component_IKs_variable_iks":-0.0141428805,"data_set_value_component_INaK_variable_kmnai":10.0,"data_set_value_component_INaK_variable_kmko":1.5,"data_set_value_component_INaK_variable_ibarnak":2.25,"data_set_value_component_INaK_variable_fnak":0.4518075785,"data_set_value_component_INaK_variable_sigma":1.0009103049,"data_set_value_component_INaK_variable_inak":0.5596434952,"data_set_value_component_INaCa_variable_c1":0.00025,"data_set_value_component_INaCa_variable_c2":0.0001,"data_set_value_component_INaCa_variable_gammas":0.15,"data_set_value_component_INaCa_variable_inaca":-0.5259592761,"data_set_value_component_IKp_variable_GKpmax":0.00552,"data_set_value_component_IKp_variable_ikp":0.0000000012,"data_set_value_component_IpCa_variable_ibarpca":1.15,"data_set_value_component_IpCa_variable_kmpca":0.0005,"data_set_value_component_IpCa_variable_ipca":0.3496665818,"data_set_value_component_ICab_variable_gcab":0.003016,"data_set_value_component_ICab_variable_icab":-0.6329518628,"data_set_value_component_INab_variable_GNab":0.004,"data_set_value_component_INab_variable_inab":-0.5854888853,"data_set_value_component_ICaT_variable_b":0.0009274619,"data_set_value_component_ICaT_variable_g":0.9528343318,"data_set_value_component_ICaT_variable_gcat":0.05,"data_set_value_component_ICaT_variable_bss":0.0009250123,"data_set_value_component_ICaT_variable_taub":9.7999963131,"data_set_value_component_ICaT_variable_gss":0.9948127857,"data_set_value_component_ICaT_variable_aa":1.0,"data_set_value_component_ICaT_variable_taug":90.2561530356,"data_set_value_component_ICaT_variable_icat":-0.0000086004,"data_set_value_component_reversal_potentials_variable_ENa":56.9366178468,"data_set_value_component_reversal_potentials_variable_ECa":120.4290725399,"data_set_value_component_reversal_potentials_variable_EK":-91.7740096478,"data_set_value_component_reversal_potentials_variable_EKs":-79.7783382617,"data_set_value_component_reversal_potentials_variable_prnak":0.01833,"data_set_value_component_Irel_variable_Rel":1.068742461e-23,"data_set_value_component_Irel_variable_Rel_ss":-5.836743297e-25,"data_set_value_component_Irel_variable_tau_Rel":4.7098255976,"data_set_value_component_Irel_variable_K_Relss":1.0,"data_set_value_component_Irel_variable_alpha_Rel":0.59375,"data_set_value_component_Irel_variable_tau":4.75,"data_set_value_component_Irel_variable_kappa":0.125,"data_set_value_component_Irel_variable_qn":9.0,"data_set_value_component_Irel_variable_Ca_JSR_free":1.4419842347,"data_set_value_component_Irel_variable_bbb":2.926283497,"data_set_value_component_Irel_variable_c":6.2989732024,"data_set_value_component_Irel_variable_kmcsqn":0.8,"data_set_value_component_Irel_variable_csqnbar":10.0,"data_set_value_component_Iup_Ileak_variable_kmup":0.00092,"data_set_value_component_Iup_Ileak_variable_iupbar":0.00875,"data_set_value_component_Iup_Ileak_variable_nsrbar":15.0,"data_set_value_component_Iup_Ileak_variable_iup":0.0016789859,"data_set_value_component_Iup_Ileak_variable_ileak":0.0015838564,"data_set_value_component_Itr_variable_tautr":120.0,"data_set_value_component_Itr_variable_itr":0.0106099844,"data_set_value_component_Na_variable_Na_i":16.6127393136,"data_set_value_component_K_variable_K_i":139.7309141032,"data_set_value_component_Ca_variable_Ca_T":0.0257059809,"data_set_value_component_Ca_variable_Ca_JSR_T":7.873716503,"data_set_value_component_Ca_variable_Ca_NSR":2.715182357,"data_set_value_component_Ca_variable_Over":0.0,"data_set_value_component_Ca_variable_cmdnbar":0.05,"data_set_value_component_Ca_variable_trpnbar":0.07,"data_set_value_component_Ca_variable_kmcmdn":0.00238,"data_set_value_component_Ca_variable_kmtrpn":0.0005,"data_set_value_component_Ca_variable_bmyo":0.0971740191,"data_set_value_component_Ca_variable_cmyo":0.0001187568,"data_set_value_component_Ca_variable_dmyo":-0.0000000306,"data_set_value_component_Ca_variable_Ca_i":0.0002184506},{"data_set_value_component_Environment_variable_time":0.1,"data_set_value_component_Environment_variable_F":96485.0,"data_set_value_component_Environment_variable_R":8314.0,"data_set_value_component_Environment_variable_Temp":310.0,"data_set_value_component_Environment_variable_FonRT":0.0374358835,"data_set_value_component_Environment_variable_K_o":4.5,"data_set_value_component_Environment_variable_Na_o":140.0,"data_set_value_component_Environment_variable_Ca_o":1.8,"data_set_value_component_cell_variable_V":-87.9625739029,"data_set_value_component_cell_variable_caiont":0.6876984129,"data_set_value_component_cell_variable_naiont":-0.3064051947,"data_set_value_component_cell_variable_kiont":-14.8580101494,"data_set_value_component_cell_variable_l":0.01,"data_set_value_component_cell_variable_ra":0.0011,"data_set_value_component_cell_variable_vcell":0.0000380133,"data_set_value_component_cell_variable_ageo":0.0000767177,"data_set_value_component_cell_variable_Acap":0.0001534354,"data_set_value_component_cell_variable_AF":0.0000000016,"data_set_value_component_cell_variable_vmyo":0.000025849,"data_set_value_component_cell_variable_vmito":0.0000091232,"data_set_value_component_cell_variable_vsr":0.0000022808,"data_set_value_component_cell_variable_vnsr":0.0000020983,"data_set_value_component_cell_variable_vjsr":0.0000001825,"data_set_value_component_cell_variable_vss":0.0000007603,"data_set_value_component_cell_variable_i_Stim":-15.0,"data_set_value_component_cell_variable_stim_offset":0.0,"data_set_value_component_cell_variable_stim_period":400.0,"data_set_value_component_cell_variable_stim_duration":3.0,"data_set_value_component_cell_variable_stim_amplitude":-15.0,"data_set_value_component_cell_variable_past":0.0,"data_set_value_component_INa_variable_H":0.9943533351,"data_set_value_component_INa_variable_m":0.0009319926,"data_set_value_component_INa_variable_J":0.99609569,"data_set_value_component_INa_variable_GNa":16.0,"data_set_value_component_INa_variable_a":1.0,"data_set_value_component_INa_variable_aH":0.435389716,"data_set_value_component_INa_variable_bH":0.0034160208,"data_set_value_component_INa_variable_aj":0.0805611369,"data_set_value_component_INa_variable_bj":0.0004195739,"data_set_value_component_INa_variable_am":0.2239762117,"data_set_value_component_INa_variable_bm":237.6666313682,"data_set_value_component_INa_variable_ina":-0.0000018589,"data_set_value_component_ICaL_variable_d":2.468673168e-27,"data_set_value_component_ICaL_variable_f":0.9974096324,"data_set_value_component_ICaL_variable_dss0":0.0000037491,"data_set_value_component_ICaL_variable_taud":0.3664734617,"data_set_value_component_ICaL_variable_dss1":0.0,"data_set_value_component_ICaL_variable_dss":0.0,"data_set_value_component_ICaL_variable_fss":0.9996898734,"data_set_value_component_ICaL_variable_tauf":49.9505596697,"data_set_value_component_ICaL_variable_gacai":1.0,"data_set_value_component_ICaL_variable_gacao":0.341,"data_set_value_component_ICaL_variable_kmca":0.0006,"data_set_value_component_ICaL_variable_pca":0.00054,"data_set_value_component_ICaL_variable_pna":0.000000675,"data_set_value_component_ICaL_variable_ganai":0.75,"data_set_value_component_ICaL_variable_ganao":0.75,"data_set_value_component_ICaL_variable_pk":0.000000193,"data_set_value_component_ICaL_variable_gaki":0.75,"data_set_value_component_ICaL_variable_gako":0.75,"data_set_value_component_ICaL_variable_ibarca":-421.8187055823,"data_set_value_component_ICaL_variable_ibarna":-23.2840791987,"data_set_value_component_ICaL_variable_ibark":0.0329644807,"data_set_value_component_ICaL_variable_fca":0.7331237303,"data_set_value_component_ICaL_variable_ilca":-7.614480287e-25,"data_set_value_component_ICaL_variable_ilcana":-4.203136554e-26,"data_set_value_component_ICaL_variable_ilcak":5.950598801e-29,"data_set_value_component_IK1_variable_GK1max":0.75,"data_set_value_component_IK1_variable_GK1_":0.6846531969,"data_set_value_component_IK1_variable_ak1":1.0199981382,"data_set_value_component_IK1_variable_bk1":1.0232665984,"data_set_value_component_IK1_variable_gK1":0.3417790038,"data_set_value_component_IK1_variable_IK1":1.3026747668,"data_set_value_component_IKr_variable_gkrmax":0.02614,"data_set_value_component_IKr_variable_xr":0.0001617023,"data_set_value_component_IKr_variable_r":0.9713939789,"data_set_value_component_IKr_variable_xrss":0.000000011,"data_set_value_component_IKr_variable_tauxr":33.3731361132,"data_set_value_component_IKr_variable_ikr":0.0000142862,"data_set_value_component_IKs_variable_GKsmax":0.433,"data_set_value_component_IKs_variable_xs1":0.0284959351,"data_set_value_component_IKs_variable_xs2":0.07639733,"data_set_value_component_IKs_variable_gks":0.6721303015,"data_set_value_component_IKs_variable_xss":0.0046927143,"data_set_value_component_IKs_variable_tauxs":129.2295841104,"data_set_value_component_IKs_variable_iks":-0.0119754476,"data_set_value_component_INaK_variable_kmnai":10.0,"data_set_value_component_INaK_variable_kmko":1.5,"data_set_value_component_INaK_variable_ibarnak":2.25,"data_set_value_component_INaK_variable_fnak":0.4636898876,"data_set_value_component_INaK_variable_sigma":1.0009103049,"data_set_value_component_INaK_variable_inak":0.5743618786,"data_set_value_component_INaCa_variable_c1":0.00025,"data_set_value_component_INaCa_variable_c2":0.0001,"data_set_value_component_INaCa_variable_gammas":0.15,"data_set_value_component_INaCa_variable_inaca":-0.4832974068,"data_set_value_component_IKp_variable_GKpmax":0.00552,"data_set_value_component_IKp_variable_ikp":0.0000000025,"data_set_value_component_IpCa_variable_ibarpca":1.15,"data_set_value_component_IpCa_variable_kmpca":0.0005,"data_set_value_component_IpCa_variable_ipca":0.3496277807,"data_set_value_component_ICab_variable_gcab":0.003016,"data_set_value_component_ICab_variable_icab":-0.6285156288,"data_set_value_component_INab_variable_GNab":0.004,"data_set_value_component_INab_variable_inab":-0.5795967514,"data_set_value_component_ICaT_variable_b":0.0009281122,"data_set_value_component_ICaT_variable_g":0.9528803188,"data_set_value_component_ICaT_variable_gcat":0.05,"data_set_value_component_ICaT_variable_bss":0.0010600417,"data_set_value_component_ICaT_variable_taub":9.7999948853,"data_set_value_component_ICaT_variable_gss":0.9932625718,"data_set_value_component_ICaT_variable_aa":1.0,"data_set_value_component_ICaT_variable_taug":88.967252165,"data_set_value_component_ICaT_variable_icat":-0.0000085525,"data_set_value_component_reversal_potentials_variable_ENa":56.9366139413,"data_set_value_component_reversal_potentials_variable_ECa":120.431202211,"data_set_value_component_reversal_potentials_variable_EK":-91.7740273637,"data_set_value_component_reversal_potentials_variable_EKs":-79.7783559476,"data_set_value_component_reversal_potentials_variable_prnak":0.01833,"data_set_value_component_Irel_variable_Rel":1.047352429e-23,"data_set_value_component_Irel_variable_Rel_ss":-4.359769778e-25,"data_set_value_component_Irel_variable_tau_Rel":4.7098369033,"data_set_value_component_Irel_variable_K_Relss":1.0,"data_set_value_component_Irel_variable_alpha_Rel":0.59375,"data_set_value_component_Irel_variable_tau":4.75,"data_set_value_component_Irel_variable_kappa":0.125,"data_set_value_component_Irel_variable_qn":9.0,"data_set_value_component_Irel_variable_Ca_JSR_free":1.4423936057,"data_set_value_component_Irel_variable_bbb":2.9252227037,"data_set_value_component_Irel_variable_c":6.2998218371,"data_set_value_component_Irel_variable_kmcsqn":0.8,"data_set_value_component_Irel_variable_csqnbar":10.0,"data_set_value_component_Iup_Ileak_variable_kmup":0.00092,"data_set_value_component_Iup_Ileak_variable_iupbar":0.00875,"data_set_value_component_Iup_Ileak_variable_nsrbar":15.0,"data_set_value_component_Iup_Ileak_variable_iup":0.0016787696,"data_set_value_component_Iup_Ileak_variable_ileak":0.0015838081,"data_set_value_component_Itr_variable_tautr":120.0,"data_set_value_component_Itr_variable_itr":0.0106058834,"data_set_value_component_Na_variable_Na_i":16.6127417425,"data_set_value_component_K_variable_K_i":139.7310067741,"data_set_value_component_Ca_variable_Ca_T":0.0257029704,"data_set_value_component_Ca_variable_Ca_JSR_T":7.8747772963,"data_set_value_component_Ca_variable_Ca_NSR":2.7150996185,"data_set_value_component_Ca_variable_Over":0.0,"data_set_value_component_Ca_variable_cmdnbar":0.05,"data_set_value_component_Ca_variable_trpnbar":0.07,"data_set_value_component_Ca_variable_kmcmdn":0.00238,"data_set_value_component_Ca_variable_kmtrpn":0.0005,"data_set_value_component_Ca_variable_bmyo":0.0971770296,"data_set_value_component_Ca_variable_cmyo":0.0001187654,"data_set_value_component_Ca_variable_dmyo":-0.0000000306,"data_set_value_component_Ca_variable_Ca_i":0.0002184157},{"data_set_value_component_Environment_variable_time":0.2,"data_set_value_component_Environment_variable_F":96485.0,"data_set_value_component_Environment_variable_R":8314.0,"data_set_value_component_Environment_variable_Temp":310.0,"data_set_value_component_Environment_variable_FonRT":0.0374358835,"data_set_value_component_Environment_variable_K_o":4.5,"data_set_value_component_Environment_variable_Na_o":140.0,"data_set_value_component_Environment_variable_Ca_o":1.8,"data_set_value_component_cell_variable_V":-86.5377863201,"data_set_value_component_cell_variable_caiont":0.6099751858,"data_set_value_component_cell_variable_naiont":-0.1351600537,"data_set_value_component_cell_variable_kiont":-14.5053942703,"data_set_value_component_cell_variable_l":0.01,"data_set_value_component_cell_variable_ra":0.0011,"data_set_value_component_cell_variable_vcell":0.0000380133,"data_set_value_component_cell_variable_ageo":0.0000767177,"data_set_value_component_cell_variable_Acap":0.0001534354,"data_set_value_component_cell_variable_AF":0.0000000016,"data_set_value_component_cell_variable_vmyo":0.000025849,"data_set_value_component_cell_variable_vmito":0.0000091232,"data_set_value_component_cell_variable_vsr":0.0000022808,"data_set_value_component_cell_variable_vnsr":0.0000020983,"data_set_value_component_cell_variable_vjsr":0.0000001825,"data_set_value_component_cell_variable_vss":0.0000007603,"data_set_value_component_cell_variable_i_Stim":-15.0,"data_set_value_component_cell_variable_stim_offset":0.0,"data_set_value_component_cell_variable_stim_period":400.0,"data_set_value_component_cell_variable_stim_duration":3.0,"data_set_value_component_cell_variable_stim_amplitude":-15.0,"data_set_value_component_cell_variable_past":0.0,"data_set_value_component_INa_variable_H":0.9942177067,"data_set_value_component_INa_variable_m":0.001182293,"data_set_value_component_INa_variable_J":0.9960797291,"data_set_value_component_INa_variable_GNa":16.0,"data_set_value_component_INa_variable_a":1.0,"data_set_value_component_INa_variable_aH":0.3530868085,"data_set_value_component_INa_variable_bH":0.0038230036,"data_set_value_component_INa_variable_aj":0.0723041817,"data_set_value_component_INa_variable_bj":0.0005028486,"data_set_value_component_INa_variable_am":0.2499173255,"data_set_value_component_INa_variable_bm":208.7928974408,"data_set_value_component_INa_variable_ina":-0.000003757,"data_set_value_component_ICaL_variable_d":1.883846408e-27,"data_set_value_component_ICaL_variable_f":0.9974140639,"data_set_value_component_ICaL_variable_dss0":0.0000047107,"data_set_value_component_ICaL_variable_taud":0.3732948229,"data_set_value_component_ICaL_variable_dss1":0.0,"data_set_value_component_ICaL_variable_dss":0.0,"data_set_value_component_ICaL_variable_fss":0.9995562714,"data_set_value_component_ICaL_variable_tauf":49.9365352047,"data_set_value_component_ICaL_variable_gacai":1.0,"data_set_value_component_ICaL_variable_gacao":0.341,"data_set_value_component_ICaL_variable_kmca":0.0006,"data_set_value_component_ICaL_variable_pca":0.00054,"data_set_value_component_ICaL_variable_pna":0.000000675,"data_set_value_component_ICaL_variable_ganai":0.75,"data_set_value_component_ICaL_variable_ganao":0.75,"data_set_value_component_ICaL_variable_pk":0.000000193,"data_set_value_component_ICaL_variable_gaki":0.75,"data_set_value_component_ICaL_variable_gako":0.75,"data_set_value_component_ICaL_variable_ibarca":-415.0507606341,"data_set_value_component_ICaL_variable_ibarna":-22.9498797783,"data_set_value_component_ICaL_variable_ibark":0.0458894144,"data_set_value_component_ICaL_variable_fca":0.7331523879,"data_set_value_component_ICaL_variable_ilca":-5.71763525e-25,"data_set_value_component_ICaL_variable_ilcana":-3.161517917e-26,"data_set_value_component_ICaL_variable_ilcak":6.321610709e-29,"data_set_value_component_IK1_variable_GK1max":0.75,"data_set_value_component_IK1_variable_GK1_":0.6846531969,"data_set_value_component_IK1_variable_ak1":1.0199973847,"data_set_value_component_IK1_variable_bk1":1.1545732495,"data_set_value_component_IK1_variable_gK1":0.3211413137,"data_set_value_component_IK1_variable_IK1":1.6815788707,"data_set_value_component_IKr_variable_gkrmax":0.02614,"data_set_value_component_IKr_variable_xr":0.0001612255,"data_set_value_component_IKr_variable_r":0.9695724962,"data_set_value_component_IKr_variable_xrss":0.0000000154,"data_set_value_component_IKr_variable_tauxr":34.3621400271,"data_set_value_component_IKr_variable_ikr":0.0000195322,"data_set_value_component_IKs_variable_GKsmax":0.433,"data_set_value_component_IKs_variable_xs1":0.0284778896,"data_set_value_component_IKs_variable_xs2":0.076383657,"data_set_value_component_IKs_variable_gks":0.6721263997,"data_set_value_component_IKs_variable_xss":0.005108521,"data_set_value_component_IKs_variable_tauxs":132.2242511462,"data_set_value_component_IKs_variable_iks":-0.0098825312,"data_set_value_component_INaK_variable_kmnai":10.0,"data_set_value_component_INaK_variable_kmko":1.5,"data_set_value_component_INaK_variable_ibarnak":2.25,"data_set_value_component_INaK_variable_fnak":0.4751482193,"data_set_value_component_INaK_variable_sigma":1.0009103049,"data_set_value_component_INaK_variable_inak":0.5885550731,"data_set_value_component_INaCa_variable_c1":0.00025,"data_set_value_component_INaCa_variable_c2":0.0001,"data_set_value_component_INaCa_variable_gammas":0.15,"data_set_value_component_INaCa_variable_inaca":-0.4423079746,"data_set_value_component_IKp_variable_GKpmax":0.00552,"data_set_value_component_IKp_variable_ikp":0.0000000043,"data_set_value_component_IpCa_variable_ibarpca":1.15,"data_set_value_component_IpCa_variable_kmpca":0.0005,"data_set_value_component_IpCa_variable_ipca":0.3495921391,"data_set_value_component_ICab_variable_gcab":0.003016,"data_set_value_component_ICab_variable_icab":-0.6242243698,"data_set_value_component_INab_variable_GNab":0.004,"data_set_value_component_INab_variable_inab":-0.5738975923,"data_set_value_component_ICaT_variable_b":0.0009301981,"data_set_value_component_ICaT_variable_g":0.9529249482,"data_set_value_component_ICaT_variable_gcat":0.05,"data_set_value_component_ICaT_variable_bss":0.0012093506,"data_set_value_component_ICaT_variable_taub":9.7999929802,"data_set_value_component_ICaT_variable_gss":0.991327522,"data_set_value_component_ICaT_variable_aa":1.0,"data_set_value_component_ICaT_variable_taug":87.7205630301,"data_set_value_component_ICaT_variable_icat":-0.0000085327,"data_set_value_component_reversal_potentials_variable_ENa":56.9366117625,"data_set_value_component_reversal_potentials_variable_ECa":120.4331585786,"data_set_value_component_reversal_potentials_variable_EK":-91.7740446242,"data_set_value_component_reversal_potentials_variable_EKs":-79.7783731753,"data_set_value_component_reversal_potentials_variable_prnak":0.01833,"data_set_value_component_Irel_variable_Rel":1.026144995e-23,"data_set_value_component_Irel_variable_Rel_ss":-3.274004412e-25,"data_set_value_component_Irel_variable_tau_Rel":4.7098482007,"data_set_value_component_Irel_variable_K_Relss":1.0,"data_set_value_component_Irel_variable_alpha_Rel":0.59375,"data_set_value_component_Irel_variable_tau":4.75,"data_set_value_component_Irel_variable_kappa":0.125,"data_set_value_component_Irel_variable_qn":9.0,"data_set_value_component_Irel_variable_Ca_JSR_free":1.4428029103,"data_set_value_component_Irel_variable_bbb":2.9241623203,"data_set_value_component_Irel_variable_c":6.3006701437,"data_set_value_component_Irel_variable_kmcsqn":0.8,"data_set_value_component_Irel_variable_csqnbar":10.0,"data_set_value_component_Iup_Ileak_variable_kmup":0.00092,"data_set_value_component_Iup_Ileak_variable_iupbar":0.00875,"data_set_value_component_Iup_Ileak_variable_nsrbar":15.0,"data_set_value_component_Iup_Ileak_variable_iup":0.0016785709,"data_set_value_component_Iup_Ileak_variable_ileak":0.0015837599,"data_set_value_component_Itr_variable_tautr":120.0,"data_set_value_component_Itr_variable_itr":0.0106017832,"data_set_value_component_Na_variable_Na_i":16.6127430975,"data_set_value_component_K_variable_K_i":139.7310970632,"data_set_value_component_Ca_variable_Ca_T":0.025700205,"data_set_value_component_Ca_variable_Ca_JSR_T":7.8758376797,"data_set_value_component_Ca_variable_Ca_NSR":2.7150168997,"data_set_value_component_Ca_variable_Over":0.0,"data_set_value_component_Ca_variable_cmdnbar":0.05,"data_set_value_component_Ca_variable_trpnbar":0.07,"data_set_value_component_Ca_variable_kmcmdn":0.00238,"data_set_value_component_Ca_variable_kmtrpn":0.0005,"data_set_value_component_Ca_variable_bmyo":0.097179795,"data_set_value_component_Ca_variable_cmyo":0.0001187734,"data_set_value_component_Ca_variable_dmyo":-0.0000000306,"data_set_value_component_Ca_variable_Ca_i":0.0002183837},{"data_set_value_component_Environment_variable_time":0.3,"data_set_value_component_Environment_variable_F":96485.0,"data_set_value_component_Environment_variable_R":8314.0,"data_set_value_component_Environment_variable_Temp":310.0,"data_set_value_component_Environment_variable_FonRT":0.0374358835,"data_set_value_component_Environment_variable_K_o":4.5,"data_set_value_component_Environment_variable_Na_o":140.0,"data_set_value_component_Environment_variable_Ca_o":1.8,"data_set_value_component_cell_variable_V":-85.1542898222,"data_set_value_component_cell_variable_caiont":0.535101692,"data_set_value_component_cell_variable_naiont":0.0300524482,"data_set_value_component_cell_variable_kiont":-14.214700945,"data_set_value_component_cell_variable_l":0.01,"data_set_value_component_cell_variable_ra":0.0011,"data_set_value_component_cell_variable_vcell":0.0000380133,"data_set_value_component_cell_variable_ageo":0.0000767177,"data_set_value_component_cell_variable_Acap":0.0001534354,"data_set_value_component_cell_variable_AF":0.0000000016,"data_set_value_component_cell_variable_vmyo":0.000025849,"data_set_value_component_cell_variable_vmito":0.0000091232,"data_set_value_component_cell_variable_vsr":0.0000022808,"data_set_value_component_cell_variable_vnsr":0.0000020983,"data_set_value_component_cell_variable_vjsr":0.0000001825,"data_set_value_component_cell_variable_vss":0.0000007603,"data_set_value_component_cell_variable_i_Stim":-15.0,"data_set_value_component_cell_variable_stim_offset":0.0,"data_set_value_component_cell_variable_stim_period":400.0,"data_set_value_component_cell_variable_stim_duration":3.0,"data_set_value_component_cell_variable_stim_amplitude":-15.0,"data_set_value_component_cell_variable_past":0.0,"data_set_value_component_INa_variable_H":0.9940037579,"data_set_value_component_INa_variable_m":0.0014881789,"data_set_value_component_INa_variable_J":0.9960518409,"data_set_value_component_INa_variable_GNa":16.0,"data_set_value_component_INa_variable_a":1.0,"data_set_value_component_INa_variable_aH":0.2880858644,"data_set_value_component_INa_variable_bH":0.0042645438,"data_set_value_component_INa_variable_aj":0.0645157695,"data_set_value_component_INa_variable_bj":0.0005994604,"data_set_value_component_INa_variable_am":0.2777402864,"data_set_value_component_INa_variable_bm":184.1168168675,"data_set_value_component_INa_variable_ina":-0.0000074186,"data_set_value_component_ICaL_variable_d":1.444643891e-27,"data_set_value_component_ICaL_variable_f":0.997418195,"data_set_value_component_ICaL_variable_dss0":0.0000058799,"data_set_value_component_ICaL_variable_taud":0.3801658248,"data_set_value_component_ICaL_variable_dss1":0.0,"data_set_value_component_ICaL_variable_dss":0.0,"data_set_value_component_ICaL_variable_fss":0.9993965745,"data_set_value_component_ICaL_variable_tauf":49.9194815876,"data_set_value_component_ICaL_variable_gacai":1.0,"data_set_value_component_ICaL_variable_gacao":0.341,"data_set_value_component_ICaL_variable_kmca":0.0006,"data_set_value_component_ICaL_variable_pca":0.00054,"data_set_value_component_ICaL_variable_pna":0.000000675,"data_set_value_component_ICaL_variable_ganai":0.75,"data_set_value_component_ICaL_variable_ganao":0.75,"data_set_value_component_ICaL_variable_pk":0.000000193,"data_set_value_component_ICaL_variable_gaki":0.75,"data_set_value_component_ICaL_variable_gako":0.75,"data_set_value_component_ICaL_variable_ibarca":-408.4837762648,"data_set_value_component_ICaL_variable_ibarna":-22.6264125682,"data_set_value_component_ICaL_variable_ibark":0.0587678692,"data_set_value_component_ICaL_variable_fca":0.7331786024,"data_set_value_component_ICaL_variable_ilca":-4.315416183e-25,"data_set_value_component_ICaL_variable_ilcana":-2.390361445e-26,"data_set_value_component_ICaL_variable_ilcak":6.208516185e-29,"data_set_value_component_IK1_variable_GK1max":0.75,"data_set_value_component_IK1_variable_GK1_":0.6846531969,"data_set_value_component_IK1_variable_ak1":1.0199963623,"data_set_value_component_IK1_variable_bk1":1.2941205126,"data_set_value_component_IK1_variable_gK1":0.3017754971,"data_set_value_component_IK1_variable_IK1":1.9976848909,"data_set_value_component_IKr_variable_gkrmax":0.02614,"data_set_value_component_IKr_variable_xr":0.0001607638,"data_set_value_component_IKr_variable_r":0.9676965675,"data_set_value_component_IKr_variable_xrss":0.0000000213,"data_set_value_component_IKr_variable_tauxr":35.3787872709,"data_set_value_component_IKr_variable_ikr":0.0000245745,"data_set_value_component_IKs_variable_GKsmax":0.433,"data_set_value_component_IKs_variable_xs1":0.028460583,"data_set_value_component_IKs_variable_xs2":0.0763703743,"data_set_value_component_IKs_variable_gks":0.6721228297,"data_set_value_component_IKs_variable_xss":0.0055473087,"data_set_value_component_IKs_variable_tauxs":135.2534119363,"data_set_value_component_IKs_variable_iks":-0.0078535954,"data_set_value_component_INaK_variable_kmnai":10.0,"data_set_value_component_INaK_variable_kmko":1.5,"data_set_value_component_INaK_variable_ibarnak":2.25,"data_set_value_component_INaK_variable_fnak":0.4862272447,"data_set_value_component_INaK_variable_sigma":1.0009103049,"data_set_value_component_INaK_variable_inak":0.6022784109,"data_set_value_component_INaCa_variable_c1":0.00025,"data_set_value_component_INaCa_variable_c2":0.0001,"data_set_value_component_INaCa_variable_gammas":0.15,"data_set_value_component_INaCa_variable_inaca":-0.4028039206,"data_set_value_component_IKp_variable_GKpmax":0.00552,"data_set_value_component_IKp_variable_ikp":0.0000000068,"data_set_value_component_IpCa_variable_ibarpca":1.15,"data_set_value_component_IpCa_variable_kmpca":0.0005,"data_set_value_component_IpCa_variable_ipca":0.3495595359,"data_set_value_component_ICab_variable_gcab":0.003016,"data_set_value_component_ICab_variable_icab":-0.6200571421,"data_set_value_component_INab_variable_GNab":0.004,"data_set_value_component_INab_variable_inab":-0.5683636043,"data_set_value_component_ICaT_variable_b":0.0009338574,"data_set_value_component_ICaT_variable_g":0.9529676745,"data_set_value_component_ICaT_variable_gcat":0.05,"data_set_value_component_ICaT_variable_bss":0.0013744034,"data_set_value_component_ICaT_variable_taub":9.7999904535,"data_set_value_component_ICaT_variable_gss":0.9889240065,"data_set_value_component_ICaT_variable_aa":1.0,"data_set_value_component_ICaT_variable_taug":86.5100035945,"data_set_value_component_ICaT_variable_icat":-0.000008543,"data_set_value_component_reversal_potentials_variable_ENa":56.9366112473,"data_set_value_component_reversal_potentials_variable_ECa":120.4349482737,"data_set_value_component_reversal_potentials_variable_EK":-91.7740615072,"data_set_value_component_reversal_potentials_variable_EKs":-79.7783900227,"data_set_value_component_reversal_potentials_variable_prnak":0.01833,"data_set_value_component_Irel_variable_Rel":1.005186464e-23,"data_set_value_component_Irel_variable_Rel_ss":-2.47129681e-25,"data_set_value_component_Irel_variable_tau_Rel":4.70985949,"data_set_value_component_Irel_variable_K_Relss":1.0,"data_set_value_component_Irel_variable_alpha_Rel":0.59375,"data_set_value_component_Irel_variable_tau":4.75,"data_set_value_component_Irel_variable_kappa":0.125,"data_set_value_component_Irel_variable_qn":9.0,"data_set_value_component_Irel_variable_Ca_JSR_free":1.4432121482,"data_set_value_component_Irel_variable_bbb":2.923102347,"data_set_value_component_Irel_variable_c":6.3015181224,"data_set_value_component_Irel_variable_kmcsqn":0.8,"data_set_value_component_Irel_variable_csqnbar":10.0,"data_set_value_component_Iup_Ileak_variable_kmup":0.00092,"data_set_value_component_Iup_Ileak_variable_iupbar":0.00875,"data_set_value_component_Iup_Ileak_variable_nsrbar":15.0,"data_set_value_component_Iup_Ileak_variable_iup":0.0016783891,"data_set_value_component_Iup_Ileak_variable_ileak":0.0015837116,"data_set_value_component_Itr_variable_tautr":120.0,"data_set_value_component_Itr_variable_itr":0.0105976838,"data_set_value_component_Na_variable_Na_i":16.6127434179,"data_set_value_component_K_variable_K_i":139.7311853775,"data_set_value_component_Ca_variable_Ca_T":0.0256976755,"data_set_value_component_Ca_variable_Ca_JSR_T":7.876897653,"data_set_value_component_Ca_variable_Ca_NSR":2.7149342024,"data_set_value_component_Ca_variable_Over":0.0,"data_set_value_component_Ca_variable_cmdnbar":0.05,"data_set_value_component_Ca_variable_trpnbar":0.07,"data_set_value_component_Ca_variable_kmcmdn":0.00238,"data_set_value_component_Ca_variable_kmtrpn":0.0005,"data_set_value_component_Ca_variable_bmyo":0.0971823245,"data_set_value_component_Ca_variable_cmyo":0.0001187807,"data_set_value_component_Ca_variable_dmyo":-0.0000000306,"data_set_value_component_Ca_variable_Ca_i":0.0002183545},{"data_set_value_component_Environment_variable_time":0.4,"data_set_value_component_Environment_variable_F":96485.0,"data_set_value_component_Environment_variable_R":8314.0,"data_set_value_component_Environment_variable_Temp":310.0,"data_set_value_component_Environment_variable_FonRT":0.0374358835,"data_set_value_component_Environment_variable_K_o":4.5,"data_set_value_component_Environment_variable_Na_o":140.0,"data_set_value_component_Environment_variable_Ca_o":1.8,"data_set_value_component_cell_variable_V":-83.8059541179,"data_set_value_component_cell_variable_caiont":0.462765508,"data_set_value_component_cell_variable_naiont":0.1898998173,"data_set_value_component_cell_variable_kiont":-13.9788973873,"data_set_value_component_cell_variable_l":0.01,"data_set_value_component_cell_variable_ra":0.0011,"data_set_value_component_cell_variable_vcell":0.0000380133,"data_set_value_component_cell_variable_ageo":0.0000767177,"data_set_value_component_cell_variable_Acap":0.0001534354,"data_set_value_component_cell_variable_AF":0.0000000016,"data_set_value_component_cell_variable_vmyo":0.000025849,"data_set_value_component_cell_variable_vmito":0.0000091232,"data_set_value_component_cell_variable_vsr":0.0000022808,"data_set_value_component_cell_variable_vnsr":0.0000020983,"data_set_value_component_cell_variable_vjsr":0.0000001825,"data_set_value_component_cell_variable_vss":0.0000007603,"data_set_value_component_cell_variable_i_Stim":-15.0,"data_set_value_component_cell_variable_stim_offset":0.0,"data_set_value_component_cell_variable_stim_period":400.0,"data_set_value_component_cell_variable_stim_duration":3.0,"data_set_value_component_cell_variable_stim_amplitude":-15.0,"data_set_value_component_cell_variable_past":0.0,"data_set_value_component_INa_variable_H":0.9937165325,"data_set_value_component_INa_variable_m":0.0018597222,"data_set_value_component_INa_variable_J":0.996010803,"data_set_value_component_INa_variable_GNa":16.0,"data_set_value_component_INa_variable_a":1.0,"data_set_value_component_INa_variable_aH":0.2362696916,"data_set_value_component_INa_variable_bH":0.0047438895,"data_set_value_component_INa_variable_aj":0.0570802165,"data_set_value_component_INa_variable_bj":0.0007113993,"data_set_value_component_INa_variable_am":0.3075742364,"data_set_value_component_INa_variable_bm":162.8768603484,"data_set_value_component_INa_variable_ina":-0.0000143356,"data_set_value_component_ICaL_variable_d":1.113143984e-27,"data_set_value_component_ICaL_variable_f":0.9974219703,"data_set_value_component_ICaL_variable_dss0":0.0000072982,"data_set_value_component_ICaL_variable_taud":0.387109846,"data_set_value_component_ICaL_variable_dss1":0.0,"data_set_value_component_ICaL_variable_dss":0.0,"data_set_value_component_ICaL_variable_fss":0.9992068388,"data_set_value_component_ICaL_variable_tauf":49.8988934503,"data_set_value_component_ICaL_variable_gacai":1.0,"data_set_value_component_ICaL_variable_gacao":0.341,"data_set_value_component_ICaL_variable_kmca":0.0006,"data_set_value_component_ICaL_variable_pca":0.00054,"data_set_value_component_ICaL_variable_pna":0.000000675,"data_set_value_component_ICaL_variable_ganai":0.75,"data_set_value_component_ICaL_variable_ganao":0.75,"data_set_value_component_ICaL_variable_pk":0.000000193,"data_set_value_component_ICaL_variable_gaki":0.75,"data_set_value_component_ICaL_variable_gako":0.75,"data_set_value_component_ICaL_variable_ibarca":-402.0886460343,"data_set_value_component_ICaL_variable_ibarna":-22.3121869564,"data_set_value_component_ICaL_variable_ibark":0.0716389452,"data_set_value_component_ICaL_variable_fca":0.7332024608,"data_set_value_component_ICaL_variable_ilca":-3.273226041e-25,"data_set_value_component_ICaL_variable_ilcana":-1.816336574e-26,"data_set_value_component_ICaL_variable_ilcak":5.831810056e-29,"data_set_value_component_IK1_variable_GK1max":0.75,"data_set_value_component_IK1_variable_GK1_":0.6846531969,"data_set_value_component_IK1_variable_ak1":1.0199949825,"data_set_value_component_IK1_variable_bk1":1.4442204318,"data_set_value_component_IK1_variable_gK1":0.283393579,"data_set_value_component_IK1_variable_IK1":2.2581151675,"data_set_value_component_IKr_variable_gkrmax":0.02614,"data_set_value_component_IKr_variable_xr":0.0001603167,"data_set_value_component_IKr_variable_r":0.9657610158,"data_set_value_component_IKr_variable_xrss":0.0000000293,"data_set_value_component_IKr_variable_tauxr":36.4274944078,"data_set_value_component_IKr_variable_ikr":0.0000294388,"data_set_value_component_IKs_variable_GKsmax":0.433,"data_set_value_component_IKs_variable_xs1":0.0284440044,"data_set_value_component_IKs_variable_xs2":0.0763574726,"data_set_value_component_IKs_variable_gks":0.6721195799,"data_set_value_component_IKs_variable_xss":0.0060109645,"data_set_value_component_IKs_variable_tauxs":138.3267761164,"data_set_value_component_IKs_variable_iks":-0.0058793526,"data_set_value_component_INaK_variable_kmnai":10.0,"data_set_value_component_INaK_variable_kmko":1.5,"data_set_value_component_INaK_variable_ibarnak":2.25,"data_set_value_component_INaK_variable_fnak":0.4969668726,"data_set_value_component_INaK_variable_sigma":1.0009103049,"data_set_value_component_INaK_variable_inak":0.6155813256,"data_set_value_component_INaCa_variable_c1":0.00025,"data_set_value_component_INaCa_variable_c2":0.0001,"data_set_value_component_INaCa_variable_gammas":0.15,"data_set_value_component_INaCa_variable_inaca":-0.3646198527,"data_set_value_component_IKp_variable_GKpmax":0.00552,"data_set_value_component_IKp_variable_ikp":0.0000000103,"data_set_value_component_IpCa_variable_ibarpca":1.15,"data_set_value_component_IpCa_variable_kmpca":0.0005,"data_set_value_component_IpCa_variable_ipca":0.3495298626,"data_set_value_component_ICab_variable_gcab":0.003016,"data_set_value_component_ICab_variable_icab":-0.6159954745,"data_set_value_component_INab_variable_GNab":0.004,"data_set_value_component_INab_variable_inab":-0.5629702658,"data_set_value_component_ICaT_variable_b":0.0009392422,"data_set_value_component_ICaT_variable_g":0.9530078278,"data_set_value_component_ICaT_variable_gcat":0.05,"data_set_value_component_ICaT_variable_bss":0.0015568786,"data_set_value_component_ICaT_variable_taub":9.7999871183,"data_set_value_component_ICaT_variable_gss":0.985951108,"data_set_value_component_ICaT_variable_aa":1.0,"data_set_value_component_ICaT_variable_taug":85.3302098532,"data_set_value_component_ICaT_variable_icat":-0.0000085855,"data_set_value_component_reversal_potentials_variable_ENa":56.9366123394,"data_set_value_component_reversal_potentials_variable_ECa":120.436577215,"data_set_value_component_reversal_potentials_variable_EK":-91.7740780812,"data_set_value_component_reversal_potentials_variable_EKs":-79.7784065583,"data_set_value_component_reversal_potentials_variable_prnak":0.01833,"data_set_value_component_Irel_variable_Rel":9.845225018e-24,"data_set_value_component_Irel_variable_Rel_ss":-1.874638426e-25,"data_set_value_component_Irel_variable_tau_Rel":4.709870771,"data_set_value_component_Irel_variable_K_Relss":1.0,"data_set_value_component_Irel_variable_alpha_Rel":0.59375,"data_set_value_component_Irel_variable_tau":4.75,"data_set_value_component_Irel_variable_kappa":0.125,"data_set_value_component_Irel_variable_qn":9.0,"data_set_value_component_Irel_variable_Ca_JSR_free":1.4436213195,"data_set_value_component_Irel_variable_bbb":2.9220427836,"data_set_value_component_Irel_variable_c":6.3023657732,"data_set_value_component_Irel_variable_kmcsqn":0.8,"data_set_value_component_Irel_variable_csqnbar":10.0,"data_set_value_component_Iup_Ileak_variable_kmup":0.00092,"data_set_value_component_Iup_Ileak_variable_iupbar":0.00875,"data_set_value_component_Iup_Ileak_variable_nsrbar":15.0,"data_set_value_component_Iup_Ileak_variable_iup":0.0016782237,"data_set_value_component_Iup_Ileak_variable_ileak":0.0015836634,"data_set_value_component_Itr_variable_tautr":120.0,"data_set_value_component_Itr_variable_itr":0.0105935851,"data_set_value_component_Na_variable_Na_i":16.6127427387,"data_set_value_component_K_variable_K_i":139.7312720755,"data_set_value_component_Ca_variable_Ca_T":0.0256953733,"data_set_value_component_Ca_variable_Ca_JSR_T":7.8779572164,"data_set_value_component_Ca_variable_Ca_NSR":2.7148515282,"data_set_value_component_Ca_variable_Over":0.0,"data_set_value_component_Ca_variable_cmdnbar":0.05,"data_set_value_component_Ca_variable_trpnbar":0.07,"data_set_value_component_Ca_variable_kmcmdn":0.00238,"data_set_value_component_Ca_variable_kmtrpn":0.0005,"data_set_value_component_Ca_variable_bmyo":0.0971846267,"data_set_value_component_Ca_variable_cmyo":0.0001187873,"data_set_value_component_Ca_variable_dmyo":-0.0000000306,"data_set_value_component_Ca_variable_Ca_i":0.0002183279},{"data_set_value_component_Environment_variable_time":0.5,"data_set_value_component_Environment_variable_F":96485.0,"data_set_value_component_Environment_variable_R":8314.0,"data_set_value_component_Environment_variable_Temp":310.0,"data_set_value_component_Environment_variable_FonRT":0.0374358835,"data_set_value_component_Environment_variable_K_o":4.5,"data_set_value_component_Environment_variable_Na_o":140.0,"data_set_value_component_Environment_variable_Ca_o":1.8,"data_set_value_component_cell_variable_V":-82.4873323019,"data_set_value_component_cell_variable_caiont":0.3926897698,"data_set_value_component_cell_variable_naiont":0.3449734449,"data_set_value_component_cell_variable_kiont":-13.791937081,"data_set_value_component_cell_variable_l":0.01,"data_set_value_component_cell_variable_ra":0.0011,"data_set_value_component_cell_variable_vcell":0.0000380133,"data_set_value_component_cell_variable_ageo":0.0000767177,"data_set_value_component_cell_variable_Acap":0.0001534354,"data_set_value_component_cell_variable_AF":0.0000000016,"data_set_value_component_cell_variable_vmyo":0.000025849,"data_set_value_component_cell_variable_vmito":0.0000091232,"data_set_value_component_cell_variable_vsr":0.0000022808,"data_set_value_component_cell_variable_vnsr":0.0000020983,"data_set_value_component_cell_variable_vjsr":0.0000001825,"data_set_value_component_cell_variable_vss":0.0000007603,"data_set_value_component_cell_variable_i_Stim":-15.0,"data_set_value_component_cell_variable_stim_offset":0.0,"data_set_value_component_cell_variable_stim_period":400.0,"data_set_value_component_cell_variable_stim_duration":3.0,"data_set_value_component_cell_variable_stim_amplitude":-15.0,"data_set_value_component_cell_variable_past":0.0,"data_set_value_component_INa_variable_H":0.9933581967,"data_set_value_component_INa_variable_m":0.0023107018,"data_set_value_component_INa_variable_J":0.9959551296,"data_set_value_component_INa_variable_GNa":16.0,"data_set_value_component_INa_variable_a":1.0,"data_set_value_component_INa_variable_aH":0.1946219464,"data_set_value_component_INa_variable_bH":0.0052647498,"data_set_value_component_INa_variable_aj":0.0499530695,"data_set_value_component_INa_variable_bj":0.0008409935,"data_set_value_component_INa_variable_am":0.3395644833,"data_set_value_component_INa_variable_bm":144.476916412,"data_set_value_component_INa_variable_ina":-0.0000272292,"data_set_value_component_ICaL_variable_d":8.617233038e-28,"data_set_value_component_ICaL_variable_f":0.997425326,"data_set_value_component_ICaL_variable_dss0":0.0000090155,"data_set_value_component_ICaL_variable_taud":0.3941504328,"data_set_value_component_ICaL_variable_dss1":0.0,"data_set_value_component_ICaL_variable_dss":0.0,"data_set_value_component_ICaL_variable_fss":0.998982442,"data_set_value_component_ICaL_variable_tauf":49.874191537,"data_set_value_component_ICaL_variable_gacai":1.0,"data_set_value_component_ICaL_variable_gacao":0.341,"data_set_value_component_ICaL_variable_kmca":0.0006,"data_set_value_component_ICaL_variable_pca":0.00054,"data_set_value_component_ICaL_variable_pna":0.000000675,"data_set_value_component_ICaL_variable_ganai":0.75,"data_set_value_component_ICaL_variable_ganao":0.75,"data_set_value_component_ICaL_variable_pk":0.000000193,"data_set_value_component_ICaL_variable_gaki":0.75,"data_set_value_component_ICaL_variable_gako":0.75,"data_set_value_component_ICaL_variable_ibarca":-395.8395688466,"data_set_value_component_ICaL_variable_ibarna":-22.0058874969,"data_set_value_component_ICaL_variable_ibark":0.0845402035,"data_set_value_component_ICaL_variable_fca":0.7332240409,"data_set_value_component_ICaL_variable_ilca":-2.494618451e-25,"data_set_value_component_ICaL_variable_ilcana":-1.386831871e-26,"data_set_value_component_ICaL_variable_ilcak":5.327803691e-29,"data_set_value_component_IK1_variable_GK1max":0.75,"data_set_value_component_IK1_variable_GK1_":0.6846531969,"data_set_value_component_IK1_variable_ak1":1.0199931282,"data_set_value_component_IK1_variable_bk1":1.6067146759,"data_set_value_component_IK1_variable_gK1":0.2658619109,"data_set_value_component_IK1_variable_IK1":2.4689963189,"data_set_value_component_IKr_variable_gkrmax":0.02614,"data_set_value_component_IKr_variable_xr":0.0001598836,"data_set_value_component_IKr_variable_r":0.9637601976,"data_set_value_component_IKr_variable_xrss":0.0000000399,"data_set_value_component_IKr_variable_tauxr":37.5130104656,"data_set_value_component_IKr_variable_ikr":0.000034147,"data_set_value_component_IKs_variable_GKsmax":0.433,"data_set_value_component_IKs_variable_xs1":0.0284281458,"data_set_value_component_IKs_variable_xs2":0.0763449443,"data_set_value_component_IKs_variable_gks":0.6721166399,"data_set_value_component_IKs_variable_xss":0.0065016166,"data_set_value_component_IKs_variable_tauxs":141.454224759,"data_set_value_component_IKs_variable_iks":-0.0039515543,"data_set_value_component_INaK_variable_kmnai":10.0,"data_set_value_component_INaK_variable_kmko":1.5,"data_set_value_component_INaK_variable_ibarnak":2.25,"data_set_value_component_INaK_variable_fnak":0.5074027761,"data_set_value_component_INaK_variable_sigma":1.0009103049,"data_set_value_component_INaK_variable_inak":0.6285080038,"data_set_value_component_INaCa_variable_c1":0.00025,"data_set_value_component_INaCa_variable_c2":0.0001,"data_set_value_component_INaCa_variable_gammas":0.15,"data_set_value_component_INaCa_variable_inaca":-0.3276091827,"data_set_value_component_IKp_variable_GKpmax":0.00552,"data_set_value_component_IKp_variable_ikp":0.000000015,"data_set_value_component_IpCa_variable_ibarpca":1.15,"data_set_value_component_IpCa_variable_kmpca":0.0005,"data_set_value_component_IpCa_variable_ipca":0.3495030227,"data_set_value_component_ICab_variable_gcab":0.003016,"data_set_value_component_ICab_variable_icab":-0.6120229551,"data_set_value_component_INab_variable_GNab":0.004,"data_set_value_component_INab_variable_inab":-0.5576957892,"data_set_value_component_ICaT_variable_b":0.0009465215,"data_set_value_component_ICaT_variable_g":0.953044585,"data_set_value_component_ICaT_variable_gcat":0.05,"data_set_value_component_ICaT_variable_bss":0.0017587008,"data_set_value_component_ICaT_variable_taub":9.7999827324,"data_set_value_component_ICaT_variable_gss":0.9822871803,"data_set_value_component_ICaT_variable_aa":1.0,"data_set_value_component_ICaT_variable_taug":84.1764157642,"data_set_value_component_ICaT_variable_icat":-0.0000086632,"data_set_value_component_reversal_potentials_variable_ENa":56.9366149886,"data_set_value_component_reversal_potentials_variable_ECa":120.4380506811,"data_set_value_component_reversal_potentials_variable_EK":-91.7740944072,"data_set_value_component_reversal_potentials_variable_EKs":-79.778422843,"data_set_value_component_reversal_potentials_variable_prnak":0.01833,"data_set_value_component_Irel_variable_Rel":9.641840712e-24,"data_set_value_component_Irel_variable_Rel_ss":-1.428844042e-25,"data_set_value_component_Irel_variable_tau_Rel":4.7098820439,"data_set_value_component_Irel_variable_K_Relss":1.0,"data_set_value_component_Irel_variable_alpha_Rel":0.59375,"data_set_value_component_Irel_variable_tau":4.75,"data_set_value_component_Irel_variable_kappa":0.125,"data_set_value_component_Irel_variable_qn":9.0,"data_set_value_component_Irel_variable_Ca_JSR_free":1.4440304242,"data_set_value_component_Irel_variable_bbb":2.92098363,"data_set_value_component_Irel_variable_c":6.303213096,"data_set_value_component_Irel_variable_kmcsqn":0.8,"data_set_value_component_Irel_variable_csqnbar":10.0,"data_set_value_component_Iup_Ileak_variable_kmup":0.00092,"data_set_value_component_Iup_Ileak_variable_iupbar":0.00875,"data_set_value_component_Iup_Ileak_variable_nsrbar":15.0,"data_set_value_component_Iup_Ileak_variable_iup":0.001678074,"data_set_value_component_Iup_Ileak_variable_ileak":0.0015836152,"data_set_value_component_Itr_variable_tautr":120.0,"data_set_value_component_Itr_variable_itr":0.0105894871,"data_set_value_component_Na_variable_Na_i":16.6127410911,"data_set_value_component_K_variable_K_i":139.731357476,"data_set_value_component_Ca_variable_Ca_T":0.025693291,"data_set_value_component_Ca_variable_Ca_JSR_T":7.87901637,"data_set_value_component_Ca_variable_Ca_NSR":2.7147688787,"data_set_value_component_Ca_variable_Over":0.0,"data_set_value_component_Ca_variable_cmdnbar":0.05,"data_set_value_component_Ca_variable_trpnbar":0.07,"data_set_value_component_Ca_variable_kmcmdn":0.00238,"data_set_value_component_Ca_variable_kmtrpn":0.0005,"data_set_value_component_Ca_variable_bmyo":0.097186709,"data_set_value_component_Ca_variable_cmyo":0.0001187933,"data_set_value_component_Ca_variable_dmyo":-0.0000000306,"data_set_value_component_Ca_variable_Ca_i":0.0002183038},{"data_set_value_component_Environment_variable_time":0.6,"data_set_value_component_Environment_variable_F":96485.0,"data_set_value_component_Environment_variable_R":8314.0,"data_set_value_component_Environment_variable_Temp":310.0,"data_set_value_component_Environment_variable_FonRT":0.0374358835,"data_set_value_component_Environment_variable_K_o":4.5,"data_set_value_component_Environment_variable_Na_o":140.0,"data_set_value_component_Environment_variable_Ca_o":1.8,"data_set_value_component_cell_variable_V":-81.19357627,"data_set_value_component_cell_variable_caiont":0.3246300422,"data_set_value_component_cell_variable_naiont":0.4957941089,"data_set_value_component_cell_variable_kiont":-13.6484516614,"data_set_value_component_cell_variable_l":0.01,"data_set_value_component_cell_variable_ra":0.0011,"data_set_value_component_cell_variable_vcell":0.0000380133,"data_set_value_component_cell_variable_ageo":0.0000767177,"data_set_value_component_cell_variable_Acap":0.0001534354,"data_set_value_component_cell_variable_AF":0.0000000016,"data_set_value_component_cell_variable_vmyo":0.000025849,"data_set_value_component_cell_variable_vmito":0.0000091232,"data_set_value_component_cell_variable_vsr":0.0000022808,"data_set_value_component_cell_variable_vnsr":0.0000020983,"data_set_value_component_cell_variable_vjsr":0.0000001825,"data_set_value_component_cell_variable_vss":0.0000007603,"data_set_value_component_cell_variable_i_Stim":-15.0,"data_set_value_component_cell_variable_stim_offset":0.0,"data_set_value_component_cell_variable_stim_period":400.0,"data_set_value_component_cell_variable_stim_duration":3.0,"data_set_value_component_cell_variable_stim_amplitude":-15.0,"data_set_value_component_cell_variable_past":0.0,"data_set_value_component_INa_variable_H":0.9929288485,"data_set_value_component_INa_variable_m":0.0028558775,"data_set_value_component_INa_variable_J":0.9958830642,"data_set_value_component_INa_variable_GNa":16.0,"data_set_value_component_INa_variable_a":1.0,"data_set_value_component_INa_variable_aH":0.1609028393,"data_set_value_component_INa_variable_bH":0.005831344,"data_set_value_component_INa_variable_aj":0.0431702074,"data_set_value_component_INa_variable_bj":0.0009909704,"data_set_value_component_INa_variable_am":0.3738729837,"data_set_value_component_INa_variable_bm":128.4456120303,"data_set_value_component_INa_variable_ina":-0.0000509042,"data_set_value_component_ICaL_variable_d":6.70145053e-28,"data_set_value_component_ICaL_variable_f":0.997428188,"data_set_value_component_ICaL_variable_dss0":0.0000110925,"data_set_value_component_ICaL_variable_taud":0.4013114133,"data_set_value_component_ICaL_variable_dss1":0.0,"data_set_value_component_ICaL_variable_dss":0.0,"data_set_value_component_ICaL_variable_fss":0.9987179562,"data_set_value_component_ICaL_variable_tauf":49.8447121399,"data_set_value_component_ICaL_variable_gacai":1.0,"data_set_value_component_ICaL_variable_gacao":0.341,"data_set_value_component_ICaL_variable_kmca":0.0006,"data_set_value_component_ICaL_variable_pca":0.00054,"data_set_value_component_ICaL_variable_pna":0.000000675,"data_set_value_component_ICaL_variable_ganai":0.75,"data_set_value_component_ICaL_variable_ganao":0.75,"data_set_value_component_ICaL_variable_pk":0.000000193,"data_set_value_component_ICaL_variable_gaki":0.75,"data_set_value_component_ICaL_variable_gako":0.75,"data_set_value_component_ICaL_variable_ibarca":-389.7136452373,"data_set_value_component_ICaL_variable_ibarna":-21.7063520186,"data_set_value_component_ICaL_variable_ibark":0.0975077906,"data_set_value_component_ICaL_variable_fca":0.733243412,"data_set_value_component_ICaL_variable_ilca":-1.910047798e-25,"data_set_value_component_ICaL_variable_ilcana":-1.063862412e-26,"data_set_value_component_ICaL_variable_ilcak":4.779009998e-29,"data_set_value_component_IK1_variable_GK1max":0.75,"data_set_value_component_IK1_variable_GK1_":0.6846531969,"data_set_value_component_IK1_variable_ak1":1.0199906443,"data_set_value_component_IK1_variable_bk1":1.7832944607,"data_set_value_component_IK1_variable_gK1":0.2491148168,"data_set_value_component_IK1_variable_IK1":2.6357678563,"data_set_value_component_IKr_variable_gkrmax":0.02614,"data_set_value_component_IKr_variable_xr":0.0001594643,"data_set_value_component_IKr_variable_r":0.9616880222,"data_set_value_component_IKr_variable_xrss":0.0000000542,"data_set_value_component_IKr_variable_tauxr":38.6404573894,"data_set_value_component_IKr_variable_ikr":0.0000387187,"data_set_value_component_IKs_variable_GKsmax":0.433,"data_set_value_component_IKs_variable_xs1":0.0284130013,"data_set_value_component_IKs_variable_xs2":0.0763327831,"data_set_value_component_IKs_variable_gks":0.6721140004,"data_set_value_component_IKs_variable_xss":0.0070216463,"data_set_value_component_IKs_variable_tauxs":144.6458334121,"data_set_value_component_IKs_variable_iks":-0.0020628599,"data_set_value_component_INaK_variable_kmnai":10.0,"data_set_value_component_INaK_variable_kmko":1.5,"data_set_value_component_INaK_variable_ibarnak":2.25,"data_set_value_component_INaK_variable_fnak":0.5175666454,"data_set_value_component_INaK_variable_sigma":1.0009103049,"data_set_value_component_INaK_variable_inak":0.6410976988,"data_set_value_component_INaCa_variable_c1":0.00025,"data_set_value_component_INaCa_variable_c2":0.0001,"data_set_value_component_INaCa_variable_gammas":0.15,"data_set_value_component_INaCa_variable_inaca":-0.2916424339,"data_set_value_component_IKp_variable_GKpmax":0.00552,"data_set_value_component_IKp_variable_ikp":0.0000000212,"data_set_value_component_IpCa_variable_ibarpca":1.15,"data_set_value_component_IpCa_variable_kmpca":0.0005,"data_set_value_component_IpCa_variable_ipca":0.3494789301,"data_set_value_component_ICab_variable_gcab":0.003016,"data_set_value_component_ICab_variable_icab":-0.6081249762,"data_set_value_component_INab_variable_GNab":0.004,"data_set_value_component_INab_variable_inab":-0.5525207817,"data_set_value_component_ICaT_variable_b":0.0009558835,"data_set_value_component_ICaT_variable_g":0.9530769348,"data_set_value_component_ICaT_variable_gcat":0.05,"data_set_value_component_ICaT_variable_bss":0.0019820741,"data_set_value_component_ICaT_variable_taub":9.7999769807,"data_set_value_component_ICaT_variable_gss":0.97778598,"data_set_value_component_ICaT_variable_aa":1.0,"data_set_value_component_ICaT_variable_taug":83.0443792363,"data_set_value_component_ICaT_variable_icat":-0.0000087795,"data_set_value_component_reversal_potentials_variable_ENa":56.9366191505,"data_set_value_component_reversal_potentials_variable_ECa":120.4393733851,"data_set_value_component_reversal_potentials_variable_EK":-91.7741105393,"data_set_value_component_reversal_potentials_variable_EKs":-79.778438931,"data_set_value_component_reversal_potentials_variable_prnak":0.01833,"data_set_value_component_Irel_variable_Rel":9.441916051e-24,"data_set_value_component_Irel_variable_Rel_ss":-1.09411759e-25,"data_set_value_component_Irel_variable_tau_Rel":4.7098933086,"data_set_value_component_Irel_variable_K_Relss":1.0,"data_set_value_component_Irel_variable_alpha_Rel":0.59375,"data_set_value_component_Irel_variable_tau":4.75,"data_set_value_component_Irel_variable_kappa":0.125,"data_set_value_component_Irel_variable_qn":9.0,"data_set_value_component_Irel_variable_Ca_JSR_free":1.444439462,"data_set_value_component_Irel_variable_bbb":2.9199248861,"data_set_value_component_Irel_variable_c":6.3040600911,"data_set_value_component_Irel_variable_kmcsqn":0.8,"data_set_value_component_Irel_variable_csqnbar":10.0,"data_set_value_component_Iup_Ileak_variable_kmup":0.00092,"data_set_value_component_Iup_Ileak_variable_iupbar":0.00875,"data_set_value_component_Iup_Ileak_variable_nsrbar":15.0,"data_set_value_component_Iup_Ileak_variable_iup":0.0016779397,"data_set_value_component_Iup_Ileak_variable_ileak":0.001583567,"data_set_value_component_Itr_variable_tautr":120.0,"data_set_value_component_Itr_variable_itr":0.0105853899,"data_set_value_component_Na_variable_Na_i":16.6127385028,"data_set_value_component_K_variable_K_i":139.7314418626,"data_set_value_component_Ca_variable_Ca_T":0.0256914218,"data_set_value_component_Ca_variable_Ca_JSR_T":7.8800751139,"data_set_value_component_Ca_variable_Ca_NSR":2.7146862555,"data_set_value_component_Ca_variable_Over":0.0,"data_set_value_component_Ca_variable_cmdnbar":0.05,"data_set_value_component_Ca_variable_trpnbar":0.07,"data_set_value_component_Ca_variable_kmcmdn":0.00238,"data_set_value_component_Ca_variable_kmtrpn":0.0005,"data_set_value_component_Ca_variable_bmyo":0.0971885782,"data_set_value_component_Ca_variable_cmyo":0.0001187987,"data_set_value_component_Ca_variable_dmyo":-0.0000000306,"data_set_value_component_Ca_variable_Ca_i":0.0002182822},{"data_set_value_component_Environment_variable_time":0.7,"data_set_value_component_Environment_variable_F":96485.0,"data_set_value_component_Environment_variable_R":8314.0,"data_set_value_component_Environment_variable_Temp":310.0,"data_set_value_component_Environment_variable_FonRT":0.0374358835,"data_set_value_component_Environment_variable_K_o":4.5,"data_set_value_component_Environment_variable_Na_o":140.0,"data_set_value_component_Environment_variable_Ca_o":1.8,"data_set_value_component_cell_variable_V":-79.9203720846,"data_set_value_component_cell_variable_caiont":0.2583717542,"data_set_value_component_cell_variable_naiont":0.6428155081,"data_set_value_component_cell_variable_kiont":-13.5436270055,"data_set_value_component_cell_variable_l":0.01,"data_set_value_component_cell_variable_ra":0.0011,"data_set_value_component_cell_variable_vcell":0.0000380133,"data_set_value_component_cell_variable_ageo":0.0000767177,"data_set_value_component_cell_variable_Acap":0.0001534354,"data_set_value_component_cell_variable_AF":0.0000000016,"data_set_value_component_cell_variable_vmyo":0.000025849,"data_set_value_component_cell_variable_vmito":0.0000091232,"data_set_value_component_cell_variable_vsr":0.0000022808,"data_set_value_component_cell_variable_vnsr":0.0000020983,"data_set_value_component_cell_variable_vjsr":0.0000001825,"data_set_value_component_cell_variable_vss":0.0000007603,"data_set_value_component_cell_variable_i_Stim":-15.0,"data_set_value_component_cell_variable_stim_offset":0.0,"data_set_value_component_cell_variable_stim_period":400.0,"data_set_value_component_cell_variable_stim_duration":3.0,"data_set_value_component_cell_variable_stim_amplitude":-15.0,"data_set_value_component_cell_variable_past":0.0,"data_set_value_component_INa_variable_H":0.9924270051,"data_set_value_component_INa_variable_m":0.0035138633,"data_set_value_component_INa_variable_J":0.9957925692,"data_set_value_component_INa_variable_GNa":16.0,"data_set_value_component_INa_variable_a":1.0,"data_set_value_component_INa_variable_aH":0.1334283715,"data_set_value_component_INa_variable_bH":0.0064484553,"data_set_value_component_INa_variable_aj":0.0368372747,"data_set_value_component_INa_variable_bj":0.0011645278,"data_set_value_component_INa_variable_am":0.41067858,"data_set_value_component_INa_variable_bm":114.4067095359,"data_set_value_component_INa_variable_ina":-0.0000938878,"data_set_value_component_ICaL_variable_d":5.235035737e-28,"data_set_value_component_ICaL_variable_f":0.9974304703,"data_set_value_component_ICaL_variable_dss0":0.0000136033,"data_set_value_component_ICaL_variable_taud":0.4086169794,"data_set_value_component_ICaL_variable_dss1":0.0,"data_set_value_component_ICaL_variable_dss":0.0,"data_set_value_component_ICaL_variable_fss":0.9984070017,"data_set_value_component_ICaL_variable_tauf":49.8096958335,"data_set_value_component_ICaL_variable_gacai":1.0,"data_set_value_component_ICaL_variable_gacao":0.341,"data_set_value_component_ICaL_variable_kmca":0.0006,"data_set_value_component_ICaL_variable_pca":0.00054,"data_set_value_component_ICaL_variable_pna":0.000000675,"data_set_value_component_ICaL_variable_ganai":0.75,"data_set_value_component_ICaL_variable_ganao":0.75,"data_set_value_component_ICaL_variable_pk":0.000000193,"data_set_value_component_ICaL_variable_gaki":0.75,"data_set_value_component_ICaL_variable_gako":0.75,"data_set_value_component_ICaL_variable_ibarca":-383.6905690246,"data_set_value_component_ICaL_variable_ibarna":-21.4125547361,"data_set_value_component_ICaL_variable_ibark":0.1105764829,"data_set_value_component_ICaL_variable_fca":0.7332606361,"data_set_value_component_ICaL_variable_ilca":-1.469067591e-25,"data_set_value_component_ICaL_variable_ilcana":-8.198400674e-27,"data_set_value_component_ICaL_variable_ilcak":4.233732608e-29,"data_set_value_component_IK1_variable_GK1max":0.75,"data_set_value_component_IK1_variable_GK1_":0.6846531969,"data_set_value_component_IK1_variable_ak1":1.0199873248,"data_set_value_component_IK1_variable_bk1":1.975671025,"data_set_value_component_IK1_variable_gK1":0.2331165644,"data_set_value_component_IK1_variable_IK1":2.763306511,"data_set_value_component_IKr_variable_gkrmax":0.02614,"data_set_value_component_IKr_variable_xr":0.0001590584,"data_set_value_component_IKr_variable_r":0.959537976,"data_set_value_component_IKr_variable_xrss":0.0000000731,"data_set_value_component_IKr_variable_tauxr":39.8153698867,"data_set_value_component_IKr_variable_ikr":0.0000431708,"data_set_value_component_IKs_variable_GKsmax":0.433,"data_set_value_component_IKs_variable_xs1":0.0283985674,"data_set_value_component_IKs_variable_xs2":0.0763209839,"data_set_value_component_IKs_variable_gks":0.6721116531,"data_set_value_component_IKs_variable_xss":0.0075736974,"data_set_value_component_IKs_variable_tauxs":147.9118794629,"data_set_value_component_IKs_variable_iks":-0.0002067364,"data_set_value_component_INaK_variable_kmnai":10.0,"data_set_value_component_INaK_variable_kmko":1.5,"data_set_value_component_INaK_variable_ibarnak":2.25,"data_set_value_component_INaK_variable_fnak":0.5274863972,"data_set_value_component_INaK_variable_sigma":1.0009103049,"data_set_value_component_INaK_variable_inak":0.6533849901,"data_set_value_component_INaCa_variable_c1":0.00025,"data_set_value_component_INaCa_variable_c2":0.0001,"data_set_value_component_INaCa_variable_gammas":0.15,"data_set_value_component_INaCa_variable_inaca":-0.2566058624,"data_set_value_component_IKp_variable_GKpmax":0.00552,"data_set_value_component_IKp_variable_ikp":0.0000000294,"data_set_value_component_IpCa_variable_ibarpca":1.15,"data_set_value_component_IpCa_variable_kmpca":0.0005,"data_set_value_component_IpCa_variable_ipca":0.3494575075,"data_set_value_component_ICab_variable_gcab":0.003016,"data_set_value_component_ICab_variable_icab":-0.6042885396,"data_set_value_component_INab_variable_GNab":0.004,"data_set_value_component_INab_variable_inab":-0.5474279875,"data_set_value_component_ICaT_variable_b":0.0009675383,"data_set_value_component_ICaT_variable_g":0.9531036363,"data_set_value_component_ICaT_variable_gcat":0.05,"data_set_value_component_ICaT_variable_bss":0.0022295173,"data_set_value_component_ICaT_variable_taub":9.799969453,"data_set_value_component_ICaT_variable_gss":0.972272443,"data_set_value_component_ICaT_variable_aa":1.0,"data_set_value_component_ICaT_variable_taug":81.930325574,"data_set_value_component_ICaT_variable_icat":-0.0000089384,"data_set_value_component_reversal_potentials_variable_ENa":56.9366247851,"data_set_value_component_reversal_potentials_variable_ECa":120.4405495416,"data_set_value_component_reversal_potentials_variable_EK":-91.7741265259,"data_set_value_component_reversal_potentials_variable_EKs":-79.7784548706,"data_set_value_component_reversal_potentials_variable_prnak":0.01833,"data_set_value_component_Irel_variable_Rel":9.245579634e-24,"data_set_value_component_Irel_variable_Rel_ss":-8.415898637e-26,"data_set_value_component_Irel_variable_tau_Rel":4.7099045652,"data_set_value_component_Irel_variable_K_Relss":1.0,"data_set_value_component_Irel_variable_alpha_Rel":0.59375,"data_set_value_component_Irel_variable_tau":4.75,"data_set_value_component_Irel_variable_kappa":0.125,"data_set_value_component_Irel_variable_qn":9.0,"data_set_value_component_Irel_variable_Ca_JSR_free":1.4448484331,"data_set_value_component_Irel_variable_bbb":2.9188665519,"data_set_value_component_Irel_variable_c":6.3049067584,"data_set_value_component_Irel_variable_kmcsqn":0.8,"data_set_value_component_Irel_variable_csqnbar":10.0,"data_set_value_component_Iup_Ileak_variable_kmup":0.00092,"data_set_value_component_Iup_Ileak_variable_iupbar":0.00875,"data_set_value_component_Iup_Ileak_variable_nsrbar":15.0,"data_set_value_component_Iup_Ileak_variable_iup":0.0016778203,"data_set_value_component_Iup_Ileak_variable_ileak":0.0015835188,"data_set_value_component_Itr_variable_tautr":120.0,"data_set_value_component_Itr_variable_itr":0.0105812936,"data_set_value_component_Na_variable_Na_i":16.6127349986,"data_set_value_component_K_variable_K_i":139.7315254878,"data_set_value_component_Ca_variable_Ca_T":0.0256897597,"data_set_value_component_Ca_variable_Ca_JSR_T":7.8811334481,"data_set_value_component_Ca_variable_Ca_NSR":2.71460366,"data_set_value_component_Ca_variable_Over":0.0,"data_set_value_component_Ca_variable_cmdnbar":0.05,"data_set_value_component_Ca_variable_trpnbar":0.07,"data_set_value_component_Ca_variable_kmcmdn":0.00238,"data_set_value_component_Ca_variable_kmtrpn":0.0005,"data_set_value_component_Ca_variable_bmyo":0.0971902403,"data_set_value_component_Ca_variable_cmyo":0.0001188035,"data_set_value_component_Ca_variable_dmyo":-0.0000000306,"data_set_value_component_Ca_variable_Ca_i":0.0002182629},{"data_set_value_component_Environment_variable_time":0.8,"data_set_value_component_Environment_variable_F":96485.0,"data_set_value_component_Environment_variable_R":8314.0,"data_set_value_component_Environment_variable_Temp":310.0,"data_set_value_component_Environment_variable_FonRT":0.0374358835,"data_set_value_component_Environment_variable_K_o":4.5,"data_set_value_component_Environment_variable_Na_o":140.0,"data_set_value_component_Environment_variable_Ca_o":1.8,"data_set_value_component_cell_variable_V":-78.663884629,"data_set_value_component_cell_variable_caiont":0.1937277601,"data_set_value_component_cell_variable_naiont":0.7864264541,"data_set_value_component_cell_variable_kiont":-13.4731314455,"data_set_value_component_cell_variable_l":0.01,"data_set_value_component_cell_variable_ra":0.0011,"data_set_value_component_cell_variable_vcell":0.0000380133,"data_set_value_component_cell_variable_ageo":0.0000767177,"data_set_value_component_cell_variable_Acap":0.0001534354,"data_set_value_component_cell_variable_AF":0.0000000016,"data_set_value_component_cell_variable_vmyo":0.000025849,"data_set_value_component_cell_variable_vmito":0.0000091232,"data_set_value_component_cell_variable_vsr":0.0000022808,"data_set_value_component_cell_variable_vnsr":0.0000020983,"data_set_value_component_cell_variable_vjsr":0.0000001825,"data_set_value_component_cell_variable_vss":0.0000007603,"data_set_value_component_cell_variable_i_Stim":-15.0,"data_set_value_component_cell_variable_stim_offset":0.0,"data_set_value_component_cell_variable_stim_period":400.0,"data_set_value_component_cell_variable_stim_duration":3.0,"data_set_value_component_cell_variable_stim_amplitude":-15.0,"data_set_value_component_cell_variable_past":0.0,"data_set_value_component_INa_variable_H":0.991849898,"data_set_value_component_INa_variable_m":0.0043070441,"data_set_value_component_INa_variable_J":0.9956812998,"data_set_value_component_INa_variable_GNa":16.0,"data_set_value_component_INa_variable_a":1.0,"data_set_value_component_INa_variable_aH":0.1109175601,"data_set_value_component_INa_variable_bH":0.0071214901,"data_set_value_component_INa_variable_aj":0.0310922948,"data_set_value_component_INa_variable_bj":0.0013654146,"data_set_value_component_INa_variable_am":0.45017714,"data_set_value_component_INa_variable_bm":102.0572157447,"data_set_value_component_INa_variable_ina":-0.0001711928,"data_set_value_component_ICaL_variable_d":4.107633765e-28,"data_set_value_component_ICaL_variable_f":0.9974320731,"data_set_value_component_ICaL_variable_dss0":0.0000166376,"data_set_value_component_ICaL_variable_taud":0.4160917782,"data_set_value_component_ICaL_variable_dss1":0.0,"data_set_value_component_ICaL_variable_dss":0.0,"data_set_value_component_ICaL_variable_fss":0.9980420752,"data_set_value_component_ICaL_variable_tauf":49.7682755967,"data_set_value_component_ICaL_variable_gacai":1.0,"data_set_value_component_ICaL_variable_gacao":0.341,"data_set_value_component_ICaL_variable_kmca":0.0006,"data_set_value_component_ICaL_variable_pca":0.00054,"data_set_value_component_ICaL_variable_pna":0.000000675,"data_set_value_component_ICaL_variable_ganai":0.75,"data_set_value_component_ICaL_variable_ganao":0.75,"data_set_value_component_ICaL_variable_pk":0.000000193,"data_set_value_component_ICaL_variable_gaki":0.75,"data_set_value_component_ICaL_variable_gako":0.75,"data_set_value_component_ICaL_variable_ibarca":-377.7523635898,"data_set_value_component_ICaL_variable_ibarna":-21.1235917988,"data_set_value_component_ICaL_variable_ibark":0.1237797288,"data_set_value_component_ICaL_variable_fca":0.7332757689,"data_set_value_component_ICaL_variable_ilca":-1.134879023e-25,"data_set_value_component_ICaL_variable_ilcana":-6.346147247e-27,"data_set_value_component_ICaL_variable_ilcak":3.718706519e-29,"data_set_value_component_IK1_variable_GK1max":0.75,"data_set_value_component_IK1_variable_GK1_":0.6846531969,"data_set_value_component_IK1_variable_ak1":1.0199828959,"data_set_value_component_IK1_variable_bk1":2.1856721557,"data_set_value_component_IK1_variable_gK1":0.2178445713,"data_set_value_component_IK1_variable_IK1":2.8559984859,"data_set_value_component_IKr_variable_gkrmax":0.02614,"data_set_value_component_IKr_variable_xr":0.0001586656,"data_set_value_component_IKr_variable_r":0.9573031453,"data_set_value_component_IKr_variable_xrss":0.0000000982,"data_set_value_component_IKr_variable_tauxr":41.0437409211,"data_set_value_component_IKr_variable_ikr":0.000047518,"data_set_value_component_IKs_variable_GKsmax":0.433,"data_set_value_component_IKs_variable_xs1":0.0283848427,"data_set_value_component_IKs_variable_xs2":0.0763095426,"data_set_value_component_IKs_variable_gks":0.6721095904,"data_set_value_component_IKs_variable_xss":0.0081606882,"data_set_value_component_IKs_variable_tauxs":151.2628509419,"data_set_value_component_IKs_variable_iks":0.0016226283,"data_set_value_component_INaK_variable_kmnai":10.0,"data_set_value_component_INaK_variable_kmko":1.5,"data_set_value_component_INaK_variable_ibarnak":2.25,"data_set_value_component_INaK_variable_fnak":0.5371863978,"data_set_value_component_INaK_variable_sigma":1.0009103049,"data_set_value_component_INaK_variable_inak":0.6654000589,"data_set_value_component_INaCa_variable_c1":0.00025,"data_set_value_component_INaCa_variable_c2":0.0001,"data_set_value_component_INaCa_variable_gammas":0.15,"data_set_value_component_INaCa_variable_inaca":-0.2224001546,"data_set_value_component_IKp_variable_GKpmax":0.00552,"data_set_value_component_IKp_variable_ikp":0.0000000401,"data_set_value_component_IpCa_variable_ibarpca":1.15,"data_set_value_component_IpCa_variable_kmpca":0.0005,"data_set_value_component_IpCa_variable_ipca":0.3494386859,"data_set_value_component_ICab_variable_gcab":0.003016,"data_set_value_component_ICab_variable_icab":-0.6005020902,"data_set_value_component_INab_variable_GNab":0.004,"data_set_value_component_INab_variable_inab":-0.5424020659,"data_set_value_component_ICaT_variable_b":0.0009817213,"data_set_value_component_ICaT_variable_g":0.9531231686,"data_set_value_component_ICaT_variable_gcat":0.05,"data_set_value_component_ICaT_variable_bss":0.002503905,"data_set_value_component_ICaT_variable_taub":9.7999596139,"data_set_value_component_ICaT_variable_gss":0.9655382778,"data_set_value_component_ICaT_variable_aa":1.0,"data_set_value_component_ICaT_variable_taug":80.8308990504,"data_set_value_component_ICaT_variable_icat":-0.0000091449,"data_set_value_component_reversal_potentials_variable_ENa":56.9366318569,"data_set_value_component_reversal_potentials_variable_ECa":120.441582929,"data_set_value_component_reversal_potentials_variable_EK":-91.7741424097,"data_set_value_component_reversal_potentials_variable_EKs":-79.7784707045,"data_set_value_component_reversal_potentials_variable_prnak":0.01833,"data_set_value_component_Irel_variable_Rel":9.052905398e-24,"data_set_value_component_Irel_variable_Rel_ss":-6.50200243e-26,"data_set_value_component_Irel_variable_tau_Rel":4.7099158136,"data_set_value_component_Irel_variable_K_Relss":1.0,"data_set_value_component_Irel_variable_alpha_Rel":0.59375,"data_set_value_component_Irel_variable_tau":4.75,"data_set_value_component_Irel_variable_kappa":0.125,"data_set_value_component_Irel_variable_qn":9.0,"data_set_value_component_Irel_variable_Ca_JSR_free":1.4452573372,"data_set_value_component_Irel_variable_bbb":2.9178086274,"data_set_value_component_Irel_variable_c":6.3057530981,"data_set_value_component_Irel_variable_kmcsqn":0.8,"data_set_value_component_Irel_variable_csqnbar":10.0,"data_set_value_component_Iup_Ileak_variable_kmup":0.00092,"data_set_value_component_Iup_Ileak_variable_iupbar":0.00875,"data_set_value_component_Iup_Ileak_variable_nsrbar":15.0,"data_set_value_component_Iup_Ileak_variable_iup":0.0016777154,"data_set_value_component_Iup_Ileak_variable_ileak":0.0015834706,"data_set_value_component_Itr_variable_tautr":120.0,"data_set_value_component_Itr_variable_itr":0.010577198,"data_set_value_component_Na_variable_Na_i":16.6127306005,"data_set_value_component_K_variable_K_i":139.7316085758,"data_set_value_component_Ca_variable_Ca_T":0.0256882995,"data_set_value_component_Ca_variable_Ca_JSR_T":7.8821913726,"data_set_value_component_Ca_variable_Ca_NSR":2.7145210938,"data_set_value_component_Ca_variable_Over":0.0,"data_set_value_component_Ca_variable_cmdnbar":0.05,"data_set_value_component_Ca_variable_trpnbar":0.07,"data_set_value_component_Ca_variable_kmcmdn":0.00238,"data_set_value_component_Ca_variable_kmtrpn":0.0005,"data_set_value_component_Ca_variable_bmyo":0.0971917005,"data_set_value_component_Ca_variable_cmyo":0.0001188077,"data_set_value_component_Ca_variable_dmyo":-0.0000000306,"data_set_value_component_Ca_variable_Ca_i":0.000218246},{"data_set_value_component_Environment_variable_time":0.9,"data_set_value_component_Environment_variable_F":96485.0,"data_set_value_component_Environment_variable_R":8314.0,"data_set_value_component_Environment_variable_Temp":310.0,"data_set_value_component_Environment_variable_FonRT":0.0374358835,"data_set_value_component_Environment_variable_K_o":4.5,"data_set_value_component_Environment_variable_Na_o":140.0,"data_set_value_component_Environment_variable_Ca_o":1.8,"data_set_value_component_cell_variable_V":-77.4207085276,"data_set_value_component_cell_variable_caiont":0.1305359681,"data_set_value_component_cell_variable_naiont":0.9269512611,"data_set_value_component_cell_variable_kiont":-13.4330584767,"data_set_value_component_cell_variable_l":0.01,"data_set_value_component_cell_variable_ra":0.0011,"data_set_value_component_cell_variable_vcell":0.0000380133,"data_set_value_component_cell_variable_ageo":0.0000767177,"data_set_value_component_cell_variable_Acap":0.0001534354,"data_set_value_component_cell_variable_AF":0.0000000016,"data_set_value_component_cell_variable_vmyo":0.000025849,"data_set_value_component_cell_variable_vmito":0.0000091232,"data_set_value_component_cell_variable_vsr":0.0000022808,"data_set_value_component_cell_variable_vnsr":0.0000020983,"data_set_value_component_cell_variable_vjsr":0.0000001825,"data_set_value_component_cell_variable_vss":0.0000007603,"data_set_value_component_cell_variable_i_Stim":-15.0,"data_set_value_component_cell_variable_stim_offset":0.0,"data_set_value_component_cell_variable_stim_period":400.0,"data_set_value_component_cell_variable_stim_duration":3.0,"data_set_value_component_cell_variable_stim_amplitude":-15.0,"data_set_value_component_cell_variable_past":0.0,"data_set_value_component_INa_variable_H":0.9911936449,"data_set_value_component_INa_variable_m":0.005260433,"data_set_value_component_INa_variable_J":0.9955465541,"data_set_value_component_INa_variable_GNa":16.0,"data_set_value_component_INa_variable_a":1.0,"data_set_value_component_INa_variable_aH":0.0923852385,"data_set_value_component_INa_variable_bH":0.0078565466,"data_set_value_component_INa_variable_aj":0.0260526662,"data_set_value_component_INa_variable_bj":0.0015980272,"data_set_value_component_INa_variable_am":0.4925816362,"data_set_value_component_INa_variable_bm":91.1510103439,"data_set_value_component_INa_variable_ina":-0.0003087919,"data_set_value_component_ICaL_variable_d":3.237152133e-28,"data_set_value_component_ICaL_variable_f":0.9974328798,"data_set_value_component_ICaL_variable_dss0":0.0000203055,"data_set_value_component_ICaL_variable_taud":0.4237610207,"data_set_value_component_ICaL_variable_dss1":0.0,"data_set_value_component_ICaL_variable_dss":0.0,"data_set_value_component_ICaL_variable_fss":0.997614349,"data_set_value_component_ICaL_variable_tauf":49.7194645056,"data_set_value_component_ICaL_variable_gacai":1.0,"data_set_value_component_ICaL_variable_gacao":0.341,"data_set_value_component_ICaL_variable_kmca":0.0006,"data_set_value_component_ICaL_variable_pca":0.00054,"data_set_value_component_ICaL_variable_pna":0.000000675,"data_set_value_component_ICaL_variable_ganai":0.75,"data_set_value_component_ICaL_variable_ganao":0.75,"data_set_value_component_ICaL_variable_pk":0.000000193,"data_set_value_component_ICaL_variable_gaki":0.75,"data_set_value_component_ICaL_variable_gako":0.75,"data_set_value_component_ICaL_variable_ibarca":-371.883148414,"data_set_value_component_ICaL_variable_ibarna":-20.8386685293,"data_set_value_component_ICaL_variable_ibark":0.1371497021,"data_set_value_component_ICaL_variable_fca":0.7332888604,"data_set_value_component_ICaL_variable_ilca":-8.804980065e-26,"data_set_value_component_ICaL_variable_ilcana":-4.933917059e-27,"data_set_value_component_ICaL_variable_ilcak":3.247257635e-29,"data_set_value_component_IK1_variable_GK1max":0.75,"data_set_value_component_IK1_variable_GK1_":0.6846531969,"data_set_value_component_IK1_variable_ak1":1.0199769927,"data_set_value_component_IK1_variable_bk1":2.4153034344,"data_set_value_component_IK1_variable_gK1":0.2032819514,"data_set_value_component_IK1_variable_IK1":2.9177972645,"data_set_value_component_IKr_variable_gkrmax":0.02614,"data_set_value_component_IKr_variable_xr":0.0001582857,"data_set_value_component_IKr_variable_r":0.9549762317,"data_set_value_component_IKr_variable_xrss":0.0000001316,"data_set_value_component_IKr_variable_tauxr":42.3320747481,"data_set_value_component_IKr_variable_ikr":0.0000517733,"data_set_value_component_IKs_variable_GKsmax":0.433,"data_set_value_component_IKs_variable_xs1":0.0283718275,"data_set_value_component_IKs_variable_xs2":0.0762984564,"data_set_value_component_IKs_variable_gks":0.6721078059,"data_set_value_component_IKs_variable_xss":0.0087858256,"data_set_value_component_IKs_variable_tauxs":154.7094599327,"data_set_value_component_IKs_variable_iks":0.0034304011,"data_set_value_component_INaK_variable_kmnai":10.0,"data_set_value_component_INaK_variable_kmko":1.5,"data_set_value_component_INaK_variable_ibarnak":2.25,"data_set_value_component_INaK_variable_fnak":0.5466877019,"data_set_value_component_INaK_variable_sigma":1.0009103049,"data_set_value_component_INaK_variable_inak":0.6771689848,"data_set_value_component_INaCa_variable_c1":0.00025,"data_set_value_component_INaCa_variable_c2":0.0001,"data_set_value_component_INaCa_variable_gammas":0.15,"data_set_value_component_INaCa_variable_inaca":-0.1889391686,"data_set_value_component_IKp_variable_GKpmax":0.00552,"data_set_value_component_IKp_variable_ikp":0.000000054,"data_set_value_component_IpCa_variable_ibarpca":1.15,"data_set_value_component_IpCa_variable_kmpca":0.0005,"data_set_value_component_IpCa_variable_ipca":0.3494224032,"data_set_value_component_ICab_variable_gcab":0.003016,"data_set_value_component_ICab_variable_icab":-0.5967553674,"data_set_value_component_INab_variable_GNab":0.004,"data_set_value_component_INab_variable_inab":-0.5374293954,"data_set_value_component_ICaT_variable_b":0.0009986966,"data_set_value_component_ICaT_variable_g":0.9531336724,"data_set_value_component_ICaT_variable_gcat":0.05,"data_set_value_component_ICaT_variable_bss":0.0028085125,"data_set_value_component_ICaT_variable_taub":9.7999467635,"data_set_value_component_ICaT_variable_gss":0.9573377095,"data_set_value_component_ICaT_variable_aa":1.0,"data_set_value_component_ICaT_variable_taug":79.7431199616,"data_set_value_component_ICaT_variable_icat":-0.0000094049,"data_set_value_component_reversal_potentials_variable_ENa":56.9366403339,"data_set_value_component_reversal_potentials_variable_ECa":120.4424769469,"data_set_value_component_reversal_potentials_variable_EK":-91.7741582289,"data_set_value_component_reversal_potentials_variable_EKs":-79.7784864708,"data_set_value_component_reversal_potentials_variable_prnak":0.01833,"data_set_value_component_Irel_variable_Rel":8.863927705e-24,"data_set_value_component_Irel_variable_Rel_ss":-5.04504058e-26,"data_set_value_component_Irel_variable_tau_Rel":4.7099270538,"data_set_value_component_Irel_variable_K_Relss":1.0,"data_set_value_component_Irel_variable_alpha_Rel":0.59375,"data_set_value_component_Irel_variable_tau":4.75,"data_set_value_component_Irel_variable_kappa":0.125,"data_set_value_component_Irel_variable_qn":9.0,"data_set_value_component_Irel_variable_Ca_JSR_free":1.4456661744,"data_set_value_component_Irel_variable_bbb":2.9167511123,"data_set_value_component_Irel_variable_c":6.3065991101,"data_set_value_component_Irel_variable_kmcsqn":0.8,"data_set_value_component_Irel_variable_csqnbar":10.0,"data_set_value_component_Iup_Ileak_variable_kmup":0.00092,"data_set_value_component_Iup_Ileak_variable_iupbar":0.00875,"data_set_value_component_Iup_Ileak_variable_nsrbar":15.0,"data_set_value_component_Iup_Ileak_variable_iup":0.0016776246,"data_set_value_component_Iup_Ileak_variable_ileak":0.0015834225,"data_set_value_component_Itr_variable_tautr":120.0,"data_set_value_component_Itr_variable_itr":0.0105731032,"data_set_value_component_Na_variable_Na_i":16.6127253286,"data_set_value_component_K_variable_K_i":139.7316913256,"data_set_value_component_Ca_variable_Ca_T":0.0256870363,"data_set_value_component_Ca_variable_Ca_JSR_T":7.8832488877,"data_set_value_component_Ca_variable_Ca_NSR":2.7144385582,"data_set_value_component_Ca_variable_Over":0.0,"data_set_value_component_Ca_variable_cmdnbar":0.05,"data_set_value_component_Ca_variable_trpnbar":0.07,"data_set_value_component_Ca_variable_kmcmdn":0.00238,"data_set_value_component_Ca_variable_kmtrpn":0.0005,"data_set_value_component_Ca_variable_bmyo":0.0971929637,"data_set_value_component_Ca_variable_cmyo":0.0001188113,"data_set_value_component_Ca_variable_dmyo":-0.0000000306,"data_set_value_component_Ca_variable_Ca_i":0.0002182314},{"data_set_value_component_Environment_variable_time":1.0,"data_set_value_component_Environment_variable_F":96485.0,"data_set_value_component_Environment_variable_R":8314.0,"data_set_value_component_Environment_variable_Temp":310.0,"data_set_value_component_Environment_variable_FonRT":0.0374358835,"data_set_value_component_Environment_variable_K_o":4.5,"data_set_value_component_Environment_variable_Na_o":140.0,"data_set_value_component_Environment_variable_Ca_o":1.8,"data_set_value_component_cell_variable_V":-76.187823892,"data_set_value_component_cell_variable_caiont":0.0686570384,"data_set_value_component_cell_variable_naiont":1.0646459154,"data_set_value_component_cell_variable_kiont":-13.4198752415,"data_set_value_component_cell_variable_l":0.01,"data_set_value_component_cell_variable_ra":0.0011,"data_set_value_component_cell_variable_vcell":0.0000380133,"data_set_value_component_cell_variable_ageo":0.0000767177,"data_set_value_component_cell_variable_Acap":0.0001534354,"data_set_value_component_cell_variable_AF":0.0000000016,"data_set_value_component_cell_variable_vmyo":0.000025849,"data_set_value_component_cell_variable_vmito":0.0000091232,"data_set_value_component_cell_variable_vsr":0.0000022808,"data_set_value_component_cell_variable_vnsr":0.0000020983,"data_set_value_component_cell_variable_vjsr":0.0000001825,"data_set_value_component_cell_variable_vss":0.0000007603,"data_set_value_component_cell_variable_i_Stim":-15.0,"data_set_value_component_cell_variable_stim_offset":0.0,"data_set_value_component_cell_variable_stim_period":400.0,"data_set_value_component_cell_variable_stim_duration":3.0,"data_set_value_component_cell_variable_stim_amplitude":-15.0,"data_set_value_component_cell_variable_past":0.0,"data_set_value_component_INa_variable_H":0.9904533419,"data_set_value_component_INa_variable_m":0.0064066841,"data_set_value_component_INa_variable_J":0.9953851941,"data_set_value_component_INa_variable_GNa":16.0,"data_set_value_component_INa_variable_a":1.0,"data_set_value_component_INa_variable_aH":0.0770658803,"data_set_value_component_INa_variable_bH":0.0086604936,"data_set_value_component_INa_variable_aj":0.0217724986,"data_set_value_component_INa_variable_bj":0.0018675187,"data_set_value_component_INa_variable_am":0.5381221819,"data_set_value_component_INa_variable_bm":81.4864838411,"data_set_value_component_INa_variable_ina":-0.0005522084,"data_set_value_component_ICaL_variable_d":2.562212523e-28,"data_set_value_component_ICaL_variable_f":0.9974327541,"data_set_value_component_ICaL_variable_dss0":0.000024741,"data_set_value_component_ICaL_variable_taud":0.4316506136,"data_set_value_component_ICaL_variable_dss1":1.179121986e-293,"data_set_value_component_ICaL_variable_dss":2.917268536e-298,"data_set_value_component_ICaL_variable_fss":0.9971134347,"data_set_value_component_ICaL_variable_tauf":49.6621432491,"data_set_value_component_ICaL_variable_gacai":1.0,"data_set_value_component_ICaL_variable_gacao":0.341,"data_set_value_component_ICaL_variable_kmca":0.0006,"data_set_value_component_ICaL_variable_pca":0.00054,"data_set_value_component_ICaL_variable_pna":0.000000675,"data_set_value_component_ICaL_variable_ganai":0.75,"data_set_value_component_ICaL_variable_ganao":0.75,"data_set_value_component_ICaL_variable_pk":0.000000193,"data_set_value_component_ICaL_variable_gaki":0.75,"data_set_value_component_ICaL_variable_gako":0.75,"data_set_value_component_ICaL_variable_ibarca":-366.0689290341,"data_set_value_component_ICaL_variable_ibarna":-20.5570879811,"data_set_value_component_ICaL_variable_ibark":0.1507173708,"data_set_value_component_ICaL_variable_fca":0.7332999556,"data_set_value_component_ICaL_variable_ilca":-6.860303077e-26,"data_set_value_component_ICaL_variable_ilcana":-3.85249451e-27,"data_set_value_component_ICaL_variable_ilcak":2.824514076e-29,"data_set_value_component_IK1_variable_GK1max":0.75,"data_set_value_component_IK1_variable_GK1_":0.6846531969,"data_set_value_component_IK1_variable_ak1":1.019969128,"data_set_value_component_IK1_variable_bk1":2.6667935819,"data_set_value_component_IK1_variable_gK1":0.1894141769,"data_set_value_component_IK1_variable_IK1":2.9522756801,"data_set_value_component_IKr_variable_gkrmax":0.02614,"data_set_value_component_IKr_variable_xr":0.0001579184,"data_set_value_component_IKr_variable_r":0.9525495638,"data_set_value_component_IKr_variable_xrss":0.0000001759,"data_set_value_component_IKr_variable_tauxr":43.687448631,"data_set_value_component_IKr_variable_ikr":0.0000559474,"data_set_value_component_IKs_variable_GKsmax":0.433,"data_set_value_component_IKs_variable_xs1":0.0283595239,"data_set_value_component_IKs_variable_xs2":0.0762877229,"data_set_value_component_IKs_variable_gks":0.6721062932,"data_set_value_component_IKs_variable_xss":0.0094526223,"data_set_value_component_IKs_variable_tauxs":158.2626611286,"data_set_value_component_IKs_variable_iks":0.0052211726,"data_set_value_component_INaK_variable_kmnai":10.0,"data_set_value_component_INaK_variable_kmko":1.5,"data_set_value_component_INaK_variable_ibarnak":2.25,"data_set_value_component_INaK_variable_fnak":0.5560083041,"data_set_value_component_INaK_variable_sigma":1.0009103049,"data_set_value_component_INaK_variable_inak":0.6887140568,"data_set_value_component_INaCa_variable_c1":0.00025,"data_set_value_component_INaCa_variable_c2":0.0001,"data_set_value_component_INaCa_variable_gammas":0.15,"data_set_value_component_INaCa_variable_inaca":-0.1561487168,"data_set_value_component_IKp_variable_GKpmax":0.00552,"data_set_value_component_IKp_variable_ikp":0.0000000721,"data_set_value_component_IpCa_variable_ibarpca":1.15,"data_set_value_component_IpCa_variable_kmpca":0.0005,"data_set_value_component_IpCa_variable_ipca":0.3494086032,"data_set_value_component_ICab_variable_gcab":0.003016,"data_set_value_component_ICab_variable_icab":-0.5930392726,"data_set_value_component_INab_variable_GNab":0.004,"data_set_value_component_INab_variable_inab":-0.5324978963,"data_set_value_component_ICaT_variable_b":0.0010187614,"data_set_value_component_ICaT_variable_g":0.9531328825,"data_set_value_component_ICaT_variable_gcat":0.05,"data_set_value_component_ICaT_variable_bss":0.0031470686,"data_set_value_component_ICaT_variable_taub":9.7999299846,"data_set_value_component_ICaT_variable_gss":0.9473839298,"data_set_value_component_ICaT_variable_aa":1.0,"data_set_value_component_ICaT_variable_taug":78.6643459055,"data_set_value_component_ICaT_variable_icat":-0.0000097257,"data_set_value_component_reversal_potentials_variable_ENa":56.9366501868,"data_set_value_component_reversal_potentials_variable_ECa":120.4432346679,"data_set_value_component_reversal_potentials_variable_EK":-91.7741740171,"data_set_value_component_reversal_potentials_variable_EKs":-79.7785022033,"data_set_value_component_reversal_potentials_variable_prnak":0.01833,"data_set_value_component_Irel_variable_Rel":8.678652277e-24,"data_set_value_component_Irel_variable_Rel_ss":-3.931137234e-26,"data_set_value_component_Irel_variable_tau_Rel":4.709938286,"data_set_value_component_Irel_variable_K_Relss":1.0,"data_set_value_component_Irel_variable_alpha_Rel":0.59375,"data_set_value_component_Irel_variable_tau":4.75,"data_set_value_component_Irel_variable_kappa":0.125,"data_set_value_component_Irel_variable_qn":9.0,"data_set_value_component_Irel_variable_Ca_JSR_free":1.4460749446,"data_set_value_component_Irel_variable_bbb":2.9156940067,"data_set_value_component_Irel_variable_c":6.3074447946,"data_set_value_component_Irel_variable_kmcsqn":0.8,"data_set_value_component_Irel_variable_csqnbar":10.0,"data_set_value_component_Iup_Ileak_variable_kmup":0.00092,"data_set_value_component_Iup_Ileak_variable_iupbar":0.00875,"data_set_value_component_Iup_Ileak_variable_nsrbar":15.0,"data_set_value_component_Iup_Ileak_variable_iup":0.0016775477,"data_set_value_component_Iup_Ileak_variable_ileak":0.0015833744,"data_set_value_component_Itr_variable_tautr":120.0,"data_set_value_component_Itr_variable_itr":0.0105690092,"data_set_value_component_Na_variable_Na_i":16.6127192009,"data_set_value_component_K_variable_K_i":139.7317739133,"data_set_value_component_Ca_variable_Ca_T":0.0256859657,"data_set_value_component_Ca_variable_Ca_JSR_T":7.8843059933,"data_set_value_component_Ca_variable_Ca_NSR":2.7143560546,"data_set_value_component_Ca_variable_Over":0.0,"data_set_value_component_Ca_variable_cmdnbar":0.05,"data_set_value_component_Ca_variable_trpnbar":0.07,"data_set_value_component_Ca_variable_kmcmdn":0.00238,"data_set_value_component_Ca_variable_kmtrpn":0.0005,"data_set_value_component_Ca_variable_bmyo":0.0971940343,"data_set_value_component_Ca_variable_cmyo":0.0001188144,"data_set_value_component_Ca_variable_dmyo":-0.0000000306,"data_set_value_component_Ca_variable_Ca_i":0.0002182191}]