CO2,NADP,NADPH,O2,PGA,RuBP,Time
245.0,0.29000000000000004,0.21,210.0,2.4,2.0,0.0
245.0,0.29221065108324573,0.20778934891675424,210.0,2.407553086341225,2.0,0.01
245.0,0.2943164678665852,0.20568353213341478,210.0,2.415163458893592,2.0,0.02
245.0,0.29632242279121046,0.20367757720878957,210.0,2.422827536740855,2.0,0.03
245.0,0.2982332508987786,0.20176674910122136,210.0,2.4305419068178247,2.0,0.04
245.0,0.30005346558689927,0.1999465344131007,210.0,2.4383033119438955,2.0,0.05
245.0,0.30178736438849174,0.19821263561150826,210.0,2.4461086467168784,2.0,0.06
245.0,0.30343903881855705,0.19656096118144295,210.0,2.453954950573001,2.0,0.07
245.0,0.30501238840205425,0.19498761159794575,210.0,2.4618393979524216,2.0,0.08
245.0,0.30651112624756893,0.19348887375243107,210.0,2.469759294410631,2.0,0.09
245.0,0.3079387911786032,0.19206120882139682,210.0,2.477712068185408,2.0,0.1
245.0,0.3092987546292731,0.1907012453707269,210.0,2.4856952654375823,2.0,0.11
245.0,0.3105942260356548,0.18940577396434524,210.0,2.493706546512824,2.0,0.12
245.0,0.3118282641455022,0.1881717358544978,210.0,2.5017436781416578,2.0,0.13
245.0,0.3130037815892471,0.18699621841075292,210.0,2.509804530299548,2.0,0.14
245.0,0.31412355387754254,0.1858764461224575,210.0,2.517887070028693,2.0,0.15
245.0,0.3151902250245757,0.18480977497542425,210.0,2.5259893576113415,2.0,0.16
245.0,0.31620631284896294,0.18379368715103703,210.0,2.534109542892369,2.0,0.17
245.0,0.3171742156320133,0.18282578436798672,210.0,2.5422458607418945,2.0,0.18
245.0,0.3180962191708454,0.18190378082915462,210.0,2.550396626296826,2.0,0.19
245.0,0.3189744993026311,0.18102550069736886,210.0,2.5585602331232913,2.0,0.2
245.0,0.31981113024505214,0.18018886975494786,210.0,2.566735147642407,2.0,0.21
245.0,0.3206080863512919,0.17939191364870807,210.0,2.5749199078181397,2.0,0.22
245.0,0.32136724978074627,0.17863275021925373,210.0,2.583113118019504,2.0,0.23
245.0,0.3220904120178637,0.17790958798213627,210.0,2.591313447886822,2.0,0.24
245.0,0.32277928100624165,0.17722071899375835,210.0,2.59951962754243,2.0,0.25
245.0,0.3234354822890376,0.17656451771096238,210.0,2.607730446722209,2.0,0.26
245.0,0.3240605657248566,0.1759394342751434,210.0,2.615944750257004,2.0,0.27
245.0,0.3246560062785986,0.17534399372140144,210.0,2.624161437446484,2.0,0.28
245.0,0.3252232103612948,0.1747767896387052,210.0,2.6323794577837187,2.0,0.29
245.0,0.32576351630302464,0.17423648369697536,210.0,2.640597810547426,2.0,0.3
245.0,0.3262782003497561,0.1737217996502439,210.0,2.64881554074862,2.0,0.31
245.0,0.3267684768483903,0.17323152315160972,210.0,2.657031738918901,2.0,0.32
245.0,0.3272355039323752,0.1727644960676248,210.0,2.6652455372592856,2.0,0.33
245.0,0.3276803834456016,0.17231961655439842,210.0,2.673456109604824,2.0,0.34
245.0,0.3281041663455903,0.1718958336544097,210.0,2.681662667757913,2.0,0.35000000000000003
245.0,0.3285078523903978,0.1714921476096022,210.0,2.6898644616115495,2.0,0.36
245.0,0.32889239528553404,0.17110760471446596,210.0,2.6980607756513244,2.0,0.37
245.0,0.3292587021558191,0.1707412978441809,210.0,2.70625092922132,2.0,0.38
245.0,0.32960763845976704,0.17039236154023293,210.0,2.7144342731806788,2.0,0.39
245.0,0.32994002726630056,0.17005997273369947,210.0,2.722610190297665,2.0,0.4
245.0,0.33025665395813664,0.16974334604186336,210.0,2.730778092048407,2.0,0.41000000000000003
245.0,0.33055826533142385,0.16944173466857612,210.0,2.738937419124625,2.0,0.42
245.0,0.3308455741076726,0.16915442589232738,210.0,2.747087638366019,2.0,0.43
245.0,0.3311192578727058,0.1688807421272942,210.0,2.755228243370277,2.0,0.44
245.0,0.33137996341486103,0.16862003658513897,210.0,2.763358751538486,2.0,0.45
245.0,0.33162830551814804,0.168371694481852,210.0,2.7714787047941556,2.0,0.46
245.0,0.33186487114278185,0.16813512885721815,210.0,2.779587666719043,2.0,0.47000000000000003
245.0,0.3320902180860724,0.16790978191392758,210.0,2.7876852233760747,2.0,0.48
245.0,0.33230487901987504,0.16769512098012496,210.0,2.7957709805272124,2.0,0.49
245.0,0.33250936003146164,0.16749063996853836,210.0,2.803844564550722,2.0,0.5
245.0,0.3327041445311389,0.1672958554688611,210.0,2.8119056197343095,2.0,0.51
245.0,0.33288969168421156,0.16711030831578846,210.0,2.8199538092778655,2.0,0.52
245.0,0.3330664402007934,0.1669335597992066,210.0,2.8279888126559047,2.0,0.53
245.0,0.33323480666894334,0.16676519333105666,210.0,2.8360103266976004,2.0,0.54
245.0,0.3333951892375809,0.16660481076241912,210.0,2.844018063013223,2.0,0.55
245.0,0.33354796585994223,0.16645203414005777,210.0,2.8520117491439225,2.0,0.56
245.0,0.3336934978795024,0.1663065021204976,210.0,2.859991126047436,2.0,0.5700000000000001
245.0,0.333832128192051,0.166167871807949,210.0,2.867955949310662,2.0,0.58
245.0,0.3339641847436059,0.16603581525639408,210.0,2.8759059866904315,2.0,0.59
245.0,0.3340899786186405,0.16591002138135952,210.0,2.8838410193824466,2.0,0.6
245.0,0.33420980745814155,0.16579019254185842,210.0,2.8917608396133745,2.0,0.61
245.0,0.3343239534808221,0.16567604651917786,210.0,2.8996652519602053,2.0,0.62
245.0,0.3344326868287223,0.1655673131712777,210.0,2.9075540709903547,2.0,0.63
245.0,0.33453626352760785,0.16546373647239215,210.0,2.9154271226259265,2.0,0.64
245.0,0.334634928766828,0.165365071233172,210.0,2.923284241828896,2.0,0.65
245.0,0.33472891480452643,0.16527108519547357,210.0,2.931125274005158,2.0,0.66
245.0,0.33481844418784773,0.16518155581215227,210.0,2.9389500727329154,2.0,0.67
245.0,0.3349037276080667,0.1650962723919333,210.0,2.9467585011988833,2.0,0.68
245.0,0.33498496706667014,0.1650150329333299,210.0,2.9545504299699634,2.0,0.6900000000000001
245.0,0.33506235368504145,0.16493764631495855,210.0,2.962325738463672,2.0,0.7000000000000001
245.0,0.33513607082142316,0.16486392917857684,210.0,2.97008431274422,2.0,0.71
245.0,0.33520629183937994,0.16479370816062006,210.0,2.97782604703942,2.0,0.72
245.0,0.33527318318016974,0.16472681681983023,210.0,2.985550841551862,2.0,0.73
245.0,0.3353369020938189,0.1646630979061811,210.0,2.9932586040198053,2.0,0.74
245.0,0.33539759967102256,0.1646024003289774,210.0,3.000949247542133,2.0,0.75
245.0,0.3354554185402954,0.16454458145970458,210.0,3.008622692179278,2.0,0.76
245.0,0.3355104958631503,0.1644895041368497,210.0,3.016278862791098,2.0,0.77
245.0,0.3355629610004627,0.16443703899953732,210.0,3.0239176906740024,2.0,0.78
245.0,0.33561293847433127,0.16438706152566876,210.0,3.031539111411112,2.0,0.79
245.0,0.33566054560650394,0.1643394543934961,210.0,3.0391430665419685,2.0,0.8
245.0,0.3357058954500076,0.16429410454999238,210.0,3.046729501424497,2.0,0.81
245.0,0.33574909440222056,0.16425090559777944,210.0,3.0542983669338986,2.0,0.8200000000000001
245.0,0.3357902451090732,0.1642097548909268,210.0,3.0618496173360614,2.0,0.8300000000000001
245.0,0.3358294440551111,0.16417055594488889,210.0,3.06938321201244,2.0,0.84
245.0,0.33586678444281026,0.16413321555718974,210.0,3.076899113344684,2.0,0.85
245.0,0.3359023537617579,0.1640976462382421,210.0,3.0843972884624873,2.0,0.86
245.0,0.3359362366453896,0.16406376335461043,210.0,3.0918777071393153,2.0,0.87
245.0,0.335968512421218,0.164031487578782,210.0,3.0993403435603724,2.0,0.88
245.0,0.3359992579470863,0.16400074205291368,210.0,3.106785174229409,2.0,0.89
245.0,0.3360285451441963,0.16397145485580372,210.0,3.1142121797541167,2.0,0.9
245.0,0.33605644381477745,0.16394355618522255,210.0,3.121621342764077,2.0,0.91
245.0,0.3360830191595043,0.16391698084049572,210.0,3.1290126497108495,2.0,0.92
245.0,0.33610833457830575,0.16389166542169425,210.0,3.1363860887984725,2.0,0.93
245.0,0.3361324491736125,0.16386755082638751,210.0,3.14374165179327,2.0,0.9400000000000001
245.0,0.33615542053587216,0.16384457946412784,210.0,3.151079331966598,2.0,0.9500000000000001
245.0,0.3361773022339386,0.16382269776606137,210.0,3.1583991259218913,2.0,0.96
245.0,0.336198146586699,0.163801853413301,210.0,3.165701031533489,2.0,0.97
245.0,0.3362180021418155,0.16378199785818448,210.0,3.1729850498014533,2.0,0.98
245.0,0.33623691643473064,0.1637630835652694,210.0,3.1802511827822015,2.0,0.99
245.0,0.33625493345685054,0.16374506654314944,210.0,3.187499435469409,2.0,1.0
245.0,0.3362720964030945,0.1637279035969055,210.0,3.194729813717142,2.0,1.01
245.0,0.33628844513049716,0.16371155486950287,210.0,3.201942326144518,2.0,1.02
245.0,0.3363040188953641,0.16369598110463593,210.0,3.2091369820521796,2.0,1.03
245.0,0.3363188538031785,0.16368114619682148,210.0,3.216313793348412,2.0,1.04
245.0,0.3363329855363275,0.16366701446367252,210.0,3.2234727724598438,2.0,1.05
245.0,0.3363464467961157,0.16365355320388428,210.0,3.2306139342768194,2.0,1.06
245.0,0.3363592700219378,0.1636407299780622,210.0,3.2377372940592273,2.0,1.07
245.0,0.3363714848261281,0.16362851517387192,210.0,3.2448428693990197,2.0,1.08
245.0,0.336383120705373,0.16361687929462698,210.0,3.251930678122088,2.0,1.09
245.0,0.336394204469058,0.16360579553094204,210.0,3.2590007402659102,2.0,1.1
245.0,0.33640476294364086,0.16359523705635912,210.0,3.266053075978403,2.0,1.11
245.0,0.3364148203950955,0.16358517960490448,210.0,3.2730877075087617,2.0,1.12
245.0,0.33642440122690076,0.16357559877309924,210.0,3.2801046571042263,2.0,1.1300000000000001
245.0,0.3364335273971244,0.16356647260287563,210.0,3.2871039490122556,2.0,1.1400000000000001
245.0,0.33644222111062183,0.1635577788893782,210.0,3.2940856073761524,2.0,1.1500000000000001
245.0,0.3364505022312536,0.1635494977687464,210.0,3.3010496582467916,2.0,1.16
245.0,0.33645839096883334,0.16354160903116666,210.0,3.307996127478046,2.0,1.17
245.0,0.336465905286926,0.16353409471307398,210.0,3.3149250427457253,2.0,1.18
245.0,0.33647306358503415,0.16352693641496582,210.0,3.3218364314463167,2.0,1.19
245.0,0.336479882102384,0.163520117897616,210.0,3.3287303227193807,2.0,1.2
245.0,0.336486377595791,0.16351362240420902,210.0,3.335606745344742,2.0,1.21
245.0,0.3364925647398105,0.16350743526018952,210.0,3.3424657297818845,2.0,1.22
245.0,0.3364984588006702,0.16350154119932978,210.0,3.3493073060518412,2.0,1.23
245.0,0.33650407303313856,0.16349592696686147,210.0,3.3561315057988885,2.0,1.24
245.0,0.33650942135087425,0.16349057864912575,210.0,3.3629383601568157,2.0,1.25
245.0,0.3365145157203234,0.16348548427967655,210.0,3.3697279018313053,2.0,1.26
245.0,0.33651936882781697,0.16348063117218303,210.0,3.376500162951818,2.0,1.27
245.0,0.33652399147076995,0.16347600852923003,210.0,3.3832551771728654,2.0,1.28
245.0,0.33652839522182965,0.16347160477817033,210.0,3.3899929775128275,2.0,1.29
245.0,0.336532589817626,0.163467410182374,210.0,3.3967135984723527,2.0,1.3
245.0,0.3365365858202439,0.16346341417975607,210.0,3.4034170738614224,2.0,1.31
245.0,0.33654039200375074,0.16345960799624923,210.0,3.410103438933164,2.0,1.32
245.0,0.3365440180132425,0.1634559819867575,210.0,3.4167727282004554,2.0,1.33
245.0,0.3365474717493513,0.1634525282506487,210.0,3.423424977583498,2.0,1.34
245.0,0.33655076202509293,0.16344923797490707,210.0,3.4300602222172265,2.0,1.35
245.0,0.33655389594853935,0.16344610405146062,210.0,3.4366784986110455,2.0,1.36
245.0,0.33655688157767283,0.16344311842232714,210.0,3.4432798424482916,2.0,1.37
245.0,0.33655972530139144,0.16344027469860856,210.0,3.4498642907565795,2.0,1.3800000000000001
245.0,0.33656243449255635,0.16343756550744365,210.0,3.4564318797005518,2.0,1.3900000000000001
245.0,0.3365650148874828,0.16343498511251717,210.0,3.4629826467613323,2.0,1.4000000000000001
245.0,0.3365674732373503,0.1634325267626497,210.0,3.4695166285237544,2.0,1.41
245.0,0.3365698146863162,0.16343018531368383,210.0,3.4760338628634844,2.0,1.42
245.0,0.33657204542144303,0.16342795457855694,210.0,3.48253438673007,2.0,1.43
245.0,0.3365741700495605,0.16342582995043953,210.0,3.489018238339205,2.0,1.44
245.0,0.33657619424584934,0.16342380575415066,210.0,3.495485454955027,2.0,1.45
245.0,0.3365781221295645,0.16342187787043547,210.0,3.501936075086609,2.0,1.46
245.0,0.3365799589114008,0.16342004108859923,210.0,3.508370136261979,2.0,1.47
245.0,0.33658170826818995,0.16341829173181005,210.0,3.5147876772420457,2.0,1.48
245.0,0.3365833749891448,0.16341662501085516,210.0,3.521188735776219,2.0,1.49
245.0,0.3365849623496424,0.16341503765035761,210.0,3.527573350836566,2.0,1.5
245.0,0.33658647475644,0.16341352524356,210.0,3.5339415603557796,2.0,1.51
245.0,0.33658791512063224,0.16341208487936776,210.0,3.5402934034800424,2.0,1.52
245.0,0.3365892875019346,0.16341071249806535,210.0,3.5466289182907347,2.0,1.53
245.0,0.3365905944808898,0.16340940551911023,210.0,3.55294814407443,2.0,1.54
245.0,0.3365918398023058,0.16340816019769422,210.0,3.559251119029759,2.0,1.55
245.0,0.3365930257467801,0.1634069742532199,210.0,3.565537882552994,2.0,1.56
245.0,0.33659415577337276,0.16340584422662724,210.0,3.5718084729314588,2.0,1.57
245.0,0.336595231890509,0.16340476810949103,210.0,3.5780629296431994,2.0,1.58
245.0,0.33659625729795967,0.16340374270204033,210.0,3.5843012910383023,2.0,1.59
245.0,0.3365972337571792,0.1634027662428208,210.0,3.590523596651194,2.0,1.6
245.0,0.33659816423265865,0.16340183576734138,210.0,3.5967298848711846,2.0,1.61
245.0,0.33659905026174913,0.16340094973825087,210.0,3.60292019526599,2.0,1.62
245.0,0.33659989459544803,0.163400105404552,210.0,3.6090945662427987,2.0,1.6300000000000001
245.0,0.3366006985677536,0.1633993014322464,210.0,3.615253037381628,2.0,1.6400000000000001
245.0,0.33660146473593816,0.16339853526406184,210.0,3.6213956470881863,2.0,1.6500000000000001
245.0,0.3366021942494761,0.1633978057505239,210.0,3.6275224349357287,2.0,1.6600000000000001
245.0,0.33660288948985334,0.16339711051014666,210.0,3.6336334393109424,2.0,1.67
245.0,0.3366035514391055,0.16339644856089455,210.0,3.6397286997630074,2.0,1.68
245.0,0.3366041823192094,0.16339581768079062,210.0,3.645808254644265,2.0,1.69
245.0,0.3366047829602655,0.1633952170397345,210.0,3.651872143462959,2.0,1.7
245.0,0.3366053554395116,0.1633946445604884,210.0,3.6579204045217217,2.0,1.71
245.0,0.33660590044918204,0.16339409955081796,210.0,3.6639530772778692,2.0,1.72
245.0,0.3366064199351748,0.1633935800648252,210.0,3.6699701999675582,2.0,1.73
245.0,0.33660691446462787,0.1633930855353721,210.0,3.6759718119853537,2.0,1.74
245.0,0.3366073858642577,0.1633926141357423,210.0,3.681957951489183,2.0,1.75
245.0,0.3366078345876905,0.16339216541230947,210.0,3.6879286577991124,2.0,1.76
245.0,0.3366082623534963,0.1633917376465037,210.0,3.6938839689843186,2.0,1.77
245.0,0.3366086695123002,0.16339133048769985,210.0,3.6998239242796758,2.0,1.78
245.0,0.33660905768453964,0.16339094231546034,210.0,3.7057485616561467,2.0,1.79
245.0,0.33660942712737585,0.16339057287262415,210.0,3.711657920253729,2.0,1.8
245.0,0.3366097793722007,0.1633902206277993,210.0,3.7175520379366573,2.0,1.81
245.0,0.33661011459136514,0.16338988540863486,210.0,3.723430953741289,2.0,1.82
245.0,0.33661043423546105,0.16338956576453895,210.0,3.72929470541748,2.0,1.83
245.0,0.3366107383998818,0.16338926160011819,210.0,3.735143331890026,2.0,1.84
245.0,0.3366110284619013,0.1633889715380987,210.0,3.7409768707875397,2.0,1.85
245.0,0.3366113044470807,0.1633886955529193,210.0,3.746795360916103,2.0,1.86
245.0,0.3366115676661652,0.16338843233383482,210.0,3.752598839776936,2.0,1.87
245.0,0.3366118180813496,0.1633881819186504,210.0,3.758387346050954,2.0,1.8800000000000001
245.0,0.3366120569430108,0.16338794305698925,210.0,3.7641609171064894,2.0,1.8900000000000001
245.0,0.3366122841558442,0.16338771584415582,210.0,3.769919591493475,2.0,1.9000000000000001
245.0,0.3366125009154487,0.16338749908455127,210.0,3.7756634064424524,2.0,1.9100000000000001
245.0,0.33661270707434415,0.16338729292565585,210.0,3.7813924003671424,2.0,1.92
245.0,0.3366129037784239,0.16338709622157607,210.0,3.787106610355932,2.0,1.93
245.0,0.3366130908328627,0.16338690916713725,210.0,3.7928060746814833,2.0,1.94
245.0,0.3366132693384517,0.16338673066154827,210.0,3.798490830286845,2.0,1.95
245.0,0.3366134390574038,0.16338656094259615,210.0,3.8041609152989415,2.0,1.96
245.0,0.33661360104958427,0.16338639895041573,210.0,3.8098163665100473,2.0,1.97
245.0,0.3366137550382239,0.16338624496177612,210.0,3.8154572219016045,2.0,1.98
245.0,0.3366139020460474,0.1633860979539526,210.0,3.821083518109436,2.0,1.99
245.0,0.33661404176091725,0.16338595823908272,210.0,3.8266952929666234,2.0,2.0
245.0,0.3366141751718549,0.16338582482814512,210.0,3.8322925829499686,2.0,2.0100000000000002
245.0,0.3366143019346294,0.1633856980653706,210.0,3.8378754257411423,2.0,2.02
245.0,0.33661442300767974,0.16338557699232023,210.0,3.8434438576556915,2.0,2.0300000000000002
245.0,0.3366145380176534,0.16338546198234663,210.0,3.848997916221124,2.0,2.04
245.0,0.3366146478952386,0.1633853521047614,210.0,3.85453763758981,2.0,2.05
245.0,0.33661475224065746,0.16338524775934254,210.0,3.860063059132645,2.0,2.06
245.0,0.33661485195941754,0.1633851480405825,210.0,3.8655742168371763,2.0,2.07
245.0,0.33661494662776204,0.16338505337223796,210.0,3.8710711479155204,2.0,2.08
245.0,0.33661503712834967,0.16338496287165033,210.0,3.8765538881890054,2.0,2.09
245.0,0.3366151230156649,0.1633848769843351,210.0,3.882022474709056,2.0,2.1
245.0,0.33661520515163346,0.16338479484836657,210.0,3.887476943129614,2.0,2.11
245.0,0.3366152830709954,0.16338471692900458,210.0,3.8929173303397295,2.0,2.12
245.0,0.3366153576168638,0.16338464238313624,210.0,3.8983436718249975,2.0,2.13
245.0,0.33661542830606206,0.16338457169393794,210.0,3.9037560043106287,2.0,2.14
245.0,0.3366154959646328,0.16338450403536717,210.0,3.909154363113092,2.0,2.15
245.0,0.33661556009314164,0.16338443990685833,210.0,3.9145387847924846,2.0,2.16
245.0,0.33661562150214164,0.16338437849785833,210.0,3.9199093044955458,2.0,2.17
245.0,0.33661567967744555,0.16338432032255445,210.0,3.925265958616159,2.0,2.18
245.0,0.3366157354155516,0.16338426458444838,210.0,3.9306087821308817,2.0,2.19
245.0,0.33661578818888516,0.16338421181111482,210.0,3.9359378112659598,2.0,2.2
245.0,0.3366158387811917,0.16338416121880828,210.0,3.941253080828459,2.0,2.21
245.0,0.33661588665274855,0.16338411334725142,210.0,3.9465546268770666,2.0,2.22
245.0,0.3366159325757283,0.16338406742427172,210.0,3.9518424840454287,2.0,2.23
245.0,0.33661597599938764,0.16338402400061233,210.0,3.957116688227323,2.0,2.24
245.0,0.3366160176853944,0.16338398231460557,210.0,3.962377273881938,2.0,2.25
245.0,0.3366160570730079,0.1633839429269921,210.0,3.967624276737619,2.0,2.2600000000000002
245.0,0.3366160949143626,0.16338390508563738,210.0,3.9728577310791526,2.0,2.27
245.0,0.3366161306396464,0.1633838693603536,210.0,3.9780776724689657,2.0,2.2800000000000002
245.0,0.33661616499234326,0.1633838350076567,210.0,3.9832841350176422,2.0,2.29
245.0,0.33661619739440934,0.16338380260559066,210.0,3.9884771541212873,2.0,2.3000000000000003
245.0,0.3366162285814794,0.16338377141852062,210.0,3.9936567637165643,2.0,2.31
245.0,0.3366162579680398,0.1633837420319602,210.0,3.9988229990329516,2.0,2.32
245.0,0.3366162862826031,0.1633837137173969,210.0,4.003975893833548,2.0,2.33
245.0,0.3366163129328774,0.16338368706712258,210.0,4.009115483180981,2.0,2.34
245.0,0.3366163386409127,0.16338366135908727,210.0,4.014241800665211,2.0,2.35
245.0,0.33661636280826635,0.16338363719173368,210.0,4.0193548811818705,2.0,2.36
245.0,0.33661638615112427,0.16338361384887573,210.0,4.024454758148261,2.0,2.37
245.0,0.3366164080654621,0.16338359193453791,210.0,4.029541466292951,2.0,2.38
245.0,0.3366164292621454,0.1633835707378546,210.0,4.034615038861116,2.0,2.39
245.0,0.33661644913208455,0.16338355086791542,210.0,4.039675510414253,2.0,2.4
245.0,0.33661646838131754,0.16338353161868244,210.0,4.044722914025998,2.0,2.41
245.0,0.3366164863961583,0.16338351360384168,210.0,4.049757284090827,2.0,2.42
245.0,0.3366165038782646,0.16338349612173542,210.0,4.054778653511459,2.0,2.43
245.0,0.33661652020977906,0.16338347979022097,210.0,4.059787056515459,2.0,2.44
245.0,0.3366165360883851,0.1633834639116149,210.0,4.064782525835417,2.0,2.45
245.0,0.33661655089243997,0.16338344910756003,210.0,4.069765095531542,2.0,2.46
245.0,0.33661656531602147,0.1633834346839785,210.0,4.074734798167398,2.0,2.47
245.0,0.3366165787340517,0.16338342126594832,210.0,4.079691667637802,2.0,2.48
245.0,0.33661659183733506,0.16338340816266497,210.0,4.084635736334485,2.0,2.49
245.0,0.33661660399768,0.16338339600232,210.0,4.089567037989446,2.0,2.5
245.0,0.33661661590291747,0.16338338409708256,210.0,4.094485604822901,2.0,2.5100000000000002
245.0,0.3366166269220321,0.16338337307796788,210.0,4.099391470404243,2.0,2.52
245.0,0.33661663774015615,0.16338336225984382,210.0,4.104284666782991,2.0,2.5300000000000002
245.0,0.3366166477237123,0.1633833522762877,210.0,4.109165227366179,2.0,2.54
245.0,0.33661665755538395,0.16338334244461605,210.0,4.1140331840334925,2.0,2.5500000000000003
245.0,0.33661666659926864,0.16338333340073136,210.0,4.11888857002988,2.0,2.56
245.0,0.3366166755358281,0.1633833244641719,210.0,4.123731417066079,2.0,2.57
245.0,0.33661668372704984,0.16338331627295016,210.0,4.128561758225254,2.0,2.58
245.0,0.3366166918513797,0.1633833081486203,210.0,4.133379625050092,2.0,2.59
245.0,0.3366166992688905,0.16338330073110954,210.0,4.138185050462309,2.0,2.6
245.0,0.3366167066561989,0.16338329334380108,210.0,4.142978065837451,2.0,2.61
245.0,0.3366167133716401,0.1633832866283599,210.0,4.147758703936136,2.0,2.62
245.0,0.33661672009017146,0.16338327990982854,210.0,4.152526995967688,2.0,2.63
245.0,0.3366167261685509,0.16338327383144916,210.0,4.1572829745320075,2.0,2.64
245.0,0.33661673228023037,0.16338326771976966,210.0,4.162026670673127,2.0,2.65
245.0,0.33661673778053636,0.16338326221946364,210.0,4.166758116830628,2.0,2.66
245.0,0.3366167433415553,0.16338325665844472,210.0,4.171477343884183,2.0,2.67
245.0,0.33661674831731436,0.16338325168268567,210.0,4.176184384113474,2.0,2.68
245.0,0.33661675337866104,0.163383246621339,210.0,4.180879268234748,2.0,2.69
245.0,0.33661675787844325,0.16338324212155678,210.0,4.185562028368229,2.0,2.7
245.0,0.3366167624863847,0.1633832375136153,210.0,4.190232695068114,2.0,2.71
245.0,0.336616766554263,0.16338323344573705,210.0,4.194891300294735,2.0,2.72
245.0,0.336616770750782,0.16338322924921803,210.0,4.199537874440419,2.0,2.73
245.0,0.33661677442674875,0.16338322557325122,210.0,4.204172449309354,2.0,2.74
245.0,0.33661677824994,0.16338322175005998,210.0,4.208795055130047,2.0,2.75
245.0,0.33661678157028485,0.16338321842971512,210.0,4.21340572355187,2.0,2.7600000000000002
245.0,0.33661678505471626,0.16338321494528377,210.0,4.218004484640444,2.0,2.77
245.0,0.33661678805236794,0.16338321194763208,210.0,4.222591369890792,2.0,2.7800000000000002
245.0,0.3366167912294068,0.1633832087705932,210.0,4.227166409206654,2.0,2.79
245.0,0.3366167939342448,0.16338320606575515,210.0,4.231729633929141,2.0,2.8000000000000003
245.0,0.3366167968323541,0.16338320316764585,210.0,4.2362810738011225,2.0,2.81
245.0,0.3366167992714916,0.1633832007285084,210.0,4.240820760010249,2.0,2.82
245.0,0.3366168019164988,0.1633831980835012,210.0,4.245348722139534,2.0,2.83
245.0,0.3366168041145379,0.16338319588546207,210.0,4.2498649912236175,2.0,2.84
245.0,0.3366168065298789,0.1633831934701211,210.0,4.254369596686664,2.0,2.85
245.0,0.33661680850914416,0.16338319149085584,210.0,4.258862569410778,2.0,2.86
245.0,0.33661681071608485,0.16338318928391513,210.0,4.263343938662277,2.0,2.87
245.0,0.33661681249683345,0.16338318750316655,210.0,4.267813735171199,2.0,2.88
245.0,0.3366168145146706,0.16338318548532935,210.0,4.272271988047019,2.0,2.89
245.0,0.33661681611528405,0.16338318388471595,210.0,4.2767187278682,2.0,2.9
245.0,0.33661681796152787,0.16338318203847213,210.0,4.281153983588361,2.0,2.91
245.0,0.33661681939868554,0.16338318060131446,210.0,4.28557778563488,2.0,2.92
245.0,0.33661682108922464,0.1633831789107754,210.0,4.289990162806512,2.0,2.93
245.0,0.3366168223780616,0.16338317762193838,210.0,4.294391145380055,2.0,2.94
245.0,0.33661682392731346,0.16338317607268654,210.0,4.298780762000378,2.0,2.95
245.0,0.33661682508156343,0.16338317491843654,210.0,4.3031590427940944,2.0,2.96
245.0,0.3366168265026106,0.16338317349738937,210.0,4.3075260162536955,2.0,2.97
245.0,0.3366168275347355,0.16338317246526451,210.0,4.311881712355764,2.0,2.98
245.0,0.33661682883944877,0.1633831711605512,210.0,4.316226159439839,2.0,2.99
245.0,0.3366168297607576,0.1633831702392424,210.0,4.32055938733609,2.0,3.0
245.0,0.336616830959908,0.16338316904009195,210.0,4.3248814242300195,2.0,3.0100000000000002
245.0,0.336616831780662,0.16338316821933802,210.0,4.329192299806293,2.0,3.02
245.0,0.3366168328840241,0.16338316711597586,210.0,4.333492042097394,2.0,3.0300000000000002
245.0,0.3366168336135341,0.1633831663864659,210.0,4.337780680642971,2.0,3.04
245.0,0.3366168346299774,0.1633831653700226,210.0,4.342058243323502,2.0,3.0500000000000003
245.0,0.33661683527669206,0.16338316472330797,210.0,4.346324759534096,2.0,3.06
245.0,0.3366168362142648,0.1633831637857352,210.0,4.35058025700423,2.0,3.0700000000000003
245.0,0.33661683678585047,0.16338316321414953,210.0,4.354824764984941,2.0,3.08
245.0,0.33661683765185574,0.16338316234814426,210.0,4.359058311055709,2.0,3.09
245.0,0.33661683815526894,0.16338316184473106,210.0,4.363280924323981,2.0,3.1
245.0,0.3366168389563335,0.1633831610436665,210.0,4.3674926322202285,2.0,3.11
245.0,0.33661683939788656,0.16338316060211341,210.0,4.371693463708793,2.0,3.12
245.0,0.33661684014002363,0.16338315985997637,210.0,4.3758834460721205,2.0,3.13
245.0,0.3366168405254445,0.1633831594745555,210.0,4.380062608131938,2.0,3.14
245.0,0.3366168412141105,0.16338315878588952,210.0,4.384230977023639,2.0,3.15
245.0,0.3366168415485966,0.16338315845140342,210.0,4.3883885814268275,2.0,3.16
245.0,0.33661684218874266,0.1633831578112573,210.0,4.392535448330811,2.0,3.17
245.0,0.33661684247701024,0.16338315752298976,210.0,4.396671606273569,2.0,3.18
245.0,0.3366168430731292,0.16338315692687075,210.0,4.40079708209928,2.0,3.19
245.0,0.33661684331945774,0.16338315668054224,210.0,4.404911904204798,2.0,3.2
245.0,0.3366168438756264,0.1633831561243736,210.0,4.409016099290123,2.0,3.21
245.0,0.33661684408389914,0.16338315591610086,210.0,4.413109695611112,2.0,3.22
245.0,0.3366168446038167,0.1633831553961833,210.0,4.4171927197253,2.0,3.23
245.0,0.3366168447775575,0.16338315522244254,210.0,4.42126519974872,2.0,3.24
245.0,0.33661684526458,0.16338315473541998,210.0,4.4253271620945,2.0,3.25
245.0,0.3366168454069871,0.1633831545930129,210.0,4.429378634741901,2.0,3.2600000000000002
245.0,0.3366168458641601,0.16338315413583993,210.0,4.433419643959828,2.0,3.27
245.0,0.33661684597813496,0.16338315402186504,210.0,4.437450217591293,2.0,3.2800000000000002
245.0,0.3366168464082222,0.1633831535917778,210.0,4.441470381761912,2.0,3.29
245.0,0.33661684649639756,0.16338315350360244,210.0,4.445480164178913,2.0,3.3000000000000003
245.0,0.3366168469019072,0.16338315309809284,210.0,4.449479590825597,2.0,3.31
245.0,0.3366168469666718,0.16338315303332815,210.0,4.45346868927386,2.0,3.3200000000000003
245.0,0.3366168473498795,0.16338315265012046,210.0,4.457447485365646,2.0,3.33
245.0,0.33661684739340125,0.16338315260659877,210.0,4.461416006537985,2.0,3.34
245.0,0.33661684775637213,0.16338315224362787,210.0,4.46537427849241,2.0,3.35
245.0,0.33661684778061773,0.16338315221938224,210.0,4.469322328531549,2.0,3.36
245.0,0.3366168481252257,0.1633831518747743,210.0,4.473260182217467,2.0,3.37
245.0,0.3366168481319801,0.1633831518680199,210.0,4.477187866718854,2.0,3.38
245.0,0.33661684845992546,0.16338315154007457,210.0,4.481105407459242,2.0,3.39
245.0,0.33661684845080814,0.16338315154919186,210.0,4.485012831473853,2.0,3.4
245.0,0.3366168487636338,0.1633831512363662,210.0,4.488910164048608,2.0,3.41
245.0,0.3366168487401143,0.16338315125988565,210.0,4.492797432085734,2.0,3.42
245.0,0.3366168490392204,0.16338315096077957,210.0,4.496674660734451,2.0,3.43
245.0,0.33661684900263233,0.16338315099736764,210.0,4.500541876764467,2.0,3.44
245.0,0.33661684928928925,0.16338315071071077,210.0,4.504399105189212,2.0,3.45
245.0,0.33661684924084256,0.16338315075915744,210.0,4.50824637264635,2.0,3.46
245.0,0.3366168495162031,0.16338315048379692,210.0,4.51208370401451,2.0,3.47
245.0,0.3366168494569957,0.16338315054300429,210.0,4.515911125799334,2.0,3.48
245.0,0.3366168497221059,0.16338315027789405,210.0,4.519728662745851,2.0,3.49
245.0,0.33661684965313454,0.16338315034686549,210.0,4.523536341229514,2.0,3.5
245.0,0.33661684990894275,0.16338315009105725,210.0,4.527334185859918,2.0,3.5100000000000002
245.0,0.3366168498311121,0.16338315016888788,210.0,4.531122222884604,2.0,3.52
245.0,0.3366168500784795,0.1633831499215205,210.0,4.534900476778272,2.0,3.5300000000000002
245.0,0.33661684999261,0.16338315000739004,210.0,4.5386689736609815,2.0,3.54
245.0,0.336616850232318,0.16338314976768195,210.0,4.542427737873433,2.0,3.5500000000000003
245.0,0.336616850139154,0.16338314986084598,210.0,4.5461767954086385,2.0,3.56
245.0,0.336616850371912,0.16338314962808798,210.0,4.549916170474208,2.0,3.5700000000000003
245.0,0.33661685027212884,0.16338314972787113,210.0,4.553645888936543,2.0,3.58
245.0,0.33661685049858037,0.16338314950141963,210.0,4.557365974871063,2.0,3.59
245.0,0.33661685039279093,0.16338314960720907,210.0,4.561076454017994,2.0,3.6
245.0,0.3366168506135199,0.16338314938648008,210.0,4.5647773503214575,2.0,3.61
245.0,0.3366168505022803,0.16338314949771968,210.0,4.568468689395943,2.0,3.62
245.0,0.3366168507178167,0.16338314928218328,210.0,4.572150495055161,2.0,3.63
245.0,0.33661685060163155,0.16338314939836845,210.0,4.575822792788301,2.0,3.64
245.0,0.3366168508124562,0.1633831491875438,210.0,4.579485606279536,2.0,3.65
245.0,0.3366168506917834,0.16338314930821665,210.0,4.583138960893205,2.0,3.66
245.0,0.3366168508983326,0.1633831491016674,210.0,4.586782880184805,2.0,3.67
245.0,0.33661685077358755,0.16338314922641245,210.0,4.59041738939427,2.0,3.68
245.0,0.3366168509762573,0.16338314902374268,210.0,4.59404251194928,2.0,3.69
245.0,0.3366168508478171,0.1633831491521829,210.0,4.597658272965811,2.0,3.7
245.0,0.3366168510469667,0.16338314895303332,210.0,4.601264695744577,2.0,3.71
245.0,0.33661685091517335,0.16338314908482668,210.0,4.60486180527804,2.0,3.72
245.0,0.33661685111112877,0.16338314888887123,210.0,4.60844962474112,2.0,3.73
245.0,0.3366168509762928,0.16338314902370724,210.0,4.6120281790025475,2.0,3.74
245.0,0.3366168511693497,0.1633831488306503,210.0,4.6155974911116875,2.0,3.75
245.0,0.3366168510317532,0.16338314896824682,210.0,4.619157585816508,2.0,3.7600000000000002
245.0,0.3366168512221793,0.16338314877782067,210.0,4.622708486039421,2.0,3.77
245.0,0.3366168510820784,0.16338314891792163,210.0,4.62625021640874,2.0,3.7800000000000002
245.0,0.3366168512701172,0.1633831487298828,210.0,4.629782799720729,2.0,3.79
245.0,0.3366168511277437,0.1633831488722563,210.0,4.6333062604844795,2.0,3.8000000000000003
245.0,0.3366168513136163,0.16338314868638373,210.0,4.6368206213709655,2.0,3.81
245.0,0.33661685116918066,0.16338314883081934,210.0,4.64032590677046,2.0,3.8200000000000003
245.0,0.3366168513530876,0.1633831486469124,210.0,4.643822139229498,2.0,3.83
245.0,0.33661685120678086,0.16338314879321916,210.0,4.647309343019943,2.0,3.84
245.0,0.3366168513889042,0.16338314861109585,210.0,4.6507875405647345,2.0,3.85
245.0,0.33661685124089935,0.16338314875910065,210.0,4.654256756017738,2.0,3.86
245.0,0.3366168514214042,0.1633831485785958,210.0,4.657717011679135,2.0,3.87
245.0,0.33661685127185864,0.16338314872814136,210.0,4.6611683315852,2.0,3.88
245.0,0.33661685145089504,0.163383148549105,210.0,4.664610737914181,2.0,3.89
245.0,0.3366168512999513,0.16338314870004872,210.0,4.668044254585182,2.0,3.9
245.0,0.33661685147765513,0.16338314852234487,210.0,4.671468903655335,2.0,3.91
245.0,0.3366168513254426,0.16338314867455736,210.0,4.674884708926986,2.0,3.92
245.0,0.33661685150193743,0.16338314849806257,210.0,4.6782916923369635,2.0,3.93
245.0,0.3366168513485736,0.1633831486514264,210.0,4.681689877571274,2.0,3.94
245.0,0.33661685152397136,0.1633831484760286,210.0,4.685079286447243,2.0,3.95
245.0,0.3366168513695628,0.16338314863043718,210.0,4.688459942534957,2.0,3.96
245.0,0.33661685154396515,0.16338314845603485,210.0,4.691831867533032,2.0,3.97
245.0,0.3366168513886085,0.16338314861139153,210.0,4.695195084895973,2.0,3.98
245.0,0.33661685156210763,0.16338314843789234,210.0,4.69854961620488,2.0,3.99
245.0,0.33661685140589054,0.16338314859410946,210.0,4.701895484798823,2.0,4.0
245.0,0.33661685157857,0.16338314842143,210.0,4.705232712140978,2.0,4.01
245.0,0.3366168514215728,0.16338314857842715,210.0,4.7085613214577835,2.0,4.0200000000000005
245.0,0.33661685159350785,0.16338314840649218,210.0,4.71188133409369,2.0,4.03
245.0,0.33661685143580306,0.16338314856419694,210.0,4.7151927731632215,2.0,4.04
245.0,0.33661685160706245,0.16338314839293755,210.0,4.718495659892915,2.0,4.05
245.0,0.3366168514487156,0.16338314855128439,210.0,4.721790017285783,2.0,4.0600000000000005
245.0,0.33661685161936206,0.16338314838063797,210.0,4.725075866451247,2.0,4.07
245.0,0.3366168514604325,0.16338314853956745,210.0,4.728353230281189,2.0,4.08
245.0,0.33661685163052274,0.16338314836947726,210.0,4.731622129768714,2.0,4.09
245.0,0.3366168514710645,0.16338314852893548,210.0,4.734882587694951,2.0,4.1
245.0,0.33661685164065,0.16338314835934994,210.0,4.73813462493748,2.0,4.11
245.0,0.336616851480712,0.16338314851928798,210.0,4.741378264167064,2.0,4.12
245.0,0.3366168516498396,0.16338314835016038,210.0,4.744613526146535,2.0,4.13
245.0,0.3366168514894662,0.16338314851053384,210.0,4.747840433436676,2.0,4.14
245.0,0.33661685165817834,0.1633831483418217,210.0,4.751059006686345,2.0,4.15
245.0,0.3366168514974097,0.16338314850259028,210.0,4.754269268346732,2.0,4.16
245.0,0.33661685166574495,0.16338314833425507,210.0,4.75747123895349,2.0,4.17
245.0,0.33661685150461773,0.16338314849538227,210.0,4.760664940848603,2.0,4.18
245.0,0.3366168516726109,0.1633831483273891,210.0,4.763850394455272,2.0,4.19
245.0,0.3366168515111583,0.16338314848884172,210.0,4.767027622006672,2.0,4.2
245.0,0.3366168516788412,0.1633831483211588,210.0,4.770196643814301,2.0,4.21
245.0,0.3366168515170932,0.16338314848290683,210.0,4.773357482002919,2.0,4.22
245.0,0.3366168516844946,0.1633831483155054,210.0,4.776510156773063,2.0,4.23
245.0,0.3366168515224785,0.1633831484775215,210.0,4.779654690141181,2.0,4.24
245.0,0.3366168516896245,0.16338314831037545,210.0,4.782791102198179,2.0,4.25
245.0,0.3366168515273653,0.16338314847263471,210.0,4.785919414853101,2.0,4.26
245.0,0.33661685169427924,0.1633831483057208,210.0,4.789039648085743,2.0,4.2700000000000005
245.0,0.3366168515317999,0.16338314846820012,210.0,4.792151823700096,2.0,4.28
245.0,0.33661685169850275,0.16338314830149722,210.0,4.795255961564995,2.0,4.29
245.0,0.3366168515358239,0.16338314846417615,210.0,4.798352083379784,2.0,4.3
245.0,0.33661685170233524,0.16338314829766476,210.0,4.801440208903068,2.0,4.3100000000000005
245.0,0.3366168515394752,0.16338314846052482,210.0,4.804520359729908,2.0,4.32
245.0,0.33661685170581285,0.16338314829418715,210.0,4.807592555509428,2.0,4.33
245.0,0.3366168515427884,0.16338314845721155,210.0,4.810656817732762,2.0,4.34
245.0,0.3366168517089685,0.16338314829103154,210.0,4.8137131659403,2.0,4.3500000000000005
245.0,0.3366168515457949,0.16338314845420512,210.0,4.816761621519603,2.0,4.36
245.0,0.33661685171183187,0.1633831482881681,210.0,4.819802203903067,2.0,4.37
245.0,0.33661685154852294,0.16338314845147708,210.0,4.822834934375041,2.0,4.38
245.0,0.3366168517144302,0.16338314828556982,210.0,4.825859832260651,2.0,4.39
245.0,0.3366168515509983,0.16338314844900167,210.0,4.8288769187414005,2.0,4.4
245.0,0.3366168517167879,0.16338314828321207,210.0,4.83188621303587,2.0,4.41
245.0,0.33661685155324456,0.16338314844675544,210.0,4.8348877362230755,2.0,4.42
245.0,0.3366168517189274,0.16338314828107262,210.0,4.837881507415767,2.0,4.43
245.0,0.33661685155528276,0.16338314844471727,210.0,4.8408675475908405,2.0,4.44
245.0,0.33661685172086875,0.16338314827913122,210.0,4.843845875755924,2.0,4.45
245.0,0.3366168515571322,0.16338314844286778,210.0,4.846816512786156,2.0,4.46
245.0,0.33661685172263045,0.16338314827736955,210.0,4.849779477584748,2.0,4.47
245.0,0.3366168515588104,0.1633831484411896,210.0,4.852734790925451,2.0,4.48
245.0,0.33661685172422906,0.16338314827577097,210.0,4.85568247160782,2.0,4.49
245.0,0.33661685156033316,0.16338314843966686,210.0,4.8586225403042365,2.0,4.5
245.0,0.33661685172567957,0.1633831482743204,210.0,4.861555015711527,2.0,4.51
245.0,0.33661685156171506,0.16338314843828494,210.0,4.864479918402116,2.0,4.5200000000000005
245.0,0.3366168517269954,0.16338314827300457,210.0,4.8673972669686965,2.0,4.53
245.0,0.33661685156296917,0.1633831484370308,210.0,4.8703070818854775,2.0,4.54
245.0,0.33661685172818945,0.16338314827181055,210.0,4.873209381641443,2.0,4.55
245.0,0.33661685156410726,0.16338314843589277,210.0,4.876104186612924,2.0,4.5600000000000005
245.0,0.3366168517292729,0.16338314827072709,210.0,4.878991515185878,2.0,4.57
245.0,0.3366168515651399,0.16338314843486013,210.0,4.881871387639092,2.0,4.58
245.0,0.336616851730256,0.16338314826974396,210.0,4.884743822256203,2.0,4.59
245.0,0.3366168515660769,0.1633831484339231,210.0,4.887608839218788,2.0,4.6000000000000005
245.0,0.3366168517311482,0.16338314826885184,210.0,4.890466456708857,2.0,4.61
245.0,0.33661685156692717,0.16338314843307283,210.0,4.893316694811112,2.0,4.62
245.0,0.33661685173195777,0.16338314826804226,210.0,4.8961595716066295,2.0,4.63
245.0,0.33661685156769866,0.16338314843230134,210.0,4.8989951070835716,2.0,4.64
245.0,0.3366168517326923,0.16338314826730768,210.0,4.901823319222756,2.0,4.65
245.0,0.3366168515683987,0.1633831484316013,210.0,4.904644227916148,2.0,4.66
245.0,0.3366168517333589,0.16338314826664108,210.0,4.907457851044987,2.0,4.67
245.0,0.3366168515690339,0.16338314843096607,210.0,4.910264208405376,2.0,4.68
245.0,0.33661685173396383,0.1633831482660362,210.0,4.913063317779641,2.0,4.69
245.0,0.3366168515696103,0.1633831484303897,210.0,4.91585519886837,2.0,4.7
245.0,0.3366168517345127,0.16338314826548728,210.0,4.918639869355637,2.0,4.71
245.0,0.33661685157013327,0.16338314842986673,210.0,4.921417348846856,2.0,4.72
245.0,0.3366168517350108,0.16338314826498918,210.0,4.924187654928505,2.0,4.73
245.0,0.33661685157060783,0.1633831484293922,210.0,4.926950807111167,2.0,4.74
245.0,0.33661685173546285,0.16338314826453715,210.0,4.929706822884624,2.0,4.75
245.0,0.33661685157103843,0.16338314842896157,210.0,4.932455721664462,2.0,4.76
245.0,0.33661685173587297,0.16338314826412703,210.0,4.93519752084395,2.0,4.7700000000000005
245.0,0.3366168515714294,0.16338314842857063,210.0,4.937932239745958,2.0,4.78
245.0,0.33661685173624484,0.16338314826375516,210.0,4.940659895666178,2.0,4.79
245.0,0.3366168515717842,0.16338314842821575,210.0,4.943380507835606,2.0,4.8
245.0,0.3366168517365823,0.16338314826341774,210.0,4.946094093452975,2.0,4.8100000000000005
245.0,0.33661685157210625,0.16338314842789375,210.0,4.948800671657745,2.0,4.82
245.0,0.3366168517368884,0.1633831482631116,210.0,4.951500259552349,2.0,4.83
245.0,0.3366168515723984,0.1633831484276016,210.0,4.95419287618502,2.0,4.84
245.0,0.33661685173716627,0.16338314826283373,210.0,4.9568785385625445,2.0,4.8500000000000005
245.0,0.3366168515726635,0.16338314842733648,210.0,4.959557265642247,2.0,4.86
245.0,0.3366168517374184,0.16338314826258163,210.0,4.962229074335918,2.0,4.87
245.0,0.33661685157290405,0.16338314842709595,210.0,4.964893983510282,2.0,4.88
245.0,0.3366168517376471,0.16338314826235287,210.0,4.967552009982778,2.0,4.89
245.0,0.33661685157312227,0.16338314842687773,210.0,4.970203172529848,2.0,4.9
245.0,0.3366168517378547,0.16338314826214528,210.0,4.972847487875215,2.0,4.91
245.0,0.33661685157332033,0.1633831484266797,210.0,4.975484974705355,2.0,4.92
245.0,0.3366168517380432,0.16338314826195682,210.0,4.978115649650909,2.0,4.93
245.0,0.3366168515735,0.16338314842649998,210.0,4.980739531308704,2.0,4.94
245.0,0.33661685173821415,0.16338314826178585,210.0,4.983356636216921,2.0,4.95
245.0,0.33661685157366306,0.16338314842633697,210.0,4.98596698288306,2.0,4.96
245.0,0.33661685173836936,0.16338314826163064,210.0,4.988570587753456,2.0,4.97
245.0,0.33661685157381094,0.16338314842618903,210.0,4.991167469246609,2.0,4.98
245.0,0.3366168517385102,0.16338314826148978,210.0,4.993757643717619,2.0,4.99
245.0,0.33661685157394516,0.16338314842605486,210.0,4.996341129496239,2.0,5.0
245.0,0.33661685173863803,0.16338314826136197,210.0,4.998917942847255,2.0,5.01
245.0,0.33661685157406684,0.16338314842593316,210.0,5.001488102011784,2.0,5.0200000000000005
245.0,0.33661685173875383,0.16338314826124617,210.0,5.004051623163985,2.0,5.03
245.0,0.33661685157417764,0.16338314842582238,210.0,5.0066085244584935,2.0,5.04
245.0,0.3366168517388588,0.16338314826114123,210.0,5.009158821978229,2.0,5.05
245.0,0.3366168515742782,0.16338314842572182,210.0,5.0117025337918975,2.0,5.0600000000000005
245.0,0.336616851738954,0.163383148261046,210.0,5.014239675891799,2.0,5.07
245.0,0.3366168515743694,0.16338314842563062,210.0,5.016770266261018,2.0,5.08
245.0,0.33661685173904043,0.1633831482609596,210.0,5.0192943208018495,2.0,5.09
245.0,0.33661685157445215,0.16338314842554785,210.0,5.0218118574120485,2.0,5.1000000000000005
245.0,0.3366168517391188,0.1633831482608812,210.0,5.024322891904523,2.0,5.11
245.0,0.3366168515745272,0.1633831484254728,210.0,5.026827442091988,2.0,5.12
245.0,0.3366168517391899,0.16338314826081007,210.0,5.029325523698571,2.0,5.13
245.0,0.3366168515745953,0.1633831484254047,210.0,5.0318171544522405,2.0,5.14
245.0,0.3366168517392545,0.1633831482607455,210.0,5.0343023499889465,2.0,5.15
245.0,0.33661685157465715,0.16338314842534288,210.0,5.0367811279522074,2.0,5.16
245.0,0.3366168517393131,0.1633831482606869,210.0,5.039253503890387,2.0,5.17
245.0,0.33661685157471316,0.16338314842528684,210.0,5.041719495362853,2.0,5.18
245.0,0.33661685173936634,0.16338314826063366,210.0,5.04417911783097,2.0,5.19
245.0,0.33661685157476406,0.16338314842523596,210.0,5.046632388770257,2.0,5.2
245.0,0.33661685173941464,0.16338314826058536,210.0,5.049079323555662,2.0,5.21
245.0,0.3366168515748102,0.1633831484251898,210.0,5.051519939579152,2.0,5.22
245.0,0.33661685173945854,0.16338314826054146,210.0,5.053954252129838,2.0,5.23
245.0,0.33661685157485205,0.16338314842514795,210.0,5.056382278516433,2.0,5.24
245.0,0.3366168517394984,0.16338314826050163,210.0,5.058804033942782,2.0,5.25
245.0,0.33661685157489,0.16338314842510998,210.0,5.0612195356344305,2.0,5.26
245.0,0.33661685173953454,0.16338314826046546,210.0,5.063628798710974,2.0,5.2700000000000005
245.0,0.3366168515749245,0.1633831484250755,210.0,5.06603184031549,2.0,5.28
245.0,0.33661685173956707,0.16338314826043293,210.0,5.068428675482188,2.0,5.29
245.0,0.336616851574956,0.16338314842504398,210.0,5.070819321273479,2.0,5.3
245.0,0.33661685173959655,0.16338314826040343,210.0,5.073203792638308,2.0,5.3100000000000005
245.0,0.33661685157498467,0.16338314842501536,210.0,5.075582106558726,2.0,5.32
245.0,0.3366168517396233,0.16338314826037667,210.0,5.077954277898976,2.0,5.33
245.0,0.3366168515750106,0.1633831484249894,210.0,5.08032032356103,2.0,5.34
245.0,0.3366168517396476,0.16338314826035236,210.0,5.082680258325007,2.0,5.3500000000000005
245.0,0.3366168515750342,0.16338314842496585,210.0,5.085034099013069,2.0,5.36
245.0,0.3366168517396697,0.16338314826033032,210.0,5.087381860321783,2.0,5.37
245.0,0.3366168515750555,0.16338314842494447,210.0,5.089723558993783,2.0,5.38
245.0,0.3366168517396897,0.16338314826031028,210.0,5.092059209642645,2.0,5.39
245.0,0.3366168515750749,0.1633831484249251,210.0,5.094388828931749,2.0,5.4
245.0,0.3366168517397079,0.16338314826029213,210.0,5.0967124313922465,2.0,5.41
245.0,0.33661685157509247,0.16338314842490756,210.0,5.0990300336085355,2.0,5.42
245.0,0.33661685173972433,0.16338314826027564,210.0,5.101341650029899,2.0,5.43
245.0,0.33661685157510834,0.16338314842489166,210.0,5.103647297162037,2.0,5.44
245.0,0.3366168517397393,0.16338314826026065,210.0,5.105946989372911,2.0,5.45
245.0,0.3366168515751228,0.16338314842487722,210.0,5.108240743089799,2.0,5.46
245.0,0.336616851739753,0.16338314826024702,210.0,5.11052857259989,2.0,5.47
245.0,0.3366168515751359,0.16338314842486415,210.0,5.1128104942523205,2.0,5.48
245.0,0.33661685173976535,0.16338314826023465,210.0,5.115086522254042,2.0,5.49
245.0,0.33661685157514765,0.16338314842485233,210.0,5.117356672876334,2.0,5.5
245.0,0.3366168517397766,0.16338314826022338,210.0,5.119620960246505,2.0,5.51
245.0,0.3366168515751584,0.1633831484248416,210.0,5.121879400557986,2.0,5.5200000000000005
245.0,0.3366168517397869,0.1633831482602131,210.0,5.124132007859148,2.0,5.53
245.0,0.3366168515751683,0.16338314842483173,210.0,5.126378798266665,2.0,5.54
245.0,0.33661685173979583,0.16338314826020417,210.0,5.128619785748894,2.0,5.55
245.0,0.3366168515751773,0.16338314842482268,210.0,5.130854986347087,2.0,5.5600000000000005
245.0,0.336616851739804,0.163383148260196,210.0,5.13308441394991,2.0,5.57
245.0,0.33661685157518556,0.16338314842481444,210.0,5.135308084523452,2.0,5.58
245.0,0.3366168517398114,0.16338314826018863,210.0,5.13752601187722,2.0,5.59
245.0,0.33661685157519305,0.16338314842480697,210.0,5.139738211902393,2.0,5.6000000000000005
245.0,0.33661685173981815,0.16338314826018188,210.0,5.141944698329855,2.0,5.61
245.0,0.3366168515751998,0.1633831484248002,210.0,5.144145486976135,2.0,5.62
245.0,0.3366168517398242,0.1633831482601758,210.0,5.146340591494034,2.0,5.63
245.0,0.33661685157520593,0.16338314842479407,210.0,5.148530027625683,2.0,5.64
245.0,0.3366168517398298,0.16338314826017022,210.0,5.150713808946327,2.0,5.65
245.0,0.3366168515752115,0.16338314842478852,210.0,5.152891951123962,2.0,5.66
245.0,0.3366168517398348,0.16338314826016517,210.0,5.155064467656799,2.0,5.67
245.0,0.3366168515752165,0.1633831484247835,210.0,5.157231374138957,2.0,5.68
245.0,0.33661685173983946,0.16338314826016057,210.0,5.159392683992138,2.0,5.69
245.0,0.3366168515752211,0.1633831484247789,210.0,5.161548412736841,2.0,5.7
245.0,0.3366168517398437,0.16338314826015635,210.0,5.163698573718768,2.0,5.71
245.0,0.3366168515752252,0.1633831484247748,210.0,5.165843182385067,2.0,5.72
245.0,0.33661685173984746,0.16338314826015254,210.0,5.167982252005944,2.0,5.73
245.0,0.3366168515752289,0.16338314842477109,210.0,5.170115797955462,2.0,5.74
245.0,0.3366168517398509,0.16338314826014907,210.0,5.172243833428837,2.0,5.75
245.0,0.33661685157523225,0.16338314842476775,210.0,5.174366373727303,2.0,5.76
245.0,0.3366168517398541,0.16338314826014586,210.0,5.176483431971786,2.0,5.7700000000000005
245.0,0.3366168515752353,0.1633831484247647,210.0,5.1785950233905576,2.0,5.78
245.0,0.33661685173985695,0.16338314826014305,210.0,5.180701161030391,2.0,5.79
245.0,0.33661685157523824,0.1633831484247618,210.0,5.182801860048358,2.0,5.8
245.0,0.33661685173985934,0.16338314826014066,210.0,5.184897133416256,2.0,5.8100000000000005
245.0,0.33661685157524096,0.16338314842475904,210.0,5.186986996220601,2.0,5.82
245.0,0.33661685173986144,0.16338314826013853,210.0,5.189071461358695,2.0,5.83
245.0,0.33661685157524346,0.16338314842475654,210.0,5.191150543846755,2.0,5.84
245.0,0.33661685173986344,0.16338314826013656,210.0,5.193224256508091,2.0,5.8500000000000005
245.0,0.3366168515752457,0.16338314842475432,210.0,5.195292614288863,2.0,5.86
245.0,0.3366168517398652,0.1633831482601348,210.0,5.197355629938893,2.0,5.87
245.0,0.3366168515752477,0.1633831484247523,210.0,5.199413318334522,2.0,5.88
245.0,0.3366168517398668,0.1633831482601332,210.0,5.201465692152587,2.0,5.89
245.0,0.3366168515752495,0.1633831484247505,210.0,5.203512766199847,2.0,5.9
245.0,0.3366168517398683,0.16338314826013173,210.0,5.2055545530806455,2.0,5.91
245.0,0.3366168515752512,0.16338314842474883,210.0,5.207591067532407,2.0,5.92
245.0,0.33661685173986966,0.16338314826013037,210.0,5.2096223220874744,2.0,5.93
245.0,0.3366168515752526,0.16338314842474738,210.0,5.211648331414176,2.0,5.94
245.0,0.3366168517398709,0.16338314826012912,210.0,5.213669107973337,2.0,5.95
245.0,0.33661685157525395,0.16338314842474605,210.0,5.215684666364438,2.0,5.96
245.0,0.336616851739872,0.163383148260128,210.0,5.2176950189772615,2.0,5.97
245.0,0.3366168515752551,0.16338314842474486,210.0,5.219700180342688,2.0,5.98
245.0,0.3366168517398731,0.1633831482601269,210.0,5.2217001627799355,2.0,5.99
245.0,0.3366168515752562,0.16338314842474375,210.0,5.223694980751529,2.0,6.0
245.0,0.3366168517398741,0.1633831482601259,210.0,5.225684646506592,2.0,6.01
245.0,0.3366168515752572,0.16338314842474277,210.0,5.227669174439489,2.0,6.0200000000000005
245.0,0.33661685173987504,0.16338314826012496,210.0,5.229648576729955,2.0,6.03
245.0,0.33661685157525806,0.16338314842474194,210.0,5.231622867704285,2.0,6.04
245.0,0.3366168517398757,0.1633831482601243,210.0,5.233592059472582,2.0,6.05
245.0,0.33661685157525906,0.16338314842474094,210.0,5.235556166294722,2.0,6.0600000000000005
245.0,0.3366168517398762,0.16338314826012376,210.0,5.237515200210708,2.0,6.07
245.0,0.33661685157526,0.16338314842474003,210.0,5.2394691754144205,2.0,6.08
245.0,0.33661685173987665,0.16338314826012332,210.0,5.241418103876242,2.0,6.09
245.0,0.3366168515752608,0.16338314842473922,210.0,5.243361999724295,2.0,6.1000000000000005
245.0,0.3366168517398771,0.1633831482601229,210.0,5.24530087485981,2.0,6.11
245.0,0.33661685157526156,0.16338314842473847,210.0,5.247234743345373,2.0,6.12
245.0,0.3366168517398775,0.1633831482601225,210.0,5.2491636170135445,2.0,6.13
245.0,0.3366168515752622,0.1633831484247378,210.0,5.251087509861596,2.0,6.140000000000001
245.0,0.3366168517398779,0.16338314826012215,210.0,5.2530064336538755,2.0,6.15
245.0,0.3366168515752628,0.1633831484247372,210.0,5.254920402322569,2.0,6.16
245.0,0.3366168517398782,0.16338314826012182,210.0,5.256829427564281,2.0,6.17
245.0,0.33661685157526333,0.16338314842473664,210.0,5.2587335232463355,2.0,6.18
245.0,0.33661685173987854,0.16338314826012146,210.0,5.2606327009980465,2.0,6.19
245.0,0.3366168515752638,0.1633831484247362,210.0,5.262526974622108,2.0,6.2
245.0,0.3366168517398789,0.16338314826012115,210.0,5.264416355680993,2.0,6.21
245.0,0.3366168515752642,0.16338314842473575,210.0,5.266300857912997,2.0,6.22
245.0,0.33661685173987915,0.16338314826012085,210.0,5.268180492814202,2.0,6.23
245.0,0.3366168515752646,0.1633831484247354,210.0,5.270055274058731,2.0,6.24
245.0,0.33661685173987943,0.16338314826012057,210.0,5.27192521307672,2.0,6.25
245.0,0.3366168515752649,0.1633831484247351,210.0,5.2737903234783525,2.0,6.26
245.0,0.33661685173987965,0.16338314826012032,210.0,5.275650616628253,2.0,6.2700000000000005
245.0,0.3366168515752652,0.1633831484247348,210.0,5.277506106072731,2.0,6.28
245.0,0.33661685173988,0.16338314826012004,210.0,5.279356803111683,2.0,6.29
245.0,0.33661685157526544,0.16338314842473453,210.0,5.2812027212280785,2.0,6.3
245.0,0.33661685173988004,0.16338314826011996,210.0,5.2830438716562185,2.0,6.3100000000000005
245.0,0.3366168515752659,0.1633831484247341,210.0,5.284880267817113,2.0,6.32
245.0,0.3366168517398801,0.16338314826011993,210.0,5.286711920879558,2.0,6.33
245.0,0.33661685157526633,0.16338314842473364,210.0,5.288538844202845,2.0,6.34
245.0,0.3366168517398801,0.1633831482601199,210.0,5.290361048890696,2.0,6.3500000000000005
245.0,0.3366168515752667,0.16338314842473328,210.0,5.2921785482409,2.0,6.36
245.0,0.3366168517398801,0.16338314826011988,210.0,5.293991353292542,2.0,6.37
245.0,0.33661685157526705,0.16338314842473295,210.0,5.295799477282119,2.0,6.38
245.0,0.33661685173988015,0.16338314826011985,210.0,5.297602931184529,2.0,6.390000000000001
245.0,0.33661685157526733,0.16338314842473267,210.0,5.29940172817518,2.0,6.4
245.0,0.33661685173988015,0.16338314826011985,210.0,5.301195879165216,2.0,6.41
245.0,0.33661685157526755,0.16338314842473242,210.0,5.302985397269173,2.0,6.42
245.0,0.3366168517398802,0.16338314826011982,210.0,5.304770293334869,2.0,6.43
245.0,0.3366168515752678,0.16338314842473223,210.0,5.306550580416181,2.0,6.44
245.0,0.3366168517398802,0.16338314826011976,210.0,5.308326269298031,2.0,6.45
245.0,0.336616851575268,0.16338314842473203,210.0,5.310097372973847,2.0,6.46
245.0,0.3366168517398803,0.1633831482601197,210.0,5.311863902166078,2.0,6.47
245.0,0.33661685157526816,0.16338314842473184,210.0,5.313625869807922,2.0,6.48
245.0,0.33661685173988043,0.1633831482601196,210.0,5.3153832865597685,2.0,6.49
245.0,0.3366168515752683,0.1633831484247317,210.0,5.317136165294802,2.0,6.5
245.0,0.3366168517398805,0.16338314826011952,210.0,5.31888451661177,2.0,6.51
245.0,0.33661685157526844,0.1633831484247316,210.0,5.320628353324057,2.0,6.5200000000000005
245.0,0.33661685173988054,0.16338314826011943,210.0,5.32236768596922,2.0,6.53
245.0,0.3366168515752685,0.1633831484247315,210.0,5.324102527300854,2.0,6.54
245.0,0.33661685173988065,0.16338314826011935,210.0,5.325832887795877,2.0,6.55
245.0,0.33661685157526866,0.16338314842473137,210.0,5.327558780148925,2.0,6.5600000000000005
245.0,0.3366168517398805,0.16338314826011952,210.0,5.329280214775444,2.0,6.57
245.0,0.3366168515752689,0.16338314842473114,210.0,5.330997204312143,2.0,6.58
245.0,0.3366168517398803,0.16338314826011968,210.0,5.332709759113247,2.0,6.59
245.0,0.3366168515752691,0.16338314842473092,210.0,5.334417891757733,2.0,6.6000000000000005
245.0,0.3366168517398802,0.1633831482601198,210.0,5.336121612539011,2.0,6.61
245.0,0.33661685157526927,0.16338314842473073,210.0,5.337820933978524,2.0,6.62
245.0,0.3366168517398801,0.16338314826011988,210.0,5.339515866309281,2.0,6.63
245.0,0.3366168515752695,0.1633831484247305,210.0,5.3412064219953885,2.0,6.640000000000001
245.0,0.33661685173988004,0.16338314826011996,210.0,5.342892611209866,2.0,6.65
245.0,0.33661685157526966,0.16338314842473037,210.0,5.344574446359678,2.0,6.66
245.0,0.33661685173988,0.16338314826012004,210.0,5.3462519375582644,2.0,6.67
245.0,0.33661685157526977,0.16338314842473026,210.0,5.347925097155647,2.0,6.68
245.0,0.3366168517398799,0.1633831482601201,210.0,5.349593935206086,2.0,6.69
245.0,0.3366168515752699,0.16338314842473015,210.0,5.351258464002861,2.0,6.7
245.0,0.3366168517398799,0.16338314826012015,210.0,5.352918693541451,2.0,6.71
245.0,0.33661685157526994,0.16338314842473006,210.0,5.354574636058591,2.0,6.72
245.0,0.3366168517398799,0.16338314826012015,210.0,5.356226301491376,2.0,6.73
245.0,0.33661685157527,0.16338314842472998,210.0,5.357873702020202,2.0,6.74
245.0,0.3366168517398799,0.16338314826012015,210.0,5.359516847524166,2.0,6.75
245.0,0.33661685157527005,0.16338314842472995,210.0,5.361155750127525,2.0,6.76
245.0,0.3366168517398799,0.16338314826012015,210.0,5.362790419651767,2.0,6.7700000000000005
245.0,0.3366168515752701,0.16338314842472992,210.0,5.364420868165213,2.0,6.78
245.0,0.3366168517398799,0.1633831482601201,210.0,5.3660471054322745,2.0,6.79
245.0,0.3366168515752701,0.1633831484247299,210.0,5.367669143465234,2.0,6.8
245.0,0.3366168517398799,0.16338314826012013,210.0,5.369286991971539,2.0,6.8100000000000005
245.0,0.33661685157527027,0.16338314842472973,210.0,5.370900662908783,2.0,6.82
245.0,0.3366168517398797,0.1633831482601203,210.0,5.372510165926812,2.0,6.83
245.0,0.33661685157527044,0.16338314842472956,210.0,5.374115512929027,2.0,6.84
245.0,0.33661685173987954,0.16338314826012046,210.0,5.375716713508048,2.0,6.8500000000000005
245.0,0.33661685157527066,0.16338314842472934,210.0,5.377313779513278,2.0,6.86
245.0,0.33661685173987943,0.16338314826012054,210.0,5.378906720480496,2.0,6.87
245.0,0.3366168515752708,0.16338314842472917,210.0,5.380495548205293,2.0,6.88
245.0,0.3366168517398793,0.16338314826012068,210.0,5.382080272166994,2.0,6.890000000000001
245.0,0.336616851575271,0.163383148424729,210.0,5.383660904107562,2.0,6.9
245.0,0.33661685173987926,0.16338314826012074,210.0,5.3852374534502525,2.0,6.91
245.0,0.3366168515752711,0.1633831484247289,210.0,5.386809931883586,2.0,6.92
245.0,0.33661685173987915,0.16338314826012085,210.0,5.388378348775124,2.0,6.93
245.0,0.3366168515752712,0.1633831484247288,210.0,5.389942715760132,2.0,6.94
245.0,0.3366168517398791,0.16338314826012093,210.0,5.391503042150858,2.0,6.95
245.0,0.3366168515752712,0.16338314842472876,210.0,5.393059339529497,2.0,6.96
245.0,0.336616851739879,0.16338314826012101,210.0,5.394611617153355,2.0,6.97
245.0,0.33661685157527127,0.16338314842472873,210.0,5.3961598865517475,2.0,6.98
245.0,0.33661685173987893,0.16338314826012107,210.0,5.397704156927403,2.0,6.99
245.0,0.3366168515752713,0.1633831484247287,210.0,5.399244439756942,2.0,7.0
245.0,0.33661685173987893,0.16338314826012107,210.0,5.400780744188888,2.0,7.01
245.0,0.3366168515752713,0.16338314842472867,210.0,5.402313081647357,2.0,7.0200000000000005
245.0,0.33661685173987893,0.16338314826012107,210.0,5.403841461227023,2.0,7.03
245.0,0.3366168515752713,0.16338314842472867,210.0,5.405365894299651,2.0,7.04
245.0,0.336616851739879,0.16338314826012104,210.0,5.406886389906607,2.0,7.05
245.0,0.3366168515752713,0.16338314842472867,210.0,5.40840295936737,2.0,7.0600000000000005
245.0,0.3366168517398789,0.16338314826012112,210.0,5.409915611669818,2.0,7.07
245.0,0.33661685157527155,0.16338314842472848,210.0,5.411424358082412,2.0,7.08
245.0,0.3366168517398787,0.1633831482601213,210.0,5.412929207539175,2.0,7.09
245.0,0.33661685157527166,0.16338314842472837,210.0,5.414430171257884,2.0,7.1000000000000005
245.0,0.33661685173987854,0.16338314826012149,210.0,5.415927258119075,2.0,7.11
245.0,0.33661685157527177,0.1633831484247282,210.0,5.417420479290011,2.0,7.12
245.0,0.33661685173987843,0.1633831482601216,210.0,5.41890984359811,2.0,7.13
245.0,0.33661685157527194,0.16338314842472806,210.0,5.4203953621602965,2.0,7.140000000000001
245.0,0.3366168517398783,0.1633831482601217,210.0,5.421877043751233,2.0,7.15
245.0,0.33661685157527205,0.16338314842472795,210.0,5.423354899437676,2.0,7.16
245.0,0.3366168517398782,0.16338314826012182,210.0,5.424828937941889,2.0,7.17
245.0,0.3366168515752721,0.16338314842472787,210.0,5.426299170280636,2.0,7.18
245.0,0.3366168517398781,0.16338314826012193,210.0,5.427765605124135,2.0,7.19
245.0,0.3366168515752722,0.16338314842472781,210.0,5.42922825343933,2.0,7.2
245.0,0.336616851739878,0.16338314826012199,210.0,5.430687123844748,2.0,7.21
245.0,0.33661685157527227,0.16338314842472773,210.0,5.43214222725769,2.0,7.22
245.0,0.336616851739878,0.16338314826012199,210.0,5.433593572245336,2.0,7.23
245.0,0.3366168515752723,0.16338314842472765,210.0,5.43504116967552,2.0,7.24
245.0,0.336616851739878,0.16338314826012199,210.0,5.43648502806442,2.0,7.25
245.0,0.33661685157527244,0.1633831484247276,210.0,5.43792515823058,2.0,7.26
245.0,0.336616851739878,0.16338314826012199,210.0,5.439361568639515,2.0,7.2700000000000005
245.0,0.33661685157527244,0.1633831484247276,210.0,5.4407942700606595,2.0,7.28
245.0,0.336616851739878,0.163383148260122,210.0,5.442223270909202,2.0,7.29
245.0,0.3366168515752724,0.16338314842472762,210.0,5.443648581905512,2.0,7.3
245.0,0.336616851739878,0.163383148260122,210.0,5.445070211415057,2.0,7.3100000000000005
245.0,0.33661685157527244,0.1633831484247276,210.0,5.446488170109552,2.0,7.32
245.0,0.3366168517398779,0.16338314826012212,210.0,5.447902466304072,2.0,7.33
245.0,0.33661685157527255,0.16338314842472743,210.0,5.449313110622744,2.0,7.34
245.0,0.3366168517398777,0.1633831482601223,210.0,5.450720111330321,2.0,7.3500000000000005
245.0,0.33661685157527277,0.16338314842472726,210.0,5.452123479003524,2.0,7.36
245.0,0.33661685173987754,0.16338314826012243,210.0,5.453523221857114,2.0,7.37
245.0,0.3366168515752729,0.16338314842472715,210.0,5.454919350420568,2.0,7.38
245.0,0.33661685173987743,0.1633831482601226,210.0,5.456311872859,2.0,7.390000000000001
245.0,0.33661685157527294,0.16338314842472706,210.0,5.4577007996548055,2.0,7.4
245.0,0.3366168517398773,0.16338314826012268,210.0,5.4590861389237855,2.0,7.41
245.0,0.33661685157527305,0.16338314842472695,210.0,5.460467901101415,2.0,7.42
245.0,0.3366168517398772,0.1633831482601228,210.0,5.46184609425452,2.0,7.43
245.0,0.3366168515752731,0.16338314842472687,210.0,5.463220728771819,2.0,7.44
245.0,0.33661685173987715,0.16338314826012285,210.0,5.464591812671489,2.0,7.45
245.0,0.3366168515752732,0.1633831484247268,210.0,5.465959356295658,2.0,7.46
245.0,0.3366168517398771,0.1633831482601229,210.0,5.467323367614184,2.0,7.47
245.0,0.3366168515752732,0.16338314842472676,210.0,5.468683856922765,2.0,7.48
245.0,0.33661685173987704,0.16338314826012296,210.0,5.470040832143267,2.0,7.49
245.0,0.33661685157527327,0.16338314842472673,210.0,5.471394303525121,2.0,7.5
245.0,0.336616851739877,0.163383148260123,210.0,5.472744278942521,2.0,7.51
245.0,0.33661685157527327,0.16338314842472673,210.0,5.474090768598803,2.0,7.5200000000000005
245.0,0.336616851739877,0.163383148260123,210.0,5.475433780320804,2.0,7.53
245.0,0.3366168515752733,0.1633831484247267,210.0,5.476773324265927,2.0,7.54
245.0,0.336616851739877,0.16338314826012298,210.0,5.478109408214007,2.0,7.55
245.0,0.3366168515752733,0.1633831484247267,210.0,5.479442042276518,2.0,7.5600000000000005
245.0,0.336616851739877,0.16338314826012298,210.0,5.480771234186711,2.0,7.57
245.0,0.3366168515752733,0.16338314842472665,210.0,5.482096994010773,2.0,7.58
245.0,0.3366168517398769,0.16338314826012312,210.0,5.483419329434733,2.0,7.59
245.0,0.33661685157527355,0.16338314842472645,210.0,5.484738250480285,2.0,7.6000000000000005
245.0,0.33661685173987677,0.16338314826012326,210.0,5.486053764786427,2.0,7.61
245.0,0.33661685157527366,0.16338314842472634,210.0,5.487365882330507,2.0,7.62
245.0,0.33661685173987665,0.16338314826012337,210.0,5.488674610704806,2.0,7.63
245.0,0.33661685157527377,0.1633831484247262,210.0,5.489979959842478,2.0,7.640000000000001
245.0,0.33661685173987654,0.16338314826012348,210.0,5.491281937289406,2.0,7.65
245.0,0.3366168515752739,0.16338314842472612,210.0,5.4925805529347,2.0,7.66
245.0,0.33661685173987643,0.1633831482601236,210.0,5.493875814278161,2.0,7.67
245.0,0.33661685157527393,0.16338314842472607,210.0,5.49516773116501,2.0,7.68
245.0,0.3366168517398763,0.1633831482601237,210.0,5.496456311049276,2.0,7.69
245.0,0.336616851575274,0.163383148424726,210.0,5.49774156373244,2.0,7.7
245.0,0.3366168517398762,0.16338314826012376,210.0,5.499023496623071,2.0,7.71
245.0,0.3366168515752741,0.16338314842472593,210.0,5.500302119479064,2.0,7.72
245.0,0.3366168517398762,0.1633831482601238,210.0,5.5015774396638335,2.0,7.73
245.0,0.3366168515752741,0.16338314842472587,210.0,5.502849466891843,2.0,7.74
245.0,0.3366168517398762,0.1633831482601238,210.0,5.504118208481655,2.0,7.75
245.0,0.3366168515752742,0.16338314842472582,210.0,5.505383674104456,2.0,7.76
245.0,0.3366168517398762,0.16338314826012382,210.0,5.506645871034257,2.0,7.7700000000000005
245.0,0.3366168515752742,0.1633831484247258,210.0,5.507904808899123,2.0,7.78
245.0,0.3366168517398762,0.16338314826012382,210.0,5.509160494928809,2.0,7.79
245.0,0.3366168515752742,0.16338314842472582,210.0,5.5104129387084155,2.0,7.8
245.0,0.3366168517398762,0.16338314826012382,210.0,5.511662147423851,2.0,7.8100000000000005
245.0,0.3366168515752742,0.16338314842472576,210.0,5.512908130617171,2.0,7.82
245.0,0.3366168517398762,0.16338314826012382,210.0,5.514150895430526,2.0,7.83
245.0,0.3366168515752743,0.16338314842472568,210.0,5.515390451363961,2.0,7.84
245.0,0.33661685173987604,0.16338314826012396,210.0,5.51662680551538,2.0,7.8500000000000005
245.0,0.33661685157527443,0.16338314842472554,210.0,5.5178599673432025,2.0,7.86
245.0,0.3366168517398759,0.1633831482601241,210.0,5.519089943901369,2.0,7.87
245.0,0.3366168515752746,0.1633831484247254,210.0,5.520316744606822,2.0,7.88
245.0,0.33661685173987577,0.1633831482601242,210.0,5.521540376469838,2.0,7.890000000000001
245.0,0.33661685157527466,0.16338314842472532,210.0,5.522760848866026,2.0,7.9
245.0,0.33661685173987566,0.16338314826012432,210.0,5.523978168762294,2.0,7.91
245.0,0.33661685157527477,0.16338314842472523,210.0,5.52519234549306,2.0,7.92
245.0,0.3366168517398756,0.1633831482601244,210.0,5.526403385982157,2.0,7.930000000000001
245.0,0.3366168515752749,0.16338314842472512,210.0,5.527611299522951,2.0,7.94
245.0,0.33661685173987554,0.16338314826012443,210.0,5.528816092996497,2.0,7.95
245.0,0.33661685157527493,0.16338314842472507,210.0,5.53001777565525,2.0,7.96
245.0,0.33661685173987554,0.16338314826012448,210.0,5.531216354337777,2.0,7.97
245.0,0.336616851575275,0.163383148424725,210.0,5.532411838255767,2.0,7.98
245.0,0.33661685173987543,0.16338314826012454,210.0,5.533604234205578,2.0,7.99
245.0,0.33661685157527504,0.16338314842472496,210.0,5.534793551358281,2.0,8.0
245.0,0.33661685173987543,0.16338314826012454,210.0,5.535979796468314,2.0,8.01
245.0,0.3366168515752751,0.1633831484247249,210.0,5.537162978666269,2.0,8.02
245.0,0.33661685173987543,0.16338314826012454,210.0,5.53834310466494,2.0,8.03
245.0,0.3366168515752751,0.1633831484247249,210.0,5.539520183554594,2.0,8.040000000000001
245.0,0.33661685173987543,0.16338314826012457,210.0,5.540694222006656,2.0,8.05
245.0,0.3366168515752751,0.16338314842472493,210.0,5.54186522907118,2.0,8.06
245.0,0.33661685173987543,0.16338314826012457,210.0,5.543033211378643,2.0,8.07
245.0,0.33661685157527504,0.16338314842472496,210.0,5.544198177938936,2.0,8.08
245.0,0.3366168517398753,0.16338314826012465,210.0,5.5453601353414435,2.0,8.09
245.0,0.3366168515752752,0.16338314842472482,210.0,5.54651909255687,2.0,8.1
245.0,0.3366168517398752,0.16338314826012476,210.0,5.547675056133235,2.0,8.11
245.0,0.3366168515752753,0.16338314842472468,210.0,5.548828035002304,2.0,8.120000000000001
245.0,0.3366168517398751,0.16338314826012487,210.0,5.549978035671008,2.0,8.13
245.0,0.33661685157527543,0.1633831484247246,210.0,5.551125067032316,2.0,8.14
245.0,0.336616851739875,0.163383148260125,210.0,5.552269135552355,2.0,8.15
245.0,0.33661685157527554,0.16338314842472448,210.0,5.553410250085424,2.0,8.16
245.0,0.33661685173987493,0.16338314826012507,210.0,5.5545484170571235,2.0,8.17
245.0,0.3366168515752756,0.1633831484247244,210.0,5.555683645283219,2.0,8.18
245.0,0.3366168517398749,0.16338314826012515,210.0,5.556815941149058,2.0,8.19
245.0,0.33661685157527566,0.16338314842472434,210.0,5.557945313432004,2.0,8.2
245.0,0.33661685173987477,0.16338314826012523,210.0,5.559071768477425,2.0,8.21
245.0,0.33661685157527566,0.16338314842472432,210.0,5.560195315024419,2.0,8.22
245.0,0.3366168517398747,0.1633831482601253,210.0,5.561315959378643,2.0,8.23
245.0,0.33661685157527577,0.16338314842472426,210.0,5.56243371024106,2.0,8.24
245.0,0.33661685173987466,0.16338314826012532,210.0,5.563548573877886,2.0,8.25
245.0,0.33661685157527577,0.16338314842472423,210.0,5.564660558952088,2.0,8.26
245.0,0.33661685173987466,0.16338314826012534,210.0,5.565769671690703,2.0,8.27
245.0,0.33661685157527577,0.1633831484247242,210.0,5.566875920718834,2.0,8.28
245.0,0.33661685173987466,0.16338314826012532,210.0,5.567979312224601,2.0,8.290000000000001
245.0,0.3366168515752758,0.16338314842472418,210.0,5.569079854795384,2.0,8.3
245.0,0.33661685173987466,0.16338314826012534,210.0,5.570177554580643,2.0,8.31
245.0,0.33661685157527577,0.1633831484247242,210.0,5.571272420130069,2.0,8.32
245.0,0.33661685173987466,0.16338314826012537,210.0,5.572364457554927,2.0,8.33
245.0,0.33661685157527577,0.1633831484247242,210.0,5.573453675367538,2.0,8.34
245.0,0.33661685173987455,0.16338314826012545,210.0,5.574540079640456,2.0,8.35
245.0,0.33661685157527593,0.16338314842472407,210.0,5.575623678849445,2.0,8.36
245.0,0.33661685173987443,0.16338314826012557,210.0,5.576704479028403,2.0,8.370000000000001
245.0,0.33661685157527604,0.16338314842472396,210.0,5.57778248861668,2.0,8.38
245.0,0.3366168517398743,0.16338314826012568,210.0,5.578857713609769,2.0,8.39
245.0,0.33661685157527615,0.16338314842472385,210.0,5.579930162410734,2.0,8.4
245.0,0.33661685173987427,0.16338314826012573,210.0,5.580999840976931,2.0,8.41
245.0,0.33661685157527627,0.16338314842472373,210.0,5.582066757675254,2.0,8.42
245.0,0.3366168517398742,0.16338314826012582,210.0,5.583130918425181,2.0,8.43
245.0,0.3366168515752763,0.1633831484247237,210.0,5.584192331557568,2.0,8.44
245.0,0.3366168517398741,0.16338314826012593,210.0,5.585251002954266,2.0,8.45
245.0,0.3366168515752763,0.16338314842472368,210.0,5.586306940910214,2.0,8.46
245.0,0.336616851739874,0.163383148260126,210.0,5.587360151269897,2.0,8.47
245.0,0.3366168515752763,0.16338314842472365,210.0,5.588410642292465,2.0,8.48
245.0,0.33661685173987393,0.16338314826012607,210.0,5.5894584197852835,2.0,8.49
245.0,0.33661685157527643,0.1633831484247236,210.0,5.590503491971837,2.0,8.5
245.0,0.33661685173987393,0.16338314826012607,210.0,5.591545864622626,2.0,8.51
245.0,0.33661685157527643,0.16338314842472357,210.0,5.592585545925598,2.0,8.52
245.0,0.3366168517398739,0.16338314826012612,210.0,5.593622541614632,2.0,8.53
245.0,0.33661685157527643,0.1633831484247236,210.0,5.594656859842265,2.0,8.540000000000001
245.0,0.3366168517398739,0.16338314826012615,210.0,5.595688506305998,2.0,8.55
245.0,0.33661685157527643,0.16338314842472357,210.0,5.596717489123087,2.0,8.56
245.0,0.3366168517398739,0.16338314826012615,210.0,5.597743813954927,2.0,8.57
245.0,0.33661685157527643,0.1633831484247236,210.0,5.598767488883492,2.0,8.58
245.0,0.3366168517398739,0.16338314826012612,210.0,5.599788519534395,2.0,8.59
245.0,0.33661685157527643,0.16338314842472354,210.0,5.600806913954823,2.0,8.6
245.0,0.33661685173987377,0.16338314826012623,210.0,5.601822677734113,2.0,8.61
245.0,0.3366168515752766,0.1633831484247234,210.0,5.602835818885274,2.0,8.620000000000001
245.0,0.33661685173987366,0.16338314826012634,210.0,5.603846342961516,2.0,8.63
245.0,0.33661685157527665,0.16338314842472332,210.0,5.604854257941784,2.0,8.64
245.0,0.33661685173987355,0.16338314826012643,210.0,5.6058595693434015,2.0,8.65
245.0,0.33661685157527677,0.1633831484247232,210.0,5.606862285111368,2.0,8.66
245.0,0.3366168517398735,0.1633831482601265,210.0,5.607862410727361,2.0,8.67
245.0,0.3366168515752769,0.16338314842472315,210.0,5.6088599541025514,2.0,8.68
245.0,0.33661685173987344,0.1633831482601266,210.0,5.609854920683217,2.0,8.69
245.0,0.33661685157527693,0.16338314842472307,210.0,5.610847318346813,2.0,8.700000000000001
245.0,0.3366168517398734,0.16338314826012662,210.0,5.611837152504458,2.0,8.71
245.0,0.336616851575277,0.163383148424723,210.0,5.61282443100001,2.0,8.72
245.0,0.3366168517398733,0.16338314826012665,210.0,5.613809159209667,2.0,8.73
245.0,0.3366168515752771,0.16338314842472293,210.0,5.614791344943804,2.0,8.74
245.0,0.3366168517398733,0.16338314826012668,210.0,5.615770993543934,2.0,8.75
245.0,0.3366168515752771,0.1633831484247229,210.0,5.61674811278707,2.0,8.76
245.0,0.3366168517398733,0.1633831482601267,210.0,5.6177227079802705,2.0,8.77
245.0,0.3366168515752771,0.16338314842472287,210.0,5.618694786867306,2.0,8.78
245.0,0.3366168517398733,0.1633831482601267,210.0,5.619664354721012,2.0,8.790000000000001
245.0,0.33661685157527715,0.16338314842472285,210.0,5.620631419252034,2.0,8.8
245.0,0.3366168517398733,0.1633831482601267,210.0,5.621595985699214,2.0,8.81
245.0,0.3366168515752771,0.16338314842472287,210.0,5.622558061740193,2.0,8.82
245.0,0.3366168517398733,0.1633831482601267,210.0,5.62351765258013,2.0,8.83
245.0,0.3366168515752771,0.16338314842472287,210.0,5.624474765863604,2.0,8.84
245.0,0.33661685173987327,0.16338314826012673,210.0,5.625429406762157,2.0,8.85
245.0,0.3366168515752772,0.16338314842472276,210.0,5.626381582888099,2.0,8.86
245.0,0.3366168517398732,0.16338314826012681,210.0,5.6273312993789855,2.0,8.870000000000001
245.0,0.3366168515752773,0.16338314842472268,210.0,5.62827856381515,2.0,8.88
245.0,0.3366168517398731,0.16338314826012693,210.0,5.629223381300375,2.0,8.89
245.0,0.33661685157527743,0.16338314842472257,210.0,5.630165759383136,2.0,8.9
245.0,0.336616851739873,0.163383148260127,210.0,5.631105703133674,2.0,8.91
245.0,0.3366168515752775,0.1633831484247225,210.0,5.632043220068714,2.0,8.92
245.0,0.3366168517398729,0.16338314826012712,210.0,5.6329783152251816,2.0,8.93
245.0,0.33661685157527754,0.16338314842472246,210.0,5.633910996088161,2.0,8.94
245.0,0.3366168517398728,0.16338314826012718,210.0,5.63484126766149,2.0,8.950000000000001
245.0,0.33661685157527754,0.16338314842472243,210.0,5.635769137398719,2.0,8.96
245.0,0.33661685173987277,0.16338314826012726,210.0,5.636694610270825,2.0,8.97
245.0,0.33661685157527765,0.16338314842472237,210.0,5.637617693699932,2.0,8.98
245.0,0.33661685173987277,0.16338314826012726,210.0,5.638538392624376,2.0,8.99
245.0,0.33661685157527765,0.16338314842472232,210.0,5.639456714434972,2.0,9.0
245.0,0.3366168517398727,0.1633831482601273,210.0,5.640372664037633,2.0,9.01
245.0,0.33661685157527776,0.16338314842472226,210.0,5.641286248791969,2.0,9.02
245.0,0.33661685173987266,0.16338314826012731,210.0,5.6421974735716915,2.0,9.03
245.0,0.3366168515752777,0.1633831484247223,210.0,5.643106345705318,2.0,9.040000000000001
245.0,0.33661685173987266,0.16338314826012737,210.0,5.6440128700345715,2.0,9.05
245.0,0.3366168515752777,0.1633831484247223,210.0,5.64491705385699,2.0,9.06
245.0,0.33661685173987266,0.16338314826012737,210.0,5.6458189019825245,2.0,9.07
245.0,0.3366168515752777,0.1633831484247223,210.0,5.646718421677821,2.0,9.08
245.0,0.3366168517398726,0.1633831482601274,210.0,5.647615617721369,2.0,9.09
245.0,0.33661685157527765,0.16338314842472235,210.0,5.648510497348969,2.0,9.1
245.0,0.33661685173987255,0.16338314826012748,210.0,5.649403065307548,2.0,9.11
245.0,0.33661685157527776,0.16338314842472226,210.0,5.650293328802802,2.0,9.120000000000001
245.0,0.33661685173987244,0.16338314826012754,210.0,5.6511812925498806,2.0,9.13
245.0,0.3366168515752779,0.16338314842472212,210.0,5.652066963724568,2.0,9.14
245.0,0.33661685173987244,0.1633831482601276,210.0,5.6529503470104565,2.0,9.15
245.0,0.336616851575278,0.16338314842472204,210.0,5.653831449553527,2.0,9.16
245.0,0.3366168517398723,0.16338314826012765,210.0,5.654710276006023,2.0,9.17
245.0,0.3366168515752781,0.16338314842472193,210.0,5.655586833484225,2.0,9.18
245.0,0.3366168517398723,0.1633831482601277,210.0,5.656461126609246,2.0,9.19
245.0,0.3366168515752781,0.16338314842472187,210.0,5.657333162467765,2.0,9.200000000000001
245.0,0.3366168517398722,0.1633831482601278,210.0,5.658202945649974,2.0,9.21
245.0,0.33661685157527815,0.16338314842472185,210.0,5.659070483213054,2.0,9.22
245.0,0.33661685173987216,0.16338314826012784,210.0,5.659935779716488,2.0,9.23
245.0,0.3366168515752782,0.1633831484247218,210.0,5.660798842188061,2.0,9.24
245.0,0.3366168517398721,0.16338314826012787,210.0,5.66165967515675,2.0,9.25
245.0,0.33661685157527826,0.16338314842472174,210.0,5.662518285621051,2.0,9.26
245.0,0.33661685173987216,0.16338314826012784,210.0,5.66337467807964,2.0,9.27
245.0,0.3366168515752783,0.16338314842472168,210.0,5.664228859501827,2.0,9.28
245.0,0.33661685173987216,0.16338314826012784,210.0,5.665080834356191,2.0,9.290000000000001
245.0,0.3366168515752783,0.16338314842472165,210.0,5.66593060958296,2.0,9.3
245.0,0.33661685173987216,0.16338314826012784,210.0,5.666778189620817,2.0,9.31
245.0,0.3366168515752784,0.16338314842472162,210.0,5.66762358138101,2.0,9.32
245.0,0.33661685173987216,0.16338314826012784,210.0,5.668466789272529,2.0,9.33
245.0,0.3366168515752783,0.16338314842472165,210.0,5.66930782017767,2.0,9.34
245.0,0.33661685173987216,0.16338314826012784,210.0,5.670146678476082,2.0,9.35
245.0,0.3366168515752784,0.16338314842472162,210.0,5.670983371021355,2.0,9.36
245.0,0.3366168517398721,0.1633831482601279,210.0,5.6718179021634,2.0,9.370000000000001
245.0,0.33661685157527843,0.16338314842472154,210.0,5.672650278727728,2.0,9.38
245.0,0.336616851739872,0.163383148260128,210.0,5.673480505034557,2.0,9.39
245.0,0.33661685157527854,0.16338314842472146,210.0,5.674308587881423,2.0,9.4
245.0,0.3366168517398719,0.1633831482601281,210.0,5.675134531559045,2.0,9.41
245.0,0.3366168515752786,0.1633831484247214,210.0,5.675958342837087,2.0,9.42
245.0,0.3366168517398718,0.16338314826012817,210.0,5.67678002597697,2.0,9.43
245.0,0.33661685157527865,0.16338314842472135,210.0,5.677599587720575,2.0,9.44
245.0,0.33661685173987177,0.16338314826012823,210.0,5.678417032300227,2.0,9.450000000000001
245.0,0.33661685157527876,0.16338314842472126,210.0,5.679232366430121,2.0,9.46
245.0,0.33661685173987177,0.16338314826012826,210.0,5.68004559431368,2.0,9.47
245.0,0.33661685157527876,0.16338314842472124,210.0,5.680856722637512,2.0,9.48
245.0,0.33661685173987166,0.1633831482601283,210.0,5.681665755576335,2.0,9.49
245.0,0.33661685157527876,0.1633831484247212,210.0,5.682472699789263,2.0,9.5
245.0,0.33661685173987166,0.16338314826012837,210.0,5.6832775594225025,2.0,9.51
245.0,0.3366168515752788,0.16338314842472118,210.0,5.684080341107773,2.0,9.52
245.0,0.3366168517398716,0.1633831482601284,210.0,5.684881048962959,2.0,9.53
245.0,0.3366168515752788,0.16338314842472118,210.0,5.685679689592484,2.0,9.540000000000001
245.0,0.3366168517398716,0.1633831482601284,210.0,5.6864762670861015,2.0,9.55
245.0,0.3366168515752789,0.16338314842472115,210.0,5.687270788021032,2.0,9.56
245.0,0.33661685173987155,0.16338314826012842,210.0,5.688063256459089,2.0,9.57
245.0,0.3366168515752788,0.16338314842472118,210.0,5.688853678950388,2.0,9.58
245.0,0.33661685173987155,0.16338314826012842,210.0,5.689642059529007,2.0,9.59
245.0,0.3366168515752788,0.16338314842472118,210.0,5.690428404717962,2.0,9.6
245.0,0.33661685173987155,0.16338314826012842,210.0,5.6912127185238415,2.0,9.61
245.0,0.3366168515752789,0.16338314842472115,210.0,5.691995007442943,2.0,9.620000000000001
245.0,0.3366168517398715,0.1633831482601285,210.0,5.692775275453987,2.0,9.63
245.0,0.33661685157527893,0.16338314842472107,210.0,5.6935535290270165,2.0,9.64
245.0,0.33661685173987144,0.1633831482601286,210.0,5.694329772113002,2.0,9.65
245.0,0.33661685157527904,0.16338314842472096,210.0,5.695104011155821,2.0,9.66
245.0,0.3366168517398713,0.16338314826012865,210.0,5.695876250078876,2.0,9.67
245.0,0.3366168515752791,0.16338314842472088,210.0,5.696646495299967,2.0,9.68
245.0,0.3366168517398713,0.1633831482601287,210.0,5.697414750715119,2.0,9.69
245.0,0.3366168515752792,0.16338314842472082,210.0,5.6981810227161445,2.0,9.700000000000001
245.0,0.33661685173987127,0.16338314826012873,210.0,5.698945315171874,2.0,9.71
245.0,0.3366168515752792,0.1633831484247208,210.0,5.699707634448223,2.0,9.72
245.0,0.3366168517398712,0.1633831482601288,210.0,5.700467984387014,2.0,9.73
245.0,0.3366168515752792,0.16338314842472076,210.0,5.701226371328354,2.0,9.74
245.0,0.3366168517398711,0.16338314826012887,210.0,5.701982799087239,2.0,9.75
245.0,0.3366168515752792,0.16338314842472076,210.0,5.702737273978059,2.0,9.76
245.0,0.3366168517398711,0.16338314826012892,210.0,5.703489799789166,2.0,9.77
245.0,0.33661685157527926,0.16338314842472074,210.0,5.70424038280932,2.0,9.78
245.0,0.3366168517398711,0.16338314826012892,210.0,5.704989026800409,2.0,9.790000000000001
245.0,0.33661685157527926,0.16338314842472074,210.0,5.705735738025658,2.0,9.8
245.0,0.33661685173987105,0.16338314826012895,210.0,5.706480520220664,2.0,9.81
245.0,0.3366168515752793,0.1633831484247207,210.0,5.707223379623209,2.0,9.82
245.0,0.3366168517398711,0.1633831482601289,210.0,5.707964319942776,2.0,9.83
245.0,0.3366168515752793,0.16338314842472068,210.0,5.708703347391794,2.0,9.84
245.0,0.3366168517398711,0.1633831482601289,210.0,5.709440465653873,2.0,9.85
245.0,0.3366168515752793,0.16338314842472068,210.0,5.710175680916044,2.0,9.86
245.0,0.3366168517398711,0.1633831482601289,210.0,5.710908996836096,2.0,9.870000000000001
245.0,0.33661685157527943,0.1633831484247206,210.0,5.711640419576272,2.0,9.88
245.0,0.336616851739871,0.16338314826012898,210.0,5.712369952768251,2.0,9.89
245.0,0.3366168515752795,0.16338314842472051,210.0,5.7130976025497135,2.0,9.9
245.0,0.336616851739871,0.16338314826012904,210.0,5.713823372526399,2.0,9.91
245.0,0.33661685157527954,0.16338314842472043,210.0,5.714547268811514,2.0,9.92
245.0,0.3366168517398709,0.1633831482601291,210.0,5.715269294985031,2.0,9.93
245.0,0.3366168515752796,0.1633831484247204,210.0,5.7159894571357714,2.0,9.94
245.0,0.3366168517398708,0.16338314826012917,210.0,5.716707758818113,2.0,9.950000000000001
245.0,0.33661685157527965,0.16338314842472035,210.0,5.717424206096569,2.0,9.96
245.0,0.33661685173987077,0.16338314826012923,210.0,5.718138802500107,2.0,9.97
245.0,0.33661685157527965,0.16338314842472032,210.0,5.7188515540690155,2.0,9.98
245.0,0.3366168517398707,0.16338314826012929,210.0,5.719562464307015,2.0,9.99
245.0,0.3366168515752797,0.1633831484247203,210.0,5.720271539230258,2.0,10.0
