<?xml version="1.0"?>
<rdf:RDF xmlns:rdf="http://www.w3.org/1999/02/22-rdf-syntax-ns#">
	<rdf:Description rdf:about="http://www.cellml.org/tools/pcenv/splitter/graph_sel_graph3">
		<activegraph xmlns="http://www.cellml.org/tools/pcenv/">
			<rdf:Description rdf:nodeID="n1"/>
		</activegraph>
	</rdf:Description>
	<rdf:Description rdf:about="http://www.cellml.org/tools/pcenv/splitter/graphedit">
		<splitterState_prevWidth xmlns="http://www.cellml.org/tools/pcenv/" xml:lang="en">457</splitterState_prevWidth>
	</rdf:Description>
	<rdf:Description rdf:nodeID="n2">
		<variable xmlns="http://www.cellml.org/metadata/graphs/1.0#">
			<rdf:Description rdf:about="nowak_bangham_1996.cellml#y"/>
		</variable>
	</rdf:Description>
	<rdf:Description rdf:nodeID="n1">
		<scaling xmlns="http://www.cellml.org/metadata/graphs/1.0#y-">
			<rdf:Description rdf:about="http://www.cellml.org/metadata/graphs/1.0#identity"/>
		</scaling>
		<scaling xmlns="http://www.cellml.org/metadata/graphs/1.0#x-">
			<rdf:Description rdf:about="http://www.cellml.org/metadata/graphs/1.0#identity"/>
		</scaling>
		<traces xmlns="http://www.cellml.org/metadata/graphs/1.0#">
			<rdf:Description rdf:nodeID="n3"/>
		</traces>
		<decoration xmlns="http://www.cellml.org/metadata/graphs/1.0#">
			<rdf:Description rdf:about="http://www.cellml.org/metadata/graphs/1.0#none"/>
		</decoration>
		<graphname xmlns="http://www.cellml.org/tools/opencell/" xml:lang="en">Untitled</graphname>
		<graphname xmlns="http://www.cellml.org/tools/pcenv/" xml:lang="en">Untitled</graphname>
	</rdf:Description>
	<rdf:Description rdf:nodeID="n4">
		<scaling xmlns="http://www.cellml.org/metadata/graphs/1.0#y-">
			<rdf:Description rdf:about="http://www.cellml.org/metadata/graphs/1.0#identity"/>
		</scaling>
		<scaling xmlns="http://www.cellml.org/metadata/graphs/1.0#x-">
			<rdf:Description rdf:about="http://www.cellml.org/metadata/graphs/1.0#identity"/>
		</scaling>
		<traces xmlns="http://www.cellml.org/metadata/graphs/1.0#">
			<rdf:Description rdf:nodeID="n5"/>
		</traces>
		<decoration xmlns="http://www.cellml.org/metadata/graphs/1.0#">
			<rdf:Description rdf:about="http://www.cellml.org/metadata/graphs/1.0#none"/>
		</decoration>
		<graphname xmlns="http://www.cellml.org/tools/opencell/" xml:lang="en">Untitled</graphname>
		<graphname xmlns="http://www.cellml.org/tools/pcenv/" xml:lang="en">Untitled</graphname>
	</rdf:Description>
	<rdf:Description rdf:about="http://www.cellml.org/tools/pcenv/splitter/intergraph1">
		<splitterState_collapsedAfter xmlns="http://www.cellml.org/tools/pcenv/" xml:lang="en">true</splitterState_collapsedAfter>
	</rdf:Description>
	<rdf:Description rdf:nodeID="n6">
		<type xmlns="http://www.cellml.org/metadata/graphs/1.0#">
			<rdf:Description rdf:about="http://www.cellml.org/metadata/graphs/1.0#line"/>
		</type>
		<variable xmlns="http://www.cellml.org/metadata/graphs/1.0#x-">
			<rdf:Description rdf:nodeID="n7"/>
		</variable>
		<colour xmlns="http://www.cellml.org/metadata/graphs/1.0#" xml:lang="en">#ffff00</colour>
		<variable xmlns="http://www.cellml.org/metadata/graphs/1.0#y-">
			<rdf:Description rdf:nodeID="n2"/>
		</variable>
	</rdf:Description>
	<rdf:Description rdf:nodeID="n8">
		<rdf:rest>
			<rdf:Description rdf:nodeID="n9"/>
		</rdf:rest>
		<rdf:first>
			<rdf:Description rdf:nodeID="n10"/>
		</rdf:first>
	</rdf:Description>
	<rdf:Description rdf:nodeID="n7">
		<variable xmlns="http://www.cellml.org/metadata/graphs/1.0#">
			<rdf:Description rdf:about="nowak_bangham_1996.cellml#environment_time"/>
		</variable>
	</rdf:Description>
	<rdf:Description rdf:about="http://www.cellml.org/tools/opencell/splitter/intergraph2">
		<splitterState_collapsedAfter xmlns="http://www.cellml.org/tools/opencell/" xml:lang="en">true</splitterState_collapsedAfter>
	</rdf:Description>
	<rdf:Description rdf:about="http://www.cellml.org/tools/pcenv/splitter/intergraph2">
		<splitterState_collapsedAfter xmlns="http://www.cellml.org/tools/pcenv/" xml:lang="en">true</splitterState_collapsedAfter>
	</rdf:Description>
	<rdf:Description rdf:nodeID="n3">
		<rdf:first>
			<rdf:Description rdf:about="http://www.w3.org/1999/02/22-rdf-syntax-ns#nil"/>
		</rdf:first>
	</rdf:Description>
	<rdf:Description rdf:about="http://www.cellml.org/tools/opencell/splitter/graph_key_graph1">
		<splitterState_collapsedAfter xmlns="http://www.cellml.org/tools/opencell/" xml:lang="en">true</splitterState_collapsedAfter>
		<splitterState_nextHeight xmlns="http://www.cellml.org/tools/opencell/" xml:lang="en">0</splitterState_nextHeight>
	</rdf:Description>
	<rdf:Description rdf:about="http://www.cellml.org/tools/opencell/loadedModels">
		<rdf:_1>
			<rdf:Description rdf:about="nowak_bangham_1996.cellml"/>
		</rdf:_1>
	</rdf:Description>
	<rdf:Description rdf:nodeID="n11">
		<variable xmlns="http://www.cellml.org/metadata/graphs/1.0#">
			<rdf:Description rdf:about="nowak_bangham_1996.cellml#x"/>
		</variable>
	</rdf:Description>
	<rdf:Description rdf:about="http://www.cellml.org/tools/opencell/displayGraphs">
		<rdf:first>
			<rdf:Description rdf:nodeID="n12"/>
		</rdf:first>
	</rdf:Description>
	<rdf:Description rdf:nodeID="n12">
		<rdf:rest>
			<rdf:Description rdf:nodeID="n13"/>
		</rdf:rest>
		<rdf:first>
			<rdf:Description rdf:nodeID="n1"/>
		</rdf:first>
	</rdf:Description>
	<rdf:Description rdf:about="http://www.cellml.org/tools/opencell/splitter/graphedit">
		<splitterState_nextWidth xmlns="http://www.cellml.org/tools/opencell/" xml:lang="en">804</splitterState_nextWidth>
		<splitterState_nextWidth xmlns="http://www.cellml.org/tools/pcenv/" xml:lang="en">804</splitterState_nextWidth>
		<splitterState_prevWidth xmlns="http://www.cellml.org/tools/opencell/" xml:lang="en">457</splitterState_prevWidth>
	</rdf:Description>
	<rdf:Description rdf:nodeID="n10">
		<type xmlns="http://www.cellml.org/metadata/graphs/1.0#">
			<rdf:Description rdf:about="http://www.cellml.org/metadata/graphs/1.0#line"/>
		</type>
		<variable xmlns="http://www.cellml.org/metadata/graphs/1.0#x-">
			<rdf:Description rdf:nodeID="n14"/>
		</variable>
		<colour xmlns="http://www.cellml.org/metadata/graphs/1.0#" xml:lang="en">#3b31e8</colour>
		<variable xmlns="http://www.cellml.org/metadata/graphs/1.0#y-">
			<rdf:Description rdf:nodeID="n11"/>
		</variable>
	</rdf:Description>
	<rdf:Description rdf:nodeID="n15">
		<type xmlns="http://www.cellml.org/metadata/graphs/1.0#">
			<rdf:Description rdf:about="http://www.cellml.org/metadata/graphs/1.0#line"/>
		</type>
		<variable xmlns="http://www.cellml.org/metadata/graphs/1.0#x-">
			<rdf:Description rdf:nodeID="n16"/>
		</variable>
		<colour xmlns="http://www.cellml.org/metadata/graphs/1.0#" xml:lang="en">#85ce01</colour>
		<variable xmlns="http://www.cellml.org/metadata/graphs/1.0#y-">
			<rdf:Description rdf:nodeID="n17"/>
		</variable>
	</rdf:Description>
	<rdf:Description rdf:about="http://www.cellml.org/tools/pcenv/displayGraphs">
		<rdf:first>
			<rdf:Description rdf:nodeID="n12"/>
		</rdf:first>
	</rdf:Description>
	<rdf:Description rdf:about="http://www.cellml.org/tools/pcenv/splitter/graph_sel_graph2">
		<activegraph xmlns="http://www.cellml.org/tools/pcenv/">
			<rdf:Description rdf:nodeID="n4"/>
		</activegraph>
	</rdf:Description>
	<rdf:Description rdf:about="http://www.cellml.org/tools/pcenv/splitter/mtvint">
		<splitterState_prevHeight xmlns="http://www.cellml.org/tools/pcenv/" xml:lang="en">672</splitterState_prevHeight>
		<splitterState_prevHeight xmlns="http://www.cellml.org/tools/opencell/" xml:lang="en">672</splitterState_prevHeight>
		<splitterState_nextHeight xmlns="http://www.cellml.org/tools/pcenv/" xml:lang="en">256</splitterState_nextHeight>
		<splitterState_nextHeight xmlns="http://www.cellml.org/tools/opencell/" xml:lang="en">256</splitterState_nextHeight>
	</rdf:Description>
	<rdf:Description rdf:about="http://www.cellml.org/tools/opencell/splitter/graph_sel_graph1">
		<activegraph xmlns="http://www.cellml.org/tools/opencell/">
			<rdf:Description rdf:nodeID="n18"/>
		</activegraph>
	</rdf:Description>
	<rdf:Description rdf:nodeID="n18">
		<scaling xmlns="http://www.cellml.org/metadata/graphs/1.0#y-">
			<rdf:Description rdf:about="http://www.cellml.org/metadata/graphs/1.0#identity"/>
		</scaling>
		<scaling xmlns="http://www.cellml.org/metadata/graphs/1.0#x-">
			<rdf:Description rdf:about="http://www.cellml.org/metadata/graphs/1.0#identity"/>
		</scaling>
		<traces xmlns="http://www.cellml.org/metadata/graphs/1.0#">
			<rdf:Description rdf:nodeID="n19"/>
		</traces>
		<decoration xmlns="http://www.cellml.org/metadata/graphs/1.0#">
			<rdf:Description rdf:about="http://www.cellml.org/metadata/graphs/1.0#none"/>
		</decoration>
		<graphname xmlns="http://www.cellml.org/tools/opencell/" xml:lang="en">Uninfected cells (x), Infected cells (y), and Free Virus Particles (v)</graphname>
		<graphname xmlns="http://www.cellml.org/tools/pcenv/" xml:lang="en">Uninfected cells (x), Infected cells (y), and Free Virus Particles (v)</graphname>
	</rdf:Description>
	<rdf:Description rdf:about="nowak_bangham_1996.cellml">
		<modelfrozen xmlns="http://www.cellml.org/tools/pcenv/" xml:lang="en">true</modelfrozen>
		<modelname xmlns="http://www.cellml.org/tools/pcenv/" xml:lang="en">nowak_1996a</modelname>
		<modelfrozen xmlns="http://www.cellml.org/tools/opencell/" xml:lang="en">true</modelfrozen>
		<modelname xmlns="http://www.cellml.org/tools/opencell/" xml:lang="en">nowak_1996a</modelname>
		<derivedmodels xmlns="http://www.cellml.org/tools/pcenv/">
			<rdf:Description rdf:nodeID="n20"/>
		</derivedmodels>
		<derivedmodels xmlns="http://www.cellml.org/tools/opencell/">
			<rdf:Description rdf:nodeID="n20"/>
		</derivedmodels>
	</rdf:Description>
	<rdf:Description rdf:nodeID="n14">
		<variable xmlns="http://www.cellml.org/metadata/graphs/1.0#">
			<rdf:Description rdf:about="nowak_bangham_1996.cellml#environment_time"/>
		</variable>
	</rdf:Description>
	<rdf:Description rdf:nodeID="n19">
		<rdf:first>
			<rdf:Description rdf:nodeID="n8"/>
		</rdf:first>
	</rdf:Description>
	<rdf:Description rdf:nodeID="n16">
		<variable xmlns="http://www.cellml.org/metadata/graphs/1.0#">
			<rdf:Description rdf:about="nowak_bangham_1996.cellml#environment_time"/>
		</variable>
	</rdf:Description>
	<rdf:Description rdf:nodeID="n21">
		<rdf:rest>
			<rdf:Description rdf:about="http://www.w3.org/1999/02/22-rdf-syntax-ns#nil"/>
		</rdf:rest>
		<rdf:first>
			<rdf:Description rdf:nodeID="n15"/>
		</rdf:first>
	</rdf:Description>
	<rdf:Description rdf:nodeID="n22">
		<rdf:rest>
			<rdf:Description rdf:about="http://www.w3.org/1999/02/22-rdf-syntax-ns#nil"/>
		</rdf:rest>
		<rdf:first>
			<rdf:Description rdf:nodeID="n18"/>
		</rdf:first>
	</rdf:Description>
	<rdf:Description rdf:about="http://www.cellml.org/tools/opencell/splitter/graph_sel_graph2">
		<activegraph xmlns="http://www.cellml.org/tools/opencell/">
			<rdf:Description rdf:nodeID="n4"/>
		</activegraph>
	</rdf:Description>
	<rdf:Description rdf:nodeID="n13">
		<rdf:rest>
			<rdf:Description rdf:nodeID="n22"/>
		</rdf:rest>
		<rdf:first>
			<rdf:Description rdf:nodeID="n4"/>
		</rdf:first>
	</rdf:Description>
	<rdf:Description rdf:about="http://www.cellml.org/tools/pcenv/splitter/graph_sel_graph1">
		<activegraph xmlns="http://www.cellml.org/tools/pcenv/">
			<rdf:Description rdf:nodeID="n18"/>
		</activegraph>
	</rdf:Description>
	<rdf:Description rdf:about="http://www.cellml.org/tools/pcenv/splitter/graph_key_graph1">
		<splitterState_collapsedAfter xmlns="http://www.cellml.org/tools/pcenv/" xml:lang="en">true</splitterState_collapsedAfter>
		<splitterState_nextHeight xmlns="http://www.cellml.org/tools/pcenv/" xml:lang="en">0</splitterState_nextHeight>
	</rdf:Description>
	<rdf:Description rdf:about="http://www.cellml.org/tools/opencell/splitter/graph_sel_graph3">
		<activegraph xmlns="http://www.cellml.org/tools/opencell/">
			<rdf:Description rdf:nodeID="n1"/>
		</activegraph>
	</rdf:Description>
	<rdf:Description rdf:about="http://www.cellml.org/tools/pcenv/loadedModels">
		<rdf:_2>
			<rdf:Description rdf:about="nowak_bangham_1996.cellml"/>
		</rdf:_2>
	</rdf:Description>
	<rdf:Description rdf:about="http://www.cellml.org/tools/pcenv/modlayoutsplit">
		<splitterState_prevWidth xmlns="http://www.cellml.org/tools/pcenv/" xml:lang="en">5</splitterState_prevWidth>
		<splitterState_collapsedBefore xmlns="http://www.cellml.org/tools/pcenv/" xml:lang="en">true</splitterState_collapsedBefore>
	</rdf:Description>
	<rdf:Description rdf:nodeID="n9">
		<rdf:rest>
			<rdf:Description rdf:nodeID="n21"/>
		</rdf:rest>
		<rdf:first>
			<rdf:Description rdf:nodeID="n6"/>
		</rdf:first>
	</rdf:Description>
	<rdf:Description rdf:about="http://www.cellml.org/tools/opencell/modlayoutsplit">
		<splitterState_nextWidth xmlns="http://www.cellml.org/tools/opencell/" xml:lang="en">1663</splitterState_nextWidth>
		<splitterState_nextWidth xmlns="http://www.cellml.org/tools/pcenv/" xml:lang="en">1663</splitterState_nextWidth>
		<splitterState_prevWidth xmlns="http://www.cellml.org/tools/opencell/" xml:lang="en">5</splitterState_prevWidth>
		<splitterState_collapsedBefore xmlns="http://www.cellml.org/tools/opencell/" xml:lang="en">true</splitterState_collapsedBefore>
	</rdf:Description>
	<rdf:Description rdf:about="http://www.cellml.org/tools/opencell/splitter/intergraph1">
		<splitterState_collapsedAfter xmlns="http://www.cellml.org/tools/opencell/" xml:lang="en">true</splitterState_collapsedAfter>
	</rdf:Description>
	<rdf:Description rdf:nodeID="n5">
		<rdf:first>
			<rdf:Description rdf:about="http://www.w3.org/1999/02/22-rdf-syntax-ns#nil"/>
		</rdf:first>
	</rdf:Description>
	<rdf:Description rdf:nodeID="n17">
		<variable xmlns="http://www.cellml.org/metadata/graphs/1.0#">
			<rdf:Description rdf:about="nowak_bangham_1996.cellml#v"/>
		</variable>
	</rdf:Description>
</rdf:RDF>