[{"data_set_value_component_environment_variable_time":0.0,"data_set_value_component_uninfected_variable_lambda":1.0,"data_set_value_component_uninfected_variable_d":0.01,"data_set_value_component_uninfected_variable_x":100.0,"data_set_value_component_infected_variable_beta":0.02,"data_set_value_component_infected_variable_a":0.5,"data_set_value_component_infected_variable_p":1.0,"data_set_value_component_infected_variable_y":0.0,"data_set_value_component_virus_variable_k":1.0,"data_set_value_component_virus_variable_u":1.0,"data_set_value_component_virus_variable_v":10.0,"data_set_value_component_CTL_variable_c":1.0,"data_set_value_component_CTL_variable_b":0.05,"data_set_value_component_CTL_variable_z":1.0},{"data_set_value_component_environment_variable_time":0.1,"data_set_value_component_uninfected_variable_lambda":1.0,"data_set_value_component_uninfected_variable_d":0.01,"data_set_value_component_uninfected_variable_x":98.1097332903,"data_set_value_component_infected_variable_beta":0.02,"data_set_value_component_infected_variable_a":0.5,"data_set_value_component_infected_variable_p":1.0,"data_set_value_component_infected_variable_y":1.7499403146,"data_set_value_component_virus_variable_k":1.0,"data_set_value_component_virus_variable_u":1.0,"data_set_value_component_virus_variable_v":9.1368578464,"data_set_value_component_CTL_variable_c":1.0,"data_set_value_component_CTL_variable_b":0.05,"data_set_value_component_CTL_variable_z":1.090378833},{"data_set_value_component_environment_variable_time":0.2,"data_set_value_component_uninfected_variable_lambda":1.0,"data_set_value_component_uninfected_variable_d":0.01,"data_set_value_component_uninfected_variable_x":96.4003977776,"data_set_value_component_infected_variable_beta":0.02,"data_set_value_component_infected_variable_a":0.5,"data_set_value_component_infected_variable_p":1.0,"data_set_value_component_infected_variable_y":3.0409402534,"data_set_value_component_virus_variable_k":1.0,"data_set_value_component_virus_variable_u":1.0,"data_set_value_component_virus_variable_v":8.4998960766,"data_set_value_component_CTL_variable_c":1.0,"data_set_value_component_CTL_variable_b":0.05,"data_set_value_component_CTL_variable_z":1.3837466742},{"data_set_value_component_environment_variable_time":0.3,"data_set_value_component_uninfected_variable_lambda":1.0,"data_set_value_component_uninfected_variable_d":0.01,"data_set_value_component_uninfected_variable_x":94.8269712809,"data_set_value_component_infected_variable_beta":0.02,"data_set_value_component_infected_variable_a":0.5,"data_set_value_component_infected_variable_p":1.0,"data_set_value_component_infected_variable_y":3.8667413526,"data_set_value_component_virus_variable_k":1.0,"data_set_value_component_virus_variable_u":1.0,"data_set_value_component_virus_variable_v":8.0242556313,"data_set_value_component_CTL_variable_c":1.0,"data_set_value_component_CTL_variable_b":0.05,"data_set_value_component_CTL_variable_z":1.9528237583},{"data_set_value_component_environment_variable_time":0.4,"data_set_value_component_uninfected_variable_lambda":1.0,"data_set_value_component_uninfected_variable_d":0.01,"data_set_value_component_uninfected_variable_x":93.3593773664,"data_set_value_component_infected_variable_beta":0.02,"data_set_value_component_infected_variable_a":0.5,"data_set_value_component_infected_variable_p":1.0,"data_set_value_component_infected_variable_y":4.1614087912,"data_set_value_component_virus_variable_k":1.0,"data_set_value_component_virus_variable_u":1.0,"data_set_value_component_virus_variable_v":7.6473801416,"data_set_value_component_CTL_variable_c":1.0,"data_set_value_component_CTL_variable_b":0.05,"data_set_value_component_CTL_variable_z":2.9166080864},{"data_set_value_component_environment_variable_time":0.5,"data_set_value_component_uninfected_variable_lambda":1.0,"data_set_value_component_uninfected_variable_d":0.01,"data_set_value_component_uninfected_variable_x":91.9810482783,"data_set_value_component_infected_variable_beta":0.02,"data_set_value_component_infected_variable_a":0.5,"data_set_value_component_infected_variable_p":1.0,"data_set_value_component_infected_variable_y":3.883194149,"data_set_value_component_virus_variable_k":1.0,"data_set_value_component_virus_variable_u":1.0,"data_set_value_component_virus_variable_v":7.3065719305,"data_set_value_component_CTL_variable_c":1.0,"data_set_value_component_CTL_variable_b":0.05,"data_set_value_component_CTL_variable_z":4.3590781822},{"data_set_value_component_environment_variable_time":0.6,"data_set_value_component_uninfected_variable_lambda":1.0,"data_set_value_component_uninfected_variable_d":0.01,"data_set_value_component_uninfected_variable_x":90.6872340333,"data_set_value_component_infected_variable_beta":0.02,"data_set_value_component_infected_variable_a":0.5,"data_set_value_component_infected_variable_p":1.0,"data_set_value_component_infected_variable_y":3.1576831335,"data_set_value_component_virus_variable_k":1.0,"data_set_value_component_virus_variable_u":1.0,"data_set_value_component_virus_variable_v":6.9481499373,"data_set_value_component_CTL_variable_c":1.0,"data_set_value_component_CTL_variable_b":0.05,"data_set_value_component_CTL_variable_z":6.1835128458},{"data_set_value_component_environment_variable_time":0.7,"data_set_value_component_uninfected_variable_lambda":1.0,"data_set_value_component_uninfected_variable_d":0.01,"data_set_value_component_uninfected_variable_x":89.480906614,"data_set_value_component_infected_variable_beta":0.02,"data_set_value_component_infected_variable_a":0.5,"data_set_value_component_infected_variable_p":1.0,"data_set_value_component_infected_variable_y":2.3039653752,"data_set_value_component_virus_variable_k":1.0,"data_set_value_component_virus_variable_u":1.0,"data_set_value_component_virus_variable_v":6.5457572068,"data_set_value_component_CTL_variable_c":1.0,"data_set_value_component_CTL_variable_b":0.05,"data_set_value_component_CTL_variable_z":8.0814345854},{"data_set_value_component_environment_variable_time":0.8,"data_set_value_component_uninfected_variable_lambda":1.0,"data_set_value_component_uninfected_variable_d":0.01,"data_set_value_component_uninfected_variable_x":88.366531613,"data_set_value_component_infected_variable_beta":0.02,"data_set_value_component_infected_variable_a":0.5,"data_set_value_component_infected_variable_p":1.0,"data_set_value_component_infected_variable_y":1.6095363473,"data_set_value_component_virus_variable_k":1.0,"data_set_value_component_virus_variable_u":1.0,"data_set_value_component_virus_variable_v":6.1066224279,"data_set_value_component_CTL_variable_c":1.0,"data_set_value_component_CTL_variable_b":0.05,"data_set_value_component_CTL_variable_z":9.7597446593},{"data_set_value_component_environment_variable_time":0.9,"data_set_value_component_uninfected_variable_lambda":1.0,"data_set_value_component_uninfected_variable_d":0.01,"data_set_value_component_uninfected_variable_x":87.3453778476,"data_set_value_component_infected_variable_beta":0.02,"data_set_value_component_infected_variable_a":0.5,"data_set_value_component_infected_variable_p":1.0,"data_set_value_component_infected_variable_y":1.1530219501,"data_set_value_component_virus_variable_k":1.0,"data_set_value_component_virus_variable_u":1.0,"data_set_value_component_virus_variable_v":5.6548414415,"data_set_value_component_CTL_variable_c":1.0,"data_set_value_component_CTL_variable_b":0.05,"data_set_value_component_CTL_variable_z":11.1290720027},{"data_set_value_component_environment_variable_time":1.0,"data_set_value_component_uninfected_variable_lambda":1.0,"data_set_value_component_uninfected_variable_d":0.01,"data_set_value_component_uninfected_variable_x":86.4146529671,"data_set_value_component_infected_variable_beta":0.02,"data_set_value_component_infected_variable_a":0.5,"data_set_value_component_infected_variable_p":1.0,"data_set_value_component_infected_variable_y":0.8756159625,"data_set_value_component_virus_variable_k":1.0,"data_set_value_component_virus_variable_u":1.0,"data_set_value_component_virus_variable_v":5.2119269637,"data_set_value_component_CTL_variable_c":1.0,"data_set_value_component_CTL_variable_b":0.05,"data_set_value_component_CTL_variable_z":12.2416707417}]