[{"data_set_value_component_environment_variable_time":0.0,"data_set_value_component_NatP_variable_NatP":500.0,"data_set_value_component_MisP_variable_MisP":0.0,"data_set_value_component_Ub_variable_Ub":500.0,"data_set_value_component_E1_variable_E1":100.0,"data_set_value_component_E2_variable_E2":100.0,"data_set_value_component_E3_variable_E3":100.0,"data_set_value_component_DUB_variable_DUB":200.0,"data_set_value_component_Proteasome_variable_Proteasome":100.0,"data_set_value_component_ROS_variable_ROS":10.0,"data_set_value_component_E1_Ub_variable_E1_Ub":0.0,"data_set_value_component_E2_Ub_variable_E2_Ub":0.0,"data_set_value_component_E3_MisP_variable_E3_MisP":0.0,"data_set_value_component_MisP_Ub_variable_MisP_Ub":0.0,"data_set_value_component_MisP_Ub2_variable_MisP_Ub2":0.0,"data_set_value_component_MisP_Ub3_variable_MisP_Ub3":0.0,"data_set_value_component_MisP_Ub4_variable_MisP_Ub4":0.0,"data_set_value_component_MisP_Ub5_variable_MisP_Ub5":0.0,"data_set_value_component_MisP_Ub6_variable_MisP_Ub6":0.0,"data_set_value_component_MisP_Ub7_variable_MisP_Ub7":0.0,"data_set_value_component_MisP_Ub8_variable_MisP_Ub8":0.0,"data_set_value_component_MisP_Ub4_Proteasome_variable_MisP_Ub4_Proteasome":0.0,"data_set_value_component_MisP_Ub5_Proteasome_variable_MisP_Ub5_Proteasome":0.0,"data_set_value_component_MisP_Ub6_Proteasome_variable_MisP_Ub6_Proteasome":0.0,"data_set_value_component_MisP_Ub7_Proteasome_variable_MisP_Ub7_Proteasome":0.0,"data_set_value_component_MisP_Ub8_Proteasome_variable_MisP_Ub8_Proteasome":0.0,"data_set_value_component_ATP_variable_ATP":10000.0,"data_set_value_component_ADP_variable_ADP":1000.0,"data_set_value_component_AMP_variable_AMP":1000.0,"data_set_value_component_degUb4_variable_degUb4":0.0,"data_set_value_component_degUb5_variable_degUb5":0.0,"data_set_value_component_degUb6_variable_degUb6":0.0,"data_set_value_component_degUb7_variable_degUb7":0.0,"data_set_value_component_degUb8_variable_degUb8":0.0,"data_set_value_component_MisP_total_variable_MisP_total":0.0,"data_set_value_component_NatP_refolded_variable_NatP_refolded":0.0,"data_set_value_component_AggP_variable_AggP":0.0,"data_set_value_component_SeqAggP_variable_SeqAggP":0.0,"data_set_value_component_AggP_Proteasome_variable_AggP_Proteasome":0.0,"data_set_value_component_v1_variable_v1":0.01,"data_set_value_component_v2_variable_v2":0.01,"data_set_value_component_v3_variable_v3":0.0,"data_set_value_component_v4_variable_v4":0.0,"data_set_value_component_v5_variable_v5":0.0,"data_set_value_component_v6_variable_v6":6.6666666667,"data_set_value_component_v7_variable_v7":0.0,"data_set_value_component_v8_variable_v8":0.0,"data_set_value_component_v9_variable_v9":0.0,"data_set_value_component_v10_variable_v10":0.0,"data_set_value_component_v11_variable_v11":0.0,"data_set_value_component_v12_variable_v12":0.0,"data_set_value_component_v13_variable_v13":0.0,"data_set_value_component_v14_variable_v14":0.0,"data_set_value_component_v15_variable_v15":0.0,"data_set_value_component_v16_variable_v16":0.0,"data_set_value_component_v17_variable_v17":0.0,"data_set_value_component_v18_variable_v18":0.0,"data_set_value_component_v19_variable_v19":0.0,"data_set_value_component_v20_variable_v20":0.0,"data_set_value_component_v21_variable_v21":0.0,"data_set_value_component_v22_variable_v22":0.0,"data_set_value_component_v23_variable_v23":0.0,"data_set_value_component_v24_variable_v24":0.0,"data_set_value_component_v25_variable_v25":0.0,"data_set_value_component_v26_variable_v26":0.0,"data_set_value_component_v27_variable_v27":0.0,"data_set_value_component_v28_variable_v28":0.0,"data_set_value_component_v29_variable_v29":0.0,"data_set_value_component_v30_variable_v30":0.0,"data_set_value_component_v31_variable_v31":0.0,"data_set_value_component_v32_variable_v32":0.0,"data_set_value_component_v33_variable_v33":0.0,"data_set_value_component_v34_variable_v34":0.0,"data_set_value_component_v35_variable_v35":0.0,"data_set_value_component_v36_variable_v36":0.0,"data_set_value_component_v37_variable_v37":0.0,"data_set_value_component_v38_variable_v38":0.0,"data_set_value_component_v39_variable_v39":0.0,"data_set_value_component_v40_variable_v40":0.0,"data_set_value_component_v41_variable_v41":0.0,"data_set_value_component_v42_variable_v42":0.0,"data_set_value_component_v43_variable_v43":0.0,"data_set_value_component_v44_variable_v44":0.0,"data_set_value_component_v45_variable_v45":0.0,"data_set_value_component_v46_variable_v46":0.0,"data_set_value_component_v47_variable_v47":0.0,"data_set_value_component_v48_variable_v48":0.0,"data_set_value_component_v49_variable_v49":0.0,"data_set_value_component_v50_variable_v50":0.0,"data_set_value_component_v51_variable_v51":0.0,"data_set_value_component_v52_variable_v52":0.0,"data_set_value_component_v53_variable_v53":0.0,"data_set_value_component_v54_variable_v54":0.0,"data_set_value_component_v55_variable_v55":0.0,"data_set_value_component_v56_variable_v56":0.0,"data_set_value_component_v57_variable_v57":0.0,"data_set_value_component_v58_variable_v58":0.0,"data_set_value_component_v59_variable_v59":0.0,"data_set_value_component_v60_variable_v60":0.0,"data_set_value_component_v61_variable_v61":0.0,"data_set_value_component_v62_variable_v62":0.0,"data_set_value_component_v63_variable_v63":0.0,"data_set_value_component_v64_variable_v64":0.0,"data_set_value_component_v65_variable_v65":0.0,"data_set_value_component_v66_variable_v66":0.0,"data_set_value_component_v67_variable_v67":0.0,"data_set_value_component_v68_variable_v68":0.0,"data_set_value_component_v69_variable_v69":0.0,"data_set_value_component_v70_variable_v70":0.0,"data_set_value_component_v71_variable_v71":0.0,"data_set_value_component_v72_variable_v72":0.0,"data_set_value_component_v73_variable_v73":0.0,"data_set_value_component_v74_variable_v74":0.0,"data_set_value_component_v75_variable_v75":0.0,"data_set_value_component_v76_variable_v76":0.0,"data_set_value_component_v77_variable_v77":0.0,"data_set_value_component_v78_variable_v78":0.0,"data_set_value_component_v79_variable_v79":0.0,"data_set_value_component_v80_variable_v80":0.0,"data_set_value_component_v81_variable_v81":0.0,"data_set_value_component_v82_variable_v82":0.0,"data_set_value_component_v83_variable_v83":0.0,"data_set_value_component_v84_variable_v84":0.0,"data_set_value_component_v85_variable_v85":0.0,"data_set_value_component_v86_variable_v86":0.0,"data_set_value_component_v87_variable_v87":0.0,"data_set_value_component_v88_variable_v88":0.0,"data_set_value_component_v89_variable_v89":0.0,"data_set_value_component_v90_variable_v90":0.0,"data_set_value_component_v91_variable_v91":0.0,"data_set_value_component_v92_variable_v92":0.0,"data_set_value_component_v93_variable_v93":0.0,"data_set_value_component_v94_variable_v94":0.0,"data_set_value_component_kinetic_parameters_variable_k1":0.01,"data_set_value_component_kinetic_parameters_variable_k2":0.000002,"data_set_value_component_kinetic_parameters_variable_k3":0.000004,"data_set_value_component_kinetic_parameters_variable_k61":0.000017,"data_set_value_component_kinetic_parameters_variable_k61r":0.0002,"data_set_value_component_kinetic_parameters_variable_k62":0.0002,"data_set_value_component_kinetic_parameters_variable_k63":0.001,"data_set_value_component_kinetic_parameters_variable_k64":0.001,"data_set_value_component_kinetic_parameters_variable_k65":0.001,"data_set_value_component_kinetic_parameters_variable_k66":0.00001,"data_set_value_component_kinetic_parameters_variable_k67":0.00001,"data_set_value_component_kinetic_parameters_variable_k68":0.00001,"data_set_value_component_kinetic_parameters_variable_k69":0.0,"data_set_value_component_kinetic_parameters_variable_k71":0.00000001,"data_set_value_component_kinetic_parameters_variable_k72":0.00000001,"data_set_value_component_kinetic_parameters_variable_k73":0.001,"data_set_value_component_kinetic_parameters_variable_k74":0.00001},{"data_set_value_component_environment_variable_time":0.1,"data_set_value_component_NatP_variable_NatP":500.0000000002,"data_set_value_component_MisP_variable_MisP":0.0009999148,"data_set_value_component_Ub_variable_Ub":499.3359829756,"data_set_value_component_E1_variable_E1":99.3392955902,"data_set_value_component_E2_variable_E2":99.9966873803,"data_set_value_component_E3_variable_E3":99.999999915,"data_set_value_component_DUB_variable_DUB":200.0,"data_set_value_component_Proteasome_variable_Proteasome":100.0,"data_set_value_component_ROS_variable_ROS":10.0,"data_set_value_component_E1_Ub_variable_E1_Ub":0.6607044098,"data_set_value_component_E2_Ub_variable_E2_Ub":0.0033126197,"data_set_value_component_E3_MisP_variable_E3_MisP":0.000000085,"data_set_value_component_MisP_Ub_variable_MisP_Ub":0.0,"data_set_value_component_MisP_Ub2_variable_MisP_Ub2":2.890855184e-22,"data_set_value_component_MisP_Ub3_variable_MisP_Ub3":7.664377116e-30,"data_set_value_component_MisP_Ub4_variable_MisP_Ub4":1.046427958e-37,"data_set_value_component_MisP_Ub5_variable_MisP_Ub5":6.00281608e-46,"data_set_value_component_MisP_Ub6_variable_MisP_Ub6":2.428693791e-54,"data_set_value_component_MisP_Ub7_variable_MisP_Ub7":2.27334262e-63,"data_set_value_component_MisP_Ub8_variable_MisP_Ub8":3.112380303e-73,"data_set_value_component_MisP_Ub4_Proteasome_variable_MisP_Ub4_Proteasome":1.22473729e-42,"data_set_value_component_MisP_Ub5_Proteasome_variable_MisP_Ub5_Proteasome":6.865290398e-51,"data_set_value_component_MisP_Ub6_Proteasome_variable_MisP_Ub6_Proteasome":2.674523751e-59,"data_set_value_component_MisP_Ub7_Proteasome_variable_MisP_Ub7_Proteasome":2.479022467e-68,"data_set_value_component_MisP_Ub8_Proteasome_variable_MisP_Ub8_Proteasome":3.388963697e-78,"data_set_value_component_ATP_variable_ATP":10000.0,"data_set_value_component_ADP_variable_ADP":1000.0,"data_set_value_component_AMP_variable_AMP":1000.0,"data_set_value_component_degUb4_variable_degUb4":0.0,"data_set_value_component_degUb5_variable_degUb5":0.0,"data_set_value_component_degUb6_variable_degUb6":0.0,"data_set_value_component_degUb7_variable_degUb7":0.0,"data_set_value_component_degUb8_variable_degUb8":0.0,"data_set_value_component_MisP_total_variable_MisP_total":0.001,"data_set_value_component_NatP_refolded_variable_NatP_refolded":0.0000000002,"data_set_value_component_AggP_variable_AggP":-0.0,"data_set_value_component_SeqAggP_variable_SeqAggP":-8.670705083e-18,"data_set_value_component_AggP_Proteasome_variable_AggP_Proteasome":-8.670705083e-18,"data_set_value_component_v1_variable_v1":0.01,"data_set_value_component_v2_variable_v2":0.01,"data_set_value_component_v3_variable_v3":0.000000004,"data_set_value_component_v4_variable_v4":0.0000016999,"data_set_value_component_v5_variable_v5":0.0,"data_set_value_component_v6_variable_v6":6.6138246416,"data_set_value_component_v7_variable_v7":0.0660682523,"data_set_value_component_v8_variable_v8":0.0,"data_set_value_component_v9_variable_v9":2.107365357e-20,"data_set_value_component_v10_variable_v10":9.576303731e-28,"data_set_value_component_v11_variable_v11":2.538916635e-35,"data_set_value_component_v12_variable_v12":3.466417832e-43,"data_set_value_component_v13_variable_v13":1.988504659e-51,"data_set_value_component_v14_variable_v14":8.045338813e-60,"data_set_value_component_v15_variable_v15":7.530719467e-69,"data_set_value_component_v16_variable_v16":6.224760606e-76,"data_set_value_component_v17_variable_v17":4.546685239e-66,"data_set_value_component_v18_variable_v18":4.857387583e-57,"data_set_value_component_v19_variable_v19":1.200563216e-48,"data_set_value_component_v20_variable_v20":2.092855916e-40,"data_set_value_component_v21_variable_v21":1.532875423e-32,"data_set_value_component_v22_variable_v22":5.781710369e-25,"data_set_value_component_v23_variable_v23":1.272325574e-17,"data_set_value_component_v24_variable_v24":1.046427958e-40,"data_set_value_component_v25_variable_v25":6.00281608e-49,"data_set_value_component_v26_variable_v26":2.428693791e-57,"data_set_value_component_v27_variable_v27":2.27334262e-66,"data_set_value_component_v28_variable_v28":3.112380303e-76,"data_set_value_component_v29_variable_v29":2.44947458e-45,"data_set_value_component_v30_variable_v30":1.37305808e-53,"data_set_value_component_v31_variable_v31":5.349047503e-62,"data_set_value_component_v32_variable_v32":4.958044933e-71,"data_set_value_component_v33_variable_v33":6.777927394e-81,"data_set_value_component_v34_variable_v34":0.0,"data_set_value_component_v35_variable_v35":0.0,"data_set_value_component_v36_variable_v36":0.0,"data_set_value_component_v37_variable_v37":0.0,"data_set_value_component_v38_variable_v38":0.0,"data_set_value_component_v39_variable_v39":-0.0,"data_set_value_component_v40_variable_v40":-2.497779316e-24,"data_set_value_component_v41_variable_v41":-3.180813934e-23,"data_set_value_component_v42_variable_v42":-1.445427592e-30,"data_set_value_component_v43_variable_v43":-3.832188558e-38,"data_set_value_component_v44_variable_v44":-5.23213979e-46,"data_set_value_component_v45_variable_v45":-3.00140804e-54,"data_set_value_component_v46_variable_v46":-1.214346896e-62,"data_set_value_component_v47_variable_v47":-1.13667131e-71,"data_set_value_component_v48_variable_v48":-1.556190151e-81,"data_set_value_component_v49_variable_v49":6.361085886e-26,"data_set_value_component_v50_variable_v50":2.890608896e-33,"data_set_value_component_v51_variable_v51":7.663724145e-41,"data_set_value_component_v52_variable_v52":1.046338807e-48,"data_set_value_component_v53_variable_v53":6.002304667e-57,"data_set_value_component_v54_variable_v54":2.428486877e-65,"data_set_value_component_v55_variable_v55":2.273148941e-74,"data_set_value_component_v56_variable_v56":3.112115142e-84,"data_set_value_component_v57_variable_v57":-1.589129637e-35,"data_set_value_component_v58_variable_v58":-7.221333511e-43,"data_set_value_component_v59_variable_v59":-1.914555375e-50,"data_set_value_component_v60_variable_v60":-2.613968808e-58,"data_set_value_component_v61_variable_v61":-1.499498735e-66,"data_set_value_component_v62_variable_v62":-6.066857987e-75,"data_set_value_component_v63_variable_v63":-5.678791982e-84,"data_set_value_component_v64_variable_v64":-7.774701515e-94,"data_set_value_component_v65_variable_v65":1.83905449e-44,"data_set_value_component_v66_variable_v66":4.875791505e-52,"data_set_value_component_v67_variable_v67":6.65698526e-60,"data_set_value_component_v68_variable_v68":3.818768206e-68,"data_set_value_component_v69_variable_v69":1.54504461e-76,"data_set_value_component_v70_variable_v70":1.446215976e-85,"data_set_value_component_v71_variable_v71":1.979980527e-95,"data_set_value_component_v72_variable_v72":2.215660432e-59,"data_set_value_component_v73_variable_v73":3.025071688e-67,"data_set_value_component_v74_variable_v74":1.735327198e-75,"data_set_value_component_v75_variable_v75":7.021002037e-84,"data_set_value_component_v76_variable_v76":6.571904298e-93,"data_set_value_component_v77_variable_v77":8.997440734e-103,"data_set_value_component_v78_variable_v78":8.020218495e-75,"data_set_value_component_v79_variable_v79":4.600784619e-83,"data_set_value_component_v80_variable_v80":1.861442512e-91,"data_set_value_component_v81_variable_v81":1.742375515e-100,"data_set_value_component_v82_variable_v82":2.385445637e-110,"data_set_value_component_v83_variable_v83":6.281514573e-91,"data_set_value_component_v84_variable_v84":2.541453085e-99,"data_set_value_component_v85_variable_v85":2.378889276e-108,"data_set_value_component_v86_variable_v86":3.256881765e-118,"data_set_value_component_v87_variable_v87":1.457900214e-107,"data_set_value_component_v88_variable_v88":1.364645763e-116,"data_set_value_component_v89_variable_v89":1.868304653e-126,"data_set_value_component_v90_variable_v90":5.521253106e-125,"data_set_value_component_v91_variable_v91":7.559018718e-135,"data_set_value_component_v92_variable_v92":7.075506791e-144,"data_set_value_component_v93_variable_v93":-2.497992134e-16,"data_set_value_component_v94_variable_v94":-2.497992134e-16,"data_set_value_component_kinetic_parameters_variable_k1":0.01,"data_set_value_component_kinetic_parameters_variable_k2":0.000002,"data_set_value_component_kinetic_parameters_variable_k3":0.000004,"data_set_value_component_kinetic_parameters_variable_k61":0.000017,"data_set_value_component_kinetic_parameters_variable_k61r":0.0002,"data_set_value_component_kinetic_parameters_variable_k62":0.0002,"data_set_value_component_kinetic_parameters_variable_k63":0.001,"data_set_value_component_kinetic_parameters_variable_k64":0.001,"data_set_value_component_kinetic_parameters_variable_k65":0.001,"data_set_value_component_kinetic_parameters_variable_k66":0.00001,"data_set_value_component_kinetic_parameters_variable_k67":0.00001,"data_set_value_component_kinetic_parameters_variable_k68":0.00001,"data_set_value_component_kinetic_parameters_variable_k69":0.0,"data_set_value_component_kinetic_parameters_variable_k71":0.00000001,"data_set_value_component_kinetic_parameters_variable_k72":0.00000001,"data_set_value_component_kinetic_parameters_variable_k73":0.001,"data_set_value_component_kinetic_parameters_variable_k74":0.00001},{"data_set_value_component_environment_variable_time":0.2,"data_set_value_component_NatP_variable_NatP":500.0000000008,"data_set_value_component_MisP_variable_MisP":0.0019996592,"data_set_value_component_Ub_variable_Ub":498.6772018182,"data_set_value_component_E1_variable_E1":98.6903745953,"data_set_value_component_E2_variable_E2":99.9868272128,"data_set_value_component_E3_variable_E3":99.99999966,"data_set_value_component_DUB_variable_DUB":200.0,"data_set_value_component_Proteasome_variable_Proteasome":100.0,"data_set_value_component_ROS_variable_ROS":10.0,"data_set_value_component_E1_Ub_variable_E1_Ub":1.3096254047,"data_set_value_component_E2_Ub_variable_E2_Ub":0.0131727872,"data_set_value_component_E3_MisP_variable_E3_MisP":0.00000034,"data_set_value_component_MisP_Ub_variable_MisP_Ub":0.0,"data_set_value_component_MisP_Ub2_variable_MisP_Ub2":6.459557264e-20,"data_set_value_component_MisP_Ub3_variable_MisP_Ub3":1.592668682e-26,"data_set_value_component_MisP_Ub4_variable_MisP_Ub4":2.744643277e-33,"data_set_value_component_MisP_Ub5_variable_MisP_Ub5":3.341573811e-40,"data_set_value_component_MisP_Ub6_variable_MisP_Ub6":2.862620646e-47,"data_set_value_component_MisP_Ub7_variable_MisP_Ub7":1.665072667e-54,"data_set_value_component_MisP_Ub8_variable_MisP_Ub8":6.26173332e-62,"data_set_value_component_MisP_Ub4_Proteasome_variable_MisP_Ub4_Proteasome":5.4463541e-38,"data_set_value_component_MisP_Ub5_Proteasome_variable_MisP_Ub5_Proteasome":6.602588075e-45,"data_set_value_component_MisP_Ub6_Proteasome_variable_MisP_Ub6_Proteasome":5.892415471e-52,"data_set_value_component_MisP_Ub7_Proteasome_variable_MisP_Ub7_Proteasome":3.717728844e-59,"data_set_value_component_MisP_Ub8_Proteasome_variable_MisP_Ub8_Proteasome":1.541764475e-66,"data_set_value_component_ATP_variable_ATP":10000.0,"data_set_value_component_ADP_variable_ADP":1000.0,"data_set_value_component_AMP_variable_AMP":1000.0,"data_set_value_component_degUb4_variable_degUb4":0.0,"data_set_value_component_degUb5_variable_degUb5":0.0,"data_set_value_component_degUb6_variable_degUb6":0.0,"data_set_value_component_degUb7_variable_degUb7":0.0,"data_set_value_component_degUb8_variable_degUb8":0.0,"data_set_value_component_MisP_total_variable_MisP_total":0.002,"data_set_value_component_NatP_refolded_variable_NatP_refolded":0.0000000008,"data_set_value_component_AggP_variable_AggP":-0.0,"data_set_value_component_SeqAggP_variable_SeqAggP":-6.709748519e-17,"data_set_value_component_AggP_Proteasome_variable_AggP_Proteasome":-6.709748519e-17,"data_set_value_component_v1_variable_v1":0.01,"data_set_value_component_v2_variable_v2":0.01,"data_set_value_component_v3_variable_v3":0.000000008,"data_set_value_component_v4_variable_v4":0.0000033994,"data_set_value_component_v5_variable_v5":0.0000000001,"data_set_value_component_v6_variable_v6":6.5619519799,"data_set_value_component_v7_variable_v7":0.130945289,"data_set_value_component_v8_variable_v8":0.0,"data_set_value_component_v9_variable_v9":2.423834307e-18,"data_set_value_component_v10_variable_v10":8.50903734e-25,"data_set_value_component_v11_variable_v11":2.097988566e-31,"data_set_value_component_v12_variable_v12":3.61546019e-38,"data_set_value_component_v13_variable_v13":4.401784081e-45,"data_set_value_component_v14_variable_v14":3.770869266e-52,"data_set_value_component_v15_variable_v15":2.193364795e-59,"data_set_value_component_v16_variable_v16":1.252346664e-64,"data_set_value_component_v17_variable_v17":3.330145333e-57,"data_set_value_component_v18_variable_v18":5.725241291e-50,"data_set_value_component_v19_variable_v19":6.683147623e-43,"data_set_value_component_v20_variable_v20":5.489286555e-36,"data_set_value_component_v21_variable_v21":3.185337363e-29,"data_set_value_component_v22_variable_v22":1.291911453e-22,"data_set_value_component_v23_variable_v23":3.680062944e-16,"data_set_value_component_v24_variable_v24":2.744643277e-36,"data_set_value_component_v25_variable_v25":3.341573811e-43,"data_set_value_component_v26_variable_v26":2.862620646e-50,"data_set_value_component_v27_variable_v27":1.665072667e-57,"data_set_value_component_v28_variable_v28":6.26173332e-65,"data_set_value_component_v29_variable_v29":1.08927082e-40,"data_set_value_component_v30_variable_v30":1.320517615e-47,"data_set_value_component_v31_variable_v31":1.178483094e-54,"data_set_value_component_v32_variable_v32":7.435457688e-62,"data_set_value_component_v33_variable_v33":3.08352895e-69,"data_set_value_component_v34_variable_v34":0.0,"data_set_value_component_v35_variable_v35":0.0,"data_set_value_component_v36_variable_v36":0.0,"data_set_value_component_v37_variable_v37":0.0,"data_set_value_component_v38_variable_v38":0.0,"data_set_value_component_v39_variable_v39":-0.0,"data_set_value_component_v40_variable_v40":-1.996485699e-23,"data_set_value_component_v41_variable_v41":-9.200157361e-22,"data_set_value_component_v42_variable_v42":-3.229778632e-28,"data_set_value_component_v43_variable_v43":-7.963343409e-35,"data_set_value_component_v44_variable_v44":-1.372321639e-41,"data_set_value_component_v45_variable_v45":-1.670786906e-48,"data_set_value_component_v46_variable_v46":-1.431310323e-55,"data_set_value_component_v47_variable_v47":-8.325363333e-63,"data_set_value_component_v48_variable_v48":-3.13086666e-70,"data_set_value_component_v49_variable_v49":3.679435942e-24,"data_set_value_component_v50_variable_v50":1.291691339e-30,"data_set_value_component_v51_variable_v51":3.184794652e-37,"data_set_value_component_v52_variable_v52":5.488351301e-44,"data_set_value_component_v53_variable_v53":6.682008961e-51,"data_set_value_component_v54_variable_v54":5.724265836e-58,"data_set_value_component_v55_variable_v55":3.329577949e-65,"data_set_value_component_v56_variable_v56":1.252133292e-72,"data_set_value_component_v57_variable_v57":-1.837111263e-33,"data_set_value_component_v58_variable_v58":-6.449305669e-40,"data_set_value_component_v59_variable_v59":-1.590141048e-46,"data_set_value_component_v60_variable_v60":-2.74028741e-53,"data_set_value_component_v61_variable_v61":-3.33627059e-60,"data_set_value_component_v62_variable_v62":-2.858077543e-67,"data_set_value_component_v63_variable_v63":-1.662430125e-74,"data_set_value_component_v64_variable_v64":-6.251795679e-82,"data_set_value_component_v65_variable_v65":1.188578866e-40,"data_set_value_component_v66_variable_v66":2.930560499e-47,"data_set_value_component_v67_variable_v67":5.05023001e-54,"data_set_value_component_v68_variable_v68":6.148600979e-61,"data_set_value_component_v69_variable_v69":5.267312081e-68,"data_set_value_component_v70_variable_v70":3.06378611e-75,"data_set_value_component_v71_variable_v71":1.152178638e-82,"data_set_value_component_v72_variable_v72":1.028793455e-53,"data_set_value_component_v73_variable_v73":1.772918042e-60,"data_set_value_component_v74_variable_v74":2.158508739e-67,"data_set_value_component_v75_variable_v75":1.849126199e-74,"data_set_value_component_v76_variable_v76":1.075563224e-81,"data_set_value_component_v77_variable_v77":4.044802495e-89,"data_set_value_component_v78_variable_v78":4.37130739e-67,"data_set_value_component_v79_variable_v79":5.322019957e-74,"data_set_value_component_v80_variable_v80":4.55920625e-81,"data_set_value_component_v81_variable_v81":2.651909089e-88,"data_set_value_component_v82_variable_v82":9.972866552e-96,"data_set_value_component_v83_variable_v83":9.171428097e-81,"data_set_value_component_v84_variable_v84":7.85687251e-88,"data_set_value_component_v85_variable_v85":4.5700305e-95,"data_set_value_component_v86_variable_v86":1.718622426e-102,"data_set_value_component_v87_variable_v87":9.565658181e-95,"data_set_value_component_v88_variable_v88":5.563963216e-102,"data_set_value_component_v89_variable_v89":2.092404407e-109,"data_set_value_component_v90_variable_v90":4.766471391e-109,"data_set_value_component_v91_variable_v91":1.792496708e-116,"data_set_value_component_v92_variable_v92":1.0426241e-123,"data_set_value_component_v93_variable_v93":-9.98412957e-16,"data_set_value_component_v94_variable_v94":-9.98412957e-16,"data_set_value_component_kinetic_parameters_variable_k1":0.01,"data_set_value_component_kinetic_parameters_variable_k2":0.000002,"data_set_value_component_kinetic_parameters_variable_k3":0.000004,"data_set_value_component_kinetic_parameters_variable_k61":0.000017,"data_set_value_component_kinetic_parameters_variable_k61r":0.0002,"data_set_value_component_kinetic_parameters_variable_k62":0.0002,"data_set_value_component_kinetic_parameters_variable_k63":0.001,"data_set_value_component_kinetic_parameters_variable_k64":0.001,"data_set_value_component_kinetic_parameters_variable_k65":0.001,"data_set_value_component_kinetic_parameters_variable_k66":0.00001,"data_set_value_component_kinetic_parameters_variable_k67":0.00001,"data_set_value_component_kinetic_parameters_variable_k68":0.00001,"data_set_value_component_kinetic_parameters_variable_k69":0.0,"data_set_value_component_kinetic_parameters_variable_k71":0.00000001,"data_set_value_component_kinetic_parameters_variable_k72":0.00000001,"data_set_value_component_kinetic_parameters_variable_k73":0.001,"data_set_value_component_kinetic_parameters_variable_k74":0.00001},{"data_set_value_component_environment_variable_time":0.3,"data_set_value_component_NatP_variable_NatP":500.0000000018,"data_set_value_component_MisP_variable_MisP":0.0029992333,"data_set_value_component_Ub_variable_Ub":498.0235607984,"data_set_value_component_E1_variable_E1":98.0530228452,"data_set_value_component_E2_variable_E2":99.9705379445,"data_set_value_component_E3_variable_E3":99.9999992351,"data_set_value_component_DUB_variable_DUB":200.0,"data_set_value_component_Proteasome_variable_Proteasome":100.0,"data_set_value_component_ROS_variable_ROS":10.0,"data_set_value_component_E1_Ub_variable_E1_Ub":1.9469771548,"data_set_value_component_E2_Ub_variable_E2_Ub":0.0294620555,"data_set_value_component_E3_MisP_variable_E3_MisP":0.0000007649,"data_set_value_component_MisP_Ub_variable_MisP_Ub":0.0,"data_set_value_component_MisP_Ub2_variable_MisP_Ub2":1.831035085e-18,"data_set_value_component_MisP_Ub3_variable_MisP_Ub3":1.864664512e-24,"data_set_value_component_MisP_Ub4_variable_MisP_Ub4":1.366562974e-30,"data_set_value_component_MisP_Ub5_variable_MisP_Ub5":6.404015364e-37,"data_set_value_component_MisP_Ub6_variable_MisP_Ub6":1.909488718e-43,"data_set_value_component_MisP_Ub7_variable_MisP_Ub7":3.519073044e-50,"data_set_value_component_MisP_Ub8_variable_MisP_Ub8":4.258347571e-57,"data_set_value_component_MisP_Ub4_Proteasome_variable_MisP_Ub4_Proteasome":4.511200097e-35,"data_set_value_component_MisP_Ub5_Proteasome_variable_MisP_Ub5_Proteasome":2.043136933e-41,"data_set_value_component_MisP_Ub6_Proteasome_variable_MisP_Ub6_Proteasome":6.009962151e-48,"data_set_value_component_MisP_Ub7_Proteasome_variable_MisP_Ub7_Proteasome":1.101696448e-54,"data_set_value_component_MisP_Ub8_Proteasome_variable_MisP_Ub8_Proteasome":1.329855599e-61,"data_set_value_component_ATP_variable_ATP":10000.0,"data_set_value_component_ADP_variable_ADP":1000.0,"data_set_value_component_AMP_variable_AMP":1000.0,"data_set_value_component_degUb4_variable_degUb4":0.0,"data_set_value_component_degUb5_variable_degUb5":0.0,"data_set_value_component_degUb6_variable_degUb6":0.0,"data_set_value_component_degUb7_variable_degUb7":0.0,"data_set_value_component_degUb8_variable_degUb8":0.0,"data_set_value_component_MisP_total_variable_MisP_total":0.003,"data_set_value_component_NatP_refolded_variable_NatP_refolded":0.0000000018,"data_set_value_component_AggP_variable_AggP":-0.0,"data_set_value_component_SeqAggP_variable_SeqAggP":-2.250456521e-16,"data_set_value_component_AggP_Proteasome_variable_AggP_Proteasome":-2.250456521e-16,"data_set_value_component_v1_variable_v1":0.01,"data_set_value_component_v2_variable_v2":0.01,"data_set_value_component_v3_variable_v3":0.000000012,"data_set_value_component_v4_variable_v4":0.0000050987,"data_set_value_component_v5_variable_v5":0.0000000002,"data_set_value_component_v6_variable_v6":6.5110287446,"data_set_value_component_v7_variable_v7":0.1946403535,"data_set_value_component_v8_variable_v8":0.0,"data_set_value_component_v9_variable_v9":4.154051255e-17,"data_set_value_component_v10_variable_v10":5.394605734e-23,"data_set_value_component_v11_variable_v11":5.493684939e-29,"data_set_value_component_v12_variable_v12":4.026175422e-35,"data_set_value_component_v13_variable_v13":1.886754563e-41,"data_set_value_component_v14_variable_v14":5.625746265e-48,"data_set_value_component_v15_variable_v15":1.036791254e-54,"data_set_value_component_v16_variable_v16":8.516695143e-60,"data_set_value_component_v17_variable_v17":7.038146087e-53,"data_set_value_component_v18_variable_v18":3.818977437e-46,"data_set_value_component_v19_variable_v19":1.280803073e-39,"data_set_value_component_v20_variable_v20":2.733125948e-33,"data_set_value_component_v21_variable_v21":3.729329023e-27,"data_set_value_component_v22_variable_v22":3.662070169e-21,"data_set_value_component_v23_variable_v23":0.0,"data_set_value_component_v24_variable_v24":1.366562974e-33,"data_set_value_component_v25_variable_v25":6.404015364e-40,"data_set_value_component_v26_variable_v26":1.909488718e-46,"data_set_value_component_v27_variable_v27":3.519073044e-53,"data_set_value_component_v28_variable_v28":4.258347571e-60,"data_set_value_component_v29_variable_v29":9.022400194e-38,"data_set_value_component_v30_variable_v30":4.086273866e-44,"data_set_value_component_v31_variable_v31":1.20199243e-50,"data_set_value_component_v32_variable_v32":2.203392895e-57,"data_set_value_component_v33_variable_v33":2.659711198e-64,"data_set_value_component_v34_variable_v34":0.0,"data_set_value_component_v35_variable_v35":0.0,"data_set_value_component_v36_variable_v36":0.0,"data_set_value_component_v37_variable_v37":0.0,"data_set_value_component_v38_variable_v38":0.0,"data_set_value_component_v39_variable_v39":-0.0,"data_set_value_component_v40_variable_v40":-6.732269117e-23,"data_set_value_component_v41_variable_v41":-7.049832709e-21,"data_set_value_component_v42_variable_v42":-9.155175423e-27,"data_set_value_component_v43_variable_v43":-9.323322558e-33,"data_set_value_component_v44_variable_v44":-6.83281487e-39,"data_set_value_component_v45_variable_v45":-3.202007682e-45,"data_set_value_component_v46_variable_v46":-9.547443592e-52,"data_set_value_component_v47_variable_v47":-1.759536522e-58,"data_set_value_component_v48_variable_v48":-2.129173786e-65,"data_set_value_component_v49_variable_v49":4.228818673e-23,"data_set_value_component_v50_variable_v50":5.491701489e-29,"data_set_value_component_v51_variable_v51":5.592563988e-35,"data_set_value_component_v52_variable_v52":4.098641245e-41,"data_set_value_component_v53_variable_v53":1.920713645e-47,"data_set_value_component_v54_variable_v54":5.727002244e-54,"data_set_value_component_v55_variable_v55":1.055452123e-60,"data_set_value_component_v56_variable_v56":1.277177805e-67,"data_set_value_component_v57_variable_v57":-3.164900193e-32,"data_set_value_component_v58_variable_v58":-4.11005731e-38,"data_set_value_component_v59_variable_v59":-4.185544052e-44,"data_set_value_component_v60_variable_v60":-3.067473796e-50,"data_set_value_component_v61_variable_v61":-1.437485845e-56,"data_set_value_component_v62_variable_v62":-4.286159305e-63,"data_set_value_component_v63_variable_v63":-7.899134217e-70,"data_set_value_component_v64_variable_v64":-9.55855664e-77,"data_set_value_component_v65_variable_v65":2.581698206e-38,"data_set_value_component_v66_variable_v66":2.629114573e-44,"data_set_value_component_v67_variable_v67":1.92680807e-50,"data_set_value_component_v68_variable_v68":9.029447396e-57,"data_set_value_component_v69_variable_v69":2.692315205e-63,"data_set_value_component_v70_variable_v70":4.961775249e-70,"data_set_value_component_v71_variable_v71":6.004127599e-77,"data_set_value_component_v72_variable_v72":3.414266142e-50,"data_set_value_component_v73_variable_v73":2.502224751e-56,"data_set_value_component_v74_variable_v74":1.172597681e-62,"data_set_value_component_v75_variable_v75":3.496340837e-69,"data_set_value_component_v76_variable_v76":6.443546208e-76,"data_set_value_component_v77_variable_v77":7.797183805e-83,"data_set_value_component_v78_variable_v78":2.548181481e-62,"data_set_value_component_v79_variable_v79":1.194134018e-68,"data_set_value_component_v80_variable_v80":3.560555849e-75,"data_set_value_component_v81_variable_v81":6.561890619e-82,"data_set_value_component_v82_variable_v82":7.940389595e-89,"data_set_value_component_v83_variable_v83":8.751490282e-75,"data_set_value_component_v84_variable_v84":2.609436582e-81,"data_set_value_component_v85_variable_v85":4.809034924e-88,"data_set_value_component_v86_variable_v86":5.819300122e-95,"data_set_value_component_v87_variable_v87":1.222839509e-87,"data_set_value_component_v88_variable_v88":2.253619784e-94,"data_set_value_component_v89_variable_v89":2.727052327e-101,"data_set_value_component_v90_variable_v90":6.719630276e-101,"data_set_value_component_v91_variable_v91":8.131266647e-108,"data_set_value_component_v92_variable_v92":1.498543615e-114,"data_set_value_component_v93_variable_v93":-0.0,"data_set_value_component_v94_variable_v94":-0.0,"data_set_value_component_kinetic_parameters_variable_k1":0.01,"data_set_value_component_kinetic_parameters_variable_k2":0.000002,"data_set_value_component_kinetic_parameters_variable_k3":0.000004,"data_set_value_component_kinetic_parameters_variable_k61":0.000017,"data_set_value_component_kinetic_parameters_variable_k61r":0.0002,"data_set_value_component_kinetic_parameters_variable_k62":0.0002,"data_set_value_component_kinetic_parameters_variable_k63":0.001,"data_set_value_component_kinetic_parameters_variable_k64":0.001,"data_set_value_component_kinetic_parameters_variable_k65":0.001,"data_set_value_component_kinetic_parameters_variable_k66":0.00001,"data_set_value_component_kinetic_parameters_variable_k67":0.00001,"data_set_value_component_kinetic_parameters_variable_k68":0.00001,"data_set_value_component_kinetic_parameters_variable_k69":0.0,"data_set_value_component_kinetic_parameters_variable_k71":0.00000001,"data_set_value_component_kinetic_parameters_variable_k72":0.00000001,"data_set_value_component_kinetic_parameters_variable_k73":0.001,"data_set_value_component_kinetic_parameters_variable_k74":0.00001},{"data_set_value_component_environment_variable_time":0.4,"data_set_value_component_NatP_variable_NatP":500.0000000032,"data_set_value_component_MisP_variable_MisP":0.0039986372,"data_set_value_component_Ub_variable_Ub":497.3749658636,"data_set_value_component_E1_variable_E1":97.4270282672,"data_set_value_component_E2_variable_E2":99.9479375861,"data_set_value_component_E3_variable_E3":99.9999986403,"data_set_value_component_DUB_variable_DUB":200.0,"data_set_value_component_Proteasome_variable_Proteasome":100.0,"data_set_value_component_ROS_variable_ROS":10.0,"data_set_value_component_E1_Ub_variable_E1_Ub":2.5729717328,"data_set_value_component_E2_Ub_variable_E2_Ub":0.0520624139,"data_set_value_component_E3_MisP_variable_E3_MisP":0.0000013597,"data_set_value_component_MisP_Ub_variable_MisP_Ub":0.0,"data_set_value_component_MisP_Ub2_variable_MisP_Ub2":2.215882233e-17,"data_set_value_component_MisP_Ub3_variable_MisP_Ub3":6.746238622e-23,"data_set_value_component_MisP_Ub4_variable_MisP_Ub4":1.282721818e-28,"data_set_value_component_MisP_Ub5_variable_MisP_Ub5":1.679438018e-34,"data_set_value_component_MisP_Ub6_variable_MisP_Ub6":1.37419897e-40,"data_set_value_component_MisP_Ub7_variable_MisP_Ub7":6.713513906e-47,"data_set_value_component_MisP_Ub8_variable_MisP_Ub8":2.026907749e-53,"data_set_value_component_MisP_Ub4_Proteasome_variable_MisP_Ub4_Proteasome":7.576163381e-33,"data_set_value_component_MisP_Ub5_Proteasome_variable_MisP_Ub5_Proteasome":9.887696073e-39,"data_set_value_component_MisP_Ub6_Proteasome_variable_MisP_Ub6_Proteasome":8.083048452e-45,"data_set_value_component_MisP_Ub7_Proteasome_variable_MisP_Ub7_Proteasome":3.947688158e-51,"data_set_value_component_MisP_Ub8_Proteasome_variable_MisP_Ub8_Proteasome":1.191737187e-57,"data_set_value_component_ATP_variable_ATP":10000.0,"data_set_value_component_ADP_variable_ADP":1000.0,"data_set_value_component_AMP_variable_AMP":1000.0,"data_set_value_component_degUb4_variable_degUb4":0.0,"data_set_value_component_degUb5_variable_degUb5":0.0,"data_set_value_component_degUb6_variable_degUb6":0.0,"data_set_value_component_degUb7_variable_degUb7":0.0,"data_set_value_component_degUb8_variable_degUb8":0.0,"data_set_value_component_MisP_total_variable_MisP_total":0.004,"data_set_value_component_NatP_refolded_variable_NatP_refolded":0.0000000032,"data_set_value_component_AggP_variable_AggP":-0.0,"data_set_value_component_SeqAggP_variable_SeqAggP":-5.323853592e-16,"data_set_value_component_AggP_Proteasome_variable_AggP_Proteasome":-5.323853592e-16,"data_set_value_component_v1_variable_v1":0.01,"data_set_value_component_v2_variable_v2":0.01,"data_set_value_component_v3_variable_v3":0.000000016,"data_set_value_component_v4_variable_v4":0.0000067977,"data_set_value_component_v5_variable_v5":0.0000000003,"data_set_value_component_v6_variable_v6":6.4610353145,"data_set_value_component_v7_variable_v7":0.2571632182,"data_set_value_component_v8_variable_v8":0.0000000001,"data_set_value_component_v9_variable_v9":3.177897374e-16,"data_set_value_component_v10_variable_v10":1.153641779e-21,"data_set_value_component_v11_variable_v11":3.512254671e-27,"data_set_value_component_v12_variable_v12":6.678159412e-33,"data_set_value_component_v13_variable_v13":8.743559713e-39,"data_set_value_component_v14_variable_v14":7.154411548e-45,"data_set_value_component_v15_variable_v15":3.495217394e-51,"data_set_value_component_v16_variable_v16":4.053815498e-56,"data_set_value_component_v17_variable_v17":1.342702781e-49,"data_set_value_component_v18_variable_v18":2.748397939e-43,"data_set_value_component_v19_variable_v19":3.358876036e-37,"data_set_value_component_v20_variable_v20":2.565443635e-31,"data_set_value_component_v21_variable_v21":1.349247724e-25,"data_set_value_component_v22_variable_v22":4.431764466e-20,"data_set_value_component_v23_variable_v23":0.0,"data_set_value_component_v24_variable_v24":1.282721818e-31,"data_set_value_component_v25_variable_v25":1.679438018e-37,"data_set_value_component_v26_variable_v26":1.37419897e-43,"data_set_value_component_v27_variable_v27":6.713513906e-50,"data_set_value_component_v28_variable_v28":2.026907749e-56,"data_set_value_component_v29_variable_v29":1.515232676e-35,"data_set_value_component_v30_variable_v30":1.977539215e-41,"data_set_value_component_v31_variable_v31":1.61660969e-47,"data_set_value_component_v32_variable_v32":7.895376317e-54,"data_set_value_component_v33_variable_v33":2.383474375e-60,"data_set_value_component_v34_variable_v34":0.0,"data_set_value_component_v35_variable_v35":0.0,"data_set_value_component_v36_variable_v36":0.0,"data_set_value_component_v37_variable_v37":0.0,"data_set_value_component_v38_variable_v38":0.0,"data_set_value_component_v39_variable_v39":-0.0,"data_set_value_component_v40_variable_v40":-1.594401715e-22,"data_set_value_component_v41_variable_v41":-3.05200733e-20,"data_set_value_component_v42_variable_v42":-1.107941116e-25,"data_set_value_component_v43_variable_v43":-3.373119311e-31,"data_set_value_component_v44_variable_v44":-6.413609088e-37,"data_set_value_component_v45_variable_v45":-8.397190089e-43,"data_set_value_component_v46_variable_v46":-6.870994848e-49,"data_set_value_component_v47_variable_v47":-3.356756953e-55,"data_set_value_component_v48_variable_v48":-1.013453875e-61,"data_set_value_component_v49_variable_v49":2.44077398e-22,"data_set_value_component_v50_variable_v50":8.860509022e-28,"data_set_value_component_v51_variable_v51":2.697576039e-33,"data_set_value_component_v52_variable_v52":5.129139116e-39,"data_set_value_component_v53_variable_v53":6.715463253e-45,"data_set_value_component_v54_variable_v54":5.494923055e-51,"data_set_value_component_v55_variable_v55":2.684490613e-57,"data_set_value_component_v56_variable_v56":8.10486863e-64,"data_set_value_component_v57_variable_v57":-2.433892117e-31,"data_set_value_component_v58_variable_v58":-8.83552645e-37,"data_set_value_component_v59_variable_v59":-2.689970112e-42,"data_set_value_component_v60_variable_v60":-5.114677296e-48,"data_set_value_component_v61_variable_v61":-6.696528727e-54,"data_set_value_component_v62_variable_v62":-5.479429892e-60,"data_set_value_component_v63_variable_v63":-2.676921581e-66,"data_set_value_component_v64_variable_v64":-8.082016618e-73,"data_set_value_component_v65_variable_v65":1.352577763e-36,"data_set_value_component_v66_variable_v66":4.117913945e-42,"data_set_value_component_v67_variable_v67":7.829752778e-48,"data_set_value_component_v68_variable_v68":1.025131428e-53,"data_set_value_component_v69_variable_v69":8.388130656e-60,"data_set_value_component_v70_variable_v70":4.09793873e-66,"data_set_value_component_v71_variable_v71":1.237227461e-72,"data_set_value_component_v72_variable_v72":1.49488703e-47,"data_set_value_component_v73_variable_v73":2.842360485e-53,"data_set_value_component_v74_variable_v74":3.721436865e-59,"data_set_value_component_v75_variable_v75":3.045063081e-65,"data_set_value_component_v76_variable_v76":1.487635618e-71,"data_set_value_component_v77_variable_v77":4.491388869e-78,"data_set_value_component_v78_variable_v78":8.653547467e-59,"data_set_value_component_v79_variable_v79":1.132988962e-64,"data_set_value_component_v80_variable_v80":9.270674164e-71,"data_set_value_component_v81_variable_v81":4.52909668e-77,"data_set_value_component_v82_variable_v82":1.367400334e-83,"data_set_value_component_v83_variable_v83":2.154251787e-70,"data_set_value_component_v84_variable_v84":1.762715e-76,"data_set_value_component_v85_variable_v85":8.611570759e-83,"data_set_value_component_v86_variable_v86":2.599958792e-89,"data_set_value_component_v87_variable_v87":2.307881994e-82,"data_set_value_component_v88_variable_v88":1.127493049e-88,"data_set_value_component_v89_variable_v89":3.404065932e-95,"data_set_value_component_v90_variable_v90":9.225703892e-95,"data_set_value_component_v91_variable_v91":2.78537454e-101,"data_set_value_component_v92_variable_v92":1.360767336e-107,"data_set_value_component_v93_variable_v93":-0.0,"data_set_value_component_v94_variable_v94":-0.0,"data_set_value_component_kinetic_parameters_variable_k1":0.01,"data_set_value_component_kinetic_parameters_variable_k2":0.000002,"data_set_value_component_kinetic_parameters_variable_k3":0.000004,"data_set_value_component_kinetic_parameters_variable_k61":0.000017,"data_set_value_component_kinetic_parameters_variable_k61r":0.0002,"data_set_value_component_kinetic_parameters_variable_k62":0.0002,"data_set_value_component_kinetic_parameters_variable_k63":0.001,"data_set_value_component_kinetic_parameters_variable_k64":0.001,"data_set_value_component_kinetic_parameters_variable_k65":0.001,"data_set_value_component_kinetic_parameters_variable_k66":0.00001,"data_set_value_component_kinetic_parameters_variable_k67":0.00001,"data_set_value_component_kinetic_parameters_variable_k68":0.00001,"data_set_value_component_kinetic_parameters_variable_k69":0.0,"data_set_value_component_kinetic_parameters_variable_k71":0.00000001,"data_set_value_component_kinetic_parameters_variable_k72":0.00000001,"data_set_value_component_kinetic_parameters_variable_k73":0.001,"data_set_value_component_kinetic_parameters_variable_k74":0.00001},{"data_set_value_component_environment_variable_time":0.5,"data_set_value_component_NatP_variable_NatP":500.000000005,"data_set_value_component_MisP_variable_MisP":0.0049978707,"data_set_value_component_Ub_variable_Ub":496.7313248825,"data_set_value_component_E1_variable_E1":96.8121819503,"data_set_value_component_E2_variable_E2":99.9191429178,"data_set_value_component_E3_variable_E3":99.9999978757,"data_set_value_component_DUB_variable_DUB":200.0,"data_set_value_component_Proteasome_variable_Proteasome":100.0,"data_set_value_component_ROS_variable_ROS":10.0,"data_set_value_component_E1_Ub_variable_E1_Ub":3.1878180497,"data_set_value_component_E2_Ub_variable_E2_Ub":0.0808570822,"data_set_value_component_E3_MisP_variable_E3_MisP":0.0000021243,"data_set_value_component_MisP_Ub_variable_MisP_Ub":0.0,"data_set_value_component_MisP_Ub2_variable_MisP_Ub2":1.195741376e-16,"data_set_value_component_MisP_Ub3_variable_MisP_Ub3":6.358429141e-22,"data_set_value_component_MisP_Ub4_variable_MisP_Ub4":2.445006329e-27,"data_set_value_component_MisP_Ub5_variable_MisP_Ub5":7.118832575e-33,"data_set_value_component_MisP_Ub6_variable_MisP_Ub6":1.31161659e-38,"data_set_value_component_MisP_Ub7_variable_MisP_Ub7":1.664034906e-44,"data_set_value_component_MisP_Ub8_variable_MisP_Ub8":1.330455373e-50,"data_set_value_component_MisP_Ub4_Proteasome_variable_MisP_Ub4_Proteasome":1.532967873e-31,"data_set_value_component_MisP_Ub5_Proteasome_variable_MisP_Ub5_Proteasome":4.308938598e-37,"data_set_value_component_MisP_Ub6_Proteasome_variable_MisP_Ub6_Proteasome":7.811997669e-43,"data_set_value_component_MisP_Ub7_Proteasome_variable_MisP_Ub7_Proteasome":9.832311037e-49,"data_set_value_component_MisP_Ub8_Proteasome_variable_MisP_Ub8_Proteasome":7.836811047e-55,"data_set_value_component_ATP_variable_ATP":10000.0,"data_set_value_component_ADP_variable_ADP":1000.0,"data_set_value_component_AMP_variable_AMP":1000.0,"data_set_value_component_degUb4_variable_degUb4":0.0,"data_set_value_component_degUb5_variable_degUb5":0.0,"data_set_value_component_degUb6_variable_degUb6":0.0,"data_set_value_component_degUb7_variable_degUb7":0.0,"data_set_value_component_degUb8_variable_degUb8":0.0,"data_set_value_component_MisP_total_variable_MisP_total":0.005,"data_set_value_component_NatP_refolded_variable_NatP_refolded":0.000000005,"data_set_value_component_AggP_variable_AggP":-0.0,"data_set_value_component_SeqAggP_variable_SeqAggP":-0.0,"data_set_value_component_AggP_Proteasome_variable_AggP_Proteasome":-0.0,"data_set_value_component_v1_variable_v1":0.01,"data_set_value_component_v2_variable_v2":0.01,"data_set_value_component_v3_variable_v3":0.00000002,"data_set_value_component_v4_variable_v4":0.0000084964,"data_set_value_component_v5_variable_v5":0.0000000004,"data_set_value_component_v6_variable_v6":6.411952454,"data_set_value_component_v7_variable_v7":0.3185240473,"data_set_value_component_v8_variable_v8":0.0000000002,"data_set_value_component_v9_variable_v9":0.0,"data_set_value_component_v10_variable_v10":9.668415872e-21,"data_set_value_component_v11_variable_v11":5.141240277e-26,"data_set_value_component_v12_variable_v12":1.976960777e-31,"data_set_value_component_v13_variable_v13":5.756080307e-37,"data_set_value_component_v14_variable_v14":1.060534904e-42,"data_set_value_component_v15_variable_v15":1.345490072e-48,"data_set_value_component_v16_variable_v16":2.660910747e-53,"data_set_value_component_v17_variable_v17":3.328069811e-47,"data_set_value_component_v18_variable_v18":2.62323318e-41,"data_set_value_component_v19_variable_v19":1.423766515e-35,"data_set_value_component_v20_variable_v20":4.890012658e-30,"data_set_value_component_v21_variable_v21":1.271685828e-24,"data_set_value_component_v22_variable_v22":2.391482752e-19,"data_set_value_component_v23_variable_v23":0.0,"data_set_value_component_v24_variable_v24":2.445006329e-30,"data_set_value_component_v25_variable_v25":7.118832575e-36,"data_set_value_component_v26_variable_v26":1.31161659e-41,"data_set_value_component_v27_variable_v27":1.664034906e-47,"data_set_value_component_v28_variable_v28":1.330455373e-53,"data_set_value_component_v29_variable_v29":3.065935746e-34,"data_set_value_component_v30_variable_v30":8.617877197e-40,"data_set_value_component_v31_variable_v31":1.562399534e-45,"data_set_value_component_v32_variable_v32":1.966462207e-51,"data_set_value_component_v33_variable_v33":1.567362209e-57,"data_set_value_component_v34_variable_v34":0.0,"data_set_value_component_v35_variable_v35":0.0,"data_set_value_component_v36_variable_v36":0.0,"data_set_value_component_v37_variable_v37":0.0,"data_set_value_component_v38_variable_v38":0.0,"data_set_value_component_v39_variable_v39":-0.0,"data_set_value_component_v40_variable_v40":-3.111338766e-22,"data_set_value_component_v41_variable_v41":-9.172505783e-20,"data_set_value_component_v42_variable_v42":-5.97870688e-25,"data_set_value_component_v43_variable_v43":-3.179214571e-30,"data_set_value_component_v44_variable_v44":-1.222503164e-35,"data_set_value_component_v45_variable_v45":-3.559416288e-41,"data_set_value_component_v46_variable_v46":-6.558082949e-47,"data_set_value_component_v47_variable_v47":-8.320174528e-53,"data_set_value_component_v48_variable_v48":-6.652276867e-59,"data_set_value_component_v49_variable_v49":9.168599555e-22,"data_set_value_component_v50_variable_v50":5.976160771e-27,"data_set_value_component_v51_variable_v51":3.177860662e-32,"data_set_value_component_v52_variable_v52":1.221982546e-37,"data_set_value_component_v53_variable_v53":3.557900465e-43,"data_set_value_component_v54_variable_v54":6.555290106e-49,"data_set_value_component_v55_variable_v55":8.316631277e-55,"data_set_value_component_v56_variable_v56":6.649443911e-61,"data_set_value_component_v57_variable_v57":-1.142037264e-30,"data_set_value_component_v58_variable_v58":-7.443883067e-36,"data_set_value_component_v59_variable_v59":-3.958331121e-41,"data_set_value_component_v60_variable_v60":-1.522096799e-46,"data_set_value_component_v61_variable_v61":-4.431707251e-52,"data_set_value_component_v62_variable_v62":-8.165244358e-58,"data_set_value_component_v63_variable_v63":-1.03591642e-63,"data_set_value_component_v64_variable_v64":-8.282521978e-70,"data_set_value_component_v65_variable_v65":2.193588937e-35,"data_set_value_component_v66_variable_v66":1.166454561e-40,"data_set_value_component_v67_variable_v67":4.485366938e-46,"data_set_value_component_v68_variable_v68":1.305950659e-51,"data_set_value_component_v69_variable_v69":2.406162151e-57,"data_set_value_component_v70_variable_v70":3.052673959e-63,"data_set_value_component_v71_variable_v71":2.440721921e-69,"data_set_value_component_v72_variable_v72":7.60303681e-46,"data_set_value_component_v73_variable_v73":2.923595232e-51,"data_set_value_component_v74_variable_v74":8.512282658e-57,"data_set_value_component_v75_variable_v75":1.568354226e-62,"data_set_value_component_v76_variable_v76":1.989755388e-68,"data_set_value_component_v77_variable_v77":1.590880539e-74,"data_set_value_component_v78_variable_v78":1.554639949e-56,"data_set_value_component_v79_variable_v79":4.52645925e-62,"data_set_value_component_v80_variable_v80":8.339821146e-68,"data_set_value_component_v81_variable_v81":1.058064804e-73,"data_set_value_component_v82_variable_v82":8.459606217e-80,"data_set_value_component_v83_variable_v83":1.74055907e-67,"data_set_value_component_v84_variable_v84":3.206910863e-73,"data_set_value_component_v85_variable_v85":4.068575876e-79,"data_set_value_component_v86_variable_v86":3.252971808e-85,"data_set_value_component_v87_variable_v87":9.337178905e-79,"data_set_value_component_v88_variable_v88":1.184598589e-84,"data_set_value_component_v89_variable_v89":9.471289052e-91,"data_set_value_component_v90_variable_v90":2.182575788e-90,"data_set_value_component_v91_variable_v91":1.74504734e-96,"data_set_value_component_v92_variable_v92":2.213924182e-102,"data_set_value_component_v93_variable_v93":-0.0,"data_set_value_component_v94_variable_v94":-0.0,"data_set_value_component_kinetic_parameters_variable_k1":0.01,"data_set_value_component_kinetic_parameters_variable_k2":0.000002,"data_set_value_component_kinetic_parameters_variable_k3":0.000004,"data_set_value_component_kinetic_parameters_variable_k61":0.000017,"data_set_value_component_kinetic_parameters_variable_k61r":0.0002,"data_set_value_component_kinetic_parameters_variable_k62":0.0002,"data_set_value_component_kinetic_parameters_variable_k63":0.001,"data_set_value_component_kinetic_parameters_variable_k64":0.001,"data_set_value_component_kinetic_parameters_variable_k65":0.001,"data_set_value_component_kinetic_parameters_variable_k66":0.00001,"data_set_value_component_kinetic_parameters_variable_k67":0.00001,"data_set_value_component_kinetic_parameters_variable_k68":0.00001,"data_set_value_component_kinetic_parameters_variable_k69":0.0,"data_set_value_component_kinetic_parameters_variable_k71":0.00000001,"data_set_value_component_kinetic_parameters_variable_k72":0.00000001,"data_set_value_component_kinetic_parameters_variable_k73":0.001,"data_set_value_component_kinetic_parameters_variable_k74":0.00001},{"data_set_value_component_environment_variable_time":0.6,"data_set_value_component_NatP_variable_NatP":500.0000000072,"data_set_value_component_MisP_variable_MisP":0.005996934,"data_set_value_component_Ub_variable_Ub":496.0925473117,"data_set_value_component_E1_variable_E1":96.2082773788,"data_set_value_component_E2_variable_E2":99.8842699217,"data_set_value_component_E3_variable_E3":99.9999969412,"data_set_value_component_DUB_variable_DUB":200.0,"data_set_value_component_Proteasome_variable_Proteasome":100.0,"data_set_value_component_ROS_variable_ROS":10.0,"data_set_value_component_E1_Ub_variable_E1_Ub":3.7917226212,"data_set_value_component_E2_Ub_variable_E2_Ub":0.1157300783,"data_set_value_component_E3_MisP_variable_E3_MisP":0.0000030588,"data_set_value_component_MisP_Ub_variable_MisP_Ub":0.0,"data_set_value_component_MisP_Ub2_variable_MisP_Ub2":4.515639319e-16,"data_set_value_component_MisP_Ub3_variable_MisP_Ub3":3.475652592e-21,"data_set_value_component_MisP_Ub4_variable_MisP_Ub4":1.926907554e-26,"data_set_value_component_MisP_Ub5_variable_MisP_Ub5":7.612580593e-32,"data_set_value_component_MisP_Ub6_variable_MisP_Ub6":2.044568266e-37,"data_set_value_component_MisP_Ub7_variable_MisP_Ub7":3.557628975e-43,"data_set_value_component_MisP_Ub8_variable_MisP_Ub8":4.225824731e-49,"data_set_value_component_MisP_Ub4_Proteasome_variable_MisP_Ub4_Proteasome":1.298410741e-30,"data_set_value_component_MisP_Ub5_Proteasome_variable_MisP_Ub5_Proteasome":4.917022691e-36,"data_set_value_component_MisP_Ub6_Proteasome_variable_MisP_Ub6_Proteasome":1.279955301e-41,"data_set_value_component_MisP_Ub7_Proteasome_variable_MisP_Ub7_Proteasome":2.188309229e-47,"data_set_value_component_MisP_Ub8_Proteasome_variable_MisP_Ub8_Proteasome":2.561098088e-53,"data_set_value_component_ATP_variable_ATP":10000.0,"data_set_value_component_ADP_variable_ADP":1000.0,"data_set_value_component_AMP_variable_AMP":1000.0,"data_set_value_component_degUb4_variable_degUb4":0.0,"data_set_value_component_degUb5_variable_degUb5":0.0,"data_set_value_component_degUb6_variable_degUb6":0.0,"data_set_value_component_degUb7_variable_degUb7":0.0,"data_set_value_component_degUb8_variable_degUb8":0.0,"data_set_value_component_MisP_total_variable_MisP_total":0.006,"data_set_value_component_NatP_refolded_variable_NatP_refolded":0.0000000072,"data_set_value_component_AggP_variable_AggP":-0.0,"data_set_value_component_SeqAggP_variable_SeqAggP":-0.0,"data_set_value_component_AggP_Proteasome_variable_AggP_Proteasome":-0.0,"data_set_value_component_v1_variable_v1":0.01,"data_set_value_component_v2_variable_v2":0.01,"data_set_value_component_v3_variable_v3":0.000000024,"data_set_value_component_v4_variable_v4":0.0000101948,"data_set_value_component_v5_variable_v5":0.0000000006,"data_set_value_component_v6_variable_v6":6.363761253,"data_set_value_component_v7_variable_v7":0.3787334458,"data_set_value_component_v8_variable_v8":0.0000000004,"data_set_value_component_v9_variable_v9":0.0,"data_set_value_component_v10_variable_v10":5.225952921e-20,"data_set_value_component_v11_variable_v11":4.022375467e-25,"data_set_value_component_v12_variable_v12":2.230011622e-30,"data_set_value_component_v13_variable_v13":8.810045484e-36,"data_set_value_component_v14_variable_v14":2.366180456e-41,"data_set_value_component_v15_variable_v15":4.1172468e-47,"data_set_value_component_v16_variable_v16":8.451649462e-52,"data_set_value_component_v17_variable_v17":7.11525795e-46,"data_set_value_component_v18_variable_v18":4.089136532e-40,"data_set_value_component_v19_variable_v19":1.522516119e-34,"data_set_value_component_v20_variable_v20":3.853815109e-29,"data_set_value_component_v21_variable_v21":6.951305184e-24,"data_set_value_component_v22_variable_v22":9.031278637e-19,"data_set_value_component_v23_variable_v23":0.0,"data_set_value_component_v24_variable_v24":1.926907554e-29,"data_set_value_component_v25_variable_v25":7.612580593e-35,"data_set_value_component_v26_variable_v26":2.044568266e-40,"data_set_value_component_v27_variable_v27":3.557628975e-46,"data_set_value_component_v28_variable_v28":4.225824731e-52,"data_set_value_component_v29_variable_v29":2.596821483e-33,"data_set_value_component_v30_variable_v30":9.834045382e-39,"data_set_value_component_v31_variable_v31":2.559910603e-44,"data_set_value_component_v32_variable_v32":4.376618459e-50,"data_set_value_component_v33_variable_v33":5.122196177e-56,"data_set_value_component_v34_variable_v34":0.0,"data_set_value_component_v35_variable_v35":0.0,"data_set_value_component_v36_variable_v36":0.0,"data_set_value_component_v37_variable_v37":0.0,"data_set_value_component_v38_variable_v38":0.0,"data_set_value_component_v39_variable_v39":-0.0,"data_set_value_component_v40_variable_v40":-5.371680178e-22,"data_set_value_component_v41_variable_v41":-2.224488808e-19,"data_set_value_component_v42_variable_v42":-2.257819659e-24,"data_set_value_component_v43_variable_v43":-1.737826296e-29,"data_set_value_component_v44_variable_v44":-9.634537772e-35,"data_set_value_component_v45_variable_v45":-3.806290296e-40,"data_set_value_component_v46_variable_v46":-1.022284133e-45,"data_set_value_component_v47_variable_v47":-1.778814488e-51,"data_set_value_component_v48_variable_v48":-2.112912366e-57,"data_set_value_component_v49_variable_v49":2.668022505e-21,"data_set_value_component_v50_variable_v50":2.707999089e-26,"data_set_value_component_v51_variable_v51":2.084325914e-31,"data_set_value_component_v52_variable_v52":1.15555374e-36,"data_set_value_component_v53_variable_v53":4.565214326e-42,"data_set_value_component_v54_variable_v54":1.226114092e-47,"data_set_value_component_v55_variable_v55":2.13348661e-53,"data_set_value_component_v56_variable_v56":2.534199194e-59,"data_set_value_component_v57_variable_v57":-3.985117217e-30,"data_set_value_component_v58_variable_v58":-4.044828622e-35,"data_set_value_component_v59_variable_v59":-3.113273247e-40,"data_set_value_component_v60_variable_v60":-1.726003845e-45,"data_set_value_component_v61_variable_v61":-6.818875843e-51,"data_set_value_component_v62_variable_v62":-1.831396987e-56,"data_set_value_component_v63_variable_v63":-3.186702588e-62,"data_set_value_component_v64_variable_v64":-3.785230754e-68,"data_set_value_component_v65_variable_v65":2.008997825e-34,"data_set_value_component_v66_variable_v66":1.546310058e-39,"data_set_value_component_v67_variable_v67":8.572768576e-45,"data_set_value_component_v68_variable_v68":3.386820065e-50,"data_set_value_component_v69_variable_v69":9.096238447e-56,"data_set_value_component_v70_variable_v70":1.582781167e-61,"data_set_value_component_v71_variable_v71":1.880059964e-67,"data_set_value_component_v72_variable_v72":1.56947935e-44,"data_set_value_component_v73_variable_v73":8.701219516e-50,"data_set_value_component_v74_variable_v74":3.437566824e-55,"data_set_value_component_v75_variable_v75":9.232532851e-61,"data_set_value_component_v76_variable_v76":1.606496928e-66,"data_set_value_component_v77_variable_v77":1.908230031e-72,"data_set_value_component_v78_variable_v78":6.697261235e-55,"data_set_value_component_v79_variable_v79":2.645868547e-60,"data_set_value_component_v80_variable_v80":7.106208992e-66,"data_set_value_component_v81_variable_v81":1.236508237e-71,"data_set_value_component_v82_variable_v82":1.468749868e-77,"data_set_value_component_v83_variable_v83":1.466873905e-65,"data_set_value_component_v84_variable_v84":3.939694037e-71,"data_set_value_component_v85_variable_v85":6.855222148e-77,"data_set_value_component_v86_variable_v86":8.142773598e-83,"data_set_value_component_v87_variable_v87":1.55644407e-76,"data_set_value_component_v88_variable_v88":2.708273729e-82,"data_set_value_component_v89_variable_v89":3.216943134e-88,"data_set_value_component_v90_variable_v90":7.273815304e-88,"data_set_value_component_v91_variable_v91":8.639987142e-94,"data_set_value_component_v92_variable_v92":1.503391651e-99,"data_set_value_component_v93_variable_v93":-0.0,"data_set_value_component_v94_variable_v94":-0.0,"data_set_value_component_kinetic_parameters_variable_k1":0.01,"data_set_value_component_kinetic_parameters_variable_k2":0.000002,"data_set_value_component_kinetic_parameters_variable_k3":0.000004,"data_set_value_component_kinetic_parameters_variable_k61":0.000017,"data_set_value_component_kinetic_parameters_variable_k61r":0.0002,"data_set_value_component_kinetic_parameters_variable_k62":0.0002,"data_set_value_component_kinetic_parameters_variable_k63":0.001,"data_set_value_component_kinetic_parameters_variable_k64":0.001,"data_set_value_component_kinetic_parameters_variable_k65":0.001,"data_set_value_component_kinetic_parameters_variable_k66":0.00001,"data_set_value_component_kinetic_parameters_variable_k67":0.00001,"data_set_value_component_kinetic_parameters_variable_k68":0.00001,"data_set_value_component_kinetic_parameters_variable_k69":0.0,"data_set_value_component_kinetic_parameters_variable_k71":0.00000001,"data_set_value_component_kinetic_parameters_variable_k72":0.00000001,"data_set_value_component_kinetic_parameters_variable_k73":0.001,"data_set_value_component_kinetic_parameters_variable_k74":0.00001},{"data_set_value_component_environment_variable_time":0.7,"data_set_value_component_NatP_variable_NatP":500.0000000098,"data_set_value_component_MisP_variable_MisP":0.0069958271,"data_set_value_component_Ub_variable_Ub":495.4585447324,"data_set_value_component_E1_variable_E1":95.6151114431,"data_set_value_component_E2_variable_E2":99.8434333283,"data_set_value_component_E3_variable_E3":99.9999958369,"data_set_value_component_DUB_variable_DUB":200.0,"data_set_value_component_Proteasome_variable_Proteasome":100.0,"data_set_value_component_ROS_variable_ROS":10.0,"data_set_value_component_E1_Ub_variable_E1_Ub":4.3848885569,"data_set_value_component_E2_Ub_variable_E2_Ub":0.1565666717,"data_set_value_component_E3_MisP_variable_E3_MisP":0.0000041631,"data_set_value_component_MisP_Ub_variable_MisP_Ub":0.0000000001,"data_set_value_component_MisP_Ub2_variable_MisP_Ub2":0.0,"data_set_value_component_MisP_Ub3_variable_MisP_Ub3":1.468085273e-20,"data_set_value_component_MisP_Ub4_variable_MisP_Ub4":1.105038462e-25,"data_set_value_component_MisP_Ub5_variable_MisP_Ub5":5.820055932e-31,"data_set_value_component_MisP_Ub6_variable_MisP_Ub6":2.141329683e-36,"data_set_value_component_MisP_Ub7_variable_MisP_Ub7":5.304713097e-42,"data_set_value_component_MisP_Ub8_variable_MisP_Ub8":8.735635715e-48,"data_set_value_component_MisP_Ub4_Proteasome_variable_MisP_Ub4_Proteasome":7.931850692e-30,"data_set_value_component_MisP_Ub5_Proteasome_variable_MisP_Ub5_Proteasome":3.924818049e-35,"data_set_value_component_MisP_Ub6_Proteasome_variable_MisP_Ub6_Proteasome":1.377402276e-40,"data_set_value_component_MisP_Ub7_Proteasome_variable_MisP_Ub7_Proteasome":3.307244375e-46,"data_set_value_component_MisP_Ub8_Proteasome_variable_MisP_Ub8_Proteasome":5.340900504e-52,"data_set_value_component_ATP_variable_ATP":10000.0,"data_set_value_component_ADP_variable_ADP":1000.0,"data_set_value_component_AMP_variable_AMP":1000.0,"data_set_value_component_degUb4_variable_degUb4":0.0,"data_set_value_component_degUb5_variable_degUb5":0.0,"data_set_value_component_degUb6_variable_degUb6":0.0,"data_set_value_component_degUb7_variable_degUb7":0.0,"data_set_value_component_degUb8_variable_degUb8":0.0,"data_set_value_component_MisP_total_variable_MisP_total":0.007,"data_set_value_component_NatP_refolded_variable_NatP_refolded":0.0000000098,"data_set_value_component_AggP_variable_AggP":-0.0,"data_set_value_component_SeqAggP_variable_SeqAggP":-0.0,"data_set_value_component_AggP_Proteasome_variable_AggP_Proteasome":-0.0,"data_set_value_component_v1_variable_v1":0.01,"data_set_value_component_v2_variable_v2":0.01,"data_set_value_component_v3_variable_v3":0.000000028,"data_set_value_component_v4_variable_v4":0.0000118929,"data_set_value_component_v5_variable_v5":0.0000000008,"data_set_value_component_v6_variable_v6":6.316443196,"data_set_value_component_v7_variable_v7":0.4378023283,"data_set_value_component_v8_variable_v8":0.0000000007,"data_set_value_component_v9_variable_v9":0.0,"data_set_value_component_v10_variable_v10":2.186655884e-19,"data_set_value_component_v11_variable_v11":2.298532249e-24,"data_set_value_component_v12_variable_v12":1.730121941e-29,"data_set_value_component_v13_variable_v13":9.112267863e-35,"data_set_value_component_v14_variable_v14":3.352608615e-40,"data_set_value_component_v15_variable_v15":8.305412738e-46,"data_set_value_component_v16_variable_v16":1.747127143e-50,"data_set_value_component_v17_variable_v17":1.060942619e-44,"data_set_value_component_v18_variable_v18":4.282659366e-39,"data_set_value_component_v19_variable_v19":1.164011186e-33,"data_set_value_component_v20_variable_v20":2.210076924e-28,"data_set_value_component_v21_variable_v21":2.936170545e-23,"data_set_value_component_v22_variable_v22":2.793258437e-18,"data_set_value_component_v23_variable_v23":0.0,"data_set_value_component_v24_variable_v24":1.105038462e-28,"data_set_value_component_v25_variable_v25":5.820055932e-34,"data_set_value_component_v26_variable_v26":2.141329683e-39,"data_set_value_component_v27_variable_v27":5.304713097e-45,"data_set_value_component_v28_variable_v28":8.735635715e-51,"data_set_value_component_v29_variable_v29":1.586370138e-32,"data_set_value_component_v30_variable_v30":7.849636097e-38,"data_set_value_component_v31_variable_v31":2.754804551e-43,"data_set_value_component_v32_variable_v32":6.614488751e-49,"data_set_value_component_v33_variable_v33":1.068180101e-54,"data_set_value_component_v34_variable_v34":0.0,"data_set_value_component_v35_variable_v35":0.0,"data_set_value_component_v36_variable_v36":0.0,"data_set_value_component_v37_variable_v37":0.0,"data_set_value_component_v38_variable_v38":0.0,"data_set_value_component_v39_variable_v39":-0.0,"data_set_value_component_v40_variable_v40":-8.522545871e-22,"data_set_value_component_v41_variable_v41":-4.708774818e-19,"data_set_value_component_v42_variable_v42":-6.983146093e-24,"data_set_value_component_v43_variable_v43":-7.340426363e-29,"data_set_value_component_v44_variable_v44":-5.52519231e-34,"data_set_value_component_v45_variable_v45":-2.910027966e-39,"data_set_value_component_v46_variable_v46":-1.070664842e-44,"data_set_value_component_v47_variable_v47":-2.652356548e-50,"data_set_value_component_v48_variable_v48":-4.367817858e-56,"data_set_value_component_v49_variable_v49":6.588354874e-21,"data_set_value_component_v50_variable_v50":9.770576504e-26,"data_set_value_component_v51_variable_v51":1.02704707e-30,"data_set_value_component_v52_variable_v52":7.730657993e-36,"data_set_value_component_v53_variable_v53":4.071610488e-41,"data_set_value_component_v54_variable_v54":1.498037218e-46,"data_set_value_component_v55_variable_v55":3.711085551e-52,"data_set_value_component_v56_variable_v56":6.111299687e-58,"data_set_value_component_v57_variable_v57":-1.147276768e-29,"data_set_value_component_v58_variable_v58":-1.701419496e-34,"data_set_value_component_v59_variable_v59":-1.788469604e-39,"data_set_value_component_v60_variable_v60":-1.346194078e-44,"data_set_value_component_v61_variable_v61":-7.09018292e-50,"data_set_value_component_v62_variable_v62":-2.608638014e-55,"data_set_value_component_v63_variable_v63":-6.462375385e-61,"data_set_value_component_v64_variable_v64":-1.064203779e-66,"data_set_value_component_v65_variable_v65":1.315282499e-33,"data_set_value_component_v66_variable_v66":1.382576593e-38,"data_set_value_component_v67_variable_v67":1.040675457e-43,"data_set_value_component_v68_variable_v68":5.481066563e-49,"data_set_value_component_v69_variable_v69":2.016607858e-54,"data_set_value_component_v70_variable_v70":4.995739889e-60,"data_set_value_component_v71_variable_v71":8.226828295e-66,"data_set_value_component_v72_variable_v72":2.050370787e-43,"data_set_value_component_v73_variable_v73":1.543329004e-48,"data_set_value_component_v74_variable_v74":8.128460169e-54,"data_set_value_component_v75_variable_v75":2.990643602e-59,"data_set_value_component_v76_variable_v76":7.408717308e-65,"data_set_value_component_v77_variable_v77":1.220044408e-70,"data_set_value_component_v78_variable_v78":1.622290692e-53,"data_set_value_component_v79_variable_v79":8.5443384e-59,"data_set_value_component_v80_variable_v80":3.143654572e-64,"data_set_value_component_v81_variable_v81":7.787771173e-70,"data_set_value_component_v82_variable_v82":1.282465814e-75,"data_set_value_component_v83_variable_v83":6.431385656e-64,"data_set_value_component_v84_variable_v84":2.36625166e-69,"data_set_value_component_v85_variable_v85":5.861912002e-75,"data_set_value_component_v86_variable_v86":9.653213455e-81,"data_set_value_component_v87_variable_v87":1.246265852e-74,"data_set_value_component_v88_variable_v88":3.087372693e-80,"data_set_value_component_v89_variable_v89":5.084188846e-86,"data_set_value_component_v90_variable_v90":1.135913961e-85,"data_set_value_component_v91_variable_v91":1.870587606e-91,"data_set_value_component_v92_variable_v92":4.634004119e-97,"data_set_value_component_v93_variable_v93":-0.0,"data_set_value_component_v94_variable_v94":-0.0,"data_set_value_component_kinetic_parameters_variable_k1":0.01,"data_set_value_component_kinetic_parameters_variable_k2":0.000002,"data_set_value_component_kinetic_parameters_variable_k3":0.000004,"data_set_value_component_kinetic_parameters_variable_k61":0.000017,"data_set_value_component_kinetic_parameters_variable_k61r":0.0002,"data_set_value_component_kinetic_parameters_variable_k62":0.0002,"data_set_value_component_kinetic_parameters_variable_k63":0.001,"data_set_value_component_kinetic_parameters_variable_k64":0.001,"data_set_value_component_kinetic_parameters_variable_k65":0.001,"data_set_value_component_kinetic_parameters_variable_k66":0.00001,"data_set_value_component_kinetic_parameters_variable_k67":0.00001,"data_set_value_component_kinetic_parameters_variable_k68":0.00001,"data_set_value_component_kinetic_parameters_variable_k69":0.0,"data_set_value_component_kinetic_parameters_variable_k71":0.00000001,"data_set_value_component_kinetic_parameters_variable_k72":0.00000001,"data_set_value_component_kinetic_parameters_variable_k73":0.001,"data_set_value_component_kinetic_parameters_variable_k74":0.00001},{"data_set_value_component_environment_variable_time":0.8,"data_set_value_component_NatP_variable_NatP":500.0000000128,"data_set_value_component_MisP_variable_MisP":0.00799455,"data_set_value_component_Ub_variable_Ub":494.8292307344,"data_set_value_component_E1_variable_E1":95.0324841862,"data_set_value_component_E2_variable_E2":99.7967466376,"data_set_value_component_E3_variable_E3":99.9999945629,"data_set_value_component_DUB_variable_DUB":200.0,"data_set_value_component_Proteasome_variable_Proteasome":100.0,"data_set_value_component_ROS_variable_ROS":10.0,"data_set_value_component_E1_Ub_variable_E1_Ub":4.9675158138,"data_set_value_component_E2_Ub_variable_E2_Ub":0.2032533624,"data_set_value_component_E3_MisP_variable_E3_MisP":0.0000054371,"data_set_value_component_MisP_Ub_variable_MisP_Ub":0.0000000002,"data_set_value_component_MisP_Ub2_variable_MisP_Ub2":0.0,"data_set_value_component_MisP_Ub3_variable_MisP_Ub3":5.705133282e-20,"data_set_value_component_MisP_Ub4_variable_MisP_Ub4":5.706767377e-25,"data_set_value_component_MisP_Ub5_variable_MisP_Ub5":3.981086961e-30,"data_set_value_component_MisP_Ub6_variable_MisP_Ub6":1.842077722e-35,"data_set_value_component_MisP_Ub7_variable_MisP_Ub7":5.772681169e-41,"data_set_value_component_MisP_Ub8_variable_MisP_Ub8":1.09535405e-46,"data_set_value_component_MisP_Ub4_Proteasome_variable_MisP_Ub4_Proteasome":4.24338114e-29,"data_set_value_component_MisP_Ub5_Proteasome_variable_MisP_Ub5_Proteasome":2.730084284e-34,"data_set_value_component_MisP_Ub6_Proteasome_variable_MisP_Ub6_Proteasome":1.199621698e-39,"data_set_value_component_MisP_Ub7_Proteasome_variable_MisP_Ub7_Proteasome":3.610095109e-45,"data_set_value_component_MisP_Ub8_Proteasome_variable_MisP_Ub8_Proteasome":6.711261521e-51,"data_set_value_component_ATP_variable_ATP":10000.0,"data_set_value_component_ADP_variable_ADP":1000.0,"data_set_value_component_AMP_variable_AMP":1000.0,"data_set_value_component_degUb4_variable_degUb4":0.0,"data_set_value_component_degUb5_variable_degUb5":0.0,"data_set_value_component_degUb6_variable_degUb6":0.0,"data_set_value_component_degUb7_variable_degUb7":0.0,"data_set_value_component_degUb8_variable_degUb8":0.0,"data_set_value_component_MisP_total_variable_MisP_total":0.008,"data_set_value_component_NatP_refolded_variable_NatP_refolded":0.0000000128,"data_set_value_component_AggP_variable_AggP":-0.0,"data_set_value_component_SeqAggP_variable_SeqAggP":-0.0,"data_set_value_component_AggP_Proteasome_variable_AggP_Proteasome":-0.0,"data_set_value_component_v1_variable_v1":0.01,"data_set_value_component_v2_variable_v2":0.01,"data_set_value_component_v3_variable_v3":0.000000032,"data_set_value_component_v4_variable_v4":0.0000135907,"data_set_value_component_v5_variable_v5":0.0000000011,"data_set_value_component_v6_variable_v6":6.2699801393,"data_set_value_component_v7_variable_v7":0.4957419171,"data_set_value_component_v8_variable_v8":0.0000000011,"data_set_value_component_v9_variable_v9":0.0,"data_set_value_component_v10_variable_v10":7.881987364e-19,"data_set_value_component_v11_variable_v11":1.159587523e-23,"data_set_value_component_v12_variable_v12":1.159919658e-28,"data_set_value_component_v13_variable_v13":8.091693108e-34,"data_set_value_component_v14_variable_v14":3.744084908e-39,"data_set_value_component_v15_variable_v15":1.173316858e-44,"data_set_value_component_v16_variable_v16":2.1907081e-49,"data_set_value_component_v17_variable_v17":1.154536234e-43,"data_set_value_component_v18_variable_v18":3.684155444e-38,"data_set_value_component_v19_variable_v19":7.962173922e-33,"data_set_value_component_v20_variable_v20":1.141353475e-27,"data_set_value_component_v21_variable_v21":1.141026656e-22,"data_set_value_component_v22_variable_v22":7.75582482e-18,"data_set_value_component_v23_variable_v23":0.0,"data_set_value_component_v24_variable_v24":5.706767377e-28,"data_set_value_component_v25_variable_v25":3.981086961e-33,"data_set_value_component_v26_variable_v26":1.842077722e-38,"data_set_value_component_v27_variable_v27":5.772681169e-44,"data_set_value_component_v28_variable_v28":1.09535405e-49,"data_set_value_component_v29_variable_v29":8.486762281e-32,"data_set_value_component_v30_variable_v30":5.460168568e-37,"data_set_value_component_v31_variable_v31":2.399243395e-42,"data_set_value_component_v32_variable_v32":7.220190217e-48,"data_set_value_component_v33_variable_v33":1.342252304e-53,"data_set_value_component_v34_variable_v34":0.0,"data_set_value_component_v35_variable_v35":0.0,"data_set_value_component_v36_variable_v36":0.0,"data_set_value_component_v37_variable_v37":0.0,"data_set_value_component_v38_variable_v38":0.0,"data_set_value_component_v39_variable_v39":-0.0,"data_set_value_component_v40_variable_v40":-1.271053442e-21,"data_set_value_component_v41_variable_v41":-9.043590145e-19,"data_set_value_component_v42_variable_v42":-1.938956205e-23,"data_set_value_component_v43_variable_v43":-2.852566641e-28,"data_set_value_component_v44_variable_v44":-2.853383689e-33,"data_set_value_component_v45_variable_v45":-1.99054348e-38,"data_set_value_component_v46_variable_v46":-9.210388611e-44,"data_set_value_component_v47_variable_v47":-2.886340585e-49,"data_set_value_component_v48_variable_v48":-5.476770251e-55,"data_set_value_component_v49_variable_v49":1.445988672e-20,"data_set_value_component_v50_variable_v50":3.100216465e-25,"data_set_value_component_v51_variable_v51":4.560997326e-30,"data_set_value_component_v52_variable_v52":4.562303712e-35,"data_set_value_component_v53_variable_v53":3.182699875e-40,"data_set_value_component_v54_variable_v54":1.472658245e-45,"data_set_value_component_v55_variable_v55":4.614998823e-51,"data_set_value_component_v56_variable_v56":8.756862718e-57,"data_set_value_component_v57_variable_v57":-2.875680654e-29,"data_set_value_component_v58_variable_v58":-6.16549264e-34,"data_set_value_component_v59_variable_v59":-9.070590963e-39,"data_set_value_component_v60_variable_v60":-9.073189011e-44,"data_set_value_component_v61_variable_v61":-6.32952985e-49,"data_set_value_component_v62_variable_v62":-2.928719228e-54,"data_set_value_component_v63_variable_v63":-9.177985343e-60,"data_set_value_component_v64_variable_v64":-1.741503319e-65,"data_set_value_component_v65_variable_v65":7.014050092e-33,"data_set_value_component_v66_variable_v66":1.031897743e-37,"data_set_value_component_v67_variable_v67":1.032193304e-42,"data_set_value_component_v68_variable_v68":7.200663762e-48,"data_set_value_component_v69_variable_v69":3.331799187e-53,"data_set_value_component_v70_variable_v70":1.044115251e-58,"data_set_value_component_v71_variable_v71":1.981186619e-64,"data_set_value_component_v72_variable_v72":2.212400716e-42,"data_set_value_component_v73_variable_v73":2.213034403e-47,"data_set_value_component_v74_variable_v74":1.543830653e-52,"data_set_value_component_v75_variable_v75":7.143416059e-58,"data_set_value_component_v76_variable_v76":2.238595195e-63,"data_set_value_component_v77_variable_v77":4.247687064e-69,"data_set_value_component_v78_variable_v78":3.25578685e-52,"data_set_value_component_v79_variable_v79":2.271263172e-57,"data_set_value_component_v80_variable_v80":1.050929892e-62,"data_set_value_component_v81_variable_v81":3.293391547e-68,"data_set_value_component_v82_variable_v82":6.249140847e-74,"data_set_value_component_v83_variable_v83":2.27191372e-62,"data_set_value_component_v84_variable_v84":1.051230905e-67,"data_set_value_component_v85_variable_v85":3.294334858e-73,"data_set_value_component_v86_variable_v86":6.25093076e-79,"data_set_value_component_v87_variable_v87":7.333471601e-73,"data_set_value_component_v88_variable_v88":2.298154573e-78,"data_set_value_component_v89_variable_v89":4.360699727e-84,"data_set_value_component_v90_variable_v90":1.063372738e-83,"data_set_value_component_v91_variable_v91":2.017727294e-89,"data_set_value_component_v92_variable_v92":6.323129699e-95,"data_set_value_component_v93_variable_v93":-0.0,"data_set_value_component_v94_variable_v94":-0.0,"data_set_value_component_kinetic_parameters_variable_k1":0.01,"data_set_value_component_kinetic_parameters_variable_k2":0.000002,"data_set_value_component_kinetic_parameters_variable_k3":0.000004,"data_set_value_component_kinetic_parameters_variable_k61":0.000017,"data_set_value_component_kinetic_parameters_variable_k61r":0.0002,"data_set_value_component_kinetic_parameters_variable_k62":0.0002,"data_set_value_component_kinetic_parameters_variable_k63":0.001,"data_set_value_component_kinetic_parameters_variable_k64":0.001,"data_set_value_component_kinetic_parameters_variable_k65":0.001,"data_set_value_component_kinetic_parameters_variable_k66":0.00001,"data_set_value_component_kinetic_parameters_variable_k67":0.00001,"data_set_value_component_kinetic_parameters_variable_k68":0.00001,"data_set_value_component_kinetic_parameters_variable_k69":0.0,"data_set_value_component_kinetic_parameters_variable_k71":0.00000001,"data_set_value_component_kinetic_parameters_variable_k72":0.00000001,"data_set_value_component_kinetic_parameters_variable_k73":0.001,"data_set_value_component_kinetic_parameters_variable_k74":0.00001},{"data_set_value_component_environment_variable_time":0.9,"data_set_value_component_NatP_variable_NatP":500.0000000162,"data_set_value_component_MisP_variable_MisP":0.0089931028,"data_set_value_component_Ub_variable_Ub":494.2045208255,"data_set_value_component_E1_variable_E1":94.4601988234,"data_set_value_component_E2_variable_E2":99.7443221236,"data_set_value_component_E3_variable_E3":99.9999931193,"data_set_value_component_DUB_variable_DUB":200.0,"data_set_value_component_Proteasome_variable_Proteasome":100.0,"data_set_value_component_ROS_variable_ROS":10.0,"data_set_value_component_E1_Ub_variable_E1_Ub":5.5398011766,"data_set_value_component_E2_Ub_variable_E2_Ub":0.2556778764,"data_set_value_component_E3_MisP_variable_E3_MisP":0.0000068807,"data_set_value_component_MisP_Ub_variable_MisP_Ub":0.0000000003,"data_set_value_component_MisP_Ub2_variable_MisP_Ub2":0.0,"data_set_value_component_MisP_Ub3_variable_MisP_Ub3":2.068914144e-19,"data_set_value_component_MisP_Ub4_variable_MisP_Ub4":3.032350503e-24,"data_set_value_component_MisP_Ub5_variable_MisP_Ub5":3.024081822e-29,"data_set_value_component_MisP_Ub6_variable_MisP_Ub6":2.101597623e-34,"data_set_value_component_MisP_Ub7_variable_MisP_Ub7":9.698940114e-40,"data_set_value_component_MisP_Ub8_variable_MisP_Ub8":3.031471442e-45,"data_set_value_component_MisP_Ub4_Proteasome_variable_MisP_Ub4_Proteasome":2.326181896e-28,"data_set_value_component_MisP_Ub5_Proteasome_variable_MisP_Ub5_Proteasome":2.126803447e-33,"data_set_value_component_MisP_Ub6_Proteasome_variable_MisP_Ub6_Proteasome":1.388532468e-38,"data_set_value_component_MisP_Ub7_Proteasome_variable_MisP_Ub7_Proteasome":6.161209318e-44,"data_set_value_component_MisP_Ub8_Proteasome_variable_MisP_Ub8_Proteasome":1.867455108e-49,"data_set_value_component_ATP_variable_ATP":10000.0,"data_set_value_component_ADP_variable_ADP":1000.0,"data_set_value_component_AMP_variable_AMP":1000.0,"data_set_value_component_degUb4_variable_degUb4":0.0,"data_set_value_component_degUb5_variable_degUb5":0.0,"data_set_value_component_degUb6_variable_degUb6":0.0,"data_set_value_component_degUb7_variable_degUb7":0.0,"data_set_value_component_degUb8_variable_degUb8":0.0,"data_set_value_component_MisP_total_variable_MisP_total":0.009,"data_set_value_component_NatP_refolded_variable_NatP_refolded":0.0000000162,"data_set_value_component_AggP_variable_AggP":-0.0,"data_set_value_component_SeqAggP_variable_SeqAggP":-0.0,"data_set_value_component_AggP_Proteasome_variable_AggP_Proteasome":-0.0,"data_set_value_component_v1_variable_v1":0.01,"data_set_value_component_v2_variable_v2":0.01,"data_set_value_component_v3_variable_v3":0.000000036,"data_set_value_component_v4_variable_v4":0.0000152883,"data_set_value_component_v5_variable_v5":0.0000000014,"data_set_value_component_v6_variable_v6":6.2243543062,"data_set_value_component_v7_variable_v7":0.5525637131,"data_set_value_component_v8_variable_v8":0.0000000018,"data_set_value_component_v9_variable_v9":0.0,"data_set_value_component_v10_variable_v10":2.485419039e-18,"data_set_value_component_v11_variable_v11":5.289755748e-23,"data_set_value_component_v12_variable_v12":7.753049373e-28,"data_set_value_component_v13_variable_v13":7.731908183e-33,"data_set_value_component_v14_variable_v14":5.373320173e-38,"data_set_value_component_v15_variable_v15":2.479804412e-43,"data_set_value_component_v16_variable_v16":6.062942885e-48,"data_set_value_component_v17_variable_v17":1.939788023e-42,"data_set_value_component_v18_variable_v18":4.203195246e-37,"data_set_value_component_v19_variable_v19":6.048163643e-32,"data_set_value_component_v20_variable_v20":6.064701007e-27,"data_set_value_component_v21_variable_v21":4.137828288e-22,"data_set_value_component_v22_variable_v22":1.944179976e-17,"data_set_value_component_v23_variable_v23":0.0,"data_set_value_component_v24_variable_v24":3.032350503e-27,"data_set_value_component_v25_variable_v25":3.024081822e-32,"data_set_value_component_v26_variable_v26":2.101597623e-37,"data_set_value_component_v27_variable_v27":9.698940114e-43,"data_set_value_component_v28_variable_v28":3.031471442e-48,"data_set_value_component_v29_variable_v29":4.652363792e-31,"data_set_value_component_v30_variable_v30":4.253606895e-36,"data_set_value_component_v31_variable_v31":2.777064937e-41,"data_set_value_component_v32_variable_v32":1.232241864e-46,"data_set_value_component_v33_variable_v33":3.734910215e-52,"data_set_value_component_v34_variable_v34":0.0,"data_set_value_component_v35_variable_v35":0.0,"data_set_value_component_v36_variable_v36":0.0,"data_set_value_component_v37_variable_v37":0.0,"data_set_value_component_v38_variable_v38":0.0,"data_set_value_component_v39_variable_v39":-0.0,"data_set_value_component_v40_variable_v40":-1.808172382e-21,"data_set_value_component_v41_variable_v41":-1.612043092e-18,"data_set_value_component_v42_variable_v42":-4.860449941e-23,"data_set_value_component_v43_variable_v43":-1.034457072e-27,"data_set_value_component_v44_variable_v44":-1.516175252e-32,"data_set_value_component_v45_variable_v45":-1.512040911e-37,"data_set_value_component_v46_variable_v46":-1.050798812e-42,"data_set_value_component_v47_variable_v47":-4.849470057e-48,"data_set_value_component_v48_variable_v48":-1.515735721e-53,"data_set_value_component_v49_variable_v49":2.899453842e-20,"data_set_value_component_v50_variable_v50":8.742105173e-25,"data_set_value_component_v51_variable_v51":1.860595754e-29,"data_set_value_component_v52_variable_v52":2.727023974e-34,"data_set_value_component_v53_variable_v53":2.719587863e-39,"data_set_value_component_v54_variable_v54":1.889988342e-44,"data_set_value_component_v55_variable_v55":8.722356529e-50,"data_set_value_component_v56_variable_v56":2.726233425e-55,"data_set_value_component_v57_variable_v57":-6.482416291e-29,"data_set_value_component_v58_variable_v58":-1.954504816e-33,"data_set_value_component_v59_variable_v59":-4.159802804e-38,"data_set_value_component_v60_variable_v60":-6.096908451e-43,"data_set_value_component_v61_variable_v61":-6.080283263e-48,"data_set_value_component_v62_variable_v62":-4.225516903e-53,"data_set_value_component_v63_variable_v63":-1.950089539e-58,"data_set_value_component_v64_variable_v64":-6.095140992e-64,"data_set_value_component_v65_variable_v65":3.134101901e-32,"data_set_value_component_v66_variable_v66":6.670357508e-37,"data_set_value_component_v67_variable_v67":9.776559364e-42,"data_set_value_component_v68_variable_v68":9.749900421e-47,"data_set_value_component_v69_variable_v69":6.775731861e-52,"data_set_value_component_v70_variable_v70":3.127021882e-57,"data_set_value_component_v71_variable_v71":9.773725195e-63,"data_set_value_component_v72_variable_v72":2.011170726e-41,"data_set_value_component_v73_variable_v73":2.947717565e-46,"data_set_value_component_v74_variable_v74":2.939679662e-51,"data_set_value_component_v75_variable_v75":2.042942009e-56,"data_set_value_component_v76_variable_v76":9.428242581e-62,"data_set_value_component_v77_variable_v77":2.946863038e-67,"data_set_value_component_v78_variable_v78":6.273672846e-51,"data_set_value_component_v79_variable_v79":6.256565653e-56,"data_set_value_component_v80_variable_v80":4.348025047e-61,"data_set_value_component_v81_variable_v81":2.006627438e-66,"data_set_value_component_v82_variable_v82":6.271854144e-72,"data_set_value_component_v83_variable_v83":9.170076034e-61,"data_set_value_component_v84_variable_v84":6.37278061e-66,"data_set_value_component_v85_variable_v85":2.941058594e-71,"data_set_value_component_v86_variable_v86":9.192483954e-77,"data_set_value_component_v87_variable_v87":6.355403168e-71,"data_set_value_component_v88_variable_v88":2.933038849e-76,"data_set_value_component_v89_variable_v89":9.167417681e-82,"data_set_value_component_v90_variable_v90":2.038326949e-81,"data_set_value_component_v91_variable_v91":6.370933177e-87,"data_set_value_component_v92_variable_v92":2.940205998e-92,"data_set_value_component_v93_variable_v93":-0.0,"data_set_value_component_v94_variable_v94":-0.0,"data_set_value_component_kinetic_parameters_variable_k1":0.01,"data_set_value_component_kinetic_parameters_variable_k2":0.000002,"data_set_value_component_kinetic_parameters_variable_k3":0.000004,"data_set_value_component_kinetic_parameters_variable_k61":0.000017,"data_set_value_component_kinetic_parameters_variable_k61r":0.0002,"data_set_value_component_kinetic_parameters_variable_k62":0.0002,"data_set_value_component_kinetic_parameters_variable_k63":0.001,"data_set_value_component_kinetic_parameters_variable_k64":0.001,"data_set_value_component_kinetic_parameters_variable_k65":0.001,"data_set_value_component_kinetic_parameters_variable_k66":0.00001,"data_set_value_component_kinetic_parameters_variable_k67":0.00001,"data_set_value_component_kinetic_parameters_variable_k68":0.00001,"data_set_value_component_kinetic_parameters_variable_k69":0.0,"data_set_value_component_kinetic_parameters_variable_k71":0.00000001,"data_set_value_component_kinetic_parameters_variable_k72":0.00000001,"data_set_value_component_kinetic_parameters_variable_k73":0.001,"data_set_value_component_kinetic_parameters_variable_k74":0.00001},{"data_set_value_component_environment_variable_time":1.0,"data_set_value_component_NatP_variable_NatP":500.00000002,"data_set_value_component_MisP_variable_MisP":0.0099914855,"data_set_value_component_Ub_variable_Ub":493.5843320845,"data_set_value_component_E1_variable_E1":93.8980612754,"data_set_value_component_E2_variable_E2":99.6862709499,"data_set_value_component_E3_variable_E3":99.9999915059,"data_set_value_component_DUB_variable_DUB":200.0,"data_set_value_component_Proteasome_variable_Proteasome":100.0,"data_set_value_component_ROS_variable_ROS":10.0,"data_set_value_component_E1_Ub_variable_E1_Ub":6.1019387246,"data_set_value_component_E2_Ub_variable_E2_Ub":0.3137290501,"data_set_value_component_E3_MisP_variable_E3_MisP":0.0000084941,"data_set_value_component_MisP_Ub_variable_MisP_Ub":0.0000000005,"data_set_value_component_MisP_Ub2_variable_MisP_Ub2":0.0,"data_set_value_component_MisP_Ub3_variable_MisP_Ub3":8.611501997e-19,"data_set_value_component_MisP_Ub4_variable_MisP_Ub4":2.936479209e-23,"data_set_value_component_MisP_Ub5_variable_MisP_Ub5":8.135816667e-28,"data_set_value_component_MisP_Ub6_variable_MisP_Ub6":1.493187428e-32,"data_set_value_component_MisP_Ub7_variable_MisP_Ub7":1.714469416e-37,"data_set_value_component_MisP_Ub8_variable_MisP_Ub8":1.334398128e-42,"data_set_value_component_MisP_Ub4_Proteasome_variable_MisP_Ub4_Proteasome":3.448245274e-27,"data_set_value_component_MisP_Ub5_Proteasome_variable_MisP_Ub5_Proteasome":9.851662537e-32,"data_set_value_component_MisP_Ub6_Proteasome_variable_MisP_Ub6_Proteasome":1.833663187e-36,"data_set_value_component_MisP_Ub7_Proteasome_variable_MisP_Ub7_Proteasome":2.118196593e-41,"data_set_value_component_MisP_Ub8_Proteasome_variable_MisP_Ub8_Proteasome":1.653020154e-46,"data_set_value_component_ATP_variable_ATP":10000.0,"data_set_value_component_ADP_variable_ADP":1000.0,"data_set_value_component_AMP_variable_AMP":1000.0,"data_set_value_component_degUb4_variable_degUb4":0.0,"data_set_value_component_degUb5_variable_degUb5":0.0,"data_set_value_component_degUb6_variable_degUb6":0.0,"data_set_value_component_degUb7_variable_degUb7":0.0,"data_set_value_component_degUb8_variable_degUb8":0.0,"data_set_value_component_MisP_total_variable_MisP_total":0.01,"data_set_value_component_NatP_refolded_variable_NatP_refolded":0.00000002,"data_set_value_component_AggP_variable_AggP":-0.0,"data_set_value_component_SeqAggP_variable_SeqAggP":-0.0,"data_set_value_component_AggP_Proteasome_variable_AggP_Proteasome":-0.0,"data_set_value_component_v1_variable_v1":0.01,"data_set_value_component_v2_variable_v2":0.01,"data_set_value_component_v3_variable_v3":0.00000004,"data_set_value_component_v4_variable_v4":0.0000169855,"data_set_value_component_v5_variable_v5":0.0000000017,"data_set_value_component_v6_variable_v6":6.1795482478,"data_set_value_component_v7_variable_v7":0.608279517,"data_set_value_component_v8_variable_v8":0.0000000027,"data_set_value_component_v9_variable_v9":0.0,"data_set_value_component_v10_variable_v10":7.307296923e-18,"data_set_value_component_v11_variable_v11":2.701678341e-22,"data_set_value_component_v12_variable_v12":9.212588329e-27,"data_set_value_component_v13_variable_v13":2.552442035e-31,"data_set_value_component_v14_variable_v14":4.684562733e-36,"data_set_value_component_v15_variable_v15":5.378788613e-41,"data_set_value_component_v16_variable_v16":2.668796255e-45,"data_set_value_component_v17_variable_v17":3.428938832e-40,"data_set_value_component_v18_variable_v18":2.986374856e-35,"data_set_value_component_v19_variable_v19":1.627163333e-30,"data_set_value_component_v20_variable_v20":5.872958419e-26,"data_set_value_component_v21_variable_v21":1.722300399e-21,"data_set_value_component_v22_variable_v22":4.65834893e-17,"data_set_value_component_v23_variable_v23":0.0,"data_set_value_component_v24_variable_v24":2.936479209e-26,"data_set_value_component_v25_variable_v25":8.135816667e-31,"data_set_value_component_v26_variable_v26":1.493187428e-35,"data_set_value_component_v27_variable_v27":1.714469416e-40,"data_set_value_component_v28_variable_v28":1.334398128e-45,"data_set_value_component_v29_variable_v29":6.896490548e-30,"data_set_value_component_v30_variable_v30":1.970332507e-34,"data_set_value_component_v31_variable_v31":3.667326375e-39,"data_set_value_component_v32_variable_v32":4.236393187e-44,"data_set_value_component_v33_variable_v33":3.306040309e-49,"data_set_value_component_v34_variable_v34":0.0,"data_set_value_component_v35_variable_v35":0.0,"data_set_value_component_v36_variable_v36":0.0,"data_set_value_component_v37_variable_v37":0.0,"data_set_value_component_v38_variable_v38":0.0,"data_set_value_component_v39_variable_v39":-0.0,"data_set_value_component_v40_variable_v40":-2.478167133e-21,"data_set_value_component_v41_variable_v41":-2.710631436e-18,"data_set_value_component_v42_variable_v42":-1.164587232e-22,"data_set_value_component_v43_variable_v43":-4.305750998e-27,"data_set_value_component_v44_variable_v44":-1.468239605e-31,"data_set_value_component_v45_variable_v45":-4.067908334e-36,"data_set_value_component_v46_variable_v46":-7.465937139e-41,"data_set_value_component_v47_variable_v47":-8.57234708e-46,"data_set_value_component_v48_variable_v48":-6.671990638e-51,"data_set_value_component_v49_variable_v49":5.416646916e-20,"data_set_value_component_v50_variable_v50":2.327191278e-24,"data_set_value_component_v51_variable_v51":8.604169692e-29,"data_set_value_component_v52_variable_v52":2.93397893e-33,"data_set_value_component_v53_variable_v53":8.128889387e-38,"data_set_value_component_v54_variable_v54":1.491916046e-42,"data_set_value_component_v55_variable_v55":1.713009623e-47,"data_set_value_component_v56_variable_v56":1.333261948e-52,"data_set_value_component_v57_variable_v57":-1.344624435e-28,"data_set_value_component_v58_variable_v58":-5.777002463e-33,"data_set_value_component_v59_variable_v59":-2.135892738e-37,"data_set_value_component_v60_variable_v60":-7.283287654e-42,"data_set_value_component_v61_variable_v61":-2.017909505e-46,"data_set_value_component_v62_variable_v62":-3.703521388e-51,"data_set_value_component_v63_variable_v63":-4.252362452e-56,"data_set_value_component_v64_variable_v64":-3.309679625e-61,"data_set_value_component_v65_variable_v65":1.262706706e-31,"data_set_value_component_v66_variable_v66":4.668521608e-36,"data_set_value_component_v67_variable_v67":1.591942572e-40,"data_set_value_component_v68_variable_v68":4.410640086e-45,"data_set_value_component_v69_variable_v69":8.094961569e-50,"data_set_value_component_v70_variable_v70":9.294589397e-55,"data_set_value_component_v71_variable_v71":7.234123031e-60,"data_set_value_component_v72_variable_v72":2.005769056e-40,"data_set_value_component_v73_variable_v73":6.839572391e-45,"data_set_value_component_v74_variable_v74":1.894973643e-49,"data_set_value_component_v75_variable_v75":3.477894028e-54,"data_set_value_component_v76_variable_v76":3.993298385e-59,"data_set_value_component_v77_variable_v77":3.108046045e-64,"data_set_value_component_v78_variable_v78":2.528749658e-49,"data_set_value_component_v79_variable_v79":7.006160148e-54,"data_set_value_component_v80_variable_v80":1.285858652e-58,"data_set_value_component_v81_variable_v81":1.47641568e-63,"data_set_value_component_v82_variable_v82":1.149117214e-68,"data_set_value_component_v83_variable_v83":2.38906565e-58,"data_set_value_component_v84_variable_v84":4.384713838e-63,"data_set_value_component_v85_variable_v85":5.034503795e-68,"data_set_value_component_v86_variable_v86":3.918432359e-73,"data_set_value_component_v87_variable_v87":1.214829916e-67,"data_set_value_component_v88_variable_v88":1.394860885e-72,"data_set_value_component_v89_variable_v89":1.085641853e-77,"data_set_value_component_v90_variable_v90":2.560024177e-77,"data_set_value_component_v91_variable_v91":1.992506508e-82,"data_set_value_component_v92_variable_v92":2.287784779e-87,"data_set_value_component_v93_variable_v93":-0.0,"data_set_value_component_v94_variable_v94":-0.0,"data_set_value_component_kinetic_parameters_variable_k1":0.01,"data_set_value_component_kinetic_parameters_variable_k2":0.000002,"data_set_value_component_kinetic_parameters_variable_k3":0.000004,"data_set_value_component_kinetic_parameters_variable_k61":0.000017,"data_set_value_component_kinetic_parameters_variable_k61r":0.0002,"data_set_value_component_kinetic_parameters_variable_k62":0.0002,"data_set_value_component_kinetic_parameters_variable_k63":0.001,"data_set_value_component_kinetic_parameters_variable_k64":0.001,"data_set_value_component_kinetic_parameters_variable_k65":0.001,"data_set_value_component_kinetic_parameters_variable_k66":0.00001,"data_set_value_component_kinetic_parameters_variable_k67":0.00001,"data_set_value_component_kinetic_parameters_variable_k68":0.00001,"data_set_value_component_kinetic_parameters_variable_k69":0.0,"data_set_value_component_kinetic_parameters_variable_k71":0.00000001,"data_set_value_component_kinetic_parameters_variable_k72":0.00000001,"data_set_value_component_kinetic_parameters_variable_k73":0.001,"data_set_value_component_kinetic_parameters_variable_k74":0.00001}]