Total_Cytosolic_WTASYN_Dimer_3_task1,Total_Cytosolic_WTASYN_Oligomers_4_task1,_1_task1,s33_1_task1,s51_2_task1
22.0,112.0,0.0,0.0,200.0
22.696409818451095,96.95518515171037,600.0,0.20097254278115817,166.79620548137788
23.306297147296938,89.33523934861493,1200.0,0.3358999763019676,159.9435831747854
23.81794239916785,85.23732339486546,1800.0,0.43868165495813455,156.11240369463246
24.242415589403528,82.98230094785673,2400.0,0.5237530092071581,153.86248650834514
24.593275886047586,81.72322460840527,3000.0,0.5982541205101816,152.46112844495252
24.883991859759035,81.01500657300998,3600.0,0.6658525308361587,151.52044272715247
25.126828400773174,80.61803158241557,4200.0,0.7284994547058558,150.8304638169544
25.332450562771168,80.4013589897548,4800.0,0.7872783431113975,150.27605138076794
25.509872251596356,80.2926848702044,5400.0,0.8428264174887509,149.79358586255714
25.666564496191036,80.25172885373992,6000.0,0.8955476732132914,149.34776528739715
25.808628166578636,80.25584139797681,6600.0,0.9457217018770754,148.91897172476246
25.940982666913527,80.29213411289992,7200.0,0.9935598162885716,148.4963206099788
26.067547259330333,80.35314772851714,7800.0,1.039234216502847,148.07381307613753
26.191404733268026,80.43445997875466,8400.0,1.0828932664262982,147.6481997969103
26.314944271377605,80.53335476585909,9000.0,1.124669620213611,147.21778640096733
26.439983614543912,80.64808258387937,9600.0,1.1646846019047326,146.78176566109525
26.567872254819292,80.77744557534326,10200.0,1.203050651679879,146.33984017582335
26.699577965043947,80.92056472053625,10800.0,1.2398727455533949,145.89200856561595
26.83575892277173,81.07674768066144,11400.0,1.275249282439462,145.43844234587678
26.97682369372603,81.24541390807491,12000.0,1.3092726798174419,144.97941453263564
27.122980922307562,81.42605173648641,12600.0,1.3420298148079544,144.51525739354128
27.274280515298944,81.61819308086461,13200.0,1.373602382914087,144.0463364570868
27.430647586257738,81.82139900187966,13800.0,1.4040672047557852,143.57303439835664
27.59191046712734,82.035251038735,14400.0,1.4334965033931417,143.09574065799376
27.757823755083905,82.25934596664973,15000.0,1.4619581620742788,142.61484440505515
27.928087206122058,82.49329270570853,15600.0,1.4895159665307074,142.13072975124962
28.10236119890634,82.73671038558362,16200.0,1.5162298353263903,141.64377237012994
28.28027930730338,82.98922721397149,16800.0,1.5421560389406987,141.15433710070158
28.46145853180068,83.25047973580406,17400.0,1.567347409037733,140.66277620843096
28.64550752105322,83.52011242644227,18000.0,1.5918535375904028,140.169428194344
28.832033161728532,83.79777744019009,18600.0,1.6157209665415668,139.67461698523437
29.020645803348387,84.083134469676,19200.0,1.638993368061445,139.17865142928187
29.210963355838427,84.37585067014717,19800.0,1.6617117156375028,138.6818250358829
29.402614452701147,84.67560062161658,20400.0,1.6839144462056317,138.18441591480445
29.595240862785303,84.98206631026422,21000.0,1.7056376137956855,137.68668685598604
29.788499216691534,85.29493712252734,21600.0,1.7269150341455524,137.1888855650887
29.982062279203767,85.61390982957808,22200.0,1.747778421958129,136.69124496357452
30.17561974885854,85.93868857491783,22800.0,1.768257519749442,136.19398358934563
30.36887874722867,86.26898484935472,23400.0,1.7883802196953555,135.69730604270754
30.561564003341754,86.60451745928904,24000.0,1.8081726779374285,135.20140348571806
30.75341782442927,86.94501248119721,24600.0,1.8276594221487115,134.70645416743656
30.9441998954656,87.29020320719151,25200.0,1.8468634528275674,134.21262396961052
31.13368693629706,87.63983007974026,25800.0,1.8658063380504915,133.7200669641298
31.321672245548775,87.9936406157482,26400.0,1.8845083035855335,133.22892597949385
31.5079651777368,88.351389322935,27000.0,1.9029883148728464,132.73933315424594
31.692390543184217,88.71283760552811,27600.0,1.921264157595213,132.25141049800177
31.874787980564868,89.07775366419943,28200.0,1.9393525094972623,131.76527043387085
32.055011295603144,89.44591238888309,28800.0,1.9572690108030133,131.28101632642426
32.23292779306435,89.81709524655483,29400.0,1.9750283275223732,130.79874299449708
32.40841758492228,90.191090161604,30000.0,1.9926442134870628,130.31853721697652
32.58137291338313,90.56769139450098,30600.0,2.0101295667721564,129.84047820736404
32.75169750873104,90.94669942118796,31200.0,2.0274964808208993,129.36463806113926
32.919305889719595,91.32792079741795,31800.0,2.044756297653531,128.89108221510733
33.08412275781177,91.71116803611183,32400.0,2.061919651847543,128.41986984926862
33.24608236061002,92.09625947296702,33000.0,2.0789965154637433,127.9510542926648
33.40512790207193,92.48301913607207,33600.0,2.095996238364083,127.4846833989822
33.56121092963192,92.87127660715512,34200.0,2.1129275891625876,127.02079991739616
33.71429087138245,93.26086690787562,34800.0,2.129798784634875,126.55944179790352
33.86433441290926,93.65163034657802,35400.0,2.146617530496187,126.1006425447079
34.01131502947591,94.04341239309969,36000.0,2.16339105059292,125.64443153953388
34.15521257212908,94.4360635780676,36600.0,2.180126110140885,125.19083418891574
34.29601270801726,94.82943931548111,37200.0,2.196829053605632,124.73987239454051
34.43370654941939,95.22339980606658,37800.0,2.2135058247585,124.29156468225631
34.56829024754168,95.61780991338443,38400.0,2.23016199119742,123.84592648215308
34.699764601413804,96.01253903509756,39000.0,2.246802767474935,123.4029702613206
34.82813466621629,96.4074609492056,39600.0,2.2634330389295756,122.9627058677383
34.953409485168955,96.80245377053974,40200.0,2.2800573759029,122.52514062689603
35.07560170521346,97.19739976681953,40800.0,2.2966800574513115,122.09027956448601
35.19472730502355,97.59218528002319,41400.0,2.3133050864181572,121.65812556456731
35.310805300341855,97.98670059110216,42000.0,2.329936207087283,121.22867953451451
35.42385748358529,98.38083982618832,42600.0,2.346576919891395,120.8019405536821
35.53390818338621,98.77450084800967,43200.0,2.3632304955274743,120.37790600612621
35.640984016641525,99.1675851398087,43800.0,2.379899989530241,119.95657172136913
35.7451136760034,99.55999771221028,44400.0,2.3965882544508497,119.53793209133596
35.84632774978002,99.95164701051202,45000.0,2.4132979505486576,119.12198017318975
35.94465848569309,100.34244479484519,45600.0,2.430031559686564,118.70870781992573
36.04013965091218,100.73230606385525,46200.0,2.4467913936039034,118.29810575501723
36.1328063666877,101.12114896181663,46800.0,2.4635796037920517,117.89016367022376
36.222694928139674,101.50889467423428,47400.0,2.4803981923273453,117.48487032338618
36.30984268392413,101.8954673517545,48000.0,2.4972490191760257,117.08221360268008
36.3942879049886,102.28079402663562,48600.0,2.5141338102255433,116.68218060499235
36.47606963340877,102.6648045112192,49200.0,2.5310541666413737,116.28475771642454
36.55522760910786,103.04743134547238,49800.0,2.548011569460097,115.88993065440197
36.63180212209975,103.428609687447,50400.0,2.5650073889692973,115.49768455243557
36.70583393003963,103.80827724924758,51000.0,2.5820428899375547,115.1080040012058
36.777364189142475,104.18637423755368,51600.0,2.599119236370081,114.72087309607649
36.84643433025975,104.56284325309423,52200.0,2.6162374994048436,114.3362754997238
36.9130860045271,104.9376292363126,52800.0,2.633398661207852,113.9541944767228
36.97736101271449,105.31067940096632,53400.0,2.650603619804535,113.57461293509088
37.03930122026776,105.68194315106024,54000.0,2.667853194969658,113.19751347251434
37.09894851816864,106.05137203624318,54600.0,2.685148131131138,112.82287840205473
37.156344750825504,106.41891967267665,55200.0,2.7024891026278275,112.45068979315565
37.211531666436976,106.7845416837919,55800.0,2.7198767174533676,112.08092950153892
37.264550878869514,107.14819565046321,56400.0,2.7373115202528573,111.71357919186666
37.31544381471478,107.50984104282136,57000.0,2.754793996484034,111.34862037171742
37.364251677970095,107.8694391688997,57600.0,2.7723245753462553,110.98603441125368
37.41101541062492,108.22695311490011,58200.0,2.789903633127802,110.62580256935001
37.45577566345336,108.5823476973344,58800.0,2.8075314957964888,110.26790601215966
37.49857276341382,108.93558940722535,59400.0,2.825208441960849,109.91232583434439
37.53944668856419,109.28664636277206,60000.0,2.842934705282402,109.55904307601944
37.57843704160384,109.63548825671349,60600.0,2.8607104771020104,109.2080387407912
37.615583029567254,109.98208631150077,61200.0,2.8785359085900546,108.85929381018342
37.65092344578677,110.32641323735575,61800.0,2.896411112724182,108.51278925707899
37.684496646989686,110.66844317472814,62400.0,2.9143361669326353,108.16850606240864
37.716340542135285,111.00815165960071,63000.0,2.932311114584223,107.8264252244278
37.74649257862199,111.34551558157652,63600.0,2.950335966806331,107.48652777028146
37.7749897313234,111.68051314687703,64200.0,2.968410704034647,107.14879476414275
37.80186849016583,112.0131238315963,64800.0,2.986535277957458,106.81320732296378
37.82716485054283,112.34332834096978,65400.0,3.0047096131221,106.47974661913582
37.850914306659774,112.67110857370497,66000.0,3.0229336082963445,106.1483938917673
37.87315184593417,112.99644758688083,66600.0,3.0412071377771714,105.81913045406402
37.89391194398533,113.3193295604735,67200.0,3.059530052688347,105.49193769875733
37.91322856048928,113.63973976233771,67800.0,3.0779021822328114,105.16679710447443
37.93113513611681,113.95766451432779,68400.0,3.0963233348719053,104.84369024193663
37.94766459051128,114.2730911596389,69000.0,3.114793299430456,104.52259877909142
37.96284932115284,114.58600803117419,69600.0,3.133311846139142,104.2035044856421
37.97672120298724,114.89640442078496,70200.0,3.151878727623361,103.88638923732152
37.989311588754894,115.20427054934135,70800.0,3.170493679842466,103.5712350198172
38.00065130997744,115.50959753764005,71400.0,3.1891564229808327,103.25802393228042
38.0107706785563,115.81237737814648,72000.0,3.207866662292538,102.94673819047647
38.01969948893087,116.11260290754997,72600.0,3.226624088902186,102.63736012962401
38.02746702074525,116.41026778010244,73200.0,3.245428380564662,102.32987220693856
38.034102041977214,116.70536644171389,73800.0,3.264279202386306,102.02425700389594
38.03963281248804,116.9978941047835,74400.0,3.283176207509708,101.72049722823901
38.0440870879137,117.28784672372487,75000.0,3.3021190377628886,101.41857571541458
38.04749212403403,117.5752209712542,75600.0,3.3211073242797853,101.1184754313266
38.049874681336455,117.8600142152874,76200.0,3.340140688086791,100.82017947227058
38.05126102985701,118.14222449650302,76800.0,3.359218740660169,100.52367106635295
38.0516769543016,118.42185050655237,77400.0,3.3783410844568715,100.22893357494729
38.05114775940585,118.69889156689007,78000.0,3.3975073134199016,99.93595049337235
38.04969827549198,118.97334760820462,78600.0,3.416717013459209,99.64470545139191
38.04735286419555,119.24521915043339,79200.0,3.4359697629093557,99.35518221377075
38.044135424343764,119.51450728334352,79800.0,3.4552651329652924,99.06736468070032
38.04006939796821,119.78121364766321,80400.0,3.4746026880975167,98.7812368880462
38.035177776433926,120.0453404167485,81000.0,3.4939819864477366,98.49678300748705
38.02948310666664,120.30689027877082,81600.0,3.513402580206083,98.21398734656708
38.02300749746147,120.56586641940953,82200.0,3.532864015970841,97.93283434865032
38.01577262585822,120.82227250503566,82800.0,3.5523658350916367,97.65330859278184
38.00779974356928,121.07611266637232,83400.0,3.5719075739969512,97.3753947934682
37.99910968344785,121.32739148261908,84000.0,3.5914887645067988,97.09907780038421
37.98972286598435,121.57611396602618,84600.0,3.611108934131346,96.8243425980098
37.97965930582039,121.82228554690701,85200.0,3.630767606356202,96.5511743052028
37.9689386182701,122.06591205907534,85800.0,3.6504643009150834,96.27955817471306
37.95758002583969,122.30699972569637,86400.0,3.670198534050489,96.00947959264282
37.945602364736736,122.545555145539,87000.0,3.689969818763016,95.74092407785764
37.93302409136149,122.78158527961878,87600.0,3.709777665049891,95.47387728135196
37.91986328877307,123.01509743822001,88200.0,3.7296215801332595,95.20832498557317
37.90613767312397,123.2460992682869,88800.0,3.7495010686787578,94.94425310370801
37.89186460005704,123.47459874117267,89400.0,3.769415633004851,94.68164767893431
37.8770610710595,123.70060414073745,90000.0,3.7893647732833933,94.42049488364157
37.861743739769054,123.92412405178464,90600.0,3.8093479877318512,94.16078101862291
37.8459289182277,124.1451673488263,91200.0,3.829364772797594,93.90249251224142
37.829632583079174,124.36374318516862,91800.0,3.849414623334636,93.64561591957326
37.812870381706404,124.5798609823087,92400.0,3.869497032773206,93.3901379215298
37.79565763830578,124.79353041963319,93000.0,3.889611493282475,93.13604532396123
37.77800935989522,125.00476142441144,93600.0,3.909757495926776,92.88332505674339
37.75994024225369,125.2135641620741,94200.0,3.9299345308156224,92.63196417284993
37.74146467578955,125.41994902677001,94800.0,3.9501420872478135,92.38194984741138
37.72259675133605,125.62392663219285,95400.0,3.9703796538499008,92.1332693767629
37.703350265872025,125.82550780267088,96000.0,3.990646718709279,91.8859101774822
37.68373872816642,126.02470356451191,96600.0,4.010942769502145,91.63985978541899
37.6637753643452,126.22152513759679,97200.0,4.031267293616547,91.39510585471733
37.64347312337982,126.41598392721451,97800.0,4.0516197782707675,91.15163615683204
37.622844682496066,126.60809151613206,98400.0,4.071999710627216,90.9094385795404
37.60190245250284,126.79785965689277,99000.0,4.092406577902051,90.66850112595012
37.58065858304018,126.9853002643369,99600.0,4.112839867470713,90.42881191350446
37.55912496774613,127.17042540833823,100200.0,4.133299066969531,90.19035917298574
37.53731324934235,127.35324730675069,100800.0,4.153783664393584,89.95313124751758
37.51523482463809,127.53377831855965,101400.0,4.174293148190969,89.71711659156713
37.49290084945286,127.71203093723148,102000.0,4.1948270073536245,89.48230376994773
37.470322243457495,127.8880177842571,102600.0,4.215384731504847,89.24868145682267
37.44750969493421,128.06175160288296,103200.0,4.235965810983646,89.01623843471079
37.42447366545567,128.2332452520255,103800.0,4.256569736926044,88.78496359349442
37.40122439448356,128.40251170036305,104400.0,4.277196001343468,88.55484592943024
37.37777190388707,128.5695640206012,105000.0,4.297844097198322,88.32587454416336
37.35412600238193,128.7344153839064,105600.0,4.318513518476861,88.09803864374531
37.33029628989036,128.89707905450322,106200.0,4.33920376025947,87.8713275376563
37.30629216182284,129.05756838443128,106800.0,4.359914318788437,87.64573063783182
37.28212281328214,129.2158968084569,107400.0,4.380644691533322,87.4212374576945
37.25779724319065,129.37207783913573,108000.0,4.401394377253998,87.197837611191
37.23332425834142,129.52612506202192,108600.0,4.422162876061458,86.97552081183449
37.208712477374114,129.67805213102042,109200.0,4.442949689476468,86.75427687175299
37.1839703346765,129.82787276387768,109800.0,4.463754320486121,86.53409570074375
37.1591060842124,129.9756007378079,110400.0,4.48457627359839,86.31496730533384
37.1341278032784,130.12124988524488,111000.0,4.505415054894681,86.09688178783676
37.109043396184795,130.2648340897397,111600.0,4.526270172080663,85.87982934546355
37.083860597869254,130.4063672819666,112200.0,4.547141134535143,85.66380026936123
37.058586977441,130.5458634358499,112800.0,4.568027453357176,85.44878494370758
37.033229941655485,130.68333656481258,113400.0,4.588928641411491,85.23477384481991
37.007796738320806,130.8188007181412,114000.0,4.609844213372292,85.02175754025347
36.982294459637494,130.95226997746158,114600.0,4.630773685765439,84.80972668790625
36.95673004547268,131.0837584533231,115200.0,4.651716577009083,84.59867203513667
36.93111028656961,131.21328028188756,115800.0,4.672672407452788,84.38858441788885
36.905441827693465,131.34084962172133,116400.0,4.693640699415185,84.17945475982361
36.879731170714464,131.46648065068757,117000.0,4.714620977220203,83.97127407145743
36.853984677629356,131.59018756293582,117600.0,4.735612767231924,83.76403344930942
36.82820857352217,131.71198456598648,118200.0,4.756615597888089,83.557724075056
36.802408949465516,131.8318858779073,118800.0,4.7776289997323005,83.35233721469315
36.776591765363165,131.94990572457957,119400.0,4.798652505444943,83.14786421770634
36.750762852735136,132.06605833705186,120000.0,4.819685649872875,82.94429651624841
36.7249279174462,132.18035794897847,120600.0,4.840727970057903,82.74162562432515
36.699092542378764,132.29281879414063,121200.0,4.8617790052640855,82.5398431369887
36.6732621900513,132.40345510404825,121800.0,4.882838297003887,82.33894072953865
36.64744220518303,132.51228110562008,122400.0,4.903905389063212,82.13891015673104
36.62163781720618,132.6193110189397,123000.0,4.924979827525345,81.93974325199501
36.59585414272643,132.72455905508608,123600.0,4.946061160793826,81.74143192665731
36.57009618793281,132.82803941403603,124200.0,4.967148939614283,81.54396816917442
36.54436885095779,132.92976628263725,124800.0,4.98824271709525,81.3473440443725
36.51867692418857,133.02975383264916,125400.0,5.009342048727984,81.15155169269498
36.49302509653056,133.1280162188508,126000.0,5.0304464924053125,80.9565833294577
36.46741795562384,133.22456757721324,126600.0,5.051555608439536,80.76243124411187
36.44185999001362,133.31942202313488,127200.0,5.072668959579389,80.56908779951439
36.41635559127547,133.4125936497383,127800.0,5.0937861110260965,80.37654543120588
36.390909056096305,133.50409652622645,128400.0,5.1149066304485435,80.18479664669611
36.365524588311985,133.59394469629726,129000.0,5.136030087997561,79.99383402475694
36.340206300902274,133.68215217661444,129600.0,5.157156056319367,79.80365021472261
36.3149582179441,133.7687329553333,130200.0,5.178284110568162,79.61423793579749
36.28978427652397,133.85370099068038,130800.0,5.199413828417916,79.42558997637106
36.26468832861019,133.93707020958462,131400.0,5.220544790073337,79.23769919334015
36.23967414288593,134.0188545063595,132000.0,5.241676578280058,79.05055851143847
36.21474540654366,134.09906774143454,132600.0,5.262808778334054,78.86416092257323
36.189905727042,134.17772374013435,133200.0,5.283940978090296,78.67849948516889
36.16515863382551,134.25483629150503,133800.0,5.305072767970665,78.4935673235179
36.140507580008304,134.330419147185,134400.0,5.326203740971129,78.30935762713855
36.11595594402222,134.40448602032097,135000.0,5.347333492668216,78.12586365013969
36.09150703123021,134.47705058452638,135600.0,5.3684616212247755,77.94307871059226
36.067164075505715,134.5481264728816,136200.0,5.389587727395053,77.76099618990776
36.04293024077868,134.61772727697505,136800.0,5.410711414529091,77.57960953222339
36.018808622548946,134.68586654598363,137400.0,5.431832288576463,77.39891224379396
35.9948022493676,134.7525577857921,138000.0,5.452949958089355,77.21889789239036
35.97091408428711,134.8178144581493,138600.0,5.474064034225007,77.03956010670471
35.94714702628068,134.8816499798612,139200.0,5.495174130747531,76.8608925757619
35.923503911631634,134.94407772201941,139800.0,5.516279864029103,76.68288904833769
35.89998751529338,135.00511100926383,140400.0,5.537380853050561,76.50554333238321
35.87660055222059,135.06476311907917,141000.0,5.558476719401391,76.32884929445574
35.85334567867207,135.1230472811238,141600.0,5.57956708727915,76.15280085915576
35.83022549348624,135.17997667659063,142200.0,5.600651583488298,75.97739200857028
35.80724253932935,135.2355644375984,142800.0,5.621729837438473,75.80261678172228
35.78439930391738,135.28982364661329,143400.0,5.642801481142219,75.6284692740262
35.76169822121198,135.34276733589965,144000.0,5.663866149212156,75.45494363674959
35.739141672591,135.39440848699888,144600.0,5.684923478857633,75.28203407648056
35.7167319879943,135.44476003023613,145200.0,5.705973109880847,75.10973485460127
35.6944714470451,135.49383484425346,145800.0,5.727014684672454,74.93804028676722
35.67236228014769,135.5416457555697,146400.0,5.748047848206671,74.76694474239231
35.650406669562265,135.58820553816383,147000.0,5.769072248035877,74.5964426441398
35.628606750455255,135.63352691308665,147600.0,5.790087534284754,74.42652846741804
35.60696461192885,135.67762254809332,148200.0,5.811093359643928,74.25719673988367
35.58548229802878,135.7205050572993,148800.0,5.832089379363142,74.08844204094889
35.564161808730304,135.76218700085948,149400.0,5.853075251243976,73.92025900129411
35.54300510090316,135.80268088466923,150000.0,5.874050635632119,73.75264230238665
35.52201408925591,135.84199916008754,150600.0,5.895015195409191,73.58558667600481
35.501190647260415,135.8801542236799,151200.0,5.915968595984145,73.41908690376712
35.48053660805663,135.9171584169817,151800.0,5.936910505284236,73.2531378166667
35.46005376533824,135.95302402628104,152400.0,5.957840593745574,73.08773429461095
35.43974387421939,135.98776328242096,153000.0,5.978758534303271,72.92287126596638
35.41960865208307,136.02138836061937,153600.0,5.999664002381192,72.75854370710849
35.39964977941142,136.05391138030785,154200.0,6.020556675881308,72.59474664197667
35.37986890059841,136.0853444049871,154800.0,6.041436235172671,72.4314751416341
35.36026762474526,136.1156994420996,155400.0,6.062302363080012,72.26872432383252
35.34084752643898,136.14498844291876,156000.0,6.083154744871976,72.10648935258192
35.32161014651426,136.17322330245372,156600.0,6.103993068248991,71.94476543772495
35.30255699279931,136.2004158593699,157200.0,6.124817023330793,71.78354783451618
35.283689540845764,136.2265778959245,157800.0,6.1456263026436,71.62283184320594
35.26500923464306,136.25172113791623,158400.0,6.166420601106962,71.46261280862892
35.246517487317696,136.27585725464968,159000.0,6.187199616020273,71.30288611979721
35.22821568181756,136.29899785891297,159600.0,6.207963047048967,71.14364720949806
35.21010517158176,136.32115450696898,160200.0,6.2287105962104015,70.98489155389593
35.192187281196176,136.3423386985591,160800.0,6.249441967859438,70.82661467213919
35.17446330703511,136.36256187692007,161400.0,6.270156868673723,70.66881212597093
35.15693451788928,136.38183542881214,162000.0,6.290855007638679,70.51147951934435
35.13960215558043,136.40017068455978,162600.0,6.3115360960322135,70.35461249804226
35.1224674355629,136.41757891810317,163200.0,6.332199847409161,70.1982067493009
35.105531547512456,136.4340713470609,163800.0,6.352845977585442,70.04225800143787
35.08879565590246,136.44965913280356,164400.0,6.37347420462198,69.8867620234843
35.072260900567926,136.4643533805374,165000.0,6.39408424880835,69.7317146248209
35.05592839725747,136.47816513939807,165600.0,6.4146758326461955,69.57711165481831
35.0397992381736,136.4911054025541,166200.0,6.4352486808323945,69.42294900248119
35.02387449250144,136.5031851073197,166800.0,6.455802520242007,69.26922259609637
35.008155206926254,136.51441513527686,167400.0,6.476337079910991,69.1159284028849
34.99264240613991,136.52480631240596,168000.0,6.496852091018702,68.96306242865786
34.9773370933366,136.5343694092248,168600.0,6.51734728687019,68.81062071747608
34.96224025069799,136.54311514093652,169200.0,6.5378224028782865,68.65859935131351
34.947352839868024,136.55105416758437,169800.0,6.558277176545501,68.50699444972432
34.93267580241763,136.55819709421533,170400.0,6.578711347445729,68.35580216951371
34.918210060299515,136.56455447105014,171000.0,6.5991246572057785,68.20501870441232
34.90395651629329,136.57013679366128,171600.0,6.61951684948672,68.05464028475417
34.889916054441066,136.57495450315727,172200.0,6.6398876699650735,67.90466317715817
34.87608954047379,136.57901798637403,172800.0,6.660236866313834,67.7550836842131
34.8624778222285,136.58233757607243,173400.0,6.680564188183342,67.60589814416612
34.84908173005661,136.5849235511424,174000.0,6.70086938718201,67.45710293061447
34.83590207722359,136.58678613681258,174600.0,6.721152216856907,67.30869445220081
34.822939660299994,136.58793550486592,175200.0,6.741412432674212,67.16066915231166
34.810195259544244,136.58838177386124,175800.0,6.761649791999545,67.01302350877921
34.79766963927714,136.58813500935932,176400.0,6.781864054078171,66.86575403358644
34.78536354824841,136.58720522415493,177000.0,6.802054980015095,66.71885727257526
34.77327771999547,136.58560237851333,177600.0,6.822222332755055,66.57232980515796
34.76141287319438,136.5833363804118,178200.0,6.842365877062409,66.42616824403176
34.74976971200343,136.5804170857856,178800.0,6.862485379500942,66.28036923489634
34.73834892639924,136.57685429877836,179400.0,6.882580608413568,66.13492945617459
34.72715119250578,136.57265777199663,180000.0,6.90265133390197,65.98984561873623
34.716177172916225,136.56783720676881,180600.0,6.92269732780616,65.84511446562443
34.705427517007976,136.56240225340744,181200.0,6.942718363683974,65.7007327717854
34.694902861250874,136.55636251147547,181800.0,6.962714216790506,65.55669734380082
34.68460382950885,136.5497275300564,182400.0,6.982684664057492,65.4130050196232
34.67453103333517,136.54250680802713,183000.0,7.002629484072652,65.26965266831454
34.66468507226092,136.53470979433456,183600.0,7.0225484570589725,65.12663718978555
34.65506653407767,136.52634588827527,184200.0,7.04244136485397,64.9839555145411
34.64567599511403,136.517424439778,184800.0,7.062307990888934,64.84160460342635
34.636514020506226,136.5079547496891,185400.0,7.082148120168135,64.69958144737548
34.6275811644627,136.4979460700605,186000.0,7.101961539248026,64.5578830671634
34.618877970523094,136.48740760444008,186600.0,7.121748036216433,64.41650651316033
34.61040497181156,136.47634850816513,187200.0,7.141507400671742,64.27544886508869
34.60216269128471,136.4647778886574,187800.0,7.1612394237020895,64.13470723178263
34.594151641974065,136.45270480572057,188400.0,7.180943897864567,63.99427875094999
34.586372327223366,136.44013827183983,189000.0,7.200620617164439,63.85416058893695
34.57882524092063,136.4270872524835,189600.0,7.220269377034385,63.71434994049494
34.57151086772525,136.41356066640608,190200.0,7.239889974313768,63.574844028550075
34.564429683290086,136.39956738595336,190800.0,7.259482207227943,63.43564010397498
34.55758215447875,136.38511623736926,191400.0,7.279045875367598,63.29673544536295
34.55096873957819,136.37021600110359,192000.0,7.298580779668151,63.15812735880448
34.544589888506515,136.3548754121217,192600.0,7.318086722389191,63.019813177666094
34.53844604301643,136.33910316021547,193200.0,7.337563507093987,62.88179026237144
34.53253763689409,136.32290789031515,193800.0,7.357010938629051,62.74405600018464
34.52686509615366,136.30629820280248,194400.0,7.376428823103782,62.60660780499591
34.52142883922757,136.28928265382498,195000.0,7.395816967870182,62.46944311710926
34.516229277152625,136.27186975561088,195600.0,7.415175181502652,62.33255940303247
34.51126681375196,136.2540679767851,196200.0,7.434503273777877,62.195954155269185
34.50654184581302,136.235885742686,196800.0,7.453801055654812,62.05962489211305
34.50205476326159,136.2173314356826,197400.0,7.473068339254754,61.92356915744403
34.49780594933198,136.19841339549268,198000.0,7.492304937841532,61.787784520526685
34.493795780733436,136.1791399195011,198600.0,7.511510665801804,61.65226857581059
34.490024627812815,136.15951926307872,199200.0,7.530685338625466,61.51701894273265
34.48649285471368,136.13955963990188,199800.0,7.549828772886189,61.38203326552148
34.483200819531845,136.11926922227167,200400.0,7.568940786222078,61.247309213003696
34.48014887446741,136.09865614143405,201000.0,7.588021197316473,61.11284447841216
34.47733736597338,136.0777284878995,201600.0,7.60706982587888,60.97863677919611
34.474766634901016,136.05649431176332,202200.0,7.626086492626051,60.84468385683319
34.47243701664181,136.03496162302568,202800.0,7.64507101926321,60.71098347664336
34.47034884126636,136.01313839191153,203400.0,7.664023228465442,60.57753342760456
34.468502433659985,135.99103254919072,204000.0,7.682942943859229,60.444331522170295
34.46689811365539,135.96865198649772,204600.0,7.701829990004166,60.31137559608895
34.465536196162205,135.9460045566513,205200.0,7.720684192374837,60.17866350822485
34.46441699129364,135.9230980739738,205800.0,7.739505377342876,60.04619314038112
34.46354080449016,135.8999403146101,206400.0,7.7582933721592,59.91396239712423
34.46290793664045,135.8765390168465,207000.0,7.777048004936436,59.78196920561027
34.46251868419944,135.85290188142866,207600.0,7.795769104631539,59.65021151541286
34.46237333930373,135.82903657187956,208200.0,7.814456501028602,59.518687298352795
34.46247218988429,135.80495071481667,208800.0,7.833110024721871,59.38739454832922
34.462815519776484,135.78065190026857,209400.0,7.851729507098973,59.25633128115253
34.46340360882765,135.75614768199102,210000.0,7.87031478032434,59.12549553437879
34.46423673300204,135.73144557778264,210600.0,7.8888656773228645,58.994885367145805
34.46531516448337,135.70655306979899,211200.0,7.907382031763773,58.86449886001065
34.466639171774915,135.68147760486724,211800.0,7.9258636780447205,58.734334114788844
34.468209019797214,135.65622659479885,212400.0,7.944310451276123,58.60438925439495
34.47002496998351,135.63080741670223,213000.0,7.962722187265724,58.47466242268476
34.472087280372826,135.60522741329407,213600.0,7.9810987225034005,58.34515178429889
34.47439620570088,135.57949389321004,214200.0,7.999439894146214,58.215855524507894
34.47695199748877,135.5536141313144,214800.0,8.017745540003714,58.08677184905877
34.47975490412951,135.52759536900885,215400.0,8.036015498523499,57.95789898402295
34.48280517097244,135.50144481454006,216000.0,8.054249608777026,57.82923517564565
34.48610304040564,135.47516964330657,216600.0,8.072447710445697,57.700778690196664
34.48964875193619,135.44877699816425,217200.0,8.090609643807209,57.572527813822475
34.493442542268575,135.4222739897308,217800.0,8.108735249722173,57.44448085239976
34.49748464538106,135.3956676966894,218400.0,8.12682436962101,57.31663613139025
34.50177529260018,135.368965166091,219000.0,8.144876845491156,57.18899199569741
34.5063147126733,135.34217341365473,219600.0,8.162892519864492,57.061546809522405
34.511103131839384,135.3152994240683,220200.0,8.18087123580511,56.934298956224076
34.51614077389795,135.2883501512865,220800.0,8.198812836897376,56.8072468381791
34.52142786027629,135.2613325188289,221400.0,8.216717167234279,56.68038887664295
34.52696461009485,135.23425342007567,222000.0,8.234584071406085,56.55372351161249
34.532751240231036,135.20711971856247,222600.0,8.252413394489293,56.42724920168977
34.53878796538117,135.17993824827352,223200.0,8.270204982035912,56.30096442394701
34.54507499812097,135.15271581393424,223800.0,8.287958680063035,56.17486767379282
34.551612548964336,135.12545919130153,224400.0,8.305674335042752,56.04895746483964
34.55840082642055,135.09817512745352,225000.0,8.32335179389238,55.923232328772315
34.565440037049946,135.07087034107707,225600.0,8.340990903965013,55.79769081521785
34.572730385518035,135.04355152275446,226200.0,8.358591513040405,55.67233149161626
34.58027207464815,135.01622533524855,226800.0,8.376153469316199,55.54715294309263
34.58806530547259,134.98889841378605,227400.0,8.393676621399473,55.422153772330226
34.596110277282364,134.96157736633978,228000.0,8.411160818298649,55.29733259944479
34.604407187675456,134.93426877390917,228600.0,8.428605909415731,55.17268806185988
34.61295623260376,134.90697919079926,229200.0,8.446011744538904,55.04821881418327
34.62175760641858,134.87971514489828,229800.0,8.463378173835475,54.92392352808448
34.63081150191489,134.8524831379535,230400.0,8.480705047845182,54.799800892173316
34.64011811037412,134.82528964584571,231000.0,8.497992217473854,54.6758496118795
34.64967762160578,134.79814111886182,231600.0,8.515239533987435,54.55206840933329
34.65949022398775,134.77104398196636,232200.0,8.532446849006377,54.428456023247115
34.669556104505304,134.74400463507064,232800.0,8.549614014500397,54.305011208798305
34.67987544878895,134.71702945330117,233400.0,8.566740882783625,54.1817327375127
34.690448441151005,134.69012478726557,234000.0,8.583827306510097,54.05861939714933
34.70127526462103,134.66329696331746,234600.0,8.600873138669655,53.93566999158606
34.71235610098004,134.63655228381947,235200.0,8.617878232584221,53.81288334070616
34.723691130793625,134.60989702740443,235800.0,8.63484244190445,53.69025828028588
34.735280533443884,134.58333744923524,236400.0,8.651765620606774,53.56779366188294
34.74712448716028,134.5568797812626,237000.0,8.668647622990854,53.44548835272595
34.759223169049385,134.5305302324814,237600.0,8.685488303677397,53.323341235604794
34.77157675512357,134.50429498918538,238200.0,8.702287517606395,53.20135120876185
34.78418542032856,134.47818021521962,238800.0,8.719045120035751,53.079517185784226
34.79704933857009,134.45219205223196,239400.0,8.735760966540317,52.95783809549676
34.81016868273936,134.42633661992213,240000.0,8.752434913011328,52.83631288185602
34.823543624737624,134.40062001628965,240600.0,8.769066815656254,52.7149405038451
34.837174335499704,134.37504831787916,241200.0,8.785656530999054,52.593719935369315
34.85106098501654,134.34962758002519,241800.0,8.802203915880852,52.472650165152764
34.865203742356776,134.3243638370938,242400.0,8.818708827461025,52.35173019663571
34.87960277568742,134.29926310272361,243000.0,8.835171123218704,52.230959047872794
34.89425825229353,134.27433137006426,243600.0,8.851590660954706,52.11033575143214
34.909170338597,134.24957461201356,244200.0,8.867967298793888,51.989859354295184
34.9243392001744,134.22499878145243,244800.0,8.884300895187918,51.86952891775741
34.93976500177399,134.20060981147847,245400.0,8.900591308918482,51.74934351732981
34.955447907331795,134.1764136156374,246000.0,8.916838399100918,51.629302242641224
34.971388079986795,134.15241608815273,246600.0,8.933042025188284,51.50940419734136
34.98758568209529,134.12862310415377,247200.0,8.94920204697586,51.3896484990047
35.00404087524444,134.10504051990168,247800.0,8.96531832460608,51.27003427903511
35.02075382026488,134.0816741730135,248400.0,8.981390718573918,51.15056068257122
35.0377246772426,134.05852988268495,249000.0,8.997419089732695,51.0312268683926
35.05495360552995,134.03561344991058,249600.0,9.013403299300343,50.912032008826635
35.07244076375588,134.01293065770275,250200.0,9.029343208866107,50.79297528965618
35.090186309835346,133.99048727130833,250800.0,9.045238680397693,50.67405591002787
35.10819040097796,133.96828903842373,251400.0,9.061089576248865,50.55527308236132
35.12645319369585,133.94634168940811,252000.0,9.076895759167485,50.43662603225883
35.14497484381077,133.92465093749456,252600.0,9.092657092304018,50.318113998415974
35.163755506460404,133.90322247899948,253200.0,9.108373439220474,50.1997362325328
35.18279533610399,133.8820619935301,253800.0,9.12404466389981,50.08149199922578
35.202094486527145,133.8611751441902,254400.0,9.139670630755791,49.96338057594039
35.22165311084597,133.84056757778424,255000.0,9.155251204643324,49.84540125286488
35.241471361510484,133.82024492501807,255600.0,9.170786250869188,49.72755333284308
35.26154939030722,133.8002128006998,256200.0,9.186275635203279,49.60983613128975
35.281887348361266,133.78047680393763,256800.0,9.201719223890308,49.49224897610613
35.302485386137434,133.76104251833647,257400.0,9.217116883661962,49.374791207595806
35.323343653440894,133.7419155121919,258000.0,9.232468481749521,49.25746217838118
35.344462299416996,133.72310133868237,258600.0,9.247773885896924,49.14026125332078
35.36584147255046,133.70460553605992,259200.0,9.263032964374327,49.02318780942708
35.387481320663895,133.68643362783868,259800.0,9.2782455859921,48.90624123578507
35.409381990915605,133.6685911229814,260400.0,9.293411620115315,48.78942093347147
35.43154362979679,133.6510835160844,261000.0,9.308530936678682,48.67272631547446
35.453966383128034,133.63391628756014,261600.0,9.323603406201968,48.55615680661412
35.47665039605512,133.61709490381827,262200.0,9.338628899805874,48.43971184346337
35.49959581304429,133.6006248174445,262800.0,9.353607289228384,48.32339087426965
35.52280277787675,133.58451146737767,263400.0,9.368538446841587,48.20719335887704
35.54627143364259,133.5687602790848,264000.0,9.383422245668966,48.091118768649146
35.57000192273406,133.55337666473423,264600.0,9.398258559403159,47.9751665863924
35.59399438683821,133.53836602336688,265200.0,9.413047262424191,47.859336306280056
35.618248966928896,133.52373374106543,265800.0,9.427788229818184,47.74362743377673
35.64276580325815,133.50948519112183,266400.0,9.44248133739652,47.62803948556348
35.66754503534696,133.4956257342022,267000.0,9.457126461715504,47.512571989463495
35.692586801975395,133.4821607185109,267600.0,9.471723480096465,47.3972244843683
35.71789124117216,133.4690954799514,268200.0,9.486272270646365,47.28199652016453
35.743458490203466,133.45643534228597,268800.0,9.500772712278856,47.166887657661285
35.76928868556138,133.4441856172934,269400.0,9.515224684735813,47.051897468517936
35.79538196295149,133.43235160492418,270000.0,9.529628068609343,46.9370255351726
35.82173845728002,133.4209385934543,270600.0,9.54398274536427,46.82227145077102
35.84835830264031,133.40995185963686,271200.0,9.558288597361077,46.707634819096036
35.875241632298696,133.39939666885155,271800.0,9.572545507879342,46.59311525449757
35.90238857867984,133.38927827525237,272400.0,9.586753361141614,46.47871238182314
35.9297992733514,133.37960192191335,273000.0,9.60091204233779,46.364425836348815
35.957473847008124,133.37037284097195,273600.0,9.615021437649943,46.2502552637108
35.9854124294554,133.36159625377104,274200.0,9.629081434277627,46.136200319837386
36.013615149592134,133.35327737099817,274800.0,9.643091920463643,46.022260670881494
36.0420821353931,133.34542139282365,275400.0,9.657052785520285,45.90843599315366
36.070813513890705,133.33803350903577,276000.0,9.670963919856044,45.794725973055534
36.09980941115609,133.3311188991746,276600.0,9.68482521500278,45.68113030701383
36.12906995227972,133.3246827326637,277200.0,9.698636563643362,45.56764870141477
36.15859526135141,133.3187301689395,277800.0,9.712397859639765,45.45428087253901
36.18838546143962,133.31326635757893,278400.0,9.726108998061648,45.341026546497
36.218440674570374,133.30829643842486,279000.0,9.739769875215373,45.227885459164845
36.24876102170541,133.30382554170967,279600.0,9.753380388673493,45.114857356120574
36.27934662271984,133.29985878817655,280200.0,9.766940437304712,45.00194199258089
36.31019759637924,133.2964012891991,280800.0,9.780449921304282,44.88913913333839
36.34131406031605,133.29345814689827,281400.0,9.793908742224875,44.776448552699165
36.37269613100553,133.29103445425787,282000.0,9.807316803007904,44.66387003442088
36.404343923741045,133.28913529523786,282600.0,9.820674008015292,44.55140337165128
36.436257552608744,133.2877657448851,283200.0,9.83398026306171,44.43904836686712
36.46843713046175,133.28693086944267,283800.0,9.847235475447246,44.326804831813476
36.500882768893646,133.28663572645672,284400.0,9.860439553990538,44.21467258744358
36.53359457821147,133.28688536488136,285000.0,9.873592409062352,44.10265146385893
36.566572667408096,133.2876848251812,285600.0,9.8866939526196,43.99074130024992
36.59981714413399,133.28903913943236,286200.0,9.899744098239806,43.87894194483681
36.63332811466841,133.29095333142078,286800.0,9.91274276115601,43.76725325481108
36.66710568389,133.29343241673848,287400.0,9.925689858292118,43.655675096277264
36.70114995524683,133.29648140287816,288000.0,9.938585308298682,43.54420734419506
36.73546103072577,133.30010528932513,288600.0,9.951429031589122,43.432849882321904
36.77003901082138,133.3043090676474,289200.0,9.964220950376374,43.321602603155895
36.80488399450404,133.30909772158356,289800.0,9.976960988709976,43.21046540787907
36.83999607918769,133.31447622712824,290400.0,9.989649072513574,43.099438206301066
36.875375360696765,133.3204495526162,291000.0,10.00228512962287,42.988520916803274
36.9110219332327,133.3270226588029,291600.0,10.014869089823959,42.877713466283026
36.946935889339755,133.33420049894406,292200.0,10.02740088489211,42.767015790098235
36.98311731987023,133.3419880188728,292800.0,10.039880448630974,42.65642783201266
37.019566313949056,133.35039015707412,293400.0,10.052307716912193,42.54594954414146
37.056282958937835,133.3594118447578,294000.0,10.064682627715422,42.43558088689682
37.093267340398256,133.3690580059284,294600.0,10.077005121168758,42.325321828934015
37.130519542054884,133.3793335574536,295200.0,10.08927513958958,42.21517234709783
37.16803964575733,133.3902434091298,295800.0,10.101492627525783,42.105132426369295
37.20582773144183,133.40179246374606,296400.0,10.113657531797422,41.9952020598128
37.243883877092195,133.4139856171453,297000.0,10.125769801538747,41.88538124852341
37.28220815870013,133.42682775828342,297600.0,10.137829388240625,41.775670001574575
37.32080065022494,133.44032376928607,298200.0,10.149836245793368,41.66606833596609
37.359661423552645,133.4544785255033,298800.0,10.161790330529927,41.55657627657236
37.39879054845439,133.46929689556165,299400.0,10.17369160126948,41.447193856090976
37.43818809254432,133.4847837414141,300000.0,10.185540019361403,41.337921114991566
37.47785412123674,133.50094391838775,300600.0,10.197335548729594,41.2287581014649
37.51778869770268,133.51778227522894,301200.0,10.209078155917197,41.11970487137232
37.55799188282586,133.53530365414616,301800.0,10.220767810131674,41.01076148819539
37.598463735157935,133.55351289085075,302400.0,10.232404483290246,40.90192802298584
37.63920431087317,133.57241481459488,303000.0,10.243988150065688,40.79320455431576
37.68021366372244,133.59201424820742,303600.0,10.25551878793249,40.68459116822801
37.721491844986566,133.6123160081274,304200.0,10.266996377213355,40.57608795818697
37.76303890342906,133.63332490443483,304800.0,10.27842090112606,40.46769502502943
37.804854885248176,133.65504574087944,305400.0,10.289792345830639,40.35941247691576
37.846939834028255,133.67748331490662,306000.0,10.30111070047692,40.25124042928133
37.88929379069058,133.7006424176813,306600.0,10.312375957252389,40.143179004788124
37.931916793443364,133.72452783410893,307200.0,10.323588111430379,40.035228333276564
37.974808877731256,133.74914434285444,307800.0,10.334747161418587,39.92738855171759
38.01797007618404,133.77449671635827,308400.0,10.345853108807917,39.81965980416491
38.06140041856479,133.80058972085027,309000.0,10.356905958421613,39.71204224170745
38.10509993171724,133.8274281163609,309600.0,10.367905718364733,39.60453602242205
38.149068639512606,133.8550166567297,310200.0,10.378852400073905,39.497141311326295
38.193306562795605,133.88336008961178,310800.0,10.389746018367381,39.38985828033152
38.2378137193299,133.9124631564811,311400.0,10.400586591495404,39.28268710819605
38.28259012374282,133.94233059263152,312000.0,10.411374141190842,39.17562798047861
38.32763578746939,133.97296712717522,312600.0,10.42210869272012,39.06868108949183
38.37295071869572,134.00437748303858,313200.0,10.432790274934414,38.96184663425596
38.41853492230163,134.03656637695502,313800.0,10.44341892032114,38.855124820452765
38.4643883998027,134.06953851945585,314400.0,10.453994665055687,38.748515860379506
38.51051114929152,134.10329861485786,315000.0,10.464517549053422,38.64201997290311
38.55690316537829,134.1378513612486,315600.0,10.474987616021947,38.53563738341447
38.60356443913076,134.17320145046892,316200.0,10.485404913513605,38.42936832378284
38.650494958013404,134.20935356809247,316800.0,10.495769492978233,38.323213032310406
38.69769470582595,134.2463123934029,317400.0,10.506081409816144,38.21717175368693
38.745163662641176,134.28408259936822,318000.0,10.516340723431341,38.11124473894453
38.792901804742,134.32266885261208,318600.0,10.526547497284968,38.00543224541256
38.84090910455792,134.36207581338272,319200.0,10.536701798948963,37.899734536672575
38.88918553060065,134.40230813551872,319800.0,10.546803700159932,37.79415188251342
38.937731047399126,134.4433704664122,320400.0,10.556853276873227,37.68868455888637
38.98654561543377,134.48526744696912,321000.0,10.566850609317214,37.58333284786037
39.03562919107007,134.52800371156653,321600.0,10.576795782047753,37.47809703757733
39.08498172649137,134.57158388800727,322200.0,10.586688884002843,37.37297742220751
39.13460316963105,134.61601259747152,322800.0,10.596530008557453,37.267974301904985
39.18449346410387,134.66129445446563,323400.0,10.606319253578528,37.163087982763074
39.23465254913675,134.70743406676763,324000.0,10.616056721480156,37.05831877676992
39.28508035949862,134.7544360353705,324600.0,10.625742519278893,36.95366700176407
39.3357768254298,134.8023049544216,325200.0,10.635376758649233,36.849132981390035
39.38674187257041,134.85104541115982,325800.0,10.644959555979232,36.744717045054
39.437975421888275,134.90066198584915,326400.0,10.65449103242626,36.640419527879466
39.489477389605845,134.95115925170956,327000.0,10.663971313972873,36.536240770662246
39.54124768712677,135.0025417748451,327600.0,10.67340053148283,36.43218111982798
39.59328622096143,135.05481411416878,328200.0,10.6827788207572,36.32824092738646
39.645592892651855,135.10798082132345,328800.0,10.692106322590577,36.22442055088719
39.698167598695825,135.16204644060048,329400.0,10.701383182827406,36.12072035337533
39.75101023047041,135.21701550885493,330000.0,10.710609552418383,36.01714070334743
39.80412067415468,135.27289255541805,330600.0,10.719785587476936,35.91368197470702
39.857498810651705,135.32968210200627,331200.0,10.7289114493358,35.81034454672023
39.911144515509854,135.3873886626268,331800.0,10.737987304603632,35.70712880397137
39.965057658843314,135.44601674348024,332400.0,10.74701332522169,35.6040351363184
40.01923810525197,135.50557084285992,333000.0,10.755989688520575,35.50106393884838
40.073685713740474,135.56605545104802,333600.0,10.764916577276992,35.39821561183291
40.12840033763665,135.627475050208,334200.0,10.773794179770551,35.29549056068345
40.18338182450914,135.68983411427453,334800.0,10.782622689840597,35.19288919590661
40.23863001608437,135.75313710883904,335400.0,10.791402306943041,35.09041193305933
40.29414474816279,135.817388491033,336000.0,10.80013323620721,34.98805919270399
40.34992585053433,135.88259270940677,336600.0,10.808815688492677,34.88583140036345
40.40597314689323,135.948754203806,337200.0,10.817449880446095,34.783728986475914
40.46228645475213,136.0158774052439,337800.0,10.826036034557998,34.68175238634982
40.51886558535541,136.08396673577033,338400.0,10.83457437921957,34.579902040118505
40.57571034359186,136.1530266083376,339000.0,10.843065148779383,34.47817839269479
40.63282052790666,136.22306142666235,339600.0,10.851508583600078,34.376581893725465
40.69019593021261,136.29407558508439,340200.0,10.859904930114986,34.27511299754564
40.74783633580066,136.3660734684216,340800.0,10.868254440884686,34.17377216313291
40.80574152324982,136.4390594518215,341400.0,10.876557374653471,34.07255985406144
40.86391126433625,136.51303790060908,342000.0,10.88481399640575,33.97147653845587
40.9223453239418,136.58801317013138,342600.0,10.893024577422326,33.870522688945044
40.98104345996174,136.66398960559786,343200.0,10.901189395336576,33.76969878261566
41.040005423211895,136.74097154191756,343800.0,10.909308734190528,33.669005300965644
41.09923095733505,136.8189633035326,344400.0,10.917382884490776,33.568442729857416
41.15871979870673,136.89796920424757,345000.0,10.925412143264293,33.46801155947096
41.21847167634022,136.97799354705563,345600.0,10.933396814114069,33.36771228425671
41.27848631179108,137.05904062396075,346200.0,10.941337207274605,33.26754540288826
41.33876341906081,137.14111471579602,346800.0,10.94923363966723,33.16751141821481
41.39930270450006,137.22422009203848,347400.0,10.957086434955242,33.06761083721349
41.46010386671097,137.30836101061962,348000.0,10.964895923598847,32.967844170941454
41.521166596449135,137.3935417177328,348600.0,10.972662442909925,32.86821193448769
41.58249057652468,137.47976644763605,349200.0,10.980386337106546,32.76871464692469
41.64407548170288,137.56703942245161,349800.0,10.988067957367294,32.669352831259864
41.70592097860409,137.65536485196108,350400.0,10.995707661885337,32.570127014386706
41.76802672560309,137.74474693339707,351000.0,11.003305815922264,32.47103772703573
41.83039237272779,137.83518985123052,351600.0,11.010862791861658,32.37208550372517
41.89301756155737,137.92669777695443,352200.0,11.018378969262407,32.27327088271143
41.95590192511982,138.0192748688634,352800.0,11.02585473491173,32.174594405939246
42.01904508778888,138.11292527182903,353400.0,11.033290482877916,32.07605661899164
42.082446665180484,138.20765311707157,354000.0,11.040686614562768,31.977658071039556
42.146106264048505,138.30346252192768,354600.0,11.048043538753715,31.879399314791254
42.21002348218009,138.4003575896133,355200.0,11.055361671675621,31.781280906441424
42.27419790829036,138.49834240898335,355800.0,11.062641437042236,31.683303405620016
42.338629121916625,138.597421054287,356400.0,11.069883266107318,31.585467375340787
42.40331669331202,138.69759758491867,357000.0,11.077087597715376,31.487773381949545
42.4682601833387,138.79887604516497,357600.0,11.084254878352057,31.390221995072096
42.53345914336049,138.90126046394755,358200.0,11.091385562194132,31.292813787561915
42.59891311513503,139.00475485456167,358800.0,11.0984801111591,31.195549335447495
42.66462163070553,139.10936321441085,359400.0,11.105538994954369,31.09842921787938
42.73058421229191,139.21508952473667,360000.0,11.112562691126028,31.0014540170769
42.79680037218163,139.32193775034514,360600.0,11.119551685107172,30.904624318274568
42.86326961262,139.42991183932813,361200.0,11.126506470265799,30.807940709668188
42.929991425700116,139.53901572278102,361800.0,11.133427547952223,30.7114037823606
42.9969652932523,139.6492533145157,362400.0,11.140315427546037,30.615014130307117
43.06419068673317,139.76062851076819,363000.0,11.147170626502557,30.518772350259063
43.131667067114456,139.87314518990627,363600.0,11.153993670398837,30.422679041712538
43.19939388477131,139.98680721212872,364200.0,11.160785092979127,30.32673480685057
43.26737057937022,140.10161841915988,364800.0,11.167545436199795,30.230940250486277
43.33559657975668,140.21758263394094,365400.0,11.174275250273727,30.135295980006937
43.40407130384246,140.33470366031767,366000.0,11.180975093714187,30.039802605317714
43.47279415849267,140.4529852827237,366600.0,11.187645533378108,29.94446073878484
43.54176453941247,140.57243126585857,367200.0,11.194287144508811,29.849270995178347
43.6109818310335,140.69304535436174,367800.0,11.200900510778132,29.754233991614306
43.680445406400054,140.81483127248208,368400.0,11.207486224327944,29.659350347496733
43.75015462705507,140.93779272374294,369000.0,11.214044885811074,29.564620684459186
43.820108842925755,141.06193339060297,369600.0,11.220577104431575,29.470045626306025
43.89030739220924,141.1872569341121,370200.0,11.227083497984369,29.375625798953298
43.9607496012578,141.3137669935637,370800.0,11.233564692894227,29.281361830369235
44.0314347844641,141.44146718614144,371400.0,11.24002132425408,29.18725435051439
44.10236224414619,141.57036110656256,372000.0,11.246454035862648,29.09330399128139
44.173531270432434,141.70045232671598,372600.0,11.25286348026137,28.99951138643435
44.244941141146285,141.83174439529625,373200.0,11.259250318770626,28.905877171547868
44.31659112169103,141.96424083743295,373800.0,11.265615221525223,28.81240198394571
44.38848046493445,142.09794515431577,374400.0,11.271958867509163,28.71908646263906
44.460608411093446,142.23286082281462,375000.0,11.27828194458963,28.625931248264443
44.532974187618606,142.36899129509578,375600.0,11.284585149550233,28.53293698302124
44.60557700907887,142.50633999823347,376200.0,11.29086918812346,28.44010431060884
44.678416077046144,142.6449103338165,376800.0,11.297134775022334,28.347433876163432
44.75149057998,142.7847056775509,377400.0,11.303382633971253,28.2549263261944
44.82479969311246,142.9257293788579,378000.0,11.309613497736027,28.16258230852037
44.89834257833286,143.06798476046737,378600.0,11.315828108153056,28.070402472204854
44.97211838407286,143.21147511800683,379200.0,11.322027216157668,27.978387467491558
45.046126245191594,143.3562037195859,379800.0,11.328211581811582,27.886537945739278
45.120365282861016,143.5021738053765,380400.0,11.334381974329492,27.79485455935647
45.19483460445143,143.6493885871883,381000.0,11.340539172104766,27.70333796173542
45.26953330341725,143.7978512480399,381600.0,11.346683962734213,27.611988807186073
45.34446045918304,143.9475649417255,382200.0,11.352817143041944,27.520807750869466
45.41961513702982,144.09853279237703,382800.0,11.358939519102297,27.42979544873084
45.494996387981715,144.25075789402217,383400.0,11.365051906261778,27.338952557432357
45.570603248692876,144.40424331013767,384000.0,11.371155129160078,27.248279734285486
45.64643474133487,144.55899207319806,384600.0,11.377250021750067,27.157777637183017
45.72248987348436,144.71500718422072,385200.0,11.38333742731682,27.067446924530735
45.79876763801134,144.87229161230587,385800.0,11.38941819849561,26.977288255178756
45.87526701296771,145.03084829417236,386400.0,11.39549319728889,26.887302288352487
45.95198696147639,145.19068013368948,387000.0,11.401563295082221,26.797489683583283
46.02892643162103,145.35179000140408,387600.0,11.407629372659159,26.707851100638756
46.10608435633607,145.51418073406336,388200.0,11.413692320215047,26.618387199452727
46.183459653297646,145.677855134134,388800.0,11.419753037369754,26.52909864005489
46.261051224814864,145.84281596931595,389400.0,11.425812433179289,26.43998608250014
46.33885795772193,146.0090659720533,390000.0,11.431871426146305,26.351050186797572
46.41687872327077,146.17660783903995,390600.0,11.437930944229487,26.262291612839167
46.49511237702455,146.3454442307216,391200.0,11.443991924851778,26.173711020328195
46.573557758751775,146.51557777079333,391800.0,11.450055314907457,26.085309068707293
46.65221369232129,146.68701104569357,392400.0,11.456122070768048,25.997086417086265
46.73107898559805,146.8597466040933,393000.0,11.462193158287022,25.909043724169564
46.81015243033973,147.0337869563819,393600.0,11.468269552803319,25.82118164818353
46.88943280209421,147.20913457414855,394200.0,11.474352239143645,25.733500846803317
46.96891886009807,147.38579188965977,394800.0,11.480442211623528,25.64600197707958
47.04860934717591,147.5637612953332,395400.0,11.486540474047137,25.55868569536488
47.12850298964075,147.7430451432074,396000.0,11.492648039705848,25.471552657239823
47.20859849719547,147.9236457444078,396600.0,11.498765931375516,25.384603517438986
47.28889456283523,148.1055653686088,397200.0,11.504895181312468,25.297838929776574
47.36938986275108,148.28880624349227,397800.0,11.511036831248198,25.211259547071858
47.450083056234675,148.4733705542023,398400.0,11.517191932382735,25.12486602107438
47.53097278558418,148.65926044279408,399000.0,11.52336154537664,25.03865900238695
47.61205767601136,148.84647800768644,399600.0,11.529546740341775,24.95263914039507
47.693336335549986,149.03502530310413,400200.0,11.535748596830615,24.86680708318988
47.774807354965425,149.22490433851607,400800.0,11.54196820382418,24.7811634774907
47.856469307665705,149.41611707807252,401400.0,11.548206659718591,24.695708968569175
47.93832074961385,149.60866544003943,402000.0,11.554465072310245,24.610444200174012
48.02036021924169,149.8025512962292,402600.0,11.560744558779561,24.525369814455345
48.102586237365045,149.9977764714281,403200.0,11.567046245673295,24.440486451888464
48.1849973071005,150.19434274281977,403800.0,11.57337126888541,24.355794751197266
48.267591913783626,150.39225183940607,404400.0,11.579720773636494,24.271295349277636
48.350368524888815,150.59150544142486,405000.0,11.586095914451688,24.186988881120815
48.43332558995073,150.79210517976483,405600.0,11.592497855137145,24.102875979736677
48.51646154048737,150.99405263537753,406200.0,11.598927768754987,24.018957276076883
48.59977478992491,151.19734933868634,406800.0,11.605386837596742,23.935233398957955
48.68326373352414,151.40199676899283,407400.0,11.611876253155266,23.851704974984234
48.766926748308904,151.60799635388037,408000.0,11.61839721609512,23.768372628470818
48.850762192996086,151.81534946861527,408600.0,11.624950936221392,23.68523698136644
48.93476840792768,152.0240574355453,409200.0,11.631538632446958,23.6022986531763
49.018943715004625,152.23412152349582,409800.0,11.638161532758168,23.519558260884885
49.103286417622705,152.44554294716357,410400.0,11.644820874178942,23.43701641887876
49.18779480061031,152.65832286650823,411000.0,11.651517902733257,23.35467373886937
49.27246713016832,152.87246238614168,411600.0,11.658253873406021,23.27253082981585
49.357301653812016,153.08796255471563,412200.0,11.66503005010232,23.190588297847853
49.44229660031513,153.30482436430663,412800.0,11.671847705605034,23.10884674618843
49.52745017965604,153.5230487497996,413400.0,11.678708121530784,23.02730677507695
49.61276058296616,153.7426365882698,414000.0,11.68561258828423,22.9459689816921
49.69822598248058,153.96358869836234,414600.0,11.692562405010682,22.864833960074925
49.78384453149099,154.1859058396713,415200.0,11.699558879547043,22.783902301052024
49.86961436430097,154.40958871211612,415800.0,11.706603328371031,22.70317459215879
49.95553359618354,154.63463795531757,416400.0,11.713697076548705,22.622651417562807
50.04160032334129,154.86105414797208,417000.0,11.720841457680272,22.542333357987374
50.127812622868774,155.088837807225,417600.0,11.728037813844153,22.462220990635174
50.21416855271757,155.31798938804275,418200.0,11.735287495539318,22.382314889112102
50.300666151663776,155.5485092825843,418800.0,11.742591861625858,22.30261562335129
50.38730343927816,155.78039781957168,419400.0,11.749952279263809,22.223123759537312
50.474078415898866,156.01365526365979,420000.0,11.757370123850187,22.14383986003059
50.56098906260681,156.24828181480598,420600.0,11.764846778954245,22.064764483292034
50.64803334120384,156.4842776076389,421200.0,11.772383636250956,21.985898183807933
50.73520919419357,156.7216427108269,421800.0,11.779982095452654,21.907241512015055
50.82251454476504,156.96037712644707,422400.0,11.787643564238914,21.82879501422607
50.90994729677921,157.20048078935335,423000.0,11.79536945818457,21.750559232555226
50.997505334758344,157.4419535665452,423600.0,11.803161200685931,21.672534704844313
51.085186523878264,157.68479525653666,424200.0,11.811020222885144,21.594721964588977
51.172988709963604,157.92900558872518,424800.0,11.818947963592722,21.517121540865347
51.26090971948609,158.174584222762,425400.0,11.82694586920821,21.439733958256987
51.34894735956571,158.42153074792193,426000.0,11.835015393638997,21.362559736782256
51.437099417975176,158.66984468247512,426600.0,11.843157998217256,21.285599391822
51.52536366314733,158.91952547305914,427200.0,11.851375151615006,21.20885343404766
51.613737844185806,159.17057249405218,427800.0,11.859668329757293,21.132322369349794
51.70221969087878,159.42298504694767,428400.0,11.868039015733482,21.056006698767
51.79080691371612,159.67676235973067,429000.0,11.876488699706652,20.97990691841531
51.879497203909644,159.93190358625498,429600.0,11.885018878821088,20.90402351941801
51.96828823341678,160.18840780562277,430200.0,11.893631057107863,20.82835698783597
52.057177654967525,160.44627402156559,430800.0,11.90232674538851,20.75290780459841
52.14616310209484,160.7055011618279,431400.0,11.91110746117678,20.677676445434223
52.235242189168396,160.96608807755226,432000.0,11.919974728578456,20.602663380803776
52.324412511431845,161.2280335426675,432600.0,11.928930078189264,20.527869075831283
52.413671645043536,161.49133625327897,433200.0,11.937975046990836,20.4532939902377
52.503017147120744,161.75599482706153,433800.0,11.947111178244738,20.378938578274195
52.59244655578752,162.02200780265582,434400.0,11.95634002138456,20.304803288656213
52.68195739022619,162.28937363906573,435000.0,11.965663131906034,20.23088856449716
52.77154715073218,162.55809071506428,435600.0,11.97508207125529,20.15719484324508
52.86121331877275,162.8281573285982,436200.0,11.984598406715097,20.083722556619932
52.950953357049414,163.0995716961956,436800.0,11.994213711289142,20.010472130548088
53.04076470956413,163.37233195237903,437400.0,12.003929563584366,19.93744398509853
53.13064480168906,163.64643614908303,438000.0,12.013747547691365,19.86463853442158
53.22059104024025,163.92188225507607,438600.0,12.023669253062828,19.79205618668814
53.310600813555055,164.19866815538555,439200.0,12.033696274390017,19.719697344028862
53.40067149157342,164.47679165072805,439800.0,12.043830211477298,19.64756240247394
53.49080042592302,164.75625045694383,440400.0,12.05407266911469,19.575651751893794
53.58098495000836,165.03704220443646,441000.0,12.064425256948494,19.50396577594057
53.67122237910367,165.3191644376176,441600.0,12.07488958934994,19.43250485199041
53.761510010449875,165.60261461435678,442200.0,12.085467285281888,19.361269351086452
53.85184512335543,165.88739010543694,442800.0,12.096159968163585,19.290259637882667
53.942224979301216,166.17348819401565,443400.0,12.106969265733461,19.21947607058845
54.0326468220494,166.46090607509166,444000.0,12.11789680990998,19.148919000914056
54.1231078777564,166.74964085497822,444600.0,12.128944236650554,19.078588774016882
54.21360535508981,167.03968955078216,445200.0,12.140113185808513,19.008485728448584
54.30413644534951,167.33104908988955,445800.0,12.151405300988134,18.93861019610305
54.394698322592795,167.6237163094582,446400.0,12.162822229397744,18.868962502165267
54.48528814376363,167.91768795591676,447000.0,12.174365621700892,18.799542965061057
54.57590304882608,168.21296068447086,447600.0,12.186037131865602,18.730351896407708
54.666540160901825,168.50953105861683,448200.0,12.197838417011708,18.66138960096555
54.757196586411894,168.80739554966252,448800.0,12.20977113725628,18.592656376590405
54.847869415222554,169.1065505362561,449400.0,12.221836955557148,18.524152514187033
54.938555720795364,169.4069923039225,450000.0,12.234037537554533,18.45587829766347
55.02925256034145,169.708717044608,450600.0,12.246374551410785,18.38783400388637
55.11995697498003,170.01172085623313,451200.0,12.258849667648242,18.320019902637277
55.21066598990108,170.31599974225412,451800.0,12.271464558985228,18.252436256569933
55.3013766145323,170.62154961123318,452400.0,12.284220900170181,18.185083321168527
55.39208584271027,170.92836627641717,453000.0,12.297120367813934,18.117961344706973
55.4827906528559,171.23644545532602,453600.0,12.310164640220146,18.0510705682092
55.57348800815407,171.54578276935013,454200.0,12.323355397213923,17.984411225410472
55.66417485673757,171.85637374335735,454800.0,12.33669431996861,17.917983542719725
55.75484813187526,172.16821380530993,455400.0,12.350183090830765,17.851787739182964
55.845504752164516,172.48129828589097,456000.0,12.363823393143365,17.785824026447706
55.93614162172791,172.7956224181418,456600.0,12.377616911067214,17.72009260872848
56.026755630414186,173.1111813371086,457200.0,12.39156532940059,17.654593682773402
56.1173436540034,173.42797007950097,457800.0,12.405670333397142,17.589327437831837
56.207902554416435,173.74598358336004,458400.0,12.419933608582042,17.524294055623127
56.29842917992865,174.0652166877386,459000.0,12.434356840566437,17.459493710306436
56.388920365387804,174.3856641323917,459600.0,12.448941714860165,17.39492656845167
56.47937293243628,174.7073205574789,460200.0,12.463689916682808,17.330592789011536
56.56978368973742,175.03018050327867,460800.0,12.47860313077306,17.266492523294684
56.66014943320614,175.35423840991348,461400.0,12.49368304119645,17.202625914939997
56.75046694624375,175.67948861708805,462000.0,12.508931331151423,17.138993099892
56.840732999976886,176.00592536383925,462600.0,12.524349682773813,17.075594206377396
56.93094435350076,176.33354278829864,463200.0,12.53993977693971,17.012429354882737
57.021097754126444,176.66233492746744,463800.0,12.555703293066763,16.949498658133265
57.11118993763229,176.99229571700465,464400.0,12.571641908913923,16.88680222107286
57.20121762851959,177.3234189910279,465000.0,12.587757300379648,16.82434014084517
57.29117754027226,177.65569848192766,465600.0,12.604051141298608,16.762112506775903
57.38106637562058,177.98912782019528,466200.0,12.620525103236897,16.70011940035626
57.47088082680905,178.32370053426376,466800.0,12.637180855285774,16.638360895227525
57.560617575868314,178.65941005036322,467400.0,12.654020063853977,16.57683705716685
57.65027329489095,178.99624969238985,468000.0,12.671044392458617,16.515547944074182
57.739844646311454,179.33421268178947,468600.0,12.688255501514675,16.454493605960394
57.82932828318998,179.6732921374551,469200.0,12.705655048123146,16.39367408493653
57.918720849500176,180.01348107563925,469800.0,12.723244685857841,16.333089415204306
58.00801898042075,180.3547724098809,470400.0,12.741026064550873,16.272739623047705
58.09721930263122,180.69715895094842,471000.0,12.75900083007689,16.2126247268272
58.1863184346109,181.04063340679525,471600.0,12.777170624136009,16.152744736969005
58.2753129869422,181.38518838253256,472200.0,12.79553708403556,16.093099655965354
58.364199562617586,181.7308163804177,472800.0,12.81410184247064,16.033689478370018
58.45297475735021,182.07750979985786,473400.0,12.832866527303485,15.974514190794181
58.541635159888216,182.42526093742916,474000.0,12.851832761341733,15.915573771905539
58.63017735233265,182.77406198691176,474600.0,12.871002162115559,15.85686819242865
58.718597910459,183.12390503934148,475200.0,12.890376341653775,15.798397415145821
58.80689340404233,183.47478208307754,475800.0,12.909956906258879,15.740161394899197
58.895060397185816,183.82668500388655,476400.0,12.92974545628111,15.68216007859419
58.98309544865292,184.17960558504353,477000.0,12.949743585891541,15.624393405204062
59.070995112202766,184.53353550744947,477600.0,12.969952882854251,15.566861305775603
59.15875593692907,184.88846634976534,478200.0,12.990374928297584,15.509563703435983
59.24637446760225,185.24438958856413,478800.0,13.011011296484579,15.452500513400778
59.33384724501484,185.60129659849923,479400.0,13.03186355458256,15.395671642983139
59.42117080633017,185.9591786524904,480000.0,13.052933262431972,15.339076991604097
59.50834168543409,186.31802692192724,480600.0,13.07422197231444,15.282716450804022
59.59535641328988,186.67783247689007,481200.0,13.095731228720163,15.226589904255214
59.68221151829614,187.03858628638895,481800.0,13.11746256811463,15.17069722777562
59.768903526647705,187.40027921861994,482400.0,13.139417518704715,15.115038289343683
59.855428962699406,187.76290204123947,483000.0,13.16159760020419,15.059612949114308
59.941784349332806,188.12644542165705,483600.0,13.184004323598723,15.004421059435932
60.02796620832558,188.49089992734577,484200.0,13.206639190910343,14.949462464868713
60.11397106072377,188.85625602617137,484800.0,13.229503694961503,14.894737002203804
60.19979542721658,189.22250408673926,485400.0,13.252599319138689,14.840244500483731
60.28543582851381,189.58963437876045,486000.0,13.275927537155699,14.785984781023846
60.37088878572588,189.95763707343545,486600.0,13.299489812816597,14.731957657434853
60.45615082074619,190.3265022438576,487200.0,13.323287599778386,14.678162935646412
60.54121845663596,190.69621986543407,487800.0,13.34732234131347,14.62460041393179
60.62608821801136,191.0667798163265,488400.0,13.371595470071934,14.571269882933565
60.71075663143284,191.43817187790987,489000.0,13.396108407843691,14.51817112569038
60.79522022579667,191.81038573525097,489600.0,13.420862565320556,14.46530391766471
60.87947553272858,192.1834109776049,490200.0,13.445859341858275,14.412668026771662
60.96351908697932,192.55723709893118,490800.0,13.471100125238586,14.360263213408794
61.047347426822284,192.93185349842898,491400.0,13.496586291431335,14.308089230486914
61.13095709445291,193.3072494810912,492000.0,13.522319204356721,14.256145823461887
61.21434463638985,193.68341425827742,492600.0,13.548300215647698,14.204432730367413
61.29750660387787,194.06033694830694,493200.0,13.574530664412608,14.152949681848783
61.3804395532923,194.43800657706956,493800.0,13.601011876998081,14.101696401197579
61.46314004654511,194.8164120786574,494400.0,13.627745166752264,14.050672604387332
61.54560465149234,195.19554229601394,495000.0,13.65473183378843,13.999878000110114
61.62782994234294,195.57538598160397,495600.0,13.681973164749012,13.94931228981404
61.70981250006879,195.9559317981018,496200.0,13.709470432570134,13.898975167741701
61.791548912816026,196.3371683190991,496800.0,13.737224896246682,13.848866320969481
61.873035776317394,196.71908402983144,497400.0,13.765237800597964,13.798985429447754
61.95426969430561,197.10166732792493,498000.0,13.793510376034032,13.749332166041976
62.03524727892761,197.48490652416112,498600.0,13.822043838322712,13.699906196574617
62.11596515115971,197.86878984326142,499200.0,13.850839388357393,13.650707179867947
62.1964199412234,198.2533054246909,499800.0,13.879898211925646,13.601734767787661
62.276608289001786,198.6384413234805,500400.0,13.90922147947871,13.552988605287316
62.35652684445669,199.02418551106874,501000.0,13.938810345901937,13.504468330453578
62.43617226804605,199.4105258761625,501600.0,13.968665950286207,13.456173574552263
62.51554123114175,199.79745022561588,502200.0,13.998789415700417,13.408103962075154
62.59463041644776,200.18494628532918,502800.0,14.029181848965072,13.360259110787592
62.67343651841829,200.57300170116514,503400.0,14.059844340427052,13.312638631776805
62.75195624367622,200.9616040398853,504000.0,14.0907779637356,13.265242129500981
62.830186311431255,201.35074079010377,504600.0,14.121983775619617,13.218069201839064
62.90812345389822,201.74039936326028,505200.0,14.15346281566629,13.17111944014126
62.9857644167149,202.13056709461114,505800.0,14.185216106101144,13.124392429280217
63.06310595935966,202.5212312442386,506400.0,14.21724465156956,13.077887747702917
63.140144855568686,202.9123789980812,507000.0,14.24954943891987,13.031604967486215
63.216877893752546,203.30399746897325,507600.0,14.282131436987884,12.985543654381722
63.293301877412276,203.6960736977107,508200.0,14.31499159638322,12.939703367875483
63.36941362555473,204.08859465413477,508800.0,14.348130849277336,12.894083661243512
63.44520997310704,204.4815472382306,509400.0,14.38155010919333,12.848684081605523
63.52068777133015,204.87491828124348,510000.0,14.415250270797536,12.803504169980172
63.595843888231386,205.26869454681128,510600.0,14.449232209693026,12.75854346134122
63.67067520897581,205.66286273211634,511200.0,14.48349678221508,12.713801484674187
63.74517863629642,206.05740946905271,511800.0,14.518044825228676,12.669277763033712
63.819351090902984,206.45232132541196,512400.0,14.55287715592806,12.624971813601517
63.893189511889425,206.84758480608383,513000.0,14.587994571638458,12.580883147744755
63.96669085713974,207.2431863542749,513600.0,14.623397849619984,12.537011271074794
64.03985210373216,207.63911235274222,514200.0,14.659087746873825,12.493355683506511
64.11267024834169,208.03534912504384,514800.0,14.695064999950734,12.44991587931808
64.18514230764072,208.431882936805,515400.0,14.731330324761926,12.406691347211208
64.25726531869773,208.828699997,516000.0,14.767884416392402,12.363681570371797
64.329036339374,209.22578645924935,516600.0,14.804727948916797,12.320886026531028
64.40045244871803,209.62312842313227,517200.0,14.841861575217788,12.278304188026825
64.47151074735783,210.02071193551416,517800.0,14.87928592680712,12.235935521865734
64.54220835789087,210.41852299188884,518400.0,14.917001613649338,12.193779489785165
64.6125424252715,210.81654753773523,519000.0,14.955009223988249,12.151835548315976
64.68251011719582,211.2147714698882,519600.0,14.993309324176193,12.110103148845424
64.75210862448405,211.61318063792368,520200.0,15.03190245850619,12.068581737680415
64.82133516145991,212.01176084555703,520800.0,15.070789149046988,12.027270756111086
64.89018696632732,212.41049785205547,521400.0,15.109969895481115,11.986169640474667
64.95866130154413,212.80937737366327,522000.0,15.149445174945953,11.945277822219634
65.02675545419274,213.2083850850397,522600.0,15.189215441877916,11.904594727970116
65.09446673634763,213.60750662071047,523200.0,15.229281127859776,11.864119779590562
65.16179248543963,214.00672757653035,523800.0,15.269642641471199,11.82385239425064
65.22873006461687,214.40603351115834,524400.0,15.310300368142546,11.78379198449035
65.2952768631022,214.80540994754512,525000.0,15.351254670011988,11.74393795828535
65.36143029654727,215.2048423744307,525600.0,15.392505885786008,11.704289719112467
65.42718780738277,215.6043162478546,526200.0,15.434054330603312,11.66484666601539
65.49254686516508,216.0038169926754,526800.0,15.475900295902228,11.62560819367052
65.55750496691917,216.403330004102,527400.0,15.518044049291646,11.586573692452964
65.62205963747735,216.8028406492342,528000.0,15.560485834425528,11.547742548502672
65.68620842981437,217.2023342686134,528600.0,15.603225870881065,11.509114143790681
65.74994892537808,217.601796177783,529200.0,15.646264354040513,11.47068785618547
65.81327873441622,218.00121166885728,529800.0,15.689601454976767,11.432463059519407
65.87619549629876,218.4005660120996,530400.0,15.733237320342718,11.394439123655262
65.93869687983596,218.7998444575093,531000.0,15.77717207226444,11.356615414552799
66.00078058359202,219.19903223641563,531600.0,15.821405808238252,11.318991294335406
66.06244433619409,219.5981145630806,532200.0,15.865938601031713,11.28156612135676
66.12368589663689,219.99707663630846,532800.0,15.910770498588578,11.244339250267524
66.18450305458242,220.39590364106226,533400.0,15.955901523937769,11.207310032082043
66.24489363065508,220.79458075008736,534000.0,16.001331675106396,11.170477814245045
66.30485547673182,221.19309312554097,534600.0,16.04706092503689,11.133841940698314
66.36438647622742,221.59142592062727,535200.0,16.09308922150826,11.097401751947356
66.42348454437476,221.9895642812389,535800.0,16.139416487061528,11.061156585127986
66.48214762850006,222.38749334760257,536400.0,16.186042618929385,11.025105774072902
66.54037370829283,222.78519825592997,537000.0,16.23296748897011,10.989248649378164
66.5981607960708,223.18266414007283,537600.0,16.28019094360577,10.953584538469606
66.65550693703932,223.57987613318238,538200.0,16.32771280376473,10.918112765669157
66.71241020954554,223.97681936937144,538800.0,16.375532864828553,10.88283265226105
66.7688687253272,224.3734789853806,539400.0,16.42365089658328,10.847743516557925
66.8248806297557,224.76984012224653,540000.0,16.472066643175115,10.812844673966813
66.88044410207384,225.16588792697345,540600.0,16.520779823070587,10.77813543705497
66.93555735562776,225.56160755420527,541200.0,16.56979012902119,10.743615115615569
66.9902186380933,225.95698416790074,541800.0,16.61909722803252,10.709283016733226
67.04442623169643,226.35200294300864,542400.0,16.66870076133797,10.675138444849372
67.09817845342815,226.7466490671466,543000.0,16.718600344376977,10.64118070182952
67.15147365525314,227.1409077422726,543600.0,16.76879556677781,10.607409087023147
67.2043102243129,227.53476418636365,544200.0,16.819285992345026,10.57382289733076
67.25668658312253,227.92820363509395,544800.0,16.870071159051513,10.540421427270278
67.30860118976179,228.32121134351047,545400.0,16.921150579035228,10.507203969041251
67.36005253805973,228.71377258770605,546000.0,16.97252373860054,10.47416981258824
67.41103915777353,229.1058726664912,546600.0,17.024190098224278,10.441318245664279
67.46155961476096,229.49749690306444,547200.0,17.076149092566467,10.408648553894544
67.5116125111466,229.88863064668024,547800.0,17.12840013048577,10.376160020839894
67.56119648548196,230.27925927431397,548400.0,17.180942595059648,10.343851928060081
67.61031021289912,230.6693681923234,549000.0,17.23377584360926,10.311723555176565
67.6589524052581,231.05894283810628,549600.0,17.28689920772907,10.279774179935027
67.70712181128789,231.44796868175405,550200.0,17.34031199332124,10.248003078267601
67.75481721672085,231.8364312277011,550800.0,17.394013480634715,10.216409524354852
67.80203744442102,232.22431601636862,551400.0,17.448002924309115,10.184992790687408
67.84878135450556,232.61160862580326,552000.0,17.502279553423346,10.153752148127303
67.89504784446001,232.99829467331048,552600.0,17.55684257154897,10.122686865968966
67.9408358492467,233.3843598170812,553200.0,17.61169115680834,10.091796211999878
67.98614434140688,233.769789757812,553800.0,17.66682446193747,10.06107945256091
68.0309723311561,234.15457024031863,554400.0,17.722241614353646,10.03053585260629
68.07531886647297,234.53868705514162,555000.0,17.777941716227808,10.000164675763228
68.1191830331814,234.92212604014497,555600.0,17.83392384456162,9.969965184391176
68.16256395502614,235.304873082106,556200.0,17.890187051269283,9.939936639640718
68.20546079374162,235.6869141182969,556800.0,17.94673036326406,9.910078301512096
68.2478727491142,236.06823513805745,557400.0,18.003552782549484,9.880389428913332
68.28979905903766,236.44882218435836,558000.0,18.06065328631527,9.850869279717994
68.33123899956209,236.82866135535522,558600.0,18.118030827037863,9.821517110822539
68.37219188493603,237.20773880593202,559200.0,18.175684332585668,9.792332178203282
68.41265706764186,237.58604074923443,559800.0,18.233612706328866,9.763313736972943
68.45263393842464,237.9635534581925,560400.0,18.29181482725389,9.734461041436798
68.4921219263141,238.3402632670319,561000.0,18.35028955008244,9.705773345148408
68.53112049864,238.71615657277394,561600.0,18.409035705395073,9.677249900964927
68.56962916104082,239.09121983672355,562200.0,18.468052099759333,9.648889961101993
68.60764745746565,239.46543958594518,562800.0,18.527337515862385,9.62069277718818
68.64517497016956,239.83880241472633,563400.0,18.58689071264811,9.59265760031903
68.68221131970222,240.2112949860276,564000.0,18.646710425458664,9.564783681110626
68.7187561648898,240.58290403292025,564600.0,18.706795366180444,9.537070269752752
68.75480920281036,240.95361636000973,565200.0,18.767144223394418,9.509516616061573
68.79037016876256,241.32341884484546,565800.0,18.82775566253082,9.482121969531898
68.8254388362277,241.69229843931674,566400.0,18.88862832602813,9.454885579388966
68.86001501682532,242.06024217103314,567000.0,18.949760833496327,9.427806694639782
68.89409856026207,242.42723714469156,567600.0,19.011151781884372,9.400884564123995
68.92768935427421,242.79327054342673,568200.0,19.072799745651857,9.374118436564311
68.96078732456347,243.15832963014734,568800.0,19.134703276944816,9.347507560616434
68.99339243472656,243.52240174885583,569400.0,19.196860905775612,9.321051184918545
69.02550468617808,243.88547432595212,570000.0,19.259271140206874,9.294748558140308
69.05712411806715,244.24753487152174,570600.0,19.32193246653944,9.26859892903139
69.08825080718758,244.60857098060646,571200.0,19.384843349504244,9.242601546469517
69.11888486788175,244.9685703344589,571800.0,19.448002232458098,9.216755659508044
69.14902645193814,245.3275207017795,572400.0,19.511407537583334,9.19106051742304
69.1786757484827,245.6854099399362,573000.0,19.575057666091215,9.165515369759895
69.20783298386378,246.04222599616674,573600.0,19.638950998429113,9.140119466379439
69.23649842153118,246.39795690876315,574200.0,19.703085894491338,9.114872057503572
69.26467236190884,246.7525908082376,574800.0,19.767460693833616,9.0897723937604
69.29235514226153,247.10611591847038,575400.0,19.83207371589111,9.064819726228896
69.3195471365556,247.45852055783956,576000.0,19.89692326019996,9.040013306483049
69.34624875531355,247.80979314033115,576600.0,19.962007606622254,9.015352386635534
69.3724604454629,248.15992217663097,577200.0,20.0273250155744,8.99083621938088
69.39818269017903,248.50889627519715,577800.0,20.092873728258777,8.96646405803815
69.42341600872223,248.8567041433127,578400.0,20.158651966898667,8.942235156593117
69.44816095626918,249.20333458812027,579000.0,20.224657934976275,8.91814876973984
69.47241812373844,249.54877651763388,579600.0,20.290889817474152,8.894204152922724
69.49618813761045,249.8930189417338,580200.0,20.357345781119424,8.870400562375398
69.51947165974207,250.2360509731406,580800.0,20.424023974630966,8.846737255161793
69.54226938717554,250.5778618283686,581400.0,20.49092252896957,8.823213489216563
69.56458205194187,250.91844082865887,582000.0,20.558039557590966,8.799828523383873
69.58641042085912,251.25777740089157,582600.0,20.625373156701617,8.776581617455737
69.60775529532518,251.59586107847784,583200.0,20.692921405517197,8.75347203221031
69.62861751110529,251.93268150223116,583800.0,20.76068236652367,8.730499029449689
69.64899793811472,252.268228421217,584400.0,20.828654085740943,8.707661872037098
69.66889748019594,252.60249169358258,585000.0,20.896834592988963,8.68495982393358
69.68831707489113,252.93546128736418,585600.0,20.965221902156227,8.662392150234188
69.70725769320963,253.26712728127427,586200.0,21.033814011470618,8.6399581172037
69.72572033939042,253.59747986546648,586800.0,21.102608903772474,8.617656992311822
69.74370605066007,253.9265093422799,587400.0,21.17160454678981,8.59548804426792
69.76121589698579,254.25420612696112,588000.0,21.24079889341565,8.573450543055225
69.77825098082403,254.58056074836517,588600.0,21.31018988198735,8.551543759964577
69.79481243686436,254.9055638496348,589200.0,21.379775436567837,8.529766967627651
69.81090143176914,255.2292061888578,589800.0,21.449553467228743,8.508119440049708
69.82651916390851,255.55147863970274,590400.0,21.519521870335254,8.486600452641845
69.84166686309153,255.87237219203286,591000.0,21.589678528832664,8.465209282252776
69.85634579029269,256.1918779524984,591600.0,21.66002131253455,8.443945207200095
69.87055723737458,256.5099871451066,592200.0,21.73054807841245,8.422807507301085
69.8843025268065,256.82669111177023,592800.0,21.801256670887,8.40179546390303
69.89758301137906,257.14198131283405,593400.0,21.872144922120416,8.38090835991303
69.91040007391507,257.45584932757964,594000.0,21.943210652310274,8.360145479827374
69.92275512697651,257.7682868547079,594600.0,22.014451669984478,8.339506109760382
69.93464961256798,258.07928571279996,595200.0,22.085865772297335,8.318989537472822
69.94608500183656,258.38883784075654,595800.0,22.157450745326678,8.29859505239982
69.95706279476813,258.69693529821484,596400.0,22.229204364371924,8.278321945678302
69.96758451988038,259.00357026594406,597000.0,22.301124394253023,8.258169510173975
69.97765173391247,259.3087350462192,597600.0,22.37320858961016,8.238137040507832
69.98726602151153,259.61242206317274,598200.0,22.445454695204198,8.21822383308219
69.99642899491604,259.9146238631253,598800.0,22.517860446217703,8.198429186106267
70.00514229363621,260.21533311489407,599400.0,22.590423568556552,8.178752399621294
70.01340758413147,260.5145426100799,600000.0,22.663141779151964,8.15919277552517
