[{"data_set_value_component_environment_variable_time":0.0,"data_set_value_component_membrane_variable_V":-84.3801107371,"data_set_value_component_membrane_variable_R":8314.0,"data_set_value_component_membrane_variable_T":310.0,"data_set_value_component_membrane_variable_F":96484.6,"data_set_value_component_membrane_variable_C":1.0,"data_set_value_component_membrane_variable_I_stim":0.0,"data_set_value_component_membrane_variable_stim_start":100.0,"data_set_value_component_membrane_variable_stim_end":9000.0,"data_set_value_component_membrane_variable_stim_period":1000.0,"data_set_value_component_membrane_variable_stim_duration":2.0,"data_set_value_component_membrane_variable_stim_amplitude":-25.5,"data_set_value_component_fast_sodium_current_variable_i_Na":-0.0000156494,"data_set_value_component_fast_sodium_current_variable_g_Na":23.0,"data_set_value_component_fast_sodium_current_variable_E_Na":54.7944639351,"data_set_value_component_fast_sodium_current_m_gate_variable_m":0.0017133808,"data_set_value_component_fast_sodium_current_m_gate_variable_alpha_m":0.2945277267,"data_set_value_component_fast_sodium_current_m_gate_variable_beta_m":171.6041744878,"data_set_value_component_fast_sodium_current_h_gate_variable_h":0.9826605237,"data_set_value_component_fast_sodium_current_h_gate_variable_alpha_h":0.257085499,"data_set_value_component_fast_sodium_current_h_gate_variable_beta_h":0.0045335137,"data_set_value_component_fast_sodium_current_j_gate_variable_j":0.9891082128,"data_set_value_component_fast_sodium_current_j_gate_variable_alpha_j":0.0602296473,"data_set_value_component_fast_sodium_current_j_gate_variable_beta_j":0.0006613877,"data_set_value_component_slow_inward_current_variable_i_si":-0.0555931093,"data_set_value_component_slow_inward_current_variable_E_si":120.0777658076,"data_set_value_component_slow_inward_current_d_gate_variable_d":0.003021263,"data_set_value_component_slow_inward_current_d_gate_variable_alpha_d":0.0003718397,"data_set_value_component_slow_inward_current_d_gate_variable_beta_d":0.1227654664,"data_set_value_component_slow_inward_current_f_gate_variable_f":0.9999679365,"data_set_value_component_slow_inward_current_f_gate_variable_alpha_f":0.0188353449,"data_set_value_component_slow_inward_current_f_gate_variable_beta_f":0.0000003646,"data_set_value_component_time_dependent_potassium_current_variable_i_K":-0.0568242509,"data_set_value_component_time_dependent_potassium_current_variable_g_K":0.282,"data_set_value_component_time_dependent_potassium_current_variable_E_K":-77.5675843853,"data_set_value_component_time_dependent_potassium_current_variable_PR_NaK":0.01833,"data_set_value_component_time_dependent_potassium_current_X_gate_variable_X":0.0417603108,"data_set_value_component_time_dependent_potassium_current_X_gate_variable_alpha_X":0.0000252604,"data_set_value_component_time_dependent_potassium_current_X_gate_variable_beta_X":0.0043779805,"data_set_value_component_time_dependent_potassium_current_Xi_gate_variable_Xi":0.7082925824,"data_set_value_component_time_independent_potassium_current_variable_i_K1":1.0741953026,"data_set_value_component_time_independent_potassium_current_variable_E_K1":-87.8929017138,"data_set_value_component_time_independent_potassium_current_variable_g_K1":0.6047,"data_set_value_component_time_independent_potassium_current_K1_gate_variable_K1_infinity":0.5056976923,"data_set_value_component_time_independent_potassium_current_K1_gate_variable_alpha_K1":1.0199982662,"data_set_value_component_time_independent_potassium_current_K1_gate_variable_beta_K1":0.9970136398,"data_set_value_component_plateau_potassium_current_variable_i_Kp":0.0000000137,"data_set_value_component_plateau_potassium_current_variable_E_Kp":-87.8929017138,"data_set_value_component_plateau_potassium_current_variable_g_Kp":0.0183,"data_set_value_component_plateau_potassium_current_variable_Kp":0.0000002129,"data_set_value_component_background_current_variable_i_b":-0.961041442,"data_set_value_component_background_current_variable_E_b":-59.87,"data_set_value_component_background_current_variable_g_b":0.03921,"data_set_value_component_ionic_concentrations_variable_Nao":140.0,"data_set_value_component_ionic_concentrations_variable_Nai":18.0,"data_set_value_component_ionic_concentrations_variable_Ki":145.0,"data_set_value_component_ionic_concentrations_variable_Ko":5.4,"data_set_value_component_intracellular_calcium_concentration_variable_Cai":0.0001794882},{"data_set_value_component_environment_variable_time":0.1,"data_set_value_component_membrane_variable_V":-84.3801827862,"data_set_value_component_membrane_variable_R":8314.0,"data_set_value_component_membrane_variable_T":310.0,"data_set_value_component_membrane_variable_F":96484.6,"data_set_value_component_membrane_variable_C":1.0,"data_set_value_component_membrane_variable_I_stim":0.0,"data_set_value_component_membrane_variable_stim_start":100.0,"data_set_value_component_membrane_variable_stim_end":9000.0,"data_set_value_component_membrane_variable_stim_period":1000.0,"data_set_value_component_membrane_variable_stim_duration":2.0,"data_set_value_component_membrane_variable_stim_amplitude":-25.5,"data_set_value_component_fast_sodium_current_variable_i_Na":-0.0000156488,"data_set_value_component_fast_sodium_current_variable_g_Na":23.0,"data_set_value_component_fast_sodium_current_variable_E_Na":54.7944639351,"data_set_value_component_fast_sodium_current_m_gate_variable_m":0.0017133603,"data_set_value_component_fast_sodium_current_m_gate_variable_alpha_m":0.2945261219,"data_set_value_component_fast_sodium_current_m_gate_variable_beta_m":171.6052984842,"data_set_value_component_fast_sodium_current_h_gate_variable_h":0.9826608058,"data_set_value_component_fast_sodium_current_h_gate_variable_alpha_h":0.2570882229,"data_set_value_component_fast_sodium_current_h_gate_variable_beta_h":0.0045334879,"data_set_value_component_fast_sodium_current_j_gate_variable_j":0.9891083951,"data_set_value_component_fast_sodium_current_j_gate_variable_alpha_j":0.0602300441,"data_set_value_component_fast_sodium_current_j_gate_variable_beta_j":0.0006613816,"data_set_value_component_slow_inward_current_variable_i_si":-0.0555927895,"data_set_value_component_slow_inward_current_variable_E_si":120.0778010712,"data_set_value_component_slow_inward_current_d_gate_variable_d":0.003021244,"data_set_value_component_slow_inward_current_d_gate_variable_alpha_d":0.000371838,"data_set_value_component_slow_inward_current_d_gate_variable_beta_d":0.1227656686,"data_set_value_component_slow_inward_current_f_gate_variable_f":0.9999679604,"data_set_value_component_slow_inward_current_f_gate_variable_alpha_f":0.0188353558,"data_set_value_component_slow_inward_current_f_gate_variable_beta_f":0.0000003646,"data_set_value_component_time_dependent_potassium_current_variable_i_K":-0.0568033654,"data_set_value_component_time_dependent_potassium_current_variable_g_K":0.282,"data_set_value_component_time_dependent_potassium_current_variable_E_K":-77.5675843853,"data_set_value_component_time_dependent_potassium_current_variable_PR_NaK":0.01833,"data_set_value_component_time_dependent_potassium_current_X_gate_variable_X":0.0417444574,"data_set_value_component_time_dependent_potassium_current_X_gate_variable_alpha_X":0.0000252602,"data_set_value_component_time_dependent_potassium_current_X_gate_variable_beta_X":0.0043779877,"data_set_value_component_time_dependent_potassium_current_Xi_gate_variable_Xi":0.7082936532,"data_set_value_component_time_independent_potassium_current_variable_i_K1":1.0741766195,"data_set_value_component_time_independent_potassium_current_variable_E_K1":-87.8929017138,"data_set_value_component_time_independent_potassium_current_variable_g_K1":0.6047,"data_set_value_component_time_independent_potassium_current_K1_gate_variable_K1_infinity":0.505699269,"data_set_value_component_time_independent_potassium_current_K1_gate_variable_alpha_K1":1.0199982662,"data_set_value_component_time_independent_potassium_current_K1_gate_variable_beta_K1":0.9970073511,"data_set_value_component_plateau_potassium_current_variable_i_Kp":0.0000000137,"data_set_value_component_plateau_potassium_current_variable_E_Kp":-87.8929017138,"data_set_value_component_plateau_potassium_current_variable_g_Kp":0.0183,"data_set_value_component_plateau_potassium_current_variable_Kp":0.0000002129,"data_set_value_component_background_current_variable_i_b":-0.961044267,"data_set_value_component_background_current_variable_E_b":-59.87,"data_set_value_component_background_current_variable_g_b":0.03921,"data_set_value_component_ionic_concentrations_variable_Nao":140.0,"data_set_value_component_ionic_concentrations_variable_Nai":18.0,"data_set_value_component_ionic_concentrations_variable_Ki":145.0,"data_set_value_component_ionic_concentrations_variable_Ko":5.4,"data_set_value_component_intracellular_calcium_concentration_variable_Cai":0.0001794877},{"data_set_value_component_environment_variable_time":0.2,"data_set_value_component_membrane_variable_V":-84.3802548044,"data_set_value_component_membrane_variable_R":8314.0,"data_set_value_component_membrane_variable_T":310.0,"data_set_value_component_membrane_variable_F":96484.6,"data_set_value_component_membrane_variable_C":1.0,"data_set_value_component_membrane_variable_I_stim":0.0,"data_set_value_component_membrane_variable_stim_start":100.0,"data_set_value_component_membrane_variable_stim_end":9000.0,"data_set_value_component_membrane_variable_stim_period":1000.0,"data_set_value_component_membrane_variable_stim_duration":2.0,"data_set_value_component_membrane_variable_stim_amplitude":-25.5,"data_set_value_component_fast_sodium_current_variable_i_Na":-0.0000156483,"data_set_value_component_fast_sodium_current_variable_g_Na":23.0,"data_set_value_component_fast_sodium_current_variable_E_Na":54.7944639351,"data_set_value_component_fast_sodium_current_m_gate_variable_m":0.0017133397,"data_set_value_component_fast_sodium_current_m_gate_variable_alpha_m":0.2945245178,"data_set_value_component_fast_sodium_current_m_gate_variable_beta_m":171.6064220074,"data_set_value_component_fast_sodium_current_h_gate_variable_h":0.9826610879,"data_set_value_component_fast_sodium_current_h_gate_variable_alpha_h":0.2570909457,"data_set_value_component_fast_sodium_current_h_gate_variable_beta_h":0.0045334621,"data_set_value_component_fast_sodium_current_j_gate_variable_j":0.9891085774,"data_set_value_component_fast_sodium_current_j_gate_variable_alpha_j":0.0602304407,"data_set_value_component_fast_sodium_current_j_gate_variable_beta_j":0.0006613756,"data_set_value_component_slow_inward_current_variable_i_si":-0.0555924697,"data_set_value_component_slow_inward_current_variable_E_si":120.07783632,"data_set_value_component_slow_inward_current_d_gate_variable_d":0.0030212249,"data_set_value_component_slow_inward_current_d_gate_variable_alpha_d":0.0003718364,"data_set_value_component_slow_inward_current_d_gate_variable_beta_d":0.1227658707,"data_set_value_component_slow_inward_current_f_gate_variable_f":0.9999679842,"data_set_value_component_slow_inward_current_f_gate_variable_alpha_f":0.0188353667,"data_set_value_component_slow_inward_current_f_gate_variable_beta_f":0.0000003646,"data_set_value_component_time_dependent_potassium_current_variable_i_K":-0.0567824887,"data_set_value_component_time_dependent_potassium_current_variable_g_K":0.282,"data_set_value_component_time_dependent_potassium_current_variable_E_K":-77.5675843853,"data_set_value_component_time_dependent_potassium_current_variable_PR_NaK":0.01833,"data_set_value_component_time_dependent_potassium_current_X_gate_variable_X":0.041728611,"data_set_value_component_time_dependent_potassium_current_X_gate_variable_alpha_X":0.0000252601,"data_set_value_component_time_dependent_potassium_current_X_gate_variable_beta_X":0.0043779949,"data_set_value_component_time_dependent_potassium_current_Xi_gate_variable_Xi":0.7082947235,"data_set_value_component_time_independent_potassium_current_variable_i_K1":1.0741579442,"data_set_value_component_time_independent_potassium_current_variable_E_K1":-87.8929017138,"data_set_value_component_time_independent_potassium_current_variable_g_K1":0.6047,"data_set_value_component_time_independent_potassium_current_K1_gate_variable_K1_infinity":0.505700845,"data_set_value_component_time_independent_potassium_current_K1_gate_variable_alpha_K1":1.0199982662,"data_set_value_component_time_independent_potassium_current_K1_gate_variable_beta_K1":0.9970010651,"data_set_value_component_plateau_potassium_current_variable_i_Kp":0.0000000137,"data_set_value_component_plateau_potassium_current_variable_E_Kp":-87.8929017138,"data_set_value_component_plateau_potassium_current_variable_g_Kp":0.0183,"data_set_value_component_plateau_potassium_current_variable_Kp":0.0000002129,"data_set_value_component_background_current_variable_i_b":-0.9610470909,"data_set_value_component_background_current_variable_E_b":-59.87,"data_set_value_component_background_current_variable_g_b":0.03921,"data_set_value_component_ionic_concentrations_variable_Nao":140.0,"data_set_value_component_ionic_concentrations_variable_Nai":18.0,"data_set_value_component_ionic_concentrations_variable_Ki":145.0,"data_set_value_component_ionic_concentrations_variable_Ko":5.4,"data_set_value_component_intracellular_calcium_concentration_variable_Cai":0.0001794872},{"data_set_value_component_environment_variable_time":0.3,"data_set_value_component_membrane_variable_V":-84.3803268025,"data_set_value_component_membrane_variable_R":8314.0,"data_set_value_component_membrane_variable_T":310.0,"data_set_value_component_membrane_variable_F":96484.6,"data_set_value_component_membrane_variable_C":1.0,"data_set_value_component_membrane_variable_I_stim":0.0,"data_set_value_component_membrane_variable_stim_start":100.0,"data_set_value_component_membrane_variable_stim_end":9000.0,"data_set_value_component_membrane_variable_stim_period":1000.0,"data_set_value_component_membrane_variable_stim_duration":2.0,"data_set_value_component_membrane_variable_stim_amplitude":-25.5,"data_set_value_component_fast_sodium_current_variable_i_Na":-0.0000156477,"data_set_value_component_fast_sodium_current_variable_g_Na":23.0,"data_set_value_component_fast_sodium_current_variable_E_Na":54.7944639351,"data_set_value_component_fast_sodium_current_m_gate_variable_m":0.0017133192,"data_set_value_component_fast_sodium_current_m_gate_variable_alpha_m":0.2945229141,"data_set_value_component_fast_sodium_current_m_gate_variable_beta_m":171.6075452238,"data_set_value_component_fast_sodium_current_h_gate_variable_h":0.9826613698,"data_set_value_component_fast_sodium_current_h_gate_variable_alpha_h":0.2570936678,"data_set_value_component_fast_sodium_current_h_gate_variable_beta_h":0.0045334363,"data_set_value_component_fast_sodium_current_j_gate_variable_j":0.9891087596,"data_set_value_component_fast_sodium_current_j_gate_variable_alpha_j":0.0602308372,"data_set_value_component_fast_sodium_current_j_gate_variable_beta_j":0.0006613695,"data_set_value_component_slow_inward_current_variable_i_si":-0.0555921501,"data_set_value_component_slow_inward_current_variable_E_si":120.0778715591,"data_set_value_component_slow_inward_current_d_gate_variable_d":0.0030212059,"data_set_value_component_slow_inward_current_d_gate_variable_alpha_d":0.0003718347,"data_set_value_component_slow_inward_current_d_gate_variable_beta_d":0.1227660728,"data_set_value_component_slow_inward_current_f_gate_variable_f":0.999968008,"data_set_value_component_slow_inward_current_f_gate_variable_alpha_f":0.0188353776,"data_set_value_component_slow_inward_current_f_gate_variable_beta_f":0.0000003646,"data_set_value_component_time_dependent_potassium_current_variable_i_K":-0.0567616175,"data_set_value_component_time_dependent_potassium_current_variable_g_K":0.282,"data_set_value_component_time_dependent_potassium_current_variable_E_K":-77.5675843853,"data_set_value_component_time_dependent_potassium_current_variable_PR_NaK":0.01833,"data_set_value_component_time_dependent_potassium_current_X_gate_variable_X":0.0417127692,"data_set_value_component_time_dependent_potassium_current_X_gate_variable_alpha_X":0.00002526,"data_set_value_component_time_dependent_potassium_current_X_gate_variable_beta_X":0.0043780021,"data_set_value_component_time_dependent_potassium_current_Xi_gate_variable_Xi":0.7082957936,"data_set_value_component_time_independent_potassium_current_variable_i_K1":1.074139274,"data_set_value_component_time_independent_potassium_current_variable_E_K1":-87.8929017138,"data_set_value_component_time_independent_potassium_current_variable_g_K1":0.6047,"data_set_value_component_time_independent_potassium_current_K1_gate_variable_K1_infinity":0.5057024206,"data_set_value_component_time_independent_potassium_current_K1_gate_variable_alpha_K1":1.0199982663,"data_set_value_component_time_independent_potassium_current_K1_gate_variable_beta_K1":0.9969947809,"data_set_value_component_plateau_potassium_current_variable_i_Kp":0.0000000137,"data_set_value_component_plateau_potassium_current_variable_E_Kp":-87.8929017138,"data_set_value_component_plateau_potassium_current_variable_g_Kp":0.0183,"data_set_value_component_plateau_potassium_current_variable_Kp":0.0000002129,"data_set_value_component_background_current_variable_i_b":-0.9610499139,"data_set_value_component_background_current_variable_E_b":-59.87,"data_set_value_component_background_current_variable_g_b":0.03921,"data_set_value_component_ionic_concentrations_variable_Nao":140.0,"data_set_value_component_ionic_concentrations_variable_Nai":18.0,"data_set_value_component_ionic_concentrations_variable_Ki":145.0,"data_set_value_component_ionic_concentrations_variable_Ko":5.4,"data_set_value_component_intracellular_calcium_concentration_variable_Cai":0.0001794867},{"data_set_value_component_environment_variable_time":0.4,"data_set_value_component_membrane_variable_V":-84.3803987764,"data_set_value_component_membrane_variable_R":8314.0,"data_set_value_component_membrane_variable_T":310.0,"data_set_value_component_membrane_variable_F":96484.6,"data_set_value_component_membrane_variable_C":1.0,"data_set_value_component_membrane_variable_I_stim":0.0,"data_set_value_component_membrane_variable_stim_start":100.0,"data_set_value_component_membrane_variable_stim_end":9000.0,"data_set_value_component_membrane_variable_stim_period":1000.0,"data_set_value_component_membrane_variable_stim_duration":2.0,"data_set_value_component_membrane_variable_stim_amplitude":-25.5,"data_set_value_component_fast_sodium_current_variable_i_Na":-0.0000156472,"data_set_value_component_fast_sodium_current_variable_g_Na":23.0,"data_set_value_component_fast_sodium_current_variable_E_Na":54.7944639351,"data_set_value_component_fast_sodium_current_m_gate_variable_m":0.0017132987,"data_set_value_component_fast_sodium_current_m_gate_variable_alpha_m":0.294521311,"data_set_value_component_fast_sodium_current_m_gate_variable_beta_m":171.6086680691,"data_set_value_component_fast_sodium_current_h_gate_variable_h":0.9826616517,"data_set_value_component_fast_sodium_current_h_gate_variable_alpha_h":0.257096389,"data_set_value_component_fast_sodium_current_h_gate_variable_beta_h":0.0045334105,"data_set_value_component_fast_sodium_current_j_gate_variable_j":0.9891089418,"data_set_value_component_fast_sodium_current_j_gate_variable_alpha_j":0.0602312336,"data_set_value_component_fast_sodium_current_j_gate_variable_beta_j":0.0006613635,"data_set_value_component_slow_inward_current_variable_i_si":-0.0555918305,"data_set_value_component_slow_inward_current_variable_E_si":120.0779067865,"data_set_value_component_slow_inward_current_d_gate_variable_d":0.0030211869,"data_set_value_component_slow_inward_current_d_gate_variable_alpha_d":0.000371833,"data_set_value_component_slow_inward_current_d_gate_variable_beta_d":0.1227662748,"data_set_value_component_slow_inward_current_f_gate_variable_f":0.9999680318,"data_set_value_component_slow_inward_current_f_gate_variable_alpha_f":0.0188353885,"data_set_value_component_slow_inward_current_f_gate_variable_beta_f":0.0000003646,"data_set_value_component_time_dependent_potassium_current_variable_i_K":-0.0567407532,"data_set_value_component_time_dependent_potassium_current_variable_g_K":0.282,"data_set_value_component_time_dependent_potassium_current_variable_E_K":-77.5675843853,"data_set_value_component_time_dependent_potassium_current_variable_PR_NaK":0.01833,"data_set_value_component_time_dependent_potassium_current_X_gate_variable_X":0.0416969331,"data_set_value_component_time_dependent_potassium_current_X_gate_variable_alpha_X":0.0000252598,"data_set_value_component_time_dependent_potassium_current_X_gate_variable_beta_X":0.0043780092,"data_set_value_component_time_dependent_potassium_current_Xi_gate_variable_Xi":0.7082968632,"data_set_value_component_time_independent_potassium_current_variable_i_K1":1.0741206099,"data_set_value_component_time_independent_potassium_current_variable_E_K1":-87.8929017138,"data_set_value_component_time_independent_potassium_current_variable_g_K1":0.6047,"data_set_value_component_time_independent_potassium_current_K1_gate_variable_K1_infinity":0.5057039957,"data_set_value_component_time_independent_potassium_current_K1_gate_variable_alpha_K1":1.0199982663,"data_set_value_component_time_independent_potassium_current_K1_gate_variable_beta_K1":0.9969884988,"data_set_value_component_plateau_potassium_current_variable_i_Kp":0.0000000137,"data_set_value_component_plateau_potassium_current_variable_E_Kp":-87.8929017138,"data_set_value_component_plateau_potassium_current_variable_g_Kp":0.0183,"data_set_value_component_plateau_potassium_current_variable_Kp":0.0000002129,"data_set_value_component_background_current_variable_i_b":-0.961052736,"data_set_value_component_background_current_variable_E_b":-59.87,"data_set_value_component_background_current_variable_g_b":0.03921,"data_set_value_component_ionic_concentrations_variable_Nao":140.0,"data_set_value_component_ionic_concentrations_variable_Nai":18.0,"data_set_value_component_ionic_concentrations_variable_Ki":145.0,"data_set_value_component_ionic_concentrations_variable_Ko":5.4,"data_set_value_component_intracellular_calcium_concentration_variable_Cai":0.0001794862},{"data_set_value_component_environment_variable_time":0.5,"data_set_value_component_membrane_variable_V":-84.3804707118,"data_set_value_component_membrane_variable_R":8314.0,"data_set_value_component_membrane_variable_T":310.0,"data_set_value_component_membrane_variable_F":96484.6,"data_set_value_component_membrane_variable_C":1.0,"data_set_value_component_membrane_variable_I_stim":0.0,"data_set_value_component_membrane_variable_stim_start":100.0,"data_set_value_component_membrane_variable_stim_end":9000.0,"data_set_value_component_membrane_variable_stim_period":1000.0,"data_set_value_component_membrane_variable_stim_duration":2.0,"data_set_value_component_membrane_variable_stim_amplitude":-25.5,"data_set_value_component_fast_sodium_current_variable_i_Na":-0.0000156466,"data_set_value_component_fast_sodium_current_variable_g_Na":23.0,"data_set_value_component_fast_sodium_current_variable_E_Na":54.7944639351,"data_set_value_component_fast_sodium_current_m_gate_variable_m":0.0017132782,"data_set_value_component_fast_sodium_current_m_gate_variable_alpha_m":0.2945197088,"data_set_value_component_fast_sodium_current_m_gate_variable_beta_m":171.6097903214,"data_set_value_component_fast_sodium_current_h_gate_variable_h":0.9826619333,"data_set_value_component_fast_sodium_current_h_gate_variable_alpha_h":0.2570991088,"data_set_value_component_fast_sodium_current_h_gate_variable_beta_h":0.0045333847,"data_set_value_component_fast_sodium_current_j_gate_variable_j":0.9891091238,"data_set_value_component_fast_sodium_current_j_gate_variable_alpha_j":0.0602316297,"data_set_value_component_fast_sodium_current_j_gate_variable_beta_j":0.0006613575,"data_set_value_component_slow_inward_current_variable_i_si":-0.0555915112,"data_set_value_component_slow_inward_current_variable_E_si":120.0779419954,"data_set_value_component_slow_inward_current_d_gate_variable_d":0.0030211679,"data_set_value_component_slow_inward_current_d_gate_variable_alpha_d":0.0003718314,"data_set_value_component_slow_inward_current_d_gate_variable_beta_d":0.1227664767,"data_set_value_component_slow_inward_current_f_gate_variable_f":0.9999680555,"data_set_value_component_slow_inward_current_f_gate_variable_alpha_f":0.0188353994,"data_set_value_component_slow_inward_current_f_gate_variable_beta_f":0.0000003646,"data_set_value_component_time_dependent_potassium_current_variable_i_K":-0.0567199,"data_set_value_component_time_dependent_potassium_current_variable_g_K":0.282,"data_set_value_component_time_dependent_potassium_current_variable_E_K":-77.5675843853,"data_set_value_component_time_dependent_potassium_current_variable_PR_NaK":0.01833,"data_set_value_component_time_dependent_potassium_current_X_gate_variable_X":0.0416811057,"data_set_value_component_time_dependent_potassium_current_X_gate_variable_alpha_X":0.0000252597,"data_set_value_component_time_dependent_potassium_current_X_gate_variable_beta_X":0.0043780164,"data_set_value_component_time_dependent_potassium_current_Xi_gate_variable_Xi":0.7082979323,"data_set_value_component_time_independent_potassium_current_variable_i_K1":1.0741019557,"data_set_value_component_time_independent_potassium_current_variable_E_K1":-87.8929017138,"data_set_value_component_time_independent_potassium_current_variable_g_K1":0.6047,"data_set_value_component_time_independent_potassium_current_K1_gate_variable_K1_infinity":0.5057055699,"data_set_value_component_time_independent_potassium_current_K1_gate_variable_alpha_K1":1.0199982663,"data_set_value_component_time_independent_potassium_current_K1_gate_variable_beta_K1":0.9969822201,"data_set_value_component_plateau_potassium_current_variable_i_Kp":0.0000000137,"data_set_value_component_plateau_potassium_current_variable_E_Kp":-87.8929017138,"data_set_value_component_plateau_potassium_current_variable_g_Kp":0.0183,"data_set_value_component_plateau_potassium_current_variable_Kp":0.0000002129,"data_set_value_component_background_current_variable_i_b":-0.9610555566,"data_set_value_component_background_current_variable_E_b":-59.87,"data_set_value_component_background_current_variable_g_b":0.03921,"data_set_value_component_ionic_concentrations_variable_Nao":140.0,"data_set_value_component_ionic_concentrations_variable_Nai":18.0,"data_set_value_component_ionic_concentrations_variable_Ki":145.0,"data_set_value_component_ionic_concentrations_variable_Ko":5.4,"data_set_value_component_intracellular_calcium_concentration_variable_Cai":0.0001794857},{"data_set_value_component_environment_variable_time":0.6,"data_set_value_component_membrane_variable_V":-84.3805426204,"data_set_value_component_membrane_variable_R":8314.0,"data_set_value_component_membrane_variable_T":310.0,"data_set_value_component_membrane_variable_F":96484.6,"data_set_value_component_membrane_variable_C":1.0,"data_set_value_component_membrane_variable_I_stim":0.0,"data_set_value_component_membrane_variable_stim_start":100.0,"data_set_value_component_membrane_variable_stim_end":9000.0,"data_set_value_component_membrane_variable_stim_period":1000.0,"data_set_value_component_membrane_variable_stim_duration":2.0,"data_set_value_component_membrane_variable_stim_amplitude":-25.5,"data_set_value_component_fast_sodium_current_variable_i_Na":-0.0000156461,"data_set_value_component_fast_sodium_current_variable_g_Na":23.0,"data_set_value_component_fast_sodium_current_variable_E_Na":54.7944639351,"data_set_value_component_fast_sodium_current_m_gate_variable_m":0.0017132578,"data_set_value_component_fast_sodium_current_m_gate_variable_alpha_m":0.2945181072,"data_set_value_component_fast_sodium_current_m_gate_variable_beta_m":171.610912163,"data_set_value_component_fast_sodium_current_h_gate_variable_h":0.9826622149,"data_set_value_component_fast_sodium_current_h_gate_variable_alpha_h":0.2571018276,"data_set_value_component_fast_sodium_current_h_gate_variable_beta_h":0.004533359,"data_set_value_component_fast_sodium_current_j_gate_variable_j":0.9891093058,"data_set_value_component_fast_sodium_current_j_gate_variable_alpha_j":0.0602320257,"data_set_value_component_fast_sodium_current_j_gate_variable_beta_j":0.0006613514,"data_set_value_component_slow_inward_current_variable_i_si":-0.0555911919,"data_set_value_component_slow_inward_current_variable_E_si":120.0779771913,"data_set_value_component_slow_inward_current_d_gate_variable_d":0.0030211489,"data_set_value_component_slow_inward_current_d_gate_variable_alpha_d":0.0003718297,"data_set_value_component_slow_inward_current_d_gate_variable_beta_d":0.1227666785,"data_set_value_component_slow_inward_current_f_gate_variable_f":0.9999680791,"data_set_value_component_slow_inward_current_f_gate_variable_alpha_f":0.0188354103,"data_set_value_component_slow_inward_current_f_gate_variable_beta_f":0.0000003646,"data_set_value_component_time_dependent_potassium_current_variable_i_K":-0.0566990544,"data_set_value_component_time_dependent_potassium_current_variable_g_K":0.282,"data_set_value_component_time_dependent_potassium_current_variable_E_K":-77.5675843853,"data_set_value_component_time_dependent_potassium_current_variable_PR_NaK":0.01833,"data_set_value_component_time_dependent_potassium_current_X_gate_variable_X":0.0416652845,"data_set_value_component_time_dependent_potassium_current_X_gate_variable_alpha_X":0.0000252595,"data_set_value_component_time_dependent_potassium_current_X_gate_variable_beta_X":0.0043780236,"data_set_value_component_time_dependent_potassium_current_Xi_gate_variable_Xi":0.708299001,"data_set_value_component_time_independent_potassium_current_variable_i_K1":1.0740833084,"data_set_value_component_time_independent_potassium_current_variable_E_K1":-87.8929017138,"data_set_value_component_time_independent_potassium_current_variable_g_K1":0.6047,"data_set_value_component_time_independent_potassium_current_K1_gate_variable_K1_infinity":0.5057071435,"data_set_value_component_time_independent_potassium_current_K1_gate_variable_alpha_K1":1.0199982663,"data_set_value_component_time_independent_potassium_current_K1_gate_variable_beta_K1":0.9969759438,"data_set_value_component_plateau_potassium_current_variable_i_Kp":0.0000000137,"data_set_value_component_plateau_potassium_current_variable_E_Kp":-87.8929017138,"data_set_value_component_plateau_potassium_current_variable_g_Kp":0.0183,"data_set_value_component_plateau_potassium_current_variable_Kp":0.0000002129,"data_set_value_component_background_current_variable_i_b":-0.9610583761,"data_set_value_component_background_current_variable_E_b":-59.87,"data_set_value_component_background_current_variable_g_b":0.03921,"data_set_value_component_ionic_concentrations_variable_Nao":140.0,"data_set_value_component_ionic_concentrations_variable_Nai":18.0,"data_set_value_component_ionic_concentrations_variable_Ki":145.0,"data_set_value_component_ionic_concentrations_variable_Ko":5.4,"data_set_value_component_intracellular_calcium_concentration_variable_Cai":0.0001794853},{"data_set_value_component_environment_variable_time":0.7,"data_set_value_component_membrane_variable_V":-84.3806145021,"data_set_value_component_membrane_variable_R":8314.0,"data_set_value_component_membrane_variable_T":310.0,"data_set_value_component_membrane_variable_F":96484.6,"data_set_value_component_membrane_variable_C":1.0,"data_set_value_component_membrane_variable_I_stim":0.0,"data_set_value_component_membrane_variable_stim_start":100.0,"data_set_value_component_membrane_variable_stim_end":9000.0,"data_set_value_component_membrane_variable_stim_period":1000.0,"data_set_value_component_membrane_variable_stim_duration":2.0,"data_set_value_component_membrane_variable_stim_amplitude":-25.5,"data_set_value_component_fast_sodium_current_variable_i_Na":-0.0000156455,"data_set_value_component_fast_sodium_current_variable_g_Na":23.0,"data_set_value_component_fast_sodium_current_variable_E_Na":54.7944639351,"data_set_value_component_fast_sodium_current_m_gate_variable_m":0.0017132373,"data_set_value_component_fast_sodium_current_m_gate_variable_alpha_m":0.2945165061,"data_set_value_component_fast_sodium_current_m_gate_variable_beta_m":171.6120335936,"data_set_value_component_fast_sodium_current_h_gate_variable_h":0.9826624964,"data_set_value_component_fast_sodium_current_h_gate_variable_alpha_h":0.2571045454,"data_set_value_component_fast_sodium_current_h_gate_variable_beta_h":0.0045333332,"data_set_value_component_fast_sodium_current_j_gate_variable_j":0.9891094877,"data_set_value_component_fast_sodium_current_j_gate_variable_alpha_j":0.0602324216,"data_set_value_component_fast_sodium_current_j_gate_variable_beta_j":0.0006613454,"data_set_value_component_slow_inward_current_variable_i_si":-0.0555908728,"data_set_value_component_slow_inward_current_variable_E_si":120.0780123743,"data_set_value_component_slow_inward_current_d_gate_variable_d":0.0030211299,"data_set_value_component_slow_inward_current_d_gate_variable_alpha_d":0.0003718281,"data_set_value_component_slow_inward_current_d_gate_variable_beta_d":0.1227668803,"data_set_value_component_slow_inward_current_f_gate_variable_f":0.9999681028,"data_set_value_component_slow_inward_current_f_gate_variable_alpha_f":0.0188354211,"data_set_value_component_slow_inward_current_f_gate_variable_beta_f":0.0000003646,"data_set_value_component_time_dependent_potassium_current_variable_i_K":-0.0566782165,"data_set_value_component_time_dependent_potassium_current_variable_g_K":0.282,"data_set_value_component_time_dependent_potassium_current_variable_E_K":-77.5675843853,"data_set_value_component_time_dependent_potassium_current_variable_PR_NaK":0.01833,"data_set_value_component_time_dependent_potassium_current_X_gate_variable_X":0.0416494695,"data_set_value_component_time_dependent_potassium_current_X_gate_variable_alpha_X":0.0000252594,"data_set_value_component_time_dependent_potassium_current_X_gate_variable_beta_X":0.0043780308,"data_set_value_component_time_dependent_potassium_current_Xi_gate_variable_Xi":0.7083000693,"data_set_value_component_time_independent_potassium_current_variable_i_K1":1.0740646678,"data_set_value_component_time_independent_potassium_current_variable_E_K1":-87.8929017138,"data_set_value_component_time_independent_potassium_current_variable_g_K1":0.6047,"data_set_value_component_time_independent_potassium_current_K1_gate_variable_K1_infinity":0.5057087166,"data_set_value_component_time_independent_potassium_current_K1_gate_variable_alpha_K1":1.0199982664,"data_set_value_component_time_independent_potassium_current_K1_gate_variable_beta_K1":0.9969696698,"data_set_value_component_plateau_potassium_current_variable_i_Kp":0.0000000137,"data_set_value_component_plateau_potassium_current_variable_E_Kp":-87.8929017138,"data_set_value_component_plateau_potassium_current_variable_g_Kp":0.0183,"data_set_value_component_plateau_potassium_current_variable_Kp":0.0000002129,"data_set_value_component_background_current_variable_i_b":-0.9610611946,"data_set_value_component_background_current_variable_E_b":-59.87,"data_set_value_component_background_current_variable_g_b":0.03921,"data_set_value_component_ionic_concentrations_variable_Nao":140.0,"data_set_value_component_ionic_concentrations_variable_Nai":18.0,"data_set_value_component_ionic_concentrations_variable_Ki":145.0,"data_set_value_component_ionic_concentrations_variable_Ko":5.4,"data_set_value_component_intracellular_calcium_concentration_variable_Cai":0.0001794848},{"data_set_value_component_environment_variable_time":0.8,"data_set_value_component_membrane_variable_V":-84.3806863571,"data_set_value_component_membrane_variable_R":8314.0,"data_set_value_component_membrane_variable_T":310.0,"data_set_value_component_membrane_variable_F":96484.6,"data_set_value_component_membrane_variable_C":1.0,"data_set_value_component_membrane_variable_I_stim":0.0,"data_set_value_component_membrane_variable_stim_start":100.0,"data_set_value_component_membrane_variable_stim_end":9000.0,"data_set_value_component_membrane_variable_stim_period":1000.0,"data_set_value_component_membrane_variable_stim_duration":2.0,"data_set_value_component_membrane_variable_stim_amplitude":-25.5,"data_set_value_component_fast_sodium_current_variable_i_Na":-0.000015645,"data_set_value_component_fast_sodium_current_variable_g_Na":23.0,"data_set_value_component_fast_sodium_current_variable_E_Na":54.7944639351,"data_set_value_component_fast_sodium_current_m_gate_variable_m":0.0017132168,"data_set_value_component_fast_sodium_current_m_gate_variable_alpha_m":0.2945149057,"data_set_value_component_fast_sodium_current_m_gate_variable_beta_m":171.6131546135,"data_set_value_component_fast_sodium_current_h_gate_variable_h":0.9826627777,"data_set_value_component_fast_sodium_current_h_gate_variable_alpha_h":0.2571072622,"data_set_value_component_fast_sodium_current_h_gate_variable_beta_h":0.0045333075,"data_set_value_component_fast_sodium_current_j_gate_variable_j":0.9891096695,"data_set_value_component_fast_sodium_current_j_gate_variable_alpha_j":0.0602328173,"data_set_value_component_fast_sodium_current_j_gate_variable_beta_j":0.0006613393,"data_set_value_component_slow_inward_current_variable_i_si":-0.0555905538,"data_set_value_component_slow_inward_current_variable_E_si":120.0780475444,"data_set_value_component_slow_inward_current_d_gate_variable_d":0.0030211109,"data_set_value_component_slow_inward_current_d_gate_variable_alpha_d":0.0003718264,"data_set_value_component_slow_inward_current_d_gate_variable_beta_d":0.1227670819,"data_set_value_component_slow_inward_current_f_gate_variable_f":0.9999681264,"data_set_value_component_slow_inward_current_f_gate_variable_alpha_f":0.018835432,"data_set_value_component_slow_inward_current_f_gate_variable_beta_f":0.0000003646,"data_set_value_component_time_dependent_potassium_current_variable_i_K":-0.0566573861,"data_set_value_component_time_dependent_potassium_current_variable_g_K":0.282,"data_set_value_component_time_dependent_potassium_current_variable_E_K":-77.5675843853,"data_set_value_component_time_dependent_potassium_current_variable_PR_NaK":0.01833,"data_set_value_component_time_dependent_potassium_current_X_gate_variable_X":0.0416336606,"data_set_value_component_time_dependent_potassium_current_X_gate_variable_alpha_X":0.0000252593,"data_set_value_component_time_dependent_potassium_current_X_gate_variable_beta_X":0.004378038,"data_set_value_component_time_dependent_potassium_current_Xi_gate_variable_Xi":0.7083011373,"data_set_value_component_time_independent_potassium_current_variable_i_K1":1.0740460341,"data_set_value_component_time_independent_potassium_current_variable_E_K1":-87.8929017138,"data_set_value_component_time_independent_potassium_current_variable_g_K1":0.6047,"data_set_value_component_time_independent_potassium_current_K1_gate_variable_K1_infinity":0.505710289,"data_set_value_component_time_independent_potassium_current_K1_gate_variable_alpha_K1":1.0199982664,"data_set_value_component_time_independent_potassium_current_K1_gate_variable_beta_K1":0.9969633982,"data_set_value_component_plateau_potassium_current_variable_i_Kp":0.0000000137,"data_set_value_component_plateau_potassium_current_variable_E_Kp":-87.8929017138,"data_set_value_component_plateau_potassium_current_variable_g_Kp":0.0183,"data_set_value_component_plateau_potassium_current_variable_Kp":0.0000002129,"data_set_value_component_background_current_variable_i_b":-0.9610640121,"data_set_value_component_background_current_variable_E_b":-59.87,"data_set_value_component_background_current_variable_g_b":0.03921,"data_set_value_component_ionic_concentrations_variable_Nao":140.0,"data_set_value_component_ionic_concentrations_variable_Nai":18.0,"data_set_value_component_ionic_concentrations_variable_Ki":145.0,"data_set_value_component_ionic_concentrations_variable_Ko":5.4,"data_set_value_component_intracellular_calcium_concentration_variable_Cai":0.0001794843},{"data_set_value_component_environment_variable_time":0.9,"data_set_value_component_membrane_variable_V":-84.3807581853,"data_set_value_component_membrane_variable_R":8314.0,"data_set_value_component_membrane_variable_T":310.0,"data_set_value_component_membrane_variable_F":96484.6,"data_set_value_component_membrane_variable_C":1.0,"data_set_value_component_membrane_variable_I_stim":0.0,"data_set_value_component_membrane_variable_stim_start":100.0,"data_set_value_component_membrane_variable_stim_end":9000.0,"data_set_value_component_membrane_variable_stim_period":1000.0,"data_set_value_component_membrane_variable_stim_duration":2.0,"data_set_value_component_membrane_variable_stim_amplitude":-25.5,"data_set_value_component_fast_sodium_current_variable_i_Na":-0.0000156445,"data_set_value_component_fast_sodium_current_variable_g_Na":23.0,"data_set_value_component_fast_sodium_current_variable_E_Na":54.7944639351,"data_set_value_component_fast_sodium_current_m_gate_variable_m":0.0017131964,"data_set_value_component_fast_sodium_current_m_gate_variable_alpha_m":0.2945133059,"data_set_value_component_fast_sodium_current_m_gate_variable_beta_m":171.6142752225,"data_set_value_component_fast_sodium_current_h_gate_variable_h":0.982663059,"data_set_value_component_fast_sodium_current_h_gate_variable_alpha_h":0.257109978,"data_set_value_component_fast_sodium_current_h_gate_variable_beta_h":0.0045332818,"data_set_value_component_fast_sodium_current_j_gate_variable_j":0.9891098513,"data_set_value_component_fast_sodium_current_j_gate_variable_alpha_j":0.0602332128,"data_set_value_component_fast_sodium_current_j_gate_variable_beta_j":0.0006613333,"data_set_value_component_slow_inward_current_variable_i_si":-0.0555902349,"data_set_value_component_slow_inward_current_variable_E_si":120.0780827016,"data_set_value_component_slow_inward_current_d_gate_variable_d":0.0030210919,"data_set_value_component_slow_inward_current_d_gate_variable_alpha_d":0.0003718248,"data_set_value_component_slow_inward_current_d_gate_variable_beta_d":0.1227672835,"data_set_value_component_slow_inward_current_f_gate_variable_f":0.9999681499,"data_set_value_component_slow_inward_current_f_gate_variable_alpha_f":0.0188354429,"data_set_value_component_slow_inward_current_f_gate_variable_beta_f":0.0000003646,"data_set_value_component_time_dependent_potassium_current_variable_i_K":-0.0566365633,"data_set_value_component_time_dependent_potassium_current_variable_g_K":0.282,"data_set_value_component_time_dependent_potassium_current_variable_E_K":-77.5675843853,"data_set_value_component_time_dependent_potassium_current_variable_PR_NaK":0.01833,"data_set_value_component_time_dependent_potassium_current_X_gate_variable_X":0.0416178579,"data_set_value_component_time_dependent_potassium_current_X_gate_variable_alpha_X":0.0000252591,"data_set_value_component_time_dependent_potassium_current_X_gate_variable_beta_X":0.0043780452,"data_set_value_component_time_dependent_potassium_current_Xi_gate_variable_Xi":0.7083022048,"data_set_value_component_time_independent_potassium_current_variable_i_K1":1.0740274072,"data_set_value_component_time_independent_potassium_current_variable_E_K1":-87.8929017138,"data_set_value_component_time_independent_potassium_current_variable_g_K1":0.6047,"data_set_value_component_time_independent_potassium_current_K1_gate_variable_K1_infinity":0.5057118609,"data_set_value_component_time_independent_potassium_current_K1_gate_variable_alpha_K1":1.0199982664,"data_set_value_component_time_independent_potassium_current_K1_gate_variable_beta_K1":0.9969571289,"data_set_value_component_plateau_potassium_current_variable_i_Kp":0.0000000137,"data_set_value_component_plateau_potassium_current_variable_E_Kp":-87.8929017138,"data_set_value_component_plateau_potassium_current_variable_g_Kp":0.0183,"data_set_value_component_plateau_potassium_current_variable_Kp":0.0000002129,"data_set_value_component_background_current_variable_i_b":-0.9610668284,"data_set_value_component_background_current_variable_E_b":-59.87,"data_set_value_component_background_current_variable_g_b":0.03921,"data_set_value_component_ionic_concentrations_variable_Nao":140.0,"data_set_value_component_ionic_concentrations_variable_Nai":18.0,"data_set_value_component_ionic_concentrations_variable_Ki":145.0,"data_set_value_component_ionic_concentrations_variable_Ko":5.4,"data_set_value_component_intracellular_calcium_concentration_variable_Cai":0.0001794838},{"data_set_value_component_environment_variable_time":1.0,"data_set_value_component_membrane_variable_V":-84.3808299766,"data_set_value_component_membrane_variable_R":8314.0,"data_set_value_component_membrane_variable_T":310.0,"data_set_value_component_membrane_variable_F":96484.6,"data_set_value_component_membrane_variable_C":1.0,"data_set_value_component_membrane_variable_I_stim":0.0,"data_set_value_component_membrane_variable_stim_start":100.0,"data_set_value_component_membrane_variable_stim_end":9000.0,"data_set_value_component_membrane_variable_stim_period":1000.0,"data_set_value_component_membrane_variable_stim_duration":2.0,"data_set_value_component_membrane_variable_stim_amplitude":-25.5,"data_set_value_component_fast_sodium_current_variable_i_Na":-0.0000156439,"data_set_value_component_fast_sodium_current_variable_g_Na":23.0,"data_set_value_component_fast_sodium_current_variable_E_Na":54.7944639351,"data_set_value_component_fast_sodium_current_m_gate_variable_m":0.0017131759,"data_set_value_component_fast_sodium_current_m_gate_variable_alpha_m":0.2945117069,"data_set_value_component_fast_sodium_current_m_gate_variable_beta_m":171.6153952634,"data_set_value_component_fast_sodium_current_h_gate_variable_h":0.9826633401,"data_set_value_component_fast_sodium_current_h_gate_variable_alpha_h":0.2571126925,"data_set_value_component_fast_sodium_current_h_gate_variable_beta_h":0.0045332561,"data_set_value_component_fast_sodium_current_j_gate_variable_j":0.989110033,"data_set_value_component_fast_sodium_current_j_gate_variable_alpha_j":0.0602336082,"data_set_value_component_fast_sodium_current_j_gate_variable_beta_j":0.0006613273,"data_set_value_component_slow_inward_current_variable_i_si":-0.0555899161,"data_set_value_component_slow_inward_current_variable_E_si":120.078117841,"data_set_value_component_slow_inward_current_d_gate_variable_d":0.0030210729,"data_set_value_component_slow_inward_current_d_gate_variable_alpha_d":0.0003718231,"data_set_value_component_slow_inward_current_d_gate_variable_beta_d":0.122767485,"data_set_value_component_slow_inward_current_f_gate_variable_f":0.9999681734,"data_set_value_component_slow_inward_current_f_gate_variable_alpha_f":0.0188354537,"data_set_value_component_slow_inward_current_f_gate_variable_beta_f":0.0000003646,"data_set_value_component_time_dependent_potassium_current_variable_i_K":-0.0566157512,"data_set_value_component_time_dependent_potassium_current_variable_g_K":0.282,"data_set_value_component_time_dependent_potassium_current_variable_E_K":-77.5675843853,"data_set_value_component_time_dependent_potassium_current_variable_PR_NaK":0.01833,"data_set_value_component_time_dependent_potassium_current_X_gate_variable_X":0.0416020636,"data_set_value_component_time_dependent_potassium_current_X_gate_variable_alpha_X":0.000025259,"data_set_value_component_time_dependent_potassium_current_X_gate_variable_beta_X":0.0043780523,"data_set_value_component_time_dependent_potassium_current_Xi_gate_variable_Xi":0.7083032717,"data_set_value_component_time_independent_potassium_current_variable_i_K1":1.0740087898,"data_set_value_component_time_independent_potassium_current_variable_E_K1":-87.8929017138,"data_set_value_component_time_independent_potassium_current_variable_g_K1":0.6047,"data_set_value_component_time_independent_potassium_current_K1_gate_variable_K1_infinity":0.505713432,"data_set_value_component_time_independent_potassium_current_K1_gate_variable_alpha_K1":1.0199982665,"data_set_value_component_time_independent_potassium_current_K1_gate_variable_beta_K1":0.9969508629,"data_set_value_component_plateau_potassium_current_variable_i_Kp":0.0000000137,"data_set_value_component_plateau_potassium_current_variable_E_Kp":-87.8929017138,"data_set_value_component_plateau_potassium_current_variable_g_Kp":0.0183,"data_set_value_component_plateau_potassium_current_variable_Kp":0.0000002128,"data_set_value_component_background_current_variable_i_b":-0.9610696434,"data_set_value_component_background_current_variable_E_b":-59.87,"data_set_value_component_background_current_variable_g_b":0.03921,"data_set_value_component_ionic_concentrations_variable_Nao":140.0,"data_set_value_component_ionic_concentrations_variable_Nai":18.0,"data_set_value_component_ionic_concentrations_variable_Ki":145.0,"data_set_value_component_ionic_concentrations_variable_Ko":5.4,"data_set_value_component_intracellular_calcium_concentration_variable_Cai":0.0001794833}]