[{"data_set_value_component_environment_variable_time":0.0,"data_set_value_component_target_cells_variable_T":1000.0,"data_set_value_component_target_cells_variable_s":10.0,"data_set_value_component_target_cells_variable_d":0.02,"data_set_value_component_infected_cells_variable_I":0.0,"data_set_value_component_infected_cells_variable_delta":0.5,"data_set_value_component_viral_load_variable_V":9400000.0,"data_set_value_component_viral_load_variable_epsilon":0.99,"data_set_value_component_viral_load_variable_p":100.0,"data_set_value_component_viral_load_variable_c":5.0,"data_set_value_component_model_parameters_variable_beta":0.0000003,"data_set_value_component_model_parameters_variable_eta":0.8},{"data_set_value_component_environment_variable_time":0.1,"data_set_value_component_target_cells_variable_T":955.6548886853,"data_set_value_component_target_cells_variable_s":10.0,"data_set_value_component_target_cells_variable_d":0.02,"data_set_value_component_infected_cells_variable_I":42.2307255651,"data_set_value_component_infected_cells_variable_delta":0.5,"data_set_value_component_viral_load_variable_V":5701390.2254256308,"data_set_value_component_viral_load_variable_epsilon":0.99,"data_set_value_component_viral_load_variable_p":100.0,"data_set_value_component_viral_load_variable_c":5.0,"data_set_value_component_model_parameters_variable_beta":0.0000003,"data_set_value_component_model_parameters_variable_eta":0.8},{"data_set_value_component_environment_variable_time":0.2,"data_set_value_component_target_cells_variable_T":929.4000644038,"data_set_value_component_target_cells_variable_s":10.0,"data_set_value_component_target_cells_variable_d":0.02,"data_set_value_component_infected_cells_variable_I":64.8650835082,"data_set_value_component_infected_cells_variable_delta":0.5,"data_set_value_component_viral_load_variable_V":3458072.6154282601,"data_set_value_component_viral_load_variable_epsilon":0.99,"data_set_value_component_viral_load_variable_p":100.0,"data_set_value_component_viral_load_variable_c":5.0,"data_set_value_component_model_parameters_variable_beta":0.0000003,"data_set_value_component_model_parameters_variable_eta":0.8},{"data_set_value_component_environment_variable_time":0.3,"data_set_value_component_target_cells_variable_T":913.5129595542,"data_set_value_component_target_cells_variable_s":10.0,"data_set_value_component_target_cells_variable_d":0.02,"data_set_value_component_infected_cells_variable_I":76.3456400524,"data_set_value_component_infected_cells_variable_delta":0.5,"data_set_value_component_viral_load_variable_V":2097433.0756159481,"data_set_value_component_viral_load_variable_epsilon":0.99,"data_set_value_component_viral_load_variable_p":100.0,"data_set_value_component_viral_load_variable_c":5.0,"data_set_value_component_model_parameters_variable_beta":0.0000003,"data_set_value_component_model_parameters_variable_eta":0.8},{"data_set_value_component_environment_variable_time":0.4,"data_set_value_component_target_cells_variable_T":903.6980618402,"data_set_value_component_target_cells_variable_s":10.0,"data_set_value_component_target_cells_variable_d":0.02,"data_set_value_component_infected_cells_variable_I":81.3808202887,"data_set_value_component_infected_cells_variable_delta":0.5,"data_set_value_component_viral_load_variable_V":1272163.9299750221,"data_set_value_component_viral_load_variable_epsilon":0.99,"data_set_value_component_viral_load_variable_p":100.0,"data_set_value_component_viral_load_variable_c":5.0,"data_set_value_component_model_parameters_variable_beta":0.0000003,"data_set_value_component_model_parameters_variable_eta":0.8},{"data_set_value_component_environment_variable_time":0.5,"data_set_value_component_target_cells_variable_T":897.4875600341,"data_set_value_component_target_cells_variable_s":10.0,"data_set_value_component_target_cells_variable_d":0.02,"data_set_value_component_infected_cells_variable_I":82.6774931335,"data_set_value_component_infected_cells_variable_delta":0.5,"data_set_value_component_viral_load_variable_V":771613.0334269346,"data_set_value_component_viral_load_variable_epsilon":0.99,"data_set_value_component_viral_load_variable_p":100.0,"data_set_value_component_viral_load_variable_c":5.0,"data_set_value_component_model_parameters_variable_beta":0.0000003,"data_set_value_component_model_parameters_variable_eta":0.8},{"data_set_value_component_environment_variable_time":0.6,"data_set_value_component_target_cells_variable_T":893.4343736616,"data_set_value_component_target_cells_variable_s":10.0,"data_set_value_component_target_cells_variable_d":0.02,"data_set_value_component_infected_cells_variable_I":81.8209235785,"data_set_value_component_infected_cells_variable_delta":0.5,"data_set_value_component_viral_load_variable_V":468013.5205528514,"data_set_value_component_viral_load_variable_epsilon":0.99,"data_set_value_component_viral_load_variable_p":100.0,"data_set_value_component_viral_load_variable_c":5.0,"data_set_value_component_model_parameters_variable_beta":0.0000003,"data_set_value_component_model_parameters_variable_eta":0.8},{"data_set_value_component_environment_variable_time":0.7,"data_set_value_component_target_cells_variable_T":890.6790821301,"data_set_value_component_target_cells_variable_s":10.0,"data_set_value_component_target_cells_variable_d":0.02,"data_set_value_component_infected_cells_variable_I":79.7493293279,"data_set_value_component_infected_cells_variable_delta":0.5,"data_set_value_component_viral_load_variable_V":283870.9531442373,"data_set_value_component_viral_load_variable_epsilon":0.99,"data_set_value_component_viral_load_variable_p":100.0,"data_set_value_component_viral_load_variable_c":5.0,"data_set_value_component_model_parameters_variable_beta":0.0000003,"data_set_value_component_model_parameters_variable_eta":0.8},{"data_set_value_component_environment_variable_time":0.8,"data_set_value_component_target_cells_variable_T":888.707249482,"data_set_value_component_target_cells_variable_s":10.0,"data_set_value_component_target_cells_variable_d":0.02,"data_set_value_component_infected_cells_variable_I":77.0207093574,"data_set_value_component_infected_cells_variable_delta":0.5,"data_set_value_component_viral_load_variable_V":172182.6277878432,"data_set_value_component_viral_load_variable_epsilon":0.99,"data_set_value_component_viral_load_variable_p":100.0,"data_set_value_component_viral_load_variable_c":5.0,"data_set_value_component_model_parameters_variable_beta":0.0000003,"data_set_value_component_model_parameters_variable_eta":0.8},{"data_set_value_component_environment_variable_time":0.9,"data_set_value_component_target_cells_variable_T":887.2094553848,"data_set_value_component_target_cells_variable_s":10.0,"data_set_value_component_target_cells_variable_d":0.02,"data_set_value_component_infected_cells_variable_I":73.9670866028,"data_set_value_component_infected_cells_variable_delta":0.5,"data_set_value_component_viral_load_variable_V":104439.9925697352,"data_set_value_component_viral_load_variable_epsilon":0.99,"data_set_value_component_viral_load_variable_p":100.0,"data_set_value_component_viral_load_variable_c":5.0,"data_set_value_component_model_parameters_variable_beta":0.0000003,"data_set_value_component_model_parameters_variable_eta":0.8},{"data_set_value_component_environment_variable_time":1.0,"data_set_value_component_target_cells_variable_T":885.999042884,"data_set_value_component_target_cells_variable_s":10.0,"data_set_value_component_target_cells_variable_d":0.02,"data_set_value_component_infected_cells_variable_I":70.7852722219,"data_set_value_component_infected_cells_variable_delta":0.5,"data_set_value_component_viral_load_variable_V":63351.7537238889,"data_set_value_component_viral_load_variable_epsilon":0.99,"data_set_value_component_viral_load_variable_p":100.0,"data_set_value_component_viral_load_variable_c":5.0,"data_set_value_component_model_parameters_variable_beta":0.0000003,"data_set_value_component_model_parameters_variable_eta":0.8}]