[{"data_set_value_component_environment_variable_time":0.0,"data_set_value_component_equations_variable_F":0.0,"data_set_value_component_equations_variable_R_on":1.0,"data_set_value_component_equations_variable_A":0.0,"data_set_value_component_equations_variable_alpha":0.1,"data_set_value_component_equations_variable_D":1.0,"data_set_value_component_equations_variable_k_XB":0.0,"data_set_value_component_equations_variable_k_a":0.0,"data_set_value_component_equations_variable_x":1.0,"data_set_value_component_undefined_parameters_variable_x_0":1.0,"data_set_value_component_undefined_parameters_variable_epsilon":1.0,"data_set_value_component_undefined_parameters_variable_beta":2.0,"data_set_value_component_undefined_parameters_variable_g":1.0,"data_set_value_component_undefined_parameters_variable_f":1.0,"data_set_value_component_undefined_parameters_variable_k_off":1.0,"data_set_value_component_undefined_parameters_variable_k_on":1.0,"data_set_value_component_parameters_stelzer_et_al_variable_L":2.12,"data_set_value_component_parameters_stelzer_et_al_variable_L_0":2.12,"data_set_value_component_parameters_stelzer_et_al_variable_dL_dt":0.0},{"data_set_value_component_environment_variable_time":0.1,"data_set_value_component_equations_variable_F":0.0842197174,"data_set_value_component_equations_variable_R_on":0.8264323319,"data_set_value_component_equations_variable_A":0.0826314396,"data_set_value_component_equations_variable_alpha":0.1,"data_set_value_component_equations_variable_D":0.9173685604,"data_set_value_component_equations_variable_k_XB":0.0,"data_set_value_component_equations_variable_k_a":0.0,"data_set_value_component_equations_variable_x":1.019221229,"data_set_value_component_undefined_parameters_variable_x_0":1.0,"data_set_value_component_undefined_parameters_variable_epsilon":1.0,"data_set_value_component_undefined_parameters_variable_beta":2.0,"data_set_value_component_undefined_parameters_variable_g":1.0,"data_set_value_component_undefined_parameters_variable_f":1.0,"data_set_value_component_undefined_parameters_variable_k_off":1.0,"data_set_value_component_undefined_parameters_variable_k_on":1.0,"data_set_value_component_parameters_stelzer_et_al_variable_L":2.1412003214,"data_set_value_component_parameters_stelzer_et_al_variable_L_0":2.12,"data_set_value_component_parameters_stelzer_et_al_variable_dL_dt":0.0},{"data_set_value_component_environment_variable_time":0.2,"data_set_value_component_equations_variable_F":0.1410808931,"data_set_value_component_equations_variable_R_on":0.6940208273,"data_set_value_component_equations_variable_A":0.1386691472,"data_set_value_component_equations_variable_alpha":0.1,"data_set_value_component_equations_variable_D":0.8613308528,"data_set_value_component_equations_variable_k_XB":0.0,"data_set_value_component_equations_variable_k_a":0.0,"data_set_value_component_equations_variable_x":1.0173920872,"data_set_value_component_undefined_parameters_variable_x_0":1.0,"data_set_value_component_undefined_parameters_variable_epsilon":1.0,"data_set_value_component_undefined_parameters_variable_beta":2.0,"data_set_value_component_undefined_parameters_variable_g":1.0,"data_set_value_component_undefined_parameters_variable_f":1.0,"data_set_value_component_undefined_parameters_variable_k_off":1.0,"data_set_value_component_undefined_parameters_variable_k_on":1.0,"data_set_value_component_parameters_stelzer_et_al_variable_L":2.1412003214,"data_set_value_component_parameters_stelzer_et_al_variable_L_0":2.12,"data_set_value_component_parameters_stelzer_et_al_variable_dL_dt":0.0},{"data_set_value_component_environment_variable_time":0.3,"data_set_value_component_equations_variable_F":0.1794543093,"data_set_value_component_equations_variable_R_on":0.5909168502,"data_set_value_component_equations_variable_A":0.1766739888,"data_set_value_component_equations_variable_alpha":0.1,"data_set_value_component_equations_variable_D":0.8233260112,"data_set_value_component_equations_variable_k_XB":0.0,"data_set_value_component_equations_variable_k_a":0.0,"data_set_value_component_equations_variable_x":1.0157370112,"data_set_value_component_undefined_parameters_variable_x_0":1.0,"data_set_value_component_undefined_parameters_variable_epsilon":1.0,"data_set_value_component_undefined_parameters_variable_beta":2.0,"data_set_value_component_undefined_parameters_variable_g":1.0,"data_set_value_component_undefined_parameters_variable_f":1.0,"data_set_value_component_undefined_parameters_variable_k_off":1.0,"data_set_value_component_undefined_parameters_variable_k_on":1.0,"data_set_value_component_parameters_stelzer_et_al_variable_L":2.1412003214,"data_set_value_component_parameters_stelzer_et_al_variable_L_0":2.12,"data_set_value_component_parameters_stelzer_et_al_variable_dL_dt":0.0},{"data_set_value_component_environment_variable_time":0.4,"data_set_value_component_equations_variable_F":0.2049635048,"data_set_value_component_equations_variable_R_on":0.5093034851,"data_set_value_component_equations_variable_A":0.2020859153,"data_set_value_component_equations_variable_alpha":0.1,"data_set_value_component_equations_variable_D":0.7979140847,"data_set_value_component_equations_variable_k_XB":0.0,"data_set_value_component_equations_variable_k_a":0.0,"data_set_value_component_equations_variable_x":1.0142394366,"data_set_value_component_undefined_parameters_variable_x_0":1.0,"data_set_value_component_undefined_parameters_variable_epsilon":1.0,"data_set_value_component_undefined_parameters_variable_beta":2.0,"data_set_value_component_undefined_parameters_variable_g":1.0,"data_set_value_component_undefined_parameters_variable_f":1.0,"data_set_value_component_undefined_parameters_variable_k_off":1.0,"data_set_value_component_undefined_parameters_variable_k_on":1.0,"data_set_value_component_parameters_stelzer_et_al_variable_L":2.1412003214,"data_set_value_component_parameters_stelzer_et_al_variable_L_0":2.12,"data_set_value_component_parameters_stelzer_et_al_variable_dL_dt":0.0},{"data_set_value_component_environment_variable_time":0.5,"data_set_value_component_equations_variable_F":0.2213286707,"data_set_value_component_equations_variable_R_on":0.4438050747,"data_set_value_component_equations_variable_A":0.2185132639,"data_set_value_component_equations_variable_alpha":0.1,"data_set_value_component_equations_variable_D":0.7814867361,"data_set_value_component_equations_variable_k_XB":0.0,"data_set_value_component_equations_variable_k_a":0.0,"data_set_value_component_equations_variable_x":1.012884375,"data_set_value_component_undefined_parameters_variable_x_0":1.0,"data_set_value_component_undefined_parameters_variable_epsilon":1.0,"data_set_value_component_undefined_parameters_variable_beta":2.0,"data_set_value_component_undefined_parameters_variable_g":1.0,"data_set_value_component_undefined_parameters_variable_f":1.0,"data_set_value_component_undefined_parameters_variable_k_off":1.0,"data_set_value_component_undefined_parameters_variable_k_on":1.0,"data_set_value_component_parameters_stelzer_et_al_variable_L":2.1412003214,"data_set_value_component_parameters_stelzer_et_al_variable_L_0":2.12,"data_set_value_component_parameters_stelzer_et_al_variable_dL_dt":0.0},{"data_set_value_component_environment_variable_time":0.6,"data_set_value_component_equations_variable_F":0.2310954944,"data_set_value_component_equations_variable_R_on":0.3906048624,"data_set_value_component_equations_variable_A":0.2284323694,"data_set_value_component_equations_variable_alpha":0.1,"data_set_value_component_equations_variable_D":0.7715676306,"data_set_value_component_equations_variable_k_XB":0.0,"data_set_value_component_equations_variable_k_a":0.0,"data_set_value_component_equations_variable_x":1.0116582646,"data_set_value_component_undefined_parameters_variable_x_0":1.0,"data_set_value_component_undefined_parameters_variable_epsilon":1.0,"data_set_value_component_undefined_parameters_variable_beta":2.0,"data_set_value_component_undefined_parameters_variable_g":1.0,"data_set_value_component_undefined_parameters_variable_f":1.0,"data_set_value_component_undefined_parameters_variable_k_off":1.0,"data_set_value_component_undefined_parameters_variable_k_on":1.0,"data_set_value_component_parameters_stelzer_et_al_variable_L":2.1412003214,"data_set_value_component_parameters_stelzer_et_al_variable_L_0":2.12,"data_set_value_component_parameters_stelzer_et_al_variable_dL_dt":0.0},{"data_set_value_component_environment_variable_time":0.7,"data_set_value_component_equations_variable_F":0.2360546514,"data_set_value_component_equations_variable_R_on":0.3469224506,"data_set_value_component_equations_variable_A":0.2335905435,"data_set_value_component_equations_variable_alpha":0.1,"data_set_value_component_equations_variable_D":0.7664094565,"data_set_value_component_equations_variable_k_XB":0.0,"data_set_value_component_equations_variable_k_a":0.0,"data_set_value_component_equations_variable_x":1.0105488341,"data_set_value_component_undefined_parameters_variable_x_0":1.0,"data_set_value_component_undefined_parameters_variable_epsilon":1.0,"data_set_value_component_undefined_parameters_variable_beta":2.0,"data_set_value_component_undefined_parameters_variable_g":1.0,"data_set_value_component_undefined_parameters_variable_f":1.0,"data_set_value_component_undefined_parameters_variable_k_off":1.0,"data_set_value_component_undefined_parameters_variable_k_on":1.0,"data_set_value_component_parameters_stelzer_et_al_variable_L":2.1412003214,"data_set_value_component_parameters_stelzer_et_al_variable_L_0":2.12,"data_set_value_component_parameters_stelzer_et_al_variable_dL_dt":0.0},{"data_set_value_component_environment_variable_time":0.8,"data_set_value_component_equations_variable_F":0.2374922471,"data_set_value_component_equations_variable_R_on":0.3106925292,"data_set_value_component_equations_variable_A":0.235246821,"data_set_value_component_equations_variable_alpha":0.1,"data_set_value_component_equations_variable_D":0.764753179,"data_set_value_component_equations_variable_k_XB":0.0,"data_set_value_component_equations_variable_k_a":0.0,"data_set_value_component_equations_variable_x":1.0095449798,"data_set_value_component_undefined_parameters_variable_x_0":1.0,"data_set_value_component_undefined_parameters_variable_epsilon":1.0,"data_set_value_component_undefined_parameters_variable_beta":2.0,"data_set_value_component_undefined_parameters_variable_g":1.0,"data_set_value_component_undefined_parameters_variable_f":1.0,"data_set_value_component_undefined_parameters_variable_k_off":1.0,"data_set_value_component_undefined_parameters_variable_k_on":1.0,"data_set_value_component_parameters_stelzer_et_al_variable_L":2.1412003214,"data_set_value_component_parameters_stelzer_et_al_variable_L_0":2.12,"data_set_value_component_parameters_stelzer_et_al_variable_dL_dt":0.0},{"data_set_value_component_environment_variable_time":0.9,"data_set_value_component_equations_variable_F":0.2363485197,"data_set_value_component_equations_variable_R_on":0.2803552782,"data_set_value_component_equations_variable_A":0.2343247378,"data_set_value_component_equations_variable_alpha":0.1,"data_set_value_component_equations_variable_D":0.7656752622,"data_set_value_component_equations_variable_k_XB":0.0,"data_set_value_component_equations_variable_k_a":0.0,"data_set_value_component_equations_variable_x":1.0086366549,"data_set_value_component_undefined_parameters_variable_x_0":1.0,"data_set_value_component_undefined_parameters_variable_epsilon":1.0,"data_set_value_component_undefined_parameters_variable_beta":2.0,"data_set_value_component_undefined_parameters_variable_g":1.0,"data_set_value_component_undefined_parameters_variable_f":1.0,"data_set_value_component_undefined_parameters_variable_k_off":1.0,"data_set_value_component_undefined_parameters_variable_k_on":1.0,"data_set_value_component_parameters_stelzer_et_al_variable_L":2.1412003214,"data_set_value_component_parameters_stelzer_et_al_variable_L_0":2.12,"data_set_value_component_parameters_stelzer_et_al_variable_dL_dt":0.0},{"data_set_value_component_environment_variable_time":1.0,"data_set_value_component_equations_variable_F":0.2333199796,"data_set_value_component_equations_variable_R_on":0.254717391,"data_set_value_component_equations_variable_A":0.2315107764,"data_set_value_component_equations_variable_alpha":0.1,"data_set_value_component_equations_variable_D":0.7684892236,"data_set_value_component_equations_variable_k_XB":0.0,"data_set_value_component_equations_variable_k_a":0.0,"data_set_value_component_equations_variable_x":1.0078147685,"data_set_value_component_undefined_parameters_variable_x_0":1.0,"data_set_value_component_undefined_parameters_variable_epsilon":1.0,"data_set_value_component_undefined_parameters_variable_beta":2.0,"data_set_value_component_undefined_parameters_variable_g":1.0,"data_set_value_component_undefined_parameters_variable_f":1.0,"data_set_value_component_undefined_parameters_variable_k_off":1.0,"data_set_value_component_undefined_parameters_variable_k_on":1.0,"data_set_value_component_parameters_stelzer_et_al_variable_L":2.1412003214,"data_set_value_component_parameters_stelzer_et_al_variable_L_0":2.12,"data_set_value_component_parameters_stelzer_et_al_variable_dL_dt":0.0}]