[{"file": "simulation_1.sedml"}, {"file": "TNNP_unit_fixes.pdf"}, {"file": "report.csv"}, {"file": "simulation_0.sedml"}, {"file": "simulation_2.sedml"}, {"file": "tentusscher_noble_noble_panfilov_2004.xul"}, {"file": "ten_tusscher_2004.svg"}, {"file": "tentusscher.xul"}, {"file": "ten_tusscher_2004.ai"}, {"file": "tentusscher_noble_noble_panfilov_2004_endo.cellml"}, {"file": "tentusscher_noble_noble_panfilov_2004_m.cellml"}, {"file": "tentusscher_noble_noble_panfilov_2004_epi.cellml"}, {"file": "ten_tusscher_2004.png"}]