[{"data_set_value_component_environment_variable_time":0.0,"data_set_value_component_L_variable_L":0.33,"data_set_value_component_L_variable_L_0":0.25,"data_set_value_component_A_variable_A":0.34,"data_set_value_component_A_variable_A_0":0.45,"data_set_value_component_T_variable_T":0.33,"data_set_value_component_T_variable_T_0":0.3,"data_set_value_component_M_variable_M":0.0,"data_set_value_component_reaction_constants_variable_mu_L":2.0,"data_set_value_component_reaction_constants_variable_mu_A":3.6,"data_set_value_component_reaction_constants_variable_mu_T":2.4,"data_set_value_component_reaction_constants_variable_epsilon":0.0},{"data_set_value_component_environment_variable_time":0.1,"data_set_value_component_L_variable_L":0.3272320256,"data_set_value_component_L_variable_L_0":0.25,"data_set_value_component_A_variable_A":0.3468898327,"data_set_value_component_A_variable_A_0":0.45,"data_set_value_component_T_variable_T":0.3258781417,"data_set_value_component_T_variable_T_0":0.3,"data_set_value_component_M_variable_M":0.0,"data_set_value_component_reaction_constants_variable_mu_L":2.0,"data_set_value_component_reaction_constants_variable_mu_A":3.6,"data_set_value_component_reaction_constants_variable_mu_T":2.4,"data_set_value_component_reaction_constants_variable_epsilon":0.0},{"data_set_value_component_environment_variable_time":0.2,"data_set_value_component_L_variable_L":0.3244389529,"data_set_value_component_L_variable_L_0":0.25,"data_set_value_component_A_variable_A":0.3534540801,"data_set_value_component_A_variable_A_0":0.45,"data_set_value_component_T_variable_T":0.3221069671,"data_set_value_component_T_variable_T_0":0.3,"data_set_value_component_M_variable_M":0.0,"data_set_value_component_reaction_constants_variable_mu_L":2.0,"data_set_value_component_reaction_constants_variable_mu_A":3.6,"data_set_value_component_reaction_constants_variable_mu_T":2.4,"data_set_value_component_reaction_constants_variable_epsilon":0.0},{"data_set_value_component_environment_variable_time":0.3,"data_set_value_component_L_variable_L":0.3216353765,"data_set_value_component_L_variable_L_0":0.25,"data_set_value_component_A_variable_A":0.3597003259,"data_set_value_component_A_variable_A_0":0.45,"data_set_value_component_T_variable_T":0.3186642976,"data_set_value_component_T_variable_T_0":0.3,"data_set_value_component_M_variable_M":0.0,"data_set_value_component_reaction_constants_variable_mu_L":2.0,"data_set_value_component_reaction_constants_variable_mu_A":3.6,"data_set_value_component_reaction_constants_variable_mu_T":2.4,"data_set_value_component_reaction_constants_variable_epsilon":0.0},{"data_set_value_component_environment_variable_time":0.4,"data_set_value_component_L_variable_L":0.3188349179,"data_set_value_component_L_variable_L_0":0.25,"data_set_value_component_A_variable_A":0.3656372137,"data_set_value_component_A_variable_A_0":0.45,"data_set_value_component_T_variable_T":0.3155278684,"data_set_value_component_T_variable_T_0":0.3,"data_set_value_component_M_variable_M":0.0,"data_set_value_component_reaction_constants_variable_mu_L":2.0,"data_set_value_component_reaction_constants_variable_mu_A":3.6,"data_set_value_component_reaction_constants_variable_mu_T":2.4,"data_set_value_component_reaction_constants_variable_epsilon":0.0},{"data_set_value_component_environment_variable_time":0.5,"data_set_value_component_L_variable_L":0.3160494787,"data_set_value_component_L_variable_L_0":0.25,"data_set_value_component_A_variable_A":0.3712736913,"data_set_value_component_A_variable_A_0":0.45,"data_set_value_component_T_variable_T":0.31267683,"data_set_value_component_T_variable_T_0":0.3,"data_set_value_component_M_variable_M":0.0,"data_set_value_component_reaction_constants_variable_mu_L":2.0,"data_set_value_component_reaction_constants_variable_mu_A":3.6,"data_set_value_component_reaction_constants_variable_mu_T":2.4,"data_set_value_component_reaction_constants_variable_epsilon":0.0},{"data_set_value_component_environment_variable_time":0.6,"data_set_value_component_L_variable_L":0.3132895565,"data_set_value_component_L_variable_L_0":0.25,"data_set_value_component_A_variable_A":0.3766189825,"data_set_value_component_A_variable_A_0":0.45,"data_set_value_component_T_variable_T":0.310091461,"data_set_value_component_T_variable_T_0":0.3,"data_set_value_component_M_variable_M":0.0,"data_set_value_component_reaction_constants_variable_mu_L":2.0,"data_set_value_component_reaction_constants_variable_mu_A":3.6,"data_set_value_component_reaction_constants_variable_mu_T":2.4,"data_set_value_component_reaction_constants_variable_epsilon":0.0},{"data_set_value_component_environment_variable_time":0.7,"data_set_value_component_L_variable_L":0.3105643312,"data_set_value_component_L_variable_L_0":0.25,"data_set_value_component_A_variable_A":0.3816825487,"data_set_value_component_A_variable_A_0":0.45,"data_set_value_component_T_variable_T":0.30775312,"data_set_value_component_T_variable_T_0":0.3,"data_set_value_component_M_variable_M":0.0,"data_set_value_component_reaction_constants_variable_mu_L":2.0,"data_set_value_component_reaction_constants_variable_mu_A":3.6,"data_set_value_component_reaction_constants_variable_mu_T":2.4,"data_set_value_component_reaction_constants_variable_epsilon":0.0},{"data_set_value_component_environment_variable_time":0.8,"data_set_value_component_L_variable_L":0.3078817647,"data_set_value_component_L_variable_L_0":0.25,"data_set_value_component_A_variable_A":0.3864740242,"data_set_value_component_A_variable_A_0":0.45,"data_set_value_component_T_variable_T":0.3056442111,"data_set_value_component_T_variable_T_0":0.3,"data_set_value_component_M_variable_M":0.0,"data_set_value_component_reaction_constants_variable_mu_L":2.0,"data_set_value_component_reaction_constants_variable_mu_A":3.6,"data_set_value_component_reaction_constants_variable_mu_T":2.4,"data_set_value_component_reaction_constants_variable_epsilon":0.0},{"data_set_value_component_environment_variable_time":0.9,"data_set_value_component_L_variable_L":0.3052487374,"data_set_value_component_L_variable_L_0":0.25,"data_set_value_component_A_variable_A":0.3910031491,"data_set_value_component_A_variable_A_0":0.45,"data_set_value_component_T_variable_T":0.3037481136,"data_set_value_component_T_variable_T_0":0.3,"data_set_value_component_M_variable_M":0.0,"data_set_value_component_reaction_constants_variable_mu_L":2.0,"data_set_value_component_reaction_constants_variable_mu_A":3.6,"data_set_value_component_reaction_constants_variable_mu_T":2.4,"data_set_value_component_reaction_constants_variable_epsilon":0.0},{"data_set_value_component_environment_variable_time":1.0,"data_set_value_component_L_variable_L":0.3026711447,"data_set_value_component_L_variable_L_0":0.25,"data_set_value_component_A_variable_A":0.3952797106,"data_set_value_component_A_variable_A_0":0.45,"data_set_value_component_T_variable_T":0.3020491447,"data_set_value_component_T_variable_T_0":0.3,"data_set_value_component_M_variable_M":0.0,"data_set_value_component_reaction_constants_variable_mu_L":2.0,"data_set_value_component_reaction_constants_variable_mu_A":3.6,"data_set_value_component_reaction_constants_variable_mu_T":2.4,"data_set_value_component_reaction_constants_variable_epsilon":0.0}]