[{"data_set_value_component_Protocol_variable_I_app":0.0},{"data_set_value_component_Protocol_variable_I_app":0.0},{"data_set_value_component_Protocol_variable_I_app":0.0},{"data_set_value_component_Protocol_variable_I_app":0.0},{"data_set_value_component_Protocol_variable_I_app":0.0},{"data_set_value_component_Protocol_variable_I_app":0.0},{"data_set_value_component_Protocol_variable_I_app":0.0},{"data_set_value_component_Protocol_variable_I_app":0.0},{"data_set_value_component_Protocol_variable_I_app":0.0},{"data_set_value_component_Protocol_variable_I_app":0.0},{"data_set_value_component_Protocol_variable_I_app":0.0}]