[{"data_generator_MV1":-49.360428,"data_generator_T":0.0},{"data_generator_MV1":-52.093788,"data_generator_T":2.0},{"data_generator_MV1":-57.166012,"data_generator_T":4.0},{"data_generator_MV1":-59.351116,"data_generator_T":6.0},{"data_generator_MV1":-60.686329,"data_generator_T":8.0},{"data_generator_MV1":-62.389462,"data_generator_T":10.0},{"data_generator_MV1":-62.616104,"data_generator_T":12.0},{"data_generator_MV1":-62.131065,"data_generator_T":14.0},{"data_generator_MV1":-61.296955,"data_generator_T":16.0},{"data_generator_MV1":-60.297161,"data_generator_T":18.0},{"data_generator_MV1":-59.228657,"data_generator_T":20.0},{"data_generator_MV1":-58.142399,"data_generator_T":22.0},{"data_generator_MV1":-57.061958,"data_generator_T":24.0},{"data_generator_MV1":-55.992344,"data_generator_T":26.0},{"data_generator_MV1":-56.337917,"data_generator_T":28.0},{"data_generator_MV1":-57.431969,"data_generator_T":30.0},{"data_generator_MV1":-57.726894,"data_generator_T":32.0},{"data_generator_MV1":-57.536491,"data_generator_T":34.0},{"data_generator_MV1":-57.056278,"data_generator_T":36.0},{"data_generator_MV1":-56.401882,"data_generator_T":38.0},{"data_generator_MV1":-55.638168,"data_generator_T":40.0},{"data_generator_MV1":-57.602974,"data_generator_T":42.0},{"data_generator_MV1":-58.960964,"data_generator_T":44.0},{"data_generator_MV1":-60.000034,"data_generator_T":46.0},{"data_generator_MV1":-61.125465,"data_generator_T":48.0},{"data_generator_MV1":-61.297138,"data_generator_T":50.0},{"data_generator_MV1":-60.848793,"data_generator_T":52.0},{"data_generator_MV1":-60.083126,"data_generator_T":54.0},{"data_generator_MV1":-59.159286,"data_generator_T":56.0},{"data_generator_MV1":-58.162292,"data_generator_T":58.0},{"data_generator_MV1":-58.689842,"data_generator_T":60.0},{"data_generator_MV1":-60.365623,"data_generator_T":62.0},{"data_generator_MV1":-60.642166,"data_generator_T":64.0},{"data_generator_MV1":-61.285847,"data_generator_T":66.0},{"data_generator_MV1":-63.817863,"data_generator_T":68.0},{"data_generator_MV1":-64.325294,"data_generator_T":70.0},{"data_generator_MV1":-63.926052,"data_generator_T":72.0},{"data_generator_MV1":-63.100662,"data_generator_T":74.0},{"data_generator_MV1":-62.073994,"data_generator_T":76.0},{"data_generator_MV1":-60.959759,"data_generator_T":78.0},{"data_generator_MV1":-59.818203,"data_generator_T":80.0},{"data_generator_MV1":-58.747932,"data_generator_T":82.0},{"data_generator_MV1":-60.448433,"data_generator_T":84.0},{"data_generator_MV1":-60.847378,"data_generator_T":86.0},{"data_generator_MV1":-60.470303,"data_generator_T":88.0},{"data_generator_MV1":-60.712708,"data_generator_T":90.0},{"data_generator_MV1":-61.5312,"data_generator_T":92.0},{"data_generator_MV1":-61.345978,"data_generator_T":94.0},{"data_generator_MV1":-60.759655,"data_generator_T":96.0},{"data_generator_MV1":-59.915199,"data_generator_T":98.0},{"data_generator_MV1":-58.943066,"data_generator_T":100.0},{"data_generator_MV1":-57.91222,"data_generator_T":102.0},{"data_generator_MV1":-56.855923,"data_generator_T":104.0},{"data_generator_MV1":-55.783707,"data_generator_T":106.0},{"data_generator_MV1":-54.683521,"data_generator_T":108.0},{"data_generator_MV1":-53.533642,"data_generator_T":110.0},{"data_generator_MV1":-52.259789,"data_generator_T":112.0},{"data_generator_MV1":-52.801811,"data_generator_T":114.0},{"data_generator_MV1":-53.320305,"data_generator_T":116.0},{"data_generator_MV1":-53.36396,"data_generator_T":118.0},{"data_generator_MV1":-53.10421,"data_generator_T":120.0},{"data_generator_MV1":-52.558506,"data_generator_T":122.0},{"data_generator_MV1":-51.740284,"data_generator_T":124.0},{"data_generator_MV1":-50.530273,"data_generator_T":126.0},{"data_generator_MV1":-48.759476,"data_generator_T":128.0},{"data_generator_MV1":-45.20047,"data_generator_T":130.0},{"data_generator_MV1":-39.677578,"data_generator_T":132.0},{"data_generator_MV1":-58.432365,"data_generator_T":134.0},{"data_generator_MV1":-62.366573,"data_generator_T":136.0},{"data_generator_MV1":-63.511677,"data_generator_T":138.0},{"data_generator_MV1":-63.470768,"data_generator_T":140.0},{"data_generator_MV1":-62.884922,"data_generator_T":142.0},{"data_generator_MV1":-62.031471,"data_generator_T":144.0},{"data_generator_MV1":-61.085876,"data_generator_T":146.0},{"data_generator_MV1":-60.087696,"data_generator_T":148.0},{"data_generator_MV1":-59.075768,"data_generator_T":150.0},{"data_generator_MV1":-58.06847,"data_generator_T":152.0},{"data_generator_MV1":-57.071259,"data_generator_T":154.0},{"data_generator_MV1":-56.07991,"data_generator_T":156.0},{"data_generator_MV1":-55.081028,"data_generator_T":158.0},{"data_generator_MV1":-54.049782,"data_generator_T":160.0},{"data_generator_MV1":-52.942627,"data_generator_T":162.0},{"data_generator_MV1":-54.392841,"data_generator_T":164.0},{"data_generator_MV1":-57.134491,"data_generator_T":166.0},{"data_generator_MV1":-58.955387,"data_generator_T":168.0},{"data_generator_MV1":-59.43515,"data_generator_T":170.0},{"data_generator_MV1":-59.198944,"data_generator_T":172.0},{"data_generator_MV1":-58.579788,"data_generator_T":174.0},{"data_generator_MV1":-57.754616,"data_generator_T":176.0},{"data_generator_MV1":-57.883629,"data_generator_T":178.0},{"data_generator_MV1":-59.159325,"data_generator_T":180.0},{"data_generator_MV1":-59.876625,"data_generator_T":182.0},{"data_generator_MV1":-59.81464,"data_generator_T":184.0},{"data_generator_MV1":-59.296829,"data_generator_T":186.0},{"data_generator_MV1":-58.532787,"data_generator_T":188.0},{"data_generator_MV1":-57.634731,"data_generator_T":190.0},{"data_generator_MV1":-56.656437,"data_generator_T":192.0},{"data_generator_MV1":-57.101082,"data_generator_T":194.0},{"data_generator_MV1":-58.153561,"data_generator_T":196.0},{"data_generator_MV1":-58.327469,"data_generator_T":198.0},{"data_generator_MV1":-57.961658,"data_generator_T":200.0},{"data_generator_MV1":-57.352577,"data_generator_T":202.0},{"data_generator_MV1":-56.563618,"data_generator_T":204.0},{"data_generator_MV1":-55.65834,"data_generator_T":206.0},{"data_generator_MV1":-54.650223,"data_generator_T":208.0},{"data_generator_MV1":-55.786282,"data_generator_T":210.0},{"data_generator_MV1":-57.591534,"data_generator_T":212.0},{"data_generator_MV1":-58.081028,"data_generator_T":214.0},{"data_generator_MV1":-57.835194,"data_generator_T":216.0},{"data_generator_MV1":-58.744385,"data_generator_T":218.0},{"data_generator_MV1":-58.495014,"data_generator_T":220.0},{"data_generator_MV1":-57.859295,"data_generator_T":222.0},{"data_generator_MV1":-57.006931,"data_generator_T":224.0},{"data_generator_MV1":-56.025536,"data_generator_T":226.0},{"data_generator_MV1":-54.950867,"data_generator_T":228.0},{"data_generator_MV1":-53.77792,"data_generator_T":230.0},{"data_generator_MV1":-52.454308,"data_generator_T":232.0},{"data_generator_MV1":-50.837971,"data_generator_T":234.0},{"data_generator_MV1":-48.33218,"data_generator_T":236.0},{"data_generator_MV1":-42.587532,"data_generator_T":238.0},{"data_generator_MV1":-49.926376,"data_generator_T":240.0},{"data_generator_MV1":-57.124989,"data_generator_T":242.0},{"data_generator_MV1":-56.311924,"data_generator_T":244.0},{"data_generator_MV1":-55.437412,"data_generator_T":246.0},{"data_generator_MV1":-54.544735,"data_generator_T":248.0},{"data_generator_MV1":-53.615582,"data_generator_T":250.0},{"data_generator_MV1":-52.614307,"data_generator_T":252.0},{"data_generator_MV1":-51.429119,"data_generator_T":254.0},{"data_generator_MV1":-49.941887,"data_generator_T":256.0},{"data_generator_MV1":-49.346233,"data_generator_T":258.0},{"data_generator_MV1":-51.377701,"data_generator_T":260.0},{"data_generator_MV1":-52.795551,"data_generator_T":262.0},{"data_generator_MV1":-53.533737,"data_generator_T":264.0},{"data_generator_MV1":-53.730751,"data_generator_T":266.0},{"data_generator_MV1":-53.50518,"data_generator_T":268.0},{"data_generator_MV1":-53.00246,"data_generator_T":270.0},{"data_generator_MV1":-52.231331,"data_generator_T":272.0},{"data_generator_MV1":-51.160553,"data_generator_T":274.0},{"data_generator_MV1":-49.624039,"data_generator_T":276.0},{"data_generator_MV1":-46.993313,"data_generator_T":278.0},{"data_generator_MV1":-34.880463,"data_generator_T":280.0},{"data_generator_MV1":-57.010868,"data_generator_T":282.0},{"data_generator_MV1":-59.274296,"data_generator_T":284.0},{"data_generator_MV1":-59.190464,"data_generator_T":286.0},{"data_generator_MV1":-58.70726,"data_generator_T":288.0},{"data_generator_MV1":-59.433781,"data_generator_T":290.0},{"data_generator_MV1":-60.7672,"data_generator_T":292.0},{"data_generator_MV1":-60.806999,"data_generator_T":294.0},{"data_generator_MV1":-60.196808,"data_generator_T":296.0},{"data_generator_MV1":-59.349213,"data_generator_T":298.0},{"data_generator_MV1":-59.433033,"data_generator_T":300.0},{"data_generator_MV1":-60.43401,"data_generator_T":302.0},{"data_generator_MV1":-60.40276,"data_generator_T":304.0},{"data_generator_MV1":-59.851475,"data_generator_T":306.0},{"data_generator_MV1":-59.035378,"data_generator_T":308.0},{"data_generator_MV1":-58.083961,"data_generator_T":310.0},{"data_generator_MV1":-57.061291,"data_generator_T":312.0},{"data_generator_MV1":-55.993332,"data_generator_T":314.0},{"data_generator_MV1":-54.879189,"data_generator_T":316.0},{"data_generator_MV1":-53.691792,"data_generator_T":318.0},{"data_generator_MV1":-52.365284,"data_generator_T":320.0},{"data_generator_MV1":-50.748661,"data_generator_T":322.0},{"data_generator_MV1":-48.249756,"data_generator_T":324.0},{"data_generator_MV1":-42.441242,"data_generator_T":326.0},{"data_generator_MV1":-50.188034,"data_generator_T":328.0},{"data_generator_MV1":-56.812,"data_generator_T":330.0},{"data_generator_MV1":-55.820072,"data_generator_T":332.0},{"data_generator_MV1":-54.773777,"data_generator_T":334.0},{"data_generator_MV1":-53.718357,"data_generator_T":336.0},{"data_generator_MV1":-54.013439,"data_generator_T":338.0},{"data_generator_MV1":-55.723793,"data_generator_T":340.0},{"data_generator_MV1":-56.495316,"data_generator_T":342.0},{"data_generator_MV1":-56.546486,"data_generator_T":344.0},{"data_generator_MV1":-57.359341,"data_generator_T":346.0},{"data_generator_MV1":-59.292591,"data_generator_T":348.0},{"data_generator_MV1":-59.688229,"data_generator_T":350.0},{"data_generator_MV1":-59.31292,"data_generator_T":352.0},{"data_generator_MV1":-59.561718,"data_generator_T":354.0},{"data_generator_MV1":-60.385155,"data_generator_T":356.0},{"data_generator_MV1":-60.24667,"data_generator_T":358.0},{"data_generator_MV1":-59.62191,"data_generator_T":360.0},{"data_generator_MV1":-58.748318,"data_generator_T":362.0},{"data_generator_MV1":-59.618435,"data_generator_T":364.0},{"data_generator_MV1":-60.343647,"data_generator_T":366.0},{"data_generator_MV1":-60.082802,"data_generator_T":368.0},{"data_generator_MV1":-59.331379,"data_generator_T":370.0},{"data_generator_MV1":-58.321777,"data_generator_T":372.0},{"data_generator_MV1":-57.209869,"data_generator_T":374.0},{"data_generator_MV1":-56.016304,"data_generator_T":376.0},{"data_generator_MV1":-57.380695,"data_generator_T":378.0},{"data_generator_MV1":-60.462105,"data_generator_T":380.0},{"data_generator_MV1":-61.290089,"data_generator_T":382.0},{"data_generator_MV1":-62.285107,"data_generator_T":384.0},{"data_generator_MV1":-62.873688,"data_generator_T":386.0},{"data_generator_MV1":-62.415752,"data_generator_T":388.0},{"data_generator_MV1":-61.473637,"data_generator_T":390.0},{"data_generator_MV1":-60.306129,"data_generator_T":392.0},{"data_generator_MV1":-59.039642,"data_generator_T":394.0},{"data_generator_MV1":-57.734505,"data_generator_T":396.0},{"data_generator_MV1":-57.266087,"data_generator_T":398.0},{"data_generator_MV1":-59.755596,"data_generator_T":400.0},{"data_generator_MV1":-61.459709,"data_generator_T":402.0},{"data_generator_MV1":-61.686493,"data_generator_T":404.0},{"data_generator_MV1":-61.190678,"data_generator_T":406.0},{"data_generator_MV1":-62.324329,"data_generator_T":408.0},{"data_generator_MV1":-64.531052,"data_generator_T":410.0},{"data_generator_MV1":-64.931686,"data_generator_T":412.0},{"data_generator_MV1":-66.225655,"data_generator_T":414.0},{"data_generator_MV1":-66.896172,"data_generator_T":416.0},{"data_generator_MV1":-66.331696,"data_generator_T":418.0},{"data_generator_MV1":-65.374863,"data_generator_T":420.0},{"data_generator_MV1":-64.179382,"data_generator_T":422.0},{"data_generator_MV1":-62.879997,"data_generator_T":424.0},{"data_generator_MV1":-61.544846,"data_generator_T":426.0},{"data_generator_MV1":-63.572952,"data_generator_T":428.0},{"data_generator_MV1":-65.995247,"data_generator_T":430.0},{"data_generator_MV1":-66.567551,"data_generator_T":432.0},{"data_generator_MV1":-65.997063,"data_generator_T":434.0},{"data_generator_MV1":-64.944633,"data_generator_T":436.0},{"data_generator_MV1":-63.671749,"data_generator_T":438.0},{"data_generator_MV1":-62.332039,"data_generator_T":440.0},{"data_generator_MV1":-60.960468,"data_generator_T":442.0},{"data_generator_MV1":-59.59407,"data_generator_T":444.0},{"data_generator_MV1":-58.255547,"data_generator_T":446.0},{"data_generator_MV1":-56.938515,"data_generator_T":448.0},{"data_generator_MV1":-55.623512,"data_generator_T":450.0},{"data_generator_MV1":-54.274063,"data_generator_T":452.0},{"data_generator_MV1":-52.8172,"data_generator_T":454.0},{"data_generator_MV1":-51.096279,"data_generator_T":456.0},{"data_generator_MV1":-48.682415,"data_generator_T":458.0},{"data_generator_MV1":-49.62532,"data_generator_T":460.0},{"data_generator_MV1":-50.607052,"data_generator_T":462.0},{"data_generator_MV1":-52.885216,"data_generator_T":464.0},{"data_generator_MV1":-55.82695,"data_generator_T":466.0},{"data_generator_MV1":-57.219982,"data_generator_T":468.0},{"data_generator_MV1":-57.621777,"data_generator_T":470.0},{"data_generator_MV1":-57.433529,"data_generator_T":472.0},{"data_generator_MV1":-56.893501,"data_generator_T":474.0},{"data_generator_MV1":-56.136173,"data_generator_T":476.0},{"data_generator_MV1":-55.821472,"data_generator_T":478.0},{"data_generator_MV1":-57.341114,"data_generator_T":480.0},{"data_generator_MV1":-59.355785,"data_generator_T":482.0},{"data_generator_MV1":-59.742836,"data_generator_T":484.0},{"data_generator_MV1":-60.239986,"data_generator_T":486.0},{"data_generator_MV1":-63.945808,"data_generator_T":488.0},{"data_generator_MV1":-65.734062,"data_generator_T":490.0},{"data_generator_MV1":-65.677902,"data_generator_T":492.0},{"data_generator_MV1":-64.841591,"data_generator_T":494.0},{"data_generator_MV1":-63.660709,"data_generator_T":496.0},{"data_generator_MV1":-62.329025,"data_generator_T":498.0},{"data_generator_MV1":-60.942707,"data_generator_T":500.0},{"data_generator_MV1":-60.699112,"data_generator_T":502.0},{"data_generator_MV1":-60.814487,"data_generator_T":504.0},{"data_generator_MV1":-60.398636,"data_generator_T":506.0},{"data_generator_MV1":-59.624981,"data_generator_T":508.0},{"data_generator_MV1":-58.663647,"data_generator_T":510.0},{"data_generator_MV1":-57.6031,"data_generator_T":512.0},{"data_generator_MV1":-56.484612,"data_generator_T":514.0},{"data_generator_MV1":-57.87537,"data_generator_T":516.0},{"data_generator_MV1":-60.324951,"data_generator_T":518.0},{"data_generator_MV1":-61.062531,"data_generator_T":520.0},{"data_generator_MV1":-60.91856,"data_generator_T":522.0},{"data_generator_MV1":-60.313274,"data_generator_T":524.0},{"data_generator_MV1":-59.463558,"data_generator_T":526.0},{"data_generator_MV1":-58.484154,"data_generator_T":528.0},{"data_generator_MV1":-57.434414,"data_generator_T":530.0},{"data_generator_MV1":-56.339798,"data_generator_T":532.0},{"data_generator_MV1":-55.200684,"data_generator_T":534.0},{"data_generator_MV1":-57.881435,"data_generator_T":536.0},{"data_generator_MV1":-61.440231,"data_generator_T":538.0},{"data_generator_MV1":-62.285412,"data_generator_T":540.0},{"data_generator_MV1":-62.15263,"data_generator_T":542.0},{"data_generator_MV1":-61.387062,"data_generator_T":544.0},{"data_generator_MV1":-60.385197,"data_generator_T":546.0},{"data_generator_MV1":-59.233959,"data_generator_T":548.0},{"data_generator_MV1":-59.899292,"data_generator_T":550.0},{"data_generator_MV1":-60.137299,"data_generator_T":552.0},{"data_generator_MV1":-59.740559,"data_generator_T":554.0},{"data_generator_MV1":-59.303333,"data_generator_T":556.0},{"data_generator_MV1":-60.544811,"data_generator_T":558.0},{"data_generator_MV1":-60.676334,"data_generator_T":560.0},{"data_generator_MV1":-61.984566,"data_generator_T":562.0},{"data_generator_MV1":-62.310551,"data_generator_T":564.0},{"data_generator_MV1":-61.90662,"data_generator_T":566.0},{"data_generator_MV1":-62.422829,"data_generator_T":568.0},{"data_generator_MV1":-63.900909,"data_generator_T":570.0},{"data_generator_MV1":-65.192253,"data_generator_T":572.0},{"data_generator_MV1":-66.3265,"data_generator_T":574.0},{"data_generator_MV1":-66.909821,"data_generator_T":576.0},{"data_generator_MV1":-66.618866,"data_generator_T":578.0},{"data_generator_MV1":-65.801003,"data_generator_T":580.0},{"data_generator_MV1":-64.66745,"data_generator_T":582.0},{"data_generator_MV1":-63.548367,"data_generator_T":584.0},{"data_generator_MV1":-65.192047,"data_generator_T":586.0},{"data_generator_MV1":-65.43988,"data_generator_T":588.0},{"data_generator_MV1":-64.872047,"data_generator_T":590.0},{"data_generator_MV1":-63.927837,"data_generator_T":592.0},{"data_generator_MV1":-62.806393,"data_generator_T":594.0},{"data_generator_MV1":-61.60651,"data_generator_T":596.0},{"data_generator_MV1":-60.380363,"data_generator_T":598.0},{"data_generator_MV1":-60.163631,"data_generator_T":600.0},{"data_generator_MV1":-61.195763,"data_generator_T":602.0},{"data_generator_MV1":-61.090641,"data_generator_T":604.0},{"data_generator_MV1":-61.529003,"data_generator_T":606.0},{"data_generator_MV1":-62.691078,"data_generator_T":608.0},{"data_generator_MV1":-62.534084,"data_generator_T":610.0},{"data_generator_MV1":-61.754829,"data_generator_T":612.0},{"data_generator_MV1":-62.294247,"data_generator_T":614.0},{"data_generator_MV1":-62.227276,"data_generator_T":616.0},{"data_generator_MV1":-61.572891,"data_generator_T":618.0},{"data_generator_MV1":-60.625904,"data_generator_T":620.0},{"data_generator_MV1":-59.53598,"data_generator_T":622.0},{"data_generator_MV1":-58.380257,"data_generator_T":624.0},{"data_generator_MV1":-57.195969,"data_generator_T":626.0},{"data_generator_MV1":-55.996464,"data_generator_T":628.0},{"data_generator_MV1":-54.758308,"data_generator_T":630.0},{"data_generator_MV1":-54.808064,"data_generator_T":632.0},{"data_generator_MV1":-59.679665,"data_generator_T":634.0},{"data_generator_MV1":-61.925591,"data_generator_T":636.0},{"data_generator_MV1":-62.279865,"data_generator_T":638.0},{"data_generator_MV1":-61.751633,"data_generator_T":640.0},{"data_generator_MV1":-60.783089,"data_generator_T":642.0},{"data_generator_MV1":-59.637768,"data_generator_T":644.0},{"data_generator_MV1":-58.395401,"data_generator_T":646.0},{"data_generator_MV1":-57.110638,"data_generator_T":648.0},{"data_generator_MV1":-56.698212,"data_generator_T":650.0},{"data_generator_MV1":-57.829655,"data_generator_T":652.0},{"data_generator_MV1":-59.411938,"data_generator_T":654.0},{"data_generator_MV1":-60.693615,"data_generator_T":656.0},{"data_generator_MV1":-60.838581,"data_generator_T":658.0},{"data_generator_MV1":-60.389027,"data_generator_T":660.0},{"data_generator_MV1":-59.623985,"data_generator_T":662.0},{"data_generator_MV1":-58.682201,"data_generator_T":664.0},{"data_generator_MV1":-57.66869,"data_generator_T":666.0},{"data_generator_MV1":-56.595158,"data_generator_T":668.0},{"data_generator_MV1":-57.307209,"data_generator_T":670.0},{"data_generator_MV1":-58.817089,"data_generator_T":672.0},{"data_generator_MV1":-61.275597,"data_generator_T":674.0},{"data_generator_MV1":-63.26149,"data_generator_T":676.0},{"data_generator_MV1":-63.541382,"data_generator_T":678.0},{"data_generator_MV1":-63.032085,"data_generator_T":680.0},{"data_generator_MV1":-62.142181,"data_generator_T":682.0},{"data_generator_MV1":-61.068344,"data_generator_T":684.0},{"data_generator_MV1":-59.911049,"data_generator_T":686.0},{"data_generator_MV1":-59.024788,"data_generator_T":688.0},{"data_generator_MV1":-59.828983,"data_generator_T":690.0},{"data_generator_MV1":-59.773991,"data_generator_T":692.0},{"data_generator_MV1":-59.249733,"data_generator_T":694.0},{"data_generator_MV1":-58.466736,"data_generator_T":696.0},{"data_generator_MV1":-57.538464,"data_generator_T":698.0},{"data_generator_MV1":-56.522644,"data_generator_T":700.0},{"data_generator_MV1":-56.295994,"data_generator_T":702.0},{"data_generator_MV1":-57.834381,"data_generator_T":704.0},{"data_generator_MV1":-58.423031,"data_generator_T":706.0},{"data_generator_MV1":-58.301105,"data_generator_T":708.0},{"data_generator_MV1":-57.78352,"data_generator_T":710.0},{"data_generator_MV1":-57.057274,"data_generator_T":712.0},{"data_generator_MV1":-56.168247,"data_generator_T":714.0},{"data_generator_MV1":-57.91489,"data_generator_T":716.0},{"data_generator_MV1":-59.075157,"data_generator_T":718.0},{"data_generator_MV1":-59.139736,"data_generator_T":720.0},{"data_generator_MV1":-58.618183,"data_generator_T":722.0},{"data_generator_MV1":-57.779644,"data_generator_T":724.0},{"data_generator_MV1":-58.667538,"data_generator_T":726.0},{"data_generator_MV1":-61.922859,"data_generator_T":728.0},{"data_generator_MV1":-62.772858,"data_generator_T":730.0},{"data_generator_MV1":-62.517109,"data_generator_T":732.0},{"data_generator_MV1":-61.731312,"data_generator_T":734.0},{"data_generator_MV1":-60.687836,"data_generator_T":736.0},{"data_generator_MV1":-60.635387,"data_generator_T":738.0},{"data_generator_MV1":-61.076511,"data_generator_T":740.0},{"data_generator_MV1":-60.755875,"data_generator_T":742.0},{"data_generator_MV1":-62.315002,"data_generator_T":744.0},{"data_generator_MV1":-62.692951,"data_generator_T":746.0},{"data_generator_MV1":-63.167778,"data_generator_T":748.0},{"data_generator_MV1":-64.134758,"data_generator_T":750.0},{"data_generator_MV1":-64.441406,"data_generator_T":752.0},{"data_generator_MV1":-65.366074,"data_generator_T":754.0},{"data_generator_MV1":-65.945892,"data_generator_T":756.0},{"data_generator_MV1":-65.469688,"data_generator_T":758.0},{"data_generator_MV1":-64.527397,"data_generator_T":760.0},{"data_generator_MV1":-63.370819,"data_generator_T":762.0},{"data_generator_MV1":-63.71999,"data_generator_T":764.0},{"data_generator_MV1":-63.432659,"data_generator_T":766.0},{"data_generator_MV1":-62.664436,"data_generator_T":768.0},{"data_generator_MV1":-61.65007,"data_generator_T":770.0},{"data_generator_MV1":-60.543495,"data_generator_T":772.0},{"data_generator_MV1":-59.399632,"data_generator_T":774.0},{"data_generator_MV1":-58.233097,"data_generator_T":776.0},{"data_generator_MV1":-57.058147,"data_generator_T":778.0},{"data_generator_MV1":-55.870975,"data_generator_T":780.0},{"data_generator_MV1":-54.649166,"data_generator_T":782.0},{"data_generator_MV1":-54.711784,"data_generator_T":784.0},{"data_generator_MV1":-57.015472,"data_generator_T":786.0},{"data_generator_MV1":-59.695057,"data_generator_T":788.0},{"data_generator_MV1":-61.474598,"data_generator_T":790.0},{"data_generator_MV1":-63.342644,"data_generator_T":792.0},{"data_generator_MV1":-63.470501,"data_generator_T":794.0},{"data_generator_MV1":-63.667156,"data_generator_T":796.0},{"data_generator_MV1":-64.966484,"data_generator_T":798.0},{"data_generator_MV1":-65.387711,"data_generator_T":800.0},{"data_generator_MV1":-65.43634,"data_generator_T":802.0},{"data_generator_MV1":-65.930351,"data_generator_T":804.0},{"data_generator_MV1":-65.376373,"data_generator_T":806.0},{"data_generator_MV1":-64.362808,"data_generator_T":808.0},{"data_generator_MV1":-63.140945,"data_generator_T":810.0},{"data_generator_MV1":-61.831432,"data_generator_T":812.0},{"data_generator_MV1":-60.496983,"data_generator_T":814.0},{"data_generator_MV1":-59.169815,"data_generator_T":816.0},{"data_generator_MV1":-57.862324,"data_generator_T":818.0},{"data_generator_MV1":-56.570801,"data_generator_T":820.0},{"data_generator_MV1":-55.843746,"data_generator_T":822.0},{"data_generator_MV1":-57.093922,"data_generator_T":824.0},{"data_generator_MV1":-57.427349,"data_generator_T":826.0},{"data_generator_MV1":-57.201881,"data_generator_T":828.0},{"data_generator_MV1":-59.477261,"data_generator_T":830.0},{"data_generator_MV1":-60.280067,"data_generator_T":832.0},{"data_generator_MV1":-60.222481,"data_generator_T":834.0},{"data_generator_MV1":-59.572292,"data_generator_T":836.0},{"data_generator_MV1":-58.669666,"data_generator_T":838.0},{"data_generator_MV1":-57.637642,"data_generator_T":840.0},{"data_generator_MV1":-56.509621,"data_generator_T":842.0},{"data_generator_MV1":-55.312477,"data_generator_T":844.0},{"data_generator_MV1":-54.033436,"data_generator_T":846.0},{"data_generator_MV1":-52.610947,"data_generator_T":848.0},{"data_generator_MV1":-52.635414,"data_generator_T":850.0},{"data_generator_MV1":-54.201675,"data_generator_T":852.0},{"data_generator_MV1":-54.850422,"data_generator_T":854.0},{"data_generator_MV1":-54.982395,"data_generator_T":856.0},{"data_generator_MV1":-54.684605,"data_generator_T":858.0},{"data_generator_MV1":-54.081989,"data_generator_T":860.0},{"data_generator_MV1":-53.211803,"data_generator_T":862.0},{"data_generator_MV1":-52.104301,"data_generator_T":864.0},{"data_generator_MV1":-50.574089,"data_generator_T":866.0},{"data_generator_MV1":-48.186562,"data_generator_T":868.0},{"data_generator_MV1":-49.71389,"data_generator_T":870.0},{"data_generator_MV1":-51.853138,"data_generator_T":872.0},{"data_generator_MV1":-53.105598,"data_generator_T":874.0},{"data_generator_MV1":-53.566341,"data_generator_T":876.0},{"data_generator_MV1":-53.420773,"data_generator_T":878.0},{"data_generator_MV1":-52.828419,"data_generator_T":880.0},{"data_generator_MV1":-52.983521,"data_generator_T":882.0},{"data_generator_MV1":-55.484005,"data_generator_T":884.0},{"data_generator_MV1":-56.650879,"data_generator_T":886.0},{"data_generator_MV1":-56.935795,"data_generator_T":888.0},{"data_generator_MV1":-56.682274,"data_generator_T":890.0},{"data_generator_MV1":-56.093487,"data_generator_T":892.0},{"data_generator_MV1":-55.296139,"data_generator_T":894.0},{"data_generator_MV1":-54.325497,"data_generator_T":896.0},{"data_generator_MV1":-53.206738,"data_generator_T":898.0},{"data_generator_MV1":-51.861431,"data_generator_T":900.0},{"data_generator_MV1":-50.092995,"data_generator_T":902.0},{"data_generator_MV1":-47.214703,"data_generator_T":904.0},{"data_generator_MV1":19.258589,"data_generator_T":906.0},{"data_generator_MV1":-56.327126,"data_generator_T":908.0},{"data_generator_MV1":-55.903271,"data_generator_T":910.0},{"data_generator_MV1":-54.902988,"data_generator_T":912.0},{"data_generator_MV1":-53.856606,"data_generator_T":914.0},{"data_generator_MV1":-52.7356,"data_generator_T":916.0},{"data_generator_MV1":-51.447006,"data_generator_T":918.0},{"data_generator_MV1":-49.781803,"data_generator_T":920.0},{"data_generator_MV1":-47.089252,"data_generator_T":922.0},{"data_generator_MV1":-35.445206,"data_generator_T":924.0},{"data_generator_MV1":-55.607388,"data_generator_T":926.0},{"data_generator_MV1":-57.01189,"data_generator_T":928.0},{"data_generator_MV1":-57.61956,"data_generator_T":930.0},{"data_generator_MV1":-57.524281,"data_generator_T":932.0},{"data_generator_MV1":-57.0741,"data_generator_T":934.0},{"data_generator_MV1":-56.421177,"data_generator_T":936.0},{"data_generator_MV1":-58.023727,"data_generator_T":938.0},{"data_generator_MV1":-59.230732,"data_generator_T":940.0},{"data_generator_MV1":-59.270939,"data_generator_T":942.0},{"data_generator_MV1":-60.569084,"data_generator_T":944.0},{"data_generator_MV1":-61.836281,"data_generator_T":946.0},{"data_generator_MV1":-62.72311,"data_generator_T":948.0},{"data_generator_MV1":-62.50211,"data_generator_T":950.0},{"data_generator_MV1":-61.769634,"data_generator_T":952.0},{"data_generator_MV1":-60.795685,"data_generator_T":954.0},{"data_generator_MV1":-59.709965,"data_generator_T":956.0},{"data_generator_MV1":-58.575981,"data_generator_T":958.0},{"data_generator_MV1":-57.421795,"data_generator_T":960.0},{"data_generator_MV1":-56.253208,"data_generator_T":962.0},{"data_generator_MV1":-55.06176,"data_generator_T":964.0},{"data_generator_MV1":-53.803413,"data_generator_T":966.0},{"data_generator_MV1":-54.02457,"data_generator_T":968.0},{"data_generator_MV1":-56.183239,"data_generator_T":970.0},{"data_generator_MV1":-58.41914,"data_generator_T":972.0},{"data_generator_MV1":-59.726631,"data_generator_T":974.0},{"data_generator_MV1":-59.948914,"data_generator_T":976.0},{"data_generator_MV1":-59.489761,"data_generator_T":978.0},{"data_generator_MV1":-58.676872,"data_generator_T":980.0},{"data_generator_MV1":-59.32835,"data_generator_T":982.0},{"data_generator_MV1":-60.377842,"data_generator_T":984.0},{"data_generator_MV1":-60.258354,"data_generator_T":986.0},{"data_generator_MV1":-59.556976,"data_generator_T":988.0},{"data_generator_MV1":-58.561291,"data_generator_T":990.0},{"data_generator_MV1":-57.414051,"data_generator_T":992.0},{"data_generator_MV1":-57.303391,"data_generator_T":994.0},{"data_generator_MV1":-58.117531,"data_generator_T":996.0},{"data_generator_MV1":-59.381519,"data_generator_T":998.0},{"data_generator_MV1":-60.476009,"data_generator_T":1000.0},{"data_generator_MV1":-60.543007,"data_generator_T":1002.0},{"data_generator_MV1":-60.013157,"data_generator_T":1004.0},{"data_generator_MV1":-59.208443,"data_generator_T":1006.0},{"data_generator_MV1":-58.236748,"data_generator_T":1008.0},{"data_generator_MV1":-57.171761,"data_generator_T":1010.0},{"data_generator_MV1":-56.044525,"data_generator_T":1012.0},{"data_generator_MV1":-54.854637,"data_generator_T":1014.0},{"data_generator_MV1":-56.917347,"data_generator_T":1016.0},{"data_generator_MV1":-58.958431,"data_generator_T":1018.0},{"data_generator_MV1":-61.59391,"data_generator_T":1020.0},{"data_generator_MV1":-63.260117,"data_generator_T":1022.0},{"data_generator_MV1":-63.374939,"data_generator_T":1024.0},{"data_generator_MV1":-62.774178,"data_generator_T":1026.0},{"data_generator_MV1":-63.100533,"data_generator_T":1028.0},{"data_generator_MV1":-63.623138,"data_generator_T":1030.0},{"data_generator_MV1":-63.141628,"data_generator_T":1032.0},{"data_generator_MV1":-63.005886,"data_generator_T":1034.0},{"data_generator_MV1":-63.719982,"data_generator_T":1036.0},{"data_generator_MV1":-64.747467,"data_generator_T":1038.0},{"data_generator_MV1":-64.527008,"data_generator_T":1040.0},{"data_generator_MV1":-63.714581,"data_generator_T":1042.0},{"data_generator_MV1":-62.689686,"data_generator_T":1044.0},{"data_generator_MV1":-61.530441,"data_generator_T":1046.0},{"data_generator_MV1":-60.31459,"data_generator_T":1048.0},{"data_generator_MV1":-59.085785,"data_generator_T":1050.0},{"data_generator_MV1":-57.861046,"data_generator_T":1052.0},{"data_generator_MV1":-56.634422,"data_generator_T":1054.0},{"data_generator_MV1":-55.390415,"data_generator_T":1056.0},{"data_generator_MV1":-54.100842,"data_generator_T":1058.0},{"data_generator_MV1":-52.663624,"data_generator_T":1060.0},{"data_generator_MV1":-50.964012,"data_generator_T":1062.0},{"data_generator_MV1":-48.527988,"data_generator_T":1064.0},{"data_generator_MV1":-48.014931,"data_generator_T":1066.0},{"data_generator_MV1":-54.154305,"data_generator_T":1068.0},{"data_generator_MV1":-57.750526,"data_generator_T":1070.0},{"data_generator_MV1":-59.14436,"data_generator_T":1072.0},{"data_generator_MV1":-59.34605,"data_generator_T":1074.0},{"data_generator_MV1":-58.91325,"data_generator_T":1076.0},{"data_generator_MV1":-59.465282,"data_generator_T":1078.0},{"data_generator_MV1":-60.783314,"data_generator_T":1080.0},{"data_generator_MV1":-62.869362,"data_generator_T":1082.0},{"data_generator_MV1":-64.327377,"data_generator_T":1084.0},{"data_generator_MV1":-64.293182,"data_generator_T":1086.0},{"data_generator_MV1":-63.588535,"data_generator_T":1088.0},{"data_generator_MV1":-62.558136,"data_generator_T":1090.0},{"data_generator_MV1":-61.402496,"data_generator_T":1092.0},{"data_generator_MV1":-60.180664,"data_generator_T":1094.0},{"data_generator_MV1":-58.93811,"data_generator_T":1096.0},{"data_generator_MV1":-57.694344,"data_generator_T":1098.0},{"data_generator_MV1":-58.753468,"data_generator_T":1100.0},{"data_generator_MV1":-61.121353,"data_generator_T":1102.0},{"data_generator_MV1":-61.754787,"data_generator_T":1104.0},{"data_generator_MV1":-61.521919,"data_generator_T":1106.0},{"data_generator_MV1":-62.421417,"data_generator_T":1108.0},{"data_generator_MV1":-63.110683,"data_generator_T":1110.0},{"data_generator_MV1":-62.757496,"data_generator_T":1112.0},{"data_generator_MV1":-61.908474,"data_generator_T":1114.0},{"data_generator_MV1":-60.820721,"data_generator_T":1116.0},{"data_generator_MV1":-59.623024,"data_generator_T":1118.0},{"data_generator_MV1":-58.380276,"data_generator_T":1120.0},{"data_generator_MV1":-57.120289,"data_generator_T":1122.0},{"data_generator_MV1":-55.844383,"data_generator_T":1124.0},{"data_generator_MV1":-54.528503,"data_generator_T":1126.0},{"data_generator_MV1":-53.113331,"data_generator_T":1128.0},{"data_generator_MV1":-51.467724,"data_generator_T":1130.0},{"data_generator_MV1":-49.247967,"data_generator_T":1132.0},{"data_generator_MV1":-44.962273,"data_generator_T":1134.0},{"data_generator_MV1":-13.484706,"data_generator_T":1136.0},{"data_generator_MV1":-48.041363,"data_generator_T":1138.0},{"data_generator_MV1":-50.906715,"data_generator_T":1140.0},{"data_generator_MV1":-59.991367,"data_generator_T":1142.0},{"data_generator_MV1":-63.940331,"data_generator_T":1144.0},{"data_generator_MV1":-64.690971,"data_generator_T":1146.0},{"data_generator_MV1":-64.201225,"data_generator_T":1148.0},{"data_generator_MV1":-63.623104,"data_generator_T":1150.0},{"data_generator_MV1":-63.867294,"data_generator_T":1152.0},{"data_generator_MV1":-63.272156,"data_generator_T":1154.0},{"data_generator_MV1":-62.298744,"data_generator_T":1156.0},{"data_generator_MV1":-62.351021,"data_generator_T":1158.0},{"data_generator_MV1":-61.870987,"data_generator_T":1160.0},{"data_generator_MV1":-61.440392,"data_generator_T":1162.0},{"data_generator_MV1":-62.12553,"data_generator_T":1164.0},{"data_generator_MV1":-61.755848,"data_generator_T":1166.0},{"data_generator_MV1":-60.888771,"data_generator_T":1168.0},{"data_generator_MV1":-59.786095,"data_generator_T":1170.0},{"data_generator_MV1":-58.576351,"data_generator_T":1172.0},{"data_generator_MV1":-57.320156,"data_generator_T":1174.0},{"data_generator_MV1":-58.059563,"data_generator_T":1176.0},{"data_generator_MV1":-61.140011,"data_generator_T":1178.0},{"data_generator_MV1":-63.598484,"data_generator_T":1180.0},{"data_generator_MV1":-64.200539,"data_generator_T":1182.0},{"data_generator_MV1":-63.780468,"data_generator_T":1184.0},{"data_generator_MV1":-63.380093,"data_generator_T":1186.0},{"data_generator_MV1":-64.213562,"data_generator_T":1188.0},{"data_generator_MV1":-63.839966,"data_generator_T":1190.0},{"data_generator_MV1":-62.924755,"data_generator_T":1192.0},{"data_generator_MV1":-62.954647,"data_generator_T":1194.0},{"data_generator_MV1":-62.586914,"data_generator_T":1196.0},{"data_generator_MV1":-61.695637,"data_generator_T":1198.0},{"data_generator_MV1":-60.557053,"data_generator_T":1200.0},{"data_generator_MV1":-60.697025,"data_generator_T":1202.0},{"data_generator_MV1":-62.415844,"data_generator_T":1204.0},{"data_generator_MV1":-63.13332,"data_generator_T":1206.0},{"data_generator_MV1":-62.775768,"data_generator_T":1208.0},{"data_generator_MV1":-61.912582,"data_generator_T":1210.0},{"data_generator_MV1":-60.808407,"data_generator_T":1212.0},{"data_generator_MV1":-59.594601,"data_generator_T":1214.0},{"data_generator_MV1":-58.33812,"data_generator_T":1216.0},{"data_generator_MV1":-57.072483,"data_generator_T":1218.0},{"data_generator_MV1":-55.786865,"data_generator_T":1220.0},{"data_generator_MV1":-54.464893,"data_generator_T":1222.0},{"data_generator_MV1":-53.037727,"data_generator_T":1224.0},{"data_generator_MV1":-51.369102,"data_generator_T":1226.0},{"data_generator_MV1":-49.094196,"data_generator_T":1228.0},{"data_generator_MV1":-44.543941,"data_generator_T":1230.0},{"data_generator_MV1":-33.553188,"data_generator_T":1232.0},{"data_generator_MV1":-56.895645,"data_generator_T":1234.0},{"data_generator_MV1":-56.928673,"data_generator_T":1236.0},{"data_generator_MV1":-58.002232,"data_generator_T":1238.0},{"data_generator_MV1":-58.191391,"data_generator_T":1240.0},{"data_generator_MV1":-57.887119,"data_generator_T":1242.0},{"data_generator_MV1":-57.28421,"data_generator_T":1244.0},{"data_generator_MV1":-56.546654,"data_generator_T":1246.0},{"data_generator_MV1":-55.69257,"data_generator_T":1248.0},{"data_generator_MV1":-54.762733,"data_generator_T":1250.0},{"data_generator_MV1":-53.737995,"data_generator_T":1252.0},{"data_generator_MV1":-53.293999,"data_generator_T":1254.0},{"data_generator_MV1":-55.052727,"data_generator_T":1256.0},{"data_generator_MV1":-55.746254,"data_generator_T":1258.0},{"data_generator_MV1":-55.870907,"data_generator_T":1260.0},{"data_generator_MV1":-55.525124,"data_generator_T":1262.0},{"data_generator_MV1":-54.936901,"data_generator_T":1264.0},{"data_generator_MV1":-54.119301,"data_generator_T":1266.0},{"data_generator_MV1":-53.135506,"data_generator_T":1268.0},{"data_generator_MV1":-51.921501,"data_generator_T":1270.0},{"data_generator_MV1":-53.668179,"data_generator_T":1272.0},{"data_generator_MV1":-55.690544,"data_generator_T":1274.0},{"data_generator_MV1":-56.397781,"data_generator_T":1276.0},{"data_generator_MV1":-56.30732,"data_generator_T":1278.0},{"data_generator_MV1":-55.745251,"data_generator_T":1280.0},{"data_generator_MV1":-54.866772,"data_generator_T":1282.0},{"data_generator_MV1":-53.803154,"data_generator_T":1284.0},{"data_generator_MV1":-52.512238,"data_generator_T":1286.0},{"data_generator_MV1":-50.875629,"data_generator_T":1288.0},{"data_generator_MV1":-48.469364,"data_generator_T":1290.0},{"data_generator_MV1":-42.771748,"data_generator_T":1292.0},{"data_generator_MV1":-51.295258,"data_generator_T":1294.0},{"data_generator_MV1":-54.432194,"data_generator_T":1296.0},{"data_generator_MV1":-55.941963,"data_generator_T":1298.0},{"data_generator_MV1":-56.542091,"data_generator_T":1300.0},{"data_generator_MV1":-57.755009,"data_generator_T":1302.0},{"data_generator_MV1":-60.023609,"data_generator_T":1304.0},{"data_generator_MV1":-60.519337,"data_generator_T":1306.0},{"data_generator_MV1":-60.155746,"data_generator_T":1308.0},{"data_generator_MV1":-60.796463,"data_generator_T":1310.0},{"data_generator_MV1":-60.860909,"data_generator_T":1312.0},{"data_generator_MV1":-60.242004,"data_generator_T":1314.0},{"data_generator_MV1":-59.290546,"data_generator_T":1316.0},{"data_generator_MV1":-58.177685,"data_generator_T":1318.0},{"data_generator_MV1":-61.225704,"data_generator_T":1320.0},{"data_generator_MV1":-62.345753,"data_generator_T":1322.0},{"data_generator_MV1":-62.316956,"data_generator_T":1324.0},{"data_generator_MV1":-61.615154,"data_generator_T":1326.0},{"data_generator_MV1":-60.60751,"data_generator_T":1328.0},{"data_generator_MV1":-59.464546,"data_generator_T":1330.0},{"data_generator_MV1":-58.251919,"data_generator_T":1332.0},{"data_generator_MV1":-57.00742,"data_generator_T":1334.0},{"data_generator_MV1":-57.31773,"data_generator_T":1336.0},{"data_generator_MV1":-58.478619,"data_generator_T":1338.0},{"data_generator_MV1":-59.691139,"data_generator_T":1340.0},{"data_generator_MV1":-59.78476,"data_generator_T":1342.0},{"data_generator_MV1":-59.335205,"data_generator_T":1344.0},{"data_generator_MV1":-58.498196,"data_generator_T":1346.0},{"data_generator_MV1":-57.50341,"data_generator_T":1348.0},{"data_generator_MV1":-56.383713,"data_generator_T":1350.0},{"data_generator_MV1":-56.68541,"data_generator_T":1352.0},{"data_generator_MV1":-58.03117,"data_generator_T":1354.0},{"data_generator_MV1":-58.884457,"data_generator_T":1356.0},{"data_generator_MV1":-60.329041,"data_generator_T":1358.0},{"data_generator_MV1":-60.485146,"data_generator_T":1360.0},{"data_generator_MV1":-59.984795,"data_generator_T":1362.0},{"data_generator_MV1":-59.144287,"data_generator_T":1364.0},{"data_generator_MV1":-58.125446,"data_generator_T":1366.0},{"data_generator_MV1":-57.009151,"data_generator_T":1368.0},{"data_generator_MV1":-55.827908,"data_generator_T":1370.0},{"data_generator_MV1":-54.577847,"data_generator_T":1372.0},{"data_generator_MV1":-53.215374,"data_generator_T":1374.0},{"data_generator_MV1":-51.627785,"data_generator_T":1376.0},{"data_generator_MV1":-49.514973,"data_generator_T":1378.0},{"data_generator_MV1":-48.604805,"data_generator_T":1380.0},{"data_generator_MV1":-56.027203,"data_generator_T":1382.0},{"data_generator_MV1":-61.135494,"data_generator_T":1384.0},{"data_generator_MV1":-62.715637,"data_generator_T":1386.0},{"data_generator_MV1":-62.746201,"data_generator_T":1388.0},{"data_generator_MV1":-63.110058,"data_generator_T":1390.0},{"data_generator_MV1":-62.962868,"data_generator_T":1392.0},{"data_generator_MV1":-63.359886,"data_generator_T":1394.0},{"data_generator_MV1":-63.181728,"data_generator_T":1396.0},{"data_generator_MV1":-62.349285,"data_generator_T":1398.0},{"data_generator_MV1":-61.210739,"data_generator_T":1400.0},{"data_generator_MV1":-61.391449,"data_generator_T":1402.0},{"data_generator_MV1":-61.408264,"data_generator_T":1404.0},{"data_generator_MV1":-60.814205,"data_generator_T":1406.0},{"data_generator_MV1":-62.13245,"data_generator_T":1408.0},{"data_generator_MV1":-62.384922,"data_generator_T":1410.0},{"data_generator_MV1":-61.820889,"data_generator_T":1412.0},{"data_generator_MV1":-60.861847,"data_generator_T":1414.0},{"data_generator_MV1":-59.712673,"data_generator_T":1416.0},{"data_generator_MV1":-58.476288,"data_generator_T":1418.0},{"data_generator_MV1":-57.2006,"data_generator_T":1420.0},{"data_generator_MV1":-55.897137,"data_generator_T":1422.0},{"data_generator_MV1":-54.555054,"data_generator_T":1424.0},{"data_generator_MV1":-53.105843,"data_generator_T":1426.0},{"data_generator_MV1":-51.413429,"data_generator_T":1428.0},{"data_generator_MV1":-49.108231,"data_generator_T":1430.0},{"data_generator_MV1":-51.606735,"data_generator_T":1432.0},{"data_generator_MV1":-56.077793,"data_generator_T":1434.0},{"data_generator_MV1":-58.030193,"data_generator_T":1436.0},{"data_generator_MV1":-58.508266,"data_generator_T":1438.0},{"data_generator_MV1":-58.193497,"data_generator_T":1440.0},{"data_generator_MV1":-57.421024,"data_generator_T":1442.0},{"data_generator_MV1":-56.451176,"data_generator_T":1444.0},{"data_generator_MV1":-55.321281,"data_generator_T":1446.0},{"data_generator_MV1":-54.430904,"data_generator_T":1448.0},{"data_generator_MV1":-55.878429,"data_generator_T":1450.0},{"data_generator_MV1":-56.478107,"data_generator_T":1452.0},{"data_generator_MV1":-56.420048,"data_generator_T":1454.0},{"data_generator_MV1":-55.951347,"data_generator_T":1456.0},{"data_generator_MV1":-55.216339,"data_generator_T":1458.0},{"data_generator_MV1":-54.285759,"data_generator_T":1460.0},{"data_generator_MV1":-53.170597,"data_generator_T":1462.0},{"data_generator_MV1":-51.79921,"data_generator_T":1464.0},{"data_generator_MV1":-49.987686,"data_generator_T":1466.0},{"data_generator_MV1":-46.968945,"data_generator_T":1468.0},{"data_generator_MV1":-49.930153,"data_generator_T":1470.0},{"data_generator_MV1":-58.285023,"data_generator_T":1472.0},{"data_generator_MV1":-61.689785,"data_generator_T":1474.0},{"data_generator_MV1":-62.573498,"data_generator_T":1476.0},{"data_generator_MV1":-62.310997,"data_generator_T":1478.0},{"data_generator_MV1":-61.503361,"data_generator_T":1480.0},{"data_generator_MV1":-63.094051,"data_generator_T":1482.0},{"data_generator_MV1":-63.800423,"data_generator_T":1484.0},{"data_generator_MV1":-63.480553,"data_generator_T":1486.0},{"data_generator_MV1":-62.676044,"data_generator_T":1488.0},{"data_generator_MV1":-61.637329,"data_generator_T":1490.0},{"data_generator_MV1":-60.488873,"data_generator_T":1492.0},{"data_generator_MV1":-59.294689,"data_generator_T":1494.0},{"data_generator_MV1":-58.085632,"data_generator_T":1496.0},{"data_generator_MV1":-56.870773,"data_generator_T":1498.0},{"data_generator_MV1":-58.445629,"data_generator_T":1500.0},{"data_generator_MV1":-61.333061,"data_generator_T":1502.0},{"data_generator_MV1":-62.082401,"data_generator_T":1504.0},{"data_generator_MV1":-61.757908,"data_generator_T":1506.0},{"data_generator_MV1":-61.025539,"data_generator_T":1508.0},{"data_generator_MV1":-60.030094,"data_generator_T":1510.0},{"data_generator_MV1":-58.903263,"data_generator_T":1512.0},{"data_generator_MV1":-57.720177,"data_generator_T":1514.0},{"data_generator_MV1":-56.501141,"data_generator_T":1516.0},{"data_generator_MV1":-57.619408,"data_generator_T":1518.0},{"data_generator_MV1":-58.03196,"data_generator_T":1520.0},{"data_generator_MV1":-57.818714,"data_generator_T":1522.0},{"data_generator_MV1":-57.238708,"data_generator_T":1524.0},{"data_generator_MV1":-56.436966,"data_generator_T":1526.0},{"data_generator_MV1":-55.487949,"data_generator_T":1528.0},{"data_generator_MV1":-54.417187,"data_generator_T":1530.0},{"data_generator_MV1":-55.991463,"data_generator_T":1532.0},{"data_generator_MV1":-59.407536,"data_generator_T":1534.0},{"data_generator_MV1":-61.126488,"data_generator_T":1536.0},{"data_generator_MV1":-61.362305,"data_generator_T":1538.0},{"data_generator_MV1":-60.865547,"data_generator_T":1540.0},{"data_generator_MV1":-59.998695,"data_generator_T":1542.0},{"data_generator_MV1":-58.941154,"data_generator_T":1544.0},{"data_generator_MV1":-57.79715,"data_generator_T":1546.0},{"data_generator_MV1":-56.599911,"data_generator_T":1548.0},{"data_generator_MV1":-57.868847,"data_generator_T":1550.0},{"data_generator_MV1":-58.662666,"data_generator_T":1552.0},{"data_generator_MV1":-58.530537,"data_generator_T":1554.0},{"data_generator_MV1":-57.895275,"data_generator_T":1556.0},{"data_generator_MV1":-56.980999,"data_generator_T":1558.0},{"data_generator_MV1":-55.900642,"data_generator_T":1560.0},{"data_generator_MV1":-54.697178,"data_generator_T":1562.0},{"data_generator_MV1":-57.357689,"data_generator_T":1564.0},{"data_generator_MV1":-59.971966,"data_generator_T":1566.0},{"data_generator_MV1":-60.620968,"data_generator_T":1568.0},{"data_generator_MV1":-61.751167,"data_generator_T":1570.0},{"data_generator_MV1":-62.211609,"data_generator_T":1572.0},{"data_generator_MV1":-61.798691,"data_generator_T":1574.0},{"data_generator_MV1":-60.946358,"data_generator_T":1576.0},{"data_generator_MV1":-59.897106,"data_generator_T":1578.0},{"data_generator_MV1":-60.231483,"data_generator_T":1580.0},{"data_generator_MV1":-60.59914,"data_generator_T":1582.0},{"data_generator_MV1":-60.257374,"data_generator_T":1584.0},{"data_generator_MV1":-59.539104,"data_generator_T":1586.0},{"data_generator_MV1":-60.391888,"data_generator_T":1588.0},{"data_generator_MV1":-61.222107,"data_generator_T":1590.0},{"data_generator_MV1":-61.008186,"data_generator_T":1592.0},{"data_generator_MV1":-60.271297,"data_generator_T":1594.0},{"data_generator_MV1":-60.370956,"data_generator_T":1596.0},{"data_generator_MV1":-61.285995,"data_generator_T":1598.0},{"data_generator_MV1":-62.784241,"data_generator_T":1600.0},{"data_generator_MV1":-62.82785,"data_generator_T":1602.0},{"data_generator_MV1":-62.315731,"data_generator_T":1604.0},{"data_generator_MV1":-61.455338,"data_generator_T":1606.0},{"data_generator_MV1":-60.421371,"data_generator_T":1608.0},{"data_generator_MV1":-59.304359,"data_generator_T":1610.0},{"data_generator_MV1":-58.149734,"data_generator_T":1612.0},{"data_generator_MV1":-56.978912,"data_generator_T":1614.0},{"data_generator_MV1":-55.786884,"data_generator_T":1616.0},{"data_generator_MV1":-59.634659,"data_generator_T":1618.0},{"data_generator_MV1":-62.579132,"data_generator_T":1620.0},{"data_generator_MV1":-63.083374,"data_generator_T":1622.0},{"data_generator_MV1":-62.746109,"data_generator_T":1624.0},{"data_generator_MV1":-61.885654,"data_generator_T":1626.0},{"data_generator_MV1":-60.774677,"data_generator_T":1628.0},{"data_generator_MV1":-59.549191,"data_generator_T":1630.0},{"data_generator_MV1":-60.096539,"data_generator_T":1632.0},{"data_generator_MV1":-60.306683,"data_generator_T":1634.0},{"data_generator_MV1":-59.885731,"data_generator_T":1636.0},{"data_generator_MV1":-59.12698,"data_generator_T":1638.0},{"data_generator_MV1":-58.185604,"data_generator_T":1640.0},{"data_generator_MV1":-57.142159,"data_generator_T":1642.0},{"data_generator_MV1":-56.028156,"data_generator_T":1644.0},{"data_generator_MV1":-55.349598,"data_generator_T":1646.0},{"data_generator_MV1":-56.669254,"data_generator_T":1648.0},{"data_generator_MV1":-57.068413,"data_generator_T":1650.0},{"data_generator_MV1":-56.89296,"data_generator_T":1652.0},{"data_generator_MV1":-56.363331,"data_generator_T":1654.0},{"data_generator_MV1":-57.749622,"data_generator_T":1656.0},{"data_generator_MV1":-58.571144,"data_generator_T":1658.0},{"data_generator_MV1":-58.598328,"data_generator_T":1660.0},{"data_generator_MV1":-58.218613,"data_generator_T":1662.0},{"data_generator_MV1":-57.543278,"data_generator_T":1664.0},{"data_generator_MV1":-58.791454,"data_generator_T":1666.0},{"data_generator_MV1":-62.938942,"data_generator_T":1668.0},{"data_generator_MV1":-64.897781,"data_generator_T":1670.0},{"data_generator_MV1":-64.927826,"data_generator_T":1672.0},{"data_generator_MV1":-64.141403,"data_generator_T":1674.0},{"data_generator_MV1":-62.986996,"data_generator_T":1676.0},{"data_generator_MV1":-62.956348,"data_generator_T":1678.0},{"data_generator_MV1":-62.095913,"data_generator_T":1680.0},{"data_generator_MV1":-60.99778,"data_generator_T":1682.0},{"data_generator_MV1":-59.791035,"data_generator_T":1684.0},{"data_generator_MV1":-58.541016,"data_generator_T":1686.0},{"data_generator_MV1":-57.276276,"data_generator_T":1688.0},{"data_generator_MV1":-55.999359,"data_generator_T":1690.0},{"data_generator_MV1":-54.688404,"data_generator_T":1692.0},{"data_generator_MV1":-53.288624,"data_generator_T":1694.0},{"data_generator_MV1":-51.680523,"data_generator_T":1696.0},{"data_generator_MV1":-49.561314,"data_generator_T":1698.0},{"data_generator_MV1":-45.737423,"data_generator_T":1700.0},{"data_generator_MV1":-8.1652317,"data_generator_T":1702.0},{"data_generator_MV1":-55.06889,"data_generator_T":1704.0},{"data_generator_MV1":-54.621021,"data_generator_T":1706.0},{"data_generator_MV1":-53.655422,"data_generator_T":1708.0},{"data_generator_MV1":-52.550846,"data_generator_T":1710.0},{"data_generator_MV1":-51.241596,"data_generator_T":1712.0},{"data_generator_MV1":-49.499737,"data_generator_T":1714.0},{"data_generator_MV1":-46.529182,"data_generator_T":1716.0},{"data_generator_MV1":16.091564,"data_generator_T":1718.0},{"data_generator_MV1":-57.159496,"data_generator_T":1720.0},{"data_generator_MV1":-56.24662,"data_generator_T":1722.0},{"data_generator_MV1":-55.61681,"data_generator_T":1724.0},{"data_generator_MV1":-57.660278,"data_generator_T":1726.0},{"data_generator_MV1":-58.376194,"data_generator_T":1728.0},{"data_generator_MV1":-58.337708,"data_generator_T":1730.0},{"data_generator_MV1":-57.885666,"data_generator_T":1732.0},{"data_generator_MV1":-57.202759,"data_generator_T":1734.0},{"data_generator_MV1":-56.384266,"data_generator_T":1736.0},{"data_generator_MV1":-55.474712,"data_generator_T":1738.0},{"data_generator_MV1":-54.484741,"data_generator_T":1740.0},{"data_generator_MV1":-53.39492,"data_generator_T":1742.0},{"data_generator_MV1":-52.144768,"data_generator_T":1744.0},{"data_generator_MV1":-50.587185,"data_generator_T":1746.0},{"data_generator_MV1":-48.298855,"data_generator_T":1748.0},{"data_generator_MV1":-42.950676,"data_generator_T":1750.0},{"data_generator_MV1":-49.405865,"data_generator_T":1752.0},{"data_generator_MV1":-51.891117,"data_generator_T":1754.0},{"data_generator_MV1":-53.641521,"data_generator_T":1756.0},{"data_generator_MV1":-54.389721,"data_generator_T":1758.0},{"data_generator_MV1":-54.502384,"data_generator_T":1760.0},{"data_generator_MV1":-54.157043,"data_generator_T":1762.0},{"data_generator_MV1":-53.558891,"data_generator_T":1764.0},{"data_generator_MV1":-52.707336,"data_generator_T":1766.0},{"data_generator_MV1":-51.580574,"data_generator_T":1768.0},{"data_generator_MV1":-53.089798,"data_generator_T":1770.0},{"data_generator_MV1":-54.535114,"data_generator_T":1772.0},{"data_generator_MV1":-55.085144,"data_generator_T":1774.0},{"data_generator_MV1":-55.027794,"data_generator_T":1776.0},{"data_generator_MV1":-54.569427,"data_generator_T":1778.0},{"data_generator_MV1":-53.826324,"data_generator_T":1780.0},{"data_generator_MV1":-52.839436,"data_generator_T":1782.0},{"data_generator_MV1":-51.568432,"data_generator_T":1784.0},{"data_generator_MV1":-54.621719,"data_generator_T":1786.0},{"data_generator_MV1":-59.828239,"data_generator_T":1788.0},{"data_generator_MV1":-63.183052,"data_generator_T":1790.0},{"data_generator_MV1":-63.757004,"data_generator_T":1792.0},{"data_generator_MV1":-63.416656,"data_generator_T":1794.0},{"data_generator_MV1":-65.888695,"data_generator_T":1796.0},{"data_generator_MV1":-66.960869,"data_generator_T":1798.0},{"data_generator_MV1":-66.591095,"data_generator_T":1800.0},{"data_generator_MV1":-65.652321,"data_generator_T":1802.0},{"data_generator_MV1":-64.459938,"data_generator_T":1804.0},{"data_generator_MV1":-63.18541,"data_generator_T":1806.0},{"data_generator_MV1":-61.875797,"data_generator_T":1808.0},{"data_generator_MV1":-60.55159,"data_generator_T":1810.0},{"data_generator_MV1":-59.235256,"data_generator_T":1812.0},{"data_generator_MV1":-57.934135,"data_generator_T":1814.0},{"data_generator_MV1":-58.080872,"data_generator_T":1816.0},{"data_generator_MV1":-58.679619,"data_generator_T":1818.0},{"data_generator_MV1":-60.330952,"data_generator_T":1820.0},{"data_generator_MV1":-62.409431,"data_generator_T":1822.0},{"data_generator_MV1":-64.397583,"data_generator_T":1824.0},{"data_generator_MV1":-65.854698,"data_generator_T":1826.0},{"data_generator_MV1":-65.633232,"data_generator_T":1828.0},{"data_generator_MV1":-64.722855,"data_generator_T":1830.0},{"data_generator_MV1":-63.509037,"data_generator_T":1832.0},{"data_generator_MV1":-63.35722,"data_generator_T":1834.0},{"data_generator_MV1":-63.168953,"data_generator_T":1836.0},{"data_generator_MV1":-62.409256,"data_generator_T":1838.0},{"data_generator_MV1":-61.374779,"data_generator_T":1840.0},{"data_generator_MV1":-60.210796,"data_generator_T":1842.0},{"data_generator_MV1":-58.990837,"data_generator_T":1844.0},{"data_generator_MV1":-57.749397,"data_generator_T":1846.0},{"data_generator_MV1":-56.495274,"data_generator_T":1848.0},{"data_generator_MV1":-57.987755,"data_generator_T":1850.0},{"data_generator_MV1":-59.87019,"data_generator_T":1852.0},{"data_generator_MV1":-60.343571,"data_generator_T":1854.0},{"data_generator_MV1":-60.073673,"data_generator_T":1856.0},{"data_generator_MV1":-61.571041,"data_generator_T":1858.0},{"data_generator_MV1":-62.682373,"data_generator_T":1860.0},{"data_generator_MV1":-64.23732,"data_generator_T":1862.0},{"data_generator_MV1":-64.152779,"data_generator_T":1864.0},{"data_generator_MV1":-63.347771,"data_generator_T":1866.0},{"data_generator_MV1":-63.527424,"data_generator_T":1868.0},{"data_generator_MV1":-63.319931,"data_generator_T":1870.0},{"data_generator_MV1":-62.54351,"data_generator_T":1872.0},{"data_generator_MV1":-61.49403,"data_generator_T":1874.0},{"data_generator_MV1":-60.316994,"data_generator_T":1876.0},{"data_generator_MV1":-59.08654,"data_generator_T":1878.0},{"data_generator_MV1":-60.249756,"data_generator_T":1880.0},{"data_generator_MV1":-62.138382,"data_generator_T":1882.0},{"data_generator_MV1":-62.844536,"data_generator_T":1884.0},{"data_generator_MV1":-63.672226,"data_generator_T":1886.0},{"data_generator_MV1":-63.400585,"data_generator_T":1888.0},{"data_generator_MV1":-62.610298,"data_generator_T":1890.0},{"data_generator_MV1":-61.569424,"data_generator_T":1892.0},{"data_generator_MV1":-60.411083,"data_generator_T":1894.0},{"data_generator_MV1":-59.204163,"data_generator_T":1896.0},{"data_generator_MV1":-57.988556,"data_generator_T":1898.0},{"data_generator_MV1":-57.030304,"data_generator_T":1900.0},{"data_generator_MV1":-58.712055,"data_generator_T":1902.0},{"data_generator_MV1":-59.195717,"data_generator_T":1904.0},{"data_generator_MV1":-58.987415,"data_generator_T":1906.0},{"data_generator_MV1":-58.374962,"data_generator_T":1908.0},{"data_generator_MV1":-57.567032,"data_generator_T":1910.0},{"data_generator_MV1":-56.623016,"data_generator_T":1912.0},{"data_generator_MV1":-55.584557,"data_generator_T":1914.0},{"data_generator_MV1":-56.282955,"data_generator_T":1916.0},{"data_generator_MV1":-56.907307,"data_generator_T":1918.0},{"data_generator_MV1":-58.122181,"data_generator_T":1920.0},{"data_generator_MV1":-63.197292,"data_generator_T":1922.0},{"data_generator_MV1":-65.104912,"data_generator_T":1924.0},{"data_generator_MV1":-65.368912,"data_generator_T":1926.0},{"data_generator_MV1":-64.665337,"data_generator_T":1928.0},{"data_generator_MV1":-63.617893,"data_generator_T":1930.0},{"data_generator_MV1":-62.369762,"data_generator_T":1932.0},{"data_generator_MV1":-61.038879,"data_generator_T":1934.0},{"data_generator_MV1":-59.685841,"data_generator_T":1936.0},{"data_generator_MV1":-60.412918,"data_generator_T":1938.0},{"data_generator_MV1":-60.435562,"data_generator_T":1940.0},{"data_generator_MV1":-59.909859,"data_generator_T":1942.0},{"data_generator_MV1":-59.07626,"data_generator_T":1944.0},{"data_generator_MV1":-58.113125,"data_generator_T":1946.0},{"data_generator_MV1":-57.057537,"data_generator_T":1948.0},{"data_generator_MV1":-55.940056,"data_generator_T":1950.0},{"data_generator_MV1":-54.759789,"data_generator_T":1952.0},{"data_generator_MV1":-53.482597,"data_generator_T":1954.0},{"data_generator_MV1":-53.63765,"data_generator_T":1956.0},{"data_generator_MV1":-55.048691,"data_generator_T":1958.0},{"data_generator_MV1":-55.654198,"data_generator_T":1960.0},{"data_generator_MV1":-55.656731,"data_generator_T":1962.0},{"data_generator_MV1":-58.686985,"data_generator_T":1964.0},{"data_generator_MV1":-62.353436,"data_generator_T":1966.0},{"data_generator_MV1":-64.242134,"data_generator_T":1968.0},{"data_generator_MV1":-65.213013,"data_generator_T":1970.0},{"data_generator_MV1":-66.527328,"data_generator_T":1972.0},{"data_generator_MV1":-67.432106,"data_generator_T":1974.0},{"data_generator_MV1":-66.942383,"data_generator_T":1976.0},{"data_generator_MV1":-66.011559,"data_generator_T":1978.0},{"data_generator_MV1":-64.819504,"data_generator_T":1980.0},{"data_generator_MV1":-63.511887,"data_generator_T":1982.0},{"data_generator_MV1":-62.161823,"data_generator_T":1984.0},{"data_generator_MV1":-64.570702,"data_generator_T":1986.0},{"data_generator_MV1":-66.344017,"data_generator_T":1988.0},{"data_generator_MV1":-66.698601,"data_generator_T":1990.0},{"data_generator_MV1":-65.995331,"data_generator_T":1992.0},{"data_generator_MV1":-64.946335,"data_generator_T":1994.0},{"data_generator_MV1":-64.949486,"data_generator_T":1996.0},{"data_generator_MV1":-64.490997,"data_generator_T":1998.0},{"data_generator_MV1":-63.88496,"data_generator_T":2000.0}]