[{"R_EX_etha_e":0.0,"R_EX_drib_e":0.0,"R_EX_csn_e":0.0,"R_EX_5mtr_e":0.0,"R_EX_dtmp_e":0.0,"R_EX_6pgc_e":0.0,"R_EX_ctbt_e":0.0,"R_EX_cu2_e":0.0,"R_EX_Larab_e":0.0,"R_EX_ectoine_e":0.0,"R_EX_cys__D_e":0.0,"R_EX_cys__L_e":0.0,"R_EX_eths_e":0.0,"R_EX_cyst__L_e":0.0,"R_EX_Lcyst_e":0.0,"R_EX_cytd_e":0.0,"R_EX_abt__L_e":0.0,"R_EX_etoh_e":0.0,"R_EX_dad_2_e":0.0,"R_EX_dcyt_e":0.0,"R_EX_fe2_e":0.0,"R_EX_dextrin_e":0.0,"R_EX_dha_e":0.0,"R_EX_ac_e":0.0,"R_EX_acac_e":0.0,"R_EX_fe3_e":-0.000406984,"R_EX_ferrich_e":0.0,"R_EX_diact_e":0.0,"R_EX_djenk_e":0.0,"R_EX_ferxa_e":0.0,"R_EX_fol_e":0.0,"R_EX_acgam_e":0.0,"R_EX_acmana_e":0.0,"R_EX_acnam_e":0.0,"R_EX_for_e":0.0,"R_EX_fru_e":0.0,"R_EX_actn__R_e":0.0,"R_EX_ade_e":0.0,"R_EX_adn_e":0.0,"R_EX_akg_e":0.0,"R_EX_ala_B_e":0.0,"R_EX_ala__D_e":0.0,"R_EX_ala_L_Thr__L_e":0.0,"R_EX_ala_L_asp__L_e":0.0,"R_EX_ala__L_e":0.0,"R_EX_ala_L_gln__L_e":0.0,"R_EX_ala_L_glu__L_e":0.0,"R_EX_L_alagly_e":0.0,"R_EX_ala_L_his__L_e":0.0,"R_EX_ala_L_leu__L_e":0.0,"R_EX_g6p_e":0.0,"R_EX_gal_e":0.0,"R_EX_galctr__D_e":0.0,"R_EX_galt_e":0.0,"R_EX_galur_e":0.0,"R_EX_gam6p_e":0.0,"R_EX_gam_e":0.0,"R_EX_gbbtn_e":0.0,"R_EX_glc__D_e":-1.7,"R_EX_glcn__D_e":0.0,"R_EX_glcr_e":0.0,"R_EX_glcur_e":0.0,"R_EX_gln__L_e":0.0,"R_EX_glu__D_e":0.0,"R_EX_alaala_e":0.0,"R_EX_alltn_e":0.0,"R_EX_amp_e":0.0,"R_EX_amylase_e":0.0,"R_EX_fum_e":0.0,"R_EX_antim_e":0.0,"R_EX_g1p_e":0.0,"R_EX_glu__L_e":0.0,"R_EX_arab__D_e":0.0,"R_EX_arab__L_e":0.0,"R_EX_arbt_e":0.0,"R_EX_arg__L_e":0.0,"R_EX_argp_e":0.0,"R_EX_arsenb_e":0.0,"R_EX_arsna_e":0.0,"R_EX_arsni2_e":0.0,"R_EX_asn__L_e":0.0,"R_EX_asp__L_e":0.0,"R_EX_bilea_e":0.0,"R_EX_btd_RR_e":0.0,"R_EX_glx_e":0.0,"R_EX_buts_e":0.0,"R_EX_ca2_e":-0.0003780823,"R_EX_cbl2_e":0.0,"R_EX_pur_e":0.0,"R_EX_pyr_e":0.0,"R_EX_cd2_e":0.0,"R_EX_gly_asn__L_e":0.0,"R_EX_cellb_e":0.0,"R_EX_cgly_e":0.0,"R_EX_raffin_e":0.0,"R_EX_rib__D_e":0.0,"R_EX_gly_asp__L_e":0.0,"R_EX_ribflv_e":0.0,"R_EX_chitob_e":0.0,"R_EX_gly_e":0.0,"R_EX_chol_e":0.0,"R_EX_rmn_e":0.0,"R_EX_gly_gln__L_e":0.0,"R_EX_chols_e":0.0,"R_EX_chor_e":0.0,"R_EX_cit_e":0.0,"R_EX_salcn_e":0.0,"R_EX_gly_glu__L_e":0.0,"R_EX_sbt__D_e":0.0,"R_EX_ser__D_e":0.0,"R_EX_citr__L_e":0.0,"R_EX_cmp_e":0.0,"R_EX_ser__L_e":0.0,"R_EX_gly_met__L_e":0.0,"R_EX_so4_e":-0.0200915636,"R_EX_spmd_e":0.0,"R_EX_co2_e":5.980675627,"R_EX_cobalt2_e":0.0,"R_EX_crn_e":0.0,"R_EX_cro4_e":0.0,"R_EX_srb__L_e":0.0,"R_EX_starch_e":0.0,"R_EX_subtilisin_e":0.0,"R_EX_succ_e":0.0,"R_EX_sucr_e":0.0,"R_EX_gly_pro__L_e":0.0,"R_EX_sula_e":0.0,"R_EX_taur_e":0.0,"R_EX_glyb_e":0.0,"R_EX_thiog_e":0.0,"R_EX_glyc3p_e":0.0,"R_EX_glyc_e":0.0,"R_EX_glyclt_e":0.0,"R_EX_glycogen_e":0.0,"R_EX_gmp_e":0.0,"R_EX_gsn_e":0.0,"R_EX_thr__L_e":0.0,"R_EX_gthox_e":0.0,"R_EX_thym_e":0.0,"R_EX_gthrd_e":0.0,"R_EX_thymd_e":0.0,"R_EX_gua_e":0.0,"R_EX_tmp_e":0.0,"R_EX_tre_e":0.0,"R_EX_trp__L_e":0.0,"R_EX_h2o2_e":0.0,"R_EX_tyr__L_e":0.0,"R_EX_h2o_e":7.869819467,"R_EX_ump_e":0.0,"R_EX_ura_e":0.0,"R_3UMPt6":0.0,"R_EX_h_e":0.767664745,"R_5MTRt2":0.0,"R_6PGCt6":0.0,"R_EX_urate_e":0.0,"R_2HXMPt6":0.0,"R_EX_hexs_e":0.0,"R_2PGLYCt6":0.0,"R_2PGt6":0.0,"R_3AMPt6":0.0,"R_3CMPt6":0.0,"R_EX_urea_e":0.0,"R_EX_uri_e":0.0,"R_EX_val__L_e":0.0,"R_EX_xan_e":0.0,"R_EX_xtsn_e":0.0,"R_EX_xyl__D_e":0.0,"R_EX_zn2_e":0.0,"R_3GMPt6":0.0,"R_3PGt6":0.0,"R_ABTt_1":0.0,"R_F6Pt6_2":0.0,"R_EX_hg2_e":0.0,"R_EX_his__L_e":0.0,"R_EX_hqn_e":0.0,"R_EX_hxan_e":0.0,"R_PHEt2r":0.0,"R_ACACt2":0.0,"R_EX_icit_e":0.0,"R_2S6HCCi":0.0000313791,"R_26DPAi":0.0,"R_3AMBAt2":0.0,"R_FDH":0.0009328782,"R_FDMO_1":0.0,"R_EX_ile__L_e":0.0,"R_AAMYL_1":0.0,"R_EX_inost_e":0.0,"R_EX_ins_e":0.0,"R_EX_istnt_e":0.0,"R_ABTA":0.0,"R_EX_k_e":-0.0833210764,"R_EX_lac__L_e":0.0,"R_EX_lanth_e":0.0,"R_FBA":1.5836747984,"R_EX_lcts_e":0.0,"R_FBA2":0.0,"R_FBP":0.0,"R_FCLT_2":0.0,"R_FDMO1":0.0,"R_FDMO2_1":0.0,"R_FDMO3_1":0.0,"R_AB6PGH":0.0,"R_ABUTD":0.0,"R_MACCOAT":0.0,"R_ACACT2r":0.0033002277,"R_ACACT3r":0.0033002277,"R_ACACT4r":0.0033002277,"R_ACACT5r_1":0.0033002277,"R_ACACT6r_1":0.0033002277,"R_ACACT7r":0.0025386367,"R_FDMO4_1":0.0,"R_FDMO5_1":0.0,"R_FDMO6_1":0.0,"R_ACACT1r":0.0033002277,"R_ACCOAC":0.1200775158,"R_EX_leu__L_e":0.0,"R_ACGApts":0.0,"R_ACGK":0.0227699904,"R_FE2abc":0.0,"R_EX_lipt_e":0.0,"R_ACGS":0.0,"R_EX_lys__L_e":0.0,"R_FOLD3":0.0000432937,"R_ACMANAt2":0.0,"R_ACNAMt2":0.0,"R_EX_madg_e":0.0,"R_ACNPLYS":0.0,"R_EX_mal__D_e":0.0,"R_ALLTNt2r":0.0,"R_EX_mal__L_e":0.0,"R_ACt2r":0.0,"R_ADEt2":0.0,"R_ACKr":0.0503846245,"R_ACLDC":0.0020210002,"R_ALLTAHr":0.0,"R_EX_malt_e":0.0,"R_AMPt6":0.0,"R_ACODA_1":0.0,"R_ACOAD20":0.0,"R_EX_malttr_e":0.0,"R_EX_man1p_e":0.0,"R_ACONT":1.971569745,"R_ACOAD2":0.0033002277,"R_EX_man6p_e":0.0,"R_ACOAD1":0.0033002277,"R_ACOADH2":0.0,"R_ARABDI":0.0,"R_ARAB_Dt":0.0,"R_ACOTA":-0.0227699904,"R_ARGKr":0.0,"R_EX_man_e":0.0,"R_ARGPt6":0.0,"R_ACPS1":0.0,"R_EX_3ump_e":0.0,"R_EX_mbdg_e":0.0,"R_APATi":0.0503846245,"R_EX_melib_e":0.0,"R_EX_meoh_e":0.0,"R_EX_met__D_e":0.0,"R_APRAUR":0.0,"R_APSR":0.0200915636,"R_ACPpds":0.0,"R_ACS":0.0,"R_EX_met_L_ala__L_e":0.0,"R_ALKP":0.0,"R_APTA1i":0.0503846245,"R_EX_met__L_e":0.0,"R_ALCD19_L":0.0,"R_ACS2":0.0,"R_ACTD2":0.0020210002,"R_ACTNabc":0.0,"R_ACTNabc1":0.0,"R_ALCD2y":0.0,"R_ADADir":0.0,"R_EX_metox__R_e":0.0,"R_ADNK1":0.0,"R_ADCL":0.0000432937,"R_ADD":0.0,"R_ALLTN":0.0,"R_ALTRH":0.0,"R_EX_metox_e":0.0,"R_ARABRr":0.0,"R_ARAI":0.0,"R_ARBTpts":0.0,"R_ADCS":0.0000432937,"R_ADK1":0.1848350473,"R_EX_mg2_e":-0.0119988333,"R_AMAA":0.0,"R_ADK2":0.0,"R_AMAOTr":0.0,"R_EX_mn2_e":0.0,"R_AMMQT7":0.0000313791,"R_ANPRT":0.0064098217,"R_ADMDC":0.0,"R_EX_mnl_e":0.0,"R_ADNt2":0.0,"R_ADPDA":0.0503846245,"R_ADPRDP":0.0,"R_ANS":0.0064098217,"R_ANTIMt1":0.0,"R_EX_mobd_e":0.0,"R_AOXSr":0.0,"R_ARBabc":0.0,"R_ARBt2r":0.0,"R_ARGDC":0.0,"R_ADPT":0.0,"R_ADSK":0.0,"R_ADSL2r":0.0214875778,"R_ADSL1r":0.0215611888,"R_ADSS":0.0215611888,"R_AGDC":0.0,"R_ARGN_1":0.0,"R_ARGSL":0.0227699904,"R_ARGSS":0.0227699904,"R_AGMT":0.0,"R_AGPATr_BS":0.0126931835,"R_EX_mops_e":0.0,"R_AGPR":-0.0227699904,"R_AHCYSNS":0.0,"R_ASNt2r":0.0,"R_EX_mso3_e":0.0,"R_ASPt2r":0.0,"R_AHMMPS_1":0.0,"R_AHSERL3":0.0,"R_AHSERL4":0.0,"R_EX_na1_e":0.0,"R_AICART":0.0311300325,"R_AKGDH":1.8563371088,"R_EX_nac_e":0.0,"R_AIRC1":0.0214875778,"R_ATPM":9.0,"R_BIOMASS_BS_10":0.1179663893,"R_EX_nh4_e":-0.9449636274,"R_BTDt6_RR":0.0,"R_CHORt2":0.0,"R_ALAALAr":0.0120109839,"R_AKGt2r":0.0,"R_EX_ni2_e":0.0,"R_AKP1":0.0000432937,"R_ALAD_L":0.0,"R_ALAR":0.041577136,"R_ALATA_L":-0.0850735851,"R_CITRt2r":0.0,"R_CMPt6":0.0,"R_CO2t":-5.980675627,"R_DALAt2r":0.0,"R_ARSNAt1":0.0,"R_ALAt2r":0.0,"R_EX_no2_e":0.0,"R_ALCD19y":0.0,"R_ARSt1":0.0,"R_ARGabc":0.0,"R_EX_no3_e":0.0,"R_ARGt2r":0.0,"R_ARSENBabc":0.0,"R_CYSGLYt2ir":0.0,"R_CYSTabc":0.0,"R_ARSENBt2":0.0,"R_EX_o2_e":-5.7058992295,"R_ASAD":-0.1305191928,"R_ASNN":0.0,"R_ASNS1":0.0174574921,"R_CYSabc":0.0,"R_DEXTRINt2":0.0,"R_ASP1DC":0.0,"R_EX_orn__L_e":0.0,"R_ASPCT":0.0143889503,"R_ASPK":0.1305191928,"R_DHAt":0.0,"R_EX_pala_e":0.0,"R_EX_4abut_e":0.0,"R_ASPO6":0.0020424701,"R_ASPO1":0.0,"R_ASPT":0.0,"R_ASPTA":-0.2476875395,"R_EX_pep_e":0.0,"R_ATPPRT":0.0096424547,"R_DADK":0.0,"R_EX_phe__L_e":0.0,"R_DADNt2":0.0,"R_ATPS4r":18.7715401521,"R_BETALDHx":0.0,"R_BG_CELLB":0.0,"R_CYSS_2":0.0,"R_EX_pi_e":-0.1810531628,"R_DHPPDA":0.0,"R_BG_MADG":0.0,"R_BG_MBDG":0.0,"R_BILEt4":0.0,"R_DDPA":0.0403128902,"R_EX_pnto__R_e":0.0,"R_CRNabc":0.0,"R_BTDD_RR":0.0,"R_EX_ppa_e":0.0,"R_BLACT":0.0,"R_CTPS1":0.0067605358,"R_BTS_1":0.0,"R_CPPPGO":0.0,"R_EX_ppi_e":0.0,"R_CRO4t3":0.0,"R_CS":1.971569745,"R_EX_pro__L_e":0.0,"R_CTPS2":0.0,"R_CYOR3m":11.395323745,"R_BUTKr":0.0,"R_BUTSabc":0.0,"R_EX_prolb_e":0.0,"R_CA2abc1":0.0,"R_CAT":0.008237357,"R_CAt4":-0.0003780823,"R_CYOO3":11.395323745,"R_CYSTGL":0.0067229045,"R_CYSTL":0.0,"R_CYSTS":0.0067229045,"R_DCYTD":0.0,"R_CYTB_B2":0.0,"R_CYTB_B3":0.0,"R_CBL2abc":0.0,"R_CD2t4":0.0,"R_CBPS":0.0371589408,"R_CYTD":0.0,"R_EX_pser__D_e":0.0,"R_EX_pser__L_e":0.0,"R_DJENKabc":0.0,"R_CYTDK1":0.0,"R_CD2abc1":0.0,"R_CDGPT_BS":0.0024537009,"R_CDPDSP_BS":0.0066061178,"R_CDPMEK":0.0002196534,"R_CHCOAL":0.0,"R_CYTDK2":0.0000313791,"R_DCYTt2":0.0,"R_CHOLD2":0.0,"R_DTMPt6":0.0,"R_CHORM":0.0338283957,"R_CHORS":0.0403128902,"R_CYTK1":0.0635645374,"R_CYTK2":0.0,"R_CYTOM":-0.0000313791,"R_CITt10":0.0,"R_CITt11":0.0,"R_CITt12":0.0,"R_D4DGCD":0.0,"R_Cut1":0.0,"R_DAAOP":0.0,"R_DAGK_BS":0.0,"R_DALAOX":0.0,"R_CITt13":0.0,"R_CLPNS2_BS":0.0000589832,"R_CITt14":0.0,"R_CITt2r":0.0,"R_DAPDC":0.0383736407,"R_DAPE":0.0503846245,"R_ETHAAL":0.0,"R_DB4PS":0.0,"R_DBTS":0.0,"R_FOLt":0.0,"R_FORAMD":0.0,"R_DCMPDA":0.0,"R_ETOHt3":0.0,"R_CMPDAi":0.0,"R_FRTT":0.0000313791,"R_EX_2ddglcn_e":0.0,"R_DDGLCNt2r":0.0,"R_DDGLK":0.0,"R_EX_2hxmp_e":0.0,"R_DGK1":0.0020523792,"R_DGNSK":0.0020523792,"R_G1Pt6_2":0.0,"R_DHAD1":0.0854306693,"R_G3POA_BS":0.0126931835,"R_EX_2pg_e":0.0,"R_DHAD2":0.0,"R_DHBD":0.0,"R_DHBS":0.0,"R_EX_2pglyc_e":0.0,"R_DHDPRy":0.0503846245,"R_DHDPS":0.0503846245,"R_G5SADs":0.0189503567,"R_G6Pt6_2":0.0,"R_GALTpts":0.0,"R_FOLR2":0.0,"R_DHFR":0.0027759851,"R_DHFS":0.0000432937,"R_DHNAOT7":0.0000313791,"R_EX_3amba_e":0.0,"R_EX_3amp_e":0.0,"R_GAM6Pt":0.0,"R_EX_3cmp_e":0.0,"R_GGTT":0.0000313791,"R_GCALDD":0.0000432937,"R_EX_3gmp_e":0.0,"R_GAPD":3.0558197683,"R_G1Dx":0.0,"R_GALt2":0.0,"R_DHNPA_1":0.0000432937,"R_DHORTS":-0.0143889503,"R_DHORDi":0.0143889503,"R_EX_3pg_e":0.0,"R_GK1":0.0,"R_ETHSabc":0.0,"R_GBBTNabc":0.0,"R_GK2":0.0074571273,"R_GLCRAL_1":0.0,"R_GLU_Dt2":0.0,"R_DINSK":0.0,"R_GLXt2":0.0,"R_GLYCOGENt":0.0,"R_FE3t":0.000406984,"R_DHQTi":0.0403128902,"R_FEDCabc":0.0,"R_GLYt2r":0.0,"R_FERXAabc":0.0,"R_GMPt6":0.0,"R_DHQS":0.0403128902,"R_H2Ot":-7.869819467,"R_FFSD":0.0,"R_FGLU_1":0.0,"R_FLVR_1":0.0,"R_FMETDF":0.0,"R_FMNRy":0.0,"R_HCO3E":0.4543378752,"R_HEMECS":0.0,"R_HEMEDS":0.0,"R_FMETTRS_1":0.0,"R_FMNAT":0.0,"R_FORt2":0.0,"R_GSNt2":0.0,"R_DIPEPabc1":0.0,"R_GLYBt2r":0.0,"R_GLYO1":0.0,"R_FTHFD":0.0008895845,"R_HEX7":0.0,"R_FUM":1.9221558659,"R_DKI":0.0,"R_FUMt2r":0.0,"R_GTPCII":0.0,"R_G1PACT":0.0385719422,"R_GRTT":0.0000313791,"R_G1PPDM":0.0,"R_DKII":0.0,"R_G3PCT":0.0543766072,"R_GLCRt2r":0.0,"R_GLCURt2r":0.0,"R_G1SAT":0.0,"R_DKMD2K":0.0,"R_G3PD1ir":0.0694645084,"R_G3PD4":0.0,"R_GLCP":0.0,"R_GLCRD_1":0.0,"R_GLCS1":0.0,"R_G5SD":0.0189503567,"R_G6PDH2r":0.0,"R_G6PDA":0.0,"R_G6PI":0.0,"R_GLCt2":0.0,"R_GALCTD_1":0.0,"R_GLNS":0.1925387244,"R_GALCTRt2":0.0,"R_GLGC":0.0,"R_DKMD3M":0.0,"R_GLNabc":0.0,"R_GLTPD":0.0,"R_GLUPRT":0.0214875778,"R_GALKr":0.0,"R_GALS1":0.0,"R_GALS2":0.0,"R_GALS3":0.0,"R_GALS4":0.0,"R_GLU5K":0.0189503567,"R_GALT":0.0,"R_GLUDxi":0.0,"R_GALUi":0.029682113,"R_DM1PE":0.0,"R_GALURt2r":0.0,"R_GLUN":0.0,"R_GLUTRR":0.0,"R_GAMpts":0.0,"R_DMATT":0.0000313791,"R_GAPDi_nadp":0.0,"R_GLUR":-0.0120109839,"R_GLUSy":0.0,"R_GLUTRS":0.0,"R_GLUt4":0.0,"R_GLUt2r":0.0,"R_GLXCBL":0.0000216468,"R_GARFT":0.0214875778,"R_GART":0.0,"R_GBEZY":0.0,"R_GF6PTA":0.0385719422,"R_GGTAe2":0.0,"R_GLY3Pt2":0.0,"R_DMPPS":0.0,"R_GLYAT":0.0,"R_GLYCK":0.0000216468,"R_GHMT2r":0.069651839,"R_GLCNt2ir":0.0,"R_DPCOAK":0.0,"R_GLYCTO1":0.0000432937,"R_HIBHr":0.0,"R_GLYCLTt2r":0.0,"R_HQNt6":0.0,"R_DPR":0.0,"R_ISOMS":0.0,"R_GLYCt":0.0,"R_GLYK":0.0000589832,"R_DRBK":0.0,"R_GMPR":0.0,"R_GMPS2":0.0095688437,"R_GNKr":0.0,"R_GPDDA4":0.0,"R_GPDDA1":0.0,"R_IMPC":-0.0311300325,"R_HEXSabc":0.0,"R_ICITt10":0.0,"R_ICITt2":0.0,"R_DRIBabc":0.0,"R_DRPA":-0.0020210002,"R_IPDPS":0.0002196534,"R_IPDDI":0.0000313791,"R_GTHPe":0.0,"R_RAFH":0.0,"R_DTMPK":0.0027013123,"R_HXPRT":-0.0095688437,"R_HETZK":0.0,"R_GTPCI":0.0000432937,"R_GTPDPK":0.0,"R_DURIK1":0.0,"R_GUAD":0.0,"R_GUAPRT":-0.0020523792,"R_HXANt2r":0.0,"R_HEMEOS_1":0.0,"R_GUI1":0.0,"R_DURIPP":0.0,"R_GUAt2r":0.0,"R_HEX1":0.0,"R_HGt":0.0,"R_GUI2":0.0,"R_DUTPDP":0.0,"R_HACD2":0.0033002277,"R_HACD1_1":0.0033002277,"R_HEXTT":0.0000313791,"R_HIBD":0.0,"R_HEMEAS":0.0,"R_DXPRIi":0.0002196534,"R_HISDr":0.0,"R_HISTD":0.0096424547,"R_LAAL17":0.0,"R_DXPS":0.0002196534,"R_LAAL18":0.0,"R_LAAL19":0.0,"R_HISTP":0.0096424547,"R_HKM1PP":0.0,"R_LAAL2":0.0,"R_Kt2r":0.0,"R_LAAL20":0.0,"R_LAAL21":0.0,"R_LAAL22":0.0,"R_HISt2r":0.0,"R_HMBS":0.0,"R_HMGCOAS":0.0,"R_LAAL23":0.0,"R_ECOAH1_1":0.0033002277,"R_LAAL24":0.0,"R_Kt3r":0.0,"R_HMGL":0.0,"R_HOXPRx":-0.0000216468,"R_HMPK1":0.0,"R_ECOAH2":0.0033002277,"R_HP5CD_1":0.0,"R_Kt1":0.0833210764,"R_HPPK":0.0000432937,"R_LAAL25":0.0,"R_ECOAH2c":0.0,"R_LAAF":0.0,"R_LAAL1":0.0,"R_HSDy":-0.0801345683,"R_HSK":0.0600430047,"R_HSST":0.0200915636,"R_LAAL10":0.0,"R_LAAL11":0.0,"R_HXAD":0.0,"R_ECOAH3":0.0033002277,"R_HSTPTr":0.0096424547,"R_LAAL12":0.0,"R_LAAL13":0.0,"R_ECOAH4":0.0033002277,"R_LAAL14":0.0,"R_LAAL15":0.0,"R_LAAL16":0.0,"R_LAAL26":0.0,"R_LAAL27":0.0,"R_ICDHyr":1.971569745,"R_ICHORT":0.0,"R_IG3PS_1":0.0096424547,"R_IGPDH_1":0.0096424547,"R_IGPS":0.0064098217,"R_ILEDHr":-0.0447867655,"R_IMPD":0.0,"R_ILETA":0.0129470472,"R_ILEt2r":0.0,"R_LAAL28":0.0,"R_LAAL29":0.0,"R_ECOAH5_1":0.0033002277,"R_LAAL3":0.0,"R_LAAL30":0.0,"R_INS2D":0.0,"R_ECOAH6":0.0033002277,"R_INSTt2":0.0,"R_IPDPUPT":0.0,"R_LANTHabc":0.0,"R_LIPO1S24_BS":0.0000008258,"R_IPMD":0.0477231848,"R_ECOAH7":0.0025386367,"R_IPPS":0.0477231848,"R_IZPN_1":0.0,"R_LIPO2S24_BS":0.0000007078,"R_LIPO4S24_BS":0.0000017695,"R_LIPTabc":0.0,"R_IPPMIa":-0.0477231848,"R_IPPMIb":-0.0477231848,"R_KARA1":-0.0854306693,"R_KARA2":0.0447867655,"R_LYSLG_BS":0.0002595261,"R_MALTTRabc":0.0,"R_MAL_Dt2":0.0,"R_MAN1Pt6":0.0,"R_MAN6Pt6":0.0,"R_KAS1":0.0002538637,"R_LAAL31":0.0,"R_ECOAH9ir":0.0,"R_EDA":0.0,"R_MANAO":0.0,"R_METt3":0.0,"R_ENO":2.9409448651,"R_MELIBt2":0.0,"R_NACt":0.0,"R_MALt2r":0.0,"R_ETHAt6":0.0,"R_MECDPS":0.0002196534,"R_NMNHYD":0.0,"R_LCYSTabc":0.0,"R_MANt2":0.0,"R_LLEUDr":-0.0408688657,"R_L_LACt2r":0.0,"R_MTAN":0.0,"R_MOPSabc":0.0,"R_MLTG1":0.0,"R_NAPRT":0.0,"R_MLTG2":0.0,"R_LAAL32":0.0,"R_LEUTA":0.0,"R_METS":0.013368659,"R_LEUt2r":0.0,"R_O2t":5.7058992295,"R_LAAL33":0.0,"R_LACZ":0.0,"R_LIPO3S24_BS":0.0000021234,"R_METSR_R1":0.0,"R_METSR_R2":0.0,"R_METSabc":0.0,"R_METDabc":0.0,"R_METabc":0.0,"R_METSR_S1":0.0,"R_METSR_S2":0.0,"R_METTRS":0.0,"R_MGSA":0.0,"R_LYSAM":0.0,"R_OMCDC":0.0477231848,"R_LCTSabc":0.0,"R_MGt5":-0.0119988333,"R_PALAt2":0.0,"R_MMSAD2":0.0,"R_MI1PP":0.0,"R_LDH2":0.0,"R_LDH_L":0.0,"R_PAP_BS":0.0036333648,"R_LYSDC":0.0,"R_MCITL2":0.0,"R_PEPt6":0.0,"R_MMSAD3":0.0,"R_PGL":0.0,"R_MMSDHir":0.0,"R_MMSAD1":0.0,"R_MNNH":0.0,"R_LYSt3r":0.0,"R_MAN6PI":0.0,"R_M1PD":0.0,"R_MAL6PG":0.0,"R_MALT":0.0,"R_MNabc":0.0,"R_MNt2":0.0,"R_MOHMT":0.0,"R_MPL":0.0,"R_MOBDabc":0.0,"R_MTHFC":0.0535504885,"R_MALTATr":0.0,"R_MCA":0.0,"R_MTHFD":0.0535504885,"R_PGPPH_BS":0.0024537009,"R_MTHFR3":0.013368659,"R_MALTabc":0.0,"R_MALTpts":0.0,"R_MALt10":0.0,"R_MCITS":0.0,"R_OXGDC":0.0,"R_MALt4":0.0,"R_MCSNAH":-0.0000313791,"R_MTRI":0.0,"R_MTRK":0.0,"R_NADK":0.0001356613,"R_NADK1":0.0,"R_NADH4":9.5389866362,"R_MDH":1.9221558659,"R_NADK2":0.0,"R_ORNTAC_1":0.0227699904,"R_NADK3":0.0,"R_MDRPD":0.0,"R_MALDDH":0.0,"R_ME2":0.0,"R_NADK4":0.0,"R_BGLA1":0.0,"R_NADK5":0.0,"R_NADS1":0.0020424701,"R_NAt3_1":0.0,"R_NAabcO":0.0,"R_MECDPDH2":0.0002196534,"R_MEPCT":0.0002196534,"R_METAT":0.0,"R_NDPK7":0.0020502558,"R_PENCAC":0.0,"R_NDPK3":0.0614846719,"R_NDPK4":0.0027013123,"R_PAPSR":0.0,"R_NDPK5":0.0020523792,"R_PMDPHT":0.0,"R_ORNt2":0.0,"R_PPAt6":0.0,"R_PPIabc":0.0,"R_NDPK6":0.0,"R_NDPK1":0.0290284613,"R_NDPK2":0.0799103142,"R_PPTGS_BS":0.0120109839,"R_PGMT_B":0.0,"R_PPTT":0.0000313791,"R_PSER_Dt6":0.0,"R_PSER_Lt6":0.0,"R_RAFFINt2":0.0,"R_PGI":1.670317887,"R_RHCYS":0.0,"R_P5CD":0.0,"R_RIBFLVt2":0.0,"R_NDPK9":0.0,"R_RMNt":0.0,"R_PYRt2":0.0,"R_PYNP1":0.0000313791,"R_PHETA1":-0.0207548886,"R_NDPK8":0.0101682309,"R_PYNP2r":0.0,"R_RMPA":0.0,"R_SALADC2":0.0,"R_NH4t":0.9449636274,"R_DSERt2":0.0,"R_SERt2r":0.0,"R_PTAr":-0.0503846245,"R_PMPK":0.0,"R_SORD_D":0.0,"R_NMNAT":0.0,"R_SRB_Lt":0.0,"R_PTA2":0.0,"R_PHYT3":0.0,"R_NNATr":0.0020424701,"R_PIabc":0.0,"R_SO4t2":0.0200915636,"R_NNAM":0.0,"R_SARCOX":0.0,"R_PIt2r":0.1810531628,"R_PIt7":0.0,"R_SUCR":0.0,"R_NNDPR":0.0020424701,"R_PMANM":0.0,"R_SALCpts":0.0,"R_NO2t2r":0.0,"R_NPHS":0.0000313791,"R_RBK":0.0,"R_NO2t3":0.0,"R_PNTEH":0.0,"R_NO3t2":0.0,"R_PNTK":0.0,"R_RBK_Dr":0.0,"R_RIBabc":0.0,"R_NTR3B":0.0,"R_SUCCt2r":0.0,"R_Q23DO":0.0,"R_PNP":0.0,"R_QULNS":0.0020424701,"R_RBFK":0.0,"R_APNPT":0.0,"R_PNTOt2":0.0,"R_PPA":0.307531181,"R_PPBNGS":0.0,"R_PPNCL":0.0,"R_RBK_L1":0.0,"R_RBFSa":0.0,"R_PPCDC":0.0,"R_PPCK":0.0,"R_OCBT_1":0.0227699904,"R_PPM":-0.0000313791,"R_PPCOAC":0.0,"R_RBFSb":0.0,"R_RBP4E":0.0,"R_RMI":0.0,"R_RMK":0.0,"R_PPM2":-0.0020210002,"R_PPND":0.0130735071,"R_RNDR4":0.0027326914,"R_NTRIR2x":0.0,"R_RPE":-0.0480711464,"R_RPI":-0.0480711464,"R_SADT":0.0200915636,"R_PPNDH":0.0207548886,"R_PPPGO":0.0,"R_PPS":0.0,"R_PRAGSr":0.0214875778,"R_PRAIi":0.0064098217,"R_SBTD_D2":0.0,"R_SBTt2":0.0,"R_SDPDS":0.0,"R_SERAT":0.0,"R_SERD_D":0.0,"R_SHCHD2_1":0.0,"R_PRAIS_1":0.0214875778,"R_PRATPP":0.0096424547,"R_PRASCSi":0.0214875778,"R_PRFGS_1":0.0214875778,"R_PRMICI":0.0096424547,"R_SERD_L":0.0,"R_SHCHF_2":0.0,"R_OMPDC":0.0143889503,"R_SHK3Dr":0.0403128902,"R_SHKK":0.0403128902,"R_SHSL1":0.0,"R_URATEt_1":0.0,"R_PRO1x":1.1764333412,"R_PRPPS":0.0519188954,"R_SHSL2":0.0200915636,"R_OCOAT1":0.0,"R_SHSL3":0.0,"R_SHSL4r":0.0,"R_PROt2r":0.0,"R_PSCVT":0.0403128902,"R_PSDC_BS":0.0066061178,"R_SLCYSS":0.0,"R_ORNTA_1":0.0,"R_SPODM":0.0,"R_PSERT":0.11489655,"R_PSP_D":0.0,"R_PTHPS":0.0,"R_SPMDAT1":0.0,"R_ORPT":-0.0143889503,"R_SPMDAT3":0.0,"R_SPMDt3i":0.0,"R_SPRMS":0.0,"R_SPMS":0.0,"R_PTPATi":0.0,"R_PYK":1.148308101,"R_PUNP5":0.0,"R_PUNP6":0.0,"R_PURabc1":0.0,"R_PYRIS":0.0,"R_OIVD1r":0.0068543191,"R_EX_f6p_e":0.0,"R_SSALy":0.0,"R_SUCBZL":0.0000313791,"R_SUCBZS":0.0000313791,"R_TGBPA":0.0,"R_SUCD1":1.8563371088,"R_OIVD2":0.001523182,"R_SUCD5_BS":1.8563371088,"R_SUCOAS":-1.8362455452,"R_THIOGabc":0.0,"R_THMt6":0.0,"R_OIVD3":0.0129470472,"R_THRt2r":0.0,"R_P5CR":1.1953836979,"R_TMPHi":0.0,"R_UREAt":0.0,"R_TMPt6":0.0,"R_OXADC":0.0,"R_TYRt2r":0.0,"R_UGLYCH":0.0,"R_UMPt6":0.0,"R_SULAabc":0.0,"R_TAURabc":0.0,"R_TRPAS1":0.0,"R_THMDt2":0.0,"R_TMDK1":0.0,"R_TMDPP":0.0000313791,"R_UAGDP":0.0385719422,"R_TARTDC":0.0,"R_TYRTA":-0.0130735071,"R_TECA1S45":0.0004275102,"R_TARTRDH":0.0,"R_TAGURr":0.0,"R_SULR_1":-0.0200915636,"R_TALA":-0.0038791281,"R_THRD":0.0,"R_TECA4S_BS":0.0003671114,"R_TEICH45":0.0,"R_THRD_L":0.0380638609,"R_THRS":0.0600430047,"R_TKT1":-0.0038791281,"R_TKT2":-0.0441920183,"R_TMN":0.0,"R_TMDS":0.0027326914,"R_TMPK":0.0,"R_TMPPP":0.0,"R_TPI":1.51216782,"R_TRDR":0.0275856144,"R_TRE6PH":0.0,"R_TRPt2r":0.0,"R_TRPS1":0.0064098217,"R_UAAGDS":0.0120109839,"R_UAG2E":0.0009189582,"R_UAG2EMA":0.0,"R_UDPG4E":0.0,"R_UAGPT3":0.0120109839,"R_UAG4E":0.0110133421,"R_UAGCVT":0.0120109839,"R_UAMAGS":0.0120109839,"R_UAMAS":0.0120109839,"R_UAPGR":0.0120109839,"R_UDCPDP":0.0120109839,"R_UDPGD":0.0,"R_UGMDDS":0.0120109839,"R_UGT1_BS":0.0010145109,"R_UGT2_BS":0.0007785782,"R_UGT_BS":0.0018402757,"R_UNK5":0.0,"R_UPP3S":0.0,"R_UPP3MT_2":0.0,"R_ALDD9":0.0,"R_FRUpts":0.0,"R_CYTDt2":0.0,"R_GLYBabc":0.0,"R_ACLS":0.0874516695,"R_ACHBS":0.0447867655,"R_X00002":0.0,"R_NTD8":0.0,"R_23CN2P1":0.0,"R_23CN2P2":0.0,"R_23CN2P3":0.0,"R_23CN2P4":0.0,"R_NTD6":0.0,"R_NTD9":0.0,"R_NTD1":0.0,"R_NTD10":0.0,"R_NTD2":0.0,"R_3NUCLE1":0.0,"R_3NUCLE2":0.0,"R_3NUCLE3":0.0,"R_3NUCLE4":0.0,"R_NTD3":0.0,"R_NTD4":0.0,"R_NTD5":0.0000313791,"R_NTD7":0.0,"R_ABUTt2r":0.0,"R_BALAt2r":0.0,"R_S6PG":0.0,"R_URIK3":0.0,"R_LCADi":0.0,"R_XTSNt2":0.0,"R_XYLt2":0.0,"R_ZN2t4":0.0,"R_URIK1":0.0,"R_URIK2":0.0,"R_URIt2":0.0,"R_UPPRT":0.0,"R_XPPT":0.0095688437,"R_HXAND":0.0095688437,"R_URIDK2r_copy2":-0.0027326914,"R_VALDHr":-0.7027216524,"R_VALTA":0.6665373499,"R_VALt2r":0.0,"R_UMPK":0.0383322345,"R_XYL14BASE":0.0,"R_UPPDC1":0.0,"R_URAt2":0.0,"R_URCN":0.0,"R_URIDK2r_copy1":0.0,"R_UREA":0.0,"R_XAND":0.0,"R_URIC":0.0,"R_XYLI1":0.0,"R_XANt2":0.0,"R_XYLI2":0.0,"R_XYLK":0.0,"R_ZNabc":0.0,"R_ALDD10":0.0,"R_ALDD11":0.0,"R_ALDD12":0.0,"R_ALDD13":0.0,"R_ALDD14":0.0,"R_ALDD15":0.0,"R_ALDD16":0.0,"R_ALDD17":0.0,"R_ALDD18":0.0,"R_ALDD1":0.0,"R_ALDD20x_1":0.0,"R_ALDD2x":0.0,"R_ALDD3":0.0,"R_GLXO1":0.0,"R_ALDD31_1":0.0,"R_ALDD32":0.0,"R_ALDD4":0.0,"R_ALDD4x":0.0,"R_ALDD5":0.0,"R_ALDD6":0.0,"R_ALDD7":0.0,"R_ALDD8":0.0,"R_GLYALDDr":0.0,"R_DIPEPabc12":0.0,"R_DIPEPabc13":0.0,"R_DIPEPabc14":0.0,"R_DIPEPabc15":0.0,"R_DIPEPabc2":0.0,"R_DIPEPabc3":0.0,"R_DIPEPabc4":0.0,"R_DIPEPabc5":0.0,"R_DIPEPabc6":0.0,"R_DIPEPabc7":0.0,"R_DIPEPabc8":0.0,"R_DIPEPabc9":0.0,"R_RIBabc1":0.0,"R_FRUK":0.0,"R_FACOAL140":0.0,"R_FACOAL140_ISO":0.0002538637,"R_FACOAL150_ISO":0.0050772734,"R_PPAKr":0.0,"R_ACOAD3":-0.0033002277,"R_ACOAD4_1":-0.0033002277,"R_ACOAD5_1":-0.0033002277,"R_ACOAD6":-0.0033002277,"R_ACOAD7":-0.0025386367,"R_DADNK":0.0,"R_CSNt2":0.0,"R_INSt2":0.0,"R_DHAD3":0.0447867655,"R_CELBpts":0.0,"R_MSO3abc":0.0,"R_ISTNTabc":0.0,"R_CTBTabc":0.0,"R_CHLabc":0.0,"R_CITt15":0.0,"R_CHOLSabc_1":0.0,"R_ECTOINEabc":0.0,"R_ITCY":0.0,"R_PROLBabc":0.0,"R_GLCpts":1.7,"R_MANpts":0.0,"R_MNLpts":0.0,"R_DIPEPabc10":0.0,"R_DIPEPabc11":0.0,"R_SUCpts":0.0,"R_TREpts":0.0,"R_FERRICHabc":0.0,"R_GPDDA2":0.0,"R_HACD3":0.0033002277,"R_HACD4":0.0033002277,"R_HACD5":0.0033002277,"R_HACD6":0.0033002277,"R_HACD7":0.0025386367,"R_HACD9":0.0,"R_HACOADr":0.0,"R_ICHORS":0.0000313791,"R_INSCR":0.0,"R_FACOAL161_ISO":0.0,"R_FACOAL170_ISO":0.0017770457,"R_FACOAL170_anteiso":0.0043156824,"R_FACOAL171_ISO":0.0,"R_FACOAL171_anteiso":0.0,"R_FACOAL180_2":0.000761591,"R_FACOAL181":0.0,"R_KAS13":0.000761591,"R_KAS17":0.0,"R_FACOAL150_anteiso":0.0086313648,"R_FACOAL160":0.0,"R_FACOAL160_ISO":0.0012693183,"R_FACOAL161":0.0,"R_KAS2":0.0,"R_KAS3":0.0050772734,"R_KAS4":0.0086313648,"R_KAS5":0.0,"R_KAS6":0.0012693183,"R_KAS7":0.0,"R_KAS8":0.0,"R_KAS9":0.0,"R_KAS10":0.0,"R_KAS11":0.0017770457,"R_PUNP7":0.0,"R_PUNP8":0.0,"R_PUNP1":0.0,"R_PUNP2":0.0,"R_KAS12":0.0043156824,"R_LAAL34":0.0,"R_LAAL35":0.0,"R_LAAL36":0.0,"R_LAAL37":0.0,"R_LAAL38":0.0,"R_LAAL39":0.0,"R_PANTS":0.0,"R_LAAL4":0.0,"R_LAAL40":0.0,"R_LAAL41":0.0,"R_LAAL42":0.0,"R_PAPPT3":0.0120109839,"R_LAAL5":0.0,"R_LAAL6":0.0,"R_PC":0.2971014186,"R_LAAL7":0.0,"R_LAAL8":0.0,"R_LAAL9":0.0,"R_PBUTT":0.0,"R_MLTG3":0.0,"R_MLTG4":0.0,"R_PDH":2.2023232093,"R_MLTG5":0.0,"R_MLTG6":0.0,"R_MLTG7":0.0,"R_PFK_2":0.0,"R_TARTRDH2":0.0,"R_PUNP3":0.0,"R_PUNP4":-0.0020523792,"R_PFK":1.5836747984,"R_METSRabc":0.0,"R_PRAMPC_1":0.0096424547,"R_PSP_L":0.11489655,"R_PGAMT":-0.0385719422,"R_TECA2S45":0.0002768671,"R_RNDR1":0.0027111036,"R_PGMT":-0.029682113,"R_RNDR2":0.0,"R_PGCD":0.11489655,"R_RNDR3":0.0020502558,"R_TECA3S45":0.0002145809,"R_GND":0.0,"R_PGK":-3.0558197683,"R_PGLYCP":0.0,"R_PGM":-2.9409448651,"R_PHCYT_BS":0.0090598187}]