[{"data_set_value_component_environment_variable_time":0.0,"data_set_value_component_G_variable_G":1000.0,"data_set_value_component_G_variable_Vg":10.0,"data_set_value_component_G_variable_Gin":0.54,"data_set_value_component_G_variable_f2_G":36.0466712209,"data_set_value_component_G_variable_f3_G":0.1,"data_set_value_component_G_variable_f4_I":939.9934336893,"data_set_value_component_G_variable_f5_I":180.0,"data_set_value_component_G_variable_C2":144.0,"data_set_value_component_G_variable_C3":1000.0,"data_set_value_component_G_variable_C4":80.0,"data_set_value_component_G_variable_C5":26.0,"data_set_value_component_G_variable_U0":40.0,"data_set_value_component_G_variable_Um":940.0,"data_set_value_component_G_variable_Ub":72.0,"data_set_value_component_G_variable_beta":1.77,"data_set_value_component_G_variable_Rg":180.0,"data_set_value_component_G_variable_alpha":0.29,"data_set_value_component_G_variable_ti":100.0,"data_set_value_component_G_variable_E":0.2,"data_set_value_component_G_variable_Vp":3.0,"data_set_value_component_G_variable_Vi":11.0,"data_set_value_component_I_variable_I":9000.0,"data_set_value_component_I_variable_f1_G":87.6602566429,"data_set_value_component_I_variable_Rm":210.0,"data_set_value_component_I_variable_C1":2000.0,"data_set_value_component_I_variable_a1":300.0,"data_set_value_component_I_variable_di":0.06},{"data_set_value_component_environment_variable_time":0.1,"data_set_value_component_G_variable_G":1005.0193219139,"data_set_value_component_G_variable_Vg":10.0,"data_set_value_component_G_variable_Gin":0.54,"data_set_value_component_G_variable_f2_G":36.1717734323,"data_set_value_component_G_variable_f3_G":0.1005019322,"data_set_value_component_G_variable_f4_I":939.9933750505,"data_set_value_component_G_variable_f5_I":180.0,"data_set_value_component_G_variable_C2":144.0,"data_set_value_component_G_variable_C3":1000.0,"data_set_value_component_G_variable_C4":80.0,"data_set_value_component_G_variable_C5":26.0,"data_set_value_component_G_variable_U0":40.0,"data_set_value_component_G_variable_Um":940.0,"data_set_value_component_G_variable_Ub":72.0,"data_set_value_component_G_variable_beta":1.77,"data_set_value_component_G_variable_Rg":180.0,"data_set_value_component_G_variable_alpha":0.29,"data_set_value_component_G_variable_ti":100.0,"data_set_value_component_G_variable_E":0.2,"data_set_value_component_G_variable_Vp":3.0,"data_set_value_component_G_variable_Vi":11.0,"data_set_value_component_I_variable_I":8954.9065585847,"data_set_value_component_I_variable_f1_G":87.7457110969,"data_set_value_component_I_variable_Rm":210.0,"data_set_value_component_I_variable_C1":2000.0,"data_set_value_component_I_variable_a1":300.0,"data_set_value_component_I_variable_di":0.06},{"data_set_value_component_environment_variable_time":0.2,"data_set_value_component_G_variable_G":1009.979636216,"data_set_value_component_G_variable_Vg":10.0,"data_set_value_component_G_variable_Gin":0.54,"data_set_value_component_G_variable_f2_G":36.2949772687,"data_set_value_component_G_variable_f3_G":0.1009979636,"data_set_value_component_G_variable_f4_I":939.9933159561,"data_set_value_component_G_variable_f5_I":180.0,"data_set_value_component_G_variable_C2":144.0,"data_set_value_component_G_variable_C3":1000.0,"data_set_value_component_G_variable_C4":80.0,"data_set_value_component_G_variable_C5":26.0,"data_set_value_component_G_variable_U0":40.0,"data_set_value_component_G_variable_Um":940.0,"data_set_value_component_G_variable_Ub":72.0,"data_set_value_component_G_variable_beta":1.77,"data_set_value_component_G_variable_Rg":180.0,"data_set_value_component_G_variable_alpha":0.29,"data_set_value_component_G_variable_ti":100.0,"data_set_value_component_G_variable_E":0.2,"data_set_value_component_G_variable_Vp":3.0,"data_set_value_component_G_variable_Vi":11.0,"data_set_value_component_I_variable_I":8910.090199617,"data_set_value_component_I_variable_f1_G":87.8301840258,"data_set_value_component_I_variable_Rm":210.0,"data_set_value_component_I_variable_C1":2000.0,"data_set_value_component_I_variable_a1":300.0,"data_set_value_component_I_variable_di":0.06},{"data_set_value_component_environment_variable_time":0.3,"data_set_value_component_G_variable_G":1014.8814248238,"data_set_value_component_G_variable_Vg":10.0,"data_set_value_component_G_variable_Gin":0.54,"data_set_value_component_G_variable_f2_G":36.4163112466,"data_set_value_component_G_variable_f3_G":0.1014881425,"data_set_value_component_G_variable_f4_I":939.9932564045,"data_set_value_component_G_variable_f5_I":180.0,"data_set_value_component_G_variable_C2":144.0,"data_set_value_component_G_variable_C3":1000.0,"data_set_value_component_G_variable_C4":80.0,"data_set_value_component_G_variable_C5":26.0,"data_set_value_component_G_variable_U0":40.0,"data_set_value_component_G_variable_Um":940.0,"data_set_value_component_G_variable_Ub":72.0,"data_set_value_component_G_variable_beta":1.77,"data_set_value_component_G_variable_Rg":180.0,"data_set_value_component_G_variable_alpha":0.29,"data_set_value_component_G_variable_ti":100.0,"data_set_value_component_G_variable_E":0.2,"data_set_value_component_G_variable_Vp":3.0,"data_set_value_component_G_variable_Vi":11.0,"data_set_value_component_I_variable_I":8865.5501653239,"data_set_value_component_I_variable_f1_G":87.9136827167,"data_set_value_component_I_variable_Rm":210.0,"data_set_value_component_I_variable_C1":2000.0,"data_set_value_component_I_variable_a1":300.0,"data_set_value_component_I_variable_di":0.06},{"data_set_value_component_environment_variable_time":0.4,"data_set_value_component_G_variable_G":1019.7253810162,"data_set_value_component_G_variable_Vg":10.0,"data_set_value_component_G_variable_Gin":0.54,"data_set_value_component_G_variable_f2_G":36.5358086404,"data_set_value_component_G_variable_f3_G":0.1019725381,"data_set_value_component_G_variable_f4_I":939.9931963934,"data_set_value_component_G_variable_f5_I":180.0,"data_set_value_component_G_variable_C2":144.0,"data_set_value_component_G_variable_C3":1000.0,"data_set_value_component_G_variable_C4":80.0,"data_set_value_component_G_variable_C5":26.0,"data_set_value_component_G_variable_U0":40.0,"data_set_value_component_G_variable_Um":940.0,"data_set_value_component_G_variable_Ub":72.0,"data_set_value_component_G_variable_beta":1.77,"data_set_value_component_G_variable_Rg":180.0,"data_set_value_component_G_variable_alpha":0.29,"data_set_value_component_G_variable_ti":100.0,"data_set_value_component_G_variable_E":0.2,"data_set_value_component_G_variable_Vp":3.0,"data_set_value_component_G_variable_Vi":11.0,"data_set_value_component_I_variable_I":8821.2848099636,"data_set_value_component_I_variable_f1_G":87.996218084,"data_set_value_component_I_variable_Rm":210.0,"data_set_value_component_I_variable_C1":2000.0,"data_set_value_component_I_variable_a1":300.0,"data_set_value_component_I_variable_di":0.06},{"data_set_value_component_environment_variable_time":0.5,"data_set_value_component_G_variable_G":1024.5122152759,"data_set_value_component_G_variable_Vg":10.0,"data_set_value_component_G_variable_Gin":0.54,"data_set_value_component_G_variable_f2_G":36.6535026399,"data_set_value_component_G_variable_f3_G":0.1024512215,"data_set_value_component_G_variable_f4_I":939.9931359202,"data_set_value_component_G_variable_f5_I":180.0,"data_set_value_component_G_variable_C2":144.0,"data_set_value_component_G_variable_C3":1000.0,"data_set_value_component_G_variable_C4":80.0,"data_set_value_component_G_variable_C5":26.0,"data_set_value_component_G_variable_U0":40.0,"data_set_value_component_G_variable_Um":940.0,"data_set_value_component_G_variable_Ub":72.0,"data_set_value_component_G_variable_beta":1.77,"data_set_value_component_G_variable_Rg":180.0,"data_set_value_component_G_variable_alpha":0.29,"data_set_value_component_G_variable_ti":100.0,"data_set_value_component_G_variable_E":0.2,"data_set_value_component_G_variable_Vp":3.0,"data_set_value_component_G_variable_Vi":11.0,"data_set_value_component_I_variable_I":8777.292426399,"data_set_value_component_I_variable_f1_G":88.0778013642,"data_set_value_component_I_variable_Rm":210.0,"data_set_value_component_I_variable_C1":2000.0,"data_set_value_component_I_variable_a1":300.0,"data_set_value_component_I_variable_di":0.06},{"data_set_value_component_environment_variable_time":0.6,"data_set_value_component_G_variable_G":1029.2425871922,"data_set_value_component_G_variable_Vg":10.0,"data_set_value_component_G_variable_Gin":0.54,"data_set_value_component_G_variable_f2_G":36.7694246893,"data_set_value_component_G_variable_f3_G":0.1029242587,"data_set_value_component_G_variable_f4_I":939.9930749825,"data_set_value_component_G_variable_f5_I":180.0,"data_set_value_component_G_variable_C2":144.0,"data_set_value_component_G_variable_C3":1000.0,"data_set_value_component_G_variable_C4":80.0,"data_set_value_component_G_variable_C5":26.0,"data_set_value_component_G_variable_U0":40.0,"data_set_value_component_G_variable_Um":940.0,"data_set_value_component_G_variable_Ub":72.0,"data_set_value_component_G_variable_beta":1.77,"data_set_value_component_G_variable_Rg":180.0,"data_set_value_component_G_variable_alpha":0.29,"data_set_value_component_G_variable_ti":100.0,"data_set_value_component_G_variable_E":0.2,"data_set_value_component_G_variable_Vp":3.0,"data_set_value_component_G_variable_Vi":11.0,"data_set_value_component_I_variable_I":8733.5714166495,"data_set_value_component_I_variable_f1_G":88.1584429546,"data_set_value_component_I_variable_Rm":210.0,"data_set_value_component_I_variable_C1":2000.0,"data_set_value_component_I_variable_a1":300.0,"data_set_value_component_I_variable_di":0.06},{"data_set_value_component_environment_variable_time":0.7,"data_set_value_component_G_variable_G":1033.9171655073,"data_set_value_component_G_variable_Vg":10.0,"data_set_value_component_G_variable_Gin":0.54,"data_set_value_component_G_variable_f2_G":36.883605984,"data_set_value_component_G_variable_f3_G":0.1033917166,"data_set_value_component_G_variable_f4_I":939.9930135777,"data_set_value_component_G_variable_f5_I":180.0,"data_set_value_component_G_variable_C2":144.0,"data_set_value_component_G_variable_C3":1000.0,"data_set_value_component_G_variable_C4":80.0,"data_set_value_component_G_variable_C5":26.0,"data_set_value_component_G_variable_U0":40.0,"data_set_value_component_G_variable_Um":940.0,"data_set_value_component_G_variable_Ub":72.0,"data_set_value_component_G_variable_beta":1.77,"data_set_value_component_G_variable_Rg":180.0,"data_set_value_component_G_variable_alpha":0.29,"data_set_value_component_G_variable_ti":100.0,"data_set_value_component_G_variable_E":0.2,"data_set_value_component_G_variable_Vp":3.0,"data_set_value_component_G_variable_Vi":11.0,"data_set_value_component_I_variable_I":8690.1201491394,"data_set_value_component_I_variable_f1_G":88.2381534354,"data_set_value_component_I_variable_Rm":210.0,"data_set_value_component_I_variable_C1":2000.0,"data_set_value_component_I_variable_a1":300.0,"data_set_value_component_I_variable_di":0.06},{"data_set_value_component_environment_variable_time":0.8,"data_set_value_component_G_variable_G":1038.5366788862,"data_set_value_component_G_variable_Vg":10.0,"data_set_value_component_G_variable_Gin":0.54,"data_set_value_component_G_variable_f2_G":36.9960787121,"data_set_value_component_G_variable_f3_G":0.1038536679,"data_set_value_component_G_variable_f4_I":939.9929517031,"data_set_value_component_G_variable_f5_I":180.0,"data_set_value_component_G_variable_C2":144.0,"data_set_value_component_G_variable_C3":1000.0,"data_set_value_component_G_variable_C4":80.0,"data_set_value_component_G_variable_C5":26.0,"data_set_value_component_G_variable_U0":40.0,"data_set_value_component_G_variable_Um":940.0,"data_set_value_component_G_variable_Ub":72.0,"data_set_value_component_G_variable_beta":1.77,"data_set_value_component_G_variable_Rg":180.0,"data_set_value_component_G_variable_alpha":0.29,"data_set_value_component_G_variable_ti":100.0,"data_set_value_component_G_variable_E":0.2,"data_set_value_component_G_variable_Vp":3.0,"data_set_value_component_G_variable_Vi":11.0,"data_set_value_component_I_variable_I":8646.9368343116,"data_set_value_component_I_variable_f1_G":88.3169444353,"data_set_value_component_I_variable_Rm":210.0,"data_set_value_component_I_variable_C1":2000.0,"data_set_value_component_I_variable_a1":300.0,"data_set_value_component_I_variable_di":0.06},{"data_set_value_component_environment_variable_time":0.9,"data_set_value_component_G_variable_G":1043.1018399151,"data_set_value_component_G_variable_Vg":10.0,"data_set_value_component_G_variable_Gin":0.54,"data_set_value_component_G_variable_f2_G":37.106874201,"data_set_value_component_G_variable_f3_G":0.104310184,"data_set_value_component_G_variable_f4_I":939.992889356,"data_set_value_component_G_variable_f5_I":180.0,"data_set_value_component_G_variable_C2":144.0,"data_set_value_component_G_variable_C3":1000.0,"data_set_value_component_G_variable_C4":80.0,"data_set_value_component_G_variable_C5":26.0,"data_set_value_component_G_variable_U0":40.0,"data_set_value_component_G_variable_Um":940.0,"data_set_value_component_G_variable_Ub":72.0,"data_set_value_component_G_variable_beta":1.77,"data_set_value_component_G_variable_Rg":180.0,"data_set_value_component_G_variable_alpha":0.29,"data_set_value_component_G_variable_ti":100.0,"data_set_value_component_G_variable_E":0.2,"data_set_value_component_G_variable_Vp":3.0,"data_set_value_component_G_variable_Vi":11.0,"data_set_value_component_I_variable_I":8604.0197070596,"data_set_value_component_I_variable_f1_G":88.3948273354,"data_set_value_component_I_variable_Rm":210.0,"data_set_value_component_I_variable_C1":2000.0,"data_set_value_component_I_variable_a1":300.0,"data_set_value_component_I_variable_di":0.06},{"data_set_value_component_environment_variable_time":1.0,"data_set_value_component_G_variable_G":1047.6133304982,"data_set_value_component_G_variable_Vg":10.0,"data_set_value_component_G_variable_Gin":0.54,"data_set_value_component_G_variable_f2_G":37.2160225822,"data_set_value_component_G_variable_f3_G":0.104761333,"data_set_value_component_G_variable_f4_I":939.9928265337,"data_set_value_component_G_variable_f5_I":180.0,"data_set_value_component_G_variable_C2":144.0,"data_set_value_component_G_variable_C3":1000.0,"data_set_value_component_G_variable_C4":80.0,"data_set_value_component_G_variable_C5":26.0,"data_set_value_component_G_variable_U0":40.0,"data_set_value_component_G_variable_Um":940.0,"data_set_value_component_G_variable_Ub":72.0,"data_set_value_component_G_variable_beta":1.77,"data_set_value_component_G_variable_Rg":180.0,"data_set_value_component_G_variable_alpha":0.29,"data_set_value_component_G_variable_ti":100.0,"data_set_value_component_G_variable_E":0.2,"data_set_value_component_G_variable_Vp":3.0,"data_set_value_component_G_variable_Vi":11.0,"data_set_value_component_I_variable_I":8561.3670619727,"data_set_value_component_I_variable_f1_G":88.4718130189,"data_set_value_component_I_variable_Rm":210.0,"data_set_value_component_I_variable_C1":2000.0,"data_set_value_component_I_variable_a1":300.0,"data_set_value_component_I_variable_di":0.06}]