[{"data_set_value_component_environment_variable_time":0.0,"data_set_value_component_parameters_variable_k0_12":20000.0,"data_set_value_component_parameters_variable_k0_21":400.0,"data_set_value_component_parameters_variable_k0_23":10000.0,"data_set_value_component_parameters_variable_k0_32":20.0,"data_set_value_component_parameters_variable_k0_34":50.0,"data_set_value_component_parameters_variable_k0_43":50.0,"data_set_value_component_parameters_variable_k0_45":800.0,"data_set_value_component_parameters_variable_k0_54":6700000.0,"data_set_value_component_parameters_variable_k0_25":0.01,"data_set_value_component_parameters_variable_k0_52":0.17,"data_set_value_component_parameters_variable_k0_56":48.0,"data_set_value_component_parameters_variable_k0_65":50.0,"data_set_value_component_parameters_variable_k0_61":35.0,"data_set_value_component_parameters_variable_k0_16":100.0,"data_set_value_component_parameters_variable_delta":0.7,"data_set_value_component_parameters_variable_alpha_p":0.3,"data_set_value_component_parameters_variable_alpha_pp":0.0,"data_set_value_component_parameters_variable_N_C":84000000000.0,"data_set_value_component_parameters_variable_N_Avo":6.022e+23,"data_set_value_component_parameters_variable_area":1000000.0,"data_set_value_component_parameters_variable_C_T":0.0000001395,"data_set_value_component_parameters_variable_n":1.0,"data_set_value_component_parameters_variable_z_c":-1.0,"data_set_value_component_parameters_variable_z_Na":1.0,"data_set_value_component_parameters_variable_F":96485.34,"data_set_value_component_parameters_variable_R":8.314,"data_set_value_component_parameters_variable_T":310.0,"data_set_value_component_parameters_variable_mu":-5.615402314,"data_set_value_component_ion_concentrations_variable_V":-0.15,"data_set_value_component_ion_concentrations_variable_Na_i":0.01,"data_set_value_component_ion_concentrations_variable_Na_o":0.1,"data_set_value_component_ion_concentrations_variable_glucose_i":0.0,"data_set_value_component_ion_concentrations_variable_glucose_o":0.001,"data_set_value_component_rate_constants_variable_k_12":4643.4495506343,"data_set_value_component_rate_constants_variable_k_21":172.2857094228,"data_set_value_component_rate_constants_variable_k_23":10.0,"data_set_value_component_rate_constants_variable_k_32":20.0,"data_set_value_component_rate_constants_variable_k_34":50.0,"data_set_value_component_rate_constants_variable_k_43":50.0,"data_set_value_component_rate_constants_variable_k_45":800.0,"data_set_value_component_rate_constants_variable_k_54":0.0,"data_set_value_component_rate_constants_variable_k_25":0.01,"data_set_value_component_rate_constants_variable_k_52":0.168,"data_set_value_component_rate_constants_variable_k_56":48.0,"data_set_value_component_rate_constants_variable_k_65":0.5,"data_set_value_component_rate_constants_variable_k_61":249.8195535362,"data_set_value_component_rate_constants_variable_k_16":14.0101123009,"data_set_value_component_rate_constants_variable_ks_12":46434.495506343,"data_set_value_component_rate_constants_variable_k0_54_temp":6720000.0,"data_set_value_component_rate_constants_variable_k_52_temp":0.17,"data_set_value_component_kinetic_equations_variable_C_1":0.0000000039,"data_set_value_component_kinetic_equations_variable_C_2":0.0000001016,"data_set_value_component_kinetic_equations_variable_C_3":0.0000000152,"data_set_value_component_kinetic_equations_variable_C_4":0.0000000009,"data_set_value_component_kinetic_equations_variable_C_5":0.0000000148,"data_set_value_component_kinetic_equations_variable_C_6":0.0000000031,"data_set_value_component_kinetic_equations_variable_C_6_temp":0.0000000031,"data_set_value_component_king_altman_states_variable_C1_sum":122974717208.9234924316,"data_set_value_component_king_altman_states_variable_C2_sum":3184957708977.2221679688,"data_set_value_component_king_altman_states_variable_C3_sum":474949833794.8489990234,"data_set_value_component_king_altman_states_variable_C4_sum":27938225517.3440628052,"data_set_value_component_king_altman_states_variable_C5_sum":465672622363.7674560547,"data_set_value_component_king_altman_states_variable_C6_sum":96177766105.8622741699,"data_set_value_component_king_altman_states_variable_C_sum":4372670873967.9677734375,"data_set_value_component_king_altman_states_variable_C1":0.0000000039,"data_set_value_component_king_altman_states_variable_C2":0.0000001016,"data_set_value_component_king_altman_states_variable_C3":0.0000000152,"data_set_value_component_king_altman_states_variable_C4":0.0000000009,"data_set_value_component_king_altman_states_variable_C5":0.0000000149,"data_set_value_component_king_altman_states_variable_C6":0.0000000031,"data_set_value_component_NBC_current_variable_I_NaGl_pSS":-0.0687704768,"data_set_value_component_NBC_current_variable_I_NaGl_SS":-0.068649862,"data_set_value_component_NBC_current_variable_J_Na":0.0000007115,"data_set_value_component_phenomonological_constants_variable_epsilon":-21.0717838614,"data_set_value_component_phenomonological_constants_variable_lambda":1.056980767e+16,"data_set_value_component_phenomonological_constants_variable_chi":0.0030140068,"data_set_value_component_phenomonological_constants_variable_alpha":0.0000118143,"data_set_value_component_phenomonological_constants_variable_beta":0.0004795113,"data_set_value_component_phenomonological_constants_variable_gamma":0.0000000011,"data_set_value_component_phenomonological_constants_variable_phi":-0.0000300273,"data_set_value_component_phenomonological_constants_variable_Imax_Na":-0.1415049036,"data_set_value_component_phenomonological_constants_variable_Imax_gluc":-0.5644866182,"data_set_value_component_phenomonological_constants_variable_Khalf_Na":0.0030627201,"data_set_value_component_phenomonological_constants_variable_Khalf_gluc":0.0031172021},{"data_set_value_component_environment_variable_time":0.1,"data_set_value_component_parameters_variable_k0_12":20000.0,"data_set_value_component_parameters_variable_k0_21":400.0,"data_set_value_component_parameters_variable_k0_23":10000.0,"data_set_value_component_parameters_variable_k0_32":20.0,"data_set_value_component_parameters_variable_k0_34":50.0,"data_set_value_component_parameters_variable_k0_43":50.0,"data_set_value_component_parameters_variable_k0_45":800.0,"data_set_value_component_parameters_variable_k0_54":6700000.0,"data_set_value_component_parameters_variable_k0_25":0.01,"data_set_value_component_parameters_variable_k0_52":0.17,"data_set_value_component_parameters_variable_k0_56":48.0,"data_set_value_component_parameters_variable_k0_65":50.0,"data_set_value_component_parameters_variable_k0_61":35.0,"data_set_value_component_parameters_variable_k0_16":100.0,"data_set_value_component_parameters_variable_delta":0.7,"data_set_value_component_parameters_variable_alpha_p":0.3,"data_set_value_component_parameters_variable_alpha_pp":0.0,"data_set_value_component_parameters_variable_N_C":84000000000.0,"data_set_value_component_parameters_variable_N_Avo":6.022e+23,"data_set_value_component_parameters_variable_area":1000000.0,"data_set_value_component_parameters_variable_C_T":0.0000001395,"data_set_value_component_parameters_variable_n":1.0,"data_set_value_component_parameters_variable_z_c":-1.0,"data_set_value_component_parameters_variable_z_Na":1.0,"data_set_value_component_parameters_variable_F":96485.34,"data_set_value_component_parameters_variable_R":8.314,"data_set_value_component_parameters_variable_T":310.0,"data_set_value_component_parameters_variable_mu":-5.6150279539,"data_set_value_component_ion_concentrations_variable_V":-0.14999,"data_set_value_component_ion_concentrations_variable_Na_i":0.01,"data_set_value_component_ion_concentrations_variable_Na_o":0.1,"data_set_value_component_ion_concentrations_variable_glucose_i":0.0,"data_set_value_component_ion_concentrations_variable_glucose_o":0.001,"data_set_value_component_rate_constants_variable_k_12":4643.1888095817,"data_set_value_component_rate_constants_variable_k_21":172.2953842301,"data_set_value_component_rate_constants_variable_k_23":10.0,"data_set_value_component_rate_constants_variable_k_32":20.0,"data_set_value_component_rate_constants_variable_k_34":50.0,"data_set_value_component_rate_constants_variable_k_43":50.0,"data_set_value_component_rate_constants_variable_k_45":800.0,"data_set_value_component_rate_constants_variable_k_54":0.0,"data_set_value_component_rate_constants_variable_k_25":0.01,"data_set_value_component_rate_constants_variable_k_52":0.168,"data_set_value_component_rate_constants_variable_k_56":48.0,"data_set_value_component_rate_constants_variable_k_65":0.5,"data_set_value_component_rate_constants_variable_k_61":249.7868228102,"data_set_value_component_rate_constants_variable_k_16":14.0119481109,"data_set_value_component_rate_constants_variable_ks_12":46431.8880958168,"data_set_value_component_rate_constants_variable_k0_54_temp":6720000.0,"data_set_value_component_rate_constants_variable_k_52_temp":0.17,"data_set_value_component_kinetic_equations_variable_C_1":0.0000000039,"data_set_value_component_kinetic_equations_variable_C_2":0.0000001016,"data_set_value_component_kinetic_equations_variable_C_3":0.0000000152,"data_set_value_component_kinetic_equations_variable_C_4":0.0000000009,"data_set_value_component_kinetic_equations_variable_C_5":0.0000000149,"data_set_value_component_kinetic_equations_variable_C_6":0.0000000031,"data_set_value_component_kinetic_equations_variable_C_6_temp":0.0000000031,"data_set_value_component_king_altman_states_variable_C1_sum":122965240594.0529937744,"data_set_value_component_king_altman_states_variable_C2_sum":3184361607072.8754882812,"data_set_value_component_king_altman_states_variable_C3_sum":474860941405.6041870117,"data_set_value_component_king_altman_states_variable_C4_sum":27932996553.2708396912,"data_set_value_component_king_altman_states_variable_C5_sum":465585614370.4936523438,"data_set_value_component_king_altman_states_variable_C6_sum":96174028621.084197998,"data_set_value_component_king_altman_states_variable_C_sum":4371880428617.3818359375,"data_set_value_component_king_altman_states_variable_C1":0.0000000039,"data_set_value_component_king_altman_states_variable_C2":0.0000001016,"data_set_value_component_king_altman_states_variable_C3":0.0000000152,"data_set_value_component_king_altman_states_variable_C4":0.0000000009,"data_set_value_component_king_altman_states_variable_C5":0.0000000149,"data_set_value_component_king_altman_states_variable_C6":0.0000000031,"data_set_value_component_NBC_current_variable_I_NaGl_pSS":-0.0686550769,"data_set_value_component_NBC_current_variable_I_NaGl_SS":-0.0686494231,"data_set_value_component_NBC_current_variable_J_Na":0.0000007115,"data_set_value_component_phenomonological_constants_variable_epsilon":-21.0715485327,"data_set_value_component_phenomonological_constants_variable_lambda":1.056794742e+16,"data_set_value_component_phenomonological_constants_variable_chi":0.0030139732,"data_set_value_component_phenomonological_constants_variable_alpha":0.0000118156,"data_set_value_component_phenomonological_constants_variable_beta":0.0004795396,"data_set_value_component_phenomonological_constants_variable_gamma":0.0000000011,"data_set_value_component_phenomonological_constants_variable_phi":-0.000030027,"data_set_value_component_phenomonological_constants_variable_Imax_Na":-0.1415045093,"data_set_value_component_phenomonological_constants_variable_Imax_gluc":-0.564480155,"data_set_value_component_phenomonological_constants_variable_Khalf_Na":0.0030630919,"data_set_value_component_phenomonological_constants_variable_Khalf_gluc":0.0031171813},{"data_set_value_component_environment_variable_time":0.2,"data_set_value_component_parameters_variable_k0_12":20000.0,"data_set_value_component_parameters_variable_k0_21":400.0,"data_set_value_component_parameters_variable_k0_23":10000.0,"data_set_value_component_parameters_variable_k0_32":20.0,"data_set_value_component_parameters_variable_k0_34":50.0,"data_set_value_component_parameters_variable_k0_43":50.0,"data_set_value_component_parameters_variable_k0_45":800.0,"data_set_value_component_parameters_variable_k0_54":6700000.0,"data_set_value_component_parameters_variable_k0_25":0.01,"data_set_value_component_parameters_variable_k0_52":0.17,"data_set_value_component_parameters_variable_k0_56":48.0,"data_set_value_component_parameters_variable_k0_65":50.0,"data_set_value_component_parameters_variable_k0_61":35.0,"data_set_value_component_parameters_variable_k0_16":100.0,"data_set_value_component_parameters_variable_delta":0.7,"data_set_value_component_parameters_variable_alpha_p":0.3,"data_set_value_component_parameters_variable_alpha_pp":0.0,"data_set_value_component_parameters_variable_N_C":84000000000.0,"data_set_value_component_parameters_variable_N_Avo":6.022e+23,"data_set_value_component_parameters_variable_area":1000000.0,"data_set_value_component_parameters_variable_C_T":0.0000001395,"data_set_value_component_parameters_variable_n":1.0,"data_set_value_component_parameters_variable_z_c":-1.0,"data_set_value_component_parameters_variable_z_Na":1.0,"data_set_value_component_parameters_variable_F":96485.34,"data_set_value_component_parameters_variable_R":8.314,"data_set_value_component_parameters_variable_T":310.0,"data_set_value_component_parameters_variable_mu":-5.6146535937,"data_set_value_component_ion_concentrations_variable_V":-0.14998,"data_set_value_component_ion_concentrations_variable_Na_i":0.01,"data_set_value_component_ion_concentrations_variable_Na_o":0.1,"data_set_value_component_ion_concentrations_variable_glucose_i":0.0,"data_set_value_component_ion_concentrations_variable_glucose_o":0.001,"data_set_value_component_rate_constants_variable_k_12":4642.9280831703,"data_set_value_component_rate_constants_variable_k_21":172.3050595808,"data_set_value_component_rate_constants_variable_k_23":10.0,"data_set_value_component_rate_constants_variable_k_32":20.0,"data_set_value_component_rate_constants_variable_k_34":50.0,"data_set_value_component_rate_constants_variable_k_43":50.0,"data_set_value_component_rate_constants_variable_k_45":800.0,"data_set_value_component_rate_constants_variable_k_54":0.0,"data_set_value_component_rate_constants_variable_k_25":0.01,"data_set_value_component_rate_constants_variable_k_52":0.168,"data_set_value_component_rate_constants_variable_k_56":48.0,"data_set_value_component_rate_constants_variable_k_65":0.5,"data_set_value_component_rate_constants_variable_k_61":249.7540963725,"data_set_value_component_rate_constants_variable_k_16":14.0137841614,"data_set_value_component_rate_constants_variable_ks_12":46429.2808317031,"data_set_value_component_rate_constants_variable_k0_54_temp":6720000.0,"data_set_value_component_rate_constants_variable_k_52_temp":0.17,"data_set_value_component_kinetic_equations_variable_C_1":0.0000000039,"data_set_value_component_kinetic_equations_variable_C_2":0.0000001016,"data_set_value_component_kinetic_equations_variable_C_3":0.0000000152,"data_set_value_component_kinetic_equations_variable_C_4":0.0000000009,"data_set_value_component_kinetic_equations_variable_C_5":0.0000000149,"data_set_value_component_kinetic_equations_variable_C_6":0.0000000031,"data_set_value_component_kinetic_equations_variable_C_6_temp":0.0000000031,"data_set_value_component_king_altman_states_variable_C1_sum":122955764724.0308990479,"data_set_value_component_king_altman_states_variable_C2_sum":3183765616736.3232421875,"data_set_value_component_king_altman_states_variable_C3_sum":474772065653.6622924805,"data_set_value_component_king_altman_states_variable_C4_sum":27927768567.8624916077,"data_set_value_component_king_altman_states_variable_C5_sum":465498622659.9545898438,"data_set_value_component_king_altman_states_variable_C6_sum":96170291654.6773376465,"data_set_value_component_king_altman_states_variable_C_sum":4371090129996.5112304688,"data_set_value_component_king_altman_states_variable_C1":0.0000000039,"data_set_value_component_king_altman_states_variable_C2":0.0000001016,"data_set_value_component_king_altman_states_variable_C3":0.0000000152,"data_set_value_component_king_altman_states_variable_C4":0.0000000009,"data_set_value_component_king_altman_states_variable_C5":0.0000000149,"data_set_value_component_king_altman_states_variable_C6":0.0000000031,"data_set_value_component_NBC_current_variable_I_NaGl_pSS":-0.0686521631,"data_set_value_component_NBC_current_variable_I_NaGl_SS":-0.068648984,"data_set_value_component_NBC_current_variable_J_Na":0.0000007115,"data_set_value_component_phenomonological_constants_variable_epsilon":-21.0713131784,"data_set_value_component_phenomonological_constants_variable_lambda":1.056608752e+16,"data_set_value_component_phenomonological_constants_variable_chi":0.0030139395,"data_set_value_component_phenomonological_constants_variable_alpha":0.000011817,"data_set_value_component_phenomonological_constants_variable_beta":0.0004795679,"data_set_value_component_phenomonological_constants_variable_gamma":0.0000000011,"data_set_value_component_phenomonological_constants_variable_phi":-0.0000300266,"data_set_value_component_phenomonological_constants_variable_Imax_Na":-0.1415041149,"data_set_value_component_phenomonological_constants_variable_Imax_gluc":-0.5644736911,"data_set_value_component_phenomonological_constants_variable_Khalf_Na":0.0030634637,"data_set_value_component_phenomonological_constants_variable_Khalf_gluc":0.0031171605},{"data_set_value_component_environment_variable_time":0.3,"data_set_value_component_parameters_variable_k0_12":20000.0,"data_set_value_component_parameters_variable_k0_21":400.0,"data_set_value_component_parameters_variable_k0_23":10000.0,"data_set_value_component_parameters_variable_k0_32":20.0,"data_set_value_component_parameters_variable_k0_34":50.0,"data_set_value_component_parameters_variable_k0_43":50.0,"data_set_value_component_parameters_variable_k0_45":800.0,"data_set_value_component_parameters_variable_k0_54":6700000.0,"data_set_value_component_parameters_variable_k0_25":0.01,"data_set_value_component_parameters_variable_k0_52":0.17,"data_set_value_component_parameters_variable_k0_56":48.0,"data_set_value_component_parameters_variable_k0_65":50.0,"data_set_value_component_parameters_variable_k0_61":35.0,"data_set_value_component_parameters_variable_k0_16":100.0,"data_set_value_component_parameters_variable_delta":0.7,"data_set_value_component_parameters_variable_alpha_p":0.3,"data_set_value_component_parameters_variable_alpha_pp":0.0,"data_set_value_component_parameters_variable_N_C":84000000000.0,"data_set_value_component_parameters_variable_N_Avo":6.022e+23,"data_set_value_component_parameters_variable_area":1000000.0,"data_set_value_component_parameters_variable_C_T":0.0000001395,"data_set_value_component_parameters_variable_n":1.0,"data_set_value_component_parameters_variable_z_c":-1.0,"data_set_value_component_parameters_variable_z_Na":1.0,"data_set_value_component_parameters_variable_F":96485.34,"data_set_value_component_parameters_variable_R":8.314,"data_set_value_component_parameters_variable_T":310.0,"data_set_value_component_parameters_variable_mu":-5.6142792336,"data_set_value_component_ion_concentrations_variable_V":-0.14997,"data_set_value_component_ion_concentrations_variable_Na_i":0.01,"data_set_value_component_ion_concentrations_variable_Na_o":0.1,"data_set_value_component_ion_concentrations_variable_glucose_i":0.0,"data_set_value_component_ion_concentrations_variable_glucose_o":0.001,"data_set_value_component_rate_constants_variable_k_12":4642.6673713994,"data_set_value_component_rate_constants_variable_k_21":172.3147354748,"data_set_value_component_rate_constants_variable_k_23":10.0,"data_set_value_component_rate_constants_variable_k_32":20.0,"data_set_value_component_rate_constants_variable_k_34":50.0,"data_set_value_component_rate_constants_variable_k_43":50.0,"data_set_value_component_rate_constants_variable_k_45":800.0,"data_set_value_component_rate_constants_variable_k_54":0.0,"data_set_value_component_rate_constants_variable_k_25":0.01,"data_set_value_component_rate_constants_variable_k_52":0.168,"data_set_value_component_rate_constants_variable_k_56":48.0,"data_set_value_component_rate_constants_variable_k_65":0.5,"data_set_value_component_rate_constants_variable_k_61":249.7213742226,"data_set_value_component_rate_constants_variable_k_16":14.0156204526,"data_set_value_component_rate_constants_variable_ks_12":46426.6737139937,"data_set_value_component_rate_constants_variable_k0_54_temp":6720000.0,"data_set_value_component_rate_constants_variable_k_52_temp":0.17,"data_set_value_component_kinetic_equations_variable_C_1":0.0000000039,"data_set_value_component_kinetic_equations_variable_C_2":0.0000001016,"data_set_value_component_kinetic_equations_variable_C_3":0.0000000152,"data_set_value_component_kinetic_equations_variable_C_4":0.0000000009,"data_set_value_component_kinetic_equations_variable_C_5":0.0000000149,"data_set_value_component_kinetic_equations_variable_C_6":0.0000000031,"data_set_value_component_kinetic_equations_variable_C_6_temp":0.0000000031,"data_set_value_component_king_altman_states_variable_C1_sum":122946289598.796875,"data_set_value_component_king_altman_states_variable_C2_sum":3183169737946.6889648438,"data_set_value_component_king_altman_states_variable_C3_sum":474683206535.9098510742,"data_set_value_component_king_altman_states_variable_C4_sum":27922541560.9358711243,"data_set_value_component_king_altman_states_variable_C5_sum":465411647229.104309082,"data_set_value_component_king_altman_states_variable_C6_sum":96166555206.6700744629,"data_set_value_component_king_altman_states_variable_C_sum":4370299978078.10546875,"data_set_value_component_king_altman_states_variable_C1":0.0000000039,"data_set_value_component_king_altman_states_variable_C2":0.0000001016,"data_set_value_component_king_altman_states_variable_C3":0.0000000152,"data_set_value_component_king_altman_states_variable_C4":0.0000000009,"data_set_value_component_king_altman_states_variable_C5":0.0000000149,"data_set_value_component_king_altman_states_variable_C6":0.0000000031,"data_set_value_component_NBC_current_variable_I_NaGl_pSS":-0.0686492433,"data_set_value_component_NBC_current_variable_I_NaGl_SS":-0.0686485449,"data_set_value_component_NBC_current_variable_J_Na":0.0000007115,"data_set_value_component_phenomonological_constants_variable_epsilon":-21.0710777986,"data_set_value_component_phenomonological_constants_variable_lambda":1.056422795e+16,"data_set_value_component_phenomonological_constants_variable_chi":0.0030139059,"data_set_value_component_phenomonological_constants_variable_alpha":0.0000118184,"data_set_value_component_phenomonological_constants_variable_beta":0.0004795962,"data_set_value_component_phenomonological_constants_variable_gamma":0.0000000011,"data_set_value_component_phenomonological_constants_variable_phi":-0.0000300263,"data_set_value_component_phenomonological_constants_variable_Imax_Na":-0.1415037204,"data_set_value_component_phenomonological_constants_variable_Imax_gluc":-0.5644672265,"data_set_value_component_phenomonological_constants_variable_Khalf_Na":0.0030638356,"data_set_value_component_phenomonological_constants_variable_Khalf_gluc":0.0031171397},{"data_set_value_component_environment_variable_time":0.4,"data_set_value_component_parameters_variable_k0_12":20000.0,"data_set_value_component_parameters_variable_k0_21":400.0,"data_set_value_component_parameters_variable_k0_23":10000.0,"data_set_value_component_parameters_variable_k0_32":20.0,"data_set_value_component_parameters_variable_k0_34":50.0,"data_set_value_component_parameters_variable_k0_43":50.0,"data_set_value_component_parameters_variable_k0_45":800.0,"data_set_value_component_parameters_variable_k0_54":6700000.0,"data_set_value_component_parameters_variable_k0_25":0.01,"data_set_value_component_parameters_variable_k0_52":0.17,"data_set_value_component_parameters_variable_k0_56":48.0,"data_set_value_component_parameters_variable_k0_65":50.0,"data_set_value_component_parameters_variable_k0_61":35.0,"data_set_value_component_parameters_variable_k0_16":100.0,"data_set_value_component_parameters_variable_delta":0.7,"data_set_value_component_parameters_variable_alpha_p":0.3,"data_set_value_component_parameters_variable_alpha_pp":0.0,"data_set_value_component_parameters_variable_N_C":84000000000.0,"data_set_value_component_parameters_variable_N_Avo":6.022e+23,"data_set_value_component_parameters_variable_area":1000000.0,"data_set_value_component_parameters_variable_C_T":0.0000001395,"data_set_value_component_parameters_variable_n":1.0,"data_set_value_component_parameters_variable_z_c":-1.0,"data_set_value_component_parameters_variable_z_Na":1.0,"data_set_value_component_parameters_variable_F":96485.34,"data_set_value_component_parameters_variable_R":8.314,"data_set_value_component_parameters_variable_T":310.0,"data_set_value_component_parameters_variable_mu":-5.6139048734,"data_set_value_component_ion_concentrations_variable_V":-0.14996,"data_set_value_component_ion_concentrations_variable_Na_i":0.01,"data_set_value_component_ion_concentrations_variable_Na_o":0.1,"data_set_value_component_ion_concentrations_variable_glucose_i":0.0,"data_set_value_component_ion_concentrations_variable_glucose_o":0.001,"data_set_value_component_rate_constants_variable_k_12":4642.406674268,"data_set_value_component_rate_constants_variable_k_21":172.3244119121,"data_set_value_component_rate_constants_variable_k_23":10.0,"data_set_value_component_rate_constants_variable_k_32":20.0,"data_set_value_component_rate_constants_variable_k_34":50.0,"data_set_value_component_rate_constants_variable_k_43":50.0,"data_set_value_component_rate_constants_variable_k_45":800.0,"data_set_value_component_rate_constants_variable_k_54":0.0,"data_set_value_component_rate_constants_variable_k_25":0.01,"data_set_value_component_rate_constants_variable_k_52":0.168,"data_set_value_component_rate_constants_variable_k_56":48.0,"data_set_value_component_rate_constants_variable_k_65":0.5,"data_set_value_component_rate_constants_variable_k_61":249.6886563598,"data_set_value_component_rate_constants_variable_k_16":14.0174569843,"data_set_value_component_rate_constants_variable_ks_12":46424.0667426803,"data_set_value_component_rate_constants_variable_k0_54_temp":6720000.0,"data_set_value_component_rate_constants_variable_k_52_temp":0.17,"data_set_value_component_kinetic_equations_variable_C_1":0.0000000039,"data_set_value_component_kinetic_equations_variable_C_2":0.0000001016,"data_set_value_component_kinetic_equations_variable_C_3":0.0000000152,"data_set_value_component_kinetic_equations_variable_C_4":0.0000000009,"data_set_value_component_kinetic_equations_variable_C_5":0.0000000149,"data_set_value_component_kinetic_equations_variable_C_6":0.0000000031,"data_set_value_component_kinetic_equations_variable_C_6_temp":0.0000000031,"data_set_value_component_king_altman_states_variable_C1_sum":122936815218.2905273438,"data_set_value_component_king_altman_states_variable_C2_sum":3182573970683.0966796875,"data_set_value_component_king_altman_states_variable_C3_sum":474594364049.2337036133,"data_set_value_component_king_altman_states_variable_C4_sum":27917315532.3078651428,"data_set_value_component_king_altman_states_variable_C5_sum":465324688074.8975830078,"data_set_value_component_king_altman_states_variable_C6_sum":96162819277.0906982422,"data_set_value_component_king_altman_states_variable_C_sum":4369509972834.9169921875,"data_set_value_component_king_altman_states_variable_C1":0.0000000039,"data_set_value_component_king_altman_states_variable_C2":0.0000001016,"data_set_value_component_king_altman_states_variable_C3":0.0000000152,"data_set_value_component_king_altman_states_variable_C4":0.0000000009,"data_set_value_component_king_altman_states_variable_C5":0.0000000149,"data_set_value_component_king_altman_states_variable_C6":0.0000000031,"data_set_value_component_NBC_current_variable_I_NaGl_pSS":-0.0686469036,"data_set_value_component_NBC_current_variable_I_NaGl_SS":-0.0686481058,"data_set_value_component_NBC_current_variable_J_Na":0.0000007115,"data_set_value_component_phenomonological_constants_variable_epsilon":-21.0708423932,"data_set_value_component_phenomonological_constants_variable_lambda":1.056236872e+16,"data_set_value_component_phenomonological_constants_variable_chi":0.0030138722,"data_set_value_component_phenomonological_constants_variable_alpha":0.0000118197,"data_set_value_component_phenomonological_constants_variable_beta":0.0004796246,"data_set_value_component_phenomonological_constants_variable_gamma":0.0000000011,"data_set_value_component_phenomonological_constants_variable_phi":-0.000030026,"data_set_value_component_phenomonological_constants_variable_Imax_Na":-0.1415033259,"data_set_value_component_phenomonological_constants_variable_Imax_gluc":-0.5644607612,"data_set_value_component_phenomonological_constants_variable_Khalf_Na":0.0030642076,"data_set_value_component_phenomonological_constants_variable_Khalf_gluc":0.0031171189},{"data_set_value_component_environment_variable_time":0.5,"data_set_value_component_parameters_variable_k0_12":20000.0,"data_set_value_component_parameters_variable_k0_21":400.0,"data_set_value_component_parameters_variable_k0_23":10000.0,"data_set_value_component_parameters_variable_k0_32":20.0,"data_set_value_component_parameters_variable_k0_34":50.0,"data_set_value_component_parameters_variable_k0_43":50.0,"data_set_value_component_parameters_variable_k0_45":800.0,"data_set_value_component_parameters_variable_k0_54":6700000.0,"data_set_value_component_parameters_variable_k0_25":0.01,"data_set_value_component_parameters_variable_k0_52":0.17,"data_set_value_component_parameters_variable_k0_56":48.0,"data_set_value_component_parameters_variable_k0_65":50.0,"data_set_value_component_parameters_variable_k0_61":35.0,"data_set_value_component_parameters_variable_k0_16":100.0,"data_set_value_component_parameters_variable_delta":0.7,"data_set_value_component_parameters_variable_alpha_p":0.3,"data_set_value_component_parameters_variable_alpha_pp":0.0,"data_set_value_component_parameters_variable_N_C":84000000000.0,"data_set_value_component_parameters_variable_N_Avo":6.022e+23,"data_set_value_component_parameters_variable_area":1000000.0,"data_set_value_component_parameters_variable_C_T":0.0000001395,"data_set_value_component_parameters_variable_n":1.0,"data_set_value_component_parameters_variable_z_c":-1.0,"data_set_value_component_parameters_variable_z_Na":1.0,"data_set_value_component_parameters_variable_F":96485.34,"data_set_value_component_parameters_variable_R":8.314,"data_set_value_component_parameters_variable_T":310.0,"data_set_value_component_parameters_variable_mu":-5.6135305132,"data_set_value_component_ion_concentrations_variable_V":-0.14995,"data_set_value_component_ion_concentrations_variable_Na_i":0.01,"data_set_value_component_ion_concentrations_variable_Na_o":0.1,"data_set_value_component_ion_concentrations_variable_glucose_i":0.0,"data_set_value_component_ion_concentrations_variable_glucose_o":0.001,"data_set_value_component_rate_constants_variable_k_12":4642.1459917755,"data_set_value_component_rate_constants_variable_k_21":172.3340888928,"data_set_value_component_rate_constants_variable_k_23":10.0,"data_set_value_component_rate_constants_variable_k_32":20.0,"data_set_value_component_rate_constants_variable_k_34":50.0,"data_set_value_component_rate_constants_variable_k_43":50.0,"data_set_value_component_rate_constants_variable_k_45":800.0,"data_set_value_component_rate_constants_variable_k_54":0.0,"data_set_value_component_rate_constants_variable_k_25":0.01,"data_set_value_component_rate_constants_variable_k_52":0.168,"data_set_value_component_rate_constants_variable_k_56":48.0,"data_set_value_component_rate_constants_variable_k_65":0.5,"data_set_value_component_rate_constants_variable_k_61":249.6559427837,"data_set_value_component_rate_constants_variable_k_16":14.0192937567,"data_set_value_component_rate_constants_variable_ks_12":46421.4599177547,"data_set_value_component_rate_constants_variable_k0_54_temp":6720000.0,"data_set_value_component_rate_constants_variable_k_52_temp":0.17,"data_set_value_component_kinetic_equations_variable_C_1":0.0000000039,"data_set_value_component_kinetic_equations_variable_C_2":0.0000001016,"data_set_value_component_kinetic_equations_variable_C_3":0.0000000152,"data_set_value_component_kinetic_equations_variable_C_4":0.0000000009,"data_set_value_component_kinetic_equations_variable_C_5":0.0000000149,"data_set_value_component_kinetic_equations_variable_C_6":0.0000000031,"data_set_value_component_kinetic_equations_variable_C_6_temp":0.0000000031,"data_set_value_component_king_altman_states_variable_C1_sum":122927341582.4513244629,"data_set_value_component_king_altman_states_variable_C2_sum":3181978314924.6674804688,"data_set_value_component_king_altman_states_variable_C3_sum":474505538190.5205688477,"data_set_value_component_king_altman_states_variable_C4_sum":27912090481.7953186035,"data_set_value_component_king_altman_states_variable_C5_sum":465237745194.2885131836,"data_set_value_component_king_altman_states_variable_C6_sum":96159083865.9674072266,"data_set_value_component_king_altman_states_variable_C_sum":4368720114239.689453125,"data_set_value_component_king_altman_states_variable_C1":0.0000000039,"data_set_value_component_king_altman_states_variable_C2":0.0000001016,"data_set_value_component_king_altman_states_variable_C3":0.0000000152,"data_set_value_component_king_altman_states_variable_C4":0.0000000009,"data_set_value_component_king_altman_states_variable_C5":0.0000000149,"data_set_value_component_king_altman_states_variable_C6":0.0000000031,"data_set_value_component_NBC_current_variable_I_NaGl_pSS":-0.0686465811,"data_set_value_component_NBC_current_variable_I_NaGl_SS":-0.0686476666,"data_set_value_component_NBC_current_variable_J_Na":0.0000007115,"data_set_value_component_phenomonological_constants_variable_epsilon":-21.0706069622,"data_set_value_component_phenomonological_constants_variable_lambda":1.056050984e+16,"data_set_value_component_phenomonological_constants_variable_chi":0.0030138386,"data_set_value_component_phenomonological_constants_variable_alpha":0.0000118211,"data_set_value_component_phenomonological_constants_variable_beta":0.0004796529,"data_set_value_component_phenomonological_constants_variable_gamma":0.0000000011,"data_set_value_component_phenomonological_constants_variable_phi":-0.0000300256,"data_set_value_component_phenomonological_constants_variable_Imax_Na":-0.1415029313,"data_set_value_component_phenomonological_constants_variable_Imax_gluc":-0.5644542952,"data_set_value_component_phenomonological_constants_variable_Khalf_Na":0.0030645796,"data_set_value_component_phenomonological_constants_variable_Khalf_gluc":0.0031170981},{"data_set_value_component_environment_variable_time":0.6,"data_set_value_component_parameters_variable_k0_12":20000.0,"data_set_value_component_parameters_variable_k0_21":400.0,"data_set_value_component_parameters_variable_k0_23":10000.0,"data_set_value_component_parameters_variable_k0_32":20.0,"data_set_value_component_parameters_variable_k0_34":50.0,"data_set_value_component_parameters_variable_k0_43":50.0,"data_set_value_component_parameters_variable_k0_45":800.0,"data_set_value_component_parameters_variable_k0_54":6700000.0,"data_set_value_component_parameters_variable_k0_25":0.01,"data_set_value_component_parameters_variable_k0_52":0.17,"data_set_value_component_parameters_variable_k0_56":48.0,"data_set_value_component_parameters_variable_k0_65":50.0,"data_set_value_component_parameters_variable_k0_61":35.0,"data_set_value_component_parameters_variable_k0_16":100.0,"data_set_value_component_parameters_variable_delta":0.7,"data_set_value_component_parameters_variable_alpha_p":0.3,"data_set_value_component_parameters_variable_alpha_pp":0.0,"data_set_value_component_parameters_variable_N_C":84000000000.0,"data_set_value_component_parameters_variable_N_Avo":6.022e+23,"data_set_value_component_parameters_variable_area":1000000.0,"data_set_value_component_parameters_variable_C_T":0.0000001395,"data_set_value_component_parameters_variable_n":1.0,"data_set_value_component_parameters_variable_z_c":-1.0,"data_set_value_component_parameters_variable_z_Na":1.0,"data_set_value_component_parameters_variable_F":96485.34,"data_set_value_component_parameters_variable_R":8.314,"data_set_value_component_parameters_variable_T":310.0,"data_set_value_component_parameters_variable_mu":-5.6131561531,"data_set_value_component_ion_concentrations_variable_V":-0.14994,"data_set_value_component_ion_concentrations_variable_Na_i":0.01,"data_set_value_component_ion_concentrations_variable_Na_o":0.1,"data_set_value_component_ion_concentrations_variable_glucose_i":0.0,"data_set_value_component_ion_concentrations_variable_glucose_o":0.001,"data_set_value_component_rate_constants_variable_k_12":4641.8853239209,"data_set_value_component_rate_constants_variable_k_21":172.3437664169,"data_set_value_component_rate_constants_variable_k_23":10.0,"data_set_value_component_rate_constants_variable_k_32":20.0,"data_set_value_component_rate_constants_variable_k_34":50.0,"data_set_value_component_rate_constants_variable_k_43":50.0,"data_set_value_component_rate_constants_variable_k_45":800.0,"data_set_value_component_rate_constants_variable_k_54":0.0,"data_set_value_component_rate_constants_variable_k_25":0.01,"data_set_value_component_rate_constants_variable_k_52":0.168,"data_set_value_component_rate_constants_variable_k_56":48.0,"data_set_value_component_rate_constants_variable_k_65":0.5,"data_set_value_component_rate_constants_variable_k_61":249.6232334936,"data_set_value_component_rate_constants_variable_k_16":14.0211307698,"data_set_value_component_rate_constants_variable_ks_12":46418.8532392087,"data_set_value_component_rate_constants_variable_k0_54_temp":6720000.0,"data_set_value_component_rate_constants_variable_k_52_temp":0.17,"data_set_value_component_kinetic_equations_variable_C_1":0.0000000039,"data_set_value_component_kinetic_equations_variable_C_2":0.0000001016,"data_set_value_component_kinetic_equations_variable_C_3":0.0000000152,"data_set_value_component_kinetic_equations_variable_C_4":0.0000000009,"data_set_value_component_kinetic_equations_variable_C_5":0.0000000149,"data_set_value_component_kinetic_equations_variable_C_6":0.0000000031,"data_set_value_component_kinetic_equations_variable_C_6_temp":0.0000000031,"data_set_value_component_king_altman_states_variable_C1_sum":122917868691.2189941406,"data_set_value_component_king_altman_states_variable_C2_sum":3181382770650.5322265625,"data_set_value_component_king_altman_states_variable_C3_sum":474416728956.658203125,"data_set_value_component_king_altman_states_variable_C4_sum":27906866409.2151908875,"data_set_value_component_king_altman_states_variable_C5_sum":465150818584.2327270508,"data_set_value_component_king_altman_states_variable_C6_sum":96155348973.3284759521,"data_set_value_component_king_altman_states_variable_C_sum":4367930402265.185546875,"data_set_value_component_king_altman_states_variable_C1":0.0000000039,"data_set_value_component_king_altman_states_variable_C2":0.0000001016,"data_set_value_component_king_altman_states_variable_C3":0.0000000152,"data_set_value_component_king_altman_states_variable_C4":0.0000000009,"data_set_value_component_king_altman_states_variable_C5":0.0000000149,"data_set_value_component_king_altman_states_variable_C6":0.0000000031,"data_set_value_component_NBC_current_variable_I_NaGl_pSS":-0.0686462517,"data_set_value_component_NBC_current_variable_I_NaGl_SS":-0.0686472273,"data_set_value_component_NBC_current_variable_J_Na":0.0000007115,"data_set_value_component_phenomonological_constants_variable_epsilon":-21.0703715056,"data_set_value_component_phenomonological_constants_variable_lambda":1.05586513e+16,"data_set_value_component_phenomonological_constants_variable_chi":0.0030138049,"data_set_value_component_phenomonological_constants_variable_alpha":0.0000118224,"data_set_value_component_phenomonological_constants_variable_beta":0.0004796812,"data_set_value_component_phenomonological_constants_variable_gamma":0.0000000011,"data_set_value_component_phenomonological_constants_variable_phi":-0.0000300253,"data_set_value_component_phenomonological_constants_variable_Imax_Na":-0.1415025367,"data_set_value_component_phenomonological_constants_variable_Imax_gluc":-0.5644478285,"data_set_value_component_phenomonological_constants_variable_Khalf_Na":0.0030649516,"data_set_value_component_phenomonological_constants_variable_Khalf_gluc":0.0031170772},{"data_set_value_component_environment_variable_time":0.7,"data_set_value_component_parameters_variable_k0_12":20000.0,"data_set_value_component_parameters_variable_k0_21":400.0,"data_set_value_component_parameters_variable_k0_23":10000.0,"data_set_value_component_parameters_variable_k0_32":20.0,"data_set_value_component_parameters_variable_k0_34":50.0,"data_set_value_component_parameters_variable_k0_43":50.0,"data_set_value_component_parameters_variable_k0_45":800.0,"data_set_value_component_parameters_variable_k0_54":6700000.0,"data_set_value_component_parameters_variable_k0_25":0.01,"data_set_value_component_parameters_variable_k0_52":0.17,"data_set_value_component_parameters_variable_k0_56":48.0,"data_set_value_component_parameters_variable_k0_65":50.0,"data_set_value_component_parameters_variable_k0_61":35.0,"data_set_value_component_parameters_variable_k0_16":100.0,"data_set_value_component_parameters_variable_delta":0.7,"data_set_value_component_parameters_variable_alpha_p":0.3,"data_set_value_component_parameters_variable_alpha_pp":0.0,"data_set_value_component_parameters_variable_N_C":84000000000.0,"data_set_value_component_parameters_variable_N_Avo":6.022e+23,"data_set_value_component_parameters_variable_area":1000000.0,"data_set_value_component_parameters_variable_C_T":0.0000001395,"data_set_value_component_parameters_variable_n":1.0,"data_set_value_component_parameters_variable_z_c":-1.0,"data_set_value_component_parameters_variable_z_Na":1.0,"data_set_value_component_parameters_variable_F":96485.34,"data_set_value_component_parameters_variable_R":8.314,"data_set_value_component_parameters_variable_T":310.0,"data_set_value_component_parameters_variable_mu":-5.6127817929,"data_set_value_component_ion_concentrations_variable_V":-0.14993,"data_set_value_component_ion_concentrations_variable_Na_i":0.01,"data_set_value_component_ion_concentrations_variable_Na_o":0.1,"data_set_value_component_ion_concentrations_variable_glucose_i":0.0,"data_set_value_component_ion_concentrations_variable_glucose_o":0.001,"data_set_value_component_rate_constants_variable_k_12":4641.6246707034,"data_set_value_component_rate_constants_variable_k_21":172.3534444845,"data_set_value_component_rate_constants_variable_k_23":10.0,"data_set_value_component_rate_constants_variable_k_32":20.0,"data_set_value_component_rate_constants_variable_k_34":50.0,"data_set_value_component_rate_constants_variable_k_43":50.0,"data_set_value_component_rate_constants_variable_k_45":800.0,"data_set_value_component_rate_constants_variable_k_54":0.0,"data_set_value_component_rate_constants_variable_k_25":0.01,"data_set_value_component_rate_constants_variable_k_52":0.168,"data_set_value_component_rate_constants_variable_k_56":48.0,"data_set_value_component_rate_constants_variable_k_65":0.5,"data_set_value_component_rate_constants_variable_k_61":249.5905284889,"data_set_value_component_rate_constants_variable_k_16":14.0229680236,"data_set_value_component_rate_constants_variable_ks_12":46416.2467070341,"data_set_value_component_rate_constants_variable_k0_54_temp":6720000.0,"data_set_value_component_rate_constants_variable_k_52_temp":0.17,"data_set_value_component_kinetic_equations_variable_C_1":0.0000000039,"data_set_value_component_kinetic_equations_variable_C_2":0.0000001016,"data_set_value_component_kinetic_equations_variable_C_3":0.0000000152,"data_set_value_component_kinetic_equations_variable_C_4":0.0000000009,"data_set_value_component_kinetic_equations_variable_C_5":0.0000000149,"data_set_value_component_kinetic_equations_variable_C_6":0.0000000031,"data_set_value_component_kinetic_equations_variable_C_6_temp":0.0000000031,"data_set_value_component_king_altman_states_variable_C1_sum":122908396544.5332794189,"data_set_value_component_king_altman_states_variable_C2_sum":3180787337839.8305664062,"data_set_value_component_king_altman_states_variable_C3_sum":474327936344.5361938477,"data_set_value_component_king_altman_states_variable_C4_sum":27901643314.3844795227,"data_set_value_component_king_altman_states_variable_C5_sum":465063908241.6870117188,"data_set_value_component_king_altman_states_variable_C6_sum":96151614599.2023925781,"data_set_value_component_king_altman_states_variable_C_sum":4367140836884.173828125,"data_set_value_component_king_altman_states_variable_C1":0.0000000039,"data_set_value_component_king_altman_states_variable_C2":0.0000001016,"data_set_value_component_king_altman_states_variable_C3":0.0000000152,"data_set_value_component_king_altman_states_variable_C4":0.0000000009,"data_set_value_component_king_altman_states_variable_C5":0.0000000149,"data_set_value_component_king_altman_states_variable_C6":0.0000000031,"data_set_value_component_NBC_current_variable_I_NaGl_pSS":-0.0686459153,"data_set_value_component_NBC_current_variable_I_NaGl_SS":-0.068646788,"data_set_value_component_NBC_current_variable_J_Na":0.0000007115,"data_set_value_component_phenomonological_constants_variable_epsilon":-21.0701360234,"data_set_value_component_phenomonological_constants_variable_lambda":1.05567931e+16,"data_set_value_component_phenomonological_constants_variable_chi":0.0030137712,"data_set_value_component_phenomonological_constants_variable_alpha":0.0000118238,"data_set_value_component_phenomonological_constants_variable_beta":0.0004797095,"data_set_value_component_phenomonological_constants_variable_gamma":0.0000000011,"data_set_value_component_phenomonological_constants_variable_phi":-0.0000300249,"data_set_value_component_phenomonological_constants_variable_Imax_Na":-0.1415021421,"data_set_value_component_phenomonological_constants_variable_Imax_gluc":-0.5644413611,"data_set_value_component_phenomonological_constants_variable_Khalf_Na":0.0030653237,"data_set_value_component_phenomonological_constants_variable_Khalf_gluc":0.0031170564},{"data_set_value_component_environment_variable_time":0.8,"data_set_value_component_parameters_variable_k0_12":20000.0,"data_set_value_component_parameters_variable_k0_21":400.0,"data_set_value_component_parameters_variable_k0_23":10000.0,"data_set_value_component_parameters_variable_k0_32":20.0,"data_set_value_component_parameters_variable_k0_34":50.0,"data_set_value_component_parameters_variable_k0_43":50.0,"data_set_value_component_parameters_variable_k0_45":800.0,"data_set_value_component_parameters_variable_k0_54":6700000.0,"data_set_value_component_parameters_variable_k0_25":0.01,"data_set_value_component_parameters_variable_k0_52":0.17,"data_set_value_component_parameters_variable_k0_56":48.0,"data_set_value_component_parameters_variable_k0_65":50.0,"data_set_value_component_parameters_variable_k0_61":35.0,"data_set_value_component_parameters_variable_k0_16":100.0,"data_set_value_component_parameters_variable_delta":0.7,"data_set_value_component_parameters_variable_alpha_p":0.3,"data_set_value_component_parameters_variable_alpha_pp":0.0,"data_set_value_component_parameters_variable_N_C":84000000000.0,"data_set_value_component_parameters_variable_N_Avo":6.022e+23,"data_set_value_component_parameters_variable_area":1000000.0,"data_set_value_component_parameters_variable_C_T":0.0000001395,"data_set_value_component_parameters_variable_n":1.0,"data_set_value_component_parameters_variable_z_c":-1.0,"data_set_value_component_parameters_variable_z_Na":1.0,"data_set_value_component_parameters_variable_F":96485.34,"data_set_value_component_parameters_variable_R":8.314,"data_set_value_component_parameters_variable_T":310.0,"data_set_value_component_parameters_variable_mu":-5.6124074328,"data_set_value_component_ion_concentrations_variable_V":-0.14992,"data_set_value_component_ion_concentrations_variable_Na_i":0.01,"data_set_value_component_ion_concentrations_variable_Na_o":0.1,"data_set_value_component_ion_concentrations_variable_glucose_i":0.0,"data_set_value_component_ion_concentrations_variable_glucose_o":0.001,"data_set_value_component_rate_constants_variable_k_12":4641.3640321223,"data_set_value_component_rate_constants_variable_k_21":172.3631230956,"data_set_value_component_rate_constants_variable_k_23":10.0,"data_set_value_component_rate_constants_variable_k_32":20.0,"data_set_value_component_rate_constants_variable_k_34":50.0,"data_set_value_component_rate_constants_variable_k_43":50.0,"data_set_value_component_rate_constants_variable_k_45":800.0,"data_set_value_component_rate_constants_variable_k_54":0.0,"data_set_value_component_rate_constants_variable_k_25":0.01,"data_set_value_component_rate_constants_variable_k_52":0.168,"data_set_value_component_rate_constants_variable_k_56":48.0,"data_set_value_component_rate_constants_variable_k_65":0.5,"data_set_value_component_rate_constants_variable_k_61":249.5578277693,"data_set_value_component_rate_constants_variable_k_16":14.0248055182,"data_set_value_component_rate_constants_variable_ks_12":46413.6403212226,"data_set_value_component_rate_constants_variable_k0_54_temp":6720000.0,"data_set_value_component_rate_constants_variable_k_52_temp":0.17,"data_set_value_component_kinetic_equations_variable_C_1":0.0000000039,"data_set_value_component_kinetic_equations_variable_C_2":0.0000001016,"data_set_value_component_kinetic_equations_variable_C_3":0.0000000152,"data_set_value_component_kinetic_equations_variable_C_4":0.0000000009,"data_set_value_component_kinetic_equations_variable_C_5":0.0000000149,"data_set_value_component_kinetic_equations_variable_C_6":0.0000000031,"data_set_value_component_kinetic_equations_variable_C_6_temp":0.0000000031,"data_set_value_component_king_altman_states_variable_C1_sum":122898925142.3336334229,"data_set_value_component_king_altman_states_variable_C2_sum":3180192016471.6967773438,"data_set_value_component_king_altman_states_variable_C3_sum":474239160351.0424804688,"data_set_value_component_king_altman_states_variable_C4_sum":27896421197.1201477051,"data_set_value_component_king_altman_states_variable_C5_sum":464977014163.607421875,"data_set_value_component_king_altman_states_variable_C6_sum":96147880743.6173248291,"data_set_value_component_king_altman_states_variable_C_sum":4366351418069.4174804688,"data_set_value_component_king_altman_states_variable_C1":0.0000000039,"data_set_value_component_king_altman_states_variable_C2":0.0000001016,"data_set_value_component_king_altman_states_variable_C3":0.0000000152,"data_set_value_component_king_altman_states_variable_C4":0.0000000009,"data_set_value_component_king_altman_states_variable_C5":0.0000000149,"data_set_value_component_king_altman_states_variable_C6":0.0000000031,"data_set_value_component_NBC_current_variable_I_NaGl_pSS":-0.0686455721,"data_set_value_component_NBC_current_variable_I_NaGl_SS":-0.0686463486,"data_set_value_component_NBC_current_variable_J_Na":0.0000007115,"data_set_value_component_phenomonological_constants_variable_epsilon":-21.0699005156,"data_set_value_component_phenomonological_constants_variable_lambda":1.055493523e+16,"data_set_value_component_phenomonological_constants_variable_chi":0.0030137376,"data_set_value_component_phenomonological_constants_variable_alpha":0.0000118252,"data_set_value_component_phenomonological_constants_variable_beta":0.0004797379,"data_set_value_component_phenomonological_constants_variable_gamma":0.0000000011,"data_set_value_component_phenomonological_constants_variable_phi":-0.0000300246,"data_set_value_component_phenomonological_constants_variable_Imax_Na":-0.1415017474,"data_set_value_component_phenomonological_constants_variable_Imax_gluc":-0.564434893,"data_set_value_component_phenomonological_constants_variable_Khalf_Na":0.0030656959,"data_set_value_component_phenomonological_constants_variable_Khalf_gluc":0.0031170356},{"data_set_value_component_environment_variable_time":0.9,"data_set_value_component_parameters_variable_k0_12":20000.0,"data_set_value_component_parameters_variable_k0_21":400.0,"data_set_value_component_parameters_variable_k0_23":10000.0,"data_set_value_component_parameters_variable_k0_32":20.0,"data_set_value_component_parameters_variable_k0_34":50.0,"data_set_value_component_parameters_variable_k0_43":50.0,"data_set_value_component_parameters_variable_k0_45":800.0,"data_set_value_component_parameters_variable_k0_54":6700000.0,"data_set_value_component_parameters_variable_k0_25":0.01,"data_set_value_component_parameters_variable_k0_52":0.17,"data_set_value_component_parameters_variable_k0_56":48.0,"data_set_value_component_parameters_variable_k0_65":50.0,"data_set_value_component_parameters_variable_k0_61":35.0,"data_set_value_component_parameters_variable_k0_16":100.0,"data_set_value_component_parameters_variable_delta":0.7,"data_set_value_component_parameters_variable_alpha_p":0.3,"data_set_value_component_parameters_variable_alpha_pp":0.0,"data_set_value_component_parameters_variable_N_C":84000000000.0,"data_set_value_component_parameters_variable_N_Avo":6.022e+23,"data_set_value_component_parameters_variable_area":1000000.0,"data_set_value_component_parameters_variable_C_T":0.0000001395,"data_set_value_component_parameters_variable_n":1.0,"data_set_value_component_parameters_variable_z_c":-1.0,"data_set_value_component_parameters_variable_z_Na":1.0,"data_set_value_component_parameters_variable_F":96485.34,"data_set_value_component_parameters_variable_R":8.314,"data_set_value_component_parameters_variable_T":310.0,"data_set_value_component_parameters_variable_mu":-5.6120330726,"data_set_value_component_ion_concentrations_variable_V":-0.14991,"data_set_value_component_ion_concentrations_variable_Na_i":0.01,"data_set_value_component_ion_concentrations_variable_Na_o":0.1,"data_set_value_component_ion_concentrations_variable_glucose_i":0.0,"data_set_value_component_ion_concentrations_variable_glucose_o":0.001,"data_set_value_component_rate_constants_variable_k_12":4641.1034081766,"data_set_value_component_rate_constants_variable_k_21":172.3728022501,"data_set_value_component_rate_constants_variable_k_23":10.0,"data_set_value_component_rate_constants_variable_k_32":20.0,"data_set_value_component_rate_constants_variable_k_34":50.0,"data_set_value_component_rate_constants_variable_k_43":50.0,"data_set_value_component_rate_constants_variable_k_45":800.0,"data_set_value_component_rate_constants_variable_k_54":0.0,"data_set_value_component_rate_constants_variable_k_25":0.01,"data_set_value_component_rate_constants_variable_k_52":0.168,"data_set_value_component_rate_constants_variable_k_56":48.0,"data_set_value_component_rate_constants_variable_k_65":0.5,"data_set_value_component_rate_constants_variable_k_61":249.5251313339,"data_set_value_component_rate_constants_variable_k_16":14.0266432535,"data_set_value_component_rate_constants_variable_ks_12":46411.0340817661,"data_set_value_component_rate_constants_variable_k0_54_temp":6720000.0,"data_set_value_component_rate_constants_variable_k_52_temp":0.17,"data_set_value_component_kinetic_equations_variable_C_1":0.0000000039,"data_set_value_component_kinetic_equations_variable_C_2":0.0000001016,"data_set_value_component_kinetic_equations_variable_C_3":0.0000000152,"data_set_value_component_kinetic_equations_variable_C_4":0.0000000009,"data_set_value_component_kinetic_equations_variable_C_5":0.0000000149,"data_set_value_component_kinetic_equations_variable_C_6":0.0000000031,"data_set_value_component_kinetic_equations_variable_C_6_temp":0.0000000031,"data_set_value_component_king_altman_states_variable_C1_sum":122889454484.5597381592,"data_set_value_component_king_altman_states_variable_C2_sum":3179596806525.2709960938,"data_set_value_component_king_altman_states_variable_C3_sum":474150400973.0668945312,"data_set_value_component_king_altman_states_variable_C4_sum":27891200057.2392234802,"data_set_value_component_king_altman_states_variable_C5_sum":464890136346.9508666992,"data_set_value_component_king_altman_states_variable_C6_sum":96144147406.6016235352,"data_set_value_component_king_altman_states_variable_C_sum":4365562145793.689453125,"data_set_value_component_king_altman_states_variable_C1":0.0000000039,"data_set_value_component_king_altman_states_variable_C2":0.0000001016,"data_set_value_component_king_altman_states_variable_C3":0.0000000152,"data_set_value_component_king_altman_states_variable_C4":0.0000000009,"data_set_value_component_king_altman_states_variable_C5":0.0000000149,"data_set_value_component_king_altman_states_variable_C6":0.0000000031,"data_set_value_component_NBC_current_variable_I_NaGl_pSS":-0.0686452219,"data_set_value_component_NBC_current_variable_I_NaGl_SS":-0.0686459092,"data_set_value_component_NBC_current_variable_J_Na":0.0000007115,"data_set_value_component_phenomonological_constants_variable_epsilon":-21.0696649822,"data_set_value_component_phenomonological_constants_variable_lambda":1.055307772e+16,"data_set_value_component_phenomonological_constants_variable_chi":0.0030137039,"data_set_value_component_phenomonological_constants_variable_alpha":0.0000118265,"data_set_value_component_phenomonological_constants_variable_beta":0.0004797662,"data_set_value_component_phenomonological_constants_variable_gamma":0.0000000011,"data_set_value_component_phenomonological_constants_variable_phi":-0.0000300243,"data_set_value_component_phenomonological_constants_variable_Imax_Na":-0.1415013526,"data_set_value_component_phenomonological_constants_variable_Imax_gluc":-0.5644284243,"data_set_value_component_phenomonological_constants_variable_Khalf_Na":0.0030660681,"data_set_value_component_phenomonological_constants_variable_Khalf_gluc":0.0031170147},{"data_set_value_component_environment_variable_time":1.0,"data_set_value_component_parameters_variable_k0_12":20000.0,"data_set_value_component_parameters_variable_k0_21":400.0,"data_set_value_component_parameters_variable_k0_23":10000.0,"data_set_value_component_parameters_variable_k0_32":20.0,"data_set_value_component_parameters_variable_k0_34":50.0,"data_set_value_component_parameters_variable_k0_43":50.0,"data_set_value_component_parameters_variable_k0_45":800.0,"data_set_value_component_parameters_variable_k0_54":6700000.0,"data_set_value_component_parameters_variable_k0_25":0.01,"data_set_value_component_parameters_variable_k0_52":0.17,"data_set_value_component_parameters_variable_k0_56":48.0,"data_set_value_component_parameters_variable_k0_65":50.0,"data_set_value_component_parameters_variable_k0_61":35.0,"data_set_value_component_parameters_variable_k0_16":100.0,"data_set_value_component_parameters_variable_delta":0.7,"data_set_value_component_parameters_variable_alpha_p":0.3,"data_set_value_component_parameters_variable_alpha_pp":0.0,"data_set_value_component_parameters_variable_N_C":84000000000.0,"data_set_value_component_parameters_variable_N_Avo":6.022e+23,"data_set_value_component_parameters_variable_area":1000000.0,"data_set_value_component_parameters_variable_C_T":0.0000001395,"data_set_value_component_parameters_variable_n":1.0,"data_set_value_component_parameters_variable_z_c":-1.0,"data_set_value_component_parameters_variable_z_Na":1.0,"data_set_value_component_parameters_variable_F":96485.34,"data_set_value_component_parameters_variable_R":8.314,"data_set_value_component_parameters_variable_T":310.0,"data_set_value_component_parameters_variable_mu":-5.6116587125,"data_set_value_component_ion_concentrations_variable_V":-0.1499,"data_set_value_component_ion_concentrations_variable_Na_i":0.01,"data_set_value_component_ion_concentrations_variable_Na_o":0.1,"data_set_value_component_ion_concentrations_variable_glucose_i":0.0,"data_set_value_component_ion_concentrations_variable_glucose_o":0.001,"data_set_value_component_rate_constants_variable_k_12":4640.8427988656,"data_set_value_component_rate_constants_variable_k_21":172.3824819482,"data_set_value_component_rate_constants_variable_k_23":10.0,"data_set_value_component_rate_constants_variable_k_32":20.0,"data_set_value_component_rate_constants_variable_k_34":50.0,"data_set_value_component_rate_constants_variable_k_43":50.0,"data_set_value_component_rate_constants_variable_k_45":800.0,"data_set_value_component_rate_constants_variable_k_54":0.0,"data_set_value_component_rate_constants_variable_k_25":0.01,"data_set_value_component_rate_constants_variable_k_52":0.168,"data_set_value_component_rate_constants_variable_k_56":48.0,"data_set_value_component_rate_constants_variable_k_65":0.5,"data_set_value_component_rate_constants_variable_k_61":249.4924391824,"data_set_value_component_rate_constants_variable_k_16":14.0284812296,"data_set_value_component_rate_constants_variable_ks_12":46408.4279886563,"data_set_value_component_rate_constants_variable_k0_54_temp":6720000.0,"data_set_value_component_rate_constants_variable_k_52_temp":0.17,"data_set_value_component_kinetic_equations_variable_C_1":0.0000000039,"data_set_value_component_kinetic_equations_variable_C_2":0.0000001016,"data_set_value_component_kinetic_equations_variable_C_3":0.0000000151,"data_set_value_component_kinetic_equations_variable_C_4":0.0000000009,"data_set_value_component_kinetic_equations_variable_C_5":0.0000000149,"data_set_value_component_kinetic_equations_variable_C_6":0.0000000031,"data_set_value_component_kinetic_equations_variable_C_6_temp":0.0000000031,"data_set_value_component_king_altman_states_variable_C1_sum":122879984571.1513061523,"data_set_value_component_king_altman_states_variable_C2_sum":3179001707979.7055664062,"data_set_value_component_king_altman_states_variable_C3_sum":474061658207.5001220703,"data_set_value_component_king_altman_states_variable_C4_sum":27885979894.5588226318,"data_set_value_component_king_altman_states_variable_C5_sum":464803274788.6761474609,"data_set_value_component_king_altman_states_variable_C6_sum":96140414588.1836853027,"data_set_value_component_king_altman_states_variable_C_sum":4364773020029.7758789062,"data_set_value_component_king_altman_states_variable_C1":0.0000000039,"data_set_value_component_king_altman_states_variable_C2":0.0000001016,"data_set_value_component_king_altman_states_variable_C3":0.0000000151,"data_set_value_component_king_altman_states_variable_C4":0.0000000009,"data_set_value_component_king_altman_states_variable_C5":0.0000000149,"data_set_value_component_king_altman_states_variable_C6":0.0000000031,"data_set_value_component_NBC_current_variable_I_NaGl_pSS":-0.0686448648,"data_set_value_component_NBC_current_variable_I_NaGl_SS":-0.0686454697,"data_set_value_component_NBC_current_variable_J_Na":0.0000007115,"data_set_value_component_phenomonological_constants_variable_epsilon":-21.0694294232,"data_set_value_component_phenomonological_constants_variable_lambda":1.055122054e+16,"data_set_value_component_phenomonological_constants_variable_chi":0.0030136702,"data_set_value_component_phenomonological_constants_variable_alpha":0.0000118279,"data_set_value_component_phenomonological_constants_variable_beta":0.0004797945,"data_set_value_component_phenomonological_constants_variable_gamma":0.0000000011,"data_set_value_component_phenomonological_constants_variable_phi":-0.0000300239,"data_set_value_component_phenomonological_constants_variable_Imax_Na":-0.1415009578,"data_set_value_component_phenomonological_constants_variable_Imax_gluc":-0.5644219548,"data_set_value_component_phenomonological_constants_variable_Khalf_Na":0.0030664404,"data_set_value_component_phenomonological_constants_variable_Khalf_gluc":0.0031169939}]