[{"data_generator_IK1":0.0,"data_generator_T":0.0},{"data_generator_IK1":3.4980381,"data_generator_T":0.5},{"data_generator_IK1":11.928844,"data_generator_T":1.0},{"data_generator_IK1":15.753652,"data_generator_T":1.5},{"data_generator_IK1":16.924946,"data_generator_T":2.0},{"data_generator_IK1":17.25284,"data_generator_T":2.5},{"data_generator_IK1":17.343018,"data_generator_T":3.0},{"data_generator_IK1":17.367832,"data_generator_T":3.5},{"data_generator_IK1":17.374699,"data_generator_T":4.0},{"data_generator_IK1":17.376612,"data_generator_T":4.5},{"data_generator_IK1":17.37715,"data_generator_T":5.0},{"data_generator_IK1":17.3773,"data_generator_T":5.5},{"data_generator_IK1":17.377344,"data_generator_T":6.0},{"data_generator_IK1":17.377357,"data_generator_T":6.5},{"data_generator_IK1":17.377361,"data_generator_T":7.0},{"data_generator_IK1":17.377361,"data_generator_T":7.5},{"data_generator_IK1":17.377361,"data_generator_T":8.0},{"data_generator_IK1":17.377361,"data_generator_T":8.5},{"data_generator_IK1":17.377361,"data_generator_T":9.0},{"data_generator_IK1":17.377361,"data_generator_T":9.5},{"data_generator_IK1":17.377361,"data_generator_T":10.0},{"data_generator_IK1":17.377361,"data_generator_T":10.5},{"data_generator_IK1":17.377361,"data_generator_T":11.0},{"data_generator_IK1":17.377361,"data_generator_T":11.5},{"data_generator_IK1":17.377361,"data_generator_T":12.0},{"data_generator_IK1":17.377361,"data_generator_T":12.5},{"data_generator_IK1":17.377361,"data_generator_T":13.0},{"data_generator_IK1":17.377361,"data_generator_T":13.5},{"data_generator_IK1":17.377361,"data_generator_T":14.0},{"data_generator_IK1":17.377361,"data_generator_T":14.5},{"data_generator_IK1":17.377361,"data_generator_T":15.0},{"data_generator_IK1":17.377361,"data_generator_T":15.5},{"data_generator_IK1":17.377361,"data_generator_T":16.0},{"data_generator_IK1":17.377361,"data_generator_T":16.5},{"data_generator_IK1":17.377361,"data_generator_T":17.0},{"data_generator_IK1":17.377361,"data_generator_T":17.5},{"data_generator_IK1":17.377361,"data_generator_T":18.0},{"data_generator_IK1":17.377361,"data_generator_T":18.5},{"data_generator_IK1":17.377361,"data_generator_T":19.0},{"data_generator_IK1":17.377361,"data_generator_T":19.5},{"data_generator_IK1":17.377361,"data_generator_T":20.0},{"data_generator_IK1":17.377361,"data_generator_T":20.5},{"data_generator_IK1":17.377361,"data_generator_T":21.0},{"data_generator_IK1":17.377361,"data_generator_T":21.5},{"data_generator_IK1":17.377361,"data_generator_T":22.0},{"data_generator_IK1":17.377361,"data_generator_T":22.5},{"data_generator_IK1":17.377361,"data_generator_T":23.0},{"data_generator_IK1":17.377361,"data_generator_T":23.5},{"data_generator_IK1":17.377361,"data_generator_T":24.0},{"data_generator_IK1":17.377361,"data_generator_T":24.5},{"data_generator_IK1":17.377361,"data_generator_T":25.0},{"data_generator_IK1":17.377361,"data_generator_T":25.5},{"data_generator_IK1":17.377361,"data_generator_T":26.0},{"data_generator_IK1":17.377361,"data_generator_T":26.5},{"data_generator_IK1":17.377361,"data_generator_T":27.0},{"data_generator_IK1":17.377361,"data_generator_T":27.5},{"data_generator_IK1":17.377361,"data_generator_T":28.0},{"data_generator_IK1":17.377361,"data_generator_T":28.5},{"data_generator_IK1":17.377361,"data_generator_T":29.0},{"data_generator_IK1":17.377361,"data_generator_T":29.5},{"data_generator_IK1":-23.169815,"data_generator_T":30.0},{"data_generator_IK1":-900.71832,"data_generator_T":30.5},{"data_generator_IK1":-1440.5267,"data_generator_T":31.0},{"data_generator_IK1":-1922.2163,"data_generator_T":31.5},{"data_generator_IK1":-2352.0444,"data_generator_T":32.0},{"data_generator_IK1":-2735.5947,"data_generator_T":32.5},{"data_generator_IK1":-3077.8499,"data_generator_T":33.0},{"data_generator_IK1":-3383.2559,"data_generator_T":33.5},{"data_generator_IK1":-3655.78,"data_generator_T":34.0},{"data_generator_IK1":-3898.9629,"data_generator_T":34.5},{"data_generator_IK1":-4115.9629,"data_generator_T":35.0},{"data_generator_IK1":-4309.6001,"data_generator_T":35.5},{"data_generator_IK1":-4482.3887,"data_generator_T":36.0},{"data_generator_IK1":-4636.5737,"data_generator_T":36.5},{"data_generator_IK1":-4774.1587,"data_generator_T":37.0},{"data_generator_IK1":-4896.9307,"data_generator_T":37.5},{"data_generator_IK1":-5006.4839,"data_generator_T":38.0},{"data_generator_IK1":-5104.2422,"data_generator_T":38.5},{"data_generator_IK1":-5191.4751,"data_generator_T":39.0},{"data_generator_IK1":-5269.3159,"data_generator_T":39.5},{"data_generator_IK1":-5338.7764,"data_generator_T":40.0},{"data_generator_IK1":-5400.7578,"data_generator_T":40.5},{"data_generator_IK1":-5456.0664,"data_generator_T":41.0},{"data_generator_IK1":-5505.4199,"data_generator_T":41.5},{"data_generator_IK1":-5549.46,"data_generator_T":42.0},{"data_generator_IK1":-5588.7583,"data_generator_T":42.5},{"data_generator_IK1":-5623.8257,"data_generator_T":43.0},{"data_generator_IK1":-5655.1172,"data_generator_T":43.5},{"data_generator_IK1":-5683.04,"data_generator_T":44.0},{"data_generator_IK1":-5707.9561,"data_generator_T":44.5},{"data_generator_IK1":-5730.1899,"data_generator_T":45.0},{"data_generator_IK1":-5750.0298,"data_generator_T":45.5},{"data_generator_IK1":-5767.7334,"data_generator_T":46.0},{"data_generator_IK1":-5783.5312,"data_generator_T":46.5},{"data_generator_IK1":-5797.6284,"data_generator_T":47.0},{"data_generator_IK1":-5810.2075,"data_generator_T":47.5},{"data_generator_IK1":-5821.4321,"data_generator_T":48.0},{"data_generator_IK1":-5831.4482,"data_generator_T":48.5},{"data_generator_IK1":-5840.3862,"data_generator_T":49.0},{"data_generator_IK1":-5848.3618,"data_generator_T":49.5},{"data_generator_IK1":-5855.4785,"data_generator_T":50.0},{"data_generator_IK1":-5861.8291,"data_generator_T":50.5},{"data_generator_IK1":-5867.4961,"data_generator_T":51.0},{"data_generator_IK1":-5872.5527,"data_generator_T":51.5},{"data_generator_IK1":-5877.0649,"data_generator_T":52.0},{"data_generator_IK1":-5881.0913,"data_generator_T":52.5},{"data_generator_IK1":-5884.6846,"data_generator_T":53.0},{"data_generator_IK1":-5887.8906,"data_generator_T":53.5},{"data_generator_IK1":-5890.7515,"data_generator_T":54.0},{"data_generator_IK1":-5893.3047,"data_generator_T":54.5},{"data_generator_IK1":-5895.5825,"data_generator_T":55.0},{"data_generator_IK1":-5897.6152,"data_generator_T":55.5},{"data_generator_IK1":-5899.4292,"data_generator_T":56.0},{"data_generator_IK1":-5901.0479,"data_generator_T":56.5},{"data_generator_IK1":-5902.4922,"data_generator_T":57.0},{"data_generator_IK1":-5903.7812,"data_generator_T":57.5},{"data_generator_IK1":-5904.9312,"data_generator_T":58.0},{"data_generator_IK1":-5905.9575,"data_generator_T":58.5},{"data_generator_IK1":-5906.873,"data_generator_T":59.0},{"data_generator_IK1":-5907.6904,"data_generator_T":59.5},{"data_generator_IK1":-5908.4194,"data_generator_T":60.0},{"data_generator_IK1":-5909.0703,"data_generator_T":60.5},{"data_generator_IK1":-5909.6509,"data_generator_T":61.0},{"data_generator_IK1":-5910.1689,"data_generator_T":61.5},{"data_generator_IK1":-5910.6313,"data_generator_T":62.0},{"data_generator_IK1":-5911.0439,"data_generator_T":62.5},{"data_generator_IK1":-5911.4121,"data_generator_T":63.0},{"data_generator_IK1":-5911.7402,"data_generator_T":63.5},{"data_generator_IK1":-5912.0337,"data_generator_T":64.0},{"data_generator_IK1":-5912.2949,"data_generator_T":64.5},{"data_generator_IK1":-5912.5283,"data_generator_T":65.0},{"data_generator_IK1":-5912.7368,"data_generator_T":65.5},{"data_generator_IK1":-5912.9229,"data_generator_T":66.0},{"data_generator_IK1":-5913.0884,"data_generator_T":66.5},{"data_generator_IK1":-5913.2363,"data_generator_T":67.0},{"data_generator_IK1":-5913.3687,"data_generator_T":67.5},{"data_generator_IK1":-5913.4863,"data_generator_T":68.0},{"data_generator_IK1":-5913.5913,"data_generator_T":68.5},{"data_generator_IK1":-5913.6855,"data_generator_T":69.0},{"data_generator_IK1":-5913.769,"data_generator_T":69.5},{"data_generator_IK1":-5913.8438,"data_generator_T":70.0},{"data_generator_IK1":-5913.9106,"data_generator_T":70.5},{"data_generator_IK1":-5913.9702,"data_generator_T":71.0},{"data_generator_IK1":-5914.0229,"data_generator_T":71.5},{"data_generator_IK1":-5914.0703,"data_generator_T":72.0},{"data_generator_IK1":-5914.1128,"data_generator_T":72.5},{"data_generator_IK1":-5914.1504,"data_generator_T":73.0},{"data_generator_IK1":-5914.1841,"data_generator_T":73.5},{"data_generator_IK1":-5914.2139,"data_generator_T":74.0},{"data_generator_IK1":-5914.2407,"data_generator_T":74.5},{"data_generator_IK1":-5914.2646,"data_generator_T":75.0},{"data_generator_IK1":-5914.2861,"data_generator_T":75.5},{"data_generator_IK1":-5914.3052,"data_generator_T":76.0},{"data_generator_IK1":-5914.3223,"data_generator_T":76.5},{"data_generator_IK1":-5914.3374,"data_generator_T":77.0},{"data_generator_IK1":-5914.3511,"data_generator_T":77.5},{"data_generator_IK1":-5914.3628,"data_generator_T":78.0},{"data_generator_IK1":-5914.3735,"data_generator_T":78.5},{"data_generator_IK1":-5914.3833,"data_generator_T":79.0},{"data_generator_IK1":-5914.3921,"data_generator_T":79.5},{"data_generator_IK1":-5914.3994,"data_generator_T":80.0},{"data_generator_IK1":-5914.4062,"data_generator_T":80.5},{"data_generator_IK1":-5914.4126,"data_generator_T":81.0},{"data_generator_IK1":-5914.418,"data_generator_T":81.5},{"data_generator_IK1":-5914.4229,"data_generator_T":82.0},{"data_generator_IK1":-5914.4272,"data_generator_T":82.5},{"data_generator_IK1":-5914.4312,"data_generator_T":83.0},{"data_generator_IK1":-5914.4346,"data_generator_T":83.5},{"data_generator_IK1":-5914.4375,"data_generator_T":84.0},{"data_generator_IK1":-5914.4404,"data_generator_T":84.5},{"data_generator_IK1":-5914.4429,"data_generator_T":85.0},{"data_generator_IK1":-5914.4448,"data_generator_T":85.5},{"data_generator_IK1":-5914.4468,"data_generator_T":86.0},{"data_generator_IK1":-5914.4487,"data_generator_T":86.5},{"data_generator_IK1":-5914.4502,"data_generator_T":87.0},{"data_generator_IK1":-5914.4517,"data_generator_T":87.5},{"data_generator_IK1":-5914.4526,"data_generator_T":88.0},{"data_generator_IK1":-5914.4541,"data_generator_T":88.5},{"data_generator_IK1":-5914.4551,"data_generator_T":89.0},{"data_generator_IK1":-5914.4556,"data_generator_T":89.5},{"data_generator_IK1":-5914.4565,"data_generator_T":90.0},{"data_generator_IK1":-5914.457,"data_generator_T":90.5},{"data_generator_IK1":-5914.458,"data_generator_T":91.0},{"data_generator_IK1":-5914.4585,"data_generator_T":91.5},{"data_generator_IK1":-5914.459,"data_generator_T":92.0},{"data_generator_IK1":-5914.4595,"data_generator_T":92.5},{"data_generator_IK1":-5914.46,"data_generator_T":93.0},{"data_generator_IK1":-5914.46,"data_generator_T":93.5},{"data_generator_IK1":-5914.4604,"data_generator_T":94.0},{"data_generator_IK1":-5914.4609,"data_generator_T":94.5},{"data_generator_IK1":-5914.4609,"data_generator_T":95.0},{"data_generator_IK1":-5914.4609,"data_generator_T":95.5},{"data_generator_IK1":-5914.4614,"data_generator_T":96.0},{"data_generator_IK1":-5914.4614,"data_generator_T":96.5},{"data_generator_IK1":-5914.4619,"data_generator_T":97.0},{"data_generator_IK1":-5914.4619,"data_generator_T":97.5},{"data_generator_IK1":-5914.4619,"data_generator_T":98.0},{"data_generator_IK1":-5914.4619,"data_generator_T":98.5},{"data_generator_IK1":-5914.4624,"data_generator_T":99.0},{"data_generator_IK1":-5914.4624,"data_generator_T":99.5},{"data_generator_IK1":-5914.4624,"data_generator_T":100.0},{"data_generator_IK1":-5914.4624,"data_generator_T":100.5},{"data_generator_IK1":-5914.4624,"data_generator_T":101.0},{"data_generator_IK1":-5914.4624,"data_generator_T":101.5},{"data_generator_IK1":-5914.4624,"data_generator_T":102.0},{"data_generator_IK1":-5914.4629,"data_generator_T":102.5},{"data_generator_IK1":-5914.4629,"data_generator_T":103.0},{"data_generator_IK1":-5914.4629,"data_generator_T":103.5},{"data_generator_IK1":-5914.4629,"data_generator_T":104.0},{"data_generator_IK1":-5914.4629,"data_generator_T":104.5},{"data_generator_IK1":-5914.4629,"data_generator_T":105.0},{"data_generator_IK1":-5914.4629,"data_generator_T":105.5},{"data_generator_IK1":-5914.4629,"data_generator_T":106.0},{"data_generator_IK1":-5914.4629,"data_generator_T":106.5},{"data_generator_IK1":-5914.4629,"data_generator_T":107.0},{"data_generator_IK1":-5914.4629,"data_generator_T":107.5},{"data_generator_IK1":-5914.4629,"data_generator_T":108.0},{"data_generator_IK1":-5914.4629,"data_generator_T":108.5},{"data_generator_IK1":-5914.4629,"data_generator_T":109.0},{"data_generator_IK1":-5914.4629,"data_generator_T":109.5},{"data_generator_IK1":-5914.4629,"data_generator_T":110.0},{"data_generator_IK1":-5914.4629,"data_generator_T":110.5},{"data_generator_IK1":-5914.4629,"data_generator_T":111.0},{"data_generator_IK1":-5914.4629,"data_generator_T":111.5},{"data_generator_IK1":-5914.4629,"data_generator_T":112.0},{"data_generator_IK1":-5914.4629,"data_generator_T":112.5},{"data_generator_IK1":-5914.4629,"data_generator_T":113.0},{"data_generator_IK1":-5914.4629,"data_generator_T":113.5},{"data_generator_IK1":-5914.4629,"data_generator_T":114.0},{"data_generator_IK1":-5914.4629,"data_generator_T":114.5},{"data_generator_IK1":-5914.4629,"data_generator_T":115.0},{"data_generator_IK1":-5914.4629,"data_generator_T":115.5},{"data_generator_IK1":-5914.4629,"data_generator_T":116.0},{"data_generator_IK1":-5914.4629,"data_generator_T":116.5},{"data_generator_IK1":-5914.4629,"data_generator_T":117.0},{"data_generator_IK1":-5914.4629,"data_generator_T":117.5},{"data_generator_IK1":-5914.4629,"data_generator_T":118.0},{"data_generator_IK1":-5914.4629,"data_generator_T":118.5},{"data_generator_IK1":-5914.4629,"data_generator_T":119.0},{"data_generator_IK1":-5914.4629,"data_generator_T":119.5},{"data_generator_IK1":-5914.4629,"data_generator_T":120.0},{"data_generator_IK1":-5914.4629,"data_generator_T":120.5},{"data_generator_IK1":-5914.4629,"data_generator_T":121.0},{"data_generator_IK1":-5914.4629,"data_generator_T":121.5},{"data_generator_IK1":-5914.4629,"data_generator_T":122.0},{"data_generator_IK1":-5914.4629,"data_generator_T":122.5},{"data_generator_IK1":-5914.4629,"data_generator_T":123.0},{"data_generator_IK1":-5914.4629,"data_generator_T":123.5},{"data_generator_IK1":-5914.4629,"data_generator_T":124.0},{"data_generator_IK1":-5914.4629,"data_generator_T":124.5},{"data_generator_IK1":-5914.4629,"data_generator_T":125.0},{"data_generator_IK1":-5914.4629,"data_generator_T":125.5},{"data_generator_IK1":-5914.4629,"data_generator_T":126.0},{"data_generator_IK1":-5914.4629,"data_generator_T":126.5},{"data_generator_IK1":-5914.4629,"data_generator_T":127.0},{"data_generator_IK1":-5914.4629,"data_generator_T":127.5},{"data_generator_IK1":-5914.4629,"data_generator_T":128.0},{"data_generator_IK1":-5914.4629,"data_generator_T":128.5},{"data_generator_IK1":-5914.4629,"data_generator_T":129.0},{"data_generator_IK1":-5914.4629,"data_generator_T":129.5},{"data_generator_IK1":-5914.4629,"data_generator_T":130.0},{"data_generator_IK1":-5914.4629,"data_generator_T":130.5},{"data_generator_IK1":-5914.4629,"data_generator_T":131.0},{"data_generator_IK1":-5914.4629,"data_generator_T":131.5},{"data_generator_IK1":-5914.4629,"data_generator_T":132.0},{"data_generator_IK1":-5914.4629,"data_generator_T":132.5},{"data_generator_IK1":-5914.4629,"data_generator_T":133.0},{"data_generator_IK1":-5914.4629,"data_generator_T":133.5},{"data_generator_IK1":-5914.4629,"data_generator_T":134.0},{"data_generator_IK1":-5914.4629,"data_generator_T":134.5},{"data_generator_IK1":-5914.4629,"data_generator_T":135.0},{"data_generator_IK1":-5914.4629,"data_generator_T":135.5},{"data_generator_IK1":-5914.4629,"data_generator_T":136.0},{"data_generator_IK1":-5914.4629,"data_generator_T":136.5},{"data_generator_IK1":-5914.4629,"data_generator_T":137.0},{"data_generator_IK1":-5914.4629,"data_generator_T":137.5},{"data_generator_IK1":-5914.4629,"data_generator_T":138.0},{"data_generator_IK1":-5914.4629,"data_generator_T":138.5},{"data_generator_IK1":-5914.4629,"data_generator_T":139.0},{"data_generator_IK1":-5914.4629,"data_generator_T":139.5},{"data_generator_IK1":-5914.4629,"data_generator_T":140.0},{"data_generator_IK1":-5914.4629,"data_generator_T":140.5},{"data_generator_IK1":-5914.4629,"data_generator_T":141.0},{"data_generator_IK1":-5914.4629,"data_generator_T":141.5},{"data_generator_IK1":-5914.4629,"data_generator_T":142.0},{"data_generator_IK1":-5914.4629,"data_generator_T":142.5},{"data_generator_IK1":-5914.4629,"data_generator_T":143.0},{"data_generator_IK1":-5914.4629,"data_generator_T":143.5},{"data_generator_IK1":-5914.4629,"data_generator_T":144.0},{"data_generator_IK1":-5914.4629,"data_generator_T":144.5},{"data_generator_IK1":-5914.4629,"data_generator_T":145.0},{"data_generator_IK1":-5914.4629,"data_generator_T":145.5},{"data_generator_IK1":-5914.4629,"data_generator_T":146.0},{"data_generator_IK1":-5914.4629,"data_generator_T":146.5},{"data_generator_IK1":-5914.4629,"data_generator_T":147.0},{"data_generator_IK1":-5914.4629,"data_generator_T":147.5},{"data_generator_IK1":-5914.4629,"data_generator_T":148.0},{"data_generator_IK1":-5914.4629,"data_generator_T":148.5},{"data_generator_IK1":-5914.4629,"data_generator_T":149.0},{"data_generator_IK1":-5914.4629,"data_generator_T":149.5},{"data_generator_IK1":-5914.4629,"data_generator_T":150.0},{"data_generator_IK1":-5914.4629,"data_generator_T":150.5},{"data_generator_IK1":-5914.4629,"data_generator_T":151.0},{"data_generator_IK1":-5914.4629,"data_generator_T":151.5},{"data_generator_IK1":-5914.4629,"data_generator_T":152.0},{"data_generator_IK1":-5914.4629,"data_generator_T":152.5},{"data_generator_IK1":-5914.4629,"data_generator_T":153.0},{"data_generator_IK1":-5914.4629,"data_generator_T":153.5},{"data_generator_IK1":-5914.4629,"data_generator_T":154.0},{"data_generator_IK1":-5914.4629,"data_generator_T":154.5},{"data_generator_IK1":-5914.4629,"data_generator_T":155.0},{"data_generator_IK1":-5914.4629,"data_generator_T":155.5},{"data_generator_IK1":-5914.4629,"data_generator_T":156.0},{"data_generator_IK1":-5914.4629,"data_generator_T":156.5},{"data_generator_IK1":-5914.4629,"data_generator_T":157.0},{"data_generator_IK1":-5914.4629,"data_generator_T":157.5},{"data_generator_IK1":-5914.4629,"data_generator_T":158.0},{"data_generator_IK1":-5914.4629,"data_generator_T":158.5},{"data_generator_IK1":-5914.4629,"data_generator_T":159.0},{"data_generator_IK1":-5914.4629,"data_generator_T":159.5},{"data_generator_IK1":-5914.4629,"data_generator_T":160.0},{"data_generator_IK1":-5914.4629,"data_generator_T":160.5},{"data_generator_IK1":-5914.4629,"data_generator_T":161.0},{"data_generator_IK1":-5914.4629,"data_generator_T":161.5},{"data_generator_IK1":-5914.4629,"data_generator_T":162.0},{"data_generator_IK1":-5914.4629,"data_generator_T":162.5},{"data_generator_IK1":-5914.4629,"data_generator_T":163.0},{"data_generator_IK1":-5914.4629,"data_generator_T":163.5},{"data_generator_IK1":-5914.4629,"data_generator_T":164.0},{"data_generator_IK1":-5914.4629,"data_generator_T":164.5},{"data_generator_IK1":-5914.4629,"data_generator_T":165.0},{"data_generator_IK1":-5914.4629,"data_generator_T":165.5},{"data_generator_IK1":-5914.4629,"data_generator_T":166.0},{"data_generator_IK1":-5914.4629,"data_generator_T":166.5},{"data_generator_IK1":-5914.4629,"data_generator_T":167.0},{"data_generator_IK1":-5914.4629,"data_generator_T":167.5},{"data_generator_IK1":-5914.4629,"data_generator_T":168.0},{"data_generator_IK1":-5914.4629,"data_generator_T":168.5},{"data_generator_IK1":-5914.4629,"data_generator_T":169.0},{"data_generator_IK1":-5914.4629,"data_generator_T":169.5},{"data_generator_IK1":-5914.4629,"data_generator_T":170.0},{"data_generator_IK1":-5914.4629,"data_generator_T":170.5},{"data_generator_IK1":-5914.4629,"data_generator_T":171.0},{"data_generator_IK1":-5914.4629,"data_generator_T":171.5},{"data_generator_IK1":-5914.4629,"data_generator_T":172.0},{"data_generator_IK1":-5914.4629,"data_generator_T":172.5},{"data_generator_IK1":-5914.4629,"data_generator_T":173.0},{"data_generator_IK1":-5914.4629,"data_generator_T":173.5},{"data_generator_IK1":-5914.4629,"data_generator_T":174.0},{"data_generator_IK1":-5914.4629,"data_generator_T":174.5},{"data_generator_IK1":-5914.4629,"data_generator_T":175.0},{"data_generator_IK1":-5914.4629,"data_generator_T":175.5},{"data_generator_IK1":-5914.4629,"data_generator_T":176.0},{"data_generator_IK1":-5914.4629,"data_generator_T":176.5},{"data_generator_IK1":-5914.4629,"data_generator_T":177.0},{"data_generator_IK1":-5914.4629,"data_generator_T":177.5},{"data_generator_IK1":-5914.4629,"data_generator_T":178.0},{"data_generator_IK1":-5914.4629,"data_generator_T":178.5},{"data_generator_IK1":-5914.4629,"data_generator_T":179.0},{"data_generator_IK1":-5914.4629,"data_generator_T":179.5},{"data_generator_IK1":-5914.4629,"data_generator_T":180.0},{"data_generator_IK1":-5914.4629,"data_generator_T":180.5},{"data_generator_IK1":-5914.4629,"data_generator_T":181.0},{"data_generator_IK1":-5914.4629,"data_generator_T":181.5},{"data_generator_IK1":-5914.4629,"data_generator_T":182.0},{"data_generator_IK1":-5914.4629,"data_generator_T":182.5},{"data_generator_IK1":-5914.4629,"data_generator_T":183.0},{"data_generator_IK1":-5914.4629,"data_generator_T":183.5},{"data_generator_IK1":-5914.4629,"data_generator_T":184.0},{"data_generator_IK1":-5914.4629,"data_generator_T":184.5},{"data_generator_IK1":-5914.4629,"data_generator_T":185.0},{"data_generator_IK1":-5914.4629,"data_generator_T":185.5},{"data_generator_IK1":-5914.4629,"data_generator_T":186.0},{"data_generator_IK1":-5914.4629,"data_generator_T":186.5},{"data_generator_IK1":-5914.4629,"data_generator_T":187.0},{"data_generator_IK1":-5914.4629,"data_generator_T":187.5},{"data_generator_IK1":-5914.4629,"data_generator_T":188.0},{"data_generator_IK1":-5914.4629,"data_generator_T":188.5},{"data_generator_IK1":-5914.4629,"data_generator_T":189.0},{"data_generator_IK1":-5914.4629,"data_generator_T":189.5},{"data_generator_IK1":-5914.4629,"data_generator_T":190.0},{"data_generator_IK1":-5914.4629,"data_generator_T":190.5},{"data_generator_IK1":-5914.4629,"data_generator_T":191.0},{"data_generator_IK1":-5914.4629,"data_generator_T":191.5},{"data_generator_IK1":-5914.4629,"data_generator_T":192.0},{"data_generator_IK1":-5914.4629,"data_generator_T":192.5},{"data_generator_IK1":-5914.4629,"data_generator_T":193.0},{"data_generator_IK1":-5914.4629,"data_generator_T":193.5},{"data_generator_IK1":-5914.4629,"data_generator_T":194.0},{"data_generator_IK1":-5914.4629,"data_generator_T":194.5},{"data_generator_IK1":-5914.4629,"data_generator_T":195.0},{"data_generator_IK1":-5914.4629,"data_generator_T":195.5},{"data_generator_IK1":-5914.4629,"data_generator_T":196.0},{"data_generator_IK1":-5914.4629,"data_generator_T":196.5},{"data_generator_IK1":-5914.4629,"data_generator_T":197.0},{"data_generator_IK1":-5914.4629,"data_generator_T":197.5},{"data_generator_IK1":-5914.4629,"data_generator_T":198.0},{"data_generator_IK1":-5914.4629,"data_generator_T":198.5},{"data_generator_IK1":-5914.4629,"data_generator_T":199.0},{"data_generator_IK1":-5914.4629,"data_generator_T":199.5},{"data_generator_IK1":-5914.4629,"data_generator_T":200.0},{"data_generator_IK1":-5914.4629,"data_generator_T":200.5},{"data_generator_IK1":-5914.4629,"data_generator_T":201.0},{"data_generator_IK1":-5914.4629,"data_generator_T":201.5},{"data_generator_IK1":-5914.4629,"data_generator_T":202.0},{"data_generator_IK1":-5914.4629,"data_generator_T":202.5},{"data_generator_IK1":-5914.4629,"data_generator_T":203.0},{"data_generator_IK1":-5914.4629,"data_generator_T":203.5},{"data_generator_IK1":-5914.4629,"data_generator_T":204.0},{"data_generator_IK1":-5914.4629,"data_generator_T":204.5},{"data_generator_IK1":-5914.4629,"data_generator_T":205.0},{"data_generator_IK1":-5914.4629,"data_generator_T":205.5},{"data_generator_IK1":-5914.4629,"data_generator_T":206.0},{"data_generator_IK1":-5914.4629,"data_generator_T":206.5},{"data_generator_IK1":-5914.4629,"data_generator_T":207.0},{"data_generator_IK1":-5914.4629,"data_generator_T":207.5},{"data_generator_IK1":-5914.4629,"data_generator_T":208.0},{"data_generator_IK1":-5914.4629,"data_generator_T":208.5},{"data_generator_IK1":-5914.4629,"data_generator_T":209.0},{"data_generator_IK1":-5914.4629,"data_generator_T":209.5},{"data_generator_IK1":-5914.4629,"data_generator_T":210.0},{"data_generator_IK1":-5914.4629,"data_generator_T":210.5},{"data_generator_IK1":-5914.4629,"data_generator_T":211.0},{"data_generator_IK1":-5914.4629,"data_generator_T":211.5},{"data_generator_IK1":-5914.4629,"data_generator_T":212.0},{"data_generator_IK1":-5914.4629,"data_generator_T":212.5},{"data_generator_IK1":-5914.4629,"data_generator_T":213.0},{"data_generator_IK1":-5914.4629,"data_generator_T":213.5},{"data_generator_IK1":-5914.4629,"data_generator_T":214.0},{"data_generator_IK1":-5914.4629,"data_generator_T":214.5},{"data_generator_IK1":-5914.4629,"data_generator_T":215.0},{"data_generator_IK1":-5914.4629,"data_generator_T":215.5},{"data_generator_IK1":-5914.4629,"data_generator_T":216.0},{"data_generator_IK1":-5914.4629,"data_generator_T":216.5},{"data_generator_IK1":-5914.4629,"data_generator_T":217.0},{"data_generator_IK1":-5914.4629,"data_generator_T":217.5},{"data_generator_IK1":-5914.4629,"data_generator_T":218.0},{"data_generator_IK1":-5914.4629,"data_generator_T":218.5},{"data_generator_IK1":-5914.4629,"data_generator_T":219.0},{"data_generator_IK1":-5914.4629,"data_generator_T":219.5},{"data_generator_IK1":-5914.4629,"data_generator_T":220.0},{"data_generator_IK1":-5914.4629,"data_generator_T":220.5},{"data_generator_IK1":-5914.4629,"data_generator_T":221.0},{"data_generator_IK1":-5914.4629,"data_generator_T":221.5},{"data_generator_IK1":-5914.4629,"data_generator_T":222.0},{"data_generator_IK1":-5914.4629,"data_generator_T":222.5},{"data_generator_IK1":-5914.4629,"data_generator_T":223.0},{"data_generator_IK1":-5914.4629,"data_generator_T":223.5},{"data_generator_IK1":-5914.4629,"data_generator_T":224.0},{"data_generator_IK1":-5914.4629,"data_generator_T":224.5},{"data_generator_IK1":-5914.4629,"data_generator_T":225.0},{"data_generator_IK1":-5914.4629,"data_generator_T":225.5},{"data_generator_IK1":-5914.4629,"data_generator_T":226.0},{"data_generator_IK1":-5914.4629,"data_generator_T":226.5},{"data_generator_IK1":-5914.4629,"data_generator_T":227.0},{"data_generator_IK1":-5914.4629,"data_generator_T":227.5},{"data_generator_IK1":-5914.4629,"data_generator_T":228.0},{"data_generator_IK1":-5914.4629,"data_generator_T":228.5},{"data_generator_IK1":-5914.4629,"data_generator_T":229.0},{"data_generator_IK1":-5914.4629,"data_generator_T":229.5},{"data_generator_IK1":-5914.4629,"data_generator_T":230.0},{"data_generator_IK1":-5914.4629,"data_generator_T":230.5},{"data_generator_IK1":-5914.4629,"data_generator_T":231.0},{"data_generator_IK1":-5914.4629,"data_generator_T":231.5},{"data_generator_IK1":-5914.4629,"data_generator_T":232.0},{"data_generator_IK1":-5914.4629,"data_generator_T":232.5},{"data_generator_IK1":-5914.4629,"data_generator_T":233.0},{"data_generator_IK1":-5914.4629,"data_generator_T":233.5},{"data_generator_IK1":-5914.4629,"data_generator_T":234.0},{"data_generator_IK1":-5914.4629,"data_generator_T":234.5},{"data_generator_IK1":-5914.4629,"data_generator_T":235.0},{"data_generator_IK1":-5914.4629,"data_generator_T":235.5},{"data_generator_IK1":-5914.4629,"data_generator_T":236.0},{"data_generator_IK1":-5914.4629,"data_generator_T":236.5},{"data_generator_IK1":-5914.4629,"data_generator_T":237.0},{"data_generator_IK1":-5914.4629,"data_generator_T":237.5},{"data_generator_IK1":-5914.4629,"data_generator_T":238.0},{"data_generator_IK1":-5914.4629,"data_generator_T":238.5},{"data_generator_IK1":-5914.4629,"data_generator_T":239.0},{"data_generator_IK1":-5914.4629,"data_generator_T":239.5},{"data_generator_IK1":-5914.4629,"data_generator_T":240.0},{"data_generator_IK1":-5914.4629,"data_generator_T":240.5},{"data_generator_IK1":-5914.4629,"data_generator_T":241.0},{"data_generator_IK1":-5914.4629,"data_generator_T":241.5},{"data_generator_IK1":-5914.4629,"data_generator_T":242.0},{"data_generator_IK1":-5914.4629,"data_generator_T":242.5},{"data_generator_IK1":-5914.4629,"data_generator_T":243.0},{"data_generator_IK1":-5914.4629,"data_generator_T":243.5},{"data_generator_IK1":-5914.4629,"data_generator_T":244.0},{"data_generator_IK1":-5914.4629,"data_generator_T":244.5},{"data_generator_IK1":-5914.4629,"data_generator_T":245.0},{"data_generator_IK1":-5914.4629,"data_generator_T":245.5},{"data_generator_IK1":-5914.4629,"data_generator_T":246.0},{"data_generator_IK1":-5914.4629,"data_generator_T":246.5},{"data_generator_IK1":-5914.4629,"data_generator_T":247.0},{"data_generator_IK1":-5914.4629,"data_generator_T":247.5},{"data_generator_IK1":-5914.4629,"data_generator_T":248.0},{"data_generator_IK1":-5914.4629,"data_generator_T":248.5},{"data_generator_IK1":-5914.4629,"data_generator_T":249.0},{"data_generator_IK1":-5914.4629,"data_generator_T":249.5},{"data_generator_IK1":-5914.4629,"data_generator_T":250.0},{"data_generator_IK1":-5914.4629,"data_generator_T":250.5},{"data_generator_IK1":-5914.4629,"data_generator_T":251.0},{"data_generator_IK1":-5914.4629,"data_generator_T":251.5},{"data_generator_IK1":-5914.4629,"data_generator_T":252.0},{"data_generator_IK1":-5914.4629,"data_generator_T":252.5},{"data_generator_IK1":-5914.4629,"data_generator_T":253.0},{"data_generator_IK1":-5914.4629,"data_generator_T":253.5},{"data_generator_IK1":-5914.4629,"data_generator_T":254.0},{"data_generator_IK1":-5914.4629,"data_generator_T":254.5},{"data_generator_IK1":-5914.4629,"data_generator_T":255.0},{"data_generator_IK1":-5914.4629,"data_generator_T":255.5},{"data_generator_IK1":-5914.4629,"data_generator_T":256.0},{"data_generator_IK1":-5914.4629,"data_generator_T":256.5},{"data_generator_IK1":-5914.4629,"data_generator_T":257.0},{"data_generator_IK1":-5914.4629,"data_generator_T":257.5},{"data_generator_IK1":-5914.4629,"data_generator_T":258.0},{"data_generator_IK1":-5914.4629,"data_generator_T":258.5},{"data_generator_IK1":-5914.4629,"data_generator_T":259.0},{"data_generator_IK1":-5914.4629,"data_generator_T":259.5},{"data_generator_IK1":-5914.4629,"data_generator_T":260.0},{"data_generator_IK1":-5914.4629,"data_generator_T":260.5},{"data_generator_IK1":-5914.4629,"data_generator_T":261.0},{"data_generator_IK1":-5914.4629,"data_generator_T":261.5},{"data_generator_IK1":-5914.4629,"data_generator_T":262.0},{"data_generator_IK1":-5914.4629,"data_generator_T":262.5},{"data_generator_IK1":-5914.4629,"data_generator_T":263.0},{"data_generator_IK1":-5914.4629,"data_generator_T":263.5},{"data_generator_IK1":-5914.4629,"data_generator_T":264.0},{"data_generator_IK1":-5914.4629,"data_generator_T":264.5},{"data_generator_IK1":-5914.4629,"data_generator_T":265.0},{"data_generator_IK1":-5914.4629,"data_generator_T":265.5},{"data_generator_IK1":-5914.4629,"data_generator_T":266.0},{"data_generator_IK1":-5914.4629,"data_generator_T":266.5},{"data_generator_IK1":-5914.4629,"data_generator_T":267.0},{"data_generator_IK1":-5914.4629,"data_generator_T":267.5},{"data_generator_IK1":-5914.4629,"data_generator_T":268.0},{"data_generator_IK1":-5914.4629,"data_generator_T":268.5},{"data_generator_IK1":-5914.4629,"data_generator_T":269.0},{"data_generator_IK1":-5914.4629,"data_generator_T":269.5},{"data_generator_IK1":-5914.4629,"data_generator_T":270.0},{"data_generator_IK1":-5914.4629,"data_generator_T":270.5},{"data_generator_IK1":-5914.4629,"data_generator_T":271.0},{"data_generator_IK1":-5914.4629,"data_generator_T":271.5},{"data_generator_IK1":-5914.4629,"data_generator_T":272.0},{"data_generator_IK1":-5914.4629,"data_generator_T":272.5},{"data_generator_IK1":-5914.4629,"data_generator_T":273.0},{"data_generator_IK1":-5914.4629,"data_generator_T":273.5},{"data_generator_IK1":-5914.4629,"data_generator_T":274.0},{"data_generator_IK1":-5914.4629,"data_generator_T":274.5},{"data_generator_IK1":-5914.4629,"data_generator_T":275.0},{"data_generator_IK1":-5914.4629,"data_generator_T":275.5},{"data_generator_IK1":-5914.4629,"data_generator_T":276.0},{"data_generator_IK1":-5914.4629,"data_generator_T":276.5},{"data_generator_IK1":-5914.4629,"data_generator_T":277.0},{"data_generator_IK1":-5914.4629,"data_generator_T":277.5},{"data_generator_IK1":-5914.4629,"data_generator_T":278.0},{"data_generator_IK1":-5914.4629,"data_generator_T":278.5},{"data_generator_IK1":-5914.4629,"data_generator_T":279.0},{"data_generator_IK1":-5914.4629,"data_generator_T":279.5},{"data_generator_IK1":-5914.4629,"data_generator_T":280.0},{"data_generator_IK1":-5914.4629,"data_generator_T":280.5},{"data_generator_IK1":-5914.4629,"data_generator_T":281.0},{"data_generator_IK1":-5914.4629,"data_generator_T":281.5},{"data_generator_IK1":-5914.4629,"data_generator_T":282.0},{"data_generator_IK1":-5914.4629,"data_generator_T":282.5},{"data_generator_IK1":-5914.4629,"data_generator_T":283.0},{"data_generator_IK1":-5914.4629,"data_generator_T":283.5},{"data_generator_IK1":-5914.4629,"data_generator_T":284.0},{"data_generator_IK1":-5914.4629,"data_generator_T":284.5},{"data_generator_IK1":-5914.4629,"data_generator_T":285.0},{"data_generator_IK1":-5914.4629,"data_generator_T":285.5},{"data_generator_IK1":-5914.4629,"data_generator_T":286.0},{"data_generator_IK1":-5914.4629,"data_generator_T":286.5},{"data_generator_IK1":-5914.4629,"data_generator_T":287.0},{"data_generator_IK1":-5914.4629,"data_generator_T":287.5},{"data_generator_IK1":-5914.4629,"data_generator_T":288.0},{"data_generator_IK1":-5914.4629,"data_generator_T":288.5},{"data_generator_IK1":-5914.4629,"data_generator_T":289.0},{"data_generator_IK1":-5914.4629,"data_generator_T":289.5},{"data_generator_IK1":-5914.4629,"data_generator_T":290.0},{"data_generator_IK1":-5914.4629,"data_generator_T":290.5},{"data_generator_IK1":-5914.4629,"data_generator_T":291.0},{"data_generator_IK1":-5914.4629,"data_generator_T":291.5},{"data_generator_IK1":-5914.4629,"data_generator_T":292.0},{"data_generator_IK1":-5914.4629,"data_generator_T":292.5},{"data_generator_IK1":-5914.4629,"data_generator_T":293.0},{"data_generator_IK1":-5914.4629,"data_generator_T":293.5},{"data_generator_IK1":-5914.4629,"data_generator_T":294.0},{"data_generator_IK1":-5914.4629,"data_generator_T":294.5},{"data_generator_IK1":-5914.4629,"data_generator_T":295.0},{"data_generator_IK1":-5914.4629,"data_generator_T":295.5},{"data_generator_IK1":-5914.4629,"data_generator_T":296.0},{"data_generator_IK1":-5914.4629,"data_generator_T":296.5},{"data_generator_IK1":-5914.4629,"data_generator_T":297.0},{"data_generator_IK1":-5914.4629,"data_generator_T":297.5},{"data_generator_IK1":-5914.4629,"data_generator_T":298.0},{"data_generator_IK1":-5914.4629,"data_generator_T":298.5},{"data_generator_IK1":-5914.4629,"data_generator_T":299.0},{"data_generator_IK1":-5914.4629,"data_generator_T":299.5},{"data_generator_IK1":-5914.4629,"data_generator_T":300.0},{"data_generator_IK1":-5914.4629,"data_generator_T":300.5},{"data_generator_IK1":-5914.4629,"data_generator_T":301.0},{"data_generator_IK1":-5914.4629,"data_generator_T":301.5},{"data_generator_IK1":-5914.4629,"data_generator_T":302.0},{"data_generator_IK1":-5914.4629,"data_generator_T":302.5},{"data_generator_IK1":-5914.4629,"data_generator_T":303.0},{"data_generator_IK1":-5914.4629,"data_generator_T":303.5},{"data_generator_IK1":-5914.4629,"data_generator_T":304.0},{"data_generator_IK1":-5914.4629,"data_generator_T":304.5},{"data_generator_IK1":-5914.4629,"data_generator_T":305.0},{"data_generator_IK1":-5914.4629,"data_generator_T":305.5},{"data_generator_IK1":-5914.4629,"data_generator_T":306.0},{"data_generator_IK1":-5914.4629,"data_generator_T":306.5},{"data_generator_IK1":-5914.4629,"data_generator_T":307.0},{"data_generator_IK1":-5914.4629,"data_generator_T":307.5},{"data_generator_IK1":-5914.4629,"data_generator_T":308.0},{"data_generator_IK1":-5914.4629,"data_generator_T":308.5},{"data_generator_IK1":-5914.4629,"data_generator_T":309.0},{"data_generator_IK1":-5914.4629,"data_generator_T":309.5},{"data_generator_IK1":-5914.4629,"data_generator_T":310.0},{"data_generator_IK1":-5914.4629,"data_generator_T":310.5},{"data_generator_IK1":-5914.4629,"data_generator_T":311.0},{"data_generator_IK1":-5914.4629,"data_generator_T":311.5},{"data_generator_IK1":-5914.4629,"data_generator_T":312.0},{"data_generator_IK1":-5914.4629,"data_generator_T":312.5},{"data_generator_IK1":-5914.4629,"data_generator_T":313.0},{"data_generator_IK1":-5914.4629,"data_generator_T":313.5},{"data_generator_IK1":-5914.4629,"data_generator_T":314.0},{"data_generator_IK1":-5914.4629,"data_generator_T":314.5},{"data_generator_IK1":-5914.4629,"data_generator_T":315.0},{"data_generator_IK1":-5914.4629,"data_generator_T":315.5},{"data_generator_IK1":-5914.4629,"data_generator_T":316.0},{"data_generator_IK1":-5914.4629,"data_generator_T":316.5},{"data_generator_IK1":-5914.4629,"data_generator_T":317.0},{"data_generator_IK1":-5914.4629,"data_generator_T":317.5},{"data_generator_IK1":-5914.4629,"data_generator_T":318.0},{"data_generator_IK1":-5914.4629,"data_generator_T":318.5},{"data_generator_IK1":-5914.4629,"data_generator_T":319.0},{"data_generator_IK1":-5914.4629,"data_generator_T":319.5},{"data_generator_IK1":-5914.4629,"data_generator_T":320.0},{"data_generator_IK1":-5914.4629,"data_generator_T":320.5},{"data_generator_IK1":-5914.4629,"data_generator_T":321.0},{"data_generator_IK1":-5914.4629,"data_generator_T":321.5},{"data_generator_IK1":-5914.4629,"data_generator_T":322.0},{"data_generator_IK1":-5914.4629,"data_generator_T":322.5},{"data_generator_IK1":-5914.4629,"data_generator_T":323.0},{"data_generator_IK1":-5914.4629,"data_generator_T":323.5},{"data_generator_IK1":-5914.4629,"data_generator_T":324.0},{"data_generator_IK1":-5914.4629,"data_generator_T":324.5},{"data_generator_IK1":-5914.4629,"data_generator_T":325.0},{"data_generator_IK1":-5914.4629,"data_generator_T":325.5},{"data_generator_IK1":-5914.4629,"data_generator_T":326.0},{"data_generator_IK1":-5914.4629,"data_generator_T":326.5},{"data_generator_IK1":-5914.4629,"data_generator_T":327.0},{"data_generator_IK1":-5914.4629,"data_generator_T":327.5},{"data_generator_IK1":-5914.4629,"data_generator_T":328.0},{"data_generator_IK1":-5914.4629,"data_generator_T":328.5},{"data_generator_IK1":-5914.4629,"data_generator_T":329.0},{"data_generator_IK1":-5914.4629,"data_generator_T":329.5},{"data_generator_IK1":-5914.4629,"data_generator_T":330.0},{"data_generator_IK1":-5914.4629,"data_generator_T":330.5},{"data_generator_IK1":-5914.4629,"data_generator_T":331.0},{"data_generator_IK1":-5914.4629,"data_generator_T":331.5},{"data_generator_IK1":-5914.4629,"data_generator_T":332.0},{"data_generator_IK1":-5914.4629,"data_generator_T":332.5},{"data_generator_IK1":-5914.4629,"data_generator_T":333.0},{"data_generator_IK1":-5914.4629,"data_generator_T":333.5},{"data_generator_IK1":-5914.4629,"data_generator_T":334.0},{"data_generator_IK1":-5914.4629,"data_generator_T":334.5},{"data_generator_IK1":-5914.4629,"data_generator_T":335.0},{"data_generator_IK1":-5914.4629,"data_generator_T":335.5},{"data_generator_IK1":-5914.4629,"data_generator_T":336.0},{"data_generator_IK1":-5914.4629,"data_generator_T":336.5},{"data_generator_IK1":-5914.4629,"data_generator_T":337.0},{"data_generator_IK1":-5914.4629,"data_generator_T":337.5},{"data_generator_IK1":-5914.4629,"data_generator_T":338.0},{"data_generator_IK1":-5914.4629,"data_generator_T":338.5},{"data_generator_IK1":-5914.4629,"data_generator_T":339.0},{"data_generator_IK1":-5914.4629,"data_generator_T":339.5},{"data_generator_IK1":-5914.4629,"data_generator_T":340.0},{"data_generator_IK1":-5914.4629,"data_generator_T":340.5},{"data_generator_IK1":-5914.4629,"data_generator_T":341.0},{"data_generator_IK1":-5914.4629,"data_generator_T":341.5},{"data_generator_IK1":-5914.4629,"data_generator_T":342.0},{"data_generator_IK1":-5914.4629,"data_generator_T":342.5},{"data_generator_IK1":-5914.4629,"data_generator_T":343.0},{"data_generator_IK1":-5914.4629,"data_generator_T":343.5},{"data_generator_IK1":-5914.4629,"data_generator_T":344.0},{"data_generator_IK1":-5914.4629,"data_generator_T":344.5},{"data_generator_IK1":-5914.4629,"data_generator_T":345.0},{"data_generator_IK1":-5914.4629,"data_generator_T":345.5},{"data_generator_IK1":-5914.4629,"data_generator_T":346.0},{"data_generator_IK1":-5914.4629,"data_generator_T":346.5},{"data_generator_IK1":-5914.4629,"data_generator_T":347.0},{"data_generator_IK1":-5914.4629,"data_generator_T":347.5},{"data_generator_IK1":-5914.4629,"data_generator_T":348.0},{"data_generator_IK1":-5914.4629,"data_generator_T":348.5},{"data_generator_IK1":-5914.4629,"data_generator_T":349.0},{"data_generator_IK1":-5914.4629,"data_generator_T":349.5},{"data_generator_IK1":-5914.4629,"data_generator_T":350.0},{"data_generator_IK1":-5914.4629,"data_generator_T":350.5},{"data_generator_IK1":-5914.4629,"data_generator_T":351.0},{"data_generator_IK1":-5914.4629,"data_generator_T":351.5},{"data_generator_IK1":-5914.4629,"data_generator_T":352.0},{"data_generator_IK1":-5914.4629,"data_generator_T":352.5},{"data_generator_IK1":-5914.4629,"data_generator_T":353.0},{"data_generator_IK1":-5914.4629,"data_generator_T":353.5},{"data_generator_IK1":-5914.4629,"data_generator_T":354.0},{"data_generator_IK1":-5914.4629,"data_generator_T":354.5},{"data_generator_IK1":-5914.4629,"data_generator_T":355.0},{"data_generator_IK1":-5914.4629,"data_generator_T":355.5},{"data_generator_IK1":-5914.4629,"data_generator_T":356.0},{"data_generator_IK1":-5914.4629,"data_generator_T":356.5},{"data_generator_IK1":-5914.4629,"data_generator_T":357.0},{"data_generator_IK1":-5914.4629,"data_generator_T":357.5},{"data_generator_IK1":-5914.4629,"data_generator_T":358.0},{"data_generator_IK1":-5914.4629,"data_generator_T":358.5},{"data_generator_IK1":-5914.4629,"data_generator_T":359.0},{"data_generator_IK1":-5914.4629,"data_generator_T":359.5},{"data_generator_IK1":-5914.4629,"data_generator_T":360.0},{"data_generator_IK1":-5914.4629,"data_generator_T":360.5},{"data_generator_IK1":-5914.4629,"data_generator_T":361.0},{"data_generator_IK1":-5914.4629,"data_generator_T":361.5},{"data_generator_IK1":-5914.4629,"data_generator_T":362.0},{"data_generator_IK1":-5914.4629,"data_generator_T":362.5},{"data_generator_IK1":-5914.4629,"data_generator_T":363.0},{"data_generator_IK1":-5914.4629,"data_generator_T":363.5},{"data_generator_IK1":-5914.4629,"data_generator_T":364.0},{"data_generator_IK1":-5914.4629,"data_generator_T":364.5},{"data_generator_IK1":-5914.4629,"data_generator_T":365.0},{"data_generator_IK1":-5914.4629,"data_generator_T":365.5},{"data_generator_IK1":-5914.4629,"data_generator_T":366.0},{"data_generator_IK1":-5914.4629,"data_generator_T":366.5},{"data_generator_IK1":-5914.4629,"data_generator_T":367.0},{"data_generator_IK1":-5914.4629,"data_generator_T":367.5},{"data_generator_IK1":-5914.4629,"data_generator_T":368.0},{"data_generator_IK1":-5914.4629,"data_generator_T":368.5},{"data_generator_IK1":-5914.4629,"data_generator_T":369.0},{"data_generator_IK1":-5914.4629,"data_generator_T":369.5},{"data_generator_IK1":-5914.4629,"data_generator_T":370.0},{"data_generator_IK1":-5914.4629,"data_generator_T":370.5},{"data_generator_IK1":-5914.4629,"data_generator_T":371.0},{"data_generator_IK1":-5914.4629,"data_generator_T":371.5},{"data_generator_IK1":-5914.4629,"data_generator_T":372.0},{"data_generator_IK1":-5914.4629,"data_generator_T":372.5},{"data_generator_IK1":-5914.4629,"data_generator_T":373.0},{"data_generator_IK1":-5914.4629,"data_generator_T":373.5},{"data_generator_IK1":-5914.4629,"data_generator_T":374.0},{"data_generator_IK1":-5914.4629,"data_generator_T":374.5},{"data_generator_IK1":-5914.4629,"data_generator_T":375.0},{"data_generator_IK1":-5914.4629,"data_generator_T":375.5},{"data_generator_IK1":-5914.4629,"data_generator_T":376.0},{"data_generator_IK1":-5914.4629,"data_generator_T":376.5},{"data_generator_IK1":-5914.4629,"data_generator_T":377.0},{"data_generator_IK1":-5914.4629,"data_generator_T":377.5},{"data_generator_IK1":-5914.4629,"data_generator_T":378.0},{"data_generator_IK1":-5914.4629,"data_generator_T":378.5},{"data_generator_IK1":-5914.4629,"data_generator_T":379.0},{"data_generator_IK1":-5914.4629,"data_generator_T":379.5},{"data_generator_IK1":-5914.4629,"data_generator_T":380.0},{"data_generator_IK1":-5914.4629,"data_generator_T":380.5},{"data_generator_IK1":-5914.4629,"data_generator_T":381.0},{"data_generator_IK1":-5914.4629,"data_generator_T":381.5},{"data_generator_IK1":-5914.4629,"data_generator_T":382.0},{"data_generator_IK1":-5914.4629,"data_generator_T":382.5},{"data_generator_IK1":-5914.4629,"data_generator_T":383.0},{"data_generator_IK1":-5914.4629,"data_generator_T":383.5},{"data_generator_IK1":-5914.4629,"data_generator_T":384.0},{"data_generator_IK1":-5914.4629,"data_generator_T":384.5},{"data_generator_IK1":-5914.4629,"data_generator_T":385.0},{"data_generator_IK1":-5914.4629,"data_generator_T":385.5},{"data_generator_IK1":-5914.4629,"data_generator_T":386.0},{"data_generator_IK1":-5914.4629,"data_generator_T":386.5},{"data_generator_IK1":-5914.4629,"data_generator_T":387.0},{"data_generator_IK1":-5914.4629,"data_generator_T":387.5},{"data_generator_IK1":-5914.4629,"data_generator_T":388.0},{"data_generator_IK1":-5914.4629,"data_generator_T":388.5},{"data_generator_IK1":-5914.4629,"data_generator_T":389.0},{"data_generator_IK1":-5914.4629,"data_generator_T":389.5},{"data_generator_IK1":-5914.4629,"data_generator_T":390.0},{"data_generator_IK1":-5914.4629,"data_generator_T":390.5},{"data_generator_IK1":-5914.4629,"data_generator_T":391.0},{"data_generator_IK1":-5914.4629,"data_generator_T":391.5},{"data_generator_IK1":-5914.4629,"data_generator_T":392.0},{"data_generator_IK1":-5914.4629,"data_generator_T":392.5},{"data_generator_IK1":-5914.4629,"data_generator_T":393.0},{"data_generator_IK1":-5914.4629,"data_generator_T":393.5},{"data_generator_IK1":-5914.4629,"data_generator_T":394.0},{"data_generator_IK1":-5914.4629,"data_generator_T":394.5},{"data_generator_IK1":-5914.4629,"data_generator_T":395.0},{"data_generator_IK1":-5914.4629,"data_generator_T":395.5},{"data_generator_IK1":-5914.4629,"data_generator_T":396.0},{"data_generator_IK1":-5914.4629,"data_generator_T":396.5},{"data_generator_IK1":-5914.4629,"data_generator_T":397.0},{"data_generator_IK1":-5914.4629,"data_generator_T":397.5},{"data_generator_IK1":-5914.4629,"data_generator_T":398.0},{"data_generator_IK1":-5914.4629,"data_generator_T":398.5},{"data_generator_IK1":-5914.4629,"data_generator_T":399.0},{"data_generator_IK1":-5914.4629,"data_generator_T":399.5},{"data_generator_IK1":-5914.4629,"data_generator_T":400.0},{"data_generator_IK1":-5914.4629,"data_generator_T":400.5},{"data_generator_IK1":-5914.4629,"data_generator_T":401.0},{"data_generator_IK1":-5914.4629,"data_generator_T":401.5},{"data_generator_IK1":-5914.4629,"data_generator_T":402.0},{"data_generator_IK1":-5914.4629,"data_generator_T":402.5},{"data_generator_IK1":-5914.4629,"data_generator_T":403.0},{"data_generator_IK1":-5914.4629,"data_generator_T":403.5},{"data_generator_IK1":-5914.4629,"data_generator_T":404.0},{"data_generator_IK1":-5914.4629,"data_generator_T":404.5},{"data_generator_IK1":-5914.4629,"data_generator_T":405.0},{"data_generator_IK1":-5914.4629,"data_generator_T":405.5},{"data_generator_IK1":-5914.4629,"data_generator_T":406.0},{"data_generator_IK1":-5914.4629,"data_generator_T":406.5},{"data_generator_IK1":-5914.4629,"data_generator_T":407.0},{"data_generator_IK1":-5914.4629,"data_generator_T":407.5},{"data_generator_IK1":-5914.4629,"data_generator_T":408.0},{"data_generator_IK1":-5914.4629,"data_generator_T":408.5},{"data_generator_IK1":-5914.4629,"data_generator_T":409.0},{"data_generator_IK1":-5914.4629,"data_generator_T":409.5},{"data_generator_IK1":-5914.4629,"data_generator_T":410.0},{"data_generator_IK1":-5914.4629,"data_generator_T":410.5},{"data_generator_IK1":-5914.4629,"data_generator_T":411.0},{"data_generator_IK1":-5914.4629,"data_generator_T":411.5},{"data_generator_IK1":-5914.4629,"data_generator_T":412.0},{"data_generator_IK1":-5914.4629,"data_generator_T":412.5},{"data_generator_IK1":-5914.4629,"data_generator_T":413.0},{"data_generator_IK1":-5914.4629,"data_generator_T":413.5},{"data_generator_IK1":-5914.4629,"data_generator_T":414.0},{"data_generator_IK1":-5914.4629,"data_generator_T":414.5},{"data_generator_IK1":-5914.4629,"data_generator_T":415.0},{"data_generator_IK1":-5914.4629,"data_generator_T":415.5},{"data_generator_IK1":-5914.4629,"data_generator_T":416.0},{"data_generator_IK1":-5914.4629,"data_generator_T":416.5},{"data_generator_IK1":-5914.4629,"data_generator_T":417.0},{"data_generator_IK1":-5914.4629,"data_generator_T":417.5},{"data_generator_IK1":-5914.4629,"data_generator_T":418.0},{"data_generator_IK1":-5914.4629,"data_generator_T":418.5},{"data_generator_IK1":-5914.4629,"data_generator_T":419.0},{"data_generator_IK1":-5914.4629,"data_generator_T":419.5},{"data_generator_IK1":-5914.4629,"data_generator_T":420.0},{"data_generator_IK1":-5914.4629,"data_generator_T":420.5},{"data_generator_IK1":-5914.4629,"data_generator_T":421.0},{"data_generator_IK1":-5914.4629,"data_generator_T":421.5},{"data_generator_IK1":-5914.4629,"data_generator_T":422.0},{"data_generator_IK1":-5914.4629,"data_generator_T":422.5},{"data_generator_IK1":-5914.4629,"data_generator_T":423.0},{"data_generator_IK1":-5914.4629,"data_generator_T":423.5},{"data_generator_IK1":-5914.4629,"data_generator_T":424.0},{"data_generator_IK1":-5914.4629,"data_generator_T":424.5},{"data_generator_IK1":-5914.4629,"data_generator_T":425.0},{"data_generator_IK1":-5914.4629,"data_generator_T":425.5},{"data_generator_IK1":-5914.4629,"data_generator_T":426.0},{"data_generator_IK1":-5914.4629,"data_generator_T":426.5},{"data_generator_IK1":-5914.4629,"data_generator_T":427.0},{"data_generator_IK1":-5914.4629,"data_generator_T":427.5},{"data_generator_IK1":-5914.4629,"data_generator_T":428.0},{"data_generator_IK1":-5914.4629,"data_generator_T":428.5},{"data_generator_IK1":-5914.4629,"data_generator_T":429.0},{"data_generator_IK1":-5914.4629,"data_generator_T":429.5},{"data_generator_IK1":-5914.4629,"data_generator_T":430.0},{"data_generator_IK1":273.24893,"data_generator_T":430.5},{"data_generator_IK1":61.319519,"data_generator_T":431.0},{"data_generator_IK1":28.707253,"data_generator_T":431.5},{"data_generator_IK1":20.655853,"data_generator_T":432.0},{"data_generator_IK1":18.356529,"data_generator_T":432.5},{"data_generator_IK1":17.672585,"data_generator_T":433.0},{"data_generator_IK1":17.466696,"data_generator_T":433.5},{"data_generator_IK1":17.404448,"data_generator_T":434.0},{"data_generator_IK1":17.385586,"data_generator_T":434.5},{"data_generator_IK1":17.379862,"data_generator_T":435.0},{"data_generator_IK1":17.378122,"data_generator_T":435.5},{"data_generator_IK1":17.377594,"data_generator_T":436.0},{"data_generator_IK1":17.377432,"data_generator_T":436.5},{"data_generator_IK1":17.377384,"data_generator_T":437.0},{"data_generator_IK1":17.377369,"data_generator_T":437.5},{"data_generator_IK1":17.377363,"data_generator_T":438.0},{"data_generator_IK1":17.377363,"data_generator_T":438.5},{"data_generator_IK1":17.377361,"data_generator_T":439.0},{"data_generator_IK1":17.377361,"data_generator_T":439.5},{"data_generator_IK1":17.377361,"data_generator_T":440.0},{"data_generator_IK1":17.377361,"data_generator_T":440.5},{"data_generator_IK1":17.377361,"data_generator_T":441.0},{"data_generator_IK1":17.377361,"data_generator_T":441.5},{"data_generator_IK1":17.377361,"data_generator_T":442.0},{"data_generator_IK1":17.377361,"data_generator_T":442.5},{"data_generator_IK1":17.377361,"data_generator_T":443.0},{"data_generator_IK1":17.377361,"data_generator_T":443.5},{"data_generator_IK1":17.377361,"data_generator_T":444.0},{"data_generator_IK1":17.377361,"data_generator_T":444.5},{"data_generator_IK1":17.377361,"data_generator_T":445.0},{"data_generator_IK1":17.377361,"data_generator_T":445.5},{"data_generator_IK1":17.377361,"data_generator_T":446.0},{"data_generator_IK1":17.377361,"data_generator_T":446.5},{"data_generator_IK1":17.377361,"data_generator_T":447.0},{"data_generator_IK1":17.377361,"data_generator_T":447.5},{"data_generator_IK1":17.377361,"data_generator_T":448.0},{"data_generator_IK1":17.377361,"data_generator_T":448.5},{"data_generator_IK1":17.377361,"data_generator_T":449.0},{"data_generator_IK1":17.377361,"data_generator_T":449.5},{"data_generator_IK1":17.377361,"data_generator_T":450.0},{"data_generator_IK1":17.377361,"data_generator_T":450.5},{"data_generator_IK1":17.377361,"data_generator_T":451.0},{"data_generator_IK1":17.377361,"data_generator_T":451.5},{"data_generator_IK1":17.377361,"data_generator_T":452.0},{"data_generator_IK1":17.377361,"data_generator_T":452.5},{"data_generator_IK1":17.377361,"data_generator_T":453.0},{"data_generator_IK1":17.377361,"data_generator_T":453.5},{"data_generator_IK1":17.377361,"data_generator_T":454.0},{"data_generator_IK1":17.377361,"data_generator_T":454.5},{"data_generator_IK1":17.377361,"data_generator_T":455.0},{"data_generator_IK1":17.377361,"data_generator_T":455.5},{"data_generator_IK1":17.377361,"data_generator_T":456.0},{"data_generator_IK1":17.377361,"data_generator_T":456.5},{"data_generator_IK1":17.377361,"data_generator_T":457.0},{"data_generator_IK1":17.377361,"data_generator_T":457.5},{"data_generator_IK1":17.377361,"data_generator_T":458.0},{"data_generator_IK1":17.377361,"data_generator_T":458.5},{"data_generator_IK1":17.377361,"data_generator_T":459.0},{"data_generator_IK1":17.377361,"data_generator_T":459.5},{"data_generator_IK1":17.377361,"data_generator_T":460.0},{"data_generator_IK1":17.377361,"data_generator_T":460.5},{"data_generator_IK1":17.377361,"data_generator_T":461.0},{"data_generator_IK1":17.377361,"data_generator_T":461.5},{"data_generator_IK1":17.377361,"data_generator_T":462.0},{"data_generator_IK1":17.377361,"data_generator_T":462.5},{"data_generator_IK1":17.377361,"data_generator_T":463.0},{"data_generator_IK1":17.377361,"data_generator_T":463.5},{"data_generator_IK1":17.377361,"data_generator_T":464.0},{"data_generator_IK1":17.377361,"data_generator_T":464.5},{"data_generator_IK1":17.377361,"data_generator_T":465.0},{"data_generator_IK1":17.377361,"data_generator_T":465.5},{"data_generator_IK1":17.377361,"data_generator_T":466.0},{"data_generator_IK1":17.377361,"data_generator_T":466.5},{"data_generator_IK1":17.377361,"data_generator_T":467.0},{"data_generator_IK1":17.377361,"data_generator_T":467.5},{"data_generator_IK1":17.377361,"data_generator_T":468.0},{"data_generator_IK1":17.377361,"data_generator_T":468.5},{"data_generator_IK1":17.377361,"data_generator_T":469.0},{"data_generator_IK1":17.377361,"data_generator_T":469.5},{"data_generator_IK1":17.377361,"data_generator_T":470.0},{"data_generator_IK1":17.377361,"data_generator_T":470.5},{"data_generator_IK1":17.377361,"data_generator_T":471.0},{"data_generator_IK1":17.377361,"data_generator_T":471.5},{"data_generator_IK1":17.377361,"data_generator_T":472.0},{"data_generator_IK1":17.377361,"data_generator_T":472.5},{"data_generator_IK1":17.377361,"data_generator_T":473.0},{"data_generator_IK1":17.377361,"data_generator_T":473.5},{"data_generator_IK1":17.377361,"data_generator_T":474.0},{"data_generator_IK1":17.377361,"data_generator_T":474.5},{"data_generator_IK1":17.377361,"data_generator_T":475.0},{"data_generator_IK1":17.377361,"data_generator_T":475.5},{"data_generator_IK1":17.377361,"data_generator_T":476.0},{"data_generator_IK1":17.377361,"data_generator_T":476.5},{"data_generator_IK1":17.377361,"data_generator_T":477.0},{"data_generator_IK1":17.377361,"data_generator_T":477.5},{"data_generator_IK1":17.377361,"data_generator_T":478.0},{"data_generator_IK1":17.377361,"data_generator_T":478.5},{"data_generator_IK1":17.377361,"data_generator_T":479.0},{"data_generator_IK1":17.377361,"data_generator_T":479.5},{"data_generator_IK1":17.377361,"data_generator_T":480.0},{"data_generator_IK1":17.377361,"data_generator_T":480.5},{"data_generator_IK1":17.377361,"data_generator_T":481.0},{"data_generator_IK1":17.377361,"data_generator_T":481.5},{"data_generator_IK1":17.377361,"data_generator_T":482.0},{"data_generator_IK1":17.377361,"data_generator_T":482.5},{"data_generator_IK1":17.377361,"data_generator_T":483.0},{"data_generator_IK1":17.377361,"data_generator_T":483.5},{"data_generator_IK1":17.377361,"data_generator_T":484.0},{"data_generator_IK1":17.377361,"data_generator_T":484.5},{"data_generator_IK1":17.377361,"data_generator_T":485.0},{"data_generator_IK1":17.377361,"data_generator_T":485.5},{"data_generator_IK1":17.377361,"data_generator_T":486.0},{"data_generator_IK1":17.377361,"data_generator_T":486.5},{"data_generator_IK1":17.377361,"data_generator_T":487.0},{"data_generator_IK1":17.377361,"data_generator_T":487.5},{"data_generator_IK1":17.377361,"data_generator_T":488.0},{"data_generator_IK1":17.377361,"data_generator_T":488.5},{"data_generator_IK1":17.377361,"data_generator_T":489.0},{"data_generator_IK1":17.377361,"data_generator_T":489.5},{"data_generator_IK1":17.377361,"data_generator_T":490.0},{"data_generator_IK1":17.377361,"data_generator_T":490.5},{"data_generator_IK1":17.377361,"data_generator_T":491.0},{"data_generator_IK1":17.377361,"data_generator_T":491.5},{"data_generator_IK1":17.377361,"data_generator_T":492.0},{"data_generator_IK1":17.377361,"data_generator_T":492.5},{"data_generator_IK1":17.377361,"data_generator_T":493.0},{"data_generator_IK1":17.377361,"data_generator_T":493.5},{"data_generator_IK1":17.377361,"data_generator_T":494.0},{"data_generator_IK1":17.377361,"data_generator_T":494.5},{"data_generator_IK1":17.377361,"data_generator_T":495.0},{"data_generator_IK1":17.377361,"data_generator_T":495.5},{"data_generator_IK1":17.377361,"data_generator_T":496.0},{"data_generator_IK1":17.377361,"data_generator_T":496.5},{"data_generator_IK1":17.377361,"data_generator_T":497.0},{"data_generator_IK1":17.377361,"data_generator_T":497.5},{"data_generator_IK1":17.377361,"data_generator_T":498.0},{"data_generator_IK1":17.377361,"data_generator_T":498.5},{"data_generator_IK1":17.377361,"data_generator_T":499.0},{"data_generator_IK1":17.377361,"data_generator_T":499.5},{"data_generator_IK1":17.377361,"data_generator_T":500.0}]