[{"data_set_value_component_environment_variable_time":0.0,"data_set_value_component_parameters_variable_a_D":0.4,"data_set_value_component_parameters_variable_a_E":0.16,"data_set_value_component_parameters_variable_a_X":0.08,"data_set_value_component_parameters_variable_k":0.05,"data_set_value_component_parameters_variable_q_D":0.6,"data_set_value_component_parameters_variable_q_E":0.6,"data_set_value_component_parameters_variable_q_X":0.8,"data_set_value_component_parameters_variable_f":0.2,"data_set_value_component_parameters_variable_g":0.528,"data_set_value_component_parameters_variable_p_S":0.6,"data_set_value_component_parameters_variable_p_D":0.48,"data_set_value_component_parameters_variable_p_E":0.096,"data_set_value_component_parameters_variable_p_X":0.48,"data_set_value_component_parameters_variable_d_D":0.4,"data_set_value_component_parameters_variable_d_E":0.2,"data_set_value_component_parameters_variable_d_X":1.04,"data_set_value_component_parameters_variable_a_f":0.9,"data_set_value_component_parameters_variable_R_T":2.5,"data_set_value_component_parameters_variable_theta":1.5,"data_set_value_component_parameters_variable_GF":6.3,"data_set_value_component_D_variable_D":0.1,"data_set_value_component_E_variable_E":0.6,"data_set_value_component_R_variable_R":0.5,"data_set_value_component_R_S_variable_R_S":1.0,"data_set_value_component_X_variable_X":0.7,"data_set_value_component_unpho_RB_variable_unpho_RB":1.5,"data_set_value_component_free_E2F_variable_free_E2F":0.5},{"data_set_value_component_environment_variable_time":0.1,"data_set_value_component_parameters_variable_a_D":0.4,"data_set_value_component_parameters_variable_a_E":0.16,"data_set_value_component_parameters_variable_a_X":0.08,"data_set_value_component_parameters_variable_k":0.05,"data_set_value_component_parameters_variable_q_D":0.6,"data_set_value_component_parameters_variable_q_E":0.6,"data_set_value_component_parameters_variable_q_X":0.8,"data_set_value_component_parameters_variable_f":0.2,"data_set_value_component_parameters_variable_g":0.528,"data_set_value_component_parameters_variable_p_S":0.6,"data_set_value_component_parameters_variable_p_D":0.48,"data_set_value_component_parameters_variable_p_E":0.096,"data_set_value_component_parameters_variable_p_X":0.48,"data_set_value_component_parameters_variable_d_D":0.4,"data_set_value_component_parameters_variable_d_E":0.2,"data_set_value_component_parameters_variable_d_X":1.04,"data_set_value_component_parameters_variable_a_f":0.9,"data_set_value_component_parameters_variable_R_T":2.5,"data_set_value_component_parameters_variable_theta":1.5,"data_set_value_component_parameters_variable_GF":6.3,"data_set_value_component_D_variable_D":0.1070652952,"data_set_value_component_E_variable_E":0.6148819596,"data_set_value_component_R_variable_R":0.4982849492,"data_set_value_component_R_S_variable_R_S":1.0092632561,"data_set_value_component_X_variable_X":0.658922422,"data_set_value_component_unpho_RB_variable_unpho_RB":1.5075482053,"data_set_value_component_free_E2F_variable_free_E2F":0.4907367439},{"data_set_value_component_environment_variable_time":0.2,"data_set_value_component_parameters_variable_a_D":0.4,"data_set_value_component_parameters_variable_a_E":0.16,"data_set_value_component_parameters_variable_a_X":0.08,"data_set_value_component_parameters_variable_k":0.05,"data_set_value_component_parameters_variable_q_D":0.6,"data_set_value_component_parameters_variable_q_E":0.6,"data_set_value_component_parameters_variable_q_X":0.8,"data_set_value_component_parameters_variable_f":0.2,"data_set_value_component_parameters_variable_g":0.528,"data_set_value_component_parameters_variable_p_S":0.6,"data_set_value_component_parameters_variable_p_D":0.48,"data_set_value_component_parameters_variable_p_E":0.096,"data_set_value_component_parameters_variable_p_X":0.48,"data_set_value_component_parameters_variable_d_D":0.4,"data_set_value_component_parameters_variable_d_E":0.2,"data_set_value_component_parameters_variable_d_X":1.04,"data_set_value_component_parameters_variable_a_f":0.9,"data_set_value_component_parameters_variable_R_T":2.5,"data_set_value_component_parameters_variable_theta":1.5,"data_set_value_component_parameters_variable_GF":6.3,"data_set_value_component_D_variable_D":0.1138957173,"data_set_value_component_E_variable_E":0.6299256783,"data_set_value_component_R_variable_R":0.4962742067,"data_set_value_component_R_S_variable_R_S":1.0179482568,"data_set_value_component_X_variable_X":0.6205588211,"data_set_value_component_unpho_RB_variable_unpho_RB":1.5142224634,"data_set_value_component_free_E2F_variable_free_E2F":0.4820517432},{"data_set_value_component_environment_variable_time":0.3,"data_set_value_component_parameters_variable_a_D":0.4,"data_set_value_component_parameters_variable_a_E":0.16,"data_set_value_component_parameters_variable_a_X":0.08,"data_set_value_component_parameters_variable_k":0.05,"data_set_value_component_parameters_variable_q_D":0.6,"data_set_value_component_parameters_variable_q_E":0.6,"data_set_value_component_parameters_variable_q_X":0.8,"data_set_value_component_parameters_variable_f":0.2,"data_set_value_component_parameters_variable_g":0.528,"data_set_value_component_parameters_variable_p_S":0.6,"data_set_value_component_parameters_variable_p_D":0.48,"data_set_value_component_parameters_variable_p_E":0.096,"data_set_value_component_parameters_variable_p_X":0.48,"data_set_value_component_parameters_variable_d_D":0.4,"data_set_value_component_parameters_variable_d_E":0.2,"data_set_value_component_parameters_variable_d_X":1.04,"data_set_value_component_parameters_variable_a_f":0.9,"data_set_value_component_parameters_variable_R_T":2.5,"data_set_value_component_parameters_variable_theta":1.5,"data_set_value_component_parameters_variable_GF":6.3,"data_set_value_component_D_variable_D":0.1204881722,"data_set_value_component_E_variable_E":0.6451274416,"data_set_value_component_R_variable_R":0.4939893357,"data_set_value_component_R_S_variable_R_S":1.0260732671,"data_set_value_component_X_variable_X":0.5847802093,"data_set_value_component_unpho_RB_variable_unpho_RB":1.5200626028,"data_set_value_component_free_E2F_variable_free_E2F":0.4739267329},{"data_set_value_component_environment_variable_time":0.4,"data_set_value_component_parameters_variable_a_D":0.4,"data_set_value_component_parameters_variable_a_E":0.16,"data_set_value_component_parameters_variable_a_X":0.08,"data_set_value_component_parameters_variable_k":0.05,"data_set_value_component_parameters_variable_q_D":0.6,"data_set_value_component_parameters_variable_q_E":0.6,"data_set_value_component_parameters_variable_q_X":0.8,"data_set_value_component_parameters_variable_f":0.2,"data_set_value_component_parameters_variable_g":0.528,"data_set_value_component_parameters_variable_p_S":0.6,"data_set_value_component_parameters_variable_p_D":0.48,"data_set_value_component_parameters_variable_p_E":0.096,"data_set_value_component_parameters_variable_p_X":0.48,"data_set_value_component_parameters_variable_d_D":0.4,"data_set_value_component_parameters_variable_d_E":0.2,"data_set_value_component_parameters_variable_d_X":1.04,"data_set_value_component_parameters_variable_a_f":0.9,"data_set_value_component_parameters_variable_R_T":2.5,"data_set_value_component_parameters_variable_theta":1.5,"data_set_value_component_parameters_variable_GF":6.3,"data_set_value_component_D_variable_D":0.1268400155,"data_set_value_component_E_variable_E":0.660482893,"data_set_value_component_R_variable_R":0.4914509561,"data_set_value_component_R_S_variable_R_S":1.03365709,"data_set_value_component_X_variable_X":0.5514584163,"data_set_value_component_unpho_RB_variable_unpho_RB":1.5251080461,"data_set_value_component_free_E2F_variable_free_E2F":0.46634291},{"data_set_value_component_environment_variable_time":0.5,"data_set_value_component_parameters_variable_a_D":0.4,"data_set_value_component_parameters_variable_a_E":0.16,"data_set_value_component_parameters_variable_a_X":0.08,"data_set_value_component_parameters_variable_k":0.05,"data_set_value_component_parameters_variable_q_D":0.6,"data_set_value_component_parameters_variable_q_E":0.6,"data_set_value_component_parameters_variable_q_X":0.8,"data_set_value_component_parameters_variable_f":0.2,"data_set_value_component_parameters_variable_g":0.528,"data_set_value_component_parameters_variable_p_S":0.6,"data_set_value_component_parameters_variable_p_D":0.48,"data_set_value_component_parameters_variable_p_E":0.096,"data_set_value_component_parameters_variable_p_X":0.48,"data_set_value_component_parameters_variable_d_D":0.4,"data_set_value_component_parameters_variable_d_E":0.2,"data_set_value_component_parameters_variable_d_X":1.04,"data_set_value_component_parameters_variable_a_f":0.9,"data_set_value_component_parameters_variable_R_T":2.5,"data_set_value_component_parameters_variable_theta":1.5,"data_set_value_component_parameters_variable_GF":6.3,"data_set_value_component_D_variable_D":0.1329489938,"data_set_value_component_E_variable_E":0.6759872187,"data_set_value_component_R_variable_R":0.4886787379,"data_set_value_component_R_S_variable_R_S":1.0407186594,"data_set_value_component_X_variable_X":0.5204677427,"data_set_value_component_unpho_RB_variable_unpho_RB":1.5293973973,"data_set_value_component_free_E2F_variable_free_E2F":0.4592813406},{"data_set_value_component_environment_variable_time":0.6,"data_set_value_component_parameters_variable_a_D":0.4,"data_set_value_component_parameters_variable_a_E":0.16,"data_set_value_component_parameters_variable_a_X":0.08,"data_set_value_component_parameters_variable_k":0.05,"data_set_value_component_parameters_variable_q_D":0.6,"data_set_value_component_parameters_variable_q_E":0.6,"data_set_value_component_parameters_variable_q_X":0.8,"data_set_value_component_parameters_variable_f":0.2,"data_set_value_component_parameters_variable_g":0.528,"data_set_value_component_parameters_variable_p_S":0.6,"data_set_value_component_parameters_variable_p_D":0.48,"data_set_value_component_parameters_variable_p_E":0.096,"data_set_value_component_parameters_variable_p_X":0.48,"data_set_value_component_parameters_variable_d_D":0.4,"data_set_value_component_parameters_variable_d_E":0.2,"data_set_value_component_parameters_variable_d_X":1.04,"data_set_value_component_parameters_variable_a_f":0.9,"data_set_value_component_parameters_variable_R_T":2.5,"data_set_value_component_parameters_variable_theta":1.5,"data_set_value_component_parameters_variable_GF":6.3,"data_set_value_component_D_variable_D":0.1388132671,"data_set_value_component_E_variable_E":0.6916351595,"data_set_value_component_R_variable_R":0.4856915019,"data_set_value_component_R_S_variable_R_S":1.0472770255,"data_set_value_component_X_variable_X":0.4916849266,"data_set_value_component_unpho_RB_variable_unpho_RB":1.5329685274,"data_set_value_component_free_E2F_variable_free_E2F":0.4527229745},{"data_set_value_component_environment_variable_time":0.7,"data_set_value_component_parameters_variable_a_D":0.4,"data_set_value_component_parameters_variable_a_E":0.16,"data_set_value_component_parameters_variable_a_X":0.08,"data_set_value_component_parameters_variable_k":0.05,"data_set_value_component_parameters_variable_q_D":0.6,"data_set_value_component_parameters_variable_q_E":0.6,"data_set_value_component_parameters_variable_q_X":0.8,"data_set_value_component_parameters_variable_f":0.2,"data_set_value_component_parameters_variable_g":0.528,"data_set_value_component_parameters_variable_p_S":0.6,"data_set_value_component_parameters_variable_p_D":0.48,"data_set_value_component_parameters_variable_p_E":0.096,"data_set_value_component_parameters_variable_p_X":0.48,"data_set_value_component_parameters_variable_d_D":0.4,"data_set_value_component_parameters_variable_d_E":0.2,"data_set_value_component_parameters_variable_d_X":1.04,"data_set_value_component_parameters_variable_a_f":0.9,"data_set_value_component_parameters_variable_R_T":2.5,"data_set_value_component_parameters_variable_theta":1.5,"data_set_value_component_parameters_variable_GF":6.3,"data_set_value_component_D_variable_D":0.1444314548,"data_set_value_component_E_variable_E":0.7074210402,"data_set_value_component_R_variable_R":0.4825071921,"data_set_value_component_R_S_variable_R_S":1.0533512538,"data_set_value_component_X_variable_X":0.4649898,"data_set_value_component_unpho_RB_variable_unpho_RB":1.5358584459,"data_set_value_component_free_E2F_variable_free_E2F":0.4466487462},{"data_set_value_component_environment_variable_time":0.8,"data_set_value_component_parameters_variable_a_D":0.4,"data_set_value_component_parameters_variable_a_E":0.16,"data_set_value_component_parameters_variable_a_X":0.08,"data_set_value_component_parameters_variable_k":0.05,"data_set_value_component_parameters_variable_q_D":0.6,"data_set_value_component_parameters_variable_q_E":0.6,"data_set_value_component_parameters_variable_q_X":0.8,"data_set_value_component_parameters_variable_f":0.2,"data_set_value_component_parameters_variable_g":0.528,"data_set_value_component_parameters_variable_p_S":0.6,"data_set_value_component_parameters_variable_p_D":0.48,"data_set_value_component_parameters_variable_p_E":0.096,"data_set_value_component_parameters_variable_p_X":0.48,"data_set_value_component_parameters_variable_d_D":0.4,"data_set_value_component_parameters_variable_d_E":0.2,"data_set_value_component_parameters_variable_d_X":1.04,"data_set_value_component_parameters_variable_a_f":0.9,"data_set_value_component_parameters_variable_R_T":2.5,"data_set_value_component_parameters_variable_theta":1.5,"data_set_value_component_parameters_variable_GF":6.3,"data_set_value_component_D_variable_D":0.1498026083,"data_set_value_component_E_variable_E":0.7233388785,"data_set_value_component_R_variable_R":0.4791430131,"data_set_value_component_R_S_variable_R_S":1.0589603168,"data_set_value_component_X_variable_X":0.4402654364,"data_set_value_component_unpho_RB_variable_unpho_RB":1.5381033299,"data_set_value_component_free_E2F_variable_free_E2F":0.4410396832},{"data_set_value_component_environment_variable_time":0.9,"data_set_value_component_parameters_variable_a_D":0.4,"data_set_value_component_parameters_variable_a_E":0.16,"data_set_value_component_parameters_variable_a_X":0.08,"data_set_value_component_parameters_variable_k":0.05,"data_set_value_component_parameters_variable_q_D":0.6,"data_set_value_component_parameters_variable_q_E":0.6,"data_set_value_component_parameters_variable_q_X":0.8,"data_set_value_component_parameters_variable_f":0.2,"data_set_value_component_parameters_variable_g":0.528,"data_set_value_component_parameters_variable_p_S":0.6,"data_set_value_component_parameters_variable_p_D":0.48,"data_set_value_component_parameters_variable_p_E":0.096,"data_set_value_component_parameters_variable_p_X":0.48,"data_set_value_component_parameters_variable_d_D":0.4,"data_set_value_component_parameters_variable_d_E":0.2,"data_set_value_component_parameters_variable_d_X":1.04,"data_set_value_component_parameters_variable_a_f":0.9,"data_set_value_component_parameters_variable_R_T":2.5,"data_set_value_component_parameters_variable_theta":1.5,"data_set_value_component_parameters_variable_GF":6.3,"data_set_value_component_D_variable_D":0.1549262097,"data_set_value_component_E_variable_E":0.739382448,"data_set_value_component_R_variable_R":0.4756154734,"data_set_value_component_R_S_variable_R_S":1.0641230195,"data_set_value_component_X_variable_X":0.4173984132,"data_set_value_component_unpho_RB_variable_unpho_RB":1.5397384929,"data_set_value_component_free_E2F_variable_free_E2F":0.4358769805},{"data_set_value_component_environment_variable_time":1.0,"data_set_value_component_parameters_variable_a_D":0.4,"data_set_value_component_parameters_variable_a_E":0.16,"data_set_value_component_parameters_variable_a_X":0.08,"data_set_value_component_parameters_variable_k":0.05,"data_set_value_component_parameters_variable_q_D":0.6,"data_set_value_component_parameters_variable_q_E":0.6,"data_set_value_component_parameters_variable_q_X":0.8,"data_set_value_component_parameters_variable_f":0.2,"data_set_value_component_parameters_variable_g":0.528,"data_set_value_component_parameters_variable_p_S":0.6,"data_set_value_component_parameters_variable_p_D":0.48,"data_set_value_component_parameters_variable_p_E":0.096,"data_set_value_component_parameters_variable_p_X":0.48,"data_set_value_component_parameters_variable_d_D":0.4,"data_set_value_component_parameters_variable_d_E":0.2,"data_set_value_component_parameters_variable_d_X":1.04,"data_set_value_component_parameters_variable_a_f":0.9,"data_set_value_component_parameters_variable_R_T":2.5,"data_set_value_component_parameters_variable_theta":1.5,"data_set_value_component_parameters_variable_GF":6.3,"data_set_value_component_D_variable_D":0.1598021807,"data_set_value_component_E_variable_E":0.7555453212,"data_set_value_component_R_variable_R":0.471940388,"data_set_value_component_R_S_variable_R_S":1.0688579419,"data_set_value_component_X_variable_X":0.396279104,"data_set_value_component_unpho_RB_variable_unpho_RB":1.54079833,"data_set_value_component_free_E2F_variable_free_E2F":0.4311420581}]