[{"data_set_value_component_environment_variable_time":0.0,"data_set_value_component_model_constants_variable_alpha":0.12,"data_set_value_component_model_constants_variable_lamda":12.5,"data_set_value_component_membrane_variable_V":-55.0,"data_set_value_component_membrane_variable_Cm":2.5,"data_set_value_component_gate_voltage_variable_V_tilde":12.1904761905,"data_set_value_component_T_type_calcium_current_variable_i_Ca_T":-0.0000008457,"data_set_value_component_T_type_calcium_current_variable_E_Ca":80.0,"data_set_value_component_T_type_calcium_current_variable_g_Ca_T":0.51,"data_set_value_component_T_type_calcium_current_m_gate_variable_m":0.0107096136,"data_set_value_component_T_type_calcium_current_m_gate_variable_alpha_m":0.0882208877,"data_set_value_component_T_type_calcium_current_m_gate_variable_beta_m":8.1493206892,"data_set_value_component_T_type_calcium_current_h_gate_variable_h":0.01,"data_set_value_component_T_type_calcium_current_h_gate_variable_alpha_h":0.1328168926,"data_set_value_component_T_type_calcium_current_h_gate_variable_beta_h":0.0136408391,"data_set_value_component_L_type_calcium_current_variable_i_Ca_L":-0.0054,"data_set_value_component_L_type_calcium_current_variable_g_Ca_L":0.004,"data_set_value_component_L_type_calcium_current_x_Ca_gate_variable_x_Ca":0.01,"data_set_value_component_L_type_calcium_current_x_Ca_gate_variable_tau_x_Ca":500.0,"data_set_value_component_potassium_current_variable_i_K":0.00000006,"data_set_value_component_potassium_current_variable_E_K":-75.0,"data_set_value_component_potassium_current_variable_g_K":0.3,"data_set_value_component_potassium_current_n_gate_variable_n":0.01,"data_set_value_component_potassium_current_n_gate_variable_alpha_n":0.00600336,"data_set_value_component_potassium_current_n_gate_variable_beta_n":0.1883746474,"data_set_value_component_calcium_activated_potassium_current_variable_i_Ca_K":0.000119976,"data_set_value_component_calcium_activated_potassium_current_variable_Ca":0.0001,"data_set_value_component_calcium_activated_potassium_current_variable_g_Ca_K":0.03,"data_set_value_component_calcium_activated_potassium_current_variable_rho":125.0,"data_set_value_component_calcium_activated_potassium_current_variable_K_c":0.00425,"data_set_value_component_leak_chloride_current_variable_i_Cl":-0.045,"data_set_value_component_leak_chloride_current_variable_g_Cl":0.003,"data_set_value_component_leak_chloride_current_variable_E_Cl":-40.0},{"data_set_value_component_environment_variable_time":0.1,"data_set_value_component_model_constants_variable_alpha":0.12,"data_set_value_component_model_constants_variable_lamda":12.5,"data_set_value_component_membrane_variable_V":-54.9854882213,"data_set_value_component_membrane_variable_Cm":2.5,"data_set_value_component_gate_voltage_variable_V_tilde":12.2080285324,"data_set_value_component_T_type_calcium_current_variable_i_Ca_T":-0.0000015931,"data_set_value_component_T_type_calcium_current_variable_E_Ca":80.0,"data_set_value_component_T_type_calcium_current_variable_g_Ca_T":0.51,"data_set_value_component_T_type_calcium_current_m_gate_variable_m":0.0107340839,"data_set_value_component_T_type_calcium_current_m_gate_variable_alpha_m":0.0883384662,"data_set_value_component_T_type_calcium_current_m_gate_variable_beta_m":8.1413779145,"data_set_value_component_T_type_calcium_current_h_gate_variable_h":0.0187104219,"data_set_value_component_T_type_calcium_current_h_gate_variable_alpha_h":0.1327003814,"data_set_value_component_T_type_calcium_current_h_gate_variable_beta_h":0.0136644755,"data_set_value_component_L_type_calcium_current_variable_i_Ca_L":-0.0062895021,"data_set_value_component_L_type_calcium_current_variable_g_Ca_L":0.004,"data_set_value_component_L_type_calcium_current_x_Ca_gate_variable_x_Ca":0.0116484782,"data_set_value_component_L_type_calcium_current_x_Ca_gate_variable_tau_x_Ca":500.0,"data_set_value_component_potassium_current_variable_i_K":0.0000000668,"data_set_value_component_potassium_current_variable_E_K":-75.0,"data_set_value_component_potassium_current_variable_g_K":0.3,"data_set_value_component_potassium_current_n_gate_variable_n":0.0102691791,"data_set_value_component_potassium_current_n_gate_variable_alpha_n":0.0060115889,"data_set_value_component_potassium_current_n_gate_variable_beta_n":0.1883333217,"data_set_value_component_calcium_activated_potassium_current_variable_i_Ca_K":0.007908491,"data_set_value_component_calcium_activated_potassium_current_variable_Ca":0.0066735295,"data_set_value_component_calcium_activated_potassium_current_variable_g_Ca_K":0.03,"data_set_value_component_calcium_activated_potassium_current_variable_rho":125.0,"data_set_value_component_calcium_activated_potassium_current_variable_K_c":0.00425,"data_set_value_component_leak_chloride_current_variable_i_Cl":-0.0449564647,"data_set_value_component_leak_chloride_current_variable_g_Cl":0.003,"data_set_value_component_leak_chloride_current_variable_E_Cl":-40.0},{"data_set_value_component_environment_variable_time":0.2,"data_set_value_component_model_constants_variable_alpha":0.12,"data_set_value_component_model_constants_variable_lamda":12.5,"data_set_value_component_membrane_variable_V":-54.9710854802,"data_set_value_component_membrane_variable_Cm":2.5,"data_set_value_component_gate_voltage_variable_V_tilde":12.2254489907,"data_set_value_component_T_type_calcium_current_variable_i_Ca_T":-0.0000023425,"data_set_value_component_T_type_calcium_current_variable_E_Ca":80.0,"data_set_value_component_T_type_calcium_current_variable_g_Ca_T":0.51,"data_set_value_component_T_type_calcium_current_m_gate_variable_m":0.0107584235,"data_set_value_component_T_type_calcium_current_m_gate_variable_alpha_m":0.0884553039,"data_set_value_component_T_type_calcium_current_m_gate_variable_beta_m":8.1335024741,"data_set_value_component_T_type_calcium_current_h_gate_variable_h":0.0273288436,"data_set_value_component_T_type_calcium_current_h_gate_variable_alpha_h":0.1325848466,"data_set_value_component_T_type_calcium_current_h_gate_variable_beta_h":0.0136879743,"data_set_value_component_L_type_calcium_current_variable_i_Ca_L":-0.0071773371,"data_set_value_component_L_type_calcium_current_variable_g_Ca_L":0.004,"data_set_value_component_L_type_calcium_current_x_Ca_gate_variable_x_Ca":0.0132942123,"data_set_value_component_L_type_calcium_current_x_Ca_gate_variable_tau_x_Ca":500.0,"data_set_value_component_potassium_current_variable_i_K":0.000000074,"data_set_value_component_potassium_current_variable_E_K":-75.0,"data_set_value_component_potassium_current_variable_g_K":0.3,"data_set_value_component_potassium_current_n_gate_variable_n":0.0105354638,"data_set_value_component_potassium_current_n_gate_variable_alpha_n":0.0060197664,"data_set_value_component_potassium_current_n_gate_variable_beta_n":0.1882923155,"data_set_value_component_calcium_activated_potassium_current_variable_i_Ca_K":0.0090161086,"data_set_value_component_calcium_activated_potassium_current_variable_Ca":0.0076168695,"data_set_value_component_calcium_activated_potassium_current_variable_g_Ca_K":0.03,"data_set_value_component_calcium_activated_potassium_current_variable_rho":125.0,"data_set_value_component_calcium_activated_potassium_current_variable_K_c":0.00425,"data_set_value_component_leak_chloride_current_variable_i_Cl":-0.0449132564,"data_set_value_component_leak_chloride_current_variable_g_Cl":0.003,"data_set_value_component_leak_chloride_current_variable_E_Cl":-40.0},{"data_set_value_component_environment_variable_time":0.3,"data_set_value_component_model_constants_variable_alpha":0.12,"data_set_value_component_model_constants_variable_lamda":12.5,"data_set_value_component_membrane_variable_V":-54.9567696735,"data_set_value_component_membrane_variable_Cm":2.5,"data_set_value_component_gate_voltage_variable_V_tilde":12.2427642996,"data_set_value_component_T_type_calcium_current_variable_i_Ca_T":-0.0000030939,"data_set_value_component_T_type_calcium_current_variable_E_Ca":80.0,"data_set_value_component_T_type_calcium_current_variable_g_Ca_T":0.51,"data_set_value_component_T_type_calcium_current_m_gate_variable_m":0.0107826688,"data_set_value_component_T_type_calcium_current_m_gate_variable_alpha_m":0.0885715771,"data_set_value_component_T_type_calcium_current_m_gate_variable_beta_m":8.1256821191,"data_set_value_component_T_type_calcium_current_h_gate_variable_h":0.035856107,"data_set_value_component_T_type_calcium_current_h_gate_variable_alpha_h":0.1324701089,"data_set_value_component_T_type_calcium_current_h_gate_variable_beta_h":0.0137113707,"data_set_value_component_L_type_calcium_current_variable_i_Ca_L":-0.0080635083,"data_set_value_component_L_type_calcium_current_variable_g_Ca_L":0.004,"data_set_value_component_L_type_calcium_current_x_Ca_gate_variable_x_Ca":0.014937206,"data_set_value_component_L_type_calcium_current_x_Ca_gate_variable_tau_x_Ca":500.0,"data_set_value_component_potassium_current_variable_i_K":0.0000000818,"data_set_value_component_potassium_current_variable_E_K":-75.0,"data_set_value_component_potassium_current_variable_g_K":0.3,"data_set_value_component_potassium_current_n_gate_variable_n":0.0107988827,"data_set_value_component_potassium_current_n_gate_variable_alpha_n":0.0060279048,"data_set_value_component_potassium_current_n_gate_variable_beta_n":0.1882515657,"data_set_value_component_calcium_activated_potassium_current_variable_i_Ca_K":0.0101191266,"data_set_value_component_calcium_activated_potassium_current_variable_Ca":0.0085584463,"data_set_value_component_calcium_activated_potassium_current_variable_g_Ca_K":0.03,"data_set_value_component_calcium_activated_potassium_current_variable_rho":125.0,"data_set_value_component_calcium_activated_potassium_current_variable_K_c":0.00425,"data_set_value_component_leak_chloride_current_variable_i_Cl":-0.044870309,"data_set_value_component_leak_chloride_current_variable_g_Cl":0.003,"data_set_value_component_leak_chloride_current_variable_E_Cl":-40.0},{"data_set_value_component_environment_variable_time":0.4,"data_set_value_component_model_constants_variable_alpha":0.12,"data_set_value_component_model_constants_variable_lamda":12.5,"data_set_value_component_membrane_variable_V":-54.9425397796,"data_set_value_component_membrane_variable_Cm":2.5,"data_set_value_component_gate_voltage_variable_V_tilde":12.2599756952,"data_set_value_component_T_type_calcium_current_variable_i_Ca_T":-0.0000038472,"data_set_value_component_T_type_calcium_current_variable_E_Ca":80.0,"data_set_value_component_T_type_calcium_current_variable_g_Ca_T":0.51,"data_set_value_component_T_type_calcium_current_m_gate_variable_m":0.0108068207,"data_set_value_component_T_type_calcium_current_m_gate_variable_alpha_m":0.0886872919,"data_set_value_component_T_type_calcium_current_m_gate_variable_beta_m":8.1179161476,"data_set_value_component_T_type_calcium_current_h_gate_variable_h":0.0442932096,"data_set_value_component_T_type_calcium_current_h_gate_variable_alpha_h":0.1323561582,"data_set_value_component_T_type_calcium_current_h_gate_variable_beta_h":0.0137346658,"data_set_value_component_L_type_calcium_current_variable_i_Ca_L":-0.0089480201,"data_set_value_component_L_type_calcium_current_variable_g_Ca_L":0.004,"data_set_value_component_L_type_calcium_current_x_Ca_gate_variable_x_Ca":0.0165774636,"data_set_value_component_L_type_calcium_current_x_Ca_gate_variable_tau_x_Ca":500.0,"data_set_value_component_potassium_current_variable_i_K":0.00000009,"data_set_value_component_potassium_current_variable_E_K":-75.0,"data_set_value_component_potassium_current_variable_g_K":0.3,"data_set_value_component_potassium_current_n_gate_variable_n":0.0110594697,"data_set_value_component_potassium_current_n_gate_variable_alpha_n":0.0060360045,"data_set_value_component_potassium_current_n_gate_variable_beta_n":0.1882110691,"data_set_value_component_calcium_activated_potassium_current_variable_i_Ca_K":0.011217561,"data_set_value_component_calcium_activated_potassium_current_variable_Ca":0.0094982577,"data_set_value_component_calcium_activated_potassium_current_variable_g_Ca_K":0.03,"data_set_value_component_calcium_activated_potassium_current_variable_rho":125.0,"data_set_value_component_calcium_activated_potassium_current_variable_K_c":0.00425,"data_set_value_component_leak_chloride_current_variable_i_Cl":-0.0448276193,"data_set_value_component_leak_chloride_current_variable_g_Cl":0.003,"data_set_value_component_leak_chloride_current_variable_E_Cl":-40.0},{"data_set_value_component_environment_variable_time":0.5,"data_set_value_component_model_constants_variable_alpha":0.12,"data_set_value_component_model_constants_variable_lamda":12.5,"data_set_value_component_membrane_variable_V":-54.9283946979,"data_set_value_component_membrane_variable_Cm":2.5,"data_set_value_component_gate_voltage_variable_V_tilde":12.2770845083,"data_set_value_component_T_type_calcium_current_variable_i_Ca_T":-0.0000046025,"data_set_value_component_T_type_calcium_current_variable_E_Ca":80.0,"data_set_value_component_T_type_calcium_current_variable_g_Ca_T":0.51,"data_set_value_component_T_type_calcium_current_m_gate_variable_m":0.0108308802,"data_set_value_component_T_type_calcium_current_m_gate_variable_alpha_m":0.0888024548,"data_set_value_component_T_type_calcium_current_m_gate_variable_beta_m":8.1102038184,"data_set_value_component_T_type_calcium_current_h_gate_variable_h":0.0526412205,"data_set_value_component_T_type_calcium_current_h_gate_variable_alpha_h":0.1322429838,"data_set_value_component_T_type_calcium_current_h_gate_variable_beta_h":0.0137578608,"data_set_value_component_L_type_calcium_current_variable_i_Ca_L":-0.0098308773,"data_set_value_component_L_type_calcium_current_variable_g_Ca_L":0.004,"data_set_value_component_L_type_calcium_current_x_Ca_gate_variable_x_Ca":0.0182149898,"data_set_value_component_L_type_calcium_current_x_Ca_gate_variable_tau_x_Ca":500.0,"data_set_value_component_potassium_current_variable_i_K":0.0000000988,"data_set_value_component_potassium_current_variable_E_K":-75.0,"data_set_value_component_potassium_current_variable_g_K":0.3,"data_set_value_component_potassium_current_n_gate_variable_n":0.0113172611,"data_set_value_component_potassium_current_n_gate_variable_alpha_n":0.0060440661,"data_set_value_component_potassium_current_n_gate_variable_beta_n":0.1881708226,"data_set_value_component_calcium_activated_potassium_current_variable_i_Ca_K":0.0123114381,"data_set_value_component_calcium_activated_potassium_current_variable_Ca":0.0104363103,"data_set_value_component_calcium_activated_potassium_current_variable_g_Ca_K":0.03,"data_set_value_component_calcium_activated_potassium_current_variable_rho":125.0,"data_set_value_component_calcium_activated_potassium_current_variable_K_c":0.00425,"data_set_value_component_leak_chloride_current_variable_i_Cl":-0.0447851841,"data_set_value_component_leak_chloride_current_variable_g_Cl":0.003,"data_set_value_component_leak_chloride_current_variable_E_Cl":-40.0},{"data_set_value_component_environment_variable_time":0.6,"data_set_value_component_model_constants_variable_alpha":0.12,"data_set_value_component_model_constants_variable_lamda":12.5,"data_set_value_component_membrane_variable_V":-54.9143333442,"data_set_value_component_membrane_variable_Cm":2.5,"data_set_value_component_gate_voltage_variable_V_tilde":12.2940920503,"data_set_value_component_T_type_calcium_current_variable_i_Ca_T":-0.0000053595,"data_set_value_component_T_type_calcium_current_variable_E_Ca":80.0,"data_set_value_component_T_type_calcium_current_variable_g_Ca_T":0.51,"data_set_value_component_T_type_calcium_current_m_gate_variable_m":0.0108548484,"data_set_value_component_T_type_calcium_current_m_gate_variable_alpha_m":0.0889170723,"data_set_value_component_T_type_calcium_current_m_gate_variable_beta_m":8.1025444024,"data_set_value_component_T_type_calcium_current_h_gate_variable_h":0.0609011867,"data_set_value_component_T_type_calcium_current_h_gate_variable_alpha_h":0.1321305752,"data_set_value_component_T_type_calcium_current_h_gate_variable_beta_h":0.0137809567,"data_set_value_component_L_type_calcium_current_variable_i_Ca_L":-0.0107120845,"data_set_value_component_L_type_calcium_current_variable_g_Ca_L":0.004,"data_set_value_component_L_type_calcium_current_x_Ca_gate_variable_x_Ca":0.0198497895,"data_set_value_component_L_type_calcium_current_x_Ca_gate_variable_tau_x_Ca":500.0,"data_set_value_component_potassium_current_variable_i_K":0.0000001081,"data_set_value_component_potassium_current_variable_E_K":-75.0,"data_set_value_component_potassium_current_variable_g_K":0.3,"data_set_value_component_potassium_current_n_gate_variable_n":0.0115722925,"data_set_value_component_potassium_current_n_gate_variable_alpha_n":0.0060520899,"data_set_value_component_potassium_current_n_gate_variable_beta_n":0.1881308228,"data_set_value_component_calcium_activated_potassium_current_variable_i_Ca_K":0.013400783,"data_set_value_component_calcium_activated_potassium_current_variable_Ca":0.0113726097,"data_set_value_component_calcium_activated_potassium_current_variable_g_Ca_K":0.03,"data_set_value_component_calcium_activated_potassium_current_variable_rho":125.0,"data_set_value_component_calcium_activated_potassium_current_variable_K_c":0.00425,"data_set_value_component_leak_chloride_current_variable_i_Cl":-0.044743,"data_set_value_component_leak_chloride_current_variable_g_Cl":0.003,"data_set_value_component_leak_chloride_current_variable_E_Cl":-40.0},{"data_set_value_component_environment_variable_time":0.7,"data_set_value_component_model_constants_variable_alpha":0.12,"data_set_value_component_model_constants_variable_lamda":12.5,"data_set_value_component_membrane_variable_V":-54.9003546794,"data_set_value_component_membrane_variable_Cm":2.5,"data_set_value_component_gate_voltage_variable_V_tilde":12.3109995783,"data_set_value_component_T_type_calcium_current_variable_i_Ca_T":-0.0000061183,"data_set_value_component_T_type_calcium_current_variable_E_Ca":80.0,"data_set_value_component_T_type_calcium_current_variable_g_Ca_T":0.51,"data_set_value_component_T_type_calcium_current_m_gate_variable_m":0.0108787262,"data_set_value_component_T_type_calcium_current_m_gate_variable_alpha_m":0.0890311507,"data_set_value_component_T_type_calcium_current_m_gate_variable_beta_m":8.0949371981,"data_set_value_component_T_type_calcium_current_h_gate_variable_h":0.0690741009,"data_set_value_component_T_type_calcium_current_h_gate_variable_alpha_h":0.1320189223,"data_set_value_component_T_type_calcium_current_h_gate_variable_beta_h":0.0138039547,"data_set_value_component_L_type_calcium_current_variable_i_Ca_L":-0.0115916459,"data_set_value_component_L_type_calcium_current_variable_g_Ca_L":0.004,"data_set_value_component_L_type_calcium_current_x_Ca_gate_variable_x_Ca":0.021481867,"data_set_value_component_L_type_calcium_current_x_Ca_gate_variable_tau_x_Ca":500.0,"data_set_value_component_potassium_current_variable_i_K":0.0000001179,"data_set_value_component_potassium_current_variable_E_K":-75.0,"data_set_value_component_potassium_current_variable_g_K":0.3,"data_set_value_component_potassium_current_n_gate_variable_n":0.0118245976,"data_set_value_component_potassium_current_n_gate_variable_alpha_n":0.0060600763,"data_set_value_component_potassium_current_n_gate_variable_beta_n":0.1880910666,"data_set_value_component_calcium_activated_potassium_current_variable_i_Ca_K":0.0144856199,"data_set_value_component_calcium_activated_potassium_current_variable_Ca":0.0123071605,"data_set_value_component_calcium_activated_potassium_current_variable_g_Ca_K":0.03,"data_set_value_component_calcium_activated_potassium_current_variable_rho":125.0,"data_set_value_component_calcium_activated_potassium_current_variable_K_c":0.00425,"data_set_value_component_leak_chloride_current_variable_i_Cl":-0.044701064,"data_set_value_component_leak_chloride_current_variable_g_Cl":0.003,"data_set_value_component_leak_chloride_current_variable_E_Cl":-40.0},{"data_set_value_component_environment_variable_time":0.8,"data_set_value_component_model_constants_variable_alpha":0.12,"data_set_value_component_model_constants_variable_lamda":12.5,"data_set_value_component_membrane_variable_V":-54.8864576478,"data_set_value_component_membrane_variable_Cm":2.5,"data_set_value_component_gate_voltage_variable_V_tilde":12.3278083689,"data_set_value_component_T_type_calcium_current_variable_i_Ca_T":-0.0000068789,"data_set_value_component_T_type_calcium_current_variable_E_Ca":80.0,"data_set_value_component_T_type_calcium_current_variable_g_Ca_T":0.51,"data_set_value_component_T_type_calcium_current_m_gate_variable_m":0.0109025146,"data_set_value_component_T_type_calcium_current_m_gate_variable_alpha_m":0.0891446962,"data_set_value_component_T_type_calcium_current_m_gate_variable_beta_m":8.0873814985,"data_set_value_component_T_type_calcium_current_h_gate_variable_h":0.0771609751,"data_set_value_component_T_type_calcium_current_h_gate_variable_alpha_h":0.131908015,"data_set_value_component_T_type_calcium_current_h_gate_variable_beta_h":0.0138268559,"data_set_value_component_L_type_calcium_current_variable_i_Ca_L":-0.0124695662,"data_set_value_component_L_type_calcium_current_variable_g_Ca_L":0.004,"data_set_value_component_L_type_calcium_current_x_Ca_gate_variable_x_Ca":0.0231112271,"data_set_value_component_L_type_calcium_current_x_Ca_gate_variable_tau_x_Ca":500.0,"data_set_value_component_potassium_current_variable_i_K":0.0000001282,"data_set_value_component_potassium_current_variable_E_K":-75.0,"data_set_value_component_potassium_current_variable_g_K":0.3,"data_set_value_component_potassium_current_n_gate_variable_n":0.0120742108,"data_set_value_component_potassium_current_n_gate_variable_alpha_n":0.0060680259,"data_set_value_component_potassium_current_n_gate_variable_beta_n":0.188051551,"data_set_value_component_calcium_activated_potassium_current_variable_i_Ca_K":0.0155659729,"data_set_value_component_calcium_activated_potassium_current_variable_Ca":0.0132399675,"data_set_value_component_calcium_activated_potassium_current_variable_g_Ca_K":0.03,"data_set_value_component_calcium_activated_potassium_current_variable_rho":125.0,"data_set_value_component_calcium_activated_potassium_current_variable_K_c":0.00425,"data_set_value_component_leak_chloride_current_variable_i_Cl":-0.0446593729,"data_set_value_component_leak_chloride_current_variable_g_Cl":0.003,"data_set_value_component_leak_chloride_current_variable_E_Cl":-40.0},{"data_set_value_component_environment_variable_time":0.9,"data_set_value_component_model_constants_variable_alpha":0.12,"data_set_value_component_model_constants_variable_lamda":12.5,"data_set_value_component_membrane_variable_V":-54.8726413094,"data_set_value_component_membrane_variable_Cm":2.5,"data_set_value_component_gate_voltage_variable_V_tilde":12.3445195591,"data_set_value_component_T_type_calcium_current_variable_i_Ca_T":-0.000007641,"data_set_value_component_T_type_calcium_current_variable_E_Ca":80.0,"data_set_value_component_T_type_calcium_current_variable_g_Ca_T":0.51,"data_set_value_component_T_type_calcium_current_m_gate_variable_m":0.0109262145,"data_set_value_component_T_type_calcium_current_m_gate_variable_alpha_m":0.0892577145,"data_set_value_component_T_type_calcium_current_m_gate_variable_beta_m":8.0798766622,"data_set_value_component_T_type_calcium_current_h_gate_variable_h":0.0851626728,"data_set_value_component_T_type_calcium_current_h_gate_variable_alpha_h":0.131797844,"data_set_value_component_T_type_calcium_current_h_gate_variable_beta_h":0.0138496612,"data_set_value_component_L_type_calcium_current_variable_i_Ca_L":-0.0133458496,"data_set_value_component_L_type_calcium_current_variable_g_Ca_L":0.004,"data_set_value_component_L_type_calcium_current_x_Ca_gate_variable_x_Ca":0.024737874,"data_set_value_component_L_type_calcium_current_x_Ca_gate_variable_tau_x_Ca":500.0,"data_set_value_component_potassium_current_variable_i_K":0.0000001392,"data_set_value_component_potassium_current_variable_E_K":-75.0,"data_set_value_component_potassium_current_variable_g_K":0.3,"data_set_value_component_potassium_current_n_gate_variable_n":0.0123211616,"data_set_value_component_potassium_current_n_gate_variable_alpha_n":0.0060759389,"data_set_value_component_potassium_current_n_gate_variable_beta_n":0.188012273,"data_set_value_component_calcium_activated_potassium_current_variable_i_Ca_K":0.0166418656,"data_set_value_component_calcium_activated_potassium_current_variable_Ca":0.0141710352,"data_set_value_component_calcium_activated_potassium_current_variable_g_Ca_K":0.03,"data_set_value_component_calcium_activated_potassium_current_variable_rho":125.0,"data_set_value_component_calcium_activated_potassium_current_variable_K_c":0.00425,"data_set_value_component_leak_chloride_current_variable_i_Cl":-0.0446179239,"data_set_value_component_leak_chloride_current_variable_g_Cl":0.003,"data_set_value_component_leak_chloride_current_variable_E_Cl":-40.0},{"data_set_value_component_environment_variable_time":1.0,"data_set_value_component_model_constants_variable_alpha":0.12,"data_set_value_component_model_constants_variable_lamda":12.5,"data_set_value_component_membrane_variable_V":-54.858904596,"data_set_value_component_membrane_variable_Cm":2.5,"data_set_value_component_gate_voltage_variable_V_tilde":12.361134441,"data_set_value_component_T_type_calcium_current_variable_i_Ca_T":-0.0000084048,"data_set_value_component_T_type_calcium_current_variable_E_Ca":80.0,"data_set_value_component_T_type_calcium_current_variable_g_Ca_T":0.51,"data_set_value_component_T_type_calcium_current_m_gate_variable_m":0.0109498269,"data_set_value_component_T_type_calcium_current_m_gate_variable_alpha_m":0.089370212,"data_set_value_component_T_type_calcium_current_m_gate_variable_beta_m":8.0724219812,"data_set_value_component_T_type_calcium_current_h_gate_variable_h":0.0930802182,"data_set_value_component_T_type_calcium_current_h_gate_variable_alpha_h":0.1316883992,"data_set_value_component_T_type_calcium_current_h_gate_variable_beta_h":0.0138723719,"data_set_value_component_L_type_calcium_current_variable_i_Ca_L":-0.0142205006,"data_set_value_component_L_type_calcium_current_variable_g_Ca_L":0.004,"data_set_value_component_L_type_calcium_current_x_Ca_gate_variable_x_Ca":0.0263618124,"data_set_value_component_L_type_calcium_current_x_Ca_gate_variable_tau_x_Ca":500.0,"data_set_value_component_potassium_current_variable_i_K":0.0000001506,"data_set_value_component_potassium_current_variable_E_K":-75.0,"data_set_value_component_potassium_current_variable_g_K":0.3,"data_set_value_component_potassium_current_n_gate_variable_n":0.0125654847,"data_set_value_component_potassium_current_n_gate_variable_alpha_n":0.0060838159,"data_set_value_component_potassium_current_n_gate_variable_beta_n":0.1879732296,"data_set_value_component_calcium_activated_potassium_current_variable_i_Ca_K":0.0177133221,"data_set_value_component_calcium_activated_potassium_current_variable_Ca":0.0151003683,"data_set_value_component_calcium_activated_potassium_current_variable_g_Ca_K":0.03,"data_set_value_component_calcium_activated_potassium_current_variable_rho":125.0,"data_set_value_component_calcium_activated_potassium_current_variable_K_c":0.00425,"data_set_value_component_leak_chloride_current_variable_i_Cl":-0.0445767138,"data_set_value_component_leak_chloride_current_variable_g_Cl":0.003,"data_set_value_component_leak_chloride_current_variable_E_Cl":-40.0}]