[{"data_set_value_component_Environment_variable_time":0.0,"data_set_value_component_Mitochondrial_variables_variable_NADHm":0.6,"data_set_value_component_Mitochondrial_variables_variable_gamma":0.001,"data_set_value_component_Mitochondrial_variables_variable_NADm":9.4,"data_set_value_component_Mitochondrial_variables_variable_ADPm":7.4,"data_set_value_component_Mitochondrial_variables_variable_PSIm":93.0,"data_set_value_component_Mitochondrial_variables_variable_Cam":0.1,"data_set_value_component_Mitochondrial_variables_variable_NADtot":10.0,"data_set_value_component_Mitochondrial_variables_variable_fm":0.01,"data_set_value_component_Mitochondrial_variables_variable_Cmito":1.8,"data_set_value_component_Mitochondrial_variables_variable_Amtot":15.0,"data_set_value_component_Mitochondrial_variables_variable_ATPm":7.6,"data_set_value_component_Mitochondrial_variables_variable_RATm":1.027027027,"data_set_value_component_Cytosol_variable_ATPc":650.0,"data_set_value_component_Cytosol_variable_ADPc":1850.0,"data_set_value_component_Cytosol_variable_Ac_tot":2500.0,"data_set_value_component_Cytosol_variable_khyd":0.00005,"data_set_value_component_Cytosol_variable_Jhydbas":0.00005,"data_set_value_component_Cytosol_variable_Jh_yd":0.03575,"data_set_value_component_Cytosol_variable_delta":0.0733082707,"data_set_value_component_Clamp_protocol_variable_c":0.1,"data_set_value_component_Clamp_protocol_variable_FBP":0.5,"data_set_value_component_Clamp_parameters_variable_Fhold":1.0,"data_set_value_component_Clamp_parameters_variable_Ftest":5.0,"data_set_value_component_Clamp_parameters_variable_Fton":90000.0,"data_set_value_component_Clamp_parameters_variable_Ftoff":330000.0,"data_set_value_component_Clamp_parameters_variable_Fproto":1.0,"data_set_value_component_Clamp_parameters_variable_Cproto":0.1,"data_set_value_component_Clamp_parameters_variable_Chold":0.1,"data_set_value_component_Clamp_parameters_variable_Ctest":0.1,"data_set_value_component_Clamp_parameters_variable_Cton1":120000.0,"data_set_value_component_Clamp_parameters_variable_Cton2":180000.0,"data_set_value_component_Clamp_parameters_variable_Cton3":240000.0,"data_set_value_component_Clamp_parameters_variable_Ctoff1":150000.0,"data_set_value_component_Clamp_parameters_variable_Ctoff2":210000.0,"data_set_value_component_Clamp_parameters_variable_Ctoff3":270000.0,"data_set_value_component_Clamp_parameters_variable_pulse1":0.0,"data_set_value_component_Clamp_parameters_variable_pulse2":0.0,"data_set_value_component_Clamp_parameters_variable_pulse3":0.0,"data_set_value_component_Clamp_parameters_variable_heav_on":0.0,"data_set_value_component_Clamp_parameters_variable_heav_off":0.0,"data_set_value_component_Clamp_parameters_variable_heav_Cton1":0.0,"data_set_value_component_Clamp_parameters_variable_heav_Cton2":0.0,"data_set_value_component_Clamp_parameters_variable_heav_Cton3":0.0,"data_set_value_component_Clamp_parameters_variable_heav_Ctoff1":0.0,"data_set_value_component_Clamp_parameters_variable_heav_Ctoff2":0.0,"data_set_value_component_Clamp_parameters_variable_heav_Ctoff3":0.0,"data_set_value_component_J_variables_variable_Juni":-0.0017,"data_set_value_component_J_variables_variable_Jpdh":0.1208509771,"data_set_value_component_J_variables_variable_Jnaca":0.0044282302,"data_set_value_component_J_variables_variable_Jmito":0.0061282302,"data_set_value_component_J_variables_variable_Jh_leak":0.156,"data_set_value_component_J_variables_variable_Jh_atp":0.0007543924,"data_set_value_component_J_variables_variable_Jo":0.5142856883,"data_set_value_component_J_variables_variable_Jh_res":5.9999996966,"data_set_value_component_J_variables_variable_Jf1f0":0.0002200311,"data_set_value_component_J_variables_variable_Jant":0.6634944194,"data_set_value_component_J_variables_variable_Jgpdh":0.0003535534,"data_set_value_component_J_variables_variable_MM1":0.5142857143,"data_set_value_component_J_variables_variable_MM2":6.0,"data_set_value_component_J_variables_variable_b13":68.1818181818,"data_set_value_component_J_variables_variable_b2":19.8863636364,"data_set_value_component_J_variables_variable_FRT":0.037,"data_set_value_component_J_variables_variable_kgpdh":0.0005,"data_set_value_component_Parameters_variable_p1":400.0,"data_set_value_component_Parameters_variable_p2":1.0,"data_set_value_component_Parameters_variable_p3":0.01,"data_set_value_component_Parameters_variable_p4":0.6,"data_set_value_component_Parameters_variable_p5":0.1,"data_set_value_component_Parameters_variable_p6":177.0,"data_set_value_component_Parameters_variable_p7":5.0,"data_set_value_component_Parameters_variable_p8":7.0,"data_set_value_component_Parameters_variable_p9":0.1,"data_set_value_component_Parameters_variable_p10":177.0,"data_set_value_component_Parameters_variable_p11":5.0,"data_set_value_component_Parameters_variable_p12":120.0,"data_set_value_component_Parameters_variable_p13":10.0,"data_set_value_component_Parameters_variable_p14":190.0,"data_set_value_component_Parameters_variable_p15":8.5,"data_set_value_component_Parameters_variable_p16":35.0,"data_set_value_component_Parameters_variable_p17":0.002,"data_set_value_component_Parameters_variable_p18":-0.03,"data_set_value_component_Parameters_variable_p19":0.35,"data_set_value_component_Parameters_variable_p20":2.0,"data_set_value_component_Parameters_variable_p21":0.01,"data_set_value_component_Parameters_variable_p22":1.1,"data_set_value_component_Parameters_variable_p23":0.001,"data_set_value_component_Parameters_variable_p24":0.016},{"data_set_value_component_Environment_variable_time":0.1,"data_set_value_component_Mitochondrial_variables_variable_NADHm":0.5999626739,"data_set_value_component_Mitochondrial_variables_variable_gamma":0.001,"data_set_value_component_Mitochondrial_variables_variable_NADm":9.4000373261,"data_set_value_component_Mitochondrial_variables_variable_ADPm":7.4000665035,"data_set_value_component_Mitochondrial_variables_variable_PSIm":93.2875884288,"data_set_value_component_Mitochondrial_variables_variable_Cam":0.0999938761,"data_set_value_component_Mitochondrial_variables_variable_NADtot":10.0,"data_set_value_component_Mitochondrial_variables_variable_fm":0.01,"data_set_value_component_Mitochondrial_variables_variable_Cmito":1.8,"data_set_value_component_Mitochondrial_variables_variable_Amtot":15.0,"data_set_value_component_Mitochondrial_variables_variable_ATPm":7.5999334965,"data_set_value_component_Mitochondrial_variables_variable_RATm":1.0270088104,"data_set_value_component_Cytosol_variable_ATPc":650.0013018946,"data_set_value_component_Cytosol_variable_ADPc":1849.9986981054,"data_set_value_component_Cytosol_variable_Ac_tot":2500.0,"data_set_value_component_Cytosol_variable_khyd":0.00005,"data_set_value_component_Cytosol_variable_Jhydbas":0.00005,"data_set_value_component_Cytosol_variable_Jh_yd":0.0357500716,"data_set_value_component_Cytosol_variable_delta":0.0733082707,"data_set_value_component_Clamp_protocol_variable_c":0.1,"data_set_value_component_Clamp_protocol_variable_FBP":0.8160611794,"data_set_value_component_Clamp_parameters_variable_Fhold":1.0,"data_set_value_component_Clamp_parameters_variable_Ftest":5.0,"data_set_value_component_Clamp_parameters_variable_Fton":90000.0,"data_set_value_component_Clamp_parameters_variable_Ftoff":330000.0,"data_set_value_component_Clamp_parameters_variable_Fproto":1.0,"data_set_value_component_Clamp_parameters_variable_Cproto":0.1,"data_set_value_component_Clamp_parameters_variable_Chold":0.1,"data_set_value_component_Clamp_parameters_variable_Ctest":0.1,"data_set_value_component_Clamp_parameters_variable_Cton1":120000.0,"data_set_value_component_Clamp_parameters_variable_Cton2":180000.0,"data_set_value_component_Clamp_parameters_variable_Cton3":240000.0,"data_set_value_component_Clamp_parameters_variable_Ctoff1":150000.0,"data_set_value_component_Clamp_parameters_variable_Ctoff2":210000.0,"data_set_value_component_Clamp_parameters_variable_Ctoff3":270000.0,"data_set_value_component_Clamp_parameters_variable_pulse1":0.0,"data_set_value_component_Clamp_parameters_variable_pulse2":0.0,"data_set_value_component_Clamp_parameters_variable_pulse3":0.0,"data_set_value_component_Clamp_parameters_variable_heav_on":0.0,"data_set_value_component_Clamp_parameters_variable_heav_off":0.0,"data_set_value_component_Clamp_parameters_variable_heav_Cton1":0.0,"data_set_value_component_Clamp_parameters_variable_heav_Cton2":0.0,"data_set_value_component_Clamp_parameters_variable_heav_Cton3":0.0,"data_set_value_component_Clamp_parameters_variable_heav_Ctoff1":0.0,"data_set_value_component_Clamp_parameters_variable_heav_Ctoff2":0.0,"data_set_value_component_Clamp_parameters_variable_heav_Ctoff3":0.0,"data_set_value_component_J_variables_variable_Juni":-0.0016712412,"data_set_value_component_J_variables_variable_Jpdh":0.1543923686,"data_set_value_component_J_variables_variable_Jnaca":0.0044483808,"data_set_value_component_J_variables_variable_Jmito":0.006119622,"data_set_value_component_J_variables_variable_Jh_leak":0.1565751769,"data_set_value_component_J_variables_variable_Jh_atp":0.0007803559,"data_set_value_component_J_variables_variable_Jo":0.514281116,"data_set_value_component_J_variables_variable_Jh_res":5.9999463528,"data_set_value_component_J_variables_variable_Jf1f0":0.0002276038,"data_set_value_component_J_variables_variable_Jant":0.6670260559,"data_set_value_component_J_variables_variable_Jgpdh":0.0004516805,"data_set_value_component_J_variables_variable_MM1":0.5142811435,"data_set_value_component_J_variables_variable_MM2":5.9999466742,"data_set_value_component_J_variables_variable_b13":68.1820758152,"data_set_value_component_J_variables_variable_b2":19.8864387794,"data_set_value_component_J_variables_variable_FRT":0.037,"data_set_value_component_J_variables_variable_kgpdh":0.0005,"data_set_value_component_Parameters_variable_p1":400.0,"data_set_value_component_Parameters_variable_p2":1.0,"data_set_value_component_Parameters_variable_p3":0.01,"data_set_value_component_Parameters_variable_p4":0.6,"data_set_value_component_Parameters_variable_p5":0.1,"data_set_value_component_Parameters_variable_p6":177.0,"data_set_value_component_Parameters_variable_p7":5.0,"data_set_value_component_Parameters_variable_p8":7.0,"data_set_value_component_Parameters_variable_p9":0.1,"data_set_value_component_Parameters_variable_p10":177.0,"data_set_value_component_Parameters_variable_p11":5.0,"data_set_value_component_Parameters_variable_p12":120.0,"data_set_value_component_Parameters_variable_p13":10.0,"data_set_value_component_Parameters_variable_p14":190.0,"data_set_value_component_Parameters_variable_p15":8.5,"data_set_value_component_Parameters_variable_p16":35.0,"data_set_value_component_Parameters_variable_p17":0.002,"data_set_value_component_Parameters_variable_p18":-0.03,"data_set_value_component_Parameters_variable_p19":0.35,"data_set_value_component_Parameters_variable_p20":2.0,"data_set_value_component_Parameters_variable_p21":0.01,"data_set_value_component_Parameters_variable_p22":1.1,"data_set_value_component_Parameters_variable_p23":0.001,"data_set_value_component_Parameters_variable_p24":0.016},{"data_set_value_component_Environment_variable_time":0.2,"data_set_value_component_Mitochondrial_variables_variable_NADHm":0.5999273098,"data_set_value_component_Mitochondrial_variables_variable_gamma":0.001,"data_set_value_component_Mitochondrial_variables_variable_NADm":9.4000726902,"data_set_value_component_Mitochondrial_variables_variable_ADPm":7.4001333602,"data_set_value_component_Mitochondrial_variables_variable_PSIm":93.5749396223,"data_set_value_component_Mitochondrial_variables_variable_Cam":0.0999877607,"data_set_value_component_Mitochondrial_variables_variable_NADtot":10.0,"data_set_value_component_Mitochondrial_variables_variable_fm":0.01,"data_set_value_component_Mitochondrial_variables_variable_Cmito":1.8,"data_set_value_component_Mitochondrial_variables_variable_Amtot":15.0,"data_set_value_component_Mitochondrial_variables_variable_ATPm":7.5998666398,"data_set_value_component_Mitochondrial_variables_variable_RATm":1.0269904973,"data_set_value_component_Cytosol_variable_ATPc":650.0026297296,"data_set_value_component_Cytosol_variable_ADPc":1849.9973702704,"data_set_value_component_Cytosol_variable_Ac_tot":2500.0,"data_set_value_component_Cytosol_variable_khyd":0.00005,"data_set_value_component_Cytosol_variable_Jhydbas":0.00005,"data_set_value_component_Cytosol_variable_Jh_yd":0.0357501446,"data_set_value_component_Cytosol_variable_delta":0.0733082707,"data_set_value_component_Clamp_protocol_variable_c":0.1,"data_set_value_component_Clamp_protocol_variable_FBP":0.9323320767,"data_set_value_component_Clamp_parameters_variable_Fhold":1.0,"data_set_value_component_Clamp_parameters_variable_Ftest":5.0,"data_set_value_component_Clamp_parameters_variable_Fton":90000.0,"data_set_value_component_Clamp_parameters_variable_Ftoff":330000.0,"data_set_value_component_Clamp_parameters_variable_Fproto":1.0,"data_set_value_component_Clamp_parameters_variable_Cproto":0.1,"data_set_value_component_Clamp_parameters_variable_Chold":0.1,"data_set_value_component_Clamp_parameters_variable_Ctest":0.1,"data_set_value_component_Clamp_parameters_variable_Cton1":120000.0,"data_set_value_component_Clamp_parameters_variable_Cton2":180000.0,"data_set_value_component_Clamp_parameters_variable_Cton3":240000.0,"data_set_value_component_Clamp_parameters_variable_Ctoff1":150000.0,"data_set_value_component_Clamp_parameters_variable_Ctoff2":210000.0,"data_set_value_component_Clamp_parameters_variable_Ctoff3":270000.0,"data_set_value_component_Clamp_parameters_variable_pulse1":0.0,"data_set_value_component_Clamp_parameters_variable_pulse2":0.0,"data_set_value_component_Clamp_parameters_variable_pulse3":0.0,"data_set_value_component_Clamp_parameters_variable_heav_on":0.0,"data_set_value_component_Clamp_parameters_variable_heav_off":0.0,"data_set_value_component_Clamp_parameters_variable_heav_Cton1":0.0,"data_set_value_component_Clamp_parameters_variable_heav_Cton2":0.0,"data_set_value_component_Clamp_parameters_variable_heav_Cton3":0.0,"data_set_value_component_Clamp_parameters_variable_heav_Ctoff1":0.0,"data_set_value_component_Clamp_parameters_variable_heav_Ctoff2":0.0,"data_set_value_component_Clamp_parameters_variable_heav_Ctoff3":0.0,"data_set_value_component_J_variables_variable_Juni":-0.001642506,"data_set_value_component_J_variables_variable_Jpdh":0.1650247193,"data_set_value_component_J_variables_variable_Jnaca":0.0044686066,"data_set_value_component_J_variables_variable_Jmito":0.0061111126,"data_set_value_component_J_variables_variable_Jh_leak":0.1571498792,"data_set_value_component_J_variables_variable_Jh_atp":0.0008071903,"data_set_value_component_J_variables_variable_Jo":0.5142767833,"data_set_value_component_J_variables_variable_Jh_res":5.9998958057,"data_set_value_component_J_variables_variable_Jf1f0":0.0002354305,"data_set_value_component_J_variables_variable_Jant":0.6705735056,"data_set_value_component_J_variables_variable_Jgpdh":0.0004827867,"data_set_value_component_J_variables_variable_MM1":0.5142768125,"data_set_value_component_J_variables_variable_MM2":5.999896146,"data_set_value_component_J_variables_variable_b13":68.1823348188,"data_set_value_component_J_variables_variable_b2":19.8865143221,"data_set_value_component_J_variables_variable_FRT":0.037,"data_set_value_component_J_variables_variable_kgpdh":0.0005,"data_set_value_component_Parameters_variable_p1":400.0,"data_set_value_component_Parameters_variable_p2":1.0,"data_set_value_component_Parameters_variable_p3":0.01,"data_set_value_component_Parameters_variable_p4":0.6,"data_set_value_component_Parameters_variable_p5":0.1,"data_set_value_component_Parameters_variable_p6":177.0,"data_set_value_component_Parameters_variable_p7":5.0,"data_set_value_component_Parameters_variable_p8":7.0,"data_set_value_component_Parameters_variable_p9":0.1,"data_set_value_component_Parameters_variable_p10":177.0,"data_set_value_component_Parameters_variable_p11":5.0,"data_set_value_component_Parameters_variable_p12":120.0,"data_set_value_component_Parameters_variable_p13":10.0,"data_set_value_component_Parameters_variable_p14":190.0,"data_set_value_component_Parameters_variable_p15":8.5,"data_set_value_component_Parameters_variable_p16":35.0,"data_set_value_component_Parameters_variable_p17":0.002,"data_set_value_component_Parameters_variable_p18":-0.03,"data_set_value_component_Parameters_variable_p19":0.35,"data_set_value_component_Parameters_variable_p20":2.0,"data_set_value_component_Parameters_variable_p21":0.01,"data_set_value_component_Parameters_variable_p22":1.1,"data_set_value_component_Parameters_variable_p23":0.001,"data_set_value_component_Parameters_variable_p24":0.016},{"data_set_value_component_Environment_variable_time":0.3,"data_set_value_component_Mitochondrial_variables_variable_NADHm":0.5998926033,"data_set_value_component_Mitochondrial_variables_variable_gamma":0.001,"data_set_value_component_Mitochondrial_variables_variable_NADm":9.4001073967,"data_set_value_component_Mitochondrial_variables_variable_ADPm":7.4002005716,"data_set_value_component_Mitochondrial_variables_variable_PSIm":93.8620527697,"data_set_value_component_Mitochondrial_variables_variable_Cam":0.0999816538,"data_set_value_component_Mitochondrial_variables_variable_NADtot":10.0,"data_set_value_component_Mitochondrial_variables_variable_fm":0.01,"data_set_value_component_Mitochondrial_variables_variable_Cmito":1.8,"data_set_value_component_Mitochondrial_variables_variable_Amtot":15.0,"data_set_value_component_Mitochondrial_variables_variable_ATPm":7.5997994284,"data_set_value_component_Mitochondrial_variables_variable_RATm":1.0269720874,"data_set_value_component_Cytosol_variable_ATPc":650.0039836212,"data_set_value_component_Cytosol_variable_ADPc":1849.9960163788,"data_set_value_component_Cytosol_variable_Ac_tot":2500.0,"data_set_value_component_Cytosol_variable_khyd":0.00005,"data_set_value_component_Cytosol_variable_Jhydbas":0.00005,"data_set_value_component_Cytosol_variable_Jh_yd":0.0357502191,"data_set_value_component_Cytosol_variable_delta":0.0733082707,"data_set_value_component_Clamp_protocol_variable_c":0.1,"data_set_value_component_Clamp_protocol_variable_FBP":0.9751059083,"data_set_value_component_Clamp_parameters_variable_Fhold":1.0,"data_set_value_component_Clamp_parameters_variable_Ftest":5.0,"data_set_value_component_Clamp_parameters_variable_Fton":90000.0,"data_set_value_component_Clamp_parameters_variable_Ftoff":330000.0,"data_set_value_component_Clamp_parameters_variable_Fproto":1.0,"data_set_value_component_Clamp_parameters_variable_Cproto":0.1,"data_set_value_component_Clamp_parameters_variable_Chold":0.1,"data_set_value_component_Clamp_parameters_variable_Ctest":0.1,"data_set_value_component_Clamp_parameters_variable_Cton1":120000.0,"data_set_value_component_Clamp_parameters_variable_Cton2":180000.0,"data_set_value_component_Clamp_parameters_variable_Cton3":240000.0,"data_set_value_component_Clamp_parameters_variable_Ctoff1":150000.0,"data_set_value_component_Clamp_parameters_variable_Ctoff2":210000.0,"data_set_value_component_Clamp_parameters_variable_Ctoff3":270000.0,"data_set_value_component_Clamp_parameters_variable_pulse1":0.0,"data_set_value_component_Clamp_parameters_variable_pulse2":0.0,"data_set_value_component_Clamp_parameters_variable_pulse3":0.0,"data_set_value_component_Clamp_parameters_variable_heav_on":0.0,"data_set_value_component_Clamp_parameters_variable_heav_off":0.0,"data_set_value_component_Clamp_parameters_variable_heav_Cton1":0.0,"data_set_value_component_Clamp_parameters_variable_heav_Cton2":0.0,"data_set_value_component_Clamp_parameters_variable_heav_Cton3":0.0,"data_set_value_component_Clamp_parameters_variable_heav_Ctoff1":0.0,"data_set_value_component_Clamp_parameters_variable_heav_Ctoff2":0.0,"data_set_value_component_Clamp_parameters_variable_heav_Ctoff3":0.0,"data_set_value_component_J_variables_variable_Juni":-0.0016137947,"data_set_value_component_J_variables_variable_Jpdh":0.1687674838,"data_set_value_component_J_variables_variable_Jnaca":0.0044889076,"data_set_value_component_J_variables_variable_Jmito":0.0061027023,"data_set_value_component_J_variables_variable_Jh_leak":0.1577241055,"data_set_value_component_J_variables_variable_Jh_atp":0.0008349242,"data_set_value_component_J_variables_variable_Jo":0.5142725308,"data_set_value_component_J_variables_variable_Jh_res":5.9998461921,"data_set_value_component_J_variables_variable_Jf1f0":0.0002435196,"data_set_value_component_J_variables_variable_Jant":0.6741368108,"data_set_value_component_J_variables_variable_Jgpdh":0.0004937373,"data_set_value_component_J_variables_variable_MM1":0.5142725616,"data_set_value_component_J_variables_variable_MM2":5.9998465526,"data_set_value_component_J_variables_variable_b13":68.1825951986,"data_set_value_component_J_variables_variable_b2":19.8865902663,"data_set_value_component_J_variables_variable_FRT":0.037,"data_set_value_component_J_variables_variable_kgpdh":0.0005,"data_set_value_component_Parameters_variable_p1":400.0,"data_set_value_component_Parameters_variable_p2":1.0,"data_set_value_component_Parameters_variable_p3":0.01,"data_set_value_component_Parameters_variable_p4":0.6,"data_set_value_component_Parameters_variable_p5":0.1,"data_set_value_component_Parameters_variable_p6":177.0,"data_set_value_component_Parameters_variable_p7":5.0,"data_set_value_component_Parameters_variable_p8":7.0,"data_set_value_component_Parameters_variable_p9":0.1,"data_set_value_component_Parameters_variable_p10":177.0,"data_set_value_component_Parameters_variable_p11":5.0,"data_set_value_component_Parameters_variable_p12":120.0,"data_set_value_component_Parameters_variable_p13":10.0,"data_set_value_component_Parameters_variable_p14":190.0,"data_set_value_component_Parameters_variable_p15":8.5,"data_set_value_component_Parameters_variable_p16":35.0,"data_set_value_component_Parameters_variable_p17":0.002,"data_set_value_component_Parameters_variable_p18":-0.03,"data_set_value_component_Parameters_variable_p19":0.35,"data_set_value_component_Parameters_variable_p20":2.0,"data_set_value_component_Parameters_variable_p21":0.01,"data_set_value_component_Parameters_variable_p22":1.1,"data_set_value_component_Parameters_variable_p23":0.001,"data_set_value_component_Parameters_variable_p24":0.016},{"data_set_value_component_Environment_variable_time":0.4,"data_set_value_component_Mitochondrial_variables_variable_NADHm":0.599858132,"data_set_value_component_Mitochondrial_variables_variable_gamma":0.001,"data_set_value_component_Mitochondrial_variables_variable_NADm":9.400141868,"data_set_value_component_Mitochondrial_variables_variable_ADPm":7.4002681394,"data_set_value_component_Mitochondrial_variables_variable_PSIm":94.1489269954,"data_set_value_component_Mitochondrial_variables_variable_Cam":0.0999755553,"data_set_value_component_Mitochondrial_variables_variable_NADtot":10.0,"data_set_value_component_Mitochondrial_variables_variable_fm":0.01,"data_set_value_component_Mitochondrial_variables_variable_Cmito":1.8,"data_set_value_component_Mitochondrial_variables_variable_Amtot":15.0,"data_set_value_component_Mitochondrial_variables_variable_ATPm":7.5997318606,"data_set_value_component_Mitochondrial_variables_variable_RATm":1.0269535803,"data_set_value_component_Cytosol_variable_ATPc":650.0053636854,"data_set_value_component_Cytosol_variable_ADPc":1849.9946363146,"data_set_value_component_Cytosol_variable_Ac_tot":2500.0,"data_set_value_component_Cytosol_variable_khyd":0.00005,"data_set_value_component_Cytosol_variable_Jhydbas":0.00005,"data_set_value_component_Cytosol_variable_Jh_yd":0.035750295,"data_set_value_component_Cytosol_variable_delta":0.0733082707,"data_set_value_component_Clamp_protocol_variable_c":0.1,"data_set_value_component_Clamp_protocol_variable_FBP":0.990840929,"data_set_value_component_Clamp_parameters_variable_Fhold":1.0,"data_set_value_component_Clamp_parameters_variable_Ftest":5.0,"data_set_value_component_Clamp_parameters_variable_Fton":90000.0,"data_set_value_component_Clamp_parameters_variable_Ftoff":330000.0,"data_set_value_component_Clamp_parameters_variable_Fproto":1.0,"data_set_value_component_Clamp_parameters_variable_Cproto":0.1,"data_set_value_component_Clamp_parameters_variable_Chold":0.1,"data_set_value_component_Clamp_parameters_variable_Ctest":0.1,"data_set_value_component_Clamp_parameters_variable_Cton1":120000.0,"data_set_value_component_Clamp_parameters_variable_Cton2":180000.0,"data_set_value_component_Clamp_parameters_variable_Cton3":240000.0,"data_set_value_component_Clamp_parameters_variable_Ctoff1":150000.0,"data_set_value_component_Clamp_parameters_variable_Ctoff2":210000.0,"data_set_value_component_Clamp_parameters_variable_Ctoff3":270000.0,"data_set_value_component_Clamp_parameters_variable_pulse1":0.0,"data_set_value_component_Clamp_parameters_variable_pulse2":0.0,"data_set_value_component_Clamp_parameters_variable_pulse3":0.0,"data_set_value_component_Clamp_parameters_variable_heav_on":0.0,"data_set_value_component_Clamp_parameters_variable_heav_off":0.0,"data_set_value_component_Clamp_parameters_variable_heav_Cton1":0.0,"data_set_value_component_Clamp_parameters_variable_heav_Cton2":0.0,"data_set_value_component_Clamp_parameters_variable_heav_Cton3":0.0,"data_set_value_component_Clamp_parameters_variable_heav_Ctoff1":0.0,"data_set_value_component_Clamp_parameters_variable_heav_Ctoff2":0.0,"data_set_value_component_Clamp_parameters_variable_heav_Ctoff3":0.0,"data_set_value_component_J_variables_variable_Juni":-0.0015851073,"data_set_value_component_J_variables_variable_Jpdh":0.1701233923,"data_set_value_component_J_variables_variable_Jnaca":0.0045092839,"data_set_value_component_J_variables_variable_Jmito":0.0060943912,"data_set_value_component_J_variables_variable_Jh_leak":0.158297854,"data_set_value_component_J_variables_variable_Jh_atp":0.0008635866,"data_set_value_component_J_variables_variable_Jo":0.5142683065,"data_set_value_component_J_variables_variable_Jh_res":5.9997969086,"data_set_value_component_J_variables_variable_Jf1f0":0.0002518794,"data_set_value_component_J_variables_variable_Jant":0.6777160126,"data_set_value_component_J_variables_variable_Jgpdh":0.000497705,"data_set_value_component_J_variables_variable_MM1":0.5142683392,"data_set_value_component_J_variables_variable_MM2":5.9997972903,"data_set_value_component_J_variables_variable_b13":68.1828569608,"data_set_value_component_J_variables_variable_b2":19.8866666136,"data_set_value_component_J_variables_variable_FRT":0.037,"data_set_value_component_J_variables_variable_kgpdh":0.0005,"data_set_value_component_Parameters_variable_p1":400.0,"data_set_value_component_Parameters_variable_p2":1.0,"data_set_value_component_Parameters_variable_p3":0.01,"data_set_value_component_Parameters_variable_p4":0.6,"data_set_value_component_Parameters_variable_p5":0.1,"data_set_value_component_Parameters_variable_p6":177.0,"data_set_value_component_Parameters_variable_p7":5.0,"data_set_value_component_Parameters_variable_p8":7.0,"data_set_value_component_Parameters_variable_p9":0.1,"data_set_value_component_Parameters_variable_p10":177.0,"data_set_value_component_Parameters_variable_p11":5.0,"data_set_value_component_Parameters_variable_p12":120.0,"data_set_value_component_Parameters_variable_p13":10.0,"data_set_value_component_Parameters_variable_p14":190.0,"data_set_value_component_Parameters_variable_p15":8.5,"data_set_value_component_Parameters_variable_p16":35.0,"data_set_value_component_Parameters_variable_p17":0.002,"data_set_value_component_Parameters_variable_p18":-0.03,"data_set_value_component_Parameters_variable_p19":0.35,"data_set_value_component_Parameters_variable_p20":2.0,"data_set_value_component_Parameters_variable_p21":0.01,"data_set_value_component_Parameters_variable_p22":1.1,"data_set_value_component_Parameters_variable_p23":0.001,"data_set_value_component_Parameters_variable_p24":0.016},{"data_set_value_component_Environment_variable_time":0.5,"data_set_value_component_Mitochondrial_variables_variable_NADHm":0.5998237466,"data_set_value_component_Mitochondrial_variables_variable_gamma":0.001,"data_set_value_component_Mitochondrial_variables_variable_NADm":9.4001762534,"data_set_value_component_Mitochondrial_variables_variable_ADPm":7.400336065,"data_set_value_component_Mitochondrial_variables_variable_PSIm":94.4355613991,"data_set_value_component_Mitochondrial_variables_variable_Cam":0.099969465,"data_set_value_component_Mitochondrial_variables_variable_NADtot":10.0,"data_set_value_component_Mitochondrial_variables_variable_fm":0.01,"data_set_value_component_Mitochondrial_variables_variable_Cmito":1.8,"data_set_value_component_Mitochondrial_variables_variable_Amtot":15.0,"data_set_value_component_Mitochondrial_variables_variable_ATPm":7.599663935,"data_set_value_component_Mitochondrial_variables_variable_RATm":1.0269349754,"data_set_value_component_Cytosol_variable_ATPc":650.0067700388,"data_set_value_component_Cytosol_variable_ADPc":1849.9932299612,"data_set_value_component_Cytosol_variable_Ac_tot":2500.0,"data_set_value_component_Cytosol_variable_khyd":0.00005,"data_set_value_component_Cytosol_variable_Jhydbas":0.00005,"data_set_value_component_Cytosol_variable_Jh_yd":0.0357503724,"data_set_value_component_Cytosol_variable_delta":0.0733082707,"data_set_value_component_Clamp_protocol_variable_c":0.1,"data_set_value_component_Clamp_protocol_variable_FBP":0.9966296543,"data_set_value_component_Clamp_parameters_variable_Fhold":1.0,"data_set_value_component_Clamp_parameters_variable_Ftest":5.0,"data_set_value_component_Clamp_parameters_variable_Fton":90000.0,"data_set_value_component_Clamp_parameters_variable_Ftoff":330000.0,"data_set_value_component_Clamp_parameters_variable_Fproto":1.0,"data_set_value_component_Clamp_parameters_variable_Cproto":0.1,"data_set_value_component_Clamp_parameters_variable_Chold":0.1,"data_set_value_component_Clamp_parameters_variable_Ctest":0.1,"data_set_value_component_Clamp_parameters_variable_Cton1":120000.0,"data_set_value_component_Clamp_parameters_variable_Cton2":180000.0,"data_set_value_component_Clamp_parameters_variable_Cton3":240000.0,"data_set_value_component_Clamp_parameters_variable_Ctoff1":150000.0,"data_set_value_component_Clamp_parameters_variable_Ctoff2":210000.0,"data_set_value_component_Clamp_parameters_variable_Ctoff3":270000.0,"data_set_value_component_Clamp_parameters_variable_pulse1":0.0,"data_set_value_component_Clamp_parameters_variable_pulse2":0.0,"data_set_value_component_Clamp_parameters_variable_pulse3":0.0,"data_set_value_component_Clamp_parameters_variable_heav_on":0.0,"data_set_value_component_Clamp_parameters_variable_heav_off":0.0,"data_set_value_component_Clamp_parameters_variable_heav_Cton1":0.0,"data_set_value_component_Clamp_parameters_variable_heav_Cton2":0.0,"data_set_value_component_Clamp_parameters_variable_heav_Cton3":0.0,"data_set_value_component_Clamp_parameters_variable_heav_Ctoff1":0.0,"data_set_value_component_Clamp_parameters_variable_heav_Ctoff2":0.0,"data_set_value_component_Clamp_parameters_variable_heav_Ctoff3":0.0,"data_set_value_component_J_variables_variable_Juni":-0.0015564439,"data_set_value_component_J_variables_variable_Jpdh":0.170619298,"data_set_value_component_J_variables_variable_Jnaca":0.0045297357,"data_set_value_component_J_variables_variable_Jmito":0.0060861795,"data_set_value_component_J_variables_variable_Jh_leak":0.1588711228,"data_set_value_component_J_variables_variable_Jh_atp":0.0008932079,"data_set_value_component_J_variables_variable_Jo":0.5142640922,"data_set_value_component_J_variables_variable_Jh_res":5.9997477418,"data_set_value_component_J_variables_variable_Jf1f0":0.000260519,"data_set_value_component_J_variables_variable_Jant":0.6813111517,"data_set_value_component_J_variables_variable_Jgpdh":0.0004991567,"data_set_value_component_J_variables_variable_MM1":0.5142641268,"data_set_value_component_J_variables_variable_MM2":5.999748146,"data_set_value_component_J_variables_variable_b13":68.1831201114,"data_set_value_component_J_variables_variable_b2":19.8867433658,"data_set_value_component_J_variables_variable_FRT":0.037,"data_set_value_component_J_variables_variable_kgpdh":0.0005,"data_set_value_component_Parameters_variable_p1":400.0,"data_set_value_component_Parameters_variable_p2":1.0,"data_set_value_component_Parameters_variable_p3":0.01,"data_set_value_component_Parameters_variable_p4":0.6,"data_set_value_component_Parameters_variable_p5":0.1,"data_set_value_component_Parameters_variable_p6":177.0,"data_set_value_component_Parameters_variable_p7":5.0,"data_set_value_component_Parameters_variable_p8":7.0,"data_set_value_component_Parameters_variable_p9":0.1,"data_set_value_component_Parameters_variable_p10":177.0,"data_set_value_component_Parameters_variable_p11":5.0,"data_set_value_component_Parameters_variable_p12":120.0,"data_set_value_component_Parameters_variable_p13":10.0,"data_set_value_component_Parameters_variable_p14":190.0,"data_set_value_component_Parameters_variable_p15":8.5,"data_set_value_component_Parameters_variable_p16":35.0,"data_set_value_component_Parameters_variable_p17":0.002,"data_set_value_component_Parameters_variable_p18":-0.03,"data_set_value_component_Parameters_variable_p19":0.35,"data_set_value_component_Parameters_variable_p20":2.0,"data_set_value_component_Parameters_variable_p21":0.01,"data_set_value_component_Parameters_variable_p22":1.1,"data_set_value_component_Parameters_variable_p23":0.001,"data_set_value_component_Parameters_variable_p24":0.016},{"data_set_value_component_Environment_variable_time":0.6,"data_set_value_component_Mitochondrial_variables_variable_NADHm":0.5997893929,"data_set_value_component_Mitochondrial_variables_variable_gamma":0.001,"data_set_value_component_Mitochondrial_variables_variable_NADm":9.4002106071,"data_set_value_component_Mitochondrial_variables_variable_ADPm":7.40040435,"data_set_value_component_Mitochondrial_variables_variable_PSIm":94.7219550693,"data_set_value_component_Mitochondrial_variables_variable_Cam":0.0999633829,"data_set_value_component_Mitochondrial_variables_variable_NADtot":10.0,"data_set_value_component_Mitochondrial_variables_variable_fm":0.01,"data_set_value_component_Mitochondrial_variables_variable_Cmito":1.8,"data_set_value_component_Mitochondrial_variables_variable_Amtot":15.0,"data_set_value_component_Mitochondrial_variables_variable_ATPm":7.59959565,"data_set_value_component_Mitochondrial_variables_variable_RATm":1.0269162725,"data_set_value_component_Cytosol_variable_ATPc":650.0082027984,"data_set_value_component_Cytosol_variable_ADPc":1849.9917972016,"data_set_value_component_Cytosol_variable_Ac_tot":2500.0,"data_set_value_component_Cytosol_variable_khyd":0.00005,"data_set_value_component_Cytosol_variable_Jhydbas":0.00005,"data_set_value_component_Cytosol_variable_Jh_yd":0.0357504512,"data_set_value_component_Cytosol_variable_delta":0.0733082707,"data_set_value_component_Clamp_protocol_variable_c":0.1,"data_set_value_component_Clamp_protocol_variable_FBP":0.998760035,"data_set_value_component_Clamp_parameters_variable_Fhold":1.0,"data_set_value_component_Clamp_parameters_variable_Ftest":5.0,"data_set_value_component_Clamp_parameters_variable_Fton":90000.0,"data_set_value_component_Clamp_parameters_variable_Ftoff":330000.0,"data_set_value_component_Clamp_parameters_variable_Fproto":1.0,"data_set_value_component_Clamp_parameters_variable_Cproto":0.1,"data_set_value_component_Clamp_parameters_variable_Chold":0.1,"data_set_value_component_Clamp_parameters_variable_Ctest":0.1,"data_set_value_component_Clamp_parameters_variable_Cton1":120000.0,"data_set_value_component_Clamp_parameters_variable_Cton2":180000.0,"data_set_value_component_Clamp_parameters_variable_Cton3":240000.0,"data_set_value_component_Clamp_parameters_variable_Ctoff1":150000.0,"data_set_value_component_Clamp_parameters_variable_Ctoff2":210000.0,"data_set_value_component_Clamp_parameters_variable_Ctoff3":270000.0,"data_set_value_component_Clamp_parameters_variable_pulse1":0.0,"data_set_value_component_Clamp_parameters_variable_pulse2":0.0,"data_set_value_component_Clamp_parameters_variable_pulse3":0.0,"data_set_value_component_Clamp_parameters_variable_heav_on":0.0,"data_set_value_component_Clamp_parameters_variable_heav_off":0.0,"data_set_value_component_Clamp_parameters_variable_heav_Cton1":0.0,"data_set_value_component_Clamp_parameters_variable_heav_Cton2":0.0,"data_set_value_component_Clamp_parameters_variable_heav_Cton3":0.0,"data_set_value_component_Clamp_parameters_variable_heav_Ctoff1":0.0,"data_set_value_component_Clamp_parameters_variable_heav_Ctoff2":0.0,"data_set_value_component_Clamp_parameters_variable_heav_Ctoff3":0.0,"data_set_value_component_J_variables_variable_Juni":-0.0015278045,"data_set_value_component_J_variables_variable_Jpdh":0.1708012365,"data_set_value_component_J_variables_variable_Jnaca":0.004550263,"data_set_value_component_J_variables_variable_Jmito":0.0060780675,"data_set_value_component_J_variables_variable_Jh_leak":0.1594439101,"data_set_value_component_J_variables_variable_Jh_atp":0.000923819,"data_set_value_component_J_variables_variable_Jo":0.5142598812,"data_set_value_component_J_variables_variable_Jh_res":5.9996986141,"data_set_value_component_J_variables_variable_Jf1f0":0.0002694472,"data_set_value_component_J_variables_variable_Jant":0.6849222685,"data_set_value_component_J_variables_variable_Jgpdh":0.0004996899,"data_set_value_component_J_variables_variable_MM1":0.5142599179,"data_set_value_component_J_variables_variable_MM2":5.9996990422,"data_set_value_component_J_variables_variable_b13":68.1833846565,"data_set_value_component_J_variables_variable_b2":19.8868205248,"data_set_value_component_J_variables_variable_FRT":0.037,"data_set_value_component_J_variables_variable_kgpdh":0.0005,"data_set_value_component_Parameters_variable_p1":400.0,"data_set_value_component_Parameters_variable_p2":1.0,"data_set_value_component_Parameters_variable_p3":0.01,"data_set_value_component_Parameters_variable_p4":0.6,"data_set_value_component_Parameters_variable_p5":0.1,"data_set_value_component_Parameters_variable_p6":177.0,"data_set_value_component_Parameters_variable_p7":5.0,"data_set_value_component_Parameters_variable_p8":7.0,"data_set_value_component_Parameters_variable_p9":0.1,"data_set_value_component_Parameters_variable_p10":177.0,"data_set_value_component_Parameters_variable_p11":5.0,"data_set_value_component_Parameters_variable_p12":120.0,"data_set_value_component_Parameters_variable_p13":10.0,"data_set_value_component_Parameters_variable_p14":190.0,"data_set_value_component_Parameters_variable_p15":8.5,"data_set_value_component_Parameters_variable_p16":35.0,"data_set_value_component_Parameters_variable_p17":0.002,"data_set_value_component_Parameters_variable_p18":-0.03,"data_set_value_component_Parameters_variable_p19":0.35,"data_set_value_component_Parameters_variable_p20":2.0,"data_set_value_component_Parameters_variable_p21":0.01,"data_set_value_component_Parameters_variable_p22":1.1,"data_set_value_component_Parameters_variable_p23":0.001,"data_set_value_component_Parameters_variable_p24":0.016},{"data_set_value_component_Environment_variable_time":0.7,"data_set_value_component_Mitochondrial_variables_variable_NADHm":0.5997550512,"data_set_value_component_Mitochondrial_variables_variable_gamma":0.001,"data_set_value_component_Mitochondrial_variables_variable_NADm":9.4002449488,"data_set_value_component_Mitochondrial_variables_variable_ADPm":7.4004729961,"data_set_value_component_Mitochondrial_variables_variable_PSIm":95.008107088,"data_set_value_component_Mitochondrial_variables_variable_Cam":0.0999573088,"data_set_value_component_Mitochondrial_variables_variable_NADtot":10.0,"data_set_value_component_Mitochondrial_variables_variable_fm":0.01,"data_set_value_component_Mitochondrial_variables_variable_Cmito":1.8,"data_set_value_component_Mitochondrial_variables_variable_Amtot":15.0,"data_set_value_component_Mitochondrial_variables_variable_ATPm":7.5995270039,"data_set_value_component_Mitochondrial_variables_variable_RATm":1.026897471,"data_set_value_component_Cytosol_variable_ATPc":650.0096620811,"data_set_value_component_Cytosol_variable_ADPc":1849.9903379189,"data_set_value_component_Cytosol_variable_Ac_tot":2500.0,"data_set_value_component_Cytosol_variable_khyd":0.00005,"data_set_value_component_Cytosol_variable_Jhydbas":0.00005,"data_set_value_component_Cytosol_variable_Jh_yd":0.0357505314,"data_set_value_component_Cytosol_variable_delta":0.0733082707,"data_set_value_component_Clamp_protocol_variable_c":0.1,"data_set_value_component_Clamp_protocol_variable_FBP":0.9995438159,"data_set_value_component_Clamp_parameters_variable_Fhold":1.0,"data_set_value_component_Clamp_parameters_variable_Ftest":5.0,"data_set_value_component_Clamp_parameters_variable_Fton":90000.0,"data_set_value_component_Clamp_parameters_variable_Ftoff":330000.0,"data_set_value_component_Clamp_parameters_variable_Fproto":1.0,"data_set_value_component_Clamp_parameters_variable_Cproto":0.1,"data_set_value_component_Clamp_parameters_variable_Chold":0.1,"data_set_value_component_Clamp_parameters_variable_Ctest":0.1,"data_set_value_component_Clamp_parameters_variable_Cton1":120000.0,"data_set_value_component_Clamp_parameters_variable_Cton2":180000.0,"data_set_value_component_Clamp_parameters_variable_Cton3":240000.0,"data_set_value_component_Clamp_parameters_variable_Ctoff1":150000.0,"data_set_value_component_Clamp_parameters_variable_Ctoff2":210000.0,"data_set_value_component_Clamp_parameters_variable_Ctoff3":270000.0,"data_set_value_component_Clamp_parameters_variable_pulse1":0.0,"data_set_value_component_Clamp_parameters_variable_pulse2":0.0,"data_set_value_component_Clamp_parameters_variable_pulse3":0.0,"data_set_value_component_Clamp_parameters_variable_heav_on":0.0,"data_set_value_component_Clamp_parameters_variable_heav_off":0.0,"data_set_value_component_Clamp_parameters_variable_heav_Cton1":0.0,"data_set_value_component_Clamp_parameters_variable_heav_Cton2":0.0,"data_set_value_component_Clamp_parameters_variable_heav_Cton3":0.0,"data_set_value_component_Clamp_parameters_variable_heav_Ctoff1":0.0,"data_set_value_component_Clamp_parameters_variable_heav_Ctoff2":0.0,"data_set_value_component_Clamp_parameters_variable_heav_Ctoff3":0.0,"data_set_value_component_J_variables_variable_Juni":-0.0014991893,"data_set_value_component_J_variables_variable_Jpdh":0.1708679218,"data_set_value_component_J_variables_variable_Jnaca":0.0045708661,"data_set_value_component_J_variables_variable_Jmito":0.0060700554,"data_set_value_component_J_variables_variable_Jh_leak":0.1600162142,"data_set_value_component_J_variables_variable_Jh_atp":0.000955452,"data_set_value_component_J_variables_variable_Jo":0.5142556712,"data_set_value_component_J_variables_variable_Jh_res":5.9996494973,"data_set_value_component_J_variables_variable_Jf1f0":0.0002786735,"data_set_value_component_J_variables_variable_Jant":0.688549403,"data_set_value_component_J_variables_variable_Jgpdh":0.0004998859,"data_set_value_component_J_variables_variable_MM1":0.5142557101,"data_set_value_component_J_variables_variable_MM2":5.9996499506,"data_set_value_component_J_variables_variable_b13":68.1836506023,"data_set_value_component_J_variables_variable_b2":19.8868980923,"data_set_value_component_J_variables_variable_FRT":0.037,"data_set_value_component_J_variables_variable_kgpdh":0.0005,"data_set_value_component_Parameters_variable_p1":400.0,"data_set_value_component_Parameters_variable_p2":1.0,"data_set_value_component_Parameters_variable_p3":0.01,"data_set_value_component_Parameters_variable_p4":0.6,"data_set_value_component_Parameters_variable_p5":0.1,"data_set_value_component_Parameters_variable_p6":177.0,"data_set_value_component_Parameters_variable_p7":5.0,"data_set_value_component_Parameters_variable_p8":7.0,"data_set_value_component_Parameters_variable_p9":0.1,"data_set_value_component_Parameters_variable_p10":177.0,"data_set_value_component_Parameters_variable_p11":5.0,"data_set_value_component_Parameters_variable_p12":120.0,"data_set_value_component_Parameters_variable_p13":10.0,"data_set_value_component_Parameters_variable_p14":190.0,"data_set_value_component_Parameters_variable_p15":8.5,"data_set_value_component_Parameters_variable_p16":35.0,"data_set_value_component_Parameters_variable_p17":0.002,"data_set_value_component_Parameters_variable_p18":-0.03,"data_set_value_component_Parameters_variable_p19":0.35,"data_set_value_component_Parameters_variable_p20":2.0,"data_set_value_component_Parameters_variable_p21":0.01,"data_set_value_component_Parameters_variable_p22":1.1,"data_set_value_component_Parameters_variable_p23":0.001,"data_set_value_component_Parameters_variable_p24":0.016},{"data_set_value_component_Environment_variable_time":0.8,"data_set_value_component_Mitochondrial_variables_variable_NADHm":0.599720714,"data_set_value_component_Mitochondrial_variables_variable_gamma":0.001,"data_set_value_component_Mitochondrial_variables_variable_NADm":9.400279286,"data_set_value_component_Mitochondrial_variables_variable_ADPm":7.4005420047,"data_set_value_component_Mitochondrial_variables_variable_PSIm":95.294016532,"data_set_value_component_Mitochondrial_variables_variable_Cam":0.0999512427,"data_set_value_component_Mitochondrial_variables_variable_NADtot":10.0,"data_set_value_component_Mitochondrial_variables_variable_fm":0.01,"data_set_value_component_Mitochondrial_variables_variable_Cmito":1.8,"data_set_value_component_Mitochondrial_variables_variable_Amtot":15.0,"data_set_value_component_Mitochondrial_variables_variable_ATPm":7.5994579953,"data_set_value_component_Mitochondrial_variables_variable_RATm":1.0268785706,"data_set_value_component_Cytosol_variable_ATPc":650.0111480045,"data_set_value_component_Cytosol_variable_ADPc":1849.9888519955,"data_set_value_component_Cytosol_variable_Ac_tot":2500.0,"data_set_value_component_Cytosol_variable_khyd":0.00005,"data_set_value_component_Cytosol_variable_Jhydbas":0.00005,"data_set_value_component_Cytosol_variable_Jh_yd":0.0357506131,"data_set_value_component_Cytosol_variable_delta":0.0733082707,"data_set_value_component_Clamp_protocol_variable_c":0.1,"data_set_value_component_Clamp_protocol_variable_FBP":0.9998320353,"data_set_value_component_Clamp_parameters_variable_Fhold":1.0,"data_set_value_component_Clamp_parameters_variable_Ftest":5.0,"data_set_value_component_Clamp_parameters_variable_Fton":90000.0,"data_set_value_component_Clamp_parameters_variable_Ftoff":330000.0,"data_set_value_component_Clamp_parameters_variable_Fproto":1.0,"data_set_value_component_Clamp_parameters_variable_Cproto":0.1,"data_set_value_component_Clamp_parameters_variable_Chold":0.1,"data_set_value_component_Clamp_parameters_variable_Ctest":0.1,"data_set_value_component_Clamp_parameters_variable_Cton1":120000.0,"data_set_value_component_Clamp_parameters_variable_Cton2":180000.0,"data_set_value_component_Clamp_parameters_variable_Cton3":240000.0,"data_set_value_component_Clamp_parameters_variable_Ctoff1":150000.0,"data_set_value_component_Clamp_parameters_variable_Ctoff2":210000.0,"data_set_value_component_Clamp_parameters_variable_Ctoff3":270000.0,"data_set_value_component_Clamp_parameters_variable_pulse1":0.0,"data_set_value_component_Clamp_parameters_variable_pulse2":0.0,"data_set_value_component_Clamp_parameters_variable_pulse3":0.0,"data_set_value_component_Clamp_parameters_variable_heav_on":0.0,"data_set_value_component_Clamp_parameters_variable_heav_off":0.0,"data_set_value_component_Clamp_parameters_variable_heav_Cton1":0.0,"data_set_value_component_Clamp_parameters_variable_heav_Cton2":0.0,"data_set_value_component_Clamp_parameters_variable_heav_Cton3":0.0,"data_set_value_component_Clamp_parameters_variable_heav_Ctoff1":0.0,"data_set_value_component_Clamp_parameters_variable_heav_Ctoff2":0.0,"data_set_value_component_Clamp_parameters_variable_heav_Ctoff3":0.0,"data_set_value_component_J_variables_variable_Juni":-0.0014705983,"data_set_value_component_J_variables_variable_Jpdh":0.170892236,"data_set_value_component_J_variables_variable_Jnaca":0.004591545,"data_set_value_component_J_variables_variable_Jmito":0.0060621434,"data_set_value_component_J_variables_variable_Jh_leak":0.1605880331,"data_set_value_component_J_variables_variable_Jh_atp":0.00098814,"data_set_value_component_J_variables_variable_Jo":0.5142514612,"data_set_value_component_J_variables_variable_Jh_res":5.9996003808,"data_set_value_component_J_variables_variable_Jf1f0":0.0002882075,"data_set_value_component_J_variables_variable_Jant":0.6921925951,"data_set_value_component_J_variables_variable_Jgpdh":0.000499958,"data_set_value_component_J_variables_variable_MM1":0.5142515024,"data_set_value_component_J_variables_variable_MM2":5.9996008608,"data_set_value_component_J_variables_variable_b13":68.1839179548,"data_set_value_component_J_variables_variable_b2":19.8869760702,"data_set_value_component_J_variables_variable_FRT":0.037,"data_set_value_component_J_variables_variable_kgpdh":0.0005,"data_set_value_component_Parameters_variable_p1":400.0,"data_set_value_component_Parameters_variable_p2":1.0,"data_set_value_component_Parameters_variable_p3":0.01,"data_set_value_component_Parameters_variable_p4":0.6,"data_set_value_component_Parameters_variable_p5":0.1,"data_set_value_component_Parameters_variable_p6":177.0,"data_set_value_component_Parameters_variable_p7":5.0,"data_set_value_component_Parameters_variable_p8":7.0,"data_set_value_component_Parameters_variable_p9":0.1,"data_set_value_component_Parameters_variable_p10":177.0,"data_set_value_component_Parameters_variable_p11":5.0,"data_set_value_component_Parameters_variable_p12":120.0,"data_set_value_component_Parameters_variable_p13":10.0,"data_set_value_component_Parameters_variable_p14":190.0,"data_set_value_component_Parameters_variable_p15":8.5,"data_set_value_component_Parameters_variable_p16":35.0,"data_set_value_component_Parameters_variable_p17":0.002,"data_set_value_component_Parameters_variable_p18":-0.03,"data_set_value_component_Parameters_variable_p19":0.35,"data_set_value_component_Parameters_variable_p20":2.0,"data_set_value_component_Parameters_variable_p21":0.01,"data_set_value_component_Parameters_variable_p22":1.1,"data_set_value_component_Parameters_variable_p23":0.001,"data_set_value_component_Parameters_variable_p24":0.016},{"data_set_value_component_Environment_variable_time":0.9,"data_set_value_component_Mitochondrial_variables_variable_NADHm":0.5996863788,"data_set_value_component_Mitochondrial_variables_variable_gamma":0.001,"data_set_value_component_Mitochondrial_variables_variable_NADm":9.4003136212,"data_set_value_component_Mitochondrial_variables_variable_ADPm":7.4006113775,"data_set_value_component_Mitochondrial_variables_variable_PSIm":95.5796824742,"data_set_value_component_Mitochondrial_variables_variable_Cam":0.0999451845,"data_set_value_component_Mitochondrial_variables_variable_NADtot":10.0,"data_set_value_component_Mitochondrial_variables_variable_fm":0.01,"data_set_value_component_Mitochondrial_variables_variable_Cmito":1.8,"data_set_value_component_Mitochondrial_variables_variable_Amtot":15.0,"data_set_value_component_Mitochondrial_variables_variable_ATPm":7.5993886225,"data_set_value_component_Mitochondrial_variables_variable_RATm":1.0268595708,"data_set_value_component_Cytosol_variable_ATPc":650.0126606862,"data_set_value_component_Cytosol_variable_ADPc":1849.9873393138,"data_set_value_component_Cytosol_variable_Ac_tot":2500.0,"data_set_value_component_Cytosol_variable_khyd":0.00005,"data_set_value_component_Cytosol_variable_Jhydbas":0.00005,"data_set_value_component_Cytosol_variable_Jh_yd":0.0357506963,"data_set_value_component_Cytosol_variable_delta":0.0733082707,"data_set_value_component_Clamp_protocol_variable_c":0.1,"data_set_value_component_Clamp_protocol_variable_FBP":0.9999381438,"data_set_value_component_Clamp_parameters_variable_Fhold":1.0,"data_set_value_component_Clamp_parameters_variable_Ftest":5.0,"data_set_value_component_Clamp_parameters_variable_Fton":90000.0,"data_set_value_component_Clamp_parameters_variable_Ftoff":330000.0,"data_set_value_component_Clamp_parameters_variable_Fproto":1.0,"data_set_value_component_Clamp_parameters_variable_Cproto":0.1,"data_set_value_component_Clamp_parameters_variable_Chold":0.1,"data_set_value_component_Clamp_parameters_variable_Ctest":0.1,"data_set_value_component_Clamp_parameters_variable_Cton1":120000.0,"data_set_value_component_Clamp_parameters_variable_Cton2":180000.0,"data_set_value_component_Clamp_parameters_variable_Cton3":240000.0,"data_set_value_component_Clamp_parameters_variable_Ctoff1":150000.0,"data_set_value_component_Clamp_parameters_variable_Ctoff2":210000.0,"data_set_value_component_Clamp_parameters_variable_Ctoff3":270000.0,"data_set_value_component_Clamp_parameters_variable_pulse1":0.0,"data_set_value_component_Clamp_parameters_variable_pulse2":0.0,"data_set_value_component_Clamp_parameters_variable_pulse3":0.0,"data_set_value_component_Clamp_parameters_variable_heav_on":0.0,"data_set_value_component_Clamp_parameters_variable_heav_off":0.0,"data_set_value_component_Clamp_parameters_variable_heav_Cton1":0.0,"data_set_value_component_Clamp_parameters_variable_heav_Cton2":0.0,"data_set_value_component_Clamp_parameters_variable_heav_Cton3":0.0,"data_set_value_component_Clamp_parameters_variable_heav_Ctoff1":0.0,"data_set_value_component_Clamp_parameters_variable_heav_Ctoff2":0.0,"data_set_value_component_Clamp_parameters_variable_heav_Ctoff3":0.0,"data_set_value_component_J_variables_variable_Juni":-0.0014420318,"data_set_value_component_J_variables_variable_Jpdh":0.1709009859,"data_set_value_component_J_variables_variable_Jnaca":0.0046122998,"data_set_value_component_J_variables_variable_Jmito":0.0060543316,"data_set_value_component_J_variables_variable_Jh_leak":0.1611593649,"data_set_value_component_J_variables_variable_Jh_atp":0.001021917,"data_set_value_component_J_variables_variable_Jo":0.5142472509,"data_set_value_component_J_variables_variable_Jh_res":5.9995512607,"data_set_value_component_J_variables_variable_Jf1f0":0.0002980591,"data_set_value_component_J_variables_variable_Jant":0.6958518843,"data_set_value_component_J_variables_variable_Jgpdh":0.0004999845,"data_set_value_component_J_variables_variable_MM1":0.5142472945,"data_set_value_component_J_variables_variable_MM2":5.9995517689,"data_set_value_component_J_variables_variable_b13":68.1841867203,"data_set_value_component_J_variables_variable_b2":19.8870544601,"data_set_value_component_J_variables_variable_FRT":0.037,"data_set_value_component_J_variables_variable_kgpdh":0.0005,"data_set_value_component_Parameters_variable_p1":400.0,"data_set_value_component_Parameters_variable_p2":1.0,"data_set_value_component_Parameters_variable_p3":0.01,"data_set_value_component_Parameters_variable_p4":0.6,"data_set_value_component_Parameters_variable_p5":0.1,"data_set_value_component_Parameters_variable_p6":177.0,"data_set_value_component_Parameters_variable_p7":5.0,"data_set_value_component_Parameters_variable_p8":7.0,"data_set_value_component_Parameters_variable_p9":0.1,"data_set_value_component_Parameters_variable_p10":177.0,"data_set_value_component_Parameters_variable_p11":5.0,"data_set_value_component_Parameters_variable_p12":120.0,"data_set_value_component_Parameters_variable_p13":10.0,"data_set_value_component_Parameters_variable_p14":190.0,"data_set_value_component_Parameters_variable_p15":8.5,"data_set_value_component_Parameters_variable_p16":35.0,"data_set_value_component_Parameters_variable_p17":0.002,"data_set_value_component_Parameters_variable_p18":-0.03,"data_set_value_component_Parameters_variable_p19":0.35,"data_set_value_component_Parameters_variable_p20":2.0,"data_set_value_component_Parameters_variable_p21":0.01,"data_set_value_component_Parameters_variable_p22":1.1,"data_set_value_component_Parameters_variable_p23":0.001,"data_set_value_component_Parameters_variable_p24":0.016},{"data_set_value_component_Environment_variable_time":1.0,"data_set_value_component_Mitochondrial_variables_variable_NADHm":0.5996520446,"data_set_value_component_Mitochondrial_variables_variable_gamma":0.001,"data_set_value_component_Mitochondrial_variables_variable_NADm":9.4003479554,"data_set_value_component_Mitochondrial_variables_variable_ADPm":7.400681116,"data_set_value_component_Mitochondrial_variables_variable_PSIm":95.8651039829,"data_set_value_component_Mitochondrial_variables_variable_Cam":0.0999391341,"data_set_value_component_Mitochondrial_variables_variable_NADtot":10.0,"data_set_value_component_Mitochondrial_variables_variable_fm":0.01,"data_set_value_component_Mitochondrial_variables_variable_Cmito":1.8,"data_set_value_component_Mitochondrial_variables_variable_Amtot":15.0,"data_set_value_component_Mitochondrial_variables_variable_ATPm":7.599318884,"data_set_value_component_Mitochondrial_variables_variable_RATm":1.0268404712,"data_set_value_component_Cytosol_variable_ATPc":650.0142002442,"data_set_value_component_Cytosol_variable_ADPc":1849.9857997558,"data_set_value_component_Cytosol_variable_Ac_tot":2500.0,"data_set_value_component_Cytosol_variable_khyd":0.00005,"data_set_value_component_Cytosol_variable_Jhydbas":0.00005,"data_set_value_component_Cytosol_variable_Jh_yd":0.035750781,"data_set_value_component_Cytosol_variable_delta":0.0733082707,"data_set_value_component_Clamp_protocol_variable_c":0.1,"data_set_value_component_Clamp_protocol_variable_FBP":0.9999771938,"data_set_value_component_Clamp_parameters_variable_Fhold":1.0,"data_set_value_component_Clamp_parameters_variable_Ftest":5.0,"data_set_value_component_Clamp_parameters_variable_Fton":90000.0,"data_set_value_component_Clamp_parameters_variable_Ftoff":330000.0,"data_set_value_component_Clamp_parameters_variable_Fproto":1.0,"data_set_value_component_Clamp_parameters_variable_Cproto":0.1,"data_set_value_component_Clamp_parameters_variable_Chold":0.1,"data_set_value_component_Clamp_parameters_variable_Ctest":0.1,"data_set_value_component_Clamp_parameters_variable_Cton1":120000.0,"data_set_value_component_Clamp_parameters_variable_Cton2":180000.0,"data_set_value_component_Clamp_parameters_variable_Cton3":240000.0,"data_set_value_component_Clamp_parameters_variable_Ctoff1":150000.0,"data_set_value_component_Clamp_parameters_variable_Ctoff2":210000.0,"data_set_value_component_Clamp_parameters_variable_Ctoff3":270000.0,"data_set_value_component_Clamp_parameters_variable_pulse1":0.0,"data_set_value_component_Clamp_parameters_variable_pulse2":0.0,"data_set_value_component_Clamp_parameters_variable_pulse3":0.0,"data_set_value_component_Clamp_parameters_variable_heav_on":0.0,"data_set_value_component_Clamp_parameters_variable_heav_off":0.0,"data_set_value_component_Clamp_parameters_variable_heav_Cton1":0.0,"data_set_value_component_Clamp_parameters_variable_heav_Cton2":0.0,"data_set_value_component_Clamp_parameters_variable_heav_Cton3":0.0,"data_set_value_component_Clamp_parameters_variable_heav_Ctoff1":0.0,"data_set_value_component_Clamp_parameters_variable_heav_Ctoff2":0.0,"data_set_value_component_Clamp_parameters_variable_heav_Ctoff3":0.0,"data_set_value_component_J_variables_variable_Juni":-0.0014134896,"data_set_value_component_J_variables_variable_Jpdh":0.1709040061,"data_set_value_component_J_variables_variable_Jnaca":0.0046331307,"data_set_value_component_J_variables_variable_Jmito":0.0060466203,"data_set_value_component_J_variables_variable_Jh_leak":0.161730208,"data_set_value_component_J_variables_variable_Jh_atp":0.0010568183,"data_set_value_component_J_variables_variable_Jo":0.5142430402,"data_set_value_component_J_variables_variable_Jh_res":5.9995021356,"data_set_value_component_J_variables_variable_Jf1f0":0.0003082387,"data_set_value_component_J_variables_variable_Jant":0.69952731,"data_set_value_component_J_variables_variable_Jgpdh":0.0004999943,"data_set_value_component_J_variables_variable_MM1":0.5142430863,"data_set_value_component_J_variables_variable_MM2":5.9995026736,"data_set_value_component_J_variables_variable_b13":68.1844569048,"data_set_value_component_J_variables_variable_b2":19.8871332639,"data_set_value_component_J_variables_variable_FRT":0.037,"data_set_value_component_J_variables_variable_kgpdh":0.0005,"data_set_value_component_Parameters_variable_p1":400.0,"data_set_value_component_Parameters_variable_p2":1.0,"data_set_value_component_Parameters_variable_p3":0.01,"data_set_value_component_Parameters_variable_p4":0.6,"data_set_value_component_Parameters_variable_p5":0.1,"data_set_value_component_Parameters_variable_p6":177.0,"data_set_value_component_Parameters_variable_p7":5.0,"data_set_value_component_Parameters_variable_p8":7.0,"data_set_value_component_Parameters_variable_p9":0.1,"data_set_value_component_Parameters_variable_p10":177.0,"data_set_value_component_Parameters_variable_p11":5.0,"data_set_value_component_Parameters_variable_p12":120.0,"data_set_value_component_Parameters_variable_p13":10.0,"data_set_value_component_Parameters_variable_p14":190.0,"data_set_value_component_Parameters_variable_p15":8.5,"data_set_value_component_Parameters_variable_p16":35.0,"data_set_value_component_Parameters_variable_p17":0.002,"data_set_value_component_Parameters_variable_p18":-0.03,"data_set_value_component_Parameters_variable_p19":0.35,"data_set_value_component_Parameters_variable_p20":2.0,"data_set_value_component_Parameters_variable_p21":0.01,"data_set_value_component_Parameters_variable_p22":1.1,"data_set_value_component_Parameters_variable_p23":0.001,"data_set_value_component_Parameters_variable_p24":0.016}]