[{"data_set_value_component_environment_variable_time":0.0,"data_set_value_component_T_variable_T":170000.0,"data_set_value_component_T_star_variable_T_star":0.0,"data_set_value_component_T_star_variable_k":0.000024,"data_set_value_component_VI_variable_VI":216000.0,"data_set_value_component_VNI_variable_VNI":0.0,"data_set_value_component_VNI_variable_N":774.0,"data_set_value_component_V_variable_V":216000.0,"data_set_value_component_kinetic_parameters_variable_c":3.07,"data_set_value_component_kinetic_parameters_variable_delta":0.49},{"data_set_value_component_environment_variable_time":0.1,"data_set_value_component_T_variable_T":170000.0,"data_set_value_component_T_star_variable_T_star":73962.7995414957,"data_set_value_component_T_star_variable_k":0.000024,"data_set_value_component_VI_variable_VI":158900.5301865054,"data_set_value_component_VNI_variable_VNI":1342313.8015631954,"data_set_value_component_VNI_variable_N":774.0,"data_set_value_component_V_variable_V":1501214.3317497009,"data_set_value_component_kinetic_parameters_variable_c":3.07,"data_set_value_component_kinetic_parameters_variable_delta":0.49},{"data_set_value_component_environment_variable_time":0.2,"data_set_value_component_T_variable_T":170000.0,"data_set_value_component_T_star_variable_T_star":124836.7597487044,"data_set_value_component_T_star_variable_k":0.000024,"data_set_value_component_VI_variable_VI":116895.271016154,"data_set_value_component_VNI_variable_VNI":4329183.0754624968,"data_set_value_component_VNI_variable_N":774.0,"data_set_value_component_V_variable_V":4446078.3464786513,"data_set_value_component_kinetic_parameters_variable_c":3.07,"data_set_value_component_kinetic_parameters_variable_delta":0.49},{"data_set_value_component_environment_variable_time":0.3,"data_set_value_component_T_variable_T":170000.0,"data_set_value_component_T_star_variable_T_star":158894.5283371586,"data_set_value_component_T_star_variable_k":0.000024,"data_set_value_component_VI_variable_VI":85994.0767904601,"data_set_value_component_VNI_variable_VNI":7884754.6133737806,"data_set_value_component_VNI_variable_N":774.0,"data_set_value_component_V_variable_V":7970748.690164241,"data_set_value_component_kinetic_parameters_variable_c":3.07,"data_set_value_component_kinetic_parameters_variable_delta":0.49},{"data_set_value_component_environment_variable_time":0.4,"data_set_value_component_T_variable_T":170000.0,"data_set_value_component_T_star_variable_T_star":180742.4910796713,"data_set_value_component_T_star_variable_k":0.000024,"data_set_value_component_VI_variable_VI":63261.5968602186,"data_set_value_component_VNI_variable_VNI":11392440.0434442535,"data_set_value_component_VNI_variable_N":774.0,"data_set_value_component_V_variable_V":11455701.6403044723,"data_set_value_component_kinetic_parameters_variable_c":3.07,"data_set_value_component_kinetic_parameters_variable_delta":0.49},{"data_set_value_component_environment_variable_time":0.5,"data_set_value_component_T_variable_T":170000.0,"data_set_value_component_T_star_variable_T_star":193761.6461099405,"data_set_value_component_T_star_variable_k":0.000024,"data_set_value_component_VI_variable_VI":46538.4334550659,"data_set_value_component_VNI_variable_VNI":14527021.5348236207,"data_set_value_component_VNI_variable_N":774.0,"data_set_value_component_V_variable_V":14573559.9682786856,"data_set_value_component_kinetic_parameters_variable_c":3.07,"data_set_value_component_kinetic_parameters_variable_delta":0.49},{"data_set_value_component_environment_variable_time":0.6,"data_set_value_component_T_variable_T":170000.0,"data_set_value_component_T_star_variable_T_star":200431.8887461824,"data_set_value_component_T_star_variable_k":0.000024,"data_set_value_component_VI_variable_VI":34236.0277972899,"data_set_value_component_VNI_variable_VNI":17143452.8000770323,"data_set_value_component_VNI_variable_N":774.0,"data_set_value_component_V_variable_V":17177688.8278743215,"data_set_value_component_kinetic_parameters_variable_c":3.07,"data_set_value_component_kinetic_parameters_variable_delta":0.49},{"data_set_value_component_environment_variable_time":0.7,"data_set_value_component_T_variable_T":170000.0,"data_set_value_component_T_star_variable_T_star":202570.5741026905,"data_set_value_component_T_star_variable_k":0.000024,"data_set_value_component_VI_variable_VI":25185.7553672037,"data_set_value_component_VNI_variable_VNI":19204093.2830321677,"data_set_value_component_VNI_variable_N":774.0,"data_set_value_component_V_variable_V":19229279.0383993685,"data_set_value_component_kinetic_parameters_variable_c":3.07,"data_set_value_component_kinetic_parameters_variable_delta":0.49},{"data_set_value_component_environment_variable_time":0.8,"data_set_value_component_T_variable_T":170000.0,"data_set_value_component_T_star_variable_T_star":201507.9927148012,"data_set_value_component_T_star_variable_k":0.000024,"data_set_value_component_VI_variable_VI":18527.9167516525,"data_set_value_component_VNI_variable_VNI":20731836.6959201209,"data_set_value_component_VNI_variable_N":774.0,"data_set_value_component_V_variable_V":20750364.6126717702,"data_set_value_component_kinetic_parameters_variable_c":3.07,"data_set_value_component_kinetic_parameters_variable_delta":0.49},{"data_set_value_component_environment_variable_time":0.9,"data_set_value_component_T_variable_T":170000.0,"data_set_value_component_T_star_variable_T_star":198216.4434883458,"data_set_value_component_T_star_variable_k":0.000024,"data_set_value_component_VI_variable_VI":13630.0735903711,"data_set_value_component_VNI_variable_VNI":21780525.4182103276,"data_set_value_component_VNI_variable_N":774.0,"data_set_value_component_V_variable_V":21794155.4918006994,"data_set_value_component_kinetic_parameters_variable_c":3.07,"data_set_value_component_kinetic_parameters_variable_delta":0.49},{"data_set_value_component_environment_variable_time":1.0,"data_set_value_component_T_variable_T":170000.0,"data_set_value_component_T_star_variable_T_star":193405.1713477817,"data_set_value_component_T_star_variable_k":0.000024,"data_set_value_component_VI_variable_VI":10026.9722034061,"data_set_value_component_VNI_variable_VNI":22416786.6353307329,"data_set_value_component_VNI_variable_N":774.0,"data_set_value_component_V_variable_V":22426813.6075341403,"data_set_value_component_kinetic_parameters_variable_c":3.07,"data_set_value_component_kinetic_parameters_variable_delta":0.49}]