[{"data_set_value_component_environment_variable_time":0.0,"data_set_value_component_R_variable_R":0.1,"data_set_value_component_R_variable_b1":1.0,"data_set_value_component_R_variable_b2":1.0,"data_set_value_component_R_variable_b3":1.0,"data_set_value_component_R_variable_g1":10.0,"data_set_value_component_R_variable_g2":10.0,"data_set_value_component_R_variable_f_T":0.0,"data_set_value_component_L_variable_L":0.0,"data_set_value_component_L_variable_b2":1.0,"data_set_value_component_L_variable_g1":10.0,"data_set_value_component_T_variable_T":0.0,"data_set_value_component_T_variable_b3":1.0,"data_set_value_component_T_variable_g2":10.0},{"data_set_value_component_environment_variable_time":0.1,"data_set_value_component_R_variable_R":0.0904988201,"data_set_value_component_R_variable_b1":1.0,"data_set_value_component_R_variable_b2":1.0,"data_set_value_component_R_variable_b3":1.0,"data_set_value_component_R_variable_g1":10.0,"data_set_value_component_R_variable_g2":10.0,"data_set_value_component_R_variable_f_T":0.0004524287,"data_set_value_component_L_variable_L":0.090487509,"data_set_value_component_L_variable_b2":1.0,"data_set_value_component_L_variable_g1":10.0,"data_set_value_component_T_variable_T":0.0452428687,"data_set_value_component_T_variable_b3":1.0,"data_set_value_component_T_variable_g2":10.0},{"data_set_value_component_environment_variable_time":0.2,"data_set_value_component_R_variable_R":0.0819822499,"data_set_value_component_R_variable_b1":1.0,"data_set_value_component_R_variable_b2":1.0,"data_set_value_component_R_variable_b3":1.0,"data_set_value_component_R_variable_g1":10.0,"data_set_value_component_R_variable_g2":10.0,"data_set_value_component_R_variable_f_T":0.001637678,"data_set_value_component_L_variable_L":0.1638007171,"data_set_value_component_L_variable_b2":1.0,"data_set_value_component_L_variable_g1":10.0,"data_set_value_component_T_variable_T":0.1637677994,"data_set_value_component_T_variable_b3":1.0,"data_set_value_component_T_variable_g2":10.0},{"data_set_value_component_environment_variable_time":0.3,"data_set_value_component_R_variable_R":0.074415271,"data_set_value_component_R_variable_b1":1.0,"data_set_value_component_R_variable_b2":1.0,"data_set_value_component_R_variable_b3":1.0,"data_set_value_component_R_variable_g1":10.0,"data_set_value_component_R_variable_g2":10.0,"data_set_value_component_R_variable_f_T":0.0033351769,"data_set_value_component_L_variable_L":0.2224955196,"data_set_value_component_L_variable_b2":1.0,"data_set_value_component_L_variable_g1":10.0,"data_set_value_component_T_variable_T":0.3335176916,"data_set_value_component_T_variable_b3":1.0,"data_set_value_component_T_variable_g2":10.0},{"data_set_value_component_environment_variable_time":0.4,"data_set_value_component_R_variable_R":0.0677474023,"data_set_value_component_R_variable_b1":1.0,"data_set_value_component_R_variable_b2":1.0,"data_set_value_component_R_variable_b3":1.0,"data_set_value_component_R_variable_g1":10.0,"data_set_value_component_R_variable_g2":10.0,"data_set_value_component_R_variable_f_T":0.0053682719,"data_set_value_component_L_variable_L":0.2688432604,"data_set_value_component_L_variable_b2":1.0,"data_set_value_component_L_variable_g1":10.0,"data_set_value_component_T_variable_T":0.5368271874,"data_set_value_component_T_variable_b3":1.0,"data_set_value_component_T_variable_g2":10.0},{"data_set_value_component_environment_variable_time":0.5,"data_set_value_component_R_variable_R":0.0619180009,"data_set_value_component_R_variable_b1":1.0,"data_set_value_component_R_variable_b2":1.0,"data_set_value_component_R_variable_b3":1.0,"data_set_value_component_R_variable_g1":10.0,"data_set_value_component_R_variable_g2":10.0,"data_set_value_component_R_variable_f_T":0.0075974173,"data_set_value_component_L_variable_L":0.3048458343,"data_set_value_component_L_variable_b2":1.0,"data_set_value_component_L_variable_g1":10.0,"data_set_value_component_T_variable_T":0.759741733,"data_set_value_component_T_variable_b3":1.0,"data_set_value_component_T_variable_g2":10.0},{"data_set_value_component_environment_variable_time":0.6,"data_set_value_component_R_variable_R":0.056860452,"data_set_value_component_R_variable_b1":1.0,"data_set_value_component_R_variable_b2":1.0,"data_set_value_component_R_variable_b3":1.0,"data_set_value_component_R_variable_g1":10.0,"data_set_value_component_R_variable_g2":10.0,"data_set_value_component_R_variable_f_T":0.0099141823,"data_set_value_component_L_variable_L":0.3322536747,"data_set_value_component_L_variable_b2":1.0,"data_set_value_component_L_variable_g1":10.0,"data_set_value_component_T_variable_T":0.991418227,"data_set_value_component_T_variable_b3":1.0,"data_set_value_component_T_variable_g2":10.0},{"data_set_value_component_environment_variable_time":0.7,"data_set_value_component_R_variable_R":0.0525054688,"data_set_value_component_R_variable_b1":1.0,"data_set_value_component_R_variable_b2":1.0,"data_set_value_component_R_variable_b3":1.0,"data_set_value_component_R_variable_g1":10.0,"data_set_value_component_R_variable_g2":10.0,"data_set_value_component_R_variable_f_T":0.0122359515,"data_set_value_component_L_variable_L":0.3525858166,"data_set_value_component_L_variable_b2":1.0,"data_set_value_component_L_variable_g1":10.0,"data_set_value_component_T_variable_T":1.2235951549,"data_set_value_component_T_variable_b3":1.0,"data_set_value_component_T_variable_g2":10.0},{"data_set_value_component_environment_variable_time":0.8,"data_set_value_component_R_variable_R":0.0487835458,"data_set_value_component_R_variable_b1":1.0,"data_set_value_component_R_variable_b2":1.0,"data_set_value_component_R_variable_b3":1.0,"data_set_value_component_R_variable_g1":10.0,"data_set_value_component_R_variable_g2":10.0,"data_set_value_component_R_variable_f_T":0.0145014094,"data_set_value_component_L_variable_L":0.3671504841,"data_set_value_component_L_variable_b2":1.0,"data_set_value_component_L_variable_g1":10.0,"data_set_value_component_T_variable_T":1.4501409419,"data_set_value_component_T_variable_b3":1.0,"data_set_value_component_T_variable_g2":10.0},{"data_set_value_component_environment_variable_time":0.9,"data_set_value_component_R_variable_R":0.0456268379,"data_set_value_component_R_variable_b1":1.0,"data_set_value_component_R_variable_b2":1.0,"data_set_value_component_R_variable_b3":1.0,"data_set_value_component_R_variable_g1":10.0,"data_set_value_component_R_variable_g2":10.0,"data_set_value_component_R_variable_f_T":0.0166665687,"data_set_value_component_L_variable_L":0.3770659601,"data_set_value_component_L_variable_b2":1.0,"data_set_value_component_L_variable_g1":10.0,"data_set_value_component_T_variable_T":1.6666568718,"data_set_value_component_T_variable_b3":1.0,"data_set_value_component_T_variable_g2":10.0},{"data_set_value_component_environment_variable_time":1.0,"data_set_value_component_R_variable_R":0.0429704574,"data_set_value_component_R_variable_b1":1.0,"data_set_value_component_R_variable_b2":1.0,"data_set_value_component_R_variable_b3":1.0,"data_set_value_component_R_variable_g1":10.0,"data_set_value_component_R_variable_g2":10.0,"data_set_value_component_R_variable_f_T":0.0187014586,"data_set_value_component_L_variable_L":0.3832808699,"data_set_value_component_L_variable_b2":1.0,"data_set_value_component_L_variable_g1":10.0,"data_set_value_component_T_variable_T":1.870145861,"data_set_value_component_T_variable_b3":1.0,"data_set_value_component_T_variable_g2":10.0}]