[{"file": "objective.csv"}, {"file": "LICENSE"}, {"file": "iAF1260.ant"}, {"file": "iJO1366.Fatty-acid-biosynthesis--saturated-.png"}, {"file": "iJO1366.Central-metabolism.png"}, {"file": "simulation.sedml"}, {"file": "iJO1366.Fatty-acid-beta-oxidation.png"}, {"file": "iJO1366.Nucleotide-and-histidine-biosynthesis.png"}, {"file": "PMC1911197-f2.jpg"}, {"file": "PMC1911197-f3.jpg"}, {"file": "PMC1911197-f1.jpg"}, {"file": "reaction_fluxes.csv"}, {"file": "PMC1911197-f4.jpg"}, {"file": "iJO1366.Nucleotide-metabolism.png"}, {"file": "PMC1911197-f5.jpg"}]