[{"data_set_value_component_environment_variable_time":0.0,"data_set_value_component_ATbl_variable_ATbl":0.0,"data_set_value_component_ATbl_variable_k2T":0.17,"data_set_value_component_ADbl_variable_ADbl":0.0,"data_set_value_component_CT_A_variable_CT_A":0.0,"data_set_value_component_CT_A_variable_kTA_on":0.18,"data_set_value_component_CT_A_variable_kTA_off":8131.0,"data_set_value_component_CD_A_variable_CD_A":0.0,"data_set_value_component_CD_A_variable_kDA_on":0.15,"data_set_value_component_CD_A_variable_kDA_off":5407.0,"data_set_value_component_CTblf_variable_CTblf":7.6,"data_set_value_component_CDblf_variable_CDblf":0.59,"data_set_value_component_CAf_variable_CAf":500000.0,"data_set_value_component_ATl_variable_ATl":0.0,"data_set_value_component_ADl_variable_ADl":0.0,"data_set_value_component_CTlf_variable_CTlf":3.6072727273,"data_set_value_component_CDlf_variable_CDlf":0.46,"data_set_value_component_ATif_variable_ATif":0.0,"data_set_value_component_ATst_variable_ATst":0.0,"data_set_value_component_CTtv_variable_CTtv":156.7806122449,"data_set_value_component_ATp_variable_ATp":0.0,"data_set_value_component_ADp_variable_ADp":0.0,"data_set_value_component_CT_R_variable_CT_R":0.0,"data_set_value_component_CT_R_variable_kTR_on":0.14,"data_set_value_component_CT_R_variable_kTR_off":0.069,"data_set_value_component_CD_R_variable_CD_R":0.0,"data_set_value_component_CD_R_variable_kDR_on":0.053,"data_set_value_component_CD_R_variable_kDR_off":0.018,"data_set_value_component_CDT_variable_CDT":0.0,"data_set_value_component_CDT_variable_kDT_on":0.14,"data_set_value_component_CDT_variable_kDT_off":3.13,"data_set_value_component_CDD_variable_CDD":0.0,"data_set_value_component_CDD_variable_kDD_on":0.14,"data_set_value_component_CDD_variable_kDD_off":3.13,"data_set_value_component_CTT_variable_CTT":0.0,"data_set_value_component_CTT_variable_kTT_on":0.14,"data_set_value_component_CTT_variable_kTT_off":3.13,"data_set_value_component_CDD5a_variable_CDD5a":0.0,"data_set_value_component_CDD5a_variable_kDNA_onDD5a":0.14,"data_set_value_component_CDD5a_variable_kDNA_offDD5a":0.07,"data_set_value_component_CDDcd_variable_CDDcd":0.0,"data_set_value_component_CDDcd_variable_kDNA_onDDcd":0.14,"data_set_value_component_CDDcd_variable_kDNA_offDDcd":0.1,"data_set_value_component_CDDsec_variable_CDDsec":0.0,"data_set_value_component_CDDsec_variable_kDNA_onDDsec":0.14,"data_set_value_component_CDDsec_variable_kDNA_offDDsec":0.2,"data_set_value_component_CDDcp_variable_CDDcp":0.0,"data_set_value_component_CDDcp_variable_kDNA_onDDcp":0.14,"data_set_value_component_CDDcp_variable_kDNA_offDDcp":0.7,"data_set_value_component_CDT5a_variable_CDT5a":0.0,"data_set_value_component_CDT5a_variable_kDNA_onDT5a":0.14,"data_set_value_component_CDT5a_variable_kDNA_offDT5a":0.56,"data_set_value_component_CDTcd_variable_CDTcd":0.0,"data_set_value_component_CDTcd_variable_kDNA_onDTcd":0.14,"data_set_value_component_CDTcd_variable_kDNA_offDTcd":0.8,"data_set_value_component_CDTsec_variable_CDTsec":0.0,"data_set_value_component_CDTsec_variable_kDNA_onDTsec":0.14,"data_set_value_component_CDTsec_variable_kDNA_offDTsec":1.6,"data_set_value_component_CDTcp_variable_CDTcp":0.0,"data_set_value_component_CDTcp_variable_kDNA_onDTcp":0.14,"data_set_value_component_CDTcp_variable_kDNA_offDTcp":5.6,"data_set_value_component_CTT5a_variable_CTT5a":0.0,"data_set_value_component_CTT5a_variable_kDNA_onTT5a":0.14,"data_set_value_component_CTT5a_variable_kDNA_offTT5a":0.84,"data_set_value_component_CTTcd_variable_CTTcd":0.0,"data_set_value_component_CTTcd_variable_kDNA_onTTcd":0.14,"data_set_value_component_CTTcd_variable_kDNA_offTTcd":1.2,"data_set_value_component_CTTsec_variable_CTTsec":0.0,"data_set_value_component_CTTsec_variable_kDNA_onTTsec":0.14,"data_set_value_component_CTTsec_variable_kDNA_offTTsec":2.4,"data_set_value_component_CTTcp_variable_CTTcp":0.0,"data_set_value_component_CTTcp_variable_kDNA_onTTcp":0.14,"data_set_value_component_CTTcp_variable_kDNA_offTTcp":8.4,"data_set_value_component_CTpf_variable_CTpf":6.3575418994,"data_set_value_component_CTpf_variable_T":0.0,"data_set_value_component_CTpf_variable_NTp":0.79,"data_set_value_component_CDpf_variable_CDpf":26.23,"data_set_value_component_CDpf_variable_D":0.0,"data_set_value_component_CDpf_variable_NDp":1.0,"data_set_value_component_CRf_variable_CRf":-0.6,"data_set_value_component_CDNAcdf_variable_CDNAcdf":0.075,"data_set_value_component_CDNAsecf_variable_CDNAsecf":0.075,"data_set_value_component_CDNA5af_variable_CDNA5af":0.075,"data_set_value_component_CDNAcpf_variable_CDNAcpf":0.075,"data_set_value_component_DNAocp_variable_DNAocp":0.0,"data_set_value_component_DNAosec_variable_DNAosec":0.0,"data_set_value_component_DNAocd_variable_DNAocd":0.0,"data_set_value_component_DNAo5a_variable_DNAo5a":0.0,"data_set_value_component_ATb_variable_ATb":0.0,"data_set_value_component_ADb_variable_ADb":0.0,"data_set_value_component_ALH_variable_ALH":0.0,"data_set_value_component_ALH_variable_kLH1":0.13,"data_set_value_component_ALH_variable_kLH2":0.026,"data_set_value_component_ALH_variable_kLH3":0.000168,"data_set_value_component_ALH_variable_kLH4":0.8,"data_set_value_component_ALH_variable_alpha_T":0.25,"data_set_value_component_ALH_variable_alpha_D":0.75,"data_set_value_component_ALH_variable_A":-0.278525,"data_set_value_component_ALH_variable_B":0.000168,"data_set_value_component_AR_variable_AR":0.0,"data_set_value_component_AR_variable_k1R":68.15,"data_set_value_component_AR_variable_keR":71.9,"data_set_value_component_CR_variable_CR":0.0,"data_set_value_component_Qp_variable_Qp":0.003751072,"data_set_value_component_Qp_variable_kQp":73.84,"data_set_value_component_Qp_variable_Vpc":0.0000508,"data_set_value_component_Vmax_variable_Vmax":0.0,"data_set_value_component_Vmax_variable_k5a":3.02,"data_set_value_component_VPC1_variable_VPC1":0.0,"data_set_value_component_VPC1_variable_kcpl":0.000000117,"data_set_value_component_VPC1_variable_kcd1":0.014,"data_set_value_component_VPL1_variable_VPL1":0.0,"data_set_value_component_VPL1_variable_ksec":0.00000844,"data_set_value_component_VPL1_variable_kflo":0.043,"data_set_value_component_Vp_variable_Vp":0.00005388,"data_set_value_component_model_parameters_variable_Qb":4.955248928,"data_set_value_component_model_parameters_variable_Ql":1.06,"data_set_value_component_model_parameters_variable_Qt":0.061,"data_set_value_component_model_parameters_variable_Qbt":5.016248928,"data_set_value_component_model_parameters_variable_Qc":6.08,"data_set_value_component_model_parameters_variable_k1T":87.93,"data_set_value_component_model_parameters_variable_k1D":77.2,"data_set_value_component_model_parameters_variable_km5alpha":40.0,"data_set_value_component_model_parameters_variable_ts":0.56,"data_set_value_component_model_parameters_variable_mu":1000.0,"data_set_value_component_model_parameters_variable_Vmax1":3.65,"data_set_value_component_model_parameters_variable_Vmax0":2.89,"data_set_value_component_model_parameters_variable_PTif":1.96,"data_set_value_component_model_parameters_variable_PTst":1.0,"data_set_value_component_model_parameters_variable_PTl":2.75,"data_set_value_component_model_parameters_variable_PDl":2.0,"data_set_value_component_model_parameters_variable_PTb":1.0,"data_set_value_component_model_parameters_variable_PDb":0.62,"data_set_value_component_model_parameters_variable_CTbf":0.6275,"data_set_value_component_model_parameters_variable_CTbl":7.6,"data_set_value_component_model_parameters_variable_CDbf":0.0320709677,"data_set_value_component_model_parameters_variable_CDbl":0.59,"data_set_value_component_model_parameters_variable_CA":500000.0,"data_set_value_component_model_parameters_variable_CTl":9.92,"data_set_value_component_model_parameters_variable_CDl":0.92,"data_set_value_component_model_parameters_variable_CTst":307.29,"data_set_value_component_model_parameters_variable_CLH":0.104,"data_set_value_component_model_parameters_variable_CTif":307.29,"data_set_value_component_model_parameters_variable_CDNAcd":0.075,"data_set_value_component_model_parameters_variable_CDNAsec":0.075,"data_set_value_component_model_parameters_variable_CDNAcp":0.075,"data_set_value_component_model_parameters_variable_CDNA5a":0.075,"data_set_value_component_model_parameters_variable_CTb":0.6275,"data_set_value_component_model_parameters_variable_CDb":0.019884,"data_set_value_component_model_parameters_variable_VPC1b":0.0001,"data_set_value_component_model_parameters_variable_VPC2":0.0000508,"data_set_value_component_model_parameters_variable_VPL2":0.00000308,"data_set_value_component_model_parameters_variable_CTp":11.38,"data_set_value_component_model_parameters_variable_CDp":52.46},{"data_set_value_component_environment_variable_time":0.1,"data_set_value_component_ATbl_variable_ATbl":0.0109439963,"data_set_value_component_ATbl_variable_k2T":0.17,"data_set_value_component_ADbl_variable_ADbl":-0.0078170676,"data_set_value_component_CT_A_variable_CT_A":6.970265742,"data_set_value_component_CT_A_variable_kTA_on":0.18,"data_set_value_component_CT_A_variable_kTA_off":8131.0,"data_set_value_component_CD_A_variable_CD_A":0.5503246638,"data_set_value_component_CD_A_variable_kDA_on":0.15,"data_set_value_component_CD_A_variable_kDA_off":5407.0,"data_set_value_component_CTblf_variable_CTblf":0.629734258,"data_set_value_component_CDblf_variable_CDblf":0.0396753362,"data_set_value_component_CAf_variable_CAf":499992.4794095942,"data_set_value_component_ATl_variable_ATl":0.1178995378,"data_set_value_component_ADl_variable_ADl":-0.0041626815,"data_set_value_component_CTlf_variable_CTlf":3.6072727273,"data_set_value_component_CDlf_variable_CDlf":0.46,"data_set_value_component_ATif_variable_ATif":0.4953649499,"data_set_value_component_ATst_variable_ATst":0.0,"data_set_value_component_CTtv_variable_CTtv":156.7806122449,"data_set_value_component_ATp_variable_ATp":-0.0390327058,"data_set_value_component_ADp_variable_ADp":-0.0491129642,"data_set_value_component_CT_R_variable_CT_R":0.0837611769,"data_set_value_component_CT_R_variable_kTR_on":0.14,"data_set_value_component_CT_R_variable_kTR_off":0.069,"data_set_value_component_CD_R_variable_CD_R":0.1314827296,"data_set_value_component_CD_R_variable_kDR_on":0.053,"data_set_value_component_CD_R_variable_kDR_off":0.018,"data_set_value_component_CDT_variable_CDT":0.0000477176,"data_set_value_component_CDT_variable_kDT_on":0.14,"data_set_value_component_CDT_variable_kDT_off":3.13,"data_set_value_component_CDD_variable_CDD":0.0000748146,"data_set_value_component_CDD_variable_kDD_on":0.14,"data_set_value_component_CDD_variable_kDD_off":3.13,"data_set_value_component_CTT_variable_CTT":0.0000304348,"data_set_value_component_CTT_variable_kTT_on":0.14,"data_set_value_component_CTT_variable_kTT_off":3.13,"data_set_value_component_CDD5a_variable_CDD5a":0.0000000199,"data_set_value_component_CDD5a_variable_kDNA_onDD5a":0.14,"data_set_value_component_CDD5a_variable_kDNA_offDD5a":0.07,"data_set_value_component_CDDcd_variable_CDDcd":0.0000000199,"data_set_value_component_CDDcd_variable_kDNA_onDDcd":0.14,"data_set_value_component_CDDcd_variable_kDNA_offDDcd":0.1,"data_set_value_component_CDDsec_variable_CDDsec":0.0000000199,"data_set_value_component_CDDsec_variable_kDNA_onDDsec":0.14,"data_set_value_component_CDDsec_variable_kDNA_offDDsec":0.2,"data_set_value_component_CDDcp_variable_CDDcp":0.0000000197,"data_set_value_component_CDDcp_variable_kDNA_onDDcp":0.14,"data_set_value_component_CDDcp_variable_kDNA_offDDcp":0.7,"data_set_value_component_CDT5a_variable_CDT5a":0.0000000126,"data_set_value_component_CDT5a_variable_kDNA_onDT5a":0.14,"data_set_value_component_CDT5a_variable_kDNA_offDT5a":0.56,"data_set_value_component_CDTcd_variable_CDTcd":0.0000000125,"data_set_value_component_CDTcd_variable_kDNA_onDTcd":0.14,"data_set_value_component_CDTcd_variable_kDNA_offDTcd":0.8,"data_set_value_component_CDTsec_variable_CDTsec":0.0000000123,"data_set_value_component_CDTsec_variable_kDNA_onDTsec":0.14,"data_set_value_component_CDTsec_variable_kDNA_offDTsec":1.6,"data_set_value_component_CDTcp_variable_CDTcp":0.0000000114,"data_set_value_component_CDTcp_variable_kDNA_onDTcp":0.14,"data_set_value_component_CDTcp_variable_kDNA_offDTcp":5.6,"data_set_value_component_CTT5a_variable_CTT5a":0.000000008,"data_set_value_component_CTT5a_variable_kDNA_onTT5a":0.14,"data_set_value_component_CTT5a_variable_kDNA_offTT5a":0.84,"data_set_value_component_CTTcd_variable_CTTcd":0.0000000079,"data_set_value_component_CTTcd_variable_kDNA_onTTcd":0.14,"data_set_value_component_CTTcd_variable_kDNA_offTTcd":1.2,"data_set_value_component_CTTsec_variable_CTTsec":0.0000000077,"data_set_value_component_CTTsec_variable_kDNA_onTTsec":0.14,"data_set_value_component_CTTsec_variable_kDNA_offTTsec":2.4,"data_set_value_component_CTTcp_variable_CTTcp":0.0000000069,"data_set_value_component_CTTcp_variable_kDNA_onTTcp":0.14,"data_set_value_component_CTTcp_variable_kDNA_offTTcp":8.4,"data_set_value_component_CTpf_variable_CTpf":6.3106872383,"data_set_value_component_CTpf_variable_T":0.0000000795,"data_set_value_component_CTpf_variable_NTp":0.79,"data_set_value_component_CDpf_variable_CDpf":26.1641598976,"data_set_value_component_CDpf_variable_D":0.0000001283,"data_set_value_component_CDpf_variable_NDp":1.0,"data_set_value_component_CRf_variable_CRf":0.947842615,"data_set_value_component_CDNAcdf_variable_CDNAcdf":0.0749999596,"data_set_value_component_CDNAsecf_variable_CDNAsecf":0.07499996,"data_set_value_component_CDNA5af_variable_CDNA5af":0.0749999595,"data_set_value_component_CDNAcpf_variable_CDNAcpf":0.074999962,"data_set_value_component_DNAocp_variable_DNAocp":0.0000005068,"data_set_value_component_DNAosec_variable_DNAosec":0.0000005327,"data_set_value_component_DNAocd_variable_DNAocd":0.0000005384,"data_set_value_component_DNAo5a_variable_DNAo5a":0.0000005401,"data_set_value_component_ATb_variable_ATb":0.0014591048,"data_set_value_component_ADb_variable_ADb":0.0038488731,"data_set_value_component_ALH_variable_ALH":0.0001599487,"data_set_value_component_ALH_variable_kLH1":0.13,"data_set_value_component_ALH_variable_kLH2":0.026,"data_set_value_component_ALH_variable_kLH3":0.000168,"data_set_value_component_ALH_variable_kLH4":0.8,"data_set_value_component_ALH_variable_alpha_T":0.25,"data_set_value_component_ALH_variable_alpha_D":0.75,"data_set_value_component_ALH_variable_A":0.0016652913,"data_set_value_component_ALH_variable_B":0.000168,"data_set_value_component_AR_variable_AR":0.0000950116,"data_set_value_component_AR_variable_k1R":68.15,"data_set_value_component_AR_variable_keR":71.9,"data_set_value_component_CR_variable_CR":1.7633921378,"data_set_value_component_Qp_variable_Qp":0.003751072,"data_set_value_component_Qp_variable_kQp":73.84,"data_set_value_component_Qp_variable_Vpc":0.0000508,"data_set_value_component_Vmax_variable_Vmax":0.0000016311,"data_set_value_component_Vmax_variable_k5a":3.02,"data_set_value_component_VPC1_variable_VPC1":0.0,"data_set_value_component_VPC1_variable_kcpl":0.000000117,"data_set_value_component_VPC1_variable_kcd1":0.014,"data_set_value_component_VPL1_variable_VPL1":0.0,"data_set_value_component_VPL1_variable_ksec":0.00000844,"data_set_value_component_VPL1_variable_kflo":0.043,"data_set_value_component_Vp_variable_Vp":0.00005388,"data_set_value_component_model_parameters_variable_Qb":4.955248928,"data_set_value_component_model_parameters_variable_Ql":1.06,"data_set_value_component_model_parameters_variable_Qt":0.061,"data_set_value_component_model_parameters_variable_Qbt":5.016248928,"data_set_value_component_model_parameters_variable_Qc":6.08,"data_set_value_component_model_parameters_variable_k1T":87.93,"data_set_value_component_model_parameters_variable_k1D":77.2,"data_set_value_component_model_parameters_variable_km5alpha":40.0,"data_set_value_component_model_parameters_variable_ts":0.56,"data_set_value_component_model_parameters_variable_mu":1000.0,"data_set_value_component_model_parameters_variable_Vmax1":3.65,"data_set_value_component_model_parameters_variable_Vmax0":2.89,"data_set_value_component_model_parameters_variable_PTif":1.96,"data_set_value_component_model_parameters_variable_PTst":1.0,"data_set_value_component_model_parameters_variable_PTl":2.75,"data_set_value_component_model_parameters_variable_PDl":2.0,"data_set_value_component_model_parameters_variable_PTb":1.0,"data_set_value_component_model_parameters_variable_PDb":0.62,"data_set_value_component_model_parameters_variable_CTbf":0.6275,"data_set_value_component_model_parameters_variable_CTbl":7.6,"data_set_value_component_model_parameters_variable_CDbf":0.0320709677,"data_set_value_component_model_parameters_variable_CDbl":0.59,"data_set_value_component_model_parameters_variable_CA":500000.0,"data_set_value_component_model_parameters_variable_CTl":9.92,"data_set_value_component_model_parameters_variable_CDl":0.92,"data_set_value_component_model_parameters_variable_CTst":307.29,"data_set_value_component_model_parameters_variable_CLH":0.104,"data_set_value_component_model_parameters_variable_CTif":307.29,"data_set_value_component_model_parameters_variable_CDNAcd":0.075,"data_set_value_component_model_parameters_variable_CDNAsec":0.075,"data_set_value_component_model_parameters_variable_CDNAcp":0.075,"data_set_value_component_model_parameters_variable_CDNA5a":0.075,"data_set_value_component_model_parameters_variable_CTb":0.6275,"data_set_value_component_model_parameters_variable_CDb":0.019884,"data_set_value_component_model_parameters_variable_VPC1b":0.0001,"data_set_value_component_model_parameters_variable_VPC2":0.0000508,"data_set_value_component_model_parameters_variable_VPL2":0.00000308,"data_set_value_component_model_parameters_variable_CTp":11.38,"data_set_value_component_model_parameters_variable_CDp":52.46},{"data_set_value_component_environment_variable_time":0.2,"data_set_value_component_ATbl_variable_ATbl":0.0222243706,"data_set_value_component_ATbl_variable_k2T":0.17,"data_set_value_component_ADbl_variable_ADbl":-0.0156245068,"data_set_value_component_CT_A_variable_CT_A":6.970265742,"data_set_value_component_CT_A_variable_kTA_on":0.18,"data_set_value_component_CT_A_variable_kTA_off":8131.0,"data_set_value_component_CD_A_variable_CD_A":0.5503246638,"data_set_value_component_CD_A_variable_kDA_on":0.15,"data_set_value_component_CD_A_variable_kDA_off":5407.0,"data_set_value_component_CTblf_variable_CTblf":0.629734258,"data_set_value_component_CDblf_variable_CDblf":0.0396753362,"data_set_value_component_CAf_variable_CAf":499992.4794095942,"data_set_value_component_ATl_variable_ATl":0.1227162641,"data_set_value_component_ADl_variable_ADl":-0.0042503084,"data_set_value_component_CTlf_variable_CTlf":3.6072727273,"data_set_value_component_CDlf_variable_CDlf":0.46,"data_set_value_component_ATif_variable_ATif":0.9907279934,"data_set_value_component_ATst_variable_ATst":0.0,"data_set_value_component_CTtv_variable_CTtv":156.7806122449,"data_set_value_component_ATp_variable_ATp":-0.0777964024,"data_set_value_component_ADp_variable_ADp":-0.0979496924,"data_set_value_component_CT_R_variable_CT_R":0.1663303683,"data_set_value_component_CT_R_variable_kTR_on":0.14,"data_set_value_component_CT_R_variable_kTR_off":0.069,"data_set_value_component_CD_R_variable_CD_R":0.2623997211,"data_set_value_component_CD_R_variable_kDR_on":0.053,"data_set_value_component_CD_R_variable_kDR_off":0.018,"data_set_value_component_CDT_variable_CDT":0.0003523115,"data_set_value_component_CDT_variable_kDT_on":0.14,"data_set_value_component_CDT_variable_kDT_off":3.13,"data_set_value_component_CDD_variable_CDD":0.0005545366,"data_set_value_component_CDD_variable_kDD_on":0.14,"data_set_value_component_CDD_variable_kDD_off":3.13,"data_set_value_component_CTT_variable_CTT":0.0002238334,"data_set_value_component_CTT_variable_kTT_on":0.14,"data_set_value_component_CTT_variable_kTT_off":3.13,"data_set_value_component_CDD5a_variable_CDD5a":0.0000002993,"data_set_value_component_CDD5a_variable_kDNA_onDD5a":0.14,"data_set_value_component_CDD5a_variable_kDNA_offDD5a":0.07,"data_set_value_component_CDDcd_variable_CDDcd":0.000000299,"data_set_value_component_CDDcd_variable_kDNA_onDDcd":0.14,"data_set_value_component_CDDcd_variable_kDNA_offDDcd":0.1,"data_set_value_component_CDDsec_variable_CDDsec":0.0000002978,"data_set_value_component_CDDsec_variable_kDNA_onDDsec":0.14,"data_set_value_component_CDDsec_variable_kDNA_offDDsec":0.2,"data_set_value_component_CDDcp_variable_CDDcp":0.0000002918,"data_set_value_component_CDDcp_variable_kDNA_onDDcp":0.14,"data_set_value_component_CDDcp_variable_kDNA_offDDcp":0.7,"data_set_value_component_CDT5a_variable_CDT5a":0.0000001867,"data_set_value_component_CDT5a_variable_kDNA_onDT5a":0.14,"data_set_value_component_CDT5a_variable_kDNA_offDT5a":0.56,"data_set_value_component_CDTcd_variable_CDTcd":0.0000001849,"data_set_value_component_CDTcd_variable_kDNA_onDTcd":0.14,"data_set_value_component_CDTcd_variable_kDNA_offDTcd":0.8,"data_set_value_component_CDTsec_variable_CDTsec":0.0000001792,"data_set_value_component_CDTsec_variable_kDNA_onDTsec":0.14,"data_set_value_component_CDTsec_variable_kDNA_offDTsec":1.6,"data_set_value_component_CDTcp_variable_CDTcp":0.0000001544,"data_set_value_component_CDTcp_variable_kDNA_onDTcp":0.14,"data_set_value_component_CDTcp_variable_kDNA_offDTcp":5.6,"data_set_value_component_CTT5a_variable_CTT5a":0.0000001175,"data_set_value_component_CTT5a_variable_kDNA_onTT5a":0.14,"data_set_value_component_CTT5a_variable_kDNA_offTT5a":0.84,"data_set_value_component_CTTcd_variable_CTTcd":0.0000001158,"data_set_value_component_CTTcd_variable_kDNA_onTTcd":0.14,"data_set_value_component_CTTcd_variable_kDNA_offTTcd":1.2,"data_set_value_component_CTTsec_variable_CTTsec":0.0000001105,"data_set_value_component_CTTsec_variable_kDNA_onTTsec":0.14,"data_set_value_component_CTTsec_variable_kDNA_offTTsec":2.4,"data_set_value_component_CTTcp_variable_CTTcp":0.0000000893,"data_set_value_component_CTTcp_variable_kDNA_onTTcp":0.14,"data_set_value_component_CTTcp_variable_kDNA_offTTcp":8.4,"data_set_value_component_CTpf_variable_CTpf":6.2641723548,"data_set_value_component_CTpf_variable_T":0.0000011384,"data_set_value_component_CTpf_variable_NTp":0.79,"data_set_value_component_CDpf_variable_CDpf":26.0980685006,"data_set_value_component_CDpf_variable_D":0.0000018931,"data_set_value_component_CDpf_variable_NDp":1.0,"data_set_value_component_CRf_variable_CRf":0.9478426108,"data_set_value_component_CDNAcdf_variable_CDNAcdf":0.0749994003,"data_set_value_component_CDNAsecf_variable_CDNAsecf":0.0749994125,"data_set_value_component_CDNA5af_variable_CDNA5af":0.0749993964,"data_set_value_component_CDNAcpf_variable_CDNAcpf":0.0749994645,"data_set_value_component_DNAocp_variable_DNAocp":0.0000071402,"data_set_value_component_DNAosec_variable_DNAosec":0.0000078327,"data_set_value_component_DNAocd_variable_DNAocd":0.0000079963,"data_set_value_component_DNAo5a_variable_DNAo5a":0.0000080474,"data_set_value_component_ATb_variable_ATb":0.0025662353,"data_set_value_component_ADb_variable_ADb":0.0076634137,"data_set_value_component_ALH_variable_ALH":0.0003076933,"data_set_value_component_ALH_variable_kLH1":0.13,"data_set_value_component_ALH_variable_kLH2":0.026,"data_set_value_component_ALH_variable_kLH3":0.000168,"data_set_value_component_ALH_variable_kLH4":0.8,"data_set_value_component_ALH_variable_alpha_T":0.25,"data_set_value_component_ALH_variable_alpha_D":0.75,"data_set_value_component_ALH_variable_A":0.0016652913,"data_set_value_component_ALH_variable_B":0.000168,"data_set_value_component_AR_variable_AR":0.0001066193,"data_set_value_component_AR_variable_k1R":68.15,"data_set_value_component_AR_variable_keR":71.9,"data_set_value_component_CR_variable_CR":1.9788294105,"data_set_value_component_Qp_variable_Qp":0.003751072,"data_set_value_component_Qp_variable_kQp":73.84,"data_set_value_component_Qp_variable_Vpc":0.0000508,"data_set_value_component_Vmax_variable_Vmax":0.0000243031,"data_set_value_component_Vmax_variable_k5a":3.02,"data_set_value_component_VPC1_variable_VPC1":0.0,"data_set_value_component_VPC1_variable_kcpl":0.000000117,"data_set_value_component_VPC1_variable_kcd1":0.014,"data_set_value_component_VPL1_variable_VPL1":0.0,"data_set_value_component_VPL1_variable_ksec":0.00000844,"data_set_value_component_VPL1_variable_kflo":0.043,"data_set_value_component_Vp_variable_Vp":0.00005388,"data_set_value_component_model_parameters_variable_Qb":4.955248928,"data_set_value_component_model_parameters_variable_Ql":1.06,"data_set_value_component_model_parameters_variable_Qt":0.061,"data_set_value_component_model_parameters_variable_Qbt":5.016248928,"data_set_value_component_model_parameters_variable_Qc":6.08,"data_set_value_component_model_parameters_variable_k1T":87.93,"data_set_value_component_model_parameters_variable_k1D":77.2,"data_set_value_component_model_parameters_variable_km5alpha":40.0,"data_set_value_component_model_parameters_variable_ts":0.56,"data_set_value_component_model_parameters_variable_mu":1000.0,"data_set_value_component_model_parameters_variable_Vmax1":3.65,"data_set_value_component_model_parameters_variable_Vmax0":2.89,"data_set_value_component_model_parameters_variable_PTif":1.96,"data_set_value_component_model_parameters_variable_PTst":1.0,"data_set_value_component_model_parameters_variable_PTl":2.75,"data_set_value_component_model_parameters_variable_PDl":2.0,"data_set_value_component_model_parameters_variable_PTb":1.0,"data_set_value_component_model_parameters_variable_PDb":0.62,"data_set_value_component_model_parameters_variable_CTbf":0.6275,"data_set_value_component_model_parameters_variable_CTbl":7.6,"data_set_value_component_model_parameters_variable_CDbf":0.0320709677,"data_set_value_component_model_parameters_variable_CDbl":0.59,"data_set_value_component_model_parameters_variable_CA":500000.0,"data_set_value_component_model_parameters_variable_CTl":9.92,"data_set_value_component_model_parameters_variable_CDl":0.92,"data_set_value_component_model_parameters_variable_CTst":307.29,"data_set_value_component_model_parameters_variable_CLH":0.104,"data_set_value_component_model_parameters_variable_CTif":307.29,"data_set_value_component_model_parameters_variable_CDNAcd":0.075,"data_set_value_component_model_parameters_variable_CDNAsec":0.075,"data_set_value_component_model_parameters_variable_CDNAcp":0.075,"data_set_value_component_model_parameters_variable_CDNA5a":0.075,"data_set_value_component_model_parameters_variable_CTb":0.6275,"data_set_value_component_model_parameters_variable_CDb":0.019884,"data_set_value_component_model_parameters_variable_VPC1b":0.0001,"data_set_value_component_model_parameters_variable_VPC2":0.0000508,"data_set_value_component_model_parameters_variable_VPL2":0.00000308,"data_set_value_component_model_parameters_variable_CTp":11.38,"data_set_value_component_model_parameters_variable_CDp":52.46},{"data_set_value_component_environment_variable_time":0.3,"data_set_value_component_ATbl_variable_ATbl":0.0334873215,"data_set_value_component_ATbl_variable_k2T":0.17,"data_set_value_component_ADbl_variable_ADbl":-0.023456848,"data_set_value_component_CT_A_variable_CT_A":6.970265742,"data_set_value_component_CT_A_variable_kTA_on":0.18,"data_set_value_component_CT_A_variable_kTA_off":8131.0,"data_set_value_component_CD_A_variable_CD_A":0.5503246638,"data_set_value_component_CD_A_variable_kDA_on":0.15,"data_set_value_component_CD_A_variable_kDA_off":5407.0,"data_set_value_component_CTblf_variable_CTblf":0.629734258,"data_set_value_component_CDblf_variable_CDblf":0.0396753362,"data_set_value_component_CAf_variable_CAf":499992.4794095942,"data_set_value_component_ATl_variable_ATl":0.1229127548,"data_set_value_component_ADl_variable_ADl":-0.0042521468,"data_set_value_component_CTlf_variable_CTlf":3.6072727273,"data_set_value_component_CDlf_variable_CDlf":0.46,"data_set_value_component_ATif_variable_ATif":1.4860910369,"data_set_value_component_ATst_variable_ATst":0.0,"data_set_value_component_CTtv_variable_CTtv":156.7806122449,"data_set_value_component_ATp_variable_ATp":-0.1162918084,"data_set_value_component_ADp_variable_ADp":-0.1465106511,"data_set_value_component_CT_R_variable_CT_R":0.2477175464,"data_set_value_component_CT_R_variable_kTR_on":0.14,"data_set_value_component_CT_R_variable_kTR_off":0.069,"data_set_value_component_CD_R_variable_CD_R":0.3927480748,"data_set_value_component_CD_R_variable_kDR_on":0.053,"data_set_value_component_CD_R_variable_kDR_off":0.018,"data_set_value_component_CDT_variable_CDT":0.0011007853,"data_set_value_component_CDT_variable_kDT_on":0.14,"data_set_value_component_CDT_variable_kDT_off":3.13,"data_set_value_component_CDD_variable_CDD":0.0017395728,"data_set_value_component_CDD_variable_kDD_on":0.14,"data_set_value_component_CDD_variable_kDD_off":3.13,"data_set_value_component_CTT_variable_CTT":0.0006965716,"data_set_value_component_CTT_variable_kTT_on":0.14,"data_set_value_component_CTT_variable_kTT_off":3.13,"data_set_value_component_CDD5a_variable_CDD5a":0.0000014261,"data_set_value_component_CDD5a_variable_kDNA_onDD5a":0.14,"data_set_value_component_CDD5a_variable_kDNA_offDD5a":0.07,"data_set_value_component_CDDcd_variable_CDDcd":0.0000014235,"data_set_value_component_CDDcd_variable_kDNA_onDDcd":0.14,"data_set_value_component_CDDcd_variable_kDNA_offDDcd":0.1,"data_set_value_component_CDDsec_variable_CDDsec":0.0000014148,"data_set_value_component_CDDsec_variable_kDNA_onDDsec":0.14,"data_set_value_component_CDDsec_variable_kDNA_offDDsec":0.2,"data_set_value_component_CDDcp_variable_CDDcp":0.0000013725,"data_set_value_component_CDDcp_variable_kDNA_onDDcp":0.14,"data_set_value_component_CDDcp_variable_kDNA_offDDcp":0.7,"data_set_value_component_CDT5a_variable_CDT5a":0.000000878,"data_set_value_component_CDT5a_variable_kDNA_onDT5a":0.14,"data_set_value_component_CDT5a_variable_kDNA_offDT5a":0.56,"data_set_value_component_CDTcd_variable_CDTcd":0.0000008654,"data_set_value_component_CDTcd_variable_kDNA_onDTcd":0.14,"data_set_value_component_CDTcd_variable_kDNA_offDTcd":0.8,"data_set_value_component_CDTsec_variable_CDTsec":0.0000008255,"data_set_value_component_CDTsec_variable_kDNA_onDTsec":0.14,"data_set_value_component_CDTsec_variable_kDNA_offDTsec":1.6,"data_set_value_component_CDTcp_variable_CDTcp":0.0000006657,"data_set_value_component_CDTcp_variable_kDNA_onDTcp":0.14,"data_set_value_component_CDTcp_variable_kDNA_offDTcp":5.6,"data_set_value_component_CTT5a_variable_CTT5a":0.0000005476,"data_set_value_component_CTT5a_variable_kDNA_onTT5a":0.14,"data_set_value_component_CTT5a_variable_kDNA_offTT5a":0.84,"data_set_value_component_CTTcd_variable_CTTcd":0.000000536,"data_set_value_component_CTTcd_variable_kDNA_onTTcd":0.14,"data_set_value_component_CTTcd_variable_kDNA_offTTcd":1.2,"data_set_value_component_CTTsec_variable_CTTsec":0.0000005001,"data_set_value_component_CTTsec_variable_kDNA_onTTsec":0.14,"data_set_value_component_CTTsec_variable_kDNA_offTTsec":2.4,"data_set_value_component_CTTcp_variable_CTTcp":0.0000003696,"data_set_value_component_CTTcp_variable_kDNA_onTTcp":0.14,"data_set_value_component_CTTcp_variable_kDNA_offTTcp":8.4,"data_set_value_component_CTpf_variable_CTpf":6.2177560543,"data_set_value_component_CTpf_variable_T":0.0000051878,"data_set_value_component_CTpf_variable_NTp":0.79,"data_set_value_component_CDpf_variable_CDpf":26.0313315614,"data_set_value_component_CDpf_variable_D":0.0000088714,"data_set_value_component_CDpf_variable_NDp":1.0,"data_set_value_component_CRf_variable_CRf":0.9478425991,"data_set_value_component_CDNAcdf_variable_CDNAcdf":0.0749971752,"data_set_value_component_CDNAsecf_variable_CDNAsecf":0.0749972596,"data_set_value_component_CDNA5af_variable_CDNA5af":0.0749971483,"data_set_value_component_CDNAcpf_variable_CDNAcpf":0.0749975922,"data_set_value_component_DNAocp_variable_DNAocp":0.0000321041,"data_set_value_component_DNAosec_variable_DNAosec":0.0000365381,"data_set_value_component_DNAocd_variable_DNAocd":0.0000376646,"data_set_value_component_DNAo5a_variable_DNAo5a":0.0000380226,"data_set_value_component_ATb_variable_ATb":0.0036733658,"data_set_value_component_ADb_variable_ADb":0.0114779542,"data_set_value_component_ALH_variable_ALH":0.0004440788,"data_set_value_component_ALH_variable_kLH1":0.13,"data_set_value_component_ALH_variable_kLH2":0.026,"data_set_value_component_ALH_variable_kLH3":0.000168,"data_set_value_component_ALH_variable_kLH4":0.8,"data_set_value_component_ALH_variable_alpha_T":0.25,"data_set_value_component_ALH_variable_alpha_D":0.75,"data_set_value_component_ALH_variable_A":0.0016652913,"data_set_value_component_ALH_variable_B":0.000168,"data_set_value_component_AR_variable_AR":0.000118286,"data_set_value_component_AR_variable_k1R":68.15,"data_set_value_component_AR_variable_keR":71.9,"data_set_value_component_CR_variable_CR":2.1953604304,"data_set_value_component_Qp_variable_Qp":0.003751072,"data_set_value_component_Qp_variable_kQp":73.84,"data_set_value_component_Qp_variable_Vpc":0.0000508,"data_set_value_component_Vmax_variable_Vmax":0.0001148282,"data_set_value_component_Vmax_variable_k5a":3.02,"data_set_value_component_VPC1_variable_VPC1":0.0,"data_set_value_component_VPC1_variable_kcpl":0.000000117,"data_set_value_component_VPC1_variable_kcd1":0.014,"data_set_value_component_VPL1_variable_VPL1":0.0,"data_set_value_component_VPL1_variable_ksec":0.00000844,"data_set_value_component_VPL1_variable_kflo":0.043,"data_set_value_component_Vp_variable_Vp":0.00005388,"data_set_value_component_model_parameters_variable_Qb":4.955248928,"data_set_value_component_model_parameters_variable_Ql":1.06,"data_set_value_component_model_parameters_variable_Qt":0.061,"data_set_value_component_model_parameters_variable_Qbt":5.016248928,"data_set_value_component_model_parameters_variable_Qc":6.08,"data_set_value_component_model_parameters_variable_k1T":87.93,"data_set_value_component_model_parameters_variable_k1D":77.2,"data_set_value_component_model_parameters_variable_km5alpha":40.0,"data_set_value_component_model_parameters_variable_ts":0.56,"data_set_value_component_model_parameters_variable_mu":1000.0,"data_set_value_component_model_parameters_variable_Vmax1":3.65,"data_set_value_component_model_parameters_variable_Vmax0":2.89,"data_set_value_component_model_parameters_variable_PTif":1.96,"data_set_value_component_model_parameters_variable_PTst":1.0,"data_set_value_component_model_parameters_variable_PTl":2.75,"data_set_value_component_model_parameters_variable_PDl":2.0,"data_set_value_component_model_parameters_variable_PTb":1.0,"data_set_value_component_model_parameters_variable_PDb":0.62,"data_set_value_component_model_parameters_variable_CTbf":0.6275,"data_set_value_component_model_parameters_variable_CTbl":7.6,"data_set_value_component_model_parameters_variable_CDbf":0.0320709677,"data_set_value_component_model_parameters_variable_CDbl":0.59,"data_set_value_component_model_parameters_variable_CA":500000.0,"data_set_value_component_model_parameters_variable_CTl":9.92,"data_set_value_component_model_parameters_variable_CDl":0.92,"data_set_value_component_model_parameters_variable_CTst":307.29,"data_set_value_component_model_parameters_variable_CLH":0.104,"data_set_value_component_model_parameters_variable_CTif":307.29,"data_set_value_component_model_parameters_variable_CDNAcd":0.075,"data_set_value_component_model_parameters_variable_CDNAsec":0.075,"data_set_value_component_model_parameters_variable_CDNAcp":0.075,"data_set_value_component_model_parameters_variable_CDNA5a":0.075,"data_set_value_component_model_parameters_variable_CTb":0.6275,"data_set_value_component_model_parameters_variable_CDb":0.019884,"data_set_value_component_model_parameters_variable_VPC1b":0.0001,"data_set_value_component_model_parameters_variable_VPC2":0.0000508,"data_set_value_component_model_parameters_variable_VPL2":0.00000308,"data_set_value_component_model_parameters_variable_CTp":11.38,"data_set_value_component_model_parameters_variable_CDp":52.46},{"data_set_value_component_environment_variable_time":0.4,"data_set_value_component_ATbl_variable_ATbl":0.0447328529,"data_set_value_component_ATbl_variable_k2T":0.17,"data_set_value_component_ADbl_variable_ADbl":-0.0313143891,"data_set_value_component_CT_A_variable_CT_A":6.970265742,"data_set_value_component_CT_A_variable_kTA_on":0.18,"data_set_value_component_CT_A_variable_kTA_off":8131.0,"data_set_value_component_CD_A_variable_CD_A":0.5503246638,"data_set_value_component_CD_A_variable_kDA_on":0.15,"data_set_value_component_CD_A_variable_kDA_off":5407.0,"data_set_value_component_CTblf_variable_CTblf":0.629734258,"data_set_value_component_CDblf_variable_CDblf":0.0396753362,"data_set_value_component_CAf_variable_CAf":499992.4794095942,"data_set_value_component_ATl_variable_ATl":0.1229213883,"data_set_value_component_ADl_variable_ADl":-0.0042521969,"data_set_value_component_CTlf_variable_CTlf":3.6072727273,"data_set_value_component_CDlf_variable_CDlf":0.46,"data_set_value_component_ATif_variable_ATif":1.9814540804,"data_set_value_component_ATst_variable_ATst":0.0,"data_set_value_component_CTtv_variable_CTtv":156.7806122449,"data_set_value_component_ATp_variable_ATp":-0.1545184789,"data_set_value_component_ADp_variable_ADp":-0.194795094,"data_set_value_component_CT_R_variable_CT_R":0.3279309742,"data_set_value_component_CT_R_variable_kTR_on":0.14,"data_set_value_component_CT_R_variable_kTR_off":0.069,"data_set_value_component_CD_R_variable_CD_R":0.5225248289,"data_set_value_component_CD_R_variable_kDR_on":0.053,"data_set_value_component_CD_R_variable_kDR_off":0.018,"data_set_value_component_CDT_variable_CDT":0.0024226646,"data_set_value_component_CDT_variable_kDT_on":0.14,"data_set_value_component_CDT_variable_kDT_off":3.13,"data_set_value_component_CDD_variable_CDD":0.0038442274,"data_set_value_component_CDD_variable_kDD_on":0.14,"data_set_value_component_CDD_variable_kDD_off":3.13,"data_set_value_component_CTT_variable_CTT":0.0015268021,"data_set_value_component_CTT_variable_kTT_on":0.14,"data_set_value_component_CTT_variable_kTT_off":3.13,"data_set_value_component_CDD5a_variable_CDD5a":0.0000042508,"data_set_value_component_CDD5a_variable_kDNA_onDD5a":0.14,"data_set_value_component_CDD5a_variable_kDNA_offDD5a":0.07,"data_set_value_component_CDDcd_variable_CDDcd":0.0000042403,"data_set_value_component_CDDcd_variable_kDNA_onDDcd":0.14,"data_set_value_component_CDDcd_variable_kDNA_offDDcd":0.1,"data_set_value_component_CDDsec_variable_CDDsec":0.0000042055,"data_set_value_component_CDDsec_variable_kDNA_onDDsec":0.14,"data_set_value_component_CDDsec_variable_kDNA_offDDsec":0.2,"data_set_value_component_CDDcp_variable_CDDcp":0.0000040382,"data_set_value_component_CDDcp_variable_kDNA_onDDcp":0.14,"data_set_value_component_CDDcp_variable_kDNA_offDDcp":0.7,"data_set_value_component_CDT5a_variable_CDT5a":0.0000025822,"data_set_value_component_CDT5a_variable_kDNA_onDT5a":0.14,"data_set_value_component_CDT5a_variable_kDNA_offDT5a":0.56,"data_set_value_component_CDTcd_variable_CDTcd":0.0000025329,"data_set_value_component_CDTcd_variable_kDNA_onDTcd":0.14,"data_set_value_component_CDTcd_variable_kDNA_offDTcd":0.8,"data_set_value_component_CDTsec_variable_CDTsec":0.0000023794,"data_set_value_component_CDTsec_variable_kDNA_onDTsec":0.14,"data_set_value_component_CDTsec_variable_kDNA_offDTsec":1.6,"data_set_value_component_CDTcp_variable_CDTcp":0.0000018043,"data_set_value_component_CDTcp_variable_kDNA_onDTcp":0.14,"data_set_value_component_CDTcp_variable_kDNA_offDTcp":5.6,"data_set_value_component_CTT5a_variable_CTT5a":0.0000015963,"data_set_value_component_CTT5a_variable_kDNA_onTT5a":0.14,"data_set_value_component_CTT5a_variable_kDNA_offTT5a":0.84,"data_set_value_component_CTTcd_variable_CTTcd":0.0000015515,"data_set_value_component_CTTcd_variable_kDNA_onTTcd":0.14,"data_set_value_component_CTTcd_variable_kDNA_offTTcd":1.2,"data_set_value_component_CTTsec_variable_CTTsec":0.0000014165,"data_set_value_component_CTTsec_variable_kDNA_onTTsec":0.14,"data_set_value_component_CTTsec_variable_kDNA_offTTsec":2.4,"data_set_value_component_CTTcp_variable_CTTcp":0.0000009673,"data_set_value_component_CTTcp_variable_kDNA_onTTcp":0.14,"data_set_value_component_CTTcp_variable_kDNA_offTTcp":8.4,"data_set_value_component_CTpf_variable_CTpf":6.1712725847,"data_set_value_component_CTpf_variable_T":0.0000148304,"data_set_value_component_CTpf_variable_NTp":0.79,"data_set_value_component_CDpf_variable_CDpf":25.9636690091,"data_set_value_component_CDpf_variable_D":0.0000260336,"data_set_value_component_CDpf_variable_NDp":1.0,"data_set_value_component_CRf_variable_CRf":0.9478425822,"data_set_value_component_CDNAcdf_variable_CDNAcdf":0.0749916753,"data_set_value_component_CDNAsecf_variable_CDNAsecf":0.0749919987,"data_set_value_component_CDNA5af_variable_CDNA5af":0.0749915706,"data_set_value_component_CDNAcpf_variable_CDNAcpf":0.0749931901,"data_set_value_component_DNAocp_variable_DNAocp":0.0000907981,"data_set_value_component_DNAosec_variable_DNAosec":0.0001066843,"data_set_value_component_DNAocd_variable_DNAocd":0.0001109965,"data_set_value_component_DNAo5a_variable_DNAo5a":0.0001123919,"data_set_value_component_ATb_variable_ATb":0.0047804962,"data_set_value_component_ADb_variable_ADb":0.0152924947,"data_set_value_component_ALH_variable_ALH":0.0005699785,"data_set_value_component_ALH_variable_kLH1":0.13,"data_set_value_component_ALH_variable_kLH2":0.026,"data_set_value_component_ALH_variable_kLH3":0.000168,"data_set_value_component_ALH_variable_kLH4":0.8,"data_set_value_component_ALH_variable_alpha_T":0.25,"data_set_value_component_ALH_variable_alpha_D":0.75,"data_set_value_component_ALH_variable_A":0.0016652913,"data_set_value_component_ALH_variable_B":0.000168,"data_set_value_component_AR_variable_AR":0.0001300568,"data_set_value_component_AR_variable_k1R":68.15,"data_set_value_component_AR_variable_keR":71.9,"data_set_value_component_CR_variable_CR":2.4138226428,"data_set_value_component_Qp_variable_Qp":0.003751072,"data_set_value_component_Qp_variable_kQp":73.84,"data_set_value_component_Qp_variable_Vpc":0.0000508,"data_set_value_component_Vmax_variable_Vmax":0.0003394236,"data_set_value_component_Vmax_variable_k5a":3.02,"data_set_value_component_VPC1_variable_VPC1":0.0,"data_set_value_component_VPC1_variable_kcpl":0.000000117,"data_set_value_component_VPC1_variable_kcd1":0.014,"data_set_value_component_VPL1_variable_VPL1":0.0,"data_set_value_component_VPL1_variable_ksec":0.00000844,"data_set_value_component_VPL1_variable_kflo":0.043,"data_set_value_component_Vp_variable_Vp":0.00005388,"data_set_value_component_model_parameters_variable_Qb":4.955248928,"data_set_value_component_model_parameters_variable_Ql":1.06,"data_set_value_component_model_parameters_variable_Qt":0.061,"data_set_value_component_model_parameters_variable_Qbt":5.016248928,"data_set_value_component_model_parameters_variable_Qc":6.08,"data_set_value_component_model_parameters_variable_k1T":87.93,"data_set_value_component_model_parameters_variable_k1D":77.2,"data_set_value_component_model_parameters_variable_km5alpha":40.0,"data_set_value_component_model_parameters_variable_ts":0.56,"data_set_value_component_model_parameters_variable_mu":1000.0,"data_set_value_component_model_parameters_variable_Vmax1":3.65,"data_set_value_component_model_parameters_variable_Vmax0":2.89,"data_set_value_component_model_parameters_variable_PTif":1.96,"data_set_value_component_model_parameters_variable_PTst":1.0,"data_set_value_component_model_parameters_variable_PTl":2.75,"data_set_value_component_model_parameters_variable_PDl":2.0,"data_set_value_component_model_parameters_variable_PTb":1.0,"data_set_value_component_model_parameters_variable_PDb":0.62,"data_set_value_component_model_parameters_variable_CTbf":0.6275,"data_set_value_component_model_parameters_variable_CTbl":7.6,"data_set_value_component_model_parameters_variable_CDbf":0.0320709677,"data_set_value_component_model_parameters_variable_CDbl":0.59,"data_set_value_component_model_parameters_variable_CA":500000.0,"data_set_value_component_model_parameters_variable_CTl":9.92,"data_set_value_component_model_parameters_variable_CDl":0.92,"data_set_value_component_model_parameters_variable_CTst":307.29,"data_set_value_component_model_parameters_variable_CLH":0.104,"data_set_value_component_model_parameters_variable_CTif":307.29,"data_set_value_component_model_parameters_variable_CDNAcd":0.075,"data_set_value_component_model_parameters_variable_CDNAsec":0.075,"data_set_value_component_model_parameters_variable_CDNAcp":0.075,"data_set_value_component_model_parameters_variable_CDNA5a":0.075,"data_set_value_component_model_parameters_variable_CTb":0.6275,"data_set_value_component_model_parameters_variable_CDb":0.019884,"data_set_value_component_model_parameters_variable_VPC1b":0.0001,"data_set_value_component_model_parameters_variable_VPC2":0.0000508,"data_set_value_component_model_parameters_variable_VPL2":0.00000308,"data_set_value_component_model_parameters_variable_CTp":11.38,"data_set_value_component_model_parameters_variable_CDp":52.46},{"data_set_value_component_environment_variable_time":0.5,"data_set_value_component_ATbl_variable_ATbl":0.0559609176,"data_set_value_component_ATbl_variable_k2T":0.17,"data_set_value_component_ADbl_variable_ADbl":-0.0391975161,"data_set_value_component_CT_A_variable_CT_A":6.970265742,"data_set_value_component_CT_A_variable_kTA_on":0.18,"data_set_value_component_CT_A_variable_kTA_off":8131.0,"data_set_value_component_CD_A_variable_CD_A":0.5503246638,"data_set_value_component_CD_A_variable_kDA_on":0.15,"data_set_value_component_CD_A_variable_kDA_off":5407.0,"data_set_value_component_CTblf_variable_CTblf":0.629734258,"data_set_value_component_CDblf_variable_CDblf":0.0396753362,"data_set_value_component_CAf_variable_CAf":499992.4794095942,"data_set_value_component_ATl_variable_ATl":0.1229214304,"data_set_value_component_ADl_variable_ADl":-0.0042521921,"data_set_value_component_CTlf_variable_CTlf":3.6072727273,"data_set_value_component_CDlf_variable_CDlf":0.46,"data_set_value_component_ATif_variable_ATif":2.4768171239,"data_set_value_component_ATst_variable_ATst":0.0,"data_set_value_component_CTtv_variable_CTtv":156.7806122449,"data_set_value_component_ATp_variable_ATp":-0.1924751759,"data_set_value_component_ADp_variable_ADp":-0.2428014442,"data_set_value_component_CT_R_variable_CT_R":0.4069770529,"data_set_value_component_CT_R_variable_kTR_on":0.14,"data_set_value_component_CT_R_variable_kTR_off":0.069,"data_set_value_component_CD_R_variable_CD_R":0.6517258437,"data_set_value_component_CD_R_variable_kDR_on":0.053,"data_set_value_component_CD_R_variable_kDR_off":0.018,"data_set_value_component_CDT_variable_CDT":0.004405532,"data_set_value_component_CDT_variable_kDT_on":0.14,"data_set_value_component_CDT_variable_kDT_off":3.13,"data_set_value_component_CDD_variable_CDD":0.0070198334,"data_set_value_component_CDD_variable_kDD_on":0.14,"data_set_value_component_CDD_variable_kDD_off":3.13,"data_set_value_component_CTT_variable_CTT":0.0027648885,"data_set_value_component_CTT_variable_kTT_on":0.14,"data_set_value_component_CTT_variable_kTT_off":3.13,"data_set_value_component_CDD5a_variable_CDD5a":0.0000098071,"data_set_value_component_CDD5a_variable_kDNA_onDD5a":0.14,"data_set_value_component_CDD5a_variable_kDNA_offDD5a":0.07,"data_set_value_component_CDDcd_variable_CDDcd":0.0000097765,"data_set_value_component_CDDcd_variable_kDNA_onDDcd":0.14,"data_set_value_component_CDDcd_variable_kDNA_offDDcd":0.1,"data_set_value_component_CDDsec_variable_CDDsec":0.0000096756,"data_set_value_component_CDDsec_variable_kDNA_onDDsec":0.14,"data_set_value_component_CDDsec_variable_kDNA_offDDsec":0.2,"data_set_value_component_CDDcp_variable_CDDcp":0.0000091961,"data_set_value_component_CDDcp_variable_kDNA_onDDcp":0.14,"data_set_value_component_CDDcp_variable_kDNA_offDDcp":0.7,"data_set_value_component_CDT5a_variable_CDT5a":0.0000058775,"data_set_value_component_CDT5a_variable_kDNA_onDT5a":0.14,"data_set_value_component_CDT5a_variable_kDNA_offDT5a":0.56,"data_set_value_component_CDTcd_variable_CDTcd":0.0000057375,"data_set_value_component_CDTcd_variable_kDNA_onDTcd":0.14,"data_set_value_component_CDTcd_variable_kDNA_offDTcd":0.8,"data_set_value_component_CDTsec_variable_CDTsec":0.0000053091,"data_set_value_component_CDTsec_variable_kDNA_onDTsec":0.14,"data_set_value_component_CDTsec_variable_kDNA_offDTsec":1.6,"data_set_value_component_CDTcp_variable_CDTcp":0.0000038028,"data_set_value_component_CDTcp_variable_kDNA_onDTcp":0.14,"data_set_value_component_CDTcp_variable_kDNA_offDTcp":5.6,"data_set_value_component_CTT5a_variable_CTT5a":0.0000036013,"data_set_value_component_CTT5a_variable_kDNA_onTT5a":0.14,"data_set_value_component_CTT5a_variable_kDNA_offTT5a":0.84,"data_set_value_component_CTTcd_variable_CTTcd":0.000003476,"data_set_value_component_CTTcd_variable_kDNA_onTTcd":0.14,"data_set_value_component_CTTcd_variable_kDNA_offTTcd":1.2,"data_set_value_component_CTTsec_variable_CTTsec":0.000003107,"data_set_value_component_CTTsec_variable_kDNA_onTTsec":0.14,"data_set_value_component_CTTsec_variable_kDNA_offTTsec":2.4,"data_set_value_component_CTTcp_variable_CTTcp":0.0000019776,"data_set_value_component_CTTcp_variable_kDNA_onTTcp":0.14,"data_set_value_component_CTTcp_variable_kDNA_offTTcp":8.4,"data_set_value_component_CTpf_variable_CTpf":6.1246115918,"data_set_value_component_CTpf_variable_T":0.0000328888,"data_set_value_component_CTpf_variable_NTp":0.79,"data_set_value_component_CDpf_variable_CDpf":25.8948848877,"data_set_value_component_CDpf_variable_D":0.0000591821,"data_set_value_component_CDpf_variable_NDp":1.0,"data_set_value_component_CRf_variable_CRf":0.9478425619,"data_set_value_component_CDNAcdf_variable_CDNAcdf":0.07498101,"data_set_value_component_CDNAsecf_variable_CDNAsecf":0.0749819083,"data_set_value_component_CDNA5af_variable_CDNA5af":0.0749807141,"data_set_value_component_CDNAcpf_variable_CDNAcpf":0.0749850235,"data_set_value_component_DNAocp_variable_DNAocp":0.000199686,"data_set_value_component_DNAosec_variable_DNAosec":0.0002412225,"data_set_value_component_DNAocd_variable_DNAocd":0.0002531996,"data_set_value_component_DNAo5a_variable_DNAo5a":0.000257145,"data_set_value_component_ATb_variable_ATb":0.0058876267,"data_set_value_component_ADb_variable_ADb":0.0191070352,"data_set_value_component_ALH_variable_ALH":0.0006861986,"data_set_value_component_ALH_variable_kLH1":0.13,"data_set_value_component_ALH_variable_kLH2":0.026,"data_set_value_component_ALH_variable_kLH3":0.000168,"data_set_value_component_ALH_variable_kLH4":0.8,"data_set_value_component_ALH_variable_alpha_T":0.25,"data_set_value_component_ALH_variable_alpha_D":0.75,"data_set_value_component_ALH_variable_A":0.0016652913,"data_set_value_component_ALH_variable_B":0.000168,"data_set_value_component_AR_variable_AR":0.0001419621,"data_set_value_component_AR_variable_k1R":68.15,"data_set_value_component_AR_variable_keR":71.9,"data_set_value_component_CR_variable_CR":2.6347832783,"data_set_value_component_Qp_variable_Qp":0.003751072,"data_set_value_component_Qp_variable_kQp":73.84,"data_set_value_component_Qp_variable_Vpc":0.0000508,"data_set_value_component_Vmax_variable_Vmax":0.000776578,"data_set_value_component_Vmax_variable_k5a":3.02,"data_set_value_component_VPC1_variable_VPC1":0.0,"data_set_value_component_VPC1_variable_kcpl":0.000000117,"data_set_value_component_VPC1_variable_kcd1":0.014,"data_set_value_component_VPL1_variable_VPL1":0.0,"data_set_value_component_VPL1_variable_ksec":0.00000844,"data_set_value_component_VPL1_variable_kflo":0.043,"data_set_value_component_Vp_variable_Vp":0.00005388,"data_set_value_component_model_parameters_variable_Qb":4.955248928,"data_set_value_component_model_parameters_variable_Ql":1.06,"data_set_value_component_model_parameters_variable_Qt":0.061,"data_set_value_component_model_parameters_variable_Qbt":5.016248928,"data_set_value_component_model_parameters_variable_Qc":6.08,"data_set_value_component_model_parameters_variable_k1T":87.93,"data_set_value_component_model_parameters_variable_k1D":77.2,"data_set_value_component_model_parameters_variable_km5alpha":40.0,"data_set_value_component_model_parameters_variable_ts":0.56,"data_set_value_component_model_parameters_variable_mu":1000.0,"data_set_value_component_model_parameters_variable_Vmax1":3.65,"data_set_value_component_model_parameters_variable_Vmax0":2.89,"data_set_value_component_model_parameters_variable_PTif":1.96,"data_set_value_component_model_parameters_variable_PTst":1.0,"data_set_value_component_model_parameters_variable_PTl":2.75,"data_set_value_component_model_parameters_variable_PDl":2.0,"data_set_value_component_model_parameters_variable_PTb":1.0,"data_set_value_component_model_parameters_variable_PDb":0.62,"data_set_value_component_model_parameters_variable_CTbf":0.6275,"data_set_value_component_model_parameters_variable_CTbl":7.6,"data_set_value_component_model_parameters_variable_CDbf":0.0320709677,"data_set_value_component_model_parameters_variable_CDbl":0.59,"data_set_value_component_model_parameters_variable_CA":500000.0,"data_set_value_component_model_parameters_variable_CTl":9.92,"data_set_value_component_model_parameters_variable_CDl":0.92,"data_set_value_component_model_parameters_variable_CTst":307.29,"data_set_value_component_model_parameters_variable_CLH":0.104,"data_set_value_component_model_parameters_variable_CTif":307.29,"data_set_value_component_model_parameters_variable_CDNAcd":0.075,"data_set_value_component_model_parameters_variable_CDNAsec":0.075,"data_set_value_component_model_parameters_variable_CDNAcp":0.075,"data_set_value_component_model_parameters_variable_CDNA5a":0.075,"data_set_value_component_model_parameters_variable_CTb":0.6275,"data_set_value_component_model_parameters_variable_CDb":0.019884,"data_set_value_component_model_parameters_variable_VPC1b":0.0001,"data_set_value_component_model_parameters_variable_VPC2":0.0000508,"data_set_value_component_model_parameters_variable_VPL2":0.00000308,"data_set_value_component_model_parameters_variable_CTp":11.38,"data_set_value_component_model_parameters_variable_CDp":52.46},{"data_set_value_component_environment_variable_time":0.6,"data_set_value_component_ATbl_variable_ATbl":0.0671714346,"data_set_value_component_ATbl_variable_k2T":0.17,"data_set_value_component_ADbl_variable_ADbl":-0.0471066766,"data_set_value_component_CT_A_variable_CT_A":6.970265742,"data_set_value_component_CT_A_variable_kTA_on":0.18,"data_set_value_component_CT_A_variable_kTA_off":8131.0,"data_set_value_component_CD_A_variable_CD_A":0.5503246638,"data_set_value_component_CD_A_variable_kDA_on":0.15,"data_set_value_component_CD_A_variable_kDA_off":5407.0,"data_set_value_component_CTblf_variable_CTblf":0.629734258,"data_set_value_component_CDblf_variable_CDblf":0.0396753362,"data_set_value_component_CAf_variable_CAf":499992.4794095942,"data_set_value_component_ATl_variable_ATl":0.12292144,"data_set_value_component_ADl_variable_ADl":-0.0042521923,"data_set_value_component_CTlf_variable_CTlf":3.6072727273,"data_set_value_component_CDlf_variable_CDlf":0.46,"data_set_value_component_ATif_variable_ATif":2.9721801674,"data_set_value_component_ATst_variable_ATst":0.0,"data_set_value_component_CTtv_variable_CTtv":156.7806122449,"data_set_value_component_ATp_variable_ATp":-0.2301601368,"data_set_value_component_ADp_variable_ADp":-0.2905275725,"data_set_value_component_CT_R_variable_CT_R":0.4848609604,"data_set_value_component_CT_R_variable_kTR_on":0.14,"data_set_value_component_CT_R_variable_kTR_off":0.069,"data_set_value_component_CD_R_variable_CD_R":0.7803461659,"data_set_value_component_CD_R_variable_kDR_on":0.053,"data_set_value_component_CD_R_variable_kDR_off":0.018,"data_set_value_component_CDT_variable_CDT":0.0071063196,"data_set_value_component_CDT_variable_kDT_on":0.14,"data_set_value_component_CDT_variable_kDT_off":3.13,"data_set_value_component_CDD_variable_CDD":0.0113715772,"data_set_value_component_CDD_variable_kDD_on":0.14,"data_set_value_component_CDD_variable_kDD_off":3.13,"data_set_value_component_CTT_variable_CTT":0.0044409846,"data_set_value_component_CTT_variable_kTT_on":0.14,"data_set_value_component_CTT_variable_kTT_off":3.13,"data_set_value_component_CDD5a_variable_CDD5a":0.0000192531,"data_set_value_component_CDD5a_variable_kDNA_onDD5a":0.14,"data_set_value_component_CDD5a_variable_kDNA_offDD5a":0.07,"data_set_value_component_CDDcd_variable_CDDcd":0.0000191806,"data_set_value_component_CDDcd_variable_kDNA_onDDcd":0.14,"data_set_value_component_CDDcd_variable_kDNA_offDDcd":0.1,"data_set_value_component_CDDsec_variable_CDDsec":0.0000189421,"data_set_value_component_CDDsec_variable_kDNA_onDDsec":0.14,"data_set_value_component_CDDsec_variable_kDNA_offDDsec":0.2,"data_set_value_component_CDDcp_variable_CDDcp":0.0000178196,"data_set_value_component_CDDcp_variable_kDNA_onDDcp":0.14,"data_set_value_component_CDDcp_variable_kDNA_offDDcp":0.7,"data_set_value_component_CDT5a_variable_CDT5a":0.0000113826,"data_set_value_component_CDT5a_variable_kDNA_onDT5a":0.14,"data_set_value_component_CDT5a_variable_kDNA_offDT5a":0.56,"data_set_value_component_CDTcd_variable_CDTcd":0.0000110584,"data_set_value_component_CDTcd_variable_kDNA_onDTcd":0.14,"data_set_value_component_CDTcd_variable_kDNA_offDTcd":0.8,"data_set_value_component_CDTsec_variable_CDTsec":0.0000100822,"data_set_value_component_CDTsec_variable_kDNA_onDTsec":0.14,"data_set_value_component_CDTsec_variable_kDNA_offDTsec":1.6,"data_set_value_component_CDTcp_variable_CDTcp":0.00000685,"data_set_value_component_CDTcp_variable_kDNA_onDTcp":0.14,"data_set_value_component_CDTcp_variable_kDNA_offDTcp":5.6,"data_set_value_component_CTT5a_variable_CTT5a":0.0000069125,"data_set_value_component_CTT5a_variable_kDNA_onTT5a":0.14,"data_set_value_component_CTT5a_variable_kDNA_offTT5a":0.84,"data_set_value_component_CTTcd_variable_CTTcd":0.000006626,"data_set_value_component_CTTcd_variable_kDNA_onTTcd":0.14,"data_set_value_component_CTTcd_variable_kDNA_offTTcd":1.2,"data_set_value_component_CTTsec_variable_CTTsec":0.0000058026,"data_set_value_component_CTTsec_variable_kDNA_onTTsec":0.14,"data_set_value_component_CTTsec_variable_kDNA_offTTsec":2.4,"data_set_value_component_CTTcp_variable_CTTcp":0.0000034685,"data_set_value_component_CTTcp_variable_kDNA_onTTcp":0.14,"data_set_value_component_CTTcp_variable_kDNA_offTTcp":8.4,"data_set_value_component_CTpf_variable_CTpf":6.0777031106,"data_set_value_component_CTpf_variable_T":0.0000621829,"data_set_value_component_CTpf_variable_NTp":0.79,"data_set_value_component_CDpf_variable_CDpf":25.8248448957,"data_set_value_component_CDpf_variable_D":0.0001145687,"data_set_value_component_CDpf_variable_NDp":1.0,"data_set_value_component_CRf_variable_CRf":0.9478425394,"data_set_value_component_CDNAcdf_variable_CDNAcdf":0.0749631349,"data_set_value_component_CDNAsecf_variable_CDNAsecf":0.0749651731,"data_set_value_component_CDNA5af_variable_CDNA5af":0.0749624518,"data_set_value_component_CDNAcpf_variable_CDNAcpf":0.0749718618,"data_set_value_component_DNAocp_variable_DNAocp":0.0003751755,"data_set_value_component_DNAosec_variable_DNAosec":0.0004643585,"data_set_value_component_DNAocd_variable_DNAocd":0.0004915342,"data_set_value_component_DNAo5a_variable_DNAo5a":0.0005006426,"data_set_value_component_ATb_variable_ATb":0.0069947572,"data_set_value_component_ADb_variable_ADb":0.0229215757,"data_set_value_component_ALH_variable_ALH":0.0007934833,"data_set_value_component_ALH_variable_kLH1":0.13,"data_set_value_component_ALH_variable_kLH2":0.026,"data_set_value_component_ALH_variable_kLH3":0.000168,"data_set_value_component_ALH_variable_kLH4":0.8,"data_set_value_component_ALH_variable_alpha_T":0.25,"data_set_value_component_ALH_variable_alpha_D":0.75,"data_set_value_component_ALH_variable_A":0.0016652913,"data_set_value_component_ALH_variable_B":0.000168,"data_set_value_component_AR_variable_AR":0.0001540221,"data_set_value_component_AR_variable_k1R":68.15,"data_set_value_component_AR_variable_keR":71.9,"data_set_value_component_CR_variable_CR":2.8586126717,"data_set_value_component_Qp_variable_Qp":0.003751072,"data_set_value_component_Qp_variable_kQp":73.84,"data_set_value_component_Qp_variable_Vpc":0.0000508,"data_set_value_component_Vmax_variable_Vmax":0.0015119406,"data_set_value_component_Vmax_variable_k5a":3.02,"data_set_value_component_VPC1_variable_VPC1":0.0,"data_set_value_component_VPC1_variable_kcpl":0.000000117,"data_set_value_component_VPC1_variable_kcd1":0.014,"data_set_value_component_VPL1_variable_VPL1":0.0,"data_set_value_component_VPL1_variable_ksec":0.00000844,"data_set_value_component_VPL1_variable_kflo":0.043,"data_set_value_component_Vp_variable_Vp":0.00005388,"data_set_value_component_model_parameters_variable_Qb":4.955248928,"data_set_value_component_model_parameters_variable_Ql":1.06,"data_set_value_component_model_parameters_variable_Qt":0.061,"data_set_value_component_model_parameters_variable_Qbt":5.016248928,"data_set_value_component_model_parameters_variable_Qc":6.08,"data_set_value_component_model_parameters_variable_k1T":87.93,"data_set_value_component_model_parameters_variable_k1D":77.2,"data_set_value_component_model_parameters_variable_km5alpha":40.0,"data_set_value_component_model_parameters_variable_ts":0.56,"data_set_value_component_model_parameters_variable_mu":1000.0,"data_set_value_component_model_parameters_variable_Vmax1":3.65,"data_set_value_component_model_parameters_variable_Vmax0":2.89,"data_set_value_component_model_parameters_variable_PTif":1.96,"data_set_value_component_model_parameters_variable_PTst":1.0,"data_set_value_component_model_parameters_variable_PTl":2.75,"data_set_value_component_model_parameters_variable_PDl":2.0,"data_set_value_component_model_parameters_variable_PTb":1.0,"data_set_value_component_model_parameters_variable_PDb":0.62,"data_set_value_component_model_parameters_variable_CTbf":0.6275,"data_set_value_component_model_parameters_variable_CTbl":7.6,"data_set_value_component_model_parameters_variable_CDbf":0.0320709677,"data_set_value_component_model_parameters_variable_CDbl":0.59,"data_set_value_component_model_parameters_variable_CA":500000.0,"data_set_value_component_model_parameters_variable_CTl":9.92,"data_set_value_component_model_parameters_variable_CDl":0.92,"data_set_value_component_model_parameters_variable_CTst":307.29,"data_set_value_component_model_parameters_variable_CLH":0.104,"data_set_value_component_model_parameters_variable_CTif":307.29,"data_set_value_component_model_parameters_variable_CDNAcd":0.075,"data_set_value_component_model_parameters_variable_CDNAsec":0.075,"data_set_value_component_model_parameters_variable_CDNAcp":0.075,"data_set_value_component_model_parameters_variable_CDNA5a":0.075,"data_set_value_component_model_parameters_variable_CTb":0.6275,"data_set_value_component_model_parameters_variable_CDb":0.019884,"data_set_value_component_model_parameters_variable_VPC1b":0.0001,"data_set_value_component_model_parameters_variable_VPC2":0.0000508,"data_set_value_component_model_parameters_variable_VPL2":0.00000308,"data_set_value_component_model_parameters_variable_CTp":11.38,"data_set_value_component_model_parameters_variable_CDp":52.46},{"data_set_value_component_environment_variable_time":0.7,"data_set_value_component_ATbl_variable_ATbl":0.0783643028,"data_set_value_component_ATbl_variable_k2T":0.17,"data_set_value_component_ADbl_variable_ADbl":-0.0550423597,"data_set_value_component_CT_A_variable_CT_A":6.970265742,"data_set_value_component_CT_A_variable_kTA_on":0.18,"data_set_value_component_CT_A_variable_kTA_off":8131.0,"data_set_value_component_CD_A_variable_CD_A":0.5503246638,"data_set_value_component_CD_A_variable_kDA_on":0.15,"data_set_value_component_CD_A_variable_kDA_off":5407.0,"data_set_value_component_CTblf_variable_CTblf":0.629734258,"data_set_value_component_CDblf_variable_CDblf":0.0396753362,"data_set_value_component_CAf_variable_CAf":499992.4794095942,"data_set_value_component_ATl_variable_ATl":0.1229214088,"data_set_value_component_ADl_variable_ADl":-0.0042521923,"data_set_value_component_CTlf_variable_CTlf":3.6072727273,"data_set_value_component_CDlf_variable_CDlf":0.46,"data_set_value_component_ATif_variable_ATif":3.4675432108,"data_set_value_component_ATst_variable_ATst":0.0,"data_set_value_component_CTtv_variable_CTtv":156.7806122449,"data_set_value_component_ATp_variable_ATp":-0.2675712724,"data_set_value_component_ADp_variable_ADp":-0.3379710017,"data_set_value_component_CT_R_variable_CT_R":0.5615871168,"data_set_value_component_CT_R_variable_kTR_on":0.14,"data_set_value_component_CT_R_variable_kTR_off":0.069,"data_set_value_component_CD_R_variable_CD_R":0.9083802953,"data_set_value_component_CD_R_variable_kDR_on":0.053,"data_set_value_component_CD_R_variable_kDR_off":0.018,"data_set_value_component_CDT_variable_CDT":0.010559601,"data_set_value_component_CDT_variable_kDT_on":0.14,"data_set_value_component_CDT_variable_kDT_off":3.13,"data_set_value_component_CDD_variable_CDD":0.0169708568,"data_set_value_component_CDD_variable_kDD_on":0.14,"data_set_value_component_CDD_variable_kDD_off":3.13,"data_set_value_component_CTT_variable_CTT":0.0065705958,"data_set_value_component_CTT_variable_kTT_on":0.14,"data_set_value_component_CTT_variable_kTT_off":3.13,"data_set_value_component_CDD5a_variable_CDD5a":0.0000338286,"data_set_value_component_CDD5a_variable_kDNA_onDD5a":0.14,"data_set_value_component_CDD5a_variable_kDNA_offDD5a":0.07,"data_set_value_component_CDDcd_variable_CDDcd":0.0000336792,"data_set_value_component_CDDcd_variable_kDNA_onDDcd":0.14,"data_set_value_component_CDDcd_variable_kDNA_offDDcd":0.1,"data_set_value_component_CDDsec_variable_CDDsec":0.0000331888,"data_set_value_component_CDDsec_variable_kDNA_onDDsec":0.14,"data_set_value_component_CDDsec_variable_kDNA_offDDsec":0.2,"data_set_value_component_CDDcp_variable_CDDcp":0.0000309038,"data_set_value_component_CDDcp_variable_kDNA_onDDcp":0.14,"data_set_value_component_CDDcp_variable_kDNA_offDDcp":0.7,"data_set_value_component_CDT5a_variable_CDT5a":0.0000197276,"data_set_value_component_CDT5a_variable_kDNA_onDT5a":0.14,"data_set_value_component_CDT5a_variable_kDNA_offDT5a":0.56,"data_set_value_component_CDTcd_variable_CDTcd":0.0000190744,"data_set_value_component_CDTcd_variable_kDNA_onDTcd":0.14,"data_set_value_component_CDTcd_variable_kDNA_offDTcd":0.8,"data_set_value_component_CDTsec_variable_CDTsec":0.0000171396,"data_set_value_component_CDTsec_variable_kDNA_onDTsec":0.14,"data_set_value_component_CDTsec_variable_kDNA_offDTsec":1.6,"data_set_value_component_CDTcp_variable_CDTcp":0.0000110886,"data_set_value_component_CDTcp_variable_kDNA_onDTcp":0.14,"data_set_value_component_CDTcp_variable_kDNA_offDTcp":5.6,"data_set_value_component_CTT5a_variable_CTT5a":0.0000118732,"data_set_value_component_CTT5a_variable_kDNA_onTT5a":0.14,"data_set_value_component_CTT5a_variable_kDNA_offTT5a":0.84,"data_set_value_component_CTTcd_variable_CTTcd":0.0000113041,"data_set_value_component_CTTcd_variable_kDNA_onTTcd":0.14,"data_set_value_component_CTTcd_variable_kDNA_offTTcd":1.2,"data_set_value_component_CTTsec_variable_CTTsec":0.000009705,"data_set_value_component_CTTsec_variable_kDNA_onTTsec":0.14,"data_set_value_component_CTTsec_variable_kDNA_offTTsec":2.4,"data_set_value_component_CTTcp_variable_CTTcp":0.0000054843,"data_set_value_component_CTTcp_variable_kDNA_onTTcp":0.14,"data_set_value_component_CTTcp_variable_kDNA_offTTcp":8.4,"data_set_value_component_CTpf_variable_CTpf":6.0305065329,"data_set_value_component_CTpf_variable_T":0.0001053968,"data_set_value_component_CTpf_variable_NTp":0.79,"data_set_value_component_CDpf_variable_CDpf":25.7534598798,"data_set_value_component_CDpf_variable_D":0.0001986306,"data_set_value_component_CDpf_variable_NDp":1.0,"data_set_value_component_CRf_variable_CRf":0.9478425156,"data_set_value_component_CDNAcdf_variable_CDNAcdf":0.0749359423,"data_set_value_component_CDNAsecf_variable_CDNAsecf":0.0749399666,"data_set_value_component_CDNA5af_variable_CDNA5af":0.0749345706,"data_set_value_component_CDNAcpf_variable_CDNAcpf":0.0749525232,"data_set_value_component_DNAocp_variable_DNAocp":0.0006330236,"data_set_value_component_DNAosec_variable_DNAosec":0.0008004447,"data_set_value_component_DNAocd_variable_DNAocd":0.0008541025,"data_set_value_component_DNAo5a_variable_DNAo5a":0.0008723919,"data_set_value_component_ATb_variable_ATb":0.0081018877,"data_set_value_component_ADb_variable_ADb":0.0267361162,"data_set_value_component_ALH_variable_ALH":0.0008925195,"data_set_value_component_ALH_variable_kLH1":0.13,"data_set_value_component_ALH_variable_kLH2":0.026,"data_set_value_component_ALH_variable_kLH3":0.000168,"data_set_value_component_ALH_variable_kLH4":0.8,"data_set_value_component_ALH_variable_alpha_T":0.25,"data_set_value_component_ALH_variable_alpha_D":0.75,"data_set_value_component_ALH_variable_A":0.0016652913,"data_set_value_component_ALH_variable_B":0.000168,"data_set_value_component_AR_variable_AR":0.0001662488,"data_set_value_component_AR_variable_k1R":68.15,"data_set_value_component_AR_variable_keR":71.9,"data_set_value_component_CR_variable_CR":3.0855380404,"data_set_value_component_Qp_variable_Qp":0.003751072,"data_set_value_component_Qp_variable_kQp":73.84,"data_set_value_component_Qp_variable_Vpc":0.0000508,"data_set_value_component_Vmax_variable_Vmax":0.0026346235,"data_set_value_component_Vmax_variable_k5a":3.02,"data_set_value_component_VPC1_variable_VPC1":0.0,"data_set_value_component_VPC1_variable_kcpl":0.000000117,"data_set_value_component_VPC1_variable_kcd1":0.014,"data_set_value_component_VPL1_variable_VPL1":0.0,"data_set_value_component_VPL1_variable_ksec":0.00000844,"data_set_value_component_VPL1_variable_kflo":0.043,"data_set_value_component_Vp_variable_Vp":0.00005388,"data_set_value_component_model_parameters_variable_Qb":4.955248928,"data_set_value_component_model_parameters_variable_Ql":1.06,"data_set_value_component_model_parameters_variable_Qt":0.061,"data_set_value_component_model_parameters_variable_Qbt":5.016248928,"data_set_value_component_model_parameters_variable_Qc":6.08,"data_set_value_component_model_parameters_variable_k1T":87.93,"data_set_value_component_model_parameters_variable_k1D":77.2,"data_set_value_component_model_parameters_variable_km5alpha":40.0,"data_set_value_component_model_parameters_variable_ts":0.56,"data_set_value_component_model_parameters_variable_mu":1000.0,"data_set_value_component_model_parameters_variable_Vmax1":3.65,"data_set_value_component_model_parameters_variable_Vmax0":2.89,"data_set_value_component_model_parameters_variable_PTif":1.96,"data_set_value_component_model_parameters_variable_PTst":1.0,"data_set_value_component_model_parameters_variable_PTl":2.75,"data_set_value_component_model_parameters_variable_PDl":2.0,"data_set_value_component_model_parameters_variable_PTb":1.0,"data_set_value_component_model_parameters_variable_PDb":0.62,"data_set_value_component_model_parameters_variable_CTbf":0.6275,"data_set_value_component_model_parameters_variable_CTbl":7.6,"data_set_value_component_model_parameters_variable_CDbf":0.0320709677,"data_set_value_component_model_parameters_variable_CDbl":0.59,"data_set_value_component_model_parameters_variable_CA":500000.0,"data_set_value_component_model_parameters_variable_CTl":9.92,"data_set_value_component_model_parameters_variable_CDl":0.92,"data_set_value_component_model_parameters_variable_CTst":307.29,"data_set_value_component_model_parameters_variable_CLH":0.104,"data_set_value_component_model_parameters_variable_CTif":307.29,"data_set_value_component_model_parameters_variable_CDNAcd":0.075,"data_set_value_component_model_parameters_variable_CDNAsec":0.075,"data_set_value_component_model_parameters_variable_CDNAcp":0.075,"data_set_value_component_model_parameters_variable_CDNA5a":0.075,"data_set_value_component_model_parameters_variable_CTb":0.6275,"data_set_value_component_model_parameters_variable_CDb":0.019884,"data_set_value_component_model_parameters_variable_VPC1b":0.0001,"data_set_value_component_model_parameters_variable_VPC2":0.0000508,"data_set_value_component_model_parameters_variable_VPL2":0.00000308,"data_set_value_component_model_parameters_variable_CTp":11.38,"data_set_value_component_model_parameters_variable_CDp":52.46},{"data_set_value_component_environment_variable_time":0.8,"data_set_value_component_ATbl_variable_ATbl":0.0895394099,"data_set_value_component_ATbl_variable_k2T":0.17,"data_set_value_component_ADbl_variable_ADbl":-0.0630050812,"data_set_value_component_CT_A_variable_CT_A":6.970265742,"data_set_value_component_CT_A_variable_kTA_on":0.18,"data_set_value_component_CT_A_variable_kTA_off":8131.0,"data_set_value_component_CD_A_variable_CD_A":0.5503246638,"data_set_value_component_CD_A_variable_kDA_on":0.15,"data_set_value_component_CD_A_variable_kDA_off":5407.0,"data_set_value_component_CTblf_variable_CTblf":0.629734258,"data_set_value_component_CDblf_variable_CDblf":0.0396753362,"data_set_value_component_CAf_variable_CAf":499992.4794095942,"data_set_value_component_ATl_variable_ATl":0.1229214312,"data_set_value_component_ADl_variable_ADl":-0.0042521925,"data_set_value_component_CTlf_variable_CTlf":3.6072727273,"data_set_value_component_CDlf_variable_CDlf":0.46,"data_set_value_component_ATif_variable_ATif":3.9629062543,"data_set_value_component_ATst_variable_ATst":0.0,"data_set_value_component_CTtv_variable_CTtv":156.7806122449,"data_set_value_component_ATp_variable_ATp":-0.3047063132,"data_set_value_component_ADp_variable_ADp":-0.3851290588,"data_set_value_component_CT_R_variable_CT_R":0.6371595288,"data_set_value_component_CT_R_variable_kTR_on":0.14,"data_set_value_component_CT_R_variable_kTR_off":0.069,"data_set_value_component_CD_R_variable_CD_R":1.0358223844,"data_set_value_component_CD_R_variable_kDR_on":0.053,"data_set_value_component_CD_R_variable_kDR_off":0.018,"data_set_value_component_CDT_variable_CDT":0.0147837703,"data_set_value_component_CDT_variable_kDT_on":0.14,"data_set_value_component_CDT_variable_kDT_off":3.13,"data_set_value_component_CDD_variable_CDD":0.0238644928,"data_set_value_component_CDD_variable_kDD_on":0.14,"data_set_value_component_CDD_variable_kDD_off":3.13,"data_set_value_component_CTT_variable_CTT":0.0091587221,"data_set_value_component_CTT_variable_kTT_on":0.14,"data_set_value_component_CTT_variable_kTT_off":3.13,"data_set_value_component_CDD5a_variable_CDD5a":0.0000548215,"data_set_value_component_CDD5a_variable_kDNA_onDD5a":0.14,"data_set_value_component_CDD5a_variable_kDNA_offDD5a":0.07,"data_set_value_component_CDDcd_variable_CDDcd":0.0000545435,"data_set_value_component_CDDcd_variable_kDNA_onDDcd":0.14,"data_set_value_component_CDDcd_variable_kDNA_offDDcd":0.1,"data_set_value_component_CDDsec_variable_CDDsec":0.0000536331,"data_set_value_component_CDDsec_variable_kDNA_onDDsec":0.14,"data_set_value_component_CDDsec_variable_kDNA_offDDsec":0.2,"data_set_value_component_CDDcp_variable_CDDcp":0.0000494327,"data_set_value_component_CDDcp_variable_kDNA_onDDcp":0.14,"data_set_value_component_CDDcp_variable_kDNA_offDDcp":0.7,"data_set_value_component_CDT5a_variable_CDT5a":0.0000315319,"data_set_value_component_CDT5a_variable_kDNA_onDT5a":0.14,"data_set_value_component_CDT5a_variable_kDNA_offDT5a":0.56,"data_set_value_component_CDTcd_variable_CDTcd":0.0000303436,"data_set_value_component_CDTcd_variable_kDNA_onDTcd":0.14,"data_set_value_component_CDTcd_variable_kDNA_offDTcd":0.8,"data_set_value_component_CDTsec_variable_CDTsec":0.0000268798,"data_set_value_component_CDTsec_variable_kDNA_onDTsec":0.14,"data_set_value_component_CDTsec_variable_kDNA_offDTsec":1.6,"data_set_value_component_CDTcp_variable_CDTcp":0.0000166193,"data_set_value_component_CDTcp_variable_kDNA_onDTcp":0.14,"data_set_value_component_CDTcp_variable_kDNA_offDTcp":5.6,"data_set_value_component_CTT5a_variable_CTT5a":0.0000188078,"data_set_value_component_CTT5a_variable_kDNA_onTT5a":0.14,"data_set_value_component_CTT5a_variable_kDNA_offTT5a":0.84,"data_set_value_component_CTTcd_variable_CTTcd":0.0000177865,"data_set_value_component_CTTcd_variable_kDNA_onTTcd":0.14,"data_set_value_component_CTTcd_variable_kDNA_offTTcd":1.2,"data_set_value_component_CTTsec_variable_CTTsec":0.0000149808,"data_set_value_component_CTTsec_variable_kDNA_onTTsec":0.14,"data_set_value_component_CTTsec_variable_kDNA_offTTsec":2.4,"data_set_value_component_CTTcp_variable_CTTcp":0.0000080501,"data_set_value_component_CTTcp_variable_kDNA_onTTcp":0.14,"data_set_value_component_CTTcp_variable_kDNA_offTTcp":8.4,"data_set_value_component_CTpf_variable_CTpf":5.9830023782,"data_set_value_component_CTpf_variable_T":0.0001649997,"data_set_value_component_CTpf_variable_NTp":0.79,"data_set_value_component_CDpf_variable_CDpf":25.6806735272,"data_set_value_component_CDpf_variable_D":0.0003178054,"data_set_value_component_CDpf_variable_NDp":1.0,"data_set_value_component_CRf_variable_CRf":0.9478424912,"data_set_value_component_CDNAcdf_variable_CDNAcdf":0.0748973264,"data_set_value_component_CDNAsecf_variable_CDNAsecf":0.0749045063,"data_set_value_component_CDNA5af_variable_CDNA5af":0.0748948388,"data_set_value_component_CDNAcpf_variable_CDNAcpf":0.0749258979,"data_set_value_component_DNAocp_variable_DNAocp":0.0009880277,"data_set_value_component_DNAosec_variable_DNAosec":0.0012732495,"data_set_value_component_DNAocd_variable_DNAocd":0.0013689814,"data_set_value_component_DNAo5a_variable_DNAo5a":0.0014021493,"data_set_value_component_ATb_variable_ATb":0.0092090181,"data_set_value_component_ADb_variable_ADb":0.0305506567,"data_set_value_component_ALH_variable_ALH":0.0009839416,"data_set_value_component_ALH_variable_kLH1":0.13,"data_set_value_component_ALH_variable_kLH2":0.026,"data_set_value_component_ALH_variable_kLH3":0.000168,"data_set_value_component_ALH_variable_kLH4":0.8,"data_set_value_component_ALH_variable_alpha_T":0.25,"data_set_value_component_ALH_variable_alpha_D":0.75,"data_set_value_component_ALH_variable_A":0.0016652913,"data_set_value_component_ALH_variable_B":0.000168,"data_set_value_component_AR_variable_AR":0.000178649,"data_set_value_component_AR_variable_k1R":68.15,"data_set_value_component_AR_variable_keR":71.9,"data_set_value_component_CR_variable_CR":3.3156835136,"data_set_value_component_Qp_variable_Qp":0.003751072,"data_set_value_component_Qp_variable_kQp":73.84,"data_set_value_component_Qp_variable_Vpc":0.0000508,"data_set_value_component_Vmax_variable_Vmax":0.004234491,"data_set_value_component_Vmax_variable_k5a":3.02,"data_set_value_component_VPC1_variable_VPC1":0.0,"data_set_value_component_VPC1_variable_kcpl":0.000000117,"data_set_value_component_VPC1_variable_kcd1":0.014,"data_set_value_component_VPL1_variable_VPL1":0.0,"data_set_value_component_VPL1_variable_ksec":0.00000844,"data_set_value_component_VPL1_variable_kflo":0.043,"data_set_value_component_Vp_variable_Vp":0.00005388,"data_set_value_component_model_parameters_variable_Qb":4.955248928,"data_set_value_component_model_parameters_variable_Ql":1.06,"data_set_value_component_model_parameters_variable_Qt":0.061,"data_set_value_component_model_parameters_variable_Qbt":5.016248928,"data_set_value_component_model_parameters_variable_Qc":6.08,"data_set_value_component_model_parameters_variable_k1T":87.93,"data_set_value_component_model_parameters_variable_k1D":77.2,"data_set_value_component_model_parameters_variable_km5alpha":40.0,"data_set_value_component_model_parameters_variable_ts":0.56,"data_set_value_component_model_parameters_variable_mu":1000.0,"data_set_value_component_model_parameters_variable_Vmax1":3.65,"data_set_value_component_model_parameters_variable_Vmax0":2.89,"data_set_value_component_model_parameters_variable_PTif":1.96,"data_set_value_component_model_parameters_variable_PTst":1.0,"data_set_value_component_model_parameters_variable_PTl":2.75,"data_set_value_component_model_parameters_variable_PDl":2.0,"data_set_value_component_model_parameters_variable_PTb":1.0,"data_set_value_component_model_parameters_variable_PDb":0.62,"data_set_value_component_model_parameters_variable_CTbf":0.6275,"data_set_value_component_model_parameters_variable_CTbl":7.6,"data_set_value_component_model_parameters_variable_CDbf":0.0320709677,"data_set_value_component_model_parameters_variable_CDbl":0.59,"data_set_value_component_model_parameters_variable_CA":500000.0,"data_set_value_component_model_parameters_variable_CTl":9.92,"data_set_value_component_model_parameters_variable_CDl":0.92,"data_set_value_component_model_parameters_variable_CTst":307.29,"data_set_value_component_model_parameters_variable_CLH":0.104,"data_set_value_component_model_parameters_variable_CTif":307.29,"data_set_value_component_model_parameters_variable_CDNAcd":0.075,"data_set_value_component_model_parameters_variable_CDNAsec":0.075,"data_set_value_component_model_parameters_variable_CDNAcp":0.075,"data_set_value_component_model_parameters_variable_CDNA5a":0.075,"data_set_value_component_model_parameters_variable_CTb":0.6275,"data_set_value_component_model_parameters_variable_CDb":0.019884,"data_set_value_component_model_parameters_variable_VPC1b":0.0001,"data_set_value_component_model_parameters_variable_VPC2":0.0000508,"data_set_value_component_model_parameters_variable_VPL2":0.00000308,"data_set_value_component_model_parameters_variable_CTp":11.38,"data_set_value_component_model_parameters_variable_CDp":52.46},{"data_set_value_component_environment_variable_time":0.9,"data_set_value_component_ATbl_variable_ATbl":0.1006966395,"data_set_value_component_ATbl_variable_k2T":0.17,"data_set_value_component_ADbl_variable_ADbl":-0.0709953734,"data_set_value_component_CT_A_variable_CT_A":6.970265742,"data_set_value_component_CT_A_variable_kTA_on":0.18,"data_set_value_component_CT_A_variable_kTA_off":8131.0,"data_set_value_component_CD_A_variable_CD_A":0.5503246638,"data_set_value_component_CD_A_variable_kDA_on":0.15,"data_set_value_component_CD_A_variable_kDA_off":5407.0,"data_set_value_component_CTblf_variable_CTblf":0.629734258,"data_set_value_component_CDblf_variable_CDblf":0.0396753362,"data_set_value_component_CAf_variable_CAf":499992.4794095942,"data_set_value_component_ATl_variable_ATl":0.1229214178,"data_set_value_component_ADl_variable_ADl":-0.0042521923,"data_set_value_component_CTlf_variable_CTlf":3.6072727273,"data_set_value_component_CDlf_variable_CDlf":0.46,"data_set_value_component_ATif_variable_ATif":4.4582692978,"data_set_value_component_ATst_variable_ATst":0.0,"data_set_value_component_CTtv_variable_CTtv":156.7806122449,"data_set_value_component_ATp_variable_ATp":-0.3415629104,"data_set_value_component_ADp_variable_ADp":-0.4319989791,"data_set_value_component_CT_R_variable_CT_R":0.7115820216,"data_set_value_component_CT_R_variable_kTR_on":0.14,"data_set_value_component_CT_R_variable_kTR_off":0.069,"data_set_value_component_CD_R_variable_CD_R":1.1626663759,"data_set_value_component_CD_R_variable_kDR_on":0.053,"data_set_value_component_CD_R_variable_kDR_off":0.018,"data_set_value_component_CDT_variable_CDT":0.0197852759,"data_set_value_component_CDT_variable_kDT_on":0.14,"data_set_value_component_CDT_variable_kDT_off":3.13,"data_set_value_component_CDD_variable_CDD":0.0320810393,"data_set_value_component_CDD_variable_kDD_on":0.14,"data_set_value_component_CDD_variable_kDD_off":3.13,"data_set_value_component_CTT_variable_CTT":0.0122026948,"data_set_value_component_CTT_variable_kTT_on":0.14,"data_set_value_component_CTT_variable_kTT_off":3.13,"data_set_value_component_CDD5a_variable_CDD5a":0.0000835446,"data_set_value_component_CDD5a_variable_kDNA_onDD5a":0.14,"data_set_value_component_CDD5a_variable_kDNA_offDD5a":0.07,"data_set_value_component_CDDcd_variable_CDDcd":0.0000830661,"data_set_value_component_CDDcd_variable_kDNA_onDDcd":0.14,"data_set_value_component_CDDcd_variable_kDNA_offDDcd":0.1,"data_set_value_component_CDDsec_variable_CDDsec":0.0000815026,"data_set_value_component_CDDsec_variable_kDNA_onDDsec":0.14,"data_set_value_component_CDDsec_variable_kDNA_offDDsec":0.2,"data_set_value_component_CDDcp_variable_CDDcp":0.0000743584,"data_set_value_component_CDDcp_variable_kDNA_onDDcp":0.14,"data_set_value_component_CDDcp_variable_kDNA_offDDcp":0.7,"data_set_value_component_CDT5a_variable_CDT5a":0.0000473907,"data_set_value_component_CDT5a_variable_kDNA_onDT5a":0.14,"data_set_value_component_CDT5a_variable_kDNA_offDT5a":0.56,"data_set_value_component_CDTcd_variable_CDTcd":0.0000453903,"data_set_value_component_CDTcd_variable_kDNA_onDTcd":0.14,"data_set_value_component_CDTcd_variable_kDNA_offDTcd":0.8,"data_set_value_component_CDTsec_variable_CDTsec":0.0000396515,"data_set_value_component_CDTsec_variable_kDNA_onDTsec":0.14,"data_set_value_component_CDTsec_variable_kDNA_offDTsec":1.6,"data_set_value_component_CDTcp_variable_CDTcp":0.0000235072,"data_set_value_component_CDTcp_variable_kDNA_onDTcp":0.14,"data_set_value_component_CDTcp_variable_kDNA_offDTcp":5.6,"data_set_value_component_CTT5a_variable_CTT5a":0.0000280134,"data_set_value_component_CTT5a_variable_kDNA_onTT5a":0.14,"data_set_value_component_CTT5a_variable_kDNA_offTT5a":0.84,"data_set_value_component_CTTcd_variable_CTTcd":0.0000263176,"data_set_value_component_CTTcd_variable_kDNA_onTTcd":0.14,"data_set_value_component_CTTcd_variable_kDNA_offTTcd":1.2,"data_set_value_component_CTTsec_variable_CTTsec":0.0000217604,"data_set_value_component_CTTsec_variable_kDNA_onTTsec":0.14,"data_set_value_component_CTTsec_variable_kDNA_offTTsec":2.4,"data_set_value_component_CTTcp_variable_CTTcp":0.0000111761,"data_set_value_component_CTTcp_variable_kDNA_onTTcp":0.14,"data_set_value_component_CTTcp_variable_kDNA_offTTcp":8.4,"data_set_value_component_CTpf_variable_CTpf":5.9351866513,"data_set_value_component_CTpf_variable_T":0.0002432073,"data_set_value_component_CTpf_variable_NTp":0.79,"data_set_value_component_CDpf_variable_CDpf":25.606453929,"data_set_value_component_CDpf_variable_D":0.0004784114,"data_set_value_component_CDpf_variable_NDp":1.0,"data_set_value_component_CRf_variable_CRf":0.9478424667,"data_set_value_component_CDNAcdf_variable_CDNAcdf":0.0748452259,"data_set_value_component_CDNAsecf_variable_CDNAsecf":0.0748570854,"data_set_value_component_CDNA5af_variable_CDNA5af":0.0748410513,"data_set_value_component_CDNAcpf_variable_CDNAcpf":0.0748909584,"data_set_value_component_DNAocp_variable_DNAocp":0.001453888,"data_set_value_component_DNAosec_variable_DNAosec":0.0019055279,"data_set_value_component_DNAocd_variable_DNAocd":0.0020636546,"data_set_value_component_DNAo5a_variable_DNAo5a":0.0021193157,"data_set_value_component_ATb_variable_ATb":0.0103161486,"data_set_value_component_ADb_variable_ADb":0.0343651972,"data_set_value_component_ALH_variable_ALH":0.0010683348,"data_set_value_component_ALH_variable_kLH1":0.13,"data_set_value_component_ALH_variable_kLH2":0.026,"data_set_value_component_ALH_variable_kLH3":0.000168,"data_set_value_component_ALH_variable_kLH4":0.8,"data_set_value_component_ALH_variable_alpha_T":0.25,"data_set_value_component_ALH_variable_alpha_D":0.75,"data_set_value_component_ALH_variable_A":0.0016652913,"data_set_value_component_ALH_variable_B":0.000168,"data_set_value_component_AR_variable_AR":0.0001912254,"data_set_value_component_AR_variable_k1R":68.15,"data_set_value_component_AR_variable_keR":71.9,"data_set_value_component_CR_variable_CR":3.5490975263,"data_set_value_component_Qp_variable_Qp":0.003751072,"data_set_value_component_Qp_variable_kQp":73.84,"data_set_value_component_Qp_variable_Vpc":0.0000508,"data_set_value_component_Vmax_variable_Vmax":0.0064003333,"data_set_value_component_Vmax_variable_k5a":3.02,"data_set_value_component_VPC1_variable_VPC1":0.0,"data_set_value_component_VPC1_variable_kcpl":0.000000117,"data_set_value_component_VPC1_variable_kcd1":0.014,"data_set_value_component_VPL1_variable_VPL1":0.0,"data_set_value_component_VPL1_variable_ksec":0.00000844,"data_set_value_component_VPL1_variable_kflo":0.043,"data_set_value_component_Vp_variable_Vp":0.00005388,"data_set_value_component_model_parameters_variable_Qb":4.955248928,"data_set_value_component_model_parameters_variable_Ql":1.06,"data_set_value_component_model_parameters_variable_Qt":0.061,"data_set_value_component_model_parameters_variable_Qbt":5.016248928,"data_set_value_component_model_parameters_variable_Qc":6.08,"data_set_value_component_model_parameters_variable_k1T":87.93,"data_set_value_component_model_parameters_variable_k1D":77.2,"data_set_value_component_model_parameters_variable_km5alpha":40.0,"data_set_value_component_model_parameters_variable_ts":0.56,"data_set_value_component_model_parameters_variable_mu":1000.0,"data_set_value_component_model_parameters_variable_Vmax1":3.65,"data_set_value_component_model_parameters_variable_Vmax0":2.89,"data_set_value_component_model_parameters_variable_PTif":1.96,"data_set_value_component_model_parameters_variable_PTst":1.0,"data_set_value_component_model_parameters_variable_PTl":2.75,"data_set_value_component_model_parameters_variable_PDl":2.0,"data_set_value_component_model_parameters_variable_PTb":1.0,"data_set_value_component_model_parameters_variable_PDb":0.62,"data_set_value_component_model_parameters_variable_CTbf":0.6275,"data_set_value_component_model_parameters_variable_CTbl":7.6,"data_set_value_component_model_parameters_variable_CDbf":0.0320709677,"data_set_value_component_model_parameters_variable_CDbl":0.59,"data_set_value_component_model_parameters_variable_CA":500000.0,"data_set_value_component_model_parameters_variable_CTl":9.92,"data_set_value_component_model_parameters_variable_CDl":0.92,"data_set_value_component_model_parameters_variable_CTst":307.29,"data_set_value_component_model_parameters_variable_CLH":0.104,"data_set_value_component_model_parameters_variable_CTif":307.29,"data_set_value_component_model_parameters_variable_CDNAcd":0.075,"data_set_value_component_model_parameters_variable_CDNAsec":0.075,"data_set_value_component_model_parameters_variable_CDNAcp":0.075,"data_set_value_component_model_parameters_variable_CDNA5a":0.075,"data_set_value_component_model_parameters_variable_CTb":0.6275,"data_set_value_component_model_parameters_variable_CDb":0.019884,"data_set_value_component_model_parameters_variable_VPC1b":0.0001,"data_set_value_component_model_parameters_variable_VPC2":0.0000508,"data_set_value_component_model_parameters_variable_VPL2":0.00000308,"data_set_value_component_model_parameters_variable_CTp":11.38,"data_set_value_component_model_parameters_variable_CDp":52.46},{"data_set_value_component_environment_variable_time":1.0,"data_set_value_component_ATbl_variable_ATbl":0.1118358755,"data_set_value_component_ATbl_variable_k2T":0.17,"data_set_value_component_ADbl_variable_ADbl":-0.0790137772,"data_set_value_component_CT_A_variable_CT_A":6.970265742,"data_set_value_component_CT_A_variable_kTA_on":0.18,"data_set_value_component_CT_A_variable_kTA_off":8131.0,"data_set_value_component_CD_A_variable_CD_A":0.5503246638,"data_set_value_component_CD_A_variable_kDA_on":0.15,"data_set_value_component_CD_A_variable_kDA_off":5407.0,"data_set_value_component_CTblf_variable_CTblf":0.629734258,"data_set_value_component_CDblf_variable_CDblf":0.0396753362,"data_set_value_component_CAf_variable_CAf":499992.4794095942,"data_set_value_component_ATl_variable_ATl":0.1229214102,"data_set_value_component_ADl_variable_ADl":-0.0042521923,"data_set_value_component_CTlf_variable_CTlf":3.6072727273,"data_set_value_component_CDlf_variable_CDlf":0.46,"data_set_value_component_ATif_variable_ATif":4.9536323413,"data_set_value_component_ATst_variable_ATst":0.0,"data_set_value_component_CTtv_variable_CTtv":156.7806122449,"data_set_value_component_ATp_variable_ATp":-0.3781387112,"data_set_value_component_ADp_variable_ADp":-0.478577985,"data_set_value_component_CT_R_variable_CT_R":0.7848584132,"data_set_value_component_CT_R_variable_kTR_on":0.14,"data_set_value_component_CT_R_variable_kTR_off":0.069,"data_set_value_component_CD_R_variable_CD_R":1.288906107,"data_set_value_component_CD_R_variable_kDR_on":0.053,"data_set_value_component_CD_R_variable_kDR_off":0.018,"data_set_value_component_CDT_variable_CDT":0.0255618488,"data_set_value_component_CDT_variable_kDT_on":0.14,"data_set_value_component_CDT_variable_kDT_off":3.13,"data_set_value_component_CDD_variable_CDD":0.0416355948,"data_set_value_component_CDD_variable_kDD_on":0.14,"data_set_value_component_CDD_variable_kDD_off":3.13,"data_set_value_component_CTT_variable_CTT":0.0156943393,"data_set_value_component_CTT_variable_kTT_on":0.14,"data_set_value_component_CTT_variable_kTT_off":3.13,"data_set_value_component_CDD5a_variable_CDD5a":0.0001213166,"data_set_value_component_CDD5a_variable_kDNA_onDD5a":0.14,"data_set_value_component_CDD5a_variable_kDNA_offDD5a":0.07,"data_set_value_component_CDDcd_variable_CDDcd":0.0001205422,"data_set_value_component_CDDcd_variable_kDNA_onDDcd":0.14,"data_set_value_component_CDDcd_variable_kDNA_offDDcd":0.1,"data_set_value_component_CDDsec_variable_CDDsec":0.0001180168,"data_set_value_component_CDDsec_variable_kDNA_onDDsec":0.14,"data_set_value_component_CDDsec_variable_kDNA_offDDsec":0.2,"data_set_value_component_CDDcp_variable_CDDcp":0.0001065863,"data_set_value_component_CDDcp_variable_kDNA_onDDcp":0.14,"data_set_value_component_CDDcp_variable_kDNA_offDDcp":0.7,"data_set_value_component_CDT5a_variable_CDT5a":0.0000678644,"data_set_value_component_CDT5a_variable_kDNA_onDT5a":0.14,"data_set_value_component_CDT5a_variable_kDNA_offDT5a":0.56,"data_set_value_component_CDTcd_variable_CDTcd":0.0000646965,"data_set_value_component_CDTcd_variable_kDNA_onDTcd":0.14,"data_set_value_component_CDTcd_variable_kDNA_offDTcd":0.8,"data_set_value_component_CDTsec_variable_CDTsec":0.0000557502,"data_set_value_component_CDTsec_variable_kDNA_onDTsec":0.14,"data_set_value_component_CDTsec_variable_kDNA_offDTsec":1.6,"data_set_value_component_CDTcp_variable_CDTcp":0.0000317883,"data_set_value_component_CDTcp_variable_kDNA_onDTcp":0.14,"data_set_value_component_CDTcp_variable_kDNA_offDTcp":5.6,"data_set_value_component_CTT5a_variable_CTT5a":0.0000397551,"data_set_value_component_CTT5a_variable_kDNA_onTT5a":0.14,"data_set_value_component_CTT5a_variable_kDNA_offTT5a":0.84,"data_set_value_component_CTTcd_variable_CTTcd":0.0000371061,"data_set_value_component_CTTcd_variable_kDNA_onTTcd":0.14,"data_set_value_component_CTTcd_variable_kDNA_offTTcd":1.2,"data_set_value_component_CTTsec_variable_CTTsec":0.0000301388,"data_set_value_component_CTTsec_variable_kDNA_onTTsec":0.14,"data_set_value_component_CTTsec_variable_kDNA_offTTsec":2.4,"data_set_value_component_CTTcp_variable_CTTcp":0.0000148611,"data_set_value_component_CTTcp_variable_kDNA_onTTcp":0.14,"data_set_value_component_CTTcp_variable_kDNA_offTTcp":8.4,"data_set_value_component_CTpf_variable_CTpf":5.8870665356,"data_set_value_component_CTpf_variable_T":0.0003419606,"data_set_value_component_CTpf_variable_NTp":0.79,"data_set_value_component_CDpf_variable_CDpf":25.5307871466,"data_set_value_component_CDpf_variable_D":0.0006865614,"data_set_value_component_CDpf_variable_NDp":1.0,"data_set_value_component_CRf_variable_CRf":0.9478424424,"data_set_value_component_CDNAcdf_variable_CDNAcdf":0.0747776551,"data_set_value_component_CDNAsecf_variable_CDNAsecf":0.0747960942,"data_set_value_component_CDNA5af_variable_CDNA5af":0.074771064,"data_set_value_component_CDNAcpf_variable_CDNAcpf":0.0748467642,"data_set_value_component_DNAocp_variable_DNAocp":0.0020431434,"data_set_value_component_DNAosec_variable_DNAosec":0.0027187443,"data_set_value_component_DNAocd_variable_DNAocd":0.0029645989,"data_set_value_component_DNAo5a_variable_DNAo5a":0.0030524804,"data_set_value_component_ATb_variable_ATb":0.0114232791,"data_set_value_component_ADb_variable_ADb":0.0381797377,"data_set_value_component_ALH_variable_ALH":0.0011462395,"data_set_value_component_ALH_variable_kLH1":0.13,"data_set_value_component_ALH_variable_kLH2":0.026,"data_set_value_component_ALH_variable_kLH3":0.000168,"data_set_value_component_ALH_variable_kLH4":0.8,"data_set_value_component_ALH_variable_alpha_T":0.25,"data_set_value_component_ALH_variable_alpha_D":0.75,"data_set_value_component_ALH_variable_A":0.0016652913,"data_set_value_component_ALH_variable_B":0.000168,"data_set_value_component_AR_variable_AR":0.0002039775,"data_set_value_component_AR_variable_k1R":68.15,"data_set_value_component_AR_variable_keR":71.9,"data_set_value_component_CR_variable_CR":3.7857736833,"data_set_value_component_Qp_variable_Qp":0.003751072,"data_set_value_component_Qp_variable_kQp":73.84,"data_set_value_component_Qp_variable_Vpc":0.0000508,"data_set_value_component_Vmax_variable_Vmax":0.0092184908,"data_set_value_component_Vmax_variable_k5a":3.02,"data_set_value_component_VPC1_variable_VPC1":0.0,"data_set_value_component_VPC1_variable_kcpl":0.000000117,"data_set_value_component_VPC1_variable_kcd1":0.014,"data_set_value_component_VPL1_variable_VPL1":0.0,"data_set_value_component_VPL1_variable_ksec":0.00000844,"data_set_value_component_VPL1_variable_kflo":0.043,"data_set_value_component_Vp_variable_Vp":0.00005388,"data_set_value_component_model_parameters_variable_Qb":4.955248928,"data_set_value_component_model_parameters_variable_Ql":1.06,"data_set_value_component_model_parameters_variable_Qt":0.061,"data_set_value_component_model_parameters_variable_Qbt":5.016248928,"data_set_value_component_model_parameters_variable_Qc":6.08,"data_set_value_component_model_parameters_variable_k1T":87.93,"data_set_value_component_model_parameters_variable_k1D":77.2,"data_set_value_component_model_parameters_variable_km5alpha":40.0,"data_set_value_component_model_parameters_variable_ts":0.56,"data_set_value_component_model_parameters_variable_mu":1000.0,"data_set_value_component_model_parameters_variable_Vmax1":3.65,"data_set_value_component_model_parameters_variable_Vmax0":2.89,"data_set_value_component_model_parameters_variable_PTif":1.96,"data_set_value_component_model_parameters_variable_PTst":1.0,"data_set_value_component_model_parameters_variable_PTl":2.75,"data_set_value_component_model_parameters_variable_PDl":2.0,"data_set_value_component_model_parameters_variable_PTb":1.0,"data_set_value_component_model_parameters_variable_PDb":0.62,"data_set_value_component_model_parameters_variable_CTbf":0.6275,"data_set_value_component_model_parameters_variable_CTbl":7.6,"data_set_value_component_model_parameters_variable_CDbf":0.0320709677,"data_set_value_component_model_parameters_variable_CDbl":0.59,"data_set_value_component_model_parameters_variable_CA":500000.0,"data_set_value_component_model_parameters_variable_CTl":9.92,"data_set_value_component_model_parameters_variable_CDl":0.92,"data_set_value_component_model_parameters_variable_CTst":307.29,"data_set_value_component_model_parameters_variable_CLH":0.104,"data_set_value_component_model_parameters_variable_CTif":307.29,"data_set_value_component_model_parameters_variable_CDNAcd":0.075,"data_set_value_component_model_parameters_variable_CDNAsec":0.075,"data_set_value_component_model_parameters_variable_CDNAcp":0.075,"data_set_value_component_model_parameters_variable_CDNA5a":0.075,"data_set_value_component_model_parameters_variable_CTb":0.6275,"data_set_value_component_model_parameters_variable_CDb":0.019884,"data_set_value_component_model_parameters_variable_VPC1b":0.0001,"data_set_value_component_model_parameters_variable_VPC2":0.0000508,"data_set_value_component_model_parameters_variable_VPL2":0.00000308,"data_set_value_component_model_parameters_variable_CTp":11.38,"data_set_value_component_model_parameters_variable_CDp":52.46}]