[{"data_set_value_component_environment_variable_time":0.0,"data_set_value_component_differentials_variable_A":0.0,"data_set_value_component_differentials_variable_G":0.0,"data_set_value_component_differentials_variable_GA":0.0,"data_set_value_component_differentials_variable_T":0.000468,"data_set_value_component_differentials_variable_R":0.0,"data_set_value_component_differentials_variable_GT":0.0,"data_set_value_component_differentials_variable_GD":0.00000001,"data_set_value_component_differentials_variable_Pi_":0.0044,"data_set_value_component_differentials_variable_D":0.000149,"data_set_value_component_differentials_variable_RG":0.0,"data_set_value_component_differentials_variable_RGT":0.0,"data_set_value_component_differentials_variable_GAT":0.0,"data_set_value_component_differentials_variable_GAD":0.0,"data_set_value_component_differentials_variable_RGD":0.0,"data_set_value_component_differentials_variable_RGA":0.0,"data_set_value_component_differentials_variable_RGAT":0.0,"data_set_value_component_differentials_variable_RGAD":0.0,"data_set_value_component_output_variable_Z":0.0,"data_set_value_component_output_variable_v":0.0,"data_set_value_component_output_variable_G_tot":0.00000001,"data_set_value_component_T1_variable_T1":0.0,"data_set_value_component_T1_variable_k1":529000.0,"data_set_value_component_P1_variable_P1":0.0,"data_set_value_component_P1_variable_k1":0.013,"data_set_value_component_D1_variable_D1":0.0,"data_set_value_component_D1_variable_k1":0.0001,"data_set_value_component_T3_variable_T3":0.0,"data_set_value_component_T3_variable_k1":853000.0,"data_set_value_component_R2_variable_R2":0.0,"data_set_value_component_R2_variable_k2":1.28,"data_set_value_component_A2_variable_A2":0.0,"data_set_value_component_A2_variable_k1":386000.0,"data_set_value_component_A3_variable_A3":0.0,"data_set_value_component_A3_variable_k2":0.95,"data_set_value_component_R3_variable_R3":0.0,"data_set_value_component_R3_variable_k1":94700000.0,"data_set_value_component_P3_variable_P3":0.0,"data_set_value_component_P3_variable_k1":0.013,"data_set_value_component_D3_variable_D3":0.0,"data_set_value_component_D3_variable_k1":2.0,"data_set_value_component_P2_variable_P2":0.0,"data_set_value_component_P2_variable_k1":25.0,"data_set_value_component_D2_variable_D2":0.0,"data_set_value_component_D2_variable_k1":0.0001,"data_set_value_component_R4_variable_R4":0.0,"data_set_value_component_R4_variable_k1":22800000.0,"data_set_value_component_T4_variable_T4":0.0,"data_set_value_component_T4_variable_k1":1620000.0,"data_set_value_component_A5_variable_A5":0.0,"data_set_value_component_A5_variable_k1":6300000.0,"data_set_value_component_P4_variable_P4":0.0,"data_set_value_component_P4_variable_k1":25.0,"data_set_value_component_D4_variable_D4":0.0,"data_set_value_component_D4_variable_k1":2.75},{"data_set_value_component_environment_variable_time":0.1,"data_set_value_component_differentials_variable_A":0.0,"data_set_value_component_differentials_variable_G":0.0,"data_set_value_component_differentials_variable_GA":0.0,"data_set_value_component_differentials_variable_T":0.000468,"data_set_value_component_differentials_variable_R":0.0,"data_set_value_component_differentials_variable_GT":0.0,"data_set_value_component_differentials_variable_GD":0.00000001,"data_set_value_component_differentials_variable_Pi_":0.0044,"data_set_value_component_differentials_variable_D":0.000149,"data_set_value_component_differentials_variable_RG":0.0,"data_set_value_component_differentials_variable_RGT":0.0,"data_set_value_component_differentials_variable_GAT":0.0,"data_set_value_component_differentials_variable_GAD":0.0,"data_set_value_component_differentials_variable_RGD":0.0,"data_set_value_component_differentials_variable_RGA":0.0,"data_set_value_component_differentials_variable_RGAT":0.0,"data_set_value_component_differentials_variable_RGAD":0.0,"data_set_value_component_output_variable_Z":0.0000095966,"data_set_value_component_output_variable_v":0.0000001248,"data_set_value_component_output_variable_G_tot":0.00000001,"data_set_value_component_T1_variable_T1":0.0,"data_set_value_component_T1_variable_k1":529000.0,"data_set_value_component_P1_variable_P1":0.0,"data_set_value_component_P1_variable_k1":0.013,"data_set_value_component_D1_variable_D1":0.0,"data_set_value_component_D1_variable_k1":0.0001,"data_set_value_component_T3_variable_T3":0.0,"data_set_value_component_T3_variable_k1":853000.0,"data_set_value_component_R2_variable_R2":0.0,"data_set_value_component_R2_variable_k2":1.28,"data_set_value_component_A2_variable_A2":0.0,"data_set_value_component_A2_variable_k1":386000.0,"data_set_value_component_A3_variable_A3":0.0,"data_set_value_component_A3_variable_k2":0.95,"data_set_value_component_R3_variable_R3":0.0,"data_set_value_component_R3_variable_k1":94700000.0,"data_set_value_component_P3_variable_P3":0.0,"data_set_value_component_P3_variable_k1":0.013,"data_set_value_component_D3_variable_D3":0.0,"data_set_value_component_D3_variable_k1":2.0,"data_set_value_component_P2_variable_P2":0.0,"data_set_value_component_P2_variable_k1":25.0,"data_set_value_component_D2_variable_D2":0.0,"data_set_value_component_D2_variable_k1":0.0001,"data_set_value_component_R4_variable_R4":0.0,"data_set_value_component_R4_variable_k1":22800000.0,"data_set_value_component_T4_variable_T4":0.0,"data_set_value_component_T4_variable_k1":1620000.0,"data_set_value_component_A5_variable_A5":0.0,"data_set_value_component_A5_variable_k1":6300000.0,"data_set_value_component_P4_variable_P4":0.0,"data_set_value_component_P4_variable_k1":25.0,"data_set_value_component_D4_variable_D4":0.0,"data_set_value_component_D4_variable_k1":2.75},{"data_set_value_component_environment_variable_time":0.2,"data_set_value_component_differentials_variable_A":0.0,"data_set_value_component_differentials_variable_G":0.0,"data_set_value_component_differentials_variable_GA":0.0,"data_set_value_component_differentials_variable_T":0.000468,"data_set_value_component_differentials_variable_R":0.0,"data_set_value_component_differentials_variable_GT":0.0,"data_set_value_component_differentials_variable_GD":0.00000001,"data_set_value_component_differentials_variable_Pi_":0.0044,"data_set_value_component_differentials_variable_D":0.000149,"data_set_value_component_differentials_variable_RG":0.0,"data_set_value_component_differentials_variable_RGT":0.0,"data_set_value_component_differentials_variable_GAT":0.0,"data_set_value_component_differentials_variable_GAD":0.0,"data_set_value_component_differentials_variable_RGD":0.0,"data_set_value_component_differentials_variable_RGA":0.0,"data_set_value_component_differentials_variable_RGAT":0.0,"data_set_value_component_differentials_variable_RGAD":0.0,"data_set_value_component_output_variable_Z":0.0000195352,"data_set_value_component_output_variable_v":0.000000254,"data_set_value_component_output_variable_G_tot":0.00000001,"data_set_value_component_T1_variable_T1":0.0,"data_set_value_component_T1_variable_k1":529000.0,"data_set_value_component_P1_variable_P1":0.0,"data_set_value_component_P1_variable_k1":0.013,"data_set_value_component_D1_variable_D1":0.0,"data_set_value_component_D1_variable_k1":0.0001,"data_set_value_component_T3_variable_T3":0.0,"data_set_value_component_T3_variable_k1":853000.0,"data_set_value_component_R2_variable_R2":0.0,"data_set_value_component_R2_variable_k2":1.28,"data_set_value_component_A2_variable_A2":0.0,"data_set_value_component_A2_variable_k1":386000.0,"data_set_value_component_A3_variable_A3":0.0,"data_set_value_component_A3_variable_k2":0.95,"data_set_value_component_R3_variable_R3":0.0,"data_set_value_component_R3_variable_k1":94700000.0,"data_set_value_component_P3_variable_P3":0.0,"data_set_value_component_P3_variable_k1":0.013,"data_set_value_component_D3_variable_D3":0.0,"data_set_value_component_D3_variable_k1":2.0,"data_set_value_component_P2_variable_P2":0.0,"data_set_value_component_P2_variable_k1":25.0,"data_set_value_component_D2_variable_D2":0.0,"data_set_value_component_D2_variable_k1":0.0001,"data_set_value_component_R4_variable_R4":0.0,"data_set_value_component_R4_variable_k1":22800000.0,"data_set_value_component_T4_variable_T4":0.0,"data_set_value_component_T4_variable_k1":1620000.0,"data_set_value_component_A5_variable_A5":0.0,"data_set_value_component_A5_variable_k1":6300000.0,"data_set_value_component_P4_variable_P4":0.0,"data_set_value_component_P4_variable_k1":25.0,"data_set_value_component_D4_variable_D4":0.0,"data_set_value_component_D4_variable_k1":2.75},{"data_set_value_component_environment_variable_time":0.3,"data_set_value_component_differentials_variable_A":0.0,"data_set_value_component_differentials_variable_G":0.0,"data_set_value_component_differentials_variable_GA":0.0,"data_set_value_component_differentials_variable_T":0.000468,"data_set_value_component_differentials_variable_R":0.0,"data_set_value_component_differentials_variable_GT":0.0,"data_set_value_component_differentials_variable_GD":0.00000001,"data_set_value_component_differentials_variable_Pi_":0.0044,"data_set_value_component_differentials_variable_D":0.000149,"data_set_value_component_differentials_variable_RG":0.0,"data_set_value_component_differentials_variable_RGT":0.0,"data_set_value_component_differentials_variable_GAT":0.0,"data_set_value_component_differentials_variable_GAD":0.0,"data_set_value_component_differentials_variable_RGD":0.0,"data_set_value_component_differentials_variable_RGA":0.0,"data_set_value_component_differentials_variable_RGAT":0.0,"data_set_value_component_differentials_variable_RGAD":0.0,"data_set_value_component_output_variable_Z":0.0000294738,"data_set_value_component_output_variable_v":0.0000003832,"data_set_value_component_output_variable_G_tot":0.00000001,"data_set_value_component_T1_variable_T1":0.0,"data_set_value_component_T1_variable_k1":529000.0,"data_set_value_component_P1_variable_P1":0.0,"data_set_value_component_P1_variable_k1":0.013,"data_set_value_component_D1_variable_D1":0.0,"data_set_value_component_D1_variable_k1":0.0001,"data_set_value_component_T3_variable_T3":0.0,"data_set_value_component_T3_variable_k1":853000.0,"data_set_value_component_R2_variable_R2":0.0,"data_set_value_component_R2_variable_k2":1.28,"data_set_value_component_A2_variable_A2":0.0,"data_set_value_component_A2_variable_k1":386000.0,"data_set_value_component_A3_variable_A3":0.0,"data_set_value_component_A3_variable_k2":0.95,"data_set_value_component_R3_variable_R3":0.0,"data_set_value_component_R3_variable_k1":94700000.0,"data_set_value_component_P3_variable_P3":0.0,"data_set_value_component_P3_variable_k1":0.013,"data_set_value_component_D3_variable_D3":0.0,"data_set_value_component_D3_variable_k1":2.0,"data_set_value_component_P2_variable_P2":0.0,"data_set_value_component_P2_variable_k1":25.0,"data_set_value_component_D2_variable_D2":0.0,"data_set_value_component_D2_variable_k1":0.0001,"data_set_value_component_R4_variable_R4":0.0,"data_set_value_component_R4_variable_k1":22800000.0,"data_set_value_component_T4_variable_T4":0.0,"data_set_value_component_T4_variable_k1":1620000.0,"data_set_value_component_A5_variable_A5":0.0,"data_set_value_component_A5_variable_k1":6300000.0,"data_set_value_component_P4_variable_P4":0.0,"data_set_value_component_P4_variable_k1":25.0,"data_set_value_component_D4_variable_D4":0.0,"data_set_value_component_D4_variable_k1":2.75},{"data_set_value_component_environment_variable_time":0.4,"data_set_value_component_differentials_variable_A":0.0,"data_set_value_component_differentials_variable_G":0.0,"data_set_value_component_differentials_variable_GA":0.0,"data_set_value_component_differentials_variable_T":0.000468,"data_set_value_component_differentials_variable_R":0.0,"data_set_value_component_differentials_variable_GT":0.0,"data_set_value_component_differentials_variable_GD":0.00000001,"data_set_value_component_differentials_variable_Pi_":0.0044,"data_set_value_component_differentials_variable_D":0.000149,"data_set_value_component_differentials_variable_RG":0.0,"data_set_value_component_differentials_variable_RGT":0.0,"data_set_value_component_differentials_variable_GAT":0.0,"data_set_value_component_differentials_variable_GAD":0.0,"data_set_value_component_differentials_variable_RGD":0.0,"data_set_value_component_differentials_variable_RGA":0.0,"data_set_value_component_differentials_variable_RGAT":0.0,"data_set_value_component_differentials_variable_RGAD":0.0,"data_set_value_component_output_variable_Z":0.0000393207,"data_set_value_component_output_variable_v":0.0000005112,"data_set_value_component_output_variable_G_tot":0.00000001,"data_set_value_component_T1_variable_T1":0.0,"data_set_value_component_T1_variable_k1":529000.0,"data_set_value_component_P1_variable_P1":0.0,"data_set_value_component_P1_variable_k1":0.013,"data_set_value_component_D1_variable_D1":0.0,"data_set_value_component_D1_variable_k1":0.0001,"data_set_value_component_T3_variable_T3":0.0,"data_set_value_component_T3_variable_k1":853000.0,"data_set_value_component_R2_variable_R2":0.0,"data_set_value_component_R2_variable_k2":1.28,"data_set_value_component_A2_variable_A2":0.0,"data_set_value_component_A2_variable_k1":386000.0,"data_set_value_component_A3_variable_A3":0.0,"data_set_value_component_A3_variable_k2":0.95,"data_set_value_component_R3_variable_R3":0.0,"data_set_value_component_R3_variable_k1":94700000.0,"data_set_value_component_P3_variable_P3":0.0,"data_set_value_component_P3_variable_k1":0.013,"data_set_value_component_D3_variable_D3":0.0,"data_set_value_component_D3_variable_k1":2.0,"data_set_value_component_P2_variable_P2":0.0,"data_set_value_component_P2_variable_k1":25.0,"data_set_value_component_D2_variable_D2":0.0,"data_set_value_component_D2_variable_k1":0.0001,"data_set_value_component_R4_variable_R4":0.0,"data_set_value_component_R4_variable_k1":22800000.0,"data_set_value_component_T4_variable_T4":0.0,"data_set_value_component_T4_variable_k1":1620000.0,"data_set_value_component_A5_variable_A5":0.0,"data_set_value_component_A5_variable_k1":6300000.0,"data_set_value_component_P4_variable_P4":0.0,"data_set_value_component_P4_variable_k1":25.0,"data_set_value_component_D4_variable_D4":0.0,"data_set_value_component_D4_variable_k1":2.75},{"data_set_value_component_environment_variable_time":0.5,"data_set_value_component_differentials_variable_A":0.0,"data_set_value_component_differentials_variable_G":0.0,"data_set_value_component_differentials_variable_GA":0.0,"data_set_value_component_differentials_variable_T":0.000468,"data_set_value_component_differentials_variable_R":0.0,"data_set_value_component_differentials_variable_GT":0.0,"data_set_value_component_differentials_variable_GD":0.00000001,"data_set_value_component_differentials_variable_Pi_":0.0044,"data_set_value_component_differentials_variable_D":0.000149,"data_set_value_component_differentials_variable_RG":0.0,"data_set_value_component_differentials_variable_RGT":0.0,"data_set_value_component_differentials_variable_GAT":0.0,"data_set_value_component_differentials_variable_GAD":0.0,"data_set_value_component_differentials_variable_RGD":0.0,"data_set_value_component_differentials_variable_RGA":0.0,"data_set_value_component_differentials_variable_RGAT":0.0,"data_set_value_component_differentials_variable_RGAD":0.0,"data_set_value_component_output_variable_Z":0.0000488508,"data_set_value_component_output_variable_v":0.0000006351,"data_set_value_component_output_variable_G_tot":0.00000001,"data_set_value_component_T1_variable_T1":0.0,"data_set_value_component_T1_variable_k1":529000.0,"data_set_value_component_P1_variable_P1":0.0,"data_set_value_component_P1_variable_k1":0.013,"data_set_value_component_D1_variable_D1":0.0,"data_set_value_component_D1_variable_k1":0.0001,"data_set_value_component_T3_variable_T3":0.0,"data_set_value_component_T3_variable_k1":853000.0,"data_set_value_component_R2_variable_R2":0.0,"data_set_value_component_R2_variable_k2":1.28,"data_set_value_component_A2_variable_A2":0.0,"data_set_value_component_A2_variable_k1":386000.0,"data_set_value_component_A3_variable_A3":0.0,"data_set_value_component_A3_variable_k2":0.95,"data_set_value_component_R3_variable_R3":0.0,"data_set_value_component_R3_variable_k1":94700000.0,"data_set_value_component_P3_variable_P3":0.0,"data_set_value_component_P3_variable_k1":0.013,"data_set_value_component_D3_variable_D3":0.0,"data_set_value_component_D3_variable_k1":2.0,"data_set_value_component_P2_variable_P2":0.0,"data_set_value_component_P2_variable_k1":25.0,"data_set_value_component_D2_variable_D2":0.0,"data_set_value_component_D2_variable_k1":0.0001,"data_set_value_component_R4_variable_R4":0.0,"data_set_value_component_R4_variable_k1":22800000.0,"data_set_value_component_T4_variable_T4":0.0,"data_set_value_component_T4_variable_k1":1620000.0,"data_set_value_component_A5_variable_A5":0.0,"data_set_value_component_A5_variable_k1":6300000.0,"data_set_value_component_P4_variable_P4":0.0,"data_set_value_component_P4_variable_k1":25.0,"data_set_value_component_D4_variable_D4":0.0,"data_set_value_component_D4_variable_k1":2.75},{"data_set_value_component_environment_variable_time":0.6,"data_set_value_component_differentials_variable_A":0.0,"data_set_value_component_differentials_variable_G":0.0,"data_set_value_component_differentials_variable_GA":0.0,"data_set_value_component_differentials_variable_T":0.000468,"data_set_value_component_differentials_variable_R":0.0,"data_set_value_component_differentials_variable_GT":0.0,"data_set_value_component_differentials_variable_GD":0.00000001,"data_set_value_component_differentials_variable_Pi_":0.0044,"data_set_value_component_differentials_variable_D":0.000149,"data_set_value_component_differentials_variable_RG":0.0,"data_set_value_component_differentials_variable_RGT":0.0,"data_set_value_component_differentials_variable_GAT":0.0,"data_set_value_component_differentials_variable_GAD":0.0,"data_set_value_component_differentials_variable_RGD":0.0,"data_set_value_component_differentials_variable_RGA":0.0,"data_set_value_component_differentials_variable_RGAT":0.0,"data_set_value_component_differentials_variable_RGAD":0.0,"data_set_value_component_output_variable_Z":0.0000583809,"data_set_value_component_output_variable_v":0.000000759,"data_set_value_component_output_variable_G_tot":0.00000001,"data_set_value_component_T1_variable_T1":0.0,"data_set_value_component_T1_variable_k1":529000.0,"data_set_value_component_P1_variable_P1":0.0,"data_set_value_component_P1_variable_k1":0.013,"data_set_value_component_D1_variable_D1":0.0,"data_set_value_component_D1_variable_k1":0.0001,"data_set_value_component_T3_variable_T3":0.0,"data_set_value_component_T3_variable_k1":853000.0,"data_set_value_component_R2_variable_R2":0.0,"data_set_value_component_R2_variable_k2":1.28,"data_set_value_component_A2_variable_A2":0.0,"data_set_value_component_A2_variable_k1":386000.0,"data_set_value_component_A3_variable_A3":0.0,"data_set_value_component_A3_variable_k2":0.95,"data_set_value_component_R3_variable_R3":0.0,"data_set_value_component_R3_variable_k1":94700000.0,"data_set_value_component_P3_variable_P3":0.0,"data_set_value_component_P3_variable_k1":0.013,"data_set_value_component_D3_variable_D3":0.0,"data_set_value_component_D3_variable_k1":2.0,"data_set_value_component_P2_variable_P2":0.0,"data_set_value_component_P2_variable_k1":25.0,"data_set_value_component_D2_variable_D2":0.0,"data_set_value_component_D2_variable_k1":0.0001,"data_set_value_component_R4_variable_R4":0.0,"data_set_value_component_R4_variable_k1":22800000.0,"data_set_value_component_T4_variable_T4":0.0,"data_set_value_component_T4_variable_k1":1620000.0,"data_set_value_component_A5_variable_A5":0.0,"data_set_value_component_A5_variable_k1":6300000.0,"data_set_value_component_P4_variable_P4":0.0,"data_set_value_component_P4_variable_k1":25.0,"data_set_value_component_D4_variable_D4":0.0,"data_set_value_component_D4_variable_k1":2.75},{"data_set_value_component_environment_variable_time":0.7,"data_set_value_component_differentials_variable_A":0.0,"data_set_value_component_differentials_variable_G":0.0,"data_set_value_component_differentials_variable_GA":0.0,"data_set_value_component_differentials_variable_T":0.000468,"data_set_value_component_differentials_variable_R":0.0,"data_set_value_component_differentials_variable_GT":0.0,"data_set_value_component_differentials_variable_GD":0.00000001,"data_set_value_component_differentials_variable_Pi_":0.0044,"data_set_value_component_differentials_variable_D":0.000149,"data_set_value_component_differentials_variable_RG":0.0,"data_set_value_component_differentials_variable_RGT":0.0,"data_set_value_component_differentials_variable_GAT":0.0,"data_set_value_component_differentials_variable_GAD":0.0,"data_set_value_component_differentials_variable_RGD":0.0,"data_set_value_component_differentials_variable_RGA":0.0,"data_set_value_component_differentials_variable_RGAT":0.0,"data_set_value_component_differentials_variable_RGAD":0.0,"data_set_value_component_output_variable_Z":0.000067911,"data_set_value_component_output_variable_v":0.0000008828,"data_set_value_component_output_variable_G_tot":0.00000001,"data_set_value_component_T1_variable_T1":0.0,"data_set_value_component_T1_variable_k1":529000.0,"data_set_value_component_P1_variable_P1":0.0,"data_set_value_component_P1_variable_k1":0.013,"data_set_value_component_D1_variable_D1":0.0,"data_set_value_component_D1_variable_k1":0.0001,"data_set_value_component_T3_variable_T3":0.0,"data_set_value_component_T3_variable_k1":853000.0,"data_set_value_component_R2_variable_R2":0.0,"data_set_value_component_R2_variable_k2":1.28,"data_set_value_component_A2_variable_A2":0.0,"data_set_value_component_A2_variable_k1":386000.0,"data_set_value_component_A3_variable_A3":0.0,"data_set_value_component_A3_variable_k2":0.95,"data_set_value_component_R3_variable_R3":0.0,"data_set_value_component_R3_variable_k1":94700000.0,"data_set_value_component_P3_variable_P3":0.0,"data_set_value_component_P3_variable_k1":0.013,"data_set_value_component_D3_variable_D3":0.0,"data_set_value_component_D3_variable_k1":2.0,"data_set_value_component_P2_variable_P2":0.0,"data_set_value_component_P2_variable_k1":25.0,"data_set_value_component_D2_variable_D2":0.0,"data_set_value_component_D2_variable_k1":0.0001,"data_set_value_component_R4_variable_R4":0.0,"data_set_value_component_R4_variable_k1":22800000.0,"data_set_value_component_T4_variable_T4":0.0,"data_set_value_component_T4_variable_k1":1620000.0,"data_set_value_component_A5_variable_A5":0.0,"data_set_value_component_A5_variable_k1":6300000.0,"data_set_value_component_P4_variable_P4":0.0,"data_set_value_component_P4_variable_k1":25.0,"data_set_value_component_D4_variable_D4":0.0,"data_set_value_component_D4_variable_k1":2.75},{"data_set_value_component_environment_variable_time":0.8,"data_set_value_component_differentials_variable_A":0.0,"data_set_value_component_differentials_variable_G":0.0,"data_set_value_component_differentials_variable_GA":0.0,"data_set_value_component_differentials_variable_T":0.000468,"data_set_value_component_differentials_variable_R":0.0,"data_set_value_component_differentials_variable_GT":0.0,"data_set_value_component_differentials_variable_GD":0.00000001,"data_set_value_component_differentials_variable_Pi_":0.0044,"data_set_value_component_differentials_variable_D":0.000149,"data_set_value_component_differentials_variable_RG":0.0,"data_set_value_component_differentials_variable_RGT":0.0,"data_set_value_component_differentials_variable_GAT":0.0,"data_set_value_component_differentials_variable_GAD":0.0,"data_set_value_component_differentials_variable_RGD":0.0,"data_set_value_component_differentials_variable_RGA":0.0,"data_set_value_component_differentials_variable_RGAT":0.0,"data_set_value_component_differentials_variable_RGAD":0.0,"data_set_value_component_output_variable_Z":0.0000774412,"data_set_value_component_output_variable_v":0.0000010067,"data_set_value_component_output_variable_G_tot":0.00000001,"data_set_value_component_T1_variable_T1":0.0,"data_set_value_component_T1_variable_k1":529000.0,"data_set_value_component_P1_variable_P1":0.0,"data_set_value_component_P1_variable_k1":0.013,"data_set_value_component_D1_variable_D1":0.0,"data_set_value_component_D1_variable_k1":0.0001,"data_set_value_component_T3_variable_T3":0.0,"data_set_value_component_T3_variable_k1":853000.0,"data_set_value_component_R2_variable_R2":0.0,"data_set_value_component_R2_variable_k2":1.28,"data_set_value_component_A2_variable_A2":0.0,"data_set_value_component_A2_variable_k1":386000.0,"data_set_value_component_A3_variable_A3":0.0,"data_set_value_component_A3_variable_k2":0.95,"data_set_value_component_R3_variable_R3":0.0,"data_set_value_component_R3_variable_k1":94700000.0,"data_set_value_component_P3_variable_P3":0.0,"data_set_value_component_P3_variable_k1":0.013,"data_set_value_component_D3_variable_D3":0.0,"data_set_value_component_D3_variable_k1":2.0,"data_set_value_component_P2_variable_P2":0.0,"data_set_value_component_P2_variable_k1":25.0,"data_set_value_component_D2_variable_D2":0.0,"data_set_value_component_D2_variable_k1":0.0001,"data_set_value_component_R4_variable_R4":0.0,"data_set_value_component_R4_variable_k1":22800000.0,"data_set_value_component_T4_variable_T4":0.0,"data_set_value_component_T4_variable_k1":1620000.0,"data_set_value_component_A5_variable_A5":0.0,"data_set_value_component_A5_variable_k1":6300000.0,"data_set_value_component_P4_variable_P4":0.0,"data_set_value_component_P4_variable_k1":25.0,"data_set_value_component_D4_variable_D4":0.0,"data_set_value_component_D4_variable_k1":2.75},{"data_set_value_component_environment_variable_time":0.9,"data_set_value_component_differentials_variable_A":0.0,"data_set_value_component_differentials_variable_G":0.0,"data_set_value_component_differentials_variable_GA":0.0,"data_set_value_component_differentials_variable_T":0.000468,"data_set_value_component_differentials_variable_R":0.0,"data_set_value_component_differentials_variable_GT":0.0,"data_set_value_component_differentials_variable_GD":0.00000001,"data_set_value_component_differentials_variable_Pi_":0.0044,"data_set_value_component_differentials_variable_D":0.000149,"data_set_value_component_differentials_variable_RG":0.0,"data_set_value_component_differentials_variable_RGT":0.0,"data_set_value_component_differentials_variable_GAT":0.0,"data_set_value_component_differentials_variable_GAD":0.0,"data_set_value_component_differentials_variable_RGD":0.0,"data_set_value_component_differentials_variable_RGA":0.0,"data_set_value_component_differentials_variable_RGAT":0.0,"data_set_value_component_differentials_variable_RGAD":0.0,"data_set_value_component_output_variable_Z":0.0000869713,"data_set_value_component_output_variable_v":0.0000011306,"data_set_value_component_output_variable_G_tot":0.00000001,"data_set_value_component_T1_variable_T1":0.0,"data_set_value_component_T1_variable_k1":529000.0,"data_set_value_component_P1_variable_P1":0.0,"data_set_value_component_P1_variable_k1":0.013,"data_set_value_component_D1_variable_D1":0.0,"data_set_value_component_D1_variable_k1":0.0001,"data_set_value_component_T3_variable_T3":0.0,"data_set_value_component_T3_variable_k1":853000.0,"data_set_value_component_R2_variable_R2":0.0,"data_set_value_component_R2_variable_k2":1.28,"data_set_value_component_A2_variable_A2":0.0,"data_set_value_component_A2_variable_k1":386000.0,"data_set_value_component_A3_variable_A3":0.0,"data_set_value_component_A3_variable_k2":0.95,"data_set_value_component_R3_variable_R3":0.0,"data_set_value_component_R3_variable_k1":94700000.0,"data_set_value_component_P3_variable_P3":0.0,"data_set_value_component_P3_variable_k1":0.013,"data_set_value_component_D3_variable_D3":0.0,"data_set_value_component_D3_variable_k1":2.0,"data_set_value_component_P2_variable_P2":0.0,"data_set_value_component_P2_variable_k1":25.0,"data_set_value_component_D2_variable_D2":0.0,"data_set_value_component_D2_variable_k1":0.0001,"data_set_value_component_R4_variable_R4":0.0,"data_set_value_component_R4_variable_k1":22800000.0,"data_set_value_component_T4_variable_T4":0.0,"data_set_value_component_T4_variable_k1":1620000.0,"data_set_value_component_A5_variable_A5":0.0,"data_set_value_component_A5_variable_k1":6300000.0,"data_set_value_component_P4_variable_P4":0.0,"data_set_value_component_P4_variable_k1":25.0,"data_set_value_component_D4_variable_D4":0.0,"data_set_value_component_D4_variable_k1":2.75},{"data_set_value_component_environment_variable_time":1.0,"data_set_value_component_differentials_variable_A":0.0,"data_set_value_component_differentials_variable_G":0.0,"data_set_value_component_differentials_variable_GA":0.0,"data_set_value_component_differentials_variable_T":0.000468,"data_set_value_component_differentials_variable_R":0.0,"data_set_value_component_differentials_variable_GT":0.0,"data_set_value_component_differentials_variable_GD":0.00000001,"data_set_value_component_differentials_variable_Pi_":0.0044,"data_set_value_component_differentials_variable_D":0.000149,"data_set_value_component_differentials_variable_RG":0.0,"data_set_value_component_differentials_variable_RGT":0.0,"data_set_value_component_differentials_variable_GAT":0.0,"data_set_value_component_differentials_variable_GAD":0.0,"data_set_value_component_differentials_variable_RGD":0.0,"data_set_value_component_differentials_variable_RGA":0.0,"data_set_value_component_differentials_variable_RGAT":0.0,"data_set_value_component_differentials_variable_RGAD":0.0,"data_set_value_component_output_variable_Z":0.0000965014,"data_set_value_component_output_variable_v":0.0000012545,"data_set_value_component_output_variable_G_tot":0.00000001,"data_set_value_component_T1_variable_T1":0.0,"data_set_value_component_T1_variable_k1":529000.0,"data_set_value_component_P1_variable_P1":0.0,"data_set_value_component_P1_variable_k1":0.013,"data_set_value_component_D1_variable_D1":0.0,"data_set_value_component_D1_variable_k1":0.0001,"data_set_value_component_T3_variable_T3":0.0,"data_set_value_component_T3_variable_k1":853000.0,"data_set_value_component_R2_variable_R2":0.0,"data_set_value_component_R2_variable_k2":1.28,"data_set_value_component_A2_variable_A2":0.0,"data_set_value_component_A2_variable_k1":386000.0,"data_set_value_component_A3_variable_A3":0.0,"data_set_value_component_A3_variable_k2":0.95,"data_set_value_component_R3_variable_R3":0.0,"data_set_value_component_R3_variable_k1":94700000.0,"data_set_value_component_P3_variable_P3":0.0,"data_set_value_component_P3_variable_k1":0.013,"data_set_value_component_D3_variable_D3":0.0,"data_set_value_component_D3_variable_k1":2.0,"data_set_value_component_P2_variable_P2":0.0,"data_set_value_component_P2_variable_k1":25.0,"data_set_value_component_D2_variable_D2":0.0,"data_set_value_component_D2_variable_k1":0.0001,"data_set_value_component_R4_variable_R4":0.0,"data_set_value_component_R4_variable_k1":22800000.0,"data_set_value_component_T4_variable_T4":0.0,"data_set_value_component_T4_variable_k1":1620000.0,"data_set_value_component_A5_variable_A5":0.0,"data_set_value_component_A5_variable_k1":6300000.0,"data_set_value_component_P4_variable_P4":0.0,"data_set_value_component_P4_variable_k1":25.0,"data_set_value_component_D4_variable_D4":0.0,"data_set_value_component_D4_variable_k1":2.75}]