[{"file": "rattananakul_lenbury_krishnamara_wollkind_2003_a.cellml"}, {"file": "simulation_1.sedml"}, {"file": "report.csv"}, {"file": "rattananakul_lenbury_krishnamara_wollkind_2003_c.cellml"}, {"file": "simulation_0.sedml"}, {"file": "rattanakul_2003b.ai"}, {"file": "simulation_2.sedml"}, {"file": "rattanakul_2003c.ai"}, {"file": "rattanakul_2003b.png"}, {"file": "rattanakul_2003c.png"}, {"file": "rattanakul_2003a.png"}, {"file": "rattanakul_2003a.xul"}, {"file": "rattananakul_lenbury_krishnamara_wollkind_2003_b.cellml"}, {"file": "rattanakul_2003a.ai"}, {"file": "rattanakul_2003a.svg"}, {"file": "rattanakul_2003c.svg"}, {"file": "rattanakul_2003b.svg"}]