[{"data_set_value_component_environment_variable_time":0.0,"data_set_value_component_model_parameters_variable_tau":1.0,"data_set_value_component_model_parameters_variable_delta":0.5,"data_set_value_component_model_parameters_variable_np":1.0,"data_set_value_component_model_parameters_variable_c":3.0,"data_set_value_component_model_parameters_variable_k":0.0000343,"data_set_value_component_model_parameters_variable_N":480.0,"data_set_value_component_model_parameters_variable_m":0.01,"data_set_value_component_uninfected_T_cells_variable_T":180.0,"data_set_value_component_infected_T_cells_variable_T_star":3.6,"data_set_value_component_infectious_virus_variable_VI":134000.0,"data_set_value_component_infectious_virus_variable_log_VI":5.1271047984,"data_set_value_component_non_infectious_virus_variable_VNI":0.0,"data_set_value_component_total_virus_variable_virus_total":134000.0,"data_set_value_component_total_virus_variable_log_virus_total":5.1271047984},{"data_set_value_component_environment_variable_time":0.1,"data_set_value_component_model_parameters_variable_tau":1.0,"data_set_value_component_model_parameters_variable_delta":0.5,"data_set_value_component_model_parameters_variable_np":1.0,"data_set_value_component_model_parameters_variable_c":3.0,"data_set_value_component_model_parameters_variable_k":0.0000343,"data_set_value_component_model_parameters_variable_N":480.0,"data_set_value_component_model_parameters_variable_m":0.01,"data_set_value_component_uninfected_T_cells_variable_T":180.0,"data_set_value_component_infected_T_cells_variable_T_star":-62.2099402387,"data_set_value_component_infectious_virus_variable_VI":99269.6418161061,"data_set_value_component_infectious_virus_variable_log_VI":4.9968164549,"data_set_value_component_non_infectious_virus_variable_VNI":-694.2347939189,"data_set_value_component_total_virus_variable_virus_total":98575.4070221872,"data_set_value_component_total_virus_variable_log_virus_total":4.993768579},{"data_set_value_component_environment_variable_time":0.2,"data_set_value_component_model_parameters_variable_tau":1.0,"data_set_value_component_model_parameters_variable_delta":0.5,"data_set_value_component_model_parameters_variable_np":1.0,"data_set_value_component_model_parameters_variable_c":3.0,"data_set_value_component_model_parameters_variable_k":0.0000343,"data_set_value_component_model_parameters_variable_N":480.0,"data_set_value_component_model_parameters_variable_m":0.01,"data_set_value_component_uninfected_T_cells_variable_T":180.0,"data_set_value_component_infected_T_cells_variable_T_star":-102.6920216097,"data_set_value_component_infectious_virus_variable_VI":73540.7598507941,"data_set_value_component_infectious_virus_variable_log_VI":4.8665281128,"data_set_value_component_non_infectious_virus_variable_VNI":-2280.3493719309,"data_set_value_component_total_virus_variable_virus_total":71260.4104788632,"data_set_value_component_total_virus_variable_log_virus_total":4.8528483197},{"data_set_value_component_environment_variable_time":0.3,"data_set_value_component_model_parameters_variable_tau":1.0,"data_set_value_component_model_parameters_variable_delta":0.5,"data_set_value_component_model_parameters_variable_np":1.0,"data_set_value_component_model_parameters_variable_c":3.0,"data_set_value_component_model_parameters_variable_k":0.0000343,"data_set_value_component_model_parameters_variable_N":480.0,"data_set_value_component_model_parameters_variable_m":0.01,"data_set_value_component_uninfected_T_cells_variable_T":180.0,"data_set_value_component_infected_T_cells_variable_T_star":-126.1377958918,"data_set_value_component_infectious_virus_variable_VI":54480.3363597751,"data_set_value_component_infectious_virus_variable_log_VI":4.7362397802,"data_set_value_component_non_infectious_virus_variable_VNI":-4097.5417852241,"data_set_value_component_total_virus_variable_virus_total":50382.794574551,"data_set_value_component_total_virus_variable_log_virus_total":4.7022822528},{"data_set_value_component_environment_variable_time":0.4,"data_set_value_component_model_parameters_variable_tau":1.0,"data_set_value_component_model_parameters_variable_delta":0.5,"data_set_value_component_model_parameters_variable_np":1.0,"data_set_value_component_model_parameters_variable_c":3.0,"data_set_value_component_model_parameters_variable_k":0.0000343,"data_set_value_component_model_parameters_variable_N":480.0,"data_set_value_component_model_parameters_variable_m":0.01,"data_set_value_component_uninfected_T_cells_variable_T":180.0,"data_set_value_component_infected_T_cells_variable_T_star":-138.2624967106,"data_set_value_component_infectious_virus_variable_VI":40360.0300879782,"data_set_value_component_infectious_virus_variable_log_VI":4.6059514813,"data_set_value_component_non_infectious_virus_variable_VNI":-5798.5741299187,"data_set_value_component_total_virus_variable_virus_total":34561.4559580595,"data_set_value_component_total_virus_variable_log_virus_total":4.5385920296},{"data_set_value_component_environment_variable_time":0.5,"data_set_value_component_model_parameters_variable_tau":1.0,"data_set_value_component_model_parameters_variable_delta":0.5,"data_set_value_component_model_parameters_variable_np":1.0,"data_set_value_component_model_parameters_variable_c":3.0,"data_set_value_component_model_parameters_variable_k":0.0000343,"data_set_value_component_model_parameters_variable_N":480.0,"data_set_value_component_model_parameters_variable_m":0.01,"data_set_value_component_uninfected_T_cells_variable_T":180.0,"data_set_value_component_infected_T_cells_variable_T_star":-142.9825709531,"data_set_value_component_infectious_virus_variable_VI":29899.4479508916,"data_set_value_component_infectious_virus_variable_log_VI":4.4756631698,"data_set_value_component_non_infectious_virus_variable_VNI":-7224.0059211728,"data_set_value_component_total_virus_variable_virus_total":22675.4420297187,"data_set_value_component_total_virus_variable_log_virus_total":4.3555557618},{"data_set_value_component_environment_variable_time":0.6,"data_set_value_component_model_parameters_variable_tau":1.0,"data_set_value_component_model_parameters_variable_delta":0.5,"data_set_value_component_model_parameters_variable_np":1.0,"data_set_value_component_model_parameters_variable_c":3.0,"data_set_value_component_model_parameters_variable_k":0.0000343,"data_set_value_component_model_parameters_variable_N":480.0,"data_set_value_component_model_parameters_variable_m":0.01,"data_set_value_component_uninfected_T_cells_variable_T":180.0,"data_set_value_component_infected_T_cells_variable_T_star":-142.9631785191,"data_set_value_component_infectious_virus_variable_VI":22150.0575588539,"data_set_value_component_infectious_virus_variable_log_VI":4.3453748591,"data_set_value_component_non_infectious_virus_variable_VNI":-8322.5287284728,"data_set_value_component_total_virus_variable_virus_total":13827.5288303812,"data_set_value_component_total_virus_variable_log_virus_total":4.1407445726},{"data_set_value_component_environment_variable_time":0.7,"data_set_value_component_model_parameters_variable_tau":1.0,"data_set_value_component_model_parameters_variable_delta":0.5,"data_set_value_component_model_parameters_variable_np":1.0,"data_set_value_component_model_parameters_variable_c":3.0,"data_set_value_component_model_parameters_variable_k":0.0000343,"data_set_value_component_model_parameters_variable_N":480.0,"data_set_value_component_model_parameters_variable_m":0.01,"data_set_value_component_uninfected_T_cells_variable_T":180.0,"data_set_value_component_infected_T_cells_variable_T_star":-140.0028615891,"data_set_value_component_infectious_virus_variable_VI":16409.1674618943,"data_set_value_component_infectious_virus_variable_log_VI":4.2150865472,"data_set_value_component_non_infectious_virus_variable_VNI":-9101.4080142775,"data_set_value_component_total_virus_variable_virus_total":7307.7594476169,"data_set_value_component_total_virus_variable_log_virus_total":3.8637842431},{"data_set_value_component_environment_variable_time":0.8,"data_set_value_component_model_parameters_variable_tau":1.0,"data_set_value_component_model_parameters_variable_delta":0.5,"data_set_value_component_model_parameters_variable_np":1.0,"data_set_value_component_model_parameters_variable_c":3.0,"data_set_value_component_model_parameters_variable_k":0.0000343,"data_set_value_component_model_parameters_variable_N":480.0,"data_set_value_component_model_parameters_variable_m":0.01,"data_set_value_component_uninfected_T_cells_variable_T":180.0,"data_set_value_component_infected_T_cells_variable_T_star":-135.3028755969,"data_set_value_component_infectious_virus_variable_VI":12156.21119834,"data_set_value_component_infectious_virus_variable_log_VI":4.0847982368,"data_set_value_component_non_infectious_virus_variable_VNI":-9596.4319292128,"data_set_value_component_total_virus_variable_virus_total":2559.7792691272,"data_set_value_component_total_virus_variable_log_virus_total":3.4082025175},{"data_set_value_component_environment_variable_time":0.9,"data_set_value_component_model_parameters_variable_tau":1.0,"data_set_value_component_model_parameters_variable_delta":0.5,"data_set_value_component_model_parameters_variable_np":1.0,"data_set_value_component_model_parameters_variable_c":3.0,"data_set_value_component_model_parameters_variable_k":0.0000343,"data_set_value_component_model_parameters_variable_N":480.0,"data_set_value_component_model_parameters_variable_m":0.01,"data_set_value_component_uninfected_T_cells_variable_T":180.0,"data_set_value_component_infected_T_cells_variable_T_star":-129.6551737039,"data_set_value_component_infectious_virus_variable_VI":9005.5434278322,"data_set_value_component_infectious_virus_variable_log_VI":3.9545099249,"data_set_value_component_non_infectious_virus_variable_VNI":-9854.2970085528,"data_set_value_component_total_virus_variable_virus_total":-848.7535807206,"data_set_value_component_total_virus_variable_log_virus_total":null},{"data_set_value_component_environment_variable_time":1.0,"data_set_value_component_model_parameters_variable_tau":1.0,"data_set_value_component_model_parameters_variable_delta":0.5,"data_set_value_component_model_parameters_variable_np":1.0,"data_set_value_component_model_parameters_variable_c":3.0,"data_set_value_component_model_parameters_variable_k":0.0000343,"data_set_value_component_model_parameters_variable_N":480.0,"data_set_value_component_model_parameters_variable_m":0.01,"data_set_value_component_uninfected_T_cells_variable_T":180.0,"data_set_value_component_infected_T_cells_variable_T_star":-123.5731063584,"data_set_value_component_infectious_virus_variable_VI":6671.4711844134,"data_set_value_component_infectious_virus_variable_log_VI":3.8242216145,"data_set_value_component_non_infectious_virus_variable_VNI":-9922.7992125111,"data_set_value_component_total_virus_variable_virus_total":-3251.3280280977,"data_set_value_component_total_virus_variable_log_virus_total":null}]