[{"data_set_value_component_environment_variable_time":0.0,"data_set_value_component_x_variable_x":2.0,"data_set_value_component_y_variable_y":1.0,"data_set_value_component_z_variable_z":0.15,"data_set_value_component_model_parameters_variable_epsilon":0.1,"data_set_value_component_model_parameters_variable_delta":0.9,"data_set_value_component_model_parameters_variable_a1":0.05,"data_set_value_component_model_parameters_variable_a2":0.009,"data_set_value_component_model_parameters_variable_a3":0.675,"data_set_value_component_model_parameters_variable_a4":0.01,"data_set_value_component_model_parameters_variable_a5":0.005,"data_set_value_component_model_parameters_variable_b1":0.1,"data_set_value_component_model_parameters_variable_b2":0.3,"data_set_value_component_model_parameters_variable_b3":0.01,"data_set_value_component_model_parameters_variable_k1":0.1,"data_set_value_component_model_parameters_variable_k2":0.5,"data_set_value_component_model_parameters_variable_k3":0.025,"data_set_value_component_model_parameters_variable_kc":0.2},{"data_set_value_component_environment_variable_time":0.1,"data_set_value_component_x_variable_x":1.9846284491,"data_set_value_component_y_variable_y":0.9974578952,"data_set_value_component_z_variable_z":0.1501591237,"data_set_value_component_model_parameters_variable_epsilon":0.1,"data_set_value_component_model_parameters_variable_delta":0.9,"data_set_value_component_model_parameters_variable_a1":0.05,"data_set_value_component_model_parameters_variable_a2":0.009,"data_set_value_component_model_parameters_variable_a3":0.675,"data_set_value_component_model_parameters_variable_a4":0.01,"data_set_value_component_model_parameters_variable_a5":0.005,"data_set_value_component_model_parameters_variable_b1":0.1,"data_set_value_component_model_parameters_variable_b2":0.3,"data_set_value_component_model_parameters_variable_b3":0.01,"data_set_value_component_model_parameters_variable_k1":0.1,"data_set_value_component_model_parameters_variable_k2":0.5,"data_set_value_component_model_parameters_variable_k3":0.025,"data_set_value_component_model_parameters_variable_kc":0.2},{"data_set_value_component_environment_variable_time":0.2,"data_set_value_component_x_variable_x":1.9694193971,"data_set_value_component_y_variable_y":0.9949254156,"data_set_value_component_z_variable_z":0.1503168588,"data_set_value_component_model_parameters_variable_epsilon":0.1,"data_set_value_component_model_parameters_variable_delta":0.9,"data_set_value_component_model_parameters_variable_a1":0.05,"data_set_value_component_model_parameters_variable_a2":0.009,"data_set_value_component_model_parameters_variable_a3":0.675,"data_set_value_component_model_parameters_variable_a4":0.01,"data_set_value_component_model_parameters_variable_a5":0.005,"data_set_value_component_model_parameters_variable_b1":0.1,"data_set_value_component_model_parameters_variable_b2":0.3,"data_set_value_component_model_parameters_variable_b3":0.01,"data_set_value_component_model_parameters_variable_k1":0.1,"data_set_value_component_model_parameters_variable_k2":0.5,"data_set_value_component_model_parameters_variable_k3":0.025,"data_set_value_component_model_parameters_variable_kc":0.2},{"data_set_value_component_environment_variable_time":0.3,"data_set_value_component_x_variable_x":1.9543720232,"data_set_value_component_y_variable_y":0.9924025638,"data_set_value_component_z_variable_z":0.1504732132,"data_set_value_component_model_parameters_variable_epsilon":0.1,"data_set_value_component_model_parameters_variable_delta":0.9,"data_set_value_component_model_parameters_variable_a1":0.05,"data_set_value_component_model_parameters_variable_a2":0.009,"data_set_value_component_model_parameters_variable_a3":0.675,"data_set_value_component_model_parameters_variable_a4":0.01,"data_set_value_component_model_parameters_variable_a5":0.005,"data_set_value_component_model_parameters_variable_b1":0.1,"data_set_value_component_model_parameters_variable_b2":0.3,"data_set_value_component_model_parameters_variable_b3":0.01,"data_set_value_component_model_parameters_variable_k1":0.1,"data_set_value_component_model_parameters_variable_k2":0.5,"data_set_value_component_model_parameters_variable_k3":0.025,"data_set_value_component_model_parameters_variable_kc":0.2},{"data_set_value_component_environment_variable_time":0.4,"data_set_value_component_x_variable_x":1.9394848578,"data_set_value_component_y_variable_y":0.9898893015,"data_set_value_component_z_variable_z":0.1506282003,"data_set_value_component_model_parameters_variable_epsilon":0.1,"data_set_value_component_model_parameters_variable_delta":0.9,"data_set_value_component_model_parameters_variable_a1":0.05,"data_set_value_component_model_parameters_variable_a2":0.009,"data_set_value_component_model_parameters_variable_a3":0.675,"data_set_value_component_model_parameters_variable_a4":0.01,"data_set_value_component_model_parameters_variable_a5":0.005,"data_set_value_component_model_parameters_variable_b1":0.1,"data_set_value_component_model_parameters_variable_b2":0.3,"data_set_value_component_model_parameters_variable_b3":0.01,"data_set_value_component_model_parameters_variable_k1":0.1,"data_set_value_component_model_parameters_variable_k2":0.5,"data_set_value_component_model_parameters_variable_k3":0.025,"data_set_value_component_model_parameters_variable_kc":0.2},{"data_set_value_component_environment_variable_time":0.5,"data_set_value_component_x_variable_x":1.9247563481,"data_set_value_component_y_variable_y":0.9873855877,"data_set_value_component_z_variable_z":0.1507818345,"data_set_value_component_model_parameters_variable_epsilon":0.1,"data_set_value_component_model_parameters_variable_delta":0.9,"data_set_value_component_model_parameters_variable_a1":0.05,"data_set_value_component_model_parameters_variable_a2":0.009,"data_set_value_component_model_parameters_variable_a3":0.675,"data_set_value_component_model_parameters_variable_a4":0.01,"data_set_value_component_model_parameters_variable_a5":0.005,"data_set_value_component_model_parameters_variable_b1":0.1,"data_set_value_component_model_parameters_variable_b2":0.3,"data_set_value_component_model_parameters_variable_b3":0.01,"data_set_value_component_model_parameters_variable_k1":0.1,"data_set_value_component_model_parameters_variable_k2":0.5,"data_set_value_component_model_parameters_variable_k3":0.025,"data_set_value_component_model_parameters_variable_kc":0.2},{"data_set_value_component_environment_variable_time":0.6,"data_set_value_component_x_variable_x":1.9101849108,"data_set_value_component_y_variable_y":0.9848913797,"data_set_value_component_z_variable_z":0.1509341303,"data_set_value_component_model_parameters_variable_epsilon":0.1,"data_set_value_component_model_parameters_variable_delta":0.9,"data_set_value_component_model_parameters_variable_a1":0.05,"data_set_value_component_model_parameters_variable_a2":0.009,"data_set_value_component_model_parameters_variable_a3":0.675,"data_set_value_component_model_parameters_variable_a4":0.01,"data_set_value_component_model_parameters_variable_a5":0.005,"data_set_value_component_model_parameters_variable_b1":0.1,"data_set_value_component_model_parameters_variable_b2":0.3,"data_set_value_component_model_parameters_variable_b3":0.01,"data_set_value_component_model_parameters_variable_k1":0.1,"data_set_value_component_model_parameters_variable_k2":0.5,"data_set_value_component_model_parameters_variable_k3":0.025,"data_set_value_component_model_parameters_variable_kc":0.2},{"data_set_value_component_environment_variable_time":0.7,"data_set_value_component_x_variable_x":1.8957691344,"data_set_value_component_y_variable_y":0.982406639,"data_set_value_component_z_variable_z":0.1510851005,"data_set_value_component_model_parameters_variable_epsilon":0.1,"data_set_value_component_model_parameters_variable_delta":0.9,"data_set_value_component_model_parameters_variable_a1":0.05,"data_set_value_component_model_parameters_variable_a2":0.009,"data_set_value_component_model_parameters_variable_a3":0.675,"data_set_value_component_model_parameters_variable_a4":0.01,"data_set_value_component_model_parameters_variable_a5":0.005,"data_set_value_component_model_parameters_variable_b1":0.1,"data_set_value_component_model_parameters_variable_b2":0.3,"data_set_value_component_model_parameters_variable_b3":0.01,"data_set_value_component_model_parameters_variable_k1":0.1,"data_set_value_component_model_parameters_variable_k2":0.5,"data_set_value_component_model_parameters_variable_k3":0.025,"data_set_value_component_model_parameters_variable_kc":0.2},{"data_set_value_component_environment_variable_time":0.8,"data_set_value_component_x_variable_x":1.8815074368,"data_set_value_component_y_variable_y":0.9799313218,"data_set_value_component_z_variable_z":0.1512347597,"data_set_value_component_model_parameters_variable_epsilon":0.1,"data_set_value_component_model_parameters_variable_delta":0.9,"data_set_value_component_model_parameters_variable_a1":0.05,"data_set_value_component_model_parameters_variable_a2":0.009,"data_set_value_component_model_parameters_variable_a3":0.675,"data_set_value_component_model_parameters_variable_a4":0.01,"data_set_value_component_model_parameters_variable_a5":0.005,"data_set_value_component_model_parameters_variable_b1":0.1,"data_set_value_component_model_parameters_variable_b2":0.3,"data_set_value_component_model_parameters_variable_b3":0.01,"data_set_value_component_model_parameters_variable_k1":0.1,"data_set_value_component_model_parameters_variable_k2":0.5,"data_set_value_component_model_parameters_variable_k3":0.025,"data_set_value_component_model_parameters_variable_kc":0.2},{"data_set_value_component_environment_variable_time":0.9,"data_set_value_component_x_variable_x":1.8673982425,"data_set_value_component_y_variable_y":0.9774653839,"data_set_value_component_z_variable_z":0.1513831224,"data_set_value_component_model_parameters_variable_epsilon":0.1,"data_set_value_component_model_parameters_variable_delta":0.9,"data_set_value_component_model_parameters_variable_a1":0.05,"data_set_value_component_model_parameters_variable_a2":0.009,"data_set_value_component_model_parameters_variable_a3":0.675,"data_set_value_component_model_parameters_variable_a4":0.01,"data_set_value_component_model_parameters_variable_a5":0.005,"data_set_value_component_model_parameters_variable_b1":0.1,"data_set_value_component_model_parameters_variable_b2":0.3,"data_set_value_component_model_parameters_variable_b3":0.01,"data_set_value_component_model_parameters_variable_k1":0.1,"data_set_value_component_model_parameters_variable_k2":0.5,"data_set_value_component_model_parameters_variable_k3":0.025,"data_set_value_component_model_parameters_variable_kc":0.2},{"data_set_value_component_environment_variable_time":1.0,"data_set_value_component_x_variable_x":1.8534400103,"data_set_value_component_y_variable_y":0.9750087816,"data_set_value_component_z_variable_z":0.1515302026,"data_set_value_component_model_parameters_variable_epsilon":0.1,"data_set_value_component_model_parameters_variable_delta":0.9,"data_set_value_component_model_parameters_variable_a1":0.05,"data_set_value_component_model_parameters_variable_a2":0.009,"data_set_value_component_model_parameters_variable_a3":0.675,"data_set_value_component_model_parameters_variable_a4":0.01,"data_set_value_component_model_parameters_variable_a5":0.005,"data_set_value_component_model_parameters_variable_b1":0.1,"data_set_value_component_model_parameters_variable_b2":0.3,"data_set_value_component_model_parameters_variable_b3":0.01,"data_set_value_component_model_parameters_variable_k1":0.1,"data_set_value_component_model_parameters_variable_k2":0.5,"data_set_value_component_model_parameters_variable_k3":0.025,"data_set_value_component_model_parameters_variable_kc":0.2}]