[{"data_set_T":0.0,"data_set_IKCA":0.0,"data_set_O":0.0,"data_set_VM":-65.0},{"data_set_T":0.017999999,"data_set_IKCA":0.0000108659,"data_set_O":0.0000630891,"data_set_VM":-65.0},{"data_set_T":0.035999998,"data_set_IKCA":0.0000216791,"data_set_O":0.0001258725,"data_set_VM":-65.0},{"data_set_T":0.054000001,"data_set_IKCA":0.0000324399,"data_set_O":0.0001883519,"data_set_VM":-65.0},{"data_set_T":0.071999997,"data_set_IKCA":0.0000431486,"data_set_O":0.0002505286,"data_set_VM":-65.0},{"data_set_T":0.090000004,"data_set_IKCA":0.0000538055,"data_set_O":0.0003124041,"data_set_VM":-65.0},{"data_set_T":0.108,"data_set_IKCA":0.0000644107,"data_set_O":0.0003739799,"data_set_VM":-65.0},{"data_set_T":0.126,"data_set_IKCA":0.0000749645,"data_set_O":0.0004352574,"data_set_VM":-65.0},{"data_set_T":0.14399999,"data_set_IKCA":0.0000854672,"data_set_O":0.000496238,"data_set_VM":-65.0},{"data_set_T":0.162,"data_set_IKCA":0.0000959191,"data_set_O":0.0005569233,"data_set_VM":-65.0},{"data_set_T":0.18000001,"data_set_IKCA":0.0001063203,"data_set_O":0.0006173146,"data_set_VM":-65.0},{"data_set_T":0.198,"data_set_IKCA":0.0001166711,"data_set_O":0.0006774133,"data_set_VM":-65.0},{"data_set_T":0.21600001,"data_set_IKCA":0.0001269718,"data_set_O":0.000737221,"data_set_VM":-65.0},{"data_set_T":0.234,"data_set_IKCA":0.0001372226,"data_set_O":0.0007967389,"data_set_VM":-65.0},{"data_set_T":0.252,"data_set_IKCA":0.0001474238,"data_set_O":0.0008559685,"data_set_VM":-65.0},{"data_set_T":0.27000001,"data_set_IKCA":0.0001575755,"data_set_O":0.0009149112,"data_set_VM":-65.0},{"data_set_T":0.28799999,"data_set_IKCA":0.000167678,"data_set_O":0.0009735684,"data_set_VM":-65.0},{"data_set_T":0.30599999,"data_set_IKCA":0.0001777316,"data_set_O":0.0010319414,"data_set_VM":-65.0},{"data_set_T":0.324,"data_set_IKCA":0.0001877365,"data_set_O":0.0010900316,"data_set_VM":-65.0},{"data_set_T":0.34200001,"data_set_IKCA":0.000197693,"data_set_O":0.0011478405,"data_set_VM":-65.0},{"data_set_T":0.36000001,"data_set_IKCA":0.0002076012,"data_set_O":0.0012053694,"data_set_VM":-65.0},{"data_set_T":0.37799999,"data_set_IKCA":0.0002174614,"data_set_O":0.0012626195,"data_set_VM":-65.0},{"data_set_T":0.396,"data_set_IKCA":0.0002272738,"data_set_O":0.0013195924,"data_set_VM":-65.0},{"data_set_T":0.414,"data_set_IKCA":0.0002370388,"data_set_O":0.0013762892,"data_set_VM":-65.0},{"data_set_T":0.43200001,"data_set_IKCA":0.0002467564,"data_set_O":0.0014327114,"data_set_VM":-65.0},{"data_set_T":0.44999999,"data_set_IKCA":0.0002564269,"data_set_O":0.0014888603,"data_set_VM":-65.0},{"data_set_T":0.46799999,"data_set_IKCA":0.0002660506,"data_set_O":0.0015447371,"data_set_VM":-65.0},{"data_set_T":0.486,"data_set_IKCA":0.0002756277,"data_set_O":0.0016003434,"data_set_VM":-65.0},{"data_set_T":0.50400001,"data_set_IKCA":0.0002851584,"data_set_O":0.0016556802,"data_set_VM":-65.0},{"data_set_T":0.52200001,"data_set_IKCA":0.0002946429,"data_set_O":0.0017107491,"data_set_VM":-65.0},{"data_set_T":0.54000002,"data_set_IKCA":0.0003040815,"data_set_O":0.0017655512,"data_set_VM":-65.0},{"data_set_T":0.55800003,"data_set_IKCA":0.0003134744,"data_set_O":0.0018200878,"data_set_VM":-65.0},{"data_set_T":0.57599998,"data_set_IKCA":0.0003228217,"data_set_O":0.0018743601,"data_set_VM":-65.0},{"data_set_T":0.59399998,"data_set_IKCA":0.0003321238,"data_set_O":0.0019283696,"data_set_VM":-65.0},{"data_set_T":0.61199999,"data_set_IKCA":0.0003413808,"data_set_O":0.0019821175,"data_set_VM":-65.0},{"data_set_T":0.63,"data_set_IKCA":0.000350593,"data_set_O":0.002035605,"data_set_VM":-65.0},{"data_set_T":0.648,"data_set_IKCA":0.0003597605,"data_set_O":0.0020888336,"data_set_VM":-65.0},{"data_set_T":0.66600001,"data_set_IKCA":0.0003688837,"data_set_O":0.002141804,"data_set_VM":-65.0},{"data_set_T":0.68400002,"data_set_IKCA":0.0003779626,"data_set_O":0.002194518,"data_set_VM":-65.0},{"data_set_T":0.70200002,"data_set_IKCA":0.0003869976,"data_set_O":0.0022469766,"data_set_VM":-65.0},{"data_set_T":0.72000003,"data_set_IKCA":0.0003959888,"data_set_O":0.0022991812,"data_set_VM":-65.0},{"data_set_T":0.73799998,"data_set_IKCA":0.0004049364,"data_set_O":0.0023511329,"data_set_VM":-65.0},{"data_set_T":0.75599998,"data_set_IKCA":0.0004138408,"data_set_O":0.0024028327,"data_set_VM":-65.0},{"data_set_T":0.77399999,"data_set_IKCA":0.0004227019,"data_set_O":0.0024542823,"data_set_VM":-65.0},{"data_set_T":0.792,"data_set_IKCA":0.0004315202,"data_set_O":0.0025054826,"data_set_VM":-65.0},{"data_set_T":0.81,"data_set_IKCA":0.0004402957,"data_set_O":0.0025564348,"data_set_VM":-65.0},{"data_set_T":0.82800001,"data_set_IKCA":0.0004490287,"data_set_O":0.0026071405,"data_set_VM":-65.0},{"data_set_T":0.84600002,"data_set_IKCA":0.0004577194,"data_set_O":0.0026576002,"data_set_VM":-65.0},{"data_set_T":0.86400002,"data_set_IKCA":0.000466368,"data_set_O":0.0027078157,"data_set_VM":-65.0},{"data_set_T":0.88200003,"data_set_IKCA":0.0004749748,"data_set_O":0.0027577879,"data_set_VM":-65.0},{"data_set_T":0.89999998,"data_set_IKCA":0.0004835398,"data_set_O":0.002807518,"data_set_VM":-65.0},{"data_set_T":0.91799998,"data_set_IKCA":0.0004920633,"data_set_O":0.0028570071,"data_set_VM":-65.0},{"data_set_T":0.93599999,"data_set_IKCA":0.0005005456,"data_set_O":0.0029062566,"data_set_VM":-65.0},{"data_set_T":0.954,"data_set_IKCA":0.0005089868,"data_set_O":0.0029552674,"data_set_VM":-65.0},{"data_set_T":0.972,"data_set_IKCA":0.0005173871,"data_set_O":0.003004041,"data_set_VM":-65.0},{"data_set_T":0.99000001,"data_set_IKCA":0.0005257466,"data_set_O":0.0030525783,"data_set_VM":-65.0},{"data_set_T":1.008,"data_set_IKCA":0.0005340657,"data_set_O":0.0031008804,"data_set_VM":-65.0},{"data_set_T":1.026,"data_set_IKCA":0.0005423445,"data_set_O":0.0031489485,"data_set_VM":-65.0},{"data_set_T":1.044,"data_set_IKCA":0.0005505832,"data_set_O":0.0031967838,"data_set_VM":-65.0},{"data_set_T":1.062,"data_set_IKCA":0.000558782,"data_set_O":0.0032443872,"data_set_VM":-65.0},{"data_set_T":1.08,"data_set_IKCA":0.000566941,"data_set_O":0.0032917603,"data_set_VM":-65.0},{"data_set_T":1.098,"data_set_IKCA":0.0005750606,"data_set_O":0.0033389037,"data_set_VM":-65.0},{"data_set_T":1.1160001,"data_set_IKCA":0.0005831408,"data_set_O":0.0033858188,"data_set_VM":-65.0},{"data_set_T":1.1339999,"data_set_IKCA":0.0005911819,"data_set_O":0.0034325067,"data_set_VM":-65.0},{"data_set_T":1.152,"data_set_IKCA":0.000599184,"data_set_O":0.0034789685,"data_set_VM":-65.0},{"data_set_T":1.17,"data_set_IKCA":0.0006071473,"data_set_O":0.003525205,"data_set_VM":-65.0},{"data_set_T":1.188,"data_set_IKCA":0.0006150721,"data_set_O":0.0035712176,"data_set_VM":-65.0},{"data_set_T":1.206,"data_set_IKCA":0.0006229585,"data_set_O":0.0036170075,"data_set_VM":-65.0},{"data_set_T":1.224,"data_set_IKCA":0.0006308067,"data_set_O":0.0036625755,"data_set_VM":-65.0},{"data_set_T":1.242,"data_set_IKCA":0.0006386168,"data_set_O":0.0037079228,"data_set_VM":-65.0},{"data_set_T":1.26,"data_set_IKCA":0.0006463892,"data_set_O":0.0037530502,"data_set_VM":-65.0},{"data_set_T":1.278,"data_set_IKCA":0.0006541238,"data_set_O":0.0037979591,"data_set_VM":-65.0},{"data_set_T":1.296,"data_set_IKCA":0.000661821,"data_set_O":0.0038426507,"data_set_VM":-65.0},{"data_set_T":1.314,"data_set_IKCA":0.000669481,"data_set_O":0.0038871255,"data_set_VM":-65.0},{"data_set_T":1.332,"data_set_IKCA":0.0006771038,"data_set_O":0.003931385,"data_set_VM":-65.0},{"data_set_T":1.35,"data_set_IKCA":0.0006846897,"data_set_O":0.00397543,"data_set_VM":-65.0},{"data_set_T":1.368,"data_set_IKCA":0.0006922389,"data_set_O":0.0040192618,"data_set_VM":-65.0},{"data_set_T":1.386,"data_set_IKCA":0.0006997515,"data_set_O":0.0040628812,"data_set_VM":-65.0},{"data_set_T":1.404,"data_set_IKCA":0.0007072277,"data_set_O":0.0041062892,"data_set_VM":-65.0},{"data_set_T":1.4220001,"data_set_IKCA":0.0007146676,"data_set_O":0.0041494872,"data_set_VM":-65.0},{"data_set_T":1.4400001,"data_set_IKCA":0.0007220716,"data_set_O":0.0041924757,"data_set_VM":-65.0},{"data_set_T":1.4579999,"data_set_IKCA":0.0007294397,"data_set_O":0.004235256,"data_set_VM":-65.0},{"data_set_T":1.476,"data_set_IKCA":0.000736772,"data_set_O":0.0042778291,"data_set_VM":-65.0},{"data_set_T":1.494,"data_set_IKCA":0.0007440689,"data_set_O":0.0043201959,"data_set_VM":-65.0},{"data_set_T":1.512,"data_set_IKCA":0.0007513304,"data_set_O":0.0043623578,"data_set_VM":-65.0},{"data_set_T":1.53,"data_set_IKCA":0.0007585567,"data_set_O":0.0044043153,"data_set_VM":-65.0},{"data_set_T":1.548,"data_set_IKCA":0.0007657481,"data_set_O":0.0044460692,"data_set_VM":-65.0},{"data_set_T":1.566,"data_set_IKCA":0.0007729046,"data_set_O":0.0044876211,"data_set_VM":-65.0},{"data_set_T":1.584,"data_set_IKCA":0.0007800264,"data_set_O":0.0045289719,"data_set_VM":-65.0},{"data_set_T":1.602,"data_set_IKCA":0.0007871137,"data_set_O":0.0045701219,"data_set_VM":-65.0},{"data_set_T":1.62,"data_set_IKCA":0.0007941668,"data_set_O":0.0046110731,"data_set_VM":-65.0},{"data_set_T":1.638,"data_set_IKCA":0.0008011856,"data_set_O":0.0046518259,"data_set_VM":-65.0},{"data_set_T":1.656,"data_set_IKCA":0.0008081704,"data_set_O":0.0046923808,"data_set_VM":-65.0},{"data_set_T":1.674,"data_set_IKCA":0.0008151214,"data_set_O":0.0047327396,"data_set_VM":-65.0},{"data_set_T":1.692,"data_set_IKCA":0.0008220387,"data_set_O":0.0047729029,"data_set_VM":-65.0},{"data_set_T":1.71,"data_set_IKCA":0.0008289226,"data_set_O":0.0048128716,"data_set_VM":-65.0},{"data_set_T":1.728,"data_set_IKCA":0.000835773,"data_set_O":0.0048526465,"data_set_VM":-65.0},{"data_set_T":1.7460001,"data_set_IKCA":0.0008425904,"data_set_O":0.0048922291,"data_set_VM":-65.0},{"data_set_T":1.7640001,"data_set_IKCA":0.0008493746,"data_set_O":0.0049316199,"data_set_VM":-65.0},{"data_set_T":1.7819999,"data_set_IKCA":0.000856126,"data_set_O":0.0049708197,"data_set_VM":-65.0},{"data_set_T":1.8,"data_set_IKCA":0.0008628447,"data_set_O":0.0050098295,"data_set_VM":-65.0},{"data_set_T":1.818,"data_set_IKCA":0.0008695308,"data_set_O":0.0050486503,"data_set_VM":-65.0},{"data_set_T":1.836,"data_set_IKCA":0.0008761846,"data_set_O":0.0050872834,"data_set_VM":-65.0},{"data_set_T":1.854,"data_set_IKCA":0.0008828061,"data_set_O":0.0051257294,"data_set_VM":-65.0},{"data_set_T":1.872,"data_set_IKCA":0.0008893956,"data_set_O":0.005163989,"data_set_VM":-65.0},{"data_set_T":1.89,"data_set_IKCA":0.0008959532,"data_set_O":0.0052020629,"data_set_VM":-65.0},{"data_set_T":1.908,"data_set_IKCA":0.0009024789,"data_set_O":0.0052399528,"data_set_VM":-65.0},{"data_set_T":1.926,"data_set_IKCA":0.0009089731,"data_set_O":0.0052776593,"data_set_VM":-65.0},{"data_set_T":1.944,"data_set_IKCA":0.0009154358,"data_set_O":0.0053151827,"data_set_VM":-65.0},{"data_set_T":1.962,"data_set_IKCA":0.0009218672,"data_set_O":0.0053525246,"data_set_VM":-65.0},{"data_set_T":1.98,"data_set_IKCA":0.0009282674,"data_set_O":0.0053896853,"data_set_VM":-65.0},{"data_set_T":1.998,"data_set_IKCA":0.0009346367,"data_set_O":0.0054266662,"data_set_VM":-65.0},{"data_set_T":2.016,"data_set_IKCA":0.0085415374,"data_set_O":0.0083557861,"data_set_VM":20.0},{"data_set_T":2.0339999,"data_set_IKCA":0.014465746,"data_set_O":0.01415116,"data_set_VM":20.0},{"data_set_T":2.052,"data_set_IKCA":0.020354666,"data_set_O":0.019912016,"data_set_VM":20.0},{"data_set_T":2.0699999,"data_set_IKCA":0.026208512,"data_set_O":0.025638558,"data_set_VM":20.0},{"data_set_T":2.0880001,"data_set_IKCA":0.03202749,"data_set_O":0.031330992,"data_set_VM":20.0},{"data_set_T":2.1059999,"data_set_IKCA":0.037811808,"data_set_O":0.036989518,"data_set_VM":20.0},{"data_set_T":2.1240001,"data_set_IKCA":0.043561675,"data_set_O":0.042614345,"data_set_VM":20.0},{"data_set_T":2.142,"data_set_IKCA":0.049277294,"data_set_O":0.048205666,"data_set_VM":20.0},{"data_set_T":2.1600001,"data_set_IKCA":0.054958869,"data_set_O":0.053763684,"data_set_VM":20.0},{"data_set_T":2.178,"data_set_IKCA":0.060606603,"data_set_O":0.059288599,"data_set_VM":20.0},{"data_set_T":2.1960001,"data_set_IKCA":0.066220701,"data_set_O":0.0647806,"data_set_VM":20.0},{"data_set_T":2.214,"data_set_IKCA":0.071801357,"data_set_O":0.070239894,"data_set_VM":20.0},{"data_set_T":2.2320001,"data_set_IKCA":0.077348769,"data_set_O":0.075666673,"data_set_VM":20.0},{"data_set_T":2.25,"data_set_IKCA":0.082863145,"data_set_O":0.081061125,"data_set_VM":20.0},{"data_set_T":2.2679999,"data_set_IKCA":0.088344678,"data_set_O":0.086423449,"data_set_VM":20.0},{"data_set_T":2.286,"data_set_IKCA":0.093793556,"data_set_O":0.091753833,"data_set_VM":20.0},{"data_set_T":2.3039999,"data_set_IKCA":0.099209979,"data_set_O":0.09705247,"data_set_VM":20.0},{"data_set_T":2.322,"data_set_IKCA":0.10459414,"data_set_O":0.10231955,"data_set_VM":20.0},{"data_set_T":2.3399999,"data_set_IKCA":0.10994624,"data_set_O":0.10755525,"data_set_VM":20.0},{"data_set_T":2.358,"data_set_IKCA":0.11526646,"data_set_O":0.11275977,"data_set_VM":20.0},{"data_set_T":2.3759999,"data_set_IKCA":0.12055498,"data_set_O":0.11793328,"data_set_VM":20.0},{"data_set_T":2.3940001,"data_set_IKCA":0.12581201,"data_set_O":0.12307598,"data_set_VM":20.0},{"data_set_T":2.4119999,"data_set_IKCA":0.13103773,"data_set_O":0.12818806,"data_set_VM":20.0},{"data_set_T":2.4300001,"data_set_IKCA":0.13623232,"data_set_O":0.13326968,"data_set_VM":20.0},{"data_set_T":2.448,"data_set_IKCA":0.14139597,"data_set_O":0.13832104,"data_set_VM":20.0},{"data_set_T":2.4660001,"data_set_IKCA":0.14652885,"data_set_O":0.1433423,"data_set_VM":20.0},{"data_set_T":2.484,"data_set_IKCA":0.15163118,"data_set_O":0.14833367,"data_set_VM":20.0},{"data_set_T":2.5020001,"data_set_IKCA":0.15670311,"data_set_O":0.15329531,"data_set_VM":20.0},{"data_set_T":2.52,"data_set_IKCA":0.16174483,"data_set_O":0.15822738,"data_set_VM":20.0},{"data_set_T":2.5380001,"data_set_IKCA":0.16675653,"data_set_O":0.16313007,"data_set_VM":20.0},{"data_set_T":2.556,"data_set_IKCA":0.17173836,"data_set_O":0.16800359,"data_set_VM":20.0},{"data_set_T":2.5739999,"data_set_IKCA":0.17669053,"data_set_O":0.17284806,"data_set_VM":20.0},{"data_set_T":2.592,"data_set_IKCA":0.18161319,"data_set_O":0.17766367,"data_set_VM":20.0},{"data_set_T":2.6099999,"data_set_IKCA":0.18650655,"data_set_O":0.18245061,"data_set_VM":20.0},{"data_set_T":2.628,"data_set_IKCA":0.19137076,"data_set_O":0.18720903,"data_set_VM":20.0},{"data_set_T":2.6459999,"data_set_IKCA":0.19620599,"data_set_O":0.19193912,"data_set_VM":20.0},{"data_set_T":2.664,"data_set_IKCA":0.20101242,"data_set_O":0.19664101,"data_set_VM":20.0},{"data_set_T":2.6819999,"data_set_IKCA":0.20579022,"data_set_O":0.20131491,"data_set_VM":20.0},{"data_set_T":2.7,"data_set_IKCA":0.21053956,"data_set_O":0.20596097,"data_set_VM":20.0},{"data_set_T":2.7179999,"data_set_IKCA":0.21526062,"data_set_O":0.21057937,"data_set_VM":20.0},{"data_set_T":2.7360001,"data_set_IKCA":0.21995357,"data_set_O":0.21517025,"data_set_VM":20.0},{"data_set_T":2.7539999,"data_set_IKCA":0.22461854,"data_set_O":0.21973379,"data_set_VM":20.0},{"data_set_T":2.7720001,"data_set_IKCA":0.22925575,"data_set_O":0.22427014,"data_set_VM":20.0},{"data_set_T":2.79,"data_set_IKCA":0.23386532,"data_set_O":0.22877948,"data_set_VM":20.0},{"data_set_T":2.8080001,"data_set_IKCA":0.23844744,"data_set_O":0.23326196,"data_set_VM":20.0},{"data_set_T":2.826,"data_set_IKCA":0.24300228,"data_set_O":0.23771773,"data_set_VM":20.0},{"data_set_T":2.8440001,"data_set_IKCA":0.24752998,"data_set_O":0.24214697,"data_set_VM":20.0},{"data_set_T":2.862,"data_set_IKCA":0.2520307,"data_set_O":0.24654983,"data_set_VM":20.0},{"data_set_T":2.8800001,"data_set_IKCA":0.25650463,"data_set_O":0.25092646,"data_set_VM":20.0},{"data_set_T":2.898,"data_set_IKCA":0.26095191,"data_set_O":0.25527701,"data_set_VM":20.0},{"data_set_T":2.9159999,"data_set_IKCA":0.26537269,"data_set_O":0.25960168,"data_set_VM":20.0},{"data_set_T":2.934,"data_set_IKCA":0.26976717,"data_set_O":0.26390055,"data_set_VM":20.0},{"data_set_T":2.9519999,"data_set_IKCA":0.27413544,"data_set_O":0.26817384,"data_set_VM":20.0},{"data_set_T":2.97,"data_set_IKCA":0.2784777,"data_set_O":0.27242169,"data_set_VM":20.0},{"data_set_T":2.9879999,"data_set_IKCA":0.28279412,"data_set_O":0.27664423,"data_set_VM":20.0},{"data_set_T":3.006,"data_set_IKCA":0.28708482,"data_set_O":0.28084159,"data_set_VM":20.0},{"data_set_T":3.0239999,"data_set_IKCA":0.29134995,"data_set_O":0.28501397,"data_set_VM":20.0},{"data_set_T":3.0420001,"data_set_IKCA":0.29558969,"data_set_O":0.2891615,"data_set_VM":20.0},{"data_set_T":3.0599999,"data_set_IKCA":0.29980415,"data_set_O":0.29328433,"data_set_VM":20.0},{"data_set_T":3.0780001,"data_set_IKCA":0.30399352,"data_set_O":0.29738259,"data_set_VM":20.0},{"data_set_T":3.096,"data_set_IKCA":0.30815795,"data_set_O":0.30145645,"data_set_VM":20.0},{"data_set_T":3.1140001,"data_set_IKCA":0.31229755,"data_set_O":0.30550605,"data_set_VM":20.0},{"data_set_T":3.132,"data_set_IKCA":0.31641254,"data_set_O":0.30953154,"data_set_VM":20.0},{"data_set_T":3.1500001,"data_set_IKCA":0.32050297,"data_set_O":0.31353304,"data_set_VM":20.0},{"data_set_T":3.168,"data_set_IKCA":0.32456908,"data_set_O":0.31751069,"data_set_VM":20.0},{"data_set_T":3.1860001,"data_set_IKCA":0.32861093,"data_set_O":0.32146466,"data_set_VM":20.0},{"data_set_T":3.204,"data_set_IKCA":0.33262873,"data_set_O":0.32539508,"data_set_VM":20.0},{"data_set_T":3.2219999,"data_set_IKCA":0.3366226,"data_set_O":0.3293021,"data_set_VM":20.0},{"data_set_T":3.24,"data_set_IKCA":0.34059268,"data_set_O":0.33318582,"data_set_VM":20.0},{"data_set_T":3.2579999,"data_set_IKCA":0.34453911,"data_set_O":0.33704644,"data_set_VM":20.0},{"data_set_T":3.276,"data_set_IKCA":0.34846202,"data_set_O":0.34088406,"data_set_VM":20.0},{"data_set_T":3.2939999,"data_set_IKCA":0.35236159,"data_set_O":0.34469882,"data_set_VM":20.0},{"data_set_T":3.312,"data_set_IKCA":0.35623792,"data_set_O":0.34849083,"data_set_VM":20.0},{"data_set_T":3.3299999,"data_set_IKCA":0.36009115,"data_set_O":0.35226029,"data_set_VM":20.0},{"data_set_T":3.348,"data_set_IKCA":0.36392143,"data_set_O":0.35600728,"data_set_VM":20.0},{"data_set_T":3.3659999,"data_set_IKCA":0.36772892,"data_set_O":0.35973194,"data_set_VM":20.0},{"data_set_T":3.3840001,"data_set_IKCA":0.37151372,"data_set_O":0.36343443,"data_set_VM":20.0},{"data_set_T":3.402,"data_set_IKCA":0.37527597,"data_set_O":0.36711487,"data_set_VM":20.0},{"data_set_T":3.4200001,"data_set_IKCA":0.37901583,"data_set_O":0.3707734,"data_set_VM":20.0},{"data_set_T":3.438,"data_set_IKCA":0.3827334,"data_set_O":0.37441012,"data_set_VM":20.0},{"data_set_T":3.4560001,"data_set_IKCA":0.38642883,"data_set_O":0.3780252,"data_set_VM":20.0},{"data_set_T":3.474,"data_set_IKCA":0.39010224,"data_set_O":0.38161874,"data_set_VM":20.0},{"data_set_T":3.4920001,"data_set_IKCA":0.39375377,"data_set_O":0.38519084,"data_set_VM":20.0},{"data_set_T":3.51,"data_set_IKCA":0.39738357,"data_set_O":0.3887417,"data_set_VM":20.0},{"data_set_T":3.5280001,"data_set_IKCA":0.40099174,"data_set_O":0.3922714,"data_set_VM":20.0},{"data_set_T":3.546,"data_set_IKCA":0.40457842,"data_set_O":0.39578009,"data_set_VM":20.0},{"data_set_T":3.5639999,"data_set_IKCA":0.40814373,"data_set_O":0.39926785,"data_set_VM":20.0},{"data_set_T":3.582,"data_set_IKCA":0.41168782,"data_set_O":0.40273488,"data_set_VM":20.0},{"data_set_T":3.5999999,"data_set_IKCA":0.41521078,"data_set_O":0.40618122,"data_set_VM":20.0},{"data_set_T":3.618,"data_set_IKCA":0.41871276,"data_set_O":0.40960705,"data_set_VM":20.0},{"data_set_T":3.6359999,"data_set_IKCA":0.42219388,"data_set_O":0.41301247,"data_set_VM":20.0},{"data_set_T":3.654,"data_set_IKCA":0.42565429,"data_set_O":0.41639763,"data_set_VM":20.0},{"data_set_T":3.6719999,"data_set_IKCA":0.42909408,"data_set_O":0.41976258,"data_set_VM":20.0},{"data_set_T":3.6900001,"data_set_IKCA":0.43251336,"data_set_O":0.42310753,"data_set_VM":20.0},{"data_set_T":3.7079999,"data_set_IKCA":0.43591228,"data_set_O":0.42643255,"data_set_VM":20.0},{"data_set_T":3.7260001,"data_set_IKCA":0.43929097,"data_set_O":0.42973775,"data_set_VM":20.0},{"data_set_T":3.744,"data_set_IKCA":0.44264951,"data_set_O":0.43302327,"data_set_VM":20.0},{"data_set_T":3.7620001,"data_set_IKCA":0.44598809,"data_set_O":0.43628922,"data_set_VM":20.0},{"data_set_T":3.78,"data_set_IKCA":0.44930676,"data_set_O":0.43953571,"data_set_VM":20.0},{"data_set_T":3.7980001,"data_set_IKCA":0.45260563,"data_set_O":0.44276288,"data_set_VM":20.0},{"data_set_T":3.816,"data_set_IKCA":0.4558849,"data_set_O":0.4459708,"data_set_VM":20.0},{"data_set_T":3.8340001,"data_set_IKCA":0.45914462,"data_set_O":0.44915965,"data_set_VM":20.0},{"data_set_T":3.852,"data_set_IKCA":0.46238491,"data_set_O":0.45232949,"data_set_VM":20.0},{"data_set_T":3.8699999,"data_set_IKCA":0.46560591,"data_set_O":0.45548043,"data_set_VM":20.0},{"data_set_T":3.888,"data_set_IKCA":0.46880776,"data_set_O":0.45861262,"data_set_VM":20.0},{"data_set_T":3.9059999,"data_set_IKCA":0.4719905,"data_set_O":0.46172616,"data_set_VM":20.0},{"data_set_T":3.924,"data_set_IKCA":0.47515428,"data_set_O":0.46482116,"data_set_VM":20.0},{"data_set_T":3.9419999,"data_set_IKCA":0.47829923,"data_set_O":0.46789771,"data_set_VM":20.0},{"data_set_T":3.96,"data_set_IKCA":0.48142546,"data_set_O":0.47095594,"data_set_VM":20.0},{"data_set_T":3.9779999,"data_set_IKCA":0.48453304,"data_set_O":0.47399595,"data_set_VM":20.0},{"data_set_T":3.9960001,"data_set_IKCA":0.48762214,"data_set_O":0.47701785,"data_set_VM":20.0},{"data_set_T":4.0139999,"data_set_IKCA":0.49069282,"data_set_O":0.48002177,"data_set_VM":20.0},{"data_set_T":4.0320001,"data_set_IKCA":0.49374521,"data_set_O":0.48300779,"data_set_VM":20.0},{"data_set_T":4.0500002,"data_set_IKCA":0.49677941,"data_set_O":0.48597601,"data_set_VM":20.0},{"data_set_T":4.0679998,"data_set_IKCA":0.49979556,"data_set_O":0.48892656,"data_set_VM":20.0},{"data_set_T":4.086,"data_set_IKCA":0.50279373,"data_set_O":0.49185953,"data_set_VM":20.0},{"data_set_T":4.1040001,"data_set_IKCA":0.50577408,"data_set_O":0.49477506,"data_set_VM":20.0},{"data_set_T":4.1220002,"data_set_IKCA":0.50873661,"data_set_O":0.49767318,"data_set_VM":20.0},{"data_set_T":4.1399999,"data_set_IKCA":0.51168156,"data_set_O":0.50055408,"data_set_VM":20.0},{"data_set_T":4.158,"data_set_IKCA":0.51460892,"data_set_O":0.50341779,"data_set_VM":20.0},{"data_set_T":4.1760001,"data_set_IKCA":0.51751888,"data_set_O":0.50626445,"data_set_VM":20.0},{"data_set_T":4.1939998,"data_set_IKCA":0.52041149,"data_set_O":0.50909418,"data_set_VM":20.0},{"data_set_T":4.2119999,"data_set_IKCA":0.52328688,"data_set_O":0.51190698,"data_set_VM":20.0},{"data_set_T":4.23,"data_set_IKCA":0.52614516,"data_set_O":0.51470309,"data_set_VM":20.0},{"data_set_T":4.2480001,"data_set_IKCA":0.52898639,"data_set_O":0.51748258,"data_set_VM":20.0},{"data_set_T":4.2659998,"data_set_IKCA":0.5318107,"data_set_O":0.52024543,"data_set_VM":20.0},{"data_set_T":4.2839999,"data_set_IKCA":0.53461814,"data_set_O":0.5229919,"data_set_VM":20.0},{"data_set_T":4.302,"data_set_IKCA":0.53740895,"data_set_O":0.52572197,"data_set_VM":20.0},{"data_set_T":4.3200002,"data_set_IKCA":0.54018307,"data_set_O":0.52843577,"data_set_VM":20.0},{"data_set_T":4.3379998,"data_set_IKCA":0.54294068,"data_set_O":0.53113341,"data_set_VM":20.0},{"data_set_T":4.3559999,"data_set_IKCA":0.54568189,"data_set_O":0.53381503,"data_set_VM":20.0},{"data_set_T":4.3740001,"data_set_IKCA":0.54840678,"data_set_O":0.53648061,"data_set_VM":20.0},{"data_set_T":4.3920002,"data_set_IKCA":0.55111539,"data_set_O":0.53913033,"data_set_VM":20.0},{"data_set_T":4.4099998,"data_set_IKCA":0.55380791,"data_set_O":0.54176432,"data_set_VM":20.0},{"data_set_T":4.428,"data_set_IKCA":0.55648434,"data_set_O":0.54438257,"data_set_VM":20.0},{"data_set_T":4.4460001,"data_set_IKCA":0.55914491,"data_set_O":0.54698521,"data_set_VM":20.0},{"data_set_T":4.4640002,"data_set_IKCA":0.56178957,"data_set_O":0.54957241,"data_set_VM":20.0},{"data_set_T":4.4819999,"data_set_IKCA":0.56441849,"data_set_O":0.55214411,"data_set_VM":20.0},{"data_set_T":4.5,"data_set_IKCA":0.56703174,"data_set_O":0.55470055,"data_set_VM":20.0},{"data_set_T":4.5180001,"data_set_IKCA":0.56962949,"data_set_O":0.5572418,"data_set_VM":20.0},{"data_set_T":4.5359998,"data_set_IKCA":0.57221168,"data_set_O":0.55976784,"data_set_VM":20.0},{"data_set_T":4.5539999,"data_set_IKCA":0.57477856,"data_set_O":0.56227887,"data_set_VM":20.0},{"data_set_T":4.572,"data_set_IKCA":0.57733011,"data_set_O":0.56477493,"data_set_VM":20.0},{"data_set_T":4.5900002,"data_set_IKCA":0.57986647,"data_set_O":0.56725615,"data_set_VM":20.0},{"data_set_T":4.6079998,"data_set_IKCA":0.58238775,"data_set_O":0.56972259,"data_set_VM":20.0},{"data_set_T":4.6259999,"data_set_IKCA":0.58489394,"data_set_O":0.57217431,"data_set_VM":20.0},{"data_set_T":4.6440001,"data_set_IKCA":0.5873853,"data_set_O":0.57461149,"data_set_VM":20.0},{"data_set_T":4.6620002,"data_set_IKCA":0.58986175,"data_set_O":0.57703406,"data_set_VM":20.0},{"data_set_T":4.6799998,"data_set_IKCA":0.59232348,"data_set_O":0.57944226,"data_set_VM":20.0},{"data_set_T":4.698,"data_set_IKCA":0.59477055,"data_set_O":0.5818361,"data_set_VM":20.0},{"data_set_T":4.7160001,"data_set_IKCA":0.59720302,"data_set_O":0.5842157,"data_set_VM":20.0},{"data_set_T":4.7340002,"data_set_IKCA":0.599621,"data_set_O":0.58658111,"data_set_VM":20.0},{"data_set_T":4.7519999,"data_set_IKCA":0.60202461,"data_set_O":0.58893239,"data_set_VM":20.0},{"data_set_T":4.77,"data_set_IKCA":0.60441387,"data_set_O":0.59126973,"data_set_VM":20.0},{"data_set_T":4.7880001,"data_set_IKCA":0.60678893,"data_set_O":0.59359312,"data_set_VM":20.0},{"data_set_T":4.8060002,"data_set_IKCA":0.60914981,"data_set_O":0.59590268,"data_set_VM":20.0},{"data_set_T":4.8239999,"data_set_IKCA":0.61149663,"data_set_O":0.59819847,"data_set_VM":20.0},{"data_set_T":4.842,"data_set_IKCA":0.61382949,"data_set_O":0.60048062,"data_set_VM":20.0},{"data_set_T":4.8600001,"data_set_IKCA":0.61614847,"data_set_O":0.60274917,"data_set_VM":20.0},{"data_set_T":4.8779998,"data_set_IKCA":0.61845362,"data_set_O":0.60500419,"data_set_VM":20.0},{"data_set_T":4.8959999,"data_set_IKCA":0.62074506,"data_set_O":0.60724574,"data_set_VM":20.0},{"data_set_T":4.914,"data_set_IKCA":0.62302279,"data_set_O":0.609474,"data_set_VM":20.0},{"data_set_T":4.9320002,"data_set_IKCA":0.62528706,"data_set_O":0.61168897,"data_set_VM":20.0},{"data_set_T":4.9499998,"data_set_IKCA":0.62753773,"data_set_O":0.61389077,"data_set_VM":20.0},{"data_set_T":4.9679999,"data_set_IKCA":0.62977505,"data_set_O":0.61607939,"data_set_VM":20.0},{"data_set_T":4.9860001,"data_set_IKCA":0.63199908,"data_set_O":0.61825502,"data_set_VM":20.0},{"data_set_T":5.0040002,"data_set_IKCA":0.63420981,"data_set_O":0.62041771,"data_set_VM":20.0},{"data_set_T":5.0219998,"data_set_IKCA":0.63640738,"data_set_O":0.62256747,"data_set_VM":20.0},{"data_set_T":5.04,"data_set_IKCA":0.63859183,"data_set_O":0.62470442,"data_set_VM":20.0},{"data_set_T":5.0580001,"data_set_IKCA":0.64076334,"data_set_O":0.62682867,"data_set_VM":20.0},{"data_set_T":5.0760002,"data_set_IKCA":0.64292186,"data_set_O":0.62894028,"data_set_VM":20.0},{"data_set_T":5.0939999,"data_set_IKCA":0.64506751,"data_set_O":0.63103932,"data_set_VM":20.0},{"data_set_T":5.112,"data_set_IKCA":0.64720047,"data_set_O":0.63312584,"data_set_VM":20.0},{"data_set_T":5.1300001,"data_set_IKCA":0.64932066,"data_set_O":0.6351999,"data_set_VM":20.0},{"data_set_T":5.1479998,"data_set_IKCA":0.65142822,"data_set_O":0.63726169,"data_set_VM":20.0},{"data_set_T":5.1659999,"data_set_IKCA":0.65352321,"data_set_O":0.63931113,"data_set_VM":20.0},{"data_set_T":5.184,"data_set_IKCA":0.65560579,"data_set_O":0.64134836,"data_set_VM":20.0},{"data_set_T":5.2020001,"data_set_IKCA":0.65767592,"data_set_O":0.64337349,"data_set_VM":20.0},{"data_set_T":5.2199998,"data_set_IKCA":0.65973371,"data_set_O":0.64538652,"data_set_VM":20.0},{"data_set_T":5.2379999,"data_set_IKCA":0.66177922,"data_set_O":0.64738762,"data_set_VM":20.0},{"data_set_T":5.256,"data_set_IKCA":0.66381264,"data_set_O":0.64937675,"data_set_VM":20.0},{"data_set_T":5.2740002,"data_set_IKCA":0.66583389,"data_set_O":0.65135401,"data_set_VM":20.0},{"data_set_T":5.2919998,"data_set_IKCA":0.6678431,"data_set_O":0.65331954,"data_set_VM":20.0},{"data_set_T":5.3099999,"data_set_IKCA":0.66984034,"data_set_O":0.65527338,"data_set_VM":20.0},{"data_set_T":5.3280001,"data_set_IKCA":0.67182565,"data_set_O":0.65721554,"data_set_VM":20.0},{"data_set_T":5.3460002,"data_set_IKCA":0.67379922,"data_set_O":0.65914613,"data_set_VM":20.0},{"data_set_T":5.3639998,"data_set_IKCA":0.67576098,"data_set_O":0.66106522,"data_set_VM":20.0},{"data_set_T":5.382,"data_set_IKCA":0.67771107,"data_set_O":0.66297293,"data_set_VM":20.0},{"data_set_T":5.4000001,"data_set_IKCA":0.67964953,"data_set_O":0.66486925,"data_set_VM":20.0},{"data_set_T":5.4180002,"data_set_IKCA":0.68157643,"data_set_O":0.66675425,"data_set_VM":20.0},{"data_set_T":5.4359999,"data_set_IKCA":0.68349189,"data_set_O":0.66862804,"data_set_VM":20.0},{"data_set_T":5.454,"data_set_IKCA":0.6853959,"data_set_O":0.67049068,"data_set_VM":20.0},{"data_set_T":5.4720001,"data_set_IKCA":0.68728864,"data_set_O":0.67234224,"data_set_VM":20.0},{"data_set_T":5.4899998,"data_set_IKCA":0.68917006,"data_set_O":0.67418271,"data_set_VM":20.0},{"data_set_T":5.5079999,"data_set_IKCA":0.69104028,"data_set_O":0.67601228,"data_set_VM":20.0},{"data_set_T":5.526,"data_set_IKCA":0.69289935,"data_set_O":0.67783093,"data_set_VM":20.0},{"data_set_T":5.5440001,"data_set_IKCA":0.69474733,"data_set_O":0.67963874,"data_set_VM":20.0},{"data_set_T":5.5619998,"data_set_IKCA":0.69658434,"data_set_O":0.68143576,"data_set_VM":20.0},{"data_set_T":5.5799999,"data_set_IKCA":0.69841039,"data_set_O":0.68322212,"data_set_VM":20.0},{"data_set_T":5.598,"data_set_IKCA":0.70022559,"data_set_O":0.68499786,"data_set_VM":20.0},{"data_set_T":5.6160002,"data_set_IKCA":0.70202994,"data_set_O":0.68676293,"data_set_VM":20.0},{"data_set_T":5.6339998,"data_set_IKCA":0.70382357,"data_set_O":0.68851757,"data_set_VM":20.0},{"data_set_T":5.652,"data_set_IKCA":0.70560652,"data_set_O":0.69026172,"data_set_VM":20.0},{"data_set_T":5.6700001,"data_set_IKCA":0.7073788,"data_set_O":0.6919955,"data_set_VM":20.0},{"data_set_T":5.6880002,"data_set_IKCA":0.7091406,"data_set_O":0.69371897,"data_set_VM":20.0},{"data_set_T":5.7059999,"data_set_IKCA":0.71089184,"data_set_O":0.69543213,"data_set_VM":20.0},{"data_set_T":5.724,"data_set_IKCA":0.71263266,"data_set_O":0.69713509,"data_set_VM":20.0},{"data_set_T":5.7420001,"data_set_IKCA":0.71436316,"data_set_O":0.69882798,"data_set_VM":20.0},{"data_set_T":5.7600002,"data_set_IKCA":0.71608329,"data_set_O":0.70051068,"data_set_VM":20.0},{"data_set_T":5.7779999,"data_set_IKCA":0.71779323,"data_set_O":0.70218343,"data_set_VM":20.0},{"data_set_T":5.796,"data_set_IKCA":0.71949297,"data_set_O":0.70384622,"data_set_VM":20.0},{"data_set_T":5.8140001,"data_set_IKCA":0.72118258,"data_set_O":0.70549905,"data_set_VM":20.0},{"data_set_T":5.8319998,"data_set_IKCA":0.72286212,"data_set_O":0.70714206,"data_set_VM":20.0},{"data_set_T":5.8499999,"data_set_IKCA":0.72453165,"data_set_O":0.70877534,"data_set_VM":20.0},{"data_set_T":5.868,"data_set_IKCA":0.72619122,"data_set_O":0.71039879,"data_set_VM":20.0},{"data_set_T":5.8860002,"data_set_IKCA":0.72784096,"data_set_O":0.71201265,"data_set_VM":20.0},{"data_set_T":5.9039998,"data_set_IKCA":0.7294808,"data_set_O":0.71361685,"data_set_VM":20.0},{"data_set_T":5.9219999,"data_set_IKCA":0.73111093,"data_set_O":0.71521151,"data_set_VM":20.0},{"data_set_T":5.9400001,"data_set_IKCA":0.73273134,"data_set_O":0.7167967,"data_set_VM":20.0},{"data_set_T":5.9580002,"data_set_IKCA":0.7343421,"data_set_O":0.7183724,"data_set_VM":20.0},{"data_set_T":5.9759998,"data_set_IKCA":0.73594326,"data_set_O":0.71993876,"data_set_VM":20.0},{"data_set_T":5.994,"data_set_IKCA":0.73753488,"data_set_O":0.72149581,"data_set_VM":20.0},{"data_set_T":6.0120001,"data_set_IKCA":0.73911703,"data_set_O":0.7230435,"data_set_VM":20.0},{"data_set_T":6.0300002,"data_set_IKCA":0.74068975,"data_set_O":0.72458202,"data_set_VM":20.0},{"data_set_T":6.0479999,"data_set_IKCA":0.74225312,"data_set_O":0.72611141,"data_set_VM":20.0},{"data_set_T":6.066,"data_set_IKCA":0.74380714,"data_set_O":0.72763163,"data_set_VM":20.0},{"data_set_T":6.0840001,"data_set_IKCA":0.74535191,"data_set_O":0.72914284,"data_set_VM":20.0},{"data_set_T":6.1020002,"data_set_IKCA":0.74688751,"data_set_O":0.730645,"data_set_VM":20.0},{"data_set_T":6.1199999,"data_set_IKCA":0.74841392,"data_set_O":0.73213828,"data_set_VM":20.0},{"data_set_T":6.138,"data_set_IKCA":0.74993128,"data_set_O":0.73362261,"data_set_VM":20.0},{"data_set_T":6.1560001,"data_set_IKCA":0.75143963,"data_set_O":0.73509812,"data_set_VM":20.0},{"data_set_T":6.1739998,"data_set_IKCA":0.75293893,"data_set_O":0.73656482,"data_set_VM":20.0},{"data_set_T":6.1919999,"data_set_IKCA":0.75442934,"data_set_O":0.7380228,"data_set_VM":20.0},{"data_set_T":6.21,"data_set_IKCA":0.75591081,"data_set_O":0.73947209,"data_set_VM":20.0},{"data_set_T":6.2280002,"data_set_IKCA":0.75738353,"data_set_O":0.7409128,"data_set_VM":20.0},{"data_set_T":6.2459998,"data_set_IKCA":0.75884748,"data_set_O":0.74234486,"data_set_VM":20.0},{"data_set_T":6.2639999,"data_set_IKCA":0.76030266,"data_set_O":0.74376839,"data_set_VM":20.0},{"data_set_T":6.2820001,"data_set_IKCA":0.76174921,"data_set_O":0.74518347,"data_set_VM":20.0},{"data_set_T":6.3000002,"data_set_IKCA":0.76318711,"data_set_O":0.74659014,"data_set_VM":20.0},{"data_set_T":6.3179998,"data_set_IKCA":0.76461643,"data_set_O":0.7479884,"data_set_VM":20.0},{"data_set_T":6.336,"data_set_IKCA":0.76603729,"data_set_O":0.74937832,"data_set_VM":20.0},{"data_set_T":6.3540001,"data_set_IKCA":0.76744968,"data_set_O":0.75076002,"data_set_VM":20.0},{"data_set_T":6.3720002,"data_set_IKCA":0.7688536,"data_set_O":0.75213343,"data_set_VM":20.0},{"data_set_T":6.3899999,"data_set_IKCA":0.77024925,"data_set_O":0.75349867,"data_set_VM":20.0},{"data_set_T":6.408,"data_set_IKCA":0.77163655,"data_set_O":0.75485581,"data_set_VM":20.0},{"data_set_T":6.4260001,"data_set_IKCA":0.77301556,"data_set_O":0.75620484,"data_set_VM":20.0},{"data_set_T":6.4439998,"data_set_IKCA":0.77438635,"data_set_O":0.75754583,"data_set_VM":20.0},{"data_set_T":6.4619999,"data_set_IKCA":0.77574903,"data_set_O":0.75887889,"data_set_VM":20.0},{"data_set_T":6.48,"data_set_IKCA":0.77710354,"data_set_O":0.76020396,"data_set_VM":20.0},{"data_set_T":6.4980001,"data_set_IKCA":0.77845001,"data_set_O":0.7615211,"data_set_VM":20.0},{"data_set_T":6.5159998,"data_set_IKCA":0.77978843,"data_set_O":0.76283044,"data_set_VM":20.0},{"data_set_T":6.5339999,"data_set_IKCA":0.78111893,"data_set_O":0.76413202,"data_set_VM":20.0},{"data_set_T":6.552,"data_set_IKCA":0.78244144,"data_set_O":0.7654258,"data_set_VM":20.0},{"data_set_T":6.5700002,"data_set_IKCA":0.78375614,"data_set_O":0.76671183,"data_set_VM":20.0},{"data_set_T":6.5879998,"data_set_IKCA":0.78506297,"data_set_O":0.76799029,"data_set_VM":20.0},{"data_set_T":6.6059999,"data_set_IKCA":0.78636205,"data_set_O":0.76926106,"data_set_VM":20.0},{"data_set_T":6.6240001,"data_set_IKCA":0.78765333,"data_set_O":0.77052432,"data_set_VM":20.0},{"data_set_T":6.6420002,"data_set_IKCA":0.78893697,"data_set_O":0.77178001,"data_set_VM":20.0},{"data_set_T":6.6599998,"data_set_IKCA":0.79021293,"data_set_O":0.77302825,"data_set_VM":20.0},{"data_set_T":6.678,"data_set_IKCA":0.79148132,"data_set_O":0.77426904,"data_set_VM":20.0},{"data_set_T":6.6960001,"data_set_IKCA":0.79274213,"data_set_O":0.77550244,"data_set_VM":20.0},{"data_set_T":6.7140002,"data_set_IKCA":0.7939955,"data_set_O":0.77672851,"data_set_VM":20.0},{"data_set_T":6.7319999,"data_set_IKCA":0.7952413,"data_set_O":0.77794731,"data_set_VM":20.0},{"data_set_T":6.75,"data_set_IKCA":0.79647976,"data_set_O":0.77915877,"data_set_VM":20.0},{"data_set_T":6.7680001,"data_set_IKCA":0.79771084,"data_set_O":0.78036308,"data_set_VM":20.0},{"data_set_T":6.7859998,"data_set_IKCA":0.79893452,"data_set_O":0.78156018,"data_set_VM":20.0},{"data_set_T":6.8039999,"data_set_IKCA":0.80015093,"data_set_O":0.78275013,"data_set_VM":20.0},{"data_set_T":6.822,"data_set_IKCA":0.80136013,"data_set_O":0.78393304,"data_set_VM":20.0},{"data_set_T":6.8400002,"data_set_IKCA":0.80256212,"data_set_O":0.78510886,"data_set_VM":20.0},{"data_set_T":6.8579998,"data_set_IKCA":0.80375695,"data_set_O":0.78627771,"data_set_VM":20.0},{"data_set_T":6.8759999,"data_set_IKCA":0.80494469,"data_set_O":0.78743958,"data_set_VM":20.0},{"data_set_T":6.8940001,"data_set_IKCA":0.80612528,"data_set_O":0.78859454,"data_set_VM":20.0},{"data_set_T":6.9120002,"data_set_IKCA":0.8072989,"data_set_O":0.78974265,"data_set_VM":20.0},{"data_set_T":6.9299998,"data_set_IKCA":0.80846554,"data_set_O":0.7908839,"data_set_VM":20.0},{"data_set_T":6.948,"data_set_IKCA":0.80962521,"data_set_O":0.79201835,"data_set_VM":20.0},{"data_set_T":6.9660001,"data_set_IKCA":0.81077796,"data_set_O":0.79314601,"data_set_VM":20.0},{"data_set_T":6.9840002,"data_set_IKCA":0.8119238,"data_set_O":0.794267,"data_set_VM":20.0},{"data_set_T":7.0019999,"data_set_IKCA":0.81306291,"data_set_O":0.79538131,"data_set_VM":20.0},{"data_set_T":7.02,"data_set_IKCA":0.81419516,"data_set_O":0.79648894,"data_set_VM":20.0},{"data_set_T":7.0380001,"data_set_IKCA":0.81532073,"data_set_O":0.79759002,"data_set_VM":20.0},{"data_set_T":7.0560002,"data_set_IKCA":0.81643957,"data_set_O":0.79868448,"data_set_VM":20.0},{"data_set_T":7.0739999,"data_set_IKCA":0.81755173,"data_set_O":0.7997725,"data_set_VM":20.0},{"data_set_T":7.092,"data_set_IKCA":0.81865728,"data_set_O":0.80085397,"data_set_VM":20.0},{"data_set_T":7.1100001,"data_set_IKCA":0.81975621,"data_set_O":0.80192906,"data_set_VM":20.0},{"data_set_T":7.1279998,"data_set_IKCA":0.82084864,"data_set_O":0.80299771,"data_set_VM":20.0},{"data_set_T":7.1459999,"data_set_IKCA":0.82193452,"data_set_O":0.80405998,"data_set_VM":20.0},{"data_set_T":7.164,"data_set_IKCA":0.82301396,"data_set_O":0.80511594,"data_set_VM":20.0},{"data_set_T":7.1820002,"data_set_IKCA":0.82408696,"data_set_O":0.80616564,"data_set_VM":20.0},{"data_set_T":7.1999998,"data_set_IKCA":0.82515359,"data_set_O":0.80720907,"data_set_VM":20.0},{"data_set_T":7.2179999,"data_set_IKCA":0.82621384,"data_set_O":0.80824625,"data_set_VM":20.0},{"data_set_T":7.2360001,"data_set_IKCA":0.82726783,"data_set_O":0.8092773,"data_set_VM":20.0},{"data_set_T":7.2540002,"data_set_IKCA":0.8283155,"data_set_O":0.8103022,"data_set_VM":20.0},{"data_set_T":7.2719998,"data_set_IKCA":0.82935691,"data_set_O":0.81132096,"data_set_VM":20.0},{"data_set_T":7.29,"data_set_IKCA":0.83039212,"data_set_O":0.8123337,"data_set_VM":20.0},{"data_set_T":7.3080001,"data_set_IKCA":0.8314212,"data_set_O":0.81334037,"data_set_VM":20.0},{"data_set_T":7.3260002,"data_set_IKCA":0.83244413,"data_set_O":0.81434107,"data_set_VM":20.0},{"data_set_T":7.3439999,"data_set_IKCA":0.83346099,"data_set_O":0.81533581,"data_set_VM":20.0},{"data_set_T":7.362,"data_set_IKCA":0.83447176,"data_set_O":0.81632459,"data_set_VM":20.0},{"data_set_T":7.3800001,"data_set_IKCA":0.83547652,"data_set_O":0.81730747,"data_set_VM":20.0},{"data_set_T":7.3979998,"data_set_IKCA":0.83647531,"data_set_O":0.81828457,"data_set_VM":20.0},{"data_set_T":7.4159999,"data_set_IKCA":0.83746815,"data_set_O":0.81925577,"data_set_VM":20.0},{"data_set_T":7.434,"data_set_IKCA":0.83845508,"data_set_O":0.82022125,"data_set_VM":20.0},{"data_set_T":7.4520001,"data_set_IKCA":0.83943611,"data_set_O":0.82118094,"data_set_VM":20.0},{"data_set_T":7.4699998,"data_set_IKCA":0.84041131,"data_set_O":0.82213497,"data_set_VM":20.0},{"data_set_T":7.4879999,"data_set_IKCA":0.84138066,"data_set_O":0.82308322,"data_set_VM":20.0},{"data_set_T":7.506,"data_set_IKCA":0.84234428,"data_set_O":0.82402593,"data_set_VM":20.0},{"data_set_T":7.5240002,"data_set_IKCA":0.84330219,"data_set_O":0.82496297,"data_set_VM":20.0},{"data_set_T":7.5419998,"data_set_IKCA":0.84425431,"data_set_O":0.82589442,"data_set_VM":20.0},{"data_set_T":7.5599999,"data_set_IKCA":0.84520084,"data_set_O":0.82682031,"data_set_VM":20.0},{"data_set_T":7.5780001,"data_set_IKCA":0.8461417,"data_set_O":0.82774073,"data_set_VM":20.0},{"data_set_T":7.5960002,"data_set_IKCA":0.84707695,"data_set_O":0.82865566,"data_set_VM":20.0},{"data_set_T":7.6139998,"data_set_IKCA":0.84800661,"data_set_O":0.82956511,"data_set_VM":20.0},{"data_set_T":7.632,"data_set_IKCA":0.84893078,"data_set_O":0.83046913,"data_set_VM":20.0},{"data_set_T":7.6500001,"data_set_IKCA":0.8498494,"data_set_O":0.83136779,"data_set_VM":20.0},{"data_set_T":7.6680002,"data_set_IKCA":0.85076261,"data_set_O":0.83226115,"data_set_VM":20.0},{"data_set_T":7.6859999,"data_set_IKCA":0.85167032,"data_set_O":0.83314914,"data_set_VM":20.0},{"data_set_T":7.704,"data_set_IKCA":0.85257262,"data_set_O":0.83403182,"data_set_VM":20.0},{"data_set_T":7.7220001,"data_set_IKCA":0.85346961,"data_set_O":0.83490926,"data_set_VM":20.0},{"data_set_T":7.7399998,"data_set_IKCA":0.85436118,"data_set_O":0.83578151,"data_set_VM":20.0},{"data_set_T":7.7579999,"data_set_IKCA":0.8552475,"data_set_O":0.83664852,"data_set_VM":20.0},{"data_set_T":7.776,"data_set_IKCA":0.85612851,"data_set_O":0.83751035,"data_set_VM":20.0},{"data_set_T":7.7940001,"data_set_IKCA":0.85700428,"data_set_O":0.8383671,"data_set_VM":20.0},{"data_set_T":7.8119998,"data_set_IKCA":0.85787487,"data_set_O":0.83921874,"data_set_VM":20.0},{"data_set_T":7.8299999,"data_set_IKCA":0.85874021,"data_set_O":0.84006524,"data_set_VM":20.0},{"data_set_T":7.848,"data_set_IKCA":0.85960042,"data_set_O":0.8409068,"data_set_VM":20.0},{"data_set_T":7.8660002,"data_set_IKCA":0.86045551,"data_set_O":0.84174329,"data_set_VM":20.0},{"data_set_T":7.8839998,"data_set_IKCA":0.86130553,"data_set_O":0.84257478,"data_set_VM":20.0},{"data_set_T":7.902,"data_set_IKCA":0.86215043,"data_set_O":0.84340137,"data_set_VM":20.0},{"data_set_T":7.9200001,"data_set_IKCA":0.86299038,"data_set_O":0.84422296,"data_set_VM":20.0},{"data_set_T":7.9380002,"data_set_IKCA":0.86382526,"data_set_O":0.84503973,"data_set_VM":20.0},{"data_set_T":7.9559999,"data_set_IKCA":0.8646552,"data_set_O":0.8458516,"data_set_VM":20.0},{"data_set_T":7.974,"data_set_IKCA":0.86548018,"data_set_O":0.84665865,"data_set_VM":20.0},{"data_set_T":7.9920001,"data_set_IKCA":0.86630023,"data_set_O":0.84746087,"data_set_VM":20.0},{"data_set_T":8.0100002,"data_set_IKCA":0.86711544,"data_set_O":0.84825832,"data_set_VM":20.0},{"data_set_T":8.0279999,"data_set_IKCA":0.86792576,"data_set_O":0.84905106,"data_set_VM":20.0},{"data_set_T":8.0459995,"data_set_IKCA":0.86873126,"data_set_O":0.84983903,"data_set_VM":20.0},{"data_set_T":8.0640001,"data_set_IKCA":0.86953199,"data_set_O":0.85062236,"data_set_VM":20.0},{"data_set_T":8.0819998,"data_set_IKCA":0.87032789,"data_set_O":0.85140097,"data_set_VM":20.0},{"data_set_T":8.1000004,"data_set_IKCA":0.87111908,"data_set_O":0.85217494,"data_set_VM":20.0},{"data_set_T":8.118,"data_set_IKCA":0.87190557,"data_set_O":0.85294431,"data_set_VM":20.0},{"data_set_T":8.1359997,"data_set_IKCA":0.8726874,"data_set_O":0.8537091,"data_set_VM":20.0},{"data_set_T":8.1540003,"data_set_IKCA":0.87346452,"data_set_O":0.85446936,"data_set_VM":20.0},{"data_set_T":8.1719999,"data_set_IKCA":0.87423706,"data_set_O":0.85522509,"data_set_VM":20.0},{"data_set_T":8.1899996,"data_set_IKCA":0.87500495,"data_set_O":0.85597628,"data_set_VM":20.0},{"data_set_T":8.2080002,"data_set_IKCA":0.8757683,"data_set_O":0.85672301,"data_set_VM":20.0},{"data_set_T":8.2259998,"data_set_IKCA":0.87652707,"data_set_O":0.85746533,"data_set_VM":20.0},{"data_set_T":8.2440004,"data_set_IKCA":0.87728137,"data_set_O":0.85820317,"data_set_VM":20.0},{"data_set_T":8.2620001,"data_set_IKCA":0.87803113,"data_set_O":0.85893667,"data_set_VM":20.0},{"data_set_T":8.2799997,"data_set_IKCA":0.87877643,"data_set_O":0.85966575,"data_set_VM":20.0},{"data_set_T":8.2980003,"data_set_IKCA":0.87951732,"data_set_O":0.86039054,"data_set_VM":20.0},{"data_set_T":8.316,"data_set_IKCA":0.88025379,"data_set_O":0.86111099,"data_set_VM":20.0},{"data_set_T":8.3339996,"data_set_IKCA":0.88098586,"data_set_O":0.86182714,"data_set_VM":20.0},{"data_set_T":8.3520002,"data_set_IKCA":0.88171357,"data_set_O":0.86253899,"data_set_VM":20.0},{"data_set_T":8.3699999,"data_set_IKCA":0.88243693,"data_set_O":0.86324668,"data_set_VM":20.0},{"data_set_T":8.3879995,"data_set_IKCA":0.883156,"data_set_O":0.86395013,"data_set_VM":20.0},{"data_set_T":8.4060001,"data_set_IKCA":0.88387078,"data_set_O":0.86464936,"data_set_VM":20.0},{"data_set_T":8.4239998,"data_set_IKCA":0.88458133,"data_set_O":0.86534441,"data_set_VM":20.0},{"data_set_T":8.4420004,"data_set_IKCA":0.88528764,"data_set_O":0.86603534,"data_set_VM":20.0},{"data_set_T":8.46,"data_set_IKCA":0.88598973,"data_set_O":0.86672217,"data_set_VM":20.0},{"data_set_T":8.4779997,"data_set_IKCA":0.88668764,"data_set_O":0.86740494,"data_set_VM":20.0},{"data_set_T":8.4960003,"data_set_IKCA":0.88738137,"data_set_O":0.8680836,"data_set_VM":20.0},{"data_set_T":8.5139999,"data_set_IKCA":0.888071,"data_set_O":0.8687582,"data_set_VM":20.0},{"data_set_T":8.5319996,"data_set_IKCA":0.88875651,"data_set_O":0.86942881,"data_set_VM":20.0},{"data_set_T":8.5500002,"data_set_IKCA":0.88943797,"data_set_O":0.87009543,"data_set_VM":20.0},{"data_set_T":8.5679998,"data_set_IKCA":0.89011532,"data_set_O":0.87075806,"data_set_VM":20.0},{"data_set_T":8.5860004,"data_set_IKCA":0.89078867,"data_set_O":0.87141675,"data_set_VM":20.0},{"data_set_T":8.6040001,"data_set_IKCA":0.89145797,"data_set_O":0.87207156,"data_set_VM":20.0},{"data_set_T":8.6219997,"data_set_IKCA":0.89212334,"data_set_O":0.87272239,"data_set_VM":20.0},{"data_set_T":8.6400003,"data_set_IKCA":0.89278471,"data_set_O":0.8733694,"data_set_VM":20.0},{"data_set_T":8.658,"data_set_IKCA":0.89344215,"data_set_O":0.87401253,"data_set_VM":20.0},{"data_set_T":8.6759996,"data_set_IKCA":0.89409566,"data_set_O":0.87465185,"data_set_VM":20.0},{"data_set_T":8.6940002,"data_set_IKCA":0.89474529,"data_set_O":0.87528735,"data_set_VM":20.0},{"data_set_T":8.7119999,"data_set_IKCA":0.89539105,"data_set_O":0.87591904,"data_set_VM":20.0},{"data_set_T":8.7299995,"data_set_IKCA":0.89603299,"data_set_O":0.87654704,"data_set_VM":20.0},{"data_set_T":8.7480001,"data_set_IKCA":0.89667106,"data_set_O":0.87717122,"data_set_VM":20.0},{"data_set_T":8.7659998,"data_set_IKCA":0.89730537,"data_set_O":0.87779176,"data_set_VM":20.0},{"data_set_T":8.7840004,"data_set_IKCA":0.89793587,"data_set_O":0.87840855,"data_set_VM":20.0},{"data_set_T":8.802,"data_set_IKCA":0.89856261,"data_set_O":0.87902164,"data_set_VM":20.0},{"data_set_T":8.8199997,"data_set_IKCA":0.89918566,"data_set_O":0.87963116,"data_set_VM":20.0},{"data_set_T":8.8380003,"data_set_IKCA":0.89980495,"data_set_O":0.88023698,"data_set_VM":20.0},{"data_set_T":8.8559999,"data_set_IKCA":0.90042061,"data_set_O":0.88083923,"data_set_VM":20.0},{"data_set_T":8.8739996,"data_set_IKCA":0.90103257,"data_set_O":0.88143784,"data_set_VM":20.0},{"data_set_T":8.8920002,"data_set_IKCA":0.90164083,"data_set_O":0.88203293,"data_set_VM":20.0},{"data_set_T":8.9099998,"data_set_IKCA":0.90224552,"data_set_O":0.88262451,"data_set_VM":20.0},{"data_set_T":8.9280005,"data_set_IKCA":0.90284663,"data_set_O":0.88321251,"data_set_VM":20.0},{"data_set_T":8.9460001,"data_set_IKCA":0.90344411,"data_set_O":0.88379699,"data_set_VM":20.0},{"data_set_T":8.9639997,"data_set_IKCA":0.90403807,"data_set_O":0.88437802,"data_set_VM":20.0},{"data_set_T":8.9820004,"data_set_IKCA":0.90462852,"data_set_O":0.88495559,"data_set_VM":20.0},{"data_set_T":9.0,"data_set_IKCA":0.90521538,"data_set_O":0.88552976,"data_set_VM":20.0},{"data_set_T":9.0179996,"data_set_IKCA":0.90579879,"data_set_O":0.88610047,"data_set_VM":20.0},{"data_set_T":9.0360003,"data_set_IKCA":0.90637869,"data_set_O":0.88666779,"data_set_VM":20.0},{"data_set_T":9.0539999,"data_set_IKCA":0.90695518,"data_set_O":0.88723171,"data_set_VM":20.0},{"data_set_T":9.0719995,"data_set_IKCA":0.90752822,"data_set_O":0.88779229,"data_set_VM":20.0},{"data_set_T":9.0900002,"data_set_IKCA":0.9080978,"data_set_O":0.88834953,"data_set_VM":20.0},{"data_set_T":9.1079998,"data_set_IKCA":0.90866405,"data_set_O":0.88890344,"data_set_VM":20.0},{"data_set_T":9.1260004,"data_set_IKCA":0.90922689,"data_set_O":0.88945401,"data_set_VM":20.0},{"data_set_T":9.1440001,"data_set_IKCA":0.9097864,"data_set_O":0.89000136,"data_set_VM":20.0},{"data_set_T":9.1619997,"data_set_IKCA":0.91034257,"data_set_O":0.89054543,"data_set_VM":20.0},{"data_set_T":9.1800003,"data_set_IKCA":0.91089547,"data_set_O":0.89108628,"data_set_VM":20.0},{"data_set_T":9.198,"data_set_IKCA":0.91144502,"data_set_O":0.89162391,"data_set_VM":20.0},{"data_set_T":9.2159996,"data_set_IKCA":0.9119913,"data_set_O":0.89215833,"data_set_VM":20.0},{"data_set_T":9.2340002,"data_set_IKCA":0.91253436,"data_set_O":0.89268953,"data_set_VM":20.0},{"data_set_T":9.2519999,"data_set_IKCA":0.91307414,"data_set_O":0.89321762,"data_set_VM":20.0},{"data_set_T":9.2700005,"data_set_IKCA":0.91361076,"data_set_O":0.8937425,"data_set_VM":20.0},{"data_set_T":9.2880001,"data_set_IKCA":0.9141441,"data_set_O":0.89426434,"data_set_VM":20.0},{"data_set_T":9.3059998,"data_set_IKCA":0.91467434,"data_set_O":0.89478302,"data_set_VM":20.0},{"data_set_T":9.3240004,"data_set_IKCA":0.91520143,"data_set_O":0.8952986,"data_set_VM":20.0},{"data_set_T":9.342,"data_set_IKCA":0.91572529,"data_set_O":0.89581114,"data_set_VM":20.0},{"data_set_T":9.3599997,"data_set_IKCA":0.91624612,"data_set_O":0.89632058,"data_set_VM":20.0},{"data_set_T":9.3780003,"data_set_IKCA":0.91676384,"data_set_O":0.89682704,"data_set_VM":20.0},{"data_set_T":9.3959999,"data_set_IKCA":0.91727841,"data_set_O":0.89733046,"data_set_VM":20.0},{"data_set_T":9.4139996,"data_set_IKCA":0.91779,"data_set_O":0.8978309,"data_set_VM":20.0},{"data_set_T":9.4320002,"data_set_IKCA":0.91829848,"data_set_O":0.8983283,"data_set_VM":20.0},{"data_set_T":9.4499998,"data_set_IKCA":0.91880393,"data_set_O":0.89882278,"data_set_VM":20.0},{"data_set_T":9.4680004,"data_set_IKCA":0.9193064,"data_set_O":0.89931434,"data_set_VM":20.0},{"data_set_T":9.4860001,"data_set_IKCA":0.91980588,"data_set_O":0.89980292,"data_set_VM":20.0},{"data_set_T":9.5039997,"data_set_IKCA":0.92030239,"data_set_O":0.90028864,"data_set_VM":20.0},{"data_set_T":9.5220003,"data_set_IKCA":0.92079592,"data_set_O":0.90077144,"data_set_VM":20.0},{"data_set_T":9.54,"data_set_IKCA":0.92128652,"data_set_O":0.90125138,"data_set_VM":20.0},{"data_set_T":9.5579996,"data_set_IKCA":0.92177415,"data_set_O":0.90172845,"data_set_VM":20.0},{"data_set_T":9.5760002,"data_set_IKCA":0.92225891,"data_set_O":0.90220267,"data_set_VM":20.0},{"data_set_T":9.5939999,"data_set_IKCA":0.92274082,"data_set_O":0.90267408,"data_set_VM":20.0},{"data_set_T":9.6120005,"data_set_IKCA":0.92321986,"data_set_O":0.90314263,"data_set_VM":20.0},{"data_set_T":9.6300001,"data_set_IKCA":0.92369598,"data_set_O":0.90360844,"data_set_VM":20.0},{"data_set_T":9.6479998,"data_set_IKCA":0.9241693,"data_set_O":0.90407151,"data_set_VM":20.0},{"data_set_T":9.6660004,"data_set_IKCA":0.92463982,"data_set_O":0.90453178,"data_set_VM":20.0},{"data_set_T":9.684,"data_set_IKCA":0.92510754,"data_set_O":0.9049893,"data_set_VM":20.0},{"data_set_T":9.7019997,"data_set_IKCA":0.92557245,"data_set_O":0.90544409,"data_set_VM":20.0},{"data_set_T":9.7200003,"data_set_IKCA":0.92603457,"data_set_O":0.90589619,"data_set_VM":20.0},{"data_set_T":9.7379999,"data_set_IKCA":0.926494,"data_set_O":0.90634561,"data_set_VM":20.0},{"data_set_T":9.7559996,"data_set_IKCA":0.92695063,"data_set_O":0.90679234,"data_set_VM":20.0},{"data_set_T":9.7740002,"data_set_IKCA":0.92740458,"data_set_O":0.9072364,"data_set_VM":20.0},{"data_set_T":9.7919998,"data_set_IKCA":0.92785579,"data_set_O":0.90767783,"data_set_VM":20.0},{"data_set_T":9.8100004,"data_set_IKCA":0.92830437,"data_set_O":0.90811658,"data_set_VM":20.0},{"data_set_T":9.8280001,"data_set_IKCA":0.92875022,"data_set_O":0.90855277,"data_set_VM":20.0},{"data_set_T":9.8459997,"data_set_IKCA":0.92919344,"data_set_O":0.90898633,"data_set_VM":20.0},{"data_set_T":9.8640003,"data_set_IKCA":0.92963403,"data_set_O":0.90941733,"data_set_VM":20.0},{"data_set_T":9.882,"data_set_IKCA":0.93007195,"data_set_O":0.90984577,"data_set_VM":20.0},{"data_set_T":9.8999996,"data_set_IKCA":0.9305073,"data_set_O":0.91027164,"data_set_VM":20.0},{"data_set_T":9.9180002,"data_set_IKCA":0.93094009,"data_set_O":0.91069502,"data_set_VM":20.0},{"data_set_T":9.9359999,"data_set_IKCA":0.93137026,"data_set_O":0.91111583,"data_set_VM":20.0},{"data_set_T":9.9540005,"data_set_IKCA":0.93179786,"data_set_O":0.91153413,"data_set_VM":20.0},{"data_set_T":9.9720001,"data_set_IKCA":0.9322229,"data_set_O":0.91194993,"data_set_VM":20.0},{"data_set_T":9.9899998,"data_set_IKCA":0.93264544,"data_set_O":0.91236329,"data_set_VM":20.0},{"data_set_T":10.008,"data_set_IKCA":0.93306547,"data_set_O":0.91277421,"data_set_VM":20.0},{"data_set_T":10.026,"data_set_IKCA":0.933483,"data_set_O":0.91318262,"data_set_VM":20.0},{"data_set_T":10.044,"data_set_IKCA":0.93389803,"data_set_O":0.91358864,"data_set_VM":20.0},{"data_set_T":10.062,"data_set_IKCA":0.93431056,"data_set_O":0.91399223,"data_set_VM":20.0},{"data_set_T":10.08,"data_set_IKCA":0.9347207,"data_set_O":0.91439337,"data_set_VM":20.0},{"data_set_T":10.098,"data_set_IKCA":0.93512833,"data_set_O":0.91479218,"data_set_VM":20.0},{"data_set_T":10.116,"data_set_IKCA":0.93553358,"data_set_O":0.91518861,"data_set_VM":20.0},{"data_set_T":10.134,"data_set_IKCA":0.93593639,"data_set_O":0.91558266,"data_set_VM":20.0},{"data_set_T":10.152,"data_set_IKCA":0.93633682,"data_set_O":0.91597438,"data_set_VM":20.0},{"data_set_T":10.17,"data_set_IKCA":0.9367348,"data_set_O":0.91636372,"data_set_VM":20.0},{"data_set_T":10.188,"data_set_IKCA":0.93713051,"data_set_O":0.91675079,"data_set_VM":20.0},{"data_set_T":10.206,"data_set_IKCA":0.93752378,"data_set_O":0.91713554,"data_set_VM":20.0},{"data_set_T":10.224,"data_set_IKCA":0.93791473,"data_set_O":0.91751802,"data_set_VM":20.0},{"data_set_T":10.242,"data_set_IKCA":0.93830335,"data_set_O":0.91789818,"data_set_VM":20.0},{"data_set_T":10.26,"data_set_IKCA":0.93868971,"data_set_O":0.91827607,"data_set_VM":20.0},{"data_set_T":10.278,"data_set_IKCA":0.93907374,"data_set_O":0.91865176,"data_set_VM":20.0},{"data_set_T":10.296,"data_set_IKCA":0.93945545,"data_set_O":0.91902518,"data_set_VM":20.0},{"data_set_T":10.314,"data_set_IKCA":0.93983489,"data_set_O":0.9193964,"data_set_VM":20.0},{"data_set_T":10.332,"data_set_IKCA":0.94021207,"data_set_O":0.91976541,"data_set_VM":20.0},{"data_set_T":10.35,"data_set_IKCA":0.94058704,"data_set_O":0.92013216,"data_set_VM":20.0},{"data_set_T":10.368,"data_set_IKCA":0.94095975,"data_set_O":0.92049676,"data_set_VM":20.0},{"data_set_T":10.386,"data_set_IKCA":0.94133025,"data_set_O":0.92085922,"data_set_VM":20.0},{"data_set_T":10.404,"data_set_IKCA":0.94169855,"data_set_O":0.92121953,"data_set_VM":20.0},{"data_set_T":10.422,"data_set_IKCA":0.94206464,"data_set_O":0.92157763,"data_set_VM":20.0},{"data_set_T":10.44,"data_set_IKCA":0.94242853,"data_set_O":0.92193365,"data_set_VM":20.0},{"data_set_T":10.458,"data_set_IKCA":0.94279027,"data_set_O":0.92228752,"data_set_VM":20.0},{"data_set_T":10.476,"data_set_IKCA":0.94314986,"data_set_O":0.92263931,"data_set_VM":20.0},{"data_set_T":10.494,"data_set_IKCA":0.94350731,"data_set_O":0.92298895,"data_set_VM":20.0},{"data_set_T":10.512,"data_set_IKCA":0.94386268,"data_set_O":0.92333657,"data_set_VM":20.0},{"data_set_T":10.53,"data_set_IKCA":0.94421589,"data_set_O":0.92368209,"data_set_VM":20.0},{"data_set_T":10.548,"data_set_IKCA":0.94456697,"data_set_O":0.92402554,"data_set_VM":20.0},{"data_set_T":10.566,"data_set_IKCA":0.94491595,"data_set_O":0.92436695,"data_set_VM":20.0},{"data_set_T":10.584,"data_set_IKCA":0.94526291,"data_set_O":0.92470634,"data_set_VM":20.0},{"data_set_T":10.602,"data_set_IKCA":0.94560778,"data_set_O":0.9250437,"data_set_VM":20.0},{"data_set_T":10.62,"data_set_IKCA":0.94595057,"data_set_O":0.9253791,"data_set_VM":20.0},{"data_set_T":10.638,"data_set_IKCA":0.94629133,"data_set_O":0.92571247,"data_set_VM":20.0},{"data_set_T":10.656,"data_set_IKCA":0.94663006,"data_set_O":0.92604381,"data_set_VM":20.0},{"data_set_T":10.674,"data_set_IKCA":0.94696683,"data_set_O":0.92637318,"data_set_VM":20.0},{"data_set_T":10.692,"data_set_IKCA":0.94730151,"data_set_O":0.92670065,"data_set_VM":20.0},{"data_set_T":10.71,"data_set_IKCA":0.94763422,"data_set_O":0.92702615,"data_set_VM":20.0},{"data_set_T":10.728,"data_set_IKCA":0.94796497,"data_set_O":0.92734969,"data_set_VM":20.0},{"data_set_T":10.746,"data_set_IKCA":0.94829375,"data_set_O":0.92767131,"data_set_VM":20.0},{"data_set_T":10.764,"data_set_IKCA":0.94862056,"data_set_O":0.92799103,"data_set_VM":20.0},{"data_set_T":10.782,"data_set_IKCA":0.94894546,"data_set_O":0.92830878,"data_set_VM":20.0},{"data_set_T":10.8,"data_set_IKCA":0.94926834,"data_set_O":0.92862469,"data_set_VM":20.0},{"data_set_T":10.818,"data_set_IKCA":0.94958937,"data_set_O":0.92893875,"data_set_VM":20.0},{"data_set_T":10.836,"data_set_IKCA":0.94990849,"data_set_O":0.9292509,"data_set_VM":20.0},{"data_set_T":10.854,"data_set_IKCA":0.95022565,"data_set_O":0.9295612,"data_set_VM":20.0},{"data_set_T":10.872,"data_set_IKCA":0.95054096,"data_set_O":0.92986965,"data_set_VM":20.0},{"data_set_T":10.89,"data_set_IKCA":0.95085442,"data_set_O":0.93017626,"data_set_VM":20.0},{"data_set_T":10.908,"data_set_IKCA":0.95116597,"data_set_O":0.93048102,"data_set_VM":20.0},{"data_set_T":10.926,"data_set_IKCA":0.95147568,"data_set_O":0.93078399,"data_set_VM":20.0},{"data_set_T":10.944,"data_set_IKCA":0.95178354,"data_set_O":0.93108517,"data_set_VM":20.0},{"data_set_T":10.962,"data_set_IKCA":0.95208955,"data_set_O":0.93138456,"data_set_VM":20.0},{"data_set_T":10.98,"data_set_IKCA":0.95239377,"data_set_O":0.93168211,"data_set_VM":20.0},{"data_set_T":10.998,"data_set_IKCA":0.95269614,"data_set_O":0.93197793,"data_set_VM":20.0},{"data_set_T":11.016,"data_set_IKCA":0.95299673,"data_set_O":0.93227202,"data_set_VM":20.0},{"data_set_T":11.034,"data_set_IKCA":0.95329553,"data_set_O":0.93256432,"data_set_VM":20.0},{"data_set_T":11.052,"data_set_IKCA":0.95359254,"data_set_O":0.93285489,"data_set_VM":20.0},{"data_set_T":11.07,"data_set_IKCA":0.95388782,"data_set_O":0.93314368,"data_set_VM":20.0},{"data_set_T":11.088,"data_set_IKCA":0.95418131,"data_set_O":0.93343079,"data_set_VM":20.0},{"data_set_T":11.106,"data_set_IKCA":0.95447302,"data_set_O":0.93371618,"data_set_VM":20.0},{"data_set_T":11.124,"data_set_IKCA":0.95476305,"data_set_O":0.9339999,"data_set_VM":20.0},{"data_set_T":11.142,"data_set_IKCA":0.9550513,"data_set_O":0.93428189,"data_set_VM":20.0},{"data_set_T":11.16,"data_set_IKCA":0.95533788,"data_set_O":0.93456227,"data_set_VM":20.0},{"data_set_T":11.178,"data_set_IKCA":0.95562273,"data_set_O":0.93484092,"data_set_VM":20.0},{"data_set_T":11.196,"data_set_IKCA":0.95590591,"data_set_O":0.9351179,"data_set_VM":20.0},{"data_set_T":11.214,"data_set_IKCA":0.95618737,"data_set_O":0.93539327,"data_set_VM":20.0},{"data_set_T":11.232,"data_set_IKCA":0.95646715,"data_set_O":0.93566698,"data_set_VM":20.0},{"data_set_T":11.25,"data_set_IKCA":0.95674533,"data_set_O":0.93593907,"data_set_VM":20.0},{"data_set_T":11.268,"data_set_IKCA":0.95702177,"data_set_O":0.9362095,"data_set_VM":20.0},{"data_set_T":11.286,"data_set_IKCA":0.95729661,"data_set_O":0.93647838,"data_set_VM":20.0},{"data_set_T":11.304,"data_set_IKCA":0.95756978,"data_set_O":0.93674558,"data_set_VM":20.0},{"data_set_T":11.322,"data_set_IKCA":0.95784134,"data_set_O":0.93701124,"data_set_VM":20.0},{"data_set_T":11.34,"data_set_IKCA":0.95811129,"data_set_O":0.93727535,"data_set_VM":20.0},{"data_set_T":11.358,"data_set_IKCA":0.95837963,"data_set_O":0.93753785,"data_set_VM":20.0},{"data_set_T":11.376,"data_set_IKCA":0.95864636,"data_set_O":0.9377988,"data_set_VM":20.0},{"data_set_T":11.394,"data_set_IKCA":0.95891154,"data_set_O":0.93805814,"data_set_VM":20.0},{"data_set_T":11.412,"data_set_IKCA":0.95917511,"data_set_O":0.93831599,"data_set_VM":20.0},{"data_set_T":11.43,"data_set_IKCA":0.95943707,"data_set_O":0.93857229,"data_set_VM":20.0},{"data_set_T":11.448,"data_set_IKCA":0.95969754,"data_set_O":0.9388271,"data_set_VM":20.0},{"data_set_T":11.466,"data_set_IKCA":0.95995641,"data_set_O":0.93908036,"data_set_VM":20.0},{"data_set_T":11.484,"data_set_IKCA":0.96021378,"data_set_O":0.93933207,"data_set_VM":20.0},{"data_set_T":11.502,"data_set_IKCA":0.9604696,"data_set_O":0.93958235,"data_set_VM":20.0},{"data_set_T":11.52,"data_set_IKCA":0.96072388,"data_set_O":0.93983108,"data_set_VM":20.0},{"data_set_T":11.538,"data_set_IKCA":0.96097666,"data_set_O":0.94007838,"data_set_VM":20.0},{"data_set_T":11.556,"data_set_IKCA":0.96122789,"data_set_O":0.94032419,"data_set_VM":20.0},{"data_set_T":11.574,"data_set_IKCA":0.9614777,"data_set_O":0.94056851,"data_set_VM":20.0},{"data_set_T":11.592,"data_set_IKCA":0.96172595,"data_set_O":0.9408114,"data_set_VM":20.0},{"data_set_T":11.61,"data_set_IKCA":0.96197277,"data_set_O":0.94105285,"data_set_VM":20.0},{"data_set_T":11.628,"data_set_IKCA":0.96221811,"data_set_O":0.94129282,"data_set_VM":20.0},{"data_set_T":11.646,"data_set_IKCA":0.96246201,"data_set_O":0.94153142,"data_set_VM":20.0},{"data_set_T":11.664,"data_set_IKCA":0.96270442,"data_set_O":0.94176859,"data_set_VM":20.0},{"data_set_T":11.682,"data_set_IKCA":0.9629454,"data_set_O":0.94200432,"data_set_VM":20.0},{"data_set_T":11.7,"data_set_IKCA":0.96318495,"data_set_O":0.94223863,"data_set_VM":20.0},{"data_set_T":11.718,"data_set_IKCA":0.96342307,"data_set_O":0.94247156,"data_set_VM":20.0},{"data_set_T":11.736,"data_set_IKCA":0.96365976,"data_set_O":0.94270313,"data_set_VM":20.0},{"data_set_T":11.754,"data_set_IKCA":0.96389502,"data_set_O":0.94293332,"data_set_VM":20.0},{"data_set_T":11.772,"data_set_IKCA":0.96412891,"data_set_O":0.94316208,"data_set_VM":20.0},{"data_set_T":11.79,"data_set_IKCA":0.96436143,"data_set_O":0.94338953,"data_set_VM":20.0},{"data_set_T":11.808,"data_set_IKCA":0.96459252,"data_set_O":0.94361562,"data_set_VM":20.0},{"data_set_T":11.826,"data_set_IKCA":0.96482229,"data_set_O":0.94384038,"data_set_VM":20.0},{"data_set_T":11.844,"data_set_IKCA":0.96505064,"data_set_O":0.94406378,"data_set_VM":20.0},{"data_set_T":11.862,"data_set_IKCA":0.96527761,"data_set_O":0.94428581,"data_set_VM":20.0},{"data_set_T":11.88,"data_set_IKCA":0.96550328,"data_set_O":0.94450659,"data_set_VM":20.0},{"data_set_T":11.898,"data_set_IKCA":0.96572757,"data_set_O":0.94472599,"data_set_VM":20.0},{"data_set_T":11.916,"data_set_IKCA":0.96595055,"data_set_O":0.94494414,"data_set_VM":20.0},{"data_set_T":11.934,"data_set_IKCA":0.96617222,"data_set_O":0.94516093,"data_set_VM":20.0},{"data_set_T":11.952,"data_set_IKCA":0.96639252,"data_set_O":0.94537646,"data_set_VM":20.0},{"data_set_T":11.97,"data_set_IKCA":0.96661156,"data_set_O":0.94559073,"data_set_VM":20.0},{"data_set_T":11.988,"data_set_IKCA":0.96682924,"data_set_O":0.9458037,"data_set_VM":20.0},{"data_set_T":12.006,"data_set_IKCA":0.16293256,"data_set_O":0.94601542,"data_set_VM":-65.0},{"data_set_T":12.024,"data_set_IKCA":0.16215417,"data_set_O":0.9414959,"data_set_VM":-65.0},{"data_set_T":12.042,"data_set_IKCA":0.16137955,"data_set_O":0.93699831,"data_set_VM":-65.0},{"data_set_T":12.06,"data_set_IKCA":0.16060868,"data_set_O":0.93252248,"data_set_VM":-65.0},{"data_set_T":12.078,"data_set_IKCA":0.15984154,"data_set_O":0.92806834,"data_set_VM":-65.0},{"data_set_T":12.096,"data_set_IKCA":0.15907812,"data_set_O":0.92363578,"data_set_VM":-65.0},{"data_set_T":12.114,"data_set_IKCA":0.15831839,"data_set_O":0.91922468,"data_set_VM":-65.0},{"data_set_T":12.132,"data_set_IKCA":0.15756235,"data_set_O":0.91483498,"data_set_VM":-65.0},{"data_set_T":12.15,"data_set_IKCA":0.15680997,"data_set_O":0.91046649,"data_set_VM":-65.0},{"data_set_T":12.168,"data_set_IKCA":0.15606123,"data_set_O":0.90611923,"data_set_VM":-65.0},{"data_set_T":12.186,"data_set_IKCA":0.15531611,"data_set_O":0.90179294,"data_set_VM":-65.0},{"data_set_T":12.204,"data_set_IKCA":0.15457462,"data_set_O":0.8974877,"data_set_VM":-65.0},{"data_set_T":12.222,"data_set_IKCA":0.15383671,"data_set_O":0.89320326,"data_set_VM":-65.0},{"data_set_T":12.24,"data_set_IKCA":0.15310238,"data_set_O":0.88893962,"data_set_VM":-65.0},{"data_set_T":12.258,"data_set_IKCA":0.1523716,"data_set_O":0.8846966,"data_set_VM":-65.0},{"data_set_T":12.276,"data_set_IKCA":0.15164436,"data_set_O":0.88047409,"data_set_VM":-65.0},{"data_set_T":12.294,"data_set_IKCA":0.15092066,"data_set_O":0.87627208,"data_set_VM":-65.0},{"data_set_T":12.312,"data_set_IKCA":0.15020044,"data_set_O":0.87209046,"data_set_VM":-65.0},{"data_set_T":12.33,"data_set_IKCA":0.14948373,"data_set_O":0.86792904,"data_set_VM":-65.0},{"data_set_T":12.348,"data_set_IKCA":0.14877048,"data_set_O":0.86378783,"data_set_VM":-65.0},{"data_set_T":12.366,"data_set_IKCA":0.14806068,"data_set_O":0.85966665,"data_set_VM":-65.0},{"data_set_T":12.384,"data_set_IKCA":0.14735433,"data_set_O":0.85556543,"data_set_VM":-65.0},{"data_set_T":12.402,"data_set_IKCA":0.1466514,"data_set_O":0.85148406,"data_set_VM":-65.0},{"data_set_T":12.42,"data_set_IKCA":0.14595187,"data_set_O":0.84742248,"data_set_VM":-65.0},{"data_set_T":12.438,"data_set_IKCA":0.14525573,"data_set_O":0.84338057,"data_set_VM":-65.0},{"data_set_T":12.456,"data_set_IKCA":0.14456296,"data_set_O":0.83935821,"data_set_VM":-65.0},{"data_set_T":12.474,"data_set_IKCA":0.14387356,"data_set_O":0.8353554,"data_set_VM":-65.0},{"data_set_T":12.492,"data_set_IKCA":0.14318748,"data_set_O":0.83137196,"data_set_VM":-65.0},{"data_set_T":12.51,"data_set_IKCA":0.14250474,"data_set_O":0.82740778,"data_set_VM":-65.0},{"data_set_T":12.528,"data_set_IKCA":0.14182529,"data_set_O":0.82346284,"data_set_VM":-65.0},{"data_set_T":12.546,"data_set_IKCA":0.14114915,"data_set_O":0.81953698,"data_set_VM":-65.0},{"data_set_T":12.564,"data_set_IKCA":0.14047627,"data_set_O":0.8156302,"data_set_VM":-65.0},{"data_set_T":12.582,"data_set_IKCA":0.13980666,"data_set_O":0.81174225,"data_set_VM":-65.0},{"data_set_T":12.6,"data_set_IKCA":0.13914029,"data_set_O":0.80787319,"data_set_VM":-65.0},{"data_set_T":12.618,"data_set_IKCA":0.13847715,"data_set_O":0.80402285,"data_set_VM":-65.0},{"data_set_T":12.636,"data_set_IKCA":0.13781722,"data_set_O":0.80019122,"data_set_VM":-65.0},{"data_set_T":12.654,"data_set_IKCA":0.13716048,"data_set_O":0.79637808,"data_set_VM":-65.0},{"data_set_T":12.672,"data_set_IKCA":0.13650693,"data_set_O":0.79258347,"data_set_VM":-65.0},{"data_set_T":12.69,"data_set_IKCA":0.13585654,"data_set_O":0.78880721,"data_set_VM":-65.0},{"data_set_T":12.708,"data_set_IKCA":0.13520931,"data_set_O":0.7850492,"data_set_VM":-65.0},{"data_set_T":12.726,"data_set_IKCA":0.1345652,"data_set_O":0.78130943,"data_set_VM":-65.0},{"data_set_T":12.744,"data_set_IKCA":0.13392422,"data_set_O":0.77758783,"data_set_VM":-65.0},{"data_set_T":12.762,"data_set_IKCA":0.13328634,"data_set_O":0.77388418,"data_set_VM":-65.0},{"data_set_T":12.78,"data_set_IKCA":0.13265157,"data_set_O":0.77019852,"data_set_VM":-65.0},{"data_set_T":12.798,"data_set_IKCA":0.13201985,"data_set_O":0.76653069,"data_set_VM":-65.0},{"data_set_T":12.816,"data_set_IKCA":0.1313912,"data_set_O":0.76288062,"data_set_VM":-65.0},{"data_set_T":12.834,"data_set_IKCA":0.13076559,"data_set_O":0.75924826,"data_set_VM":-65.0},{"data_set_T":12.852,"data_set_IKCA":0.13014302,"data_set_O":0.75563347,"data_set_VM":-65.0},{"data_set_T":12.87,"data_set_IKCA":0.12952346,"data_set_O":0.75203621,"data_set_VM":-65.0},{"data_set_T":12.888,"data_set_IKCA":0.12890691,"data_set_O":0.74845636,"data_set_VM":-65.0},{"data_set_T":12.906,"data_set_IKCA":0.12829334,"data_set_O":0.74489385,"data_set_VM":-65.0},{"data_set_T":12.924,"data_set_IKCA":0.12768273,"data_set_O":0.74134862,"data_set_VM":-65.0},{"data_set_T":12.942,"data_set_IKCA":0.12707509,"data_set_O":0.73782051,"data_set_VM":-65.0},{"data_set_T":12.96,"data_set_IKCA":0.12647039,"data_set_O":0.73430955,"data_set_VM":-65.0},{"data_set_T":12.978,"data_set_IKCA":0.12586862,"data_set_O":0.73081559,"data_set_VM":-65.0},{"data_set_T":12.996,"data_set_IKCA":0.12526977,"data_set_O":0.72733849,"data_set_VM":-65.0},{"data_set_T":13.014,"data_set_IKCA":0.12467381,"data_set_O":0.72387832,"data_set_VM":-65.0},{"data_set_T":13.032,"data_set_IKCA":0.12408075,"data_set_O":0.72043484,"data_set_VM":-65.0},{"data_set_T":13.05,"data_set_IKCA":0.12349056,"data_set_O":0.71700811,"data_set_VM":-65.0},{"data_set_T":13.068,"data_set_IKCA":0.12290322,"data_set_O":0.71359795,"data_set_VM":-65.0},{"data_set_T":13.086,"data_set_IKCA":0.12231873,"data_set_O":0.7102043,"data_set_VM":-65.0},{"data_set_T":13.104,"data_set_IKCA":0.12173708,"data_set_O":0.70682704,"data_set_VM":-65.0},{"data_set_T":13.122,"data_set_IKCA":0.12115823,"data_set_O":0.70346624,"data_set_VM":-65.0},{"data_set_T":13.14,"data_set_IKCA":0.1205822,"data_set_O":0.70012164,"data_set_VM":-65.0},{"data_set_T":13.158,"data_set_IKCA":0.12000895,"data_set_O":0.69679332,"data_set_VM":-65.0},{"data_set_T":13.176,"data_set_IKCA":0.11943848,"data_set_O":0.69348103,"data_set_VM":-65.0},{"data_set_T":13.194,"data_set_IKCA":0.11887078,"data_set_O":0.69018483,"data_set_VM":-65.0},{"data_set_T":13.212,"data_set_IKCA":0.11830582,"data_set_O":0.68690461,"data_set_VM":-65.0},{"data_set_T":13.23,"data_set_IKCA":0.1177436,"data_set_O":0.6836403,"data_set_VM":-65.0},{"data_set_T":13.248,"data_set_IKCA":0.11718411,"data_set_O":0.68039173,"data_set_VM":-65.0},{"data_set_T":13.266,"data_set_IKCA":0.11662733,"data_set_O":0.67715895,"data_set_VM":-65.0},{"data_set_T":13.284,"data_set_IKCA":0.11607324,"data_set_O":0.67394179,"data_set_VM":-65.0},{"data_set_T":13.302,"data_set_IKCA":0.11552183,"data_set_O":0.67074025,"data_set_VM":-65.0},{"data_set_T":13.32,"data_set_IKCA":0.1149731,"data_set_O":0.6675542,"data_set_VM":-65.0},{"data_set_T":13.338,"data_set_IKCA":0.11442702,"data_set_O":0.66438365,"data_set_VM":-65.0},{"data_set_T":13.356,"data_set_IKCA":0.11388359,"data_set_O":0.66122836,"data_set_VM":-65.0},{"data_set_T":13.374,"data_set_IKCA":0.1133428,"data_set_O":0.65808839,"data_set_VM":-65.0},{"data_set_T":13.392,"data_set_IKCA":0.11280462,"data_set_O":0.65496367,"data_set_VM":-65.0},{"data_set_T":13.41,"data_set_IKCA":0.11226905,"data_set_O":0.65185404,"data_set_VM":-65.0},{"data_set_T":13.428,"data_set_IKCA":0.11173607,"data_set_O":0.64875948,"data_set_VM":-65.0},{"data_set_T":13.446,"data_set_IKCA":0.11120568,"data_set_O":0.64567995,"data_set_VM":-65.0},{"data_set_T":13.464,"data_set_IKCA":0.11067785,"data_set_O":0.64261526,"data_set_VM":-65.0},{"data_set_T":13.482,"data_set_IKCA":0.11015259,"data_set_O":0.63956547,"data_set_VM":-65.0},{"data_set_T":13.5,"data_set_IKCA":0.10962986,"data_set_O":0.63653046,"data_set_VM":-65.0},{"data_set_T":13.518,"data_set_IKCA":0.10910967,"data_set_O":0.63351011,"data_set_VM":-65.0},{"data_set_T":13.536,"data_set_IKCA":0.108592,"data_set_O":0.63050443,"data_set_VM":-65.0},{"data_set_T":13.554,"data_set_IKCA":0.10807683,"data_set_O":0.62751329,"data_set_VM":-65.0},{"data_set_T":13.572,"data_set_IKCA":0.10756417,"data_set_O":0.62453663,"data_set_VM":-65.0},{"data_set_T":13.59,"data_set_IKCA":0.10705398,"data_set_O":0.6215744,"data_set_VM":-65.0},{"data_set_T":13.608,"data_set_IKCA":0.10654627,"data_set_O":0.61862653,"data_set_VM":-65.0},{"data_set_T":13.626,"data_set_IKCA":0.10604101,"data_set_O":0.61569297,"data_set_VM":-65.0},{"data_set_T":13.644,"data_set_IKCA":0.1055382,"data_set_O":0.6127736,"data_set_VM":-65.0},{"data_set_T":13.662,"data_set_IKCA":0.10503784,"data_set_O":0.60986835,"data_set_VM":-65.0},{"data_set_T":13.68,"data_set_IKCA":0.10453989,"data_set_O":0.60697716,"data_set_VM":-65.0},{"data_set_T":13.698,"data_set_IKCA":0.10404436,"data_set_O":0.60409999,"data_set_VM":-65.0},{"data_set_T":13.716,"data_set_IKCA":0.10355122,"data_set_O":0.60123676,"data_set_VM":-65.0},{"data_set_T":13.734,"data_set_IKCA":0.10306047,"data_set_O":0.59838742,"data_set_VM":-65.0},{"data_set_T":13.752,"data_set_IKCA":0.10257211,"data_set_O":0.59555185,"data_set_VM":-65.0},{"data_set_T":13.77,"data_set_IKCA":0.1020861,"data_set_O":0.59273005,"data_set_VM":-65.0},{"data_set_T":13.788,"data_set_IKCA":0.10160245,"data_set_O":0.58992189,"data_set_VM":-65.0},{"data_set_T":13.806,"data_set_IKCA":0.10112114,"data_set_O":0.58712733,"data_set_VM":-65.0},{"data_set_T":13.824,"data_set_IKCA":0.10064217,"data_set_O":0.58434629,"data_set_VM":-65.0},{"data_set_T":13.842,"data_set_IKCA":0.10016552,"data_set_O":0.58157879,"data_set_VM":-65.0},{"data_set_T":13.86,"data_set_IKCA":0.099691175,"data_set_O":0.57882464,"data_set_VM":-65.0},{"data_set_T":13.878,"data_set_IKCA":0.099219121,"data_set_O":0.57608384,"data_set_VM":-65.0},{"data_set_T":13.896,"data_set_IKCA":0.098749362,"data_set_O":0.57335633,"data_set_VM":-65.0},{"data_set_T":13.914,"data_set_IKCA":0.098281875,"data_set_O":0.57064205,"data_set_VM":-65.0},{"data_set_T":13.932,"data_set_IKCA":0.097816654,"data_set_O":0.56794089,"data_set_VM":-65.0},{"data_set_T":13.95,"data_set_IKCA":0.097353689,"data_set_O":0.56525278,"data_set_VM":-65.0},{"data_set_T":13.968,"data_set_IKCA":0.096892968,"data_set_O":0.56257772,"data_set_VM":-65.0},{"data_set_T":13.986,"data_set_IKCA":0.096434474,"data_set_O":0.55991566,"data_set_VM":-65.0},{"data_set_T":14.004,"data_set_IKCA":0.0959782,"data_set_O":0.55726647,"data_set_VM":-65.0},{"data_set_T":14.022,"data_set_IKCA":0.09552414,"data_set_O":0.5546301,"data_set_VM":-65.0},{"data_set_T":14.04,"data_set_IKCA":0.095072277,"data_set_O":0.55200648,"data_set_VM":-65.0},{"data_set_T":14.058,"data_set_IKCA":0.094622605,"data_set_O":0.54939562,"data_set_VM":-65.0},{"data_set_T":14.076,"data_set_IKCA":0.094175108,"data_set_O":0.54679739,"data_set_VM":-65.0},{"data_set_T":14.094,"data_set_IKCA":0.093729779,"data_set_O":0.54421175,"data_set_VM":-65.0},{"data_set_T":14.112,"data_set_IKCA":0.093286611,"data_set_O":0.54163861,"data_set_VM":-65.0},{"data_set_T":14.13,"data_set_IKCA":0.092845589,"data_set_O":0.53907794,"data_set_VM":-65.0},{"data_set_T":14.148,"data_set_IKCA":0.092406698,"data_set_O":0.53652972,"data_set_VM":-65.0},{"data_set_T":14.166,"data_set_IKCA":0.091969937,"data_set_O":0.53399378,"data_set_VM":-65.0},{"data_set_T":14.184,"data_set_IKCA":0.091535293,"data_set_O":0.53147018,"data_set_VM":-65.0},{"data_set_T":14.202,"data_set_IKCA":0.091102757,"data_set_O":0.52895874,"data_set_VM":-65.0},{"data_set_T":14.22,"data_set_IKCA":0.090672307,"data_set_O":0.52645952,"data_set_VM":-65.0},{"data_set_T":14.238,"data_set_IKCA":0.09024395,"data_set_O":0.52397239,"data_set_VM":-65.0},{"data_set_T":14.256,"data_set_IKCA":0.089817666,"data_set_O":0.52149731,"data_set_VM":-65.0},{"data_set_T":14.274,"data_set_IKCA":0.089393444,"data_set_O":0.51903421,"data_set_VM":-65.0},{"data_set_T":14.292,"data_set_IKCA":0.08897128,"data_set_O":0.51658309,"data_set_VM":-65.0},{"data_set_T":14.31,"data_set_IKCA":0.088551164,"data_set_O":0.51414376,"data_set_VM":-65.0},{"data_set_T":14.328,"data_set_IKCA":0.088133074,"data_set_O":0.51171631,"data_set_VM":-65.0},{"data_set_T":14.346,"data_set_IKCA":0.087717019,"data_set_O":0.50930059,"data_set_VM":-65.0},{"data_set_T":14.364,"data_set_IKCA":0.087302975,"data_set_O":0.50689656,"data_set_VM":-65.0},{"data_set_T":14.382,"data_set_IKCA":0.086890936,"data_set_O":0.5045042,"data_set_VM":-65.0},{"data_set_T":14.4,"data_set_IKCA":0.086480893,"data_set_O":0.50212342,"data_set_VM":-65.0},{"data_set_T":14.418,"data_set_IKCA":0.08607284,"data_set_O":0.49975419,"data_set_VM":-65.0},{"data_set_T":14.436,"data_set_IKCA":0.085666761,"data_set_O":0.49739641,"data_set_VM":-65.0},{"data_set_T":14.454,"data_set_IKCA":0.085262649,"data_set_O":0.49505007,"data_set_VM":-65.0},{"data_set_T":14.472,"data_set_IKCA":0.084860496,"data_set_O":0.49271509,"data_set_VM":-65.0},{"data_set_T":14.49,"data_set_IKCA":0.084460288,"data_set_O":0.49039143,"data_set_VM":-65.0},{"data_set_T":14.508,"data_set_IKCA":0.084062018,"data_set_O":0.48807901,"data_set_VM":-65.0},{"data_set_T":14.526,"data_set_IKCA":0.083665684,"data_set_O":0.4857778,"data_set_VM":-65.0},{"data_set_T":14.544,"data_set_IKCA":0.083271265,"data_set_O":0.48348773,"data_set_VM":-65.0},{"data_set_T":14.562,"data_set_IKCA":0.082878754,"data_set_O":0.48120877,"data_set_VM":-65.0},{"data_set_T":14.58,"data_set_IKCA":0.082488149,"data_set_O":0.47894081,"data_set_VM":-65.0},{"data_set_T":14.598,"data_set_IKCA":0.08209943,"data_set_O":0.47668388,"data_set_VM":-65.0},{"data_set_T":14.616,"data_set_IKCA":0.081712604,"data_set_O":0.47443786,"data_set_VM":-65.0},{"data_set_T":14.634,"data_set_IKCA":0.081327647,"data_set_O":0.47220275,"data_set_VM":-65.0},{"data_set_T":14.652,"data_set_IKCA":0.080944553,"data_set_O":0.46997842,"data_set_VM":-65.0},{"data_set_T":14.67,"data_set_IKCA":0.080563314,"data_set_O":0.46776491,"data_set_VM":-65.0},{"data_set_T":14.688,"data_set_IKCA":0.080183923,"data_set_O":0.46556211,"data_set_VM":-65.0},{"data_set_T":14.706,"data_set_IKCA":0.079806373,"data_set_O":0.46336997,"data_set_VM":-65.0},{"data_set_T":14.724,"data_set_IKCA":0.079430647,"data_set_O":0.46118844,"data_set_VM":-65.0},{"data_set_T":14.742,"data_set_IKCA":0.07905674,"data_set_O":0.45901749,"data_set_VM":-65.0},{"data_set_T":14.76,"data_set_IKCA":0.07868465,"data_set_O":0.45685706,"data_set_VM":-65.0},{"data_set_T":14.778,"data_set_IKCA":0.078314357,"data_set_O":0.45470709,"data_set_VM":-65.0},{"data_set_T":14.796,"data_set_IKCA":0.077945866,"data_set_O":0.45256752,"data_set_VM":-65.0},{"data_set_T":14.814,"data_set_IKCA":0.077579156,"data_set_O":0.45043832,"data_set_VM":-65.0},{"data_set_T":14.832,"data_set_IKCA":0.077214219,"data_set_O":0.44831946,"data_set_VM":-65.0},{"data_set_T":14.85,"data_set_IKCA":0.076851048,"data_set_O":0.44621083,"data_set_VM":-65.0},{"data_set_T":14.868,"data_set_IKCA":0.076489642,"data_set_O":0.44411245,"data_set_VM":-65.0},{"data_set_T":14.886,"data_set_IKCA":0.076129988,"data_set_O":0.4420242,"data_set_VM":-65.0},{"data_set_T":14.904,"data_set_IKCA":0.075772069,"data_set_O":0.43994609,"data_set_VM":-65.0},{"data_set_T":14.922,"data_set_IKCA":0.075415887,"data_set_O":0.43787804,"data_set_VM":-65.0},{"data_set_T":14.94,"data_set_IKCA":0.075061433,"data_set_O":0.43582001,"data_set_VM":-65.0},{"data_set_T":14.958,"data_set_IKCA":0.074708693,"data_set_O":0.43377194,"data_set_VM":-65.0},{"data_set_T":14.976,"data_set_IKCA":0.074357666,"data_set_O":0.43173379,"data_set_VM":-65.0},{"data_set_T":14.994,"data_set_IKCA":0.074008338,"data_set_O":0.42970553,"data_set_VM":-65.0},{"data_set_T":15.012,"data_set_IKCA":0.073660694,"data_set_O":0.42768708,"data_set_VM":-65.0},{"data_set_T":15.03,"data_set_IKCA":0.073314741,"data_set_O":0.4256784,"data_set_VM":-65.0},{"data_set_T":15.048,"data_set_IKCA":0.072970465,"data_set_O":0.42367947,"data_set_VM":-65.0},{"data_set_T":15.066,"data_set_IKCA":0.072627857,"data_set_O":0.42169023,"data_set_VM":-65.0},{"data_set_T":15.084,"data_set_IKCA":0.072286904,"data_set_O":0.41971061,"data_set_VM":-65.0},{"data_set_T":15.102,"data_set_IKCA":0.071947604,"data_set_O":0.41774058,"data_set_VM":-65.0},{"data_set_T":15.12,"data_set_IKCA":0.071609952,"data_set_O":0.4157801,"data_set_VM":-65.0},{"data_set_T":15.138,"data_set_IKCA":0.07127393,"data_set_O":0.41382909,"data_set_VM":-65.0},{"data_set_T":15.156,"data_set_IKCA":0.070939541,"data_set_O":0.41188756,"data_set_VM":-65.0},{"data_set_T":15.174,"data_set_IKCA":0.070606768,"data_set_O":0.40995544,"data_set_VM":-65.0},{"data_set_T":15.192,"data_set_IKCA":0.070275605,"data_set_O":0.40803266,"data_set_VM":-65.0},{"data_set_T":15.21,"data_set_IKCA":0.069946051,"data_set_O":0.4061192,"data_set_VM":-65.0},{"data_set_T":15.228,"data_set_IKCA":0.069618091,"data_set_O":0.40421501,"data_set_VM":-65.0},{"data_set_T":15.246,"data_set_IKCA":0.069291718,"data_set_O":0.40232003,"data_set_VM":-65.0},{"data_set_T":15.264,"data_set_IKCA":0.068966933,"data_set_O":0.40043426,"data_set_VM":-65.0},{"data_set_T":15.282,"data_set_IKCA":0.068643719,"data_set_O":0.3985576,"data_set_VM":-65.0},{"data_set_T":15.3,"data_set_IKCA":0.068322062,"data_set_O":0.39669004,"data_set_VM":-65.0},{"data_set_T":15.318,"data_set_IKCA":0.068001971,"data_set_O":0.39483151,"data_set_VM":-65.0},{"data_set_T":15.336,"data_set_IKCA":0.067683429,"data_set_O":0.39298201,"data_set_VM":-65.0},{"data_set_T":15.354,"data_set_IKCA":0.067366429,"data_set_O":0.39114144,"data_set_VM":-65.0},{"data_set_T":15.372,"data_set_IKCA":0.067050964,"data_set_O":0.38930982,"data_set_VM":-65.0},{"data_set_T":15.39,"data_set_IKCA":0.066737033,"data_set_O":0.38748705,"data_set_VM":-65.0},{"data_set_T":15.408,"data_set_IKCA":0.066424616,"data_set_O":0.38567311,"data_set_VM":-65.0},{"data_set_T":15.426,"data_set_IKCA":0.066113718,"data_set_O":0.38386798,"data_set_VM":-65.0},{"data_set_T":15.444,"data_set_IKCA":0.065804318,"data_set_O":0.38207155,"data_set_VM":-65.0},{"data_set_T":15.462,"data_set_IKCA":0.065496422,"data_set_O":0.38028386,"data_set_VM":-65.0},{"data_set_T":15.48,"data_set_IKCA":0.065190017,"data_set_O":0.37850481,"data_set_VM":-65.0},{"data_set_T":15.498,"data_set_IKCA":0.064885095,"data_set_O":0.37673441,"data_set_VM":-65.0},{"data_set_T":15.516,"data_set_IKCA":0.064581655,"data_set_O":0.37497255,"data_set_VM":-65.0},{"data_set_T":15.534,"data_set_IKCA":0.064279683,"data_set_O":0.37321925,"data_set_VM":-65.0},{"data_set_T":15.552,"data_set_IKCA":0.063979171,"data_set_O":0.37147442,"data_set_VM":-65.0},{"data_set_T":15.57,"data_set_IKCA":0.063680112,"data_set_O":0.36973804,"data_set_VM":-65.0},{"data_set_T":15.588,"data_set_IKCA":0.063382506,"data_set_O":0.3680101,"data_set_VM":-65.0},{"data_set_T":15.606,"data_set_IKCA":0.063086346,"data_set_O":0.36629051,"data_set_VM":-65.0},{"data_set_T":15.624,"data_set_IKCA":0.062791616,"data_set_O":0.36457926,"data_set_VM":-65.0},{"data_set_T":15.642,"data_set_IKCA":0.062498309,"data_set_O":0.3628763,"data_set_VM":-65.0},{"data_set_T":15.66,"data_set_IKCA":0.062206428,"data_set_O":0.36118156,"data_set_VM":-65.0},{"data_set_T":15.678,"data_set_IKCA":0.06191596,"data_set_O":0.35949504,"data_set_VM":-65.0},{"data_set_T":15.696,"data_set_IKCA":0.0616269,"data_set_O":0.35781673,"data_set_VM":-65.0},{"data_set_T":15.714,"data_set_IKCA":0.061339237,"data_set_O":0.35614651,"data_set_VM":-65.0},{"data_set_T":15.732,"data_set_IKCA":0.061052971,"data_set_O":0.35448438,"data_set_VM":-65.0},{"data_set_T":15.75,"data_set_IKCA":0.06076809,"data_set_O":0.35283032,"data_set_VM":-65.0},{"data_set_T":15.768,"data_set_IKCA":0.060484592,"data_set_O":0.35118428,"data_set_VM":-65.0},{"data_set_T":15.786,"data_set_IKCA":0.060202464,"data_set_O":0.34954619,"data_set_VM":-65.0},{"data_set_T":15.804,"data_set_IKCA":0.059921701,"data_set_O":0.34791604,"data_set_VM":-65.0},{"data_set_T":15.822,"data_set_IKCA":0.0596423,"data_set_O":0.34629378,"data_set_VM":-65.0},{"data_set_T":15.84,"data_set_IKCA":0.059364256,"data_set_O":0.34467942,"data_set_VM":-65.0},{"data_set_T":15.858,"data_set_IKCA":0.059087556,"data_set_O":0.34307283,"data_set_VM":-65.0},{"data_set_T":15.876,"data_set_IKCA":0.058812194,"data_set_O":0.34147406,"data_set_VM":-65.0},{"data_set_T":15.894,"data_set_IKCA":0.058538169,"data_set_O":0.339883,"data_set_VM":-65.0},{"data_set_T":15.912,"data_set_IKCA":0.05826547,"data_set_O":0.33829966,"data_set_VM":-65.0},{"data_set_T":15.93,"data_set_IKCA":0.057994094,"data_set_O":0.33672398,"data_set_VM":-65.0},{"data_set_T":15.948,"data_set_IKCA":0.057724029,"data_set_O":0.33515596,"data_set_VM":-65.0},{"data_set_T":15.966,"data_set_IKCA":0.057455275,"data_set_O":0.33359551,"data_set_VM":-65.0},{"data_set_T":15.984,"data_set_IKCA":0.057187822,"data_set_O":0.33204263,"data_set_VM":-65.0},{"data_set_T":16.002001,"data_set_IKCA":0.056921665,"data_set_O":0.33049729,"data_set_VM":-65.0},{"data_set_T":16.02,"data_set_IKCA":0.056656796,"data_set_O":0.32895941,"data_set_VM":-65.0},{"data_set_T":16.038,"data_set_IKCA":0.05639321,"data_set_O":0.327429,"data_set_VM":-65.0},{"data_set_T":16.056,"data_set_IKCA":0.056130905,"data_set_O":0.32590598,"data_set_VM":-65.0},{"data_set_T":16.073999,"data_set_IKCA":0.055869866,"data_set_O":0.32439035,"data_set_VM":-65.0},{"data_set_T":16.091999,"data_set_IKCA":0.05561009,"data_set_O":0.32288206,"data_set_VM":-65.0},{"data_set_T":16.110001,"data_set_IKCA":0.055351578,"data_set_O":0.32138109,"data_set_VM":-65.0},{"data_set_T":16.128,"data_set_IKCA":0.055094317,"data_set_O":0.31988737,"data_set_VM":-65.0},{"data_set_T":16.146,"data_set_IKCA":0.0548383,"data_set_O":0.31840089,"data_set_VM":-65.0},{"data_set_T":16.164,"data_set_IKCA":0.054583523,"data_set_O":0.31692162,"data_set_VM":-65.0},{"data_set_T":16.181999,"data_set_IKCA":0.05432998,"data_set_O":0.31544951,"data_set_VM":-65.0},{"data_set_T":16.200001,"data_set_IKCA":0.054077666,"data_set_O":0.31398454,"data_set_VM":-65.0},{"data_set_T":16.218,"data_set_IKCA":0.053826574,"data_set_O":0.31252664,"data_set_VM":-65.0},{"data_set_T":16.236,"data_set_IKCA":0.0535767,"data_set_O":0.31107584,"data_set_VM":-65.0},{"data_set_T":16.254,"data_set_IKCA":0.053328037,"data_set_O":0.30963203,"data_set_VM":-65.0},{"data_set_T":16.271999,"data_set_IKCA":0.053080577,"data_set_O":0.30819523,"data_set_VM":-65.0},{"data_set_T":16.290001,"data_set_IKCA":0.052834313,"data_set_O":0.30676541,"data_set_VM":-65.0},{"data_set_T":16.308001,"data_set_IKCA":0.052589245,"data_set_O":0.3053425,"data_set_VM":-65.0},{"data_set_T":16.326,"data_set_IKCA":0.052345365,"data_set_O":0.30392647,"data_set_VM":-65.0},{"data_set_T":16.344,"data_set_IKCA":0.052102663,"data_set_O":0.30251732,"data_set_VM":-65.0},{"data_set_T":16.362,"data_set_IKCA":0.051861141,"data_set_O":0.30111498,"data_set_VM":-65.0},{"data_set_T":16.379999,"data_set_IKCA":0.051620785,"data_set_O":0.29971945,"data_set_VM":-65.0},{"data_set_T":16.398001,"data_set_IKCA":0.051381595,"data_set_O":0.29833066,"data_set_VM":-65.0},{"data_set_T":16.416,"data_set_IKCA":0.051143564,"data_set_O":0.29694861,"data_set_VM":-65.0},{"data_set_T":16.434,"data_set_IKCA":0.050906684,"data_set_O":0.29557326,"data_set_VM":-65.0},{"data_set_T":16.452,"data_set_IKCA":0.050670955,"data_set_O":0.29420456,"data_set_VM":-65.0},{"data_set_T":16.469999,"data_set_IKCA":0.050436366,"data_set_O":0.29284248,"data_set_VM":-65.0},{"data_set_T":16.488001,"data_set_IKCA":0.050202914,"data_set_O":0.29148701,"data_set_VM":-65.0},{"data_set_T":16.506001,"data_set_IKCA":0.04997059,"data_set_O":0.29013813,"data_set_VM":-65.0},{"data_set_T":16.524,"data_set_IKCA":0.049739394,"data_set_O":0.28879574,"data_set_VM":-65.0},{"data_set_T":16.542,"data_set_IKCA":0.049509317,"data_set_O":0.28745988,"data_set_VM":-65.0},{"data_set_T":16.559999,"data_set_IKCA":0.049280357,"data_set_O":0.28613049,"data_set_VM":-65.0},{"data_set_T":16.577999,"data_set_IKCA":0.049052503,"data_set_O":0.28480753,"data_set_VM":-65.0},{"data_set_T":16.596001,"data_set_IKCA":0.048825752,"data_set_O":0.28349099,"data_set_VM":-65.0},{"data_set_T":16.614,"data_set_IKCA":0.048600104,"data_set_O":0.28218082,"data_set_VM":-65.0},{"data_set_T":16.632,"data_set_IKCA":0.048375547,"data_set_O":0.28087699,"data_set_VM":-65.0},{"data_set_T":16.65,"data_set_IKCA":0.048152074,"data_set_O":0.27957949,"data_set_VM":-65.0},{"data_set_T":16.667999,"data_set_IKCA":0.047929689,"data_set_O":0.27828828,"data_set_VM":-65.0},{"data_set_T":16.686001,"data_set_IKCA":0.047708377,"data_set_O":0.27700332,"data_set_VM":-65.0},{"data_set_T":16.704,"data_set_IKCA":0.047488142,"data_set_O":0.27572456,"data_set_VM":-65.0},{"data_set_T":16.722,"data_set_IKCA":0.047268968,"data_set_O":0.27445203,"data_set_VM":-65.0},{"data_set_T":16.74,"data_set_IKCA":0.04705086,"data_set_O":0.27318564,"data_set_VM":-65.0},{"data_set_T":16.757999,"data_set_IKCA":0.046833806,"data_set_O":0.27192539,"data_set_VM":-65.0},{"data_set_T":16.775999,"data_set_IKCA":0.046617806,"data_set_O":0.27067125,"data_set_VM":-65.0},{"data_set_T":16.794001,"data_set_IKCA":0.046402849,"data_set_O":0.26942319,"data_set_VM":-65.0},{"data_set_T":16.812,"data_set_IKCA":0.046188936,"data_set_O":0.26818117,"data_set_VM":-65.0},{"data_set_T":16.83,"data_set_IKCA":0.045976058,"data_set_O":0.26694515,"data_set_VM":-65.0},{"data_set_T":16.848,"data_set_IKCA":0.045764212,"data_set_O":0.26571512,"data_set_VM":-65.0},{"data_set_T":16.865999,"data_set_IKCA":0.04555339,"data_set_O":0.26449108,"data_set_VM":-65.0},{"data_set_T":16.884001,"data_set_IKCA":0.045343593,"data_set_O":0.26327294,"data_set_VM":-65.0},{"data_set_T":16.902,"data_set_IKCA":0.045134809,"data_set_O":0.2620607,"data_set_VM":-65.0},{"data_set_T":16.92,"data_set_IKCA":0.044927038,"data_set_O":0.26085436,"data_set_VM":-65.0},{"data_set_T":16.938,"data_set_IKCA":0.044720273,"data_set_O":0.25965384,"data_set_VM":-65.0},{"data_set_T":16.955999,"data_set_IKCA":0.044514511,"data_set_O":0.25845915,"data_set_VM":-65.0},{"data_set_T":16.974001,"data_set_IKCA":0.044309743,"data_set_O":0.25727025,"data_set_VM":-65.0},{"data_set_T":16.992001,"data_set_IKCA":0.044105969,"data_set_O":0.25608709,"data_set_VM":-65.0},{"data_set_T":17.01,"data_set_IKCA":0.043903179,"data_set_O":0.25490966,"data_set_VM":-65.0},{"data_set_T":17.028,"data_set_IKCA":0.043701377,"data_set_O":0.25373796,"data_set_VM":-65.0},{"data_set_T":17.046,"data_set_IKCA":0.043500546,"data_set_O":0.25257191,"data_set_VM":-65.0},{"data_set_T":17.063999,"data_set_IKCA":0.043300692,"data_set_O":0.2514115,"data_set_VM":-65.0},{"data_set_T":17.082001,"data_set_IKCA":0.043101806,"data_set_O":0.25025675,"data_set_VM":-65.0},{"data_set_T":17.1,"data_set_IKCA":0.042903882,"data_set_O":0.24910755,"data_set_VM":-65.0},{"data_set_T":17.118,"data_set_IKCA":0.042706918,"data_set_O":0.24796395,"data_set_VM":-65.0},{"data_set_T":17.136,"data_set_IKCA":0.042510908,"data_set_O":0.24682587,"data_set_VM":-65.0},{"data_set_T":17.153999,"data_set_IKCA":0.042315844,"data_set_O":0.24569331,"data_set_VM":-65.0},{"data_set_T":17.172001,"data_set_IKCA":0.042121731,"data_set_O":0.24456625,"data_set_VM":-65.0},{"data_set_T":17.190001,"data_set_IKCA":0.041928556,"data_set_O":0.24344462,"data_set_VM":-65.0},{"data_set_T":17.208,"data_set_IKCA":0.041736316,"data_set_O":0.24232845,"data_set_VM":-65.0},{"data_set_T":17.226,"data_set_IKCA":0.041545004,"data_set_O":0.24121767,"data_set_VM":-65.0},{"data_set_T":17.243999,"data_set_IKCA":0.041354623,"data_set_O":0.24011229,"data_set_VM":-65.0},{"data_set_T":17.261999,"data_set_IKCA":0.041165162,"data_set_O":0.23901224,"data_set_VM":-65.0},{"data_set_T":17.280001,"data_set_IKCA":0.040976621,"data_set_O":0.23791754,"data_set_VM":-65.0},{"data_set_T":17.298,"data_set_IKCA":0.040788993,"data_set_O":0.23682813,"data_set_VM":-65.0},{"data_set_T":17.316,"data_set_IKCA":0.040602274,"data_set_O":0.235744,"data_set_VM":-65.0},{"data_set_T":17.334,"data_set_IKCA":0.040416457,"data_set_O":0.23466513,"data_set_VM":-65.0},{"data_set_T":17.351999,"data_set_IKCA":0.040231541,"data_set_O":0.23359147,"data_set_VM":-65.0},{"data_set_T":17.370001,"data_set_IKCA":0.040047523,"data_set_O":0.23252302,"data_set_VM":-65.0},{"data_set_T":17.388,"data_set_IKCA":0.039864395,"data_set_O":0.23145975,"data_set_VM":-65.0},{"data_set_T":17.406,"data_set_IKCA":0.039682154,"data_set_O":0.23040162,"data_set_VM":-65.0},{"data_set_T":17.424,"data_set_IKCA":0.039500795,"data_set_O":0.22934863,"data_set_VM":-65.0},{"data_set_T":17.441999,"data_set_IKCA":0.039320316,"data_set_O":0.22830074,"data_set_VM":-65.0},{"data_set_T":17.459999,"data_set_IKCA":0.039140709,"data_set_O":0.22725791,"data_set_VM":-65.0},{"data_set_T":17.478001,"data_set_IKCA":0.038961973,"data_set_O":0.22622015,"data_set_VM":-65.0},{"data_set_T":17.496,"data_set_IKCA":0.038784105,"data_set_O":0.22518739,"data_set_VM":-65.0},{"data_set_T":17.514,"data_set_IKCA":0.038607098,"data_set_O":0.22415966,"data_set_VM":-65.0},{"data_set_T":17.532,"data_set_IKCA":0.038430948,"data_set_O":0.2231369,"data_set_VM":-65.0},{"data_set_T":17.549999,"data_set_IKCA":0.038255651,"data_set_O":0.22211909,"data_set_VM":-65.0},{"data_set_T":17.568001,"data_set_IKCA":0.038081199,"data_set_O":0.22110622,"data_set_VM":-65.0},{"data_set_T":17.586,"data_set_IKCA":0.037907597,"data_set_O":0.22009824,"data_set_VM":-65.0},{"data_set_T":17.604,"data_set_IKCA":0.037734836,"data_set_O":0.21909516,"data_set_VM":-65.0},{"data_set_T":17.622,"data_set_IKCA":0.03756291,"data_set_O":0.21809693,"data_set_VM":-65.0},{"data_set_T":17.639999,"data_set_IKCA":0.037391819,"data_set_O":0.21710353,"data_set_VM":-65.0},{"data_set_T":17.658001,"data_set_IKCA":0.037221555,"data_set_O":0.21611495,"data_set_VM":-65.0},{"data_set_T":17.676001,"data_set_IKCA":0.037052114,"data_set_O":0.21513116,"data_set_VM":-65.0},{"data_set_T":17.694,"data_set_IKCA":0.036883496,"data_set_O":0.21415213,"data_set_VM":-65.0},{"data_set_T":17.712,"data_set_IKCA":0.036715697,"data_set_O":0.21317784,"data_set_VM":-65.0},{"data_set_T":17.73,"data_set_IKCA":0.036548708,"data_set_O":0.21220829,"data_set_VM":-65.0},{"data_set_T":17.747999,"data_set_IKCA":0.036382526,"data_set_O":0.21124342,"data_set_VM":-65.0},{"data_set_T":17.766001,"data_set_IKCA":0.036217153,"data_set_O":0.21028322,"data_set_VM":-65.0},{"data_set_T":17.784,"data_set_IKCA":0.036052581,"data_set_O":0.20932768,"data_set_VM":-65.0},{"data_set_T":17.802,"data_set_IKCA":0.035888802,"data_set_O":0.20837677,"data_set_VM":-65.0},{"data_set_T":17.82,"data_set_IKCA":0.035725821,"data_set_O":0.20743045,"data_set_VM":-65.0},{"data_set_T":17.837999,"data_set_IKCA":0.035563625,"data_set_O":0.20648873,"data_set_VM":-65.0},{"data_set_T":17.856001,"data_set_IKCA":0.03540222,"data_set_O":0.20555156,"data_set_VM":-65.0},{"data_set_T":17.874001,"data_set_IKCA":0.035241593,"data_set_O":0.20461895,"data_set_VM":-65.0},{"data_set_T":17.892,"data_set_IKCA":0.035081744,"data_set_O":0.20369084,"data_set_VM":-65.0},{"data_set_T":17.91,"data_set_IKCA":0.034922671,"data_set_O":0.20276724,"data_set_VM":-65.0},{"data_set_T":17.927999,"data_set_IKCA":0.034764368,"data_set_O":0.2018481,"data_set_VM":-65.0},{"data_set_T":17.945999,"data_set_IKCA":0.034606833,"data_set_O":0.20093341,"data_set_VM":-65.0},{"data_set_T":17.964001,"data_set_IKCA":0.034450062,"data_set_O":0.20002316,"data_set_VM":-65.0},{"data_set_T":17.982,"data_set_IKCA":0.034294046,"data_set_O":0.19911732,"data_set_VM":-65.0},{"data_set_T":18.0,"data_set_IKCA":0.034138788,"data_set_O":0.19821587,"data_set_VM":-65.0}]