[{"data_set_value_component_environment_variable_time":0.0,"data_set_value_component_Vin_variable_V_0":2.0,"data_set_value_component_Vin_variable_V_1":2.0,"data_set_value_component_Vin_variable_beta":0.6,"data_set_value_component_Vin_variable_V_in":3.2,"data_set_value_component_V2_variable_V_M2":6.0,"data_set_value_component_V2_variable_K_2":0.1,"data_set_value_component_V2_variable_V_2":4.1538461538,"data_set_value_component_V3_variable_V_M3":20.0,"data_set_value_component_V3_variable_K_Z":0.5,"data_set_value_component_V3_variable_K_A":0.2,"data_set_value_component_V3_variable_K_Y":0.2,"data_set_value_component_V3_variable_m":2.0,"data_set_value_component_V3_variable_V_3":1.510208417,"data_set_value_component_V5_variable_V_M5":5.0,"data_set_value_component_V5_variable_K_5":1.0,"data_set_value_component_V5_variable_K_d":0.4,"data_set_value_component_V5_variable_p":2.0,"data_set_value_component_V5_variable_n":4.0,"data_set_value_component_V5_variable_V_5":0.0145389858,"data_set_value_component_cytosol_variable_k":10.0,"data_set_value_component_cytosol_variable_k_f":1.0,"data_set_value_component_cytosol_variable_Z":0.15,"data_set_value_component_internal_pool_variable_Y":1.0,"data_set_value_component_InsP3_conc_variable_epsilon":0.1,"data_set_value_component_InsP3_conc_variable_V_4":2.0,"data_set_value_component_InsP3_conc_variable_A":0.42},{"data_set_value_component_environment_variable_time":0.1,"data_set_value_component_Vin_variable_V_0":2.0,"data_set_value_component_Vin_variable_V_1":2.0,"data_set_value_component_Vin_variable_beta":0.6,"data_set_value_component_Vin_variable_V_in":3.2,"data_set_value_component_V2_variable_V_M2":6.0,"data_set_value_component_V2_variable_K_2":0.1,"data_set_value_component_V2_variable_V_2":4.3625218027,"data_set_value_component_V3_variable_V_M3":20.0,"data_set_value_component_V3_variable_K_Z":0.5,"data_set_value_component_V3_variable_K_A":0.2,"data_set_value_component_V3_variable_K_Y":0.2,"data_set_value_component_V3_variable_m":2.0,"data_set_value_component_V3_variable_V_3":1.8333426957,"data_set_value_component_V5_variable_V_M5":5.0,"data_set_value_component_V5_variable_K_5":1.0,"data_set_value_component_V5_variable_K_d":0.4,"data_set_value_component_V5_variable_p":2.0,"data_set_value_component_V5_variable_n":4.0,"data_set_value_component_V5_variable_V_5":0.0298539306,"data_set_value_component_cytosol_variable_k":10.0,"data_set_value_component_cytosol_variable_k_f":1.0,"data_set_value_component_cytosol_variable_Z":0.1632228821,"data_set_value_component_internal_pool_variable_Y":1.1512389308,"data_set_value_component_InsP3_conc_variable_epsilon":0.1,"data_set_value_component_InsP3_conc_variable_V_4":2.0,"data_set_value_component_InsP3_conc_variable_A":0.5331302594},{"data_set_value_component_environment_variable_time":0.2,"data_set_value_component_Vin_variable_V_0":2.0,"data_set_value_component_Vin_variable_V_1":2.0,"data_set_value_component_Vin_variable_beta":0.6,"data_set_value_component_Vin_variable_V_in":3.2,"data_set_value_component_V2_variable_V_M2":6.0,"data_set_value_component_V2_variable_K_2":0.1,"data_set_value_component_V2_variable_V_2":4.6732811064,"data_set_value_component_V3_variable_V_M3":20.0,"data_set_value_component_V3_variable_K_Z":0.5,"data_set_value_component_V3_variable_K_A":0.2,"data_set_value_component_V3_variable_K_Y":0.2,"data_set_value_component_V3_variable_m":2.0,"data_set_value_component_V3_variable_V_3":2.3879808343,"data_set_value_component_V5_variable_V_M5":5.0,"data_set_value_component_V5_variable_K_5":1.0,"data_set_value_component_V5_variable_K_d":0.4,"data_set_value_component_V5_variable_p":2.0,"data_set_value_component_V5_variable_n":4.0,"data_set_value_component_V5_variable_V_5":0.0675585384,"data_set_value_component_cytosol_variable_k":10.0,"data_set_value_component_cytosol_variable_k_f":1.0,"data_set_value_component_cytosol_variable_Z":0.187681513,"data_set_value_component_internal_pool_variable_Y":1.2723111489,"data_set_value_component_InsP3_conc_variable_epsilon":0.1,"data_set_value_component_InsP3_conc_variable_V_4":2.0,"data_set_value_component_InsP3_conc_variable_A":0.6426623586},{"data_set_value_component_environment_variable_time":0.3,"data_set_value_component_Vin_variable_V_0":2.0,"data_set_value_component_Vin_variable_V_1":2.0,"data_set_value_component_Vin_variable_beta":0.6,"data_set_value_component_Vin_variable_V_in":3.2,"data_set_value_component_V2_variable_V_M2":6.0,"data_set_value_component_V2_variable_K_2":0.1,"data_set_value_component_V2_variable_V_2":5.0501900196,"data_set_value_component_V3_variable_V_M3":20.0,"data_set_value_component_V3_variable_K_Z":0.5,"data_set_value_component_V3_variable_K_A":0.2,"data_set_value_component_V3_variable_K_Y":0.2,"data_set_value_component_V3_variable_m":2.0,"data_set_value_component_V3_variable_V_3":3.413715729,"data_set_value_component_V5_variable_V_M5":5.0,"data_set_value_component_V5_variable_K_5":1.0,"data_set_value_component_V5_variable_K_d":0.4,"data_set_value_component_V5_variable_p":2.0,"data_set_value_component_V5_variable_n":4.0,"data_set_value_component_V5_variable_V_5":0.1773470308,"data_set_value_component_cytosol_variable_k":10.0,"data_set_value_component_cytosol_variable_k_f":1.0,"data_set_value_component_cytosol_variable_Z":0.230587359,"data_set_value_component_internal_pool_variable_Y":1.3426250093,"data_set_value_component_InsP3_conc_variable_epsilon":0.1,"data_set_value_component_InsP3_conc_variable_V_4":2.0,"data_set_value_component_InsP3_conc_variable_A":0.7445592863},{"data_set_value_component_environment_variable_time":0.4,"data_set_value_component_Vin_variable_V_0":2.0,"data_set_value_component_Vin_variable_V_1":2.0,"data_set_value_component_Vin_variable_beta":0.6,"data_set_value_component_Vin_variable_V_in":3.2,"data_set_value_component_V2_variable_V_M2":6.0,"data_set_value_component_V2_variable_K_2":0.1,"data_set_value_component_V2_variable_V_2":5.4964773836,"data_set_value_component_V3_variable_V_M3":20.0,"data_set_value_component_V3_variable_K_Z":0.5,"data_set_value_component_V3_variable_K_A":0.2,"data_set_value_component_V3_variable_K_Y":0.2,"data_set_value_component_V3_variable_m":2.0,"data_set_value_component_V3_variable_V_3":5.9152991742,"data_set_value_component_V5_variable_V_M5":5.0,"data_set_value_component_V5_variable_K_5":1.0,"data_set_value_component_V5_variable_K_d":0.4,"data_set_value_component_V5_variable_p":2.0,"data_set_value_component_V5_variable_n":4.0,"data_set_value_component_V5_variable_V_5":0.6399811685,"data_set_value_component_cytosol_variable_k":10.0,"data_set_value_component_cytosol_variable_k_f":1.0,"data_set_value_component_cytosol_variable_Z":0.330394441,"data_set_value_component_internal_pool_variable_Y":1.2905037213,"data_set_value_component_InsP3_conc_variable_epsilon":0.1,"data_set_value_component_InsP3_conc_variable_V_4":2.0,"data_set_value_component_InsP3_conc_variable_A":0.8215742786},{"data_set_value_component_environment_variable_time":0.5,"data_set_value_component_Vin_variable_V_0":2.0,"data_set_value_component_Vin_variable_V_1":2.0,"data_set_value_component_Vin_variable_beta":0.6,"data_set_value_component_Vin_variable_V_in":3.2,"data_set_value_component_V2_variable_V_M2":6.0,"data_set_value_component_V2_variable_K_2":0.1,"data_set_value_component_V2_variable_V_2":5.8334576143,"data_set_value_component_V3_variable_V_M3":20.0,"data_set_value_component_V3_variable_K_Z":0.5,"data_set_value_component_V3_variable_K_A":0.2,"data_set_value_component_V3_variable_K_Y":0.2,"data_set_value_component_V3_variable_m":2.0,"data_set_value_component_V3_variable_V_3":11.0863237367,"data_set_value_component_V5_variable_V_M5":5.0,"data_set_value_component_V5_variable_K_5":1.0,"data_set_value_component_V5_variable_K_d":0.4,"data_set_value_component_V5_variable_p":2.0,"data_set_value_component_V5_variable_n":4.0,"data_set_value_component_V5_variable_V_5":1.6521025244,"data_set_value_component_cytosol_variable_k":10.0,"data_set_value_component_cytosol_variable_k_f":1.0,"data_set_value_component_cytosol_variable_Z":0.591834983,"data_set_value_component_internal_pool_variable_Y":0.9045418775,"data_set_value_component_InsP3_conc_variable_epsilon":0.1,"data_set_value_component_InsP3_conc_variable_V_4":2.0,"data_set_value_component_InsP3_conc_variable_A":0.8154181554},{"data_set_value_component_environment_variable_time":0.6,"data_set_value_component_Vin_variable_V_0":2.0,"data_set_value_component_Vin_variable_V_1":2.0,"data_set_value_component_Vin_variable_beta":0.6,"data_set_value_component_Vin_variable_V_in":3.2,"data_set_value_component_V2_variable_V_M2":6.0,"data_set_value_component_V2_variable_K_2":0.1,"data_set_value_component_V2_variable_V_2":5.9086570735,"data_set_value_component_V3_variable_V_M3":20.0,"data_set_value_component_V3_variable_K_Z":0.5,"data_set_value_component_V3_variable_K_A":0.2,"data_set_value_component_V3_variable_K_Y":0.2,"data_set_value_component_V3_variable_m":2.0,"data_set_value_component_V3_variable_V_3":9.4402640863,"data_set_value_component_V5_variable_V_M5":5.0,"data_set_value_component_V5_variable_K_5":1.0,"data_set_value_component_V5_variable_K_d":0.4,"data_set_value_component_V5_variable_p":2.0,"data_set_value_component_V5_variable_n":4.0,"data_set_value_component_V5_variable_V_5":1.7071366582,"data_set_value_component_cytosol_variable_k":10.0,"data_set_value_component_cytosol_variable_k_f":1.0,"data_set_value_component_cytosol_variable_Z":0.8042793751,"data_set_value_component_internal_pool_variable_Y":0.277217884,"data_set_value_component_InsP3_conc_variable_epsilon":0.1,"data_set_value_component_InsP3_conc_variable_V_4":2.0,"data_set_value_component_InsP3_conc_variable_A":0.7537737095},{"data_set_value_component_environment_variable_time":0.7,"data_set_value_component_Vin_variable_V_0":2.0,"data_set_value_component_Vin_variable_V_1":2.0,"data_set_value_component_Vin_variable_beta":0.6,"data_set_value_component_Vin_variable_V_in":3.2,"data_set_value_component_V2_variable_V_M2":6.0,"data_set_value_component_V2_variable_K_2":0.1,"data_set_value_component_V2_variable_V_2":5.7940961009,"data_set_value_component_V3_variable_V_M3":20.0,"data_set_value_component_V3_variable_K_Z":0.5,"data_set_value_component_V3_variable_K_A":0.2,"data_set_value_component_V3_variable_K_Y":0.2,"data_set_value_component_V3_variable_m":2.0,"data_set_value_component_V3_variable_V_3":5.1373077533,"data_set_value_component_V5_variable_V_M5":5.0,"data_set_value_component_V5_variable_K_5":1.0,"data_set_value_component_V5_variable_K_d":0.4,"data_set_value_component_V5_variable_p":2.0,"data_set_value_component_V5_variable_n":4.0,"data_set_value_component_V5_variable_V_5":1.2752338141,"data_set_value_component_cytosol_variable_k":10.0,"data_set_value_component_cytosol_variable_k_f":1.0,"data_set_value_component_cytosol_variable_Z":0.5304696747,"data_set_value_component_internal_pool_variable_Y":0.1952798877,"data_set_value_component_InsP3_conc_variable_epsilon":0.1,"data_set_value_component_InsP3_conc_variable_V_4":2.0,"data_set_value_component_InsP3_conc_variable_A":0.7137494039},{"data_set_value_component_environment_variable_time":0.8,"data_set_value_component_Vin_variable_V_0":2.0,"data_set_value_component_Vin_variable_V_1":2.0,"data_set_value_component_Vin_variable_beta":0.6,"data_set_value_component_Vin_variable_V_in":3.2,"data_set_value_component_V2_variable_V_M2":6.0,"data_set_value_component_V2_variable_K_2":0.1,"data_set_value_component_V2_variable_V_2":5.5337557577,"data_set_value_component_V3_variable_V_M3":20.0,"data_set_value_component_V3_variable_K_Z":0.5,"data_set_value_component_V3_variable_K_A":0.2,"data_set_value_component_V3_variable_K_Y":0.2,"data_set_value_component_V3_variable_m":2.0,"data_set_value_component_V3_variable_V_3":4.1781654395,"data_set_value_component_V5_variable_V_M5":5.0,"data_set_value_component_V5_variable_K_5":1.0,"data_set_value_component_V5_variable_K_d":0.4,"data_set_value_component_V5_variable_p":2.0,"data_set_value_component_V5_variable_n":4.0,"data_set_value_component_V5_variable_V_5":0.6198271052,"data_set_value_component_cytosol_variable_k":10.0,"data_set_value_component_cytosol_variable_k_f":1.0,"data_set_value_component_cytosol_variable_Z":0.3445111264,"data_set_value_component_internal_pool_variable_Y":0.2740885109,"data_set_value_component_InsP3_conc_variable_epsilon":0.1,"data_set_value_component_InsP3_conc_variable_V_4":2.0,"data_set_value_component_InsP3_conc_variable_A":0.7325869219},{"data_set_value_component_environment_variable_time":0.9,"data_set_value_component_Vin_variable_V_0":2.0,"data_set_value_component_Vin_variable_V_1":2.0,"data_set_value_component_Vin_variable_beta":0.6,"data_set_value_component_Vin_variable_V_in":3.2,"data_set_value_component_V2_variable_V_M2":6.0,"data_set_value_component_V2_variable_K_2":0.1,"data_set_value_component_V2_variable_V_2":5.0976861831,"data_set_value_component_V3_variable_V_M3":20.0,"data_set_value_component_V3_variable_K_Z":0.5,"data_set_value_component_V3_variable_K_A":0.2,"data_set_value_component_V3_variable_K_Y":0.2,"data_set_value_component_V3_variable_m":2.0,"data_set_value_component_V3_variable_V_3":2.9759612392,"data_set_value_component_V5_variable_V_M5":5.0,"data_set_value_component_V5_variable_K_5":1.0,"data_set_value_component_V5_variable_K_d":0.4,"data_set_value_component_V5_variable_p":2.0,"data_set_value_component_V5_variable_n":4.0,"data_set_value_component_V5_variable_V_5":0.2181330327,"data_set_value_component_cytosol_variable_k":10.0,"data_set_value_component_cytosol_variable_k_f":1.0,"data_set_value_component_cytosol_variable_Z":0.2376882671,"data_set_value_component_internal_pool_variable_Y":0.4133698173,"data_set_value_component_InsP3_conc_variable_epsilon":0.1,"data_set_value_component_InsP3_conc_variable_V_4":2.0,"data_set_value_component_InsP3_conc_variable_A":0.8055513935},{"data_set_value_component_environment_variable_time":1.0,"data_set_value_component_Vin_variable_V_0":2.0,"data_set_value_component_Vin_variable_V_1":2.0,"data_set_value_component_Vin_variable_beta":0.6,"data_set_value_component_Vin_variable_V_in":3.2,"data_set_value_component_V2_variable_V_M2":6.0,"data_set_value_component_V2_variable_K_2":0.1,"data_set_value_component_V2_variable_V_2":4.4187185642,"data_set_value_component_V3_variable_V_M3":20.0,"data_set_value_component_V3_variable_K_Z":0.5,"data_set_value_component_V3_variable_K_A":0.2,"data_set_value_component_V3_variable_K_Y":0.2,"data_set_value_component_V3_variable_m":2.0,"data_set_value_component_V3_variable_V_3":1.8082596519,"data_set_value_component_V5_variable_V_M5":5.0,"data_set_value_component_V5_variable_K_5":1.0,"data_set_value_component_V5_variable_K_d":0.4,"data_set_value_component_V5_variable_p":2.0,"data_set_value_component_V5_variable_n":4.0,"data_set_value_component_V5_variable_V_5":0.0665889052,"data_set_value_component_cytosol_variable_k":10.0,"data_set_value_component_cytosol_variable_k_f":1.0,"data_set_value_component_cytosol_variable_Z":0.1671643194,"data_set_value_component_internal_pool_variable_Y":0.6048598167,"data_set_value_component_InsP3_conc_variable_epsilon":0.1,"data_set_value_component_InsP3_conc_variable_V_4":2.0,"data_set_value_component_InsP3_conc_variable_A":0.9044090879}]