[{"data_set_value_component_environment_variable_time":0.0,"data_set_value_component_parameters_variable_H_1":0.01,"data_set_value_component_parameters_variable_H_2":0.01,"data_set_value_component_parameters_variable_H_3":0.01,"data_set_value_component_parameters_variable_H_4":0.01,"data_set_value_component_parameters_variable_K_1":0.01,"data_set_value_component_parameters_variable_K_2":0.01,"data_set_value_component_parameters_variable_K_3":0.01,"data_set_value_component_parameters_variable_K_4":0.01,"data_set_value_component_parameters_variable_V_M1":0.3,"data_set_value_component_parameters_variable_V_M3":0.1,"data_set_value_component_parameters_variable_U_M1":0.3,"data_set_value_component_parameters_variable_U_M3":0.1,"data_set_value_component_parameters_variable_V_2":0.15,"data_set_value_component_parameters_variable_V_4":0.05,"data_set_value_component_parameters_variable_U_2":0.15,"data_set_value_component_parameters_variable_U_4":0.05,"data_set_value_component_parameters_variable_K_c1":0.5,"data_set_value_component_parameters_variable_K_c2":0.5,"data_set_value_component_parameters_variable_K_d1":0.02,"data_set_value_component_parameters_variable_K_d2":0.02,"data_set_value_component_parameters_variable_v_d1":0.025,"data_set_value_component_parameters_variable_v_d2":0.025,"data_set_value_component_parameters_variable_v_i1":0.05,"data_set_value_component_parameters_variable_v_i2":0.05,"data_set_value_component_parameters_variable_k_d1":0.001,"data_set_value_component_parameters_variable_k_d2":0.001,"data_set_value_component_parameters_variable_K_im1":0.03,"data_set_value_component_parameters_variable_K_im2":0.03,"data_set_value_component_C_1_variable_C_1":2.0,"data_set_value_component_M_1_variable_M_1":1.0,"data_set_value_component_X_1_variable_X_1":0.0,"data_set_value_component_C_2_variable_C_2":0.0,"data_set_value_component_M_2_variable_M_2":0.0,"data_set_value_component_X_2_variable_X_2":0.0,"data_set_value_component_V_1_variable_V_1":0.24,"data_set_value_component_V_3_variable_V_3":0.1,"data_set_value_component_U_1_variable_U_1":0.0,"data_set_value_component_U_3_variable_U_3":0.0},{"data_set_value_component_environment_variable_time":0.1,"data_set_value_component_parameters_variable_H_1":0.01,"data_set_value_component_parameters_variable_H_2":0.01,"data_set_value_component_parameters_variable_H_3":0.01,"data_set_value_component_parameters_variable_H_4":0.01,"data_set_value_component_parameters_variable_K_1":0.01,"data_set_value_component_parameters_variable_K_2":0.01,"data_set_value_component_parameters_variable_K_3":0.01,"data_set_value_component_parameters_variable_K_4":0.01,"data_set_value_component_parameters_variable_V_M1":0.3,"data_set_value_component_parameters_variable_V_M3":0.1,"data_set_value_component_parameters_variable_U_M1":0.3,"data_set_value_component_parameters_variable_U_M3":0.1,"data_set_value_component_parameters_variable_V_2":0.15,"data_set_value_component_parameters_variable_V_4":0.05,"data_set_value_component_parameters_variable_U_2":0.15,"data_set_value_component_parameters_variable_U_4":0.05,"data_set_value_component_parameters_variable_K_c1":0.5,"data_set_value_component_parameters_variable_K_c2":0.5,"data_set_value_component_parameters_variable_K_d1":0.02,"data_set_value_component_parameters_variable_K_d2":0.02,"data_set_value_component_parameters_variable_v_d1":0.025,"data_set_value_component_parameters_variable_v_d2":0.025,"data_set_value_component_parameters_variable_v_i1":0.05,"data_set_value_component_parameters_variable_v_i2":0.05,"data_set_value_component_parameters_variable_k_d1":0.001,"data_set_value_component_parameters_variable_k_d2":0.001,"data_set_value_component_parameters_variable_K_im1":0.03,"data_set_value_component_parameters_variable_K_im2":0.03,"data_set_value_component_C_1_variable_C_1":2.0047886929,"data_set_value_component_M_1_variable_M_1":0.9923115539,"data_set_value_component_X_1_variable_X_1":0.0084321223,"data_set_value_component_C_2_variable_C_2":0.0001462772,"data_set_value_component_M_2_variable_M_2":0.0000027898,"data_set_value_component_X_2_variable_X_2":0.000000009,"data_set_value_component_V_1_variable_V_1":0.2401147089,"data_set_value_component_V_3_variable_V_3":0.0992311554,"data_set_value_component_U_1_variable_U_1":0.0000877407,"data_set_value_component_U_3_variable_U_3":0.000000279},{"data_set_value_component_environment_variable_time":0.2,"data_set_value_component_parameters_variable_H_1":0.01,"data_set_value_component_parameters_variable_H_2":0.01,"data_set_value_component_parameters_variable_H_3":0.01,"data_set_value_component_parameters_variable_H_4":0.01,"data_set_value_component_parameters_variable_K_1":0.01,"data_set_value_component_parameters_variable_K_2":0.01,"data_set_value_component_parameters_variable_K_3":0.01,"data_set_value_component_parameters_variable_K_4":0.01,"data_set_value_component_parameters_variable_V_M1":0.3,"data_set_value_component_parameters_variable_V_M3":0.1,"data_set_value_component_parameters_variable_U_M1":0.3,"data_set_value_component_parameters_variable_U_M3":0.1,"data_set_value_component_parameters_variable_V_2":0.15,"data_set_value_component_parameters_variable_V_4":0.05,"data_set_value_component_parameters_variable_U_2":0.15,"data_set_value_component_parameters_variable_U_4":0.05,"data_set_value_component_parameters_variable_K_c1":0.5,"data_set_value_component_parameters_variable_K_c2":0.5,"data_set_value_component_parameters_variable_K_d1":0.02,"data_set_value_component_parameters_variable_K_d2":0.02,"data_set_value_component_parameters_variable_v_d1":0.025,"data_set_value_component_parameters_variable_v_d2":0.025,"data_set_value_component_parameters_variable_v_i1":0.05,"data_set_value_component_parameters_variable_v_i2":0.05,"data_set_value_component_parameters_variable_k_d1":0.001,"data_set_value_component_parameters_variable_k_d2":0.001,"data_set_value_component_parameters_variable_K_im1":0.03,"data_set_value_component_parameters_variable_K_im2":0.03,"data_set_value_component_C_1_variable_C_1":2.0095572841,"data_set_value_component_M_1_variable_M_1":0.9891087447,"data_set_value_component_X_1_variable_X_1":0.0155265234,"data_set_value_component_C_2_variable_C_2":0.0002932363,"data_set_value_component_M_2_variable_M_2":0.0000079268,"data_set_value_component_X_2_variable_X_2":0.0000000482,"data_set_value_component_V_1_variable_V_1":0.2402285013,"data_set_value_component_V_3_variable_V_3":0.0989108745,"data_set_value_component_U_1_variable_U_1":0.0001758386,"data_set_value_component_U_3_variable_U_3":0.0000007927},{"data_set_value_component_environment_variable_time":0.3,"data_set_value_component_parameters_variable_H_1":0.01,"data_set_value_component_parameters_variable_H_2":0.01,"data_set_value_component_parameters_variable_H_3":0.01,"data_set_value_component_parameters_variable_H_4":0.01,"data_set_value_component_parameters_variable_K_1":0.01,"data_set_value_component_parameters_variable_K_2":0.01,"data_set_value_component_parameters_variable_K_3":0.01,"data_set_value_component_parameters_variable_K_4":0.01,"data_set_value_component_parameters_variable_V_M1":0.3,"data_set_value_component_parameters_variable_V_M3":0.1,"data_set_value_component_parameters_variable_U_M1":0.3,"data_set_value_component_parameters_variable_U_M3":0.1,"data_set_value_component_parameters_variable_V_2":0.15,"data_set_value_component_parameters_variable_V_4":0.05,"data_set_value_component_parameters_variable_U_2":0.15,"data_set_value_component_parameters_variable_U_4":0.05,"data_set_value_component_parameters_variable_K_c1":0.5,"data_set_value_component_parameters_variable_K_c2":0.5,"data_set_value_component_parameters_variable_K_d1":0.02,"data_set_value_component_parameters_variable_K_d2":0.02,"data_set_value_component_parameters_variable_v_d1":0.025,"data_set_value_component_parameters_variable_v_d2":0.025,"data_set_value_component_parameters_variable_v_i1":0.05,"data_set_value_component_parameters_variable_v_i2":0.05,"data_set_value_component_parameters_variable_k_d1":0.001,"data_set_value_component_parameters_variable_k_d2":0.001,"data_set_value_component_parameters_variable_K_im1":0.03,"data_set_value_component_parameters_variable_K_im2":0.03,"data_set_value_component_C_1_variable_C_1":2.0143077066,"data_set_value_component_M_1_variable_M_1":0.9872961124,"data_set_value_component_X_1_variable_X_1":0.0220504038,"data_set_value_component_C_2_variable_C_2":0.000440529,"data_set_value_component_M_2_variable_M_2":0.0000136031,"data_set_value_component_X_2_variable_X_2":0.0000001148,"data_set_value_component_V_1_variable_V_1":0.2403414309,"data_set_value_component_V_3_variable_V_3":0.0987296112,"data_set_value_component_U_1_variable_U_1":0.0002640847,"data_set_value_component_U_3_variable_U_3":0.0000013603},{"data_set_value_component_environment_variable_time":0.4,"data_set_value_component_parameters_variable_H_1":0.01,"data_set_value_component_parameters_variable_H_2":0.01,"data_set_value_component_parameters_variable_H_3":0.01,"data_set_value_component_parameters_variable_H_4":0.01,"data_set_value_component_parameters_variable_K_1":0.01,"data_set_value_component_parameters_variable_K_2":0.01,"data_set_value_component_parameters_variable_K_3":0.01,"data_set_value_component_parameters_variable_K_4":0.01,"data_set_value_component_parameters_variable_V_M1":0.3,"data_set_value_component_parameters_variable_V_M3":0.1,"data_set_value_component_parameters_variable_U_M1":0.3,"data_set_value_component_parameters_variable_U_M3":0.1,"data_set_value_component_parameters_variable_V_2":0.15,"data_set_value_component_parameters_variable_V_4":0.05,"data_set_value_component_parameters_variable_U_2":0.15,"data_set_value_component_parameters_variable_U_4":0.05,"data_set_value_component_parameters_variable_K_c1":0.5,"data_set_value_component_parameters_variable_K_c2":0.5,"data_set_value_component_parameters_variable_K_d1":0.02,"data_set_value_component_parameters_variable_K_d2":0.02,"data_set_value_component_parameters_variable_v_d1":0.025,"data_set_value_component_parameters_variable_v_d2":0.025,"data_set_value_component_parameters_variable_v_i1":0.05,"data_set_value_component_parameters_variable_v_i2":0.05,"data_set_value_component_parameters_variable_k_d1":0.001,"data_set_value_component_parameters_variable_k_d2":0.001,"data_set_value_component_parameters_variable_K_im1":0.03,"data_set_value_component_parameters_variable_K_im2":0.03,"data_set_value_component_C_1_variable_C_1":2.0190409876,"data_set_value_component_M_1_variable_M_1":0.9861714416,"data_set_value_component_X_1_variable_X_1":0.0282425635,"data_set_value_component_C_2_variable_C_2":0.0005880148,"data_set_value_component_M_2_variable_M_2":0.0000194101,"data_set_value_component_X_2_variable_X_2":0.0000002001,"data_set_value_component_V_1_variable_V_1":0.2404535294,"data_set_value_component_V_3_variable_V_3":0.0986171442,"data_set_value_component_U_1_variable_U_1":0.0003523945,"data_set_value_component_U_3_variable_U_3":0.000001941},{"data_set_value_component_environment_variable_time":0.5,"data_set_value_component_parameters_variable_H_1":0.01,"data_set_value_component_parameters_variable_H_2":0.01,"data_set_value_component_parameters_variable_H_3":0.01,"data_set_value_component_parameters_variable_H_4":0.01,"data_set_value_component_parameters_variable_K_1":0.01,"data_set_value_component_parameters_variable_K_2":0.01,"data_set_value_component_parameters_variable_K_3":0.01,"data_set_value_component_parameters_variable_K_4":0.01,"data_set_value_component_parameters_variable_V_M1":0.3,"data_set_value_component_parameters_variable_V_M3":0.1,"data_set_value_component_parameters_variable_U_M1":0.3,"data_set_value_component_parameters_variable_U_M3":0.1,"data_set_value_component_parameters_variable_V_2":0.15,"data_set_value_component_parameters_variable_V_4":0.05,"data_set_value_component_parameters_variable_U_2":0.15,"data_set_value_component_parameters_variable_U_4":0.05,"data_set_value_component_parameters_variable_K_c1":0.5,"data_set_value_component_parameters_variable_K_c2":0.5,"data_set_value_component_parameters_variable_K_d1":0.02,"data_set_value_component_parameters_variable_K_d2":0.02,"data_set_value_component_parameters_variable_v_d1":0.025,"data_set_value_component_parameters_variable_v_d2":0.025,"data_set_value_component_parameters_variable_v_i1":0.05,"data_set_value_component_parameters_variable_v_i2":0.05,"data_set_value_component_parameters_variable_k_d1":0.001,"data_set_value_component_parameters_variable_k_d2":0.001,"data_set_value_component_parameters_variable_K_im1":0.03,"data_set_value_component_parameters_variable_K_im2":0.03,"data_set_value_component_C_1_variable_C_1":2.0237577849,"data_set_value_component_M_1_variable_M_1":0.9854418972,"data_set_value_component_X_1_variable_X_1":0.0342140977,"data_set_value_component_C_2_variable_C_2":0.0007356182,"data_set_value_component_M_2_variable_M_2":0.0000252532,"data_set_value_component_X_2_variable_X_2":0.0000002972,"data_set_value_component_V_1_variable_V_1":0.2405648193,"data_set_value_component_V_3_variable_V_3":0.0985441897,"data_set_value_component_U_1_variable_U_1":0.0004407225,"data_set_value_component_U_3_variable_U_3":0.0000025253},{"data_set_value_component_environment_variable_time":0.6,"data_set_value_component_parameters_variable_H_1":0.01,"data_set_value_component_parameters_variable_H_2":0.01,"data_set_value_component_parameters_variable_H_3":0.01,"data_set_value_component_parameters_variable_H_4":0.01,"data_set_value_component_parameters_variable_K_1":0.01,"data_set_value_component_parameters_variable_K_2":0.01,"data_set_value_component_parameters_variable_K_3":0.01,"data_set_value_component_parameters_variable_K_4":0.01,"data_set_value_component_parameters_variable_V_M1":0.3,"data_set_value_component_parameters_variable_V_M3":0.1,"data_set_value_component_parameters_variable_U_M1":0.3,"data_set_value_component_parameters_variable_U_M3":0.1,"data_set_value_component_parameters_variable_V_2":0.15,"data_set_value_component_parameters_variable_V_4":0.05,"data_set_value_component_parameters_variable_U_2":0.15,"data_set_value_component_parameters_variable_U_4":0.05,"data_set_value_component_parameters_variable_K_c1":0.5,"data_set_value_component_parameters_variable_K_c2":0.5,"data_set_value_component_parameters_variable_K_d1":0.02,"data_set_value_component_parameters_variable_K_d2":0.02,"data_set_value_component_parameters_variable_v_d1":0.025,"data_set_value_component_parameters_variable_v_d2":0.025,"data_set_value_component_parameters_variable_v_i1":0.05,"data_set_value_component_parameters_variable_v_i2":0.05,"data_set_value_component_parameters_variable_k_d1":0.001,"data_set_value_component_parameters_variable_k_d2":0.001,"data_set_value_component_parameters_variable_K_im1":0.03,"data_set_value_component_parameters_variable_K_im2":0.03,"data_set_value_component_C_1_variable_C_1":2.0284585596,"data_set_value_component_M_1_variable_M_1":0.9849579454,"data_set_value_component_X_1_variable_X_1":0.0400269038,"data_set_value_component_C_2_variable_C_2":0.0008832937,"data_set_value_component_M_2_variable_M_2":0.0000311096,"data_set_value_component_X_2_variable_X_2":0.0000004017,"data_set_value_component_V_1_variable_V_1":0.240675318,"data_set_value_component_V_3_variable_V_3":0.0984957945,"data_set_value_component_U_1_variable_U_1":0.0005290416,"data_set_value_component_U_3_variable_U_3":0.000003111},{"data_set_value_component_environment_variable_time":0.7,"data_set_value_component_parameters_variable_H_1":0.01,"data_set_value_component_parameters_variable_H_2":0.01,"data_set_value_component_parameters_variable_H_3":0.01,"data_set_value_component_parameters_variable_H_4":0.01,"data_set_value_component_parameters_variable_K_1":0.01,"data_set_value_component_parameters_variable_K_2":0.01,"data_set_value_component_parameters_variable_K_3":0.01,"data_set_value_component_parameters_variable_K_4":0.01,"data_set_value_component_parameters_variable_V_M1":0.3,"data_set_value_component_parameters_variable_V_M3":0.1,"data_set_value_component_parameters_variable_U_M1":0.3,"data_set_value_component_parameters_variable_U_M3":0.1,"data_set_value_component_parameters_variable_V_2":0.15,"data_set_value_component_parameters_variable_V_4":0.05,"data_set_value_component_parameters_variable_U_2":0.15,"data_set_value_component_parameters_variable_U_4":0.05,"data_set_value_component_parameters_variable_K_c1":0.5,"data_set_value_component_parameters_variable_K_c2":0.5,"data_set_value_component_parameters_variable_K_d1":0.02,"data_set_value_component_parameters_variable_K_d2":0.02,"data_set_value_component_parameters_variable_v_d1":0.025,"data_set_value_component_parameters_variable_v_d2":0.025,"data_set_value_component_parameters_variable_v_i1":0.05,"data_set_value_component_parameters_variable_v_i2":0.05,"data_set_value_component_parameters_variable_k_d1":0.001,"data_set_value_component_parameters_variable_k_d2":0.001,"data_set_value_component_parameters_variable_K_im1":0.03,"data_set_value_component_parameters_variable_K_im2":0.03,"data_set_value_component_C_1_variable_C_1":2.0331436534,"data_set_value_component_M_1_variable_M_1":0.9846347643,"data_set_value_component_X_1_variable_X_1":0.045719323,"data_set_value_component_C_2_variable_C_2":0.0010310124,"data_set_value_component_M_2_variable_M_2":0.0000369733,"data_set_value_component_X_2_variable_X_2":0.0000005108,"data_set_value_component_V_1_variable_V_1":0.24078504,"data_set_value_component_V_3_variable_V_3":0.0984634764,"data_set_value_component_U_1_variable_U_1":0.0006173345,"data_set_value_component_U_3_variable_U_3":0.0000036973},{"data_set_value_component_environment_variable_time":0.8,"data_set_value_component_parameters_variable_H_1":0.01,"data_set_value_component_parameters_variable_H_2":0.01,"data_set_value_component_parameters_variable_H_3":0.01,"data_set_value_component_parameters_variable_H_4":0.01,"data_set_value_component_parameters_variable_K_1":0.01,"data_set_value_component_parameters_variable_K_2":0.01,"data_set_value_component_parameters_variable_K_3":0.01,"data_set_value_component_parameters_variable_K_4":0.01,"data_set_value_component_parameters_variable_V_M1":0.3,"data_set_value_component_parameters_variable_V_M3":0.1,"data_set_value_component_parameters_variable_U_M1":0.3,"data_set_value_component_parameters_variable_U_M3":0.1,"data_set_value_component_parameters_variable_V_2":0.15,"data_set_value_component_parameters_variable_V_4":0.05,"data_set_value_component_parameters_variable_U_2":0.15,"data_set_value_component_parameters_variable_U_4":0.05,"data_set_value_component_parameters_variable_K_c1":0.5,"data_set_value_component_parameters_variable_K_c2":0.5,"data_set_value_component_parameters_variable_K_d1":0.02,"data_set_value_component_parameters_variable_K_d2":0.02,"data_set_value_component_parameters_variable_v_d1":0.025,"data_set_value_component_parameters_variable_v_d2":0.025,"data_set_value_component_parameters_variable_v_i1":0.05,"data_set_value_component_parameters_variable_v_i2":0.05,"data_set_value_component_parameters_variable_k_d1":0.001,"data_set_value_component_parameters_variable_k_d2":0.001,"data_set_value_component_parameters_variable_K_im1":0.03,"data_set_value_component_parameters_variable_K_im2":0.03,"data_set_value_component_C_1_variable_C_1":2.0378133304,"data_set_value_component_M_1_variable_M_1":0.9844177068,"data_set_value_component_X_1_variable_X_1":0.051317103,"data_set_value_component_C_2_variable_C_2":0.0011787552,"data_set_value_component_M_2_variable_M_2":0.0000428422,"data_set_value_component_X_2_variable_X_2":0.0000006227,"data_set_value_component_V_1_variable_V_1":0.2408939979,"data_set_value_component_V_3_variable_V_3":0.0984417707,"data_set_value_component_U_1_variable_U_1":0.0007055897,"data_set_value_component_U_3_variable_U_3":0.0000042842},{"data_set_value_component_environment_variable_time":0.9,"data_set_value_component_parameters_variable_H_1":0.01,"data_set_value_component_parameters_variable_H_2":0.01,"data_set_value_component_parameters_variable_H_3":0.01,"data_set_value_component_parameters_variable_H_4":0.01,"data_set_value_component_parameters_variable_K_1":0.01,"data_set_value_component_parameters_variable_K_2":0.01,"data_set_value_component_parameters_variable_K_3":0.01,"data_set_value_component_parameters_variable_K_4":0.01,"data_set_value_component_parameters_variable_V_M1":0.3,"data_set_value_component_parameters_variable_V_M3":0.1,"data_set_value_component_parameters_variable_U_M1":0.3,"data_set_value_component_parameters_variable_U_M3":0.1,"data_set_value_component_parameters_variable_V_2":0.15,"data_set_value_component_parameters_variable_V_4":0.05,"data_set_value_component_parameters_variable_U_2":0.15,"data_set_value_component_parameters_variable_U_4":0.05,"data_set_value_component_parameters_variable_K_c1":0.5,"data_set_value_component_parameters_variable_K_c2":0.5,"data_set_value_component_parameters_variable_K_d1":0.02,"data_set_value_component_parameters_variable_K_d2":0.02,"data_set_value_component_parameters_variable_v_d1":0.025,"data_set_value_component_parameters_variable_v_d2":0.025,"data_set_value_component_parameters_variable_v_i1":0.05,"data_set_value_component_parameters_variable_v_i2":0.05,"data_set_value_component_parameters_variable_k_d1":0.001,"data_set_value_component_parameters_variable_k_d2":0.001,"data_set_value_component_parameters_variable_K_im1":0.03,"data_set_value_component_parameters_variable_K_im2":0.03,"data_set_value_component_C_1_variable_C_1":2.0424678023,"data_set_value_component_M_1_variable_M_1":0.9842726471,"data_set_value_component_X_1_variable_X_1":0.0568382645,"data_set_value_component_C_2_variable_C_2":0.0013265091,"data_set_value_component_M_2_variable_M_2":0.0000487154,"data_set_value_component_X_2_variable_X_2":0.0000007363,"data_set_value_component_V_1_variable_V_1":0.2410022027,"data_set_value_component_V_3_variable_V_3":0.0984272647,"data_set_value_component_U_1_variable_U_1":0.0007937995,"data_set_value_component_U_3_variable_U_3":0.0000048715},{"data_set_value_component_environment_variable_time":1.0,"data_set_value_component_parameters_variable_H_1":0.01,"data_set_value_component_parameters_variable_H_2":0.01,"data_set_value_component_parameters_variable_H_3":0.01,"data_set_value_component_parameters_variable_H_4":0.01,"data_set_value_component_parameters_variable_K_1":0.01,"data_set_value_component_parameters_variable_K_2":0.01,"data_set_value_component_parameters_variable_K_3":0.01,"data_set_value_component_parameters_variable_K_4":0.01,"data_set_value_component_parameters_variable_V_M1":0.3,"data_set_value_component_parameters_variable_V_M3":0.1,"data_set_value_component_parameters_variable_U_M1":0.3,"data_set_value_component_parameters_variable_U_M3":0.1,"data_set_value_component_parameters_variable_V_2":0.15,"data_set_value_component_parameters_variable_V_4":0.05,"data_set_value_component_parameters_variable_U_2":0.15,"data_set_value_component_parameters_variable_U_4":0.05,"data_set_value_component_parameters_variable_K_c1":0.5,"data_set_value_component_parameters_variable_K_c2":0.5,"data_set_value_component_parameters_variable_K_d1":0.02,"data_set_value_component_parameters_variable_K_d2":0.02,"data_set_value_component_parameters_variable_v_d1":0.025,"data_set_value_component_parameters_variable_v_d2":0.025,"data_set_value_component_parameters_variable_v_i1":0.05,"data_set_value_component_parameters_variable_v_i2":0.05,"data_set_value_component_parameters_variable_k_d1":0.001,"data_set_value_component_parameters_variable_k_d2":0.001,"data_set_value_component_parameters_variable_K_im1":0.03,"data_set_value_component_parameters_variable_K_im2":0.03,"data_set_value_component_C_1_variable_C_1":2.047107242,"data_set_value_component_M_1_variable_M_1":0.9841779445,"data_set_value_component_X_1_variable_X_1":0.0622959982,"data_set_value_component_C_2_variable_C_2":0.0014742656,"data_set_value_component_M_2_variable_M_2":0.0000545923,"data_set_value_component_X_2_variable_X_2":0.0000008509,"data_set_value_component_V_1_variable_V_1":0.2411096645,"data_set_value_component_V_3_variable_V_3":0.0984177944,"data_set_value_component_U_1_variable_U_1":0.0008819589,"data_set_value_component_U_3_variable_U_3":0.0000054592}]