[{"data_generator_T":0.0,"data_generator_V1":-71.199997},{"data_generator_T":6.9990001,"data_generator_V1":-73.746231},{"data_generator_T":13.998,"data_generator_V1":-72.853149},{"data_generator_T":20.997,"data_generator_V1":-74.208359},{"data_generator_T":27.996,"data_generator_V1":-74.654221},{"data_generator_T":34.994999,"data_generator_V1":-63.479836},{"data_generator_T":41.993999,"data_generator_V1":-68.663681},{"data_generator_T":48.993,"data_generator_V1":-66.648087},{"data_generator_T":55.992001,"data_generator_V1":-65.69738},{"data_generator_T":62.991001,"data_generator_V1":7.7745876},{"data_generator_T":69.989998,"data_generator_V1":-72.596779},{"data_generator_T":76.988998,"data_generator_V1":-71.87249},{"data_generator_T":83.987999,"data_generator_V1":-68.159531},{"data_generator_T":90.987,"data_generator_V1":-63.1828},{"data_generator_T":97.986,"data_generator_V1":-75.708214},{"data_generator_T":104.985,"data_generator_V1":-73.825165},{"data_generator_T":111.984,"data_generator_V1":-68.594162},{"data_generator_T":118.983,"data_generator_V1":-67.240593},{"data_generator_T":125.982,"data_generator_V1":-74.855591},{"data_generator_T":132.981,"data_generator_V1":-71.263336},{"data_generator_T":139.98,"data_generator_V1":-76.151466},{"data_generator_T":146.979,"data_generator_V1":-71.687317},{"data_generator_T":153.978,"data_generator_V1":-69.412102},{"data_generator_T":160.97701,"data_generator_V1":-70.794548},{"data_generator_T":167.976,"data_generator_V1":-72.445038},{"data_generator_T":174.97501,"data_generator_V1":-71.808624},{"data_generator_T":181.974,"data_generator_V1":-69.004211},{"data_generator_T":188.97301,"data_generator_V1":-72.387161},{"data_generator_T":195.972,"data_generator_V1":-69.607941},{"data_generator_T":202.97099,"data_generator_V1":-72.5802},{"data_generator_T":209.97,"data_generator_V1":-72.482254},{"data_generator_T":216.96899,"data_generator_V1":-72.732399},{"data_generator_T":223.968,"data_generator_V1":-66.172592},{"data_generator_T":230.967,"data_generator_V1":-71.526199},{"data_generator_T":237.966,"data_generator_V1":-66.372917},{"data_generator_T":244.965,"data_generator_V1":-59.545231},{"data_generator_T":251.964,"data_generator_V1":-64.469147},{"data_generator_T":258.96301,"data_generator_V1":-77.205124},{"data_generator_T":265.96201,"data_generator_V1":-75.58596},{"data_generator_T":272.961,"data_generator_V1":-74.240295},{"data_generator_T":279.95999,"data_generator_V1":-73.947479},{"data_generator_T":286.95901,"data_generator_V1":-68.43499},{"data_generator_T":293.95801,"data_generator_V1":-65.979309},{"data_generator_T":300.957,"data_generator_V1":-57.373402},{"data_generator_T":307.95599,"data_generator_V1":-61.519527},{"data_generator_T":314.95499,"data_generator_V1":-71.806023},{"data_generator_T":321.95401,"data_generator_V1":-66.810341},{"data_generator_T":328.953,"data_generator_V1":-74.451599},{"data_generator_T":335.952,"data_generator_V1":-73.765427},{"data_generator_T":342.95099,"data_generator_V1":-76.252548},{"data_generator_T":349.95001,"data_generator_V1":-71.418182},{"data_generator_T":356.94901,"data_generator_V1":-68.181854},{"data_generator_T":363.948,"data_generator_V1":-71.306175},{"data_generator_T":370.94699,"data_generator_V1":-69.078499},{"data_generator_T":377.94601,"data_generator_V1":-73.051788},{"data_generator_T":384.94501,"data_generator_V1":-73.409309},{"data_generator_T":391.944,"data_generator_V1":-68.061119},{"data_generator_T":398.94299,"data_generator_V1":-70.137627},{"data_generator_T":405.94199,"data_generator_V1":-63.446796},{"data_generator_T":412.94101,"data_generator_V1":29.833221},{"data_generator_T":419.94,"data_generator_V1":-71.753662},{"data_generator_T":426.939,"data_generator_V1":-75.117805},{"data_generator_T":433.93799,"data_generator_V1":-74.638329},{"data_generator_T":440.93701,"data_generator_V1":-70.454811},{"data_generator_T":447.936,"data_generator_V1":-75.106323},{"data_generator_T":454.935,"data_generator_V1":-70.850624},{"data_generator_T":461.93399,"data_generator_V1":-75.187981},{"data_generator_T":468.93301,"data_generator_V1":-75.867981},{"data_generator_T":475.93201,"data_generator_V1":-71.321922},{"data_generator_T":482.931,"data_generator_V1":-74.282318},{"data_generator_T":489.92999,"data_generator_V1":-73.94989},{"data_generator_T":496.92899,"data_generator_V1":-67.85997},{"data_generator_T":503.92801,"data_generator_V1":-72.100021},{"data_generator_T":510.927,"data_generator_V1":-67.380638},{"data_generator_T":517.92603,"data_generator_V1":-69.393936},{"data_generator_T":524.92499,"data_generator_V1":-76.08078},{"data_generator_T":531.92401,"data_generator_V1":-70.918518},{"data_generator_T":538.92297,"data_generator_V1":-75.973892},{"data_generator_T":545.922,"data_generator_V1":-76.039093},{"data_generator_T":552.92102,"data_generator_V1":-71.860336},{"data_generator_T":559.91998,"data_generator_V1":-68.164505},{"data_generator_T":566.91901,"data_generator_V1":-60.603882},{"data_generator_T":573.91803,"data_generator_V1":-49.54427},{"data_generator_T":580.91699,"data_generator_V1":-68.852959},{"data_generator_T":587.91602,"data_generator_V1":-72.413078},{"data_generator_T":594.91498,"data_generator_V1":-71.759926},{"data_generator_T":601.914,"data_generator_V1":-71.557243},{"data_generator_T":608.91302,"data_generator_V1":-76.538826},{"data_generator_T":615.91199,"data_generator_V1":-70.667526},{"data_generator_T":622.91101,"data_generator_V1":-66.531326},{"data_generator_T":629.90997,"data_generator_V1":-69.467026},{"data_generator_T":636.909,"data_generator_V1":-71.480911},{"data_generator_T":643.90802,"data_generator_V1":-66.916321},{"data_generator_T":650.90698,"data_generator_V1":-71.069603},{"data_generator_T":657.90601,"data_generator_V1":-73.605713},{"data_generator_T":664.90503,"data_generator_V1":-73.61631},{"data_generator_T":671.90399,"data_generator_V1":-69.088661},{"data_generator_T":678.90302,"data_generator_V1":-71.834679},{"data_generator_T":685.90198,"data_generator_V1":-66.760544},{"data_generator_T":692.901,"data_generator_V1":-60.583878},{"data_generator_T":699.90002,"data_generator_V1":-64.82415},{"data_generator_T":706.89899,"data_generator_V1":-73.923874},{"data_generator_T":713.89801,"data_generator_V1":-74.445786},{"data_generator_T":720.89697,"data_generator_V1":-74.888618},{"data_generator_T":727.896,"data_generator_V1":-76.395126},{"data_generator_T":734.89502,"data_generator_V1":-65.274261},{"data_generator_T":741.89398,"data_generator_V1":-72.744225},{"data_generator_T":748.89301,"data_generator_V1":-66.538704},{"data_generator_T":755.89203,"data_generator_V1":-57.963665},{"data_generator_T":762.89099,"data_generator_V1":-64.023125},{"data_generator_T":769.89001,"data_generator_V1":-66.926773},{"data_generator_T":776.88898,"data_generator_V1":-76.544937},{"data_generator_T":783.888,"data_generator_V1":-75.919327},{"data_generator_T":790.88702,"data_generator_V1":-70.814728},{"data_generator_T":797.88599,"data_generator_V1":-67.360657},{"data_generator_T":804.88501,"data_generator_V1":-71.776894},{"data_generator_T":811.88397,"data_generator_V1":-66.011414},{"data_generator_T":818.883,"data_generator_V1":-70.002098},{"data_generator_T":825.88202,"data_generator_V1":-74.49192},{"data_generator_T":832.88098,"data_generator_V1":-74.43161},{"data_generator_T":839.88,"data_generator_V1":-73.583557},{"data_generator_T":846.87903,"data_generator_V1":-67.192078},{"data_generator_T":853.87799,"data_generator_V1":-69.424652},{"data_generator_T":860.87701,"data_generator_V1":-63.332375},{"data_generator_T":867.87598,"data_generator_V1":-65.931137},{"data_generator_T":874.875,"data_generator_V1":-68.495743},{"data_generator_T":881.87402,"data_generator_V1":-78.114182},{"data_generator_T":888.87299,"data_generator_V1":-74.990501},{"data_generator_T":895.87201,"data_generator_V1":-73.325378},{"data_generator_T":902.87097,"data_generator_V1":-72.837456},{"data_generator_T":909.87,"data_generator_V1":-70.510086},{"data_generator_T":916.86902,"data_generator_V1":-75.971603},{"data_generator_T":923.86798,"data_generator_V1":-72.743904},{"data_generator_T":930.867,"data_generator_V1":-72.188919},{"data_generator_T":937.86603,"data_generator_V1":-69.659981},{"data_generator_T":944.86499,"data_generator_V1":-77.009476},{"data_generator_T":951.86401,"data_generator_V1":-76.747009},{"data_generator_T":958.86298,"data_generator_V1":-71.117897},{"data_generator_T":965.862,"data_generator_V1":-71.050301},{"data_generator_T":972.86102,"data_generator_V1":-69.325012},{"data_generator_T":979.85999,"data_generator_V1":-76.967964},{"data_generator_T":986.85901,"data_generator_V1":-75.518181},{"data_generator_T":993.85797,"data_generator_V1":-73.965256},{"data_generator_T":1000.857,"data_generator_V1":-74.056862},{"data_generator_T":1007.856,"data_generator_V1":-58.036137},{"data_generator_T":1014.855,"data_generator_V1":-70.809845},{"data_generator_T":1021.854,"data_generator_V1":-70.514442},{"data_generator_T":1028.853,"data_generator_V1":-67.735474},{"data_generator_T":1035.8521,"data_generator_V1":-73.492897},{"data_generator_T":1042.851,"data_generator_V1":-78.116661},{"data_generator_T":1049.85,"data_generator_V1":-77.116508},{"data_generator_T":1056.849,"data_generator_V1":-72.39254},{"data_generator_T":1063.848,"data_generator_V1":-38.093132},{"data_generator_T":1070.847,"data_generator_V1":-64.677704},{"data_generator_T":1077.8459,"data_generator_V1":-74.665878},{"data_generator_T":1084.845,"data_generator_V1":-74.255867},{"data_generator_T":1091.844,"data_generator_V1":-73.826485},{"data_generator_T":1098.843,"data_generator_V1":-71.460274},{"data_generator_T":1105.842,"data_generator_V1":-67.761703},{"data_generator_T":1112.8409,"data_generator_V1":-69.949295},{"data_generator_T":1119.84,"data_generator_V1":-76.183708},{"data_generator_T":1126.839,"data_generator_V1":-75.218628},{"data_generator_T":1133.838,"data_generator_V1":-73.856697},{"data_generator_T":1140.837,"data_generator_V1":-74.157127},{"data_generator_T":1147.8361,"data_generator_V1":-73.456299},{"data_generator_T":1154.835,"data_generator_V1":-68.037941},{"data_generator_T":1161.834,"data_generator_V1":-64.405472},{"data_generator_T":1168.833,"data_generator_V1":-72.754372},{"data_generator_T":1175.832,"data_generator_V1":-67.244484},{"data_generator_T":1182.8311,"data_generator_V1":-70.908775},{"data_generator_T":1189.83,"data_generator_V1":-64.73436},{"data_generator_T":1196.829,"data_generator_V1":-72.063385},{"data_generator_T":1203.828,"data_generator_V1":-65.38018},{"data_generator_T":1210.827,"data_generator_V1":-70.799377},{"data_generator_T":1217.826,"data_generator_V1":-73.446442},{"data_generator_T":1224.825,"data_generator_V1":-73.71476},{"data_generator_T":1231.824,"data_generator_V1":-72.201912},{"data_generator_T":1238.823,"data_generator_V1":-72.370926},{"data_generator_T":1245.822,"data_generator_V1":-72.695824},{"data_generator_T":1252.821,"data_generator_V1":-74.951271},{"data_generator_T":1259.8199,"data_generator_V1":-69.603981},{"data_generator_T":1266.819,"data_generator_V1":-66.882942},{"data_generator_T":1273.818,"data_generator_V1":-75.110222},{"data_generator_T":1280.817,"data_generator_V1":-70.321312},{"data_generator_T":1287.816,"data_generator_V1":-73.610725},{"data_generator_T":1294.8149,"data_generator_V1":-74.145195},{"data_generator_T":1301.814,"data_generator_V1":-68.809723},{"data_generator_T":1308.813,"data_generator_V1":-78.735161},{"data_generator_T":1315.812,"data_generator_V1":-72.401978},{"data_generator_T":1322.811,"data_generator_V1":-68.072823},{"data_generator_T":1329.8101,"data_generator_V1":-70.10302},{"data_generator_T":1336.809,"data_generator_V1":-76.409843},{"data_generator_T":1343.808,"data_generator_V1":-74.966072},{"data_generator_T":1350.807,"data_generator_V1":-74.489601},{"data_generator_T":1357.806,"data_generator_V1":-72.907463},{"data_generator_T":1364.8051,"data_generator_V1":-71.41938},{"data_generator_T":1371.804,"data_generator_V1":-67.859718},{"data_generator_T":1378.803,"data_generator_V1":-72.850204},{"data_generator_T":1385.802,"data_generator_V1":-69.421875},{"data_generator_T":1392.801,"data_generator_V1":-78.011681},{"data_generator_T":1399.8,"data_generator_V1":-75.474182},{"data_generator_T":1406.799,"data_generator_V1":-72.838226},{"data_generator_T":1413.798,"data_generator_V1":-69.441002},{"data_generator_T":1420.797,"data_generator_V1":-67.522263},{"data_generator_T":1427.796,"data_generator_V1":-63.653454},{"data_generator_T":1434.795,"data_generator_V1":-66.932121},{"data_generator_T":1441.7939,"data_generator_V1":-73.609283},{"data_generator_T":1448.793,"data_generator_V1":-74.450256},{"data_generator_T":1455.792,"data_generator_V1":-73.626251},{"data_generator_T":1462.791,"data_generator_V1":-72.941322},{"data_generator_T":1469.79,"data_generator_V1":-69.162498},{"data_generator_T":1476.7889,"data_generator_V1":-49.214272},{"data_generator_T":1483.788,"data_generator_V1":-73.853363},{"data_generator_T":1490.787,"data_generator_V1":-70.822449},{"data_generator_T":1497.786,"data_generator_V1":-75.290787},{"data_generator_T":1504.785,"data_generator_V1":-70.639633},{"data_generator_T":1511.7841,"data_generator_V1":-73.717087},{"data_generator_T":1518.783,"data_generator_V1":-73.383354},{"data_generator_T":1525.782,"data_generator_V1":-73.452362},{"data_generator_T":1532.781,"data_generator_V1":-67.836426},{"data_generator_T":1539.78,"data_generator_V1":-71.130547},{"data_generator_T":1546.7791,"data_generator_V1":-76.427666},{"data_generator_T":1553.778,"data_generator_V1":-71.869301},{"data_generator_T":1560.777,"data_generator_V1":-66.12249},{"data_generator_T":1567.776,"data_generator_V1":-72.689079},{"data_generator_T":1574.775,"data_generator_V1":-73.671791},{"data_generator_T":1581.774,"data_generator_V1":-75.985191},{"data_generator_T":1588.7729,"data_generator_V1":-70.809906},{"data_generator_T":1595.772,"data_generator_V1":-67.187813},{"data_generator_T":1602.771,"data_generator_V1":-70.119026},{"data_generator_T":1609.77,"data_generator_V1":-68.485413},{"data_generator_T":1616.769,"data_generator_V1":-73.210533},{"data_generator_T":1623.7679,"data_generator_V1":-74.060028},{"data_generator_T":1630.767,"data_generator_V1":-68.647301},{"data_generator_T":1637.766,"data_generator_V1":-70.413055},{"data_generator_T":1644.765,"data_generator_V1":-63.823845},{"data_generator_T":1651.764,"data_generator_V1":9.567627},{"data_generator_T":1658.7629,"data_generator_V1":-75.999672},{"data_generator_T":1665.762,"data_generator_V1":-76.683342},{"data_generator_T":1672.761,"data_generator_V1":-75.861412},{"data_generator_T":1679.76,"data_generator_V1":-75.455528},{"data_generator_T":1686.759,"data_generator_V1":-79.593964},{"data_generator_T":1693.7581,"data_generator_V1":-74.285843},{"data_generator_T":1700.757,"data_generator_V1":-70.23175},{"data_generator_T":1707.756,"data_generator_V1":-73.380966},{"data_generator_T":1714.755,"data_generator_V1":-33.107941},{"data_generator_T":1721.754,"data_generator_V1":-51.352001},{"data_generator_T":1728.7531,"data_generator_V1":-72.124878},{"data_generator_T":1735.752,"data_generator_V1":-75.092094},{"data_generator_T":1742.751,"data_generator_V1":-73.910355},{"data_generator_T":1749.75,"data_generator_V1":-73.006638},{"data_generator_T":1756.749,"data_generator_V1":-73.857285},{"data_generator_T":1763.748,"data_generator_V1":-70.725349},{"data_generator_T":1770.7469,"data_generator_V1":-74.902603},{"data_generator_T":1777.746,"data_generator_V1":-69.00367},{"data_generator_T":1784.745,"data_generator_V1":-65.800301},{"data_generator_T":1791.744,"data_generator_V1":-73.176186},{"data_generator_T":1798.743,"data_generator_V1":-73.392021},{"data_generator_T":1805.7419,"data_generator_V1":-72.238144},{"data_generator_T":1812.741,"data_generator_V1":-76.82653},{"data_generator_T":1819.74,"data_generator_V1":-72.200111},{"data_generator_T":1826.739,"data_generator_V1":-69.644073},{"data_generator_T":1833.738,"data_generator_V1":-69.870087},{"data_generator_T":1840.7371,"data_generator_V1":-74.074554},{"data_generator_T":1847.736,"data_generator_V1":-75.084984},{"data_generator_T":1854.735,"data_generator_V1":-74.970352},{"data_generator_T":1861.734,"data_generator_V1":-74.235687},{"data_generator_T":1868.733,"data_generator_V1":-69.714218},{"data_generator_T":1875.7321,"data_generator_V1":-73.8508},{"data_generator_T":1882.731,"data_generator_V1":-67.139999},{"data_generator_T":1889.73,"data_generator_V1":-61.035934},{"data_generator_T":1896.729,"data_generator_V1":-67.252769},{"data_generator_T":1903.728,"data_generator_V1":-58.357723},{"data_generator_T":1910.7271,"data_generator_V1":-69.992485},{"data_generator_T":1917.726,"data_generator_V1":-73.335007},{"data_generator_T":1924.725,"data_generator_V1":-72.519554},{"data_generator_T":1931.724,"data_generator_V1":-72.072205},{"data_generator_T":1938.723,"data_generator_V1":-73.662857},{"data_generator_T":1945.722,"data_generator_V1":-68.740036},{"data_generator_T":1952.7209,"data_generator_V1":-64.943825},{"data_generator_T":1959.72,"data_generator_V1":-73.908531},{"data_generator_T":1966.719,"data_generator_V1":-75.551216},{"data_generator_T":1973.718,"data_generator_V1":-74.542595},{"data_generator_T":1980.717,"data_generator_V1":-74.194031},{"data_generator_T":1987.7159,"data_generator_V1":-62.697933},{"data_generator_T":1994.715,"data_generator_V1":-73.715187},{"data_generator_T":2001.714,"data_generator_V1":-70.328316},{"data_generator_T":2008.713,"data_generator_V1":-73.928719},{"data_generator_T":2015.712,"data_generator_V1":-74.795517},{"data_generator_T":2022.7111,"data_generator_V1":-73.665154},{"data_generator_T":2029.71,"data_generator_V1":-73.389069},{"data_generator_T":2036.709,"data_generator_V1":-67.665565},{"data_generator_T":2043.708,"data_generator_V1":-73.126633},{"data_generator_T":2050.707,"data_generator_V1":-68.567665},{"data_generator_T":2057.7061,"data_generator_V1":-71.769485},{"data_generator_T":2064.7051,"data_generator_V1":-72.968491},{"data_generator_T":2071.7041,"data_generator_V1":-68.084496},{"data_generator_T":2078.7029,"data_generator_V1":-76.002213},{"data_generator_T":2085.7019,"data_generator_V1":-69.942955},{"data_generator_T":2092.7009,"data_generator_V1":-71.142204},{"data_generator_T":2099.7,"data_generator_V1":-71.597908},{"data_generator_T":2106.699,"data_generator_V1":-67.165619},{"data_generator_T":2113.698,"data_generator_V1":-66.49334},{"data_generator_T":2120.697,"data_generator_V1":22.123625},{"data_generator_T":2127.696,"data_generator_V1":-68.925041},{"data_generator_T":2134.6951,"data_generator_V1":-64.490929},{"data_generator_T":2141.6941,"data_generator_V1":-69.804886},{"data_generator_T":2148.6931,"data_generator_V1":-71.11676},{"data_generator_T":2155.6919,"data_generator_V1":-69.42308},{"data_generator_T":2162.6909,"data_generator_V1":-69.967415},{"data_generator_T":2169.6899,"data_generator_V1":-69.908409},{"data_generator_T":2176.689,"data_generator_V1":-73.970352},{"data_generator_T":2183.688,"data_generator_V1":-75.302109},{"data_generator_T":2190.687,"data_generator_V1":-75.088554},{"data_generator_T":2197.686,"data_generator_V1":-74.596497},{"data_generator_T":2204.6851,"data_generator_V1":-68.267052},{"data_generator_T":2211.6841,"data_generator_V1":-71.891182},{"data_generator_T":2218.6831,"data_generator_V1":-75.344803},{"data_generator_T":2225.6819,"data_generator_V1":-76.164322},{"data_generator_T":2232.6809,"data_generator_V1":-74.906494},{"data_generator_T":2239.6799,"data_generator_V1":-74.136147},{"data_generator_T":2246.679,"data_generator_V1":-69.579247},{"data_generator_T":2253.678,"data_generator_V1":-74.189812},{"data_generator_T":2260.677,"data_generator_V1":-69.549057},{"data_generator_T":2267.676,"data_generator_V1":-66.388313},{"data_generator_T":2274.675,"data_generator_V1":-74.093063},{"data_generator_T":2281.6741,"data_generator_V1":-68.651016},{"data_generator_T":2288.6731,"data_generator_V1":-71.15242},{"data_generator_T":2295.6721,"data_generator_V1":-70.906586},{"data_generator_T":2302.6709,"data_generator_V1":-72.374702},{"data_generator_T":2309.6699,"data_generator_V1":-68.007599},{"data_generator_T":2316.6689,"data_generator_V1":-60.164566},{"data_generator_T":2323.668,"data_generator_V1":-70.281189},{"data_generator_T":2330.667,"data_generator_V1":-71.49102},{"data_generator_T":2337.666,"data_generator_V1":-68.215721},{"data_generator_T":2344.665,"data_generator_V1":-67.027306},{"data_generator_T":2351.6641,"data_generator_V1":-58.72665},{"data_generator_T":2358.6631,"data_generator_V1":-72.174995},{"data_generator_T":2365.6621,"data_generator_V1":-76.979683},{"data_generator_T":2372.6609,"data_generator_V1":-72.287155},{"data_generator_T":2379.6599,"data_generator_V1":-74.240425},{"data_generator_T":2386.6589,"data_generator_V1":-70.576576},{"data_generator_T":2393.658,"data_generator_V1":-72.44223},{"data_generator_T":2400.657,"data_generator_V1":-74.077866},{"data_generator_T":2407.656,"data_generator_V1":-75.921524},{"data_generator_T":2414.655,"data_generator_V1":-72.718704},{"data_generator_T":2421.6541,"data_generator_V1":-68.428032},{"data_generator_T":2428.6531,"data_generator_V1":-65.501884},{"data_generator_T":2435.6521,"data_generator_V1":-68.384422},{"data_generator_T":2442.6509,"data_generator_V1":-70.502518},{"data_generator_T":2449.6499,"data_generator_V1":-74.204674},{"data_generator_T":2456.6489,"data_generator_V1":-72.825821},{"data_generator_T":2463.6479,"data_generator_V1":-71.473427},{"data_generator_T":2470.647,"data_generator_V1":-71.177467},{"data_generator_T":2477.646,"data_generator_V1":-73.953033},{"data_generator_T":2484.645,"data_generator_V1":-69.865463},{"data_generator_T":2491.644,"data_generator_V1":-73.965065},{"data_generator_T":2498.6431,"data_generator_V1":-79.703682},{"data_generator_T":2505.6421,"data_generator_V1":-73.662476},{"data_generator_T":2512.6411,"data_generator_V1":-72.261963},{"data_generator_T":2519.6399,"data_generator_V1":-72.25956},{"data_generator_T":2526.6389,"data_generator_V1":-75.762947},{"data_generator_T":2533.6379,"data_generator_V1":-71.626503},{"data_generator_T":2540.637,"data_generator_V1":-72.00985},{"data_generator_T":2547.636,"data_generator_V1":-70.851509},{"data_generator_T":2554.635,"data_generator_V1":-67.648239},{"data_generator_T":2561.634,"data_generator_V1":-71.801521},{"data_generator_T":2568.6331,"data_generator_V1":-72.75518},{"data_generator_T":2575.6321,"data_generator_V1":-72.634773},{"data_generator_T":2582.6311,"data_generator_V1":-67.236977},{"data_generator_T":2589.6299,"data_generator_V1":-61.884773},{"data_generator_T":2596.6289,"data_generator_V1":-65.577782},{"data_generator_T":2603.6279,"data_generator_V1":-71.546379},{"data_generator_T":2610.627,"data_generator_V1":-70.433083},{"data_generator_T":2617.626,"data_generator_V1":-69.471161},{"data_generator_T":2624.625,"data_generator_V1":-76.40583},{"data_generator_T":2631.624,"data_generator_V1":-71.740448},{"data_generator_T":2638.623,"data_generator_V1":-68.802116},{"data_generator_T":2645.6221,"data_generator_V1":-71.879303},{"data_generator_T":2652.6211,"data_generator_V1":-78.80336},{"data_generator_T":2659.6201,"data_generator_V1":-77.703346},{"data_generator_T":2666.6189,"data_generator_V1":-76.346176},{"data_generator_T":2673.6179,"data_generator_V1":-75.8442},{"data_generator_T":2680.6169,"data_generator_V1":-63.399921},{"data_generator_T":2687.616,"data_generator_V1":-70.413887},{"data_generator_T":2694.615,"data_generator_V1":-73.534332},{"data_generator_T":2701.614,"data_generator_V1":-69.129112},{"data_generator_T":2708.613,"data_generator_V1":-65.542892},{"data_generator_T":2715.6121,"data_generator_V1":-68.376869},{"data_generator_T":2722.6111,"data_generator_V1":-75.102364},{"data_generator_T":2729.6101,"data_generator_V1":-75.4244},{"data_generator_T":2736.6089,"data_generator_V1":-72.319618},{"data_generator_T":2743.6079,"data_generator_V1":-74.294983},{"data_generator_T":2750.6069,"data_generator_V1":-71.056824},{"data_generator_T":2757.606,"data_generator_V1":-67.938515},{"data_generator_T":2764.605,"data_generator_V1":-70.856102},{"data_generator_T":2771.604,"data_generator_V1":-74.61879},{"data_generator_T":2778.603,"data_generator_V1":-73.447517},{"data_generator_T":2785.6021,"data_generator_V1":-73.274048},{"data_generator_T":2792.6011,"data_generator_V1":-74.804352},{"data_generator_T":2799.6001,"data_generator_V1":-71.990067},{"data_generator_T":2806.5991,"data_generator_V1":-67.512001},{"data_generator_T":2813.5979,"data_generator_V1":-69.620308},{"data_generator_T":2820.5969,"data_generator_V1":-75.851074},{"data_generator_T":2827.5959,"data_generator_V1":-70.66832},{"data_generator_T":2834.595,"data_generator_V1":-75.93988},{"data_generator_T":2841.594,"data_generator_V1":-75.267342},{"data_generator_T":2848.593,"data_generator_V1":-73.952141},{"data_generator_T":2855.592,"data_generator_V1":-69.948746},{"data_generator_T":2862.5911,"data_generator_V1":-63.002117},{"data_generator_T":2869.5901,"data_generator_V1":10.523852},{"data_generator_T":2876.5891,"data_generator_V1":-71.078087},{"data_generator_T":2883.5879,"data_generator_V1":-68.435822},{"data_generator_T":2890.5869,"data_generator_V1":-75.856155},{"data_generator_T":2897.5859,"data_generator_V1":-75.555626},{"data_generator_T":2904.585,"data_generator_V1":-76.450752},{"data_generator_T":2911.584,"data_generator_V1":-71.131348},{"data_generator_T":2918.583,"data_generator_V1":-67.335579},{"data_generator_T":2925.582,"data_generator_V1":-70.250557},{"data_generator_T":2932.5811,"data_generator_V1":-72.108307},{"data_generator_T":2939.5801,"data_generator_V1":-74.040871},{"data_generator_T":2946.5791,"data_generator_V1":-72.558365},{"data_generator_T":2953.5779,"data_generator_V1":-71.456512},{"data_generator_T":2960.5769,"data_generator_V1":-71.191803},{"data_generator_T":2967.5759,"data_generator_V1":-73.615341},{"data_generator_T":2974.575,"data_generator_V1":-69.935341},{"data_generator_T":2981.574,"data_generator_V1":-74.938118},{"data_generator_T":2988.573,"data_generator_V1":-79.327492},{"data_generator_T":2995.572,"data_generator_V1":-77.13134},{"data_generator_T":3002.571,"data_generator_V1":-71.775558},{"data_generator_T":3009.5701,"data_generator_V1":-73.321747},{"data_generator_T":3016.5691,"data_generator_V1":17.710598},{"data_generator_T":3023.5681,"data_generator_V1":-72.743103},{"data_generator_T":3030.5669,"data_generator_V1":-67.724831},{"data_generator_T":3037.5659,"data_generator_V1":2.7982445},{"data_generator_T":3044.5649,"data_generator_V1":-69.166862},{"data_generator_T":3051.564,"data_generator_V1":-72.477295},{"data_generator_T":3058.563,"data_generator_V1":-71.756615},{"data_generator_T":3065.562,"data_generator_V1":-71.278069},{"data_generator_T":3072.561,"data_generator_V1":-77.306694},{"data_generator_T":3079.5601,"data_generator_V1":-71.644272},{"data_generator_T":3086.5591,"data_generator_V1":-67.868187},{"data_generator_T":3093.5581,"data_generator_V1":-70.893005},{"data_generator_T":3100.5569,"data_generator_V1":-72.617279},{"data_generator_T":3107.5559,"data_generator_V1":-74.492462},{"data_generator_T":3114.5549,"data_generator_V1":-76.535507},{"data_generator_T":3121.554,"data_generator_V1":-75.765625},{"data_generator_T":3128.553,"data_generator_V1":-75.235123},{"data_generator_T":3135.552,"data_generator_V1":-64.288101},{"data_generator_T":3142.551,"data_generator_V1":-70.787003},{"data_generator_T":3149.55,"data_generator_V1":-66.608215},{"data_generator_T":3156.5491,"data_generator_V1":-70.222229},{"data_generator_T":3163.5481,"data_generator_V1":-70.492798},{"data_generator_T":3170.5471,"data_generator_V1":-65.67672},{"data_generator_T":3177.5459,"data_generator_V1":-76.461296},{"data_generator_T":3184.5449,"data_generator_V1":-69.649605},{"data_generator_T":3191.5439,"data_generator_V1":-64.696198},{"data_generator_T":3198.543,"data_generator_V1":-72.908112},{"data_generator_T":3205.542,"data_generator_V1":-67.476273},{"data_generator_T":3212.541,"data_generator_V1":-65.559471},{"data_generator_T":3219.54,"data_generator_V1":-64.653366},{"data_generator_T":3226.5391,"data_generator_V1":-72.382057},{"data_generator_T":3233.5381,"data_generator_V1":-69.759277},{"data_generator_T":3240.5371,"data_generator_V1":-73.183769},{"data_generator_T":3247.5359,"data_generator_V1":-66.650719},{"data_generator_T":3254.5349,"data_generator_V1":-60.853386},{"data_generator_T":3261.5339,"data_generator_V1":-73.452293},{"data_generator_T":3268.533,"data_generator_V1":-74.785995},{"data_generator_T":3275.532,"data_generator_V1":-73.717697},{"data_generator_T":3282.531,"data_generator_V1":-72.704323},{"data_generator_T":3289.53,"data_generator_V1":-67.857208},{"data_generator_T":3296.5291,"data_generator_V1":-72.150208},{"data_generator_T":3303.5281,"data_generator_V1":-66.262291},{"data_generator_T":3310.5271,"data_generator_V1":-63.204857},{"data_generator_T":3317.5259,"data_generator_V1":-73.398621},{"data_generator_T":3324.5249,"data_generator_V1":-74.759735},{"data_generator_T":3331.5239,"data_generator_V1":-73.65197},{"data_generator_T":3338.5229,"data_generator_V1":-72.677528},{"data_generator_T":3345.522,"data_generator_V1":-74.448311},{"data_generator_T":3352.521,"data_generator_V1":-73.203979},{"data_generator_T":3359.52,"data_generator_V1":-69.548668},{"data_generator_T":3366.519,"data_generator_V1":-74.750572},{"data_generator_T":3373.5181,"data_generator_V1":-70.2985},{"data_generator_T":3380.5171,"data_generator_V1":-79.314903},{"data_generator_T":3387.5161,"data_generator_V1":-73.269493},{"data_generator_T":3394.5149,"data_generator_V1":-69.329018},{"data_generator_T":3401.5139,"data_generator_V1":-72.176697},{"data_generator_T":3408.5129,"data_generator_V1":-67.570633},{"data_generator_T":3415.512,"data_generator_V1":-70.2481},{"data_generator_T":3422.511,"data_generator_V1":-64.023735},{"data_generator_T":3429.51,"data_generator_V1":-38.49456},{"data_generator_T":3436.509,"data_generator_V1":-69.805298},{"data_generator_T":3443.5081,"data_generator_V1":-63.869102},{"data_generator_T":3450.5071,"data_generator_V1":-71.458588},{"data_generator_T":3457.5061,"data_generator_V1":-73.060005},{"data_generator_T":3464.5049,"data_generator_V1":-72.103844},{"data_generator_T":3471.5039,"data_generator_V1":-71.708008},{"data_generator_T":3478.5029,"data_generator_V1":-68.25013},{"data_generator_T":3485.502,"data_generator_V1":-75.95887},{"data_generator_T":3492.501,"data_generator_V1":-71.14341},{"data_generator_T":3499.5,"data_generator_V1":-74.445427},{"data_generator_T":3506.499,"data_generator_V1":-73.783043},{"data_generator_T":3513.498,"data_generator_V1":-68.446983},{"data_generator_T":3520.4971,"data_generator_V1":-72.38945},{"data_generator_T":3527.4961,"data_generator_V1":-66.662819},{"data_generator_T":3534.4951,"data_generator_V1":-60.458347},{"data_generator_T":3541.4939,"data_generator_V1":-71.685478},{"data_generator_T":3548.4929,"data_generator_V1":-73.199043},{"data_generator_T":3555.4919,"data_generator_V1":-72.142868},{"data_generator_T":3562.491,"data_generator_V1":-71.062119},{"data_generator_T":3569.49,"data_generator_V1":-73.293068},{"data_generator_T":3576.489,"data_generator_V1":-69.77739},{"data_generator_T":3583.488,"data_generator_V1":-74.786736},{"data_generator_T":3590.4871,"data_generator_V1":-75.784164},{"data_generator_T":3597.4861,"data_generator_V1":-75.565407},{"data_generator_T":3604.4851,"data_generator_V1":-69.321404},{"data_generator_T":3611.4839,"data_generator_V1":-69.174622},{"data_generator_T":3618.4829,"data_generator_V1":-66.001877},{"data_generator_T":3625.4819,"data_generator_V1":-69.879501},{"data_generator_T":3632.481,"data_generator_V1":-63.293175},{"data_generator_T":3639.48,"data_generator_V1":-69.744926},{"data_generator_T":3646.479,"data_generator_V1":-76.215691},{"data_generator_T":3653.478,"data_generator_V1":-74.160034},{"data_generator_T":3660.4771,"data_generator_V1":-69.854156},{"data_generator_T":3667.4761,"data_generator_V1":-67.23497},{"data_generator_T":3674.4751,"data_generator_V1":-66.057426},{"data_generator_T":3681.4741,"data_generator_V1":-73.842514},{"data_generator_T":3688.4729,"data_generator_V1":-74.466408},{"data_generator_T":3695.4719,"data_generator_V1":-56.472519},{"data_generator_T":3702.4709,"data_generator_V1":-70.804337},{"data_generator_T":3709.47,"data_generator_V1":-73.517509},{"data_generator_T":3716.469,"data_generator_V1":-73.009796},{"data_generator_T":3723.468,"data_generator_V1":-72.544853},{"data_generator_T":3730.467,"data_generator_V1":-69.242188},{"data_generator_T":3737.4661,"data_generator_V1":-70.736778},{"data_generator_T":3744.4651,"data_generator_V1":-67.444046},{"data_generator_T":3751.4641,"data_generator_V1":-69.769638},{"data_generator_T":3758.4629,"data_generator_V1":-70.856865},{"data_generator_T":3765.4619,"data_generator_V1":-74.836105},{"data_generator_T":3772.4609,"data_generator_V1":-73.991417},{"data_generator_T":3779.46,"data_generator_V1":-72.176338},{"data_generator_T":3786.459,"data_generator_V1":-72.035561},{"data_generator_T":3793.458,"data_generator_V1":-63.029522},{"data_generator_T":3800.457,"data_generator_V1":-73.37825},{"data_generator_T":3807.4561,"data_generator_V1":-70.110893},{"data_generator_T":3814.4551,"data_generator_V1":-73.791786},{"data_generator_T":3821.4541,"data_generator_V1":-68.973969},{"data_generator_T":3828.4529,"data_generator_V1":-71.661903},{"data_generator_T":3835.4519,"data_generator_V1":-66.577332},{"data_generator_T":3842.4509,"data_generator_V1":-61.507851},{"data_generator_T":3849.45,"data_generator_V1":-76.317787},{"data_generator_T":3856.449,"data_generator_V1":-74.287918},{"data_generator_T":3863.448,"data_generator_V1":-72.626221},{"data_generator_T":3870.447,"data_generator_V1":-71.602036},{"data_generator_T":3877.446,"data_generator_V1":-78.485855},{"data_generator_T":3884.4451,"data_generator_V1":-73.418144},{"data_generator_T":3891.4441,"data_generator_V1":-70.111687},{"data_generator_T":3898.4431,"data_generator_V1":-73.355339},{"data_generator_T":3905.4419,"data_generator_V1":-32.158199},{"data_generator_T":3912.4409,"data_generator_V1":-52.171555},{"data_generator_T":3919.4399,"data_generator_V1":-70.619118},{"data_generator_T":3926.439,"data_generator_V1":-72.863281},{"data_generator_T":3933.438,"data_generator_V1":-71.464142},{"data_generator_T":3940.437,"data_generator_V1":-70.363373},{"data_generator_T":3947.436,"data_generator_V1":-71.109108},{"data_generator_T":3954.4351,"data_generator_V1":-68.082581},{"data_generator_T":3961.4341,"data_generator_V1":-72.409927},{"data_generator_T":3968.4331,"data_generator_V1":-66.240868},{"data_generator_T":3975.4319,"data_generator_V1":-62.262733},{"data_generator_T":3982.4309,"data_generator_V1":-70.110939},{"data_generator_T":3989.4299,"data_generator_V1":-70.813782},{"data_generator_T":3996.429,"data_generator_V1":-69.543312},{"data_generator_T":4003.428,"data_generator_V1":-75.420097},{"data_generator_T":4010.427,"data_generator_V1":-71.140823},{"data_generator_T":4017.426,"data_generator_V1":-75.239471},{"data_generator_T":4024.425,"data_generator_V1":-71.688728},{"data_generator_T":4031.4241,"data_generator_V1":-71.192383},{"data_generator_T":4038.4231,"data_generator_V1":-72.361282},{"data_generator_T":4045.4221,"data_generator_V1":-73.787308},{"data_generator_T":4052.4209,"data_generator_V1":-73.647781},{"data_generator_T":4059.4199,"data_generator_V1":-69.465576},{"data_generator_T":4066.4189,"data_generator_V1":-78.779327},{"data_generator_T":4073.418,"data_generator_V1":-72.618996},{"data_generator_T":4080.417,"data_generator_V1":-68.371162},{"data_generator_T":4087.416,"data_generator_V1":-78.879768},{"data_generator_T":4094.415,"data_generator_V1":-77.237511},{"data_generator_T":4101.4141,"data_generator_V1":-70.140404},{"data_generator_T":4108.4131,"data_generator_V1":-56.341446},{"data_generator_T":4115.4121,"data_generator_V1":-73.917969},{"data_generator_T":4122.4111,"data_generator_V1":-71.860748},{"data_generator_T":4129.4102,"data_generator_V1":-67.141136},{"data_generator_T":4136.4092,"data_generator_V1":-75.044098},{"data_generator_T":4143.4082,"data_generator_V1":-74.829857},{"data_generator_T":4150.4072,"data_generator_V1":-71.818748},{"data_generator_T":4157.4058,"data_generator_V1":-72.084297},{"data_generator_T":4164.4048,"data_generator_V1":-55.437016},{"data_generator_T":4171.4038,"data_generator_V1":-68.532219},{"data_generator_T":4178.4028,"data_generator_V1":-63.772358},{"data_generator_T":4185.4019,"data_generator_V1":-71.980156},{"data_generator_T":4192.4009,"data_generator_V1":-66.119949},{"data_generator_T":4199.3999,"data_generator_V1":-69.828522},{"data_generator_T":4206.3989,"data_generator_V1":-71.233513},{"data_generator_T":4213.3979,"data_generator_V1":-72.711586},{"data_generator_T":4220.397,"data_generator_V1":-72.248589},{"data_generator_T":4227.396,"data_generator_V1":-68.633514},{"data_generator_T":4234.395,"data_generator_V1":-76.23735},{"data_generator_T":4241.394,"data_generator_V1":-71.746338},{"data_generator_T":4248.3931,"data_generator_V1":-75.074753},{"data_generator_T":4255.3921,"data_generator_V1":-70.134331},{"data_generator_T":4262.3911,"data_generator_V1":-70.553291},{"data_generator_T":4269.3901,"data_generator_V1":-73.35923},{"data_generator_T":4276.3892,"data_generator_V1":-66.875671},{"data_generator_T":4283.3882,"data_generator_V1":-57.787567},{"data_generator_T":4290.3872,"data_generator_V1":-74.14959},{"data_generator_T":4297.3862,"data_generator_V1":-73.966324},{"data_generator_T":4304.3848,"data_generator_V1":-67.479019},{"data_generator_T":4311.3838,"data_generator_V1":-61.353027},{"data_generator_T":4318.3828,"data_generator_V1":-67.219093},{"data_generator_T":4325.3818,"data_generator_V1":-72.462959},{"data_generator_T":4332.3809,"data_generator_V1":-72.771767},{"data_generator_T":4339.3799,"data_generator_V1":-77.894508},{"data_generator_T":4346.3789,"data_generator_V1":-71.4207},{"data_generator_T":4353.3779,"data_generator_V1":-71.205002},{"data_generator_T":4360.377,"data_generator_V1":-67.724319},{"data_generator_T":4367.376,"data_generator_V1":-71.983604},{"data_generator_T":4374.375,"data_generator_V1":-66.495773},{"data_generator_T":4381.374,"data_generator_V1":-68.060959},{"data_generator_T":4388.373,"data_generator_V1":-64.92804},{"data_generator_T":4395.3721,"data_generator_V1":-72.300568},{"data_generator_T":4402.3711,"data_generator_V1":-73.945358},{"data_generator_T":4409.3701,"data_generator_V1":-74.470978},{"data_generator_T":4416.3691,"data_generator_V1":-73.627045},{"data_generator_T":4423.3682,"data_generator_V1":-69.537354},{"data_generator_T":4430.3672,"data_generator_V1":-74.116631},{"data_generator_T":4437.3662,"data_generator_V1":-71.594345},{"data_generator_T":4444.3652,"data_generator_V1":-71.950127},{"data_generator_T":4451.3638,"data_generator_V1":-72.321037},{"data_generator_T":4458.3628,"data_generator_V1":-75.099045},{"data_generator_T":4465.3618,"data_generator_V1":-70.420418},{"data_generator_T":4472.3608,"data_generator_V1":-64.330139},{"data_generator_T":4479.3599,"data_generator_V1":-49.319084},{"data_generator_T":4486.3589,"data_generator_V1":-62.994686},{"data_generator_T":4493.3579,"data_generator_V1":-71.391602},{"data_generator_T":4500.3569,"data_generator_V1":-70.585648},{"data_generator_T":4507.356,"data_generator_V1":-69.781906},{"data_generator_T":4514.355,"data_generator_V1":-71.692039},{"data_generator_T":4521.354,"data_generator_V1":-66.19043},{"data_generator_T":4528.353,"data_generator_V1":-69.268311},{"data_generator_T":4535.3521,"data_generator_V1":-73.943298},{"data_generator_T":4542.3511,"data_generator_V1":-74.220306},{"data_generator_T":4549.3501,"data_generator_V1":-74.300163},{"data_generator_T":4556.3491,"data_generator_V1":-73.743202},{"data_generator_T":4563.3481,"data_generator_V1":-66.698135},{"data_generator_T":4570.3472,"data_generator_V1":-69.788467},{"data_generator_T":4577.3462,"data_generator_V1":-62.378929},{"data_generator_T":4584.3452,"data_generator_V1":-44.245045},{"data_generator_T":4591.3442,"data_generator_V1":-69.740944},{"data_generator_T":4598.3428,"data_generator_V1":-72.683159},{"data_generator_T":4605.3418,"data_generator_V1":-71.189774},{"data_generator_T":4612.3408,"data_generator_V1":-70.199074},{"data_generator_T":4619.3398,"data_generator_V1":-65.30014},{"data_generator_T":4626.3389,"data_generator_V1":-69.786133},{"data_generator_T":4633.3379,"data_generator_V1":-63.334652},{"data_generator_T":4640.3369,"data_generator_V1":-70.896088},{"data_generator_T":4647.3359,"data_generator_V1":-73.719078},{"data_generator_T":4654.335,"data_generator_V1":-66.723549},{"data_generator_T":4661.334,"data_generator_V1":-72.96508},{"data_generator_T":4668.333,"data_generator_V1":-72.584473},{"data_generator_T":4675.332,"data_generator_V1":-75.842323},{"data_generator_T":4682.3311,"data_generator_V1":-74.318596},{"data_generator_T":4689.3301,"data_generator_V1":-68.608452},{"data_generator_T":4696.3291,"data_generator_V1":-72.022163},{"data_generator_T":4703.3281,"data_generator_V1":-71.758942},{"data_generator_T":4710.3271,"data_generator_V1":-72.711128},{"data_generator_T":4717.3262,"data_generator_V1":-74.998924},{"data_generator_T":4724.3252,"data_generator_V1":-69.568886},{"data_generator_T":4731.3242,"data_generator_V1":-70.232567},{"data_generator_T":4738.3232,"data_generator_V1":-64.903038},{"data_generator_T":4745.3218,"data_generator_V1":-72.782936},{"data_generator_T":4752.3208,"data_generator_V1":-66.243675},{"data_generator_T":4759.3198,"data_generator_V1":-72.501572},{"data_generator_T":4766.3188,"data_generator_V1":-72.447289},{"data_generator_T":4773.3179,"data_generator_V1":-69.104103},{"data_generator_T":4780.3169,"data_generator_V1":-74.33535},{"data_generator_T":4787.3159,"data_generator_V1":-75.530624},{"data_generator_T":4794.3149,"data_generator_V1":-72.111794},{"data_generator_T":4801.314,"data_generator_V1":-72.945175},{"data_generator_T":4808.313,"data_generator_V1":-16.672804},{"data_generator_T":4815.312,"data_generator_V1":-70.207306},{"data_generator_T":4822.311,"data_generator_V1":-65.35289},{"data_generator_T":4829.3101,"data_generator_V1":-72.910294},{"data_generator_T":4836.3091,"data_generator_V1":-73.134758},{"data_generator_T":4843.3081,"data_generator_V1":-69.521469},{"data_generator_T":4850.3071,"data_generator_V1":-76.169174},{"data_generator_T":4857.3062,"data_generator_V1":-70.287514},{"data_generator_T":4864.3052,"data_generator_V1":-65.921814},{"data_generator_T":4871.3042,"data_generator_V1":-74.377609},{"data_generator_T":4878.3032,"data_generator_V1":-76.394356},{"data_generator_T":4885.3018,"data_generator_V1":-73.554916},{"data_generator_T":4892.3008,"data_generator_V1":-76.246674},{"data_generator_T":4899.2998,"data_generator_V1":-72.30275},{"data_generator_T":4906.2988,"data_generator_V1":-71.171249},{"data_generator_T":4913.2979,"data_generator_V1":-54.964172},{"data_generator_T":4920.2969,"data_generator_V1":-72.15966},{"data_generator_T":4927.2959,"data_generator_V1":-68.002998},{"data_generator_T":4934.2949,"data_generator_V1":-74.354126},{"data_generator_T":4941.2939,"data_generator_V1":-72.389526},{"data_generator_T":4948.293,"data_generator_V1":-71.951904},{"data_generator_T":4955.292,"data_generator_V1":-41.557606},{"data_generator_T":4962.291,"data_generator_V1":-68.612907},{"data_generator_T":4969.29,"data_generator_V1":-72.246254},{"data_generator_T":4976.2891,"data_generator_V1":-72.425262},{"data_generator_T":4983.2881,"data_generator_V1":-75.31572},{"data_generator_T":4990.2871,"data_generator_V1":-70.595848},{"data_generator_T":4997.2861,"data_generator_V1":-74.84565},{"data_generator_T":5004.2852,"data_generator_V1":-76.283211},{"data_generator_T":5011.2842,"data_generator_V1":-65.991745},{"data_generator_T":5018.2832,"data_generator_V1":-51.640507},{"data_generator_T":5025.2822,"data_generator_V1":-73.342285},{"data_generator_T":5032.2808,"data_generator_V1":-76.536926},{"data_generator_T":5039.2798,"data_generator_V1":-72.371658},{"data_generator_T":5046.2788,"data_generator_V1":-72.642723},{"data_generator_T":5053.2778,"data_generator_V1":-71.319313},{"data_generator_T":5060.2769,"data_generator_V1":-76.085098},{"data_generator_T":5067.2759,"data_generator_V1":-73.035072},{"data_generator_T":5074.2749,"data_generator_V1":-69.302269},{"data_generator_T":5081.2739,"data_generator_V1":-72.221626},{"data_generator_T":5088.2729,"data_generator_V1":-67.994118},{"data_generator_T":5095.272,"data_generator_V1":-73.525452},{"data_generator_T":5102.271,"data_generator_V1":-73.081345},{"data_generator_T":5109.27,"data_generator_V1":-72.524178},{"data_generator_T":5116.269,"data_generator_V1":-73.592255},{"data_generator_T":5123.2681,"data_generator_V1":-67.696213},{"data_generator_T":5130.2671,"data_generator_V1":-43.291561},{"data_generator_T":5137.2661,"data_generator_V1":-72.531715},{"data_generator_T":5144.2651,"data_generator_V1":-75.628845},{"data_generator_T":5151.2642,"data_generator_V1":-74.948906},{"data_generator_T":5158.2632,"data_generator_V1":-74.757042},{"data_generator_T":5165.2622,"data_generator_V1":-76.001297},{"data_generator_T":5172.2612,"data_generator_V1":-70.845352},{"data_generator_T":5179.2598,"data_generator_V1":-67.479294},{"data_generator_T":5186.2588,"data_generator_V1":-74.52211},{"data_generator_T":5193.2578,"data_generator_V1":-74.70591},{"data_generator_T":5200.2568,"data_generator_V1":-74.409721},{"data_generator_T":5207.2559,"data_generator_V1":-68.643867},{"data_generator_T":5214.2549,"data_generator_V1":-75.708801},{"data_generator_T":5221.2539,"data_generator_V1":-70.411812},{"data_generator_T":5228.2529,"data_generator_V1":-67.942024},{"data_generator_T":5235.252,"data_generator_V1":-71.250626},{"data_generator_T":5242.251,"data_generator_V1":-68.180557},{"data_generator_T":5249.25,"data_generator_V1":-74.608025},{"data_generator_T":5256.249,"data_generator_V1":-73.842674},{"data_generator_T":5263.248,"data_generator_V1":-67.960228},{"data_generator_T":5270.2471,"data_generator_V1":-71.262756},{"data_generator_T":5277.2461,"data_generator_V1":-66.44706},{"data_generator_T":5284.2451,"data_generator_V1":-72.940987},{"data_generator_T":5291.2441,"data_generator_V1":-77.875656},{"data_generator_T":5298.2432,"data_generator_V1":-76.336823},{"data_generator_T":5305.2422,"data_generator_V1":-71.265152},{"data_generator_T":5312.2412,"data_generator_V1":-73.086662},{"data_generator_T":5319.2402,"data_generator_V1":-71.634293},{"data_generator_T":5326.2388,"data_generator_V1":-72.479553},{"data_generator_T":5333.2378,"data_generator_V1":-65.253265},{"data_generator_T":5340.2368,"data_generator_V1":23.27103},{"data_generator_T":5347.2358,"data_generator_V1":-60.745159},{"data_generator_T":5354.2349,"data_generator_V1":-64.518135},{"data_generator_T":5361.2339,"data_generator_V1":-72.718651},{"data_generator_T":5368.2329,"data_generator_V1":-70.915253},{"data_generator_T":5375.2319,"data_generator_V1":-73.225548},{"data_generator_T":5382.231,"data_generator_V1":-75.160873},{"data_generator_T":5389.23,"data_generator_V1":-72.422218},{"data_generator_T":5396.229,"data_generator_V1":-66.160133},{"data_generator_T":5403.228,"data_generator_V1":-68.667435},{"data_generator_T":5410.2271,"data_generator_V1":-72.359802},{"data_generator_T":5417.2261,"data_generator_V1":-66.482689},{"data_generator_T":5424.2251,"data_generator_V1":-52.750458},{"data_generator_T":5431.2241,"data_generator_V1":-72.632423},{"data_generator_T":5438.2231,"data_generator_V1":-69.694611},{"data_generator_T":5445.2222,"data_generator_V1":-73.410034},{"data_generator_T":5452.2212,"data_generator_V1":-73.145767},{"data_generator_T":5459.2202,"data_generator_V1":-71.764198},{"data_generator_T":5466.2192,"data_generator_V1":-72.266762},{"data_generator_T":5473.2178,"data_generator_V1":-45.090427},{"data_generator_T":5480.2168,"data_generator_V1":-73.48111},{"data_generator_T":5487.2158,"data_generator_V1":-70.335083},{"data_generator_T":5494.2148,"data_generator_V1":-16.22204},{"data_generator_T":5501.2139,"data_generator_V1":-74.42778},{"data_generator_T":5508.2129,"data_generator_V1":-72.652977},{"data_generator_T":5515.2119,"data_generator_V1":-73.674248},{"data_generator_T":5522.2109,"data_generator_V1":-55.119156},{"data_generator_T":5529.21,"data_generator_V1":-70.930641},{"data_generator_T":5536.209,"data_generator_V1":-64.077538},{"data_generator_T":5543.208,"data_generator_V1":-49.71664},{"data_generator_T":5550.207,"data_generator_V1":-73.903343},{"data_generator_T":5557.2061,"data_generator_V1":-71.433678},{"data_generator_T":5564.2051,"data_generator_V1":-70.904808},{"data_generator_T":5571.2041,"data_generator_V1":-68.277451},{"data_generator_T":5578.2031,"data_generator_V1":-68.680817},{"data_generator_T":5585.2021,"data_generator_V1":-64.783966},{"data_generator_T":5592.2012,"data_generator_V1":-75.468391},{"data_generator_T":5599.2002,"data_generator_V1":-70.987305},{"data_generator_T":5606.1992,"data_generator_V1":-74.276443},{"data_generator_T":5613.1982,"data_generator_V1":-79.329018},{"data_generator_T":5620.1968,"data_generator_V1":-73.474228},{"data_generator_T":5627.1958,"data_generator_V1":-73.38224},{"data_generator_T":5634.1948,"data_generator_V1":-68.771507},{"data_generator_T":5641.1938,"data_generator_V1":-72.864342},{"data_generator_T":5648.1929,"data_generator_V1":-72.751495},{"data_generator_T":5655.1919,"data_generator_V1":-75.371078},{"data_generator_T":5662.1909,"data_generator_V1":-68.676575},{"data_generator_T":5669.1899,"data_generator_V1":-71.228775},{"data_generator_T":5676.189,"data_generator_V1":-70.962601},{"data_generator_T":5683.188,"data_generator_V1":-74.988083},{"data_generator_T":5690.187,"data_generator_V1":-72.957039},{"data_generator_T":5697.186,"data_generator_V1":-67.276367},{"data_generator_T":5704.1851,"data_generator_V1":-70.543449},{"data_generator_T":5711.1841,"data_generator_V1":-72.483643},{"data_generator_T":5718.1831,"data_generator_V1":-58.983189},{"data_generator_T":5725.1821,"data_generator_V1":-72.760071},{"data_generator_T":5732.1812,"data_generator_V1":-71.248161},{"data_generator_T":5739.1802,"data_generator_V1":-68.521629},{"data_generator_T":5746.1792,"data_generator_V1":-67.593597},{"data_generator_T":5753.1782,"data_generator_V1":-73.023903},{"data_generator_T":5760.1768,"data_generator_V1":11.974042},{"data_generator_T":5767.1758,"data_generator_V1":-73.914894},{"data_generator_T":5774.1748,"data_generator_V1":-70.446243},{"data_generator_T":5781.1738,"data_generator_V1":-62.475365},{"data_generator_T":5788.1729,"data_generator_V1":-72.434853},{"data_generator_T":5795.1719,"data_generator_V1":-74.652283},{"data_generator_T":5802.1709,"data_generator_V1":-73.087952},{"data_generator_T":5809.1699,"data_generator_V1":-66.634857},{"data_generator_T":5816.1689,"data_generator_V1":-70.70517},{"data_generator_T":5823.168,"data_generator_V1":-67.267845},{"data_generator_T":5830.167,"data_generator_V1":-69.751205},{"data_generator_T":5837.166,"data_generator_V1":-70.395119},{"data_generator_T":5844.165,"data_generator_V1":-74.01339},{"data_generator_T":5851.1641,"data_generator_V1":-68.913811},{"data_generator_T":5858.1631,"data_generator_V1":-72.066376},{"data_generator_T":5865.1621,"data_generator_V1":-75.482887},{"data_generator_T":5872.1611,"data_generator_V1":-70.459801},{"data_generator_T":5879.1602,"data_generator_V1":-67.158546},{"data_generator_T":5886.1592,"data_generator_V1":-73.230148},{"data_generator_T":5893.1582,"data_generator_V1":-64.851173},{"data_generator_T":5900.1572,"data_generator_V1":-69.816689},{"data_generator_T":5907.1558,"data_generator_V1":-69.826736},{"data_generator_T":5914.1548,"data_generator_V1":-71.000908},{"data_generator_T":5921.1538,"data_generator_V1":-74.300018},{"data_generator_T":5928.1528,"data_generator_V1":-68.722717},{"data_generator_T":5935.1519,"data_generator_V1":-72.668671},{"data_generator_T":5942.1509,"data_generator_V1":-73.896805},{"data_generator_T":5949.1499,"data_generator_V1":-69.377235},{"data_generator_T":5956.1489,"data_generator_V1":-76.747215},{"data_generator_T":5963.1479,"data_generator_V1":-70.862694},{"data_generator_T":5970.147,"data_generator_V1":-67.771881},{"data_generator_T":5977.146,"data_generator_V1":-72.57},{"data_generator_T":5984.145,"data_generator_V1":-65.907784},{"data_generator_T":5991.144,"data_generator_V1":-69.685219},{"data_generator_T":5998.1431,"data_generator_V1":-64.375771},{"data_generator_T":6005.1421,"data_generator_V1":-55.451973},{"data_generator_T":6012.1411,"data_generator_V1":-75.509979},{"data_generator_T":6019.1401,"data_generator_V1":-74.307556},{"data_generator_T":6026.1392,"data_generator_V1":-74.024071},{"data_generator_T":6033.1382,"data_generator_V1":-68.331268},{"data_generator_T":6040.1372,"data_generator_V1":-71.474731},{"data_generator_T":6047.1362,"data_generator_V1":-65.924698},{"data_generator_T":6054.1348,"data_generator_V1":-67.368324},{"data_generator_T":6061.1338,"data_generator_V1":-73.841751},{"data_generator_T":6068.1328,"data_generator_V1":-72.443558},{"data_generator_T":6075.1318,"data_generator_V1":-71.807632},{"data_generator_T":6082.1309,"data_generator_V1":-77.222214},{"data_generator_T":6089.1299,"data_generator_V1":-71.288834},{"data_generator_T":6096.1289,"data_generator_V1":-66.851463},{"data_generator_T":6103.1279,"data_generator_V1":-69.650497},{"data_generator_T":6110.127,"data_generator_V1":-76.041061},{"data_generator_T":6117.126,"data_generator_V1":-74.901665},{"data_generator_T":6124.125,"data_generator_V1":-73.491119},{"data_generator_T":6131.124,"data_generator_V1":-73.307098},{"data_generator_T":6138.123,"data_generator_V1":-71.980865},{"data_generator_T":6145.1221,"data_generator_V1":-62.245319},{"data_generator_T":6152.1211,"data_generator_V1":-67.874222},{"data_generator_T":6159.1201,"data_generator_V1":-59.189846},{"data_generator_T":6166.1191,"data_generator_V1":13.838942},{"data_generator_T":6173.1182,"data_generator_V1":-68.612404},{"data_generator_T":6180.1172,"data_generator_V1":-70.592949},{"data_generator_T":6187.1162,"data_generator_V1":-70.71907},{"data_generator_T":6194.1152,"data_generator_V1":-74.715973},{"data_generator_T":6201.1138,"data_generator_V1":-77.706223},{"data_generator_T":6208.1128,"data_generator_V1":-72.946732},{"data_generator_T":6215.1118,"data_generator_V1":27.950655},{"data_generator_T":6222.1108,"data_generator_V1":-71.80645},{"data_generator_T":6229.1099,"data_generator_V1":-75.101456},{"data_generator_T":6236.1089,"data_generator_V1":-75.009109},{"data_generator_T":6243.1079,"data_generator_V1":-70.700981},{"data_generator_T":6250.1069,"data_generator_V1":-64.271866},{"data_generator_T":6257.106,"data_generator_V1":-69.134773},{"data_generator_T":6264.105,"data_generator_V1":-62.483025},{"data_generator_T":6271.104,"data_generator_V1":-68.40535},{"data_generator_T":6278.103,"data_generator_V1":-68.877419},{"data_generator_T":6285.1021,"data_generator_V1":-71.871574},{"data_generator_T":6292.1011,"data_generator_V1":-66.228096},{"data_generator_T":6299.1001,"data_generator_V1":-72.683136},{"data_generator_T":6306.0991,"data_generator_V1":-73.156708},{"data_generator_T":6313.0981,"data_generator_V1":-73.516327},{"data_generator_T":6320.0972,"data_generator_V1":-67.210808},{"data_generator_T":6327.0962,"data_generator_V1":-72.441818},{"data_generator_T":6334.0952,"data_generator_V1":-72.524132},{"data_generator_T":6341.0942,"data_generator_V1":-73.782799},{"data_generator_T":6348.0928,"data_generator_V1":-74.578743},{"data_generator_T":6355.0918,"data_generator_V1":-68.5588},{"data_generator_T":6362.0908,"data_generator_V1":-63.061554},{"data_generator_T":6369.0898,"data_generator_V1":-66.480392},{"data_generator_T":6376.0889,"data_generator_V1":-73.065575},{"data_generator_T":6383.0879,"data_generator_V1":-72.824432},{"data_generator_T":6390.0869,"data_generator_V1":-66.214729},{"data_generator_T":6397.0859,"data_generator_V1":-67.755836},{"data_generator_T":6404.085,"data_generator_V1":-68.614143},{"data_generator_T":6411.084,"data_generator_V1":7.8545294},{"data_generator_T":6418.083,"data_generator_V1":-50.607338},{"data_generator_T":6425.082,"data_generator_V1":-76.252708},{"data_generator_T":6432.0811,"data_generator_V1":-74.531494},{"data_generator_T":6439.0801,"data_generator_V1":-73.562805},{"data_generator_T":6446.0791,"data_generator_V1":-74.766418},{"data_generator_T":6453.0781,"data_generator_V1":-71.902603},{"data_generator_T":6460.0771,"data_generator_V1":-67.869987},{"data_generator_T":6467.0762,"data_generator_V1":-64.818924},{"data_generator_T":6474.0752,"data_generator_V1":-67.863396},{"data_generator_T":6481.0742,"data_generator_V1":-71.509529},{"data_generator_T":6488.0732,"data_generator_V1":-74.541397},{"data_generator_T":6495.0718,"data_generator_V1":-73.91848},{"data_generator_T":6502.0708,"data_generator_V1":-74.412453},{"data_generator_T":6509.0698,"data_generator_V1":-73.650757},{"data_generator_T":6516.0688,"data_generator_V1":-69.681458},{"data_generator_T":6523.0679,"data_generator_V1":-72.796989},{"data_generator_T":6530.0669,"data_generator_V1":-68.541023},{"data_generator_T":6537.0659,"data_generator_V1":-72.853561},{"data_generator_T":6544.0649,"data_generator_V1":-73.708565},{"data_generator_T":6551.064,"data_generator_V1":-73.426834},{"data_generator_T":6558.063,"data_generator_V1":-75.271629},{"data_generator_T":6565.062,"data_generator_V1":-70.981117},{"data_generator_T":6572.061,"data_generator_V1":-67.395218},{"data_generator_T":6579.0601,"data_generator_V1":-70.321083},{"data_generator_T":6586.0591,"data_generator_V1":-74.275002},{"data_generator_T":6593.0581,"data_generator_V1":-76.230064},{"data_generator_T":6600.0571,"data_generator_V1":-74.640144},{"data_generator_T":6607.0562,"data_generator_V1":-74.0737},{"data_generator_T":6614.0552,"data_generator_V1":-71.106827},{"data_generator_T":6621.0542,"data_generator_V1":-62.361511},{"data_generator_T":6628.0532,"data_generator_V1":-74.026665},{"data_generator_T":6635.0518,"data_generator_V1":-68.758842},{"data_generator_T":6642.0508,"data_generator_V1":-63.930199},{"data_generator_T":6649.0498,"data_generator_V1":-66.949677},{"data_generator_T":6656.0488,"data_generator_V1":-74.769417},{"data_generator_T":6663.0479,"data_generator_V1":-71.037033},{"data_generator_T":6670.0469,"data_generator_V1":-75.997551},{"data_generator_T":6677.0459,"data_generator_V1":-76.109596},{"data_generator_T":6684.0449,"data_generator_V1":-71.557884},{"data_generator_T":6691.0439,"data_generator_V1":-68.579422},{"data_generator_T":6698.043,"data_generator_V1":-63.4259},{"data_generator_T":6705.042,"data_generator_V1":-65.19944},{"data_generator_T":6712.041,"data_generator_V1":-72.945099},{"data_generator_T":6719.04,"data_generator_V1":-72.057701},{"data_generator_T":6726.0391,"data_generator_V1":-70.630791},{"data_generator_T":6733.0381,"data_generator_V1":-71.476204},{"data_generator_T":6740.0371,"data_generator_V1":-71.523582},{"data_generator_T":6747.0361,"data_generator_V1":-66.114258},{"data_generator_T":6754.0352,"data_generator_V1":-61.802502},{"data_generator_T":6761.0342,"data_generator_V1":-65.771957},{"data_generator_T":6768.0332,"data_generator_V1":-73.27594},{"data_generator_T":6775.0322,"data_generator_V1":-72.641785},{"data_generator_T":6782.0308,"data_generator_V1":-72.149719},{"data_generator_T":6789.0298,"data_generator_V1":-73.026627},{"data_generator_T":6796.0288,"data_generator_V1":-74.42511},{"data_generator_T":6803.0278,"data_generator_V1":-72.540527},{"data_generator_T":6810.0269,"data_generator_V1":-69.258209},{"data_generator_T":6817.0259,"data_generator_V1":-76.583824},{"data_generator_T":6824.0249,"data_generator_V1":-71.668083},{"data_generator_T":6831.0239,"data_generator_V1":-68.936798},{"data_generator_T":6838.0229,"data_generator_V1":-76.478813},{"data_generator_T":6845.022,"data_generator_V1":-72.108498},{"data_generator_T":6852.021,"data_generator_V1":-73.592232},{"data_generator_T":6859.02,"data_generator_V1":-67.238403},{"data_generator_T":6866.019,"data_generator_V1":-55.922974},{"data_generator_T":6873.0181,"data_generator_V1":-70.999207},{"data_generator_T":6880.0171,"data_generator_V1":-73.583778},{"data_generator_T":6887.0161,"data_generator_V1":-73.257385},{"data_generator_T":6894.0151,"data_generator_V1":-74.609207},{"data_generator_T":6901.0142,"data_generator_V1":-75.315643},{"data_generator_T":6908.0132,"data_generator_V1":-70.703644},{"data_generator_T":6915.0122,"data_generator_V1":-67.790855},{"data_generator_T":6922.0112,"data_generator_V1":-70.757935},{"data_generator_T":6929.0098,"data_generator_V1":-66.981567},{"data_generator_T":6936.0088,"data_generator_V1":-70.662064},{"data_generator_T":6943.0078,"data_generator_V1":-69.829849},{"data_generator_T":6950.0068,"data_generator_V1":-69.070618},{"data_generator_T":6957.0059,"data_generator_V1":-74.575943},{"data_generator_T":6964.0049,"data_generator_V1":-68.318916},{"data_generator_T":6971.0039,"data_generator_V1":-62.442993},{"data_generator_T":6978.0029,"data_generator_V1":-66.036057},{"data_generator_T":6985.002,"data_generator_V1":-74.383415},{"data_generator_T":6992.001,"data_generator_V1":-69.944084},{"data_generator_T":6999.0,"data_generator_V1":-72.407005}]