[{"data_set_value_component_environment_variable_time":0.0,"data_set_value_component_Cdk2_CycE_variable_Cdk2_CycE":0.06,"data_set_value_component_PCdk2_CycE_variable_PCdk2_CycE":0.94,"data_set_value_component_Wee1_a_variable_Wee1_a":1.02,"data_set_value_component_Wee1_a_variable_Jwact":0.01,"data_set_value_component_Wee1_a_variable_Jwinact":0.01,"data_set_value_component_Wee1_a_variable_Wee1_total":8.0,"data_set_value_component_Wee1_a_variable_kwact":0.75,"data_set_value_component_Wee1_a_variable_kwinact":1.5,"data_set_value_component_Kin_a_variable_Kin_a":0.6,"data_set_value_component_Kin_a_variable_Jiact":0.01,"data_set_value_component_Kin_a_variable_Jiinact":0.01,"data_set_value_component_Kin_a_variable_kiact":0.15,"data_set_value_component_Kin_a_variable_kiinact":0.6,"data_set_value_component_Cdk2_CycErem_variable_Cdk2_CycErem":0.0,"data_set_value_component_PCdk2_CycErem_variable_PCdk2_CycErem":0.0,"data_set_value_component_Deg_a_variable_Deg_a":0.0,"data_set_value_component_Deg_a_variable_Heav":0.0,"data_set_value_component_Deg_a_variable_kdact":0.023,"data_set_value_component_Deg_a_variable_theta":0.3,"data_set_value_component_Deg_a_variable_x":-0.3,"data_set_value_component_Xic_variable_Xic":3.0,"data_set_value_component_Xic_Cdk2_CycE_variable_Xic_Cdk2_CycE":0.0,"data_set_value_component_Xic_PCdk2_CycE_variable_Xic_PCdk2_CycE":0.0,"data_set_value_component_Xic_Cdk2_CycErem_variable_Xic_Cdk2_CycErem":0.0,"data_set_value_component_Xic_PCdk2_CycErem_variable_Xic_PCdk2_CycErem":0.0,"data_set_value_component_Xicrem_variable_Xicrem":0.0,"data_set_value_component_Cyc_total_variable_Cyc_total":1.0,"data_set_value_component_Xic_total_variable_Xic_total":1.0,"data_set_value_component_kinetic_parameters_variable_kwee":1.5,"data_set_value_component_kinetic_parameters_variable_k25A":0.1,"data_set_value_component_kinetic_parameters_variable_kon":0.02,"data_set_value_component_kinetic_parameters_variable_koff":0.0001,"data_set_value_component_kinetic_parameters_variable_kassoc":0.1,"data_set_value_component_kinetic_parameters_variable_kdissoc":0.001,"data_set_value_component_kinetic_parameters_variable_kedeg":0.017,"data_set_value_component_kinetic_parameters_variable_kxdeg":0.01,"data_set_value_component_kinetic_parameters_variable_phi":0.0390625,"data_set_value_component_kinetic_parameters_variable_Deg":0.0,"data_set_value_component_kinetic_parameters_variable_epsilon":0.001,"data_set_value_component_kinetic_parameters_variable_pool":0.0,"data_set_value_component_kinetic_parameters_variable_n":4.0,"data_set_value_component_kinetic_parameters_variable_L":0.4},{"data_set_value_component_environment_variable_time":0.1,"data_set_value_component_Cdk2_CycE_variable_Cdk2_CycE":0.0584891903,"data_set_value_component_PCdk2_CycE_variable_PCdk2_CycE":0.9120249623,"data_set_value_component_Wee1_a_variable_Wee1_a":1.0049469351,"data_set_value_component_Wee1_a_variable_Jwact":0.01,"data_set_value_component_Wee1_a_variable_Jwinact":0.01,"data_set_value_component_Wee1_a_variable_Wee1_total":8.0,"data_set_value_component_Wee1_a_variable_kwact":0.75,"data_set_value_component_Wee1_a_variable_kwinact":1.5,"data_set_value_component_Kin_a_variable_Kin_a":0.6111327839,"data_set_value_component_Kin_a_variable_Jiact":0.01,"data_set_value_component_Kin_a_variable_Jiinact":0.01,"data_set_value_component_Kin_a_variable_kiact":0.15,"data_set_value_component_Kin_a_variable_kiinact":0.6,"data_set_value_component_Cdk2_CycErem_variable_Cdk2_CycErem":0.0000045592,"data_set_value_component_PCdk2_CycErem_variable_PCdk2_CycErem":0.0000712682,"data_set_value_component_Deg_a_variable_Deg_a":0.0,"data_set_value_component_Deg_a_variable_Heav":0.0,"data_set_value_component_Deg_a_variable_kdact":0.023,"data_set_value_component_Deg_a_variable_theta":0.3,"data_set_value_component_Deg_a_variable_x":-0.2999954408,"data_set_value_component_Xic_variable_Xic":2.9705899797,"data_set_value_component_Xic_Cdk2_CycE_variable_Xic_Cdk2_CycE":0.0017723759,"data_set_value_component_Xic_PCdk2_CycE_variable_Xic_PCdk2_CycE":0.0276353498,"data_set_value_component_Xic_Cdk2_CycErem_variable_Xic_Cdk2_CycErem":0.0000001379,"data_set_value_component_Xic_PCdk2_CycErem_variable_Xic_PCdk2_CycErem":0.0000021558,"data_set_value_component_Xicrem_variable_Xicrem":0.0,"data_set_value_component_Cyc_total_variable_Cyc_total":0.9999999996,"data_set_value_component_Xic_total_variable_Xic_total":0.9999999997,"data_set_value_component_kinetic_parameters_variable_kwee":1.5,"data_set_value_component_kinetic_parameters_variable_k25A":0.1,"data_set_value_component_kinetic_parameters_variable_kon":0.02,"data_set_value_component_kinetic_parameters_variable_koff":0.0001,"data_set_value_component_kinetic_parameters_variable_kassoc":0.1,"data_set_value_component_kinetic_parameters_variable_kdissoc":0.001,"data_set_value_component_kinetic_parameters_variable_kedeg":0.017,"data_set_value_component_kinetic_parameters_variable_kxdeg":0.01,"data_set_value_component_kinetic_parameters_variable_phi":0.0390625,"data_set_value_component_kinetic_parameters_variable_Deg":0.0,"data_set_value_component_kinetic_parameters_variable_epsilon":0.001,"data_set_value_component_kinetic_parameters_variable_pool":0.0000781212,"data_set_value_component_kinetic_parameters_variable_n":4.0,"data_set_value_component_kinetic_parameters_variable_L":0.4},{"data_set_value_component_environment_variable_time":0.2,"data_set_value_component_Cdk2_CycE_variable_Cdk2_CycE":0.057119859,"data_set_value_component_PCdk2_CycE_variable_PCdk2_CycE":0.8850524181,"data_set_value_component_Wee1_a_variable_Wee1_a":0.9882493419,"data_set_value_component_Wee1_a_variable_Jwact":0.01,"data_set_value_component_Wee1_a_variable_Jwinact":0.01,"data_set_value_component_Wee1_a_variable_Wee1_total":8.0,"data_set_value_component_Wee1_a_variable_kwact":0.75,"data_set_value_component_Wee1_a_variable_kwinact":1.5,"data_set_value_component_Kin_a_variable_Kin_a":0.6223389925,"data_set_value_component_Kin_a_variable_Jiact":0.01,"data_set_value_component_Kin_a_variable_Jiinact":0.01,"data_set_value_component_Kin_a_variable_kiact":0.15,"data_set_value_component_Kin_a_variable_kiinact":0.6,"data_set_value_component_Cdk2_CycErem_variable_Cdk2_CycErem":0.0000088758,"data_set_value_component_PCdk2_CycErem_variable_PCdk2_CycErem":0.000138359,"data_set_value_component_Deg_a_variable_Deg_a":0.0,"data_set_value_component_Deg_a_variable_Heav":0.0,"data_set_value_component_Deg_a_variable_kdact":0.023,"data_set_value_component_Deg_a_variable_theta":0.3,"data_set_value_component_Deg_a_variable_x":-0.2999911242,"data_set_value_component_Xic_variable_Xic":2.9423195072,"data_set_value_component_Xic_Cdk2_CycE_variable_Xic_Cdk2_CycE":0.0034965225,"data_set_value_component_Xic_PCdk2_CycE_variable_Xic_PCdk2_CycE":0.0541749642,"data_set_value_component_Xic_Cdk2_CycErem_variable_Xic_Cdk2_CycErem":0.0000005426,"data_set_value_component_Xic_PCdk2_CycErem_variable_Xic_PCdk2_CycErem":0.0000084575,"data_set_value_component_Xicrem_variable_Xicrem":0.0,"data_set_value_component_Cyc_total_variable_Cyc_total":0.9999999986,"data_set_value_component_Xic_total_variable_Xic_total":0.999999998,"data_set_value_component_kinetic_parameters_variable_kwee":1.5,"data_set_value_component_kinetic_parameters_variable_k25A":0.1,"data_set_value_component_kinetic_parameters_variable_kon":0.02,"data_set_value_component_kinetic_parameters_variable_koff":0.0001,"data_set_value_component_kinetic_parameters_variable_kassoc":0.1,"data_set_value_component_kinetic_parameters_variable_kdissoc":0.001,"data_set_value_component_kinetic_parameters_variable_kedeg":0.017,"data_set_value_component_kinetic_parameters_variable_kxdeg":0.01,"data_set_value_component_kinetic_parameters_variable_phi":0.0390625,"data_set_value_component_kinetic_parameters_variable_Deg":0.0,"data_set_value_component_kinetic_parameters_variable_epsilon":0.001,"data_set_value_component_kinetic_parameters_variable_pool":0.0001562348,"data_set_value_component_kinetic_parameters_variable_n":4.0,"data_set_value_component_kinetic_parameters_variable_L":0.4},{"data_set_value_component_environment_variable_time":0.3,"data_set_value_component_Cdk2_CycE_variable_Cdk2_CycE":0.0558833508,"data_set_value_component_PCdk2_CycE_variable_PCdk2_CycE":0.8590319196,"data_set_value_component_Wee1_a_variable_Wee1_a":0.9698995661,"data_set_value_component_Wee1_a_variable_Jwact":0.01,"data_set_value_component_Wee1_a_variable_Jwinact":0.01,"data_set_value_component_Wee1_a_variable_Wee1_total":8.0,"data_set_value_component_Wee1_a_variable_kwact":0.75,"data_set_value_component_Wee1_a_variable_kwinact":1.5,"data_set_value_component_Kin_a_variable_Kin_a":0.6336100169,"data_set_value_component_Kin_a_variable_Jiact":0.01,"data_set_value_component_Kin_a_variable_Jiinact":0.01,"data_set_value_component_Kin_a_variable_kiact":0.15,"data_set_value_component_Kin_a_variable_kiinact":0.6,"data_set_value_component_Cdk2_CycErem_variable_Cdk2_CycErem":0.0000129696,"data_set_value_component_PCdk2_CycErem_variable_PCdk2_CycErem":0.0002015087,"data_set_value_component_Deg_a_variable_Deg_a":0.0,"data_set_value_component_Deg_a_variable_Heav":0.0,"data_set_value_component_Deg_a_variable_kdact":0.023,"data_set_value_component_Deg_a_variable_theta":0.3,"data_set_value_component_Deg_a_variable_x":-0.2999870304,"data_set_value_component_Xic_variable_Xic":2.9151297303,"data_set_value_component_Xic_Cdk2_CycE_variable_Xic_Cdk2_CycE":0.0051828108,"data_set_value_component_Xic_PCdk2_CycE_variable_Xic_PCdk2_CycE":0.0796675748,"data_set_value_component_Xic_Cdk2_CycErem_variable_Xic_Cdk2_CycErem":0.0000012013,"data_set_value_component_Xic_PCdk2_CycErem_variable_Xic_PCdk2_CycErem":0.0000186627,"data_set_value_component_Xicrem_variable_Xicrem":0.0,"data_set_value_component_Cyc_total_variable_Cyc_total":0.9999999983,"data_set_value_component_Xic_total_variable_Xic_total":0.9999999933,"data_set_value_component_kinetic_parameters_variable_kwee":1.5,"data_set_value_component_kinetic_parameters_variable_k25A":0.1,"data_set_value_component_kinetic_parameters_variable_kon":0.02,"data_set_value_component_kinetic_parameters_variable_koff":0.0001,"data_set_value_component_kinetic_parameters_variable_kassoc":0.1,"data_set_value_component_kinetic_parameters_variable_kdissoc":0.001,"data_set_value_component_kinetic_parameters_variable_kedeg":0.017,"data_set_value_component_kinetic_parameters_variable_kxdeg":0.01,"data_set_value_component_kinetic_parameters_variable_phi":0.0390625,"data_set_value_component_kinetic_parameters_variable_Deg":0.0,"data_set_value_component_kinetic_parameters_variable_epsilon":0.001,"data_set_value_component_kinetic_parameters_variable_pool":0.0002343423,"data_set_value_component_kinetic_parameters_variable_n":4.0,"data_set_value_component_kinetic_parameters_variable_L":0.4},{"data_set_value_component_environment_variable_time":0.4,"data_set_value_component_Cdk2_CycE_variable_Cdk2_CycE":0.0547720922,"data_set_value_component_PCdk2_CycE_variable_PCdk2_CycE":0.8339147032,"data_set_value_component_Wee1_a_variable_Wee1_a":0.9498914594,"data_set_value_component_Wee1_a_variable_Jwact":0.01,"data_set_value_component_Wee1_a_variable_Jwinact":0.01,"data_set_value_component_Wee1_a_variable_Wee1_total":8.0,"data_set_value_component_Wee1_a_variable_kwact":0.75,"data_set_value_component_Wee1_a_variable_kwinact":1.5,"data_set_value_component_Kin_a_variable_Kin_a":0.6449374747,"data_set_value_component_Kin_a_variable_Jiact":0.01,"data_set_value_component_Kin_a_variable_Jiinact":0.01,"data_set_value_component_Kin_a_variable_kiact":0.15,"data_set_value_component_Kin_a_variable_kiinact":0.6,"data_set_value_component_Cdk2_CycErem_variable_Cdk2_CycErem":0.0000168596,"data_set_value_component_PCdk2_CycErem_variable_PCdk2_CycErem":0.0002609415,"data_set_value_component_Deg_a_variable_Deg_a":0.0,"data_set_value_component_Deg_a_variable_Heav":0.0,"data_set_value_component_Deg_a_variable_kdact":0.023,"data_set_value_component_Deg_a_variable_theta":0.3,"data_set_value_component_Deg_a_variable_x":-0.2999831404,"data_set_value_component_Xic_variable_Xic":2.8889645503,"data_set_value_component_Xic_Cdk2_CycE_variable_Xic_Cdk2_CycE":0.0068413481,"data_set_value_component_Xic_PCdk2_CycE_variable_Xic_PCdk2_CycE":0.1041594116,"data_set_value_component_Xic_Cdk2_CycErem_variable_Xic_Cdk2_CycErem":0.0000021026,"data_set_value_component_Xic_PCdk2_CycErem_variable_Xic_PCdk2_CycErem":0.0000325403,"data_set_value_component_Xicrem_variable_Xicrem":0.0,"data_set_value_component_Cyc_total_variable_Cyc_total":0.9999999991,"data_set_value_component_Xic_total_variable_Xic_total":0.9999999843,"data_set_value_component_kinetic_parameters_variable_kwee":1.5,"data_set_value_component_kinetic_parameters_variable_k25A":0.1,"data_set_value_component_kinetic_parameters_variable_kon":0.02,"data_set_value_component_kinetic_parameters_variable_koff":0.0001,"data_set_value_component_kinetic_parameters_variable_kassoc":0.1,"data_set_value_component_kinetic_parameters_variable_kdissoc":0.001,"data_set_value_component_kinetic_parameters_variable_kedeg":0.017,"data_set_value_component_kinetic_parameters_variable_kxdeg":0.01,"data_set_value_component_kinetic_parameters_variable_phi":0.0390625,"data_set_value_component_kinetic_parameters_variable_Deg":0.0,"data_set_value_component_kinetic_parameters_variable_epsilon":0.001,"data_set_value_component_kinetic_parameters_variable_pool":0.000312444,"data_set_value_component_kinetic_parameters_variable_n":4.0,"data_set_value_component_kinetic_parameters_variable_L":0.4},{"data_set_value_component_environment_variable_time":0.5,"data_set_value_component_Cdk2_CycE_variable_Cdk2_CycE":0.0537797038,"data_set_value_component_PCdk2_CycE_variable_PCdk2_CycE":0.8096549355,"data_set_value_component_Wee1_a_variable_Wee1_a":0.9282204681,"data_set_value_component_Wee1_a_variable_Jwact":0.01,"data_set_value_component_Wee1_a_variable_Jwinact":0.01,"data_set_value_component_Wee1_a_variable_Wee1_total":8.0,"data_set_value_component_Wee1_a_variable_kwact":0.75,"data_set_value_component_Wee1_a_variable_kwinact":1.5,"data_set_value_component_Kin_a_variable_Kin_a":0.6563133848,"data_set_value_component_Kin_a_variable_Jiact":0.01,"data_set_value_component_Kin_a_variable_Jiinact":0.01,"data_set_value_component_Kin_a_variable_kiact":0.15,"data_set_value_component_Kin_a_variable_kiinact":0.6,"data_set_value_component_Cdk2_CycErem_variable_Cdk2_CycErem":0.0000205633,"data_set_value_component_PCdk2_CycErem_variable_PCdk2_CycErem":0.0003168642,"data_set_value_component_Deg_a_variable_Deg_a":0.0,"data_set_value_component_Deg_a_variable_Heav":0.0,"data_set_value_component_Deg_a_variable_kdact":0.023,"data_set_value_component_Deg_a_variable_theta":0.3,"data_set_value_component_Deg_a_variable_x":-0.2999794367,"data_set_value_component_Xic_variable_Xic":2.8637719754,"data_set_value_component_Xic_Cdk2_CycE_variable_Xic_Cdk2_CycE":0.0084818144,"data_set_value_component_Xic_PCdk2_CycE_variable_Xic_PCdk2_CycE":0.1276930073,"data_set_value_component_Xic_Cdk2_CycErem_variable_Xic_Cdk2_CycErem":0.0000032369,"data_set_value_component_Xic_PCdk2_CycErem_variable_Xic_PCdk2_CycErem":0.0000498752,"data_set_value_component_Xicrem_variable_Xicrem":0.0,"data_set_value_component_Cyc_total_variable_Cyc_total":1.0000000007,"data_set_value_component_Xic_total_variable_Xic_total":0.9999999697,"data_set_value_component_kinetic_parameters_variable_kwee":1.5,"data_set_value_component_kinetic_parameters_variable_k25A":0.1,"data_set_value_component_kinetic_parameters_variable_kon":0.02,"data_set_value_component_kinetic_parameters_variable_koff":0.0001,"data_set_value_component_kinetic_parameters_variable_kassoc":0.1,"data_set_value_component_kinetic_parameters_variable_kdissoc":0.001,"data_set_value_component_kinetic_parameters_variable_kedeg":0.017,"data_set_value_component_kinetic_parameters_variable_kxdeg":0.01,"data_set_value_component_kinetic_parameters_variable_phi":0.0390625,"data_set_value_component_kinetic_parameters_variable_Deg":0.0,"data_set_value_component_kinetic_parameters_variable_epsilon":0.001,"data_set_value_component_kinetic_parameters_variable_pool":0.0003905396,"data_set_value_component_kinetic_parameters_variable_n":4.0,"data_set_value_component_kinetic_parameters_variable_L":0.4},{"data_set_value_component_environment_variable_time":0.6,"data_set_value_component_Cdk2_CycE_variable_Cdk2_CycE":0.0529009318,"data_set_value_component_PCdk2_CycE_variable_PCdk2_CycE":0.7862093335,"data_set_value_component_Wee1_a_variable_Wee1_a":0.9048837208,"data_set_value_component_Wee1_a_variable_Jwact":0.01,"data_set_value_component_Wee1_a_variable_Jwinact":0.01,"data_set_value_component_Wee1_a_variable_Wee1_total":8.0,"data_set_value_component_Wee1_a_variable_kwact":0.75,"data_set_value_component_Wee1_a_variable_kwinact":1.5,"data_set_value_component_Kin_a_variable_Kin_a":0.6677300564,"data_set_value_component_Kin_a_variable_Jiact":0.01,"data_set_value_component_Kin_a_variable_Jiinact":0.01,"data_set_value_component_Kin_a_variable_kiact":0.15,"data_set_value_component_Kin_a_variable_kiinact":0.6,"data_set_value_component_Cdk2_CycErem_variable_Cdk2_CycErem":0.0000240967,"data_set_value_component_PCdk2_CycErem_variable_PCdk2_CycErem":0.0003694682,"data_set_value_component_Deg_a_variable_Deg_a":0.0,"data_set_value_component_Deg_a_variable_Heav":0.0,"data_set_value_component_Deg_a_variable_kdact":0.023,"data_set_value_component_Deg_a_variable_theta":0.3,"data_set_value_component_Deg_a_variable_x":-0.2999759033,"data_set_value_component_Xic_variable_Xic":2.8395036736,"data_set_value_component_Xic_Cdk2_CycE_variable_Xic_Cdk2_CycE":0.0101136515,"data_set_value_component_Xic_PCdk2_CycE_variable_Xic_PCdk2_CycE":0.150307457,"data_set_value_component_Xic_Cdk2_CycErem_variable_Xic_Cdk2_CycErem":0.0000045962,"data_set_value_component_Xic_PCdk2_CycErem_variable_Xic_PCdk2_CycErem":0.0000704669,"data_set_value_component_Xicrem_variable_Xicrem":0.0,"data_set_value_component_Cyc_total_variable_Cyc_total":1.0000000018,"data_set_value_component_Xic_total_variable_Xic_total":0.9999999484,"data_set_value_component_kinetic_parameters_variable_kwee":1.5,"data_set_value_component_kinetic_parameters_variable_k25A":0.1,"data_set_value_component_kinetic_parameters_variable_kon":0.02,"data_set_value_component_kinetic_parameters_variable_koff":0.0001,"data_set_value_component_kinetic_parameters_variable_kassoc":0.1,"data_set_value_component_kinetic_parameters_variable_kdissoc":0.001,"data_set_value_component_kinetic_parameters_variable_kedeg":0.017,"data_set_value_component_kinetic_parameters_variable_kxdeg":0.01,"data_set_value_component_kinetic_parameters_variable_phi":0.0390625,"data_set_value_component_kinetic_parameters_variable_Deg":0.0,"data_set_value_component_kinetic_parameters_variable_epsilon":0.001,"data_set_value_component_kinetic_parameters_variable_pool":0.000468628,"data_set_value_component_kinetic_parameters_variable_n":4.0,"data_set_value_component_kinetic_parameters_variable_L":0.4},{"data_set_value_component_environment_variable_time":0.7,"data_set_value_component_Cdk2_CycE_variable_Cdk2_CycE":0.0521315153,"data_set_value_component_PCdk2_CycE_variable_PCdk2_CycE":0.7635367821,"data_set_value_component_Wee1_a_variable_Wee1_a":0.879880027,"data_set_value_component_Wee1_a_variable_Jwact":0.01,"data_set_value_component_Wee1_a_variable_Jwinact":0.01,"data_set_value_component_Wee1_a_variable_Wee1_total":8.0,"data_set_value_component_Wee1_a_variable_kwact":0.75,"data_set_value_component_Wee1_a_variable_kwinact":1.5,"data_set_value_component_Kin_a_variable_Kin_a":0.679179985,"data_set_value_component_Kin_a_variable_Jiact":0.01,"data_set_value_component_Kin_a_variable_Jiinact":0.01,"data_set_value_component_Kin_a_variable_kiact":0.15,"data_set_value_component_Kin_a_variable_kiinact":0.6,"data_set_value_component_Cdk2_CycErem_variable_Cdk2_CycErem":0.0000274749,"data_set_value_component_PCdk2_CycErem_variable_PCdk2_CycErem":0.000418933,"data_set_value_component_Deg_a_variable_Deg_a":0.0,"data_set_value_component_Deg_a_variable_Heav":0.0,"data_set_value_component_Deg_a_variable_kdact":0.023,"data_set_value_component_Deg_a_variable_theta":0.3,"data_set_value_component_Deg_a_variable_x":-0.2999725251,"data_set_value_component_Xic_variable_Xic":2.8161144606,"data_set_value_component_Xic_Cdk2_CycE_variable_Xic_Cdk2_CycE":0.0117462398,"data_set_value_component_Xic_PCdk2_CycE_variable_Xic_PCdk2_CycE":0.1720387565,"data_set_value_component_Xic_Cdk2_CycErem_variable_Xic_Cdk2_CycErem":0.0000061736,"data_set_value_component_Xic_PCdk2_CycErem_variable_Xic_PCdk2_CycErem":0.0000941274,"data_set_value_component_Xicrem_variable_Xicrem":0.0,"data_set_value_component_Cyc_total_variable_Cyc_total":1.0000000026,"data_set_value_component_Xic_total_variable_Xic_total":0.9999999193,"data_set_value_component_kinetic_parameters_variable_kwee":1.5,"data_set_value_component_kinetic_parameters_variable_k25A":0.1,"data_set_value_component_kinetic_parameters_variable_kon":0.02,"data_set_value_component_kinetic_parameters_variable_koff":0.0001,"data_set_value_component_kinetic_parameters_variable_kassoc":0.1,"data_set_value_component_kinetic_parameters_variable_kdissoc":0.001,"data_set_value_component_kinetic_parameters_variable_kedeg":0.017,"data_set_value_component_kinetic_parameters_variable_kxdeg":0.01,"data_set_value_component_kinetic_parameters_variable_phi":0.0390625,"data_set_value_component_kinetic_parameters_variable_Deg":0.0,"data_set_value_component_kinetic_parameters_variable_epsilon":0.001,"data_set_value_component_kinetic_parameters_variable_pool":0.000546709,"data_set_value_component_kinetic_parameters_variable_n":4.0,"data_set_value_component_kinetic_parameters_variable_L":0.4},{"data_set_value_component_environment_variable_time":0.8,"data_set_value_component_Cdk2_CycE_variable_Cdk2_CycE":0.0514680734,"data_set_value_component_PCdk2_CycE_variable_PCdk2_CycE":0.7415980313,"data_set_value_component_Wee1_a_variable_Wee1_a":0.8532098512,"data_set_value_component_Wee1_a_variable_Jwact":0.01,"data_set_value_component_Wee1_a_variable_Jwinact":0.01,"data_set_value_component_Wee1_a_variable_Wee1_total":8.0,"data_set_value_component_Wee1_a_variable_kwact":0.75,"data_set_value_component_Wee1_a_variable_kwinact":1.5,"data_set_value_component_Kin_a_variable_Kin_a":0.6906557795,"data_set_value_component_Kin_a_variable_Jiact":0.01,"data_set_value_component_Kin_a_variable_Jiinact":0.01,"data_set_value_component_Kin_a_variable_kiact":0.15,"data_set_value_component_Kin_a_variable_kiinact":0.6,"data_set_value_component_Cdk2_CycErem_variable_Cdk2_CycErem":0.0000307122,"data_set_value_component_PCdk2_CycErem_variable_PCdk2_CycErem":0.0004654276,"data_set_value_component_Deg_a_variable_Deg_a":0.0,"data_set_value_component_Deg_a_variable_Heav":0.0,"data_set_value_component_Deg_a_variable_kdact":0.023,"data_set_value_component_Deg_a_variable_theta":0.3,"data_set_value_component_Deg_a_variable_x":-0.2999692878,"data_set_value_component_Xic_variable_Xic":2.793561885,"data_set_value_component_Xic_Cdk2_CycE_variable_Xic_Cdk2_CycE":0.0133890295,"data_set_value_component_Xic_PCdk2_CycE_variable_Xic_PCdk2_CycE":0.192920086,"data_set_value_component_Xic_Cdk2_CycErem_variable_Xic_Cdk2_CycErem":0.000007964,"data_set_value_component_Xic_PCdk2_CycErem_variable_Xic_PCdk2_CycErem":0.0001206792,"data_set_value_component_Xicrem_variable_Xicrem":0.0,"data_set_value_component_Cyc_total_variable_Cyc_total":1.0000000032,"data_set_value_component_Xic_total_variable_Xic_total":0.9999998812,"data_set_value_component_kinetic_parameters_variable_kwee":1.5,"data_set_value_component_kinetic_parameters_variable_k25A":0.1,"data_set_value_component_kinetic_parameters_variable_kon":0.02,"data_set_value_component_kinetic_parameters_variable_koff":0.0001,"data_set_value_component_kinetic_parameters_variable_kassoc":0.1,"data_set_value_component_kinetic_parameters_variable_kdissoc":0.001,"data_set_value_component_kinetic_parameters_variable_kedeg":0.017,"data_set_value_component_kinetic_parameters_variable_kxdeg":0.01,"data_set_value_component_kinetic_parameters_variable_phi":0.0390625,"data_set_value_component_kinetic_parameters_variable_Deg":0.0,"data_set_value_component_kinetic_parameters_variable_epsilon":0.001,"data_set_value_component_kinetic_parameters_variable_pool":0.000624783,"data_set_value_component_kinetic_parameters_variable_n":4.0,"data_set_value_component_kinetic_parameters_variable_L":0.4},{"data_set_value_component_environment_variable_time":0.9,"data_set_value_component_Cdk2_CycE_variable_Cdk2_CycE":0.050908073,"data_set_value_component_PCdk2_CycE_variable_PCdk2_CycE":0.7203555417,"data_set_value_component_Wee1_a_variable_Wee1_a":0.8248754345,"data_set_value_component_Wee1_a_variable_Jwact":0.01,"data_set_value_component_Wee1_a_variable_Jwinact":0.01,"data_set_value_component_Wee1_a_variable_Wee1_total":8.0,"data_set_value_component_Wee1_a_variable_kwact":0.75,"data_set_value_component_Wee1_a_variable_kwinact":1.5,"data_set_value_component_Kin_a_variable_Kin_a":0.7021501034,"data_set_value_component_Kin_a_variable_Jiact":0.01,"data_set_value_component_Kin_a_variable_Jiinact":0.01,"data_set_value_component_Kin_a_variable_kiact":0.15,"data_set_value_component_Kin_a_variable_kiinact":0.6,"data_set_value_component_Cdk2_CycErem_variable_Cdk2_CycErem":0.000033822,"data_set_value_component_PCdk2_CycErem_variable_PCdk2_CycErem":0.0005091105,"data_set_value_component_Deg_a_variable_Deg_a":0.0,"data_set_value_component_Deg_a_variable_Heav":0.0,"data_set_value_component_Deg_a_variable_kdact":0.023,"data_set_value_component_Deg_a_variable_theta":0.3,"data_set_value_component_Deg_a_variable_x":-0.299966178,"data_set_value_component_Xic_variable_Xic":2.7718060426,"data_set_value_component_Xic_Cdk2_CycE_variable_Xic_Cdk2_CycE":0.015051687,"data_set_value_component_Xic_PCdk2_CycE_variable_Xic_PCdk2_CycE":0.2129818519,"data_set_value_component_Xic_Cdk2_CycErem_variable_Xic_Cdk2_CycErem":0.000009963,"data_set_value_component_Xic_PCdk2_CycErem_variable_Xic_PCdk2_CycErem":0.000149955,"data_set_value_component_Xicrem_variable_Xicrem":0.0,"data_set_value_component_Cyc_total_variable_Cyc_total":1.0000000042,"data_set_value_component_Xic_total_variable_Xic_total":0.9999998332,"data_set_value_component_kinetic_parameters_variable_kwee":1.5,"data_set_value_component_kinetic_parameters_variable_k25A":0.1,"data_set_value_component_kinetic_parameters_variable_kon":0.02,"data_set_value_component_kinetic_parameters_variable_koff":0.0001,"data_set_value_component_kinetic_parameters_variable_kassoc":0.1,"data_set_value_component_kinetic_parameters_variable_kdissoc":0.001,"data_set_value_component_kinetic_parameters_variable_kedeg":0.017,"data_set_value_component_kinetic_parameters_variable_kxdeg":0.01,"data_set_value_component_kinetic_parameters_variable_phi":0.0390625,"data_set_value_component_kinetic_parameters_variable_Deg":0.0,"data_set_value_component_kinetic_parameters_variable_epsilon":0.001,"data_set_value_component_kinetic_parameters_variable_pool":0.0007028505,"data_set_value_component_kinetic_parameters_variable_n":4.0,"data_set_value_component_kinetic_parameters_variable_L":0.4},{"data_set_value_component_environment_variable_time":1.0,"data_set_value_component_Cdk2_CycE_variable_Cdk2_CycE":0.0504498977,"data_set_value_component_PCdk2_CycE_variable_PCdk2_CycE":0.6997734861,"data_set_value_component_Wee1_a_variable_Wee1_a":0.7948811148,"data_set_value_component_Wee1_a_variable_Jwact":0.01,"data_set_value_component_Wee1_a_variable_Jwinact":0.01,"data_set_value_component_Wee1_a_variable_Wee1_total":8.0,"data_set_value_component_Wee1_a_variable_kwact":0.75,"data_set_value_component_Wee1_a_variable_kwinact":1.5,"data_set_value_component_Kin_a_variable_Kin_a":0.7136556202,"data_set_value_component_Kin_a_variable_Jiact":0.01,"data_set_value_component_Kin_a_variable_Jiinact":0.01,"data_set_value_component_Kin_a_variable_kiact":0.15,"data_set_value_component_Kin_a_variable_kiinact":0.6,"data_set_value_component_Cdk2_CycErem_variable_Cdk2_CycErem":0.000036817,"data_set_value_component_PCdk2_CycErem_variable_PCdk2_CycErem":0.0005501294,"data_set_value_component_Deg_a_variable_Deg_a":0.0,"data_set_value_component_Deg_a_variable_Heav":0.0,"data_set_value_component_Deg_a_variable_kdact":0.023,"data_set_value_component_Deg_a_variable_theta":0.3,"data_set_value_component_Deg_a_variable_x":-0.299963183,"data_set_value_component_Xic_variable_Xic":2.750809647,"data_set_value_component_Xic_Cdk2_CycE_variable_Xic_Cdk2_CycE":0.0167442214,"data_set_value_component_Xic_PCdk2_CycE_variable_Xic_PCdk2_CycE":0.2322514888,"data_set_value_component_Xic_Cdk2_CycErem_variable_Xic_Cdk2_CycErem":0.000012168,"data_set_value_component_Xic_PCdk2_CycErem_variable_Xic_PCdk2_CycErem":0.0001817974,"data_set_value_component_Xicrem_variable_Xicrem":0.0,"data_set_value_component_Cyc_total_variable_Cyc_total":1.0000000058,"data_set_value_component_Xic_total_variable_Xic_total":0.9999997742,"data_set_value_component_kinetic_parameters_variable_kwee":1.5,"data_set_value_component_kinetic_parameters_variable_k25A":0.1,"data_set_value_component_kinetic_parameters_variable_kon":0.02,"data_set_value_component_kinetic_parameters_variable_koff":0.0001,"data_set_value_component_kinetic_parameters_variable_kassoc":0.1,"data_set_value_component_kinetic_parameters_variable_kdissoc":0.001,"data_set_value_component_kinetic_parameters_variable_kedeg":0.017,"data_set_value_component_kinetic_parameters_variable_kxdeg":0.01,"data_set_value_component_kinetic_parameters_variable_phi":0.0390625,"data_set_value_component_kinetic_parameters_variable_Deg":0.0,"data_set_value_component_kinetic_parameters_variable_epsilon":0.001,"data_set_value_component_kinetic_parameters_variable_pool":0.0007809118,"data_set_value_component_kinetic_parameters_variable_n":4.0,"data_set_value_component_kinetic_parameters_variable_L":0.4}]