<?xml version="1.0"?>
<rdf:RDF xmlns:rdf="http://www.w3.org/1999/02/22-rdf-syntax-ns#"><rdf:Description rdf:about="http://www.cellml.org/tools/pcenv/splitter/graph_sel_graph1"><activegraph xmlns="http://www.cellml.org/tools/pcenv/"><rdf:Description rdf:nodeID="n1"/></activegraph></rdf:Description><rdf:Description rdf:about="http://www.cellml.org/tools/pcenv/splitter/graph_key_graph3"><splitterState_collapsedAfter xmlns="http://www.cellml.org/tools/pcenv/" xml:lang="en">true</splitterState_collapsedAfter><splitterState_nextHeight xmlns="http://www.cellml.org/tools/pcenv/" xml:lang="en">0</splitterState_nextHeight></rdf:Description><rdf:Description rdf:nodeID="n2"><rdf:rest><rdf:Description rdf:nodeID="n3"/></rdf:rest><rdf:first><rdf:Description rdf:nodeID="n4"/></rdf:first></rdf:Description><rdf:Description rdf:about="http://www.cellml.org/tools/opencell/splitter/graph_key_graph1"><splitterState_collapsedAfter xmlns="http://www.cellml.org/tools/opencell/" xml:lang="en">true</splitterState_collapsedAfter><splitterState_nextHeight xmlns="http://www.cellml.org/tools/opencell/" xml:lang="en">0</splitterState_nextHeight></rdf:Description><rdf:Description rdf:about="http://www.cellml.org/tools/pcenv/splitter/graph_key_graph2"><splitterState_collapsedAfter xmlns="http://www.cellml.org/tools/pcenv/" xml:lang="en">true</splitterState_collapsedAfter><splitterState_nextHeight xmlns="http://www.cellml.org/tools/pcenv/" xml:lang="en">0</splitterState_nextHeight><splitterState_prevHeight xmlns="http://www.cellml.org/tools/pcenv/" xml:lang="en">18</splitterState_prevHeight></rdf:Description><rdf:Description rdf:nodeID="n5"><variable xmlns="http://www.cellml.org/metadata/graphs/1.0#"><rdf:Description rdf:about="hinch_greenstein_tanskanen_xu_winslow_2004.cellml#SR_Ca_leak_current_I_SR"/></variable></rdf:Description><rdf:Description rdf:about="http://www.cellml.org/tools/opencell/splitter/graph_sel_graph1"><activegraph xmlns="http://www.cellml.org/tools/opencell/"><rdf:Description rdf:nodeID="n1"/></activegraph></rdf:Description><rdf:Description rdf:about="http://www.cellml.org/tools/opencell/displayGraphs"><rdf:first><rdf:Description rdf:nodeID="n6"/></rdf:first></rdf:Description><rdf:Description rdf:about="http://www.cellml.org/tools/opencell/splitter/intergraph1"><splitterState_nextHeight xmlns="http://www.cellml.org/tools/opencell/" xml:lang="en">414</splitterState_nextHeight><splitterState_prevHeight xmlns="http://www.cellml.org/tools/opencell/" xml:lang="en">276</splitterState_prevHeight></rdf:Description><rdf:Description rdf:about="http://www.cellml.org/tools/pcenv/splitter/graphedit"><splitterState_prevWidth xmlns="http://www.cellml.org/tools/pcenv/" xml:lang="en">413</splitterState_prevWidth></rdf:Description><rdf:Description rdf:nodeID="n7"><variable xmlns="http://www.cellml.org/metadata/graphs/1.0#"><rdf:Description rdf:about="hinch_greenstein_tanskanen_xu_winslow_2004.cellml#environment_time"/></variable></rdf:Description><rdf:Description rdf:nodeID="n8"><colour xmlns="http://www.cellml.org/metadata/graphs/1.0#" xml:lang="en">#ff0000</colour><type xmlns="http://www.cellml.org/metadata/graphs/1.0#"><rdf:Description rdf:about="http://www.cellml.org/metadata/graphs/1.0#scatter"/></type><glyph xmlns="http://www.cellml.org/metadata/graphs/1.0#"><rdf:Description rdf:about="http://www.cellml.org/metadata/graphs/1.0#nonstandard-none"/></glyph><variable xmlns="http://www.cellml.org/metadata/graphs/1.0#y-"><rdf:Description rdf:nodeID="n9"/></variable><variable xmlns="http://www.cellml.org/metadata/graphs/1.0#x-"><rdf:Description rdf:nodeID="n10"/></variable></rdf:Description><rdf:Description rdf:about="hinch_greenstein_tanskanen_xu_winslow_2004.cellml"><modelname xmlns="http://www.cellml.org/tools/opencell/" xml:lang="en">Hinch_2004</modelname><derivedmodels xmlns="http://www.cellml.org/tools/pcenv/"><rdf:Description rdf:nodeID="n11"/></derivedmodels><modelname xmlns="http://www.cellml.org/tools/pcenv/" xml:lang="en">Hinch_2004</modelname><modelfrozen xmlns="http://www.cellml.org/tools/pcenv/" xml:lang="en">true</modelfrozen><derivedmodels xmlns="http://www.cellml.org/tools/opencell/"><rdf:Description rdf:nodeID="n11"/></derivedmodels><modelfrozen xmlns="http://www.cellml.org/tools/opencell/" xml:lang="en">true</modelfrozen></rdf:Description><rdf:Description rdf:nodeID="n12"><externalurl xmlns="http://www.cellml.org/tools/pcenv/" xml:lang="en">hinch_greenstein_tanskanen_xu_winslow_2004.xul</externalurl><externalurl xmlns="http://www.cellml.org/tools/opencell/" xml:lang="en">hinch_greenstein_tanskanen_xu_winslow_2004.xul</externalurl><graphname xmlns="http://www.cellml.org/tools/pcenv/" xml:lang="en">Diagram of cell model - click icons to toggle display of current traces in graph above</graphname><graphname xmlns="http://www.cellml.org/tools/opencell/" xml:lang="en">Diagram of cell model - click icons to toggle display of current traces in graph above</graphname></rdf:Description><rdf:Description rdf:nodeID="n13"><colour xmlns="http://www.cellml.org/metadata/graphs/1.0#" xml:lang="en">#b311fb</colour><type xmlns="http://www.cellml.org/metadata/graphs/1.0#"><rdf:Description rdf:about="http://www.cellml.org/metadata/graphs/1.0#scatter"/></type><glyph xmlns="http://www.cellml.org/metadata/graphs/1.0#"><rdf:Description rdf:about="http://www.cellml.org/metadata/graphs/1.0#nonstandard-none"/></glyph><variable xmlns="http://www.cellml.org/metadata/graphs/1.0#y-"><rdf:Description rdf:nodeID="n14"/></variable><variable xmlns="http://www.cellml.org/metadata/graphs/1.0#x-"><rdf:Description rdf:nodeID="n15"/></variable></rdf:Description><rdf:Description rdf:nodeID="n16"><colour xmlns="http://www.cellml.org/metadata/graphs/1.0#" xml:lang="en">#66ffff</colour><type xmlns="http://www.cellml.org/metadata/graphs/1.0#"><rdf:Description rdf:about="http://www.cellml.org/metadata/graphs/1.0#scatter"/></type><glyph xmlns="http://www.cellml.org/metadata/graphs/1.0#"><rdf:Description rdf:about="http://www.cellml.org/metadata/graphs/1.0#nonstandard-none"/></glyph><variable xmlns="http://www.cellml.org/metadata/graphs/1.0#y-"><rdf:Description rdf:nodeID="n17"/></variable><variable xmlns="http://www.cellml.org/metadata/graphs/1.0#x-"><rdf:Description rdf:nodeID="n18"/></variable></rdf:Description><rdf:Description rdf:nodeID="n19"><variable xmlns="http://www.cellml.org/metadata/graphs/1.0#"><rdf:Description rdf:about="hinch_greenstein_tanskanen_xu_winslow_2004.cellml#RyR_current_I_RyR"/></variable></rdf:Description><rdf:Description rdf:about="http://www.cellml.org/tools/opencell/splitter/graph_key_graph3"><splitterState_collapsedAfter xmlns="http://www.cellml.org/tools/opencell/" xml:lang="en">true</splitterState_collapsedAfter><splitterState_nextHeight xmlns="http://www.cellml.org/tools/opencell/" xml:lang="en">0</splitterState_nextHeight></rdf:Description><rdf:Description rdf:about="http://www.cellml.org/tools/pcenv/loadedModels"><rdf:_2><rdf:Description rdf:about="hinch_greenstein_tanskanen_xu_winslow_2004.cellml"/></rdf:_2></rdf:Description><rdf:Description rdf:nodeID="n20"><variable xmlns="http://www.cellml.org/metadata/graphs/1.0#"><rdf:Description rdf:about="hinch_greenstein_tanskanen_xu_winslow_2004.cellml#environment_time"/></variable></rdf:Description><rdf:Description rdf:nodeID="n21"><rdf:rest><rdf:Description rdf:nodeID="n22"/></rdf:rest><rdf:first><rdf:Description rdf:nodeID="n16"/></rdf:first></rdf:Description><rdf:Description rdf:nodeID="n22"><rdf:rest><rdf:Description rdf:nodeID="n23"/></rdf:rest><rdf:first><rdf:Description rdf:nodeID="n13"/></rdf:first></rdf:Description><rdf:Description rdf:nodeID="n24"><rdf:rest><rdf:Description rdf:about="http://www.w3.org/1999/02/22-rdf-syntax-ns#nil"/></rdf:rest><rdf:first><rdf:Description rdf:nodeID="n25"/></rdf:first></rdf:Description><rdf:Description rdf:about="http://www.cellml.org/tools/opencell/loadedModels"><rdf:_1><rdf:Description rdf:about="hinch_greenstein_tanskanen_xu_winslow_2004.cellml"/></rdf:_1></rdf:Description><rdf:Description rdf:about="http://www.cellml.org/tools/opencell/splitter/graph_sel_graph3"><activegraph xmlns="http://www.cellml.org/tools/opencell/"><rdf:Description rdf:nodeID="n26"/></activegraph></rdf:Description><rdf:Description rdf:about="http://www.cellml.org/tools/pcenv/splitter/intergraph1"><splitterState_nextHeight xmlns="http://www.cellml.org/tools/pcenv/" xml:lang="en">414</splitterState_nextHeight><splitterState_prevHeight xmlns="http://www.cellml.org/tools/pcenv/" xml:lang="en">276</splitterState_prevHeight></rdf:Description><rdf:Description rdf:nodeID="n18"><variable xmlns="http://www.cellml.org/metadata/graphs/1.0#"><rdf:Description rdf:about="hinch_greenstein_tanskanen_xu_winslow_2004.cellml#environment_time"/></variable></rdf:Description><rdf:Description rdf:nodeID="n27"><colour xmlns="http://www.cellml.org/metadata/graphs/1.0#" xml:lang="en">#262bec</colour><type xmlns="http://www.cellml.org/metadata/graphs/1.0#"><rdf:Description rdf:about="http://www.cellml.org/metadata/graphs/1.0#scatter"/></type><glyph xmlns="http://www.cellml.org/metadata/graphs/1.0#"><rdf:Description rdf:about="http://www.cellml.org/metadata/graphs/1.0#nonstandard-none"/></glyph><variable xmlns="http://www.cellml.org/metadata/graphs/1.0#y-"><rdf:Description rdf:nodeID="n28"/></variable><variable xmlns="http://www.cellml.org/metadata/graphs/1.0#x-"><rdf:Description rdf:nodeID="n7"/></variable></rdf:Description><rdf:Description rdf:nodeID="n29"><rdf:rest><rdf:Description rdf:nodeID="n30"/></rdf:rest><rdf:first><rdf:Description rdf:nodeID="n1"/></rdf:first></rdf:Description><rdf:Description rdf:about="http://www.cellml.org/tools/pcenv/splitter/graph_key_graph1"><splitterState_collapsedAfter xmlns="http://www.cellml.org/tools/pcenv/" xml:lang="en">true</splitterState_collapsedAfter><splitterState_nextHeight xmlns="http://www.cellml.org/tools/pcenv/" xml:lang="en">0</splitterState_nextHeight></rdf:Description><rdf:Description rdf:nodeID="n31"><rdf:first><rdf:Description rdf:nodeID="n24"/></rdf:first></rdf:Description><rdf:Description rdf:about="http://www.cellml.org/tools/pcenv/splitter/graph_sel_graph2"><activegraph xmlns="http://www.cellml.org/tools/pcenv/"><rdf:Description rdf:nodeID="n12"/></activegraph></rdf:Description><rdf:Description rdf:nodeID="n3"><rdf:rest><rdf:Description rdf:nodeID="n32"/></rdf:rest><rdf:first><rdf:Description rdf:nodeID="n33"/></rdf:first></rdf:Description><rdf:Description rdf:nodeID="n23"><rdf:rest><rdf:Description rdf:nodeID="n2"/></rdf:rest><rdf:first><rdf:Description rdf:nodeID="n27"/></rdf:first></rdf:Description><rdf:Description rdf:nodeID="n10"><variable xmlns="http://www.cellml.org/metadata/graphs/1.0#"><rdf:Description rdf:about="hinch_greenstein_tanskanen_xu_winslow_2004.cellml#environment_time"/></variable></rdf:Description><rdf:Description rdf:nodeID="n14"><variable xmlns="http://www.cellml.org/metadata/graphs/1.0#"><rdf:Description rdf:about="hinch_greenstein_tanskanen_xu_winslow_2004.cellml#Sarcolemmal_Ca_pump_I_pCa"/></variable></rdf:Description><rdf:Description rdf:nodeID="n9"><variable xmlns="http://www.cellml.org/metadata/graphs/1.0#"><rdf:Description rdf:about="hinch_greenstein_tanskanen_xu_winslow_2004.cellml#LCC_current_I_LCC"/></variable></rdf:Description><rdf:Description rdf:nodeID="n34"><variable xmlns="http://www.cellml.org/metadata/graphs/1.0#"><rdf:Description rdf:about="hinch_greenstein_tanskanen_xu_winslow_2004.cellml#environment_time"/></variable></rdf:Description><rdf:Description rdf:nodeID="n35"><rdf:first><rdf:Description rdf:nodeID="n36"/></rdf:first></rdf:Description><rdf:Description rdf:nodeID="n37"><colour xmlns="http://www.cellml.org/metadata/graphs/1.0#" xml:lang="en">#33ff33</colour><type xmlns="http://www.cellml.org/metadata/graphs/1.0#"><rdf:Description rdf:about="http://www.cellml.org/metadata/graphs/1.0#scatter"/></type><glyph xmlns="http://www.cellml.org/metadata/graphs/1.0#"><rdf:Description rdf:about="http://www.cellml.org/metadata/graphs/1.0#nonstandard-none"/></glyph><variable xmlns="http://www.cellml.org/metadata/graphs/1.0#y-"><rdf:Description rdf:nodeID="n19"/></variable><variable xmlns="http://www.cellml.org/metadata/graphs/1.0#x-"><rdf:Description rdf:nodeID="n20"/></variable></rdf:Description><rdf:Description rdf:nodeID="n26"><scaling xmlns="http://www.cellml.org/metadata/graphs/1.0#y-"><rdf:Description rdf:about="http://www.cellml.org/metadata/graphs/1.0#identity"/></scaling><scaling xmlns="http://www.cellml.org/metadata/graphs/1.0#x-"><rdf:Description rdf:about="http://www.cellml.org/metadata/graphs/1.0#identity"/></scaling><decoration xmlns="http://www.cellml.org/metadata/graphs/1.0#"><rdf:Description rdf:about="http://www.cellml.org/metadata/graphs/1.0#none"/></decoration><graphname xmlns="http://www.cellml.org/tools/pcenv/" xml:lang="en">Membrane Potential (mV)</graphname><graphname xmlns="http://www.cellml.org/tools/opencell/" xml:lang="en">Membrane Potential (mV)</graphname><traces xmlns="http://www.cellml.org/metadata/graphs/1.0#"><rdf:Description rdf:nodeID="n31"/></traces></rdf:Description><rdf:Description rdf:about="http://www.cellml.org/tools/pcenv/displayGraphs"><rdf:first><rdf:Description rdf:nodeID="n6"/></rdf:first></rdf:Description><rdf:Description rdf:nodeID="n38"><variable xmlns="http://www.cellml.org/metadata/graphs/1.0#"><rdf:Description rdf:about="hinch_greenstein_tanskanen_xu_winslow_2004.cellml#environment_time"/></variable></rdf:Description><rdf:Description rdf:nodeID="n15"><variable xmlns="http://www.cellml.org/metadata/graphs/1.0#"><rdf:Description rdf:about="hinch_greenstein_tanskanen_xu_winslow_2004.cellml#environment_time"/></variable></rdf:Description><rdf:Description rdf:nodeID="n17"><variable xmlns="http://www.cellml.org/metadata/graphs/1.0#"><rdf:Description rdf:about="hinch_greenstein_tanskanen_xu_winslow_2004.cellml#Na_Ca_Exchanger_I_NaCa"/></variable></rdf:Description><rdf:Description rdf:nodeID="n4"><colour xmlns="http://www.cellml.org/metadata/graphs/1.0#" xml:lang="en">#ffccff</colour><type xmlns="http://www.cellml.org/metadata/graphs/1.0#"><rdf:Description rdf:about="http://www.cellml.org/metadata/graphs/1.0#scatter"/></type><glyph xmlns="http://www.cellml.org/metadata/graphs/1.0#"><rdf:Description rdf:about="http://www.cellml.org/metadata/graphs/1.0#nonstandard-none"/></glyph><variable xmlns="http://www.cellml.org/metadata/graphs/1.0#y-"><rdf:Description rdf:nodeID="n39"/></variable><variable xmlns="http://www.cellml.org/metadata/graphs/1.0#x-"><rdf:Description rdf:nodeID="n38"/></variable></rdf:Description><rdf:Description rdf:nodeID="n39"><variable xmlns="http://www.cellml.org/metadata/graphs/1.0#"><rdf:Description rdf:about="hinch_greenstein_tanskanen_xu_winslow_2004.cellml#SERCA_I_SERCA"/></variable></rdf:Description><rdf:Description rdf:about="http://www.cellml.org/tools/opencell/modlayoutsplit"><splitterState_collapsedBefore xmlns="http://www.cellml.org/tools/opencell/" xml:lang="en">true</splitterState_collapsedBefore><splitterState_nextWidth xmlns="http://www.cellml.org/tools/pcenv/" xml:lang="en">1197</splitterState_nextWidth><splitterState_prevWidth xmlns="http://www.cellml.org/tools/opencell/" xml:lang="en">61</splitterState_prevWidth><splitterState_nextWidth xmlns="http://www.cellml.org/tools/opencell/" xml:lang="en">1197</splitterState_nextWidth></rdf:Description><rdf:Description rdf:nodeID="n6"><rdf:rest><rdf:Description rdf:nodeID="n29"/></rdf:rest><rdf:first><rdf:Description rdf:nodeID="n12"/></rdf:first></rdf:Description><rdf:Description rdf:nodeID="n1"><scaling xmlns="http://www.cellml.org/metadata/graphs/1.0#y-"><rdf:Description rdf:about="http://www.cellml.org/metadata/graphs/1.0#identity"/></scaling><scaling xmlns="http://www.cellml.org/metadata/graphs/1.0#x-"><rdf:Description rdf:about="http://www.cellml.org/metadata/graphs/1.0#identity"/></scaling><decoration xmlns="http://www.cellml.org/metadata/graphs/1.0#"><rdf:Description rdf:about="http://www.cellml.org/metadata/graphs/1.0#none"/></decoration><graphname xmlns="http://www.cellml.org/tools/pcenv/" xml:lang="en">Channel &amp; exchanger currents (mM/ms)</graphname><graphname xmlns="http://www.cellml.org/tools/opencell/" xml:lang="en">Channel &amp; exchanger currents (mM/ms)</graphname><traces xmlns="http://www.cellml.org/metadata/graphs/1.0#"><rdf:Description rdf:nodeID="n35"/></traces></rdf:Description><rdf:Description rdf:nodeID="n28"><variable xmlns="http://www.cellml.org/metadata/graphs/1.0#"><rdf:Description rdf:about="hinch_greenstein_tanskanen_xu_winslow_2004.cellml#Background_Ca_current_I_CaB"/></variable></rdf:Description><rdf:Description rdf:nodeID="n25"><colour xmlns="http://www.cellml.org/metadata/graphs/1.0#" xml:lang="en">#12dba8</colour><type xmlns="http://www.cellml.org/metadata/graphs/1.0#"><rdf:Description rdf:about="http://www.cellml.org/metadata/graphs/1.0#line"/></type><variable xmlns="http://www.cellml.org/metadata/graphs/1.0#y-"><rdf:Description rdf:nodeID="n40"/></variable><variable xmlns="http://www.cellml.org/metadata/graphs/1.0#x-"><rdf:Description rdf:nodeID="n34"/></variable></rdf:Description><rdf:Description rdf:nodeID="n41"><variable xmlns="http://www.cellml.org/metadata/graphs/1.0#"><rdf:Description rdf:about="hinch_greenstein_tanskanen_xu_winslow_2004.cellml#environment_time"/></variable></rdf:Description><rdf:Description rdf:nodeID="n32"><rdf:rest><rdf:Description rdf:about="http://www.w3.org/1999/02/22-rdf-syntax-ns#nil"/></rdf:rest><rdf:first><rdf:Description rdf:nodeID="n37"/></rdf:first></rdf:Description><rdf:Description rdf:about="http://www.cellml.org/tools/opencell/splitter/graph_key_graph2"><splitterState_collapsedAfter xmlns="http://www.cellml.org/tools/opencell/" xml:lang="en">true</splitterState_collapsedAfter><splitterState_nextHeight xmlns="http://www.cellml.org/tools/opencell/" xml:lang="en">0</splitterState_nextHeight><splitterState_prevHeight xmlns="http://www.cellml.org/tools/opencell/" xml:lang="en">18</splitterState_prevHeight></rdf:Description><rdf:Description rdf:about="http://www.cellml.org/tools/pcenv/splitter/intergraph2"><splitterState_collapsedAfter xmlns="http://www.cellml.org/tools/pcenv/" xml:lang="en">true</splitterState_collapsedAfter><splitterState_nextHeight xmlns="http://www.cellml.org/tools/pcenv/" xml:lang="en">0</splitterState_nextHeight><splitterState_prevHeight xmlns="http://www.cellml.org/tools/pcenv/" xml:lang="en">414</splitterState_prevHeight></rdf:Description><rdf:Description rdf:nodeID="n30"><rdf:rest><rdf:Description rdf:about="http://www.w3.org/1999/02/22-rdf-syntax-ns#nil"/></rdf:rest><rdf:first><rdf:Description rdf:nodeID="n26"/></rdf:first></rdf:Description><rdf:Description rdf:about="http://www.cellml.org/tools/opencell/splitter/graph_sel_graph2"><activegraph xmlns="http://www.cellml.org/tools/opencell/"><rdf:Description rdf:nodeID="n12"/></activegraph></rdf:Description><rdf:Description rdf:about="http://www.cellml.org/tools/opencell/splitter/graphedit"><splitterState_nextWidth xmlns="http://www.cellml.org/tools/pcenv/" xml:lang="en">849</splitterState_nextWidth><splitterState_prevWidth xmlns="http://www.cellml.org/tools/opencell/" xml:lang="en">413</splitterState_prevWidth><splitterState_nextWidth xmlns="http://www.cellml.org/tools/opencell/" xml:lang="en">849</splitterState_nextWidth></rdf:Description><rdf:Description rdf:about="http://www.cellml.org/tools/pcenv/modlayoutsplit"><splitterState_collapsedBefore xmlns="http://www.cellml.org/tools/pcenv/" xml:lang="en">true</splitterState_collapsedBefore><splitterState_prevWidth xmlns="http://www.cellml.org/tools/pcenv/" xml:lang="en">61</splitterState_prevWidth></rdf:Description><rdf:Description rdf:about="http://www.cellml.org/tools/opencell/splitter/intergraph2"><splitterState_collapsedAfter xmlns="http://www.cellml.org/tools/opencell/" xml:lang="en">true</splitterState_collapsedAfter><splitterState_nextHeight xmlns="http://www.cellml.org/tools/opencell/" xml:lang="en">0</splitterState_nextHeight><splitterState_prevHeight xmlns="http://www.cellml.org/tools/opencell/" xml:lang="en">414</splitterState_prevHeight></rdf:Description><rdf:Description rdf:about="http://www.cellml.org/tools/pcenv/splitter/graph_sel_graph3"><activegraph xmlns="http://www.cellml.org/tools/pcenv/"><rdf:Description rdf:nodeID="n26"/></activegraph></rdf:Description><rdf:Description rdf:nodeID="n36"><rdf:rest><rdf:Description rdf:nodeID="n21"/></rdf:rest><rdf:first><rdf:Description rdf:nodeID="n8"/></rdf:first></rdf:Description><rdf:Description rdf:nodeID="n33"><colour xmlns="http://www.cellml.org/metadata/graphs/1.0#" xml:lang="en">#ffffff</colour><type xmlns="http://www.cellml.org/metadata/graphs/1.0#"><rdf:Description rdf:about="http://www.cellml.org/metadata/graphs/1.0#scatter"/></type><glyph xmlns="http://www.cellml.org/metadata/graphs/1.0#"><rdf:Description rdf:about="http://www.cellml.org/metadata/graphs/1.0#nonstandard-none"/></glyph><variable xmlns="http://www.cellml.org/metadata/graphs/1.0#y-"><rdf:Description rdf:nodeID="n5"/></variable><variable xmlns="http://www.cellml.org/metadata/graphs/1.0#x-"><rdf:Description rdf:nodeID="n41"/></variable></rdf:Description><rdf:Description rdf:nodeID="n40"><variable xmlns="http://www.cellml.org/metadata/graphs/1.0#"><rdf:Description rdf:about="hinch_greenstein_tanskanen_xu_winslow_2004.cellml#membrane_V"/></variable></rdf:Description></rdf:RDF>