[{"data_set_value_component_environment_variable_time":0.0,"data_set_value_component_cell_geometry_variable_V_myo":25840.0,"data_set_value_component_cell_geometry_variable_V_SR":2098.0,"data_set_value_component_cell_geometry_variable_A_cap":15340.0,"data_set_value_component_membrane_variable_V":0.0,"data_set_value_component_membrane_variable_R":8314.5,"data_set_value_component_membrane_variable_T":295.0,"data_set_value_component_membrane_variable_F":96487.0,"data_set_value_component_membrane_variable_FVRT":0.0,"data_set_value_component_membrane_variable_FVRT_Ca":0.0,"data_set_value_component_CaRU_variable_g_D":0.065,"data_set_value_component_CaRU_variable_J_R":0.02,"data_set_value_component_CaRU_variable_J_L":0.000913,"data_set_value_component_CaRU_variable_N":50000.0,"data_set_value_component_CaRU_Transitions_variable_V_L":-2.0,"data_set_value_component_CaRU_Transitions_variable_del_VL":7.0,"data_set_value_component_CaRU_Transitions_variable_phi_L":2.35,"data_set_value_component_CaRU_Transitions_variable_t_L":1.0,"data_set_value_component_CaRU_Transitions_variable_tau_L":650.0,"data_set_value_component_CaRU_Transitions_variable_t_R":1.17,"data_set_value_component_CaRU_Transitions_variable_tau_R":2.43,"data_set_value_component_CaRU_Transitions_variable_phi_R":0.05,"data_set_value_component_CaRU_Transitions_variable_theta_R":0.012,"data_set_value_component_CaRU_Transitions_variable_K_RyR":0.041,"data_set_value_component_CaRU_Transitions_variable_K_L":0.00022,"data_set_value_component_CaRU_Transitions_variable_a":0.0625,"data_set_value_component_CaRU_Transitions_variable_b":14.0,"data_set_value_component_CaRU_Transitions_variable_c":0.01,"data_set_value_component_CaRU_Transitions_variable_d":100.0,"data_set_value_component_CaRU_Transitions_variable_expVL":1.3307121974,"data_set_value_component_CaRU_Transitions_variable_alpha_p":0.5709465969,"data_set_value_component_CaRU_Transitions_variable_alpha_m":2.35,"data_set_value_component_CaRU_Transitions_variable_beta_poc":0.0886815565,"data_set_value_component_CaRU_Transitions_variable_beta_pcc":0.0000050844,"data_set_value_component_CaRU_Transitions_variable_beta_m":0.0427350427,"data_set_value_component_CaRU_Transitions_variable_epsilon_pco":0.6888160872,"data_set_value_component_CaRU_Transitions_variable_epsilon_pcc":0.0004180157,"data_set_value_component_CaRU_Transitions_variable_epsilon_m":0.0016053334,"data_set_value_component_CaRU_Transitions_variable_mu_poc":0.0463867683,"data_set_value_component_CaRU_Transitions_variable_mu_pcc":0.0041176499,"data_set_value_component_CaRU_Transitions_variable_mu_moc":0.0053602028,"data_set_value_component_CaRU_Transitions_variable_mu_mcc":0.4663769141,"data_set_value_component_DS_Calcium_Concentrations_variable_C_cc":0.0001,"data_set_value_component_DS_Calcium_Concentrations_variable_C_oc":0.0139502071,"data_set_value_component_DS_Calcium_Concentrations_variable_C_co":0.1647823529,"data_set_value_component_DS_Calcium_Concentrations_variable_C_oo":0.1736582357,"data_set_value_component_LCC_and_RyR_fluxes_variable_J_Loo":0.0007544447,"data_set_value_component_LCC_and_RyR_fluxes_variable_J_Loc":0.0009002589,"data_set_value_component_LCC_and_RyR_fluxes_variable_J_Rco":0.0107043529,"data_set_value_component_LCC_and_RyR_fluxes_variable_J_Roo":0.0105268365,"data_set_value_component_CaRU_states_variable_denom":0.528948147,"data_set_value_component_CaRU_states_variable_y_oc":0.1367095412,"data_set_value_component_CaRU_states_variable_y_co":0.2250047893,"data_set_value_component_CaRU_states_variable_y_oo":0.0587567495,"data_set_value_component_CaRU_states_variable_y_cc":0.5795289199,"data_set_value_component_CaRU_states_variable_y_ci":0.8045337092,"data_set_value_component_CaRU_states_variable_y_oi":0.1954662908,"data_set_value_component_CaRU_states_variable_y_ic":0.9998810381,"data_set_value_component_CaRU_states_variable_y_io":0.0001189619,"data_set_value_component_CaRU_states_variable_y_ii":-2.0,"data_set_value_component_CaRU_reduced_states_variable_r_1":0.008727811,"data_set_value_component_CaRU_reduced_states_variable_r_2":0.3762636875,"data_set_value_component_CaRU_reduced_states_variable_r_3":0.0041171601,"data_set_value_component_CaRU_reduced_states_variable_r_4":0.4663769141,"data_set_value_component_CaRU_reduced_states_variable_r_5":0.1552291707,"data_set_value_component_CaRU_reduced_states_variable_r_6":0.0016053334,"data_set_value_component_CaRU_reduced_states_variable_r_7":0.0003363077,"data_set_value_component_CaRU_reduced_states_variable_r_8":0.0016053334,"data_set_value_component_CaRU_reduced_states_variable_z_1":0.98859,"data_set_value_component_CaRU_reduced_states_variable_z_2":0.0087302,"data_set_value_component_CaRU_reduced_states_variable_z_3":0.0026566,"data_set_value_component_CaRU_reduced_states_variable_z_4":0.0000232,"data_set_value_component_RyR_current_variable_J_R1":0.0030270534,"data_set_value_component_RyR_current_variable_J_R3":0.0000012734,"data_set_value_component_RyR_current_variable_I_RyR":0.0057904762,"data_set_value_component_LCC_current_variable_J_L1":0.0001674027,"data_set_value_component_LCC_current_variable_J_L2":0.0001759703,"data_set_value_component_LCC_current_variable_I_LCC":0.0003231983,"data_set_value_component_Na_Ca_Exchanger_variable_K_mNa":87.5,"data_set_value_component_Na_Ca_Exchanger_variable_K_mCa":1.38,"data_set_value_component_Na_Ca_Exchanger_variable_eta":0.35,"data_set_value_component_Na_Ca_Exchanger_variable_k_sat":0.1,"data_set_value_component_Na_Ca_Exchanger_variable_g_NCX":0.0385,"data_set_value_component_Na_Ca_Exchanger_variable_I_NaCa":0.0000031256,"data_set_value_component_SERCA_variable_g_SERCA":0.00045,"data_set_value_component_SERCA_variable_K_SERCA":0.0005,"data_set_value_component_SERCA_variable_I_SERCA":0.0000173077,"data_set_value_component_Sarcolemmal_Ca_pump_variable_g_pCa":0.0000035,"data_set_value_component_Sarcolemmal_Ca_pump_variable_K_mpCa":0.0005,"data_set_value_component_Sarcolemmal_Ca_pump_variable_I_pCa":0.0000005833,"data_set_value_component_Background_Ca_current_variable_E_Ca":117.0671470339,"data_set_value_component_Background_Ca_current_variable_g_CaB":0.0000000269,"data_set_value_component_Background_Ca_current_variable_I_CaB":0.0000031462,"data_set_value_component_SR_Ca_leak_current_variable_g_SRl":0.000018951,"data_set_value_component_SR_Ca_leak_current_variable_I_SR":0.0000132638,"data_set_value_component_troponin_Ca_buffer_variable_k_m_TRPN":0.04,"data_set_value_component_troponin_Ca_buffer_variable_k_p_TRPN":40.0,"data_set_value_component_troponin_Ca_buffer_variable_B_TRPN":0.07,"data_set_value_component_troponin_Ca_buffer_variable_I_TRPN":-0.0000000016,"data_set_value_component_calmodulin_Ca_buffer_variable_k_CMDN":0.002382,"data_set_value_component_calmodulin_Ca_buffer_variable_B_CMDN":0.05,"data_set_value_component_calmodulin_Ca_buffer_variable_beta_CMDN":0.0491801698,"data_set_value_component_intracellular_ion_concentrations_variable_Na_i":10.0,"data_set_value_component_intracellular_ion_concentrations_variable_Ca_i":0.0001,"data_set_value_component_intracellular_ion_concentrations_variable_Ca_SR":0.7,"data_set_value_component_intracellular_ion_concentrations_variable_TRPN":0.0636364,"data_set_value_component_intracellular_ion_concentrations_variable_CaSR_plot":0.0568343653,"data_set_value_component_extracellular_ion_concentrations_variable_Na_o":140.0,"data_set_value_component_extracellular_ion_concentrations_variable_Ca_o":1.0},{"data_set_value_component_environment_variable_time":0.1,"data_set_value_component_cell_geometry_variable_V_myo":25840.0,"data_set_value_component_cell_geometry_variable_V_SR":2098.0,"data_set_value_component_cell_geometry_variable_A_cap":15340.0,"data_set_value_component_membrane_variable_V":0.0,"data_set_value_component_membrane_variable_R":8314.5,"data_set_value_component_membrane_variable_T":295.0,"data_set_value_component_membrane_variable_F":96487.0,"data_set_value_component_membrane_variable_FVRT":0.0,"data_set_value_component_membrane_variable_FVRT_Ca":0.0,"data_set_value_component_CaRU_variable_g_D":0.065,"data_set_value_component_CaRU_variable_J_R":0.02,"data_set_value_component_CaRU_variable_J_L":0.000913,"data_set_value_component_CaRU_variable_N":50000.0,"data_set_value_component_CaRU_Transitions_variable_V_L":-2.0,"data_set_value_component_CaRU_Transitions_variable_del_VL":7.0,"data_set_value_component_CaRU_Transitions_variable_phi_L":2.35,"data_set_value_component_CaRU_Transitions_variable_t_L":1.0,"data_set_value_component_CaRU_Transitions_variable_tau_L":650.0,"data_set_value_component_CaRU_Transitions_variable_t_R":1.17,"data_set_value_component_CaRU_Transitions_variable_tau_R":2.43,"data_set_value_component_CaRU_Transitions_variable_phi_R":0.05,"data_set_value_component_CaRU_Transitions_variable_theta_R":0.012,"data_set_value_component_CaRU_Transitions_variable_K_RyR":0.041,"data_set_value_component_CaRU_Transitions_variable_K_L":0.00022,"data_set_value_component_CaRU_Transitions_variable_a":0.0625,"data_set_value_component_CaRU_Transitions_variable_b":14.0,"data_set_value_component_CaRU_Transitions_variable_c":0.01,"data_set_value_component_CaRU_Transitions_variable_d":100.0,"data_set_value_component_CaRU_Transitions_variable_expVL":1.3307121974,"data_set_value_component_CaRU_Transitions_variable_alpha_p":0.5709465969,"data_set_value_component_CaRU_Transitions_variable_alpha_m":2.35,"data_set_value_component_CaRU_Transitions_variable_beta_poc":0.0890172208,"data_set_value_component_CaRU_Transitions_variable_beta_pcc":0.0000085733,"data_set_value_component_CaRU_Transitions_variable_beta_m":0.0427350427,"data_set_value_component_CaRU_Transitions_variable_epsilon_pco":0.681990095,"data_set_value_component_CaRU_Transitions_variable_epsilon_pcc":0.0005428057,"data_set_value_component_CaRU_Transitions_variable_epsilon_m":0.0016053334,"data_set_value_component_CaRU_Transitions_variable_mu_poc":0.0465467683,"data_set_value_component_CaRU_Transitions_variable_mu_pcc":0.0041193129,"data_set_value_component_CaRU_Transitions_variable_mu_moc":0.0053584291,"data_set_value_component_CaRU_Transitions_variable_mu_mcc":0.4492582811,"data_set_value_component_DS_Calcium_Concentrations_variable_C_cc":0.0001298529,"data_set_value_component_DS_Calcium_Concentrations_variable_C_oc":0.0139796465,"data_set_value_component_DS_Calcium_Concentrations_variable_C_co":0.1631494017,"data_set_value_component_DS_Calcium_Concentrations_variable_C_oo":0.1720426379,"data_set_value_component_LCC_and_RyR_fluxes_variable_J_Loo":0.0007559198,"data_set_value_component_LCC_and_RyR_fluxes_variable_J_Loc":0.000900232,"data_set_value_component_LCC_and_RyR_fluxes_variable_J_Rco":0.0105962707,"data_set_value_component_LCC_and_RyR_fluxes_variable_J_Roo":0.0104184072,"data_set_value_component_CaRU_states_variable_denom":0.5295751314,"data_set_value_component_CaRU_states_variable_y_oc":0.1365478463,"data_set_value_component_CaRU_states_variable_y_co":0.2256272614,"data_set_value_component_CaRU_states_variable_y_oo":0.0589184445,"data_set_value_component_CaRU_states_variable_y_cc":0.5789064479,"data_set_value_component_CaRU_states_variable_y_ci":0.8045337092,"data_set_value_component_CaRU_states_variable_y_oi":0.1954662908,"data_set_value_component_CaRU_states_variable_y_ic":0.9997994261,"data_set_value_component_CaRU_states_variable_y_io":0.0002005739,"data_set_value_component_CaRU_states_variable_y_ii":-2.0,"data_set_value_component_CaRU_reduced_states_variable_r_1":0.0087405578,"data_set_value_component_CaRU_reduced_states_variable_r_2":0.3624908236,"data_set_value_component_CaRU_reduced_states_variable_r_3":0.0041184867,"data_set_value_component_CaRU_reduced_states_variable_r_4":0.4492582811,"data_set_value_component_CaRU_reduced_states_variable_r_5":0.1541897911,"data_set_value_component_CaRU_reduced_states_variable_r_6":0.0016053334,"data_set_value_component_CaRU_reduced_states_variable_r_7":0.0004367054,"data_set_value_component_CaRU_reduced_states_variable_r_8":0.0016053334,"data_set_value_component_CaRU_reduced_states_variable_z_1":0.9728948452,"data_set_value_component_CaRU_reduced_states_variable_z_2":0.0092541823,"data_set_value_component_CaRU_reduced_states_variable_z_3":0.017824321,"data_set_value_component_CaRU_reduced_states_variable_z_4":0.0000266515,"data_set_value_component_RyR_current_variable_J_R1":0.0030046439,"data_set_value_component_RyR_current_variable_J_R3":0.0000021253,"data_set_value_component_RyR_current_variable_I_RyR":0.005656425,"data_set_value_component_LCC_current_variable_J_L1":0.0001674624,"data_set_value_component_LCC_current_variable_J_L2":0.000175965,"data_set_value_component_LCC_current_variable_I_LCC":0.000318405,"data_set_value_component_Na_Ca_Exchanger_variable_K_mNa":87.5,"data_set_value_component_Na_Ca_Exchanger_variable_K_mCa":1.38,"data_set_value_component_Na_Ca_Exchanger_variable_eta":0.35,"data_set_value_component_Na_Ca_Exchanger_variable_k_sat":0.1,"data_set_value_component_Na_Ca_Exchanger_variable_g_NCX":0.0385,"data_set_value_component_Na_Ca_Exchanger_variable_I_NaCa":0.0000027727,"data_set_value_component_SERCA_variable_g_SERCA":0.00045,"data_set_value_component_SERCA_variable_K_SERCA":0.0005,"data_set_value_component_SERCA_variable_I_SERCA":0.0000284335,"data_set_value_component_Sarcolemmal_Ca_pump_variable_g_pCa":0.0000035,"data_set_value_component_Sarcolemmal_Ca_pump_variable_K_mpCa":0.0005,"data_set_value_component_Sarcolemmal_Ca_pump_variable_I_pCa":0.0000007216,"data_set_value_component_Background_Ca_current_variable_E_Ca":113.7467780401,"data_set_value_component_Background_Ca_current_variable_g_CaB":0.0000000269,"data_set_value_component_Background_Ca_current_variable_I_CaB":0.0000030569,"data_set_value_component_SR_Ca_leak_current_variable_g_SRl":0.000018951,"data_set_value_component_SR_Ca_leak_current_variable_I_SR":0.0000131299,"data_set_value_component_troponin_Ca_buffer_variable_k_m_TRPN":0.04,"data_set_value_component_troponin_Ca_buffer_variable_k_p_TRPN":40.0,"data_set_value_component_troponin_Ca_buffer_variable_B_TRPN":0.07,"data_set_value_component_troponin_Ca_buffer_variable_I_TRPN":-0.000075819,"data_set_value_component_calmodulin_Ca_buffer_variable_k_CMDN":0.002382,"data_set_value_component_calmodulin_Ca_buffer_variable_B_CMDN":0.05,"data_set_value_component_calmodulin_Ca_buffer_variable_beta_CMDN":0.0503104625,"data_set_value_component_intracellular_ion_concentrations_variable_Na_i":10.0,"data_set_value_component_intracellular_ion_concentrations_variable_Ca_i":0.0001298529,"data_set_value_component_intracellular_ion_concentrations_variable_Ca_SR":0.6929629353,"data_set_value_component_intracellular_ion_concentrations_variable_TRPN":0.0636325948,"data_set_value_component_intracellular_ion_concentrations_variable_CaSR_plot":0.0562630123,"data_set_value_component_extracellular_ion_concentrations_variable_Na_o":140.0,"data_set_value_component_extracellular_ion_concentrations_variable_Ca_o":1.0},{"data_set_value_component_environment_variable_time":0.2,"data_set_value_component_cell_geometry_variable_V_myo":25840.0,"data_set_value_component_cell_geometry_variable_V_SR":2098.0,"data_set_value_component_cell_geometry_variable_A_cap":15340.0,"data_set_value_component_membrane_variable_V":0.0,"data_set_value_component_membrane_variable_R":8314.5,"data_set_value_component_membrane_variable_T":295.0,"data_set_value_component_membrane_variable_F":96487.0,"data_set_value_component_membrane_variable_FVRT":0.0,"data_set_value_component_membrane_variable_FVRT_Ca":0.0,"data_set_value_component_CaRU_variable_g_D":0.065,"data_set_value_component_CaRU_variable_J_R":0.02,"data_set_value_component_CaRU_variable_J_L":0.000913,"data_set_value_component_CaRU_variable_N":50000.0,"data_set_value_component_CaRU_Transitions_variable_V_L":-2.0,"data_set_value_component_CaRU_Transitions_variable_del_VL":7.0,"data_set_value_component_CaRU_Transitions_variable_phi_L":2.35,"data_set_value_component_CaRU_Transitions_variable_t_L":1.0,"data_set_value_component_CaRU_Transitions_variable_tau_L":650.0,"data_set_value_component_CaRU_Transitions_variable_t_R":1.17,"data_set_value_component_CaRU_Transitions_variable_tau_R":2.43,"data_set_value_component_CaRU_Transitions_variable_phi_R":0.05,"data_set_value_component_CaRU_Transitions_variable_theta_R":0.012,"data_set_value_component_CaRU_Transitions_variable_K_RyR":0.041,"data_set_value_component_CaRU_Transitions_variable_K_L":0.00022,"data_set_value_component_CaRU_Transitions_variable_a":0.0625,"data_set_value_component_CaRU_Transitions_variable_b":14.0,"data_set_value_component_CaRU_Transitions_variable_c":0.01,"data_set_value_component_CaRU_Transitions_variable_d":100.0,"data_set_value_component_CaRU_Transitions_variable_expVL":1.3307121974,"data_set_value_component_CaRU_Transitions_variable_alpha_p":0.5709465969,"data_set_value_component_CaRU_Transitions_variable_alpha_m":2.35,"data_set_value_component_CaRU_Transitions_variable_beta_poc":0.0893480562,"data_set_value_component_CaRU_Transitions_variable_beta_pcc":0.0000128928,"data_set_value_component_CaRU_Transitions_variable_beta_m":0.0427350427,"data_set_value_component_CaRU_Transitions_variable_epsilon_pco":0.6753368962,"data_set_value_component_CaRU_Transitions_variable_epsilon_pcc":0.0006656505,"data_set_value_component_CaRU_Transitions_variable_epsilon_m":0.0016053334,"data_set_value_component_CaRU_Transitions_variable_mu_poc":0.0467044664,"data_set_value_component_CaRU_Transitions_variable_mu_pcc":0.0041213719,"data_set_value_component_CaRU_Transitions_variable_mu_moc":0.005356694,"data_set_value_component_CaRU_Transitions_variable_mu_mcc":0.4297457878,"data_set_value_component_DS_Calcium_Concentrations_variable_C_cc":0.0001592405,"data_set_value_component_DS_Calcium_Concentrations_variable_C_oc":0.0140086271,"data_set_value_component_DS_Calcium_Concentrations_variable_C_co":0.1615577871,"data_set_value_component_DS_Calcium_Concentrations_variable_C_oo":0.1704679374,"data_set_value_component_LCC_and_RyR_fluxes_variable_J_Loo":0.0007573575,"data_set_value_component_LCC_and_RyR_fluxes_variable_J_Loc":0.0009002056,"data_set_value_component_LCC_and_RyR_fluxes_variable_J_Rco":0.0104909055,"data_set_value_component_LCC_and_RyR_fluxes_variable_J_Roo":0.0103127038,"data_set_value_component_CaRU_states_variable_denom":0.5301994892,"data_set_value_component_CaRU_states_variable_y_oc":0.1363872476,"data_set_value_component_CaRU_states_variable_y_co":0.226246311,"data_set_value_component_CaRU_states_variable_y_oo":0.0590790431,"data_set_value_component_CaRU_states_variable_y_cc":0.5782873982,"data_set_value_component_CaRU_states_variable_y_ci":0.8045337092,"data_set_value_component_CaRU_states_variable_y_oi":0.1954662908,"data_set_value_component_CaRU_states_variable_y_ic":0.9996983995,"data_set_value_component_CaRU_states_variable_y_io":0.0003016005,"data_set_value_component_CaRU_states_variable_y_ii":-2.0,"data_set_value_component_CaRU_reduced_states_variable_r_1":0.0087532311,"data_set_value_component_CaRU_reduced_states_variable_r_2":0.3467920258,"data_set_value_component_CaRU_reduced_states_variable_r_3":0.0041201289,"data_set_value_component_CaRU_reduced_states_variable_r_4":0.4297457878,"data_set_value_component_CaRU_reduced_states_variable_r_5":0.1531774188,"data_set_value_component_CaRU_reduced_states_variable_r_6":0.0016053334,"data_set_value_component_CaRU_reduced_states_variable_r_7":0.0005355382,"data_set_value_component_CaRU_reduced_states_variable_r_8":0.0016053334,"data_set_value_component_CaRU_reduced_states_variable_z_1":0.9575579133,"data_set_value_component_CaRU_reduced_states_variable_z_2":0.0097608531,"data_set_value_component_CaRU_reduced_states_variable_z_3":0.0326450889,"data_set_value_component_CaRU_reduced_states_variable_z_4":0.0000361447,"data_set_value_component_RyR_current_variable_J_R1":0.0029827933,"data_set_value_component_RyR_current_variable_J_R3":0.0000031641,"data_set_value_component_RyR_current_variable_I_RyR":0.0055268976,"data_set_value_component_LCC_current_variable_J_L1":0.0001675205,"data_set_value_component_LCC_current_variable_J_L2":0.0001759598,"data_set_value_component_LCC_current_variable_I_LCC":0.0003137154,"data_set_value_component_Na_Ca_Exchanger_variable_K_mNa":87.5,"data_set_value_component_Na_Ca_Exchanger_variable_K_mCa":1.38,"data_set_value_component_Na_Ca_Exchanger_variable_eta":0.35,"data_set_value_component_Na_Ca_Exchanger_variable_k_sat":0.1,"data_set_value_component_Na_Ca_Exchanger_variable_g_NCX":0.0385,"data_set_value_component_Na_Ca_Exchanger_variable_I_NaCa":0.0000024254,"data_set_value_component_SERCA_variable_g_SERCA":0.00045,"data_set_value_component_SERCA_variable_K_SERCA":0.0005,"data_set_value_component_SERCA_variable_I_SERCA":0.0000414403,"data_set_value_component_Sarcolemmal_Ca_pump_variable_g_pCa":0.0000035,"data_set_value_component_Sarcolemmal_Ca_pump_variable_K_mpCa":0.0005,"data_set_value_component_Sarcolemmal_Ca_pump_variable_I_pCa":0.0000008454,"data_set_value_component_Background_Ca_current_variable_E_Ca":111.1536855407,"data_set_value_component_Background_Ca_current_variable_g_CaB":0.0000000269,"data_set_value_component_Background_Ca_current_variable_I_CaB":0.0000029873,"data_set_value_component_SR_Ca_leak_current_variable_g_SRl":0.000018951,"data_set_value_component_SR_Ca_leak_current_variable_I_SR":0.0000129993,"data_set_value_component_troponin_Ca_buffer_variable_k_m_TRPN":0.04,"data_set_value_component_troponin_Ca_buffer_variable_k_p_TRPN":40.0,"data_set_value_component_troponin_Ca_buffer_variable_B_TRPN":0.07,"data_set_value_component_troponin_Ca_buffer_variable_I_TRPN":-0.0001500953,"data_set_value_component_calmodulin_Ca_buffer_variable_k_CMDN":0.002382,"data_set_value_component_calmodulin_Ca_buffer_variable_B_CMDN":0.05,"data_set_value_component_calmodulin_Ca_buffer_variable_beta_CMDN":0.051433668,"data_set_value_component_intracellular_ion_concentrations_variable_Na_i":10.0,"data_set_value_component_intracellular_ion_concentrations_variable_Ca_i":0.0001592405,"data_set_value_component_intracellular_ion_concentrations_variable_Ca_SR":0.6861030635,"data_set_value_component_intracellular_ion_concentrations_variable_TRPN":0.0636212921,"data_set_value_component_intracellular_ion_concentrations_variable_CaSR_plot":0.0557060459,"data_set_value_component_extracellular_ion_concentrations_variable_Na_o":140.0,"data_set_value_component_extracellular_ion_concentrations_variable_Ca_o":1.0},{"data_set_value_component_environment_variable_time":0.3,"data_set_value_component_cell_geometry_variable_V_myo":25840.0,"data_set_value_component_cell_geometry_variable_V_SR":2098.0,"data_set_value_component_cell_geometry_variable_A_cap":15340.0,"data_set_value_component_membrane_variable_V":0.0,"data_set_value_component_membrane_variable_R":8314.5,"data_set_value_component_membrane_variable_T":295.0,"data_set_value_component_membrane_variable_F":96487.0,"data_set_value_component_membrane_variable_FVRT":0.0,"data_set_value_component_membrane_variable_FVRT_Ca":0.0,"data_set_value_component_CaRU_variable_g_D":0.065,"data_set_value_component_CaRU_variable_J_R":0.02,"data_set_value_component_CaRU_variable_J_L":0.000913,"data_set_value_component_CaRU_variable_N":50000.0,"data_set_value_component_CaRU_Transitions_variable_V_L":-2.0,"data_set_value_component_CaRU_Transitions_variable_del_VL":7.0,"data_set_value_component_CaRU_Transitions_variable_phi_L":2.35,"data_set_value_component_CaRU_Transitions_variable_t_L":1.0,"data_set_value_component_CaRU_Transitions_variable_tau_L":650.0,"data_set_value_component_CaRU_Transitions_variable_t_R":1.17,"data_set_value_component_CaRU_Transitions_variable_tau_R":2.43,"data_set_value_component_CaRU_Transitions_variable_phi_R":0.05,"data_set_value_component_CaRU_Transitions_variable_theta_R":0.012,"data_set_value_component_CaRU_Transitions_variable_K_RyR":0.041,"data_set_value_component_CaRU_Transitions_variable_K_L":0.00022,"data_set_value_component_CaRU_Transitions_variable_a":0.0625,"data_set_value_component_CaRU_Transitions_variable_b":14.0,"data_set_value_component_CaRU_Transitions_variable_c":0.01,"data_set_value_component_CaRU_Transitions_variable_d":100.0,"data_set_value_component_CaRU_Transitions_variable_expVL":1.3307121974,"data_set_value_component_CaRU_Transitions_variable_alpha_p":0.5709465969,"data_set_value_component_CaRU_Transitions_variable_alpha_m":2.35,"data_set_value_component_CaRU_Transitions_variable_beta_poc":0.0896736989,"data_set_value_component_CaRU_Transitions_variable_beta_pcc":0.0000179955,"data_set_value_component_CaRU_Transitions_variable_beta_m":0.0427350427,"data_set_value_component_CaRU_Transitions_variable_epsilon_pco":0.6688532304,"data_set_value_component_CaRU_Transitions_variable_epsilon_pcc":0.000786423,"data_set_value_component_CaRU_Transitions_variable_epsilon_m":0.0016053334,"data_set_value_component_CaRU_Transitions_variable_mu_poc":0.0468596895,"data_set_value_component_CaRU_Transitions_variable_mu_pcc":0.0041238042,"data_set_value_component_CaRU_Transitions_variable_mu_moc":0.0053549986,"data_set_value_component_CaRU_Transitions_variable_mu_mcc":0.4087944133,"data_set_value_component_DS_Calcium_Concentrations_variable_C_cc":0.0001881324,"data_set_value_component_DS_Calcium_Concentrations_variable_C_oc":0.0140371187,"data_set_value_component_DS_Calcium_Concentrations_variable_C_co":0.1600067291,"data_set_value_component_DS_Calcium_Concentrations_variable_C_oo":0.1689333625,"data_set_value_component_LCC_and_RyR_fluxes_variable_J_Loo":0.0007587586,"data_set_value_component_LCC_and_RyR_fluxes_variable_J_Loc":0.0009001795,"data_set_value_component_LCC_and_RyR_fluxes_variable_J_Rco":0.0103882088,"data_set_value_component_LCC_and_RyR_fluxes_variable_J_Roo":0.0102096774,"data_set_value_component_CaRU_states_variable_denom":0.5308202261,"data_set_value_component_CaRU_states_variable_y_oc":0.136227992,"data_set_value_component_CaRU_states_variable_y_co":0.2268609464,"data_set_value_component_CaRU_states_variable_y_oo":0.0592382987,"data_set_value_component_CaRU_states_variable_y_cc":0.5776727628,"data_set_value_component_CaRU_states_variable_y_ci":0.8045337092,"data_set_value_component_CaRU_states_variable_y_oi":0.1954662908,"data_set_value_component_CaRU_states_variable_y_ic":0.999579082,"data_set_value_component_CaRU_states_variable_y_io":0.000420918,"data_set_value_component_CaRU_states_variable_y_ii":-2.0,"data_set_value_component_CaRU_reduced_states_variable_r_1":0.0087658108,"data_set_value_component_CaRU_reduced_states_variable_r_2":0.3299356073,"data_set_value_component_CaRU_reduced_states_variable_r_3":0.0041220684,"data_set_value_component_CaRU_reduced_states_variable_r_4":0.4087944133,"data_set_value_component_CaRU_reduced_states_variable_r_5":0.152190972,"data_set_value_component_CaRU_reduced_states_variable_r_6":0.0016053334,"data_set_value_component_CaRU_reduced_states_variable_r_7":0.0006327038,"data_set_value_component_CaRU_reduced_states_variable_r_8":0.0016053334,"data_set_value_component_CaRU_reduced_states_variable_z_1":0.9425650789,"data_set_value_component_CaRU_reduced_states_variable_z_2":0.0102538764,"data_set_value_component_CaRU_reduced_states_variable_z_3":0.0471296906,"data_set_value_component_CaRU_reduced_states_variable_z_4":0.0000513541,"data_set_value_component_RyR_current_variable_J_R1":0.0029614828,"data_set_value_component_RyR_current_variable_J_R3":0.0000043726,"data_set_value_component_RyR_current_variable_I_RyR":0.0054016957,"data_set_value_component_LCC_current_variable_J_L1":0.0001675772,"data_set_value_component_LCC_current_variable_J_L2":0.0001759548,"data_set_value_component_LCC_current_variable_I_LCC":0.0003091266,"data_set_value_component_Na_Ca_Exchanger_variable_K_mNa":87.5,"data_set_value_component_Na_Ca_Exchanger_variable_K_mCa":1.38,"data_set_value_component_Na_Ca_Exchanger_variable_eta":0.35,"data_set_value_component_Na_Ca_Exchanger_variable_k_sat":0.1,"data_set_value_component_Na_Ca_Exchanger_variable_g_NCX":0.0385,"data_set_value_component_Na_Ca_Exchanger_variable_I_NaCa":0.0000020839,"data_set_value_component_SERCA_variable_g_SERCA":0.00045,"data_set_value_component_SERCA_variable_K_SERCA":0.0005,"data_set_value_component_SERCA_variable_I_SERCA":0.0000558078,"data_set_value_component_Sarcolemmal_Ca_pump_variable_g_pCa":0.0000035,"data_set_value_component_Sarcolemmal_Ca_pump_variable_K_mpCa":0.0005,"data_set_value_component_Sarcolemmal_Ca_pump_variable_I_pCa":0.0000009569,"data_set_value_component_Background_Ca_current_variable_E_Ca":109.0344789103,"data_set_value_component_Background_Ca_current_variable_g_CaB":0.0000000269,"data_set_value_component_Background_Ca_current_variable_I_CaB":0.0000029303,"data_set_value_component_SR_Ca_leak_current_variable_g_SRl":0.000018951,"data_set_value_component_SR_Ca_leak_current_variable_I_SR":0.0000128721,"data_set_value_component_troponin_Ca_buffer_variable_k_m_TRPN":0.04,"data_set_value_component_troponin_Ca_buffer_variable_k_p_TRPN":40.0,"data_set_value_component_troponin_Ca_buffer_variable_B_TRPN":0.07,"data_set_value_component_troponin_Ca_buffer_variable_I_TRPN":-0.0002227343,"data_set_value_component_calmodulin_Ca_buffer_variable_k_CMDN":0.002382,"data_set_value_component_calmodulin_Ca_buffer_variable_B_CMDN":0.05,"data_set_value_component_calmodulin_Ca_buffer_variable_beta_CMDN":0.0525480298,"data_set_value_component_intracellular_ion_concentrations_variable_Na_i":10.0,"data_set_value_component_intracellular_ion_concentrations_variable_Ca_i":0.0001881324,"data_set_value_component_intracellular_ion_concentrations_variable_Ca_SR":0.6794171684,"data_set_value_component_intracellular_ion_concentrations_variable_TRPN":0.0636026399,"data_set_value_component_intracellular_ion_concentrations_variable_CaSR_plot":0.0551632051,"data_set_value_component_extracellular_ion_concentrations_variable_Na_o":140.0,"data_set_value_component_extracellular_ion_concentrations_variable_Ca_o":1.0},{"data_set_value_component_environment_variable_time":0.4,"data_set_value_component_cell_geometry_variable_V_myo":25840.0,"data_set_value_component_cell_geometry_variable_V_SR":2098.0,"data_set_value_component_cell_geometry_variable_A_cap":15340.0,"data_set_value_component_membrane_variable_V":0.0,"data_set_value_component_membrane_variable_R":8314.5,"data_set_value_component_membrane_variable_T":295.0,"data_set_value_component_membrane_variable_F":96487.0,"data_set_value_component_membrane_variable_FVRT":0.0,"data_set_value_component_membrane_variable_FVRT_Ca":0.0,"data_set_value_component_CaRU_variable_g_D":0.065,"data_set_value_component_CaRU_variable_J_R":0.02,"data_set_value_component_CaRU_variable_J_L":0.000913,"data_set_value_component_CaRU_variable_N":50000.0,"data_set_value_component_CaRU_Transitions_variable_V_L":-2.0,"data_set_value_component_CaRU_Transitions_variable_del_VL":7.0,"data_set_value_component_CaRU_Transitions_variable_phi_L":2.35,"data_set_value_component_CaRU_Transitions_variable_t_L":1.0,"data_set_value_component_CaRU_Transitions_variable_tau_L":650.0,"data_set_value_component_CaRU_Transitions_variable_t_R":1.17,"data_set_value_component_CaRU_Transitions_variable_tau_R":2.43,"data_set_value_component_CaRU_Transitions_variable_phi_R":0.05,"data_set_value_component_CaRU_Transitions_variable_theta_R":0.012,"data_set_value_component_CaRU_Transitions_variable_K_RyR":0.041,"data_set_value_component_CaRU_Transitions_variable_K_L":0.00022,"data_set_value_component_CaRU_Transitions_variable_a":0.0625,"data_set_value_component_CaRU_Transitions_variable_b":14.0,"data_set_value_component_CaRU_Transitions_variable_c":0.01,"data_set_value_component_CaRU_Transitions_variable_d":100.0,"data_set_value_component_CaRU_Transitions_variable_expVL":1.3307121974,"data_set_value_component_CaRU_Transitions_variable_alpha_p":0.5709465969,"data_set_value_component_CaRU_Transitions_variable_alpha_m":2.35,"data_set_value_component_CaRU_Transitions_variable_beta_poc":0.0899938105,"data_set_value_component_CaRU_Transitions_variable_beta_pcc":0.0000238315,"data_set_value_component_CaRU_Transitions_variable_beta_m":0.0427350427,"data_set_value_component_CaRU_Transitions_variable_epsilon_pco":0.6625352373,"data_set_value_component_CaRU_Transitions_variable_epsilon_pcc":0.0009050056,"data_set_value_component_CaRU_Transitions_variable_epsilon_m":0.0016053334,"data_set_value_component_CaRU_Transitions_variable_mu_poc":0.047012276,"data_set_value_component_CaRU_Transitions_variable_mu_pcc":0.004126586,"data_set_value_component_CaRU_Transitions_variable_mu_moc":0.0053533439,"data_set_value_component_CaRU_Transitions_variable_mu_mcc":0.3872302042,"data_set_value_component_DS_Calcium_Concentrations_variable_C_cc":0.0002165004,"data_set_value_component_DS_Calcium_Concentrations_variable_C_oc":0.0140650938,"data_set_value_component_DS_Calcium_Concentrations_variable_C_co":0.1584953042,"data_set_value_component_DS_Calcium_Concentrations_variable_C_oo":0.1674379996,"data_set_value_component_LCC_and_RyR_fluxes_variable_J_Loo":0.0007601238,"data_set_value_component_LCC_and_RyR_fluxes_variable_J_Loc":0.000900154,"data_set_value_component_LCC_and_RyR_fluxes_variable_J_Rco":0.0102881223,"data_set_value_component_LCC_and_RyR_fluxes_variable_J_Roo":0.0101092696,"data_set_value_component_CaRU_states_variable_denom":0.5314363751,"data_set_value_component_CaRU_states_variable_y_oc":0.1360703168,"data_set_value_component_CaRU_states_variable_y_co":0.2274702095,"data_set_value_component_CaRU_states_variable_y_oo":0.059395974,"data_set_value_component_CaRU_states_variable_y_cc":0.5770634997,"data_set_value_component_CaRU_states_variable_y_ci":0.8045337092,"data_set_value_component_CaRU_states_variable_y_oi":0.1954662908,"data_set_value_component_CaRU_states_variable_y_ic":0.9994426533,"data_set_value_component_CaRU_states_variable_y_io":0.0005573467,"data_set_value_component_CaRU_states_variable_y_ii":-2.0,"data_set_value_component_CaRU_reduced_states_variable_r_1":0.0087782775,"data_set_value_component_CaRU_reduced_states_variable_r_2":0.3125861508,"data_set_value_component_CaRU_reduced_states_variable_r_3":0.0041242861,"data_set_value_component_CaRU_reduced_states_variable_r_4":0.3872302042,"data_set_value_component_CaRU_reduced_states_variable_r_5":0.1512292749,"data_set_value_component_CaRU_reduced_states_variable_r_6":0.0016053334,"data_set_value_component_CaRU_reduced_states_variable_r_7":0.0007281075,"data_set_value_component_CaRU_reduced_states_variable_r_8":0.0016053334,"data_set_value_component_CaRU_reduced_states_variable_z_1":0.9279026823,"data_set_value_component_CaRU_reduced_states_variable_z_2":0.0107363578,"data_set_value_component_CaRU_reduced_states_variable_z_3":0.0612889688,"data_set_value_component_CaRU_reduced_states_variable_z_4":0.0000719911,"data_set_value_component_RyR_current_variable_J_R1":0.0029406912,"data_set_value_component_RyR_current_variable_J_R3":0.0000057341,"data_set_value_component_RyR_current_variable_I_RyR":0.0052806245,"data_set_value_component_LCC_current_variable_J_L1":0.0001676325,"data_set_value_component_LCC_current_variable_J_L2":0.0001759498,"data_set_value_component_LCC_current_variable_I_LCC":0.0003046357,"data_set_value_component_Na_Ca_Exchanger_variable_K_mNa":87.5,"data_set_value_component_Na_Ca_Exchanger_variable_K_mCa":1.38,"data_set_value_component_Na_Ca_Exchanger_variable_eta":0.35,"data_set_value_component_Na_Ca_Exchanger_variable_k_sat":0.1,"data_set_value_component_Na_Ca_Exchanger_variable_g_NCX":0.0385,"data_set_value_component_Na_Ca_Exchanger_variable_I_NaCa":0.0000017486,"data_set_value_component_SERCA_variable_g_SERCA":0.00045,"data_set_value_component_SERCA_variable_K_SERCA":0.0005,"data_set_value_component_SERCA_variable_I_SERCA":0.0000710493,"data_set_value_component_Sarcolemmal_Ca_pump_variable_g_pCa":0.0000035,"data_set_value_component_Sarcolemmal_Ca_pump_variable_K_mpCa":0.0005,"data_set_value_component_Sarcolemmal_Ca_pump_variable_I_pCa":0.0000010576,"data_set_value_component_Background_Ca_current_variable_E_Ca":107.2493490239,"data_set_value_component_Background_Ca_current_variable_g_CaB":0.0000000269,"data_set_value_component_Background_Ca_current_variable_I_CaB":0.0000028823,"data_set_value_component_SR_Ca_leak_current_variable_g_SRl":0.000018951,"data_set_value_component_SR_Ca_leak_current_variable_I_SR":0.0000127481,"data_set_value_component_troponin_Ca_buffer_variable_k_m_TRPN":0.04,"data_set_value_component_troponin_Ca_buffer_variable_k_p_TRPN":40.0,"data_set_value_component_troponin_Ca_buffer_variable_B_TRPN":0.07,"data_set_value_component_troponin_Ca_buffer_variable_I_TRPN":-0.0002936484,"data_set_value_component_calmodulin_Ca_buffer_variable_k_CMDN":0.002382,"data_set_value_component_calmodulin_Ca_buffer_variable_B_CMDN":0.05,"data_set_value_component_calmodulin_Ca_buffer_variable_beta_CMDN":0.0536518557,"data_set_value_component_intracellular_ion_concentrations_variable_Na_i":10.0,"data_set_value_component_intracellular_ion_concentrations_variable_Ca_i":0.0002165004,"data_set_value_component_intracellular_ion_concentrations_variable_Ca_SR":0.6729014168,"data_set_value_component_intracellular_ion_concentrations_variable_TRPN":0.0635768061,"data_set_value_component_intracellular_ion_concentrations_variable_CaSR_plot":0.0546341785,"data_set_value_component_extracellular_ion_concentrations_variable_Na_o":140.0,"data_set_value_component_extracellular_ion_concentrations_variable_Ca_o":1.0},{"data_set_value_component_environment_variable_time":0.5,"data_set_value_component_cell_geometry_variable_V_myo":25840.0,"data_set_value_component_cell_geometry_variable_V_SR":2098.0,"data_set_value_component_cell_geometry_variable_A_cap":15340.0,"data_set_value_component_membrane_variable_V":0.0,"data_set_value_component_membrane_variable_R":8314.5,"data_set_value_component_membrane_variable_T":295.0,"data_set_value_component_membrane_variable_F":96487.0,"data_set_value_component_membrane_variable_FVRT":0.0,"data_set_value_component_membrane_variable_FVRT_Ca":0.0,"data_set_value_component_CaRU_variable_g_D":0.065,"data_set_value_component_CaRU_variable_J_R":0.02,"data_set_value_component_CaRU_variable_J_L":0.000913,"data_set_value_component_CaRU_variable_N":50000.0,"data_set_value_component_CaRU_Transitions_variable_V_L":-2.0,"data_set_value_component_CaRU_Transitions_variable_del_VL":7.0,"data_set_value_component_CaRU_Transitions_variable_phi_L":2.35,"data_set_value_component_CaRU_Transitions_variable_t_L":1.0,"data_set_value_component_CaRU_Transitions_variable_tau_L":650.0,"data_set_value_component_CaRU_Transitions_variable_t_R":1.17,"data_set_value_component_CaRU_Transitions_variable_tau_R":2.43,"data_set_value_component_CaRU_Transitions_variable_phi_R":0.05,"data_set_value_component_CaRU_Transitions_variable_theta_R":0.012,"data_set_value_component_CaRU_Transitions_variable_K_RyR":0.041,"data_set_value_component_CaRU_Transitions_variable_K_L":0.00022,"data_set_value_component_CaRU_Transitions_variable_a":0.0625,"data_set_value_component_CaRU_Transitions_variable_b":14.0,"data_set_value_component_CaRU_Transitions_variable_c":0.01,"data_set_value_component_CaRU_Transitions_variable_d":100.0,"data_set_value_component_CaRU_Transitions_variable_expVL":1.3307121974,"data_set_value_component_CaRU_Transitions_variable_alpha_p":0.5709465969,"data_set_value_component_CaRU_Transitions_variable_alpha_m":2.35,"data_set_value_component_CaRU_Transitions_variable_beta_poc":0.0903080804,"data_set_value_component_CaRU_Transitions_variable_beta_pcc":0.0000303491,"data_set_value_component_CaRU_Transitions_variable_beta_m":0.0427350427,"data_set_value_component_CaRU_Transitions_variable_epsilon_pco":0.6563786619,"data_set_value_component_CaRU_Transitions_variable_epsilon_pcc":0.0010212916,"data_set_value_component_CaRU_Transitions_variable_epsilon_m":0.0016053334,"data_set_value_component_CaRU_Transitions_variable_mu_poc":0.047162078,"data_set_value_component_CaRU_Transitions_variable_mu_pcc":0.0041296927,"data_set_value_component_CaRU_Transitions_variable_mu_moc":0.0053517308,"data_set_value_component_CaRU_Transitions_variable_mu_mcc":0.3657161339,"data_set_value_component_DS_Calcium_Concentrations_variable_C_cc":0.000244319,"data_set_value_component_DS_Calcium_Concentrations_variable_C_oc":0.014092527,"data_set_value_component_DS_Calcium_Concentrations_variable_C_co":0.1570224946,"data_set_value_component_DS_Calcium_Concentrations_variable_C_oo":0.1659808416,"data_set_value_component_LCC_and_RyR_fluxes_variable_J_Loo":0.0007614542,"data_set_value_component_LCC_and_RyR_fluxes_variable_J_Loc":0.000900129,"data_set_value_component_LCC_and_RyR_fluxes_variable_J_Rco":0.0101905814,"data_set_value_component_LCC_and_RyR_fluxes_variable_J_Roo":0.0100114157,"data_set_value_component_CaRU_states_variable_denom":0.5320470063,"data_set_value_component_CaRU_states_variable_y_oc":0.1359144476,"data_set_value_component_CaRU_states_variable_y_co":0.2280731857,"data_set_value_component_CaRU_states_variable_y_oo":0.0595518432,"data_set_value_component_CaRU_states_variable_y_cc":0.5764605235,"data_set_value_component_CaRU_states_variable_y_ci":0.8045337092,"data_set_value_component_CaRU_states_variable_y_oi":0.1954662908,"data_set_value_component_CaRU_states_variable_y_ic":0.9992903358,"data_set_value_component_CaRU_states_variable_y_io":0.0007096642,"data_set_value_component_CaRU_states_variable_y_ii":-2.0,"data_set_value_component_CaRU_reduced_states_variable_r_1":0.0087906126,"data_set_value_component_CaRU_reduced_states_variable_r_2":0.2952770407,"data_set_value_component_CaRU_reduced_states_variable_r_3":0.004126762,"data_set_value_component_CaRU_reduced_states_variable_r_4":0.3657161339,"data_set_value_component_CaRU_reduced_states_variable_r_5":0.1502911067,"data_set_value_component_CaRU_reduced_states_variable_r_6":0.0016053334,"data_set_value_component_CaRU_reduced_states_variable_r_7":0.0008216635,"data_set_value_component_CaRU_reduced_states_variable_r_8":0.0016053334,"data_set_value_component_CaRU_reduced_states_variable_z_1":0.9135579494,"data_set_value_component_CaRU_reduced_states_variable_z_2":0.011210792,"data_set_value_component_CaRU_reduced_states_variable_z_3":0.0751334492,"data_set_value_component_CaRU_reduced_states_variable_z_4":0.0000978094,"data_set_value_component_RyR_current_variable_J_R1":0.0029203966,"data_set_value_component_RyR_current_variable_J_R3":0.0000072319,"data_set_value_component_RyR_current_variable_I_RyR":0.0051634963,"data_set_value_component_LCC_current_variable_J_L1":0.0001676865,"data_set_value_component_LCC_current_variable_J_L2":0.0001759449,"data_set_value_component_LCC_current_variable_I_LCC":0.0003002396,"data_set_value_component_Na_Ca_Exchanger_variable_K_mNa":87.5,"data_set_value_component_Na_Ca_Exchanger_variable_K_mCa":1.38,"data_set_value_component_Na_Ca_Exchanger_variable_eta":0.35,"data_set_value_component_Na_Ca_Exchanger_variable_k_sat":0.1,"data_set_value_component_Na_Ca_Exchanger_variable_g_NCX":0.0385,"data_set_value_component_Na_Ca_Exchanger_variable_I_NaCa":0.0000014197,"data_set_value_component_SERCA_variable_g_SERCA":0.00045,"data_set_value_component_SERCA_variable_K_SERCA":0.0005,"data_set_value_component_SERCA_variable_I_SERCA":0.0000867356,"data_set_value_component_Sarcolemmal_Ca_pump_variable_g_pCa":0.0000035,"data_set_value_component_Sarcolemmal_Ca_pump_variable_K_mpCa":0.0005,"data_set_value_component_Sarcolemmal_Ca_pump_variable_I_pCa":0.0000011489,"data_set_value_component_Background_Ca_current_variable_E_Ca":105.7128872149,"data_set_value_component_Background_Ca_current_variable_g_CaB":0.0000000269,"data_set_value_component_Background_Ca_current_variable_I_CaB":0.000002841,"data_set_value_component_SR_Ca_leak_current_variable_g_SRl":0.000018951,"data_set_value_component_SR_Ca_leak_current_variable_I_SR":0.0000126272,"data_set_value_component_troponin_Ca_buffer_variable_k_m_TRPN":0.04,"data_set_value_component_troponin_Ca_buffer_variable_k_p_TRPN":40.0,"data_set_value_component_troponin_Ca_buffer_variable_B_TRPN":0.07,"data_set_value_component_troponin_Ca_buffer_variable_I_TRPN":-0.0003627587,"data_set_value_component_calmodulin_Ca_buffer_variable_k_CMDN":0.002382,"data_set_value_component_calmodulin_Ca_buffer_variable_B_CMDN":0.05,"data_set_value_component_calmodulin_Ca_buffer_variable_beta_CMDN":0.0547435344,"data_set_value_component_intracellular_ion_concentrations_variable_Na_i":10.0,"data_set_value_component_intracellular_ion_concentrations_variable_Ca_i":0.000244319,"data_set_value_component_intracellular_ion_concentrations_variable_Ca_SR":0.6665515654,"data_set_value_component_intracellular_ion_concentrations_variable_TRPN":0.0635439707,"data_set_value_component_intracellular_ion_concentrations_variable_CaSR_plot":0.0541186217,"data_set_value_component_extracellular_ion_concentrations_variable_Na_o":140.0,"data_set_value_component_extracellular_ion_concentrations_variable_Ca_o":1.0},{"data_set_value_component_environment_variable_time":0.6,"data_set_value_component_cell_geometry_variable_V_myo":25840.0,"data_set_value_component_cell_geometry_variable_V_SR":2098.0,"data_set_value_component_cell_geometry_variable_A_cap":15340.0,"data_set_value_component_membrane_variable_V":0.0,"data_set_value_component_membrane_variable_R":8314.5,"data_set_value_component_membrane_variable_T":295.0,"data_set_value_component_membrane_variable_F":96487.0,"data_set_value_component_membrane_variable_FVRT":0.0,"data_set_value_component_membrane_variable_FVRT_Ca":0.0,"data_set_value_component_CaRU_variable_g_D":0.065,"data_set_value_component_CaRU_variable_J_R":0.02,"data_set_value_component_CaRU_variable_J_L":0.000913,"data_set_value_component_CaRU_variable_N":50000.0,"data_set_value_component_CaRU_Transitions_variable_V_L":-2.0,"data_set_value_component_CaRU_Transitions_variable_del_VL":7.0,"data_set_value_component_CaRU_Transitions_variable_phi_L":2.35,"data_set_value_component_CaRU_Transitions_variable_t_L":1.0,"data_set_value_component_CaRU_Transitions_variable_tau_L":650.0,"data_set_value_component_CaRU_Transitions_variable_t_R":1.17,"data_set_value_component_CaRU_Transitions_variable_tau_R":2.43,"data_set_value_component_CaRU_Transitions_variable_phi_R":0.05,"data_set_value_component_CaRU_Transitions_variable_theta_R":0.012,"data_set_value_component_CaRU_Transitions_variable_K_RyR":0.041,"data_set_value_component_CaRU_Transitions_variable_K_L":0.00022,"data_set_value_component_CaRU_Transitions_variable_a":0.0625,"data_set_value_component_CaRU_Transitions_variable_b":14.0,"data_set_value_component_CaRU_Transitions_variable_c":0.01,"data_set_value_component_CaRU_Transitions_variable_d":100.0,"data_set_value_component_CaRU_Transitions_variable_expVL":1.3307121974,"data_set_value_component_CaRU_Transitions_variable_alpha_p":0.5709465969,"data_set_value_component_CaRU_Transitions_variable_alpha_m":2.35,"data_set_value_component_CaRU_Transitions_variable_beta_poc":0.0906162395,"data_set_value_component_CaRU_Transitions_variable_beta_pcc":0.0000374955,"data_set_value_component_CaRU_Transitions_variable_beta_m":0.0427350427,"data_set_value_component_CaRU_Transitions_variable_epsilon_pco":0.650379076,"data_set_value_component_CaRU_Transitions_variable_epsilon_pcc":0.0011351897,"data_set_value_component_CaRU_Transitions_variable_epsilon_m":0.0016053334,"data_set_value_component_CaRU_Transitions_variable_mu_poc":0.0473089672,"data_set_value_component_CaRU_Transitions_variable_mu_pcc":0.0041330992,"data_set_value_component_CaRU_Transitions_variable_mu_moc":0.00535016,"data_set_value_component_CaRU_Transitions_variable_mu_mcc":0.3447473203,"data_set_value_component_DS_Calcium_Concentrations_variable_C_cc":0.0002715663,"data_set_value_component_DS_Calcium_Concentrations_variable_C_oc":0.0141193969,"data_set_value_component_DS_Calcium_Concentrations_variable_C_co":0.1555872408,"data_set_value_component_DS_Calcium_Concentrations_variable_C_oo":0.1645608403,"data_set_value_component_LCC_and_RyR_fluxes_variable_J_Loo":0.0007627507,"data_set_value_component_LCC_and_RyR_fluxes_variable_J_Loc":0.0009001044,"data_set_value_component_LCC_and_RyR_fluxes_variable_J_Rco":0.0100955188,"data_set_value_component_LCC_and_RyR_fluxes_variable_J_Roo":0.0099160481,"data_set_value_component_CaRU_states_variable_denom":0.5326512568,"data_set_value_component_CaRU_states_variable_y_oc":0.1357605908,"data_set_value_component_CaRU_states_variable_y_co":0.2286690332,"data_set_value_component_CaRU_states_variable_y_oo":0.0597056999,"data_set_value_component_CaRU_states_variable_y_cc":0.575864676,"data_set_value_component_CaRU_states_variable_y_ci":0.8045337092,"data_set_value_component_CaRU_states_variable_y_oi":0.1954662908,"data_set_value_component_CaRU_states_variable_y_ic":0.9991233746,"data_set_value_component_CaRU_states_variable_y_io":0.0008766254,"data_set_value_component_CaRU_states_variable_y_ii":-2.0,"data_set_value_component_CaRU_reduced_states_variable_r_1":0.0088027992,"data_set_value_component_CaRU_reduced_states_variable_r_2":0.2784066163,"data_set_value_component_CaRU_reduced_states_variable_r_3":0.004129476,"data_set_value_component_CaRU_reduced_states_variable_r_4":0.3447473203,"data_set_value_component_CaRU_reduced_states_variable_r_5":0.1493752701,"data_set_value_component_CaRU_reduced_states_variable_r_6":0.0016053334,"data_set_value_component_CaRU_reduced_states_variable_r_7":0.0009132984,"data_set_value_component_CaRU_reduced_states_variable_r_8":0.0016053334,"data_set_value_component_CaRU_reduced_states_variable_z_1":0.8995194574,"data_set_value_component_CaRU_reduced_states_variable_z_2":0.0116790024,"data_set_value_component_CaRU_reduced_states_variable_z_3":0.0886729309,"data_set_value_component_CaRU_reduced_states_variable_z_4":0.0001286094,"data_set_value_component_RyR_current_variable_J_R1":0.0029005771,"data_set_value_component_RyR_current_variable_J_R3":0.00000885,"data_set_value_component_RyR_current_variable_I_RyR":0.0050501361,"data_set_value_component_LCC_current_variable_J_L1":0.0001677393,"data_set_value_component_LCC_current_variable_J_L2":0.0001759401,"data_set_value_component_LCC_current_variable_I_LCC":0.0002959357,"data_set_value_component_Na_Ca_Exchanger_variable_K_mNa":87.5,"data_set_value_component_Na_Ca_Exchanger_variable_K_mCa":1.38,"data_set_value_component_Na_Ca_Exchanger_variable_eta":0.35,"data_set_value_component_Na_Ca_Exchanger_variable_k_sat":0.1,"data_set_value_component_Na_Ca_Exchanger_variable_g_NCX":0.0385,"data_set_value_component_Na_Ca_Exchanger_variable_I_NaCa":0.0000010977,"data_set_value_component_SERCA_variable_g_SERCA":0.00045,"data_set_value_component_SERCA_variable_K_SERCA":0.0005,"data_set_value_component_SERCA_variable_I_SERCA":0.0001025078,"data_set_value_component_Sarcolemmal_Ca_pump_variable_g_pCa":0.0000035,"data_set_value_component_Sarcolemmal_Ca_pump_variable_K_mpCa":0.0005,"data_set_value_component_Sarcolemmal_Ca_pump_variable_I_pCa":0.0000012319,"data_set_value_component_Background_Ca_current_variable_E_Ca":104.3689951603,"data_set_value_component_Background_Ca_current_variable_g_CaB":0.0000000269,"data_set_value_component_Background_Ca_current_variable_I_CaB":0.0000028049,"data_set_value_component_SR_Ca_leak_current_variable_g_SRl":0.000018951,"data_set_value_component_SR_Ca_leak_current_variable_I_SR":0.0000125094,"data_set_value_component_troponin_Ca_buffer_variable_k_m_TRPN":0.04,"data_set_value_component_troponin_Ca_buffer_variable_k_p_TRPN":40.0,"data_set_value_component_troponin_Ca_buffer_variable_B_TRPN":0.07,"data_set_value_component_troponin_Ca_buffer_variable_I_TRPN":-0.000429998,"data_set_value_component_calmodulin_Ca_buffer_variable_k_CMDN":0.002382,"data_set_value_component_calmodulin_Ca_buffer_variable_B_CMDN":0.05,"data_set_value_component_calmodulin_Ca_buffer_variable_beta_CMDN":0.0558215878,"data_set_value_component_intracellular_ion_concentrations_variable_Na_i":10.0,"data_set_value_component_intracellular_ion_concentrations_variable_Ca_i":0.0002715663,"data_set_value_component_intracellular_ion_concentrations_variable_Ca_SR":0.6603631831,"data_set_value_component_intracellular_ion_concentrations_variable_TRPN":0.0635043176,"data_set_value_component_intracellular_ion_concentrations_variable_CaSR_plot":0.0536161749,"data_set_value_component_extracellular_ion_concentrations_variable_Na_o":140.0,"data_set_value_component_extracellular_ion_concentrations_variable_Ca_o":1.0},{"data_set_value_component_environment_variable_time":0.7,"data_set_value_component_cell_geometry_variable_V_myo":25840.0,"data_set_value_component_cell_geometry_variable_V_SR":2098.0,"data_set_value_component_cell_geometry_variable_A_cap":15340.0,"data_set_value_component_membrane_variable_V":0.0,"data_set_value_component_membrane_variable_R":8314.5,"data_set_value_component_membrane_variable_T":295.0,"data_set_value_component_membrane_variable_F":96487.0,"data_set_value_component_membrane_variable_FVRT":0.0,"data_set_value_component_membrane_variable_FVRT_Ca":0.0,"data_set_value_component_CaRU_variable_g_D":0.065,"data_set_value_component_CaRU_variable_J_R":0.02,"data_set_value_component_CaRU_variable_J_L":0.000913,"data_set_value_component_CaRU_variable_N":50000.0,"data_set_value_component_CaRU_Transitions_variable_V_L":-2.0,"data_set_value_component_CaRU_Transitions_variable_del_VL":7.0,"data_set_value_component_CaRU_Transitions_variable_phi_L":2.35,"data_set_value_component_CaRU_Transitions_variable_t_L":1.0,"data_set_value_component_CaRU_Transitions_variable_tau_L":650.0,"data_set_value_component_CaRU_Transitions_variable_t_R":1.17,"data_set_value_component_CaRU_Transitions_variable_tau_R":2.43,"data_set_value_component_CaRU_Transitions_variable_phi_R":0.05,"data_set_value_component_CaRU_Transitions_variable_theta_R":0.012,"data_set_value_component_CaRU_Transitions_variable_K_RyR":0.041,"data_set_value_component_CaRU_Transitions_variable_K_L":0.00022,"data_set_value_component_CaRU_Transitions_variable_a":0.0625,"data_set_value_component_CaRU_Transitions_variable_b":14.0,"data_set_value_component_CaRU_Transitions_variable_c":0.01,"data_set_value_component_CaRU_Transitions_variable_d":100.0,"data_set_value_component_CaRU_Transitions_variable_expVL":1.3307121974,"data_set_value_component_CaRU_Transitions_variable_alpha_p":0.5709465969,"data_set_value_component_CaRU_Transitions_variable_alpha_m":2.35,"data_set_value_component_CaRU_Transitions_variable_beta_poc":0.0909180536,"data_set_value_component_CaRU_Transitions_variable_beta_pcc":0.0000452176,"data_set_value_component_CaRU_Transitions_variable_beta_m":0.0427350427,"data_set_value_component_CaRU_Transitions_variable_epsilon_pco":0.6445318908,"data_set_value_component_CaRU_Transitions_variable_epsilon_pcc":0.0012466217,"data_set_value_component_CaRU_Transitions_variable_epsilon_m":0.0016053334,"data_set_value_component_CaRU_Transitions_variable_mu_poc":0.0474528319,"data_set_value_component_CaRU_Transitions_variable_mu_pcc":0.0041367801,"data_set_value_component_CaRU_Transitions_variable_mu_moc":0.0053486318,"data_set_value_component_CaRU_Transitions_variable_mu_mcc":0.3246669854,"data_set_value_component_DS_Calcium_Concentrations_variable_C_cc":0.0002982237,"data_set_value_component_DS_Calcium_Concentrations_variable_C_oc":0.014145685,"data_set_value_component_DS_Calcium_Concentrations_variable_C_co":0.1541884452,"data_set_value_component_DS_Calcium_Concentrations_variable_C_oo":0.1631769097,"data_set_value_component_LCC_and_RyR_fluxes_variable_J_Loo":0.0007640142,"data_set_value_component_LCC_and_RyR_fluxes_variable_J_Loc":0.0009000804,"data_set_value_component_LCC_and_RyR_fluxes_variable_J_Rco":0.0100028644,"data_set_value_component_LCC_and_RyR_fluxes_variable_J_Roo":0.0098230963,"data_set_value_component_CaRU_states_variable_denom":0.533248322,"data_set_value_component_CaRU_states_variable_y_oc":0.1356089363,"data_set_value_component_CaRU_states_variable_y_co":0.2292569739,"data_set_value_component_CaRU_states_variable_y_oo":0.0598573545,"data_set_value_component_CaRU_states_variable_y_cc":0.5752767353,"data_set_value_component_CaRU_states_variable_y_ci":0.8045337092,"data_set_value_component_CaRU_states_variable_y_oi":0.1954662908,"data_set_value_component_CaRU_states_variable_y_ic":0.9989430262,"data_set_value_component_CaRU_states_variable_y_io":0.0010569738,"data_set_value_component_CaRU_states_variable_y_ii":-2.0,"data_set_value_component_CaRU_reduced_states_variable_r_1":0.0088148214,"data_set_value_component_CaRU_reduced_states_variable_r_2":0.2622510112,"data_set_value_component_CaRU_reduced_states_variable_r_3":0.0041324076,"data_set_value_component_CaRU_reduced_states_variable_r_4":0.3246669854,"data_set_value_component_CaRU_reduced_states_variable_r_5":0.1484805833,"data_set_value_component_CaRU_reduced_states_variable_r_6":0.0016053334,"data_set_value_component_CaRU_reduced_states_variable_r_7":0.0010029492,"data_set_value_component_CaRU_reduced_states_variable_r_8":0.0016053334,"data_set_value_component_CaRU_reduced_states_variable_z_1":0.8857767929,"data_set_value_component_CaRU_reduced_states_variable_z_2":0.0121422857,"data_set_value_component_CaRU_reduced_states_variable_z_3":0.101916695,"data_set_value_component_CaRU_reduced_states_variable_z_4":0.0001642264,"data_set_value_component_RyR_current_variable_J_R1":0.002881211,"data_set_value_component_RyR_current_variable_J_R3":0.0000105728,"data_set_value_component_RyR_current_variable_I_RyR":0.004940378,"data_set_value_component_LCC_current_variable_J_L1":0.0001677908,"data_set_value_component_LCC_current_variable_J_L2":0.0001759354,"data_set_value_component_LCC_current_variable_I_LCC":0.0002917211,"data_set_value_component_Na_Ca_Exchanger_variable_K_mNa":87.5,"data_set_value_component_Na_Ca_Exchanger_variable_K_mCa":1.38,"data_set_value_component_Na_Ca_Exchanger_variable_eta":0.35,"data_set_value_component_Na_Ca_Exchanger_variable_k_sat":0.1,"data_set_value_component_Na_Ca_Exchanger_variable_g_NCX":0.0385,"data_set_value_component_Na_Ca_Exchanger_variable_I_NaCa":0.0000007826,"data_set_value_component_SERCA_variable_g_SERCA":0.00045,"data_set_value_component_SERCA_variable_K_SERCA":0.0005,"data_set_value_component_SERCA_variable_I_SERCA":0.0001180803,"data_set_value_component_Sarcolemmal_Ca_pump_variable_g_pCa":0.0000035,"data_set_value_component_Sarcolemmal_Ca_pump_variable_K_mpCa":0.0005,"data_set_value_component_Sarcolemmal_Ca_pump_variable_I_pCa":0.0000013076,"data_set_value_component_Background_Ca_current_variable_E_Ca":103.1788245994,"data_set_value_component_Background_Ca_current_variable_g_CaB":0.0000000269,"data_set_value_component_Background_Ca_current_variable_I_CaB":0.0000027729,"data_set_value_component_SR_Ca_leak_current_variable_g_SRl":0.000018951,"data_set_value_component_SR_Ca_leak_current_variable_I_SR":0.0000123946,"data_set_value_component_troponin_Ca_buffer_variable_k_m_TRPN":0.04,"data_set_value_component_troponin_Ca_buffer_variable_k_p_TRPN":40.0,"data_set_value_component_troponin_Ca_buffer_variable_B_TRPN":0.07,"data_set_value_component_troponin_Ca_buffer_variable_I_TRPN":-0.000495309,"data_set_value_component_calmodulin_Ca_buffer_variable_k_CMDN":0.002382,"data_set_value_component_calmodulin_Ca_buffer_variable_B_CMDN":0.05,"data_set_value_component_calmodulin_Ca_buffer_variable_beta_CMDN":0.0568846544,"data_set_value_component_intracellular_ion_concentrations_variable_Na_i":10.0,"data_set_value_component_intracellular_ion_concentrations_variable_Ca_i":0.0002982237,"data_set_value_component_intracellular_ion_concentrations_variable_Ca_SR":0.6543316652,"data_set_value_component_intracellular_ion_concentrations_variable_TRPN":0.0634580366,"data_set_value_component_intracellular_ion_concentrations_variable_CaSR_plot":0.0531264641,"data_set_value_component_extracellular_ion_concentrations_variable_Na_o":140.0,"data_set_value_component_extracellular_ion_concentrations_variable_Ca_o":1.0},{"data_set_value_component_environment_variable_time":0.8,"data_set_value_component_cell_geometry_variable_V_myo":25840.0,"data_set_value_component_cell_geometry_variable_V_SR":2098.0,"data_set_value_component_cell_geometry_variable_A_cap":15340.0,"data_set_value_component_membrane_variable_V":0.0,"data_set_value_component_membrane_variable_R":8314.5,"data_set_value_component_membrane_variable_T":295.0,"data_set_value_component_membrane_variable_F":96487.0,"data_set_value_component_membrane_variable_FVRT":0.0,"data_set_value_component_membrane_variable_FVRT_Ca":0.0,"data_set_value_component_CaRU_variable_g_D":0.065,"data_set_value_component_CaRU_variable_J_R":0.02,"data_set_value_component_CaRU_variable_J_L":0.000913,"data_set_value_component_CaRU_variable_N":50000.0,"data_set_value_component_CaRU_Transitions_variable_V_L":-2.0,"data_set_value_component_CaRU_Transitions_variable_del_VL":7.0,"data_set_value_component_CaRU_Transitions_variable_phi_L":2.35,"data_set_value_component_CaRU_Transitions_variable_t_L":1.0,"data_set_value_component_CaRU_Transitions_variable_tau_L":650.0,"data_set_value_component_CaRU_Transitions_variable_t_R":1.17,"data_set_value_component_CaRU_Transitions_variable_tau_R":2.43,"data_set_value_component_CaRU_Transitions_variable_phi_R":0.05,"data_set_value_component_CaRU_Transitions_variable_theta_R":0.012,"data_set_value_component_CaRU_Transitions_variable_K_RyR":0.041,"data_set_value_component_CaRU_Transitions_variable_K_L":0.00022,"data_set_value_component_CaRU_Transitions_variable_a":0.0625,"data_set_value_component_CaRU_Transitions_variable_b":14.0,"data_set_value_component_CaRU_Transitions_variable_c":0.01,"data_set_value_component_CaRU_Transitions_variable_d":100.0,"data_set_value_component_CaRU_Transitions_variable_expVL":1.3307121974,"data_set_value_component_CaRU_Transitions_variable_alpha_p":0.5709465969,"data_set_value_component_CaRU_Transitions_variable_alpha_m":2.35,"data_set_value_component_CaRU_Transitions_variable_beta_poc":0.0912133226,"data_set_value_component_CaRU_Transitions_variable_beta_pcc":0.0000534623,"data_set_value_component_CaRU_Transitions_variable_beta_m":0.0427350427,"data_set_value_component_CaRU_Transitions_variable_epsilon_pco":0.638832406,"data_set_value_component_CaRU_Transitions_variable_epsilon_pcc":0.0013555222,"data_set_value_component_CaRU_Transitions_variable_epsilon_m":0.0016053334,"data_set_value_component_CaRU_Transitions_variable_mu_poc":0.0475935768,"data_set_value_component_CaRU_Transitions_variable_mu_pcc":0.00414071,"data_set_value_component_CaRU_Transitions_variable_mu_moc":0.0053471465,"data_set_value_component_CaRU_Transitions_variable_mu_mcc":0.30569161,"data_set_value_component_DS_Calcium_Concentrations_variable_C_cc":0.0003242754,"data_set_value_component_DS_Calcium_Concentrations_variable_C_oc":0.014171376,"data_set_value_component_DS_Calcium_Concentrations_variable_C_co":0.1528249833,"data_set_value_component_DS_Calcium_Concentrations_variable_C_oo":0.1618279373,"data_set_value_component_LCC_and_RyR_fluxes_variable_J_Loo":0.0007652458,"data_set_value_component_LCC_and_RyR_fluxes_variable_J_Loc":0.000900057,"data_set_value_component_LCC_and_RyR_fluxes_variable_J_Rco":0.009912546,"data_set_value_component_LCC_and_RyR_fluxes_variable_J_Roo":0.0097324882,"data_set_value_component_CaRU_states_variable_denom":0.5338374589,"data_set_value_component_CaRU_states_variable_y_oc":0.1354596567,"data_set_value_component_CaRU_states_variable_y_co":0.2298362956,"data_set_value_component_CaRU_states_variable_y_oo":0.0600066341,"data_set_value_component_CaRU_states_variable_y_cc":0.5746974136,"data_set_value_component_CaRU_states_variable_y_ci":0.8045337092,"data_set_value_component_CaRU_states_variable_y_oi":0.1954662908,"data_set_value_component_CaRU_states_variable_y_ic":0.998750546,"data_set_value_component_CaRU_states_variable_y_io":0.001249454,"data_set_value_component_CaRU_states_variable_y_ii":-2.0,"data_set_value_component_CaRU_reduced_states_variable_r_1":0.0088266649,"data_set_value_component_CaRU_reduced_states_variable_r_2":0.2469843918,"data_set_value_component_CaRU_reduced_states_variable_r_3":0.0041355364,"data_set_value_component_CaRU_reduced_states_variable_r_4":0.30569161,"data_set_value_component_CaRU_reduced_states_variable_r_5":0.1476058888,"data_set_value_component_CaRU_reduced_states_variable_r_6":0.0016053334,"data_set_value_component_CaRU_reduced_states_variable_r_7":0.0010905633,"data_set_value_component_CaRU_reduced_states_variable_r_8":0.0016053334,"data_set_value_component_CaRU_reduced_states_variable_z_1":0.8723204366,"data_set_value_component_CaRU_reduced_states_variable_z_2":0.0126014904,"data_set_value_component_CaRU_reduced_states_variable_z_3":0.1148735493,"data_set_value_component_CaRU_reduced_states_variable_z_4":0.0002045238,"data_set_value_component_RyR_current_variable_J_R1":0.0028622767,"data_set_value_component_RyR_current_variable_J_R3":0.0000123853,"data_set_value_component_RyR_current_variable_I_RyR":0.0048340658,"data_set_value_component_LCC_current_variable_J_L1":0.0001678412,"data_set_value_component_LCC_current_variable_J_L2":0.0001759308,"data_set_value_component_LCC_current_variable_I_LCC":0.0002875935,"data_set_value_component_Na_Ca_Exchanger_variable_K_mNa":87.5,"data_set_value_component_Na_Ca_Exchanger_variable_K_mCa":1.38,"data_set_value_component_Na_Ca_Exchanger_variable_eta":0.35,"data_set_value_component_Na_Ca_Exchanger_variable_k_sat":0.1,"data_set_value_component_Na_Ca_Exchanger_variable_g_NCX":0.0385,"data_set_value_component_Na_Ca_Exchanger_variable_I_NaCa":0.0000004746,"data_set_value_component_SERCA_variable_g_SERCA":0.00045,"data_set_value_component_SERCA_variable_K_SERCA":0.0005,"data_set_value_component_SERCA_variable_I_SERCA":0.0001332365,"data_set_value_component_Sarcolemmal_Ca_pump_variable_g_pCa":0.0000035,"data_set_value_component_Sarcolemmal_Ca_pump_variable_K_mpCa":0.0005,"data_set_value_component_Sarcolemmal_Ca_pump_variable_I_pCa":0.0000013769,"data_set_value_component_Background_Ca_current_variable_E_Ca":102.1143341141,"data_set_value_component_Background_Ca_current_variable_g_CaB":0.0000000269,"data_set_value_component_Background_Ca_current_variable_I_CaB":0.0000027443,"data_set_value_component_SR_Ca_leak_current_variable_g_SRl":0.000018951,"data_set_value_component_SR_Ca_leak_current_variable_I_SR":0.0000122827,"data_set_value_component_troponin_Ca_buffer_variable_k_m_TRPN":0.04,"data_set_value_component_troponin_Ca_buffer_variable_k_p_TRPN":40.0,"data_set_value_component_troponin_Ca_buffer_variable_B_TRPN":0.07,"data_set_value_component_troponin_Ca_buffer_variable_I_TRPN":-0.0005586445,"data_set_value_component_calmodulin_Ca_buffer_variable_k_CMDN":0.002382,"data_set_value_component_calmodulin_Ca_buffer_variable_B_CMDN":0.05,"data_set_value_component_calmodulin_Ca_buffer_variable_beta_CMDN":0.0579314926,"data_set_value_component_intracellular_ion_concentrations_variable_Na_i":10.0,"data_set_value_component_intracellular_ion_concentrations_variable_Ca_i":0.0003242754,"data_set_value_component_intracellular_ion_concentrations_variable_Ca_SR":0.6484522836,"data_set_value_component_intracellular_ion_concentrations_variable_TRPN":0.0634053227,"data_set_value_component_intracellular_ion_concentrations_variable_CaSR_plot":0.0526491057,"data_set_value_component_extracellular_ion_concentrations_variable_Na_o":140.0,"data_set_value_component_extracellular_ion_concentrations_variable_Ca_o":1.0},{"data_set_value_component_environment_variable_time":0.9,"data_set_value_component_cell_geometry_variable_V_myo":25840.0,"data_set_value_component_cell_geometry_variable_V_SR":2098.0,"data_set_value_component_cell_geometry_variable_A_cap":15340.0,"data_set_value_component_membrane_variable_V":0.0,"data_set_value_component_membrane_variable_R":8314.5,"data_set_value_component_membrane_variable_T":295.0,"data_set_value_component_membrane_variable_F":96487.0,"data_set_value_component_membrane_variable_FVRT":0.0,"data_set_value_component_membrane_variable_FVRT_Ca":0.0,"data_set_value_component_CaRU_variable_g_D":0.065,"data_set_value_component_CaRU_variable_J_R":0.02,"data_set_value_component_CaRU_variable_J_L":0.000913,"data_set_value_component_CaRU_variable_N":50000.0,"data_set_value_component_CaRU_Transitions_variable_V_L":-2.0,"data_set_value_component_CaRU_Transitions_variable_del_VL":7.0,"data_set_value_component_CaRU_Transitions_variable_phi_L":2.35,"data_set_value_component_CaRU_Transitions_variable_t_L":1.0,"data_set_value_component_CaRU_Transitions_variable_tau_L":650.0,"data_set_value_component_CaRU_Transitions_variable_t_R":1.17,"data_set_value_component_CaRU_Transitions_variable_tau_R":2.43,"data_set_value_component_CaRU_Transitions_variable_phi_R":0.05,"data_set_value_component_CaRU_Transitions_variable_theta_R":0.012,"data_set_value_component_CaRU_Transitions_variable_K_RyR":0.041,"data_set_value_component_CaRU_Transitions_variable_K_L":0.00022,"data_set_value_component_CaRU_Transitions_variable_a":0.0625,"data_set_value_component_CaRU_Transitions_variable_b":14.0,"data_set_value_component_CaRU_Transitions_variable_c":0.01,"data_set_value_component_CaRU_Transitions_variable_d":100.0,"data_set_value_component_CaRU_Transitions_variable_expVL":1.3307121974,"data_set_value_component_CaRU_Transitions_variable_alpha_p":0.5709465969,"data_set_value_component_CaRU_Transitions_variable_alpha_m":2.35,"data_set_value_component_CaRU_Transitions_variable_beta_poc":0.0915018777,"data_set_value_component_CaRU_Transitions_variable_beta_pcc":0.0000621767,"data_set_value_component_CaRU_Transitions_variable_beta_m":0.0427350427,"data_set_value_component_CaRU_Transitions_variable_epsilon_pco":0.6332758878,"data_set_value_component_CaRU_Transitions_variable_epsilon_pcc":0.0014618373,"data_set_value_component_CaRU_Transitions_variable_epsilon_m":0.0016053334,"data_set_value_component_CaRU_Transitions_variable_mu_poc":0.0477311214,"data_set_value_component_CaRU_Transitions_variable_mu_pcc":0.0041448639,"data_set_value_component_CaRU_Transitions_variable_mu_moc":0.0053457043,"data_set_value_component_CaRU_Transitions_variable_mu_mcc":0.2879386136,"data_set_value_component_DS_Calcium_Concentrations_variable_C_cc":0.0003497087,"data_set_value_component_DS_Calcium_Concentrations_variable_C_oc":0.014196457,"data_set_value_component_DS_Calcium_Concentrations_variable_C_co":0.1514957226,"data_set_value_component_DS_Calcium_Concentrations_variable_C_oo":0.1605128027,"data_set_value_component_LCC_and_RyR_fluxes_variable_J_Loo":0.0007664466,"data_set_value_component_LCC_and_RyR_fluxes_variable_J_Loc":0.0009000341,"data_set_value_component_LCC_and_RyR_fluxes_variable_J_Rco":0.0098244909,"data_set_value_component_LCC_and_RyR_fluxes_variable_J_Roo":0.0096441505,"data_set_value_component_CaRU_states_variable_denom":0.5344179828,"data_set_value_component_CaRU_states_variable_y_oc":0.1353129084,"data_set_value_component_CaRU_states_variable_y_co":0.230406349,"data_set_value_component_CaRU_states_variable_y_oo":0.0601533824,"data_set_value_component_CaRU_states_variable_y_cc":0.5741273602,"data_set_value_component_CaRU_states_variable_y_ci":0.8045337092,"data_set_value_component_CaRU_states_variable_y_oi":0.1954662908,"data_set_value_component_CaRU_states_variable_y_ic":0.9985471786,"data_set_value_component_CaRU_states_variable_y_io":0.0014528214,"data_set_value_component_CaRU_states_variable_y_ii":-2.0,"data_set_value_component_CaRU_reduced_states_variable_r_1":0.0088383166,"data_set_value_component_CaRU_reduced_states_variable_r_2":0.2327012258,"data_set_value_component_CaRU_reduced_states_variable_r_3":0.0041388422,"data_set_value_component_CaRU_reduced_states_variable_r_4":0.2879386136,"data_set_value_component_CaRU_reduced_states_variable_r_5":0.146750066,"data_set_value_component_CaRU_reduced_states_variable_r_6":0.0016053334,"data_set_value_component_CaRU_reduced_states_variable_r_7":0.0011760974,"data_set_value_component_CaRU_reduced_states_variable_r_8":0.0016053334,"data_set_value_component_CaRU_reduced_states_variable_z_1":0.8591416077,"data_set_value_component_CaRU_reduced_states_variable_z_2":0.01305713,"data_set_value_component_CaRU_reduced_states_variable_z_3":0.127551877,"data_set_value_component_CaRU_reduced_states_variable_z_4":0.0002493853,"data_set_value_component_RyR_current_variable_J_R1":0.0028437534,"data_set_value_component_RyR_current_variable_J_R3":0.0000142732,"data_set_value_component_RyR_current_variable_I_RyR":0.0047310515,"data_set_value_component_LCC_current_variable_J_L1":0.0001678906,"data_set_value_component_LCC_current_variable_J_L2":0.0001759263,"data_set_value_component_LCC_current_variable_I_LCC":0.0002835505,"data_set_value_component_Na_Ca_Exchanger_variable_K_mNa":87.5,"data_set_value_component_Na_Ca_Exchanger_variable_K_mCa":1.38,"data_set_value_component_Na_Ca_Exchanger_variable_eta":0.35,"data_set_value_component_Na_Ca_Exchanger_variable_k_sat":0.1,"data_set_value_component_Na_Ca_Exchanger_variable_g_NCX":0.0385,"data_set_value_component_Na_Ca_Exchanger_variable_I_NaCa":0.000000174,"data_set_value_component_SERCA_variable_g_SERCA":0.00045,"data_set_value_component_SERCA_variable_K_SERCA":0.0005,"data_set_value_component_SERCA_variable_I_SERCA":0.0001478212,"data_set_value_component_Sarcolemmal_Ca_pump_variable_g_pCa":0.0000035,"data_set_value_component_Sarcolemmal_Ca_pump_variable_K_mpCa":0.0005,"data_set_value_component_Sarcolemmal_Ca_pump_variable_I_pCa":0.0000014405,"data_set_value_component_Background_Ca_current_variable_E_Ca":101.1546056958,"data_set_value_component_Background_Ca_current_variable_g_CaB":0.0000000269,"data_set_value_component_Background_Ca_current_variable_I_CaB":0.0000027185,"data_set_value_component_SR_Ca_leak_current_variable_g_SRl":0.000018951,"data_set_value_component_SR_Ca_leak_current_variable_I_SR":0.0000121736,"data_set_value_component_troponin_Ca_buffer_variable_k_m_TRPN":0.04,"data_set_value_component_troponin_Ca_buffer_variable_k_p_TRPN":40.0,"data_set_value_component_troponin_Ca_buffer_variable_B_TRPN":0.07,"data_set_value_component_troponin_Ca_buffer_variable_I_TRPN":-0.0006199662,"data_set_value_component_calmodulin_Ca_buffer_variable_k_CMDN":0.002382,"data_set_value_component_calmodulin_Ca_buffer_variable_B_CMDN":0.05,"data_set_value_component_calmodulin_Ca_buffer_variable_beta_CMDN":0.0589609745,"data_set_value_component_intracellular_ion_concentrations_variable_Na_i":10.0,"data_set_value_component_intracellular_ion_concentrations_variable_Ca_i":0.0003497087,"data_set_value_component_intracellular_ion_concentrations_variable_Ca_SR":0.6427202675,"data_set_value_component_intracellular_ion_concentrations_variable_TRPN":0.0633463758,"data_set_value_component_intracellular_ion_concentrations_variable_CaSR_plot":0.0521837121,"data_set_value_component_extracellular_ion_concentrations_variable_Na_o":140.0,"data_set_value_component_extracellular_ion_concentrations_variable_Ca_o":1.0},{"data_set_value_component_environment_variable_time":1.0,"data_set_value_component_cell_geometry_variable_V_myo":25840.0,"data_set_value_component_cell_geometry_variable_V_SR":2098.0,"data_set_value_component_cell_geometry_variable_A_cap":15340.0,"data_set_value_component_membrane_variable_V":0.0,"data_set_value_component_membrane_variable_R":8314.5,"data_set_value_component_membrane_variable_T":295.0,"data_set_value_component_membrane_variable_F":96487.0,"data_set_value_component_membrane_variable_FVRT":0.0,"data_set_value_component_membrane_variable_FVRT_Ca":0.0,"data_set_value_component_CaRU_variable_g_D":0.065,"data_set_value_component_CaRU_variable_J_R":0.02,"data_set_value_component_CaRU_variable_J_L":0.000913,"data_set_value_component_CaRU_variable_N":50000.0,"data_set_value_component_CaRU_Transitions_variable_V_L":-2.0,"data_set_value_component_CaRU_Transitions_variable_del_VL":7.0,"data_set_value_component_CaRU_Transitions_variable_phi_L":2.35,"data_set_value_component_CaRU_Transitions_variable_t_L":1.0,"data_set_value_component_CaRU_Transitions_variable_tau_L":650.0,"data_set_value_component_CaRU_Transitions_variable_t_R":1.17,"data_set_value_component_CaRU_Transitions_variable_tau_R":2.43,"data_set_value_component_CaRU_Transitions_variable_phi_R":0.05,"data_set_value_component_CaRU_Transitions_variable_theta_R":0.012,"data_set_value_component_CaRU_Transitions_variable_K_RyR":0.041,"data_set_value_component_CaRU_Transitions_variable_K_L":0.00022,"data_set_value_component_CaRU_Transitions_variable_a":0.0625,"data_set_value_component_CaRU_Transitions_variable_b":14.0,"data_set_value_component_CaRU_Transitions_variable_c":0.01,"data_set_value_component_CaRU_Transitions_variable_d":100.0,"data_set_value_component_CaRU_Transitions_variable_expVL":1.3307121974,"data_set_value_component_CaRU_Transitions_variable_alpha_p":0.5709465969,"data_set_value_component_CaRU_Transitions_variable_alpha_m":2.35,"data_set_value_component_CaRU_Transitions_variable_beta_poc":0.0917835763,"data_set_value_component_CaRU_Transitions_variable_beta_pcc":0.0000713089,"data_set_value_component_CaRU_Transitions_variable_beta_m":0.0427350427,"data_set_value_component_CaRU_Transitions_variable_epsilon_pco":0.6278576303,"data_set_value_component_CaRU_Transitions_variable_epsilon_pcc":0.0015655228,"data_set_value_component_CaRU_Transitions_variable_epsilon_m":0.0016053334,"data_set_value_component_CaRU_Transitions_variable_mu_poc":0.0478653977,"data_set_value_component_CaRU_Transitions_variable_mu_pcc":0.0041492169,"data_set_value_component_CaRU_Transitions_variable_mu_moc":0.005344305,"data_set_value_component_CaRU_Transitions_variable_mu_mcc":0.2714522182,"data_set_value_component_DS_Calcium_Concentrations_variable_C_cc":0.0003745129,"data_set_value_component_DS_Calcium_Concentrations_variable_C_oc":0.0142209176,"data_set_value_component_DS_Calcium_Concentrations_variable_C_co":0.1501995374,"data_set_value_component_DS_Calcium_Concentrations_variable_C_oo":0.1592303921,"data_set_value_component_LCC_and_RyR_fluxes_variable_J_Loo":0.0007676174,"data_set_value_component_LCC_and_RyR_fluxes_variable_J_Loc":0.0009000117,"data_set_value_component_LCC_and_RyR_fluxes_variable_J_Rco":0.0097386266,"data_set_value_component_LCC_and_RyR_fluxes_variable_J_Roo":0.0095580107,"data_set_value_component_CaRU_states_variable_denom":0.5349892613,"data_set_value_component_CaRU_states_variable_y_oc":0.1351688334,"data_set_value_component_CaRU_states_variable_y_co":0.2309665404,"data_set_value_component_CaRU_states_variable_y_oo":0.0602974573,"data_set_value_component_CaRU_states_variable_y_cc":0.5735671688,"data_set_value_component_CaRU_states_variable_y_ci":0.8045337092,"data_set_value_component_CaRU_states_variable_y_oi":0.1954662908,"data_set_value_component_CaRU_states_variable_y_ic":0.9983341511,"data_set_value_component_CaRU_states_variable_y_io":0.0016658489,"data_set_value_component_CaRU_states_variable_y_ii":-2.0,"data_set_value_component_CaRU_reduced_states_variable_r_1":0.0088497646,"data_set_value_component_CaRU_reduced_states_variable_r_2":0.2194370915,"data_set_value_component_CaRU_reduced_states_variable_r_3":0.004142305,"data_set_value_component_CaRU_reduced_states_variable_r_4":0.2714522182,"data_set_value_component_CaRU_reduced_states_variable_r_5":0.1459120372,"data_set_value_component_CaRU_reduced_states_variable_r_6":0.0016053334,"data_set_value_component_CaRU_reduced_states_variable_r_7":0.0012595159,"data_set_value_component_CaRU_reduced_states_variable_r_8":0.0016053334,"data_set_value_component_CaRU_reduced_states_variable_z_1":0.8462321053,"data_set_value_component_CaRU_reduced_states_variable_z_2":0.0135094886,"data_set_value_component_CaRU_reduced_states_variable_z_3":0.1399596979,"data_set_value_component_CaRU_reduced_states_variable_z_4":0.0002987083,"data_set_value_component_RyR_current_variable_J_R1":0.0028256206,"data_set_value_component_RyR_current_variable_J_R3":0.0000162231,"data_set_value_component_RyR_current_variable_I_RyR":0.0046311948,"data_set_value_component_LCC_current_variable_J_L1":0.0001679389,"data_set_value_component_LCC_current_variable_J_L2":0.000175922,"data_set_value_component_LCC_current_variable_I_LCC":0.0002795896,"data_set_value_component_Na_Ca_Exchanger_variable_K_mNa":87.5,"data_set_value_component_Na_Ca_Exchanger_variable_K_mCa":1.38,"data_set_value_component_Na_Ca_Exchanger_variable_eta":0.35,"data_set_value_component_Na_Ca_Exchanger_variable_k_sat":0.1,"data_set_value_component_Na_Ca_Exchanger_variable_g_NCX":0.0385,"data_set_value_component_Na_Ca_Exchanger_variable_I_NaCa":-0.0000001192,"data_set_value_component_SERCA_variable_g_SERCA":0.00045,"data_set_value_component_SERCA_variable_K_SERCA":0.0005,"data_set_value_component_SERCA_variable_I_SERCA":0.0001617306,"data_set_value_component_Sarcolemmal_Ca_pump_variable_g_pCa":0.0000035,"data_set_value_component_Sarcolemmal_Ca_pump_variable_K_mpCa":0.0005,"data_set_value_component_Sarcolemmal_Ca_pump_variable_I_pCa":0.0000014989,"data_set_value_component_Background_Ca_current_variable_E_Ca":100.2836161721,"data_set_value_component_Background_Ca_current_variable_g_CaB":0.0000000269,"data_set_value_component_Background_Ca_current_variable_I_CaB":0.0000026951,"data_set_value_component_SR_Ca_leak_current_variable_g_SRl":0.000018951,"data_set_value_component_SR_Ca_leak_current_variable_I_SR":0.0000120672,"data_set_value_component_troponin_Ca_buffer_variable_k_m_TRPN":0.04,"data_set_value_component_troponin_Ca_buffer_variable_k_p_TRPN":40.0,"data_set_value_component_troponin_Ca_buffer_variable_B_TRPN":0.07,"data_set_value_component_troponin_Ca_buffer_variable_I_TRPN":-0.000679244,"data_set_value_component_calmodulin_Ca_buffer_variable_k_CMDN":0.002382,"data_set_value_component_calmodulin_Ca_buffer_variable_B_CMDN":0.05,"data_set_value_component_calmodulin_Ca_buffer_variable_beta_CMDN":0.059972073,"data_set_value_component_intracellular_ion_concentrations_variable_Na_i":10.0,"data_set_value_component_intracellular_ion_concentrations_variable_Ca_i":0.0003745129,"data_set_value_component_intracellular_ion_concentrations_variable_Ca_SR":0.6371308668,"data_set_value_component_intracellular_ion_concentrations_variable_TRPN":0.0632813986,"data_set_value_component_intracellular_ion_concentrations_variable_CaSR_plot":0.0517298978,"data_set_value_component_extracellular_ion_concentrations_variable_Na_o":140.0,"data_set_value_component_extracellular_ion_concentrations_variable_Ca_o":1.0}]