[{"data_set_value_component_environment_variable_time":0.0,"data_set_value_component_uninfected_variable_lambda":10000.0,"data_set_value_component_uninfected_variable_d_T":0.01,"data_set_value_component_uninfected_variable_k":0.000000024,"data_set_value_component_uninfected_variable_T":600000.0,"data_set_value_component_latently_infected_variable_d_0":0.001,"data_set_value_component_latently_infected_variable_a_L":0.1,"data_set_value_component_latently_infected_variable_eta":0.001,"data_set_value_component_latently_infected_variable_L":2.0,"data_set_value_component_productively_infected_variable_delta":1.0,"data_set_value_component_productively_infected_variable_T_star":0.3,"data_set_value_component_viral_load_variable_N":2000.0,"data_set_value_component_viral_load_variable_c":23.0,"data_set_value_component_viral_load_variable_V":50.0,"data_set_value_component_drug_efficacy_variable_efficacy":0.4},{"data_set_value_component_environment_variable_time":0.1,"data_set_value_component_uninfected_variable_lambda":10000.0,"data_set_value_component_uninfected_variable_d_T":0.01,"data_set_value_component_uninfected_variable_k":0.000000024,"data_set_value_component_uninfected_variable_T":600399.7690268771,"data_set_value_component_latently_infected_variable_d_0":0.001,"data_set_value_component_latently_infected_variable_a_L":0.1,"data_set_value_component_latently_infected_variable_eta":0.001,"data_set_value_component_latently_infected_variable_L":1.9799325543,"data_set_value_component_productively_infected_variable_delta":1.0,"data_set_value_component_productively_infected_variable_T_star":0.3197846146,"data_set_value_component_viral_load_variable_N":2000.0,"data_set_value_component_viral_load_variable_c":23.0,"data_set_value_component_viral_load_variable_V":29.6322264749,"data_set_value_component_drug_efficacy_variable_efficacy":0.4},{"data_set_value_component_environment_variable_time":0.2,"data_set_value_component_uninfected_variable_lambda":10000.0,"data_set_value_component_uninfected_variable_d_T":0.01,"data_set_value_component_uninfected_variable_k":0.000000024,"data_set_value_component_uninfected_variable_T":600799.1446494245,"data_set_value_component_latently_infected_variable_d_0":0.001,"data_set_value_component_latently_infected_variable_a_L":0.1,"data_set_value_component_latently_infected_variable_eta":0.001,"data_set_value_component_latently_infected_variable_L":1.9600606444,"data_set_value_component_productively_infected_variable_delta":1.0,"data_set_value_component_productively_infected_variable_T_star":0.3317526303,"data_set_value_component_viral_load_variable_N":2000.0,"data_set_value_component_viral_load_variable_c":23.0,"data_set_value_component_viral_load_variable_V":28.6356666289,"data_set_value_component_drug_efficacy_variable_efficacy":0.4},{"data_set_value_component_environment_variable_time":0.3,"data_set_value_component_uninfected_variable_lambda":10000.0,"data_set_value_component_uninfected_variable_d_T":0.01,"data_set_value_component_uninfected_variable_k":0.000000024,"data_set_value_component_uninfected_variable_T":601198.1208946188,"data_set_value_component_latently_infected_variable_d_0":0.001,"data_set_value_component_latently_infected_variable_a_L":0.1,"data_set_value_component_latently_infected_variable_eta":0.001,"data_set_value_component_latently_infected_variable_L":1.9403886321,"data_set_value_component_productively_infected_variable_delta":1.0,"data_set_value_component_productively_infected_variable_T_star":0.3425960325,"data_set_value_component_viral_load_variable_N":2000.0,"data_set_value_component_viral_load_variable_c":23.0,"data_set_value_component_viral_load_variable_V":29.4042565187,"data_set_value_component_drug_efficacy_variable_efficacy":0.4},{"data_set_value_component_environment_variable_time":0.4,"data_set_value_component_uninfected_variable_lambda":10000.0,"data_set_value_component_uninfected_variable_d_T":0.01,"data_set_value_component_uninfected_variable_k":0.000000024,"data_set_value_component_uninfected_variable_T":601596.6975985182,"data_set_value_component_latently_infected_variable_d_0":0.001,"data_set_value_component_latently_infected_variable_a_L":0.1,"data_set_value_component_latently_infected_variable_eta":0.001,"data_set_value_component_latently_infected_variable_L":1.9209150682,"data_set_value_component_productively_infected_variable_delta":1.0,"data_set_value_component_productively_infected_variable_T_star":0.3529492245,"data_set_value_component_viral_load_variable_N":2000.0,"data_set_value_component_viral_load_variable_c":23.0,"data_set_value_component_viral_load_variable_V":30.3028864325,"data_set_value_component_drug_efficacy_variable_efficacy":0.4},{"data_set_value_component_environment_variable_time":0.5,"data_set_value_component_uninfected_variable_lambda":10000.0,"data_set_value_component_uninfected_variable_d_T":0.01,"data_set_value_component_uninfected_variable_k":0.000000024,"data_set_value_component_uninfected_variable_T":601994.8751361412,"data_set_value_component_latently_infected_variable_d_0":0.001,"data_set_value_component_latently_infected_variable_a_L":0.1,"data_set_value_component_latently_infected_variable_eta":0.001,"data_set_value_component_latently_infected_variable_L":1.9016379826,"data_set_value_component_productively_infected_variable_delta":1.0,"data_set_value_component_productively_infected_variable_T_star":0.362882935,"data_set_value_component_viral_load_variable_N":2000.0,"data_set_value_component_viral_load_variable_c":23.0,"data_set_value_component_viral_load_variable_V":31.1806442028,"data_set_value_component_drug_efficacy_variable_efficacy":0.4},{"data_set_value_component_environment_variable_time":0.6,"data_set_value_component_uninfected_variable_lambda":10000.0,"data_set_value_component_uninfected_variable_d_T":0.01,"data_set_value_component_uninfected_variable_k":0.000000024,"data_set_value_component_uninfected_variable_T":602392.6539314081,"data_set_value_component_latently_infected_variable_d_0":0.001,"data_set_value_component_latently_infected_variable_a_L":0.1,"data_set_value_component_latently_infected_variable_eta":0.001,"data_set_value_component_latently_infected_variable_L":1.8825553759,"data_set_value_component_productively_infected_variable_delta":1.0,"data_set_value_component_productively_infected_variable_T_star":0.372415128,"data_set_value_component_viral_load_variable_N":2000.0,"data_set_value_component_viral_load_variable_c":23.0,"data_set_value_component_viral_load_variable_V":32.024508806,"data_set_value_component_drug_efficacy_variable_efficacy":0.4},{"data_set_value_component_environment_variable_time":0.7,"data_set_value_component_uninfected_variable_lambda":10000.0,"data_set_value_component_uninfected_variable_d_T":0.01,"data_set_value_component_uninfected_variable_k":0.000000024,"data_set_value_component_uninfected_variable_T":602790.0344115951,"data_set_value_component_latently_infected_variable_d_0":0.001,"data_set_value_component_latently_infected_variable_a_L":0.1,"data_set_value_component_latently_infected_variable_eta":0.001,"data_set_value_component_latently_infected_variable_L":1.8636652653,"data_set_value_component_productively_infected_variable_delta":1.0,"data_set_value_component_productively_infected_variable_T_star":0.3815585231,"data_set_value_component_viral_load_variable_N":2000.0,"data_set_value_component_viral_load_variable_c":23.0,"data_set_value_component_viral_load_variable_V":32.8342375709,"data_set_value_component_drug_efficacy_variable_efficacy":0.4},{"data_set_value_component_environment_variable_time":0.8,"data_set_value_component_uninfected_variable_lambda":10000.0,"data_set_value_component_uninfected_variable_d_T":0.01,"data_set_value_component_uninfected_variable_k":0.000000024,"data_set_value_component_uninfected_variable_T":603187.0170031317,"data_set_value_component_latently_infected_variable_d_0":0.001,"data_set_value_component_latently_infected_variable_a_L":0.1,"data_set_value_component_latently_infected_variable_eta":0.001,"data_set_value_component_latently_infected_variable_L":1.8449656882,"data_set_value_component_productively_infected_variable_delta":1.0,"data_set_value_component_productively_infected_variable_T_star":0.3903250172,"data_set_value_component_viral_load_variable_N":2000.0,"data_set_value_component_viral_load_variable_c":23.0,"data_set_value_component_viral_load_variable_V":33.6107606698,"data_set_value_component_drug_efficacy_variable_efficacy":0.4},{"data_set_value_component_environment_variable_time":0.9,"data_set_value_component_uninfected_variable_lambda":10000.0,"data_set_value_component_uninfected_variable_d_T":0.01,"data_set_value_component_uninfected_variable_k":0.000000024,"data_set_value_component_uninfected_variable_T":603583.6021312238,"data_set_value_component_latently_infected_variable_d_0":0.001,"data_set_value_component_latently_infected_variable_a_L":0.1,"data_set_value_component_latently_infected_variable_eta":0.001,"data_set_value_component_latently_infected_variable_L":1.8264547024,"data_set_value_component_productively_infected_variable_delta":1.0,"data_set_value_component_productively_infected_variable_T_star":0.3987261156,"data_set_value_component_viral_load_variable_N":2000.0,"data_set_value_component_viral_load_variable_c":23.0,"data_set_value_component_viral_load_variable_V":34.3550782433,"data_set_value_component_drug_efficacy_variable_efficacy":0.4},{"data_set_value_component_environment_variable_time":1.0,"data_set_value_component_uninfected_variable_lambda":10000.0,"data_set_value_component_uninfected_variable_d_T":0.01,"data_set_value_component_uninfected_variable_k":0.000000024,"data_set_value_component_uninfected_variable_T":603979.7902198462,"data_set_value_component_latently_infected_variable_d_0":0.001,"data_set_value_component_latently_infected_variable_a_L":0.1,"data_set_value_component_latently_infected_variable_eta":0.001,"data_set_value_component_latently_infected_variable_L":1.8081303861,"data_set_value_component_productively_infected_variable_delta":1.0,"data_set_value_component_productively_infected_variable_T_star":0.4067729778,"data_set_value_component_viral_load_variable_N":2000.0,"data_set_value_component_viral_load_variable_c":23.0,"data_set_value_component_viral_load_variable_V":35.0681701165,"data_set_value_component_drug_efficacy_variable_efficacy":0.4}]