[{"data_set_value_component_environment_variable_time":0.0,"data_set_value_component_P_variable_P":3.0,"data_set_value_component_Ra_variable_Ra":16.9,"data_set_value_component_Ri_variable_Ri":1.7,"data_set_value_component_Ca_variable_Ca":0.0004,"data_set_value_component_Ci_variable_Ci":0.05,"data_set_value_component_rho_variable_rho":0.9061682323,"data_set_value_component_model_parameters_variable_k1":0.000001,"data_set_value_component_model_parameters_variable_k1_":0.001,"data_set_value_component_model_parameters_variable_k2":0.0000001,"data_set_value_component_model_parameters_variable_k2_":0.001,"data_set_value_component_model_parameters_variable_k3":0.001,"data_set_value_component_model_parameters_variable_k3_":0.0001,"data_set_value_component_model_parameters_variable_k4":0.002,"data_set_value_component_model_parameters_variable_k4_":0.4,"data_set_value_component_model_parameters_variable_kcl":0.005,"data_set_value_component_model_parameters_variable_D":7.5,"data_set_value_component_model_parameters_variable_De":0.0,"data_set_value_component_model_parameters_variable_Dd":7.5,"data_set_value_component_model_parameters_variable_dmax":7.5,"data_set_value_component_model_parameters_variable_dmin":0.0,"data_set_value_component_model_parameters_variable_tau_on":0.5,"data_set_value_component_model_parameters_variable_tau_off":0.5,"data_set_value_component_model_parameters_variable_cycle_length":1.0,"data_set_value_component_model_parameters_variable_j":9.0,"data_set_value_component_model_parameters_variable_time_hour":0.0},{"data_set_value_component_environment_variable_time":0.1,"data_set_value_component_P_variable_P":3.7483108516,"data_set_value_component_Ra_variable_Ra":16.8999953333,"data_set_value_component_Ri_variable_Ri":1.7000039424,"data_set_value_component_Ca_variable_Ca":0.0003996771,"data_set_value_component_Ci_variable_Ci":0.0500010472,"data_set_value_component_rho_variable_rho":0.9061679648,"data_set_value_component_model_parameters_variable_k1":0.000001,"data_set_value_component_model_parameters_variable_k1_":0.001,"data_set_value_component_model_parameters_variable_k2":0.0000001,"data_set_value_component_model_parameters_variable_k2_":0.001,"data_set_value_component_model_parameters_variable_k3":0.001,"data_set_value_component_model_parameters_variable_k3_":0.0001,"data_set_value_component_model_parameters_variable_k4":0.002,"data_set_value_component_model_parameters_variable_k4_":0.4,"data_set_value_component_model_parameters_variable_kcl":0.005,"data_set_value_component_model_parameters_variable_D":7.5,"data_set_value_component_model_parameters_variable_De":0.0,"data_set_value_component_model_parameters_variable_Dd":7.5,"data_set_value_component_model_parameters_variable_dmax":7.5,"data_set_value_component_model_parameters_variable_dmin":0.0,"data_set_value_component_model_parameters_variable_tau_on":0.5,"data_set_value_component_model_parameters_variable_tau_off":0.5,"data_set_value_component_model_parameters_variable_cycle_length":1.0,"data_set_value_component_model_parameters_variable_j":9.0,"data_set_value_component_model_parameters_variable_time_hour":0.0000277778},{"data_set_value_component_environment_variable_time":0.2,"data_set_value_component_P_variable_P":4.4962476878,"data_set_value_component_Ra_variable_Ra":16.8999894073,"data_set_value_component_Ri_variable_Ri":1.7000078718,"data_set_value_component_Ca_variable_Ca":0.0004005916,"data_set_value_component_Ci_variable_Ci":0.0500021293,"data_set_value_component_rho_variable_rho":0.9061676961,"data_set_value_component_model_parameters_variable_k1":0.000001,"data_set_value_component_model_parameters_variable_k1_":0.001,"data_set_value_component_model_parameters_variable_k2":0.0000001,"data_set_value_component_model_parameters_variable_k2_":0.001,"data_set_value_component_model_parameters_variable_k3":0.001,"data_set_value_component_model_parameters_variable_k3_":0.0001,"data_set_value_component_model_parameters_variable_k4":0.002,"data_set_value_component_model_parameters_variable_k4_":0.4,"data_set_value_component_model_parameters_variable_kcl":0.005,"data_set_value_component_model_parameters_variable_D":7.5,"data_set_value_component_model_parameters_variable_De":0.0,"data_set_value_component_model_parameters_variable_Dd":7.5,"data_set_value_component_model_parameters_variable_dmax":7.5,"data_set_value_component_model_parameters_variable_dmin":0.0,"data_set_value_component_model_parameters_variable_tau_on":0.5,"data_set_value_component_model_parameters_variable_tau_off":0.5,"data_set_value_component_model_parameters_variable_cycle_length":1.0,"data_set_value_component_model_parameters_variable_j":9.0,"data_set_value_component_model_parameters_variable_time_hour":0.0000555556},{"data_set_value_component_environment_variable_time":0.3,"data_set_value_component_P_variable_P":5.243809427,"data_set_value_component_Ra_variable_Ra":16.8999822184,"data_set_value_component_Ri_variable_Ri":1.7000117882,"data_set_value_component_Ca_variable_Ca":0.0004027038,"data_set_value_component_Ci_variable_Ci":0.0500032896,"data_set_value_component_rho_variable_rho":0.9061674239,"data_set_value_component_model_parameters_variable_k1":0.000001,"data_set_value_component_model_parameters_variable_k1_":0.001,"data_set_value_component_model_parameters_variable_k2":0.0000001,"data_set_value_component_model_parameters_variable_k2_":0.001,"data_set_value_component_model_parameters_variable_k3":0.001,"data_set_value_component_model_parameters_variable_k3_":0.0001,"data_set_value_component_model_parameters_variable_k4":0.002,"data_set_value_component_model_parameters_variable_k4_":0.4,"data_set_value_component_model_parameters_variable_kcl":0.005,"data_set_value_component_model_parameters_variable_D":7.5,"data_set_value_component_model_parameters_variable_De":0.0,"data_set_value_component_model_parameters_variable_Dd":7.5,"data_set_value_component_model_parameters_variable_dmax":7.5,"data_set_value_component_model_parameters_variable_dmin":0.0,"data_set_value_component_model_parameters_variable_tau_on":0.5,"data_set_value_component_model_parameters_variable_tau_off":0.5,"data_set_value_component_model_parameters_variable_cycle_length":1.0,"data_set_value_component_model_parameters_variable_j":9.0,"data_set_value_component_model_parameters_variable_time_hour":0.0000833333},{"data_set_value_component_environment_variable_time":0.4,"data_set_value_component_P_variable_P":5.990996225,"data_set_value_component_Ra_variable_Ra":16.8999737672,"data_set_value_component_Ri_variable_Ri":1.7000156915,"data_set_value_component_Ca_variable_Ca":0.0004059698,"data_set_value_component_Ci_variable_Ci":0.0500045715,"data_set_value_component_rho_variable_rho":0.9061671459,"data_set_value_component_model_parameters_variable_k1":0.000001,"data_set_value_component_model_parameters_variable_k1_":0.001,"data_set_value_component_model_parameters_variable_k2":0.0000001,"data_set_value_component_model_parameters_variable_k2_":0.001,"data_set_value_component_model_parameters_variable_k3":0.001,"data_set_value_component_model_parameters_variable_k3_":0.0001,"data_set_value_component_model_parameters_variable_k4":0.002,"data_set_value_component_model_parameters_variable_k4_":0.4,"data_set_value_component_model_parameters_variable_kcl":0.005,"data_set_value_component_model_parameters_variable_D":7.5,"data_set_value_component_model_parameters_variable_De":0.0,"data_set_value_component_model_parameters_variable_Dd":7.5,"data_set_value_component_model_parameters_variable_dmax":7.5,"data_set_value_component_model_parameters_variable_dmin":0.0,"data_set_value_component_model_parameters_variable_tau_on":0.5,"data_set_value_component_model_parameters_variable_tau_off":0.5,"data_set_value_component_model_parameters_variable_cycle_length":1.0,"data_set_value_component_model_parameters_variable_j":9.0,"data_set_value_component_model_parameters_variable_time_hour":0.0001111111},{"data_set_value_component_environment_variable_time":0.5,"data_set_value_component_P_variable_P":6.7378082902,"data_set_value_component_Ra_variable_Ra":16.8999640546,"data_set_value_component_Ri_variable_Ri":1.7000195818,"data_set_value_component_Ca_variable_Ca":0.0004103378,"data_set_value_component_Ci_variable_Ci":0.0500060258,"data_set_value_component_rho_variable_rho":0.9061668593,"data_set_value_component_model_parameters_variable_k1":0.000001,"data_set_value_component_model_parameters_variable_k1_":0.001,"data_set_value_component_model_parameters_variable_k2":0.0000001,"data_set_value_component_model_parameters_variable_k2_":0.001,"data_set_value_component_model_parameters_variable_k3":0.001,"data_set_value_component_model_parameters_variable_k3_":0.0001,"data_set_value_component_model_parameters_variable_k4":0.002,"data_set_value_component_model_parameters_variable_k4_":0.4,"data_set_value_component_model_parameters_variable_kcl":0.005,"data_set_value_component_model_parameters_variable_D":7.5,"data_set_value_component_model_parameters_variable_De":0.0,"data_set_value_component_model_parameters_variable_Dd":7.5,"data_set_value_component_model_parameters_variable_dmax":7.5,"data_set_value_component_model_parameters_variable_dmin":0.0,"data_set_value_component_model_parameters_variable_tau_on":0.5,"data_set_value_component_model_parameters_variable_tau_off":0.5,"data_set_value_component_model_parameters_variable_cycle_length":1.0,"data_set_value_component_model_parameters_variable_j":9.0,"data_set_value_component_model_parameters_variable_time_hour":0.0001388889},{"data_set_value_component_environment_variable_time":0.6,"data_set_value_component_P_variable_P":7.4842457111,"data_set_value_component_Ra_variable_Ra":16.899953081,"data_set_value_component_Ri_variable_Ri":1.700023459,"data_set_value_component_Ca_variable_Ca":0.0004157859,"data_set_value_component_Ci_variable_Ci":0.0500076741,"data_set_value_component_rho_variable_rho":0.906166563,"data_set_value_component_model_parameters_variable_k1":0.000001,"data_set_value_component_model_parameters_variable_k1_":0.001,"data_set_value_component_model_parameters_variable_k2":0.0000001,"data_set_value_component_model_parameters_variable_k2_":0.001,"data_set_value_component_model_parameters_variable_k3":0.001,"data_set_value_component_model_parameters_variable_k3_":0.0001,"data_set_value_component_model_parameters_variable_k4":0.002,"data_set_value_component_model_parameters_variable_k4_":0.4,"data_set_value_component_model_parameters_variable_kcl":0.005,"data_set_value_component_model_parameters_variable_D":7.5,"data_set_value_component_model_parameters_variable_De":0.0,"data_set_value_component_model_parameters_variable_Dd":7.5,"data_set_value_component_model_parameters_variable_dmax":7.5,"data_set_value_component_model_parameters_variable_dmin":0.0,"data_set_value_component_model_parameters_variable_tau_on":0.5,"data_set_value_component_model_parameters_variable_tau_off":0.5,"data_set_value_component_model_parameters_variable_cycle_length":1.0,"data_set_value_component_model_parameters_variable_j":9.0,"data_set_value_component_model_parameters_variable_time_hour":0.0001666667},{"data_set_value_component_environment_variable_time":0.7,"data_set_value_component_P_variable_P":8.2303087189,"data_set_value_component_Ra_variable_Ra":16.8999408473,"data_set_value_component_Ri_variable_Ri":1.7000273232,"data_set_value_component_Ca_variable_Ca":0.0004222612,"data_set_value_component_Ci_variable_Ci":0.0500095683,"data_set_value_component_rho_variable_rho":0.9061662543,"data_set_value_component_model_parameters_variable_k1":0.000001,"data_set_value_component_model_parameters_variable_k1_":0.001,"data_set_value_component_model_parameters_variable_k2":0.0000001,"data_set_value_component_model_parameters_variable_k2_":0.001,"data_set_value_component_model_parameters_variable_k3":0.001,"data_set_value_component_model_parameters_variable_k3_":0.0001,"data_set_value_component_model_parameters_variable_k4":0.002,"data_set_value_component_model_parameters_variable_k4_":0.4,"data_set_value_component_model_parameters_variable_kcl":0.005,"data_set_value_component_model_parameters_variable_D":7.5,"data_set_value_component_model_parameters_variable_De":0.0,"data_set_value_component_model_parameters_variable_Dd":7.5,"data_set_value_component_model_parameters_variable_dmax":7.5,"data_set_value_component_model_parameters_variable_dmin":0.0,"data_set_value_component_model_parameters_variable_tau_on":0.5,"data_set_value_component_model_parameters_variable_tau_off":0.5,"data_set_value_component_model_parameters_variable_cycle_length":1.0,"data_set_value_component_model_parameters_variable_j":9.0,"data_set_value_component_model_parameters_variable_time_hour":0.0001944444},{"data_set_value_component_environment_variable_time":0.8,"data_set_value_component_P_variable_P":8.9759974633,"data_set_value_component_Ra_variable_Ra":16.899927354,"data_set_value_component_Ri_variable_Ri":1.7000311744,"data_set_value_component_Ca_variable_Ca":0.0004297292,"data_set_value_component_Ci_variable_Ci":0.0500117424,"data_set_value_component_rho_variable_rho":0.9061659312,"data_set_value_component_model_parameters_variable_k1":0.000001,"data_set_value_component_model_parameters_variable_k1_":0.001,"data_set_value_component_model_parameters_variable_k2":0.0000001,"data_set_value_component_model_parameters_variable_k2_":0.001,"data_set_value_component_model_parameters_variable_k3":0.001,"data_set_value_component_model_parameters_variable_k3_":0.0001,"data_set_value_component_model_parameters_variable_k4":0.002,"data_set_value_component_model_parameters_variable_k4_":0.4,"data_set_value_component_model_parameters_variable_kcl":0.005,"data_set_value_component_model_parameters_variable_D":7.5,"data_set_value_component_model_parameters_variable_De":0.0,"data_set_value_component_model_parameters_variable_Dd":7.5,"data_set_value_component_model_parameters_variable_dmax":7.5,"data_set_value_component_model_parameters_variable_dmin":0.0,"data_set_value_component_model_parameters_variable_tau_on":0.5,"data_set_value_component_model_parameters_variable_tau_off":0.5,"data_set_value_component_model_parameters_variable_cycle_length":1.0,"data_set_value_component_model_parameters_variable_j":9.0,"data_set_value_component_model_parameters_variable_time_hour":0.0002222222},{"data_set_value_component_environment_variable_time":0.9,"data_set_value_component_P_variable_P":9.721312183,"data_set_value_component_Ra_variable_Ra":16.8999126022,"data_set_value_component_Ri_variable_Ri":1.7000350127,"data_set_value_component_Ca_variable_Ca":0.00043814,"data_set_value_component_Ci_variable_Ci":0.0500142451,"data_set_value_component_rho_variable_rho":0.9061655912,"data_set_value_component_model_parameters_variable_k1":0.000001,"data_set_value_component_model_parameters_variable_k1_":0.001,"data_set_value_component_model_parameters_variable_k2":0.0000001,"data_set_value_component_model_parameters_variable_k2_":0.001,"data_set_value_component_model_parameters_variable_k3":0.001,"data_set_value_component_model_parameters_variable_k3_":0.0001,"data_set_value_component_model_parameters_variable_k4":0.002,"data_set_value_component_model_parameters_variable_k4_":0.4,"data_set_value_component_model_parameters_variable_kcl":0.005,"data_set_value_component_model_parameters_variable_D":7.5,"data_set_value_component_model_parameters_variable_De":0.0,"data_set_value_component_model_parameters_variable_Dd":7.5,"data_set_value_component_model_parameters_variable_dmax":7.5,"data_set_value_component_model_parameters_variable_dmin":0.0,"data_set_value_component_model_parameters_variable_tau_on":0.5,"data_set_value_component_model_parameters_variable_tau_off":0.5,"data_set_value_component_model_parameters_variable_cycle_length":1.0,"data_set_value_component_model_parameters_variable_j":9.0,"data_set_value_component_model_parameters_variable_time_hour":0.00025},{"data_set_value_component_environment_variable_time":1.0,"data_set_value_component_P_variable_P":10.4662530617,"data_set_value_component_Ra_variable_Ra":16.8998965926,"data_set_value_component_Ri_variable_Ri":1.700038838,"data_set_value_component_Ca_variable_Ca":0.0004474553,"data_set_value_component_Ci_variable_Ci":0.0500171141,"data_set_value_component_rho_variable_rho":0.9061652323,"data_set_value_component_model_parameters_variable_k1":0.000001,"data_set_value_component_model_parameters_variable_k1_":0.001,"data_set_value_component_model_parameters_variable_k2":0.0000001,"data_set_value_component_model_parameters_variable_k2_":0.001,"data_set_value_component_model_parameters_variable_k3":0.001,"data_set_value_component_model_parameters_variable_k3_":0.0001,"data_set_value_component_model_parameters_variable_k4":0.002,"data_set_value_component_model_parameters_variable_k4_":0.4,"data_set_value_component_model_parameters_variable_kcl":0.005,"data_set_value_component_model_parameters_variable_D":7.5,"data_set_value_component_model_parameters_variable_De":0.0,"data_set_value_component_model_parameters_variable_Dd":7.5,"data_set_value_component_model_parameters_variable_dmax":7.5,"data_set_value_component_model_parameters_variable_dmin":0.0,"data_set_value_component_model_parameters_variable_tau_on":0.5,"data_set_value_component_model_parameters_variable_tau_off":0.5,"data_set_value_component_model_parameters_variable_cycle_length":1.0,"data_set_value_component_model_parameters_variable_j":9.0,"data_set_value_component_model_parameters_variable_time_hour":0.0002777778}]