[{"data_set_T":0.0,"data_set_U":0.1,"data_set_V":0.050000001},{"data_set_T":0.050000001,"data_set_U":0.12578841,"data_set_V":0.050377},{"data_set_T":0.1,"data_set_U":0.15315695,"data_set_V":0.051704131},{"data_set_T":0.15000001,"data_set_U":0.18182118,"data_set_V":0.054294717},{"data_set_T":0.2,"data_set_U":0.21140099,"data_set_V":0.058533937},{"data_set_T":0.25,"data_set_U":0.24147247,"data_set_V":0.064847924},{"data_set_T":0.30000001,"data_set_U":0.27162343,"data_set_V":0.073641799},{"data_set_T":0.34999999,"data_set_U":0.30149472,"data_set_V":0.085218117},{"data_set_T":0.40000001,"data_set_U":0.33080029,"data_set_V":0.09970478},{"data_set_T":0.44999999,"data_set_U":0.35932928,"data_set_V":0.11702359},{"data_set_T":0.5,"data_set_U":0.38693658,"data_set_V":0.13691068},{"data_set_T":0.55000001,"data_set_U":0.41352957,"data_set_V":0.15897413},{"data_set_T":0.60000002,"data_set_U":0.43905506,"data_set_V":0.18276192},{"data_set_T":0.64999998,"data_set_U":0.46348801,"data_set_V":0.20781921},{"data_set_T":0.69999999,"data_set_U":0.48682332,"data_set_V":0.23372579},{"data_set_T":0.75,"data_set_U":0.50906932,"data_set_V":0.26011527},{"data_set_T":0.80000001,"data_set_U":0.53024358,"data_set_V":0.28668091},{"data_set_T":0.85000002,"data_set_U":0.5503695,"data_set_V":0.31317347},{"data_set_T":0.89999998,"data_set_U":0.56947464,"data_set_V":0.33939511},{"data_set_T":0.94999999,"data_set_U":0.58758849,"data_set_V":0.36519191},{"data_set_T":1.0,"data_set_U":0.60474205,"data_set_V":0.39044657},{"data_set_T":1.05,"data_set_U":0.62096667,"data_set_V":0.4150717},{"data_set_T":1.1,"data_set_U":0.63629377,"data_set_V":0.43900394},{"data_set_T":1.15,"data_set_U":0.65075421,"data_set_V":0.46219927},{"data_set_T":1.2,"data_set_U":0.66437823,"data_set_V":0.48462901},{"data_set_T":1.25,"data_set_U":0.67719507,"data_set_V":0.50627649},{"data_set_T":1.3,"data_set_U":0.68923312,"data_set_V":0.52713472},{"data_set_T":1.35,"data_set_U":0.7005195,"data_set_V":0.54720402},{"data_set_T":1.4,"data_set_U":0.71108013,"data_set_V":0.56649059},{"data_set_T":1.45,"data_set_U":0.7209397,"data_set_V":0.58500499},{"data_set_T":1.5,"data_set_U":0.73012167,"data_set_V":0.60276133},{"data_set_T":1.55,"data_set_U":0.73864806,"data_set_V":0.61977607},{"data_set_T":1.6,"data_set_U":0.74653953,"data_set_V":0.63606757},{"data_set_T":1.65,"data_set_U":0.75381547,"data_set_V":0.65165544},{"data_set_T":1.7,"data_set_U":0.76049381,"data_set_V":0.66656017},{"data_set_T":1.75,"data_set_U":0.76659107,"data_set_V":0.6808027},{"data_set_T":1.8,"data_set_U":0.77212232,"data_set_V":0.69440407},{"data_set_T":1.85,"data_set_U":0.7771011,"data_set_V":0.70738536},{"data_set_T":1.9,"data_set_U":0.7815395,"data_set_V":0.71976733},{"data_set_T":1.95,"data_set_U":0.78544807,"data_set_V":0.73157024},{"data_set_T":2.0,"data_set_U":0.78883564,"data_set_V":0.742814},{"data_set_T":2.05,"data_set_U":0.79170942,"data_set_V":0.75351757},{"data_set_T":2.0999999,"data_set_U":0.79407483,"data_set_V":0.76369923},{"data_set_T":2.1500001,"data_set_U":0.79593557,"data_set_V":0.77337646},{"data_set_T":2.2,"data_set_U":0.79729325,"data_set_V":0.78256571},{"data_set_T":2.25,"data_set_U":0.79814756,"data_set_V":0.79128218},{"data_set_T":2.3,"data_set_U":0.79849589,"data_set_V":0.79954016},{"data_set_T":2.3499999,"data_set_U":0.79833341,"data_set_V":0.80735242},{"data_set_T":2.4000001,"data_set_U":0.79765284,"data_set_V":0.81473053},{"data_set_T":2.45,"data_set_U":0.79644436,"data_set_V":0.8216843},{"data_set_T":2.5,"data_set_U":0.7946952,"data_set_V":0.8282218},{"data_set_T":2.55,"data_set_U":0.79238981,"data_set_V":0.83434927},{"data_set_T":2.5999999,"data_set_U":0.78950977,"data_set_V":0.84007055},{"data_set_T":2.6500001,"data_set_U":0.78603333,"data_set_V":0.84538692},{"data_set_T":2.7,"data_set_U":0.78193587,"data_set_V":0.85029674},{"data_set_T":2.75,"data_set_U":0.77718967,"data_set_V":0.85479474},{"data_set_T":2.8,"data_set_U":0.77176458,"data_set_V":0.85887152},{"data_set_T":2.8499999,"data_set_U":0.76562822,"data_set_V":0.86251289},{"data_set_T":2.9000001,"data_set_U":0.75874734,"data_set_V":0.86569864},{"data_set_T":2.95,"data_set_U":0.7510888,"data_set_V":0.86840194},{"data_set_T":3.0,"data_set_U":0.74262166,"data_set_V":0.87058783},{"data_set_T":3.05,"data_set_U":0.73331988,"data_set_V":0.87221193},{"data_set_T":3.0999999,"data_set_U":0.72316504,"data_set_V":0.87321955},{"data_set_T":3.1500001,"data_set_U":0.71215057,"data_set_V":0.87354445},{"data_set_T":3.2,"data_set_U":0.70028526,"data_set_V":0.87310851},{"data_set_T":3.25,"data_set_U":0.68759704,"data_set_V":0.8718223},{"data_set_T":3.3,"data_set_U":0.67413586,"data_set_V":0.86958706},{"data_set_T":3.3499999,"data_set_U":0.65997505,"data_set_V":0.86629903},{"data_set_T":3.4000001,"data_set_U":0.64521062,"data_set_V":0.86185539},{"data_set_T":3.45,"data_set_U":0.62995821,"data_set_V":0.85616291},{"data_set_T":3.5,"data_set_U":0.61434835,"data_set_V":0.84914726},{"data_set_T":3.55,"data_set_U":0.59852022,"data_set_V":0.84076267},{"data_set_T":3.5999999,"data_set_U":0.58261508,"data_set_V":0.83099937},{"data_set_T":3.6500001,"data_set_U":0.56677026,"data_set_V":0.81988764},{"data_set_T":3.7,"data_set_U":0.55111474,"data_set_V":0.80749786},{"data_set_T":3.75,"data_set_U":0.53576601,"data_set_V":0.79393625},{"data_set_T":3.8,"data_set_U":0.52082813,"data_set_V":0.77933741},{"data_set_T":3.8499999,"data_set_U":0.50639218,"data_set_V":0.76385593},{"data_set_T":3.9000001,"data_set_U":0.49253631,"data_set_V":0.74765688},{"data_set_T":3.95,"data_set_U":0.47932726,"data_set_V":0.73090839},{"data_set_T":4.0,"data_set_U":0.46682203,"data_set_V":0.71377486},{"data_set_T":4.0500002,"data_set_U":0.45506927,"data_set_V":0.69641268},{"data_set_T":4.0999999,"data_set_U":0.44411111,"data_set_V":0.6789673},{"data_set_T":4.1500001,"data_set_U":0.4339844,"data_set_V":0.66157186},{"data_set_T":4.1999998,"data_set_U":0.42472216,"data_set_V":0.64434701},{"data_set_T":4.25,"data_set_U":0.41635457,"data_set_V":0.62740135},{"data_set_T":4.3000002,"data_set_U":0.40890971,"data_set_V":0.61083239},{"data_set_T":4.3499999,"data_set_U":0.40241444,"data_set_V":0.59472823},{"data_set_T":4.4000001,"data_set_U":0.39689457,"data_set_V":0.57916892},{"data_set_T":4.4499998,"data_set_U":0.39237514,"data_set_V":0.56422806},{"data_set_T":4.5,"data_set_U":0.38888016,"data_set_V":0.54997474},{"data_set_T":4.5500002,"data_set_U":0.38643223,"data_set_V":0.53647465},{"data_set_T":4.5999999,"data_set_U":0.38505152,"data_set_V":0.52379191},{"data_set_T":4.6500001,"data_set_U":0.38475484,"data_set_V":0.51198989},{"data_set_T":4.6999998,"data_set_U":0.38555366,"data_set_V":0.50113225},{"data_set_T":4.75,"data_set_U":0.38745239,"data_set_V":0.49128336},{"data_set_T":4.8000002,"data_set_U":0.39044598,"data_set_V":0.48250818},{"data_set_T":4.8499999,"data_set_U":0.39451772,"data_set_V":0.4748714},{"data_set_T":4.9000001,"data_set_U":0.39963701,"data_set_V":0.46843582},{"data_set_T":4.9499998,"data_set_U":0.40575784,"data_set_V":0.46325988},{"data_set_T":5.0,"data_set_U":0.41281804,"data_set_V":0.45939431},{"data_set_T":5.0500002,"data_set_U":0.42073962,"data_set_V":0.45687845},{"data_set_T":5.0999999,"data_set_U":0.4294304,"data_set_V":0.45573616},{"data_set_T":5.1500001,"data_set_U":0.43878669,"data_set_V":0.45597222},{"data_set_T":5.1999998,"data_set_U":0.44869694,"data_set_V":0.45756987},{"data_set_T":5.25,"data_set_U":0.4590458,"data_set_V":0.46048957},{"data_set_T":5.3000002,"data_set_U":0.46971798,"data_set_V":0.46466953},{"data_set_T":5.3499999,"data_set_U":0.48060191,"data_set_V":0.47002792},{"data_set_T":5.4000001,"data_set_U":0.4915925,"data_set_V":0.47646639},{"data_set_T":5.4499998,"data_set_U":0.50259304,"data_set_V":0.48387438},{"data_set_T":5.5,"data_set_U":0.51351649,"data_set_V":0.49213386},{"data_set_T":5.5500002,"data_set_U":0.52428573,"data_set_V":0.50112361},{"data_set_T":5.5999999,"data_set_U":0.53483361,"data_set_V":0.51072323},{"data_set_T":5.6500001,"data_set_U":0.54510236,"data_set_V":0.52081633},{"data_set_T":5.6999998,"data_set_U":0.55504262,"data_set_V":0.53129268},{"data_set_T":5.75,"data_set_U":0.56461298,"data_set_V":0.54205},{"data_set_T":5.8000002,"data_set_U":0.57377863,"data_set_V":0.55299461},{"data_set_T":5.8499999,"data_set_U":0.58251059,"data_set_V":0.56404197},{"data_set_T":5.9000001,"data_set_U":0.59078485,"data_set_V":0.57511652},{"data_set_T":5.9499998,"data_set_U":0.59858149,"data_set_V":0.58615136},{"data_set_T":6.0,"data_set_U":0.60588402,"data_set_V":0.59708768},{"data_set_T":6.0500002,"data_set_U":0.61267877,"data_set_V":0.60787398},{"data_set_T":6.0999999,"data_set_U":0.61895412,"data_set_V":0.61846536},{"data_set_T":6.1500001,"data_set_U":0.62470037,"data_set_V":0.62882298},{"data_set_T":6.1999998,"data_set_U":0.62990892,"data_set_V":0.6389128},{"data_set_T":6.25,"data_set_U":0.63457215,"data_set_V":0.64870548},{"data_set_T":6.3000002,"data_set_U":0.63868302,"data_set_V":0.65817511},{"data_set_T":6.3499999,"data_set_U":0.64223498,"data_set_V":0.66729891},{"data_set_T":6.4000001,"data_set_U":0.64522159,"data_set_V":0.67605639},{"data_set_T":6.4499998,"data_set_U":0.64763647,"data_set_V":0.68442905},{"data_set_T":6.5,"data_set_U":0.64947319,"data_set_V":0.6923995},{"data_set_T":6.5500002,"data_set_U":0.65072536,"data_set_V":0.69995111},{"data_set_T":6.5999999,"data_set_U":0.65138656,"data_set_V":0.70706767},{"data_set_T":6.6500001,"data_set_U":0.65145057,"data_set_V":0.71373254},{"data_set_T":6.6999998,"data_set_U":0.65091145,"data_set_V":0.71992874},{"data_set_T":6.75,"data_set_U":0.64976406,"data_set_V":0.72563809},{"data_set_T":6.8000002,"data_set_U":0.64800429,"data_set_V":0.73084122},{"data_set_T":6.8499999,"data_set_U":0.64562958,"data_set_V":0.73551702},{"data_set_T":6.9000001,"data_set_U":0.64263976,"data_set_V":0.73964262},{"data_set_T":6.9499998,"data_set_U":0.63903749,"data_set_V":0.74319321},{"data_set_T":7.0,"data_set_U":0.63482922,"data_set_V":0.74614209},{"data_set_T":7.0500002,"data_set_U":0.63002604,"data_set_V":0.74846077},{"data_set_T":7.0999999,"data_set_U":0.62464452,"data_set_V":0.75011963},{"data_set_T":7.1500001,"data_set_U":0.6187073,"data_set_V":0.75108856},{"data_set_T":7.1999998,"data_set_U":0.61224395,"data_set_V":0.75133765},{"data_set_T":7.25,"data_set_U":0.60529125,"data_set_V":0.75083888},{"data_set_T":7.3000002,"data_set_U":0.5978933,"data_set_V":0.74956733},{"data_set_T":7.3499999,"data_set_U":0.59010136,"data_set_V":0.74750316},{"data_set_T":7.4000001,"data_set_U":0.58197302,"data_set_V":0.74463326},{"data_set_T":7.4499998,"data_set_U":0.57357162,"data_set_V":0.74095291},{"data_set_T":7.5,"data_set_U":0.56496489,"data_set_V":0.7364676},{"data_set_T":7.5500002,"data_set_U":0.55622333,"data_set_V":0.73119402},{"data_set_T":7.5999999,"data_set_U":0.54741925,"data_set_V":0.72516042},{"data_set_T":7.6500001,"data_set_U":0.538625,"data_set_V":0.71840698},{"data_set_T":7.6999998,"data_set_U":0.52991164,"data_set_V":0.71098512},{"data_set_T":7.75,"data_set_U":0.52134818,"data_set_V":0.7029562},{"data_set_T":7.8000002,"data_set_U":0.51300025,"data_set_V":0.69439018},{"data_set_T":7.8499999,"data_set_U":0.50492996,"data_set_V":0.68536371},{"data_set_T":7.9000001,"data_set_U":0.49719509,"data_set_V":0.67595828},{"data_set_T":7.9499998,"data_set_U":0.48984912,"data_set_V":0.66625851},{"data_set_T":8.0,"data_set_U":0.48294109,"data_set_V":0.65635014},{"data_set_T":8.0500002,"data_set_U":0.47651571,"data_set_V":0.64631891},{"data_set_T":8.1000004,"data_set_U":0.47061336,"data_set_V":0.63624918},{"data_set_T":8.1499996,"data_set_U":0.46527028,"data_set_V":0.62622321},{"data_set_T":8.1999998,"data_set_U":0.46051869,"data_set_V":0.61632043},{"data_set_T":8.25,"data_set_U":0.45638674,"data_set_V":0.60661691},{"data_set_T":8.3000002,"data_set_U":0.45289871,"data_set_V":0.59718537},{"data_set_T":8.3500004,"data_set_U":0.45007473,"data_set_V":0.58809495},{"data_set_T":8.3999996,"data_set_U":0.44793069,"data_set_V":0.57941109},{"data_set_T":8.4499998,"data_set_U":0.44647795,"data_set_V":0.5711956},{"data_set_T":8.5,"data_set_U":0.44572303,"data_set_V":0.56350666},{"data_set_T":8.5500002,"data_set_U":0.44566724,"data_set_V":0.55639857},{"data_set_T":8.6000004,"data_set_U":0.44630626,"data_set_V":0.54992145},{"data_set_T":8.6499996,"data_set_U":0.44762966,"data_set_V":0.54412121},{"data_set_T":8.6999998,"data_set_U":0.44962072,"data_set_V":0.5390386},{"data_set_T":8.75,"data_set_U":0.45225617,"data_set_V":0.53470904},{"data_set_T":8.8000002,"data_set_U":0.45550612,"data_set_V":0.53116149},{"data_set_T":8.8500004,"data_set_U":0.45933419,"data_set_V":0.528418},{"data_set_T":8.8999996,"data_set_U":0.46369806,"data_set_V":0.52649277},{"data_set_T":8.9499998,"data_set_U":0.46854997,"data_set_V":0.52539164},{"data_set_T":9.0,"data_set_U":0.47383758,"data_set_V":0.52511144},{"data_set_T":9.0500002,"data_set_U":0.479505,"data_set_V":0.52563995},{"data_set_T":9.1000004,"data_set_U":0.48549393,"data_set_V":0.52695584},{"data_set_T":9.1499996,"data_set_U":0.49174467,"data_set_V":0.52902901},{"data_set_T":9.1999998,"data_set_U":0.49819744,"data_set_V":0.53182143},{"data_set_T":9.25,"data_set_U":0.50479323,"data_set_V":0.5352881},{"data_set_T":9.3000002,"data_set_U":0.51147473,"data_set_V":0.53937805},{"data_set_T":9.3500004,"data_set_U":0.51818722,"data_set_V":0.54403573},{"data_set_T":9.3999996,"data_set_U":0.52487886,"data_set_V":0.54920238},{"data_set_T":9.4499998,"data_set_U":0.53150123,"data_set_V":0.55481726},{"data_set_T":9.5,"data_set_U":0.53800952,"data_set_V":0.56081891},{"data_set_T":9.5500002,"data_set_U":0.54436266,"data_set_V":0.5671463},{"data_set_T":9.6000004,"data_set_U":0.55052316,"data_set_V":0.57373941},{"data_set_T":9.6499996,"data_set_U":0.5564571,"data_set_V":0.58054036},{"data_set_T":9.6999998,"data_set_U":0.56213397,"data_set_V":0.58749372},{"data_set_T":9.75,"data_set_U":0.5675264,"data_set_V":0.59454679},{"data_set_T":9.8000002,"data_set_U":0.5726099,"data_set_V":0.60165012},{"data_set_T":9.8500004,"data_set_U":0.57736266,"data_set_V":0.60875744},{"data_set_T":9.8999996,"data_set_U":0.58176535,"data_set_V":0.61582547},{"data_set_T":9.9499998,"data_set_U":0.58580077,"data_set_V":0.62281424},{"data_set_T":10.0,"data_set_U":0.58945376,"data_set_V":0.62968659},{"data_set_T":10.05,"data_set_U":0.59271085,"data_set_V":0.63640809},{"data_set_T":10.1,"data_set_U":0.59556031,"data_set_V":0.64294678},{"data_set_T":10.15,"data_set_U":0.597992,"data_set_V":0.64927292},{"data_set_T":10.2,"data_set_U":0.5999971,"data_set_V":0.65535885},{"data_set_T":10.25,"data_set_U":0.60156822,"data_set_V":0.66117847},{"data_set_T":10.3,"data_set_U":0.6026994,"data_set_V":0.66670722},{"data_set_T":10.35,"data_set_U":0.60338622,"data_set_V":0.67192173},{"data_set_T":10.4,"data_set_U":0.6036256,"data_set_V":0.67679971},{"data_set_T":10.45,"data_set_U":0.60341632,"data_set_V":0.68131959},{"data_set_T":10.5,"data_set_U":0.60275877,"data_set_V":0.68546063},{"data_set_T":10.55,"data_set_U":0.60165542,"data_set_V":0.68920273},{"data_set_T":10.6,"data_set_U":0.60011107,"data_set_V":0.69252622},{"data_set_T":10.65,"data_set_U":0.59813291,"data_set_V":0.69541234},{"data_set_T":10.7,"data_set_U":0.59573084,"data_set_V":0.69784284},{"data_set_T":10.75,"data_set_U":0.59291774,"data_set_V":0.69980049},{"data_set_T":10.8,"data_set_U":0.5897097,"data_set_V":0.70126939},{"data_set_T":10.85,"data_set_U":0.58612603,"data_set_V":0.70223492},{"data_set_T":10.9,"data_set_U":0.58218962,"data_set_V":0.70268482},{"data_set_T":10.95,"data_set_U":0.57792687,"data_set_V":0.70260894},{"data_set_T":11.0,"data_set_U":0.57336748,"data_set_V":0.70200044},{"data_set_T":11.05,"data_set_U":0.56854463,"data_set_V":0.70085579},{"data_set_T":11.1,"data_set_U":0.56349427,"data_set_V":0.69917578},{"data_set_T":11.15,"data_set_U":0.55825514,"data_set_V":0.69696569},{"data_set_T":11.2,"data_set_U":0.55286831,"data_set_V":0.69423574},{"data_set_T":11.25,"data_set_U":0.54737639,"data_set_V":0.69100147},{"data_set_T":11.3,"data_set_U":0.54182327,"data_set_V":0.68728387},{"data_set_T":11.35,"data_set_U":0.53625339,"data_set_V":0.68310934},{"data_set_T":11.4,"data_set_U":0.53071129,"data_set_V":0.67850935},{"data_set_T":11.45,"data_set_U":0.52524096,"data_set_V":0.67352039},{"data_set_T":11.5,"data_set_U":0.51988542,"data_set_V":0.66818333},{"data_set_T":11.55,"data_set_U":0.51468641,"data_set_V":0.66254288},{"data_set_T":11.6,"data_set_U":0.50968367,"data_set_V":0.65664679},{"data_set_T":11.65,"data_set_U":0.50491488,"data_set_V":0.65054536},{"data_set_T":11.7,"data_set_U":0.50041538,"data_set_V":0.6442908},{"data_set_T":11.75,"data_set_U":0.49621785,"data_set_V":0.63793617},{"data_set_T":11.8,"data_set_U":0.49235219,"data_set_V":0.63153505},{"data_set_T":11.85,"data_set_U":0.48884538,"data_set_V":0.62514091},{"data_set_T":11.9,"data_set_U":0.48572132,"data_set_V":0.61880642},{"data_set_T":11.95,"data_set_U":0.48300076,"data_set_V":0.61258316},{"data_set_T":12.0,"data_set_U":0.48070106,"data_set_V":0.60652113},{"data_set_T":12.05,"data_set_U":0.4788363,"data_set_V":0.60066825},{"data_set_T":12.1,"data_set_U":0.47741696,"data_set_V":0.59507024},{"data_set_T":12.15,"data_set_U":0.47644991,"data_set_V":0.58977032},{"data_set_T":12.2,"data_set_U":0.47593835,"data_set_V":0.58480865},{"data_set_T":12.25,"data_set_U":0.47588161,"data_set_V":0.58022225},{"data_set_T":12.3,"data_set_U":0.47627515,"data_set_V":0.57604486},{"data_set_T":12.35,"data_set_U":0.47711065,"data_set_V":0.57230628},{"data_set_T":12.4,"data_set_U":0.47837576,"data_set_V":0.56903237},{"data_set_T":12.45,"data_set_U":0.4800545,"data_set_V":0.56624472},{"data_set_T":12.5,"data_set_U":0.4821271,"data_set_V":0.56396031},{"data_set_T":12.55,"data_set_U":0.4845705,"data_set_V":0.56219137},{"data_set_T":12.6,"data_set_U":0.48735839,"data_set_V":0.56094515},{"data_set_T":12.65,"data_set_U":0.49046177,"data_set_V":0.56022394},{"data_set_T":12.7,"data_set_U":0.4938491,"data_set_V":0.56002486},{"data_set_T":12.75,"data_set_U":0.49748707,"data_set_V":0.56033999},{"data_set_T":12.8,"data_set_U":0.50134087,"data_set_V":0.56115669},{"data_set_T":12.85,"data_set_U":0.50537461,"data_set_V":0.5624575},{"data_set_T":12.9,"data_set_U":0.50955206,"data_set_V":0.56422096},{"data_set_T":12.95,"data_set_U":0.51383692,"data_set_V":0.56642163},{"data_set_T":13.0,"data_set_U":0.51819324,"data_set_V":0.56903082},{"data_set_T":13.05,"data_set_U":0.52258587,"data_set_V":0.57201701},{"data_set_T":13.1,"data_set_U":0.52698082,"data_set_V":0.57534659},{"data_set_T":13.15,"data_set_U":0.53134537,"data_set_V":0.57898402},{"data_set_T":13.2,"data_set_U":0.53564829,"data_set_V":0.58289295},{"data_set_T":13.25,"data_set_U":0.53986031,"data_set_V":0.58703607},{"data_set_T":13.3,"data_set_U":0.54395366,"data_set_V":0.59137625},{"data_set_T":13.35,"data_set_U":0.54790276,"data_set_V":0.59587628},{"data_set_T":13.4,"data_set_U":0.55168372,"data_set_V":0.60049963},{"data_set_T":13.45,"data_set_U":0.55527461,"data_set_V":0.60521072},{"data_set_T":13.5,"data_set_U":0.55865538,"data_set_V":0.60997492},{"data_set_T":13.55,"data_set_U":0.56180781,"data_set_V":0.61475879},{"data_set_T":13.6,"data_set_U":0.5647155,"data_set_V":0.61953044},{"data_set_T":13.65,"data_set_U":0.5673638,"data_set_V":0.62425911},{"data_set_T":13.7,"data_set_U":0.56973958,"data_set_V":0.62891579},{"data_set_T":13.75,"data_set_U":0.57183164,"data_set_V":0.63347262},{"data_set_T":13.8,"data_set_U":0.57363009,"data_set_V":0.63790339},{"data_set_T":13.85,"data_set_U":0.57512689,"data_set_V":0.64218318},{"data_set_T":13.9,"data_set_U":0.57631546,"data_set_V":0.64628839},{"data_set_T":13.95,"data_set_U":0.57719076,"data_set_V":0.65019679},{"data_set_T":14.0,"data_set_U":0.57774943,"data_set_V":0.65388733},{"data_set_T":14.05,"data_set_U":0.57798982,"data_set_V":0.65734017},{"data_set_T":14.1,"data_set_U":0.57791185,"data_set_V":0.66053665},{"data_set_T":14.15,"data_set_U":0.57751721,"data_set_V":0.66345936},{"data_set_T":14.2,"data_set_U":0.57680947,"data_set_V":0.66609198},{"data_set_T":14.25,"data_set_U":0.57579398,"data_set_V":0.66841954},{"data_set_T":14.3,"data_set_U":0.57447803,"data_set_V":0.67042828},{"data_set_T":14.35,"data_set_U":0.57287109,"data_set_V":0.67210585},{"data_set_T":14.4,"data_set_U":0.57098442,"data_set_V":0.67344147},{"data_set_T":14.45,"data_set_U":0.56883144,"data_set_V":0.6744259},{"data_set_T":14.5,"data_set_U":0.56642777,"data_set_V":0.67505193},{"data_set_T":14.55,"data_set_U":0.56379092,"data_set_V":0.67531419},{"data_set_T":14.6,"data_set_U":0.56094033,"data_set_V":0.67520958},{"data_set_T":14.65,"data_set_U":0.55789745,"data_set_V":0.67473745},{"data_set_T":14.7,"data_set_U":0.55468547,"data_set_V":0.67389971},{"data_set_T":14.75,"data_set_U":0.55132902,"data_set_V":0.672701},{"data_set_T":14.8,"data_set_U":0.54785419,"data_set_V":0.67114896},{"data_set_T":14.85,"data_set_U":0.5442881,"data_set_V":0.66925395},{"data_set_T":14.9,"data_set_U":0.54065889,"data_set_V":0.66702968},{"data_set_T":14.95,"data_set_U":0.53699517,"data_set_V":0.66449267},{"data_set_T":15.0,"data_set_U":0.53332579,"data_set_V":0.6616624},{"data_set_T":15.05,"data_set_U":0.52967972,"data_set_V":0.65856105},{"data_set_T":15.1,"data_set_U":0.5260855,"data_set_V":0.65521371},{"data_set_T":15.15,"data_set_U":0.52257133,"data_set_V":0.65164751},{"data_set_T":15.2,"data_set_U":0.51916432,"data_set_V":0.64789188},{"data_set_T":15.25,"data_set_U":0.51589066,"data_set_V":0.64397788},{"data_set_T":15.3,"data_set_U":0.5127753,"data_set_V":0.63993812},{"data_set_T":15.35,"data_set_U":0.5098415,"data_set_V":0.63580626},{"data_set_T":15.4,"data_set_U":0.50711101,"data_set_V":0.63161665},{"data_set_T":15.45,"data_set_U":0.50460356,"data_set_V":0.62740391},{"data_set_T":15.5,"data_set_U":0.50233716,"data_set_V":0.6232028},{"data_set_T":15.55,"data_set_U":0.50032735,"data_set_V":0.61904764},{"data_set_T":15.6,"data_set_U":0.49858773,"data_set_V":0.61497217},{"data_set_T":15.65,"data_set_U":0.49712938,"data_set_V":0.61100906},{"data_set_T":15.7,"data_set_U":0.49596113,"data_set_V":0.60718983},{"data_set_T":15.75,"data_set_U":0.49508923,"data_set_V":0.60354435},{"data_set_T":15.8,"data_set_U":0.49451745,"data_set_V":0.60010082},{"data_set_T":15.85,"data_set_U":0.49424705,"data_set_V":0.59688532},{"data_set_T":15.9,"data_set_U":0.49427667,"data_set_V":0.59392178},{"data_set_T":15.95,"data_set_U":0.49460247,"data_set_V":0.59123176},{"data_set_T":16.0,"data_set_U":0.49521816,"data_set_V":0.58883405},{"data_set_T":16.049999,"data_set_U":0.49611491,"data_set_V":0.58674479},{"data_set_T":16.1,"data_set_U":0.49728173,"data_set_V":0.58497715},{"data_set_T":16.15,"data_set_U":0.4987053,"data_set_V":0.58354133},{"data_set_T":16.200001,"data_set_U":0.50037038,"data_set_V":0.58244437},{"data_set_T":16.25,"data_set_U":0.50225973,"data_set_V":0.58169025},{"data_set_T":16.299999,"data_set_U":0.50435472,"data_set_V":0.58127987},{"data_set_T":16.35,"data_set_U":0.50663507,"data_set_V":0.58121091},{"data_set_T":16.4,"data_set_U":0.5090794,"data_set_V":0.58147812},{"data_set_T":16.450001,"data_set_U":0.51166552,"data_set_V":0.58207327},{"data_set_T":16.5,"data_set_U":0.51437044,"data_set_V":0.58298558},{"data_set_T":16.549999,"data_set_U":0.51717085,"data_set_V":0.58420163},{"data_set_T":16.6,"data_set_U":0.52004319,"data_set_V":0.58570564},{"data_set_T":16.65,"data_set_U":0.52296406,"data_set_V":0.58747989},{"data_set_T":16.700001,"data_set_U":0.52591026,"data_set_V":0.58950484},{"data_set_T":16.75,"data_set_U":0.52885902,"data_set_V":0.59175944},{"data_set_T":16.799999,"data_set_U":0.53178829,"data_set_V":0.59422135},{"data_set_T":16.85,"data_set_U":0.53467673,"data_set_V":0.5968675},{"data_set_T":16.9,"data_set_U":0.53750402,"data_set_V":0.59967381},{"data_set_T":16.950001,"data_set_U":0.54025066,"data_set_V":0.60261613},{"data_set_T":17.0,"data_set_U":0.54289842,"data_set_V":0.6056698},{"data_set_T":17.049999,"data_set_U":0.54543,"data_set_V":0.60881031},{"data_set_T":17.1,"data_set_U":0.54782963,"data_set_V":0.6120134},{"data_set_T":17.15,"data_set_U":0.55008245,"data_set_V":0.61525506},{"data_set_T":17.200001,"data_set_U":0.5521751,"data_set_V":0.61851174},{"data_set_T":17.25,"data_set_U":0.55409533,"data_set_V":0.62176067},{"data_set_T":17.299999,"data_set_U":0.55583233,"data_set_V":0.62497962},{"data_set_T":17.35,"data_set_U":0.55737656,"data_set_V":0.62814718},{"data_set_T":17.4,"data_set_U":0.55871969,"data_set_V":0.63124275},{"data_set_T":17.450001,"data_set_U":0.55985481,"data_set_V":0.63424677},{"data_set_T":17.5,"data_set_U":0.56077641,"data_set_V":0.63714039},{"data_set_T":17.549999,"data_set_U":0.56148016,"data_set_V":0.63990593},{"data_set_T":17.6,"data_set_U":0.5619632,"data_set_V":0.64252651},{"data_set_T":17.65,"data_set_U":0.56222397,"data_set_V":0.64498639},{"data_set_T":17.700001,"data_set_U":0.56226236,"data_set_V":0.64727092},{"data_set_T":17.75,"data_set_U":0.56207955,"data_set_V":0.64936638},{"data_set_T":17.799999,"data_set_U":0.56167823,"data_set_V":0.65126044},{"data_set_T":17.85,"data_set_U":0.56106246,"data_set_V":0.65294164},{"data_set_T":17.9,"data_set_U":0.56023771,"data_set_V":0.65440005},{"data_set_T":17.950001,"data_set_U":0.55921096,"data_set_V":0.65562677},{"data_set_T":18.0,"data_set_U":0.55799037,"data_set_V":0.65661448},{"data_set_T":18.049999,"data_set_U":0.55658579,"data_set_V":0.65735722},{"data_set_T":18.1,"data_set_U":0.55500817,"data_set_V":0.65785038},{"data_set_T":18.15,"data_set_U":0.55326986,"data_set_V":0.65809131},{"data_set_T":18.200001,"data_set_U":0.55138445,"data_set_V":0.65807867},{"data_set_T":18.25,"data_set_U":0.54936665,"data_set_V":0.65781295},{"data_set_T":18.299999,"data_set_U":0.54723221,"data_set_V":0.65729666},{"data_set_T":18.35,"data_set_U":0.54499787,"data_set_V":0.65653384},{"data_set_T":18.4,"data_set_U":0.5426811,"data_set_V":0.65553051},{"data_set_T":18.450001,"data_set_U":0.54030013,"data_set_V":0.65429473},{"data_set_T":18.5,"data_set_U":0.53787357,"data_set_V":0.6528362},{"data_set_T":18.549999,"data_set_U":0.53542048,"data_set_V":0.65116656},{"data_set_T":18.6,"data_set_U":0.53296006,"data_set_V":0.64929926},{"data_set_T":18.65,"data_set_U":0.53051162,"data_set_V":0.64724934},{"data_set_T":18.700001,"data_set_U":0.52809405,"data_set_V":0.64503348},{"data_set_T":18.75,"data_set_U":0.5257262,"data_set_V":0.64266974},{"data_set_T":18.799999,"data_set_U":0.52342629,"data_set_V":0.64017743},{"data_set_T":18.85,"data_set_U":0.5212118,"data_set_V":0.63757712},{"data_set_T":18.9,"data_set_U":0.51909947,"data_set_V":0.63489002},{"data_set_T":18.950001,"data_set_U":0.51710522,"data_set_V":0.63213819},{"data_set_T":19.0,"data_set_U":0.51524371,"data_set_V":0.62934417},{"data_set_T":19.049999,"data_set_U":0.51352841,"data_set_V":0.62653071},{"data_set_T":19.1,"data_set_U":0.51197159,"data_set_V":0.62372071},{"data_set_T":19.15,"data_set_U":0.51058412,"data_set_V":0.62093675},{"data_set_T":19.200001,"data_set_U":0.50937521,"data_set_V":0.6182012},{"data_set_T":19.25,"data_set_U":0.50835276,"data_set_V":0.61553574},{"data_set_T":19.299999,"data_set_U":0.50752288,"data_set_V":0.61296135},{"data_set_T":19.35,"data_set_U":0.50689024,"data_set_V":0.61049795},{"data_set_T":19.4,"data_set_U":0.50645751,"data_set_V":0.60816449},{"data_set_T":19.450001,"data_set_U":0.50622606,"data_set_V":0.60597855},{"data_set_T":19.5,"data_set_U":0.50619531,"data_set_V":0.60395616},{"data_set_T":19.549999,"data_set_U":0.50636303,"data_set_V":0.60211194},{"data_set_T":19.6,"data_set_U":0.50672561,"data_set_V":0.6004588},{"data_set_T":19.65,"data_set_U":0.50727755,"data_set_V":0.59900767},{"data_set_T":19.700001,"data_set_U":0.50801206,"data_set_V":0.59776789},{"data_set_T":19.75,"data_set_U":0.50892085,"data_set_V":0.59674668},{"data_set_T":19.799999,"data_set_U":0.50999427,"data_set_V":0.59594935},{"data_set_T":19.85,"data_set_U":0.51122147,"data_set_V":0.59537911},{"data_set_T":19.9,"data_set_U":0.51259059,"data_set_V":0.5950374},{"data_set_T":19.950001,"data_set_U":0.51408875,"data_set_V":0.59492344},{"data_set_T":20.0,"data_set_U":0.51570213,"data_set_V":0.59503472},{"data_set_T":20.049999,"data_set_U":0.51741642,"data_set_V":0.59536672},{"data_set_T":20.1,"data_set_U":0.51921666,"data_set_V":0.59591329},{"data_set_T":20.15,"data_set_U":0.52108753,"data_set_V":0.59666651},{"data_set_T":20.200001,"data_set_U":0.52301347,"data_set_V":0.59761703},{"data_set_T":20.25,"data_set_U":0.52497888,"data_set_V":0.59875393},{"data_set_T":20.299999,"data_set_U":0.52696806,"data_set_V":0.60006517},{"data_set_T":20.35,"data_set_U":0.52896559,"data_set_V":0.60153759},{"data_set_T":20.4,"data_set_U":0.53095627,"data_set_V":0.60315698},{"data_set_T":20.450001,"data_set_U":0.53292525,"data_set_V":0.60490841},{"data_set_T":20.5,"data_set_U":0.53485829,"data_set_V":0.6067763},{"data_set_T":20.549999,"data_set_U":0.53674155,"data_set_V":0.60874456},{"data_set_T":20.6,"data_set_U":0.538562,"data_set_V":0.61079675},{"data_set_T":20.65,"data_set_U":0.54030722,"data_set_V":0.61291629},{"data_set_T":20.700001,"data_set_U":0.54196548,"data_set_V":0.61508644},{"data_set_T":20.75,"data_set_U":0.54352611,"data_set_V":0.61729056},{"data_set_T":20.799999,"data_set_U":0.54497904,"data_set_V":0.61951208},{"data_set_T":20.85,"data_set_U":0.54631537,"data_set_V":0.62173486},{"data_set_T":20.9,"data_set_U":0.54752684,"data_set_V":0.62394297},{"data_set_T":20.950001,"data_set_U":0.54860634,"data_set_V":0.62612087},{"data_set_T":21.0,"data_set_U":0.54954773,"data_set_V":0.62825358},{"data_set_T":21.049999,"data_set_U":0.55034578,"data_set_V":0.63032675},{"data_set_T":21.1,"data_set_U":0.5509963,"data_set_V":0.63232654},{"data_set_T":21.15,"data_set_U":0.55149615,"data_set_V":0.63423979},{"data_set_T":21.200001,"data_set_U":0.55184323,"data_set_V":0.63605422},{"data_set_T":21.25,"data_set_U":0.5520364,"data_set_V":0.63775814},{"data_set_T":21.299999,"data_set_U":0.55207562,"data_set_V":0.63934076},{"data_set_T":21.35,"data_set_U":0.55196196,"data_set_V":0.64079213},{"data_set_T":21.4,"data_set_U":0.55169737,"data_set_V":0.64210331},{"data_set_T":21.450001,"data_set_U":0.55128491,"data_set_V":0.6432662},{"data_set_T":21.5,"data_set_U":0.55072874,"data_set_V":0.6442737},{"data_set_T":21.549999,"data_set_U":0.55003393,"data_set_V":0.64511985},{"data_set_T":21.6,"data_set_U":0.54920644,"data_set_V":0.64579958},{"data_set_T":21.65,"data_set_U":0.5482533,"data_set_V":0.64630914},{"data_set_T":21.700001,"data_set_U":0.54718244,"data_set_V":0.64664584},{"data_set_T":21.75,"data_set_U":0.54600257,"data_set_V":0.64680821},{"data_set_T":21.799999,"data_set_U":0.54472321,"data_set_V":0.64679587},{"data_set_T":21.85,"data_set_U":0.54335457,"data_set_V":0.64660984},{"data_set_T":21.9,"data_set_U":0.54190767,"data_set_V":0.64625233},{"data_set_T":21.950001,"data_set_U":0.54039395,"data_set_V":0.64572686},{"data_set_T":22.0,"data_set_U":0.53882533,"data_set_V":0.64503807},{"data_set_T":22.049999,"data_set_U":0.53721428,"data_set_V":0.64419198},{"data_set_T":22.1,"data_set_U":0.53557336,"data_set_V":0.64319575},{"data_set_T":22.15,"data_set_U":0.5339154,"data_set_V":0.64205766},{"data_set_T":22.200001,"data_set_U":0.53225344,"data_set_V":0.64078724},{"data_set_T":22.25,"data_set_U":0.53060025,"data_set_V":0.639395},{"data_set_T":22.299999,"data_set_U":0.52896869,"data_set_V":0.63789231},{"data_set_T":22.35,"data_set_U":0.52737123,"data_set_V":0.63629156},{"data_set_T":22.4,"data_set_U":0.52582008,"data_set_V":0.63460594},{"data_set_T":22.450001,"data_set_U":0.52432692,"data_set_V":0.6328491},{"data_set_T":22.5,"data_set_U":0.52290291,"data_set_V":0.63103539},{"data_set_T":22.549999,"data_set_U":0.5215587,"data_set_V":0.62917954},{"data_set_T":22.6,"data_set_U":0.52030396,"data_set_V":0.62729651},{"data_set_T":22.65,"data_set_U":0.51914787,"data_set_V":0.6254015},{"data_set_T":22.700001,"data_set_U":0.51809841,"data_set_V":0.62350971},{"data_set_T":22.75,"data_set_U":0.51716292,"data_set_V":0.62163609},{"data_set_T":22.799999,"data_set_U":0.51634759,"data_set_V":0.61979544},{"data_set_T":22.85,"data_set_U":0.51565754,"data_set_V":0.61800218},{"data_set_T":22.9,"data_set_U":0.51509696,"data_set_V":0.61627018},{"data_set_T":22.950001,"data_set_U":0.51466882,"data_set_V":0.61461264},{"data_set_T":23.0,"data_set_U":0.51437515,"data_set_V":0.61304212},{"data_set_T":23.049999,"data_set_U":0.51421666,"data_set_V":0.61157018},{"data_set_T":23.1,"data_set_U":0.51419306,"data_set_V":0.61020762},{"data_set_T":23.15,"data_set_U":0.51430297,"data_set_V":0.60896409},{"data_set_T":23.200001,"data_set_U":0.51454395,"data_set_V":0.60784811},{"data_set_T":23.25,"data_set_U":0.51491243,"data_set_V":0.60686713},{"data_set_T":23.299999,"data_set_U":0.51540399,"data_set_V":0.60602731},{"data_set_T":23.35,"data_set_U":0.51601315,"data_set_V":0.60533357},{"data_set_T":23.4,"data_set_U":0.51673365,"data_set_V":0.60478956},{"data_set_T":23.450001,"data_set_U":0.51755828,"data_set_V":0.60439759},{"data_set_T":23.5,"data_set_U":0.51847935,"data_set_V":0.60415876},{"data_set_T":23.549999,"data_set_U":0.51948828,"data_set_V":0.60407287},{"data_set_T":23.6,"data_set_U":0.52057606,"data_set_V":0.60413837},{"data_set_T":23.65,"data_set_U":0.52173311,"data_set_V":0.60435265},{"data_set_T":23.700001,"data_set_U":0.52294952,"data_set_V":0.60471177},{"data_set_T":23.75,"data_set_U":0.52421504,"data_set_V":0.6052109},{"data_set_T":23.799999,"data_set_U":0.52551937,"data_set_V":0.60584396},{"data_set_T":23.85,"data_set_U":0.52685189,"data_set_V":0.60660404},{"data_set_T":23.9,"data_set_U":0.528202,"data_set_V":0.60748339},{"data_set_T":23.950001,"data_set_U":0.52955925,"data_set_V":0.6084733},{"data_set_T":24.0,"data_set_U":0.53091329,"data_set_V":0.6095646},{"data_set_T":24.049999,"data_set_U":0.53225392,"data_set_V":0.6107474},{"data_set_T":24.1,"data_set_U":0.53357124,"data_set_V":0.61201131},{"data_set_T":24.15,"data_set_U":0.53485572,"data_set_V":0.61334556},{"data_set_T":24.200001,"data_set_U":0.53609824,"data_set_V":0.61473906},{"data_set_T":24.25,"data_set_U":0.5372901,"data_set_V":0.61618054},{"data_set_T":24.299999,"data_set_U":0.53842312,"data_set_V":0.61765856},{"data_set_T":24.35,"data_set_U":0.53948969,"data_set_V":0.61916161},{"data_set_T":24.4,"data_set_U":0.54048276,"data_set_V":0.62067831},{"data_set_T":24.450001,"data_set_U":0.54139596,"data_set_V":0.62219733},{"data_set_T":24.5,"data_set_U":0.54222357,"data_set_V":0.62370747},{"data_set_T":24.549999,"data_set_U":0.54296041,"data_set_V":0.62519789},{"data_set_T":24.6,"data_set_U":0.54360211,"data_set_V":0.62665802},{"data_set_T":24.65,"data_set_U":0.54414511,"data_set_V":0.62807757},{"data_set_T":24.700001,"data_set_U":0.54458636,"data_set_V":0.6294468},{"data_set_T":24.75,"data_set_U":0.54492378,"data_set_V":0.63075644},{"data_set_T":24.799999,"data_set_U":0.54515588,"data_set_V":0.63199759},{"data_set_T":24.85,"data_set_U":0.54528201,"data_set_V":0.63316208},{"data_set_T":24.9,"data_set_U":0.54530221,"data_set_V":0.63424236},{"data_set_T":24.950001,"data_set_U":0.54521734,"data_set_V":0.63523132},{"data_set_T":25.0,"data_set_U":0.54502892,"data_set_V":0.63612282},{"data_set_T":25.049999,"data_set_U":0.54473931,"data_set_V":0.63691115},{"data_set_T":25.1,"data_set_U":0.5443514,"data_set_V":0.63759154},{"data_set_T":25.15,"data_set_U":0.54386902,"data_set_V":0.63815993},{"data_set_T":25.200001,"data_set_U":0.5432964,"data_set_V":0.6386131},{"data_set_T":25.25,"data_set_U":0.54263866,"data_set_V":0.63894856},{"data_set_T":25.299999,"data_set_U":0.54190129,"data_set_V":0.63916481},{"data_set_T":25.35,"data_set_U":0.54109055,"data_set_V":0.63926107},{"data_set_T":25.4,"data_set_U":0.54021311,"data_set_V":0.63923752},{"data_set_T":25.450001,"data_set_U":0.53927606,"data_set_V":0.63909507},{"data_set_T":25.5,"data_set_U":0.53828698,"data_set_V":0.63883573},{"data_set_T":25.549999,"data_set_U":0.53725386,"data_set_V":0.63846213},{"data_set_T":25.6,"data_set_U":0.53618485,"data_set_V":0.63797784},{"data_set_T":25.65,"data_set_U":0.53508848,"data_set_V":0.63738734},{"data_set_T":25.700001,"data_set_U":0.53397328,"data_set_V":0.6366958},{"data_set_T":25.75,"data_set_U":0.532848,"data_set_V":0.6359092},{"data_set_T":25.799999,"data_set_U":0.53172141,"data_set_V":0.6350342},{"data_set_T":25.85,"data_set_U":0.53060216,"data_set_V":0.63407809},{"data_set_T":25.9,"data_set_U":0.52949888,"data_set_V":0.63304889},{"data_set_T":25.950001,"data_set_U":0.52841991,"data_set_V":0.63195503},{"data_set_T":26.0,"data_set_U":0.52737343,"data_set_V":0.63080555},{"data_set_T":26.049999,"data_set_U":0.52636731,"data_set_V":0.62960976},{"data_set_T":26.1,"data_set_U":0.52540898,"data_set_V":0.62837738},{"data_set_T":26.15,"data_set_U":0.52450538,"data_set_V":0.62711835},{"data_set_T":26.200001,"data_set_U":0.52366316,"data_set_V":0.62584269},{"data_set_T":26.25,"data_set_U":0.52288818,"data_set_V":0.62456059},{"data_set_T":26.299999,"data_set_U":0.52218586,"data_set_V":0.62328219},{"data_set_T":26.35,"data_set_U":0.52156103,"data_set_V":0.62201756},{"data_set_T":26.4,"data_set_U":0.52101767,"data_set_V":0.62077647},{"data_set_T":26.450001,"data_set_U":0.52055919,"data_set_V":0.61956847},{"data_set_T":26.5,"data_set_U":0.52018833,"data_set_V":0.61840284},{"data_set_T":26.549999,"data_set_U":0.51990706,"data_set_V":0.61728829},{"data_set_T":26.6,"data_set_U":0.51971656,"data_set_V":0.61623317},{"data_set_T":26.65,"data_set_U":0.51961732,"data_set_V":0.61524516},{"data_set_T":26.700001,"data_set_U":0.51960909,"data_set_V":0.61433131},{"data_set_T":26.75,"data_set_U":0.51969087,"data_set_V":0.61349803},{"data_set_T":26.799999,"data_set_U":0.51986098,"data_set_V":0.61275101},{"data_set_T":26.85,"data_set_U":0.52011704,"data_set_V":0.61209506},{"data_set_T":26.9,"data_set_U":0.52045602,"data_set_V":0.61153442},{"data_set_T":26.950001,"data_set_U":0.52087426,"data_set_V":0.61107224},{"data_set_T":27.0,"data_set_U":0.52136761,"data_set_V":0.61071092},{"data_set_T":27.049999,"data_set_U":0.52193117,"data_set_V":0.61045218},{"data_set_T":27.1,"data_set_U":0.52255982,"data_set_V":0.61029661},{"data_set_T":27.15,"data_set_U":0.52324778,"data_set_V":0.61024415},{"data_set_T":27.200001,"data_set_U":0.52398896,"data_set_V":0.61029381},{"data_set_T":27.25,"data_set_U":0.52477705,"data_set_V":0.61044395},{"data_set_T":27.299999,"data_set_U":0.52560532,"data_set_V":0.61069196},{"data_set_T":27.35,"data_set_U":0.52646685,"data_set_V":0.61103463},{"data_set_T":27.4,"data_set_U":0.5273546,"data_set_V":0.61146802},{"data_set_T":27.450001,"data_set_U":0.52826154,"data_set_V":0.61198753},{"data_set_T":27.5,"data_set_U":0.52918047,"data_set_V":0.61258799},{"data_set_T":27.549999,"data_set_U":0.53010416,"data_set_V":0.61326367},{"data_set_T":27.6,"data_set_U":0.53102565,"data_set_V":0.61400837},{"data_set_T":27.65,"data_set_U":0.5319379,"data_set_V":0.61481547},{"data_set_T":27.700001,"data_set_U":0.53283417,"data_set_V":0.61567795},{"data_set_T":27.75,"data_set_U":0.53370798,"data_set_V":0.61658859},{"data_set_T":27.799999,"data_set_U":0.53455293,"data_set_V":0.61753976},{"data_set_T":27.85,"data_set_U":0.53536308,"data_set_V":0.6185239},{"data_set_T":27.9,"data_set_U":0.53613281,"data_set_V":0.61953306},{"data_set_T":27.950001,"data_set_U":0.53685677,"data_set_V":0.62055939},{"data_set_T":28.0,"data_set_U":0.53753024,"data_set_V":0.62159508},{"data_set_T":28.049999,"data_set_U":0.53814864,"data_set_V":0.62263227},{"data_set_T":28.1,"data_set_U":0.53870809,"data_set_V":0.62366325},{"data_set_T":28.15,"data_set_U":0.53920507,"data_set_V":0.6246804},{"data_set_T":28.200001,"data_set_U":0.53963655,"data_set_V":0.62567645},{"data_set_T":28.25,"data_set_U":0.54000008,"data_set_V":0.62664425},{"data_set_T":28.299999,"data_set_U":0.54029363,"data_set_V":0.62757701},{"data_set_T":28.35,"data_set_U":0.54051572,"data_set_V":0.62846822},{"data_set_T":28.4,"data_set_U":0.54066551,"data_set_V":0.6293118},{"data_set_T":28.450001,"data_set_U":0.54074258,"data_set_V":0.63010204},{"data_set_T":28.5,"data_set_U":0.54074705,"data_set_V":0.63083363},{"data_set_T":28.549999,"data_set_U":0.54067957,"data_set_V":0.63150179},{"data_set_T":28.6,"data_set_U":0.54054141,"data_set_V":0.63210231},{"data_set_T":28.65,"data_set_U":0.54033417,"data_set_V":0.6326313},{"data_set_T":28.700001,"data_set_U":0.54006004,"data_set_V":0.63308555},{"data_set_T":28.75,"data_set_U":0.53972179,"data_set_V":0.63346237},{"data_set_T":28.799999,"data_set_U":0.5393225,"data_set_V":0.63375968},{"data_set_T":28.85,"data_set_U":0.53886563,"data_set_V":0.63397592},{"data_set_T":28.9,"data_set_U":0.53835517,"data_set_V":0.63411021},{"data_set_T":28.950001,"data_set_U":0.53779554,"data_set_V":0.63416231},{"data_set_T":29.0,"data_set_U":0.53719127,"data_set_V":0.63413233},{"data_set_T":29.049999,"data_set_U":0.53654742,"data_set_V":0.63402134},{"data_set_T":29.1,"data_set_U":0.53586924,"data_set_V":0.63383073},{"data_set_T":29.15,"data_set_U":0.53516209,"data_set_V":0.63356256},{"data_set_T":29.200001,"data_set_U":0.53443176,"data_set_V":0.6332196},{"data_set_T":29.25,"data_set_U":0.5336839,"data_set_V":0.63280499},{"data_set_T":29.299999,"data_set_U":0.53292447,"data_set_V":0.63232237},{"data_set_T":29.35,"data_set_U":0.53215933,"data_set_V":0.63177609},{"data_set_T":29.4,"data_set_U":0.53139448,"data_set_V":0.63117081},{"data_set_T":29.450001,"data_set_U":0.53063571,"data_set_V":0.63051164},{"data_set_T":29.5,"data_set_U":0.52988887,"data_set_V":0.62980407},{"data_set_T":29.549999,"data_set_U":0.52915967,"data_set_V":0.62905395},{"data_set_T":29.6,"data_set_U":0.52845341,"data_set_V":0.62826747},{"data_set_T":29.65,"data_set_U":0.52777547,"data_set_V":0.627451},{"data_set_T":29.700001,"data_set_U":0.52713072,"data_set_V":0.62661117},{"data_set_T":29.75,"data_set_U":0.52652389,"data_set_V":0.62575465},{"data_set_T":29.799999,"data_set_U":0.52595931,"data_set_V":0.62488824},{"data_set_T":29.85,"data_set_U":0.52544093,"data_set_V":0.62401885},{"data_set_T":29.9,"data_set_U":0.52497232,"data_set_V":0.62315321},{"data_set_T":29.950001,"data_set_U":0.52455658,"data_set_V":0.62229806},{"data_set_T":30.0,"data_set_U":0.52419639,"data_set_V":0.62146002},{"data_set_T":30.049999,"data_set_U":0.52389395,"data_set_V":0.6206454},{"data_set_T":30.1,"data_set_U":0.52365106,"data_set_V":0.61986041},{"data_set_T":30.15,"data_set_U":0.52346891,"data_set_V":0.61911082},{"data_set_T":30.200001,"data_set_U":0.52334827,"data_set_V":0.61840212},{"data_set_T":30.25,"data_set_U":0.52328938,"data_set_V":0.6177395},{"data_set_T":30.299999,"data_set_U":0.52329206,"data_set_V":0.61712754},{"data_set_T":30.35,"data_set_U":0.52335554,"data_set_V":0.61657059},{"data_set_T":30.4,"data_set_U":0.52347863,"data_set_V":0.61607224},{"data_set_T":30.450001,"data_set_U":0.52365977,"data_set_V":0.61563587},{"data_set_T":30.5,"data_set_U":0.52389675,"data_set_V":0.61526412},{"data_set_T":30.549999,"data_set_U":0.52418721,"data_set_V":0.61495906},{"data_set_T":30.6,"data_set_U":0.52452821,"data_set_V":0.61472243},{"data_set_T":30.65,"data_set_U":0.52491653,"data_set_V":0.61455506},{"data_set_T":30.700001,"data_set_U":0.5253486,"data_set_V":0.61445761},{"data_set_T":30.75,"data_set_U":0.52582049,"data_set_V":0.61442983},{"data_set_T":30.799999,"data_set_U":0.52632821,"data_set_V":0.61447114},{"data_set_T":30.85,"data_set_U":0.52686739,"data_set_V":0.61458039},{"data_set_T":30.9,"data_set_U":0.52743345,"data_set_V":0.61475581},{"data_set_T":30.950001,"data_set_U":0.52802169,"data_set_V":0.61499518},{"data_set_T":31.0,"data_set_U":0.52862746,"data_set_V":0.61529601},{"data_set_T":31.049999,"data_set_U":0.52924585,"data_set_V":0.615655},{"data_set_T":31.1,"data_set_U":0.529872,"data_set_V":0.61606878},{"data_set_T":31.15,"data_set_U":0.53050107,"data_set_V":0.61653346},{"data_set_T":31.200001,"data_set_U":0.53112817,"data_set_V":0.61704487},{"data_set_T":31.25,"data_set_U":0.53174865,"data_set_V":0.61759841},{"data_set_T":31.299999,"data_set_U":0.53235781,"data_set_V":0.61818945},{"data_set_T":31.35,"data_set_U":0.53295124,"data_set_V":0.61881292},{"data_set_T":31.4,"data_set_U":0.53352463,"data_set_V":0.6194638},{"data_set_T":31.450001,"data_set_U":0.53407383,"data_set_V":0.6201368},{"data_set_T":31.5,"data_set_U":0.53459501,"data_set_V":0.62082654},{"data_set_T":31.549999,"data_set_U":0.53508466,"data_set_V":0.62152761},{"data_set_T":31.6,"data_set_U":0.53553933,"data_set_V":0.62223464},{"data_set_T":31.65,"data_set_U":0.53595603,"data_set_V":0.62294227},{"data_set_T":31.700001,"data_set_U":0.53633207,"data_set_V":0.62364513},{"data_set_T":31.75,"data_set_U":0.53666514,"data_set_V":0.62433803},{"data_set_T":31.799999,"data_set_U":0.53695309,"data_set_V":0.62501597},{"data_set_T":31.85,"data_set_U":0.53719431,"data_set_V":0.62567401},{"data_set_T":31.9,"data_set_U":0.53738743,"data_set_V":0.62630743},{"data_set_T":31.950001,"data_set_U":0.53753161,"data_set_V":0.62691182},{"data_set_T":32.0,"data_set_U":0.53762621,"data_set_V":0.62748301},{"data_set_T":32.049999,"data_set_U":0.53767097,"data_set_V":0.62801701},{"data_set_T":32.099998,"data_set_U":0.53766614,"data_set_V":0.6285103},{"data_set_T":32.150002,"data_set_U":0.53761226,"data_set_V":0.6289596},{"data_set_T":32.200001,"data_set_U":0.53751016,"data_set_V":0.62936205},{"data_set_T":32.25,"data_set_U":0.53736115,"data_set_V":0.62971497},{"data_set_T":32.299999,"data_set_U":0.53716671,"data_set_V":0.63001633},{"data_set_T":32.349998,"data_set_U":0.53692883,"data_set_V":0.63026434},{"data_set_T":32.400002,"data_set_U":0.53664964,"data_set_V":0.63045764},{"data_set_T":32.450001,"data_set_U":0.53633177,"data_set_V":0.63059533},{"data_set_T":32.5,"data_set_U":0.53597784,"data_set_V":0.63067681},{"data_set_T":32.549999,"data_set_U":0.53559101,"data_set_V":0.63070202},{"data_set_T":32.599998,"data_set_U":0.53517443,"data_set_V":0.63067132},{"data_set_T":32.650002,"data_set_U":0.53473157,"data_set_V":0.63058537},{"data_set_T":32.700001,"data_set_U":0.53426611,"data_set_V":0.63044536},{"data_set_T":32.75,"data_set_U":0.53378171,"data_set_V":0.63025284},{"data_set_T":32.799999,"data_set_U":0.53328222,"data_set_V":0.63000971},{"data_set_T":32.849998,"data_set_U":0.53277177,"data_set_V":0.6297183},{"data_set_T":32.900002,"data_set_U":0.53225416,"data_set_V":0.62938118},{"data_set_T":32.950001,"data_set_U":0.53173357,"data_set_V":0.62900144},{"data_set_T":33.0,"data_set_U":0.531214,"data_set_V":0.6285823},{"data_set_T":33.049999,"data_set_U":0.53069931,"data_set_V":0.62812734},{"data_set_T":33.099998,"data_set_U":0.53019357,"data_set_V":0.62764031},{"data_set_T":33.150002,"data_set_U":0.52970046,"data_set_V":0.62712532},{"data_set_T":33.200001,"data_set_U":0.52922368,"data_set_V":0.62658656},{"data_set_T":33.25,"data_set_U":0.52876675,"data_set_V":0.62602842},{"data_set_T":33.299999,"data_set_U":0.52833307,"data_set_V":0.62545532},{"data_set_T":33.349998,"data_set_U":0.52792561,"data_set_V":0.62487191},{"data_set_T":33.400002,"data_set_U":0.52754736,"data_set_V":0.62428278},{"data_set_T":33.450001,"data_set_U":0.52720088,"data_set_V":0.62369245},{"data_set_T":33.5,"data_set_U":0.52688855,"data_set_V":0.6231057},{"data_set_T":33.549999,"data_set_U":0.52661246,"data_set_V":0.62252682},{"data_set_T":33.599998,"data_set_U":0.52637428,"data_set_V":0.6219604},{"data_set_T":33.650002,"data_set_U":0.5261755,"data_set_V":0.62141061},{"data_set_T":33.700001,"data_set_U":0.52601725,"data_set_V":0.62088162},{"data_set_T":33.75,"data_set_U":0.5259003,"data_set_V":0.62037724},{"data_set_T":33.799999,"data_set_U":0.52582508,"data_set_V":0.61990118},{"data_set_T":33.849998,"data_set_U":0.52579176,"data_set_V":0.61945683},{"data_set_T":33.900002,"data_set_U":0.52580017,"data_set_V":0.61904728},{"data_set_T":33.950001,"data_set_U":0.52584964,"data_set_V":0.61867535},{"data_set_T":34.0,"data_set_U":0.52593946,"data_set_V":0.61834353},{"data_set_T":34.049999,"data_set_U":0.52606845,"data_set_V":0.61805391},{"data_set_T":34.099998,"data_set_U":0.52623516,"data_set_V":0.61780828},{"data_set_T":34.150002,"data_set_U":0.52643788,"data_set_V":0.61760807},{"data_set_T":34.200001,"data_set_U":0.52667463,"data_set_V":0.61745423},{"data_set_T":34.25,"data_set_U":0.52694321,"data_set_V":0.61734748},{"data_set_T":34.299999,"data_set_U":0.52724111,"data_set_V":0.61728811},{"data_set_T":34.349998,"data_set_U":0.52756584,"data_set_V":0.61727595},{"data_set_T":34.400002,"data_set_U":0.52791446,"data_set_V":0.61731058},{"data_set_T":34.450001,"data_set_U":0.52828407,"data_set_V":0.61739111},{"data_set_T":34.5,"data_set_U":0.52867162,"data_set_V":0.61751652},{"data_set_T":34.549999,"data_set_U":0.52907389,"data_set_V":0.61768514},{"data_set_T":34.599998,"data_set_U":0.52948767,"data_set_V":0.61789525},{"data_set_T":34.650002,"data_set_U":0.52990961,"data_set_V":0.61814469},{"data_set_T":34.700001,"data_set_U":0.5303365,"data_set_V":0.61843115},{"data_set_T":34.75,"data_set_U":0.53076494,"data_set_V":0.61875188},{"data_set_T":34.799999,"data_set_U":0.53119165,"data_set_V":0.61910409},{"data_set_T":34.849998,"data_set_U":0.53161341,"data_set_V":0.61948472},{"data_set_T":34.900002,"data_set_U":0.53202713,"data_set_V":0.61989051},{"data_set_T":34.950001,"data_set_U":0.5324297,"data_set_V":0.62031806},{"data_set_T":35.0,"data_set_U":0.5328182,"data_set_V":0.6207639},{"data_set_T":35.049999,"data_set_U":0.53318989,"data_set_V":0.62122434},{"data_set_T":35.099998,"data_set_U":0.5335421,"data_set_V":0.62169588},{"data_set_T":35.150002,"data_set_U":0.53387243,"data_set_V":0.62217468},{"data_set_T":35.200001,"data_set_U":0.53417861,"data_set_V":0.62265712},{"data_set_T":35.25,"data_set_U":0.53445858,"data_set_V":0.6231395},{"data_set_T":35.299999,"data_set_U":0.53471047,"data_set_V":0.62361819},{"data_set_T":35.349998,"data_set_U":0.53493279,"data_set_V":0.6240896},{"data_set_T":35.400002,"data_set_U":0.53512406,"data_set_V":0.62455028},{"data_set_T":35.450001,"data_set_U":0.53528327,"data_set_V":0.62499684},{"data_set_T":35.5,"data_set_U":0.53540951,"data_set_V":0.62542617},{"data_set_T":35.549999,"data_set_U":0.5355022,"data_set_V":0.62583518},{"data_set_T":35.599998,"data_set_U":0.53556097,"data_set_V":0.626221},{"data_set_T":35.650002,"data_set_U":0.5355857,"data_set_V":0.62658095},{"data_set_T":35.700001,"data_set_U":0.53557664,"data_set_V":0.62691265},{"data_set_T":35.75,"data_set_U":0.53553408,"data_set_V":0.6272139},{"data_set_T":35.799999,"data_set_U":0.5354588,"data_set_V":0.62748277},{"data_set_T":35.849998,"data_set_U":0.53535163,"data_set_V":0.62771744},{"data_set_T":35.900002,"data_set_U":0.53521371,"data_set_V":0.62791663},{"data_set_T":35.950001,"data_set_U":0.5350464,"data_set_V":0.62807912},{"data_set_T":36.0,"data_set_U":0.53485125,"data_set_V":0.62820405},{"data_set_T":36.049999,"data_set_U":0.53463006,"data_set_V":0.62829089},{"data_set_T":36.099998,"data_set_U":0.53438467,"data_set_V":0.62833929},{"data_set_T":36.150002,"data_set_U":0.53411728,"data_set_V":0.6283493},{"data_set_T":36.200001,"data_set_U":0.53383005,"data_set_V":0.62832117},{"data_set_T":36.25,"data_set_U":0.53352547,"data_set_V":0.62825549},{"data_set_T":36.299999,"data_set_U":0.53320593,"data_set_V":0.62815315},{"data_set_T":36.349998,"data_set_U":0.53287405,"data_set_V":0.62801522},{"data_set_T":36.400002,"data_set_U":0.53253251,"data_set_V":0.62784314},{"data_set_T":36.450001,"data_set_U":0.53218395,"data_set_V":0.62763852},{"data_set_T":36.5,"data_set_U":0.53183115,"data_set_V":0.6274032},{"data_set_T":36.549999,"data_set_U":0.53147686,"data_set_V":0.62713933},{"data_set_T":36.599998,"data_set_U":0.53112382,"data_set_V":0.62684911},{"data_set_T":36.650002,"data_set_U":0.53077465,"data_set_V":0.62653512},{"data_set_T":36.700001,"data_set_U":0.53043205,"data_set_V":0.6261999},{"data_set_T":36.75,"data_set_U":0.53009856,"data_set_V":0.62584621},{"data_set_T":36.799999,"data_set_U":0.52977663,"data_set_V":0.62547702},{"data_set_T":36.849998,"data_set_U":0.52946866,"data_set_V":0.62509531},{"data_set_T":36.900002,"data_set_U":0.52917689,"data_set_V":0.62470406},{"data_set_T":36.950001,"data_set_U":0.52890331,"data_set_V":0.62430644},{"data_set_T":37.0,"data_set_U":0.52864993,"data_set_V":0.6239056},{"data_set_T":37.049999,"data_set_U":0.52841842,"data_set_V":0.62350458},{"data_set_T":37.099998,"data_set_U":0.5282104,"data_set_V":0.62310654},{"data_set_T":37.150002,"data_set_U":0.52802718,"data_set_V":0.62271452},{"data_set_T":37.200001,"data_set_U":0.52786994,"data_set_V":0.62233144},{"data_set_T":37.25,"data_set_U":0.52773958,"data_set_V":0.62196016},{"data_set_T":37.299999,"data_set_U":0.52763689,"data_set_V":0.62160349},{"data_set_T":37.349998,"data_set_U":0.52756226,"data_set_V":0.62126404},{"data_set_T":37.400002,"data_set_U":0.52751601,"data_set_V":0.62094414},{"data_set_T":37.450001,"data_set_U":0.52749819,"data_set_V":0.62064618},{"data_set_T":37.5,"data_set_U":0.52750862,"data_set_V":0.62037218},{"data_set_T":37.549999,"data_set_U":0.52754694,"data_set_V":0.62012398},{"data_set_T":37.599998,"data_set_U":0.52761251,"data_set_V":0.61990321},{"data_set_T":37.650002,"data_set_U":0.52770454,"data_set_V":0.61971128},{"data_set_T":37.700001,"data_set_U":0.52782208,"data_set_V":0.61954933},{"data_set_T":37.75,"data_set_U":0.52796382,"data_set_V":0.61941838},{"data_set_T":37.799999,"data_set_U":0.5281285,"data_set_V":0.61931896},{"data_set_T":37.849998,"data_set_U":0.52831453,"data_set_V":0.61925155},{"data_set_T":37.900002,"data_set_U":0.52852029,"data_set_V":0.61921626},{"data_set_T":37.950001,"data_set_U":0.52874398,"data_set_V":0.61921304},{"data_set_T":38.0,"data_set_U":0.52898365,"data_set_V":0.6192416},{"data_set_T":38.049999,"data_set_U":0.52923727,"data_set_V":0.6193012},{"data_set_T":38.099998,"data_set_U":0.52950281,"data_set_V":0.61939108},{"data_set_T":38.150002,"data_set_U":0.52977806,"data_set_V":0.61951029},{"data_set_T":38.200001,"data_set_U":0.53006083,"data_set_V":0.61965752},{"data_set_T":38.25,"data_set_U":0.53034884,"data_set_V":0.61983126},{"data_set_T":38.299999,"data_set_U":0.53063983,"data_set_V":0.62002993},{"data_set_T":38.349998,"data_set_U":0.53093159,"data_set_V":0.62025172},{"data_set_T":38.400002,"data_set_U":0.53122181,"data_set_V":0.62049466},{"data_set_T":38.450001,"data_set_U":0.53150839,"data_set_V":0.62075663},{"data_set_T":38.5,"data_set_U":0.53178918,"data_set_V":0.62103546},{"data_set_T":38.549999,"data_set_U":0.53206205,"data_set_V":0.62132883},{"data_set_T":38.599998,"data_set_U":0.53232503,"data_set_V":0.6216343},{"data_set_T":38.650002,"data_set_U":0.53257632,"data_set_V":0.62194943},{"data_set_T":38.700001,"data_set_U":0.53281403,"data_set_V":0.62227172},{"data_set_T":38.75,"data_set_U":0.53303653,"data_set_V":0.62259859},{"data_set_T":38.799999,"data_set_U":0.53324234,"data_set_V":0.62292761},{"data_set_T":38.849998,"data_set_U":0.53343004,"data_set_V":0.62325627},{"data_set_T":38.900002,"data_set_U":0.53359842,"data_set_V":0.62358195},{"data_set_T":38.950001,"data_set_U":0.53374642,"data_set_V":0.62390232},{"data_set_T":39.0,"data_set_U":0.53387314,"data_set_V":0.62421501},{"data_set_T":39.049999,"data_set_U":0.53397787,"data_set_V":0.62451774},{"data_set_T":39.099998,"data_set_U":0.53405994,"data_set_V":0.62480831},{"data_set_T":39.150002,"data_set_U":0.53411913,"data_set_V":0.62508464},{"data_set_T":39.200001,"data_set_U":0.53415507,"data_set_V":0.62534487},{"data_set_T":39.25,"data_set_U":0.53416783,"data_set_V":0.62558711},{"data_set_T":39.299999,"data_set_U":0.53415757,"data_set_V":0.62580979},{"data_set_T":39.349998,"data_set_U":0.53412455,"data_set_V":0.62601137},{"data_set_T":39.400002,"data_set_U":0.53406924,"data_set_V":0.6261906},{"data_set_T":39.450001,"data_set_U":0.53399235,"data_set_V":0.62634635},{"data_set_T":39.5,"data_set_U":0.53389466,"data_set_V":0.6264776},{"data_set_T":39.549999,"data_set_U":0.53377712,"data_set_V":0.62658376},{"data_set_T":39.599998,"data_set_U":0.5336408,"data_set_V":0.6266641},{"data_set_T":39.650002,"data_set_U":0.53348696,"data_set_V":0.6267184},{"data_set_T":39.700001,"data_set_U":0.53331691,"data_set_V":0.62674648},{"data_set_T":39.75,"data_set_U":0.53313214,"data_set_V":0.62674838},{"data_set_T":39.799999,"data_set_U":0.53293425,"data_set_V":0.62672436},{"data_set_T":39.849998,"data_set_U":0.5327248,"data_set_V":0.62667483},{"data_set_T":39.900002,"data_set_U":0.53250551,"data_set_V":0.62660038},{"data_set_T":39.950001,"data_set_U":0.53227818,"data_set_V":0.62650192},{"data_set_T":40.0,"data_set_U":0.53204465,"data_set_V":0.62638038}]