[{"data_set_value_component_environment_variable_time":0.0,"data_set_value_component_membrane_variable_V":-62.83,"data_set_value_component_membrane_variable_Cm":1.0,"data_set_value_component_sodium_channel_variable_i_Na":-0.0049084252,"data_set_value_component_sodium_channel_m_gate_variable_m":0.047938,"data_set_value_component_sodium_channel_m_gate_variable_alpha_m":2.1108478667,"data_set_value_component_sodium_channel_m_gate_variable_beta_m":41.9093380644,"data_set_value_component_sodium_channel_h_gate_variable_h":0.95994,"data_set_value_component_sodium_channel_h_gate_variable_alpha_h":0.849575612,"data_set_value_component_sodium_channel_h_gate_variable_beta_h":0.0361590161,"data_set_value_component_potassium_channel_variable_i_K":0.753492924,"data_set_value_component_potassium_channel_n_gate_variable_n":0.509494,"data_set_value_component_potassium_channel_n_gate_variable_alpha_n":0.0006205609,"data_set_value_component_potassium_channel_n_gate_variable_beta_n":0.0062619356,"data_set_value_component_leakage_current_variable_i_Leak":-0.1216004034,"data_set_value_component_calcium_channel_variable_i_s":-0.6205103302,"data_set_value_component_calcium_channel_d_gate_variable_d":0.000032,"data_set_value_component_calcium_channel_d_gate_variable_alpha_d":0.0000099641,"data_set_value_component_calcium_channel_d_gate_variable_beta_d":0.2855643,"data_set_value_component_calcium_channel_f_gate_variable_f":1.0,"data_set_value_component_calcium_channel_f_gate_variable_alpha_f":0.0152122371,"data_set_value_component_calcium_channel_f_gate_variable_beta_f":-0.0000008852,"data_set_value_component_hyperpolarization_activated_channel_variable_i_h":-0.076733188,"data_set_value_component_hyperpolarization_activated_channel_q_gate_variable_q":0.010759,"data_set_value_component_hyperpolarization_activated_channel_q_gate_variable_alpha_q":0.00005221,"data_set_value_component_hyperpolarization_activated_channel_q_gate_variable_beta_q":0.0003443733},{"data_set_value_component_environment_variable_time":0.1,"data_set_value_component_membrane_variable_V":-62.8229746109,"data_set_value_component_membrane_variable_Cm":1.0,"data_set_value_component_sodium_channel_variable_i_Na":-0.0049215249,"data_set_value_component_sodium_channel_m_gate_variable_m":0.0479829458,"data_set_value_component_sodium_channel_m_gate_variable_alpha_m":2.1118781065,"data_set_value_component_sodium_channel_m_gate_variable_beta_m":41.8928003504,"data_set_value_component_sodium_channel_h_gate_variable_h":0.9598723409,"data_set_value_component_sodium_channel_h_gate_variable_alpha_h":0.848662635,"data_set_value_component_sodium_channel_h_gate_variable_beta_h":0.0361835087,"data_set_value_component_potassium_channel_variable_i_K":0.7531968411,"data_set_value_component_potassium_channel_n_gate_variable_n":0.5092055278,"data_set_value_component_potassium_channel_n_gate_variable_alpha_n":0.0006205758,"data_set_value_component_potassium_channel_n_gate_variable_beta_n":0.0062607332,"data_set_value_component_leakage_current_variable_i_Leak":-0.1212767302,"data_set_value_component_calcium_channel_variable_i_s":-0.6205090728,"data_set_value_component_calcium_channel_d_gate_variable_d":0.0000320825,"data_set_value_component_calcium_channel_d_gate_variable_alpha_d":0.0000099847,"data_set_value_component_calcium_channel_d_gate_variable_beta_d":0.2855347231,"data_set_value_component_calcium_channel_f_gate_variable_f":1.0000000884,"data_set_value_component_calcium_channel_f_gate_variable_alpha_f":0.0152097513,"data_set_value_component_calcium_channel_f_gate_variable_beta_f":-0.0000008845,"data_set_value_component_hyperpolarization_activated_channel_variable_i_h":-0.0767371302,"data_set_value_component_hyperpolarization_activated_channel_q_gate_variable_q":0.0107637939,"data_set_value_component_hyperpolarization_activated_channel_q_gate_variable_alpha_q":0.0000522061,"data_set_value_component_hyperpolarization_activated_channel_q_gate_variable_beta_q":0.0003446046},{"data_set_value_component_environment_variable_time":0.2,"data_set_value_component_membrane_variable_V":-62.815950613,"data_set_value_component_membrane_variable_Cm":1.0,"data_set_value_component_sodium_channel_variable_i_Na":-0.0049332303,"data_set_value_component_sodium_channel_m_gate_variable_m":0.048023297,"data_set_value_component_sodium_channel_m_gate_variable_alpha_m":2.1129085809,"data_set_value_component_sodium_channel_m_gate_variable_beta_m":41.8762724351,"data_set_value_component_sodium_channel_h_gate_variable_h":0.9598046545,"data_set_value_component_sodium_channel_h_gate_variable_alpha_h":0.8477508196,"data_set_value_component_sodium_channel_h_gate_variable_beta_h":0.0362080123,"data_set_value_component_potassium_channel_variable_i_K":0.7529009726,"data_set_value_component_potassium_channel_n_gate_variable_n":0.5089173352,"data_set_value_component_potassium_channel_n_gate_variable_alpha_n":0.0006205906,"data_set_value_component_potassium_channel_n_gate_variable_beta_n":0.0062595312,"data_set_value_component_leakage_current_variable_i_Leak":-0.1209532347,"data_set_value_component_calcium_channel_variable_i_s":-0.6205078122,"data_set_value_component_calcium_channel_d_gate_variable_d":0.0000321647,"data_set_value_component_calcium_channel_d_gate_variable_alpha_d":0.0000100054,"data_set_value_component_calcium_channel_d_gate_variable_beta_d":0.2855051521,"data_set_value_component_calcium_channel_f_gate_variable_f":1.0000001766,"data_set_value_component_calcium_channel_f_gate_variable_alpha_f":0.015207266,"data_set_value_component_calcium_channel_f_gate_variable_beta_f":-0.0000008838,"data_set_value_component_hyperpolarization_activated_channel_variable_i_h":-0.0767410452,"data_set_value_component_hyperpolarization_activated_channel_q_gate_variable_q":0.0107685869,"data_set_value_component_hyperpolarization_activated_channel_q_gate_variable_alpha_q":0.0000522023,"data_set_value_component_hyperpolarization_activated_channel_q_gate_variable_beta_q":0.0003448361},{"data_set_value_component_environment_variable_time":0.3,"data_set_value_component_membrane_variable_V":-62.8089283254,"data_set_value_component_membrane_variable_Cm":1.0,"data_set_value_component_sodium_channel_variable_i_Na":-0.0049449506,"data_set_value_component_sodium_channel_m_gate_variable_m":0.0480636406,"data_set_value_component_sodium_channel_m_gate_variable_alpha_m":2.1139392429,"data_set_value_component_sodium_channel_m_gate_variable_beta_m":41.8597550626,"data_set_value_component_sodium_channel_h_gate_variable_h":0.9597369283,"data_set_value_component_sodium_channel_h_gate_variable_alpha_h":0.8468402055,"data_set_value_component_sodium_channel_h_gate_variable_beta_h":0.036232526,"data_set_value_component_potassium_channel_variable_i_K":0.7526053928,"data_set_value_component_potassium_channel_n_gate_variable_n":0.5086294761,"data_set_value_component_potassium_channel_n_gate_variable_alpha_n":0.0006206055,"data_set_value_component_potassium_channel_n_gate_variable_beta_n":0.0062583296,"data_set_value_component_leakage_current_variable_i_Leak":-0.1206299315,"data_set_value_component_calcium_channel_variable_i_s":-0.6205065481,"data_set_value_component_calcium_channel_d_gate_variable_d":0.0000322468,"data_set_value_component_calcium_channel_d_gate_variable_alpha_d":0.0000100261,"data_set_value_component_calcium_channel_d_gate_variable_beta_d":0.2854755883,"data_set_value_component_calcium_channel_f_gate_variable_f":1.0000002645,"data_set_value_component_calcium_channel_f_gate_variable_alpha_f":0.0152047813,"data_set_value_component_calcium_channel_f_gate_variable_beta_f":-0.0000008831,"data_set_value_component_hyperpolarization_activated_channel_variable_i_h":-0.0767449331,"data_set_value_component_hyperpolarization_activated_channel_q_gate_variable_q":0.0107733789,"data_set_value_component_hyperpolarization_activated_channel_q_gate_variable_alpha_q":0.0000521985,"data_set_value_component_hyperpolarization_activated_channel_q_gate_variable_beta_q":0.0003450677},{"data_set_value_component_environment_variable_time":0.4,"data_set_value_component_membrane_variable_V":-62.8019074244,"data_set_value_component_membrane_variable_Cm":1.0,"data_set_value_component_sodium_channel_variable_i_Na":-0.0049566963,"data_set_value_component_sodium_channel_m_gate_variable_m":0.0481040108,"data_set_value_component_sodium_channel_m_gate_variable_alpha_m":2.1149701398,"data_set_value_component_sodium_channel_m_gate_variable_beta_m":41.8432474648,"data_set_value_component_sodium_channel_h_gate_variable_h":0.9596691623,"data_set_value_component_sodium_channel_h_gate_variable_alpha_h":0.8459307492,"data_set_value_component_sodium_channel_h_gate_variable_beta_h":0.0362570508,"data_set_value_component_potassium_channel_variable_i_K":0.7523100125,"data_set_value_component_potassium_channel_n_gate_variable_n":0.508341886,"data_set_value_component_potassium_channel_n_gate_variable_alpha_n":0.0006206204,"data_set_value_component_potassium_channel_n_gate_variable_beta_n":0.0062571283,"data_set_value_component_leakage_current_variable_i_Leak":-0.1203068057,"data_set_value_component_calcium_channel_variable_i_s":-0.6205052813,"data_set_value_component_calcium_channel_d_gate_variable_d":0.0000323286,"data_set_value_component_calcium_channel_d_gate_variable_alpha_d":0.0000100468,"data_set_value_component_calcium_channel_d_gate_variable_beta_d":0.2854460303,"data_set_value_component_calcium_channel_f_gate_variable_f":1.0000003523,"data_set_value_component_calcium_channel_f_gate_variable_alpha_f":0.0152022972,"data_set_value_component_calcium_channel_f_gate_variable_beta_f":-0.0000008823,"data_set_value_component_hyperpolarization_activated_channel_variable_i_h":-0.0767487941,"data_set_value_component_hyperpolarization_activated_channel_q_gate_variable_q":0.01077817,"data_set_value_component_hyperpolarization_activated_channel_q_gate_variable_alpha_q":0.0000521947,"data_set_value_component_hyperpolarization_activated_channel_q_gate_variable_beta_q":0.0003452995},{"data_set_value_component_environment_variable_time":0.5,"data_set_value_component_membrane_variable_V":-62.7948875846,"data_set_value_component_membrane_variable_Cm":1.0,"data_set_value_component_sodium_channel_variable_i_Na":-0.0049684653,"data_set_value_component_sodium_channel_m_gate_variable_m":0.0481444006,"data_set_value_component_sodium_channel_m_gate_variable_alpha_m":2.1160013194,"data_set_value_component_sodium_channel_m_gate_variable_beta_m":41.8267488702,"data_set_value_component_sodium_channel_h_gate_variable_h":0.9596013639,"data_set_value_component_sodium_channel_h_gate_variable_alpha_h":0.8450224067,"data_set_value_component_sodium_channel_h_gate_variable_beta_h":0.0362815878,"data_set_value_component_potassium_channel_variable_i_K":0.7520147444,"data_set_value_component_potassium_channel_n_gate_variable_n":0.5080545014,"data_set_value_component_potassium_channel_n_gate_variable_alpha_n":0.0006206353,"data_set_value_component_potassium_channel_n_gate_variable_beta_n":0.0062559273,"data_set_value_component_leakage_current_variable_i_Leak":-0.119983842,"data_set_value_component_calcium_channel_variable_i_s":-0.6205040122,"data_set_value_component_calcium_channel_d_gate_variable_d":0.0000324104,"data_set_value_component_calcium_channel_d_gate_variable_alpha_d":0.0000100676,"data_set_value_component_calcium_channel_d_gate_variable_beta_d":0.2854164767,"data_set_value_component_calcium_channel_f_gate_variable_f":1.0000004398,"data_set_value_component_calcium_channel_f_gate_variable_alpha_f":0.0151998134,"data_set_value_component_calcium_channel_f_gate_variable_beta_f":-0.0000008816,"data_set_value_component_hyperpolarization_activated_channel_variable_i_h":-0.0767526282,"data_set_value_component_hyperpolarization_activated_channel_q_gate_variable_q":0.0107829605,"data_set_value_component_hyperpolarization_activated_channel_q_gate_variable_alpha_q":0.000052191,"data_set_value_component_hyperpolarization_activated_channel_q_gate_variable_beta_q":0.0003455314},{"data_set_value_component_environment_variable_time":0.6,"data_set_value_component_membrane_variable_V":-62.7878690206,"data_set_value_component_membrane_variable_Cm":1.0,"data_set_value_component_sodium_channel_variable_i_Na":-0.0049802595,"data_set_value_component_sodium_channel_m_gate_variable_m":0.0481848161,"data_set_value_component_sodium_channel_m_gate_variable_alpha_m":2.11703275,"data_set_value_component_sodium_channel_m_gate_variable_beta_m":41.8102597778,"data_set_value_component_sodium_channel_h_gate_variable_h":0.9595335189,"data_set_value_component_sodium_channel_h_gate_variable_alpha_h":0.8441152044,"data_set_value_component_sodium_channel_h_gate_variable_beta_h":0.0363061364,"data_set_value_component_potassium_channel_variable_i_K":0.7517196464,"data_set_value_component_potassium_channel_n_gate_variable_n":0.5077673642,"data_set_value_component_potassium_channel_n_gate_variable_alpha_n":0.0006206501,"data_set_value_component_potassium_channel_n_gate_variable_beta_n":0.0062547266,"data_set_value_component_leakage_current_variable_i_Leak":-0.1196610504,"data_set_value_component_calcium_channel_variable_i_s":-0.6205027406,"data_set_value_component_calcium_channel_d_gate_variable_d":0.000032492,"data_set_value_component_calcium_channel_d_gate_variable_alpha_d":0.0000100884,"data_set_value_component_calcium_channel_d_gate_variable_beta_d":0.2853869286,"data_set_value_component_calcium_channel_f_gate_variable_f":1.0000005272,"data_set_value_component_calcium_channel_f_gate_variable_alpha_f":0.0151973301,"data_set_value_component_calcium_channel_f_gate_variable_beta_f":-0.0000008809,"data_set_value_component_hyperpolarization_activated_channel_variable_i_h":-0.0767564353,"data_set_value_component_hyperpolarization_activated_channel_q_gate_variable_q":0.0107877502,"data_set_value_component_hyperpolarization_activated_channel_q_gate_variable_alpha_q":0.0000521872,"data_set_value_component_hyperpolarization_activated_channel_q_gate_variable_beta_q":0.0003457635},{"data_set_value_component_environment_variable_time":0.7,"data_set_value_component_membrane_variable_V":-62.7808516718,"data_set_value_component_membrane_variable_Cm":1.0,"data_set_value_component_sodium_channel_variable_i_Na":-0.0049920784,"data_set_value_component_sodium_channel_m_gate_variable_m":0.0482252556,"data_set_value_component_sodium_channel_m_gate_variable_alpha_m":2.1180644405,"data_set_value_component_sodium_channel_m_gate_variable_beta_m":41.793780039,"data_set_value_component_sodium_channel_h_gate_variable_h":0.9594656298,"data_set_value_component_sodium_channel_h_gate_variable_alpha_h":0.8432091329,"data_set_value_component_sodium_channel_h_gate_variable_beta_h":0.0363306967,"data_set_value_component_potassium_channel_variable_i_K":0.7514247026,"data_set_value_component_potassium_channel_n_gate_variable_n":0.5074804626,"data_set_value_component_potassium_channel_n_gate_variable_alpha_n":0.000620665,"data_set_value_component_potassium_channel_n_gate_variable_beta_n":0.0062535262,"data_set_value_component_leakage_current_variable_i_Leak":-0.1193384279,"data_set_value_component_calcium_channel_variable_i_s":-0.6205014666,"data_set_value_component_calcium_channel_d_gate_variable_d":0.0000325734,"data_set_value_component_calcium_channel_d_gate_variable_alpha_d":0.0000101093,"data_set_value_component_calcium_channel_d_gate_variable_beta_d":0.2853573855,"data_set_value_component_calcium_channel_f_gate_variable_f":1.0000006144,"data_set_value_component_calcium_channel_f_gate_variable_alpha_f":0.0151948472,"data_set_value_component_calcium_channel_f_gate_variable_beta_f":-0.0000008802,"data_set_value_component_hyperpolarization_activated_channel_variable_i_h":-0.0767602155,"data_set_value_component_hyperpolarization_activated_channel_q_gate_variable_q":0.0107925392,"data_set_value_component_hyperpolarization_activated_channel_q_gate_variable_alpha_q":0.0000521834,"data_set_value_component_hyperpolarization_activated_channel_q_gate_variable_beta_q":0.0003459957},{"data_set_value_component_environment_variable_time":0.8,"data_set_value_component_membrane_variable_V":-62.7738356516,"data_set_value_component_membrane_variable_Cm":1.0,"data_set_value_component_sodium_channel_variable_i_Na":-0.0050039219,"data_set_value_component_sodium_channel_m_gate_variable_m":0.048265719,"data_set_value_component_sodium_channel_m_gate_variable_alpha_m":2.119096374,"data_set_value_component_sodium_channel_m_gate_variable_beta_m":41.7773099141,"data_set_value_component_sodium_channel_h_gate_variable_h":0.9593976849,"data_set_value_component_sodium_channel_h_gate_variable_alpha_h":0.8423042053,"data_set_value_component_sodium_channel_h_gate_variable_beta_h":0.0363552683,"data_set_value_component_potassium_channel_variable_i_K":0.7511299428,"data_set_value_component_potassium_channel_n_gate_variable_n":0.5071938179,"data_set_value_component_potassium_channel_n_gate_variable_alpha_n":0.0006206799,"data_set_value_component_potassium_channel_n_gate_variable_beta_n":0.0062523262,"data_set_value_component_leakage_current_variable_i_Leak":-0.1190159796,"data_set_value_component_calcium_channel_variable_i_s":-0.6205001904,"data_set_value_component_calcium_channel_d_gate_variable_d":0.0000326548,"data_set_value_component_calcium_channel_d_gate_variable_alpha_d":0.0000101302,"data_set_value_component_calcium_channel_d_gate_variable_beta_d":0.2853278481,"data_set_value_component_calcium_channel_f_gate_variable_f":1.0000007013,"data_set_value_component_calcium_channel_f_gate_variable_alpha_f":0.0151923648,"data_set_value_component_calcium_channel_f_gate_variable_beta_f":-0.0000008794,"data_set_value_component_hyperpolarization_activated_channel_variable_i_h":-0.0767639689,"data_set_value_component_hyperpolarization_activated_channel_q_gate_variable_q":0.0107973274,"data_set_value_component_hyperpolarization_activated_channel_q_gate_variable_alpha_q":0.0000521796,"data_set_value_component_hyperpolarization_activated_channel_q_gate_variable_beta_q":0.000346228},{"data_set_value_component_environment_variable_time":0.9,"data_set_value_component_membrane_variable_V":-62.7668209358,"data_set_value_component_membrane_variable_Cm":1.0,"data_set_value_component_sodium_channel_variable_i_Na":-0.0050157901,"data_set_value_component_sodium_channel_m_gate_variable_m":0.0483062061,"data_set_value_component_sodium_channel_m_gate_variable_alpha_m":2.1201285542,"data_set_value_component_sodium_channel_m_gate_variable_beta_m":41.7608493398,"data_set_value_component_sodium_channel_h_gate_variable_h":0.9593296842,"data_set_value_component_sodium_channel_h_gate_variable_alpha_h":0.8414004168,"data_set_value_component_sodium_channel_h_gate_variable_beta_h":0.0363798513,"data_set_value_component_potassium_channel_variable_i_K":0.7508353604,"data_set_value_component_potassium_channel_n_gate_variable_n":0.5069074253,"data_set_value_component_potassium_channel_n_gate_variable_alpha_n":0.0006206948,"data_set_value_component_potassium_channel_n_gate_variable_beta_n":0.0062511265,"data_set_value_component_leakage_current_variable_i_Leak":-0.1186937043,"data_set_value_component_calcium_channel_variable_i_s":-0.6204989119,"data_set_value_component_calcium_channel_d_gate_variable_d":0.000032736,"data_set_value_component_calcium_channel_d_gate_variable_alpha_d":0.0000101512,"data_set_value_component_calcium_channel_d_gate_variable_beta_d":0.2852983161,"data_set_value_component_calcium_channel_f_gate_variable_f":1.0000007881,"data_set_value_component_calcium_channel_f_gate_variable_alpha_f":0.0151898828,"data_set_value_component_calcium_channel_f_gate_variable_beta_f":-0.0000008787,"data_set_value_component_hyperpolarization_activated_channel_variable_i_h":-0.0767676953,"data_set_value_component_hyperpolarization_activated_channel_q_gate_variable_q":0.0108021147,"data_set_value_component_hyperpolarization_activated_channel_q_gate_variable_alpha_q":0.0000521759,"data_set_value_component_hyperpolarization_activated_channel_q_gate_variable_beta_q":0.0003464605},{"data_set_value_component_environment_variable_time":1.0,"data_set_value_component_membrane_variable_V":-62.7598075711,"data_set_value_component_membrane_variable_Cm":1.0,"data_set_value_component_sodium_channel_variable_i_Na":-0.0050276826,"data_set_value_component_sodium_channel_m_gate_variable_m":0.0483467161,"data_set_value_component_sodium_channel_m_gate_variable_alpha_m":2.1211609738,"data_set_value_component_sodium_channel_m_gate_variable_beta_m":41.7443984201,"data_set_value_component_sodium_channel_h_gate_variable_h":0.9592616172,"data_set_value_component_sodium_channel_h_gate_variable_alpha_h":0.8404977718,"data_set_value_component_sodium_channel_h_gate_variable_beta_h":0.0364044456,"data_set_value_component_potassium_channel_variable_i_K":0.7505409663,"data_set_value_component_potassium_channel_n_gate_variable_n":0.5066212923,"data_set_value_component_potassium_channel_n_gate_variable_alpha_n":0.0006207098,"data_set_value_component_potassium_channel_n_gate_variable_beta_n":0.0062499271,"data_set_value_component_leakage_current_variable_i_Leak":-0.1183716041,"data_set_value_component_calcium_channel_variable_i_s":-0.6204976313,"data_set_value_component_calcium_channel_d_gate_variable_d":0.000032817,"data_set_value_component_calcium_channel_d_gate_variable_alpha_d":0.0000101722,"data_set_value_component_calcium_channel_d_gate_variable_beta_d":0.2852687899,"data_set_value_component_calcium_channel_f_gate_variable_f":1.0000008747,"data_set_value_component_calcium_channel_f_gate_variable_alpha_f":0.0151874014,"data_set_value_component_calcium_channel_f_gate_variable_beta_f":-0.0000008779,"data_set_value_component_hyperpolarization_activated_channel_variable_i_h":-0.0767713949,"data_set_value_component_hyperpolarization_activated_channel_q_gate_variable_q":0.0108069013,"data_set_value_component_hyperpolarization_activated_channel_q_gate_variable_alpha_q":0.0000521721,"data_set_value_component_hyperpolarization_activated_channel_q_gate_variable_beta_q":0.0003466932}]