[{"data_set_value_component_environment_variable_time":0.0,"data_set_value_component_x_variable_x":1.0,"data_set_value_component_y_variable_y":0.0,"data_set_value_component_y_variable_d2":0.7706194846,"data_set_value_component_w_variable_w":0.0,"data_set_value_component_w_variable_f":100.0,"data_set_value_component_z_variable_z":0.01,"data_set_value_component_z_variable_v":0.5,"data_set_value_component_model_parameters_variable_a":0.03333,"data_set_value_component_model_parameters_variable_d1":0.005,"data_set_value_component_model_parameters_variable_r":1.0,"data_set_value_component_model_parameters_variable_p":200.0,"data_set_value_component_model_parameters_variable_alpha":0.0003333,"data_set_value_component_model_parameters_variable_mu":0.023,"data_set_value_component_model_parameters_variable_kappa":1.0},{"data_set_value_component_environment_variable_time":0.1,"data_set_value_component_x_variable_x":0.9994664707,"data_set_value_component_y_variable_y":0.0000007854,"data_set_value_component_y_variable_d2":0.7706194846,"data_set_value_component_w_variable_w":0.003022279,"data_set_value_component_w_variable_f":100.0,"data_set_value_component_z_variable_z":0.0098133249,"data_set_value_component_z_variable_v":0.5,"data_set_value_component_model_parameters_variable_a":0.03333,"data_set_value_component_model_parameters_variable_d1":0.005,"data_set_value_component_model_parameters_variable_r":1.0,"data_set_value_component_model_parameters_variable_p":200.0,"data_set_value_component_model_parameters_variable_alpha":0.0003333,"data_set_value_component_model_parameters_variable_mu":0.023,"data_set_value_component_model_parameters_variable_kappa":1.0},{"data_set_value_component_environment_variable_time":0.2,"data_set_value_component_x_variable_x":0.9989326334,"data_set_value_component_y_variable_y":0.0000028038,"data_set_value_component_y_variable_d2":0.7706194846,"data_set_value_component_w_variable_w":0.0054860067,"data_set_value_component_w_variable_f":100.0,"data_set_value_component_z_variable_z":0.0101726997,"data_set_value_component_z_variable_v":0.5,"data_set_value_component_model_parameters_variable_a":0.03333,"data_set_value_component_model_parameters_variable_d1":0.005,"data_set_value_component_model_parameters_variable_r":1.0,"data_set_value_component_model_parameters_variable_p":200.0,"data_set_value_component_model_parameters_variable_alpha":0.0003333,"data_set_value_component_model_parameters_variable_mu":0.023,"data_set_value_component_model_parameters_variable_kappa":1.0},{"data_set_value_component_environment_variable_time":0.3,"data_set_value_component_x_variable_x":0.9983985676,"data_set_value_component_y_variable_y":0.0000056251,"data_set_value_component_y_variable_d2":0.7706194846,"data_set_value_component_w_variable_w":0.0074246459,"data_set_value_component_w_variable_f":100.0,"data_set_value_component_z_variable_z":0.0110207218,"data_set_value_component_z_variable_v":0.5,"data_set_value_component_model_parameters_variable_a":0.03333,"data_set_value_component_model_parameters_variable_d1":0.005,"data_set_value_component_model_parameters_variable_r":1.0,"data_set_value_component_model_parameters_variable_p":200.0,"data_set_value_component_model_parameters_variable_alpha":0.0003333,"data_set_value_component_model_parameters_variable_mu":0.023,"data_set_value_component_model_parameters_variable_kappa":1.0},{"data_set_value_component_environment_variable_time":0.4,"data_set_value_component_x_variable_x":0.9978642741,"data_set_value_component_y_variable_y":0.0000088715,"data_set_value_component_y_variable_d2":0.7706194846,"data_set_value_component_w_variable_w":0.0088267715,"data_set_value_component_w_variable_f":100.0,"data_set_value_component_z_variable_z":0.0123460704,"data_set_value_component_z_variable_v":0.5,"data_set_value_component_model_parameters_variable_a":0.03333,"data_set_value_component_model_parameters_variable_d1":0.005,"data_set_value_component_model_parameters_variable_r":1.0,"data_set_value_component_model_parameters_variable_p":200.0,"data_set_value_component_model_parameters_variable_alpha":0.0003333,"data_set_value_component_model_parameters_variable_mu":0.023,"data_set_value_component_model_parameters_variable_kappa":1.0},{"data_set_value_component_environment_variable_time":0.5,"data_set_value_component_x_variable_x":0.9973296801,"data_set_value_component_y_variable_y":0.0000122005,"data_set_value_component_y_variable_d2":0.7706194846,"data_set_value_component_w_variable_w":0.0096725688,"data_set_value_component_w_variable_f":100.0,"data_set_value_component_z_variable_z":0.0141463241,"data_set_value_component_z_variable_v":0.5,"data_set_value_component_model_parameters_variable_a":0.03333,"data_set_value_component_model_parameters_variable_d1":0.005,"data_set_value_component_model_parameters_variable_r":1.0,"data_set_value_component_model_parameters_variable_p":200.0,"data_set_value_component_model_parameters_variable_alpha":0.0003333,"data_set_value_component_model_parameters_variable_mu":0.023,"data_set_value_component_model_parameters_variable_kappa":1.0},{"data_set_value_component_environment_variable_time":0.6,"data_set_value_component_x_variable_x":0.9967946437,"data_set_value_component_y_variable_y":0.0000153112,"data_set_value_component_y_variable_d2":0.7706194846,"data_set_value_component_w_variable_w":0.0099667401,"data_set_value_component_w_variable_f":100.0,"data_set_value_component_z_variable_z":0.0163951428,"data_set_value_component_z_variable_v":0.5,"data_set_value_component_model_parameters_variable_a":0.03333,"data_set_value_component_model_parameters_variable_d1":0.005,"data_set_value_component_model_parameters_variable_r":1.0,"data_set_value_component_model_parameters_variable_p":200.0,"data_set_value_component_model_parameters_variable_alpha":0.0003333,"data_set_value_component_model_parameters_variable_mu":0.023,"data_set_value_component_model_parameters_variable_kappa":1.0},{"data_set_value_component_environment_variable_time":0.7,"data_set_value_component_x_variable_x":0.996258976,"data_set_value_component_y_variable_y":0.0000179798,"data_set_value_component_y_variable_d2":0.7706194846,"data_set_value_component_w_variable_w":0.0097649271,"data_set_value_component_w_variable_f":100.0,"data_set_value_component_z_variable_z":0.0190175703,"data_set_value_component_z_variable_v":0.5,"data_set_value_component_model_parameters_variable_a":0.03333,"data_set_value_component_model_parameters_variable_d1":0.005,"data_set_value_component_model_parameters_variable_r":1.0,"data_set_value_component_model_parameters_variable_p":200.0,"data_set_value_component_model_parameters_variable_alpha":0.0003333,"data_set_value_component_model_parameters_variable_mu":0.023,"data_set_value_component_model_parameters_variable_kappa":1.0},{"data_set_value_component_environment_variable_time":0.8,"data_set_value_component_x_variable_x":0.9957224739,"data_set_value_component_y_variable_y":0.0000200982,"data_set_value_component_y_variable_d2":0.7706194846,"data_set_value_component_w_variable_w":0.0091826782,"data_set_value_component_w_variable_f":100.0,"data_set_value_component_z_variable_z":0.021883574,"data_set_value_component_z_variable_v":0.5,"data_set_value_component_model_parameters_variable_a":0.03333,"data_set_value_component_model_parameters_variable_d1":0.005,"data_set_value_component_model_parameters_variable_r":1.0,"data_set_value_component_model_parameters_variable_p":200.0,"data_set_value_component_model_parameters_variable_alpha":0.0003333,"data_set_value_component_model_parameters_variable_mu":0.023,"data_set_value_component_model_parameters_variable_kappa":1.0},{"data_set_value_component_environment_variable_time":0.9,"data_set_value_component_x_variable_x":0.9951849567,"data_set_value_component_y_variable_y":0.0000216886,"data_set_value_component_y_variable_d2":0.7706194846,"data_set_value_component_w_variable_w":0.0083772709,"data_set_value_component_w_variable_f":100.0,"data_set_value_component_z_variable_z":0.0248285658,"data_set_value_component_z_variable_v":0.5,"data_set_value_component_model_parameters_variable_a":0.03333,"data_set_value_component_model_parameters_variable_d1":0.005,"data_set_value_component_model_parameters_variable_r":1.0,"data_set_value_component_model_parameters_variable_p":200.0,"data_set_value_component_model_parameters_variable_alpha":0.0003333,"data_set_value_component_model_parameters_variable_mu":0.023,"data_set_value_component_model_parameters_variable_kappa":1.0},{"data_set_value_component_environment_variable_time":1.0,"data_set_value_component_x_variable_x":0.9946462958,"data_set_value_component_y_variable_y":0.0000228703,"data_set_value_component_y_variable_d2":0.7706194846,"data_set_value_component_w_variable_w":0.0075059049,"data_set_value_component_w_variable_f":100.0,"data_set_value_component_z_variable_z":0.0276957236,"data_set_value_component_z_variable_v":0.5,"data_set_value_component_model_parameters_variable_a":0.03333,"data_set_value_component_model_parameters_variable_d1":0.005,"data_set_value_component_model_parameters_variable_r":1.0,"data_set_value_component_model_parameters_variable_p":200.0,"data_set_value_component_model_parameters_variable_alpha":0.0003333,"data_set_value_component_model_parameters_variable_mu":0.023,"data_set_value_component_model_parameters_variable_kappa":1.0}]