[{"file": "all_params.mat"}, {"file": "saucerman_b1_AR_kinetic.sedml"}, {"file": "units_BG.cellml"}, {"file": "drawing.svg"}, {"file": "kinetic_parameters_B1AR.py"}, {"file": "BG_PKACI_reaction.png"}, {"file": "saucerman_b1_AR_kinetic.cellml"}, {"file": "constants_BG.cellml"}, {"file": "BG_BARK_reaction.png"}, {"file": "BG_B1AR.cellml"}, {"file": "kinetic_reactions.png"}, {"file": "find_BG_parameters.py"}, {"file": "exposure_frontpage.rst"}, {"file": "BG_LRGbinding.cellml"}, {"file": "BG_B1AR.sedml"}, {"file": "stoichiometric_matrix_b1AR.xlsx"}]