[{"data_generator_V":-70.0,"data_generator_W":0.000025},{"data_generator_V":-69.392799,"data_generator_W":0.0000126406},{"data_generator_V":-69.392761,"data_generator_W":0.000012641},{"data_generator_V":-69.392761,"data_generator_W":0.000012641},{"data_generator_V":-69.392761,"data_generator_W":0.000012641},{"data_generator_V":-69.392761,"data_generator_W":0.000012641},{"data_generator_V":-69.392761,"data_generator_W":0.000012641},{"data_generator_V":-69.392761,"data_generator_W":0.000012641},{"data_generator_V":-69.392761,"data_generator_W":0.000012641},{"data_generator_V":-69.392761,"data_generator_W":0.000012641},{"data_generator_V":-69.392761,"data_generator_W":0.000012641},{"data_generator_V":-69.392761,"data_generator_W":0.000012641},{"data_generator_V":-69.392761,"data_generator_W":0.000012641},{"data_generator_V":-69.392761,"data_generator_W":0.000012641},{"data_generator_V":-69.392761,"data_generator_W":0.000012641},{"data_generator_V":-69.392761,"data_generator_W":0.000012641},{"data_generator_V":-69.392761,"data_generator_W":0.000012641},{"data_generator_V":-69.392761,"data_generator_W":0.000012641},{"data_generator_V":-69.392761,"data_generator_W":0.000012641},{"data_generator_V":-69.392761,"data_generator_W":0.000012641},{"data_generator_V":-69.392761,"data_generator_W":0.000012641},{"data_generator_V":-69.392761,"data_generator_W":0.000012641},{"data_generator_V":-69.392761,"data_generator_W":0.000012641},{"data_generator_V":-69.392761,"data_generator_W":0.000012641},{"data_generator_V":-69.392761,"data_generator_W":0.000012641},{"data_generator_V":-69.392761,"data_generator_W":0.000012641},{"data_generator_V":-69.392761,"data_generator_W":0.000012641},{"data_generator_V":-69.392761,"data_generator_W":0.000012641},{"data_generator_V":-69.392761,"data_generator_W":0.000012641},{"data_generator_V":-69.392761,"data_generator_W":0.000012641},{"data_generator_V":-69.392761,"data_generator_W":0.000012641},{"data_generator_V":-69.392761,"data_generator_W":0.000012641},{"data_generator_V":-69.392761,"data_generator_W":0.000012641},{"data_generator_V":-69.392761,"data_generator_W":0.000012641},{"data_generator_V":-69.392761,"data_generator_W":0.000012641},{"data_generator_V":-69.392761,"data_generator_W":0.000012641},{"data_generator_V":-69.392761,"data_generator_W":0.000012641},{"data_generator_V":-69.392761,"data_generator_W":0.000012641},{"data_generator_V":-69.392761,"data_generator_W":0.000012641},{"data_generator_V":-69.392761,"data_generator_W":0.000012641},{"data_generator_V":-69.392761,"data_generator_W":0.000012641},{"data_generator_V":-69.392761,"data_generator_W":0.000012641},{"data_generator_V":-69.392761,"data_generator_W":0.000012641},{"data_generator_V":-69.392761,"data_generator_W":0.000012641},{"data_generator_V":-69.392761,"data_generator_W":0.000012641},{"data_generator_V":-69.392761,"data_generator_W":0.000012641},{"data_generator_V":-69.392761,"data_generator_W":0.000012641},{"data_generator_V":-69.392761,"data_generator_W":0.000012641},{"data_generator_V":-69.392761,"data_generator_W":0.000012641},{"data_generator_V":-69.392761,"data_generator_W":0.000012641},{"data_generator_V":-69.392761,"data_generator_W":0.000012641},{"data_generator_V":-69.392761,"data_generator_W":0.000012641},{"data_generator_V":-69.392761,"data_generator_W":0.000012641},{"data_generator_V":-69.392761,"data_generator_W":0.000012641},{"data_generator_V":-69.392761,"data_generator_W":0.000012641},{"data_generator_V":-69.392761,"data_generator_W":0.000012641},{"data_generator_V":-69.392761,"data_generator_W":0.000012641},{"data_generator_V":-69.392761,"data_generator_W":0.000012641},{"data_generator_V":-69.392761,"data_generator_W":0.000012641},{"data_generator_V":-69.392761,"data_generator_W":0.000012641},{"data_generator_V":-69.392761,"data_generator_W":0.000012641},{"data_generator_V":-69.392761,"data_generator_W":0.000012641},{"data_generator_V":-69.392761,"data_generator_W":0.000012641},{"data_generator_V":-69.392761,"data_generator_W":0.000012641},{"data_generator_V":-69.392761,"data_generator_W":0.000012641},{"data_generator_V":-69.392761,"data_generator_W":0.000012641},{"data_generator_V":-69.392761,"data_generator_W":0.000012641},{"data_generator_V":-69.392761,"data_generator_W":0.000012641},{"data_generator_V":-69.392761,"data_generator_W":0.000012641},{"data_generator_V":-69.392761,"data_generator_W":0.000012641},{"data_generator_V":-69.392761,"data_generator_W":0.000012641},{"data_generator_V":-69.392761,"data_generator_W":0.000012641},{"data_generator_V":-69.392761,"data_generator_W":0.000012641},{"data_generator_V":-69.392761,"data_generator_W":0.000012641},{"data_generator_V":-69.392761,"data_generator_W":0.000012641},{"data_generator_V":-69.392761,"data_generator_W":0.000012641},{"data_generator_V":-69.392761,"data_generator_W":0.000012641},{"data_generator_V":-69.392761,"data_generator_W":0.000012641},{"data_generator_V":-69.392761,"data_generator_W":0.000012641},{"data_generator_V":-69.392761,"data_generator_W":0.000012641},{"data_generator_V":-69.392761,"data_generator_W":0.000012641},{"data_generator_V":-69.392761,"data_generator_W":0.000012641},{"data_generator_V":-69.392761,"data_generator_W":0.000012641},{"data_generator_V":-69.392761,"data_generator_W":0.000012641},{"data_generator_V":-69.392761,"data_generator_W":0.000012641},{"data_generator_V":-69.392761,"data_generator_W":0.000012641},{"data_generator_V":-69.392761,"data_generator_W":0.000012641},{"data_generator_V":-69.392761,"data_generator_W":0.000012641},{"data_generator_V":-69.392761,"data_generator_W":0.000012641},{"data_generator_V":-69.392761,"data_generator_W":0.000012641},{"data_generator_V":-69.392761,"data_generator_W":0.000012641},{"data_generator_V":-69.392761,"data_generator_W":0.000012641},{"data_generator_V":-69.392761,"data_generator_W":0.000012641},{"data_generator_V":-69.392761,"data_generator_W":0.000012641},{"data_generator_V":-69.392761,"data_generator_W":0.000012641},{"data_generator_V":-69.392761,"data_generator_W":0.000012641},{"data_generator_V":-69.392761,"data_generator_W":0.000012641},{"data_generator_V":-69.392761,"data_generator_W":0.000012641},{"data_generator_V":-69.392761,"data_generator_W":0.000012641},{"data_generator_V":-69.392761,"data_generator_W":0.000012641},{"data_generator_V":-69.392761,"data_generator_W":0.000012641},{"data_generator_V":-69.392761,"data_generator_W":0.000012641},{"data_generator_V":-69.392761,"data_generator_W":0.000012641},{"data_generator_V":-69.392761,"data_generator_W":0.000012641},{"data_generator_V":-69.392761,"data_generator_W":0.000012641},{"data_generator_V":-69.392761,"data_generator_W":0.000012641},{"data_generator_V":-69.392761,"data_generator_W":0.000012641},{"data_generator_V":-69.392761,"data_generator_W":0.000012641},{"data_generator_V":-69.392761,"data_generator_W":0.000012641},{"data_generator_V":-69.392761,"data_generator_W":0.000012641},{"data_generator_V":-69.392761,"data_generator_W":0.000012641},{"data_generator_V":-69.392761,"data_generator_W":0.000012641},{"data_generator_V":-69.392761,"data_generator_W":0.000012641},{"data_generator_V":-69.392761,"data_generator_W":0.000012641},{"data_generator_V":-69.392761,"data_generator_W":0.000012641},{"data_generator_V":-69.392761,"data_generator_W":0.000012641},{"data_generator_V":-69.392761,"data_generator_W":0.000012641},{"data_generator_V":-69.392761,"data_generator_W":0.000012641},{"data_generator_V":-69.392761,"data_generator_W":0.000012641},{"data_generator_V":-69.392761,"data_generator_W":0.000012641},{"data_generator_V":-69.392761,"data_generator_W":0.000012641},{"data_generator_V":-69.392761,"data_generator_W":0.000012641},{"data_generator_V":-69.392761,"data_generator_W":0.000012641},{"data_generator_V":-69.392761,"data_generator_W":0.000012641},{"data_generator_V":-69.392761,"data_generator_W":0.000012641},{"data_generator_V":-69.392761,"data_generator_W":0.000012641},{"data_generator_V":-69.392761,"data_generator_W":0.000012641},{"data_generator_V":-69.392761,"data_generator_W":0.000012641},{"data_generator_V":-69.392761,"data_generator_W":0.000012641},{"data_generator_V":-69.392761,"data_generator_W":0.000012641},{"data_generator_V":-69.392761,"data_generator_W":0.000012641},{"data_generator_V":-69.392761,"data_generator_W":0.000012641},{"data_generator_V":-69.392761,"data_generator_W":0.000012641},{"data_generator_V":-69.392761,"data_generator_W":0.000012641},{"data_generator_V":-69.392761,"data_generator_W":0.000012641},{"data_generator_V":-69.392761,"data_generator_W":0.000012641},{"data_generator_V":-69.392761,"data_generator_W":0.000012641},{"data_generator_V":-69.392761,"data_generator_W":0.000012641},{"data_generator_V":-69.392761,"data_generator_W":0.000012641},{"data_generator_V":-69.392761,"data_generator_W":0.000012641},{"data_generator_V":-69.392761,"data_generator_W":0.000012641},{"data_generator_V":-69.392761,"data_generator_W":0.000012641},{"data_generator_V":-69.392761,"data_generator_W":0.000012641},{"data_generator_V":-69.392761,"data_generator_W":0.000012641},{"data_generator_V":-69.392761,"data_generator_W":0.000012641},{"data_generator_V":-69.392761,"data_generator_W":0.000012641},{"data_generator_V":-69.392761,"data_generator_W":0.000012641},{"data_generator_V":-69.392761,"data_generator_W":0.000012641},{"data_generator_V":-69.392761,"data_generator_W":0.000012641},{"data_generator_V":-69.392761,"data_generator_W":0.000012641},{"data_generator_V":-69.392761,"data_generator_W":0.000012641},{"data_generator_V":-69.392761,"data_generator_W":0.000012641},{"data_generator_V":-69.392761,"data_generator_W":0.000012641},{"data_generator_V":-69.392761,"data_generator_W":0.000012641},{"data_generator_V":-69.392761,"data_generator_W":0.000012641},{"data_generator_V":-69.392761,"data_generator_W":0.000012641},{"data_generator_V":-69.392761,"data_generator_W":0.000012641},{"data_generator_V":-69.392761,"data_generator_W":0.000012641},{"data_generator_V":-69.392761,"data_generator_W":0.000012641},{"data_generator_V":-69.392761,"data_generator_W":0.000012641},{"data_generator_V":-69.392761,"data_generator_W":0.000012641},{"data_generator_V":-69.392761,"data_generator_W":0.000012641},{"data_generator_V":-69.392761,"data_generator_W":0.000012641},{"data_generator_V":-69.392761,"data_generator_W":0.000012641},{"data_generator_V":-69.392761,"data_generator_W":0.000012641},{"data_generator_V":-69.392761,"data_generator_W":0.000012641},{"data_generator_V":-69.392761,"data_generator_W":0.000012641},{"data_generator_V":-69.392761,"data_generator_W":0.000012641},{"data_generator_V":-69.392761,"data_generator_W":0.000012641},{"data_generator_V":-69.392761,"data_generator_W":0.000012641},{"data_generator_V":-69.392761,"data_generator_W":0.000012641},{"data_generator_V":-69.392761,"data_generator_W":0.000012641},{"data_generator_V":-69.392761,"data_generator_W":0.000012641},{"data_generator_V":-69.392761,"data_generator_W":0.000012641},{"data_generator_V":-69.392761,"data_generator_W":0.000012641},{"data_generator_V":-69.392761,"data_generator_W":0.000012641},{"data_generator_V":-69.392761,"data_generator_W":0.000012641},{"data_generator_V":-69.392761,"data_generator_W":0.000012641},{"data_generator_V":-69.392761,"data_generator_W":0.000012641},{"data_generator_V":-69.392761,"data_generator_W":0.000012641},{"data_generator_V":-69.392761,"data_generator_W":0.000012641},{"data_generator_V":-69.392761,"data_generator_W":0.000012641},{"data_generator_V":-69.392761,"data_generator_W":0.000012641},{"data_generator_V":-69.392761,"data_generator_W":0.000012641},{"data_generator_V":-69.392761,"data_generator_W":0.000012641},{"data_generator_V":-69.392761,"data_generator_W":0.000012641},{"data_generator_V":-69.392761,"data_generator_W":0.000012641},{"data_generator_V":-69.392761,"data_generator_W":0.000012641},{"data_generator_V":-69.392761,"data_generator_W":0.000012641},{"data_generator_V":-69.392761,"data_generator_W":0.000012641},{"data_generator_V":-69.392761,"data_generator_W":0.000012641},{"data_generator_V":-69.392761,"data_generator_W":0.000012641},{"data_generator_V":-69.392761,"data_generator_W":0.000012641},{"data_generator_V":-69.392761,"data_generator_W":0.000012641},{"data_generator_V":-69.392761,"data_generator_W":0.000012641},{"data_generator_V":-69.392761,"data_generator_W":0.000012641},{"data_generator_V":-69.392761,"data_generator_W":0.000012641},{"data_generator_V":-69.392761,"data_generator_W":0.000012641},{"data_generator_V":-69.392761,"data_generator_W":0.000012641},{"data_generator_V":-69.392761,"data_generator_W":0.000012641},{"data_generator_V":-69.392761,"data_generator_W":0.000012641},{"data_generator_V":-69.392761,"data_generator_W":0.000012641},{"data_generator_V":-69.392761,"data_generator_W":0.000012641},{"data_generator_V":-69.392761,"data_generator_W":0.000012641},{"data_generator_V":-69.392761,"data_generator_W":0.000012641},{"data_generator_V":-69.392761,"data_generator_W":0.000012641},{"data_generator_V":-69.392761,"data_generator_W":0.000012641},{"data_generator_V":-69.392761,"data_generator_W":0.000012641},{"data_generator_V":-69.392761,"data_generator_W":0.000012641},{"data_generator_V":-69.392761,"data_generator_W":0.000012641},{"data_generator_V":-69.392761,"data_generator_W":0.000012641},{"data_generator_V":-69.392761,"data_generator_W":0.000012641},{"data_generator_V":-69.392761,"data_generator_W":0.000012641},{"data_generator_V":-69.392761,"data_generator_W":0.000012641},{"data_generator_V":-69.392761,"data_generator_W":0.000012641},{"data_generator_V":-69.392761,"data_generator_W":0.000012641},{"data_generator_V":-69.392761,"data_generator_W":0.000012641},{"data_generator_V":-69.392761,"data_generator_W":0.000012641},{"data_generator_V":-69.392761,"data_generator_W":0.000012641},{"data_generator_V":-69.392761,"data_generator_W":0.000012641},{"data_generator_V":-69.392761,"data_generator_W":0.000012641},{"data_generator_V":-69.392761,"data_generator_W":0.000012641},{"data_generator_V":-69.392761,"data_generator_W":0.000012641},{"data_generator_V":-69.392761,"data_generator_W":0.000012641},{"data_generator_V":-69.392761,"data_generator_W":0.000012641},{"data_generator_V":-69.392761,"data_generator_W":0.000012641},{"data_generator_V":-69.392761,"data_generator_W":0.000012641},{"data_generator_V":-69.392761,"data_generator_W":0.000012641},{"data_generator_V":-69.392761,"data_generator_W":0.000012641},{"data_generator_V":-69.392761,"data_generator_W":0.000012641},{"data_generator_V":-69.392761,"data_generator_W":0.000012641},{"data_generator_V":-69.392761,"data_generator_W":0.000012641},{"data_generator_V":-69.392761,"data_generator_W":0.000012641},{"data_generator_V":-69.392761,"data_generator_W":0.000012641},{"data_generator_V":-69.392761,"data_generator_W":0.000012641},{"data_generator_V":-69.392761,"data_generator_W":0.000012641},{"data_generator_V":-69.392761,"data_generator_W":0.000012641},{"data_generator_V":-69.392761,"data_generator_W":0.000012641},{"data_generator_V":-69.392761,"data_generator_W":0.000012641},{"data_generator_V":-69.392761,"data_generator_W":0.000012641},{"data_generator_V":-69.392761,"data_generator_W":0.000012641},{"data_generator_V":-69.392761,"data_generator_W":0.000012641},{"data_generator_V":-69.392761,"data_generator_W":0.000012641},{"data_generator_V":-69.392761,"data_generator_W":0.000012641},{"data_generator_V":-69.392761,"data_generator_W":0.000012641},{"data_generator_V":-69.392761,"data_generator_W":0.000012641},{"data_generator_V":-69.392761,"data_generator_W":0.000012641},{"data_generator_V":-69.392761,"data_generator_W":0.000012641},{"data_generator_V":-69.392761,"data_generator_W":0.000012641},{"data_generator_V":-69.392761,"data_generator_W":0.000012641},{"data_generator_V":-69.392761,"data_generator_W":0.000012641},{"data_generator_V":-69.392761,"data_generator_W":0.000012641},{"data_generator_V":-69.392761,"data_generator_W":0.000012641},{"data_generator_V":-69.392761,"data_generator_W":0.000012641},{"data_generator_V":-69.392761,"data_generator_W":0.000012641},{"data_generator_V":-69.392761,"data_generator_W":0.000012641},{"data_generator_V":-69.392761,"data_generator_W":0.000012641},{"data_generator_V":-69.392761,"data_generator_W":0.000012641},{"data_generator_V":-69.392761,"data_generator_W":0.000012641},{"data_generator_V":-69.392761,"data_generator_W":0.000012641},{"data_generator_V":-69.392761,"data_generator_W":0.000012641},{"data_generator_V":-69.392761,"data_generator_W":0.000012641},{"data_generator_V":-69.392761,"data_generator_W":0.000012641},{"data_generator_V":-69.392761,"data_generator_W":0.000012641},{"data_generator_V":-69.392761,"data_generator_W":0.000012641},{"data_generator_V":-69.392761,"data_generator_W":0.000012641},{"data_generator_V":-69.392761,"data_generator_W":0.000012641},{"data_generator_V":-69.392761,"data_generator_W":0.000012641},{"data_generator_V":-69.392761,"data_generator_W":0.000012641},{"data_generator_V":-69.392761,"data_generator_W":0.000012641},{"data_generator_V":-69.392761,"data_generator_W":0.000012641},{"data_generator_V":-69.392761,"data_generator_W":0.000012641},{"data_generator_V":-69.392761,"data_generator_W":0.000012641},{"data_generator_V":-69.392761,"data_generator_W":0.000012641},{"data_generator_V":-69.392761,"data_generator_W":0.000012641},{"data_generator_V":-69.392761,"data_generator_W":0.000012641},{"data_generator_V":-69.392761,"data_generator_W":0.000012641},{"data_generator_V":-69.392761,"data_generator_W":0.000012641},{"data_generator_V":-69.392761,"data_generator_W":0.000012641},{"data_generator_V":-69.392761,"data_generator_W":0.000012641},{"data_generator_V":-69.392761,"data_generator_W":0.000012641},{"data_generator_V":-69.392761,"data_generator_W":0.000012641},{"data_generator_V":-69.392761,"data_generator_W":0.000012641},{"data_generator_V":-69.392761,"data_generator_W":0.000012641},{"data_generator_V":-69.392761,"data_generator_W":0.000012641},{"data_generator_V":-69.392761,"data_generator_W":0.000012641},{"data_generator_V":-69.392761,"data_generator_W":0.000012641},{"data_generator_V":-69.392761,"data_generator_W":0.000012641},{"data_generator_V":-69.392761,"data_generator_W":0.000012641},{"data_generator_V":-69.392761,"data_generator_W":0.000012641},{"data_generator_V":-69.392761,"data_generator_W":0.000012641},{"data_generator_V":-69.392761,"data_generator_W":0.000012641},{"data_generator_V":-69.392761,"data_generator_W":0.000012641},{"data_generator_V":-69.392761,"data_generator_W":0.000012641},{"data_generator_V":-69.392761,"data_generator_W":0.000012641},{"data_generator_V":-69.392761,"data_generator_W":0.000012641},{"data_generator_V":-69.392761,"data_generator_W":0.000012641},{"data_generator_V":-69.392761,"data_generator_W":0.000012641},{"data_generator_V":-69.392761,"data_generator_W":0.000012641},{"data_generator_V":-69.392761,"data_generator_W":0.000012641},{"data_generator_V":-69.392761,"data_generator_W":0.000012641},{"data_generator_V":-69.392761,"data_generator_W":0.000012641},{"data_generator_V":-69.392761,"data_generator_W":0.000012641},{"data_generator_V":-69.392761,"data_generator_W":0.000012641},{"data_generator_V":-69.392761,"data_generator_W":0.000012641},{"data_generator_V":-69.392761,"data_generator_W":0.000012641},{"data_generator_V":-69.392761,"data_generator_W":0.000012641},{"data_generator_V":-69.392761,"data_generator_W":0.000012641},{"data_generator_V":-69.392761,"data_generator_W":0.000012641},{"data_generator_V":-69.392761,"data_generator_W":0.000012641},{"data_generator_V":-69.392761,"data_generator_W":0.000012641},{"data_generator_V":-69.392761,"data_generator_W":0.000012641},{"data_generator_V":-69.392761,"data_generator_W":0.000012641},{"data_generator_V":-69.392761,"data_generator_W":0.000012641},{"data_generator_V":-69.392761,"data_generator_W":0.000012641},{"data_generator_V":-69.392761,"data_generator_W":0.000012641},{"data_generator_V":-69.392761,"data_generator_W":0.000012641},{"data_generator_V":-69.392761,"data_generator_W":0.000012641},{"data_generator_V":-69.392761,"data_generator_W":0.000012641},{"data_generator_V":-69.392761,"data_generator_W":0.000012641},{"data_generator_V":-69.392761,"data_generator_W":0.000012641},{"data_generator_V":-69.392761,"data_generator_W":0.000012641},{"data_generator_V":-69.392761,"data_generator_W":0.000012641},{"data_generator_V":-69.392761,"data_generator_W":0.000012641},{"data_generator_V":-69.392761,"data_generator_W":0.000012641},{"data_generator_V":-69.392761,"data_generator_W":0.000012641},{"data_generator_V":-69.392761,"data_generator_W":0.000012641},{"data_generator_V":-69.392761,"data_generator_W":0.000012641},{"data_generator_V":-69.392761,"data_generator_W":0.000012641},{"data_generator_V":-69.392761,"data_generator_W":0.000012641},{"data_generator_V":-69.392761,"data_generator_W":0.000012641},{"data_generator_V":-69.392761,"data_generator_W":0.000012641},{"data_generator_V":-69.392761,"data_generator_W":0.000012641},{"data_generator_V":-69.392761,"data_generator_W":0.000012641},{"data_generator_V":-69.392761,"data_generator_W":0.000012641},{"data_generator_V":-69.392761,"data_generator_W":0.000012641},{"data_generator_V":-69.392761,"data_generator_W":0.000012641},{"data_generator_V":-69.392761,"data_generator_W":0.000012641},{"data_generator_V":-69.392761,"data_generator_W":0.000012641},{"data_generator_V":-69.392761,"data_generator_W":0.000012641},{"data_generator_V":-69.392761,"data_generator_W":0.000012641},{"data_generator_V":-69.392761,"data_generator_W":0.000012641},{"data_generator_V":-69.392761,"data_generator_W":0.000012641},{"data_generator_V":-69.392761,"data_generator_W":0.000012641},{"data_generator_V":-69.392761,"data_generator_W":0.000012641},{"data_generator_V":-69.392761,"data_generator_W":0.000012641},{"data_generator_V":-69.392761,"data_generator_W":0.000012641},{"data_generator_V":-69.392761,"data_generator_W":0.000012641},{"data_generator_V":-69.392761,"data_generator_W":0.000012641},{"data_generator_V":-69.392761,"data_generator_W":0.000012641},{"data_generator_V":-69.392761,"data_generator_W":0.000012641},{"data_generator_V":-69.392761,"data_generator_W":0.000012641},{"data_generator_V":-69.392761,"data_generator_W":0.000012641},{"data_generator_V":-69.392761,"data_generator_W":0.000012641},{"data_generator_V":-69.392761,"data_generator_W":0.000012641},{"data_generator_V":-69.392761,"data_generator_W":0.000012641},{"data_generator_V":-69.392761,"data_generator_W":0.000012641},{"data_generator_V":-69.392761,"data_generator_W":0.000012641},{"data_generator_V":-69.392761,"data_generator_W":0.000012641},{"data_generator_V":-69.392761,"data_generator_W":0.000012641},{"data_generator_V":-69.392761,"data_generator_W":0.000012641},{"data_generator_V":-69.392761,"data_generator_W":0.000012641},{"data_generator_V":-69.392761,"data_generator_W":0.000012641},{"data_generator_V":-69.392761,"data_generator_W":0.000012641},{"data_generator_V":-69.392761,"data_generator_W":0.000012641},{"data_generator_V":-69.392761,"data_generator_W":0.000012641},{"data_generator_V":-69.392761,"data_generator_W":0.000012641},{"data_generator_V":-69.392761,"data_generator_W":0.000012641},{"data_generator_V":-69.392761,"data_generator_W":0.000012641},{"data_generator_V":-69.392761,"data_generator_W":0.000012641},{"data_generator_V":-69.392761,"data_generator_W":0.000012641},{"data_generator_V":-69.392761,"data_generator_W":0.000012641},{"data_generator_V":-69.392761,"data_generator_W":0.000012641},{"data_generator_V":-69.392761,"data_generator_W":0.000012641},{"data_generator_V":-69.392761,"data_generator_W":0.000012641},{"data_generator_V":-69.392761,"data_generator_W":0.000012641},{"data_generator_V":-69.392761,"data_generator_W":0.000012641},{"data_generator_V":-69.392761,"data_generator_W":0.000012641},{"data_generator_V":-69.392761,"data_generator_W":0.000012641},{"data_generator_V":-69.392761,"data_generator_W":0.000012641},{"data_generator_V":-69.392761,"data_generator_W":0.000012641},{"data_generator_V":-69.392761,"data_generator_W":0.000012641},{"data_generator_V":-69.392761,"data_generator_W":0.000012641},{"data_generator_V":-69.392761,"data_generator_W":0.000012641},{"data_generator_V":-69.392761,"data_generator_W":0.000012641},{"data_generator_V":-69.392761,"data_generator_W":0.000012641},{"data_generator_V":-69.392761,"data_generator_W":0.000012641},{"data_generator_V":-69.392761,"data_generator_W":0.000012641},{"data_generator_V":-69.392761,"data_generator_W":0.000012641},{"data_generator_V":-69.392761,"data_generator_W":0.000012641},{"data_generator_V":-69.392761,"data_generator_W":0.000012641},{"data_generator_V":-69.392761,"data_generator_W":0.000012641},{"data_generator_V":-69.392761,"data_generator_W":0.000012641},{"data_generator_V":-69.392761,"data_generator_W":0.000012641},{"data_generator_V":-69.392761,"data_generator_W":0.000012641},{"data_generator_V":-69.392761,"data_generator_W":0.000012641},{"data_generator_V":-69.392761,"data_generator_W":0.000012641},{"data_generator_V":-69.392761,"data_generator_W":0.000012641},{"data_generator_V":-69.392761,"data_generator_W":0.000012641},{"data_generator_V":-69.392761,"data_generator_W":0.000012641},{"data_generator_V":-69.392761,"data_generator_W":0.000012641},{"data_generator_V":-69.392761,"data_generator_W":0.000012641},{"data_generator_V":-69.392761,"data_generator_W":0.000012641},{"data_generator_V":-69.392761,"data_generator_W":0.000012641},{"data_generator_V":-69.392761,"data_generator_W":0.000012641},{"data_generator_V":-69.392761,"data_generator_W":0.000012641},{"data_generator_V":-69.392761,"data_generator_W":0.000012641},{"data_generator_V":-69.392761,"data_generator_W":0.000012641},{"data_generator_V":-69.392761,"data_generator_W":0.000012641},{"data_generator_V":-69.392761,"data_generator_W":0.000012641},{"data_generator_V":-69.392761,"data_generator_W":0.000012641},{"data_generator_V":-69.392761,"data_generator_W":0.000012641},{"data_generator_V":-69.392761,"data_generator_W":0.000012641},{"data_generator_V":-69.392761,"data_generator_W":0.000012641},{"data_generator_V":-69.392761,"data_generator_W":0.000012641},{"data_generator_V":-69.392761,"data_generator_W":0.000012641},{"data_generator_V":-69.392761,"data_generator_W":0.000012641},{"data_generator_V":-69.392761,"data_generator_W":0.000012641},{"data_generator_V":-69.392761,"data_generator_W":0.000012641},{"data_generator_V":-69.392761,"data_generator_W":0.000012641},{"data_generator_V":-69.392761,"data_generator_W":0.000012641},{"data_generator_V":-69.392761,"data_generator_W":0.000012641},{"data_generator_V":-69.392761,"data_generator_W":0.000012641},{"data_generator_V":-69.392761,"data_generator_W":0.000012641},{"data_generator_V":-69.392761,"data_generator_W":0.000012641},{"data_generator_V":-69.392761,"data_generator_W":0.000012641},{"data_generator_V":-69.392761,"data_generator_W":0.000012641},{"data_generator_V":-69.392761,"data_generator_W":0.000012641},{"data_generator_V":-69.392761,"data_generator_W":0.000012641},{"data_generator_V":-69.392761,"data_generator_W":0.000012641},{"data_generator_V":-69.392761,"data_generator_W":0.000012641},{"data_generator_V":-69.392761,"data_generator_W":0.000012641},{"data_generator_V":-69.392761,"data_generator_W":0.000012641},{"data_generator_V":-69.392761,"data_generator_W":0.000012641},{"data_generator_V":-69.392761,"data_generator_W":0.000012641},{"data_generator_V":-69.392761,"data_generator_W":0.000012641},{"data_generator_V":-69.392761,"data_generator_W":0.000012641},{"data_generator_V":-69.392761,"data_generator_W":0.000012641},{"data_generator_V":-69.392761,"data_generator_W":0.000012641},{"data_generator_V":-69.392761,"data_generator_W":0.000012641},{"data_generator_V":-69.392761,"data_generator_W":0.000012641},{"data_generator_V":-69.392761,"data_generator_W":0.000012641},{"data_generator_V":-69.392761,"data_generator_W":0.000012641},{"data_generator_V":-69.392761,"data_generator_W":0.000012641},{"data_generator_V":-69.392761,"data_generator_W":0.000012641},{"data_generator_V":-69.392761,"data_generator_W":0.000012641},{"data_generator_V":-69.392761,"data_generator_W":0.000012641},{"data_generator_V":-69.392761,"data_generator_W":0.000012641},{"data_generator_V":-69.392761,"data_generator_W":0.000012641},{"data_generator_V":-69.392761,"data_generator_W":0.000012641},{"data_generator_V":-69.392761,"data_generator_W":0.000012641},{"data_generator_V":-69.392761,"data_generator_W":0.000012641},{"data_generator_V":-69.392761,"data_generator_W":0.000012641},{"data_generator_V":-69.392761,"data_generator_W":0.000012641},{"data_generator_V":-69.392761,"data_generator_W":0.000012641},{"data_generator_V":-69.392761,"data_generator_W":0.000012641},{"data_generator_V":-69.392761,"data_generator_W":0.000012641},{"data_generator_V":-69.392761,"data_generator_W":0.000012641},{"data_generator_V":-69.392761,"data_generator_W":0.000012641},{"data_generator_V":-69.392761,"data_generator_W":0.000012641},{"data_generator_V":-69.392761,"data_generator_W":0.000012641},{"data_generator_V":-69.392761,"data_generator_W":0.000012641},{"data_generator_V":-69.392761,"data_generator_W":0.000012641},{"data_generator_V":-69.392761,"data_generator_W":0.000012641},{"data_generator_V":-69.392761,"data_generator_W":0.000012641},{"data_generator_V":-69.392761,"data_generator_W":0.000012641},{"data_generator_V":-69.392761,"data_generator_W":0.000012641},{"data_generator_V":-69.392761,"data_generator_W":0.000012641},{"data_generator_V":-69.392761,"data_generator_W":0.000012641},{"data_generator_V":-69.392761,"data_generator_W":0.000012641},{"data_generator_V":-69.392761,"data_generator_W":0.000012641},{"data_generator_V":-69.392761,"data_generator_W":0.000012641},{"data_generator_V":-69.392761,"data_generator_W":0.000012641},{"data_generator_V":-69.392761,"data_generator_W":0.000012641},{"data_generator_V":-69.392761,"data_generator_W":0.000012641},{"data_generator_V":-69.392761,"data_generator_W":0.000012641},{"data_generator_V":-69.392761,"data_generator_W":0.000012641},{"data_generator_V":-69.392761,"data_generator_W":0.000012641},{"data_generator_V":-69.392761,"data_generator_W":0.000012641},{"data_generator_V":-69.392761,"data_generator_W":0.000012641},{"data_generator_V":-69.392761,"data_generator_W":0.000012641},{"data_generator_V":-69.392761,"data_generator_W":0.000012641},{"data_generator_V":-69.392761,"data_generator_W":0.000012641},{"data_generator_V":-69.392761,"data_generator_W":0.000012641},{"data_generator_V":-69.392761,"data_generator_W":0.000012641},{"data_generator_V":-69.392761,"data_generator_W":0.000012641},{"data_generator_V":-69.392761,"data_generator_W":0.000012641},{"data_generator_V":-69.392761,"data_generator_W":0.000012641},{"data_generator_V":-69.392761,"data_generator_W":0.000012641},{"data_generator_V":-69.392761,"data_generator_W":0.000012641},{"data_generator_V":-69.392761,"data_generator_W":0.000012641},{"data_generator_V":-69.392761,"data_generator_W":0.000012641},{"data_generator_V":-69.392761,"data_generator_W":0.000012641},{"data_generator_V":-69.392761,"data_generator_W":0.000012641},{"data_generator_V":-69.392761,"data_generator_W":0.000012641},{"data_generator_V":-69.392761,"data_generator_W":0.000012641},{"data_generator_V":-69.392761,"data_generator_W":0.000012641},{"data_generator_V":-69.392761,"data_generator_W":0.000012641},{"data_generator_V":-69.392761,"data_generator_W":0.000012641},{"data_generator_V":-69.392761,"data_generator_W":0.000012641},{"data_generator_V":-69.392761,"data_generator_W":0.000012641},{"data_generator_V":-69.392761,"data_generator_W":0.000012641},{"data_generator_V":-69.392761,"data_generator_W":0.000012641},{"data_generator_V":-69.392761,"data_generator_W":0.000012641},{"data_generator_V":-69.392761,"data_generator_W":0.000012641},{"data_generator_V":-69.392761,"data_generator_W":0.000012641},{"data_generator_V":-69.392761,"data_generator_W":0.000012641},{"data_generator_V":-69.392761,"data_generator_W":0.000012641},{"data_generator_V":-69.392761,"data_generator_W":0.000012641},{"data_generator_V":-69.392761,"data_generator_W":0.000012641},{"data_generator_V":-69.392761,"data_generator_W":0.000012641},{"data_generator_V":-69.392761,"data_generator_W":0.000012641},{"data_generator_V":-69.392761,"data_generator_W":0.000012641},{"data_generator_V":-69.392761,"data_generator_W":0.000012641},{"data_generator_V":-69.392761,"data_generator_W":0.000012641},{"data_generator_V":-69.392761,"data_generator_W":0.000012641},{"data_generator_V":-69.392761,"data_generator_W":0.000012641},{"data_generator_V":-69.392761,"data_generator_W":0.000012641},{"data_generator_V":-69.392761,"data_generator_W":0.000012641},{"data_generator_V":-69.392761,"data_generator_W":0.000012641},{"data_generator_V":-69.392761,"data_generator_W":0.000012641},{"data_generator_V":-69.392761,"data_generator_W":0.000012641},{"data_generator_V":-69.392761,"data_generator_W":0.000012641},{"data_generator_V":-69.392761,"data_generator_W":0.000012641},{"data_generator_V":-69.392761,"data_generator_W":0.000012641},{"data_generator_V":-69.392761,"data_generator_W":0.000012641},{"data_generator_V":-69.392761,"data_generator_W":0.000012641},{"data_generator_V":-69.392761,"data_generator_W":0.000012641},{"data_generator_V":-69.392761,"data_generator_W":0.000012641},{"data_generator_V":-69.392761,"data_generator_W":0.000012641},{"data_generator_V":-69.392761,"data_generator_W":0.000012641},{"data_generator_V":-69.392761,"data_generator_W":0.000012641},{"data_generator_V":-69.392761,"data_generator_W":0.000012641},{"data_generator_V":-69.392761,"data_generator_W":0.000012641},{"data_generator_V":-69.392761,"data_generator_W":0.000012641},{"data_generator_V":-69.392761,"data_generator_W":0.000012641},{"data_generator_V":-69.392761,"data_generator_W":0.000012641},{"data_generator_V":-69.392761,"data_generator_W":0.000012641},{"data_generator_V":-69.392761,"data_generator_W":0.000012641},{"data_generator_V":-69.392761,"data_generator_W":0.000012641},{"data_generator_V":-69.392761,"data_generator_W":0.000012641},{"data_generator_V":-69.392761,"data_generator_W":0.000012641},{"data_generator_V":-69.392761,"data_generator_W":0.000012641},{"data_generator_V":-69.392761,"data_generator_W":0.000012641},{"data_generator_V":-69.392761,"data_generator_W":0.000012641},{"data_generator_V":-69.392761,"data_generator_W":0.000012641},{"data_generator_V":-69.392761,"data_generator_W":0.000012641},{"data_generator_V":-69.392761,"data_generator_W":0.000012641},{"data_generator_V":-69.392761,"data_generator_W":0.000012641},{"data_generator_V":-69.392761,"data_generator_W":0.000012641},{"data_generator_V":-69.392761,"data_generator_W":0.000012641},{"data_generator_V":-69.392761,"data_generator_W":0.000012641},{"data_generator_V":-69.392761,"data_generator_W":0.000012641},{"data_generator_V":-69.392761,"data_generator_W":0.000012641},{"data_generator_V":-69.392761,"data_generator_W":0.000012641},{"data_generator_V":-69.392761,"data_generator_W":0.000012641},{"data_generator_V":-69.392761,"data_generator_W":0.000012641},{"data_generator_V":-69.392761,"data_generator_W":0.000012641},{"data_generator_V":-69.392761,"data_generator_W":0.000012641},{"data_generator_V":-69.392761,"data_generator_W":0.000012641},{"data_generator_V":-69.392761,"data_generator_W":0.000012641},{"data_generator_V":-69.392761,"data_generator_W":0.000012641},{"data_generator_V":-69.392761,"data_generator_W":0.000012641},{"data_generator_V":-69.392761,"data_generator_W":0.000012641},{"data_generator_V":-69.392761,"data_generator_W":0.000012641},{"data_generator_V":-69.392761,"data_generator_W":0.000012641},{"data_generator_V":-69.392761,"data_generator_W":0.000012641},{"data_generator_V":-69.392761,"data_generator_W":0.000012641},{"data_generator_V":-69.392761,"data_generator_W":0.000012641},{"data_generator_V":-69.392761,"data_generator_W":0.000012641},{"data_generator_V":-69.392761,"data_generator_W":0.000012641},{"data_generator_V":-69.392761,"data_generator_W":0.000012641},{"data_generator_V":-69.392761,"data_generator_W":0.000012641},{"data_generator_V":-69.392761,"data_generator_W":0.000012641},{"data_generator_V":-69.392761,"data_generator_W":0.000012641},{"data_generator_V":-69.392761,"data_generator_W":0.000012641},{"data_generator_V":-69.392761,"data_generator_W":0.000012641},{"data_generator_V":-69.392761,"data_generator_W":0.000012641},{"data_generator_V":-69.392761,"data_generator_W":0.000012641},{"data_generator_V":-69.392761,"data_generator_W":0.000012641},{"data_generator_V":-69.392761,"data_generator_W":0.000012641},{"data_generator_V":-69.392761,"data_generator_W":0.000012641},{"data_generator_V":-69.392761,"data_generator_W":0.000012641},{"data_generator_V":-69.392761,"data_generator_W":0.000012641},{"data_generator_V":-69.392761,"data_generator_W":0.000012641},{"data_generator_V":-69.392761,"data_generator_W":0.000012641},{"data_generator_V":-69.392761,"data_generator_W":0.000012641},{"data_generator_V":-69.392761,"data_generator_W":0.000012641},{"data_generator_V":-69.392761,"data_generator_W":0.000012641},{"data_generator_V":-69.392761,"data_generator_W":0.000012641},{"data_generator_V":-69.392761,"data_generator_W":0.000012641},{"data_generator_V":-69.392761,"data_generator_W":0.000012641},{"data_generator_V":-69.392761,"data_generator_W":0.000012641},{"data_generator_V":-69.392761,"data_generator_W":0.000012641},{"data_generator_V":-69.392761,"data_generator_W":0.000012641},{"data_generator_V":-69.392761,"data_generator_W":0.000012641},{"data_generator_V":-69.392761,"data_generator_W":0.000012641},{"data_generator_V":-69.392761,"data_generator_W":0.000012641},{"data_generator_V":-69.392761,"data_generator_W":0.000012641},{"data_generator_V":-69.392761,"data_generator_W":0.000012641},{"data_generator_V":-69.392761,"data_generator_W":0.000012641},{"data_generator_V":-69.392761,"data_generator_W":0.000012641},{"data_generator_V":-69.392761,"data_generator_W":0.000012641},{"data_generator_V":-69.392761,"data_generator_W":0.000012641},{"data_generator_V":-69.392761,"data_generator_W":0.000012641},{"data_generator_V":-69.392761,"data_generator_W":0.000012641},{"data_generator_V":-69.392761,"data_generator_W":0.000012641},{"data_generator_V":-69.392761,"data_generator_W":0.000012641},{"data_generator_V":-69.392761,"data_generator_W":0.000012641},{"data_generator_V":-69.392761,"data_generator_W":0.000012641},{"data_generator_V":-69.392761,"data_generator_W":0.000012641},{"data_generator_V":-69.392761,"data_generator_W":0.000012641},{"data_generator_V":-69.392761,"data_generator_W":0.000012641},{"data_generator_V":-69.392761,"data_generator_W":0.000012641},{"data_generator_V":-69.392761,"data_generator_W":0.000012641},{"data_generator_V":-69.392761,"data_generator_W":0.000012641},{"data_generator_V":-69.392761,"data_generator_W":0.000012641},{"data_generator_V":-69.392761,"data_generator_W":0.000012641},{"data_generator_V":-69.392761,"data_generator_W":0.000012641},{"data_generator_V":-69.392761,"data_generator_W":0.000012641},{"data_generator_V":-69.392761,"data_generator_W":0.000012641},{"data_generator_V":-69.392761,"data_generator_W":0.000012641},{"data_generator_V":-69.392761,"data_generator_W":0.000012641},{"data_generator_V":-69.392761,"data_generator_W":0.000012641},{"data_generator_V":-69.392761,"data_generator_W":0.000012641},{"data_generator_V":-69.392761,"data_generator_W":0.000012641},{"data_generator_V":-69.392761,"data_generator_W":0.000012641},{"data_generator_V":-69.392761,"data_generator_W":0.000012641},{"data_generator_V":-69.392761,"data_generator_W":0.000012641},{"data_generator_V":-69.392761,"data_generator_W":0.000012641},{"data_generator_V":-69.392761,"data_generator_W":0.000012641},{"data_generator_V":-69.392761,"data_generator_W":0.000012641},{"data_generator_V":-69.392761,"data_generator_W":0.000012641},{"data_generator_V":-69.392761,"data_generator_W":0.000012641},{"data_generator_V":-69.392761,"data_generator_W":0.000012641},{"data_generator_V":-69.392761,"data_generator_W":0.000012641},{"data_generator_V":-69.392761,"data_generator_W":0.000012641},{"data_generator_V":-69.392761,"data_generator_W":0.000012641},{"data_generator_V":-69.392761,"data_generator_W":0.000012641},{"data_generator_V":-69.392761,"data_generator_W":0.000012641},{"data_generator_V":-69.392761,"data_generator_W":0.000012641},{"data_generator_V":-69.392761,"data_generator_W":0.000012641},{"data_generator_V":-69.392761,"data_generator_W":0.000012641},{"data_generator_V":-69.392761,"data_generator_W":0.000012641},{"data_generator_V":-69.392761,"data_generator_W":0.000012641},{"data_generator_V":-69.392761,"data_generator_W":0.000012641},{"data_generator_V":-69.392761,"data_generator_W":0.000012641},{"data_generator_V":-69.392761,"data_generator_W":0.000012641},{"data_generator_V":-69.392761,"data_generator_W":0.000012641},{"data_generator_V":-69.392761,"data_generator_W":0.000012641},{"data_generator_V":-69.392761,"data_generator_W":0.000012641},{"data_generator_V":-69.392761,"data_generator_W":0.000012641},{"data_generator_V":-69.392761,"data_generator_W":0.000012641},{"data_generator_V":-69.392761,"data_generator_W":0.000012641},{"data_generator_V":-69.392761,"data_generator_W":0.000012641},{"data_generator_V":-69.392761,"data_generator_W":0.000012641},{"data_generator_V":-69.392761,"data_generator_W":0.000012641},{"data_generator_V":-69.392761,"data_generator_W":0.000012641},{"data_generator_V":-69.392761,"data_generator_W":0.000012641},{"data_generator_V":-69.392761,"data_generator_W":0.000012641},{"data_generator_V":-69.392761,"data_generator_W":0.000012641},{"data_generator_V":-69.392761,"data_generator_W":0.000012641},{"data_generator_V":-69.392761,"data_generator_W":0.000012641},{"data_generator_V":-69.392761,"data_generator_W":0.000012641},{"data_generator_V":-69.392761,"data_generator_W":0.000012641},{"data_generator_V":-69.392761,"data_generator_W":0.000012641},{"data_generator_V":-69.392761,"data_generator_W":0.000012641},{"data_generator_V":-69.392761,"data_generator_W":0.000012641},{"data_generator_V":-69.392761,"data_generator_W":0.000012641},{"data_generator_V":-69.392761,"data_generator_W":0.000012641},{"data_generator_V":-69.392761,"data_generator_W":0.000012641},{"data_generator_V":-69.392761,"data_generator_W":0.000012641},{"data_generator_V":-69.392761,"data_generator_W":0.000012641},{"data_generator_V":-69.392761,"data_generator_W":0.000012641},{"data_generator_V":-69.392761,"data_generator_W":0.000012641},{"data_generator_V":-69.392761,"data_generator_W":0.000012641},{"data_generator_V":-69.392761,"data_generator_W":0.000012641},{"data_generator_V":-69.392761,"data_generator_W":0.000012641},{"data_generator_V":-69.392761,"data_generator_W":0.000012641},{"data_generator_V":-69.392761,"data_generator_W":0.000012641},{"data_generator_V":-69.392761,"data_generator_W":0.000012641},{"data_generator_V":-69.392761,"data_generator_W":0.000012641},{"data_generator_V":-69.392761,"data_generator_W":0.000012641},{"data_generator_V":-69.392761,"data_generator_W":0.000012641},{"data_generator_V":-69.392761,"data_generator_W":0.000012641},{"data_generator_V":-69.392761,"data_generator_W":0.000012641},{"data_generator_V":-69.392761,"data_generator_W":0.000012641},{"data_generator_V":-69.392761,"data_generator_W":0.000012641},{"data_generator_V":-69.392761,"data_generator_W":0.000012641},{"data_generator_V":-69.392761,"data_generator_W":0.000012641},{"data_generator_V":-69.392761,"data_generator_W":0.000012641},{"data_generator_V":-69.392761,"data_generator_W":0.000012641},{"data_generator_V":-69.392761,"data_generator_W":0.000012641},{"data_generator_V":-69.392761,"data_generator_W":0.000012641},{"data_generator_V":-69.392761,"data_generator_W":0.000012641},{"data_generator_V":-69.392761,"data_generator_W":0.000012641},{"data_generator_V":-69.392761,"data_generator_W":0.000012641},{"data_generator_V":-69.392761,"data_generator_W":0.000012641},{"data_generator_V":-69.392761,"data_generator_W":0.000012641},{"data_generator_V":-69.392761,"data_generator_W":0.000012641},{"data_generator_V":-69.392761,"data_generator_W":0.000012641},{"data_generator_V":-69.392761,"data_generator_W":0.000012641},{"data_generator_V":-69.392761,"data_generator_W":0.000012641},{"data_generator_V":-69.392761,"data_generator_W":0.000012641},{"data_generator_V":-69.392761,"data_generator_W":0.000012641},{"data_generator_V":-69.392761,"data_generator_W":0.000012641},{"data_generator_V":-69.392761,"data_generator_W":0.000012641},{"data_generator_V":-69.392761,"data_generator_W":0.000012641},{"data_generator_V":-69.392761,"data_generator_W":0.000012641},{"data_generator_V":-69.392761,"data_generator_W":0.000012641},{"data_generator_V":-69.392761,"data_generator_W":0.000012641},{"data_generator_V":-69.392761,"data_generator_W":0.000012641},{"data_generator_V":-69.392761,"data_generator_W":0.000012641},{"data_generator_V":-69.392761,"data_generator_W":0.000012641},{"data_generator_V":-69.392761,"data_generator_W":0.000012641},{"data_generator_V":-69.392761,"data_generator_W":0.000012641},{"data_generator_V":-69.392761,"data_generator_W":0.000012641},{"data_generator_V":-69.392761,"data_generator_W":0.000012641},{"data_generator_V":-69.392761,"data_generator_W":0.000012641},{"data_generator_V":-69.392761,"data_generator_W":0.000012641},{"data_generator_V":-69.392761,"data_generator_W":0.000012641},{"data_generator_V":-69.392761,"data_generator_W":0.000012641},{"data_generator_V":-69.392761,"data_generator_W":0.000012641},{"data_generator_V":-69.392761,"data_generator_W":0.000012641},{"data_generator_V":-69.392761,"data_generator_W":0.000012641},{"data_generator_V":-69.392761,"data_generator_W":0.000012641},{"data_generator_V":-69.392761,"data_generator_W":0.000012641},{"data_generator_V":-69.392761,"data_generator_W":0.000012641},{"data_generator_V":-69.392761,"data_generator_W":0.000012641},{"data_generator_V":-69.392761,"data_generator_W":0.000012641},{"data_generator_V":-69.392761,"data_generator_W":0.000012641},{"data_generator_V":-69.392761,"data_generator_W":0.000012641},{"data_generator_V":-69.392761,"data_generator_W":0.000012641},{"data_generator_V":-69.392761,"data_generator_W":0.000012641},{"data_generator_V":-69.392761,"data_generator_W":0.000012641},{"data_generator_V":-69.392761,"data_generator_W":0.000012641},{"data_generator_V":-69.392761,"data_generator_W":0.000012641},{"data_generator_V":-69.392761,"data_generator_W":0.000012641},{"data_generator_V":-69.392761,"data_generator_W":0.000012641},{"data_generator_V":-69.392761,"data_generator_W":0.000012641},{"data_generator_V":-69.392761,"data_generator_W":0.000012641},{"data_generator_V":-69.392761,"data_generator_W":0.000012641},{"data_generator_V":-69.392761,"data_generator_W":0.000012641},{"data_generator_V":-69.392761,"data_generator_W":0.000012641},{"data_generator_V":-69.392761,"data_generator_W":0.000012641},{"data_generator_V":-69.392761,"data_generator_W":0.000012641},{"data_generator_V":-69.392761,"data_generator_W":0.000012641},{"data_generator_V":-69.392761,"data_generator_W":0.000012641},{"data_generator_V":-69.392761,"data_generator_W":0.000012641},{"data_generator_V":-69.392761,"data_generator_W":0.000012641},{"data_generator_V":-69.392761,"data_generator_W":0.000012641},{"data_generator_V":-69.392761,"data_generator_W":0.000012641},{"data_generator_V":-69.392761,"data_generator_W":0.000012641},{"data_generator_V":-69.392761,"data_generator_W":0.000012641},{"data_generator_V":-69.392761,"data_generator_W":0.000012641},{"data_generator_V":-69.392761,"data_generator_W":0.000012641},{"data_generator_V":-69.392761,"data_generator_W":0.000012641},{"data_generator_V":-69.392761,"data_generator_W":0.000012641},{"data_generator_V":-69.392761,"data_generator_W":0.000012641},{"data_generator_V":-69.392761,"data_generator_W":0.000012641},{"data_generator_V":-69.392761,"data_generator_W":0.000012641},{"data_generator_V":-69.392761,"data_generator_W":0.000012641},{"data_generator_V":-69.392761,"data_generator_W":0.000012641},{"data_generator_V":-69.392761,"data_generator_W":0.000012641},{"data_generator_V":-69.392761,"data_generator_W":0.000012641},{"data_generator_V":-69.392761,"data_generator_W":0.000012641},{"data_generator_V":-69.392761,"data_generator_W":0.000012641},{"data_generator_V":-69.392761,"data_generator_W":0.000012641},{"data_generator_V":-69.392761,"data_generator_W":0.000012641},{"data_generator_V":-69.392761,"data_generator_W":0.000012641},{"data_generator_V":-69.392761,"data_generator_W":0.000012641},{"data_generator_V":-69.392761,"data_generator_W":0.000012641},{"data_generator_V":-69.392761,"data_generator_W":0.000012641},{"data_generator_V":-69.392761,"data_generator_W":0.000012641},{"data_generator_V":-69.392761,"data_generator_W":0.000012641},{"data_generator_V":-69.392761,"data_generator_W":0.000012641},{"data_generator_V":-69.392761,"data_generator_W":0.000012641},{"data_generator_V":-69.392761,"data_generator_W":0.000012641},{"data_generator_V":-69.392761,"data_generator_W":0.000012641},{"data_generator_V":-69.392761,"data_generator_W":0.000012641},{"data_generator_V":-69.392761,"data_generator_W":0.000012641},{"data_generator_V":-69.392761,"data_generator_W":0.000012641},{"data_generator_V":-69.392761,"data_generator_W":0.000012641},{"data_generator_V":-69.392761,"data_generator_W":0.000012641},{"data_generator_V":-69.392761,"data_generator_W":0.000012641},{"data_generator_V":-69.392761,"data_generator_W":0.000012641},{"data_generator_V":-69.392761,"data_generator_W":0.000012641},{"data_generator_V":-69.392761,"data_generator_W":0.000012641},{"data_generator_V":-69.392761,"data_generator_W":0.000012641},{"data_generator_V":-69.392761,"data_generator_W":0.000012641},{"data_generator_V":-69.392761,"data_generator_W":0.000012641},{"data_generator_V":-69.392761,"data_generator_W":0.000012641},{"data_generator_V":-69.392761,"data_generator_W":0.000012641},{"data_generator_V":-69.392761,"data_generator_W":0.000012641},{"data_generator_V":-69.392761,"data_generator_W":0.000012641},{"data_generator_V":-69.392761,"data_generator_W":0.000012641},{"data_generator_V":-69.392761,"data_generator_W":0.000012641},{"data_generator_V":-69.392761,"data_generator_W":0.000012641},{"data_generator_V":-69.392761,"data_generator_W":0.000012641},{"data_generator_V":-69.392761,"data_generator_W":0.000012641},{"data_generator_V":-69.392761,"data_generator_W":0.000012641},{"data_generator_V":-69.392761,"data_generator_W":0.000012641},{"data_generator_V":-69.392761,"data_generator_W":0.000012641},{"data_generator_V":-69.392761,"data_generator_W":0.000012641},{"data_generator_V":-69.392761,"data_generator_W":0.000012641},{"data_generator_V":-69.392761,"data_generator_W":0.000012641},{"data_generator_V":-69.392761,"data_generator_W":0.000012641},{"data_generator_V":-69.392761,"data_generator_W":0.000012641},{"data_generator_V":-69.392761,"data_generator_W":0.000012641},{"data_generator_V":-69.392761,"data_generator_W":0.000012641},{"data_generator_V":-69.392761,"data_generator_W":0.000012641},{"data_generator_V":-69.392761,"data_generator_W":0.000012641},{"data_generator_V":-69.392761,"data_generator_W":0.000012641},{"data_generator_V":-69.392761,"data_generator_W":0.000012641},{"data_generator_V":-69.392761,"data_generator_W":0.000012641},{"data_generator_V":-69.392761,"data_generator_W":0.000012641},{"data_generator_V":-69.392761,"data_generator_W":0.000012641},{"data_generator_V":-69.392761,"data_generator_W":0.000012641},{"data_generator_V":-69.392761,"data_generator_W":0.000012641},{"data_generator_V":-69.392761,"data_generator_W":0.000012641},{"data_generator_V":-69.392761,"data_generator_W":0.000012641},{"data_generator_V":-69.392761,"data_generator_W":0.000012641},{"data_generator_V":-69.392761,"data_generator_W":0.000012641},{"data_generator_V":-69.392761,"data_generator_W":0.000012641},{"data_generator_V":-69.392761,"data_generator_W":0.000012641},{"data_generator_V":-69.392761,"data_generator_W":0.000012641},{"data_generator_V":-69.392761,"data_generator_W":0.000012641},{"data_generator_V":-69.392761,"data_generator_W":0.000012641},{"data_generator_V":-69.392761,"data_generator_W":0.000012641},{"data_generator_V":-69.392761,"data_generator_W":0.000012641},{"data_generator_V":-69.392761,"data_generator_W":0.000012641},{"data_generator_V":-69.392761,"data_generator_W":0.000012641},{"data_generator_V":-69.392761,"data_generator_W":0.000012641},{"data_generator_V":-69.392761,"data_generator_W":0.000012641},{"data_generator_V":-69.392761,"data_generator_W":0.000012641},{"data_generator_V":-69.392761,"data_generator_W":0.000012641},{"data_generator_V":-69.392761,"data_generator_W":0.000012641},{"data_generator_V":-69.392761,"data_generator_W":0.000012641},{"data_generator_V":-69.392761,"data_generator_W":0.000012641},{"data_generator_V":-69.392761,"data_generator_W":0.000012641},{"data_generator_V":-69.392761,"data_generator_W":0.000012641},{"data_generator_V":-69.392761,"data_generator_W":0.000012641},{"data_generator_V":-69.392761,"data_generator_W":0.000012641},{"data_generator_V":-69.392761,"data_generator_W":0.000012641},{"data_generator_V":-69.392761,"data_generator_W":0.000012641},{"data_generator_V":-69.392761,"data_generator_W":0.000012641},{"data_generator_V":-69.392761,"data_generator_W":0.000012641},{"data_generator_V":-69.392761,"data_generator_W":0.000012641},{"data_generator_V":-69.392761,"data_generator_W":0.000012641},{"data_generator_V":-69.392761,"data_generator_W":0.000012641},{"data_generator_V":-69.392761,"data_generator_W":0.000012641},{"data_generator_V":-69.392761,"data_generator_W":0.000012641},{"data_generator_V":-69.392761,"data_generator_W":0.000012641},{"data_generator_V":-69.392761,"data_generator_W":0.000012641},{"data_generator_V":-69.392761,"data_generator_W":0.000012641},{"data_generator_V":-69.392761,"data_generator_W":0.000012641},{"data_generator_V":-69.392761,"data_generator_W":0.000012641},{"data_generator_V":-69.392761,"data_generator_W":0.000012641},{"data_generator_V":-69.392761,"data_generator_W":0.000012641},{"data_generator_V":-69.392761,"data_generator_W":0.000012641},{"data_generator_V":-69.392761,"data_generator_W":0.000012641},{"data_generator_V":-69.392761,"data_generator_W":0.000012641},{"data_generator_V":-69.392761,"data_generator_W":0.000012641},{"data_generator_V":-69.392761,"data_generator_W":0.000012641},{"data_generator_V":-69.392761,"data_generator_W":0.000012641},{"data_generator_V":-69.392761,"data_generator_W":0.000012641},{"data_generator_V":-69.392761,"data_generator_W":0.000012641},{"data_generator_V":-69.392761,"data_generator_W":0.000012641},{"data_generator_V":-69.392761,"data_generator_W":0.000012641},{"data_generator_V":-69.392761,"data_generator_W":0.000012641},{"data_generator_V":-69.392761,"data_generator_W":0.000012641},{"data_generator_V":-69.392761,"data_generator_W":0.000012641},{"data_generator_V":-69.392761,"data_generator_W":0.000012641},{"data_generator_V":-69.392761,"data_generator_W":0.000012641},{"data_generator_V":-69.392761,"data_generator_W":0.000012641},{"data_generator_V":-69.392761,"data_generator_W":0.000012641},{"data_generator_V":-69.392761,"data_generator_W":0.000012641},{"data_generator_V":-69.392761,"data_generator_W":0.000012641},{"data_generator_V":-69.392761,"data_generator_W":0.000012641},{"data_generator_V":-69.392761,"data_generator_W":0.000012641},{"data_generator_V":-69.392761,"data_generator_W":0.000012641},{"data_generator_V":-69.392761,"data_generator_W":0.000012641},{"data_generator_V":-69.392761,"data_generator_W":0.000012641},{"data_generator_V":-69.392761,"data_generator_W":0.000012641},{"data_generator_V":-69.392761,"data_generator_W":0.000012641},{"data_generator_V":-69.392761,"data_generator_W":0.000012641},{"data_generator_V":-69.392761,"data_generator_W":0.000012641},{"data_generator_V":-69.392761,"data_generator_W":0.000012641},{"data_generator_V":-69.392761,"data_generator_W":0.000012641},{"data_generator_V":-69.392761,"data_generator_W":0.000012641},{"data_generator_V":-69.392761,"data_generator_W":0.000012641},{"data_generator_V":-69.392761,"data_generator_W":0.000012641},{"data_generator_V":-69.392761,"data_generator_W":0.000012641},{"data_generator_V":-69.392761,"data_generator_W":0.000012641},{"data_generator_V":-69.392761,"data_generator_W":0.000012641},{"data_generator_V":-69.392761,"data_generator_W":0.000012641},{"data_generator_V":-69.392761,"data_generator_W":0.000012641},{"data_generator_V":-69.392761,"data_generator_W":0.000012641},{"data_generator_V":-69.392761,"data_generator_W":0.000012641},{"data_generator_V":-69.392761,"data_generator_W":0.000012641},{"data_generator_V":-69.392761,"data_generator_W":0.000012641},{"data_generator_V":-69.392761,"data_generator_W":0.000012641},{"data_generator_V":-69.392761,"data_generator_W":0.000012641},{"data_generator_V":-69.392761,"data_generator_W":0.000012641},{"data_generator_V":-69.392761,"data_generator_W":0.000012641},{"data_generator_V":-69.392761,"data_generator_W":0.000012641},{"data_generator_V":-69.392761,"data_generator_W":0.000012641},{"data_generator_V":-69.392761,"data_generator_W":0.000012641},{"data_generator_V":-69.392761,"data_generator_W":0.000012641},{"data_generator_V":-69.392761,"data_generator_W":0.000012641},{"data_generator_V":-69.392761,"data_generator_W":0.000012641},{"data_generator_V":-69.392761,"data_generator_W":0.000012641},{"data_generator_V":-69.392761,"data_generator_W":0.000012641},{"data_generator_V":-69.392761,"data_generator_W":0.000012641},{"data_generator_V":-69.392761,"data_generator_W":0.000012641},{"data_generator_V":-69.392761,"data_generator_W":0.000012641},{"data_generator_V":-69.392761,"data_generator_W":0.000012641},{"data_generator_V":-69.392761,"data_generator_W":0.000012641},{"data_generator_V":-69.392761,"data_generator_W":0.000012641},{"data_generator_V":-69.392761,"data_generator_W":0.000012641},{"data_generator_V":-69.392761,"data_generator_W":0.000012641},{"data_generator_V":-69.392761,"data_generator_W":0.000012641},{"data_generator_V":-69.392761,"data_generator_W":0.000012641},{"data_generator_V":-69.392761,"data_generator_W":0.000012641},{"data_generator_V":-69.392761,"data_generator_W":0.000012641},{"data_generator_V":-69.392761,"data_generator_W":0.000012641},{"data_generator_V":-69.392761,"data_generator_W":0.000012641},{"data_generator_V":-69.392761,"data_generator_W":0.000012641},{"data_generator_V":-69.392761,"data_generator_W":0.000012641},{"data_generator_V":-69.392761,"data_generator_W":0.000012641},{"data_generator_V":-69.392761,"data_generator_W":0.000012641},{"data_generator_V":-69.392761,"data_generator_W":0.000012641},{"data_generator_V":-69.392761,"data_generator_W":0.000012641},{"data_generator_V":-69.392761,"data_generator_W":0.000012641},{"data_generator_V":-69.392761,"data_generator_W":0.000012641},{"data_generator_V":-69.392761,"data_generator_W":0.000012641},{"data_generator_V":-69.392761,"data_generator_W":0.000012641},{"data_generator_V":-69.392761,"data_generator_W":0.000012641},{"data_generator_V":-69.392761,"data_generator_W":0.000012641},{"data_generator_V":-69.392761,"data_generator_W":0.000012641},{"data_generator_V":-69.392761,"data_generator_W":0.000012641},{"data_generator_V":-69.392761,"data_generator_W":0.000012641},{"data_generator_V":-69.392761,"data_generator_W":0.000012641},{"data_generator_V":-69.392761,"data_generator_W":0.000012641},{"data_generator_V":-69.392761,"data_generator_W":0.000012641},{"data_generator_V":-69.392761,"data_generator_W":0.000012641},{"data_generator_V":-69.392761,"data_generator_W":0.000012641},{"data_generator_V":-69.392761,"data_generator_W":0.000012641},{"data_generator_V":-69.392761,"data_generator_W":0.000012641},{"data_generator_V":-69.392761,"data_generator_W":0.000012641},{"data_generator_V":-69.392761,"data_generator_W":0.000012641},{"data_generator_V":-69.392761,"data_generator_W":0.000012641},{"data_generator_V":-69.392761,"data_generator_W":0.000012641},{"data_generator_V":-69.392761,"data_generator_W":0.000012641},{"data_generator_V":-69.392761,"data_generator_W":0.000012641},{"data_generator_V":-69.392761,"data_generator_W":0.000012641},{"data_generator_V":-69.392761,"data_generator_W":0.000012641},{"data_generator_V":-69.392761,"data_generator_W":0.000012641},{"data_generator_V":-69.392761,"data_generator_W":0.000012641},{"data_generator_V":-69.392761,"data_generator_W":0.000012641},{"data_generator_V":-69.392761,"data_generator_W":0.000012641},{"data_generator_V":-69.392761,"data_generator_W":0.000012641},{"data_generator_V":-69.392761,"data_generator_W":0.000012641},{"data_generator_V":-69.392761,"data_generator_W":0.000012641},{"data_generator_V":-69.392761,"data_generator_W":0.000012641},{"data_generator_V":-69.392761,"data_generator_W":0.000012641},{"data_generator_V":-69.392761,"data_generator_W":0.000012641},{"data_generator_V":-69.392761,"data_generator_W":0.000012641},{"data_generator_V":-69.392761,"data_generator_W":0.000012641},{"data_generator_V":-69.392761,"data_generator_W":0.000012641},{"data_generator_V":-69.392761,"data_generator_W":0.000012641},{"data_generator_V":-69.392761,"data_generator_W":0.000012641},{"data_generator_V":-69.392761,"data_generator_W":0.000012641},{"data_generator_V":-69.392761,"data_generator_W":0.000012641},{"data_generator_V":-69.392761,"data_generator_W":0.000012641},{"data_generator_V":-69.392761,"data_generator_W":0.000012641},{"data_generator_V":-69.392761,"data_generator_W":0.000012641},{"data_generator_V":-69.392761,"data_generator_W":0.000012641},{"data_generator_V":-69.392761,"data_generator_W":0.000012641},{"data_generator_V":-69.392761,"data_generator_W":0.000012641},{"data_generator_V":-69.392761,"data_generator_W":0.000012641},{"data_generator_V":-69.392761,"data_generator_W":0.000012641},{"data_generator_V":-69.392761,"data_generator_W":0.000012641},{"data_generator_V":-69.392761,"data_generator_W":0.000012641},{"data_generator_V":-69.392761,"data_generator_W":0.000012641},{"data_generator_V":-69.392761,"data_generator_W":0.000012641},{"data_generator_V":-69.392761,"data_generator_W":0.000012641},{"data_generator_V":-69.392761,"data_generator_W":0.000012641},{"data_generator_V":-69.392761,"data_generator_W":0.000012641},{"data_generator_V":-69.392761,"data_generator_W":0.000012641},{"data_generator_V":-69.392761,"data_generator_W":0.000012641},{"data_generator_V":-69.392761,"data_generator_W":0.000012641},{"data_generator_V":-69.392761,"data_generator_W":0.000012641},{"data_generator_V":-69.392761,"data_generator_W":0.000012641},{"data_generator_V":-69.392761,"data_generator_W":0.000012641},{"data_generator_V":-69.392761,"data_generator_W":0.000012641},{"data_generator_V":-69.392761,"data_generator_W":0.000012641},{"data_generator_V":-69.392761,"data_generator_W":0.000012641},{"data_generator_V":-69.392761,"data_generator_W":0.000012641},{"data_generator_V":-69.392761,"data_generator_W":0.000012641},{"data_generator_V":-69.392761,"data_generator_W":0.000012641}]