[{"data_set_value_component_environment_variable_time":0.0,"data_set_value_component_x_variable_x":10.0,"data_set_value_component_x_variable_lamda":1.0,"data_set_value_component_x_variable_d":0.1,"data_set_value_component_y_variable_y":0.1,"data_set_value_component_y_variable_a":0.2,"data_set_value_component_y_variable_log_y":-1.0,"data_set_value_component_w_variable_w":0.001,"data_set_value_component_w_variable_b":0.01,"data_set_value_component_w_variable_log_w":-3.0,"data_set_value_component_z_variable_z":0.0,"data_set_value_component_z_variable_h":0.1,"data_set_value_component_kinetic_parameters_variable_beta":0.5,"data_set_value_component_kinetic_parameters_variable_p":1.0,"data_set_value_component_kinetic_parameters_variable_q":0.5,"data_set_value_component_kinetic_parameters_variable_c":0.1,"data_set_value_component_kinetic_parameters_variable_s":1.0},{"data_set_value_component_environment_variable_time":0.1,"data_set_value_component_x_variable_x":9.9363561247,"data_set_value_component_x_variable_lamda":1.0,"data_set_value_component_x_variable_d":0.1,"data_set_value_component_y_variable_y":0.1613718955,"data_set_value_component_y_variable_a":0.2,"data_set_value_component_y_variable_log_y":-0.7921720995,"data_set_value_component_w_variable_w":0.0010112085,"data_set_value_component_w_variable_b":0.01,"data_set_value_component_w_variable_log_w":-2.995159299,"data_set_value_component_z_variable_z":0.000000642,"data_set_value_component_z_variable_h":0.1,"data_set_value_component_kinetic_parameters_variable_beta":0.5,"data_set_value_component_kinetic_parameters_variable_p":1.0,"data_set_value_component_kinetic_parameters_variable_q":0.5,"data_set_value_component_kinetic_parameters_variable_c":0.1,"data_set_value_component_kinetic_parameters_variable_s":1.0},{"data_set_value_component_environment_variable_time":0.2,"data_set_value_component_x_variable_x":9.8353434387,"data_set_value_component_x_variable_lamda":1.0,"data_set_value_component_x_variable_d":0.1,"data_set_value_component_y_variable_y":0.2593557015,"data_set_value_component_y_variable_a":0.2,"data_set_value_component_y_variable_log_y":-0.5861042003,"data_set_value_component_w_variable_w":0.001029977,"data_set_value_component_w_variable_b":0.01,"data_set_value_component_w_variable_log_w":-2.9871724767,"data_set_value_component_z_variable_z":0.000001685,"data_set_value_component_z_variable_h":0.1,"data_set_value_component_kinetic_parameters_variable_beta":0.5,"data_set_value_component_kinetic_parameters_variable_p":1.0,"data_set_value_component_kinetic_parameters_variable_q":0.5,"data_set_value_component_kinetic_parameters_variable_c":0.1,"data_set_value_component_kinetic_parameters_variable_s":1.0},{"data_set_value_component_environment_variable_time":0.3,"data_set_value_component_x_variable_x":9.6762869983,"data_set_value_component_x_variable_lamda":1.0,"data_set_value_component_x_variable_d":0.1,"data_set_value_component_y_variable_y":0.4141752937,"data_set_value_component_y_variable_a":0.2,"data_set_value_component_y_variable_log_y":-0.3828158111,"data_set_value_component_w_variable_w":0.0010609554,"data_set_value_component_w_variable_b":0.01,"data_set_value_component_w_variable_log_w":-2.9743028841,"data_set_value_component_z_variable_z":0.0000033903,"data_set_value_component_z_variable_h":0.1,"data_set_value_component_kinetic_parameters_variable_beta":0.5,"data_set_value_component_kinetic_parameters_variable_p":1.0,"data_set_value_component_kinetic_parameters_variable_q":0.5,"data_set_value_component_kinetic_parameters_variable_c":0.1,"data_set_value_component_kinetic_parameters_variable_s":1.0},{"data_set_value_component_environment_variable_time":0.4,"data_set_value_component_x_variable_x":9.4294997177,"data_set_value_component_x_variable_lamda":1.0,"data_set_value_component_x_variable_d":0.1,"data_set_value_component_y_variable_y":0.6548274707,"data_set_value_component_y_variable_a":0.2,"data_set_value_component_y_variable_log_y":-0.1838731098,"data_set_value_component_w_variable_w":0.0011115732,"data_set_value_component_w_variable_b":0.01,"data_set_value_component_w_variable_log_w":-2.9540619291,"data_set_value_component_z_variable_z":0.0000061997,"data_set_value_component_z_variable_h":0.1,"data_set_value_component_kinetic_parameters_variable_beta":0.5,"data_set_value_component_kinetic_parameters_variable_p":1.0,"data_set_value_component_kinetic_parameters_variable_q":0.5,"data_set_value_component_kinetic_parameters_variable_c":0.1,"data_set_value_component_kinetic_parameters_variable_s":1.0},{"data_set_value_component_environment_variable_time":0.5,"data_set_value_component_x_variable_x":9.0557219961,"data_set_value_component_x_variable_lamda":1.0,"data_set_value_component_x_variable_d":0.1,"data_set_value_component_y_variable_y":1.0195529272,"data_set_value_component_y_variable_a":0.2,"data_set_value_component_y_variable_log_y":0.0084097759,"data_set_value_component_w_variable_w":0.0011935087,"data_set_value_component_w_variable_b":0.01,"data_set_value_component_w_variable_log_w":-2.9231744023,"data_set_value_component_z_variable_z":0.00001087,"data_set_value_component_z_variable_h":0.1,"data_set_value_component_kinetic_parameters_variable_beta":0.5,"data_set_value_component_kinetic_parameters_variable_p":1.0,"data_set_value_component_kinetic_parameters_variable_q":0.5,"data_set_value_component_kinetic_parameters_variable_c":0.1,"data_set_value_component_kinetic_parameters_variable_s":1.0},{"data_set_value_component_environment_variable_time":0.6,"data_set_value_component_x_variable_x":8.5102377903,"data_set_value_component_x_variable_lamda":1.0,"data_set_value_component_x_variable_d":0.1,"data_set_value_component_y_variable_y":1.5516460413,"data_set_value_component_y_variable_a":0.2,"data_set_value_component_y_variable_log_y":0.1907926577,"data_set_value_component_w_variable_w":0.0013245157,"data_set_value_component_w_variable_b":0.01,"data_set_value_component_w_variable_log_w":-2.8779428848,"data_set_value_component_z_variable_z":0.0000187168,"data_set_value_component_z_variable_h":0.1,"data_set_value_component_kinetic_parameters_variable_beta":0.5,"data_set_value_component_kinetic_parameters_variable_p":1.0,"data_set_value_component_kinetic_parameters_variable_q":0.5,"data_set_value_component_kinetic_parameters_variable_c":0.1,"data_set_value_component_kinetic_parameters_variable_s":1.0},{"data_set_value_component_environment_variable_time":0.7,"data_set_value_component_x_variable_x":7.7561468143,"data_set_value_component_x_variable_lamda":1.0,"data_set_value_component_x_variable_d":0.1,"data_set_value_component_y_variable_y":2.2861929957,"data_set_value_component_y_variable_a":0.2,"data_set_value_component_y_variable_log_y":0.3591128899,"data_set_value_component_w_variable_w":0.0015296761,"data_set_value_component_w_variable_b":0.01,"data_set_value_component_w_variable_log_w":-2.8154005059,"data_set_value_component_z_variable_z":0.0000320275,"data_set_value_component_z_variable_h":0.1,"data_set_value_component_kinetic_parameters_variable_beta":0.5,"data_set_value_component_kinetic_parameters_variable_p":1.0,"data_set_value_component_kinetic_parameters_variable_q":0.5,"data_set_value_component_kinetic_parameters_variable_c":0.1,"data_set_value_component_kinetic_parameters_variable_s":1.0},{"data_set_value_component_environment_variable_time":0.8,"data_set_value_component_x_variable_x":6.7883534682,"data_set_value_component_x_variable_lamda":1.0,"data_set_value_component_x_variable_d":0.1,"data_set_value_component_y_variable_y":3.2262786874,"data_set_value_component_y_variable_a":0.2,"data_set_value_component_y_variable_log_y":0.5087018792,"data_set_value_component_w_variable_w":0.0018392079,"data_set_value_component_w_variable_b":0.01,"data_set_value_component_w_variable_log_w":-2.7353691692,"data_set_value_component_z_variable_z":0.0000546687,"data_set_value_component_z_variable_h":0.1,"data_set_value_component_kinetic_parameters_variable_beta":0.5,"data_set_value_component_kinetic_parameters_variable_p":1.0,"data_set_value_component_kinetic_parameters_variable_q":0.5,"data_set_value_component_kinetic_parameters_variable_c":0.1,"data_set_value_component_kinetic_parameters_variable_s":1.0},{"data_set_value_component_environment_variable_time":0.9,"data_set_value_component_x_variable_x":5.6582267941,"data_set_value_component_x_variable_lamda":1.0,"data_set_value_component_x_variable_d":0.1,"data_set_value_component_y_variable_y":4.3187737313,"data_set_value_component_y_variable_a":0.2,"data_set_value_component_y_variable_log_y":0.6353604511,"data_set_value_component_w_variable_w":0.0022774939,"data_set_value_component_w_variable_b":0.01,"data_set_value_component_w_variable_log_w":-2.6425427847,"data_set_value_component_z_variable_z":0.0000926722,"data_set_value_component_z_variable_h":0.1,"data_set_value_component_kinetic_parameters_variable_beta":0.5,"data_set_value_component_kinetic_parameters_variable_p":1.0,"data_set_value_component_kinetic_parameters_variable_q":0.5,"data_set_value_component_kinetic_parameters_variable_c":0.1,"data_set_value_component_kinetic_parameters_variable_s":1.0},{"data_set_value_component_environment_variable_time":1.0,"data_set_value_component_x_variable_x":4.4751351084,"data_set_value_component_x_variable_lamda":1.0,"data_set_value_component_x_variable_d":0.1,"data_set_value_component_y_variable_y":5.4533876805,"data_set_value_component_y_variable_a":0.2,"data_set_value_component_y_variable_log_y":0.7366663727,"data_set_value_component_w_variable_w":0.0028409085,"data_set_value_component_w_variable_b":0.01,"data_set_value_component_w_variable_log_w":-2.5465427507,"data_set_value_component_z_variable_z":0.0001540555,"data_set_value_component_z_variable_h":0.1,"data_set_value_component_kinetic_parameters_variable_beta":0.5,"data_set_value_component_kinetic_parameters_variable_p":1.0,"data_set_value_component_kinetic_parameters_variable_q":0.5,"data_set_value_component_kinetic_parameters_variable_c":0.1,"data_set_value_component_kinetic_parameters_variable_s":1.0}]