[{"data_generator_T":0.0,"data_generator_V1":-14.5},{"data_generator_T":10.0,"data_generator_V1":-27.22854},{"data_generator_T":20.0,"data_generator_V1":-27.410353},{"data_generator_T":30.0,"data_generator_V1":-27.575912},{"data_generator_T":40.0,"data_generator_V1":-27.735291},{"data_generator_T":50.0,"data_generator_V1":-27.891769},{"data_generator_T":60.0,"data_generator_V1":-28.047092},{"data_generator_T":70.0,"data_generator_V1":-28.202269},{"data_generator_T":80.0,"data_generator_V1":-28.357887},{"data_generator_T":90.0,"data_generator_V1":-28.514393},{"data_generator_T":100.0,"data_generator_V1":-28.67214},{"data_generator_T":110.0,"data_generator_V1":-28.831488},{"data_generator_T":120.0,"data_generator_V1":-28.992796},{"data_generator_T":130.0,"data_generator_V1":-29.15646},{"data_generator_T":140.0,"data_generator_V1":-29.322926},{"data_generator_T":150.0,"data_generator_V1":-29.492695},{"data_generator_T":160.0,"data_generator_V1":-29.666357},{"data_generator_T":170.0,"data_generator_V1":-29.844614},{"data_generator_T":180.0,"data_generator_V1":-30.028307},{"data_generator_T":190.0,"data_generator_V1":-30.218481},{"data_generator_T":200.0,"data_generator_V1":-30.416452},{"data_generator_T":210.0,"data_generator_V1":-30.623949},{"data_generator_T":220.0,"data_generator_V1":-30.843281},{"data_generator_T":230.0,"data_generator_V1":-31.077692},{"data_generator_T":240.0,"data_generator_V1":-31.331974},{"data_generator_T":250.0,"data_generator_V1":-31.613562},{"data_generator_T":260.0,"data_generator_V1":-31.935152},{"data_generator_T":270.0,"data_generator_V1":-32.320343},{"data_generator_T":280.0,"data_generator_V1":-32.820595},{"data_generator_T":290.0,"data_generator_V1":-33.575214},{"data_generator_T":300.0,"data_generator_V1":-35.154305},{"data_generator_T":310.0,"data_generator_V1":-44.652355},{"data_generator_T":320.0,"data_generator_V1":-63.414196},{"data_generator_T":330.0,"data_generator_V1":-65.953667},{"data_generator_T":340.0,"data_generator_V1":-66.026558},{"data_generator_T":350.0,"data_generator_V1":-65.823593},{"data_generator_T":360.0,"data_generator_V1":-65.595924},{"data_generator_T":370.0,"data_generator_V1":-65.374268},{"data_generator_T":380.0,"data_generator_V1":-65.161949},{"data_generator_T":390.0,"data_generator_V1":-64.959175},{"data_generator_T":400.0,"data_generator_V1":-64.765373},{"data_generator_T":410.0,"data_generator_V1":-64.580162},{"data_generator_T":420.0,"data_generator_V1":-64.403015},{"data_generator_T":430.0,"data_generator_V1":-64.233536},{"data_generator_T":440.0,"data_generator_V1":-64.071289},{"data_generator_T":450.0,"data_generator_V1":-63.915928},{"data_generator_T":460.0,"data_generator_V1":-63.76709},{"data_generator_T":470.0,"data_generator_V1":-63.624466},{"data_generator_T":480.0,"data_generator_V1":-63.48774},{"data_generator_T":490.0,"data_generator_V1":-63.356636},{"data_generator_T":500.0,"data_generator_V1":-63.230888},{"data_generator_T":510.0,"data_generator_V1":-63.110249},{"data_generator_T":520.0,"data_generator_V1":-62.99448},{"data_generator_T":530.0,"data_generator_V1":-62.883362},{"data_generator_T":540.0,"data_generator_V1":-62.776676},{"data_generator_T":550.0,"data_generator_V1":-62.674232},{"data_generator_T":560.0,"data_generator_V1":-62.575829},{"data_generator_T":570.0,"data_generator_V1":-62.481289},{"data_generator_T":580.0,"data_generator_V1":-62.390423},{"data_generator_T":590.0,"data_generator_V1":-62.30307},{"data_generator_T":600.0,"data_generator_V1":-62.219051},{"data_generator_T":610.0,"data_generator_V1":-62.138206},{"data_generator_T":620.0,"data_generator_V1":-62.060375},{"data_generator_T":630.0,"data_generator_V1":-61.98539},{"data_generator_T":640.0,"data_generator_V1":-61.913105},{"data_generator_T":650.0,"data_generator_V1":-61.84333},{"data_generator_T":660.0,"data_generator_V1":-61.77594},{"data_generator_T":670.0,"data_generator_V1":-61.710712},{"data_generator_T":680.0,"data_generator_V1":-61.64756},{"data_generator_T":690.0,"data_generator_V1":-61.58617},{"data_generator_T":700.0,"data_generator_V1":-61.526577},{"data_generator_T":710.0,"data_generator_V1":-61.46825},{"data_generator_T":720.0,"data_generator_V1":-61.411499},{"data_generator_T":730.0,"data_generator_V1":-61.35537},{"data_generator_T":740.0,"data_generator_V1":-61.300613},{"data_generator_T":750.0,"data_generator_V1":-61.245712},{"data_generator_T":760.0,"data_generator_V1":-61.191914},{"data_generator_T":770.0,"data_generator_V1":-61.137985},{"data_generator_T":780.0,"data_generator_V1":-61.082951},{"data_generator_T":790.0,"data_generator_V1":-61.027885},{"data_generator_T":800.0,"data_generator_V1":-60.970818},{"data_generator_T":810.0,"data_generator_V1":-60.91283},{"data_generator_T":820.0,"data_generator_V1":-60.851589},{"data_generator_T":830.0,"data_generator_V1":-60.788193},{"data_generator_T":840.0,"data_generator_V1":-60.719231},{"data_generator_T":850.0,"data_generator_V1":-60.646461},{"data_generator_T":860.0,"data_generator_V1":-60.566181},{"data_generator_T":870.0,"data_generator_V1":-60.479424},{"data_generator_T":880.0,"data_generator_V1":-60.379246},{"data_generator_T":890.0,"data_generator_V1":-60.267803},{"data_generator_T":900.0,"data_generator_V1":-60.13208},{"data_generator_T":910.0,"data_generator_V1":-59.971916},{"data_generator_T":920.0,"data_generator_V1":-59.771145},{"data_generator_T":930.0,"data_generator_V1":-59.502506},{"data_generator_T":940.0,"data_generator_V1":-59.121696},{"data_generator_T":950.0,"data_generator_V1":-58.500446},{"data_generator_T":960.0,"data_generator_V1":-57.177017},{"data_generator_T":970.0,"data_generator_V1":-49.562412},{"data_generator_T":980.0,"data_generator_V1":-7.3946133},{"data_generator_T":990.0,"data_generator_V1":-6.5473375},{"data_generator_T":1000.0,"data_generator_V1":-7.3855114},{"data_generator_T":1010.0,"data_generator_V1":-8.8940983},{"data_generator_T":1020.0,"data_generator_V1":-10.524641},{"data_generator_T":1030.0,"data_generator_V1":-12.05316},{"data_generator_T":1040.0,"data_generator_V1":-13.410079},{"data_generator_T":1050.0,"data_generator_V1":-14.590641},{"data_generator_T":1060.0,"data_generator_V1":-15.613604},{"data_generator_T":1070.0,"data_generator_V1":-16.503437},{"data_generator_T":1080.0,"data_generator_V1":-17.283339},{"data_generator_T":1090.0,"data_generator_V1":-17.973082},{"data_generator_T":1100.0,"data_generator_V1":-18.588772},{"data_generator_T":1110.0,"data_generator_V1":-19.143299},{"data_generator_T":1120.0,"data_generator_V1":-19.646938},{"data_generator_T":1130.0,"data_generator_V1":-20.107901},{"data_generator_T":1140.0,"data_generator_V1":-20.532789},{"data_generator_T":1150.0,"data_generator_V1":-20.926966},{"data_generator_T":1160.0,"data_generator_V1":-21.294823},{"data_generator_T":1170.0,"data_generator_V1":-21.640003},{"data_generator_T":1180.0,"data_generator_V1":-21.965559},{"data_generator_T":1190.0,"data_generator_V1":-22.274082},{"data_generator_T":1200.0,"data_generator_V1":-22.567812},{"data_generator_T":1210.0,"data_generator_V1":-22.848713},{"data_generator_T":1220.0,"data_generator_V1":-23.118559},{"data_generator_T":1230.0,"data_generator_V1":-23.379},{"data_generator_T":1240.0,"data_generator_V1":-23.631653},{"data_generator_T":1250.0,"data_generator_V1":-23.878208},{"data_generator_T":1260.0,"data_generator_V1":-24.120619},{"data_generator_T":1270.0,"data_generator_V1":-24.361435},{"data_generator_T":1280.0,"data_generator_V1":-24.604568},{"data_generator_T":1290.0,"data_generator_V1":-24.857281},{"data_generator_T":1300.0,"data_generator_V1":-25.136797},{"data_generator_T":1310.0,"data_generator_V1":-25.502548},{"data_generator_T":1320.0,"data_generator_V1":-26.425362},{"data_generator_T":1330.0,"data_generator_V1":-33.72958},{"data_generator_T":1340.0,"data_generator_V1":-46.037891},{"data_generator_T":1350.0,"data_generator_V1":-62.480816},{"data_generator_T":1360.0,"data_generator_V1":-65.53566},{"data_generator_T":1370.0,"data_generator_V1":-65.734795},{"data_generator_T":1380.0,"data_generator_V1":-65.564583},{"data_generator_T":1390.0,"data_generator_V1":-65.352623},{"data_generator_T":1400.0,"data_generator_V1":-65.14283},{"data_generator_T":1410.0,"data_generator_V1":-64.941292},{"data_generator_T":1420.0,"data_generator_V1":-64.748489},{"data_generator_T":1430.0,"data_generator_V1":-64.564163},{"data_generator_T":1440.0,"data_generator_V1":-64.387856},{"data_generator_T":1450.0,"data_generator_V1":-64.21917},{"data_generator_T":1460.0,"data_generator_V1":-64.057693},{"data_generator_T":1470.0,"data_generator_V1":-63.903076},{"data_generator_T":1480.0,"data_generator_V1":-63.754959},{"data_generator_T":1490.0,"data_generator_V1":-63.613033},{"data_generator_T":1500.0,"data_generator_V1":-63.47699},{"data_generator_T":1510.0,"data_generator_V1":-63.346558},{"data_generator_T":1520.0,"data_generator_V1":-63.22147},{"data_generator_T":1530.0,"data_generator_V1":-63.101479},{"data_generator_T":1540.0,"data_generator_V1":-62.986351},{"data_generator_T":1550.0,"data_generator_V1":-62.87587},{"data_generator_T":1560.0,"data_generator_V1":-62.769825},{"data_generator_T":1570.0,"data_generator_V1":-62.668018},{"data_generator_T":1580.0,"data_generator_V1":-62.570255},{"data_generator_T":1590.0,"data_generator_V1":-62.47636},{"data_generator_T":1600.0,"data_generator_V1":-62.38615},{"data_generator_T":1610.0,"data_generator_V1":-62.299461},{"data_generator_T":1620.0,"data_generator_V1":-62.216122},{"data_generator_T":1630.0,"data_generator_V1":-62.135975},{"data_generator_T":1640.0,"data_generator_V1":-62.058861},{"data_generator_T":1650.0,"data_generator_V1":-61.984615},{"data_generator_T":1660.0,"data_generator_V1":-61.913086},{"data_generator_T":1670.0,"data_generator_V1":-61.844128},{"data_generator_T":1680.0,"data_generator_V1":-61.77755},{"data_generator_T":1690.0,"data_generator_V1":-61.713234},{"data_generator_T":1700.0,"data_generator_V1":-61.650951},{"data_generator_T":1710.0,"data_generator_V1":-61.590633},{"data_generator_T":1720.0,"data_generator_V1":-61.53194},{"data_generator_T":1730.0,"data_generator_V1":-61.474949},{"data_generator_T":1740.0,"data_generator_V1":-61.419071},{"data_generator_T":1750.0,"data_generator_V1":-61.364674},{"data_generator_T":1760.0,"data_generator_V1":-61.310741},{"data_generator_T":1770.0,"data_generator_V1":-61.258091},{"data_generator_T":1780.0,"data_generator_V1":-61.205143},{"data_generator_T":1790.0,"data_generator_V1":-61.153084},{"data_generator_T":1800.0,"data_generator_V1":-61.100155},{"data_generator_T":1810.0,"data_generator_V1":-61.047077},{"data_generator_T":1820.0,"data_generator_V1":-60.992825},{"data_generator_T":1830.0,"data_generator_V1":-60.937595},{"data_generator_T":1840.0,"data_generator_V1":-60.881386},{"data_generator_T":1850.0,"data_generator_V1":-60.819511},{"data_generator_T":1860.0,"data_generator_V1":-60.756718},{"data_generator_T":1870.0,"data_generator_V1":-60.688923},{"data_generator_T":1880.0,"data_generator_V1":-60.616184},{"data_generator_T":1890.0,"data_generator_V1":-60.535332},{"data_generator_T":1900.0,"data_generator_V1":-60.446983},{"data_generator_T":1910.0,"data_generator_V1":-60.347385},{"data_generator_T":1920.0,"data_generator_V1":-60.229298},{"data_generator_T":1930.0,"data_generator_V1":-60.092373},{"data_generator_T":1940.0,"data_generator_V1":-59.925903},{"data_generator_T":1950.0,"data_generator_V1":-59.715084},{"data_generator_T":1960.0,"data_generator_V1":-59.429359},{"data_generator_T":1970.0,"data_generator_V1":-59.0144},{"data_generator_T":1980.0,"data_generator_V1":-58.309765},{"data_generator_T":1990.0,"data_generator_V1":-56.657253},{"data_generator_T":2000.0,"data_generator_V1":-29.928741},{"data_generator_T":2010.0,"data_generator_V1":-7.0275702},{"data_generator_T":2020.0,"data_generator_V1":-6.6233544},{"data_generator_T":2030.0,"data_generator_V1":-7.669703},{"data_generator_T":2040.0,"data_generator_V1":-9.2344275},{"data_generator_T":2050.0,"data_generator_V1":-10.855047},{"data_generator_T":2060.0,"data_generator_V1":-12.350462},{"data_generator_T":2070.0,"data_generator_V1":-13.669865},{"data_generator_T":2080.0,"data_generator_V1":-14.81572},{"data_generator_T":2090.0,"data_generator_V1":-15.808941},{"data_generator_T":2100.0,"data_generator_V1":-16.674086},{"data_generator_T":2110.0,"data_generator_V1":-17.433722},{"data_generator_T":2120.0,"data_generator_V1":-18.106844},{"data_generator_T":2130.0,"data_generator_V1":-18.708839},{"data_generator_T":2140.0,"data_generator_V1":-19.25201},{"data_generator_T":2150.0,"data_generator_V1":-19.746151},{"data_generator_T":2160.0,"data_generator_V1":-20.19911},{"data_generator_T":2170.0,"data_generator_V1":-20.617203},{"data_generator_T":2180.0,"data_generator_V1":-21.005569},{"data_generator_T":2190.0,"data_generator_V1":-21.368433},{"data_generator_T":2200.0,"data_generator_V1":-21.709295},{"data_generator_T":2210.0,"data_generator_V1":-22.031109},{"data_generator_T":2220.0,"data_generator_V1":-22.336382},{"data_generator_T":2230.0,"data_generator_V1":-22.627291},{"data_generator_T":2240.0,"data_generator_V1":-22.905756},{"data_generator_T":2250.0,"data_generator_V1":-23.173517},{"data_generator_T":2260.0,"data_generator_V1":-23.432211},{"data_generator_T":2270.0,"data_generator_V1":-23.683458},{"data_generator_T":2280.0,"data_generator_V1":-23.928991},{"data_generator_T":2290.0,"data_generator_V1":-24.170847},{"data_generator_T":2300.0,"data_generator_V1":-24.411781},{"data_generator_T":2310.0,"data_generator_V1":-24.656178},{"data_generator_T":2320.0,"data_generator_V1":-24.912556},{"data_generator_T":2330.0,"data_generator_V1":-25.202457},{"data_generator_T":2340.0,"data_generator_V1":-25.609295},{"data_generator_T":2350.0,"data_generator_V1":-27.05677},{"data_generator_T":2360.0,"data_generator_V1":-35.541691},{"data_generator_T":2370.0,"data_generator_V1":-50.622509},{"data_generator_T":2380.0,"data_generator_V1":-63.739758},{"data_generator_T":2390.0,"data_generator_V1":-65.659378},{"data_generator_T":2400.0,"data_generator_V1":-65.709145},{"data_generator_T":2410.0,"data_generator_V1":-65.52066},{"data_generator_T":2420.0,"data_generator_V1":-65.307869},{"data_generator_T":2430.0,"data_generator_V1":-65.099632},{"data_generator_T":2440.0,"data_generator_V1":-64.899956},{"data_generator_T":2450.0,"data_generator_V1":-64.708961},{"data_generator_T":2460.0,"data_generator_V1":-64.526367},{"data_generator_T":2470.0,"data_generator_V1":-64.351692},{"data_generator_T":2480.0,"data_generator_V1":-64.184563},{"data_generator_T":2490.0,"data_generator_V1":-64.024559},{"data_generator_T":2500.0,"data_generator_V1":-63.871338},{"data_generator_T":2510.0,"data_generator_V1":-63.724552},{"data_generator_T":2520.0,"data_generator_V1":-63.583889},{"data_generator_T":2530.0,"data_generator_V1":-63.449051},{"data_generator_T":2540.0,"data_generator_V1":-63.319767},{"data_generator_T":2550.0,"data_generator_V1":-63.19577},{"data_generator_T":2560.0,"data_generator_V1":-63.076824},{"data_generator_T":2570.0,"data_generator_V1":-62.962696},{"data_generator_T":2580.0,"data_generator_V1":-62.853165},{"data_generator_T":2590.0,"data_generator_V1":-62.748028},{"data_generator_T":2600.0,"data_generator_V1":-62.647087},{"data_generator_T":2610.0,"data_generator_V1":-62.550156},{"data_generator_T":2620.0,"data_generator_V1":-62.45705},{"data_generator_T":2630.0,"data_generator_V1":-62.367596},{"data_generator_T":2640.0,"data_generator_V1":-62.281628},{"data_generator_T":2650.0,"data_generator_V1":-62.198975},{"data_generator_T":2660.0,"data_generator_V1":-62.11948},{"data_generator_T":2670.0,"data_generator_V1":-62.04298},{"data_generator_T":2680.0,"data_generator_V1":-61.969318},{"data_generator_T":2690.0,"data_generator_V1":-61.898346},{"data_generator_T":2700.0,"data_generator_V1":-61.829899},{"data_generator_T":2710.0,"data_generator_V1":-61.763813},{"data_generator_T":2720.0,"data_generator_V1":-61.69994},{"data_generator_T":2730.0,"data_generator_V1":-61.638084},{"data_generator_T":2740.0,"data_generator_V1":-61.578121},{"data_generator_T":2750.0,"data_generator_V1":-61.519798},{"data_generator_T":2760.0,"data_generator_V1":-61.463051},{"data_generator_T":2770.0,"data_generator_V1":-61.407494},{"data_generator_T":2780.0,"data_generator_V1":-61.35321},{"data_generator_T":2790.0,"data_generator_V1":-61.29953},{"data_generator_T":2800.0,"data_generator_V1":-61.246902},{"data_generator_T":2810.0,"data_generator_V1":-61.194054},{"data_generator_T":2820.0,"data_generator_V1":-61.142078},{"data_generator_T":2830.0,"data_generator_V1":-61.089409},{"data_generator_T":2840.0,"data_generator_V1":-61.03569},{"data_generator_T":2850.0,"data_generator_V1":-60.981384},{"data_generator_T":2860.0,"data_generator_V1":-60.925404},{"data_generator_T":2870.0,"data_generator_V1":-60.867683},{"data_generator_T":2880.0,"data_generator_V1":-60.808498},{"data_generator_T":2890.0,"data_generator_V1":-60.742207},{"data_generator_T":2900.0,"data_generator_V1":-60.673794},{"data_generator_T":2910.0,"data_generator_V1":-60.601807},{"data_generator_T":2920.0,"data_generator_V1":-60.51733},{"data_generator_T":2930.0,"data_generator_V1":-60.426983},{"data_generator_T":2940.0,"data_generator_V1":-60.322918},{"data_generator_T":2950.0,"data_generator_V1":-60.204884},{"data_generator_T":2960.0,"data_generator_V1":-60.059708},{"data_generator_T":2970.0,"data_generator_V1":-59.884979},{"data_generator_T":2980.0,"data_generator_V1":-59.661594},{"data_generator_T":2990.0,"data_generator_V1":-59.357273},{"data_generator_T":3000.0,"data_generator_V1":-58.898941},{"data_generator_T":3010.0,"data_generator_V1":-58.085884},{"data_generator_T":3020.0,"data_generator_V1":-55.921825},{"data_generator_T":3030.0,"data_generator_V1":-11.514584},{"data_generator_T":3040.0,"data_generator_V1":-6.763772},{"data_generator_T":3050.0,"data_generator_V1":-6.7607932},{"data_generator_T":3060.0,"data_generator_V1":-7.9780726},{"data_generator_T":3070.0,"data_generator_V1":-9.5804644},{"data_generator_T":3080.0,"data_generator_V1":-11.183702},{"data_generator_T":3090.0,"data_generator_V1":-12.64366},{"data_generator_T":3100.0,"data_generator_V1":-13.925302},{"data_generator_T":3110.0,"data_generator_V1":-15.036977},{"data_generator_T":3120.0,"data_generator_V1":-16.001173},{"data_generator_T":3130.0,"data_generator_V1":-16.842308},{"data_generator_T":3140.0,"data_generator_V1":-17.582253},{"data_generator_T":3150.0,"data_generator_V1":-18.239214},{"data_generator_T":3160.0,"data_generator_V1":-18.827879},{"data_generator_T":3170.0,"data_generator_V1":-19.35997},{"data_generator_T":3180.0,"data_generator_V1":-19.844835},{"data_generator_T":3190.0,"data_generator_V1":-20.289963},{"data_generator_T":3200.0,"data_generator_V1":-20.701395},{"data_generator_T":3210.0,"data_generator_V1":-21.084061},{"data_generator_T":3220.0,"data_generator_V1":-21.442015},{"data_generator_T":3230.0,"data_generator_V1":-21.778633},{"data_generator_T":3240.0,"data_generator_V1":-22.096764},{"data_generator_T":3250.0,"data_generator_V1":-22.398838},{"data_generator_T":3260.0,"data_generator_V1":-22.68697},{"data_generator_T":3270.0,"data_generator_V1":-22.963037},{"data_generator_T":3280.0,"data_generator_V1":-23.228752},{"data_generator_T":3290.0,"data_generator_V1":-23.485741},{"data_generator_T":3300.0,"data_generator_V1":-23.735634},{"data_generator_T":3310.0,"data_generator_V1":-23.980204},{"data_generator_T":3320.0,"data_generator_V1":-24.221601},{"data_generator_T":3330.0,"data_generator_V1":-24.462816},{"data_generator_T":3340.0,"data_generator_V1":-24.708803},{"data_generator_T":3350.0,"data_generator_V1":-24.969662},{"data_generator_T":3360.0,"data_generator_V1":-25.2728},{"data_generator_T":3370.0,"data_generator_V1":-25.739902},{"data_generator_T":3380.0,"data_generator_V1":-28.312746},{"data_generator_T":3390.0,"data_generator_V1":-37.518131},{"data_generator_T":3400.0,"data_generator_V1":-55.060143},{"data_generator_T":3410.0,"data_generator_V1":-64.555275},{"data_generator_T":3420.0,"data_generator_V1":-65.72364},{"data_generator_T":3430.0,"data_generator_V1":-65.675758},{"data_generator_T":3440.0,"data_generator_V1":-65.475998},{"data_generator_T":3450.0,"data_generator_V1":-65.263206},{"data_generator_T":3460.0,"data_generator_V1":-65.056725},{"data_generator_T":3470.0,"data_generator_V1":-64.858856},{"data_generator_T":3480.0,"data_generator_V1":-64.669693},{"data_generator_T":3490.0,"data_generator_V1":-64.488785},{"data_generator_T":3500.0,"data_generator_V1":-64.31575},{"data_generator_T":3510.0,"data_generator_V1":-64.150146},{"data_generator_T":3520.0,"data_generator_V1":-63.991615},{"data_generator_T":3530.0,"data_generator_V1":-63.839775},{"data_generator_T":3540.0,"data_generator_V1":-63.694313},{"data_generator_T":3550.0,"data_generator_V1":-63.554901},{"data_generator_T":3560.0,"data_generator_V1":-63.421265},{"data_generator_T":3570.0,"data_generator_V1":-63.293114},{"data_generator_T":3580.0,"data_generator_V1":-63.170208},{"data_generator_T":3590.0,"data_generator_V1":-63.052296},{"data_generator_T":3600.0,"data_generator_V1":-62.939159},{"data_generator_T":3610.0,"data_generator_V1":-62.830574},{"data_generator_T":3620.0,"data_generator_V1":-62.726341},{"data_generator_T":3630.0,"data_generator_V1":-62.626263},{"data_generator_T":3640.0,"data_generator_V1":-62.530155},{"data_generator_T":3650.0,"data_generator_V1":-62.437836},{"data_generator_T":3660.0,"data_generator_V1":-62.349136},{"data_generator_T":3670.0,"data_generator_V1":-62.263878},{"data_generator_T":3680.0,"data_generator_V1":-62.181908},{"data_generator_T":3690.0,"data_generator_V1":-62.103058},{"data_generator_T":3700.0,"data_generator_V1":-62.027176},{"data_generator_T":3710.0,"data_generator_V1":-61.954094},{"data_generator_T":3720.0,"data_generator_V1":-61.883671},{"data_generator_T":3730.0,"data_generator_V1":-61.815735},{"data_generator_T":3740.0,"data_generator_V1":-61.750134},{"data_generator_T":3750.0,"data_generator_V1":-61.686695},{"data_generator_T":3760.0,"data_generator_V1":-61.625263},{"data_generator_T":3770.0,"data_generator_V1":-61.565651},{"data_generator_T":3780.0,"data_generator_V1":-61.507698},{"data_generator_T":3790.0,"data_generator_V1":-61.451191},{"data_generator_T":3800.0,"data_generator_V1":-61.395962},{"data_generator_T":3810.0,"data_generator_V1":-61.341751},{"data_generator_T":3820.0,"data_generator_V1":-61.288406},{"data_generator_T":3830.0,"data_generator_V1":-61.235569},{"data_generator_T":3840.0,"data_generator_V1":-61.18314},{"data_generator_T":3850.0,"data_generator_V1":-61.130558},{"data_generator_T":3860.0,"data_generator_V1":-61.077911},{"data_generator_T":3870.0,"data_generator_V1":-61.024181},{"data_generator_T":3880.0,"data_generator_V1":-60.969963},{"data_generator_T":3890.0,"data_generator_V1":-60.913589},{"data_generator_T":3900.0,"data_generator_V1":-60.854931},{"data_generator_T":3910.0,"data_generator_V1":-60.793839},{"data_generator_T":3920.0,"data_generator_V1":-60.729286},{"data_generator_T":3930.0,"data_generator_V1":-60.658512},{"data_generator_T":3940.0,"data_generator_V1":-60.584408},{"data_generator_T":3950.0,"data_generator_V1":-60.499645},{"data_generator_T":3960.0,"data_generator_V1":-60.406002},{"data_generator_T":3970.0,"data_generator_V1":-60.299126},{"data_generator_T":3980.0,"data_generator_V1":-60.174938},{"data_generator_T":3990.0,"data_generator_V1":-60.025867},{"data_generator_T":4000.0,"data_generator_V1":-59.842415},{"data_generator_T":4010.0,"data_generator_V1":-59.60516},{"data_generator_T":4020.0,"data_generator_V1":-59.276684},{"data_generator_T":4030.0,"data_generator_V1":-58.770321},{"data_generator_T":4040.0,"data_generator_V1":-57.817787},{"data_generator_T":4050.0,"data_generator_V1":-54.800915},{"data_generator_T":4060.0,"data_generator_V1":-8.6029911},{"data_generator_T":4070.0,"data_generator_V1":-6.6030822},{"data_generator_T":4080.0,"data_generator_V1":-6.9542365},{"data_generator_T":4090.0,"data_generator_V1":-8.302928},{"data_generator_T":4100.0,"data_generator_V1":-9.9269094},{"data_generator_T":4110.0,"data_generator_V1":-11.506701},{"data_generator_T":4120.0,"data_generator_V1":-12.929749},{"data_generator_T":4130.0,"data_generator_V1":-14.173977},{"data_generator_T":4140.0,"data_generator_V1":-15.2524},{"data_generator_T":4150.0,"data_generator_V1":-16.188581},{"data_generator_T":4160.0,"data_generator_V1":-17.006605},{"data_generator_T":4170.0,"data_generator_V1":-17.727602},{"data_generator_T":4180.0,"data_generator_V1":-18.368999},{"data_generator_T":4190.0,"data_generator_V1":-18.944809},{"data_generator_T":4200.0,"data_generator_V1":-19.4662},{"data_generator_T":4210.0,"data_generator_V1":-19.942089},{"data_generator_T":4220.0,"data_generator_V1":-20.379625},{"data_generator_T":4230.0,"data_generator_V1":-20.784595},{"data_generator_T":4240.0,"data_generator_V1":-21.161722},{"data_generator_T":4250.0,"data_generator_V1":-21.5149},{"data_generator_T":4260.0,"data_generator_V1":-21.847385},{"data_generator_T":4270.0,"data_generator_V1":-22.161928},{"data_generator_T":4280.0,"data_generator_V1":-22.460886},{"data_generator_T":4290.0,"data_generator_V1":-22.746317},{"data_generator_T":4300.0,"data_generator_V1":-23.020056},{"data_generator_T":4310.0,"data_generator_V1":-23.283791},{"data_generator_T":4320.0,"data_generator_V1":-23.539139},{"data_generator_T":4330.0,"data_generator_V1":-23.78775},{"data_generator_T":4340.0,"data_generator_V1":-24.031452},{"data_generator_T":4350.0,"data_generator_V1":-24.27252},{"data_generator_T":4360.0,"data_generator_V1":-24.514231},{"data_generator_T":4370.0,"data_generator_V1":-24.762236},{"data_generator_T":4380.0,"data_generator_V1":-25.028671},{"data_generator_T":4390.0,"data_generator_V1":-25.349154},{"data_generator_T":4400.0,"data_generator_V1":-25.910988},{"data_generator_T":4410.0,"data_generator_V1":-30.322435},{"data_generator_T":4420.0,"data_generator_V1":-39.926163},{"data_generator_T":4430.0,"data_generator_V1":-58.609119},{"data_generator_T":4440.0,"data_generator_V1":-65.069839},{"data_generator_T":4450.0,"data_generator_V1":-65.747406},{"data_generator_T":4460.0,"data_generator_V1":-65.637421},{"data_generator_T":4470.0,"data_generator_V1":-65.430786},{"data_generator_T":4480.0,"data_generator_V1":-65.218819},{"data_generator_T":4490.0,"data_generator_V1":-65.014091},{"data_generator_T":4500.0,"data_generator_V1":-64.818115},{"data_generator_T":4510.0,"data_generator_V1":-64.630737},{"data_generator_T":4520.0,"data_generator_V1":-64.451538},{"data_generator_T":4530.0,"data_generator_V1":-64.280106},{"data_generator_T":4540.0,"data_generator_V1":-64.116035},{"data_generator_T":4550.0,"data_generator_V1":-63.95895},{"data_generator_T":4560.0,"data_generator_V1":-63.808495},{"data_generator_T":4570.0,"data_generator_V1":-63.664337},{"data_generator_T":4580.0,"data_generator_V1":-63.526173},{"data_generator_T":4590.0,"data_generator_V1":-63.393715},{"data_generator_T":4600.0,"data_generator_V1":-63.266697},{"data_generator_T":4610.0,"data_generator_V1":-63.144867},{"data_generator_T":4620.0,"data_generator_V1":-63.027985},{"data_generator_T":4630.0,"data_generator_V1":-62.915825},{"data_generator_T":4640.0,"data_generator_V1":-62.808178},{"data_generator_T":4650.0,"data_generator_V1":-62.704842},{"data_generator_T":4660.0,"data_generator_V1":-62.605618},{"data_generator_T":4670.0,"data_generator_V1":-62.510326},{"data_generator_T":4680.0,"data_generator_V1":-62.418785},{"data_generator_T":4690.0,"data_generator_V1":-62.330826},{"data_generator_T":4700.0,"data_generator_V1":-62.246281},{"data_generator_T":4710.0,"data_generator_V1":-62.164982},{"data_generator_T":4720.0,"data_generator_V1":-62.086773},{"data_generator_T":4730.0,"data_generator_V1":-62.011494},{"data_generator_T":4740.0,"data_generator_V1":-61.938988},{"data_generator_T":4750.0,"data_generator_V1":-61.869106},{"data_generator_T":4760.0,"data_generator_V1":-61.801674},{"data_generator_T":4770.0,"data_generator_V1":-61.736549},{"data_generator_T":4780.0,"data_generator_V1":-61.673538},{"data_generator_T":4790.0,"data_generator_V1":-61.612522},{"data_generator_T":4800.0,"data_generator_V1":-61.553253},{"data_generator_T":4810.0,"data_generator_V1":-61.495659},{"data_generator_T":4820.0,"data_generator_V1":-61.439377},{"data_generator_T":4830.0,"data_generator_V1":-61.384483},{"data_generator_T":4840.0,"data_generator_V1":-61.330338},{"data_generator_T":4850.0,"data_generator_V1":-61.277359},{"data_generator_T":4860.0,"data_generator_V1":-61.224358},{"data_generator_T":4870.0,"data_generator_V1":-61.172337},{"data_generator_T":4880.0,"data_generator_V1":-61.120411},{"data_generator_T":4890.0,"data_generator_V1":-61.06673},{"data_generator_T":4900.0,"data_generator_V1":-61.014416},{"data_generator_T":4910.0,"data_generator_V1":-60.957558},{"data_generator_T":4920.0,"data_generator_V1":-60.901997},{"data_generator_T":4930.0,"data_generator_V1":-60.842655},{"data_generator_T":4940.0,"data_generator_V1":-60.780319},{"data_generator_T":4950.0,"data_generator_V1":-60.714306},{"data_generator_T":4960.0,"data_generator_V1":-60.643513},{"data_generator_T":4970.0,"data_generator_V1":-60.566315},{"data_generator_T":4980.0,"data_generator_V1":-60.480412},{"data_generator_T":4990.0,"data_generator_V1":-60.386837},{"data_generator_T":5000.0,"data_generator_V1":-60.27401},{"data_generator_T":5010.0,"data_generator_V1":-60.145813},{"data_generator_T":5020.0,"data_generator_V1":-59.992573},{"data_generator_T":5030.0,"data_generator_V1":-59.798553},{"data_generator_T":5040.0,"data_generator_V1":-59.544235},{"data_generator_T":5050.0,"data_generator_V1":-59.187813},{"data_generator_T":5060.0,"data_generator_V1":-58.621082},{"data_generator_T":5070.0,"data_generator_V1":-57.482521},{"data_generator_T":5080.0,"data_generator_V1":-52.778156},{"data_generator_T":5090.0,"data_generator_V1":-7.7687511},{"data_generator_T":5100.0,"data_generator_V1":-6.5386987},{"data_generator_T":5110.0,"data_generator_V1":-7.1883035},{"data_generator_T":5120.0,"data_generator_V1":-8.6388292},{"data_generator_T":5130.0,"data_generator_V1":-10.27061},{"data_generator_T":5140.0,"data_generator_V1":-11.822376},{"data_generator_T":5150.0,"data_generator_V1":-13.207698},{"data_generator_T":5160.0,"data_generator_V1":-14.415178},{"data_generator_T":5170.0,"data_generator_V1":-15.461443},{"data_generator_T":5180.0,"data_generator_V1":-16.370695},{"data_generator_T":5190.0,"data_generator_V1":-17.166557},{"data_generator_T":5200.0,"data_generator_V1":-17.869387},{"data_generator_T":5210.0,"data_generator_V1":-18.495848},{"data_generator_T":5220.0,"data_generator_V1":-19.059299},{"data_generator_T":5230.0,"data_generator_V1":-19.570389},{"data_generator_T":5240.0,"data_generator_V1":-20.037621},{"data_generator_T":5250.0,"data_generator_V1":-20.467827},{"data_generator_T":5260.0,"data_generator_V1":-20.866543},{"data_generator_T":5270.0,"data_generator_V1":-21.238302},{"data_generator_T":5280.0,"data_generator_V1":-21.586853},{"data_generator_T":5290.0,"data_generator_V1":-21.915329},{"data_generator_T":5300.0,"data_generator_V1":-22.226389},{"data_generator_T":5310.0,"data_generator_V1":-22.522324},{"data_generator_T":5320.0,"data_generator_V1":-22.805134},{"data_generator_T":5330.0,"data_generator_V1":-23.076618},{"data_generator_T":5340.0,"data_generator_V1":-23.338446},{"data_generator_T":5350.0,"data_generator_V1":-23.592228},{"data_generator_T":5360.0,"data_generator_V1":-23.839638},{"data_generator_T":5370.0,"data_generator_V1":-24.082571},{"data_generator_T":5380.0,"data_generator_V1":-24.32345},{"data_generator_T":5390.0,"data_generator_V1":-24.565897},{"data_generator_T":5400.0,"data_generator_V1":-24.816416},{"data_generator_T":5410.0,"data_generator_V1":-25.08979},{"data_generator_T":5420.0,"data_generator_V1":-25.433414},{"data_generator_T":5430.0,"data_generator_V1":-26.156048},{"data_generator_T":5440.0,"data_generator_V1":-32.362217},{"data_generator_T":5450.0,"data_generator_V1":-43.095539},{"data_generator_T":5460.0,"data_generator_V1":-61.152836},{"data_generator_T":5470.0,"data_generator_V1":-65.387421},{"data_generator_T":5480.0,"data_generator_V1":-65.746368},{"data_generator_T":5490.0,"data_generator_V1":-65.596077},{"data_generator_T":5500.0,"data_generator_V1":-65.385635},{"data_generator_T":5510.0,"data_generator_V1":-65.174812},{"data_generator_T":5520.0,"data_generator_V1":-64.971924},{"data_generator_T":5530.0,"data_generator_V1":-64.777779},{"data_generator_T":5540.0,"data_generator_V1":-64.592171},{"data_generator_T":5550.0,"data_generator_V1":-64.414642},{"data_generator_T":5560.0,"data_generator_V1":-64.244812},{"data_generator_T":5570.0,"data_generator_V1":-64.082245},{"data_generator_T":5580.0,"data_generator_V1":-63.926586},{"data_generator_T":5590.0,"data_generator_V1":-63.777485},{"data_generator_T":5600.0,"data_generator_V1":-63.634621},{"data_generator_T":5610.0,"data_generator_V1":-63.497684},{"data_generator_T":5620.0,"data_generator_V1":-63.366402},{"data_generator_T":5630.0,"data_generator_V1":-63.240501},{"data_generator_T":5640.0,"data_generator_V1":-63.119736},{"data_generator_T":5650.0,"data_generator_V1":-63.003872},{"data_generator_T":5660.0,"data_generator_V1":-62.892685},{"data_generator_T":5670.0,"data_generator_V1":-62.785965},{"data_generator_T":5680.0,"data_generator_V1":-62.683514},{"data_generator_T":5690.0,"data_generator_V1":-62.58514},{"data_generator_T":5700.0,"data_generator_V1":-62.490654},{"data_generator_T":5710.0,"data_generator_V1":-62.399887},{"data_generator_T":5720.0,"data_generator_V1":-62.312664},{"data_generator_T":5730.0,"data_generator_V1":-62.228817},{"data_generator_T":5740.0,"data_generator_V1":-62.148186},{"data_generator_T":5750.0,"data_generator_V1":-62.07061},{"data_generator_T":5760.0,"data_generator_V1":-61.99593},{"data_generator_T":5770.0,"data_generator_V1":-61.923992},{"data_generator_T":5780.0,"data_generator_V1":-61.854645},{"data_generator_T":5790.0,"data_generator_V1":-61.787708},{"data_generator_T":5800.0,"data_generator_V1":-61.723053},{"data_generator_T":5810.0,"data_generator_V1":-61.660465},{"data_generator_T":5820.0,"data_generator_V1":-61.599857},{"data_generator_T":5830.0,"data_generator_V1":-61.54092},{"data_generator_T":5840.0,"data_generator_V1":-61.483681},{"data_generator_T":5850.0,"data_generator_V1":-61.427628},{"data_generator_T":5860.0,"data_generator_V1":-61.373043},{"data_generator_T":5870.0,"data_generator_V1":-61.319004},{"data_generator_T":5880.0,"data_generator_V1":-61.266243},{"data_generator_T":5890.0,"data_generator_V1":-61.213245},{"data_generator_T":5900.0,"data_generator_V1":-61.161278},{"data_generator_T":5910.0,"data_generator_V1":-61.108906},{"data_generator_T":5920.0,"data_generator_V1":-61.055939},{"data_generator_T":5930.0,"data_generator_V1":-61.00169},{"data_generator_T":5940.0,"data_generator_V1":-60.947296},{"data_generator_T":5950.0,"data_generator_V1":-60.889023},{"data_generator_T":5960.0,"data_generator_V1":-60.829716},{"data_generator_T":5970.0,"data_generator_V1":-60.768204},{"data_generator_T":5980.0,"data_generator_V1":-60.699219},{"data_generator_T":5990.0,"data_generator_V1":-60.627312},{"data_generator_T":6000.0,"data_generator_V1":-60.550499},{"data_generator_T":6010.0,"data_generator_V1":-60.461178},{"data_generator_T":6020.0,"data_generator_V1":-60.365379},{"data_generator_T":6030.0,"data_generator_V1":-60.24847},{"data_generator_T":6040.0,"data_generator_V1":-60.115265},{"data_generator_T":6050.0,"data_generator_V1":-59.954453},{"data_generator_T":6060.0,"data_generator_V1":-59.752907},{"data_generator_T":6070.0,"data_generator_V1":-59.480003},{"data_generator_T":6080.0,"data_generator_V1":-59.091698},{"data_generator_T":6090.0,"data_generator_V1":-58.451618},{"data_generator_T":6100.0,"data_generator_V1":-57.055855},{"data_generator_T":6110.0,"data_generator_V1":-47.54958},{"data_generator_T":6120.0,"data_generator_V1":-7.2929368},{"data_generator_T":6130.0,"data_generator_V1":-6.5613713},{"data_generator_T":6140.0,"data_generator_V1":-7.4556675},{"data_generator_T":6150.0,"data_generator_V1":-8.980051},{"data_generator_T":6160.0,"data_generator_V1":-10.60876},{"data_generator_T":6170.0,"data_generator_V1":-12.129069},{"data_generator_T":6180.0,"data_generator_V1":-13.476475},{"data_generator_T":6190.0,"data_generator_V1":-14.648169},{"data_generator_T":6200.0,"data_generator_V1":-15.663508},{"data_generator_T":6210.0,"data_generator_V1":-16.547007},{"data_generator_T":6220.0,"data_generator_V1":-17.321707},{"data_generator_T":6230.0,"data_generator_V1":-18.007187},{"data_generator_T":6240.0,"data_generator_V1":-18.619366},{"data_generator_T":6250.0,"data_generator_V1":-19.170984},{"data_generator_T":6260.0,"data_generator_V1":-19.672192},{"data_generator_T":6270.0,"data_generator_V1":-20.131105},{"data_generator_T":6280.0,"data_generator_V1":-20.554256},{"data_generator_T":6290.0,"data_generator_V1":-20.946947},{"data_generator_T":6300.0,"data_generator_V1":-21.31353},{"data_generator_T":6310.0,"data_generator_V1":-21.657608},{"data_generator_T":6320.0,"data_generator_V1":-21.98221},{"data_generator_T":6330.0,"data_generator_V1":-22.289906},{"data_generator_T":6340.0,"data_generator_V1":-22.582916},{"data_generator_T":6350.0,"data_generator_V1":-22.863197},{"data_generator_T":6360.0,"data_generator_V1":-23.132513},{"data_generator_T":6370.0,"data_generator_V1":-23.392511},{"data_generator_T":6380.0,"data_generator_V1":-23.644808},{"data_generator_T":6390.0,"data_generator_V1":-23.891106},{"data_generator_T":6400.0,"data_generator_V1":-24.133377},{"data_generator_T":6410.0,"data_generator_V1":-24.374224},{"data_generator_T":6420.0,"data_generator_V1":-24.617676},{"data_generator_T":6430.0,"data_generator_V1":-24.8713},{"data_generator_T":6440.0,"data_generator_V1":-25.153341},{"data_generator_T":6450.0,"data_generator_V1":-25.528593},{"data_generator_T":6460.0,"data_generator_V1":-26.553755},{"data_generator_T":6470.0,"data_generator_V1":-34.208252},{"data_generator_T":6480.0,"data_generator_V1":-47.207165},{"data_generator_T":6490.0,"data_generator_V1":-62.866524},{"data_generator_T":6500.0,"data_generator_V1":-65.575729},{"data_generator_T":6510.0,"data_generator_V1":-65.728844},{"data_generator_T":6520.0,"data_generator_V1":-65.553055},{"data_generator_T":6530.0,"data_generator_V1":-65.340698},{"data_generator_T":6540.0,"data_generator_V1":-65.131355},{"data_generator_T":6550.0,"data_generator_V1":-64.930283},{"data_generator_T":6560.0,"data_generator_V1":-64.737991},{"data_generator_T":6570.0,"data_generator_V1":-64.5541},{"data_generator_T":6580.0,"data_generator_V1":-64.378242},{"data_generator_T":6590.0,"data_generator_V1":-64.209961},{"data_generator_T":6600.0,"data_generator_V1":-64.048889},{"data_generator_T":6610.0,"data_generator_V1":-63.894638},{"data_generator_T":6620.0,"data_generator_V1":-63.74688},{"data_generator_T":6630.0,"data_generator_V1":-63.605289},{"data_generator_T":6640.0,"data_generator_V1":-63.46957},{"data_generator_T":6650.0,"data_generator_V1":-63.339439},{"data_generator_T":6660.0,"data_generator_V1":-63.214642},{"data_generator_T":6670.0,"data_generator_V1":-63.094929},{"data_generator_T":6680.0,"data_generator_V1":-62.980068},{"data_generator_T":6690.0,"data_generator_V1":-62.869839},{"data_generator_T":6700.0,"data_generator_V1":-62.764034},{"data_generator_T":6710.0,"data_generator_V1":-62.662457},{"data_generator_T":6720.0,"data_generator_V1":-62.564919},{"data_generator_T":6730.0,"data_generator_V1":-62.47123},{"data_generator_T":6740.0,"data_generator_V1":-62.381226},{"data_generator_T":6750.0,"data_generator_V1":-62.294724},{"data_generator_T":6760.0,"data_generator_V1":-62.211571},{"data_generator_T":6770.0,"data_generator_V1":-62.131596},{"data_generator_T":6780.0,"data_generator_V1":-62.054642},{"data_generator_T":6790.0,"data_generator_V1":-61.980553},{"data_generator_T":6800.0,"data_generator_V1":-61.909172},{"data_generator_T":6810.0,"data_generator_V1":-61.840351},{"data_generator_T":6820.0,"data_generator_V1":-61.773903},{"data_generator_T":6830.0,"data_generator_V1":-61.709705},{"data_generator_T":6840.0,"data_generator_V1":-61.647537},{"data_generator_T":6850.0,"data_generator_V1":-61.587315},{"data_generator_T":6860.0,"data_generator_V1":-61.528721},{"data_generator_T":6870.0,"data_generator_V1":-61.47179},{"data_generator_T":6880.0,"data_generator_V1":-61.415997},{"data_generator_T":6890.0,"data_generator_V1":-61.361641},{"data_generator_T":6900.0,"data_generator_V1":-61.307766},{"data_generator_T":6910.0,"data_generator_V1":-61.255135},{"data_generator_T":6920.0,"data_generator_V1":-61.202206},{"data_generator_T":6930.0,"data_generator_V1":-61.150173},{"data_generator_T":6940.0,"data_generator_V1":-61.097279},{"data_generator_T":6950.0,"data_generator_V1":-61.044048},{"data_generator_T":6960.0,"data_generator_V1":-60.989815},{"data_generator_T":6970.0,"data_generator_V1":-60.934326},{"data_generator_T":6980.0,"data_generator_V1":-60.876637},{"data_generator_T":6990.0,"data_generator_V1":-60.816669},{"data_generator_T":7000.0,"data_generator_V1":-60.753815},{"data_generator_T":7010.0,"data_generator_V1":-60.68457},{"data_generator_T":7020.0,"data_generator_V1":-60.611851},{"data_generator_T":7030.0,"data_generator_V1":-60.531052},{"data_generator_T":7040.0,"data_generator_V1":-60.441998},{"data_generator_T":7050.0,"data_generator_V1":-60.339375},{"data_generator_T":7060.0,"data_generator_V1":-60.222351},{"data_generator_T":7070.0,"data_generator_V1":-60.084305},{"data_generator_T":7080.0,"data_generator_V1":-59.916584},{"data_generator_T":7090.0,"data_generator_V1":-59.700035},{"data_generator_T":7100.0,"data_generator_V1":-59.411304},{"data_generator_T":7110.0,"data_generator_V1":-58.986004},{"data_generator_T":7120.0,"data_generator_V1":-58.254948},{"data_generator_T":7130.0,"data_generator_V1":-56.488201},{"data_generator_T":7140.0,"data_generator_V1":-20.894732},{"data_generator_T":7150.0,"data_generator_V1":-6.9468794},{"data_generator_T":7160.0,"data_generator_V1":-6.6531887},{"data_generator_T":7170.0,"data_generator_V1":-7.7498083},{"data_generator_T":7180.0,"data_generator_V1":-9.3263836},{"data_generator_T":7190.0,"data_generator_V1":-10.943007},{"data_generator_T":7200.0,"data_generator_V1":-12.429171},{"data_generator_T":7210.0,"data_generator_V1":-13.738502},{"data_generator_T":7220.0,"data_generator_V1":-14.875172},{"data_generator_T":7230.0,"data_generator_V1":-15.860573},{"data_generator_T":7240.0,"data_generator_V1":-16.719238},{"data_generator_T":7250.0,"data_generator_V1":-17.473562},{"data_generator_T":7260.0,"data_generator_V1":-18.142324},{"data_generator_T":7270.0,"data_generator_V1":-18.740726},{"data_generator_T":7280.0,"data_generator_V1":-19.280909},{"data_generator_T":7290.0,"data_generator_V1":-19.772552},{"data_generator_T":7300.0,"data_generator_V1":-20.223404},{"data_generator_T":7310.0,"data_generator_V1":-20.639706},{"data_generator_T":7320.0,"data_generator_V1":-21.026539},{"data_generator_T":7330.0,"data_generator_V1":-21.388083},{"data_generator_T":7340.0,"data_generator_V1":-21.727804},{"data_generator_T":7350.0,"data_generator_V1":-22.048628},{"data_generator_T":7360.0,"data_generator_V1":-22.353043},{"data_generator_T":7370.0,"data_generator_V1":-22.643206},{"data_generator_T":7380.0,"data_generator_V1":-22.921026},{"data_generator_T":7390.0,"data_generator_V1":-23.188236},{"data_generator_T":7400.0,"data_generator_V1":-23.446468},{"data_generator_T":7410.0,"data_generator_V1":-23.69735},{"data_generator_T":7420.0,"data_generator_V1":-23.942617},{"data_generator_T":7430.0,"data_generator_V1":-24.18434},{"data_generator_T":7440.0,"data_generator_V1":-24.425329},{"data_generator_T":7450.0,"data_generator_V1":-24.670113},{"data_generator_T":7460.0,"data_generator_V1":-24.927589},{"data_generator_T":7470.0,"data_generator_V1":-25.22069},{"data_generator_T":7480.0,"data_generator_V1":-25.641233},{"data_generator_T":7490.0,"data_generator_V1":-27.312349},{"data_generator_T":7500.0,"data_generator_V1":-36.043919},{"data_generator_T":7510.0,"data_generator_V1":-51.865665},{"data_generator_T":7520.0,"data_generator_V1":-63.994499},{"data_generator_T":7530.0,"data_generator_V1":-65.68129},{"data_generator_T":7540.0,"data_generator_V1":-65.700768},{"data_generator_T":7550.0,"data_generator_V1":-65.508736},{"data_generator_T":7560.0,"data_generator_V1":-65.29586},{"data_generator_T":7570.0,"data_generator_V1":-65.088104},{"data_generator_T":7580.0,"data_generator_V1":-64.888908},{"data_generator_T":7590.0,"data_generator_V1":-64.698418},{"data_generator_T":7600.0,"data_generator_V1":-64.516266},{"data_generator_T":7610.0,"data_generator_V1":-64.342041},{"data_generator_T":7620.0,"data_generator_V1":-64.175323},{"data_generator_T":7630.0,"data_generator_V1":-64.015717},{"data_generator_T":7640.0,"data_generator_V1":-63.862869},{"data_generator_T":7650.0,"data_generator_V1":-63.716438},{"data_generator_T":7660.0,"data_generator_V1":-63.576115},{"data_generator_T":7670.0,"data_generator_V1":-63.441601},{"data_generator_T":7680.0,"data_generator_V1":-63.312618},{"data_generator_T":7690.0,"data_generator_V1":-63.188915},{"data_generator_T":7700.0,"data_generator_V1":-63.070248},{"data_generator_T":7710.0,"data_generator_V1":-62.956383},{"data_generator_T":7720.0,"data_generator_V1":-62.847107},{"data_generator_T":7730.0,"data_generator_V1":-62.742214},{"data_generator_T":7740.0,"data_generator_V1":-62.641506},{"data_generator_T":7750.0,"data_generator_V1":-62.544796},{"data_generator_T":7760.0,"data_generator_V1":-62.4519},{"data_generator_T":7770.0,"data_generator_V1":-62.362648},{"data_generator_T":7780.0,"data_generator_V1":-62.276871},{"data_generator_T":7790.0,"data_generator_V1":-62.194401},{"data_generator_T":7800.0,"data_generator_V1":-62.115078},{"data_generator_T":7810.0,"data_generator_V1":-62.038746},{"data_generator_T":7820.0,"data_generator_V1":-61.96524},{"data_generator_T":7830.0,"data_generator_V1":-61.894413},{"data_generator_T":7840.0,"data_generator_V1":-61.826107},{"data_generator_T":7850.0,"data_generator_V1":-61.760147},{"data_generator_T":7860.0,"data_generator_V1":-61.696392},{"data_generator_T":7870.0,"data_generator_V1":-61.634651},{"data_generator_T":7880.0,"data_generator_V1":-61.574783},{"data_generator_T":7890.0,"data_generator_V1":-61.516563},{"data_generator_T":7900.0,"data_generator_V1":-61.459877},{"data_generator_T":7910.0,"data_generator_V1":-61.404411},{"data_generator_T":7920.0,"data_generator_V1":-61.35014},{"data_generator_T":7930.0,"data_generator_V1":-61.296555},{"data_generator_T":7940.0,"data_generator_V1":-61.243858},{"data_generator_T":7950.0,"data_generator_V1":-61.191113},{"data_generator_T":7960.0,"data_generator_V1":-61.139038},{"data_generator_T":7970.0,"data_generator_V1":-61.086117},{"data_generator_T":7980.0,"data_generator_V1":-61.032665},{"data_generator_T":7990.0,"data_generator_V1":-60.978222},{"data_generator_T":8000.0,"data_generator_V1":-60.922287},{"data_generator_T":8010.0,"data_generator_V1":-60.864201},{"data_generator_T":8020.0,"data_generator_V1":-60.803436},{"data_generator_T":8030.0,"data_generator_V1":-60.739151},{"data_generator_T":8040.0,"data_generator_V1":-60.670216},{"data_generator_T":8050.0,"data_generator_V1":-60.59544},{"data_generator_T":8060.0,"data_generator_V1":-60.513927},{"data_generator_T":8070.0,"data_generator_V1":-60.420448},{"data_generator_T":8080.0,"data_generator_V1":-60.316158},{"data_generator_T":8090.0,"data_generator_V1":-60.195568},{"data_generator_T":8100.0,"data_generator_V1":-60.053013},{"data_generator_T":8110.0,"data_generator_V1":-59.873863},{"data_generator_T":8120.0,"data_generator_V1":-59.646767},{"data_generator_T":8130.0,"data_generator_V1":-59.336391},{"data_generator_T":8140.0,"data_generator_V1":-58.867393},{"data_generator_T":8150.0,"data_generator_V1":-58.019432},{"data_generator_T":8160.0,"data_generator_V1":-55.673229},{"data_generator_T":8170.0,"data_generator_V1":-10.241731},{"data_generator_T":8180.0,"data_generator_V1":-6.7104568},{"data_generator_T":8190.0,"data_generator_V1":-6.8068089},{"data_generator_T":8200.0,"data_generator_V1":-8.0639515},{"data_generator_T":8210.0,"data_generator_V1":-9.6739025},{"data_generator_T":8220.0,"data_generator_V1":-11.271123},{"data_generator_T":8230.0,"data_generator_V1":-12.72129},{"data_generator_T":8240.0,"data_generator_V1":-13.992819},{"data_generator_T":8250.0,"data_generator_V1":-15.095459},{"data_generator_T":8260.0,"data_generator_V1":-16.052021},{"data_generator_T":8270.0,"data_generator_V1":-16.886858},{"data_generator_T":8280.0,"data_generator_V1":-17.621637},{"data_generator_T":8290.0,"data_generator_V1":-18.274357},{"data_generator_T":8300.0,"data_generator_V1":-18.85952},{"data_generator_T":8310.0,"data_generator_V1":-19.3887},{"data_generator_T":8320.0,"data_generator_V1":-19.871122},{"data_generator_T":8330.0,"data_generator_V1":-20.314186},{"data_generator_T":8340.0,"data_generator_V1":-20.723862},{"data_generator_T":8350.0,"data_generator_V1":-21.105022},{"data_generator_T":8360.0,"data_generator_V1":-21.461679},{"data_generator_T":8370.0,"data_generator_V1":-21.797176},{"data_generator_T":8380.0,"data_generator_V1":-22.114332},{"data_generator_T":8390.0,"data_generator_V1":-22.415562},{"data_generator_T":8400.0,"data_generator_V1":-22.702961},{"data_generator_T":8410.0,"data_generator_V1":-22.978395},{"data_generator_T":8420.0,"data_generator_V1":-23.24357},{"data_generator_T":8430.0,"data_generator_V1":-23.500113},{"data_generator_T":8440.0,"data_generator_V1":-23.749653},{"data_generator_T":8450.0,"data_generator_V1":-23.99398},{"data_generator_T":8460.0,"data_generator_V1":-24.235275},{"data_generator_T":8470.0,"data_generator_V1":-24.476603},{"data_generator_T":8480.0,"data_generator_V1":-24.723087},{"data_generator_T":8490.0,"data_generator_V1":-24.985329},{"data_generator_T":8500.0,"data_generator_V1":-25.292669},{"data_generator_T":8510.0,"data_generator_V1":-25.780972},{"data_generator_T":8520.0,"data_generator_V1":-28.792875},{"data_generator_T":8530.0,"data_generator_V1":-38.110313},{"data_generator_T":8540.0,"data_generator_V1":-56.116882},{"data_generator_T":8550.0,"data_generator_V1":-64.71843},{"data_generator_T":8560.0,"data_generator_V1":-65.732773},{"data_generator_T":8570.0,"data_generator_V1":-65.66581},{"data_generator_T":8580.0,"data_generator_V1":-65.463753},{"data_generator_T":8590.0,"data_generator_V1":-65.251213},{"data_generator_T":8600.0,"data_generator_V1":-65.045166},{"data_generator_T":8610.0,"data_generator_V1":-64.847839},{"data_generator_T":8620.0,"data_generator_V1":-64.659149},{"data_generator_T":8630.0,"data_generator_V1":-64.478722},{"data_generator_T":8640.0,"data_generator_V1":-64.306114},{"data_generator_T":8650.0,"data_generator_V1":-64.140938},{"data_generator_T":8660.0,"data_generator_V1":-63.982788},{"data_generator_T":8670.0,"data_generator_V1":-63.831329},{"data_generator_T":8680.0,"data_generator_V1":-63.686218},{"data_generator_T":8690.0,"data_generator_V1":-63.547146},{"data_generator_T":8700.0,"data_generator_V1":-63.413826},{"data_generator_T":8710.0,"data_generator_V1":-63.285984},{"data_generator_T":8720.0,"data_generator_V1":-63.163368},{"data_generator_T":8730.0,"data_generator_V1":-63.045738},{"data_generator_T":8740.0,"data_generator_V1":-62.932861},{"data_generator_T":8750.0,"data_generator_V1":-62.824532},{"data_generator_T":8760.0,"data_generator_V1":-62.720539},{"data_generator_T":8770.0,"data_generator_V1":-62.620693},{"data_generator_T":8780.0,"data_generator_V1":-62.524807},{"data_generator_T":8790.0,"data_generator_V1":-62.432697},{"data_generator_T":8800.0,"data_generator_V1":-62.344196},{"data_generator_T":8810.0,"data_generator_V1":-62.259132},{"data_generator_T":8820.0,"data_generator_V1":-62.177341},{"data_generator_T":8830.0,"data_generator_V1":-62.098667},{"data_generator_T":8840.0,"data_generator_V1":-62.022945},{"data_generator_T":8850.0,"data_generator_V1":-61.95002},{"data_generator_T":8860.0,"data_generator_V1":-61.879742},{"data_generator_T":8870.0,"data_generator_V1":-61.811943},{"data_generator_T":8880.0,"data_generator_V1":-61.746471},{"data_generator_T":8890.0,"data_generator_V1":-61.683151},{"data_generator_T":8900.0,"data_generator_V1":-61.62183},{"data_generator_T":8910.0,"data_generator_V1":-61.562309},{"data_generator_T":8920.0,"data_generator_V1":-61.504456},{"data_generator_T":8930.0,"data_generator_V1":-61.448006},{"data_generator_T":8940.0,"data_generator_V1":-61.392872},{"data_generator_T":8950.0,"data_generator_V1":-61.338673},{"data_generator_T":8960.0,"data_generator_V1":-61.285439},{"data_generator_T":8970.0,"data_generator_V1":-61.232525},{"data_generator_T":8980.0,"data_generator_V1":-61.18029},{"data_generator_T":8990.0,"data_generator_V1":-61.127491},{"data_generator_T":9000.0,"data_generator_V1":-61.075165},{"data_generator_T":9010.0,"data_generator_V1":-61.021271},{"data_generator_T":9020.0,"data_generator_V1":-60.966541},{"data_generator_T":9030.0,"data_generator_V1":-60.910164},{"data_generator_T":9040.0,"data_generator_V1":-60.851624},{"data_generator_T":9050.0,"data_generator_V1":-60.790108},{"data_generator_T":9060.0,"data_generator_V1":-60.724842},{"data_generator_T":9070.0,"data_generator_V1":-60.654961},{"data_generator_T":9080.0,"data_generator_V1":-60.578686},{"data_generator_T":9090.0,"data_generator_V1":-60.49543},{"data_generator_T":9100.0,"data_generator_V1":-60.399513},{"data_generator_T":9110.0,"data_generator_V1":-60.292088},{"data_generator_T":9120.0,"data_generator_V1":-60.167171},{"data_generator_T":9130.0,"data_generator_V1":-60.018456},{"data_generator_T":9140.0,"data_generator_V1":-59.831112},{"data_generator_T":9150.0,"data_generator_V1":-59.589672},{"data_generator_T":9160.0,"data_generator_V1":-59.252693},{"data_generator_T":9170.0,"data_generator_V1":-58.730946},{"data_generator_T":9180.0,"data_generator_V1":-57.73386},{"data_generator_T":9190.0,"data_generator_V1":-54.382305},{"data_generator_T":9200.0,"data_generator_V1":-8.3033857},{"data_generator_T":9210.0,"data_generator_V1":-6.5773134},{"data_generator_T":9220.0,"data_generator_V1":-7.0130873},{"data_generator_T":9230.0,"data_generator_V1":-8.3923998},{"data_generator_T":9240.0,"data_generator_V1":-10.019555},{"data_generator_T":9250.0,"data_generator_V1":-11.592253},{"data_generator_T":9260.0,"data_generator_V1":-13.005236},{"data_generator_T":9270.0,"data_generator_V1":-14.23952},{"data_generator_T":9280.0,"data_generator_V1":-15.309191},{"data_generator_T":9290.0,"data_generator_V1":-16.238031},{"data_generator_T":9300.0,"data_generator_V1":-17.050007},{"data_generator_T":9310.0,"data_generator_V1":-17.766048},{"data_generator_T":9320.0,"data_generator_V1":-18.40337},{"data_generator_T":9330.0,"data_generator_V1":-18.975811},{"data_generator_T":9340.0,"data_generator_V1":-19.494394},{"data_generator_T":9350.0,"data_generator_V1":-19.967926},{"data_generator_T":9360.0,"data_generator_V1":-20.403469},{"data_generator_T":9370.0,"data_generator_V1":-20.806738},{"data_generator_T":9380.0,"data_generator_V1":-21.182404},{"data_generator_T":9390.0,"data_generator_V1":-21.534325},{"data_generator_T":9400.0,"data_generator_V1":-21.865721},{"data_generator_T":9410.0,"data_generator_V1":-22.179319},{"data_generator_T":9420.0,"data_generator_V1":-22.477455},{"data_generator_T":9430.0,"data_generator_V1":-22.762173},{"data_generator_T":9440.0,"data_generator_V1":-23.035299},{"data_generator_T":9450.0,"data_generator_V1":-23.298513},{"data_generator_T":9460.0,"data_generator_V1":-23.553434},{"data_generator_T":9470.0,"data_generator_V1":-23.801716},{"data_generator_T":9480.0,"data_generator_V1":-24.0452},{"data_generator_T":9490.0,"data_generator_V1":-24.286201},{"data_generator_T":9500.0,"data_generator_V1":-24.528086},{"data_generator_T":9510.0,"data_generator_V1":-24.776714},{"data_generator_T":9520.0,"data_generator_V1":-25.044867},{"data_generator_T":9530.0,"data_generator_V1":-25.370905},{"data_generator_T":9540.0,"data_generator_V1":-25.967436},{"data_generator_T":9550.0,"data_generator_V1":-30.885641},{"data_generator_T":9560.0,"data_generator_V1":-40.692066},{"data_generator_T":9570.0,"data_generator_V1":-59.391499},{"data_generator_T":9580.0,"data_generator_V1":-65.173561},{"data_generator_T":9590.0,"data_generator_V1":-65.74968},{"data_generator_T":9600.0,"data_generator_V1":-65.626534},{"data_generator_T":9610.0,"data_generator_V1":-65.418602},{"data_generator_T":9620.0,"data_generator_V1":-65.206924},{"data_generator_T":9630.0,"data_generator_V1":-65.002678},{"data_generator_T":9640.0,"data_generator_V1":-64.807205},{"data_generator_T":9650.0,"data_generator_V1":-64.620293},{"data_generator_T":9660.0,"data_generator_V1":-64.441559},{"data_generator_T":9670.0,"data_generator_V1":-64.270554},{"data_generator_T":9680.0,"data_generator_V1":-64.106895},{"data_generator_T":9690.0,"data_generator_V1":-63.950191},{"data_generator_T":9700.0,"data_generator_V1":-63.800102},{"data_generator_T":9710.0,"data_generator_V1":-63.656296},{"data_generator_T":9720.0,"data_generator_V1":-63.518463},{"data_generator_T":9730.0,"data_generator_V1":-63.386326},{"data_generator_T":9740.0,"data_generator_V1":-63.259609},{"data_generator_T":9750.0,"data_generator_V1":-63.138065},{"data_generator_T":9760.0,"data_generator_V1":-63.021461},{"data_generator_T":9770.0,"data_generator_V1":-62.909565},{"data_generator_T":9780.0,"data_generator_V1":-62.80217},{"data_generator_T":9790.0,"data_generator_V1":-62.69907},{"data_generator_T":9800.0,"data_generator_V1":-62.600079},{"data_generator_T":9810.0,"data_generator_V1":-62.505005},{"data_generator_T":9820.0,"data_generator_V1":-62.413673},{"data_generator_T":9830.0,"data_generator_V1":-62.325912},{"data_generator_T":9840.0,"data_generator_V1":-62.241554},{"data_generator_T":9850.0,"data_generator_V1":-62.160439},{"data_generator_T":9860.0,"data_generator_V1":-62.082401},{"data_generator_T":9870.0,"data_generator_V1":-62.007286},{"data_generator_T":9880.0,"data_generator_V1":-61.934933},{"data_generator_T":9890.0,"data_generator_V1":-61.865196},{"data_generator_T":9900.0,"data_generator_V1":-61.797897},{"data_generator_T":9910.0,"data_generator_V1":-61.732903},{"data_generator_T":9920.0,"data_generator_V1":-61.670006},{"data_generator_T":9930.0,"data_generator_V1":-61.6091},{"data_generator_T":9940.0,"data_generator_V1":-61.549919},{"data_generator_T":9950.0,"data_generator_V1":-61.492424},{"data_generator_T":9960.0,"data_generator_V1":-61.436203},{"data_generator_T":9970.0,"data_generator_V1":-61.381397},{"data_generator_T":9980.0,"data_generator_V1":-61.327278},{"data_generator_T":9990.0,"data_generator_V1":-61.274361},{"data_generator_T":10000.0,"data_generator_V1":-61.221363}]