[{"data_set_value_component_environment_variable_time":0.0,"data_set_value_component_S_0_variable_S_0":0.5,"data_set_value_component_S_1_variable_S_1":0.0,"data_set_value_component_S_2_variable_S_2":0.0,"data_set_value_component_S_3_variable_S_3":0.0,"data_set_value_component_S_4_variable_S_4":0.0,"data_set_value_component_S_5_variable_S_5":0.0,"data_set_value_component_S_6_variable_S_6":0.0,"data_set_value_component_S_7_variable_S_7":0.0,"data_set_value_component_S_8_variable_S_8":0.0,"data_set_value_component_M_0_variable_M_0":0.5,"data_set_value_component_M_1_variable_M_1":0.0,"data_set_value_component_M_1_variable_M_1_2":0.0,"data_set_value_component_M_2_variable_M_2":0.0,"data_set_value_component_M_3_variable_M_3":0.0,"data_set_value_component_M_4_variable_M_4":0.0,"data_set_value_component_M_5_variable_M_5":0.0,"data_set_value_component_M_6_variable_M_6":0.0,"data_set_value_component_M_7_variable_M_7":0.0,"data_set_value_component_M_8_variable_M_8":0.0,"data_set_value_component_R_variable_R_0":0.5,"data_set_value_component_R_variable_R_1":0.3,"data_set_value_component_R_variable_R_2":0.35,"data_set_value_component_R_variable_R_3":0.4,"data_set_value_component_R_variable_R_4":0.45,"data_set_value_component_R_variable_R_5":0.5,"data_set_value_component_R_variable_R_6":0.55,"data_set_value_component_R_variable_R_7":0.6,"data_set_value_component_R_variable_R_8":0.65,"data_set_value_component_R_variable_r_0":0.5,"data_set_value_component_R_variable_r_1":0.6,"data_set_value_component_R_variable_r_2":0.7,"data_set_value_component_R_variable_r_3":0.8,"data_set_value_component_R_variable_r_4":0.9,"data_set_value_component_R_variable_r_5":1.0,"data_set_value_component_R_variable_r_6":1.1,"data_set_value_component_R_variable_r_7":1.2,"data_set_value_component_R_variable_r_8":1.3,"data_set_value_component_phi_variable_phi":0.235965,"data_set_value_component_w_variable_w":0.0,"data_set_value_component_total_cells_variable_total_cells":1.0,"data_set_value_component_total_cells_variable_stable_total":0.5,"data_set_value_component_total_cells_variable_mutant_total":0.5,"data_set_value_component_kinetic_parameters_variable_alpha":0.6,"data_set_value_component_kinetic_parameters_variable_beta":0.2,"data_set_value_component_kinetic_parameters_variable_a":0.5,"data_set_value_component_kinetic_parameters_variable_u":0.07,"data_set_value_component_kinetic_parameters_variable_u_s":0.05614,"data_set_value_component_kinetic_parameters_variable_u_m":0.0686,"data_set_value_component_kinetic_parameters_variable_epsilon_m":0.1,"data_set_value_component_kinetic_parameters_variable_epsilon_s":0.99},{"data_set_value_component_environment_variable_time":0.1,"data_set_value_component_S_0_variable_S_0":0.511438219,"data_set_value_component_S_1_variable_S_1":0.0000106392,"data_set_value_component_S_2_variable_S_2":0.0000000001,"data_set_value_component_S_3_variable_S_3":3.400638393e-16,"data_set_value_component_S_4_variable_S_4":1.571542778e-21,"data_set_value_component_S_5_variable_S_5":7.027094964e-27,"data_set_value_component_S_6_variable_S_6":3.146599105e-32,"data_set_value_component_S_7_variable_S_7":1.439634735e-37,"data_set_value_component_S_8_variable_S_8":6.810963096e-43,"data_set_value_component_M_0_variable_M_0":0.5111196998,"data_set_value_component_M_1_variable_M_1":0.0505617947,"data_set_value_component_M_1_variable_M_1_2":0.001031096,"data_set_value_component_M_2_variable_M_2":0.0000286472,"data_set_value_component_M_3_variable_M_3":0.0000000131,"data_set_value_component_M_4_variable_M_4":0.0,"data_set_value_component_M_5_variable_M_5":0.0,"data_set_value_component_M_6_variable_M_6":0.0,"data_set_value_component_M_7_variable_M_7":0.0,"data_set_value_component_M_8_variable_M_8":-3.152096697e-45,"data_set_value_component_R_variable_R_0":0.5,"data_set_value_component_R_variable_R_1":0.3,"data_set_value_component_R_variable_R_2":0.35,"data_set_value_component_R_variable_R_3":0.4,"data_set_value_component_R_variable_R_4":0.45,"data_set_value_component_R_variable_R_5":0.5,"data_set_value_component_R_variable_R_6":0.55,"data_set_value_component_R_variable_R_7":0.6,"data_set_value_component_R_variable_R_8":0.65,"data_set_value_component_R_variable_r_0":0.5,"data_set_value_component_R_variable_r_1":0.6,"data_set_value_component_R_variable_r_2":0.7,"data_set_value_component_R_variable_r_3":0.8,"data_set_value_component_R_variable_r_4":0.9,"data_set_value_component_R_variable_r_5":1.0,"data_set_value_component_R_variable_r_6":1.1,"data_set_value_component_R_variable_r_7":1.2,"data_set_value_component_R_variable_r_8":1.3,"data_set_value_component_phi_variable_phi":0.2555033715,"data_set_value_component_w_variable_w":0.0006551133,"data_set_value_component_total_cells_variable_total_cells":1.0225972182,"data_set_value_component_total_cells_variable_stable_total":0.5114488582,"data_set_value_component_total_cells_variable_mutant_total":0.51114836,"data_set_value_component_kinetic_parameters_variable_alpha":0.6,"data_set_value_component_kinetic_parameters_variable_beta":0.2,"data_set_value_component_kinetic_parameters_variable_a":0.5,"data_set_value_component_kinetic_parameters_variable_u":0.07,"data_set_value_component_kinetic_parameters_variable_u_s":0.05614,"data_set_value_component_kinetic_parameters_variable_u_m":0.0686,"data_set_value_component_kinetic_parameters_variable_epsilon_m":0.1,"data_set_value_component_kinetic_parameters_variable_epsilon_s":0.99},{"data_set_value_component_environment_variable_time":0.2,"data_set_value_component_S_0_variable_S_0":0.522118096,"data_set_value_component_S_1_variable_S_1":0.0000215197,"data_set_value_component_S_2_variable_S_2":0.0000000003,"data_set_value_component_S_3_variable_S_3":0.0,"data_set_value_component_S_4_variable_S_4":2.297697327e-20,"data_set_value_component_S_5_variable_S_5":1.83100526e-25,"data_set_value_component_S_6_variable_S_6":1.398593042e-30,"data_set_value_component_S_7_variable_S_7":1.047962985e-35,"data_set_value_component_S_8_variable_S_8":7.824721325e-41,"data_set_value_component_M_0_variable_M_0":0.5214679527,"data_set_value_component_M_1_variable_M_1":0.1021976798,"data_set_value_component_M_1_variable_M_1_2":0.0021063015,"data_set_value_component_M_2_variable_M_2":0.0001155586,"data_set_value_component_M_3_variable_M_3":0.0000001026,"data_set_value_component_M_4_variable_M_4":0.0,"data_set_value_component_M_5_variable_M_5":0.0,"data_set_value_component_M_6_variable_M_6":0.0,"data_set_value_component_M_7_variable_M_7":0.0,"data_set_value_component_M_8_variable_M_8":-5.77037876e-43,"data_set_value_component_R_variable_R_0":0.5,"data_set_value_component_R_variable_R_1":0.3,"data_set_value_component_R_variable_R_2":0.35,"data_set_value_component_R_variable_R_3":0.4,"data_set_value_component_R_variable_R_4":0.45,"data_set_value_component_R_variable_R_5":0.5,"data_set_value_component_R_variable_R_6":0.55,"data_set_value_component_R_variable_R_7":0.6,"data_set_value_component_R_variable_R_8":0.65,"data_set_value_component_R_variable_r_0":0.5,"data_set_value_component_R_variable_r_1":0.6,"data_set_value_component_R_variable_r_2":0.7,"data_set_value_component_R_variable_r_3":0.8,"data_set_value_component_R_variable_r_4":0.9,"data_set_value_component_R_variable_r_5":1.0,"data_set_value_component_R_variable_r_6":1.1,"data_set_value_component_R_variable_r_7":1.2,"data_set_value_component_R_variable_r_8":1.3,"data_set_value_component_phi_variable_phi":0.2750030715,"data_set_value_component_w_variable_w":0.0013441365,"data_set_value_component_total_cells_variable_total_cells":1.04372323,"data_set_value_component_total_cells_variable_stable_total":0.522139616,"data_set_value_component_total_cells_variable_mutant_total":0.521583614,"data_set_value_component_kinetic_parameters_variable_alpha":0.6,"data_set_value_component_kinetic_parameters_variable_beta":0.2,"data_set_value_component_kinetic_parameters_variable_a":0.5,"data_set_value_component_kinetic_parameters_variable_u":0.07,"data_set_value_component_kinetic_parameters_variable_u_s":0.05614,"data_set_value_component_kinetic_parameters_variable_u_m":0.0686,"data_set_value_component_kinetic_parameters_variable_epsilon_m":0.1,"data_set_value_component_kinetic_parameters_variable_epsilon_s":0.99},{"data_set_value_component_environment_variable_time":0.3,"data_set_value_component_S_0_variable_S_0":0.5319850032,"data_set_value_component_S_1_variable_S_1":0.0000325833,"data_set_value_component_S_2_variable_S_2":0.0000000006,"data_set_value_component_S_3_variable_S_3":0.0,"data_set_value_component_S_4_variable_S_4":1.159139589e-19,"data_set_value_component_S_5_variable_S_5":1.372164692e-24,"data_set_value_component_S_6_variable_S_6":1.555279751e-29,"data_set_value_component_S_7_variable_S_7":1.72962641e-34,"data_set_value_component_S_8_variable_S_8":1.91912244e-39,"data_set_value_component_M_0_variable_M_0":0.5309916653,"data_set_value_component_M_1_variable_M_1":0.1548276536,"data_set_value_component_M_1_variable_M_1_2":0.0030244539,"data_set_value_component_M_2_variable_M_2":0.0002619244,"data_set_value_component_M_3_variable_M_3":0.0000003475,"data_set_value_component_M_4_variable_M_4":0.0,"data_set_value_component_M_5_variable_M_5":0.0,"data_set_value_component_M_6_variable_M_6":0.0,"data_set_value_component_M_7_variable_M_7":0.0,"data_set_value_component_M_8_variable_M_8":-2.274593026e-41,"data_set_value_component_R_variable_R_0":0.5,"data_set_value_component_R_variable_R_1":0.3,"data_set_value_component_R_variable_R_2":0.35,"data_set_value_component_R_variable_R_3":0.4,"data_set_value_component_R_variable_R_4":0.45,"data_set_value_component_R_variable_R_5":0.5,"data_set_value_component_R_variable_R_6":0.55,"data_set_value_component_R_variable_R_7":0.6,"data_set_value_component_R_variable_R_8":0.65,"data_set_value_component_R_variable_r_0":0.5,"data_set_value_component_R_variable_r_1":0.6,"data_set_value_component_R_variable_r_2":0.7,"data_set_value_component_R_variable_r_3":0.8,"data_set_value_component_R_variable_r_4":0.9,"data_set_value_component_R_variable_r_5":1.0,"data_set_value_component_R_variable_r_6":1.1,"data_set_value_component_R_variable_r_7":1.2,"data_set_value_component_R_variable_r_8":1.3,"data_set_value_component_phi_variable_phi":0.2944163662,"data_set_value_component_w_variable_w":0.0020633526,"data_set_value_component_total_cells_variable_total_cells":1.0632715243,"data_set_value_component_total_cells_variable_stable_total":0.5320175871,"data_set_value_component_total_cells_variable_mutant_total":0.5312539372,"data_set_value_component_kinetic_parameters_variable_alpha":0.6,"data_set_value_component_kinetic_parameters_variable_beta":0.2,"data_set_value_component_kinetic_parameters_variable_a":0.5,"data_set_value_component_kinetic_parameters_variable_u":0.07,"data_set_value_component_kinetic_parameters_variable_u_s":0.05614,"data_set_value_component_kinetic_parameters_variable_u_m":0.0686,"data_set_value_component_kinetic_parameters_variable_epsilon_m":0.1,"data_set_value_component_kinetic_parameters_variable_epsilon_s":0.99},{"data_set_value_component_environment_variable_time":0.4,"data_set_value_component_S_0_variable_S_0":0.5409905482,"data_set_value_component_S_1_variable_S_1":0.0000437694,"data_set_value_component_S_2_variable_S_2":0.0000000011,"data_set_value_component_S_3_variable_S_3":0.0,"data_set_value_component_S_4_variable_S_4":3.665422697e-19,"data_set_value_component_S_5_variable_S_5":5.716388092e-24,"data_set_value_component_S_6_variable_S_6":8.455853338e-29,"data_set_value_component_S_7_variable_S_7":1.214542548e-33,"data_set_value_component_S_8_variable_S_8":1.721806279e-38,"data_set_value_component_M_0_variable_M_0":0.5396440958,"data_set_value_component_M_1_variable_M_1":0.2083667316,"data_set_value_component_M_1_variable_M_1_2":0.0035802186,"data_set_value_component_M_2_variable_M_2":0.0004685144,"data_set_value_component_M_3_variable_M_3":0.0000008278,"data_set_value_component_M_4_variable_M_4":0.0,"data_set_value_component_M_5_variable_M_5":0.0,"data_set_value_component_M_6_variable_M_6":0.0,"data_set_value_component_M_7_variable_M_7":0.0,"data_set_value_component_M_8_variable_M_8":-2.6948939e-40,"data_set_value_component_R_variable_R_0":0.5,"data_set_value_component_R_variable_R_1":0.3,"data_set_value_component_R_variable_R_2":0.35,"data_set_value_component_R_variable_R_3":0.4,"data_set_value_component_R_variable_R_4":0.45,"data_set_value_component_R_variable_R_5":0.5,"data_set_value_component_R_variable_R_6":0.55,"data_set_value_component_R_variable_R_7":0.6,"data_set_value_component_R_variable_R_8":0.65,"data_set_value_component_R_variable_r_0":0.5,"data_set_value_component_R_variable_r_1":0.6,"data_set_value_component_R_variable_r_2":0.7,"data_set_value_component_R_variable_r_3":0.8,"data_set_value_component_R_variable_r_4":0.9,"data_set_value_component_R_variable_r_5":1.0,"data_set_value_component_R_variable_r_6":1.1,"data_set_value_component_R_variable_r_7":1.2,"data_set_value_component_R_variable_r_8":1.3,"data_set_value_component_phi_variable_phi":0.313696935,"data_set_value_component_w_variable_w":0.0028088733,"data_set_value_component_total_cells_variable_total_cells":1.0811477568,"data_set_value_component_total_cells_variable_stable_total":0.5410343187,"data_set_value_component_total_cells_variable_mutant_total":0.5401134381,"data_set_value_component_kinetic_parameters_variable_alpha":0.6,"data_set_value_component_kinetic_parameters_variable_beta":0.2,"data_set_value_component_kinetic_parameters_variable_a":0.5,"data_set_value_component_kinetic_parameters_variable_u":0.07,"data_set_value_component_kinetic_parameters_variable_u_s":0.05614,"data_set_value_component_kinetic_parameters_variable_u_m":0.0686,"data_set_value_component_kinetic_parameters_variable_epsilon_m":0.1,"data_set_value_component_kinetic_parameters_variable_epsilon_s":0.99},{"data_set_value_component_environment_variable_time":0.5,"data_set_value_component_S_0_variable_S_0":0.5490936191,"data_set_value_component_S_1_variable_S_1":0.000055017,"data_set_value_component_S_2_variable_S_2":0.0000000017,"data_set_value_component_S_3_variable_S_3":0.0,"data_set_value_component_S_4_variable_S_4":8.968047406e-19,"data_set_value_component_S_5_variable_S_5":1.739205697e-23,"data_set_value_component_S_6_variable_S_6":3.18585136e-28,"data_set_value_component_S_7_variable_S_7":5.643272565e-33,"data_set_value_component_S_8_variable_S_8":9.83054785e-38,"data_set_value_component_M_0_variable_M_0":0.5473858763,"data_set_value_component_M_1_variable_M_1":0.2627257838,"data_set_value_component_M_1_variable_M_1_2":0.0035664414,"data_set_value_component_M_2_variable_M_2":0.000735649,"data_set_value_component_M_3_variable_M_3":0.0000016234,"data_set_value_component_M_4_variable_M_4":0.0,"data_set_value_component_M_5_variable_M_5":0.0,"data_set_value_component_M_6_variable_M_6":0.0,"data_set_value_component_M_7_variable_M_7":0.0,"data_set_value_component_M_8_variable_M_8":-2.037788447e-39,"data_set_value_component_R_variable_R_0":0.5,"data_set_value_component_R_variable_R_1":0.3,"data_set_value_component_R_variable_R_2":0.35,"data_set_value_component_R_variable_R_3":0.4,"data_set_value_component_R_variable_R_4":0.45,"data_set_value_component_R_variable_R_5":0.5,"data_set_value_component_R_variable_R_6":0.55,"data_set_value_component_R_variable_R_7":0.6,"data_set_value_component_R_variable_R_8":0.65,"data_set_value_component_R_variable_r_0":0.5,"data_set_value_component_R_variable_r_1":0.6,"data_set_value_component_R_variable_r_2":0.7,"data_set_value_component_R_variable_r_3":0.8,"data_set_value_component_R_variable_r_4":0.9,"data_set_value_component_R_variable_r_5":1.0,"data_set_value_component_R_variable_r_6":1.1,"data_set_value_component_R_variable_r_7":1.2,"data_set_value_component_R_variable_r_8":1.3,"data_set_value_component_phi_variable_phi":0.3328005883,"data_set_value_component_w_variable_w":0.0035767014,"data_set_value_component_total_cells_variable_total_cells":1.0972717866,"data_set_value_component_total_cells_variable_stable_total":0.5491486379,"data_set_value_component_total_cells_variable_mutant_total":0.5481231487,"data_set_value_component_kinetic_parameters_variable_alpha":0.6,"data_set_value_component_kinetic_parameters_variable_beta":0.2,"data_set_value_component_kinetic_parameters_variable_a":0.5,"data_set_value_component_kinetic_parameters_variable_u":0.07,"data_set_value_component_kinetic_parameters_variable_u_s":0.05614,"data_set_value_component_kinetic_parameters_variable_u_m":0.0686,"data_set_value_component_kinetic_parameters_variable_epsilon_m":0.1,"data_set_value_component_kinetic_parameters_variable_epsilon_s":0.99},{"data_set_value_component_environment_variable_time":0.6,"data_set_value_component_S_0_variable_S_0":0.5562604301,"data_set_value_component_S_1_variable_S_1":0.0000662647,"data_set_value_component_S_2_variable_S_2":0.0000000025,"data_set_value_component_S_3_variable_S_3":0.0,"data_set_value_component_S_4_variable_S_4":1.862778488e-18,"data_set_value_component_S_5_variable_S_5":4.322808421e-23,"data_set_value_component_S_6_variable_S_6":9.441718764e-28,"data_set_value_component_S_7_variable_S_7":1.985647536e-32,"data_set_value_component_S_8_variable_S_8":4.087393434e-37,"data_set_value_component_M_0_variable_M_0":0.554185038,"data_set_value_component_M_1_variable_M_1":0.3178121014,"data_set_value_component_M_1_variable_M_1_2":0.0027751869,"data_set_value_component_M_2_variable_M_2":0.001063214,"data_set_value_component_M_3_variable_M_3":0.000002813,"data_set_value_component_M_4_variable_M_4":0.0,"data_set_value_component_M_5_variable_M_5":0.0,"data_set_value_component_M_6_variable_M_6":0.0,"data_set_value_component_M_7_variable_M_7":0.0,"data_set_value_component_M_8_variable_M_8":-1.065800542e-38,"data_set_value_component_R_variable_R_0":0.5,"data_set_value_component_R_variable_R_1":0.3,"data_set_value_component_R_variable_R_2":0.35,"data_set_value_component_R_variable_R_3":0.4,"data_set_value_component_R_variable_R_4":0.45,"data_set_value_component_R_variable_R_5":0.5,"data_set_value_component_R_variable_R_6":0.55,"data_set_value_component_R_variable_R_7":0.6,"data_set_value_component_R_variable_R_8":0.65,"data_set_value_component_R_variable_r_0":0.5,"data_set_value_component_R_variable_r_1":0.6,"data_set_value_component_R_variable_r_2":0.7,"data_set_value_component_R_variable_r_3":0.8,"data_set_value_component_R_variable_r_4":0.9,"data_set_value_component_R_variable_r_5":1.0,"data_set_value_component_R_variable_r_6":1.1,"data_set_value_component_R_variable_r_7":1.2,"data_set_value_component_R_variable_r_8":1.3,"data_set_value_component_phi_variable_phi":0.3516854515,"data_set_value_component_w_variable_w":0.0043627743,"data_set_value_component_total_cells_variable_total_cells":1.1115777624,"data_set_value_component_total_cells_variable_stable_total":0.5563266973,"data_set_value_component_total_cells_variable_mutant_total":0.555251065,"data_set_value_component_kinetic_parameters_variable_alpha":0.6,"data_set_value_component_kinetic_parameters_variable_beta":0.2,"data_set_value_component_kinetic_parameters_variable_a":0.5,"data_set_value_component_kinetic_parameters_variable_u":0.07,"data_set_value_component_kinetic_parameters_variable_u_s":0.05614,"data_set_value_component_kinetic_parameters_variable_u_m":0.0686,"data_set_value_component_kinetic_parameters_variable_epsilon_m":0.1,"data_set_value_component_kinetic_parameters_variable_epsilon_s":0.99},{"data_set_value_component_environment_variable_time":0.7,"data_set_value_component_S_0_variable_S_0":0.5624644464,"data_set_value_component_S_1_variable_S_1":0.0000774518,"data_set_value_component_S_2_variable_S_2":0.0000000034,"data_set_value_component_S_3_variable_S_3":0.0,"data_set_value_component_S_4_variable_S_4":3.451330591e-18,"data_set_value_component_S_5_variable_S_5":9.318032135e-23,"data_set_value_component_S_6_variable_S_6":2.358955763e-27,"data_set_value_component_S_7_variable_S_7":5.724161181e-32,"data_set_value_component_S_8_variable_S_8":1.352831844e-36,"data_set_value_component_M_0_variable_M_0":0.5600169095,"data_set_value_component_M_1_variable_M_1":0.3735302814,"data_set_value_component_M_1_variable_M_1_2":0.0009994103,"data_set_value_component_M_2_variable_M_2":0.0014506888,"data_set_value_component_M_3_variable_M_3":0.0000044731,"data_set_value_component_M_4_variable_M_4":0.0,"data_set_value_component_M_5_variable_M_5":0.0,"data_set_value_component_M_6_variable_M_6":0.0,"data_set_value_component_M_7_variable_M_7":0.0,"data_set_value_component_M_8_variable_M_8":-4.198872798e-38,"data_set_value_component_R_variable_R_0":0.5,"data_set_value_component_R_variable_R_1":0.3,"data_set_value_component_R_variable_R_2":0.35,"data_set_value_component_R_variable_R_3":0.4,"data_set_value_component_R_variable_R_4":0.45,"data_set_value_component_R_variable_R_5":0.5,"data_set_value_component_R_variable_R_6":0.55,"data_set_value_component_R_variable_R_7":0.6,"data_set_value_component_R_variable_R_8":0.65,"data_set_value_component_R_variable_r_0":0.5,"data_set_value_component_R_variable_r_1":0.6,"data_set_value_component_R_variable_r_2":0.7,"data_set_value_component_R_variable_r_3":0.8,"data_set_value_component_R_variable_r_4":0.9,"data_set_value_component_R_variable_r_5":1.0,"data_set_value_component_R_variable_r_6":1.1,"data_set_value_component_R_variable_r_7":1.2,"data_set_value_component_R_variable_r_8":1.3,"data_set_value_component_phi_variable_phi":0.3703121862,"data_set_value_component_w_variable_w":0.00516302,"data_set_value_component_total_cells_variable_total_cells":1.124013973,"data_set_value_component_total_cells_variable_stable_total":0.5625419016,"data_set_value_component_total_cells_variable_mutant_total":0.5614720714,"data_set_value_component_kinetic_parameters_variable_alpha":0.6,"data_set_value_component_kinetic_parameters_variable_beta":0.2,"data_set_value_component_kinetic_parameters_variable_a":0.5,"data_set_value_component_kinetic_parameters_variable_u":0.07,"data_set_value_component_kinetic_parameters_variable_u_s":0.05614,"data_set_value_component_kinetic_parameters_variable_u_m":0.0686,"data_set_value_component_kinetic_parameters_variable_epsilon_m":0.1,"data_set_value_component_kinetic_parameters_variable_epsilon_s":0.99},{"data_set_value_component_environment_variable_time":0.8,"data_set_value_component_S_0_variable_S_0":0.567687218,"data_set_value_component_S_1_variable_S_1":0.0000885189,"data_set_value_component_S_2_variable_S_2":0.0000000044,"data_set_value_component_S_3_variable_S_3":0.0,"data_set_value_component_S_4_variable_S_4":5.880480299e-18,"data_set_value_component_S_5_variable_S_5":1.811525046e-22,"data_set_value_component_S_6_variable_S_6":5.218400833e-27,"data_set_value_component_S_7_variable_S_7":1.435908988e-31,"data_set_value_component_S_8_variable_S_8":3.833363119e-36,"data_set_value_component_M_0_variable_M_0":0.5648649318,"data_set_value_component_M_1_variable_M_1":0.4297826861,"data_set_value_component_M_1_variable_M_1_2":-0.0019653828,"data_set_value_component_M_2_variable_M_2":0.0018971206,"data_set_value_component_M_3_variable_M_3":0.000006677,"data_set_value_component_M_4_variable_M_4":0.0,"data_set_value_component_M_5_variable_M_5":0.0,"data_set_value_component_M_6_variable_M_6":0.0,"data_set_value_component_M_7_variable_M_7":0.0,"data_set_value_component_M_8_variable_M_8":-1.399283899e-37,"data_set_value_component_R_variable_R_0":0.5,"data_set_value_component_R_variable_R_1":0.3,"data_set_value_component_R_variable_R_2":0.35,"data_set_value_component_R_variable_R_3":0.4,"data_set_value_component_R_variable_R_4":0.45,"data_set_value_component_R_variable_R_5":0.5,"data_set_value_component_R_variable_R_6":0.55,"data_set_value_component_R_variable_R_7":0.6,"data_set_value_component_R_variable_R_8":0.65,"data_set_value_component_R_variable_r_0":0.5,"data_set_value_component_R_variable_r_1":0.6,"data_set_value_component_R_variable_r_2":0.7,"data_set_value_component_R_variable_r_3":0.8,"data_set_value_component_R_variable_r_4":0.9,"data_set_value_component_R_variable_r_5":1.0,"data_set_value_component_R_variable_r_6":1.1,"data_set_value_component_R_variable_r_7":1.2,"data_set_value_component_R_variable_r_8":1.3,"data_set_value_component_phi_variable_phi":0.3886445032,"data_set_value_component_w_variable_w":0.0059734035,"data_set_value_component_total_cells_variable_total_cells":1.1345444707,"data_set_value_component_total_cells_variable_stable_total":0.5677757413,"data_set_value_component_total_cells_variable_mutant_total":0.5667687294,"data_set_value_component_kinetic_parameters_variable_alpha":0.6,"data_set_value_component_kinetic_parameters_variable_beta":0.2,"data_set_value_component_kinetic_parameters_variable_a":0.5,"data_set_value_component_kinetic_parameters_variable_u":0.07,"data_set_value_component_kinetic_parameters_variable_u_s":0.05614,"data_set_value_component_kinetic_parameters_variable_u_m":0.0686,"data_set_value_component_kinetic_parameters_variable_epsilon_m":0.1,"data_set_value_component_kinetic_parameters_variable_epsilon_s":0.99},{"data_set_value_component_environment_variable_time":0.9,"data_set_value_component_S_0_variable_S_0":0.5719181969,"data_set_value_component_S_1_variable_S_1":0.0000994087,"data_set_value_component_S_2_variable_S_2":0.0000000056,"data_set_value_component_S_3_variable_S_3":0.0,"data_set_value_component_S_4_variable_S_4":9.394976567e-18,"data_set_value_component_S_5_variable_S_5":3.254474391e-22,"data_set_value_component_S_6_variable_S_6":1.052236736e-26,"data_set_value_component_S_7_variable_S_7":3.241507674e-31,"data_set_value_component_S_8_variable_S_8":9.659751547e-36,"data_set_value_component_M_0_variable_M_0":0.5687204495,"data_set_value_component_M_1_variable_M_1":0.4864703479,"data_set_value_component_M_1_variable_M_1_2":-0.0063195292,"data_set_value_component_M_2_variable_M_2":0.0024011568,"data_set_value_component_M_3_variable_M_3":0.0000094933,"data_set_value_component_M_4_variable_M_4":0.0,"data_set_value_component_M_5_variable_M_5":0.0,"data_set_value_component_M_6_variable_M_6":0.0,"data_set_value_component_M_7_variable_M_7":0.0,"data_set_value_component_M_8_variable_M_8":-4.12299728e-37,"data_set_value_component_R_variable_R_0":0.5,"data_set_value_component_R_variable_R_1":0.3,"data_set_value_component_R_variable_R_2":0.35,"data_set_value_component_R_variable_R_3":0.4,"data_set_value_component_R_variable_R_4":0.45,"data_set_value_component_R_variable_R_5":0.5,"data_set_value_component_R_variable_R_6":0.55,"data_set_value_component_R_variable_R_7":0.6,"data_set_value_component_R_variable_R_8":0.65,"data_set_value_component_R_variable_r_0":0.5,"data_set_value_component_R_variable_r_1":0.6,"data_set_value_component_R_variable_r_2":0.7,"data_set_value_component_R_variable_r_3":0.8,"data_set_value_component_R_variable_r_4":0.9,"data_set_value_component_R_variable_r_5":1.0,"data_set_value_component_R_variable_r_6":1.1,"data_set_value_component_R_variable_r_7":1.2,"data_set_value_component_R_variable_r_8":1.3,"data_set_value_component_phi_variable_phi":0.4066493394,"data_set_value_component_w_variable_w":0.0067899782,"data_set_value_component_total_cells_variable_total_cells":1.1431487108,"data_set_value_component_total_cells_variable_stable_total":0.5720176111,"data_set_value_component_total_cells_variable_mutant_total":0.5711310997,"data_set_value_component_kinetic_parameters_variable_alpha":0.6,"data_set_value_component_kinetic_parameters_variable_beta":0.2,"data_set_value_component_kinetic_parameters_variable_a":0.5,"data_set_value_component_kinetic_parameters_variable_u":0.07,"data_set_value_component_kinetic_parameters_variable_u_s":0.05614,"data_set_value_component_kinetic_parameters_variable_u_m":0.0686,"data_set_value_component_kinetic_parameters_variable_epsilon_m":0.1,"data_set_value_component_kinetic_parameters_variable_epsilon_s":0.99},{"data_set_value_component_environment_variable_time":1.0,"data_set_value_component_S_0_variable_S_0":0.5751543836,"data_set_value_component_S_1_variable_S_1":0.0001100667,"data_set_value_component_S_2_variable_S_2":0.0000000068,"data_set_value_component_S_3_variable_S_3":0.0,"data_set_value_component_S_4_variable_S_4":1.42611896e-17,"data_set_value_component_S_5_variable_S_5":5.490692851e-22,"data_set_value_component_S_6_variable_S_6":1.970502608e-26,"data_set_value_component_S_7_variable_S_7":6.724811631e-31,"data_set_value_component_S_8_variable_S_8":2.214711687e-35,"data_set_value_component_M_0_variable_M_0":0.5715823322,"data_set_value_component_M_1_variable_M_1":0.5434938387,"data_set_value_component_M_1_variable_M_1_2":-0.0122577734,"data_set_value_component_M_2_variable_M_2":0.0029610828,"data_set_value_component_M_3_variable_M_3":0.0000129858,"data_set_value_component_M_4_variable_M_4":0.0,"data_set_value_component_M_5_variable_M_5":0.0,"data_set_value_component_M_6_variable_M_6":0.0,"data_set_value_component_M_7_variable_M_7":0.0,"data_set_value_component_M_8_variable_M_8":-1.093224963e-36,"data_set_value_component_R_variable_R_0":0.5,"data_set_value_component_R_variable_R_1":0.3,"data_set_value_component_R_variable_R_2":0.35,"data_set_value_component_R_variable_R_3":0.4,"data_set_value_component_R_variable_R_4":0.45,"data_set_value_component_R_variable_R_5":0.5,"data_set_value_component_R_variable_R_6":0.55,"data_set_value_component_R_variable_R_7":0.6,"data_set_value_component_R_variable_R_8":0.65,"data_set_value_component_R_variable_r_0":0.5,"data_set_value_component_R_variable_r_1":0.6,"data_set_value_component_R_variable_r_2":0.7,"data_set_value_component_R_variable_r_3":0.8,"data_set_value_component_R_variable_r_4":0.9,"data_set_value_component_R_variable_r_5":1.0,"data_set_value_component_R_variable_r_6":1.1,"data_set_value_component_R_variable_r_7":1.2,"data_set_value_component_R_variable_r_8":1.3,"data_set_value_component_phi_variable_phi":0.4242969465,"data_set_value_component_w_variable_w":0.0076089311,"data_set_value_component_total_cells_variable_total_cells":1.1498208578,"data_set_value_component_total_cells_variable_stable_total":0.5752644571,"data_set_value_component_total_cells_variable_mutant_total":0.5745564007,"data_set_value_component_kinetic_parameters_variable_alpha":0.6,"data_set_value_component_kinetic_parameters_variable_beta":0.2,"data_set_value_component_kinetic_parameters_variable_a":0.5,"data_set_value_component_kinetic_parameters_variable_u":0.07,"data_set_value_component_kinetic_parameters_variable_u_s":0.05614,"data_set_value_component_kinetic_parameters_variable_u_m":0.0686,"data_set_value_component_kinetic_parameters_variable_epsilon_m":0.1,"data_set_value_component_kinetic_parameters_variable_epsilon_s":0.99}]