<?xml version="1.0"?>
<rdf:RDF xmlns:rdf="http://www.w3.org/1999/02/22-rdf-syntax-ns#"><rdf:Description rdf:nodeID="n1"><rdf:first><rdf:Description rdf:nodeID="n2"/></rdf:first><rdf:rest><rdf:Description rdf:nodeID="n3"/></rdf:rest></rdf:Description><rdf:Description rdf:nodeID="n4"><variable xmlns="http://www.cellml.org/metadata/graphs/1.0#"><rdf:Description rdf:about="pivonka_2008_matlab.cellml#OPG_OPG"/></variable></rdf:Description><rdf:Description rdf:about="http://www.cellml.org/tools/opencell/splitter/graph_sel_graph3"><activegraph xmlns="http://www.cellml.org/tools/opencell/"><rdf:Description rdf:nodeID="n5"/></activegraph></rdf:Description><rdf:Description rdf:about="http://www.cellml.org/tools/opencell/splitter/graph_sel_graph2"><activegraph xmlns="http://www.cellml.org/tools/opencell/"><rdf:Description rdf:nodeID="n2"/></activegraph></rdf:Description><rdf:Description rdf:nodeID="n6"><type xmlns="http://www.cellml.org/metadata/graphs/1.0#"><rdf:Description rdf:about="http://www.cellml.org/metadata/graphs/1.0#line"/></type><variable xmlns="http://www.cellml.org/metadata/graphs/1.0#y-"><rdf:Description rdf:nodeID="n7"/></variable><colour xmlns="http://www.cellml.org/metadata/graphs/1.0#" xml:lang="en">#099999</colour><variable xmlns="http://www.cellml.org/metadata/graphs/1.0#x-"><rdf:Description rdf:nodeID="n8"/></variable></rdf:Description><rdf:Description rdf:nodeID="n9"><variable xmlns="http://www.cellml.org/metadata/graphs/1.0#"><rdf:Description rdf:about="pivonka_2008_matlab.cellml#OB_a_A_OB_a"/></variable></rdf:Description><rdf:Description rdf:nodeID="n10"><type xmlns="http://www.cellml.org/metadata/graphs/1.0#"><rdf:Description rdf:about="http://www.cellml.org/metadata/graphs/1.0#scatter"/></type><variable xmlns="http://www.cellml.org/metadata/graphs/1.0#y-"><rdf:Description rdf:nodeID="n11"/></variable><colour xmlns="http://www.cellml.org/metadata/graphs/1.0#" xml:lang="en">#3300ff</colour><variable xmlns="http://www.cellml.org/metadata/graphs/1.0#x-"><rdf:Description rdf:nodeID="n12"/></variable><glyph xmlns="http://www.cellml.org/metadata/graphs/1.0#"><rdf:Description rdf:about="http://www.cellml.org/metadata/graphs/1.0#nonstandard-none"/></glyph></rdf:Description><rdf:Description rdf:nodeID="n13"><variable xmlns="http://www.cellml.org/metadata/graphs/1.0#"><rdf:Description rdf:about="pivonka_2008_matlab.cellml#OC_a_D_OC_p"/></variable></rdf:Description><rdf:Description rdf:nodeID="n14"><rdf:first><rdf:Description rdf:nodeID="n5"/></rdf:first><rdf:rest><rdf:Description rdf:nodeID="n1"/></rdf:rest></rdf:Description><rdf:Description rdf:about="http://www.cellml.org/tools/opencell/displayGraphs"><rdf:first><rdf:Description rdf:nodeID="n14"/></rdf:first></rdf:Description><rdf:Description rdf:about="http://www.cellml.org/tools/pcenv/splitter/graphedit"><splitterState_prevWidth xmlns="http://www.cellml.org/tools/pcenv/" xml:lang="en">413</splitterState_prevWidth></rdf:Description><rdf:Description rdf:about="http://www.cellml.org/tools/pcenv/modlayoutsplit"><splitterState_collapsedBefore xmlns="http://www.cellml.org/tools/pcenv/" xml:lang="en">true</splitterState_collapsedBefore><splitterState_prevWidth xmlns="http://www.cellml.org/tools/pcenv/" xml:lang="en">61</splitterState_prevWidth></rdf:Description><rdf:Description rdf:nodeID="n15"><rdf:first><rdf:Description rdf:nodeID="n16"/></rdf:first><rdf:rest><rdf:Description rdf:nodeID="n17"/></rdf:rest></rdf:Description><rdf:Description rdf:about="pivonka_2008_matlab.cellml"><derivedmodels xmlns="http://www.cellml.org/tools/opencell/"><rdf:Description rdf:nodeID="n18"/></derivedmodels><modelname xmlns="http://www.cellml.org/tools/opencell/" xml:lang="en">pivonka_2008</modelname><modelname xmlns="http://www.cellml.org/tools/pcenv/" xml:lang="en">pivonka_2008</modelname><derivedmodels xmlns="http://www.cellml.org/tools/pcenv/"><rdf:Description rdf:nodeID="n18"/></derivedmodels><modelfrozen xmlns="http://www.cellml.org/tools/pcenv/" xml:lang="en">true</modelfrozen><modelfrozen xmlns="http://www.cellml.org/tools/opencell/" xml:lang="en">true</modelfrozen></rdf:Description><rdf:Description rdf:about="http://www.cellml.org/tools/pcenv/splitter/graph_sel_graph1"><activegraph xmlns="http://www.cellml.org/tools/pcenv/"><rdf:Description rdf:nodeID="n19"/></activegraph></rdf:Description><rdf:Description rdf:nodeID="n20"><rdf:first><rdf:Description rdf:nodeID="n21"/></rdf:first><rdf:rest><rdf:Description rdf:nodeID="n22"/></rdf:rest></rdf:Description><rdf:Description rdf:nodeID="n23"><variable xmlns="http://www.cellml.org/metadata/graphs/1.0#"><rdf:Description rdf:about="pivonka_2008_matlab.cellml#environment_time"/></variable></rdf:Description><rdf:Description rdf:nodeID="n24"><variable xmlns="http://www.cellml.org/metadata/graphs/1.0#"><rdf:Description rdf:about="pivonka_2008_matlab.cellml#OB_a_pd_OB_a"/></variable></rdf:Description><rdf:Description rdf:nodeID="n25"><rdf:first><rdf:Description rdf:nodeID="n26"/></rdf:first><rdf:rest><rdf:Description rdf:nodeID="n20"/></rdf:rest></rdf:Description><rdf:Description rdf:about="http://www.cellml.org/tools/opencell/splitter/graphedit"><splitterState_prevWidth xmlns="http://www.cellml.org/tools/opencell/" xml:lang="en">413</splitterState_prevWidth><splitterState_nextWidth xmlns="http://www.cellml.org/tools/pcenv/" xml:lang="en">848</splitterState_nextWidth><splitterState_nextWidth xmlns="http://www.cellml.org/tools/opencell/" xml:lang="en">848</splitterState_nextWidth></rdf:Description><rdf:Description rdf:about="http://www.cellml.org/tools/opencell/splitter/graph_key_graph1"><splitterState_collapsedAfter xmlns="http://www.cellml.org/tools/opencell/" xml:lang="en">true</splitterState_collapsedAfter><splitterState_prevHeight xmlns="http://www.cellml.org/tools/opencell/" xml:lang="en">154</splitterState_prevHeight><splitterState_nextHeight xmlns="http://www.cellml.org/tools/opencell/" xml:lang="en">0</splitterState_nextHeight></rdf:Description><rdf:Description rdf:nodeID="n27"><rdf:first><rdf:Description rdf:nodeID="n28"/></rdf:first><rdf:rest><rdf:Description rdf:nodeID="n29"/></rdf:rest></rdf:Description><rdf:Description rdf:nodeID="n30"><variable xmlns="http://www.cellml.org/metadata/graphs/1.0#"><rdf:Description rdf:about="pivonka_2008_matlab.cellml#OB_p_OB_p"/></variable></rdf:Description><rdf:Description rdf:about="http://www.cellml.org/tools/pcenv/splitter/graph_key_graph3"><splitterState_nextHeight xmlns="http://www.cellml.org/tools/pcenv/" xml:lang="en">0</splitterState_nextHeight><splitterState_collapsedAfter xmlns="http://www.cellml.org/tools/pcenv/" xml:lang="en">true</splitterState_collapsedAfter></rdf:Description><rdf:Description rdf:nodeID="n3"><rdf:first><rdf:Description rdf:nodeID="n19"/></rdf:first><rdf:rest><rdf:Description rdf:about="http://www.w3.org/1999/02/22-rdf-syntax-ns#nil"/></rdf:rest></rdf:Description><rdf:Description rdf:nodeID="n11"><variable xmlns="http://www.cellml.org/metadata/graphs/1.0#"><rdf:Description rdf:about="pivonka_2008_matlab.cellml#OC_a_D_OC_p"/></variable></rdf:Description><rdf:Description rdf:nodeID="n31"><variable xmlns="http://www.cellml.org/metadata/graphs/1.0#"><rdf:Description rdf:about="pivonka_2008_matlab.cellml#environment_time"/></variable></rdf:Description><rdf:Description rdf:nodeID="n32"><variable xmlns="http://www.cellml.org/metadata/graphs/1.0#"><rdf:Description rdf:about="pivonka_2008_matlab.cellml#environment_time"/></variable></rdf:Description><rdf:Description rdf:nodeID="n33"><rdf:first><rdf:Description rdf:nodeID="n34"/></rdf:first></rdf:Description><rdf:Description rdf:nodeID="n35"><rdf:first><rdf:Description rdf:nodeID="n36"/></rdf:first><rdf:rest><rdf:Description rdf:nodeID="n37"/></rdf:rest></rdf:Description><rdf:Description rdf:nodeID="n38"><type xmlns="http://www.cellml.org/metadata/graphs/1.0#"><rdf:Description rdf:about="http://www.cellml.org/metadata/graphs/1.0#scatter"/></type><variable xmlns="http://www.cellml.org/metadata/graphs/1.0#y-"><rdf:Description rdf:nodeID="n39"/></variable><colour xmlns="http://www.cellml.org/metadata/graphs/1.0#" xml:lang="en">#835f11</colour><variable xmlns="http://www.cellml.org/metadata/graphs/1.0#x-"><rdf:Description rdf:nodeID="n40"/></variable><glyph xmlns="http://www.cellml.org/metadata/graphs/1.0#"><rdf:Description rdf:about="http://www.cellml.org/metadata/graphs/1.0#nonstandard-none"/></glyph></rdf:Description><rdf:Description rdf:nodeID="n41"><variable xmlns="http://www.cellml.org/metadata/graphs/1.0#"><rdf:Description rdf:about="pivonka_2008_matlab.cellml#RANKL_RANKL"/></variable></rdf:Description><rdf:Description rdf:about="http://www.cellml.org/tools/opencell/loadedModels"><rdf:_1><rdf:Description rdf:about="pivonka_2008_matlab.cellml"/></rdf:_1></rdf:Description><rdf:Description rdf:nodeID="n42"><variable xmlns="http://www.cellml.org/metadata/graphs/1.0#"><rdf:Description rdf:about="pivonka_2008_matlab.cellml#environment_time"/></variable></rdf:Description><rdf:Description rdf:nodeID="n43"><type xmlns="http://www.cellml.org/metadata/graphs/1.0#"><rdf:Description rdf:about="http://www.cellml.org/metadata/graphs/1.0#scatter"/></type><variable xmlns="http://www.cellml.org/metadata/graphs/1.0#y-"><rdf:Description rdf:nodeID="n41"/></variable><colour xmlns="http://www.cellml.org/metadata/graphs/1.0#" xml:lang="en">#66ff66</colour><variable xmlns="http://www.cellml.org/metadata/graphs/1.0#x-"><rdf:Description rdf:nodeID="n44"/></variable><glyph xmlns="http://www.cellml.org/metadata/graphs/1.0#"><rdf:Description rdf:about="http://www.cellml.org/metadata/graphs/1.0#nonstandard-none"/></glyph></rdf:Description><rdf:Description rdf:nodeID="n5"><scaling xmlns="http://www.cellml.org/metadata/graphs/1.0#y-"><rdf:Description rdf:about="http://www.cellml.org/metadata/graphs/1.0#identity"/></scaling><traces xmlns="http://www.cellml.org/metadata/graphs/1.0#"><rdf:Description rdf:nodeID="n33"/></traces><decoration xmlns="http://www.cellml.org/metadata/graphs/1.0#"><rdf:Description rdf:about="http://www.cellml.org/metadata/graphs/1.0#none"/></decoration><graphname xmlns="http://www.cellml.org/tools/opencell/" xml:lang="en">Untitled</graphname><scaling xmlns="http://www.cellml.org/metadata/graphs/1.0#x-"><rdf:Description rdf:about="http://www.cellml.org/metadata/graphs/1.0#identity"/></scaling><graphname xmlns="http://www.cellml.org/tools/pcenv/" xml:lang="en">Untitled</graphname></rdf:Description><rdf:Description rdf:nodeID="n26"><type xmlns="http://www.cellml.org/metadata/graphs/1.0#"><rdf:Description rdf:about="http://www.cellml.org/metadata/graphs/1.0#scatter"/></type><variable xmlns="http://www.cellml.org/metadata/graphs/1.0#y-"><rdf:Description rdf:nodeID="n45"/></variable><colour xmlns="http://www.cellml.org/metadata/graphs/1.0#" xml:lang="en">#ff00cc</colour><variable xmlns="http://www.cellml.org/metadata/graphs/1.0#x-"><rdf:Description rdf:nodeID="n32"/></variable><glyph xmlns="http://www.cellml.org/metadata/graphs/1.0#"><rdf:Description rdf:about="http://www.cellml.org/metadata/graphs/1.0#nonstandard-none"/></glyph></rdf:Description><rdf:Description rdf:nodeID="n46"><variable xmlns="http://www.cellml.org/metadata/graphs/1.0#"><rdf:Description rdf:about="pivonka_2008_matlab.cellml#environment_time"/></variable></rdf:Description><rdf:Description rdf:about="http://www.cellml.org/tools/pcenv/splitter/graph_sel_graph2"><activegraph xmlns="http://www.cellml.org/tools/pcenv/"><rdf:Description rdf:nodeID="n2"/></activegraph></rdf:Description><rdf:Description rdf:about="http://www.cellml.org/tools/opencell/splitter/graph_key_graph2"><splitterState_collapsedAfter xmlns="http://www.cellml.org/tools/opencell/" xml:lang="en">true</splitterState_collapsedAfter><splitterState_nextHeight xmlns="http://www.cellml.org/tools/opencell/" xml:lang="en">0</splitterState_nextHeight></rdf:Description><rdf:Description rdf:nodeID="n16"><type xmlns="http://www.cellml.org/metadata/graphs/1.0#"><rdf:Description rdf:about="http://www.cellml.org/metadata/graphs/1.0#scatter"/></type><variable xmlns="http://www.cellml.org/metadata/graphs/1.0#y-"><rdf:Description rdf:nodeID="n47"/></variable><colour xmlns="http://www.cellml.org/metadata/graphs/1.0#" xml:lang="en">#66ff66</colour><variable xmlns="http://www.cellml.org/metadata/graphs/1.0#x-"><rdf:Description rdf:nodeID="n42"/></variable><glyph xmlns="http://www.cellml.org/metadata/graphs/1.0#"><rdf:Description rdf:about="http://www.cellml.org/metadata/graphs/1.0#nonstandard-none"/></glyph></rdf:Description><rdf:Description rdf:nodeID="n48"><type xmlns="http://www.cellml.org/metadata/graphs/1.0#"><rdf:Description rdf:about="http://www.cellml.org/metadata/graphs/1.0#scatter"/></type><variable xmlns="http://www.cellml.org/metadata/graphs/1.0#y-"><rdf:Description rdf:nodeID="n49"/></variable><colour xmlns="http://www.cellml.org/metadata/graphs/1.0#" xml:lang="en">#b8273e</colour><variable xmlns="http://www.cellml.org/metadata/graphs/1.0#x-"><rdf:Description rdf:nodeID="n50"/></variable><glyph xmlns="http://www.cellml.org/metadata/graphs/1.0#"><rdf:Description rdf:about="http://www.cellml.org/metadata/graphs/1.0#nonstandard-none"/></glyph></rdf:Description><rdf:Description rdf:nodeID="n51"><type xmlns="http://www.cellml.org/metadata/graphs/1.0#"><rdf:Description rdf:about="http://www.cellml.org/metadata/graphs/1.0#line"/></type><variable xmlns="http://www.cellml.org/metadata/graphs/1.0#y-"><rdf:Description rdf:nodeID="n13"/></variable><colour xmlns="http://www.cellml.org/metadata/graphs/1.0#" xml:lang="en">#080c04</colour><variable xmlns="http://www.cellml.org/metadata/graphs/1.0#x-"><rdf:Description rdf:nodeID="n52"/></variable></rdf:Description><rdf:Description rdf:about="http://www.cellml.org/tools/opencell/splitter/graph_sel_graph1"><activegraph xmlns="http://www.cellml.org/tools/opencell/"><rdf:Description rdf:nodeID="n19"/></activegraph></rdf:Description><rdf:Description rdf:nodeID="n50"><variable xmlns="http://www.cellml.org/metadata/graphs/1.0#"><rdf:Description rdf:about="pivonka_2008_matlab.cellml#environment_time"/></variable></rdf:Description><rdf:Description rdf:about="http://www.cellml.org/tools/opencell/splitter/intergraph2"><splitterState_collapsedAfter xmlns="http://www.cellml.org/tools/opencell/" xml:lang="en">true</splitterState_collapsedAfter></rdf:Description><rdf:Description rdf:nodeID="n53"><variable xmlns="http://www.cellml.org/metadata/graphs/1.0#"><rdf:Description rdf:about="pivonka_2008_matlab.cellml#environment_time"/></variable></rdf:Description><rdf:Description rdf:about="http://www.cellml.org/tools/pcenv/splitter/graph_key_graph2"><splitterState_nextHeight xmlns="http://www.cellml.org/tools/pcenv/" xml:lang="en">0</splitterState_nextHeight><splitterState_collapsedAfter xmlns="http://www.cellml.org/tools/pcenv/" xml:lang="en">true</splitterState_collapsedAfter></rdf:Description><rdf:Description rdf:nodeID="n47"><variable xmlns="http://www.cellml.org/metadata/graphs/1.0#"><rdf:Description rdf:about="pivonka_2008_matlab.cellml#OB_p_pd_OB_p"/></variable></rdf:Description><rdf:Description rdf:nodeID="n54"><rdf:first><rdf:Description rdf:nodeID="n55"/></rdf:first></rdf:Description><rdf:Description rdf:about="http://www.cellml.org/tools/opencell/splitter/graph_key_graph3"><splitterState_collapsedAfter xmlns="http://www.cellml.org/tools/opencell/" xml:lang="en">true</splitterState_collapsedAfter><splitterState_nextHeight xmlns="http://www.cellml.org/tools/opencell/" xml:lang="en">0</splitterState_nextHeight></rdf:Description><rdf:Description rdf:nodeID="n40"><variable xmlns="http://www.cellml.org/metadata/graphs/1.0#"><rdf:Description rdf:about="pivonka_2008_matlab.cellml#environment_time"/></variable></rdf:Description><rdf:Description rdf:nodeID="n36"><type xmlns="http://www.cellml.org/metadata/graphs/1.0#"><rdf:Description rdf:about="http://www.cellml.org/metadata/graphs/1.0#scatter"/></type><variable xmlns="http://www.cellml.org/metadata/graphs/1.0#y-"><rdf:Description rdf:nodeID="n56"/></variable><colour xmlns="http://www.cellml.org/metadata/graphs/1.0#" xml:lang="en">#f1fc99</colour><variable xmlns="http://www.cellml.org/metadata/graphs/1.0#x-"><rdf:Description rdf:nodeID="n53"/></variable><glyph xmlns="http://www.cellml.org/metadata/graphs/1.0#"><rdf:Description rdf:about="http://www.cellml.org/metadata/graphs/1.0#nonstandard-none"/></glyph></rdf:Description><rdf:Description rdf:about="http://www.cellml.org/tools/pcenv/splitter/graph_sel_graph3"><activegraph xmlns="http://www.cellml.org/tools/pcenv/"><rdf:Description rdf:nodeID="n5"/></activegraph></rdf:Description><rdf:Description rdf:nodeID="n12"><variable xmlns="http://www.cellml.org/metadata/graphs/1.0#"><rdf:Description rdf:about="pivonka_2008_matlab.cellml#environment_time"/></variable></rdf:Description><rdf:Description rdf:nodeID="n37"><rdf:first><rdf:Description rdf:nodeID="n57"/></rdf:first><rdf:rest><rdf:Description rdf:nodeID="n58"/></rdf:rest></rdf:Description><rdf:Description rdf:nodeID="n28"><type xmlns="http://www.cellml.org/metadata/graphs/1.0#"><rdf:Description rdf:about="http://www.cellml.org/metadata/graphs/1.0#scatter"/></type><variable xmlns="http://www.cellml.org/metadata/graphs/1.0#y-"><rdf:Description rdf:nodeID="n4"/></variable><colour xmlns="http://www.cellml.org/metadata/graphs/1.0#" xml:lang="en">#66ff66</colour><variable xmlns="http://www.cellml.org/metadata/graphs/1.0#x-"><rdf:Description rdf:nodeID="n59"/></variable><glyph xmlns="http://www.cellml.org/metadata/graphs/1.0#"><rdf:Description rdf:about="http://www.cellml.org/metadata/graphs/1.0#nonstandard-none"/></glyph></rdf:Description><rdf:Description rdf:nodeID="n59"><variable xmlns="http://www.cellml.org/metadata/graphs/1.0#"><rdf:Description rdf:about="pivonka_2008_matlab.cellml#environment_time"/></variable></rdf:Description><rdf:Description rdf:nodeID="n60"><type xmlns="http://www.cellml.org/metadata/graphs/1.0#"><rdf:Description rdf:about="http://www.cellml.org/metadata/graphs/1.0#scatter"/></type><variable xmlns="http://www.cellml.org/metadata/graphs/1.0#y-"><rdf:Description rdf:nodeID="n30"/></variable><colour xmlns="http://www.cellml.org/metadata/graphs/1.0#" xml:lang="en">#099999</colour><variable xmlns="http://www.cellml.org/metadata/graphs/1.0#x-"><rdf:Description rdf:nodeID="n61"/></variable><glyph xmlns="http://www.cellml.org/metadata/graphs/1.0#"><rdf:Description rdf:about="http://www.cellml.org/metadata/graphs/1.0#nonstandard-none"/></glyph></rdf:Description><rdf:Description rdf:nodeID="n55"><rdf:first><rdf:Description rdf:nodeID="n60"/></rdf:first><rdf:rest><rdf:Description rdf:nodeID="n25"/></rdf:rest></rdf:Description><rdf:Description rdf:nodeID="n58"><rdf:first><rdf:Description rdf:nodeID="n62"/></rdf:first><rdf:rest><rdf:Description rdf:nodeID="n15"/></rdf:rest></rdf:Description><rdf:Description rdf:nodeID="n34"><rdf:first><rdf:Description rdf:nodeID="n6"/></rdf:first><rdf:rest><rdf:Description rdf:about="http://www.w3.org/1999/02/22-rdf-syntax-ns#nil"/></rdf:rest></rdf:Description><rdf:Description rdf:nodeID="n29"><rdf:first><rdf:Description rdf:nodeID="n43"/></rdf:first><rdf:rest><rdf:Description rdf:nodeID="n35"/></rdf:rest></rdf:Description><rdf:Description rdf:nodeID="n63"><rdf:first><rdf:Description rdf:nodeID="n38"/></rdf:first><rdf:rest><rdf:Description rdf:nodeID="n27"/></rdf:rest></rdf:Description><rdf:Description rdf:nodeID="n22"><rdf:first><rdf:Description rdf:nodeID="n10"/></rdf:first><rdf:rest><rdf:Description rdf:nodeID="n63"/></rdf:rest></rdf:Description><rdf:Description rdf:nodeID="n17"><rdf:first><rdf:Description rdf:nodeID="n64"/></rdf:first><rdf:rest><rdf:Description rdf:nodeID="n65"/></rdf:rest></rdf:Description><rdf:Description rdf:nodeID="n19"><scaling xmlns="http://www.cellml.org/metadata/graphs/1.0#y-"><rdf:Description rdf:about="http://www.cellml.org/metadata/graphs/1.0#identity"/></scaling><traces xmlns="http://www.cellml.org/metadata/graphs/1.0#"><rdf:Description rdf:nodeID="n54"/></traces><decoration xmlns="http://www.cellml.org/metadata/graphs/1.0#"><rdf:Description rdf:about="http://www.cellml.org/metadata/graphs/1.0#none"/></decoration><graphname xmlns="http://www.cellml.org/tools/opencell/" xml:lang="en">Traces: Clickable elements against time (days)</graphname><scaling xmlns="http://www.cellml.org/metadata/graphs/1.0#x-"><rdf:Description rdf:about="http://www.cellml.org/metadata/graphs/1.0#identity"/></scaling><graphname xmlns="http://www.cellml.org/tools/pcenv/" xml:lang="en">Traces: Clickable elements against time (days)</graphname></rdf:Description><rdf:Description rdf:nodeID="n45"><variable xmlns="http://www.cellml.org/metadata/graphs/1.0#"><rdf:Description rdf:about="pivonka_2008_matlab.cellml#OB_a_OB_a"/></variable></rdf:Description><rdf:Description rdf:nodeID="n49"><variable xmlns="http://www.cellml.org/metadata/graphs/1.0#"><rdf:Description rdf:about="pivonka_2008_matlab.cellml#RANKL_RANK"/></variable></rdf:Description><rdf:Description rdf:nodeID="n56"><variable xmlns="http://www.cellml.org/metadata/graphs/1.0#"><rdf:Description rdf:about="pivonka_2008_matlab.cellml#OB_p_D_OB_u"/></variable></rdf:Description><rdf:Description rdf:about="http://www.cellml.org/tools/pcenv/loadedModels"><rdf:_2><rdf:Description rdf:about="pivonka_2008_matlab.cellml"/></rdf:_2></rdf:Description><rdf:Description rdf:nodeID="n2"><externalurl xmlns="http://www.cellml.org/tools/pcenv/" xml:lang="en">pivonka_2008.xul</externalurl><externalurl xmlns="http://www.cellml.org/tools/opencell/" xml:lang="en">pivonka_2008.xul</externalurl><graphname xmlns="http://www.cellml.org/tools/opencell/" xml:lang="en">Clickable Diagram: Click elements below to toggle graph traces above</graphname><graphname xmlns="http://www.cellml.org/tools/pcenv/" xml:lang="en">Clickable Diagram: Click elements below to toggle graph traces above</graphname></rdf:Description><rdf:Description rdf:nodeID="n62"><type xmlns="http://www.cellml.org/metadata/graphs/1.0#"><rdf:Description rdf:about="http://www.cellml.org/metadata/graphs/1.0#scatter"/></type><variable xmlns="http://www.cellml.org/metadata/graphs/1.0#y-"><rdf:Description rdf:nodeID="n66"/></variable><colour xmlns="http://www.cellml.org/metadata/graphs/1.0#" xml:lang="en">#16d1c3</colour><variable xmlns="http://www.cellml.org/metadata/graphs/1.0#x-"><rdf:Description rdf:nodeID="n46"/></variable><glyph xmlns="http://www.cellml.org/metadata/graphs/1.0#"><rdf:Description rdf:about="http://www.cellml.org/metadata/graphs/1.0#nonstandard-none"/></glyph></rdf:Description><rdf:Description rdf:nodeID="n21"><type xmlns="http://www.cellml.org/metadata/graphs/1.0#"><rdf:Description rdf:about="http://www.cellml.org/metadata/graphs/1.0#scatter"/></type><variable xmlns="http://www.cellml.org/metadata/graphs/1.0#y-"><rdf:Description rdf:nodeID="n67"/></variable><colour xmlns="http://www.cellml.org/metadata/graphs/1.0#" xml:lang="en">#cc00ff</colour><variable xmlns="http://www.cellml.org/metadata/graphs/1.0#x-"><rdf:Description rdf:nodeID="n68"/></variable><glyph xmlns="http://www.cellml.org/metadata/graphs/1.0#"><rdf:Description rdf:about="http://www.cellml.org/metadata/graphs/1.0#nonstandard-none"/></glyph></rdf:Description><rdf:Description rdf:nodeID="n57"><type xmlns="http://www.cellml.org/metadata/graphs/1.0#"><rdf:Description rdf:about="http://www.cellml.org/metadata/graphs/1.0#scatter"/></type><variable xmlns="http://www.cellml.org/metadata/graphs/1.0#y-"><rdf:Description rdf:nodeID="n9"/></variable><colour xmlns="http://www.cellml.org/metadata/graphs/1.0#" xml:lang="en">#66ff66</colour><variable xmlns="http://www.cellml.org/metadata/graphs/1.0#x-"><rdf:Description rdf:nodeID="n23"/></variable><glyph xmlns="http://www.cellml.org/metadata/graphs/1.0#"><rdf:Description rdf:about="http://www.cellml.org/metadata/graphs/1.0#nonstandard-none"/></glyph></rdf:Description><rdf:Description rdf:nodeID="n39"><variable xmlns="http://www.cellml.org/metadata/graphs/1.0#"><rdf:Description rdf:about="pivonka_2008_matlab.cellml#TGF_beta_pi_TGF_beta_act"/></variable></rdf:Description><rdf:Description rdf:about="http://www.cellml.org/tools/pcenv/splitter/intergraph2"><splitterState_collapsedAfter xmlns="http://www.cellml.org/tools/pcenv/" xml:lang="en">true</splitterState_collapsedAfter></rdf:Description><rdf:Description rdf:nodeID="n65"><rdf:first><rdf:Description rdf:nodeID="n48"/></rdf:first><rdf:rest><rdf:Description rdf:nodeID="n69"/></rdf:rest></rdf:Description><rdf:Description rdf:nodeID="n61"><variable xmlns="http://www.cellml.org/metadata/graphs/1.0#"><rdf:Description rdf:about="pivonka_2008_matlab.cellml#environment_time"/></variable></rdf:Description><rdf:Description rdf:nodeID="n64"><type xmlns="http://www.cellml.org/metadata/graphs/1.0#"><rdf:Description rdf:about="http://www.cellml.org/metadata/graphs/1.0#scatter"/></type><variable xmlns="http://www.cellml.org/metadata/graphs/1.0#y-"><rdf:Description rdf:nodeID="n24"/></variable><colour xmlns="http://www.cellml.org/metadata/graphs/1.0#" xml:lang="en">#456604</colour><variable xmlns="http://www.cellml.org/metadata/graphs/1.0#x-"><rdf:Description rdf:nodeID="n31"/></variable><glyph xmlns="http://www.cellml.org/metadata/graphs/1.0#"><rdf:Description rdf:about="http://www.cellml.org/metadata/graphs/1.0#nonstandard-none"/></glyph></rdf:Description><rdf:Description rdf:nodeID="n44"><variable xmlns="http://www.cellml.org/metadata/graphs/1.0#"><rdf:Description rdf:about="pivonka_2008_matlab.cellml#environment_time"/></variable></rdf:Description><rdf:Description rdf:about="http://www.cellml.org/tools/pcenv/splitter/graph_key_graph1"><splitterState_prevHeight xmlns="http://www.cellml.org/tools/pcenv/" xml:lang="en">154</splitterState_prevHeight><splitterState_nextHeight xmlns="http://www.cellml.org/tools/pcenv/" xml:lang="en">0</splitterState_nextHeight><splitterState_collapsedAfter xmlns="http://www.cellml.org/tools/pcenv/" xml:lang="en">true</splitterState_collapsedAfter></rdf:Description><rdf:Description rdf:nodeID="n66"><variable xmlns="http://www.cellml.org/metadata/graphs/1.0#"><rdf:Description rdf:about="pivonka_2008_matlab.cellml#OC_a_A_OC_a"/></variable></rdf:Description><rdf:Description rdf:about="http://www.cellml.org/tools/pcenv/displayGraphs"><rdf:first><rdf:Description rdf:nodeID="n14"/></rdf:first></rdf:Description><rdf:Description rdf:nodeID="n52"><variable xmlns="http://www.cellml.org/metadata/graphs/1.0#"><rdf:Description rdf:about="pivonka_2008_matlab.cellml#environment_time"/></variable></rdf:Description><rdf:Description rdf:nodeID="n67"><variable xmlns="http://www.cellml.org/metadata/graphs/1.0#"><rdf:Description rdf:about="pivonka_2008_matlab.cellml#OC_a_OC_a"/></variable></rdf:Description><rdf:Description rdf:about="http://www.cellml.org/tools/opencell/modlayoutsplit"><splitterState_prevWidth xmlns="http://www.cellml.org/tools/opencell/" xml:lang="en">61</splitterState_prevWidth><splitterState_nextWidth xmlns="http://www.cellml.org/tools/pcenv/" xml:lang="en">1197</splitterState_nextWidth><splitterState_collapsedBefore xmlns="http://www.cellml.org/tools/opencell/" xml:lang="en">true</splitterState_collapsedBefore><splitterState_nextWidth xmlns="http://www.cellml.org/tools/opencell/" xml:lang="en">1197</splitterState_nextWidth></rdf:Description><rdf:Description rdf:nodeID="n68"><variable xmlns="http://www.cellml.org/metadata/graphs/1.0#"><rdf:Description rdf:about="pivonka_2008_matlab.cellml#environment_time"/></variable></rdf:Description><rdf:Description rdf:nodeID="n69"><rdf:first><rdf:Description rdf:nodeID="n51"/></rdf:first><rdf:rest><rdf:Description rdf:about="http://www.w3.org/1999/02/22-rdf-syntax-ns#nil"/></rdf:rest></rdf:Description></rdf:RDF>