[{"data_set_value_component_environment_variable_time":0.0,"data_set_value_component_OB_p_variable_OB_p":0.0006194,"data_set_value_component_OB_p_variable_D_OB_u":0.0007,"data_set_value_component_OB_p_variable_pd_OB_p":0.0,"data_set_value_component_OB_a_variable_OB_a":0.0005584,"data_set_value_component_OB_a_variable_A_OB_a":0.189,"data_set_value_component_OB_a_variable_pd_OB_a":0.0,"data_set_value_component_OC_a_variable_OC_a":0.000807,"data_set_value_component_OC_a_variable_D_OC_p":0.0021,"data_set_value_component_OC_a_variable_A_OC_a":0.7,"data_set_value_component_OC_a_variable_pd_OC_a":0.0,"data_set_value_component_BV_variable_BV":100.0,"data_set_value_component_BV_variable_OC_a_initial":1.0,"data_set_value_component_BV_variable_OB_a_initial":1.0,"data_set_value_component_BV_variable_k_form":1.571,"data_set_value_component_BV_variable_k_res":200.0,"data_set_value_component_TGF_beta_variable_pi_TGF_beta_act":0.1507847534,"data_set_value_component_TGF_beta_variable_pi_TGF_beta_rep":0.636977058,"data_set_value_component_TGF_beta_variable_KD_TGF_repress":0.001416,"data_set_value_component_TGF_beta_variable_KD_TGF_activate":0.004545,"data_set_value_component_TGF_beta_variable_alpha":1.0,"data_set_value_component_PTH_variable_pi_PTH_act":0.9288721708,"data_set_value_component_PTH_variable_pi_PTH_rep":0.9809885932,"data_set_value_component_PTH_variable_beta_PTH":250.0,"data_set_value_component_PTH_variable_Deg_PTH":86.0,"data_set_value_component_PTH_variable_P_PTH_d":0.0,"data_set_value_component_PTH_variable_PTH_tot":2.9069767442,"data_set_value_component_PTH_variable_KD_PTH_repress":150.0,"data_set_value_component_PTH_variable_KD_PTH_activate":0.2226,"data_set_value_component_OPG_variable_OPG":254005.2961614334,"data_set_value_component_OPG_variable_beta_OPG":162500000.0,"data_set_value_component_OPG_variable_beta1_OB_p_OPG":0.0,"data_set_value_component_OPG_variable_beta2_OB_a_OPG":1.0,"data_set_value_component_OPG_variable_OPG_max":200000000.0,"data_set_value_component_OPG_variable_OPG_eff":89014.9049429658,"data_set_value_component_OPG_variable_P_OPG_d":0.0,"data_set_value_component_OPG_variable_Deg_OPG":0.35,"data_set_value_component_OPG_variable_Degr_OPG":88901.8536565017,"data_set_value_component_OPG_variable_prod_OPG":88901.8536565017,"data_set_value_component_RANKL_variable_pi_RANKL_act":0.194126544,"data_set_value_component_RANKL_variable_RANKL":3.1466735058,"data_set_value_component_RANKL_variable_K_A2_RANKL":0.03412,"data_set_value_component_RANKL_variable_K_A1_RANKL":0.001,"data_set_value_component_RANKL_variable_RANK":10.0,"data_set_value_component_RANKL_variable_RANKL_eff":1555.1532713392,"data_set_value_component_RANKL_variable_RANKL_tot":255.3464961614,"data_set_value_component_RANKL_variable_K_RANKL_OB_p":2703000.0,"data_set_value_component_RANKL_variable_K_RANKL_OB_a":0.0,"data_set_value_component_RANKL_variable_OPG_RANKL":799.2717357623,"data_set_value_component_RANKL_variable_R_RANKL":2703000.0,"data_set_value_component_RANKL_variable_RANKL_RANK":1.0736450002,"data_set_value_component_RANKL_variable_pd_RANKL":-0.0,"data_set_value_component_RANKL_variable_P_RANKL_d":0.0,"data_set_value_component_RANKL_variable_R1_OB_p_RANKL":1.0,"data_set_value_component_RANKL_variable_R2_OB_a_RANKL":0.0,"data_set_value_component_RANKL_variable_beta_RANKL":16840.0,"data_set_value_component_RANKL_variable_Deg_RANKL":10.13,"data_set_value_component_RANKL_variable_KD_RANKL_activate":4.457,"data_set_value_component_model_parameters_variable_D_OB_p":0.2674},{"data_set_value_component_environment_variable_time":0.1,"data_set_value_component_OB_p_variable_OB_p":0.0006223012,"data_set_value_component_OB_p_variable_D_OB_u":0.0007,"data_set_value_component_OB_p_variable_pd_OB_p":0.0,"data_set_value_component_OB_a_variable_OB_a":0.0005575902,"data_set_value_component_OB_a_variable_A_OB_a":0.189,"data_set_value_component_OB_a_variable_pd_OB_a":0.0,"data_set_value_component_OC_a_variable_OC_a":0.0012022392,"data_set_value_component_OC_a_variable_D_OC_p":0.021,"data_set_value_component_OC_a_variable_A_OC_a":0.7,"data_set_value_component_OC_a_variable_pd_OC_a":0.0,"data_set_value_component_BV_variable_BV":119.8228817533,"data_set_value_component_BV_variable_OC_a_initial":1.0,"data_set_value_component_BV_variable_OB_a_initial":1.0,"data_set_value_component_BV_variable_k_form":1.571,"data_set_value_component_BV_variable_k_res":200.0,"data_set_value_component_TGF_beta_variable_pi_TGF_beta_act":0.2091855126,"data_set_value_component_TGF_beta_variable_pi_TGF_beta_rep":0.5408214861,"data_set_value_component_TGF_beta_variable_KD_TGF_repress":0.001416,"data_set_value_component_TGF_beta_variable_KD_TGF_activate":0.004545,"data_set_value_component_TGF_beta_variable_alpha":1.0,"data_set_value_component_PTH_variable_pi_PTH_act":0.9288721708,"data_set_value_component_PTH_variable_pi_PTH_rep":0.9809885932,"data_set_value_component_PTH_variable_beta_PTH":250.0,"data_set_value_component_PTH_variable_Deg_PTH":86.0,"data_set_value_component_PTH_variable_P_PTH_d":0.0,"data_set_value_component_PTH_variable_PTH_tot":2.9069767442,"data_set_value_component_PTH_variable_KD_PTH_repress":150.0,"data_set_value_component_PTH_variable_KD_PTH_activate":0.2226,"data_set_value_component_OPG_variable_OPG":253637.381187495,"data_set_value_component_OPG_variable_beta_OPG":162500000.0,"data_set_value_component_OPG_variable_beta1_OB_p_OPG":0.0,"data_set_value_component_OPG_variable_beta2_OB_a_OPG":1.0,"data_set_value_component_OPG_variable_OPG_max":200000000.0,"data_set_value_component_OPG_variable_OPG_eff":88885.8072324791,"data_set_value_component_OPG_variable_P_OPG_d":0.0,"data_set_value_component_OPG_variable_Deg_OPG":0.35,"data_set_value_component_OPG_variable_Degr_OPG":88773.0834156232,"data_set_value_component_OPG_variable_prod_OPG":88773.0834156232,"data_set_value_component_RANKL_variable_pi_RANKL_act":0.1947301003,"data_set_value_component_RANKL_variable_RANKL":3.1588225773,"data_set_value_component_RANKL_variable_K_A2_RANKL":0.03412,"data_set_value_component_RANKL_variable_K_A1_RANKL":0.001,"data_set_value_component_RANKL_variable_RANK":10.0,"data_set_value_component_RANKL_variable_RANKL_eff":1562.4373904572,"data_set_value_component_RANKL_variable_RANKL_tot":254.9785811875,"data_set_value_component_RANKL_variable_K_RANKL_OB_p":2703000.0,"data_set_value_component_RANKL_variable_K_RANKL_OB_a":0.0,"data_set_value_component_RANKL_variable_OPG_RANKL":801.1954861323,"data_set_value_component_RANKL_variable_R_RANKL":2703000.0,"data_set_value_component_RANKL_variable_RANKL_RANK":1.0777902634,"data_set_value_component_RANKL_variable_pd_RANKL":-0.0,"data_set_value_component_RANKL_variable_P_RANKL_d":0.0,"data_set_value_component_RANKL_variable_R1_OB_p_RANKL":1.0,"data_set_value_component_RANKL_variable_R2_OB_a_RANKL":0.0,"data_set_value_component_RANKL_variable_beta_RANKL":16840.0,"data_set_value_component_RANKL_variable_Deg_RANKL":10.13,"data_set_value_component_RANKL_variable_KD_RANKL_activate":4.457,"data_set_value_component_model_parameters_variable_D_OB_p":0.2674},{"data_set_value_component_environment_variable_time":0.2,"data_set_value_component_OB_p_variable_OB_p":0.0006302458,"data_set_value_component_OB_p_variable_D_OB_u":0.0007,"data_set_value_component_OB_p_variable_pd_OB_p":0.0,"data_set_value_component_OB_a_variable_OB_a":0.0005555313,"data_set_value_component_OB_a_variable_A_OB_a":0.189,"data_set_value_component_OB_a_variable_pd_OB_a":0.0,"data_set_value_component_OC_a_variable_OC_a":0.0015896382,"data_set_value_component_OC_a_variable_D_OC_p":0.021,"data_set_value_component_OC_a_variable_A_OC_a":0.7,"data_set_value_component_OC_a_variable_pd_OC_a":0.0,"data_set_value_component_BV_variable_BV":139.6379454582,"data_set_value_component_BV_variable_OC_a_initial":1.0,"data_set_value_component_BV_variable_OB_a_initial":1.0,"data_set_value_component_BV_variable_k_form":1.571,"data_set_value_component_BV_variable_k_res":200.0,"data_set_value_component_TGF_beta_variable_pi_TGF_beta_act":0.2591250115,"data_set_value_component_TGF_beta_variable_pi_TGF_beta_rep":0.4711145885,"data_set_value_component_TGF_beta_variable_KD_TGF_repress":0.001416,"data_set_value_component_TGF_beta_variable_KD_TGF_activate":0.004545,"data_set_value_component_TGF_beta_variable_alpha":1.0,"data_set_value_component_PTH_variable_pi_PTH_act":0.9288721708,"data_set_value_component_PTH_variable_pi_PTH_rep":0.9809885932,"data_set_value_component_PTH_variable_beta_PTH":250.0,"data_set_value_component_PTH_variable_Deg_PTH":86.0,"data_set_value_component_PTH_variable_P_PTH_d":0.0,"data_set_value_component_PTH_variable_PTH_tot":2.9069767442,"data_set_value_component_PTH_variable_KD_PTH_repress":150.0,"data_set_value_component_PTH_variable_KD_PTH_activate":0.2226,"data_set_value_component_OPG_variable_OPG":252702.02479609,"data_set_value_component_OPG_variable_beta_OPG":162500000.0,"data_set_value_component_OPG_variable_beta1_OB_p_OPG":0.0,"data_set_value_component_OPG_variable_beta2_OB_a_OPG":1.0,"data_set_value_component_OPG_variable_OPG_max":200000000.0,"data_set_value_component_OPG_variable_OPG_eff":88557.6021054471,"data_set_value_component_OPG_variable_P_OPG_d":0.0,"data_set_value_component_OPG_variable_Deg_OPG":0.35,"data_set_value_component_OPG_variable_Degr_OPG":88445.7086786315,"data_set_value_component_OPG_variable_prod_OPG":88445.7086786315,"data_set_value_component_RANKL_variable_pi_RANKL_act":0.1963336795,"data_set_value_component_RANKL_variable_RANKL":3.1911899011,"data_set_value_component_RANKL_variable_K_A2_RANKL":0.03412,"data_set_value_component_RANKL_variable_K_A1_RANKL":0.001,"data_set_value_component_RANKL_variable_RANK":10.0,"data_set_value_component_RANKL_variable_RANKL_eff":1582.3843778331,"data_set_value_component_RANKL_variable_RANKL_tot":254.0432247961,"data_set_value_component_RANKL_variable_K_RANKL_OB_p":2703000.0,"data_set_value_component_RANKL_variable_K_RANKL_OB_a":0.0,"data_set_value_component_RANKL_variable_OPG_RANKL":806.4201495069,"data_set_value_component_RANKL_variable_R_RANKL":2703000.0,"data_set_value_component_RANKL_variable_RANKL_RANK":1.0888339942,"data_set_value_component_RANKL_variable_pd_RANKL":0.0,"data_set_value_component_RANKL_variable_P_RANKL_d":0.0,"data_set_value_component_RANKL_variable_R1_OB_p_RANKL":1.0,"data_set_value_component_RANKL_variable_R2_OB_a_RANKL":0.0,"data_set_value_component_RANKL_variable_beta_RANKL":16840.0,"data_set_value_component_RANKL_variable_Deg_RANKL":10.13,"data_set_value_component_RANKL_variable_KD_RANKL_activate":4.457,"data_set_value_component_model_parameters_variable_D_OB_p":0.2674},{"data_set_value_component_environment_variable_time":0.3,"data_set_value_component_OB_p_variable_OB_p":0.0006423318,"data_set_value_component_OB_p_variable_D_OB_u":0.0007,"data_set_value_component_OB_p_variable_pd_OB_p":0.0,"data_set_value_component_OB_a_variable_OB_a":0.0005526222,"data_set_value_component_OB_a_variable_A_OB_a":0.189,"data_set_value_component_OB_a_variable_pd_OB_a":0.0,"data_set_value_component_OC_a_variable_OC_a":0.0019691686,"data_set_value_component_OC_a_variable_D_OC_p":0.021,"data_set_value_component_OC_a_variable_A_OC_a":0.7,"data_set_value_component_OC_a_variable_pd_OC_a":0.0,"data_set_value_component_BV_variable_BV":159.4453443554,"data_set_value_component_BV_variable_OC_a_initial":1.0,"data_set_value_component_BV_variable_OB_a_initial":1.0,"data_set_value_component_BV_variable_k_form":1.571,"data_set_value_component_BV_variable_k_res":200.0,"data_set_value_component_TGF_beta_variable_pi_TGF_beta_act":0.3022900933,"data_set_value_component_TGF_beta_variable_pi_TGF_beta_rep":0.41829526,"data_set_value_component_TGF_beta_variable_KD_TGF_repress":0.001416,"data_set_value_component_TGF_beta_variable_KD_TGF_activate":0.004545,"data_set_value_component_TGF_beta_variable_alpha":1.0,"data_set_value_component_PTH_variable_pi_PTH_act":0.9288721708,"data_set_value_component_PTH_variable_pi_PTH_rep":0.9809885932,"data_set_value_component_PTH_variable_beta_PTH":250.0,"data_set_value_component_PTH_variable_Deg_PTH":86.0,"data_set_value_component_PTH_variable_P_PTH_d":0.0,"data_set_value_component_PTH_variable_PTH_tot":2.9069767442,"data_set_value_component_PTH_variable_KD_PTH_repress":150.0,"data_set_value_component_PTH_variable_KD_PTH_activate":0.2226,"data_set_value_component_OPG_variable_OPG":251380.4111717951,"data_set_value_component_OPG_variable_beta_OPG":162500000.0,"data_set_value_component_OPG_variable_beta1_OB_p_OPG":0.0,"data_set_value_component_OPG_variable_beta2_OB_a_OPG":1.0,"data_set_value_component_OPG_variable_OPG_max":200000000.0,"data_set_value_component_OPG_variable_OPG_eff":88093.8692755293,"data_set_value_component_OPG_variable_P_OPG_d":0.0,"data_set_value_component_OPG_variable_Deg_OPG":0.35,"data_set_value_component_OPG_variable_Degr_OPG":87983.1439101283,"data_set_value_component_OPG_variable_prod_OPG":87983.1439101283,"data_set_value_component_RANKL_variable_pi_RANKL_act":0.1986957462,"data_set_value_component_RANKL_variable_RANKL":3.2391028105,"data_set_value_component_RANKL_variable_K_A2_RANKL":0.03412,"data_set_value_component_RANKL_variable_K_A1_RANKL":0.001,"data_set_value_component_RANKL_variable_RANK":10.0,"data_set_value_component_RANKL_variable_RANKL_eff":1612.7291591037,"data_set_value_component_RANKL_variable_RANKL_tot":252.7216111718,"data_set_value_component_RANKL_variable_K_RANKL_OB_p":2703000.0,"data_set_value_component_RANKL_variable_K_RANKL_OB_a":0.0,"data_set_value_component_RANKL_variable_OPG_RANKL":814.2469963414,"data_set_value_component_RANKL_variable_R_RANKL":2703000.0,"data_set_value_component_RANKL_variable_RANKL_RANK":1.105181879,"data_set_value_component_RANKL_variable_pd_RANKL":-0.0,"data_set_value_component_RANKL_variable_P_RANKL_d":0.0,"data_set_value_component_RANKL_variable_R1_OB_p_RANKL":1.0,"data_set_value_component_RANKL_variable_R2_OB_a_RANKL":0.0,"data_set_value_component_RANKL_variable_beta_RANKL":16840.0,"data_set_value_component_RANKL_variable_Deg_RANKL":10.13,"data_set_value_component_RANKL_variable_KD_RANKL_activate":4.457,"data_set_value_component_model_parameters_variable_D_OB_p":0.2674},{"data_set_value_component_environment_variable_time":0.4,"data_set_value_component_OB_p_variable_OB_p":0.0006579245,"data_set_value_component_OB_p_variable_D_OB_u":0.0007,"data_set_value_component_OB_p_variable_pd_OB_p":0.0,"data_set_value_component_OB_a_variable_OB_a":0.0005491094,"data_set_value_component_OB_a_variable_A_OB_a":0.189,"data_set_value_component_OB_a_variable_pd_OB_a":0.0,"data_set_value_component_OC_a_variable_OC_a":0.0023408429,"data_set_value_component_OC_a_variable_D_OC_p":0.021,"data_set_value_component_OC_a_variable_A_OC_a":0.7,"data_set_value_component_OC_a_variable_pd_OC_a":0.0,"data_set_value_component_BV_variable_BV":179.2452263484,"data_set_value_component_BV_variable_OC_a_initial":1.0,"data_set_value_component_BV_variable_OB_a_initial":1.0,"data_set_value_component_BV_variable_k_form":1.571,"data_set_value_component_BV_variable_k_res":200.0,"data_set_value_component_TGF_beta_variable_pi_TGF_beta_act":0.33995009,"data_set_value_component_TGF_beta_variable_pi_TGF_beta_rep":0.3769122185,"data_set_value_component_TGF_beta_variable_KD_TGF_repress":0.001416,"data_set_value_component_TGF_beta_variable_KD_TGF_activate":0.004545,"data_set_value_component_TGF_beta_variable_alpha":1.0,"data_set_value_component_PTH_variable_pi_PTH_act":0.9288721708,"data_set_value_component_PTH_variable_pi_PTH_rep":0.9809885932,"data_set_value_component_PTH_variable_beta_PTH":250.0,"data_set_value_component_PTH_variable_Deg_PTH":86.0,"data_set_value_component_PTH_variable_P_PTH_d":0.0,"data_set_value_component_PTH_variable_PTH_tot":2.9069767442,"data_set_value_component_PTH_variable_KD_PTH_repress":150.0,"data_set_value_component_PTH_variable_KD_PTH_activate":0.2226,"data_set_value_component_OPG_variable_OPG":249784.4388098668,"data_set_value_component_OPG_variable_beta_OPG":162500000.0,"data_set_value_component_OPG_variable_beta1_OB_p_OPG":0.0,"data_set_value_component_OPG_variable_beta2_OB_a_OPG":1.0,"data_set_value_component_OPG_variable_OPG_max":200000000.0,"data_set_value_component_OPG_variable_OPG_eff":87533.8765846511,"data_set_value_component_OPG_variable_P_OPG_d":0.0,"data_set_value_component_OPG_variable_Deg_OPG":0.35,"data_set_value_component_OPG_variable_Degr_OPG":87424.5535834534,"data_set_value_component_OPG_variable_prod_OPG":87424.5535834534,"data_set_value_component_RANKL_variable_pi_RANKL_act":0.2016476337,"data_set_value_component_RANKL_variable_RANKL":3.2993783832,"data_set_value_component_RANKL_variable_K_A2_RANKL":0.03412,"data_set_value_component_RANKL_variable_K_A1_RANKL":0.001,"data_set_value_component_RANKL_variable_RANK":10.0,"data_set_value_component_RANKL_variable_RANKL_eff":1651.8784049877,"data_set_value_component_RANKL_variable_RANKL_tot":251.1256388099,"data_set_value_component_RANKL_variable_K_RANKL_OB_p":2703000.0,"data_set_value_component_RANKL_variable_K_RANKL_OB_a":0.0,"data_set_value_component_RANKL_variable_OPG_RANKL":824.1333778722,"data_set_value_component_RANKL_variable_R_RANKL":2703000.0,"data_set_value_component_RANKL_variable_RANKL_RANK":1.1257479044,"data_set_value_component_RANKL_variable_pd_RANKL":0.0,"data_set_value_component_RANKL_variable_P_RANKL_d":0.0,"data_set_value_component_RANKL_variable_R1_OB_p_RANKL":1.0,"data_set_value_component_RANKL_variable_R2_OB_a_RANKL":0.0,"data_set_value_component_RANKL_variable_beta_RANKL":16840.0,"data_set_value_component_RANKL_variable_Deg_RANKL":10.13,"data_set_value_component_RANKL_variable_KD_RANKL_activate":4.457,"data_set_value_component_model_parameters_variable_D_OB_p":0.2674},{"data_set_value_component_environment_variable_time":0.5,"data_set_value_component_OB_p_variable_OB_p":0.000676501,"data_set_value_component_OB_p_variable_D_OB_u":0.0007,"data_set_value_component_OB_p_variable_pd_OB_p":0.0,"data_set_value_component_OB_a_variable_OB_a":0.0005451753,"data_set_value_component_OB_a_variable_A_OB_a":0.189,"data_set_value_component_OB_a_variable_pd_OB_a":0.0,"data_set_value_component_OC_a_variable_OC_a":0.0027047048,"data_set_value_component_OC_a_variable_D_OC_p":0.021,"data_set_value_component_OC_a_variable_A_OC_a":0.7,"data_set_value_component_OC_a_variable_pd_OC_a":0.0,"data_set_value_component_BV_variable_BV":199.0377458167,"data_set_value_component_BV_variable_OC_a_initial":1.0,"data_set_value_component_BV_variable_OB_a_initial":1.0,"data_set_value_component_BV_variable_k_form":1.571,"data_set_value_component_BV_variable_k_res":200.0,"data_set_value_component_TGF_beta_variable_pi_TGF_beta_act":0.373077926,"data_set_value_component_TGF_beta_variable_pi_TGF_beta_rep":0.3436305321,"data_set_value_component_TGF_beta_variable_KD_TGF_repress":0.001416,"data_set_value_component_TGF_beta_variable_KD_TGF_activate":0.004545,"data_set_value_component_TGF_beta_variable_alpha":1.0,"data_set_value_component_PTH_variable_pi_PTH_act":0.9288721708,"data_set_value_component_PTH_variable_pi_PTH_rep":0.9809885932,"data_set_value_component_PTH_variable_beta_PTH":250.0,"data_set_value_component_PTH_variable_Deg_PTH":86.0,"data_set_value_component_PTH_variable_P_PTH_d":0.0,"data_set_value_component_PTH_variable_PTH_tot":2.9069767442,"data_set_value_component_PTH_variable_KD_PTH_repress":150.0,"data_set_value_component_PTH_variable_KD_PTH_activate":0.2226,"data_set_value_component_OPG_variable_OPG":247997.0870729893,"data_set_value_component_OPG_variable_beta_OPG":162500000.0,"data_set_value_component_OPG_variable_beta1_OB_p_OPG":0.0,"data_set_value_component_OPG_variable_beta2_OB_a_OPG":1.0,"data_set_value_component_OPG_variable_OPG_max":200000000.0,"data_set_value_component_OPG_variable_OPG_eff":86906.7435718103,"data_set_value_component_OPG_variable_P_OPG_d":0.0,"data_set_value_component_OPG_variable_Deg_OPG":0.35,"data_set_value_component_OPG_variable_Degr_OPG":86798.9804755462,"data_set_value_component_OPG_variable_prod_OPG":86798.9804755462,"data_set_value_component_RANKL_variable_pi_RANKL_act":0.2050514645,"data_set_value_component_RANKL_variable_RANKL":3.3694380308,"data_set_value_component_RANKL_variable_K_A2_RANKL":0.03412,"data_set_value_component_RANKL_variable_K_A1_RANKL":0.001,"data_set_value_component_RANKL_variable_RANK":10.0,"data_set_value_component_RANKL_variable_RANKL_eff":1698.5190873781,"data_set_value_component_RANKL_variable_RANKL_tot":249.338287073,"data_set_value_component_RANKL_variable_K_RANKL_OB_p":2703000.0,"data_set_value_component_RANKL_variable_K_RANKL_OB_a":0.0,"data_set_value_component_RANKL_variable_OPG_RANKL":835.610816702,"data_set_value_component_RANKL_variable_R_RANKL":2703000.0,"data_set_value_component_RANKL_variable_RANKL_RANK":1.1496522561,"data_set_value_component_RANKL_variable_pd_RANKL":0.0,"data_set_value_component_RANKL_variable_P_RANKL_d":0.0,"data_set_value_component_RANKL_variable_R1_OB_p_RANKL":1.0,"data_set_value_component_RANKL_variable_R2_OB_a_RANKL":0.0,"data_set_value_component_RANKL_variable_beta_RANKL":16840.0,"data_set_value_component_RANKL_variable_Deg_RANKL":10.13,"data_set_value_component_RANKL_variable_KD_RANKL_activate":4.457,"data_set_value_component_model_parameters_variable_D_OB_p":0.2674},{"data_set_value_component_environment_variable_time":0.6,"data_set_value_component_OB_p_variable_OB_p":0.0006976274,"data_set_value_component_OB_p_variable_D_OB_u":0.0007,"data_set_value_component_OB_p_variable_pd_OB_p":0.0,"data_set_value_component_OB_a_variable_OB_a":0.0005409555,"data_set_value_component_OB_a_variable_A_OB_a":0.189,"data_set_value_component_OB_a_variable_pd_OB_a":0.0,"data_set_value_component_OC_a_variable_OC_a":0.0030608097,"data_set_value_component_OC_a_variable_D_OC_p":0.021,"data_set_value_component_OC_a_variable_A_OC_a":0.7,"data_set_value_component_OC_a_variable_pd_OC_a":0.0,"data_set_value_component_BV_variable_BV":218.8230628268,"data_set_value_component_BV_variable_OC_a_initial":1.0,"data_set_value_component_BV_variable_OB_a_initial":1.0,"data_set_value_component_BV_variable_k_form":1.571,"data_set_value_component_BV_variable_k_res":200.0,"data_set_value_component_TGF_beta_variable_pi_TGF_beta_act":0.4024304842,"data_set_value_component_TGF_beta_variable_pi_TGF_beta_rep":0.3162966723,"data_set_value_component_TGF_beta_variable_KD_TGF_repress":0.001416,"data_set_value_component_TGF_beta_variable_KD_TGF_activate":0.004545,"data_set_value_component_TGF_beta_variable_alpha":1.0,"data_set_value_component_PTH_variable_pi_PTH_act":0.9288721708,"data_set_value_component_PTH_variable_pi_PTH_rep":0.9809885932,"data_set_value_component_PTH_variable_beta_PTH":250.0,"data_set_value_component_PTH_variable_Deg_PTH":86.0,"data_set_value_component_PTH_variable_P_PTH_d":0.0,"data_set_value_component_PTH_variable_PTH_tot":2.9069767442,"data_set_value_component_PTH_variable_KD_PTH_repress":150.0,"data_set_value_component_PTH_variable_KD_PTH_activate":0.2226,"data_set_value_component_OPG_variable_OPG":246079.917887058,"data_set_value_component_OPG_variable_beta_OPG":162500000.0,"data_set_value_component_OPG_variable_beta1_OB_p_OPG":0.0,"data_set_value_component_OPG_variable_beta2_OB_a_OPG":1.0,"data_set_value_component_OPG_variable_OPG_max":200000000.0,"data_set_value_component_OPG_variable_OPG_eff":86234.073629259,"data_set_value_component_OPG_variable_P_OPG_d":0.0,"data_set_value_component_OPG_variable_Deg_OPG":0.35,"data_set_value_component_OPG_variable_Degr_OPG":86127.9712604703,"data_set_value_component_OPG_variable_prod_OPG":86127.9712604703,"data_set_value_component_RANKL_variable_pi_RANKL_act":0.2087947864,"data_set_value_component_RANKL_variable_RANKL":3.4471812703,"data_set_value_component_RANKL_variable_K_A2_RANKL":0.03412,"data_set_value_component_RANKL_variable_K_A1_RANKL":0.001,"data_set_value_component_RANKL_variable_RANK":10.0,"data_set_value_component_RANKL_variable_RANKL_eff":1751.5620501365,"data_set_value_component_RANKL_variable_RANKL_tot":247.4211178871,"data_set_value_component_RANKL_variable_K_RANKL_OB_p":2703000.0,"data_set_value_component_RANKL_variable_K_RANKL_OB_a":0.0,"data_set_value_component_RANKL_variable_OPG_RANKL":848.2820839493,"data_set_value_component_RANKL_variable_R_RANKL":2703000.0,"data_set_value_component_RANKL_variable_RANKL_RANK":1.1761782494,"data_set_value_component_RANKL_variable_pd_RANKL":0.0,"data_set_value_component_RANKL_variable_P_RANKL_d":0.0,"data_set_value_component_RANKL_variable_R1_OB_p_RANKL":1.0,"data_set_value_component_RANKL_variable_R2_OB_a_RANKL":0.0,"data_set_value_component_RANKL_variable_beta_RANKL":16840.0,"data_set_value_component_RANKL_variable_Deg_RANKL":10.13,"data_set_value_component_RANKL_variable_KD_RANKL_activate":4.457,"data_set_value_component_model_parameters_variable_D_OB_p":0.2674},{"data_set_value_component_environment_variable_time":0.7,"data_set_value_component_OB_p_variable_OB_p":0.0007209674,"data_set_value_component_OB_p_variable_D_OB_u":0.0007,"data_set_value_component_OB_p_variable_pd_OB_p":0.0,"data_set_value_component_OB_a_variable_OB_a":0.0005365426,"data_set_value_component_OB_a_variable_A_OB_a":0.189,"data_set_value_component_OB_a_variable_pd_OB_a":0.0,"data_set_value_component_OC_a_variable_OC_a":0.0034092166,"data_set_value_component_OC_a_variable_D_OC_p":0.021,"data_set_value_component_OC_a_variable_A_OC_a":0.7,"data_set_value_component_OC_a_variable_pd_OC_a":0.0,"data_set_value_component_BV_variable_BV":238.6013339672,"data_set_value_component_BV_variable_OC_a_initial":1.0,"data_set_value_component_BV_variable_OB_a_initial":1.0,"data_set_value_component_BV_variable_k_form":1.571,"data_set_value_component_BV_variable_k_res":200.0,"data_set_value_component_TGF_beta_variable_pi_TGF_beta_act":0.428604948,"data_set_value_component_TGF_beta_variable_pi_TGF_beta_rep":0.2934583297,"data_set_value_component_TGF_beta_variable_KD_TGF_repress":0.001416,"data_set_value_component_TGF_beta_variable_KD_TGF_activate":0.004545,"data_set_value_component_TGF_beta_variable_alpha":1.0,"data_set_value_component_PTH_variable_pi_PTH_act":0.9288721708,"data_set_value_component_PTH_variable_pi_PTH_rep":0.9809885932,"data_set_value_component_PTH_variable_beta_PTH":250.0,"data_set_value_component_PTH_variable_Deg_PTH":86.0,"data_set_value_component_PTH_variable_P_PTH_d":0.0,"data_set_value_component_PTH_variable_PTH_tot":2.9069767442,"data_set_value_component_PTH_variable_KD_PTH_repress":150.0,"data_set_value_component_PTH_variable_KD_PTH_activate":0.2226,"data_set_value_component_OPG_variable_OPG":244074.9127524864,"data_set_value_component_OPG_variable_beta_OPG":162500000.0,"data_set_value_component_OPG_variable_beta1_OB_p_OPG":0.0,"data_set_value_component_OPG_variable_beta2_OB_a_OPG":1.0,"data_set_value_component_OPG_variable_OPG_max":200000000.0,"data_set_value_component_OPG_variable_OPG_eff":85530.5988306065,"data_set_value_component_OPG_variable_P_OPG_d":0.0,"data_set_value_component_OPG_variable_Deg_OPG":0.35,"data_set_value_component_OPG_variable_Degr_OPG":85426.2194633702,"data_set_value_component_OPG_variable_prod_OPG":85426.2194633702,"data_set_value_component_RANKL_variable_pi_RANKL_act":0.2127916428,"data_set_value_component_RANKL_variable_RANKL":3.5310062243,"data_set_value_component_RANKL_variable_K_A2_RANKL":0.03412,"data_set_value_component_RANKL_variable_K_A1_RANKL":0.001,"data_set_value_component_RANKL_variable_RANK":10.0,"data_set_value_component_RANKL_variable_RANKL_eff":1810.1628377406,"data_set_value_component_RANKL_variable_RANKL_tot":245.4161127525,"data_set_value_component_RANKL_variable_K_RANKL_OB_p":2703000.0,"data_set_value_component_RANKL_variable_K_RANKL_OB_a":0.0,"data_set_value_component_RANKL_variable_OPG_RANKL":861.830036125,"data_set_value_component_RANKL_variable_R_RANKL":2703000.0,"data_set_value_component_RANKL_variable_RANKL_RANK":1.2047793237,"data_set_value_component_RANKL_variable_pd_RANKL":0.0,"data_set_value_component_RANKL_variable_P_RANKL_d":0.0,"data_set_value_component_RANKL_variable_R1_OB_p_RANKL":1.0,"data_set_value_component_RANKL_variable_R2_OB_a_RANKL":0.0,"data_set_value_component_RANKL_variable_beta_RANKL":16840.0,"data_set_value_component_RANKL_variable_Deg_RANKL":10.13,"data_set_value_component_RANKL_variable_KD_RANKL_activate":4.457,"data_set_value_component_model_parameters_variable_D_OB_p":0.2674},{"data_set_value_component_environment_variable_time":0.8,"data_set_value_component_OB_p_variable_OB_p":0.000746262,"data_set_value_component_OB_p_variable_D_OB_u":0.0007,"data_set_value_component_OB_p_variable_pd_OB_p":0.0,"data_set_value_component_OB_a_variable_OB_a":0.000531999,"data_set_value_component_OB_a_variable_A_OB_a":0.189,"data_set_value_component_OB_a_variable_pd_OB_a":0.0,"data_set_value_component_OC_a_variable_OC_a":0.0037499918,"data_set_value_component_OC_a_variable_D_OC_p":0.021,"data_set_value_component_OC_a_variable_A_OC_a":0.7,"data_set_value_component_OC_a_variable_pd_OC_a":0.0,"data_set_value_component_BV_variable_BV":258.3727125128,"data_set_value_component_BV_variable_OC_a_initial":1.0,"data_set_value_component_BV_variable_OB_a_initial":1.0,"data_set_value_component_BV_variable_k_form":1.571,"data_set_value_component_BV_variable_k_res":200.0,"data_set_value_component_TGF_beta_variable_pi_TGF_beta_act":0.4520790275,"data_set_value_component_TGF_beta_variable_pi_TGF_beta_rep":0.2741003164,"data_set_value_component_TGF_beta_variable_KD_TGF_repress":0.001416,"data_set_value_component_TGF_beta_variable_KD_TGF_activate":0.004545,"data_set_value_component_TGF_beta_variable_alpha":1.0,"data_set_value_component_PTH_variable_pi_PTH_act":0.9288721708,"data_set_value_component_PTH_variable_pi_PTH_rep":0.9809885932,"data_set_value_component_PTH_variable_beta_PTH":250.0,"data_set_value_component_PTH_variable_Deg_PTH":86.0,"data_set_value_component_PTH_variable_P_PTH_d":0.0,"data_set_value_component_PTH_variable_PTH_tot":2.9069767442,"data_set_value_component_PTH_variable_KD_PTH_repress":150.0,"data_set_value_component_PTH_variable_KD_PTH_activate":0.2226,"data_set_value_component_OPG_variable_OPG":242010.5335880299,"data_set_value_component_OPG_variable_beta_OPG":162500000.0,"data_set_value_component_OPG_variable_beta1_OB_p_OPG":0.0,"data_set_value_component_OPG_variable_beta2_OB_a_OPG":1.0,"data_set_value_component_OPG_variable_OPG_max":200000000.0,"data_set_value_component_OPG_variable_OPG_eff":84806.3068536769,"data_set_value_component_OPG_variable_P_OPG_d":0.0,"data_set_value_component_OPG_variable_Deg_OPG":0.35,"data_set_value_component_OPG_variable_Degr_OPG":84703.6867558104,"data_set_value_component_OPG_variable_prod_OPG":84703.6867558104,"data_set_value_component_RANKL_variable_pi_RANKL_act":0.2169766497,"data_set_value_component_RANKL_variable_RANKL":3.619694329,"data_set_value_component_RANKL_variable_K_A2_RANKL":0.03412,"data_set_value_component_RANKL_variable_K_A1_RANKL":0.001,"data_set_value_component_RANKL_variable_RANK":10.0,"data_set_value_component_RANKL_variable_RANKL_eff":1873.6708496833,"data_set_value_component_RANKL_variable_RANKL_tot":243.351733588,"data_set_value_component_RANKL_variable_K_RANKL_OB_p":2703000.0,"data_set_value_component_RANKL_variable_K_RANKL_OB_a":0.0,"data_set_value_component_RANKL_variable_OPG_RANKL":876.0041559955,"data_set_value_component_RANKL_variable_R_RANKL":2703000.0,"data_set_value_component_RANKL_variable_RANKL_RANK":1.2350397051,"data_set_value_component_RANKL_variable_pd_RANKL":-0.0,"data_set_value_component_RANKL_variable_P_RANKL_d":0.0,"data_set_value_component_RANKL_variable_R1_OB_p_RANKL":1.0,"data_set_value_component_RANKL_variable_R2_OB_a_RANKL":0.0,"data_set_value_component_RANKL_variable_beta_RANKL":16840.0,"data_set_value_component_RANKL_variable_Deg_RANKL":10.13,"data_set_value_component_RANKL_variable_KD_RANKL_activate":4.457,"data_set_value_component_model_parameters_variable_D_OB_p":0.2674},{"data_set_value_component_environment_variable_time":0.9,"data_set_value_component_OB_p_variable_OB_p":0.0007732794,"data_set_value_component_OB_p_variable_D_OB_u":0.0007,"data_set_value_component_OB_p_variable_pd_OB_p":0.0,"data_set_value_component_OB_a_variable_OB_a":0.000527378,"data_set_value_component_OB_a_variable_A_OB_a":0.189,"data_set_value_component_OB_a_variable_pd_OB_a":0.0,"data_set_value_component_OC_a_variable_OC_a":0.0040832049,"data_set_value_component_OC_a_variable_D_OC_p":0.021,"data_set_value_component_OC_a_variable_A_OC_a":0.7,"data_set_value_component_OC_a_variable_pd_OC_a":0.0,"data_set_value_component_BV_variable_BV":278.1373506754,"data_set_value_component_BV_variable_OC_a_initial":1.0,"data_set_value_component_BV_variable_OB_a_initial":1.0,"data_set_value_component_BV_variable_k_form":1.571,"data_set_value_component_BV_variable_k_res":200.0,"data_set_value_component_TGF_beta_variable_pi_TGF_beta_act":0.4732392156,"data_set_value_component_TGF_beta_variable_pi_TGF_beta_rep":0.2574917677,"data_set_value_component_TGF_beta_variable_KD_TGF_repress":0.001416,"data_set_value_component_TGF_beta_variable_KD_TGF_activate":0.004545,"data_set_value_component_TGF_beta_variable_alpha":1.0,"data_set_value_component_PTH_variable_pi_PTH_act":0.9288721708,"data_set_value_component_PTH_variable_pi_PTH_rep":0.9809885932,"data_set_value_component_PTH_variable_beta_PTH":250.0,"data_set_value_component_PTH_variable_Deg_PTH":86.0,"data_set_value_component_PTH_variable_P_PTH_d":0.0,"data_set_value_component_PTH_variable_PTH_tot":2.9069767442,"data_set_value_component_PTH_variable_KD_PTH_repress":150.0,"data_set_value_component_PTH_variable_KD_PTH_activate":0.2226,"data_set_value_component_OPG_variable_OPG":239910.9283996668,"data_set_value_component_OPG_variable_beta_OPG":162500000.0,"data_set_value_component_OPG_variable_beta1_OB_p_OPG":0.0,"data_set_value_component_OPG_variable_beta2_OB_a_OPG":1.0,"data_set_value_component_OPG_variable_OPG_max":200000000.0,"data_set_value_component_OPG_variable_OPG_eff":84069.6711041076,"data_set_value_component_OPG_variable_P_OPG_d":0.0,"data_set_value_component_OPG_variable_Deg_OPG":0.35,"data_set_value_component_OPG_variable_Degr_OPG":83968.8249398834,"data_set_value_component_OPG_variable_prod_OPG":83968.8249398834,"data_set_value_component_RANKL_variable_pi_RANKL_act":0.2212932981,"data_set_value_component_RANKL_variable_RANKL":3.7121708884,"data_set_value_component_RANKL_variable_K_A2_RANKL":0.03412,"data_set_value_component_RANKL_variable_K_A1_RANKL":0.001,"data_set_value_component_RANKL_variable_RANK":10.0,"data_set_value_component_RANKL_variable_RANKL_eff":1941.504621482,"data_set_value_component_RANKL_variable_RANKL_tot":241.2521283997,"data_set_value_component_RANKL_variable_K_RANKL_OB_p":2703000.0,"data_set_value_component_RANKL_variable_K_RANKL_OB_a":0.0,"data_set_value_component_RANKL_variable_OPG_RANKL":890.5903642247,"data_set_value_component_RANKL_variable_R_RANKL":2703000.0,"data_set_value_component_RANKL_variable_RANKL_RANK":1.2665927071,"data_set_value_component_RANKL_variable_pd_RANKL":-0.0,"data_set_value_component_RANKL_variable_P_RANKL_d":0.0,"data_set_value_component_RANKL_variable_R1_OB_p_RANKL":1.0,"data_set_value_component_RANKL_variable_R2_OB_a_RANKL":0.0,"data_set_value_component_RANKL_variable_beta_RANKL":16840.0,"data_set_value_component_RANKL_variable_Deg_RANKL":10.13,"data_set_value_component_RANKL_variable_KD_RANKL_activate":4.457,"data_set_value_component_model_parameters_variable_D_OB_p":0.2674},{"data_set_value_component_environment_variable_time":1.0,"data_set_value_component_OB_p_variable_OB_p":0.0008018323,"data_set_value_component_OB_p_variable_D_OB_u":0.0007,"data_set_value_component_OB_p_variable_pd_OB_p":0.0,"data_set_value_component_OB_a_variable_OB_a":0.0005227178,"data_set_value_component_OB_a_variable_A_OB_a":0.189,"data_set_value_component_OB_a_variable_pd_OB_a":0.0,"data_set_value_component_OC_a_variable_OC_a":0.0044089272,"data_set_value_component_OC_a_variable_D_OC_p":0.021,"data_set_value_component_OC_a_variable_A_OC_a":0.7,"data_set_value_component_OC_a_variable_pd_OC_a":0.0,"data_set_value_component_BV_variable_BV":297.8953989142,"data_set_value_component_BV_variable_OC_a_initial":1.0,"data_set_value_component_BV_variable_OB_a_initial":1.0,"data_set_value_component_BV_variable_k_form":1.571,"data_set_value_component_BV_variable_k_res":200.0,"data_set_value_component_TGF_beta_variable_pi_TGF_beta_act":0.4924015035,"data_set_value_component_TGF_beta_variable_pi_TGF_beta_rep":0.2430931656,"data_set_value_component_TGF_beta_variable_KD_TGF_repress":0.001416,"data_set_value_component_TGF_beta_variable_KD_TGF_activate":0.004545,"data_set_value_component_TGF_beta_variable_alpha":1.0,"data_set_value_component_PTH_variable_pi_PTH_act":0.9288721708,"data_set_value_component_PTH_variable_pi_PTH_rep":0.9809885932,"data_set_value_component_PTH_variable_beta_PTH":250.0,"data_set_value_component_PTH_variable_Deg_PTH":86.0,"data_set_value_component_PTH_variable_P_PTH_d":0.0,"data_set_value_component_PTH_variable_PTH_tot":2.9069767442,"data_set_value_component_PTH_variable_KD_PTH_repress":150.0,"data_set_value_component_PTH_variable_KD_PTH_activate":0.2226,"data_set_value_component_OPG_variable_OPG":237793.4342718536,"data_set_value_component_OPG_variable_beta_OPG":162500000.0,"data_set_value_component_OPG_variable_beta1_OB_p_OPG":0.0,"data_set_value_component_OPG_variable_beta2_OB_a_OPG":1.0,"data_set_value_component_OPG_variable_OPG_max":200000000.0,"data_set_value_component_OPG_variable_OPG_eff":83326.7747948751,"data_set_value_component_OPG_variable_P_OPG_d":0.0,"data_set_value_component_OPG_variable_Deg_OPG":0.35,"data_set_value_component_OPG_variable_Degr_OPG":83227.7019951487,"data_set_value_component_OPG_variable_prod_OPG":83227.7019951487,"data_set_value_component_RANKL_variable_pi_RANKL_act":0.2256974304,"data_set_value_component_RANKL_variable_RANKL":3.8075842849,"data_set_value_component_RANKL_variable_K_A2_RANKL":0.03412,"data_set_value_component_RANKL_variable_K_A1_RANKL":0.001,"data_set_value_component_RANKL_variable_RANK":10.0,"data_set_value_component_RANKL_variable_RANKL_eff":2013.1936342793,"data_set_value_component_RANKL_variable_RANKL_tot":239.1346342719,"data_set_value_component_RANKL_variable_K_RANKL_OB_p":2703000.0,"data_set_value_component_RANKL_variable_K_RANKL_OB_a":0.0,"data_set_value_component_RANKL_variable_OPG_RANKL":905.4185433891,"data_set_value_component_RANKL_variable_R_RANKL":2703000.0,"data_set_value_component_RANKL_variable_RANKL_RANK":1.299147758,"data_set_value_component_RANKL_variable_pd_RANKL":0.0,"data_set_value_component_RANKL_variable_P_RANKL_d":0.0,"data_set_value_component_RANKL_variable_R1_OB_p_RANKL":1.0,"data_set_value_component_RANKL_variable_R2_OB_a_RANKL":0.0,"data_set_value_component_RANKL_variable_beta_RANKL":16840.0,"data_set_value_component_RANKL_variable_Deg_RANKL":10.13,"data_set_value_component_RANKL_variable_KD_RANKL_activate":4.457,"data_set_value_component_model_parameters_variable_D_OB_p":0.2674}]