<?xml version="1.0"?>
<rdf:RDF xmlns:rdf="http://www.w3.org/1999/02/22-rdf-syntax-ns#"><rdf:Description rdf:nodeID="n1"><variable xmlns="http://www.cellml.org/metadata/graphs/1.0#"><rdf:Description rdf:about="wu_yang_vinnakota_beard_2007.cellml#Environment_time"/></variable></rdf:Description><rdf:Description rdf:nodeID="n2"><variable xmlns="http://www.cellml.org/metadata/graphs/1.0#"><rdf:Description rdf:about="wu_yang_vinnakota_beard_2007.cellml#Environment_time"/></variable></rdf:Description><rdf:Description rdf:nodeID="n3"><variable xmlns="http://www.cellml.org/metadata/graphs/1.0#"><rdf:Description rdf:about="wu_yang_vinnakota_beard_2007.cellml#Environment_time"/></variable></rdf:Description><rdf:Description rdf:nodeID="n4"><variable xmlns="http://www.cellml.org/metadata/graphs/1.0#"><rdf:Description rdf:about="wu_yang_vinnakota_beard_2007.cellml#Environment_time"/></variable></rdf:Description><rdf:Description rdf:nodeID="n5"><rdf:first><rdf:Description rdf:nodeID="n6"/></rdf:first></rdf:Description><rdf:Description rdf:nodeID="n7"><variable xmlns="http://www.cellml.org/metadata/graphs/1.0#"><rdf:Description rdf:about="wu_yang_vinnakota_beard_2007.cellml#Environment_time"/></variable></rdf:Description><rdf:Description rdf:nodeID="n8"><variable xmlns="http://www.cellml.org/metadata/graphs/1.0#"><rdf:Description rdf:about="wu_yang_vinnakota_beard_2007.cellml#J_C1_J_C1"/></variable></rdf:Description><rdf:Description rdf:nodeID="n9"><variable xmlns="http://www.cellml.org/metadata/graphs/1.0#"><rdf:Description rdf:about="wu_yang_vinnakota_beard_2007.cellml#J_CITMAL_J_CITMAL"/></variable></rdf:Description><rdf:Description rdf:about="http://www.cellml.org/tools/pcenv/displayGraphs"><rdf:first><rdf:Description rdf:nodeID="n10"/></rdf:first></rdf:Description><rdf:Description rdf:nodeID="n11"><variable xmlns="http://www.cellml.org/metadata/graphs/1.0#"><rdf:Description rdf:about="wu_yang_vinnakota_beard_2007.cellml#J_HK_J_HK"/></variable></rdf:Description><rdf:Description rdf:about="http://www.cellml.org/tools/opencell/splitter/graph_sel_graph3"><activegraph xmlns="http://www.cellml.org/tools/opencell/"><rdf:Description rdf:nodeID="n12"/></activegraph></rdf:Description><rdf:Description rdf:nodeID="n13"><variable xmlns="http://www.cellml.org/metadata/graphs/1.0#"><rdf:Description rdf:about="wu_yang_vinnakota_beard_2007.cellml#P_QH2_P_QH2_x"/></variable></rdf:Description><rdf:Description rdf:nodeID="n14"><variable xmlns="http://www.cellml.org/metadata/graphs/1.0#"><rdf:Description rdf:about="wu_yang_vinnakota_beard_2007.cellml#Environment_time"/></variable></rdf:Description><rdf:Description rdf:nodeID="n15"><rdf:rest><rdf:Description rdf:nodeID="n16"/></rdf:rest><rdf:first><rdf:Description rdf:nodeID="n17"/></rdf:first></rdf:Description><rdf:Description rdf:nodeID="n18"><rdf:rest><rdf:Description rdf:nodeID="n19"/></rdf:rest><rdf:first><rdf:Description rdf:nodeID="n20"/></rdf:first></rdf:Description><rdf:Description rdf:nodeID="n21"><rdf:rest><rdf:Description rdf:nodeID="n22"/></rdf:rest><rdf:first><rdf:Description rdf:nodeID="n23"/></rdf:first></rdf:Description><rdf:Description rdf:nodeID="n24"><colour xmlns="http://www.cellml.org/metadata/graphs/1.0#" xml:lang="en">#1929c2</colour><variable xmlns="http://www.cellml.org/metadata/graphs/1.0#y-"><rdf:Description rdf:nodeID="n25"/></variable><variable xmlns="http://www.cellml.org/metadata/graphs/1.0#x-"><rdf:Description rdf:nodeID="n26"/></variable><type xmlns="http://www.cellml.org/metadata/graphs/1.0#"><rdf:Description rdf:about="http://www.cellml.org/metadata/graphs/1.0#line"/></type></rdf:Description><rdf:Description rdf:nodeID="n27"><rdf:rest><rdf:Description rdf:nodeID="n28"/></rdf:rest><rdf:first><rdf:Description rdf:nodeID="n29"/></rdf:first></rdf:Description><rdf:Description rdf:nodeID="n30"><variable xmlns="http://www.cellml.org/metadata/graphs/1.0#"><rdf:Description rdf:about="wu_yang_vinnakota_beard_2007.cellml#J_SUCMAL_J_SUCMAL"/></variable></rdf:Description><rdf:Description rdf:nodeID="n31"><variable xmlns="http://www.cellml.org/metadata/graphs/1.0#"><rdf:Description rdf:about="wu_yang_vinnakota_beard_2007.cellml#Environment_time"/></variable></rdf:Description><rdf:Description rdf:nodeID="n32"><colour xmlns="http://www.cellml.org/metadata/graphs/1.0#" xml:lang="en">#099999</colour><variable xmlns="http://www.cellml.org/metadata/graphs/1.0#y-"><rdf:Description rdf:nodeID="n33"/></variable><variable xmlns="http://www.cellml.org/metadata/graphs/1.0#x-"><rdf:Description rdf:nodeID="n34"/></variable><type xmlns="http://www.cellml.org/metadata/graphs/1.0#"><rdf:Description rdf:about="http://www.cellml.org/metadata/graphs/1.0#line"/></type></rdf:Description><rdf:Description rdf:about="http://www.cellml.org/tools/pcenv/splitter/graph_key_graph2"><splitterState_collapsedAfter xmlns="http://www.cellml.org/tools/pcenv/" xml:lang="en">true</splitterState_collapsedAfter><splitterState_nextHeight xmlns="http://www.cellml.org/tools/pcenv/" xml:lang="en">0</splitterState_nextHeight></rdf:Description><rdf:Description rdf:about="http://www.cellml.org/tools/opencell/splitter/graph_key_graph1"><splitterState_collapsedAfter xmlns="http://www.cellml.org/tools/opencell/" xml:lang="en">true</splitterState_collapsedAfter><splitterState_nextHeight xmlns="http://www.cellml.org/tools/opencell/" xml:lang="en">0</splitterState_nextHeight></rdf:Description><rdf:Description rdf:nodeID="n35"><variable xmlns="http://www.cellml.org/metadata/graphs/1.0#"><rdf:Description rdf:about="wu_yang_vinnakota_beard_2007.cellml#Environment_time"/></variable></rdf:Description><rdf:Description rdf:nodeID="n36"><rdf:rest><rdf:Description rdf:nodeID="n37"/></rdf:rest><rdf:first><rdf:Description rdf:nodeID="n38"/></rdf:first></rdf:Description><rdf:Description rdf:about="http://www.cellml.org/tools/opencell/splitter/graphedit"><splitterState_nextWidth xmlns="http://www.cellml.org/tools/opencell/" xml:lang="en">819</splitterState_nextWidth><splitterState_prevWidth xmlns="http://www.cellml.org/tools/opencell/" xml:lang="en">442</splitterState_prevWidth><splitterState_nextWidth xmlns="http://www.cellml.org/tools/pcenv/" xml:lang="en">819</splitterState_nextWidth></rdf:Description><rdf:Description rdf:nodeID="n39"><variable xmlns="http://www.cellml.org/metadata/graphs/1.0#"><rdf:Description rdf:about="wu_yang_vinnakota_beard_2007.cellml#J_MALPI_J_MALPI"/></variable></rdf:Description><rdf:Description rdf:nodeID="n28"><rdf:rest><rdf:Description rdf:about="http://www.w3.org/1999/02/22-rdf-syntax-ns#nil"/></rdf:rest><rdf:first><rdf:Description rdf:nodeID="n40"/></rdf:first></rdf:Description><rdf:Description rdf:nodeID="n41"><rdf:rest><rdf:Description rdf:nodeID="n42"/></rdf:rest><rdf:first><rdf:Description rdf:nodeID="n43"/></rdf:first></rdf:Description><rdf:Description rdf:about="http://www.cellml.org/tools/opencell/splitter/graph_sel_graph2"><activegraph xmlns="http://www.cellml.org/tools/opencell/"><rdf:Description rdf:nodeID="n44"/></activegraph></rdf:Description><rdf:Description rdf:nodeID="n45"><variable xmlns="http://www.cellml.org/metadata/graphs/1.0#"><rdf:Description rdf:about="wu_yang_vinnakota_beard_2007.cellml#Environment_time"/></variable></rdf:Description><rdf:Description rdf:nodeID="n46"><variable xmlns="http://www.cellml.org/metadata/graphs/1.0#"><rdf:Description rdf:about="wu_yang_vinnakota_beard_2007.cellml#Environment_time"/></variable></rdf:Description><rdf:Description rdf:nodeID="n12"><graphname xmlns="http://www.cellml.org/tools/opencell/" xml:lang="en">Untitled</graphname><scaling xmlns="http://www.cellml.org/metadata/graphs/1.0#y-"><rdf:Description rdf:about="http://www.cellml.org/metadata/graphs/1.0#identity"/></scaling><decoration xmlns="http://www.cellml.org/metadata/graphs/1.0#"><rdf:Description rdf:about="http://www.cellml.org/metadata/graphs/1.0#none"/></decoration><graphname xmlns="http://www.cellml.org/tools/pcenv/" xml:lang="en">Untitled</graphname><traces xmlns="http://www.cellml.org/metadata/graphs/1.0#"><rdf:Description rdf:nodeID="n5"/></traces><scaling xmlns="http://www.cellml.org/metadata/graphs/1.0#x-"><rdf:Description rdf:about="http://www.cellml.org/metadata/graphs/1.0#identity"/></scaling></rdf:Description><rdf:Description rdf:nodeID="n42"><rdf:rest><rdf:Description rdf:nodeID="n47"/></rdf:rest><rdf:first><rdf:Description rdf:nodeID="n48"/></rdf:first></rdf:Description><rdf:Description rdf:nodeID="n47"><rdf:rest><rdf:Description rdf:nodeID="n49"/></rdf:rest><rdf:first><rdf:Description rdf:nodeID="n50"/></rdf:first></rdf:Description><rdf:Description rdf:nodeID="n51"><variable xmlns="http://www.cellml.org/metadata/graphs/1.0#"><rdf:Description rdf:about="wu_yang_vinnakota_beard_2007.cellml#P_NADH_P_NADH_x"/></variable></rdf:Description><rdf:Description rdf:about="wu_yang_vinnakota_beard_2007.cellml"><modelname xmlns="http://www.cellml.org/tools/opencell/" xml:lang="en">wu_yang_vinnakota_beard_2007</modelname><derivedmodels xmlns="http://www.cellml.org/tools/opencell/"><rdf:Description rdf:nodeID="n52"/></derivedmodels><modelfrozen xmlns="http://www.cellml.org/tools/pcenv/" xml:lang="en">true</modelfrozen><derivedmodels xmlns="http://www.cellml.org/tools/pcenv/"><rdf:Description rdf:nodeID="n52"/></derivedmodels><modelname xmlns="http://www.cellml.org/tools/pcenv/" xml:lang="en">wu_yang_vinnakota_beard_2007</modelname><modelfrozen xmlns="http://www.cellml.org/tools/opencell/" xml:lang="en">true</modelfrozen></rdf:Description><rdf:Description rdf:nodeID="n48"><colour xmlns="http://www.cellml.org/metadata/graphs/1.0#" xml:lang="en">#5e2b7e</colour><variable xmlns="http://www.cellml.org/metadata/graphs/1.0#y-"><rdf:Description rdf:nodeID="n53"/></variable><variable xmlns="http://www.cellml.org/metadata/graphs/1.0#x-"><rdf:Description rdf:nodeID="n7"/></variable><type xmlns="http://www.cellml.org/metadata/graphs/1.0#"><rdf:Description rdf:about="http://www.cellml.org/metadata/graphs/1.0#line"/></type></rdf:Description><rdf:Description rdf:about="http://www.cellml.org/tools/pcenv/loadedModels"><rdf:_2><rdf:Description rdf:about="wu_yang_vinnakota_beard_2007.cellml"/></rdf:_2></rdf:Description><rdf:Description rdf:about="http://www.cellml.org/tools/opencell/displayGraphs"><rdf:first><rdf:Description rdf:nodeID="n10"/></rdf:first></rdf:Description><rdf:Description rdf:nodeID="n54"><variable xmlns="http://www.cellml.org/metadata/graphs/1.0#"><rdf:Description rdf:about="wu_yang_vinnakota_beard_2007.cellml#Environment_time"/></variable></rdf:Description><rdf:Description rdf:nodeID="n37"><rdf:rest><rdf:Description rdf:nodeID="n15"/></rdf:rest><rdf:first><rdf:Description rdf:nodeID="n55"/></rdf:first></rdf:Description><rdf:Description rdf:about="http://www.cellml.org/tools/opencell/splitter/graph_key_graph2"><splitterState_collapsedAfter xmlns="http://www.cellml.org/tools/opencell/" xml:lang="en">true</splitterState_collapsedAfter><splitterState_nextHeight xmlns="http://www.cellml.org/tools/opencell/" xml:lang="en">0</splitterState_nextHeight></rdf:Description><rdf:Description rdf:nodeID="n56"><variable xmlns="http://www.cellml.org/metadata/graphs/1.0#"><rdf:Description rdf:about="wu_yang_vinnakota_beard_2007.cellml#Environment_time"/></variable></rdf:Description><rdf:Description rdf:about="http://www.cellml.org/tools/pcenv/modlayoutsplit"><splitterState_prevWidth xmlns="http://www.cellml.org/tools/pcenv/" xml:lang="en">61</splitterState_prevWidth><splitterState_collapsedBefore xmlns="http://www.cellml.org/tools/pcenv/" xml:lang="en">true</splitterState_collapsedBefore></rdf:Description><rdf:Description rdf:about="http://www.cellml.org/tools/pcenv/splitter/graph_key_graph3"><splitterState_collapsedAfter xmlns="http://www.cellml.org/tools/pcenv/" xml:lang="en">true</splitterState_collapsedAfter><splitterState_nextHeight xmlns="http://www.cellml.org/tools/pcenv/" xml:lang="en">0</splitterState_nextHeight></rdf:Description><rdf:Description rdf:nodeID="n57"><rdf:rest><rdf:Description rdf:nodeID="n58"/></rdf:rest><rdf:first><rdf:Description rdf:nodeID="n59"/></rdf:first></rdf:Description><rdf:Description rdf:about="http://www.cellml.org/tools/opencell/loadedModels"><rdf:_1><rdf:Description rdf:about="wu_yang_vinnakota_beard_2007.cellml"/></rdf:_1></rdf:Description><rdf:Description rdf:about="http://www.cellml.org/tools/opencell/modlayoutsplit"><splitterState_collapsedBefore xmlns="http://www.cellml.org/tools/opencell/" xml:lang="en">true</splitterState_collapsedBefore><splitterState_nextWidth xmlns="http://www.cellml.org/tools/opencell/" xml:lang="en">1197</splitterState_nextWidth><splitterState_prevWidth xmlns="http://www.cellml.org/tools/opencell/" xml:lang="en">61</splitterState_prevWidth><splitterState_nextWidth xmlns="http://www.cellml.org/tools/pcenv/" xml:lang="en">1197</splitterState_nextWidth></rdf:Description><rdf:Description rdf:nodeID="n20"><colour xmlns="http://www.cellml.org/metadata/graphs/1.0#" xml:lang="en">#80e417</colour><variable xmlns="http://www.cellml.org/metadata/graphs/1.0#y-"><rdf:Description rdf:nodeID="n60"/></variable><variable xmlns="http://www.cellml.org/metadata/graphs/1.0#x-"><rdf:Description rdf:nodeID="n46"/></variable><type xmlns="http://www.cellml.org/metadata/graphs/1.0#"><rdf:Description rdf:about="http://www.cellml.org/metadata/graphs/1.0#line"/></type></rdf:Description><rdf:Description rdf:nodeID="n61"><variable xmlns="http://www.cellml.org/metadata/graphs/1.0#"><rdf:Description rdf:about="wu_yang_vinnakota_beard_2007.cellml#P_COQ_P_COQ_x"/></variable></rdf:Description><rdf:Description rdf:nodeID="n59"><colour xmlns="http://www.cellml.org/metadata/graphs/1.0#" xml:lang="en">#c2d48e</colour><variable xmlns="http://www.cellml.org/metadata/graphs/1.0#y-"><rdf:Description rdf:nodeID="n13"/></variable><variable xmlns="http://www.cellml.org/metadata/graphs/1.0#x-"><rdf:Description rdf:nodeID="n2"/></variable><type xmlns="http://www.cellml.org/metadata/graphs/1.0#"><rdf:Description rdf:about="http://www.cellml.org/metadata/graphs/1.0#line"/></type></rdf:Description><rdf:Description rdf:nodeID="n62"><colour xmlns="http://www.cellml.org/metadata/graphs/1.0#" xml:lang="en">#09e7b0</colour><variable xmlns="http://www.cellml.org/metadata/graphs/1.0#y-"><rdf:Description rdf:nodeID="n11"/></variable><variable xmlns="http://www.cellml.org/metadata/graphs/1.0#x-"><rdf:Description rdf:nodeID="n3"/></variable><type xmlns="http://www.cellml.org/metadata/graphs/1.0#"><rdf:Description rdf:about="http://www.cellml.org/metadata/graphs/1.0#line"/></type></rdf:Description><rdf:Description rdf:nodeID="n49"><rdf:rest><rdf:Description rdf:nodeID="n63"/></rdf:rest><rdf:first><rdf:Description rdf:nodeID="n64"/></rdf:first></rdf:Description><rdf:Description rdf:nodeID="n10"><rdf:rest><rdf:Description rdf:nodeID="n65"/></rdf:rest><rdf:first><rdf:Description rdf:nodeID="n12"/></rdf:first></rdf:Description><rdf:Description rdf:nodeID="n66"><variable xmlns="http://www.cellml.org/metadata/graphs/1.0#"><rdf:Description rdf:about="wu_yang_vinnakota_beard_2007.cellml#P_ATP_P_ATP_x"/></variable></rdf:Description><rdf:Description rdf:nodeID="n67"><colour xmlns="http://www.cellml.org/metadata/graphs/1.0#" xml:lang="en">#4a07b5</colour><variable xmlns="http://www.cellml.org/metadata/graphs/1.0#y-"><rdf:Description rdf:nodeID="n61"/></variable><variable xmlns="http://www.cellml.org/metadata/graphs/1.0#x-"><rdf:Description rdf:nodeID="n56"/></variable><type xmlns="http://www.cellml.org/metadata/graphs/1.0#"><rdf:Description rdf:about="http://www.cellml.org/metadata/graphs/1.0#line"/></type></rdf:Description><rdf:Description rdf:nodeID="n68"><variable xmlns="http://www.cellml.org/metadata/graphs/1.0#"><rdf:Description rdf:about="wu_yang_vinnakota_beard_2007.cellml#J_PIHt_J_PIHt"/></variable></rdf:Description><rdf:Description rdf:nodeID="n19"><rdf:rest><rdf:Description rdf:nodeID="n57"/></rdf:rest><rdf:first><rdf:Description rdf:nodeID="n69"/></rdf:first></rdf:Description><rdf:Description rdf:nodeID="n64"><colour xmlns="http://www.cellml.org/metadata/graphs/1.0#" xml:lang="en">#dc78ed</colour><variable xmlns="http://www.cellml.org/metadata/graphs/1.0#y-"><rdf:Description rdf:nodeID="n70"/></variable><variable xmlns="http://www.cellml.org/metadata/graphs/1.0#x-"><rdf:Description rdf:nodeID="n71"/></variable><type xmlns="http://www.cellml.org/metadata/graphs/1.0#"><rdf:Description rdf:about="http://www.cellml.org/metadata/graphs/1.0#line"/></type></rdf:Description><rdf:Description rdf:about="http://www.cellml.org/tools/pcenv/splitter/graph_key_graph1"><splitterState_collapsedAfter xmlns="http://www.cellml.org/tools/pcenv/" xml:lang="en">true</splitterState_collapsedAfter><splitterState_nextHeight xmlns="http://www.cellml.org/tools/pcenv/" xml:lang="en">0</splitterState_nextHeight></rdf:Description><rdf:Description rdf:nodeID="n38"><colour xmlns="http://www.cellml.org/metadata/graphs/1.0#" xml:lang="en">#099999</colour><variable xmlns="http://www.cellml.org/metadata/graphs/1.0#y-"><rdf:Description rdf:nodeID="n8"/></variable><variable xmlns="http://www.cellml.org/metadata/graphs/1.0#x-"><rdf:Description rdf:nodeID="n72"/></variable><type xmlns="http://www.cellml.org/metadata/graphs/1.0#"><rdf:Description rdf:about="http://www.cellml.org/metadata/graphs/1.0#line"/></type></rdf:Description><rdf:Description rdf:nodeID="n43"><colour xmlns="http://www.cellml.org/metadata/graphs/1.0#" xml:lang="en">#ad4583</colour><variable xmlns="http://www.cellml.org/metadata/graphs/1.0#y-"><rdf:Description rdf:nodeID="n30"/></variable><variable xmlns="http://www.cellml.org/metadata/graphs/1.0#x-"><rdf:Description rdf:nodeID="n14"/></variable><type xmlns="http://www.cellml.org/metadata/graphs/1.0#"><rdf:Description rdf:about="http://www.cellml.org/metadata/graphs/1.0#line"/></type></rdf:Description><rdf:Description rdf:nodeID="n44"><graphname xmlns="http://www.cellml.org/tools/opencell/" xml:lang="en">Clickable Diagram: Click elements below to toggle traces above</graphname>
<externalurl xmlns="http://www.cellml.org/tools/pcenv/" xml:lang="en">wu_yang_vinnakota_beard_2007_version02.xul</externalurl>
<externalurl xmlns="http://www.cellml.org/tools/opencell/" xml:lang="en">wu_yang_vinnakota_beard_2007_version02.xul</externalurl>
<scaling xmlns="http://www.cellml.org/metadata/graphs/1.0#y-"><rdf:Description rdf:about="http://www.cellml.org/metadata/graphs/1.0#identity"/></scaling><decoration xmlns="http://www.cellml.org/metadata/graphs/1.0#"><rdf:Description rdf:about="http://www.cellml.org/metadata/graphs/1.0#none"/></decoration><graphname xmlns="http://www.cellml.org/tools/pcenv/" xml:lang="en">Clickable Diagram: Click elements below to toggle traces above</graphname><traces xmlns="http://www.cellml.org/metadata/graphs/1.0#"><rdf:Description rdf:nodeID="n73"/></traces><scaling xmlns="http://www.cellml.org/metadata/graphs/1.0#x-"><rdf:Description rdf:about="http://www.cellml.org/metadata/graphs/1.0#identity"/></scaling></rdf:Description><rdf:Description rdf:nodeID="n17"><colour xmlns="http://www.cellml.org/metadata/graphs/1.0#" xml:lang="en">#bc659f</colour><variable xmlns="http://www.cellml.org/metadata/graphs/1.0#y-"><rdf:Description rdf:nodeID="n74"/></variable><variable xmlns="http://www.cellml.org/metadata/graphs/1.0#x-"><rdf:Description rdf:nodeID="n75"/></variable><type xmlns="http://www.cellml.org/metadata/graphs/1.0#"><rdf:Description rdf:about="http://www.cellml.org/metadata/graphs/1.0#line"/></type></rdf:Description><rdf:Description rdf:nodeID="n76"><rdf:first><rdf:Description rdf:nodeID="n36"/></rdf:first></rdf:Description><rdf:Description rdf:nodeID="n77"><variable xmlns="http://www.cellml.org/metadata/graphs/1.0#"><rdf:Description rdf:about="wu_yang_vinnakota_beard_2007.cellml#J_ANT_J_ANT"/></variable></rdf:Description><rdf:Description rdf:nodeID="n78"><variable xmlns="http://www.cellml.org/metadata/graphs/1.0#"><rdf:Description rdf:about="wu_yang_vinnakota_beard_2007.cellml#Environment_time"/></variable></rdf:Description><rdf:Description rdf:nodeID="n53"><variable xmlns="http://www.cellml.org/metadata/graphs/1.0#"><rdf:Description rdf:about="wu_yang_vinnakota_beard_2007.cellml#J_ASPGLU_J_ASPGLU"/></variable></rdf:Description><rdf:Description rdf:nodeID="n22"><rdf:rest><rdf:Description rdf:nodeID="n79"/></rdf:rest><rdf:first><rdf:Description rdf:nodeID="n80"/></rdf:first></rdf:Description><rdf:Description rdf:nodeID="n26"><variable xmlns="http://www.cellml.org/metadata/graphs/1.0#"><rdf:Description rdf:about="wu_yang_vinnakota_beard_2007.cellml#Environment_time"/></variable></rdf:Description><rdf:Description rdf:nodeID="n81"><colour xmlns="http://www.cellml.org/metadata/graphs/1.0#" xml:lang="en">#128d05</colour><variable xmlns="http://www.cellml.org/metadata/graphs/1.0#y-"><rdf:Description rdf:nodeID="n9"/></variable><variable xmlns="http://www.cellml.org/metadata/graphs/1.0#x-"><rdf:Description rdf:nodeID="n35"/></variable><type xmlns="http://www.cellml.org/metadata/graphs/1.0#"><rdf:Description rdf:about="http://www.cellml.org/metadata/graphs/1.0#line"/></type></rdf:Description><rdf:Description rdf:nodeID="n6"><rdf:rest><rdf:Description rdf:about="http://www.w3.org/1999/02/22-rdf-syntax-ns#nil"/></rdf:rest><rdf:first><rdf:Description rdf:nodeID="n32"/></rdf:first></rdf:Description><rdf:Description rdf:nodeID="n82"><colour xmlns="http://www.cellml.org/metadata/graphs/1.0#" xml:lang="en">#f741e2</colour><variable xmlns="http://www.cellml.org/metadata/graphs/1.0#y-"><rdf:Description rdf:nodeID="n66"/></variable><variable xmlns="http://www.cellml.org/metadata/graphs/1.0#x-"><rdf:Description rdf:nodeID="n1"/></variable><type xmlns="http://www.cellml.org/metadata/graphs/1.0#"><rdf:Description rdf:about="http://www.cellml.org/metadata/graphs/1.0#line"/></type></rdf:Description><rdf:Description rdf:nodeID="n73"><rdf:first><rdf:Description rdf:nodeID="n83"/></rdf:first></rdf:Description><rdf:Description rdf:nodeID="n79"><rdf:rest><rdf:Description rdf:nodeID="n84"/></rdf:rest><rdf:first><rdf:Description rdf:nodeID="n82"/></rdf:first></rdf:Description><rdf:Description rdf:nodeID="n69"><colour xmlns="http://www.cellml.org/metadata/graphs/1.0#" xml:lang="en">#0860ce</colour><variable xmlns="http://www.cellml.org/metadata/graphs/1.0#y-"><rdf:Description rdf:nodeID="n68"/></variable><variable xmlns="http://www.cellml.org/metadata/graphs/1.0#x-"><rdf:Description rdf:nodeID="n85"/></variable><type xmlns="http://www.cellml.org/metadata/graphs/1.0#"><rdf:Description rdf:about="http://www.cellml.org/metadata/graphs/1.0#line"/></type></rdf:Description><rdf:Description rdf:nodeID="n29"><colour xmlns="http://www.cellml.org/metadata/graphs/1.0#" xml:lang="en">#e9cbaa</colour><variable xmlns="http://www.cellml.org/metadata/graphs/1.0#y-"><rdf:Description rdf:nodeID="n86"/></variable><variable xmlns="http://www.cellml.org/metadata/graphs/1.0#x-"><rdf:Description rdf:nodeID="n87"/></variable><type xmlns="http://www.cellml.org/metadata/graphs/1.0#"><rdf:Description rdf:about="http://www.cellml.org/metadata/graphs/1.0#line"/></type></rdf:Description><rdf:Description rdf:nodeID="n88"><variable xmlns="http://www.cellml.org/metadata/graphs/1.0#"><rdf:Description rdf:about="wu_yang_vinnakota_beard_2007.cellml#P_NAD_P_NAD_x"/></variable></rdf:Description><rdf:Description rdf:nodeID="n84"><rdf:rest><rdf:Description rdf:nodeID="n89"/></rdf:rest><rdf:first><rdf:Description rdf:nodeID="n24"/></rdf:first></rdf:Description><rdf:Description rdf:nodeID="n58"><rdf:rest><rdf:Description rdf:nodeID="n21"/></rdf:rest><rdf:first><rdf:Description rdf:nodeID="n67"/></rdf:first></rdf:Description><rdf:Description rdf:about="http://www.cellml.org/tools/pcenv/splitter/graph_sel_graph1"><activegraph xmlns="http://www.cellml.org/tools/pcenv/"><rdf:Description rdf:nodeID="n90"/></activegraph></rdf:Description><rdf:Description rdf:nodeID="n71"><variable xmlns="http://www.cellml.org/metadata/graphs/1.0#"><rdf:Description rdf:about="wu_yang_vinnakota_beard_2007.cellml#Environment_time"/></variable></rdf:Description><rdf:Description rdf:nodeID="n55"><colour xmlns="http://www.cellml.org/metadata/graphs/1.0#" xml:lang="en">#3ba7e5</colour><variable xmlns="http://www.cellml.org/metadata/graphs/1.0#y-"><rdf:Description rdf:nodeID="n91"/></variable><variable xmlns="http://www.cellml.org/metadata/graphs/1.0#x-"><rdf:Description rdf:nodeID="n45"/></variable><type xmlns="http://www.cellml.org/metadata/graphs/1.0#"><rdf:Description rdf:about="http://www.cellml.org/metadata/graphs/1.0#line"/></type></rdf:Description><rdf:Description rdf:nodeID="n91"><variable xmlns="http://www.cellml.org/metadata/graphs/1.0#"><rdf:Description rdf:about="wu_yang_vinnakota_beard_2007.cellml#J_C3_J_C3"/></variable></rdf:Description><rdf:Description rdf:nodeID="n83"><rdf:rest><rdf:Description rdf:about="http://www.w3.org/1999/02/22-rdf-syntax-ns#nil"/></rdf:rest><rdf:first><rdf:Description rdf:nodeID="n92"/></rdf:first></rdf:Description><rdf:Description rdf:nodeID="n89"><rdf:rest><rdf:Description rdf:nodeID="n41"/></rdf:rest><rdf:first><rdf:Description rdf:nodeID="n62"/></rdf:first></rdf:Description><rdf:Description rdf:nodeID="n85"><variable xmlns="http://www.cellml.org/metadata/graphs/1.0#"><rdf:Description rdf:about="wu_yang_vinnakota_beard_2007.cellml#Environment_time"/></variable></rdf:Description><rdf:Description rdf:nodeID="n93"><rdf:rest><rdf:Description rdf:about="http://www.w3.org/1999/02/22-rdf-syntax-ns#nil"/></rdf:rest><rdf:first><rdf:Description rdf:nodeID="n90"/></rdf:first></rdf:Description><rdf:Description rdf:nodeID="n70"><variable xmlns="http://www.cellml.org/metadata/graphs/1.0#"><rdf:Description rdf:about="wu_yang_vinnakota_beard_2007.cellml#J_AKGMAL_J_AKGMAL"/></variable></rdf:Description><rdf:Description rdf:about="http://www.cellml.org/tools/pcenv/splitter/graph_sel_graph2"><activegraph xmlns="http://www.cellml.org/tools/pcenv/"><rdf:Description rdf:nodeID="n44"/></activegraph></rdf:Description><rdf:Description rdf:nodeID="n25"><variable xmlns="http://www.cellml.org/metadata/graphs/1.0#"><rdf:Description rdf:about="wu_yang_vinnakota_beard_2007.cellml#P_ADP_P_ADP_x"/></variable></rdf:Description><rdf:Description rdf:about="http://www.cellml.org/tools/pcenv/splitter/graphedit"><splitterState_prevWidth xmlns="http://www.cellml.org/tools/pcenv/" xml:lang="en">442</splitterState_prevWidth></rdf:Description><rdf:Description rdf:about="http://www.cellml.org/tools/opencell/splitter/graph_sel_graph1"><activegraph xmlns="http://www.cellml.org/tools/opencell/"><rdf:Description rdf:nodeID="n90"/></activegraph></rdf:Description><rdf:Description rdf:nodeID="n92"><colour xmlns="http://www.cellml.org/metadata/graphs/1.0#" xml:lang="en">#099999</colour><variable xmlns="http://www.cellml.org/metadata/graphs/1.0#y-"><rdf:Description rdf:nodeID="n94"/></variable><variable xmlns="http://www.cellml.org/metadata/graphs/1.0#x-"><rdf:Description rdf:nodeID="n95"/></variable><type xmlns="http://www.cellml.org/metadata/graphs/1.0#"><rdf:Description rdf:about="http://www.cellml.org/metadata/graphs/1.0#line"/></type></rdf:Description><rdf:Description rdf:nodeID="n23"><colour xmlns="http://www.cellml.org/metadata/graphs/1.0#" xml:lang="en">#498b83</colour><variable xmlns="http://www.cellml.org/metadata/graphs/1.0#y-"><rdf:Description rdf:nodeID="n51"/></variable><variable xmlns="http://www.cellml.org/metadata/graphs/1.0#x-"><rdf:Description rdf:nodeID="n31"/></variable><type xmlns="http://www.cellml.org/metadata/graphs/1.0#"><rdf:Description rdf:about="http://www.cellml.org/metadata/graphs/1.0#line"/></type></rdf:Description><rdf:Description rdf:nodeID="n75"><variable xmlns="http://www.cellml.org/metadata/graphs/1.0#"><rdf:Description rdf:about="wu_yang_vinnakota_beard_2007.cellml#Environment_time"/></variable></rdf:Description><rdf:Description rdf:nodeID="n96"><variable xmlns="http://www.cellml.org/metadata/graphs/1.0#"><rdf:Description rdf:about="wu_yang_vinnakota_beard_2007.cellml#Environment_time"/></variable></rdf:Description><rdf:Description rdf:nodeID="n72"><variable xmlns="http://www.cellml.org/metadata/graphs/1.0#"><rdf:Description rdf:about="wu_yang_vinnakota_beard_2007.cellml#Environment_time"/></variable></rdf:Description><rdf:Description rdf:nodeID="n97"><colour xmlns="http://www.cellml.org/metadata/graphs/1.0#" xml:lang="en">#0da6cd</colour><variable xmlns="http://www.cellml.org/metadata/graphs/1.0#y-"><rdf:Description rdf:nodeID="n77"/></variable><variable xmlns="http://www.cellml.org/metadata/graphs/1.0#x-"><rdf:Description rdf:nodeID="n54"/></variable><type xmlns="http://www.cellml.org/metadata/graphs/1.0#"><rdf:Description rdf:about="http://www.cellml.org/metadata/graphs/1.0#line"/></type></rdf:Description><rdf:Description rdf:about="http://www.cellml.org/tools/pcenv/splitter/intergraph2"><splitterState_collapsedAfter xmlns="http://www.cellml.org/tools/pcenv/" xml:lang="en">true</splitterState_collapsedAfter></rdf:Description><rdf:Description rdf:nodeID="n90"><graphname xmlns="http://www.cellml.org/tools/opencell/" xml:lang="en">Traces: Clickable elements gainst Time (s)</graphname><scaling xmlns="http://www.cellml.org/metadata/graphs/1.0#y-"><rdf:Description rdf:about="http://www.cellml.org/metadata/graphs/1.0#identity"/></scaling><decoration xmlns="http://www.cellml.org/metadata/graphs/1.0#"><rdf:Description rdf:about="http://www.cellml.org/metadata/graphs/1.0#none"/></decoration><graphname xmlns="http://www.cellml.org/tools/pcenv/" xml:lang="en">Traces: Clickable elements gainst Time (s)</graphname><traces xmlns="http://www.cellml.org/metadata/graphs/1.0#"><rdf:Description rdf:nodeID="n76"/></traces><scaling xmlns="http://www.cellml.org/metadata/graphs/1.0#x-"><rdf:Description rdf:about="http://www.cellml.org/metadata/graphs/1.0#identity"/></scaling></rdf:Description><rdf:Description rdf:nodeID="n98"><rdf:rest><rdf:Description rdf:nodeID="n27"/></rdf:rest><rdf:first><rdf:Description rdf:nodeID="n99"/></rdf:first></rdf:Description><rdf:Description rdf:nodeID="n63"><rdf:rest><rdf:Description rdf:nodeID="n98"/></rdf:rest><rdf:first><rdf:Description rdf:nodeID="n81"/></rdf:first></rdf:Description><rdf:Description rdf:nodeID="n65"><rdf:rest><rdf:Description rdf:nodeID="n93"/></rdf:rest><rdf:first><rdf:Description rdf:nodeID="n44"/></rdf:first></rdf:Description><rdf:Description rdf:nodeID="n16"><rdf:rest><rdf:Description rdf:nodeID="n18"/></rdf:rest><rdf:first><rdf:Description rdf:nodeID="n97"/></rdf:first></rdf:Description><rdf:Description rdf:nodeID="n80"><colour xmlns="http://www.cellml.org/metadata/graphs/1.0#" xml:lang="en">#add2ae</colour><variable xmlns="http://www.cellml.org/metadata/graphs/1.0#y-"><rdf:Description rdf:nodeID="n88"/></variable><variable xmlns="http://www.cellml.org/metadata/graphs/1.0#x-"><rdf:Description rdf:nodeID="n78"/></variable><type xmlns="http://www.cellml.org/metadata/graphs/1.0#"><rdf:Description rdf:about="http://www.cellml.org/metadata/graphs/1.0#line"/></type></rdf:Description><rdf:Description rdf:about="http://www.cellml.org/tools/opencell/splitter/intergraph2"><splitterState_collapsedAfter xmlns="http://www.cellml.org/tools/opencell/" xml:lang="en">true</splitterState_collapsedAfter></rdf:Description><rdf:Description rdf:about="http://www.cellml.org/tools/pcenv/splitter/graph_sel_graph3"><activegraph xmlns="http://www.cellml.org/tools/pcenv/"><rdf:Description rdf:nodeID="n12"/></activegraph></rdf:Description><rdf:Description rdf:nodeID="n100"><variable xmlns="http://www.cellml.org/metadata/graphs/1.0#"><rdf:Description rdf:about="wu_yang_vinnakota_beard_2007.cellml#Environment_time"/></variable></rdf:Description><rdf:Description rdf:nodeID="n60"><variable xmlns="http://www.cellml.org/metadata/graphs/1.0#"><rdf:Description rdf:about="wu_yang_vinnakota_beard_2007.cellml#J_F1_J_F1"/></variable></rdf:Description><rdf:Description rdf:nodeID="n40"><colour xmlns="http://www.cellml.org/metadata/graphs/1.0#" xml:lang="en">#bcf8e8</colour><variable xmlns="http://www.cellml.org/metadata/graphs/1.0#y-"><rdf:Description rdf:nodeID="n101"/></variable><variable xmlns="http://www.cellml.org/metadata/graphs/1.0#x-"><rdf:Description rdf:nodeID="n100"/></variable><type xmlns="http://www.cellml.org/metadata/graphs/1.0#"><rdf:Description rdf:about="http://www.cellml.org/metadata/graphs/1.0#line"/></type></rdf:Description><rdf:Description rdf:nodeID="n86"><variable xmlns="http://www.cellml.org/metadata/graphs/1.0#"><rdf:Description rdf:about="wu_yang_vinnakota_beard_2007.cellml#J_PYRH_J_PYRH"/></variable></rdf:Description><rdf:Description rdf:nodeID="n50"><colour xmlns="http://www.cellml.org/metadata/graphs/1.0#" xml:lang="en">#957b2d</colour><variable xmlns="http://www.cellml.org/metadata/graphs/1.0#y-"><rdf:Description rdf:nodeID="n39"/></variable><variable xmlns="http://www.cellml.org/metadata/graphs/1.0#x-"><rdf:Description rdf:nodeID="n4"/></variable><type xmlns="http://www.cellml.org/metadata/graphs/1.0#"><rdf:Description rdf:about="http://www.cellml.org/metadata/graphs/1.0#line"/></type></rdf:Description><rdf:Description rdf:nodeID="n87"><variable xmlns="http://www.cellml.org/metadata/graphs/1.0#"><rdf:Description rdf:about="wu_yang_vinnakota_beard_2007.cellml#Environment_time"/></variable></rdf:Description><rdf:Description rdf:nodeID="n102"><variable xmlns="http://www.cellml.org/metadata/graphs/1.0#"><rdf:Description rdf:about="wu_yang_vinnakota_beard_2007.cellml#J_GLUH_J_GLUH"/></variable></rdf:Description><rdf:Description rdf:nodeID="n99"><colour xmlns="http://www.cellml.org/metadata/graphs/1.0#" xml:lang="en">#2ca058</colour><variable xmlns="http://www.cellml.org/metadata/graphs/1.0#y-"><rdf:Description rdf:nodeID="n102"/></variable><variable xmlns="http://www.cellml.org/metadata/graphs/1.0#x-"><rdf:Description rdf:nodeID="n96"/></variable><type xmlns="http://www.cellml.org/metadata/graphs/1.0#"><rdf:Description rdf:about="http://www.cellml.org/metadata/graphs/1.0#line"/></type></rdf:Description><rdf:Description rdf:nodeID="n74"><variable xmlns="http://www.cellml.org/metadata/graphs/1.0#"><rdf:Description rdf:about="wu_yang_vinnakota_beard_2007.cellml#J_C4_J_C4"/></variable></rdf:Description><rdf:Description rdf:about="http://www.cellml.org/tools/opencell/splitter/graph_key_graph3"><splitterState_collapsedAfter xmlns="http://www.cellml.org/tools/opencell/" xml:lang="en">true</splitterState_collapsedAfter><splitterState_nextHeight xmlns="http://www.cellml.org/tools/opencell/" xml:lang="en">0</splitterState_nextHeight></rdf:Description></rdf:RDF>