[{"data_set_value_component_environment_variable_time":0.0,"data_set_value_component_beta_1_adrenergic_parameters_variable_L_iso":1.0,"data_set_value_component_beta_1_adrenergic_parameters_variable_K_H":0.035,"data_set_value_component_beta_1_adrenergic_parameters_variable_K_L":0.386,"data_set_value_component_beta_1_adrenergic_parameters_variable_K_C":8.809,"data_set_value_component_muscarinic_parameters_variable_L_ach":0.0,"data_set_value_component_muscarinic_parameters_variable_K_H":0.16,"data_set_value_component_muscarinic_parameters_variable_K_L":11.0,"data_set_value_component_muscarinic_parameters_variable_K_C":30.0,"data_set_value_component_PDE_parameters_variable_k_PDE2":20.0,"data_set_value_component_PDE_parameters_variable_Km_PDE2":50.0,"data_set_value_component_PDE_parameters_variable_k_PDE3":1.25,"data_set_value_component_PDE_parameters_variable_Km_PDE3":0.08,"data_set_value_component_PDE_parameters_variable_k_PDE4":2.5,"data_set_value_component_PDE_parameters_variable_Km_PDE4":2.2,"data_set_value_component_G_s_parameters_variable_k_act1":5.0,"data_set_value_component_G_s_parameters_variable_k_act2":0.1,"data_set_value_component_G_s_parameters_variable_k_hydr":0.8,"data_set_value_component_G_s_parameters_variable_k_reas":1210.0,"data_set_value_component_G_i_parameters_variable_k_act1":2.5,"data_set_value_component_G_i_parameters_variable_k_act2":0.05,"data_set_value_component_G_i_parameters_variable_k_hydr":0.8,"data_set_value_component_G_i_parameters_variable_k_reas":1210.0,"data_set_value_component_caveolar_beta_1_adrenergic_receptor_module_variable_R":0.0171001981,"data_set_value_component_caveolar_beta_1_adrenergic_receptor_module_variable_LR":0.0443010315,"data_set_value_component_caveolar_beta_1_adrenergic_receptor_module_variable_LRG":0.5522693434,"data_set_value_component_caveolar_beta_1_adrenergic_receptor_module_variable_RG":0.019329427,"data_set_value_component_caveolar_beta_1_adrenergic_receptor_module_variable_R_Total":0.633,"data_set_value_component_caveolar_muscarinic_receptor_module_variable_R":0.3799008618,"data_set_value_component_caveolar_muscarinic_receptor_module_variable_LR":0.0,"data_set_value_component_caveolar_muscarinic_receptor_module_variable_LRG":0.0,"data_set_value_component_caveolar_muscarinic_receptor_module_variable_RG":0.2530991382,"data_set_value_component_caveolar_muscarinic_receptor_module_variable_R_Total":0.633,"data_set_value_component_caveolar_G_s_protein_activation_module_variable_Gs_alpha_GTP":0.041983438,"data_set_value_component_caveolar_G_s_protein_activation_module_variable_Gs_beta_gamma":0.042634499,"data_set_value_component_caveolar_G_s_protein_activation_module_variable_Gs_alpha_GDP":0.000651061,"data_set_value_component_caveolar_G_s_protein_activation_module_variable_Gs_alpha_beta_gamma":9.957365501,"data_set_value_component_caveolar_G_s_protein_activation_module_variable_Gs_Total":10.0,"data_set_value_component_caveolar_G_i_protein_activation_module_variable_Gi_alpha_GTP":0.012644961,"data_set_value_component_caveolar_G_i_protein_activation_module_variable_Gi_beta_gamma":0.013274751,"data_set_value_component_caveolar_G_i_protein_activation_module_variable_Gi_alpha_GDP":0.00062979,"data_set_value_component_caveolar_G_i_protein_activation_module_variable_Gi_alpha_beta_gamma":19.986725249,"data_set_value_component_caveolar_G_i_protein_activation_module_variable_Gi_Total":20.0,"data_set_value_component_extracaveolar_beta_1_adrenergic_receptor_module_variable_R":0.0171654047,"data_set_value_component_extracaveolar_beta_1_adrenergic_receptor_module_variable_LR":0.0444699604,"data_set_value_component_extracaveolar_beta_1_adrenergic_receptor_module_variable_LRG":0.5520431254,"data_set_value_component_extracaveolar_beta_1_adrenergic_receptor_module_variable_RG":0.0193215095,"data_set_value_component_extracaveolar_beta_1_adrenergic_receptor_module_variable_R_Total":0.633,"data_set_value_component_extracaveolar_muscarinic_receptor_module_variable_R":0.6126097984,"data_set_value_component_extracaveolar_muscarinic_receptor_module_variable_LR":0.0,"data_set_value_component_extracaveolar_muscarinic_receptor_module_variable_LRG":0.0,"data_set_value_component_extracaveolar_muscarinic_receptor_module_variable_RG":0.0203902016,"data_set_value_component_extracaveolar_muscarinic_receptor_module_variable_R_Total":0.633,"data_set_value_component_extracaveolar_G_s_protein_activation_module_variable_Gs_alpha_GTP":0.083866891,"data_set_value_component_extracaveolar_G_s_protein_activation_module_variable_Gs_beta_gamma":0.084522918,"data_set_value_component_extracaveolar_G_s_protein_activation_module_variable_Gs_alpha_GDP":0.000656025,"data_set_value_component_extracaveolar_G_s_protein_activation_module_variable_Gs_alpha_beta_gamma":9.915477084,"data_set_value_component_extracaveolar_G_s_protein_activation_module_variable_Gs_Total":10.0,"data_set_value_component_extracaveolar_G_i_protein_activation_module_variable_Gi_alpha_GTP":0.001018705,"data_set_value_component_extracaveolar_G_i_protein_activation_module_variable_Gi_beta_gamma":0.001475253,"data_set_value_component_extracaveolar_G_i_protein_activation_module_variable_Gi_alpha_GDP":0.000456548,"data_set_value_component_extracaveolar_G_i_protein_activation_module_variable_Gi_alpha_beta_gamma":0.998524747,"data_set_value_component_extracaveolar_G_i_protein_activation_module_variable_Gi_Total":1.0,"data_set_value_component_AC56_module_variable_dcAMP_AC_56_dt":4.4371953815,"data_set_value_component_AC56_module_variable_k_AC56":0.0027917956,"data_set_value_component_AC56_module_variable_AC_56":3.379,"data_set_value_component_AC56_module_variable_AF56":500.0,"data_set_value_component_AC56_module_variable_MW_AC56":130.0,"data_set_value_component_AC56_module_variable_ATP":5000.0,"data_set_value_component_AC56_module_variable_Km_ATP":315.0,"data_set_value_component_AC47_ecav_module_variable_dcAMP_AC_47_ecav_dt":0.1508730869,"data_set_value_component_AC47_ecav_module_variable_k_AC47_ecav":0.0061683881,"data_set_value_component_AC47_ecav_module_variable_AC_47_ecav":0.2,"data_set_value_component_AC47_ecav_module_variable_AF47":130.0,"data_set_value_component_AC47_ecav_module_variable_MW_AC47":130.0,"data_set_value_component_AC47_ecav_module_variable_ATP":5000.0,"data_set_value_component_AC47_ecav_module_variable_Km_ATP":315.0,"data_set_value_component_AC47_cyt_module_variable_dcAMP_AC_47_cyt_dt":0.0179627469,"data_set_value_component_AC47_cyt_module_variable_k_AC47_cyt":0.00108,"data_set_value_component_AC47_cyt_module_variable_AC_47_cyt":0.136,"data_set_value_component_AC47_cyt_module_variable_AF47":130.0,"data_set_value_component_AC47_cyt_module_variable_ATP":5000.0,"data_set_value_component_AC47_cyt_module_variable_Km_ATP":315.0,"data_set_value_component_caveolar_PDE_module_variable_dcAMP_cav_PDE2_dt":0.2110118978,"data_set_value_component_caveolar_PDE_module_variable_dcAMP_cav_PDE3_dt":4.1646191251,"data_set_value_component_caveolar_PDE_module_variable_dcAMP_cav_PDE4_dt":0.2535148014,"data_set_value_component_caveolar_PDE_module_variable_PDE2":4.5,"data_set_value_component_caveolar_PDE_module_variable_PDE3":5.6,"data_set_value_component_caveolar_PDE_module_variable_PDE4":2.0,"data_set_value_component_extracaveolar_PDE_module_variable_dcAMP_ecav_PDE2_dt":0.0085508202,"data_set_value_component_extracaveolar_PDE_module_variable_dcAMP_ecav_PDE4_dt":0.1327015814,"data_set_value_component_extracaveolar_PDE_module_variable_PDE2":0.02,"data_set_value_component_extracaveolar_PDE_module_variable_PDE4":0.16,"data_set_value_component_bulk_cytoplasmic_PDE_module_variable_dcAMP_cyt_PDE2_dt":0.0019465254,"data_set_value_component_bulk_cytoplasmic_PDE_module_variable_dcAMP_cyt_PDE3_dt":0.0086757538,"data_set_value_component_bulk_cytoplasmic_PDE_module_variable_dcAMP_cyt_PDE4_dt":0.0038862866,"data_set_value_component_bulk_cytoplasmic_PDE_module_variable_PDE2":0.005,"data_set_value_component_bulk_cytoplasmic_PDE_module_variable_PDE3":0.0075,"data_set_value_component_bulk_cytoplasmic_PDE_module_variable_PDE4":0.005,"data_set_value_component_cAMP_flux_module_variable_cAMP_cav":0.11750433,"data_set_value_component_cAMP_flux_module_variable_cAMP_ecav":1.092200547,"data_set_value_component_cAMP_flux_module_variable_cAMP_cyt":0.992583576,"data_set_value_component_cAMP_flux_module_variable_V_cav":0.0,"data_set_value_component_cAMP_flux_module_variable_V_ecav":0.0,"data_set_value_component_cAMP_flux_module_variable_V_cyt":0.0,"data_set_value_component_cAMP_flux_module_variable_V_cell":0.0,"data_set_value_component_cAMP_flux_module_variable_J_cav_ecav":0.0,"data_set_value_component_cAMP_flux_module_variable_J_cav_cyt":0.0,"data_set_value_component_cAMP_flux_module_variable_J_ecav_cyt":1.5e-17},{"data_set_value_component_environment_variable_time":0.1,"data_set_value_component_beta_1_adrenergic_parameters_variable_L_iso":1.0,"data_set_value_component_beta_1_adrenergic_parameters_variable_K_H":0.035,"data_set_value_component_beta_1_adrenergic_parameters_variable_K_L":0.386,"data_set_value_component_beta_1_adrenergic_parameters_variable_K_C":8.809,"data_set_value_component_muscarinic_parameters_variable_L_ach":0.0,"data_set_value_component_muscarinic_parameters_variable_K_H":0.16,"data_set_value_component_muscarinic_parameters_variable_K_L":11.0,"data_set_value_component_muscarinic_parameters_variable_K_C":30.0,"data_set_value_component_PDE_parameters_variable_k_PDE2":20.0,"data_set_value_component_PDE_parameters_variable_Km_PDE2":50.0,"data_set_value_component_PDE_parameters_variable_k_PDE3":1.25,"data_set_value_component_PDE_parameters_variable_Km_PDE3":0.08,"data_set_value_component_PDE_parameters_variable_k_PDE4":2.5,"data_set_value_component_PDE_parameters_variable_Km_PDE4":2.2,"data_set_value_component_G_s_parameters_variable_k_act1":5.0,"data_set_value_component_G_s_parameters_variable_k_act2":0.1,"data_set_value_component_G_s_parameters_variable_k_hydr":0.8,"data_set_value_component_G_s_parameters_variable_k_reas":1210.0,"data_set_value_component_G_i_parameters_variable_k_act1":2.5,"data_set_value_component_G_i_parameters_variable_k_act2":0.05,"data_set_value_component_G_i_parameters_variable_k_hydr":0.8,"data_set_value_component_G_i_parameters_variable_k_reas":1210.0,"data_set_value_component_caveolar_beta_1_adrenergic_receptor_module_variable_R":0.0175163708,"data_set_value_component_caveolar_beta_1_adrenergic_receptor_module_variable_LR":0.045379199,"data_set_value_component_caveolar_beta_1_adrenergic_receptor_module_variable_LRG":0.5508255364,"data_set_value_component_caveolar_beta_1_adrenergic_receptor_module_variable_RG":0.0192788938,"data_set_value_component_caveolar_beta_1_adrenergic_receptor_module_variable_R_Total":0.633,"data_set_value_component_caveolar_muscarinic_receptor_module_variable_R":0.379902748,"data_set_value_component_caveolar_muscarinic_receptor_module_variable_LR":0.0,"data_set_value_component_caveolar_muscarinic_receptor_module_variable_LRG":0.0,"data_set_value_component_caveolar_muscarinic_receptor_module_variable_RG":0.253097252,"data_set_value_component_caveolar_muscarinic_receptor_module_variable_R_Total":0.633,"data_set_value_component_caveolar_G_s_protein_activation_module_variable_Gs_alpha_GTP":0.3039656108,"data_set_value_component_caveolar_G_s_protein_activation_module_variable_Gs_beta_gamma":0.3046254764,"data_set_value_component_caveolar_G_s_protein_activation_module_variable_Gs_alpha_GDP":0.0006598656,"data_set_value_component_caveolar_G_s_protein_activation_module_variable_Gs_alpha_beta_gamma":9.6953745236,"data_set_value_component_caveolar_G_s_protein_activation_module_variable_Gs_Total":10.0,"data_set_value_component_caveolar_G_i_protein_activation_module_variable_Gi_alpha_GTP":0.0128889648,"data_set_value_component_caveolar_G_i_protein_activation_module_variable_Gi_beta_gamma":0.01351904,"data_set_value_component_caveolar_G_i_protein_activation_module_variable_Gi_alpha_GDP":0.0006300752,"data_set_value_component_caveolar_G_i_protein_activation_module_variable_Gi_alpha_beta_gamma":19.98648096,"data_set_value_component_caveolar_G_i_protein_activation_module_variable_Gi_Total":20.0,"data_set_value_component_extracaveolar_beta_1_adrenergic_receptor_module_variable_R":0.0175793338,"data_set_value_component_extracaveolar_beta_1_adrenergic_receptor_module_variable_LR":0.0455423156,"data_set_value_component_extracaveolar_beta_1_adrenergic_receptor_module_variable_LRG":0.550607102,"data_set_value_component_extracaveolar_beta_1_adrenergic_receptor_module_variable_RG":0.0192712486,"data_set_value_component_extracaveolar_beta_1_adrenergic_receptor_module_variable_R_Total":0.633,"data_set_value_component_extracaveolar_muscarinic_receptor_module_variable_R":0.6126101816,"data_set_value_component_extracaveolar_muscarinic_receptor_module_variable_LR":0.0,"data_set_value_component_extracaveolar_muscarinic_receptor_module_variable_LRG":0.0,"data_set_value_component_extracaveolar_muscarinic_receptor_module_variable_RG":0.0203898184,"data_set_value_component_extracaveolar_muscarinic_receptor_module_variable_R_Total":0.633,"data_set_value_component_extracaveolar_G_s_protein_activation_module_variable_Gs_alpha_GTP":0.3425220158,"data_set_value_component_extracaveolar_G_s_protein_activation_module_variable_Gs_beta_gamma":0.3431819241,"data_set_value_component_extracaveolar_G_s_protein_activation_module_variable_Gs_alpha_GDP":0.0006599064,"data_set_value_component_extracaveolar_G_s_protein_activation_module_variable_Gs_alpha_beta_gamma":9.6568180779,"data_set_value_component_extracaveolar_G_s_protein_activation_module_variable_Gs_Total":10.0,"data_set_value_component_extracaveolar_G_i_protein_activation_module_variable_Gi_alpha_GTP":0.001038362,"data_set_value_component_extracaveolar_G_i_protein_activation_module_variable_Gi_beta_gamma":0.0014951382,"data_set_value_component_extracaveolar_G_i_protein_activation_module_variable_Gi_alpha_GDP":0.0004567762,"data_set_value_component_extracaveolar_G_i_protein_activation_module_variable_Gi_alpha_beta_gamma":0.9985048618,"data_set_value_component_extracaveolar_G_i_protein_activation_module_variable_Gi_Total":1.0,"data_set_value_component_AC56_module_variable_dcAMP_AC_56_dt":9.5730930095,"data_set_value_component_AC56_module_variable_k_AC56":0.0060232009,"data_set_value_component_AC56_module_variable_AC_56":3.379,"data_set_value_component_AC56_module_variable_AF56":500.0,"data_set_value_component_AC56_module_variable_MW_AC56":130.0,"data_set_value_component_AC56_module_variable_ATP":5000.0,"data_set_value_component_AC56_module_variable_Km_ATP":315.0,"data_set_value_component_AC47_ecav_module_variable_dcAMP_AC_47_ecav_dt":0.1889249601,"data_set_value_component_AC47_ecav_module_variable_k_AC47_ecav":0.0077241243,"data_set_value_component_AC47_ecav_module_variable_AC_47_ecav":0.2,"data_set_value_component_AC47_ecav_module_variable_AF47":130.0,"data_set_value_component_AC47_ecav_module_variable_MW_AC47":130.0,"data_set_value_component_AC47_ecav_module_variable_ATP":5000.0,"data_set_value_component_AC47_ecav_module_variable_Km_ATP":315.0,"data_set_value_component_AC47_cyt_module_variable_dcAMP_AC_47_cyt_dt":0.0179627469,"data_set_value_component_AC47_cyt_module_variable_k_AC47_cyt":0.00108,"data_set_value_component_AC47_cyt_module_variable_AC_47_cyt":0.136,"data_set_value_component_AC47_cyt_module_variable_AF47":130.0,"data_set_value_component_AC47_cyt_module_variable_ATP":5000.0,"data_set_value_component_AC47_cyt_module_variable_Km_ATP":315.0,"data_set_value_component_caveolar_PDE_module_variable_dcAMP_cav_PDE2_dt":0.5916172357,"data_set_value_component_caveolar_PDE_module_variable_dcAMP_cav_PDE3_dt":5.6369757802,"data_set_value_component_caveolar_PDE_module_variable_dcAMP_cav_PDE4_dt":0.6536360436,"data_set_value_component_caveolar_PDE_module_variable_PDE2":4.5,"data_set_value_component_caveolar_PDE_module_variable_PDE3":5.6,"data_set_value_component_caveolar_PDE_module_variable_PDE4":2.0,"data_set_value_component_extracaveolar_PDE_module_variable_dcAMP_ecav_PDE2_dt":0.0085714845,"data_set_value_component_extracaveolar_PDE_module_variable_dcAMP_ecav_PDE4_dt":0.1329203964,"data_set_value_component_extracaveolar_PDE_module_variable_PDE2":0.02,"data_set_value_component_extracaveolar_PDE_module_variable_PDE4":0.16,"data_set_value_component_bulk_cytoplasmic_PDE_module_variable_dcAMP_cyt_PDE2_dt":0.0019465917,"data_set_value_component_bulk_cytoplasmic_PDE_module_variable_dcAMP_cyt_PDE3_dt":0.0086757763,"data_set_value_component_bulk_cytoplasmic_PDE_module_variable_dcAMP_cyt_PDE4_dt":0.0038863797,"data_set_value_component_bulk_cytoplasmic_PDE_module_variable_PDE2":0.005,"data_set_value_component_bulk_cytoplasmic_PDE_module_variable_PDE3":0.0075,"data_set_value_component_bulk_cytoplasmic_PDE_module_variable_PDE4":0.005,"data_set_value_component_cAMP_flux_module_variable_cAMP_cav":0.3308511,"data_set_value_component_cAMP_flux_module_variable_cAMP_ecav":1.0948978066,"data_set_value_component_cAMP_flux_module_variable_cAMP_cyt":0.9926180901,"data_set_value_component_cAMP_flux_module_variable_V_cav":0.0,"data_set_value_component_cAMP_flux_module_variable_V_ecav":0.0,"data_set_value_component_cAMP_flux_module_variable_V_cyt":0.0,"data_set_value_component_cAMP_flux_module_variable_V_cell":0.0,"data_set_value_component_cAMP_flux_module_variable_J_cav_ecav":0.0,"data_set_value_component_cAMP_flux_module_variable_J_cav_cyt":0.0,"data_set_value_component_cAMP_flux_module_variable_J_ecav_cyt":1.5e-17},{"data_set_value_component_environment_variable_time":0.2,"data_set_value_component_beta_1_adrenergic_parameters_variable_L_iso":1.0,"data_set_value_component_beta_1_adrenergic_parameters_variable_K_H":0.035,"data_set_value_component_beta_1_adrenergic_parameters_variable_K_L":0.386,"data_set_value_component_beta_1_adrenergic_parameters_variable_K_C":8.809,"data_set_value_component_muscarinic_parameters_variable_L_ach":0.0,"data_set_value_component_muscarinic_parameters_variable_K_H":0.16,"data_set_value_component_muscarinic_parameters_variable_K_L":11.0,"data_set_value_component_muscarinic_parameters_variable_K_C":30.0,"data_set_value_component_PDE_parameters_variable_k_PDE2":20.0,"data_set_value_component_PDE_parameters_variable_Km_PDE2":50.0,"data_set_value_component_PDE_parameters_variable_k_PDE3":1.25,"data_set_value_component_PDE_parameters_variable_Km_PDE3":0.08,"data_set_value_component_PDE_parameters_variable_k_PDE4":2.5,"data_set_value_component_PDE_parameters_variable_Km_PDE4":2.2,"data_set_value_component_G_s_parameters_variable_k_act1":5.0,"data_set_value_component_G_s_parameters_variable_k_act2":0.1,"data_set_value_component_G_s_parameters_variable_k_hydr":0.8,"data_set_value_component_G_s_parameters_variable_k_reas":1210.0,"data_set_value_component_G_i_parameters_variable_k_act1":2.5,"data_set_value_component_G_i_parameters_variable_k_act2":0.05,"data_set_value_component_G_i_parameters_variable_k_hydr":0.8,"data_set_value_component_G_i_parameters_variable_k_reas":1210.0,"data_set_value_component_caveolar_beta_1_adrenergic_receptor_module_variable_R":0.0179177662,"data_set_value_component_caveolar_beta_1_adrenergic_receptor_module_variable_LR":0.0464190833,"data_set_value_component_caveolar_beta_1_adrenergic_receptor_module_variable_LRG":0.5494329957,"data_set_value_component_caveolar_beta_1_adrenergic_receptor_module_variable_RG":0.0192301548,"data_set_value_component_caveolar_beta_1_adrenergic_receptor_module_variable_R_Total":0.633,"data_set_value_component_caveolar_muscarinic_receptor_module_variable_R":0.3799044338,"data_set_value_component_caveolar_muscarinic_receptor_module_variable_LR":0.0,"data_set_value_component_caveolar_muscarinic_receptor_module_variable_LRG":0.0,"data_set_value_component_caveolar_muscarinic_receptor_module_variable_RG":0.2530955662,"data_set_value_component_caveolar_muscarinic_receptor_module_variable_R_Total":0.633,"data_set_value_component_caveolar_G_s_protein_activation_module_variable_Gs_alpha_GTP":0.5451235573,"data_set_value_component_caveolar_G_s_protein_activation_module_variable_Gs_beta_gamma":0.545783857,"data_set_value_component_caveolar_G_s_protein_activation_module_variable_Gs_alpha_GDP":0.0006602997,"data_set_value_component_caveolar_G_s_protein_activation_module_variable_Gs_alpha_beta_gamma":9.454216143,"data_set_value_component_caveolar_G_s_protein_activation_module_variable_Gs_Total":10.0,"data_set_value_component_caveolar_G_i_protein_activation_module_variable_Gi_alpha_GTP":0.0131141999,"data_set_value_component_caveolar_G_i_protein_activation_module_variable_Gi_beta_gamma":0.0137447422,"data_set_value_component_caveolar_G_i_protein_activation_module_variable_Gi_alpha_GDP":0.0006305423,"data_set_value_component_caveolar_G_i_protein_activation_module_variable_Gi_alpha_beta_gamma":19.9862552578,"data_set_value_component_caveolar_G_i_protein_activation_module_variable_Gi_Total":20.0,"data_set_value_component_extracaveolar_beta_1_adrenergic_receptor_module_variable_R":0.0179783939,"data_set_value_component_extracaveolar_beta_1_adrenergic_receptor_module_variable_LR":0.04657615,"data_set_value_component_extracaveolar_beta_1_adrenergic_receptor_module_variable_LRG":0.5492226629,"data_set_value_component_extracaveolar_beta_1_adrenergic_receptor_module_variable_RG":0.0192227932,"data_set_value_component_extracaveolar_beta_1_adrenergic_receptor_module_variable_R_Total":0.633,"data_set_value_component_extracaveolar_muscarinic_receptor_module_variable_R":0.612610575,"data_set_value_component_extracaveolar_muscarinic_receptor_module_variable_LR":0.0,"data_set_value_component_extracaveolar_muscarinic_receptor_module_variable_LRG":0.0,"data_set_value_component_extracaveolar_muscarinic_receptor_module_variable_RG":0.020389425,"data_set_value_component_extracaveolar_muscarinic_receptor_module_variable_R_Total":0.633,"data_set_value_component_extracaveolar_G_s_protein_activation_module_variable_Gs_alpha_GTP":0.5806125332,"data_set_value_component_extracaveolar_G_s_protein_activation_module_variable_Gs_beta_gamma":0.5812729323,"data_set_value_component_extracaveolar_G_s_protein_activation_module_variable_Gs_alpha_GDP":0.0006603971,"data_set_value_component_extracaveolar_G_s_protein_activation_module_variable_Gs_alpha_beta_gamma":9.4187270697,"data_set_value_component_extracaveolar_G_s_protein_activation_module_variable_Gs_Total":10.0,"data_set_value_component_extracaveolar_G_i_protein_activation_module_variable_Gi_alpha_GTP":0.0010565058,"data_set_value_component_extracaveolar_G_i_protein_activation_module_variable_Gi_beta_gamma":0.0015138774,"data_set_value_component_extracaveolar_G_i_protein_activation_module_variable_Gi_alpha_GDP":0.0004573716,"data_set_value_component_extracaveolar_G_i_protein_activation_module_variable_Gi_alpha_beta_gamma":0.9984861226,"data_set_value_component_extracaveolar_G_i_protein_activation_module_variable_Gi_Total":1.0,"data_set_value_component_AC56_module_variable_dcAMP_AC_56_dt":11.0625762201,"data_set_value_component_AC56_module_variable_k_AC56":0.0069603543,"data_set_value_component_AC56_module_variable_AC_56":3.379,"data_set_value_component_AC56_module_variable_AF56":500.0,"data_set_value_component_AC56_module_variable_MW_AC56":130.0,"data_set_value_component_AC56_module_variable_ATP":5000.0,"data_set_value_component_AC56_module_variable_Km_ATP":315.0,"data_set_value_component_AC47_ecav_module_variable_dcAMP_AC_47_ecav_dt":0.1962962276,"data_set_value_component_AC47_ecav_module_variable_k_AC47_ecav":0.0080254958,"data_set_value_component_AC47_ecav_module_variable_AC_47_ecav":0.2,"data_set_value_component_AC47_ecav_module_variable_AF47":130.0,"data_set_value_component_AC47_ecav_module_variable_MW_AC47":130.0,"data_set_value_component_AC47_ecav_module_variable_ATP":5000.0,"data_set_value_component_AC47_ecav_module_variable_Km_ATP":315.0,"data_set_value_component_AC47_cyt_module_variable_dcAMP_AC_47_cyt_dt":0.0179627469,"data_set_value_component_AC47_cyt_module_variable_k_AC47_cyt":0.00108,"data_set_value_component_AC47_cyt_module_variable_AC_47_cyt":0.136,"data_set_value_component_AC47_cyt_module_variable_AF47":130.0,"data_set_value_component_AC47_cyt_module_variable_ATP":5000.0,"data_set_value_component_AC47_cyt_module_variable_Km_ATP":315.0,"data_set_value_component_caveolar_PDE_module_variable_dcAMP_cav_PDE2_dt":1.0946225303,"data_set_value_component_caveolar_PDE_module_variable_dcAMP_cav_PDE3_dt":6.1949523276,"data_set_value_component_caveolar_PDE_module_variable_dcAMP_cav_PDE4_dt":1.0932102909,"data_set_value_component_caveolar_PDE_module_variable_PDE2":4.5,"data_set_value_component_caveolar_PDE_module_variable_PDE3":5.6,"data_set_value_component_caveolar_PDE_module_variable_PDE4":2.0,"data_set_value_component_extracaveolar_PDE_module_variable_dcAMP_ecav_PDE2_dt":0.0086062173,"data_set_value_component_extracaveolar_PDE_module_variable_dcAMP_ecav_PDE4_dt":0.1332874295,"data_set_value_component_extracaveolar_PDE_module_variable_PDE2":0.02,"data_set_value_component_extracaveolar_PDE_module_variable_PDE4":0.16,"data_set_value_component_bulk_cytoplasmic_PDE_module_variable_dcAMP_cyt_PDE2_dt":0.0019468621,"data_set_value_component_bulk_cytoplasmic_PDE_module_variable_dcAMP_cyt_PDE3_dt":0.0086758679,"data_set_value_component_bulk_cytoplasmic_PDE_module_variable_dcAMP_cyt_PDE4_dt":0.0038867591,"data_set_value_component_bulk_cytoplasmic_PDE_module_variable_PDE2":0.005,"data_set_value_component_bulk_cytoplasmic_PDE_module_variable_PDE3":0.0075,"data_set_value_component_bulk_cytoplasmic_PDE_module_variable_PDE4":0.005,"data_set_value_component_cAMP_flux_module_variable_cAMP_cav":0.6156109796,"data_set_value_component_cAMP_flux_module_variable_cAMP_ecav":1.0994320377,"data_set_value_component_cAMP_flux_module_variable_cAMP_cyt":0.9927587151,"data_set_value_component_cAMP_flux_module_variable_V_cav":0.0,"data_set_value_component_cAMP_flux_module_variable_V_ecav":0.0,"data_set_value_component_cAMP_flux_module_variable_V_cyt":0.0,"data_set_value_component_cAMP_flux_module_variable_V_cell":0.0,"data_set_value_component_cAMP_flux_module_variable_J_cav_ecav":0.0,"data_set_value_component_cAMP_flux_module_variable_J_cav_cyt":0.0,"data_set_value_component_cAMP_flux_module_variable_J_ecav_cyt":1.5e-17},{"data_set_value_component_environment_variable_time":0.3,"data_set_value_component_beta_1_adrenergic_parameters_variable_L_iso":1.0,"data_set_value_component_beta_1_adrenergic_parameters_variable_K_H":0.035,"data_set_value_component_beta_1_adrenergic_parameters_variable_K_L":0.386,"data_set_value_component_beta_1_adrenergic_parameters_variable_K_C":8.809,"data_set_value_component_muscarinic_parameters_variable_L_ach":0.0,"data_set_value_component_muscarinic_parameters_variable_K_H":0.16,"data_set_value_component_muscarinic_parameters_variable_K_L":11.0,"data_set_value_component_muscarinic_parameters_variable_K_C":30.0,"data_set_value_component_PDE_parameters_variable_k_PDE2":20.0,"data_set_value_component_PDE_parameters_variable_Km_PDE2":50.0,"data_set_value_component_PDE_parameters_variable_k_PDE3":1.25,"data_set_value_component_PDE_parameters_variable_Km_PDE3":0.08,"data_set_value_component_PDE_parameters_variable_k_PDE4":2.5,"data_set_value_component_PDE_parameters_variable_Km_PDE4":2.2,"data_set_value_component_G_s_parameters_variable_k_act1":5.0,"data_set_value_component_G_s_parameters_variable_k_act2":0.1,"data_set_value_component_G_s_parameters_variable_k_hydr":0.8,"data_set_value_component_G_s_parameters_variable_k_reas":1210.0,"data_set_value_component_G_i_parameters_variable_k_act1":2.5,"data_set_value_component_G_i_parameters_variable_k_act2":0.05,"data_set_value_component_G_i_parameters_variable_k_hydr":0.8,"data_set_value_component_G_i_parameters_variable_k_reas":1210.0,"data_set_value_component_caveolar_beta_1_adrenergic_receptor_module_variable_R":0.0183038156,"data_set_value_component_caveolar_beta_1_adrenergic_receptor_module_variable_LR":0.0474192113,"data_set_value_component_caveolar_beta_1_adrenergic_receptor_module_variable_LRG":0.5480936939,"data_set_value_component_caveolar_beta_1_adrenergic_receptor_module_variable_RG":0.0191832793,"data_set_value_component_caveolar_beta_1_adrenergic_receptor_module_variable_R_Total":0.633,"data_set_value_component_caveolar_muscarinic_receptor_module_variable_R":0.3799060174,"data_set_value_component_caveolar_muscarinic_receptor_module_variable_LR":0.0,"data_set_value_component_caveolar_muscarinic_receptor_module_variable_LRG":0.0,"data_set_value_component_caveolar_muscarinic_receptor_module_variable_RG":0.2530939826,"data_set_value_component_caveolar_muscarinic_receptor_module_variable_R_Total":0.633,"data_set_value_component_caveolar_G_s_protein_activation_module_variable_Gs_alpha_GTP":0.7670836176,"data_set_value_component_caveolar_G_s_protein_activation_module_variable_Gs_beta_gamma":0.7677442042,"data_set_value_component_caveolar_G_s_protein_activation_module_variable_Gs_alpha_GDP":0.0006605865,"data_set_value_component_caveolar_G_s_protein_activation_module_variable_Gs_alpha_beta_gamma":9.2322557958,"data_set_value_component_caveolar_G_s_protein_activation_module_variable_Gs_Total":10.0,"data_set_value_component_caveolar_G_i_protein_activation_module_variable_Gi_alpha_GTP":0.0133221101,"data_set_value_component_caveolar_G_i_protein_activation_module_variable_Gi_beta_gamma":0.0139531089,"data_set_value_component_caveolar_G_i_protein_activation_module_variable_Gi_alpha_GDP":0.0006309988,"data_set_value_component_caveolar_G_i_protein_activation_module_variable_Gi_alpha_beta_gamma":19.9860468911,"data_set_value_component_caveolar_G_i_protein_activation_module_variable_Gi_Total":20.0,"data_set_value_component_extracaveolar_beta_1_adrenergic_receptor_module_variable_R":0.0183620311,"data_set_value_component_extracaveolar_beta_1_adrenergic_receptor_module_variable_LR":0.0475700287,"data_set_value_component_extracaveolar_beta_1_adrenergic_receptor_module_variable_LRG":0.5478917297,"data_set_value_component_extracaveolar_beta_1_adrenergic_receptor_module_variable_RG":0.0191762105,"data_set_value_component_extracaveolar_beta_1_adrenergic_receptor_module_variable_R_Total":0.633,"data_set_value_component_extracaveolar_muscarinic_receptor_module_variable_R":0.6126108898,"data_set_value_component_extracaveolar_muscarinic_receptor_module_variable_LR":0.0,"data_set_value_component_extracaveolar_muscarinic_receptor_module_variable_LRG":0.0,"data_set_value_component_extracaveolar_muscarinic_receptor_module_variable_RG":0.0203891102,"data_set_value_component_extracaveolar_muscarinic_receptor_module_variable_R_Total":0.633,"data_set_value_component_extracaveolar_G_s_protein_activation_module_variable_Gs_alpha_GTP":0.7997449645,"data_set_value_component_extracaveolar_G_s_protein_activation_module_variable_Gs_beta_gamma":0.8004055763,"data_set_value_component_extracaveolar_G_s_protein_activation_module_variable_Gs_alpha_GDP":0.0006606099,"data_set_value_component_extracaveolar_G_s_protein_activation_module_variable_Gs_alpha_beta_gamma":9.1995944257,"data_set_value_component_extracaveolar_G_s_protein_activation_module_variable_Gs_Total":10.0,"data_set_value_component_extracaveolar_G_i_protein_activation_module_variable_Gi_alpha_GTP":0.0010732529,"data_set_value_component_extracaveolar_G_i_protein_activation_module_variable_Gi_beta_gamma":0.0015314754,"data_set_value_component_extracaveolar_G_i_protein_activation_module_variable_Gi_alpha_GDP":0.0004582224,"data_set_value_component_extracaveolar_G_i_protein_activation_module_variable_Gi_alpha_beta_gamma":0.9984685246,"data_set_value_component_extracaveolar_G_i_protein_activation_module_variable_Gi_Total":1.0,"data_set_value_component_AC56_module_variable_dcAMP_AC_56_dt":11.7697420317,"data_set_value_component_AC56_module_variable_k_AC56":0.007405289,"data_set_value_component_AC56_module_variable_AC_56":3.379,"data_set_value_component_AC56_module_variable_AF56":500.0,"data_set_value_component_AC56_module_variable_MW_AC56":130.0,"data_set_value_component_AC56_module_variable_ATP":5000.0,"data_set_value_component_AC56_module_variable_Km_ATP":315.0,"data_set_value_component_AC47_ecav_module_variable_dcAMP_AC_47_ecav_dt":0.1998684231,"data_set_value_component_AC47_ecav_module_variable_k_AC47_ecav":0.0081715436,"data_set_value_component_AC47_ecav_module_variable_AC_47_ecav":0.2,"data_set_value_component_AC47_ecav_module_variable_AF47":130.0,"data_set_value_component_AC47_ecav_module_variable_MW_AC47":130.0,"data_set_value_component_AC47_ecav_module_variable_ATP":5000.0,"data_set_value_component_AC47_ecav_module_variable_Km_ATP":315.0,"data_set_value_component_AC47_cyt_module_variable_dcAMP_AC_47_cyt_dt":0.0179627469,"data_set_value_component_AC47_cyt_module_variable_k_AC47_cyt":0.00108,"data_set_value_component_AC47_cyt_module_variable_AC_47_cyt":0.136,"data_set_value_component_AC47_cyt_module_variable_AF47":130.0,"data_set_value_component_AC47_cyt_module_variable_ATP":5000.0,"data_set_value_component_AC47_cyt_module_variable_Km_ATP":315.0,"data_set_value_component_caveolar_PDE_module_variable_dcAMP_cav_PDE2_dt":1.5481998224,"data_set_value_component_caveolar_PDE_module_variable_dcAMP_cav_PDE3_dt":6.4137143565,"data_set_value_component_caveolar_PDE_module_variable_dcAMP_cav_PDE4_dt":1.4229571058,"data_set_value_component_caveolar_PDE_module_variable_PDE2":4.5,"data_set_value_component_caveolar_PDE_module_variable_PDE3":5.6,"data_set_value_component_caveolar_PDE_module_variable_PDE4":2.0,"data_set_value_component_extracaveolar_PDE_module_variable_dcAMP_ecav_PDE2_dt":0.0086465213,"data_set_value_component_extracaveolar_PDE_module_variable_dcAMP_ecav_PDE4_dt":0.1337121535,"data_set_value_component_extracaveolar_PDE_module_variable_PDE2":0.02,"data_set_value_component_extracaveolar_PDE_module_variable_PDE4":0.16,"data_set_value_component_bulk_cytoplasmic_PDE_module_variable_dcAMP_cyt_PDE2_dt":0.0019473405,"data_set_value_component_bulk_cytoplasmic_PDE_module_variable_dcAMP_cyt_PDE3_dt":0.00867603,"data_set_value_component_bulk_cytoplasmic_PDE_module_variable_dcAMP_cyt_PDE4_dt":0.0038874301,"data_set_value_component_bulk_cytoplasmic_PDE_module_variable_PDE2":0.005,"data_set_value_component_bulk_cytoplasmic_PDE_module_variable_PDE3":0.0075,"data_set_value_component_bulk_cytoplasmic_PDE_module_variable_PDE4":0.005,"data_set_value_component_cAMP_flux_module_variable_cAMP_cav":0.8751658074,"data_set_value_component_cAMP_flux_module_variable_cAMP_ecav":1.104694569,"data_set_value_component_cAMP_flux_module_variable_cAMP_cyt":0.9930074634,"data_set_value_component_cAMP_flux_module_variable_V_cav":0.0,"data_set_value_component_cAMP_flux_module_variable_V_ecav":0.0,"data_set_value_component_cAMP_flux_module_variable_V_cyt":0.0,"data_set_value_component_cAMP_flux_module_variable_V_cell":0.0,"data_set_value_component_cAMP_flux_module_variable_J_cav_ecav":0.0,"data_set_value_component_cAMP_flux_module_variable_J_cav_cyt":0.0,"data_set_value_component_cAMP_flux_module_variable_J_ecav_cyt":1.5e-17},{"data_set_value_component_environment_variable_time":0.4,"data_set_value_component_beta_1_adrenergic_parameters_variable_L_iso":1.0,"data_set_value_component_beta_1_adrenergic_parameters_variable_K_H":0.035,"data_set_value_component_beta_1_adrenergic_parameters_variable_K_L":0.386,"data_set_value_component_beta_1_adrenergic_parameters_variable_K_C":8.809,"data_set_value_component_muscarinic_parameters_variable_L_ach":0.0,"data_set_value_component_muscarinic_parameters_variable_K_H":0.16,"data_set_value_component_muscarinic_parameters_variable_K_L":11.0,"data_set_value_component_muscarinic_parameters_variable_K_C":30.0,"data_set_value_component_PDE_parameters_variable_k_PDE2":20.0,"data_set_value_component_PDE_parameters_variable_Km_PDE2":50.0,"data_set_value_component_PDE_parameters_variable_k_PDE3":1.25,"data_set_value_component_PDE_parameters_variable_Km_PDE3":0.08,"data_set_value_component_PDE_parameters_variable_k_PDE4":2.5,"data_set_value_component_PDE_parameters_variable_Km_PDE4":2.2,"data_set_value_component_G_s_parameters_variable_k_act1":5.0,"data_set_value_component_G_s_parameters_variable_k_act2":0.1,"data_set_value_component_G_s_parameters_variable_k_hydr":0.8,"data_set_value_component_G_s_parameters_variable_k_reas":1210.0,"data_set_value_component_G_i_parameters_variable_k_act1":2.5,"data_set_value_component_G_i_parameters_variable_k_act2":0.05,"data_set_value_component_G_i_parameters_variable_k_hydr":0.8,"data_set_value_component_G_i_parameters_variable_k_reas":1210.0,"data_set_value_component_caveolar_beta_1_adrenergic_receptor_module_variable_R":0.0186740834,"data_set_value_component_caveolar_beta_1_adrenergic_receptor_module_variable_LR":0.0483784543,"data_set_value_component_caveolar_beta_1_adrenergic_receptor_module_variable_LRG":0.5468091423,"data_set_value_component_caveolar_beta_1_adrenergic_receptor_module_variable_RG":0.01913832,"data_set_value_component_caveolar_beta_1_adrenergic_receptor_module_variable_R_Total":0.633,"data_set_value_component_caveolar_muscarinic_receptor_module_variable_R":0.3799074993,"data_set_value_component_caveolar_muscarinic_receptor_module_variable_LR":0.0,"data_set_value_component_caveolar_muscarinic_receptor_module_variable_LRG":0.0,"data_set_value_component_caveolar_muscarinic_receptor_module_variable_RG":0.2530925007,"data_set_value_component_caveolar_muscarinic_receptor_module_variable_R_Total":0.633,"data_set_value_component_caveolar_G_s_protein_activation_module_variable_Gs_alpha_GTP":0.9713480732,"data_set_value_component_caveolar_G_s_protein_activation_module_variable_Gs_beta_gamma":0.9720087801,"data_set_value_component_caveolar_G_s_protein_activation_module_variable_Gs_alpha_GDP":0.0006607068,"data_set_value_component_caveolar_G_s_protein_activation_module_variable_Gs_alpha_beta_gamma":9.0279912199,"data_set_value_component_caveolar_G_s_protein_activation_module_variable_Gs_Total":10.0,"data_set_value_component_caveolar_G_i_protein_activation_module_variable_Gi_alpha_GTP":0.0135140283,"data_set_value_component_caveolar_G_i_protein_activation_module_variable_Gi_beta_gamma":0.0141454427,"data_set_value_component_caveolar_G_i_protein_activation_module_variable_Gi_alpha_GDP":0.0006314144,"data_set_value_component_caveolar_G_i_protein_activation_module_variable_Gi_alpha_beta_gamma":19.9858545573,"data_set_value_component_caveolar_G_i_protein_activation_module_variable_Gi_Total":20.0,"data_set_value_component_extracaveolar_beta_1_adrenergic_receptor_module_variable_R":0.0187298321,"data_set_value_component_extracaveolar_beta_1_adrenergic_receptor_module_variable_LR":0.048522881,"data_set_value_component_extracaveolar_beta_1_adrenergic_receptor_module_variable_LRG":0.5466157361,"data_set_value_component_extracaveolar_beta_1_adrenergic_receptor_module_variable_RG":0.0191315508,"data_set_value_component_extracaveolar_beta_1_adrenergic_receptor_module_variable_R_Total":0.633,"data_set_value_component_extracaveolar_muscarinic_receptor_module_variable_R":0.6126111904,"data_set_value_component_extracaveolar_muscarinic_receptor_module_variable_LR":0.0,"data_set_value_component_extracaveolar_muscarinic_receptor_module_variable_LRG":0.0,"data_set_value_component_extracaveolar_muscarinic_receptor_module_variable_RG":0.0203888096,"data_set_value_component_extracaveolar_muscarinic_receptor_module_variable_R_Total":0.633,"data_set_value_component_extracaveolar_G_s_protein_activation_module_variable_Gs_alpha_GTP":1.0014032599,"data_set_value_component_extracaveolar_G_s_protein_activation_module_variable_Gs_beta_gamma":1.0020639823,"data_set_value_component_extracaveolar_G_s_protein_activation_module_variable_Gs_alpha_GDP":0.0006607204,"data_set_value_component_extracaveolar_G_s_protein_activation_module_variable_Gs_alpha_beta_gamma":8.9979360197,"data_set_value_component_extracaveolar_G_s_protein_activation_module_variable_Gs_Total":10.0,"data_set_value_component_extracaveolar_G_i_protein_activation_module_variable_Gi_alpha_GTP":0.0010887108,"data_set_value_component_extracaveolar_G_i_protein_activation_module_variable_Gi_beta_gamma":0.0015479526,"data_set_value_component_extracaveolar_G_i_protein_activation_module_variable_Gi_alpha_GDP":0.0004592417,"data_set_value_component_extracaveolar_G_i_protein_activation_module_variable_Gi_alpha_beta_gamma":0.9984520474,"data_set_value_component_extracaveolar_G_i_protein_activation_module_variable_Gi_Total":1.0,"data_set_value_component_AC56_module_variable_dcAMP_AC_56_dt":12.1795593118,"data_set_value_component_AC56_module_variable_k_AC56":0.0076631379,"data_set_value_component_AC56_module_variable_AC_56":3.379,"data_set_value_component_AC56_module_variable_AF56":500.0,"data_set_value_component_AC56_module_variable_MW_AC56":130.0,"data_set_value_component_AC56_module_variable_ATP":5000.0,"data_set_value_component_AC56_module_variable_Km_ATP":315.0,"data_set_value_component_AC47_ecav_module_variable_dcAMP_AC_47_ecav_dt":0.2021814791,"data_set_value_component_AC47_ecav_module_variable_k_AC47_ecav":0.008266112,"data_set_value_component_AC47_ecav_module_variable_AC_47_ecav":0.2,"data_set_value_component_AC47_ecav_module_variable_AF47":130.0,"data_set_value_component_AC47_ecav_module_variable_MW_AC47":130.0,"data_set_value_component_AC47_ecav_module_variable_ATP":5000.0,"data_set_value_component_AC47_ecav_module_variable_Km_ATP":315.0,"data_set_value_component_AC47_cyt_module_variable_dcAMP_AC_47_cyt_dt":0.0179627469,"data_set_value_component_AC47_cyt_module_variable_k_AC47_cyt":0.00108,"data_set_value_component_AC47_cyt_module_variable_AC_47_cyt":0.136,"data_set_value_component_AC47_cyt_module_variable_AF47":130.0,"data_set_value_component_AC47_cyt_module_variable_ATP":5000.0,"data_set_value_component_AC47_cyt_module_variable_Km_ATP":315.0,"data_set_value_component_caveolar_PDE_module_variable_dcAMP_cav_PDE2_dt":1.9330811568,"data_set_value_component_caveolar_PDE_module_variable_dcAMP_cav_PDE3_dt":6.5244189537,"data_set_value_component_caveolar_PDE_module_variable_dcAMP_cav_PDE4_dt":1.6641465574,"data_set_value_component_caveolar_PDE_module_variable_PDE2":4.5,"data_set_value_component_caveolar_PDE_module_variable_PDE3":5.6,"data_set_value_component_caveolar_PDE_module_variable_PDE4":2.0,"data_set_value_component_extracaveolar_PDE_module_variable_dcAMP_ecav_PDE2_dt":0.0086904082,"data_set_value_component_extracaveolar_PDE_module_variable_dcAMP_ecav_PDE4_dt":0.1341731981,"data_set_value_component_extracaveolar_PDE_module_variable_PDE2":0.02,"data_set_value_component_extracaveolar_PDE_module_variable_PDE4":0.16,"data_set_value_component_bulk_cytoplasmic_PDE_module_variable_dcAMP_cyt_PDE2_dt":0.0019480013,"data_set_value_component_bulk_cytoplasmic_PDE_module_variable_dcAMP_cyt_PDE3_dt":0.0086762538,"data_set_value_component_bulk_cytoplasmic_PDE_module_variable_dcAMP_cyt_PDE4_dt":0.0038883569,"data_set_value_component_bulk_cytoplasmic_PDE_module_variable_PDE2":0.005,"data_set_value_component_bulk_cytoplasmic_PDE_module_variable_PDE3":0.0075,"data_set_value_component_bulk_cytoplasmic_PDE_module_variable_PDE4":0.005,"data_set_value_component_cAMP_flux_module_variable_cAMP_cav":1.0975069766,"data_set_value_component_cAMP_flux_module_variable_cAMP_ecav":1.1104261633,"data_set_value_component_cAMP_flux_module_variable_cAMP_cyt":0.9933511172,"data_set_value_component_cAMP_flux_module_variable_V_cav":0.0,"data_set_value_component_cAMP_flux_module_variable_V_ecav":0.0,"data_set_value_component_cAMP_flux_module_variable_V_cyt":0.0,"data_set_value_component_cAMP_flux_module_variable_V_cell":0.0,"data_set_value_component_cAMP_flux_module_variable_J_cav_ecav":0.0,"data_set_value_component_cAMP_flux_module_variable_J_cav_cyt":0.0,"data_set_value_component_cAMP_flux_module_variable_J_ecav_cyt":1.5e-17},{"data_set_value_component_environment_variable_time":0.5,"data_set_value_component_beta_1_adrenergic_parameters_variable_L_iso":1.0,"data_set_value_component_beta_1_adrenergic_parameters_variable_K_H":0.035,"data_set_value_component_beta_1_adrenergic_parameters_variable_K_L":0.386,"data_set_value_component_beta_1_adrenergic_parameters_variable_K_C":8.809,"data_set_value_component_muscarinic_parameters_variable_L_ach":0.0,"data_set_value_component_muscarinic_parameters_variable_K_H":0.16,"data_set_value_component_muscarinic_parameters_variable_K_L":11.0,"data_set_value_component_muscarinic_parameters_variable_K_C":30.0,"data_set_value_component_PDE_parameters_variable_k_PDE2":20.0,"data_set_value_component_PDE_parameters_variable_Km_PDE2":50.0,"data_set_value_component_PDE_parameters_variable_k_PDE3":1.25,"data_set_value_component_PDE_parameters_variable_Km_PDE3":0.08,"data_set_value_component_PDE_parameters_variable_k_PDE4":2.5,"data_set_value_component_PDE_parameters_variable_Km_PDE4":2.2,"data_set_value_component_G_s_parameters_variable_k_act1":5.0,"data_set_value_component_G_s_parameters_variable_k_act2":0.1,"data_set_value_component_G_s_parameters_variable_k_hydr":0.8,"data_set_value_component_G_s_parameters_variable_k_reas":1210.0,"data_set_value_component_G_i_parameters_variable_k_act1":2.5,"data_set_value_component_G_i_parameters_variable_k_act2":0.05,"data_set_value_component_G_i_parameters_variable_k_hydr":0.8,"data_set_value_component_G_i_parameters_variable_k_reas":1210.0,"data_set_value_component_caveolar_beta_1_adrenergic_receptor_module_variable_R":0.0190282742,"data_set_value_component_caveolar_beta_1_adrenergic_receptor_module_variable_LR":0.0492960471,"data_set_value_component_caveolar_beta_1_adrenergic_receptor_module_variable_LRG":0.545580366,"data_set_value_component_caveolar_beta_1_adrenergic_receptor_module_variable_RG":0.0190953128,"data_set_value_component_caveolar_beta_1_adrenergic_receptor_module_variable_R_Total":0.633,"data_set_value_component_caveolar_muscarinic_receptor_module_variable_R":0.3799088374,"data_set_value_component_caveolar_muscarinic_receptor_module_variable_LR":0.0,"data_set_value_component_caveolar_muscarinic_receptor_module_variable_LRG":0.0,"data_set_value_component_caveolar_muscarinic_receptor_module_variable_RG":0.2530911626,"data_set_value_component_caveolar_muscarinic_receptor_module_variable_R_Total":0.633,"data_set_value_component_caveolar_G_s_protein_activation_module_variable_Gs_alpha_GTP":1.1593041701,"data_set_value_component_caveolar_G_s_protein_activation_module_variable_Gs_beta_gamma":1.15996495,"data_set_value_component_caveolar_G_s_protein_activation_module_variable_Gs_alpha_GDP":0.00066078,"data_set_value_component_caveolar_G_s_protein_activation_module_variable_Gs_alpha_beta_gamma":8.84003505,"data_set_value_component_caveolar_G_s_protein_activation_module_variable_Gs_Total":10.0,"data_set_value_component_caveolar_G_i_protein_activation_module_variable_Gi_alpha_GTP":0.0136911847,"data_set_value_component_caveolar_G_i_protein_activation_module_variable_Gi_beta_gamma":0.0143229733,"data_set_value_component_caveolar_G_i_protein_activation_module_variable_Gi_alpha_GDP":0.0006317886,"data_set_value_component_caveolar_G_i_protein_activation_module_variable_Gi_alpha_beta_gamma":19.9856770267,"data_set_value_component_caveolar_G_i_protein_activation_module_variable_Gi_Total":20.0,"data_set_value_component_extracaveolar_beta_1_adrenergic_receptor_module_variable_R":0.0190815224,"data_set_value_component_extracaveolar_beta_1_adrenergic_receptor_module_variable_LR":0.0494339959,"data_set_value_component_extracaveolar_beta_1_adrenergic_receptor_module_variable_LRG":0.5453956345,"data_set_value_component_extracaveolar_beta_1_adrenergic_receptor_module_variable_RG":0.0190888472,"data_set_value_component_extracaveolar_beta_1_adrenergic_receptor_module_variable_R_Total":0.633,"data_set_value_component_extracaveolar_muscarinic_receptor_module_variable_R":0.6126115414,"data_set_value_component_extracaveolar_muscarinic_receptor_module_variable_LR":0.0,"data_set_value_component_extracaveolar_muscarinic_receptor_module_variable_LRG":0.0,"data_set_value_component_extracaveolar_muscarinic_receptor_module_variable_RG":0.0203884586,"data_set_value_component_extracaveolar_muscarinic_receptor_module_variable_R_Total":0.633,"data_set_value_component_extracaveolar_G_s_protein_activation_module_variable_Gs_alpha_GTP":1.1869577097,"data_set_value_component_extracaveolar_G_s_protein_activation_module_variable_Gs_beta_gamma":1.1876185004,"data_set_value_component_extracaveolar_G_s_protein_activation_module_variable_Gs_alpha_GDP":0.0006607888,"data_set_value_component_extracaveolar_G_s_protein_activation_module_variable_Gs_alpha_beta_gamma":8.8123815016,"data_set_value_component_extracaveolar_G_s_protein_activation_module_variable_Gs_Total":10.0,"data_set_value_component_extracaveolar_G_i_protein_activation_module_variable_Gi_alpha_GTP":0.0011029788,"data_set_value_component_extracaveolar_G_i_protein_activation_module_variable_Gi_beta_gamma":0.0015633417,"data_set_value_component_extracaveolar_G_i_protein_activation_module_variable_Gi_alpha_GDP":0.0004603629,"data_set_value_component_extracaveolar_G_i_protein_activation_module_variable_Gi_alpha_beta_gamma":0.9984366583,"data_set_value_component_extracaveolar_G_i_protein_activation_module_variable_Gi_Total":1.0,"data_set_value_component_AC56_module_variable_dcAMP_AC_56_dt":12.4447897163,"data_set_value_component_AC56_module_variable_k_AC56":0.0078300157,"data_set_value_component_AC56_module_variable_AC_56":3.379,"data_set_value_component_AC56_module_variable_AF56":500.0,"data_set_value_component_AC56_module_variable_MW_AC56":130.0,"data_set_value_component_AC56_module_variable_ATP":5000.0,"data_set_value_component_AC56_module_variable_Km_ATP":315.0,"data_set_value_component_AC47_ecav_module_variable_dcAMP_AC_47_ecav_dt":0.2039009502,"data_set_value_component_AC47_ecav_module_variable_k_AC47_ecav":0.0083364119,"data_set_value_component_AC47_ecav_module_variable_AC_47_ecav":0.2,"data_set_value_component_AC47_ecav_module_variable_AF47":130.0,"data_set_value_component_AC47_ecav_module_variable_MW_AC47":130.0,"data_set_value_component_AC47_ecav_module_variable_ATP":5000.0,"data_set_value_component_AC47_ecav_module_variable_Km_ATP":315.0,"data_set_value_component_AC47_cyt_module_variable_dcAMP_AC_47_cyt_dt":0.0179627469,"data_set_value_component_AC47_cyt_module_variable_k_AC47_cyt":0.00108,"data_set_value_component_AC47_cyt_module_variable_AC_47_cyt":0.136,"data_set_value_component_AC47_cyt_module_variable_AF47":130.0,"data_set_value_component_AC47_cyt_module_variable_ATP":5000.0,"data_set_value_component_AC47_cyt_module_variable_Km_ATP":315.0,"data_set_value_component_caveolar_PDE_module_variable_dcAMP_cav_PDE2_dt":2.2532393902,"data_set_value_component_caveolar_PDE_module_variable_dcAMP_cav_PDE3_dt":6.5894261053,"data_set_value_component_caveolar_PDE_module_variable_dcAMP_cav_PDE4_dt":1.8426592209,"data_set_value_component_caveolar_PDE_module_variable_PDE2":4.5,"data_set_value_component_caveolar_PDE_module_variable_PDE3":5.6,"data_set_value_component_caveolar_PDE_module_variable_PDE4":2.0,"data_set_value_component_extracaveolar_PDE_module_variable_dcAMP_ecav_PDE2_dt":0.0087369036,"data_set_value_component_extracaveolar_PDE_module_variable_dcAMP_ecav_PDE4_dt":0.1346600197,"data_set_value_component_extracaveolar_PDE_module_variable_PDE2":0.02,"data_set_value_component_extracaveolar_PDE_module_variable_PDE4":0.16,"data_set_value_component_bulk_cytoplasmic_PDE_module_variable_dcAMP_cyt_PDE2_dt":0.0019488162,"data_set_value_component_bulk_cytoplasmic_PDE_module_variable_dcAMP_cyt_PDE3_dt":0.0086765296,"data_set_value_component_bulk_cytoplasmic_PDE_module_variable_dcAMP_cyt_PDE4_dt":0.0038894998,"data_set_value_component_bulk_cytoplasmic_PDE_module_variable_PDE2":0.005,"data_set_value_component_bulk_cytoplasmic_PDE_module_variable_PDE3":0.0075,"data_set_value_component_bulk_cytoplasmic_PDE_module_variable_PDE4":0.005,"data_set_value_component_cAMP_flux_module_variable_cAMP_cav":1.2839444867,"data_set_value_component_cAMP_flux_module_variable_cAMP_ecav":1.116499832,"data_set_value_component_cAMP_flux_module_variable_cAMP_cyt":0.9937749708,"data_set_value_component_cAMP_flux_module_variable_V_cav":0.0,"data_set_value_component_cAMP_flux_module_variable_V_ecav":0.0,"data_set_value_component_cAMP_flux_module_variable_V_cyt":0.0,"data_set_value_component_cAMP_flux_module_variable_V_cell":0.0,"data_set_value_component_cAMP_flux_module_variable_J_cav_ecav":0.0,"data_set_value_component_cAMP_flux_module_variable_J_cav_cyt":0.0,"data_set_value_component_cAMP_flux_module_variable_J_ecav_cyt":1.5e-17},{"data_set_value_component_environment_variable_time":0.6,"data_set_value_component_beta_1_adrenergic_parameters_variable_L_iso":1.0,"data_set_value_component_beta_1_adrenergic_parameters_variable_K_H":0.035,"data_set_value_component_beta_1_adrenergic_parameters_variable_K_L":0.386,"data_set_value_component_beta_1_adrenergic_parameters_variable_K_C":8.809,"data_set_value_component_muscarinic_parameters_variable_L_ach":0.0,"data_set_value_component_muscarinic_parameters_variable_K_H":0.16,"data_set_value_component_muscarinic_parameters_variable_K_L":11.0,"data_set_value_component_muscarinic_parameters_variable_K_C":30.0,"data_set_value_component_PDE_parameters_variable_k_PDE2":20.0,"data_set_value_component_PDE_parameters_variable_Km_PDE2":50.0,"data_set_value_component_PDE_parameters_variable_k_PDE3":1.25,"data_set_value_component_PDE_parameters_variable_Km_PDE3":0.08,"data_set_value_component_PDE_parameters_variable_k_PDE4":2.5,"data_set_value_component_PDE_parameters_variable_Km_PDE4":2.2,"data_set_value_component_G_s_parameters_variable_k_act1":5.0,"data_set_value_component_G_s_parameters_variable_k_act2":0.1,"data_set_value_component_G_s_parameters_variable_k_hydr":0.8,"data_set_value_component_G_s_parameters_variable_k_reas":1210.0,"data_set_value_component_G_i_parameters_variable_k_act1":2.5,"data_set_value_component_G_i_parameters_variable_k_act2":0.05,"data_set_value_component_G_i_parameters_variable_k_hydr":0.8,"data_set_value_component_G_i_parameters_variable_k_reas":1210.0,"data_set_value_component_caveolar_beta_1_adrenergic_receptor_module_variable_R":0.0193662246,"data_set_value_component_caveolar_beta_1_adrenergic_receptor_module_variable_LR":0.0501715664,"data_set_value_component_caveolar_beta_1_adrenergic_receptor_module_variable_LRG":0.5444079313,"data_set_value_component_caveolar_beta_1_adrenergic_receptor_module_variable_RG":0.0190542776,"data_set_value_component_caveolar_beta_1_adrenergic_receptor_module_variable_R_Total":0.633,"data_set_value_component_caveolar_muscarinic_receptor_module_variable_R":0.3799100739,"data_set_value_component_caveolar_muscarinic_receptor_module_variable_LR":0.0,"data_set_value_component_caveolar_muscarinic_receptor_module_variable_LRG":0.0,"data_set_value_component_caveolar_muscarinic_receptor_module_variable_RG":0.2530899261,"data_set_value_component_caveolar_muscarinic_receptor_module_variable_R_Total":0.633,"data_set_value_component_caveolar_G_s_protein_activation_module_variable_Gs_alpha_GTP":1.3322326804,"data_set_value_component_caveolar_G_s_protein_activation_module_variable_Gs_beta_gamma":1.3328935094,"data_set_value_component_caveolar_G_s_protein_activation_module_variable_Gs_alpha_GDP":0.000660829,"data_set_value_component_caveolar_G_s_protein_activation_module_variable_Gs_alpha_beta_gamma":8.6671064906,"data_set_value_component_caveolar_G_s_protein_activation_module_variable_Gs_Total":10.0,"data_set_value_component_caveolar_G_i_protein_activation_module_variable_Gi_alpha_GTP":0.0138547148,"data_set_value_component_caveolar_G_i_protein_activation_module_variable_Gi_beta_gamma":0.0144868402,"data_set_value_component_caveolar_G_i_protein_activation_module_variable_Gi_alpha_GDP":0.0006321254,"data_set_value_component_caveolar_G_i_protein_activation_module_variable_Gi_alpha_beta_gamma":19.9855131598,"data_set_value_component_caveolar_G_i_protein_activation_module_variable_Gi_Total":20.0,"data_set_value_component_extracaveolar_beta_1_adrenergic_receptor_module_variable_R":0.0194169585,"data_set_value_component_extracaveolar_beta_1_adrenergic_receptor_module_variable_LR":0.0503030012,"data_set_value_component_extracaveolar_beta_1_adrenergic_receptor_module_variable_LRG":0.544231923,"data_set_value_component_extracaveolar_beta_1_adrenergic_receptor_module_variable_RG":0.0190481173,"data_set_value_component_extracaveolar_beta_1_adrenergic_receptor_module_variable_R_Total":0.633,"data_set_value_component_extracaveolar_muscarinic_receptor_module_variable_R":0.6126118507,"data_set_value_component_extracaveolar_muscarinic_receptor_module_variable_LR":0.0,"data_set_value_component_extracaveolar_muscarinic_receptor_module_variable_LRG":0.0,"data_set_value_component_extracaveolar_muscarinic_receptor_module_variable_RG":0.0203881493,"data_set_value_component_extracaveolar_muscarinic_receptor_module_variable_R_Total":0.633,"data_set_value_component_extracaveolar_G_s_protein_activation_module_variable_Gs_alpha_GTP":1.3576734022,"data_set_value_component_extracaveolar_G_s_protein_activation_module_variable_Gs_beta_gamma":1.3583342393,"data_set_value_component_extracaveolar_G_s_protein_activation_module_variable_Gs_alpha_GDP":0.0006608351,"data_set_value_component_extracaveolar_G_s_protein_activation_module_variable_Gs_alpha_beta_gamma":8.6416657627,"data_set_value_component_extracaveolar_G_s_protein_activation_module_variable_Gs_Total":10.0,"data_set_value_component_extracaveolar_G_i_protein_activation_module_variable_Gi_alpha_GTP":0.0011161484,"data_set_value_component_extracaveolar_G_i_protein_activation_module_variable_Gi_beta_gamma":0.0015776838,"data_set_value_component_extracaveolar_G_i_protein_activation_module_variable_Gi_alpha_GDP":0.0004615354,"data_set_value_component_extracaveolar_G_i_protein_activation_module_variable_Gi_alpha_beta_gamma":0.9984223162,"data_set_value_component_extracaveolar_G_i_protein_activation_module_variable_Gi_Total":1.0,"data_set_value_component_AC56_module_variable_dcAMP_AC_56_dt":12.6289762519,"data_set_value_component_AC56_module_variable_k_AC56":0.0079459022,"data_set_value_component_AC56_module_variable_AC_56":3.379,"data_set_value_component_AC56_module_variable_AF56":500.0,"data_set_value_component_AC56_module_variable_MW_AC56":130.0,"data_set_value_component_AC56_module_variable_ATP":5000.0,"data_set_value_component_AC56_module_variable_Km_ATP":315.0,"data_set_value_component_AC47_ecav_module_variable_dcAMP_AC_47_ecav_dt":0.2052790866,"data_set_value_component_AC47_ecav_module_variable_k_AC47_ecav":0.0083927565,"data_set_value_component_AC47_ecav_module_variable_AC_47_ecav":0.2,"data_set_value_component_AC47_ecav_module_variable_AF47":130.0,"data_set_value_component_AC47_ecav_module_variable_MW_AC47":130.0,"data_set_value_component_AC47_ecav_module_variable_ATP":5000.0,"data_set_value_component_AC47_ecav_module_variable_Km_ATP":315.0,"data_set_value_component_AC47_cyt_module_variable_dcAMP_AC_47_cyt_dt":0.0179627469,"data_set_value_component_AC47_cyt_module_variable_k_AC47_cyt":0.00108,"data_set_value_component_AC47_cyt_module_variable_AC_47_cyt":0.136,"data_set_value_component_AC47_cyt_module_variable_AF47":130.0,"data_set_value_component_AC47_cyt_module_variable_ATP":5000.0,"data_set_value_component_AC47_cyt_module_variable_Km_ATP":315.0,"data_set_value_component_caveolar_PDE_module_variable_dcAMP_cav_PDE2_dt":2.5176169791,"data_set_value_component_caveolar_PDE_module_variable_dcAMP_cav_PDE3_dt":6.6313189261,"data_set_value_component_caveolar_PDE_module_variable_dcAMP_cav_PDE4_dt":1.9771317127,"data_set_value_component_caveolar_PDE_module_variable_PDE2":4.5,"data_set_value_component_caveolar_PDE_module_variable_PDE3":5.6,"data_set_value_component_caveolar_PDE_module_variable_PDE4":2.0,"data_set_value_component_extracaveolar_PDE_module_variable_dcAMP_ecav_PDE2_dt":0.0087853854,"data_set_value_component_extracaveolar_PDE_module_variable_dcAMP_ecav_PDE4_dt":0.1351658658,"data_set_value_component_extracaveolar_PDE_module_variable_PDE2":0.02,"data_set_value_component_extracaveolar_PDE_module_variable_PDE4":0.16,"data_set_value_component_bulk_cytoplasmic_PDE_module_variable_dcAMP_cyt_PDE2_dt":0.0019497597,"data_set_value_component_bulk_cytoplasmic_PDE_module_variable_dcAMP_cyt_PDE3_dt":0.0086768486,"data_set_value_component_bulk_cytoplasmic_PDE_module_variable_dcAMP_cyt_PDE4_dt":0.0038908224,"data_set_value_component_bulk_cytoplasmic_PDE_module_variable_PDE2":0.005,"data_set_value_component_bulk_cytoplasmic_PDE_module_variable_PDE3":0.0075,"data_set_value_component_bulk_cytoplasmic_PDE_module_variable_PDE4":0.005,"data_set_value_component_cAMP_flux_module_variable_cAMP_cav":1.4389279831,"data_set_value_component_cAMP_flux_module_variable_cAMP_ecav":1.1228345079,"data_set_value_component_cAMP_flux_module_variable_cAMP_cyt":0.994265624,"data_set_value_component_cAMP_flux_module_variable_V_cav":0.0,"data_set_value_component_cAMP_flux_module_variable_V_ecav":0.0,"data_set_value_component_cAMP_flux_module_variable_V_cyt":0.0,"data_set_value_component_cAMP_flux_module_variable_V_cell":0.0,"data_set_value_component_cAMP_flux_module_variable_J_cav_ecav":0.0,"data_set_value_component_cAMP_flux_module_variable_J_cav_cyt":0.0,"data_set_value_component_cAMP_flux_module_variable_J_ecav_cyt":1.5e-17},{"data_set_value_component_environment_variable_time":0.7,"data_set_value_component_beta_1_adrenergic_parameters_variable_L_iso":1.0,"data_set_value_component_beta_1_adrenergic_parameters_variable_K_H":0.035,"data_set_value_component_beta_1_adrenergic_parameters_variable_K_L":0.386,"data_set_value_component_beta_1_adrenergic_parameters_variable_K_C":8.809,"data_set_value_component_muscarinic_parameters_variable_L_ach":0.0,"data_set_value_component_muscarinic_parameters_variable_K_H":0.16,"data_set_value_component_muscarinic_parameters_variable_K_L":11.0,"data_set_value_component_muscarinic_parameters_variable_K_C":30.0,"data_set_value_component_PDE_parameters_variable_k_PDE2":20.0,"data_set_value_component_PDE_parameters_variable_Km_PDE2":50.0,"data_set_value_component_PDE_parameters_variable_k_PDE3":1.25,"data_set_value_component_PDE_parameters_variable_Km_PDE3":0.08,"data_set_value_component_PDE_parameters_variable_k_PDE4":2.5,"data_set_value_component_PDE_parameters_variable_Km_PDE4":2.2,"data_set_value_component_G_s_parameters_variable_k_act1":5.0,"data_set_value_component_G_s_parameters_variable_k_act2":0.1,"data_set_value_component_G_s_parameters_variable_k_hydr":0.8,"data_set_value_component_G_s_parameters_variable_k_reas":1210.0,"data_set_value_component_G_i_parameters_variable_k_act1":2.5,"data_set_value_component_G_i_parameters_variable_k_act2":0.05,"data_set_value_component_G_i_parameters_variable_k_hydr":0.8,"data_set_value_component_G_i_parameters_variable_k_reas":1210.0,"data_set_value_component_caveolar_beta_1_adrenergic_receptor_module_variable_R":0.0196878946,"data_set_value_component_caveolar_beta_1_adrenergic_receptor_module_variable_LR":0.0510049083,"data_set_value_component_caveolar_beta_1_adrenergic_receptor_module_variable_LRG":0.5432919779,"data_set_value_component_caveolar_beta_1_adrenergic_receptor_module_variable_RG":0.0190152192,"data_set_value_component_caveolar_beta_1_adrenergic_receptor_module_variable_R_Total":0.633,"data_set_value_component_caveolar_muscarinic_receptor_module_variable_R":0.3799112235,"data_set_value_component_caveolar_muscarinic_receptor_module_variable_LR":0.0,"data_set_value_component_caveolar_muscarinic_receptor_module_variable_LRG":0.0,"data_set_value_component_caveolar_muscarinic_receptor_module_variable_RG":0.2530887765,"data_set_value_component_caveolar_muscarinic_receptor_module_variable_R_Total":0.633,"data_set_value_component_caveolar_G_s_protein_activation_module_variable_Gs_alpha_GTP":1.4913158278,"data_set_value_component_caveolar_G_s_protein_activation_module_variable_Gs_beta_gamma":1.4919766918,"data_set_value_component_caveolar_G_s_protein_activation_module_variable_Gs_alpha_GDP":0.000660864,"data_set_value_component_caveolar_G_s_protein_activation_module_variable_Gs_alpha_beta_gamma":8.5080233082,"data_set_value_component_caveolar_G_s_protein_activation_module_variable_Gs_Total":10.0,"data_set_value_component_caveolar_G_i_protein_activation_module_variable_Gi_alpha_GTP":0.0140056663,"data_set_value_component_caveolar_G_i_protein_activation_module_variable_Gi_beta_gamma":0.0146380955,"data_set_value_component_caveolar_G_i_protein_activation_module_variable_Gi_alpha_GDP":0.0006324292,"data_set_value_component_caveolar_G_i_protein_activation_module_variable_Gi_alpha_beta_gamma":19.9853619045,"data_set_value_component_caveolar_G_i_protein_activation_module_variable_Gi_Total":20.0,"data_set_value_component_extracaveolar_beta_1_adrenergic_receptor_module_variable_R":0.0197361183,"data_set_value_component_extracaveolar_beta_1_adrenergic_receptor_module_variable_LR":0.0511298401,"data_set_value_component_extracaveolar_beta_1_adrenergic_receptor_module_variable_LRG":0.5431246779,"data_set_value_component_extracaveolar_beta_1_adrenergic_receptor_module_variable_RG":0.0190093637,"data_set_value_component_extracaveolar_beta_1_adrenergic_receptor_module_variable_R_Total":0.633,"data_set_value_component_extracaveolar_muscarinic_receptor_module_variable_R":0.6126121124,"data_set_value_component_extracaveolar_muscarinic_receptor_module_variable_LR":0.0,"data_set_value_component_extracaveolar_muscarinic_receptor_module_variable_LRG":0.0,"data_set_value_component_extracaveolar_muscarinic_receptor_module_variable_RG":0.0203878876,"data_set_value_component_extracaveolar_muscarinic_receptor_module_variable_R_Total":0.633,"data_set_value_component_extracaveolar_G_s_protein_activation_module_variable_Gs_alpha_GTP":1.5147180544,"data_set_value_component_extracaveolar_G_s_protein_activation_module_variable_Gs_beta_gamma":1.5153789249,"data_set_value_component_extracaveolar_G_s_protein_activation_module_variable_Gs_alpha_GDP":0.0006608685,"data_set_value_component_extracaveolar_G_s_protein_activation_module_variable_Gs_alpha_beta_gamma":8.4846210771,"data_set_value_component_extracaveolar_G_s_protein_activation_module_variable_Gs_Total":10.0,"data_set_value_component_extracaveolar_G_i_protein_activation_module_variable_Gi_alpha_GTP":0.0011283042,"data_set_value_component_extracaveolar_G_i_protein_activation_module_variable_Gi_beta_gamma":0.0015910261,"data_set_value_component_extracaveolar_G_i_protein_activation_module_variable_Gi_alpha_GDP":0.000462722,"data_set_value_component_extracaveolar_G_i_protein_activation_module_variable_Gi_alpha_beta_gamma":0.9984089739,"data_set_value_component_extracaveolar_G_i_protein_activation_module_variable_Gi_Total":1.0,"data_set_value_component_AC56_module_variable_dcAMP_AC_56_dt":12.7632940402,"data_set_value_component_AC56_module_variable_k_AC56":0.0080304123,"data_set_value_component_AC56_module_variable_AC_56":3.379,"data_set_value_component_AC56_module_variable_AF56":500.0,"data_set_value_component_AC56_module_variable_MW_AC56":130.0,"data_set_value_component_AC56_module_variable_ATP":5000.0,"data_set_value_component_AC56_module_variable_Km_ATP":315.0,"data_set_value_component_AC47_ecav_module_variable_dcAMP_AC_47_ecav_dt":0.206433669,"data_set_value_component_AC47_ecav_module_variable_k_AC47_ecav":0.0084399612,"data_set_value_component_AC47_ecav_module_variable_AC_47_ecav":0.2,"data_set_value_component_AC47_ecav_module_variable_AF47":130.0,"data_set_value_component_AC47_ecav_module_variable_MW_AC47":130.0,"data_set_value_component_AC47_ecav_module_variable_ATP":5000.0,"data_set_value_component_AC47_ecav_module_variable_Km_ATP":315.0,"data_set_value_component_AC47_cyt_module_variable_dcAMP_AC_47_cyt_dt":0.0179627469,"data_set_value_component_AC47_cyt_module_variable_k_AC47_cyt":0.00108,"data_set_value_component_AC47_cyt_module_variable_AC_47_cyt":0.136,"data_set_value_component_AC47_cyt_module_variable_AF47":130.0,"data_set_value_component_AC47_cyt_module_variable_ATP":5000.0,"data_set_value_component_AC47_cyt_module_variable_Km_ATP":315.0,"data_set_value_component_caveolar_PDE_module_variable_dcAMP_cav_PDE2_dt":2.735409692,"data_set_value_component_caveolar_PDE_module_variable_dcAMP_cav_PDE3_dt":6.6600514154,"data_set_value_component_caveolar_PDE_module_variable_dcAMP_cav_PDE4_dt":2.0801431161,"data_set_value_component_caveolar_PDE_module_variable_PDE2":4.5,"data_set_value_component_caveolar_PDE_module_variable_PDE3":5.6,"data_set_value_component_caveolar_PDE_module_variable_PDE4":2.0,"data_set_value_component_extracaveolar_PDE_module_variable_dcAMP_ecav_PDE2_dt":0.0088354063,"data_set_value_component_extracaveolar_PDE_module_variable_dcAMP_ecav_PDE4_dt":0.1356858845,"data_set_value_component_extracaveolar_PDE_module_variable_PDE2":0.02,"data_set_value_component_extracaveolar_PDE_module_variable_PDE4":0.16,"data_set_value_component_bulk_cytoplasmic_PDE_module_variable_dcAMP_cyt_PDE2_dt":0.0019508094,"data_set_value_component_bulk_cytoplasmic_PDE_module_variable_dcAMP_cyt_PDE3_dt":0.0086772033,"data_set_value_component_bulk_cytoplasmic_PDE_module_variable_dcAMP_cyt_PDE4_dt":0.0038922936,"data_set_value_component_bulk_cytoplasmic_PDE_module_variable_PDE2":0.005,"data_set_value_component_bulk_cytoplasmic_PDE_module_variable_PDE3":0.0075,"data_set_value_component_bulk_cytoplasmic_PDE_module_variable_PDE4":0.005,"data_set_value_component_cAMP_flux_module_variable_cAMP_cav":1.5673079323,"data_set_value_component_cAMP_flux_module_variable_cAMP_ecav":1.1293719417,"data_set_value_component_cAMP_flux_module_variable_cAMP_cyt":0.9948115712,"data_set_value_component_cAMP_flux_module_variable_V_cav":0.0,"data_set_value_component_cAMP_flux_module_variable_V_ecav":0.0,"data_set_value_component_cAMP_flux_module_variable_V_cyt":0.0,"data_set_value_component_cAMP_flux_module_variable_V_cell":0.0,"data_set_value_component_cAMP_flux_module_variable_J_cav_ecav":0.0,"data_set_value_component_cAMP_flux_module_variable_J_cav_cyt":0.0,"data_set_value_component_cAMP_flux_module_variable_J_ecav_cyt":1.5e-17},{"data_set_value_component_environment_variable_time":0.8,"data_set_value_component_beta_1_adrenergic_parameters_variable_L_iso":1.0,"data_set_value_component_beta_1_adrenergic_parameters_variable_K_H":0.035,"data_set_value_component_beta_1_adrenergic_parameters_variable_K_L":0.386,"data_set_value_component_beta_1_adrenergic_parameters_variable_K_C":8.809,"data_set_value_component_muscarinic_parameters_variable_L_ach":0.0,"data_set_value_component_muscarinic_parameters_variable_K_H":0.16,"data_set_value_component_muscarinic_parameters_variable_K_L":11.0,"data_set_value_component_muscarinic_parameters_variable_K_C":30.0,"data_set_value_component_PDE_parameters_variable_k_PDE2":20.0,"data_set_value_component_PDE_parameters_variable_Km_PDE2":50.0,"data_set_value_component_PDE_parameters_variable_k_PDE3":1.25,"data_set_value_component_PDE_parameters_variable_Km_PDE3":0.08,"data_set_value_component_PDE_parameters_variable_k_PDE4":2.5,"data_set_value_component_PDE_parameters_variable_Km_PDE4":2.2,"data_set_value_component_G_s_parameters_variable_k_act1":5.0,"data_set_value_component_G_s_parameters_variable_k_act2":0.1,"data_set_value_component_G_s_parameters_variable_k_hydr":0.8,"data_set_value_component_G_s_parameters_variable_k_reas":1210.0,"data_set_value_component_G_i_parameters_variable_k_act1":2.5,"data_set_value_component_G_i_parameters_variable_k_act2":0.05,"data_set_value_component_G_i_parameters_variable_k_hydr":0.8,"data_set_value_component_G_i_parameters_variable_k_reas":1210.0,"data_set_value_component_caveolar_beta_1_adrenergic_receptor_module_variable_R":0.0199933575,"data_set_value_component_caveolar_beta_1_adrenergic_receptor_module_variable_LR":0.0517962631,"data_set_value_component_caveolar_beta_1_adrenergic_receptor_module_variable_LRG":0.5422322506,"data_set_value_component_caveolar_beta_1_adrenergic_receptor_module_variable_RG":0.0189781288,"data_set_value_component_caveolar_beta_1_adrenergic_receptor_module_variable_R_Total":0.633,"data_set_value_component_caveolar_muscarinic_receptor_module_variable_R":0.3799122847,"data_set_value_component_caveolar_muscarinic_receptor_module_variable_LR":0.0,"data_set_value_component_caveolar_muscarinic_receptor_module_variable_LRG":0.0,"data_set_value_component_caveolar_muscarinic_receptor_module_variable_RG":0.2530877153,"data_set_value_component_caveolar_muscarinic_receptor_module_variable_R_Total":0.633,"data_set_value_component_caveolar_G_s_protein_activation_module_variable_Gs_alpha_GTP":1.6376451848,"data_set_value_component_caveolar_G_s_protein_activation_module_variable_Gs_beta_gamma":1.638306075,"data_set_value_component_caveolar_G_s_protein_activation_module_variable_Gs_alpha_GDP":0.0006608902,"data_set_value_component_caveolar_G_s_protein_activation_module_variable_Gs_alpha_beta_gamma":8.361693925,"data_set_value_component_caveolar_G_s_protein_activation_module_variable_Gs_Total":10.0,"data_set_value_component_caveolar_G_i_protein_activation_module_variable_Gi_alpha_GTP":0.0141450068,"data_set_value_component_caveolar_G_i_protein_activation_module_variable_Gi_beta_gamma":0.0147777106,"data_set_value_component_caveolar_G_i_protein_activation_module_variable_Gi_alpha_GDP":0.0006327038,"data_set_value_component_caveolar_G_i_protein_activation_module_variable_Gi_alpha_beta_gamma":19.9852222894,"data_set_value_component_caveolar_G_i_protein_activation_module_variable_Gi_Total":20.0,"data_set_value_component_extracaveolar_beta_1_adrenergic_receptor_module_variable_R":0.0200390918,"data_set_value_component_extracaveolar_beta_1_adrenergic_receptor_module_variable_LR":0.0519147456,"data_set_value_component_extracaveolar_beta_1_adrenergic_receptor_module_variable_LRG":0.5420735871,"data_set_value_component_extracaveolar_beta_1_adrenergic_receptor_module_variable_RG":0.0189725755,"data_set_value_component_extracaveolar_beta_1_adrenergic_receptor_module_variable_R_Total":0.633,"data_set_value_component_extracaveolar_muscarinic_receptor_module_variable_R":0.6126123717,"data_set_value_component_extracaveolar_muscarinic_receptor_module_variable_LR":0.0,"data_set_value_component_extracaveolar_muscarinic_receptor_module_variable_LRG":0.0,"data_set_value_component_extracaveolar_muscarinic_receptor_module_variable_RG":0.0203876283,"data_set_value_component_extracaveolar_muscarinic_receptor_module_variable_R_Total":0.633,"data_set_value_component_extracaveolar_G_s_protein_activation_module_variable_Gs_alpha_GTP":1.6591698152,"data_set_value_component_extracaveolar_G_s_protein_activation_module_variable_Gs_beta_gamma":1.6598307108,"data_set_value_component_extracaveolar_G_s_protein_activation_module_variable_Gs_alpha_GDP":0.0006608937,"data_set_value_component_extracaveolar_G_s_protein_activation_module_variable_Gs_alpha_beta_gamma":8.3401692912,"data_set_value_component_extracaveolar_G_s_protein_activation_module_variable_Gs_Total":10.0,"data_set_value_component_extracaveolar_G_i_protein_activation_module_variable_Gi_alpha_GTP":0.0011395241,"data_set_value_component_extracaveolar_G_i_protein_activation_module_variable_Gi_beta_gamma":0.0016034194,"data_set_value_component_extracaveolar_G_i_protein_activation_module_variable_Gi_alpha_GDP":0.0004638953,"data_set_value_component_extracaveolar_G_i_protein_activation_module_variable_Gi_alpha_beta_gamma":0.9983965806,"data_set_value_component_extracaveolar_G_i_protein_activation_module_variable_Gi_Total":1.0,"data_set_value_component_AC56_module_variable_dcAMP_AC_56_dt":12.8648293466,"data_set_value_component_AC56_module_variable_k_AC56":0.0080942963,"data_set_value_component_AC56_module_variable_AC_56":3.379,"data_set_value_component_AC56_module_variable_AF56":500.0,"data_set_value_component_AC56_module_variable_MW_AC56":130.0,"data_set_value_component_AC56_module_variable_ATP":5000.0,"data_set_value_component_AC56_module_variable_Km_ATP":315.0,"data_set_value_component_AC47_ecav_module_variable_dcAMP_AC_47_ecav_dt":0.207427982,"data_set_value_component_AC47_ecav_module_variable_k_AC47_ecav":0.0084806133,"data_set_value_component_AC47_ecav_module_variable_AC_47_ecav":0.2,"data_set_value_component_AC47_ecav_module_variable_AF47":130.0,"data_set_value_component_AC47_ecav_module_variable_MW_AC47":130.0,"data_set_value_component_AC47_ecav_module_variable_ATP":5000.0,"data_set_value_component_AC47_ecav_module_variable_Km_ATP":315.0,"data_set_value_component_AC47_cyt_module_variable_dcAMP_AC_47_cyt_dt":0.0179627469,"data_set_value_component_AC47_cyt_module_variable_k_AC47_cyt":0.00108,"data_set_value_component_AC47_cyt_module_variable_AC_47_cyt":0.136,"data_set_value_component_AC47_cyt_module_variable_AF47":130.0,"data_set_value_component_AC47_cyt_module_variable_ATP":5000.0,"data_set_value_component_AC47_cyt_module_variable_Km_ATP":315.0,"data_set_value_component_caveolar_PDE_module_variable_dcAMP_cav_PDE2_dt":2.9147957246,"data_set_value_component_caveolar_PDE_module_variable_dcAMP_cav_PDE3_dt":6.6806443626,"data_set_value_component_caveolar_PDE_module_variable_dcAMP_cav_PDE4_dt":2.1602137455,"data_set_value_component_caveolar_PDE_module_variable_PDE2":4.5,"data_set_value_component_caveolar_PDE_module_variable_PDE3":5.6,"data_set_value_component_caveolar_PDE_module_variable_PDE4":2.0,"data_set_value_component_extracaveolar_PDE_module_variable_dcAMP_ecav_PDE2_dt":0.0088866253,"data_set_value_component_extracaveolar_PDE_module_variable_dcAMP_ecav_PDE4_dt":0.1362163831,"data_set_value_component_extracaveolar_PDE_module_variable_PDE2":0.02,"data_set_value_component_extracaveolar_PDE_module_variable_PDE4":0.16,"data_set_value_component_bulk_cytoplasmic_PDE_module_variable_dcAMP_cyt_PDE2_dt":0.0019519468,"data_set_value_component_bulk_cytoplasmic_PDE_module_variable_dcAMP_cyt_PDE3_dt":0.0086775871,"data_set_value_component_bulk_cytoplasmic_PDE_module_variable_dcAMP_cyt_PDE4_dt":0.0038938872,"data_set_value_component_bulk_cytoplasmic_PDE_module_variable_PDE2":0.005,"data_set_value_component_bulk_cytoplasmic_PDE_module_variable_PDE3":0.0075,"data_set_value_component_bulk_cytoplasmic_PDE_module_variable_PDE4":0.005,"data_set_value_component_cAMP_flux_module_variable_cAMP_cav":1.6735309682,"data_set_value_component_cAMP_flux_module_variable_cAMP_ecav":1.1360676848,"data_set_value_component_cAMP_flux_module_variable_cAMP_cyt":0.9954031614,"data_set_value_component_cAMP_flux_module_variable_V_cav":0.0,"data_set_value_component_cAMP_flux_module_variable_V_ecav":0.0,"data_set_value_component_cAMP_flux_module_variable_V_cyt":0.0,"data_set_value_component_cAMP_flux_module_variable_V_cell":0.0,"data_set_value_component_cAMP_flux_module_variable_J_cav_ecav":0.0,"data_set_value_component_cAMP_flux_module_variable_J_cav_cyt":0.0,"data_set_value_component_cAMP_flux_module_variable_J_ecav_cyt":1.5e-17},{"data_set_value_component_environment_variable_time":0.9,"data_set_value_component_beta_1_adrenergic_parameters_variable_L_iso":1.0,"data_set_value_component_beta_1_adrenergic_parameters_variable_K_H":0.035,"data_set_value_component_beta_1_adrenergic_parameters_variable_K_L":0.386,"data_set_value_component_beta_1_adrenergic_parameters_variable_K_C":8.809,"data_set_value_component_muscarinic_parameters_variable_L_ach":0.0,"data_set_value_component_muscarinic_parameters_variable_K_H":0.16,"data_set_value_component_muscarinic_parameters_variable_K_L":11.0,"data_set_value_component_muscarinic_parameters_variable_K_C":30.0,"data_set_value_component_PDE_parameters_variable_k_PDE2":20.0,"data_set_value_component_PDE_parameters_variable_Km_PDE2":50.0,"data_set_value_component_PDE_parameters_variable_k_PDE3":1.25,"data_set_value_component_PDE_parameters_variable_Km_PDE3":0.08,"data_set_value_component_PDE_parameters_variable_k_PDE4":2.5,"data_set_value_component_PDE_parameters_variable_Km_PDE4":2.2,"data_set_value_component_G_s_parameters_variable_k_act1":5.0,"data_set_value_component_G_s_parameters_variable_k_act2":0.1,"data_set_value_component_G_s_parameters_variable_k_hydr":0.8,"data_set_value_component_G_s_parameters_variable_k_reas":1210.0,"data_set_value_component_G_i_parameters_variable_k_act1":2.5,"data_set_value_component_G_i_parameters_variable_k_act2":0.05,"data_set_value_component_G_i_parameters_variable_k_hydr":0.8,"data_set_value_component_G_i_parameters_variable_k_reas":1210.0,"data_set_value_component_caveolar_beta_1_adrenergic_receptor_module_variable_R":0.020282789,"data_set_value_component_caveolar_beta_1_adrenergic_receptor_module_variable_LR":0.0525460856,"data_set_value_component_caveolar_beta_1_adrenergic_receptor_module_variable_LRG":0.5412281405,"data_set_value_component_caveolar_beta_1_adrenergic_receptor_module_variable_RG":0.0189429849,"data_set_value_component_caveolar_beta_1_adrenergic_receptor_module_variable_R_Total":0.633,"data_set_value_component_caveolar_muscarinic_receptor_module_variable_R":0.3799132889,"data_set_value_component_caveolar_muscarinic_receptor_module_variable_LR":0.0,"data_set_value_component_caveolar_muscarinic_receptor_module_variable_LRG":0.0,"data_set_value_component_caveolar_muscarinic_receptor_module_variable_RG":0.2530867111,"data_set_value_component_caveolar_muscarinic_receptor_module_variable_R_Total":0.633,"data_set_value_component_caveolar_G_s_protein_activation_module_variable_Gs_alpha_GTP":1.7722282194,"data_set_value_component_caveolar_G_s_protein_activation_module_variable_Gs_beta_gamma":1.7728891299,"data_set_value_component_caveolar_G_s_protein_activation_module_variable_Gs_alpha_GDP":0.0006609105,"data_set_value_component_caveolar_G_s_protein_activation_module_variable_Gs_alpha_beta_gamma":8.2271108701,"data_set_value_component_caveolar_G_s_protein_activation_module_variable_Gs_Total":10.0,"data_set_value_component_caveolar_G_i_protein_activation_module_variable_Gi_alpha_GTP":0.0142736294,"data_set_value_component_caveolar_G_i_protein_activation_module_variable_Gi_beta_gamma":0.0149065817,"data_set_value_component_caveolar_G_i_protein_activation_module_variable_Gi_alpha_GDP":0.0006329523,"data_set_value_component_caveolar_G_i_protein_activation_module_variable_Gi_alpha_beta_gamma":19.9850934183,"data_set_value_component_caveolar_G_i_protein_activation_module_variable_Gi_Total":20.0,"data_set_value_component_extracaveolar_beta_1_adrenergic_receptor_module_variable_R":0.0203260693,"data_set_value_component_extracaveolar_beta_1_adrenergic_receptor_module_variable_LR":0.0526582106,"data_set_value_component_extracaveolar_beta_1_adrenergic_receptor_module_variable_LRG":0.5410779904,"data_set_value_component_extracaveolar_beta_1_adrenergic_receptor_module_variable_RG":0.0189377297,"data_set_value_component_extracaveolar_beta_1_adrenergic_receptor_module_variable_R_Total":0.633,"data_set_value_component_extracaveolar_muscarinic_receptor_module_variable_R":0.6126125183,"data_set_value_component_extracaveolar_muscarinic_receptor_module_variable_LR":0.0,"data_set_value_component_extracaveolar_muscarinic_receptor_module_variable_LRG":0.0,"data_set_value_component_extracaveolar_muscarinic_receptor_module_variable_RG":0.0203874817,"data_set_value_component_extracaveolar_muscarinic_receptor_module_variable_R_Total":0.633,"data_set_value_component_extracaveolar_G_s_protein_activation_module_variable_Gs_alpha_GTP":1.7920237348,"data_set_value_component_extracaveolar_G_s_protein_activation_module_variable_Gs_beta_gamma":1.79268465,"data_set_value_component_extracaveolar_G_s_protein_activation_module_variable_Gs_alpha_GDP":0.0006609132,"data_set_value_component_extracaveolar_G_s_protein_activation_module_variable_Gs_alpha_beta_gamma":8.207315352,"data_set_value_component_extracaveolar_G_s_protein_activation_module_variable_Gs_Total":10.0,"data_set_value_component_extracaveolar_G_i_protein_activation_module_variable_Gi_alpha_GTP":0.0011498802,"data_set_value_component_extracaveolar_G_i_protein_activation_module_variable_Gi_beta_gamma":0.0016149166,"data_set_value_component_extracaveolar_G_i_protein_activation_module_variable_Gi_alpha_GDP":0.0004650363,"data_set_value_component_extracaveolar_G_i_protein_activation_module_variable_Gi_alpha_beta_gamma":0.9983850834,"data_set_value_component_extracaveolar_G_i_protein_activation_module_variable_Gi_Total":1.0,"data_set_value_component_AC56_module_variable_dcAMP_AC_56_dt":12.943724766,"data_set_value_component_AC56_module_variable_k_AC56":0.0081439357,"data_set_value_component_AC56_module_variable_AC_56":3.379,"data_set_value_component_AC56_module_variable_AF56":500.0,"data_set_value_component_AC56_module_variable_MW_AC56":130.0,"data_set_value_component_AC56_module_variable_ATP":5000.0,"data_set_value_component_AC56_module_variable_Km_ATP":315.0,"data_set_value_component_AC47_ecav_module_variable_dcAMP_AC_47_ecav_dt":0.2082997448,"data_set_value_component_AC47_ecav_module_variable_k_AC47_ecav":0.008516255,"data_set_value_component_AC47_ecav_module_variable_AC_47_ecav":0.2,"data_set_value_component_AC47_ecav_module_variable_AF47":130.0,"data_set_value_component_AC47_ecav_module_variable_MW_AC47":130.0,"data_set_value_component_AC47_ecav_module_variable_ATP":5000.0,"data_set_value_component_AC47_ecav_module_variable_Km_ATP":315.0,"data_set_value_component_AC47_cyt_module_variable_dcAMP_AC_47_cyt_dt":0.0179627469,"data_set_value_component_AC47_cyt_module_variable_k_AC47_cyt":0.00108,"data_set_value_component_AC47_cyt_module_variable_AC_47_cyt":0.136,"data_set_value_component_AC47_cyt_module_variable_AF47":130.0,"data_set_value_component_AC47_cyt_module_variable_ATP":5000.0,"data_set_value_component_AC47_cyt_module_variable_Km_ATP":315.0,"data_set_value_component_caveolar_PDE_module_variable_dcAMP_cav_PDE2_dt":3.0626881681,"data_set_value_component_caveolar_PDE_module_variable_dcAMP_cav_PDE3_dt":6.6958893178,"data_set_value_component_caveolar_PDE_module_variable_dcAMP_cav_PDE4_dt":2.2232283266,"data_set_value_component_caveolar_PDE_module_variable_PDE2":4.5,"data_set_value_component_caveolar_PDE_module_variable_PDE3":5.6,"data_set_value_component_caveolar_PDE_module_variable_PDE4":2.0,"data_set_value_component_extracaveolar_PDE_module_variable_dcAMP_ecav_PDE2_dt":0.0089387733,"data_set_value_component_extracaveolar_PDE_module_variable_dcAMP_ecav_PDE4_dt":0.1367544628,"data_set_value_component_extracaveolar_PDE_module_variable_PDE2":0.02,"data_set_value_component_extracaveolar_PDE_module_variable_PDE4":0.16,"data_set_value_component_bulk_cytoplasmic_PDE_module_variable_dcAMP_cyt_PDE2_dt":0.0019531566,"data_set_value_component_bulk_cytoplasmic_PDE_module_variable_dcAMP_cyt_PDE3_dt":0.008677995,"data_set_value_component_bulk_cytoplasmic_PDE_module_variable_dcAMP_cyt_PDE4_dt":0.0038955816,"data_set_value_component_bulk_cytoplasmic_PDE_module_variable_PDE2":0.005,"data_set_value_component_bulk_cytoplasmic_PDE_module_variable_PDE3":0.0075,"data_set_value_component_bulk_cytoplasmic_PDE_module_variable_PDE4":0.005,"data_set_value_component_cAMP_flux_module_variable_cAMP_cav":1.7614348221,"data_set_value_component_cAMP_flux_module_variable_cAMP_ecav":1.1428866804,"data_set_value_component_cAMP_flux_module_variable_cAMP_cyt":0.9960323883,"data_set_value_component_cAMP_flux_module_variable_V_cav":0.0,"data_set_value_component_cAMP_flux_module_variable_V_ecav":0.0,"data_set_value_component_cAMP_flux_module_variable_V_cyt":0.0,"data_set_value_component_cAMP_flux_module_variable_V_cell":0.0,"data_set_value_component_cAMP_flux_module_variable_J_cav_ecav":0.0,"data_set_value_component_cAMP_flux_module_variable_J_cav_cyt":0.0,"data_set_value_component_cAMP_flux_module_variable_J_ecav_cyt":1.5e-17},{"data_set_value_component_environment_variable_time":1.0,"data_set_value_component_beta_1_adrenergic_parameters_variable_L_iso":1.0,"data_set_value_component_beta_1_adrenergic_parameters_variable_K_H":0.035,"data_set_value_component_beta_1_adrenergic_parameters_variable_K_L":0.386,"data_set_value_component_beta_1_adrenergic_parameters_variable_K_C":8.809,"data_set_value_component_muscarinic_parameters_variable_L_ach":0.0,"data_set_value_component_muscarinic_parameters_variable_K_H":0.16,"data_set_value_component_muscarinic_parameters_variable_K_L":11.0,"data_set_value_component_muscarinic_parameters_variable_K_C":30.0,"data_set_value_component_PDE_parameters_variable_k_PDE2":20.0,"data_set_value_component_PDE_parameters_variable_Km_PDE2":50.0,"data_set_value_component_PDE_parameters_variable_k_PDE3":1.25,"data_set_value_component_PDE_parameters_variable_Km_PDE3":0.08,"data_set_value_component_PDE_parameters_variable_k_PDE4":2.5,"data_set_value_component_PDE_parameters_variable_Km_PDE4":2.2,"data_set_value_component_G_s_parameters_variable_k_act1":5.0,"data_set_value_component_G_s_parameters_variable_k_act2":0.1,"data_set_value_component_G_s_parameters_variable_k_hydr":0.8,"data_set_value_component_G_s_parameters_variable_k_reas":1210.0,"data_set_value_component_G_i_parameters_variable_k_act1":2.5,"data_set_value_component_G_i_parameters_variable_k_act2":0.05,"data_set_value_component_G_i_parameters_variable_k_hydr":0.8,"data_set_value_component_G_i_parameters_variable_k_reas":1210.0,"data_set_value_component_caveolar_beta_1_adrenergic_receptor_module_variable_R":0.0205564549,"data_set_value_component_caveolar_beta_1_adrenergic_receptor_module_variable_LR":0.0532550645,"data_set_value_component_caveolar_beta_1_adrenergic_receptor_module_variable_LRG":0.5402787253,"data_set_value_component_caveolar_beta_1_adrenergic_receptor_module_variable_RG":0.0189097554,"data_set_value_component_caveolar_beta_1_adrenergic_receptor_module_variable_R_Total":0.633,"data_set_value_component_caveolar_muscarinic_receptor_module_variable_R":0.3799141683,"data_set_value_component_caveolar_muscarinic_receptor_module_variable_LR":0.0,"data_set_value_component_caveolar_muscarinic_receptor_module_variable_LRG":0.0,"data_set_value_component_caveolar_muscarinic_receptor_module_variable_RG":0.2530858317,"data_set_value_component_caveolar_muscarinic_receptor_module_variable_R_Total":0.633,"data_set_value_component_caveolar_G_s_protein_activation_module_variable_Gs_alpha_GTP":1.8959945953,"data_set_value_component_caveolar_G_s_protein_activation_module_variable_Gs_beta_gamma":1.8966555218,"data_set_value_component_caveolar_G_s_protein_activation_module_variable_Gs_alpha_GDP":0.0006609266,"data_set_value_component_caveolar_G_s_protein_activation_module_variable_Gs_alpha_beta_gamma":8.1033444782,"data_set_value_component_caveolar_G_s_protein_activation_module_variable_Gs_Total":10.0,"data_set_value_component_caveolar_G_i_protein_activation_module_variable_Gi_alpha_GTP":0.0143923586,"data_set_value_component_caveolar_G_i_protein_activation_module_variable_Gi_beta_gamma":0.0150255363,"data_set_value_component_caveolar_G_i_protein_activation_module_variable_Gi_alpha_GDP":0.0006331777,"data_set_value_component_caveolar_G_i_protein_activation_module_variable_Gi_alpha_beta_gamma":19.9849744637,"data_set_value_component_caveolar_G_i_protein_activation_module_variable_Gi_Total":20.0,"data_set_value_component_extracaveolar_beta_1_adrenergic_receptor_module_variable_R":0.0205973295,"data_set_value_component_extracaveolar_beta_1_adrenergic_receptor_module_variable_LR":0.0533609572,"data_set_value_component_extracaveolar_beta_1_adrenergic_receptor_module_variable_LRG":0.540136921,"data_set_value_component_extracaveolar_beta_1_adrenergic_receptor_module_variable_RG":0.0189047922,"data_set_value_component_extracaveolar_beta_1_adrenergic_receptor_module_variable_R_Total":0.633,"data_set_value_component_extracaveolar_muscarinic_receptor_module_variable_R":0.6126127389,"data_set_value_component_extracaveolar_muscarinic_receptor_module_variable_LR":0.0,"data_set_value_component_extracaveolar_muscarinic_receptor_module_variable_LRG":0.0,"data_set_value_component_extracaveolar_muscarinic_receptor_module_variable_RG":0.0203872611,"data_set_value_component_extracaveolar_muscarinic_receptor_module_variable_R_Total":0.633,"data_set_value_component_extracaveolar_G_s_protein_activation_module_variable_Gs_alpha_GTP":1.9141979904,"data_set_value_component_extracaveolar_G_s_protein_activation_module_variable_Gs_beta_gamma":1.9148589212,"data_set_value_component_extracaveolar_G_s_protein_activation_module_variable_Gs_alpha_GDP":0.0006609288,"data_set_value_component_extracaveolar_G_s_protein_activation_module_variable_Gs_alpha_beta_gamma":8.0851410808,"data_set_value_component_extracaveolar_G_s_protein_activation_module_variable_Gs_Total":10.0,"data_set_value_component_extracaveolar_G_i_protein_activation_module_variable_Gi_alpha_GTP":0.0011594392,"data_set_value_component_extracaveolar_G_i_protein_activation_module_variable_Gi_beta_gamma":0.0016255711,"data_set_value_component_extracaveolar_G_i_protein_activation_module_variable_Gi_alpha_GDP":0.0004661319,"data_set_value_component_extracaveolar_G_i_protein_activation_module_variable_Gi_alpha_beta_gamma":0.9983744289,"data_set_value_component_extracaveolar_G_i_protein_activation_module_variable_Gi_Total":1.0,"data_set_value_component_AC56_module_variable_dcAMP_AC_56_dt":13.0063759018,"data_set_value_component_AC56_module_variable_k_AC56":0.0081833546,"data_set_value_component_AC56_module_variable_AC_56":3.379,"data_set_value_component_AC56_module_variable_AF56":500.0,"data_set_value_component_AC56_module_variable_MW_AC56":130.0,"data_set_value_component_AC56_module_variable_ATP":5000.0,"data_set_value_component_AC56_module_variable_Km_ATP":315.0,"data_set_value_component_AC47_ecav_module_variable_dcAMP_AC_47_ecav_dt":0.2090733592,"data_set_value_component_AC47_ecav_module_variable_k_AC47_ecav":0.0085478839,"data_set_value_component_AC47_ecav_module_variable_AC_47_ecav":0.2,"data_set_value_component_AC47_ecav_module_variable_AF47":130.0,"data_set_value_component_AC47_ecav_module_variable_MW_AC47":130.0,"data_set_value_component_AC47_ecav_module_variable_ATP":5000.0,"data_set_value_component_AC47_ecav_module_variable_Km_ATP":315.0,"data_set_value_component_AC47_cyt_module_variable_dcAMP_AC_47_cyt_dt":0.0179627469,"data_set_value_component_AC47_cyt_module_variable_k_AC47_cyt":0.00108,"data_set_value_component_AC47_cyt_module_variable_AC_47_cyt":0.136,"data_set_value_component_AC47_cyt_module_variable_AF47":130.0,"data_set_value_component_AC47_cyt_module_variable_ATP":5000.0,"data_set_value_component_AC47_cyt_module_variable_Km_ATP":315.0,"data_set_value_component_caveolar_PDE_module_variable_dcAMP_cav_PDE2_dt":3.184807833,"data_set_value_component_caveolar_PDE_module_variable_dcAMP_cav_PDE3_dt":6.7074565693,"data_set_value_component_caveolar_PDE_module_variable_dcAMP_cav_PDE4_dt":2.2733440504,"data_set_value_component_caveolar_PDE_module_variable_PDE2":4.5,"data_set_value_component_caveolar_PDE_module_variable_PDE3":5.6,"data_set_value_component_caveolar_PDE_module_variable_PDE4":2.0,"data_set_value_component_extracaveolar_PDE_module_variable_dcAMP_ecav_PDE2_dt":0.0089916339,"data_set_value_component_extracaveolar_PDE_module_variable_dcAMP_ecav_PDE4_dt":0.1372978046,"data_set_value_component_extracaveolar_PDE_module_variable_PDE2":0.02,"data_set_value_component_extracaveolar_PDE_module_variable_PDE4":0.16,"data_set_value_component_bulk_cytoplasmic_PDE_module_variable_dcAMP_cyt_PDE2_dt":0.001954426,"data_set_value_component_bulk_cytoplasmic_PDE_module_variable_dcAMP_cyt_PDE3_dt":0.0086784224,"data_set_value_component_bulk_cytoplasmic_PDE_module_variable_dcAMP_cyt_PDE4_dt":0.0038973588,"data_set_value_component_bulk_cytoplasmic_PDE_module_variable_PDE2":0.005,"data_set_value_component_bulk_cytoplasmic_PDE_module_variable_PDE3":0.0075,"data_set_value_component_bulk_cytoplasmic_PDE_module_variable_PDE4":0.005,"data_set_value_component_cAMP_flux_module_variable_cAMP_cav":1.8342456853,"data_set_value_component_cAMP_flux_module_variable_cAMP_ecav":1.149800708,"data_set_value_component_cAMP_flux_module_variable_cAMP_cyt":0.9966926451,"data_set_value_component_cAMP_flux_module_variable_V_cav":0.0,"data_set_value_component_cAMP_flux_module_variable_V_ecav":0.0,"data_set_value_component_cAMP_flux_module_variable_V_cyt":0.0,"data_set_value_component_cAMP_flux_module_variable_V_cell":0.0,"data_set_value_component_cAMP_flux_module_variable_J_cav_ecav":0.0,"data_set_value_component_cAMP_flux_module_variable_J_cav_cyt":0.0,"data_set_value_component_cAMP_flux_module_variable_J_ecav_cyt":1.5e-17}]