[{"data_set_value_component_environment_variable_time":0.0,"data_set_value_component_EGF_variable_EGF":30.0,"data_set_value_component_inhibitor_variable_inhibitor":15.0,"data_set_value_component_pro_EGFR_variable_pro_EGFR":0.000681902,"data_set_value_component_EGFR_variable_EGFR":68190.000000002,"data_set_value_component_EGF_EGFR_variable_EGF_EGFR":0.0,"data_set_value_component_EGFR_i_variable_EGFR_i":0.0,"data_set_value_component_EGF_EGFR_i_variable_EGF_EGFR_i":0.0,"data_set_value_component_pEGFR_variable_pEGFR":0.0,"data_set_value_component_pEGFR_Akt_variable_pEGFR_Akt":0.0,"data_set_value_component_Akt_variable_Akt":0.043309,"data_set_value_component_pAkt_variable_pAkt":0.0,"data_set_value_component_pAkt_S6_variable_pAkt_S6":0.0,"data_set_value_component_S6_variable_S6":3.54317,"data_set_value_component_pS6_variable_pS6":0.0,"data_set_value_component_pEGFR_total_variable_pEGFR_total":0.0,"data_set_value_component_pEGFR_total_variable_pEGFR_scalefactor":0.000181735,"data_set_value_component_pAkt_total_variable_pAkt_total":0.0,"data_set_value_component_pAkt_total_variable_pAkt_scalefactor":60.0588,"data_set_value_component_pS6_total_variable_pS6_total":0.0,"data_set_value_component_pS6_total_variable_pS6_scalefactor":49886.2,"data_set_value_component_model_parameters_variable_EGF_binding_kb":0.040749,"data_set_value_component_model_parameters_variable_EGF_binding_kf":0.00673816,"data_set_value_component_model_parameters_variable_inhibitor_binding_kb":0.0000525097,"data_set_value_component_model_parameters_variable_inhibitor_binding_kf":0.0000243466,"data_set_value_component_model_parameters_variable_EGFR_turnover":0.0001063861,"data_set_value_component_model_parameters_variable_k1_S6_phosphorylation":0.00121498,"data_set_value_component_model_parameters_variable_k1_pS6_dephosphorylation":0.00113102,"data_set_value_component_model_parameters_variable_k1_pAkt_S6":0.0000021019,"data_set_value_component_model_parameters_variable_k2_pAkt_S6":0.0,"data_set_value_component_model_parameters_variable_k1_Akt_phosphorylation":0.0305684,"data_set_value_component_model_parameters_variable_k1_pAkt_dephosphorylation":0.0327962,"data_set_value_component_model_parameters_variable_k1_pEGFR_Akt":0.000015543,"data_set_value_component_model_parameters_variable_k2_pEGFR_Akt":0.00517473,"data_set_value_component_model_parameters_variable_k1_pEGFR_degradation":0.0997194,"data_set_value_component_model_parameters_variable_k1_EGFR_phosphorylation":0.0192391},{"data_set_value_component_environment_variable_time":0.1,"data_set_value_component_EGF_variable_EGF":30.0,"data_set_value_component_inhibitor_variable_inhibitor":15.0,"data_set_value_component_pro_EGFR_variable_pro_EGFR":0.000681902,"data_set_value_component_EGFR_variable_EGFR":66825.0272131841,"data_set_value_component_EGF_EGFR_variable_EGF_EGFR":1360.4499857154,"data_set_value_component_EGFR_i_variable_EGFR_i":2.440484566,"data_set_value_component_EGF_EGFR_i_variable_EGF_EGFR_i":0.0497162084,"data_set_value_component_pEGFR_variable_pEGFR":1.3100621603,"data_set_value_component_pEGFR_Akt_variable_pEGFR_Akt":0.0000000295,"data_set_value_component_Akt_variable_Akt":0.0433089705,"data_set_value_component_pAkt_variable_pAkt":0.0,"data_set_value_component_pAkt_S6_variable_pAkt_S6":3.504662615e-18,"data_set_value_component_S6_variable_S6":3.54317,"data_set_value_component_pS6_variable_pS6":7.551790917e-23,"data_set_value_component_pEGFR_total_variable_pEGFR_total":0.0002380842,"data_set_value_component_pEGFR_total_variable_pEGFR_scalefactor":0.000181735,"data_set_value_component_pAkt_total_variable_pAkt_total":0.0000000014,"data_set_value_component_pAkt_total_variable_pAkt_scalefactor":60.0588,"data_set_value_component_pS6_total_variable_pS6_total":3.767301521e-18,"data_set_value_component_pS6_total_variable_pS6_scalefactor":49886.2,"data_set_value_component_model_parameters_variable_EGF_binding_kb":0.040749,"data_set_value_component_model_parameters_variable_EGF_binding_kf":0.00673816,"data_set_value_component_model_parameters_variable_inhibitor_binding_kb":0.0000525097,"data_set_value_component_model_parameters_variable_inhibitor_binding_kf":0.0000243466,"data_set_value_component_model_parameters_variable_EGFR_turnover":0.0001063861,"data_set_value_component_model_parameters_variable_k1_S6_phosphorylation":0.00121498,"data_set_value_component_model_parameters_variable_k1_pS6_dephosphorylation":0.00113102,"data_set_value_component_model_parameters_variable_k1_pAkt_S6":0.0000021019,"data_set_value_component_model_parameters_variable_k2_pAkt_S6":0.0,"data_set_value_component_model_parameters_variable_k1_Akt_phosphorylation":0.0305684,"data_set_value_component_model_parameters_variable_k1_pAkt_dephosphorylation":0.0327962,"data_set_value_component_model_parameters_variable_k1_pEGFR_Akt":0.000015543,"data_set_value_component_model_parameters_variable_k2_pEGFR_Akt":0.00517473,"data_set_value_component_model_parameters_variable_k1_pEGFR_degradation":0.0997194,"data_set_value_component_model_parameters_variable_k1_EGFR_phosphorylation":0.0192391},{"data_set_value_component_environment_variable_time":0.2,"data_set_value_component_EGF_variable_EGF":30.0,"data_set_value_component_inhibitor_variable_inhibitor":15.0,"data_set_value_component_pro_EGFR_variable_pro_EGFR":0.000681902,"data_set_value_component_EGFR_variable_EGFR":65492.8488107535,"data_set_value_component_EGF_EGFR_variable_EGF_EGFR":2685.5369304317,"data_set_value_component_EGFR_i_variable_EGFR_i":4.7837405078,"data_set_value_component_EGF_EGFR_i_variable_EGF_EGFR_i":0.1964102438,"data_set_value_component_pEGFR_variable_pEGFR":5.1774613034,"data_set_value_component_pEGFR_Akt_variable_pEGFR_Akt":0.0000002333,"data_set_value_component_Akt_variable_Akt":0.0433087663,"data_set_value_component_pAkt_variable_pAkt":0.0000000004,"data_set_value_component_pAkt_S6_variable_pAkt_S6":1.079398546e-16,"data_set_value_component_S6_variable_S6":3.54317,"data_set_value_component_pS6_variable_pS6":4.466668991e-21,"data_set_value_component_pEGFR_total_variable_pEGFR_total":0.000940926,"data_set_value_component_pEGFR_total_variable_pEGFR_scalefactor":0.000181735,"data_set_value_component_pAkt_total_variable_pAkt_total":0.0000000215,"data_set_value_component_pAkt_total_variable_pAkt_scalefactor":60.0588,"data_set_value_component_pS6_total_variable_pS6_total":2.228251426e-16,"data_set_value_component_pS6_total_variable_pS6_scalefactor":49886.2,"data_set_value_component_model_parameters_variable_EGF_binding_kb":0.040749,"data_set_value_component_model_parameters_variable_EGF_binding_kf":0.00673816,"data_set_value_component_model_parameters_variable_inhibitor_binding_kb":0.0000525097,"data_set_value_component_model_parameters_variable_inhibitor_binding_kf":0.0000243466,"data_set_value_component_model_parameters_variable_EGFR_turnover":0.0001063861,"data_set_value_component_model_parameters_variable_k1_S6_phosphorylation":0.00121498,"data_set_value_component_model_parameters_variable_k1_pS6_dephosphorylation":0.00113102,"data_set_value_component_model_parameters_variable_k1_pAkt_S6":0.0000021019,"data_set_value_component_model_parameters_variable_k2_pAkt_S6":0.0,"data_set_value_component_model_parameters_variable_k1_Akt_phosphorylation":0.0305684,"data_set_value_component_model_parameters_variable_k1_pAkt_dephosphorylation":0.0327962,"data_set_value_component_model_parameters_variable_k1_pEGFR_Akt":0.000015543,"data_set_value_component_model_parameters_variable_k2_pEGFR_Akt":0.00517473,"data_set_value_component_model_parameters_variable_k1_pEGFR_degradation":0.0997194,"data_set_value_component_model_parameters_variable_k1_EGFR_phosphorylation":0.0192391},{"data_set_value_component_environment_variable_time":0.3,"data_set_value_component_EGF_variable_EGF":30.0,"data_set_value_component_inhibitor_variable_inhibitor":15.0,"data_set_value_component_pro_EGFR_variable_pro_EGFR":0.000681902,"data_set_value_component_EGFR_variable_EGFR":64192.6660584531,"data_set_value_component_EGF_EGFR_variable_EGF_EGFR":3976.1265206604,"data_set_value_component_EGFR_i_variable_EGFR_i":7.0332703164,"data_set_value_component_EGF_EGFR_i_variable_EGF_EGFR_i":0.4364880477,"data_set_value_component_pEGFR_variable_pEGFR":11.5099509584,"data_set_value_component_pEGFR_Akt_variable_pEGFR_Akt":0.0000007797,"data_set_value_component_Akt_variable_Akt":0.0433082185,"data_set_value_component_pAkt_variable_pAkt":0.0000000018,"data_set_value_component_pAkt_S6_variable_pAkt_S6":8.079666821e-16,"data_set_value_component_S6_variable_S6":3.54317,"data_set_value_component_pS6_variable_pS6":4.968514406e-20,"data_set_value_component_pEGFR_total_variable_pEGFR_total":0.0020917611,"data_set_value_component_pEGFR_total_variable_pEGFR_scalefactor":0.000181735,"data_set_value_component_pAkt_total_variable_pAkt_total":0.0000001078,"data_set_value_component_pAkt_total_variable_pAkt_scalefactor":60.0588,"data_set_value_component_pS6_total_variable_pS6_total":0.0,"data_set_value_component_pS6_total_variable_pS6_scalefactor":49886.2,"data_set_value_component_model_parameters_variable_EGF_binding_kb":0.040749,"data_set_value_component_model_parameters_variable_EGF_binding_kf":0.00673816,"data_set_value_component_model_parameters_variable_inhibitor_binding_kb":0.0000525097,"data_set_value_component_model_parameters_variable_inhibitor_binding_kf":0.0000243466,"data_set_value_component_model_parameters_variable_EGFR_turnover":0.0001063861,"data_set_value_component_model_parameters_variable_k1_S6_phosphorylation":0.00121498,"data_set_value_component_model_parameters_variable_k1_pS6_dephosphorylation":0.00113102,"data_set_value_component_model_parameters_variable_k1_pAkt_S6":0.0000021019,"data_set_value_component_model_parameters_variable_k2_pAkt_S6":0.0,"data_set_value_component_model_parameters_variable_k1_Akt_phosphorylation":0.0305684,"data_set_value_component_model_parameters_variable_k1_pAkt_dephosphorylation":0.0327962,"data_set_value_component_model_parameters_variable_k1_pEGFR_Akt":0.000015543,"data_set_value_component_model_parameters_variable_k2_pEGFR_Akt":0.00517473,"data_set_value_component_model_parameters_variable_k1_pEGFR_degradation":0.0997194,"data_set_value_component_model_parameters_variable_k1_EGFR_phosphorylation":0.0192391},{"data_set_value_component_environment_variable_time":0.4,"data_set_value_component_EGF_variable_EGF":30.0,"data_set_value_component_inhibitor_variable_inhibitor":15.0,"data_set_value_component_pro_EGFR_variable_pro_EGFR":0.000681902,"data_set_value_component_EGFR_variable_EGFR":62923.6997646477,"data_set_value_component_EGF_EGFR_variable_EGF_EGFR":5233.0632550144,"data_set_value_component_EGFR_i_variable_EGFR_i":9.1924631708,"data_set_value_component_EGF_EGFR_i_variable_EGF_EGFR_i":0.7664712584,"data_set_value_component_pEGFR_variable_pEGFR":20.217845974,"data_set_value_component_pEGFR_Akt_variable_pEGFR_Akt":0.00000183,"data_set_value_component_Akt_variable_Akt":0.0433071644,"data_set_value_component_pAkt_variable_pAkt":0.0000000056,"data_set_value_component_pAkt_S6_variable_pAkt_S6":0.0,"data_set_value_component_S6_variable_S6":3.54317,"data_set_value_component_pS6_variable_pS6":2.777744108e-19,"data_set_value_component_pEGFR_total_variable_pEGFR_total":0.0036742906,"data_set_value_component_pEGFR_total_variable_pEGFR_scalefactor":0.000181735,"data_set_value_component_pAkt_total_variable_pAkt_total":0.0000003378,"data_set_value_component_pAkt_total_variable_pAkt_scalefactor":60.0588,"data_set_value_component_pS6_total_variable_pS6_total":0.0,"data_set_value_component_pS6_total_variable_pS6_scalefactor":49886.2,"data_set_value_component_model_parameters_variable_EGF_binding_kb":0.040749,"data_set_value_component_model_parameters_variable_EGF_binding_kf":0.00673816,"data_set_value_component_model_parameters_variable_inhibitor_binding_kb":0.0000525097,"data_set_value_component_model_parameters_variable_inhibitor_binding_kf":0.0000243466,"data_set_value_component_model_parameters_variable_EGFR_turnover":0.0001063861,"data_set_value_component_model_parameters_variable_k1_S6_phosphorylation":0.00121498,"data_set_value_component_model_parameters_variable_k1_pS6_dephosphorylation":0.00113102,"data_set_value_component_model_parameters_variable_k1_pAkt_S6":0.0000021019,"data_set_value_component_model_parameters_variable_k2_pAkt_S6":0.0,"data_set_value_component_model_parameters_variable_k1_Akt_phosphorylation":0.0305684,"data_set_value_component_model_parameters_variable_k1_pAkt_dephosphorylation":0.0327962,"data_set_value_component_model_parameters_variable_k1_pEGFR_Akt":0.000015543,"data_set_value_component_model_parameters_variable_k2_pEGFR_Akt":0.00517473,"data_set_value_component_model_parameters_variable_k1_pEGFR_degradation":0.0997194,"data_set_value_component_model_parameters_variable_k1_EGFR_phosphorylation":0.0192391},{"data_set_value_component_environment_variable_time":0.5,"data_set_value_component_EGF_variable_EGF":30.0,"data_set_value_component_inhibitor_variable_inhibitor":15.0,"data_set_value_component_pro_EGFR_variable_pro_EGFR":0.000681902,"data_set_value_component_EGFR_variable_EGFR":61685.189726853,"data_set_value_component_EGF_EGFR_variable_EGF_EGFR":6457.1710444212,"data_set_value_component_EGFR_i_variable_EGFR_i":11.2645987607,"data_set_value_component_EGF_EGFR_i_variable_EGF_EGFR_i":1.1829933336,"data_set_value_component_pEGFR_variable_pEGFR":31.213947476,"data_set_value_component_pEGFR_Akt_variable_pEGFR_Akt":0.000003539,"data_set_value_component_Akt_variable_Akt":0.0433054474,"data_set_value_component_pAkt_variable_pAkt":0.0000000136,"data_set_value_component_pAkt_S6_variable_pAkt_S6":0.0,"data_set_value_component_S6_variable_S6":3.54317,"data_set_value_component_pS6_variable_pS6":1.047763214e-18,"data_set_value_component_pEGFR_total_variable_pEGFR_total":0.0056726674,"data_set_value_component_pEGFR_total_variable_pEGFR_scalefactor":0.000181735,"data_set_value_component_pAkt_total_variable_pAkt_total":0.0000008175,"data_set_value_component_pAkt_total_variable_pAkt_scalefactor":60.0588,"data_set_value_component_pS6_total_variable_pS6_total":0.0,"data_set_value_component_pS6_total_variable_pS6_scalefactor":49886.2,"data_set_value_component_model_parameters_variable_EGF_binding_kb":0.040749,"data_set_value_component_model_parameters_variable_EGF_binding_kf":0.00673816,"data_set_value_component_model_parameters_variable_inhibitor_binding_kb":0.0000525097,"data_set_value_component_model_parameters_variable_inhibitor_binding_kf":0.0000243466,"data_set_value_component_model_parameters_variable_EGFR_turnover":0.0001063861,"data_set_value_component_model_parameters_variable_k1_S6_phosphorylation":0.00121498,"data_set_value_component_model_parameters_variable_k1_pS6_dephosphorylation":0.00113102,"data_set_value_component_model_parameters_variable_k1_pAkt_S6":0.0000021019,"data_set_value_component_model_parameters_variable_k2_pAkt_S6":0.0,"data_set_value_component_model_parameters_variable_k1_Akt_phosphorylation":0.0305684,"data_set_value_component_model_parameters_variable_k1_pAkt_dephosphorylation":0.0327962,"data_set_value_component_model_parameters_variable_k1_pEGFR_Akt":0.000015543,"data_set_value_component_model_parameters_variable_k2_pEGFR_Akt":0.00517473,"data_set_value_component_model_parameters_variable_k1_pEGFR_degradation":0.0997194,"data_set_value_component_model_parameters_variable_k1_EGFR_phosphorylation":0.0192391},{"data_set_value_component_environment_variable_time":0.6,"data_set_value_component_EGF_variable_EGF":30.0,"data_set_value_component_inhibitor_variable_inhibitor":15.0,"data_set_value_component_pro_EGFR_variable_pro_EGFR":0.000681902,"data_set_value_component_EGFR_variable_EGFR":60476.3942902752,"data_set_value_component_EGF_EGFR_variable_EGF_EGFR":7649.2536904357,"data_set_value_component_EGFR_i_variable_EGFR_i":13.2528504635,"data_set_value_component_EGF_EGFR_i_variable_EGF_EGFR_i":1.6827962888,"data_set_value_component_pEGFR_variable_pEGFR":44.4134819201,"data_set_value_component_pEGFR_Akt_variable_pEGFR_Akt":0.0000060552,"data_set_value_component_Akt_variable_Akt":0.0433029169,"data_set_value_component_pAkt_variable_pAkt":0.000000028,"data_set_value_component_pAkt_S6_variable_pAkt_S6":0.0,"data_set_value_component_S6_variable_S6":3.54317,"data_set_value_component_pS6_variable_pS6":3.095285015e-18,"data_set_value_component_pEGFR_total_variable_pEGFR_total":0.0080714852,"data_set_value_component_pEGFR_total_variable_pEGFR_scalefactor":0.000181735,"data_set_value_component_pAkt_total_variable_pAkt_total":0.0000016808,"data_set_value_component_pAkt_total_variable_pAkt_scalefactor":60.0588,"data_set_value_component_pS6_total_variable_pS6_total":0.0,"data_set_value_component_pS6_total_variable_pS6_scalefactor":49886.2,"data_set_value_component_model_parameters_variable_EGF_binding_kb":0.040749,"data_set_value_component_model_parameters_variable_EGF_binding_kf":0.00673816,"data_set_value_component_model_parameters_variable_inhibitor_binding_kb":0.0000525097,"data_set_value_component_model_parameters_variable_inhibitor_binding_kf":0.0000243466,"data_set_value_component_model_parameters_variable_EGFR_turnover":0.0001063861,"data_set_value_component_model_parameters_variable_k1_S6_phosphorylation":0.00121498,"data_set_value_component_model_parameters_variable_k1_pS6_dephosphorylation":0.00113102,"data_set_value_component_model_parameters_variable_k1_pAkt_S6":0.0000021019,"data_set_value_component_model_parameters_variable_k2_pAkt_S6":0.0,"data_set_value_component_model_parameters_variable_k1_Akt_phosphorylation":0.0305684,"data_set_value_component_model_parameters_variable_k1_pAkt_dephosphorylation":0.0327962,"data_set_value_component_model_parameters_variable_k1_pEGFR_Akt":0.000015543,"data_set_value_component_model_parameters_variable_k2_pEGFR_Akt":0.00517473,"data_set_value_component_model_parameters_variable_k1_pEGFR_degradation":0.0997194,"data_set_value_component_model_parameters_variable_k1_EGFR_phosphorylation":0.0192391},{"data_set_value_component_environment_variable_time":0.7,"data_set_value_component_EGF_variable_EGF":30.0,"data_set_value_component_inhibitor_variable_inhibitor":15.0,"data_set_value_component_pro_EGFR_variable_pro_EGFR":0.000681902,"data_set_value_component_EGFR_variable_EGFR":59296.5898594232,"data_set_value_component_EGF_EGFR_variable_EGF_EGFR":8810.0954149309,"data_set_value_component_EGFR_i_variable_EGFR_i":15.1602888137,"data_set_value_component_EGF_EGFR_i_variable_EGF_EGFR_i":2.2627271854,"data_set_value_component_pEGFR_variable_pEGFR":59.7340342023,"data_set_value_component_pEGFR_Akt_variable_pEGFR_Akt":0.0000095207,"data_set_value_component_Akt_variable_Akt":0.0432994279,"data_set_value_component_pAkt_variable_pAkt":0.0000000514,"data_set_value_component_pAkt_S6_variable_pAkt_S6":0.0,"data_set_value_component_S6_variable_S6":3.54317,"data_set_value_component_pS6_variable_pS6":7.742476058e-18,"data_set_value_component_pEGFR_total_variable_pEGFR_total":0.0108557664,"data_set_value_component_pEGFR_total_variable_pEGFR_scalefactor":0.000181735,"data_set_value_component_pAkt_total_variable_pAkt_total":0.0000030874,"data_set_value_component_pAkt_total_variable_pAkt_scalefactor":60.0588,"data_set_value_component_pS6_total_variable_pS6_total":0.0,"data_set_value_component_pS6_total_variable_pS6_scalefactor":49886.2,"data_set_value_component_model_parameters_variable_EGF_binding_kb":0.040749,"data_set_value_component_model_parameters_variable_EGF_binding_kf":0.00673816,"data_set_value_component_model_parameters_variable_inhibitor_binding_kb":0.0000525097,"data_set_value_component_model_parameters_variable_inhibitor_binding_kf":0.0000243466,"data_set_value_component_model_parameters_variable_EGFR_turnover":0.0001063861,"data_set_value_component_model_parameters_variable_k1_S6_phosphorylation":0.00121498,"data_set_value_component_model_parameters_variable_k1_pS6_dephosphorylation":0.00113102,"data_set_value_component_model_parameters_variable_k1_pAkt_S6":0.0000021019,"data_set_value_component_model_parameters_variable_k2_pAkt_S6":0.0,"data_set_value_component_model_parameters_variable_k1_Akt_phosphorylation":0.0305684,"data_set_value_component_model_parameters_variable_k1_pAkt_dephosphorylation":0.0327962,"data_set_value_component_model_parameters_variable_k1_pEGFR_Akt":0.000015543,"data_set_value_component_model_parameters_variable_k2_pEGFR_Akt":0.00517473,"data_set_value_component_model_parameters_variable_k1_pEGFR_degradation":0.0997194,"data_set_value_component_model_parameters_variable_k1_EGFR_phosphorylation":0.0192391},{"data_set_value_component_environment_variable_time":0.8,"data_set_value_component_EGF_variable_EGF":30.0,"data_set_value_component_inhibitor_variable_inhibitor":15.0,"data_set_value_component_pro_EGFR_variable_pro_EGFR":0.000681902,"data_set_value_component_EGFR_variable_EGFR":58145.0704745528,"data_set_value_component_EGF_EGFR_variable_EGF_EGFR":9940.4613195349,"data_set_value_component_EGFR_i_variable_EGFR_i":16.989884527,"data_set_value_component_EGF_EGFR_i_variable_EGF_EGFR_i":2.9197350737,"data_set_value_component_pEGFR_variable_pEGFR":77.095489569,"data_set_value_component_pEGFR_Akt_variable_pEGFR_Akt":0.0000140717,"data_set_value_component_Akt_variable_Akt":0.0432948414,"data_set_value_component_pAkt_variable_pAkt":0.000000087,"data_set_value_component_pAkt_S6_variable_pAkt_S6":0.0,"data_set_value_component_S6_variable_S6":3.54317,"data_set_value_component_pS6_variable_pS6":1.713580847e-17,"data_set_value_component_pEGFR_total_variable_pEGFR_total":0.0140109514,"data_set_value_component_pEGFR_total_variable_pEGFR_scalefactor":0.000181735,"data_set_value_component_pAkt_total_variable_pAkt_total":0.0000052222,"data_set_value_component_pAkt_total_variable_pAkt_scalefactor":60.0588,"data_set_value_component_pS6_total_variable_pS6_total":0.0,"data_set_value_component_pS6_total_variable_pS6_scalefactor":49886.2,"data_set_value_component_model_parameters_variable_EGF_binding_kb":0.040749,"data_set_value_component_model_parameters_variable_EGF_binding_kf":0.00673816,"data_set_value_component_model_parameters_variable_inhibitor_binding_kb":0.0000525097,"data_set_value_component_model_parameters_variable_inhibitor_binding_kf":0.0000243466,"data_set_value_component_model_parameters_variable_EGFR_turnover":0.0001063861,"data_set_value_component_model_parameters_variable_k1_S6_phosphorylation":0.00121498,"data_set_value_component_model_parameters_variable_k1_pS6_dephosphorylation":0.00113102,"data_set_value_component_model_parameters_variable_k1_pAkt_S6":0.0000021019,"data_set_value_component_model_parameters_variable_k2_pAkt_S6":0.0,"data_set_value_component_model_parameters_variable_k1_Akt_phosphorylation":0.0305684,"data_set_value_component_model_parameters_variable_k1_pAkt_dephosphorylation":0.0327962,"data_set_value_component_model_parameters_variable_k1_pEGFR_Akt":0.000015543,"data_set_value_component_model_parameters_variable_k2_pEGFR_Akt":0.00517473,"data_set_value_component_model_parameters_variable_k1_pEGFR_degradation":0.0997194,"data_set_value_component_model_parameters_variable_k1_EGFR_phosphorylation":0.0192391},{"data_set_value_component_environment_variable_time":0.9,"data_set_value_component_EGF_variable_EGF":30.0,"data_set_value_component_inhibitor_variable_inhibitor":15.0,"data_set_value_component_pro_EGFR_variable_pro_EGFR":0.000681902,"data_set_value_component_EGFR_variable_EGFR":57021.1473651919,"data_set_value_component_EGF_EGFR_variable_EGF_EGFR":11041.0978692942,"data_set_value_component_EGFR_i_variable_EGFR_i":18.7445116181,"data_set_value_component_EGF_EGFR_i_variable_EGF_EGFR_i":3.6508677823,"data_set_value_component_pEGFR_variable_pEGFR":96.4199722523,"data_set_value_component_pEGFR_Akt_variable_pEGFR_Akt":0.0000198385,"data_set_value_component_Akt_variable_Akt":0.0432890234,"data_set_value_component_pAkt_variable_pAkt":0.0000001381,"data_set_value_component_pAkt_S6_variable_pAkt_S6":0.0,"data_set_value_component_S6_variable_S6":3.54317,"data_set_value_component_pS6_variable_pS6":3.451522336e-17,"data_set_value_component_pEGFR_total_variable_pEGFR_total":0.0175228873,"data_set_value_component_pEGFR_total_variable_pEGFR_scalefactor":0.000181735,"data_set_value_component_pAkt_total_variable_pAkt_total":0.0000082936,"data_set_value_component_pAkt_total_variable_pAkt_scalefactor":60.0588,"data_set_value_component_pS6_total_variable_pS6_total":0.0,"data_set_value_component_pS6_total_variable_pS6_scalefactor":49886.2,"data_set_value_component_model_parameters_variable_EGF_binding_kb":0.040749,"data_set_value_component_model_parameters_variable_EGF_binding_kf":0.00673816,"data_set_value_component_model_parameters_variable_inhibitor_binding_kb":0.0000525097,"data_set_value_component_model_parameters_variable_inhibitor_binding_kf":0.0000243466,"data_set_value_component_model_parameters_variable_EGFR_turnover":0.0001063861,"data_set_value_component_model_parameters_variable_k1_S6_phosphorylation":0.00121498,"data_set_value_component_model_parameters_variable_k1_pS6_dephosphorylation":0.00113102,"data_set_value_component_model_parameters_variable_k1_pAkt_S6":0.0000021019,"data_set_value_component_model_parameters_variable_k2_pAkt_S6":0.0,"data_set_value_component_model_parameters_variable_k1_Akt_phosphorylation":0.0305684,"data_set_value_component_model_parameters_variable_k1_pAkt_dephosphorylation":0.0327962,"data_set_value_component_model_parameters_variable_k1_pEGFR_Akt":0.000015543,"data_set_value_component_model_parameters_variable_k2_pEGFR_Akt":0.00517473,"data_set_value_component_model_parameters_variable_k1_pEGFR_degradation":0.0997194,"data_set_value_component_model_parameters_variable_k1_EGFR_phosphorylation":0.0192391},{"data_set_value_component_environment_variable_time":1.0,"data_set_value_component_EGF_variable_EGF":30.0,"data_set_value_component_inhibitor_variable_inhibitor":15.0,"data_set_value_component_pro_EGFR_variable_pro_EGFR":0.000681902,"data_set_value_component_EGFR_variable_EGFR":55924.1485447733,"data_set_value_component_EGF_EGFR_variable_EGF_EGFR":12112.7333327861,"data_set_value_component_EGFR_i_variable_EGFR_i":20.4269503024,"data_set_value_component_EGF_EGFR_i_variable_EGF_EGFR_i":4.4532690262,"data_set_value_component_pEGFR_variable_pEGFR":117.6317900566,"data_set_value_component_pEGFR_Akt_variable_pEGFR_Akt":0.0000269454,"data_set_value_component_Akt_variable_Akt":0.0432818459,"data_set_value_component_pAkt_variable_pAkt":0.0000002087,"data_set_value_component_pAkt_S6_variable_pAkt_S6":0.0,"data_set_value_component_S6_variable_S6":3.54317,"data_set_value_component_pS6_variable_pS6":6.453097139e-17,"data_set_value_component_pEGFR_total_variable_pEGFR_total":0.0213778183,"data_set_value_component_pEGFR_total_variable_pEGFR_scalefactor":0.000181735,"data_set_value_component_pAkt_total_variable_pAkt_total":0.0000125331,"data_set_value_component_pAkt_total_variable_pAkt_scalefactor":60.0588,"data_set_value_component_pS6_total_variable_pS6_total":0.0,"data_set_value_component_pS6_total_variable_pS6_scalefactor":49886.2,"data_set_value_component_model_parameters_variable_EGF_binding_kb":0.040749,"data_set_value_component_model_parameters_variable_EGF_binding_kf":0.00673816,"data_set_value_component_model_parameters_variable_inhibitor_binding_kb":0.0000525097,"data_set_value_component_model_parameters_variable_inhibitor_binding_kf":0.0000243466,"data_set_value_component_model_parameters_variable_EGFR_turnover":0.0001063861,"data_set_value_component_model_parameters_variable_k1_S6_phosphorylation":0.00121498,"data_set_value_component_model_parameters_variable_k1_pS6_dephosphorylation":0.00113102,"data_set_value_component_model_parameters_variable_k1_pAkt_S6":0.0000021019,"data_set_value_component_model_parameters_variable_k2_pAkt_S6":0.0,"data_set_value_component_model_parameters_variable_k1_Akt_phosphorylation":0.0305684,"data_set_value_component_model_parameters_variable_k1_pAkt_dephosphorylation":0.0327962,"data_set_value_component_model_parameters_variable_k1_pEGFR_Akt":0.000015543,"data_set_value_component_model_parameters_variable_k2_pEGFR_Akt":0.00517473,"data_set_value_component_model_parameters_variable_k1_pEGFR_degradation":0.0997194,"data_set_value_component_model_parameters_variable_k1_EGFR_phosphorylation":0.0192391}]