[{"data_set_value_component_environment_variable_time":0.0,"data_set_value_component_c_variable_c":0.01,"data_set_value_component_c_variable_delta":0.1,"data_set_value_component_ce_variable_ce":0.01,"data_set_value_component_ce_variable_gamma":5.4,"data_set_value_component_p_variable_p":10.0,"data_set_value_component_J_IPR_variable_J_IPR":0.0,"data_set_value_component_J_IPR_variable_kf":0.96,"data_set_value_component_J_IPR_variable_g1":0.002,"data_set_value_component_R_variable_R":0.16,"data_set_value_component_O_variable_O":0.01,"data_set_value_component_I_1_variable_I_1":0.16,"data_set_value_component_I_2_variable_I_2":0.16,"data_set_value_component_S_variable_S":0.16,"data_set_value_component_A_variable_A":0.16,"data_set_value_component_IPR_parameters_variable_phi_1":0.0998202247,"data_set_value_component_IPR_parameters_variable_phi_2":25.6719101124,"data_set_value_component_IPR_parameters_variable_phi_2_":1.4247395357,"data_set_value_component_IPR_parameters_variable_phi_3":0.109979894,"data_set_value_component_IPR_parameters_variable_phi_4":0.9003472857,"data_set_value_component_IPR_parameters_variable_phi_4_":11.0215384615,"data_set_value_component_IPR_parameters_variable_phi_5":0.1366769231,"data_set_value_component_IPR_parameters_variable_k_1":0.64,"data_set_value_component_IPR_parameters_variable_k_1_":0.04,"data_set_value_component_IPR_parameters_variable_k_2":37.4,"data_set_value_component_IPR_parameters_variable_k_2_":1.4,"data_set_value_component_IPR_parameters_variable_k_3":0.11,"data_set_value_component_IPR_parameters_variable_k_3_":29.8,"data_set_value_component_IPR_parameters_variable_k_4":4.0,"data_set_value_component_IPR_parameters_variable_k_4_":0.54,"data_set_value_component_IPR_parameters_variable_l_2":1.7,"data_set_value_component_IPR_parameters_variable_l_2_":0.8,"data_set_value_component_IPR_parameters_variable_l_4":1.7,"data_set_value_component_IPR_parameters_variable_l_4_":2.5,"data_set_value_component_IPR_parameters_variable_l_6":4707.0,"data_set_value_component_IPR_parameters_variable_l_6_":11.4,"data_set_value_component_IPR_parameters_variable_L_1":0.12,"data_set_value_component_IPR_parameters_variable_L_3":0.025,"data_set_value_component_IPR_parameters_variable_L_5":54.7,"data_set_value_component_J_serca_variable_J_serca":631.5789473684,"data_set_value_component_J_serca_variable_Vs":120.0,"data_set_value_component_J_serca_variable_Ks":0.18,"data_set_value_component_J_pm_variable_J_pm":0.0158640227,"data_set_value_component_J_pm_variable_Vp":28.0,"data_set_value_component_J_pm_variable_Kp":0.42,"data_set_value_component_J_in_variable_J_in":2.03,"data_set_value_component_J_in_variable_alpha1":0.03,"data_set_value_component_J_in_variable_alpha2":0.2},{"data_set_value_component_environment_variable_time":0.1,"data_set_value_component_c_variable_c":0.0000528045,"data_set_value_component_c_variable_delta":0.1,"data_set_value_component_ce_variable_ce":0.1733346573,"data_set_value_component_ce_variable_gamma":5.4,"data_set_value_component_p_variable_p":10.0,"data_set_value_component_J_IPR_variable_J_IPR":0.0003602613,"data_set_value_component_J_IPR_variable_kf":0.96,"data_set_value_component_J_IPR_variable_g1":0.002,"data_set_value_component_R_variable_R":0.0020032079,"data_set_value_component_O_variable_O":0.4481905076,"data_set_value_component_I_1_variable_I_1":0.1471102274,"data_set_value_component_I_2_variable_I_2":0.1471148136,"data_set_value_component_S_variable_S":0.0095370123,"data_set_value_component_A_variable_A":0.0560442312,"data_set_value_component_IPR_parameters_variable_phi_1":0.0007798685,"data_set_value_component_IPR_parameters_variable_phi_2":37.308371598,"data_set_value_component_IPR_parameters_variable_phi_2_":1.4001306597,"data_set_value_component_IPR_parameters_variable_phi_3":0.1099998938,"data_set_value_component_IPR_parameters_variable_phi_4":0.0047551049,"data_set_value_component_IPR_parameters_variable_phi_4_":11.9347482615,"data_set_value_component_IPR_parameters_variable_phi_5":0.000781515,"data_set_value_component_IPR_parameters_variable_k_1":0.64,"data_set_value_component_IPR_parameters_variable_k_1_":0.04,"data_set_value_component_IPR_parameters_variable_k_2":37.4,"data_set_value_component_IPR_parameters_variable_k_2_":1.4,"data_set_value_component_IPR_parameters_variable_k_3":0.11,"data_set_value_component_IPR_parameters_variable_k_3_":29.8,"data_set_value_component_IPR_parameters_variable_k_4":4.0,"data_set_value_component_IPR_parameters_variable_k_4_":0.54,"data_set_value_component_IPR_parameters_variable_l_2":1.7,"data_set_value_component_IPR_parameters_variable_l_2_":0.8,"data_set_value_component_IPR_parameters_variable_l_4":1.7,"data_set_value_component_IPR_parameters_variable_l_4_":2.5,"data_set_value_component_IPR_parameters_variable_l_6":4707.0,"data_set_value_component_IPR_parameters_variable_l_6_":11.4,"data_set_value_component_IPR_parameters_variable_L_1":0.12,"data_set_value_component_IPR_parameters_variable_L_3":0.025,"data_set_value_component_IPR_parameters_variable_L_5":54.7,"data_set_value_component_J_serca_variable_J_serca":0.2030331825,"data_set_value_component_J_serca_variable_Vs":120.0,"data_set_value_component_J_serca_variable_Ks":0.18,"data_set_value_component_J_pm_variable_J_pm":0.0000004426,"data_set_value_component_J_pm_variable_Vp":28.0,"data_set_value_component_J_pm_variable_Kp":0.42,"data_set_value_component_J_in_variable_J_in":2.03,"data_set_value_component_J_in_variable_alpha1":0.03,"data_set_value_component_J_in_variable_alpha2":0.2},{"data_set_value_component_environment_variable_time":0.2,"data_set_value_component_c_variable_c":0.0000863187,"data_set_value_component_c_variable_delta":0.1,"data_set_value_component_ce_variable_ce":0.2827736384,"data_set_value_component_ce_variable_gamma":5.4,"data_set_value_component_p_variable_p":10.0,"data_set_value_component_J_IPR_variable_J_IPR":0.0005729716,"data_set_value_component_J_IPR_variable_kf":0.96,"data_set_value_component_J_IPR_variable_g1":0.002,"data_set_value_component_R_variable_R":0.00222217,"data_set_value_component_O_variable_O":0.5109832969,"data_set_value_component_I_1_variable_I_1":0.1352579525,"data_set_value_component_I_2_variable_I_2":0.1352654759,"data_set_value_component_S_variable_S":0.002226371,"data_set_value_component_A_variable_A":0.0240447335,"data_set_value_component_IPR_parameters_variable_phi_1":0.0012727821,"data_set_value_component_IPR_parameters_variable_phi_2":37.2504581361,"data_set_value_component_IPR_parameters_variable_phi_2_":1.4002135872,"data_set_value_component_IPR_parameters_variable_phi_3":0.1099998264,"data_set_value_component_IPR_parameters_variable_phi_4":0.0077730891,"data_set_value_component_IPR_parameters_variable_phi_4_":11.9314174631,"data_set_value_component_IPR_parameters_variable_phi_5":0.0012771735,"data_set_value_component_IPR_parameters_variable_k_1":0.64,"data_set_value_component_IPR_parameters_variable_k_1_":0.04,"data_set_value_component_IPR_parameters_variable_k_2":37.4,"data_set_value_component_IPR_parameters_variable_k_2_":1.4,"data_set_value_component_IPR_parameters_variable_k_3":0.11,"data_set_value_component_IPR_parameters_variable_k_3_":29.8,"data_set_value_component_IPR_parameters_variable_k_4":4.0,"data_set_value_component_IPR_parameters_variable_k_4_":0.54,"data_set_value_component_IPR_parameters_variable_l_2":1.7,"data_set_value_component_IPR_parameters_variable_l_2_":0.8,"data_set_value_component_IPR_parameters_variable_l_4":1.7,"data_set_value_component_IPR_parameters_variable_l_4_":2.5,"data_set_value_component_IPR_parameters_variable_l_6":4707.0,"data_set_value_component_IPR_parameters_variable_l_6_":11.4,"data_set_value_component_IPR_parameters_variable_L_1":0.12,"data_set_value_component_IPR_parameters_variable_L_3":0.025,"data_set_value_component_IPR_parameters_variable_L_5":54.7,"data_set_value_component_J_serca_variable_J_serca":0.2034072793,"data_set_value_component_J_serca_variable_Vs":120.0,"data_set_value_component_J_serca_variable_Ks":0.18,"data_set_value_component_J_pm_variable_J_pm":0.0000011827,"data_set_value_component_J_pm_variable_Vp":28.0,"data_set_value_component_J_pm_variable_Kp":0.42,"data_set_value_component_J_in_variable_J_in":2.03,"data_set_value_component_J_in_variable_alpha1":0.03,"data_set_value_component_J_in_variable_alpha2":0.2},{"data_set_value_component_environment_variable_time":0.3,"data_set_value_component_c_variable_c":0.0001197829,"data_set_value_component_c_variable_delta":0.1,"data_set_value_component_ce_variable_ce":0.39221284,"data_set_value_component_ce_variable_gamma":5.4,"data_set_value_component_p_variable_p":10.0,"data_set_value_component_J_IPR_variable_J_IPR":0.0007916887,"data_set_value_component_J_IPR_variable_kf":0.96,"data_set_value_component_J_IPR_variable_g1":0.002,"data_set_value_component_R_variable_R":0.0023232991,"data_set_value_component_O_variable_O":0.5430570775,"data_set_value_component_I_1_variable_I_1":0.1243607219,"data_set_value_component_I_2_variable_I_2":0.1243699008,"data_set_value_component_S_variable_S":0.0019873721,"data_set_value_component_A_variable_A":0.0139016285,"data_set_value_component_IPR_parameters_variable_phi_1":0.0017633765,"data_set_value_component_IPR_parameters_variable_phi_2":37.1928171608,"data_set_value_component_IPR_parameters_variable_phi_2_":1.4002963909,"data_set_value_component_IPR_parameters_variable_phi_3":0.1099997591,"data_set_value_component_IPR_parameters_variable_phi_4":0.0107865692,"data_set_value_component_IPR_parameters_variable_phi_4_":11.928093486,"data_set_value_component_IPR_parameters_variable_phi_5":0.0017718169,"data_set_value_component_IPR_parameters_variable_k_1":0.64,"data_set_value_component_IPR_parameters_variable_k_1_":0.04,"data_set_value_component_IPR_parameters_variable_k_2":37.4,"data_set_value_component_IPR_parameters_variable_k_2_":1.4,"data_set_value_component_IPR_parameters_variable_k_3":0.11,"data_set_value_component_IPR_parameters_variable_k_3_":29.8,"data_set_value_component_IPR_parameters_variable_k_4":4.0,"data_set_value_component_IPR_parameters_variable_k_4_":0.54,"data_set_value_component_IPR_parameters_variable_l_2":1.7,"data_set_value_component_IPR_parameters_variable_l_2_":0.8,"data_set_value_component_IPR_parameters_variable_l_4":1.7,"data_set_value_component_IPR_parameters_variable_l_4_":2.5,"data_set_value_component_IPR_parameters_variable_l_6":4707.0,"data_set_value_component_IPR_parameters_variable_l_6_":11.4,"data_set_value_component_IPR_parameters_variable_L_1":0.12,"data_set_value_component_IPR_parameters_variable_L_3":0.025,"data_set_value_component_IPR_parameters_variable_L_5":54.7,"data_set_value_component_J_serca_variable_J_serca":0.2034664757,"data_set_value_component_J_serca_variable_Vs":120.0,"data_set_value_component_J_serca_variable_Ks":0.18,"data_set_value_component_J_pm_variable_J_pm":0.0000022775,"data_set_value_component_J_pm_variable_Vp":28.0,"data_set_value_component_J_pm_variable_Kp":0.42,"data_set_value_component_J_in_variable_J_in":2.03,"data_set_value_component_J_in_variable_alpha1":0.03,"data_set_value_component_J_in_variable_alpha2":0.2},{"data_set_value_component_environment_variable_time":0.4,"data_set_value_component_c_variable_c":0.0001535784,"data_set_value_component_c_variable_delta":0.1,"data_set_value_component_ce_variable_ce":0.5016501834,"data_set_value_component_ce_variable_gamma":5.4,"data_set_value_component_p_variable_p":10.0,"data_set_value_component_J_IPR_variable_J_IPR":0.0010121453,"data_set_value_component_J_IPR_variable_kf":0.96,"data_set_value_component_J_IPR_variable_g1":0.002,"data_set_value_component_R_variable_R":0.0023929609,"data_set_value_component_O_variable_O":0.5664179519,"data_set_value_component_I_1_variable_I_1":0.1143415906,"data_set_value_component_I_2_variable_I_2":0.1143518619,"data_set_value_component_S_variable_S":0.0020637019,"data_set_value_component_A_variable_A":0.0104319328,"data_set_value_component_IPR_parameters_variable_phi_1":0.0022572294,"data_set_value_component_IPR_parameters_variable_phi_2":37.1347933271,"data_set_value_component_IPR_parameters_variable_phi_2_":1.4003800143,"data_set_value_component_IPR_parameters_variable_phi_3":0.1099996912,"data_set_value_component_IPR_parameters_variable_phi_4":0.0138298821,"data_set_value_component_IPR_parameters_variable_phi_4_":11.9247384773,"data_set_value_component_IPR_parameters_variable_phi_5":0.0022710782,"data_set_value_component_IPR_parameters_variable_k_1":0.64,"data_set_value_component_IPR_parameters_variable_k_1_":0.04,"data_set_value_component_IPR_parameters_variable_k_2":37.4,"data_set_value_component_IPR_parameters_variable_k_2_":1.4,"data_set_value_component_IPR_parameters_variable_k_3":0.11,"data_set_value_component_IPR_parameters_variable_k_3_":29.8,"data_set_value_component_IPR_parameters_variable_k_4":4.0,"data_set_value_component_IPR_parameters_variable_k_4_":0.54,"data_set_value_component_IPR_parameters_variable_l_2":1.7,"data_set_value_component_IPR_parameters_variable_l_2_":0.8,"data_set_value_component_IPR_parameters_variable_l_4":1.7,"data_set_value_component_IPR_parameters_variable_l_4_":2.5,"data_set_value_component_IPR_parameters_variable_l_6":4707.0,"data_set_value_component_IPR_parameters_variable_l_6_":11.4,"data_set_value_component_IPR_parameters_variable_L_1":0.12,"data_set_value_component_IPR_parameters_variable_L_3":0.025,"data_set_value_component_IPR_parameters_variable_L_5":54.7,"data_set_value_component_J_serca_variable_J_serca":0.2039236643,"data_set_value_component_J_serca_variable_Vs":120.0,"data_set_value_component_J_serca_variable_Ks":0.18,"data_set_value_component_J_pm_variable_J_pm":0.0000037439,"data_set_value_component_J_pm_variable_Vp":28.0,"data_set_value_component_J_pm_variable_Kp":0.42,"data_set_value_component_J_in_variable_J_in":2.03,"data_set_value_component_J_in_variable_alpha1":0.03,"data_set_value_component_J_in_variable_alpha2":0.2},{"data_set_value_component_environment_variable_time":0.5,"data_set_value_component_c_variable_c":0.000187128,"data_set_value_component_c_variable_delta":0.1,"data_set_value_component_ce_variable_ce":0.6110887666,"data_set_value_component_ce_variable_gamma":5.4,"data_set_value_component_p_variable_p":10.0,"data_set_value_component_J_IPR_variable_J_IPR":0.0012334381,"data_set_value_component_J_IPR_variable_kf":0.96,"data_set_value_component_J_IPR_variable_g1":0.002,"data_set_value_component_R_variable_R":0.0024505178,"data_set_value_component_O_variable_O":0.5861078042,"data_set_value_component_I_1_variable_I_1":0.1051298142,"data_set_value_component_I_2_variable_I_2":0.1051409991,"data_set_value_component_S_variable_S":0.0021396044,"data_set_value_component_A_variable_A":0.0090312602,"data_set_value_component_IPR_parameters_variable_phi_1":0.0027459063,"data_set_value_component_IPR_parameters_variable_phi_2":37.077377644,"data_set_value_component_IPR_parameters_variable_phi_2_":1.400463029,"data_set_value_component_IPR_parameters_variable_phi_3":0.1099996237,"data_set_value_component_IPR_parameters_variable_phi_4":0.0168510399,"data_set_value_component_IPR_parameters_variable_phi_4_":11.921409755,"data_set_value_component_IPR_parameters_variable_phi_5":0.0027664277,"data_set_value_component_IPR_parameters_variable_k_1":0.64,"data_set_value_component_IPR_parameters_variable_k_1_":0.04,"data_set_value_component_IPR_parameters_variable_k_2":37.4,"data_set_value_component_IPR_parameters_variable_k_2_":1.4,"data_set_value_component_IPR_parameters_variable_k_3":0.11,"data_set_value_component_IPR_parameters_variable_k_3_":29.8,"data_set_value_component_IPR_parameters_variable_k_4":4.0,"data_set_value_component_IPR_parameters_variable_k_4_":0.54,"data_set_value_component_IPR_parameters_variable_l_2":1.7,"data_set_value_component_IPR_parameters_variable_l_2_":0.8,"data_set_value_component_IPR_parameters_variable_l_4":1.7,"data_set_value_component_IPR_parameters_variable_l_4_":2.5,"data_set_value_component_IPR_parameters_variable_l_6":4707.0,"data_set_value_component_IPR_parameters_variable_l_6_":11.4,"data_set_value_component_IPR_parameters_variable_L_1":0.12,"data_set_value_component_IPR_parameters_variable_L_3":0.025,"data_set_value_component_IPR_parameters_variable_L_5":54.7,"data_set_value_component_J_serca_variable_J_serca":0.2039350749,"data_set_value_component_J_serca_variable_Vs":120.0,"data_set_value_component_J_serca_variable_Ks":0.18,"data_set_value_component_J_pm_variable_J_pm":0.0000055582,"data_set_value_component_J_pm_variable_Vp":28.0,"data_set_value_component_J_pm_variable_Kp":0.42,"data_set_value_component_J_in_variable_J_in":2.03,"data_set_value_component_J_in_variable_alpha1":0.03,"data_set_value_component_J_in_variable_alpha2":0.2},{"data_set_value_component_environment_variable_time":0.6,"data_set_value_component_c_variable_c":0.0002208773,"data_set_value_component_c_variable_delta":0.1,"data_set_value_component_ce_variable_ce":0.7205261627,"data_set_value_component_ce_variable_gamma":5.4,"data_set_value_component_p_variable_p":10.0,"data_set_value_component_J_IPR_variable_J_IPR":0.0014552534,"data_set_value_component_J_IPR_variable_kf":0.96,"data_set_value_component_J_IPR_variable_g1":0.002,"data_set_value_component_R_variable_R":0.0025017684,"data_set_value_component_O_variable_O":0.6036587716,"data_set_value_component_I_1_variable_I_1":0.0966602464,"data_set_value_component_I_2_variable_I_2":0.0966723144,"data_set_value_component_S_variable_S":0.0022068654,"data_set_value_component_A_variable_A":0.0083000339,"data_set_value_component_IPR_parameters_variable_phi_1":0.0032359113,"data_set_value_component_IPR_parameters_variable_phi_2":37.0198059183,"data_set_value_component_IPR_parameters_variable_phi_2_":1.400546538,"data_set_value_component_IPR_parameters_variable_phi_3":0.1099995558,"data_set_value_component_IPR_parameters_variable_phi_4":0.019890186,"data_set_value_component_IPR_parameters_variable_phi_4_":11.9180630834,"data_set_value_component_IPR_parameters_variable_phi_5":0.0032644484,"data_set_value_component_IPR_parameters_variable_k_1":0.64,"data_set_value_component_IPR_parameters_variable_k_1_":0.04,"data_set_value_component_IPR_parameters_variable_k_2":37.4,"data_set_value_component_IPR_parameters_variable_k_2_":1.4,"data_set_value_component_IPR_parameters_variable_k_3":0.11,"data_set_value_component_IPR_parameters_variable_k_3_":29.8,"data_set_value_component_IPR_parameters_variable_k_4":4.0,"data_set_value_component_IPR_parameters_variable_k_4_":0.54,"data_set_value_component_IPR_parameters_variable_l_2":1.7,"data_set_value_component_IPR_parameters_variable_l_2_":0.8,"data_set_value_component_IPR_parameters_variable_l_4":1.7,"data_set_value_component_IPR_parameters_variable_l_4_":2.5,"data_set_value_component_IPR_parameters_variable_l_6":4707.0,"data_set_value_component_IPR_parameters_variable_l_6_":11.4,"data_set_value_component_IPR_parameters_variable_L_1":0.12,"data_set_value_component_IPR_parameters_variable_L_3":0.025,"data_set_value_component_IPR_parameters_variable_L_5":54.7,"data_set_value_component_J_serca_variable_J_serca":0.2041162316,"data_set_value_component_J_serca_variable_Vs":120.0,"data_set_value_component_J_serca_variable_Ks":0.18,"data_set_value_component_J_pm_variable_J_pm":0.0000077439,"data_set_value_component_J_pm_variable_Vp":28.0,"data_set_value_component_J_pm_variable_Kp":0.42,"data_set_value_component_J_in_variable_J_in":2.03,"data_set_value_component_J_in_variable_alpha1":0.03,"data_set_value_component_J_in_variable_alpha2":0.2},{"data_set_value_component_environment_variable_time":0.7,"data_set_value_component_c_variable_c":0.0002547485,"data_set_value_component_c_variable_delta":0.1,"data_set_value_component_ce_variable_ce":0.8299627726,"data_set_value_component_ce_variable_gamma":5.4,"data_set_value_component_p_variable_p":10.0,"data_set_value_component_J_IPR_variable_J_IPR":0.0016774623,"data_set_value_component_J_IPR_variable_kf":0.96,"data_set_value_component_J_IPR_variable_g1":0.002,"data_set_value_component_R_variable_R":0.0025486617,"data_set_value_component_O_variable_O":0.6196123525,"data_set_value_component_I_1_variable_I_1":0.0888732926,"data_set_value_component_I_2_variable_I_2":0.0888862546,"data_set_value_component_S_variable_S":0.0022676731,"data_set_value_component_A_variable_A":0.0078117655,"data_set_value_component_IPR_parameters_variable_phi_1":0.0037260979,"data_set_value_component_IPR_parameters_variable_phi_2":36.9622128563,"data_set_value_component_IPR_parameters_variable_phi_2_":1.4006303484,"data_set_value_component_IPR_parameters_variable_phi_3":0.1099994877,"data_set_value_component_IPR_parameters_variable_phi_4":0.0229403022,"data_set_value_component_IPR_parameters_variable_phi_4_":11.9147062162,"data_set_value_component_IPR_parameters_variable_phi_5":0.0037639862,"data_set_value_component_IPR_parameters_variable_k_1":0.64,"data_set_value_component_IPR_parameters_variable_k_1_":0.04,"data_set_value_component_IPR_parameters_variable_k_2":37.4,"data_set_value_component_IPR_parameters_variable_k_2_":1.4,"data_set_value_component_IPR_parameters_variable_k_3":0.11,"data_set_value_component_IPR_parameters_variable_k_3_":29.8,"data_set_value_component_IPR_parameters_variable_k_4":4.0,"data_set_value_component_IPR_parameters_variable_k_4_":0.54,"data_set_value_component_IPR_parameters_variable_l_2":1.7,"data_set_value_component_IPR_parameters_variable_l_2_":0.8,"data_set_value_component_IPR_parameters_variable_l_4":1.7,"data_set_value_component_IPR_parameters_variable_l_4_":2.5,"data_set_value_component_IPR_parameters_variable_l_6":4707.0,"data_set_value_component_IPR_parameters_variable_l_6_":11.4,"data_set_value_component_IPR_parameters_variable_L_1":0.12,"data_set_value_component_IPR_parameters_variable_L_3":0.025,"data_set_value_component_IPR_parameters_variable_L_5":54.7,"data_set_value_component_J_serca_variable_J_serca":0.2043372896,"data_set_value_component_J_serca_variable_Vs":120.0,"data_set_value_component_J_serca_variable_Ks":0.18,"data_set_value_component_J_pm_variable_J_pm":0.0000103011,"data_set_value_component_J_pm_variable_Vp":28.0,"data_set_value_component_J_pm_variable_Kp":0.42,"data_set_value_component_J_in_variable_J_in":2.03,"data_set_value_component_J_in_variable_alpha1":0.03,"data_set_value_component_J_in_variable_alpha2":0.2},{"data_set_value_component_environment_variable_time":0.8,"data_set_value_component_c_variable_c":0.0002887058,"data_set_value_component_c_variable_delta":0.1,"data_set_value_component_ce_variable_ce":0.9393987699,"data_set_value_component_ce_variable_gamma":5.4,"data_set_value_component_p_variable_p":10.0,"data_set_value_component_J_IPR_variable_J_IPR":0.001900003,"data_set_value_component_J_IPR_variable_kf":0.96,"data_set_value_component_J_IPR_variable_g1":0.002,"data_set_value_component_R_variable_R":0.0025919762,"data_set_value_component_O_variable_O":0.6342107262,"data_set_value_component_I_1_variable_I_1":0.0817138652,"data_set_value_component_I_2_variable_I_2":0.0817277348,"data_set_value_component_S_variable_S":0.0023232059,"data_set_value_component_A_variable_A":0.0074324916,"data_set_value_component_IPR_parameters_variable_phi_1":0.0042159404,"data_set_value_component_IPR_parameters_variable_phi_2":36.9046602265,"data_set_value_component_IPR_parameters_variable_phi_2_":1.4007143715,"data_set_value_component_IPR_parameters_variable_phi_3":0.1099994194,"data_set_value_component_IPR_parameters_variable_phi_4":0.0259981602,"data_set_value_component_IPR_parameters_variable_phi_4_":11.9113427221,"data_set_value_component_IPR_parameters_variable_phi_5":0.0042645102,"data_set_value_component_IPR_parameters_variable_k_1":0.64,"data_set_value_component_IPR_parameters_variable_k_1_":0.04,"data_set_value_component_IPR_parameters_variable_k_2":37.4,"data_set_value_component_IPR_parameters_variable_k_2_":1.4,"data_set_value_component_IPR_parameters_variable_k_3":0.11,"data_set_value_component_IPR_parameters_variable_k_3_":29.8,"data_set_value_component_IPR_parameters_variable_k_4":4.0,"data_set_value_component_IPR_parameters_variable_k_4_":0.54,"data_set_value_component_IPR_parameters_variable_l_2":1.7,"data_set_value_component_IPR_parameters_variable_l_2_":0.8,"data_set_value_component_IPR_parameters_variable_l_4":1.7,"data_set_value_component_IPR_parameters_variable_l_4_":2.5,"data_set_value_component_IPR_parameters_variable_l_6":4707.0,"data_set_value_component_IPR_parameters_variable_l_6_":11.4,"data_set_value_component_IPR_parameters_variable_L_1":0.12,"data_set_value_component_IPR_parameters_variable_L_3":0.025,"data_set_value_component_IPR_parameters_variable_L_5":54.7,"data_set_value_component_J_serca_variable_J_serca":0.2045588143,"data_set_value_component_J_serca_variable_Vs":120.0,"data_set_value_component_J_serca_variable_Ks":0.18,"data_set_value_component_J_pm_variable_J_pm":0.0000132303,"data_set_value_component_J_pm_variable_Vp":28.0,"data_set_value_component_J_pm_variable_Kp":0.42,"data_set_value_component_J_in_variable_J_in":2.03,"data_set_value_component_J_in_variable_alpha1":0.03,"data_set_value_component_J_in_variable_alpha2":0.2},{"data_set_value_component_environment_variable_time":0.9,"data_set_value_component_c_variable_c":0.0003227539,"data_set_value_component_c_variable_delta":0.1,"data_set_value_component_ce_variable_ce":1.0488341081,"data_set_value_component_ce_variable_gamma":5.4,"data_set_value_component_p_variable_p":10.0,"data_set_value_component_J_IPR_variable_J_IPR":0.0021228429,"data_set_value_component_J_IPR_variable_kf":0.96,"data_set_value_component_J_IPR_variable_g1":0.002,"data_set_value_component_R_variable_R":0.0026321287,"data_set_value_component_O_variable_O":0.6475969569,"data_set_value_component_I_1_variable_I_1":0.0751314,"data_set_value_component_I_2_variable_I_2":0.0751461826,"data_set_value_component_S_variable_S":0.002374095,"data_set_value_component_A_variable_A":0.0071192369,"data_set_value_component_IPR_parameters_variable_phi_1":0.0047055045,"data_set_value_component_IPR_parameters_variable_phi_2":36.8471403015,"data_set_value_component_IPR_parameters_variable_phi_2_":1.4007986194,"data_set_value_component_IPR_parameters_variable_phi_3":0.109999351,"data_set_value_component_IPR_parameters_variable_phi_4":0.0290641998,"data_set_value_component_IPR_parameters_variable_phi_4_":11.9079721306,"data_set_value_component_IPR_parameters_variable_phi_5":0.0047660903,"data_set_value_component_IPR_parameters_variable_k_1":0.64,"data_set_value_component_IPR_parameters_variable_k_1_":0.04,"data_set_value_component_IPR_parameters_variable_k_2":37.4,"data_set_value_component_IPR_parameters_variable_k_2_":1.4,"data_set_value_component_IPR_parameters_variable_k_3":0.11,"data_set_value_component_IPR_parameters_variable_k_3_":29.8,"data_set_value_component_IPR_parameters_variable_k_4":4.0,"data_set_value_component_IPR_parameters_variable_k_4_":0.54,"data_set_value_component_IPR_parameters_variable_l_2":1.7,"data_set_value_component_IPR_parameters_variable_l_2_":0.8,"data_set_value_component_IPR_parameters_variable_l_4":1.7,"data_set_value_component_IPR_parameters_variable_l_4_":2.5,"data_set_value_component_IPR_parameters_variable_l_6":4707.0,"data_set_value_component_IPR_parameters_variable_l_6_":11.4,"data_set_value_component_IPR_parameters_variable_L_1":0.12,"data_set_value_component_IPR_parameters_variable_L_3":0.025,"data_set_value_component_IPR_parameters_variable_L_5":54.7,"data_set_value_component_J_serca_variable_J_serca":0.2047837056,"data_set_value_component_J_serca_variable_Vs":120.0,"data_set_value_component_J_serca_variable_Ks":0.18,"data_set_value_component_J_pm_variable_J_pm":0.0000165349,"data_set_value_component_J_pm_variable_Vp":28.0,"data_set_value_component_J_pm_variable_Kp":0.42,"data_set_value_component_J_in_variable_J_in":2.03,"data_set_value_component_J_in_variable_alpha1":0.03,"data_set_value_component_J_in_variable_alpha2":0.2},{"data_set_value_component_environment_variable_time":1.0,"data_set_value_component_c_variable_c":0.0003568742,"data_set_value_component_c_variable_delta":0.1,"data_set_value_component_ce_variable_ce":1.1582688679,"data_set_value_component_ce_variable_gamma":5.4,"data_set_value_component_p_variable_p":10.0,"data_set_value_component_J_IPR_variable_J_IPR":0.0023459606,"data_set_value_component_J_IPR_variable_kf":0.96,"data_set_value_component_J_IPR_variable_g1":0.002,"data_set_value_component_R_variable_R":0.0026694092,"data_set_value_component_O_variable_O":0.6598792131,"data_set_value_component_I_1_variable_I_1":0.0690794148,"data_set_value_component_I_2_variable_I_2":0.0690951079,"data_set_value_component_S_variable_S":0.0024207786,"data_set_value_component_A_variable_A":0.0068560764,"data_set_value_component_IPR_parameters_variable_phi_1":0.0051945173,"data_set_value_component_IPR_parameters_variable_phi_2":36.7896851448,"data_set_value_component_IPR_parameters_variable_phi_2_":1.4008830458,"data_set_value_component_IPR_parameters_variable_phi_3":0.1099992823,"data_set_value_component_IPR_parameters_variable_phi_4":0.0321367349,"data_set_value_component_IPR_parameters_variable_phi_4_":11.9045963073,"data_set_value_component_IPR_parameters_variable_phi_5":0.005268449,"data_set_value_component_IPR_parameters_variable_k_1":0.64,"data_set_value_component_IPR_parameters_variable_k_1_":0.04,"data_set_value_component_IPR_parameters_variable_k_2":37.4,"data_set_value_component_IPR_parameters_variable_k_2_":1.4,"data_set_value_component_IPR_parameters_variable_k_3":0.11,"data_set_value_component_IPR_parameters_variable_k_3_":29.8,"data_set_value_component_IPR_parameters_variable_k_4":4.0,"data_set_value_component_IPR_parameters_variable_k_4_":0.54,"data_set_value_component_IPR_parameters_variable_l_2":1.7,"data_set_value_component_IPR_parameters_variable_l_2_":0.8,"data_set_value_component_IPR_parameters_variable_l_4":1.7,"data_set_value_component_IPR_parameters_variable_l_4_":2.5,"data_set_value_component_IPR_parameters_variable_l_6":4707.0,"data_set_value_component_IPR_parameters_variable_l_6_":11.4,"data_set_value_component_IPR_parameters_variable_L_1":0.12,"data_set_value_component_IPR_parameters_variable_L_3":0.025,"data_set_value_component_IPR_parameters_variable_L_5":54.7,"data_set_value_component_J_serca_variable_J_serca":0.2050002065,"data_set_value_component_J_serca_variable_Vs":120.0,"data_set_value_component_J_serca_variable_Ks":0.18,"data_set_value_component_J_pm_variable_J_pm":0.0000202157,"data_set_value_component_J_pm_variable_Vp":28.0,"data_set_value_component_J_pm_variable_Kp":0.42,"data_set_value_component_J_in_variable_J_in":2.03,"data_set_value_component_J_in_variable_alpha1":0.03,"data_set_value_component_J_in_variable_alpha2":0.2}]