[{"data_set_value_component_enviroment_variable_time":0.0,"data_set_value_component_P_variable_P":0.0,"data_set_value_component_P_variable_V_p":0.08,"data_set_value_component_P_variable_k_p":1.0,"data_set_value_component_P_variable_IPR_3_flux":0.72,"data_set_value_component_c_variable_c":0.3,"data_set_value_component_J_flux_variable_J_flux":0.0,"data_set_value_component_J_flux_variable_k_flux":3.0,"data_set_value_component_J_flux_variable_b":0.11,"data_set_value_component_J_flux_variable_k_1":0.7,"data_set_value_component_J_pump_variable_J_pump":0.5524861878,"data_set_value_component_J_pump_variable_gamma":1.0,"data_set_value_component_J_pump_variable_k_gamma":0.27,"data_set_value_component_J_leak_variable_J_leak":0.15,"data_set_value_component_J_leak_variable_beta":0.15,"data_set_value_component_mu_variable_mu":0.0,"data_set_value_component_mu_variable_k_mu":0.01,"data_set_value_component_h_variable_h":1.0,"data_set_value_component_h_variable_k_2":0.7,"data_set_value_component_h_variable_tau_h":0.2},{"data_set_value_component_enviroment_variable_time":0.1,"data_set_value_component_P_variable_P":0.0717257845,"data_set_value_component_P_variable_V_p":0.08,"data_set_value_component_P_variable_k_p":1.0,"data_set_value_component_P_variable_IPR_3_flux":0.72,"data_set_value_component_c_variable_c":0.3505615293,"data_set_value_component_J_flux_variable_J_flux":1.1342271911,"data_set_value_component_J_flux_variable_k_flux":3.0,"data_set_value_component_J_flux_variable_b":0.11,"data_set_value_component_J_flux_variable_k_1":0.7,"data_set_value_component_J_pump_variable_J_pump":0.62766873,"data_set_value_component_J_pump_variable_gamma":1.0,"data_set_value_component_J_pump_variable_k_gamma":0.27,"data_set_value_component_J_leak_variable_J_leak":0.15,"data_set_value_component_J_leak_variable_beta":0.15,"data_set_value_component_mu_variable_mu":0.9972972945,"data_set_value_component_mu_variable_k_mu":0.01,"data_set_value_component_h_variable_h":0.931487498,"data_set_value_component_h_variable_k_2":0.7,"data_set_value_component_h_variable_tau_h":0.2},{"data_set_value_component_enviroment_variable_time":0.2,"data_set_value_component_P_variable_P":0.1429525494,"data_set_value_component_P_variable_V_p":0.08,"data_set_value_component_P_variable_k_p":1.0,"data_set_value_component_P_variable_IPR_3_flux":0.72,"data_set_value_component_c_variable_c":0.4131666263,"data_set_value_component_J_flux_variable_J_flux":1.1449972314,"data_set_value_component_J_flux_variable_k_flux":3.0,"data_set_value_component_J_flux_variable_b":0.11,"data_set_value_component_J_flux_variable_k_1":0.7,"data_set_value_component_J_pump_variable_J_pump":0.7007470992,"data_set_value_component_J_pump_variable_gamma":1.0,"data_set_value_component_J_pump_variable_k_gamma":0.27,"data_set_value_component_J_leak_variable_J_leak":0.15,"data_set_value_component_J_leak_variable_beta":0.15,"data_set_value_component_mu_variable_mu":0.9996578034,"data_set_value_component_mu_variable_k_mu":0.01,"data_set_value_component_h_variable_h":0.867058221,"data_set_value_component_h_variable_k_2":0.7,"data_set_value_component_h_variable_tau_h":0.2},{"data_set_value_component_enviroment_variable_time":0.3,"data_set_value_component_P_variable_P":0.2137435618,"data_set_value_component_P_variable_V_p":0.08,"data_set_value_component_P_variable_k_p":1.0,"data_set_value_component_P_variable_IPR_3_flux":0.72,"data_set_value_component_c_variable_c":0.4693287294,"data_set_value_component_J_flux_variable_J_flux":1.1302477696,"data_set_value_component_J_flux_variable_k_flux":3.0,"data_set_value_component_J_flux_variable_b":0.11,"data_set_value_component_J_flux_variable_k_1":0.7,"data_set_value_component_J_pump_variable_J_pump":0.7513383524,"data_set_value_component_J_pump_variable_gamma":1.0,"data_set_value_component_J_pump_variable_k_gamma":0.27,"data_set_value_component_J_leak_variable_J_leak":0.15,"data_set_value_component_J_leak_variable_beta":0.15,"data_set_value_component_mu_variable_mu":0.9998976056,"data_set_value_component_mu_variable_k_mu":0.01,"data_set_value_component_h_variable_h":0.8064537331,"data_set_value_component_h_variable_k_2":0.7,"data_set_value_component_h_variable_tau_h":0.2},{"data_set_value_component_enviroment_variable_time":0.4,"data_set_value_component_P_variable_P":0.2841504999,"data_set_value_component_P_variable_V_p":0.08,"data_set_value_component_P_variable_k_p":1.0,"data_set_value_component_P_variable_IPR_3_flux":0.72,"data_set_value_component_c_variable_c":0.5189718679,"data_set_value_component_J_flux_variable_J_flux":1.1012548327,"data_set_value_component_J_flux_variable_k_flux":3.0,"data_set_value_component_J_flux_variable_b":0.11,"data_set_value_component_J_flux_variable_k_1":0.7,"data_set_value_component_J_pump_variable_J_pump":0.7869864809,"data_set_value_component_J_pump_variable_gamma":1.0,"data_set_value_component_J_pump_variable_k_gamma":0.27,"data_set_value_component_J_leak_variable_J_leak":0.15,"data_set_value_component_J_leak_variable_beta":0.15,"data_set_value_component_mu_variable_mu":0.9999564151,"data_set_value_component_mu_variable_k_mu":0.01,"data_set_value_component_h_variable_h":0.750850414,"data_set_value_component_h_variable_k_2":0.7,"data_set_value_component_h_variable_tau_h":0.2},{"data_set_value_component_enviroment_variable_time":0.5,"data_set_value_component_P_variable_P":0.3542161598,"data_set_value_component_P_variable_V_p":0.08,"data_set_value_component_P_variable_k_p":1.0,"data_set_value_component_P_variable_IPR_3_flux":0.72,"data_set_value_component_c_variable_c":0.5622812194,"data_set_value_component_J_flux_variable_J_flux":1.0652094543,"data_set_value_component_J_flux_variable_k_flux":3.0,"data_set_value_component_J_flux_variable_b":0.11,"data_set_value_component_J_flux_variable_k_1":0.7,"data_set_value_component_J_pump_variable_J_pump":0.8126253837,"data_set_value_component_J_pump_variable_gamma":1.0,"data_set_value_component_J_pump_variable_k_gamma":0.27,"data_set_value_component_J_leak_variable_J_leak":0.15,"data_set_value_component_J_leak_variable_beta":0.15,"data_set_value_component_mu_variable_mu":0.9999774999,"data_set_value_component_mu_variable_k_mu":0.01,"data_set_value_component_h_variable_h":0.7011124902,"data_set_value_component_h_variable_k_2":0.7,"data_set_value_component_h_variable_tau_h":0.2},{"data_set_value_component_enviroment_variable_time":0.6,"data_set_value_component_P_variable_P":0.4239764103,"data_set_value_component_P_variable_V_p":0.08,"data_set_value_component_P_variable_k_p":1.0,"data_set_value_component_P_variable_IPR_3_flux":0.72,"data_set_value_component_c_variable_c":0.5996477619,"data_set_value_component_J_flux_variable_J_flux":1.0270898013,"data_set_value_component_J_flux_variable_k_flux":3.0,"data_set_value_component_J_flux_variable_b":0.11,"data_set_value_component_J_flux_variable_k_1":0.7,"data_set_value_component_J_pump_variable_J_pump":0.8314362935,"data_set_value_component_J_pump_variable_gamma":1.0,"data_set_value_component_J_pump_variable_k_gamma":0.27,"data_set_value_component_J_leak_variable_J_leak":0.15,"data_set_value_component_J_leak_variable_beta":0.15,"data_set_value_component_mu_variable_mu":0.9999868789,"data_set_value_component_mu_variable_k_mu":0.01,"data_set_value_component_h_variable_h":0.6575910203,"data_set_value_component_h_variable_k_2":0.7,"data_set_value_component_h_variable_tau_h":0.2},{"data_set_value_component_enviroment_variable_time":0.7,"data_set_value_component_P_variable_P":0.4934616293,"data_set_value_component_P_variable_V_p":0.08,"data_set_value_component_P_variable_k_p":1.0,"data_set_value_component_P_variable_IPR_3_flux":0.72,"data_set_value_component_c_variable_c":0.6316077107,"data_set_value_component_J_flux_variable_J_flux":0.9900685629,"data_set_value_component_J_flux_variable_k_flux":3.0,"data_set_value_component_J_flux_variable_b":0.11,"data_set_value_component_J_flux_variable_k_1":0.7,"data_set_value_component_J_pump_variable_J_pump":0.8454946429,"data_set_value_component_J_pump_variable_gamma":1.0,"data_set_value_component_J_pump_variable_k_gamma":0.27,"data_set_value_component_J_leak_variable_J_leak":0.15,"data_set_value_component_J_leak_variable_beta":0.15,"data_set_value_component_mu_variable_mu":0.9999916778,"data_set_value_component_mu_variable_k_mu":0.01,"data_set_value_component_h_variable_h":0.6201804301,"data_set_value_component_h_variable_k_2":0.7,"data_set_value_component_h_variable_tau_h":0.2},{"data_set_value_component_enviroment_variable_time":0.8,"data_set_value_component_P_variable_P":0.562697785,"data_set_value_component_P_variable_V_p":0.08,"data_set_value_component_P_variable_k_p":1.0,"data_set_value_component_P_variable_IPR_3_flux":0.72,"data_set_value_component_c_variable_c":0.6587721223,"data_set_value_component_J_flux_variable_J_flux":0.9559386277,"data_set_value_component_J_flux_variable_k_flux":3.0,"data_set_value_component_J_flux_variable_b":0.11,"data_set_value_component_J_flux_variable_k_1":0.7,"data_set_value_component_J_pump_variable_J_pump":0.8561791785,"data_set_value_component_J_pump_variable_gamma":1.0,"data_set_value_component_J_pump_variable_k_gamma":0.27,"data_set_value_component_J_leak_variable_J_leak":0.15,"data_set_value_component_J_leak_variable_beta":0.15,"data_set_value_component_mu_variable_mu":0.9999943873,"data_set_value_component_mu_variable_k_mu":0.01,"data_set_value_component_h_variable_h":0.5884566743,"data_set_value_component_h_variable_k_2":0.7,"data_set_value_component_h_variable_tau_h":0.2},{"data_set_value_component_enviroment_variable_time":0.9,"data_set_value_component_P_variable_P":0.6317072627,"data_set_value_component_P_variable_V_p":0.08,"data_set_value_component_P_variable_k_p":1.0,"data_set_value_component_P_variable_IPR_3_flux":0.72,"data_set_value_component_c_variable_c":0.6817657952,"data_set_value_component_J_flux_variable_J_flux":0.9255290151,"data_set_value_component_J_flux_variable_k_flux":3.0,"data_set_value_component_J_flux_variable_b":0.11,"data_set_value_component_J_flux_variable_k_1":0.7,"data_set_value_component_J_pump_variable_J_pump":0.8644237002,"data_set_value_component_J_pump_variable_gamma":1.0,"data_set_value_component_J_pump_variable_k_gamma":0.27,"data_set_value_component_J_leak_variable_J_leak":0.15,"data_set_value_component_J_leak_variable_beta":0.15,"data_set_value_component_mu_variable_mu":0.9999960331,"data_set_value_component_mu_variable_k_mu":0.01,"data_set_value_component_h_variable_h":0.561820005,"data_set_value_component_h_variable_k_2":0.7,"data_set_value_component_h_variable_tau_h":0.2},{"data_set_value_component_enviroment_variable_time":1.0,"data_set_value_component_P_variable_P":0.7005095047,"data_set_value_component_P_variable_V_p":0.08,"data_set_value_component_P_variable_k_p":1.0,"data_set_value_component_P_variable_IPR_3_flux":0.72,"data_set_value_component_c_variable_c":0.701184811,"data_set_value_component_J_flux_variable_J_flux":0.8990495412,"data_set_value_component_J_flux_variable_k_flux":3.0,"data_set_value_component_J_flux_variable_b":0.11,"data_set_value_component_J_flux_variable_k_1":0.7,"data_set_value_component_J_pump_variable_J_pump":0.870872924,"data_set_value_component_J_pump_variable_gamma":1.0,"data_set_value_component_J_pump_variable_k_gamma":0.27,"data_set_value_component_J_leak_variable_J_leak":0.15,"data_set_value_component_J_leak_variable_beta":0.15,"data_set_value_component_mu_variable_mu":0.9999970909,"data_set_value_component_mu_variable_k_mu":0.01,"data_set_value_component_h_variable_h":0.5396054204,"data_set_value_component_h_variable_k_2":0.7,"data_set_value_component_h_variable_tau_h":0.2}]