[{"data_set_value_component_environment_variable_time":0.0,"data_set_value_component_Pha_variable_Pha":0.098,"data_set_value_component_Pha_variable_V_M2":0.6,"data_set_value_component_Pha_variable_alpha":9.0,"data_set_value_component_Pha_variable_Glc":10000.0,"data_set_value_component_Pha_variable_K_2":0.2,"data_set_value_component_Pha_variable_K_a1":10000.0,"data_set_value_component_Pha_variable_K_a2":10000.0,"data_set_value_component_V_1_variable_V_1":1.5,"data_set_value_component_V_1_variable_V_M1":1.5,"data_set_value_component_V_1_variable_gamma":9.0,"data_set_value_component_V_1_variable_K_a5":0.5,"data_set_value_component_K_1_variable_K_1":0.1,"data_set_value_component_K_1_variable_K_11":0.1,"data_set_value_component_K_1_variable_K_a6":0.5,"data_set_value_component_Z_variable_Z":0.000179,"data_set_value_component_Z_variable_k_f":0.7,"data_set_value_component_Z_variable_k":10.0,"data_set_value_component_Y_variable_Y":0.00122,"data_set_value_component_Y_variable_k_f":0.7,"data_set_value_component_V_in_variable_V_in":2.71,"data_set_value_component_V_in_variable_v_0":1.0,"data_set_value_component_V_in_variable_v_1":5.7,"data_set_value_component_V_in_variable_beta":0.3,"data_set_value_component_V_2i_variable_V_2i":0.0000038449,"data_set_value_component_V_2i_variable_v_M2i":30.0,"data_set_value_component_V_2i_variable_n":2.0,"data_set_value_component_V_2i_variable_K_2i":0.5,"data_set_value_component_V_3i_variable_V_3i":1.109133689e-17,"data_set_value_component_V_3i_variable_v_M3i":325.0,"data_set_value_component_V_3i_variable_p":4.0,"data_set_value_component_V_3i_variable_m":4.0,"data_set_value_component_V_3i_variable_K_Ri":1.7,"data_set_value_component_V_3i_variable_K_Ai":0.46},{"data_set_value_component_environment_variable_time":0.1,"data_set_value_component_Pha_variable_Pha":0.0144504309,"data_set_value_component_Pha_variable_V_M2":0.6,"data_set_value_component_Pha_variable_alpha":9.0,"data_set_value_component_Pha_variable_Glc":10000.0,"data_set_value_component_Pha_variable_K_2":0.2,"data_set_value_component_Pha_variable_K_a1":10000.0,"data_set_value_component_Pha_variable_K_a2":10000.0,"data_set_value_component_V_1_variable_V_1":1.53690246,"data_set_value_component_V_1_variable_V_M1":1.5,"data_set_value_component_V_1_variable_gamma":9.0,"data_set_value_component_V_1_variable_K_a5":0.5,"data_set_value_component_K_1_variable_K_1":0.0997433881,"data_set_value_component_K_1_variable_K_11":0.1,"data_set_value_component_K_1_variable_K_a6":0.5,"data_set_value_component_Z_variable_Z":0.1126077179,"data_set_value_component_Z_variable_k_f":0.7,"data_set_value_component_Z_variable_k":10.0,"data_set_value_component_Y_variable_Y":0.0815448977,"data_set_value_component_Y_variable_k_f":0.7,"data_set_value_component_V_in_variable_V_in":2.71,"data_set_value_component_V_in_variable_v_0":1.0,"data_set_value_component_V_in_variable_v_1":5.7,"data_set_value_component_V_in_variable_beta":0.3,"data_set_value_component_V_2i_variable_V_2i":1.4482039831,"data_set_value_component_V_2i_variable_v_M2i":30.0,"data_set_value_component_V_2i_variable_n":2.0,"data_set_value_component_V_2i_variable_K_2i":0.5,"data_set_value_component_V_3i_variable_V_3i":0.0077393952,"data_set_value_component_V_3i_variable_v_M3i":325.0,"data_set_value_component_V_3i_variable_p":4.0,"data_set_value_component_V_3i_variable_m":4.0,"data_set_value_component_V_3i_variable_K_Ri":1.7,"data_set_value_component_V_3i_variable_K_Ai":0.46},{"data_set_value_component_environment_variable_time":0.2,"data_set_value_component_Pha_variable_Pha":0.0063572614,"data_set_value_component_Pha_variable_V_M2":0.6,"data_set_value_component_Pha_variable_alpha":9.0,"data_set_value_component_Pha_variable_Glc":10000.0,"data_set_value_component_Pha_variable_K_2":0.2,"data_set_value_component_Pha_variable_K_a1":10000.0,"data_set_value_component_Pha_variable_K_a2":10000.0,"data_set_value_component_V_1_variable_V_1":1.5500988363,"data_set_value_component_V_1_variable_V_M1":1.5,"data_set_value_component_V_1_variable_gamma":9.0,"data_set_value_component_V_1_variable_K_a5":0.5,"data_set_value_component_K_1_variable_K_1":0.0996519427,"data_set_value_component_K_1_variable_K_11":0.1,"data_set_value_component_K_1_variable_K_a6":0.5,"data_set_value_component_Z_variable_Z":0.1215517559,"data_set_value_component_Z_variable_k_f":0.7,"data_set_value_component_Z_variable_k":10.0,"data_set_value_component_Y_variable_Y":0.225553843,"data_set_value_component_Y_variable_k_f":0.7,"data_set_value_component_V_in_variable_V_in":2.71,"data_set_value_component_V_in_variable_v_0":1.0,"data_set_value_component_V_in_variable_v_1":5.7,"data_set_value_component_V_in_variable_beta":0.3,"data_set_value_component_V_2i_variable_V_2i":1.6740446293,"data_set_value_component_V_2i_variable_v_M2i":30.0,"data_set_value_component_V_2i_variable_n":2.0,"data_set_value_component_V_2i_variable_K_2i":0.5,"data_set_value_component_V_3i_variable_V_3i":0.0807091132,"data_set_value_component_V_3i_variable_v_M3i":325.0,"data_set_value_component_V_3i_variable_p":4.0,"data_set_value_component_V_3i_variable_m":4.0,"data_set_value_component_V_3i_variable_K_Ri":1.7,"data_set_value_component_V_3i_variable_K_Ai":0.46},{"data_set_value_component_environment_variable_time":0.3,"data_set_value_component_Pha_variable_Pha":0.0062662877,"data_set_value_component_Pha_variable_V_M2":0.6,"data_set_value_component_Pha_variable_alpha":9.0,"data_set_value_component_Pha_variable_Glc":10000.0,"data_set_value_component_Pha_variable_K_2":0.2,"data_set_value_component_Pha_variable_K_a1":10000.0,"data_set_value_component_Pha_variable_K_a2":10000.0,"data_set_value_component_V_1_variable_V_1":1.5626574997,"data_set_value_component_V_1_variable_V_M1":1.5,"data_set_value_component_V_1_variable_gamma":9.0,"data_set_value_component_V_1_variable_K_a5":0.5,"data_set_value_component_K_1_variable_K_1":0.099565072,"data_set_value_component_K_1_variable_K_11":0.1,"data_set_value_component_K_1_variable_K_a6":0.5,"data_set_value_component_Z_variable_Z":0.1285427518,"data_set_value_component_Z_variable_k_f":0.7,"data_set_value_component_Z_variable_k":10.0,"data_set_value_component_Y_variable_Y":0.3647458799,"data_set_value_component_Y_variable_k_f":0.7,"data_set_value_component_V_in_variable_V_in":2.71,"data_set_value_component_V_in_variable_v_0":1.0,"data_set_value_component_V_in_variable_v_1":5.7,"data_set_value_component_V_in_variable_beta":0.3,"data_set_value_component_V_2i_variable_V_2i":1.8598647259,"data_set_value_component_V_2i_variable_v_M2i":30.0,"data_set_value_component_V_2i_variable_n":2.0,"data_set_value_component_V_2i_variable_K_2i":0.5,"data_set_value_component_V_3i_variable_V_3i":0.2662234981,"data_set_value_component_V_3i_variable_v_M3i":325.0,"data_set_value_component_V_3i_variable_p":4.0,"data_set_value_component_V_3i_variable_m":4.0,"data_set_value_component_V_3i_variable_K_Ri":1.7,"data_set_value_component_V_3i_variable_K_Ai":0.46},{"data_set_value_component_environment_variable_time":0.4,"data_set_value_component_Pha_variable_Pha":0.0068421184,"data_set_value_component_Pha_variable_V_M2":0.6,"data_set_value_component_Pha_variable_alpha":9.0,"data_set_value_component_Pha_variable_Glc":10000.0,"data_set_value_component_Pha_variable_K_2":0.2,"data_set_value_component_Pha_variable_K_a1":10000.0,"data_set_value_component_Pha_variable_K_a2":10000.0,"data_set_value_component_V_1_variable_V_1":1.5883501526,"data_set_value_component_V_1_variable_V_M1":1.5,"data_set_value_component_V_1_variable_gamma":9.0,"data_set_value_component_V_1_variable_K_a5":0.5,"data_set_value_component_K_1_variable_K_1":0.0993878219,"data_set_value_component_K_1_variable_K_11":0.1,"data_set_value_component_K_1_variable_K_a6":0.5,"data_set_value_component_Z_variable_Z":0.1400735558,"data_set_value_component_Z_variable_k_f":0.7,"data_set_value_component_Z_variable_k":10.0,"data_set_value_component_Y_variable_Y":0.4904684762,"data_set_value_component_Y_variable_k_f":0.7,"data_set_value_component_V_in_variable_V_in":2.71,"data_set_value_component_V_in_variable_v_0":1.0,"data_set_value_component_V_in_variable_v_1":5.7,"data_set_value_component_V_in_variable_beta":0.3,"data_set_value_component_V_2i_variable_V_2i":2.1831344825,"data_set_value_component_V_2i_variable_v_M2i":30.0,"data_set_value_component_V_2i_variable_n":2.0,"data_set_value_component_V_2i_variable_K_2i":0.5,"data_set_value_component_V_3i_variable_V_3i":0.6856661155,"data_set_value_component_V_3i_variable_v_M3i":325.0,"data_set_value_component_V_3i_variable_p":4.0,"data_set_value_component_V_3i_variable_m":4.0,"data_set_value_component_V_3i_variable_K_Ri":1.7,"data_set_value_component_V_3i_variable_K_Ai":0.46},{"data_set_value_component_environment_variable_time":0.5,"data_set_value_component_Pha_variable_Pha":0.0081609858,"data_set_value_component_Pha_variable_V_M2":0.6,"data_set_value_component_Pha_variable_alpha":9.0,"data_set_value_component_Pha_variable_Glc":10000.0,"data_set_value_component_Pha_variable_K_2":0.2,"data_set_value_component_Pha_variable_K_a1":10000.0,"data_set_value_component_Pha_variable_K_a2":10000.0,"data_set_value_component_V_1_variable_V_1":1.670247672,"data_set_value_component_V_1_variable_V_M1":1.5,"data_set_value_component_V_1_variable_gamma":9.0,"data_set_value_component_V_1_variable_K_a5":0.5,"data_set_value_component_K_1_variable_K_1":0.0988270105,"data_set_value_component_K_1_variable_K_11":0.1,"data_set_value_component_K_1_variable_K_a6":0.5,"data_set_value_component_Z_variable_Z":0.1650344549,"data_set_value_component_Z_variable_k_f":0.7,"data_set_value_component_Z_variable_k":10.0,"data_set_value_component_Y_variable_Y":0.5859847206,"data_set_value_component_Y_variable_k_f":0.7,"data_set_value_component_V_in_variable_V_in":2.71,"data_set_value_component_V_in_variable_v_0":1.0,"data_set_value_component_V_in_variable_v_1":5.7,"data_set_value_component_V_in_variable_beta":0.3,"data_set_value_component_V_2i_variable_V_2i":2.9472725212,"data_set_value_component_V_2i_variable_v_M2i":30.0,"data_set_value_component_V_2i_variable_n":2.0,"data_set_value_component_V_2i_variable_K_2i":0.5,"data_set_value_component_V_3i_variable_V_3i":1.8935836853,"data_set_value_component_V_3i_variable_v_M3i":325.0,"data_set_value_component_V_3i_variable_p":4.0,"data_set_value_component_V_3i_variable_m":4.0,"data_set_value_component_V_3i_variable_K_Ri":1.7,"data_set_value_component_V_3i_variable_K_Ai":0.46},{"data_set_value_component_environment_variable_time":0.6,"data_set_value_component_Pha_variable_Pha":0.026572245,"data_set_value_component_Pha_variable_V_M2":0.6,"data_set_value_component_Pha_variable_alpha":9.0,"data_set_value_component_Pha_variable_Glc":10000.0,"data_set_value_component_Pha_variable_K_2":0.2,"data_set_value_component_Pha_variable_K_a1":10000.0,"data_set_value_component_Pha_variable_K_a2":10000.0,"data_set_value_component_V_1_variable_V_1":5.896182515,"data_set_value_component_V_1_variable_V_M1":1.5,"data_set_value_component_V_1_variable_gamma":9.0,"data_set_value_component_V_1_variable_K_a5":0.5,"data_set_value_component_K_1_variable_K_1":0.0765410974,"data_set_value_component_K_1_variable_K_11":0.1,"data_set_value_component_K_1_variable_K_a6":0.5,"data_set_value_component_Z_variable_Z":0.3720259687,"data_set_value_component_Z_variable_k_f":0.7,"data_set_value_component_Z_variable_k":10.0,"data_set_value_component_Y_variable_Y":0.4316560259,"data_set_value_component_Y_variable_k_f":0.7,"data_set_value_component_V_in_variable_V_in":2.71,"data_set_value_component_V_in_variable_v_0":1.0,"data_set_value_component_V_in_variable_v_1":5.7,"data_set_value_component_V_in_variable_beta":0.3,"data_set_value_component_V_2i_variable_V_2i":10.6901754253,"data_set_value_component_V_2i_variable_v_M2i":30.0,"data_set_value_component_V_2i_variable_n":2.0,"data_set_value_component_V_2i_variable_K_2i":0.5,"data_set_value_component_V_3i_variable_V_3i":18.5493719708,"data_set_value_component_V_3i_variable_v_M3i":325.0,"data_set_value_component_V_3i_variable_p":4.0,"data_set_value_component_V_3i_variable_m":4.0,"data_set_value_component_V_3i_variable_K_Ri":1.7,"data_set_value_component_V_3i_variable_K_Ai":0.46},{"data_set_value_component_environment_variable_time":0.7,"data_set_value_component_Pha_variable_Pha":0.1768374305,"data_set_value_component_Pha_variable_V_M2":0.6,"data_set_value_component_Pha_variable_alpha":9.0,"data_set_value_component_Pha_variable_Glc":10000.0,"data_set_value_component_Pha_variable_K_2":0.2,"data_set_value_component_Pha_variable_K_a1":10000.0,"data_set_value_component_Pha_variable_K_a2":10000.0,"data_set_value_component_V_1_variable_V_1":4.2988671557,"data_set_value_component_V_1_variable_V_M1":1.5,"data_set_value_component_V_1_variable_gamma":9.0,"data_set_value_component_V_1_variable_K_a5":0.5,"data_set_value_component_K_1_variable_K_1":0.0836730464,"data_set_value_component_K_1_variable_K_11":0.1,"data_set_value_component_K_1_variable_K_a6":0.5,"data_set_value_component_Z_variable_Z":0.3323149649,"data_set_value_component_Z_variable_k_f":0.7,"data_set_value_component_Z_variable_k":10.0,"data_set_value_component_Y_variable_Y":0.3342101054,"data_set_value_component_Y_variable_k_f":0.7,"data_set_value_component_V_in_variable_V_in":2.71,"data_set_value_component_V_in_variable_v_0":1.0,"data_set_value_component_V_in_variable_v_1":5.7,"data_set_value_component_V_in_variable_beta":0.3,"data_set_value_component_V_2i_variable_V_2i":9.1917080525,"data_set_value_component_V_2i_variable_v_M2i":30.0,"data_set_value_component_V_2i_variable_n":2.0,"data_set_value_component_V_2i_variable_K_2i":0.5,"data_set_value_component_V_3i_variable_V_3i":7.8748984067,"data_set_value_component_V_3i_variable_v_M3i":325.0,"data_set_value_component_V_3i_variable_p":4.0,"data_set_value_component_V_3i_variable_m":4.0,"data_set_value_component_V_3i_variable_K_Ri":1.7,"data_set_value_component_V_3i_variable_K_Ai":0.46},{"data_set_value_component_environment_variable_time":0.8,"data_set_value_component_Pha_variable_Pha":0.0694298527,"data_set_value_component_Pha_variable_V_M2":0.6,"data_set_value_component_Pha_variable_alpha":9.0,"data_set_value_component_Pha_variable_Glc":10000.0,"data_set_value_component_Pha_variable_K_2":0.2,"data_set_value_component_Pha_variable_K_a1":10000.0,"data_set_value_component_Pha_variable_K_a2":10000.0,"data_set_value_component_V_1_variable_V_1":1.9810887329,"data_set_value_component_V_1_variable_V_M1":1.5,"data_set_value_component_V_1_variable_gamma":9.0,"data_set_value_component_V_1_variable_K_a5":0.5,"data_set_value_component_K_1_variable_K_1":0.0967548468,"data_set_value_component_K_1_variable_K_11":0.1,"data_set_value_component_K_1_variable_K_a6":0.5,"data_set_value_component_Z_variable_Z":0.2139738121,"data_set_value_component_Z_variable_k_f":0.7,"data_set_value_component_Z_variable_k":10.0,"data_set_value_component_Y_variable_Y":0.4597233565,"data_set_value_component_Y_variable_k_f":0.7,"data_set_value_component_V_in_variable_V_in":2.71,"data_set_value_component_V_in_variable_v_0":1.0,"data_set_value_component_V_in_variable_v_1":5.7,"data_set_value_component_V_in_variable_beta":0.3,"data_set_value_component_V_2i_variable_V_2i":4.6437268029,"data_set_value_component_V_2i_variable_v_M2i":30.0,"data_set_value_component_V_2i_variable_n":2.0,"data_set_value_component_V_2i_variable_K_2i":0.5,"data_set_value_component_V_3i_variable_V_3i":3.1497016481,"data_set_value_component_V_3i_variable_v_M3i":325.0,"data_set_value_component_V_3i_variable_p":4.0,"data_set_value_component_V_3i_variable_m":4.0,"data_set_value_component_V_3i_variable_K_Ri":1.7,"data_set_value_component_V_3i_variable_K_Ai":0.46},{"data_set_value_component_environment_variable_time":0.9,"data_set_value_component_Pha_variable_Pha":0.0190870254,"data_set_value_component_Pha_variable_V_M2":0.6,"data_set_value_component_Pha_variable_alpha":9.0,"data_set_value_component_Pha_variable_Glc":10000.0,"data_set_value_component_Pha_variable_K_2":0.2,"data_set_value_component_Pha_variable_K_a1":10000.0,"data_set_value_component_Pha_variable_K_a2":10000.0,"data_set_value_component_V_1_variable_V_1":1.9012419986,"data_set_value_component_V_1_variable_V_M1":1.5,"data_set_value_component_V_1_variable_gamma":9.0,"data_set_value_component_V_1_variable_K_a5":0.5,"data_set_value_component_K_1_variable_K_1":0.0972787913,"data_set_value_component_K_1_variable_K_11":0.1,"data_set_value_component_K_1_variable_K_a6":0.5,"data_set_value_component_Z_variable_Z":0.2044823953,"data_set_value_component_Z_variable_k_f":0.7,"data_set_value_component_Z_variable_k":10.0,"data_set_value_component_Y_variable_Y":0.5391287989,"data_set_value_component_Y_variable_k_f":0.7,"data_set_value_component_V_in_variable_V_in":2.71,"data_set_value_component_V_in_variable_v_0":1.0,"data_set_value_component_V_in_variable_v_1":5.7,"data_set_value_component_V_in_variable_beta":0.3,"data_set_value_component_V_2i_variable_V_2i":4.2986134427,"data_set_value_component_V_2i_variable_v_M2i":30.0,"data_set_value_component_V_2i_variable_n":2.0,"data_set_value_component_V_2i_variable_K_2i":0.5,"data_set_value_component_V_3i_variable_V_3i":3.6735180973,"data_set_value_component_V_3i_variable_v_M3i":325.0,"data_set_value_component_V_3i_variable_p":4.0,"data_set_value_component_V_3i_variable_m":4.0,"data_set_value_component_V_3i_variable_K_Ri":1.7,"data_set_value_component_V_3i_variable_K_Ai":0.46},{"data_set_value_component_environment_variable_time":1.0,"data_set_value_component_Pha_variable_Pha":0.052544177,"data_set_value_component_Pha_variable_V_M2":0.6,"data_set_value_component_Pha_variable_alpha":9.0,"data_set_value_component_Pha_variable_Glc":10000.0,"data_set_value_component_Pha_variable_K_2":0.2,"data_set_value_component_Pha_variable_K_a1":10000.0,"data_set_value_component_Pha_variable_K_a2":10000.0,"data_set_value_component_V_1_variable_V_1":7.1128737403,"data_set_value_component_V_1_variable_V_M1":1.5,"data_set_value_component_V_1_variable_gamma":9.0,"data_set_value_component_V_1_variable_K_a5":0.5,"data_set_value_component_K_1_variable_K_1":0.0718746326,"data_set_value_component_K_1_variable_K_11":0.1,"data_set_value_component_K_1_variable_K_a6":0.5,"data_set_value_component_Z_variable_Z":0.3954582551,"data_set_value_component_Z_variable_k_f":0.7,"data_set_value_component_Z_variable_k":10.0,"data_set_value_component_Y_variable_Y":0.346391593,"data_set_value_component_Y_variable_k_f":0.7,"data_set_value_component_V_in_variable_V_in":2.71,"data_set_value_component_V_in_variable_v_0":1.0,"data_set_value_component_V_in_variable_v_1":5.7,"data_set_value_component_V_in_variable_beta":0.3,"data_set_value_component_V_2i_variable_V_2i":11.5446957534,"data_set_value_component_V_2i_variable_v_M2i":30.0,"data_set_value_component_V_2i_variable_n":2.0,"data_set_value_component_V_2i_variable_K_2i":0.5,"data_set_value_component_V_3i_variable_V_3i":13.9737012139,"data_set_value_component_V_3i_variable_v_M3i":325.0,"data_set_value_component_V_3i_variable_p":4.0,"data_set_value_component_V_3i_variable_m":4.0,"data_set_value_component_V_3i_variable_K_Ri":1.7,"data_set_value_component_V_3i_variable_K_Ai":0.46}]