[{"data_set_value_component_environment_variable_time":0.0,"data_set_value_component_parameters_variable_cap":0.004,"data_set_value_component_parameters_variable_cc1lin":0.88,"data_set_value_component_parameters_variable_cc_2":26.0,"data_set_value_component_parameters_variable_ck1lin":13.0,"data_set_value_component_parameters_variable_ck_2":0.9,"data_set_value_component_parameters_variable_clmax":1.0,"data_set_value_component_parameters_variable_cnmax":1.0,"data_set_value_component_parameters_variable_cx1lin":1.0,"data_set_value_component_parameters_variable_cx2":13.0,"data_set_value_component_parameters_variable_ef":2.0,"data_set_value_component_parameters_variable_gl":6.0,"data_set_value_component_parameters_variable_hmc_1":2.0,"data_set_value_component_parameters_variable_hmc_2":3.0,"data_set_value_component_parameters_variable_inf":1.9,"data_set_value_component_parameters_variable_inhmax":5.0,"data_set_value_component_parameters_variable_k_1":0.06,"data_set_value_component_parameters_variable_k_2":20.0,"data_set_value_component_parameters_variable_kI":0.7,"data_set_value_component_parameters_variable_kinh":2.0,"data_set_value_component_parameters_variable_kinhcng":1.0,"data_set_value_component_parameters_variable_n_1":2.0,"data_set_value_component_parameters_variable_n_2":2.0,"data_set_value_component_parameters_variable_nI":2.0,"data_set_value_component_parameters_variable_ninh":1.5,"data_set_value_component_parameters_variable_ninhcng":1.3,"data_set_value_component_parameters_variable_pd":20.0,"data_set_value_component_parameters_variable_r_1":10.0,"data_set_value_component_parameters_variable_r_2":5.0,"data_set_value_component_parameters_variable_smax":71.0,"data_set_value_component_parameters_variable_V_Cl":-50.0,"data_set_value_component_parameters_variable_V_cng":0.0,"data_set_value_component_parameters_variable_V_l":-70.0,"data_set_value_component_parameters_variable_F_vol":9.649,"data_set_value_component_parameters_variable_F":96490.0,"data_set_value_component_parameters_variable_C_vol":0.0,"data_set_value_component_O_stim_variable_O_stim":0.0,"data_set_value_component_O_stim_variable_od":20.0,"data_set_value_component_O_stim_variable_t_0":0.5,"data_set_value_component_O_stim_variable_t_1":1.5,"data_set_value_component_O_stim_variable_H_0":0.0,"data_set_value_component_O_stim_variable_H_1":0.0,"data_set_value_component_bLR_variable_bLR":0.0,"data_set_value_component_bLR_variable_R_tot":1.0,"data_set_value_component_aG_variable_aG":0.0,"data_set_value_component_aG_variable_G_tot":1.0,"data_set_value_component_k_G_variable_k_G":0.0,"data_set_value_component_r_G_variable_r_G":0.0,"data_set_value_component_cAMP_variable_cAMP":1.356489922e-88,"data_set_value_component_synth_variable_synth":0.0,"data_set_value_component_degrad_variable_degrad":2.712979843e-87,"data_set_value_component_Ca_variable_Ca":0.0,"data_set_value_component_cc_1_variable_cc_1":0.0,"data_set_value_component_CaCaM_variable_CaCaM":0.0,"data_set_value_component_aCaMK_variable_aCaMK":0.0000000661,"data_set_value_component_ck_1_variable_ck_1":0.0,"data_set_value_component_V_variable_V":-70.0,"data_set_value_component_I_CNG_variable_I_CNG":3.220113588e-178,"data_set_value_component_inhcng_variable_inhcng":1.0,"data_set_value_component_I_ClCa_variable_I_ClCa":5.759009088e-26,"data_set_value_component_I_NCX_variable_I_NCX":0.0,"data_set_value_component_J_NCX_variable_J_NCX":0.0,"data_set_value_component_I_other_variable_I_other":0.0},{"data_set_value_component_environment_variable_time":0.1,"data_set_value_component_parameters_variable_cap":0.004,"data_set_value_component_parameters_variable_cc1lin":0.88,"data_set_value_component_parameters_variable_cc_2":26.0,"data_set_value_component_parameters_variable_ck1lin":13.0,"data_set_value_component_parameters_variable_ck_2":0.9,"data_set_value_component_parameters_variable_clmax":1.0,"data_set_value_component_parameters_variable_cnmax":1.0,"data_set_value_component_parameters_variable_cx1lin":1.0,"data_set_value_component_parameters_variable_cx2":13.0,"data_set_value_component_parameters_variable_ef":2.0,"data_set_value_component_parameters_variable_gl":6.0,"data_set_value_component_parameters_variable_hmc_1":2.0,"data_set_value_component_parameters_variable_hmc_2":3.0,"data_set_value_component_parameters_variable_inf":1.9,"data_set_value_component_parameters_variable_inhmax":5.0,"data_set_value_component_parameters_variable_k_1":0.06,"data_set_value_component_parameters_variable_k_2":20.0,"data_set_value_component_parameters_variable_kI":0.7,"data_set_value_component_parameters_variable_kinh":2.0,"data_set_value_component_parameters_variable_kinhcng":1.0,"data_set_value_component_parameters_variable_n_1":2.0,"data_set_value_component_parameters_variable_n_2":2.0,"data_set_value_component_parameters_variable_nI":2.0,"data_set_value_component_parameters_variable_ninh":1.5,"data_set_value_component_parameters_variable_ninhcng":1.3,"data_set_value_component_parameters_variable_pd":20.0,"data_set_value_component_parameters_variable_r_1":10.0,"data_set_value_component_parameters_variable_r_2":5.0,"data_set_value_component_parameters_variable_smax":71.0,"data_set_value_component_parameters_variable_V_Cl":-50.0,"data_set_value_component_parameters_variable_V_cng":0.0,"data_set_value_component_parameters_variable_V_l":-70.0,"data_set_value_component_parameters_variable_F_vol":9.649,"data_set_value_component_parameters_variable_F":96490.0,"data_set_value_component_parameters_variable_C_vol":0.0,"data_set_value_component_O_stim_variable_O_stim":0.0,"data_set_value_component_O_stim_variable_od":20.0,"data_set_value_component_O_stim_variable_t_0":0.5,"data_set_value_component_O_stim_variable_t_1":1.5,"data_set_value_component_O_stim_variable_H_0":0.0,"data_set_value_component_O_stim_variable_H_1":0.0,"data_set_value_component_bLR_variable_bLR":-1.387128652e-105,"data_set_value_component_bLR_variable_R_tot":1.0,"data_set_value_component_aG_variable_aG":-3.505712695e-105,"data_set_value_component_aG_variable_G_tot":1.0,"data_set_value_component_k_G_variable_k_G":-2.774257305e-104,"data_set_value_component_r_G_variable_r_G":-1.752856347e-104,"data_set_value_component_cAMP_variable_cAMP":6.699630689e-89,"data_set_value_component_synth_variable_synth":-2.489056013e-103,"data_set_value_component_degrad_variable_degrad":1.339926138e-87,"data_set_value_component_Ca_variable_Ca":0.0,"data_set_value_component_cc_1_variable_cc_1":0.0,"data_set_value_component_CaCaM_variable_CaCaM":0.0,"data_set_value_component_aCaMK_variable_aCaMK":0.0000000612,"data_set_value_component_ck_1_variable_ck_1":0.0,"data_set_value_component_V_variable_V":-70.0,"data_set_value_component_I_CNG_variable_I_CNG":7.85488399e-179,"data_set_value_component_inhcng_variable_inhcng":1.0,"data_set_value_component_I_ClCa_variable_I_ClCa":4.322860341e-26,"data_set_value_component_I_NCX_variable_I_NCX":0.0,"data_set_value_component_J_NCX_variable_J_NCX":0.0,"data_set_value_component_I_other_variable_I_other":-0.0},{"data_set_value_component_environment_variable_time":0.2,"data_set_value_component_parameters_variable_cap":0.004,"data_set_value_component_parameters_variable_cc1lin":0.88,"data_set_value_component_parameters_variable_cc_2":26.0,"data_set_value_component_parameters_variable_ck1lin":13.0,"data_set_value_component_parameters_variable_ck_2":0.9,"data_set_value_component_parameters_variable_clmax":1.0,"data_set_value_component_parameters_variable_cnmax":1.0,"data_set_value_component_parameters_variable_cx1lin":1.0,"data_set_value_component_parameters_variable_cx2":13.0,"data_set_value_component_parameters_variable_ef":2.0,"data_set_value_component_parameters_variable_gl":6.0,"data_set_value_component_parameters_variable_hmc_1":2.0,"data_set_value_component_parameters_variable_hmc_2":3.0,"data_set_value_component_parameters_variable_inf":1.9,"data_set_value_component_parameters_variable_inhmax":5.0,"data_set_value_component_parameters_variable_k_1":0.06,"data_set_value_component_parameters_variable_k_2":20.0,"data_set_value_component_parameters_variable_kI":0.7,"data_set_value_component_parameters_variable_kinh":2.0,"data_set_value_component_parameters_variable_kinhcng":1.0,"data_set_value_component_parameters_variable_n_1":2.0,"data_set_value_component_parameters_variable_n_2":2.0,"data_set_value_component_parameters_variable_nI":2.0,"data_set_value_component_parameters_variable_ninh":1.5,"data_set_value_component_parameters_variable_ninhcng":1.3,"data_set_value_component_parameters_variable_pd":20.0,"data_set_value_component_parameters_variable_r_1":10.0,"data_set_value_component_parameters_variable_r_2":5.0,"data_set_value_component_parameters_variable_smax":71.0,"data_set_value_component_parameters_variable_V_Cl":-50.0,"data_set_value_component_parameters_variable_V_cng":0.0,"data_set_value_component_parameters_variable_V_l":-70.0,"data_set_value_component_parameters_variable_F_vol":9.649,"data_set_value_component_parameters_variable_F":96490.0,"data_set_value_component_parameters_variable_C_vol":0.0,"data_set_value_component_O_stim_variable_O_stim":0.0,"data_set_value_component_O_stim_variable_od":20.0,"data_set_value_component_O_stim_variable_t_0":0.5,"data_set_value_component_O_stim_variable_t_1":1.5,"data_set_value_component_O_stim_variable_H_0":0.0,"data_set_value_component_O_stim_variable_H_1":0.0,"data_set_value_component_bLR_variable_bLR":-3.499272174e-105,"data_set_value_component_bLR_variable_R_tot":1.0,"data_set_value_component_aG_variable_aG":-8.843767202e-105,"data_set_value_component_aG_variable_G_tot":1.0,"data_set_value_component_k_G_variable_k_G":-6.998544347e-104,"data_set_value_component_r_G_variable_r_G":-4.421883601e-104,"data_set_value_component_cAMP_variable_cAMP":4.654266248e-89,"data_set_value_component_synth_variable_synth":-6.279074714e-103,"data_set_value_component_degrad_variable_degrad":9.308532496e-88,"data_set_value_component_Ca_variable_Ca":0.0,"data_set_value_component_cc_1_variable_cc_1":0.0,"data_set_value_component_CaCaM_variable_CaCaM":0.0,"data_set_value_component_aCaMK_variable_aCaMK":0.0000000568,"data_set_value_component_ck_1_variable_ck_1":0.0,"data_set_value_component_V_variable_V":-70.0,"data_set_value_component_I_CNG_variable_I_CNG":3.790884004e-179,"data_set_value_component_inhcng_variable_inhcng":1.0,"data_set_value_component_I_ClCa_variable_I_ClCa":3.304738732e-26,"data_set_value_component_I_NCX_variable_I_NCX":0.0,"data_set_value_component_J_NCX_variable_J_NCX":0.0,"data_set_value_component_I_other_variable_I_other":-0.0},{"data_set_value_component_environment_variable_time":0.3,"data_set_value_component_parameters_variable_cap":0.004,"data_set_value_component_parameters_variable_cc1lin":0.88,"data_set_value_component_parameters_variable_cc_2":26.0,"data_set_value_component_parameters_variable_ck1lin":13.0,"data_set_value_component_parameters_variable_ck_2":0.9,"data_set_value_component_parameters_variable_clmax":1.0,"data_set_value_component_parameters_variable_cnmax":1.0,"data_set_value_component_parameters_variable_cx1lin":1.0,"data_set_value_component_parameters_variable_cx2":13.0,"data_set_value_component_parameters_variable_ef":2.0,"data_set_value_component_parameters_variable_gl":6.0,"data_set_value_component_parameters_variable_hmc_1":2.0,"data_set_value_component_parameters_variable_hmc_2":3.0,"data_set_value_component_parameters_variable_inf":1.9,"data_set_value_component_parameters_variable_inhmax":5.0,"data_set_value_component_parameters_variable_k_1":0.06,"data_set_value_component_parameters_variable_k_2":20.0,"data_set_value_component_parameters_variable_kI":0.7,"data_set_value_component_parameters_variable_kinh":2.0,"data_set_value_component_parameters_variable_kinhcng":1.0,"data_set_value_component_parameters_variable_n_1":2.0,"data_set_value_component_parameters_variable_n_2":2.0,"data_set_value_component_parameters_variable_nI":2.0,"data_set_value_component_parameters_variable_ninh":1.5,"data_set_value_component_parameters_variable_ninhcng":1.3,"data_set_value_component_parameters_variable_pd":20.0,"data_set_value_component_parameters_variable_r_1":10.0,"data_set_value_component_parameters_variable_r_2":5.0,"data_set_value_component_parameters_variable_smax":71.0,"data_set_value_component_parameters_variable_V_Cl":-50.0,"data_set_value_component_parameters_variable_V_cng":0.0,"data_set_value_component_parameters_variable_V_l":-70.0,"data_set_value_component_parameters_variable_F_vol":9.649,"data_set_value_component_parameters_variable_F":96490.0,"data_set_value_component_parameters_variable_C_vol":0.0,"data_set_value_component_O_stim_variable_O_stim":0.0,"data_set_value_component_O_stim_variable_od":20.0,"data_set_value_component_O_stim_variable_t_0":0.5,"data_set_value_component_O_stim_variable_t_1":1.5,"data_set_value_component_O_stim_variable_H_0":0.0,"data_set_value_component_O_stim_variable_H_1":0.0,"data_set_value_component_bLR_variable_bLR":-5.611415695e-105,"data_set_value_component_bLR_variable_R_tot":1.0,"data_set_value_component_aG_variable_aG":-1.418182171e-104,"data_set_value_component_aG_variable_G_tot":1.0,"data_set_value_component_k_G_variable_k_G":-1.122283139e-103,"data_set_value_component_r_G_variable_r_G":-7.090910855e-104,"data_set_value_component_cAMP_variable_cAMP":2.608901807e-89,"data_set_value_component_synth_variable_synth":-1.006909341e-102,"data_set_value_component_degrad_variable_degrad":5.217803615e-88,"data_set_value_component_Ca_variable_Ca":0.0,"data_set_value_component_cc_1_variable_cc_1":0.0,"data_set_value_component_CaCaM_variable_CaCaM":0.0,"data_set_value_component_aCaMK_variable_aCaMK":0.0000000524,"data_set_value_component_ck_1_variable_ck_1":0.0,"data_set_value_component_V_variable_V":-70.0,"data_set_value_component_I_CNG_variable_I_CNG":1.191114512e-179,"data_set_value_component_inhcng_variable_inhcng":1.0,"data_set_value_component_I_ClCa_variable_I_ClCa":2.423125377e-26,"data_set_value_component_I_NCX_variable_I_NCX":0.0,"data_set_value_component_J_NCX_variable_J_NCX":0.0,"data_set_value_component_I_other_variable_I_other":-0.0},{"data_set_value_component_environment_variable_time":0.4,"data_set_value_component_parameters_variable_cap":0.004,"data_set_value_component_parameters_variable_cc1lin":0.88,"data_set_value_component_parameters_variable_cc_2":26.0,"data_set_value_component_parameters_variable_ck1lin":13.0,"data_set_value_component_parameters_variable_ck_2":0.9,"data_set_value_component_parameters_variable_clmax":1.0,"data_set_value_component_parameters_variable_cnmax":1.0,"data_set_value_component_parameters_variable_cx1lin":1.0,"data_set_value_component_parameters_variable_cx2":13.0,"data_set_value_component_parameters_variable_ef":2.0,"data_set_value_component_parameters_variable_gl":6.0,"data_set_value_component_parameters_variable_hmc_1":2.0,"data_set_value_component_parameters_variable_hmc_2":3.0,"data_set_value_component_parameters_variable_inf":1.9,"data_set_value_component_parameters_variable_inhmax":5.0,"data_set_value_component_parameters_variable_k_1":0.06,"data_set_value_component_parameters_variable_k_2":20.0,"data_set_value_component_parameters_variable_kI":0.7,"data_set_value_component_parameters_variable_kinh":2.0,"data_set_value_component_parameters_variable_kinhcng":1.0,"data_set_value_component_parameters_variable_n_1":2.0,"data_set_value_component_parameters_variable_n_2":2.0,"data_set_value_component_parameters_variable_nI":2.0,"data_set_value_component_parameters_variable_ninh":1.5,"data_set_value_component_parameters_variable_ninhcng":1.3,"data_set_value_component_parameters_variable_pd":20.0,"data_set_value_component_parameters_variable_r_1":10.0,"data_set_value_component_parameters_variable_r_2":5.0,"data_set_value_component_parameters_variable_smax":71.0,"data_set_value_component_parameters_variable_V_Cl":-50.0,"data_set_value_component_parameters_variable_V_cng":0.0,"data_set_value_component_parameters_variable_V_l":-70.0,"data_set_value_component_parameters_variable_F_vol":9.649,"data_set_value_component_parameters_variable_F":96490.0,"data_set_value_component_parameters_variable_C_vol":0.0,"data_set_value_component_O_stim_variable_O_stim":0.0,"data_set_value_component_O_stim_variable_od":20.0,"data_set_value_component_O_stim_variable_t_0":0.5,"data_set_value_component_O_stim_variable_t_1":1.5,"data_set_value_component_O_stim_variable_H_0":0.0,"data_set_value_component_O_stim_variable_H_1":0.0,"data_set_value_component_bLR_variable_bLR":-6.407100397e-105,"data_set_value_component_bLR_variable_R_tot":1.0,"data_set_value_component_aG_variable_aG":-1.799625881e-104,"data_set_value_component_aG_variable_G_tot":1.0,"data_set_value_component_k_G_variable_k_G":-1.281420079e-103,"data_set_value_component_r_G_variable_r_G":-8.998129403e-104,"data_set_value_component_cAMP_variable_cAMP":8.623645584e-90,"data_set_value_component_synth_variable_synth":-1.277734375e-102,"data_set_value_component_degrad_variable_degrad":1.724729117e-88,"data_set_value_component_Ca_variable_Ca":0.0,"data_set_value_component_cc_1_variable_cc_1":0.0,"data_set_value_component_CaCaM_variable_CaCaM":0.0,"data_set_value_component_aCaMK_variable_aCaMK":0.0000000481,"data_set_value_component_ck_1_variable_ck_1":0.0,"data_set_value_component_V_variable_V":-70.0,"data_set_value_component_I_CNG_variable_I_CNG":1.301427105e-180,"data_set_value_component_inhcng_variable_inhcng":1.0,"data_set_value_component_I_ClCa_variable_I_ClCa":1.701258118e-26,"data_set_value_component_I_NCX_variable_I_NCX":0.0,"data_set_value_component_J_NCX_variable_J_NCX":0.0,"data_set_value_component_I_other_variable_I_other":-0.0},{"data_set_value_component_environment_variable_time":0.5,"data_set_value_component_parameters_variable_cap":0.004,"data_set_value_component_parameters_variable_cc1lin":0.88,"data_set_value_component_parameters_variable_cc_2":26.0,"data_set_value_component_parameters_variable_ck1lin":13.0,"data_set_value_component_parameters_variable_ck_2":0.9,"data_set_value_component_parameters_variable_clmax":1.0,"data_set_value_component_parameters_variable_cnmax":1.0,"data_set_value_component_parameters_variable_cx1lin":1.0,"data_set_value_component_parameters_variable_cx2":13.0,"data_set_value_component_parameters_variable_ef":2.0,"data_set_value_component_parameters_variable_gl":6.0,"data_set_value_component_parameters_variable_hmc_1":2.0,"data_set_value_component_parameters_variable_hmc_2":3.0,"data_set_value_component_parameters_variable_inf":1.9,"data_set_value_component_parameters_variable_inhmax":5.0,"data_set_value_component_parameters_variable_k_1":0.06,"data_set_value_component_parameters_variable_k_2":20.0,"data_set_value_component_parameters_variable_kI":0.7,"data_set_value_component_parameters_variable_kinh":2.0,"data_set_value_component_parameters_variable_kinhcng":1.0,"data_set_value_component_parameters_variable_n_1":2.0,"data_set_value_component_parameters_variable_n_2":2.0,"data_set_value_component_parameters_variable_nI":2.0,"data_set_value_component_parameters_variable_ninh":1.5,"data_set_value_component_parameters_variable_ninhcng":1.3,"data_set_value_component_parameters_variable_pd":20.0,"data_set_value_component_parameters_variable_r_1":10.0,"data_set_value_component_parameters_variable_r_2":5.0,"data_set_value_component_parameters_variable_smax":71.0,"data_set_value_component_parameters_variable_V_Cl":-50.0,"data_set_value_component_parameters_variable_V_cng":0.0,"data_set_value_component_parameters_variable_V_l":-70.0,"data_set_value_component_parameters_variable_F_vol":9.649,"data_set_value_component_parameters_variable_F":96490.0,"data_set_value_component_parameters_variable_C_vol":0.0,"data_set_value_component_O_stim_variable_O_stim":20.0,"data_set_value_component_O_stim_variable_od":20.0,"data_set_value_component_O_stim_variable_t_0":0.5,"data_set_value_component_O_stim_variable_t_1":1.5,"data_set_value_component_O_stim_variable_H_0":1.0,"data_set_value_component_O_stim_variable_H_1":0.0,"data_set_value_component_bLR_variable_bLR":0.0000000843,"data_set_value_component_bLR_variable_R_tot":1.0,"data_set_value_component_aG_variable_aG":0.0,"data_set_value_component_aG_variable_G_tot":1.0,"data_set_value_component_k_G_variable_k_G":0.0000016854,"data_set_value_component_r_G_variable_r_G":0.0,"data_set_value_component_cAMP_variable_cAMP":2.439689662e-18,"data_set_value_component_synth_variable_synth":0.0,"data_set_value_component_degrad_variable_degrad":4.879379324e-17,"data_set_value_component_Ca_variable_Ca":0.0,"data_set_value_component_cc_1_variable_cc_1":0.0,"data_set_value_component_CaCaM_variable_CaCaM":0.0,"data_set_value_component_aCaMK_variable_aCaMK":0.000000044,"data_set_value_component_ck_1_variable_ck_1":0.0,"data_set_value_component_V_variable_V":-70.0,"data_set_value_component_I_CNG_variable_I_CNG":1.041614988e-37,"data_set_value_component_inhcng_variable_inhcng":1.0,"data_set_value_component_I_ClCa_variable_I_ClCa":1.178991564e-26,"data_set_value_component_I_NCX_variable_I_NCX":0.0,"data_set_value_component_J_NCX_variable_J_NCX":0.0,"data_set_value_component_I_other_variable_I_other":-0.0},{"data_set_value_component_environment_variable_time":0.6,"data_set_value_component_parameters_variable_cap":0.004,"data_set_value_component_parameters_variable_cc1lin":0.88,"data_set_value_component_parameters_variable_cc_2":26.0,"data_set_value_component_parameters_variable_ck1lin":13.0,"data_set_value_component_parameters_variable_ck_2":0.9,"data_set_value_component_parameters_variable_clmax":1.0,"data_set_value_component_parameters_variable_cnmax":1.0,"data_set_value_component_parameters_variable_cx1lin":1.0,"data_set_value_component_parameters_variable_cx2":13.0,"data_set_value_component_parameters_variable_ef":2.0,"data_set_value_component_parameters_variable_gl":6.0,"data_set_value_component_parameters_variable_hmc_1":2.0,"data_set_value_component_parameters_variable_hmc_2":3.0,"data_set_value_component_parameters_variable_inf":1.9,"data_set_value_component_parameters_variable_inhmax":5.0,"data_set_value_component_parameters_variable_k_1":0.06,"data_set_value_component_parameters_variable_k_2":20.0,"data_set_value_component_parameters_variable_kI":0.7,"data_set_value_component_parameters_variable_kinh":2.0,"data_set_value_component_parameters_variable_kinhcng":1.0,"data_set_value_component_parameters_variable_n_1":2.0,"data_set_value_component_parameters_variable_n_2":2.0,"data_set_value_component_parameters_variable_nI":2.0,"data_set_value_component_parameters_variable_ninh":1.5,"data_set_value_component_parameters_variable_ninhcng":1.3,"data_set_value_component_parameters_variable_pd":20.0,"data_set_value_component_parameters_variable_r_1":10.0,"data_set_value_component_parameters_variable_r_2":5.0,"data_set_value_component_parameters_variable_smax":71.0,"data_set_value_component_parameters_variable_V_Cl":-50.0,"data_set_value_component_parameters_variable_V_cng":0.0,"data_set_value_component_parameters_variable_V_l":-70.0,"data_set_value_component_parameters_variable_F_vol":9.649,"data_set_value_component_parameters_variable_F":96490.0,"data_set_value_component_parameters_variable_C_vol":0.0,"data_set_value_component_O_stim_variable_O_stim":20.0,"data_set_value_component_O_stim_variable_od":20.0,"data_set_value_component_O_stim_variable_t_0":0.5,"data_set_value_component_O_stim_variable_t_1":1.5,"data_set_value_component_O_stim_variable_H_0":1.0,"data_set_value_component_O_stim_variable_H_1":0.0,"data_set_value_component_bLR_variable_bLR":0.0721843563,"data_set_value_component_bLR_variable_R_tot":1.0,"data_set_value_component_aG_variable_aG":0.0689897455,"data_set_value_component_aG_variable_G_tot":1.0,"data_set_value_component_k_G_variable_k_G":1.443687127,"data_set_value_component_r_G_variable_r_G":0.3449487276,"data_set_value_component_cAMP_variable_cAMP":0.1179446484,"data_set_value_component_synth_variable_synth":4.898271847,"data_set_value_component_degrad_variable_degrad":2.3588929689,"data_set_value_component_Ca_variable_Ca":0.0080063086,"data_set_value_component_cc_1_variable_cc_1":0.0070455516,"data_set_value_component_CaCaM_variable_CaCaM":0.000078554,"data_set_value_component_aCaMK_variable_aCaMK":0.0000134444,"data_set_value_component_ck_1_variable_ck_1":0.0010212014,"data_set_value_component_V_variable_V":-69.9358807551,"data_set_value_component_I_CNG_variable_I_CNG":0.0002423666,"data_set_value_component_inhcng_variable_inhcng":1.0000184407,"data_set_value_component_I_ClCa_variable_I_ClCa":0.000000142,"data_set_value_component_I_NCX_variable_I_NCX":0.0001545057,"data_set_value_component_J_NCX_variable_J_NCX":0.0160126172,"data_set_value_component_I_other_variable_I_other":-0.0003847155},{"data_set_value_component_environment_variable_time":0.7,"data_set_value_component_parameters_variable_cap":0.004,"data_set_value_component_parameters_variable_cc1lin":0.88,"data_set_value_component_parameters_variable_cc_2":26.0,"data_set_value_component_parameters_variable_ck1lin":13.0,"data_set_value_component_parameters_variable_ck_2":0.9,"data_set_value_component_parameters_variable_clmax":1.0,"data_set_value_component_parameters_variable_cnmax":1.0,"data_set_value_component_parameters_variable_cx1lin":1.0,"data_set_value_component_parameters_variable_cx2":13.0,"data_set_value_component_parameters_variable_ef":2.0,"data_set_value_component_parameters_variable_gl":6.0,"data_set_value_component_parameters_variable_hmc_1":2.0,"data_set_value_component_parameters_variable_hmc_2":3.0,"data_set_value_component_parameters_variable_inf":1.9,"data_set_value_component_parameters_variable_inhmax":5.0,"data_set_value_component_parameters_variable_k_1":0.06,"data_set_value_component_parameters_variable_k_2":20.0,"data_set_value_component_parameters_variable_kI":0.7,"data_set_value_component_parameters_variable_kinh":2.0,"data_set_value_component_parameters_variable_kinhcng":1.0,"data_set_value_component_parameters_variable_n_1":2.0,"data_set_value_component_parameters_variable_n_2":2.0,"data_set_value_component_parameters_variable_nI":2.0,"data_set_value_component_parameters_variable_ninh":1.5,"data_set_value_component_parameters_variable_ninhcng":1.3,"data_set_value_component_parameters_variable_pd":20.0,"data_set_value_component_parameters_variable_r_1":10.0,"data_set_value_component_parameters_variable_r_2":5.0,"data_set_value_component_parameters_variable_smax":71.0,"data_set_value_component_parameters_variable_V_Cl":-50.0,"data_set_value_component_parameters_variable_V_cng":0.0,"data_set_value_component_parameters_variable_V_l":-70.0,"data_set_value_component_parameters_variable_F_vol":9.649,"data_set_value_component_parameters_variable_F":96490.0,"data_set_value_component_parameters_variable_C_vol":0.0,"data_set_value_component_O_stim_variable_O_stim":20.0,"data_set_value_component_O_stim_variable_od":20.0,"data_set_value_component_O_stim_variable_t_0":0.5,"data_set_value_component_O_stim_variable_t_1":1.5,"data_set_value_component_O_stim_variable_H_0":1.0,"data_set_value_component_O_stim_variable_H_1":0.0,"data_set_value_component_bLR_variable_bLR":0.0957366,"data_set_value_component_bLR_variable_R_tot":1.0,"data_set_value_component_aG_variable_aG":0.1619877815,"data_set_value_component_aG_variable_G_tot":1.0,"data_set_value_component_k_G_variable_k_G":1.9147319999,"data_set_value_component_r_G_variable_r_G":0.8099389073,"data_set_value_component_cAMP_variable_cAMP":0.4207193294,"data_set_value_component_synth_variable_synth":11.5008562906,"data_set_value_component_degrad_variable_degrad":8.4143865885,"data_set_value_component_Ca_variable_Ca":0.2370031876,"data_set_value_component_cc_1_variable_cc_1":0.2085628051,"data_set_value_component_CaCaM_variable_CaCaM":0.0041233656,"data_set_value_component_aCaMK_variable_aCaMK":0.0016647584,"data_set_value_component_ck_1_variable_ck_1":0.0536037525,"data_set_value_component_V_variable_V":-68.7510324352,"data_set_value_component_I_CNG_variable_I_CNG":0.0028957651,"data_set_value_component_inhcng_variable_inhcng":1.0031735306,"data_set_value_component_I_ClCa_variable_I_ClCa":0.0001163025,"data_set_value_component_I_NCX_variable_I_NCX":0.0045736875,"data_set_value_component_J_NCX_variable_J_NCX":0.4740063752,"data_set_value_component_I_other_variable_I_other":-0.0074938054},{"data_set_value_component_environment_variable_time":0.8,"data_set_value_component_parameters_variable_cap":0.004,"data_set_value_component_parameters_variable_cc1lin":0.88,"data_set_value_component_parameters_variable_cc_2":26.0,"data_set_value_component_parameters_variable_ck1lin":13.0,"data_set_value_component_parameters_variable_ck_2":0.9,"data_set_value_component_parameters_variable_clmax":1.0,"data_set_value_component_parameters_variable_cnmax":1.0,"data_set_value_component_parameters_variable_cx1lin":1.0,"data_set_value_component_parameters_variable_cx2":13.0,"data_set_value_component_parameters_variable_ef":2.0,"data_set_value_component_parameters_variable_gl":6.0,"data_set_value_component_parameters_variable_hmc_1":2.0,"data_set_value_component_parameters_variable_hmc_2":3.0,"data_set_value_component_parameters_variable_inf":1.9,"data_set_value_component_parameters_variable_inhmax":5.0,"data_set_value_component_parameters_variable_k_1":0.06,"data_set_value_component_parameters_variable_k_2":20.0,"data_set_value_component_parameters_variable_kI":0.7,"data_set_value_component_parameters_variable_kinh":2.0,"data_set_value_component_parameters_variable_kinhcng":1.0,"data_set_value_component_parameters_variable_n_1":2.0,"data_set_value_component_parameters_variable_n_2":2.0,"data_set_value_component_parameters_variable_nI":2.0,"data_set_value_component_parameters_variable_ninh":1.5,"data_set_value_component_parameters_variable_ninhcng":1.3,"data_set_value_component_parameters_variable_pd":20.0,"data_set_value_component_parameters_variable_r_1":10.0,"data_set_value_component_parameters_variable_r_2":5.0,"data_set_value_component_parameters_variable_smax":71.0,"data_set_value_component_parameters_variable_V_Cl":-50.0,"data_set_value_component_parameters_variable_V_cng":0.0,"data_set_value_component_parameters_variable_V_l":-70.0,"data_set_value_component_parameters_variable_F_vol":9.649,"data_set_value_component_parameters_variable_F":96490.0,"data_set_value_component_parameters_variable_C_vol":0.0,"data_set_value_component_O_stim_variable_O_stim":20.0,"data_set_value_component_O_stim_variable_od":20.0,"data_set_value_component_O_stim_variable_t_0":0.5,"data_set_value_component_O_stim_variable_t_1":1.5,"data_set_value_component_O_stim_variable_H_0":1.0,"data_set_value_component_O_stim_variable_H_1":0.0,"data_set_value_component_bLR_variable_bLR":0.1034212193,"data_set_value_component_bLR_variable_R_tot":1.0,"data_set_value_component_aG_variable_aG":0.2250387185,"data_set_value_component_aG_variable_G_tot":1.0,"data_set_value_component_k_G_variable_k_G":2.0684243858,"data_set_value_component_r_G_variable_r_G":1.1251935923,"data_set_value_component_cAMP_variable_cAMP":0.6886017404,"data_set_value_component_synth_variable_synth":15.9652745921,"data_set_value_component_degrad_variable_degrad":13.7720348083,"data_set_value_component_Ca_variable_Ca":1.0189186389,"data_set_value_component_cc_1_variable_cc_1":0.8966484023,"data_set_value_component_CaCaM_variable_CaCaM":0.0235510158,"data_set_value_component_aCaMK_variable_aCaMK":0.0169665136,"data_set_value_component_ck_1_variable_ck_1":0.3061632049,"data_set_value_component_V_variable_V":-65.3903998347,"data_set_value_component_I_CNG_variable_I_CNG":0.0065680576,"data_set_value_component_inhcng_variable_inhcng":1.0303642941,"data_set_value_component_I_ClCa_variable_I_ClCa":0.0015917442,"data_set_value_component_I_NCX_variable_I_NCX":0.0196630919,"data_set_value_component_J_NCX_variable_J_NCX":2.0378372779,"data_set_value_component_I_other_variable_I_other":-0.027657601},{"data_set_value_component_environment_variable_time":0.9,"data_set_value_component_parameters_variable_cap":0.004,"data_set_value_component_parameters_variable_cc1lin":0.88,"data_set_value_component_parameters_variable_cc_2":26.0,"data_set_value_component_parameters_variable_ck1lin":13.0,"data_set_value_component_parameters_variable_ck_2":0.9,"data_set_value_component_parameters_variable_clmax":1.0,"data_set_value_component_parameters_variable_cnmax":1.0,"data_set_value_component_parameters_variable_cx1lin":1.0,"data_set_value_component_parameters_variable_cx2":13.0,"data_set_value_component_parameters_variable_ef":2.0,"data_set_value_component_parameters_variable_gl":6.0,"data_set_value_component_parameters_variable_hmc_1":2.0,"data_set_value_component_parameters_variable_hmc_2":3.0,"data_set_value_component_parameters_variable_inf":1.9,"data_set_value_component_parameters_variable_inhmax":5.0,"data_set_value_component_parameters_variable_k_1":0.06,"data_set_value_component_parameters_variable_k_2":20.0,"data_set_value_component_parameters_variable_kI":0.7,"data_set_value_component_parameters_variable_kinh":2.0,"data_set_value_component_parameters_variable_kinhcng":1.0,"data_set_value_component_parameters_variable_n_1":2.0,"data_set_value_component_parameters_variable_n_2":2.0,"data_set_value_component_parameters_variable_nI":2.0,"data_set_value_component_parameters_variable_ninh":1.5,"data_set_value_component_parameters_variable_ninhcng":1.3,"data_set_value_component_parameters_variable_pd":20.0,"data_set_value_component_parameters_variable_r_1":10.0,"data_set_value_component_parameters_variable_r_2":5.0,"data_set_value_component_parameters_variable_smax":71.0,"data_set_value_component_parameters_variable_V_Cl":-50.0,"data_set_value_component_parameters_variable_V_cng":0.0,"data_set_value_component_parameters_variable_V_l":-70.0,"data_set_value_component_parameters_variable_F_vol":9.649,"data_set_value_component_parameters_variable_F":96490.0,"data_set_value_component_parameters_variable_C_vol":0.0,"data_set_value_component_O_stim_variable_O_stim":20.0,"data_set_value_component_O_stim_variable_od":20.0,"data_set_value_component_O_stim_variable_t_0":0.5,"data_set_value_component_O_stim_variable_t_1":1.5,"data_set_value_component_O_stim_variable_H_0":1.0,"data_set_value_component_O_stim_variable_H_1":0.0,"data_set_value_component_bLR_variable_bLR":0.1059285573,"data_set_value_component_bLR_variable_R_tot":1.0,"data_set_value_component_aG_variable_aG":0.2610378634,"data_set_value_component_aG_variable_G_tot":1.0,"data_set_value_component_k_G_variable_k_G":2.1185711458,"data_set_value_component_r_G_variable_r_G":1.3051893171,"data_set_value_component_cAMP_variable_cAMP":0.8588813122,"data_set_value_component_synth_variable_synth":18.4251265536,"data_set_value_component_degrad_variable_degrad":17.1776262434,"data_set_value_component_Ca_variable_Ca":2.109620048,"data_set_value_component_cc_1_variable_cc_1":1.8564656422,"data_set_value_component_CaCaM_variable_CaCaM":0.0573168134,"data_set_value_component_aCaMK_variable_aCaMK":0.0652440478,"data_set_value_component_ck_1_variable_ck_1":0.7451185748,"data_set_value_component_V_variable_V":-61.2583037591,"data_set_value_component_I_CNG_variable_I_CNG":0.0081669315,"data_set_value_component_inhcng_variable_inhcng":1.094928291,"data_set_value_component_I_ClCa_variable_I_ClCa":0.0037251445,"data_set_value_component_I_NCX_variable_I_NCX":0.0407114477,"data_set_value_component_J_NCX_variable_J_NCX":4.2192400959,"data_set_value_component_I_other_variable_I_other":-0.0524501774},{"data_set_value_component_environment_variable_time":1.0,"data_set_value_component_parameters_variable_cap":0.004,"data_set_value_component_parameters_variable_cc1lin":0.88,"data_set_value_component_parameters_variable_cc_2":26.0,"data_set_value_component_parameters_variable_ck1lin":13.0,"data_set_value_component_parameters_variable_ck_2":0.9,"data_set_value_component_parameters_variable_clmax":1.0,"data_set_value_component_parameters_variable_cnmax":1.0,"data_set_value_component_parameters_variable_cx1lin":1.0,"data_set_value_component_parameters_variable_cx2":13.0,"data_set_value_component_parameters_variable_ef":2.0,"data_set_value_component_parameters_variable_gl":6.0,"data_set_value_component_parameters_variable_hmc_1":2.0,"data_set_value_component_parameters_variable_hmc_2":3.0,"data_set_value_component_parameters_variable_inf":1.9,"data_set_value_component_parameters_variable_inhmax":5.0,"data_set_value_component_parameters_variable_k_1":0.06,"data_set_value_component_parameters_variable_k_2":20.0,"data_set_value_component_parameters_variable_kI":0.7,"data_set_value_component_parameters_variable_kinh":2.0,"data_set_value_component_parameters_variable_kinhcng":1.0,"data_set_value_component_parameters_variable_n_1":2.0,"data_set_value_component_parameters_variable_n_2":2.0,"data_set_value_component_parameters_variable_nI":2.0,"data_set_value_component_parameters_variable_ninh":1.5,"data_set_value_component_parameters_variable_ninhcng":1.3,"data_set_value_component_parameters_variable_pd":20.0,"data_set_value_component_parameters_variable_r_1":10.0,"data_set_value_component_parameters_variable_r_2":5.0,"data_set_value_component_parameters_variable_smax":71.0,"data_set_value_component_parameters_variable_V_Cl":-50.0,"data_set_value_component_parameters_variable_V_cng":0.0,"data_set_value_component_parameters_variable_V_l":-70.0,"data_set_value_component_parameters_variable_F_vol":9.649,"data_set_value_component_parameters_variable_F":96490.0,"data_set_value_component_parameters_variable_C_vol":0.0,"data_set_value_component_O_stim_variable_O_stim":20.0,"data_set_value_component_O_stim_variable_od":20.0,"data_set_value_component_O_stim_variable_t_0":0.5,"data_set_value_component_O_stim_variable_t_1":1.5,"data_set_value_component_O_stim_variable_H_0":1.0,"data_set_value_component_O_stim_variable_H_1":0.0,"data_set_value_component_bLR_variable_bLR":0.1067466541,"data_set_value_component_bLR_variable_R_tot":1.0,"data_set_value_component_aG_variable_aG":0.2802139881,"data_set_value_component_aG_variable_G_tot":1.0,"data_set_value_component_k_G_variable_k_G":2.1349330827,"data_set_value_component_r_G_variable_r_G":1.4010699404,"data_set_value_component_cAMP_variable_cAMP":0.9465940865,"data_set_value_component_synth_variable_synth":19.4804959976,"data_set_value_component_degrad_variable_degrad":18.9318817293,"data_set_value_component_Ca_variable_Ca":3.1108892177,"data_set_value_component_cc_1_variable_cc_1":2.7375825116,"data_set_value_component_CaCaM_variable_CaCaM":0.0926911938,"data_set_value_component_aCaMK_variable_aCaMK":0.1536210372,"data_set_value_component_ck_1_variable_ck_1":1.2049855194,"data_set_value_component_V_variable_V":-57.9727155757,"data_set_value_component_I_CNG_variable_I_CNG":0.008107942,"data_set_value_component_inhcng_variable_inhcng":1.1737494442,"data_set_value_component_I_ClCa_variable_I_ClCa":0.0041309844,"data_set_value_component_I_NCX_variable_I_NCX":0.0600339401,"data_set_value_component_J_NCX_variable_J_NCX":6.2217784354,"data_set_value_component_I_other_variable_I_other":-0.0721637065}]