[{"data_set_value_component_environment_variable_time":0.0,"data_set_value_component_Clb2_variable_Clb2":0.184,"data_set_value_component_Clb2_variable_epsilon":0.5,"data_set_value_component_Clb2_variable_Jm":10.0,"data_set_value_component_Clb2_variable_ks_clb":0.015,"data_set_value_component_PClb2_variable_PClb2":0.0,"data_set_value_component_Trim_variable_Trim":0.084,"data_set_value_component_PTrim_variable_PTrim":0.0,"data_set_value_component_Mcm_a_variable_Mcm_a":0.933,"data_set_value_component_Mcm_a_variable_Ji_mcm":0.1,"data_set_value_component_Mcm_a_variable_Ja_mcm":0.1,"data_set_value_component_Mcm_a_variable_ki_mcm":0.15,"data_set_value_component_Mcm_a_variable_ka_mcm":1.0,"data_set_value_component_Sic1_variable_Sic1":0.003,"data_set_value_component_Sic1_variable_ks_sic":0.1,"data_set_value_component_Mih1_a_variable_Mih1_a":0.808,"data_set_value_component_Mih1_a_variable_Ji_mih":0.1,"data_set_value_component_Mih1_a_variable_Ja_mih":0.1,"data_set_value_component_Mih1_a_variable_Vi_mih":0.3,"data_set_value_component_Mih1_a_variable_Va_mih":1.0,"data_set_value_component_IE_a_variable_IE_a":0.522,"data_set_value_component_IE_a_variable_Ji_ie":0.01,"data_set_value_component_IE_a_variable_Ja_ie":0.01,"data_set_value_component_IE_a_variable_ki_ie":0.04,"data_set_value_component_IE_a_variable_ka_ie":0.1,"data_set_value_component_Cdc20_a_variable_Cdc20_a":1.438,"data_set_value_component_Cdc20_variable_Cdc20":1.172,"data_set_value_component_Cdc20_variable_ks_cdc20_1":0.005,"data_set_value_component_Cdc20_variable_ks_cdc20_2":0.3,"data_set_value_component_Cdc20_variable_Js_cdc20":0.3,"data_set_value_component_Cdh1_a_variable_Cdh1_a":0.993,"data_set_value_component_Cdh1_a_variable_Ji_cdh":0.01,"data_set_value_component_Cdh1_a_variable_Ja_cdh":0.01,"data_set_value_component_Cdh1_a_variable_ki_cdh":35.0,"data_set_value_component_Cdh1_a_variable_ka_cdh_1":1.0,"data_set_value_component_Cdh1_a_variable_ki_cdh_1":2.0,"data_set_value_component_Cdh1_a_variable_ka_cdh_2":10.0,"data_set_value_component_Cln_variable_Cln":0.054,"data_set_value_component_Cln_variable_ks_cln":0.1,"data_set_value_component_Cln_variable_kd_cln":0.1,"data_set_value_component_SBF_a_variable_SBF_a":0.124,"data_set_value_component_SBF_a_variable_Ji_sbf":0.01,"data_set_value_component_SBF_a_variable_Ja_sbf":0.01,"data_set_value_component_SBF_a_variable_ki_sbf_1":1.0,"data_set_value_component_SBF_a_variable_ka_sbf_1":1.0,"data_set_value_component_SBF_a_variable_ki_sbf_2":2.0,"data_set_value_component_SBF_a_variable_ka_sbf_2":0.0,"data_set_value_component_Swe1_variable_Swe1":0.0,"data_set_value_component_Swe1_variable_ks_swe":0.0025,"data_set_value_component_Swe1_variable_ks_sweC":0.0,"data_set_value_component_PSwe1_variable_PSwe1":0.0,"data_set_value_component_Swe1M_variable_Swe1M":0.018,"data_set_value_component_PSwe1M_variable_PSwe1M":0.013,"data_set_value_component_PSwe1M_variable_kd_swe_2":0.05,"data_set_value_component_BE_variable_BE":0.0,"data_set_value_component_BE_variable_ks_bud":0.1,"data_set_value_component_BE_variable_kd_bud":0.1,"data_set_value_component_M_variable_M":0.802,"data_set_value_component_M_variable_mu":0.005,"data_set_value_component_IE_variable_IE":0.478,"data_set_value_component_IE_variable_IE_total":1.0,"data_set_value_component_Cdh1_variable_Cdh1":0.007,"data_set_value_component_Cdh1_variable_Cdh1_total":1.0,"data_set_value_component_Mih1_variable_Mih1":0.192,"data_set_value_component_Mih1_variable_Mih1_total":1.0,"data_set_value_component_Mcm_variable_Mcm":0.067,"data_set_value_component_Mcm_variable_Mcm_total":1.0,"data_set_value_component_SBF_variable_SBF":0.876,"data_set_value_component_SBF_variable_SBF_total":1.0,"data_set_value_component_Swe1_total_variable_Swe1_total":0.031,"data_set_value_component_BUD_variable_BUD":0.0,"data_set_value_component_kinetic_parameters_variable_Ji_cdc20":0.001,"data_set_value_component_kinetic_parameters_variable_Ja_cdc20":0.001,"data_set_value_component_kinetic_parameters_variable_ki_cdc20":0.25,"data_set_value_component_kinetic_parameters_variable_kd_cdc20":0.1,"data_set_value_component_kinetic_parameters_variable_ka_cdc20":1.0,"data_set_value_component_kinetic_parameters_variable_khsl1":1.0,"data_set_value_component_kinetic_parameters_variable_khsl1r":0.01,"data_set_value_component_kinetic_parameters_variable_kd_swe_1":0.007,"data_set_value_component_kinetic_parameters_variable_Ji_wee":0.05,"data_set_value_component_kinetic_parameters_variable_Ja_wee":0.05,"data_set_value_component_kinetic_parameters_variable_Vi_wee":1.0,"data_set_value_component_kinetic_parameters_variable_Va_wee":0.3,"data_set_value_component_kinetic_parameters_variable_kd_clb_1":0.015,"data_set_value_component_kinetic_parameters_variable_kd_clb_2":1.0,"data_set_value_component_kinetic_parameters_variable_kd_clb_3":0.1,"data_set_value_component_kinetic_parameters_variable_kswe":0.00018,"data_set_value_component_kinetic_parameters_variable_kmih":4.136,"data_set_value_component_kinetic_parameters_variable_kass":300.0,"data_set_value_component_kinetic_parameters_variable_kdiss":0.1,"data_set_value_component_kinetic_parameters_variable_kd_sic":0.01,"data_set_value_component_kinetic_parameters_variable_kd_sic_1":1.0,"data_set_value_component_kinetic_parameters_variable_kd_sic_2":3.0,"data_set_value_component_kinetic_parameters_variable_kswe_1":2.0,"data_set_value_component_kinetic_parameters_variable_kswe_2":0.01,"data_set_value_component_kinetic_parameters_variable_kswe_3":0.2,"data_set_value_component_kinetic_parameters_variable_kmih_1":5.0,"data_set_value_component_kinetic_parameters_variable_kmih_2":0.5},{"data_set_value_component_environment_variable_time":0.1,"data_set_value_component_Clb2_variable_Clb2":0.1527252643,"data_set_value_component_Clb2_variable_epsilon":0.5,"data_set_value_component_Clb2_variable_Jm":10.0,"data_set_value_component_Clb2_variable_ks_clb":0.015,"data_set_value_component_PClb2_variable_PClb2":0.0000029323,"data_set_value_component_Trim_variable_Trim":0.0875855223,"data_set_value_component_PTrim_variable_PTrim":0.0000016882,"data_set_value_component_Mcm_a_variable_Mcm_a":0.9263928619,"data_set_value_component_Mcm_a_variable_Ji_mcm":0.1,"data_set_value_component_Mcm_a_variable_Ja_mcm":0.1,"data_set_value_component_Mcm_a_variable_ki_mcm":0.15,"data_set_value_component_Mcm_a_variable_ka_mcm":1.0,"data_set_value_component_Sic1_variable_Sic1":0.0043274981,"data_set_value_component_Sic1_variable_ks_sic":0.1,"data_set_value_component_Mih1_a_variable_Mih1_a":0.7925386092,"data_set_value_component_Mih1_a_variable_Ji_mih":0.1,"data_set_value_component_Mih1_a_variable_Ja_mih":0.1,"data_set_value_component_Mih1_a_variable_Vi_mih":0.3,"data_set_value_component_Mih1_a_variable_Va_mih":1.0,"data_set_value_component_IE_a_variable_IE_a":0.5197239717,"data_set_value_component_IE_a_variable_Ji_ie":0.01,"data_set_value_component_IE_a_variable_Ja_ie":0.01,"data_set_value_component_IE_a_variable_ki_ie":0.04,"data_set_value_component_IE_a_variable_ka_ie":0.1,"data_set_value_component_Cdc20_a_variable_Cdc20_a":1.4506175882,"data_set_value_component_Cdc20_variable_Cdc20":1.1366312223,"data_set_value_component_Cdc20_variable_ks_cdc20_1":0.005,"data_set_value_component_Cdc20_variable_ks_cdc20_2":0.3,"data_set_value_component_Cdc20_variable_Js_cdc20":0.3,"data_set_value_component_Cdh1_a_variable_Cdh1_a":0.994631121,"data_set_value_component_Cdh1_a_variable_Ji_cdh":0.01,"data_set_value_component_Cdh1_a_variable_Ja_cdh":0.01,"data_set_value_component_Cdh1_a_variable_ki_cdh":35.0,"data_set_value_component_Cdh1_a_variable_ka_cdh_1":1.0,"data_set_value_component_Cdh1_a_variable_ki_cdh_1":2.0,"data_set_value_component_Cdh1_a_variable_ka_cdh_2":10.0,"data_set_value_component_Cln_variable_Cln":0.0544772884,"data_set_value_component_Cln_variable_ks_cln":0.1,"data_set_value_component_Cln_variable_kd_cln":0.1,"data_set_value_component_SBF_a_variable_SBF_a":0.0817350627,"data_set_value_component_SBF_a_variable_Ji_sbf":0.01,"data_set_value_component_SBF_a_variable_Ja_sbf":0.01,"data_set_value_component_SBF_a_variable_ki_sbf_1":1.0,"data_set_value_component_SBF_a_variable_ka_sbf_1":1.0,"data_set_value_component_SBF_a_variable_ki_sbf_2":2.0,"data_set_value_component_SBF_a_variable_ka_sbf_2":0.0,"data_set_value_component_Swe1_variable_Swe1":0.0000414294,"data_set_value_component_Swe1_variable_ks_swe":0.0025,"data_set_value_component_Swe1_variable_ks_sweC":0.0,"data_set_value_component_PSwe1_variable_PSwe1":0.0000149978,"data_set_value_component_Swe1M_variable_Swe1M":0.0193185567,"data_set_value_component_PSwe1M_variable_PSwe1M":0.0115759741,"data_set_value_component_PSwe1M_variable_kd_swe_2":0.05,"data_set_value_component_BE_variable_BE":0.0005400421,"data_set_value_component_BE_variable_ks_bud":0.1,"data_set_value_component_BE_variable_kd_bud":0.1,"data_set_value_component_M_variable_M":0.8024011003,"data_set_value_component_M_variable_mu":0.005,"data_set_value_component_IE_variable_IE":0.4802760283,"data_set_value_component_IE_variable_IE_total":1.0,"data_set_value_component_Cdh1_variable_Cdh1":0.005368879,"data_set_value_component_Cdh1_variable_Cdh1_total":1.0,"data_set_value_component_Mih1_variable_Mih1":0.2074613908,"data_set_value_component_Mih1_variable_Mih1_total":1.0,"data_set_value_component_Mcm_variable_Mcm":0.0736071381,"data_set_value_component_Mcm_variable_Mcm_total":1.0,"data_set_value_component_SBF_variable_SBF":0.9182649373,"data_set_value_component_SBF_variable_SBF_total":1.0,"data_set_value_component_Swe1_total_variable_Swe1_total":0.030950958,"data_set_value_component_BUD_variable_BUD":0.0,"data_set_value_component_kinetic_parameters_variable_Ji_cdc20":0.001,"data_set_value_component_kinetic_parameters_variable_Ja_cdc20":0.001,"data_set_value_component_kinetic_parameters_variable_ki_cdc20":0.25,"data_set_value_component_kinetic_parameters_variable_kd_cdc20":0.1,"data_set_value_component_kinetic_parameters_variable_ka_cdc20":1.0,"data_set_value_component_kinetic_parameters_variable_khsl1":1.0,"data_set_value_component_kinetic_parameters_variable_khsl1r":0.01,"data_set_value_component_kinetic_parameters_variable_kd_swe_1":0.007,"data_set_value_component_kinetic_parameters_variable_Ji_wee":0.05,"data_set_value_component_kinetic_parameters_variable_Ja_wee":0.05,"data_set_value_component_kinetic_parameters_variable_Vi_wee":1.0,"data_set_value_component_kinetic_parameters_variable_Va_wee":0.3,"data_set_value_component_kinetic_parameters_variable_kd_clb_1":0.015,"data_set_value_component_kinetic_parameters_variable_kd_clb_2":1.0,"data_set_value_component_kinetic_parameters_variable_kd_clb_3":0.1,"data_set_value_component_kinetic_parameters_variable_kswe":0.0002790438,"data_set_value_component_kinetic_parameters_variable_kmih":4.0664237416,"data_set_value_component_kinetic_parameters_variable_kass":300.0,"data_set_value_component_kinetic_parameters_variable_kdiss":0.1,"data_set_value_component_kinetic_parameters_variable_kd_sic":0.01,"data_set_value_component_kinetic_parameters_variable_kd_sic_1":1.0,"data_set_value_component_kinetic_parameters_variable_kd_sic_2":3.0,"data_set_value_component_kinetic_parameters_variable_kswe_1":2.0,"data_set_value_component_kinetic_parameters_variable_kswe_2":0.01,"data_set_value_component_kinetic_parameters_variable_kswe_3":0.2,"data_set_value_component_kinetic_parameters_variable_kmih_1":5.0,"data_set_value_component_kinetic_parameters_variable_kmih_2":0.5},{"data_set_value_component_environment_variable_time":0.2,"data_set_value_component_Clb2_variable_Clb2":0.1235904136,"data_set_value_component_Clb2_variable_epsilon":0.5,"data_set_value_component_Clb2_variable_Jm":10.0,"data_set_value_component_Clb2_variable_ks_clb":0.015,"data_set_value_component_PClb2_variable_PClb2":0.0000048525,"data_set_value_component_Trim_variable_Trim":0.0919774085,"data_set_value_component_PTrim_variable_PTrim":0.0000036389,"data_set_value_component_Mcm_a_variable_Mcm_a":0.9188664414,"data_set_value_component_Mcm_a_variable_Ji_mcm":0.1,"data_set_value_component_Mcm_a_variable_Ja_mcm":0.1,"data_set_value_component_Mcm_a_variable_ki_mcm":0.15,"data_set_value_component_Mcm_a_variable_ka_mcm":1.0,"data_set_value_component_Sic1_variable_Sic1":0.0054117515,"data_set_value_component_Sic1_variable_ks_sic":0.1,"data_set_value_component_Mih1_a_variable_Mih1_a":0.7753547089,"data_set_value_component_Mih1_a_variable_Ji_mih":0.1,"data_set_value_component_Mih1_a_variable_Ja_mih":0.1,"data_set_value_component_Mih1_a_variable_Vi_mih":0.3,"data_set_value_component_Mih1_a_variable_Va_mih":1.0,"data_set_value_component_IE_a_variable_IE_a":0.5171510423,"data_set_value_component_IE_a_variable_Ji_ie":0.01,"data_set_value_component_IE_a_variable_Ja_ie":0.01,"data_set_value_component_IE_a_variable_ki_ie":0.04,"data_set_value_component_IE_a_variable_ka_ie":0.1,"data_set_value_component_Cdc20_a_variable_Cdc20_a":1.4628668116,"data_set_value_component_Cdc20_variable_Cdc20":1.1004363806,"data_set_value_component_Cdc20_variable_ks_cdc20_1":0.005,"data_set_value_component_Cdc20_variable_ks_cdc20_2":0.3,"data_set_value_component_Cdc20_variable_Js_cdc20":0.3,"data_set_value_component_Cdh1_a_variable_Cdh1_a":0.9960776251,"data_set_value_component_Cdh1_a_variable_Ji_cdh":0.01,"data_set_value_component_Cdh1_a_variable_Ja_cdh":0.01,"data_set_value_component_Cdh1_a_variable_ki_cdh":35.0,"data_set_value_component_Cdh1_a_variable_ka_cdh_1":1.0,"data_set_value_component_Cdh1_a_variable_ki_cdh_1":2.0,"data_set_value_component_Cdh1_a_variable_ka_cdh_2":10.0,"data_set_value_component_Cln_variable_Cln":0.0545839118,"data_set_value_component_Cln_variable_ks_cln":0.1,"data_set_value_component_Cln_variable_kd_cln":0.1,"data_set_value_component_SBF_a_variable_SBF_a":0.0507352141,"data_set_value_component_SBF_a_variable_Ji_sbf":0.01,"data_set_value_component_SBF_a_variable_Ja_sbf":0.01,"data_set_value_component_SBF_a_variable_ki_sbf_1":1.0,"data_set_value_component_SBF_a_variable_ka_sbf_1":1.0,"data_set_value_component_SBF_a_variable_ki_sbf_2":2.0,"data_set_value_component_SBF_a_variable_ka_sbf_2":0.0,"data_set_value_component_Swe1_variable_Swe1":0.0000749723,"data_set_value_component_Swe1_variable_ks_swe":0.0025,"data_set_value_component_Swe1_variable_ks_sweC":0.0,"data_set_value_component_PSwe1_variable_PSwe1":0.0000285476,"data_set_value_component_Swe1M_variable_Swe1M":0.02069176,"data_set_value_component_PSwe1M_variable_PSwe1M":0.010103712,"data_set_value_component_PSwe1M_variable_kd_swe_2":0.05,"data_set_value_component_BE_variable_BE":0.0010775167,"data_set_value_component_BE_variable_ks_bud":0.1,"data_set_value_component_BE_variable_kd_bud":0.1,"data_set_value_component_M_variable_M":0.8028024011,"data_set_value_component_M_variable_mu":0.005,"data_set_value_component_IE_variable_IE":0.4828489577,"data_set_value_component_IE_variable_IE_total":1.0,"data_set_value_component_Cdh1_variable_Cdh1":0.0039223749,"data_set_value_component_Cdh1_variable_Cdh1_total":1.0,"data_set_value_component_Mih1_variable_Mih1":0.2246452911,"data_set_value_component_Mih1_variable_Mih1_total":1.0,"data_set_value_component_Mcm_variable_Mcm":0.0811335586,"data_set_value_component_Mcm_variable_Mcm_total":1.0,"data_set_value_component_SBF_variable_SBF":0.9492647859,"data_set_value_component_SBF_variable_SBF_total":1.0,"data_set_value_component_Swe1_total_variable_Swe1_total":0.0308989919,"data_set_value_component_BUD_variable_BUD":0.0,"data_set_value_component_kinetic_parameters_variable_Ji_cdc20":0.001,"data_set_value_component_kinetic_parameters_variable_Ja_cdc20":0.001,"data_set_value_component_kinetic_parameters_variable_ki_cdc20":0.25,"data_set_value_component_kinetic_parameters_variable_kd_cdc20":0.1,"data_set_value_component_kinetic_parameters_variable_ka_cdc20":1.0,"data_set_value_component_kinetic_parameters_variable_khsl1":1.0,"data_set_value_component_kinetic_parameters_variable_khsl1r":0.01,"data_set_value_component_kinetic_parameters_variable_kd_swe_1":0.007,"data_set_value_component_kinetic_parameters_variable_Ji_wee":0.05,"data_set_value_component_kinetic_parameters_variable_Ja_wee":0.05,"data_set_value_component_kinetic_parameters_variable_Vi_wee":1.0,"data_set_value_component_kinetic_parameters_variable_Va_wee":0.3,"data_set_value_component_kinetic_parameters_variable_kd_clb_1":0.015,"data_set_value_component_kinetic_parameters_variable_kd_clb_2":1.0,"data_set_value_component_kinetic_parameters_variable_kd_clb_3":0.1,"data_set_value_component_kinetic_parameters_variable_kswe":0.0003625716,"data_set_value_component_kinetic_parameters_variable_kmih":3.98909619,"data_set_value_component_kinetic_parameters_variable_kass":300.0,"data_set_value_component_kinetic_parameters_variable_kdiss":0.1,"data_set_value_component_kinetic_parameters_variable_kd_sic":0.01,"data_set_value_component_kinetic_parameters_variable_kd_sic_1":1.0,"data_set_value_component_kinetic_parameters_variable_kd_sic_2":3.0,"data_set_value_component_kinetic_parameters_variable_kswe_1":2.0,"data_set_value_component_kinetic_parameters_variable_kswe_2":0.01,"data_set_value_component_kinetic_parameters_variable_kswe_3":0.2,"data_set_value_component_kinetic_parameters_variable_kmih_1":5.0,"data_set_value_component_kinetic_parameters_variable_kmih_2":0.5},{"data_set_value_component_environment_variable_time":0.3,"data_set_value_component_Clb2_variable_Clb2":0.0969601679,"data_set_value_component_Clb2_variable_epsilon":0.5,"data_set_value_component_Clb2_variable_Jm":10.0,"data_set_value_component_Clb2_variable_ks_clb":0.015,"data_set_value_component_PClb2_variable_PClb2":0.000005754,"data_set_value_component_Trim_variable_Trim":0.0965112195,"data_set_value_component_PTrim_variable_PTrim":0.0000057951,"data_set_value_component_Mcm_a_variable_Mcm_a":0.910404659,"data_set_value_component_Mcm_a_variable_Ji_mcm":0.1,"data_set_value_component_Mcm_a_variable_Ja_mcm":0.1,"data_set_value_component_Mcm_a_variable_ki_mcm":0.15,"data_set_value_component_Mcm_a_variable_ka_mcm":1.0,"data_set_value_component_Sic1_variable_Sic1":0.0069179405,"data_set_value_component_Sic1_variable_ks_sic":0.1,"data_set_value_component_Mih1_a_variable_Mih1_a":0.7565249123,"data_set_value_component_Mih1_a_variable_Ji_mih":0.1,"data_set_value_component_Mih1_a_variable_Ja_mih":0.1,"data_set_value_component_Mih1_a_variable_Vi_mih":0.3,"data_set_value_component_Mih1_a_variable_Va_mih":1.0,"data_set_value_component_IE_a_variable_IE_a":0.5143055522,"data_set_value_component_IE_a_variable_Ji_ie":0.01,"data_set_value_component_IE_a_variable_Ja_ie":0.01,"data_set_value_component_IE_a_variable_ki_ie":0.04,"data_set_value_component_IE_a_variable_ka_ie":0.1,"data_set_value_component_Cdc20_a_variable_Cdc20_a":1.4747229214,"data_set_value_component_Cdc20_variable_Cdc20":1.0641177599,"data_set_value_component_Cdc20_variable_ks_cdc20_1":0.005,"data_set_value_component_Cdc20_variable_ks_cdc20_2":0.3,"data_set_value_component_Cdc20_variable_Js_cdc20":0.3,"data_set_value_component_Cdh1_a_variable_Cdh1_a":0.9971660774,"data_set_value_component_Cdh1_a_variable_Ji_cdh":0.01,"data_set_value_component_Cdh1_a_variable_Ja_cdh":0.01,"data_set_value_component_Cdh1_a_variable_ki_cdh":35.0,"data_set_value_component_Cdh1_a_variable_ka_cdh_1":1.0,"data_set_value_component_Cdh1_a_variable_ki_cdh_1":2.0,"data_set_value_component_Cdh1_a_variable_ka_cdh_2":10.0,"data_set_value_component_Cln_variable_Cln":0.0544442175,"data_set_value_component_Cln_variable_ks_cln":0.1,"data_set_value_component_Cln_variable_kd_cln":0.1,"data_set_value_component_SBF_a_variable_SBF_a":0.0325516674,"data_set_value_component_SBF_a_variable_Ji_sbf":0.01,"data_set_value_component_SBF_a_variable_Ja_sbf":0.01,"data_set_value_component_SBF_a_variable_ki_sbf_1":1.0,"data_set_value_component_SBF_a_variable_ka_sbf_1":1.0,"data_set_value_component_SBF_a_variable_ki_sbf_2":2.0,"data_set_value_component_SBF_a_variable_ka_sbf_2":0.0,"data_set_value_component_Swe1_variable_Swe1":0.0001066985,"data_set_value_component_Swe1_variable_ks_swe":0.0025,"data_set_value_component_Swe1_variable_ks_sweC":0.0,"data_set_value_component_PSwe1_variable_PSwe1":0.000037623,"data_set_value_component_Swe1M_variable_Swe1M":0.0220894235,"data_set_value_component_PSwe1M_variable_PSwe1M":0.0086135325,"data_set_value_component_PSwe1M_variable_kd_swe_2":0.05,"data_set_value_component_BE_variable_BE":0.0016093684,"data_set_value_component_BE_variable_ks_bud":0.1,"data_set_value_component_BE_variable_kd_bud":0.1,"data_set_value_component_M_variable_M":0.8032039027,"data_set_value_component_M_variable_mu":0.005,"data_set_value_component_IE_variable_IE":0.4856944478,"data_set_value_component_IE_variable_IE_total":1.0,"data_set_value_component_Cdh1_variable_Cdh1":0.0028339226,"data_set_value_component_Cdh1_variable_Cdh1_total":1.0,"data_set_value_component_Mih1_variable_Mih1":0.2434750877,"data_set_value_component_Mih1_variable_Mih1_total":1.0,"data_set_value_component_Mcm_variable_Mcm":0.089595341,"data_set_value_component_Mcm_variable_Mcm_total":1.0,"data_set_value_component_SBF_variable_SBF":0.9674483326,"data_set_value_component_SBF_variable_SBF_total":1.0,"data_set_value_component_Swe1_total_variable_Swe1_total":0.0308472775,"data_set_value_component_BUD_variable_BUD":0.0,"data_set_value_component_kinetic_parameters_variable_Ji_cdc20":0.001,"data_set_value_component_kinetic_parameters_variable_Ja_cdc20":0.001,"data_set_value_component_kinetic_parameters_variable_ki_cdc20":0.25,"data_set_value_component_kinetic_parameters_variable_kd_cdc20":0.1,"data_set_value_component_kinetic_parameters_variable_ka_cdc20":1.0,"data_set_value_component_kinetic_parameters_variable_khsl1":1.0,"data_set_value_component_kinetic_parameters_variable_khsl1r":0.01,"data_set_value_component_kinetic_parameters_variable_kd_swe_1":0.007,"data_set_value_component_kinetic_parameters_variable_Ji_wee":0.05,"data_set_value_component_kinetic_parameters_variable_Ja_wee":0.05,"data_set_value_component_kinetic_parameters_variable_Vi_wee":1.0,"data_set_value_component_kinetic_parameters_variable_Va_wee":0.3,"data_set_value_component_kinetic_parameters_variable_kd_clb_1":0.015,"data_set_value_component_kinetic_parameters_variable_kd_clb_2":1.0,"data_set_value_component_kinetic_parameters_variable_kd_clb_3":0.1,"data_set_value_component_kinetic_parameters_variable_kswe":0.0004418158,"data_set_value_component_kinetic_parameters_variable_kmih":3.9043621054,"data_set_value_component_kinetic_parameters_variable_kass":300.0,"data_set_value_component_kinetic_parameters_variable_kdiss":0.1,"data_set_value_component_kinetic_parameters_variable_kd_sic":0.01,"data_set_value_component_kinetic_parameters_variable_kd_sic_1":1.0,"data_set_value_component_kinetic_parameters_variable_kd_sic_2":3.0,"data_set_value_component_kinetic_parameters_variable_kswe_1":2.0,"data_set_value_component_kinetic_parameters_variable_kswe_2":0.01,"data_set_value_component_kinetic_parameters_variable_kswe_3":0.2,"data_set_value_component_kinetic_parameters_variable_kmih_1":5.0,"data_set_value_component_kinetic_parameters_variable_kmih_2":0.5},{"data_set_value_component_environment_variable_time":0.4,"data_set_value_component_Clb2_variable_Clb2":0.0728029099,"data_set_value_component_Clb2_variable_epsilon":0.5,"data_set_value_component_Clb2_variable_Jm":10.0,"data_set_value_component_Clb2_variable_ks_clb":0.015,"data_set_value_component_PClb2_variable_PClb2":0.00000579,"data_set_value_component_Trim_variable_Trim":0.1009441116,"data_set_value_component_PTrim_variable_PTrim":0.0000081658,"data_set_value_component_Mcm_a_variable_Mcm_a":0.9009978029,"data_set_value_component_Mcm_a_variable_Ji_mcm":0.1,"data_set_value_component_Mcm_a_variable_Ja_mcm":0.1,"data_set_value_component_Mcm_a_variable_ki_mcm":0.15,"data_set_value_component_Mcm_a_variable_ka_mcm":1.0,"data_set_value_component_Sic1_variable_Sic1":0.009090292,"data_set_value_component_Sic1_variable_ks_sic":0.1,"data_set_value_component_Mih1_a_variable_Mih1_a":0.736137594,"data_set_value_component_Mih1_a_variable_Ji_mih":0.1,"data_set_value_component_Mih1_a_variable_Ja_mih":0.1,"data_set_value_component_Mih1_a_variable_Vi_mih":0.3,"data_set_value_component_Mih1_a_variable_Va_mih":1.0,"data_set_value_component_IE_a_variable_IE_a":0.511211759,"data_set_value_component_IE_a_variable_Ji_ie":0.01,"data_set_value_component_IE_a_variable_Ja_ie":0.01,"data_set_value_component_IE_a_variable_ki_ie":0.04,"data_set_value_component_IE_a_variable_ka_ie":0.1,"data_set_value_component_Cdc20_a_variable_Cdc20_a":1.4861638657,"data_set_value_component_Cdc20_variable_Cdc20":1.0281079848,"data_set_value_component_Cdc20_variable_ks_cdc20_1":0.005,"data_set_value_component_Cdc20_variable_ks_cdc20_2":0.3,"data_set_value_component_Cdc20_variable_Js_cdc20":0.3,"data_set_value_component_Cdh1_a_variable_Cdh1_a":0.9980055365,"data_set_value_component_Cdh1_a_variable_Ji_cdh":0.01,"data_set_value_component_Cdh1_a_variable_Ja_cdh":0.01,"data_set_value_component_Cdh1_a_variable_ki_cdh":35.0,"data_set_value_component_Cdh1_a_variable_ka_cdh_1":1.0,"data_set_value_component_Cdh1_a_variable_ki_cdh_1":2.0,"data_set_value_component_Cdh1_a_variable_ka_cdh_2":10.0,"data_set_value_component_Cln_variable_Cln":0.0541847008,"data_set_value_component_Cln_variable_ks_cln":0.1,"data_set_value_component_Cln_variable_kd_cln":0.1,"data_set_value_component_SBF_a_variable_SBF_a":0.0256777694,"data_set_value_component_SBF_a_variable_Ji_sbf":0.01,"data_set_value_component_SBF_a_variable_Ja_sbf":0.01,"data_set_value_component_SBF_a_variable_ki_sbf_1":1.0,"data_set_value_component_SBF_a_variable_ka_sbf_1":1.0,"data_set_value_component_SBF_a_variable_ki_sbf_2":2.0,"data_set_value_component_SBF_a_variable_ka_sbf_2":0.0,"data_set_value_component_Swe1_variable_Swe1":0.0001399299,"data_set_value_component_Swe1_variable_ks_swe":0.0025,"data_set_value_component_Swe1_variable_ks_sweC":0.0,"data_set_value_component_PSwe1_variable_PSwe1":0.0000420288,"data_set_value_component_Swe1M_variable_Swe1M":0.023482024,"data_set_value_component_PSwe1M_variable_PSwe1M":0.0071349612,"data_set_value_component_PSwe1M_variable_kd_swe_2":0.05,"data_set_value_component_BE_variable_BE":0.0021338447,"data_set_value_component_BE_variable_ks_bud":0.1,"data_set_value_component_BE_variable_kd_bud":0.1,"data_set_value_component_M_variable_M":0.8036056051,"data_set_value_component_M_variable_mu":0.005,"data_set_value_component_IE_variable_IE":0.488788241,"data_set_value_component_IE_variable_IE_total":1.0,"data_set_value_component_Cdh1_variable_Cdh1":0.0019944635,"data_set_value_component_Cdh1_variable_Cdh1_total":1.0,"data_set_value_component_Mih1_variable_Mih1":0.263862406,"data_set_value_component_Mih1_variable_Mih1_total":1.0,"data_set_value_component_Mcm_variable_Mcm":0.0990021971,"data_set_value_component_Mcm_variable_Mcm_total":1.0,"data_set_value_component_SBF_variable_SBF":0.9743222306,"data_set_value_component_SBF_variable_SBF_total":1.0,"data_set_value_component_Swe1_total_variable_Swe1_total":0.0307989439,"data_set_value_component_BUD_variable_BUD":0.0,"data_set_value_component_kinetic_parameters_variable_Ji_cdc20":0.001,"data_set_value_component_kinetic_parameters_variable_Ja_cdc20":0.001,"data_set_value_component_kinetic_parameters_variable_ki_cdc20":0.25,"data_set_value_component_kinetic_parameters_variable_kd_cdc20":0.1,"data_set_value_component_kinetic_parameters_variable_ka_cdc20":1.0,"data_set_value_component_kinetic_parameters_variable_khsl1":1.0,"data_set_value_component_kinetic_parameters_variable_khsl1r":0.01,"data_set_value_component_kinetic_parameters_variable_kd_swe_1":0.007,"data_set_value_component_kinetic_parameters_variable_Ji_wee":0.05,"data_set_value_component_kinetic_parameters_variable_Ja_wee":0.05,"data_set_value_component_kinetic_parameters_variable_Vi_wee":1.0,"data_set_value_component_kinetic_parameters_variable_Va_wee":0.3,"data_set_value_component_kinetic_parameters_variable_kd_clb_1":0.015,"data_set_value_component_kinetic_parameters_variable_kd_clb_2":1.0,"data_set_value_component_kinetic_parameters_variable_kd_clb_3":0.1,"data_set_value_component_kinetic_parameters_variable_kswe":0.0005230857,"data_set_value_component_kinetic_parameters_variable_kmih":3.8126191728,"data_set_value_component_kinetic_parameters_variable_kass":300.0,"data_set_value_component_kinetic_parameters_variable_kdiss":0.1,"data_set_value_component_kinetic_parameters_variable_kd_sic":0.01,"data_set_value_component_kinetic_parameters_variable_kd_sic_1":1.0,"data_set_value_component_kinetic_parameters_variable_kd_sic_2":3.0,"data_set_value_component_kinetic_parameters_variable_kswe_1":2.0,"data_set_value_component_kinetic_parameters_variable_kswe_2":0.01,"data_set_value_component_kinetic_parameters_variable_kswe_3":0.2,"data_set_value_component_kinetic_parameters_variable_kmih_1":5.0,"data_set_value_component_kinetic_parameters_variable_kmih_2":0.5},{"data_set_value_component_environment_variable_time":0.5,"data_set_value_component_Clb2_variable_Clb2":0.0512848008,"data_set_value_component_Clb2_variable_epsilon":0.5,"data_set_value_component_Clb2_variable_Jm":10.0,"data_set_value_component_Clb2_variable_ks_clb":0.015,"data_set_value_component_PClb2_variable_PClb2":0.000005136,"data_set_value_component_Trim_variable_Trim":0.1048607947,"data_set_value_component_PTrim_variable_PTrim":0.000010763,"data_set_value_component_Mcm_a_variable_Mcm_a":0.8906514244,"data_set_value_component_Mcm_a_variable_Ji_mcm":0.1,"data_set_value_component_Mcm_a_variable_Ja_mcm":0.1,"data_set_value_component_Mcm_a_variable_ki_mcm":0.15,"data_set_value_component_Mcm_a_variable_ka_mcm":1.0,"data_set_value_component_Sic1_variable_Sic1":0.0123413854,"data_set_value_component_Sic1_variable_ks_sic":0.1,"data_set_value_component_Mih1_a_variable_Mih1_a":0.7143006786,"data_set_value_component_Mih1_a_variable_Ji_mih":0.1,"data_set_value_component_Mih1_a_variable_Ja_mih":0.1,"data_set_value_component_Mih1_a_variable_Vi_mih":0.3,"data_set_value_component_Mih1_a_variable_Va_mih":1.0,"data_set_value_component_IE_a_variable_IE_a":0.5078944895,"data_set_value_component_IE_a_variable_Ji_ie":0.01,"data_set_value_component_IE_a_variable_Ja_ie":0.01,"data_set_value_component_IE_a_variable_ki_ie":0.04,"data_set_value_component_IE_a_variable_ka_ie":0.1,"data_set_value_component_Cdc20_a_variable_Cdc20_a":1.4971702487,"data_set_value_component_Cdc20_variable_Cdc20":0.9926385778,"data_set_value_component_Cdc20_variable_ks_cdc20_1":0.005,"data_set_value_component_Cdc20_variable_ks_cdc20_2":0.3,"data_set_value_component_Cdc20_variable_Js_cdc20":0.3,"data_set_value_component_Cdh1_a_variable_Cdh1_a":0.998655624,"data_set_value_component_Cdh1_a_variable_Ji_cdh":0.01,"data_set_value_component_Cdh1_a_variable_Ja_cdh":0.01,"data_set_value_component_Cdh1_a_variable_ki_cdh":35.0,"data_set_value_component_Cdh1_a_variable_ka_cdh_1":1.0,"data_set_value_component_Cdh1_a_variable_ki_cdh_1":2.0,"data_set_value_component_Cdh1_a_variable_ka_cdh_2":10.0,"data_set_value_component_Cln_variable_Cln":0.0538944569,"data_set_value_component_Cln_variable_ks_cln":0.1,"data_set_value_component_Cln_variable_kd_cln":0.1,"data_set_value_component_SBF_a_variable_SBF_a":0.024969869,"data_set_value_component_SBF_a_variable_Ji_sbf":0.01,"data_set_value_component_SBF_a_variable_Ja_sbf":0.01,"data_set_value_component_SBF_a_variable_ki_sbf_1":1.0,"data_set_value_component_SBF_a_variable_ka_sbf_1":1.0,"data_set_value_component_SBF_a_variable_ki_sbf_2":2.0,"data_set_value_component_SBF_a_variable_ka_sbf_2":0.0,"data_set_value_component_Swe1_variable_Swe1":0.0001763776,"data_set_value_component_Swe1_variable_ks_swe":0.0025,"data_set_value_component_Swe1_variable_ks_sweC":0.0,"data_set_value_component_PSwe1_variable_PSwe1":0.0000422714,"data_set_value_component_Swe1M_variable_Swe1M":0.0248379314,"data_set_value_component_PSwe1M_variable_PSwe1M":0.0056995011,"data_set_value_component_PSwe1M_variable_kd_swe_2":0.05,"data_set_value_component_BE_variable_BE":0.0026503159,"data_set_value_component_BE_variable_ks_bud":0.1,"data_set_value_component_BE_variable_kd_bud":0.1,"data_set_value_component_M_variable_M":0.8040075083,"data_set_value_component_M_variable_mu":0.005,"data_set_value_component_IE_variable_IE":0.4921055105,"data_set_value_component_IE_variable_IE_total":1.0,"data_set_value_component_Cdh1_variable_Cdh1":0.001344376,"data_set_value_component_Cdh1_variable_Cdh1_total":1.0,"data_set_value_component_Mih1_variable_Mih1":0.2856993214,"data_set_value_component_Mih1_variable_Mih1_total":1.0,"data_set_value_component_Mcm_variable_Mcm":0.1093485756,"data_set_value_component_Mcm_variable_Mcm_total":1.0,"data_set_value_component_SBF_variable_SBF":0.975030131,"data_set_value_component_SBF_variable_SBF_total":1.0,"data_set_value_component_Swe1_total_variable_Swe1_total":0.0307560815,"data_set_value_component_BUD_variable_BUD":0.0,"data_set_value_component_kinetic_parameters_variable_Ji_cdc20":0.001,"data_set_value_component_kinetic_parameters_variable_Ja_cdc20":0.001,"data_set_value_component_kinetic_parameters_variable_ki_cdc20":0.25,"data_set_value_component_kinetic_parameters_variable_kd_cdc20":0.1,"data_set_value_component_kinetic_parameters_variable_ka_cdc20":1.0,"data_set_value_component_kinetic_parameters_variable_khsl1":1.0,"data_set_value_component_kinetic_parameters_variable_khsl1r":0.01,"data_set_value_component_kinetic_parameters_variable_kd_swe_1":0.007,"data_set_value_component_kinetic_parameters_variable_Ji_wee":0.05,"data_set_value_component_kinetic_parameters_variable_Ja_wee":0.05,"data_set_value_component_kinetic_parameters_variable_Vi_wee":1.0,"data_set_value_component_kinetic_parameters_variable_Va_wee":0.3,"data_set_value_component_kinetic_parameters_variable_kd_clb_1":0.015,"data_set_value_component_kinetic_parameters_variable_kd_clb_2":1.0,"data_set_value_component_kinetic_parameters_variable_kd_clb_3":0.1,"data_set_value_component_kinetic_parameters_variable_kswe":0.0006095888,"data_set_value_component_kinetic_parameters_variable_kmih":3.7143530536,"data_set_value_component_kinetic_parameters_variable_kass":300.0,"data_set_value_component_kinetic_parameters_variable_kdiss":0.1,"data_set_value_component_kinetic_parameters_variable_kd_sic":0.01,"data_set_value_component_kinetic_parameters_variable_kd_sic_1":1.0,"data_set_value_component_kinetic_parameters_variable_kd_sic_2":3.0,"data_set_value_component_kinetic_parameters_variable_kswe_1":2.0,"data_set_value_component_kinetic_parameters_variable_kswe_2":0.01,"data_set_value_component_kinetic_parameters_variable_kswe_3":0.2,"data_set_value_component_kinetic_parameters_variable_kmih_1":5.0,"data_set_value_component_kinetic_parameters_variable_kmih_2":0.5},{"data_set_value_component_environment_variable_time":0.6,"data_set_value_component_Clb2_variable_Clb2":0.0328825952,"data_set_value_component_Clb2_variable_epsilon":0.5,"data_set_value_component_Clb2_variable_Jm":10.0,"data_set_value_component_Clb2_variable_ks_clb":0.015,"data_set_value_component_PClb2_variable_PClb2":0.0000039863,"data_set_value_component_Trim_variable_Trim":0.1075596241,"data_set_value_component_PTrim_variable_PTrim":0.0000135332,"data_set_value_component_Mcm_a_variable_Mcm_a":0.8794045545,"data_set_value_component_Mcm_a_variable_Ji_mcm":0.1,"data_set_value_component_Mcm_a_variable_Ja_mcm":0.1,"data_set_value_component_Mcm_a_variable_ki_mcm":0.15,"data_set_value_component_Mcm_a_variable_ka_mcm":1.0,"data_set_value_component_Sic1_variable_Sic1":0.0173543161,"data_set_value_component_Sic1_variable_ks_sic":0.1,"data_set_value_component_Mih1_a_variable_Mih1_a":0.6911622821,"data_set_value_component_Mih1_a_variable_Ji_mih":0.1,"data_set_value_component_Mih1_a_variable_Ja_mih":0.1,"data_set_value_component_Mih1_a_variable_Vi_mih":0.3,"data_set_value_component_Mih1_a_variable_Va_mih":1.0,"data_set_value_component_IE_a_variable_IE_a":0.5043816317,"data_set_value_component_IE_a_variable_Ji_ie":0.01,"data_set_value_component_IE_a_variable_Ja_ie":0.01,"data_set_value_component_IE_a_variable_ki_ie":0.04,"data_set_value_component_IE_a_variable_ka_ie":0.1,"data_set_value_component_Cdc20_a_variable_Cdc20_a":1.5077254671,"data_set_value_component_Cdc20_variable_Cdc20":0.9578191735,"data_set_value_component_Cdc20_variable_ks_cdc20_1":0.005,"data_set_value_component_Cdc20_variable_ks_cdc20_2":0.3,"data_set_value_component_Cdc20_variable_Js_cdc20":0.3,"data_set_value_component_Cdh1_a_variable_Cdh1_a":0.9991570232,"data_set_value_component_Cdh1_a_variable_Ji_cdh":0.01,"data_set_value_component_Cdh1_a_variable_Ja_cdh":0.01,"data_set_value_component_Cdh1_a_variable_ki_cdh":35.0,"data_set_value_component_Cdh1_a_variable_ka_cdh_1":1.0,"data_set_value_component_Cdh1_a_variable_ki_cdh_1":2.0,"data_set_value_component_Cdh1_a_variable_ka_cdh_2":10.0,"data_set_value_component_Cln_variable_Cln":0.0536136921,"data_set_value_component_Cln_variable_ks_cln":0.1,"data_set_value_component_Cln_variable_kd_cln":0.1,"data_set_value_component_SBF_a_variable_SBF_a":0.0265973686,"data_set_value_component_SBF_a_variable_Ji_sbf":0.01,"data_set_value_component_SBF_a_variable_Ja_sbf":0.01,"data_set_value_component_SBF_a_variable_ki_sbf_1":1.0,"data_set_value_component_SBF_a_variable_ka_sbf_1":1.0,"data_set_value_component_SBF_a_variable_ki_sbf_2":2.0,"data_set_value_component_SBF_a_variable_ka_sbf_2":0.0,"data_set_value_component_Swe1_variable_Swe1":0.0002164476,"data_set_value_component_Swe1_variable_ks_swe":0.0025,"data_set_value_component_Swe1_variable_ks_sweC":0.0,"data_set_value_component_PSwe1_variable_PSwe1":0.0000389547,"data_set_value_component_Swe1M_variable_Swe1M":0.0261181263,"data_set_value_component_PSwe1M_variable_PSwe1M":0.0043458957,"data_set_value_component_PSwe1M_variable_kd_swe_2":0.05,"data_set_value_component_BE_variable_BE":0.0031587884,"data_set_value_component_BE_variable_ks_bud":0.1,"data_set_value_component_BE_variable_kd_bud":0.1,"data_set_value_component_M_variable_M":0.8044096126,"data_set_value_component_M_variable_mu":0.005,"data_set_value_component_IE_variable_IE":0.4956183683,"data_set_value_component_IE_variable_IE_total":1.0,"data_set_value_component_Cdh1_variable_Cdh1":0.0008429768,"data_set_value_component_Cdh1_variable_Cdh1_total":1.0,"data_set_value_component_Mih1_variable_Mih1":0.3088377179,"data_set_value_component_Mih1_variable_Mih1_total":1.0,"data_set_value_component_Mcm_variable_Mcm":0.1205954455,"data_set_value_component_Mcm_variable_Mcm_total":1.0,"data_set_value_component_SBF_variable_SBF":0.9734026314,"data_set_value_component_SBF_variable_SBF_total":1.0,"data_set_value_component_Swe1_total_variable_Swe1_total":0.0307194243,"data_set_value_component_BUD_variable_BUD":0.0,"data_set_value_component_kinetic_parameters_variable_Ji_cdc20":0.001,"data_set_value_component_kinetic_parameters_variable_Ja_cdc20":0.001,"data_set_value_component_kinetic_parameters_variable_ki_cdc20":0.25,"data_set_value_component_kinetic_parameters_variable_kd_cdc20":0.1,"data_set_value_component_kinetic_parameters_variable_ka_cdc20":1.0,"data_set_value_component_kinetic_parameters_variable_khsl1":1.0,"data_set_value_component_kinetic_parameters_variable_khsl1r":0.01,"data_set_value_component_kinetic_parameters_variable_kd_swe_1":0.007,"data_set_value_component_kinetic_parameters_variable_Ji_wee":0.05,"data_set_value_component_kinetic_parameters_variable_Ja_wee":0.05,"data_set_value_component_kinetic_parameters_variable_Vi_wee":1.0,"data_set_value_component_kinetic_parameters_variable_Va_wee":0.3,"data_set_value_component_kinetic_parameters_variable_kd_clb_1":0.015,"data_set_value_component_kinetic_parameters_variable_kd_clb_2":1.0,"data_set_value_component_kinetic_parameters_variable_kd_clb_3":0.1,"data_set_value_component_kinetic_parameters_variable_kswe":0.0007018674,"data_set_value_component_kinetic_parameters_variable_kmih":3.6102302694,"data_set_value_component_kinetic_parameters_variable_kass":300.0,"data_set_value_component_kinetic_parameters_variable_kdiss":0.1,"data_set_value_component_kinetic_parameters_variable_kd_sic":0.01,"data_set_value_component_kinetic_parameters_variable_kd_sic_1":1.0,"data_set_value_component_kinetic_parameters_variable_kd_sic_2":3.0,"data_set_value_component_kinetic_parameters_variable_kswe_1":2.0,"data_set_value_component_kinetic_parameters_variable_kswe_2":0.01,"data_set_value_component_kinetic_parameters_variable_kswe_3":0.2,"data_set_value_component_kinetic_parameters_variable_kmih_1":5.0,"data_set_value_component_kinetic_parameters_variable_kmih_2":0.5},{"data_set_value_component_environment_variable_time":0.7,"data_set_value_component_Clb2_variable_Clb2":0.0184326011,"data_set_value_component_Clb2_variable_epsilon":0.5,"data_set_value_component_Clb2_variable_Jm":10.0,"data_set_value_component_Clb2_variable_ks_clb":0.015,"data_set_value_component_PClb2_variable_PClb2":0.0000026147,"data_set_value_component_Trim_variable_Trim":0.1080020533,"data_set_value_component_PTrim_variable_PTrim":0.0000162858,"data_set_value_component_Mcm_a_variable_Mcm_a":0.867355021,"data_set_value_component_Mcm_a_variable_Ji_mcm":0.1,"data_set_value_component_Mcm_a_variable_Ja_mcm":0.1,"data_set_value_component_Mcm_a_variable_ki_mcm":0.15,"data_set_value_component_Mcm_a_variable_ka_mcm":1.0,"data_set_value_component_Sic1_variable_Sic1":0.0251146498,"data_set_value_component_Sic1_variable_ks_sic":0.1,"data_set_value_component_Mih1_a_variable_Mih1_a":0.6669391531,"data_set_value_component_Mih1_a_variable_Ji_mih":0.1,"data_set_value_component_Mih1_a_variable_Ja_mih":0.1,"data_set_value_component_Mih1_a_variable_Vi_mih":0.3,"data_set_value_component_Mih1_a_variable_Va_mih":1.0,"data_set_value_component_IE_a_variable_IE_a":0.5007075629,"data_set_value_component_IE_a_variable_Ji_ie":0.01,"data_set_value_component_IE_a_variable_Ja_ie":0.01,"data_set_value_component_IE_a_variable_ki_ie":0.04,"data_set_value_component_IE_a_variable_ka_ie":0.1,"data_set_value_component_Cdc20_a_variable_Cdc20_a":1.5178161487,"data_set_value_component_Cdc20_variable_Cdc20":0.9236951699,"data_set_value_component_Cdc20_variable_ks_cdc20_1":0.005,"data_set_value_component_Cdc20_variable_ks_cdc20_2":0.3,"data_set_value_component_Cdc20_variable_Js_cdc20":0.3,"data_set_value_component_Cdh1_a_variable_Cdh1_a":0.9995157464,"data_set_value_component_Cdh1_a_variable_Ji_cdh":0.01,"data_set_value_component_Cdh1_a_variable_Ja_cdh":0.01,"data_set_value_component_Cdh1_a_variable_ki_cdh":35.0,"data_set_value_component_Cdh1_a_variable_ka_cdh_1":1.0,"data_set_value_component_Cdh1_a_variable_ki_cdh_1":2.0,"data_set_value_component_Cdh1_a_variable_ka_cdh_2":10.0,"data_set_value_component_Cln_variable_Cln":0.053356577,"data_set_value_component_Cln_variable_ks_cln":0.1,"data_set_value_component_Cln_variable_kd_cln":0.1,"data_set_value_component_SBF_a_variable_SBF_a":0.0290094458,"data_set_value_component_SBF_a_variable_Ji_sbf":0.01,"data_set_value_component_SBF_a_variable_Ja_sbf":0.01,"data_set_value_component_SBF_a_variable_ki_sbf_1":1.0,"data_set_value_component_SBF_a_variable_ka_sbf_1":1.0,"data_set_value_component_SBF_a_variable_ki_sbf_2":2.0,"data_set_value_component_SBF_a_variable_ka_sbf_2":0.0,"data_set_value_component_Swe1_variable_Swe1":0.0002597077,"data_set_value_component_Swe1_variable_ks_swe":0.0025,"data_set_value_component_Swe1_variable_ks_sweC":0.0,"data_set_value_component_PSwe1_variable_PSwe1":0.0000328754,"data_set_value_component_Swe1M_variable_Swe1M":0.0272708079,"data_set_value_component_PSwe1M_variable_PSwe1M":0.0031254786,"data_set_value_component_PSwe1M_variable_kd_swe_2":0.05,"data_set_value_component_BE_variable_BE":0.0036595196,"data_set_value_component_BE_variable_ks_bud":0.1,"data_set_value_component_BE_variable_kd_bud":0.1,"data_set_value_component_M_variable_M":0.804811918,"data_set_value_component_M_variable_mu":0.005,"data_set_value_component_IE_variable_IE":0.4992924371,"data_set_value_component_IE_variable_IE_total":1.0,"data_set_value_component_Cdh1_variable_Cdh1":0.0004842536,"data_set_value_component_Cdh1_variable_Cdh1_total":1.0,"data_set_value_component_Mih1_variable_Mih1":0.3330608469,"data_set_value_component_Mih1_variable_Mih1_total":1.0,"data_set_value_component_Mcm_variable_Mcm":0.132644979,"data_set_value_component_Mcm_variable_Mcm_total":1.0,"data_set_value_component_SBF_variable_SBF":0.9709905542,"data_set_value_component_SBF_variable_SBF_total":1.0,"data_set_value_component_Swe1_total_variable_Swe1_total":0.0306888696,"data_set_value_component_BUD_variable_BUD":0.0,"data_set_value_component_kinetic_parameters_variable_Ji_cdc20":0.001,"data_set_value_component_kinetic_parameters_variable_Ja_cdc20":0.001,"data_set_value_component_kinetic_parameters_variable_ki_cdc20":0.25,"data_set_value_component_kinetic_parameters_variable_kd_cdc20":0.1,"data_set_value_component_kinetic_parameters_variable_ka_cdc20":1.0,"data_set_value_component_kinetic_parameters_variable_khsl1":1.0,"data_set_value_component_kinetic_parameters_variable_khsl1r":0.01,"data_set_value_component_kinetic_parameters_variable_kd_swe_1":0.007,"data_set_value_component_kinetic_parameters_variable_Ji_wee":0.05,"data_set_value_component_kinetic_parameters_variable_Ja_wee":0.05,"data_set_value_component_kinetic_parameters_variable_Vi_wee":1.0,"data_set_value_component_kinetic_parameters_variable_Va_wee":0.3,"data_set_value_component_kinetic_parameters_variable_kd_clb_1":0.015,"data_set_value_component_kinetic_parameters_variable_kd_clb_2":1.0,"data_set_value_component_kinetic_parameters_variable_kd_clb_3":0.1,"data_set_value_component_kinetic_parameters_variable_kswe":0.0007986986,"data_set_value_component_kinetic_parameters_variable_kmih":3.5012261888,"data_set_value_component_kinetic_parameters_variable_kass":300.0,"data_set_value_component_kinetic_parameters_variable_kdiss":0.1,"data_set_value_component_kinetic_parameters_variable_kd_sic":0.01,"data_set_value_component_kinetic_parameters_variable_kd_sic_1":1.0,"data_set_value_component_kinetic_parameters_variable_kd_sic_2":3.0,"data_set_value_component_kinetic_parameters_variable_kswe_1":2.0,"data_set_value_component_kinetic_parameters_variable_kswe_2":0.01,"data_set_value_component_kinetic_parameters_variable_kswe_3":0.2,"data_set_value_component_kinetic_parameters_variable_kmih_1":5.0,"data_set_value_component_kinetic_parameters_variable_kmih_2":0.5},{"data_set_value_component_environment_variable_time":0.8,"data_set_value_component_Clb2_variable_Clb2":0.0087854815,"data_set_value_component_Clb2_variable_epsilon":0.5,"data_set_value_component_Clb2_variable_Jm":10.0,"data_set_value_component_Clb2_variable_ks_clb":0.015,"data_set_value_component_PClb2_variable_PClb2":0.0000013945,"data_set_value_component_Trim_variable_Trim":0.1051560084,"data_set_value_component_PTrim_variable_PTrim":0.0000186829,"data_set_value_component_Mcm_a_variable_Mcm_a":0.8546809189,"data_set_value_component_Mcm_a_variable_Ji_mcm":0.1,"data_set_value_component_Mcm_a_variable_Ja_mcm":0.1,"data_set_value_component_Mcm_a_variable_ki_mcm":0.15,"data_set_value_component_Mcm_a_variable_ka_mcm":1.0,"data_set_value_component_Sic1_variable_Sic1":0.0365477348,"data_set_value_component_Sic1_variable_ks_sic":0.1,"data_set_value_component_Mih1_a_variable_Mih1_a":0.6419376043,"data_set_value_component_Mih1_a_variable_Ji_mih":0.1,"data_set_value_component_Mih1_a_variable_Ja_mih":0.1,"data_set_value_component_Mih1_a_variable_Vi_mih":0.3,"data_set_value_component_Mih1_a_variable_Va_mih":1.0,"data_set_value_component_IE_a_variable_IE_a":0.4969154987,"data_set_value_component_IE_a_variable_Ji_ie":0.01,"data_set_value_component_IE_a_variable_Ja_ie":0.01,"data_set_value_component_IE_a_variable_ki_ie":0.04,"data_set_value_component_IE_a_variable_ka_ie":0.1,"data_set_value_component_Cdc20_a_variable_Cdc20_a":1.5274329068,"data_set_value_component_Cdc20_variable_Cdc20":0.8902826172,"data_set_value_component_Cdc20_variable_ks_cdc20_1":0.005,"data_set_value_component_Cdc20_variable_ks_cdc20_2":0.3,"data_set_value_component_Cdc20_variable_Js_cdc20":0.3,"data_set_value_component_Cdh1_a_variable_Cdh1_a":0.9997407878,"data_set_value_component_Cdh1_a_variable_Ji_cdh":0.01,"data_set_value_component_Cdh1_a_variable_Ja_cdh":0.01,"data_set_value_component_Cdh1_a_variable_ki_cdh":35.0,"data_set_value_component_Cdh1_a_variable_ka_cdh_1":1.0,"data_set_value_component_Cdh1_a_variable_ki_cdh_1":2.0,"data_set_value_component_Cdh1_a_variable_ka_cdh_2":10.0,"data_set_value_component_Cln_variable_Cln":0.0531270274,"data_set_value_component_Cln_variable_ks_cln":0.1,"data_set_value_component_Cln_variable_kd_cln":0.1,"data_set_value_component_SBF_a_variable_SBF_a":0.0315401842,"data_set_value_component_SBF_a_variable_Ji_sbf":0.01,"data_set_value_component_SBF_a_variable_Ja_sbf":0.01,"data_set_value_component_SBF_a_variable_ki_sbf_1":1.0,"data_set_value_component_SBF_a_variable_ka_sbf_1":1.0,"data_set_value_component_SBF_a_variable_ki_sbf_2":2.0,"data_set_value_component_SBF_a_variable_ka_sbf_2":0.0,"data_set_value_component_Swe1_variable_Swe1":0.0003049969,"data_set_value_component_Swe1_variable_ks_swe":0.0025,"data_set_value_component_Swe1_variable_ks_sweC":0.0,"data_set_value_component_PSwe1_variable_PSwe1":0.0000253038,"data_set_value_component_Swe1M_variable_Swe1M":0.0282322015,"data_set_value_component_PSwe1M_variable_PSwe1M":0.0021013094,"data_set_value_component_PSwe1M_variable_kd_swe_2":0.05,"data_set_value_component_BE_variable_BE":0.0041528467,"data_set_value_component_BE_variable_ks_bud":0.1,"data_set_value_component_BE_variable_kd_bud":0.1,"data_set_value_component_M_variable_M":0.8052144246,"data_set_value_component_M_variable_mu":0.005,"data_set_value_component_IE_variable_IE":0.5030845013,"data_set_value_component_IE_variable_IE_total":1.0,"data_set_value_component_Cdh1_variable_Cdh1":0.0002592122,"data_set_value_component_Cdh1_variable_Cdh1_total":1.0,"data_set_value_component_Mih1_variable_Mih1":0.3580623957,"data_set_value_component_Mih1_variable_Mih1_total":1.0,"data_set_value_component_Mcm_variable_Mcm":0.1453190811,"data_set_value_component_Mcm_variable_Mcm_total":1.0,"data_set_value_component_SBF_variable_SBF":0.9684598158,"data_set_value_component_SBF_variable_SBF_total":1.0,"data_set_value_component_Swe1_total_variable_Swe1_total":0.0306638116,"data_set_value_component_BUD_variable_BUD":0.0,"data_set_value_component_kinetic_parameters_variable_Ji_cdc20":0.001,"data_set_value_component_kinetic_parameters_variable_Ja_cdc20":0.001,"data_set_value_component_kinetic_parameters_variable_ki_cdc20":0.25,"data_set_value_component_kinetic_parameters_variable_kd_cdc20":0.1,"data_set_value_component_kinetic_parameters_variable_ka_cdc20":1.0,"data_set_value_component_kinetic_parameters_variable_khsl1":1.0,"data_set_value_component_kinetic_parameters_variable_khsl1r":0.01,"data_set_value_component_kinetic_parameters_variable_kd_swe_1":0.007,"data_set_value_component_kinetic_parameters_variable_Ji_wee":0.05,"data_set_value_component_kinetic_parameters_variable_Ja_wee":0.05,"data_set_value_component_kinetic_parameters_variable_Vi_wee":1.0,"data_set_value_component_kinetic_parameters_variable_Va_wee":0.3,"data_set_value_component_kinetic_parameters_variable_kd_clb_1":0.015,"data_set_value_component_kinetic_parameters_variable_kd_clb_2":1.0,"data_set_value_component_kinetic_parameters_variable_kd_clb_3":0.1,"data_set_value_component_kinetic_parameters_variable_kswe":0.0008973766,"data_set_value_component_kinetic_parameters_variable_kmih":3.3887192196,"data_set_value_component_kinetic_parameters_variable_kass":300.0,"data_set_value_component_kinetic_parameters_variable_kdiss":0.1,"data_set_value_component_kinetic_parameters_variable_kd_sic":0.01,"data_set_value_component_kinetic_parameters_variable_kd_sic_1":1.0,"data_set_value_component_kinetic_parameters_variable_kd_sic_2":3.0,"data_set_value_component_kinetic_parameters_variable_kswe_1":2.0,"data_set_value_component_kinetic_parameters_variable_kswe_2":0.01,"data_set_value_component_kinetic_parameters_variable_kswe_3":0.2,"data_set_value_component_kinetic_parameters_variable_kmih_1":5.0,"data_set_value_component_kinetic_parameters_variable_kmih_2":0.5},{"data_set_value_component_environment_variable_time":0.9,"data_set_value_component_Clb2_variable_Clb2":0.0038068413,"data_set_value_component_Clb2_variable_epsilon":0.5,"data_set_value_component_Clb2_variable_Jm":10.0,"data_set_value_component_Clb2_variable_ks_clb":0.015,"data_set_value_component_PClb2_variable_PClb2":0.0000006282,"data_set_value_component_Trim_variable_Trim":0.0989933353,"data_set_value_component_PTrim_variable_PTrim":0.0000204233,"data_set_value_component_Mcm_a_variable_Mcm_a":0.8416211499,"data_set_value_component_Mcm_a_variable_Ji_mcm":0.1,"data_set_value_component_Mcm_a_variable_Ja_mcm":0.1,"data_set_value_component_Mcm_a_variable_ki_mcm":0.15,"data_set_value_component_Mcm_a_variable_ka_mcm":1.0,"data_set_value_component_Sic1_variable_Sic1":0.051527764,"data_set_value_component_Sic1_variable_ks_sic":0.1,"data_set_value_component_Mih1_a_variable_Mih1_a":0.6165204471,"data_set_value_component_Mih1_a_variable_Ji_mih":0.1,"data_set_value_component_Mih1_a_variable_Ja_mih":0.1,"data_set_value_component_Mih1_a_variable_Vi_mih":0.3,"data_set_value_component_Mih1_a_variable_Va_mih":1.0,"data_set_value_component_IE_a_variable_IE_a":0.4930531146,"data_set_value_component_IE_a_variable_Ji_ie":0.01,"data_set_value_component_IE_a_variable_Ja_ie":0.01,"data_set_value_component_IE_a_variable_ki_ie":0.04,"data_set_value_component_IE_a_variable_ka_ie":0.1,"data_set_value_component_Cdc20_a_variable_Cdc20_a":1.5365710434,"data_set_value_component_Cdc20_variable_Cdc20":0.8575853234,"data_set_value_component_Cdc20_variable_ks_cdc20_1":0.005,"data_set_value_component_Cdc20_variable_ks_cdc20_2":0.3,"data_set_value_component_Cdc20_variable_Js_cdc20":0.3,"data_set_value_component_Cdh1_a_variable_Cdh1_a":0.9998526379,"data_set_value_component_Cdh1_a_variable_Ji_cdh":0.01,"data_set_value_component_Cdh1_a_variable_Ja_cdh":0.01,"data_set_value_component_Cdh1_a_variable_ki_cdh":35.0,"data_set_value_component_Cdh1_a_variable_ka_cdh_1":1.0,"data_set_value_component_Cdh1_a_variable_ki_cdh_1":2.0,"data_set_value_component_Cdh1_a_variable_ka_cdh_2":10.0,"data_set_value_component_Cln_variable_Cln":0.0529237376,"data_set_value_component_Cln_variable_ks_cln":0.1,"data_set_value_component_Cln_variable_kd_cln":0.1,"data_set_value_component_SBF_a_variable_SBF_a":0.0337740795,"data_set_value_component_SBF_a_variable_Ji_sbf":0.01,"data_set_value_component_SBF_a_variable_Ja_sbf":0.01,"data_set_value_component_SBF_a_variable_ki_sbf_1":1.0,"data_set_value_component_SBF_a_variable_ka_sbf_1":1.0,"data_set_value_component_SBF_a_variable_ki_sbf_2":2.0,"data_set_value_component_SBF_a_variable_ka_sbf_2":0.0,"data_set_value_component_Swe1_variable_Swe1":0.0003506196,"data_set_value_component_Swe1_variable_ks_swe":0.0025,"data_set_value_component_Swe1_variable_ks_sweC":0.0,"data_set_value_component_PSwe1_variable_PSwe1":0.000017914,"data_set_value_component_Swe1M_variable_Swe1M":0.0289483888,"data_set_value_component_PSwe1M_variable_PSwe1M":0.0013263304,"data_set_value_component_PSwe1M_variable_kd_swe_2":0.05,"data_set_value_component_BE_variable_BE":0.0046391146,"data_set_value_component_BE_variable_ks_bud":0.1,"data_set_value_component_BE_variable_kd_bud":0.1,"data_set_value_component_M_variable_M":0.8056171324,"data_set_value_component_M_variable_mu":0.005,"data_set_value_component_IE_variable_IE":0.5069468854,"data_set_value_component_IE_variable_IE_total":1.0,"data_set_value_component_Cdh1_variable_Cdh1":0.0001473621,"data_set_value_component_Cdh1_variable_Cdh1_total":1.0,"data_set_value_component_Mih1_variable_Mih1":0.3834795529,"data_set_value_component_Mih1_variable_Mih1_total":1.0,"data_set_value_component_Mcm_variable_Mcm":0.1583788501,"data_set_value_component_Mcm_variable_Mcm_total":1.0,"data_set_value_component_SBF_variable_SBF":0.9662259205,"data_set_value_component_SBF_variable_SBF_total":1.0,"data_set_value_component_Swe1_total_variable_Swe1_total":0.0306432528,"data_set_value_component_BUD_variable_BUD":0.0,"data_set_value_component_kinetic_parameters_variable_Ji_cdc20":0.001,"data_set_value_component_kinetic_parameters_variable_Ja_cdc20":0.001,"data_set_value_component_kinetic_parameters_variable_ki_cdc20":0.25,"data_set_value_component_kinetic_parameters_variable_kd_cdc20":0.1,"data_set_value_component_kinetic_parameters_variable_ka_cdc20":1.0,"data_set_value_component_kinetic_parameters_variable_khsl1":1.0,"data_set_value_component_kinetic_parameters_variable_khsl1r":0.01,"data_set_value_component_kinetic_parameters_variable_kd_swe_1":0.007,"data_set_value_component_kinetic_parameters_variable_Ji_wee":0.05,"data_set_value_component_kinetic_parameters_variable_Ja_wee":0.05,"data_set_value_component_kinetic_parameters_variable_Vi_wee":1.0,"data_set_value_component_kinetic_parameters_variable_Va_wee":0.3,"data_set_value_component_kinetic_parameters_variable_kd_clb_1":0.015,"data_set_value_component_kinetic_parameters_variable_kd_clb_2":1.0,"data_set_value_component_kinetic_parameters_variable_kd_clb_3":0.1,"data_set_value_component_kinetic_parameters_variable_kswe":0.0009943059,"data_set_value_component_kinetic_parameters_variable_kmih":3.274342012,"data_set_value_component_kinetic_parameters_variable_kass":300.0,"data_set_value_component_kinetic_parameters_variable_kdiss":0.1,"data_set_value_component_kinetic_parameters_variable_kd_sic":0.01,"data_set_value_component_kinetic_parameters_variable_kd_sic_1":1.0,"data_set_value_component_kinetic_parameters_variable_kd_sic_2":3.0,"data_set_value_component_kinetic_parameters_variable_kswe_1":2.0,"data_set_value_component_kinetic_parameters_variable_kswe_2":0.01,"data_set_value_component_kinetic_parameters_variable_kswe_3":0.2,"data_set_value_component_kinetic_parameters_variable_kmih_1":5.0,"data_set_value_component_kinetic_parameters_variable_kmih_2":0.5},{"data_set_value_component_environment_variable_time":1.0,"data_set_value_component_Clb2_variable_Clb2":0.0018825048,"data_set_value_component_Clb2_variable_epsilon":0.5,"data_set_value_component_Clb2_variable_Jm":10.0,"data_set_value_component_Clb2_variable_ks_clb":0.015,"data_set_value_component_PClb2_variable_PClb2":0.0000003011,"data_set_value_component_Trim_variable_Trim":0.0909825519,"data_set_value_component_PTrim_variable_PTrim":0.0000215104,"data_set_value_component_Mcm_a_variable_Mcm_a":0.8283916861,"data_set_value_component_Mcm_a_variable_Ji_mcm":0.1,"data_set_value_component_Mcm_a_variable_Ja_mcm":0.1,"data_set_value_component_Mcm_a_variable_ki_mcm":0.15,"data_set_value_component_Mcm_a_variable_ka_mcm":1.0,"data_set_value_component_Sic1_variable_Sic1":0.0684396693,"data_set_value_component_Sic1_variable_ks_sic":0.1,"data_set_value_component_Mih1_a_variable_Mih1_a":0.5909971854,"data_set_value_component_Mih1_a_variable_Ji_mih":0.1,"data_set_value_component_Mih1_a_variable_Ja_mih":0.1,"data_set_value_component_Mih1_a_variable_Vi_mih":0.3,"data_set_value_component_Mih1_a_variable_Va_mih":1.0,"data_set_value_component_IE_a_variable_IE_a":0.489159175,"data_set_value_component_IE_a_variable_Ji_ie":0.01,"data_set_value_component_IE_a_variable_Ja_ie":0.01,"data_set_value_component_IE_a_variable_ki_ie":0.04,"data_set_value_component_IE_a_variable_ka_ie":0.1,"data_set_value_component_Cdc20_a_variable_Cdc20_a":1.5452303217,"data_set_value_component_Cdc20_variable_Cdc20":0.8256012998,"data_set_value_component_Cdc20_variable_ks_cdc20_1":0.005,"data_set_value_component_Cdc20_variable_ks_cdc20_2":0.3,"data_set_value_component_Cdc20_variable_Js_cdc20":0.3,"data_set_value_component_Cdh1_a_variable_Cdh1_a":0.9998958064,"data_set_value_component_Cdh1_a_variable_Ji_cdh":0.01,"data_set_value_component_Cdh1_a_variable_Ja_cdh":0.01,"data_set_value_component_Cdh1_a_variable_ki_cdh":35.0,"data_set_value_component_Cdh1_a_variable_ka_cdh_1":1.0,"data_set_value_component_Cdh1_a_variable_ki_cdh_1":2.0,"data_set_value_component_Cdh1_a_variable_ka_cdh_2":10.0,"data_set_value_component_Cln_variable_Cln":0.0527422333,"data_set_value_component_Cln_variable_ks_cln":0.1,"data_set_value_component_Cln_variable_kd_cln":0.1,"data_set_value_component_SBF_a_variable_SBF_a":0.0354983413,"data_set_value_component_SBF_a_variable_Ji_sbf":0.01,"data_set_value_component_SBF_a_variable_Ja_sbf":0.01,"data_set_value_component_SBF_a_variable_ki_sbf_1":1.0,"data_set_value_component_SBF_a_variable_ka_sbf_1":1.0,"data_set_value_component_SBF_a_variable_ki_sbf_2":2.0,"data_set_value_component_SBF_a_variable_ka_sbf_2":0.0,"data_set_value_component_Swe1_variable_Swe1":0.0003951498,"data_set_value_component_Swe1_variable_ks_swe":0.0025,"data_set_value_component_Swe1_variable_ks_sweC":0.0,"data_set_value_component_PSwe1_variable_PSwe1":0.0000120292,"data_set_value_component_Swe1M_variable_Swe1M":0.0294145196,"data_set_value_component_PSwe1M_variable_PSwe1M":0.0008042836,"data_set_value_component_PSwe1M_variable_kd_swe_2":0.05,"data_set_value_component_BE_variable_BE":0.0051186343,"data_set_value_component_BE_variable_ks_bud":0.1,"data_set_value_component_BE_variable_kd_bud":0.1,"data_set_value_component_M_variable_M":0.8060200417,"data_set_value_component_M_variable_mu":0.005,"data_set_value_component_IE_variable_IE":0.510840825,"data_set_value_component_IE_variable_IE_total":1.0,"data_set_value_component_Cdh1_variable_Cdh1":0.0001041936,"data_set_value_component_Cdh1_variable_Cdh1_total":1.0,"data_set_value_component_Mih1_variable_Mih1":0.4090028146,"data_set_value_component_Mih1_variable_Mih1_total":1.0,"data_set_value_component_Mcm_variable_Mcm":0.1716083139,"data_set_value_component_Mcm_variable_Mcm_total":1.0,"data_set_value_component_SBF_variable_SBF":0.9645016587,"data_set_value_component_SBF_variable_SBF_total":1.0,"data_set_value_component_Swe1_total_variable_Swe1_total":0.0306259822,"data_set_value_component_BUD_variable_BUD":0.0,"data_set_value_component_kinetic_parameters_variable_Ji_cdc20":0.001,"data_set_value_component_kinetic_parameters_variable_Ja_cdc20":0.001,"data_set_value_component_kinetic_parameters_variable_ki_cdc20":0.25,"data_set_value_component_kinetic_parameters_variable_kd_cdc20":0.1,"data_set_value_component_kinetic_parameters_variable_ka_cdc20":1.0,"data_set_value_component_kinetic_parameters_variable_khsl1":1.0,"data_set_value_component_kinetic_parameters_variable_khsl1r":0.01,"data_set_value_component_kinetic_parameters_variable_kd_swe_1":0.007,"data_set_value_component_kinetic_parameters_variable_Ji_wee":0.05,"data_set_value_component_kinetic_parameters_variable_Ja_wee":0.05,"data_set_value_component_kinetic_parameters_variable_Vi_wee":1.0,"data_set_value_component_kinetic_parameters_variable_Va_wee":0.3,"data_set_value_component_kinetic_parameters_variable_kd_clb_1":0.015,"data_set_value_component_kinetic_parameters_variable_kd_clb_2":1.0,"data_set_value_component_kinetic_parameters_variable_kd_clb_3":0.1,"data_set_value_component_kinetic_parameters_variable_kswe":0.0010868506,"data_set_value_component_kinetic_parameters_variable_kmih":3.1594873343,"data_set_value_component_kinetic_parameters_variable_kass":300.0,"data_set_value_component_kinetic_parameters_variable_kdiss":0.1,"data_set_value_component_kinetic_parameters_variable_kd_sic":0.01,"data_set_value_component_kinetic_parameters_variable_kd_sic_1":1.0,"data_set_value_component_kinetic_parameters_variable_kd_sic_2":3.0,"data_set_value_component_kinetic_parameters_variable_kswe_1":2.0,"data_set_value_component_kinetic_parameters_variable_kswe_2":0.01,"data_set_value_component_kinetic_parameters_variable_kswe_3":0.2,"data_set_value_component_kinetic_parameters_variable_kmih_1":5.0,"data_set_value_component_kinetic_parameters_variable_kmih_2":0.5}]