[{"data_set_value_component_environment_variable_time":0.0,"data_set_value_component_x_variable_x":5.0,"data_set_value_component_x_variable_r1":0.15,"data_set_value_component_x_variable_r2":0.12,"data_set_value_component_x_variable_c1":0.1,"data_set_value_component_y_variable_y":0.0,"data_set_value_component_y_variable_r3":0.05,"data_set_value_component_y_variable_r4":0.03,"data_set_value_component_y_variable_c2":0.1,"data_set_value_component_y_variable_c3":0.005,"data_set_value_component_z_variable_z":1.0,"data_set_value_component_z_variable_r5":0.09,"data_set_value_component_z_variable_r6":0.1,"data_set_value_component_z_variable_r7":0.05,"data_set_value_component_z_variable_z_":1.01,"data_set_value_component_z_variable_y_":1.08,"data_set_value_component_z_variable_delta":0.01,"data_set_value_component_u_variable_u":1.0,"data_set_value_component_u_variable_omega":0.05,"data_set_value_component_u_variable_v":0.0,"data_set_value_component_model_constants_variable_epsilon":0.1},{"data_set_value_component_environment_variable_time":0.1,"data_set_value_component_x_variable_x":4.9502989365,"data_set_value_component_x_variable_r1":0.15,"data_set_value_component_x_variable_r2":0.12,"data_set_value_component_x_variable_c1":0.1,"data_set_value_component_y_variable_y":0.0000574604,"data_set_value_component_y_variable_r3":0.05,"data_set_value_component_y_variable_r4":0.03,"data_set_value_component_y_variable_c2":0.1,"data_set_value_component_y_variable_c3":0.005,"data_set_value_component_z_variable_z":0.9999950028,"data_set_value_component_z_variable_r5":0.09,"data_set_value_component_z_variable_r6":0.1,"data_set_value_component_z_variable_r7":0.05,"data_set_value_component_z_variable_z_":1.01,"data_set_value_component_z_variable_y_":1.08,"data_set_value_component_z_variable_delta":0.01,"data_set_value_component_u_variable_u":0.9999874893,"data_set_value_component_u_variable_omega":0.05,"data_set_value_component_u_variable_v":0.0049999672,"data_set_value_component_model_constants_variable_epsilon":0.1},{"data_set_value_component_environment_variable_time":0.2,"data_set_value_component_x_variable_x":4.9011910249,"data_set_value_component_x_variable_r1":0.15,"data_set_value_component_x_variable_r2":0.12,"data_set_value_component_x_variable_c1":0.1,"data_set_value_component_y_variable_y":0.0001297197,"data_set_value_component_y_variable_r3":0.05,"data_set_value_component_y_variable_r4":0.03,"data_set_value_component_y_variable_c2":0.1,"data_set_value_component_y_variable_c3":0.005,"data_set_value_component_z_variable_z":0.9999900057,"data_set_value_component_z_variable_r5":0.09,"data_set_value_component_z_variable_r6":0.1,"data_set_value_component_z_variable_r7":0.05,"data_set_value_component_z_variable_z_":1.01,"data_set_value_component_z_variable_y_":1.08,"data_set_value_component_z_variable_delta":0.01,"data_set_value_component_u_variable_u":0.9999499861,"data_set_value_component_u_variable_omega":0.05,"data_set_value_component_u_variable_v":0.0099997958,"data_set_value_component_model_constants_variable_epsilon":0.1},{"data_set_value_component_environment_variable_time":0.3,"data_set_value_component_x_variable_x":4.8526708897,"data_set_value_component_x_variable_r1":0.15,"data_set_value_component_x_variable_r2":0.12,"data_set_value_component_x_variable_c1":0.1,"data_set_value_component_y_variable_y":0.0002166383,"data_set_value_component_y_variable_r3":0.05,"data_set_value_component_y_variable_r4":0.03,"data_set_value_component_y_variable_c2":0.1,"data_set_value_component_y_variable_c3":0.005,"data_set_value_component_z_variable_z":0.9999850085,"data_set_value_component_z_variable_r5":0.09,"data_set_value_component_z_variable_r6":0.1,"data_set_value_component_z_variable_r7":0.05,"data_set_value_component_z_variable_z_":1.01,"data_set_value_component_z_variable_y_":1.08,"data_set_value_component_z_variable_delta":0.01,"data_set_value_component_u_variable_u":0.9998874877,"data_set_value_component_u_variable_omega":0.05,"data_set_value_component_u_variable_v":0.0149993863,"data_set_value_component_model_constants_variable_epsilon":0.1},{"data_set_value_component_environment_variable_time":0.4,"data_set_value_component_x_variable_x":4.8047308883,"data_set_value_component_x_variable_r1":0.15,"data_set_value_component_x_variable_r2":0.12,"data_set_value_component_x_variable_c1":0.1,"data_set_value_component_y_variable_y":0.0003180175,"data_set_value_component_y_variable_r3":0.05,"data_set_value_component_y_variable_r4":0.03,"data_set_value_component_y_variable_c2":0.1,"data_set_value_component_y_variable_c3":0.005,"data_set_value_component_z_variable_z":0.9999800115,"data_set_value_component_z_variable_r5":0.09,"data_set_value_component_z_variable_r6":0.1,"data_set_value_component_z_variable_r7":0.05,"data_set_value_component_z_variable_z_":1.01,"data_set_value_component_z_variable_y_":1.08,"data_set_value_component_z_variable_delta":0.01,"data_set_value_component_u_variable_u":0.9997999928,"data_set_value_component_u_variable_omega":0.05,"data_set_value_component_u_variable_v":0.0199985968,"data_set_value_component_model_constants_variable_epsilon":0.1},{"data_set_value_component_environment_variable_time":0.5,"data_set_value_component_x_variable_x":4.7573647706,"data_set_value_component_x_variable_r1":0.15,"data_set_value_component_x_variable_r2":0.12,"data_set_value_component_x_variable_c1":0.1,"data_set_value_component_y_variable_y":0.0004336952,"data_set_value_component_y_variable_r3":0.05,"data_set_value_component_y_variable_r4":0.03,"data_set_value_component_y_variable_c2":0.1,"data_set_value_component_y_variable_c3":0.005,"data_set_value_component_z_variable_z":0.9999750144,"data_set_value_component_z_variable_r5":0.09,"data_set_value_component_z_variable_r6":0.1,"data_set_value_component_z_variable_r7":0.05,"data_set_value_component_z_variable_z_":1.01,"data_set_value_component_z_variable_y_":1.08,"data_set_value_component_z_variable_delta":0.01,"data_set_value_component_u_variable_u":0.9996875032,"data_set_value_component_u_variable_omega":0.05,"data_set_value_component_u_variable_v":0.0249973109,"data_set_value_component_model_constants_variable_epsilon":0.1},{"data_set_value_component_environment_variable_time":0.6,"data_set_value_component_x_variable_x":4.7105661094,"data_set_value_component_x_variable_r1":0.15,"data_set_value_component_x_variable_r2":0.12,"data_set_value_component_x_variable_c1":0.1,"data_set_value_component_y_variable_y":0.0005635044,"data_set_value_component_y_variable_r3":0.05,"data_set_value_component_y_variable_r4":0.03,"data_set_value_component_y_variable_c2":0.1,"data_set_value_component_y_variable_c3":0.005,"data_set_value_component_z_variable_z":0.9999700174,"data_set_value_component_z_variable_r5":0.09,"data_set_value_component_z_variable_r6":0.1,"data_set_value_component_z_variable_r7":0.05,"data_set_value_component_z_variable_z_":1.01,"data_set_value_component_z_variable_y_":1.08,"data_set_value_component_z_variable_delta":0.01,"data_set_value_component_u_variable_u":0.9995500214,"data_set_value_component_u_variable_omega":0.05,"data_set_value_component_u_variable_v":0.0299954076,"data_set_value_component_model_constants_variable_epsilon":0.1},{"data_set_value_component_environment_variable_time":0.7,"data_set_value_component_x_variable_x":4.6643282165,"data_set_value_component_x_variable_r1":0.15,"data_set_value_component_x_variable_r2":0.12,"data_set_value_component_x_variable_c1":0.1,"data_set_value_component_y_variable_y":0.0007072714,"data_set_value_component_y_variable_r3":0.05,"data_set_value_component_y_variable_r4":0.03,"data_set_value_component_y_variable_c2":0.1,"data_set_value_component_y_variable_c3":0.005,"data_set_value_component_z_variable_z":0.9999650204,"data_set_value_component_z_variable_r5":0.09,"data_set_value_component_z_variable_r6":0.1,"data_set_value_component_z_variable_r7":0.05,"data_set_value_component_z_variable_z_":1.01,"data_set_value_component_z_variable_y_":1.08,"data_set_value_component_z_variable_delta":0.01,"data_set_value_component_u_variable_u":0.9993875509,"data_set_value_component_u_variable_omega":0.05,"data_set_value_component_u_variable_v":0.0349927597,"data_set_value_component_model_constants_variable_epsilon":0.1},{"data_set_value_component_environment_variable_time":0.8,"data_set_value_component_x_variable_x":4.6186444582,"data_set_value_component_x_variable_r1":0.15,"data_set_value_component_x_variable_r2":0.12,"data_set_value_component_x_variable_c1":0.1,"data_set_value_component_y_variable_y":0.0008648238,"data_set_value_component_y_variable_r3":0.05,"data_set_value_component_y_variable_r4":0.03,"data_set_value_component_y_variable_c2":0.1,"data_set_value_component_y_variable_c3":0.005,"data_set_value_component_z_variable_z":0.9999600235,"data_set_value_component_z_variable_r5":0.09,"data_set_value_component_z_variable_r6":0.1,"data_set_value_component_z_variable_r7":0.05,"data_set_value_component_z_variable_z_":1.01,"data_set_value_component_z_variable_y_":1.08,"data_set_value_component_z_variable_delta":0.01,"data_set_value_component_u_variable_u":0.9992000958,"data_set_value_component_u_variable_omega":0.05,"data_set_value_component_u_variable_v":0.0399892393,"data_set_value_component_model_constants_variable_epsilon":0.1},{"data_set_value_component_environment_variable_time":0.9,"data_set_value_component_x_variable_x":4.5735083999,"data_set_value_component_x_variable_r1":0.15,"data_set_value_component_x_variable_r2":0.12,"data_set_value_component_x_variable_c1":0.1,"data_set_value_component_y_variable_y":0.0010359947,"data_set_value_component_y_variable_r3":0.05,"data_set_value_component_y_variable_r4":0.03,"data_set_value_component_y_variable_c2":0.1,"data_set_value_component_y_variable_c3":0.005,"data_set_value_component_z_variable_z":0.9999550266,"data_set_value_component_z_variable_r5":0.09,"data_set_value_component_z_variable_r6":0.1,"data_set_value_component_z_variable_r7":0.05,"data_set_value_component_z_variable_z_":1.01,"data_set_value_component_z_variable_y_":1.08,"data_set_value_component_z_variable_delta":0.01,"data_set_value_component_u_variable_u":0.9989876611,"data_set_value_component_u_variable_omega":0.05,"data_set_value_component_u_variable_v":0.0449847206,"data_set_value_component_model_constants_variable_epsilon":0.1},{"data_set_value_component_environment_variable_time":1.0,"data_set_value_component_x_variable_x":4.5289135746,"data_set_value_component_x_variable_r1":0.15,"data_set_value_component_x_variable_r2":0.12,"data_set_value_component_x_variable_c1":0.1,"data_set_value_component_y_variable_y":0.0012206158,"data_set_value_component_y_variable_r3":0.05,"data_set_value_component_y_variable_r4":0.03,"data_set_value_component_y_variable_c2":0.1,"data_set_value_component_y_variable_c3":0.005,"data_set_value_component_z_variable_z":0.9999500297,"data_set_value_component_z_variable_r5":0.09,"data_set_value_component_z_variable_r6":0.1,"data_set_value_component_z_variable_r7":0.05,"data_set_value_component_z_variable_z_":1.01,"data_set_value_component_z_variable_y_":1.08,"data_set_value_component_z_variable_delta":0.01,"data_set_value_component_u_variable_u":0.9987502518,"data_set_value_component_u_variable_omega":0.05,"data_set_value_component_u_variable_v":0.0499790769,"data_set_value_component_model_constants_variable_epsilon":0.1}]