[{"data_generator_T":0.0,"data_generator_V1":-60.0},{"data_generator_T":10.0,"data_generator_V1":-28.390123},{"data_generator_T":20.0,"data_generator_V1":-25.488285},{"data_generator_T":30.0,"data_generator_V1":-25.510401},{"data_generator_T":40.0,"data_generator_V1":-25.532639},{"data_generator_T":50.0,"data_generator_V1":-25.55521},{"data_generator_T":60.0,"data_generator_V1":-25.577539},{"data_generator_T":70.0,"data_generator_V1":-25.599722},{"data_generator_T":80.0,"data_generator_V1":-25.62108},{"data_generator_T":90.0,"data_generator_V1":-25.645836},{"data_generator_T":100.0,"data_generator_V1":-25.664852},{"data_generator_T":110.0,"data_generator_V1":-25.685963},{"data_generator_T":120.0,"data_generator_V1":-25.713863},{"data_generator_T":130.0,"data_generator_V1":-25.736664},{"data_generator_T":140.0,"data_generator_V1":-25.760923},{"data_generator_T":150.0,"data_generator_V1":-25.783112},{"data_generator_T":160.0,"data_generator_V1":-25.805927},{"data_generator_T":170.0,"data_generator_V1":-25.828495},{"data_generator_T":180.0,"data_generator_V1":-25.851357},{"data_generator_T":190.0,"data_generator_V1":-25.873743},{"data_generator_T":200.0,"data_generator_V1":-25.8967},{"data_generator_T":210.0,"data_generator_V1":-25.919004},{"data_generator_T":220.0,"data_generator_V1":-25.942045},{"data_generator_T":230.0,"data_generator_V1":-25.964075},{"data_generator_T":240.0,"data_generator_V1":-25.987288},{"data_generator_T":250.0,"data_generator_V1":-26.009478},{"data_generator_T":260.0,"data_generator_V1":-26.032843},{"data_generator_T":270.0,"data_generator_V1":-26.054623},{"data_generator_T":280.0,"data_generator_V1":-26.078304},{"data_generator_T":290.0,"data_generator_V1":-26.101349},{"data_generator_T":300.0,"data_generator_V1":-26.124567},{"data_generator_T":310.0,"data_generator_V1":-26.147371},{"data_generator_T":320.0,"data_generator_V1":-26.170513},{"data_generator_T":330.0,"data_generator_V1":-26.193764},{"data_generator_T":340.0,"data_generator_V1":-26.216896},{"data_generator_T":350.0,"data_generator_V1":-26.240232},{"data_generator_T":360.0,"data_generator_V1":-26.263735},{"data_generator_T":370.0,"data_generator_V1":-26.287207},{"data_generator_T":380.0,"data_generator_V1":-26.310835},{"data_generator_T":390.0,"data_generator_V1":-26.334671},{"data_generator_T":400.0,"data_generator_V1":-26.358534},{"data_generator_T":410.0,"data_generator_V1":-26.382534},{"data_generator_T":420.0,"data_generator_V1":-26.406776},{"data_generator_T":430.0,"data_generator_V1":-26.431105},{"data_generator_T":440.0,"data_generator_V1":-26.455557},{"data_generator_T":450.0,"data_generator_V1":-26.480284},{"data_generator_T":460.0,"data_generator_V1":-26.505165},{"data_generator_T":470.0,"data_generator_V1":-26.530157},{"data_generator_T":480.0,"data_generator_V1":-26.555449},{"data_generator_T":490.0,"data_generator_V1":-26.580976},{"data_generator_T":500.0,"data_generator_V1":-26.606613},{"data_generator_T":510.0,"data_generator_V1":-26.632551},{"data_generator_T":520.0,"data_generator_V1":-26.658827},{"data_generator_T":530.0,"data_generator_V1":-26.685236},{"data_generator_T":540.0,"data_generator_V1":-26.708576},{"data_generator_T":550.0,"data_generator_V1":-26.740046},{"data_generator_T":560.0,"data_generator_V1":-26.766897},{"data_generator_T":570.0,"data_generator_V1":-26.794788},{"data_generator_T":580.0,"data_generator_V1":-26.821167},{"data_generator_T":590.0,"data_generator_V1":-26.851309},{"data_generator_T":600.0,"data_generator_V1":-26.878885},{"data_generator_T":610.0,"data_generator_V1":-26.909204},{"data_generator_T":620.0,"data_generator_V1":-26.934019},{"data_generator_T":630.0,"data_generator_V1":-26.969889},{"data_generator_T":640.0,"data_generator_V1":-26.997335},{"data_generator_T":650.0,"data_generator_V1":-27.031279},{"data_generator_T":660.0,"data_generator_V1":-27.052877},{"data_generator_T":670.0,"data_generator_V1":-27.094797},{"data_generator_T":680.0,"data_generator_V1":-27.124855},{"data_generator_T":690.0,"data_generator_V1":-27.160431},{"data_generator_T":700.0,"data_generator_V1":-27.188822},{"data_generator_T":710.0,"data_generator_V1":-27.228369},{"data_generator_T":720.0,"data_generator_V1":-27.249617},{"data_generator_T":730.0,"data_generator_V1":-27.296906},{"data_generator_T":740.0,"data_generator_V1":-27.335899},{"data_generator_T":750.0,"data_generator_V1":-27.368917},{"data_generator_T":760.0,"data_generator_V1":-27.411257},{"data_generator_T":770.0,"data_generator_V1":-27.439301},{"data_generator_T":780.0,"data_generator_V1":-27.490149},{"data_generator_T":790.0,"data_generator_V1":-27.528524},{"data_generator_T":800.0,"data_generator_V1":-27.568233},{"data_generator_T":810.0,"data_generator_V1":-27.614054},{"data_generator_T":820.0,"data_generator_V1":-27.658043},{"data_generator_T":830.0,"data_generator_V1":-27.70289},{"data_generator_T":840.0,"data_generator_V1":-27.749533},{"data_generator_T":850.0,"data_generator_V1":-27.795687},{"data_generator_T":860.0,"data_generator_V1":-27.85006},{"data_generator_T":870.0,"data_generator_V1":-27.898611},{"data_generator_T":880.0,"data_generator_V1":-27.954981},{"data_generator_T":890.0,"data_generator_V1":-28.00543},{"data_generator_T":900.0,"data_generator_V1":-28.06687},{"data_generator_T":910.0,"data_generator_V1":-28.12602},{"data_generator_T":920.0,"data_generator_V1":-28.186687},{"data_generator_T":930.0,"data_generator_V1":-28.250837},{"data_generator_T":940.0,"data_generator_V1":-28.323385},{"data_generator_T":950.0,"data_generator_V1":-28.394241},{"data_generator_T":960.0,"data_generator_V1":-28.470839},{"data_generator_T":970.0,"data_generator_V1":-28.553904},{"data_generator_T":980.0,"data_generator_V1":-28.641245},{"data_generator_T":990.0,"data_generator_V1":-28.735802},{"data_generator_T":1000.0,"data_generator_V1":-28.840221},{"data_generator_T":1010.0,"data_generator_V1":-28.955236},{"data_generator_T":1020.0,"data_generator_V1":-29.085047},{"data_generator_T":1030.0,"data_generator_V1":-29.235687},{"data_generator_T":1040.0,"data_generator_V1":-29.416924},{"data_generator_T":1050.0,"data_generator_V1":-29.648508},{"data_generator_T":1060.0,"data_generator_V1":-29.97559},{"data_generator_T":1070.0,"data_generator_V1":-30.553053},{"data_generator_T":1080.0,"data_generator_V1":-32.210186},{"data_generator_T":1090.0,"data_generator_V1":-47.643024},{"data_generator_T":1100.0,"data_generator_V1":-64.053032},{"data_generator_T":1110.0,"data_generator_V1":-64.331406},{"data_generator_T":1120.0,"data_generator_V1":-63.960476},{"data_generator_T":1130.0,"data_generator_V1":-63.473228},{"data_generator_T":1140.0,"data_generator_V1":-62.893242},{"data_generator_T":1150.0,"data_generator_V1":-62.217171},{"data_generator_T":1160.0,"data_generator_V1":-61.443161},{"data_generator_T":1170.0,"data_generator_V1":-60.595066},{"data_generator_T":1180.0,"data_generator_V1":-59.724533},{"data_generator_T":1190.0,"data_generator_V1":-58.902439},{"data_generator_T":1200.0,"data_generator_V1":-58.18153},{"data_generator_T":1210.0,"data_generator_V1":-57.587147},{"data_generator_T":1220.0,"data_generator_V1":-57.098888},{"data_generator_T":1230.0,"data_generator_V1":-56.669659},{"data_generator_T":1240.0,"data_generator_V1":-56.330021},{"data_generator_T":1250.0,"data_generator_V1":-56.024746},{"data_generator_T":1260.0,"data_generator_V1":-55.756348},{"data_generator_T":1270.0,"data_generator_V1":-55.522091},{"data_generator_T":1280.0,"data_generator_V1":-55.317867},{"data_generator_T":1290.0,"data_generator_V1":-55.13269},{"data_generator_T":1300.0,"data_generator_V1":-54.965385},{"data_generator_T":1310.0,"data_generator_V1":-54.821926},{"data_generator_T":1320.0,"data_generator_V1":-54.691113},{"data_generator_T":1330.0,"data_generator_V1":-54.572365},{"data_generator_T":1340.0,"data_generator_V1":-54.466839},{"data_generator_T":1350.0,"data_generator_V1":-54.371605},{"data_generator_T":1360.0,"data_generator_V1":-54.28611},{"data_generator_T":1370.0,"data_generator_V1":-54.209286},{"data_generator_T":1380.0,"data_generator_V1":-54.140423},{"data_generator_T":1390.0,"data_generator_V1":-54.078587},{"data_generator_T":1400.0,"data_generator_V1":-54.023151},{"data_generator_T":1410.0,"data_generator_V1":-53.972782},{"data_generator_T":1420.0,"data_generator_V1":-53.926861},{"data_generator_T":1430.0,"data_generator_V1":-53.878448},{"data_generator_T":1440.0,"data_generator_V1":-53.850128},{"data_generator_T":1450.0,"data_generator_V1":-53.831051},{"data_generator_T":1460.0,"data_generator_V1":-53.803413},{"data_generator_T":1470.0,"data_generator_V1":-53.786484},{"data_generator_T":1480.0,"data_generator_V1":-53.764378},{"data_generator_T":1490.0,"data_generator_V1":-53.7323},{"data_generator_T":1500.0,"data_generator_V1":-53.745796},{"data_generator_T":1510.0,"data_generator_V1":-53.733776},{"data_generator_T":1520.0,"data_generator_V1":-53.716228},{"data_generator_T":1530.0,"data_generator_V1":-53.726017},{"data_generator_T":1540.0,"data_generator_V1":-53.724365},{"data_generator_T":1550.0,"data_generator_V1":-53.72747},{"data_generator_T":1560.0,"data_generator_V1":-53.722992},{"data_generator_T":1570.0,"data_generator_V1":-53.746346},{"data_generator_T":1580.0,"data_generator_V1":-53.750664},{"data_generator_T":1590.0,"data_generator_V1":-53.751259},{"data_generator_T":1600.0,"data_generator_V1":-53.777771},{"data_generator_T":1610.0,"data_generator_V1":-53.783802},{"data_generator_T":1620.0,"data_generator_V1":-53.803364},{"data_generator_T":1630.0,"data_generator_V1":-53.811836},{"data_generator_T":1640.0,"data_generator_V1":-53.84866},{"data_generator_T":1650.0,"data_generator_V1":-53.869038},{"data_generator_T":1660.0,"data_generator_V1":-53.883961},{"data_generator_T":1670.0,"data_generator_V1":-53.910801},{"data_generator_T":1680.0,"data_generator_V1":-53.937912},{"data_generator_T":1690.0,"data_generator_V1":-53.960102},{"data_generator_T":1700.0,"data_generator_V1":-53.995491},{"data_generator_T":1710.0,"data_generator_V1":-54.025127},{"data_generator_T":1720.0,"data_generator_V1":-54.038807},{"data_generator_T":1730.0,"data_generator_V1":-54.090801},{"data_generator_T":1740.0,"data_generator_V1":-54.128376},{"data_generator_T":1750.0,"data_generator_V1":-54.167763},{"data_generator_T":1760.0,"data_generator_V1":-54.200439},{"data_generator_T":1770.0,"data_generator_V1":-54.252308},{"data_generator_T":1780.0,"data_generator_V1":-54.295097},{"data_generator_T":1790.0,"data_generator_V1":-54.341534},{"data_generator_T":1800.0,"data_generator_V1":-54.376396},{"data_generator_T":1810.0,"data_generator_V1":-54.453815},{"data_generator_T":1820.0,"data_generator_V1":-54.498207},{"data_generator_T":1830.0,"data_generator_V1":-54.580769},{"data_generator_T":1840.0,"data_generator_V1":-54.654015},{"data_generator_T":1850.0,"data_generator_V1":-54.753941},{"data_generator_T":1860.0,"data_generator_V1":-54.846603},{"data_generator_T":1870.0,"data_generator_V1":-55.040276},{"data_generator_T":1880.0,"data_generator_V1":-55.329746},{"data_generator_T":1890.0,"data_generator_V1":-56.341087},{"data_generator_T":1900.0,"data_generator_V1":-61.575161},{"data_generator_T":1910.0,"data_generator_V1":-62.317333},{"data_generator_T":1920.0,"data_generator_V1":-62.272167},{"data_generator_T":1930.0,"data_generator_V1":-62.207127},{"data_generator_T":1940.0,"data_generator_V1":-62.137764},{"data_generator_T":1950.0,"data_generator_V1":-62.063953},{"data_generator_T":1960.0,"data_generator_V1":-61.985359},{"data_generator_T":1970.0,"data_generator_V1":-61.901539},{"data_generator_T":1980.0,"data_generator_V1":-61.812042},{"data_generator_T":1990.0,"data_generator_V1":-61.716225},{"data_generator_T":2000.0,"data_generator_V1":-61.613476},{"data_generator_T":2010.0,"data_generator_V1":-61.502853},{"data_generator_T":2020.0,"data_generator_V1":-61.383049},{"data_generator_T":2030.0,"data_generator_V1":-61.25259},{"data_generator_T":2040.0,"data_generator_V1":-61.109356},{"data_generator_T":2050.0,"data_generator_V1":-60.949905},{"data_generator_T":2060.0,"data_generator_V1":-60.768589},{"data_generator_T":2070.0,"data_generator_V1":-60.56041},{"data_generator_T":2080.0,"data_generator_V1":-60.306705},{"data_generator_T":2090.0,"data_generator_V1":-59.975494},{"data_generator_T":2100.0,"data_generator_V1":-59.476101},{"data_generator_T":2110.0,"data_generator_V1":-58.372871},{"data_generator_T":2120.0,"data_generator_V1":-54.65192},{"data_generator_T":2130.0,"data_generator_V1":-27.577665},{"data_generator_T":2140.0,"data_generator_V1":-25.658094},{"data_generator_T":2150.0,"data_generator_V1":-25.680576},{"data_generator_T":2160.0,"data_generator_V1":-25.704506},{"data_generator_T":2170.0,"data_generator_V1":-25.730722},{"data_generator_T":2180.0,"data_generator_V1":-25.759481},{"data_generator_T":2190.0,"data_generator_V1":-25.788244},{"data_generator_T":2200.0,"data_generator_V1":-25.818274},{"data_generator_T":2210.0,"data_generator_V1":-25.846628},{"data_generator_T":2220.0,"data_generator_V1":-25.863905},{"data_generator_T":2230.0,"data_generator_V1":-25.8876},{"data_generator_T":2240.0,"data_generator_V1":-25.91391},{"data_generator_T":2250.0,"data_generator_V1":-25.94544},{"data_generator_T":2260.0,"data_generator_V1":-25.981297},{"data_generator_T":2270.0,"data_generator_V1":-25.998869},{"data_generator_T":2280.0,"data_generator_V1":-26.019138},{"data_generator_T":2290.0,"data_generator_V1":-26.050783},{"data_generator_T":2300.0,"data_generator_V1":-26.080954},{"data_generator_T":2310.0,"data_generator_V1":-26.114801},{"data_generator_T":2320.0,"data_generator_V1":-26.135212},{"data_generator_T":2330.0,"data_generator_V1":-26.152115},{"data_generator_T":2340.0,"data_generator_V1":-26.187046},{"data_generator_T":2350.0,"data_generator_V1":-26.227503},{"data_generator_T":2360.0,"data_generator_V1":-26.266249},{"data_generator_T":2370.0,"data_generator_V1":-26.273335},{"data_generator_T":2380.0,"data_generator_V1":-26.282269},{"data_generator_T":2390.0,"data_generator_V1":-26.334648},{"data_generator_T":2400.0,"data_generator_V1":-26.36227},{"data_generator_T":2410.0,"data_generator_V1":-26.389688},{"data_generator_T":2420.0,"data_generator_V1":-26.426146},{"data_generator_T":2430.0,"data_generator_V1":-26.455635},{"data_generator_T":2440.0,"data_generator_V1":-26.48135},{"data_generator_T":2450.0,"data_generator_V1":-26.507534},{"data_generator_T":2460.0,"data_generator_V1":-26.547577},{"data_generator_T":2470.0,"data_generator_V1":-26.584457},{"data_generator_T":2480.0,"data_generator_V1":-26.60383},{"data_generator_T":2490.0,"data_generator_V1":-26.633345},{"data_generator_T":2500.0,"data_generator_V1":-26.672283},{"data_generator_T":2510.0,"data_generator_V1":-26.692488},{"data_generator_T":2520.0,"data_generator_V1":-26.728687},{"data_generator_T":2530.0,"data_generator_V1":-26.771509},{"data_generator_T":2540.0,"data_generator_V1":-26.803776},{"data_generator_T":2550.0,"data_generator_V1":-26.830893},{"data_generator_T":2560.0,"data_generator_V1":-26.878279},{"data_generator_T":2570.0,"data_generator_V1":-26.940233},{"data_generator_T":2580.0,"data_generator_V1":-26.941923},{"data_generator_T":2590.0,"data_generator_V1":-26.978825},{"data_generator_T":2600.0,"data_generator_V1":-27.026213},{"data_generator_T":2610.0,"data_generator_V1":-27.05168},{"data_generator_T":2620.0,"data_generator_V1":-27.086224},{"data_generator_T":2630.0,"data_generator_V1":-27.136072},{"data_generator_T":2640.0,"data_generator_V1":-27.207296},{"data_generator_T":2650.0,"data_generator_V1":-27.209797},{"data_generator_T":2660.0,"data_generator_V1":-27.248121},{"data_generator_T":2670.0,"data_generator_V1":-27.310373},{"data_generator_T":2680.0,"data_generator_V1":-27.341398},{"data_generator_T":2690.0,"data_generator_V1":-27.383566},{"data_generator_T":2700.0,"data_generator_V1":-27.42037},{"data_generator_T":2710.0,"data_generator_V1":-27.447094},{"data_generator_T":2720.0,"data_generator_V1":-27.511288},{"data_generator_T":2730.0,"data_generator_V1":-27.564686},{"data_generator_T":2740.0,"data_generator_V1":-27.613909},{"data_generator_T":2750.0,"data_generator_V1":-27.670835},{"data_generator_T":2760.0,"data_generator_V1":-27.714296},{"data_generator_T":2770.0,"data_generator_V1":-27.771099},{"data_generator_T":2780.0,"data_generator_V1":-27.820568},{"data_generator_T":2790.0,"data_generator_V1":-27.882528},{"data_generator_T":2800.0,"data_generator_V1":-27.935329},{"data_generator_T":2810.0,"data_generator_V1":-27.996708},{"data_generator_T":2820.0,"data_generator_V1":-28.060806},{"data_generator_T":2830.0,"data_generator_V1":-28.123798},{"data_generator_T":2840.0,"data_generator_V1":-28.191824},{"data_generator_T":2850.0,"data_generator_V1":-28.264444},{"data_generator_T":2860.0,"data_generator_V1":-28.339191},{"data_generator_T":2870.0,"data_generator_V1":-28.418907},{"data_generator_T":2880.0,"data_generator_V1":-28.504789},{"data_generator_T":2890.0,"data_generator_V1":-28.596684},{"data_generator_T":2900.0,"data_generator_V1":-28.696672},{"data_generator_T":2910.0,"data_generator_V1":-28.807274},{"data_generator_T":2920.0,"data_generator_V1":-28.931637},{"data_generator_T":2930.0,"data_generator_V1":-29.075445},{"data_generator_T":2940.0,"data_generator_V1":-29.248734},{"data_generator_T":2950.0,"data_generator_V1":-29.47204},{"data_generator_T":2960.0,"data_generator_V1":-29.797352},{"data_generator_T":2970.0,"data_generator_V1":-30.342163},{"data_generator_T":2980.0,"data_generator_V1":-31.905672},{"data_generator_T":2990.0,"data_generator_V1":-43.881802},{"data_generator_T":3000.0,"data_generator_V1":-60.16877},{"data_generator_T":3010.0,"data_generator_V1":-60.845558},{"data_generator_T":3020.0,"data_generator_V1":-60.315941},{"data_generator_T":3030.0,"data_generator_V1":-59.629902},{"data_generator_T":3040.0,"data_generator_V1":-58.941242},{"data_generator_T":3050.0,"data_generator_V1":-58.290337},{"data_generator_T":3060.0,"data_generator_V1":-57.695274},{"data_generator_T":3070.0,"data_generator_V1":-57.161846},{"data_generator_T":3080.0,"data_generator_V1":-56.69146},{"data_generator_T":3090.0,"data_generator_V1":-56.262814},{"data_generator_T":3100.0,"data_generator_V1":-55.881042},{"data_generator_T":3110.0,"data_generator_V1":-55.550549},{"data_generator_T":3120.0,"data_generator_V1":-55.240383},{"data_generator_T":3130.0,"data_generator_V1":-54.96925},{"data_generator_T":3140.0,"data_generator_V1":-54.716038},{"data_generator_T":3150.0,"data_generator_V1":-54.489418},{"data_generator_T":3160.0,"data_generator_V1":-54.28754},{"data_generator_T":3170.0,"data_generator_V1":-54.094887},{"data_generator_T":3180.0,"data_generator_V1":-53.923527},{"data_generator_T":3190.0,"data_generator_V1":-53.770649},{"data_generator_T":3200.0,"data_generator_V1":-53.619564},{"data_generator_T":3210.0,"data_generator_V1":-53.493217},{"data_generator_T":3220.0,"data_generator_V1":-53.364803},{"data_generator_T":3230.0,"data_generator_V1":-53.259556},{"data_generator_T":3240.0,"data_generator_V1":-53.149765},{"data_generator_T":3250.0,"data_generator_V1":-53.054005},{"data_generator_T":3260.0,"data_generator_V1":-52.970493},{"data_generator_T":3270.0,"data_generator_V1":-52.884792},{"data_generator_T":3280.0,"data_generator_V1":-52.811077},{"data_generator_T":3290.0,"data_generator_V1":-52.741692},{"data_generator_T":3300.0,"data_generator_V1":-52.678581},{"data_generator_T":3310.0,"data_generator_V1":-52.619381},{"data_generator_T":3320.0,"data_generator_V1":-52.565407},{"data_generator_T":3330.0,"data_generator_V1":-52.515991},{"data_generator_T":3340.0,"data_generator_V1":-52.469898},{"data_generator_T":3350.0,"data_generator_V1":-52.427963},{"data_generator_T":3360.0,"data_generator_V1":-52.389343},{"data_generator_T":3370.0,"data_generator_V1":-52.353828},{"data_generator_T":3380.0,"data_generator_V1":-52.321419},{"data_generator_T":3390.0,"data_generator_V1":-52.291676},{"data_generator_T":3400.0,"data_generator_V1":-52.264557},{"data_generator_T":3410.0,"data_generator_V1":-52.239803},{"data_generator_T":3420.0,"data_generator_V1":-52.217304},{"data_generator_T":3430.0,"data_generator_V1":-52.196865},{"data_generator_T":3440.0,"data_generator_V1":-52.178383},{"data_generator_T":3450.0,"data_generator_V1":-52.161697},{"data_generator_T":3460.0,"data_generator_V1":-52.146729},{"data_generator_T":3470.0,"data_generator_V1":-52.13335},{"data_generator_T":3480.0,"data_generator_V1":-52.121521},{"data_generator_T":3490.0,"data_generator_V1":-52.111179},{"data_generator_T":3500.0,"data_generator_V1":-52.102394},{"data_generator_T":3510.0,"data_generator_V1":-52.095257},{"data_generator_T":3520.0,"data_generator_V1":-52.089081},{"data_generator_T":3530.0,"data_generator_V1":-52.084267},{"data_generator_T":3540.0,"data_generator_V1":-52.078884},{"data_generator_T":3550.0,"data_generator_V1":-52.068981},{"data_generator_T":3560.0,"data_generator_V1":-52.066208},{"data_generator_T":3570.0,"data_generator_V1":-52.066265},{"data_generator_T":3580.0,"data_generator_V1":-52.068306},{"data_generator_T":3590.0,"data_generator_V1":-52.054821},{"data_generator_T":3600.0,"data_generator_V1":-52.055634},{"data_generator_T":3610.0,"data_generator_V1":-52.059452},{"data_generator_T":3620.0,"data_generator_V1":-52.056812},{"data_generator_T":3630.0,"data_generator_V1":-52.048763},{"data_generator_T":3640.0,"data_generator_V1":-52.05109},{"data_generator_T":3650.0,"data_generator_V1":-52.05648},{"data_generator_T":3660.0,"data_generator_V1":-52.048817},{"data_generator_T":3670.0,"data_generator_V1":-52.058071},{"data_generator_T":3680.0,"data_generator_V1":-52.050163},{"data_generator_T":3690.0,"data_generator_V1":-52.051434},{"data_generator_T":3700.0,"data_generator_V1":-52.045193},{"data_generator_T":3710.0,"data_generator_V1":-52.051292},{"data_generator_T":3720.0,"data_generator_V1":-52.057426},{"data_generator_T":3730.0,"data_generator_V1":-52.038906},{"data_generator_T":3740.0,"data_generator_V1":-52.040276},{"data_generator_T":3750.0,"data_generator_V1":-52.046745},{"data_generator_T":3760.0,"data_generator_V1":-52.036461},{"data_generator_T":3770.0,"data_generator_V1":-52.044987},{"data_generator_T":3780.0,"data_generator_V1":-52.035831},{"data_generator_T":3790.0,"data_generator_V1":-52.027462},{"data_generator_T":3800.0,"data_generator_V1":-52.036266},{"data_generator_T":3810.0,"data_generator_V1":-52.025955},{"data_generator_T":3820.0,"data_generator_V1":-52.011196},{"data_generator_T":3830.0,"data_generator_V1":-52.014584},{"data_generator_T":3840.0,"data_generator_V1":-52.003704},{"data_generator_T":3850.0,"data_generator_V1":-52.000618},{"data_generator_T":3860.0,"data_generator_V1":-51.983833},{"data_generator_T":3870.0,"data_generator_V1":-51.985012},{"data_generator_T":3880.0,"data_generator_V1":-51.967533},{"data_generator_T":3890.0,"data_generator_V1":-51.961975},{"data_generator_T":3900.0,"data_generator_V1":-51.943737},{"data_generator_T":3910.0,"data_generator_V1":-51.938351},{"data_generator_T":3920.0,"data_generator_V1":-51.937447},{"data_generator_T":3930.0,"data_generator_V1":-51.911503},{"data_generator_T":3940.0,"data_generator_V1":-51.897854},{"data_generator_T":3950.0,"data_generator_V1":-51.882923},{"data_generator_T":3960.0,"data_generator_V1":-51.880402},{"data_generator_T":3970.0,"data_generator_V1":-51.848766},{"data_generator_T":3980.0,"data_generator_V1":-51.828148},{"data_generator_T":3990.0,"data_generator_V1":-51.82943},{"data_generator_T":4000.0,"data_generator_V1":-51.784973},{"data_generator_T":4010.0,"data_generator_V1":-51.777378},{"data_generator_T":4020.0,"data_generator_V1":-51.746403},{"data_generator_T":4030.0,"data_generator_V1":-51.72073},{"data_generator_T":4040.0,"data_generator_V1":-51.694466},{"data_generator_T":4050.0,"data_generator_V1":-51.67836},{"data_generator_T":4060.0,"data_generator_V1":-51.63641},{"data_generator_T":4070.0,"data_generator_V1":-51.617855},{"data_generator_T":4080.0,"data_generator_V1":-51.579865},{"data_generator_T":4090.0,"data_generator_V1":-51.570591},{"data_generator_T":4100.0,"data_generator_V1":-51.520668},{"data_generator_T":4110.0,"data_generator_V1":-51.479221},{"data_generator_T":4120.0,"data_generator_V1":-51.457466},{"data_generator_T":4130.0,"data_generator_V1":-51.410194},{"data_generator_T":4140.0,"data_generator_V1":-51.381435},{"data_generator_T":4150.0,"data_generator_V1":-51.32769},{"data_generator_T":4160.0,"data_generator_V1":-51.297871},{"data_generator_T":4170.0,"data_generator_V1":-51.253838},{"data_generator_T":4180.0,"data_generator_V1":-51.199677},{"data_generator_T":4190.0,"data_generator_V1":-51.161488},{"data_generator_T":4200.0,"data_generator_V1":-51.1152},{"data_generator_T":4210.0,"data_generator_V1":-51.0672},{"data_generator_T":4220.0,"data_generator_V1":-51.015385},{"data_generator_T":4230.0,"data_generator_V1":-50.957825},{"data_generator_T":4240.0,"data_generator_V1":-50.926613},{"data_generator_T":4250.0,"data_generator_V1":-50.845463},{"data_generator_T":4260.0,"data_generator_V1":-50.802807},{"data_generator_T":4270.0,"data_generator_V1":-50.729939},{"data_generator_T":4280.0,"data_generator_V1":-50.679253},{"data_generator_T":4290.0,"data_generator_V1":-50.604656},{"data_generator_T":4300.0,"data_generator_V1":-50.545952},{"data_generator_T":4310.0,"data_generator_V1":-50.469563},{"data_generator_T":4320.0,"data_generator_V1":-50.409237},{"data_generator_T":4330.0,"data_generator_V1":-50.325581},{"data_generator_T":4340.0,"data_generator_V1":-50.260963},{"data_generator_T":4350.0,"data_generator_V1":-50.173122},{"data_generator_T":4360.0,"data_generator_V1":-50.09597},{"data_generator_T":4370.0,"data_generator_V1":-50.008137},{"data_generator_T":4380.0,"data_generator_V1":-49.92337},{"data_generator_T":4390.0,"data_generator_V1":-49.827248},{"data_generator_T":4400.0,"data_generator_V1":-49.737694},{"data_generator_T":4410.0,"data_generator_V1":-49.631428},{"data_generator_T":4420.0,"data_generator_V1":-49.534485},{"data_generator_T":4430.0,"data_generator_V1":-49.418007},{"data_generator_T":4440.0,"data_generator_V1":-49.303894},{"data_generator_T":4450.0,"data_generator_V1":-49.18671},{"data_generator_T":4460.0,"data_generator_V1":-49.062847},{"data_generator_T":4470.0,"data_generator_V1":-48.920193},{"data_generator_T":4480.0,"data_generator_V1":-48.778831},{"data_generator_T":4490.0,"data_generator_V1":-48.635296},{"data_generator_T":4500.0,"data_generator_V1":-48.45937},{"data_generator_T":4510.0,"data_generator_V1":-48.29071},{"data_generator_T":4520.0,"data_generator_V1":-48.086456},{"data_generator_T":4530.0,"data_generator_V1":-47.879162},{"data_generator_T":4540.0,"data_generator_V1":-47.629284},{"data_generator_T":4550.0,"data_generator_V1":-47.354755},{"data_generator_T":4560.0,"data_generator_V1":-47.021111},{"data_generator_T":4570.0,"data_generator_V1":-46.602707},{"data_generator_T":4580.0,"data_generator_V1":-46.024261},{"data_generator_T":4590.0,"data_generator_V1":-45.028984},{"data_generator_T":4600.0,"data_generator_V1":-41.875362},{"data_generator_T":4610.0,"data_generator_V1":-25.764105},{"data_generator_T":4620.0,"data_generator_V1":-25.654387},{"data_generator_T":4630.0,"data_generator_V1":-25.679651},{"data_generator_T":4640.0,"data_generator_V1":-25.706068},{"data_generator_T":4650.0,"data_generator_V1":-25.716146},{"data_generator_T":4660.0,"data_generator_V1":-25.758404},{"data_generator_T":4670.0,"data_generator_V1":-25.785379},{"data_generator_T":4680.0,"data_generator_V1":-25.828577},{"data_generator_T":4690.0,"data_generator_V1":-25.838337},{"data_generator_T":4700.0,"data_generator_V1":-25.859842},{"data_generator_T":4710.0,"data_generator_V1":-25.882662},{"data_generator_T":4720.0,"data_generator_V1":-25.893511},{"data_generator_T":4730.0,"data_generator_V1":-25.93638},{"data_generator_T":4740.0,"data_generator_V1":-25.96468},{"data_generator_T":4750.0,"data_generator_V1":-26.001459},{"data_generator_T":4760.0,"data_generator_V1":-26.016384},{"data_generator_T":4770.0,"data_generator_V1":-26.038467},{"data_generator_T":4780.0,"data_generator_V1":-26.053858},{"data_generator_T":4790.0,"data_generator_V1":-26.094009},{"data_generator_T":4800.0,"data_generator_V1":-26.12476},{"data_generator_T":4810.0,"data_generator_V1":-26.152489},{"data_generator_T":4820.0,"data_generator_V1":-26.174171},{"data_generator_T":4830.0,"data_generator_V1":-26.188665},{"data_generator_T":4840.0,"data_generator_V1":-26.228662},{"data_generator_T":4850.0,"data_generator_V1":-26.262753},{"data_generator_T":4860.0,"data_generator_V1":-26.289165},{"data_generator_T":4870.0,"data_generator_V1":-26.306141},{"data_generator_T":4880.0,"data_generator_V1":-26.332804},{"data_generator_T":4890.0,"data_generator_V1":-26.374687},{"data_generator_T":4900.0,"data_generator_V1":-26.407656},{"data_generator_T":4910.0,"data_generator_V1":-26.422604},{"data_generator_T":4920.0,"data_generator_V1":-26.429056},{"data_generator_T":4930.0,"data_generator_V1":-26.484938},{"data_generator_T":4940.0,"data_generator_V1":-26.514158},{"data_generator_T":4950.0,"data_generator_V1":-26.538347},{"data_generator_T":4960.0,"data_generator_V1":-26.574379},{"data_generator_T":4970.0,"data_generator_V1":-26.620947},{"data_generator_T":4980.0,"data_generator_V1":-26.633236},{"data_generator_T":4990.0,"data_generator_V1":-26.63693},{"data_generator_T":5000.0,"data_generator_V1":-26.697149},{"data_generator_T":5010.0,"data_generator_V1":-26.730078},{"data_generator_T":5020.0,"data_generator_V1":-26.759916},{"data_generator_T":5030.0,"data_generator_V1":-26.792198},{"data_generator_T":5040.0,"data_generator_V1":-26.828602},{"data_generator_T":5050.0,"data_generator_V1":-26.856031},{"data_generator_T":5060.0,"data_generator_V1":-26.886246},{"data_generator_T":5070.0,"data_generator_V1":-26.932022},{"data_generator_T":5080.0,"data_generator_V1":-26.971754},{"data_generator_T":5090.0,"data_generator_V1":-26.993362},{"data_generator_T":5100.0,"data_generator_V1":-27.021917},{"data_generator_T":5110.0,"data_generator_V1":-27.072777},{"data_generator_T":5120.0,"data_generator_V1":-27.12731},{"data_generator_T":5130.0,"data_generator_V1":-27.14362},{"data_generator_T":5140.0,"data_generator_V1":-27.162386},{"data_generator_T":5150.0,"data_generator_V1":-27.223967},{"data_generator_T":5160.0,"data_generator_V1":-27.272049},{"data_generator_T":5170.0,"data_generator_V1":-27.301268},{"data_generator_T":5180.0,"data_generator_V1":-27.342096},{"data_generator_T":5190.0,"data_generator_V1":-27.367399},{"data_generator_T":5200.0,"data_generator_V1":-27.43272},{"data_generator_T":5210.0,"data_generator_V1":-27.480247},{"data_generator_T":5220.0,"data_generator_V1":-27.523762},{"data_generator_T":5230.0,"data_generator_V1":-27.570808},{"data_generator_T":5240.0,"data_generator_V1":-27.622778},{"data_generator_T":5250.0,"data_generator_V1":-27.672853},{"data_generator_T":5260.0,"data_generator_V1":-27.716976},{"data_generator_T":5270.0,"data_generator_V1":-27.772535},{"data_generator_T":5280.0,"data_generator_V1":-27.822433},{"data_generator_T":5290.0,"data_generator_V1":-27.880871},{"data_generator_T":5300.0,"data_generator_V1":-27.936016},{"data_generator_T":5310.0,"data_generator_V1":-27.995905},{"data_generator_T":5320.0,"data_generator_V1":-28.064541},{"data_generator_T":5330.0,"data_generator_V1":-28.122284},{"data_generator_T":5340.0,"data_generator_V1":-28.190329},{"data_generator_T":5350.0,"data_generator_V1":-28.263548},{"data_generator_T":5360.0,"data_generator_V1":-28.338505},{"data_generator_T":5370.0,"data_generator_V1":-28.419144},{"data_generator_T":5380.0,"data_generator_V1":-28.50668},{"data_generator_T":5390.0,"data_generator_V1":-28.601112},{"data_generator_T":5400.0,"data_generator_V1":-28.70507},{"data_generator_T":5410.0,"data_generator_V1":-28.821812},{"data_generator_T":5420.0,"data_generator_V1":-28.956121},{"data_generator_T":5430.0,"data_generator_V1":-29.116961},{"data_generator_T":5440.0,"data_generator_V1":-29.32258},{"data_generator_T":5450.0,"data_generator_V1":-29.618578},{"data_generator_T":5460.0,"data_generator_V1":-30.091192},{"data_generator_T":5470.0,"data_generator_V1":-31.39183},{"data_generator_T":5480.0,"data_generator_V1":-41.410625},{"data_generator_T":5490.0,"data_generator_V1":-59.286186},{"data_generator_T":5500.0,"data_generator_V1":-59.984383},{"data_generator_T":5510.0,"data_generator_V1":-59.459873},{"data_generator_T":5520.0,"data_generator_V1":-58.810196},{"data_generator_T":5530.0,"data_generator_V1":-58.190689},{"data_generator_T":5540.0,"data_generator_V1":-57.630917},{"data_generator_T":5550.0,"data_generator_V1":-57.132946},{"data_generator_T":5560.0,"data_generator_V1":-56.677822},{"data_generator_T":5570.0,"data_generator_V1":-56.287975},{"data_generator_T":5580.0,"data_generator_V1":-55.924694},{"data_generator_T":5590.0,"data_generator_V1":-55.611698},{"data_generator_T":5600.0,"data_generator_V1":-55.326443},{"data_generator_T":5610.0,"data_generator_V1":-55.078789},{"data_generator_T":5620.0,"data_generator_V1":-54.837826},{"data_generator_T":5630.0,"data_generator_V1":-54.635529},{"data_generator_T":5640.0,"data_generator_V1":-54.437923},{"data_generator_T":5650.0,"data_generator_V1":-54.268719},{"data_generator_T":5660.0,"data_generator_V1":-54.107372},{"data_generator_T":5670.0,"data_generator_V1":-53.962616},{"data_generator_T":5680.0,"data_generator_V1":-53.830379},{"data_generator_T":5690.0,"data_generator_V1":-53.709057},{"data_generator_T":5700.0,"data_generator_V1":-53.600037},{"data_generator_T":5710.0,"data_generator_V1":-53.495491},{"data_generator_T":5720.0,"data_generator_V1":-53.402256},{"data_generator_T":5730.0,"data_generator_V1":-53.318325},{"data_generator_T":5740.0,"data_generator_V1":-53.237473},{"data_generator_T":5750.0,"data_generator_V1":-53.165661},{"data_generator_T":5760.0,"data_generator_V1":-53.100235},{"data_generator_T":5770.0,"data_generator_V1":-53.038475},{"data_generator_T":5780.0,"data_generator_V1":-52.983444},{"data_generator_T":5790.0,"data_generator_V1":-52.932625},{"data_generator_T":5800.0,"data_generator_V1":-52.885857},{"data_generator_T":5810.0,"data_generator_V1":-52.843929},{"data_generator_T":5820.0,"data_generator_V1":-52.805172},{"data_generator_T":5830.0,"data_generator_V1":-52.770145},{"data_generator_T":5840.0,"data_generator_V1":-52.738468},{"data_generator_T":5850.0,"data_generator_V1":-52.709721},{"data_generator_T":5860.0,"data_generator_V1":-52.683899},{"data_generator_T":5870.0,"data_generator_V1":-52.660667},{"data_generator_T":5880.0,"data_generator_V1":-52.639946},{"data_generator_T":5890.0,"data_generator_V1":-52.621494},{"data_generator_T":5900.0,"data_generator_V1":-52.605228},{"data_generator_T":5910.0,"data_generator_V1":-52.590946},{"data_generator_T":5920.0,"data_generator_V1":-52.578598},{"data_generator_T":5930.0,"data_generator_V1":-52.56802},{"data_generator_T":5940.0,"data_generator_V1":-52.559212},{"data_generator_T":5950.0,"data_generator_V1":-52.552094},{"data_generator_T":5960.0,"data_generator_V1":-52.546791},{"data_generator_T":5970.0,"data_generator_V1":-52.542496},{"data_generator_T":5980.0,"data_generator_V1":-52.539597},{"data_generator_T":5990.0,"data_generator_V1":-52.539162},{"data_generator_T":6000.0,"data_generator_V1":-52.54055},{"data_generator_T":6010.0,"data_generator_V1":-52.534538},{"data_generator_T":6020.0,"data_generator_V1":-52.531609},{"data_generator_T":6030.0,"data_generator_V1":-52.534546},{"data_generator_T":6040.0,"data_generator_V1":-52.541164},{"data_generator_T":6050.0,"data_generator_V1":-52.551647},{"data_generator_T":6060.0,"data_generator_V1":-52.545441},{"data_generator_T":6070.0,"data_generator_V1":-52.541763},{"data_generator_T":6080.0,"data_generator_V1":-52.549953},{"data_generator_T":6090.0,"data_generator_V1":-52.55619},{"data_generator_T":6100.0,"data_generator_V1":-52.549465},{"data_generator_T":6110.0,"data_generator_V1":-52.556141},{"data_generator_T":6120.0,"data_generator_V1":-52.565594},{"data_generator_T":6130.0,"data_generator_V1":-52.57711},{"data_generator_T":6140.0,"data_generator_V1":-52.578773},{"data_generator_T":6150.0,"data_generator_V1":-52.576267},{"data_generator_T":6160.0,"data_generator_V1":-52.590961},{"data_generator_T":6170.0,"data_generator_V1":-52.588085},{"data_generator_T":6180.0,"data_generator_V1":-52.594551},{"data_generator_T":6190.0,"data_generator_V1":-52.589695},{"data_generator_T":6200.0,"data_generator_V1":-52.597279},{"data_generator_T":6210.0,"data_generator_V1":-52.609428},{"data_generator_T":6220.0,"data_generator_V1":-52.60265},{"data_generator_T":6230.0,"data_generator_V1":-52.612392},{"data_generator_T":6240.0,"data_generator_V1":-52.630901},{"data_generator_T":6250.0,"data_generator_V1":-52.610588},{"data_generator_T":6260.0,"data_generator_V1":-52.620022},{"data_generator_T":6270.0,"data_generator_V1":-52.615498},{"data_generator_T":6280.0,"data_generator_V1":-52.629597},{"data_generator_T":6290.0,"data_generator_V1":-52.610226},{"data_generator_T":6300.0,"data_generator_V1":-52.61377},{"data_generator_T":6310.0,"data_generator_V1":-52.614979},{"data_generator_T":6320.0,"data_generator_V1":-52.606594},{"data_generator_T":6330.0,"data_generator_V1":-52.610714},{"data_generator_T":6340.0,"data_generator_V1":-52.600269},{"data_generator_T":6350.0,"data_generator_V1":-52.605949},{"data_generator_T":6360.0,"data_generator_V1":-52.593792},{"data_generator_T":6370.0,"data_generator_V1":-52.58321},{"data_generator_T":6380.0,"data_generator_V1":-52.583652},{"data_generator_T":6390.0,"data_generator_V1":-52.561268},{"data_generator_T":6400.0,"data_generator_V1":-52.558174},{"data_generator_T":6410.0,"data_generator_V1":-52.540401},{"data_generator_T":6420.0,"data_generator_V1":-52.539574},{"data_generator_T":6430.0,"data_generator_V1":-52.51532},{"data_generator_T":6440.0,"data_generator_V1":-52.504311},{"data_generator_T":6450.0,"data_generator_V1":-52.477631},{"data_generator_T":6460.0,"data_generator_V1":-52.465118},{"data_generator_T":6470.0,"data_generator_V1":-52.444897},{"data_generator_T":6480.0,"data_generator_V1":-52.441948},{"data_generator_T":6490.0,"data_generator_V1":-52.39827},{"data_generator_T":6500.0,"data_generator_V1":-52.382977},{"data_generator_T":6510.0,"data_generator_V1":-52.352352},{"data_generator_T":6520.0,"data_generator_V1":-52.33263},{"data_generator_T":6530.0,"data_generator_V1":-52.30151},{"data_generator_T":6540.0,"data_generator_V1":-52.276028},{"data_generator_T":6550.0,"data_generator_V1":-52.240284},{"data_generator_T":6560.0,"data_generator_V1":-52.215538},{"data_generator_T":6570.0,"data_generator_V1":-52.172573},{"data_generator_T":6580.0,"data_generator_V1":-52.145603},{"data_generator_T":6590.0,"data_generator_V1":-52.103119},{"data_generator_T":6600.0,"data_generator_V1":-52.078461},{"data_generator_T":6610.0,"data_generator_V1":-52.026245},{"data_generator_T":6620.0,"data_generator_V1":-51.999413},{"data_generator_T":6630.0,"data_generator_V1":-51.948544},{"data_generator_T":6640.0,"data_generator_V1":-51.912189},{"data_generator_T":6650.0,"data_generator_V1":-51.853779},{"data_generator_T":6660.0,"data_generator_V1":-51.818218},{"data_generator_T":6670.0,"data_generator_V1":-51.761795},{"data_generator_T":6680.0,"data_generator_V1":-51.732491},{"data_generator_T":6690.0,"data_generator_V1":-51.666016},{"data_generator_T":6700.0,"data_generator_V1":-51.607727},{"data_generator_T":6710.0,"data_generator_V1":-51.573975},{"data_generator_T":6720.0,"data_generator_V1":-51.501442},{"data_generator_T":6730.0,"data_generator_V1":-51.439228},{"data_generator_T":6740.0,"data_generator_V1":-51.402287},{"data_generator_T":6750.0,"data_generator_V1":-51.322926},{"data_generator_T":6760.0,"data_generator_V1":-51.255146},{"data_generator_T":6770.0,"data_generator_V1":-51.195427},{"data_generator_T":6780.0,"data_generator_V1":-51.123352},{"data_generator_T":6790.0,"data_generator_V1":-51.058731},{"data_generator_T":6800.0,"data_generator_V1":-50.984241},{"data_generator_T":6810.0,"data_generator_V1":-50.918285},{"data_generator_T":6820.0,"data_generator_V1":-50.830837},{"data_generator_T":6830.0,"data_generator_V1":-50.756943},{"data_generator_T":6840.0,"data_generator_V1":-50.681034},{"data_generator_T":6850.0,"data_generator_V1":-50.587345},{"data_generator_T":6860.0,"data_generator_V1":-50.508892},{"data_generator_T":6870.0,"data_generator_V1":-50.426205},{"data_generator_T":6880.0,"data_generator_V1":-50.319813},{"data_generator_T":6890.0,"data_generator_V1":-50.224159},{"data_generator_T":6900.0,"data_generator_V1":-50.131233},{"data_generator_T":6910.0,"data_generator_V1":-50.020496},{"data_generator_T":6920.0,"data_generator_V1":-49.917423},{"data_generator_T":6930.0,"data_generator_V1":-49.804573},{"data_generator_T":6940.0,"data_generator_V1":-49.67907},{"data_generator_T":6950.0,"data_generator_V1":-49.557903},{"data_generator_T":6960.0,"data_generator_V1":-49.434326},{"data_generator_T":6970.0,"data_generator_V1":-49.286163},{"data_generator_T":6980.0,"data_generator_V1":-49.151562},{"data_generator_T":6990.0,"data_generator_V1":-48.984188},{"data_generator_T":7000.0,"data_generator_V1":-48.827919},{"data_generator_T":7010.0,"data_generator_V1":-48.638},{"data_generator_T":7020.0,"data_generator_V1":-48.452446},{"data_generator_T":7030.0,"data_generator_V1":-48.22757},{"data_generator_T":7040.0,"data_generator_V1":-47.999119},{"data_generator_T":7050.0,"data_generator_V1":-47.715267},{"data_generator_T":7060.0,"data_generator_V1":-47.407589},{"data_generator_T":7070.0,"data_generator_V1":-47.005257},{"data_generator_T":7080.0,"data_generator_V1":-46.495434},{"data_generator_T":7090.0,"data_generator_V1":-45.670918},{"data_generator_T":7100.0,"data_generator_V1":-43.720936},{"data_generator_T":7110.0,"data_generator_V1":-28.18186},{"data_generator_T":7120.0,"data_generator_V1":-25.612738},{"data_generator_T":7130.0,"data_generator_V1":-25.629837},{"data_generator_T":7140.0,"data_generator_V1":-25.658596},{"data_generator_T":7150.0,"data_generator_V1":-25.685394},{"data_generator_T":7160.0,"data_generator_V1":-25.686964},{"data_generator_T":7170.0,"data_generator_V1":-25.740479},{"data_generator_T":7180.0,"data_generator_V1":-25.765095},{"data_generator_T":7190.0,"data_generator_V1":-25.7932},{"data_generator_T":7200.0,"data_generator_V1":-25.817608},{"data_generator_T":7210.0,"data_generator_V1":-25.839142},{"data_generator_T":7220.0,"data_generator_V1":-25.859358},{"data_generator_T":7230.0,"data_generator_V1":-25.887323},{"data_generator_T":7240.0,"data_generator_V1":-25.913776},{"data_generator_T":7250.0,"data_generator_V1":-25.943117},{"data_generator_T":7260.0,"data_generator_V1":-25.976624},{"data_generator_T":7270.0,"data_generator_V1":-25.999874},{"data_generator_T":7280.0,"data_generator_V1":-26.017994},{"data_generator_T":7290.0,"data_generator_V1":-26.042831},{"data_generator_T":7300.0,"data_generator_V1":-26.068457},{"data_generator_T":7310.0,"data_generator_V1":-26.103535},{"data_generator_T":7320.0,"data_generator_V1":-26.130795},{"data_generator_T":7330.0,"data_generator_V1":-26.151922},{"data_generator_T":7340.0,"data_generator_V1":-26.175522},{"data_generator_T":7350.0,"data_generator_V1":-26.193386},{"data_generator_T":7360.0,"data_generator_V1":-26.241585},{"data_generator_T":7370.0,"data_generator_V1":-26.26878},{"data_generator_T":7380.0,"data_generator_V1":-26.288908},{"data_generator_T":7390.0,"data_generator_V1":-26.303049},{"data_generator_T":7400.0,"data_generator_V1":-26.345663},{"data_generator_T":7410.0,"data_generator_V1":-26.381987},{"data_generator_T":7420.0,"data_generator_V1":-26.400894},{"data_generator_T":7430.0,"data_generator_V1":-26.404245},{"data_generator_T":7440.0,"data_generator_V1":-26.463661},{"data_generator_T":7450.0,"data_generator_V1":-26.491428},{"data_generator_T":7460.0,"data_generator_V1":-26.50029},{"data_generator_T":7470.0,"data_generator_V1":-26.547001},{"data_generator_T":7480.0,"data_generator_V1":-26.589634},{"data_generator_T":7490.0,"data_generator_V1":-26.613865},{"data_generator_T":7500.0,"data_generator_V1":-26.633228},{"data_generator_T":7510.0,"data_generator_V1":-26.661615},{"data_generator_T":7520.0,"data_generator_V1":-26.703859},{"data_generator_T":7530.0,"data_generator_V1":-26.74106},{"data_generator_T":7540.0,"data_generator_V1":-26.766588},{"data_generator_T":7550.0,"data_generator_V1":-26.796341},{"data_generator_T":7560.0,"data_generator_V1":-26.837261},{"data_generator_T":7570.0,"data_generator_V1":-26.861813},{"data_generator_T":7580.0,"data_generator_V1":-26.898582},{"data_generator_T":7590.0,"data_generator_V1":-26.951962},{"data_generator_T":7600.0,"data_generator_V1":-26.974277},{"data_generator_T":7610.0,"data_generator_V1":-27.006073},{"data_generator_T":7620.0,"data_generator_V1":-27.038923},{"data_generator_T":7630.0,"data_generator_V1":-27.072229},{"data_generator_T":7640.0,"data_generator_V1":-27.117271},{"data_generator_T":7650.0,"data_generator_V1":-27.157852},{"data_generator_T":7660.0,"data_generator_V1":-27.188782},{"data_generator_T":7670.0,"data_generator_V1":-27.19611},{"data_generator_T":7680.0,"data_generator_V1":-27.275091},{"data_generator_T":7690.0,"data_generator_V1":-27.352198},{"data_generator_T":7700.0,"data_generator_V1":-27.358442},{"data_generator_T":7710.0,"data_generator_V1":-27.401091},{"data_generator_T":7720.0,"data_generator_V1":-27.440607},{"data_generator_T":7730.0,"data_generator_V1":-27.480324},{"data_generator_T":7740.0,"data_generator_V1":-27.530928},{"data_generator_T":7750.0,"data_generator_V1":-27.563761},{"data_generator_T":7760.0,"data_generator_V1":-27.618046},{"data_generator_T":7770.0,"data_generator_V1":-27.674034},{"data_generator_T":7780.0,"data_generator_V1":-27.708342},{"data_generator_T":7790.0,"data_generator_V1":-27.777122},{"data_generator_T":7800.0,"data_generator_V1":-27.832226},{"data_generator_T":7810.0,"data_generator_V1":-27.88349},{"data_generator_T":7820.0,"data_generator_V1":-27.94659},{"data_generator_T":7830.0,"data_generator_V1":-28.006794},{"data_generator_T":7840.0,"data_generator_V1":-28.0651},{"data_generator_T":7850.0,"data_generator_V1":-28.136433},{"data_generator_T":7860.0,"data_generator_V1":-28.205444},{"data_generator_T":7870.0,"data_generator_V1":-28.277884},{"data_generator_T":7880.0,"data_generator_V1":-28.356421},{"data_generator_T":7890.0,"data_generator_V1":-28.439388},{"data_generator_T":7900.0,"data_generator_V1":-28.528416},{"data_generator_T":7910.0,"data_generator_V1":-28.625809},{"data_generator_T":7920.0,"data_generator_V1":-28.733273},{"data_generator_T":7930.0,"data_generator_V1":-28.854277},{"data_generator_T":7940.0,"data_generator_V1":-28.994249},{"data_generator_T":7950.0,"data_generator_V1":-29.16201},{"data_generator_T":7960.0,"data_generator_V1":-29.373003},{"data_generator_T":7970.0,"data_generator_V1":-29.70352},{"data_generator_T":7980.0,"data_generator_V1":-30.319187},{"data_generator_T":7990.0,"data_generator_V1":-32.375793},{"data_generator_T":8000.0,"data_generator_V1":-50.096561},{"data_generator_T":8010.0,"data_generator_V1":-59.905094},{"data_generator_T":8020.0,"data_generator_V1":-59.897827},{"data_generator_T":8030.0,"data_generator_V1":-59.297928},{"data_generator_T":8040.0,"data_generator_V1":-58.650303},{"data_generator_T":8050.0,"data_generator_V1":-58.043034},{"data_generator_T":8060.0,"data_generator_V1":-57.495537},{"data_generator_T":8070.0,"data_generator_V1":-57.011406},{"data_generator_T":8080.0,"data_generator_V1":-56.573544},{"data_generator_T":8090.0,"data_generator_V1":-56.200184},{"data_generator_T":8100.0,"data_generator_V1":-55.845665},{"data_generator_T":8110.0,"data_generator_V1":-55.548111},{"data_generator_T":8120.0,"data_generator_V1":-55.259468},{"data_generator_T":8130.0,"data_generator_V1":-55.017994},{"data_generator_T":8140.0,"data_generator_V1":-54.787197},{"data_generator_T":8150.0,"data_generator_V1":-54.58078},{"data_generator_T":8160.0,"data_generator_V1":-54.398949},{"data_generator_T":8170.0,"data_generator_V1":-54.225128},{"data_generator_T":8180.0,"data_generator_V1":-54.084583},{"data_generator_T":8190.0,"data_generator_V1":-53.933903},{"data_generator_T":8200.0,"data_generator_V1":-53.802044},{"data_generator_T":8210.0,"data_generator_V1":-53.681152},{"data_generator_T":8220.0,"data_generator_V1":-53.57785},{"data_generator_T":8230.0,"data_generator_V1":-53.475605},{"data_generator_T":8240.0,"data_generator_V1":-53.381844},{"data_generator_T":8250.0,"data_generator_V1":-53.301552},{"data_generator_T":8260.0,"data_generator_V1":-53.223007},{"data_generator_T":8270.0,"data_generator_V1":-53.150688},{"data_generator_T":8280.0,"data_generator_V1":-53.088428},{"data_generator_T":8290.0,"data_generator_V1":-53.02948},{"data_generator_T":8300.0,"data_generator_V1":-52.973125},{"data_generator_T":8310.0,"data_generator_V1":-52.92466},{"data_generator_T":8320.0,"data_generator_V1":-52.880051},{"data_generator_T":8330.0,"data_generator_V1":-52.837566},{"data_generator_T":8340.0,"data_generator_V1":-52.801216},{"data_generator_T":8350.0,"data_generator_V1":-52.766239},{"data_generator_T":8360.0,"data_generator_V1":-52.735752},{"data_generator_T":8370.0,"data_generator_V1":-52.707478},{"data_generator_T":8380.0,"data_generator_V1":-52.682777},{"data_generator_T":8390.0,"data_generator_V1":-52.660027},{"data_generator_T":8400.0,"data_generator_V1":-52.640251},{"data_generator_T":8410.0,"data_generator_V1":-52.622257},{"data_generator_T":8420.0,"data_generator_V1":-52.606865},{"data_generator_T":8430.0,"data_generator_V1":-52.592991},{"data_generator_T":8440.0,"data_generator_V1":-52.581493},{"data_generator_T":8450.0,"data_generator_V1":-52.571259},{"data_generator_T":8460.0,"data_generator_V1":-52.563301},{"data_generator_T":8470.0,"data_generator_V1":-52.555935},{"data_generator_T":8480.0,"data_generator_V1":-52.550541},{"data_generator_T":8490.0,"data_generator_V1":-52.546505},{"data_generator_T":8500.0,"data_generator_V1":-52.544151},{"data_generator_T":8510.0,"data_generator_V1":-52.544086},{"data_generator_T":8520.0,"data_generator_V1":-52.546185},{"data_generator_T":8530.0,"data_generator_V1":-52.541431},{"data_generator_T":8540.0,"data_generator_V1":-52.53793},{"data_generator_T":8550.0,"data_generator_V1":-52.541191},{"data_generator_T":8560.0,"data_generator_V1":-52.547661},{"data_generator_T":8570.0,"data_generator_V1":-52.544716},{"data_generator_T":8580.0,"data_generator_V1":-52.550671},{"data_generator_T":8590.0,"data_generator_V1":-52.555336},{"data_generator_T":8600.0,"data_generator_V1":-52.555763},{"data_generator_T":8610.0,"data_generator_V1":-52.568218},{"data_generator_T":8620.0,"data_generator_V1":-52.56609},{"data_generator_T":8630.0,"data_generator_V1":-52.569462},{"data_generator_T":8640.0,"data_generator_V1":-52.582767},{"data_generator_T":8650.0,"data_generator_V1":-52.573635},{"data_generator_T":8660.0,"data_generator_V1":-52.582005},{"data_generator_T":8670.0,"data_generator_V1":-52.594242},{"data_generator_T":8680.0,"data_generator_V1":-52.590691},{"data_generator_T":8690.0,"data_generator_V1":-52.60508},{"data_generator_T":8700.0,"data_generator_V1":-52.602638},{"data_generator_T":8710.0,"data_generator_V1":-52.608517},{"data_generator_T":8720.0,"data_generator_V1":-52.607494},{"data_generator_T":8730.0,"data_generator_V1":-52.619148},{"data_generator_T":8740.0,"data_generator_V1":-52.615055},{"data_generator_T":8750.0,"data_generator_V1":-52.62064},{"data_generator_T":8760.0,"data_generator_V1":-52.616898},{"data_generator_T":8770.0,"data_generator_V1":-52.622475},{"data_generator_T":8780.0,"data_generator_V1":-52.635139},{"data_generator_T":8790.0,"data_generator_V1":-52.628761},{"data_generator_T":8800.0,"data_generator_V1":-52.628696},{"data_generator_T":8810.0,"data_generator_V1":-52.626297},{"data_generator_T":8820.0,"data_generator_V1":-52.634914},{"data_generator_T":8830.0,"data_generator_V1":-52.627689},{"data_generator_T":8840.0,"data_generator_V1":-52.616894},{"data_generator_T":8850.0,"data_generator_V1":-52.621883},{"data_generator_T":8860.0,"data_generator_V1":-52.61388},{"data_generator_T":8870.0,"data_generator_V1":-52.60886},{"data_generator_T":8880.0,"data_generator_V1":-52.601837},{"data_generator_T":8890.0,"data_generator_V1":-52.595181},{"data_generator_T":8900.0,"data_generator_V1":-52.584675},{"data_generator_T":8910.0,"data_generator_V1":-52.58437},{"data_generator_T":8920.0,"data_generator_V1":-52.561317},{"data_generator_T":8930.0,"data_generator_V1":-52.555763},{"data_generator_T":8940.0,"data_generator_V1":-52.536221},{"data_generator_T":8950.0,"data_generator_V1":-52.530167},{"data_generator_T":8960.0,"data_generator_V1":-52.514065},{"data_generator_T":8970.0,"data_generator_V1":-52.489422},{"data_generator_T":8980.0,"data_generator_V1":-52.477142},{"data_generator_T":8990.0,"data_generator_V1":-52.44894},{"data_generator_T":9000.0,"data_generator_V1":-52.434505},{"data_generator_T":9010.0,"data_generator_V1":-52.406609},{"data_generator_T":9020.0,"data_generator_V1":-52.391777},{"data_generator_T":9030.0,"data_generator_V1":-52.359921},{"data_generator_T":9040.0,"data_generator_V1":-52.33728},{"data_generator_T":9050.0,"data_generator_V1":-52.301563},{"data_generator_T":9060.0,"data_generator_V1":-52.279625},{"data_generator_T":9070.0,"data_generator_V1":-52.245655},{"data_generator_T":9080.0,"data_generator_V1":-52.22998},{"data_generator_T":9090.0,"data_generator_V1":-52.176338},{"data_generator_T":9100.0,"data_generator_V1":-52.151432},{"data_generator_T":9110.0,"data_generator_V1":-52.106251},{"data_generator_T":9120.0,"data_generator_V1":-52.081268},{"data_generator_T":9130.0,"data_generator_V1":-52.032368},{"data_generator_T":9140.0,"data_generator_V1":-52.005917},{"data_generator_T":9150.0,"data_generator_V1":-51.951397},{"data_generator_T":9160.0,"data_generator_V1":-51.904114},{"data_generator_T":9170.0,"data_generator_V1":-51.85981},{"data_generator_T":9180.0,"data_generator_V1":-51.819782},{"data_generator_T":9190.0,"data_generator_V1":-51.759117},{"data_generator_T":9200.0,"data_generator_V1":-51.722069},{"data_generator_T":9210.0,"data_generator_V1":-51.661533},{"data_generator_T":9220.0,"data_generator_V1":-51.620396},{"data_generator_T":9230.0,"data_generator_V1":-51.549561},{"data_generator_T":9240.0,"data_generator_V1":-51.508755},{"data_generator_T":9250.0,"data_generator_V1":-51.436527},{"data_generator_T":9260.0,"data_generator_V1":-51.387836},{"data_generator_T":9270.0,"data_generator_V1":-51.313931},{"data_generator_T":9280.0,"data_generator_V1":-51.257374},{"data_generator_T":9290.0,"data_generator_V1":-51.182228},{"data_generator_T":9300.0,"data_generator_V1":-51.127563},{"data_generator_T":9310.0,"data_generator_V1":-51.046513},{"data_generator_T":9320.0,"data_generator_V1":-50.987503},{"data_generator_T":9330.0,"data_generator_V1":-50.90522},{"data_generator_T":9340.0,"data_generator_V1":-50.825924},{"data_generator_T":9350.0,"data_generator_V1":-50.756748},{"data_generator_T":9360.0,"data_generator_V1":-50.661018},{"data_generator_T":9370.0,"data_generator_V1":-50.5938},{"data_generator_T":9380.0,"data_generator_V1":-50.493874},{"data_generator_T":9390.0,"data_generator_V1":-50.403301},{"data_generator_T":9400.0,"data_generator_V1":-50.320328},{"data_generator_T":9410.0,"data_generator_V1":-50.208275},{"data_generator_T":9420.0,"data_generator_V1":-50.124672},{"data_generator_T":9430.0,"data_generator_V1":-50.006226},{"data_generator_T":9440.0,"data_generator_V1":-49.898186},{"data_generator_T":9450.0,"data_generator_V1":-49.788548},{"data_generator_T":9460.0,"data_generator_V1":-49.6595},{"data_generator_T":9470.0,"data_generator_V1":-49.535355},{"data_generator_T":9480.0,"data_generator_V1":-49.404205},{"data_generator_T":9490.0,"data_generator_V1":-49.271927},{"data_generator_T":9500.0,"data_generator_V1":-49.112572},{"data_generator_T":9510.0,"data_generator_V1":-48.968765},{"data_generator_T":9520.0,"data_generator_V1":-48.785667},{"data_generator_T":9530.0,"data_generator_V1":-48.620232},{"data_generator_T":9540.0,"data_generator_V1":-48.409657},{"data_generator_T":9550.0,"data_generator_V1":-48.184204},{"data_generator_T":9560.0,"data_generator_V1":-47.939037},{"data_generator_T":9570.0,"data_generator_V1":-47.661388},{"data_generator_T":9580.0,"data_generator_V1":-47.325256},{"data_generator_T":9590.0,"data_generator_V1":-46.913509},{"data_generator_T":9600.0,"data_generator_V1":-46.35461},{"data_generator_T":9610.0,"data_generator_V1":-45.425655},{"data_generator_T":9620.0,"data_generator_V1":-42.74514},{"data_generator_T":9630.0,"data_generator_V1":-25.896629},{"data_generator_T":9640.0,"data_generator_V1":-25.612711},{"data_generator_T":9650.0,"data_generator_V1":-25.637234},{"data_generator_T":9660.0,"data_generator_V1":-25.661983},{"data_generator_T":9670.0,"data_generator_V1":-25.673805},{"data_generator_T":9680.0,"data_generator_V1":-25.708998},{"data_generator_T":9690.0,"data_generator_V1":-25.739546},{"data_generator_T":9700.0,"data_generator_V1":-25.767942},{"data_generator_T":9710.0,"data_generator_V1":-25.793762},{"data_generator_T":9720.0,"data_generator_V1":-25.836864},{"data_generator_T":9730.0,"data_generator_V1":-25.840731},{"data_generator_T":9740.0,"data_generator_V1":-25.864216},{"data_generator_T":9750.0,"data_generator_V1":-25.885738},{"data_generator_T":9760.0,"data_generator_V1":-25.917063},{"data_generator_T":9770.0,"data_generator_V1":-25.94595},{"data_generator_T":9780.0,"data_generator_V1":-25.978197},{"data_generator_T":9790.0,"data_generator_V1":-25.999945},{"data_generator_T":9800.0,"data_generator_V1":-26.019035},{"data_generator_T":9810.0,"data_generator_V1":-26.045942},{"data_generator_T":9820.0,"data_generator_V1":-26.07321},{"data_generator_T":9830.0,"data_generator_V1":-26.103603},{"data_generator_T":9840.0,"data_generator_V1":-26.142395},{"data_generator_T":9850.0,"data_generator_V1":-26.15486},{"data_generator_T":9860.0,"data_generator_V1":-26.145317},{"data_generator_T":9870.0,"data_generator_V1":-26.207891},{"data_generator_T":9880.0,"data_generator_V1":-26.238873},{"data_generator_T":9890.0,"data_generator_V1":-26.274279},{"data_generator_T":9900.0,"data_generator_V1":-26.29096},{"data_generator_T":9910.0,"data_generator_V1":-26.288469},{"data_generator_T":9920.0,"data_generator_V1":-26.348816},{"data_generator_T":9930.0,"data_generator_V1":-26.387257},{"data_generator_T":9940.0,"data_generator_V1":-26.404636},{"data_generator_T":9950.0,"data_generator_V1":-26.430544},{"data_generator_T":9960.0,"data_generator_V1":-26.463253},{"data_generator_T":9970.0,"data_generator_V1":-26.494781},{"data_generator_T":9980.0,"data_generator_V1":-26.515678},{"data_generator_T":9990.0,"data_generator_V1":-26.53771},{"data_generator_T":10000.0,"data_generator_V1":-26.584332}]