[{"data_set_value_component_environment_variable_time":0.0,"data_set_value_component_IP3_dynamics_variable_IP3":3.0,"data_set_value_component_IP3_dynamics_variable_j_IP3":20.86,"data_set_value_component_IP3_dynamics_variable_J_IP3":20.86,"data_set_value_component_IP3_dynamics_variable_k_0":1.188,"data_set_value_component_IP3_dynamics_variable_k_degr":0.14,"data_set_value_component_IP3_dynamics_variable_IP3_0":0.16,"data_set_value_component_ER_variable_Ca_ER":400.0,"data_set_value_component_Calcium_dynamics_variable_Ca":0.05,"data_set_value_component_Calcium_dynamics_variable_alpha":0.0,"data_set_value_component_Channel_kinetics_variable_J_channel":2.5704109899,"data_set_value_component_Channel_kinetics_variable_J_max":3500.0,"data_set_value_component_Channel_kinetics_variable_h":0.8,"data_set_value_component_Channel_kinetics_variable_K_act":0.3,"data_set_value_component_Channel_kinetics_variable_K_IP3":0.8,"data_set_value_component_Channel_kinetics_variable_K_inh":0.2,"data_set_value_component_Channel_kinetics_variable_k_on":2.7,"data_set_value_component_SERCA_pump_kinetics_variable_J_pump":0.12433687,"data_set_value_component_SERCA_pump_kinetics_variable_V_max":3.75,"data_set_value_component_SERCA_pump_kinetics_variable_K_p":0.27,"data_set_value_component_Leak_variable_J_leak":0.0999875,"data_set_value_component_Leak_variable_L":0.1,"data_set_value_component_Calcium_buffering_variable_R_buffering":0.2,"data_set_value_component_Calcium_buffering_variable_R1":0.1,"data_set_value_component_Calcium_buffering_variable_R2":0.1,"data_set_value_component_Calcium_buffering_variable_B1":450.0,"data_set_value_component_Calcium_buffering_variable_B2":75.0,"data_set_value_component_Calcium_buffering_variable_CaB1":0.0,"data_set_value_component_Calcium_buffering_variable_CaB2":0.0,"data_set_value_component_Calcium_buffering_variable_k1_on":-0.0044444444,"data_set_value_component_Calcium_buffering_variable_k1_off":-0.0444444444,"data_set_value_component_Calcium_buffering_variable_k2_on":-0.0266666667,"data_set_value_component_Calcium_buffering_variable_k2_off":-0.0064000001,"data_set_value_component_Calcium_buffering_variable_K1":10.0,"data_set_value_component_Calcium_buffering_variable_K2":0.24,"data_set_value_component_Plasma_membrane_extrusion_mechanisms_variable_soma_or_neurite":-1.0,"data_set_value_component_Plasma_membrane_extrusion_mechanisms_variable_j_Ca":0.0,"data_set_value_component_Plasma_membrane_extrusion_mechanisms_variable_gamma_0":8.0,"data_set_value_component_Plasma_membrane_extrusion_mechanisms_variable_gamma":6.1148330184,"data_set_value_component_Plasma_membrane_extrusion_mechanisms_variable_gamma_s":6.1148330184,"data_set_value_component_Plasma_membrane_extrusion_mechanisms_variable_gamma_n":8.8665078767,"data_set_value_component_Plasma_membrane_extrusion_mechanisms_variable_delta":1.45,"data_set_value_component_Plasma_membrane_extrusion_mechanisms_variable_sigma":0.263,"data_set_value_component_Plasma_membrane_extrusion_mechanisms_variable_w_n":0.377,"data_set_value_component_Plasma_membrane_extrusion_mechanisms_variable_w_s":0.623,"data_set_value_component_Plasma_membrane_extrusion_mechanisms_variable_sigma_soma_2D":0.132,"data_set_value_component_Plasma_membrane_extrusion_mechanisms_variable_sigma_neurite_2D":0.479,"data_set_value_component_Plasma_membrane_extrusion_mechanisms_variable_Ca_c":0.2},{"data_set_value_component_environment_variable_time":0.1,"data_set_value_component_IP3_dynamics_variable_IP3":2.9605169987,"data_set_value_component_IP3_dynamics_variable_j_IP3":18.5233750285,"data_set_value_component_IP3_dynamics_variable_J_IP3":20.86,"data_set_value_component_IP3_dynamics_variable_k_0":1.188,"data_set_value_component_IP3_dynamics_variable_k_degr":0.14,"data_set_value_component_IP3_dynamics_variable_IP3_0":0.16,"data_set_value_component_ER_variable_Ca_ER":400.0,"data_set_value_component_Calcium_dynamics_variable_Ca":0.07,"data_set_value_component_Calcium_dynamics_variable_alpha":0.0,"data_set_value_component_Channel_kinetics_variable_J_channel":5.873185774,"data_set_value_component_Channel_kinetics_variable_J_max":3500.0,"data_set_value_component_Channel_kinetics_variable_h":0.7978922532,"data_set_value_component_Channel_kinetics_variable_K_act":0.3,"data_set_value_component_Channel_kinetics_variable_K_IP3":0.8,"data_set_value_component_Channel_kinetics_variable_K_inh":0.2,"data_set_value_component_Channel_kinetics_variable_k_on":2.7,"data_set_value_component_SERCA_pump_kinetics_variable_J_pump":0.2361825193,"data_set_value_component_SERCA_pump_kinetics_variable_V_max":3.75,"data_set_value_component_SERCA_pump_kinetics_variable_K_p":0.27,"data_set_value_component_Leak_variable_J_leak":0.0999825,"data_set_value_component_Leak_variable_L":0.1,"data_set_value_component_Calcium_buffering_variable_R_buffering":0.2,"data_set_value_component_Calcium_buffering_variable_R1":0.1,"data_set_value_component_Calcium_buffering_variable_R2":0.1,"data_set_value_component_Calcium_buffering_variable_B1":450.01,"data_set_value_component_Calcium_buffering_variable_B2":75.01,"data_set_value_component_Calcium_buffering_variable_CaB1":-0.01,"data_set_value_component_Calcium_buffering_variable_CaB2":-0.01,"data_set_value_component_Calcium_buffering_variable_k1_on":-0.0031644869,"data_set_value_component_Calcium_buffering_variable_k1_off":-0.0316448513,"data_set_value_component_Calcium_buffering_variable_k2_on":-0.0190363785,"data_set_value_component_Calcium_buffering_variable_k2_off":-0.0045687318,"data_set_value_component_Calcium_buffering_variable_K1":10.0,"data_set_value_component_Calcium_buffering_variable_K2":0.24,"data_set_value_component_Plasma_membrane_extrusion_mechanisms_variable_soma_or_neurite":-1.0,"data_set_value_component_Plasma_membrane_extrusion_mechanisms_variable_j_Ca":0.0,"data_set_value_component_Plasma_membrane_extrusion_mechanisms_variable_gamma_0":8.0,"data_set_value_component_Plasma_membrane_extrusion_mechanisms_variable_gamma":6.1148330184,"data_set_value_component_Plasma_membrane_extrusion_mechanisms_variable_gamma_s":6.1148330184,"data_set_value_component_Plasma_membrane_extrusion_mechanisms_variable_gamma_n":8.8665078767,"data_set_value_component_Plasma_membrane_extrusion_mechanisms_variable_delta":1.45,"data_set_value_component_Plasma_membrane_extrusion_mechanisms_variable_sigma":0.263,"data_set_value_component_Plasma_membrane_extrusion_mechanisms_variable_w_n":0.377,"data_set_value_component_Plasma_membrane_extrusion_mechanisms_variable_w_s":0.623,"data_set_value_component_Plasma_membrane_extrusion_mechanisms_variable_sigma_soma_2D":0.132,"data_set_value_component_Plasma_membrane_extrusion_mechanisms_variable_sigma_neurite_2D":0.479,"data_set_value_component_Plasma_membrane_extrusion_mechanisms_variable_Ca_c":0.2},{"data_set_value_component_environment_variable_time":0.2,"data_set_value_component_IP3_dynamics_variable_IP3":2.921582987,"data_set_value_component_IP3_dynamics_variable_j_IP3":16.448486215,"data_set_value_component_IP3_dynamics_variable_J_IP3":20.86,"data_set_value_component_IP3_dynamics_variable_k_0":1.188,"data_set_value_component_IP3_dynamics_variable_k_degr":0.14,"data_set_value_component_IP3_dynamics_variable_IP3_0":0.16,"data_set_value_component_ER_variable_Ca_ER":400.0,"data_set_value_component_Calcium_dynamics_variable_Ca":0.09,"data_set_value_component_Calcium_dynamics_variable_alpha":0.0,"data_set_value_component_Channel_kinetics_variable_J_channel":10.3274645912,"data_set_value_component_Channel_kinetics_variable_J_max":3500.0,"data_set_value_component_Channel_kinetics_variable_h":0.7917827653,"data_set_value_component_Channel_kinetics_variable_K_act":0.3,"data_set_value_component_Channel_kinetics_variable_K_IP3":0.8,"data_set_value_component_Channel_kinetics_variable_K_inh":0.2,"data_set_value_component_Channel_kinetics_variable_k_on":2.7,"data_set_value_component_SERCA_pump_kinetics_variable_J_pump":0.375,"data_set_value_component_SERCA_pump_kinetics_variable_V_max":3.75,"data_set_value_component_SERCA_pump_kinetics_variable_K_p":0.27,"data_set_value_component_Leak_variable_J_leak":0.0999775,"data_set_value_component_Leak_variable_L":0.1,"data_set_value_component_Calcium_buffering_variable_R_buffering":0.2,"data_set_value_component_Calcium_buffering_variable_R1":0.1,"data_set_value_component_Calcium_buffering_variable_R2":0.1,"data_set_value_component_Calcium_buffering_variable_B1":450.02,"data_set_value_component_Calcium_buffering_variable_B2":75.02,"data_set_value_component_Calcium_buffering_variable_CaB1":-0.02,"data_set_value_component_Calcium_buffering_variable_CaB2":-0.02,"data_set_value_component_Calcium_buffering_variable_k1_on":-0.0024568938,"data_set_value_component_Calcium_buffering_variable_k1_off":-0.0245689273,"data_set_value_component_Calcium_buffering_variable_k2_on":-0.0148003434,"data_set_value_component_Calcium_buffering_variable_k2_off":-0.003552083,"data_set_value_component_Calcium_buffering_variable_K1":10.0,"data_set_value_component_Calcium_buffering_variable_K2":0.24,"data_set_value_component_Plasma_membrane_extrusion_mechanisms_variable_soma_or_neurite":-1.0,"data_set_value_component_Plasma_membrane_extrusion_mechanisms_variable_j_Ca":0.0,"data_set_value_component_Plasma_membrane_extrusion_mechanisms_variable_gamma_0":8.0,"data_set_value_component_Plasma_membrane_extrusion_mechanisms_variable_gamma":6.1148330184,"data_set_value_component_Plasma_membrane_extrusion_mechanisms_variable_gamma_s":6.1148330184,"data_set_value_component_Plasma_membrane_extrusion_mechanisms_variable_gamma_n":8.8665078767,"data_set_value_component_Plasma_membrane_extrusion_mechanisms_variable_delta":1.45,"data_set_value_component_Plasma_membrane_extrusion_mechanisms_variable_sigma":0.263,"data_set_value_component_Plasma_membrane_extrusion_mechanisms_variable_w_n":0.377,"data_set_value_component_Plasma_membrane_extrusion_mechanisms_variable_w_s":0.623,"data_set_value_component_Plasma_membrane_extrusion_mechanisms_variable_sigma_soma_2D":0.132,"data_set_value_component_Plasma_membrane_extrusion_mechanisms_variable_sigma_neurite_2D":0.479,"data_set_value_component_Plasma_membrane_extrusion_mechanisms_variable_Ca_c":0.2},{"data_set_value_component_environment_variable_time":0.3,"data_set_value_component_IP3_dynamics_variable_IP3":2.8831902727,"data_set_value_component_IP3_dynamics_variable_j_IP3":14.6060152834,"data_set_value_component_IP3_dynamics_variable_J_IP3":20.86,"data_set_value_component_IP3_dynamics_variable_k_0":1.188,"data_set_value_component_IP3_dynamics_variable_k_degr":0.14,"data_set_value_component_IP3_dynamics_variable_IP3_0":0.16,"data_set_value_component_ER_variable_Ca_ER":400.0,"data_set_value_component_Calcium_dynamics_variable_Ca":0.11,"data_set_value_component_Calcium_dynamics_variable_alpha":0.0,"data_set_value_component_Channel_kinetics_variable_J_channel":15.5019283231,"data_set_value_component_Channel_kinetics_variable_J_max":3500.0,"data_set_value_component_Channel_kinetics_variable_h":0.7820257708,"data_set_value_component_Channel_kinetics_variable_K_act":0.3,"data_set_value_component_Channel_kinetics_variable_K_IP3":0.8,"data_set_value_component_Channel_kinetics_variable_K_inh":0.2,"data_set_value_component_Channel_kinetics_variable_k_on":2.7,"data_set_value_component_SERCA_pump_kinetics_variable_J_pump":0.5338235294,"data_set_value_component_SERCA_pump_kinetics_variable_V_max":3.75,"data_set_value_component_SERCA_pump_kinetics_variable_K_p":0.27,"data_set_value_component_Leak_variable_J_leak":0.0999725,"data_set_value_component_Leak_variable_L":0.1,"data_set_value_component_Calcium_buffering_variable_R_buffering":0.2,"data_set_value_component_Calcium_buffering_variable_R1":0.1,"data_set_value_component_Calcium_buffering_variable_R2":0.1,"data_set_value_component_Calcium_buffering_variable_B1":450.03,"data_set_value_component_Calcium_buffering_variable_B2":75.03,"data_set_value_component_Calcium_buffering_variable_CaB1":-0.03,"data_set_value_component_Calcium_buffering_variable_CaB2":-0.03,"data_set_value_component_Calcium_buffering_variable_k1_on":-0.0020078991,"data_set_value_component_Calcium_buffering_variable_k1_off":-0.0200789843,"data_set_value_component_Calcium_buffering_variable_k2_on":-0.0121058047,"data_set_value_component_Calcium_buffering_variable_k2_off":-0.0029053937,"data_set_value_component_Calcium_buffering_variable_K1":10.0,"data_set_value_component_Calcium_buffering_variable_K2":0.24,"data_set_value_component_Plasma_membrane_extrusion_mechanisms_variable_soma_or_neurite":-1.0,"data_set_value_component_Plasma_membrane_extrusion_mechanisms_variable_j_Ca":0.0,"data_set_value_component_Plasma_membrane_extrusion_mechanisms_variable_gamma_0":8.0,"data_set_value_component_Plasma_membrane_extrusion_mechanisms_variable_gamma":6.1148330184,"data_set_value_component_Plasma_membrane_extrusion_mechanisms_variable_gamma_s":6.1148330184,"data_set_value_component_Plasma_membrane_extrusion_mechanisms_variable_gamma_n":8.8665078767,"data_set_value_component_Plasma_membrane_extrusion_mechanisms_variable_delta":1.45,"data_set_value_component_Plasma_membrane_extrusion_mechanisms_variable_sigma":0.263,"data_set_value_component_Plasma_membrane_extrusion_mechanisms_variable_w_n":0.377,"data_set_value_component_Plasma_membrane_extrusion_mechanisms_variable_w_s":0.623,"data_set_value_component_Plasma_membrane_extrusion_mechanisms_variable_sigma_soma_2D":0.132,"data_set_value_component_Plasma_membrane_extrusion_mechanisms_variable_sigma_neurite_2D":0.479,"data_set_value_component_Plasma_membrane_extrusion_mechanisms_variable_Ca_c":0.2},{"data_set_value_component_environment_variable_time":0.4,"data_set_value_component_IP3_dynamics_variable_IP3":2.8453313306,"data_set_value_component_IP3_dynamics_variable_j_IP3":12.9699280328,"data_set_value_component_IP3_dynamics_variable_J_IP3":20.86,"data_set_value_component_IP3_dynamics_variable_k_0":1.188,"data_set_value_component_IP3_dynamics_variable_k_degr":0.14,"data_set_value_component_IP3_dynamics_variable_IP3_0":0.16,"data_set_value_component_ER_variable_Ca_ER":400.0,"data_set_value_component_Calcium_dynamics_variable_Ca":0.13,"data_set_value_component_Calcium_dynamics_variable_alpha":0.0,"data_set_value_component_Channel_kinetics_variable_J_channel":20.9087334728,"data_set_value_component_Channel_kinetics_variable_J_max":3500.0,"data_set_value_component_Channel_kinetics_variable_h":0.7690056828,"data_set_value_component_Channel_kinetics_variable_K_act":0.3,"data_set_value_component_Channel_kinetics_variable_K_IP3":0.8,"data_set_value_component_Channel_kinetics_variable_K_inh":0.2,"data_set_value_component_Channel_kinetics_variable_k_on":2.7,"data_set_value_component_SERCA_pump_kinetics_variable_J_pump":0.7057349666,"data_set_value_component_SERCA_pump_kinetics_variable_V_max":3.75,"data_set_value_component_SERCA_pump_kinetics_variable_K_p":0.27,"data_set_value_component_Leak_variable_J_leak":0.0999675,"data_set_value_component_Leak_variable_L":0.1,"data_set_value_component_Calcium_buffering_variable_R_buffering":0.2,"data_set_value_component_Calcium_buffering_variable_R1":0.1,"data_set_value_component_Calcium_buffering_variable_R2":0.1,"data_set_value_component_Calcium_buffering_variable_B1":450.04,"data_set_value_component_Calcium_buffering_variable_B2":75.04,"data_set_value_component_Calcium_buffering_variable_CaB1":-0.04,"data_set_value_component_Calcium_buffering_variable_CaB2":-0.04,"data_set_value_component_Calcium_buffering_variable_k1_on":-0.001697643,"data_set_value_component_Calcium_buffering_variable_k1_off":-0.0169764256,"data_set_value_component_Calcium_buffering_variable_k2_on":-0.0102408651,"data_set_value_component_Calcium_buffering_variable_k2_off":-0.0024578081,"data_set_value_component_Calcium_buffering_variable_K1":10.0,"data_set_value_component_Calcium_buffering_variable_K2":0.24,"data_set_value_component_Plasma_membrane_extrusion_mechanisms_variable_soma_or_neurite":-1.0,"data_set_value_component_Plasma_membrane_extrusion_mechanisms_variable_j_Ca":0.0,"data_set_value_component_Plasma_membrane_extrusion_mechanisms_variable_gamma_0":8.0,"data_set_value_component_Plasma_membrane_extrusion_mechanisms_variable_gamma":6.1148330184,"data_set_value_component_Plasma_membrane_extrusion_mechanisms_variable_gamma_s":6.1148330184,"data_set_value_component_Plasma_membrane_extrusion_mechanisms_variable_gamma_n":8.8665078767,"data_set_value_component_Plasma_membrane_extrusion_mechanisms_variable_delta":1.45,"data_set_value_component_Plasma_membrane_extrusion_mechanisms_variable_sigma":0.263,"data_set_value_component_Plasma_membrane_extrusion_mechanisms_variable_w_n":0.377,"data_set_value_component_Plasma_membrane_extrusion_mechanisms_variable_w_s":0.623,"data_set_value_component_Plasma_membrane_extrusion_mechanisms_variable_sigma_soma_2D":0.132,"data_set_value_component_Plasma_membrane_extrusion_mechanisms_variable_sigma_neurite_2D":0.479,"data_set_value_component_Plasma_membrane_extrusion_mechanisms_variable_Ca_c":0.2},{"data_set_value_component_environment_variable_time":0.5,"data_set_value_component_IP3_dynamics_variable_IP3":2.8079987263,"data_set_value_component_IP3_dynamics_variable_j_IP3":11.5171064738,"data_set_value_component_IP3_dynamics_variable_J_IP3":20.86,"data_set_value_component_IP3_dynamics_variable_k_0":1.188,"data_set_value_component_IP3_dynamics_variable_k_degr":0.14,"data_set_value_component_IP3_dynamics_variable_IP3_0":0.16,"data_set_value_component_ER_variable_Ca_ER":400.0,"data_set_value_component_Calcium_dynamics_variable_Ca":0.15,"data_set_value_component_Calcium_dynamics_variable_alpha":0.0,"data_set_value_component_Channel_kinetics_variable_J_channel":26.0938868528,"data_set_value_component_Channel_kinetics_variable_J_max":3500.0,"data_set_value_component_Channel_kinetics_variable_h":0.7531276591,"data_set_value_component_Channel_kinetics_variable_K_act":0.3,"data_set_value_component_Channel_kinetics_variable_K_IP3":0.8,"data_set_value_component_Channel_kinetics_variable_K_inh":0.2,"data_set_value_component_Channel_kinetics_variable_k_on":2.7,"data_set_value_component_SERCA_pump_kinetics_variable_J_pump":0.8844339623,"data_set_value_component_SERCA_pump_kinetics_variable_V_max":3.75,"data_set_value_component_SERCA_pump_kinetics_variable_K_p":0.27,"data_set_value_component_Leak_variable_J_leak":0.0999625,"data_set_value_component_Leak_variable_L":0.1,"data_set_value_component_Calcium_buffering_variable_R_buffering":0.2,"data_set_value_component_Calcium_buffering_variable_R1":0.1,"data_set_value_component_Calcium_buffering_variable_R2":0.1,"data_set_value_component_Calcium_buffering_variable_B1":450.05,"data_set_value_component_Calcium_buffering_variable_B2":75.05,"data_set_value_component_Calcium_buffering_variable_CaB1":-0.05,"data_set_value_component_Calcium_buffering_variable_CaB2":-0.05,"data_set_value_component_Calcium_buffering_variable_k1_on":-0.0014704261,"data_set_value_component_Calcium_buffering_variable_k1_off":-0.0147042574,"data_set_value_component_Calcium_buffering_variable_k2_on":-0.0088735081,"data_set_value_component_Calcium_buffering_variable_k2_off":-0.0021296424,"data_set_value_component_Calcium_buffering_variable_K1":10.0,"data_set_value_component_Calcium_buffering_variable_K2":0.24,"data_set_value_component_Plasma_membrane_extrusion_mechanisms_variable_soma_or_neurite":-1.0,"data_set_value_component_Plasma_membrane_extrusion_mechanisms_variable_j_Ca":0.0,"data_set_value_component_Plasma_membrane_extrusion_mechanisms_variable_gamma_0":8.0,"data_set_value_component_Plasma_membrane_extrusion_mechanisms_variable_gamma":6.1148330184,"data_set_value_component_Plasma_membrane_extrusion_mechanisms_variable_gamma_s":6.1148330184,"data_set_value_component_Plasma_membrane_extrusion_mechanisms_variable_gamma_n":8.8665078767,"data_set_value_component_Plasma_membrane_extrusion_mechanisms_variable_delta":1.45,"data_set_value_component_Plasma_membrane_extrusion_mechanisms_variable_sigma":0.263,"data_set_value_component_Plasma_membrane_extrusion_mechanisms_variable_w_n":0.377,"data_set_value_component_Plasma_membrane_extrusion_mechanisms_variable_w_s":0.623,"data_set_value_component_Plasma_membrane_extrusion_mechanisms_variable_sigma_soma_2D":0.132,"data_set_value_component_Plasma_membrane_extrusion_mechanisms_variable_sigma_neurite_2D":0.479,"data_set_value_component_Plasma_membrane_extrusion_mechanisms_variable_Ca_c":0.2},{"data_set_value_component_environment_variable_time":0.6,"data_set_value_component_IP3_dynamics_variable_IP3":2.7711851511,"data_set_value_component_IP3_dynamics_variable_j_IP3":10.2270221696,"data_set_value_component_IP3_dynamics_variable_J_IP3":20.86,"data_set_value_component_IP3_dynamics_variable_k_0":1.188,"data_set_value_component_IP3_dynamics_variable_k_degr":0.14,"data_set_value_component_IP3_dynamics_variable_IP3_0":0.16,"data_set_value_component_ER_variable_Ca_ER":400.0,"data_set_value_component_Calcium_dynamics_variable_Ca":0.17,"data_set_value_component_Calcium_dynamics_variable_alpha":0.0,"data_set_value_component_Channel_kinetics_variable_J_channel":30.691153659,"data_set_value_component_Channel_kinetics_variable_J_max":3500.0,"data_set_value_component_Channel_kinetics_variable_h":0.7348054267,"data_set_value_component_Channel_kinetics_variable_K_act":0.3,"data_set_value_component_Channel_kinetics_variable_K_IP3":0.8,"data_set_value_component_Channel_kinetics_variable_K_inh":0.2,"data_set_value_component_Channel_kinetics_variable_k_on":2.7,"data_set_value_component_SERCA_pump_kinetics_variable_J_pump":1.0645874263,"data_set_value_component_SERCA_pump_kinetics_variable_V_max":3.75,"data_set_value_component_SERCA_pump_kinetics_variable_K_p":0.27,"data_set_value_component_Leak_variable_J_leak":0.0999575,"data_set_value_component_Leak_variable_L":0.1,"data_set_value_component_Calcium_buffering_variable_R_buffering":0.2,"data_set_value_component_Calcium_buffering_variable_R1":0.1,"data_set_value_component_Calcium_buffering_variable_R2":0.1,"data_set_value_component_Calcium_buffering_variable_B1":450.06,"data_set_value_component_Calcium_buffering_variable_B2":75.06,"data_set_value_component_Calcium_buffering_variable_CaB1":-0.06,"data_set_value_component_Calcium_buffering_variable_CaB2":-0.06,"data_set_value_component_Calcium_buffering_variable_k1_on":-0.0012968453,"data_set_value_component_Calcium_buffering_variable_k1_off":-0.0129684506,"data_set_value_component_Calcium_buffering_variable_k2_on":-0.0078280338,"data_set_value_component_Calcium_buffering_variable_k2_off":-0.0018787285,"data_set_value_component_Calcium_buffering_variable_K1":10.0,"data_set_value_component_Calcium_buffering_variable_K2":0.24,"data_set_value_component_Plasma_membrane_extrusion_mechanisms_variable_soma_or_neurite":-1.0,"data_set_value_component_Plasma_membrane_extrusion_mechanisms_variable_j_Ca":0.0,"data_set_value_component_Plasma_membrane_extrusion_mechanisms_variable_gamma_0":8.0,"data_set_value_component_Plasma_membrane_extrusion_mechanisms_variable_gamma":6.1148330184,"data_set_value_component_Plasma_membrane_extrusion_mechanisms_variable_gamma_s":6.1148330184,"data_set_value_component_Plasma_membrane_extrusion_mechanisms_variable_gamma_n":8.8665078767,"data_set_value_component_Plasma_membrane_extrusion_mechanisms_variable_delta":1.45,"data_set_value_component_Plasma_membrane_extrusion_mechanisms_variable_sigma":0.263,"data_set_value_component_Plasma_membrane_extrusion_mechanisms_variable_w_n":0.377,"data_set_value_component_Plasma_membrane_extrusion_mechanisms_variable_w_s":0.623,"data_set_value_component_Plasma_membrane_extrusion_mechanisms_variable_sigma_soma_2D":0.132,"data_set_value_component_Plasma_membrane_extrusion_mechanisms_variable_sigma_neurite_2D":0.479,"data_set_value_component_Plasma_membrane_extrusion_mechanisms_variable_Ca_c":0.2},{"data_set_value_component_environment_variable_time":0.7,"data_set_value_component_IP3_dynamics_variable_IP3":2.7348834024,"data_set_value_component_IP3_dynamics_variable_j_IP3":9.0814461683,"data_set_value_component_IP3_dynamics_variable_J_IP3":20.86,"data_set_value_component_IP3_dynamics_variable_k_0":1.188,"data_set_value_component_IP3_dynamics_variable_k_degr":0.14,"data_set_value_component_IP3_dynamics_variable_IP3_0":0.16,"data_set_value_component_ER_variable_Ca_ER":400.0,"data_set_value_component_Calcium_dynamics_variable_Ca":0.19,"data_set_value_component_Calcium_dynamics_variable_alpha":0.0,"data_set_value_component_Channel_kinetics_variable_J_channel":34.4466175333,"data_set_value_component_Channel_kinetics_variable_J_max":3500.0,"data_set_value_component_Channel_kinetics_variable_h":0.7144530851,"data_set_value_component_Channel_kinetics_variable_K_act":0.3,"data_set_value_component_Channel_kinetics_variable_K_IP3":0.8,"data_set_value_component_Channel_kinetics_variable_K_inh":0.2,"data_set_value_component_Channel_kinetics_variable_k_on":2.7,"data_set_value_component_SERCA_pump_kinetics_variable_J_pump":1.2419724771,"data_set_value_component_SERCA_pump_kinetics_variable_V_max":3.75,"data_set_value_component_SERCA_pump_kinetics_variable_K_p":0.27,"data_set_value_component_Leak_variable_J_leak":0.0999525,"data_set_value_component_Leak_variable_L":0.1,"data_set_value_component_Calcium_buffering_variable_R_buffering":0.2,"data_set_value_component_Calcium_buffering_variable_R1":0.1,"data_set_value_component_Calcium_buffering_variable_R2":0.1,"data_set_value_component_Calcium_buffering_variable_B1":450.07,"data_set_value_component_Calcium_buffering_variable_B2":75.07,"data_set_value_component_Calcium_buffering_variable_CaB1":-0.07,"data_set_value_component_Calcium_buffering_variable_CaB2":-0.07,"data_set_value_component_Calcium_buffering_variable_k1_on":-0.0011599138,"data_set_value_component_Calcium_buffering_variable_k1_off":-0.0115991365,"data_set_value_component_Calcium_buffering_variable_k2_on":-0.0070027521,"data_set_value_component_Calcium_buffering_variable_k2_off":-0.0016806608,"data_set_value_component_Calcium_buffering_variable_K1":10.0,"data_set_value_component_Calcium_buffering_variable_K2":0.24,"data_set_value_component_Plasma_membrane_extrusion_mechanisms_variable_soma_or_neurite":-1.0,"data_set_value_component_Plasma_membrane_extrusion_mechanisms_variable_j_Ca":0.0,"data_set_value_component_Plasma_membrane_extrusion_mechanisms_variable_gamma_0":8.0,"data_set_value_component_Plasma_membrane_extrusion_mechanisms_variable_gamma":6.1148330184,"data_set_value_component_Plasma_membrane_extrusion_mechanisms_variable_gamma_s":6.1148330184,"data_set_value_component_Plasma_membrane_extrusion_mechanisms_variable_gamma_n":8.8665078767,"data_set_value_component_Plasma_membrane_extrusion_mechanisms_variable_delta":1.45,"data_set_value_component_Plasma_membrane_extrusion_mechanisms_variable_sigma":0.263,"data_set_value_component_Plasma_membrane_extrusion_mechanisms_variable_w_n":0.377,"data_set_value_component_Plasma_membrane_extrusion_mechanisms_variable_w_s":0.623,"data_set_value_component_Plasma_membrane_extrusion_mechanisms_variable_sigma_soma_2D":0.132,"data_set_value_component_Plasma_membrane_extrusion_mechanisms_variable_sigma_neurite_2D":0.479,"data_set_value_component_Plasma_membrane_extrusion_mechanisms_variable_Ca_c":0.2},{"data_set_value_component_environment_variable_time":0.8,"data_set_value_component_IP3_dynamics_variable_IP3":2.6990863567,"data_set_value_component_IP3_dynamics_variable_j_IP3":8.0641914275,"data_set_value_component_IP3_dynamics_variable_J_IP3":20.86,"data_set_value_component_IP3_dynamics_variable_k_0":1.188,"data_set_value_component_IP3_dynamics_variable_k_degr":0.14,"data_set_value_component_IP3_dynamics_variable_IP3_0":0.16,"data_set_value_component_ER_variable_Ca_ER":400.0,"data_set_value_component_Calcium_dynamics_variable_Ca":0.21,"data_set_value_component_Calcium_dynamics_variable_alpha":0.0,"data_set_value_component_Channel_kinetics_variable_J_channel":37.2211819785,"data_set_value_component_Channel_kinetics_variable_J_max":3500.0,"data_set_value_component_Channel_kinetics_variable_h":0.6924772166,"data_set_value_component_Channel_kinetics_variable_K_act":0.3,"data_set_value_component_Channel_kinetics_variable_K_IP3":0.8,"data_set_value_component_Channel_kinetics_variable_K_inh":0.2,"data_set_value_component_Channel_kinetics_variable_k_on":2.7,"data_set_value_component_SERCA_pump_kinetics_variable_J_pump":1.4134615385,"data_set_value_component_SERCA_pump_kinetics_variable_V_max":3.75,"data_set_value_component_SERCA_pump_kinetics_variable_K_p":0.27,"data_set_value_component_Leak_variable_J_leak":0.0999475,"data_set_value_component_Leak_variable_L":0.1,"data_set_value_component_Calcium_buffering_variable_R_buffering":0.2,"data_set_value_component_Calcium_buffering_variable_R1":0.1,"data_set_value_component_Calcium_buffering_variable_R2":0.1,"data_set_value_component_Calcium_buffering_variable_B1":450.08,"data_set_value_component_Calcium_buffering_variable_B2":75.08,"data_set_value_component_Calcium_buffering_variable_CaB1":-0.08,"data_set_value_component_Calcium_buffering_variable_CaB2":-0.08,"data_set_value_component_Calcium_buffering_variable_k1_on":-0.001049133,"data_set_value_component_Calcium_buffering_variable_k1_off":-0.0104913285,"data_set_value_component_Calcium_buffering_variable_k2_on":-0.006334727,"data_set_value_component_Calcium_buffering_variable_k2_off":-0.0015203348,"data_set_value_component_Calcium_buffering_variable_K1":10.0,"data_set_value_component_Calcium_buffering_variable_K2":0.24,"data_set_value_component_Plasma_membrane_extrusion_mechanisms_variable_soma_or_neurite":-1.0,"data_set_value_component_Plasma_membrane_extrusion_mechanisms_variable_j_Ca":0.0611483302,"data_set_value_component_Plasma_membrane_extrusion_mechanisms_variable_gamma_0":8.0,"data_set_value_component_Plasma_membrane_extrusion_mechanisms_variable_gamma":6.1148330184,"data_set_value_component_Plasma_membrane_extrusion_mechanisms_variable_gamma_s":6.1148330184,"data_set_value_component_Plasma_membrane_extrusion_mechanisms_variable_gamma_n":8.8665078767,"data_set_value_component_Plasma_membrane_extrusion_mechanisms_variable_delta":1.45,"data_set_value_component_Plasma_membrane_extrusion_mechanisms_variable_sigma":0.263,"data_set_value_component_Plasma_membrane_extrusion_mechanisms_variable_w_n":0.377,"data_set_value_component_Plasma_membrane_extrusion_mechanisms_variable_w_s":0.623,"data_set_value_component_Plasma_membrane_extrusion_mechanisms_variable_sigma_soma_2D":0.132,"data_set_value_component_Plasma_membrane_extrusion_mechanisms_variable_sigma_neurite_2D":0.479,"data_set_value_component_Plasma_membrane_extrusion_mechanisms_variable_Ca_c":0.2},{"data_set_value_component_environment_variable_time":0.9,"data_set_value_component_IP3_dynamics_variable_IP3":2.6637870333,"data_set_value_component_IP3_dynamics_variable_j_IP3":7.1608840898,"data_set_value_component_IP3_dynamics_variable_J_IP3":20.86,"data_set_value_component_IP3_dynamics_variable_k_0":1.188,"data_set_value_component_IP3_dynamics_variable_k_degr":0.14,"data_set_value_component_IP3_dynamics_variable_IP3_0":0.16,"data_set_value_component_ER_variable_Ca_ER":400.0,"data_set_value_component_Calcium_dynamics_variable_Ca":0.23,"data_set_value_component_Calcium_dynamics_variable_alpha":0.0,"data_set_value_component_Channel_kinetics_variable_J_channel":38.9778052078,"data_set_value_component_Channel_kinetics_variable_J_max":3500.0,"data_set_value_component_Channel_kinetics_variable_h":0.6692670199,"data_set_value_component_Channel_kinetics_variable_K_act":0.3,"data_set_value_component_Channel_kinetics_variable_K_IP3":0.8,"data_set_value_component_Channel_kinetics_variable_K_inh":0.2,"data_set_value_component_Channel_kinetics_variable_k_on":2.7,"data_set_value_component_SERCA_pump_kinetics_variable_J_pump":1.5769077901,"data_set_value_component_SERCA_pump_kinetics_variable_V_max":3.75,"data_set_value_component_SERCA_pump_kinetics_variable_K_p":0.27,"data_set_value_component_Leak_variable_J_leak":0.0999425,"data_set_value_component_Leak_variable_L":0.1,"data_set_value_component_Calcium_buffering_variable_R_buffering":0.2,"data_set_value_component_Calcium_buffering_variable_R1":0.1,"data_set_value_component_Calcium_buffering_variable_R2":0.1,"data_set_value_component_Calcium_buffering_variable_B1":450.09,"data_set_value_component_Calcium_buffering_variable_B2":75.09,"data_set_value_component_Calcium_buffering_variable_CaB1":-0.09,"data_set_value_component_Calcium_buffering_variable_CaB2":-0.09,"data_set_value_component_Calcium_buffering_variable_k1_on":-0.0009576645,"data_set_value_component_Calcium_buffering_variable_k1_off":-0.009576644,"data_set_value_component_Calcium_buffering_variable_k2_on":-0.0057829207,"data_set_value_component_Calcium_buffering_variable_k2_off":-0.0013879013,"data_set_value_component_Calcium_buffering_variable_K1":10.0,"data_set_value_component_Calcium_buffering_variable_K2":0.24,"data_set_value_component_Plasma_membrane_extrusion_mechanisms_variable_soma_or_neurite":-1.0,"data_set_value_component_Plasma_membrane_extrusion_mechanisms_variable_j_Ca":0.1834449906,"data_set_value_component_Plasma_membrane_extrusion_mechanisms_variable_gamma_0":8.0,"data_set_value_component_Plasma_membrane_extrusion_mechanisms_variable_gamma":6.1148330184,"data_set_value_component_Plasma_membrane_extrusion_mechanisms_variable_gamma_s":6.1148330184,"data_set_value_component_Plasma_membrane_extrusion_mechanisms_variable_gamma_n":8.8665078767,"data_set_value_component_Plasma_membrane_extrusion_mechanisms_variable_delta":1.45,"data_set_value_component_Plasma_membrane_extrusion_mechanisms_variable_sigma":0.263,"data_set_value_component_Plasma_membrane_extrusion_mechanisms_variable_w_n":0.377,"data_set_value_component_Plasma_membrane_extrusion_mechanisms_variable_w_s":0.623,"data_set_value_component_Plasma_membrane_extrusion_mechanisms_variable_sigma_soma_2D":0.132,"data_set_value_component_Plasma_membrane_extrusion_mechanisms_variable_sigma_neurite_2D":0.479,"data_set_value_component_Plasma_membrane_extrusion_mechanisms_variable_Ca_c":0.2},{"data_set_value_component_environment_variable_time":1.0,"data_set_value_component_IP3_dynamics_variable_IP3":2.6289785152,"data_set_value_component_IP3_dynamics_variable_j_IP3":6.3587603801,"data_set_value_component_IP3_dynamics_variable_J_IP3":20.86,"data_set_value_component_IP3_dynamics_variable_k_0":1.188,"data_set_value_component_IP3_dynamics_variable_k_degr":0.14,"data_set_value_component_IP3_dynamics_variable_IP3_0":0.16,"data_set_value_component_ER_variable_Ca_ER":400.0,"data_set_value_component_Calcium_dynamics_variable_Ca":0.25,"data_set_value_component_Calcium_dynamics_variable_alpha":0.0,"data_set_value_component_Channel_kinetics_variable_J_channel":39.7616685336,"data_set_value_component_Channel_kinetics_variable_J_max":3500.0,"data_set_value_component_Channel_kinetics_variable_h":0.6451931773,"data_set_value_component_Channel_kinetics_variable_K_act":0.3,"data_set_value_component_Channel_kinetics_variable_K_IP3":0.8,"data_set_value_component_Channel_kinetics_variable_K_inh":0.2,"data_set_value_component_Channel_kinetics_variable_k_on":2.7,"data_set_value_component_SERCA_pump_kinetics_variable_J_pump":1.7309822747,"data_set_value_component_SERCA_pump_kinetics_variable_V_max":3.75,"data_set_value_component_SERCA_pump_kinetics_variable_K_p":0.27,"data_set_value_component_Leak_variable_J_leak":0.0999375,"data_set_value_component_Leak_variable_L":0.1,"data_set_value_component_Calcium_buffering_variable_R_buffering":0.2,"data_set_value_component_Calcium_buffering_variable_R1":0.1,"data_set_value_component_Calcium_buffering_variable_R2":0.1,"data_set_value_component_Calcium_buffering_variable_B1":450.1,"data_set_value_component_Calcium_buffering_variable_B2":75.1,"data_set_value_component_Calcium_buffering_variable_CaB1":-0.1,"data_set_value_component_Calcium_buffering_variable_CaB2":-0.1,"data_set_value_component_Calcium_buffering_variable_k1_on":-0.0008808632,"data_set_value_component_Calcium_buffering_variable_k1_off":-0.0088086314,"data_set_value_component_Calcium_buffering_variable_k2_on":-0.0053194319,"data_set_value_component_Calcium_buffering_variable_k2_off":-0.0012766639,"data_set_value_component_Calcium_buffering_variable_K1":10.0,"data_set_value_component_Calcium_buffering_variable_K2":0.24,"data_set_value_component_Plasma_membrane_extrusion_mechanisms_variable_soma_or_neurite":-1.0,"data_set_value_component_Plasma_membrane_extrusion_mechanisms_variable_j_Ca":0.3057416509,"data_set_value_component_Plasma_membrane_extrusion_mechanisms_variable_gamma_0":8.0,"data_set_value_component_Plasma_membrane_extrusion_mechanisms_variable_gamma":6.1148330184,"data_set_value_component_Plasma_membrane_extrusion_mechanisms_variable_gamma_s":6.1148330184,"data_set_value_component_Plasma_membrane_extrusion_mechanisms_variable_gamma_n":8.8665078767,"data_set_value_component_Plasma_membrane_extrusion_mechanisms_variable_delta":1.45,"data_set_value_component_Plasma_membrane_extrusion_mechanisms_variable_sigma":0.263,"data_set_value_component_Plasma_membrane_extrusion_mechanisms_variable_w_n":0.377,"data_set_value_component_Plasma_membrane_extrusion_mechanisms_variable_w_s":0.623,"data_set_value_component_Plasma_membrane_extrusion_mechanisms_variable_sigma_soma_2D":0.132,"data_set_value_component_Plasma_membrane_extrusion_mechanisms_variable_sigma_neurite_2D":0.479,"data_set_value_component_Plasma_membrane_extrusion_mechanisms_variable_Ca_c":0.2}]