[{"file": "simulation_3.sedml"}, {"file": "simulation_1.sedml"}, {"file": "baylor_hollingworth_chandler_2002_e.cellml"}, {"file": "simulation_5.sedml"}, {"file": "report.csv"}, {"file": "simulation_0.sedml"}, {"file": "baylor_hollingworth_chandler_2002_a.cellml"}, {"file": "simulation_2.sedml"}, {"file": "baylor_hollingworth_chandler_2002_c.cellml"}, {"file": "simulation_4.sedml"}, {"file": "baylor_hollingworth_chandler_2002_f.cellml"}, {"file": "baylor_2002.png"}, {"file": "baylor_hollingworth_chandler_2002_d.cellml"}, {"file": "baylor_hollingworth_chandler_2002_b.cellml"}]