[{"data_set_value_component_environment_variable_time":0.0,"data_set_value_component_environment_variable_tau":0.0,"data_set_value_component_a_variable_A":0.0,"data_set_value_component_a_variable_a":0.0000000768,"data_set_value_component_g_variable_G":5.797758187e-16,"data_set_value_component_g_variable_g":0.0000000343,"data_set_value_component_reaction_constants_variable_alpha":0.008,"data_set_value_component_reaction_constants_variable_beta":1.485,"data_set_value_component_reaction_constants_variable_gamma":11.385,"data_set_value_component_reaction_constants_variable_L":0.0068035904,"data_set_value_component_reaction_constants_variable_k2":0.0006,"data_set_value_component_reaction_constants_variable_k3":0.0000048,"data_set_value_component_reaction_constants_variable_k6":0.000891,"data_set_value_component_reaction_constants_variable_k7":0.006831,"data_set_value_component_reaction_constants_variable_k0":0.0000000001,"data_set_value_component_reaction_constants_variable_k4":2100000000000.0,"data_set_value_component_reaction_constants_variable_km":0.0,"data_set_value_component_reaction_constants_variable_K":8.6602533905,"data_set_value_component_reaction_constants_variable_C_0":0.0006,"data_set_value_component_reaction_constants_variable_C_1":0.0000000169,"data_set_value_component_reaction_constants_variable_C_2":0.0000000169},{"data_set_value_component_environment_variable_time":166.6666666667,"data_set_value_component_environment_variable_tau":0.1,"data_set_value_component_a_variable_A":0.000000013,"data_set_value_component_a_variable_a":0.7665029062,"data_set_value_component_g_variable_G":0.0000000005,"data_set_value_component_g_variable_g":0.0274361591,"data_set_value_component_reaction_constants_variable_alpha":0.008,"data_set_value_component_reaction_constants_variable_beta":1.485,"data_set_value_component_reaction_constants_variable_gamma":11.385,"data_set_value_component_reaction_constants_variable_L":0.0068035904,"data_set_value_component_reaction_constants_variable_k2":0.0006,"data_set_value_component_reaction_constants_variable_k3":0.0000048,"data_set_value_component_reaction_constants_variable_k6":0.000891,"data_set_value_component_reaction_constants_variable_k7":0.006831,"data_set_value_component_reaction_constants_variable_k0":0.0000000001,"data_set_value_component_reaction_constants_variable_k4":2100000000000.0,"data_set_value_component_reaction_constants_variable_km":0.0,"data_set_value_component_reaction_constants_variable_K":8.6602533905,"data_set_value_component_reaction_constants_variable_C_0":0.0006,"data_set_value_component_reaction_constants_variable_C_1":0.0000000169,"data_set_value_component_reaction_constants_variable_C_2":0.0000000169},{"data_set_value_component_environment_variable_time":333.3333333333,"data_set_value_component_environment_variable_tau":0.2,"data_set_value_component_a_variable_A":0.000000023,"data_set_value_component_a_variable_a":1.3635810747,"data_set_value_component_g_variable_G":0.0000000013,"data_set_value_component_g_variable_g":0.075697095,"data_set_value_component_reaction_constants_variable_alpha":0.008,"data_set_value_component_reaction_constants_variable_beta":1.485,"data_set_value_component_reaction_constants_variable_gamma":11.385,"data_set_value_component_reaction_constants_variable_L":0.0068035904,"data_set_value_component_reaction_constants_variable_k2":0.0006,"data_set_value_component_reaction_constants_variable_k3":0.0000048,"data_set_value_component_reaction_constants_variable_k6":0.000891,"data_set_value_component_reaction_constants_variable_k7":0.006831,"data_set_value_component_reaction_constants_variable_k0":0.0000000001,"data_set_value_component_reaction_constants_variable_k4":2100000000000.0,"data_set_value_component_reaction_constants_variable_km":0.0,"data_set_value_component_reaction_constants_variable_K":8.6602533905,"data_set_value_component_reaction_constants_variable_C_0":0.0006,"data_set_value_component_reaction_constants_variable_C_1":0.0000000169,"data_set_value_component_reaction_constants_variable_C_2":0.0000000169},{"data_set_value_component_environment_variable_time":500.0,"data_set_value_component_environment_variable_tau":0.3,"data_set_value_component_a_variable_A":0.0000000309,"data_set_value_component_a_variable_a":1.8277118776,"data_set_value_component_g_variable_G":0.0000000021,"data_set_value_component_g_variable_g":0.1225587045,"data_set_value_component_reaction_constants_variable_alpha":0.008,"data_set_value_component_reaction_constants_variable_beta":1.485,"data_set_value_component_reaction_constants_variable_gamma":11.385,"data_set_value_component_reaction_constants_variable_L":0.0068035904,"data_set_value_component_reaction_constants_variable_k2":0.0006,"data_set_value_component_reaction_constants_variable_k3":0.0000048,"data_set_value_component_reaction_constants_variable_k6":0.000891,"data_set_value_component_reaction_constants_variable_k7":0.006831,"data_set_value_component_reaction_constants_variable_k0":0.0000000001,"data_set_value_component_reaction_constants_variable_k4":2100000000000.0,"data_set_value_component_reaction_constants_variable_km":0.0,"data_set_value_component_reaction_constants_variable_K":8.6602533905,"data_set_value_component_reaction_constants_variable_C_0":0.0006,"data_set_value_component_reaction_constants_variable_C_1":0.0000000169,"data_set_value_component_reaction_constants_variable_C_2":0.0000000169},{"data_set_value_component_environment_variable_time":666.6666666667,"data_set_value_component_environment_variable_tau":0.4,"data_set_value_component_a_variable_A":0.000000037,"data_set_value_component_a_variable_a":2.1871603862,"data_set_value_component_g_variable_G":0.0000000028,"data_set_value_component_g_variable_g":0.1628380572,"data_set_value_component_reaction_constants_variable_alpha":0.008,"data_set_value_component_reaction_constants_variable_beta":1.485,"data_set_value_component_reaction_constants_variable_gamma":11.385,"data_set_value_component_reaction_constants_variable_L":0.0068035904,"data_set_value_component_reaction_constants_variable_k2":0.0006,"data_set_value_component_reaction_constants_variable_k3":0.0000048,"data_set_value_component_reaction_constants_variable_k6":0.000891,"data_set_value_component_reaction_constants_variable_k7":0.006831,"data_set_value_component_reaction_constants_variable_k0":0.0000000001,"data_set_value_component_reaction_constants_variable_k4":2100000000000.0,"data_set_value_component_reaction_constants_variable_km":0.0,"data_set_value_component_reaction_constants_variable_K":8.6602533905,"data_set_value_component_reaction_constants_variable_C_0":0.0006,"data_set_value_component_reaction_constants_variable_C_1":0.0000000169,"data_set_value_component_reaction_constants_variable_C_2":0.0000000169},{"data_set_value_component_environment_variable_time":833.3333333333,"data_set_value_component_environment_variable_tau":0.5,"data_set_value_component_a_variable_A":0.0000000417,"data_set_value_component_a_variable_a":2.4642681032,"data_set_value_component_g_variable_G":0.0000000033,"data_set_value_component_g_variable_g":0.1961086112,"data_set_value_component_reaction_constants_variable_alpha":0.008,"data_set_value_component_reaction_constants_variable_beta":1.485,"data_set_value_component_reaction_constants_variable_gamma":11.385,"data_set_value_component_reaction_constants_variable_L":0.0068035904,"data_set_value_component_reaction_constants_variable_k2":0.0006,"data_set_value_component_reaction_constants_variable_k3":0.0000048,"data_set_value_component_reaction_constants_variable_k6":0.000891,"data_set_value_component_reaction_constants_variable_k7":0.006831,"data_set_value_component_reaction_constants_variable_k0":0.0000000001,"data_set_value_component_reaction_constants_variable_k4":2100000000000.0,"data_set_value_component_reaction_constants_variable_km":0.0,"data_set_value_component_reaction_constants_variable_K":8.6602533905,"data_set_value_component_reaction_constants_variable_C_0":0.0006,"data_set_value_component_reaction_constants_variable_C_1":0.0000000169,"data_set_value_component_reaction_constants_variable_C_2":0.0000000169},{"data_set_value_component_environment_variable_time":1000.0,"data_set_value_component_environment_variable_tau":0.6,"data_set_value_component_a_variable_A":0.0000000452,"data_set_value_component_a_variable_a":2.676868002,"data_set_value_component_g_variable_G":0.0000000038,"data_set_value_component_g_variable_g":0.2231101925,"data_set_value_component_reaction_constants_variable_alpha":0.008,"data_set_value_component_reaction_constants_variable_beta":1.485,"data_set_value_component_reaction_constants_variable_gamma":11.385,"data_set_value_component_reaction_constants_variable_L":0.0068035904,"data_set_value_component_reaction_constants_variable_k2":0.0006,"data_set_value_component_reaction_constants_variable_k3":0.0000048,"data_set_value_component_reaction_constants_variable_k6":0.000891,"data_set_value_component_reaction_constants_variable_k7":0.006831,"data_set_value_component_reaction_constants_variable_k0":0.0000000001,"data_set_value_component_reaction_constants_variable_k4":2100000000000.0,"data_set_value_component_reaction_constants_variable_km":0.0,"data_set_value_component_reaction_constants_variable_K":8.6602533905,"data_set_value_component_reaction_constants_variable_C_0":0.0006,"data_set_value_component_reaction_constants_variable_C_1":0.0000000169,"data_set_value_component_reaction_constants_variable_C_2":0.0000000169},{"data_set_value_component_environment_variable_time":1166.6666666667,"data_set_value_component_environment_variable_tau":0.7,"data_set_value_component_a_variable_A":0.000000048,"data_set_value_component_a_variable_a":2.8392063694,"data_set_value_component_g_variable_G":0.0000000041,"data_set_value_component_g_variable_g":0.2447765611,"data_set_value_component_reaction_constants_variable_alpha":0.008,"data_set_value_component_reaction_constants_variable_beta":1.485,"data_set_value_component_reaction_constants_variable_gamma":11.385,"data_set_value_component_reaction_constants_variable_L":0.0068035904,"data_set_value_component_reaction_constants_variable_k2":0.0006,"data_set_value_component_reaction_constants_variable_k3":0.0000048,"data_set_value_component_reaction_constants_variable_k6":0.000891,"data_set_value_component_reaction_constants_variable_k7":0.006831,"data_set_value_component_reaction_constants_variable_k0":0.0000000001,"data_set_value_component_reaction_constants_variable_k4":2100000000000.0,"data_set_value_component_reaction_constants_variable_km":0.0,"data_set_value_component_reaction_constants_variable_K":8.6602533905,"data_set_value_component_reaction_constants_variable_C_0":0.0006,"data_set_value_component_reaction_constants_variable_C_1":0.0000000169,"data_set_value_component_reaction_constants_variable_C_2":0.0000000169},{"data_set_value_component_environment_variable_time":1333.3333333333,"data_set_value_component_environment_variable_tau":0.8,"data_set_value_component_a_variable_A":0.0000000501,"data_set_value_component_a_variable_a":2.9626175112,"data_set_value_component_g_variable_G":0.0000000044,"data_set_value_component_g_variable_g":0.2619949751,"data_set_value_component_reaction_constants_variable_alpha":0.008,"data_set_value_component_reaction_constants_variable_beta":1.485,"data_set_value_component_reaction_constants_variable_gamma":11.385,"data_set_value_component_reaction_constants_variable_L":0.0068035904,"data_set_value_component_reaction_constants_variable_k2":0.0006,"data_set_value_component_reaction_constants_variable_k3":0.0000048,"data_set_value_component_reaction_constants_variable_k6":0.000891,"data_set_value_component_reaction_constants_variable_k7":0.006831,"data_set_value_component_reaction_constants_variable_k0":0.0000000001,"data_set_value_component_reaction_constants_variable_k4":2100000000000.0,"data_set_value_component_reaction_constants_variable_km":0.0,"data_set_value_component_reaction_constants_variable_K":8.6602533905,"data_set_value_component_reaction_constants_variable_C_0":0.0006,"data_set_value_component_reaction_constants_variable_C_1":0.0000000169,"data_set_value_component_reaction_constants_variable_C_2":0.0000000169},{"data_set_value_component_environment_variable_time":1500.0,"data_set_value_component_environment_variable_tau":0.9,"data_set_value_component_a_variable_A":0.0000000517,"data_set_value_component_a_variable_a":3.0560614274,"data_set_value_component_g_variable_G":0.0000000047,"data_set_value_component_g_variable_g":0.2755543211,"data_set_value_component_reaction_constants_variable_alpha":0.008,"data_set_value_component_reaction_constants_variable_beta":1.485,"data_set_value_component_reaction_constants_variable_gamma":11.385,"data_set_value_component_reaction_constants_variable_L":0.0068035904,"data_set_value_component_reaction_constants_variable_k2":0.0006,"data_set_value_component_reaction_constants_variable_k3":0.0000048,"data_set_value_component_reaction_constants_variable_k6":0.000891,"data_set_value_component_reaction_constants_variable_k7":0.006831,"data_set_value_component_reaction_constants_variable_k0":0.0000000001,"data_set_value_component_reaction_constants_variable_k4":2100000000000.0,"data_set_value_component_reaction_constants_variable_km":0.0,"data_set_value_component_reaction_constants_variable_K":8.6602533905,"data_set_value_component_reaction_constants_variable_C_0":0.0006,"data_set_value_component_reaction_constants_variable_C_1":0.0000000169,"data_set_value_component_reaction_constants_variable_C_2":0.0000000169},{"data_set_value_component_environment_variable_time":1666.6666666667,"data_set_value_component_environment_variable_tau":1.0,"data_set_value_component_a_variable_A":0.0000000528,"data_set_value_component_a_variable_a":3.1265666906,"data_set_value_component_g_variable_G":0.0000000048,"data_set_value_component_g_variable_g":0.2861406776,"data_set_value_component_reaction_constants_variable_alpha":0.008,"data_set_value_component_reaction_constants_variable_beta":1.485,"data_set_value_component_reaction_constants_variable_gamma":11.385,"data_set_value_component_reaction_constants_variable_L":0.0068035904,"data_set_value_component_reaction_constants_variable_k2":0.0006,"data_set_value_component_reaction_constants_variable_k3":0.0000048,"data_set_value_component_reaction_constants_variable_k6":0.000891,"data_set_value_component_reaction_constants_variable_k7":0.006831,"data_set_value_component_reaction_constants_variable_k0":0.0000000001,"data_set_value_component_reaction_constants_variable_k4":2100000000000.0,"data_set_value_component_reaction_constants_variable_km":0.0,"data_set_value_component_reaction_constants_variable_K":8.6602533905,"data_set_value_component_reaction_constants_variable_C_0":0.0006,"data_set_value_component_reaction_constants_variable_C_1":0.0000000169,"data_set_value_component_reaction_constants_variable_C_2":0.0000000169}]