[{"file": "bertram_previte_sherman_kinard_satin_2000_slow.cellml"}, {"file": "simulation_1.sedml"}, {"file": "report.csv"}, {"file": "simulation_0.sedml"}, {"file": "simulation_2.sedml"}, {"file": "bertram_previte_sherman_kinard_satin_2000_medium.cellml"}, {"file": "bertram_previte_sherman_kinard_satin_2000.ai"}, {"file": "bertram_previte_sherman_kinard_satin_2000.png"}, {"file": "bertram_2000.png"}, {"file": "bertram_previte_sherman_kinard_satin_2000.xul"}, {"file": "bertram_previte_sherman_kinard_satin_2000_fast.cellml"}, {"file": "bertram_previte_sherman_kinard_satin_2000.svg"}]