[{"data_generator_I1":0.0,"data_generator_T":0.0},{"data_generator_I1":0.099304937,"data_generator_T":10.0},{"data_generator_I1":0.19971886,"data_generator_T":20.0},{"data_generator_I1":0.29884151,"data_generator_T":30.0},{"data_generator_I1":0.39960167,"data_generator_T":40.0},{"data_generator_I1":0.49878344,"data_generator_T":50.0},{"data_generator_I1":0.59863114,"data_generator_T":60.0},{"data_generator_I1":0.69870573,"data_generator_T":70.0},{"data_generator_I1":0.79833907,"data_generator_T":80.0},{"data_generator_I1":0.89888513,"data_generator_T":90.0},{"data_generator_I1":0.9993735,"data_generator_T":100.0},{"data_generator_I1":1.0988892,"data_generator_T":110.0},{"data_generator_I1":1.1999042,"data_generator_T":120.0},{"data_generator_I1":1.2994748,"data_generator_T":130.0},{"data_generator_I1":1.3989614,"data_generator_T":140.0},{"data_generator_I1":1.4997045,"data_generator_T":150.0},{"data_generator_I1":1.5999622,"data_generator_T":160.0},{"data_generator_I1":1.6994811,"data_generator_T":170.0},{"data_generator_I1":1.7994753,"data_generator_T":180.0},{"data_generator_I1":1.8998069,"data_generator_T":190.0},{"data_generator_I1":1.9991837,"data_generator_T":200.0},{"data_generator_I1":2.0985405,"data_generator_T":210.0},{"data_generator_I1":2.1988204,"data_generator_T":220.0},{"data_generator_I1":2.2979825,"data_generator_T":230.0},{"data_generator_I1":2.398973,"data_generator_T":240.0},{"data_generator_I1":2.4993181,"data_generator_T":250.0},{"data_generator_I1":2.599885,"data_generator_T":260.0},{"data_generator_I1":2.6990759,"data_generator_T":270.0},{"data_generator_I1":2.7992966,"data_generator_T":280.0},{"data_generator_I1":2.8993709,"data_generator_T":290.0},{"data_generator_I1":2.9993987,"data_generator_T":300.0},{"data_generator_I1":3.0997543,"data_generator_T":310.0},{"data_generator_I1":3.1994727,"data_generator_T":320.0},{"data_generator_I1":3.2993448,"data_generator_T":330.0},{"data_generator_I1":3.3993018,"data_generator_T":340.0},{"data_generator_I1":3.4996915,"data_generator_T":350.0},{"data_generator_I1":3.5993857,"data_generator_T":360.0},{"data_generator_I1":3.698946,"data_generator_T":370.0},{"data_generator_I1":3.7995963,"data_generator_T":380.0},{"data_generator_I1":3.8985186,"data_generator_T":390.0},{"data_generator_I1":3.9991908,"data_generator_T":400.0},{"data_generator_I1":4.099689,"data_generator_T":410.0},{"data_generator_I1":4.198873,"data_generator_T":420.0},{"data_generator_I1":4.2991939,"data_generator_T":430.0},{"data_generator_I1":4.3991723,"data_generator_T":440.0},{"data_generator_I1":4.4988127,"data_generator_T":450.0},{"data_generator_I1":4.5992079,"data_generator_T":460.0},{"data_generator_I1":4.6998973,"data_generator_T":470.0},{"data_generator_I1":4.798274,"data_generator_T":480.0},{"data_generator_I1":4.8989987,"data_generator_T":490.0},{"data_generator_I1":4.999619,"data_generator_T":500.0},{"data_generator_I1":5.0984087,"data_generator_T":510.0},{"data_generator_I1":5.1996632,"data_generator_T":520.0},{"data_generator_I1":5.2987742,"data_generator_T":530.0},{"data_generator_I1":5.3992405,"data_generator_T":540.0},{"data_generator_I1":5.499342,"data_generator_T":550.0},{"data_generator_I1":5.5991282,"data_generator_T":560.0},{"data_generator_I1":5.6995378,"data_generator_T":570.0},{"data_generator_I1":5.7986393,"data_generator_T":580.0},{"data_generator_I1":5.8985267,"data_generator_T":590.0},{"data_generator_I1":5.9998651,"data_generator_T":600.0},{"data_generator_I1":6.0990577,"data_generator_T":610.0},{"data_generator_I1":6.1999745,"data_generator_T":620.0},{"data_generator_I1":6.2997961,"data_generator_T":630.0},{"data_generator_I1":6.3995085,"data_generator_T":640.0},{"data_generator_I1":6.4981217,"data_generator_T":650.0},{"data_generator_I1":6.5999188,"data_generator_T":660.0},{"data_generator_I1":6.6984243,"data_generator_T":670.0},{"data_generator_I1":6.7993269,"data_generator_T":680.0},{"data_generator_I1":6.8989177,"data_generator_T":690.0},{"data_generator_I1":6.999629,"data_generator_T":700.0},{"data_generator_I1":7.0997548,"data_generator_T":710.0},{"data_generator_I1":7.1999755,"data_generator_T":720.0},{"data_generator_I1":7.2995582,"data_generator_T":730.0},{"data_generator_I1":7.3989797,"data_generator_T":740.0},{"data_generator_I1":7.4997196,"data_generator_T":750.0},{"data_generator_I1":7.599668,"data_generator_T":760.0},{"data_generator_I1":7.6992702,"data_generator_T":770.0},{"data_generator_I1":7.7999568,"data_generator_T":780.0},{"data_generator_I1":7.8988719,"data_generator_T":790.0},{"data_generator_I1":7.9978805,"data_generator_T":800.0},{"data_generator_I1":8.0997105,"data_generator_T":810.0},{"data_generator_I1":8.1990728,"data_generator_T":820.0},{"data_generator_I1":8.2991304,"data_generator_T":830.0},{"data_generator_I1":8.3986111,"data_generator_T":840.0},{"data_generator_I1":8.4994154,"data_generator_T":850.0},{"data_generator_I1":8.5985222,"data_generator_T":860.0},{"data_generator_I1":8.6995125,"data_generator_T":870.0},{"data_generator_I1":8.7994165,"data_generator_T":880.0},{"data_generator_I1":8.8985777,"data_generator_T":890.0},{"data_generator_I1":8.9998493,"data_generator_T":900.0},{"data_generator_I1":9.099967,"data_generator_T":910.0},{"data_generator_I1":9.1987429,"data_generator_T":920.0},{"data_generator_I1":9.2984524,"data_generator_T":930.0},{"data_generator_I1":9.3991261,"data_generator_T":940.0},{"data_generator_I1":9.4988146,"data_generator_T":950.0},{"data_generator_I1":9.599431,"data_generator_T":960.0},{"data_generator_I1":9.6998034,"data_generator_T":970.0},{"data_generator_I1":9.7995768,"data_generator_T":980.0},{"data_generator_I1":9.8994932,"data_generator_T":990.0},{"data_generator_I1":9.9992609,"data_generator_T":1000.0},{"data_generator_I1":10.099956,"data_generator_T":1010.0},{"data_generator_I1":10.198851,"data_generator_T":1020.0},{"data_generator_I1":10.299101,"data_generator_T":1030.0},{"data_generator_I1":10.399109,"data_generator_T":1040.0},{"data_generator_I1":10.499188,"data_generator_T":1050.0},{"data_generator_I1":10.599922,"data_generator_T":1060.0},{"data_generator_I1":10.698857,"data_generator_T":1070.0},{"data_generator_I1":10.799438,"data_generator_T":1080.0},{"data_generator_I1":10.898788,"data_generator_T":1090.0},{"data_generator_I1":10.999138,"data_generator_T":1100.0},{"data_generator_I1":11.099462,"data_generator_T":1110.0},{"data_generator_I1":11.198833,"data_generator_T":1120.0},{"data_generator_I1":11.299669,"data_generator_T":1130.0},{"data_generator_I1":11.398849,"data_generator_T":1140.0},{"data_generator_I1":11.499972,"data_generator_T":1150.0},{"data_generator_I1":11.599245,"data_generator_T":1160.0},{"data_generator_I1":11.698687,"data_generator_T":1170.0},{"data_generator_I1":11.799716,"data_generator_T":1180.0},{"data_generator_I1":11.899513,"data_generator_T":1190.0},{"data_generator_I1":11.999358,"data_generator_T":1200.0},{"data_generator_I1":12.099773,"data_generator_T":1210.0},{"data_generator_I1":12.199793,"data_generator_T":1220.0},{"data_generator_I1":12.298981,"data_generator_T":1230.0},{"data_generator_I1":12.399002,"data_generator_T":1240.0},{"data_generator_I1":12.499006,"data_generator_T":1250.0},{"data_generator_I1":12.599931,"data_generator_T":1260.0},{"data_generator_I1":12.699913,"data_generator_T":1270.0},{"data_generator_I1":12.79754,"data_generator_T":1280.0},{"data_generator_I1":12.899283,"data_generator_T":1290.0},{"data_generator_I1":12.999833,"data_generator_T":1300.0},{"data_generator_I1":13.099932,"data_generator_T":1310.0},{"data_generator_I1":13.198983,"data_generator_T":1320.0},{"data_generator_I1":13.299005,"data_generator_T":1330.0},{"data_generator_I1":13.39882,"data_generator_T":1340.0},{"data_generator_I1":13.499848,"data_generator_T":1350.0},{"data_generator_I1":13.599837,"data_generator_T":1360.0},{"data_generator_I1":13.698951,"data_generator_T":1370.0},{"data_generator_I1":13.799842,"data_generator_T":1380.0},{"data_generator_I1":13.899579,"data_generator_T":1390.0},{"data_generator_I1":13.99953,"data_generator_T":1400.0},{"data_generator_I1":14.099767,"data_generator_T":1410.0},{"data_generator_I1":14.199758,"data_generator_T":1420.0},{"data_generator_I1":14.29998,"data_generator_T":1430.0},{"data_generator_I1":14.399189,"data_generator_T":1440.0},{"data_generator_I1":14.499854,"data_generator_T":1450.0},{"data_generator_I1":14.59984,"data_generator_T":1460.0},{"data_generator_I1":14.699964,"data_generator_T":1470.0},{"data_generator_I1":14.799188,"data_generator_T":1480.0},{"data_generator_I1":14.899685,"data_generator_T":1490.0},{"data_generator_I1":14.99983,"data_generator_T":1500.0},{"data_generator_I1":15.099991,"data_generator_T":1510.0},{"data_generator_I1":15.199387,"data_generator_T":1520.0},{"data_generator_I1":15.299397,"data_generator_T":1530.0},{"data_generator_I1":15.39889,"data_generator_T":1540.0},{"data_generator_I1":15.499954,"data_generator_T":1550.0},{"data_generator_I1":15.59931,"data_generator_T":1560.0},{"data_generator_I1":15.699807,"data_generator_T":1570.0},{"data_generator_I1":15.799415,"data_generator_T":1580.0},{"data_generator_I1":15.899812,"data_generator_T":1590.0},{"data_generator_I1":15.999761,"data_generator_T":1600.0},{"data_generator_I1":16.098799,"data_generator_T":1610.0},{"data_generator_I1":16.199539,"data_generator_T":1620.0},{"data_generator_I1":16.299023,"data_generator_T":1630.0},{"data_generator_I1":16.398621,"data_generator_T":1640.0},{"data_generator_I1":16.498936,"data_generator_T":1650.0},{"data_generator_I1":16.599133,"data_generator_T":1660.0},{"data_generator_I1":16.699621,"data_generator_T":1670.0},{"data_generator_I1":16.799229,"data_generator_T":1680.0},{"data_generator_I1":16.899969,"data_generator_T":1690.0},{"data_generator_I1":16.999048,"data_generator_T":1700.0},{"data_generator_I1":17.099598,"data_generator_T":1710.0},{"data_generator_I1":17.199156,"data_generator_T":1720.0},{"data_generator_I1":17.299782,"data_generator_T":1730.0},{"data_generator_I1":17.399971,"data_generator_T":1740.0},{"data_generator_I1":17.499943,"data_generator_T":1750.0},{"data_generator_I1":17.599882,"data_generator_T":1760.0},{"data_generator_I1":17.699512,"data_generator_T":1770.0},{"data_generator_I1":17.799814,"data_generator_T":1780.0},{"data_generator_I1":17.899792,"data_generator_T":1790.0},{"data_generator_I1":17.99959,"data_generator_T":1800.0},{"data_generator_I1":18.099525,"data_generator_T":1810.0},{"data_generator_I1":18.199499,"data_generator_T":1820.0},{"data_generator_I1":18.29998,"data_generator_T":1830.0},{"data_generator_I1":18.399244,"data_generator_T":1840.0},{"data_generator_I1":18.499491,"data_generator_T":1850.0},{"data_generator_I1":18.599073,"data_generator_T":1860.0},{"data_generator_I1":18.699682,"data_generator_T":1870.0},{"data_generator_I1":18.799444,"data_generator_T":1880.0},{"data_generator_I1":18.899662,"data_generator_T":1890.0},{"data_generator_I1":18.999886,"data_generator_T":1900.0},{"data_generator_I1":19.099232,"data_generator_T":1910.0},{"data_generator_I1":19.199436,"data_generator_T":1920.0},{"data_generator_I1":19.299862,"data_generator_T":1930.0},{"data_generator_I1":19.399187,"data_generator_T":1940.0},{"data_generator_I1":19.49958,"data_generator_T":1950.0},{"data_generator_I1":19.599707,"data_generator_T":1960.0},{"data_generator_I1":19.6992,"data_generator_T":1970.0},{"data_generator_I1":19.799675,"data_generator_T":1980.0},{"data_generator_I1":19.899323,"data_generator_T":1990.0},{"data_generator_I1":19.999361,"data_generator_T":2000.0},{"data_generator_I1":20.099972,"data_generator_T":2010.0},{"data_generator_I1":20.199415,"data_generator_T":2020.0},{"data_generator_I1":20.299009,"data_generator_T":2030.0},{"data_generator_I1":20.3992,"data_generator_T":2040.0},{"data_generator_I1":20.499702,"data_generator_T":2050.0},{"data_generator_I1":20.597898,"data_generator_T":2060.0},{"data_generator_I1":20.699583,"data_generator_T":2070.0},{"data_generator_I1":20.799265,"data_generator_T":2080.0},{"data_generator_I1":20.899862,"data_generator_T":2090.0},{"data_generator_I1":20.999525,"data_generator_T":2100.0},{"data_generator_I1":21.099247,"data_generator_T":2110.0},{"data_generator_I1":21.199913,"data_generator_T":2120.0},{"data_generator_I1":21.298519,"data_generator_T":2130.0},{"data_generator_I1":21.399027,"data_generator_T":2140.0},{"data_generator_I1":21.499609,"data_generator_T":2150.0},{"data_generator_I1":21.598759,"data_generator_T":2160.0},{"data_generator_I1":21.699566,"data_generator_T":2170.0},{"data_generator_I1":21.799194,"data_generator_T":2180.0},{"data_generator_I1":21.899235,"data_generator_T":2190.0},{"data_generator_I1":21.999578,"data_generator_T":2200.0},{"data_generator_I1":22.099861,"data_generator_T":2210.0},{"data_generator_I1":22.19998,"data_generator_T":2220.0},{"data_generator_I1":22.299709,"data_generator_T":2230.0},{"data_generator_I1":22.399822,"data_generator_T":2240.0},{"data_generator_I1":22.499981,"data_generator_T":2250.0},{"data_generator_I1":22.599133,"data_generator_T":2260.0},{"data_generator_I1":22.698994,"data_generator_T":2270.0},{"data_generator_I1":22.799904,"data_generator_T":2280.0},{"data_generator_I1":22.899246,"data_generator_T":2290.0},{"data_generator_I1":22.999866,"data_generator_T":2300.0},{"data_generator_I1":23.099998,"data_generator_T":2310.0},{"data_generator_I1":23.199226,"data_generator_T":2320.0},{"data_generator_I1":23.299555,"data_generator_T":2330.0},{"data_generator_I1":23.399981,"data_generator_T":2340.0},{"data_generator_I1":23.499069,"data_generator_T":2350.0},{"data_generator_I1":23.599543,"data_generator_T":2360.0},{"data_generator_I1":23.69948,"data_generator_T":2370.0},{"data_generator_I1":23.799339,"data_generator_T":2380.0},{"data_generator_I1":23.899267,"data_generator_T":2390.0},{"data_generator_I1":23.998749,"data_generator_T":2400.0},{"data_generator_I1":24.099346,"data_generator_T":2410.0},{"data_generator_I1":24.199825,"data_generator_T":2420.0},{"data_generator_I1":24.299818,"data_generator_T":2430.0},{"data_generator_I1":24.399508,"data_generator_T":2440.0},{"data_generator_I1":24.49976,"data_generator_T":2450.0},{"data_generator_I1":24.599018,"data_generator_T":2460.0},{"data_generator_I1":24.699316,"data_generator_T":2470.0},{"data_generator_I1":24.799152,"data_generator_T":2480.0},{"data_generator_I1":24.899992,"data_generator_T":2490.0},{"data_generator_I1":24.999533,"data_generator_T":2500.0},{"data_generator_I1":24.900137,"data_generator_T":2510.0},{"data_generator_I1":24.800381,"data_generator_T":2520.0},{"data_generator_I1":24.700008,"data_generator_T":2530.0},{"data_generator_I1":24.602095,"data_generator_T":2540.0},{"data_generator_I1":24.500174,"data_generator_T":2550.0},{"data_generator_I1":24.401392,"data_generator_T":2560.0},{"data_generator_I1":24.300352,"data_generator_T":2570.0},{"data_generator_I1":24.20096,"data_generator_T":2580.0},{"data_generator_I1":24.10018,"data_generator_T":2590.0},{"data_generator_I1":24.000154,"data_generator_T":2600.0},{"data_generator_I1":23.900066,"data_generator_T":2610.0},{"data_generator_I1":23.800125,"data_generator_T":2620.0},{"data_generator_I1":23.700024,"data_generator_T":2630.0},{"data_generator_I1":23.600492,"data_generator_T":2640.0},{"data_generator_I1":23.500065,"data_generator_T":2650.0},{"data_generator_I1":23.400084,"data_generator_T":2660.0},{"data_generator_I1":23.300053,"data_generator_T":2670.0},{"data_generator_I1":23.200441,"data_generator_T":2680.0},{"data_generator_I1":23.100004,"data_generator_T":2690.0},{"data_generator_I1":23.000692,"data_generator_T":2700.0},{"data_generator_I1":22.900158,"data_generator_T":2710.0},{"data_generator_I1":22.801035,"data_generator_T":2720.0},{"data_generator_I1":22.70009,"data_generator_T":2730.0},{"data_generator_I1":22.600199,"data_generator_T":2740.0},{"data_generator_I1":22.500111,"data_generator_T":2750.0},{"data_generator_I1":22.400236,"data_generator_T":2760.0},{"data_generator_I1":22.300188,"data_generator_T":2770.0},{"data_generator_I1":22.200779,"data_generator_T":2780.0},{"data_generator_I1":22.100201,"data_generator_T":2790.0},{"data_generator_I1":22.000561,"data_generator_T":2800.0},{"data_generator_I1":21.900185,"data_generator_T":2810.0},{"data_generator_I1":21.800642,"data_generator_T":2820.0},{"data_generator_I1":21.700111,"data_generator_T":2830.0},{"data_generator_I1":21.60059,"data_generator_T":2840.0},{"data_generator_I1":21.500629,"data_generator_T":2850.0},{"data_generator_I1":21.400032,"data_generator_T":2860.0},{"data_generator_I1":21.300177,"data_generator_T":2870.0},{"data_generator_I1":21.200668,"data_generator_T":2880.0},{"data_generator_I1":21.100636,"data_generator_T":2890.0},{"data_generator_I1":21.00016,"data_generator_T":2900.0},{"data_generator_I1":20.900003,"data_generator_T":2910.0},{"data_generator_I1":20.800247,"data_generator_T":2920.0},{"data_generator_I1":20.700754,"data_generator_T":2930.0},{"data_generator_I1":20.600292,"data_generator_T":2940.0},{"data_generator_I1":20.500353,"data_generator_T":2950.0},{"data_generator_I1":20.400532,"data_generator_T":2960.0},{"data_generator_I1":20.300533,"data_generator_T":2970.0},{"data_generator_I1":20.200392,"data_generator_T":2980.0},{"data_generator_I1":20.100969,"data_generator_T":2990.0},{"data_generator_I1":20.000261,"data_generator_T":3000.0},{"data_generator_I1":19.900885,"data_generator_T":3010.0},{"data_generator_I1":19.800222,"data_generator_T":3020.0},{"data_generator_I1":19.700943,"data_generator_T":3030.0},{"data_generator_I1":19.600309,"data_generator_T":3040.0},{"data_generator_I1":19.500961,"data_generator_T":3050.0},{"data_generator_I1":19.400061,"data_generator_T":3060.0},{"data_generator_I1":19.300314,"data_generator_T":3070.0},{"data_generator_I1":19.200384,"data_generator_T":3080.0},{"data_generator_I1":19.100494,"data_generator_T":3090.0},{"data_generator_I1":19.000011,"data_generator_T":3100.0},{"data_generator_I1":18.900253,"data_generator_T":3110.0},{"data_generator_I1":18.800098,"data_generator_T":3120.0},{"data_generator_I1":18.700274,"data_generator_T":3130.0},{"data_generator_I1":18.600283,"data_generator_T":3140.0},{"data_generator_I1":18.500484,"data_generator_T":3150.0},{"data_generator_I1":18.400085,"data_generator_T":3160.0},{"data_generator_I1":18.30023,"data_generator_T":3170.0},{"data_generator_I1":18.200155,"data_generator_T":3180.0},{"data_generator_I1":18.100079,"data_generator_T":3190.0},{"data_generator_I1":18.000298,"data_generator_T":3200.0},{"data_generator_I1":17.900728,"data_generator_T":3210.0},{"data_generator_I1":17.800051,"data_generator_T":3220.0},{"data_generator_I1":17.700344,"data_generator_T":3230.0},{"data_generator_I1":17.600639,"data_generator_T":3240.0},{"data_generator_I1":17.500038,"data_generator_T":3250.0},{"data_generator_I1":17.400394,"data_generator_T":3260.0},{"data_generator_I1":17.300127,"data_generator_T":3270.0},{"data_generator_I1":17.200064,"data_generator_T":3280.0},{"data_generator_I1":17.100037,"data_generator_T":3290.0},{"data_generator_I1":17.000988,"data_generator_T":3300.0},{"data_generator_I1":16.900013,"data_generator_T":3310.0},{"data_generator_I1":16.800686,"data_generator_T":3320.0},{"data_generator_I1":16.700125,"data_generator_T":3330.0},{"data_generator_I1":16.600084,"data_generator_T":3340.0},{"data_generator_I1":16.500013,"data_generator_T":3350.0},{"data_generator_I1":16.400673,"data_generator_T":3360.0},{"data_generator_I1":16.300156,"data_generator_T":3370.0},{"data_generator_I1":16.201262,"data_generator_T":3380.0},{"data_generator_I1":16.100216,"data_generator_T":3390.0},{"data_generator_I1":16.000868,"data_generator_T":3400.0},{"data_generator_I1":15.900401,"data_generator_T":3410.0},{"data_generator_I1":15.80078,"data_generator_T":3420.0},{"data_generator_I1":15.700521,"data_generator_T":3430.0},{"data_generator_I1":15.600604,"data_generator_T":3440.0},{"data_generator_I1":15.500479,"data_generator_T":3450.0},{"data_generator_I1":15.400215,"data_generator_T":3460.0},{"data_generator_I1":15.300572,"data_generator_T":3470.0},{"data_generator_I1":15.200108,"data_generator_T":3480.0},{"data_generator_I1":15.100902,"data_generator_T":3490.0},{"data_generator_I1":15.000066,"data_generator_T":3500.0},{"data_generator_I1":14.901018,"data_generator_T":3510.0},{"data_generator_I1":14.800342,"data_generator_T":3520.0},{"data_generator_I1":14.700295,"data_generator_T":3530.0},{"data_generator_I1":14.600409,"data_generator_T":3540.0},{"data_generator_I1":14.500706,"data_generator_T":3550.0},{"data_generator_I1":14.400195,"data_generator_T":3560.0},{"data_generator_I1":14.301154,"data_generator_T":3570.0},{"data_generator_I1":14.200303,"data_generator_T":3580.0},{"data_generator_I1":14.100557,"data_generator_T":3590.0},{"data_generator_I1":14.000875,"data_generator_T":3600.0},{"data_generator_I1":13.9,"data_generator_T":3610.0},{"data_generator_I1":13.800842,"data_generator_T":3620.0},{"data_generator_I1":13.700183,"data_generator_T":3630.0},{"data_generator_I1":13.600081,"data_generator_T":3640.0},{"data_generator_I1":13.500184,"data_generator_T":3650.0},{"data_generator_I1":13.400544,"data_generator_T":3660.0},{"data_generator_I1":13.300167,"data_generator_T":3670.0},{"data_generator_I1":13.201024,"data_generator_T":3680.0},{"data_generator_I1":13.100971,"data_generator_T":3690.0},{"data_generator_I1":13.000219,"data_generator_T":3700.0},{"data_generator_I1":12.900659,"data_generator_T":3710.0},{"data_generator_I1":12.800056,"data_generator_T":3720.0},{"data_generator_I1":12.700324,"data_generator_T":3730.0},{"data_generator_I1":12.600398,"data_generator_T":3740.0},{"data_generator_I1":12.500521,"data_generator_T":3750.0},{"data_generator_I1":12.400664,"data_generator_T":3760.0},{"data_generator_I1":12.30052,"data_generator_T":3770.0},{"data_generator_I1":12.201027,"data_generator_T":3780.0},{"data_generator_I1":12.100244,"data_generator_T":3790.0},{"data_generator_I1":12.000448,"data_generator_T":3800.0},{"data_generator_I1":11.90008,"data_generator_T":3810.0},{"data_generator_I1":11.800883,"data_generator_T":3820.0},{"data_generator_I1":11.700168,"data_generator_T":3830.0},{"data_generator_I1":11.60042,"data_generator_T":3840.0},{"data_generator_I1":11.500412,"data_generator_T":3850.0},{"data_generator_I1":11.400652,"data_generator_T":3860.0},{"data_generator_I1":11.300381,"data_generator_T":3870.0},{"data_generator_I1":11.200081,"data_generator_T":3880.0},{"data_generator_I1":11.100806,"data_generator_T":3890.0},{"data_generator_I1":11.000712,"data_generator_T":3900.0},{"data_generator_I1":10.900599,"data_generator_T":3910.0},{"data_generator_I1":10.800449,"data_generator_T":3920.0},{"data_generator_I1":10.700485,"data_generator_T":3930.0},{"data_generator_I1":10.600695,"data_generator_T":3940.0},{"data_generator_I1":10.500022,"data_generator_T":3950.0},{"data_generator_I1":10.4002,"data_generator_T":3960.0},{"data_generator_I1":10.300206,"data_generator_T":3970.0},{"data_generator_I1":10.200135,"data_generator_T":3980.0},{"data_generator_I1":10.10043,"data_generator_T":3990.0},{"data_generator_I1":10.000431,"data_generator_T":4000.0},{"data_generator_I1":9.9001513,"data_generator_T":4010.0},{"data_generator_I1":9.8000355,"data_generator_T":4020.0},{"data_generator_I1":9.700964,"data_generator_T":4030.0},{"data_generator_I1":9.6005535,"data_generator_T":4040.0},{"data_generator_I1":9.5003366,"data_generator_T":4050.0},{"data_generator_I1":9.4008417,"data_generator_T":4060.0},{"data_generator_I1":9.3000021,"data_generator_T":4070.0},{"data_generator_I1":9.2000599,"data_generator_T":4080.0},{"data_generator_I1":9.1000748,"data_generator_T":4090.0},{"data_generator_I1":9.0007105,"data_generator_T":4100.0},{"data_generator_I1":8.9000263,"data_generator_T":4110.0},{"data_generator_I1":8.8003321,"data_generator_T":4120.0},{"data_generator_I1":8.7002764,"data_generator_T":4130.0},{"data_generator_I1":8.6002293,"data_generator_T":4140.0},{"data_generator_I1":8.5006418,"data_generator_T":4150.0},{"data_generator_I1":8.4006557,"data_generator_T":4160.0},{"data_generator_I1":8.3001471,"data_generator_T":4170.0},{"data_generator_I1":8.200264,"data_generator_T":4180.0},{"data_generator_I1":8.1000881,"data_generator_T":4190.0},{"data_generator_I1":8.0000114,"data_generator_T":4200.0},{"data_generator_I1":7.9003725,"data_generator_T":4210.0},{"data_generator_I1":7.8001504,"data_generator_T":4220.0},{"data_generator_I1":7.7004504,"data_generator_T":4230.0},{"data_generator_I1":7.6000571,"data_generator_T":4240.0},{"data_generator_I1":7.5005064,"data_generator_T":4250.0},{"data_generator_I1":7.4000487,"data_generator_T":4260.0},{"data_generator_I1":7.3001513,"data_generator_T":4270.0},{"data_generator_I1":7.2010283,"data_generator_T":4280.0},{"data_generator_I1":7.1001253,"data_generator_T":4290.0},{"data_generator_I1":7.000679,"data_generator_T":4300.0},{"data_generator_I1":6.9006886,"data_generator_T":4310.0},{"data_generator_I1":6.8002501,"data_generator_T":4320.0},{"data_generator_I1":6.7002769,"data_generator_T":4330.0},{"data_generator_I1":6.600018,"data_generator_T":4340.0},{"data_generator_I1":6.5003247,"data_generator_T":4350.0},{"data_generator_I1":6.4003153,"data_generator_T":4360.0},{"data_generator_I1":6.3001866,"data_generator_T":4370.0},{"data_generator_I1":6.200429,"data_generator_T":4380.0},{"data_generator_I1":6.1002855,"data_generator_T":4390.0},{"data_generator_I1":6.0008245,"data_generator_T":4400.0},{"data_generator_I1":5.9003096,"data_generator_T":4410.0},{"data_generator_I1":5.8003879,"data_generator_T":4420.0},{"data_generator_I1":5.7005816,"data_generator_T":4430.0},{"data_generator_I1":5.6004806,"data_generator_T":4440.0},{"data_generator_I1":5.5017095,"data_generator_T":4450.0},{"data_generator_I1":5.4001193,"data_generator_T":4460.0},{"data_generator_I1":5.3000493,"data_generator_T":4470.0},{"data_generator_I1":5.2013688,"data_generator_T":4480.0},{"data_generator_I1":5.1006217,"data_generator_T":4490.0},{"data_generator_I1":5.0002255,"data_generator_T":4500.0},{"data_generator_I1":4.9000363,"data_generator_T":4510.0},{"data_generator_I1":4.800262,"data_generator_T":4520.0},{"data_generator_I1":4.700141,"data_generator_T":4530.0},{"data_generator_I1":4.6003428,"data_generator_T":4540.0},{"data_generator_I1":4.5000005,"data_generator_T":4550.0},{"data_generator_I1":4.4010968,"data_generator_T":4560.0},{"data_generator_I1":4.3000722,"data_generator_T":4570.0},{"data_generator_I1":4.2005143,"data_generator_T":4580.0},{"data_generator_I1":4.1005778,"data_generator_T":4590.0},{"data_generator_I1":4.0001683,"data_generator_T":4600.0},{"data_generator_I1":3.9005275,"data_generator_T":4610.0},{"data_generator_I1":3.8006084,"data_generator_T":4620.0},{"data_generator_I1":3.7000184,"data_generator_T":4630.0},{"data_generator_I1":3.601279,"data_generator_T":4640.0},{"data_generator_I1":3.5000234,"data_generator_T":4650.0},{"data_generator_I1":3.4008181,"data_generator_T":4660.0},{"data_generator_I1":3.3016016,"data_generator_T":4670.0},{"data_generator_I1":3.2001486,"data_generator_T":4680.0},{"data_generator_I1":3.1012807,"data_generator_T":4690.0},{"data_generator_I1":3.0005593,"data_generator_T":4700.0},{"data_generator_I1":2.9000766,"data_generator_T":4710.0},{"data_generator_I1":2.8012288,"data_generator_T":4720.0},{"data_generator_I1":2.7007754,"data_generator_T":4730.0},{"data_generator_I1":2.6000457,"data_generator_T":4740.0},{"data_generator_I1":2.5007844,"data_generator_T":4750.0},{"data_generator_I1":2.4000902,"data_generator_T":4760.0},{"data_generator_I1":2.3001692,"data_generator_T":4770.0},{"data_generator_I1":2.2007914,"data_generator_T":4780.0},{"data_generator_I1":2.1003084,"data_generator_T":4790.0},{"data_generator_I1":2.0014582,"data_generator_T":4800.0},{"data_generator_I1":1.9004612,"data_generator_T":4810.0},{"data_generator_I1":1.8001747,"data_generator_T":4820.0},{"data_generator_I1":1.7011582,"data_generator_T":4830.0},{"data_generator_I1":1.6004778,"data_generator_T":4840.0},{"data_generator_I1":1.5000324,"data_generator_T":4850.0},{"data_generator_I1":1.4007335,"data_generator_T":4860.0},{"data_generator_I1":1.3000151,"data_generator_T":4870.0},{"data_generator_I1":1.200187,"data_generator_T":4880.0},{"data_generator_I1":1.1009539,"data_generator_T":4890.0},{"data_generator_I1":1.000263,"data_generator_T":4900.0},{"data_generator_I1":0.90057218,"data_generator_T":4910.0},{"data_generator_I1":0.80077738,"data_generator_T":4920.0},{"data_generator_I1":0.70040768,"data_generator_T":4930.0},{"data_generator_I1":0.60040307,"data_generator_T":4940.0},{"data_generator_I1":0.50019974,"data_generator_T":4950.0},{"data_generator_I1":0.40069309,"data_generator_T":4960.0},{"data_generator_I1":0.30133593,"data_generator_T":4970.0},{"data_generator_I1":0.20055044,"data_generator_T":4980.0},{"data_generator_I1":0.1004014,"data_generator_T":4990.0},{"data_generator_I1":0.0006860149,"data_generator_T":5000.0},{"data_generator_I1":-0.099359132,"data_generator_T":5010.0},{"data_generator_I1":-0.19995424,"data_generator_T":5020.0},{"data_generator_I1":-0.29909787,"data_generator_T":5030.0},{"data_generator_I1":-0.39964318,"data_generator_T":5040.0},{"data_generator_I1":-0.49977645,"data_generator_T":5050.0},{"data_generator_I1":-0.59924406,"data_generator_T":5060.0},{"data_generator_I1":-0.69970942,"data_generator_T":5070.0},{"data_generator_I1":-0.7999332,"data_generator_T":5080.0},{"data_generator_I1":-0.89922035,"data_generator_T":5090.0},{"data_generator_I1":-0.99959016,"data_generator_T":5100.0},{"data_generator_I1":-1.0999267,"data_generator_T":5110.0},{"data_generator_I1":-1.1988037,"data_generator_T":5120.0},{"data_generator_I1":-1.299435,"data_generator_T":5130.0},{"data_generator_I1":-1.3999954,"data_generator_T":5140.0},{"data_generator_I1":-1.4996819,"data_generator_T":5150.0},{"data_generator_I1":-1.5992029,"data_generator_T":5160.0},{"data_generator_I1":-1.6997861,"data_generator_T":5170.0},{"data_generator_I1":-1.7993865,"data_generator_T":5180.0},{"data_generator_I1":-1.8998756,"data_generator_T":5190.0},{"data_generator_I1":-1.9997829,"data_generator_T":5200.0},{"data_generator_I1":-2.0997136,"data_generator_T":5210.0},{"data_generator_I1":-2.1994615,"data_generator_T":5220.0},{"data_generator_I1":-2.2997575,"data_generator_T":5230.0},{"data_generator_I1":-2.3990831,"data_generator_T":5240.0},{"data_generator_I1":-2.4995079,"data_generator_T":5250.0},{"data_generator_I1":-2.5993865,"data_generator_T":5260.0},{"data_generator_I1":-2.6986356,"data_generator_T":5270.0},{"data_generator_I1":-2.7992609,"data_generator_T":5280.0},{"data_generator_I1":-2.8997824,"data_generator_T":5290.0},{"data_generator_I1":-2.9993618,"data_generator_T":5300.0},{"data_generator_I1":-3.0999155,"data_generator_T":5310.0},{"data_generator_I1":-3.1993377,"data_generator_T":5320.0},{"data_generator_I1":-3.2991767,"data_generator_T":5330.0},{"data_generator_I1":-3.3987761,"data_generator_T":5340.0},{"data_generator_I1":-3.4998748,"data_generator_T":5350.0},{"data_generator_I1":-3.5998809,"data_generator_T":5360.0},{"data_generator_I1":-3.6994605,"data_generator_T":5370.0},{"data_generator_I1":-3.7999988,"data_generator_T":5380.0},{"data_generator_I1":-3.8999801,"data_generator_T":5390.0},{"data_generator_I1":-3.9992137,"data_generator_T":5400.0},{"data_generator_I1":-4.0991797,"data_generator_T":5410.0},{"data_generator_I1":-4.1999483,"data_generator_T":5420.0},{"data_generator_I1":-4.2989831,"data_generator_T":5430.0},{"data_generator_I1":-4.3991747,"data_generator_T":5440.0},{"data_generator_I1":-4.4992046,"data_generator_T":5450.0},{"data_generator_I1":-4.5989885,"data_generator_T":5460.0},{"data_generator_I1":-4.6996369,"data_generator_T":5470.0},{"data_generator_I1":-4.7992573,"data_generator_T":5480.0},{"data_generator_I1":-4.8995142,"data_generator_T":5490.0},{"data_generator_I1":-4.999681,"data_generator_T":5500.0},{"data_generator_I1":-5.0999861,"data_generator_T":5510.0},{"data_generator_I1":-5.1999006,"data_generator_T":5520.0},{"data_generator_I1":-5.2995448,"data_generator_T":5530.0},{"data_generator_I1":-5.3996854,"data_generator_T":5540.0},{"data_generator_I1":-5.4994173,"data_generator_T":5550.0},{"data_generator_I1":-5.5987482,"data_generator_T":5560.0},{"data_generator_I1":-5.699193,"data_generator_T":5570.0},{"data_generator_I1":-5.7996335,"data_generator_T":5580.0},{"data_generator_I1":-5.8996015,"data_generator_T":5590.0},{"data_generator_I1":-5.9997487,"data_generator_T":5600.0},{"data_generator_I1":-6.0991144,"data_generator_T":5610.0},{"data_generator_I1":-6.1999602,"data_generator_T":5620.0},{"data_generator_I1":-6.2998533,"data_generator_T":5630.0},{"data_generator_I1":-6.3990889,"data_generator_T":5640.0},{"data_generator_I1":-6.4990416,"data_generator_T":5650.0},{"data_generator_I1":-6.5992084,"data_generator_T":5660.0},{"data_generator_I1":-6.6998429,"data_generator_T":5670.0},{"data_generator_I1":-6.7994485,"data_generator_T":5680.0},{"data_generator_I1":-6.8999653,"data_generator_T":5690.0},{"data_generator_I1":-6.9996753,"data_generator_T":5700.0},{"data_generator_I1":-7.099206,"data_generator_T":5710.0},{"data_generator_I1":-7.1996212,"data_generator_T":5720.0},{"data_generator_I1":-7.2990384,"data_generator_T":5730.0},{"data_generator_I1":-7.3996515,"data_generator_T":5740.0},{"data_generator_I1":-7.4997115,"data_generator_T":5750.0},{"data_generator_I1":-7.5998363,"data_generator_T":5760.0},{"data_generator_I1":-7.6989474,"data_generator_T":5770.0},{"data_generator_I1":-7.7993054,"data_generator_T":5780.0},{"data_generator_I1":-7.8998222,"data_generator_T":5790.0},{"data_generator_I1":-7.9996228,"data_generator_T":5800.0},{"data_generator_I1":-8.0996218,"data_generator_T":5810.0},{"data_generator_I1":-8.1992397,"data_generator_T":5820.0},{"data_generator_I1":-8.2999887,"data_generator_T":5830.0},{"data_generator_I1":-8.3985958,"data_generator_T":5840.0},{"data_generator_I1":-8.4996824,"data_generator_T":5850.0},{"data_generator_I1":-8.5996113,"data_generator_T":5860.0},{"data_generator_I1":-8.6992636,"data_generator_T":5870.0},{"data_generator_I1":-8.7994175,"data_generator_T":5880.0},{"data_generator_I1":-8.8991604,"data_generator_T":5890.0},{"data_generator_I1":-8.9999027,"data_generator_T":5900.0},{"data_generator_I1":-9.0998087,"data_generator_T":5910.0},{"data_generator_I1":-9.1991129,"data_generator_T":5920.0},{"data_generator_I1":-9.2998343,"data_generator_T":5930.0},{"data_generator_I1":-9.3997555,"data_generator_T":5940.0},{"data_generator_I1":-9.4994783,"data_generator_T":5950.0},{"data_generator_I1":-9.5998545,"data_generator_T":5960.0},{"data_generator_I1":-9.6997652,"data_generator_T":5970.0},{"data_generator_I1":-9.7996349,"data_generator_T":5980.0},{"data_generator_I1":-9.8994379,"data_generator_T":5990.0},{"data_generator_I1":-9.9996395,"data_generator_T":6000.0},{"data_generator_I1":-10.099473,"data_generator_T":6010.0},{"data_generator_I1":-10.199913,"data_generator_T":6020.0},{"data_generator_I1":-10.299831,"data_generator_T":6030.0},{"data_generator_I1":-10.399559,"data_generator_T":6040.0},{"data_generator_I1":-10.499965,"data_generator_T":6050.0},{"data_generator_I1":-10.599133,"data_generator_T":6060.0},{"data_generator_I1":-10.699163,"data_generator_T":6070.0},{"data_generator_I1":-10.799352,"data_generator_T":6080.0},{"data_generator_I1":-10.899922,"data_generator_T":6090.0},{"data_generator_I1":-10.998803,"data_generator_T":6100.0},{"data_generator_I1":-11.09943,"data_generator_T":6110.0},{"data_generator_I1":-11.199769,"data_generator_T":6120.0},{"data_generator_I1":-11.299991,"data_generator_T":6130.0},{"data_generator_I1":-11.399746,"data_generator_T":6140.0},{"data_generator_I1":-11.499289,"data_generator_T":6150.0},{"data_generator_I1":-11.599237,"data_generator_T":6160.0},{"data_generator_I1":-11.69955,"data_generator_T":6170.0},{"data_generator_I1":-11.798903,"data_generator_T":6180.0},{"data_generator_I1":-11.899135,"data_generator_T":6190.0},{"data_generator_I1":-11.999949,"data_generator_T":6200.0},{"data_generator_I1":-12.099775,"data_generator_T":6210.0},{"data_generator_I1":-12.199615,"data_generator_T":6220.0},{"data_generator_I1":-12.299886,"data_generator_T":6230.0},{"data_generator_I1":-12.399582,"data_generator_T":6240.0},{"data_generator_I1":-12.499021,"data_generator_T":6250.0},{"data_generator_I1":-12.599783,"data_generator_T":6260.0},{"data_generator_I1":-12.69936,"data_generator_T":6270.0},{"data_generator_I1":-12.799371,"data_generator_T":6280.0},{"data_generator_I1":-12.899865,"data_generator_T":6290.0},{"data_generator_I1":-12.99934,"data_generator_T":6300.0},{"data_generator_I1":-13.099217,"data_generator_T":6310.0},{"data_generator_I1":-13.199615,"data_generator_T":6320.0},{"data_generator_I1":-13.299379,"data_generator_T":6330.0},{"data_generator_I1":-13.398804,"data_generator_T":6340.0},{"data_generator_I1":-13.498819,"data_generator_T":6350.0},{"data_generator_I1":-13.599877,"data_generator_T":6360.0},{"data_generator_I1":-13.699941,"data_generator_T":6370.0},{"data_generator_I1":-13.799136,"data_generator_T":6380.0},{"data_generator_I1":-13.899003,"data_generator_T":6390.0},{"data_generator_I1":-13.999556,"data_generator_T":6400.0},{"data_generator_I1":-14.09977,"data_generator_T":6410.0},{"data_generator_I1":-14.199218,"data_generator_T":6420.0},{"data_generator_I1":-14.29888,"data_generator_T":6430.0},{"data_generator_I1":-14.399349,"data_generator_T":6440.0},{"data_generator_I1":-14.499603,"data_generator_T":6450.0},{"data_generator_I1":-14.598706,"data_generator_T":6460.0},{"data_generator_I1":-14.699398,"data_generator_T":6470.0},{"data_generator_I1":-14.799914,"data_generator_T":6480.0},{"data_generator_I1":-14.899662,"data_generator_T":6490.0},{"data_generator_I1":-14.999557,"data_generator_T":6500.0},{"data_generator_I1":-15.098844,"data_generator_T":6510.0},{"data_generator_I1":-15.199511,"data_generator_T":6520.0},{"data_generator_I1":-15.299829,"data_generator_T":6530.0},{"data_generator_I1":-15.399909,"data_generator_T":6540.0},{"data_generator_I1":-15.499212,"data_generator_T":6550.0},{"data_generator_I1":-15.598583,"data_generator_T":6560.0},{"data_generator_I1":-15.699684,"data_generator_T":6570.0},{"data_generator_I1":-15.799731,"data_generator_T":6580.0},{"data_generator_I1":-15.899909,"data_generator_T":6590.0},{"data_generator_I1":-15.999757,"data_generator_T":6600.0},{"data_generator_I1":-16.099615,"data_generator_T":6610.0},{"data_generator_I1":-16.199589,"data_generator_T":6620.0},{"data_generator_I1":-16.29998,"data_generator_T":6630.0},{"data_generator_I1":-16.398964,"data_generator_T":6640.0},{"data_generator_I1":-16.498781,"data_generator_T":6650.0},{"data_generator_I1":-16.599977,"data_generator_T":6660.0},{"data_generator_I1":-16.699364,"data_generator_T":6670.0},{"data_generator_I1":-16.79999,"data_generator_T":6680.0},{"data_generator_I1":-16.899073,"data_generator_T":6690.0},{"data_generator_I1":-16.998722,"data_generator_T":6700.0},{"data_generator_I1":-17.099297,"data_generator_T":6710.0},{"data_generator_I1":-17.199688,"data_generator_T":6720.0},{"data_generator_I1":-17.299202,"data_generator_T":6730.0},{"data_generator_I1":-17.39913,"data_generator_T":6740.0},{"data_generator_I1":-17.499765,"data_generator_T":6750.0},{"data_generator_I1":-17.599493,"data_generator_T":6760.0},{"data_generator_I1":-17.699949,"data_generator_T":6770.0},{"data_generator_I1":-17.799025,"data_generator_T":6780.0},{"data_generator_I1":-17.898932,"data_generator_T":6790.0},{"data_generator_I1":-17.999514,"data_generator_T":6800.0},{"data_generator_I1":-18.099049,"data_generator_T":6810.0},{"data_generator_I1":-18.199976,"data_generator_T":6820.0},{"data_generator_I1":-18.298712,"data_generator_T":6830.0},{"data_generator_I1":-18.399189,"data_generator_T":6840.0},{"data_generator_I1":-18.499683,"data_generator_T":6850.0},{"data_generator_I1":-18.599552,"data_generator_T":6860.0},{"data_generator_I1":-18.699793,"data_generator_T":6870.0},{"data_generator_I1":-18.799595,"data_generator_T":6880.0},{"data_generator_I1":-18.898933,"data_generator_T":6890.0},{"data_generator_I1":-18.997545,"data_generator_T":6900.0},{"data_generator_I1":-19.099548,"data_generator_T":6910.0},{"data_generator_I1":-19.199335,"data_generator_T":6920.0},{"data_generator_I1":-19.299719,"data_generator_T":6930.0},{"data_generator_I1":-19.399199,"data_generator_T":6940.0},{"data_generator_I1":-19.498814,"data_generator_T":6950.0},{"data_generator_I1":-19.59911,"data_generator_T":6960.0},{"data_generator_I1":-19.699833,"data_generator_T":6970.0},{"data_generator_I1":-19.798904,"data_generator_T":6980.0},{"data_generator_I1":-19.899714,"data_generator_T":6990.0},{"data_generator_I1":-19.998848,"data_generator_T":7000.0},{"data_generator_I1":-20.09973,"data_generator_T":7010.0},{"data_generator_I1":-20.199923,"data_generator_T":7020.0},{"data_generator_I1":-20.299364,"data_generator_T":7030.0},{"data_generator_I1":-20.399162,"data_generator_T":7040.0},{"data_generator_I1":-20.499926,"data_generator_T":7050.0},{"data_generator_I1":-20.599257,"data_generator_T":7060.0},{"data_generator_I1":-20.699829,"data_generator_T":7070.0},{"data_generator_I1":-20.799212,"data_generator_T":7080.0},{"data_generator_I1":-20.899662,"data_generator_T":7090.0},{"data_generator_I1":-20.998974,"data_generator_T":7100.0},{"data_generator_I1":-21.098743,"data_generator_T":7110.0},{"data_generator_I1":-21.19919,"data_generator_T":7120.0},{"data_generator_I1":-21.299812,"data_generator_T":7130.0},{"data_generator_I1":-21.398573,"data_generator_T":7140.0},{"data_generator_I1":-21.498356,"data_generator_T":7150.0},{"data_generator_I1":-21.59893,"data_generator_T":7160.0},{"data_generator_I1":-21.699177,"data_generator_T":7170.0},{"data_generator_I1":-21.799511,"data_generator_T":7180.0},{"data_generator_I1":-21.898956,"data_generator_T":7190.0},{"data_generator_I1":-21.999689,"data_generator_T":7200.0},{"data_generator_I1":-22.097319,"data_generator_T":7210.0},{"data_generator_I1":-22.199074,"data_generator_T":7220.0},{"data_generator_I1":-22.299419,"data_generator_T":7230.0},{"data_generator_I1":-22.399948,"data_generator_T":7240.0},{"data_generator_I1":-22.498154,"data_generator_T":7250.0},{"data_generator_I1":-22.598852,"data_generator_T":7260.0},{"data_generator_I1":-22.698586,"data_generator_T":7270.0},{"data_generator_I1":-22.799788,"data_generator_T":7280.0},{"data_generator_I1":-22.898752,"data_generator_T":7290.0},{"data_generator_I1":-22.999918,"data_generator_T":7300.0},{"data_generator_I1":-23.099998,"data_generator_T":7310.0},{"data_generator_I1":-23.198807,"data_generator_T":7320.0},{"data_generator_I1":-23.298319,"data_generator_T":7330.0},{"data_generator_I1":-23.39971,"data_generator_T":7340.0},{"data_generator_I1":-23.499653,"data_generator_T":7350.0},{"data_generator_I1":-23.599968,"data_generator_T":7360.0},{"data_generator_I1":-23.698717,"data_generator_T":7370.0},{"data_generator_I1":-23.799938,"data_generator_T":7380.0},{"data_generator_I1":-23.898272,"data_generator_T":7390.0},{"data_generator_I1":-23.999027,"data_generator_T":7400.0},{"data_generator_I1":-24.099371,"data_generator_T":7410.0},{"data_generator_I1":-24.199734,"data_generator_T":7420.0},{"data_generator_I1":-24.299072,"data_generator_T":7430.0},{"data_generator_I1":-24.398809,"data_generator_T":7440.0},{"data_generator_I1":-24.499025,"data_generator_T":7450.0},{"data_generator_I1":-24.599102,"data_generator_T":7460.0},{"data_generator_I1":-24.699497,"data_generator_T":7470.0},{"data_generator_I1":-24.799103,"data_generator_T":7480.0},{"data_generator_I1":-24.898153,"data_generator_T":7490.0},{"data_generator_I1":-24.999598,"data_generator_T":7500.0},{"data_generator_I1":-25.099274,"data_generator_T":7510.0},{"data_generator_I1":-25.198311,"data_generator_T":7520.0},{"data_generator_I1":-25.299076,"data_generator_T":7530.0},{"data_generator_I1":-25.399218,"data_generator_T":7540.0},{"data_generator_I1":-25.499802,"data_generator_T":7550.0},{"data_generator_I1":-25.599716,"data_generator_T":7560.0},{"data_generator_I1":-25.69953,"data_generator_T":7570.0},{"data_generator_I1":-25.799089,"data_generator_T":7580.0},{"data_generator_I1":-25.898783,"data_generator_T":7590.0},{"data_generator_I1":-25.999159,"data_generator_T":7600.0},{"data_generator_I1":-26.098959,"data_generator_T":7610.0},{"data_generator_I1":-26.199821,"data_generator_T":7620.0},{"data_generator_I1":-26.298605,"data_generator_T":7630.0},{"data_generator_I1":-26.399717,"data_generator_T":7640.0},{"data_generator_I1":-26.499908,"data_generator_T":7650.0},{"data_generator_I1":-26.599924,"data_generator_T":7660.0},{"data_generator_I1":-26.699238,"data_generator_T":7670.0},{"data_generator_I1":-26.799524,"data_generator_T":7680.0},{"data_generator_I1":-26.899935,"data_generator_T":7690.0},{"data_generator_I1":-26.999449,"data_generator_T":7700.0},{"data_generator_I1":-27.098478,"data_generator_T":7710.0},{"data_generator_I1":-27.198296,"data_generator_T":7720.0},{"data_generator_I1":-27.299538,"data_generator_T":7730.0},{"data_generator_I1":-27.398691,"data_generator_T":7740.0},{"data_generator_I1":-27.499632,"data_generator_T":7750.0},{"data_generator_I1":-27.5994,"data_generator_T":7760.0},{"data_generator_I1":-27.699907,"data_generator_T":7770.0},{"data_generator_I1":-27.799038,"data_generator_T":7780.0},{"data_generator_I1":-27.898191,"data_generator_T":7790.0},{"data_generator_I1":-27.998438,"data_generator_T":7800.0},{"data_generator_I1":-28.099131,"data_generator_T":7810.0},{"data_generator_I1":-28.198746,"data_generator_T":7820.0},{"data_generator_I1":-28.299662,"data_generator_T":7830.0},{"data_generator_I1":-28.399984,"data_generator_T":7840.0},{"data_generator_I1":-28.499981,"data_generator_T":7850.0},{"data_generator_I1":-28.59977,"data_generator_T":7860.0},{"data_generator_I1":-28.699686,"data_generator_T":7870.0},{"data_generator_I1":-28.799374,"data_generator_T":7880.0},{"data_generator_I1":-28.899691,"data_generator_T":7890.0},{"data_generator_I1":-28.9991,"data_generator_T":7900.0},{"data_generator_I1":-29.099003,"data_generator_T":7910.0},{"data_generator_I1":-29.199261,"data_generator_T":7920.0},{"data_generator_I1":-29.299824,"data_generator_T":7930.0},{"data_generator_I1":-29.398829,"data_generator_T":7940.0},{"data_generator_I1":-29.499466,"data_generator_T":7950.0},{"data_generator_I1":-29.599665,"data_generator_T":7960.0},{"data_generator_I1":-29.697601,"data_generator_T":7970.0},{"data_generator_I1":-29.798372,"data_generator_T":7980.0},{"data_generator_I1":-29.899975,"data_generator_T":7990.0},{"data_generator_I1":-29.999294,"data_generator_T":8000.0},{"data_generator_I1":-30.099274,"data_generator_T":8010.0},{"data_generator_I1":-30.19973,"data_generator_T":8020.0},{"data_generator_I1":-30.298565,"data_generator_T":8030.0},{"data_generator_I1":-30.399218,"data_generator_T":8040.0},{"data_generator_I1":-30.499678,"data_generator_T":8050.0},{"data_generator_I1":-30.59915,"data_generator_T":8060.0},{"data_generator_I1":-30.698729,"data_generator_T":8070.0},{"data_generator_I1":-30.799171,"data_generator_T":8080.0},{"data_generator_I1":-30.899496,"data_generator_T":8090.0},{"data_generator_I1":-30.999115,"data_generator_T":8100.0},{"data_generator_I1":-31.099722,"data_generator_T":8110.0},{"data_generator_I1":-31.199984,"data_generator_T":8120.0},{"data_generator_I1":-31.299747,"data_generator_T":8130.0},{"data_generator_I1":-31.399853,"data_generator_T":8140.0},{"data_generator_I1":-31.498831,"data_generator_T":8150.0},{"data_generator_I1":-31.59948,"data_generator_T":8160.0},{"data_generator_I1":-31.697306,"data_generator_T":8170.0},{"data_generator_I1":-31.799706,"data_generator_T":8180.0},{"data_generator_I1":-31.898695,"data_generator_T":8190.0},{"data_generator_I1":-31.999081,"data_generator_T":8200.0},{"data_generator_I1":-32.098934,"data_generator_T":8210.0},{"data_generator_I1":-32.199615,"data_generator_T":8220.0},{"data_generator_I1":-32.29916,"data_generator_T":8230.0},{"data_generator_I1":-32.39793,"data_generator_T":8240.0},{"data_generator_I1":-32.499092,"data_generator_T":8250.0},{"data_generator_I1":-32.597973,"data_generator_T":8260.0},{"data_generator_I1":-32.699032,"data_generator_T":8270.0},{"data_generator_I1":-32.797832,"data_generator_T":8280.0},{"data_generator_I1":-32.898643,"data_generator_T":8290.0},{"data_generator_I1":-32.999676,"data_generator_T":8300.0},{"data_generator_I1":-33.0989,"data_generator_T":8310.0},{"data_generator_I1":-33.199364,"data_generator_T":8320.0},{"data_generator_I1":-33.299511,"data_generator_T":8330.0},{"data_generator_I1":-33.398926,"data_generator_T":8340.0},{"data_generator_I1":-33.499256,"data_generator_T":8350.0},{"data_generator_I1":-33.599373,"data_generator_T":8360.0},{"data_generator_I1":-33.699085,"data_generator_T":8370.0},{"data_generator_I1":-33.799191,"data_generator_T":8380.0},{"data_generator_I1":-33.899776,"data_generator_T":8390.0},{"data_generator_I1":-33.999928,"data_generator_T":8400.0},{"data_generator_I1":-34.099262,"data_generator_T":8410.0},{"data_generator_I1":-34.199455,"data_generator_T":8420.0},{"data_generator_I1":-34.298161,"data_generator_T":8430.0},{"data_generator_I1":-34.399426,"data_generator_T":8440.0},{"data_generator_I1":-34.498619,"data_generator_T":8450.0},{"data_generator_I1":-34.598404,"data_generator_T":8460.0},{"data_generator_I1":-34.69912,"data_generator_T":8470.0},{"data_generator_I1":-34.798107,"data_generator_T":8480.0},{"data_generator_I1":-34.898769,"data_generator_T":8490.0},{"data_generator_I1":-34.999752,"data_generator_T":8500.0},{"data_generator_I1":-35.099194,"data_generator_T":8510.0},{"data_generator_I1":-35.199188,"data_generator_T":8520.0},{"data_generator_I1":-35.298668,"data_generator_T":8530.0},{"data_generator_I1":-35.399616,"data_generator_T":8540.0},{"data_generator_I1":-35.498863,"data_generator_T":8550.0},{"data_generator_I1":-35.598881,"data_generator_T":8560.0},{"data_generator_I1":-35.698341,"data_generator_T":8570.0},{"data_generator_I1":-35.799797,"data_generator_T":8580.0},{"data_generator_I1":-35.898624,"data_generator_T":8590.0},{"data_generator_I1":-35.999439,"data_generator_T":8600.0},{"data_generator_I1":-36.099701,"data_generator_T":8610.0},{"data_generator_I1":-36.199661,"data_generator_T":8620.0},{"data_generator_I1":-36.29966,"data_generator_T":8630.0},{"data_generator_I1":-36.39859,"data_generator_T":8640.0},{"data_generator_I1":-36.498516,"data_generator_T":8650.0},{"data_generator_I1":-36.599625,"data_generator_T":8660.0},{"data_generator_I1":-36.698578,"data_generator_T":8670.0},{"data_generator_I1":-36.798603,"data_generator_T":8680.0},{"data_generator_I1":-36.898754,"data_generator_T":8690.0},{"data_generator_I1":-36.998852,"data_generator_T":8700.0},{"data_generator_I1":-37.099007,"data_generator_T":8710.0},{"data_generator_I1":-37.199123,"data_generator_T":8720.0},{"data_generator_I1":-37.299248,"data_generator_T":8730.0},{"data_generator_I1":-37.399338,"data_generator_T":8740.0},{"data_generator_I1":-37.499439,"data_generator_T":8750.0},{"data_generator_I1":-37.599518,"data_generator_T":8760.0},{"data_generator_I1":-37.699627,"data_generator_T":8770.0},{"data_generator_I1":-37.799767,"data_generator_T":8780.0},{"data_generator_I1":-37.899673,"data_generator_T":8790.0},{"data_generator_I1":-37.999878,"data_generator_T":8800.0},{"data_generator_I1":-38.099327,"data_generator_T":8810.0},{"data_generator_I1":-38.198425,"data_generator_T":8820.0},{"data_generator_I1":-38.29847,"data_generator_T":8830.0},{"data_generator_I1":-38.39859,"data_generator_T":8840.0},{"data_generator_I1":-38.498745,"data_generator_T":8850.0},{"data_generator_I1":-38.598919,"data_generator_T":8860.0},{"data_generator_I1":-38.699043,"data_generator_T":8870.0},{"data_generator_I1":-38.799107,"data_generator_T":8880.0},{"data_generator_I1":-38.899178,"data_generator_T":8890.0},{"data_generator_I1":-38.999237,"data_generator_T":8900.0},{"data_generator_I1":-39.0993,"data_generator_T":8910.0},{"data_generator_I1":-39.199352,"data_generator_T":8920.0},{"data_generator_I1":-39.299408,"data_generator_T":8930.0},{"data_generator_I1":-39.39946,"data_generator_T":8940.0},{"data_generator_I1":-39.499516,"data_generator_T":8950.0},{"data_generator_I1":-39.599571,"data_generator_T":8960.0},{"data_generator_I1":-39.699627,"data_generator_T":8970.0},{"data_generator_I1":-39.799679,"data_generator_T":8980.0},{"data_generator_I1":-39.89962,"data_generator_T":8990.0},{"data_generator_I1":-39.999847,"data_generator_T":9000.0},{"data_generator_I1":-40.098965,"data_generator_T":9010.0},{"data_generator_I1":-40.198631,"data_generator_T":9020.0},{"data_generator_I1":-40.298233,"data_generator_T":9030.0},{"data_generator_I1":-40.39994,"data_generator_T":9040.0},{"data_generator_I1":-40.498016,"data_generator_T":9050.0},{"data_generator_I1":-40.598194,"data_generator_T":9060.0},{"data_generator_I1":-40.698429,"data_generator_T":9070.0},{"data_generator_I1":-40.798878,"data_generator_T":9080.0},{"data_generator_I1":-40.898941,"data_generator_T":9090.0},{"data_generator_I1":-40.999199,"data_generator_T":9100.0},{"data_generator_I1":-41.098301,"data_generator_T":9110.0},{"data_generator_I1":-41.198837,"data_generator_T":9120.0},{"data_generator_I1":-41.299545,"data_generator_T":9130.0},{"data_generator_I1":-41.398457,"data_generator_T":9140.0},{"data_generator_I1":-41.499435,"data_generator_T":9150.0},{"data_generator_I1":-41.598614,"data_generator_T":9160.0},{"data_generator_I1":-41.699692,"data_generator_T":9170.0},{"data_generator_I1":-41.798149,"data_generator_T":9180.0},{"data_generator_I1":-41.899017,"data_generator_T":9190.0},{"data_generator_I1":-41.997829,"data_generator_T":9200.0},{"data_generator_I1":-42.098797,"data_generator_T":9210.0},{"data_generator_I1":-42.197739,"data_generator_T":9220.0},{"data_generator_I1":-42.298862,"data_generator_T":9230.0},{"data_generator_I1":-42.397617,"data_generator_T":9240.0},{"data_generator_I1":-42.49892,"data_generator_T":9250.0},{"data_generator_I1":-42.597481,"data_generator_T":9260.0},{"data_generator_I1":-42.698742,"data_generator_T":9270.0},{"data_generator_I1":-42.797699,"data_generator_T":9280.0},{"data_generator_I1":-42.89764,"data_generator_T":9290.0},{"data_generator_I1":-42.999138,"data_generator_T":9300.0},{"data_generator_I1":-43.099979,"data_generator_T":9310.0},{"data_generator_I1":-43.199947,"data_generator_T":9320.0},{"data_generator_I1":-43.298878,"data_generator_T":9330.0},{"data_generator_I1":-43.398258,"data_generator_T":9340.0},{"data_generator_I1":-43.499947,"data_generator_T":9350.0},{"data_generator_I1":-43.599144,"data_generator_T":9360.0},{"data_generator_I1":-43.697586,"data_generator_T":9370.0},{"data_generator_I1":-43.797596,"data_generator_T":9380.0},{"data_generator_I1":-43.897575,"data_generator_T":9390.0},{"data_generator_I1":-43.999298,"data_generator_T":9400.0},{"data_generator_I1":-44.097446,"data_generator_T":9410.0},{"data_generator_I1":-44.199265,"data_generator_T":9420.0},{"data_generator_I1":-44.297806,"data_generator_T":9430.0},{"data_generator_I1":-44.399704,"data_generator_T":9440.0},{"data_generator_I1":-44.499134,"data_generator_T":9450.0},{"data_generator_I1":-44.598225,"data_generator_T":9460.0},{"data_generator_I1":-44.697929,"data_generator_T":9470.0},{"data_generator_I1":-44.79977,"data_generator_T":9480.0},{"data_generator_I1":-44.898857,"data_generator_T":9490.0},{"data_generator_I1":-44.999882,"data_generator_T":9500.0},{"data_generator_I1":-45.098164,"data_generator_T":9510.0},{"data_generator_I1":-45.197693,"data_generator_T":9520.0},{"data_generator_I1":-45.299652,"data_generator_T":9530.0},{"data_generator_I1":-45.3997,"data_generator_T":9540.0},{"data_generator_I1":-45.499866,"data_generator_T":9550.0},{"data_generator_I1":-45.598206,"data_generator_T":9560.0},{"data_generator_I1":-45.698048,"data_generator_T":9570.0},{"data_generator_I1":-45.797546,"data_generator_T":9580.0},{"data_generator_I1":-45.89772,"data_generator_T":9590.0},{"data_generator_I1":-45.999866,"data_generator_T":9600.0},{"data_generator_I1":-46.099464,"data_generator_T":9610.0},{"data_generator_I1":-46.197636,"data_generator_T":9620.0},{"data_generator_I1":-46.297699,"data_generator_T":9630.0},{"data_generator_I1":-46.397919,"data_generator_T":9640.0},{"data_generator_I1":-46.497509,"data_generator_T":9650.0},{"data_generator_I1":-46.597759,"data_generator_T":9660.0},{"data_generator_I1":-46.699844,"data_generator_T":9670.0},{"data_generator_I1":-46.798615,"data_generator_T":9680.0},{"data_generator_I1":-46.898136,"data_generator_T":9690.0},{"data_generator_I1":-46.998638,"data_generator_T":9700.0},{"data_generator_I1":-47.098068,"data_generator_T":9710.0},{"data_generator_I1":-47.198574,"data_generator_T":9720.0},{"data_generator_I1":-47.298283,"data_generator_T":9730.0},{"data_generator_I1":-47.398685,"data_generator_T":9740.0},{"data_generator_I1":-47.498066,"data_generator_T":9750.0},{"data_generator_I1":-47.598854,"data_generator_T":9760.0},{"data_generator_I1":-47.698029,"data_generator_T":9770.0},{"data_generator_I1":-47.79887,"data_generator_T":9780.0},{"data_generator_I1":-47.897842,"data_generator_T":9790.0},{"data_generator_I1":-47.998085,"data_generator_T":9800.0},{"data_generator_I1":-48.098316,"data_generator_T":9810.0},{"data_generator_I1":-48.197987,"data_generator_T":9820.0},{"data_generator_I1":-48.298622,"data_generator_T":9830.0},{"data_generator_I1":-48.397987,"data_generator_T":9840.0},{"data_generator_I1":-48.498734,"data_generator_T":9850.0},{"data_generator_I1":-48.597916,"data_generator_T":9860.0},{"data_generator_I1":-48.698566,"data_generator_T":9870.0},{"data_generator_I1":-48.798073,"data_generator_T":9880.0},{"data_generator_I1":-48.898808,"data_generator_T":9890.0},{"data_generator_I1":-48.99794,"data_generator_T":9900.0},{"data_generator_I1":-49.098995,"data_generator_T":9910.0},{"data_generator_I1":-49.197811,"data_generator_T":9920.0},{"data_generator_I1":-49.297764,"data_generator_T":9930.0},{"data_generator_I1":-49.398228,"data_generator_T":9940.0},{"data_generator_I1":-49.498219,"data_generator_T":9950.0},{"data_generator_I1":-49.597988,"data_generator_T":9960.0},{"data_generator_I1":-49.698772,"data_generator_T":9970.0},{"data_generator_I1":-49.797932,"data_generator_T":9980.0},{"data_generator_I1":-49.898777,"data_generator_T":9990.0},{"data_generator_I1":-49.997944,"data_generator_T":10000.0}]