[{"data_generator_T":0.0,"data_generator_V":-70.0},{"data_generator_T":1.0,"data_generator_V":-67.96624},{"data_generator_T":2.0,"data_generator_V":-66.69313},{"data_generator_T":3.0,"data_generator_V":-65.727402},{"data_generator_T":4.0,"data_generator_V":-64.961327},{"data_generator_T":5.0,"data_generator_V":-64.33474},{"data_generator_T":6.0,"data_generator_V":-63.808289},{"data_generator_T":7.0,"data_generator_V":-63.35437},{"data_generator_T":8.0,"data_generator_V":-62.952648},{"data_generator_T":9.0,"data_generator_V":-62.587364},{"data_generator_T":10.0,"data_generator_V":-62.245483},{"data_generator_T":11.0,"data_generator_V":-61.915195},{"data_generator_T":12.0,"data_generator_V":-61.5844},{"data_generator_T":13.0,"data_generator_V":-61.238674},{"data_generator_T":14.0,"data_generator_V":-60.8577},{"data_generator_T":15.0,"data_generator_V":-60.407276},{"data_generator_T":16.0,"data_generator_V":-59.816921},{"data_generator_T":17.0,"data_generator_V":-58.893524},{"data_generator_T":18.0,"data_generator_V":-56.685482},{"data_generator_T":19.0,"data_generator_V":16.748947},{"data_generator_T":20.0,"data_generator_V":-94.145752},{"data_generator_T":21.0,"data_generator_V":-87.622803},{"data_generator_T":22.0,"data_generator_V":-82.39093},{"data_generator_T":23.0,"data_generator_V":-78.390244},{"data_generator_T":24.0,"data_generator_V":-75.265556},{"data_generator_T":25.0,"data_generator_V":-72.793953},{"data_generator_T":26.0,"data_generator_V":-70.82254},{"data_generator_T":27.0,"data_generator_V":-69.239441},{"data_generator_T":28.0,"data_generator_V":-67.959503},{"data_generator_T":29.0,"data_generator_V":-66.916336},{"data_generator_T":30.0,"data_generator_V":-66.057686},{"data_generator_T":31.0,"data_generator_V":-65.342415},{"data_generator_T":32.0,"data_generator_V":-64.738235},{"data_generator_T":33.0,"data_generator_V":-64.219917},{"data_generator_T":34.0,"data_generator_V":-63.767685},{"data_generator_T":35.0,"data_generator_V":-63.365871},{"data_generator_T":36.0,"data_generator_V":-63.001835},{"data_generator_T":37.0,"data_generator_V":-62.664997},{"data_generator_T":38.0,"data_generator_V":-62.346058},{"data_generator_T":39.0,"data_generator_V":-62.036167},{"data_generator_T":40.0,"data_generator_V":-61.726028},{"data_generator_T":41.0,"data_generator_V":-61.404568},{"data_generator_T":42.0,"data_generator_V":-61.056625},{"data_generator_T":43.0,"data_generator_V":-60.658154},{"data_generator_T":44.0,"data_generator_V":-60.164162},{"data_generator_T":45.0,"data_generator_V":-59.470268},{"data_generator_T":46.0,"data_generator_V":-58.22913},{"data_generator_T":47.0,"data_generator_V":-53.078449},{"data_generator_T":48.0,"data_generator_V":-87.198303},{"data_generator_T":49.0,"data_generator_V":-91.253136},{"data_generator_T":50.0,"data_generator_V":-85.145432},{"data_generator_T":51.0,"data_generator_V":-80.506294},{"data_generator_T":52.0,"data_generator_V":-76.920799},{"data_generator_T":53.0,"data_generator_V":-74.102043},{"data_generator_T":54.0,"data_generator_V":-71.863098},{"data_generator_T":55.0,"data_generator_V":-70.071487},{"data_generator_T":56.0,"data_generator_V":-68.628334},{"data_generator_T":57.0,"data_generator_V":-67.457397},{"data_generator_T":58.0,"data_generator_V":-66.498886},{"data_generator_T":59.0,"data_generator_V":-65.705658},{"data_generator_T":60.0,"data_generator_V":-65.040619},{"data_generator_T":61.0,"data_generator_V":-64.474731},{"data_generator_T":62.0,"data_generator_V":-63.985237},{"data_generator_T":63.0,"data_generator_V":-63.554241},{"data_generator_T":64.0,"data_generator_V":-63.167419},{"data_generator_T":65.0,"data_generator_V":-62.813007},{"data_generator_T":66.0,"data_generator_V":-62.480896},{"data_generator_T":67.0,"data_generator_V":-62.1618},{"data_generator_T":68.0,"data_generator_V":-61.846363},{"data_generator_T":69.0,"data_generator_V":-61.523964},{"data_generator_T":70.0,"data_generator_V":-61.180779},{"data_generator_T":71.0,"data_generator_V":-60.795948},{"data_generator_T":72.0,"data_generator_V":-60.332516},{"data_generator_T":73.0,"data_generator_V":-59.710754},{"data_generator_T":74.0,"data_generator_V":-58.698215},{"data_generator_T":75.0,"data_generator_V":-55.941494},{"data_generator_T":76.0,"data_generator_V":-21.134825},{"data_generator_T":77.0,"data_generator_V":-93.216087},{"data_generator_T":78.0,"data_generator_V":-86.735779},{"data_generator_T":79.0,"data_generator_V":-81.709793},{"data_generator_T":80.0,"data_generator_V":-77.851173},{"data_generator_T":81.0,"data_generator_V":-74.829681},{"data_generator_T":82.0,"data_generator_V":-72.435791},{"data_generator_T":83.0,"data_generator_V":-70.524002},{"data_generator_T":84.0,"data_generator_V":-68.987},{"data_generator_T":85.0,"data_generator_V":-67.742668},{"data_generator_T":86.0,"data_generator_V":-66.726791},{"data_generator_T":87.0,"data_generator_V":-65.888748},{"data_generator_T":88.0,"data_generator_V":-65.188652},{"data_generator_T":89.0,"data_generator_V":-64.595222},{"data_generator_T":90.0,"data_generator_V":-64.083961},{"data_generator_T":91.0,"data_generator_V":-63.63562},{"data_generator_T":92.0,"data_generator_V":-63.234852},{"data_generator_T":93.0,"data_generator_V":-62.869118},{"data_generator_T":94.0,"data_generator_V":-62.527725},{"data_generator_T":95.0,"data_generator_V":-62.200962},{"data_generator_T":96.0,"data_generator_V":-61.879143},{"data_generator_T":97.0,"data_generator_V":-61.551422},{"data_generator_T":98.0,"data_generator_V":-61.203838},{"data_generator_T":99.0,"data_generator_V":-60.815495},{"data_generator_T":100.0,"data_generator_V":-60.349594},{"data_generator_T":101.0,"data_generator_V":-59.727127},{"data_generator_T":102.0,"data_generator_V":-58.719055},{"data_generator_T":103.0,"data_generator_V":-56.0116},{"data_generator_T":104.0,"data_generator_V":-18.523546},{"data_generator_T":105.0,"data_generator_V":-93.288948},{"data_generator_T":106.0,"data_generator_V":-86.794754},{"data_generator_T":107.0,"data_generator_V":-81.748039},{"data_generator_T":108.0,"data_generator_V":-77.87429},{"data_generator_T":109.0,"data_generator_V":-74.841362},{"data_generator_T":110.0,"data_generator_V":-72.438652},{"data_generator_T":111.0,"data_generator_V":-70.519989},{"data_generator_T":112.0,"data_generator_V":-68.977592},{"data_generator_T":113.0,"data_generator_V":-67.728989},{"data_generator_T":114.0,"data_generator_V":-66.709663},{"data_generator_T":115.0,"data_generator_V":-65.868721},{"data_generator_T":116.0,"data_generator_V":-65.166077},{"data_generator_T":117.0,"data_generator_V":-64.570259},{"data_generator_T":118.0,"data_generator_V":-64.056641},{"data_generator_T":119.0,"data_generator_V":-63.605808},{"data_generator_T":120.0,"data_generator_V":-63.202301},{"data_generator_T":121.0,"data_generator_V":-62.83342},{"data_generator_T":122.0,"data_generator_V":-62.48827},{"data_generator_T":123.0,"data_generator_V":-62.15686},{"data_generator_T":124.0,"data_generator_V":-61.829071},{"data_generator_T":125.0,"data_generator_V":-61.49332},{"data_generator_T":126.0,"data_generator_V":-61.134315},{"data_generator_T":127.0,"data_generator_V":-60.728439},{"data_generator_T":128.0,"data_generator_V":-60.232491},{"data_generator_T":129.0,"data_generator_V":-59.548489},{"data_generator_T":130.0,"data_generator_V":-58.361954},{"data_generator_T":131.0,"data_generator_V":-54.069172},{"data_generator_T":132.0,"data_generator_V":-75.844124},{"data_generator_T":133.0,"data_generator_V":-91.699463},{"data_generator_T":134.0,"data_generator_V":-85.476982},{"data_generator_T":135.0,"data_generator_V":-80.739784},{"data_generator_T":136.0,"data_generator_V":-77.08326},{"data_generator_T":137.0,"data_generator_V":-74.210922},{"data_generator_T":138.0,"data_generator_V":-71.930695},{"data_generator_T":139.0,"data_generator_V":-70.106926},{"data_generator_T":140.0,"data_generator_V":-68.638565},{"data_generator_T":141.0,"data_generator_V":-67.447708},{"data_generator_T":142.0,"data_generator_V":-66.473236},{"data_generator_T":143.0,"data_generator_V":-65.666908},{"data_generator_T":144.0,"data_generator_V":-64.99073},{"data_generator_T":145.0,"data_generator_V":-64.414909},{"data_generator_T":146.0,"data_generator_V":-63.916088},{"data_generator_T":147.0,"data_generator_V":-63.475822},{"data_generator_T":148.0,"data_generator_V":-63.079277},{"data_generator_T":149.0,"data_generator_V":-62.714138},{"data_generator_T":150.0,"data_generator_V":-62.369614},{"data_generator_T":151.0,"data_generator_V":-62.035465},{"data_generator_T":152.0,"data_generator_V":-61.70089},{"data_generator_T":153.0,"data_generator_V":-61.352818},{"data_generator_T":154.0,"data_generator_V":-60.972878},{"data_generator_T":155.0,"data_generator_V":-60.530678},{"data_generator_T":156.0,"data_generator_V":-59.965645},{"data_generator_T":157.0,"data_generator_V":-59.121578},{"data_generator_T":158.0,"data_generator_V":-57.340454},{"data_generator_T":159.0,"data_generator_V":37.223965},{"data_generator_T":160.0,"data_generator_V":-94.950356},{"data_generator_T":161.0,"data_generator_V":-88.705864},{"data_generator_T":162.0,"data_generator_V":-83.182106},{"data_generator_T":163.0,"data_generator_V":-78.973351},{"data_generator_T":164.0,"data_generator_V":-75.694954},{"data_generator_T":165.0,"data_generator_V":-73.105919},{"data_generator_T":166.0,"data_generator_V":-71.043228},{"data_generator_T":167.0,"data_generator_V":-69.388557},{"data_generator_T":168.0,"data_generator_V":-68.052177},{"data_generator_T":169.0,"data_generator_V":-66.964233},{"data_generator_T":170.0,"data_generator_V":-66.069656},{"data_generator_T":171.0,"data_generator_V":-65.324997},{"data_generator_T":172.0,"data_generator_V":-64.696106},{"data_generator_T":173.0,"data_generator_V":-64.156204},{"data_generator_T":174.0,"data_generator_V":-63.684242},{"data_generator_T":175.0,"data_generator_V":-63.263466},{"data_generator_T":176.0,"data_generator_V":-62.880196},{"data_generator_T":177.0,"data_generator_V":-62.522762},{"data_generator_T":178.0,"data_generator_V":-62.180527},{"data_generator_T":179.0,"data_generator_V":-61.842793},{"data_generator_T":180.0,"data_generator_V":-61.497364},{"data_generator_T":181.0,"data_generator_V":-61.128143},{"data_generator_T":182.0,"data_generator_V":-60.710163},{"data_generator_T":183.0,"data_generator_V":-60.197235},{"data_generator_T":184.0,"data_generator_V":-59.482449},{"data_generator_T":185.0,"data_generator_V":-58.207512},{"data_generator_T":186.0,"data_generator_V":-52.722073},{"data_generator_T":187.0,"data_generator_V":-89.057823},{"data_generator_T":188.0,"data_generator_V":-91.093536},{"data_generator_T":189.0,"data_generator_V":-84.994827},{"data_generator_T":190.0,"data_generator_V":-80.36132},{"data_generator_T":191.0,"data_generator_V":-76.777496},{"data_generator_T":192.0,"data_generator_V":-73.958969},{"data_generator_T":193.0,"data_generator_V":-71.719795},{"data_generator_T":194.0,"data_generator_V":-69.927864},{"data_generator_T":195.0,"data_generator_V":-68.484291},{"data_generator_T":196.0,"data_generator_V":-67.312668},{"data_generator_T":197.0,"data_generator_V":-66.352921},{"data_generator_T":198.0,"data_generator_V":-65.557617},{"data_generator_T":199.0,"data_generator_V":-64.889412},{"data_generator_T":200.0,"data_generator_V":-64.318985},{"data_generator_T":201.0,"data_generator_V":-63.823338},{"data_generator_T":202.0,"data_generator_V":-63.384235},{"data_generator_T":203.0,"data_generator_V":-62.986927},{"data_generator_T":204.0,"data_generator_V":-62.619011},{"data_generator_T":205.0,"data_generator_V":-62.269402},{"data_generator_T":206.0,"data_generator_V":-61.927261},{"data_generator_T":207.0,"data_generator_V":-61.580647},{"data_generator_T":208.0,"data_generator_V":-61.214336},{"data_generator_T":209.0,"data_generator_V":-60.805557},{"data_generator_T":210.0,"data_generator_V":-60.313805},{"data_generator_T":211.0,"data_generator_V":-59.649982},{"data_generator_T":212.0,"data_generator_V":-58.542164},{"data_generator_T":213.0,"data_generator_V":-55.126064},{"data_generator_T":214.0,"data_generator_V":-46.253384},{"data_generator_T":215.0,"data_generator_V":-92.407013},{"data_generator_T":216.0,"data_generator_V":-86.031425},{"data_generator_T":217.0,"data_generator_V":-81.147682},{"data_generator_T":218.0,"data_generator_V":-77.386475},{"data_generator_T":219.0,"data_generator_V":-74.43586},{"data_generator_T":220.0,"data_generator_V":-72.095589},{"data_generator_T":221.0,"data_generator_V":-70.225189},{"data_generator_T":222.0,"data_generator_V":-68.720375},{"data_generator_T":223.0,"data_generator_V":-67.500908},{"data_generator_T":224.0,"data_generator_V":-66.503853},{"data_generator_T":225.0,"data_generator_V":-65.679489},{"data_generator_T":226.0,"data_generator_V":-64.988632},{"data_generator_T":227.0,"data_generator_V":-64.400513},{"data_generator_T":228.0,"data_generator_V":-63.890972},{"data_generator_T":229.0,"data_generator_V":-63.440914},{"data_generator_T":230.0,"data_generator_V":-63.034935},{"data_generator_T":231.0,"data_generator_V":-62.660145},{"data_generator_T":232.0,"data_generator_V":-62.305122},{"data_generator_T":233.0,"data_generator_V":-61.95882},{"data_generator_T":234.0,"data_generator_V":-61.609188},{"data_generator_T":235.0,"data_generator_V":-61.241058},{"data_generator_T":236.0,"data_generator_V":-60.831993},{"data_generator_T":237.0,"data_generator_V":-60.342472},{"data_generator_T":238.0,"data_generator_V":-59.686543},{"data_generator_T":239.0,"data_generator_V":-58.606579},{"data_generator_T":240.0,"data_generator_V":-55.441471},{"data_generator_T":241.0,"data_generator_V":-37.071342},{"data_generator_T":242.0,"data_generator_V":-92.681129},{"data_generator_T":243.0,"data_generator_V":-86.254128},{"data_generator_T":244.0,"data_generator_V":-81.313103},{"data_generator_T":245.0,"data_generator_V":-77.511223},{"data_generator_T":246.0,"data_generator_V":-74.530319},{"data_generator_T":247.0,"data_generator_V":-72.16687},{"data_generator_T":248.0,"data_generator_V":-70.278481},{"data_generator_T":249.0,"data_generator_V":-68.759613},{"data_generator_T":250.0,"data_generator_V":-67.529144},{"data_generator_T":251.0,"data_generator_V":-66.523445},{"data_generator_T":252.0,"data_generator_V":-65.692238},{"data_generator_T":253.0,"data_generator_V":-64.995895},{"data_generator_T":254.0,"data_generator_V":-64.403275},{"data_generator_T":255.0,"data_generator_V":-63.889946},{"data_generator_T":256.0,"data_generator_V":-63.436558},{"data_generator_T":257.0,"data_generator_V":-63.027512},{"data_generator_T":258.0,"data_generator_V":-62.649731},{"data_generator_T":259.0,"data_generator_V":-62.291603},{"data_generator_T":260.0,"data_generator_V":-61.941837},{"data_generator_T":261.0,"data_generator_V":-61.588039},{"data_generator_T":262.0,"data_generator_V":-61.214455},{"data_generator_T":263.0,"data_generator_V":-60.797485},{"data_generator_T":264.0,"data_generator_V":-60.294918},{"data_generator_T":265.0,"data_generator_V":-59.612831},{"data_generator_T":266.0,"data_generator_V":-58.457546},{"data_generator_T":267.0,"data_generator_V":-54.618504},{"data_generator_T":268.0,"data_generator_V":-62.150486},{"data_generator_T":269.0,"data_generator_V":-92.024216},{"data_generator_T":270.0,"data_generator_V":-85.715187},{"data_generator_T":271.0,"data_generator_V":-80.899139},{"data_generator_T":272.0,"data_generator_V":-77.18499},{"data_generator_T":273.0,"data_generator_V":-74.269005},{"data_generator_T":274.0,"data_generator_V":-71.955086},{"data_generator_T":275.0,"data_generator_V":-70.105087},{"data_generator_T":276.0,"data_generator_V":-68.61615},{"data_generator_T":277.0,"data_generator_V":-67.409004},{"data_generator_T":278.0,"data_generator_V":-66.421364},{"data_generator_T":279.0,"data_generator_V":-65.604012},{"data_generator_T":280.0,"data_generator_V":-64.918137},{"data_generator_T":281.0,"data_generator_V":-64.33329},{"data_generator_T":282.0,"data_generator_V":-63.825508},{"data_generator_T":283.0,"data_generator_V":-63.37582},{"data_generator_T":284.0,"data_generator_V":-62.968834},{"data_generator_T":285.0,"data_generator_V":-62.591564},{"data_generator_T":286.0,"data_generator_V":-62.232323},{"data_generator_T":287.0,"data_generator_V":-61.879532},{"data_generator_T":288.0,"data_generator_V":-61.520164},{"data_generator_T":289.0,"data_generator_V":-61.137146},{"data_generator_T":290.0,"data_generator_V":-60.704037},{"data_generator_T":291.0,"data_generator_V":-60.171547},{"data_generator_T":292.0,"data_generator_V":-59.423504},{"data_generator_T":293.0,"data_generator_V":-58.053669},{"data_generator_T":294.0,"data_generator_V":-50.708977},{"data_generator_T":295.0,"data_generator_V":-93.13958},{"data_generator_T":296.0,"data_generator_V":-90.537994},{"data_generator_T":297.0,"data_generator_V":-84.553146},{"data_generator_T":298.0,"data_generator_V":-80.007614},{"data_generator_T":299.0,"data_generator_V":-76.485313},{"data_generator_T":300.0,"data_generator_V":-73.71228},{"data_generator_T":301.0,"data_generator_V":-71.507828},{"data_generator_T":302.0,"data_generator_V":-69.742813},{"data_generator_T":303.0,"data_generator_V":-68.320183},{"data_generator_T":304.0,"data_generator_V":-67.164696},{"data_generator_T":305.0,"data_generator_V":-66.217102},{"data_generator_T":306.0,"data_generator_V":-65.430595},{"data_generator_T":307.0,"data_generator_V":-64.768272},{"data_generator_T":308.0,"data_generator_V":-64.20118},{"data_generator_T":309.0,"data_generator_V":-63.70652},{"data_generator_T":310.0,"data_generator_V":-63.26614},{"data_generator_T":311.0,"data_generator_V":-62.865196},{"data_generator_T":312.0,"data_generator_V":-62.490971},{"data_generator_T":313.0,"data_generator_V":-62.131748},{"data_generator_T":314.0,"data_generator_V":-61.775517},{"data_generator_T":315.0,"data_generator_V":-61.408176},{"data_generator_T":316.0,"data_generator_V":-61.010307},{"data_generator_T":317.0,"data_generator_V":-60.550125},{"data_generator_T":318.0,"data_generator_V":-59.964279},{"data_generator_T":319.0,"data_generator_V":-59.087635},{"data_generator_T":320.0,"data_generator_V":-57.199566},{"data_generator_T":321.0,"data_generator_V":40.323807},{"data_generator_T":322.0,"data_generator_V":-94.786011},{"data_generator_T":323.0,"data_generator_V":-88.388885},{"data_generator_T":324.0,"data_generator_V":-82.919937},{"data_generator_T":325.0,"data_generator_V":-78.747208},{"data_generator_T":326.0,"data_generator_V":-75.493652},{"data_generator_T":327.0,"data_generator_V":-72.922867},{"data_generator_T":328.0,"data_generator_V":-70.874084},{"data_generator_T":329.0,"data_generator_V":-69.230186},{"data_generator_T":330.0,"data_generator_V":-67.902061},{"data_generator_T":331.0,"data_generator_V":-66.82016},{"data_generator_T":332.0,"data_generator_V":-65.929588},{"data_generator_T":333.0,"data_generator_V":-65.186958},{"data_generator_T":334.0,"data_generator_V":-64.558151},{"data_generator_T":335.0,"data_generator_V":-64.016365},{"data_generator_T":336.0,"data_generator_V":-63.54044},{"data_generator_T":337.0,"data_generator_V":-63.113392},{"data_generator_T":338.0,"data_generator_V":-62.721123},{"data_generator_T":339.0,"data_generator_V":-62.351254},{"data_generator_T":340.0,"data_generator_V":-61.991951},{"data_generator_T":341.0,"data_generator_V":-61.630447},{"data_generator_T":342.0,"data_generator_V":-61.250801},{"data_generator_T":343.0,"data_generator_V":-60.829468},{"data_generator_T":344.0,"data_generator_V":-60.324791},{"data_generator_T":345.0,"data_generator_V":-59.645016},{"data_generator_T":346.0,"data_generator_V":-58.507137},{"data_generator_T":347.0,"data_generator_V":-54.880154},{"data_generator_T":348.0,"data_generator_V":-53.848431},{"data_generator_T":349.0,"data_generator_V":-92.217438},{"data_generator_T":350.0,"data_generator_V":-85.862122},{"data_generator_T":351.0,"data_generator_V":-81.001984},{"data_generator_T":352.0,"data_generator_V":-77.255844},{"data_generator_T":353.0,"data_generator_V":-74.315712},{"data_generator_T":354.0,"data_generator_V":-71.9832},{"data_generator_T":355.0,"data_generator_V":-70.118744},{"data_generator_T":356.0,"data_generator_V":-68.618492},{"data_generator_T":357.0,"data_generator_V":-67.402428},{"data_generator_T":358.0,"data_generator_V":-66.407639},{"data_generator_T":359.0,"data_generator_V":-65.584412},{"data_generator_T":360.0,"data_generator_V":-64.893509},{"data_generator_T":361.0,"data_generator_V":-64.304123},{"data_generator_T":362.0,"data_generator_V":-63.792},{"data_generator_T":363.0,"data_generator_V":-63.337883},{"data_generator_T":364.0,"data_generator_V":-62.926109},{"data_generator_T":365.0,"data_generator_V":-62.543369},{"data_generator_T":366.0,"data_generator_V":-62.17754},{"data_generator_T":367.0,"data_generator_V":-61.816376},{"data_generator_T":368.0,"data_generator_V":-61.44574},{"data_generator_T":369.0,"data_generator_V":-61.046452},{"data_generator_T":370.0,"data_generator_V":-60.587585},{"data_generator_T":371.0,"data_generator_V":-60.008373},{"data_generator_T":372.0,"data_generator_V":-59.153461},{"data_generator_T":373.0,"data_generator_V":-57.373707},{"data_generator_T":374.0,"data_generator_V":34.671432},{"data_generator_T":375.0,"data_generator_V":-94.968056},{"data_generator_T":376.0,"data_generator_V":-88.730148},{"data_generator_T":377.0,"data_generator_V":-83.1726},{"data_generator_T":378.0,"data_generator_V":-78.936852},{"data_generator_T":379.0,"data_generator_V":-75.637184},{"data_generator_T":380.0,"data_generator_V":-73.031418},{"data_generator_T":381.0,"data_generator_V":-70.95562},{"data_generator_T":382.0,"data_generator_V":-69.290672},{"data_generator_T":383.0,"data_generator_V":-67.946083},{"data_generator_T":384.0,"data_generator_V":-66.851288},{"data_generator_T":385.0,"data_generator_V":-65.950554},{"data_generator_T":386.0,"data_generator_V":-65.199837},{"data_generator_T":387.0,"data_generator_V":-64.564468},{"data_generator_T":388.0,"data_generator_V":-64.017212},{"data_generator_T":389.0,"data_generator_V":-63.536564},{"data_generator_T":390.0,"data_generator_V":-63.105236},{"data_generator_T":391.0,"data_generator_V":-62.70887},{"data_generator_T":392.0,"data_generator_V":-62.334812},{"data_generator_T":393.0,"data_generator_V":-61.970905},{"data_generator_T":394.0,"data_generator_V":-61.603924},{"data_generator_T":395.0,"data_generator_V":-61.217144},{"data_generator_T":396.0,"data_generator_V":-60.78548},{"data_generator_T":397.0,"data_generator_V":-60.263668},{"data_generator_T":398.0,"data_generator_V":-59.548973},{"data_generator_T":399.0,"data_generator_V":-58.30619},{"data_generator_T":400.0,"data_generator_V":-53.492046},{"data_generator_T":401.0,"data_generator_V":-83.984924},{"data_generator_T":402.0,"data_generator_V":-91.386543},{"data_generator_T":403.0,"data_generator_V":-85.198685},{"data_generator_T":404.0,"data_generator_V":-80.490608},{"data_generator_T":405.0,"data_generator_V":-76.85173},{"data_generator_T":406.0,"data_generator_V":-73.991264},{"data_generator_T":407.0,"data_generator_V":-71.719673},{"data_generator_T":408.0,"data_generator_V":-69.902481},{"data_generator_T":409.0,"data_generator_V":-68.439102},{"data_generator_T":410.0,"data_generator_V":-67.251724},{"data_generator_T":411.0,"data_generator_V":-66.279114},{"data_generator_T":412.0,"data_generator_V":-65.472824},{"data_generator_T":413.0,"data_generator_V":-64.79467},{"data_generator_T":414.0,"data_generator_V":-64.21463},{"data_generator_T":415.0,"data_generator_V":-63.709064},{"data_generator_T":416.0,"data_generator_V":-63.259129},{"data_generator_T":417.0,"data_generator_V":-62.849392},{"data_generator_T":418.0,"data_generator_V":-62.466583},{"data_generator_T":419.0,"data_generator_V":-62.098377},{"data_generator_T":420.0,"data_generator_V":-61.731998},{"data_generator_T":421.0,"data_generator_V":-61.352123},{"data_generator_T":422.0,"data_generator_V":-60.937119},{"data_generator_T":423.0,"data_generator_V":-60.450336},{"data_generator_T":424.0,"data_generator_V":-59.815254},{"data_generator_T":425.0,"data_generator_V":-58.815807},{"data_generator_T":426.0,"data_generator_V":-56.284306},{"data_generator_T":427.0,"data_generator_V":-6.9334788},{"data_generator_T":428.0,"data_generator_V":-93.585609},{"data_generator_T":429.0,"data_generator_V":-87.027336},{"data_generator_T":430.0,"data_generator_V":-81.880135},{"data_generator_T":431.0,"data_generator_V":-77.931648},{"data_generator_T":432.0,"data_generator_V":-74.841675},{"data_generator_T":433.0,"data_generator_V":-72.394791},{"data_generator_T":434.0,"data_generator_V":-70.441711},{"data_generator_T":435.0,"data_generator_V":-68.872353},{"data_generator_T":436.0,"data_generator_V":-67.602318},{"data_generator_T":437.0,"data_generator_V":-66.56543},{"data_generator_T":438.0,"data_generator_V":-65.709381},{"data_generator_T":439.0,"data_generator_V":-64.992859},{"data_generator_T":440.0,"data_generator_V":-64.383354},{"data_generator_T":441.0,"data_generator_V":-63.855297},{"data_generator_T":442.0,"data_generator_V":-63.388424},{"data_generator_T":443.0,"data_generator_V":-62.966286},{"data_generator_T":444.0,"data_generator_V":-62.574978},{"data_generator_T":445.0,"data_generator_V":-62.201904},{"data_generator_T":446.0,"data_generator_V":-61.834446},{"data_generator_T":447.0,"data_generator_V":-61.458122},{"data_generator_T":448.0,"data_generator_V":-61.053379},{"data_generator_T":449.0,"data_generator_V":-60.588734},{"data_generator_T":450.0,"data_generator_V":-60.002243},{"data_generator_T":451.0,"data_generator_V":-59.134621},{"data_generator_T":452.0,"data_generator_V":-57.309498},{"data_generator_T":453.0,"data_generator_V":39.483147},{"data_generator_T":454.0,"data_generator_V":-94.909355},{"data_generator_T":455.0,"data_generator_V":-88.591568},{"data_generator_T":456.0,"data_generator_V":-83.061501},{"data_generator_T":457.0,"data_generator_V":-78.844406},{"data_generator_T":458.0,"data_generator_V":-75.557877},{"data_generator_T":459.0,"data_generator_V":-72.961891},{"data_generator_T":460.0,"data_generator_V":-70.8936},{"data_generator_T":461.0,"data_generator_V":-69.234474},{"data_generator_T":462.0,"data_generator_V":-67.894402},{"data_generator_T":463.0,"data_generator_V":-66.803009},{"data_generator_T":464.0,"data_generator_V":-65.904716},{"data_generator_T":465.0,"data_generator_V":-65.155563},{"data_generator_T":466.0,"data_generator_V":-64.520958},{"data_generator_T":467.0,"data_generator_V":-63.973698},{"data_generator_T":468.0,"data_generator_V":-63.492264},{"data_generator_T":469.0,"data_generator_V":-63.059326},{"data_generator_T":470.0,"data_generator_V":-62.660381},{"data_generator_T":471.0,"data_generator_V":-62.282543},{"data_generator_T":472.0,"data_generator_V":-61.913204},{"data_generator_T":473.0,"data_generator_V":-61.538345},{"data_generator_T":474.0,"data_generator_V":-61.139694},{"data_generator_T":475.0,"data_generator_V":-60.6889},{"data_generator_T":476.0,"data_generator_V":-60.132511},{"data_generator_T":477.0,"data_generator_V":-59.341339},{"data_generator_T":478.0,"data_generator_V":-57.836445},{"data_generator_T":479.0,"data_generator_V":-45.143612},{"data_generator_T":480.0,"data_generator_V":-94.760445},{"data_generator_T":481.0,"data_generator_V":-89.848732},{"data_generator_T":482.0,"data_generator_V":-84.011681},{"data_generator_T":483.0,"data_generator_V":-79.574707},{"data_generator_T":484.0,"data_generator_V":-76.129066},{"data_generator_T":485.0,"data_generator_V":-73.413078},{"data_generator_T":486.0,"data_generator_V":-71.252335},{"data_generator_T":487.0,"data_generator_V":-69.521263},{"data_generator_T":488.0,"data_generator_V":-68.125053},{"data_generator_T":489.0,"data_generator_V":-66.989929},{"data_generator_T":490.0,"data_generator_V":-66.057693},{"data_generator_T":491.0,"data_generator_V":-65.282303},{"data_generator_T":492.0,"data_generator_V":-64.627487},{"data_generator_T":493.0,"data_generator_V":-64.064713},{"data_generator_T":494.0,"data_generator_V":-63.571461},{"data_generator_T":495.0,"data_generator_V":-63.129658},{"data_generator_T":496.0,"data_generator_V":-62.724308},{"data_generator_T":497.0,"data_generator_V":-62.342232},{"data_generator_T":498.0,"data_generator_V":-61.970764},{"data_generator_T":499.0,"data_generator_V":-61.59613},{"data_generator_T":500.0,"data_generator_V":-61.200817},{"data_generator_T":501.0,"data_generator_V":-60.758366},{"data_generator_T":502.0,"data_generator_V":-60.220322},{"data_generator_T":503.0,"data_generator_V":-59.474232},{"data_generator_T":504.0,"data_generator_V":-58.135403},{"data_generator_T":505.0,"data_generator_V":-51.724167},{"data_generator_T":506.0,"data_generator_V":-91.853645},{"data_generator_T":507.0,"data_generator_V":-90.763939},{"data_generator_T":508.0,"data_generator_V":-84.709152},{"data_generator_T":509.0,"data_generator_V":-80.1082},{"data_generator_T":510.0,"data_generator_V":-76.544952},{"data_generator_T":511.0,"data_generator_V":-73.740723},{"data_generator_T":512.0,"data_generator_V":-71.512169},{"data_generator_T":513.0,"data_generator_V":-69.728386},{"data_generator_T":514.0,"data_generator_V":-68.291046},{"data_generator_T":515.0,"data_generator_V":-67.123878},{"data_generator_T":516.0,"data_generator_V":-66.16674},{"data_generator_T":517.0,"data_generator_V":-65.372086},{"data_generator_T":518.0,"data_generator_V":-64.702393},{"data_generator_T":519.0,"data_generator_V":-64.128166},{"data_generator_T":520.0,"data_generator_V":-63.626133},{"data_generator_T":521.0,"data_generator_V":-63.177673},{"data_generator_T":522.0,"data_generator_V":-62.767399},{"data_generator_T":523.0,"data_generator_V":-62.381893},{"data_generator_T":524.0,"data_generator_V":-62.008408},{"data_generator_T":525.0,"data_generator_V":-61.633255},{"data_generator_T":526.0,"data_generator_V":-61.239323},{"data_generator_T":527.0,"data_generator_V":-60.801174},{"data_generator_T":528.0,"data_generator_V":-60.273071},{"data_generator_T":529.0,"data_generator_V":-59.551323},{"data_generator_T":530.0,"data_generator_V":-58.296635},{"data_generator_T":531.0,"data_generator_V":-53.371532},{"data_generator_T":532.0,"data_generator_V":-85.105507},{"data_generator_T":533.0,"data_generator_V":-91.325272},{"data_generator_T":534.0,"data_generator_V":-85.142326},{"data_generator_T":535.0,"data_generator_V":-80.437996},{"data_generator_T":536.0,"data_generator_V":-76.801033},{"data_generator_T":537.0,"data_generator_V":-73.941704},{"data_generator_T":538.0,"data_generator_V":-71.670883},{"data_generator_T":539.0,"data_generator_V":-69.854294},{"data_generator_T":540.0,"data_generator_V":-68.39135},{"data_generator_T":541.0,"data_generator_V":-67.204216},{"data_generator_T":542.0,"data_generator_V":-66.231567},{"data_generator_T":543.0,"data_generator_V":-65.424873},{"data_generator_T":544.0,"data_generator_V":-64.745857},{"data_generator_T":545.0,"data_generator_V":-64.164406},{"data_generator_T":546.0,"data_generator_V":-63.656776},{"data_generator_T":547.0,"data_generator_V":-63.203991},{"data_generator_T":548.0,"data_generator_V":-62.790409},{"data_generator_T":549.0,"data_generator_V":-62.402439},{"data_generator_T":550.0,"data_generator_V":-62.027237},{"data_generator_T":551.0,"data_generator_V":-61.651112},{"data_generator_T":552.0,"data_generator_V":-61.257065},{"data_generator_T":553.0,"data_generator_V":-60.82003},{"data_generator_T":554.0,"data_generator_V":-60.295273},{"data_generator_T":555.0,"data_generator_V":-59.582363},{"data_generator_T":556.0,"data_generator_V":-58.358231},{"data_generator_T":557.0,"data_generator_V":-53.855133},{"data_generator_T":558.0,"data_generator_V":-79.500732},{"data_generator_T":559.0,"data_generator_V":-91.56559},{"data_generator_T":560.0,"data_generator_V":-85.329033},{"data_generator_T":561.0,"data_generator_V":-80.579308},{"data_generator_T":562.0,"data_generator_V":-76.90995},{"data_generator_T":563.0,"data_generator_V":-74.026382},{"data_generator_T":564.0,"data_generator_V":-71.736977},{"data_generator_T":565.0,"data_generator_V":-69.905937},{"data_generator_T":566.0,"data_generator_V":-68.431725},{"data_generator_T":567.0,"data_generator_V":-67.235786},{"data_generator_T":568.0,"data_generator_V":-66.256271},{"data_generator_T":569.0,"data_generator_V":-65.444221},{"data_generator_T":570.0,"data_generator_V":-64.761009},{"data_generator_T":571.0,"data_generator_V":-64.176247},{"data_generator_T":572.0,"data_generator_V":-63.665977},{"data_generator_T":573.0,"data_generator_V":-63.21104},{"data_generator_T":574.0,"data_generator_V":-62.795673},{"data_generator_T":575.0,"data_generator_V":-62.406185},{"data_generator_T":576.0,"data_generator_V":-62.029633},{"data_generator_T":577.0,"data_generator_V":-61.652241},{"data_generator_T":578.0,"data_generator_V":-61.256924},{"data_generator_T":579.0,"data_generator_V":-60.818451},{"data_generator_T":580.0,"data_generator_V":-60.291782},{"data_generator_T":581.0,"data_generator_V":-59.575554},{"data_generator_T":582.0,"data_generator_V":-58.342266},{"data_generator_T":583.0,"data_generator_V":-53.728447},{"data_generator_T":584.0,"data_generator_V":-81.258835},{"data_generator_T":585.0,"data_generator_V":-91.503059},{"data_generator_T":586.0,"data_generator_V":-85.278679},{"data_generator_T":587.0,"data_generator_V":-80.539497},{"data_generator_T":588.0,"data_generator_V":-76.877487},{"data_generator_T":589.0,"data_generator_V":-73.999352},{"data_generator_T":590.0,"data_generator_V":-71.714088},{"data_generator_T":591.0,"data_generator_V":-69.886269},{"data_generator_T":592.0,"data_generator_V":-68.414558},{"data_generator_T":593.0,"data_generator_V":-67.220558},{"data_generator_T":594.0,"data_generator_V":-66.242516},{"data_generator_T":595.0,"data_generator_V":-65.431549},{"data_generator_T":596.0,"data_generator_V":-64.749084},{"data_generator_T":597.0,"data_generator_V":-64.16478},{"data_generator_T":598.0,"data_generator_V":-63.654701},{"data_generator_T":599.0,"data_generator_V":-63.199715},{"data_generator_T":600.0,"data_generator_V":-62.784035},{"data_generator_T":601.0,"data_generator_V":-62.393929},{"data_generator_T":602.0,"data_generator_V":-62.01638},{"data_generator_T":603.0,"data_generator_V":-61.637459},{"data_generator_T":604.0,"data_generator_V":-61.239765},{"data_generator_T":605.0,"data_generator_V":-60.797424},{"data_generator_T":606.0,"data_generator_V":-60.263779},{"data_generator_T":607.0,"data_generator_V":-59.532478},{"data_generator_T":608.0,"data_generator_V":-58.251034},{"data_generator_T":609.0,"data_generator_V":-52.946297},{"data_generator_T":610.0,"data_generator_V":-87.973251},{"data_generator_T":611.0,"data_generator_V":-91.159439},{"data_generator_T":612.0,"data_generator_V":-85.009468},{"data_generator_T":613.0,"data_generator_V":-80.332397},{"data_generator_T":614.0,"data_generator_V":-76.714439},{"data_generator_T":615.0,"data_generator_V":-73.869125},{"data_generator_T":616.0,"data_generator_V":-71.609009},{"data_generator_T":617.0,"data_generator_V":-69.800713},{"data_generator_T":618.0,"data_generator_V":-68.344231},{"data_generator_T":619.0,"data_generator_V":-67.162086},{"data_generator_T":620.0,"data_generator_V":-66.193199},{"data_generator_T":621.0,"data_generator_V":-65.389244},{"data_generator_T":622.0,"data_generator_V":-64.712082},{"data_generator_T":623.0,"data_generator_V":-64.131699},{"data_generator_T":624.0,"data_generator_V":-63.624428},{"data_generator_T":625.0,"data_generator_V":-63.171303},{"data_generator_T":626.0,"data_generator_V":-62.756638},{"data_generator_T":627.0,"data_generator_V":-62.366722},{"data_generator_T":628.0,"data_generator_V":-61.988461},{"data_generator_T":629.0,"data_generator_V":-61.607681},{"data_generator_T":630.0,"data_generator_V":-61.206459},{"data_generator_T":631.0,"data_generator_V":-60.757732},{"data_generator_T":632.0,"data_generator_V":-60.211868},{"data_generator_T":633.0,"data_generator_V":-59.452896},{"data_generator_T":634.0,"data_generator_V":-58.077839},{"data_generator_T":635.0,"data_generator_V":-50.892124},{"data_generator_T":636.0,"data_generator_V":-92.965439},{"data_generator_T":637.0,"data_generator_V":-90.556488},{"data_generator_T":638.0,"data_generator_V":-84.543465},{"data_generator_T":639.0,"data_generator_V":-79.974228},{"data_generator_T":640.0,"data_generator_V":-76.433144},{"data_generator_T":641.0,"data_generator_V":-73.645325},{"data_generator_T":642.0,"data_generator_V":-71.429314},{"data_generator_T":643.0,"data_generator_V":-69.655289},{"data_generator_T":644.0,"data_generator_V":-68.225533},{"data_generator_T":645.0,"data_generator_V":-67.064194},{"data_generator_T":646.0,"data_generator_V":-66.111412},{"data_generator_T":647.0,"data_generator_V":-65.319817},{"data_generator_T":648.0,"data_generator_V":-64.652046},{"data_generator_T":649.0,"data_generator_V":-64.078705},{"data_generator_T":650.0,"data_generator_V":-63.576572},{"data_generator_T":651.0,"data_generator_V":-63.127003},{"data_generator_T":652.0,"data_generator_V":-62.714508},{"data_generator_T":653.0,"data_generator_V":-62.325439},{"data_generator_T":654.0,"data_generator_V":-61.946606},{"data_generator_T":655.0,"data_generator_V":-61.563499},{"data_generator_T":656.0,"data_generator_V":-61.157413},{"data_generator_T":657.0,"data_generator_V":-60.69949},{"data_generator_T":658.0,"data_generator_V":-60.135414},{"data_generator_T":659.0,"data_generator_V":-59.333641},{"data_generator_T":660.0,"data_generator_V":-57.801952},{"data_generator_T":661.0,"data_generator_V":-43.443314},{"data_generator_T":662.0,"data_generator_V":-94.860085},{"data_generator_T":663.0,"data_generator_V":-89.730484},{"data_generator_T":664.0,"data_generator_V":-83.912598},{"data_generator_T":665.0,"data_generator_V":-79.488609},{"data_generator_T":666.0,"data_generator_V":-76.051704},{"data_generator_T":667.0,"data_generator_V":-73.342064},{"data_generator_T":668.0,"data_generator_V":-71.186157},{"data_generator_T":669.0,"data_generator_V":-69.458855},{"data_generator_T":670.0,"data_generator_V":-68.065544},{"data_generator_T":671.0,"data_generator_V":-66.932564},{"data_generator_T":672.0,"data_generator_V":-66.001717},{"data_generator_T":673.0,"data_generator_V":-65.226974},{"data_generator_T":674.0,"data_generator_V":-64.572029},{"data_generator_T":675.0,"data_generator_V":-64.008316},{"data_generator_T":676.0,"data_generator_V":-63.513248},{"data_generator_T":677.0,"data_generator_V":-63.068611},{"data_generator_T":678.0,"data_generator_V":-62.659187},{"data_generator_T":679.0,"data_generator_V":-62.271416},{"data_generator_T":680.0,"data_generator_V":-61.891968},{"data_generator_T":681.0,"data_generator_V":-61.505878},{"data_generator_T":682.0,"data_generator_V":-61.093353},{"data_generator_T":683.0,"data_generator_V":-60.622971},{"data_generator_T":684.0,"data_generator_V":-60.033596},{"data_generator_T":685.0,"data_generator_V":-59.169674},{"data_generator_T":686.0,"data_generator_V":-57.382656},{"data_generator_T":687.0,"data_generator_V":34.392006},{"data_generator_T":688.0,"data_generator_V":-94.967087},{"data_generator_T":689.0,"data_generator_V":-88.718239},{"data_generator_T":690.0,"data_generator_V":-83.144951},{"data_generator_T":691.0,"data_generator_V":-78.895981},{"data_generator_T":692.0,"data_generator_V":-75.585625},{"data_generator_T":693.0,"data_generator_V":-72.97139},{"data_generator_T":694.0,"data_generator_V":-70.888977},{"data_generator_T":695.0,"data_generator_V":-69.218864},{"data_generator_T":696.0,"data_generator_V":-67.870163},{"data_generator_T":697.0,"data_generator_V":-66.771873},{"data_generator_T":698.0,"data_generator_V":-65.867851},{"data_generator_T":699.0,"data_generator_V":-65.113701},{"data_generator_T":700.0,"data_generator_V":-64.474419},{"data_generator_T":701.0,"data_generator_V":-63.922478},{"data_generator_T":702.0,"data_generator_V":-63.436035},{"data_generator_T":703.0,"data_generator_V":-62.997421},{"data_generator_T":704.0,"data_generator_V":-62.591724},{"data_generator_T":705.0,"data_generator_V":-62.205471},{"data_generator_T":706.0,"data_generator_V":-61.825146},{"data_generator_T":707.0,"data_generator_V":-61.435154},{"data_generator_T":708.0,"data_generator_V":-61.01421},{"data_generator_T":709.0,"data_generator_V":-60.527328},{"data_generator_T":710.0,"data_generator_V":-59.903545},{"data_generator_T":711.0,"data_generator_V":-58.950127},{"data_generator_T":712.0,"data_generator_V":-56.724598},{"data_generator_T":713.0,"data_generator_V":18.027588},{"data_generator_T":714.0,"data_generator_V":-94.153214},{"data_generator_T":715.0,"data_generator_V":-87.574646},{"data_generator_T":716.0,"data_generator_V":-82.279305},{"data_generator_T":717.0,"data_generator_V":-78.225494},{"data_generator_T":718.0,"data_generator_V":-75.057449},{"data_generator_T":719.0,"data_generator_V":-72.550995},{"data_generator_T":720.0,"data_generator_V":-70.551796},{"data_generator_T":721.0,"data_generator_V":-68.94648},{"data_generator_T":722.0,"data_generator_V":-67.648308},{"data_generator_T":723.0,"data_generator_V":-66.589272},{"data_generator_T":724.0,"data_generator_V":-65.715576},{"data_generator_T":725.0,"data_generator_V":-64.98468},{"data_generator_T":726.0,"data_generator_V":-64.363075},{"data_generator_T":727.0,"data_generator_V":-63.82439},{"data_generator_T":728.0,"data_generator_V":-63.347637},{"data_generator_T":729.0,"data_generator_V":-62.915733},{"data_generator_T":730.0,"data_generator_V":-62.514095},{"data_generator_T":731.0,"data_generator_V":-62.129318},{"data_generator_T":732.0,"data_generator_V":-61.747601},{"data_generator_T":733.0,"data_generator_V":-61.352505},{"data_generator_T":734.0,"data_generator_V":-60.920742},{"data_generator_T":735.0,"data_generator_V":-60.412464},{"data_generator_T":736.0,"data_generator_V":-59.742573},{"data_generator_T":737.0,"data_generator_V":-58.659695},{"data_generator_T":738.0,"data_generator_V":-55.592041},{"data_generator_T":739.0,"data_generator_V":-32.911423},{"data_generator_T":740.0,"data_generator_V":-92.806763},{"data_generator_T":741.0,"data_generator_V":-86.328415},{"data_generator_T":742.0,"data_generator_V":-81.333084},{"data_generator_T":743.0,"data_generator_V":-77.489632},{"data_generator_T":744.0,"data_generator_V":-74.476517},{"data_generator_T":745.0,"data_generator_V":-72.087997},{"data_generator_T":746.0,"data_generator_V":-70.180099},{"data_generator_T":747.0,"data_generator_V":-68.645943},{"data_generator_T":748.0,"data_generator_V":-67.403236},{"data_generator_T":749.0,"data_generator_V":-66.38726},{"data_generator_T":750.0,"data_generator_V":-65.546783},{"data_generator_T":751.0,"data_generator_V":-64.841339},{"data_generator_T":752.0,"data_generator_V":-64.239052},{"data_generator_T":753.0,"data_generator_V":-63.714809},{"data_generator_T":754.0,"data_generator_V":-63.248558},{"data_generator_T":755.0,"data_generator_V":-62.82383},{"data_generator_T":756.0,"data_generator_V":-62.426373},{"data_generator_T":757.0,"data_generator_V":-62.042793},{"data_generator_T":758.0,"data_generator_V":-61.658875},{"data_generator_T":759.0,"data_generator_V":-61.257019},{"data_generator_T":760.0,"data_generator_V":-60.811234},{"data_generator_T":761.0,"data_generator_V":-60.274868},{"data_generator_T":762.0,"data_generator_V":-59.541878},{"data_generator_T":763.0,"data_generator_V":-58.261871},{"data_generator_T":764.0,"data_generator_V":-53.01989},{"data_generator_T":765.0,"data_generator_V":-87.564064},{"data_generator_T":766.0,"data_generator_V":-91.184151},{"data_generator_T":767.0,"data_generator_V":-85.023315},{"data_generator_T":768.0,"data_generator_V":-80.337051},{"data_generator_T":769.0,"data_generator_V":-76.712097},{"data_generator_T":770.0,"data_generator_V":-73.861397},{"data_generator_T":771.0,"data_generator_V":-71.597107},{"data_generator_T":772.0,"data_generator_V":-69.785568},{"data_generator_T":773.0,"data_generator_V":-68.326561},{"data_generator_T":774.0,"data_generator_V":-67.14238},{"data_generator_T":775.0,"data_generator_V":-66.171776},{"data_generator_T":776.0,"data_generator_V":-65.366264},{"data_generator_T":777.0,"data_generator_V":-64.687546},{"data_generator_T":778.0,"data_generator_V":-64.105507},{"data_generator_T":779.0,"data_generator_V":-63.596352},{"data_generator_T":780.0,"data_generator_V":-63.140972},{"data_generator_T":781.0,"data_generator_V":-62.723526},{"data_generator_T":782.0,"data_generator_V":-62.330067},{"data_generator_T":783.0,"data_generator_V":-61.947113},{"data_generator_T":784.0,"data_generator_V":-61.559849},{"data_generator_T":785.0,"data_generator_V":-61.149124},{"data_generator_T":786.0,"data_generator_V":-60.685261},{"data_generator_T":787.0,"data_generator_V":-60.112011},{"data_generator_T":788.0,"data_generator_V":-59.291378},{"data_generator_T":789.0,"data_generator_V":-57.691872},{"data_generator_T":790.0,"data_generator_V":-35.353924},{"data_generator_T":791.0,"data_generator_V":-95.036049},{"data_generator_T":792.0,"data_generator_V":-89.436333},{"data_generator_T":793.0,"data_generator_V":-83.685341},{"data_generator_T":794.0,"data_generator_V":-79.309334},{"data_generator_T":795.0,"data_generator_V":-75.906731},{"data_generator_T":796.0,"data_generator_V":-73.222816},{"data_generator_T":797.0,"data_generator_V":-71.086678},{"data_generator_T":798.0,"data_generator_V":-69.374763},{"data_generator_T":799.0,"data_generator_V":-67.993446},{"data_generator_T":800.0,"data_generator_V":-66.869728},{"data_generator_T":801.0,"data_generator_V":-65.945938},{"data_generator_T":802.0,"data_generator_V":-65.17643},{"data_generator_T":803.0,"data_generator_V":-64.5252},{"data_generator_T":804.0,"data_generator_V":-63.963917},{"data_generator_T":805.0,"data_generator_V":-63.470135},{"data_generator_T":806.0,"data_generator_V":-63.025715},{"data_generator_T":807.0,"data_generator_V":-62.615406},{"data_generator_T":808.0,"data_generator_V":-62.225494},{"data_generator_T":809.0,"data_generator_V":-61.8423},{"data_generator_T":810.0,"data_generator_V":-61.450146},{"data_generator_T":811.0,"data_generator_V":-61.02776},{"data_generator_T":812.0,"data_generator_V":-60.540386},{"data_generator_T":813.0,"data_generator_V":-59.917835},{"data_generator_T":814.0,"data_generator_V":-58.970646},{"data_generator_T":815.0,"data_generator_V":-56.785423},{"data_generator_T":816.0,"data_generator_V":21.727371},{"data_generator_T":817.0,"data_generator_V":-94.227196},{"data_generator_T":818.0,"data_generator_V":-87.653877},{"data_generator_T":819.0,"data_generator_V":-82.336098},{"data_generator_T":820.0,"data_generator_V":-78.266281},{"data_generator_T":821.0,"data_generator_V":-75.086388},{"data_generator_T":822.0,"data_generator_V":-72.5709},{"data_generator_T":823.0,"data_generator_V":-70.564728},{"data_generator_T":824.0,"data_generator_V":-68.953987},{"data_generator_T":825.0,"data_generator_V":-67.651573},{"data_generator_T":826.0,"data_generator_V":-66.589188},{"data_generator_T":827.0,"data_generator_V":-65.712799},{"data_generator_T":828.0,"data_generator_V":-64.979683},{"data_generator_T":829.0,"data_generator_V":-64.356163},{"data_generator_T":830.0,"data_generator_V":-63.815731},{"data_generator_T":831.0,"data_generator_V":-63.337288},{"data_generator_T":832.0,"data_generator_V":-62.903622},{"data_generator_T":833.0,"data_generator_V":-62.500038},{"data_generator_T":834.0,"data_generator_V":-62.112949},{"data_generator_T":835.0,"data_generator_V":-61.728306},{"data_generator_T":836.0,"data_generator_V":-61.329212},{"data_generator_T":837.0,"data_generator_V":-60.891487},{"data_generator_T":838.0,"data_generator_V":-60.373203},{"data_generator_T":839.0,"data_generator_V":-59.683144},{"data_generator_T":840.0,"data_generator_V":-58.542694},{"data_generator_T":841.0,"data_generator_V":-54.996155},{"data_generator_T":842.0,"data_generator_V":-50.381489},{"data_generator_T":843.0,"data_generator_V":-92.284363},{"data_generator_T":844.0,"data_generator_V":-85.893578},{"data_generator_T":845.0,"data_generator_V":-80.999237},{"data_generator_T":846.0,"data_generator_V":-77.226692},{"data_generator_T":847.0,"data_generator_V":-74.266037},{"data_generator_T":848.0,"data_generator_V":-71.917557},{"data_generator_T":849.0,"data_generator_V":-70.040695},{"data_generator_T":850.0,"data_generator_V":-68.530739},{"data_generator_T":851.0,"data_generator_V":-67.30687},{"data_generator_T":852.0,"data_generator_V":-66.30545},{"data_generator_T":853.0,"data_generator_V":-65.476089},{"data_generator_T":854.0,"data_generator_V":-64.779007},{"data_generator_T":855.0,"data_generator_V":-64.182854},{"data_generator_T":856.0,"data_generator_V":-63.662903},{"data_generator_T":857.0,"data_generator_V":-63.199379},{"data_generator_T":858.0,"data_generator_V":-62.775948},{"data_generator_T":859.0,"data_generator_V":-62.378372},{"data_generator_T":860.0,"data_generator_V":-61.993073},{"data_generator_T":861.0,"data_generator_V":-61.605385},{"data_generator_T":862.0,"data_generator_V":-61.196709},{"data_generator_T":863.0,"data_generator_V":-60.738831},{"data_generator_T":864.0,"data_generator_V":-60.179462},{"data_generator_T":865.0,"data_generator_V":-59.394264},{"data_generator_T":866.0,"data_generator_V":-57.934032},{"data_generator_T":867.0,"data_generator_V":-48.022865},{"data_generator_T":868.0,"data_generator_V":-94.364807},{"data_generator_T":869.0,"data_generator_V":-90.097694},{"data_generator_T":870.0,"data_generator_V":-84.185974},{"data_generator_T":871.0,"data_generator_V":-79.692406},{"data_generator_T":872.0,"data_generator_V":-76.205032},{"data_generator_T":873.0,"data_generator_V":-73.457306},{"data_generator_T":874.0,"data_generator_V":-71.272072},{"data_generator_T":875.0,"data_generator_V":-69.521973},{"data_generator_T":876.0,"data_generator_V":-68.11087},{"data_generator_T":877.0,"data_generator_V":-66.963959},{"data_generator_T":878.0,"data_generator_V":-66.022163},{"data_generator_T":879.0,"data_generator_V":-65.238716},{"data_generator_T":880.0,"data_generator_V":-64.576714},{"data_generator_T":881.0,"data_generator_V":-64.007111},{"data_generator_T":882.0,"data_generator_V":-63.506912},{"data_generator_T":883.0,"data_generator_V":-63.057583},{"data_generator_T":884.0,"data_generator_V":-62.643585},{"data_generator_T":885.0,"data_generator_V":-62.25103},{"data_generator_T":886.0,"data_generator_V":-61.866165},{"data_generator_T":887.0,"data_generator_V":-61.473385},{"data_generator_T":888.0,"data_generator_V":-61.051727},{"data_generator_T":889.0,"data_generator_V":-60.567284},{"data_generator_T":890.0,"data_generator_V":-59.952339},{"data_generator_T":891.0,"data_generator_V":-59.027134},{"data_generator_T":892.0,"data_generator_V":-56.960289},{"data_generator_T":893.0,"data_generator_V":31.889343},{"data_generator_T":894.0,"data_generator_V":-94.468575},{"data_generator_T":895.0,"data_generator_V":-87.928474},{"data_generator_T":896.0,"data_generator_V":-82.542152},{"data_generator_T":897.0,"data_generator_V":-78.42408},{"data_generator_T":898.0,"data_generator_V":-75.208778},{"data_generator_T":899.0,"data_generator_V":-72.666389},{"data_generator_T":900.0,"data_generator_V":-70.63942},{"data_generator_T":901.0,"data_generator_V":-69.012482},{"data_generator_T":902.0,"data_generator_V":-67.697426},{"data_generator_T":903.0,"data_generator_V":-66.625191},{"data_generator_T":904.0,"data_generator_V":-65.741142},{"data_generator_T":905.0,"data_generator_V":-65.002052},{"data_generator_T":906.0,"data_generator_V":-64.373856},{"data_generator_T":907.0,"data_generator_V":-63.829723},{"data_generator_T":908.0,"data_generator_V":-63.348316},{"data_generator_T":909.0,"data_generator_V":-62.912251},{"data_generator_T":910.0,"data_generator_V":-62.506668},{"data_generator_T":911.0,"data_generator_V":-62.117882},{"data_generator_T":912.0,"data_generator_V":-61.731739},{"data_generator_T":913.0,"data_generator_V":-61.331257},{"data_generator_T":914.0,"data_generator_V":-60.892132},{"data_generator_T":915.0,"data_generator_V":-60.372227},{"data_generator_T":916.0,"data_generator_V":-59.679794},{"data_generator_T":917.0,"data_generator_V":-58.533867},{"data_generator_T":918.0,"data_generator_V":-54.942482},{"data_generator_T":919.0,"data_generator_V":-52.024254},{"data_generator_T":920.0,"data_generator_V":-92.245865},{"data_generator_T":921.0,"data_generator_V":-85.860718},{"data_generator_T":922.0,"data_generator_V":-80.97258},{"data_generator_T":923.0,"data_generator_V":-77.204239},{"data_generator_T":924.0,"data_generator_V":-74.246643},{"data_generator_T":925.0,"data_generator_V":-71.900482},{"data_generator_T":926.0,"data_generator_V":-70.025421},{"data_generator_T":927.0,"data_generator_V":-68.516869},{"data_generator_T":928.0,"data_generator_V":-67.294075},{"data_generator_T":929.0,"data_generator_V":-66.293457},{"data_generator_T":930.0,"data_generator_V":-65.464653},{"data_generator_T":931.0,"data_generator_V":-64.767899},{"data_generator_T":932.0,"data_generator_V":-64.17186},{"data_generator_T":933.0,"data_generator_V":-63.651825},{"data_generator_T":934.0,"data_generator_V":-63.187996},{"data_generator_T":935.0,"data_generator_V":-62.764011},{"data_generator_T":936.0,"data_generator_V":-62.365578},{"data_generator_T":937.0,"data_generator_V":-61.979015},{"data_generator_T":938.0,"data_generator_V":-61.589458},{"data_generator_T":939.0,"data_generator_V":-61.177929},{"data_generator_T":940.0,"data_generator_V":-60.715385},{"data_generator_T":941.0,"data_generator_V":-60.147442},{"data_generator_T":942.0,"data_generator_V":-59.342716},{"data_generator_T":943.0,"data_generator_V":-57.810806},{"data_generator_T":944.0,"data_generator_V":-43.713509},{"data_generator_T":945.0,"data_generator_V":-94.847496},{"data_generator_T":946.0,"data_generator_V":-89.741875},{"data_generator_T":947.0,"data_generator_V":-83.913803},{"data_generator_T":948.0,"data_generator_V":-79.48159},{"data_generator_T":949.0,"data_generator_V":-76.038254},{"data_generator_T":950.0,"data_generator_V":-73.323601},{"data_generator_T":951.0,"data_generator_V":-71.163803},{"data_generator_T":952.0,"data_generator_V":-69.433487},{"data_generator_T":953.0,"data_generator_V":-68.037819},{"data_generator_T":954.0,"data_generator_V":-66.902893},{"data_generator_T":955.0,"data_generator_V":-65.970337},{"data_generator_T":956.0,"data_generator_V":-65.193924},{"data_generator_T":957.0,"data_generator_V":-64.537201},{"data_generator_T":958.0,"data_generator_V":-63.971455},{"data_generator_T":959.0,"data_generator_V":-63.473938},{"data_generator_T":960.0,"data_generator_V":-63.026279},{"data_generator_T":961.0,"data_generator_V":-62.61301},{"data_generator_T":962.0,"data_generator_V":-62.220222},{"data_generator_T":963.0,"data_generator_V":-61.834003},{"data_generator_T":964.0,"data_generator_V":-61.438358},{"data_generator_T":965.0,"data_generator_V":-61.011456},{"data_generator_T":966.0,"data_generator_V":-60.517353},{"data_generator_T":967.0,"data_generator_V":-59.88266},{"data_generator_T":968.0,"data_generator_V":-58.905437},{"data_generator_T":969.0,"data_generator_V":-56.56012},{"data_generator_T":970.0,"data_generator_V":7.8081093},{"data_generator_T":971.0,"data_generator_V":-93.922592},{"data_generator_T":972.0,"data_generator_V":-87.334251},{"data_generator_T":973.0,"data_generator_V":-82.090904},{"data_generator_T":974.0,"data_generator_V":-78.072891},{"data_generator_T":975.0,"data_generator_V":-74.930847},{"data_generator_T":976.0,"data_generator_V":-72.444077},{"data_generator_T":977.0,"data_generator_V":-70.460098},{"data_generator_T":978.0,"data_generator_V":-68.866661},{"data_generator_T":979.0,"data_generator_V":-67.577713},{"data_generator_T":980.0,"data_generator_V":-66.525742},{"data_generator_T":981.0,"data_generator_V":-65.657288},{"data_generator_T":982.0,"data_generator_V":-64.930092},{"data_generator_T":983.0,"data_generator_V":-64.310852},{"data_generator_T":984.0,"data_generator_V":-63.773319},{"data_generator_T":985.0,"data_generator_V":-63.296574},{"data_generator_T":986.0,"data_generator_V":-62.863499},{"data_generator_T":987.0,"data_generator_V":-62.459373},{"data_generator_T":988.0,"data_generator_V":-62.070454},{"data_generator_T":989.0,"data_generator_V":-61.682301},{"data_generator_T":990.0,"data_generator_V":-61.27721},{"data_generator_T":991.0,"data_generator_V":-60.829231},{"data_generator_T":992.0,"data_generator_V":-60.292126},{"data_generator_T":993.0,"data_generator_V":-59.561401},{"data_generator_T":994.0,"data_generator_V":-58.294968},{"data_generator_T":995.0,"data_generator_V":-53.292294},{"data_generator_T":996.0,"data_generator_V":-85.753418},{"data_generator_T":997.0,"data_generator_V":-91.283913},{"data_generator_T":998.0,"data_generator_V":-85.09639},{"data_generator_T":999.0,"data_generator_V":-80.387665},{"data_generator_T":1000.0,"data_generator_V":-76.746399}]