[{"data_set_value_component_environment_variable_time":0.0,"data_set_value_component_parameters_variable_A_iso":9000.0,"data_set_value_component_parameters_variable_k_off":0.2,"data_set_value_component_parameters_variable_k_on":17.3,"data_set_value_component_parameters_variable_k_onI":0.2,"data_set_value_component_parameters_variable_k_offi":0.075,"data_set_value_component_parameters_variable_k_OFF":-0.32,"data_set_value_component_parameters_variable_k_xboff":-1.37,"data_set_value_component_parameters_variable_k_tmoff":0.067,"data_set_value_component_parameters_variable_k_tmonc":0.014,"data_set_value_component_parameters_variable_k_tmRU":10.0,"data_set_value_component_parameters_variable_k_tmxb":-1.86,"data_set_value_component_parameters_variable_k_12":2.0,"data_set_value_component_parameters_variable_k_minus12":0.6,"data_set_value_component_parameters_variable_k_Titin":0.2,"data_set_value_component_parameters_variable_k_3c":0.025,"data_set_value_component_parameters_variable_k_3f":50.0,"data_set_value_component_parameters_variable_k_3xb":-1.23,"data_set_value_component_parameters_variable_k_minus3":0.008,"data_set_value_component_parameters_variable_k_4":0.077,"data_set_value_component_parameters_variable_k_minus4":0.001,"data_set_value_component_parameters_variable_k_5":0.03723,"data_set_value_component_active_force_variable_F_b":0.0,"data_set_value_component_Ca_binding_rate_variable_Q_CaB":0.0125598,"data_set_value_component_TnI_conf_change_rate_variable_Q_TCaA":0.0,"data_set_value_component_TnI_conf_change_rate_variable_k_offI":0.075,"data_set_value_component_Tm_conf_change_rate_variable_Q_TMA":0.0,"data_set_value_component_Tm_conf_change_rate_variable_k_tmon":0.0,"data_set_value_component_myosin_binding_rate_variable_Q_MB":0.0,"data_set_value_component_KTitin_variable_KTitin":0.0,"data_set_value_component_KTitin_variable_f_titinNormal":0.0,"data_set_value_component_KTitin_variable_f_titinDamaged":1.8,"data_set_value_component_Force_Generating_rate_variable_Q_Fgen":0.0,"data_set_value_component_Force_Generating_rate_variable_k_3":0.025,"data_set_value_component_Pi_release_rate_variable_Q_PiR":0.0,"data_set_value_component_ADP_release_rate_variable_Q_ADPR":0.0,"data_set_value_component_RU_species_variable_RUTCa_off":0.0,"data_set_value_component_RU_species_variable_RUTCa_on":0.0,"data_set_value_component_RU_species_variable_RUTM_on":0.0,"data_set_value_component_RU_species_variable_RUAMADPPi":0.0,"data_set_value_component_RU_species_variable_RUA_MADPPi":0.0,"data_set_value_component_RU_species_variable_RUA_MADP":0.0,"data_set_value_component_RU_species_variable_Ca":0.01,"data_set_value_component_RU_species_variable_RUNA":0.0726,"data_set_value_component_RU_species_variable_RUA":0.0,"data_set_value_component_RU_species_variable_RUTM_on_eff":0.0,"data_set_value_component_RU_species_variable_RUTCa_on_eff":0.0,"data_set_value_component_RU_species_variable_RU_total":0.0726,"data_set_value_component_RU_species_variable_MADPPi":0.1375,"data_set_value_component_alpha_variable_alpha":1.0,"data_set_value_component_length_variable_L":0.001,"data_set_value_component_length_variable_L_0":0.001},{"data_set_value_component_environment_variable_time":0.1,"data_set_value_component_parameters_variable_A_iso":9000.0,"data_set_value_component_parameters_variable_k_off":0.2,"data_set_value_component_parameters_variable_k_on":17.3,"data_set_value_component_parameters_variable_k_onI":0.2,"data_set_value_component_parameters_variable_k_offi":0.075,"data_set_value_component_parameters_variable_k_OFF":-0.32,"data_set_value_component_parameters_variable_k_xboff":-1.37,"data_set_value_component_parameters_variable_k_tmoff":0.067,"data_set_value_component_parameters_variable_k_tmonc":0.014,"data_set_value_component_parameters_variable_k_tmRU":10.0,"data_set_value_component_parameters_variable_k_tmxb":-1.86,"data_set_value_component_parameters_variable_k_12":2.0,"data_set_value_component_parameters_variable_k_minus12":0.6,"data_set_value_component_parameters_variable_k_Titin":0.2,"data_set_value_component_parameters_variable_k_3c":0.025,"data_set_value_component_parameters_variable_k_3f":50.0,"data_set_value_component_parameters_variable_k_3xb":-1.23,"data_set_value_component_parameters_variable_k_minus3":0.008,"data_set_value_component_parameters_variable_k_4":0.077,"data_set_value_component_parameters_variable_k_minus4":0.001,"data_set_value_component_parameters_variable_k_5":0.03723,"data_set_value_component_active_force_variable_F_b":5.585181074e-27,"data_set_value_component_Ca_binding_rate_variable_Q_CaB":0.0106954518,"data_set_value_component_TnI_conf_change_rate_variable_Q_TCaA":0.0002288127,"data_set_value_component_TnI_conf_change_rate_variable_k_offI":0.0749922289,"data_set_value_component_Tm_conf_change_rate_variable_Q_TMA":0.0,"data_set_value_component_Tm_conf_change_rate_variable_k_tmon":0.0000022666,"data_set_value_component_myosin_binding_rate_variable_Q_MB":4.829774174e-26,"data_set_value_component_KTitin_variable_KTitin":0.0,"data_set_value_component_KTitin_variable_f_titinNormal":0.0,"data_set_value_component_KTitin_variable_f_titinDamaged":1.8,"data_set_value_component_Force_Generating_rate_variable_Q_Fgen":2.845058177e-29,"data_set_value_component_Force_Generating_rate_variable_k_3":0.025406395,"data_set_value_component_Pi_release_rate_variable_Q_PiR":4.770621681e-32,"data_set_value_component_ADP_release_rate_variable_Q_ADPR":3.728257944e-35,"data_set_value_component_RU_species_variable_RUTCa_off":0.0011484709,"data_set_value_component_RU_species_variable_RUTCa_on":0.0000117541,"data_set_value_component_RU_species_variable_RUTM_on":0.0,"data_set_value_component_RU_species_variable_RUAMADPPi":1.120014799e-27,"data_set_value_component_RU_species_variable_RUA_MADPPi":6.195742626e-31,"data_set_value_component_RU_species_variable_RUA_MADP":1.001412287e-33,"data_set_value_component_RU_species_variable_Ca":0.008839772,"data_set_value_component_RU_species_variable_RUNA":0.071439775,"data_set_value_component_RU_species_variable_RUA":0.0000117541,"data_set_value_component_RU_species_variable_RUTM_on_eff":0.0,"data_set_value_component_RU_species_variable_RUTCa_on_eff":0.0000117541,"data_set_value_component_RU_species_variable_RU_total":0.0726,"data_set_value_component_RU_species_variable_MADPPi":0.1375,"data_set_value_component_alpha_variable_alpha":1.0,"data_set_value_component_length_variable_L":0.001,"data_set_value_component_length_variable_L_0":0.001},{"data_set_value_component_environment_variable_time":0.2,"data_set_value_component_parameters_variable_A_iso":9000.0,"data_set_value_component_parameters_variable_k_off":0.2,"data_set_value_component_parameters_variable_k_on":17.3,"data_set_value_component_parameters_variable_k_onI":0.2,"data_set_value_component_parameters_variable_k_offi":0.075,"data_set_value_component_parameters_variable_k_OFF":-0.32,"data_set_value_component_parameters_variable_k_xboff":-1.37,"data_set_value_component_parameters_variable_k_tmoff":0.067,"data_set_value_component_parameters_variable_k_tmonc":0.014,"data_set_value_component_parameters_variable_k_tmRU":10.0,"data_set_value_component_parameters_variable_k_tmxb":-1.86,"data_set_value_component_parameters_variable_k_12":2.0,"data_set_value_component_parameters_variable_k_minus12":0.6,"data_set_value_component_parameters_variable_k_Titin":0.2,"data_set_value_component_parameters_variable_k_3c":0.025,"data_set_value_component_parameters_variable_k_3f":50.0,"data_set_value_component_parameters_variable_k_3xb":-1.23,"data_set_value_component_parameters_variable_k_minus3":0.008,"data_set_value_component_parameters_variable_k_4":0.077,"data_set_value_component_parameters_variable_k_minus4":0.001,"data_set_value_component_parameters_variable_k_5":0.03723,"data_set_value_component_active_force_variable_F_b":3.446254504e-25,"data_set_value_component_Ca_binding_rate_variable_Q_CaB":0.0091460823,"data_set_value_component_TnI_conf_change_rate_variable_Q_TCaA":0.0004178331,"data_set_value_component_TnI_conf_change_rate_variable_k_offI":0.0749706741,"data_set_value_component_Tm_conf_change_rate_variable_Q_TMA":0.0000000004,"data_set_value_component_Tm_conf_change_rate_variable_k_tmon":0.0000085542,"data_set_value_component_myosin_binding_rate_variable_Q_MB":1.161818848e-24,"data_set_value_component_KTitin_variable_KTitin":0.0,"data_set_value_component_KTitin_variable_f_titinNormal":0.0,"data_set_value_component_KTitin_variable_f_titinDamaged":1.8,"data_set_value_component_Force_Generating_rate_variable_Q_Fgen":1.155705974e-27,"data_set_value_component_Force_Generating_rate_variable_k_3":0.026550876,"data_set_value_component_Pi_release_rate_variable_Q_PiR":2.941442558e-30,"data_set_value_component_ADP_release_rate_variable_Q_ADPR":3.350522669e-33,"data_set_value_component_RU_species_variable_RUTCa_off":0.0021057941,"data_set_value_component_RU_species_variable_RUTCa_on":0.0000443598,"data_set_value_component_RU_species_variable_RUTM_on":0.0,"data_set_value_component_RU_species_variable_RUAMADPPi":4.353948953e-26,"data_set_value_component_RU_species_variable_RUA_MADPPi":3.820172147e-29,"data_set_value_component_RU_species_variable_RUA_MADP":8.999523687e-32,"data_set_value_component_RU_species_variable_Ca":0.0078498357,"data_set_value_component_RU_species_variable_RUNA":0.0704498461,"data_set_value_component_RU_species_variable_RUA":0.0000443598,"data_set_value_component_RU_species_variable_RUTM_on_eff":0.0,"data_set_value_component_RU_species_variable_RUTCa_on_eff":0.0000443598,"data_set_value_component_RU_species_variable_RU_total":0.0726,"data_set_value_component_RU_species_variable_MADPPi":0.1375,"data_set_value_component_alpha_variable_alpha":1.0,"data_set_value_component_length_variable_L":0.001,"data_set_value_component_length_variable_L_0":0.001},{"data_set_value_component_environment_variable_time":0.3,"data_set_value_component_parameters_variable_A_iso":9000.0,"data_set_value_component_parameters_variable_k_off":0.2,"data_set_value_component_parameters_variable_k_on":17.3,"data_set_value_component_parameters_variable_k_onI":0.2,"data_set_value_component_parameters_variable_k_offi":0.075,"data_set_value_component_parameters_variable_k_OFF":-0.32,"data_set_value_component_parameters_variable_k_xboff":-1.37,"data_set_value_component_parameters_variable_k_tmoff":0.067,"data_set_value_component_parameters_variable_k_tmonc":0.014,"data_set_value_component_parameters_variable_k_tmRU":10.0,"data_set_value_component_parameters_variable_k_tmxb":-1.86,"data_set_value_component_parameters_variable_k_12":2.0,"data_set_value_component_parameters_variable_k_minus12":0.6,"data_set_value_component_parameters_variable_k_Titin":0.2,"data_set_value_component_parameters_variable_k_3c":0.025,"data_set_value_component_parameters_variable_k_3f":50.0,"data_set_value_component_parameters_variable_k_3xb":-1.23,"data_set_value_component_parameters_variable_k_minus3":0.008,"data_set_value_component_parameters_variable_k_4":0.077,"data_set_value_component_parameters_variable_k_minus4":0.001,"data_set_value_component_parameters_variable_k_5":0.03723,"data_set_value_component_active_force_variable_F_b":5.424797711e-24,"data_set_value_component_Ca_binding_rate_variable_Q_CaB":0.007850619,"data_set_value_component_TnI_conf_change_rate_variable_Q_TCaA":0.0005736743,"data_set_value_component_TnI_conf_change_rate_variable_k_offI":0.0749377247,"data_set_value_component_Tm_conf_change_rate_variable_Q_TMA":0.0000000017,"data_set_value_component_Tm_conf_change_rate_variable_k_tmon":0.0000181674,"data_set_value_component_myosin_binding_rate_variable_Q_MB":7.823279518e-24,"data_set_value_component_KTitin_variable_KTitin":0.0,"data_set_value_component_KTitin_variable_f_titinNormal":0.0,"data_set_value_component_KTitin_variable_f_titinDamaged":1.8,"data_set_value_component_Force_Generating_rate_variable_Q_Fgen":1.236751571e-26,"data_set_value_component_Force_Generating_rate_variable_k_3":0.0283494259,"data_set_value_component_Pi_release_rate_variable_Q_PiR":4.625121393e-29,"data_set_value_component_ADP_release_rate_variable_Q_ADPR":7.681993593e-32,"data_set_value_component_RU_species_variable_RUTCa_off":0.0029036712,"data_set_value_component_RU_species_variable_RUTCa_on":0.0000942108,"data_set_value_component_RU_species_variable_RUTM_on":0.0000000001,"data_set_value_component_RU_species_variable_RUAMADPPi":4.364222852e-25,"data_set_value_component_RU_species_variable_RUA_MADPPi":6.006919132e-28,"data_set_value_component_RU_species_variable_RUA_MADP":2.063388019e-30,"data_set_value_component_RU_species_variable_Ca":0.0070021068,"data_set_value_component_RU_species_variable_RUNA":0.0696021179,"data_set_value_component_RU_species_variable_RUA":0.000094211,"data_set_value_component_RU_species_variable_RUTM_on_eff":0.0000000001,"data_set_value_component_RU_species_variable_RUTCa_on_eff":0.0000942108,"data_set_value_component_RU_species_variable_RU_total":0.0726,"data_set_value_component_RU_species_variable_MADPPi":0.1375,"data_set_value_component_alpha_variable_alpha":1.0,"data_set_value_component_length_variable_L":0.001,"data_set_value_component_length_variable_L_0":0.001},{"data_set_value_component_environment_variable_time":0.4,"data_set_value_component_parameters_variable_A_iso":9000.0,"data_set_value_component_parameters_variable_k_off":0.2,"data_set_value_component_parameters_variable_k_on":17.3,"data_set_value_component_parameters_variable_k_onI":0.2,"data_set_value_component_parameters_variable_k_offi":0.075,"data_set_value_component_parameters_variable_k_OFF":-0.32,"data_set_value_component_parameters_variable_k_xboff":-1.37,"data_set_value_component_parameters_variable_k_tmoff":0.067,"data_set_value_component_parameters_variable_k_tmonc":0.014,"data_set_value_component_parameters_variable_k_tmRU":10.0,"data_set_value_component_parameters_variable_k_tmxb":-1.86,"data_set_value_component_parameters_variable_k_12":2.0,"data_set_value_component_parameters_variable_k_minus12":0.6,"data_set_value_component_parameters_variable_k_Titin":0.2,"data_set_value_component_parameters_variable_k_3c":0.025,"data_set_value_component_parameters_variable_k_3f":50.0,"data_set_value_component_parameters_variable_k_3xb":-1.23,"data_set_value_component_parameters_variable_k_minus3":0.008,"data_set_value_component_parameters_variable_k_4":0.077,"data_set_value_component_parameters_variable_k_minus4":0.001,"data_set_value_component_parameters_variable_k_5":0.03723,"data_set_value_component_active_force_variable_F_b":3.68576711e-23,"data_set_value_component_Ca_binding_rate_variable_Q_CaB":0.0067609106,"data_set_value_component_TnI_conf_change_rate_variable_Q_TCaA":0.0007018565,"data_set_value_component_TnI_conf_change_rate_variable_k_offI":0.0748954275,"data_set_value_component_Tm_conf_change_rate_variable_Q_TMA":0.0000000048,"data_set_value_component_Tm_conf_change_rate_variable_k_tmon":0.0000305109,"data_set_value_component_myosin_binding_rate_variable_Q_MB":2.928077284e-23,"data_set_value_component_KTitin_variable_KTitin":0.0,"data_set_value_component_KTitin_variable_f_titinNormal":0.0,"data_set_value_component_KTitin_variable_f_titinDamaged":1.8,"data_set_value_component_Force_Generating_rate_variable_Q_Fgen":6.627250159e-26,"data_set_value_component_Force_Generating_rate_variable_k_3":0.0307452338,"data_set_value_component_Pi_release_rate_variable_Q_PiR":3.139560585e-28,"data_set_value_component_ADP_release_rate_variable_Q_ADPR":6.595410251e-31,"data_set_value_component_RU_species_variable_RUTCa_off":0.0035685327,"data_set_value_component_RU_species_variable_RUTCa_on":0.0001582207,"data_set_value_component_RU_species_variable_RUTM_on":0.0000000004,"data_set_value_component_RU_species_variable_RUAMADPPi":2.156598408e-24,"data_set_value_component_RU_species_variable_RUA_MADPPi":4.077581478e-27,"data_set_value_component_RU_species_variable_RUA_MADP":1.771531091e-29,"data_set_value_component_RU_species_variable_Ca":0.0062732457,"data_set_value_component_RU_species_variable_RUNA":0.0688732462,"data_set_value_component_RU_species_variable_RUA":0.0001582211,"data_set_value_component_RU_species_variable_RUTM_on_eff":0.0000000004,"data_set_value_component_RU_species_variable_RUTCa_on_eff":0.0001582207,"data_set_value_component_RU_species_variable_RU_total":0.0726,"data_set_value_component_RU_species_variable_MADPPi":0.1375,"data_set_value_component_alpha_variable_alpha":1.0,"data_set_value_component_length_variable_L":0.001,"data_set_value_component_length_variable_L_0":0.001},{"data_set_value_component_environment_variable_time":0.5,"data_set_value_component_parameters_variable_A_iso":9000.0,"data_set_value_component_parameters_variable_k_off":0.2,"data_set_value_component_parameters_variable_k_on":17.3,"data_set_value_component_parameters_variable_k_onI":0.2,"data_set_value_component_parameters_variable_k_offi":0.075,"data_set_value_component_parameters_variable_k_OFF":-0.32,"data_set_value_component_parameters_variable_k_xboff":-1.37,"data_set_value_component_parameters_variable_k_tmoff":0.067,"data_set_value_component_parameters_variable_k_tmonc":0.014,"data_set_value_component_parameters_variable_k_tmRU":10.0,"data_set_value_component_parameters_variable_k_tmxb":-1.86,"data_set_value_component_parameters_variable_k_12":2.0,"data_set_value_component_parameters_variable_k_minus12":0.6,"data_set_value_component_parameters_variable_k_Titin":0.2,"data_set_value_component_parameters_variable_k_3c":0.025,"data_set_value_component_parameters_variable_k_3f":50.0,"data_set_value_component_parameters_variable_k_3xb":-1.23,"data_set_value_component_parameters_variable_k_minus3":0.008,"data_set_value_component_parameters_variable_k_4":0.077,"data_set_value_component_parameters_variable_k_minus4":0.001,"data_set_value_component_parameters_variable_k_5":0.03723,"data_set_value_component_active_force_variable_F_b":1.66633592e-22,"data_set_value_component_Ca_binding_rate_variable_Q_CaB":0.0058398442,"data_set_value_component_TnI_conf_change_rate_variable_Q_TCaA":0.0008068154,"data_set_value_component_TnI_conf_change_rate_variable_k_offI":0.0748454693,"data_set_value_component_Tm_conf_change_rate_variable_Q_TMA":0.0000000105,"data_set_value_component_Tm_conf_change_rate_variable_k_tmon":0.0000450945,"data_set_value_component_myosin_binding_rate_variable_Q_MB":7.993088225e-23,"data_set_value_component_KTitin_variable_KTitin":0.0,"data_set_value_component_KTitin_variable_f_titinNormal":0.0,"data_set_value_component_KTitin_variable_f_titinDamaged":1.8,"data_set_value_component_Force_Generating_rate_variable_Q_Fgen":2.475147156e-25,"data_set_value_component_Force_Generating_rate_variable_k_3":0.033701069,"data_set_value_component_Pi_release_rate_variable_Q_PiR":1.418162313e-27,"data_set_value_component_ADP_release_rate_variable_Q_ADPR":3.570567139e-30,"data_set_value_component_RU_species_variable_RUTCa_off":0.0041215891,"data_set_value_component_RU_species_variable_RUTCa_on":0.000233847,"data_set_value_component_RU_species_variable_RUTM_on":0.0000000012,"data_set_value_component_RU_species_variable_RUAMADPPi":7.348789646e-24,"data_set_value_component_RU_species_variable_RUA_MADPPi":1.841893791e-26,"data_set_value_component_RU_species_variable_RUA_MADP":9.590564434e-29,"data_set_value_component_RU_species_variable_Ca":0.0056445769,"data_set_value_component_RU_species_variable_RUNA":0.0682445628,"data_set_value_component_RU_species_variable_RUA":0.0002338481,"data_set_value_component_RU_species_variable_RUTM_on_eff":0.0000000012,"data_set_value_component_RU_species_variable_RUTCa_on_eff":0.000233847,"data_set_value_component_RU_species_variable_RU_total":0.0726,"data_set_value_component_RU_species_variable_MADPPi":0.1375,"data_set_value_component_alpha_variable_alpha":1.0,"data_set_value_component_length_variable_L":0.001,"data_set_value_component_length_variable_L_0":0.001},{"data_set_value_component_environment_variable_time":0.6,"data_set_value_component_parameters_variable_A_iso":9000.0,"data_set_value_component_parameters_variable_k_off":0.2,"data_set_value_component_parameters_variable_k_on":17.3,"data_set_value_component_parameters_variable_k_onI":0.2,"data_set_value_component_parameters_variable_k_offi":0.075,"data_set_value_component_parameters_variable_k_OFF":-0.32,"data_set_value_component_parameters_variable_k_xboff":-1.37,"data_set_value_component_parameters_variable_k_tmoff":0.067,"data_set_value_component_parameters_variable_k_tmonc":0.014,"data_set_value_component_parameters_variable_k_tmRU":10.0,"data_set_value_component_parameters_variable_k_tmxb":-1.86,"data_set_value_component_parameters_variable_k_12":2.0,"data_set_value_component_parameters_variable_k_minus12":0.6,"data_set_value_component_parameters_variable_k_Titin":0.2,"data_set_value_component_parameters_variable_k_3c":0.025,"data_set_value_component_parameters_variable_k_3f":50.0,"data_set_value_component_parameters_variable_k_3xb":-1.23,"data_set_value_component_parameters_variable_k_minus3":0.008,"data_set_value_component_parameters_variable_k_4":0.077,"data_set_value_component_parameters_variable_k_minus4":0.001,"data_set_value_component_parameters_variable_k_5":0.03723,"data_set_value_component_active_force_variable_F_b":5.829489814e-22,"data_set_value_component_Ca_binding_rate_variable_Q_CaB":0.005058136,"data_set_value_component_TnI_conf_change_rate_variable_Q_TCaA":0.0008921963,"data_set_value_component_TnI_conf_change_rate_variable_k_offI":0.0747892648,"data_set_value_component_Tm_conf_change_rate_variable_Q_TMA":0.0000000194,"data_set_value_component_Tm_conf_change_rate_variable_k_tmon":0.0000615072,"data_set_value_component_myosin_binding_rate_variable_Q_MB":1.788571524e-22,"data_set_value_component_KTitin_variable_KTitin":0.0,"data_set_value_component_KTitin_variable_f_titinNormal":0.0,"data_set_value_component_KTitin_variable_f_titinDamaged":1.8,"data_set_value_component_Force_Generating_rate_variable_Q_Fgen":7.368751104e-25,"data_set_value_component_Force_Generating_rate_variable_k_3":0.0371898885,"data_set_value_component_Pi_release_rate_variable_Q_PiR":4.956973538e-27,"data_set_value_component_ADP_release_rate_variable_Q_ADPR":1.454779367e-29,"data_set_value_component_RU_species_variable_RUTCa_off":0.0045802547,"data_set_value_component_RU_species_variable_RUTCa_on":0.0003189586,"data_set_value_component_RU_species_variable_RUTM_on":0.0000000026,"data_set_value_component_RU_species_variable_RUAMADPPi":1.982770565e-23,"data_set_value_component_RU_species_variable_RUA_MADPPi":6.438135444e-26,"data_set_value_component_RU_species_variable_RUA_MADP":3.907545976e-28,"data_set_value_component_RU_species_variable_Ca":0.0051008084,"data_set_value_component_RU_species_variable_RUNA":0.067700784,"data_set_value_component_RU_species_variable_RUA":0.0003189612,"data_set_value_component_RU_species_variable_RUTM_on_eff":0.0000000026,"data_set_value_component_RU_species_variable_RUTCa_on_eff":0.0003189586,"data_set_value_component_RU_species_variable_RU_total":0.0726,"data_set_value_component_RU_species_variable_MADPPi":0.1375,"data_set_value_component_alpha_variable_alpha":1.0,"data_set_value_component_length_variable_L":0.001,"data_set_value_component_length_variable_L_0":0.001},{"data_set_value_component_environment_variable_time":0.7,"data_set_value_component_parameters_variable_A_iso":9000.0,"data_set_value_component_parameters_variable_k_off":0.2,"data_set_value_component_parameters_variable_k_on":17.3,"data_set_value_component_parameters_variable_k_onI":0.2,"data_set_value_component_parameters_variable_k_offi":0.075,"data_set_value_component_parameters_variable_k_OFF":-0.32,"data_set_value_component_parameters_variable_k_xboff":-1.37,"data_set_value_component_parameters_variable_k_tmoff":0.067,"data_set_value_component_parameters_variable_k_tmonc":0.014,"data_set_value_component_parameters_variable_k_tmRU":10.0,"data_set_value_component_parameters_variable_k_tmxb":-1.86,"data_set_value_component_parameters_variable_k_12":2.0,"data_set_value_component_parameters_variable_k_minus12":0.6,"data_set_value_component_parameters_variable_k_Titin":0.2,"data_set_value_component_parameters_variable_k_3c":0.025,"data_set_value_component_parameters_variable_k_3f":50.0,"data_set_value_component_parameters_variable_k_3xb":-1.23,"data_set_value_component_parameters_variable_k_minus3":0.008,"data_set_value_component_parameters_variable_k_4":0.077,"data_set_value_component_parameters_variable_k_minus4":0.001,"data_set_value_component_parameters_variable_k_5":0.03723,"data_set_value_component_active_force_variable_F_b":1.703465257e-21,"data_set_value_component_Ca_binding_rate_variable_Q_CaB":0.004392289,"data_set_value_component_TnI_conf_change_rate_variable_Q_TCaA":0.0009610385,"data_set_value_component_TnI_conf_change_rate_variable_k_offI":0.0747280087,"data_set_value_component_Tm_conf_change_rate_variable_Q_TMA":0.0000000323,"data_set_value_component_Tm_conf_change_rate_variable_k_tmon":0.000079402,"data_set_value_component_myosin_binding_rate_variable_Q_MB":3.48837395e-22,"data_set_value_component_KTitin_variable_KTitin":0.0,"data_set_value_component_KTitin_variable_f_titinNormal":0.0,"data_set_value_component_KTitin_variable_f_titinDamaged":1.8,"data_set_value_component_Force_Generating_rate_variable_Q_Fgen":1.872082858e-24,"data_set_value_component_Force_Generating_rate_variable_k_3":0.041189547,"data_set_value_component_Pi_release_rate_variable_Q_PiR":1.44722966e-26,"data_set_value_component_ADP_release_rate_variable_Q_ADPR":4.858755998e-29,"data_set_value_component_RU_species_variable_RUTCa_off":0.0049590407,"data_set_value_component_RU_species_variable_RUTCa_on":0.0004117554,"data_set_value_component_RU_species_variable_RUTM_on":0.0000000052,"data_set_value_component_RU_species_variable_RUAMADPPi":4.54869438e-23,"data_set_value_component_RU_species_variable_RUA_MADPPi":1.879688528e-25,"data_set_value_component_RU_species_variable_RUA_MADP":1.305064732e-27,"data_set_value_component_RU_species_variable_Ca":0.0046292309,"data_set_value_component_RU_species_variable_RUNA":0.0672291987,"data_set_value_component_RU_species_variable_RUA":0.0004117606,"data_set_value_component_RU_species_variable_RUTM_on_eff":0.0000000052,"data_set_value_component_RU_species_variable_RUTCa_on_eff":0.0004117554,"data_set_value_component_RU_species_variable_RU_total":0.0726,"data_set_value_component_RU_species_variable_MADPPi":0.1375,"data_set_value_component_alpha_variable_alpha":1.0,"data_set_value_component_length_variable_L":0.001,"data_set_value_component_length_variable_L_0":0.001},{"data_set_value_component_environment_variable_time":0.8,"data_set_value_component_parameters_variable_A_iso":9000.0,"data_set_value_component_parameters_variable_k_off":0.2,"data_set_value_component_parameters_variable_k_on":17.3,"data_set_value_component_parameters_variable_k_onI":0.2,"data_set_value_component_parameters_variable_k_offi":0.075,"data_set_value_component_parameters_variable_k_OFF":-0.32,"data_set_value_component_parameters_variable_k_xboff":-1.37,"data_set_value_component_parameters_variable_k_tmoff":0.067,"data_set_value_component_parameters_variable_k_tmonc":0.014,"data_set_value_component_parameters_variable_k_tmRU":10.0,"data_set_value_component_parameters_variable_k_tmxb":-1.86,"data_set_value_component_parameters_variable_k_12":2.0,"data_set_value_component_parameters_variable_k_minus12":0.6,"data_set_value_component_parameters_variable_k_Titin":0.2,"data_set_value_component_parameters_variable_k_3c":0.025,"data_set_value_component_parameters_variable_k_3f":50.0,"data_set_value_component_parameters_variable_k_3xb":-1.23,"data_set_value_component_parameters_variable_k_minus3":0.008,"data_set_value_component_parameters_variable_k_4":0.077,"data_set_value_component_parameters_variable_k_minus4":0.001,"data_set_value_component_parameters_variable_k_5":0.03723,"data_set_value_component_active_force_variable_F_b":4.367695389e-21,"data_set_value_component_Ca_binding_rate_variable_Q_CaB":0.0038233756,"data_set_value_component_TnI_conf_change_rate_variable_Q_TCaA":0.0010158728,"data_set_value_component_TnI_conf_change_rate_variable_k_offI":0.0746627084,"data_set_value_component_Tm_conf_change_rate_variable_Q_TMA":0.0000000497,"data_set_value_component_Tm_conf_change_rate_variable_k_tmon":0.000098486,"data_set_value_component_myosin_binding_rate_variable_Q_MB":6.15336826e-22,"data_set_value_component_KTitin_variable_KTitin":0.0,"data_set_value_component_KTitin_variable_f_titinNormal":0.0,"data_set_value_component_KTitin_variable_f_titinDamaged":1.8,"data_set_value_component_Force_Generating_rate_variable_Q_Fgen":4.22856052e-24,"data_set_value_component_Force_Generating_rate_variable_k_3":0.0456801143,"data_set_value_component_Pi_release_rate_variable_Q_PiR":3.707318434e-26,"data_set_value_component_ADP_release_rate_variable_Q_ADPR":1.407466834e-28,"data_set_value_component_RU_species_variable_RUTCa_off":0.0052700225,"data_set_value_component_RU_species_variable_RUTCa_on":0.0005107191,"data_set_value_component_RU_species_variable_RUTM_on":0.0000000093,"data_set_value_component_RU_species_variable_RUAMADPPi":9.265328545e-23,"data_set_value_component_RU_species_variable_RUA_MADPPi":4.815190234e-25,"data_set_value_component_RU_species_variable_RUA_MADP":3.780464233e-27,"data_set_value_component_RU_species_variable_Ca":0.0042192854,"data_set_value_component_RU_species_variable_RUNA":0.0668192491,"data_set_value_component_RU_species_variable_RUA":0.0005107284,"data_set_value_component_RU_species_variable_RUTM_on_eff":0.0000000093,"data_set_value_component_RU_species_variable_RUTCa_on_eff":0.0005107191,"data_set_value_component_RU_species_variable_RU_total":0.0726,"data_set_value_component_RU_species_variable_MADPPi":0.1375,"data_set_value_component_alpha_variable_alpha":1.0,"data_set_value_component_length_variable_L":0.001,"data_set_value_component_length_variable_L_0":0.001},{"data_set_value_component_environment_variable_time":0.9,"data_set_value_component_parameters_variable_A_iso":9000.0,"data_set_value_component_parameters_variable_k_off":0.2,"data_set_value_component_parameters_variable_k_on":17.3,"data_set_value_component_parameters_variable_k_onI":0.2,"data_set_value_component_parameters_variable_k_offi":0.075,"data_set_value_component_parameters_variable_k_OFF":-0.32,"data_set_value_component_parameters_variable_k_xboff":-1.37,"data_set_value_component_parameters_variable_k_tmoff":0.067,"data_set_value_component_parameters_variable_k_tmonc":0.014,"data_set_value_component_parameters_variable_k_tmRU":10.0,"data_set_value_component_parameters_variable_k_tmxb":-1.86,"data_set_value_component_parameters_variable_k_12":2.0,"data_set_value_component_parameters_variable_k_minus12":0.6,"data_set_value_component_parameters_variable_k_Titin":0.2,"data_set_value_component_parameters_variable_k_3c":0.025,"data_set_value_component_parameters_variable_k_3f":50.0,"data_set_value_component_parameters_variable_k_3xb":-1.23,"data_set_value_component_parameters_variable_k_minus3":0.008,"data_set_value_component_parameters_variable_k_4":0.077,"data_set_value_component_parameters_variable_k_minus4":0.001,"data_set_value_component_parameters_variable_k_5":0.03723,"data_set_value_component_active_force_variable_F_b":1.00255311e-20,"data_set_value_component_Ca_binding_rate_variable_Q_CaB":0.0033357669,"data_set_value_component_TnI_conf_change_rate_variable_Q_TCaA":0.0010588594,"data_set_value_component_TnI_conf_change_rate_variable_k_offI":0.074594227,"data_set_value_component_Tm_conf_change_rate_variable_Q_TMA":0.0000000718,"data_set_value_component_Tm_conf_change_rate_variable_k_tmon":0.0001185085,"data_set_value_component_myosin_binding_rate_variable_Q_MB":1.005227506e-21,"data_set_value_component_KTitin_variable_KTitin":0.0,"data_set_value_component_KTitin_variable_f_titinNormal":0.0,"data_set_value_component_KTitin_variable_f_titinDamaged":1.8,"data_set_value_component_Force_Generating_rate_variable_Q_Fgen":8.703287691e-24,"data_set_value_component_Force_Generating_rate_variable_k_3":0.0506412586,"data_set_value_component_Pi_release_rate_variable_Q_PiR":8.502048138e-26,"data_set_value_component_ADP_release_rate_variable_Q_ADPR":3.596546648e-28,"data_set_value_component_RU_species_variable_RUTCa_off":0.0055235061,"data_set_value_component_RU_species_variable_RUTCa_on":0.0006145487,"data_set_value_component_RU_species_variable_RUTM_on":0.0000000153,"data_set_value_component_RU_species_variable_RUAMADPPi":1.720360479e-22,"data_set_value_component_RU_species_variable_RUA_MADPPi":1.104287555e-24,"data_set_value_component_RU_species_variable_RUA_MADP":9.660345549e-27,"data_set_value_component_RU_species_variable_Ca":0.0038619772,"data_set_value_component_RU_species_variable_RUNA":0.0664619299,"data_set_value_component_RU_species_variable_RUA":0.000614564,"data_set_value_component_RU_species_variable_RUTM_on_eff":0.0000000153,"data_set_value_component_RU_species_variable_RUTCa_on_eff":0.0006145487,"data_set_value_component_RU_species_variable_RU_total":0.0726,"data_set_value_component_RU_species_variable_MADPPi":0.1375,"data_set_value_component_alpha_variable_alpha":1.0,"data_set_value_component_length_variable_L":0.001,"data_set_value_component_length_variable_L_0":0.001},{"data_set_value_component_environment_variable_time":1.0,"data_set_value_component_parameters_variable_A_iso":9000.0,"data_set_value_component_parameters_variable_k_off":0.2,"data_set_value_component_parameters_variable_k_on":17.3,"data_set_value_component_parameters_variable_k_onI":0.2,"data_set_value_component_parameters_variable_k_offi":0.075,"data_set_value_component_parameters_variable_k_OFF":-0.32,"data_set_value_component_parameters_variable_k_xboff":-1.37,"data_set_value_component_parameters_variable_k_tmoff":0.067,"data_set_value_component_parameters_variable_k_tmonc":0.014,"data_set_value_component_parameters_variable_k_tmRU":10.0,"data_set_value_component_parameters_variable_k_tmxb":-1.86,"data_set_value_component_parameters_variable_k_12":2.0,"data_set_value_component_parameters_variable_k_minus12":0.6,"data_set_value_component_parameters_variable_k_Titin":0.2,"data_set_value_component_parameters_variable_k_3c":0.025,"data_set_value_component_parameters_variable_k_3f":50.0,"data_set_value_component_parameters_variable_k_3xb":-1.23,"data_set_value_component_parameters_variable_k_minus3":0.008,"data_set_value_component_parameters_variable_k_4":0.077,"data_set_value_component_parameters_variable_k_minus4":0.001,"data_set_value_component_parameters_variable_k_5":0.03723,"data_set_value_component_active_force_variable_F_b":2.113965344e-20,"data_set_value_component_Ca_binding_rate_variable_Q_CaB":0.0029167933,"data_set_value_component_TnI_conf_change_rate_variable_Q_TCaA":0.0010917925,"data_set_value_component_TnI_conf_change_rate_variable_k_offI":0.0745232906,"data_set_value_component_Tm_conf_change_rate_variable_Q_TMA":0.000000099,"data_set_value_component_Tm_conf_change_rate_variable_k_tmon":0.0001392582,"data_set_value_component_myosin_binding_rate_variable_Q_MB":1.546240565e-21,"data_set_value_component_KTitin_variable_KTitin":0.0,"data_set_value_component_KTitin_variable_f_titinNormal":0.0,"data_set_value_component_KTitin_variable_f_titinDamaged":1.8,"data_set_value_component_Force_Generating_rate_variable_Q_Fgen":1.663072237e-23,"data_set_value_component_Force_Generating_rate_variable_k_3":0.0560524674,"data_set_value_component_Pi_release_rate_variable_Q_PiR":1.791140411e-25,"data_set_value_component_ADP_release_rate_variable_Q_ADPR":8.340657644e-28,"data_set_value_component_RU_species_variable_RUTCa_off":0.0057280469,"data_set_value_component_RU_species_variable_RUTCa_on":0.0007221486,"data_set_value_component_RU_species_variable_RUTM_on":0.0000000238,"data_set_value_component_RU_species_variable_RUAMADPPi":2.970312408e-22,"data_set_value_component_RU_species_variable_RUA_MADPPi":2.326447326e-24,"data_set_value_component_RU_species_variable_RUA_MADP":2.240305572e-26,"data_set_value_component_RU_species_variable_Ca":0.0035498374,"data_set_value_component_RU_species_variable_RUNA":0.0661497807,"data_set_value_component_RU_species_variable_RUA":0.0007221724,"data_set_value_component_RU_species_variable_RUTM_on_eff":0.0000000238,"data_set_value_component_RU_species_variable_RUTCa_on_eff":0.0007221486,"data_set_value_component_RU_species_variable_RU_total":0.0726,"data_set_value_component_RU_species_variable_MADPPi":0.1375,"data_set_value_component_alpha_variable_alpha":1.0,"data_set_value_component_length_variable_L":0.001,"data_set_value_component_length_variable_L_0":0.001}]