[{"data_set_value_component_environment_variable_time":0.0,"data_set_value_component_membrane_variable_V":-60.0,"data_set_value_component_membrane_variable_C":10.0,"data_set_value_component_I_K_variable_I_K":6.0,"data_set_value_component_I_K_variable_gK":4.0,"data_set_value_component_n_variable_n":0.1,"data_set_value_component_n_variable_n_infinity":0.0040701377,"data_set_value_component_n_variable_lambda":0.7,"data_set_value_component_n_variable_tau_n":30.0,"data_set_value_component_n_variable_vn":-5.0,"data_set_value_component_n_variable_sn":10.0,"data_set_value_component_I_Ca_variable_I_Ca":-7.5779430466,"data_set_value_component_I_Ca_variable_gCa":2.0,"data_set_value_component_m_variable_m_infinity":0.0344451957,"data_set_value_component_m_variable_vm":-20.0,"data_set_value_component_m_variable_sm":12.0,"data_set_value_component_I_SK_variable_I_SK":0.9807692308,"data_set_value_component_I_SK_variable_gSK":1.7,"data_set_value_component_I_SK_variable_s_infinity":0.0384615385,"data_set_value_component_I_SK_variable_ks":0.5,"data_set_value_component_I_DA_variable_I_DA":0.6744828736,"data_set_value_component_I_DA_variable_I_A":0.6744828736,"data_set_value_component_I_DA_variable_gA":25.0,"data_set_value_component_a_variable_a_infinity":0.01798621,"data_set_value_component_a_variable_va":-20.0,"data_set_value_component_a_variable_sa":10.0,"data_set_value_component_h_variable_h":0.1,"data_set_value_component_h_variable_h_infinity":0.5,"data_set_value_component_h_variable_tau_h":20.0,"data_set_value_component_h_variable_vh":-60.0,"data_set_value_component_h_variable_sh":5.0,"data_set_value_component_Ca_variable_Ca":0.1,"data_set_value_component_Ca_variable_fc":0.01,"data_set_value_component_Ca_variable_alpha":0.0015,"data_set_value_component_Ca_variable_kc":0.16,"data_set_value_component_PRL_variable_PRL":0.0001,"data_set_value_component_PRL_variable_kPRL":1.0,"data_set_value_component_model_parameters_variable_VK":-75.0,"data_set_value_component_model_parameters_variable_VCa":50.0},{"data_set_value_component_environment_variable_time":0.1,"data_set_value_component_membrane_variable_V":-60.0007727267,"data_set_value_component_membrane_variable_C":10.0,"data_set_value_component_I_K_variable_I_K":5.9862777257,"data_set_value_component_I_K_variable_gK":4.0,"data_set_value_component_n_variable_n":0.0997764354,"data_set_value_component_n_variable_n_infinity":0.0040698245,"data_set_value_component_n_variable_lambda":0.7,"data_set_value_component_n_variable_tau_n":30.0,"data_set_value_component_n_variable_vn":-5.0,"data_set_value_component_n_variable_sn":10.0,"data_set_value_component_I_Ca_variable_I_Ca":-7.5775251259,"data_set_value_component_I_Ca_variable_gCa":2.0,"data_set_value_component_m_variable_m_infinity":0.0344430541,"data_set_value_component_m_variable_vm":-20.0,"data_set_value_component_m_variable_sm":12.0,"data_set_value_component_I_SK_variable_I_SK":0.9806313293,"data_set_value_component_I_SK_variable_gSK":1.7,"data_set_value_component_I_SK_variable_s_infinity":0.0384581117,"data_set_value_component_I_SK_variable_ks":0.5,"data_set_value_component_I_DA_variable_I_DA":0.6878504628,"data_set_value_component_I_DA_variable_I_A":0.6878504628,"data_set_value_component_I_DA_variable_gA":25.0,"data_set_value_component_a_variable_a_infinity":0.0179848452,"data_set_value_component_a_variable_va":-20.0,"data_set_value_component_a_variable_sa":10.0,"data_set_value_component_h_variable_h":0.1019948952,"data_set_value_component_h_variable_h_infinity":0.5000386363,"data_set_value_component_h_variable_tau_h":20.0,"data_set_value_component_h_variable_vh":-60.0,"data_set_value_component_h_variable_sh":5.0,"data_set_value_component_Ca_variable_Ca":0.099995367,"data_set_value_component_Ca_variable_fc":0.01,"data_set_value_component_Ca_variable_alpha":0.0015,"data_set_value_component_Ca_variable_kc":0.16,"data_set_value_component_PRL_variable_PRL":0.0000999815,"data_set_value_component_PRL_variable_kPRL":1.0,"data_set_value_component_model_parameters_variable_VK":-75.0,"data_set_value_component_model_parameters_variable_VCa":50.0},{"data_set_value_component_environment_variable_time":0.2,"data_set_value_component_membrane_variable_V":-60.0015444917,"data_set_value_component_membrane_variable_C":10.0,"data_set_value_component_I_K_variable_I_K":5.9725877871,"data_set_value_component_I_K_variable_gK":4.0,"data_set_value_component_n_variable_n":0.0995533804,"data_set_value_component_n_variable_n_infinity":0.0040695117,"data_set_value_component_n_variable_lambda":0.7,"data_set_value_component_n_variable_tau_n":30.0,"data_set_value_component_n_variable_vn":-5.0,"data_set_value_component_n_variable_sn":10.0,"data_set_value_component_I_Ca_variable_I_Ca":-7.577107747,"data_set_value_component_I_Ca_variable_gCa":2.0,"data_set_value_component_m_variable_m_infinity":0.0344409153,"data_set_value_component_m_variable_vm":-20.0,"data_set_value_component_m_variable_sm":12.0,"data_set_value_component_I_SK_variable_I_SK":0.9804935052,"data_set_value_component_I_SK_variable_gSK":1.7,"data_set_value_component_I_SK_variable_s_infinity":0.0384546852,"data_set_value_component_I_SK_variable_ks":0.5,"data_set_value_component_I_DA_variable_I_DA":0.7011503354,"data_set_value_component_I_DA_variable_I_A":0.7011503354,"data_set_value_component_I_DA_variable_gA":25.0,"data_set_value_component_a_variable_a_infinity":0.0179834822,"data_set_value_component_a_variable_va":-20.0,"data_set_value_component_a_variable_sa":10.0,"data_set_value_component_h_variable_h":0.1039802386,"data_set_value_component_h_variable_h_infinity":0.5000772246,"data_set_value_component_h_variable_tau_h":20.0,"data_set_value_component_h_variable_vh":-60.0,"data_set_value_component_h_variable_sh":5.0,"data_set_value_component_Ca_variable_Ca":0.0999907341,"data_set_value_component_Ca_variable_fc":0.01,"data_set_value_component_Ca_variable_alpha":0.0015,"data_set_value_component_Ca_variable_kc":0.16,"data_set_value_component_PRL_variable_PRL":0.0000999629,"data_set_value_component_PRL_variable_kPRL":1.0,"data_set_value_component_model_parameters_variable_VK":-75.0,"data_set_value_component_model_parameters_variable_VCa":50.0},{"data_set_value_component_environment_variable_time":0.3,"data_set_value_component_membrane_variable_V":-60.0023148415,"data_set_value_component_membrane_variable_C":10.0,"data_set_value_component_I_K_variable_I_K":5.9589308882,"data_set_value_component_I_K_variable_gK":4.0,"data_set_value_component_n_variable_n":0.0993308438,"data_set_value_component_n_variable_n_infinity":0.0040691995,"data_set_value_component_n_variable_lambda":0.7,"data_set_value_component_n_variable_tau_n":30.0,"data_set_value_component_n_variable_vn":-5.0,"data_set_value_component_n_variable_sn":10.0,"data_set_value_component_I_Ca_variable_I_Ca":-7.5766911549,"data_set_value_component_I_Ca_variable_gCa":2.0,"data_set_value_component_m_variable_m_infinity":0.0344387805,"data_set_value_component_m_variable_vm":-20.0,"data_set_value_component_m_variable_sm":12.0,"data_set_value_component_I_SK_variable_I_SK":0.9803557883,"data_set_value_component_I_SK_variable_gSK":1.7,"data_set_value_component_I_SK_variable_s_infinity":0.0384512589,"data_set_value_component_I_SK_variable_ks":0.5,"data_set_value_component_I_DA_variable_I_DA":0.7143816627,"data_set_value_component_I_DA_variable_I_A":0.7143816627,"data_set_value_component_I_DA_variable_gA":25.0,"data_set_value_component_a_variable_a_infinity":0.0179821218,"data_set_value_component_a_variable_va":-20.0,"data_set_value_component_a_variable_sa":10.0,"data_set_value_component_h_variable_h":0.1059558946,"data_set_value_component_h_variable_h_infinity":0.5001157421,"data_set_value_component_h_variable_tau_h":20.0,"data_set_value_component_h_variable_vh":-60.0,"data_set_value_component_h_variable_sh":5.0,"data_set_value_component_Ca_variable_Ca":0.0999861013,"data_set_value_component_Ca_variable_fc":0.01,"data_set_value_component_Ca_variable_alpha":0.0015,"data_set_value_component_Ca_variable_kc":0.16,"data_set_value_component_PRL_variable_PRL":0.0000999444,"data_set_value_component_PRL_variable_kPRL":1.0,"data_set_value_component_model_parameters_variable_VK":-75.0,"data_set_value_component_model_parameters_variable_VCa":50.0},{"data_set_value_component_environment_variable_time":0.4,"data_set_value_component_membrane_variable_V":-60.0030828933,"data_set_value_component_membrane_variable_C":10.0,"data_set_value_component_I_K_variable_I_K":5.9453072188,"data_set_value_component_I_K_variable_gK":4.0,"data_set_value_component_n_variable_n":0.0991088231,"data_set_value_component_n_variable_n_infinity":0.0040688882,"data_set_value_component_n_variable_lambda":0.7,"data_set_value_component_n_variable_tau_n":30.0,"data_set_value_component_n_variable_vn":-5.0,"data_set_value_component_n_variable_sn":10.0,"data_set_value_component_I_Ca_variable_I_Ca":-7.5762758269,"data_set_value_component_I_Ca_variable_gCa":2.0,"data_set_value_component_m_variable_m_infinity":0.0344366523,"data_set_value_component_m_variable_vm":-20.0,"data_set_value_component_m_variable_sm":12.0,"data_set_value_component_I_SK_variable_I_SK":0.9802182362,"data_set_value_component_I_SK_variable_gSK":1.7,"data_set_value_component_I_SK_variable_s_infinity":0.0384478329,"data_set_value_component_I_SK_variable_ks":0.5,"data_set_value_component_I_DA_variable_I_DA":0.7275453207,"data_set_value_component_I_DA_variable_I_A":0.7275453207,"data_set_value_component_I_DA_variable_gA":25.0,"data_set_value_component_a_variable_a_infinity":0.0179807655,"data_set_value_component_a_variable_va":-20.0,"data_set_value_component_a_variable_sa":10.0,"data_set_value_component_h_variable_h":0.1079219724,"data_set_value_component_h_variable_h_infinity":0.5001541447,"data_set_value_component_h_variable_tau_h":20.0,"data_set_value_component_h_variable_vh":-60.0,"data_set_value_component_h_variable_sh":5.0,"data_set_value_component_Ca_variable_Ca":0.0999814686,"data_set_value_component_Ca_variable_fc":0.01,"data_set_value_component_Ca_variable_alpha":0.0015,"data_set_value_component_Ca_variable_kc":0.16,"data_set_value_component_PRL_variable_PRL":0.0000999259,"data_set_value_component_PRL_variable_kPRL":1.0,"data_set_value_component_model_parameters_variable_VK":-75.0,"data_set_value_component_model_parameters_variable_VCa":50.0},{"data_set_value_component_environment_variable_time":0.5,"data_set_value_component_membrane_variable_V":-60.0038491187,"data_set_value_component_membrane_variable_C":10.0,"data_set_value_component_I_K_variable_I_K":5.9317166523,"data_set_value_component_I_K_variable_gK":4.0,"data_set_value_component_n_variable_n":0.0988873195,"data_set_value_component_n_variable_n_infinity":0.0040685777,"data_set_value_component_n_variable_lambda":0.7,"data_set_value_component_n_variable_tau_n":30.0,"data_set_value_component_n_variable_vn":-5.0,"data_set_value_component_n_variable_sn":10.0,"data_set_value_component_I_Ca_variable_I_Ca":-7.5758615079,"data_set_value_component_I_Ca_variable_gCa":2.0,"data_set_value_component_m_variable_m_infinity":0.0344345292,"data_set_value_component_m_variable_vm":-20.0,"data_set_value_component_m_variable_sm":12.0,"data_set_value_component_I_SK_variable_I_SK":0.9800808181,"data_set_value_component_I_SK_variable_gSK":1.7,"data_set_value_component_I_SK_variable_s_infinity":0.038444407,"data_set_value_component_I_SK_variable_ks":0.5,"data_set_value_component_I_DA_variable_I_DA":0.740640921,"data_set_value_component_I_DA_variable_I_A":0.740640921,"data_set_value_component_I_DA_variable_gA":25.0,"data_set_value_component_a_variable_a_infinity":0.0179794126,"data_set_value_component_a_variable_va":-20.0,"data_set_value_component_a_variable_sa":10.0,"data_set_value_component_h_variable_h":0.1098784169,"data_set_value_component_h_variable_h_infinity":0.5001924559,"data_set_value_component_h_variable_tau_h":20.0,"data_set_value_component_h_variable_vh":-60.0,"data_set_value_component_h_variable_sh":5.0,"data_set_value_component_Ca_variable_Ca":0.099976836,"data_set_value_component_Ca_variable_fc":0.01,"data_set_value_component_Ca_variable_alpha":0.0015,"data_set_value_component_Ca_variable_kc":0.16,"data_set_value_component_PRL_variable_PRL":0.0000999074,"data_set_value_component_PRL_variable_kPRL":1.0,"data_set_value_component_model_parameters_variable_VK":-75.0,"data_set_value_component_model_parameters_variable_VCa":50.0},{"data_set_value_component_environment_variable_time":0.6,"data_set_value_component_membrane_variable_V":-60.004613114,"data_set_value_component_membrane_variable_C":10.0,"data_set_value_component_I_K_variable_I_K":5.9181592606,"data_set_value_component_I_K_variable_gK":4.0,"data_set_value_component_n_variable_n":0.0986663316,"data_set_value_component_n_variable_n_infinity":0.0040682682,"data_set_value_component_n_variable_lambda":0.7,"data_set_value_component_n_variable_tau_n":30.0,"data_set_value_component_n_variable_vn":-5.0,"data_set_value_component_n_variable_sn":10.0,"data_set_value_component_I_Ca_variable_I_Ca":-7.5754484159,"data_set_value_component_I_Ca_variable_gCa":2.0,"data_set_value_component_m_variable_m_infinity":0.0344324124,"data_set_value_component_m_variable_vm":-20.0,"data_set_value_component_m_variable_sm":12.0,"data_set_value_component_I_SK_variable_I_SK":0.9799435604,"data_set_value_component_I_SK_variable_gSK":1.7,"data_set_value_component_I_SK_variable_s_infinity":0.0384409814,"data_set_value_component_I_SK_variable_ks":0.5,"data_set_value_component_I_DA_variable_I_DA":0.7536689037,"data_set_value_component_I_DA_variable_I_A":0.7536689037,"data_set_value_component_I_DA_variable_gA":25.0,"data_set_value_component_a_variable_a_infinity":0.0179780638,"data_set_value_component_a_variable_va":-20.0,"data_set_value_component_a_variable_sa":10.0,"data_set_value_component_h_variable_h":0.1118252805,"data_set_value_component_h_variable_h_infinity":0.5002306557,"data_set_value_component_h_variable_tau_h":20.0,"data_set_value_component_h_variable_vh":-60.0,"data_set_value_component_h_variable_sh":5.0,"data_set_value_component_Ca_variable_Ca":0.0999722036,"data_set_value_component_Ca_variable_fc":0.01,"data_set_value_component_Ca_variable_alpha":0.0015,"data_set_value_component_Ca_variable_kc":0.16,"data_set_value_component_PRL_variable_PRL":0.0000998889,"data_set_value_component_PRL_variable_kPRL":1.0,"data_set_value_component_model_parameters_variable_VK":-75.0,"data_set_value_component_model_parameters_variable_VCa":50.0},{"data_set_value_component_environment_variable_time":0.7,"data_set_value_component_membrane_variable_V":-60.0053738132,"data_set_value_component_membrane_variable_C":10.0,"data_set_value_component_I_K_variable_I_K":5.9046352478,"data_set_value_component_I_K_variable_gK":4.0,"data_set_value_component_n_variable_n":0.0984458561,"data_set_value_component_n_variable_n_infinity":0.00406796,"data_set_value_component_n_variable_lambda":0.7,"data_set_value_component_n_variable_tau_n":30.0,"data_set_value_component_n_variable_vn":-5.0,"data_set_value_component_n_variable_sn":10.0,"data_set_value_component_I_Ca_variable_I_Ca":-7.5750371272,"data_set_value_component_I_Ca_variable_gCa":2.0,"data_set_value_component_m_variable_m_infinity":0.0344303049,"data_set_value_component_m_variable_vm":-20.0,"data_set_value_component_m_variable_sm":12.0,"data_set_value_component_I_SK_variable_I_SK":0.9798065327,"data_set_value_component_I_SK_variable_gSK":1.7,"data_set_value_component_I_SK_variable_s_infinity":0.038437556,"data_set_value_component_I_SK_variable_ks":0.5,"data_set_value_component_I_DA_variable_I_DA":0.766630376,"data_set_value_component_I_DA_variable_I_A":0.766630376,"data_set_value_component_I_DA_variable_gA":25.0,"data_set_value_component_a_variable_a_infinity":0.0179767208,"data_set_value_component_a_variable_va":-20.0,"data_set_value_component_a_variable_sa":10.0,"data_set_value_component_h_variable_h":0.1137627017,"data_set_value_component_h_variable_h_infinity":0.5002686906,"data_set_value_component_h_variable_tau_h":20.0,"data_set_value_component_h_variable_vh":-60.0,"data_set_value_component_h_variable_sh":5.0,"data_set_value_component_Ca_variable_Ca":0.0999675713,"data_set_value_component_Ca_variable_fc":0.01,"data_set_value_component_Ca_variable_alpha":0.0015,"data_set_value_component_Ca_variable_kc":0.16,"data_set_value_component_PRL_variable_PRL":0.0000998703,"data_set_value_component_PRL_variable_kPRL":1.0,"data_set_value_component_model_parameters_variable_VK":-75.0,"data_set_value_component_model_parameters_variable_VCa":50.0},{"data_set_value_component_environment_variable_time":0.8,"data_set_value_component_membrane_variable_V":-60.0061318401,"data_set_value_component_membrane_variable_C":10.0,"data_set_value_component_I_K_variable_I_K":5.8911444754,"data_set_value_component_I_K_variable_gK":4.0,"data_set_value_component_n_variable_n":0.098225895,"data_set_value_component_n_variable_n_infinity":0.0040676529,"data_set_value_component_n_variable_lambda":0.7,"data_set_value_component_n_variable_tau_n":30.0,"data_set_value_component_n_variable_vn":-5.0,"data_set_value_component_n_variable_sn":10.0,"data_set_value_component_I_Ca_variable_I_Ca":-7.5746273041,"data_set_value_component_I_Ca_variable_gCa":2.0,"data_set_value_component_m_variable_m_infinity":0.0344282049,"data_set_value_component_m_variable_vm":-20.0,"data_set_value_component_m_variable_sm":12.0,"data_set_value_component_I_SK_variable_I_SK":0.9796696942,"data_set_value_component_I_SK_variable_gSK":1.7,"data_set_value_component_I_SK_variable_s_infinity":0.0384341308,"data_set_value_component_I_SK_variable_ks":0.5,"data_set_value_component_I_DA_variable_I_DA":0.7795247572,"data_set_value_component_I_DA_variable_I_A":0.7795247572,"data_set_value_component_I_DA_variable_gA":25.0,"data_set_value_component_a_variable_a_infinity":0.0179753827,"data_set_value_component_a_variable_va":-20.0,"data_set_value_component_a_variable_sa":10.0,"data_set_value_component_h_variable_h":0.1156905995,"data_set_value_component_h_variable_h_infinity":0.500306592,"data_set_value_component_h_variable_tau_h":20.0,"data_set_value_component_h_variable_vh":-60.0,"data_set_value_component_h_variable_sh":5.0,"data_set_value_component_Ca_variable_Ca":0.0999629391,"data_set_value_component_Ca_variable_fc":0.01,"data_set_value_component_Ca_variable_alpha":0.0015,"data_set_value_component_Ca_variable_kc":0.16,"data_set_value_component_PRL_variable_PRL":0.0000998518,"data_set_value_component_PRL_variable_kPRL":1.0,"data_set_value_component_model_parameters_variable_VK":-75.0,"data_set_value_component_model_parameters_variable_VCa":50.0},{"data_set_value_component_environment_variable_time":0.9,"data_set_value_component_membrane_variable_V":-60.006886449,"data_set_value_component_membrane_variable_C":10.0,"data_set_value_component_I_K_variable_I_K":5.8776870729,"data_set_value_component_I_K_variable_gK":4.0,"data_set_value_component_n_variable_n":0.0980064456,"data_set_value_component_n_variable_n_infinity":0.0040673472,"data_set_value_component_n_variable_lambda":0.7,"data_set_value_component_n_variable_tau_n":30.0,"data_set_value_component_n_variable_vn":-5.0,"data_set_value_component_n_variable_sn":10.0,"data_set_value_component_I_Ca_variable_I_Ca":-7.5742193496,"data_set_value_component_I_Ca_variable_gCa":2.0,"data_set_value_component_m_variable_m_infinity":0.0344261146,"data_set_value_component_m_variable_vm":-20.0,"data_set_value_component_m_variable_sm":12.0,"data_set_value_component_I_SK_variable_I_SK":0.9795330938,"data_set_value_component_I_SK_variable_gSK":1.7,"data_set_value_component_I_SK_variable_s_infinity":0.0384307059,"data_set_value_component_I_SK_variable_ks":0.5,"data_set_value_component_I_DA_variable_I_DA":0.7923528535,"data_set_value_component_I_DA_variable_I_A":0.7923528535,"data_set_value_component_I_DA_variable_gA":25.0,"data_set_value_component_a_variable_a_infinity":0.0179740507,"data_set_value_component_a_variable_va":-20.0,"data_set_value_component_a_variable_sa":10.0,"data_set_value_component_h_variable_h":0.1176090727,"data_set_value_component_h_variable_h_infinity":0.5003443224,"data_set_value_component_h_variable_tau_h":20.0,"data_set_value_component_h_variable_vh":-60.0,"data_set_value_component_h_variable_sh":5.0,"data_set_value_component_Ca_variable_Ca":0.099958307,"data_set_value_component_Ca_variable_fc":0.01,"data_set_value_component_Ca_variable_alpha":0.0015,"data_set_value_component_Ca_variable_kc":0.16,"data_set_value_component_PRL_variable_PRL":0.0000998333,"data_set_value_component_PRL_variable_kPRL":1.0,"data_set_value_component_model_parameters_variable_VK":-75.0,"data_set_value_component_model_parameters_variable_VCa":50.0},{"data_set_value_component_environment_variable_time":1.0,"data_set_value_component_membrane_variable_V":-60.007636907,"data_set_value_component_membrane_variable_C":10.0,"data_set_value_component_I_K_variable_I_K":5.8642631645,"data_set_value_component_I_K_variable_gK":4.0,"data_set_value_component_n_variable_n":0.0977875057,"data_set_value_component_n_variable_n_infinity":0.0040670432,"data_set_value_component_n_variable_lambda":0.7,"data_set_value_component_n_variable_tau_n":30.0,"data_set_value_component_n_variable_vn":-5.0,"data_set_value_component_n_variable_sn":10.0,"data_set_value_component_I_Ca_variable_I_Ca":-7.5738136596,"data_set_value_component_I_Ca_variable_gCa":2.0,"data_set_value_component_m_variable_m_infinity":0.0344240358,"data_set_value_component_m_variable_vm":-20.0,"data_set_value_component_m_variable_sm":12.0,"data_set_value_component_I_SK_variable_I_SK":0.9793967792,"data_set_value_component_I_SK_variable_gSK":1.7,"data_set_value_component_I_SK_variable_s_infinity":0.0384272812,"data_set_value_component_I_SK_variable_ks":0.5,"data_set_value_component_I_DA_variable_I_DA":0.8051154633,"data_set_value_component_I_DA_variable_I_A":0.8051154633,"data_set_value_component_I_DA_variable_gA":25.0,"data_set_value_component_a_variable_a_infinity":0.0179727261,"data_set_value_component_a_variable_va":-20.0,"data_set_value_component_a_variable_sa":10.0,"data_set_value_component_h_variable_h":0.1195182188,"data_set_value_component_h_variable_h_infinity":0.5003818453,"data_set_value_component_h_variable_tau_h":20.0,"data_set_value_component_h_variable_vh":-60.0,"data_set_value_component_h_variable_sh":5.0,"data_set_value_component_Ca_variable_Ca":0.0999536751,"data_set_value_component_Ca_variable_fc":0.01,"data_set_value_component_Ca_variable_alpha":0.0015,"data_set_value_component_Ca_variable_kc":0.16,"data_set_value_component_PRL_variable_PRL":0.0000998148,"data_set_value_component_PRL_variable_kPRL":1.0,"data_set_value_component_model_parameters_variable_VK":-75.0,"data_set_value_component_model_parameters_variable_VCa":50.0}]