[{"data_set_value_component_environment_variable_time":0.0,"data_set_value_component_A_variable_A":0.0,"data_set_value_component_C_variable_C":0.0,"data_set_value_component_DA_variable_DA":1.0,"data_set_value_component_DAp_variable_DAp":0.0,"data_set_value_component_DR_variable_DR":1.0,"data_set_value_component_DRP_variable_DRP":1.0,"data_set_value_component_MA_variable_MA":0.0,"data_set_value_component_MR_variable_MR":0.0,"data_set_value_component_R_variable_R":0.0,"data_set_value_component_RXN1_variable_RXN1":0.0,"data_set_value_component_RXN1_variable_Gamma_1":2.0,"data_set_value_component_RXN2_variable_RXN2":0.0,"data_set_value_component_RXN2_variable_Delta_1":1.0,"data_set_value_component_RXN3_variable_RXN3":0.0,"data_set_value_component_RXN3_variable_Delta_2":1.0,"data_set_value_component_RXN4_variable_RXN4":0.0,"data_set_value_component_RXN4_variable_Delta_3":0.2,"data_set_value_component_RXN5_variable_RXN5":0.0,"data_set_value_component_RXN5_variable_Gamma_2":1.0,"data_set_value_component_RXN6_variable_RXN6":0.0,"data_set_value_component_RXN6_variable_Thetha_1":50.0,"data_set_value_component_RXN7_variable_RXN7":50.0,"data_set_value_component_RXN7_variable_Alpha_1":50.0,"data_set_value_component_RXN8_variable_RXN8":0.0,"data_set_value_component_RXN8_variable_Alpha_2":500.0,"data_set_value_component_RXN9_variable_RXN9":0.0,"data_set_value_component_RXN9_variable_Delta_4":10.0,"data_set_value_component_RXN10_variable_RXN10":0.0,"data_set_value_component_RXN10_variable_BetaA_1":50.0,"data_set_value_component_RXN11_variable_RXN11":0.0,"data_set_value_component_RXN11_variable_Gamma_3":1.0,"data_set_value_component_RXN12_variable_RXN12":100.0,"data_set_value_component_RXN12_variable_Theta_2":100.0,"data_set_value_component_RXN13_variable_RXN13":0.01,"data_set_value_component_RXN13_variable_Alpha_3":0.01,"data_set_value_component_RXN14_variable_RXN14":50.0,"data_set_value_component_RXN14_variable_Alpha_4":50.0,"data_set_value_component_RXN15_variable_RXN15":0.0,"data_set_value_component_RXN15_variable_Delta_5":0.5,"data_set_value_component_RXN16_variable_RXN16":0.0,"data_set_value_component_RXN16_variable_BetaR_1":5.0},{"data_set_value_component_environment_variable_time":0.1,"data_set_value_component_A_variable_A":11.9271356896,"data_set_value_component_C_variable_C":0.1076482273,"data_set_value_component_DA_variable_DA":0.852112414,"data_set_value_component_DAp_variable_DAp":0.147887586,"data_set_value_component_DR_variable_DR":1.8173490113,"data_set_value_component_DRP_variable_DRP":0.1826509887,"data_set_value_component_MA_variable_MA":5.0181291488,"data_set_value_component_MR_variable_MR":0.807403637,"data_set_value_component_R_variable_R":0.1558522091,"data_set_value_component_RXN1_variable_RXN1":3.717740891,"data_set_value_component_RXN1_variable_Gamma_1":2.0,"data_set_value_component_RXN2_variable_RXN2":11.9271356896,"data_set_value_component_RXN2_variable_Delta_1":1.0,"data_set_value_component_RXN3_variable_RXN3":0.1076482273,"data_set_value_component_RXN3_variable_Delta_2":1.0,"data_set_value_component_RXN4_variable_RXN4":0.0311704418,"data_set_value_component_RXN4_variable_Delta_3":0.2,"data_set_value_component_RXN5_variable_RXN5":10.1632603851,"data_set_value_component_RXN5_variable_Gamma_2":1.0,"data_set_value_component_RXN6_variable_RXN6":7.3943792978,"data_set_value_component_RXN6_variable_Thetha_1":50.0,"data_set_value_component_RXN7_variable_RXN7":42.6056207022,"data_set_value_component_RXN7_variable_Alpha_1":50.0,"data_set_value_component_RXN8_variable_RXN8":73.9437929779,"data_set_value_component_RXN8_variable_Alpha_2":500.0,"data_set_value_component_RXN9_variable_RXN9":50.1812914876,"data_set_value_component_RXN9_variable_Delta_4":10.0,"data_set_value_component_RXN10_variable_RXN10":250.9064574381,"data_set_value_component_RXN10_variable_BetaA_1":50.0,"data_set_value_component_RXN11_variable_RXN11":21.6757682527,"data_set_value_component_RXN11_variable_Gamma_3":1.0,"data_set_value_component_RXN12_variable_RXN12":18.2650988743,"data_set_value_component_RXN12_variable_Theta_2":100.0,"data_set_value_component_RXN13_variable_RXN13":0.0181734901,"data_set_value_component_RXN13_variable_Alpha_3":0.01,"data_set_value_component_RXN14_variable_RXN14":9.1325494372,"data_set_value_component_RXN14_variable_Alpha_4":50.0,"data_set_value_component_RXN15_variable_RXN15":0.4037018185,"data_set_value_component_RXN15_variable_Delta_5":0.5,"data_set_value_component_RXN16_variable_RXN16":4.0370181848,"data_set_value_component_RXN16_variable_BetaR_1":5.0},{"data_set_value_component_environment_variable_time":0.2,"data_set_value_component_A_variable_A":54.1924103622,"data_set_value_component_C_variable_C":0.9166206627,"data_set_value_component_DA_variable_DA":0.5121673515,"data_set_value_component_DAp_variable_DAp":0.4878326485,"data_set_value_component_DR_variable_DR":1.3339415452,"data_set_value_component_DRP_variable_DRP":0.6660584548,"data_set_value_component_MA_variable_MA":14.7129818501,"data_set_value_component_MR_variable_MR":2.7523192402,"data_set_value_component_R_variable_R":0.1359697245,"data_set_value_component_RXN1_variable_RXN1":14.7370542142,"data_set_value_component_RXN1_variable_Gamma_1":2.0,"data_set_value_component_RXN2_variable_RXN2":54.1924103622,"data_set_value_component_RXN2_variable_Delta_1":1.0,"data_set_value_component_RXN3_variable_RXN3":0.9166206627,"data_set_value_component_RXN3_variable_Delta_2":1.0,"data_set_value_component_RXN4_variable_RXN4":0.0271939449,"data_set_value_component_RXN4_variable_Delta_3":0.2,"data_set_value_component_RXN5_variable_RXN5":27.7555832886,"data_set_value_component_RXN5_variable_Gamma_2":1.0,"data_set_value_component_RXN6_variable_RXN6":24.3916324232,"data_set_value_component_RXN6_variable_Thetha_1":50.0,"data_set_value_component_RXN7_variable_RXN7":25.6083675768,"data_set_value_component_RXN7_variable_Alpha_1":50.0,"data_set_value_component_RXN8_variable_RXN8":243.9163242318,"data_set_value_component_RXN8_variable_Alpha_2":500.0,"data_set_value_component_RXN9_variable_RXN9":147.1298185008,"data_set_value_component_RXN9_variable_Delta_4":10.0,"data_set_value_component_RXN10_variable_RXN10":735.6490925039,"data_set_value_component_RXN10_variable_BetaA_1":50.0,"data_set_value_component_RXN11_variable_RXN11":72.2895076166,"data_set_value_component_RXN11_variable_Gamma_3":1.0,"data_set_value_component_RXN12_variable_RXN12":66.6058454802,"data_set_value_component_RXN12_variable_Theta_2":100.0,"data_set_value_component_RXN13_variable_RXN13":0.0133394155,"data_set_value_component_RXN13_variable_Alpha_3":0.01,"data_set_value_component_RXN14_variable_RXN14":33.3029227401,"data_set_value_component_RXN14_variable_Alpha_4":50.0,"data_set_value_component_RXN15_variable_RXN15":1.3761596201,"data_set_value_component_RXN15_variable_Delta_5":0.5,"data_set_value_component_RXN16_variable_RXN16":13.7615962009,"data_set_value_component_RXN16_variable_BetaR_1":5.0},{"data_set_value_component_environment_variable_time":0.3,"data_set_value_component_A_variable_A":146.0273703995,"data_set_value_component_C_variable_C":3.3024944014,"data_set_value_component_DA_variable_DA":0.2633788547,"data_set_value_component_DAp_variable_DAp":0.7366211453,"data_set_value_component_DR_variable_DR":0.8291825678,"data_set_value_component_DRP_variable_DRP":1.1708174322,"data_set_value_component_MA_variable_MA":26.9877788508,"data_set_value_component_MR_variable_MR":7.181634732,"data_set_value_component_R_variable_R":0.1341704438,"data_set_value_component_RXN1_variable_RXN1":39.1851141842,"data_set_value_component_RXN1_variable_Gamma_1":2.0,"data_set_value_component_RXN2_variable_RXN2":146.0273703995,"data_set_value_component_RXN2_variable_Delta_1":1.0,"data_set_value_component_RXN3_variable_RXN3":3.3024944014,"data_set_value_component_RXN3_variable_Delta_2":1.0,"data_set_value_component_RXN4_variable_RXN4":0.0268340888,"data_set_value_component_RXN4_variable_Delta_3":0.2,"data_set_value_component_RXN5_variable_RXN5":38.4605215762,"data_set_value_component_RXN5_variable_Gamma_2":1.0,"data_set_value_component_RXN6_variable_RXN6":36.8310572631,"data_set_value_component_RXN6_variable_Thetha_1":50.0,"data_set_value_component_RXN7_variable_RXN7":13.1689427369,"data_set_value_component_RXN7_variable_Alpha_1":50.0,"data_set_value_component_RXN8_variable_RXN8":368.3105726311,"data_set_value_component_RXN8_variable_Alpha_2":500.0,"data_set_value_component_RXN9_variable_RXN9":269.8777885083,"data_set_value_component_RXN9_variable_Delta_4":10.0,"data_set_value_component_RXN10_variable_RXN10":1349.3889425414,"data_set_value_component_RXN10_variable_BetaA_1":50.0,"data_set_value_component_RXN11_variable_RXN11":121.0833499532,"data_set_value_component_RXN11_variable_Gamma_3":1.0,"data_set_value_component_RXN12_variable_RXN12":117.0817432226,"data_set_value_component_RXN12_variable_Theta_2":100.0,"data_set_value_component_RXN13_variable_RXN13":0.0082918257,"data_set_value_component_RXN13_variable_Alpha_3":0.01,"data_set_value_component_RXN14_variable_RXN14":58.5408716113,"data_set_value_component_RXN14_variable_Alpha_4":50.0,"data_set_value_component_RXN15_variable_RXN15":3.590817366,"data_set_value_component_RXN15_variable_Delta_5":0.5,"data_set_value_component_RXN16_variable_RXN16":35.9081736598,"data_set_value_component_RXN16_variable_BetaR_1":5.0},{"data_set_value_component_environment_variable_time":0.4,"data_set_value_component_A_variable_A":278.3801461501,"data_set_value_component_C_variable_C":8.3828980622,"data_set_value_component_DA_variable_DA":0.1543849382,"data_set_value_component_DAp_variable_DAp":0.8456150618,"data_set_value_component_DR_variable_DR":0.5340617836,"data_set_value_component_DRP_variable_DRP":1.4659382164,"data_set_value_component_MA_variable_MA":36.0579963605,"data_set_value_component_MR_variable_MR":13.3462373315,"data_set_value_component_R_variable_R":0.1348337231,"data_set_value_component_RXN1_variable_RXN1":75.070063079,"data_set_value_component_RXN1_variable_Gamma_1":2.0,"data_set_value_component_RXN2_variable_RXN2":278.3801461501,"data_set_value_component_RXN2_variable_Delta_1":1.0,"data_set_value_component_RXN3_variable_RXN3":8.3828980622,"data_set_value_component_RXN3_variable_Delta_2":1.0,"data_set_value_component_RXN4_variable_RXN4":0.0269667446,"data_set_value_component_RXN4_variable_Delta_3":0.2,"data_set_value_component_RXN5_variable_RXN5":42.9777016727,"data_set_value_component_RXN5_variable_Gamma_2":1.0,"data_set_value_component_RXN6_variable_RXN6":42.2807530876,"data_set_value_component_RXN6_variable_Thetha_1":50.0,"data_set_value_component_RXN7_variable_RXN7":7.7192469124,"data_set_value_component_RXN7_variable_Alpha_1":50.0,"data_set_value_component_RXN8_variable_RXN8":422.8075308763,"data_set_value_component_RXN8_variable_Alpha_2":500.0,"data_set_value_component_RXN9_variable_RXN9":360.5799636052,"data_set_value_component_RXN9_variable_Delta_4":10.0,"data_set_value_component_RXN10_variable_RXN10":1802.8998180262,"data_set_value_component_RXN10_variable_BetaA_1":50.0,"data_set_value_component_RXN11_variable_RXN11":148.6721973676,"data_set_value_component_RXN11_variable_Gamma_3":1.0,"data_set_value_component_RXN12_variable_RXN12":146.5938216415,"data_set_value_component_RXN12_variable_Theta_2":100.0,"data_set_value_component_RXN13_variable_RXN13":0.0053406178,"data_set_value_component_RXN13_variable_Alpha_3":0.01,"data_set_value_component_RXN14_variable_RXN14":73.2969108207,"data_set_value_component_RXN14_variable_Alpha_4":50.0,"data_set_value_component_RXN15_variable_RXN15":6.6731186657,"data_set_value_component_RXN15_variable_Delta_5":0.5,"data_set_value_component_RXN16_variable_RXN16":66.7311866575,"data_set_value_component_RXN16_variable_BetaR_1":5.0},{"data_set_value_component_environment_variable_time":0.5,"data_set_value_component_A_variable_A":428.1747950666,"data_set_value_component_C_variable_C":16.7618174388,"data_set_value_component_DA_variable_DA":0.1052742289,"data_set_value_component_DAp_variable_DAp":0.8947257711,"data_set_value_component_DR_variable_DR":0.3807618601,"data_set_value_component_DRP_variable_DRP":1.6192381399,"data_set_value_component_MA_variable_MA":41.3732806892,"data_set_value_component_MR_variable_MR":20.2611857874,"data_set_value_component_R_variable_R":0.1377920701,"data_set_value_component_RXN1_variable_RXN1":117.9981827542,"data_set_value_component_RXN1_variable_Gamma_1":2.0,"data_set_value_component_RXN2_variable_RXN2":428.1747950666,"data_set_value_component_RXN2_variable_Delta_1":1.0,"data_set_value_component_RXN3_variable_RXN3":16.7618174388,"data_set_value_component_RXN3_variable_Delta_2":1.0,"data_set_value_component_RXN4_variable_RXN4":0.027558414,"data_set_value_component_RXN4_variable_Delta_3":0.2,"data_set_value_component_RXN5_variable_RXN5":45.0757713922,"data_set_value_component_RXN5_variable_Gamma_2":1.0,"data_set_value_component_RXN6_variable_RXN6":44.7362885542,"data_set_value_component_RXN6_variable_Thetha_1":50.0,"data_set_value_component_RXN7_variable_RXN7":5.2637114458,"data_set_value_component_RXN7_variable_Alpha_1":50.0,"data_set_value_component_RXN8_variable_RXN8":447.3628855416,"data_set_value_component_RXN8_variable_Alpha_2":500.0,"data_set_value_component_RXN9_variable_RXN9":413.732806892,"data_set_value_component_RXN9_variable_Delta_4":10.0,"data_set_value_component_RXN10_variable_RXN10":2068.6640344598,"data_set_value_component_RXN10_variable_BetaA_1":50.0,"data_set_value_component_RXN11_variable_RXN11":163.0326314384,"data_set_value_component_RXN11_variable_Gamma_3":1.0,"data_set_value_component_RXN12_variable_RXN12":161.9238139851,"data_set_value_component_RXN12_variable_Theta_2":100.0,"data_set_value_component_RXN13_variable_RXN13":0.0038076186,"data_set_value_component_RXN13_variable_Alpha_3":0.01,"data_set_value_component_RXN14_variable_RXN14":80.9619069926,"data_set_value_component_RXN14_variable_Alpha_4":50.0,"data_set_value_component_RXN15_variable_RXN15":10.1305928937,"data_set_value_component_RXN15_variable_Delta_5":0.5,"data_set_value_component_RXN16_variable_RXN16":101.305928937,"data_set_value_component_RXN16_variable_BetaR_1":5.0},{"data_set_value_component_environment_variable_time":0.6,"data_set_value_component_A_variable_A":578.4287213843,"data_set_value_component_C_variable_C":28.6658048975,"data_set_value_component_DA_variable_DA":0.0798632394,"data_set_value_component_DAp_variable_DAp":0.9201367606,"data_set_value_component_DR_variable_DR":0.2957500932,"data_set_value_component_DRP_variable_DRP":1.7042499068,"data_set_value_component_MA_variable_MA":44.2868654047,"data_set_value_component_MR_variable_MR":27.3981559561,"data_set_value_component_R_variable_R":0.1431154801,"data_set_value_component_RXN1_variable_RXN1":165.5642083759,"data_set_value_component_RXN1_variable_Gamma_1":2.0,"data_set_value_component_RXN2_variable_RXN2":578.4287213843,"data_set_value_component_RXN2_variable_Delta_1":1.0,"data_set_value_component_RXN3_variable_RXN3":28.6658048975,"data_set_value_component_RXN3_variable_Delta_2":1.0,"data_set_value_component_RXN4_variable_RXN4":0.028623096,"data_set_value_component_RXN4_variable_Delta_3":0.2,"data_set_value_component_RXN5_variable_RXN5":46.1951914677,"data_set_value_component_RXN5_variable_Gamma_2":1.0,"data_set_value_component_RXN6_variable_RXN6":46.0068380286,"data_set_value_component_RXN6_variable_Thetha_1":50.0,"data_set_value_component_RXN7_variable_RXN7":3.9931619714,"data_set_value_component_RXN7_variable_Alpha_1":50.0,"data_set_value_component_RXN8_variable_RXN8":460.0683802862,"data_set_value_component_RXN8_variable_Alpha_2":500.0,"data_set_value_component_RXN9_variable_RXN9":442.8686540472,"data_set_value_component_RXN9_variable_Delta_4":10.0,"data_set_value_component_RXN10_variable_RXN10":2214.343270236,"data_set_value_component_RXN10_variable_BetaA_1":50.0,"data_set_value_component_RXN11_variable_RXN11":171.0703482771,"data_set_value_component_RXN11_variable_Gamma_3":1.0,"data_set_value_component_RXN12_variable_RXN12":170.4249906769,"data_set_value_component_RXN12_variable_Theta_2":100.0,"data_set_value_component_RXN13_variable_RXN13":0.0029575009,"data_set_value_component_RXN13_variable_Alpha_3":0.01,"data_set_value_component_RXN14_variable_RXN14":85.2124953384,"data_set_value_component_RXN14_variable_Alpha_4":50.0,"data_set_value_component_RXN15_variable_RXN15":13.6990779781,"data_set_value_component_RXN15_variable_Delta_5":0.5,"data_set_value_component_RXN16_variable_RXN16":136.9907797806,"data_set_value_component_RXN16_variable_BetaR_1":5.0},{"data_set_value_component_environment_variable_time":0.7,"data_set_value_component_A_variable_A":720.0855671954,"data_set_value_component_C_variable_C":44.1367831583,"data_set_value_component_DA_variable_DA":0.0650776632,"data_set_value_component_DAp_variable_DAp":0.9349223368,"data_set_value_component_DR_variable_DR":0.2443727349,"data_set_value_component_DRP_variable_DRP":1.7556272651,"data_set_value_component_MA_variable_MA":45.8879617944,"data_set_value_component_MR_variable_MR":34.5098729581,"data_set_value_component_R_variable_R":0.1503814016,"data_set_value_component_RXN1_variable_RXN1":216.5749536989,"data_set_value_component_RXN1_variable_Gamma_1":2.0,"data_set_value_component_RXN2_variable_RXN2":720.0855671954,"data_set_value_component_RXN2_variable_Delta_1":1.0,"data_set_value_component_RXN3_variable_RXN3":44.1367831583,"data_set_value_component_RXN3_variable_Delta_2":1.0,"data_set_value_component_RXN4_variable_RXN4":0.0300762803,"data_set_value_component_RXN4_variable_Delta_3":0.2,"data_set_value_component_RXN5_variable_RXN5":46.8614859959,"data_set_value_component_RXN5_variable_Gamma_2":1.0,"data_set_value_component_RXN6_variable_RXN6":46.7461168415,"data_set_value_component_RXN6_variable_Thetha_1":50.0,"data_set_value_component_RXN7_variable_RXN7":3.2538831585,"data_set_value_component_RXN7_variable_Alpha_1":50.0,"data_set_value_component_RXN8_variable_RXN8":467.4611684148,"data_set_value_component_RXN8_variable_Alpha_2":500.0,"data_set_value_component_RXN9_variable_RXN9":458.8796179436,"data_set_value_component_RXN9_variable_Delta_4":10.0,"data_set_value_component_RXN10_variable_RXN10":2294.3980897179,"data_set_value_component_RXN10_variable_BetaA_1":50.0,"data_set_value_component_RXN11_variable_RXN11":175.9692793963,"data_set_value_component_RXN11_variable_Gamma_3":1.0,"data_set_value_component_RXN12_variable_RXN12":175.562726513,"data_set_value_component_RXN12_variable_Theta_2":100.0,"data_set_value_component_RXN13_variable_RXN13":0.0024437273,"data_set_value_component_RXN13_variable_Alpha_3":0.01,"data_set_value_component_RXN14_variable_RXN14":87.7813632565,"data_set_value_component_RXN14_variable_Alpha_4":50.0,"data_set_value_component_RXN15_variable_RXN15":17.254936479,"data_set_value_component_RXN15_variable_Delta_5":0.5,"data_set_value_component_RXN16_variable_RXN16":172.5493647903,"data_set_value_component_RXN16_variable_BetaR_1":5.0},{"data_set_value_component_environment_variable_time":0.8,"data_set_value_component_A_variable_A":849.0680290059,"data_set_value_component_C_variable_C":63.1290955276,"data_set_value_component_DA_variable_DA":0.0556975898,"data_set_value_component_DAp_variable_DAp":0.9443024102,"data_set_value_component_DR_variable_DR":0.2110200534,"data_set_value_component_DRP_variable_DRP":1.7889799466,"data_set_value_component_MA_variable_MA":46.800439106,"data_set_value_component_MR_variable_MR":41.4767495408,"data_set_value_component_R_variable_R":0.1592248861,"data_set_value_component_RXN1_variable_RXN1":270.3855204776,"data_set_value_component_RXN1_variable_Gamma_1":2.0,"data_set_value_component_RXN2_variable_RXN2":849.0680290059,"data_set_value_component_RXN2_variable_Delta_1":1.0,"data_set_value_component_RXN3_variable_RXN3":63.1290955276,"data_set_value_component_RXN3_variable_Delta_2":1.0,"data_set_value_component_RXN4_variable_RXN4":0.0318449772,"data_set_value_component_RXN4_variable_Delta_3":0.2,"data_set_value_component_RXN5_variable_RXN5":47.291042756,"data_set_value_component_RXN5_variable_Gamma_2":1.0,"data_set_value_component_RXN6_variable_RXN6":47.2151205121,"data_set_value_component_RXN6_variable_Thetha_1":50.0,"data_set_value_component_RXN7_variable_RXN7":2.7848794879,"data_set_value_component_RXN7_variable_Alpha_1":50.0,"data_set_value_component_RXN8_variable_RXN8":472.1512051211,"data_set_value_component_RXN8_variable_Alpha_2":500.0,"data_set_value_component_RXN9_variable_RXN9":468.0043910596,"data_set_value_component_RXN9_variable_Delta_4":10.0,"data_set_value_component_RXN10_variable_RXN10":2340.0219552982,"data_set_value_component_RXN10_variable_BetaA_1":50.0,"data_set_value_component_RXN11_variable_RXN11":179.1703808518,"data_set_value_component_RXN11_variable_Gamma_3":1.0,"data_set_value_component_RXN12_variable_RXN12":178.8979946564,"data_set_value_component_RXN12_variable_Theta_2":100.0,"data_set_value_component_RXN13_variable_RXN13":0.0021102005,"data_set_value_component_RXN13_variable_Alpha_3":0.01,"data_set_value_component_RXN14_variable_RXN14":89.4489973282,"data_set_value_component_RXN14_variable_Alpha_4":50.0,"data_set_value_component_RXN15_variable_RXN15":20.7383747704,"data_set_value_component_RXN15_variable_Delta_5":0.5,"data_set_value_component_RXN16_variable_RXN16":207.383747704,"data_set_value_component_RXN16_variable_BetaR_1":5.0},{"data_set_value_component_environment_variable_time":0.9,"data_set_value_component_A_variable_A":963.9211759561,"data_set_value_component_C_variable_C":85.5537847162,"data_set_value_component_DA_variable_DA":0.0493653847,"data_set_value_component_DAp_variable_DAp":0.9506346153,"data_set_value_component_DR_variable_DR":0.1881634231,"data_set_value_component_DRP_variable_DRP":1.8118365769,"data_set_value_component_MA_variable_MA":47.3487900572,"data_set_value_component_MR_variable_MR":48.2385503858,"data_set_value_component_R_variable_R":0.1694145353,"data_set_value_component_RXN1_variable_RXN1":326.6045162509,"data_set_value_component_RXN1_variable_Gamma_1":2.0,"data_set_value_component_RXN2_variable_RXN2":963.9211759561,"data_set_value_component_RXN2_variable_Delta_1":1.0,"data_set_value_component_RXN3_variable_RXN3":85.5537847162,"data_set_value_component_RXN3_variable_Delta_2":1.0,"data_set_value_component_RXN4_variable_RXN4":0.0338829071,"data_set_value_component_RXN4_variable_Delta_3":0.2,"data_set_value_component_RXN5_variable_RXN5":47.5843396677,"data_set_value_component_RXN5_variable_Gamma_2":1.0,"data_set_value_component_RXN6_variable_RXN6":47.5317307652,"data_set_value_component_RXN6_variable_Thetha_1":50.0,"data_set_value_component_RXN7_variable_RXN7":2.4682692348,"data_set_value_component_RXN7_variable_Alpha_1":50.0,"data_set_value_component_RXN8_variable_RXN8":475.317307652,"data_set_value_component_RXN8_variable_Alpha_2":500.0,"data_set_value_component_RXN9_variable_RXN9":473.4879005723,"data_set_value_component_RXN9_variable_Delta_4":10.0,"data_set_value_component_RXN10_variable_RXN10":2367.4395028615,"data_set_value_component_RXN10_variable_BetaA_1":50.0,"data_set_value_component_RXN11_variable_RXN11":181.3747080495,"data_set_value_component_RXN11_variable_Gamma_3":1.0,"data_set_value_component_RXN12_variable_RXN12":181.1836576918,"data_set_value_component_RXN12_variable_Theta_2":100.0,"data_set_value_component_RXN13_variable_RXN13":0.0018816342,"data_set_value_component_RXN13_variable_Alpha_3":0.01,"data_set_value_component_RXN14_variable_RXN14":90.5918288459,"data_set_value_component_RXN14_variable_Alpha_4":50.0,"data_set_value_component_RXN15_variable_RXN15":24.1192751929,"data_set_value_component_RXN15_variable_Delta_5":0.5,"data_set_value_component_RXN16_variable_RXN16":241.1927519288,"data_set_value_component_RXN16_variable_BetaR_1":5.0},{"data_set_value_component_environment_variable_time":1.0,"data_set_value_component_A_variable_A":1064.4788239563,"data_set_value_component_C_variable_C":111.2999033434,"data_set_value_component_DA_variable_DA":0.0448979316,"data_set_value_component_DAp_variable_DAp":0.9551020684,"data_set_value_component_DR_variable_DR":0.1718695322,"data_set_value_component_DRP_variable_DRP":1.8281304678,"data_set_value_component_MA_variable_MA":47.6978211933,"data_set_value_component_MR_variable_MR":54.7647316473,"data_set_value_component_R_variable_R":0.1808244916,"data_set_value_component_RXN1_variable_RXN1":384.9676842772,"data_set_value_component_RXN1_variable_Gamma_1":2.0,"data_set_value_component_RXN2_variable_RXN2":1064.4788239563,"data_set_value_component_RXN2_variable_Delta_1":1.0,"data_set_value_component_RXN3_variable_RXN3":111.2999033434,"data_set_value_component_RXN3_variable_Delta_2":1.0,"data_set_value_component_RXN4_variable_RXN4":0.0361648983,"data_set_value_component_RXN4_variable_Delta_3":0.2,"data_set_value_component_RXN5_variable_RXN5":47.7928974534,"data_set_value_component_RXN5_variable_Gamma_2":1.0,"data_set_value_component_RXN6_variable_RXN6":47.7551034188,"data_set_value_component_RXN6_variable_Thetha_1":50.0,"data_set_value_component_RXN7_variable_RXN7":2.2448965812,"data_set_value_component_RXN7_variable_Alpha_1":50.0,"data_set_value_component_RXN8_variable_RXN8":477.5510341879,"data_set_value_component_RXN8_variable_Alpha_2":500.0,"data_set_value_component_RXN9_variable_RXN9":476.9782119327,"data_set_value_component_RXN9_variable_Delta_4":10.0,"data_set_value_component_RXN10_variable_RXN10":2384.8910596634,"data_set_value_component_RXN10_variable_BetaA_1":50.0,"data_set_value_component_RXN11_variable_RXN11":182.9514774732,"data_set_value_component_RXN11_variable_Gamma_3":1.0,"data_set_value_component_RXN12_variable_RXN12":182.8130467835,"data_set_value_component_RXN12_variable_Theta_2":100.0,"data_set_value_component_RXN13_variable_RXN13":0.0017186953,"data_set_value_component_RXN13_variable_Alpha_3":0.01,"data_set_value_component_RXN14_variable_RXN14":91.4065233917,"data_set_value_component_RXN14_variable_Alpha_4":50.0,"data_set_value_component_RXN15_variable_RXN15":27.3823658236,"data_set_value_component_RXN15_variable_Delta_5":0.5,"data_set_value_component_RXN16_variable_RXN16":273.8236582363,"data_set_value_component_RXN16_variable_BetaR_1":5.0}]