[{"data_generator_AUXP_A7":0.0,"data_generator_T":0.0},{"data_generator_AUXP_A7":0.0,"data_generator_T":1.0},{"data_generator_AUXP_A7":0.13682753,"data_generator_T":2.0},{"data_generator_AUXP_A7":0.16068193,"data_generator_T":3.0},{"data_generator_AUXP_A7":0.14749728,"data_generator_T":4.0},{"data_generator_AUXP_A7":0.12703194,"data_generator_T":5.0},{"data_generator_AUXP_A7":0.10731825,"data_generator_T":6.0},{"data_generator_AUXP_A7":0.090240918,"data_generator_T":7.0},{"data_generator_AUXP_A7":0.075942092,"data_generator_T":8.0},{"data_generator_AUXP_A7":0.06411285,"data_generator_T":9.0},{"data_generator_AUXP_A7":0.054369666,"data_generator_T":10.0},{"data_generator_AUXP_A7":0.0176301,"data_generator_T":11.0},{"data_generator_AUXP_A7":0.0043793744,"data_generator_T":12.0},{"data_generator_AUXP_A7":0.0009127131,"data_generator_T":13.0},{"data_generator_AUXP_A7":0.0001753595,"data_generator_T":14.0},{"data_generator_AUXP_A7":0.0000326023,"data_generator_T":15.0},{"data_generator_AUXP_A7":0.0000059822,"data_generator_T":16.0},{"data_generator_AUXP_A7":0.0000010916,"data_generator_T":17.0},{"data_generator_AUXP_A7":0.0000001987,"data_generator_T":18.0},{"data_generator_AUXP_A7":0.0000000361,"data_generator_T":19.0},{"data_generator_AUXP_A7":0.0000000066,"data_generator_T":20.0},{"data_generator_AUXP_A7":0.0000000012,"data_generator_T":21.0},{"data_generator_AUXP_A7":0.0000000002,"data_generator_T":22.0},{"data_generator_AUXP_A7":0.0,"data_generator_T":23.0},{"data_generator_AUXP_A7":0.0,"data_generator_T":24.0},{"data_generator_AUXP_A7":0.0,"data_generator_T":25.0},{"data_generator_AUXP_A7":0.0,"data_generator_T":26.0},{"data_generator_AUXP_A7":0.0,"data_generator_T":27.0},{"data_generator_AUXP_A7":0.0,"data_generator_T":28.0},{"data_generator_AUXP_A7":0.0,"data_generator_T":29.0},{"data_generator_AUXP_A7":2.4596137e-16,"data_generator_T":30.0},{"data_generator_AUXP_A7":4.436523e-17,"data_generator_T":31.0},{"data_generator_AUXP_A7":0.045628816,"data_generator_T":32.0},{"data_generator_AUXP_A7":0.054639269,"data_generator_T":33.0},{"data_generator_AUXP_A7":0.051240191,"data_generator_T":34.0},{"data_generator_AUXP_A7":0.045221522,"data_generator_T":35.0},{"data_generator_AUXP_A7":0.014716425,"data_generator_T":36.0},{"data_generator_AUXP_A7":0.003665071,"data_generator_T":37.0},{"data_generator_AUXP_A7":0.0007670184,"data_generator_T":38.0},{"data_generator_AUXP_A7":0.0001480963,"data_generator_T":39.0},{"data_generator_AUXP_A7":0.0000276733,"data_generator_T":40.0},{"data_generator_AUXP_A7":0.0000051027,"data_generator_T":41.0},{"data_generator_AUXP_A7":0.0000009355,"data_generator_T":42.0},{"data_generator_AUXP_A7":0.000000171,"data_generator_T":43.0},{"data_generator_AUXP_A7":0.0000000312,"data_generator_T":44.0},{"data_generator_AUXP_A7":0.0000000057,"data_generator_T":45.0},{"data_generator_AUXP_A7":0.000000001,"data_generator_T":46.0},{"data_generator_AUXP_A7":0.0000000002,"data_generator_T":47.0},{"data_generator_AUXP_A7":0.0,"data_generator_T":48.0},{"data_generator_AUXP_A7":0.0,"data_generator_T":49.0},{"data_generator_AUXP_A7":0.0,"data_generator_T":50.0},{"data_generator_AUXP_A7":0.0,"data_generator_T":51.0},{"data_generator_AUXP_A7":0.0,"data_generator_T":52.0},{"data_generator_AUXP_A7":0.0,"data_generator_T":53.0},{"data_generator_AUXP_A7":0.0,"data_generator_T":54.0},{"data_generator_AUXP_A7":2.197452e-16,"data_generator_T":55.0},{"data_generator_AUXP_A7":3.9724128e-17,"data_generator_T":56.0},{"data_generator_AUXP_A7":7.17727e-18,"data_generator_T":57.0},{"data_generator_AUXP_A7":1.2961181e-18,"data_generator_T":58.0},{"data_generator_AUXP_A7":2.3394831e-19,"data_generator_T":59.0},{"data_generator_AUXP_A7":4.2207967e-20,"data_generator_T":60.0},{"data_generator_AUXP_A7":7.6116118e-21,"data_generator_T":61.0},{"data_generator_AUXP_A7":0.046038788,"data_generator_T":62.0},{"data_generator_AUXP_A7":0.055071827,"data_generator_T":63.0},{"data_generator_AUXP_A7":0.051623657,"data_generator_T":64.0},{"data_generator_AUXP_A7":0.045544907,"data_generator_T":65.0},{"data_generator_AUXP_A7":0.014789254,"data_generator_T":66.0},{"data_generator_AUXP_A7":0.0036806662,"data_generator_T":67.0},{"data_generator_AUXP_A7":0.0007699051,"data_generator_T":68.0},{"data_generator_AUXP_A7":0.000148601,"data_generator_T":69.0},{"data_generator_AUXP_A7":0.0000277597,"data_generator_T":70.0},{"data_generator_AUXP_A7":0.0000051174,"data_generator_T":71.0},{"data_generator_AUXP_A7":0.000000938,"data_generator_T":72.0},{"data_generator_AUXP_A7":0.0000001714,"data_generator_T":73.0},{"data_generator_AUXP_A7":0.0000000313,"data_generator_T":74.0},{"data_generator_AUXP_A7":0.0000000057,"data_generator_T":75.0},{"data_generator_AUXP_A7":0.000000001,"data_generator_T":76.0},{"data_generator_AUXP_A7":0.0000000002,"data_generator_T":77.0},{"data_generator_AUXP_A7":0.0,"data_generator_T":78.0},{"data_generator_AUXP_A7":0.0,"data_generator_T":79.0},{"data_generator_AUXP_A7":0.0,"data_generator_T":80.0},{"data_generator_AUXP_A7":0.0,"data_generator_T":81.0},{"data_generator_AUXP_A7":0.0,"data_generator_T":82.0},{"data_generator_AUXP_A7":0.0,"data_generator_T":83.0},{"data_generator_AUXP_A7":0.0,"data_generator_T":84.0},{"data_generator_AUXP_A7":2.1990635e-16,"data_generator_T":85.0},{"data_generator_AUXP_A7":3.9749321e-17,"data_generator_T":86.0},{"data_generator_AUXP_A7":7.1811437e-18,"data_generator_T":87.0},{"data_generator_AUXP_A7":1.2967004e-18,"data_generator_T":88.0},{"data_generator_AUXP_A7":2.3403323e-19,"data_generator_T":89.0},{"data_generator_AUXP_A7":4.2219796e-20,"data_generator_T":90.0},{"data_generator_AUXP_A7":7.6131418e-21,"data_generator_T":91.0},{"data_generator_AUXP_A7":0.046140071,"data_generator_T":92.0},{"data_generator_AUXP_A7":0.055234492,"data_generator_T":93.0},{"data_generator_AUXP_A7":0.051780637,"data_generator_T":94.0},{"data_generator_AUXP_A7":0.045680899,"data_generator_T":95.0},{"data_generator_AUXP_A7":0.014859656,"data_generator_T":96.0},{"data_generator_AUXP_A7":0.0036991865,"data_generator_T":97.0},{"data_generator_AUXP_A7":0.0007738494,"data_generator_T":98.0},{"data_generator_AUXP_A7":0.0001493597,"data_generator_T":99.0},{"data_generator_AUXP_A7":0.0000278997,"data_generator_T":100.0},{"data_generator_AUXP_A7":0.0000051428,"data_generator_T":101.0},{"data_generator_AUXP_A7":0.0000009425,"data_generator_T":102.0},{"data_generator_AUXP_A7":0.0000001723,"data_generator_T":103.0},{"data_generator_AUXP_A7":0.0000000314,"data_generator_T":104.0},{"data_generator_AUXP_A7":0.0000000057,"data_generator_T":105.0},{"data_generator_AUXP_A7":0.000000001,"data_generator_T":106.0},{"data_generator_AUXP_A7":0.0000000002,"data_generator_T":107.0},{"data_generator_AUXP_A7":0.0,"data_generator_T":108.0},{"data_generator_AUXP_A7":0.0,"data_generator_T":109.0},{"data_generator_AUXP_A7":0.0,"data_generator_T":110.0},{"data_generator_AUXP_A7":0.0,"data_generator_T":111.0},{"data_generator_AUXP_A7":0.0,"data_generator_T":112.0},{"data_generator_AUXP_A7":0.0,"data_generator_T":113.0},{"data_generator_AUXP_A7":0.0,"data_generator_T":114.0},{"data_generator_AUXP_A7":2.2083094e-16,"data_generator_T":115.0},{"data_generator_AUXP_A7":3.9915018e-17,"data_generator_T":116.0},{"data_generator_AUXP_A7":7.2108312e-18,"data_generator_T":117.0},{"data_generator_AUXP_A7":1.3020186e-18,"data_generator_T":118.0},{"data_generator_AUXP_A7":2.349857e-19,"data_generator_T":119.0},{"data_generator_AUXP_A7":4.2390354e-20,"data_generator_T":120.0},{"data_generator_AUXP_A7":7.643678e-21,"data_generator_T":121.0},{"data_generator_AUXP_A7":0.046190463,"data_generator_T":122.0},{"data_generator_AUXP_A7":0.055293158,"data_generator_T":123.0},{"data_generator_AUXP_A7":0.051833909,"data_generator_T":124.0},{"data_generator_AUXP_A7":0.04572618,"data_generator_T":125.0},{"data_generator_AUXP_A7":0.014873774,"data_generator_T":126.0},{"data_generator_AUXP_A7":0.003702549,"data_generator_T":127.0},{"data_generator_AUXP_A7":0.0007745227,"data_generator_T":128.0},{"data_generator_AUXP_A7":0.0001494842,"data_generator_T":129.0},{"data_generator_AUXP_A7":0.0000279221,"data_generator_T":130.0},{"data_generator_AUXP_A7":0.0000051468,"data_generator_T":131.0},{"data_generator_AUXP_A7":0.0000009432,"data_generator_T":132.0},{"data_generator_AUXP_A7":0.0000001724,"data_generator_T":133.0},{"data_generator_AUXP_A7":0.0000000314,"data_generator_T":134.0},{"data_generator_AUXP_A7":0.0000000057,"data_generator_T":135.0},{"data_generator_AUXP_A7":0.000000001,"data_generator_T":136.0},{"data_generator_AUXP_A7":0.0000000002,"data_generator_T":137.0},{"data_generator_AUXP_A7":0.0,"data_generator_T":138.0},{"data_generator_AUXP_A7":0.0,"data_generator_T":139.0},{"data_generator_AUXP_A7":0.0,"data_generator_T":140.0},{"data_generator_AUXP_A7":0.0,"data_generator_T":141.0},{"data_generator_AUXP_A7":0.0,"data_generator_T":142.0},{"data_generator_AUXP_A7":0.0,"data_generator_T":143.0},{"data_generator_AUXP_A7":0.0,"data_generator_T":144.0},{"data_generator_AUXP_A7":2.2093796e-16,"data_generator_T":145.0},{"data_generator_AUXP_A7":3.9933832e-17,"data_generator_T":146.0},{"data_generator_AUXP_A7":7.2141391e-18,"data_generator_T":147.0},{"data_generator_AUXP_A7":1.3026002e-18,"data_generator_T":148.0},{"data_generator_AUXP_A7":2.3508796e-19,"data_generator_T":149.0},{"data_generator_AUXP_A7":4.2408332e-20,"data_generator_T":150.0},{"data_generator_AUXP_A7":7.6468389e-21,"data_generator_T":151.0},{"data_generator_AUXP_A7":0.046209086,"data_generator_T":152.0},{"data_generator_AUXP_A7":0.055314839,"data_generator_T":153.0},{"data_generator_AUXP_A7":0.051853593,"data_generator_T":154.0},{"data_generator_AUXP_A7":0.04574291,"data_generator_T":155.0},{"data_generator_AUXP_A7":0.01487899,"data_generator_T":156.0},{"data_generator_AUXP_A7":0.0037037916,"data_generator_T":157.0},{"data_generator_AUXP_A7":0.0007747715,"data_generator_T":158.0},{"data_generator_AUXP_A7":0.0001495302,"data_generator_T":159.0},{"data_generator_AUXP_A7":0.0000279303,"data_generator_T":160.0},{"data_generator_AUXP_A7":0.0000051482,"data_generator_T":161.0},{"data_generator_AUXP_A7":0.0000009435,"data_generator_T":162.0},{"data_generator_AUXP_A7":0.0000001724,"data_generator_T":163.0},{"data_generator_AUXP_A7":0.0000000315,"data_generator_T":164.0},{"data_generator_AUXP_A7":0.0000000057,"data_generator_T":165.0},{"data_generator_AUXP_A7":0.000000001,"data_generator_T":166.0},{"data_generator_AUXP_A7":0.0000000002,"data_generator_T":167.0},{"data_generator_AUXP_A7":0.0,"data_generator_T":168.0},{"data_generator_AUXP_A7":0.0,"data_generator_T":169.0},{"data_generator_AUXP_A7":0.0,"data_generator_T":170.0},{"data_generator_AUXP_A7":0.0000000026,"data_generator_T":171.0},{"data_generator_AUXP_A7":0.0000000264,"data_generator_T":172.0},{"data_generator_AUXP_A7":0.0000000984,"data_generator_T":173.0},{"data_generator_AUXP_A7":0.0000002431,"data_generator_T":174.0},{"data_generator_AUXP_A7":0.0000004806,"data_generator_T":175.0},{"data_generator_AUXP_A7":0.0000008249,"data_generator_T":176.0},{"data_generator_AUXP_A7":0.0000012846,"data_generator_T":177.0},{"data_generator_AUXP_A7":0.0000018631,"data_generator_T":178.0},{"data_generator_AUXP_A7":0.0000025598,"data_generator_T":179.0},{"data_generator_AUXP_A7":0.0000033705,"data_generator_T":180.0},{"data_generator_AUXP_A7":0.0000042881,"data_generator_T":181.0},{"data_generator_AUXP_A7":0.046942312,"data_generator_T":182.0},{"data_generator_AUXP_A7":0.059036724,"data_generator_T":183.0},{"data_generator_AUXP_A7":0.05879825,"data_generator_T":184.0},{"data_generator_AUXP_A7":0.055368818,"data_generator_T":185.0},{"data_generator_AUXP_A7":0.018691542,"data_generator_T":186.0},{"data_generator_AUXP_A7":0.0046888366,"data_generator_T":187.0},{"data_generator_AUXP_A7":0.000983139,"data_generator_T":188.0},{"data_generator_AUXP_A7":0.0001959755,"data_generator_T":189.0},{"data_generator_AUXP_A7":0.0000450877,"data_generator_T":190.0},{"data_generator_AUXP_A7":0.0000180201,"data_generator_T":191.0},{"data_generator_AUXP_A7":0.0000139872,"data_generator_T":192.0},{"data_generator_AUXP_A7":0.0000141611,"data_generator_T":193.0},{"data_generator_AUXP_A7":0.0000150943,"data_generator_T":194.0},{"data_generator_AUXP_A7":0.0000161592,"data_generator_T":195.0},{"data_generator_AUXP_A7":0.00001724,"data_generator_T":196.0},{"data_generator_AUXP_A7":0.0000183132,"data_generator_T":197.0},{"data_generator_AUXP_A7":0.0000193723,"data_generator_T":198.0},{"data_generator_AUXP_A7":0.0000204141,"data_generator_T":199.0},{"data_generator_AUXP_A7":0.0000214363,"data_generator_T":200.0},{"data_generator_AUXP_A7":0.000022437,"data_generator_T":201.0},{"data_generator_AUXP_A7":0.0000234147,"data_generator_T":202.0},{"data_generator_AUXP_A7":0.0000243683,"data_generator_T":203.0},{"data_generator_AUXP_A7":0.0000252968,"data_generator_T":204.0},{"data_generator_AUXP_A7":0.0000261998,"data_generator_T":205.0},{"data_generator_AUXP_A7":0.0000270768,"data_generator_T":206.0},{"data_generator_AUXP_A7":0.0000279277,"data_generator_T":207.0},{"data_generator_AUXP_A7":0.0000287525,"data_generator_T":208.0},{"data_generator_AUXP_A7":0.0000295514,"data_generator_T":209.0},{"data_generator_AUXP_A7":0.0000303248,"data_generator_T":210.0},{"data_generator_AUXP_A7":0.000031073,"data_generator_T":211.0},{"data_generator_AUXP_A7":0.05061331,"data_generator_T":212.0},{"data_generator_AUXP_A7":0.065736458,"data_generator_T":213.0},{"data_generator_AUXP_A7":0.067712508,"data_generator_T":214.0},{"data_generator_AUXP_A7":0.065778837,"data_generator_T":215.0},{"data_generator_AUXP_A7":0.02251225,"data_generator_T":216.0},{"data_generator_AUXP_A7":0.0056569576,"data_generator_T":217.0},{"data_generator_AUXP_A7":0.0011939232,"data_generator_T":218.0},{"data_generator_AUXP_A7":0.0002498543,"data_generator_T":219.0},{"data_generator_AUXP_A7":0.0000695612,"data_generator_T":220.0},{"data_generator_AUXP_A7":0.00003692,"data_generator_T":221.0},{"data_generator_AUXP_A7":0.000031509,"data_generator_T":222.0},{"data_generator_AUXP_A7":0.0000310069,"data_generator_T":223.0},{"data_generator_AUXP_A7":0.0000313688,"data_generator_T":224.0},{"data_generator_AUXP_A7":0.0000318715,"data_generator_T":225.0},{"data_generator_AUXP_A7":0.0000323877,"data_generator_T":226.0},{"data_generator_AUXP_A7":0.000032896,"data_generator_T":227.0},{"data_generator_AUXP_A7":0.000033393,"data_generator_T":228.0},{"data_generator_AUXP_A7":0.0000338787,"data_generator_T":229.0},{"data_generator_AUXP_A7":0.0000343535,"data_generator_T":230.0},{"data_generator_AUXP_A7":0.0000348177,"data_generator_T":231.0},{"data_generator_AUXP_A7":0.0000352717,"data_generator_T":232.0},{"data_generator_AUXP_A7":0.0000357158,"data_generator_T":233.0},{"data_generator_AUXP_A7":0.0000361504,"data_generator_T":234.0},{"data_generator_AUXP_A7":0.0000365759,"data_generator_T":235.0},{"data_generator_AUXP_A7":0.0000369926,"data_generator_T":236.0},{"data_generator_AUXP_A7":0.0000374007,"data_generator_T":237.0},{"data_generator_AUXP_A7":0.0000378006,"data_generator_T":238.0},{"data_generator_AUXP_A7":0.0000381926,"data_generator_T":239.0},{"data_generator_AUXP_A7":0.0000385769,"data_generator_T":240.0},{"data_generator_AUXP_A7":0.0000389537,"data_generator_T":241.0},{"data_generator_AUXP_A7":0.055092212,"data_generator_T":242.0},{"data_generator_AUXP_A7":0.071600169,"data_generator_T":243.0},{"data_generator_AUXP_A7":0.073805235,"data_generator_T":244.0},{"data_generator_AUXP_A7":0.071732536,"data_generator_T":245.0},{"data_generator_AUXP_A7":0.024527676,"data_generator_T":246.0},{"data_generator_AUXP_A7":0.0061531956,"data_generator_T":247.0},{"data_generator_AUXP_A7":0.0012976662,"data_generator_T":248.0},{"data_generator_AUXP_A7":0.0002727242,"data_generator_T":249.0},{"data_generator_AUXP_A7":0.0000772671,"data_generator_T":250.0},{"data_generator_AUXP_A7":0.0000417944,"data_generator_T":251.0},{"data_generator_AUXP_A7":0.0000357622,"data_generator_T":252.0},{"data_generator_AUXP_A7":0.0000350307,"data_generator_T":253.0},{"data_generator_AUXP_A7":0.0000352362,"data_generator_T":254.0},{"data_generator_AUXP_A7":0.0000356005,"data_generator_T":255.0},{"data_generator_AUXP_A7":0.0000359869,"data_generator_T":256.0},{"data_generator_AUXP_A7":0.0000363719,"data_generator_T":257.0},{"data_generator_AUXP_A7":0.000036752,"data_generator_T":258.0},{"data_generator_AUXP_A7":0.0000371267,"data_generator_T":259.0},{"data_generator_AUXP_A7":0.000037496,"data_generator_T":260.0},{"data_generator_AUXP_A7":0.0000378602,"data_generator_T":261.0},{"data_generator_AUXP_A7":0.0000382192,"data_generator_T":262.0},{"data_generator_AUXP_A7":0.0000385732,"data_generator_T":263.0},{"data_generator_AUXP_A7":0.0000389223,"data_generator_T":264.0},{"data_generator_AUXP_A7":0.0000392666,"data_generator_T":265.0},{"data_generator_AUXP_A7":0.0000396061,"data_generator_T":266.0},{"data_generator_AUXP_A7":0.0000399409,"data_generator_T":267.0},{"data_generator_AUXP_A7":0.0000402712,"data_generator_T":268.0},{"data_generator_AUXP_A7":0.0000405969,"data_generator_T":269.0},{"data_generator_AUXP_A7":0.0000409183,"data_generator_T":270.0},{"data_generator_AUXP_A7":0.0000412352,"data_generator_T":271.0},{"data_generator_AUXP_A7":0.057644397,"data_generator_T":272.0},{"data_generator_AUXP_A7":0.074858882,"data_generator_T":273.0},{"data_generator_AUXP_A7":0.077102877,"data_generator_T":274.0},{"data_generator_AUXP_A7":0.074874461,"data_generator_T":275.0},{"data_generator_AUXP_A7":0.02557721,"data_generator_T":276.0},{"data_generator_AUXP_A7":0.0064099878,"data_generator_T":277.0},{"data_generator_AUXP_A7":0.0013505836,"data_generator_T":278.0},{"data_generator_AUXP_A7":0.0002837032,"data_generator_T":279.0},{"data_generator_AUXP_A7":0.0000804184,"data_generator_T":280.0},{"data_generator_AUXP_A7":0.0000435247,"data_generator_T":281.0},{"data_generator_AUXP_A7":0.0000372209,"data_generator_T":282.0},{"data_generator_AUXP_A7":0.0000364202,"data_generator_T":283.0},{"data_generator_AUXP_A7":0.0000365925,"data_generator_T":284.0},{"data_generator_AUXP_A7":0.0000369304,"data_generator_T":285.0},{"data_generator_AUXP_A7":0.0000372921,"data_generator_T":286.0},{"data_generator_AUXP_A7":0.0000376535,"data_generator_T":287.0},{"data_generator_AUXP_A7":0.0000380108,"data_generator_T":288.0},{"data_generator_AUXP_A7":0.0000383634,"data_generator_T":289.0},{"data_generator_AUXP_A7":0.0000387114,"data_generator_T":290.0},{"data_generator_AUXP_A7":0.0000390548,"data_generator_T":291.0},{"data_generator_AUXP_A7":0.0000393937,"data_generator_T":292.0},{"data_generator_AUXP_A7":0.0000397283,"data_generator_T":293.0},{"data_generator_AUXP_A7":0.0000400585,"data_generator_T":294.0},{"data_generator_AUXP_A7":0.0000403844,"data_generator_T":295.0},{"data_generator_AUXP_A7":0.000040706,"data_generator_T":296.0},{"data_generator_AUXP_A7":0.0000410235,"data_generator_T":297.0},{"data_generator_AUXP_A7":0.0000413369,"data_generator_T":298.0},{"data_generator_AUXP_A7":0.0000416462,"data_generator_T":299.0},{"data_generator_AUXP_A7":0.0000419514,"data_generator_T":300.0},{"data_generator_AUXP_A7":0.0000422528,"data_generator_T":301.0},{"data_generator_AUXP_A7":0.058995601,"data_generator_T":302.0},{"data_generator_AUXP_A7":0.076577693,"data_generator_T":303.0},{"data_generator_AUXP_A7":0.078835182,"data_generator_T":304.0},{"data_generator_AUXP_A7":0.076518402,"data_generator_T":305.0},{"data_generator_AUXP_A7":0.026125185,"data_generator_T":306.0},{"data_generator_AUXP_A7":0.0065439227,"data_generator_T":307.0},{"data_generator_AUXP_A7":0.0013781162,"data_generator_T":308.0},{"data_generator_AUXP_A7":0.0002893548,"data_generator_T":309.0},{"data_generator_AUXP_A7":0.0000819898,"data_generator_T":310.0},{"data_generator_AUXP_A7":0.0000443595,"data_generator_T":311.0},{"data_generator_AUXP_A7":0.0000379188,"data_generator_T":312.0},{"data_generator_AUXP_A7":0.0000370869,"data_generator_T":313.0},{"data_generator_AUXP_A7":0.0000372463,"data_generator_T":314.0},{"data_generator_AUXP_A7":0.0000375746,"data_generator_T":315.0},{"data_generator_AUXP_A7":0.0000379274,"data_generator_T":316.0},{"data_generator_AUXP_A7":0.0000382802,"data_generator_T":317.0},{"data_generator_AUXP_A7":0.0000386289,"data_generator_T":318.0},{"data_generator_AUXP_A7":0.0000389731,"data_generator_T":319.0},{"data_generator_AUXP_A7":0.0000393128,"data_generator_T":320.0},{"data_generator_AUXP_A7":0.0000396481,"data_generator_T":321.0},{"data_generator_AUXP_A7":0.000039979,"data_generator_T":322.0},{"data_generator_AUXP_A7":0.0000403057,"data_generator_T":323.0},{"data_generator_AUXP_A7":0.0000406282,"data_generator_T":324.0},{"data_generator_AUXP_A7":0.0000409464,"data_generator_T":325.0},{"data_generator_AUXP_A7":0.0000412606,"data_generator_T":326.0},{"data_generator_AUXP_A7":0.0000415707,"data_generator_T":327.0},{"data_generator_AUXP_A7":0.0000418768,"data_generator_T":328.0},{"data_generator_AUXP_A7":0.0000421789,"data_generator_T":329.0},{"data_generator_AUXP_A7":0.0000424771,"data_generator_T":330.0},{"data_generator_AUXP_A7":0.0000427715,"data_generator_T":331.0},{"data_generator_AUXP_A7":0.059702754,"data_generator_T":332.0},{"data_generator_AUXP_A7":0.077476777,"data_generator_T":333.0},{"data_generator_AUXP_A7":0.079740815,"data_generator_T":334.0},{"data_generator_AUXP_A7":0.077377379,"data_generator_T":335.0},{"data_generator_AUXP_A7":0.026411422,"data_generator_T":336.0},{"data_generator_AUXP_A7":0.0066138743,"data_generator_T":337.0},{"data_generator_AUXP_A7":0.001392491,"data_generator_T":338.0},{"data_generator_AUXP_A7":0.0002923013,"data_generator_T":339.0},{"data_generator_AUXP_A7":0.0000828054,"data_generator_T":340.0},{"data_generator_AUXP_A7":0.0000447907,"data_generator_T":341.0},{"data_generator_AUXP_A7":0.000038279,"data_generator_T":342.0},{"data_generator_AUXP_A7":0.0000374311,"data_generator_T":343.0},{"data_generator_AUXP_A7":0.0000375841,"data_generator_T":344.0},{"data_generator_AUXP_A7":0.0000379077,"data_generator_T":345.0},{"data_generator_AUXP_A7":0.0000382561,"data_generator_T":346.0},{"data_generator_AUXP_A7":0.0000386046,"data_generator_T":347.0},{"data_generator_AUXP_A7":0.000038949,"data_generator_T":348.0},{"data_generator_AUXP_A7":0.0000392891,"data_generator_T":349.0},{"data_generator_AUXP_A7":0.0000396247,"data_generator_T":350.0},{"data_generator_AUXP_A7":0.0000399559,"data_generator_T":351.0},{"data_generator_AUXP_A7":0.0000402829,"data_generator_T":352.0},{"data_generator_AUXP_A7":0.0000406056,"data_generator_T":353.0},{"data_generator_AUXP_A7":0.0000409242,"data_generator_T":354.0},{"data_generator_AUXP_A7":0.0000412386,"data_generator_T":355.0},{"data_generator_AUXP_A7":0.000041549,"data_generator_T":356.0},{"data_generator_AUXP_A7":0.0000418553,"data_generator_T":357.0},{"data_generator_AUXP_A7":0.0000421577,"data_generator_T":358.0},{"data_generator_AUXP_A7":0.0000424562,"data_generator_T":359.0},{"data_generator_AUXP_A7":0.0000427508,"data_generator_T":360.0},{"data_generator_AUXP_A7":0.0000430417,"data_generator_T":361.0},{"data_generator_AUXP_A7":0.060072251,"data_generator_T":362.0},{"data_generator_AUXP_A7":0.077946529,"data_generator_T":363.0},{"data_generator_AUXP_A7":0.080213957,"data_generator_T":364.0},{"data_generator_AUXP_A7":0.077826113,"data_generator_T":365.0},{"data_generator_AUXP_A7":0.026560949,"data_generator_T":366.0},{"data_generator_AUXP_A7":0.0066504157,"data_generator_T":367.0},{"data_generator_AUXP_A7":0.0014,"data_generator_T":368.0},{"data_generator_AUXP_A7":0.0002938401,"data_generator_T":369.0},{"data_generator_AUXP_A7":0.0000832311,"data_generator_T":370.0},{"data_generator_AUXP_A7":0.0000450157,"data_generator_T":371.0},{"data_generator_AUXP_A7":0.0000384669,"data_generator_T":372.0},{"data_generator_AUXP_A7":0.0000376106,"data_generator_T":373.0},{"data_generator_AUXP_A7":0.0000377603,"data_generator_T":374.0},{"data_generator_AUXP_A7":0.0000380815,"data_generator_T":375.0},{"data_generator_AUXP_A7":0.0000384276,"data_generator_T":376.0},{"data_generator_AUXP_A7":0.0000387738,"data_generator_T":377.0},{"data_generator_AUXP_A7":0.0000391161,"data_generator_T":378.0},{"data_generator_AUXP_A7":0.000039454,"data_generator_T":379.0},{"data_generator_AUXP_A7":0.0000397875,"data_generator_T":380.0},{"data_generator_AUXP_A7":0.0000401166,"data_generator_T":381.0},{"data_generator_AUXP_A7":0.0000404415,"data_generator_T":382.0},{"data_generator_AUXP_A7":0.0000407622,"data_generator_T":383.0},{"data_generator_AUXP_A7":0.0000410787,"data_generator_T":384.0},{"data_generator_AUXP_A7":0.0000413911,"data_generator_T":385.0},{"data_generator_AUXP_A7":0.0000416995,"data_generator_T":386.0},{"data_generator_AUXP_A7":0.0000420039,"data_generator_T":387.0},{"data_generator_AUXP_A7":0.0000423044,"data_generator_T":388.0},{"data_generator_AUXP_A7":0.000042601,"data_generator_T":389.0},{"data_generator_AUXP_A7":0.0000428938,"data_generator_T":390.0},{"data_generator_AUXP_A7":0.0000431827,"data_generator_T":391.0},{"data_generator_AUXP_A7":0.06026528,"data_generator_T":392.0},{"data_generator_AUXP_A7":0.078191929,"data_generator_T":393.0},{"data_generator_AUXP_A7":0.08046113,"data_generator_T":394.0},{"data_generator_AUXP_A7":0.07806053,"data_generator_T":395.0},{"data_generator_AUXP_A7":0.026639061,"data_generator_T":396.0},{"data_generator_AUXP_A7":0.0066695046,"data_generator_T":397.0},{"data_generator_AUXP_A7":0.0014039224,"data_generator_T":398.0},{"data_generator_AUXP_A7":0.000294644,"data_generator_T":399.0},{"data_generator_AUXP_A7":0.0000834535,"data_generator_T":400.0},{"data_generator_AUXP_A7":0.0000451332,"data_generator_T":401.0},{"data_generator_AUXP_A7":0.000038565,"data_generator_T":402.0},{"data_generator_AUXP_A7":0.0000377044,"data_generator_T":403.0},{"data_generator_AUXP_A7":0.0000378524,"data_generator_T":404.0},{"data_generator_AUXP_A7":0.0000381722,"data_generator_T":405.0},{"data_generator_AUXP_A7":0.0000385172,"data_generator_T":406.0},{"data_generator_AUXP_A7":0.0000388622,"data_generator_T":407.0},{"data_generator_AUXP_A7":0.0000392034,"data_generator_T":408.0},{"data_generator_AUXP_A7":0.0000395402,"data_generator_T":409.0},{"data_generator_AUXP_A7":0.0000398725,"data_generator_T":410.0},{"data_generator_AUXP_A7":0.0000402006,"data_generator_T":411.0},{"data_generator_AUXP_A7":0.0000405243,"data_generator_T":412.0},{"data_generator_AUXP_A7":0.000040844,"data_generator_T":413.0},{"data_generator_AUXP_A7":0.0000411594,"data_generator_T":414.0},{"data_generator_AUXP_A7":0.0000414708,"data_generator_T":415.0},{"data_generator_AUXP_A7":0.0000417782,"data_generator_T":416.0},{"data_generator_AUXP_A7":0.0000420816,"data_generator_T":417.0},{"data_generator_AUXP_A7":0.000042381,"data_generator_T":418.0},{"data_generator_AUXP_A7":0.0000426766,"data_generator_T":419.0},{"data_generator_AUXP_A7":0.0000429684,"data_generator_T":420.0},{"data_generator_AUXP_A7":0.0000432564,"data_generator_T":421.0},{"data_generator_AUXP_A7":0.060366116,"data_generator_T":422.0},{"data_generator_AUXP_A7":0.078320123,"data_generator_T":423.0},{"data_generator_AUXP_A7":0.080590248,"data_generator_T":424.0},{"data_generator_AUXP_A7":0.078182988,"data_generator_T":425.0},{"data_generator_AUXP_A7":0.026679866,"data_generator_T":426.0},{"data_generator_AUXP_A7":0.0066794762,"data_generator_T":427.0},{"data_generator_AUXP_A7":0.0014059716,"data_generator_T":428.0},{"data_generator_AUXP_A7":0.0002950639,"data_generator_T":429.0},{"data_generator_AUXP_A7":0.0000835697,"data_generator_T":430.0},{"data_generator_AUXP_A7":0.0000451946,"data_generator_T":431.0},{"data_generator_AUXP_A7":0.0000386163,"data_generator_T":432.0},{"data_generator_AUXP_A7":0.0000377534,"data_generator_T":433.0},{"data_generator_AUXP_A7":0.0000379004,"data_generator_T":434.0},{"data_generator_AUXP_A7":0.0000382196,"data_generator_T":435.0},{"data_generator_AUXP_A7":0.000038564,"data_generator_T":436.0},{"data_generator_AUXP_A7":0.0000389084,"data_generator_T":437.0},{"data_generator_AUXP_A7":0.000039249,"data_generator_T":438.0},{"data_generator_AUXP_A7":0.0000395852,"data_generator_T":439.0},{"data_generator_AUXP_A7":0.0000399169,"data_generator_T":440.0},{"data_generator_AUXP_A7":0.0000402444,"data_generator_T":441.0},{"data_generator_AUXP_A7":0.0000405676,"data_generator_T":442.0},{"data_generator_AUXP_A7":0.0000408867,"data_generator_T":443.0},{"data_generator_AUXP_A7":0.0000412016,"data_generator_T":444.0},{"data_generator_AUXP_A7":0.0000415124,"data_generator_T":445.0},{"data_generator_AUXP_A7":0.0000418193,"data_generator_T":446.0},{"data_generator_AUXP_A7":0.0000421221,"data_generator_T":447.0},{"data_generator_AUXP_A7":0.0000424211,"data_generator_T":448.0},{"data_generator_AUXP_A7":0.0000427162,"data_generator_T":449.0},{"data_generator_AUXP_A7":0.0000430074,"data_generator_T":450.0},{"data_generator_AUXP_A7":0.0000432949,"data_generator_T":451.0},{"data_generator_AUXP_A7":0.0000435787,"data_generator_T":452.0},{"data_generator_AUXP_A7":0.0000438588,"data_generator_T":453.0},{"data_generator_AUXP_A7":0.0000441353,"data_generator_T":454.0},{"data_generator_AUXP_A7":0.0000444082,"data_generator_T":455.0},{"data_generator_AUXP_A7":0.0000446776,"data_generator_T":456.0},{"data_generator_AUXP_A7":0.0000449435,"data_generator_T":457.0},{"data_generator_AUXP_A7":0.000045206,"data_generator_T":458.0},{"data_generator_AUXP_A7":0.0000454651,"data_generator_T":459.0},{"data_generator_AUXP_A7":0.0000457208,"data_generator_T":460.0},{"data_generator_AUXP_A7":0.0000459732,"data_generator_T":461.0},{"data_generator_AUXP_A7":0.0000462224,"data_generator_T":462.0},{"data_generator_AUXP_A7":0.0000464683,"data_generator_T":463.0},{"data_generator_AUXP_A7":0.0000467111,"data_generator_T":464.0},{"data_generator_AUXP_A7":0.0000469507,"data_generator_T":465.0},{"data_generator_AUXP_A7":0.0000471872,"data_generator_T":466.0},{"data_generator_AUXP_A7":0.0000474207,"data_generator_T":467.0},{"data_generator_AUXP_A7":0.0000476511,"data_generator_T":468.0},{"data_generator_AUXP_A7":0.0000478786,"data_generator_T":469.0},{"data_generator_AUXP_A7":0.0000481031,"data_generator_T":470.0},{"data_generator_AUXP_A7":0.0000483248,"data_generator_T":471.0},{"data_generator_AUXP_A7":0.0000485435,"data_generator_T":472.0},{"data_generator_AUXP_A7":0.0000487594,"data_generator_T":473.0},{"data_generator_AUXP_A7":0.0000489726,"data_generator_T":474.0},{"data_generator_AUXP_A7":0.000049183,"data_generator_T":475.0},{"data_generator_AUXP_A7":0.0000493906,"data_generator_T":476.0},{"data_generator_AUXP_A7":0.0000495956,"data_generator_T":477.0},{"data_generator_AUXP_A7":0.0000497979,"data_generator_T":478.0},{"data_generator_AUXP_A7":0.0000499976,"data_generator_T":479.0},{"data_generator_AUXP_A7":0.0000501948,"data_generator_T":480.0},{"data_generator_AUXP_A7":0.0000503894,"data_generator_T":481.0},{"data_generator_AUXP_A7":0.07012637,"data_generator_T":482.0},{"data_generator_AUXP_A7":0.090728499,"data_generator_T":483.0},{"data_generator_AUXP_A7":0.09308809,"data_generator_T":484.0},{"data_generator_AUXP_A7":0.09003596,"data_generator_T":485.0},{"data_generator_AUXP_A7":0.030629497,"data_generator_T":486.0},{"data_generator_AUXP_A7":0.0076446789,"data_generator_T":487.0},{"data_generator_AUXP_A7":0.0016043097,"data_generator_T":488.0},{"data_generator_AUXP_A7":0.0003357096,"data_generator_T":489.0},{"data_generator_AUXP_A7":0.0000948142,"data_generator_T":490.0},{"data_generator_AUXP_A7":0.000051136,"data_generator_T":491.0},{"data_generator_AUXP_A7":0.0000435775,"data_generator_T":492.0},{"data_generator_AUXP_A7":0.0000424947,"data_generator_T":493.0},{"data_generator_AUXP_A7":0.0000425541,"data_generator_T":494.0},{"data_generator_AUXP_A7":0.0000428089,"data_generator_T":495.0},{"data_generator_AUXP_A7":0.0000430933,"data_generator_T":496.0},{"data_generator_AUXP_A7":0.0000433792,"data_generator_T":497.0},{"data_generator_AUXP_A7":0.000043662,"data_generator_T":498.0},{"data_generator_AUXP_A7":0.0000439411,"data_generator_T":499.0},{"data_generator_AUXP_A7":0.0000442165,"data_generator_T":500.0},{"data_generator_AUXP_A7":0.0000444884,"data_generator_T":501.0},{"data_generator_AUXP_A7":0.0000447568,"data_generator_T":502.0},{"data_generator_AUXP_A7":0.0000450217,"data_generator_T":503.0},{"data_generator_AUXP_A7":0.0000452831,"data_generator_T":504.0},{"data_generator_AUXP_A7":0.0000455412,"data_generator_T":505.0},{"data_generator_AUXP_A7":0.000045796,"data_generator_T":506.0},{"data_generator_AUXP_A7":0.0000460474,"data_generator_T":507.0},{"data_generator_AUXP_A7":0.0000462956,"data_generator_T":508.0},{"data_generator_AUXP_A7":0.0000465406,"data_generator_T":509.0},{"data_generator_AUXP_A7":0.0000467824,"data_generator_T":510.0},{"data_generator_AUXP_A7":0.0000466502,"data_generator_T":511.0},{"data_generator_AUXP_A7":0.0000458604,"data_generator_T":512.0},{"data_generator_AUXP_A7":0.0000445492,"data_generator_T":513.0},{"data_generator_AUXP_A7":0.0000428392,"data_generator_T":514.0},{"data_generator_AUXP_A7":0.0000408376,"data_generator_T":515.0},{"data_generator_AUXP_A7":0.000038636,"data_generator_T":516.0},{"data_generator_AUXP_A7":0.0000363114,"data_generator_T":517.0},{"data_generator_AUXP_A7":0.0000339271,"data_generator_T":518.0},{"data_generator_AUXP_A7":0.0000315342,"data_generator_T":519.0},{"data_generator_AUXP_A7":0.0000291731,"data_generator_T":520.0},{"data_generator_AUXP_A7":0.0000268751,"data_generator_T":521.0},{"data_generator_AUXP_A7":0.0000246633,"data_generator_T":522.0},{"data_generator_AUXP_A7":0.0000225547,"data_generator_T":523.0},{"data_generator_AUXP_A7":0.0000205605,"data_generator_T":524.0},{"data_generator_AUXP_A7":0.0000186876,"data_generator_T":525.0},{"data_generator_AUXP_A7":0.0000169391,"data_generator_T":526.0},{"data_generator_AUXP_A7":0.0000153156,"data_generator_T":527.0},{"data_generator_AUXP_A7":0.0000138153,"data_generator_T":528.0},{"data_generator_AUXP_A7":0.0000124348,"data_generator_T":529.0},{"data_generator_AUXP_A7":0.0000111693,"data_generator_T":530.0},{"data_generator_AUXP_A7":0.0000100133,"data_generator_T":531.0},{"data_generator_AUXP_A7":0.0000089608,"data_generator_T":532.0},{"data_generator_AUXP_A7":0.0000080052,"data_generator_T":533.0},{"data_generator_AUXP_A7":0.00000714,"data_generator_T":534.0},{"data_generator_AUXP_A7":0.0000063586,"data_generator_T":535.0},{"data_generator_AUXP_A7":0.0000056546,"data_generator_T":536.0},{"data_generator_AUXP_A7":0.0000050215,"data_generator_T":537.0},{"data_generator_AUXP_A7":0.0000044535,"data_generator_T":538.0},{"data_generator_AUXP_A7":0.0000039448,"data_generator_T":539.0},{"data_generator_AUXP_A7":0.0000034901,"data_generator_T":540.0},{"data_generator_AUXP_A7":0.0000030842,"data_generator_T":541.0},{"data_generator_AUXP_A7":0.076989524,"data_generator_T":542.0},{"data_generator_AUXP_A7":0.093817085,"data_generator_T":543.0},{"data_generator_AUXP_A7":0.089636959,"data_generator_T":544.0},{"data_generator_AUXP_A7":0.080367528,"data_generator_T":545.0},{"data_generator_AUXP_A7":0.026158923,"data_generator_T":546.0},{"data_generator_AUXP_A7":0.0064316764,"data_generator_T":547.0},{"data_generator_AUXP_A7":0.0013243665,"data_generator_T":548.0},{"data_generator_AUXP_A7":0.0002518508,"data_generator_T":549.0},{"data_generator_AUXP_A7":0.000046725,"data_generator_T":550.0},{"data_generator_AUXP_A7":0.0000088747,"data_generator_T":551.0},{"data_generator_AUXP_A7":0.0000019527,"data_generator_T":552.0},{"data_generator_AUXP_A7":0.0000006612,"data_generator_T":553.0},{"data_generator_AUXP_A7":0.0000003919,"data_generator_T":554.0},{"data_generator_AUXP_A7":0.0000003109,"data_generator_T":555.0},{"data_generator_AUXP_A7":0.0000002675,"data_generator_T":556.0},{"data_generator_AUXP_A7":0.0000002342,"data_generator_T":557.0},{"data_generator_AUXP_A7":0.0000002056,"data_generator_T":558.0},{"data_generator_AUXP_A7":0.0000001805,"data_generator_T":559.0},{"data_generator_AUXP_A7":0.0000001584,"data_generator_T":560.0},{"data_generator_AUXP_A7":0.0000001388,"data_generator_T":561.0},{"data_generator_AUXP_A7":0.0000001216,"data_generator_T":562.0},{"data_generator_AUXP_A7":0.0000001065,"data_generator_T":563.0},{"data_generator_AUXP_A7":0.0000000932,"data_generator_T":564.0},{"data_generator_AUXP_A7":0.0000000815,"data_generator_T":565.0},{"data_generator_AUXP_A7":0.0000000712,"data_generator_T":566.0},{"data_generator_AUXP_A7":0.0000000621,"data_generator_T":567.0},{"data_generator_AUXP_A7":0.0000000542,"data_generator_T":568.0},{"data_generator_AUXP_A7":0.0000000473,"data_generator_T":569.0},{"data_generator_AUXP_A7":0.0000000412,"data_generator_T":570.0},{"data_generator_AUXP_A7":0.0000000359,"data_generator_T":571.0},{"data_generator_AUXP_A7":0.061555024,"data_generator_T":572.0},{"data_generator_AUXP_A7":0.073399723,"data_generator_T":573.0},{"data_generator_AUXP_A7":0.068495758,"data_generator_T":574.0},{"data_generator_AUXP_A7":0.060076885,"data_generator_T":575.0},{"data_generator_AUXP_A7":0.019383496,"data_generator_T":576.0},{"data_generator_AUXP_A7":0.0047796215,"data_generator_T":577.0},{"data_generator_AUXP_A7":0.0009903961,"data_generator_T":578.0},{"data_generator_AUXP_A7":0.0001894272,"data_generator_T":579.0},{"data_generator_AUXP_A7":0.000035086,"data_generator_T":580.0},{"data_generator_AUXP_A7":0.0000064193,"data_generator_T":581.0},{"data_generator_AUXP_A7":0.0000011709,"data_generator_T":582.0},{"data_generator_AUXP_A7":0.0000002154,"data_generator_T":583.0},{"data_generator_AUXP_A7":0.0000000416,"data_generator_T":584.0},{"data_generator_AUXP_A7":0.0000000098,"data_generator_T":585.0},{"data_generator_AUXP_A7":0.0000000037,"data_generator_T":586.0},{"data_generator_AUXP_A7":0.0000000024,"data_generator_T":587.0},{"data_generator_AUXP_A7":0.0000000019,"data_generator_T":588.0},{"data_generator_AUXP_A7":0.0000000017,"data_generator_T":589.0},{"data_generator_AUXP_A7":0.0000000014,"data_generator_T":590.0},{"data_generator_AUXP_A7":0.0000000013,"data_generator_T":591.0},{"data_generator_AUXP_A7":0.0000000011,"data_generator_T":592.0},{"data_generator_AUXP_A7":0.000000001,"data_generator_T":593.0},{"data_generator_AUXP_A7":0.0000000008,"data_generator_T":594.0},{"data_generator_AUXP_A7":0.0000000007,"data_generator_T":595.0},{"data_generator_AUXP_A7":0.0000000006,"data_generator_T":596.0},{"data_generator_AUXP_A7":0.0000000005,"data_generator_T":597.0},{"data_generator_AUXP_A7":0.0000000005,"data_generator_T":598.0},{"data_generator_AUXP_A7":0.0000000004,"data_generator_T":599.0},{"data_generator_AUXP_A7":0.0000000004,"data_generator_T":600.0},{"data_generator_AUXP_A7":0.0000000003,"data_generator_T":601.0},{"data_generator_AUXP_A7":0.052191123,"data_generator_T":602.0},{"data_generator_AUXP_A7":0.062292617,"data_generator_T":603.0},{"data_generator_AUXP_A7":0.058202684,"data_generator_T":604.0},{"data_generator_AUXP_A7":0.051150959,"data_generator_T":605.0},{"data_generator_AUXP_A7":0.016567312,"data_generator_T":606.0},{"data_generator_AUXP_A7":0.0041061011,"data_generator_T":607.0},{"data_generator_AUXP_A7":0.0008553387,"data_generator_T":608.0},{"data_generator_AUXP_A7":0.0001644316,"data_generator_T":609.0},{"data_generator_AUXP_A7":0.0000306011,"data_generator_T":610.0},{"data_generator_AUXP_A7":0.0000056213,"data_generator_T":611.0},{"data_generator_AUXP_A7":0.0000010269,"data_generator_T":612.0},{"data_generator_AUXP_A7":0.0000001871,"data_generator_T":613.0},{"data_generator_AUXP_A7":0.0000000341,"data_generator_T":614.0},{"data_generator_AUXP_A7":0.0000000062,"data_generator_T":615.0},{"data_generator_AUXP_A7":0.0000000011,"data_generator_T":616.0},{"data_generator_AUXP_A7":0.0000000002,"data_generator_T":617.0},{"data_generator_AUXP_A7":0.0000000001,"data_generator_T":618.0},{"data_generator_AUXP_A7":0.0,"data_generator_T":619.0},{"data_generator_AUXP_A7":0.0,"data_generator_T":620.0},{"data_generator_AUXP_A7":0.0,"data_generator_T":621.0},{"data_generator_AUXP_A7":0.0,"data_generator_T":622.0},{"data_generator_AUXP_A7":0.0,"data_generator_T":623.0},{"data_generator_AUXP_A7":0.0,"data_generator_T":624.0},{"data_generator_AUXP_A7":0.0,"data_generator_T":625.0},{"data_generator_AUXP_A7":0.0,"data_generator_T":626.0},{"data_generator_AUXP_A7":0.0,"data_generator_T":627.0},{"data_generator_AUXP_A7":0.0,"data_generator_T":628.0},{"data_generator_AUXP_A7":0.0,"data_generator_T":629.0},{"data_generator_AUXP_A7":0.0,"data_generator_T":630.0},{"data_generator_AUXP_A7":0.0,"data_generator_T":631.0},{"data_generator_AUXP_A7":0.048444852,"data_generator_T":632.0},{"data_generator_AUXP_A7":0.057918582,"data_generator_T":633.0},{"data_generator_AUXP_A7":0.054218534,"data_generator_T":634.0},{"data_generator_AUXP_A7":0.047753774,"data_generator_T":635.0},{"data_generator_AUXP_A7":0.015506092,"data_generator_T":636.0},{"data_generator_AUXP_A7":0.0038531688,"data_generator_T":637.0},{"data_generator_AUXP_A7":0.0008046822,"data_generator_T":638.0},{"data_generator_AUXP_A7":0.0001550621,"data_generator_T":639.0},{"data_generator_AUXP_A7":0.0000289218,"data_generator_T":640.0},{"data_generator_AUXP_A7":0.0000053238,"data_generator_T":641.0},{"data_generator_AUXP_A7":0.0000009745,"data_generator_T":642.0},{"data_generator_AUXP_A7":0.0000001779,"data_generator_T":643.0},{"data_generator_AUXP_A7":0.0000000324,"data_generator_T":644.0},{"data_generator_AUXP_A7":0.0000000059,"data_generator_T":645.0},{"data_generator_AUXP_A7":0.0000000011,"data_generator_T":646.0},{"data_generator_AUXP_A7":0.0000000002,"data_generator_T":647.0},{"data_generator_AUXP_A7":0.0,"data_generator_T":648.0},{"data_generator_AUXP_A7":0.0,"data_generator_T":649.0},{"data_generator_AUXP_A7":0.0,"data_generator_T":650.0},{"data_generator_AUXP_A7":0.0,"data_generator_T":651.0},{"data_generator_AUXP_A7":0.0,"data_generator_T":652.0},{"data_generator_AUXP_A7":0.0,"data_generator_T":653.0},{"data_generator_AUXP_A7":0.0,"data_generator_T":654.0},{"data_generator_AUXP_A7":0.0,"data_generator_T":655.0},{"data_generator_AUXP_A7":0.0,"data_generator_T":656.0},{"data_generator_AUXP_A7":0.0,"data_generator_T":657.0},{"data_generator_AUXP_A7":0.0,"data_generator_T":658.0},{"data_generator_AUXP_A7":0.0,"data_generator_T":659.0},{"data_generator_AUXP_A7":0.0,"data_generator_T":660.0},{"data_generator_AUXP_A7":0.0,"data_generator_T":661.0},{"data_generator_AUXP_A7":0.0,"data_generator_T":662.0},{"data_generator_AUXP_A7":0.0,"data_generator_T":663.0},{"data_generator_AUXP_A7":0.0,"data_generator_T":664.0},{"data_generator_AUXP_A7":0.0,"data_generator_T":665.0},{"data_generator_AUXP_A7":0.0,"data_generator_T":666.0},{"data_generator_AUXP_A7":0.0,"data_generator_T":667.0},{"data_generator_AUXP_A7":0.0,"data_generator_T":668.0},{"data_generator_AUXP_A7":0.0,"data_generator_T":669.0},{"data_generator_AUXP_A7":0.0,"data_generator_T":670.0},{"data_generator_AUXP_A7":0.0,"data_generator_T":671.0},{"data_generator_AUXP_A7":0.0,"data_generator_T":672.0},{"data_generator_AUXP_A7":0.0,"data_generator_T":673.0},{"data_generator_AUXP_A7":0.0,"data_generator_T":674.0},{"data_generator_AUXP_A7":0.0,"data_generator_T":675.0},{"data_generator_AUXP_A7":0.0,"data_generator_T":676.0},{"data_generator_AUXP_A7":0.0,"data_generator_T":677.0},{"data_generator_AUXP_A7":0.0,"data_generator_T":678.0},{"data_generator_AUXP_A7":0.0,"data_generator_T":679.0},{"data_generator_AUXP_A7":0.0,"data_generator_T":680.0},{"data_generator_AUXP_A7":9.7508347e-16,"data_generator_T":681.0},{"data_generator_AUXP_A7":8.3677665e-16,"data_generator_T":682.0},{"data_generator_AUXP_A7":7.1790997e-16,"data_generator_T":683.0},{"data_generator_AUXP_A7":6.1578025e-16,"data_generator_T":684.0},{"data_generator_AUXP_A7":5.2805527e-16,"data_generator_T":685.0},{"data_generator_AUXP_A7":4.5272386e-16,"data_generator_T":686.0},{"data_generator_AUXP_A7":3.8805213e-16,"data_generator_T":687.0},{"data_generator_AUXP_A7":3.3254604e-16,"data_generator_T":688.0},{"data_generator_AUXP_A7":2.8491851e-16,"data_generator_T":689.0},{"data_generator_AUXP_A7":2.4406129e-16,"data_generator_T":690.0},{"data_generator_AUXP_A7":2.090203e-16,"data_generator_T":691.0},{"data_generator_AUXP_A7":1.7897458e-16,"data_generator_T":692.0},{"data_generator_AUXP_A7":1.5321788e-16,"data_generator_T":693.0},{"data_generator_AUXP_A7":1.3114287e-16,"data_generator_T":694.0},{"data_generator_AUXP_A7":1.1222735e-16,"data_generator_T":695.0},{"data_generator_AUXP_A7":9.602256e-17,"data_generator_T":696.0},{"data_generator_AUXP_A7":8.2142913e-17,"data_generator_T":697.0},{"data_generator_AUXP_A7":7.0257181e-17,"data_generator_T":698.0},{"data_generator_AUXP_A7":6.008094e-17,"data_generator_T":699.0},{"data_generator_AUXP_A7":5.1370007e-17,"data_generator_T":700.0}]