[{"data_set_value_component_environment_variable_time":0.0,"data_set_value_component_parameters_variable_RT":2577.0,"data_set_value_component_membrane_variable_V_m":-75.0,"data_set_value_component_membrane_variable_C_m":0.009,"data_set_value_component_I_stim_variable_I_stim":0.0,"data_set_value_component_I_stim_variable_I_mag":2.0,"data_set_value_component_I_stim_variable_t_0":5.0,"data_set_value_component_I_stim_variable_t_1":6.0,"data_set_value_component_I_stim_variable_H_0":0.0,"data_set_value_component_I_stim_variable_H_1":0.0,"data_set_value_component_I_Na_variable_I_Na":0.0,"data_set_value_component_I_Na_variable_g_Na":0.45,"data_set_value_component_I_Na_variable_E_Na":50.0,"data_set_value_component_m_variable_m":0.0,"data_set_value_component_m_variable_E_m":-42.0,"data_set_value_component_m_variable_V_alpha_m":10.0,"data_set_value_component_m_variable_V_beta_m":18.0,"data_set_value_component_m_variable_alpha_m":0.2628612152,"data_set_value_component_m_variable_beta_m":13.016032681,"data_set_value_component_m_variable_alpha_m_max":0.208,"data_set_value_component_m_variable_beta_m_max":2.081,"data_set_value_component_h_variable_h":1.0,"data_set_value_component_h_variable_E_h":-41.0,"data_set_value_component_h_variable_V_alpha_h":14.7,"data_set_value_component_h_variable_V_beta_h":7.6,"data_set_value_component_h_variable_alpha_h":0.0015439526,"data_set_value_component_h_variable_beta_h":0.0381374847,"data_set_value_component_h_variable_alpha_h_max":0.0156,"data_set_value_component_h_variable_beta_h_max":3.382,"data_set_value_component_I_T_variable_I_T":-0.3333333333,"data_set_value_component_I_T_variable_R_s":15.0,"data_set_value_component_I_T_variable_C_t":0.04,"data_set_value_component_V_T_variable_V_T":-70.0,"data_set_value_component_I_KCa_variable_I_KCa":-0.1075016054,"data_set_value_component_I_KCa_variable_g_KCa":0.5,"data_set_value_component_o_variable_o":0.15,"data_set_value_component_o_variable_o_oinf":0.0,"data_set_value_component_o_variable_alpha_Vm":0.0,"data_set_value_component_o_variable_beta_Vm":0.266763488,"data_set_value_component_o_variable_tau_Vm":3.7486389448,"data_set_value_component_o_variable_d_1":0.84,"data_set_value_component_o_variable_d_2":1.0,"data_set_value_component_o_variable_k_1":0.18,"data_set_value_component_o_variable_k_2":0.011,"data_set_value_component_o_variable_a_bar":0.48,"data_set_value_component_o_variable_b_bar":0.28,"data_set_value_component_w_variable_w":0.2866709476,"data_set_value_component_w_variable_kd":0.18,"data_set_value_component_calcium_handling_variable_c":0.15,"data_set_value_component_calcium_handling_variable_cer":200.0,"data_set_value_component_calcium_handling_variable_j_mem":0.0,"data_set_value_component_calcium_handling_variable_j_leak":0.099925,"data_set_value_component_calcium_handling_variable_j_serca":0.06,"data_set_value_component_calcium_handling_variable_j_er":0.039925,"data_set_value_component_calcium_handling_variable_alpha":0.0000045,"data_set_value_component_calcium_handling_variable_k_pmca":0.2,"data_set_value_component_calcium_handling_variable_k_serca":0.4,"data_set_value_component_calcium_handling_variable_p_leak":0.0005,"data_set_value_component_calcium_handling_variable_f_er":0.01,"data_set_value_component_calcium_handling_variable_f_cyt":0.01,"data_set_value_component_calcium_handling_variable_v_cytver":5.0,"data_set_value_component_I_Ca_variable_I_Ca":0.0,"data_set_value_component_I_Ca_variable_g_Ca":-3.750579648,"data_set_value_component_I_Ca_variable_g_Ca0":0.05,"data_set_value_component_I_Ca_variable_E_Ca":50.0,"data_set_value_component_d_variable_d":0.0,"data_set_value_component_d_variable_alpha_d":0.0002533253,"data_set_value_component_d_variable_beta_d":0.021913356,"data_set_value_component_d_variable_tau_d":45.1127521627,"data_set_value_component_d_variable_d_infinity":0.0114282034,"data_set_value_component_I_L_variable_I_L":0.0,"data_set_value_component_I_L_variable_E_L":-75.0,"data_set_value_component_I_L_variable_g_Lmax":0.0024,"data_set_value_component_I_K_variable_I_K":0.0,"data_set_value_component_I_K_variable_E_K":-70.0,"data_set_value_component_I_K_variable_g_K":0.415,"data_set_value_component_n_variable_n":0.0,"data_set_value_component_n_variable_E_n":-40.0,"data_set_value_component_n_variable_V_alpha_n":7.0,"data_set_value_component_n_variable_V_beta_n":40.0,"data_set_value_component_n_variable_alpha_n":0.0054370994,"data_set_value_component_n_variable_beta_n":0.2306758483,"data_set_value_component_n_variable_alpha_n_max":0.0229,"data_set_value_component_n_variable_beta_n_max":0.09616},{"data_set_value_component_environment_variable_time":0.1,"data_set_value_component_parameters_variable_RT":2577.0,"data_set_value_component_membrane_variable_V_m":-72.0726650155,"data_set_value_component_membrane_variable_C_m":0.009,"data_set_value_component_I_stim_variable_I_stim":0.0,"data_set_value_component_I_stim_variable_I_mag":2.0,"data_set_value_component_I_stim_variable_t_0":5.0,"data_set_value_component_I_stim_variable_t_1":6.0,"data_set_value_component_I_stim_variable_H_0":0.0,"data_set_value_component_I_stim_variable_H_1":0.0,"data_set_value_component_I_Na_variable_I_Na":-0.0003143371,"data_set_value_component_I_Na_variable_g_Na":0.45,"data_set_value_component_I_Na_variable_E_Na":50.0,"data_set_value_component_m_variable_m":0.0179150122,"data_set_value_component_m_variable_E_m":-42.0,"data_set_value_component_m_variable_V_alpha_m":10.0,"data_set_value_component_m_variable_V_beta_m":18.0,"data_set_value_component_m_variable_alpha_m":0.3252447896,"data_set_value_component_m_variable_beta_m":11.0624020868,"data_set_value_component_m_variable_alpha_m_max":0.208,"data_set_value_component_m_variable_beta_m_max":2.081,"data_set_value_component_h_variable_h":0.9952068399,"data_set_value_component_h_variable_E_h":-41.0,"data_set_value_component_h_variable_V_alpha_h":14.7,"data_set_value_component_h_variable_V_beta_h":7.6,"data_set_value_component_h_variable_alpha_h":0.0018841639,"data_set_value_component_h_variable_beta_h":0.0557617821,"data_set_value_component_h_variable_alpha_h_max":0.0156,"data_set_value_component_h_variable_beta_h_max":3.382,"data_set_value_component_I_T_variable_I_T":-0.1051642449,"data_set_value_component_I_T_variable_R_s":15.0,"data_set_value_component_I_T_variable_C_t":0.04,"data_set_value_component_V_T_variable_V_T":-70.4952013416,"data_set_value_component_I_KCa_variable_I_KCa":-0.0434387548,"data_set_value_component_I_KCa_variable_g_KCa":0.5,"data_set_value_component_o_variable_o":0.1460772199,"data_set_value_component_o_variable_o_oinf":0.0,"data_set_value_component_o_variable_alpha_Vm":0.0,"data_set_value_component_o_variable_beta_Vm":0.263704093,"data_set_value_component_o_variable_tau_Vm":3.7921292338,"data_set_value_component_o_variable_d_1":0.84,"data_set_value_component_o_variable_d_2":1.0,"data_set_value_component_o_variable_k_1":0.18,"data_set_value_component_o_variable_k_2":0.011,"data_set_value_component_o_variable_a_bar":0.48,"data_set_value_component_o_variable_b_bar":0.28,"data_set_value_component_w_variable_w":0.2869430768,"data_set_value_component_w_variable_kd":0.18,"data_set_value_component_calcium_handling_variable_c":0.150039917,"data_set_value_component_calcium_handling_variable_cer":199.9998004152,"data_set_value_component_calcium_handling_variable_j_mem":-0.0,"data_set_value_component_calcium_handling_variable_j_leak":0.0999248802,"data_set_value_component_calcium_handling_variable_j_serca":0.0600159668,"data_set_value_component_calcium_handling_variable_j_er":0.0399089135,"data_set_value_component_calcium_handling_variable_alpha":0.0000045,"data_set_value_component_calcium_handling_variable_k_pmca":0.2,"data_set_value_component_calcium_handling_variable_k_serca":0.4,"data_set_value_component_calcium_handling_variable_p_leak":0.0005,"data_set_value_component_calcium_handling_variable_f_er":0.01,"data_set_value_component_calcium_handling_variable_f_cyt":0.01,"data_set_value_component_calcium_handling_variable_v_cytver":5.0,"data_set_value_component_I_Ca_variable_I_Ca":0.0000003505,"data_set_value_component_I_Ca_variable_g_Ca":-3.6044178468,"data_set_value_component_I_Ca_variable_g_Ca0":0.05,"data_set_value_component_I_Ca_variable_E_Ca":50.0,"data_set_value_component_d_variable_d":0.0000282241,"data_set_value_component_d_variable_alpha_d":0.0003039281,"data_set_value_component_d_variable_beta_d":0.0202905802,"data_set_value_component_d_variable_tau_d":48.5566337666,"data_set_value_component_d_variable_d_infinity":0.0147577265,"data_set_value_component_I_L_variable_I_L":0.007025604,"data_set_value_component_I_L_variable_E_L":-75.0,"data_set_value_component_I_L_variable_g_Lmax":0.0024,"data_set_value_component_I_K_variable_I_K":-0.0,"data_set_value_component_I_K_variable_E_K":-70.0,"data_set_value_component_I_K_variable_g_K":0.415,"data_set_value_component_n_variable_n":0.0006591197,"data_set_value_component_n_variable_E_n":-40.0,"data_set_value_component_n_variable_V_alpha_n":7.0,"data_set_value_component_n_variable_V_beta_n":40.0,"data_set_value_component_n_variable_alpha_n":0.0075959928,"data_set_value_component_n_variable_beta_n":0.2143971414,"data_set_value_component_n_variable_alpha_n_max":0.0229,"data_set_value_component_n_variable_beta_n_max":0.09616},{"data_set_value_component_environment_variable_time":0.2,"data_set_value_component_parameters_variable_RT":2577.0,"data_set_value_component_membrane_variable_V_m":-71.1248706434,"data_set_value_component_membrane_variable_C_m":0.009,"data_set_value_component_I_stim_variable_I_stim":0.0,"data_set_value_component_I_stim_variable_I_mag":2.0,"data_set_value_component_I_stim_variable_t_0":5.0,"data_set_value_component_I_stim_variable_t_1":6.0,"data_set_value_component_I_stim_variable_H_0":0.0,"data_set_value_component_I_stim_variable_H_1":0.0,"data_set_value_component_I_Na_variable_I_Na":-0.001017116,"data_set_value_component_I_Na_variable_g_Na":0.45,"data_set_value_component_I_Na_variable_E_Na":50.0,"data_set_value_component_m_variable_m":0.0266198319,"data_set_value_component_m_variable_E_m":-42.0,"data_set_value_component_m_variable_V_alpha_m":10.0,"data_set_value_component_m_variable_V_beta_m":18.0,"data_set_value_component_m_variable_alpha_m":0.3481091589,"data_set_value_component_m_variable_beta_m":10.494978624,"data_set_value_component_m_variable_alpha_m_max":0.208,"data_set_value_component_m_variable_beta_m_max":2.081,"data_set_value_component_h_variable_h":0.9892560457,"data_set_value_component_h_variable_E_h":-41.0,"data_set_value_component_h_variable_V_alpha_h":14.7,"data_set_value_component_h_variable_V_beta_h":7.6,"data_set_value_component_h_variable_alpha_h":0.0020096488,"data_set_value_component_h_variable_beta_h":0.0630300124,"data_set_value_component_h_variable_alpha_h_max":0.0156,"data_set_value_component_h_variable_beta_h_max":3.382,"data_set_value_component_I_T_variable_I_T":-0.0316993236,"data_set_value_component_I_T_variable_R_s":15.0,"data_set_value_component_I_T_variable_C_t":0.04,"data_set_value_component_V_T_variable_V_T":-70.649380789,"data_set_value_component_I_KCa_variable_I_KCa":-0.0229846903,"data_set_value_component_I_KCa_variable_g_KCa":0.5,"data_set_value_component_o_variable_o":0.1422848571,"data_set_value_component_o_variable_o_oinf":0.0,"data_set_value_component_o_variable_alpha_Vm":0.0,"data_set_value_component_o_variable_beta_Vm":0.2625757278,"data_set_value_component_o_variable_tau_Vm":3.808425129,"data_set_value_component_o_variable_d_1":0.84,"data_set_value_component_o_variable_d_2":1.0,"data_set_value_component_o_variable_k_1":0.18,"data_set_value_component_o_variable_k_2":0.011,"data_set_value_component_o_variable_a_bar":0.48,"data_set_value_component_o_variable_b_bar":0.28,"data_set_value_component_w_variable_w":0.2872151782,"data_set_value_component_w_variable_kd":0.18,"data_set_value_component_calcium_handling_variable_c":0.1500798178,"data_set_value_component_calcium_handling_variable_cer":199.9996009109,"data_set_value_component_calcium_handling_variable_j_mem":-0.0,"data_set_value_component_calcium_handling_variable_j_leak":0.0999247605,"data_set_value_component_calcium_handling_variable_j_serca":0.0600319271,"data_set_value_component_calcium_handling_variable_j_er":0.0398928334,"data_set_value_component_calcium_handling_variable_alpha":0.0000045,"data_set_value_component_calcium_handling_variable_k_pmca":0.2,"data_set_value_component_calcium_handling_variable_k_serca":0.4,"data_set_value_component_calcium_handling_variable_p_leak":0.0005,"data_set_value_component_calcium_handling_variable_f_er":0.01,"data_set_value_component_calcium_handling_variable_f_cyt":0.01,"data_set_value_component_calcium_handling_variable_v_cytver":5.0,"data_set_value_component_I_Ca_variable_I_Ca":0.0000015314,"data_set_value_component_I_Ca_variable_g_Ca":-3.5571086353,"data_set_value_component_I_Ca_variable_g_Ca0":0.05,"data_set_value_component_I_Ca_variable_E_Ca":50.0,"data_set_value_component_d_variable_d":0.0000596184,"data_set_value_component_d_variable_alpha_d":0.0003225272,"data_set_value_component_d_variable_beta_d":0.0197999084,"data_set_value_component_d_variable_tau_d":49.6957734388,"data_set_value_component_d_variable_d_infinity":0.0160282375,"data_set_value_component_I_L_variable_I_L":0.0093003105,"data_set_value_component_I_L_variable_E_L":-75.0,"data_set_value_component_I_L_variable_g_Lmax":0.0024,"data_set_value_component_I_K_variable_I_K":-0.0,"data_set_value_component_I_K_variable_E_K":-70.0,"data_set_value_component_I_K_variable_g_K":0.415,"data_set_value_component_n_variable_n":0.0014457512,"data_set_value_component_n_variable_E_n":-40.0,"data_set_value_component_n_variable_V_alpha_n":7.0,"data_set_value_component_n_variable_V_beta_n":40.0,"data_set_value_component_n_variable_alpha_n":0.0084530203,"data_set_value_component_n_variable_beta_n":0.209376745,"data_set_value_component_n_variable_alpha_n_max":0.0229,"data_set_value_component_n_variable_beta_n_max":0.09616},{"data_set_value_component_environment_variable_time":0.3,"data_set_value_component_parameters_variable_RT":2577.0,"data_set_value_component_membrane_variable_V_m":-70.8118883339,"data_set_value_component_membrane_variable_C_m":0.009,"data_set_value_component_I_stim_variable_I_stim":0.0,"data_set_value_component_I_stim_variable_I_mag":2.0,"data_set_value_component_I_stim_variable_t_0":5.0,"data_set_value_component_I_stim_variable_t_1":6.0,"data_set_value_component_I_stim_variable_H_0":0.0,"data_set_value_component_I_stim_variable_H_1":0.0,"data_set_value_component_I_Na_variable_I_Na":-0.0015590234,"data_set_value_component_I_Na_variable_g_Na":0.45,"data_set_value_component_I_Na_variable_E_Na":50.0,"data_set_value_component_m_variable_m":0.0307851539,"data_set_value_component_m_variable_E_m":-42.0,"data_set_value_component_m_variable_V_alpha_m":10.0,"data_set_value_component_m_variable_V_beta_m":18.0,"data_set_value_component_m_variable_alpha_m":0.3559671882,"data_set_value_component_m_variable_beta_m":10.3140702878,"data_set_value_component_m_variable_alpha_m_max":0.208,"data_set_value_component_m_variable_beta_m_max":2.081,"data_set_value_component_h_variable_h":0.9828935196,"data_set_value_component_h_variable_E_h":-41.0,"data_set_value_component_h_variable_V_alpha_h":14.7,"data_set_value_component_h_variable_V_beta_h":7.6,"data_set_value_component_h_variable_alpha_h":0.0020528956,"data_set_value_component_h_variable_beta_h":0.0656284745,"data_set_value_component_h_variable_alpha_h_max":0.0156,"data_set_value_component_h_variable_beta_h_max":3.382,"data_set_value_component_I_T_variable_I_T":-0.0078981181,"data_set_value_component_I_T_variable_R_s":15.0,"data_set_value_component_I_T_variable_C_t":0.04,"data_set_value_component_V_T_variable_V_T":-70.6934165616,"data_set_value_component_I_KCa_variable_I_KCa":-0.0161752137,"data_set_value_component_I_KCa_variable_g_KCa":0.5,"data_set_value_component_o_variable_o":0.1386006067,"data_set_value_component_o_variable_o_oinf":0.0,"data_set_value_component_o_variable_alpha_Vm":0.0,"data_set_value_component_o_variable_beta_Vm":0.2621843898,"data_set_value_component_o_variable_tau_Vm":3.8141096065,"data_set_value_component_o_variable_d_1":0.84,"data_set_value_component_o_variable_d_2":1.0,"data_set_value_component_o_variable_k_1":0.18,"data_set_value_component_o_variable_k_2":0.011,"data_set_value_component_o_variable_a_bar":0.48,"data_set_value_component_o_variable_b_bar":0.28,"data_set_value_component_w_variable_w":0.2874872516,"data_set_value_component_w_variable_kd":0.18,"data_set_value_component_calcium_handling_variable_c":0.1501197026,"data_set_value_component_calcium_handling_variable_cer":199.9994014869,"data_set_value_component_calcium_handling_variable_j_mem":-0.0,"data_set_value_component_calcium_handling_variable_j_leak":0.0999246409,"data_set_value_component_calcium_handling_variable_j_serca":0.0600478811,"data_set_value_component_calcium_handling_variable_j_er":0.0398767598,"data_set_value_component_calcium_handling_variable_alpha":0.0000045,"data_set_value_component_calcium_handling_variable_k_pmca":0.2,"data_set_value_component_calcium_handling_variable_k_serca":0.4,"data_set_value_component_calcium_handling_variable_p_leak":0.0005,"data_set_value_component_calcium_handling_variable_f_er":0.01,"data_set_value_component_calcium_handling_variable_f_cyt":0.01,"data_set_value_component_calcium_handling_variable_v_cytver":5.0,"data_set_value_component_I_Ca_variable_I_Ca":0.0000036289,"data_set_value_component_I_Ca_variable_g_Ca":-3.5414878454,"data_set_value_component_I_Ca_variable_g_Ca0":0.05,"data_set_value_component_I_Ca_variable_E_Ca":50.0,"data_set_value_component_d_variable_d":0.0000920955,"data_set_value_component_d_variable_alpha_d":0.0003289316,"data_set_value_component_d_variable_beta_d":0.0196414505,"data_set_value_component_d_variable_tau_d":50.0741546905,"data_set_value_component_d_variable_d_infinity":0.0164709712,"data_set_value_component_I_L_variable_I_L":0.010051468,"data_set_value_component_I_L_variable_E_L":-75.0,"data_set_value_component_I_L_variable_g_Lmax":0.0024,"data_set_value_component_I_K_variable_I_K":-0.0,"data_set_value_component_I_K_variable_E_K":-70.0,"data_set_value_component_I_K_variable_g_K":0.415,"data_set_value_component_n_variable_n":0.0022685121,"data_set_value_component_n_variable_E_n":-40.0,"data_set_value_component_n_variable_V_alpha_n":7.0,"data_set_value_component_n_variable_V_beta_n":40.0,"data_set_value_component_n_variable_alpha_n":0.0087554067,"data_set_value_component_n_variable_beta_n":0.2077448573,"data_set_value_component_n_variable_alpha_n_max":0.0229,"data_set_value_component_n_variable_beta_n_max":0.09616},{"data_set_value_component_environment_variable_time":0.4,"data_set_value_component_parameters_variable_RT":2577.0,"data_set_value_component_membrane_variable_V_m":-70.7051372855,"data_set_value_component_membrane_variable_C_m":0.009,"data_set_value_component_I_stim_variable_I_stim":0.0,"data_set_value_component_I_stim_variable_I_mag":2.0,"data_set_value_component_I_stim_variable_t_0":5.0,"data_set_value_component_I_stim_variable_t_1":6.0,"data_set_value_component_I_stim_variable_H_0":0.0,"data_set_value_component_I_stim_variable_H_1":0.0,"data_set_value_component_I_Na_variable_I_Na":-0.001848376,"data_set_value_component_I_Na_variable_g_Na":0.45,"data_set_value_component_I_Na_variable_E_Na":50.0,"data_set_value_component_m_variable_m":0.0326642241,"data_set_value_component_m_variable_E_m":-42.0,"data_set_value_component_m_variable_V_alpha_m":10.0,"data_set_value_component_m_variable_V_beta_m":18.0,"data_set_value_component_m_variable_alpha_m":0.3586831336,"data_set_value_component_m_variable_beta_m":10.2530825464,"data_set_value_component_m_variable_alpha_m_max":0.208,"data_set_value_component_m_variable_beta_m_max":2.081,"data_set_value_component_h_variable_h":0.9764162882,"data_set_value_component_h_variable_E_h":-41.0,"data_set_value_component_h_variable_V_alpha_h":14.7,"data_set_value_component_h_variable_V_beta_h":7.6,"data_set_value_component_h_variable_alpha_h":0.002067858,"data_set_value_component_h_variable_beta_h":0.0665385447,"data_set_value_component_h_variable_alpha_h_max":0.0156,"data_set_value_component_h_variable_beta_h_max":3.382,"data_set_value_component_I_T_variable_I_T":-0.0002237043,"data_set_value_component_I_T_variable_R_s":15.0,"data_set_value_component_I_T_variable_C_t":0.04,"data_set_value_component_V_T_variable_V_T":-70.7017817204,"data_set_value_component_I_KCa_variable_I_KCa":-0.0136979366,"data_set_value_component_I_KCa_variable_g_KCa":0.5,"data_set_value_component_o_variable_o":0.1350150264,"data_set_value_component_o_variable_o_oinf":0.0,"data_set_value_component_o_variable_alpha_Vm":0.0,"data_set_value_component_o_variable_beta_Vm":0.2620461112,"data_set_value_component_o_variable_tau_Vm":3.8161222672,"data_set_value_component_o_variable_d_1":0.84,"data_set_value_component_o_variable_d_2":1.0,"data_set_value_component_o_variable_k_1":0.18,"data_set_value_component_o_variable_k_2":0.011,"data_set_value_component_o_variable_a_bar":0.48,"data_set_value_component_o_variable_b_bar":0.28,"data_set_value_component_w_variable_w":0.2877592965,"data_set_value_component_w_variable_kd":0.18,"data_set_value_component_calcium_handling_variable_c":0.1501595714,"data_set_value_component_calcium_handling_variable_cer":199.9992021432,"data_set_value_component_calcium_handling_variable_j_mem":-0.0,"data_set_value_component_calcium_handling_variable_j_leak":0.0999245213,"data_set_value_component_calcium_handling_variable_j_serca":0.0600638285,"data_set_value_component_calcium_handling_variable_j_er":0.0398606927,"data_set_value_component_calcium_handling_variable_alpha":0.0000045,"data_set_value_component_calcium_handling_variable_k_pmca":0.2,"data_set_value_component_calcium_handling_variable_k_serca":0.4,"data_set_value_component_calcium_handling_variable_p_leak":0.0005,"data_set_value_component_calcium_handling_variable_f_er":0.01,"data_set_value_component_calcium_handling_variable_f_cyt":0.01,"data_set_value_component_calcium_handling_variable_v_cytver":5.0,"data_set_value_component_I_Ca_variable_I_Ca":0.0000066588,"data_set_value_component_I_Ca_variable_g_Ca":-3.5361601609,"data_set_value_component_I_Ca_variable_g_Ca0":0.05,"data_set_value_component_I_Ca_variable_E_Ca":50.0,"data_set_value_component_d_variable_d":0.000124902,"data_set_value_component_d_variable_alpha_d":0.0003311468,"data_set_value_component_d_variable_beta_d":0.019587804,"data_set_value_component_d_variable_tau_d":50.2034475402,"data_set_value_component_d_variable_d_infinity":0.0166247107,"data_set_value_component_I_L_variable_I_L":0.0103076705,"data_set_value_component_I_L_variable_E_L":-75.0,"data_set_value_component_I_L_variable_g_Lmax":0.0024,"data_set_value_component_I_K_variable_I_K":-0.0,"data_set_value_component_I_K_variable_E_K":-70.0,"data_set_value_component_I_K_variable_g_K":0.415,"data_set_value_component_n_variable_n":0.0030922489,"data_set_value_component_n_variable_E_n":-40.0,"data_set_value_component_n_variable_V_alpha_n":7.0,"data_set_value_component_n_variable_V_beta_n":40.0,"data_set_value_component_n_variable_alpha_n":0.0088608407,"data_set_value_component_n_variable_beta_n":0.2071911719,"data_set_value_component_n_variable_alpha_n_max":0.0229,"data_set_value_component_n_variable_beta_n_max":0.09616},{"data_set_value_component_environment_variable_time":0.5,"data_set_value_component_parameters_variable_RT":2577.0,"data_set_value_component_membrane_variable_V_m":-70.6667289231,"data_set_value_component_membrane_variable_C_m":0.009,"data_set_value_component_I_stim_variable_I_stim":0.0,"data_set_value_component_I_stim_variable_I_mag":2.0,"data_set_value_component_I_stim_variable_t_0":5.0,"data_set_value_component_I_stim_variable_t_1":6.0,"data_set_value_component_I_stim_variable_H_0":0.0,"data_set_value_component_I_stim_variable_H_1":0.0,"data_set_value_component_I_Na_variable_I_Na":-0.001975772,"data_set_value_component_I_Na_variable_g_Na":0.45,"data_set_value_component_I_Na_variable_E_Na":50.0,"data_set_value_component_m_variable_m":0.0334759139,"data_set_value_component_m_variable_E_m":-42.0,"data_set_value_component_m_variable_V_alpha_m":10.0,"data_set_value_component_m_variable_V_beta_m":18.0,"data_set_value_component_m_variable_alpha_m":0.3596647967,"data_set_value_component_m_variable_beta_m":10.2312278653,"data_set_value_component_m_variable_alpha_m_max":0.208,"data_set_value_component_m_variable_beta_m_max":2.081,"data_set_value_component_h_variable_h":0.9699278673,"data_set_value_component_h_variable_E_h":-41.0,"data_set_value_component_h_variable_V_alpha_h":14.7,"data_set_value_component_h_variable_V_beta_h":7.6,"data_set_value_component_h_variable_alpha_h":0.002073268,"data_set_value_component_h_variable_beta_h":0.0668689983,"data_set_value_component_h_variable_alpha_h_max":0.0156,"data_set_value_component_h_variable_beta_h_max":3.382,"data_set_value_component_I_T_variable_I_T":0.0021376445,"data_set_value_component_I_T_variable_R_s":15.0,"data_set_value_component_I_T_variable_C_t":0.04,"data_set_value_component_V_T_variable_V_T":-70.6987935901,"data_set_value_component_I_KCa_variable_I_KCa":-0.0126287948,"data_set_value_component_I_KCa_variable_g_KCa":0.5,"data_set_value_component_o_variable_o":0.1315233627,"data_set_value_component_o_variable_o_oinf":0.0,"data_set_value_component_o_variable_alpha_Vm":0.0,"data_set_value_component_o_variable_beta_Vm":0.2619932542,"data_set_value_component_o_variable_tau_Vm":3.8168921684,"data_set_value_component_o_variable_d_1":0.84,"data_set_value_component_o_variable_d_2":1.0,"data_set_value_component_o_variable_k_1":0.18,"data_set_value_component_o_variable_k_2":0.011,"data_set_value_component_o_variable_a_bar":0.48,"data_set_value_component_o_variable_b_bar":0.28,"data_set_value_component_w_variable_w":0.2880313129,"data_set_value_component_w_variable_kd":0.18,"data_set_value_component_calcium_handling_variable_c":0.150199424,"data_set_value_component_calcium_handling_variable_cer":199.9990028799,"data_set_value_component_calcium_handling_variable_j_mem":-0.0,"data_set_value_component_calcium_handling_variable_j_leak":0.0999244017,"data_set_value_component_calcium_handling_variable_j_serca":0.0600797696,"data_set_value_component_calcium_handling_variable_j_er":0.0398446321,"data_set_value_component_calcium_handling_variable_alpha":0.0000045,"data_set_value_component_calcium_handling_variable_k_pmca":0.2,"data_set_value_component_calcium_handling_variable_k_serca":0.4,"data_set_value_component_calcium_handling_variable_p_leak":0.0005,"data_set_value_component_calcium_handling_variable_f_er":0.01,"data_set_value_component_calcium_handling_variable_f_cyt":0.01,"data_set_value_component_calcium_handling_variable_v_cytver":5.0,"data_set_value_component_I_Ca_variable_I_Ca":0.0000106169,"data_set_value_component_I_Ca_variable_g_Ca":-3.5342433192,"data_set_value_component_I_Ca_variable_g_Ca0":0.05,"data_set_value_component_I_Ca_variable_E_Ca":50.0,"data_set_value_component_d_variable_d":0.0001577818,"data_set_value_component_d_variable_alpha_d":0.0003319477,"data_set_value_component_d_variable_beta_d":0.0195685518,"data_set_value_component_d_variable_tau_d":50.2499949662,"data_set_value_component_d_variable_d_infinity":0.0166803695,"data_set_value_component_I_L_variable_I_L":0.0103998506,"data_set_value_component_I_L_variable_E_L":-75.0,"data_set_value_component_I_L_variable_g_Lmax":0.0024,"data_set_value_component_I_K_variable_I_K":-0.0000000001,"data_set_value_component_I_K_variable_E_K":-70.0,"data_set_value_component_I_K_variable_g_K":0.415,"data_set_value_component_n_variable_n":0.0039049716,"data_set_value_component_n_variable_E_n":-40.0,"data_set_value_component_n_variable_V_alpha_n":7.0,"data_set_value_component_n_variable_V_beta_n":40.0,"data_set_value_component_n_variable_alpha_n":0.0088990651,"data_set_value_component_n_variable_beta_n":0.2069923206,"data_set_value_component_n_variable_alpha_n_max":0.0229,"data_set_value_component_n_variable_beta_n_max":0.09616},{"data_set_value_component_environment_variable_time":0.6,"data_set_value_component_parameters_variable_RT":2577.0,"data_set_value_component_membrane_variable_V_m":-70.6515894303,"data_set_value_component_membrane_variable_C_m":0.009,"data_set_value_component_I_stim_variable_I_stim":0.0,"data_set_value_component_I_stim_variable_I_mag":2.0,"data_set_value_component_I_stim_variable_t_0":5.0,"data_set_value_component_I_stim_variable_t_1":6.0,"data_set_value_component_I_stim_variable_H_0":0.0,"data_set_value_component_I_stim_variable_H_1":0.0,"data_set_value_component_I_Na_variable_I_Na":-0.0020232421,"data_set_value_component_I_Na_variable_g_Na":0.45,"data_set_value_component_I_Na_variable_E_Na":50.0,"data_set_value_component_m_variable_m":0.0338186051,"data_set_value_component_m_variable_E_m":-42.0,"data_set_value_component_m_variable_V_alpha_m":10.0,"data_set_value_component_m_variable_V_beta_m":18.0,"data_set_value_component_m_variable_alpha_m":0.3600523942,"data_set_value_component_m_variable_beta_m":10.2226261721,"data_set_value_component_m_variable_alpha_m_max":0.208,"data_set_value_component_m_variable_beta_m_max":2.081,"data_set_value_component_h_variable_h":0.9634633708,"data_set_value_component_h_variable_E_h":-41.0,"data_set_value_component_h_variable_V_alpha_h":14.7,"data_set_value_component_h_variable_V_beta_h":7.6,"data_set_value_component_h_variable_alpha_h":0.0020754043,"data_set_value_component_h_variable_beta_h":0.0669996952,"data_set_value_component_h_variable_alpha_h_max":0.0156,"data_set_value_component_h_variable_beta_h_max":3.382,"data_set_value_component_I_T_variable_I_T":0.0027276113,"data_set_value_component_I_T_variable_R_s":15.0,"data_set_value_component_I_T_variable_C_t":0.04,"data_set_value_component_V_T_variable_V_T":-70.6925036004,"data_set_value_component_I_KCa_variable_I_KCa":-0.0120342465,"data_set_value_component_I_KCa_variable_g_KCa":0.5,"data_set_value_component_o_variable_o":0.128122456,"data_set_value_component_o_variable_o_oinf":0.0,"data_set_value_component_o_variable_alpha_Vm":0.0,"data_set_value_component_o_variable_beta_Vm":0.2619696708,"data_set_value_component_o_variable_tau_Vm":3.8172357778,"data_set_value_component_o_variable_d_1":0.84,"data_set_value_component_o_variable_d_2":1.0,"data_set_value_component_o_variable_k_1":0.18,"data_set_value_component_o_variable_k_2":0.011,"data_set_value_component_o_variable_a_bar":0.48,"data_set_value_component_o_variable_b_bar":0.28,"data_set_value_component_w_variable_w":0.2883033005,"data_set_value_component_w_variable_kd":0.18,"data_set_value_component_calcium_handling_variable_c":0.1502392606,"data_set_value_component_calcium_handling_variable_cer":199.9988036969,"data_set_value_component_calcium_handling_variable_j_mem":-0.0,"data_set_value_component_calcium_handling_variable_j_leak":0.0999242822,"data_set_value_component_calcium_handling_variable_j_serca":0.0600957042,"data_set_value_component_calcium_handling_variable_j_er":0.039828578,"data_set_value_component_calcium_handling_variable_alpha":0.0000045,"data_set_value_component_calcium_handling_variable_k_pmca":0.2,"data_set_value_component_calcium_handling_variable_k_serca":0.4,"data_set_value_component_calcium_handling_variable_p_leak":0.0005,"data_set_value_component_calcium_handling_variable_f_er":0.01,"data_set_value_component_calcium_handling_variable_f_cyt":0.01,"data_set_value_component_calcium_handling_variable_v_cytver":5.0,"data_set_value_component_I_Ca_variable_I_Ca":0.0000154953,"data_set_value_component_I_Ca_variable_g_Ca":-3.5334877582,"data_set_value_component_I_Ca_variable_g_Ca0":0.05,"data_set_value_component_I_Ca_variable_E_Ca":50.0,"data_set_value_component_d_variable_d":0.000190648,"data_set_value_component_d_variable_alpha_d":0.0003322639,"data_set_value_component_d_variable_beta_d":0.0195609704,"data_set_value_component_d_variable_tau_d":50.2683467818,"data_set_value_component_d_variable_d_infinity":0.016702359,"data_set_value_component_I_L_variable_I_L":0.0104361854,"data_set_value_component_I_L_variable_E_L":-75.0,"data_set_value_component_I_L_variable_g_Lmax":0.0024,"data_set_value_component_I_K_variable_I_K":-0.0000000001,"data_set_value_component_I_K_variable_E_K":-70.0,"data_set_value_component_I_K_variable_g_K":0.415,"data_set_value_component_n_variable_n":0.0047028137,"data_set_value_component_n_variable_E_n":-40.0,"data_set_value_component_n_variable_V_alpha_n":7.0,"data_set_value_component_n_variable_V_beta_n":40.0,"data_set_value_component_n_variable_alpha_n":0.0089141745,"data_set_value_component_n_variable_beta_n":0.2069139914,"data_set_value_component_n_variable_alpha_n_max":0.0229,"data_set_value_component_n_variable_beta_n_max":0.09616},{"data_set_value_component_environment_variable_time":0.7,"data_set_value_component_parameters_variable_RT":2577.0,"data_set_value_component_membrane_variable_V_m":-70.6446539516,"data_set_value_component_membrane_variable_C_m":0.009,"data_set_value_component_I_stim_variable_I_stim":0.0,"data_set_value_component_I_stim_variable_I_mag":2.0,"data_set_value_component_I_stim_variable_t_0":5.0,"data_set_value_component_I_stim_variable_t_1":6.0,"data_set_value_component_I_stim_variable_H_0":0.0,"data_set_value_component_I_stim_variable_H_1":0.0,"data_set_value_component_I_Na_variable_I_Na":-0.0020356516,"data_set_value_component_I_Na_variable_g_Na":0.45,"data_set_value_component_I_Na_variable_E_Na":50.0,"data_set_value_component_m_variable_m":0.0339639645,"data_set_value_component_m_variable_E_m":-42.0,"data_set_value_component_m_variable_V_alpha_m":10.0,"data_set_value_component_m_variable_V_beta_m":18.0,"data_set_value_component_m_variable_alpha_m":0.3602300781,"data_set_value_component_m_variable_beta_m":10.2186881082,"data_set_value_component_m_variable_alpha_m_max":0.208,"data_set_value_component_m_variable_beta_m_max":2.081,"data_set_value_component_h_variable_h":0.9570347918,"data_set_value_component_h_variable_E_h":-41.0,"data_set_value_component_h_variable_V_alpha_h":14.7,"data_set_value_component_h_variable_V_beta_h":7.6,"data_set_value_component_h_variable_alpha_h":0.0020763837,"data_set_value_component_h_variable_beta_h":0.0670596516,"data_set_value_component_h_variable_alpha_h_max":0.0156,"data_set_value_component_h_variable_beta_h_max":3.382,"data_set_value_component_I_T_variable_I_T":0.0027305744,"data_set_value_component_I_T_variable_R_s":15.0,"data_set_value_component_I_T_variable_C_t":0.04,"data_set_value_component_V_T_variable_V_T":-70.685612567,"data_set_value_component_I_KCa_variable_I_KCa":-0.0116092487,"data_set_value_component_I_KCa_variable_g_KCa":0.5,"data_set_value_component_o_variable_o":0.1248097079,"data_set_value_component_o_variable_o_oinf":0.0,"data_set_value_component_o_variable_alpha_Vm":0.0,"data_set_value_component_o_variable_beta_Vm":0.2619564348,"data_set_value_component_o_variable_tau_Vm":3.8174286529,"data_set_value_component_o_variable_d_1":0.84,"data_set_value_component_o_variable_d_2":1.0,"data_set_value_component_o_variable_k_1":0.18,"data_set_value_component_o_variable_k_2":0.011,"data_set_value_component_o_variable_a_bar":0.48,"data_set_value_component_o_variable_b_bar":0.28,"data_set_value_component_w_variable_w":0.288575259,"data_set_value_component_w_variable_kd":0.18,"data_set_value_component_calcium_handling_variable_c":0.1502790812,"data_set_value_component_calcium_handling_variable_cer":199.9986045941,"data_set_value_component_calcium_handling_variable_j_mem":-0.0,"data_set_value_component_calcium_handling_variable_j_leak":0.0999241628,"data_set_value_component_calcium_handling_variable_j_serca":0.0601116325,"data_set_value_component_calcium_handling_variable_j_er":0.0398125303,"data_set_value_component_calcium_handling_variable_alpha":0.0000045,"data_set_value_component_calcium_handling_variable_k_pmca":0.2,"data_set_value_component_calcium_handling_variable_k_serca":0.4,"data_set_value_component_calcium_handling_variable_p_leak":0.0005,"data_set_value_component_calcium_handling_variable_f_er":0.01,"data_set_value_component_calcium_handling_variable_f_cyt":0.01,"data_set_value_component_calcium_handling_variable_v_cytver":5.0,"data_set_value_component_I_Ca_variable_I_Ca":0.0000212868,"data_set_value_component_I_Ca_variable_g_Ca":-3.5331416325,"data_set_value_component_I_Ca_variable_g_Ca0":0.05,"data_set_value_component_I_Ca_variable_E_Ca":50.0,"data_set_value_component_d_variable_d":0.0002234707,"data_set_value_component_d_variable_alpha_d":0.0003324089,"data_set_value_component_d_variable_beta_d":0.0195574986,"data_set_value_component_d_variable_tau_d":50.2767546202,"data_set_value_component_d_variable_d_infinity":0.016712442,"data_set_value_component_I_L_variable_I_L":0.0104528305,"data_set_value_component_I_L_variable_E_L":-75.0,"data_set_value_component_I_L_variable_g_Lmax":0.0024,"data_set_value_component_I_K_variable_I_K":-0.0000000002,"data_set_value_component_I_K_variable_E_K":-70.0,"data_set_value_component_I_K_variable_g_K":0.415,"data_set_value_component_n_variable_n":0.0054846605,"data_set_value_component_n_variable_E_n":-40.0,"data_set_value_component_n_variable_V_alpha_n":7.0,"data_set_value_component_n_variable_V_beta_n":40.0,"data_set_value_component_n_variable_alpha_n":0.0089211042,"data_set_value_component_n_variable_beta_n":0.2068781183,"data_set_value_component_n_variable_alpha_n_max":0.0229,"data_set_value_component_n_variable_beta_n_max":0.09616},{"data_set_value_component_environment_variable_time":0.8,"data_set_value_component_parameters_variable_RT":2577.0,"data_set_value_component_membrane_variable_V_m":-70.6409445382,"data_set_value_component_membrane_variable_C_m":0.009,"data_set_value_component_I_stim_variable_I_stim":0.0,"data_set_value_component_I_stim_variable_I_mag":2.0,"data_set_value_component_I_stim_variable_t_0":5.0,"data_set_value_component_I_stim_variable_t_1":6.0,"data_set_value_component_I_stim_variable_H_0":0.0,"data_set_value_component_I_stim_variable_H_1":0.0,"data_set_value_component_I_Na_variable_I_Na":-0.0020333266,"data_set_value_component_I_Na_variable_g_Na":0.45,"data_set_value_component_I_Na_variable_E_Na":50.0,"data_set_value_component_m_variable_m":0.0340272605,"data_set_value_component_m_variable_E_m":-42.0,"data_set_value_component_m_variable_V_alpha_m":10.0,"data_set_value_component_m_variable_V_beta_m":18.0,"data_set_value_component_m_variable_alpha_m":0.3603251435,"data_set_value_component_m_variable_beta_m":10.2165824731,"data_set_value_component_m_variable_alpha_m_max":0.208,"data_set_value_component_m_variable_beta_m_max":2.081,"data_set_value_component_h_variable_h":0.9506462757,"data_set_value_component_h_variable_E_h":-41.0,"data_set_value_component_h_variable_V_alpha_h":14.7,"data_set_value_component_h_variable_V_beta_h":7.6,"data_set_value_component_h_variable_alpha_h":0.0020769078,"data_set_value_component_h_variable_beta_h":0.0670917407,"data_set_value_component_h_variable_alpha_h_max":0.0156,"data_set_value_component_h_variable_beta_h_max":3.382,"data_set_value_component_I_T_variable_I_T":0.0025368459,"data_set_value_component_I_T_variable_R_s":15.0,"data_set_value_component_I_T_variable_C_t":0.04,"data_set_value_component_V_T_variable_V_T":-70.6789972274,"data_set_value_component_I_KCa_variable_I_KCa":-0.0112546127,"data_set_value_component_I_KCa_variable_g_KCa":0.5,"data_set_value_component_o_variable_o":0.1215827478,"data_set_value_component_o_variable_o_oinf":0.0,"data_set_value_component_o_variable_alpha_Vm":0.0,"data_set_value_component_o_variable_beta_Vm":0.2619472731,"data_set_value_component_o_variable_tau_Vm":3.8175621694,"data_set_value_component_o_variable_d_1":0.84,"data_set_value_component_o_variable_d_2":1.0,"data_set_value_component_o_variable_k_1":0.18,"data_set_value_component_o_variable_k_2":0.011,"data_set_value_component_o_variable_a_bar":0.48,"data_set_value_component_o_variable_b_bar":0.28,"data_set_value_component_w_variable_w":0.2888471882,"data_set_value_component_w_variable_kd":0.18,"data_set_value_component_calcium_handling_variable_c":0.1503188857,"data_set_value_component_calcium_handling_variable_cer":199.9984055716,"data_set_value_component_calcium_handling_variable_j_mem":-0.0,"data_set_value_component_calcium_handling_variable_j_leak":0.0999240433,"data_set_value_component_calcium_handling_variable_j_serca":0.0601275543,"data_set_value_component_calcium_handling_variable_j_er":0.0397964891,"data_set_value_component_calcium_handling_variable_alpha":0.0000045,"data_set_value_component_calcium_handling_variable_k_pmca":0.2,"data_set_value_component_calcium_handling_variable_k_serca":0.4,"data_set_value_component_calcium_handling_variable_p_leak":0.0005,"data_set_value_component_calcium_handling_variable_f_er":0.01,"data_set_value_component_calcium_handling_variable_f_cyt":0.01,"data_set_value_component_calcium_handling_variable_v_cytver":5.0,"data_set_value_component_I_Ca_variable_I_Ca":0.0000279848,"data_set_value_component_I_Ca_variable_g_Ca":-3.5329565088,"data_set_value_component_I_Ca_variable_g_Ca0":0.05,"data_set_value_component_I_Ca_variable_E_Ca":50.0,"data_set_value_component_d_variable_d":0.0002562388,"data_set_value_component_d_variable_alpha_d":0.0003324865,"data_set_value_component_d_variable_beta_d":0.0195556421,"data_set_value_component_d_variable_tau_d":50.2812517196,"data_set_value_component_d_variable_d_infinity":0.0167178373,"data_set_value_component_I_L_variable_I_L":0.0104617331,"data_set_value_component_I_L_variable_E_L":-75.0,"data_set_value_component_I_L_variable_g_Lmax":0.0024,"data_set_value_component_I_K_variable_I_K":-0.0000000004,"data_set_value_component_I_K_variable_E_K":-70.0,"data_set_value_component_I_K_variable_g_K":0.415,"data_set_value_component_n_variable_n":0.0062503335,"data_set_value_component_n_variable_E_n":-40.0,"data_set_value_component_n_variable_V_alpha_n":7.0,"data_set_value_component_n_variable_V_beta_n":40.0,"data_set_value_component_n_variable_alpha_n":0.0089248126,"data_set_value_component_n_variable_beta_n":0.2068589343,"data_set_value_component_n_variable_alpha_n_max":0.0229,"data_set_value_component_n_variable_beta_n_max":0.09616},{"data_set_value_component_environment_variable_time":0.9,"data_set_value_component_parameters_variable_RT":2577.0,"data_set_value_component_membrane_variable_V_m":-70.6386185504,"data_set_value_component_membrane_variable_C_m":0.009,"data_set_value_component_I_stim_variable_I_stim":0.0,"data_set_value_component_I_stim_variable_I_mag":2.0,"data_set_value_component_I_stim_variable_t_0":5.0,"data_set_value_component_I_stim_variable_t_1":6.0,"data_set_value_component_I_stim_variable_H_0":0.0,"data_set_value_component_I_stim_variable_H_1":0.0,"data_set_value_component_I_Na_variable_I_Na":-0.0020250425,"data_set_value_component_I_Na_variable_g_Na":0.45,"data_set_value_component_I_Na_variable_E_Na":50.0,"data_set_value_component_m_variable_m":0.0340571667,"data_set_value_component_m_variable_E_m":-42.0,"data_set_value_component_m_variable_V_alpha_m":10.0,"data_set_value_component_m_variable_V_beta_m":18.0,"data_set_value_component_m_variable_alpha_m":0.3603847656,"data_set_value_component_m_variable_beta_m":10.2152623558,"data_set_value_component_m_variable_alpha_m_max":0.208,"data_set_value_component_m_variable_beta_m_max":2.081,"data_set_value_component_h_variable_h":0.9442994236,"data_set_value_component_h_variable_E_h":-41.0,"data_set_value_component_h_variable_V_alpha_h":14.7,"data_set_value_component_h_variable_V_beta_h":7.6,"data_set_value_component_h_variable_alpha_h":0.0020772364,"data_set_value_component_h_variable_beta_h":0.0671118698,"data_set_value_component_h_variable_alpha_h_max":0.0156,"data_set_value_component_h_variable_beta_h_max":3.382,"data_set_value_component_I_T_variable_I_T":0.0022892931,"data_set_value_component_I_T_variable_R_s":15.0,"data_set_value_component_I_T_variable_C_t":0.04,"data_set_value_component_V_T_variable_V_T":-70.6729579473,"data_set_value_component_I_KCa_variable_I_KCa":-0.010934129,"data_set_value_component_I_KCa_variable_g_KCa":0.5,"data_set_value_component_o_variable_o":0.1184393172,"data_set_value_component_o_variable_o_oinf":0.0,"data_set_value_component_o_variable_alpha_Vm":0.0,"data_set_value_component_o_variable_beta_Vm":0.2619398603,"data_set_value_component_o_variable_tau_Vm":3.8176702046,"data_set_value_component_o_variable_d_1":0.84,"data_set_value_component_o_variable_d_2":1.0,"data_set_value_component_o_variable_k_1":0.18,"data_set_value_component_o_variable_k_2":0.011,"data_set_value_component_o_variable_a_bar":0.48,"data_set_value_component_o_variable_b_bar":0.28,"data_set_value_component_w_variable_w":0.2891190879,"data_set_value_component_w_variable_kd":0.18,"data_set_value_component_calcium_handling_variable_c":0.1503586742,"data_set_value_component_calcium_handling_variable_cer":199.9982066292,"data_set_value_component_calcium_handling_variable_j_mem":-0.0,"data_set_value_component_calcium_handling_variable_j_leak":0.099923924,"data_set_value_component_calcium_handling_variable_j_serca":0.0601434697,"data_set_value_component_calcium_handling_variable_j_er":0.0397804543,"data_set_value_component_calcium_handling_variable_alpha":0.0000045,"data_set_value_component_calcium_handling_variable_k_pmca":0.2,"data_set_value_component_calcium_handling_variable_k_serca":0.4,"data_set_value_component_calcium_handling_variable_p_leak":0.0005,"data_set_value_component_calcium_handling_variable_f_er":0.01,"data_set_value_component_calcium_handling_variable_f_cyt":0.01,"data_set_value_component_calcium_handling_variable_v_cytver":5.0,"data_set_value_component_I_Ca_variable_I_Ca":0.0000355836,"data_set_value_component_I_Ca_variable_g_Ca":-3.532840427,"data_set_value_component_I_Ca_variable_g_Ca0":0.05,"data_set_value_component_I_Ca_variable_E_Ca":50.0,"data_set_value_component_d_variable_d":0.000288948,"data_set_value_component_d_variable_alpha_d":0.0003325351,"data_set_value_component_d_variable_beta_d":0.0195544781,"data_set_value_component_d_variable_tau_d":50.2840716973,"data_set_value_component_d_variable_d_infinity":0.0167212213,"data_set_value_component_I_L_variable_I_L":0.0104673155,"data_set_value_component_I_L_variable_E_L":-75.0,"data_set_value_component_I_L_variable_g_Lmax":0.0024,"data_set_value_component_I_K_variable_I_K":-0.0000000006,"data_set_value_component_I_K_variable_E_K":-70.0,"data_set_value_component_I_K_variable_g_K":0.415,"data_set_value_component_n_variable_n":0.006999955,"data_set_value_component_n_variable_E_n":-40.0,"data_set_value_component_n_variable_V_alpha_n":7.0,"data_set_value_component_n_variable_V_beta_n":40.0,"data_set_value_component_n_variable_alpha_n":0.0089271387,"data_set_value_component_n_variable_beta_n":0.2068469059,"data_set_value_component_n_variable_alpha_n_max":0.0229,"data_set_value_component_n_variable_beta_n_max":0.09616},{"data_set_value_component_environment_variable_time":1.0,"data_set_value_component_parameters_variable_RT":2577.0,"data_set_value_component_membrane_variable_V_m":-70.6371258968,"data_set_value_component_membrane_variable_C_m":0.009,"data_set_value_component_I_stim_variable_I_stim":0.0,"data_set_value_component_I_stim_variable_I_mag":2.0,"data_set_value_component_I_stim_variable_t_0":5.0,"data_set_value_component_I_stim_variable_t_1":6.0,"data_set_value_component_I_stim_variable_H_0":0.0,"data_set_value_component_I_stim_variable_H_1":0.0,"data_set_value_component_I_Na_variable_I_Na":-0.0020142158,"data_set_value_component_I_Na_variable_g_Na":0.45,"data_set_value_component_I_Na_variable_E_Na":50.0,"data_set_value_component_m_variable_m":0.0340725019,"data_set_value_component_m_variable_E_m":-42.0,"data_set_value_component_m_variable_V_alpha_m":10.0,"data_set_value_component_m_variable_V_beta_m":18.0,"data_set_value_component_m_variable_alpha_m":0.3604230315,"data_set_value_component_m_variable_beta_m":10.2144152882,"data_set_value_component_m_variable_alpha_m_max":0.208,"data_set_value_component_m_variable_beta_m_max":2.081,"data_set_value_component_h_variable_h":0.9379947986,"data_set_value_component_h_variable_E_h":-41.0,"data_set_value_component_h_variable_V_alpha_h":14.7,"data_set_value_component_h_variable_V_beta_h":7.6,"data_set_value_component_h_variable_alpha_h":0.0020774473,"data_set_value_component_h_variable_beta_h":0.0671247903,"data_set_value_component_h_variable_alpha_h_max":0.0156,"data_set_value_component_h_variable_beta_h_max":3.382,"data_set_value_component_I_T_variable_I_T":0.0020288185,"data_set_value_component_I_T_variable_R_s":15.0,"data_set_value_component_I_T_variable_C_t":0.04,"data_set_value_component_V_T_variable_V_T":-70.6675581744,"data_set_value_component_I_KCa_variable_I_KCa":-0.0106365394,"data_set_value_component_I_KCa_variable_g_KCa":0.5,"data_set_value_component_o_variable_o":0.1153772367,"data_set_value_component_o_variable_o_oinf":0.0,"data_set_value_component_o_variable_alpha_Vm":0.0,"data_set_value_component_o_variable_beta_Vm":0.2619335023,"data_set_value_component_o_variable_tau_Vm":3.8177628715,"data_set_value_component_o_variable_d_1":0.84,"data_set_value_component_o_variable_d_2":1.0,"data_set_value_component_o_variable_k_1":0.18,"data_set_value_component_o_variable_k_2":0.011,"data_set_value_component_o_variable_a_bar":0.48,"data_set_value_component_o_variable_b_bar":0.28,"data_set_value_component_w_variable_w":0.2893909577,"data_set_value_component_w_variable_kd":0.18,"data_set_value_component_calcium_handling_variable_c":0.1503984466,"data_set_value_component_calcium_handling_variable_cer":199.998007767,"data_set_value_component_calcium_handling_variable_j_mem":-0.0,"data_set_value_component_calcium_handling_variable_j_leak":0.0999238047,"data_set_value_component_calcium_handling_variable_j_serca":0.0601593786,"data_set_value_component_calcium_handling_variable_j_er":0.039764426,"data_set_value_component_calcium_handling_variable_alpha":0.0000045,"data_set_value_component_calcium_handling_variable_k_pmca":0.2,"data_set_value_component_calcium_handling_variable_k_serca":0.4,"data_set_value_component_calcium_handling_variable_p_leak":0.0005,"data_set_value_component_calcium_handling_variable_f_er":0.01,"data_set_value_component_calcium_handling_variable_f_cyt":0.01,"data_set_value_component_calcium_handling_variable_v_cytver":5.0,"data_set_value_component_I_Ca_variable_I_Ca":0.0000440775,"data_set_value_component_I_Ca_variable_g_Ca":-3.532765934,"data_set_value_component_I_Ca_variable_g_Ca0":0.05,"data_set_value_component_I_Ca_variable_E_Ca":50.0,"data_set_value_component_d_variable_d":0.0003215961,"data_set_value_component_d_variable_alpha_d":0.0003325664,"data_set_value_component_d_variable_beta_d":0.0195537312,"data_set_value_component_d_variable_tau_d":50.2858813874,"data_set_value_component_d_variable_d_infinity":0.0167233933,"data_set_value_component_I_L_variable_I_L":0.0104708978,"data_set_value_component_I_L_variable_E_L":-75.0,"data_set_value_component_I_L_variable_g_Lmax":0.0024,"data_set_value_component_I_K_variable_I_K":-0.0000000009,"data_set_value_component_I_K_variable_E_K":-70.0,"data_set_value_component_I_K_variable_g_K":0.415,"data_set_value_component_n_variable_n":0.0077337666,"data_set_value_component_n_variable_E_n":-40.0,"data_set_value_component_n_variable_V_alpha_n":7.0,"data_set_value_component_n_variable_V_beta_n":40.0,"data_set_value_component_n_variable_alpha_n":0.0089286317,"data_set_value_component_n_variable_beta_n":0.2068391873,"data_set_value_component_n_variable_alpha_n_max":0.0229,"data_set_value_component_n_variable_beta_n_max":0.09616}]