[{"data_generator_V":-70.0,"data_generator_Y":0.000025},{"data_generator_V":-69.565559,"data_generator_Y":0.0000067019},{"data_generator_V":-69.565559,"data_generator_Y":0.0000067019},{"data_generator_V":-69.565559,"data_generator_Y":0.0000067019},{"data_generator_V":-69.565559,"data_generator_Y":0.0000067019},{"data_generator_V":-69.565559,"data_generator_Y":0.0000067019},{"data_generator_V":-69.565559,"data_generator_Y":0.0000067019},{"data_generator_V":-69.565559,"data_generator_Y":0.0000067019},{"data_generator_V":-69.565559,"data_generator_Y":0.0000067019},{"data_generator_V":-69.565559,"data_generator_Y":0.0000067019},{"data_generator_V":-69.565559,"data_generator_Y":0.0000067019},{"data_generator_V":-69.565559,"data_generator_Y":0.0000067019},{"data_generator_V":-69.565559,"data_generator_Y":0.0000067019},{"data_generator_V":-69.565559,"data_generator_Y":0.0000067019},{"data_generator_V":-69.565559,"data_generator_Y":0.0000067019},{"data_generator_V":-69.565559,"data_generator_Y":0.0000067019},{"data_generator_V":-69.565559,"data_generator_Y":0.0000067019},{"data_generator_V":-69.565559,"data_generator_Y":0.0000067019},{"data_generator_V":-69.565559,"data_generator_Y":0.0000067019},{"data_generator_V":-69.565559,"data_generator_Y":0.0000067019},{"data_generator_V":-69.565559,"data_generator_Y":0.0000067019},{"data_generator_V":-69.565559,"data_generator_Y":0.0000067019},{"data_generator_V":-69.565559,"data_generator_Y":0.0000067019},{"data_generator_V":-69.565559,"data_generator_Y":0.0000067019},{"data_generator_V":-69.565559,"data_generator_Y":0.0000067019},{"data_generator_V":-69.565559,"data_generator_Y":0.0000067019},{"data_generator_V":-69.565559,"data_generator_Y":0.0000067019},{"data_generator_V":-69.565559,"data_generator_Y":0.0000067019},{"data_generator_V":-69.565559,"data_generator_Y":0.0000067019},{"data_generator_V":-69.565559,"data_generator_Y":0.0000067019},{"data_generator_V":-69.565559,"data_generator_Y":0.0000067019},{"data_generator_V":-69.565559,"data_generator_Y":0.0000067019},{"data_generator_V":-69.565559,"data_generator_Y":0.0000067019},{"data_generator_V":-69.565559,"data_generator_Y":0.0000067019},{"data_generator_V":-69.565559,"data_generator_Y":0.0000067019},{"data_generator_V":-69.565559,"data_generator_Y":0.0000067019},{"data_generator_V":-69.565559,"data_generator_Y":0.0000067019},{"data_generator_V":-69.565559,"data_generator_Y":0.0000067019},{"data_generator_V":-69.565559,"data_generator_Y":0.0000067019},{"data_generator_V":-69.565559,"data_generator_Y":0.0000067019},{"data_generator_V":-69.565559,"data_generator_Y":0.0000067019},{"data_generator_V":-69.565559,"data_generator_Y":0.0000067019},{"data_generator_V":-69.565559,"data_generator_Y":0.0000067019},{"data_generator_V":-69.565559,"data_generator_Y":0.0000067019},{"data_generator_V":-69.565559,"data_generator_Y":0.0000067019},{"data_generator_V":-69.565559,"data_generator_Y":0.0000067019},{"data_generator_V":-69.565559,"data_generator_Y":0.0000067019},{"data_generator_V":-69.565559,"data_generator_Y":0.0000067019},{"data_generator_V":-69.565559,"data_generator_Y":0.0000067019},{"data_generator_V":-69.565559,"data_generator_Y":0.0000067019},{"data_generator_V":-69.565559,"data_generator_Y":0.0000067019},{"data_generator_V":-69.565559,"data_generator_Y":0.0000067019},{"data_generator_V":-69.565559,"data_generator_Y":0.0000067019},{"data_generator_V":-69.565559,"data_generator_Y":0.0000067019},{"data_generator_V":-69.565559,"data_generator_Y":0.0000067019},{"data_generator_V":-69.565559,"data_generator_Y":0.0000067019},{"data_generator_V":-69.565559,"data_generator_Y":0.0000067019},{"data_generator_V":-69.565559,"data_generator_Y":0.0000067019},{"data_generator_V":-69.565559,"data_generator_Y":0.0000067019},{"data_generator_V":-69.565559,"data_generator_Y":0.0000067019},{"data_generator_V":-69.565559,"data_generator_Y":0.0000067019},{"data_generator_V":-69.565559,"data_generator_Y":0.0000067019},{"data_generator_V":-69.565559,"data_generator_Y":0.0000067019},{"data_generator_V":-69.565559,"data_generator_Y":0.0000067019},{"data_generator_V":-69.565559,"data_generator_Y":0.0000067019},{"data_generator_V":-69.565559,"data_generator_Y":0.0000067019},{"data_generator_V":-69.565559,"data_generator_Y":0.0000067019},{"data_generator_V":-69.565559,"data_generator_Y":0.0000067019},{"data_generator_V":-69.565559,"data_generator_Y":0.0000067019},{"data_generator_V":-69.565559,"data_generator_Y":0.0000067019},{"data_generator_V":-69.565559,"data_generator_Y":0.0000067019},{"data_generator_V":-69.565559,"data_generator_Y":0.0000067019},{"data_generator_V":-69.565559,"data_generator_Y":0.0000067019},{"data_generator_V":-69.565559,"data_generator_Y":0.0000067019},{"data_generator_V":-69.565559,"data_generator_Y":0.0000067019},{"data_generator_V":-69.565559,"data_generator_Y":0.0000067019},{"data_generator_V":-69.565559,"data_generator_Y":0.0000067019},{"data_generator_V":-69.565559,"data_generator_Y":0.0000067019},{"data_generator_V":-69.565559,"data_generator_Y":0.0000067019},{"data_generator_V":-69.565559,"data_generator_Y":0.0000067019},{"data_generator_V":-69.565559,"data_generator_Y":0.0000067019},{"data_generator_V":-69.565559,"data_generator_Y":0.0000067019},{"data_generator_V":-69.565559,"data_generator_Y":0.0000067019},{"data_generator_V":-69.565559,"data_generator_Y":0.0000067019},{"data_generator_V":-69.565559,"data_generator_Y":0.0000067019},{"data_generator_V":-69.565559,"data_generator_Y":0.0000067019},{"data_generator_V":-69.565559,"data_generator_Y":0.0000067019},{"data_generator_V":-69.565559,"data_generator_Y":0.0000067019},{"data_generator_V":-69.565559,"data_generator_Y":0.0000067019},{"data_generator_V":-69.565559,"data_generator_Y":0.0000067019},{"data_generator_V":-69.565559,"data_generator_Y":0.0000067019},{"data_generator_V":-69.565559,"data_generator_Y":0.0000067019},{"data_generator_V":-69.565559,"data_generator_Y":0.0000067019},{"data_generator_V":-69.565559,"data_generator_Y":0.0000067019},{"data_generator_V":-69.565559,"data_generator_Y":0.0000067019},{"data_generator_V":-69.565559,"data_generator_Y":0.0000067019},{"data_generator_V":-69.565559,"data_generator_Y":0.0000067019},{"data_generator_V":-69.565559,"data_generator_Y":0.0000067019},{"data_generator_V":-69.565559,"data_generator_Y":0.0000067019},{"data_generator_V":-69.565559,"data_generator_Y":0.0000067019},{"data_generator_V":-69.565559,"data_generator_Y":0.0000067019},{"data_generator_V":-69.565559,"data_generator_Y":0.0000067019},{"data_generator_V":-69.565559,"data_generator_Y":0.0000067019},{"data_generator_V":-69.565559,"data_generator_Y":0.0000067019},{"data_generator_V":-69.565559,"data_generator_Y":0.0000067019},{"data_generator_V":-69.565559,"data_generator_Y":0.0000067019},{"data_generator_V":-69.565559,"data_generator_Y":0.0000067019},{"data_generator_V":-69.565559,"data_generator_Y":0.0000067019},{"data_generator_V":-69.565559,"data_generator_Y":0.0000067019},{"data_generator_V":-69.565559,"data_generator_Y":0.0000067019},{"data_generator_V":-69.565559,"data_generator_Y":0.0000067019},{"data_generator_V":-69.565559,"data_generator_Y":0.0000067019},{"data_generator_V":-69.565559,"data_generator_Y":0.0000067019},{"data_generator_V":-69.565559,"data_generator_Y":0.0000067019},{"data_generator_V":-69.565559,"data_generator_Y":0.0000067019},{"data_generator_V":-69.565559,"data_generator_Y":0.0000067019},{"data_generator_V":-69.565559,"data_generator_Y":0.0000067019},{"data_generator_V":-69.565559,"data_generator_Y":0.0000067019},{"data_generator_V":-69.565559,"data_generator_Y":0.0000067019},{"data_generator_V":-69.565559,"data_generator_Y":0.0000067019},{"data_generator_V":-69.565559,"data_generator_Y":0.0000067019},{"data_generator_V":-69.565559,"data_generator_Y":0.0000067019},{"data_generator_V":-69.565559,"data_generator_Y":0.0000067019},{"data_generator_V":-69.565559,"data_generator_Y":0.0000067019},{"data_generator_V":-69.565559,"data_generator_Y":0.0000067019},{"data_generator_V":-69.565559,"data_generator_Y":0.0000067019},{"data_generator_V":-69.565559,"data_generator_Y":0.0000067019},{"data_generator_V":-69.565559,"data_generator_Y":0.0000067019},{"data_generator_V":-69.565559,"data_generator_Y":0.0000067019},{"data_generator_V":-69.565559,"data_generator_Y":0.0000067019},{"data_generator_V":-69.565559,"data_generator_Y":0.0000067019},{"data_generator_V":-69.565559,"data_generator_Y":0.0000067019},{"data_generator_V":-69.565559,"data_generator_Y":0.0000067019},{"data_generator_V":-69.565559,"data_generator_Y":0.0000067019},{"data_generator_V":-69.565559,"data_generator_Y":0.0000067019},{"data_generator_V":-69.565559,"data_generator_Y":0.0000067019},{"data_generator_V":-69.565559,"data_generator_Y":0.0000067019},{"data_generator_V":-69.565559,"data_generator_Y":0.0000067019},{"data_generator_V":-69.565559,"data_generator_Y":0.0000067019},{"data_generator_V":-69.565559,"data_generator_Y":0.0000067019},{"data_generator_V":-69.565559,"data_generator_Y":0.0000067019},{"data_generator_V":-69.565559,"data_generator_Y":0.0000067019},{"data_generator_V":-69.565559,"data_generator_Y":0.0000067019},{"data_generator_V":-69.565559,"data_generator_Y":0.0000067019},{"data_generator_V":-69.565559,"data_generator_Y":0.0000067019},{"data_generator_V":-69.565559,"data_generator_Y":0.0000067019},{"data_generator_V":-69.565559,"data_generator_Y":0.0000067019},{"data_generator_V":-69.565559,"data_generator_Y":0.0000067019},{"data_generator_V":-69.565559,"data_generator_Y":0.0000067019},{"data_generator_V":-69.565559,"data_generator_Y":0.0000067019},{"data_generator_V":-69.565559,"data_generator_Y":0.0000067019},{"data_generator_V":-69.565559,"data_generator_Y":0.0000067019},{"data_generator_V":-69.565559,"data_generator_Y":0.0000067019},{"data_generator_V":-69.565559,"data_generator_Y":0.0000067019},{"data_generator_V":-69.565559,"data_generator_Y":0.0000067019},{"data_generator_V":-69.565559,"data_generator_Y":0.0000067019},{"data_generator_V":-69.565559,"data_generator_Y":0.0000067019},{"data_generator_V":-69.565559,"data_generator_Y":0.0000067019},{"data_generator_V":-69.565559,"data_generator_Y":0.0000067019},{"data_generator_V":-69.565559,"data_generator_Y":0.0000067019},{"data_generator_V":-69.565559,"data_generator_Y":0.0000067019},{"data_generator_V":-69.565559,"data_generator_Y":0.0000067019},{"data_generator_V":-69.565559,"data_generator_Y":0.0000067019},{"data_generator_V":-69.565559,"data_generator_Y":0.0000067019},{"data_generator_V":-69.565559,"data_generator_Y":0.0000067019},{"data_generator_V":-69.565559,"data_generator_Y":0.0000067019},{"data_generator_V":-69.565559,"data_generator_Y":0.0000067019},{"data_generator_V":-69.565559,"data_generator_Y":0.0000067019},{"data_generator_V":-69.565559,"data_generator_Y":0.0000067019},{"data_generator_V":-69.565559,"data_generator_Y":0.0000067019},{"data_generator_V":-69.565559,"data_generator_Y":0.0000067019},{"data_generator_V":-69.565559,"data_generator_Y":0.0000067019},{"data_generator_V":-69.565559,"data_generator_Y":0.0000067019},{"data_generator_V":-69.565559,"data_generator_Y":0.0000067019},{"data_generator_V":-69.565559,"data_generator_Y":0.0000067019},{"data_generator_V":-69.565559,"data_generator_Y":0.0000067019},{"data_generator_V":-69.565559,"data_generator_Y":0.0000067019},{"data_generator_V":-69.565559,"data_generator_Y":0.0000067019},{"data_generator_V":-69.565559,"data_generator_Y":0.0000067019},{"data_generator_V":-69.565559,"data_generator_Y":0.0000067019},{"data_generator_V":-69.565559,"data_generator_Y":0.0000067019},{"data_generator_V":-69.565559,"data_generator_Y":0.0000067019},{"data_generator_V":-69.565559,"data_generator_Y":0.0000067019},{"data_generator_V":-69.565559,"data_generator_Y":0.0000067019},{"data_generator_V":-69.565559,"data_generator_Y":0.0000067019},{"data_generator_V":-69.565559,"data_generator_Y":0.0000067019},{"data_generator_V":-69.565559,"data_generator_Y":0.0000067019},{"data_generator_V":-69.565559,"data_generator_Y":0.0000067019},{"data_generator_V":-69.565559,"data_generator_Y":0.0000067019},{"data_generator_V":-69.565559,"data_generator_Y":0.0000067019},{"data_generator_V":-69.565559,"data_generator_Y":0.0000067019},{"data_generator_V":-69.565559,"data_generator_Y":0.0000067019},{"data_generator_V":-69.565559,"data_generator_Y":0.0000067019},{"data_generator_V":-69.565559,"data_generator_Y":0.0000067019},{"data_generator_V":-69.565559,"data_generator_Y":0.0000067019},{"data_generator_V":-69.565559,"data_generator_Y":0.0000067019},{"data_generator_V":-69.565559,"data_generator_Y":0.0000067019},{"data_generator_V":-69.565559,"data_generator_Y":0.0000067019},{"data_generator_V":-69.565559,"data_generator_Y":0.0000067019},{"data_generator_V":-69.565559,"data_generator_Y":0.0000067019},{"data_generator_V":-69.565559,"data_generator_Y":0.0000067019},{"data_generator_V":-69.565559,"data_generator_Y":0.0000067019},{"data_generator_V":-69.565559,"data_generator_Y":0.0000067019},{"data_generator_V":-69.565559,"data_generator_Y":0.0000067019},{"data_generator_V":-69.565559,"data_generator_Y":0.0000067019},{"data_generator_V":-69.565559,"data_generator_Y":0.0000067019},{"data_generator_V":-69.565559,"data_generator_Y":0.0000067019},{"data_generator_V":-69.565559,"data_generator_Y":0.0000067019},{"data_generator_V":-69.565559,"data_generator_Y":0.0000067019},{"data_generator_V":-69.565559,"data_generator_Y":0.0000067019},{"data_generator_V":-69.565559,"data_generator_Y":0.0000067019},{"data_generator_V":-69.565559,"data_generator_Y":0.0000067019},{"data_generator_V":-69.565559,"data_generator_Y":0.0000067019},{"data_generator_V":-69.565559,"data_generator_Y":0.0000067019},{"data_generator_V":-69.565559,"data_generator_Y":0.0000067019},{"data_generator_V":-69.565559,"data_generator_Y":0.0000067019},{"data_generator_V":-69.565559,"data_generator_Y":0.0000067019},{"data_generator_V":-69.565559,"data_generator_Y":0.0000067019},{"data_generator_V":-69.565559,"data_generator_Y":0.0000067019},{"data_generator_V":-69.565559,"data_generator_Y":0.0000067019},{"data_generator_V":-69.565559,"data_generator_Y":0.0000067019},{"data_generator_V":-69.565559,"data_generator_Y":0.0000067019},{"data_generator_V":-69.565559,"data_generator_Y":0.0000067019},{"data_generator_V":-69.565559,"data_generator_Y":0.0000067019},{"data_generator_V":-69.565559,"data_generator_Y":0.0000067019},{"data_generator_V":-69.565559,"data_generator_Y":0.0000067019},{"data_generator_V":-69.565559,"data_generator_Y":0.0000067019},{"data_generator_V":-69.565559,"data_generator_Y":0.0000067019},{"data_generator_V":-69.565559,"data_generator_Y":0.0000067019},{"data_generator_V":-69.565559,"data_generator_Y":0.0000067019},{"data_generator_V":-69.565559,"data_generator_Y":0.0000067019},{"data_generator_V":-69.565559,"data_generator_Y":0.0000067019},{"data_generator_V":-69.565559,"data_generator_Y":0.0000067019},{"data_generator_V":-69.565559,"data_generator_Y":0.0000067019},{"data_generator_V":-69.565559,"data_generator_Y":0.0000067019},{"data_generator_V":-69.565559,"data_generator_Y":0.0000067019},{"data_generator_V":-69.565559,"data_generator_Y":0.0000067019},{"data_generator_V":-69.565559,"data_generator_Y":0.0000067019},{"data_generator_V":-69.565559,"data_generator_Y":0.0000067019},{"data_generator_V":-69.565559,"data_generator_Y":0.0000067019},{"data_generator_V":-69.565559,"data_generator_Y":0.0000067019},{"data_generator_V":-69.565559,"data_generator_Y":0.0000067019},{"data_generator_V":-69.565559,"data_generator_Y":0.0000067019},{"data_generator_V":-69.565559,"data_generator_Y":0.0000067019},{"data_generator_V":-69.565559,"data_generator_Y":0.0000067019},{"data_generator_V":-69.565559,"data_generator_Y":0.0000067019},{"data_generator_V":-69.565559,"data_generator_Y":0.0000067019},{"data_generator_V":-69.565559,"data_generator_Y":0.0000067019},{"data_generator_V":-69.565559,"data_generator_Y":0.0000067019},{"data_generator_V":-69.565559,"data_generator_Y":0.0000067019},{"data_generator_V":-69.565559,"data_generator_Y":0.0000067019},{"data_generator_V":-69.565559,"data_generator_Y":0.0000067019},{"data_generator_V":-69.565559,"data_generator_Y":0.0000067019},{"data_generator_V":-69.565559,"data_generator_Y":0.0000067019},{"data_generator_V":-69.565559,"data_generator_Y":0.0000067019},{"data_generator_V":-69.565559,"data_generator_Y":0.0000067019},{"data_generator_V":-69.565559,"data_generator_Y":0.0000067019},{"data_generator_V":-69.565559,"data_generator_Y":0.0000067019},{"data_generator_V":-69.565559,"data_generator_Y":0.0000067019},{"data_generator_V":-69.565559,"data_generator_Y":0.0000067019},{"data_generator_V":-69.565559,"data_generator_Y":0.0000067019},{"data_generator_V":-69.565559,"data_generator_Y":0.0000067019},{"data_generator_V":-69.565559,"data_generator_Y":0.0000067019},{"data_generator_V":-69.565559,"data_generator_Y":0.0000067019},{"data_generator_V":-69.565559,"data_generator_Y":0.0000067019},{"data_generator_V":-69.565559,"data_generator_Y":0.0000067019},{"data_generator_V":-69.565559,"data_generator_Y":0.0000067019},{"data_generator_V":-69.565559,"data_generator_Y":0.0000067019},{"data_generator_V":-69.565559,"data_generator_Y":0.0000067019},{"data_generator_V":-69.565559,"data_generator_Y":0.0000067019},{"data_generator_V":-69.565559,"data_generator_Y":0.0000067019},{"data_generator_V":-69.565559,"data_generator_Y":0.0000067019},{"data_generator_V":-69.565559,"data_generator_Y":0.0000067019},{"data_generator_V":-69.565559,"data_generator_Y":0.0000067019},{"data_generator_V":-69.565559,"data_generator_Y":0.0000067019},{"data_generator_V":-69.565559,"data_generator_Y":0.0000067019},{"data_generator_V":-69.565559,"data_generator_Y":0.0000067019},{"data_generator_V":-69.565559,"data_generator_Y":0.0000067019},{"data_generator_V":-69.565559,"data_generator_Y":0.0000067019},{"data_generator_V":-69.565559,"data_generator_Y":0.0000067019},{"data_generator_V":-69.565559,"data_generator_Y":0.0000067019},{"data_generator_V":-69.565559,"data_generator_Y":0.0000067019},{"data_generator_V":-69.565559,"data_generator_Y":0.0000067019},{"data_generator_V":-69.565559,"data_generator_Y":0.0000067019},{"data_generator_V":-69.565559,"data_generator_Y":0.0000067019},{"data_generator_V":-69.565559,"data_generator_Y":0.0000067019},{"data_generator_V":-69.565559,"data_generator_Y":0.0000067019},{"data_generator_V":-69.565559,"data_generator_Y":0.0000067019},{"data_generator_V":-69.565559,"data_generator_Y":0.0000067019},{"data_generator_V":-69.565559,"data_generator_Y":0.0000067019},{"data_generator_V":-69.565559,"data_generator_Y":0.0000067019},{"data_generator_V":-69.565559,"data_generator_Y":0.0000067019},{"data_generator_V":-69.565559,"data_generator_Y":0.0000067019},{"data_generator_V":-69.565559,"data_generator_Y":0.0000067019},{"data_generator_V":-69.565559,"data_generator_Y":0.0000067019},{"data_generator_V":-69.565559,"data_generator_Y":0.0000067019},{"data_generator_V":-69.565559,"data_generator_Y":0.0000067019},{"data_generator_V":-69.565559,"data_generator_Y":0.0000067019},{"data_generator_V":-69.565559,"data_generator_Y":0.0000067019},{"data_generator_V":-69.565559,"data_generator_Y":0.0000067019},{"data_generator_V":-69.565559,"data_generator_Y":0.0000067019},{"data_generator_V":-69.565559,"data_generator_Y":0.0000067019},{"data_generator_V":-69.565559,"data_generator_Y":0.0000067019},{"data_generator_V":-69.565559,"data_generator_Y":0.0000067019},{"data_generator_V":-69.565559,"data_generator_Y":0.0000067019},{"data_generator_V":-69.565559,"data_generator_Y":0.0000067019},{"data_generator_V":-69.565559,"data_generator_Y":0.0000067019},{"data_generator_V":-69.565559,"data_generator_Y":0.0000067019},{"data_generator_V":-69.565559,"data_generator_Y":0.0000067019},{"data_generator_V":-69.565559,"data_generator_Y":0.0000067019},{"data_generator_V":-69.565559,"data_generator_Y":0.0000067019},{"data_generator_V":-69.565559,"data_generator_Y":0.0000067019},{"data_generator_V":-69.565559,"data_generator_Y":0.0000067019},{"data_generator_V":-69.565559,"data_generator_Y":0.0000067019},{"data_generator_V":-69.565559,"data_generator_Y":0.0000067019},{"data_generator_V":-69.565559,"data_generator_Y":0.0000067019},{"data_generator_V":-69.565559,"data_generator_Y":0.0000067019},{"data_generator_V":-69.565559,"data_generator_Y":0.0000067019},{"data_generator_V":-69.565559,"data_generator_Y":0.0000067019},{"data_generator_V":-69.565559,"data_generator_Y":0.0000067019},{"data_generator_V":-69.565559,"data_generator_Y":0.0000067019},{"data_generator_V":-69.565559,"data_generator_Y":0.0000067019},{"data_generator_V":-69.565559,"data_generator_Y":0.0000067019},{"data_generator_V":-69.565559,"data_generator_Y":0.0000067019},{"data_generator_V":-69.565559,"data_generator_Y":0.0000067019},{"data_generator_V":-69.565559,"data_generator_Y":0.0000067019},{"data_generator_V":-69.565559,"data_generator_Y":0.0000067019},{"data_generator_V":-69.565559,"data_generator_Y":0.0000067019},{"data_generator_V":-69.565559,"data_generator_Y":0.0000067019},{"data_generator_V":-69.565559,"data_generator_Y":0.0000067019},{"data_generator_V":-69.565559,"data_generator_Y":0.0000067019},{"data_generator_V":-69.565559,"data_generator_Y":0.0000067019},{"data_generator_V":-69.565559,"data_generator_Y":0.0000067019},{"data_generator_V":-69.565559,"data_generator_Y":0.0000067019},{"data_generator_V":-69.565559,"data_generator_Y":0.0000067019},{"data_generator_V":-69.565559,"data_generator_Y":0.0000067019},{"data_generator_V":-69.565559,"data_generator_Y":0.0000067019},{"data_generator_V":-69.565559,"data_generator_Y":0.0000067019},{"data_generator_V":-69.565559,"data_generator_Y":0.0000067019},{"data_generator_V":-69.565559,"data_generator_Y":0.0000067019},{"data_generator_V":-69.565559,"data_generator_Y":0.0000067019},{"data_generator_V":-69.565559,"data_generator_Y":0.0000067019},{"data_generator_V":-69.565559,"data_generator_Y":0.0000067019},{"data_generator_V":-69.565559,"data_generator_Y":0.0000067019},{"data_generator_V":-69.565559,"data_generator_Y":0.0000067019},{"data_generator_V":-69.565559,"data_generator_Y":0.0000067019},{"data_generator_V":-69.565559,"data_generator_Y":0.0000067019},{"data_generator_V":-69.565559,"data_generator_Y":0.0000067019},{"data_generator_V":-69.565559,"data_generator_Y":0.0000067019},{"data_generator_V":-69.565559,"data_generator_Y":0.0000067019},{"data_generator_V":-69.565559,"data_generator_Y":0.0000067019},{"data_generator_V":-69.565559,"data_generator_Y":0.0000067019},{"data_generator_V":-69.565559,"data_generator_Y":0.0000067019},{"data_generator_V":-69.565559,"data_generator_Y":0.0000067019},{"data_generator_V":-69.565559,"data_generator_Y":0.0000067019},{"data_generator_V":-69.565559,"data_generator_Y":0.0000067019},{"data_generator_V":-69.565559,"data_generator_Y":0.0000067019},{"data_generator_V":-69.565559,"data_generator_Y":0.0000067019},{"data_generator_V":-69.565559,"data_generator_Y":0.0000067019},{"data_generator_V":-69.565559,"data_generator_Y":0.0000067019},{"data_generator_V":-69.565559,"data_generator_Y":0.0000067019},{"data_generator_V":-69.565559,"data_generator_Y":0.0000067019},{"data_generator_V":-69.565559,"data_generator_Y":0.0000067019},{"data_generator_V":-69.565559,"data_generator_Y":0.0000067019},{"data_generator_V":-69.565559,"data_generator_Y":0.0000067019},{"data_generator_V":-69.565559,"data_generator_Y":0.0000067019},{"data_generator_V":-69.565559,"data_generator_Y":0.0000067019},{"data_generator_V":-69.565559,"data_generator_Y":0.0000067019},{"data_generator_V":-69.565559,"data_generator_Y":0.0000067019},{"data_generator_V":-69.565559,"data_generator_Y":0.0000067019},{"data_generator_V":-69.565559,"data_generator_Y":0.0000067019},{"data_generator_V":-69.565559,"data_generator_Y":0.0000067019},{"data_generator_V":-69.565559,"data_generator_Y":0.0000067019},{"data_generator_V":-69.565559,"data_generator_Y":0.0000067019},{"data_generator_V":-69.565559,"data_generator_Y":0.0000067019},{"data_generator_V":-69.565559,"data_generator_Y":0.0000067019},{"data_generator_V":-69.565559,"data_generator_Y":0.0000067019},{"data_generator_V":-69.565559,"data_generator_Y":0.0000067019},{"data_generator_V":-69.565559,"data_generator_Y":0.0000067019},{"data_generator_V":-69.565559,"data_generator_Y":0.0000067019},{"data_generator_V":-69.565559,"data_generator_Y":0.0000067019},{"data_generator_V":-69.565559,"data_generator_Y":0.0000067019},{"data_generator_V":-69.565559,"data_generator_Y":0.0000067019},{"data_generator_V":-69.565559,"data_generator_Y":0.0000067019},{"data_generator_V":-69.565559,"data_generator_Y":0.0000067019},{"data_generator_V":-69.565559,"data_generator_Y":0.0000067019},{"data_generator_V":-69.565559,"data_generator_Y":0.0000067019},{"data_generator_V":-69.565559,"data_generator_Y":0.0000067019},{"data_generator_V":-69.565559,"data_generator_Y":0.0000067019},{"data_generator_V":-69.565559,"data_generator_Y":0.0000067019},{"data_generator_V":-69.565559,"data_generator_Y":0.0000067019},{"data_generator_V":-69.565559,"data_generator_Y":0.0000067019},{"data_generator_V":-69.565559,"data_generator_Y":0.0000067019},{"data_generator_V":-69.565559,"data_generator_Y":0.0000067019},{"data_generator_V":-69.565559,"data_generator_Y":0.0000067019},{"data_generator_V":-69.565559,"data_generator_Y":0.0000067019},{"data_generator_V":-69.565559,"data_generator_Y":0.0000067019},{"data_generator_V":-69.565559,"data_generator_Y":0.0000067019},{"data_generator_V":-69.565559,"data_generator_Y":0.0000067019},{"data_generator_V":-69.565559,"data_generator_Y":0.0000067019},{"data_generator_V":-69.565559,"data_generator_Y":0.0000067019},{"data_generator_V":-69.565559,"data_generator_Y":0.0000067019},{"data_generator_V":-69.565559,"data_generator_Y":0.0000067019},{"data_generator_V":-69.565559,"data_generator_Y":0.0000067019},{"data_generator_V":-69.565559,"data_generator_Y":0.0000067019},{"data_generator_V":-69.565559,"data_generator_Y":0.0000067019},{"data_generator_V":-69.565559,"data_generator_Y":0.0000067019},{"data_generator_V":-69.565559,"data_generator_Y":0.0000067019},{"data_generator_V":-69.565559,"data_generator_Y":0.0000067019},{"data_generator_V":-69.565559,"data_generator_Y":0.0000067019},{"data_generator_V":-69.565559,"data_generator_Y":0.0000067019},{"data_generator_V":-69.565559,"data_generator_Y":0.0000067019},{"data_generator_V":-69.565559,"data_generator_Y":0.0000067019},{"data_generator_V":-69.565559,"data_generator_Y":0.0000067019},{"data_generator_V":-69.565559,"data_generator_Y":0.0000067019},{"data_generator_V":-69.565559,"data_generator_Y":0.0000067019},{"data_generator_V":-69.565559,"data_generator_Y":0.0000067019},{"data_generator_V":-69.565559,"data_generator_Y":0.0000067019},{"data_generator_V":-69.565559,"data_generator_Y":0.0000067019},{"data_generator_V":-69.565559,"data_generator_Y":0.0000067019},{"data_generator_V":-69.565559,"data_generator_Y":0.0000067019},{"data_generator_V":-69.565559,"data_generator_Y":0.0000067019},{"data_generator_V":-69.565559,"data_generator_Y":0.0000067019},{"data_generator_V":-69.565559,"data_generator_Y":0.0000067019},{"data_generator_V":-69.565559,"data_generator_Y":0.0000067019},{"data_generator_V":-69.565559,"data_generator_Y":0.0000067019},{"data_generator_V":-69.565559,"data_generator_Y":0.0000067019},{"data_generator_V":-69.565559,"data_generator_Y":0.0000067019},{"data_generator_V":-69.565559,"data_generator_Y":0.0000067019},{"data_generator_V":-69.565559,"data_generator_Y":0.0000067019},{"data_generator_V":-69.565559,"data_generator_Y":0.0000067019},{"data_generator_V":-69.565559,"data_generator_Y":0.0000067019},{"data_generator_V":-69.565559,"data_generator_Y":0.0000067019},{"data_generator_V":-69.565559,"data_generator_Y":0.0000067019},{"data_generator_V":-69.565559,"data_generator_Y":0.0000067019},{"data_generator_V":-69.565559,"data_generator_Y":0.0000067019},{"data_generator_V":-69.565559,"data_generator_Y":0.0000067019},{"data_generator_V":-69.565559,"data_generator_Y":0.0000067019},{"data_generator_V":-69.565559,"data_generator_Y":0.0000067019},{"data_generator_V":-69.565559,"data_generator_Y":0.0000067019},{"data_generator_V":-69.565559,"data_generator_Y":0.0000067019},{"data_generator_V":-69.565559,"data_generator_Y":0.0000067019},{"data_generator_V":-69.565559,"data_generator_Y":0.0000067019},{"data_generator_V":-69.565559,"data_generator_Y":0.0000067019},{"data_generator_V":-69.565559,"data_generator_Y":0.0000067019},{"data_generator_V":-69.565559,"data_generator_Y":0.0000067019},{"data_generator_V":-69.565559,"data_generator_Y":0.0000067019},{"data_generator_V":-69.565559,"data_generator_Y":0.0000067019},{"data_generator_V":-69.565559,"data_generator_Y":0.0000067019},{"data_generator_V":-69.565559,"data_generator_Y":0.0000067019},{"data_generator_V":-69.565559,"data_generator_Y":0.0000067019},{"data_generator_V":-69.565559,"data_generator_Y":0.0000067019},{"data_generator_V":-69.565559,"data_generator_Y":0.0000067019},{"data_generator_V":-69.565559,"data_generator_Y":0.0000067019},{"data_generator_V":-69.565559,"data_generator_Y":0.0000067019},{"data_generator_V":-69.565559,"data_generator_Y":0.0000067019},{"data_generator_V":-69.565559,"data_generator_Y":0.0000067019},{"data_generator_V":-69.565559,"data_generator_Y":0.0000067019},{"data_generator_V":-69.565559,"data_generator_Y":0.0000067019},{"data_generator_V":-69.565559,"data_generator_Y":0.0000067019},{"data_generator_V":-69.565559,"data_generator_Y":0.0000067019},{"data_generator_V":-69.565559,"data_generator_Y":0.0000067019},{"data_generator_V":-69.565559,"data_generator_Y":0.0000067019},{"data_generator_V":-69.565559,"data_generator_Y":0.0000067019},{"data_generator_V":-69.565559,"data_generator_Y":0.0000067019},{"data_generator_V":-69.565559,"data_generator_Y":0.0000067019},{"data_generator_V":-69.565559,"data_generator_Y":0.0000067019},{"data_generator_V":-69.565559,"data_generator_Y":0.0000067019},{"data_generator_V":-69.565559,"data_generator_Y":0.0000067019},{"data_generator_V":-69.565559,"data_generator_Y":0.0000067019},{"data_generator_V":-69.565559,"data_generator_Y":0.0000067019},{"data_generator_V":-69.565559,"data_generator_Y":0.0000067019},{"data_generator_V":-69.565559,"data_generator_Y":0.0000067019},{"data_generator_V":-69.565559,"data_generator_Y":0.0000067019},{"data_generator_V":-69.565559,"data_generator_Y":0.0000067019},{"data_generator_V":-69.565559,"data_generator_Y":0.0000067019},{"data_generator_V":-69.565559,"data_generator_Y":0.0000067019},{"data_generator_V":-69.565559,"data_generator_Y":0.0000067019},{"data_generator_V":-69.565559,"data_generator_Y":0.0000067019},{"data_generator_V":-69.565559,"data_generator_Y":0.0000067019},{"data_generator_V":-69.565559,"data_generator_Y":0.0000067019},{"data_generator_V":-69.565559,"data_generator_Y":0.0000067019},{"data_generator_V":-69.565559,"data_generator_Y":0.0000067019},{"data_generator_V":-69.565559,"data_generator_Y":0.0000067019},{"data_generator_V":-69.565559,"data_generator_Y":0.0000067019},{"data_generator_V":-69.565559,"data_generator_Y":0.0000067019},{"data_generator_V":-69.565559,"data_generator_Y":0.0000067019},{"data_generator_V":-69.565559,"data_generator_Y":0.0000067019},{"data_generator_V":-69.565559,"data_generator_Y":0.0000067019},{"data_generator_V":-69.565559,"data_generator_Y":0.0000067019},{"data_generator_V":-69.565559,"data_generator_Y":0.0000067019},{"data_generator_V":-69.565559,"data_generator_Y":0.0000067019},{"data_generator_V":-69.565559,"data_generator_Y":0.0000067019},{"data_generator_V":-69.565559,"data_generator_Y":0.0000067019},{"data_generator_V":-69.565559,"data_generator_Y":0.0000067019},{"data_generator_V":-69.565559,"data_generator_Y":0.0000067019},{"data_generator_V":-69.565559,"data_generator_Y":0.0000067019},{"data_generator_V":-69.565559,"data_generator_Y":0.0000067019},{"data_generator_V":-69.565559,"data_generator_Y":0.0000067019},{"data_generator_V":-69.565559,"data_generator_Y":0.0000067019},{"data_generator_V":-69.565559,"data_generator_Y":0.0000067019},{"data_generator_V":-69.565559,"data_generator_Y":0.0000067019},{"data_generator_V":-69.565559,"data_generator_Y":0.0000067019},{"data_generator_V":-69.565559,"data_generator_Y":0.0000067019},{"data_generator_V":-69.565559,"data_generator_Y":0.0000067019},{"data_generator_V":-69.565559,"data_generator_Y":0.0000067019},{"data_generator_V":-69.565559,"data_generator_Y":0.0000067019},{"data_generator_V":-69.565559,"data_generator_Y":0.0000067019},{"data_generator_V":-69.565559,"data_generator_Y":0.0000067019},{"data_generator_V":-69.565559,"data_generator_Y":0.0000067019},{"data_generator_V":-69.565559,"data_generator_Y":0.0000067019},{"data_generator_V":-69.565559,"data_generator_Y":0.0000067019},{"data_generator_V":-69.565559,"data_generator_Y":0.0000067019},{"data_generator_V":-69.565559,"data_generator_Y":0.0000067019},{"data_generator_V":-69.565559,"data_generator_Y":0.0000067019},{"data_generator_V":-69.565559,"data_generator_Y":0.0000067019},{"data_generator_V":-69.565559,"data_generator_Y":0.0000067019},{"data_generator_V":-69.565559,"data_generator_Y":0.0000067019},{"data_generator_V":-69.565559,"data_generator_Y":0.0000067019},{"data_generator_V":-69.565559,"data_generator_Y":0.0000067019},{"data_generator_V":-69.565559,"data_generator_Y":0.0000067019},{"data_generator_V":-69.565559,"data_generator_Y":0.0000067019},{"data_generator_V":-69.565559,"data_generator_Y":0.0000067019},{"data_generator_V":-69.565559,"data_generator_Y":0.0000067019},{"data_generator_V":-69.565559,"data_generator_Y":0.0000067019},{"data_generator_V":-69.565559,"data_generator_Y":0.0000067019},{"data_generator_V":-69.565559,"data_generator_Y":0.0000067019},{"data_generator_V":-69.565559,"data_generator_Y":0.0000067019},{"data_generator_V":-69.565559,"data_generator_Y":0.0000067019},{"data_generator_V":-69.565559,"data_generator_Y":0.0000067019},{"data_generator_V":-69.565559,"data_generator_Y":0.0000067019},{"data_generator_V":-69.565559,"data_generator_Y":0.0000067019},{"data_generator_V":-69.565559,"data_generator_Y":0.0000067019},{"data_generator_V":-69.565559,"data_generator_Y":0.0000067019},{"data_generator_V":-69.565559,"data_generator_Y":0.0000067019},{"data_generator_V":-69.565559,"data_generator_Y":0.0000067019},{"data_generator_V":-69.565559,"data_generator_Y":0.0000067019},{"data_generator_V":-69.565559,"data_generator_Y":0.0000067019},{"data_generator_V":-69.565559,"data_generator_Y":0.0000067019},{"data_generator_V":-69.565559,"data_generator_Y":0.0000067019},{"data_generator_V":-69.565559,"data_generator_Y":0.0000067019},{"data_generator_V":-69.565559,"data_generator_Y":0.0000067019},{"data_generator_V":-69.565559,"data_generator_Y":0.0000067019},{"data_generator_V":-69.565559,"data_generator_Y":0.0000067019},{"data_generator_V":-69.565559,"data_generator_Y":0.0000067019},{"data_generator_V":-69.565559,"data_generator_Y":0.0000067019},{"data_generator_V":-69.565559,"data_generator_Y":0.0000067019},{"data_generator_V":-69.565559,"data_generator_Y":0.0000067019},{"data_generator_V":-69.565559,"data_generator_Y":0.0000067019},{"data_generator_V":-69.565559,"data_generator_Y":0.0000067019},{"data_generator_V":-69.565559,"data_generator_Y":0.0000067019},{"data_generator_V":-69.565559,"data_generator_Y":0.0000067019},{"data_generator_V":-69.565559,"data_generator_Y":0.0000067019},{"data_generator_V":-69.565559,"data_generator_Y":0.0000067019},{"data_generator_V":-69.565559,"data_generator_Y":0.0000067019},{"data_generator_V":-69.565559,"data_generator_Y":0.0000067019},{"data_generator_V":-69.565559,"data_generator_Y":0.0000067019},{"data_generator_V":-69.565559,"data_generator_Y":0.0000067019},{"data_generator_V":-69.565559,"data_generator_Y":0.0000067019},{"data_generator_V":-69.565559,"data_generator_Y":0.0000067019},{"data_generator_V":-69.565559,"data_generator_Y":0.0000067019},{"data_generator_V":-69.565559,"data_generator_Y":0.0000067019},{"data_generator_V":-69.565559,"data_generator_Y":0.0000067019},{"data_generator_V":-69.565559,"data_generator_Y":0.0000067019},{"data_generator_V":-69.565559,"data_generator_Y":0.0000067019},{"data_generator_V":-69.565559,"data_generator_Y":0.0000067019},{"data_generator_V":-69.565559,"data_generator_Y":0.0000067019},{"data_generator_V":-69.565559,"data_generator_Y":0.0000067019},{"data_generator_V":-69.565559,"data_generator_Y":0.0000067019},{"data_generator_V":-69.565559,"data_generator_Y":0.0000067019},{"data_generator_V":-69.565559,"data_generator_Y":0.0000067019},{"data_generator_V":-69.565559,"data_generator_Y":0.0000067019},{"data_generator_V":-69.565559,"data_generator_Y":0.0000067019},{"data_generator_V":-69.565559,"data_generator_Y":0.0000067019},{"data_generator_V":-69.565559,"data_generator_Y":0.0000067019},{"data_generator_V":-69.565559,"data_generator_Y":0.0000067019},{"data_generator_V":-69.565559,"data_generator_Y":0.0000067019},{"data_generator_V":-69.565559,"data_generator_Y":0.0000067019},{"data_generator_V":-69.565559,"data_generator_Y":0.0000067019},{"data_generator_V":-69.565559,"data_generator_Y":0.0000067019},{"data_generator_V":-69.565559,"data_generator_Y":0.0000067019},{"data_generator_V":-69.565559,"data_generator_Y":0.0000067019},{"data_generator_V":-69.565559,"data_generator_Y":0.0000067019},{"data_generator_V":-69.565559,"data_generator_Y":0.0000067019},{"data_generator_V":-69.565559,"data_generator_Y":0.0000067019},{"data_generator_V":-69.565559,"data_generator_Y":0.0000067019},{"data_generator_V":-69.565559,"data_generator_Y":0.0000067019},{"data_generator_V":-69.565559,"data_generator_Y":0.0000067019},{"data_generator_V":-69.565559,"data_generator_Y":0.0000067019},{"data_generator_V":-69.565559,"data_generator_Y":0.0000067019},{"data_generator_V":-69.565559,"data_generator_Y":0.0000067019},{"data_generator_V":-69.565559,"data_generator_Y":0.0000067019},{"data_generator_V":-69.565559,"data_generator_Y":0.0000067019},{"data_generator_V":-69.565559,"data_generator_Y":0.0000067019},{"data_generator_V":-69.565559,"data_generator_Y":0.0000067019},{"data_generator_V":-69.565559,"data_generator_Y":0.0000067019},{"data_generator_V":-69.565559,"data_generator_Y":0.0000067019},{"data_generator_V":-69.565559,"data_generator_Y":0.0000067019},{"data_generator_V":-69.565559,"data_generator_Y":0.0000067019},{"data_generator_V":-69.565559,"data_generator_Y":0.0000067019},{"data_generator_V":-69.565559,"data_generator_Y":0.0000067019},{"data_generator_V":-69.565559,"data_generator_Y":0.0000067019},{"data_generator_V":-69.565559,"data_generator_Y":0.0000067019},{"data_generator_V":-69.565559,"data_generator_Y":0.0000067019},{"data_generator_V":-69.565559,"data_generator_Y":0.0000067019},{"data_generator_V":-69.565559,"data_generator_Y":0.0000067019},{"data_generator_V":-69.565559,"data_generator_Y":0.0000067019},{"data_generator_V":-69.565559,"data_generator_Y":0.0000067019},{"data_generator_V":-69.565559,"data_generator_Y":0.0000067019},{"data_generator_V":-69.565559,"data_generator_Y":0.0000067019},{"data_generator_V":-69.565559,"data_generator_Y":0.0000067019},{"data_generator_V":-69.565559,"data_generator_Y":0.0000067019},{"data_generator_V":-69.565559,"data_generator_Y":0.0000067019},{"data_generator_V":-69.565559,"data_generator_Y":0.0000067019},{"data_generator_V":-69.565559,"data_generator_Y":0.0000067019},{"data_generator_V":-69.565559,"data_generator_Y":0.0000067019},{"data_generator_V":-69.565559,"data_generator_Y":0.0000067019},{"data_generator_V":-69.565559,"data_generator_Y":0.0000067019},{"data_generator_V":-69.565559,"data_generator_Y":0.0000067019},{"data_generator_V":-69.565559,"data_generator_Y":0.0000067019},{"data_generator_V":-69.565559,"data_generator_Y":0.0000067019},{"data_generator_V":-69.565559,"data_generator_Y":0.0000067019},{"data_generator_V":-69.565559,"data_generator_Y":0.0000067019},{"data_generator_V":-69.565559,"data_generator_Y":0.0000067019},{"data_generator_V":-69.565559,"data_generator_Y":0.0000067019},{"data_generator_V":-69.565559,"data_generator_Y":0.0000067019},{"data_generator_V":-69.565559,"data_generator_Y":0.0000067019},{"data_generator_V":-69.565559,"data_generator_Y":0.0000067019},{"data_generator_V":-69.565559,"data_generator_Y":0.0000067019},{"data_generator_V":-69.565559,"data_generator_Y":0.0000067019},{"data_generator_V":-69.565559,"data_generator_Y":0.0000067019},{"data_generator_V":-69.565559,"data_generator_Y":0.0000067019},{"data_generator_V":-69.565559,"data_generator_Y":0.0000067019},{"data_generator_V":-69.565559,"data_generator_Y":0.0000067019},{"data_generator_V":-69.565559,"data_generator_Y":0.0000067019},{"data_generator_V":-69.565559,"data_generator_Y":0.0000067019},{"data_generator_V":-69.565559,"data_generator_Y":0.0000067019},{"data_generator_V":-69.565559,"data_generator_Y":0.0000067019},{"data_generator_V":-69.565559,"data_generator_Y":0.0000067019},{"data_generator_V":-69.565559,"data_generator_Y":0.0000067019},{"data_generator_V":-69.565559,"data_generator_Y":0.0000067019},{"data_generator_V":-69.565559,"data_generator_Y":0.0000067019},{"data_generator_V":-69.565559,"data_generator_Y":0.0000067019},{"data_generator_V":-69.565559,"data_generator_Y":0.0000067019},{"data_generator_V":-69.565559,"data_generator_Y":0.0000067019},{"data_generator_V":-69.565559,"data_generator_Y":0.0000067019},{"data_generator_V":-69.565559,"data_generator_Y":0.0000067019},{"data_generator_V":-69.565559,"data_generator_Y":0.0000067019},{"data_generator_V":-69.565559,"data_generator_Y":0.0000067019},{"data_generator_V":-69.565559,"data_generator_Y":0.0000067019},{"data_generator_V":-69.565559,"data_generator_Y":0.0000067019},{"data_generator_V":-69.565559,"data_generator_Y":0.0000067019},{"data_generator_V":-69.565559,"data_generator_Y":0.0000067019},{"data_generator_V":-69.565559,"data_generator_Y":0.0000067019},{"data_generator_V":-69.565559,"data_generator_Y":0.0000067019},{"data_generator_V":-69.565559,"data_generator_Y":0.0000067019},{"data_generator_V":-69.565559,"data_generator_Y":0.0000067019},{"data_generator_V":-69.565559,"data_generator_Y":0.0000067019},{"data_generator_V":-69.565559,"data_generator_Y":0.0000067019},{"data_generator_V":-69.565559,"data_generator_Y":0.0000067019},{"data_generator_V":-69.565559,"data_generator_Y":0.0000067019},{"data_generator_V":-69.565559,"data_generator_Y":0.0000067019},{"data_generator_V":-69.565559,"data_generator_Y":0.0000067019},{"data_generator_V":-69.565559,"data_generator_Y":0.0000067019},{"data_generator_V":-69.565559,"data_generator_Y":0.0000067019},{"data_generator_V":-69.565559,"data_generator_Y":0.0000067019},{"data_generator_V":-69.565559,"data_generator_Y":0.0000067019},{"data_generator_V":-69.565559,"data_generator_Y":0.0000067019},{"data_generator_V":-69.565559,"data_generator_Y":0.0000067019},{"data_generator_V":-69.565559,"data_generator_Y":0.0000067019},{"data_generator_V":-69.565559,"data_generator_Y":0.0000067019},{"data_generator_V":-69.565559,"data_generator_Y":0.0000067019},{"data_generator_V":-69.565559,"data_generator_Y":0.0000067019},{"data_generator_V":-69.565559,"data_generator_Y":0.0000067019},{"data_generator_V":-69.565559,"data_generator_Y":0.0000067019},{"data_generator_V":-69.565559,"data_generator_Y":0.0000067019},{"data_generator_V":-69.565559,"data_generator_Y":0.0000067019},{"data_generator_V":-69.565559,"data_generator_Y":0.0000067019},{"data_generator_V":-69.565559,"data_generator_Y":0.0000067019},{"data_generator_V":-69.565559,"data_generator_Y":0.0000067019},{"data_generator_V":-69.565559,"data_generator_Y":0.0000067019},{"data_generator_V":-69.565559,"data_generator_Y":0.0000067019},{"data_generator_V":-69.565559,"data_generator_Y":0.0000067019},{"data_generator_V":-69.565559,"data_generator_Y":0.0000067019},{"data_generator_V":-69.565559,"data_generator_Y":0.0000067019},{"data_generator_V":-69.565559,"data_generator_Y":0.0000067019},{"data_generator_V":-69.565559,"data_generator_Y":0.0000067019},{"data_generator_V":-69.565559,"data_generator_Y":0.0000067019},{"data_generator_V":-69.565559,"data_generator_Y":0.0000067019},{"data_generator_V":-69.565559,"data_generator_Y":0.0000067019},{"data_generator_V":-69.565559,"data_generator_Y":0.0000067019},{"data_generator_V":-69.565559,"data_generator_Y":0.0000067019},{"data_generator_V":-69.565559,"data_generator_Y":0.0000067019},{"data_generator_V":-69.565559,"data_generator_Y":0.0000067019},{"data_generator_V":-69.565559,"data_generator_Y":0.0000067019},{"data_generator_V":-69.565559,"data_generator_Y":0.0000067019},{"data_generator_V":-69.565559,"data_generator_Y":0.0000067019},{"data_generator_V":-69.565559,"data_generator_Y":0.0000067019},{"data_generator_V":-69.565559,"data_generator_Y":0.0000067019},{"data_generator_V":-69.565559,"data_generator_Y":0.0000067019},{"data_generator_V":-69.565559,"data_generator_Y":0.0000067019},{"data_generator_V":-69.565559,"data_generator_Y":0.0000067019},{"data_generator_V":-69.565559,"data_generator_Y":0.0000067019},{"data_generator_V":-69.565559,"data_generator_Y":0.0000067019},{"data_generator_V":-69.565559,"data_generator_Y":0.0000067019},{"data_generator_V":-69.565559,"data_generator_Y":0.0000067019},{"data_generator_V":-69.565559,"data_generator_Y":0.0000067019},{"data_generator_V":-69.565559,"data_generator_Y":0.0000067019},{"data_generator_V":-69.565559,"data_generator_Y":0.0000067019},{"data_generator_V":-69.565559,"data_generator_Y":0.0000067019},{"data_generator_V":-69.565559,"data_generator_Y":0.0000067019},{"data_generator_V":-69.565559,"data_generator_Y":0.0000067019},{"data_generator_V":-69.565559,"data_generator_Y":0.0000067019},{"data_generator_V":-69.565559,"data_generator_Y":0.0000067019},{"data_generator_V":-69.565559,"data_generator_Y":0.0000067019},{"data_generator_V":-69.565559,"data_generator_Y":0.0000067019},{"data_generator_V":-69.565559,"data_generator_Y":0.0000067019},{"data_generator_V":-69.565559,"data_generator_Y":0.0000067019},{"data_generator_V":-69.565559,"data_generator_Y":0.0000067019},{"data_generator_V":-69.565559,"data_generator_Y":0.0000067019},{"data_generator_V":-69.565559,"data_generator_Y":0.0000067019},{"data_generator_V":-69.565559,"data_generator_Y":0.0000067019},{"data_generator_V":-69.565559,"data_generator_Y":0.0000067019},{"data_generator_V":-69.565559,"data_generator_Y":0.0000067019},{"data_generator_V":-69.565559,"data_generator_Y":0.0000067019},{"data_generator_V":-69.565559,"data_generator_Y":0.0000067019},{"data_generator_V":-69.565559,"data_generator_Y":0.0000067019},{"data_generator_V":-69.565559,"data_generator_Y":0.0000067019},{"data_generator_V":-69.565559,"data_generator_Y":0.0000067019},{"data_generator_V":-69.565559,"data_generator_Y":0.0000067019},{"data_generator_V":-69.565559,"data_generator_Y":0.0000067019},{"data_generator_V":-69.565559,"data_generator_Y":0.0000067019},{"data_generator_V":-69.565559,"data_generator_Y":0.0000067019},{"data_generator_V":-69.565559,"data_generator_Y":0.0000067019},{"data_generator_V":-69.565559,"data_generator_Y":0.0000067019},{"data_generator_V":-69.565559,"data_generator_Y":0.0000067019},{"data_generator_V":-69.565559,"data_generator_Y":0.0000067019},{"data_generator_V":-69.565559,"data_generator_Y":0.0000067019},{"data_generator_V":-69.565559,"data_generator_Y":0.0000067019},{"data_generator_V":-69.565559,"data_generator_Y":0.0000067019},{"data_generator_V":-69.565559,"data_generator_Y":0.0000067019},{"data_generator_V":-69.565559,"data_generator_Y":0.0000067019},{"data_generator_V":-69.565559,"data_generator_Y":0.0000067019},{"data_generator_V":-69.565559,"data_generator_Y":0.0000067019},{"data_generator_V":-69.565559,"data_generator_Y":0.0000067019},{"data_generator_V":-69.565559,"data_generator_Y":0.0000067019},{"data_generator_V":-69.565559,"data_generator_Y":0.0000067019},{"data_generator_V":-69.565559,"data_generator_Y":0.0000067019},{"data_generator_V":-69.565559,"data_generator_Y":0.0000067019},{"data_generator_V":-69.565559,"data_generator_Y":0.0000067019},{"data_generator_V":-69.565559,"data_generator_Y":0.0000067019},{"data_generator_V":-69.565559,"data_generator_Y":0.0000067019},{"data_generator_V":-69.565559,"data_generator_Y":0.0000067019},{"data_generator_V":-69.565559,"data_generator_Y":0.0000067019},{"data_generator_V":-69.565559,"data_generator_Y":0.0000067019},{"data_generator_V":-69.565559,"data_generator_Y":0.0000067019},{"data_generator_V":-69.565559,"data_generator_Y":0.0000067019},{"data_generator_V":-69.565559,"data_generator_Y":0.0000067019},{"data_generator_V":-69.565559,"data_generator_Y":0.0000067019},{"data_generator_V":-69.565559,"data_generator_Y":0.0000067019},{"data_generator_V":-69.565559,"data_generator_Y":0.0000067019},{"data_generator_V":-69.565559,"data_generator_Y":0.0000067019},{"data_generator_V":-69.565559,"data_generator_Y":0.0000067019},{"data_generator_V":-69.565559,"data_generator_Y":0.0000067019},{"data_generator_V":-69.565559,"data_generator_Y":0.0000067019},{"data_generator_V":-69.565559,"data_generator_Y":0.0000067019},{"data_generator_V":-69.565559,"data_generator_Y":0.0000067019},{"data_generator_V":-69.565559,"data_generator_Y":0.0000067019},{"data_generator_V":-69.565559,"data_generator_Y":0.0000067019},{"data_generator_V":-69.565559,"data_generator_Y":0.0000067019},{"data_generator_V":-69.565559,"data_generator_Y":0.0000067019},{"data_generator_V":-69.565559,"data_generator_Y":0.0000067019},{"data_generator_V":-69.565559,"data_generator_Y":0.0000067019},{"data_generator_V":-69.565559,"data_generator_Y":0.0000067019},{"data_generator_V":-69.565559,"data_generator_Y":0.0000067019},{"data_generator_V":-69.565559,"data_generator_Y":0.0000067019},{"data_generator_V":-69.565559,"data_generator_Y":0.0000067019},{"data_generator_V":-69.565559,"data_generator_Y":0.0000067019},{"data_generator_V":-69.565559,"data_generator_Y":0.0000067019},{"data_generator_V":-69.565559,"data_generator_Y":0.0000067019},{"data_generator_V":-69.565559,"data_generator_Y":0.0000067019},{"data_generator_V":-69.565559,"data_generator_Y":0.0000067019},{"data_generator_V":-69.565559,"data_generator_Y":0.0000067019},{"data_generator_V":-69.565559,"data_generator_Y":0.0000067019},{"data_generator_V":-69.565559,"data_generator_Y":0.0000067019},{"data_generator_V":-69.565559,"data_generator_Y":0.0000067019},{"data_generator_V":-69.565559,"data_generator_Y":0.0000067019},{"data_generator_V":-69.565559,"data_generator_Y":0.0000067019},{"data_generator_V":-69.565559,"data_generator_Y":0.0000067019},{"data_generator_V":-69.565559,"data_generator_Y":0.0000067019},{"data_generator_V":-69.565559,"data_generator_Y":0.0000067019},{"data_generator_V":-69.565559,"data_generator_Y":0.0000067019},{"data_generator_V":-69.565559,"data_generator_Y":0.0000067019},{"data_generator_V":-69.565559,"data_generator_Y":0.0000067019},{"data_generator_V":-69.565559,"data_generator_Y":0.0000067019},{"data_generator_V":-69.565559,"data_generator_Y":0.0000067019},{"data_generator_V":-69.565559,"data_generator_Y":0.0000067019},{"data_generator_V":-69.565559,"data_generator_Y":0.0000067019},{"data_generator_V":-69.565559,"data_generator_Y":0.0000067019},{"data_generator_V":-69.565559,"data_generator_Y":0.0000067019},{"data_generator_V":-69.565559,"data_generator_Y":0.0000067019},{"data_generator_V":-69.565559,"data_generator_Y":0.0000067019},{"data_generator_V":-69.565559,"data_generator_Y":0.0000067019},{"data_generator_V":-69.565559,"data_generator_Y":0.0000067019},{"data_generator_V":-69.565559,"data_generator_Y":0.0000067019},{"data_generator_V":-69.565559,"data_generator_Y":0.0000067019},{"data_generator_V":-69.565559,"data_generator_Y":0.0000067019},{"data_generator_V":-69.565559,"data_generator_Y":0.0000067019},{"data_generator_V":-69.565559,"data_generator_Y":0.0000067019},{"data_generator_V":-69.565559,"data_generator_Y":0.0000067019},{"data_generator_V":-69.565559,"data_generator_Y":0.0000067019},{"data_generator_V":-69.565559,"data_generator_Y":0.0000067019},{"data_generator_V":-69.565559,"data_generator_Y":0.0000067019},{"data_generator_V":-69.565559,"data_generator_Y":0.0000067019},{"data_generator_V":-69.565559,"data_generator_Y":0.0000067019},{"data_generator_V":-69.565559,"data_generator_Y":0.0000067019},{"data_generator_V":-69.565559,"data_generator_Y":0.0000067019},{"data_generator_V":-69.565559,"data_generator_Y":0.0000067019},{"data_generator_V":-69.565559,"data_generator_Y":0.0000067019},{"data_generator_V":-69.565559,"data_generator_Y":0.0000067019},{"data_generator_V":-69.565559,"data_generator_Y":0.0000067019},{"data_generator_V":-69.565559,"data_generator_Y":0.0000067019},{"data_generator_V":-69.565559,"data_generator_Y":0.0000067019},{"data_generator_V":-69.565559,"data_generator_Y":0.0000067019},{"data_generator_V":-69.565559,"data_generator_Y":0.0000067019},{"data_generator_V":-69.565559,"data_generator_Y":0.0000067019},{"data_generator_V":-69.565559,"data_generator_Y":0.0000067019},{"data_generator_V":-69.565559,"data_generator_Y":0.0000067019},{"data_generator_V":-69.565559,"data_generator_Y":0.0000067019},{"data_generator_V":-69.565559,"data_generator_Y":0.0000067019},{"data_generator_V":-69.565559,"data_generator_Y":0.0000067019},{"data_generator_V":-69.565559,"data_generator_Y":0.0000067019},{"data_generator_V":-69.565559,"data_generator_Y":0.0000067019},{"data_generator_V":-69.565559,"data_generator_Y":0.0000067019},{"data_generator_V":-69.565559,"data_generator_Y":0.0000067019},{"data_generator_V":-69.565559,"data_generator_Y":0.0000067019},{"data_generator_V":-69.565559,"data_generator_Y":0.0000067019},{"data_generator_V":-69.565559,"data_generator_Y":0.0000067019},{"data_generator_V":-69.565559,"data_generator_Y":0.0000067019},{"data_generator_V":-69.565559,"data_generator_Y":0.0000067019},{"data_generator_V":-69.565559,"data_generator_Y":0.0000067019},{"data_generator_V":-69.565559,"data_generator_Y":0.0000067019},{"data_generator_V":-69.565559,"data_generator_Y":0.0000067019},{"data_generator_V":-69.565559,"data_generator_Y":0.0000067019},{"data_generator_V":-69.565559,"data_generator_Y":0.0000067019},{"data_generator_V":-69.565559,"data_generator_Y":0.0000067019},{"data_generator_V":-69.565559,"data_generator_Y":0.0000067019},{"data_generator_V":-69.565559,"data_generator_Y":0.0000067019},{"data_generator_V":-69.565559,"data_generator_Y":0.0000067019},{"data_generator_V":-69.565559,"data_generator_Y":0.0000067019},{"data_generator_V":-69.565559,"data_generator_Y":0.0000067019},{"data_generator_V":-69.565559,"data_generator_Y":0.0000067019},{"data_generator_V":-69.565559,"data_generator_Y":0.0000067019},{"data_generator_V":-69.565559,"data_generator_Y":0.0000067019},{"data_generator_V":-69.565559,"data_generator_Y":0.0000067019},{"data_generator_V":-69.565559,"data_generator_Y":0.0000067019},{"data_generator_V":-69.565559,"data_generator_Y":0.0000067019},{"data_generator_V":-69.565559,"data_generator_Y":0.0000067019},{"data_generator_V":-69.565559,"data_generator_Y":0.0000067019},{"data_generator_V":-69.565559,"data_generator_Y":0.0000067019},{"data_generator_V":-69.565559,"data_generator_Y":0.0000067019},{"data_generator_V":-69.565559,"data_generator_Y":0.0000067019},{"data_generator_V":-69.565559,"data_generator_Y":0.0000067019},{"data_generator_V":-69.565559,"data_generator_Y":0.0000067019},{"data_generator_V":-69.565559,"data_generator_Y":0.0000067019},{"data_generator_V":-69.565559,"data_generator_Y":0.0000067019},{"data_generator_V":-69.565559,"data_generator_Y":0.0000067019},{"data_generator_V":-69.565559,"data_generator_Y":0.0000067019},{"data_generator_V":-69.565559,"data_generator_Y":0.0000067019},{"data_generator_V":-69.565559,"data_generator_Y":0.0000067019},{"data_generator_V":-69.565559,"data_generator_Y":0.0000067019},{"data_generator_V":-69.565559,"data_generator_Y":0.0000067019},{"data_generator_V":-69.565559,"data_generator_Y":0.0000067019},{"data_generator_V":-69.565559,"data_generator_Y":0.0000067019},{"data_generator_V":-69.565559,"data_generator_Y":0.0000067019},{"data_generator_V":-69.565559,"data_generator_Y":0.0000067019},{"data_generator_V":-69.565559,"data_generator_Y":0.0000067019},{"data_generator_V":-69.565559,"data_generator_Y":0.0000067019},{"data_generator_V":-69.565559,"data_generator_Y":0.0000067019},{"data_generator_V":-69.565559,"data_generator_Y":0.0000067019},{"data_generator_V":-69.565559,"data_generator_Y":0.0000067019},{"data_generator_V":-69.565559,"data_generator_Y":0.0000067019},{"data_generator_V":-69.565559,"data_generator_Y":0.0000067019},{"data_generator_V":-69.565559,"data_generator_Y":0.0000067019},{"data_generator_V":-69.565559,"data_generator_Y":0.0000067019},{"data_generator_V":-69.565559,"data_generator_Y":0.0000067019},{"data_generator_V":-69.565559,"data_generator_Y":0.0000067019},{"data_generator_V":-69.565559,"data_generator_Y":0.0000067019},{"data_generator_V":-69.565559,"data_generator_Y":0.0000067019},{"data_generator_V":-69.565559,"data_generator_Y":0.0000067019},{"data_generator_V":-69.565559,"data_generator_Y":0.0000067019},{"data_generator_V":-69.565559,"data_generator_Y":0.0000067019},{"data_generator_V":-69.565559,"data_generator_Y":0.0000067019},{"data_generator_V":-69.565559,"data_generator_Y":0.0000067019},{"data_generator_V":-69.565559,"data_generator_Y":0.0000067019},{"data_generator_V":-69.565559,"data_generator_Y":0.0000067019},{"data_generator_V":-69.565559,"data_generator_Y":0.0000067019},{"data_generator_V":-69.565559,"data_generator_Y":0.0000067019},{"data_generator_V":-69.565559,"data_generator_Y":0.0000067019},{"data_generator_V":-69.565559,"data_generator_Y":0.0000067019},{"data_generator_V":-69.565559,"data_generator_Y":0.0000067019},{"data_generator_V":-69.565559,"data_generator_Y":0.0000067019},{"data_generator_V":-69.565559,"data_generator_Y":0.0000067019},{"data_generator_V":-69.565559,"data_generator_Y":0.0000067019},{"data_generator_V":-69.565559,"data_generator_Y":0.0000067019},{"data_generator_V":-69.565559,"data_generator_Y":0.0000067019},{"data_generator_V":-69.565559,"data_generator_Y":0.0000067019},{"data_generator_V":-69.565559,"data_generator_Y":0.0000067019},{"data_generator_V":-69.565559,"data_generator_Y":0.0000067019},{"data_generator_V":-69.565559,"data_generator_Y":0.0000067019},{"data_generator_V":-69.565559,"data_generator_Y":0.0000067019},{"data_generator_V":-69.565559,"data_generator_Y":0.0000067019},{"data_generator_V":-69.565559,"data_generator_Y":0.0000067019},{"data_generator_V":-69.565559,"data_generator_Y":0.0000067019},{"data_generator_V":-69.565559,"data_generator_Y":0.0000067019},{"data_generator_V":-69.565559,"data_generator_Y":0.0000067019},{"data_generator_V":-69.565559,"data_generator_Y":0.0000067019},{"data_generator_V":-69.565559,"data_generator_Y":0.0000067019},{"data_generator_V":-69.565559,"data_generator_Y":0.0000067019},{"data_generator_V":-69.565559,"data_generator_Y":0.0000067019},{"data_generator_V":-69.565559,"data_generator_Y":0.0000067019},{"data_generator_V":-69.565559,"data_generator_Y":0.0000067019},{"data_generator_V":-69.565559,"data_generator_Y":0.0000067019},{"data_generator_V":-69.565559,"data_generator_Y":0.0000067019},{"data_generator_V":-69.565559,"data_generator_Y":0.0000067019},{"data_generator_V":-69.565559,"data_generator_Y":0.0000067019},{"data_generator_V":-69.565559,"data_generator_Y":0.0000067019},{"data_generator_V":-69.565559,"data_generator_Y":0.0000067019},{"data_generator_V":-69.565559,"data_generator_Y":0.0000067019},{"data_generator_V":-69.565559,"data_generator_Y":0.0000067019},{"data_generator_V":-69.565559,"data_generator_Y":0.0000067019},{"data_generator_V":-69.565559,"data_generator_Y":0.0000067019},{"data_generator_V":-69.565559,"data_generator_Y":0.0000067019},{"data_generator_V":-69.565559,"data_generator_Y":0.0000067019},{"data_generator_V":-69.565559,"data_generator_Y":0.0000067019},{"data_generator_V":-69.565559,"data_generator_Y":0.0000067019},{"data_generator_V":-69.565559,"data_generator_Y":0.0000067019},{"data_generator_V":-69.565559,"data_generator_Y":0.0000067019},{"data_generator_V":-69.565559,"data_generator_Y":0.0000067019},{"data_generator_V":-69.565559,"data_generator_Y":0.0000067019},{"data_generator_V":-69.565559,"data_generator_Y":0.0000067019},{"data_generator_V":-69.565559,"data_generator_Y":0.0000067019},{"data_generator_V":-69.565559,"data_generator_Y":0.0000067019},{"data_generator_V":-69.565559,"data_generator_Y":0.0000067019},{"data_generator_V":-69.565559,"data_generator_Y":0.0000067019},{"data_generator_V":-69.565559,"data_generator_Y":0.0000067019},{"data_generator_V":-69.565559,"data_generator_Y":0.0000067019},{"data_generator_V":-69.565559,"data_generator_Y":0.0000067019},{"data_generator_V":-69.565559,"data_generator_Y":0.0000067019},{"data_generator_V":-69.565559,"data_generator_Y":0.0000067019},{"data_generator_V":-69.565559,"data_generator_Y":0.0000067019},{"data_generator_V":-69.565559,"data_generator_Y":0.0000067019},{"data_generator_V":-69.565559,"data_generator_Y":0.0000067019},{"data_generator_V":-69.565559,"data_generator_Y":0.0000067019},{"data_generator_V":-69.565559,"data_generator_Y":0.0000067019},{"data_generator_V":-69.565559,"data_generator_Y":0.0000067019},{"data_generator_V":-69.565559,"data_generator_Y":0.0000067019},{"data_generator_V":-69.565559,"data_generator_Y":0.0000067019},{"data_generator_V":-69.565559,"data_generator_Y":0.0000067019},{"data_generator_V":-69.565559,"data_generator_Y":0.0000067019},{"data_generator_V":-69.565559,"data_generator_Y":0.0000067019},{"data_generator_V":-69.565559,"data_generator_Y":0.0000067019},{"data_generator_V":-69.565559,"data_generator_Y":0.0000067019},{"data_generator_V":-69.565559,"data_generator_Y":0.0000067019},{"data_generator_V":-69.565559,"data_generator_Y":0.0000067019},{"data_generator_V":-69.565559,"data_generator_Y":0.0000067019},{"data_generator_V":-69.565559,"data_generator_Y":0.0000067019},{"data_generator_V":-69.565559,"data_generator_Y":0.0000067019},{"data_generator_V":-69.565559,"data_generator_Y":0.0000067019},{"data_generator_V":-69.565559,"data_generator_Y":0.0000067019},{"data_generator_V":-69.565559,"data_generator_Y":0.0000067019},{"data_generator_V":-69.565559,"data_generator_Y":0.0000067019},{"data_generator_V":-69.565559,"data_generator_Y":0.0000067019},{"data_generator_V":-69.565559,"data_generator_Y":0.0000067019},{"data_generator_V":-69.565559,"data_generator_Y":0.0000067019},{"data_generator_V":-69.565559,"data_generator_Y":0.0000067019},{"data_generator_V":-69.565559,"data_generator_Y":0.0000067019},{"data_generator_V":-69.565559,"data_generator_Y":0.0000067019},{"data_generator_V":-69.565559,"data_generator_Y":0.0000067019},{"data_generator_V":-69.565559,"data_generator_Y":0.0000067019},{"data_generator_V":-69.565559,"data_generator_Y":0.0000067019},{"data_generator_V":-69.565559,"data_generator_Y":0.0000067019},{"data_generator_V":-69.565559,"data_generator_Y":0.0000067019},{"data_generator_V":-69.565559,"data_generator_Y":0.0000067019},{"data_generator_V":-69.565559,"data_generator_Y":0.0000067019},{"data_generator_V":-69.565559,"data_generator_Y":0.0000067019},{"data_generator_V":-69.565559,"data_generator_Y":0.0000067019},{"data_generator_V":-69.565559,"data_generator_Y":0.0000067019},{"data_generator_V":-69.565559,"data_generator_Y":0.0000067019},{"data_generator_V":-69.565559,"data_generator_Y":0.0000067019},{"data_generator_V":-69.565559,"data_generator_Y":0.0000067019},{"data_generator_V":-69.565559,"data_generator_Y":0.0000067019},{"data_generator_V":-69.565559,"data_generator_Y":0.0000067019},{"data_generator_V":-69.565559,"data_generator_Y":0.0000067019},{"data_generator_V":-69.565559,"data_generator_Y":0.0000067019},{"data_generator_V":-69.565559,"data_generator_Y":0.0000067019},{"data_generator_V":-69.565559,"data_generator_Y":0.0000067019},{"data_generator_V":-69.565559,"data_generator_Y":0.0000067019},{"data_generator_V":-69.565559,"data_generator_Y":0.0000067019},{"data_generator_V":-69.565559,"data_generator_Y":0.0000067019},{"data_generator_V":-69.565559,"data_generator_Y":0.0000067019}]