[{"data_generator_T":0.0,"data_generator_X":-1.5647},{"data_generator_T":6.0,"data_generator_X":-1.5673752},{"data_generator_T":12.0,"data_generator_X":-1.5674107},{"data_generator_T":18.0,"data_generator_X":-1.5673878},{"data_generator_T":24.0,"data_generator_X":-1.5673873},{"data_generator_T":30.0,"data_generator_X":-1.5673877},{"data_generator_T":36.0,"data_generator_X":-1.5673879},{"data_generator_T":42.0,"data_generator_X":-1.5673883},{"data_generator_T":48.0,"data_generator_X":-1.5673885},{"data_generator_T":54.0,"data_generator_X":-1.5673889},{"data_generator_T":60.0,"data_generator_X":-1.5673891},{"data_generator_T":66.0,"data_generator_X":-1.5673895},{"data_generator_T":72.0,"data_generator_X":-1.5673897},{"data_generator_T":78.0,"data_generator_X":-1.5673901},{"data_generator_T":84.0,"data_generator_X":-1.5673903},{"data_generator_T":90.0,"data_generator_X":-1.5673907},{"data_generator_T":96.0,"data_generator_X":-1.5673908},{"data_generator_T":102.0,"data_generator_X":-1.5673908},{"data_generator_T":108.0,"data_generator_X":-1.5673909},{"data_generator_T":114.0,"data_generator_X":-1.567391},{"data_generator_T":120.0,"data_generator_X":-1.567391},{"data_generator_T":126.0,"data_generator_X":-1.5673912},{"data_generator_T":132.0,"data_generator_X":-1.5673913},{"data_generator_T":138.0,"data_generator_X":-1.5673913},{"data_generator_T":144.0,"data_generator_X":-1.5673914},{"data_generator_T":150.0,"data_generator_X":-1.5673915},{"data_generator_T":156.0,"data_generator_X":-1.5673915},{"data_generator_T":162.0,"data_generator_X":-1.5673916},{"data_generator_T":168.0,"data_generator_X":-1.5673918},{"data_generator_T":174.0,"data_generator_X":-1.5673919},{"data_generator_T":180.0,"data_generator_X":-1.5673919},{"data_generator_T":186.0,"data_generator_X":-1.567392},{"data_generator_T":192.0,"data_generator_X":-1.5673921},{"data_generator_T":198.0,"data_generator_X":-1.5673921},{"data_generator_T":204.0,"data_generator_X":-1.5673922},{"data_generator_T":210.0,"data_generator_X":-1.5673923},{"data_generator_T":216.0,"data_generator_X":-1.5673923},{"data_generator_T":222.0,"data_generator_X":-1.5673925},{"data_generator_T":228.0,"data_generator_X":-1.5673926},{"data_generator_T":234.0,"data_generator_X":-1.5673926},{"data_generator_T":240.0,"data_generator_X":-1.5673927},{"data_generator_T":246.0,"data_generator_X":-1.5673928},{"data_generator_T":252.0,"data_generator_X":-1.5673928},{"data_generator_T":258.0,"data_generator_X":-1.5673929},{"data_generator_T":264.0,"data_generator_X":-1.5673931},{"data_generator_T":270.0,"data_generator_X":-1.5673931},{"data_generator_T":276.0,"data_generator_X":-1.5673932},{"data_generator_T":282.0,"data_generator_X":-1.5673933},{"data_generator_T":288.0,"data_generator_X":-1.5673933},{"data_generator_T":294.0,"data_generator_X":-1.5673934},{"data_generator_T":300.0,"data_generator_X":-1.5673935},{"data_generator_T":306.0,"data_generator_X":-1.5673937},{"data_generator_T":312.0,"data_generator_X":-1.5673937},{"data_generator_T":318.0,"data_generator_X":-1.5673938},{"data_generator_T":324.0,"data_generator_X":-1.5673939},{"data_generator_T":330.0,"data_generator_X":-1.5673939},{"data_generator_T":336.0,"data_generator_X":-1.567394},{"data_generator_T":342.0,"data_generator_X":-1.5673941},{"data_generator_T":348.0,"data_generator_X":-1.5673941},{"data_generator_T":354.0,"data_generator_X":-1.5673943},{"data_generator_T":360.0,"data_generator_X":-1.5673944},{"data_generator_T":366.0,"data_generator_X":-1.5673944},{"data_generator_T":372.0,"data_generator_X":-1.5673945},{"data_generator_T":378.0,"data_generator_X":-1.5673946},{"data_generator_T":384.0,"data_generator_X":-1.5673946},{"data_generator_T":390.0,"data_generator_X":-1.5673947},{"data_generator_T":396.0,"data_generator_X":-1.5673949},{"data_generator_T":402.0,"data_generator_X":-1.5673949},{"data_generator_T":408.0,"data_generator_X":-1.567395},{"data_generator_T":414.0,"data_generator_X":-1.5673951},{"data_generator_T":420.0,"data_generator_X":-1.5673952},{"data_generator_T":426.0,"data_generator_X":-1.5673952},{"data_generator_T":432.0,"data_generator_X":-1.5673953},{"data_generator_T":438.0,"data_generator_X":-1.5673954},{"data_generator_T":444.0,"data_generator_X":-1.5673954},{"data_generator_T":450.0,"data_generator_X":-1.5673956},{"data_generator_T":456.0,"data_generator_X":-1.5673957},{"data_generator_T":462.0,"data_generator_X":-1.5673957},{"data_generator_T":468.0,"data_generator_X":-1.5673958},{"data_generator_T":474.0,"data_generator_X":-1.5673959},{"data_generator_T":480.0,"data_generator_X":-1.5673959},{"data_generator_T":486.0,"data_generator_X":-1.567396},{"data_generator_T":492.0,"data_generator_X":-1.5673962},{"data_generator_T":498.0,"data_generator_X":-1.5673962},{"data_generator_T":504.0,"data_generator_X":-1.5673963},{"data_generator_T":510.0,"data_generator_X":-1.5673964},{"data_generator_T":516.0,"data_generator_X":-1.5673964},{"data_generator_T":522.0,"data_generator_X":-1.5673965},{"data_generator_T":528.0,"data_generator_X":-1.5673966},{"data_generator_T":534.0,"data_generator_X":-1.5673968},{"data_generator_T":540.0,"data_generator_X":-1.5673968},{"data_generator_T":546.0,"data_generator_X":-1.5673969},{"data_generator_T":552.0,"data_generator_X":-1.567397},{"data_generator_T":558.0,"data_generator_X":-1.567397},{"data_generator_T":564.0,"data_generator_X":-1.5673971},{"data_generator_T":570.0,"data_generator_X":-1.5673972},{"data_generator_T":576.0,"data_generator_X":-1.5673972},{"data_generator_T":582.0,"data_generator_X":-1.5673974},{"data_generator_T":588.0,"data_generator_X":-1.5673975},{"data_generator_T":594.0,"data_generator_X":-1.5673975},{"data_generator_T":600.0,"data_generator_X":-1.5673976},{"data_generator_T":606.0,"data_generator_X":-1.5673977},{"data_generator_T":612.0,"data_generator_X":-1.5673977},{"data_generator_T":618.0,"data_generator_X":-1.5673978},{"data_generator_T":624.0,"data_generator_X":-1.567398},{"data_generator_T":630.0,"data_generator_X":-1.567398},{"data_generator_T":636.0,"data_generator_X":-1.5673981},{"data_generator_T":642.0,"data_generator_X":-1.5673982},{"data_generator_T":648.0,"data_generator_X":-1.5673983},{"data_generator_T":654.0,"data_generator_X":-1.5673983},{"data_generator_T":660.0,"data_generator_X":-1.5673984},{"data_generator_T":666.0,"data_generator_X":-1.5673985},{"data_generator_T":672.0,"data_generator_X":-1.5673985},{"data_generator_T":678.0,"data_generator_X":-1.5673987},{"data_generator_T":684.0,"data_generator_X":-1.5673988},{"data_generator_T":690.0,"data_generator_X":-1.5673988},{"data_generator_T":696.0,"data_generator_X":-1.5673989},{"data_generator_T":702.0,"data_generator_X":-1.5673989},{"data_generator_T":708.0,"data_generator_X":-1.5673989},{"data_generator_T":714.0,"data_generator_X":-1.5673989},{"data_generator_T":720.0,"data_generator_X":-1.5673989},{"data_generator_T":726.0,"data_generator_X":-1.5673989},{"data_generator_T":732.0,"data_generator_X":-1.5673989},{"data_generator_T":738.0,"data_generator_X":-1.5673989},{"data_generator_T":744.0,"data_generator_X":-1.5673989},{"data_generator_T":750.0,"data_generator_X":-1.5673989},{"data_generator_T":756.0,"data_generator_X":-1.567399},{"data_generator_T":762.0,"data_generator_X":-1.567399},{"data_generator_T":768.0,"data_generator_X":-1.567399},{"data_generator_T":774.0,"data_generator_X":-1.567399},{"data_generator_T":780.0,"data_generator_X":-1.567399},{"data_generator_T":786.0,"data_generator_X":-1.567399},{"data_generator_T":792.0,"data_generator_X":-1.567399},{"data_generator_T":798.0,"data_generator_X":-1.567399},{"data_generator_T":804.0,"data_generator_X":-1.567399},{"data_generator_T":810.0,"data_generator_X":-1.567399},{"data_generator_T":816.0,"data_generator_X":-1.567399},{"data_generator_T":822.0,"data_generator_X":-1.567399},{"data_generator_T":828.0,"data_generator_X":-1.567399},{"data_generator_T":834.0,"data_generator_X":-1.567399},{"data_generator_T":840.0,"data_generator_X":-1.567399},{"data_generator_T":846.0,"data_generator_X":-1.567399},{"data_generator_T":852.0,"data_generator_X":-1.567399},{"data_generator_T":858.0,"data_generator_X":-1.5673991},{"data_generator_T":864.0,"data_generator_X":-1.5673991},{"data_generator_T":870.0,"data_generator_X":-1.5673991},{"data_generator_T":876.0,"data_generator_X":-1.5673991},{"data_generator_T":882.0,"data_generator_X":-1.5673991},{"data_generator_T":888.0,"data_generator_X":-1.5673991},{"data_generator_T":894.0,"data_generator_X":-1.5673991},{"data_generator_T":900.0,"data_generator_X":-1.5673991},{"data_generator_T":906.0,"data_generator_X":-1.5673991},{"data_generator_T":912.0,"data_generator_X":-1.5673991},{"data_generator_T":918.0,"data_generator_X":-1.5673991},{"data_generator_T":924.0,"data_generator_X":-1.5673991},{"data_generator_T":930.0,"data_generator_X":-1.5673991},{"data_generator_T":936.0,"data_generator_X":-1.5673991},{"data_generator_T":942.0,"data_generator_X":-1.5673991},{"data_generator_T":948.0,"data_generator_X":-1.5673991},{"data_generator_T":954.0,"data_generator_X":-1.5673991},{"data_generator_T":960.0,"data_generator_X":-1.5673993},{"data_generator_T":966.0,"data_generator_X":-1.5673993},{"data_generator_T":972.0,"data_generator_X":-1.5673993},{"data_generator_T":978.0,"data_generator_X":-1.5673993},{"data_generator_T":984.0,"data_generator_X":-1.5673993},{"data_generator_T":990.0,"data_generator_X":-1.5673993},{"data_generator_T":996.0,"data_generator_X":-1.5673993},{"data_generator_T":1002.0,"data_generator_X":-1.5673993},{"data_generator_T":1008.0,"data_generator_X":-1.5673993},{"data_generator_T":1014.0,"data_generator_X":-1.5673993},{"data_generator_T":1020.0,"data_generator_X":-1.5673993},{"data_generator_T":1026.0,"data_generator_X":-1.5673993},{"data_generator_T":1032.0,"data_generator_X":-1.5673993},{"data_generator_T":1038.0,"data_generator_X":-1.5673993},{"data_generator_T":1044.0,"data_generator_X":-1.5673993},{"data_generator_T":1050.0,"data_generator_X":-1.5673993},{"data_generator_T":1056.0,"data_generator_X":-1.5673993},{"data_generator_T":1062.0,"data_generator_X":-1.5673994},{"data_generator_T":1068.0,"data_generator_X":-1.5673994},{"data_generator_T":1074.0,"data_generator_X":-1.5673994},{"data_generator_T":1080.0,"data_generator_X":-1.5673994},{"data_generator_T":1086.0,"data_generator_X":-1.5673994},{"data_generator_T":1092.0,"data_generator_X":-1.5673994},{"data_generator_T":1098.0,"data_generator_X":-1.5673994},{"data_generator_T":1104.0,"data_generator_X":-1.5673994},{"data_generator_T":1110.0,"data_generator_X":-1.5673994},{"data_generator_T":1116.0,"data_generator_X":-1.5673994},{"data_generator_T":1122.0,"data_generator_X":-1.5673994},{"data_generator_T":1128.0,"data_generator_X":-1.5673994},{"data_generator_T":1134.0,"data_generator_X":-1.5673994},{"data_generator_T":1140.0,"data_generator_X":-1.5673994},{"data_generator_T":1146.0,"data_generator_X":-1.5673994},{"data_generator_T":1152.0,"data_generator_X":-1.5673994},{"data_generator_T":1158.0,"data_generator_X":-1.5673994},{"data_generator_T":1164.0,"data_generator_X":-1.5673995},{"data_generator_T":1170.0,"data_generator_X":-1.5673995},{"data_generator_T":1176.0,"data_generator_X":-1.5673995},{"data_generator_T":1182.0,"data_generator_X":-1.5673995},{"data_generator_T":1188.0,"data_generator_X":-1.5673995},{"data_generator_T":1194.0,"data_generator_X":-1.5673995},{"data_generator_T":1200.0,"data_generator_X":-1.5673995},{"data_generator_T":1206.0,"data_generator_X":-1.5673995},{"data_generator_T":1212.0,"data_generator_X":-1.5673995},{"data_generator_T":1218.0,"data_generator_X":-1.5673995},{"data_generator_T":1224.0,"data_generator_X":-1.5673995},{"data_generator_T":1230.0,"data_generator_X":-1.5673995},{"data_generator_T":1236.0,"data_generator_X":-1.5673995},{"data_generator_T":1242.0,"data_generator_X":-1.5673995},{"data_generator_T":1248.0,"data_generator_X":-1.5673995},{"data_generator_T":1254.0,"data_generator_X":-1.5673995},{"data_generator_T":1260.0,"data_generator_X":-1.5673995},{"data_generator_T":1266.0,"data_generator_X":-1.5673996},{"data_generator_T":1272.0,"data_generator_X":-1.5673996},{"data_generator_T":1278.0,"data_generator_X":-1.5673996},{"data_generator_T":1284.0,"data_generator_X":-1.5673996},{"data_generator_T":1290.0,"data_generator_X":-1.5673996},{"data_generator_T":1296.0,"data_generator_X":-1.5673996},{"data_generator_T":1302.0,"data_generator_X":-1.5673996},{"data_generator_T":1308.0,"data_generator_X":-1.5673996},{"data_generator_T":1314.0,"data_generator_X":-1.5673996},{"data_generator_T":1320.0,"data_generator_X":-1.5673996},{"data_generator_T":1326.0,"data_generator_X":-1.5673996},{"data_generator_T":1332.0,"data_generator_X":-1.5673996},{"data_generator_T":1338.0,"data_generator_X":-1.5673996},{"data_generator_T":1344.0,"data_generator_X":-1.5673996},{"data_generator_T":1350.0,"data_generator_X":-1.5673996},{"data_generator_T":1356.0,"data_generator_X":-1.5673996},{"data_generator_T":1362.0,"data_generator_X":-1.5673996},{"data_generator_T":1368.0,"data_generator_X":-1.5673996},{"data_generator_T":1374.0,"data_generator_X":-1.5673996},{"data_generator_T":1380.0,"data_generator_X":-1.5673996},{"data_generator_T":1386.0,"data_generator_X":-1.5673996},{"data_generator_T":1392.0,"data_generator_X":-1.5673996},{"data_generator_T":1398.0,"data_generator_X":-1.5673996},{"data_generator_T":1404.0,"data_generator_X":-1.5673996},{"data_generator_T":1410.0,"data_generator_X":-1.5673996},{"data_generator_T":1416.0,"data_generator_X":-1.5673996},{"data_generator_T":1422.0,"data_generator_X":-1.5673996},{"data_generator_T":1428.0,"data_generator_X":-1.5673996},{"data_generator_T":1434.0,"data_generator_X":-1.5673996},{"data_generator_T":1440.0,"data_generator_X":-1.5673996},{"data_generator_T":1446.0,"data_generator_X":-1.5673996},{"data_generator_T":1452.0,"data_generator_X":-1.5673996},{"data_generator_T":1458.0,"data_generator_X":-1.5673996},{"data_generator_T":1464.0,"data_generator_X":-1.5673996},{"data_generator_T":1470.0,"data_generator_X":-1.5673996},{"data_generator_T":1476.0,"data_generator_X":-1.5673996},{"data_generator_T":1482.0,"data_generator_X":-1.5673996},{"data_generator_T":1488.0,"data_generator_X":-1.5673996},{"data_generator_T":1494.0,"data_generator_X":-1.5673996},{"data_generator_T":1500.0,"data_generator_X":-1.5673996},{"data_generator_T":1506.0,"data_generator_X":-1.5673996},{"data_generator_T":1512.0,"data_generator_X":-1.5673996},{"data_generator_T":1518.0,"data_generator_X":-1.5673996},{"data_generator_T":1524.0,"data_generator_X":-1.5673996},{"data_generator_T":1530.0,"data_generator_X":-1.5673996},{"data_generator_T":1536.0,"data_generator_X":-1.5673996},{"data_generator_T":1542.0,"data_generator_X":-1.5673996},{"data_generator_T":1548.0,"data_generator_X":-1.5673996},{"data_generator_T":1554.0,"data_generator_X":-1.5673996},{"data_generator_T":1560.0,"data_generator_X":-1.5673996},{"data_generator_T":1566.0,"data_generator_X":-1.5673996},{"data_generator_T":1572.0,"data_generator_X":-1.5673996},{"data_generator_T":1578.0,"data_generator_X":-1.5673996},{"data_generator_T":1584.0,"data_generator_X":-1.5673996},{"data_generator_T":1590.0,"data_generator_X":-1.5673996},{"data_generator_T":1596.0,"data_generator_X":-1.5673996},{"data_generator_T":1602.0,"data_generator_X":-1.5673996},{"data_generator_T":1608.0,"data_generator_X":-1.5673996},{"data_generator_T":1614.0,"data_generator_X":-1.5673996},{"data_generator_T":1620.0,"data_generator_X":-1.5673996},{"data_generator_T":1626.0,"data_generator_X":-1.5673996},{"data_generator_T":1632.0,"data_generator_X":-1.5673996},{"data_generator_T":1638.0,"data_generator_X":-1.5673996},{"data_generator_T":1644.0,"data_generator_X":-1.5673995},{"data_generator_T":1650.0,"data_generator_X":-1.5673995},{"data_generator_T":1656.0,"data_generator_X":-1.5673995},{"data_generator_T":1662.0,"data_generator_X":-1.5673995},{"data_generator_T":1668.0,"data_generator_X":-1.5673995},{"data_generator_T":1674.0,"data_generator_X":-1.5673995},{"data_generator_T":1680.0,"data_generator_X":-1.5673995},{"data_generator_T":1686.0,"data_generator_X":-1.5673995},{"data_generator_T":1692.0,"data_generator_X":-1.5673995},{"data_generator_T":1698.0,"data_generator_X":-1.5673995},{"data_generator_T":1704.0,"data_generator_X":-1.5673995},{"data_generator_T":1710.0,"data_generator_X":-1.5673995},{"data_generator_T":1716.0,"data_generator_X":-1.5673995},{"data_generator_T":1722.0,"data_generator_X":-1.5673995},{"data_generator_T":1728.0,"data_generator_X":-1.5673995},{"data_generator_T":1734.0,"data_generator_X":-1.5673995},{"data_generator_T":1740.0,"data_generator_X":-1.5673995},{"data_generator_T":1746.0,"data_generator_X":-1.5673995},{"data_generator_T":1752.0,"data_generator_X":-1.5673995},{"data_generator_T":1758.0,"data_generator_X":-1.5673995},{"data_generator_T":1764.0,"data_generator_X":-1.5673995},{"data_generator_T":1770.0,"data_generator_X":-1.5673995},{"data_generator_T":1776.0,"data_generator_X":-1.5673995},{"data_generator_T":1782.0,"data_generator_X":-1.5673995},{"data_generator_T":1788.0,"data_generator_X":-1.5673995},{"data_generator_T":1794.0,"data_generator_X":-1.5673995},{"data_generator_T":1800.0,"data_generator_X":-1.5673995},{"data_generator_T":1806.0,"data_generator_X":-1.5673995},{"data_generator_T":1812.0,"data_generator_X":-1.5673995},{"data_generator_T":1818.0,"data_generator_X":-1.5673995},{"data_generator_T":1824.0,"data_generator_X":-1.5673995},{"data_generator_T":1830.0,"data_generator_X":-1.5673995},{"data_generator_T":1836.0,"data_generator_X":-1.5673995},{"data_generator_T":1842.0,"data_generator_X":-1.5673995},{"data_generator_T":1848.0,"data_generator_X":-1.5673995},{"data_generator_T":1854.0,"data_generator_X":-1.5673995},{"data_generator_T":1860.0,"data_generator_X":-1.5673995},{"data_generator_T":1866.0,"data_generator_X":-1.5673995},{"data_generator_T":1872.0,"data_generator_X":-1.5673995},{"data_generator_T":1878.0,"data_generator_X":-1.5673995},{"data_generator_T":1884.0,"data_generator_X":-1.5673995},{"data_generator_T":1890.0,"data_generator_X":-1.5673995},{"data_generator_T":1896.0,"data_generator_X":-1.5673995},{"data_generator_T":1902.0,"data_generator_X":-1.5673995},{"data_generator_T":1908.0,"data_generator_X":-1.5673995},{"data_generator_T":1914.0,"data_generator_X":-1.5673995},{"data_generator_T":1920.0,"data_generator_X":-1.5673995},{"data_generator_T":1926.0,"data_generator_X":-1.5673995},{"data_generator_T":1932.0,"data_generator_X":-1.5673995},{"data_generator_T":1938.0,"data_generator_X":-1.5673995},{"data_generator_T":1944.0,"data_generator_X":-1.5673995},{"data_generator_T":1950.0,"data_generator_X":-1.5673995},{"data_generator_T":1956.0,"data_generator_X":-1.5673995},{"data_generator_T":1962.0,"data_generator_X":-1.5673995},{"data_generator_T":1968.0,"data_generator_X":-1.5673995},{"data_generator_T":1974.0,"data_generator_X":-1.5673995},{"data_generator_T":1980.0,"data_generator_X":-1.5673995},{"data_generator_T":1986.0,"data_generator_X":-1.5673995},{"data_generator_T":1992.0,"data_generator_X":-1.5673995},{"data_generator_T":1998.0,"data_generator_X":-1.5673995},{"data_generator_T":2004.0,"data_generator_X":2.1104255},{"data_generator_T":2010.0,"data_generator_X":0.49888515},{"data_generator_T":2016.0,"data_generator_X":-0.92834502},{"data_generator_T":2022.0,"data_generator_X":2.6877129},{"data_generator_T":2028.0,"data_generator_X":-0.32810366},{"data_generator_T":2034.0,"data_generator_X":-1.0635078},{"data_generator_T":2040.0,"data_generator_X":3.209794},{"data_generator_T":2046.0,"data_generator_X":-0.67244452},{"data_generator_T":2052.0,"data_generator_X":0.58273965},{"data_generator_T":2058.0,"data_generator_X":0.83792537},{"data_generator_T":2064.0,"data_generator_X":-0.9305895},{"data_generator_T":2070.0,"data_generator_X":2.7959878},{"data_generator_T":2076.0,"data_generator_X":-0.52018428},{"data_generator_T":2082.0,"data_generator_X":-1.1375029},{"data_generator_T":2088.0,"data_generator_X":2.6324365},{"data_generator_T":2094.0,"data_generator_X":-0.89610219},{"data_generator_T":2100.0,"data_generator_X":2.73263},{"data_generator_T":2106.0,"data_generator_X":-0.55608296},{"data_generator_T":2112.0,"data_generator_X":-1.1476104},{"data_generator_T":2118.0,"data_generator_X":0.40120137},{"data_generator_T":2124.0,"data_generator_X":-0.9770003},{"data_generator_T":2130.0,"data_generator_X":3.1352148},{"data_generator_T":2136.0,"data_generator_X":-0.75944954},{"data_generator_T":2142.0,"data_generator_X":2.1208496},{"data_generator_T":2148.0,"data_generator_X":-0.45479921},{"data_generator_T":2154.0,"data_generator_X":-1.1385316},{"data_generator_T":2160.0,"data_generator_X":0.22073221},{"data_generator_T":2166.0,"data_generator_X":-1.0102447},{"data_generator_T":2172.0,"data_generator_X":3.4003899},{"data_generator_T":2178.0,"data_generator_X":-0.87906682},{"data_generator_T":2184.0,"data_generator_X":2.8767273},{"data_generator_T":2190.0,"data_generator_X":-0.74021626},{"data_generator_T":2196.0,"data_generator_X":2.1482322},{"data_generator_T":2202.0,"data_generator_X":-0.59521455},{"data_generator_T":2208.0,"data_generator_X":-0.94878995},{"data_generator_T":2214.0,"data_generator_X":-0.44017372},{"data_generator_T":2220.0,"data_generator_X":-1.1526598},{"data_generator_T":2226.0,"data_generator_X":-0.27350375},{"data_generator_T":2232.0,"data_generator_X":-1.1114851},{"data_generator_T":2238.0,"data_generator_X":-0.10944861},{"data_generator_T":2244.0,"data_generator_X":-1.0808338},{"data_generator_T":2250.0,"data_generator_X":0.031614631},{"data_generator_T":2256.0,"data_generator_X":-1.0651522},{"data_generator_T":2262.0,"data_generator_X":0.086201675},{"data_generator_T":2268.0,"data_generator_X":-1.0640897},{"data_generator_T":2274.0,"data_generator_X":0.014077821},{"data_generator_T":2280.0,"data_generator_X":-1.07856},{"data_generator_T":2286.0,"data_generator_X":-0.14473934},{"data_generator_T":2292.0,"data_generator_X":-1.1036161},{"data_generator_T":2298.0,"data_generator_X":-0.304607},{"data_generator_T":2304.0,"data_generator_X":-1.1417307},{"data_generator_T":2310.0,"data_generator_X":-0.46380824},{"data_generator_T":2316.0,"data_generator_X":-1.186229},{"data_generator_T":2322.0,"data_generator_X":-0.60952884},{"data_generator_T":2328.0,"data_generator_X":0.78819799},{"data_generator_T":2334.0,"data_generator_X":-0.74348783},{"data_generator_T":2340.0,"data_generator_X":2.6525888},{"data_generator_T":2346.0,"data_generator_X":-0.87234026},{"data_generator_T":2352.0,"data_generator_X":3.3693244},{"data_generator_T":2358.0,"data_generator_X":-0.99575168},{"data_generator_T":2364.0,"data_generator_X":0.0000272029},{"data_generator_T":2370.0,"data_generator_X":-1.1101243},{"data_generator_T":2376.0,"data_generator_X":-0.50724971},{"data_generator_T":2382.0,"data_generator_X":-1.2000045},{"data_generator_T":2388.0,"data_generator_X":-0.76297063},{"data_generator_T":2394.0,"data_generator_X":2.9402111},{"data_generator_T":2400.0,"data_generator_X":-0.95613444},{"data_generator_T":2406.0,"data_generator_X":0.056331899},{"data_generator_T":2412.0,"data_generator_X":-1.1170126},{"data_generator_T":2418.0,"data_generator_X":-0.59370404},{"data_generator_T":2424.0,"data_generator_X":1.4862539},{"data_generator_T":2430.0,"data_generator_X":-0.87690622},{"data_generator_T":2436.0,"data_generator_X":1.3493285},{"data_generator_T":2442.0,"data_generator_X":-1.0836315},{"data_generator_T":2448.0,"data_generator_X":-0.55901814},{"data_generator_T":2454.0,"data_generator_X":0.7200259},{"data_generator_T":2460.0,"data_generator_X":-0.89239544},{"data_generator_T":2466.0,"data_generator_X":0.28110194},{"data_generator_T":2472.0,"data_generator_X":-1.1185797},{"data_generator_T":2478.0,"data_generator_X":-0.67311096},{"data_generator_T":2484.0,"data_generator_X":2.696861},{"data_generator_T":2490.0,"data_generator_X":-0.98816705},{"data_generator_T":2496.0,"data_generator_X":-0.38979036},{"data_generator_T":2502.0,"data_generator_X":-1.213812},{"data_generator_T":2508.0,"data_generator_X":-0.86925989},{"data_generator_T":2514.0,"data_generator_X":0.16416906},{"data_generator_T":2520.0,"data_generator_X":-1.1401273},{"data_generator_T":2526.0,"data_generator_X":-0.76150411},{"data_generator_T":2532.0,"data_generator_X":3.3954306},{"data_generator_T":2538.0,"data_generator_X":-1.0845236},{"data_generator_T":2544.0,"data_generator_X":-0.67846715},{"data_generator_T":2550.0,"data_generator_X":2.9637597},{"data_generator_T":2556.0,"data_generator_X":-1.0508171},{"data_generator_T":2562.0,"data_generator_X":-0.63061661},{"data_generator_T":2568.0,"data_generator_X":2.7057633},{"data_generator_T":2574.0,"data_generator_X":-1.0400546},{"data_generator_T":2580.0,"data_generator_X":-0.62772846},{"data_generator_T":2586.0,"data_generator_X":2.7550626},{"data_generator_T":2592.0,"data_generator_X":-1.0520132},{"data_generator_T":2598.0,"data_generator_X":-0.66903865},{"data_generator_T":2604.0,"data_generator_X":3.0991297},{"data_generator_T":2610.0,"data_generator_X":-1.0852625},{"data_generator_T":2616.0,"data_generator_X":-0.74474412},{"data_generator_T":2622.0,"data_generator_X":2.0804727},{"data_generator_T":2628.0,"data_generator_X":-1.1384742},{"data_generator_T":2634.0,"data_generator_X":-0.84538287},{"data_generator_T":2640.0,"data_generator_X":-0.19034514},{"data_generator_T":2646.0,"data_generator_X":-1.203862},{"data_generator_T":2652.0,"data_generator_X":-0.95218062},{"data_generator_T":2658.0,"data_generator_X":-0.52894324},{"data_generator_T":2664.0,"data_generator_X":2.1623106},{"data_generator_T":2670.0,"data_generator_X":-1.0629092},{"data_generator_T":2676.0,"data_generator_X":-0.75329381},{"data_generator_T":2682.0,"data_generator_X":0.28174081},{"data_generator_T":2688.0,"data_generator_X":-1.1749771},{"data_generator_T":2694.0,"data_generator_X":-0.93440318},{"data_generator_T":2700.0,"data_generator_X":-0.53657651},{"data_generator_T":2706.0,"data_generator_X":2.4673822},{"data_generator_T":2712.0,"data_generator_X":-1.0929725},{"data_generator_T":2718.0,"data_generator_X":-0.82888377},{"data_generator_T":2724.0,"data_generator_X":-0.30056176},{"data_generator_T":2730.0,"data_generator_X":-1.2319297},{"data_generator_T":2736.0,"data_generator_X":-1.0381347},{"data_generator_T":2742.0,"data_generator_X":-0.75818026},{"data_generator_T":2748.0,"data_generator_X":-0.068788737},{"data_generator_T":2754.0,"data_generator_X":-1.2080506},{"data_generator_T":2760.0,"data_generator_X":-1.0148709},{"data_generator_T":2766.0,"data_generator_X":-0.73569334},{"data_generator_T":2772.0,"data_generator_X":-0.017618781},{"data_generator_T":2778.0,"data_generator_X":-1.2092247},{"data_generator_T":2784.0,"data_generator_X":-1.022517},{"data_generator_T":2790.0,"data_generator_X":-0.76257068},{"data_generator_T":2796.0,"data_generator_X":-0.20116627},{"data_generator_T":2802.0,"data_generator_X":-1.2303264},{"data_generator_T":2808.0,"data_generator_X":-1.0591956},{"data_generator_T":2814.0,"data_generator_X":-0.83016086},{"data_generator_T":2820.0,"data_generator_X":-0.43099496},{"data_generator_T":2826.0,"data_generator_X":1.4489328},{"data_generator_T":2832.0,"data_generator_X":-1.1251159},{"data_generator_T":2838.0,"data_generator_X":-0.93382728},{"data_generator_T":2844.0,"data_generator_X":-0.65148723},{"data_generator_T":2850.0,"data_generator_X":0.43705729},{"data_generator_T":2856.0,"data_generator_X":-1.2043819},{"data_generator_T":2862.0,"data_generator_X":-1.0453978},{"data_generator_T":2868.0,"data_generator_X":-0.83701181},{"data_generator_T":2874.0,"data_generator_X":-0.49452803},{"data_generator_T":2880.0,"data_generator_X":2.7538111},{"data_generator_T":2886.0,"data_generator_X":-1.1611073},{"data_generator_T":2892.0,"data_generator_X":-1.0016423},{"data_generator_T":2898.0,"data_generator_X":-0.78681153},{"data_generator_T":2904.0,"data_generator_X":-0.41259378},{"data_generator_T":2910.0,"data_generator_X":1.7391431},{"data_generator_T":2916.0,"data_generator_X":-1.1508698},{"data_generator_T":2922.0,"data_generator_X":-0.99829888},{"data_generator_T":2928.0,"data_generator_X":-0.79735976},{"data_generator_T":2934.0,"data_generator_X":-0.4601382},{"data_generator_T":2940.0,"data_generator_X":2.6464708},{"data_generator_T":2946.0,"data_generator_X":-1.1739767},{"data_generator_T":2952.0,"data_generator_X":-1.0376813},{"data_generator_T":2958.0,"data_generator_X":-0.86459637},{"data_generator_T":2964.0,"data_generator_X":-0.60150367},{"data_generator_T":2970.0,"data_generator_X":0.31754425},{"data_generator_T":2976.0,"data_generator_X":-1.2231735},{"data_generator_T":2982.0,"data_generator_X":-1.1044196},{"data_generator_T":2988.0,"data_generator_X":-0.96028948},{"data_generator_T":2994.0,"data_generator_X":-0.76954949},{"data_generator_T":3000.0,"data_generator_X":-0.45429835},{"data_generator_T":3006.0,"data_generator_X":2.818754},{"data_generator_T":3012.0,"data_generator_X":-1.1921281},{"data_generator_T":3018.0,"data_generator_X":-1.0766444},{"data_generator_T":3024.0,"data_generator_X":-0.93711549},{"data_generator_T":3030.0,"data_generator_X":-0.7483353},{"data_generator_T":3036.0,"data_generator_X":-0.43846965},{"data_generator_T":3042.0,"data_generator_X":2.7874482},{"data_generator_T":3048.0,"data_generator_X":-1.2002543},{"data_generator_T":3054.0,"data_generator_X":-1.0943916},{"data_generator_T":3060.0,"data_generator_X":-0.96785319},{"data_generator_T":3066.0,"data_generator_X":-0.80555743},{"data_generator_T":3072.0,"data_generator_X":-0.56530219},{"data_generator_T":3078.0,"data_generator_X":0.21416387},{"data_generator_T":3084.0,"data_generator_X":-1.2395867},{"data_generator_T":3090.0,"data_generator_X":-1.1482924},{"data_generator_T":3096.0,"data_generator_X":-1.0424782},{"data_generator_T":3102.0,"data_generator_X":-0.91430485},{"data_generator_T":3108.0,"data_generator_X":-0.74521476},{"data_generator_T":3114.0,"data_generator_X":-0.47831261},{"data_generator_T":3120.0,"data_generator_X":3.3578346},{"data_generator_T":3126.0,"data_generator_X":-1.2267611},{"data_generator_T":3132.0,"data_generator_X":-1.1408851},{"data_generator_T":3138.0,"data_generator_X":-1.0419302},{"data_generator_T":3144.0,"data_generator_X":-0.92317098},{"data_generator_T":3150.0,"data_generator_X":-0.770845},{"data_generator_T":3156.0,"data_generator_X":-0.54585552},{"data_generator_T":3162.0,"data_generator_X":0.10757744},{"data_generator_T":3168.0,"data_generator_X":-1.250496},{"data_generator_T":3174.0,"data_generator_X":-1.1754552},{"data_generator_T":3180.0,"data_generator_X":-1.090801},{"data_generator_T":3186.0,"data_generator_X":-0.99202001},{"data_generator_T":3192.0,"data_generator_X":-0.87286282},{"data_generator_T":3198.0,"data_generator_X":-0.71528143},{"data_generator_T":3204.0,"data_generator_X":-0.46907577},{"data_generator_T":3210.0,"data_generator_X":2.5689046},{"data_generator_T":3216.0,"data_generator_X":-1.2411772},{"data_generator_T":3222.0,"data_generator_X":-1.1718267},{"data_generator_T":3228.0,"data_generator_X":-1.0944179},{"data_generator_T":3234.0,"data_generator_X":-1.005584},{"data_generator_T":3240.0,"data_generator_X":-0.89961165},{"data_generator_T":3246.0,"data_generator_X":-0.76519704},{"data_generator_T":3252.0,"data_generator_X":-0.57144272},{"data_generator_T":3258.0,"data_generator_X":-0.16797979},{"data_generator_T":3264.0,"data_generator_X":-1.2704325},{"data_generator_T":3270.0,"data_generator_X":-1.2119287},{"data_generator_T":3276.0,"data_generator_X":-1.1468707},{"data_generator_T":3282.0,"data_generator_X":-1.0736419},{"data_generator_T":3288.0,"data_generator_X":-0.99006844},{"data_generator_T":3294.0,"data_generator_X":-0.89172888},{"data_generator_T":3300.0,"data_generator_X":-0.76397735},{"data_generator_T":3306.0,"data_generator_X":-0.58810496},{"data_generator_T":3312.0,"data_generator_X":-0.25875047},{"data_generator_T":3318.0,"data_generator_X":-0.9910779},{"data_generator_T":3324.0,"data_generator_X":-1.2278689},{"data_generator_T":3330.0,"data_generator_X":-1.1714636},{"data_generator_T":3336.0,"data_generator_X":-1.1093376},{"data_generator_T":3342.0,"data_generator_X":-1.0394995},{"data_generator_T":3348.0,"data_generator_X":-0.95730323},{"data_generator_T":3354.0,"data_generator_X":-0.85972065},{"data_generator_T":3360.0,"data_generator_X":-0.73744369},{"data_generator_T":3366.0,"data_generator_X":-0.56241435},{"data_generator_T":3372.0,"data_generator_X":-0.22927932},{"data_generator_T":3378.0,"data_generator_X":-1.2571276},{"data_generator_T":3384.0,"data_generator_X":-1.2337174},{"data_generator_T":3390.0,"data_generator_X":-1.1845189},{"data_generator_T":3396.0,"data_generator_X":-1.1298308},{"data_generator_T":3402.0,"data_generator_X":-1.0684096},{"data_generator_T":3408.0,"data_generator_X":-0.99979484},{"data_generator_T":3414.0,"data_generator_X":-0.92166179},{"data_generator_T":3420.0,"data_generator_X":-0.82752484},{"data_generator_T":3426.0,"data_generator_X":-0.70660877},{"data_generator_T":3432.0,"data_generator_X":-0.52696967},{"data_generator_T":3438.0,"data_generator_X":-0.16923761},{"data_generator_T":3444.0,"data_generator_X":-1.2778682},{"data_generator_T":3450.0,"data_generator_X":-1.237013},{"data_generator_T":3456.0,"data_generator_X":-1.1938361},{"data_generator_T":3462.0,"data_generator_X":-1.1467984},{"data_generator_T":3468.0,"data_generator_X":-1.0949727},{"data_generator_T":3474.0,"data_generator_X":-1.0371343},{"data_generator_T":3480.0,"data_generator_X":-0.97112113},{"data_generator_T":3486.0,"data_generator_X":-0.89473355},{"data_generator_T":3492.0,"data_generator_X":-0.80254781},{"data_generator_T":3498.0,"data_generator_X":-0.68150485},{"data_generator_T":3504.0,"data_generator_X":-0.51149154},{"data_generator_T":3510.0,"data_generator_X":-0.16202009},{"data_generator_T":3516.0,"data_generator_X":-1.2794492},{"data_generator_T":3522.0,"data_generator_X":-1.2444526},{"data_generator_T":3528.0,"data_generator_X":-1.2075187},{"data_generator_T":3534.0,"data_generator_X":-1.1673158},{"data_generator_T":3540.0,"data_generator_X":-1.1236175},{"data_generator_T":3546.0,"data_generator_X":-1.0750279},{"data_generator_T":3552.0,"data_generator_X":-1.0208375},{"data_generator_T":3558.0,"data_generator_X":-0.95967555},{"data_generator_T":3564.0,"data_generator_X":-0.88810515},{"data_generator_T":3570.0,"data_generator_X":-0.80257791},{"data_generator_T":3576.0,"data_generator_X":-0.69430941},{"data_generator_T":3582.0,"data_generator_X":-0.54329401},{"data_generator_T":3588.0,"data_generator_X":-0.27877778},{"data_generator_T":3594.0,"data_generator_X":2.3369794},{"data_generator_T":3600.0,"data_generator_X":-1.2576098},{"data_generator_T":3606.0,"data_generator_X":-1.2267082},{"data_generator_T":3612.0,"data_generator_X":-1.1932014},{"data_generator_T":3618.0,"data_generator_X":-1.1570116},{"data_generator_T":3624.0,"data_generator_X":-1.1172702},{"data_generator_T":3630.0,"data_generator_X":-1.073822},{"data_generator_T":3636.0,"data_generator_X":-1.025035},{"data_generator_T":3642.0,"data_generator_X":-0.97071916},{"data_generator_T":3648.0,"data_generator_X":-0.90758187},{"data_generator_T":3654.0,"data_generator_X":-0.83334446},{"data_generator_T":3660.0,"data_generator_X":-0.7427482},{"data_generator_T":3666.0,"data_generator_X":-0.62480438},{"data_generator_T":3672.0,"data_generator_X":-0.45158193},{"data_generator_T":3678.0,"data_generator_X":-0.040629376},{"data_generator_T":3684.0,"data_generator_X":-1.2768838},{"data_generator_T":3690.0,"data_generator_X":-1.2517188},{"data_generator_T":3696.0,"data_generator_X":-1.2247955},{"data_generator_T":3702.0,"data_generator_X":-1.1955289},{"data_generator_T":3708.0,"data_generator_X":-1.1637717},{"data_generator_T":3714.0,"data_generator_X":-1.1296692},{"data_generator_T":3720.0,"data_generator_X":-1.0921851},{"data_generator_T":3726.0,"data_generator_X":-1.0508301},{"data_generator_T":3732.0,"data_generator_X":-1.0050482},{"data_generator_T":3738.0,"data_generator_X":-0.952748},{"data_generator_T":3744.0,"data_generator_X":-0.89276481},{"data_generator_T":3750.0,"data_generator_X":-0.82303196},{"data_generator_T":3756.0,"data_generator_X":-0.73567098},{"data_generator_T":3762.0,"data_generator_X":-0.62453854},{"data_generator_T":3768.0,"data_generator_X":-0.46364018},{"data_generator_T":3774.0,"data_generator_X":-0.12878095},{"data_generator_T":3780.0,"data_generator_X":-1.2810068},{"data_generator_T":3786.0,"data_generator_X":-1.2597388},{"data_generator_T":3792.0,"data_generator_X":-1.2367834},{"data_generator_T":3798.0,"data_generator_X":-1.2123097},{"data_generator_T":3804.0,"data_generator_X":-1.1858791},{"data_generator_T":3810.0,"data_generator_X":-1.157374},{"data_generator_T":3816.0,"data_generator_X":-1.1263407},{"data_generator_T":3822.0,"data_generator_X":-1.0922763},{"data_generator_T":3828.0,"data_generator_X":-1.0549427},{"data_generator_T":3834.0,"data_generator_X":-1.0136495},{"data_generator_T":3840.0,"data_generator_X":-0.96682149},{"data_generator_T":3846.0,"data_generator_X":-0.91369051},{"data_generator_T":3852.0,"data_generator_X":-0.85227287},{"data_generator_T":3858.0,"data_generator_X":-0.77823752},{"data_generator_T":3864.0,"data_generator_X":-0.68716586},{"data_generator_T":3870.0,"data_generator_X":-0.56621194},{"data_generator_T":3876.0,"data_generator_X":-0.37895417},{"data_generator_T":3882.0,"data_generator_X":0.38180321},{"data_generator_T":3888.0,"data_generator_X":-1.2759135},{"data_generator_T":3894.0,"data_generator_X":-1.2573746},{"data_generator_T":3900.0,"data_generator_X":-1.2371887},{"data_generator_T":3906.0,"data_generator_X":-1.2156702},{"data_generator_T":3912.0,"data_generator_X":-1.1924325},{"data_generator_T":3918.0,"data_generator_X":-1.1672176},{"data_generator_T":3924.0,"data_generator_X":-1.139848},{"data_generator_T":3930.0,"data_generator_X":-1.109977},{"data_generator_T":3936.0,"data_generator_X":-1.0772583},{"data_generator_T":3942.0,"data_generator_X":-1.041371},{"data_generator_T":3948.0,"data_generator_X":-1.0015056},{"data_generator_T":3954.0,"data_generator_X":-0.95648885},{"data_generator_T":3960.0,"data_generator_X":-0.90530318},{"data_generator_T":3966.0,"data_generator_X":-0.84592742},{"data_generator_T":3972.0,"data_generator_X":-0.77507728},{"data_generator_T":3978.0,"data_generator_X":-0.68786067},{"data_generator_T":3984.0,"data_generator_X":-0.57365543},{"data_generator_T":3990.0,"data_generator_X":-0.40090689},{"data_generator_T":3996.0,"data_generator_X":0.074466214},{"data_generator_T":4002.0,"data_generator_X":-1.2805045},{"data_generator_T":4008.0,"data_generator_X":-1.2642969},{"data_generator_T":4014.0,"data_generator_X":-1.2469599},{"data_generator_T":4020.0,"data_generator_X":-1.2282817},{"data_generator_T":4026.0,"data_generator_X":-1.2080564},{"data_generator_T":4032.0,"data_generator_X":-1.1860888},{"data_generator_T":4038.0,"data_generator_X":-1.1622365},{"data_generator_T":4044.0,"data_generator_X":-1.1361285},{"data_generator_T":4050.0,"data_generator_X":-1.1078531},{"data_generator_T":4056.0,"data_generator_X":-1.0763284},{"data_generator_T":4062.0,"data_generator_X":-1.0418286},{"data_generator_T":4068.0,"data_generator_X":-1.0042849},{"data_generator_T":4074.0,"data_generator_X":-0.96306175},{"data_generator_T":4080.0,"data_generator_X":-0.91473347},{"data_generator_T":4086.0,"data_generator_X":-0.85852528},{"data_generator_T":4092.0,"data_generator_X":-0.79357451},{"data_generator_T":4098.0,"data_generator_X":-0.71490926},{"data_generator_T":4104.0,"data_generator_X":-0.61430085},{"data_generator_T":4110.0,"data_generator_X":-0.47059941},{"data_generator_T":4116.0,"data_generator_X":-0.20538563},{"data_generator_T":4122.0,"data_generator_X":0.88128853},{"data_generator_T":4128.0,"data_generator_X":-1.2719761},{"data_generator_T":4134.0,"data_generator_X":-1.2566489},{"data_generator_T":4140.0,"data_generator_X":-1.2399497},{"data_generator_T":4146.0,"data_generator_X":-1.2220066},{"data_generator_T":4152.0,"data_generator_X":-1.2026075},{"data_generator_T":4158.0,"data_generator_X":-1.1814328},{"data_generator_T":4164.0,"data_generator_X":-1.1584791},{"data_generator_T":4170.0,"data_generator_X":-1.1334527},{"data_generator_T":4176.0,"data_generator_X":-1.1061729},{"data_generator_T":4182.0,"data_generator_X":-1.0764326},{"data_generator_T":4188.0,"data_generator_X":-1.043573},{"data_generator_T":4194.0,"data_generator_X":-1.00737},{"data_generator_T":4200.0,"data_generator_X":-0.96648335},{"data_generator_T":4206.0,"data_generator_X":-0.92032737},{"data_generator_T":4212.0,"data_generator_X":-0.86809158},{"data_generator_T":4218.0,"data_generator_X":-0.80576354},{"data_generator_T":4224.0,"data_generator_X":-0.73146278},{"data_generator_T":4230.0,"data_generator_X":-0.6385569},{"data_generator_T":4236.0,"data_generator_X":-0.51048052},{"data_generator_T":4242.0,"data_generator_X":-0.29787999},{"data_generator_T":4248.0,"data_generator_X":3.1772506},{"data_generator_T":4254.0,"data_generator_X":-1.2764634},{"data_generator_T":4260.0,"data_generator_X":-1.2629271},{"data_generator_T":4266.0,"data_generator_X":-1.2480171},{"data_generator_T":4272.0,"data_generator_X":-1.2316496},{"data_generator_T":4278.0,"data_generator_X":-1.2138114},{"data_generator_T":4284.0,"data_generator_X":-1.1942304},{"data_generator_T":4290.0,"data_generator_X":-1.1730374},{"data_generator_T":4296.0,"data_generator_X":-1.1501759},{"data_generator_T":4302.0,"data_generator_X":-1.1247784},{"data_generator_T":4308.0,"data_generator_X":-1.0972953},{"data_generator_T":4314.0,"data_generator_X":-1.0676447},{"data_generator_T":4320.0,"data_generator_X":-1.0345051},{"data_generator_T":4326.0,"data_generator_X":-0.99784857},{"data_generator_T":4332.0,"data_generator_X":-0.95724332},{"data_generator_T":4338.0,"data_generator_X":-0.91069537},{"data_generator_T":4344.0,"data_generator_X":-0.85737348},{"data_generator_T":4350.0,"data_generator_X":-0.79562902},{"data_generator_T":4356.0,"data_generator_X":-0.71859229},{"data_generator_T":4362.0,"data_generator_X":-0.62247783},{"data_generator_T":4368.0,"data_generator_X":-0.48931101},{"data_generator_T":4374.0,"data_generator_X":-0.2579045},{"data_generator_T":4380.0,"data_generator_X":2.6917193},{"data_generator_T":4386.0,"data_generator_X":-1.2754246},{"data_generator_T":4392.0,"data_generator_X":-1.2621715},{"data_generator_T":4398.0,"data_generator_X":-1.2476716},{"data_generator_T":4404.0,"data_generator_X":-1.2317873},{"data_generator_T":4410.0,"data_generator_X":-1.214448},{"data_generator_T":4416.0,"data_generator_X":-1.1955807},{"data_generator_T":4422.0,"data_generator_X":-1.1750308},{"data_generator_T":4428.0,"data_generator_X":-1.1526545},{"data_generator_T":4434.0,"data_generator_X":-1.1281333},{"data_generator_T":4440.0,"data_generator_X":-1.1014789},{"data_generator_T":4446.0,"data_generator_X":-1.0723436},{"data_generator_T":4452.0,"data_generator_X":-1.0403221},{"data_generator_T":4458.0,"data_generator_X":-1.0053282},{"data_generator_T":4464.0,"data_generator_X":-0.96635258},{"data_generator_T":4470.0,"data_generator_X":-0.92164129},{"data_generator_T":4476.0,"data_generator_X":-0.87018347},{"data_generator_T":4482.0,"data_generator_X":-0.8106938},{"data_generator_T":4488.0,"data_generator_X":-0.73884368},{"data_generator_T":4494.0,"data_generator_X":-0.65129101},{"data_generator_T":4500.0,"data_generator_X":-0.52865142},{"data_generator_T":4506.0,"data_generator_X":-0.33852747},{"data_generator_T":4512.0,"data_generator_X":1.2899632},{"data_generator_T":4518.0,"data_generator_X":-1.2787372},{"data_generator_T":4524.0,"data_generator_X":-1.2663922},{"data_generator_T":4530.0,"data_generator_X":-1.2525421},{"data_generator_T":4536.0,"data_generator_X":-1.2373736},{"data_generator_T":4542.0,"data_generator_X":-1.2204611},{"data_generator_T":4548.0,"data_generator_X":-1.202489},{"data_generator_T":4554.0,"data_generator_X":-1.1826534},{"data_generator_T":4560.0,"data_generator_X":-1.1612027},{"data_generator_T":4566.0,"data_generator_X":-1.137517},{"data_generator_T":4572.0,"data_generator_X":-1.1116157},{"data_generator_T":4578.0,"data_generator_X":-1.0832876},{"data_generator_T":4584.0,"data_generator_X":-1.0525607},{"data_generator_T":4590.0,"data_generator_X":-1.0188351},{"data_generator_T":4596.0,"data_generator_X":-0.98168975},{"data_generator_T":4602.0,"data_generator_X":-0.93980044},{"data_generator_T":4608.0,"data_generator_X":-0.8921724},{"data_generator_T":4614.0,"data_generator_X":-0.83699071},{"data_generator_T":4620.0,"data_generator_X":-0.77102292},{"data_generator_T":4626.0,"data_generator_X":-0.69033605},{"data_generator_T":4632.0,"data_generator_X":-0.58378059},{"data_generator_T":4638.0,"data_generator_X":-0.43128362},{"data_generator_T":4644.0,"data_generator_X":-0.11011329},{"data_generator_T":4650.0,"data_generator_X":-1.2843554},{"data_generator_T":4656.0,"data_generator_X":-1.2712964},{"data_generator_T":4662.0,"data_generator_X":-1.2574475},{"data_generator_T":4668.0,"data_generator_X":-1.2429028},{"data_generator_T":4674.0,"data_generator_X":-1.2268567},{"data_generator_T":4680.0,"data_generator_X":-1.209215},{"data_generator_T":4686.0,"data_generator_X":-1.1900855},{"data_generator_T":4692.0,"data_generator_X":-1.1694682},{"data_generator_T":4698.0,"data_generator_X":-1.1471781},{"data_generator_T":4704.0,"data_generator_X":-1.122552},{"data_generator_T":4710.0,"data_generator_X":-1.0958034},{"data_generator_T":4716.0,"data_generator_X":-1.0663795},{"data_generator_T":4722.0,"data_generator_X":-1.0344529},{"data_generator_T":4728.0,"data_generator_X":-0.99821073},{"data_generator_T":4734.0,"data_generator_X":-0.95831776},{"data_generator_T":4740.0,"data_generator_X":-0.91286707},{"data_generator_T":4746.0,"data_generator_X":-0.86096472},{"data_generator_T":4752.0,"data_generator_X":-0.80041224},{"data_generator_T":4758.0,"data_generator_X":-0.72711349},{"data_generator_T":4764.0,"data_generator_X":-0.63422501},{"data_generator_T":4770.0,"data_generator_X":-0.5086357},{"data_generator_T":4776.0,"data_generator_X":-0.30074376},{"data_generator_T":4782.0,"data_generator_X":3.253113},{"data_generator_T":4788.0,"data_generator_X":-1.2767864},{"data_generator_T":4794.0,"data_generator_X":-1.2639701},{"data_generator_T":4800.0,"data_generator_X":-1.2500925},{"data_generator_T":4806.0,"data_generator_X":-1.2349474},{"data_generator_T":4812.0,"data_generator_X":-1.2185318},{"data_generator_T":4818.0,"data_generator_X":-1.2005205},{"data_generator_T":4824.0,"data_generator_X":-1.1809845},{"data_generator_T":4830.0,"data_generator_X":-1.159641},{"data_generator_T":4836.0,"data_generator_X":-1.1364703},{"data_generator_T":4842.0,"data_generator_X":-1.1111548},{"data_generator_T":4848.0,"data_generator_X":-1.0835311},{"data_generator_T":4854.0,"data_generator_X":-1.0532422},{"data_generator_T":4860.0,"data_generator_X":-1.0196028},{"data_generator_T":4866.0,"data_generator_X":-0.98220104},{"data_generator_T":4872.0,"data_generator_X":-0.93996525},{"data_generator_T":4878.0,"data_generator_X":-0.8928678},{"data_generator_T":4884.0,"data_generator_X":-0.83718634},{"data_generator_T":4890.0,"data_generator_X":-0.77208847},{"data_generator_T":4896.0,"data_generator_X":-0.69274235},{"data_generator_T":4902.0,"data_generator_X":-0.58994555},{"data_generator_T":4908.0,"data_generator_X":-0.44239616},{"data_generator_T":4914.0,"data_generator_X":-0.1479983},{"data_generator_T":4920.0,"data_generator_X":-1.280772},{"data_generator_T":4926.0,"data_generator_X":-1.2721364},{"data_generator_T":4932.0,"data_generator_X":-1.2591333},{"data_generator_T":4938.0,"data_generator_X":-1.2449726},{"data_generator_T":4944.0,"data_generator_X":-1.2295198},{"data_generator_T":4950.0,"data_generator_X":-1.2126626},{"data_generator_T":4956.0,"data_generator_X":-1.1942745},{"data_generator_T":4962.0,"data_generator_X":-1.1742516},{"data_generator_T":4968.0,"data_generator_X":-1.1523051},{"data_generator_T":4974.0,"data_generator_X":-1.1285584},{"data_generator_T":4980.0,"data_generator_X":-1.1023092},{"data_generator_T":4986.0,"data_generator_X":-1.0735399},{"data_generator_T":4992.0,"data_generator_X":-1.0422828},{"data_generator_T":4998.0,"data_generator_X":-1.0084807},{"data_generator_T":5004.0,"data_generator_X":-0.97006428},{"data_generator_T":5010.0,"data_generator_X":-0.92612207},{"data_generator_T":5016.0,"data_generator_X":-0.87606931},{"data_generator_T":5022.0,"data_generator_X":-0.81889915},{"data_generator_T":5028.0,"data_generator_X":-0.75050449},{"data_generator_T":5034.0,"data_generator_X":-0.66595954},{"data_generator_T":5040.0,"data_generator_X":-0.55352926},{"data_generator_T":5046.0,"data_generator_X":-0.3838484},{"data_generator_T":5052.0,"data_generator_X":0.099846661},{"data_generator_T":5058.0,"data_generator_X":-1.2813793},{"data_generator_T":5064.0,"data_generator_X":-1.2694135},{"data_generator_T":5070.0,"data_generator_X":-1.2561001},{"data_generator_T":5076.0,"data_generator_X":-1.2417018},{"data_generator_T":5082.0,"data_generator_X":-1.2259933},{"data_generator_T":5088.0,"data_generator_X":-1.2088114},{"data_generator_T":5094.0,"data_generator_X":-1.190071},{"data_generator_T":5100.0,"data_generator_X":-1.1696218},{"data_generator_T":5106.0,"data_generator_X":-1.1473192},{"data_generator_T":5112.0,"data_generator_X":-1.1230869},{"data_generator_T":5118.0,"data_generator_X":-1.0962316},{"data_generator_T":5124.0,"data_generator_X":-1.0669791},{"data_generator_T":5130.0,"data_generator_X":-1.0352739},{"data_generator_T":5136.0,"data_generator_X":-1.0006355},{"data_generator_T":5142.0,"data_generator_X":-0.96096748},{"data_generator_T":5148.0,"data_generator_X":-0.91579789},{"data_generator_T":5154.0,"data_generator_X":-0.86439598},{"data_generator_T":5160.0,"data_generator_X":-0.8052215},{"data_generator_T":5166.0,"data_generator_X":-0.73388696},{"data_generator_T":5172.0,"data_generator_X":-0.64526671},{"data_generator_T":5178.0,"data_generator_X":-0.52327204},{"data_generator_T":5184.0,"data_generator_X":-0.33177727},{"data_generator_T":5190.0,"data_generator_X":1.8220634},{"data_generator_T":5196.0,"data_generator_X":-1.2785848},{"data_generator_T":5202.0,"data_generator_X":-1.2662514},{"data_generator_T":5208.0,"data_generator_X":-1.2528036},{"data_generator_T":5214.0,"data_generator_X":-1.2382195},{"data_generator_T":5220.0,"data_generator_X":-1.2222303},{"data_generator_T":5226.0,"data_generator_X":-1.2047181},{"data_generator_T":5232.0,"data_generator_X":-1.1856483},{"data_generator_T":5238.0,"data_generator_X":-1.1646656},{"data_generator_T":5244.0,"data_generator_X":-1.1419585},{"data_generator_T":5250.0,"data_generator_X":-1.117334},{"data_generator_T":5256.0,"data_generator_X":-1.0899836},{"data_generator_T":5262.0,"data_generator_X":-1.0603569},{"data_generator_T":5268.0,"data_generator_X":-1.0280426},{"data_generator_T":5274.0,"data_generator_X":-0.99174875},{"data_generator_T":5280.0,"data_generator_X":-0.95120353},{"data_generator_T":5286.0,"data_generator_X":-0.90538758},{"data_generator_T":5292.0,"data_generator_X":-0.85280597},{"data_generator_T":5298.0,"data_generator_X":-0.79138631},{"data_generator_T":5304.0,"data_generator_X":-0.71531349},{"data_generator_T":5310.0,"data_generator_X":-0.6203199},{"data_generator_T":5316.0,"data_generator_X":-0.48894551},{"data_generator_T":5322.0,"data_generator_X":-0.26236123},{"data_generator_T":5328.0,"data_generator_X":2.7842073},{"data_generator_T":5334.0,"data_generator_X":-1.2761434},{"data_generator_T":5340.0,"data_generator_X":-1.2636108},{"data_generator_T":5346.0,"data_generator_X":-1.2497381},{"data_generator_T":5352.0,"data_generator_X":-1.234743},{"data_generator_T":5358.0,"data_generator_X":-1.2184064},{"data_generator_T":5364.0,"data_generator_X":-1.2005599},{"data_generator_T":5370.0,"data_generator_X":-1.1810986},{"data_generator_T":5376.0,"data_generator_X":-1.1598542},{"data_generator_T":5382.0,"data_generator_X":-1.1367127},{"data_generator_T":5388.0,"data_generator_X":-1.1114587},{"data_generator_T":5394.0,"data_generator_X":-1.0835217},{"data_generator_T":5400.0,"data_generator_X":-1.0530943},{"data_generator_T":5406.0,"data_generator_X":-1.0201181},{"data_generator_T":5412.0,"data_generator_X":-0.9836266},{"data_generator_T":5418.0,"data_generator_X":-0.94169968},{"data_generator_T":5424.0,"data_generator_X":-0.89383036},{"data_generator_T":5430.0,"data_generator_X":-0.83921772},{"data_generator_T":5436.0,"data_generator_X":-0.77524477},{"data_generator_T":5442.0,"data_generator_X":-0.69694251},{"data_generator_T":5448.0,"data_generator_X":-0.59677881},{"data_generator_T":5454.0,"data_generator_X":-0.45213604},{"data_generator_T":5460.0,"data_generator_X":-0.17610584},{"data_generator_T":5466.0,"data_generator_X":-1.0811857},{"data_generator_T":5472.0,"data_generator_X":-1.2729664},{"data_generator_T":5478.0,"data_generator_X":-1.2601748},{"data_generator_T":5484.0,"data_generator_X":-1.2462413},{"data_generator_T":5490.0,"data_generator_X":-1.2309816},{"data_generator_T":5496.0,"data_generator_X":-1.2143137},{"data_generator_T":5502.0,"data_generator_X":-1.1961043},{"data_generator_T":5508.0,"data_generator_X":-1.1762955},{"data_generator_T":5514.0,"data_generator_X":-1.1546628},{"data_generator_T":5520.0,"data_generator_X":-1.1311285},{"data_generator_T":5526.0,"data_generator_X":-1.1053475},{"data_generator_T":5532.0,"data_generator_X":-1.0773485},{"data_generator_T":5538.0,"data_generator_X":-1.0466841},{"data_generator_T":5544.0,"data_generator_X":-1.0123227},{"data_generator_T":5550.0,"data_generator_X":-0.97429758},{"data_generator_T":5556.0,"data_generator_X":-0.93198436},{"data_generator_T":5562.0,"data_generator_X":-0.88343465},{"data_generator_T":5568.0,"data_generator_X":-0.82715589},{"data_generator_T":5574.0,"data_generator_X":-0.76053482},{"data_generator_T":5580.0,"data_generator_X":-0.67793447},{"data_generator_T":5586.0,"data_generator_X":-0.56925482},{"data_generator_T":5592.0,"data_generator_X":-0.41082191},{"data_generator_T":5598.0,"data_generator_X":-0.039255943},{"data_generator_T":5604.0,"data_generator_X":-1.2830861},{"data_generator_T":5610.0,"data_generator_X":-1.2710614},{"data_generator_T":5616.0,"data_generator_X":-1.2582262},{"data_generator_T":5622.0,"data_generator_X":-1.2440239},{"data_generator_T":5628.0,"data_generator_X":-1.2283931},{"data_generator_T":5634.0,"data_generator_X":-1.2113247},{"data_generator_T":5640.0,"data_generator_X":-1.19283},{"data_generator_T":5646.0,"data_generator_X":-1.1724646},{"data_generator_T":5652.0,"data_generator_X":-1.1504117},{"data_generator_T":5658.0,"data_generator_X":-1.1263543},{"data_generator_T":5664.0,"data_generator_X":-1.0999187},{"data_generator_T":5670.0,"data_generator_X":-1.071344},{"data_generator_T":5676.0,"data_generator_X":-1.0395058},{"data_generator_T":5682.0,"data_generator_X":-1.0048149},{"data_generator_T":5688.0,"data_generator_X":-0.96628761},{"data_generator_T":5694.0,"data_generator_X":-0.92154372},{"data_generator_T":5700.0,"data_generator_X":-0.87111229},{"data_generator_T":5706.0,"data_generator_X":-0.81337702},{"data_generator_T":5712.0,"data_generator_X":-0.74384445},{"data_generator_T":5718.0,"data_generator_X":-0.65617782},{"data_generator_T":5724.0,"data_generator_X":-0.54051483},{"data_generator_T":5730.0,"data_generator_X":-0.35980916},{"data_generator_T":5736.0,"data_generator_X":0.35841131},{"data_generator_T":5742.0,"data_generator_X":-1.2800955},{"data_generator_T":5748.0,"data_generator_X":-1.2680455},{"data_generator_T":5754.0,"data_generator_X":-1.2548449},{"data_generator_T":5760.0,"data_generator_X":-1.2403551},{"data_generator_T":5766.0,"data_generator_X":-1.224457},{"data_generator_T":5772.0,"data_generator_X":-1.2071599},{"data_generator_T":5778.0,"data_generator_X":-1.1880579},{"data_generator_T":5784.0,"data_generator_X":-1.1673601},{"data_generator_T":5790.0,"data_generator_X":-1.1450516},{"data_generator_T":5796.0,"data_generator_X":-1.1202301},{"data_generator_T":5802.0,"data_generator_X":-1.0933515},{"data_generator_T":5808.0,"data_generator_X":-1.0643958},{"data_generator_T":5814.0,"data_generator_X":-1.0319736},{"data_generator_T":5820.0,"data_generator_X":-0.9960984},{"data_generator_T":5826.0,"data_generator_X":-0.95636016},{"data_generator_T":5832.0,"data_generator_X":-0.91097814},{"data_generator_T":5838.0,"data_generator_X":-0.85905689},{"data_generator_T":5844.0,"data_generator_X":-0.79892612},{"data_generator_T":5850.0,"data_generator_X":-0.72444159},{"data_generator_T":5856.0,"data_generator_X":-0.6320523},{"data_generator_T":5862.0,"data_generator_X":-0.50595927},{"data_generator_T":5868.0,"data_generator_X":-0.29698318},{"data_generator_T":5874.0,"data_generator_X":3.2117369},{"data_generator_T":5880.0,"data_generator_X":-1.2776669},{"data_generator_T":5886.0,"data_generator_X":-1.2652159},{"data_generator_T":5892.0,"data_generator_X":-1.2513521},{"data_generator_T":5898.0,"data_generator_X":-1.2364329},{"data_generator_T":5904.0,"data_generator_X":-1.2201052},{"data_generator_T":5910.0,"data_generator_X":-1.2023622},{"data_generator_T":5916.0,"data_generator_X":-1.1830639},{"data_generator_T":5922.0,"data_generator_X":-1.1619964},{"data_generator_T":5928.0,"data_generator_X":-1.1391095},{"data_generator_T":5934.0,"data_generator_X":-1.1141155},{"data_generator_T":5940.0,"data_generator_X":-1.0867163},{"data_generator_T":5946.0,"data_generator_X":-1.0565675},{"data_generator_T":5952.0,"data_generator_X":-1.023633},{"data_generator_T":5958.0,"data_generator_X":-0.98667634},{"data_generator_T":5964.0,"data_generator_X":-0.94549334},{"data_generator_T":5970.0,"data_generator_X":-0.89945167},{"data_generator_T":5976.0,"data_generator_X":-0.84527862},{"data_generator_T":5982.0,"data_generator_X":-0.78116369},{"data_generator_T":5988.0,"data_generator_X":-0.70451421},{"data_generator_T":5994.0,"data_generator_X":-0.60605085},{"data_generator_T":6000.0,"data_generator_X":-0.46749932}]