[{"data_set_T":0.0,"data_set_X":-0.81770003,"data_set_Y":-3.865},{"data_set_T":1.0,"data_set_X":-0.80104393,"data_set_Y":-3.744607},{"data_set_T":2.0,"data_set_X":-0.78475744,"data_set_Y":-3.6221218},{"data_set_T":3.0,"data_set_X":-0.76770675,"data_set_Y":-3.4975688},{"data_set_T":4.0,"data_set_X":-0.74976063,"data_set_Y":-3.3708246},{"data_set_T":5.0,"data_set_X":-0.73096001,"data_set_Y":-3.2417555},{"data_set_T":6.0,"data_set_X":-0.71124661,"data_set_Y":-3.1102357},{"data_set_T":7.0,"data_set_X":-0.69045568,"data_set_Y":-2.9761233},{"data_set_T":8.0,"data_set_X":-0.66844183,"data_set_Y":-2.8392775},{"data_set_T":9.0,"data_set_X":-0.64503074,"data_set_Y":-2.6995409},{"data_set_T":10.0,"data_set_X":-0.61992091,"data_set_Y":-2.5567174},{"data_set_T":11.0,"data_set_X":-0.59296495,"data_set_Y":-2.4106541},{"data_set_T":12.0,"data_set_X":-0.56381869,"data_set_Y":-2.261086},{"data_set_T":13.0,"data_set_X":-0.53228343,"data_set_Y":-2.1078455},{"data_set_T":14.0,"data_set_X":-0.49740592,"data_set_Y":-1.9506507},{"data_set_T":15.0,"data_set_X":-0.45871291,"data_set_Y":-1.7892781},{"data_set_T":16.0,"data_set_X":-0.41480953,"data_set_Y":-1.6235162},{"data_set_T":17.0,"data_set_X":-0.36291593,"data_set_Y":-1.4531378},{"data_set_T":18.0,"data_set_X":-0.3013421,"data_set_Y":-1.2778292},{"data_set_T":19.0,"data_set_X":-0.22379708,"data_set_Y":-1.0977829},{"data_set_T":20.0,"data_set_X":-0.11543089,"data_set_Y":-0.91426778},{"data_set_T":21.0,"data_set_X":0.075745404,"data_set_Y":-0.73416775},{"data_set_T":22.0,"data_set_X":0.86906946,"data_set_Y":-0.65468335},{"data_set_T":23.0,"data_set_X":3.2176549,"data_set_Y":-4.4936004},{"data_set_T":24.0,"data_set_X":2.4736338,"data_set_Y":-8.3234282},{"data_set_T":25.0,"data_set_X":-1.1471612,"data_set_Y":-8.8139515},{"data_set_T":26.0,"data_set_X":-1.2719163,"data_set_Y":-8.7189903},{"data_set_T":27.0,"data_set_X":-1.2663658,"data_set_Y":-8.63727},{"data_set_T":28.0,"data_set_X":-1.2603114,"data_set_Y":-8.5554466},{"data_set_T":29.0,"data_set_X":-1.2542613,"data_set_Y":-8.4734516},{"data_set_T":30.0,"data_set_X":-1.2481731,"data_set_Y":-8.3912773},{"data_set_T":31.0,"data_set_X":-1.2419571,"data_set_Y":-8.3085346},{"data_set_T":32.0,"data_set_X":-1.2356783,"data_set_Y":-8.2254601},{"data_set_T":33.0,"data_set_X":-1.2293996,"data_set_Y":-8.1423855},{"data_set_T":34.0,"data_set_X":-1.2230607,"data_set_Y":-8.0590477},{"data_set_T":35.0,"data_set_X":-1.2165787,"data_set_Y":-7.9750829},{"data_set_T":36.0,"data_set_X":-1.2100967,"data_set_Y":-7.891118},{"data_set_T":37.0,"data_set_X":-1.2036099,"data_set_Y":-7.8071322},{"data_set_T":38.0,"data_set_X":-1.1968837,"data_set_Y":-7.7220912},{"data_set_T":39.0,"data_set_X":-1.1901574,"data_set_Y":-7.6370502},{"data_set_T":40.0,"data_set_X":-1.1834311,"data_set_Y":-7.5520086},{"data_set_T":41.0,"data_set_X":-1.1764802,"data_set_Y":-7.4659986},{"data_set_T":42.0,"data_set_X":-1.1694518,"data_set_Y":-7.3796549},{"data_set_T":43.0,"data_set_X":-1.1624236,"data_set_Y":-7.2933111},{"data_set_T":44.0,"data_set_X":-1.1553156,"data_set_Y":-7.2065787},{"data_set_T":45.0,"data_set_X":-1.1480708,"data_set_Y":-7.1191778},{"data_set_T":46.0,"data_set_X":-1.1407628,"data_set_Y":-7.0314689},{"data_set_T":47.0,"data_set_X":-1.1333916,"data_set_Y":-6.9434519},{"data_set_T":48.0,"data_set_X":-1.1259573,"data_set_Y":-6.8551264},{"data_set_T":49.0,"data_set_X":-1.1183772,"data_set_Y":-6.7662129},{"data_set_T":50.0,"data_set_X":-1.1106236,"data_set_Y":-6.6766176},{"data_set_T":51.0,"data_set_X":-1.1027519,"data_set_Y":-6.5865283},{"data_set_T":52.0,"data_set_X":-1.094762,"data_set_Y":-6.495944},{"data_set_T":53.0,"data_set_X":-1.0866541,"data_set_Y":-6.4048657},{"data_set_T":54.0,"data_set_X":-1.0783769,"data_set_Y":-6.3130126},{"data_set_T":55.0,"data_set_X":-1.0699282,"data_set_Y":-6.2203703},{"data_set_T":56.0,"data_set_X":-1.0613321,"data_set_Y":-6.1270733},{"data_set_T":57.0,"data_set_X":-1.0525889,"data_set_Y":-6.0331216},{"data_set_T":58.0,"data_set_X":-1.0436984,"data_set_Y":-5.9385157},{"data_set_T":59.0,"data_set_X":-1.0346047,"data_set_Y":-5.8429327},{"data_set_T":60.0,"data_set_X":-1.0253172,"data_set_Y":-5.7464275},{"data_set_T":61.0,"data_set_X":-1.0158545,"data_set_Y":-5.649107},{"data_set_T":62.0,"data_set_X":-1.0062168,"data_set_Y":-5.5509715},{"data_set_T":63.0,"data_set_X":-0.99640375,"data_set_Y":-5.4520206},{"data_set_T":64.0,"data_set_X":-0.98630732,"data_set_Y":-5.3518395},{"data_set_T":65.0,"data_set_X":-0.97596478,"data_set_Y":-5.2505713},{"data_set_T":66.0,"data_set_X":-0.96539932,"data_set_Y":-5.148304},{"data_set_T":67.0,"data_set_X":-0.95461094,"data_set_Y":-5.0450387},{"data_set_T":68.0,"data_set_X":-0.94359964,"data_set_Y":-4.9407749},{"data_set_T":69.0,"data_set_X":-0.93217283,"data_set_Y":-4.8349323},{"data_set_T":70.0,"data_set_X":-0.92042434,"data_set_Y":-4.7277942},{"data_set_T":71.0,"data_set_X":-0.90837693,"data_set_Y":-4.6194282},{"data_set_T":72.0,"data_set_X":-0.8960306,"data_set_Y":-4.5098352},{"data_set_T":73.0,"data_set_X":-0.88338536,"data_set_Y":-4.3990145},{"data_set_T":74.0,"data_set_X":-0.8701238,"data_set_Y":-4.2861342},{"data_set_T":75.0,"data_set_X":-0.85643834,"data_set_Y":-4.1716986},{"data_set_T":76.0,"data_set_X":-0.84234101,"data_set_Y":-4.0557394},{"data_set_T":77.0,"data_set_X":-0.8278318,"data_set_Y":-3.9382563},{"data_set_T":78.0,"data_set_X":-0.81289428,"data_set_Y":-3.8192132},{"data_set_T":79.0,"data_set_X":-0.79703718,"data_set_Y":-3.6975222},{"data_set_T":80.0,"data_set_X":-0.78059322,"data_set_Y":-3.5739202},{"data_set_T":81.0,"data_set_X":-0.76356256,"data_set_Y":-3.4484072},{"data_set_T":82.0,"data_set_X":-0.7459451,"data_set_Y":-3.3209832},{"data_set_T":83.0,"data_set_X":-0.72710299,"data_set_Y":-3.1916614},{"data_set_T":84.0,"data_set_X":-0.70332098,"data_set_Y":-3.0597081},{"data_set_T":85.0,"data_set_X":-0.6820612,"data_set_Y":-2.9245863},{"data_set_T":86.0,"data_set_X":-0.65961123,"data_set_Y":-2.7866387},{"data_set_T":87.0,"data_set_X":-0.63556796,"data_set_Y":-2.6457431},{"data_set_T":88.0,"data_set_X":-0.60959595,"data_set_Y":-2.5014129},{"data_set_T":89.0,"data_set_X":-0.58181763,"data_set_Y":-2.3537939},{"data_set_T":90.0,"data_set_X":-0.55180544,"data_set_Y":-2.2027128},{"data_set_T":91.0,"data_set_X":-0.51892996,"data_set_Y":-2.0478704},{"data_set_T":92.0,"data_set_X":-0.48268485,"data_set_Y":-1.8889918},{"data_set_T":93.0,"data_set_X":-0.44184071,"data_set_Y":-1.725812},{"data_set_T":94.0,"data_set_X":-0.39507923,"data_set_Y":-1.5580262},{"data_set_T":95.0,"data_set_X":-0.34050053,"data_set_Y":-1.3856081},{"data_set_T":96.0,"data_set_X":-0.27364236,"data_set_Y":-1.2083733},{"data_set_T":97.0,"data_set_X":-0.18670283,"data_set_Y":-1.0266833},{"data_set_T":98.0,"data_set_X":-0.056988496,"data_set_Y":-0.84292161},{"data_set_T":99.0,"data_set_X":0.21976273,"data_set_Y":-0.67262655},{"data_set_T":100.0,"data_set_X":2.6892612,"data_set_Y":-1.2212679},{"data_set_T":101.0,"data_set_X":2.9764459,"data_set_Y":-6.3064008},{"data_set_T":102.0,"data_set_X":1.8980134,"data_set_Y":-9.0126247},{"data_set_T":103.0,"data_set_X":-1.2744466,"data_set_Y":-8.7815866},{"data_set_T":104.0,"data_set_X":-1.2709218,"data_set_Y":-8.699892},{"data_set_T":105.0,"data_set_X":-1.2649289,"data_set_Y":-8.6181335},{"data_set_T":106.0,"data_set_X":-1.2588193,"data_set_Y":-8.5356817},{"data_set_T":107.0,"data_set_X":-1.2526931,"data_set_Y":-8.4531441},{"data_set_T":108.0,"data_set_X":-1.2465667,"data_set_Y":-8.3706055},{"data_set_T":109.0,"data_set_X":-1.2404404,"data_set_Y":-8.2880669},{"data_set_T":110.0,"data_set_X":-1.2341141,"data_set_Y":-8.2046843},{"data_set_T":111.0,"data_set_X":-1.2277622,"data_set_Y":-8.1211939},{"data_set_T":112.0,"data_set_X":-1.2214104,"data_set_Y":-8.0377026},{"data_set_T":113.0,"data_set_X":-1.2150586,"data_set_Y":-7.9542122},{"data_set_T":114.0,"data_set_X":-1.2084318,"data_set_Y":-7.8696055},{"data_set_T":115.0,"data_set_X":-1.2017717,"data_set_Y":-7.7848635},{"data_set_T":116.0,"data_set_X":-1.1951115,"data_set_Y":-7.7001214},{"data_set_T":117.0,"data_set_X":-1.1884514,"data_set_Y":-7.6153793},{"data_set_T":118.0,"data_set_X":-1.1815386,"data_set_Y":-7.5293012},{"data_set_T":119.0,"data_set_X":-1.1745964,"data_set_Y":-7.4430685},{"data_set_T":120.0,"data_set_X":-1.1676544,"data_set_Y":-7.3568363},{"data_set_T":121.0,"data_set_X":-1.1607122,"data_set_Y":-7.2706037},{"data_set_T":122.0,"data_set_X":-1.1535373,"data_set_Y":-7.1833754},{"data_set_T":123.0,"data_set_X":-1.1462698,"data_set_Y":-7.0957513},{"data_set_T":124.0,"data_set_X":-1.1389318,"data_set_Y":-7.0078254},{"data_set_T":125.0,"data_set_X":-1.1315231,"data_set_Y":-6.9195976},{"data_set_T":126.0,"data_set_X":-1.1240438,"data_set_Y":-6.831068},{"data_set_T":127.0,"data_set_X":-1.1164941,"data_set_Y":-6.7422366},{"data_set_T":128.0,"data_set_X":-1.1087824,"data_set_Y":-6.6527181},{"data_set_T":129.0,"data_set_X":-1.1008615,"data_set_Y":-6.5623136},{"data_set_T":130.0,"data_set_X":-1.0928154,"data_set_Y":-6.4713759},{"data_set_T":131.0,"data_set_X":-1.0846438,"data_set_Y":-6.3799052},{"data_set_T":132.0,"data_set_X":-1.0763469,"data_set_Y":-6.2879014},{"data_set_T":133.0,"data_set_X":-1.0679246,"data_set_Y":-6.195365},{"data_set_T":134.0,"data_set_X":-1.0593686,"data_set_Y":-6.1022511},{"data_set_T":135.0,"data_set_X":-1.0505469,"data_set_Y":-6.0078454},{"data_set_T":136.0,"data_set_X":-1.0415604,"data_set_Y":-5.9126945},{"data_set_T":137.0,"data_set_X":-1.0324091,"data_set_Y":-5.8167973},{"data_set_T":138.0,"data_set_X":-1.023093,"data_set_Y":-5.7201548},{"data_set_T":139.0,"data_set_X":-1.0136122,"data_set_Y":-5.622766},{"data_set_T":140.0,"data_set_X":-1.0039665,"data_set_Y":-5.524632},{"data_set_T":141.0,"data_set_X":-0.99403805,"data_set_Y":-5.4252195},{"data_set_T":142.0,"data_set_X":-0.98383737,"data_set_Y":-5.3245769},{"data_set_T":143.0,"data_set_X":-0.97342014,"data_set_Y":-5.2229552},{"data_set_T":144.0,"data_set_X":-0.96278632,"data_set_Y":-5.1203542},{"data_set_T":145.0,"data_set_X":-0.95193601,"data_set_Y":-5.0167742},{"data_set_T":146.0,"data_set_X":-0.94086909,"data_set_Y":-4.9122148},{"data_set_T":147.0,"data_set_X":-0.92951751,"data_set_Y":-4.8064537},{"data_set_T":148.0,"data_set_X":-0.91766185,"data_set_Y":-4.6987753},{"data_set_T":149.0,"data_set_X":-0.90549928,"data_set_Y":-4.5898228},{"data_set_T":150.0,"data_set_X":-0.89302975,"data_set_Y":-4.4795961},{"data_set_T":151.0,"data_set_X":-0.88025337,"data_set_Y":-4.3680954},{"data_set_T":152.0,"data_set_X":-0.8671701,"data_set_Y":-4.2553205},{"data_set_T":153.0,"data_set_X":-0.85377985,"data_set_Y":-4.1412716},{"data_set_T":154.0,"data_set_X":-0.83916366,"data_set_Y":-4.0252695},{"data_set_T":155.0,"data_set_X":-0.82341242,"data_set_Y":-3.9073808},{"data_set_T":156.0,"data_set_X":-0.80689549,"data_set_Y":-3.7876353},{"data_set_T":157.0,"data_set_X":-0.79044956,"data_set_Y":-3.6657071},{"data_set_T":158.0,"data_set_X":-0.77364784,"data_set_Y":-3.5417626},{"data_set_T":159.0,"data_set_X":-0.75606525,"data_set_Y":-3.4155612},{"data_set_T":160.0,"data_set_X":-0.73760718,"data_set_Y":-3.2870498},{"data_set_T":161.0,"data_set_X":-0.71835983,"data_set_Y":-3.1562545},{"data_set_T":162.0,"data_set_X":-0.69783539,"data_set_Y":-3.0226822},{"data_set_T":163.0,"data_set_X":-0.67626268,"data_set_Y":-2.8865643},{"data_set_T":164.0,"data_set_X":-0.65332133,"data_set_Y":-2.7475536},{"data_set_T":165.0,"data_set_X":-0.62879205,"data_set_Y":-2.6054122},{"data_set_T":166.0,"data_set_X":-0.60284686,"data_set_Y":-2.4603269},{"data_set_T":167.0,"data_set_X":-0.57421774,"data_set_Y":-2.3118379},{"data_set_T":168.0,"data_set_X":-0.54304987,"data_set_Y":-2.1597745},{"data_set_T":169.0,"data_set_X":-0.50915664,"data_set_Y":-2.0038357},{"data_set_T":170.0,"data_set_X":-0.47166726,"data_set_Y":-1.8437235},{"data_set_T":171.0,"data_set_X":-0.42958546,"data_set_Y":-1.6793716},{"data_set_T":172.0,"data_set_X":-0.38108635,"data_set_Y":-1.51041},{"data_set_T":173.0,"data_set_X":-0.32363871,"data_set_Y":-1.3366413},{"data_set_T":174.0,"data_set_X":-0.25221276,"data_set_Y":-1.1581335},{"data_set_T":175.0,"data_set_X":-0.15653211,"data_set_Y":-0.97549182},{"data_set_T":176.0,"data_set_X":-0.004824827,"data_set_Y":-0.79249418},{"data_set_T":177.0,"data_set_X":0.39953363,"data_set_Y":-0.64103782},{"data_set_T":178.0,"data_set_X":3.3446088,"data_set_Y":-2.6692619},{"data_set_T":179.0,"data_set_X":2.7708542,"data_set_Y":-7.3614993},{"data_set_T":180.0,"data_set_X":0.80719256,"data_set_Y":-9.0763283},{"data_set_T":181.0,"data_set_X":-1.2761449,"data_set_Y":-8.767601},{"data_set_T":182.0,"data_set_X":-1.2704602,"data_set_Y":-8.6859827},{"data_set_T":183.0,"data_set_X":-1.2641364,"data_set_Y":-8.6042719},{"data_set_T":184.0,"data_set_X":-1.2586442,"data_set_Y":-8.5223656},{"data_set_T":185.0,"data_set_X":-1.2515953,"data_set_Y":-8.4404497},{"data_set_T":186.0,"data_set_X":-1.2460029,"data_set_Y":-8.3581905},{"data_set_T":187.0,"data_set_X":-1.2394915,"data_set_Y":-8.2757607},{"data_set_T":188.0,"data_set_X":-1.2330657,"data_set_Y":-8.1931515},{"data_set_T":189.0,"data_set_X":-1.2268804,"data_set_Y":-8.1101913},{"data_set_T":190.0,"data_set_X":-1.220543,"data_set_Y":-8.026969},{"data_set_T":191.0,"data_set_X":-1.2142458,"data_set_Y":-7.9435682},{"data_set_T":192.0,"data_set_X":-1.2076104,"data_set_Y":-7.8599339},{"data_set_T":193.0,"data_set_X":-1.2011316,"data_set_Y":-7.7759976},{"data_set_T":194.0,"data_set_X":-1.1945171,"data_set_Y":-7.6917596},{"data_set_T":195.0,"data_set_X":-1.1878223,"data_set_Y":-7.6072092},{"data_set_T":196.0,"data_set_X":-1.1811293,"data_set_Y":-7.5223217},{"data_set_T":197.0,"data_set_X":-1.1742579,"data_set_Y":-7.4370842},{"data_set_T":198.0,"data_set_X":-1.167256,"data_set_Y":-7.3514619},{"data_set_T":199.0,"data_set_X":-1.1601542,"data_set_Y":-7.2654009},{"data_set_T":200.0,"data_set_X":-1.1530118,"data_set_Y":-7.1788549},{"data_set_T":201.0,"data_set_X":-1.1457709,"data_set_Y":-7.0918627},{"data_set_T":202.0,"data_set_X":-1.1384317,"data_set_Y":-7.0044241},{"data_set_T":203.0,"data_set_X":-1.1309941,"data_set_Y":-6.9165382},{"data_set_T":204.0,"data_set_X":-1.1234394,"data_set_Y":-6.8280401},{"data_set_T":205.0,"data_set_X":-1.1157752,"data_set_Y":-6.7389951},{"data_set_T":206.0,"data_set_X":-1.1080045,"data_set_Y":-6.6494298},{"data_set_T":207.0,"data_set_X":-1.100127,"data_set_Y":-6.5593438},{"data_set_T":208.0,"data_set_X":-1.092106,"data_set_Y":-6.468574},{"data_set_T":209.0,"data_set_X":-1.0838822,"data_set_Y":-6.3768554},{"data_set_T":210.0,"data_set_X":-1.0755216,"data_set_Y":-6.2844825},{"data_set_T":211.0,"data_set_X":-1.0670241,"data_set_Y":-6.1914549},{"data_set_T":212.0,"data_set_X":-1.0583898,"data_set_Y":-6.0977726},{"data_set_T":213.0,"data_set_X":-1.0496187,"data_set_Y":-6.0034356},{"data_set_T":214.0,"data_set_X":-1.0407108,"data_set_Y":-5.9084439},{"data_set_T":215.0,"data_set_X":-1.0316368,"data_set_Y":-5.8126793},{"data_set_T":216.0,"data_set_X":-1.0222325,"data_set_Y":-5.7154775},{"data_set_T":217.0,"data_set_X":-1.0126388,"data_set_Y":-5.6174088},{"data_set_T":218.0,"data_set_X":-1.0028558,"data_set_Y":-5.5184731},{"data_set_T":219.0,"data_set_X":-0.99288332,"data_set_Y":-5.4186697},{"data_set_T":220.0,"data_set_X":-0.98272151,"data_set_Y":-5.3179998},{"data_set_T":221.0,"data_set_X":-0.97237027,"data_set_Y":-5.2164621},{"data_set_T":222.0,"data_set_X":-0.96182972,"data_set_Y":-5.1140575},{"data_set_T":223.0,"data_set_X":-0.95074415,"data_set_Y":-5.0095778},{"data_set_T":224.0,"data_set_X":-0.93937355,"data_set_Y":-4.9039054},{"data_set_T":225.0,"data_set_X":-0.92772442,"data_set_Y":-4.7970634},{"data_set_T":226.0,"data_set_X":-0.91579688,"data_set_Y":-4.6890512},{"data_set_T":227.0,"data_set_X":-0.90359086,"data_set_Y":-4.5798693},{"data_set_T":228.0,"data_set_X":-0.89110637,"data_set_Y":-4.4695172},{"data_set_T":229.0,"data_set_X":-0.8783434,"data_set_Y":-4.3579955},{"data_set_T":230.0,"data_set_X":-0.86482608,"data_set_Y":-4.2447305},{"data_set_T":231.0,"data_set_X":-0.85063761,"data_set_Y":-4.1298218},{"data_set_T":232.0,"data_set_X":-0.83586246,"data_set_Y":-4.0133719},{"data_set_T":233.0,"data_set_X":-0.82064748,"data_set_Y":-3.8949604},{"data_set_T":234.0,"data_set_X":-0.80497479,"data_set_Y":-3.7746391},{"data_set_T":235.0,"data_set_X":-0.78881413,"data_set_Y":-3.6524944},{"data_set_T":236.0,"data_set_X":-0.77182597,"data_set_Y":-3.5281026},{"data_set_T":237.0,"data_set_X":-0.75403333,"data_set_Y":-3.4014926},{"data_set_T":238.0,"data_set_X":-0.73551577,"data_set_Y":-3.2727633},{"data_set_T":239.0,"data_set_X":-0.71595097,"data_set_Y":-3.1414135},{"data_set_T":240.0,"data_set_X":-0.69534147,"data_set_Y":-3.0074468},{"data_set_T":241.0,"data_set_X":-0.67377323,"data_set_Y":-2.8709972},{"data_set_T":242.0,"data_set_X":-0.65068519,"data_set_Y":-2.7314603},{"data_set_T":243.0,"data_set_X":-0.62604666,"data_set_Y":-2.5888028},{"data_set_T":244.0,"data_set_X":-0.60002589,"data_set_Y":-2.4432061},{"data_set_T":245.0,"data_set_X":-0.57128304,"data_set_Y":-2.2944226},{"data_set_T":246.0,"data_set_X":-0.53928667,"data_set_Y":-2.1420379},{"data_set_T":247.0,"data_set_X":-0.5049156,"data_set_Y":-1.9856746},{"data_set_T":248.0,"data_set_X":-0.46696931,"data_set_Y":-1.8251373},{"data_set_T":249.0,"data_set_X":-0.42427424,"data_set_Y":-1.6601774},{"data_set_T":250.0,"data_set_X":-0.37508947,"data_set_Y":-1.4905218},{"data_set_T":251.0,"data_set_X":-0.31609815,"data_set_Y":-1.3162464},{"data_set_T":252.0,"data_set_X":-0.24249725,"data_set_Y":-1.1371883},{"data_set_T":253.0,"data_set_X":-0.14284371,"data_set_Y":-0.9541766},{"data_set_T":254.0,"data_set_X":0.020533064,"data_set_Y":-0.77186453},{"data_set_T":255.0,"data_set_X":0.51391309,"data_set_Y":-0.63519639},{"data_set_T":256.0,"data_set_X":3.3200316,"data_set_Y":-3.3372548},{"data_set_T":257.0,"data_set_X":2.6785543,"data_set_Y":-7.7325335},{"data_set_T":258.0,"data_set_X":-0.054102257,"data_set_Y":-8.9503632},{"data_set_T":259.0,"data_set_X":-1.2749835,"data_set_Y":-8.7337027},{"data_set_T":260.0,"data_set_X":-1.2673446,"data_set_Y":-8.6517611},{"data_set_T":261.0,"data_set_X":-1.2613924,"data_set_Y":-8.5698938},{"data_set_T":262.0,"data_set_X":-1.2553332,"data_set_Y":-8.4877815},{"data_set_T":263.0,"data_set_X":-1.2491877,"data_set_Y":-8.4052792},{"data_set_T":264.0,"data_set_X":-1.2429897,"data_set_Y":-8.3225393},{"data_set_T":265.0,"data_set_X":-1.2367916,"data_set_Y":-8.2397985},{"data_set_T":266.0,"data_set_X":-1.2304981,"data_set_Y":-8.1566515},{"data_set_T":267.0,"data_set_X":-1.2241216,"data_set_Y":-8.0731506},{"data_set_T":268.0,"data_set_X":-1.2177451,"data_set_Y":-7.9896498},{"data_set_T":269.0,"data_set_X":-1.2112982,"data_set_Y":-7.9058933},{"data_set_T":270.0,"data_set_X":-1.2047273,"data_set_Y":-7.8216877},{"data_set_T":271.0,"data_set_X":-1.1981039,"data_set_Y":-7.7372918},{"data_set_T":272.0,"data_set_X":-1.1914282,"data_set_Y":-7.6527061},{"data_set_T":273.0,"data_set_X":-1.1847,"data_set_Y":-7.5679307},{"data_set_T":274.0,"data_set_X":-1.1779195,"data_set_Y":-7.4829655},{"data_set_T":275.0,"data_set_X":-1.1709976,"data_set_Y":-7.3973322},{"data_set_T":276.0,"data_set_X":-1.163987,"data_set_Y":-7.3113141},{"data_set_T":277.0,"data_set_X":-1.1568943,"data_set_Y":-7.2249451},{"data_set_T":278.0,"data_set_X":-1.1497191,"data_set_Y":-7.1382256},{"data_set_T":279.0,"data_set_X":-1.1424618,"data_set_Y":-7.0511556},{"data_set_T":280.0,"data_set_X":-1.1350955,"data_set_Y":-6.9635782},{"data_set_T":281.0,"data_set_X":-1.1275904,"data_set_Y":-6.8753176},{"data_set_T":282.0,"data_set_X":-1.1199803,"data_set_Y":-6.7865729},{"data_set_T":283.0,"data_set_X":-1.1122652,"data_set_Y":-6.6973433},{"data_set_T":284.0,"data_set_X":-1.1044451,"data_set_Y":-6.6076298},{"data_set_T":285.0,"data_set_X":-1.0965201,"data_set_Y":-6.5174317},{"data_set_T":286.0,"data_set_X":-1.0884161,"data_set_Y":-6.4263692},{"data_set_T":287.0,"data_set_X":-1.0801711,"data_set_Y":-6.3346372},{"data_set_T":288.0,"data_set_X":-1.0717944,"data_set_Y":-6.2422833},{"data_set_T":289.0,"data_set_X":-1.0632862,"data_set_Y":-6.1493087},{"data_set_T":290.0,"data_set_X":-1.0546464,"data_set_Y":-6.0557127},{"data_set_T":291.0,"data_set_X":-1.0458373,"data_set_Y":-5.9613347},{"data_set_T":292.0,"data_set_X":-1.0367987,"data_set_Y":-5.8659167},{"data_set_T":293.0,"data_set_X":-1.027591,"data_set_Y":-5.7697167},{"data_set_T":294.0,"data_set_X":-1.018214,"data_set_Y":-5.6727347},{"data_set_T":295.0,"data_set_X":-1.0086678,"data_set_Y":-5.5749707},{"data_set_T":296.0,"data_set_X":-0.99895251,"data_set_Y":-5.4764252},{"data_set_T":297.0,"data_set_X":-0.98892748,"data_set_Y":-5.3765802},{"data_set_T":298.0,"data_set_X":-0.97865182,"data_set_Y":-5.2756538},{"data_set_T":299.0,"data_set_X":-0.96815258,"data_set_Y":-5.1737452},{"data_set_T":300.0,"data_set_X":-0.95742971,"data_set_Y":-5.0708542},{"data_set_T":301.0,"data_set_X":-0.94648319,"data_set_Y":-4.9669809},{"data_set_T":302.0,"data_set_X":-0.93521893,"data_set_Y":-4.8618698},{"data_set_T":303.0,"data_set_X":-0.92342448,"data_set_Y":-4.7549453},{"data_set_T":304.0,"data_set_X":-0.91129357,"data_set_Y":-4.6467323},{"data_set_T":305.0,"data_set_X":-0.89882618,"data_set_Y":-4.537231},{"data_set_T":306.0,"data_set_X":-0.88602233,"data_set_Y":-4.4264412},{"data_set_T":307.0,"data_set_X":-0.87288201,"data_set_Y":-4.3143635},{"data_set_T":308.0,"data_set_X":-0.85912216,"data_set_Y":-4.2001519},{"data_set_T":309.0,"data_set_X":-0.84483212,"data_set_Y":-4.0840735},{"data_set_T":310.0,"data_set_X":-0.83008713,"data_set_Y":-3.9663532},{"data_set_T":311.0,"data_set_X":-0.81488717,"data_set_Y":-3.8469906},{"data_set_T":312.0,"data_set_X":-0.79923218,"data_set_Y":-3.7259858},{"data_set_T":313.0,"data_set_X":-0.78297758,"data_set_Y":-3.6032107},{"data_set_T":314.0,"data_set_X":-0.76549089,"data_set_Y":-3.478106},{"data_set_T":315.0,"data_set_X":-0.74706304,"data_set_Y":-3.3509288},{"data_set_T":316.0,"data_set_X":-0.7278955,"data_set_Y":-3.2212207},{"data_set_T":317.0,"data_set_X":-0.70793891,"data_set_Y":-3.0890939},{"data_set_T":318.0,"data_set_X":-0.6868726,"data_set_Y":-2.9543154},{"data_set_T":319.0,"data_set_X":-0.66449261,"data_set_Y":-2.8167078},{"data_set_T":320.0,"data_set_X":-0.64082193,"data_set_Y":-2.6762724},{"data_set_T":321.0,"data_set_X":-0.61538148,"data_set_Y":-2.5325189},{"data_set_T":322.0,"data_set_X":-0.58839482,"data_set_Y":-2.3856759},{"data_set_T":323.0,"data_set_X":-0.55874848,"data_set_Y":-2.2353811},{"data_set_T":324.0,"data_set_X":-0.5262931,"data_set_Y":-2.0813854},{"data_set_T":325.0,"data_set_X":-0.49068233,"data_set_Y":-1.9233955},{"data_set_T":326.0,"data_set_X":-0.45099649,"data_set_Y":-1.7611533},{"data_set_T":327.0,"data_set_X":-0.4058148,"data_set_Y":-1.5943511},{"data_set_T":328.0,"data_set_X":-0.35308668,"data_set_Y":-1.4229931},{"data_set_T":329.0,"data_set_X":-0.28900525,"data_set_Y":-1.2467698},{"data_set_T":330.0,"data_set_X":-0.20775178,"data_set_Y":-1.0659145},{"data_set_T":331.0,"data_set_X":-0.090858512,"data_set_Y":-0.88213837},{"data_set_T":332.0,"data_set_X":0.13124934,"data_set_Y":-0.70517522},{"data_set_T":333.0,"data_set_X":1.4492188,"data_set_Y":-0.75109899},{"data_set_T":334.0,"data_set_X":3.1119127,"data_set_Y":-5.3588195},{"data_set_T":335.0,"data_set_X":2.2649302,"data_set_Y":-8.7068262},{"data_set_T":336.0,"data_set_X":-1.2654676,"data_set_Y":-8.7942219},{"data_set_T":337.0,"data_set_X":-1.271583,"data_set_Y":-8.7101488},{"data_set_T":338.0,"data_set_X":-1.2656618,"data_set_Y":-8.6283188},{"data_set_T":339.0,"data_set_X":-1.2596414,"data_set_Y":-8.5462904},{"data_set_T":340.0,"data_set_X":-1.2535807,"data_set_Y":-8.4641256},{"data_set_T":341.0,"data_set_X":-1.2474556,"data_set_Y":-8.3817472},{"data_set_T":342.0,"data_set_X":-1.2412864,"data_set_Y":-8.2992344},{"data_set_T":343.0,"data_set_X":-1.2350402,"data_set_Y":-8.2164888},{"data_set_T":344.0,"data_set_X":-1.2287508,"data_set_Y":-8.1336136},{"data_set_T":345.0,"data_set_X":-1.2224181,"data_set_Y":-8.0506067},{"data_set_T":346.0,"data_set_X":-1.2160088,"data_set_Y":-7.9672527},{"data_set_T":347.0,"data_set_X":-1.2095369,"data_set_Y":-7.8836432},{"data_set_T":348.0,"data_set_X":-1.2030054,"data_set_Y":-7.7997966},{"data_set_T":349.0,"data_set_X":-1.1964009,"data_set_Y":-7.7156239},{"data_set_T":350.0,"data_set_X":-1.1896967,"data_set_Y":-7.630949},{"data_set_T":351.0,"data_set_X":-1.1829185,"data_set_Y":-7.5459428},{"data_set_T":352.0,"data_set_X":-1.1760665,"data_set_Y":-7.4606042},{"data_set_T":353.0,"data_set_X":-1.1691406,"data_set_Y":-7.3749342},{"data_set_T":354.0,"data_set_X":-1.1621407,"data_set_Y":-7.2889318},{"data_set_T":355.0,"data_set_X":-1.1550348,"data_set_Y":-7.2024541},{"data_set_T":356.0,"data_set_X":-1.147796,"data_set_Y":-7.1153803},{"data_set_T":357.0,"data_set_X":-1.1404599,"data_set_Y":-7.0278687},{"data_set_T":358.0,"data_set_X":-1.1330261,"data_set_Y":-6.9399204},{"data_set_T":359.0,"data_set_X":-1.1254951,"data_set_Y":-6.8515344},{"data_set_T":360.0,"data_set_X":-1.1178665,"data_set_Y":-6.762711},{"data_set_T":361.0,"data_set_X":-1.1101081,"data_set_Y":-6.673223},{"data_set_T":362.0,"data_set_X":-1.1022134,"data_set_Y":-6.5830235},{"data_set_T":363.0,"data_set_X":-1.0942032,"data_set_Y":-6.4922609},{"data_set_T":364.0,"data_set_X":-1.0860779,"data_set_Y":-6.4009356},{"data_set_T":365.0,"data_set_X":-1.0778372,"data_set_Y":-6.3090472},{"data_set_T":366.0,"data_set_X":-1.0694813,"data_set_Y":-6.2165961},{"data_set_T":367.0,"data_set_X":-1.0609385,"data_set_Y":-6.1232963},{"data_set_T":368.0,"data_set_X":-1.0522151,"data_set_Y":-6.0291729},{"data_set_T":369.0,"data_set_X":-1.0433341,"data_set_Y":-5.9343176},{"data_set_T":370.0,"data_set_X":-1.0342925,"data_set_Y":-5.8387179},{"data_set_T":371.0,"data_set_X":-1.0250866,"data_set_Y":-5.7423601},{"data_set_T":372.0,"data_set_X":-1.0157138,"data_set_Y":-5.6452327},{"data_set_T":373.0,"data_set_X":-1.0061705,"data_set_Y":-5.5473223},{"data_set_T":374.0,"data_set_X":-0.99645376,"data_set_Y":-5.4486165},{"data_set_T":375.0,"data_set_X":-0.98656029,"data_set_Y":-5.349102},{"data_set_T":376.0,"data_set_X":-0.97626179,"data_set_Y":-5.248126},{"data_set_T":377.0,"data_set_X":-0.96566808,"data_set_Y":-5.1459975},{"data_set_T":378.0,"data_set_X":-0.95479578,"data_set_Y":-5.0427599},{"data_set_T":379.0,"data_set_X":-0.94363296,"data_set_Y":-4.9383755},{"data_set_T":380.0,"data_set_X":-0.93216783,"data_set_Y":-4.8328071},{"data_set_T":381.0,"data_set_X":-0.92038858,"data_set_Y":-4.7260175},{"data_set_T":382.0,"data_set_X":-0.90828341,"data_set_Y":-4.617969},{"data_set_T":383.0,"data_set_X":-0.89584047,"data_set_Y":-4.508625},{"data_set_T":384.0,"data_set_X":-0.88303524,"data_set_Y":-4.3979182},{"data_set_T":385.0,"data_set_X":-0.86957741,"data_set_Y":-4.2851558},{"data_set_T":386.0,"data_set_X":-0.85564947,"data_set_Y":-4.1707578},{"data_set_T":387.0,"data_set_X":-0.84122986,"data_set_Y":-4.0546641},{"data_set_T":388.0,"data_set_X":-0.82629687,"data_set_Y":-3.9368143},{"data_set_T":389.0,"data_set_X":-0.81082898,"data_set_Y":-3.817148},{"data_set_T":390.0,"data_set_X":-0.79480445,"data_set_Y":-3.6956046},{"data_set_T":391.0,"data_set_X":-0.77820176,"data_set_Y":-3.5721238},{"data_set_T":392.0,"data_set_X":-0.76099914,"data_set_Y":-3.4466455},{"data_set_T":393.0,"data_set_X":-0.74306709,"data_set_Y":-3.3190353},{"data_set_T":394.0,"data_set_X":-0.72389078,"data_set_Y":-3.1888964},{"data_set_T":395.0,"data_set_X":-0.70360518,"data_set_Y":-3.0562754},{"data_set_T":396.0,"data_set_X":-0.68210554,"data_set_Y":-2.9210548},{"data_set_T":397.0,"data_set_X":-0.65925181,"data_set_Y":-2.7830501},{"data_set_T":398.0,"data_set_X":-0.6348303,"data_set_Y":-2.641933},{"data_set_T":399.0,"data_set_X":-0.60877186,"data_set_Y":-2.4976556},{"data_set_T":400.0,"data_set_X":-0.58095115,"data_set_Y":-2.3500607},{"data_set_T":401.0,"data_set_X":-0.55101573,"data_set_Y":-2.198957},{"data_set_T":402.0,"data_set_X":-0.51804626,"data_set_Y":-2.0440676},{"data_set_T":403.0,"data_set_X":-0.48158914,"data_set_Y":-1.885182},{"data_set_T":404.0,"data_set_X":-0.44054088,"data_set_Y":-1.7219782},{"data_set_T":405.0,"data_set_X":-0.39404121,"data_set_Y":-1.55423},{"data_set_T":406.0,"data_set_X":-0.33934063,"data_set_Y":-1.3817428},{"data_set_T":407.0,"data_set_X":-0.27250063,"data_set_Y":-1.2044187},{"data_set_T":408.0,"data_set_X":-0.18462481,"data_set_Y":-1.0227323},{"data_set_T":409.0,"data_set_X":-0.053317856,"data_set_Y":-0.83902544},{"data_set_T":410.0,"data_set_X":0.23031703,"data_set_Y":-0.66963834},{"data_set_T":411.0,"data_set_X":2.8070085,"data_set_Y":-1.2990838},{"data_set_T":412.0,"data_set_X":2.9595113,"data_set_Y":-6.3919768},{"data_set_T":413.0,"data_set_X":1.8383149,"data_set_Y":-9.032567},{"data_set_T":414.0,"data_set_X":-1.2734705,"data_set_Y":-8.7809267},{"data_set_T":415.0,"data_set_X":-1.2708224,"data_set_Y":-8.6990633},{"data_set_T":416.0,"data_set_X":-1.2645142,"data_set_Y":-8.6173983},{"data_set_T":417.0,"data_set_X":-1.2588137,"data_set_Y":-8.5355024},{"data_set_T":418.0,"data_set_X":-1.2527996,"data_set_Y":-8.4534693},{"data_set_T":419.0,"data_set_X":-1.2466367,"data_set_Y":-8.3707371},{"data_set_T":420.0,"data_set_X":-1.2403264,"data_set_Y":-8.287426},{"data_set_T":421.0,"data_set_X":-1.2340159,"data_set_Y":-8.2041149},{"data_set_T":422.0,"data_set_X":-1.2277055,"data_set_Y":-8.1208029},{"data_set_T":423.0,"data_set_X":-1.2213951,"data_set_Y":-8.0374918},{"data_set_T":424.0,"data_set_X":-1.2148784,"data_set_Y":-7.9532447},{"data_set_T":425.0,"data_set_X":-1.2082409,"data_set_Y":-7.8684487},{"data_set_T":426.0,"data_set_X":-1.2016032,"data_set_Y":-7.7836528},{"data_set_T":427.0,"data_set_X":-1.1949656,"data_set_Y":-7.6988568},{"data_set_T":428.0,"data_set_X":-1.1883279,"data_set_Y":-7.6140609},{"data_set_T":429.0,"data_set_X":-1.1814157,"data_set_Y":-7.5278482},{"data_set_T":430.0,"data_set_X":-1.1744184,"data_set_Y":-7.4411964},{"data_set_T":431.0,"data_set_X":-1.1674212,"data_set_Y":-7.3545446},{"data_set_T":432.0,"data_set_X":-1.160424,"data_set_Y":-7.2678928},{"data_set_T":433.0,"data_set_X":-1.1534268,"data_set_Y":-7.1812415},{"data_set_T":434.0,"data_set_X":-1.1459844,"data_set_Y":-7.0924659},{"data_set_T":435.0,"data_set_X":-1.1384908,"data_set_Y":-7.0034466},{"data_set_T":436.0,"data_set_X":-1.1309973,"data_set_Y":-6.9144273},{"data_set_T":437.0,"data_set_X":-1.1235037,"data_set_Y":-6.8254075},{"data_set_T":438.0,"data_set_X":-1.1159923,"data_set_Y":-6.7363558},{"data_set_T":439.0,"data_set_X":-1.1079105,"data_set_Y":-6.6462665},{"data_set_T":440.0,"data_set_X":-1.0998222,"data_set_Y":-6.5558157},{"data_set_T":441.0,"data_set_X":-1.0917214,"data_set_Y":-6.4646502},{"data_set_T":442.0,"data_set_X":-1.0835075,"data_set_Y":-6.3727722},{"data_set_T":443.0,"data_set_X":-1.0752304,"data_set_Y":-6.2804952},{"data_set_T":444.0,"data_set_X":-1.0667036,"data_set_Y":-6.1870866},{"data_set_T":445.0,"data_set_X":-1.0580893,"data_set_Y":-6.0932889},{"data_set_T":446.0,"data_set_X":-1.0492576,"data_set_Y":-5.9985242},{"data_set_T":447.0,"data_set_X":-1.0402601,"data_set_Y":-5.903039},{"data_set_T":448.0,"data_set_X":-1.031028,"data_set_Y":-5.8065329},{"data_set_T":449.0,"data_set_X":-1.0216637,"data_set_Y":-5.7094522},{"data_set_T":450.0,"data_set_X":-1.012167,"data_set_Y":-5.6117959},{"data_set_T":451.0,"data_set_X":-1.0024534,"data_set_Y":-5.513166},{"data_set_T":452.0,"data_set_X":-0.99250674,"data_set_Y":-5.4134851},{"data_set_T":453.0,"data_set_X":-0.98236775,"data_set_Y":-5.3129454},{"data_set_T":454.0,"data_set_X":-0.97203642,"data_set_Y":-5.2115479},{"data_set_T":455.0,"data_set_X":-0.96139669,"data_set_Y":-5.1089478},{"data_set_T":456.0,"data_set_X":-0.9504475,"data_set_Y":-5.0051413},{"data_set_T":457.0,"data_set_X":-0.93923199,"data_set_Y":-4.9002571},{"data_set_T":458.0,"data_set_X":-0.92775005,"data_set_Y":-4.7942953},{"data_set_T":459.0,"data_set_X":-0.91587055,"data_set_Y":-4.6868582},{"data_set_T":460.0,"data_set_X":-0.90361249,"data_set_Y":-4.5780044},{"data_set_T":461.0,"data_set_X":-0.89101231,"data_set_Y":-4.4678435},{"data_set_T":462.0,"data_set_X":-0.87806988,"data_set_Y":-4.3563752},{"data_set_T":463.0,"data_set_X":-0.86461294,"data_set_Y":-4.2431045},{"data_set_T":464.0,"data_set_X":-0.85068899,"data_set_Y":-4.1281676},{"data_set_T":465.0,"data_set_X":-0.83633196,"data_set_Y":-4.011662},{"data_set_T":466.0,"data_set_X":-0.82154191,"data_set_Y":-3.8935885},{"data_set_T":467.0,"data_set_X":-0.80589664,"data_set_Y":-3.7732279},{"data_set_T":468.0,"data_set_X":-0.7895599,"data_set_Y":-3.6508589},{"data_set_T":469.0,"data_set_X":-0.77258575,"data_set_Y":-3.5265734},{"data_set_T":470.0,"data_set_X":-0.75497419,"data_set_Y":-3.400372},{"data_set_T":471.0,"data_set_X":-0.73613405,"data_set_Y":-3.271244},{"data_set_T":472.0,"data_set_X":-0.7163524,"data_set_Y":-3.1396801},{"data_set_T":473.0,"data_set_X":-0.69566923,"data_set_Y":-3.0057487},{"data_set_T":474.0,"data_set_X":-0.67408466,"data_set_Y":-2.8694501},{"data_set_T":475.0,"data_set_X":-0.65057737,"data_set_Y":-2.7301903},{"data_set_T":476.0,"data_set_X":-0.62541342,"data_set_Y":-2.587986},{"data_set_T":477.0,"data_set_X":-0.59874076,"data_set_Y":-2.4424551},{"data_set_T":478.0,"data_set_X":-0.57002336,"data_set_Y":-2.2934787},{"data_set_T":479.0,"data_set_X":-0.53892249,"data_set_Y":-2.1408875},{"data_set_T":480.0,"data_set_X":-0.50463289,"data_set_Y":-1.9842609},{"data_set_T":481.0,"data_set_X":-0.46696472,"data_set_Y":-1.8236582},{"data_set_T":482.0,"data_set_X":-0.42377779,"data_set_Y":-1.658777},{"data_set_T":483.0,"data_set_X":-0.37388656,"data_set_Y":-1.4891343},{"data_set_T":484.0,"data_set_X":-0.31539166,"data_set_Y":-1.3146964},{"data_set_T":485.0,"data_set_X":-0.24171723,"data_set_Y":-1.1355807},{"data_set_T":486.0,"data_set_X":-0.14180717,"data_set_Y":-0.95254058},{"data_set_T":487.0,"data_set_X":0.022543924,"data_set_Y":-0.77029413},{"data_set_T":488.0,"data_set_X":0.52290839,"data_set_Y":-0.63481486},{"data_set_T":489.0,"data_set_X":3.3106453,"data_set_Y":-3.3833461},{"data_set_T":490.0,"data_set_X":2.6747909,"data_set_Y":-7.7603312},{"data_set_T":491.0,"data_set_X":-0.13234557,"data_set_Y":-8.9493265},{"data_set_T":492.0,"data_set_X":-1.274387,"data_set_Y":-8.7424746},{"data_set_T":493.0,"data_set_X":-1.2680527,"data_set_Y":-8.6608515},{"data_set_T":494.0,"data_set_X":-1.2620577,"data_set_Y":-8.5789995},{"data_set_T":495.0,"data_set_X":-1.2558711,"data_set_Y":-8.4961309},{"data_set_T":496.0,"data_set_X":-1.2496846,"data_set_Y":-8.4132624},{"data_set_T":497.0,"data_set_X":-1.243498,"data_set_Y":-8.3303938},{"data_set_T":498.0,"data_set_X":-1.2373114,"data_set_Y":-8.2475252},{"data_set_T":499.0,"data_set_X":-1.2311248,"data_set_Y":-8.1646566},{"data_set_T":500.0,"data_set_X":-1.2246398,"data_set_Y":-8.0805216},{"data_set_T":501.0,"data_set_X":-1.218117,"data_set_Y":-7.9962254},{"data_set_T":502.0,"data_set_X":-1.2115942,"data_set_Y":-7.9119301},{"data_set_T":503.0,"data_set_X":-1.2050713,"data_set_Y":-7.8276343},{"data_set_T":504.0,"data_set_X":-1.1985486,"data_set_Y":-7.7433386},{"data_set_T":505.0,"data_set_X":-1.1917138,"data_set_Y":-7.6576099},{"data_set_T":506.0,"data_set_X":-1.1847751,"data_set_Y":-7.5714025},{"data_set_T":507.0,"data_set_X":-1.1778363,"data_set_Y":-7.4851952},{"data_set_T":508.0,"data_set_X":-1.1708975,"data_set_Y":-7.3989878},{"data_set_T":509.0,"data_set_X":-1.1639588,"data_set_Y":-7.3127804},{"data_set_T":510.0,"data_set_X":-1.1567293,"data_set_Y":-7.2250919},{"data_set_T":511.0,"data_set_X":-1.1493158,"data_set_Y":-7.1364646},{"data_set_T":512.0,"data_set_X":-1.1419022,"data_set_Y":-7.0478373},{"data_set_T":513.0,"data_set_X":-1.1344886,"data_set_Y":-6.9592099},{"data_set_T":514.0,"data_set_X":-1.127075,"data_set_Y":-6.8705821},{"data_set_T":515.0,"data_set_X":-1.1194863,"data_set_Y":-6.7814798},{"data_set_T":516.0,"data_set_X":-1.1117036,"data_set_Y":-6.6918502},{"data_set_T":517.0,"data_set_X":-1.1037977,"data_set_Y":-6.6015},{"data_set_T":518.0,"data_set_X":-1.0958308,"data_set_Y":-6.5107932},{"data_set_T":519.0,"data_set_X":-1.0876518,"data_set_Y":-6.4190836},{"data_set_T":520.0,"data_set_X":-1.0794293,"data_set_Y":-6.3271737},{"data_set_T":521.0,"data_set_X":-1.0709857,"data_set_Y":-6.2343678},{"data_set_T":522.0,"data_set_X":-1.0624374,"data_set_Y":-6.1411376},{"data_set_T":523.0,"data_set_X":-1.0537846,"data_set_Y":-6.047483},{"data_set_T":524.0,"data_set_X":-1.0449338,"data_set_Y":-5.9529705},{"data_set_T":525.0,"data_set_X":-1.0358952,"data_set_Y":-5.8576469},{"data_set_T":526.0,"data_set_X":-1.0266913,"data_set_Y":-5.7616172},{"data_set_T":527.0,"data_set_X":-1.0172926,"data_set_Y":-5.6647329},{"data_set_T":528.0,"data_set_X":-1.0076685,"data_set_Y":-5.5668416},{"data_set_T":529.0,"data_set_X":-0.99784458,"data_set_Y":-5.4680719},{"data_set_T":530.0,"data_set_X":-0.98781157,"data_set_Y":-5.3683858},{"data_set_T":531.0,"data_set_X":-0.97750759,"data_set_Y":-5.2675352},{"data_set_T":532.0,"data_set_X":-0.96696895,"data_set_Y":-5.1656661},{"data_set_T":533.0,"data_set_X":-0.95619559,"data_set_Y":-5.062778},{"data_set_T":534.0,"data_set_X":-0.94510174,"data_set_Y":-4.9586034},{"data_set_T":535.0,"data_set_X":-0.93371397,"data_set_Y":-4.8532257},{"data_set_T":536.0,"data_set_X":-0.92204326,"data_set_Y":-4.7466788},{"data_set_T":537.0,"data_set_X":-0.91001248,"data_set_Y":-4.638751},{"data_set_T":538.0,"data_set_X":-0.89756721,"data_set_Y":-4.5292912},{"data_set_T":539.0,"data_set_X":-0.88474011,"data_set_Y":-4.4183903},{"data_set_T":540.0,"data_set_X":-0.87152028,"data_set_Y":-4.3060179},{"data_set_T":541.0,"data_set_X":-0.85789692,"data_set_Y":-4.1921444},{"data_set_T":542.0,"data_set_X":-0.84383041,"data_set_Y":-4.0766726},{"data_set_T":543.0,"data_set_X":-0.82919484,"data_set_Y":-3.9593034},{"data_set_T":544.0,"data_set_X":-0.81404036,"data_set_Y":-3.8401494},{"data_set_T":545.0,"data_set_X":-0.7983433,"data_set_Y":-3.719151},{"data_set_T":546.0,"data_set_X":-0.78208023,"data_set_Y":-3.5962489},{"data_set_T":547.0,"data_set_X":-0.76522768,"data_set_Y":-3.4713836},{"data_set_T":548.0,"data_set_X":-0.74721265,"data_set_Y":-3.3440444},{"data_set_T":549.0,"data_set_X":-0.7281943,"data_set_Y":-3.2143226},{"data_set_T":550.0,"data_set_X":-0.70814663,"data_set_Y":-3.0821557},{"data_set_T":551.0,"data_set_X":-0.68699503,"data_set_Y":-2.9474428},{"data_set_T":552.0,"data_set_X":-0.66466492,"data_set_Y":-2.8100822},{"data_set_T":553.0,"data_set_X":-0.64080048,"data_set_Y":-2.6698127},{"data_set_T":554.0,"data_set_X":-0.61502272,"data_set_Y":-2.5263593},{"data_set_T":555.0,"data_set_X":-0.587255,"data_set_Y":-2.3796194},{"data_set_T":556.0,"data_set_X":-0.55716234,"data_set_Y":-2.2293177},{"data_set_T":557.0,"data_set_X":-0.52442932,"data_set_Y":-2.0751939},{"data_set_T":558.0,"data_set_X":-0.48884252,"data_set_Y":-1.9170663},{"data_set_T":559.0,"data_set_X":-0.44926497,"data_set_Y":-1.7547176},{"data_set_T":560.0,"data_set_X":-0.40388536,"data_set_Y":-1.5879205},{"data_set_T":561.0,"data_set_X":-0.35099879,"data_set_Y":-1.4163823},{"data_set_T":562.0,"data_set_X":-0.28710967,"data_set_Y":-1.2400104},{"data_set_T":563.0,"data_set_X":-0.2048756,"data_set_Y":-1.0590678},{"data_set_T":564.0,"data_set_X":-0.085245505,"data_set_Y":-0.87538975},{"data_set_T":565.0,"data_set_X":0.14492024,"data_set_Y":-0.69934982},{"data_set_T":566.0,"data_set_X":1.6393754,"data_set_Y":-0.79616427},{"data_set_T":567.0,"data_set_X":3.0871363,"data_set_Y":-5.5357175},{"data_set_T":568.0,"data_set_X":2.2067952,"data_set_Y":-8.7731705},{"data_set_T":569.0,"data_set_X":-1.2698702,"data_set_Y":-8.7879467},{"data_set_T":570.0,"data_set_X":-1.2713133,"data_set_Y":-8.7055063},{"data_set_T":571.0,"data_set_X":-1.2653394,"data_set_Y":-8.6237411},{"data_set_T":572.0,"data_set_X":-1.2592126,"data_set_Y":-8.5411777},{"data_set_T":573.0,"data_set_X":-1.2530859,"data_set_Y":-8.4586143},{"data_set_T":574.0,"data_set_X":-1.2469591,"data_set_Y":-8.3760509},{"data_set_T":575.0,"data_set_X":-1.2408323,"data_set_Y":-8.2934875},{"data_set_T":576.0,"data_set_X":-1.234522,"data_set_Y":-8.2101746},{"data_set_T":577.0,"data_set_X":-1.2281346,"data_set_Y":-8.1265488},{"data_set_T":578.0,"data_set_X":-1.2217474,"data_set_Y":-8.042923},{"data_set_T":579.0,"data_set_X":-1.2153602,"data_set_Y":-7.9592967},{"data_set_T":580.0,"data_set_X":-1.2088588,"data_set_Y":-7.8751268},{"data_set_T":581.0,"data_set_X":-1.2021908,"data_set_Y":-7.7901626},{"data_set_T":582.0,"data_set_X":-1.1955227,"data_set_Y":-7.7051983},{"data_set_T":583.0,"data_set_X":-1.1888547,"data_set_Y":-7.6202345},{"data_set_T":584.0,"data_set_X":-1.1821634,"data_set_Y":-7.5351725},{"data_set_T":585.0,"data_set_X":-1.1752441,"data_set_Y":-7.4491553},{"data_set_T":586.0,"data_set_X":-1.1682615,"data_set_Y":-7.3628731},{"data_set_T":587.0,"data_set_X":-1.1612158,"data_set_Y":-7.2763252},{"data_set_T":588.0,"data_set_X":-1.1541067,"data_set_Y":-7.1895127},{"data_set_T":589.0,"data_set_X":-1.1469345,"data_set_Y":-7.1024346},{"data_set_T":590.0,"data_set_X":-1.1396989,"data_set_Y":-7.0150914},{"data_set_T":591.0,"data_set_X":-1.1323361,"data_set_Y":-6.9272046},{"data_set_T":592.0,"data_set_X":-1.1247737,"data_set_Y":-6.8384585},{"data_set_T":593.0,"data_set_X":-1.117101,"data_set_Y":-6.7492418},{"data_set_T":594.0,"data_set_X":-1.1093178,"data_set_Y":-6.6595545},{"data_set_T":595.0,"data_set_X":-1.101424,"data_set_Y":-6.569396},{"data_set_T":596.0,"data_set_X":-1.0934199,"data_set_Y":-6.4787669},{"data_set_T":597.0,"data_set_X":-1.0853053,"data_set_Y":-6.3876672},{"data_set_T":598.0,"data_set_X":-1.0769966,"data_set_Y":-6.2956214},{"data_set_T":599.0,"data_set_X":-1.0685047,"data_set_Y":-6.2026916},{"data_set_T":600.0,"data_set_X":-1.0598677,"data_set_Y":-6.1090941},{"data_set_T":601.0,"data_set_X":-1.0510857,"data_set_Y":-6.0148296},{"data_set_T":602.0,"data_set_X":-1.0421586,"data_set_Y":-5.919898},{"data_set_T":603.0,"data_set_X":-1.0330864,"data_set_Y":-5.8242984},{"data_set_T":604.0,"data_set_X":-1.0238692,"data_set_Y":-5.7280316},{"data_set_T":605.0,"data_set_X":-1.0143406,"data_set_Y":-5.6303139},{"data_set_T":606.0,"data_set_X":-1.0046093,"data_set_Y":-5.5316553},{"data_set_T":607.0,"data_set_X":-0.99468625,"data_set_Y":-5.4321094},{"data_set_T":608.0,"data_set_X":-0.98457128,"data_set_Y":-5.3316755},{"data_set_T":609.0,"data_set_X":-0.97426456,"data_set_Y":-5.2303538},{"data_set_T":610.0,"data_set_X":-0.96376604,"data_set_Y":-5.1281438},{"data_set_T":611.0,"data_set_X":-0.95301908,"data_set_Y":-5.0248489},{"data_set_T":612.0,"data_set_X":-0.94180912,"data_set_Y":-4.9197216},{"data_set_T":613.0,"data_set_X":-0.93032664,"data_set_Y":-4.8134255},{"data_set_T":614.0,"data_set_X":-0.91857177,"data_set_Y":-4.7059608},{"data_set_T":615.0,"data_set_X":-0.90654445,"data_set_Y":-4.5973272},{"data_set_T":616.0,"data_set_X":-0.89424467,"data_set_Y":-4.487525},{"data_set_T":617.0,"data_set_X":-0.88167244,"data_set_Y":-4.376554},{"data_set_T":618.0,"data_set_X":-0.86840159,"data_set_Y":-4.2640638},{"data_set_T":619.0,"data_set_X":-0.85398197,"data_set_Y":-4.149684},{"data_set_T":620.0,"data_set_X":-0.83873731,"data_set_Y":-4.0336814},{"data_set_T":621.0,"data_set_X":-0.82328045,"data_set_Y":-3.9157591},{"data_set_T":622.0,"data_set_X":-0.80766612,"data_set_Y":-3.7958915},{"data_set_T":623.0,"data_set_X":-0.79172009,"data_set_Y":-3.6741624},{"data_set_T":624.0,"data_set_X":-0.77486598,"data_set_Y":-3.5501797},{"data_set_T":625.0,"data_set_X":-0.75733382,"data_set_Y":-3.4241002},{"data_set_T":626.0,"data_set_X":-0.73906815,"data_set_Y":-3.2958498},{"data_set_T":627.0,"data_set_X":-0.71966255,"data_set_Y":-3.1649592},{"data_set_T":628.0,"data_set_X":-0.69932991,"data_set_Y":-3.0316744},{"data_set_T":629.0,"data_set_X":-0.67784637,"data_set_Y":-2.8957233},{"data_set_T":630.0,"data_set_X":-0.6549049,"data_set_Y":-2.7567339},{"data_set_T":631.0,"data_set_X":-0.63070977,"data_set_Y":-2.614954},{"data_set_T":632.0,"data_set_X":-0.60456282,"data_set_Y":-2.4700978},{"data_set_T":633.0,"data_set_X":-0.57600087,"data_set_Y":-2.3219228},{"data_set_T":634.0,"data_set_X":-0.54512948,"data_set_Y":-2.1700418},{"data_set_T":635.0,"data_set_X":-0.5114395,"data_set_Y":-2.0143051},{"data_set_T":636.0,"data_set_X":-0.47444943,"data_set_Y":-1.8545232},{"data_set_T":637.0,"data_set_X":-0.43259594,"data_set_Y":-1.6904737},{"data_set_T":638.0,"data_set_X":-0.38458458,"data_set_Y":-1.5218328},{"data_set_T":639.0,"data_set_X":-0.32797164,"data_set_Y":-1.3483806},{"data_set_T":640.0,"data_set_X":-0.2573469,"data_set_Y":-1.1702079},{"data_set_T":641.0,"data_set_X":-0.16401614,"data_set_Y":-0.98776037},{"data_set_T":642.0,"data_set_X":-0.018294955,"data_set_Y":-0.80447423},{"data_set_T":643.0,"data_set_X":0.34612596,"data_set_Y":-0.64675498},{"data_set_T":644.0,"data_set_X":3.3273005,"data_set_Y":-2.2779565},{"data_set_T":645.0,"data_set_X":2.8271122,"data_set_Y":-7.1236768},{"data_set_T":646.0,"data_set_X":1.1865214,"data_set_Y":-9.0973387},{"data_set_T":647.0,"data_set_X":-1.2756864,"data_set_Y":-8.7639666},{"data_set_T":648.0,"data_set_X":-1.269618,"data_set_Y":-8.6823473},{"data_set_T":649.0,"data_set_X":-1.2636281,"data_set_Y":-8.6004667},{"data_set_T":650.0,"data_set_X":-1.2575257,"data_set_Y":-8.5180473},{"data_set_T":651.0,"data_set_X":-1.2513554,"data_set_Y":-8.4353018},{"data_set_T":652.0,"data_set_X":-1.245185,"data_set_Y":-8.3525572},{"data_set_T":653.0,"data_set_X":-1.2390147,"data_set_Y":-8.2698116},{"data_set_T":654.0,"data_set_X":-1.2327992,"data_set_Y":-8.1868782},{"data_set_T":655.0,"data_set_X":-1.2263492,"data_set_Y":-8.1029644},{"data_set_T":656.0,"data_set_X":-1.2198992,"data_set_Y":-8.0190506},{"data_set_T":657.0,"data_set_X":-1.2134492,"data_set_Y":-7.9351363},{"data_set_T":658.0,"data_set_X":-1.2069992,"data_set_Y":-7.851223},{"data_set_T":659.0,"data_set_X":-1.20034,"data_set_Y":-7.766283},{"data_set_T":660.0,"data_set_X":-1.193591,"data_set_Y":-7.680903},{"data_set_T":661.0,"data_set_X":-1.186842,"data_set_Y":-7.5955224},{"data_set_T":662.0,"data_set_X":-1.1800929,"data_set_Y":-7.5101423},{"data_set_T":663.0,"data_set_X":-1.1732889,"data_set_Y":-7.4245262},{"data_set_T":664.0,"data_set_X":-1.1662675,"data_set_Y":-7.3379765},{"data_set_T":665.0,"data_set_X":-1.1591799,"data_set_Y":-7.2511425},{"data_set_T":666.0,"data_set_X":-1.1520259,"data_set_Y":-7.1640239},{"data_set_T":667.0,"data_set_X":-1.1448057,"data_set_Y":-7.0766206},{"data_set_T":668.0,"data_set_X":-1.1375192,"data_set_Y":-6.9889326},{"data_set_T":669.0,"data_set_X":-1.1301664,"data_set_Y":-6.90096},{"data_set_T":670.0,"data_set_X":-1.1226557,"data_set_Y":-6.8123245},{"data_set_T":671.0,"data_set_X":-1.1149466,"data_set_Y":-6.7228599},{"data_set_T":672.0,"data_set_X":-1.10712,"data_set_Y":-6.6328993},{"data_set_T":673.0,"data_set_X":-1.0991758,"data_set_Y":-6.5424423},{"data_set_T":674.0,"data_set_X":-1.0911142,"data_set_Y":-6.4514894},{"data_set_T":675.0,"data_set_X":-1.082935,"data_set_Y":-6.3600407},{"data_set_T":676.0,"data_set_X":-1.0746382,"data_set_Y":-6.268096},{"data_set_T":677.0,"data_set_X":-1.0661205,"data_set_Y":-6.1750722},{"data_set_T":678.0,"data_set_X":-1.0574188,"data_set_Y":-6.0811777},{"data_set_T":679.0,"data_set_X":-1.0485629,"data_set_Y":-5.9865804},{"data_set_T":680.0,"data_set_X":-1.0395526,"data_set_Y":-5.8912802},{"data_set_T":681.0,"data_set_X":-1.030388,"data_set_Y":-5.7952766},{"data_set_T":682.0,"data_set_X":-1.0210692,"data_set_Y":-5.6985698},{"data_set_T":683.0,"data_set_X":-1.0115947,"data_set_Y":-5.6011534},{"data_set_T":684.0,"data_set_X":-1.0017769,"data_set_Y":-5.5021381},{"data_set_T":685.0,"data_set_X":-0.9917559,"data_set_Y":-5.4021869},{"data_set_T":686.0,"data_set_X":-0.98153156,"data_set_Y":-5.3013},{"data_set_T":687.0,"data_set_X":-0.97110385,"data_set_Y":-5.1994772},{"data_set_T":688.0,"data_set_X":-0.96047276,"data_set_Y":-5.0967188},{"data_set_T":689.0,"data_set_X":-0.94963837,"data_set_Y":-4.9930248},{"data_set_T":690.0,"data_set_X":-0.93851948,"data_set_Y":-4.8881192},{"data_set_T":691.0,"data_set_X":-0.92691767,"data_set_Y":-4.7813272},{"data_set_T":692.0,"data_set_X":-0.91502529,"data_set_Y":-4.6733031},{"data_set_T":693.0,"data_set_X":-0.9028424,"data_set_Y":-4.5640469},{"data_set_T":694.0,"data_set_X":-0.89036894,"data_set_Y":-4.4535584},{"data_set_T":695.0,"data_set_X":-0.87760496,"data_set_Y":-4.3418379},{"data_set_T":696.0,"data_set_X":-0.86455041,"data_set_Y":-4.2288852},{"data_set_T":697.0,"data_set_X":-0.85062808,"data_set_Y":-4.1143026},{"data_set_T":698.0,"data_set_X":-0.83535171,"data_set_Y":-3.9977567},{"data_set_T":699.0,"data_set_X":-0.81908023,"data_set_Y":-3.8794935},{"data_set_T":700.0,"data_set_X":-0.80291402,"data_set_Y":-3.7591004},{"data_set_T":701.0,"data_set_X":-0.78651547,"data_set_Y":-3.6367037},{"data_set_T":702.0,"data_set_X":-0.76963407,"data_set_Y":-3.5122395},{"data_set_T":703.0,"data_set_X":-0.75177753,"data_set_Y":-3.3854423},{"data_set_T":704.0,"data_set_X":-0.73321289,"data_set_Y":-3.2564559},{"data_set_T":705.0,"data_set_X":-0.71359628,"data_set_Y":-3.124928},{"data_set_T":706.0,"data_set_X":-0.69285911,"data_set_Y":-2.9907882},{"data_set_T":707.0,"data_set_X":-0.67107463,"data_set_Y":-2.8541079},{"data_set_T":708.0,"data_set_X":-0.64764851,"data_set_Y":-2.7142212},{"data_set_T":709.0,"data_set_X":-0.6228568,"data_set_Y":-2.5714376},{"data_set_T":710.0,"data_set_X":-0.59625429,"data_set_Y":-2.4255869},{"data_set_T":711.0,"data_set_X":-0.56702513,"data_set_Y":-2.2763488},{"data_set_T":712.0,"data_set_X":-0.53529948,"data_set_Y":-2.1233296},{"data_set_T":713.0,"data_set_X":-0.5006007,"data_set_Y":-1.9664012},{"data_set_T":714.0,"data_set_X":-0.46230453,"data_set_Y":-1.8053352},{"data_set_T":715.0,"data_set_X":-0.41877544,"data_set_Y":-1.6399211},{"data_set_T":716.0,"data_set_X":-0.36848342,"data_set_Y":-1.4698466},{"data_set_T":717.0,"data_set_X":-0.30840915,"data_set_Y":-1.29493},{"data_set_T":718.0,"data_set_X":-0.23241787,"data_set_Y":-1.1153531},{"data_set_T":719.0,"data_set_X":-0.12803774,"data_set_Y":-0.93203837},{"data_set_T":720.0,"data_set_X":0.04967067,"data_set_Y":-0.75078124},{"data_set_T":721.0,"data_set_X":0.68017375,"data_set_Y":-0.63881952},{"data_set_T":722.0,"data_set_X":3.2679665,"data_set_Y":-3.988616},{"data_set_T":723.0,"data_set_X":2.5768135,"data_set_Y":-8.0800438},{"data_set_T":724.0,"data_set_X":-0.84785211,"data_set_Y":-8.8744202},{"data_set_T":725.0,"data_set_X":-1.2740566,"data_set_Y":-8.7477169},{"data_set_T":726.0,"data_set_X":-1.2684302,"data_set_Y":-8.6660872},{"data_set_T":727.0,"data_set_X":-1.2624054,"data_set_Y":-8.5840387},{"data_set_T":728.0,"data_set_X":-1.2563612,"data_set_Y":-8.5019035},{"data_set_T":729.0,"data_set_X":-1.2502556,"data_set_Y":-8.4195118},{"data_set_T":730.0,"data_set_X":-1.2440277,"data_set_Y":-8.336606},{"data_set_T":731.0,"data_set_X":-1.2377999,"data_set_Y":-8.2537003},{"data_set_T":732.0,"data_set_X":-1.231572,"data_set_Y":-8.1707954},{"data_set_T":733.0,"data_set_X":-1.2252008,"data_set_Y":-8.0872583},{"data_set_T":734.0,"data_set_X":-1.2187543,"data_set_Y":-8.0033894},{"data_set_T":735.0,"data_set_X":-1.2123077,"data_set_Y":-7.9195199},{"data_set_T":736.0,"data_set_X":-1.2058611,"data_set_Y":-7.8356509},{"data_set_T":737.0,"data_set_X":-1.1992217,"data_set_Y":-7.7510362},{"data_set_T":738.0,"data_set_X":-1.192523,"data_set_Y":-7.6661921},{"data_set_T":739.0,"data_set_X":-1.1857687,"data_set_Y":-7.5811334},{"data_set_T":740.0,"data_set_X":-1.1789591,"data_set_Y":-7.4958601},{"data_set_T":741.0,"data_set_X":-1.1720941,"data_set_Y":-7.4103727},{"data_set_T":742.0,"data_set_X":-1.1651735,"data_set_Y":-7.3246708},{"data_set_T":743.0,"data_set_X":-1.1580937,"data_set_Y":-7.2382483},{"data_set_T":744.0,"data_set_X":-1.1509043,"data_set_Y":-7.1513481},{"data_set_T":745.0,"data_set_X":-1.1436236,"data_set_Y":-7.0640588},{"data_set_T":746.0,"data_set_X":-1.1362516,"data_set_Y":-6.9763799},{"data_set_T":747.0,"data_set_X":-1.1287882,"data_set_Y":-6.8883123},{"data_set_T":748.0,"data_set_X":-1.1212336,"data_set_Y":-6.7998552},{"data_set_T":749.0,"data_set_X":-1.1135267,"data_set_Y":-6.7106447},{"data_set_T":750.0,"data_set_X":-1.1056786,"data_set_Y":-6.6207461},{"data_set_T":751.0,"data_set_X":-1.097713,"data_set_Y":-6.5303025},{"data_set_T":752.0,"data_set_X":-1.0896301,"data_set_Y":-6.4393139},{"data_set_T":753.0,"data_set_X":-1.0814298,"data_set_Y":-6.3477802},{"data_set_T":754.0,"data_set_X":-1.0731122,"data_set_Y":-6.2557015},{"data_set_T":755.0,"data_set_X":-1.0646169,"data_set_Y":-6.1627769},{"data_set_T":756.0,"data_set_X":-1.0559268,"data_set_Y":-6.0689192},{"data_set_T":757.0,"data_set_X":-1.0470858,"data_set_Y":-5.9743495},{"data_set_T":758.0,"data_set_X":-1.0380939,"data_set_Y":-5.8790669},{"data_set_T":759.0,"data_set_X":-1.0289512,"data_set_Y":-5.7830715},{"data_set_T":760.0,"data_set_X":-1.0196575,"data_set_Y":-5.6863642},{"data_set_T":761.0,"data_set_X":-1.0101243,"data_set_Y":-5.588645},{"data_set_T":762.0,"data_set_X":-1.0002549,"data_set_Y":-5.4895868},{"data_set_T":763.0,"data_set_X":-0.99016529,"data_set_Y":-5.3895826},{"data_set_T":764.0,"data_set_X":-0.97985578,"data_set_Y":-5.2886329},{"data_set_T":765.0,"data_set_X":-0.9693262,"data_set_Y":-5.1867366},{"data_set_T":766.0,"data_set_X":-0.95857656,"data_set_Y":-5.0838947},{"data_set_T":767.0,"data_set_X":-0.94754916,"data_set_Y":-4.9798903},{"data_set_T":768.0,"data_set_X":-0.93607831,"data_set_Y":-4.8741007},{"data_set_T":769.0,"data_set_X":-0.92431378,"data_set_Y":-4.7670894},{"data_set_T":770.0,"data_set_X":-0.91225559,"data_set_Y":-4.6588554},{"data_set_T":771.0,"data_set_X":-0.89990377,"data_set_Y":-4.5493989},{"data_set_T":772.0,"data_set_X":-0.88725823,"data_set_Y":-4.4387202},{"data_set_T":773.0,"data_set_X":-0.87428999,"data_set_Y":-4.3267694},{"data_set_T":774.0,"data_set_X":-0.8606655,"data_set_Y":-4.2129726},{"data_set_T":775.0,"data_set_X":-0.84656698,"data_set_Y":-4.0976439},{"data_set_T":776.0,"data_set_X":-0.83199447,"data_set_Y":-3.980783},{"data_set_T":777.0,"data_set_X":-0.81681281,"data_set_Y":-3.8618467},{"data_set_T":778.0,"data_set_X":-0.80108309,"data_set_Y":-3.7410808},{"data_set_T":779.0,"data_set_X":-0.78481019,"data_set_Y":-3.618505},{"data_set_T":780.0,"data_set_X":-0.76765966,"data_set_Y":-3.4936051},{"data_set_T":781.0,"data_set_X":-0.74969745,"data_set_Y":-3.3664827},{"data_set_T":782.0,"data_set_X":-0.73098284,"data_set_Y":-3.2372289},{"data_set_T":783.0,"data_set_X":-0.71112525,"data_set_Y":-3.1053269},{"data_set_T":784.0,"data_set_X":-0.69005966,"data_set_Y":-2.970691},{"data_set_T":785.0,"data_set_X":-0.66793239,"data_set_Y":-2.8335145},{"data_set_T":786.0,"data_set_X":-0.64435428,"data_set_Y":-2.6935732},{"data_set_T":787.0,"data_set_X":-0.61880374,"data_set_Y":-2.5505667},{"data_set_T":788.0,"data_set_X":-0.59152371,"data_set_Y":-2.4041703},{"data_set_T":789.0,"data_set_X":-0.56224221,"data_set_Y":-2.2543182},{"data_set_T":790.0,"data_set_X":-0.53032833,"data_set_Y":-2.1007249},{"data_set_T":791.0,"data_set_X":-0.49519104,"data_set_Y":-1.9431092},{"data_set_T":792.0,"data_set_X":-0.4563852,"data_set_Y":-1.7813952},{"data_set_T":793.0,"data_set_X":-0.41169143,"data_set_Y":-1.6153412},{"data_set_T":794.0,"data_set_X":-0.35972491,"data_set_Y":-1.4444677},{"data_set_T":795.0,"data_set_X":-0.29806012,"data_set_Y":-1.2687935},{"data_set_T":796.0,"data_set_X":-0.21912731,"data_set_Y":-1.0885267},{"data_set_T":797.0,"data_set_X":-0.1083483,"data_set_Y":-0.90491289},{"data_set_T":798.0,"data_set_X":0.090864651,"data_set_Y":-0.72556543},{"data_set_T":799.0,"data_set_X":1.0020225,"data_set_Y":-0.67136139},{"data_set_T":800.0,"data_set_X":3.1874895,"data_set_Y":-4.7559772},{"data_set_T":801.0,"data_set_X":2.4204509,"data_set_Y":-8.4493103},{"data_set_T":802.0,"data_set_X":-1.2121974,"data_set_Y":-8.8086348},{"data_set_T":803.0,"data_set_X":-1.2724934,"data_set_Y":-8.7203894},{"data_set_T":804.0,"data_set_X":-1.2664287,"data_set_Y":-8.6386662},{"data_set_T":805.0,"data_set_X":-1.2604043,"data_set_Y":-8.5566473},{"data_set_T":806.0,"data_set_X":-1.2542139,"data_set_Y":-8.4737835},{"data_set_T":807.0,"data_set_X":-1.2480235,"data_set_Y":-8.3909187},{"data_set_T":808.0,"data_set_X":-1.2418331,"data_set_Y":-8.3080549},{"data_set_T":809.0,"data_set_X":-1.2356427,"data_set_Y":-8.2251902},{"data_set_T":810.0,"data_set_X":-1.2293935,"data_set_Y":-8.1420746},{"data_set_T":811.0,"data_set_X":-1.2228845,"data_set_Y":-8.0578499},{"data_set_T":812.0,"data_set_X":-1.2163755,"data_set_Y":-7.9736242},{"data_set_T":813.0,"data_set_X":-1.2098664,"data_set_Y":-7.8893991},{"data_set_T":814.0,"data_set_X":-1.2033575,"data_set_Y":-7.8051739},{"data_set_T":815.0,"data_set_X":-1.1967688,"data_set_Y":-7.7205482},{"data_set_T":816.0,"data_set_X":-1.1899153,"data_set_Y":-7.6345892},{"data_set_T":817.0,"data_set_X":-1.1830618,"data_set_Y":-7.5486307},{"data_set_T":818.0,"data_set_X":-1.1762084,"data_set_Y":-7.4626718},{"data_set_T":819.0,"data_set_X":-1.169355,"data_set_Y":-7.3767128},{"data_set_T":820.0,"data_set_X":-1.1623702,"data_set_Y":-7.2901325},{"data_set_T":821.0,"data_set_X":-1.1550442,"data_set_Y":-7.2019353},{"data_set_T":822.0,"data_set_X":-1.1477181,"data_set_Y":-7.1137381},{"data_set_T":823.0,"data_set_X":-1.1403921,"data_set_Y":-7.0255408},{"data_set_T":824.0,"data_set_X":-1.1330661,"data_set_Y":-6.9373436},{"data_set_T":825.0,"data_set_X":-1.1255617,"data_set_Y":-6.8488088},{"data_set_T":826.0,"data_set_X":-1.117686,"data_set_Y":-6.7595701},{"data_set_T":827.0,"data_set_X":-1.1097926,"data_set_Y":-6.6697464},{"data_set_T":828.0,"data_set_X":-1.1018851,"data_set_Y":-6.5794578},{"data_set_T":829.0,"data_set_X":-1.0938351,"data_set_Y":-6.488306},{"data_set_T":830.0,"data_set_X":-1.0857412,"data_set_Y":-6.3968973},{"data_set_T":831.0,"data_set_X":-1.077394,"data_set_Y":-6.3043365},{"data_set_T":832.0,"data_set_X":-1.0689739,"data_set_Y":-6.2114472},{"data_set_T":833.0,"data_set_X":-1.0603427,"data_set_Y":-6.1176071},{"data_set_T":834.0,"data_set_X":-1.0515702,"data_set_Y":-6.0231447},{"data_set_T":835.0,"data_set_X":-1.0425577,"data_set_Y":-5.9276252},{"data_set_T":836.0,"data_set_X":-1.0334207,"data_set_Y":-5.8315568},{"data_set_T":837.0,"data_set_X":-1.0241588,"data_set_Y":-5.7349386},{"data_set_T":838.0,"data_set_X":-1.014726,"data_set_Y":-5.6375504},{"data_set_T":839.0,"data_set_X":-1.005046,"data_set_Y":-5.5390306},{"data_set_T":840.0,"data_set_X":-0.99518353,"data_set_Y":-5.4396863},{"data_set_T":841.0,"data_set_X":-0.9851386,"data_set_Y":-5.3395181},{"data_set_T":842.0,"data_set_X":-0.97487605,"data_set_Y":-5.2384191},{"data_set_T":843.0,"data_set_X":-0.96426576,"data_set_Y":-5.135994},{"data_set_T":844.0,"data_set_X":-0.95340127,"data_set_Y":-5.032527},{"data_set_T":845.0,"data_set_X":-0.94228244,"data_set_Y":-4.9280176},{"data_set_T":846.0,"data_set_X":-0.93089479,"data_set_Y":-4.8224211},{"data_set_T":847.0,"data_set_X":-0.91906953,"data_set_Y":-4.7152143},{"data_set_T":848.0,"data_set_X":-0.90691549,"data_set_Y":-4.6067348},{"data_set_T":849.0,"data_set_X":-0.89443272,"data_set_Y":-4.4969821},{"data_set_T":850.0,"data_set_X":-0.8816213,"data_set_Y":-4.3859568},{"data_set_T":851.0,"data_set_X":-0.86825967,"data_set_Y":-4.2730103},{"data_set_T":852.0,"data_set_X":-0.85447121,"data_set_Y":-4.1585035},{"data_set_T":853.0,"data_set_X":-0.84026349,"data_set_Y":-4.0424581},{"data_set_T":854.0,"data_set_X":-0.82563639,"data_set_Y":-3.9248748},{"data_set_T":855.0,"data_set_X":-0.81009561,"data_set_Y":-3.8049781},{"data_set_T":856.0,"data_set_X":-0.79381204,"data_set_Y":-3.6830363},{"data_set_T":857.0,"data_set_X":-0.77686822,"data_set_Y":-3.5591784},{"data_set_T":858.0,"data_set_X":-0.75926405,"data_set_Y":-3.4334044},{"data_set_T":859.0,"data_set_X":-0.74072731,"data_set_Y":-3.3049817},{"data_set_T":860.0,"data_set_X":-0.72127289,"data_set_Y":-3.1739504},{"data_set_T":861.0,"data_set_X":-0.7009958,"data_set_Y":-3.040566},{"data_set_T":862.0,"data_set_X":-0.679896,"data_set_Y":-2.9048285},{"data_set_T":863.0,"data_set_X":-0.65722805,"data_set_Y":-2.7664568},{"data_set_T":864.0,"data_set_X":-0.63218188,"data_set_Y":-2.6251428},{"data_set_T":865.0,"data_set_X":-0.60583466,"data_set_Y":-2.4804933},{"data_set_T":866.0,"data_set_X":-0.57772893,"data_set_Y":-2.3324852},{"data_set_T":867.0,"data_set_X":-0.54733515,"data_set_Y":-2.180871},{"data_set_T":868.0,"data_set_X":-0.51393944,"data_set_Y":-2.0253499},{"data_set_T":869.0,"data_set_X":-0.47717562,"data_set_Y":-1.8657998},{"data_set_T":870.0,"data_set_X":-0.43594265,"data_set_Y":-1.7018565},{"data_set_T":871.0,"data_set_X":-0.38817981,"data_set_Y":-1.5335854},{"data_set_T":872.0,"data_set_X":-0.33177158,"data_set_Y":-1.3605202},{"data_set_T":873.0,"data_set_X":-0.2630333,"data_set_Y":-1.1825683},{"data_set_T":874.0,"data_set_X":-0.17208123,"data_set_Y":-1.0003561},{"data_set_T":875.0,"data_set_X":-0.031775229,"data_set_Y":-0.81688911},{"data_set_T":876.0,"data_set_X":0.29826584,"data_set_Y":-0.65400791},{"data_set_T":877.0,"data_set_X":3.2323394,"data_set_Y":-1.8765503},{"data_set_T":878.0,"data_set_X":2.879859,"data_set_Y":-6.8602257},{"data_set_T":879.0,"data_set_X":1.5058483,"data_set_Y":-9.1159544},{"data_set_T":880.0,"data_set_X":-1.2773874,"data_set_Y":-8.7890072},{"data_set_T":881.0,"data_set_X":-1.2716399,"data_set_Y":-8.7073965},{"data_set_T":882.0,"data_set_X":-1.2654767,"data_set_Y":-8.6257172},{"data_set_T":883.0,"data_set_X":-1.2594718,"data_set_Y":-8.5438633},{"data_set_T":884.0,"data_set_X":-1.2534162,"data_set_Y":-8.4618406},{"data_set_T":885.0,"data_set_X":-1.2472339,"data_set_Y":-8.3791618},{"data_set_T":886.0,"data_set_X":-1.2409765,"data_set_Y":-8.2961092},{"data_set_T":887.0,"data_set_X":-1.2347192,"data_set_Y":-8.2130566},{"data_set_T":888.0,"data_set_X":-1.2284617,"data_set_Y":-8.1300039},{"data_set_T":889.0,"data_set_X":-1.2220623,"data_set_Y":-8.0463419},{"data_set_T":890.0,"data_set_X":-1.2155405,"data_set_Y":-7.9621544},{"data_set_T":891.0,"data_set_X":-1.2090187,"data_set_Y":-7.8779674},{"data_set_T":892.0,"data_set_X":-1.2024969,"data_set_Y":-7.7937799},{"data_set_T":893.0,"data_set_X":-1.1958399,"data_set_Y":-7.7089229},{"data_set_T":894.0,"data_set_X":-1.1890386,"data_set_Y":-7.6233511},{"data_set_T":895.0,"data_set_X":-1.1822373,"data_set_Y":-7.5377793},{"data_set_T":896.0,"data_set_X":-1.175436,"data_set_Y":-7.4522071},{"data_set_T":897.0,"data_set_X":-1.1684748,"data_set_Y":-7.3658977},{"data_set_T":898.0,"data_set_X":-1.1613017,"data_set_Y":-7.2786102},{"data_set_T":899.0,"data_set_X":-1.1541287,"data_set_Y":-7.1913228},{"data_set_T":900.0,"data_set_X":-1.1469556,"data_set_Y":-7.1040354},{"data_set_T":901.0,"data_set_X":-1.1396203,"data_set_Y":-7.0159645},{"data_set_T":902.0,"data_set_X":-1.1320167,"data_set_Y":-6.9265966},{"data_set_T":903.0,"data_set_X":-1.1244131,"data_set_Y":-6.8372293},{"data_set_T":904.0,"data_set_X":-1.1168096,"data_set_Y":-6.7478614},{"data_set_T":905.0,"data_set_X":-1.109043,"data_set_Y":-6.6576891},{"data_set_T":906.0,"data_set_X":-1.1009356,"data_set_Y":-6.565835},{"data_set_T":907.0,"data_set_X":-1.0928283,"data_set_Y":-6.4739804},{"data_set_T":908.0,"data_set_X":-1.0847208,"data_set_Y":-6.3821263},{"data_set_T":909.0,"data_set_X":-1.076438,"data_set_Y":-6.2899365},{"data_set_T":910.0,"data_set_X":-1.067681,"data_set_Y":-6.1968403},{"data_set_T":911.0,"data_set_X":-1.0589021,"data_set_Y":-6.102932},{"data_set_T":912.0,"data_set_X":-1.0501062,"data_set_Y":-6.0085478},{"data_set_T":913.0,"data_set_X":-1.0411191,"data_set_Y":-5.9129162},{"data_set_T":914.0,"data_set_X":-1.0320069,"data_set_Y":-5.8167248},{"data_set_T":915.0,"data_set_X":-1.0227125,"data_set_Y":-5.7197204},{"data_set_T":916.0,"data_set_X":-1.0131441,"data_set_Y":-5.6215515},{"data_set_T":917.0,"data_set_X":-1.0034516,"data_set_Y":-5.5228691},{"data_set_T":918.0,"data_set_X":-0.99340791,"data_set_Y":-5.4227905},{"data_set_T":919.0,"data_set_X":-0.98319292,"data_set_Y":-5.322031},{"data_set_T":920.0,"data_set_X":-0.97280657,"data_set_Y":-5.2205906},{"data_set_T":921.0,"data_set_X":-0.96213681,"data_set_Y":-5.1179237},{"data_set_T":922.0,"data_set_X":-0.95121056,"data_set_Y":-5.0141616},{"data_set_T":923.0,"data_set_X":-0.94004703,"data_set_Y":-4.9093976},{"data_set_T":924.0,"data_set_X":-0.92857397,"data_set_Y":-4.8034272},{"data_set_T":925.0,"data_set_X":-0.91672158,"data_set_Y":-4.6960526},{"data_set_T":926.0,"data_set_X":-0.90455085,"data_set_Y":-4.5874462},{"data_set_T":927.0,"data_set_X":-0.89204431,"data_set_Y":-4.4775615},{"data_set_T":928.0,"data_set_X":-0.87904137,"data_set_Y":-4.3659687},{"data_set_T":929.0,"data_set_X":-0.86563486,"data_set_Y":-4.2529159},{"data_set_T":930.0,"data_set_X":-0.85182464,"data_set_Y":-4.1384034},{"data_set_T":931.0,"data_set_X":-0.83745331,"data_set_Y":-4.0220284},{"data_set_T":932.0,"data_set_X":-0.82254273,"data_set_Y":-3.9038472},{"data_set_T":933.0,"data_set_X":-0.80712891,"data_set_Y":-3.783952},{"data_set_T":934.0,"data_set_X":-0.79107893,"data_set_Y":-3.6621184},{"data_set_T":935.0,"data_set_X":-0.77418834,"data_set_Y":-3.5380013},{"data_set_T":936.0,"data_set_X":-0.75655508,"data_set_Y":-3.4117661},{"data_set_T":937.0,"data_set_X":-0.73814946,"data_set_Y":-3.2833624},{"data_set_T":938.0,"data_set_X":-0.71894175,"data_set_Y":-3.1527402},{"data_set_T":939.0,"data_set_X":-0.69867826,"data_set_Y":-3.0197084},{"data_set_T":940.0,"data_set_X":-0.67678016,"data_set_Y":-2.8838701},{"data_set_T":941.0,"data_set_X":-0.65325856,"data_set_Y":-2.7452011},{"data_set_T":942.0,"data_set_X":-0.62810934,"data_set_Y":-2.6034923},{"data_set_T":943.0,"data_set_X":-0.60146827,"data_set_Y":-2.4585021},{"data_set_T":944.0,"data_set_X":-0.5731163,"data_set_Y":-2.3100722},{"data_set_T":945.0,"data_set_X":-0.54252291,"data_set_Y":-2.1580074},{"data_set_T":946.0,"data_set_X":-0.50877947,"data_set_Y":-2.0021069},{"data_set_T":947.0,"data_set_X":-0.47126317,"data_set_Y":-1.8421073},{"data_set_T":948.0,"data_set_X":-0.42916849,"data_set_Y":-1.6777374},{"data_set_T":949.0,"data_set_X":-0.3806425,"data_set_Y":-1.5087873},{"data_set_T":950.0,"data_set_X":-0.32306579,"data_set_Y":-1.3350451},{"data_set_T":951.0,"data_set_X":-0.25186333,"data_set_Y":-1.1564896},{"data_set_T":952.0,"data_set_X":-0.15568906,"data_set_Y":-0.97387934},{"data_set_T":953.0,"data_set_X":-0.0029946279,"data_set_Y":-0.79095531},{"data_set_T":954.0,"data_set_X":0.40610018,"data_set_Y":-0.64020956},{"data_set_T":955.0,"data_set_X":3.33968,"data_set_Y":-2.7206573},{"data_set_T":956.0,"data_set_X":2.7699621,"data_set_Y":-7.3871608},{"data_set_T":957.0,"data_set_X":0.73956853,"data_set_Y":-9.0540695},{"data_set_T":958.0,"data_set_X":-1.2746576,"data_set_Y":-8.751338},{"data_set_T":959.0,"data_set_X":-1.2686847,"data_set_Y":-8.6696262},{"data_set_T":960.0,"data_set_X":-1.262671,"data_set_Y":-8.5876083},{"data_set_T":961.0,"data_set_X":-1.256511,"data_set_Y":-8.5048723},{"data_set_T":962.0,"data_set_X":-1.2503511,"data_set_Y":-8.4221354},{"data_set_T":963.0,"data_set_X":-1.2441911,"data_set_Y":-8.3393993},{"data_set_T":964.0,"data_set_X":-1.238031,"data_set_Y":-8.2566624},{"data_set_T":965.0,"data_set_X":-1.2317603,"data_set_Y":-8.17346},{"data_set_T":966.0,"data_set_X":-1.2252944,"data_set_Y":-8.0894365},{"data_set_T":967.0,"data_set_X":-1.2188286,"data_set_Y":-8.0054131},{"data_set_T":968.0,"data_set_X":-1.2123628,"data_set_Y":-7.9213891},{"data_set_T":969.0,"data_set_X":-1.205897,"data_set_Y":-7.8373656},{"data_set_T":970.0,"data_set_X":-1.1992649,"data_set_Y":-7.7525182},{"data_set_T":971.0,"data_set_X":-1.1924677,"data_set_Y":-7.666851},{"data_set_T":972.0,"data_set_X":-1.1856704,"data_set_Y":-7.5811839},{"data_set_T":973.0,"data_set_X":-1.1788732,"data_set_Y":-7.4955168},{"data_set_T":974.0,"data_set_X":-1.1720759,"data_set_Y":-7.4098496},{"data_set_T":975.0,"data_set_X":-1.1649905,"data_set_Y":-7.3228254},{"data_set_T":976.0,"data_set_X":-1.1577432,"data_set_Y":-7.2350392},{"data_set_T":977.0,"data_set_X":-1.150496,"data_set_Y":-7.1472526},{"data_set_T":978.0,"data_set_X":-1.1432488,"data_set_Y":-7.0594664},{"data_set_T":979.0,"data_set_X":-1.1360016,"data_set_Y":-6.9716797},{"data_set_T":980.0,"data_set_X":-1.1283606,"data_set_Y":-6.8830447},{"data_set_T":981.0,"data_set_X":-1.1206081,"data_set_Y":-6.7941694},{"data_set_T":982.0,"data_set_X":-1.1127939,"data_set_Y":-6.7043581},{"data_set_T":983.0,"data_set_X":-1.1049682,"data_set_Y":-6.6143713},{"data_set_T":984.0,"data_set_X":-1.0969509,"data_set_Y":-6.5233202},{"data_set_T":985.0,"data_set_X":-1.0889133,"data_set_Y":-6.4321566},{"data_set_T":986.0,"data_set_X":-1.0806042,"data_set_Y":-6.3397532},{"data_set_T":987.0,"data_set_X":-1.0722767,"data_set_Y":-6.2472653},{"data_set_T":988.0,"data_set_X":-1.0636524,"data_set_Y":-6.15342},{"data_set_T":989.0,"data_set_X":-1.0550022,"data_set_Y":-6.0594625},{"data_set_T":990.0,"data_set_X":-1.0460304,"data_set_Y":-5.9641056},{"data_set_T":991.0,"data_set_X":-1.0369316,"data_set_Y":-5.868197},{"data_set_T":992.0,"data_set_X":-1.0277061,"data_set_Y":-5.7717357},{"data_set_T":993.0,"data_set_X":-1.0183537,"data_set_Y":-5.6747227},{"data_set_T":994.0,"data_set_X":-1.0087572,"data_set_Y":-5.5765853},{"data_set_T":995.0,"data_set_X":-0.9989534,"data_set_Y":-5.4775028},{"data_set_T":996.0,"data_set_X":-0.98896533,"data_set_Y":-5.3775883},{"data_set_T":997.0,"data_set_X":-0.97879303,"data_set_Y":-5.2768416},{"data_set_T":998.0,"data_set_X":-0.96834624,"data_set_Y":-5.1749859},{"data_set_T":999.0,"data_set_X":-0.95757335,"data_set_Y":-5.0718632},{"data_set_T":1000.0,"data_set_X":-0.94654268,"data_set_Y":-4.9676824}]