[{"data_set_value_component_environment_variable_time":0.0,"data_set_value_component_environment_variable_Vp":3.0,"data_set_value_component_environment_variable_Vi":11.0,"data_set_value_component_environment_variable_Vg":10.0,"data_set_value_component_environment_variable_E":0.2,"data_set_value_component_plasma_insulin_variable_Ip":93.36441699,"data_set_value_component_plasma_insulin_variable_Ip_conc":31.12147233,"data_set_value_component_plasma_insulin_variable_tp":6.0,"data_set_value_component_plasma_insulin_variable_f1_G":15.1748770411,"data_set_value_component_plasma_insulin_variable_Rm":210.0,"data_set_value_component_plasma_insulin_variable_C1":2000.0,"data_set_value_component_plasma_insulin_variable_a1":300.0,"data_set_value_component_intercellular_insulin_variable_Ii":243.2865183,"data_set_value_component_intercellular_insulin_variable_Ii_conc":22.1169562091,"data_set_value_component_intercellular_insulin_variable_ti":100.0,"data_set_value_component_glucose_variable_G":12342.61665,"data_set_value_component_glucose_variable_G_conc":123.4261665,"data_set_value_component_glucose_variable_Gin":216.0,"data_set_value_component_glucose_variable_f2_G":71.9863579104,"data_set_value_component_glucose_variable_f3_G":1.234261665,"data_set_value_component_glucose_variable_f4_Ii":204.190214964,"data_set_value_component_glucose_variable_f5_x3":12.7950632297,"data_set_value_component_glucose_variable_C2":144.0,"data_set_value_component_glucose_variable_C3":1000.0,"data_set_value_component_glucose_variable_C4":80.0,"data_set_value_component_glucose_variable_C5":26.0,"data_set_value_component_glucose_variable_U0":40.0,"data_set_value_component_glucose_variable_Um":940.0,"data_set_value_component_glucose_variable_Ub":72.0,"data_set_value_component_glucose_variable_beta":1.77,"data_set_value_component_glucose_variable_Rg":180.0,"data_set_value_component_glucose_variable_alpha":0.29,"data_set_value_component_delay_variable_x3":104.5878705,"data_set_value_component_delay_variable_td":36.0,"data_set_value_component_delay_variable_x1":110.420253,"data_set_value_component_delay_variable_x2":112.7601171},{"data_set_value_component_environment_variable_time":0.1,"data_set_value_component_environment_variable_Vp":3.0,"data_set_value_component_environment_variable_Vi":11.0,"data_set_value_component_environment_variable_Vg":10.0,"data_set_value_component_environment_variable_E":0.2,"data_set_value_component_plasma_insulin_variable_Ip":93.1460098314,"data_set_value_component_plasma_insulin_variable_Ip_conc":31.0486699438,"data_set_value_component_plasma_insulin_variable_tp":6.0,"data_set_value_component_plasma_insulin_variable_f1_G":15.1303018776,"data_set_value_component_plasma_insulin_variable_Rm":210.0,"data_set_value_component_plasma_insulin_variable_C1":2000.0,"data_set_value_component_plasma_insulin_variable_a1":300.0,"data_set_value_component_intercellular_insulin_variable_Ii":243.2226631946,"data_set_value_component_intercellular_insulin_variable_Ii_conc":22.1111511995,"data_set_value_component_intercellular_insulin_variable_ti":100.0,"data_set_value_component_glucose_variable_G":12333.1050782049,"data_set_value_component_glucose_variable_G_conc":123.331050782,"data_set_value_component_glucose_variable_Gin":216.0,"data_set_value_component_glucose_variable_f2_G":71.9862675026,"data_set_value_component_glucose_variable_f3_G":1.2333105078,"data_set_value_component_glucose_variable_f4_Ii":204.127853818,"data_set_value_component_glucose_variable_f5_x3":12.7174697764,"data_set_value_component_glucose_variable_C2":144.0,"data_set_value_component_glucose_variable_C3":1000.0,"data_set_value_component_glucose_variable_C4":80.0,"data_set_value_component_glucose_variable_C5":26.0,"data_set_value_component_glucose_variable_U0":40.0,"data_set_value_component_glucose_variable_Um":940.0,"data_set_value_component_glucose_variable_Ub":72.0,"data_set_value_component_glucose_variable_beta":1.77,"data_set_value_component_glucose_variable_Rg":180.0,"data_set_value_component_glucose_variable_alpha":0.29,"data_set_value_component_delay_variable_x3":104.6555954432,"data_set_value_component_delay_variable_td":36.0,"data_set_value_component_delay_variable_x1":110.2777937906,"data_set_value_component_delay_variable_x2":112.7400915881},{"data_set_value_component_environment_variable_time":0.2,"data_set_value_component_environment_variable_Vp":3.0,"data_set_value_component_environment_variable_Vi":11.0,"data_set_value_component_environment_variable_Vg":10.0,"data_set_value_component_environment_variable_E":0.2,"data_set_value_component_plasma_insulin_variable_Ip":92.9281217119,"data_set_value_component_plasma_insulin_variable_Ip_conc":30.9760405706,"data_set_value_component_plasma_insulin_variable_tp":6.0,"data_set_value_component_plasma_insulin_variable_f1_G":15.0859372066,"data_set_value_component_plasma_insulin_variable_Rm":210.0,"data_set_value_component_plasma_insulin_variable_C1":2000.0,"data_set_value_component_plasma_insulin_variable_a1":300.0,"data_set_value_component_intercellular_insulin_variable_Ii":243.1575556717,"data_set_value_component_intercellular_insulin_variable_Ii_conc":22.1052323338,"data_set_value_component_intercellular_insulin_variable_ti":100.0,"data_set_value_component_glucose_variable_G":12323.6127237716,"data_set_value_component_glucose_variable_G_conc":123.2361272377,"data_set_value_component_glucose_variable_Gin":216.0,"data_set_value_component_glucose_variable_f2_G":71.9861766802,"data_set_value_component_glucose_variable_f3_G":1.2323612724,"data_set_value_component_glucose_variable_f4_Ii":204.0642716538,"data_set_value_component_glucose_variable_f5_x3":12.6411313493,"data_set_value_component_glucose_variable_C2":144.0,"data_set_value_component_glucose_variable_C3":1000.0,"data_set_value_component_glucose_variable_C4":80.0,"data_set_value_component_glucose_variable_C5":26.0,"data_set_value_component_glucose_variable_U0":40.0,"data_set_value_component_glucose_variable_Um":940.0,"data_set_value_component_glucose_variable_Ub":72.0,"data_set_value_component_glucose_variable_beta":1.77,"data_set_value_component_glucose_variable_Rg":180.0,"data_set_value_component_glucose_variable_alpha":0.29,"data_set_value_component_delay_variable_x3":104.7225985933,"data_set_value_component_delay_variable_td":36.0,"data_set_value_component_delay_variable_x1":110.1347173066,"data_set_value_component_delay_variable_x2":112.7190631875},{"data_set_value_component_environment_variable_time":0.3,"data_set_value_component_environment_variable_Vp":3.0,"data_set_value_component_environment_variable_Vi":11.0,"data_set_value_component_environment_variable_Vg":10.0,"data_set_value_component_environment_variable_E":0.2,"data_set_value_component_plasma_insulin_variable_Ip":92.7107661461,"data_set_value_component_plasma_insulin_variable_Ip_conc":30.9035887154,"data_set_value_component_plasma_insulin_variable_tp":6.0,"data_set_value_component_plasma_insulin_variable_f1_G":15.0417842938,"data_set_value_component_plasma_insulin_variable_Rm":210.0,"data_set_value_component_plasma_insulin_variable_C1":2000.0,"data_set_value_component_plasma_insulin_variable_a1":300.0,"data_set_value_component_intercellular_insulin_variable_Ii":243.0911839849,"data_set_value_component_intercellular_insulin_variable_Ii_conc":22.0991985441,"data_set_value_component_intercellular_insulin_variable_ti":100.0,"data_set_value_component_glucose_variable_G":12314.1400725958,"data_set_value_component_glucose_variable_G_conc":123.141400726,"data_set_value_component_glucose_variable_Gin":216.0,"data_set_value_component_glucose_variable_f2_G":71.9860854475,"data_set_value_component_glucose_variable_f3_G":1.2314140073,"data_set_value_component_glucose_variable_f4_Ii":203.9994571278,"data_set_value_component_glucose_variable_f5_x3":12.5660465675,"data_set_value_component_glucose_variable_C2":144.0,"data_set_value_component_glucose_variable_C3":1000.0,"data_set_value_component_glucose_variable_C4":80.0,"data_set_value_component_glucose_variable_C5":26.0,"data_set_value_component_glucose_variable_U0":40.0,"data_set_value_component_glucose_variable_Um":940.0,"data_set_value_component_glucose_variable_Ub":72.0,"data_set_value_component_glucose_variable_beta":1.77,"data_set_value_component_glucose_variable_Rg":180.0,"data_set_value_component_glucose_variable_alpha":0.29,"data_set_value_component_delay_variable_x3":104.7888673017,"data_set_value_component_delay_variable_td":36.0,"data_set_value_component_delay_variable_x1":109.9910233142,"data_set_value_component_delay_variable_x2":112.6970203046},{"data_set_value_component_environment_variable_time":0.4,"data_set_value_component_environment_variable_Vp":3.0,"data_set_value_component_environment_variable_Vi":11.0,"data_set_value_component_environment_variable_Vg":10.0,"data_set_value_component_environment_variable_E":0.2,"data_set_value_component_plasma_insulin_variable_Ip":92.4939495585,"data_set_value_component_plasma_insulin_variable_Ip_conc":30.8313165195,"data_set_value_component_plasma_insulin_variable_tp":6.0,"data_set_value_component_plasma_insulin_variable_f1_G":14.9978431778,"data_set_value_component_plasma_insulin_variable_Rm":210.0,"data_set_value_component_plasma_insulin_variable_C1":2000.0,"data_set_value_component_plasma_insulin_variable_a1":300.0,"data_set_value_component_intercellular_insulin_variable_Ii":243.0235544792,"data_set_value_component_intercellular_insulin_variable_Ii_conc":22.0930504072,"data_set_value_component_intercellular_insulin_variable_ti":100.0,"data_set_value_component_glucose_variable_G":12304.6873504717,"data_set_value_component_glucose_variable_G_conc":123.0468735047,"data_set_value_component_glucose_variable_Gin":216.0,"data_set_value_component_glucose_variable_f2_G":71.9859938065,"data_set_value_component_glucose_variable_f3_G":1.230468735,"data_set_value_component_glucose_variable_f4_Ii":203.9334165669,"data_set_value_component_glucose_variable_f5_x3":12.4922026989,"data_set_value_component_glucose_variable_C2":144.0,"data_set_value_component_glucose_variable_C3":1000.0,"data_set_value_component_glucose_variable_C4":80.0,"data_set_value_component_glucose_variable_C5":26.0,"data_set_value_component_glucose_variable_U0":40.0,"data_set_value_component_glucose_variable_Um":940.0,"data_set_value_component_glucose_variable_Ub":72.0,"data_set_value_component_glucose_variable_beta":1.77,"data_set_value_component_glucose_variable_Rg":180.0,"data_set_value_component_glucose_variable_alpha":0.29,"data_set_value_component_delay_variable_x3":104.8543989894,"data_set_value_component_delay_variable_td":36.0,"data_set_value_component_delay_variable_x1":109.8467208289,"data_set_value_component_delay_variable_x2":112.6739657199},{"data_set_value_component_environment_variable_time":0.5,"data_set_value_component_environment_variable_Vp":3.0,"data_set_value_component_environment_variable_Vi":11.0,"data_set_value_component_environment_variable_Vg":10.0,"data_set_value_component_environment_variable_E":0.2,"data_set_value_component_plasma_insulin_variable_Ip":92.2776772065,"data_set_value_component_plasma_insulin_variable_Ip_conc":30.7592257355,"data_set_value_component_plasma_insulin_variable_tp":6.0,"data_set_value_component_plasma_insulin_variable_f1_G":14.9541137053,"data_set_value_component_plasma_insulin_variable_Rm":210.0,"data_set_value_component_plasma_insulin_variable_C1":2000.0,"data_set_value_component_plasma_insulin_variable_a1":300.0,"data_set_value_component_intercellular_insulin_variable_Ii":242.9546728987,"data_set_value_component_intercellular_insulin_variable_Ii_conc":22.0867884453,"data_set_value_component_intercellular_insulin_variable_ti":100.0,"data_set_value_component_glucose_variable_G":12295.2547430279,"data_set_value_component_glucose_variable_G_conc":122.9525474303,"data_set_value_component_glucose_variable_Gin":216.0,"data_set_value_component_glucose_variable_f2_G":71.9859017588,"data_set_value_component_glucose_variable_f3_G":1.2295254743,"data_set_value_component_glucose_variable_f4_Ii":203.8661557136,"data_set_value_component_glucose_variable_f5_x3":12.4195865617,"data_set_value_component_glucose_variable_C2":144.0,"data_set_value_component_glucose_variable_C3":1000.0,"data_set_value_component_glucose_variable_C4":80.0,"data_set_value_component_glucose_variable_C5":26.0,"data_set_value_component_glucose_variable_U0":40.0,"data_set_value_component_glucose_variable_Um":940.0,"data_set_value_component_glucose_variable_Ub":72.0,"data_set_value_component_glucose_variable_beta":1.77,"data_set_value_component_glucose_variable_Rg":180.0,"data_set_value_component_glucose_variable_alpha":0.29,"data_set_value_component_delay_variable_x3":104.9191916736,"data_set_value_component_delay_variable_td":36.0,"data_set_value_component_delay_variable_x1":109.7018176768,"data_set_value_component_delay_variable_x2":112.6499020926},{"data_set_value_component_environment_variable_time":0.6,"data_set_value_component_environment_variable_Vp":3.0,"data_set_value_component_environment_variable_Vi":11.0,"data_set_value_component_environment_variable_Vg":10.0,"data_set_value_component_environment_variable_E":0.2,"data_set_value_component_plasma_insulin_variable_Ip":92.0619551419,"data_set_value_component_plasma_insulin_variable_Ip_conc":30.6873183806,"data_set_value_component_plasma_insulin_variable_tp":6.0,"data_set_value_component_plasma_insulin_variable_f1_G":14.9105958548,"data_set_value_component_plasma_insulin_variable_Rm":210.0,"data_set_value_component_plasma_insulin_variable_C1":2000.0,"data_set_value_component_plasma_insulin_variable_a1":300.0,"data_set_value_component_intercellular_insulin_variable_Ii":242.8845461794,"data_set_value_component_intercellular_insulin_variable_Ii_conc":22.080413289,"data_set_value_component_intercellular_insulin_variable_ti":100.0,"data_set_value_component_glucose_variable_G":12285.8424653762,"data_set_value_component_glucose_variable_G_conc":122.8584246538,"data_set_value_component_glucose_variable_Gin":216.0,"data_set_value_component_glucose_variable_f2_G":71.9858093066,"data_set_value_component_glucose_variable_f3_G":1.2285842465,"data_set_value_component_glucose_variable_f4_Ii":203.7976814764,"data_set_value_component_glucose_variable_f5_x3":12.3481854832,"data_set_value_component_glucose_variable_C2":144.0,"data_set_value_component_glucose_variable_C3":1000.0,"data_set_value_component_glucose_variable_C4":80.0,"data_set_value_component_glucose_variable_C5":26.0,"data_set_value_component_glucose_variable_U0":40.0,"data_set_value_component_glucose_variable_Um":940.0,"data_set_value_component_glucose_variable_Ub":72.0,"data_set_value_component_glucose_variable_beta":1.77,"data_set_value_component_glucose_variable_Rg":180.0,"data_set_value_component_glucose_variable_alpha":0.29,"data_set_value_component_delay_variable_x3":104.9832431199,"data_set_value_component_delay_variable_td":36.0,"data_set_value_component_delay_variable_x1":109.556323153,"data_set_value_component_delay_variable_x2":112.6248327084},{"data_set_value_component_environment_variable_time":0.7,"data_set_value_component_environment_variable_Vp":3.0,"data_set_value_component_environment_variable_Vi":11.0,"data_set_value_component_environment_variable_Vg":10.0,"data_set_value_component_environment_variable_E":0.2,"data_set_value_component_plasma_insulin_variable_Ip":91.8467897152,"data_set_value_component_plasma_insulin_variable_Ip_conc":30.6155965717,"data_set_value_component_plasma_insulin_variable_tp":6.0,"data_set_value_component_plasma_insulin_variable_f1_G":14.8672896574,"data_set_value_component_plasma_insulin_variable_Rm":210.0,"data_set_value_component_plasma_insulin_variable_C1":2000.0,"data_set_value_component_plasma_insulin_variable_a1":300.0,"data_set_value_component_intercellular_insulin_variable_Ii":242.8131818837,"data_set_value_component_intercellular_insulin_variable_Ii_conc":22.0739256258,"data_set_value_component_intercellular_insulin_variable_ti":100.0,"data_set_value_component_glucose_variable_G":12276.4507452385,"data_set_value_component_glucose_variable_G_conc":122.7645074524,"data_set_value_component_glucose_variable_Gin":216.0,"data_set_value_component_glucose_variable_f2_G":71.9857164521,"data_set_value_component_glucose_variable_f3_G":1.2276450745,"data_set_value_component_glucose_variable_f4_Ii":203.7280013772,"data_set_value_component_glucose_variable_f5_x3":12.2779871063,"data_set_value_component_glucose_variable_C2":144.0,"data_set_value_component_glucose_variable_C3":1000.0,"data_set_value_component_glucose_variable_C4":80.0,"data_set_value_component_glucose_variable_C5":26.0,"data_set_value_component_glucose_variable_U0":40.0,"data_set_value_component_glucose_variable_Um":940.0,"data_set_value_component_glucose_variable_Ub":72.0,"data_set_value_component_glucose_variable_beta":1.77,"data_set_value_component_glucose_variable_Rg":180.0,"data_set_value_component_glucose_variable_alpha":0.29,"data_set_value_component_delay_variable_x3":105.0465510092,"data_set_value_component_delay_variable_td":36.0,"data_set_value_component_delay_variable_x1":109.4102472757,"data_set_value_component_delay_variable_x2":112.5987612179},{"data_set_value_component_environment_variable_time":0.8,"data_set_value_component_environment_variable_Vp":3.0,"data_set_value_component_environment_variable_Vi":11.0,"data_set_value_component_environment_variable_Vg":10.0,"data_set_value_component_environment_variable_E":0.2,"data_set_value_component_plasma_insulin_variable_Ip":91.6321872845,"data_set_value_component_plasma_insulin_variable_Ip_conc":30.5440624282,"data_set_value_component_plasma_insulin_variable_tp":6.0,"data_set_value_component_plasma_insulin_variable_f1_G":14.8241951441,"data_set_value_component_plasma_insulin_variable_Rm":210.0,"data_set_value_component_plasma_insulin_variable_C1":2000.0,"data_set_value_component_plasma_insulin_variable_a1":300.0,"data_set_value_component_intercellular_insulin_variable_Ii":242.7405876994,"data_set_value_component_intercellular_insulin_variable_Ii_conc":22.0673261545,"data_set_value_component_intercellular_insulin_variable_ti":100.0,"data_set_value_component_glucose_variable_G":12267.0798115906,"data_set_value_component_glucose_variable_G_conc":122.6707981159,"data_set_value_component_glucose_variable_Gin":216.0,"data_set_value_component_glucose_variable_f2_G":71.9856231975,"data_set_value_component_glucose_variable_f3_G":1.2267079812,"data_set_value_component_glucose_variable_f4_Ii":203.6571230623,"data_set_value_component_glucose_variable_f5_x3":12.2089792885,"data_set_value_component_glucose_variable_C2":144.0,"data_set_value_component_glucose_variable_C3":1000.0,"data_set_value_component_glucose_variable_C4":80.0,"data_set_value_component_glucose_variable_C5":26.0,"data_set_value_component_glucose_variable_U0":40.0,"data_set_value_component_glucose_variable_Um":940.0,"data_set_value_component_glucose_variable_Ub":72.0,"data_set_value_component_glucose_variable_beta":1.77,"data_set_value_component_glucose_variable_Rg":180.0,"data_set_value_component_glucose_variable_alpha":0.29,"data_set_value_component_delay_variable_x3":105.1091130257,"data_set_value_component_delay_variable_td":36.0,"data_set_value_component_delay_variable_x1":109.2636001868,"data_set_value_component_delay_variable_x2":112.5716913594},{"data_set_value_component_environment_variable_time":0.9,"data_set_value_component_environment_variable_Vp":3.0,"data_set_value_component_environment_variable_Vi":11.0,"data_set_value_component_environment_variable_Vg":10.0,"data_set_value_component_environment_variable_E":0.2,"data_set_value_component_plasma_insulin_variable_Ip":91.4181538993,"data_set_value_component_plasma_insulin_variable_Ip_conc":30.4727179664,"data_set_value_component_plasma_insulin_variable_tp":6.0,"data_set_value_component_plasma_insulin_variable_f1_G":14.7813123039,"data_set_value_component_plasma_insulin_variable_Rm":210.0,"data_set_value_component_plasma_insulin_variable_C1":2000.0,"data_set_value_component_plasma_insulin_variable_a1":300.0,"data_set_value_component_intercellular_insulin_variable_Ii":242.6667713355,"data_set_value_component_intercellular_insulin_variable_Ii_conc":22.060615576,"data_set_value_component_intercellular_insulin_variable_ti":100.0,"data_set_value_component_glucose_variable_G":12257.7298856024,"data_set_value_component_glucose_variable_G_conc":122.577298856,"data_set_value_component_glucose_variable_Gin":216.0,"data_set_value_component_glucose_variable_f2_G":71.9855295451,"data_set_value_component_glucose_variable_f3_G":1.2257729886,"data_set_value_component_glucose_variable_f4_Ii":203.5850542005,"data_set_value_component_glucose_variable_f5_x3":12.1411499576,"data_set_value_component_glucose_variable_C2":144.0,"data_set_value_component_glucose_variable_C3":1000.0,"data_set_value_component_glucose_variable_C4":80.0,"data_set_value_component_glucose_variable_C5":26.0,"data_set_value_component_glucose_variable_U0":40.0,"data_set_value_component_glucose_variable_Um":940.0,"data_set_value_component_glucose_variable_Ub":72.0,"data_set_value_component_glucose_variable_beta":1.77,"data_set_value_component_glucose_variable_Rg":180.0,"data_set_value_component_glucose_variable_alpha":0.29,"data_set_value_component_delay_variable_x3":105.1709269874,"data_set_value_component_delay_variable_td":36.0,"data_set_value_component_delay_variable_x1":109.1163919143,"data_set_value_component_delay_variable_x2":112.5436269728},{"data_set_value_component_environment_variable_time":1.0,"data_set_value_component_environment_variable_Vp":3.0,"data_set_value_component_environment_variable_Vi":11.0,"data_set_value_component_environment_variable_Vg":10.0,"data_set_value_component_environment_variable_E":0.2,"data_set_value_component_plasma_insulin_variable_Ip":91.2046938241,"data_set_value_component_plasma_insulin_variable_Ip_conc":30.401564608,"data_set_value_component_plasma_insulin_variable_tp":6.0,"data_set_value_component_plasma_insulin_variable_f1_G":14.7386408698,"data_set_value_component_plasma_insulin_variable_Rm":210.0,"data_set_value_component_plasma_insulin_variable_C1":2000.0,"data_set_value_component_plasma_insulin_variable_a1":300.0,"data_set_value_component_intercellular_insulin_variable_Ii":242.591739224,"data_set_value_component_intercellular_insulin_variable_Ii_conc":22.0537944749,"data_set_value_component_intercellular_insulin_variable_ti":100.0,"data_set_value_component_glucose_variable_G":12248.401133546,"data_set_value_component_glucose_variable_G_conc":122.4840113355,"data_set_value_component_glucose_variable_Gin":216.0,"data_set_value_component_glucose_variable_f2_G":71.9854354968,"data_set_value_component_glucose_variable_f3_G":1.2248401134,"data_set_value_component_glucose_variable_f4_Ii":203.5118012159,"data_set_value_component_glucose_variable_f5_x3":12.074486556,"data_set_value_component_glucose_variable_C2":144.0,"data_set_value_component_glucose_variable_C3":1000.0,"data_set_value_component_glucose_variable_C4":80.0,"data_set_value_component_glucose_variable_C5":26.0,"data_set_value_component_glucose_variable_U0":40.0,"data_set_value_component_glucose_variable_Um":940.0,"data_set_value_component_glucose_variable_Ub":72.0,"data_set_value_component_glucose_variable_beta":1.77,"data_set_value_component_glucose_variable_Rg":180.0,"data_set_value_component_glucose_variable_alpha":0.29,"data_set_value_component_delay_variable_x3":105.2319913586,"data_set_value_component_delay_variable_td":36.0,"data_set_value_component_delay_variable_x1":108.9686305295,"data_set_value_component_delay_variable_x2":112.5145714871}]