[{"data_set_value_component_environment_variable_time":0.0,"data_set_value_component_R_variable_R":0.00077,"data_set_value_component_B_variable_B":0.00073,"data_set_value_component_C_variable_C":0.00091,"data_set_value_component_C_variable_f":0.0,"data_set_value_component_pi_L_variable_pi_L":0.0602206608,"data_set_value_component_pi_L_variable_k1":0.01,"data_set_value_component_pi_L_variable_k2":10.0,"data_set_value_component_pi_L_variable_k3":0.00058,"data_set_value_component_pi_L_variable_k4":0.017,"data_set_value_component_pi_L_variable_K":10.0,"data_set_value_component_pi_L_variable_ko":0.35,"data_set_value_component_pi_L_variable_Io":0.0,"data_set_value_component_pi_L_variable_IL":0.0,"data_set_value_component_pi_L_variable_rL":1000.0,"data_set_value_component_pi_L_variable_KOP":200000.0,"data_set_value_component_pi_L_variable_KLP":3000000.0,"data_set_value_component_model_parameters_variable_DA":0.7,"data_set_value_component_model_parameters_variable_DB":0.035,"data_set_value_component_model_parameters_variable_DC":0.0021,"data_set_value_component_model_parameters_variable_DR":0.0007,"data_set_value_component_model_parameters_variable_kB":0.189,"data_set_value_component_model_parameters_variable_pi_C":0.1962774958,"data_set_value_component_model_parameters_variable_pi_P":0.019379845,"data_set_value_component_model_parameters_variable_f0":0.05,"data_set_value_component_model_parameters_variable_dB":0.7,"data_set_value_component_model_parameters_variable_IP":0.0,"data_set_value_component_model_parameters_variable_kP":86.0,"data_set_value_component_model_parameters_variable_P":0.0,"data_set_value_component_model_parameters_variable_P_0":2.9069767442,"data_set_value_component_model_parameters_variable_P_s":150.0,"data_set_value_component_model_parameters_variable_C_s":0.005,"data_set_value_component_model_parameters_variable_SP":250.0,"data_set_value_component_model_parameters_variable_k5":0.02,"data_set_value_component_model_parameters_variable_k6":3.0},{"data_set_value_component_environment_variable_time":0.1,"data_set_value_component_R_variable_R":0.0007700117,"data_set_value_component_B_variable_B":0.0007299338,"data_set_value_component_C_variable_C":0.000910138,"data_set_value_component_C_variable_f":0.0,"data_set_value_component_pi_L_variable_pi_L":0.0602143338,"data_set_value_component_pi_L_variable_k1":0.01,"data_set_value_component_pi_L_variable_k2":10.0,"data_set_value_component_pi_L_variable_k3":0.00058,"data_set_value_component_pi_L_variable_k4":0.017,"data_set_value_component_pi_L_variable_K":10.0,"data_set_value_component_pi_L_variable_ko":0.35,"data_set_value_component_pi_L_variable_Io":0.0,"data_set_value_component_pi_L_variable_IL":0.0,"data_set_value_component_pi_L_variable_rL":1000.0,"data_set_value_component_pi_L_variable_KOP":200000.0,"data_set_value_component_pi_L_variable_KLP":3000000.0,"data_set_value_component_model_parameters_variable_DA":0.7,"data_set_value_component_model_parameters_variable_DB":0.035,"data_set_value_component_model_parameters_variable_DC":0.0021,"data_set_value_component_model_parameters_variable_DR":0.0007,"data_set_value_component_model_parameters_variable_kB":0.189,"data_set_value_component_model_parameters_variable_pi_C":0.1962962691,"data_set_value_component_model_parameters_variable_pi_P":0.019379845,"data_set_value_component_model_parameters_variable_f0":0.05,"data_set_value_component_model_parameters_variable_dB":0.7,"data_set_value_component_model_parameters_variable_IP":0.0,"data_set_value_component_model_parameters_variable_kP":86.0,"data_set_value_component_model_parameters_variable_P":0.0,"data_set_value_component_model_parameters_variable_P_0":2.9069767442,"data_set_value_component_model_parameters_variable_P_s":150.0,"data_set_value_component_model_parameters_variable_C_s":0.005,"data_set_value_component_model_parameters_variable_SP":250.0,"data_set_value_component_model_parameters_variable_k5":0.02,"data_set_value_component_model_parameters_variable_k6":3.0},{"data_set_value_component_environment_variable_time":0.2,"data_set_value_component_R_variable_R":0.0007700258,"data_set_value_component_B_variable_B":0.0007298679,"data_set_value_component_C_variable_C":0.0009102717,"data_set_value_component_C_variable_f":0.0,"data_set_value_component_pi_L_variable_pi_L":0.0602078592,"data_set_value_component_pi_L_variable_k1":0.01,"data_set_value_component_pi_L_variable_k2":10.0,"data_set_value_component_pi_L_variable_k3":0.00058,"data_set_value_component_pi_L_variable_k4":0.017,"data_set_value_component_pi_L_variable_K":10.0,"data_set_value_component_pi_L_variable_ko":0.35,"data_set_value_component_pi_L_variable_Io":0.0,"data_set_value_component_pi_L_variable_IL":0.0,"data_set_value_component_pi_L_variable_rL":1000.0,"data_set_value_component_pi_L_variable_KOP":200000.0,"data_set_value_component_pi_L_variable_KLP":3000000.0,"data_set_value_component_model_parameters_variable_DA":0.7,"data_set_value_component_model_parameters_variable_DB":0.035,"data_set_value_component_model_parameters_variable_DC":0.0021,"data_set_value_component_model_parameters_variable_DR":0.0007,"data_set_value_component_model_parameters_variable_kB":0.189,"data_set_value_component_model_parameters_variable_pi_C":0.1963144411,"data_set_value_component_model_parameters_variable_pi_P":0.019379845,"data_set_value_component_model_parameters_variable_f0":0.05,"data_set_value_component_model_parameters_variable_dB":0.7,"data_set_value_component_model_parameters_variable_IP":0.0,"data_set_value_component_model_parameters_variable_kP":86.0,"data_set_value_component_model_parameters_variable_P":0.0,"data_set_value_component_model_parameters_variable_P_0":2.9069767442,"data_set_value_component_model_parameters_variable_P_s":150.0,"data_set_value_component_model_parameters_variable_C_s":0.005,"data_set_value_component_model_parameters_variable_SP":250.0,"data_set_value_component_model_parameters_variable_k5":0.02,"data_set_value_component_model_parameters_variable_k6":3.0},{"data_set_value_component_environment_variable_time":0.3,"data_set_value_component_R_variable_R":0.0007700413,"data_set_value_component_B_variable_B":0.0007298021,"data_set_value_component_C_variable_C":0.0009104024,"data_set_value_component_C_variable_f":0.0,"data_set_value_component_pi_L_variable_pi_L":0.0602012882,"data_set_value_component_pi_L_variable_k1":0.01,"data_set_value_component_pi_L_variable_k2":10.0,"data_set_value_component_pi_L_variable_k3":0.00058,"data_set_value_component_pi_L_variable_k4":0.017,"data_set_value_component_pi_L_variable_K":10.0,"data_set_value_component_pi_L_variable_ko":0.35,"data_set_value_component_pi_L_variable_Io":0.0,"data_set_value_component_pi_L_variable_IL":0.0,"data_set_value_component_pi_L_variable_rL":1000.0,"data_set_value_component_pi_L_variable_KOP":200000.0,"data_set_value_component_pi_L_variable_KLP":3000000.0,"data_set_value_component_model_parameters_variable_DA":0.7,"data_set_value_component_model_parameters_variable_DB":0.035,"data_set_value_component_model_parameters_variable_DC":0.0021,"data_set_value_component_model_parameters_variable_DR":0.0007,"data_set_value_component_model_parameters_variable_kB":0.189,"data_set_value_component_model_parameters_variable_pi_C":0.1963322197,"data_set_value_component_model_parameters_variable_pi_P":0.019379845,"data_set_value_component_model_parameters_variable_f0":0.05,"data_set_value_component_model_parameters_variable_dB":0.7,"data_set_value_component_model_parameters_variable_IP":0.0,"data_set_value_component_model_parameters_variable_kP":86.0,"data_set_value_component_model_parameters_variable_P":0.0,"data_set_value_component_model_parameters_variable_P_0":2.9069767442,"data_set_value_component_model_parameters_variable_P_s":150.0,"data_set_value_component_model_parameters_variable_C_s":0.005,"data_set_value_component_model_parameters_variable_SP":250.0,"data_set_value_component_model_parameters_variable_k5":0.02,"data_set_value_component_model_parameters_variable_k6":3.0},{"data_set_value_component_environment_variable_time":0.4,"data_set_value_component_R_variable_R":0.0007700585,"data_set_value_component_B_variable_B":0.0007297366,"data_set_value_component_C_variable_C":0.00091053,"data_set_value_component_C_variable_f":0.0,"data_set_value_component_pi_L_variable_pi_L":0.0601946194,"data_set_value_component_pi_L_variable_k1":0.01,"data_set_value_component_pi_L_variable_k2":10.0,"data_set_value_component_pi_L_variable_k3":0.00058,"data_set_value_component_pi_L_variable_k4":0.017,"data_set_value_component_pi_L_variable_K":10.0,"data_set_value_component_pi_L_variable_ko":0.35,"data_set_value_component_pi_L_variable_Io":0.0,"data_set_value_component_pi_L_variable_IL":0.0,"data_set_value_component_pi_L_variable_rL":1000.0,"data_set_value_component_pi_L_variable_KOP":200000.0,"data_set_value_component_pi_L_variable_KLP":3000000.0,"data_set_value_component_model_parameters_variable_DA":0.7,"data_set_value_component_model_parameters_variable_DB":0.035,"data_set_value_component_model_parameters_variable_DC":0.0021,"data_set_value_component_model_parameters_variable_DR":0.0007,"data_set_value_component_model_parameters_variable_kB":0.189,"data_set_value_component_model_parameters_variable_pi_C":0.1963495594,"data_set_value_component_model_parameters_variable_pi_P":0.019379845,"data_set_value_component_model_parameters_variable_f0":0.05,"data_set_value_component_model_parameters_variable_dB":0.7,"data_set_value_component_model_parameters_variable_IP":0.0,"data_set_value_component_model_parameters_variable_kP":86.0,"data_set_value_component_model_parameters_variable_P":0.0,"data_set_value_component_model_parameters_variable_P_0":2.9069767442,"data_set_value_component_model_parameters_variable_P_s":150.0,"data_set_value_component_model_parameters_variable_C_s":0.005,"data_set_value_component_model_parameters_variable_SP":250.0,"data_set_value_component_model_parameters_variable_k5":0.02,"data_set_value_component_model_parameters_variable_k6":3.0},{"data_set_value_component_environment_variable_time":0.5,"data_set_value_component_R_variable_R":0.0007700776,"data_set_value_component_B_variable_B":0.0007296717,"data_set_value_component_C_variable_C":0.0009106529,"data_set_value_component_C_variable_f":0.0,"data_set_value_component_pi_L_variable_pi_L":0.0601878469,"data_set_value_component_pi_L_variable_k1":0.01,"data_set_value_component_pi_L_variable_k2":10.0,"data_set_value_component_pi_L_variable_k3":0.00058,"data_set_value_component_pi_L_variable_k4":0.017,"data_set_value_component_pi_L_variable_K":10.0,"data_set_value_component_pi_L_variable_ko":0.35,"data_set_value_component_pi_L_variable_Io":0.0,"data_set_value_component_pi_L_variable_IL":0.0,"data_set_value_component_pi_L_variable_rL":1000.0,"data_set_value_component_pi_L_variable_KOP":200000.0,"data_set_value_component_pi_L_variable_KLP":3000000.0,"data_set_value_component_model_parameters_variable_DA":0.7,"data_set_value_component_model_parameters_variable_DB":0.035,"data_set_value_component_model_parameters_variable_DC":0.0021,"data_set_value_component_model_parameters_variable_DR":0.0007,"data_set_value_component_model_parameters_variable_kB":0.189,"data_set_value_component_model_parameters_variable_pi_C":0.1963662795,"data_set_value_component_model_parameters_variable_pi_P":0.019379845,"data_set_value_component_model_parameters_variable_f0":0.05,"data_set_value_component_model_parameters_variable_dB":0.7,"data_set_value_component_model_parameters_variable_IP":0.0,"data_set_value_component_model_parameters_variable_kP":86.0,"data_set_value_component_model_parameters_variable_P":0.0,"data_set_value_component_model_parameters_variable_P_0":2.9069767442,"data_set_value_component_model_parameters_variable_P_s":150.0,"data_set_value_component_model_parameters_variable_C_s":0.005,"data_set_value_component_model_parameters_variable_SP":250.0,"data_set_value_component_model_parameters_variable_k5":0.02,"data_set_value_component_model_parameters_variable_k6":3.0},{"data_set_value_component_environment_variable_time":0.6,"data_set_value_component_R_variable_R":0.0007700986,"data_set_value_component_B_variable_B":0.0007296071,"data_set_value_component_C_variable_C":0.0009107722,"data_set_value_component_C_variable_f":0.0,"data_set_value_component_pi_L_variable_pi_L":0.0601809746,"data_set_value_component_pi_L_variable_k1":0.01,"data_set_value_component_pi_L_variable_k2":10.0,"data_set_value_component_pi_L_variable_k3":0.00058,"data_set_value_component_pi_L_variable_k4":0.017,"data_set_value_component_pi_L_variable_K":10.0,"data_set_value_component_pi_L_variable_ko":0.35,"data_set_value_component_pi_L_variable_Io":0.0,"data_set_value_component_pi_L_variable_IL":0.0,"data_set_value_component_pi_L_variable_rL":1000.0,"data_set_value_component_pi_L_variable_KOP":200000.0,"data_set_value_component_pi_L_variable_KLP":3000000.0,"data_set_value_component_model_parameters_variable_DA":0.7,"data_set_value_component_model_parameters_variable_DB":0.035,"data_set_value_component_model_parameters_variable_DC":0.0021,"data_set_value_component_model_parameters_variable_DR":0.0007,"data_set_value_component_model_parameters_variable_kB":0.189,"data_set_value_component_model_parameters_variable_pi_C":0.1963824949,"data_set_value_component_model_parameters_variable_pi_P":0.019379845,"data_set_value_component_model_parameters_variable_f0":0.05,"data_set_value_component_model_parameters_variable_dB":0.7,"data_set_value_component_model_parameters_variable_IP":0.0,"data_set_value_component_model_parameters_variable_kP":86.0,"data_set_value_component_model_parameters_variable_P":0.0,"data_set_value_component_model_parameters_variable_P_0":2.9069767442,"data_set_value_component_model_parameters_variable_P_s":150.0,"data_set_value_component_model_parameters_variable_C_s":0.005,"data_set_value_component_model_parameters_variable_SP":250.0,"data_set_value_component_model_parameters_variable_k5":0.02,"data_set_value_component_model_parameters_variable_k6":3.0},{"data_set_value_component_environment_variable_time":0.7,"data_set_value_component_R_variable_R":0.0007701213,"data_set_value_component_B_variable_B":0.0007295429,"data_set_value_component_C_variable_C":0.0009108877,"data_set_value_component_C_variable_f":0.0,"data_set_value_component_pi_L_variable_pi_L":0.0601740025,"data_set_value_component_pi_L_variable_k1":0.01,"data_set_value_component_pi_L_variable_k2":10.0,"data_set_value_component_pi_L_variable_k3":0.00058,"data_set_value_component_pi_L_variable_k4":0.017,"data_set_value_component_pi_L_variable_K":10.0,"data_set_value_component_pi_L_variable_ko":0.35,"data_set_value_component_pi_L_variable_Io":0.0,"data_set_value_component_pi_L_variable_IL":0.0,"data_set_value_component_pi_L_variable_rL":1000.0,"data_set_value_component_pi_L_variable_KOP":200000.0,"data_set_value_component_pi_L_variable_KLP":3000000.0,"data_set_value_component_model_parameters_variable_DA":0.7,"data_set_value_component_model_parameters_variable_DB":0.035,"data_set_value_component_model_parameters_variable_DC":0.0021,"data_set_value_component_model_parameters_variable_DR":0.0007,"data_set_value_component_model_parameters_variable_kB":0.189,"data_set_value_component_model_parameters_variable_pi_C":0.1963982057,"data_set_value_component_model_parameters_variable_pi_P":0.019379845,"data_set_value_component_model_parameters_variable_f0":0.05,"data_set_value_component_model_parameters_variable_dB":0.7,"data_set_value_component_model_parameters_variable_IP":0.0,"data_set_value_component_model_parameters_variable_kP":86.0,"data_set_value_component_model_parameters_variable_P":0.0,"data_set_value_component_model_parameters_variable_P_0":2.9069767442,"data_set_value_component_model_parameters_variable_P_s":150.0,"data_set_value_component_model_parameters_variable_C_s":0.005,"data_set_value_component_model_parameters_variable_SP":250.0,"data_set_value_component_model_parameters_variable_k5":0.02,"data_set_value_component_model_parameters_variable_k6":3.0},{"data_set_value_component_environment_variable_time":0.8,"data_set_value_component_R_variable_R":0.0007701448,"data_set_value_component_B_variable_B":0.0007294799,"data_set_value_component_C_variable_C":0.0009109996,"data_set_value_component_C_variable_f":0.0,"data_set_value_component_pi_L_variable_pi_L":0.0601670695,"data_set_value_component_pi_L_variable_k1":0.01,"data_set_value_component_pi_L_variable_k2":10.0,"data_set_value_component_pi_L_variable_k3":0.00058,"data_set_value_component_pi_L_variable_k4":0.017,"data_set_value_component_pi_L_variable_K":10.0,"data_set_value_component_pi_L_variable_ko":0.35,"data_set_value_component_pi_L_variable_Io":0.0,"data_set_value_component_pi_L_variable_IL":0.0,"data_set_value_component_pi_L_variable_rL":1000.0,"data_set_value_component_pi_L_variable_KOP":200000.0,"data_set_value_component_pi_L_variable_KLP":3000000.0,"data_set_value_component_model_parameters_variable_DA":0.7,"data_set_value_component_model_parameters_variable_DB":0.035,"data_set_value_component_model_parameters_variable_DC":0.0021,"data_set_value_component_model_parameters_variable_DR":0.0007,"data_set_value_component_model_parameters_variable_kB":0.189,"data_set_value_component_model_parameters_variable_pi_C":0.1964134148,"data_set_value_component_model_parameters_variable_pi_P":0.019379845,"data_set_value_component_model_parameters_variable_f0":0.05,"data_set_value_component_model_parameters_variable_dB":0.7,"data_set_value_component_model_parameters_variable_IP":0.0,"data_set_value_component_model_parameters_variable_kP":86.0,"data_set_value_component_model_parameters_variable_P":0.0,"data_set_value_component_model_parameters_variable_P_0":2.9069767442,"data_set_value_component_model_parameters_variable_P_s":150.0,"data_set_value_component_model_parameters_variable_C_s":0.005,"data_set_value_component_model_parameters_variable_SP":250.0,"data_set_value_component_model_parameters_variable_k5":0.02,"data_set_value_component_model_parameters_variable_k6":3.0},{"data_set_value_component_environment_variable_time":0.9,"data_set_value_component_R_variable_R":0.0007701696,"data_set_value_component_B_variable_B":0.0007294176,"data_set_value_component_C_variable_C":0.0009111078,"data_set_value_component_C_variable_f":0.0,"data_set_value_component_pi_L_variable_pi_L":0.0601601091,"data_set_value_component_pi_L_variable_k1":0.01,"data_set_value_component_pi_L_variable_k2":10.0,"data_set_value_component_pi_L_variable_k3":0.00058,"data_set_value_component_pi_L_variable_k4":0.017,"data_set_value_component_pi_L_variable_K":10.0,"data_set_value_component_pi_L_variable_ko":0.35,"data_set_value_component_pi_L_variable_Io":0.0,"data_set_value_component_pi_L_variable_IL":0.0,"data_set_value_component_pi_L_variable_rL":1000.0,"data_set_value_component_pi_L_variable_KOP":200000.0,"data_set_value_component_pi_L_variable_KLP":3000000.0,"data_set_value_component_model_parameters_variable_DA":0.7,"data_set_value_component_model_parameters_variable_DB":0.035,"data_set_value_component_model_parameters_variable_DC":0.0021,"data_set_value_component_model_parameters_variable_DR":0.0007,"data_set_value_component_model_parameters_variable_kB":0.189,"data_set_value_component_model_parameters_variable_pi_C":0.196428121,"data_set_value_component_model_parameters_variable_pi_P":0.019379845,"data_set_value_component_model_parameters_variable_f0":0.05,"data_set_value_component_model_parameters_variable_dB":0.7,"data_set_value_component_model_parameters_variable_IP":0.0,"data_set_value_component_model_parameters_variable_kP":86.0,"data_set_value_component_model_parameters_variable_P":0.0,"data_set_value_component_model_parameters_variable_P_0":2.9069767442,"data_set_value_component_model_parameters_variable_P_s":150.0,"data_set_value_component_model_parameters_variable_C_s":0.005,"data_set_value_component_model_parameters_variable_SP":250.0,"data_set_value_component_model_parameters_variable_k5":0.02,"data_set_value_component_model_parameters_variable_k6":3.0},{"data_set_value_component_environment_variable_time":1.0,"data_set_value_component_R_variable_R":0.0007701959,"data_set_value_component_B_variable_B":0.000729356,"data_set_value_component_C_variable_C":0.0009112123,"data_set_value_component_C_variable_f":0.0,"data_set_value_component_pi_L_variable_pi_L":0.0601530891,"data_set_value_component_pi_L_variable_k1":0.01,"data_set_value_component_pi_L_variable_k2":10.0,"data_set_value_component_pi_L_variable_k3":0.00058,"data_set_value_component_pi_L_variable_k4":0.017,"data_set_value_component_pi_L_variable_K":10.0,"data_set_value_component_pi_L_variable_ko":0.35,"data_set_value_component_pi_L_variable_Io":0.0,"data_set_value_component_pi_L_variable_IL":0.0,"data_set_value_component_pi_L_variable_rL":1000.0,"data_set_value_component_pi_L_variable_KOP":200000.0,"data_set_value_component_pi_L_variable_KLP":3000000.0,"data_set_value_component_model_parameters_variable_DA":0.7,"data_set_value_component_model_parameters_variable_DB":0.035,"data_set_value_component_model_parameters_variable_DC":0.0021,"data_set_value_component_model_parameters_variable_DR":0.0007,"data_set_value_component_model_parameters_variable_kB":0.189,"data_set_value_component_model_parameters_variable_pi_C":0.1964423235,"data_set_value_component_model_parameters_variable_pi_P":0.019379845,"data_set_value_component_model_parameters_variable_f0":0.05,"data_set_value_component_model_parameters_variable_dB":0.7,"data_set_value_component_model_parameters_variable_IP":0.0,"data_set_value_component_model_parameters_variable_kP":86.0,"data_set_value_component_model_parameters_variable_P":0.0,"data_set_value_component_model_parameters_variable_P_0":2.9069767442,"data_set_value_component_model_parameters_variable_P_s":150.0,"data_set_value_component_model_parameters_variable_C_s":0.005,"data_set_value_component_model_parameters_variable_SP":250.0,"data_set_value_component_model_parameters_variable_k5":0.02,"data_set_value_component_model_parameters_variable_k6":3.0}]