[{"data_generator_T_baseline":0.0,"data_generator_V1_baseline":-60.667419},{"data_generator_T_baseline":10.0,"data_generator_V1_baseline":-63.222038},{"data_generator_T_baseline":20.0,"data_generator_V1_baseline":-63.093807},{"data_generator_T_baseline":30.0,"data_generator_V1_baseline":-62.909309},{"data_generator_T_baseline":40.0,"data_generator_V1_baseline":-62.723949},{"data_generator_T_baseline":50.0,"data_generator_V1_baseline":-62.539692},{"data_generator_T_baseline":60.0,"data_generator_V1_baseline":-62.35598},{"data_generator_T_baseline":70.0,"data_generator_V1_baseline":-62.173943},{"data_generator_T_baseline":80.0,"data_generator_V1_baseline":-61.993217},{"data_generator_T_baseline":90.0,"data_generator_V1_baseline":-61.813354},{"data_generator_T_baseline":100.0,"data_generator_V1_baseline":-61.635582},{"data_generator_T_baseline":110.0,"data_generator_V1_baseline":-61.459442},{"data_generator_T_baseline":120.0,"data_generator_V1_baseline":-61.284943},{"data_generator_T_baseline":130.0,"data_generator_V1_baseline":-61.112175},{"data_generator_T_baseline":140.0,"data_generator_V1_baseline":-60.941189},{"data_generator_T_baseline":150.0,"data_generator_V1_baseline":-60.772144},{"data_generator_T_baseline":160.0,"data_generator_V1_baseline":-60.602985},{"data_generator_T_baseline":170.0,"data_generator_V1_baseline":-60.436958},{"data_generator_T_baseline":180.0,"data_generator_V1_baseline":-60.273197},{"data_generator_T_baseline":190.0,"data_generator_V1_baseline":-60.107948},{"data_generator_T_baseline":200.0,"data_generator_V1_baseline":-59.946804},{"data_generator_T_baseline":210.0,"data_generator_V1_baseline":-59.785984},{"data_generator_T_baseline":220.0,"data_generator_V1_baseline":-59.63031},{"data_generator_T_baseline":230.0,"data_generator_V1_baseline":-59.468452},{"data_generator_T_baseline":240.0,"data_generator_V1_baseline":-59.313984},{"data_generator_T_baseline":250.0,"data_generator_V1_baseline":-59.158417},{"data_generator_T_baseline":260.0,"data_generator_V1_baseline":-59.005409},{"data_generator_T_baseline":270.0,"data_generator_V1_baseline":-58.854671},{"data_generator_T_baseline":280.0,"data_generator_V1_baseline":-58.705643},{"data_generator_T_baseline":290.0,"data_generator_V1_baseline":-58.559956},{"data_generator_T_baseline":300.0,"data_generator_V1_baseline":-58.413952},{"data_generator_T_baseline":310.0,"data_generator_V1_baseline":-58.274158},{"data_generator_T_baseline":320.0,"data_generator_V1_baseline":-58.133373},{"data_generator_T_baseline":330.0,"data_generator_V1_baseline":-57.998016},{"data_generator_T_baseline":340.0,"data_generator_V1_baseline":-57.866108},{"data_generator_T_baseline":350.0,"data_generator_V1_baseline":-57.738583},{"data_generator_T_baseline":360.0,"data_generator_V1_baseline":-57.614616},{"data_generator_T_baseline":370.0,"data_generator_V1_baseline":-57.495327},{"data_generator_T_baseline":380.0,"data_generator_V1_baseline":-57.38192},{"data_generator_T_baseline":390.0,"data_generator_V1_baseline":-57.270569},{"data_generator_T_baseline":400.0,"data_generator_V1_baseline":-57.165512},{"data_generator_T_baseline":410.0,"data_generator_V1_baseline":-57.065964},{"data_generator_T_baseline":420.0,"data_generator_V1_baseline":-56.969257},{"data_generator_T_baseline":430.0,"data_generator_V1_baseline":-56.878159},{"data_generator_T_baseline":440.0,"data_generator_V1_baseline":-56.792488},{"data_generator_T_baseline":450.0,"data_generator_V1_baseline":-56.708591},{"data_generator_T_baseline":460.0,"data_generator_V1_baseline":-56.629654},{"data_generator_T_baseline":470.0,"data_generator_V1_baseline":-56.554634},{"data_generator_T_baseline":480.0,"data_generator_V1_baseline":-56.48299},{"data_generator_T_baseline":490.0,"data_generator_V1_baseline":-56.414555},{"data_generator_T_baseline":500.0,"data_generator_V1_baseline":-56.349209},{"data_generator_T_baseline":510.0,"data_generator_V1_baseline":-56.286667},{"data_generator_T_baseline":520.0,"data_generator_V1_baseline":-56.226734},{"data_generator_T_baseline":530.0,"data_generator_V1_baseline":-56.169254},{"data_generator_T_baseline":540.0,"data_generator_V1_baseline":-56.114037},{"data_generator_T_baseline":550.0,"data_generator_V1_baseline":-56.060921},{"data_generator_T_baseline":560.0,"data_generator_V1_baseline":-56.009769},{"data_generator_T_baseline":570.0,"data_generator_V1_baseline":-55.960442},{"data_generator_T_baseline":580.0,"data_generator_V1_baseline":-55.912811},{"data_generator_T_baseline":590.0,"data_generator_V1_baseline":-55.866768},{"data_generator_T_baseline":600.0,"data_generator_V1_baseline":-55.822208},{"data_generator_T_baseline":610.0,"data_generator_V1_baseline":-55.779037},{"data_generator_T_baseline":620.0,"data_generator_V1_baseline":-55.737179},{"data_generator_T_baseline":630.0,"data_generator_V1_baseline":-55.696568},{"data_generator_T_baseline":640.0,"data_generator_V1_baseline":-55.657173},{"data_generator_T_baseline":650.0,"data_generator_V1_baseline":-55.618992},{"data_generator_T_baseline":660.0,"data_generator_V1_baseline":-55.581177},{"data_generator_T_baseline":670.0,"data_generator_V1_baseline":-55.543938},{"data_generator_T_baseline":680.0,"data_generator_V1_baseline":-55.508453},{"data_generator_T_baseline":690.0,"data_generator_V1_baseline":-55.474102},{"data_generator_T_baseline":700.0,"data_generator_V1_baseline":-55.439537},{"data_generator_T_baseline":710.0,"data_generator_V1_baseline":-55.405876},{"data_generator_T_baseline":720.0,"data_generator_V1_baseline":-55.373936},{"data_generator_T_baseline":730.0,"data_generator_V1_baseline":-55.343746},{"data_generator_T_baseline":740.0,"data_generator_V1_baseline":-55.310844},{"data_generator_T_baseline":750.0,"data_generator_V1_baseline":-55.278862},{"data_generator_T_baseline":760.0,"data_generator_V1_baseline":-55.248829},{"data_generator_T_baseline":770.0,"data_generator_V1_baseline":-55.217361},{"data_generator_T_baseline":780.0,"data_generator_V1_baseline":-55.188423},{"data_generator_T_baseline":790.0,"data_generator_V1_baseline":-55.161129},{"data_generator_T_baseline":800.0,"data_generator_V1_baseline":-55.131996},{"data_generator_T_baseline":810.0,"data_generator_V1_baseline":-55.103149},{"data_generator_T_baseline":820.0,"data_generator_V1_baseline":-55.074986},{"data_generator_T_baseline":830.0,"data_generator_V1_baseline":-55.049805},{"data_generator_T_baseline":840.0,"data_generator_V1_baseline":-55.021397},{"data_generator_T_baseline":850.0,"data_generator_V1_baseline":-54.997543},{"data_generator_T_baseline":860.0,"data_generator_V1_baseline":-54.96899},{"data_generator_T_baseline":870.0,"data_generator_V1_baseline":-54.942009},{"data_generator_T_baseline":880.0,"data_generator_V1_baseline":-54.916153},{"data_generator_T_baseline":890.0,"data_generator_V1_baseline":-54.890217},{"data_generator_T_baseline":900.0,"data_generator_V1_baseline":-54.866791},{"data_generator_T_baseline":910.0,"data_generator_V1_baseline":-54.838825},{"data_generator_T_baseline":920.0,"data_generator_V1_baseline":-54.813999},{"data_generator_T_baseline":930.0,"data_generator_V1_baseline":-54.792877},{"data_generator_T_baseline":940.0,"data_generator_V1_baseline":-54.766544},{"data_generator_T_baseline":950.0,"data_generator_V1_baseline":-54.740883},{"data_generator_T_baseline":960.0,"data_generator_V1_baseline":-54.718884},{"data_generator_T_baseline":970.0,"data_generator_V1_baseline":-54.692574},{"data_generator_T_baseline":980.0,"data_generator_V1_baseline":-54.668457},{"data_generator_T_baseline":990.0,"data_generator_V1_baseline":-54.646069},{"data_generator_T_baseline":1000.0,"data_generator_V1_baseline":-54.621696},{"data_generator_T_baseline":1010.0,"data_generator_V1_baseline":-54.599754},{"data_generator_T_baseline":1020.0,"data_generator_V1_baseline":-54.574883},{"data_generator_T_baseline":1030.0,"data_generator_V1_baseline":-54.553543},{"data_generator_T_baseline":1040.0,"data_generator_V1_baseline":-54.529194},{"data_generator_T_baseline":1050.0,"data_generator_V1_baseline":-54.507324},{"data_generator_T_baseline":1060.0,"data_generator_V1_baseline":-54.483444},{"data_generator_T_baseline":1070.0,"data_generator_V1_baseline":-54.465847},{"data_generator_T_baseline":1080.0,"data_generator_V1_baseline":-54.438652},{"data_generator_T_baseline":1090.0,"data_generator_V1_baseline":-54.417683},{"data_generator_T_baseline":1100.0,"data_generator_V1_baseline":-54.393211},{"data_generator_T_baseline":1110.0,"data_generator_V1_baseline":-54.375233},{"data_generator_T_baseline":1120.0,"data_generator_V1_baseline":-54.34938},{"data_generator_T_baseline":1130.0,"data_generator_V1_baseline":-54.327297},{"data_generator_T_baseline":1140.0,"data_generator_V1_baseline":-54.305775},{"data_generator_T_baseline":1150.0,"data_generator_V1_baseline":-54.282528},{"data_generator_T_baseline":1160.0,"data_generator_V1_baseline":-54.263832},{"data_generator_T_baseline":1170.0,"data_generator_V1_baseline":-54.239502},{"data_generator_T_baseline":1180.0,"data_generator_V1_baseline":-54.21674},{"data_generator_T_baseline":1190.0,"data_generator_V1_baseline":-54.197342},{"data_generator_T_baseline":1200.0,"data_generator_V1_baseline":-54.1726},{"data_generator_T_baseline":1210.0,"data_generator_V1_baseline":-54.152878},{"data_generator_T_baseline":1220.0,"data_generator_V1_baseline":-54.129959},{"data_generator_T_baseline":1230.0,"data_generator_V1_baseline":-54.107327},{"data_generator_T_baseline":1240.0,"data_generator_V1_baseline":-54.089111},{"data_generator_T_baseline":1250.0,"data_generator_V1_baseline":-54.064106},{"data_generator_T_baseline":1260.0,"data_generator_V1_baseline":-54.044476},{"data_generator_T_baseline":1270.0,"data_generator_V1_baseline":-54.020622},{"data_generator_T_baseline":1280.0,"data_generator_V1_baseline":-54.000523},{"data_generator_T_baseline":1290.0,"data_generator_V1_baseline":-53.977455},{"data_generator_T_baseline":1300.0,"data_generator_V1_baseline":-53.957363},{"data_generator_T_baseline":1310.0,"data_generator_V1_baseline":-53.934345},{"data_generator_T_baseline":1320.0,"data_generator_V1_baseline":-53.913395},{"data_generator_T_baseline":1330.0,"data_generator_V1_baseline":-53.890797},{"data_generator_T_baseline":1340.0,"data_generator_V1_baseline":-53.873283},{"data_generator_T_baseline":1350.0,"data_generator_V1_baseline":-53.847954},{"data_generator_T_baseline":1360.0,"data_generator_V1_baseline":-53.82642},{"data_generator_T_baseline":1370.0,"data_generator_V1_baseline":-53.805817},{"data_generator_T_baseline":1380.0,"data_generator_V1_baseline":-53.783134},{"data_generator_T_baseline":1390.0,"data_generator_V1_baseline":-53.76199},{"data_generator_T_baseline":1400.0,"data_generator_V1_baseline":-53.740044},{"data_generator_T_baseline":1410.0,"data_generator_V1_baseline":-53.71917},{"data_generator_T_baseline":1420.0,"data_generator_V1_baseline":-53.695812},{"data_generator_T_baseline":1430.0,"data_generator_V1_baseline":-53.6782},{"data_generator_T_baseline":1440.0,"data_generator_V1_baseline":-53.653542},{"data_generator_T_baseline":1450.0,"data_generator_V1_baseline":-53.630486},{"data_generator_T_baseline":1460.0,"data_generator_V1_baseline":-53.612167},{"data_generator_T_baseline":1470.0,"data_generator_V1_baseline":-53.588444},{"data_generator_T_baseline":1480.0,"data_generator_V1_baseline":-53.564903},{"data_generator_T_baseline":1490.0,"data_generator_V1_baseline":-53.54528},{"data_generator_T_baseline":1500.0,"data_generator_V1_baseline":-53.520977},{"data_generator_T_baseline":1510.0,"data_generator_V1_baseline":-53.500114},{"data_generator_T_baseline":1520.0,"data_generator_V1_baseline":-53.476883},{"data_generator_T_baseline":1530.0,"data_generator_V1_baseline":-53.458416},{"data_generator_T_baseline":1540.0,"data_generator_V1_baseline":-53.435085},{"data_generator_T_baseline":1550.0,"data_generator_V1_baseline":-53.410728},{"data_generator_T_baseline":1560.0,"data_generator_V1_baseline":-53.38876},{"data_generator_T_baseline":1570.0,"data_generator_V1_baseline":-53.367264},{"data_generator_T_baseline":1580.0,"data_generator_V1_baseline":-53.344315},{"data_generator_T_baseline":1590.0,"data_generator_V1_baseline":-53.321522},{"data_generator_T_baseline":1600.0,"data_generator_V1_baseline":-53.300098},{"data_generator_T_baseline":1610.0,"data_generator_V1_baseline":-53.276867},{"data_generator_T_baseline":1620.0,"data_generator_V1_baseline":-53.254116},{"data_generator_T_baseline":1630.0,"data_generator_V1_baseline":-53.231731},{"data_generator_T_baseline":1640.0,"data_generator_V1_baseline":-53.209923},{"data_generator_T_baseline":1650.0,"data_generator_V1_baseline":-53.185863},{"data_generator_T_baseline":1660.0,"data_generator_V1_baseline":-53.165245},{"data_generator_T_baseline":1670.0,"data_generator_V1_baseline":-53.14035},{"data_generator_T_baseline":1680.0,"data_generator_V1_baseline":-53.117729},{"data_generator_T_baseline":1690.0,"data_generator_V1_baseline":-53.09573},{"data_generator_T_baseline":1700.0,"data_generator_V1_baseline":-53.071281},{"data_generator_T_baseline":1710.0,"data_generator_V1_baseline":-53.049801},{"data_generator_T_baseline":1720.0,"data_generator_V1_baseline":-53.024998},{"data_generator_T_baseline":1730.0,"data_generator_V1_baseline":-53.002666},{"data_generator_T_baseline":1740.0,"data_generator_V1_baseline":-52.978706},{"data_generator_T_baseline":1750.0,"data_generator_V1_baseline":-52.955044},{"data_generator_T_baseline":1760.0,"data_generator_V1_baseline":-52.93232},{"data_generator_T_baseline":1770.0,"data_generator_V1_baseline":-52.90839},{"data_generator_T_baseline":1780.0,"data_generator_V1_baseline":-52.884003},{"data_generator_T_baseline":1790.0,"data_generator_V1_baseline":-52.863987},{"data_generator_T_baseline":1800.0,"data_generator_V1_baseline":-52.837444},{"data_generator_T_baseline":1810.0,"data_generator_V1_baseline":-52.813049},{"data_generator_T_baseline":1820.0,"data_generator_V1_baseline":-52.788372},{"data_generator_T_baseline":1830.0,"data_generator_V1_baseline":-52.765526},{"data_generator_T_baseline":1840.0,"data_generator_V1_baseline":-52.740559},{"data_generator_T_baseline":1850.0,"data_generator_V1_baseline":-52.715679},{"data_generator_T_baseline":1860.0,"data_generator_V1_baseline":-52.692478},{"data_generator_T_baseline":1870.0,"data_generator_V1_baseline":-52.667156},{"data_generator_T_baseline":1880.0,"data_generator_V1_baseline":-52.642082},{"data_generator_T_baseline":1890.0,"data_generator_V1_baseline":-52.618347},{"data_generator_T_baseline":1900.0,"data_generator_V1_baseline":-52.59259},{"data_generator_T_baseline":1910.0,"data_generator_V1_baseline":-52.569275},{"data_generator_T_baseline":1920.0,"data_generator_V1_baseline":-52.542702},{"data_generator_T_baseline":1930.0,"data_generator_V1_baseline":-52.518253},{"data_generator_T_baseline":1940.0,"data_generator_V1_baseline":-52.492241},{"data_generator_T_baseline":1950.0,"data_generator_V1_baseline":-52.466736},{"data_generator_T_baseline":1960.0,"data_generator_V1_baseline":-52.441715},{"data_generator_T_baseline":1970.0,"data_generator_V1_baseline":-52.415569},{"data_generator_T_baseline":1980.0,"data_generator_V1_baseline":-52.389713},{"data_generator_T_baseline":1990.0,"data_generator_V1_baseline":-52.364136},{"data_generator_T_baseline":2000.0,"data_generator_V1_baseline":-52.337734},{"data_generator_T_baseline":2010.0,"data_generator_V1_baseline":-52.311516},{"data_generator_T_baseline":2020.0,"data_generator_V1_baseline":-52.285385},{"data_generator_T_baseline":2030.0,"data_generator_V1_baseline":-52.258671},{"data_generator_T_baseline":2040.0,"data_generator_V1_baseline":-52.232052},{"data_generator_T_baseline":2050.0,"data_generator_V1_baseline":-52.205379},{"data_generator_T_baseline":2060.0,"data_generator_V1_baseline":-52.178295},{"data_generator_T_baseline":2070.0,"data_generator_V1_baseline":-52.151241},{"data_generator_T_baseline":2080.0,"data_generator_V1_baseline":-52.124027},{"data_generator_T_baseline":2090.0,"data_generator_V1_baseline":-52.096523},{"data_generator_T_baseline":2100.0,"data_generator_V1_baseline":-52.068981},{"data_generator_T_baseline":2110.0,"data_generator_V1_baseline":-52.041225},{"data_generator_T_baseline":2120.0,"data_generator_V1_baseline":-52.013252},{"data_generator_T_baseline":2130.0,"data_generator_V1_baseline":-51.985176},{"data_generator_T_baseline":2140.0,"data_generator_V1_baseline":-51.956871},{"data_generator_T_baseline":2150.0,"data_generator_V1_baseline":-51.928375},{"data_generator_T_baseline":2160.0,"data_generator_V1_baseline":-51.899723},{"data_generator_T_baseline":2170.0,"data_generator_V1_baseline":-51.870842},{"data_generator_T_baseline":2180.0,"data_generator_V1_baseline":-51.84177},{"data_generator_T_baseline":2190.0,"data_generator_V1_baseline":-51.8125},{"data_generator_T_baseline":2200.0,"data_generator_V1_baseline":-51.783009},{"data_generator_T_baseline":2210.0,"data_generator_V1_baseline":-51.753307},{"data_generator_T_baseline":2220.0,"data_generator_V1_baseline":-51.723381},{"data_generator_T_baseline":2230.0,"data_generator_V1_baseline":-51.693226},{"data_generator_T_baseline":2240.0,"data_generator_V1_baseline":-51.662838},{"data_generator_T_baseline":2250.0,"data_generator_V1_baseline":-51.63221},{"data_generator_T_baseline":2260.0,"data_generator_V1_baseline":-51.601334},{"data_generator_T_baseline":2270.0,"data_generator_V1_baseline":-51.570206},{"data_generator_T_baseline":2280.0,"data_generator_V1_baseline":-51.538818},{"data_generator_T_baseline":2290.0,"data_generator_V1_baseline":-51.50716},{"data_generator_T_baseline":2300.0,"data_generator_V1_baseline":-51.475227},{"data_generator_T_baseline":2310.0,"data_generator_V1_baseline":-51.443008},{"data_generator_T_baseline":2320.0,"data_generator_V1_baseline":-51.4105},{"data_generator_T_baseline":2330.0,"data_generator_V1_baseline":-51.377686},{"data_generator_T_baseline":2340.0,"data_generator_V1_baseline":-51.344563},{"data_generator_T_baseline":2350.0,"data_generator_V1_baseline":-51.311119},{"data_generator_T_baseline":2360.0,"data_generator_V1_baseline":-51.277348},{"data_generator_T_baseline":2370.0,"data_generator_V1_baseline":-51.243229},{"data_generator_T_baseline":2380.0,"data_generator_V1_baseline":-51.208763},{"data_generator_T_baseline":2390.0,"data_generator_V1_baseline":-51.173927},{"data_generator_T_baseline":2400.0,"data_generator_V1_baseline":-51.138718},{"data_generator_T_baseline":2410.0,"data_generator_V1_baseline":-51.103115},{"data_generator_T_baseline":2420.0,"data_generator_V1_baseline":-51.067112},{"data_generator_T_baseline":2430.0,"data_generator_V1_baseline":-51.030685},{"data_generator_T_baseline":2440.0,"data_generator_V1_baseline":-50.993824},{"data_generator_T_baseline":2450.0,"data_generator_V1_baseline":-50.956512},{"data_generator_T_baseline":2460.0,"data_generator_V1_baseline":-50.918736},{"data_generator_T_baseline":2470.0,"data_generator_V1_baseline":-50.880466},{"data_generator_T_baseline":2480.0,"data_generator_V1_baseline":-50.841694},{"data_generator_T_baseline":2490.0,"data_generator_V1_baseline":-50.802391},{"data_generator_T_baseline":2500.0,"data_generator_V1_baseline":-50.762543},{"data_generator_T_baseline":2510.0,"data_generator_V1_baseline":-50.722118},{"data_generator_T_baseline":2520.0,"data_generator_V1_baseline":-50.681099},{"data_generator_T_baseline":2530.0,"data_generator_V1_baseline":-50.639458},{"data_generator_T_baseline":2540.0,"data_generator_V1_baseline":-50.597168},{"data_generator_T_baseline":2550.0,"data_generator_V1_baseline":-50.554203},{"data_generator_T_baseline":2560.0,"data_generator_V1_baseline":-50.51054},{"data_generator_T_baseline":2570.0,"data_generator_V1_baseline":-50.466148},{"data_generator_T_baseline":2580.0,"data_generator_V1_baseline":-50.421005},{"data_generator_T_baseline":2590.0,"data_generator_V1_baseline":-50.374943},{"data_generator_T_baseline":2600.0,"data_generator_V1_baseline":-50.32798},{"data_generator_T_baseline":2610.0,"data_generator_V1_baseline":-50.280254},{"data_generator_T_baseline":2620.0,"data_generator_V1_baseline":-50.23159},{"data_generator_T_baseline":2630.0,"data_generator_V1_baseline":-50.181194},{"data_generator_T_baseline":2640.0,"data_generator_V1_baseline":-50.129074},{"data_generator_T_baseline":2650.0,"data_generator_V1_baseline":-50.076984},{"data_generator_T_baseline":2660.0,"data_generator_V1_baseline":-50.023651},{"data_generator_T_baseline":2670.0,"data_generator_V1_baseline":-49.968956},{"data_generator_T_baseline":2680.0,"data_generator_V1_baseline":-49.910309},{"data_generator_T_baseline":2690.0,"data_generator_V1_baseline":-49.852306},{"data_generator_T_baseline":2700.0,"data_generator_V1_baseline":-49.792786},{"data_generator_T_baseline":2710.0,"data_generator_V1_baseline":-49.731586},{"data_generator_T_baseline":2720.0,"data_generator_V1_baseline":-49.666058},{"data_generator_T_baseline":2730.0,"data_generator_V1_baseline":-49.600372},{"data_generator_T_baseline":2740.0,"data_generator_V1_baseline":-49.531834},{"data_generator_T_baseline":2750.0,"data_generator_V1_baseline":-49.458088},{"data_generator_T_baseline":2760.0,"data_generator_V1_baseline":-49.383595},{"data_generator_T_baseline":2770.0,"data_generator_V1_baseline":-49.306114},{"data_generator_T_baseline":2780.0,"data_generator_V1_baseline":-49.222424},{"data_generator_T_baseline":2790.0,"data_generator_V1_baseline":-49.136398},{"data_generator_T_baseline":2800.0,"data_generator_V1_baseline":-49.041946},{"data_generator_T_baseline":2810.0,"data_generator_V1_baseline":-48.944473},{"data_generator_T_baseline":2820.0,"data_generator_V1_baseline":-48.836952},{"data_generator_T_baseline":2830.0,"data_generator_V1_baseline":-48.7244},{"data_generator_T_baseline":2840.0,"data_generator_V1_baseline":-48.596951},{"data_generator_T_baseline":2850.0,"data_generator_V1_baseline":-48.45742},{"data_generator_T_baseline":2860.0,"data_generator_V1_baseline":-48.300785},{"data_generator_T_baseline":2870.0,"data_generator_V1_baseline":-48.124481},{"data_generator_T_baseline":2880.0,"data_generator_V1_baseline":-47.910213},{"data_generator_T_baseline":2890.0,"data_generator_V1_baseline":-47.656933},{"data_generator_T_baseline":2900.0,"data_generator_V1_baseline":-47.329899},{"data_generator_T_baseline":2910.0,"data_generator_V1_baseline":-46.886215},{"data_generator_T_baseline":2920.0,"data_generator_V1_baseline":-46.213554},{"data_generator_T_baseline":2930.0,"data_generator_V1_baseline":-44.98101},{"data_generator_T_baseline":2940.0,"data_generator_V1_baseline":-41.549358},{"data_generator_T_baseline":2950.0,"data_generator_V1_baseline":-24.946878},{"data_generator_T_baseline":2960.0,"data_generator_V1_baseline":-22.217392},{"data_generator_T_baseline":2970.0,"data_generator_V1_baseline":-22.280994},{"data_generator_T_baseline":2980.0,"data_generator_V1_baseline":-22.370136},{"data_generator_T_baseline":2990.0,"data_generator_V1_baseline":-22.45859},{"data_generator_T_baseline":3000.0,"data_generator_V1_baseline":-22.546173},{"data_generator_T_baseline":3010.0,"data_generator_V1_baseline":-22.632883},{"data_generator_T_baseline":3020.0,"data_generator_V1_baseline":-22.718775},{"data_generator_T_baseline":3030.0,"data_generator_V1_baseline":-22.803841},{"data_generator_T_baseline":3040.0,"data_generator_V1_baseline":-22.888151},{"data_generator_T_baseline":3050.0,"data_generator_V1_baseline":-22.971682},{"data_generator_T_baseline":3060.0,"data_generator_V1_baseline":-23.054508},{"data_generator_T_baseline":3070.0,"data_generator_V1_baseline":-23.136597},{"data_generator_T_baseline":3080.0,"data_generator_V1_baseline":-23.218037},{"data_generator_T_baseline":3090.0,"data_generator_V1_baseline":-23.298777},{"data_generator_T_baseline":3100.0,"data_generator_V1_baseline":-23.378918},{"data_generator_T_baseline":3110.0,"data_generator_V1_baseline":-23.458426},{"data_generator_T_baseline":3120.0,"data_generator_V1_baseline":-23.537331},{"data_generator_T_baseline":3130.0,"data_generator_V1_baseline":-23.615667},{"data_generator_T_baseline":3140.0,"data_generator_V1_baseline":-23.693445},{"data_generator_T_baseline":3150.0,"data_generator_V1_baseline":-23.770676},{"data_generator_T_baseline":3160.0,"data_generator_V1_baseline":-23.847401},{"data_generator_T_baseline":3170.0,"data_generator_V1_baseline":-23.923626},{"data_generator_T_baseline":3180.0,"data_generator_V1_baseline":-23.999357},{"data_generator_T_baseline":3190.0,"data_generator_V1_baseline":-24.074623},{"data_generator_T_baseline":3200.0,"data_generator_V1_baseline":-24.149479},{"data_generator_T_baseline":3210.0,"data_generator_V1_baseline":-24.223877},{"data_generator_T_baseline":3220.0,"data_generator_V1_baseline":-24.297853},{"data_generator_T_baseline":3230.0,"data_generator_V1_baseline":-24.371449},{"data_generator_T_baseline":3240.0,"data_generator_V1_baseline":-24.444656},{"data_generator_T_baseline":3250.0,"data_generator_V1_baseline":-24.517527},{"data_generator_T_baseline":3260.0,"data_generator_V1_baseline":-24.590015},{"data_generator_T_baseline":3270.0,"data_generator_V1_baseline":-24.662193},{"data_generator_T_baseline":3280.0,"data_generator_V1_baseline":-24.734034},{"data_generator_T_baseline":3290.0,"data_generator_V1_baseline":-24.805607},{"data_generator_T_baseline":3300.0,"data_generator_V1_baseline":-24.876829},{"data_generator_T_baseline":3310.0,"data_generator_V1_baseline":-24.947847},{"data_generator_T_baseline":3320.0,"data_generator_V1_baseline":-25.01857},{"data_generator_T_baseline":3330.0,"data_generator_V1_baseline":-25.08909},{"data_generator_T_baseline":3340.0,"data_generator_V1_baseline":-25.159342},{"data_generator_T_baseline":3350.0,"data_generator_V1_baseline":-25.229376},{"data_generator_T_baseline":3360.0,"data_generator_V1_baseline":-25.299208},{"data_generator_T_baseline":3370.0,"data_generator_V1_baseline":-25.368858},{"data_generator_T_baseline":3380.0,"data_generator_V1_baseline":-25.438354},{"data_generator_T_baseline":3390.0,"data_generator_V1_baseline":-25.507673},{"data_generator_T_baseline":3400.0,"data_generator_V1_baseline":-25.576828},{"data_generator_T_baseline":3410.0,"data_generator_V1_baseline":-25.645868},{"data_generator_T_baseline":3420.0,"data_generator_V1_baseline":-25.714771},{"data_generator_T_baseline":3430.0,"data_generator_V1_baseline":-25.783585},{"data_generator_T_baseline":3440.0,"data_generator_V1_baseline":-25.852291},{"data_generator_T_baseline":3450.0,"data_generator_V1_baseline":-25.920918},{"data_generator_T_baseline":3460.0,"data_generator_V1_baseline":-25.989481},{"data_generator_T_baseline":3470.0,"data_generator_V1_baseline":-26.057983},{"data_generator_T_baseline":3480.0,"data_generator_V1_baseline":-26.126448},{"data_generator_T_baseline":3490.0,"data_generator_V1_baseline":-26.194891},{"data_generator_T_baseline":3500.0,"data_generator_V1_baseline":-26.263306},{"data_generator_T_baseline":3510.0,"data_generator_V1_baseline":-26.331741},{"data_generator_T_baseline":3520.0,"data_generator_V1_baseline":-26.400175},{"data_generator_T_baseline":3530.0,"data_generator_V1_baseline":-26.468647},{"data_generator_T_baseline":3540.0,"data_generator_V1_baseline":-26.537142},{"data_generator_T_baseline":3550.0,"data_generator_V1_baseline":-26.605705},{"data_generator_T_baseline":3560.0,"data_generator_V1_baseline":-26.674372},{"data_generator_T_baseline":3570.0,"data_generator_V1_baseline":-26.742985},{"data_generator_T_baseline":3580.0,"data_generator_V1_baseline":-26.811911},{"data_generator_T_baseline":3590.0,"data_generator_V1_baseline":-26.880835},{"data_generator_T_baseline":3600.0,"data_generator_V1_baseline":-26.949903},{"data_generator_T_baseline":3610.0,"data_generator_V1_baseline":-27.019072},{"data_generator_T_baseline":3620.0,"data_generator_V1_baseline":-27.088501},{"data_generator_T_baseline":3630.0,"data_generator_V1_baseline":-27.15803},{"data_generator_T_baseline":3640.0,"data_generator_V1_baseline":-27.227705},{"data_generator_T_baseline":3650.0,"data_generator_V1_baseline":-27.297771},{"data_generator_T_baseline":3660.0,"data_generator_V1_baseline":-27.367908},{"data_generator_T_baseline":3670.0,"data_generator_V1_baseline":-27.438353},{"data_generator_T_baseline":3680.0,"data_generator_V1_baseline":-27.509054},{"data_generator_T_baseline":3690.0,"data_generator_V1_baseline":-27.580065},{"data_generator_T_baseline":3700.0,"data_generator_V1_baseline":-27.651264},{"data_generator_T_baseline":3710.0,"data_generator_V1_baseline":-27.722923},{"data_generator_T_baseline":3720.0,"data_generator_V1_baseline":-27.794853},{"data_generator_T_baseline":3730.0,"data_generator_V1_baseline":-27.867224},{"data_generator_T_baseline":3740.0,"data_generator_V1_baseline":-27.939878},{"data_generator_T_baseline":3750.0,"data_generator_V1_baseline":-28.012981},{"data_generator_T_baseline":3760.0,"data_generator_V1_baseline":-28.086578},{"data_generator_T_baseline":3770.0,"data_generator_V1_baseline":-28.160547},{"data_generator_T_baseline":3780.0,"data_generator_V1_baseline":-28.235058},{"data_generator_T_baseline":3790.0,"data_generator_V1_baseline":-28.310003},{"data_generator_T_baseline":3800.0,"data_generator_V1_baseline":-28.385386},{"data_generator_T_baseline":3810.0,"data_generator_V1_baseline":-28.461502},{"data_generator_T_baseline":3820.0,"data_generator_V1_baseline":-28.538456},{"data_generator_T_baseline":3830.0,"data_generator_V1_baseline":-28.615789},{"data_generator_T_baseline":3840.0,"data_generator_V1_baseline":-28.693817},{"data_generator_T_baseline":3850.0,"data_generator_V1_baseline":-28.772512},{"data_generator_T_baseline":3860.0,"data_generator_V1_baseline":-28.851997},{"data_generator_T_baseline":3870.0,"data_generator_V1_baseline":-28.932215},{"data_generator_T_baseline":3880.0,"data_generator_V1_baseline":-29.01333},{"data_generator_T_baseline":3890.0,"data_generator_V1_baseline":-29.095295},{"data_generator_T_baseline":3900.0,"data_generator_V1_baseline":-29.178196},{"data_generator_T_baseline":3910.0,"data_generator_V1_baseline":-29.262064},{"data_generator_T_baseline":3920.0,"data_generator_V1_baseline":-29.346989},{"data_generator_T_baseline":3930.0,"data_generator_V1_baseline":-29.433031},{"data_generator_T_baseline":3940.0,"data_generator_V1_baseline":-29.520243},{"data_generator_T_baseline":3950.0,"data_generator_V1_baseline":-29.608723},{"data_generator_T_baseline":3960.0,"data_generator_V1_baseline":-29.698557},{"data_generator_T_baseline":3970.0,"data_generator_V1_baseline":-29.789829},{"data_generator_T_baseline":3980.0,"data_generator_V1_baseline":-29.882654},{"data_generator_T_baseline":3990.0,"data_generator_V1_baseline":-29.977165},{"data_generator_T_baseline":4000.0,"data_generator_V1_baseline":-30.073486},{"data_generator_T_baseline":4010.0,"data_generator_V1_baseline":-30.171778},{"data_generator_T_baseline":4020.0,"data_generator_V1_baseline":-30.272242},{"data_generator_T_baseline":4030.0,"data_generator_V1_baseline":-30.37508},{"data_generator_T_baseline":4040.0,"data_generator_V1_baseline":-30.480547},{"data_generator_T_baseline":4050.0,"data_generator_V1_baseline":-30.588974},{"data_generator_T_baseline":4060.0,"data_generator_V1_baseline":-30.700741},{"data_generator_T_baseline":4070.0,"data_generator_V1_baseline":-30.816311},{"data_generator_T_baseline":4080.0,"data_generator_V1_baseline":-30.936329},{"data_generator_T_baseline":4090.0,"data_generator_V1_baseline":-31.061611},{"data_generator_T_baseline":4100.0,"data_generator_V1_baseline":-31.193268},{"data_generator_T_baseline":4110.0,"data_generator_V1_baseline":-31.332928},{"data_generator_T_baseline":4120.0,"data_generator_V1_baseline":-31.483042},{"data_generator_T_baseline":4130.0,"data_generator_V1_baseline":-31.647598},{"data_generator_T_baseline":4140.0,"data_generator_V1_baseline":-31.833874},{"data_generator_T_baseline":4150.0,"data_generator_V1_baseline":-32.057312},{"data_generator_T_baseline":4160.0,"data_generator_V1_baseline":-32.360695},{"data_generator_T_baseline":4170.0,"data_generator_V1_baseline":-32.957161},{"data_generator_T_baseline":4180.0,"data_generator_V1_baseline":-43.129208},{"data_generator_T_baseline":4190.0,"data_generator_V1_baseline":-64.499359},{"data_generator_T_baseline":4200.0,"data_generator_V1_baseline":-64.901917},{"data_generator_T_baseline":4210.0,"data_generator_V1_baseline":-64.743301},{"data_generator_T_baseline":4220.0,"data_generator_V1_baseline":-64.571877},{"data_generator_T_baseline":4230.0,"data_generator_V1_baseline":-64.396126},{"data_generator_T_baseline":4240.0,"data_generator_V1_baseline":-64.216843},{"data_generator_T_baseline":4250.0,"data_generator_V1_baseline":-64.034729},{"data_generator_T_baseline":4260.0,"data_generator_V1_baseline":-63.850311},{"data_generator_T_baseline":4270.0,"data_generator_V1_baseline":-63.664234},{"data_generator_T_baseline":4280.0,"data_generator_V1_baseline":-63.476963},{"data_generator_T_baseline":4290.0,"data_generator_V1_baseline":-63.289055},{"data_generator_T_baseline":4300.0,"data_generator_V1_baseline":-63.100834},{"data_generator_T_baseline":4310.0,"data_generator_V1_baseline":-62.912449},{"data_generator_T_baseline":4320.0,"data_generator_V1_baseline":-62.725082},{"data_generator_T_baseline":4330.0,"data_generator_V1_baseline":-62.537941},{"data_generator_T_baseline":4340.0,"data_generator_V1_baseline":-62.351715},{"data_generator_T_baseline":4350.0,"data_generator_V1_baseline":-62.167133},{"data_generator_T_baseline":4360.0,"data_generator_V1_baseline":-61.983391},{"data_generator_T_baseline":4370.0,"data_generator_V1_baseline":-61.800995},{"data_generator_T_baseline":4380.0,"data_generator_V1_baseline":-61.620026},{"data_generator_T_baseline":4390.0,"data_generator_V1_baseline":-61.44054},{"data_generator_T_baseline":4400.0,"data_generator_V1_baseline":-61.262512},{"data_generator_T_baseline":4410.0,"data_generator_V1_baseline":-61.085899},{"data_generator_T_baseline":4420.0,"data_generator_V1_baseline":-60.910461},{"data_generator_T_baseline":4430.0,"data_generator_V1_baseline":-60.73735},{"data_generator_T_baseline":4440.0,"data_generator_V1_baseline":-60.566616},{"data_generator_T_baseline":4450.0,"data_generator_V1_baseline":-60.396107},{"data_generator_T_baseline":4460.0,"data_generator_V1_baseline":-60.226803},{"data_generator_T_baseline":4470.0,"data_generator_V1_baseline":-60.058331},{"data_generator_T_baseline":4480.0,"data_generator_V1_baseline":-59.8894},{"data_generator_T_baseline":4490.0,"data_generator_V1_baseline":-59.728046},{"data_generator_T_baseline":4500.0,"data_generator_V1_baseline":-59.563282},{"data_generator_T_baseline":4510.0,"data_generator_V1_baseline":-59.401695},{"data_generator_T_baseline":4520.0,"data_generator_V1_baseline":-59.240116},{"data_generator_T_baseline":4530.0,"data_generator_V1_baseline":-59.080746},{"data_generator_T_baseline":4540.0,"data_generator_V1_baseline":-58.920322},{"data_generator_T_baseline":4550.0,"data_generator_V1_baseline":-58.765369},{"data_generator_T_baseline":4560.0,"data_generator_V1_baseline":-58.608471},{"data_generator_T_baseline":4570.0,"data_generator_V1_baseline":-58.456173},{"data_generator_T_baseline":4580.0,"data_generator_V1_baseline":-58.303169},{"data_generator_T_baseline":4590.0,"data_generator_V1_baseline":-58.155972},{"data_generator_T_baseline":4600.0,"data_generator_V1_baseline":-58.00935},{"data_generator_T_baseline":4610.0,"data_generator_V1_baseline":-57.866829},{"data_generator_T_baseline":4620.0,"data_generator_V1_baseline":-57.725147},{"data_generator_T_baseline":4630.0,"data_generator_V1_baseline":-57.591206},{"data_generator_T_baseline":4640.0,"data_generator_V1_baseline":-57.459465},{"data_generator_T_baseline":4650.0,"data_generator_V1_baseline":-57.331829},{"data_generator_T_baseline":4660.0,"data_generator_V1_baseline":-57.209431},{"data_generator_T_baseline":4670.0,"data_generator_V1_baseline":-57.092133},{"data_generator_T_baseline":4680.0,"data_generator_V1_baseline":-56.979313},{"data_generator_T_baseline":4690.0,"data_generator_V1_baseline":-56.870827},{"data_generator_T_baseline":4700.0,"data_generator_V1_baseline":-56.769302},{"data_generator_T_baseline":4710.0,"data_generator_V1_baseline":-56.671539},{"data_generator_T_baseline":4720.0,"data_generator_V1_baseline":-56.578445},{"data_generator_T_baseline":4730.0,"data_generator_V1_baseline":-56.49004},{"data_generator_T_baseline":4740.0,"data_generator_V1_baseline":-56.405807},{"data_generator_T_baseline":4750.0,"data_generator_V1_baseline":-56.325558},{"data_generator_T_baseline":4760.0,"data_generator_V1_baseline":-56.249184},{"data_generator_T_baseline":4770.0,"data_generator_V1_baseline":-56.176315},{"data_generator_T_baseline":4780.0,"data_generator_V1_baseline":-56.106728},{"data_generator_T_baseline":4790.0,"data_generator_V1_baseline":-56.040226},{"data_generator_T_baseline":4800.0,"data_generator_V1_baseline":-55.976566},{"data_generator_T_baseline":4810.0,"data_generator_V1_baseline":-55.91555},{"data_generator_T_baseline":4820.0,"data_generator_V1_baseline":-55.856983},{"data_generator_T_baseline":4830.0,"data_generator_V1_baseline":-55.800686},{"data_generator_T_baseline":4840.0,"data_generator_V1_baseline":-55.746487},{"data_generator_T_baseline":4850.0,"data_generator_V1_baseline":-55.694214},{"data_generator_T_baseline":4860.0,"data_generator_V1_baseline":-55.643692},{"data_generator_T_baseline":4870.0,"data_generator_V1_baseline":-55.594688},{"data_generator_T_baseline":4880.0,"data_generator_V1_baseline":-55.546803},{"data_generator_T_baseline":4890.0,"data_generator_V1_baseline":-55.502243},{"data_generator_T_baseline":4900.0,"data_generator_V1_baseline":-55.457729},{"data_generator_T_baseline":4910.0,"data_generator_V1_baseline":-55.413921},{"data_generator_T_baseline":4920.0,"data_generator_V1_baseline":-55.373547},{"data_generator_T_baseline":4930.0,"data_generator_V1_baseline":-55.332981},{"data_generator_T_baseline":4940.0,"data_generator_V1_baseline":-55.293209},{"data_generator_T_baseline":4950.0,"data_generator_V1_baseline":-55.253132},{"data_generator_T_baseline":4960.0,"data_generator_V1_baseline":-55.213264},{"data_generator_T_baseline":4970.0,"data_generator_V1_baseline":-55.179543},{"data_generator_T_baseline":4980.0,"data_generator_V1_baseline":-55.144722},{"data_generator_T_baseline":4990.0,"data_generator_V1_baseline":-55.10891},{"data_generator_T_baseline":5000.0,"data_generator_V1_baseline":-55.071232},{"data_generator_T_baseline":5010.0,"data_generator_V1_baseline":-55.037987},{"data_generator_T_baseline":5020.0,"data_generator_V1_baseline":-55.007717},{"data_generator_T_baseline":5030.0,"data_generator_V1_baseline":-54.973244},{"data_generator_T_baseline":5040.0,"data_generator_V1_baseline":-54.9412},{"data_generator_T_baseline":5050.0,"data_generator_V1_baseline":-54.911488},{"data_generator_T_baseline":5060.0,"data_generator_V1_baseline":-54.877426},{"data_generator_T_baseline":5070.0,"data_generator_V1_baseline":-54.846264},{"data_generator_T_baseline":5080.0,"data_generator_V1_baseline":-54.820942},{"data_generator_T_baseline":5090.0,"data_generator_V1_baseline":-54.789768},{"data_generator_T_baseline":5100.0,"data_generator_V1_baseline":-54.761707},{"data_generator_T_baseline":5110.0,"data_generator_V1_baseline":-54.73003},{"data_generator_T_baseline":5120.0,"data_generator_V1_baseline":-54.704937},{"data_generator_T_baseline":5130.0,"data_generator_V1_baseline":-54.676167},{"data_generator_T_baseline":5140.0,"data_generator_V1_baseline":-54.649384},{"data_generator_T_baseline":5150.0,"data_generator_V1_baseline":-54.620544},{"data_generator_T_baseline":5160.0,"data_generator_V1_baseline":-54.59473},{"data_generator_T_baseline":5170.0,"data_generator_V1_baseline":-54.566124},{"data_generator_T_baseline":5180.0,"data_generator_V1_baseline":-54.540062},{"data_generator_T_baseline":5190.0,"data_generator_V1_baseline":-54.513454},{"data_generator_T_baseline":5200.0,"data_generator_V1_baseline":-54.488785},{"data_generator_T_baseline":5210.0,"data_generator_V1_baseline":-54.460018},{"data_generator_T_baseline":5220.0,"data_generator_V1_baseline":-54.436523},{"data_generator_T_baseline":5230.0,"data_generator_V1_baseline":-54.41087},{"data_generator_T_baseline":5240.0,"data_generator_V1_baseline":-54.383827},{"data_generator_T_baseline":5250.0,"data_generator_V1_baseline":-54.361252},{"data_generator_T_baseline":5260.0,"data_generator_V1_baseline":-54.330635},{"data_generator_T_baseline":5270.0,"data_generator_V1_baseline":-54.311646},{"data_generator_T_baseline":5280.0,"data_generator_V1_baseline":-54.284706},{"data_generator_T_baseline":5290.0,"data_generator_V1_baseline":-54.262138},{"data_generator_T_baseline":5300.0,"data_generator_V1_baseline":-54.238445},{"data_generator_T_baseline":5310.0,"data_generator_V1_baseline":-54.213272},{"data_generator_T_baseline":5320.0,"data_generator_V1_baseline":-54.189053},{"data_generator_T_baseline":5330.0,"data_generator_V1_baseline":-54.163464},{"data_generator_T_baseline":5340.0,"data_generator_V1_baseline":-54.141479},{"data_generator_T_baseline":5350.0,"data_generator_V1_baseline":-54.116943},{"data_generator_T_baseline":5360.0,"data_generator_V1_baseline":-54.093533},{"data_generator_T_baseline":5370.0,"data_generator_V1_baseline":-54.069092},{"data_generator_T_baseline":5380.0,"data_generator_V1_baseline":-54.046799},{"data_generator_T_baseline":5390.0,"data_generator_V1_baseline":-54.023399},{"data_generator_T_baseline":5400.0,"data_generator_V1_baseline":-53.99794},{"data_generator_T_baseline":5410.0,"data_generator_V1_baseline":-53.977104},{"data_generator_T_baseline":5420.0,"data_generator_V1_baseline":-53.950176},{"data_generator_T_baseline":5430.0,"data_generator_V1_baseline":-53.930061},{"data_generator_T_baseline":5440.0,"data_generator_V1_baseline":-53.906685},{"data_generator_T_baseline":5450.0,"data_generator_V1_baseline":-53.882912},{"data_generator_T_baseline":5460.0,"data_generator_V1_baseline":-53.860584},{"data_generator_T_baseline":5470.0,"data_generator_V1_baseline":-53.8377},{"data_generator_T_baseline":5480.0,"data_generator_V1_baseline":-53.81469},{"data_generator_T_baseline":5490.0,"data_generator_V1_baseline":-53.790031},{"data_generator_T_baseline":5500.0,"data_generator_V1_baseline":-53.769367},{"data_generator_T_baseline":5510.0,"data_generator_V1_baseline":-53.744915},{"data_generator_T_baseline":5520.0,"data_generator_V1_baseline":-53.722931},{"data_generator_T_baseline":5530.0,"data_generator_V1_baseline":-53.699825},{"data_generator_T_baseline":5540.0,"data_generator_V1_baseline":-53.675922},{"data_generator_T_baseline":5550.0,"data_generator_V1_baseline":-53.654984},{"data_generator_T_baseline":5560.0,"data_generator_V1_baseline":-53.630104},{"data_generator_T_baseline":5570.0,"data_generator_V1_baseline":-53.609043},{"data_generator_T_baseline":5580.0,"data_generator_V1_baseline":-53.585262},{"data_generator_T_baseline":5590.0,"data_generator_V1_baseline":-53.561985},{"data_generator_T_baseline":5600.0,"data_generator_V1_baseline":-53.540577},{"data_generator_T_baseline":5610.0,"data_generator_V1_baseline":-53.511971},{"data_generator_T_baseline":5620.0,"data_generator_V1_baseline":-53.494453},{"data_generator_T_baseline":5630.0,"data_generator_V1_baseline":-53.47134},{"data_generator_T_baseline":5640.0,"data_generator_V1_baseline":-53.446007},{"data_generator_T_baseline":5650.0,"data_generator_V1_baseline":-53.425591},{"data_generator_T_baseline":5660.0,"data_generator_V1_baseline":-53.402447},{"data_generator_T_baseline":5670.0,"data_generator_V1_baseline":-53.376205},{"data_generator_T_baseline":5680.0,"data_generator_V1_baseline":-53.356544},{"data_generator_T_baseline":5690.0,"data_generator_V1_baseline":-53.33255},{"data_generator_T_baseline":5700.0,"data_generator_V1_baseline":-53.309795},{"data_generator_T_baseline":5710.0,"data_generator_V1_baseline":-53.286877},{"data_generator_T_baseline":5720.0,"data_generator_V1_baseline":-53.262596},{"data_generator_T_baseline":5730.0,"data_generator_V1_baseline":-53.240017},{"data_generator_T_baseline":5740.0,"data_generator_V1_baseline":-53.217598},{"data_generator_T_baseline":5750.0,"data_generator_V1_baseline":-53.188854},{"data_generator_T_baseline":5760.0,"data_generator_V1_baseline":-53.170277},{"data_generator_T_baseline":5770.0,"data_generator_V1_baseline":-53.147446},{"data_generator_T_baseline":5780.0,"data_generator_V1_baseline":-53.120163},{"data_generator_T_baseline":5790.0,"data_generator_V1_baseline":-53.09996},{"data_generator_T_baseline":5800.0,"data_generator_V1_baseline":-53.076416},{"data_generator_T_baseline":5810.0,"data_generator_V1_baseline":-53.05267},{"data_generator_T_baseline":5820.0,"data_generator_V1_baseline":-53.028862},{"data_generator_T_baseline":5830.0,"data_generator_V1_baseline":-53.005173},{"data_generator_T_baseline":5840.0,"data_generator_V1_baseline":-52.981323},{"data_generator_T_baseline":5850.0,"data_generator_V1_baseline":-52.957321},{"data_generator_T_baseline":5860.0,"data_generator_V1_baseline":-52.933319},{"data_generator_T_baseline":5870.0,"data_generator_V1_baseline":-52.909294},{"data_generator_T_baseline":5880.0,"data_generator_V1_baseline":-52.88512},{"data_generator_T_baseline":5890.0,"data_generator_V1_baseline":-52.860847},{"data_generator_T_baseline":5900.0,"data_generator_V1_baseline":-52.836552},{"data_generator_T_baseline":5910.0,"data_generator_V1_baseline":-52.812172},{"data_generator_T_baseline":5920.0,"data_generator_V1_baseline":-52.787663},{"data_generator_T_baseline":5930.0,"data_generator_V1_baseline":-52.763077},{"data_generator_T_baseline":5940.0,"data_generator_V1_baseline":-52.738426},{"data_generator_T_baseline":5950.0,"data_generator_V1_baseline":-52.713665},{"data_generator_T_baseline":5960.0,"data_generator_V1_baseline":-52.688797},{"data_generator_T_baseline":5970.0,"data_generator_V1_baseline":-52.663845},{"data_generator_T_baseline":5980.0,"data_generator_V1_baseline":-52.638794},{"data_generator_T_baseline":5990.0,"data_generator_V1_baseline":-52.613628},{"data_generator_T_baseline":6000.0,"data_generator_V1_baseline":-52.58836},{"data_generator_T_baseline":6010.0,"data_generator_V1_baseline":-52.562988},{"data_generator_T_baseline":6020.0,"data_generator_V1_baseline":-52.537498},{"data_generator_T_baseline":6030.0,"data_generator_V1_baseline":-52.511898},{"data_generator_T_baseline":6040.0,"data_generator_V1_baseline":-52.486179},{"data_generator_T_baseline":6050.0,"data_generator_V1_baseline":-52.460342},{"data_generator_T_baseline":6060.0,"data_generator_V1_baseline":-52.43438},{"data_generator_T_baseline":6070.0,"data_generator_V1_baseline":-52.408295},{"data_generator_T_baseline":6080.0,"data_generator_V1_baseline":-52.382076},{"data_generator_T_baseline":6090.0,"data_generator_V1_baseline":-52.355728},{"data_generator_T_baseline":6100.0,"data_generator_V1_baseline":-52.329014},{"data_generator_T_baseline":6110.0,"data_generator_V1_baseline":-52.302135},{"data_generator_T_baseline":6120.0,"data_generator_V1_baseline":-52.276001},{"data_generator_T_baseline":6130.0,"data_generator_V1_baseline":-52.248432},{"data_generator_T_baseline":6140.0,"data_generator_V1_baseline":-52.221146},{"data_generator_T_baseline":6150.0,"data_generator_V1_baseline":-52.194702},{"data_generator_T_baseline":6160.0,"data_generator_V1_baseline":-52.167313},{"data_generator_T_baseline":6170.0,"data_generator_V1_baseline":-52.139538},{"data_generator_T_baseline":6180.0,"data_generator_V1_baseline":-52.111938},{"data_generator_T_baseline":6190.0,"data_generator_V1_baseline":-52.084282},{"data_generator_T_baseline":6200.0,"data_generator_V1_baseline":-52.055496},{"data_generator_T_baseline":6210.0,"data_generator_V1_baseline":-52.027863},{"data_generator_T_baseline":6220.0,"data_generator_V1_baseline":-51.999527},{"data_generator_T_baseline":6230.0,"data_generator_V1_baseline":-51.971024},{"data_generator_T_baseline":6240.0,"data_generator_V1_baseline":-51.942066},{"data_generator_T_baseline":6250.0,"data_generator_V1_baseline":-51.913311},{"data_generator_T_baseline":6260.0,"data_generator_V1_baseline":-51.884075},{"data_generator_T_baseline":6270.0,"data_generator_V1_baseline":-51.854744},{"data_generator_T_baseline":6280.0,"data_generator_V1_baseline":-51.825241},{"data_generator_T_baseline":6290.0,"data_generator_V1_baseline":-51.795319},{"data_generator_T_baseline":6300.0,"data_generator_V1_baseline":-51.765453},{"data_generator_T_baseline":6310.0,"data_generator_V1_baseline":-51.73513},{"data_generator_T_baseline":6320.0,"data_generator_V1_baseline":-51.704746},{"data_generator_T_baseline":6330.0,"data_generator_V1_baseline":-51.673996},{"data_generator_T_baseline":6340.0,"data_generator_V1_baseline":-51.643082},{"data_generator_T_baseline":6350.0,"data_generator_V1_baseline":-51.611851},{"data_generator_T_baseline":6360.0,"data_generator_V1_baseline":-51.580406},{"data_generator_T_baseline":6370.0,"data_generator_V1_baseline":-51.548653},{"data_generator_T_baseline":6380.0,"data_generator_V1_baseline":-51.516659},{"data_generator_T_baseline":6390.0,"data_generator_V1_baseline":-51.484333},{"data_generator_T_baseline":6400.0,"data_generator_V1_baseline":-51.451775},{"data_generator_T_baseline":6410.0,"data_generator_V1_baseline":-51.418827},{"data_generator_T_baseline":6420.0,"data_generator_V1_baseline":-51.385677},{"data_generator_T_baseline":6430.0,"data_generator_V1_baseline":-51.352024},{"data_generator_T_baseline":6440.0,"data_generator_V1_baseline":-51.318275},{"data_generator_T_baseline":6450.0,"data_generator_V1_baseline":-51.283627},{"data_generator_T_baseline":6460.0,"data_generator_V1_baseline":-51.249325},{"data_generator_T_baseline":6470.0,"data_generator_V1_baseline":-51.214214},{"data_generator_T_baseline":6480.0,"data_generator_V1_baseline":-51.1791},{"data_generator_T_baseline":6490.0,"data_generator_V1_baseline":-51.143242},{"data_generator_T_baseline":6500.0,"data_generator_V1_baseline":-51.107273},{"data_generator_T_baseline":6510.0,"data_generator_V1_baseline":-51.070652},{"data_generator_T_baseline":6520.0,"data_generator_V1_baseline":-51.033737},{"data_generator_T_baseline":6530.0,"data_generator_V1_baseline":-50.996254},{"data_generator_T_baseline":6540.0,"data_generator_V1_baseline":-50.958256},{"data_generator_T_baseline":6550.0,"data_generator_V1_baseline":-50.919788},{"data_generator_T_baseline":6560.0,"data_generator_V1_baseline":-50.880653},{"data_generator_T_baseline":6570.0,"data_generator_V1_baseline":-50.841179},{"data_generator_T_baseline":6580.0,"data_generator_V1_baseline":-50.801247},{"data_generator_T_baseline":6590.0,"data_generator_V1_baseline":-50.760361},{"data_generator_T_baseline":6600.0,"data_generator_V1_baseline":-50.718575},{"data_generator_T_baseline":6610.0,"data_generator_V1_baseline":-50.676083},{"data_generator_T_baseline":6620.0,"data_generator_V1_baseline":-50.634071},{"data_generator_T_baseline":6630.0,"data_generator_V1_baseline":-50.591324},{"data_generator_T_baseline":6640.0,"data_generator_V1_baseline":-50.546818},{"data_generator_T_baseline":6650.0,"data_generator_V1_baseline":-50.501171},{"data_generator_T_baseline":6660.0,"data_generator_V1_baseline":-50.453373},{"data_generator_T_baseline":6670.0,"data_generator_V1_baseline":-50.409588},{"data_generator_T_baseline":6680.0,"data_generator_V1_baseline":-50.360653},{"data_generator_T_baseline":6690.0,"data_generator_V1_baseline":-50.314762},{"data_generator_T_baseline":6700.0,"data_generator_V1_baseline":-50.264648},{"data_generator_T_baseline":6710.0,"data_generator_V1_baseline":-50.212975},{"data_generator_T_baseline":6720.0,"data_generator_V1_baseline":-50.161961},{"data_generator_T_baseline":6730.0,"data_generator_V1_baseline":-50.105667},{"data_generator_T_baseline":6740.0,"data_generator_V1_baseline":-50.054169},{"data_generator_T_baseline":6750.0,"data_generator_V1_baseline":-49.994991},{"data_generator_T_baseline":6760.0,"data_generator_V1_baseline":-49.93948},{"data_generator_T_baseline":6770.0,"data_generator_V1_baseline":-49.882915},{"data_generator_T_baseline":6780.0,"data_generator_V1_baseline":-49.820633},{"data_generator_T_baseline":6790.0,"data_generator_V1_baseline":-49.758121},{"data_generator_T_baseline":6800.0,"data_generator_V1_baseline":-49.690105},{"data_generator_T_baseline":6810.0,"data_generator_V1_baseline":-49.624825},{"data_generator_T_baseline":6820.0,"data_generator_V1_baseline":-49.554707},{"data_generator_T_baseline":6830.0,"data_generator_V1_baseline":-49.477745},{"data_generator_T_baseline":6840.0,"data_generator_V1_baseline":-49.403442},{"data_generator_T_baseline":6850.0,"data_generator_V1_baseline":-49.323727},{"data_generator_T_baseline":6860.0,"data_generator_V1_baseline":-49.236382},{"data_generator_T_baseline":6870.0,"data_generator_V1_baseline":-49.147793},{"data_generator_T_baseline":6880.0,"data_generator_V1_baseline":-49.051216},{"data_generator_T_baseline":6890.0,"data_generator_V1_baseline":-48.948765},{"data_generator_T_baseline":6900.0,"data_generator_V1_baseline":-48.834705},{"data_generator_T_baseline":6910.0,"data_generator_V1_baseline":-48.71603},{"data_generator_T_baseline":6920.0,"data_generator_V1_baseline":-48.583355},{"data_generator_T_baseline":6930.0,"data_generator_V1_baseline":-48.433659},{"data_generator_T_baseline":6940.0,"data_generator_V1_baseline":-48.264507},{"data_generator_T_baseline":6950.0,"data_generator_V1_baseline":-48.063484},{"data_generator_T_baseline":6960.0,"data_generator_V1_baseline":-47.829636},{"data_generator_T_baseline":6970.0,"data_generator_V1_baseline":-47.528408},{"data_generator_T_baseline":6980.0,"data_generator_V1_baseline":-47.139389},{"data_generator_T_baseline":6990.0,"data_generator_V1_baseline":-46.568989},{"data_generator_T_baseline":7000.0,"data_generator_V1_baseline":-45.606293},{"data_generator_T_baseline":7010.0,"data_generator_V1_baseline":-43.432327},{"data_generator_T_baseline":7020.0,"data_generator_V1_baseline":-32.976471},{"data_generator_T_baseline":7030.0,"data_generator_V1_baseline":-21.902935},{"data_generator_T_baseline":7040.0,"data_generator_V1_baseline":-21.839319},{"data_generator_T_baseline":7050.0,"data_generator_V1_baseline":-21.93215},{"data_generator_T_baseline":7060.0,"data_generator_V1_baseline":-22.025316},{"data_generator_T_baseline":7070.0,"data_generator_V1_baseline":-22.117445},{"data_generator_T_baseline":7080.0,"data_generator_V1_baseline":-22.208586},{"data_generator_T_baseline":7090.0,"data_generator_V1_baseline":-22.298737},{"data_generator_T_baseline":7100.0,"data_generator_V1_baseline":-22.387968},{"data_generator_T_baseline":7110.0,"data_generator_V1_baseline":-22.476269},{"data_generator_T_baseline":7120.0,"data_generator_V1_baseline":-22.563709},{"data_generator_T_baseline":7130.0,"data_generator_V1_baseline":-22.650269},{"data_generator_T_baseline":7140.0,"data_generator_V1_baseline":-22.736034},{"data_generator_T_baseline":7150.0,"data_generator_V1_baseline":-22.820965},{"data_generator_T_baseline":7160.0,"data_generator_V1_baseline":-22.905159},{"data_generator_T_baseline":7170.0,"data_generator_V1_baseline":-22.98856},{"data_generator_T_baseline":7180.0,"data_generator_V1_baseline":-23.071287},{"data_generator_T_baseline":7190.0,"data_generator_V1_baseline":-23.153255},{"data_generator_T_baseline":7200.0,"data_generator_V1_baseline":-23.23461},{"data_generator_T_baseline":7210.0,"data_generator_V1_baseline":-23.315243},{"data_generator_T_baseline":7220.0,"data_generator_V1_baseline":-23.395309},{"data_generator_T_baseline":7230.0,"data_generator_V1_baseline":-23.474674},{"data_generator_T_baseline":7240.0,"data_generator_V1_baseline":-23.553532},{"data_generator_T_baseline":7250.0,"data_generator_V1_baseline":-23.631815},{"data_generator_T_baseline":7260.0,"data_generator_V1_baseline":-23.709488},{"data_generator_T_baseline":7270.0,"data_generator_V1_baseline":-23.786697},{"data_generator_T_baseline":7280.0,"data_generator_V1_baseline":-23.8633},{"data_generator_T_baseline":7290.0,"data_generator_V1_baseline":-23.93951},{"data_generator_T_baseline":7300.0,"data_generator_V1_baseline":-24.015205},{"data_generator_T_baseline":7310.0,"data_generator_V1_baseline":-24.090431},{"data_generator_T_baseline":7320.0,"data_generator_V1_baseline":-24.165215},{"data_generator_T_baseline":7330.0,"data_generator_V1_baseline":-24.23959},{"data_generator_T_baseline":7340.0,"data_generator_V1_baseline":-24.313541},{"data_generator_T_baseline":7350.0,"data_generator_V1_baseline":-24.3871},{"data_generator_T_baseline":7360.0,"data_generator_V1_baseline":-24.46031},{"data_generator_T_baseline":7370.0,"data_generator_V1_baseline":-24.533127},{"data_generator_T_baseline":7380.0,"data_generator_V1_baseline":-24.605646},{"data_generator_T_baseline":7390.0,"data_generator_V1_baseline":-24.677795},{"data_generator_T_baseline":7400.0,"data_generator_V1_baseline":-24.749617},{"data_generator_T_baseline":7410.0,"data_generator_V1_baseline":-24.821186},{"data_generator_T_baseline":7420.0,"data_generator_V1_baseline":-24.892443},{"data_generator_T_baseline":7430.0,"data_generator_V1_baseline":-24.963484},{"data_generator_T_baseline":7440.0,"data_generator_V1_baseline":-25.034229},{"data_generator_T_baseline":7450.0,"data_generator_V1_baseline":-25.104738},{"data_generator_T_baseline":7460.0,"data_generator_V1_baseline":-25.17502},{"data_generator_T_baseline":7470.0,"data_generator_V1_baseline":-25.245094},{"data_generator_T_baseline":7480.0,"data_generator_V1_baseline":-25.314972},{"data_generator_T_baseline":7490.0,"data_generator_V1_baseline":-25.384665},{"data_generator_T_baseline":7500.0,"data_generator_V1_baseline":-25.454185},{"data_generator_T_baseline":7510.0,"data_generator_V1_baseline":-25.523548},{"data_generator_T_baseline":7520.0,"data_generator_V1_baseline":-25.592772},{"data_generator_T_baseline":7530.0,"data_generator_V1_baseline":-25.661865},{"data_generator_T_baseline":7540.0,"data_generator_V1_baseline":-25.730839},{"data_generator_T_baseline":7550.0,"data_generator_V1_baseline":-25.799717},{"data_generator_T_baseline":7560.0,"data_generator_V1_baseline":-25.868504},{"data_generator_T_baseline":7570.0,"data_generator_V1_baseline":-25.937212},{"data_generator_T_baseline":7580.0,"data_generator_V1_baseline":-26.005867},{"data_generator_T_baseline":7590.0,"data_generator_V1_baseline":-26.074465},{"data_generator_T_baseline":7600.0,"data_generator_V1_baseline":-26.143038},{"data_generator_T_baseline":7610.0,"data_generator_V1_baseline":-26.211571},{"data_generator_T_baseline":7620.0,"data_generator_V1_baseline":-26.280117},{"data_generator_T_baseline":7630.0,"data_generator_V1_baseline":-26.34869},{"data_generator_T_baseline":7640.0,"data_generator_V1_baseline":-26.417168},{"data_generator_T_baseline":7650.0,"data_generator_V1_baseline":-26.485861},{"data_generator_T_baseline":7660.0,"data_generator_V1_baseline":-26.554504},{"data_generator_T_baseline":7670.0,"data_generator_V1_baseline":-26.623203},{"data_generator_T_baseline":7680.0,"data_generator_V1_baseline":-26.692024},{"data_generator_T_baseline":7690.0,"data_generator_V1_baseline":-26.760914},{"data_generator_T_baseline":7700.0,"data_generator_V1_baseline":-26.829895},{"data_generator_T_baseline":7710.0,"data_generator_V1_baseline":-26.899063},{"data_generator_T_baseline":7720.0,"data_generator_V1_baseline":-26.968241},{"data_generator_T_baseline":7730.0,"data_generator_V1_baseline":-27.037733},{"data_generator_T_baseline":7740.0,"data_generator_V1_baseline":-27.107313},{"data_generator_T_baseline":7750.0,"data_generator_V1_baseline":-27.177095},{"data_generator_T_baseline":7760.0,"data_generator_V1_baseline":-27.247099},{"data_generator_T_baseline":7770.0,"data_generator_V1_baseline":-27.317186},{"data_generator_T_baseline":7780.0,"data_generator_V1_baseline":-27.387697},{"data_generator_T_baseline":7790.0,"data_generator_V1_baseline":-27.458488},{"data_generator_T_baseline":7800.0,"data_generator_V1_baseline":-27.529396},{"data_generator_T_baseline":7810.0,"data_generator_V1_baseline":-27.600723},{"data_generator_T_baseline":7820.0,"data_generator_V1_baseline":-27.672358},{"data_generator_T_baseline":7830.0,"data_generator_V1_baseline":-27.744162},{"data_generator_T_baseline":7840.0,"data_generator_V1_baseline":-27.816509},{"data_generator_T_baseline":7850.0,"data_generator_V1_baseline":-27.889376},{"data_generator_T_baseline":7860.0,"data_generator_V1_baseline":-27.962458},{"data_generator_T_baseline":7870.0,"data_generator_V1_baseline":-28.035988},{"data_generator_T_baseline":7880.0,"data_generator_V1_baseline":-28.109966},{"data_generator_T_baseline":7890.0,"data_generator_V1_baseline":-28.184456},{"data_generator_T_baseline":7900.0,"data_generator_V1_baseline":-28.25947},{"data_generator_T_baseline":7910.0,"data_generator_V1_baseline":-28.33499},{"data_generator_T_baseline":7920.0,"data_generator_V1_baseline":-28.411091},{"data_generator_T_baseline":7930.0,"data_generator_V1_baseline":-28.487789},{"data_generator_T_baseline":7940.0,"data_generator_V1_baseline":-28.565128},{"data_generator_T_baseline":7950.0,"data_generator_V1_baseline":-28.643137},{"data_generator_T_baseline":7960.0,"data_generator_V1_baseline":-28.721857},{"data_generator_T_baseline":7970.0,"data_generator_V1_baseline":-28.801331},{"data_generator_T_baseline":7980.0,"data_generator_V1_baseline":-28.881599},{"data_generator_T_baseline":7990.0,"data_generator_V1_baseline":-28.962711},{"data_generator_T_baseline":8000.0,"data_generator_V1_baseline":-29.044716},{"data_generator_T_baseline":8010.0,"data_generator_V1_baseline":-29.12767},{"data_generator_T_baseline":8020.0,"data_generator_V1_baseline":-29.21163},{"data_generator_T_baseline":8030.0,"data_generator_V1_baseline":-29.296661},{"data_generator_T_baseline":8040.0,"data_generator_V1_baseline":-29.382835},{"data_generator_T_baseline":8050.0,"data_generator_V1_baseline":-29.47023},{"data_generator_T_baseline":8060.0,"data_generator_V1_baseline":-29.558929},{"data_generator_T_baseline":8070.0,"data_generator_V1_baseline":-29.649033},{"data_generator_T_baseline":8080.0,"data_generator_V1_baseline":-29.740646},{"data_generator_T_baseline":8090.0,"data_generator_V1_baseline":-29.833893},{"data_generator_T_baseline":8100.0,"data_generator_V1_baseline":-29.928911},{"data_generator_T_baseline":8110.0,"data_generator_V1_baseline":-30.025864},{"data_generator_T_baseline":8120.0,"data_generator_V1_baseline":-30.124939},{"data_generator_T_baseline":8130.0,"data_generator_V1_baseline":-30.226357},{"data_generator_T_baseline":8140.0,"data_generator_V1_baseline":-30.330383},{"data_generator_T_baseline":8150.0,"data_generator_V1_baseline":-30.437344},{"data_generator_T_baseline":8160.0,"data_generator_V1_baseline":-30.54764},{"data_generator_T_baseline":8170.0,"data_generator_V1_baseline":-30.661785},{"data_generator_T_baseline":8180.0,"data_generator_V1_baseline":-30.780443},{"data_generator_T_baseline":8190.0,"data_generator_V1_baseline":-30.904514},{"data_generator_T_baseline":8200.0,"data_generator_V1_baseline":-31.035261},{"data_generator_T_baseline":8210.0,"data_generator_V1_baseline":-31.174545},{"data_generator_T_baseline":8220.0,"data_generator_V1_baseline":-31.325306},{"data_generator_T_baseline":8230.0,"data_generator_V1_baseline":-31.492619},{"data_generator_T_baseline":8240.0,"data_generator_V1_baseline":-31.686459},{"data_generator_T_baseline":8250.0,"data_generator_V1_baseline":-31.930904},{"data_generator_T_baseline":8260.0,"data_generator_V1_baseline":-32.31147},{"data_generator_T_baseline":8270.0,"data_generator_V1_baseline":-33.841362},{"data_generator_T_baseline":8280.0,"data_generator_V1_baseline":-60.882572},{"data_generator_T_baseline":8290.0,"data_generator_V1_baseline":-64.894379},{"data_generator_T_baseline":8300.0,"data_generator_V1_baseline":-64.792206},{"data_generator_T_baseline":8310.0,"data_generator_V1_baseline":-64.622993},{"data_generator_T_baseline":8320.0,"data_generator_V1_baseline":-64.448509},{"data_generator_T_baseline":8330.0,"data_generator_V1_baseline":-64.270294},{"data_generator_T_baseline":8340.0,"data_generator_V1_baseline":-64.089027},{"data_generator_T_baseline":8350.0,"data_generator_V1_baseline":-63.905323},{"data_generator_T_baseline":8360.0,"data_generator_V1_baseline":-63.719822},{"data_generator_T_baseline":8370.0,"data_generator_V1_baseline":-63.533043},{"data_generator_T_baseline":8380.0,"data_generator_V1_baseline":-63.345371},{"data_generator_T_baseline":8390.0,"data_generator_V1_baseline":-63.157471},{"data_generator_T_baseline":8400.0,"data_generator_V1_baseline":-62.969349},{"data_generator_T_baseline":8410.0,"data_generator_V1_baseline":-62.781898},{"data_generator_T_baseline":8420.0,"data_generator_V1_baseline":-62.594925},{"data_generator_T_baseline":8430.0,"data_generator_V1_baseline":-62.408936},{"data_generator_T_baseline":8440.0,"data_generator_V1_baseline":-62.223873},{"data_generator_T_baseline":8450.0,"data_generator_V1_baseline":-62.039917},{"data_generator_T_baseline":8460.0,"data_generator_V1_baseline":-61.857254},{"data_generator_T_baseline":8470.0,"data_generator_V1_baseline":-61.676857},{"data_generator_T_baseline":8480.0,"data_generator_V1_baseline":-61.497292},{"data_generator_T_baseline":8490.0,"data_generator_V1_baseline":-61.319164},{"data_generator_T_baseline":8500.0,"data_generator_V1_baseline":-61.142418},{"data_generator_T_baseline":8510.0,"data_generator_V1_baseline":-60.968613},{"data_generator_T_baseline":8520.0,"data_generator_V1_baseline":-60.794907},{"data_generator_T_baseline":8530.0,"data_generator_V1_baseline":-60.622955},{"data_generator_T_baseline":8540.0,"data_generator_V1_baseline":-60.454189},{"data_generator_T_baseline":8550.0,"data_generator_V1_baseline":-60.286041},{"data_generator_T_baseline":8560.0,"data_generator_V1_baseline":-60.118565},{"data_generator_T_baseline":8570.0,"data_generator_V1_baseline":-59.953445},{"data_generator_T_baseline":8580.0,"data_generator_V1_baseline":-59.78896},{"data_generator_T_baseline":8590.0,"data_generator_V1_baseline":-59.624722},{"data_generator_T_baseline":8600.0,"data_generator_V1_baseline":-59.461842},{"data_generator_T_baseline":8610.0,"data_generator_V1_baseline":-59.304314},{"data_generator_T_baseline":8620.0,"data_generator_V1_baseline":-59.142586},{"data_generator_T_baseline":8630.0,"data_generator_V1_baseline":-58.98867},{"data_generator_T_baseline":8640.0,"data_generator_V1_baseline":-58.830551},{"data_generator_T_baseline":8650.0,"data_generator_V1_baseline":-58.678448},{"data_generator_T_baseline":8660.0,"data_generator_V1_baseline":-58.524197},{"data_generator_T_baseline":8670.0,"data_generator_V1_baseline":-58.376347},{"data_generator_T_baseline":8680.0,"data_generator_V1_baseline":-58.228268},{"data_generator_T_baseline":8690.0,"data_generator_V1_baseline":-58.083633},{"data_generator_T_baseline":8700.0,"data_generator_V1_baseline":-57.940304},{"data_generator_T_baseline":8710.0,"data_generator_V1_baseline":-57.802151},{"data_generator_T_baseline":8720.0,"data_generator_V1_baseline":-57.663651},{"data_generator_T_baseline":8730.0,"data_generator_V1_baseline":-57.533752},{"data_generator_T_baseline":8740.0,"data_generator_V1_baseline":-57.407623},{"data_generator_T_baseline":8750.0,"data_generator_V1_baseline":-57.284309},{"data_generator_T_baseline":8760.0,"data_generator_V1_baseline":-57.166103},{"data_generator_T_baseline":8770.0,"data_generator_V1_baseline":-57.052296},{"data_generator_T_baseline":8780.0,"data_generator_V1_baseline":-56.943642},{"data_generator_T_baseline":8790.0,"data_generator_V1_baseline":-56.839836},{"data_generator_T_baseline":8800.0,"data_generator_V1_baseline":-56.740452},{"data_generator_T_baseline":8810.0,"data_generator_V1_baseline":-56.645855},{"data_generator_T_baseline":8820.0,"data_generator_V1_baseline":-56.555847},{"data_generator_T_baseline":8830.0,"data_generator_V1_baseline":-56.469852},{"data_generator_T_baseline":8840.0,"data_generator_V1_baseline":-56.387962},{"data_generator_T_baseline":8850.0,"data_generator_V1_baseline":-56.30999},{"data_generator_T_baseline":8860.0,"data_generator_V1_baseline":-56.235466},{"data_generator_T_baseline":8870.0,"data_generator_V1_baseline":-56.164326},{"data_generator_T_baseline":8880.0,"data_generator_V1_baseline":-56.09634},{"data_generator_T_baseline":8890.0,"data_generator_V1_baseline":-56.031235},{"data_generator_T_baseline":8900.0,"data_generator_V1_baseline":-55.968849},{"data_generator_T_baseline":8910.0,"data_generator_V1_baseline":-55.908981},{"data_generator_T_baseline":8920.0,"data_generator_V1_baseline":-55.851456},{"data_generator_T_baseline":8930.0,"data_generator_V1_baseline":-55.796104},{"data_generator_T_baseline":8940.0,"data_generator_V1_baseline":-55.742767},{"data_generator_T_baseline":8950.0,"data_generator_V1_baseline":-55.691296},{"data_generator_T_baseline":8960.0,"data_generator_V1_baseline":-55.641529},{"data_generator_T_baseline":8970.0,"data_generator_V1_baseline":-55.593288},{"data_generator_T_baseline":8980.0,"data_generator_V1_baseline":-55.546314},{"data_generator_T_baseline":8990.0,"data_generator_V1_baseline":-55.500061},{"data_generator_T_baseline":9000.0,"data_generator_V1_baseline":-55.455738},{"data_generator_T_baseline":9010.0,"data_generator_V1_baseline":-55.41597},{"data_generator_T_baseline":9020.0,"data_generator_V1_baseline":-55.374336},{"data_generator_T_baseline":9030.0,"data_generator_V1_baseline":-55.333183},{"data_generator_T_baseline":9040.0,"data_generator_V1_baseline":-55.293812},{"data_generator_T_baseline":9050.0,"data_generator_V1_baseline":-55.257034},{"data_generator_T_baseline":9060.0,"data_generator_V1_baseline":-55.219078},{"data_generator_T_baseline":9070.0,"data_generator_V1_baseline":-55.1814},{"data_generator_T_baseline":9080.0,"data_generator_V1_baseline":-55.147022},{"data_generator_T_baseline":9090.0,"data_generator_V1_baseline":-55.109802},{"data_generator_T_baseline":9100.0,"data_generator_V1_baseline":-55.077808},{"data_generator_T_baseline":9110.0,"data_generator_V1_baseline":-55.041985},{"data_generator_T_baseline":9120.0,"data_generator_V1_baseline":-55.008953},{"data_generator_T_baseline":9130.0,"data_generator_V1_baseline":-54.979073},{"data_generator_T_baseline":9140.0,"data_generator_V1_baseline":-54.944485},{"data_generator_T_baseline":9150.0,"data_generator_V1_baseline":-54.914284},{"data_generator_T_baseline":9160.0,"data_generator_V1_baseline":-54.883003},{"data_generator_T_baseline":9170.0,"data_generator_V1_baseline":-54.855221},{"data_generator_T_baseline":9180.0,"data_generator_V1_baseline":-54.822773},{"data_generator_T_baseline":9190.0,"data_generator_V1_baseline":-54.793991},{"data_generator_T_baseline":9200.0,"data_generator_V1_baseline":-54.766487},{"data_generator_T_baseline":9210.0,"data_generator_V1_baseline":-54.736202},{"data_generator_T_baseline":9220.0,"data_generator_V1_baseline":-54.710464},{"data_generator_T_baseline":9230.0,"data_generator_V1_baseline":-54.680325},{"data_generator_T_baseline":9240.0,"data_generator_V1_baseline":-54.654419},{"data_generator_T_baseline":9250.0,"data_generator_V1_baseline":-54.623669},{"data_generator_T_baseline":9260.0,"data_generator_V1_baseline":-54.59951},{"data_generator_T_baseline":9270.0,"data_generator_V1_baseline":-54.571396},{"data_generator_T_baseline":9280.0,"data_generator_V1_baseline":-54.547146},{"data_generator_T_baseline":9290.0,"data_generator_V1_baseline":-54.515461},{"data_generator_T_baseline":9300.0,"data_generator_V1_baseline":-54.495235},{"data_generator_T_baseline":9310.0,"data_generator_V1_baseline":-54.466206},{"data_generator_T_baseline":9320.0,"data_generator_V1_baseline":-54.44363},{"data_generator_T_baseline":9330.0,"data_generator_V1_baseline":-54.416702},{"data_generator_T_baseline":9340.0,"data_generator_V1_baseline":-54.393044},{"data_generator_T_baseline":9350.0,"data_generator_V1_baseline":-54.365692},{"data_generator_T_baseline":9360.0,"data_generator_V1_baseline":-54.343029},{"data_generator_T_baseline":9370.0,"data_generator_V1_baseline":-54.318821},{"data_generator_T_baseline":9380.0,"data_generator_V1_baseline":-54.29287},{"data_generator_T_baseline":9390.0,"data_generator_V1_baseline":-54.26804},{"data_generator_T_baseline":9400.0,"data_generator_V1_baseline":-54.244724},{"data_generator_T_baseline":9410.0,"data_generator_V1_baseline":-54.218365},{"data_generator_T_baseline":9420.0,"data_generator_V1_baseline":-54.19725},{"data_generator_T_baseline":9430.0,"data_generator_V1_baseline":-54.16774},{"data_generator_T_baseline":9440.0,"data_generator_V1_baseline":-54.148663},{"data_generator_T_baseline":9450.0,"data_generator_V1_baseline":-54.125954},{"data_generator_T_baseline":9460.0,"data_generator_V1_baseline":-54.099789},{"data_generator_T_baseline":9470.0,"data_generator_V1_baseline":-54.078609},{"data_generator_T_baseline":9480.0,"data_generator_V1_baseline":-54.053913},{"data_generator_T_baseline":9490.0,"data_generator_V1_baseline":-54.031105},{"data_generator_T_baseline":9500.0,"data_generator_V1_baseline":-54.006092},{"data_generator_T_baseline":9510.0,"data_generator_V1_baseline":-53.984447},{"data_generator_T_baseline":9520.0,"data_generator_V1_baseline":-53.961563},{"data_generator_T_baseline":9530.0,"data_generator_V1_baseline":-53.935406},{"data_generator_T_baseline":9540.0,"data_generator_V1_baseline":-53.915897},{"data_generator_T_baseline":9550.0,"data_generator_V1_baseline":-53.889896},{"data_generator_T_baseline":9560.0,"data_generator_V1_baseline":-53.86972},{"data_generator_T_baseline":9570.0,"data_generator_V1_baseline":-53.84042},{"data_generator_T_baseline":9580.0,"data_generator_V1_baseline":-53.823597},{"data_generator_T_baseline":9590.0,"data_generator_V1_baseline":-53.800461},{"data_generator_T_baseline":9600.0,"data_generator_V1_baseline":-53.775803},{"data_generator_T_baseline":9610.0,"data_generator_V1_baseline":-53.754852},{"data_generator_T_baseline":9620.0,"data_generator_V1_baseline":-53.729931},{"data_generator_T_baseline":9630.0,"data_generator_V1_baseline":-53.70908},{"data_generator_T_baseline":9640.0,"data_generator_V1_baseline":-53.685287},{"data_generator_T_baseline":9650.0,"data_generator_V1_baseline":-53.66312},{"data_generator_T_baseline":9660.0,"data_generator_V1_baseline":-53.640457},{"data_generator_T_baseline":9670.0,"data_generator_V1_baseline":-53.617287},{"data_generator_T_baseline":9680.0,"data_generator_V1_baseline":-53.593571},{"data_generator_T_baseline":9690.0,"data_generator_V1_baseline":-53.571609},{"data_generator_T_baseline":9700.0,"data_generator_V1_baseline":-53.54966},{"data_generator_T_baseline":9710.0,"data_generator_V1_baseline":-53.524734},{"data_generator_T_baseline":9720.0,"data_generator_V1_baseline":-53.503811},{"data_generator_T_baseline":9730.0,"data_generator_V1_baseline":-53.475018},{"data_generator_T_baseline":9740.0,"data_generator_V1_baseline":-53.456242},{"data_generator_T_baseline":9750.0,"data_generator_V1_baseline":-53.43507},{"data_generator_T_baseline":9760.0,"data_generator_V1_baseline":-53.410557},{"data_generator_T_baseline":9770.0,"data_generator_V1_baseline":-53.388672},{"data_generator_T_baseline":9780.0,"data_generator_V1_baseline":-53.36528},{"data_generator_T_baseline":9790.0,"data_generator_V1_baseline":-53.341232},{"data_generator_T_baseline":9800.0,"data_generator_V1_baseline":-53.319901},{"data_generator_T_baseline":9810.0,"data_generator_V1_baseline":-53.292912},{"data_generator_T_baseline":9820.0,"data_generator_V1_baseline":-53.273083},{"data_generator_T_baseline":9830.0,"data_generator_V1_baseline":-53.249954},{"data_generator_T_baseline":9840.0,"data_generator_V1_baseline":-53.226852},{"data_generator_T_baseline":9850.0,"data_generator_V1_baseline":-53.203476},{"data_generator_T_baseline":9860.0,"data_generator_V1_baseline":-53.18},{"data_generator_T_baseline":9870.0,"data_generator_V1_baseline":-53.156742},{"data_generator_T_baseline":9880.0,"data_generator_V1_baseline":-53.133354},{"data_generator_T_baseline":9890.0,"data_generator_V1_baseline":-53.109745},{"data_generator_T_baseline":9900.0,"data_generator_V1_baseline":-53.08614},{"data_generator_T_baseline":9910.0,"data_generator_V1_baseline":-53.062626},{"data_generator_T_baseline":9920.0,"data_generator_V1_baseline":-53.038937},{"data_generator_T_baseline":9930.0,"data_generator_V1_baseline":-53.015099},{"data_generator_T_baseline":9940.0,"data_generator_V1_baseline":-52.991299},{"data_generator_T_baseline":9950.0,"data_generator_V1_baseline":-52.967472},{"data_generator_T_baseline":9960.0,"data_generator_V1_baseline":-52.943474},{"data_generator_T_baseline":9970.0,"data_generator_V1_baseline":-52.919392},{"data_generator_T_baseline":9980.0,"data_generator_V1_baseline":-52.895313},{"data_generator_T_baseline":9990.0,"data_generator_V1_baseline":-52.87114},{"data_generator_T_baseline":10000.0,"data_generator_V1_baseline":-52.846828}]