[{"file": "FigS4-Aleft.sedml"}, {"file": "cn-2014-00126t_0004.jpg"}, {"file": "cn-2014-00126t_0005.jpg"}, {"file": "plot.csv"}, {"file": "cn-2014-00126t_0007.jpg"}, {"file": "cn-2014-00126t_0006.jpg"}, {"file": "FigS4-Dright.sedml"}, {"file": "cn-2014-00126t_0002.jpg"}, {"file": "cn-2014-00126t_0003.jpg"}, {"file": "FigS4-Aright.sedml"}, {"file": "report.csv"}, {"file": "Fig2B.sedml"}, {"file": "FigS4-Cright.sedml"}, {"file": "README"}, {"file": "FigS4-Cleft.sedml"}, {"file": "FigS5A.sedml"}, {"file": "FigS4-Bright.sedml"}, {"file": "Fig6.sedml"}, {"file": "FigS4-Bleft.sedml"}, {"file": "Fig3B.sedml"}, {"file": "FigS4-Dleft.sedml"}, {"file": "FigS5B.sedml"}]