<?xml version="1.0" encoding="utf-8"?>
<rdf:RDF xmlns:rdf="http://www.w3.org/1999/02/22-rdf-syntax-ns#">
  <rdf:Description rdf:about="Weinstein_1995_NHE3.cellml#weinstein_1995">
    <ns0:located_in xmlns:ns0="http://www.obofoundry.org/ro/ro.owl#" rdf:resource="http://identifiers.org/fma/FMA:70973"/>
  </rdf:Description>
  <rdf:Description rdf:about="Weinstein_1995_NHE3.cellml#weinstein_1995">
    <ns0:located_in xmlns:ns0="http://www.obofoundry.org/ro/ro.owl#" rdf:resource="http://identifiers.org/fma/FMA:17693"/>
  </rdf:Description>
  <rdf:Description rdf:about="Weinstein_1995_NHE3.cellml#weinstein_1995">
    <ns0:located_in xmlns:ns0="http://www.obofoundry.org/ro/ro.owl#" rdf:resource="http://identifiers.org/fma/FMA:84666"/>
  </rdf:Description>
  <rdf:Description rdf:about="Weinstein_1995_NHE3.cellml#weinstein_1995">
    <ns0:isInstanceOf xmlns:ns0="http://biomodels.net/model-qualifiers/" rdf:resource="http://identifiers.org/uniprot/P26433"/>
  </rdf:Description>
  <rdf:Description rdf:about="Weinstein_1995_NHE3.cellml#weinstein_1995">
    <ns0:isDescribedBy xmlns:ns0="http://biomodels.net/model-qualifiers/" rdf:resource="http://identifiers.org/doi/10.1085/jgp.105.5.617"/>
  </rdf:Description>
</rdf:RDF>
