[{"data_set_value_component_environment_variable_time":0.0,"data_set_value_component_main_variable_v1":0.0,"data_set_value_component_main_variable_v2":0.0000000177,"data_set_value_component_main_variable_v3":0.0,"data_set_value_component_main_variable_v4":0.0,"data_set_value_component_main_variable_v5":0.0,"data_set_value_component_main_variable_v6":0.0,"data_set_value_component_main_variable_v7":0.0,"data_set_value_component_main_variable_v8":0.0,"data_set_value_component_main_variable_v9":0.0000000001,"data_set_value_component_main_variable_MT1":0.0000001,"data_set_value_component_main_variable_MT1cat":0.0,"data_set_value_component_main_variable_MT1T2":0.0,"data_set_value_component_main_variable_MT1T2M2P":0.0,"data_set_value_component_main_variable_M2P":0.00000005,"data_set_value_component_main_variable_M2":0.0,"data_set_value_component_main_variable_M2T2":0.0,"data_set_value_component_main_variable_M2T2star":0.0,"data_set_value_component_main_variable_M2C1":0.0,"data_set_value_component_main_variable_C1":0.000001,"data_set_value_component_main_variable_C1dmt1":0.0,"data_set_value_component_main_variable_C1dm2":0.0,"data_set_value_component_main_variable_T2":0.00000005,"data_set_value_component_model_parameters_variable_kshed_eff":2800.0,"data_set_value_component_model_parameters_variable_kon_MT1T2":3540000.0,"data_set_value_component_model_parameters_variable_ki_MT1T2":0.0000000049,"data_set_value_component_model_parameters_variable_kon_MT1T2M2P":140000.0,"data_set_value_component_model_parameters_variable_koff_MT1T2M2P":0.0047,"data_set_value_component_model_parameters_variable_kact_eff_m2":2800.0,"data_set_value_component_model_parameters_variable_kon_M2T2":5900000.0,"data_set_value_component_model_parameters_variable_ki_M2T2":0.00000107,"data_set_value_component_model_parameters_variable_kiso_M2T2":33.0,"data_set_value_component_model_parameters_variable_k_iso_M2T2":0.00000002,"data_set_value_component_model_parameters_variable_kon_M2C1":2600.0,"data_set_value_component_model_parameters_variable_koff_M2C1":0.0021,"data_set_value_component_model_parameters_variable_kcat_M2C1":0.0045,"data_set_value_component_model_parameters_variable_kcat_MT1C1":0.00197,"data_set_value_component_model_parameters_variable_km_MT1C1":0.0000029},{"data_set_value_component_environment_variable_time":0.1,"data_set_value_component_main_variable_v1":0.0,"data_set_value_component_main_variable_v2":0.0000000168,"data_set_value_component_main_variable_v3":0.0,"data_set_value_component_main_variable_v4":3.818883797e-16,"data_set_value_component_main_variable_v5":1.745095268e-17,"data_set_value_component_main_variable_v6":1.577221231e-17,"data_set_value_component_main_variable_v7":1.865240838e-19,"data_set_value_component_main_variable_v8":1.869891755e-22,"data_set_value_component_main_variable_v9":0.0000000001,"data_set_value_component_main_variable_MT1":0.0000000983,"data_set_value_component_main_variable_MT1cat":0.0,"data_set_value_component_main_variable_MT1T2":0.0000000017,"data_set_value_component_main_variable_MT1T2M2P":0.0,"data_set_value_component_main_variable_M2P":0.00000005,"data_set_value_component_main_variable_M2":7.177407227e-17,"data_set_value_component_main_variable_M2T2":4.779458297e-19,"data_set_value_component_main_variable_M2T2star":3.549630838e-18,"data_set_value_component_main_variable_M2C1":4.155315011e-20,"data_set_value_component_main_variable_C1":0.000001,"data_set_value_component_main_variable_C1dmt1":0.0,"data_set_value_component_main_variable_C1dm2":4.261888805e-23,"data_set_value_component_main_variable_T2":0.0000000483,"data_set_value_component_model_parameters_variable_kshed_eff":2800.0,"data_set_value_component_model_parameters_variable_kon_MT1T2":3540000.0,"data_set_value_component_model_parameters_variable_ki_MT1T2":0.0000000049,"data_set_value_component_model_parameters_variable_kon_MT1T2M2P":140000.0,"data_set_value_component_model_parameters_variable_koff_MT1T2M2P":0.0047,"data_set_value_component_model_parameters_variable_kact_eff_m2":2800.0,"data_set_value_component_model_parameters_variable_kon_M2T2":5900000.0,"data_set_value_component_model_parameters_variable_ki_M2T2":0.00000107,"data_set_value_component_model_parameters_variable_kiso_M2T2":33.0,"data_set_value_component_model_parameters_variable_k_iso_M2T2":0.00000002,"data_set_value_component_model_parameters_variable_kon_M2C1":2600.0,"data_set_value_component_model_parameters_variable_koff_M2C1":0.0021,"data_set_value_component_model_parameters_variable_kcat_M2C1":0.0045,"data_set_value_component_model_parameters_variable_kcat_MT1C1":0.00197,"data_set_value_component_model_parameters_variable_km_MT1C1":0.0000029},{"data_set_value_component_environment_variable_time":0.2,"data_set_value_component_main_variable_v1":0.0,"data_set_value_component_main_variable_v2":0.000000016,"data_set_value_component_main_variable_v3":0.0,"data_set_value_component_main_variable_v4":0.0,"data_set_value_component_main_variable_v5":5.155918112e-17,"data_set_value_component_main_variable_v6":4.887468453e-17,"data_set_value_component_main_variable_v7":5.738382143e-19,"data_set_value_component_main_variable_v8":5.85256052e-22,"data_set_value_component_main_variable_v9":0.0000000001,"data_set_value_component_main_variable_MT1":0.0000000967,"data_set_value_component_main_variable_MT1cat":0.0,"data_set_value_component_main_variable_MT1T2":0.0000000032,"data_set_value_component_main_variable_MT1T2M2P":0.0,"data_set_value_component_main_variable_M2P":0.00000005,"data_set_value_component_main_variable_M2":2.20814968e-16,"data_set_value_component_main_variable_M2T2":1.481051053e-18,"data_set_value_component_main_variable_M2T2star":1.112236974e-17,"data_set_value_component_main_variable_M2C1":1.300569004e-19,"data_set_value_component_main_variable_C1":0.000001,"data_set_value_component_main_variable_C1dmt1":0.0,"data_set_value_component_main_variable_C1dm2":1.337444897e-22,"data_set_value_component_main_variable_T2":0.0000000468,"data_set_value_component_model_parameters_variable_kshed_eff":2800.0,"data_set_value_component_model_parameters_variable_kon_MT1T2":3540000.0,"data_set_value_component_model_parameters_variable_ki_MT1T2":0.0000000049,"data_set_value_component_model_parameters_variable_kon_MT1T2M2P":140000.0,"data_set_value_component_model_parameters_variable_koff_MT1T2M2P":0.0047,"data_set_value_component_model_parameters_variable_kact_eff_m2":2800.0,"data_set_value_component_model_parameters_variable_kon_M2T2":5900000.0,"data_set_value_component_model_parameters_variable_ki_M2T2":0.00000107,"data_set_value_component_model_parameters_variable_kiso_M2T2":33.0,"data_set_value_component_model_parameters_variable_k_iso_M2T2":0.00000002,"data_set_value_component_model_parameters_variable_kon_M2C1":2600.0,"data_set_value_component_model_parameters_variable_koff_M2C1":0.0021,"data_set_value_component_model_parameters_variable_kcat_M2C1":0.0045,"data_set_value_component_model_parameters_variable_kcat_MT1C1":0.00197,"data_set_value_component_model_parameters_variable_km_MT1C1":0.0000029},{"data_set_value_component_environment_variable_time":0.3,"data_set_value_component_main_variable_v1":0.0,"data_set_value_component_main_variable_v2":0.0000000152,"data_set_value_component_main_variable_v3":0.0,"data_set_value_component_main_variable_v4":0.0,"data_set_value_component_main_variable_v5":9.430778632e-17,"data_set_value_component_main_variable_v6":9.330288829e-17,"data_set_value_component_main_variable_v7":1.092369005e-18,"data_set_value_component_main_variable_v8":1.121597983e-21,"data_set_value_component_main_variable_v9":0.0000000001,"data_set_value_component_main_variable_MT1":0.0000000952,"data_set_value_component_main_variable_MT1cat":0.0,"data_set_value_component_main_variable_MT1T2":0.0000000048,"data_set_value_component_main_variable_MT1T2M2P":0.0,"data_set_value_component_main_variable_M2P":0.00000005,"data_set_value_component_main_variable_M2":4.203515134e-16,"data_set_value_component_main_variable_M2T2":2.827360264e-18,"data_set_value_component_main_variable_M2T2star":2.132430667e-17,"data_set_value_component_main_variable_M2C1":2.492439962e-19,"data_set_value_component_main_variable_C1":0.000001,"data_set_value_component_main_variable_C1dmt1":0.0,"data_set_value_component_main_variable_C1dm2":2.565704013e-22,"data_set_value_component_main_variable_T2":0.0000000452,"data_set_value_component_model_parameters_variable_kshed_eff":2800.0,"data_set_value_component_model_parameters_variable_kon_MT1T2":3540000.0,"data_set_value_component_model_parameters_variable_ki_MT1T2":0.0000000049,"data_set_value_component_model_parameters_variable_kon_MT1T2M2P":140000.0,"data_set_value_component_model_parameters_variable_koff_MT1T2M2P":0.0047,"data_set_value_component_model_parameters_variable_kact_eff_m2":2800.0,"data_set_value_component_model_parameters_variable_kon_M2T2":5900000.0,"data_set_value_component_model_parameters_variable_ki_M2T2":0.00000107,"data_set_value_component_model_parameters_variable_kiso_M2T2":33.0,"data_set_value_component_model_parameters_variable_k_iso_M2T2":0.00000002,"data_set_value_component_model_parameters_variable_kon_M2C1":2600.0,"data_set_value_component_model_parameters_variable_koff_M2C1":0.0021,"data_set_value_component_model_parameters_variable_kcat_M2C1":0.0045,"data_set_value_component_model_parameters_variable_kcat_MT1C1":0.00197,"data_set_value_component_model_parameters_variable_km_MT1C1":0.0000029},{"data_set_value_component_environment_variable_time":0.4,"data_set_value_component_main_variable_v1":0.0,"data_set_value_component_main_variable_v2":0.0000000144,"data_set_value_component_main_variable_v3":0.0,"data_set_value_component_main_variable_v4":0.0,"data_set_value_component_main_variable_v5":1.880590158e-16,"data_set_value_component_main_variable_v6":1.877627566e-16,"data_set_value_component_main_variable_v7":2.253852167e-18,"data_set_value_component_main_variable_v8":6.184336567e-21,"data_set_value_component_main_variable_v9":0.0000000001,"data_set_value_component_main_variable_MT1":0.0000000937,"data_set_value_component_main_variable_MT1cat":0.0,"data_set_value_component_main_variable_MT1T2":0.0000000063,"data_set_value_component_main_variable_MT1T2M2P":0.0,"data_set_value_component_main_variable_M2P":0.00000005,"data_set_value_component_main_variable_M2":8.679988813e-16,"data_set_value_component_main_variable_M2T2":5.689780569e-18,"data_set_value_component_main_variable_M2T2star":1.112978402e-16,"data_set_value_component_main_variable_M2C1":1.374297015e-18,"data_set_value_component_main_variable_C1":0.000001,"data_set_value_component_main_variable_C1dmt1":0.0,"data_set_value_component_main_variable_C1dm2":6.771521021e-21,"data_set_value_component_main_variable_T2":0.0000000437,"data_set_value_component_model_parameters_variable_kshed_eff":2800.0,"data_set_value_component_model_parameters_variable_kon_MT1T2":3540000.0,"data_set_value_component_model_parameters_variable_ki_MT1T2":0.0000000049,"data_set_value_component_model_parameters_variable_kon_MT1T2M2P":140000.0,"data_set_value_component_model_parameters_variable_koff_MT1T2M2P":0.0047,"data_set_value_component_model_parameters_variable_kact_eff_m2":2800.0,"data_set_value_component_model_parameters_variable_kon_M2T2":5900000.0,"data_set_value_component_model_parameters_variable_ki_M2T2":0.00000107,"data_set_value_component_model_parameters_variable_kiso_M2T2":33.0,"data_set_value_component_model_parameters_variable_k_iso_M2T2":0.00000002,"data_set_value_component_model_parameters_variable_kon_M2C1":2600.0,"data_set_value_component_model_parameters_variable_koff_M2C1":0.0021,"data_set_value_component_model_parameters_variable_kcat_M2C1":0.0045,"data_set_value_component_model_parameters_variable_kcat_MT1C1":0.00197,"data_set_value_component_model_parameters_variable_km_MT1C1":0.0000029},{"data_set_value_component_environment_variable_time":0.5,"data_set_value_component_main_variable_v1":0.0,"data_set_value_component_main_variable_v2":0.0000000137,"data_set_value_component_main_variable_v3":0.0000000001,"data_set_value_component_main_variable_v4":0.0,"data_set_value_component_main_variable_v5":4.399364237e-16,"data_set_value_component_main_variable_v6":4.373282297e-16,"data_set_value_component_main_variable_v7":5.447468255e-18,"data_set_value_component_main_variable_v8":2.768632873e-20,"data_set_value_component_main_variable_v9":0.0000000001,"data_set_value_component_main_variable_MT1":0.0000000922,"data_set_value_component_main_variable_MT1cat":0.0,"data_set_value_component_main_variable_MT1T2":0.0000000077,"data_set_value_component_main_variable_MT1T2M2P":0.0,"data_set_value_component_main_variable_M2P":0.00000005,"data_set_value_component_main_variable_M2":0.0,"data_set_value_component_main_variable_M2T2":1.325237089e-17,"data_set_value_component_main_variable_M2T2star":4.904593352e-16,"data_set_value_component_main_variable_M2C1":6.152517495e-18,"data_set_value_component_main_variable_C1":0.000001,"data_set_value_component_main_variable_C1dmt1":0.0,"data_set_value_component_main_variable_C1dm2":3.694506694e-20,"data_set_value_component_main_variable_T2":0.0000000423,"data_set_value_component_model_parameters_variable_kshed_eff":2800.0,"data_set_value_component_model_parameters_variable_kon_MT1T2":3540000.0,"data_set_value_component_model_parameters_variable_ki_MT1T2":0.0000000049,"data_set_value_component_model_parameters_variable_kon_MT1T2M2P":140000.0,"data_set_value_component_model_parameters_variable_koff_MT1T2M2P":0.0047,"data_set_value_component_model_parameters_variable_kact_eff_m2":2800.0,"data_set_value_component_model_parameters_variable_kon_M2T2":5900000.0,"data_set_value_component_model_parameters_variable_ki_M2T2":0.00000107,"data_set_value_component_model_parameters_variable_kiso_M2T2":33.0,"data_set_value_component_model_parameters_variable_k_iso_M2T2":0.00000002,"data_set_value_component_model_parameters_variable_kon_M2C1":2600.0,"data_set_value_component_model_parameters_variable_koff_M2C1":0.0021,"data_set_value_component_model_parameters_variable_kcat_M2C1":0.0045,"data_set_value_component_model_parameters_variable_kcat_MT1C1":0.00197,"data_set_value_component_model_parameters_variable_km_MT1C1":0.0000029},{"data_set_value_component_environment_variable_time":0.6,"data_set_value_component_main_variable_v1":0.0,"data_set_value_component_main_variable_v2":0.000000013,"data_set_value_component_main_variable_v3":0.0000000001,"data_set_value_component_main_variable_v4":0.0,"data_set_value_component_main_variable_v5":6.983061002e-16,"data_set_value_component_main_variable_v6":7.146533181e-16,"data_set_value_component_main_variable_v7":8.989536023e-18,"data_set_value_component_main_variable_v8":5.118960298e-20,"data_set_value_component_main_variable_v9":0.0000000001,"data_set_value_component_main_variable_MT1":0.0000000908,"data_set_value_component_main_variable_MT1cat":0.0,"data_set_value_component_main_variable_MT1T2":0.0000000092,"data_set_value_component_main_variable_MT1T2M2P":0.0,"data_set_value_component_main_variable_M2P":0.00000005,"data_set_value_component_main_variable_M2":0.0,"data_set_value_component_main_variable_M2T2":2.16561617e-17,"data_set_value_component_main_variable_M2T2star":9.050033842e-16,"data_set_value_component_main_variable_M2C1":1.137546733e-17,"data_set_value_component_main_variable_C1":0.000001,"data_set_value_component_main_variable_C1dmt1":0.0,"data_set_value_component_main_variable_C1dm2":6.985084166e-20,"data_set_value_component_main_variable_T2":0.0000000408,"data_set_value_component_model_parameters_variable_kshed_eff":2800.0,"data_set_value_component_model_parameters_variable_kon_MT1T2":3540000.0,"data_set_value_component_model_parameters_variable_ki_MT1T2":0.0000000049,"data_set_value_component_model_parameters_variable_kon_MT1T2M2P":140000.0,"data_set_value_component_model_parameters_variable_koff_MT1T2M2P":0.0047,"data_set_value_component_model_parameters_variable_kact_eff_m2":2800.0,"data_set_value_component_model_parameters_variable_kon_M2T2":5900000.0,"data_set_value_component_model_parameters_variable_ki_M2T2":0.00000107,"data_set_value_component_model_parameters_variable_kiso_M2T2":33.0,"data_set_value_component_model_parameters_variable_k_iso_M2T2":0.00000002,"data_set_value_component_model_parameters_variable_kon_M2C1":2600.0,"data_set_value_component_model_parameters_variable_koff_M2C1":0.0021,"data_set_value_component_model_parameters_variable_kcat_M2C1":0.0045,"data_set_value_component_model_parameters_variable_kcat_MT1C1":0.00197,"data_set_value_component_model_parameters_variable_km_MT1C1":0.0000029},{"data_set_value_component_environment_variable_time":0.7,"data_set_value_component_main_variable_v1":0.0,"data_set_value_component_main_variable_v2":0.0000000123,"data_set_value_component_main_variable_v3":0.0000000001,"data_set_value_component_main_variable_v4":0.0,"data_set_value_component_main_variable_v5":9.609359606e-16,"data_set_value_component_main_variable_v6":0.0,"data_set_value_component_main_variable_v7":1.288004963e-17,"data_set_value_component_main_variable_v8":7.669415932e-20,"data_set_value_component_main_variable_v9":0.0000000001,"data_set_value_component_main_variable_MT1":0.0000000894,"data_set_value_component_main_variable_MT1cat":0.0,"data_set_value_component_main_variable_MT1T2":0.0000000105,"data_set_value_component_main_variable_MT1T2M2P":0.0,"data_set_value_component_main_variable_M2P":0.00000005,"data_set_value_component_main_variable_M2":0.0,"data_set_value_component_main_variable_M2T2":3.090115299e-17,"data_set_value_component_main_variable_M2T2star":0.0,"data_set_value_component_main_variable_M2C1":1.704314652e-17,"data_set_value_component_main_variable_C1":0.000001,"data_set_value_component_main_variable_C1dmt1":0.0,"data_set_value_component_main_variable_C1dm2":1.054888452e-19,"data_set_value_component_main_variable_T2":0.0000000394,"data_set_value_component_model_parameters_variable_kshed_eff":2800.0,"data_set_value_component_model_parameters_variable_kon_MT1T2":3540000.0,"data_set_value_component_model_parameters_variable_ki_MT1T2":0.0000000049,"data_set_value_component_model_parameters_variable_kon_MT1T2M2P":140000.0,"data_set_value_component_model_parameters_variable_koff_MT1T2M2P":0.0047,"data_set_value_component_model_parameters_variable_kact_eff_m2":2800.0,"data_set_value_component_model_parameters_variable_kon_M2T2":5900000.0,"data_set_value_component_model_parameters_variable_ki_M2T2":0.00000107,"data_set_value_component_model_parameters_variable_kiso_M2T2":33.0,"data_set_value_component_model_parameters_variable_k_iso_M2T2":0.00000002,"data_set_value_component_model_parameters_variable_kon_M2C1":2600.0,"data_set_value_component_model_parameters_variable_koff_M2C1":0.0021,"data_set_value_component_model_parameters_variable_kcat_M2C1":0.0045,"data_set_value_component_model_parameters_variable_kcat_MT1C1":0.00197,"data_set_value_component_model_parameters_variable_km_MT1C1":0.0000029},{"data_set_value_component_environment_variable_time":0.8,"data_set_value_component_main_variable_v1":0.0,"data_set_value_component_main_variable_v2":0.0000000117,"data_set_value_component_main_variable_v3":0.0000000001,"data_set_value_component_main_variable_v4":0.0,"data_set_value_component_main_variable_v5":0.0,"data_set_value_component_main_variable_v6":0.0,"data_set_value_component_main_variable_v7":1.711900337e-17,"data_set_value_component_main_variable_v8":1.041999978e-19,"data_set_value_component_main_variable_v9":0.0000000001,"data_set_value_component_main_variable_MT1":0.0000000881,"data_set_value_component_main_variable_MT1cat":0.0,"data_set_value_component_main_variable_MT1T2":0.0000000119,"data_set_value_component_main_variable_MT1T2M2P":0.0,"data_set_value_component_main_variable_M2P":0.00000005,"data_set_value_component_main_variable_M2":0.0,"data_set_value_component_main_variable_M2T2":4.098734476e-17,"data_set_value_component_main_variable_M2T2star":0.0,"data_set_value_component_main_variable_M2C1":2.315555506e-17,"data_set_value_component_main_variable_C1":0.0000009999,"data_set_value_component_main_variable_C1dmt1":0.0000000001,"data_set_value_component_main_variable_C1dm2":1.438590775e-19,"data_set_value_component_main_variable_T2":0.0000000381,"data_set_value_component_model_parameters_variable_kshed_eff":2800.0,"data_set_value_component_model_parameters_variable_kon_MT1T2":3540000.0,"data_set_value_component_model_parameters_variable_ki_MT1T2":0.0000000049,"data_set_value_component_model_parameters_variable_kon_MT1T2M2P":140000.0,"data_set_value_component_model_parameters_variable_koff_MT1T2M2P":0.0047,"data_set_value_component_model_parameters_variable_kact_eff_m2":2800.0,"data_set_value_component_model_parameters_variable_kon_M2T2":5900000.0,"data_set_value_component_model_parameters_variable_ki_M2T2":0.00000107,"data_set_value_component_model_parameters_variable_kiso_M2T2":33.0,"data_set_value_component_model_parameters_variable_k_iso_M2T2":0.00000002,"data_set_value_component_model_parameters_variable_kon_M2C1":2600.0,"data_set_value_component_model_parameters_variable_koff_M2C1":0.0021,"data_set_value_component_model_parameters_variable_kcat_M2C1":0.0045,"data_set_value_component_model_parameters_variable_kcat_MT1C1":0.00197,"data_set_value_component_model_parameters_variable_km_MT1C1":0.0000029},{"data_set_value_component_environment_variable_time":0.9,"data_set_value_component_main_variable_v1":0.0,"data_set_value_component_main_variable_v2":0.0000000111,"data_set_value_component_main_variable_v3":0.0000000001,"data_set_value_component_main_variable_v4":0.0,"data_set_value_component_main_variable_v5":0.0,"data_set_value_component_main_variable_v6":0.0,"data_set_value_component_main_variable_v7":2.170639169e-17,"data_set_value_component_main_variable_v8":1.337071183e-19,"data_set_value_component_main_variable_v9":0.0000000001,"data_set_value_component_main_variable_MT1":0.0000000868,"data_set_value_component_main_variable_MT1cat":0.0,"data_set_value_component_main_variable_MT1T2":0.0000000131,"data_set_value_component_main_variable_MT1T2M2P":0.0,"data_set_value_component_main_variable_M2P":0.00000005,"data_set_value_component_main_variable_M2":0.0,"data_set_value_component_main_variable_M2T2":5.191473702e-17,"data_set_value_component_main_variable_M2T2star":0.0,"data_set_value_component_main_variable_M2C1":2.971269295e-17,"data_set_value_component_main_variable_C1":0.0000009999,"data_set_value_component_main_variable_C1dmt1":0.0000000001,"data_set_value_component_main_variable_C1dm2":1.849615386e-19,"data_set_value_component_main_variable_T2":0.0000000368,"data_set_value_component_model_parameters_variable_kshed_eff":2800.0,"data_set_value_component_model_parameters_variable_kon_MT1T2":3540000.0,"data_set_value_component_model_parameters_variable_ki_MT1T2":0.0000000049,"data_set_value_component_model_parameters_variable_kon_MT1T2M2P":140000.0,"data_set_value_component_model_parameters_variable_koff_MT1T2M2P":0.0047,"data_set_value_component_model_parameters_variable_kact_eff_m2":2800.0,"data_set_value_component_model_parameters_variable_kon_M2T2":5900000.0,"data_set_value_component_model_parameters_variable_ki_M2T2":0.00000107,"data_set_value_component_model_parameters_variable_kiso_M2T2":33.0,"data_set_value_component_model_parameters_variable_k_iso_M2T2":0.00000002,"data_set_value_component_model_parameters_variable_kon_M2C1":2600.0,"data_set_value_component_model_parameters_variable_koff_M2C1":0.0021,"data_set_value_component_model_parameters_variable_kcat_M2C1":0.0045,"data_set_value_component_model_parameters_variable_kcat_MT1C1":0.00197,"data_set_value_component_model_parameters_variable_km_MT1C1":0.0000029},{"data_set_value_component_environment_variable_time":1.0,"data_set_value_component_main_variable_v1":0.0,"data_set_value_component_main_variable_v2":0.0000000105,"data_set_value_component_main_variable_v3":0.0000000001,"data_set_value_component_main_variable_v4":0.0,"data_set_value_component_main_variable_v5":0.0,"data_set_value_component_main_variable_v6":0.0,"data_set_value_component_main_variable_v7":2.664220919e-17,"data_set_value_component_main_variable_v8":1.652155209e-19,"data_set_value_component_main_variable_v9":0.0000000001,"data_set_value_component_main_variable_MT1":0.0000000856,"data_set_value_component_main_variable_MT1cat":0.0,"data_set_value_component_main_variable_MT1T2":0.0000000144,"data_set_value_component_main_variable_MT1T2M2P":0.0,"data_set_value_component_main_variable_M2P":0.00000005,"data_set_value_component_main_variable_M2":0.0,"data_set_value_component_main_variable_M2T2":6.368332976e-17,"data_set_value_component_main_variable_M2T2star":0.0,"data_set_value_component_main_variable_M2C1":3.67145602e-17,"data_set_value_component_main_variable_C1":0.0000009999,"data_set_value_component_main_variable_C1dmt1":0.0000000001,"data_set_value_component_main_variable_C1dm2":2.287962285e-19,"data_set_value_component_main_variable_T2":0.0000000356,"data_set_value_component_model_parameters_variable_kshed_eff":2800.0,"data_set_value_component_model_parameters_variable_kon_MT1T2":3540000.0,"data_set_value_component_model_parameters_variable_ki_MT1T2":0.0000000049,"data_set_value_component_model_parameters_variable_kon_MT1T2M2P":140000.0,"data_set_value_component_model_parameters_variable_koff_MT1T2M2P":0.0047,"data_set_value_component_model_parameters_variable_kact_eff_m2":2800.0,"data_set_value_component_model_parameters_variable_kon_M2T2":5900000.0,"data_set_value_component_model_parameters_variable_ki_M2T2":0.00000107,"data_set_value_component_model_parameters_variable_kiso_M2T2":33.0,"data_set_value_component_model_parameters_variable_k_iso_M2T2":0.00000002,"data_set_value_component_model_parameters_variable_kon_M2C1":2600.0,"data_set_value_component_model_parameters_variable_koff_M2C1":0.0021,"data_set_value_component_model_parameters_variable_kcat_M2C1":0.0045,"data_set_value_component_model_parameters_variable_kcat_MT1C1":0.00197,"data_set_value_component_model_parameters_variable_km_MT1C1":0.0000029}]