[{"R_GAM6Pt6_2pp":0.0,"R_GAMAN6Ptex":0.0,"R_GALCTNLt2pp":0.0,"R_GALCTt2rpp":0.0,"R_GAMptspp":0.0,"R_GALCTNLtex":0.0,"R_GAMtex":0.0,"R_GALCTNt2pp":0.0,"R_GALCTNtex":0.0,"R_GAPD":3.2710259869,"R_GALCTtex":0.0,"R_DDGLCNt2rpp":0.0,"R_GALKr":0.0,"R_GARFT":0.1355151024,"R_GALt2pp":0.0,"R_GALtex":0.0,"R_DDGLCNtex":0.0,"R_DDGLK":0.0,"R_GALTtex":0.0,"R_DDPA":0.0292065133,"R_GALURt2rpp":0.0,"R_GART":0.0,"R_GALURtex":0.0,"R_DGK1":0.0,"R_DGMPtex":0.0,"R_DGSNt2pp":0.0,"R_GBBTNtex":0.0,"R_DGSNtex":0.0,"R_DHAD1":0.3374344736,"R_DHAD2":0.1105877687,"R_DHAtex":0.0,"R_DHAtpp":0.0,"R_GDPDPK":0.0,"R_GDPtex":0.0,"R_EX_cys__L_e":-1.0,"R_GF6PTA":0.0034027006,"R_EX_cytd_e":0.0,"R_GHMT2r":-0.6309338978,"R_EX_dad_2_e":0.0,"R_GK1":0.0789454889,"R_EX_ala__D_e":0.0,"R_EX_damp_e":0.0,"R_GLBRAN2":0.0,"R_EX_15dap_e":0.0,"R_EX_dca_e":0.0,"R_GLCabcpp":0.0,"R_EX_dcmp_e":0.0,"R_EX_dcyt_e":0.0,"R_EX_ddca_e":0.0,"R_GLCNt2rpp":0.0,"R_EX_2ddglcn_e":0.0,"R_GLCNtex":0.0,"R_EX_dgmp_e":0.0,"R_EX_dgsn_e":0.0,"R_GLCP":0.0,"R_EX_dha_e":0.0,"R_GLCP2":0.0,"R_EX_dimp_e":0.0,"R_EX_din_e":0.0,"R_GLCptspp":2.0,"R_GLCRt2rpp":0.0,"R_GLCRtex":0.0,"R_GLCS1":0.0436679907,"R_GLCt2pp":0.0,"R_GLCtex_copy1":0.0,"R_GLCtex_copy2":2.0,"R_GLCUR1Ptex":0.0,"R_EX_lac__D_e":0.0,"R_GLCURt2rpp":0.0,"R_GLCURtex":0.0,"R_GLDBRAN2":0.0,"R_GLGC":0.0436679907,"R_GLNabcpp":0.0,"R_EX_cys__D_e":0.0,"R_12PPDRtex":0.0,"R_EX_dmso_e":0.0,"R_EX_dms_e":0.0,"R_EX_dopa_e":0.0,"R_12PPDRtpp":0.0,"R_12PPDStex":0.0,"R_12PPDStpp":0.0,"R_14GLUCANabcpp":0.0,"R_14GLUCANtexi":0.0,"R_23CAMPtex":0.0,"R_5DGLCNtex":0.0,"R_2AGPG180tipp":0.0,"R_23CCMPtex":0.0,"R_2AGPG181tipp":0.0,"R_2AGPGAT120":0.0,"R_5DOAN":0.0,"R_2AGPGAT140":0.0,"R_2AGPGAT141":0.0,"R_AACPS1":0.0047637808,"R_23CGMPtex":0.0,"R_AACPS2":0.0,"R_2AGPGAT160":0.0,"R_2AGPGAT161":0.0,"R_AACPS3":0.0138943607,"R_AACPS4":0.0,"R_AACPS5":0.0,"R_AACPS6":0.0,"R_2AGPGAT180":0.0,"R_2AGPGAT181":0.0,"R_AACPS7":0.0045369341,"R_23CUMPtex":0.0,"R_AACPS8":0.0,"R_AACPS9":0.0,"R_23DAPPAt2pp":0.0,"R_AADDGT":0.0,"R_2DGLCNRx":0.0,"R_AAMYLpp":0.0,"R_2DGLCNRy":0.0,"R_ABTA":0.0,"R_23DAPPAtex":0.0,"R_ABUTt2pp":0.0,"R_ABUTtex":0.0,"R_ACACt2pp":0.0,"R_2DGULRx":0.0,"R_2DGULRy":0.0,"R_23PDE2pp":0.0,"R_34dhpactex":0.0,"R_3AMPtex":0.0,"R_ACACtex":0.0,"R_ACALD":-0.2100460127,"R_ACALDtex":0.0,"R_3CMPtex":0.0,"R_3GMPtex":0.0,"R_ACALDtpp":0.0,"R_23PDE4pp":0.0,"R_ACCOAC":0.2352513754,"R_ACGAL1Ptex":0.0,"R_ACGALtex":0.0,"R_ACGAM1Ptex":0.0,"R_ACGAMK":0.0,"R_3HAD100":0.0336527087,"R_3HAD120":0.0,"R_3HAD121":0.0336527087,"R_3HAD140":0.0,"R_3HAD141":0.0336527087,"R_3HAD160":0.0,"R_ACGAMT":0.0,"R_ACGAptspp":0.0,"R_23PDE7pp":0.0,"R_ACGAtex":0.0,"R_ACGK":0.1735377293,"R_ACGS":0.1735377293,"R_3HAD161":0.0243519938,"R_3HAD180":0.0,"R_3HAD181":0.0044461954,"R_3HAD40":0.0336527087,"R_ACHBS":0.1105877687,"R_ACKr":-9.3714848493,"R_3HAD60":0.0336527087,"R_ACLS":0.3374344736,"R_23PDE9pp":0.0,"R_3HAD80":0.0336527087,"R_3KGK_copy1":0.0,"R_ACMAMUT":0.0,"R_26DAHtex":0.0,"R_ACMANAptspp":0.0,"R_3KGK_copy2":0.0,"R_ACMANAtex":0.0,"R_ACMUMtex":0.0,"R_ACNAMt2pp":0.0,"R_3NTD4pp":0.0,"R_3NTD7pp":0.0,"R_3NTD9pp":0.0,"R_3OAR100":0.0336527087,"R_ACNAMtex":0.0,"R_ACNML":0.0,"R_ACOAD1f":0.0,"R_3OAR120":0.0,"R_2AGPA120tipp":0.0,"R_3OAR121":0.0336527087,"R_3OAR140":0.0045369341,"R_3OAR141":0.0336527087,"R_ACOAD2f":0.0,"R_ACOAD3f":0.0,"R_ACOAD4f":0.0,"R_3OAR160":0.0,"R_2AGPA140tipp":0.0,"R_3OAR161":0.0243519938,"R_ACOAD5f":0.0,"R_ACOAD6f":-0.0047637808,"R_ACOAD7f":-0.0138943607,"R_3OAR180":0.0,"R_2AGPA141tipp":0.0,"R_3OAR181":0.0044461954,"R_3OAR40":0.0336527087,"R_ACOAD8f":0.0,"R_ACOATA":0.0,"R_ACODA":0.0827990473,"R_3OAR60":0.0336527087,"R_2AGPA160tipp":0.0,"R_3OAR80":0.0336527087,"R_3OAS100":0.0336527087,"R_3OAS120":0.0,"R_3OAS121":0.0336527087,"R_3OAS140":0.0045369341,"R_3OAS141":0.0336527087,"R_3OAS160":0.0,"R_3OAS161":0.0243519938,"R_3OAS180":0.0,"R_3OAS181":0.0044461954,"R_3OAS60":0.0336527087,"R_3OAS80":0.0336527087,"R_3PEPTabcpp":0.0,"R_3PEPTtex":0.0,"R_3UMPtex":0.0,"R_4HOXPACDtex":0.0,"R_4HTHRS":0.0,"R_ACOLIPAtex":0.0,"R_ACONMT":0.0,"R_ACONTa":7.1975019156,"R_ACONTb":7.1975019156,"R_ACOTA":-0.0827990473,"R_ACPS1":0.0,"R_ACS":0.0,"R_ACSERtex":0.0,"R_ACSERtpp":0.0,"R_ACt4pp":0.0,"R_ACtex":-9.5472910457,"R_ADCL":0.0141779191,"R_ADCS":0.0141779191,"R_ADEt2rpp":0.0,"R_ADEtex":0.0,"R_ADK3":-0.1695421082,"R_ADK4":0.0,"R_ADMDC":0.0019849087,"R_ADNCYC":0.0,"R_ADNK1":0.0019849087,"R_ADNt2pp":0.0,"R_ADNtex":0.0,"R_ADOCBLabcpp":0.0,"R_4PEPTabcpp":0.0,"R_4PEPTtex":0.0,"R_5DGLCNR":0.0,"R_5DGLCNt2rpp":0.0,"R_EX_ser__D_e":0.0,"R_AMALT2":0.0,"R_AMALT3":0.0,"R_AMALT4":0.0,"R_AMANAPEr":0.0,"R_ADOCBLtonex":0.0,"R_ADPRDP":0.0,"R_ADPT":0.0,"R_ADSK":0.0,"R_AMANK":0.0,"R_2AGPA161tipp":0.0,"R_AMAOTr":0.0,"R_AMMQLT8":0.0,"R_AMPMS2":0.0,"R_AMPN":0.0,"R_AMPTASECG":0.0,"R_AMPTASEPG":0.0,"R_ADSL1r":0.0905966192,"R_ADSL2r":0.1355151024,"R_ADSS":0.0905966192,"R_AGDC":0.0,"R_AGM3PA":0.0,"R_AGM3PApp":0.0,"R_AGM3PH":0.0,"R_AGM3Pt2pp":0.0,"R_AGM4PA":0.0,"R_AGM4PApp":0.0,"R_AGM4PH":0.0,"R_AGM4Pt2pp":0.0,"R_AMPtex":0.0,"R_ANHGMtex":0.0,"R_ANHMK":0.0,"R_ANPRT":0.0150285942,"R_ANS":0.0150285942,"R_AOXSr":0.0,"R_AP4AH":0.0,"R_AGMH":0.0,"R_AGMHE":0.0034027006,"R_AGMt2pp":0.0,"R_AGMtex":0.0,"R_AP5AH":0.0,"R_2AGPA180tipp":0.0,"R_APRAUR":0.0000028356,"R_ARAI":0.0,"R_ARBabcpp":0.0,"R_AGPAT120":0.0,"R_AGPAT140":0.0023818904,"R_AGPAT141":0.0046503575,"R_ARBtex":0.0,"R_2AGPA181tipp":0.0,"R_ARGabcpp":0.0,"R_AGPAT160":0.0069471803,"R_AGPAT161":0.0099528992,"R_AGPAT180":0.0,"R_ARGAGMt7pp":0.0,"R_ARGDCpp":0.0,"R_AGPAT181":0.0022230977,"R_2AGPE120tipp":0.0,"R_AGPR":-0.1735377293,"R_AHCYSNS":0.0,"R_AICART":0.1695421082,"R_AIRC2":0.1355151024,"R_AIRC3":-0.1355151024,"R_ARGORNt7pp":0.0,"R_ARGSL":0.0708895953,"R_ARGSS":0.0708895953,"R_ARGt3pp":0.0,"R_ARGtex":0.0,"R_ARGTRS":0.0,"R_ASAD":0.0,"R_AKGDH":0.0000008507,"R_AKGt2rpp":0.0,"R_AKGtex":0.0,"R_ALAALAabcpp":0.0,"R_ASCBptspp":0.0,"R_ASCBtex":0.0,"R_ALAALAr":0.0,"R_2AGPE140tipp":0.0,"R_ALAALAtex":0.0,"R_ALAR":0.0,"R_ALAt2pp":0.0,"R_ASNNpp":0.0,"R_ASNS1":0.0,"R_ASNS2":0.0737251791,"R_ASNt2rpp":0.0,"R_ALATA_D2":0.0,"R_ASNtex":0.0,"R_ALATA_L2":0.0,"R_ASNTRS":0.0,"R_2AGPE141tipp":0.0,"R_ASO3t8pp":0.0,"R_ASO3tex":0.0,"R_ASP1DC":0.0,"R_ASPabcpp":0.0,"R_ASPCT":0.0893492459,"R_ASPK":0.0,"R_ALAtex":0.0,"R_ALATRS":0.0,"R_ALCD19":0.0,"R_ALCD2x":0.0,"R_ALLabcpp":0.0,"R_ALLPI":0.0,"R_ALLTAMH":0.0,"R_ASPO3":0.0007741144,"R_ASPO4":0.0,"R_ASPO5":0.0,"R_ALLtex":0.0,"R_ASPO6":0.0,"R_ALLTNt2rpp":0.0,"R_2AGPE160tipp":0.0,"R_ALLTNtex":0.0,"R_ALPATE160pp":0.0,"R_ALPATG160pp":0.0,"R_ASPT":0.0,"R_ASPt2_2pp":0.0,"R_ASPt2_3pp":0.0,"R_ASPt2pp":0.0,"R_ALR2":0.0,"R_ALTRH":0.0,"R_AM3PA":0.0,"R_ASPTA":-0.5515885384,"R_AM4PA":0.0,"R_2AGPE161tipp":0.0,"R_AMALT1":0.0,"R_ASPtex":0.0,"R_ASPTRS":0.0,"R_ASR":0.0,"R_AST":0.0,"R_2AGPE180tipp":0.0,"R_ATPPRT":0.0340270057,"R_COLIPAabcpp":0.0,"R_ATPS4rpp":13.57236173,"R_BALAt2pp":0.0,"R_COLIPAtex":0.0,"R_2AGPE181tipp":0.0,"R_CPGNabcpp":0.0,"R_BALAtex":0.0,"R_BETALDHx":0.0,"R_2AGPEAT120":0.0,"R_BETALDHy":0.0,"R_BSORx":0.0,"R_CPGNtonex":0.0,"R_CPPPGO":0.0,"R_BSORy":0.0,"R_BTS4":0.0,"R_CPPPGO2":0.0,"R_2AGPEAT140":0.0,"R_CRNabcpp":0.0,"R_CRNDabcpp":0.0,"R_CRNDt2rpp":0.0,"R_CRNt2rpp":0.0,"R_BUTSO3abcpp":0.0,"R_BUTSO3tex":0.0,"R_BUTt2rpp":0.0,"R_BUTtex":0.0,"R_CRNtex":0.0,"R_CS":0.0,"R_CSND":0.0,"R_CSNt2pp":0.0,"R_CA2t3pp":0.0,"R_CA2tex":0.0,"R_CAT":0.0,"R_CSNtex":0.0,"R_CAt6pp":0.0,"R_CTBTabcpp":0.0,"R_2AGPEAT141":0.0,"R_CTBTt2rpp":0.0,"R_CTPS2":0.0512246798,"R_CU1abcpp":0.0,"R_CBIAT":0.0,"R_CBItonex":0.0,"R_CBIuabcpp":0.0,"R_CBL1abcpp":0.0,"R_CBL1tonex":0.0,"R_CU2abcpp":0.0,"R_CU2tex":0.0,"R_2AGPEAT160":0.0,"R_CUtex":0.0,"R_CYANST":0.0,"R_CBLAT":0.0,"R_CBPS":0.1602388412,"R_CD2abcpp":0.0,"R_CYANtex":0.0,"R_CYNTt2pp":0.0,"R_2AGPEAT161":0.0,"R_CYNTtex":0.0,"R_CYSabc2pp":0.0,"R_CD2t3pp":0.0,"R_CD2tex":0.0,"R_CDAPPA120":0.0,"R_CDAPPA140":0.0,"R_CDAPPA141":0.0,"R_CDAPPA160":0.0,"R_CDAPPA161":0.0,"R_CDAPPA180":0.0,"R_CYSabcpp":1.0,"R_CYSDabcpp":0.0,"R_CYSDDS":0.0,"R_CYSDS":0.9792835082,"R_CYSDtex":0.0,"R_CYSS":0.0,"R_CYSSADS":0.0,"R_CDAPPA181":0.0,"R_CDPMEK":0.0,"R_CFAS160E":0.0,"R_CYStex":1.0,"R_CYStpp":0.0,"R_CFAS160G":0.0,"R_2AGPEAT180":0.0,"R_CFAS180E":0.0,"R_CFAS180G":0.0,"R_CYSTRS":0.0,"R_CYTBD2pp":0.0,"R_CYTBDpp":28.3871853587,"R_CYTBO3_4pp":0.0,"R_CGLYabcpp":0.0,"R_CGLYtex":0.0,"R_2AGPEAT181":0.0,"R_CHLt2pp":0.0,"R_CHLtex":0.0,"R_CYTD":0.0,"R_CYTDK2":0.0,"R_CYTDt2pp_copy1":0.0,"R_CYTDt2pp_copy2":0.0,"R_CYTDtex":0.0,"R_CYTK1":0.0237902646,"R_DAAD":0.0,"R_CHORM":0.0,"R_CHORS":0.0292065133,"R_CHRPL":0.0,"R_CITt7pp":7.1975019156,"R_CITtex":7.1975019156,"R_CLPNS120pp":0.0,"R_CLPNS140pp":0.0002438602,"R_CLPNS141pp":0.0,"R_DADK_copy1":0.0,"R_DADNt2pp":0.0,"R_DADNtex":0.0,"R_CLPNS160pp":0.000708896,"R_DAGK120":0.0,"R_2AGPG120tipp":0.0,"R_DAGK140":0.0,"R_DAGK141":0.0,"R_CLPNS161pp":0.0003119142,"R_CLPNS180pp":0.0,"R_CLPNS181pp":0.0002296823,"R_DAGK160":0.0,"R_DAGK161":0.0,"R_2AGPG140tipp":0.0,"R_DAGK180":0.0,"R_CLt3_2pp":0.0,"R_CLtex":0.0,"R_CMPtex":0.0,"R_DAGK181":0.0,"R_DALAt2pp":0.0,"R_2AGPG141tipp":0.0,"R_DALAtex":0.0,"R_DAMPtex":0.0,"R_DAPDC":0.0,"R_DAPE":0.0,"R_DAPtex":0.0,"R_DB4PS":0.0000056712,"R_CO2tex":-20.405006938,"R_CO2tpp":-15.5048895271,"R_COBALT2abcpp":0.0,"R_COBALT2t3pp":0.0,"R_COBALT2tex":0.0,"R_COBALT2tpp":0.0,"R_DCAtex":0.0,"R_2AGPG160tipp":0.0,"R_DCMPtex":0.0,"R_DCTPD":0.0,"R_DCYTD":0.0082939409,"R_DHDPRy":0.0,"R_DHDPS":0.0,"R_DHFR":0.0211818111,"R_DCYTt2pp":0.0,"R_2AGPG161tipp":0.0,"R_DCYTtex":0.0,"R_DDCAtexi":0.0,"R_DHFS":0.0141779191,"R_DHNAOT4":0.0,"R_DHNPA2r":0.0141779191,"R_FEENTERtonex":0.0,"R_DHORD2":0.0893492459,"R_DHORD5":0.0,"R_DHORTS":-0.0893492459,"R_DHPPDA2":0.0000028356,"R_DHPS2":0.0141779191,"R_DHQS":0.0292065133,"R_DIMPtex":0.0,"R_DINSt2pp":0.0,"R_DINStex":0.0,"R_DKGLCNR1":0.0,"R_ENO":3.2710259869,"R_ETHAt2pp":0.0,"R_ETHAtex":0.0,"R_ETHSO3abcpp":0.0,"R_ETHSO3tex":0.0,"R_ETOHt2rpp":0.0,"R_ETOHtex":0.0,"R_F6PA":0.0,"R_F6Ptex":0.0,"R_FA100ACPHi":0.0,"R_DKGLCNR2x":0.0,"R_DKGLCNR2y":0.0,"R_D_LACt2pp":0.0,"R_D_LACtex":0.0,"R_DMATT":0.0,"R_FA120ACPHi":0.0,"R_FA140ACPHi":0.0,"R_FA141ACPHi":0.0,"R_DMPPS":0.0,"R_FEOXAMtonex":0.0,"R_DMQMT":0.0,"R_DMSOR1":0.0,"R_DMSOR1pp":0.0,"R_FA160ACPHi":0.0,"R_FA161ACPHi":0.0,"R_FA80ACPHi":0.0,"R_FACOAE100":0.0,"R_DMSOR2":0.0,"R_FACOAE120":0.0045369341,"R_FLDR":0.0142062749,"R_FACOAE140":0.0047637808,"R_FACOAE141":0.0,"R_FACOAE160":0.0138943607,"R_FACOAE161":0.0,"R_FACOAE180":0.0,"R_FACOAE181":0.0,"R_DMSOtex":0.0,"R_DMStex":0.0,"R_DNTPPA":0.0141779191,"R_DOPAtex":0.0,"R_DPCOAK":0.0000167299,"R_DPR":0.0,"R_DRPA":0.0082939409,"R_DSBAO1":0.0,"R_DSBAO2":0.0,"R_DSBCGT":0.0,"R_FACOAE60":0.0,"R_FACOAE80":0.0,"R_FACOAL100t2pp":0.0,"R_FACOAL120t2pp":0.0,"R_FACOAL140t2pp":0.0,"R_DSBDR":0.0,"R_DSERt2pp":0.0,"R_FACOAL141t2pp":0.0093007149,"R_DSERtex":0.0,"R_FLVR":0.0,"R_DTMPK":0.007003892,"R_DTMPtex":0.0,"R_DUMPtex":0.0,"R_FACOAL160t2pp":0.0,"R_FACOAL161t2pp":0.0138943607,"R_FACOAL180t2pp":0.0,"R_FACOAL181t2pp":0.0,"R_FACOAL60t2pp":0.0,"R_FACOAL80t2pp":0.0,"R_DURIK1":0.0,"R_DURIPP":0.0082939409,"R_DURIt2pp":0.0,"R_DURItex":0.0,"R_DUTPDP":0.0,"R_DXPRIi":0.0,"R_DXPS":0.0,"R_FADRx":0.0,"R_FALDH2":0.0,"R_FALDtex":0.0,"R_FALDtpp":0.0,"R_DXYLK":0.0,"R_E4PD":0.0,"R_FBA":1.6546234814,"R_FLVRx":0.0,"R_FBP":0.0,"R_FCLT":0.0,"R_ECAP1pp":0.0,"R_ECAP2pp":0.0,"R_ECAP3pp":0.0,"R_ECAtpp":0.0,"R_FDH4pp":4.9001174109,"R_ECOAH1":0.0,"R_FDH5pp":0.0,"R_ECOAH2":0.0,"R_FDMO":0.0,"R_FMETTRS":0.0,"R_FDMO2":0.0,"R_ECOAH3":0.0,"R_ECOAH4":0.0,"R_FDMO3":0.0,"R_FDMO4":0.0,"R_FDMO6":0.0,"R_FE2abcpp":0.0,"R_ECOAH5":0.0,"R_ECOAH6":-0.0045369341,"R_ECOAH7":0.0,"R_ECOAH8":0.0,"R_EDA":0.0,"R_EDD":0.0,"R_FE2t2pp":0.0,"R_FE2t3pp":0.0,"R_FMNAT":0.0000028356,"R_FE2tex":0.0,"R_FE2tpp":0.0,"R_FE3DCITabcpp":0.0,"R_GLNS":0.7046361973,"R_FMNRx":0.0,"R_GLNtex":0.0,"R_GLNTRS":0.0,"R_FE3DCITtonex":0.0,"R_FE3DHBZSabcpp":0.0,"R_FE3DHBZStonex":0.0,"R_GLU5K":0.0,"R_FE3HOXabcpp":0.0,"R_FMNRx2":0.0,"R_FE3HOXtonex":0.0,"R_FE3Ri":0.0,"R_GLUabcpp":0.0,"R_GLUCYS":0.0,"R_GLUDy":-1.7345941048,"R_FORt2pp":0.0,"R_GLUN":0.0,"R_GLUNpp":0.0,"R_GLUPRT":0.1355151024,"R_GLUR":0.0,"R_GLUSy":0.0,"R_GLUt2rpp":0.0,"R_FE3tex":0.0,"R_FECRMabcpp":0.0,"R_FECRMtonex":0.0,"R_FEENTERabcpp":0.0,"R_GTPDPDP":0.0,"R_GLUt4pp":0.0,"R_GLUtex":0.0,"R_GTPDPK":0.0,"R_FORtex":-12.1929270674,"R_GTPtex":0.0,"R_GUAPRT":0.0,"R_GLUTRR":0.0,"R_GLUTRS":0.0,"R_GLYALDtex":0.0,"R_GUI1":0.0,"R_GLYALDtpp":0.0,"R_FORtppi":17.0930444783,"R_GLYAT":0.0,"R_GLYBabcpp":0.0,"R_GUI2":0.0,"R_H2O2tex":0.0,"R_H2Otex":-7.4765115833,"R_GLYBt2pp":0.0,"R_FRD2":0.0,"R_GLYBtex":0.0,"R_H2Otpp":-7.5025252292,"R_H2St1pp":0.9792835082,"R_GLYC2Ptex":0.0,"R_FRD3":0.0,"R_GLYC3Pabcpp":0.0,"R_GLYC3Ptex":-0.0046503575,"R_GLYCAt2rpp":0.0,"R_GLYCAtex":0.0,"R_H2Stex":-0.9792835082,"R_H2tex":0.0,"R_H2tpp":0.0,"R_HACD1i":0.0,"R_HACD2i":0.0,"R_HACD3i":0.0,"R_GLYCK2":0.0,"R_GLYCL":0.9571729194,"R_GLYCLTDx":0.0,"R_HACD4i":0.0,"R_FRUK":0.0,"R_HACD5i":0.0,"R_HACD6i":0.0045369341,"R_HACD7i":0.0,"R_GLYCLTDy":0.0,"R_GLYCLTt4pp":0.0,"R_GLYCLTtex":0.0,"R_GLYCtex":0.0,"R_GLYCtpp":-0.0014943527,"R_GLYK":0.0014943527,"R_HACD8i":0.0,"R_GLYt2pp":2.2,"R_FRULYStex":0.0,"R_GLYtex":2.2,"R_GLYTRS":0.0,"R_GMHEPAT":0.0045369341,"R_HBZOPT":0.0,"R_HCINNMt2rpp":0.0,"R_HCINNMtex":0.0,"R_HCO3E":0.531005319,"R_HDCAtexi":0.0,"R_HDCEAtexi":0.0,"R_GMHEPK":0.0045369341,"R_GMHEPPA":0.0045369341,"R_GMPR":0.0,"R_GMPS2":0.0789454889,"R_GMPtex":0.0,"R_GND":0.2671144054,"R_CTECOAI7":0.0138943607,"R_GNK":0.0,"R_FRUpts2pp":0.0,"R_GP4GH":0.0,"R_GPDDA1":0.0,"R_GPDDA2":0.0,"R_HEMEOS":0.0,"R_HEX1":0.0,"R_HEX7":0.0,"R_GPDDA3":0.0,"R_FRUptspp":0.0,"R_GPDDA4":0.0,"R_GPDDA5":0.0,"R_HG2abcpp":0.0,"R_GRTT":0.0,"R_HG2tex":0.0,"R_FRUtex":0.0,"R_HISabcpp":0.0,"R_HISTD":0.0340270057,"R_GRXR":0.0225002158,"R_GSNK":0.0,"R_GSNt2pp":0.0,"R_HIStex":0.0,"R_FRUURt2rpp":0.0,"R_HISTP":0.0340270057,"R_HISTRS":0.0,"R_HMBS":0.0,"R_HMPK1":0.0,"R_HOMt2pp":0.0,"R_GSNtex":0.0,"R_GTHOr":0.0225002158,"R_GTHOXtex":0.0,"R_GTHRDabc2pp":0.0,"R_GTHRDtex":0.0,"R_GTHS":0.0,"R_GTPCI":0.0141779191,"R_GTPCII2":0.0000028356,"R_EX_dtmp_e":0.0,"R_HOMtex":0.0,"R_HPPK2":0.0141779191,"R_HPPPNt2rpp":0.0,"R_FRUURtex":0.0,"R_HPPPNtex":0.0,"R_HPYRI":0.0,"R_HPYRRx":0.0,"R_HPYRRy":0.0,"R_ILEtex":0.0,"R_FUCtex":0.0,"R_ILETRS":0.0,"R_IMPC":-0.1695421082,"R_IMPD":0.0789454889,"R_HSDy":0.0,"R_HSK":0.0,"R_HSST":0.0,"R_HSTPT":0.0340270057,"R_IMPtex":0.0,"R_INDOLEt2pp":0.0,"R_Htex":0.0,"R_FUCtpp":0.0,"R_HXAtex":0.0,"R_HXPRT":0.0,"R_HYXNtex":0.0,"R_HYXNtpp":0.0,"R_ICDHyr":0.3533145937,"R_ICHORS":0.0,"R_INDOLEtex":0.0,"R_INSK":0.0,"R_INSTtex":0.0,"R_IPDPS":0.0,"R_IPMD":0.195655283,"R_IPPMIa":-0.195655283,"R_IPPMIb":-0.195655283,"R_IPPS":0.195655283,"R_ICL":6.844187322,"R_IDONt2rpp":0.0,"R_IDONtex":0.0,"R_IG3PS":0.0340270057,"R_IGPDH":0.0340270057,"R_ISETACabcpp":0.0,"R_ISETACtex":0.0,"R_FUM":7.1423228725,"R_Kabcpp":0.0,"R_KARA1":-0.3374344736,"R_IGPS":0.0150285942,"R_ILEabcpp":0.0,"R_ILEt2rpp":0.0,"R_KARA2":0.1105877687,"R_ILETA":-0.1105877687,"R_FUMt2_2pp":7.1975019156,"R_KAS14":0.0,"R_FUMt2_3pp":0.0,"R_KAS15":0.0336527087,"R_FUMtex":0.0,"R_KAT1":0.0,"R_LPLIPAL1E180pp":0.0,"R_LPLIPAL1E181pp":0.0,"R_LPLIPAL1G120pp":0.0,"R_ACACT11":0.0,"R_G1PACT":0.0034027006,"R_ACACT8":0.0,"R_ACACT13":0.0,"R_ACACT10":0.0,"R_ACACT9":0.0045369341,"R_LPLIPAL1G140pp":0.0,"R_LPLIPAL1G141pp":0.0,"R_LPLIPAL1G160pp":0.0,"R_LPLIPAL1G161pp":0.0069471803,"R_LPLIPAL1G180pp":0.0,"R_LPLIPAL1G181pp":0.0,"R_ACACT12":0.0,"R_ACACT8r":0.0,"R_LPLIPAL2A120":0.0,"R_KDOCT2":0.002268467,"R_G1Ptex":0.0,"R_KDOPP":0.002268467,"R_KDOPS":0.002268467,"R_LPLIPAL2A140":0.0,"R_LPLIPAL2A141":0.0,"R_LPLIPAL2A160":0.0,"R_Kt2pp":0.0,"R_Kt3pp":0.0,"R_LPLIPAL2A161":0.0,"R_G1PTT":0.0,"R_LPLIPAL2A180":0.0,"R_Ktex":0.0,"R_LA4NTpp":0.0,"R_LACZpp":0.0,"R_LALGP":0.0,"R_LCTStex":0.0,"R_LCTStpp":0.0,"R_LPLIPAL2A181":0.0,"R_LPLIPAL2ATE120":0.0,"R_LPLIPAL2ATE140":0.0,"R_LPLIPAL2ATE141":0.0,"R_LPLIPAL2ATE160":0.0,"R_LPLIPAL2ATE161":0.0,"R_LDH_D":-16.537445113,"R_LDH_D2":16.537445113,"R_LPLIPAL2ATE180":0.0,"R_LEUabcpp":0.0,"R_LPLIPAL2ATE181":0.0,"R_LEUt2rpp":0.0,"R_G1SAT":0.0,"R_LEUTAi":0.195655283,"R_LPLIPAL2ATG120":0.0,"R_LPLIPAL2ATG140":0.0,"R_LEUtex":0.0,"R_LPLIPAL2ATG141":0.0,"R_G3PAT120":0.0,"R_LPLIPAL2ATG160":0.0,"R_LEUTRS":0.0,"R_LGTHL":0.0,"R_LPLIPAL2ATG161":0.0,"R_L_LACD2":0.0,"R_G3PAT140":0.0023818904,"R_L_LACD3":0.0,"R_L_LACtex":0.0,"R_LPADSS":0.0011342335,"R_LPLIPAL1A120pp":0.0,"R_LPLIPAL1A140pp":0.0,"R_LPLIPAL1A141pp":0.0046503575,"R_LPLIPAL1A160pp":0.0,"R_LPLIPAL2ATG180":0.0,"R_LPLIPAL2ATG181":0.0,"R_LPLIPAL2E120":0.0,"R_LPLIPAL2E140":0.0,"R_LPLIPAL2E141":0.0,"R_LPLIPAL2E160":0.0,"R_LPLIPAL2E161":0.0,"R_LPLIPAL2E180":0.0,"R_LPLIPAL2E181":0.0,"R_LPLIPAL1A161pp":0.0,"R_LPLIPAL1A180pp":0.0,"R_LPLIPAL1A181pp":0.0,"R_LPLIPAL1E120pp":0.0,"R_LPLIPAL2G120":0.0,"R_LPLIPAL2G140":0.0,"R_LPLIPAL1E140pp":0.0,"R_G3PAT141":0.0046503575,"R_LPLIPAL1E141pp":0.0,"R_LPLIPAL1E160pp":0.0,"R_LPLIPAL2G141":0.0,"R_LPLIPAL2G160":0.0,"R_LPLIPAL2G161":0.0,"R_LPLIPAL1E161pp":0.0,"R_G3PAT160":0.0069471803,"R_MALTTRabcpp":0.0,"R_LPLIPAL2G180":0.0,"R_LPLIPAL2G181":0.0,"R_LYSabcpp":0.0708895953,"R_LYSt3pp":0.0,"R_LYStex":0.0708895953,"R_MALTTRtexi":0.0,"R_MALTTTRabcpp":0.0,"R_MALTTTRtexi":0.0,"R_LYSTRS":0.0,"R_LYXI":0.0,"R_G3PAT161":0.0099528992,"R_LYXt2pp":0.0,"R_LYXtex":0.0,"R_MAN1PT2":0.0,"R_MAN6PI":0.0,"R_MAN6Pt6_2pp":0.0,"R_M1PD":0.0,"R_MACPD":0.0,"R_MAN6Ptex":0.0,"R_MALDDH":0.0,"R_G3PAT180":0.0,"R_MALDt2_2pp":0.0,"R_MALDtex":0.0,"R_MANGLYCptspp":0.0,"R_MANGLYCtex":0.0,"R_MANptspp":0.0,"R_MALS":6.858365241,"R_MALt2_2pp":0.0,"R_MANtex":0.0,"R_MALt2_3pp":0.0,"R_G3PAT181":0.0022230977,"R_MALTabcpp":0.0,"R_MALtex":0.0,"R_MALTHXabcpp":0.0,"R_MALTHXtexi":0.0,"R_MCOATA":0.2352513754,"R_MCPST":0.0,"R_MCTP1App":0.0,"R_MCTP1Bpp":0.0,"R_MCTP2App":0.0,"R_MDDCP1pp":0.0,"R_MDDCP2pp":0.0,"R_MALTPTabcpp":0.0,"R_MALTptspp":0.0,"R_MALTPTtexi":0.0,"R_MDDCP3pp":0.0,"R_MALTtexi":0.0,"R_MDDCP4pp":0.0,"R_G3PCabcpp":0.0,"R_MDDCP5pp":0.0,"R_MDDEP1pp":0.0,"R_G3PCtex":0.0,"R_MDDEP2pp":0.0,"R_MDDEP3pp":0.0,"R_G3PD2":-0.0360998175,"R_MDDEP4pp":0.0,"R_NI2t3pp":0.0,"R_MDH":0.0,"R_G3PD5":0.0,"R_ME1":0.0,"R_ME2":14.0006881135,"R_MLTGY4pp":0.0,"R_MMETt2pp":0.0,"R_MMETtex":0.0,"R_MN2t3pp":0.0,"R_MNLptspp":0.0,"R_MECDPDH2":0.0,"R_MECDPS":0.0,"R_MELIBt2pp":0.0,"R_MELIBtex":0.0,"R_MEPCT":0.0,"R_MNLtex":0.0,"R_MNNH":0.0,"R_MNt2pp":0.0,"R_METabcpp":0.0396981734,"R_G3PD6":0.0,"R_METAT":0.0019849087,"R_METDabcpp":0.0,"R_MNtex":0.0,"R_MOAT":0.0011342335,"R_MOAT2":0.0011342335,"R_METDtex":0.0,"R_METS":0.0,"R_G3PD7":0.0,"R_METSOX1abcpp":0.0,"R_METSOX1tex":0.0,"R_METSOX2abcpp":0.0,"R_MOBDabcpp":0.0,"R_MOBDtex":0.0,"R_MOHMT":0.0,"R_METSOX2tex":0.0,"R_MPTG":0.0,"R_G3PEabcpp":0.0,"R_MPTG2":0.0,"R_MSO3abcpp":0.0,"R_MSO3tex":0.0,"R_MTAN":0.0019849087,"R_MTHFC":0.3050572106,"R_METSOXR1":0.0,"R_METSOXR2":0.0,"R_METtex":0.0396981734,"R_METTRS":0.0,"R_MG2tex":0.0,"R_MG2tpp":0.0,"R_MG2uabcpp":0.0,"R_MGSA":0.0,"R_MTHFD":0.3050572106,"R_MTHFR2":0.0141779191,"R_MTRPOX":0.0,"R_MI1PP":0.0,"R_N2Otex":0.0,"R_MICITDr":0.0,"R_G3PEtex":0.0,"R_MINOHPtexi":0.0,"R_MLTG1":0.0,"R_N2Otpp":0.0,"R_NACODA":0.090738682,"R_NACtex":0.0,"R_NADDP":0.0,"R_MLTG2":0.0,"R_MLTG3":0.0,"R_G3PGabcpp":0.0,"R_MLTG4":0.0,"R_MLTG5":0.0,"R_NADH10":0.0,"R_NADH16pp":0.0,"R_NADH17pp":0.0,"R_NADH18pp":0.0,"R_NADH5":0.0,"R_NADH9":0.0,"R_NADK":0.0001502859,"R_NADPHQR2":0.0,"R_MLTGY1pp":0.0,"R_MLTGY2pp":0.0,"R_MLTGY3pp":0.0,"R_NI2tex":0.0,"R_NADPHQR3":0.0,"R_G3PGtex":-0.0069471803,"R_NADPHQR4":0.0,"R_NADTRHD":12.2775181505,"R_NAMNPP":0.0,"R_NI2tpp":0.0,"R_NI2uabcpp":0.0,"R_NMNAT":0.0,"R_NMNPtpp":0.0,"R_NAt3_1p5pp":0.0,"R_NMNtex":0.0,"R_NAt3_2pp":0.0,"R_G3PIabcpp":0.0,"R_NAt3pp":0.0000167299,"R_NAtex":0.0,"R_NDPK1":0.0,"R_NNAM":0.0,"R_NNATr":0.0007741144,"R_NNDPR":0.0007741144,"R_NO2t2rpp":0.0,"R_NO2tex":0.0,"R_NO3R1bpp":0.0,"R_NO3R2bpp":0.0,"R_NO3tex":0.0,"R_NDPK2":0.0951762289,"R_NDPK3":0.0,"R_NDPK4":0.007003892,"R_NDPK5":0.0,"R_NDPK6":0.0,"R_NDPK7":0.0072023829,"R_G3PItex":0.0,"R_NDPK8":0.0,"R_NH4tex":0.0,"R_NH4tpp":0.0,"R_NI2abcpp":0.0,"R_NODOx":0.0,"R_NODOy":0.0,"R_NOtex":0.0,"R_NOtpp":0.0,"R_EX_cu_e":0.0,"R_G3PSabcpp":0.0,"R_NPHS":0.0,"R_G3PStex":0.0,"R_NTD1":0.0,"R_G5SD":0.0,"R_NTD10":0.0,"R_NTD11":0.0,"R_OMMBLHX":0.0,"R_G6PDA":0.0,"R_OMPDC":0.0893492459,"R_NTD12":0.0,"R_NTD2":0.0,"R_NTD3":0.0082939409,"R_NTD4":0.0,"R_NTD5":0.0,"R_OMPHHX":0.0,"R_OP4ENH":0.0,"R_OPHBDC":0.0,"R_OPHHX":0.0,"R_NTD6":0.0,"R_NTD7":0.0,"R_ORNabcpp":0.0,"R_G6PDH2r":0.2671144054,"R_ORNDC":0.011909452,"R_ORNtex":0.0,"R_OROTt2_2pp":0.0,"R_NTD8":0.0,"R_NTD9":0.0,"R_NTP1":8.0,"R_OROTtex":0.0,"R_G6Pt6_2pp":0.0,"R_ORPT":-0.0893492459,"R_NTP10":0.0,"R_NTP3":0.0,"R_G6Ptex":0.0,"R_NTP3pp":0.0,"R_NTP5":0.0,"R_OXGDC2":0.0,"R_P5CD":0.0,"R_NTPP1":0.0,"R_P5CR":0.1093968235,"R_NTPP10":0.0,"R_GAL1Ptex":0.0,"R_NTPP11":0.0,"R_NTPP2":0.0,"R_PA120abcpp":0.0,"R_PA140abcpp":0.0,"R_PA141abcpp":0.0046503575,"R_PA160abcpp":0.0,"R_PA161abcpp":0.0,"R_PA180abcpp":0.0,"R_PA181abcpp":0.0,"R_NTPP3":0.0,"R_NTPP4":0.0,"R_NTPP5":0.0,"R_NTPP6":0.0,"R_NTPP7":0.0,"R_NTPP8":0.0,"R_NTPP9":0.0,"R_PACALDt2rpp":0.0,"R_PACALDtex":0.0,"R_PANTS":0.0,"R_NTPTP1":0.0,"R_NTPTP2":0.0,"R_PAPA120":0.0,"R_GALabcpp":0.0,"R_PAPA120pp":0.0,"R_PAPA140":0.0,"R_PAPA140pp":0.0,"R_NTRIR2x":0.0,"R_O2Stex":0.0,"R_O2tex":14.1967118216,"R_PAPA141":0.0,"R_O2tpp":14.1967118216,"R_GALBDtex":0.0,"R_OAADC":0.0,"R_OBTFL":0.0,"R_OCBT":0.0708895953,"R_PAPA141pp":0.0,"R_PAPA160":0.0,"R_PAPA160pp":0.0,"R_PAPA161":0.0,"R_PAPA161pp":0.0,"R_PAPA180":0.0,"R_PAPA180pp":0.0,"R_OCDCAtexi":0.0,"R_OCDCEAtexi":0.0,"R_OCTAtex":0.0,"R_OCTDPS":0.0,"R_CTECOAI8":0.0,"R_PAPA181":0.0,"R_PAPA181pp":0.0,"R_OHPBAT":0.0,"R_PAPPT3":0.0,"R_PGK":-3.2710259869,"R_PAPSR":0.0,"R_PAPSR2":0.0,"R_PDH":0.0,"R_PDX5POi":0.0,"R_PDX5PS":0.0,"R_PE120abcpp":0.0,"R_PE140abcpp":0.0016446386,"R_PE141abcpp":0.0,"R_OHPHM":0.0,"R_OMBZLM":0.0,"R_OMCDC":0.195655283,"R_PLIPA2A141pp":0.0046503575,"R_PLIPA2A160pp":0.0,"R_PLIPA2A161pp":0.0,"R_PLIPA2A180pp":0.0,"R_PLIPA2A181pp":0.0,"R_PE160abcpp":0.0048204925,"R_PE161abcpp":0.0020699762,"R_PE180abcpp":0.0,"R_PE181abcpp":0.0015312153,"R_PLIPA2E120pp":0.0,"R_PLIPA2E140pp":0.0,"R_PLIPA2E141pp":0.0,"R_PLIPA2E160pp":0.0,"R_PLIPA2E161pp":0.0,"R_PEAMNtex":0.0,"R_PERD":0.0,"R_PFK":1.6546234814,"R_PLIPA2E180pp":0.0,"R_PLIPA2E181pp":0.0,"R_PGL":0.2671144054,"R_PLIPA2G120pp":0.0,"R_PLIPA2G140pp":0.0,"R_PFK_2":0.0,"R_PFL":17.0768731438,"R_PG120abcpp":0.0,"R_PG140abcpp":0.0007372518,"R_PLIPA2G141pp":0.0,"R_PLIPA2G160pp":0.0,"R_PG141abcpp":0.0,"R_PLIPA2G161pp":0.0069471803,"R_PG160abcpp":0.0,"R_PGLYCP":0.0,"R_PG161abcpp":0.007882923,"R_PLIPA2G180pp":0.0,"R_PLIPA2G181pp":0.0,"R_PG180abcpp":0.0,"R_PG181abcpp":0.0,"R_PMANM":0.0,"R_PMPK":0.0,"R_PNTK":0.0000167299,"R_PNTOt4pp":0.0000167299,"R_PGAMT":-0.0034027006,"R_PGCD":0.0,"R_PGI":1.6872326953,"R_PNTOtex":0.0000167299,"R_POX":0.0,"R_PGM":-3.2710259869,"R_PPA":0.0,"R_PPA2":0.0,"R_PPALtex":0.0,"R_PSD120":0.0,"R_PSD140":0.0016446386,"R_PSD141":0.0,"R_PPALtpp":0.0,"R_PPAt4pp":0.0,"R_PGMT":-0.0456528994,"R_PPAtex":0.0,"R_PPBNGS":0.0,"R_PSD160":0.0048204925,"R_PSD161":0.0020699762,"R_PSD180":0.0,"R_PPC":0.5515885384,"R_PSD181":0.0015312153,"R_PPCDC":0.0000167299,"R_PSERT":0.0,"R_PPCK":0.0,"R_PGP120abcpp":0.0,"R_PPCSCT":0.0,"R_PPGPPDP":0.0,"R_PPK2":0.0,"R_PSERtex":0.0,"R_PSP_L":0.0,"R_PSSA120":0.0,"R_PPK":-0.9033139291,"R_PPM":-0.0019849087,"R_PPM2":0.0082939409,"R_PPNCL2":0.0000167299,"R_PPND":0.0,"R_PSSA140":0.0016446386,"R_PSSA141":0.0,"R_PSSA160":0.0048204925,"R_PPPGO":0.0,"R_PSSA161":0.0020699762,"R_PGP140abcpp":0.0,"R_PSSA180":0.0,"R_PSSA181":0.0015312153,"R_PTA2":0.0,"R_PPPGO3":0.0,"R_PPPNt2rpp":0.0,"R_PPPNtex":0.0,"R_PTAr":9.3714848493,"R_PGP141abcpp":0.0,"R_PTPATi":0.0000167299,"R_PTRCabcpp":0.0,"R_PGP160abcpp":0.0021266879,"R_PTRCtex":0.0,"R_PUNP1":-0.0019849087,"R_PPS":0.0,"R_PGP161abcpp":0.0,"R_PPTtex":0.0,"R_PUNP2":0.0,"R_PUNP3":0.0,"R_PRAGSr":0.1355151024,"R_PGP180abcpp":0.0,"R_PRAIi":0.0150285942,"R_PUNP4":0.0,"R_PUNP5":0.0,"R_PUNP6":0.0,"R_PUNP7":0.0,"R_PYAM5PO":0.0,"R_PYDAMK":0.0,"R_PRAIS":0.1355151024,"R_PRAMPC":0.0340270057,"R_PGP181abcpp":0.0006918825,"R_PRASCSi":0.1355151024,"R_PYDXK":0.0,"R_PYDXNK":0.0,"R_PYK":0.6587559549,"R_PRATPP":0.0340270057,"R_PYNP2r":0.0,"R_PRFGS":0.1355151024,"R_PGPP120":0.0,"R_PRMICI":0.0340270057,"R_PYRt2rpp":0.0,"R_PYRtex":0.0,"R_QULNS":0.0007741144,"R_PROabcpp":0.0,"R_PGPP120pp":0.0,"R_PROD2":0.0186581415,"R_PROGLYabcpp":0.0,"R_R15BPK":0.0,"R_R5Ptex":0.0,"R_RBFK":0.0000028356,"R_PROGLYtex":0.0,"R_PGPP140":0.0007372518,"R_PROt2rpp":0.0,"R_PROtex":0.0,"R_RBFSa":0.0000056712,"R_RBFSb":0.0000028356,"R_RBK":0.0,"R_PROTRS":0.0,"R_PRPPS":0.2829880035,"R_PSCLYSt2pp":0.0,"R_PSCLYStex":0.0,"R_PSCVT":0.0292065133,"R_RBK_L1":0.0,"R_RBP4E":0.0,"R_RHCCE":0.0,"R_PGPP140pp":0.0,"R_RIBabcpp":0.0,"R_PGPP141":0.0,"R_RIBtex":0.0,"R_RNDR4":0.0,"R_PGPP141pp":0.0,"R_RNDR4b":0.007003892,"R_RMI":0.0,"R_RMK":0.0,"R_RNTR1c":0.007003892,"R_PGPP160":0.0,"R_RNTR2c":0.0072023829,"R_RNTR3c":0.0,"R_RMNtex":0.0,"R_RMNtpp":0.0,"R_RMPA":0.0,"R_RNTR4c":0.0,"R_RNDR1":0.0,"R_RPE":-0.0246695792,"R_PGPP160pp":0.0021266879,"R_RPI":-0.2895098463,"R_SADH":0.0,"R_SADT2":0.0,"R_RNDR1b":0.0,"R_RNDR2":0.0,"R_RNDR2b":0.0,"R_RNDR3":0.0,"R_RNDR3b":0.0154963238,"R_SARCOX":0.0,"R_PGPP161":0.007882923,"R_SBTptspp":0.0,"R_SBTtex":0.0,"R_SDPDS":0.0,"R_SELCYSS":0.0,"R_PGPP161pp":0.0,"R_SELNPS":0.0,"R_SERAT":0.0,"R_SULFACabcpp":0.0,"R_SULFACtex":0.0,"R_SERD_L":0.4583886228,"R_PGPP180":0.0,"R_SERt2rpp":0.0,"R_SERt4pp":0.0,"R_SULR":0.0,"R_T2DECAI":0.0336527087,"R_TALA":0.0,"R_SERtex":0.0,"R_PGPP180pp":0.0,"R_SERTRS":0.0,"R_TARTRt7pp":0.0,"R_TARTRtex":0.0,"R_TAUDO":0.0,"R_TAURabcpp":0.0,"R_TAURtex":0.0,"R_SERTRS2":0.0,"R_SFGTHi":0.0,"R_SGDS":0.0,"R_SGSAD":0.0,"R_SHCHCS2":0.0,"R_TCYNTtex":0.0,"R_CTECOAI6":0.0093007149,"R_SHCHD2":0.0,"R_TDPAGTA":0.0,"R_PGPP181":0.0,"R_TDPGDH":0.0,"R_TDSK":0.0011342335,"R_SHCHF":0.0,"R_SHK3Dr":0.0292065133,"R_SHKK":0.0292065133,"R_SKMt2pp":0.0,"R_TDSR1":0.0,"R_TDSR2":0.0,"R_PGPP181pp":0.0006918825,"R_TGBPA":0.0,"R_THD2pp":0.0,"R_SKMtex":0.0,"R_SO2tex":0.0,"R_SO2tpp":0.0,"R_THDPS":0.0,"R_THIORDXi":0.0,"R_SO3tex":0.0,"R_PGSA120":0.0,"R_SO4tex":0.0,"R_SOTA":0.0,"R_SPMDAT1":0.0,"R_SPMDAT2":0.0,"R_SPMDtex":0.0,"R_SPMS":0.0019849087,"R_SPODM":0.0,"R_THMabcpp":0.0,"R_THMDt2pp":0.0,"R_THMDtex":0.0,"R_THMtex":0.0,"R_THRA2":0.0,"R_THRabcpp":0.0,"R_THRA":-0.2183399535,"R_THRD":0.0,"R_SPODMpp":0.0,"R_SSALy":0.0,"R_SUCBZL":0.0,"R_THRD_L":0.1105877687,"R_SUCBZS":0.0,"R_PGSA140":0.0007372518,"R_SUCCt2_2pp":0.0,"R_SUCCt2_3pp":0.0,"R_THRPtex":0.0,"R_THRS":0.0,"R_THRt2pp":0.0,"R_SUCCtex":0.0,"R_SUCDi":6.8453215555,"R_PGSA141":0.0,"R_SUCFUMtpp":-7.1975019156,"R_THRt4pp":0.0,"R_THRtex":0.0,"R_SUCOAS":0.0,"R_THRTRS":0.0,"R_PGSA160":0.0021266879,"R_THYMt3pp":0.0,"R_THYMtex":0.0,"R_SUCptspp_1":0.0,"R_SULabcpp":0.0,"R_THZPSN":0.0,"R_TKT1":0.0045369341,"R_TKT2":-0.0292065133,"R_TMAOtex":0.0,"R_TTDCEAtexi":0.0,"R_TMAtex":0.0,"R_PGSA161":0.007882923,"R_TMDK1":0.0,"R_TMDS":0.007003892,"R_TUNGSabcpp":0.0,"R_TUNGStex":0.0,"R_TMK":0.0,"R_TYMtex":0.0,"R_PGSA180":0.0,"R_TYRPtex":0.0,"R_TMPK":0.0,"R_TMPPP":0.0,"R_PGSA181":0.0006918825,"R_TPI":1.6177495495,"R_TRDR":0.0,"R_TYRt2rpp":0.0368625896,"R_TYRTA":0.0,"R_TYRtex":0.0368625896,"R_TRE6PH":0.0,"R_TYRTRS":0.0,"R_TREptspp":0.0,"R_PHEMEabcpp":0.0,"R_TREtex":0.0,"R_U23GAAT":0.002268467,"R_UAAGDS":0.0,"R_UACGAMtex":0.0,"R_UACMAMO":0.0,"R_UAG2E":0.0,"R_TRPS1":0.0,"R_TRPS2":0.0150285942,"R_TRPS3":0.0150285942,"R_TRPt2rpp":0.0,"R_TRPtex":0.0,"R_UAGAAT":0.002268467,"R_UAGCVT":0.0,"R_TRPTRS":0.0,"R_TSULabcpp":0.0,"R_PHEMEtiex":0.0,"R_TSULtex":0.0,"R_TTDCAtexi":0.0,"R_UAGDP":0.0034027006,"R_UAGPT3":0.0,"R_UAMAGS":0.0,"R_UAMAS":0.0,"R_PHEt2rpp":0.0538760924,"R_UAPGR":0.0,"R_PHETA1":0.0,"R_UDCPDP":0.0,"R_UDCPDPpp":0.0,"R_UDCPDPS":0.0,"R_XYLabcpp":0.0,"R_XYLI1":0.0,"R_UDPACGALtex":0.0,"R_XYLI2":0.0,"R_PHEtex":0.0538760924,"R_XYLK":0.0,"R_XYLK2":0.0,"R_UDPG4E":0.0,"R_UDPGALtex":0.0,"R_UDPGD":0.0,"R_UDPGDC":0.0,"R_UDPGLCURtex":0.0,"R_UDPGtex":0.0,"R_UDPKAAT":0.0,"R_UGLT":0.0,"R_XYLtex":0.0,"R_XYLUt2pp":0.0,"R_XYLUtex":0.0,"R_ZN2abcpp":0.0,"R_ZN2t3pp":0.0,"R_Zn2tex":0.0,"R_ZNabcpp":0.0,"R_PMDPHT":0.0000028356,"R_UGMDDS":0.0,"R_UHGADA":0.002268467,"R_ULA4NFT":0.0,"R_NADS1":0.0007741144,"R_PHETRS":0.0,"R_UM3PL":0.0,"R_UM4PL":0.0,"R_UMPK":0.0987774203,"R_NADS2":0.0,"R_PHYTSpp":0.0,"R_GALUi":0.0019849087,"R_UMPtex":0.0,"R_UPLA4FNT":0.0,"R_DASYN120":0.0,"R_UPP3MT":0.0,"R_PIt2rpp":0.2465730109,"R_UPP3S":0.0,"R_DASYN141":0.0,"R_DASYN140":0.0023818904,"R_DASYN161":0.0099528992,"R_DASYN160":0.0069471803,"R_DASYN181":0.0022230977,"R_UPPDC1":0.0,"R_UPPRT":0.0082939409,"R_URAt2pp_copy1":0.0,"R_URAt2pp_copy2":0.0,"R_URAtex":0.0,"R_URIDK2r":-0.007003892,"R_DASYN180":0.0,"R_DNMPPA":0.0141779191,"R_GCALDD":0.0141779191,"R_URIK2":0.0,"R_PItex":0.2437544406,"R_URIt2pp_copy1":0.0,"R_URIt2pp_copy2":0.0,"R_URItex":0.0,"R_GLYCTO2":0.0141779191,"R_GLYCTO3":0.0,"R_GLYCTO4":0.0,"R_USHD":0.0011342335,"R_PIuabcpp":0.0,"R_VALabcpp":0.0,"R_VALt2rpp":0.0,"R_VALTA":-0.4057720435,"R_DHQTi":0.0292065133,"R_MTRK":0.0019849087,"R_VALtex":0.0,"R_MTRI":0.0019849087,"R_PLIPA1A120pp":0.0,"R_MDRPD":0.0019849087,"R_VALTRS":0.0,"R_PLIPA1A140pp":0.0,"R_VPAMTr":-0.2639928529,"R_XANtex":0.0,"R_XANtpp":0.0,"R_XMPtex":0.0,"R_XPPT":0.0,"R_XTSNt2rpp":0.0,"R_XTSNtex":0.0,"R_23DK5MPPISO":0.0,"R_2OH3K5MPPISO":0.0,"R_ENOPH":0.0019849087,"R_ARD":0.0019849087,"R_UNK3":0.0019849087,"R_EAR40x":0.0,"R_EAR60x":0.0,"R_EAR80x":0.0336527087,"R_EX_cyan_e":0.0,"R_PLIPA1A141pp":0.0,"R_EAR100x":0.0,"R_EAR120x":0.0,"R_EAR121x":0.0336527087,"R_PLIPA1A160pp":0.0,"R_EAR140x":0.0,"R_EAR141x":0.0336527087,"R_EAR160x":0.0,"R_EAR161x":0.0,"R_PLIPA1A161pp":0.0,"R_EAR180x":0.0,"R_EAR181x":0.0044461954,"R_PLIPA1A180pp":0.0,"R_EAR40y":0.0336527087,"R_EAR60y":0.0336527087,"R_EAR80y":0.0,"R_PLIPA1A181pp":0.0,"R_EAR100y":0.0,"R_EAR120y":0.0,"R_FEex":0.0,"R_EAR121y":0.0,"R_PLIPA1E120pp":0.0,"R_EAR140y":0.0,"R_EAR141y":0.0,"R_EAR160y":0.0,"R_EAR161y":0.0243519938,"R_FEpp":0.0,"R_LPS_YPtetra":0.0011342335,"R_LPS_YPpenta":0.0,"R_LPS_YPhexa":0.0,"R_BIOMASS_25C":0.0,"R_BIOMASS_37C":0.2835583812,"R_EAR180y":0.0,"R_EAR181y":0.0,"R_EX_12ppd__R_e":0.0,"R_PLIPA1E140pp":0.0,"R_EX_12ppd__S_e":0.0,"R_EX_14glucan_e":0.0,"R_EX_23camp_e":0.0,"R_S7PI":0.0045369341,"R_ARGDC":0.0,"R_PLIPA1E141pp":0.0,"R_GLYOX_1":0.0,"R_A5PISO":0.002268467,"R_EX_23ccmp_e":0.0,"R_EX_23cgmp_e":0.0,"R_LAURTRANS":0.0,"R_EX_23cump_e":0.0,"R_PLIPA1E160pp":0.0,"R_EX_23dappa_e":0.0,"R_EX_26dap__M_e":0.0,"R_KOKDO_LIPAhexa":0.0,"R_PALMITTRANS":0.0,"R_LACZ":0.0,"R_EX_34dhpac_e":0.0,"R_EX_3amp_e":0.0,"R_PLIPA1E161pp":0.0,"R_EX_3cmp_e":0.0,"R_EX_3gmp_e":0.0,"R_EX_LalaDgluMdap_e":0.0,"R_EX_3ump_e":0.0,"R_EX_4hoxpacd_e":0.0,"R_SALSYN":0.0,"R_ADK1":0.8297305292,"R_CPK1":0.0,"R_TPK1":0.0,"R_DADK_copy2":0.0,"R_CYTK2_1":-0.0082939409,"R_EX_LalaDgluMdapDala_e":0.0,"R_EX_5dglcn_e":0.0,"R_EX_4abut_e":0.0,"R_DYTK2":0.0,"R_PLIPA1E180pp":0.0,"R_G1PCTYT":0.0,"R_EX_acac_e":0.0,"R_EX_acald_e":0.0,"R_EX_acgal1p_e":0.0,"R_EX_acgal_e":0.0,"R_EX_acgam1p_e":0.0,"R_PLIPA1E181pp":0.0,"R_EX_acgam_e":0.0,"R_EX_acmana_e":0.0,"R_CDPGD":0.0,"R_EX_acmum_e":0.0,"R_PLIPA1G120pp":0.0,"R_EX_acnam_e":0.0,"R_UREAtex":0.0,"R_UREAtpp":0.0,"R_EX_acolipa_e":0.0,"R_PLIPA1G140pp":0.0,"R_EX_acser_e":0.0,"R_EX_ac_e":9.5472910457,"R_EX_ade_e":0.0,"R_EX_cynt_e":0.0,"R_PLIPA1G141pp":0.0,"R_EX_dump_e":0.0,"R_EX_duri_e":0.0,"R_EX_adn_e":0.0,"R_EX_adocbl_e":0.0,"R_EX_agm_e":0.0,"R_EX_akg_e":0.0,"R_EX_alaala_e":0.0,"R_EX_ala__L_e":0.0,"R_EX_all__D_e":0.0,"R_EX_etha_e":0.0,"R_EX_ethso3_e":0.0,"R_EX_etoh_e":0.0,"R_EX_alltn_e":0.0,"R_PLIPA1G160pp":0.0,"R_EX_amp_e":0.0,"R_EX_anhgm_e":0.0,"R_EX_arab__L_e":0.0,"R_EX_f6p_e":0.0,"R_EX_fald_e":0.0,"R_EX_fe2_e":0.0,"R_EX_arg__L_e":0.0,"R_PLIPA1G161pp":0.0,"R_EX_ascb__L_e":0.0,"R_EX_asn__L_e":0.0,"R_EX_fe3dcit_e":0.0,"R_EX_fe3dhbzs_e":0.0,"R_EX_fe3hox_e":0.0,"R_EX_aso3_e":0.0,"R_EX_asp__L_e":0.0,"R_EX_fe3_e":0.0,"R_PLIPA1G180pp":0.0,"R_EX_fecrm_e":0.0,"R_EX_ala_B_e":0.0,"R_EX_butso3_e":0.0,"R_EX_feenter_e":0.0,"R_EX_but_e":0.0,"R_PLIPA1G181pp":0.0,"R_EX_ca2_e":0.0,"R_EX_feoxam_e":0.0,"R_EX_for_e":12.1929270674,"R_EX_frulys_e":0.0,"R_EX_fru_e":0.0,"R_EX_fruur_e":0.0,"R_EX_cbi_e":0.0,"R_EX_cbl1_e":0.0,"R_EX_cd2_e":0.0,"R_EX_cgly_e":0.0,"R_EX_chol_e":0.0,"R_EX_cit_e":-7.1975019156,"R_PLIPA2A120pp":0.0,"R_EX_cl_e":0.0,"R_EX_cmp_e":0.0,"R_EX_co2_e":20.405006938,"R_EX_cobalt2_e":0.0,"R_EX_fuc__L_e":0.0,"R_EX_fum_e":0.0,"R_EX_colipa_e":0.0,"R_PLIPA2A140pp":0.0,"R_EX_cpgn_e":0.0,"R_EX_crn_e":0.0,"R_EX_csn_e":0.0,"R_EX_g1p_e":0.0,"R_EX_g3pc_e":0.0,"R_EX_cu2_e":0.0,"R_EX_tre_e":0.0,"R_EX_g3pe_e":0.0,"R_EX_g3pg_e":0.0069471803,"R_EX_g3pi_e":0.0,"R_EX_g3ps_e":0.0,"R_EX_g6p_e":0.0,"R_EX_gal1p_e":0.0,"R_EX_lcts_e":0.0,"R_EX_leu__L_e":0.0,"R_EX_trp__L_e":0.0,"R_EX_lac__L_e":0.0,"R_EX_gal_bD_e":0.0,"R_EX_tsul_e":0.0,"R_EX_galctn__L_e":0.0,"R_EX_galctn__D_e":0.0,"R_EX_lys__L_e":-0.0708895953,"R_EX_lyx__L_e":0.0,"R_EX_mal__D_e":0.0,"R_EX_mal__L_e":0.0,"R_EX_malthx_e":0.0,"R_EX_maltpt_e":0.0,"R_EX_malt_e":0.0,"R_EX_galct__D_e":0.0,"R_EX_gal_e":0.0,"R_EX_galt_e":0.0,"R_EX_galur_e":0.0,"R_EX_gam6p_e":0.0,"R_EX_gam_e":0.0,"R_EX_malttr_e":0.0,"R_EX_maltttr_e":0.0,"R_EX_ttdca_e":0.0,"R_EX_man6p_e":0.0,"R_EX_manglyc_e":0.0,"R_EX_gbbtn_e":0.0,"R_EX_gdp_e":0.0,"R_EX_glcn_e":0.0,"R_EX_glcr_e":0.0,"R_EX_man_e":0.0,"R_EX_melib_e":0.0,"R_EX_glc__D_e":-2.0,"R_EX_ttdcea_e":0.0,"R_EX_glcur1p_e":0.0,"R_EX_met__D_e":0.0,"R_EX_metsox_S__L_e":0.0,"R_EX_glcur_e":0.0,"R_EX_tungs_e":0.0,"R_EX_gln__L_e":0.0,"R_EX_metsox_R__L_e":0.0,"R_EX_met__L_e":-0.0396981734,"R_EX_glu__L_e":0.0,"R_EX_mg2_e":0.0,"R_EX_glyald_e":0.0,"R_EX_tym_e":0.0,"R_EX_glyb_e":0.0,"R_EX_minohp_e":0.0,"R_EX_mmet_e":0.0,"R_EX_glyc2p_e":0.0,"R_EX_tyrp_e":0.0,"R_EX_glyc3p_e":0.0046503575,"R_EX_glyc__R_e":0.0,"R_EX_glyclt_e":0.0,"R_EX_glyc_e":0.0,"R_EX_gly_e":-2.2,"R_EX_mnl_e":0.0,"R_EX_mn2_e":0.0,"R_EX_mobd_e":0.0,"R_EX_mso3_e":0.0,"R_EX_n2o_e":0.0,"R_EX_nac_e":0.0,"R_EX_na1_e":0.0,"R_EX_gmp_e":0.0,"R_EX_gsn_e":0.0,"R_EX_gthox_e":0.0,"R_EX_nh4_e":0.0,"R_EX_ni2_e":0.0,"R_EX_gthrd_e":0.0,"R_EX_nmn_e":0.0,"R_EX_gtp_e":0.0,"R_EX_no2_e":0.0,"R_EX_tyr__L_e":-0.0368625896,"R_EX_no3_e":0.0,"R_EX_no_e":0.0,"R_EX_h2o2_e":0.0,"R_EX_h2o_e":7.4765115833,"R_EX_h2s_e":0.9792835082,"R_EX_h2_e":0.0,"R_EX_o2s_e":0.0,"R_EX_uacgam_e":0.0,"R_EX_o2_e":-14.1967118216,"R_EX_ocdca_e":0.0,"R_EX_ocdcea_e":0.0,"R_EX_3hcinnm_e":0.0,"R_EX_udpacgal_e":0.0,"R_EX_hdca_e":0.0,"R_EX_hdcea_e":0.0,"R_EX_octa_e":0.0,"R_EX_orn_e":0.0,"R_EX_orot_e":0.0,"R_EX_pacald_e":0.0,"R_EX_peamn_e":0.0,"R_EX_pheme_e":0.0,"R_EX_phe__L_e":-0.0538760924,"R_EX_pi_e":-0.2437544406,"R_EX_hg2_e":0.0,"R_EX_his__L_e":0.0,"R_EX_hom__L_e":0.0,"R_EX_3hpppn_e":0.0,"R_EX_h_e":0.0,"R_EX_hxa_e":0.0,"R_EX_hxan_e":0.0,"R_EX_pnto__R_e":-0.0000167299,"R_EX_ppal_e":0.0,"R_EX_ppa_e":0.0,"R_EX_idon__L_e":0.0,"R_EX_udpgal_e":0.0,"R_EX_ile__L_e":0.0,"R_EX_imp_e":0.0,"R_EX_indole_e":0.0,"R_EX_inost_e":0.0,"R_EX_pppn_e":0.0,"R_EX_ppt_e":0.0,"R_EX_progly_e":0.0,"R_EX_pro__L_e":0.0,"R_EX_isetac_e":0.0,"R_EX_k_e":0.0,"R_EX_udpglcur_e":0.0,"R_EX_psclys_e":0.0,"R_EX_pser__L_e":0.0,"R_EX_udpg_e":0.0,"R_EX_ptrc_e":0.0,"R_EX_pyr_e":0.0,"R_EX_ump_e":0.0,"R_EX_r5p_e":0.0,"R_EX_ura_e":0.0,"R_EX_rib__D_e":0.0,"R_EX_rmn_e":0.0,"R_EX_uri_e":0.0,"R_EX_sbt__D_e":0.0,"R_EX_ser__L_e":0.0,"R_EX_skm_e":0.0,"R_EX_so2_e":0.0,"R_EX_so3_e":0.0,"R_EX_so4_e":0.0,"R_EX_spmd_e":0.0,"R_EX_val__L_e":0.0,"R_EX_succ_e":0.0,"R_EX_sulfac_e":0.0,"R_EX_tartr__L_e":0.0,"R_EX_xan_e":0.0,"R_EX_taur_e":0.0,"R_EX_tcynt_e":0.0,"R_EX_xmp_e":0.0,"R_EX_thymd_e":0.0,"R_EX_thm_e":0.0,"R_EX_thrp_e":0.0,"R_EX_xtsn_e":0.0,"R_EX_thr__L_e":0.0,"R_EX_thym_e":0.0,"R_EX_tmao_e":0.0,"R_EX_xyl__D_e":0.0,"R_EX_tma_e":0.0,"R_EX_xylu__L_e":0.0,"R_EX_zn2_e":0.0,"R_EX_urea_e":0.0,"R_EX_fe_e":0.0,"R_G5SADs":0.090738682,"R_ORNCD":0.0,"R_CYSDSF":0.0,"R_CDGUNPD":0.0,"R_DGUNC":0.0,"R_KOKDO_LIPApenta":0.0,"R_KOKDO_LIPAtetra":0.0011342335,"R_L_LACt2rpp":0.0,"R_LDH_L":0.0,"R_SDPTA":0.0,"R_ACt2rpp":-9.5472910457,"R_SUCCt3pp":0.0,"R_GALS3":0.0,"R_RAFGH":0.0,"R_STACHGALACT":0.0,"R_TSULR3e":0.0,"R_PAPSSH":0.0}]