[{"data_set_value_component_environment_variable_time":0.0,"data_set_value_component_rate_constants_variable_k1":1.0,"data_set_value_component_rate_constants_variable_kn1":10.0,"data_set_value_component_rate_constants_variable_k2":0.1,"data_set_value_component_rate_constants_variable_kn2":0.01,"data_set_value_component_rate_constants_variable_k2_":0.1,"data_set_value_component_rate_constants_variable_k3_":100.0,"data_set_value_component_rate_constants_variable_kn3_":0.0,"data_set_value_component_rate_constants_variable_k4":0.0,"data_set_value_component_rate_constants_variable_k5":1.0,"data_set_value_component_rate_constants_variable_k6":0.01,"data_set_value_component_rate_constants_variable_k7":1.0,"data_set_value_component_rate_constants_variable_kn7":0.01,"data_set_value_component_rate_constants_variable_k8":0.1,"data_set_value_component_rate_constants_variable_kn8":0.01,"data_set_value_component_rate_constants_variable_k8_":0.0,"data_set_value_component_rate_constants_variable_k9":1.0,"data_set_value_component_rate_constants_variable_kn9":1.0,"data_set_value_component_rate_constants_variable_k9_":0.0,"data_set_value_component_rate_constants_variable_k10":0.0,"data_set_value_component_rate_constants_variable_k11":1.0,"data_set_value_component_rate_constants_variable_k12":0.1,"data_set_value_component_rate_constants_variable_k13":1.0,"data_set_value_component_rate_constants_variable_k14":0.0005,"data_set_value_component_rate_constants_variable_k14_":1.0,"data_set_value_component_rate_constants_variable_k15":0.01,"data_set_value_component_rate_constants_variable_k16":0.0002,"data_set_value_component_rate_constants_variable_k17":0.1,"data_set_value_component_rate_constants_variable_k18":1.0,"data_set_value_component_rate_constants_variable_kn18":0.01,"data_set_value_component_rate_constants_variable_k20":0.1,"data_set_value_component_rate_constants_variable_k21":0.01,"data_set_value_component_rate_constants_variable_k22":0.1,"data_set_value_component_rate_constants_variable_k23":0.1,"data_set_value_component_rate_constants_variable_kn23":1.0,"data_set_value_component_rate_constants_variable_kPlk1":0.0,"data_set_value_component_rate_constants_variable_kPlk1_":0.0,"data_set_value_component_rate_constants_variable_kctak1":0.0,"data_set_value_component_rate_constants_variable_kctak1_":0.0,"data_set_value_component_rate_constants_variable_kex":1.0,"data_set_value_component_Chk1P_variable_Chk1P":0.000001,"data_set_value_component_Rad3_variable_Rad3":0.0,"data_set_value_component_p53_variable_p53":0.0,"data_set_value_component_preMPF_variable_preMPF":0.000001,"data_set_value_component_MPF_variable_MPF":0.00000001,"data_set_value_component_p21_variable_p21":0.0,"data_set_value_component_p21_MPF_variable_p21_MPF":0.0,"data_set_value_component_iCdc25_variable_iCdc25":0.000001,"data_set_value_component_iCdc25Ps216_variable_iCdc25Ps216":0.00002,"data_set_value_component_iCdc25Ps216_protein1433_variable_iCdc25Ps216_protein1433":0.03,"data_set_value_component_aCdc25_variable_aCdc25":0.000001,"data_set_value_component_aCdc25Ps216_variable_aCdc25Ps216":0.0,"data_set_value_component_protein1433_variable_protein1433":2.0,"data_set_value_component_Wee1_variable_Wee1":0.001,"data_set_value_component_Wee1P_variable_Wee1P":0.0,"data_set_value_component_aCdc25_T_variable_aCdc25_T":0.000001,"data_set_value_component_V_1_variable_V_1":0.0,"data_set_value_component_V_1_variable_Chk1":0.999999,"data_set_value_component_V_1_variable_Chk1_T":1.0,"data_set_value_component_V_n1_variable_V_n1":0.00001,"data_set_value_component_V_2_variable_V_2":0.0,"data_set_value_component_V_n2_variable_V_n2":0.0,"data_set_value_component_V_2__variable_V_2_":0.0,"data_set_value_component_V_3__variable_V_3_":0.004,"data_set_value_component_V_n3__variable_V_n3_":0.0,"data_set_value_component_V_4_variable_V_4":0.0,"data_set_value_component_V_5_variable_V_5":0.0,"data_set_value_component_V_6_variable_V_6":0.0,"data_set_value_component_V_7_variable_V_7":0.0,"data_set_value_component_V_n7_variable_V_n7":0.00000001,"data_set_value_component_V_8_variable_V_8":0.0,"data_set_value_component_V_n8_variable_V_n8":0.0,"data_set_value_component_V_9_variable_V_9":0.0,"data_set_value_component_V_n9_variable_V_n9":0.0,"data_set_value_component_V_10_variable_V_10":0.0,"data_set_value_component_V_11_variable_V_11":0.0,"data_set_value_component_V_12_variable_V_12":0.2,"data_set_value_component_V_13_variable_V_13":1.0,"data_set_value_component_V_14_variable_V_14":0.0005,"data_set_value_component_V_15_variable_V_15":1e-18,"data_set_value_component_V_16_variable_V_16":0.0002,"data_set_value_component_V_17_variable_V_17":0.0,"data_set_value_component_V_18_variable_V_18":0.0,"data_set_value_component_V_n18_variable_V_n18":0.0,"data_set_value_component_V_20_variable_V_20":0.0,"data_set_value_component_V_21_variable_V_21":0.01,"data_set_value_component_V_22_variable_V_22":0.0,"data_set_value_component_V_23_variable_V_23":0.0,"data_set_value_component_V_n23_variable_V_n23":0.0,"data_set_value_component_V_ex_variable_V_ex":0.03,"data_set_value_component_V_in_variable_V_in":0.00001},{"data_set_value_component_environment_variable_time":0.1,"data_set_value_component_rate_constants_variable_k1":1.0,"data_set_value_component_rate_constants_variable_kn1":10.0,"data_set_value_component_rate_constants_variable_k2":0.1,"data_set_value_component_rate_constants_variable_kn2":0.01,"data_set_value_component_rate_constants_variable_k2_":0.1,"data_set_value_component_rate_constants_variable_k3_":100.0,"data_set_value_component_rate_constants_variable_kn3_":0.0,"data_set_value_component_rate_constants_variable_k4":0.0,"data_set_value_component_rate_constants_variable_k5":1.0,"data_set_value_component_rate_constants_variable_k6":0.01,"data_set_value_component_rate_constants_variable_k7":1.0,"data_set_value_component_rate_constants_variable_kn7":0.01,"data_set_value_component_rate_constants_variable_k8":0.1,"data_set_value_component_rate_constants_variable_kn8":0.01,"data_set_value_component_rate_constants_variable_k8_":0.0,"data_set_value_component_rate_constants_variable_k9":1.0,"data_set_value_component_rate_constants_variable_kn9":1.0,"data_set_value_component_rate_constants_variable_k9_":0.0,"data_set_value_component_rate_constants_variable_k10":0.0,"data_set_value_component_rate_constants_variable_k11":1.0,"data_set_value_component_rate_constants_variable_k12":0.1,"data_set_value_component_rate_constants_variable_k13":1.0,"data_set_value_component_rate_constants_variable_k14":0.0005,"data_set_value_component_rate_constants_variable_k14_":1.0,"data_set_value_component_rate_constants_variable_k15":0.01,"data_set_value_component_rate_constants_variable_k16":0.0002,"data_set_value_component_rate_constants_variable_k17":0.1,"data_set_value_component_rate_constants_variable_k18":1.0,"data_set_value_component_rate_constants_variable_kn18":0.01,"data_set_value_component_rate_constants_variable_k20":0.1,"data_set_value_component_rate_constants_variable_k21":0.01,"data_set_value_component_rate_constants_variable_k22":0.1,"data_set_value_component_rate_constants_variable_k23":0.1,"data_set_value_component_rate_constants_variable_kn23":1.0,"data_set_value_component_rate_constants_variable_kPlk1":0.0,"data_set_value_component_rate_constants_variable_kPlk1_":0.0,"data_set_value_component_rate_constants_variable_kctak1":0.0,"data_set_value_component_rate_constants_variable_kctak1_":0.0,"data_set_value_component_rate_constants_variable_kex":1.0,"data_set_value_component_Chk1P_variable_Chk1P":0.0000003651,"data_set_value_component_Rad3_variable_Rad3":0.0,"data_set_value_component_p53_variable_p53":0.0,"data_set_value_component_preMPF_variable_preMPF":0.000051,"data_set_value_component_MPF_variable_MPF":0.00000001,"data_set_value_component_p21_variable_p21":0.000995017,"data_set_value_component_p21_MPF_variable_p21_MPF":0.0,"data_set_value_component_iCdc25_variable_iCdc25":0.000002001,"data_set_value_component_iCdc25Ps216_variable_iCdc25Ps216":-0.0000000039,"data_set_value_component_iCdc25Ps216_protein1433_variable_iCdc25Ps216_protein1433":0.0271631348,"data_set_value_component_aCdc25_variable_aCdc25":0.000000999,"data_set_value_component_aCdc25Ps216_variable_aCdc25Ps216":0.0,"data_set_value_component_protein1433_variable_protein1433":2.0795815464,"data_set_value_component_Wee1_variable_Wee1":0.00102,"data_set_value_component_Wee1P_variable_Wee1P":0.0,"data_set_value_component_aCdc25_T_variable_aCdc25_T":0.000000999,"data_set_value_component_V_1_variable_V_1":0.0,"data_set_value_component_V_1_variable_Chk1":0.9999996349,"data_set_value_component_V_1_variable_Chk1_T":1.0,"data_set_value_component_V_n1_variable_V_n1":0.0000036514,"data_set_value_component_V_2_variable_V_2":0.0,"data_set_value_component_V_n2_variable_V_n2":7.334959011e-17,"data_set_value_component_V_2__variable_V_2_":0.0,"data_set_value_component_V_3__variable_V_3_":-0.0000008087,"data_set_value_component_V_n3__variable_V_n3_":0.0,"data_set_value_component_V_4_variable_V_4":0.0,"data_set_value_component_V_5_variable_V_5":0.0,"data_set_value_component_V_6_variable_V_6":0.0,"data_set_value_component_V_7_variable_V_7":0.0,"data_set_value_component_V_n7_variable_V_n7":0.00000001,"data_set_value_component_V_8_variable_V_8":0.0,"data_set_value_component_V_n8_variable_V_n8":0.0,"data_set_value_component_V_9_variable_V_9":0.0000000001,"data_set_value_component_V_n9_variable_V_n9":0.0,"data_set_value_component_V_10_variable_V_10":0.0,"data_set_value_component_V_11_variable_V_11":0.0,"data_set_value_component_V_12_variable_V_12":0.2079581546,"data_set_value_component_V_13_variable_V_13":1.0,"data_set_value_component_V_14_variable_V_14":0.0005,"data_set_value_component_V_15_variable_V_15":1.000308058e-18,"data_set_value_component_V_16_variable_V_16":0.0002,"data_set_value_component_V_17_variable_V_17":0.0,"data_set_value_component_V_18_variable_V_18":-3.889586108e-17,"data_set_value_component_V_n18_variable_V_n18":7.334959011e-17,"data_set_value_component_V_20_variable_V_20":0.0,"data_set_value_component_V_21_variable_V_21":0.01,"data_set_value_component_V_22_variable_V_22":0.0000995017,"data_set_value_component_V_23_variable_V_23":0.0,"data_set_value_component_V_n23_variable_V_n23":0.0,"data_set_value_component_V_ex_variable_V_ex":0.0271631348,"data_set_value_component_V_in_variable_V_in":0.00001},{"data_set_value_component_environment_variable_time":0.2,"data_set_value_component_rate_constants_variable_k1":1.0,"data_set_value_component_rate_constants_variable_kn1":10.0,"data_set_value_component_rate_constants_variable_k2":0.1,"data_set_value_component_rate_constants_variable_kn2":0.01,"data_set_value_component_rate_constants_variable_k2_":0.1,"data_set_value_component_rate_constants_variable_k3_":100.0,"data_set_value_component_rate_constants_variable_kn3_":0.0,"data_set_value_component_rate_constants_variable_k4":0.0,"data_set_value_component_rate_constants_variable_k5":1.0,"data_set_value_component_rate_constants_variable_k6":0.01,"data_set_value_component_rate_constants_variable_k7":1.0,"data_set_value_component_rate_constants_variable_kn7":0.01,"data_set_value_component_rate_constants_variable_k8":0.1,"data_set_value_component_rate_constants_variable_kn8":0.01,"data_set_value_component_rate_constants_variable_k8_":0.0,"data_set_value_component_rate_constants_variable_k9":1.0,"data_set_value_component_rate_constants_variable_kn9":1.0,"data_set_value_component_rate_constants_variable_k9_":0.0,"data_set_value_component_rate_constants_variable_k10":0.0,"data_set_value_component_rate_constants_variable_k11":1.0,"data_set_value_component_rate_constants_variable_k12":0.1,"data_set_value_component_rate_constants_variable_k13":1.0,"data_set_value_component_rate_constants_variable_k14":0.0005,"data_set_value_component_rate_constants_variable_k14_":1.0,"data_set_value_component_rate_constants_variable_k15":0.01,"data_set_value_component_rate_constants_variable_k16":0.0002,"data_set_value_component_rate_constants_variable_k17":0.1,"data_set_value_component_rate_constants_variable_k18":1.0,"data_set_value_component_rate_constants_variable_kn18":0.01,"data_set_value_component_rate_constants_variable_k20":0.1,"data_set_value_component_rate_constants_variable_k21":0.01,"data_set_value_component_rate_constants_variable_k22":0.1,"data_set_value_component_rate_constants_variable_k23":0.1,"data_set_value_component_rate_constants_variable_kn23":1.0,"data_set_value_component_rate_constants_variable_kPlk1":0.0,"data_set_value_component_rate_constants_variable_kPlk1_":0.0,"data_set_value_component_rate_constants_variable_kctak1":0.0,"data_set_value_component_rate_constants_variable_kctak1_":0.0,"data_set_value_component_rate_constants_variable_kex":1.0,"data_set_value_component_Chk1P_variable_Chk1P":0.0000001328,"data_set_value_component_Rad3_variable_Rad3":0.0,"data_set_value_component_p53_variable_p53":0.0,"data_set_value_component_preMPF_variable_preMPF":0.000101,"data_set_value_component_MPF_variable_MPF":0.00000001,"data_set_value_component_p21_variable_p21":0.0019801342,"data_set_value_component_p21_MPF_variable_p21_MPF":0.0,"data_set_value_component_iCdc25_variable_iCdc25":0.000003002,"data_set_value_component_iCdc25Ps216_variable_iCdc25Ps216":-0.0000000002,"data_set_value_component_iCdc25Ps216_protein1433_variable_iCdc25Ps216_protein1433":0.0245779321,"data_set_value_component_aCdc25_variable_aCdc25":0.000000998,"data_set_value_component_aCdc25Ps216_variable_aCdc25Ps216":0.0,"data_set_value_component_protein1433_variable_protein1433":2.1583911215,"data_set_value_component_Wee1_variable_Wee1":0.00104,"data_set_value_component_Wee1P_variable_Wee1P":0.0,"data_set_value_component_aCdc25_T_variable_aCdc25_T":0.000000998,"data_set_value_component_V_1_variable_V_1":0.0,"data_set_value_component_V_1_variable_Chk1":0.9999998672,"data_set_value_component_V_1_variable_Chk1_T":1.0,"data_set_value_component_V_n1_variable_V_n1":0.0000013279,"data_set_value_component_V_2_variable_V_2":0.0,"data_set_value_component_V_n2_variable_V_n2":9.637469698e-17,"data_set_value_component_V_2__variable_V_2_":0.0,"data_set_value_component_V_3__variable_V_3_":-0.0000000497,"data_set_value_component_V_n3__variable_V_n3_":0.0,"data_set_value_component_V_4_variable_V_4":0.0,"data_set_value_component_V_5_variable_V_5":0.0,"data_set_value_component_V_6_variable_V_6":0.0,"data_set_value_component_V_7_variable_V_7":0.0,"data_set_value_component_V_n7_variable_V_n7":0.00000001,"data_set_value_component_V_8_variable_V_8":0.0,"data_set_value_component_V_n8_variable_V_n8":0.0,"data_set_value_component_V_9_variable_V_9":0.0000000001,"data_set_value_component_V_n9_variable_V_n9":0.0,"data_set_value_component_V_10_variable_V_10":0.0,"data_set_value_component_V_11_variable_V_11":0.0,"data_set_value_component_V_12_variable_V_12":0.2158391122,"data_set_value_component_V_13_variable_V_13":1.0,"data_set_value_component_V_14_variable_V_14":0.0005,"data_set_value_component_V_15_variable_V_15":1.001592631e-18,"data_set_value_component_V_16_variable_V_16":0.0002,"data_set_value_component_V_17_variable_V_17":0.0,"data_set_value_component_V_18_variable_V_18":-2.302626534e-18,"data_set_value_component_V_n18_variable_V_n18":9.637469698e-17,"data_set_value_component_V_20_variable_V_20":0.0,"data_set_value_component_V_21_variable_V_21":0.01,"data_set_value_component_V_22_variable_V_22":0.0001980134,"data_set_value_component_V_23_variable_V_23":0.0,"data_set_value_component_V_n23_variable_V_n23":0.0,"data_set_value_component_V_ex_variable_V_ex":0.0245779321,"data_set_value_component_V_in_variable_V_in":0.00001},{"data_set_value_component_environment_variable_time":0.3,"data_set_value_component_rate_constants_variable_k1":1.0,"data_set_value_component_rate_constants_variable_kn1":10.0,"data_set_value_component_rate_constants_variable_k2":0.1,"data_set_value_component_rate_constants_variable_kn2":0.01,"data_set_value_component_rate_constants_variable_k2_":0.1,"data_set_value_component_rate_constants_variable_k3_":100.0,"data_set_value_component_rate_constants_variable_kn3_":0.0,"data_set_value_component_rate_constants_variable_k4":0.0,"data_set_value_component_rate_constants_variable_k5":1.0,"data_set_value_component_rate_constants_variable_k6":0.01,"data_set_value_component_rate_constants_variable_k7":1.0,"data_set_value_component_rate_constants_variable_kn7":0.01,"data_set_value_component_rate_constants_variable_k8":0.1,"data_set_value_component_rate_constants_variable_kn8":0.01,"data_set_value_component_rate_constants_variable_k8_":0.0,"data_set_value_component_rate_constants_variable_k9":1.0,"data_set_value_component_rate_constants_variable_kn9":1.0,"data_set_value_component_rate_constants_variable_k9_":0.0,"data_set_value_component_rate_constants_variable_k10":0.0,"data_set_value_component_rate_constants_variable_k11":1.0,"data_set_value_component_rate_constants_variable_k12":0.1,"data_set_value_component_rate_constants_variable_k13":1.0,"data_set_value_component_rate_constants_variable_k14":0.0005,"data_set_value_component_rate_constants_variable_k14_":1.0,"data_set_value_component_rate_constants_variable_k15":0.01,"data_set_value_component_rate_constants_variable_k16":0.0002,"data_set_value_component_rate_constants_variable_k17":0.1,"data_set_value_component_rate_constants_variable_k18":1.0,"data_set_value_component_rate_constants_variable_kn18":0.01,"data_set_value_component_rate_constants_variable_k20":0.1,"data_set_value_component_rate_constants_variable_k21":0.01,"data_set_value_component_rate_constants_variable_k22":0.1,"data_set_value_component_rate_constants_variable_k23":0.1,"data_set_value_component_rate_constants_variable_kn23":1.0,"data_set_value_component_rate_constants_variable_kPlk1":0.0,"data_set_value_component_rate_constants_variable_kPlk1_":0.0,"data_set_value_component_rate_constants_variable_kctak1":0.0,"data_set_value_component_rate_constants_variable_kctak1_":0.0,"data_set_value_component_rate_constants_variable_kex":1.0,"data_set_value_component_Chk1P_variable_Chk1P":0.0000000534,"data_set_value_component_Rad3_variable_Rad3":0.0,"data_set_value_component_p53_variable_p53":0.0,"data_set_value_component_preMPF_variable_preMPF":0.000151,"data_set_value_component_MPF_variable_MPF":0.00000001,"data_set_value_component_p21_variable_p21":0.002955448,"data_set_value_component_p21_MPF_variable_p21_MPF":0.0,"data_set_value_component_iCdc25_variable_iCdc25":0.000004003,"data_set_value_component_iCdc25Ps216_variable_iCdc25Ps216":-0.0000000001,"data_set_value_component_iCdc25Ps216_protein1433_variable_iCdc25Ps216_protein1433":0.0222391797,"data_set_value_component_aCdc25_variable_aCdc25":0.000000997,"data_set_value_component_aCdc25Ps216_variable_aCdc25Ps216":0.0,"data_set_value_component_protein1433_variable_protein1433":2.2364164256,"data_set_value_component_Wee1_variable_Wee1":0.00106,"data_set_value_component_Wee1P_variable_Wee1P":0.0,"data_set_value_component_aCdc25_T_variable_aCdc25_T":0.000000997,"data_set_value_component_V_1_variable_V_1":0.0,"data_set_value_component_V_1_variable_Chk1":0.9999999466,"data_set_value_component_V_1_variable_Chk1_T":1.0,"data_set_value_component_V_n1_variable_V_n1":0.0000005336,"data_set_value_component_V_2_variable_V_2":0.0,"data_set_value_component_V_n2_variable_V_n2":1.040919955e-16,"data_set_value_component_V_2__variable_V_2_":0.0,"data_set_value_component_V_3__variable_V_3_":-0.0000000243,"data_set_value_component_V_n3__variable_V_n3_":0.0,"data_set_value_component_V_4_variable_V_4":0.0,"data_set_value_component_V_5_variable_V_5":0.0,"data_set_value_component_V_6_variable_V_6":0.0,"data_set_value_component_V_7_variable_V_7":0.0,"data_set_value_component_V_n7_variable_V_n7":0.00000001,"data_set_value_component_V_8_variable_V_8":0.0,"data_set_value_component_V_n8_variable_V_n8":0.0,"data_set_value_component_V_9_variable_V_9":0.0000000002,"data_set_value_component_V_n9_variable_V_n9":0.0,"data_set_value_component_V_10_variable_V_10":0.0,"data_set_value_component_V_11_variable_V_11":0.0,"data_set_value_component_V_12_variable_V_12":0.2236416426,"data_set_value_component_V_13_variable_V_13":1.0,"data_set_value_component_V_14_variable_V_14":0.0005,"data_set_value_component_V_15_variable_V_15":1.003855378e-18,"data_set_value_component_V_16_variable_V_16":0.0002,"data_set_value_component_V_17_variable_V_17":0.0,"data_set_value_component_V_18_variable_V_18":-1.087248104e-18,"data_set_value_component_V_n18_variable_V_n18":1.040919955e-16,"data_set_value_component_V_20_variable_V_20":0.0,"data_set_value_component_V_21_variable_V_21":0.01,"data_set_value_component_V_22_variable_V_22":0.0002955448,"data_set_value_component_V_23_variable_V_23":0.0,"data_set_value_component_V_n23_variable_V_n23":0.0,"data_set_value_component_V_ex_variable_V_ex":0.0222391797,"data_set_value_component_V_in_variable_V_in":0.00001},{"data_set_value_component_environment_variable_time":0.4,"data_set_value_component_rate_constants_variable_k1":1.0,"data_set_value_component_rate_constants_variable_kn1":10.0,"data_set_value_component_rate_constants_variable_k2":0.1,"data_set_value_component_rate_constants_variable_kn2":0.01,"data_set_value_component_rate_constants_variable_k2_":0.1,"data_set_value_component_rate_constants_variable_k3_":100.0,"data_set_value_component_rate_constants_variable_kn3_":0.0,"data_set_value_component_rate_constants_variable_k4":0.0,"data_set_value_component_rate_constants_variable_k5":1.0,"data_set_value_component_rate_constants_variable_k6":0.01,"data_set_value_component_rate_constants_variable_k7":1.0,"data_set_value_component_rate_constants_variable_kn7":0.01,"data_set_value_component_rate_constants_variable_k8":0.1,"data_set_value_component_rate_constants_variable_kn8":0.01,"data_set_value_component_rate_constants_variable_k8_":0.0,"data_set_value_component_rate_constants_variable_k9":1.0,"data_set_value_component_rate_constants_variable_kn9":1.0,"data_set_value_component_rate_constants_variable_k9_":0.0,"data_set_value_component_rate_constants_variable_k10":0.0,"data_set_value_component_rate_constants_variable_k11":1.0,"data_set_value_component_rate_constants_variable_k12":0.1,"data_set_value_component_rate_constants_variable_k13":1.0,"data_set_value_component_rate_constants_variable_k14":0.0005,"data_set_value_component_rate_constants_variable_k14_":1.0,"data_set_value_component_rate_constants_variable_k15":0.01,"data_set_value_component_rate_constants_variable_k16":0.0002,"data_set_value_component_rate_constants_variable_k17":0.1,"data_set_value_component_rate_constants_variable_k18":1.0,"data_set_value_component_rate_constants_variable_kn18":0.01,"data_set_value_component_rate_constants_variable_k20":0.1,"data_set_value_component_rate_constants_variable_k21":0.01,"data_set_value_component_rate_constants_variable_k22":0.1,"data_set_value_component_rate_constants_variable_k23":0.1,"data_set_value_component_rate_constants_variable_kn23":1.0,"data_set_value_component_rate_constants_variable_kPlk1":0.0,"data_set_value_component_rate_constants_variable_kPlk1_":0.0,"data_set_value_component_rate_constants_variable_kctak1":0.0,"data_set_value_component_rate_constants_variable_kctak1_":0.0,"data_set_value_component_rate_constants_variable_kex":1.0,"data_set_value_component_Chk1P_variable_Chk1P":0.0000000286,"data_set_value_component_Rad3_variable_Rad3":0.0,"data_set_value_component_p53_variable_p53":0.0,"data_set_value_component_preMPF_variable_preMPF":0.000201,"data_set_value_component_MPF_variable_MPF":0.00000001,"data_set_value_component_p21_variable_p21":0.0039210568,"data_set_value_component_p21_MPF_variable_p21_MPF":0.0,"data_set_value_component_iCdc25_variable_iCdc25":0.000005004,"data_set_value_component_iCdc25Ps216_variable_iCdc25Ps216":0.0000000001,"data_set_value_component_iCdc25Ps216_protein1433_variable_iCdc25Ps216_protein1433":0.0201233102,"data_set_value_component_aCdc25_variable_aCdc25":0.000000996,"data_set_value_component_aCdc25Ps216_variable_aCdc25Ps216":0.0,"data_set_value_component_protein1433_variable_protein1433":2.3136653289,"data_set_value_component_Wee1_variable_Wee1":0.00108,"data_set_value_component_Wee1P_variable_Wee1P":0.0,"data_set_value_component_aCdc25_T_variable_aCdc25_T":0.000000996,"data_set_value_component_V_1_variable_V_1":0.0,"data_set_value_component_V_1_variable_Chk1":0.9999999714,"data_set_value_component_V_1_variable_Chk1_T":1.0,"data_set_value_component_V_n1_variable_V_n1":0.0000002863,"data_set_value_component_V_2_variable_V_2":0.0,"data_set_value_component_V_n2_variable_V_n2":1.063351118e-16,"data_set_value_component_V_2__variable_V_2_":0.0,"data_set_value_component_V_3__variable_V_3_":0.0000000335,"data_set_value_component_V_n3__variable_V_n3_":0.0,"data_set_value_component_V_4_variable_V_4":0.0,"data_set_value_component_V_5_variable_V_5":0.0,"data_set_value_component_V_6_variable_V_6":0.0,"data_set_value_component_V_7_variable_V_7":0.0,"data_set_value_component_V_n7_variable_V_n7":0.00000001,"data_set_value_component_V_8_variable_V_8":0.0,"data_set_value_component_V_n8_variable_V_n8":0.0,"data_set_value_component_V_9_variable_V_9":0.0000000002,"data_set_value_component_V_n9_variable_V_n9":0.0,"data_set_value_component_V_10_variable_V_10":0.0,"data_set_value_component_V_11_variable_V_11":0.0,"data_set_value_component_V_12_variable_V_12":0.2313665329,"data_set_value_component_V_13_variable_V_13":1.0,"data_set_value_component_V_14_variable_V_14":0.0005,"data_set_value_component_V_15_variable_V_15":1.007099144e-18,"data_set_value_component_V_16_variable_V_16":0.0002,"data_set_value_component_V_17_variable_V_17":0.0,"data_set_value_component_V_18_variable_V_18":1.451245147e-18,"data_set_value_component_V_n18_variable_V_n18":1.063351118e-16,"data_set_value_component_V_20_variable_V_20":0.0,"data_set_value_component_V_21_variable_V_21":0.01,"data_set_value_component_V_22_variable_V_22":0.0003921057,"data_set_value_component_V_23_variable_V_23":0.0,"data_set_value_component_V_n23_variable_V_n23":0.0,"data_set_value_component_V_ex_variable_V_ex":0.0201233102,"data_set_value_component_V_in_variable_V_in":0.00001},{"data_set_value_component_environment_variable_time":0.5,"data_set_value_component_rate_constants_variable_k1":1.0,"data_set_value_component_rate_constants_variable_kn1":10.0,"data_set_value_component_rate_constants_variable_k2":0.1,"data_set_value_component_rate_constants_variable_kn2":0.01,"data_set_value_component_rate_constants_variable_k2_":0.1,"data_set_value_component_rate_constants_variable_k3_":100.0,"data_set_value_component_rate_constants_variable_kn3_":0.0,"data_set_value_component_rate_constants_variable_k4":0.0,"data_set_value_component_rate_constants_variable_k5":1.0,"data_set_value_component_rate_constants_variable_k6":0.01,"data_set_value_component_rate_constants_variable_k7":1.0,"data_set_value_component_rate_constants_variable_kn7":0.01,"data_set_value_component_rate_constants_variable_k8":0.1,"data_set_value_component_rate_constants_variable_kn8":0.01,"data_set_value_component_rate_constants_variable_k8_":0.0,"data_set_value_component_rate_constants_variable_k9":1.0,"data_set_value_component_rate_constants_variable_kn9":1.0,"data_set_value_component_rate_constants_variable_k9_":0.0,"data_set_value_component_rate_constants_variable_k10":0.0,"data_set_value_component_rate_constants_variable_k11":1.0,"data_set_value_component_rate_constants_variable_k12":0.1,"data_set_value_component_rate_constants_variable_k13":1.0,"data_set_value_component_rate_constants_variable_k14":0.0005,"data_set_value_component_rate_constants_variable_k14_":1.0,"data_set_value_component_rate_constants_variable_k15":0.01,"data_set_value_component_rate_constants_variable_k16":0.0002,"data_set_value_component_rate_constants_variable_k17":0.1,"data_set_value_component_rate_constants_variable_k18":1.0,"data_set_value_component_rate_constants_variable_kn18":0.01,"data_set_value_component_rate_constants_variable_k20":0.1,"data_set_value_component_rate_constants_variable_k21":0.01,"data_set_value_component_rate_constants_variable_k22":0.1,"data_set_value_component_rate_constants_variable_k23":0.1,"data_set_value_component_rate_constants_variable_kn23":1.0,"data_set_value_component_rate_constants_variable_kPlk1":0.0,"data_set_value_component_rate_constants_variable_kPlk1_":0.0,"data_set_value_component_rate_constants_variable_kctak1":0.0,"data_set_value_component_rate_constants_variable_kctak1_":0.0,"data_set_value_component_rate_constants_variable_kex":1.0,"data_set_value_component_Chk1P_variable_Chk1P":0.0000000133,"data_set_value_component_Rad3_variable_Rad3":0.0,"data_set_value_component_p53_variable_p53":0.0,"data_set_value_component_preMPF_variable_preMPF":0.0002509999,"data_set_value_component_MPF_variable_MPF":0.0000000101,"data_set_value_component_p21_variable_p21":0.0048770581,"data_set_value_component_p21_MPF_variable_p21_MPF":0.0,"data_set_value_component_iCdc25_variable_iCdc25":0.000006005,"data_set_value_component_iCdc25Ps216_variable_iCdc25Ps216":0.0000000001,"data_set_value_component_iCdc25Ps216_protein1433_variable_iCdc25Ps216_protein1433":0.0182085697,"data_set_value_component_aCdc25_variable_aCdc25":0.000000995,"data_set_value_component_aCdc25Ps216_variable_aCdc25Ps216":0.0,"data_set_value_component_protein1433_variable_protein1433":2.3901456204,"data_set_value_component_Wee1_variable_Wee1":0.0011,"data_set_value_component_Wee1P_variable_Wee1P":0.0,"data_set_value_component_aCdc25_T_variable_aCdc25_T":0.000000995,"data_set_value_component_V_1_variable_V_1":0.0,"data_set_value_component_V_1_variable_Chk1":0.9999999867,"data_set_value_component_V_1_variable_Chk1_T":1.0,"data_set_value_component_V_n1_variable_V_n1":0.0000001331,"data_set_value_component_V_2_variable_V_2":0.0,"data_set_value_component_V_n2_variable_V_n2":1.076447727e-16,"data_set_value_component_V_2__variable_V_2_":0.0,"data_set_value_component_V_3__variable_V_3_":0.0000000225,"data_set_value_component_V_n3__variable_V_n3_":0.0,"data_set_value_component_V_4_variable_V_4":0.0,"data_set_value_component_V_5_variable_V_5":0.0,"data_set_value_component_V_6_variable_V_6":0.0,"data_set_value_component_V_7_variable_V_7":0.0,"data_set_value_component_V_n7_variable_V_n7":0.00000001,"data_set_value_component_V_8_variable_V_8":0.0,"data_set_value_component_V_n8_variable_V_n8":0.0,"data_set_value_component_V_9_variable_V_9":0.0000000002,"data_set_value_component_V_n9_variable_V_n9":0.0,"data_set_value_component_V_10_variable_V_10":0.0,"data_set_value_component_V_11_variable_V_11":0.0,"data_set_value_component_V_12_variable_V_12":0.239014562,"data_set_value_component_V_13_variable_V_13":1.0,"data_set_value_component_V_14_variable_V_14":0.0005,"data_set_value_component_V_15_variable_V_15":1.011328048e-18,"data_set_value_component_V_16_variable_V_16":0.0002,"data_set_value_component_V_17_variable_V_17":0.0,"data_set_value_component_V_18_variable_V_18":9.458087651e-19,"data_set_value_component_V_n18_variable_V_n18":1.076447727e-16,"data_set_value_component_V_20_variable_V_20":0.0,"data_set_value_component_V_21_variable_V_21":0.01,"data_set_value_component_V_22_variable_V_22":0.0004877058,"data_set_value_component_V_23_variable_V_23":0.0,"data_set_value_component_V_n23_variable_V_n23":0.0,"data_set_value_component_V_ex_variable_V_ex":0.0182085697,"data_set_value_component_V_in_variable_V_in":0.00001},{"data_set_value_component_environment_variable_time":0.6,"data_set_value_component_rate_constants_variable_k1":1.0,"data_set_value_component_rate_constants_variable_kn1":10.0,"data_set_value_component_rate_constants_variable_k2":0.1,"data_set_value_component_rate_constants_variable_kn2":0.01,"data_set_value_component_rate_constants_variable_k2_":0.1,"data_set_value_component_rate_constants_variable_k3_":100.0,"data_set_value_component_rate_constants_variable_kn3_":0.0,"data_set_value_component_rate_constants_variable_k4":0.0,"data_set_value_component_rate_constants_variable_k5":1.0,"data_set_value_component_rate_constants_variable_k6":0.01,"data_set_value_component_rate_constants_variable_k7":1.0,"data_set_value_component_rate_constants_variable_kn7":0.01,"data_set_value_component_rate_constants_variable_k8":0.1,"data_set_value_component_rate_constants_variable_kn8":0.01,"data_set_value_component_rate_constants_variable_k8_":0.0,"data_set_value_component_rate_constants_variable_k9":1.0,"data_set_value_component_rate_constants_variable_kn9":1.0,"data_set_value_component_rate_constants_variable_k9_":0.0,"data_set_value_component_rate_constants_variable_k10":0.0,"data_set_value_component_rate_constants_variable_k11":1.0,"data_set_value_component_rate_constants_variable_k12":0.1,"data_set_value_component_rate_constants_variable_k13":1.0,"data_set_value_component_rate_constants_variable_k14":0.0005,"data_set_value_component_rate_constants_variable_k14_":1.0,"data_set_value_component_rate_constants_variable_k15":0.01,"data_set_value_component_rate_constants_variable_k16":0.0002,"data_set_value_component_rate_constants_variable_k17":0.1,"data_set_value_component_rate_constants_variable_k18":1.0,"data_set_value_component_rate_constants_variable_kn18":0.01,"data_set_value_component_rate_constants_variable_k20":0.1,"data_set_value_component_rate_constants_variable_k21":0.01,"data_set_value_component_rate_constants_variable_k22":0.1,"data_set_value_component_rate_constants_variable_k23":0.1,"data_set_value_component_rate_constants_variable_kn23":1.0,"data_set_value_component_rate_constants_variable_kPlk1":0.0,"data_set_value_component_rate_constants_variable_kPlk1_":0.0,"data_set_value_component_rate_constants_variable_kctak1":0.0,"data_set_value_component_rate_constants_variable_kctak1_":0.0,"data_set_value_component_rate_constants_variable_kex":1.0,"data_set_value_component_Chk1P_variable_Chk1P":0.000000005,"data_set_value_component_Rad3_variable_Rad3":0.0,"data_set_value_component_p53_variable_p53":0.0,"data_set_value_component_preMPF_variable_preMPF":0.0003009999,"data_set_value_component_MPF_variable_MPF":0.0000000101,"data_set_value_component_p21_variable_p21":0.0058235471,"data_set_value_component_p21_MPF_variable_p21_MPF":0.0,"data_set_value_component_iCdc25_variable_iCdc25":0.000007006,"data_set_value_component_iCdc25Ps216_variable_iCdc25Ps216":-0.0000000001,"data_set_value_component_iCdc25Ps216_protein1433_variable_iCdc25Ps216_protein1433":0.0164759289,"data_set_value_component_aCdc25_variable_aCdc25":0.000000994,"data_set_value_component_aCdc25Ps216_variable_aCdc25Ps216":0.0,"data_set_value_component_protein1433_variable_protein1433":2.4658649311,"data_set_value_component_Wee1_variable_Wee1":0.00112,"data_set_value_component_Wee1P_variable_Wee1P":0.0,"data_set_value_component_aCdc25_T_variable_aCdc25_T":0.000000994,"data_set_value_component_V_1_variable_V_1":0.0,"data_set_value_component_V_1_variable_Chk1":0.999999995,"data_set_value_component_V_1_variable_Chk1_T":1.0,"data_set_value_component_V_n1_variable_V_n1":0.0000000495,"data_set_value_component_V_2_variable_V_2":4.924861449e-16,"data_set_value_component_V_n2_variable_V_n2":1.082625814e-16,"data_set_value_component_V_2__variable_V_2_":0.0,"data_set_value_component_V_3__variable_V_3_":-0.0000000229,"data_set_value_component_V_n3__variable_V_n3_":0.0,"data_set_value_component_V_4_variable_V_4":0.0,"data_set_value_component_V_5_variable_V_5":0.0,"data_set_value_component_V_6_variable_V_6":0.0,"data_set_value_component_V_7_variable_V_7":0.0,"data_set_value_component_V_n7_variable_V_n7":0.0000000099,"data_set_value_component_V_8_variable_V_8":0.0,"data_set_value_component_V_n8_variable_V_n8":0.0,"data_set_value_component_V_9_variable_V_9":0.0000000003,"data_set_value_component_V_n9_variable_V_n9":0.0,"data_set_value_component_V_10_variable_V_10":0.0,"data_set_value_component_V_11_variable_V_11":0.0,"data_set_value_component_V_12_variable_V_12":0.2465864931,"data_set_value_component_V_13_variable_V_13":1.0,"data_set_value_component_V_14_variable_V_14":0.0005,"data_set_value_component_V_15_variable_V_15":1.016547421e-18,"data_set_value_component_V_16_variable_V_16":0.0002,"data_set_value_component_V_17_variable_V_17":0.0,"data_set_value_component_V_18_variable_V_18":-9.351076849e-19,"data_set_value_component_V_n18_variable_V_n18":1.082625814e-16,"data_set_value_component_V_20_variable_V_20":0.0,"data_set_value_component_V_21_variable_V_21":0.01,"data_set_value_component_V_22_variable_V_22":0.0005823547,"data_set_value_component_V_23_variable_V_23":0.0,"data_set_value_component_V_n23_variable_V_n23":0.0,"data_set_value_component_V_ex_variable_V_ex":0.0164759289,"data_set_value_component_V_in_variable_V_in":0.00001},{"data_set_value_component_environment_variable_time":0.7,"data_set_value_component_rate_constants_variable_k1":1.0,"data_set_value_component_rate_constants_variable_kn1":10.0,"data_set_value_component_rate_constants_variable_k2":0.1,"data_set_value_component_rate_constants_variable_kn2":0.01,"data_set_value_component_rate_constants_variable_k2_":0.1,"data_set_value_component_rate_constants_variable_k3_":100.0,"data_set_value_component_rate_constants_variable_kn3_":0.0,"data_set_value_component_rate_constants_variable_k4":0.0,"data_set_value_component_rate_constants_variable_k5":1.0,"data_set_value_component_rate_constants_variable_k6":0.01,"data_set_value_component_rate_constants_variable_k7":1.0,"data_set_value_component_rate_constants_variable_kn7":0.01,"data_set_value_component_rate_constants_variable_k8":0.1,"data_set_value_component_rate_constants_variable_kn8":0.01,"data_set_value_component_rate_constants_variable_k8_":0.0,"data_set_value_component_rate_constants_variable_k9":1.0,"data_set_value_component_rate_constants_variable_kn9":1.0,"data_set_value_component_rate_constants_variable_k9_":0.0,"data_set_value_component_rate_constants_variable_k10":0.0,"data_set_value_component_rate_constants_variable_k11":1.0,"data_set_value_component_rate_constants_variable_k12":0.1,"data_set_value_component_rate_constants_variable_k13":1.0,"data_set_value_component_rate_constants_variable_k14":0.0005,"data_set_value_component_rate_constants_variable_k14_":1.0,"data_set_value_component_rate_constants_variable_k15":0.01,"data_set_value_component_rate_constants_variable_k16":0.0002,"data_set_value_component_rate_constants_variable_k17":0.1,"data_set_value_component_rate_constants_variable_k18":1.0,"data_set_value_component_rate_constants_variable_kn18":0.01,"data_set_value_component_rate_constants_variable_k20":0.1,"data_set_value_component_rate_constants_variable_k21":0.01,"data_set_value_component_rate_constants_variable_k22":0.1,"data_set_value_component_rate_constants_variable_k23":0.1,"data_set_value_component_rate_constants_variable_kn23":1.0,"data_set_value_component_rate_constants_variable_kPlk1":0.0,"data_set_value_component_rate_constants_variable_kPlk1_":0.0,"data_set_value_component_rate_constants_variable_kctak1":0.0,"data_set_value_component_rate_constants_variable_kctak1_":0.0,"data_set_value_component_rate_constants_variable_kex":1.0,"data_set_value_component_Chk1P_variable_Chk1P":0.0000000017,"data_set_value_component_Rad3_variable_Rad3":0.0,"data_set_value_component_p53_variable_p53":0.0,"data_set_value_component_preMPF_variable_preMPF":0.0003509999,"data_set_value_component_MPF_variable_MPF":0.0000000101,"data_set_value_component_p21_variable_p21":0.0067606184,"data_set_value_component_p21_MPF_variable_p21_MPF":0.0,"data_set_value_component_iCdc25_variable_iCdc25":0.000008007,"data_set_value_component_iCdc25Ps216_variable_iCdc25Ps216":0.0,"data_set_value_component_iCdc25Ps216_protein1433_variable_iCdc25Ps216_protein1433":0.0149081712,"data_set_value_component_aCdc25_variable_aCdc25":0.000000993,"data_set_value_component_aCdc25Ps216_variable_aCdc25Ps216":0.0,"data_set_value_component_protein1433_variable_protein1433":2.540830822,"data_set_value_component_Wee1_variable_Wee1":0.00114,"data_set_value_component_Wee1P_variable_Wee1P":0.0,"data_set_value_component_aCdc25_T_variable_aCdc25_T":0.000000993,"data_set_value_component_V_1_variable_V_1":0.0,"data_set_value_component_V_1_variable_Chk1":0.9999999983,"data_set_value_component_V_1_variable_Chk1_T":1.0,"data_set_value_component_V_n1_variable_V_n1":0.0000000173,"data_set_value_component_V_2_variable_V_2":1.722136267e-16,"data_set_value_component_V_n2_variable_V_n2":1.08366567e-16,"data_set_value_component_V_2__variable_V_2_":0.0,"data_set_value_component_V_3__variable_V_3_":0.0000000035,"data_set_value_component_V_n3__variable_V_n3_":0.0,"data_set_value_component_V_4_variable_V_4":0.0,"data_set_value_component_V_5_variable_V_5":0.0,"data_set_value_component_V_6_variable_V_6":0.0,"data_set_value_component_V_7_variable_V_7":0.0,"data_set_value_component_V_n7_variable_V_n7":0.0000000099,"data_set_value_component_V_8_variable_V_8":0.0,"data_set_value_component_V_n8_variable_V_n8":0.0,"data_set_value_component_V_9_variable_V_9":0.0000000003,"data_set_value_component_V_n9_variable_V_n9":0.0,"data_set_value_component_V_10_variable_V_10":0.0,"data_set_value_component_V_11_variable_V_11":0.0,"data_set_value_component_V_12_variable_V_12":0.2540830822,"data_set_value_component_V_13_variable_V_13":1.0,"data_set_value_component_V_14_variable_V_14":0.0005,"data_set_value_component_V_15_variable_V_15":1.022763852e-18,"data_set_value_component_V_16_variable_V_16":0.0002,"data_set_value_component_V_17_variable_V_17":0.0,"data_set_value_component_V_18_variable_V_18":1.398640998e-19,"data_set_value_component_V_n18_variable_V_n18":1.08366567e-16,"data_set_value_component_V_20_variable_V_20":0.0,"data_set_value_component_V_21_variable_V_21":0.01,"data_set_value_component_V_22_variable_V_22":0.0006760618,"data_set_value_component_V_23_variable_V_23":0.0,"data_set_value_component_V_n23_variable_V_n23":0.0,"data_set_value_component_V_ex_variable_V_ex":0.0149081712,"data_set_value_component_V_in_variable_V_in":0.00001},{"data_set_value_component_environment_variable_time":0.8,"data_set_value_component_rate_constants_variable_k1":1.0,"data_set_value_component_rate_constants_variable_kn1":10.0,"data_set_value_component_rate_constants_variable_k2":0.1,"data_set_value_component_rate_constants_variable_kn2":0.01,"data_set_value_component_rate_constants_variable_k2_":0.1,"data_set_value_component_rate_constants_variable_k3_":100.0,"data_set_value_component_rate_constants_variable_kn3_":0.0,"data_set_value_component_rate_constants_variable_k4":0.0,"data_set_value_component_rate_constants_variable_k5":1.0,"data_set_value_component_rate_constants_variable_k6":0.01,"data_set_value_component_rate_constants_variable_k7":1.0,"data_set_value_component_rate_constants_variable_kn7":0.01,"data_set_value_component_rate_constants_variable_k8":0.1,"data_set_value_component_rate_constants_variable_kn8":0.01,"data_set_value_component_rate_constants_variable_k8_":0.0,"data_set_value_component_rate_constants_variable_k9":1.0,"data_set_value_component_rate_constants_variable_kn9":1.0,"data_set_value_component_rate_constants_variable_k9_":0.0,"data_set_value_component_rate_constants_variable_k10":0.0,"data_set_value_component_rate_constants_variable_k11":1.0,"data_set_value_component_rate_constants_variable_k12":0.1,"data_set_value_component_rate_constants_variable_k13":1.0,"data_set_value_component_rate_constants_variable_k14":0.0005,"data_set_value_component_rate_constants_variable_k14_":1.0,"data_set_value_component_rate_constants_variable_k15":0.01,"data_set_value_component_rate_constants_variable_k16":0.0002,"data_set_value_component_rate_constants_variable_k17":0.1,"data_set_value_component_rate_constants_variable_k18":1.0,"data_set_value_component_rate_constants_variable_kn18":0.01,"data_set_value_component_rate_constants_variable_k20":0.1,"data_set_value_component_rate_constants_variable_k21":0.01,"data_set_value_component_rate_constants_variable_k22":0.1,"data_set_value_component_rate_constants_variable_k23":0.1,"data_set_value_component_rate_constants_variable_kn23":1.0,"data_set_value_component_rate_constants_variable_kPlk1":0.0,"data_set_value_component_rate_constants_variable_kPlk1_":0.0,"data_set_value_component_rate_constants_variable_kctak1":0.0,"data_set_value_component_rate_constants_variable_kctak1_":0.0,"data_set_value_component_rate_constants_variable_kex":1.0,"data_set_value_component_Chk1P_variable_Chk1P":0.0000000008,"data_set_value_component_Rad3_variable_Rad3":0.0,"data_set_value_component_p53_variable_p53":0.0,"data_set_value_component_preMPF_variable_preMPF":0.0004009998,"data_set_value_component_MPF_variable_MPF":0.0000000101,"data_set_value_component_p21_variable_p21":0.0076883656,"data_set_value_component_p21_MPF_variable_p21_MPF":0.0,"data_set_value_component_iCdc25_variable_iCdc25":0.000009008,"data_set_value_component_iCdc25Ps216_variable_iCdc25Ps216":-0.0000000009,"data_set_value_component_iCdc25Ps216_protein1433_variable_iCdc25Ps216_protein1433":0.0134897397,"data_set_value_component_aCdc25_variable_aCdc25":0.000000992,"data_set_value_component_aCdc25Ps216_variable_aCdc25Ps216":0.0,"data_set_value_component_protein1433_variable_protein1433":2.6150507809,"data_set_value_component_Wee1_variable_Wee1":0.00116,"data_set_value_component_Wee1P_variable_Wee1P":0.0,"data_set_value_component_aCdc25_T_variable_aCdc25_T":0.000000992,"data_set_value_component_V_1_variable_V_1":0.0,"data_set_value_component_V_1_variable_Chk1":0.9999999992,"data_set_value_component_V_1_variable_Chk1_T":1.0,"data_set_value_component_V_n1_variable_V_n1":0.0000000084,"data_set_value_component_V_2_variable_V_2":8.351684492e-17,"data_set_value_component_V_n2_variable_V_n2":1.082347108e-16,"data_set_value_component_V_2__variable_V_2_":7.583597204e-16,"data_set_value_component_V_3__variable_V_3_":-0.0000002223,"data_set_value_component_V_n3__variable_V_n3_":0.0,"data_set_value_component_V_4_variable_V_4":0.0,"data_set_value_component_V_5_variable_V_5":0.0,"data_set_value_component_V_6_variable_V_6":0.0,"data_set_value_component_V_7_variable_V_7":0.0,"data_set_value_component_V_n7_variable_V_n7":0.0000000099,"data_set_value_component_V_8_variable_V_8":0.0,"data_set_value_component_V_n8_variable_V_n8":0.0,"data_set_value_component_V_9_variable_V_9":0.0000000004,"data_set_value_component_V_n9_variable_V_n9":0.0,"data_set_value_component_V_10_variable_V_10":0.0,"data_set_value_component_V_11_variable_V_11":0.0,"data_set_value_component_V_12_variable_V_12":0.2615050781,"data_set_value_component_V_13_variable_V_13":1.0,"data_set_value_component_V_14_variable_V_14":0.0005,"data_set_value_component_V_15_variable_V_15":1.029985193e-18,"data_set_value_component_V_16_variable_V_16":0.0002,"data_set_value_component_V_17_variable_V_17":0.0,"data_set_value_component_V_18_variable_V_18":-8.628739906e-18,"data_set_value_component_V_n18_variable_V_n18":1.082347108e-16,"data_set_value_component_V_20_variable_V_20":0.0,"data_set_value_component_V_21_variable_V_21":0.01,"data_set_value_component_V_22_variable_V_22":0.0007688366,"data_set_value_component_V_23_variable_V_23":0.0,"data_set_value_component_V_n23_variable_V_n23":0.0,"data_set_value_component_V_ex_variable_V_ex":0.0134897397,"data_set_value_component_V_in_variable_V_in":0.00001},{"data_set_value_component_environment_variable_time":0.9,"data_set_value_component_rate_constants_variable_k1":1.0,"data_set_value_component_rate_constants_variable_kn1":10.0,"data_set_value_component_rate_constants_variable_k2":0.1,"data_set_value_component_rate_constants_variable_kn2":0.01,"data_set_value_component_rate_constants_variable_k2_":0.1,"data_set_value_component_rate_constants_variable_k3_":100.0,"data_set_value_component_rate_constants_variable_kn3_":0.0,"data_set_value_component_rate_constants_variable_k4":0.0,"data_set_value_component_rate_constants_variable_k5":1.0,"data_set_value_component_rate_constants_variable_k6":0.01,"data_set_value_component_rate_constants_variable_k7":1.0,"data_set_value_component_rate_constants_variable_kn7":0.01,"data_set_value_component_rate_constants_variable_k8":0.1,"data_set_value_component_rate_constants_variable_kn8":0.01,"data_set_value_component_rate_constants_variable_k8_":0.0,"data_set_value_component_rate_constants_variable_k9":1.0,"data_set_value_component_rate_constants_variable_kn9":1.0,"data_set_value_component_rate_constants_variable_k9_":0.0,"data_set_value_component_rate_constants_variable_k10":0.0,"data_set_value_component_rate_constants_variable_k11":1.0,"data_set_value_component_rate_constants_variable_k12":0.1,"data_set_value_component_rate_constants_variable_k13":1.0,"data_set_value_component_rate_constants_variable_k14":0.0005,"data_set_value_component_rate_constants_variable_k14_":1.0,"data_set_value_component_rate_constants_variable_k15":0.01,"data_set_value_component_rate_constants_variable_k16":0.0002,"data_set_value_component_rate_constants_variable_k17":0.1,"data_set_value_component_rate_constants_variable_k18":1.0,"data_set_value_component_rate_constants_variable_kn18":0.01,"data_set_value_component_rate_constants_variable_k20":0.1,"data_set_value_component_rate_constants_variable_k21":0.01,"data_set_value_component_rate_constants_variable_k22":0.1,"data_set_value_component_rate_constants_variable_k23":0.1,"data_set_value_component_rate_constants_variable_kn23":1.0,"data_set_value_component_rate_constants_variable_kPlk1":0.0,"data_set_value_component_rate_constants_variable_kPlk1_":0.0,"data_set_value_component_rate_constants_variable_kctak1":0.0,"data_set_value_component_rate_constants_variable_kctak1_":0.0,"data_set_value_component_rate_constants_variable_kex":1.0,"data_set_value_component_Chk1P_variable_Chk1P":0.0000000005,"data_set_value_component_Rad3_variable_Rad3":0.0,"data_set_value_component_p53_variable_p53":0.0,"data_set_value_component_preMPF_variable_preMPF":0.0004509998,"data_set_value_component_MPF_variable_MPF":0.0000000102,"data_set_value_component_p21_variable_p21":0.0086068815,"data_set_value_component_p21_MPF_variable_p21_MPF":0.0,"data_set_value_component_iCdc25_variable_iCdc25":0.000010009,"data_set_value_component_iCdc25Ps216_variable_iCdc25Ps216":-0.0000000006,"data_set_value_component_iCdc25Ps216_protein1433_variable_iCdc25Ps216_protein1433":0.0122063655,"data_set_value_component_aCdc25_variable_aCdc25":0.000000991,"data_set_value_component_aCdc25Ps216_variable_aCdc25Ps216":0.0,"data_set_value_component_protein1433_variable_protein1433":2.6885322351,"data_set_value_component_Wee1_variable_Wee1":0.00118,"data_set_value_component_Wee1P_variable_Wee1P":0.0,"data_set_value_component_aCdc25_T_variable_aCdc25_T":0.000000991,"data_set_value_component_V_1_variable_V_1":0.0,"data_set_value_component_V_1_variable_Chk1":0.9999999995,"data_set_value_component_V_1_variable_Chk1_T":1.0,"data_set_value_component_V_n1_variable_V_n1":0.0000000054,"data_set_value_component_V_2_variable_V_2":5.371083841e-17,"data_set_value_component_V_n2_variable_V_n2":1.080420622e-16,"data_set_value_component_V_2__variable_V_2_":5.424497315e-16,"data_set_value_component_V_3__variable_V_3_":-0.0000001519,"data_set_value_component_V_n3__variable_V_n3_":0.0,"data_set_value_component_V_4_variable_V_4":0.0,"data_set_value_component_V_5_variable_V_5":0.0,"data_set_value_component_V_6_variable_V_6":0.0,"data_set_value_component_V_7_variable_V_7":0.0,"data_set_value_component_V_n7_variable_V_n7":0.0000000099,"data_set_value_component_V_8_variable_V_8":0.0,"data_set_value_component_V_n8_variable_V_n8":0.0,"data_set_value_component_V_9_variable_V_9":0.0000000004,"data_set_value_component_V_n9_variable_V_n9":0.0,"data_set_value_component_V_10_variable_V_10":0.0,"data_set_value_component_V_11_variable_V_11":0.0,"data_set_value_component_V_12_variable_V_12":0.2688532235,"data_set_value_component_V_13_variable_V_13":1.0,"data_set_value_component_V_14_variable_V_14":0.0005,"data_set_value_component_V_15_variable_V_15":1.03822059e-18,"data_set_value_component_V_16_variable_V_16":0.0002,"data_set_value_component_V_17_variable_V_17":0.0,"data_set_value_component_V_18_variable_V_18":-5.758539921e-18,"data_set_value_component_V_n18_variable_V_n18":1.080420622e-16,"data_set_value_component_V_20_variable_V_20":0.0,"data_set_value_component_V_21_variable_V_21":0.01,"data_set_value_component_V_22_variable_V_22":0.0008606881,"data_set_value_component_V_23_variable_V_23":0.0,"data_set_value_component_V_n23_variable_V_n23":0.0,"data_set_value_component_V_ex_variable_V_ex":0.0122063655,"data_set_value_component_V_in_variable_V_in":0.00001},{"data_set_value_component_environment_variable_time":1.0,"data_set_value_component_rate_constants_variable_k1":1.0,"data_set_value_component_rate_constants_variable_kn1":10.0,"data_set_value_component_rate_constants_variable_k2":0.1,"data_set_value_component_rate_constants_variable_kn2":0.01,"data_set_value_component_rate_constants_variable_k2_":0.1,"data_set_value_component_rate_constants_variable_k3_":100.0,"data_set_value_component_rate_constants_variable_kn3_":0.0,"data_set_value_component_rate_constants_variable_k4":0.0,"data_set_value_component_rate_constants_variable_k5":1.0,"data_set_value_component_rate_constants_variable_k6":0.01,"data_set_value_component_rate_constants_variable_k7":1.0,"data_set_value_component_rate_constants_variable_kn7":0.01,"data_set_value_component_rate_constants_variable_k8":0.1,"data_set_value_component_rate_constants_variable_kn8":0.01,"data_set_value_component_rate_constants_variable_k8_":0.0,"data_set_value_component_rate_constants_variable_k9":1.0,"data_set_value_component_rate_constants_variable_kn9":1.0,"data_set_value_component_rate_constants_variable_k9_":0.0,"data_set_value_component_rate_constants_variable_k10":0.0,"data_set_value_component_rate_constants_variable_k11":1.0,"data_set_value_component_rate_constants_variable_k12":0.1,"data_set_value_component_rate_constants_variable_k13":1.0,"data_set_value_component_rate_constants_variable_k14":0.0005,"data_set_value_component_rate_constants_variable_k14_":1.0,"data_set_value_component_rate_constants_variable_k15":0.01,"data_set_value_component_rate_constants_variable_k16":0.0002,"data_set_value_component_rate_constants_variable_k17":0.1,"data_set_value_component_rate_constants_variable_k18":1.0,"data_set_value_component_rate_constants_variable_kn18":0.01,"data_set_value_component_rate_constants_variable_k20":0.1,"data_set_value_component_rate_constants_variable_k21":0.01,"data_set_value_component_rate_constants_variable_k22":0.1,"data_set_value_component_rate_constants_variable_k23":0.1,"data_set_value_component_rate_constants_variable_kn23":1.0,"data_set_value_component_rate_constants_variable_kPlk1":0.0,"data_set_value_component_rate_constants_variable_kPlk1_":0.0,"data_set_value_component_rate_constants_variable_kctak1":0.0,"data_set_value_component_rate_constants_variable_kctak1_":0.0,"data_set_value_component_rate_constants_variable_kex":1.0,"data_set_value_component_Chk1P_variable_Chk1P":0.0000000003,"data_set_value_component_Rad3_variable_Rad3":0.0,"data_set_value_component_p53_variable_p53":0.0,"data_set_value_component_preMPF_variable_preMPF":0.0005009998,"data_set_value_component_MPF_variable_MPF":0.0000000102,"data_set_value_component_p21_variable_p21":0.009516258,"data_set_value_component_p21_MPF_variable_p21_MPF":0.0,"data_set_value_component_iCdc25_variable_iCdc25":0.00001101,"data_set_value_component_iCdc25Ps216_variable_iCdc25Ps216":0.0000000003,"data_set_value_component_iCdc25Ps216_protein1433_variable_iCdc25Ps216_protein1433":0.0110450936,"data_set_value_component_aCdc25_variable_aCdc25":0.00000099,"data_set_value_component_aCdc25Ps216_variable_aCdc25Ps216":0.0,"data_set_value_component_protein1433_variable_protein1433":2.7612825373,"data_set_value_component_Wee1_variable_Wee1":0.0012,"data_set_value_component_Wee1P_variable_Wee1P":0.0,"data_set_value_component_aCdc25_T_variable_aCdc25_T":0.00000099,"data_set_value_component_V_1_variable_V_1":0.0,"data_set_value_component_V_1_variable_Chk1":0.9999999997,"data_set_value_component_V_1_variable_Chk1_T":1.0,"data_set_value_component_V_n1_variable_V_n1":0.0000000032,"data_set_value_component_V_2_variable_V_2":3.13719543e-17,"data_set_value_component_V_n2_variable_V_n2":1.078465932e-16,"data_set_value_component_V_2__variable_V_2_":3.488749974e-16,"data_set_value_component_V_3__variable_V_3_":0.0000000797,"data_set_value_component_V_n3__variable_V_n3_":0.0,"data_set_value_component_V_4_variable_V_4":0.0,"data_set_value_component_V_5_variable_V_5":0.0,"data_set_value_component_V_6_variable_V_6":0.0,"data_set_value_component_V_7_variable_V_7":0.0,"data_set_value_component_V_n7_variable_V_n7":0.0000000099,"data_set_value_component_V_8_variable_V_8":0.0,"data_set_value_component_V_n8_variable_V_n8":0.0,"data_set_value_component_V_9_variable_V_9":0.0000000005,"data_set_value_component_V_n9_variable_V_n9":0.0,"data_set_value_component_V_10_variable_V_10":0.0,"data_set_value_component_V_11_variable_V_11":0.0,"data_set_value_component_V_12_variable_V_12":0.2761282537,"data_set_value_component_V_13_variable_V_13":1.0,"data_set_value_component_V_14_variable_V_14":0.0005,"data_set_value_component_V_15_variable_V_15":1.047480469e-18,"data_set_value_component_V_16_variable_V_16":0.0002,"data_set_value_component_V_17_variable_V_17":0.0,"data_set_value_component_V_18_variable_V_18":2.954638121e-18,"data_set_value_component_V_n18_variable_V_n18":1.078465932e-16,"data_set_value_component_V_20_variable_V_20":0.0,"data_set_value_component_V_21_variable_V_21":0.01,"data_set_value_component_V_22_variable_V_22":0.0009516258,"data_set_value_component_V_23_variable_V_23":0.0,"data_set_value_component_V_n23_variable_V_n23":0.0,"data_set_value_component_V_ex_variable_V_ex":0.0110450936,"data_set_value_component_V_in_variable_V_in":0.00001}]