[{"data_generator_V":-70.0,"data_generator_W":0.000025},{"data_generator_V":-69.257751,"data_generator_W":0.0000002868},{"data_generator_V":-69.258926,"data_generator_W":0.0000002867},{"data_generator_V":-69.259987,"data_generator_W":0.0000002867},{"data_generator_V":-69.260941,"data_generator_W":0.0000002866},{"data_generator_V":-69.26181,"data_generator_W":0.0000002865},{"data_generator_V":-69.262589,"data_generator_W":0.0000002865},{"data_generator_V":-69.263298,"data_generator_W":0.0000002864},{"data_generator_V":-69.263939,"data_generator_W":0.0000002864},{"data_generator_V":-69.264519,"data_generator_W":0.0000002863},{"data_generator_V":-69.265045,"data_generator_W":0.0000002863},{"data_generator_V":-69.265518,"data_generator_W":0.0000002863},{"data_generator_V":-69.265945,"data_generator_W":0.0000002862},{"data_generator_V":-69.266335,"data_generator_W":0.0000002862},{"data_generator_V":-69.266685,"data_generator_W":0.0000002862},{"data_generator_V":-69.267006,"data_generator_W":0.0000002861},{"data_generator_V":-69.267288,"data_generator_W":0.0000002861},{"data_generator_V":-69.267548,"data_generator_W":0.0000002861},{"data_generator_V":-69.267784,"data_generator_W":0.0000002861},{"data_generator_V":-69.267998,"data_generator_W":0.0000002861},{"data_generator_V":-69.268188,"data_generator_W":0.0000002861},{"data_generator_V":-69.268364,"data_generator_W":0.0000002861},{"data_generator_V":-69.268524,"data_generator_W":0.000000286},{"data_generator_V":-69.268661,"data_generator_W":0.000000286},{"data_generator_V":-69.268791,"data_generator_W":0.000000286},{"data_generator_V":-69.268906,"data_generator_W":0.000000286},{"data_generator_V":-69.269012,"data_generator_W":0.000000286},{"data_generator_V":-69.269112,"data_generator_W":0.000000286},{"data_generator_V":-69.269196,"data_generator_W":0.000000286},{"data_generator_V":-69.269272,"data_generator_W":0.000000286},{"data_generator_V":-69.269341,"data_generator_W":0.000000286},{"data_generator_V":-69.269409,"data_generator_W":0.000000286},{"data_generator_V":-69.269463,"data_generator_W":0.000000286},{"data_generator_V":-69.269516,"data_generator_W":0.000000286},{"data_generator_V":-69.269562,"data_generator_W":0.000000286},{"data_generator_V":-69.269608,"data_generator_W":0.000000286},{"data_generator_V":-69.269646,"data_generator_W":0.000000286},{"data_generator_V":-69.269684,"data_generator_W":0.000000286},{"data_generator_V":-69.269714,"data_generator_W":0.000000286},{"data_generator_V":-69.269745,"data_generator_W":0.000000286},{"data_generator_V":-69.269768,"data_generator_W":0.000000286},{"data_generator_V":-69.269791,"data_generator_W":0.000000286},{"data_generator_V":-69.269814,"data_generator_W":0.0000002859},{"data_generator_V":-69.269829,"data_generator_W":0.0000002859},{"data_generator_V":-69.269852,"data_generator_W":0.0000002859},{"data_generator_V":-69.269867,"data_generator_W":0.0000002859},{"data_generator_V":-69.269882,"data_generator_W":0.0000002859},{"data_generator_V":-69.26989,"data_generator_W":0.0000002859},{"data_generator_V":-69.269905,"data_generator_W":0.0000002859},{"data_generator_V":-69.269913,"data_generator_W":0.0000002859},{"data_generator_V":-69.26992,"data_generator_W":0.0000002859},{"data_generator_V":-69.269936,"data_generator_W":0.0000002859},{"data_generator_V":-69.269943,"data_generator_W":0.0000002859},{"data_generator_V":-69.269951,"data_generator_W":0.0000002859},{"data_generator_V":-69.269951,"data_generator_W":0.0000002859},{"data_generator_V":-69.269958,"data_generator_W":0.0000002859},{"data_generator_V":-69.269966,"data_generator_W":0.0000002859},{"data_generator_V":-69.269966,"data_generator_W":0.0000002859},{"data_generator_V":-69.269974,"data_generator_W":0.0000002859},{"data_generator_V":-69.269974,"data_generator_W":0.0000002859},{"data_generator_V":-69.269981,"data_generator_W":0.0000002859},{"data_generator_V":-69.269981,"data_generator_W":0.0000002859},{"data_generator_V":-69.269989,"data_generator_W":0.0000002859},{"data_generator_V":-69.269989,"data_generator_W":0.0000002859},{"data_generator_V":-69.269989,"data_generator_W":0.0000002859},{"data_generator_V":-69.269997,"data_generator_W":0.0000002859},{"data_generator_V":-69.269997,"data_generator_W":0.0000002859},{"data_generator_V":-69.269997,"data_generator_W":0.0000002859},{"data_generator_V":-69.269997,"data_generator_W":0.0000002859},{"data_generator_V":-69.270004,"data_generator_W":0.0000002859},{"data_generator_V":-69.270004,"data_generator_W":0.0000002859},{"data_generator_V":-69.270004,"data_generator_W":0.0000002859},{"data_generator_V":-69.270004,"data_generator_W":0.0000002859},{"data_generator_V":-69.270004,"data_generator_W":0.0000002859},{"data_generator_V":-69.270004,"data_generator_W":0.0000002859},{"data_generator_V":-69.270004,"data_generator_W":0.0000002859},{"data_generator_V":-69.270004,"data_generator_W":0.0000002859},{"data_generator_V":-69.270012,"data_generator_W":0.0000002859},{"data_generator_V":-69.270012,"data_generator_W":0.0000002859},{"data_generator_V":-69.270012,"data_generator_W":0.0000002859},{"data_generator_V":-69.270012,"data_generator_W":0.0000002859},{"data_generator_V":-69.270012,"data_generator_W":0.0000002859},{"data_generator_V":-69.270012,"data_generator_W":0.0000002859},{"data_generator_V":-69.270012,"data_generator_W":0.0000002859},{"data_generator_V":-69.270012,"data_generator_W":0.0000002859},{"data_generator_V":-69.270012,"data_generator_W":0.0000002859},{"data_generator_V":-69.270012,"data_generator_W":0.0000002859},{"data_generator_V":-69.270012,"data_generator_W":0.0000002859},{"data_generator_V":-69.270012,"data_generator_W":0.0000002859},{"data_generator_V":-69.270012,"data_generator_W":0.0000002859},{"data_generator_V":-69.270012,"data_generator_W":0.0000002859},{"data_generator_V":-69.270012,"data_generator_W":0.0000002859},{"data_generator_V":-69.270012,"data_generator_W":0.0000002859},{"data_generator_V":-69.270012,"data_generator_W":0.0000002859},{"data_generator_V":-69.270012,"data_generator_W":0.0000002859},{"data_generator_V":-69.270012,"data_generator_W":0.0000002859},{"data_generator_V":-69.270012,"data_generator_W":0.0000002859},{"data_generator_V":-69.270012,"data_generator_W":0.0000002859},{"data_generator_V":-69.270012,"data_generator_W":0.0000002859},{"data_generator_V":-69.270012,"data_generator_W":0.0000002859},{"data_generator_V":-69.270012,"data_generator_W":0.0000002859},{"data_generator_V":-69.270012,"data_generator_W":0.0000002859},{"data_generator_V":-69.270012,"data_generator_W":0.0000002859},{"data_generator_V":-69.270012,"data_generator_W":0.0000002859},{"data_generator_V":-69.270012,"data_generator_W":0.0000002859},{"data_generator_V":-69.270012,"data_generator_W":0.0000002859},{"data_generator_V":-69.270012,"data_generator_W":0.0000002859},{"data_generator_V":-69.270012,"data_generator_W":0.0000002859},{"data_generator_V":-69.270012,"data_generator_W":0.0000002859},{"data_generator_V":-69.270012,"data_generator_W":0.0000002859},{"data_generator_V":-69.270012,"data_generator_W":0.0000002859},{"data_generator_V":-69.270012,"data_generator_W":0.0000002859},{"data_generator_V":-69.270012,"data_generator_W":0.0000002859},{"data_generator_V":-69.270012,"data_generator_W":0.0000002859},{"data_generator_V":-69.270012,"data_generator_W":0.0000002859},{"data_generator_V":-69.270012,"data_generator_W":0.0000002859},{"data_generator_V":-69.270012,"data_generator_W":0.0000002859},{"data_generator_V":-69.270012,"data_generator_W":0.0000002859},{"data_generator_V":-69.270012,"data_generator_W":0.0000002859},{"data_generator_V":-69.270012,"data_generator_W":0.0000002859},{"data_generator_V":-69.270012,"data_generator_W":0.0000002859},{"data_generator_V":-69.270012,"data_generator_W":0.0000002859},{"data_generator_V":-69.270012,"data_generator_W":0.0000002859},{"data_generator_V":-69.270012,"data_generator_W":0.0000002859},{"data_generator_V":-69.270012,"data_generator_W":0.0000002859},{"data_generator_V":-69.270012,"data_generator_W":0.0000002859},{"data_generator_V":-69.270012,"data_generator_W":0.0000002859},{"data_generator_V":-69.270012,"data_generator_W":0.0000002859},{"data_generator_V":-69.270012,"data_generator_W":0.0000002859},{"data_generator_V":-69.270012,"data_generator_W":0.0000002859},{"data_generator_V":-69.270012,"data_generator_W":0.0000002859},{"data_generator_V":-69.270012,"data_generator_W":0.0000002859},{"data_generator_V":-69.270012,"data_generator_W":0.0000002859},{"data_generator_V":-69.270012,"data_generator_W":0.0000002859},{"data_generator_V":-69.270012,"data_generator_W":0.0000002859},{"data_generator_V":-69.270012,"data_generator_W":0.0000002859},{"data_generator_V":-69.270012,"data_generator_W":0.0000002859},{"data_generator_V":-69.270012,"data_generator_W":0.0000002859},{"data_generator_V":-69.270012,"data_generator_W":0.0000002859},{"data_generator_V":-69.270012,"data_generator_W":0.0000002859},{"data_generator_V":-69.270012,"data_generator_W":0.0000002859},{"data_generator_V":-69.270012,"data_generator_W":0.0000002859},{"data_generator_V":-69.270012,"data_generator_W":0.0000002859},{"data_generator_V":-69.270012,"data_generator_W":0.0000002859},{"data_generator_V":-69.270012,"data_generator_W":0.0000002859},{"data_generator_V":-69.270012,"data_generator_W":0.0000002859},{"data_generator_V":-69.270012,"data_generator_W":0.0000002859},{"data_generator_V":-69.270012,"data_generator_W":0.0000002859},{"data_generator_V":-69.270012,"data_generator_W":0.0000002859},{"data_generator_V":-69.270012,"data_generator_W":0.0000002859},{"data_generator_V":-69.270012,"data_generator_W":0.0000002859},{"data_generator_V":-69.270012,"data_generator_W":0.0000002859},{"data_generator_V":-69.270012,"data_generator_W":0.0000002859},{"data_generator_V":-69.270012,"data_generator_W":0.0000002859},{"data_generator_V":-69.270012,"data_generator_W":0.0000002859},{"data_generator_V":-69.270012,"data_generator_W":0.0000002859},{"data_generator_V":-69.270012,"data_generator_W":0.0000002859},{"data_generator_V":-69.270012,"data_generator_W":0.0000002859},{"data_generator_V":-69.270012,"data_generator_W":0.0000002859},{"data_generator_V":-69.270012,"data_generator_W":0.0000002859},{"data_generator_V":-69.270012,"data_generator_W":0.0000002859},{"data_generator_V":-69.270012,"data_generator_W":0.0000002859},{"data_generator_V":-69.270012,"data_generator_W":0.0000002859},{"data_generator_V":-69.270012,"data_generator_W":0.0000002859},{"data_generator_V":-69.270012,"data_generator_W":0.0000002859},{"data_generator_V":-69.270012,"data_generator_W":0.0000002859},{"data_generator_V":-69.270012,"data_generator_W":0.0000002859},{"data_generator_V":-69.270012,"data_generator_W":0.0000002859},{"data_generator_V":-69.270012,"data_generator_W":0.0000002859},{"data_generator_V":-69.270012,"data_generator_W":0.0000002859},{"data_generator_V":-69.270012,"data_generator_W":0.0000002859},{"data_generator_V":-69.270012,"data_generator_W":0.0000002859},{"data_generator_V":-69.270012,"data_generator_W":0.0000002859},{"data_generator_V":-69.270012,"data_generator_W":0.0000002859},{"data_generator_V":-69.270012,"data_generator_W":0.0000002859},{"data_generator_V":-69.270012,"data_generator_W":0.0000002859},{"data_generator_V":-69.270012,"data_generator_W":0.0000002859},{"data_generator_V":-69.270012,"data_generator_W":0.0000002859},{"data_generator_V":-69.270012,"data_generator_W":0.0000002859},{"data_generator_V":-69.270012,"data_generator_W":0.0000002859},{"data_generator_V":-69.270012,"data_generator_W":0.0000002859},{"data_generator_V":-69.270012,"data_generator_W":0.0000002859},{"data_generator_V":-69.270012,"data_generator_W":0.0000002859},{"data_generator_V":-69.270012,"data_generator_W":0.0000002859},{"data_generator_V":-69.270012,"data_generator_W":0.0000002859},{"data_generator_V":-69.270012,"data_generator_W":0.0000002859},{"data_generator_V":-69.270012,"data_generator_W":0.0000002859},{"data_generator_V":-69.270012,"data_generator_W":0.0000002859},{"data_generator_V":-69.270012,"data_generator_W":0.0000002859},{"data_generator_V":-69.270012,"data_generator_W":0.0000002859},{"data_generator_V":-69.270012,"data_generator_W":0.0000002859},{"data_generator_V":-69.270012,"data_generator_W":0.0000002859},{"data_generator_V":-69.270012,"data_generator_W":0.0000002859},{"data_generator_V":-69.270012,"data_generator_W":0.0000002859},{"data_generator_V":-69.270012,"data_generator_W":0.0000002859},{"data_generator_V":-69.270012,"data_generator_W":0.0000002859},{"data_generator_V":-69.270012,"data_generator_W":0.0000002859},{"data_generator_V":-69.270012,"data_generator_W":0.0000002859},{"data_generator_V":-69.270012,"data_generator_W":0.0000002859},{"data_generator_V":-69.270012,"data_generator_W":0.0000002859},{"data_generator_V":-69.270012,"data_generator_W":0.0000002859},{"data_generator_V":-69.270012,"data_generator_W":0.0000002859},{"data_generator_V":-69.270012,"data_generator_W":0.0000002859},{"data_generator_V":-69.270012,"data_generator_W":0.0000002859},{"data_generator_V":-69.270012,"data_generator_W":0.0000002859},{"data_generator_V":-69.270012,"data_generator_W":0.0000002859},{"data_generator_V":-69.270012,"data_generator_W":0.0000002859},{"data_generator_V":-69.270012,"data_generator_W":0.0000002859},{"data_generator_V":-69.270012,"data_generator_W":0.0000002859},{"data_generator_V":-69.270012,"data_generator_W":0.0000002859},{"data_generator_V":-69.270012,"data_generator_W":0.0000002859},{"data_generator_V":-69.270012,"data_generator_W":0.0000002859},{"data_generator_V":-69.270012,"data_generator_W":0.0000002859},{"data_generator_V":-69.270012,"data_generator_W":0.0000002859},{"data_generator_V":-69.270012,"data_generator_W":0.0000002859},{"data_generator_V":-69.270012,"data_generator_W":0.0000002859},{"data_generator_V":-69.270012,"data_generator_W":0.0000002859},{"data_generator_V":-69.270012,"data_generator_W":0.0000002859},{"data_generator_V":-69.270012,"data_generator_W":0.0000002859},{"data_generator_V":-69.270012,"data_generator_W":0.0000002859},{"data_generator_V":-69.270012,"data_generator_W":0.0000002859},{"data_generator_V":-69.270012,"data_generator_W":0.0000002859},{"data_generator_V":-69.270012,"data_generator_W":0.0000002859},{"data_generator_V":-69.270012,"data_generator_W":0.0000002859},{"data_generator_V":-69.270012,"data_generator_W":0.0000002859},{"data_generator_V":-69.270012,"data_generator_W":0.0000002859},{"data_generator_V":-69.270012,"data_generator_W":0.0000002859},{"data_generator_V":-69.270012,"data_generator_W":0.0000002859},{"data_generator_V":-69.270012,"data_generator_W":0.0000002859},{"data_generator_V":-69.270012,"data_generator_W":0.0000002859},{"data_generator_V":-69.270012,"data_generator_W":0.0000002859},{"data_generator_V":-69.270012,"data_generator_W":0.0000002859},{"data_generator_V":-69.270012,"data_generator_W":0.0000002859},{"data_generator_V":-69.270012,"data_generator_W":0.0000002859},{"data_generator_V":-69.270012,"data_generator_W":0.0000002859},{"data_generator_V":-69.270012,"data_generator_W":0.0000002859},{"data_generator_V":-69.270012,"data_generator_W":0.0000002859},{"data_generator_V":-69.270012,"data_generator_W":0.0000002859},{"data_generator_V":-69.270012,"data_generator_W":0.0000002859},{"data_generator_V":-69.270012,"data_generator_W":0.0000002859},{"data_generator_V":-69.270012,"data_generator_W":0.0000002859},{"data_generator_V":-69.270012,"data_generator_W":0.0000002859},{"data_generator_V":-69.270012,"data_generator_W":0.0000002859},{"data_generator_V":-69.270012,"data_generator_W":0.0000002859},{"data_generator_V":-69.270012,"data_generator_W":0.0000002859},{"data_generator_V":-69.270012,"data_generator_W":0.0000002859},{"data_generator_V":-69.270012,"data_generator_W":0.0000002859},{"data_generator_V":-69.270012,"data_generator_W":0.0000002859},{"data_generator_V":-69.270012,"data_generator_W":0.0000002859},{"data_generator_V":-69.270012,"data_generator_W":0.0000002859},{"data_generator_V":-69.270012,"data_generator_W":0.0000002859},{"data_generator_V":-69.270012,"data_generator_W":0.0000002859},{"data_generator_V":-69.270012,"data_generator_W":0.0000002859},{"data_generator_V":-69.270012,"data_generator_W":0.0000002859},{"data_generator_V":-69.270012,"data_generator_W":0.0000002859},{"data_generator_V":-69.270012,"data_generator_W":0.0000002859},{"data_generator_V":-69.270012,"data_generator_W":0.0000002859},{"data_generator_V":-69.270012,"data_generator_W":0.0000002859},{"data_generator_V":-69.270012,"data_generator_W":0.0000002859},{"data_generator_V":-69.270012,"data_generator_W":0.0000002859},{"data_generator_V":-69.270012,"data_generator_W":0.0000002859},{"data_generator_V":-69.270012,"data_generator_W":0.0000002859},{"data_generator_V":-69.270012,"data_generator_W":0.0000002859},{"data_generator_V":-69.270012,"data_generator_W":0.0000002859},{"data_generator_V":-69.270012,"data_generator_W":0.0000002859},{"data_generator_V":-69.270012,"data_generator_W":0.0000002859},{"data_generator_V":-69.270012,"data_generator_W":0.0000002859},{"data_generator_V":-69.270012,"data_generator_W":0.0000002859},{"data_generator_V":-69.270012,"data_generator_W":0.0000002859},{"data_generator_V":-69.270012,"data_generator_W":0.0000002859},{"data_generator_V":-69.270012,"data_generator_W":0.0000002859},{"data_generator_V":-69.270012,"data_generator_W":0.0000002859},{"data_generator_V":-69.270012,"data_generator_W":0.0000002859},{"data_generator_V":-69.270012,"data_generator_W":0.0000002859},{"data_generator_V":-69.270012,"data_generator_W":0.0000002859},{"data_generator_V":-69.270012,"data_generator_W":0.0000002859},{"data_generator_V":-69.270012,"data_generator_W":0.0000002859},{"data_generator_V":-69.270012,"data_generator_W":0.0000002859},{"data_generator_V":-69.270012,"data_generator_W":0.0000002859},{"data_generator_V":-69.270012,"data_generator_W":0.0000002859},{"data_generator_V":-69.270012,"data_generator_W":0.0000002859},{"data_generator_V":-69.270012,"data_generator_W":0.0000002859},{"data_generator_V":-69.270012,"data_generator_W":0.0000002859},{"data_generator_V":-69.270012,"data_generator_W":0.0000002859},{"data_generator_V":-69.270012,"data_generator_W":0.0000002859},{"data_generator_V":-69.270012,"data_generator_W":0.0000002859},{"data_generator_V":-69.270012,"data_generator_W":0.0000002859},{"data_generator_V":-69.270012,"data_generator_W":0.0000002859},{"data_generator_V":-69.270012,"data_generator_W":0.0000002859},{"data_generator_V":-69.270012,"data_generator_W":0.0000002859},{"data_generator_V":-69.270012,"data_generator_W":0.0000002859},{"data_generator_V":-69.270012,"data_generator_W":0.0000002859},{"data_generator_V":-69.270012,"data_generator_W":0.0000002859},{"data_generator_V":-69.270012,"data_generator_W":0.0000002859},{"data_generator_V":-69.270012,"data_generator_W":0.0000002859},{"data_generator_V":-69.270012,"data_generator_W":0.0000002859},{"data_generator_V":-69.270012,"data_generator_W":0.0000002859},{"data_generator_V":-69.270012,"data_generator_W":0.0000002859},{"data_generator_V":-69.270012,"data_generator_W":0.0000002859},{"data_generator_V":-69.270012,"data_generator_W":0.0000002859},{"data_generator_V":-69.270012,"data_generator_W":0.0000002859},{"data_generator_V":-69.270012,"data_generator_W":0.0000002859},{"data_generator_V":-69.270012,"data_generator_W":0.0000002859},{"data_generator_V":-69.270012,"data_generator_W":0.0000002859},{"data_generator_V":-69.270012,"data_generator_W":0.0000002859},{"data_generator_V":-69.270012,"data_generator_W":0.0000002859},{"data_generator_V":-69.270012,"data_generator_W":0.0000002859},{"data_generator_V":-69.270012,"data_generator_W":0.0000002859},{"data_generator_V":-69.270012,"data_generator_W":0.0000002859},{"data_generator_V":-69.270012,"data_generator_W":0.0000002859},{"data_generator_V":-69.270012,"data_generator_W":0.0000002859},{"data_generator_V":-69.270012,"data_generator_W":0.0000002859},{"data_generator_V":-69.270012,"data_generator_W":0.0000002859},{"data_generator_V":-69.270012,"data_generator_W":0.0000002859},{"data_generator_V":-69.270012,"data_generator_W":0.0000002859},{"data_generator_V":-69.270012,"data_generator_W":0.0000002859},{"data_generator_V":-69.270012,"data_generator_W":0.0000002859},{"data_generator_V":-69.270012,"data_generator_W":0.0000002859},{"data_generator_V":-69.270012,"data_generator_W":0.0000002859},{"data_generator_V":-69.270012,"data_generator_W":0.0000002859},{"data_generator_V":-69.270012,"data_generator_W":0.0000002859},{"data_generator_V":-69.270012,"data_generator_W":0.0000002859},{"data_generator_V":-69.270012,"data_generator_W":0.0000002859},{"data_generator_V":-69.270012,"data_generator_W":0.0000002859},{"data_generator_V":-69.270012,"data_generator_W":0.0000002859},{"data_generator_V":-69.270012,"data_generator_W":0.0000002859},{"data_generator_V":-69.270012,"data_generator_W":0.0000002859},{"data_generator_V":-69.270012,"data_generator_W":0.0000002859},{"data_generator_V":-69.270012,"data_generator_W":0.0000002859},{"data_generator_V":-69.270012,"data_generator_W":0.0000002859},{"data_generator_V":-69.270012,"data_generator_W":0.0000002859},{"data_generator_V":-69.270012,"data_generator_W":0.0000002859},{"data_generator_V":-69.270012,"data_generator_W":0.0000002859},{"data_generator_V":-69.270012,"data_generator_W":0.0000002859},{"data_generator_V":-69.270012,"data_generator_W":0.0000002859},{"data_generator_V":-69.270012,"data_generator_W":0.0000002859},{"data_generator_V":-69.270012,"data_generator_W":0.0000002859},{"data_generator_V":-69.270012,"data_generator_W":0.0000002859},{"data_generator_V":-69.270012,"data_generator_W":0.0000002859},{"data_generator_V":-69.270012,"data_generator_W":0.0000002859},{"data_generator_V":-69.270012,"data_generator_W":0.0000002859},{"data_generator_V":-69.270012,"data_generator_W":0.0000002859},{"data_generator_V":-69.270012,"data_generator_W":0.0000002859},{"data_generator_V":-69.270012,"data_generator_W":0.0000002859},{"data_generator_V":-69.270012,"data_generator_W":0.0000002859},{"data_generator_V":-69.270012,"data_generator_W":0.0000002859},{"data_generator_V":-69.270012,"data_generator_W":0.0000002859},{"data_generator_V":-69.270012,"data_generator_W":0.0000002859},{"data_generator_V":-69.270012,"data_generator_W":0.0000002859},{"data_generator_V":-69.270012,"data_generator_W":0.0000002859},{"data_generator_V":-69.270012,"data_generator_W":0.0000002859},{"data_generator_V":-69.270012,"data_generator_W":0.0000002859},{"data_generator_V":-69.270012,"data_generator_W":0.0000002859},{"data_generator_V":-69.270012,"data_generator_W":0.0000002859},{"data_generator_V":-69.270012,"data_generator_W":0.0000002859},{"data_generator_V":-69.270012,"data_generator_W":0.0000002859},{"data_generator_V":-69.270012,"data_generator_W":0.0000002859},{"data_generator_V":-69.270012,"data_generator_W":0.0000002859},{"data_generator_V":-69.270012,"data_generator_W":0.0000002859},{"data_generator_V":-69.270012,"data_generator_W":0.0000002859},{"data_generator_V":-69.270012,"data_generator_W":0.0000002859},{"data_generator_V":-69.270012,"data_generator_W":0.0000002859},{"data_generator_V":-69.270012,"data_generator_W":0.0000002859},{"data_generator_V":-69.270012,"data_generator_W":0.0000002859},{"data_generator_V":-69.270012,"data_generator_W":0.0000002859},{"data_generator_V":-69.270012,"data_generator_W":0.0000002859},{"data_generator_V":-69.270012,"data_generator_W":0.0000002859},{"data_generator_V":-69.270012,"data_generator_W":0.0000002859},{"data_generator_V":-69.270012,"data_generator_W":0.0000002859},{"data_generator_V":-69.270012,"data_generator_W":0.0000002859},{"data_generator_V":-69.270012,"data_generator_W":0.0000002859},{"data_generator_V":-69.270012,"data_generator_W":0.0000002859},{"data_generator_V":-69.270012,"data_generator_W":0.0000002859},{"data_generator_V":-69.270012,"data_generator_W":0.0000002859},{"data_generator_V":-69.270012,"data_generator_W":0.0000002859},{"data_generator_V":-69.270012,"data_generator_W":0.0000002859},{"data_generator_V":-69.270012,"data_generator_W":0.0000002859},{"data_generator_V":-69.270012,"data_generator_W":0.0000002859},{"data_generator_V":-69.270012,"data_generator_W":0.0000002859},{"data_generator_V":-69.270012,"data_generator_W":0.0000002859},{"data_generator_V":-69.270012,"data_generator_W":0.0000002859},{"data_generator_V":-69.270012,"data_generator_W":0.0000002859},{"data_generator_V":-69.270012,"data_generator_W":0.0000002859},{"data_generator_V":-69.270012,"data_generator_W":0.0000002859},{"data_generator_V":-69.270012,"data_generator_W":0.0000002859},{"data_generator_V":-69.270012,"data_generator_W":0.0000002859},{"data_generator_V":-69.270012,"data_generator_W":0.0000002859},{"data_generator_V":-69.270012,"data_generator_W":0.0000002859},{"data_generator_V":-69.270012,"data_generator_W":0.0000002859},{"data_generator_V":-69.270012,"data_generator_W":0.0000002859},{"data_generator_V":-69.270012,"data_generator_W":0.0000002859},{"data_generator_V":-69.270012,"data_generator_W":0.0000002859},{"data_generator_V":-69.270012,"data_generator_W":0.0000002859},{"data_generator_V":-69.270012,"data_generator_W":0.0000002859},{"data_generator_V":-69.270012,"data_generator_W":0.0000002859},{"data_generator_V":-69.270012,"data_generator_W":0.0000002859},{"data_generator_V":-69.270012,"data_generator_W":0.0000002859},{"data_generator_V":-69.270012,"data_generator_W":0.0000002859},{"data_generator_V":-69.270012,"data_generator_W":0.0000002859},{"data_generator_V":-69.270012,"data_generator_W":0.0000002859},{"data_generator_V":-69.270012,"data_generator_W":0.0000002859},{"data_generator_V":-69.270012,"data_generator_W":0.0000002859},{"data_generator_V":-69.270012,"data_generator_W":0.0000002859},{"data_generator_V":-69.270012,"data_generator_W":0.0000002859},{"data_generator_V":-69.270012,"data_generator_W":0.0000002859},{"data_generator_V":-69.270012,"data_generator_W":0.0000002859},{"data_generator_V":-69.270012,"data_generator_W":0.0000002859},{"data_generator_V":-69.270012,"data_generator_W":0.0000002859},{"data_generator_V":-69.270012,"data_generator_W":0.0000002859},{"data_generator_V":-69.270012,"data_generator_W":0.0000002859},{"data_generator_V":-69.270012,"data_generator_W":0.0000002859},{"data_generator_V":-69.270012,"data_generator_W":0.0000002859},{"data_generator_V":-69.270012,"data_generator_W":0.0000002859},{"data_generator_V":-69.270012,"data_generator_W":0.0000002859},{"data_generator_V":-69.270012,"data_generator_W":0.0000002859},{"data_generator_V":-69.270012,"data_generator_W":0.0000002859},{"data_generator_V":-69.270012,"data_generator_W":0.0000002859},{"data_generator_V":-69.270012,"data_generator_W":0.0000002859},{"data_generator_V":-69.270012,"data_generator_W":0.0000002859},{"data_generator_V":-69.270012,"data_generator_W":0.0000002859},{"data_generator_V":-69.270012,"data_generator_W":0.0000002859},{"data_generator_V":-69.270012,"data_generator_W":0.0000002859},{"data_generator_V":-69.270012,"data_generator_W":0.0000002859},{"data_generator_V":-69.270012,"data_generator_W":0.0000002859},{"data_generator_V":-69.270012,"data_generator_W":0.0000002859},{"data_generator_V":-69.270012,"data_generator_W":0.0000002859},{"data_generator_V":-69.270012,"data_generator_W":0.0000002859},{"data_generator_V":-69.270012,"data_generator_W":0.0000002859},{"data_generator_V":-69.270012,"data_generator_W":0.0000002859},{"data_generator_V":-69.270012,"data_generator_W":0.0000002859},{"data_generator_V":-69.270012,"data_generator_W":0.0000002859},{"data_generator_V":-69.270012,"data_generator_W":0.0000002859},{"data_generator_V":-69.270012,"data_generator_W":0.0000002859},{"data_generator_V":-69.270012,"data_generator_W":0.0000002859},{"data_generator_V":-69.270012,"data_generator_W":0.0000002859},{"data_generator_V":-69.270012,"data_generator_W":0.0000002859},{"data_generator_V":-69.270012,"data_generator_W":0.0000002859},{"data_generator_V":-69.270012,"data_generator_W":0.0000002859},{"data_generator_V":-69.270012,"data_generator_W":0.0000002859},{"data_generator_V":-69.270012,"data_generator_W":0.0000002859},{"data_generator_V":-69.270012,"data_generator_W":0.0000002859},{"data_generator_V":-69.270012,"data_generator_W":0.0000002859},{"data_generator_V":-69.270012,"data_generator_W":0.0000002859},{"data_generator_V":-69.270012,"data_generator_W":0.0000002859},{"data_generator_V":-69.270012,"data_generator_W":0.0000002859},{"data_generator_V":-69.270012,"data_generator_W":0.0000002859},{"data_generator_V":-69.270012,"data_generator_W":0.0000002859},{"data_generator_V":-69.270012,"data_generator_W":0.0000002859},{"data_generator_V":-69.270012,"data_generator_W":0.0000002859},{"data_generator_V":-69.270012,"data_generator_W":0.0000002859},{"data_generator_V":-69.270012,"data_generator_W":0.0000002859},{"data_generator_V":-69.270012,"data_generator_W":0.0000002859},{"data_generator_V":-69.270012,"data_generator_W":0.0000002859},{"data_generator_V":-69.270012,"data_generator_W":0.0000002859},{"data_generator_V":-69.270012,"data_generator_W":0.0000002859},{"data_generator_V":-69.270012,"data_generator_W":0.0000002859},{"data_generator_V":-69.270012,"data_generator_W":0.0000002859},{"data_generator_V":-69.270012,"data_generator_W":0.0000002859},{"data_generator_V":-69.270012,"data_generator_W":0.0000002859},{"data_generator_V":-69.270012,"data_generator_W":0.0000002859},{"data_generator_V":-69.270012,"data_generator_W":0.0000002859},{"data_generator_V":-69.270012,"data_generator_W":0.0000002859},{"data_generator_V":-69.270012,"data_generator_W":0.0000002859},{"data_generator_V":-69.270012,"data_generator_W":0.0000002859},{"data_generator_V":-69.270012,"data_generator_W":0.0000002859},{"data_generator_V":-69.270012,"data_generator_W":0.0000002859},{"data_generator_V":-69.270012,"data_generator_W":0.0000002859},{"data_generator_V":-69.270012,"data_generator_W":0.0000002859},{"data_generator_V":-69.270012,"data_generator_W":0.0000002859},{"data_generator_V":-69.270012,"data_generator_W":0.0000002859},{"data_generator_V":-69.270012,"data_generator_W":0.0000002859},{"data_generator_V":-69.270012,"data_generator_W":0.0000002859},{"data_generator_V":-69.270012,"data_generator_W":0.0000002859},{"data_generator_V":-69.270012,"data_generator_W":0.0000002859},{"data_generator_V":-69.270012,"data_generator_W":0.0000002859},{"data_generator_V":-69.270012,"data_generator_W":0.0000002859},{"data_generator_V":-69.270012,"data_generator_W":0.0000002859},{"data_generator_V":-69.270012,"data_generator_W":0.0000002859},{"data_generator_V":-69.270012,"data_generator_W":0.0000002859},{"data_generator_V":-69.270012,"data_generator_W":0.0000002859},{"data_generator_V":-69.270012,"data_generator_W":0.0000002859},{"data_generator_V":-69.270012,"data_generator_W":0.0000002859},{"data_generator_V":-69.270012,"data_generator_W":0.0000002859},{"data_generator_V":-69.270012,"data_generator_W":0.0000002859},{"data_generator_V":-69.270012,"data_generator_W":0.0000002859},{"data_generator_V":-69.270012,"data_generator_W":0.0000002859},{"data_generator_V":-69.270012,"data_generator_W":0.0000002859},{"data_generator_V":-69.270012,"data_generator_W":0.0000002859},{"data_generator_V":-69.270012,"data_generator_W":0.0000002859},{"data_generator_V":-69.270012,"data_generator_W":0.0000002859},{"data_generator_V":-69.270012,"data_generator_W":0.0000002859},{"data_generator_V":-69.270012,"data_generator_W":0.0000002859},{"data_generator_V":-69.270012,"data_generator_W":0.0000002859},{"data_generator_V":-69.270012,"data_generator_W":0.0000002859},{"data_generator_V":-69.270012,"data_generator_W":0.0000002859},{"data_generator_V":-69.270012,"data_generator_W":0.0000002859},{"data_generator_V":-69.270012,"data_generator_W":0.0000002859},{"data_generator_V":-69.270012,"data_generator_W":0.0000002859},{"data_generator_V":-69.270012,"data_generator_W":0.0000002859},{"data_generator_V":-69.270012,"data_generator_W":0.0000002859},{"data_generator_V":-69.270012,"data_generator_W":0.0000002859},{"data_generator_V":-69.270012,"data_generator_W":0.0000002859},{"data_generator_V":-69.270012,"data_generator_W":0.0000002859},{"data_generator_V":-69.270012,"data_generator_W":0.0000002859},{"data_generator_V":-69.270012,"data_generator_W":0.0000002859},{"data_generator_V":-69.270012,"data_generator_W":0.0000002859},{"data_generator_V":-69.270012,"data_generator_W":0.0000002859},{"data_generator_V":-69.270012,"data_generator_W":0.0000002859},{"data_generator_V":-69.270012,"data_generator_W":0.0000002859},{"data_generator_V":-69.270012,"data_generator_W":0.0000002859},{"data_generator_V":-69.270012,"data_generator_W":0.0000002859},{"data_generator_V":-69.270012,"data_generator_W":0.0000002859},{"data_generator_V":-69.270012,"data_generator_W":0.0000002859},{"data_generator_V":-69.270012,"data_generator_W":0.0000002859},{"data_generator_V":-69.270012,"data_generator_W":0.0000002859},{"data_generator_V":-69.270012,"data_generator_W":0.0000002859},{"data_generator_V":-69.270012,"data_generator_W":0.0000002859},{"data_generator_V":-69.270012,"data_generator_W":0.0000002859},{"data_generator_V":-69.270012,"data_generator_W":0.0000002859},{"data_generator_V":-69.270012,"data_generator_W":0.0000002859},{"data_generator_V":-69.270012,"data_generator_W":0.0000002859},{"data_generator_V":-69.270012,"data_generator_W":0.0000002859},{"data_generator_V":-69.270012,"data_generator_W":0.0000002859},{"data_generator_V":-69.270012,"data_generator_W":0.0000002859},{"data_generator_V":-69.270012,"data_generator_W":0.0000002859},{"data_generator_V":-69.270012,"data_generator_W":0.0000002859},{"data_generator_V":-69.270012,"data_generator_W":0.0000002859},{"data_generator_V":-69.270012,"data_generator_W":0.0000002859},{"data_generator_V":-69.270012,"data_generator_W":0.0000002859},{"data_generator_V":-69.270012,"data_generator_W":0.0000002859},{"data_generator_V":-69.270012,"data_generator_W":0.0000002859},{"data_generator_V":-69.270012,"data_generator_W":0.0000002859},{"data_generator_V":-69.270012,"data_generator_W":0.0000002859},{"data_generator_V":-69.270012,"data_generator_W":0.0000002859},{"data_generator_V":-69.270012,"data_generator_W":0.0000002859},{"data_generator_V":-69.270012,"data_generator_W":0.0000002859},{"data_generator_V":-69.270012,"data_generator_W":0.0000002859},{"data_generator_V":-69.270012,"data_generator_W":0.0000002859},{"data_generator_V":-69.270012,"data_generator_W":0.0000002859},{"data_generator_V":-69.270012,"data_generator_W":0.0000002859},{"data_generator_V":-69.270012,"data_generator_W":0.0000002859},{"data_generator_V":-69.270012,"data_generator_W":0.0000002859},{"data_generator_V":-69.270012,"data_generator_W":0.0000002859},{"data_generator_V":-69.270012,"data_generator_W":0.0000002859},{"data_generator_V":-69.270012,"data_generator_W":0.0000002859},{"data_generator_V":-69.270012,"data_generator_W":0.0000002859},{"data_generator_V":-69.270012,"data_generator_W":0.0000002859},{"data_generator_V":-69.270012,"data_generator_W":0.0000002859},{"data_generator_V":-69.270012,"data_generator_W":0.0000002859},{"data_generator_V":-69.270012,"data_generator_W":0.0000002859},{"data_generator_V":-69.270012,"data_generator_W":0.0000002859},{"data_generator_V":-69.270012,"data_generator_W":0.0000002859},{"data_generator_V":-69.270012,"data_generator_W":0.0000002859},{"data_generator_V":-69.270012,"data_generator_W":0.0000002859},{"data_generator_V":-69.270012,"data_generator_W":0.0000002859},{"data_generator_V":-69.270012,"data_generator_W":0.0000002859},{"data_generator_V":-69.270012,"data_generator_W":0.0000002859},{"data_generator_V":-69.270012,"data_generator_W":0.0000002859},{"data_generator_V":-69.270012,"data_generator_W":0.0000002859},{"data_generator_V":-69.270012,"data_generator_W":0.0000002859},{"data_generator_V":-69.270012,"data_generator_W":0.0000002859},{"data_generator_V":-69.270012,"data_generator_W":0.0000002859},{"data_generator_V":-69.270012,"data_generator_W":0.0000002859},{"data_generator_V":-69.270012,"data_generator_W":0.0000002859},{"data_generator_V":-69.270012,"data_generator_W":0.0000002859},{"data_generator_V":-69.270012,"data_generator_W":0.0000002859},{"data_generator_V":-69.270012,"data_generator_W":0.0000002859},{"data_generator_V":-69.270012,"data_generator_W":0.0000002859},{"data_generator_V":-69.270012,"data_generator_W":0.0000002859},{"data_generator_V":-69.270012,"data_generator_W":0.0000002859},{"data_generator_V":-69.270012,"data_generator_W":0.0000002859},{"data_generator_V":-69.270012,"data_generator_W":0.0000002859},{"data_generator_V":-69.270012,"data_generator_W":0.0000002859},{"data_generator_V":-69.270012,"data_generator_W":0.0000002859},{"data_generator_V":-69.270012,"data_generator_W":0.0000002859},{"data_generator_V":-69.270012,"data_generator_W":0.0000002859},{"data_generator_V":-69.270012,"data_generator_W":0.0000002859},{"data_generator_V":-69.270012,"data_generator_W":0.0000002859},{"data_generator_V":-69.270012,"data_generator_W":0.0000002859},{"data_generator_V":-69.270012,"data_generator_W":0.0000002859},{"data_generator_V":-69.270012,"data_generator_W":0.0000002859},{"data_generator_V":-69.270012,"data_generator_W":0.0000002859},{"data_generator_V":-69.270012,"data_generator_W":0.0000002859},{"data_generator_V":-69.270012,"data_generator_W":0.0000002859},{"data_generator_V":-69.270012,"data_generator_W":0.0000002859},{"data_generator_V":-69.270012,"data_generator_W":0.0000002859},{"data_generator_V":-69.270012,"data_generator_W":0.0000002859},{"data_generator_V":-69.270012,"data_generator_W":0.0000002859},{"data_generator_V":-69.270012,"data_generator_W":0.0000002859},{"data_generator_V":-69.270012,"data_generator_W":0.0000002859},{"data_generator_V":-69.270012,"data_generator_W":0.0000002859},{"data_generator_V":-69.270012,"data_generator_W":0.0000002859},{"data_generator_V":-69.270012,"data_generator_W":0.0000002859},{"data_generator_V":-69.270012,"data_generator_W":0.0000002859},{"data_generator_V":-69.270012,"data_generator_W":0.0000002859},{"data_generator_V":-69.270012,"data_generator_W":0.0000002859},{"data_generator_V":-69.270012,"data_generator_W":0.0000002859},{"data_generator_V":-69.270012,"data_generator_W":0.0000002859},{"data_generator_V":-69.270012,"data_generator_W":0.0000002859},{"data_generator_V":-69.270012,"data_generator_W":0.0000002859},{"data_generator_V":-69.270012,"data_generator_W":0.0000002859},{"data_generator_V":-69.270012,"data_generator_W":0.0000002859},{"data_generator_V":-69.270012,"data_generator_W":0.0000002859},{"data_generator_V":-69.270012,"data_generator_W":0.0000002859},{"data_generator_V":-69.270012,"data_generator_W":0.0000002859},{"data_generator_V":-69.270012,"data_generator_W":0.0000002859},{"data_generator_V":-69.270012,"data_generator_W":0.0000002859},{"data_generator_V":-69.270012,"data_generator_W":0.0000002859},{"data_generator_V":-69.270012,"data_generator_W":0.0000002859},{"data_generator_V":-69.270012,"data_generator_W":0.0000002859},{"data_generator_V":-69.270012,"data_generator_W":0.0000002859},{"data_generator_V":-69.270012,"data_generator_W":0.0000002859},{"data_generator_V":-69.270012,"data_generator_W":0.0000002859},{"data_generator_V":-69.270012,"data_generator_W":0.0000002859},{"data_generator_V":-69.270012,"data_generator_W":0.0000002859},{"data_generator_V":-69.270012,"data_generator_W":0.0000002859},{"data_generator_V":-69.270012,"data_generator_W":0.0000002859},{"data_generator_V":-69.270012,"data_generator_W":0.0000002859},{"data_generator_V":-69.270012,"data_generator_W":0.0000002859},{"data_generator_V":-69.270012,"data_generator_W":0.0000002859},{"data_generator_V":-69.270012,"data_generator_W":0.0000002859},{"data_generator_V":-69.270012,"data_generator_W":0.0000002859},{"data_generator_V":-69.270012,"data_generator_W":0.0000002859},{"data_generator_V":-69.270012,"data_generator_W":0.0000002859},{"data_generator_V":-69.270012,"data_generator_W":0.0000002859},{"data_generator_V":-69.270012,"data_generator_W":0.0000002859},{"data_generator_V":-69.270012,"data_generator_W":0.0000002859},{"data_generator_V":-69.270012,"data_generator_W":0.0000002859},{"data_generator_V":-69.270012,"data_generator_W":0.0000002859},{"data_generator_V":-69.270012,"data_generator_W":0.0000002859},{"data_generator_V":-69.270012,"data_generator_W":0.0000002859},{"data_generator_V":-69.270012,"data_generator_W":0.0000002859},{"data_generator_V":-69.270012,"data_generator_W":0.0000002859},{"data_generator_V":-69.270012,"data_generator_W":0.0000002859},{"data_generator_V":-69.270012,"data_generator_W":0.0000002859},{"data_generator_V":-69.270012,"data_generator_W":0.0000002859},{"data_generator_V":-69.270012,"data_generator_W":0.0000002859},{"data_generator_V":-69.270012,"data_generator_W":0.0000002859},{"data_generator_V":-69.270012,"data_generator_W":0.0000002859},{"data_generator_V":-69.270012,"data_generator_W":0.0000002859},{"data_generator_V":-69.270012,"data_generator_W":0.0000002859},{"data_generator_V":-69.270012,"data_generator_W":0.0000002859},{"data_generator_V":-69.270012,"data_generator_W":0.0000002859},{"data_generator_V":-69.270012,"data_generator_W":0.0000002859},{"data_generator_V":-69.270012,"data_generator_W":0.0000002859},{"data_generator_V":-69.270012,"data_generator_W":0.0000002859},{"data_generator_V":-69.270012,"data_generator_W":0.0000002859},{"data_generator_V":-69.270012,"data_generator_W":0.0000002859},{"data_generator_V":-69.270012,"data_generator_W":0.0000002859},{"data_generator_V":-69.270012,"data_generator_W":0.0000002859},{"data_generator_V":-69.270012,"data_generator_W":0.0000002859},{"data_generator_V":-69.270012,"data_generator_W":0.0000002859},{"data_generator_V":-69.270012,"data_generator_W":0.0000002859},{"data_generator_V":-69.270012,"data_generator_W":0.0000002859},{"data_generator_V":-69.270012,"data_generator_W":0.0000002859},{"data_generator_V":-69.270012,"data_generator_W":0.0000002859},{"data_generator_V":-69.270012,"data_generator_W":0.0000002859},{"data_generator_V":-69.270012,"data_generator_W":0.0000002859},{"data_generator_V":-69.270012,"data_generator_W":0.0000002859},{"data_generator_V":-69.270012,"data_generator_W":0.0000002859},{"data_generator_V":-69.270012,"data_generator_W":0.0000002859},{"data_generator_V":-69.270012,"data_generator_W":0.0000002859},{"data_generator_V":-69.270012,"data_generator_W":0.0000002859},{"data_generator_V":-69.270012,"data_generator_W":0.0000002859},{"data_generator_V":-69.270012,"data_generator_W":0.0000002859},{"data_generator_V":-69.270012,"data_generator_W":0.0000002859},{"data_generator_V":-69.270012,"data_generator_W":0.0000002859},{"data_generator_V":-69.270012,"data_generator_W":0.0000002859},{"data_generator_V":-69.270012,"data_generator_W":0.0000002859},{"data_generator_V":-69.270012,"data_generator_W":0.0000002859},{"data_generator_V":-69.270012,"data_generator_W":0.0000002859},{"data_generator_V":-69.270012,"data_generator_W":0.0000002859},{"data_generator_V":-69.270012,"data_generator_W":0.0000002859},{"data_generator_V":-69.270012,"data_generator_W":0.0000002859},{"data_generator_V":-69.270012,"data_generator_W":0.0000002859},{"data_generator_V":-69.270012,"data_generator_W":0.0000002859},{"data_generator_V":-69.270012,"data_generator_W":0.0000002859},{"data_generator_V":-69.270012,"data_generator_W":0.0000002859},{"data_generator_V":-69.270012,"data_generator_W":0.0000002859},{"data_generator_V":-69.270012,"data_generator_W":0.0000002859},{"data_generator_V":-69.270012,"data_generator_W":0.0000002859},{"data_generator_V":-69.270012,"data_generator_W":0.0000002859},{"data_generator_V":-69.270012,"data_generator_W":0.0000002859},{"data_generator_V":-69.270012,"data_generator_W":0.0000002859},{"data_generator_V":-69.270012,"data_generator_W":0.0000002859},{"data_generator_V":-69.270012,"data_generator_W":0.0000002859},{"data_generator_V":-69.270012,"data_generator_W":0.0000002859},{"data_generator_V":-69.270012,"data_generator_W":0.0000002859},{"data_generator_V":-69.270012,"data_generator_W":0.0000002859},{"data_generator_V":-69.270012,"data_generator_W":0.0000002859},{"data_generator_V":-69.270012,"data_generator_W":0.0000002859},{"data_generator_V":-69.270012,"data_generator_W":0.0000002859},{"data_generator_V":-69.270012,"data_generator_W":0.0000002859},{"data_generator_V":-69.270012,"data_generator_W":0.0000002859},{"data_generator_V":-69.270012,"data_generator_W":0.0000002859},{"data_generator_V":-69.270012,"data_generator_W":0.0000002859},{"data_generator_V":-69.270012,"data_generator_W":0.0000002859},{"data_generator_V":-69.270012,"data_generator_W":0.0000002859},{"data_generator_V":-69.270012,"data_generator_W":0.0000002859},{"data_generator_V":-69.270012,"data_generator_W":0.0000002859},{"data_generator_V":-69.270012,"data_generator_W":0.0000002859},{"data_generator_V":-69.270012,"data_generator_W":0.0000002859},{"data_generator_V":-69.270012,"data_generator_W":0.0000002859},{"data_generator_V":-69.270012,"data_generator_W":0.0000002859},{"data_generator_V":-69.270012,"data_generator_W":0.0000002859},{"data_generator_V":-69.270012,"data_generator_W":0.0000002859},{"data_generator_V":-69.270012,"data_generator_W":0.0000002859},{"data_generator_V":-69.270012,"data_generator_W":0.0000002859},{"data_generator_V":-69.270012,"data_generator_W":0.0000002859},{"data_generator_V":-69.270012,"data_generator_W":0.0000002859},{"data_generator_V":-69.270012,"data_generator_W":0.0000002859},{"data_generator_V":-69.270012,"data_generator_W":0.0000002859},{"data_generator_V":-69.270012,"data_generator_W":0.0000002859},{"data_generator_V":-69.270012,"data_generator_W":0.0000002859},{"data_generator_V":-69.270012,"data_generator_W":0.0000002859},{"data_generator_V":-69.270012,"data_generator_W":0.0000002859},{"data_generator_V":-69.270012,"data_generator_W":0.0000002859},{"data_generator_V":-69.270012,"data_generator_W":0.0000002859},{"data_generator_V":-69.270012,"data_generator_W":0.0000002859},{"data_generator_V":-69.270012,"data_generator_W":0.0000002859},{"data_generator_V":-69.270012,"data_generator_W":0.0000002859},{"data_generator_V":-69.270012,"data_generator_W":0.0000002859},{"data_generator_V":-69.270012,"data_generator_W":0.0000002859},{"data_generator_V":-69.270012,"data_generator_W":0.0000002859},{"data_generator_V":-69.270012,"data_generator_W":0.0000002859},{"data_generator_V":-69.270012,"data_generator_W":0.0000002859},{"data_generator_V":-69.270012,"data_generator_W":0.0000002859},{"data_generator_V":-69.270012,"data_generator_W":0.0000002859},{"data_generator_V":-69.270012,"data_generator_W":0.0000002859},{"data_generator_V":-69.270012,"data_generator_W":0.0000002859},{"data_generator_V":-69.270012,"data_generator_W":0.0000002859},{"data_generator_V":-69.270012,"data_generator_W":0.0000002859},{"data_generator_V":-69.270012,"data_generator_W":0.0000002859},{"data_generator_V":-69.270012,"data_generator_W":0.0000002859},{"data_generator_V":-69.270012,"data_generator_W":0.0000002859},{"data_generator_V":-69.270012,"data_generator_W":0.0000002859},{"data_generator_V":-69.270012,"data_generator_W":0.0000002859},{"data_generator_V":-69.270012,"data_generator_W":0.0000002859},{"data_generator_V":-69.270012,"data_generator_W":0.0000002859},{"data_generator_V":-69.270012,"data_generator_W":0.0000002859},{"data_generator_V":-69.270012,"data_generator_W":0.0000002859},{"data_generator_V":-69.270012,"data_generator_W":0.0000002859},{"data_generator_V":-69.270012,"data_generator_W":0.0000002859},{"data_generator_V":-69.270012,"data_generator_W":0.0000002859},{"data_generator_V":-69.270012,"data_generator_W":0.0000002859},{"data_generator_V":-69.270012,"data_generator_W":0.0000002859},{"data_generator_V":-69.270012,"data_generator_W":0.0000002859},{"data_generator_V":-69.270012,"data_generator_W":0.0000002859},{"data_generator_V":-69.270012,"data_generator_W":0.0000002859},{"data_generator_V":-69.270012,"data_generator_W":0.0000002859},{"data_generator_V":-69.270012,"data_generator_W":0.0000002859},{"data_generator_V":-69.270012,"data_generator_W":0.0000002859},{"data_generator_V":-69.270012,"data_generator_W":0.0000002859},{"data_generator_V":-69.270012,"data_generator_W":0.0000002859},{"data_generator_V":-69.270012,"data_generator_W":0.0000002859},{"data_generator_V":-69.270012,"data_generator_W":0.0000002859},{"data_generator_V":-69.270012,"data_generator_W":0.0000002859},{"data_generator_V":-69.270012,"data_generator_W":0.0000002859},{"data_generator_V":-69.270012,"data_generator_W":0.0000002859},{"data_generator_V":-69.270012,"data_generator_W":0.0000002859},{"data_generator_V":-69.270012,"data_generator_W":0.0000002859},{"data_generator_V":-69.270012,"data_generator_W":0.0000002859},{"data_generator_V":-69.270012,"data_generator_W":0.0000002859},{"data_generator_V":-69.270012,"data_generator_W":0.0000002859},{"data_generator_V":-69.270012,"data_generator_W":0.0000002859},{"data_generator_V":-69.270012,"data_generator_W":0.0000002859},{"data_generator_V":-69.270012,"data_generator_W":0.0000002859},{"data_generator_V":-69.270012,"data_generator_W":0.0000002859},{"data_generator_V":-69.270012,"data_generator_W":0.0000002859},{"data_generator_V":-69.270012,"data_generator_W":0.0000002859},{"data_generator_V":-69.270012,"data_generator_W":0.0000002859},{"data_generator_V":-69.270012,"data_generator_W":0.0000002859},{"data_generator_V":-69.270012,"data_generator_W":0.0000002859},{"data_generator_V":-69.270012,"data_generator_W":0.0000002859},{"data_generator_V":-69.270012,"data_generator_W":0.0000002859},{"data_generator_V":-69.270012,"data_generator_W":0.0000002859},{"data_generator_V":-69.270012,"data_generator_W":0.0000002859},{"data_generator_V":-69.270012,"data_generator_W":0.0000002859},{"data_generator_V":-69.270012,"data_generator_W":0.0000002859},{"data_generator_V":-69.270012,"data_generator_W":0.0000002859},{"data_generator_V":-69.270012,"data_generator_W":0.0000002859},{"data_generator_V":-69.270012,"data_generator_W":0.0000002859},{"data_generator_V":-69.270012,"data_generator_W":0.0000002859},{"data_generator_V":-69.270012,"data_generator_W":0.0000002859},{"data_generator_V":-69.270012,"data_generator_W":0.0000002859},{"data_generator_V":-69.270012,"data_generator_W":0.0000002859},{"data_generator_V":-69.270012,"data_generator_W":0.0000002859},{"data_generator_V":-69.270012,"data_generator_W":0.0000002859},{"data_generator_V":-69.270012,"data_generator_W":0.0000002859},{"data_generator_V":-69.270012,"data_generator_W":0.0000002859},{"data_generator_V":-69.270012,"data_generator_W":0.0000002859},{"data_generator_V":-69.270012,"data_generator_W":0.0000002859},{"data_generator_V":-69.270012,"data_generator_W":0.0000002859},{"data_generator_V":-69.270012,"data_generator_W":0.0000002859},{"data_generator_V":-69.270012,"data_generator_W":0.0000002859},{"data_generator_V":-69.270012,"data_generator_W":0.0000002859},{"data_generator_V":-69.270012,"data_generator_W":0.0000002859},{"data_generator_V":-69.270012,"data_generator_W":0.0000002859},{"data_generator_V":-69.270012,"data_generator_W":0.0000002859},{"data_generator_V":-69.270012,"data_generator_W":0.0000002859},{"data_generator_V":-69.270012,"data_generator_W":0.0000002859},{"data_generator_V":-69.270012,"data_generator_W":0.0000002859},{"data_generator_V":-69.270012,"data_generator_W":0.0000002859},{"data_generator_V":-69.270012,"data_generator_W":0.0000002859},{"data_generator_V":-69.270012,"data_generator_W":0.0000002859},{"data_generator_V":-69.270012,"data_generator_W":0.0000002859},{"data_generator_V":-69.270012,"data_generator_W":0.0000002859},{"data_generator_V":-69.270012,"data_generator_W":0.0000002859},{"data_generator_V":-69.270012,"data_generator_W":0.0000002859},{"data_generator_V":-69.270012,"data_generator_W":0.0000002859},{"data_generator_V":-69.270012,"data_generator_W":0.0000002859},{"data_generator_V":-69.270012,"data_generator_W":0.0000002859},{"data_generator_V":-69.270012,"data_generator_W":0.0000002859},{"data_generator_V":-69.270012,"data_generator_W":0.0000002859},{"data_generator_V":-69.270012,"data_generator_W":0.0000002859},{"data_generator_V":-69.270012,"data_generator_W":0.0000002859},{"data_generator_V":-69.270012,"data_generator_W":0.0000002859},{"data_generator_V":-69.270012,"data_generator_W":0.0000002859},{"data_generator_V":-69.270012,"data_generator_W":0.0000002859},{"data_generator_V":-69.270012,"data_generator_W":0.0000002859},{"data_generator_V":-69.270012,"data_generator_W":0.0000002859},{"data_generator_V":-69.270012,"data_generator_W":0.0000002859},{"data_generator_V":-69.270012,"data_generator_W":0.0000002859},{"data_generator_V":-69.270012,"data_generator_W":0.0000002859},{"data_generator_V":-69.270012,"data_generator_W":0.0000002859},{"data_generator_V":-69.270012,"data_generator_W":0.0000002859},{"data_generator_V":-69.270012,"data_generator_W":0.0000002859},{"data_generator_V":-69.270012,"data_generator_W":0.0000002859},{"data_generator_V":-69.270012,"data_generator_W":0.0000002859},{"data_generator_V":-69.270012,"data_generator_W":0.0000002859},{"data_generator_V":-69.270012,"data_generator_W":0.0000002859},{"data_generator_V":-69.270012,"data_generator_W":0.0000002859},{"data_generator_V":-69.270012,"data_generator_W":0.0000002859},{"data_generator_V":-69.270012,"data_generator_W":0.0000002859},{"data_generator_V":-69.270012,"data_generator_W":0.0000002859},{"data_generator_V":-69.270012,"data_generator_W":0.0000002859},{"data_generator_V":-69.270012,"data_generator_W":0.0000002859},{"data_generator_V":-69.270012,"data_generator_W":0.0000002859},{"data_generator_V":-69.270012,"data_generator_W":0.0000002859},{"data_generator_V":-69.270012,"data_generator_W":0.0000002859},{"data_generator_V":-69.270012,"data_generator_W":0.0000002859},{"data_generator_V":-69.270012,"data_generator_W":0.0000002859},{"data_generator_V":-69.270012,"data_generator_W":0.0000002859},{"data_generator_V":-69.270012,"data_generator_W":0.0000002859},{"data_generator_V":-69.270012,"data_generator_W":0.0000002859},{"data_generator_V":-69.270012,"data_generator_W":0.0000002859},{"data_generator_V":-69.270012,"data_generator_W":0.0000002859},{"data_generator_V":-69.270012,"data_generator_W":0.0000002859},{"data_generator_V":-69.270012,"data_generator_W":0.0000002859},{"data_generator_V":-69.270012,"data_generator_W":0.0000002859},{"data_generator_V":-69.270012,"data_generator_W":0.0000002859},{"data_generator_V":-69.270012,"data_generator_W":0.0000002859},{"data_generator_V":-69.270012,"data_generator_W":0.0000002859},{"data_generator_V":-69.270012,"data_generator_W":0.0000002859},{"data_generator_V":-69.270012,"data_generator_W":0.0000002859},{"data_generator_V":-69.270012,"data_generator_W":0.0000002859},{"data_generator_V":-69.270012,"data_generator_W":0.0000002859},{"data_generator_V":-69.270012,"data_generator_W":0.0000002859},{"data_generator_V":-69.270012,"data_generator_W":0.0000002859},{"data_generator_V":-69.270012,"data_generator_W":0.0000002859},{"data_generator_V":-69.270012,"data_generator_W":0.0000002859},{"data_generator_V":-69.270012,"data_generator_W":0.0000002859},{"data_generator_V":-69.270012,"data_generator_W":0.0000002859},{"data_generator_V":-69.270012,"data_generator_W":0.0000002859},{"data_generator_V":-69.270012,"data_generator_W":0.0000002859},{"data_generator_V":-69.270012,"data_generator_W":0.0000002859},{"data_generator_V":-69.270012,"data_generator_W":0.0000002859},{"data_generator_V":-69.270012,"data_generator_W":0.0000002859},{"data_generator_V":-69.270012,"data_generator_W":0.0000002859},{"data_generator_V":-69.270012,"data_generator_W":0.0000002859},{"data_generator_V":-69.270012,"data_generator_W":0.0000002859},{"data_generator_V":-69.270012,"data_generator_W":0.0000002859},{"data_generator_V":-69.270012,"data_generator_W":0.0000002859},{"data_generator_V":-69.270012,"data_generator_W":0.0000002859},{"data_generator_V":-69.270012,"data_generator_W":0.0000002859},{"data_generator_V":-69.270012,"data_generator_W":0.0000002859},{"data_generator_V":-69.270012,"data_generator_W":0.0000002859},{"data_generator_V":-69.270012,"data_generator_W":0.0000002859},{"data_generator_V":-69.270012,"data_generator_W":0.0000002859},{"data_generator_V":-69.270012,"data_generator_W":0.0000002859},{"data_generator_V":-69.270012,"data_generator_W":0.0000002859},{"data_generator_V":-69.270012,"data_generator_W":0.0000002859},{"data_generator_V":-69.270012,"data_generator_W":0.0000002859},{"data_generator_V":-69.270012,"data_generator_W":0.0000002859},{"data_generator_V":-69.270012,"data_generator_W":0.0000002859},{"data_generator_V":-69.270012,"data_generator_W":0.0000002859},{"data_generator_V":-69.270012,"data_generator_W":0.0000002859},{"data_generator_V":-69.270012,"data_generator_W":0.0000002859},{"data_generator_V":-69.270012,"data_generator_W":0.0000002859},{"data_generator_V":-69.270012,"data_generator_W":0.0000002859},{"data_generator_V":-69.270012,"data_generator_W":0.0000002859},{"data_generator_V":-69.270012,"data_generator_W":0.0000002859},{"data_generator_V":-69.270012,"data_generator_W":0.0000002859},{"data_generator_V":-69.270012,"data_generator_W":0.0000002859},{"data_generator_V":-69.270012,"data_generator_W":0.0000002859},{"data_generator_V":-69.270012,"data_generator_W":0.0000002859},{"data_generator_V":-69.270012,"data_generator_W":0.0000002859},{"data_generator_V":-69.270012,"data_generator_W":0.0000002859},{"data_generator_V":-69.270012,"data_generator_W":0.0000002859},{"data_generator_V":-69.270012,"data_generator_W":0.0000002859},{"data_generator_V":-69.270012,"data_generator_W":0.0000002859},{"data_generator_V":-69.270012,"data_generator_W":0.0000002859},{"data_generator_V":-69.270012,"data_generator_W":0.0000002859},{"data_generator_V":-69.270012,"data_generator_W":0.0000002859},{"data_generator_V":-69.270012,"data_generator_W":0.0000002859},{"data_generator_V":-69.270012,"data_generator_W":0.0000002859},{"data_generator_V":-69.270012,"data_generator_W":0.0000002859},{"data_generator_V":-69.270012,"data_generator_W":0.0000002859},{"data_generator_V":-69.270012,"data_generator_W":0.0000002859},{"data_generator_V":-69.270012,"data_generator_W":0.0000002859},{"data_generator_V":-69.270012,"data_generator_W":0.0000002859},{"data_generator_V":-69.270012,"data_generator_W":0.0000002859},{"data_generator_V":-69.270012,"data_generator_W":0.0000002859},{"data_generator_V":-69.270012,"data_generator_W":0.0000002859},{"data_generator_V":-69.270012,"data_generator_W":0.0000002859},{"data_generator_V":-69.270012,"data_generator_W":0.0000002859},{"data_generator_V":-69.270012,"data_generator_W":0.0000002859},{"data_generator_V":-69.270012,"data_generator_W":0.0000002859},{"data_generator_V":-69.270012,"data_generator_W":0.0000002859},{"data_generator_V":-69.270012,"data_generator_W":0.0000002859},{"data_generator_V":-69.270012,"data_generator_W":0.0000002859},{"data_generator_V":-69.270012,"data_generator_W":0.0000002859},{"data_generator_V":-69.270012,"data_generator_W":0.0000002859},{"data_generator_V":-69.270012,"data_generator_W":0.0000002859},{"data_generator_V":-69.270012,"data_generator_W":0.0000002859},{"data_generator_V":-69.270012,"data_generator_W":0.0000002859},{"data_generator_V":-69.270012,"data_generator_W":0.0000002859},{"data_generator_V":-69.270012,"data_generator_W":0.0000002859},{"data_generator_V":-69.270012,"data_generator_W":0.0000002859},{"data_generator_V":-69.270012,"data_generator_W":0.0000002859},{"data_generator_V":-69.270012,"data_generator_W":0.0000002859},{"data_generator_V":-69.270012,"data_generator_W":0.0000002859},{"data_generator_V":-69.270012,"data_generator_W":0.0000002859},{"data_generator_V":-69.270012,"data_generator_W":0.0000002859},{"data_generator_V":-69.270012,"data_generator_W":0.0000002859},{"data_generator_V":-69.270012,"data_generator_W":0.0000002859},{"data_generator_V":-69.270012,"data_generator_W":0.0000002859},{"data_generator_V":-69.270012,"data_generator_W":0.0000002859},{"data_generator_V":-69.270012,"data_generator_W":0.0000002859},{"data_generator_V":-69.270012,"data_generator_W":0.0000002859},{"data_generator_V":-69.270012,"data_generator_W":0.0000002859},{"data_generator_V":-69.270012,"data_generator_W":0.0000002859},{"data_generator_V":-69.270012,"data_generator_W":0.0000002859},{"data_generator_V":-69.270012,"data_generator_W":0.0000002859},{"data_generator_V":-69.270012,"data_generator_W":0.0000002859},{"data_generator_V":-69.270012,"data_generator_W":0.0000002859},{"data_generator_V":-69.270012,"data_generator_W":0.0000002859},{"data_generator_V":-69.270012,"data_generator_W":0.0000002859},{"data_generator_V":-69.270012,"data_generator_W":0.0000002859},{"data_generator_V":-69.270012,"data_generator_W":0.0000002859},{"data_generator_V":-69.270012,"data_generator_W":0.0000002859},{"data_generator_V":-69.270012,"data_generator_W":0.0000002859},{"data_generator_V":-69.270012,"data_generator_W":0.0000002859},{"data_generator_V":-69.270012,"data_generator_W":0.0000002859},{"data_generator_V":-69.270012,"data_generator_W":0.0000002859},{"data_generator_V":-69.270012,"data_generator_W":0.0000002859},{"data_generator_V":-69.270012,"data_generator_W":0.0000002859},{"data_generator_V":-69.270012,"data_generator_W":0.0000002859},{"data_generator_V":-69.270012,"data_generator_W":0.0000002859},{"data_generator_V":-69.270012,"data_generator_W":0.0000002859},{"data_generator_V":-69.270012,"data_generator_W":0.0000002859},{"data_generator_V":-69.270012,"data_generator_W":0.0000002859},{"data_generator_V":-69.270012,"data_generator_W":0.0000002859},{"data_generator_V":-69.270012,"data_generator_W":0.0000002859},{"data_generator_V":-69.270012,"data_generator_W":0.0000002859},{"data_generator_V":-69.270012,"data_generator_W":0.0000002859},{"data_generator_V":-69.270012,"data_generator_W":0.0000002859},{"data_generator_V":-69.270012,"data_generator_W":0.0000002859},{"data_generator_V":-69.270012,"data_generator_W":0.0000002859},{"data_generator_V":-69.270012,"data_generator_W":0.0000002859},{"data_generator_V":-69.270012,"data_generator_W":0.0000002859},{"data_generator_V":-69.270012,"data_generator_W":0.0000002859},{"data_generator_V":-69.270012,"data_generator_W":0.0000002859},{"data_generator_V":-69.270012,"data_generator_W":0.0000002859},{"data_generator_V":-69.270012,"data_generator_W":0.0000002859},{"data_generator_V":-69.270012,"data_generator_W":0.0000002859},{"data_generator_V":-69.270012,"data_generator_W":0.0000002859},{"data_generator_V":-69.270012,"data_generator_W":0.0000002859},{"data_generator_V":-69.270012,"data_generator_W":0.0000002859},{"data_generator_V":-69.270012,"data_generator_W":0.0000002859},{"data_generator_V":-69.270012,"data_generator_W":0.0000002859},{"data_generator_V":-69.270012,"data_generator_W":0.0000002859},{"data_generator_V":-69.270012,"data_generator_W":0.0000002859},{"data_generator_V":-69.270012,"data_generator_W":0.0000002859},{"data_generator_V":-69.270012,"data_generator_W":0.0000002859},{"data_generator_V":-69.270012,"data_generator_W":0.0000002859},{"data_generator_V":-69.270012,"data_generator_W":0.0000002859},{"data_generator_V":-69.270012,"data_generator_W":0.0000002859},{"data_generator_V":-69.270012,"data_generator_W":0.0000002859},{"data_generator_V":-69.270012,"data_generator_W":0.0000002859},{"data_generator_V":-69.270012,"data_generator_W":0.0000002859},{"data_generator_V":-69.270012,"data_generator_W":0.0000002859},{"data_generator_V":-69.270012,"data_generator_W":0.0000002859},{"data_generator_V":-69.270012,"data_generator_W":0.0000002859},{"data_generator_V":-69.270012,"data_generator_W":0.0000002859},{"data_generator_V":-69.270012,"data_generator_W":0.0000002859},{"data_generator_V":-69.270012,"data_generator_W":0.0000002859},{"data_generator_V":-69.270012,"data_generator_W":0.0000002859},{"data_generator_V":-69.270012,"data_generator_W":0.0000002859},{"data_generator_V":-69.270012,"data_generator_W":0.0000002859},{"data_generator_V":-69.270012,"data_generator_W":0.0000002859}]