[{"data_set_value_component_environment_variable_time":0.0,"data_set_value_component_contraction_variable_a":37.24,"data_set_value_component_contraction_variable_b":0.325,"data_set_value_component_contraction_variable_Po":144.9,"data_set_value_component_contraction_variable_alpha":1449.027,"data_set_value_component_contraction_variable_L_se_o":0.3,"data_set_value_component_contraction_variable_L":1.0,"data_set_value_component_contraction_variable_v":-1.2645676692,"data_set_value_component_contraction_variable_L_se":0.3,"data_set_value_component_contraction_variable_L_ce":0.7,"data_set_value_component_contraction_variable_P":0.0},{"data_set_value_component_environment_variable_time":0.1,"data_set_value_component_contraction_variable_a":37.24,"data_set_value_component_contraction_variable_b":0.325,"data_set_value_component_contraction_variable_Po":144.9,"data_set_value_component_contraction_variable_alpha":1449.027,"data_set_value_component_contraction_variable_L_se_o":0.3,"data_set_value_component_contraction_variable_L":1.0,"data_set_value_component_contraction_variable_v":-0.2386478078,"data_set_value_component_contraction_variable_L_se":0.3467776941,"data_set_value_component_contraction_variable_L_ce":0.6532223059,"data_set_value_component_contraction_variable_P":67.7821418041},{"data_set_value_component_environment_variable_time":0.2,"data_set_value_component_contraction_variable_a":37.24,"data_set_value_component_contraction_variable_b":0.325,"data_set_value_component_contraction_variable_Po":144.9,"data_set_value_component_contraction_variable_alpha":1449.027,"data_set_value_component_contraction_variable_L_se_o":0.3,"data_set_value_component_contraction_variable_L":1.0,"data_set_value_component_contraction_variable_v":-0.1292571458,"data_set_value_component_contraction_variable_L_se":0.364231208,"data_set_value_component_contraction_variable_L_ce":0.635768792,"data_set_value_component_contraction_variable_P":93.0727546836},{"data_set_value_component_environment_variable_time":0.3,"data_set_value_component_contraction_variable_a":37.24,"data_set_value_component_contraction_variable_b":0.325,"data_set_value_component_contraction_variable_Po":144.9,"data_set_value_component_contraction_variable_alpha":1449.027,"data_set_value_component_contraction_variable_L_se_o":0.3,"data_set_value_component_contraction_variable_L":1.0,"data_set_value_component_contraction_variable_v":-0.0824652893,"data_set_value_component_contraction_variable_L_se":0.3745585868,"data_set_value_component_contraction_variable_L_ce":0.6254414132,"data_set_value_component_contraction_variable_P":108.0374053362},{"data_set_value_component_environment_variable_time":0.4,"data_set_value_component_contraction_variable_a":37.24,"data_set_value_component_contraction_variable_b":0.325,"data_set_value_component_contraction_variable_Po":144.9,"data_set_value_component_contraction_variable_alpha":1449.027,"data_set_value_component_contraction_variable_L_se_o":0.3,"data_set_value_component_contraction_variable_L":1.0,"data_set_value_component_contraction_variable_v":-0.0564577017,"data_set_value_component_contraction_variable_L_se":0.3813941654,"data_set_value_component_contraction_variable_L_ce":0.6186058346,"data_set_value_component_contraction_variable_P":117.9423432514},{"data_set_value_component_environment_variable_time":0.5,"data_set_value_component_contraction_variable_a":37.24,"data_set_value_component_contraction_variable_b":0.325,"data_set_value_component_contraction_variable_Po":144.9,"data_set_value_component_contraction_variable_alpha":1449.027,"data_set_value_component_contraction_variable_L_se_o":0.3,"data_set_value_component_contraction_variable_L":1.0,"data_set_value_component_contraction_variable_v":-0.040179023,"data_set_value_component_contraction_variable_L_se":0.3861681295,"data_set_value_component_contraction_variable_L_ce":0.6138318705,"data_set_value_component_contraction_variable_P":124.8599462431},{"data_set_value_component_environment_variable_time":0.6,"data_set_value_component_contraction_variable_a":37.24,"data_set_value_component_contraction_variable_b":0.325,"data_set_value_component_contraction_variable_Po":144.9,"data_set_value_component_contraction_variable_alpha":1449.027,"data_set_value_component_contraction_variable_L_se_o":0.3,"data_set_value_component_contraction_variable_L":1.0,"data_set_value_component_contraction_variable_v":-0.0292875922,"data_set_value_component_contraction_variable_L_se":0.389607155,"data_set_value_component_contraction_variable_L_ce":0.610392845,"data_set_value_component_contraction_variable_P":129.843186922},{"data_set_value_component_environment_variable_time":0.7,"data_set_value_component_contraction_variable_a":37.24,"data_set_value_component_contraction_variable_b":0.325,"data_set_value_component_contraction_variable_Po":144.9,"data_set_value_component_contraction_variable_alpha":1449.027,"data_set_value_component_contraction_variable_L_se_o":0.3,"data_set_value_component_contraction_variable_L":1.0,"data_set_value_component_contraction_variable_v":-0.0216896741,"data_set_value_component_contraction_variable_L_se":0.3921341825,"data_set_value_component_contraction_variable_L_ce":0.6078658175,"data_set_value_component_contraction_variable_P":133.5049180699},{"data_set_value_component_environment_variable_time":0.8,"data_set_value_component_contraction_variable_a":37.24,"data_set_value_component_contraction_variable_b":0.325,"data_set_value_component_contraction_variable_Po":144.9,"data_set_value_component_contraction_variable_alpha":1449.027,"data_set_value_component_contraction_variable_L_se_o":0.3,"data_set_value_component_contraction_variable_L":1.0,"data_set_value_component_contraction_variable_v":-0.0162399153,"data_set_value_component_contraction_variable_L_se":0.3940160488,"data_set_value_component_contraction_variable_L_ce":0.6059839512,"data_set_value_component_contraction_variable_P":136.2317931339},{"data_set_value_component_environment_variable_time":0.9,"data_set_value_component_contraction_variable_a":37.24,"data_set_value_component_contraction_variable_b":0.325,"data_set_value_component_contraction_variable_Po":144.9,"data_set_value_component_contraction_variable_alpha":1449.027,"data_set_value_component_contraction_variable_L_se_o":0.3,"data_set_value_component_contraction_variable_L":1.0,"data_set_value_component_contraction_variable_v":-0.0122557077,"data_set_value_component_contraction_variable_L_se":0.3954303276,"data_set_value_component_contraction_variable_L_ce":0.6045696724,"data_set_value_component_contraction_variable_P":138.2811213577},{"data_set_value_component_environment_variable_time":1.0,"data_set_value_component_contraction_variable_a":37.24,"data_set_value_component_contraction_variable_b":0.325,"data_set_value_component_contraction_variable_Po":144.9,"data_set_value_component_contraction_variable_alpha":1449.027,"data_set_value_component_contraction_variable_L_se_o":0.3,"data_set_value_component_contraction_variable_L":1.0,"data_set_value_component_contraction_variable_v":-0.0093007803,"data_set_value_component_contraction_variable_L_se":0.3965010141,"data_set_value_component_contraction_variable_L_ce":0.6034989859,"data_set_value_component_contraction_variable_P":139.8325750267}]