[{"data_set_value_component_environment_variable_time":0.0,"data_set_value_component_R_variable_R":0.0,"data_set_value_component_R_variable_L_":30.0,"data_set_value_component_R_variable_T_":8.0,"data_set_value_component_R_variable_dR":0.1,"data_set_value_component_R_variable_rR":0.1,"data_set_value_component_R_variable_H":1.0,"data_set_value_component_R_variable_x":0.1666666667,"data_set_value_component_L_variable_L":10.0,"data_set_value_component_L_variable_dL":0.015,"data_set_value_component_L_variable_rL":5.0,"data_set_value_component_T_variable_T":12.0,"data_set_value_component_T_variable_dT":0.023,"data_set_value_component_T_variable_rT":0.01},{"data_set_value_component_environment_variable_time":0.1,"data_set_value_component_R_variable_R":0.0099501822,"data_set_value_component_R_variable_L_":30.0,"data_set_value_component_R_variable_T_":8.0,"data_set_value_component_R_variable_dR":0.1,"data_set_value_component_R_variable_rR":0.1,"data_set_value_component_R_variable_H":1.0,"data_set_value_component_R_variable_x":0.1692815988,"data_set_value_component_L_variable_L":9.9875007021,"data_set_value_component_L_variable_dL":0.015,"data_set_value_component_L_variable_rL":5.0,"data_set_value_component_T_variable_T":11.982413689,"data_set_value_component_T_variable_dT":0.023,"data_set_value_component_T_variable_rT":0.01},{"data_set_value_component_environment_variable_time":0.2,"data_set_value_component_R_variable_R":0.0198014006,"data_set_value_component_R_variable_L_":30.0,"data_set_value_component_R_variable_T_":8.0,"data_set_value_component_R_variable_dR":0.1,"data_set_value_component_R_variable_rR":0.1,"data_set_value_component_R_variable_H":1.0,"data_set_value_component_R_variable_x":0.1717272778,"data_set_value_component_L_variable_L":9.9799643751,"data_set_value_component_L_variable_dL":0.015,"data_set_value_component_L_variable_rL":5.0,"data_set_value_component_T_variable_T":11.9648579442,"data_set_value_component_T_variable_dT":0.023,"data_set_value_component_T_variable_rT":0.01},{"data_set_value_component_environment_variable_time":0.3,"data_set_value_component_R_variable_R":0.0295545702,"data_set_value_component_R_variable_L_":30.0,"data_set_value_component_R_variable_T_":8.0,"data_set_value_component_R_variable_dR":0.1,"data_set_value_component_R_variable_rR":0.1,"data_set_value_component_R_variable_H":1.0,"data_set_value_component_R_variable_x":0.1740048908,"data_set_value_component_L_variable_L":9.9773383218,"data_set_value_component_L_variable_dL":0.015,"data_set_value_component_L_variable_rL":5.0,"data_set_value_component_T_variable_T":11.9473373207,"data_set_value_component_T_variable_dT":0.023,"data_set_value_component_T_variable_rT":0.01},{"data_set_value_component_environment_variable_time":0.4,"data_set_value_component_R_variable_R":0.0392106636,"data_set_value_component_R_variable_L_":30.0,"data_set_value_component_R_variable_T_":8.0,"data_set_value_component_R_variable_dR":0.1,"data_set_value_component_R_variable_rR":0.1,"data_set_value_component_R_variable_H":1.0,"data_set_value_component_R_variable_x":0.1761157049,"data_set_value_component_L_variable_L":9.9795665862,"data_set_value_component_L_variable_dL":0.015,"data_set_value_component_L_variable_rL":5.0,"data_set_value_component_T_variable_T":11.9298566046,"data_set_value_component_T_variable_dT":0.023,"data_set_value_component_T_variable_rT":0.01},{"data_set_value_component_environment_variable_time":0.5,"data_set_value_component_R_variable_R":0.0487706724,"data_set_value_component_R_variable_L_":30.0,"data_set_value_component_R_variable_T_":8.0,"data_set_value_component_R_variable_dR":0.1,"data_set_value_component_R_variable_rR":0.1,"data_set_value_component_R_variable_H":1.0,"data_set_value_component_R_variable_x":0.1780610134,"data_set_value_component_L_variable_L":9.9865921576,"data_set_value_component_L_variable_dL":0.015,"data_set_value_component_L_variable_rL":5.0,"data_set_value_component_T_variable_T":11.9124206509,"data_set_value_component_T_variable_dT":0.023,"data_set_value_component_T_variable_rT":0.01},{"data_set_value_component_environment_variable_time":0.6,"data_set_value_component_R_variable_R":0.0582355595,"data_set_value_component_R_variable_L_":30.0,"data_set_value_component_R_variable_T_":8.0,"data_set_value_component_R_variable_dR":0.1,"data_set_value_component_R_variable_rR":0.1,"data_set_value_component_R_variable_H":1.0,"data_set_value_component_R_variable_x":0.1798420742,"data_set_value_component_L_variable_L":9.9983596918,"data_set_value_component_L_variable_dL":0.015,"data_set_value_component_L_variable_rL":5.0,"data_set_value_component_T_variable_T":11.8950341551,"data_set_value_component_T_variable_dT":0.023,"data_set_value_component_T_variable_rT":0.01},{"data_set_value_component_environment_variable_time":0.7,"data_set_value_component_R_variable_R":0.0676062705,"data_set_value_component_R_variable_L_":30.0,"data_set_value_component_R_variable_T_":8.0,"data_set_value_component_R_variable_dR":0.1,"data_set_value_component_R_variable_rR":0.1,"data_set_value_component_R_variable_H":1.0,"data_set_value_component_R_variable_x":0.1814601248,"data_set_value_component_L_variable_L":10.0148148528,"data_set_value_component_L_variable_dL":0.015,"data_set_value_component_L_variable_rL":5.0,"data_set_value_component_T_variable_T":11.8777017075,"data_set_value_component_T_variable_dT":0.023,"data_set_value_component_T_variable_rT":0.01},{"data_set_value_component_environment_variable_time":0.8,"data_set_value_component_R_variable_R":0.0768837396,"data_set_value_component_R_variable_L_":30.0,"data_set_value_component_R_variable_T_":8.0,"data_set_value_component_R_variable_dR":0.1,"data_set_value_component_R_variable_rR":0.1,"data_set_value_component_R_variable_H":1.0,"data_set_value_component_R_variable_x":0.1829163903,"data_set_value_component_L_variable_L":10.0359039597,"data_set_value_component_L_variable_dL":0.015,"data_set_value_component_L_variable_rL":5.0,"data_set_value_component_T_variable_T":11.8604278216,"data_set_value_component_T_variable_dT":0.023,"data_set_value_component_T_variable_rT":0.01},{"data_set_value_component_environment_variable_time":0.9,"data_set_value_component_R_variable_R":0.0860688948,"data_set_value_component_R_variable_L_":30.0,"data_set_value_component_R_variable_T_":8.0,"data_set_value_component_R_variable_dR":0.1,"data_set_value_component_R_variable_rR":0.1,"data_set_value_component_R_variable_H":1.0,"data_set_value_component_R_variable_x":0.1842120892,"data_set_value_component_L_variable_L":10.0615736931,"data_set_value_component_L_variable_dL":0.015,"data_set_value_component_L_variable_rL":5.0,"data_set_value_component_T_variable_T":11.8432169679,"data_set_value_component_T_variable_dT":0.023,"data_set_value_component_T_variable_rT":0.01},{"data_set_value_component_environment_variable_time":1.0,"data_set_value_component_R_variable_R":0.0951626563,"data_set_value_component_R_variable_L_":30.0,"data_set_value_component_R_variable_T_":8.0,"data_set_value_component_R_variable_dR":0.1,"data_set_value_component_R_variable_rR":0.1,"data_set_value_component_R_variable_H":1.0,"data_set_value_component_R_variable_x":0.1853484314,"data_set_value_component_L_variable_L":10.0917712037,"data_set_value_component_L_variable_dL":0.015,"data_set_value_component_L_variable_rL":5.0,"data_set_value_component_T_variable_T":11.8260735614,"data_set_value_component_T_variable_dT":0.023,"data_set_value_component_T_variable_rT":0.01}]