[{"data_set_value_component_environment_variable_time":0.0,"data_set_value_component_membrane_variable_u":0.0,"data_set_value_component_membrane_variable_Cm":1.0,"data_set_value_component_membrane_variable_Vm":-85.0,"data_set_value_component_membrane_variable_V_0":-85.0,"data_set_value_component_membrane_variable_V_fi":15.0,"data_set_value_component_p_variable_p":0.0,"data_set_value_component_p_variable_u_c":0.13,"data_set_value_component_q_variable_q":0.0,"data_set_value_component_q_variable_u_v":0.04,"data_set_value_component_fast_inward_current_variable_J_fi":0.0,"data_set_value_component_fast_inward_current_variable_tau_d":0.25,"data_set_value_component_fast_inward_current_variable_g_fi_max":4.0,"data_set_value_component_fast_inward_current_v_gate_variable_v":1.0,"data_set_value_component_fast_inward_current_v_gate_variable_tau_v_minus":19.6,"data_set_value_component_fast_inward_current_v_gate_variable_tau_v1_minus":1250.0,"data_set_value_component_fast_inward_current_v_gate_variable_tau_v2_minus":19.6,"data_set_value_component_fast_inward_current_v_gate_variable_tau_v_plus":3.33,"data_set_value_component_slow_outward_current_variable_J_so":0.0,"data_set_value_component_slow_outward_current_variable_tau_0":12.5,"data_set_value_component_slow_outward_current_variable_tau_r":33.33,"data_set_value_component_slow_inward_current_variable_J_si":-0.0000000014,"data_set_value_component_slow_inward_current_variable_tau_si":29.0,"data_set_value_component_slow_inward_current_variable_u_csi":0.85,"data_set_value_component_slow_inward_current_variable_k":10.0,"data_set_value_component_slow_inward_current_w_gate_variable_w":1.0,"data_set_value_component_slow_inward_current_w_gate_variable_tau_w_minus":41.0,"data_set_value_component_slow_inward_current_w_gate_variable_tau_w_plus":870.0,"data_set_value_component_stimulus_protocol_variable_Istim":0.0,"data_set_value_component_stimulus_protocol_variable_IstimStart":10.0,"data_set_value_component_stimulus_protocol_variable_IstimEnd":50000.0,"data_set_value_component_stimulus_protocol_variable_IstimAmplitude":-0.2,"data_set_value_component_stimulus_protocol_variable_IstimPeriod":1000.0,"data_set_value_component_stimulus_protocol_variable_IstimPulseDuration":1.0},{"data_set_value_component_environment_variable_time":0.1,"data_set_value_component_membrane_variable_u":0.0000000001,"data_set_value_component_membrane_variable_Cm":1.0,"data_set_value_component_membrane_variable_Vm":-84.9999999859,"data_set_value_component_membrane_variable_V_0":-85.0,"data_set_value_component_membrane_variable_V_fi":15.0,"data_set_value_component_p_variable_p":0.0,"data_set_value_component_p_variable_u_c":0.13,"data_set_value_component_q_variable_q":0.0,"data_set_value_component_q_variable_u_v":0.04,"data_set_value_component_fast_inward_current_variable_J_fi":0.0,"data_set_value_component_fast_inward_current_variable_tau_d":0.25,"data_set_value_component_fast_inward_current_variable_g_fi_max":4.0,"data_set_value_component_fast_inward_current_v_gate_variable_v":1.0,"data_set_value_component_fast_inward_current_v_gate_variable_tau_v_minus":19.6,"data_set_value_component_fast_inward_current_v_gate_variable_tau_v1_minus":1250.0,"data_set_value_component_fast_inward_current_v_gate_variable_tau_v2_minus":19.6,"data_set_value_component_fast_inward_current_v_gate_variable_tau_v_plus":3.33,"data_set_value_component_slow_outward_current_variable_J_so":0.0,"data_set_value_component_slow_outward_current_variable_tau_0":12.5,"data_set_value_component_slow_outward_current_variable_tau_r":33.33,"data_set_value_component_slow_inward_current_variable_J_si":-0.0000000014,"data_set_value_component_slow_inward_current_variable_tau_si":29.0,"data_set_value_component_slow_inward_current_variable_u_csi":0.85,"data_set_value_component_slow_inward_current_variable_k":10.0,"data_set_value_component_slow_inward_current_w_gate_variable_w":1.0,"data_set_value_component_slow_inward_current_w_gate_variable_tau_w_minus":41.0,"data_set_value_component_slow_inward_current_w_gate_variable_tau_w_plus":870.0,"data_set_value_component_stimulus_protocol_variable_Istim":0.0,"data_set_value_component_stimulus_protocol_variable_IstimStart":10.0,"data_set_value_component_stimulus_protocol_variable_IstimEnd":50000.0,"data_set_value_component_stimulus_protocol_variable_IstimAmplitude":-0.2,"data_set_value_component_stimulus_protocol_variable_IstimPeriod":1000.0,"data_set_value_component_stimulus_protocol_variable_IstimPulseDuration":1.0},{"data_set_value_component_environment_variable_time":0.2,"data_set_value_component_membrane_variable_u":0.0000000003,"data_set_value_component_membrane_variable_Cm":1.0,"data_set_value_component_membrane_variable_Vm":-84.9999999718,"data_set_value_component_membrane_variable_V_0":-85.0,"data_set_value_component_membrane_variable_V_fi":15.0,"data_set_value_component_p_variable_p":0.0,"data_set_value_component_p_variable_u_c":0.13,"data_set_value_component_q_variable_q":0.0,"data_set_value_component_q_variable_u_v":0.04,"data_set_value_component_fast_inward_current_variable_J_fi":0.0,"data_set_value_component_fast_inward_current_variable_tau_d":0.25,"data_set_value_component_fast_inward_current_variable_g_fi_max":4.0,"data_set_value_component_fast_inward_current_v_gate_variable_v":1.0,"data_set_value_component_fast_inward_current_v_gate_variable_tau_v_minus":19.6,"data_set_value_component_fast_inward_current_v_gate_variable_tau_v1_minus":1250.0,"data_set_value_component_fast_inward_current_v_gate_variable_tau_v2_minus":19.6,"data_set_value_component_fast_inward_current_v_gate_variable_tau_v_plus":3.33,"data_set_value_component_slow_outward_current_variable_J_so":0.0,"data_set_value_component_slow_outward_current_variable_tau_0":12.5,"data_set_value_component_slow_outward_current_variable_tau_r":33.33,"data_set_value_component_slow_inward_current_variable_J_si":-0.0000000014,"data_set_value_component_slow_inward_current_variable_tau_si":29.0,"data_set_value_component_slow_inward_current_variable_u_csi":0.85,"data_set_value_component_slow_inward_current_variable_k":10.0,"data_set_value_component_slow_inward_current_w_gate_variable_w":1.0,"data_set_value_component_slow_inward_current_w_gate_variable_tau_w_minus":41.0,"data_set_value_component_slow_inward_current_w_gate_variable_tau_w_plus":870.0,"data_set_value_component_stimulus_protocol_variable_Istim":0.0,"data_set_value_component_stimulus_protocol_variable_IstimStart":10.0,"data_set_value_component_stimulus_protocol_variable_IstimEnd":50000.0,"data_set_value_component_stimulus_protocol_variable_IstimAmplitude":-0.2,"data_set_value_component_stimulus_protocol_variable_IstimPeriod":1000.0,"data_set_value_component_stimulus_protocol_variable_IstimPulseDuration":1.0},{"data_set_value_component_environment_variable_time":0.3,"data_set_value_component_membrane_variable_u":0.0000000004,"data_set_value_component_membrane_variable_Cm":1.0,"data_set_value_component_membrane_variable_Vm":-84.9999999579,"data_set_value_component_membrane_variable_V_0":-85.0,"data_set_value_component_membrane_variable_V_fi":15.0,"data_set_value_component_p_variable_p":0.0,"data_set_value_component_p_variable_u_c":0.13,"data_set_value_component_q_variable_q":0.0,"data_set_value_component_q_variable_u_v":0.04,"data_set_value_component_fast_inward_current_variable_J_fi":0.0,"data_set_value_component_fast_inward_current_variable_tau_d":0.25,"data_set_value_component_fast_inward_current_variable_g_fi_max":4.0,"data_set_value_component_fast_inward_current_v_gate_variable_v":1.0,"data_set_value_component_fast_inward_current_v_gate_variable_tau_v_minus":19.6,"data_set_value_component_fast_inward_current_v_gate_variable_tau_v1_minus":1250.0,"data_set_value_component_fast_inward_current_v_gate_variable_tau_v2_minus":19.6,"data_set_value_component_fast_inward_current_v_gate_variable_tau_v_plus":3.33,"data_set_value_component_slow_outward_current_variable_J_so":0.0,"data_set_value_component_slow_outward_current_variable_tau_0":12.5,"data_set_value_component_slow_outward_current_variable_tau_r":33.33,"data_set_value_component_slow_inward_current_variable_J_si":-0.0000000014,"data_set_value_component_slow_inward_current_variable_tau_si":29.0,"data_set_value_component_slow_inward_current_variable_u_csi":0.85,"data_set_value_component_slow_inward_current_variable_k":10.0,"data_set_value_component_slow_inward_current_w_gate_variable_w":1.0,"data_set_value_component_slow_inward_current_w_gate_variable_tau_w_minus":41.0,"data_set_value_component_slow_inward_current_w_gate_variable_tau_w_plus":870.0,"data_set_value_component_stimulus_protocol_variable_Istim":0.0,"data_set_value_component_stimulus_protocol_variable_IstimStart":10.0,"data_set_value_component_stimulus_protocol_variable_IstimEnd":50000.0,"data_set_value_component_stimulus_protocol_variable_IstimAmplitude":-0.2,"data_set_value_component_stimulus_protocol_variable_IstimPeriod":1000.0,"data_set_value_component_stimulus_protocol_variable_IstimPulseDuration":1.0},{"data_set_value_component_environment_variable_time":0.4,"data_set_value_component_membrane_variable_u":0.0000000006,"data_set_value_component_membrane_variable_Cm":1.0,"data_set_value_component_membrane_variable_Vm":-84.9999999441,"data_set_value_component_membrane_variable_V_0":-85.0,"data_set_value_component_membrane_variable_V_fi":15.0,"data_set_value_component_p_variable_p":0.0,"data_set_value_component_p_variable_u_c":0.13,"data_set_value_component_q_variable_q":0.0,"data_set_value_component_q_variable_u_v":0.04,"data_set_value_component_fast_inward_current_variable_J_fi":0.0,"data_set_value_component_fast_inward_current_variable_tau_d":0.25,"data_set_value_component_fast_inward_current_variable_g_fi_max":4.0,"data_set_value_component_fast_inward_current_v_gate_variable_v":1.0,"data_set_value_component_fast_inward_current_v_gate_variable_tau_v_minus":19.6,"data_set_value_component_fast_inward_current_v_gate_variable_tau_v1_minus":1250.0,"data_set_value_component_fast_inward_current_v_gate_variable_tau_v2_minus":19.6,"data_set_value_component_fast_inward_current_v_gate_variable_tau_v_plus":3.33,"data_set_value_component_slow_outward_current_variable_J_so":0.0,"data_set_value_component_slow_outward_current_variable_tau_0":12.5,"data_set_value_component_slow_outward_current_variable_tau_r":33.33,"data_set_value_component_slow_inward_current_variable_J_si":-0.0000000014,"data_set_value_component_slow_inward_current_variable_tau_si":29.0,"data_set_value_component_slow_inward_current_variable_u_csi":0.85,"data_set_value_component_slow_inward_current_variable_k":10.0,"data_set_value_component_slow_inward_current_w_gate_variable_w":1.0,"data_set_value_component_slow_inward_current_w_gate_variable_tau_w_minus":41.0,"data_set_value_component_slow_inward_current_w_gate_variable_tau_w_plus":870.0,"data_set_value_component_stimulus_protocol_variable_Istim":0.0,"data_set_value_component_stimulus_protocol_variable_IstimStart":10.0,"data_set_value_component_stimulus_protocol_variable_IstimEnd":50000.0,"data_set_value_component_stimulus_protocol_variable_IstimAmplitude":-0.2,"data_set_value_component_stimulus_protocol_variable_IstimPeriod":1000.0,"data_set_value_component_stimulus_protocol_variable_IstimPulseDuration":1.0},{"data_set_value_component_environment_variable_time":0.5,"data_set_value_component_membrane_variable_u":0.0000000007,"data_set_value_component_membrane_variable_Cm":1.0,"data_set_value_component_membrane_variable_Vm":-84.9999999305,"data_set_value_component_membrane_variable_V_0":-85.0,"data_set_value_component_membrane_variable_V_fi":15.0,"data_set_value_component_p_variable_p":0.0,"data_set_value_component_p_variable_u_c":0.13,"data_set_value_component_q_variable_q":0.0,"data_set_value_component_q_variable_u_v":0.04,"data_set_value_component_fast_inward_current_variable_J_fi":0.0,"data_set_value_component_fast_inward_current_variable_tau_d":0.25,"data_set_value_component_fast_inward_current_variable_g_fi_max":4.0,"data_set_value_component_fast_inward_current_v_gate_variable_v":1.0,"data_set_value_component_fast_inward_current_v_gate_variable_tau_v_minus":19.6,"data_set_value_component_fast_inward_current_v_gate_variable_tau_v1_minus":1250.0,"data_set_value_component_fast_inward_current_v_gate_variable_tau_v2_minus":19.6,"data_set_value_component_fast_inward_current_v_gate_variable_tau_v_plus":3.33,"data_set_value_component_slow_outward_current_variable_J_so":0.0000000001,"data_set_value_component_slow_outward_current_variable_tau_0":12.5,"data_set_value_component_slow_outward_current_variable_tau_r":33.33,"data_set_value_component_slow_inward_current_variable_J_si":-0.0000000014,"data_set_value_component_slow_inward_current_variable_tau_si":29.0,"data_set_value_component_slow_inward_current_variable_u_csi":0.85,"data_set_value_component_slow_inward_current_variable_k":10.0,"data_set_value_component_slow_inward_current_w_gate_variable_w":1.0,"data_set_value_component_slow_inward_current_w_gate_variable_tau_w_minus":41.0,"data_set_value_component_slow_inward_current_w_gate_variable_tau_w_plus":870.0,"data_set_value_component_stimulus_protocol_variable_Istim":0.0,"data_set_value_component_stimulus_protocol_variable_IstimStart":10.0,"data_set_value_component_stimulus_protocol_variable_IstimEnd":50000.0,"data_set_value_component_stimulus_protocol_variable_IstimAmplitude":-0.2,"data_set_value_component_stimulus_protocol_variable_IstimPeriod":1000.0,"data_set_value_component_stimulus_protocol_variable_IstimPulseDuration":1.0},{"data_set_value_component_environment_variable_time":0.6,"data_set_value_component_membrane_variable_u":0.0000000008,"data_set_value_component_membrane_variable_Cm":1.0,"data_set_value_component_membrane_variable_Vm":-84.9999999171,"data_set_value_component_membrane_variable_V_0":-85.0,"data_set_value_component_membrane_variable_V_fi":15.0,"data_set_value_component_p_variable_p":0.0,"data_set_value_component_p_variable_u_c":0.13,"data_set_value_component_q_variable_q":0.0,"data_set_value_component_q_variable_u_v":0.04,"data_set_value_component_fast_inward_current_variable_J_fi":0.0,"data_set_value_component_fast_inward_current_variable_tau_d":0.25,"data_set_value_component_fast_inward_current_variable_g_fi_max":4.0,"data_set_value_component_fast_inward_current_v_gate_variable_v":1.0,"data_set_value_component_fast_inward_current_v_gate_variable_tau_v_minus":19.6,"data_set_value_component_fast_inward_current_v_gate_variable_tau_v1_minus":1250.0,"data_set_value_component_fast_inward_current_v_gate_variable_tau_v2_minus":19.6,"data_set_value_component_fast_inward_current_v_gate_variable_tau_v_plus":3.33,"data_set_value_component_slow_outward_current_variable_J_so":0.0000000001,"data_set_value_component_slow_outward_current_variable_tau_0":12.5,"data_set_value_component_slow_outward_current_variable_tau_r":33.33,"data_set_value_component_slow_inward_current_variable_J_si":-0.0000000014,"data_set_value_component_slow_inward_current_variable_tau_si":29.0,"data_set_value_component_slow_inward_current_variable_u_csi":0.85,"data_set_value_component_slow_inward_current_variable_k":10.0,"data_set_value_component_slow_inward_current_w_gate_variable_w":1.0,"data_set_value_component_slow_inward_current_w_gate_variable_tau_w_minus":41.0,"data_set_value_component_slow_inward_current_w_gate_variable_tau_w_plus":870.0,"data_set_value_component_stimulus_protocol_variable_Istim":0.0,"data_set_value_component_stimulus_protocol_variable_IstimStart":10.0,"data_set_value_component_stimulus_protocol_variable_IstimEnd":50000.0,"data_set_value_component_stimulus_protocol_variable_IstimAmplitude":-0.2,"data_set_value_component_stimulus_protocol_variable_IstimPeriod":1000.0,"data_set_value_component_stimulus_protocol_variable_IstimPulseDuration":1.0},{"data_set_value_component_environment_variable_time":0.7,"data_set_value_component_membrane_variable_u":0.000000001,"data_set_value_component_membrane_variable_Cm":1.0,"data_set_value_component_membrane_variable_Vm":-84.9999999037,"data_set_value_component_membrane_variable_V_0":-85.0,"data_set_value_component_membrane_variable_V_fi":15.0,"data_set_value_component_p_variable_p":0.0,"data_set_value_component_p_variable_u_c":0.13,"data_set_value_component_q_variable_q":0.0,"data_set_value_component_q_variable_u_v":0.04,"data_set_value_component_fast_inward_current_variable_J_fi":0.0,"data_set_value_component_fast_inward_current_variable_tau_d":0.25,"data_set_value_component_fast_inward_current_variable_g_fi_max":4.0,"data_set_value_component_fast_inward_current_v_gate_variable_v":1.0,"data_set_value_component_fast_inward_current_v_gate_variable_tau_v_minus":19.6,"data_set_value_component_fast_inward_current_v_gate_variable_tau_v1_minus":1250.0,"data_set_value_component_fast_inward_current_v_gate_variable_tau_v2_minus":19.6,"data_set_value_component_fast_inward_current_v_gate_variable_tau_v_plus":3.33,"data_set_value_component_slow_outward_current_variable_J_so":0.0000000001,"data_set_value_component_slow_outward_current_variable_tau_0":12.5,"data_set_value_component_slow_outward_current_variable_tau_r":33.33,"data_set_value_component_slow_inward_current_variable_J_si":-0.0000000014,"data_set_value_component_slow_inward_current_variable_tau_si":29.0,"data_set_value_component_slow_inward_current_variable_u_csi":0.85,"data_set_value_component_slow_inward_current_variable_k":10.0,"data_set_value_component_slow_inward_current_w_gate_variable_w":1.0,"data_set_value_component_slow_inward_current_w_gate_variable_tau_w_minus":41.0,"data_set_value_component_slow_inward_current_w_gate_variable_tau_w_plus":870.0,"data_set_value_component_stimulus_protocol_variable_Istim":0.0,"data_set_value_component_stimulus_protocol_variable_IstimStart":10.0,"data_set_value_component_stimulus_protocol_variable_IstimEnd":50000.0,"data_set_value_component_stimulus_protocol_variable_IstimAmplitude":-0.2,"data_set_value_component_stimulus_protocol_variable_IstimPeriod":1000.0,"data_set_value_component_stimulus_protocol_variable_IstimPulseDuration":1.0},{"data_set_value_component_environment_variable_time":0.8,"data_set_value_component_membrane_variable_u":0.0000000011,"data_set_value_component_membrane_variable_Cm":1.0,"data_set_value_component_membrane_variable_Vm":-84.9999998905,"data_set_value_component_membrane_variable_V_0":-85.0,"data_set_value_component_membrane_variable_V_fi":15.0,"data_set_value_component_p_variable_p":0.0,"data_set_value_component_p_variable_u_c":0.13,"data_set_value_component_q_variable_q":0.0,"data_set_value_component_q_variable_u_v":0.04,"data_set_value_component_fast_inward_current_variable_J_fi":0.0,"data_set_value_component_fast_inward_current_variable_tau_d":0.25,"data_set_value_component_fast_inward_current_variable_g_fi_max":4.0,"data_set_value_component_fast_inward_current_v_gate_variable_v":1.0,"data_set_value_component_fast_inward_current_v_gate_variable_tau_v_minus":19.6,"data_set_value_component_fast_inward_current_v_gate_variable_tau_v1_minus":1250.0,"data_set_value_component_fast_inward_current_v_gate_variable_tau_v2_minus":19.6,"data_set_value_component_fast_inward_current_v_gate_variable_tau_v_plus":3.33,"data_set_value_component_slow_outward_current_variable_J_so":0.0000000001,"data_set_value_component_slow_outward_current_variable_tau_0":12.5,"data_set_value_component_slow_outward_current_variable_tau_r":33.33,"data_set_value_component_slow_inward_current_variable_J_si":-0.0000000014,"data_set_value_component_slow_inward_current_variable_tau_si":29.0,"data_set_value_component_slow_inward_current_variable_u_csi":0.85,"data_set_value_component_slow_inward_current_variable_k":10.0,"data_set_value_component_slow_inward_current_w_gate_variable_w":1.0,"data_set_value_component_slow_inward_current_w_gate_variable_tau_w_minus":41.0,"data_set_value_component_slow_inward_current_w_gate_variable_tau_w_plus":870.0,"data_set_value_component_stimulus_protocol_variable_Istim":0.0,"data_set_value_component_stimulus_protocol_variable_IstimStart":10.0,"data_set_value_component_stimulus_protocol_variable_IstimEnd":50000.0,"data_set_value_component_stimulus_protocol_variable_IstimAmplitude":-0.2,"data_set_value_component_stimulus_protocol_variable_IstimPeriod":1000.0,"data_set_value_component_stimulus_protocol_variable_IstimPulseDuration":1.0},{"data_set_value_component_environment_variable_time":0.9,"data_set_value_component_membrane_variable_u":0.0000000012,"data_set_value_component_membrane_variable_Cm":1.0,"data_set_value_component_membrane_variable_Vm":-84.9999998773,"data_set_value_component_membrane_variable_V_0":-85.0,"data_set_value_component_membrane_variable_V_fi":15.0,"data_set_value_component_p_variable_p":0.0,"data_set_value_component_p_variable_u_c":0.13,"data_set_value_component_q_variable_q":0.0,"data_set_value_component_q_variable_u_v":0.04,"data_set_value_component_fast_inward_current_variable_J_fi":0.0,"data_set_value_component_fast_inward_current_variable_tau_d":0.25,"data_set_value_component_fast_inward_current_variable_g_fi_max":4.0,"data_set_value_component_fast_inward_current_v_gate_variable_v":1.0,"data_set_value_component_fast_inward_current_v_gate_variable_tau_v_minus":19.6,"data_set_value_component_fast_inward_current_v_gate_variable_tau_v1_minus":1250.0,"data_set_value_component_fast_inward_current_v_gate_variable_tau_v2_minus":19.6,"data_set_value_component_fast_inward_current_v_gate_variable_tau_v_plus":3.33,"data_set_value_component_slow_outward_current_variable_J_so":0.0000000001,"data_set_value_component_slow_outward_current_variable_tau_0":12.5,"data_set_value_component_slow_outward_current_variable_tau_r":33.33,"data_set_value_component_slow_inward_current_variable_J_si":-0.0000000014,"data_set_value_component_slow_inward_current_variable_tau_si":29.0,"data_set_value_component_slow_inward_current_variable_u_csi":0.85,"data_set_value_component_slow_inward_current_variable_k":10.0,"data_set_value_component_slow_inward_current_w_gate_variable_w":1.0,"data_set_value_component_slow_inward_current_w_gate_variable_tau_w_minus":41.0,"data_set_value_component_slow_inward_current_w_gate_variable_tau_w_plus":870.0,"data_set_value_component_stimulus_protocol_variable_Istim":0.0,"data_set_value_component_stimulus_protocol_variable_IstimStart":10.0,"data_set_value_component_stimulus_protocol_variable_IstimEnd":50000.0,"data_set_value_component_stimulus_protocol_variable_IstimAmplitude":-0.2,"data_set_value_component_stimulus_protocol_variable_IstimPeriod":1000.0,"data_set_value_component_stimulus_protocol_variable_IstimPulseDuration":1.0},{"data_set_value_component_environment_variable_time":1.0,"data_set_value_component_membrane_variable_u":0.0000000014,"data_set_value_component_membrane_variable_Cm":1.0,"data_set_value_component_membrane_variable_Vm":-84.9999998642,"data_set_value_component_membrane_variable_V_0":-85.0,"data_set_value_component_membrane_variable_V_fi":15.0,"data_set_value_component_p_variable_p":0.0,"data_set_value_component_p_variable_u_c":0.13,"data_set_value_component_q_variable_q":0.0,"data_set_value_component_q_variable_u_v":0.04,"data_set_value_component_fast_inward_current_variable_J_fi":0.0,"data_set_value_component_fast_inward_current_variable_tau_d":0.25,"data_set_value_component_fast_inward_current_variable_g_fi_max":4.0,"data_set_value_component_fast_inward_current_v_gate_variable_v":1.0,"data_set_value_component_fast_inward_current_v_gate_variable_tau_v_minus":19.6,"data_set_value_component_fast_inward_current_v_gate_variable_tau_v1_minus":1250.0,"data_set_value_component_fast_inward_current_v_gate_variable_tau_v2_minus":19.6,"data_set_value_component_fast_inward_current_v_gate_variable_tau_v_plus":3.33,"data_set_value_component_slow_outward_current_variable_J_so":0.0000000001,"data_set_value_component_slow_outward_current_variable_tau_0":12.5,"data_set_value_component_slow_outward_current_variable_tau_r":33.33,"data_set_value_component_slow_inward_current_variable_J_si":-0.0000000014,"data_set_value_component_slow_inward_current_variable_tau_si":29.0,"data_set_value_component_slow_inward_current_variable_u_csi":0.85,"data_set_value_component_slow_inward_current_variable_k":10.0,"data_set_value_component_slow_inward_current_w_gate_variable_w":1.0,"data_set_value_component_slow_inward_current_w_gate_variable_tau_w_minus":41.0,"data_set_value_component_slow_inward_current_w_gate_variable_tau_w_plus":870.0,"data_set_value_component_stimulus_protocol_variable_Istim":0.0,"data_set_value_component_stimulus_protocol_variable_IstimStart":10.0,"data_set_value_component_stimulus_protocol_variable_IstimEnd":50000.0,"data_set_value_component_stimulus_protocol_variable_IstimAmplitude":-0.2,"data_set_value_component_stimulus_protocol_variable_IstimPeriod":1000.0,"data_set_value_component_stimulus_protocol_variable_IstimPulseDuration":1.0}]