[{"data_set_value_component_environment_variable_time":0.0,"data_set_value_component_S_variable_S":100.0,"data_set_value_component_S_variable_r":0.5,"data_set_value_component_S_variable_epsilon":0.1,"data_set_value_component_S_variable_H":100.0,"data_set_value_component_S_variable_P":2.0,"data_set_value_component_I1_variable_I_1":0.0,"data_set_value_component_I2_variable_I_2":0.0,"data_set_value_component_I12_variable_I_12":0.0,"data_set_value_component_I21_variable_I_21":0.0,"data_set_value_component_R1_variable_R_1":0.0,"data_set_value_component_R2_variable_R_2":0.0,"data_set_value_component_R12_variable_R_12":0.0,"data_set_value_component_P1_variable_P_1":1.0,"data_set_value_component_P1_variable_k_1":1.0,"data_set_value_component_P1_variable_log_P1":0.0,"data_set_value_component_P2_variable_P_2":1.0,"data_set_value_component_P2_variable_k_2":1.0,"data_set_value_component_P2_variable_log_P2":0.0,"data_set_value_component_memory_duration_variable_G":100.0,"data_set_value_component_memory_duration_variable_g":0.01,"data_set_value_component_kinetic_parameters_variable_beta_1":1.0,"data_set_value_component_kinetic_parameters_variable_alpha_1":0.1,"data_set_value_component_kinetic_parameters_variable_beta_2":1.0,"data_set_value_component_kinetic_parameters_variable_alpha_2":0.1,"data_set_value_component_kinetic_parameters_variable_a_1":0.03,"data_set_value_component_kinetic_parameters_variable_a_2":1.0,"data_set_value_component_kinetic_parameters_variable_d":0.01,"data_set_value_component_kinetic_parameters_variable_u":0.5},{"data_set_value_component_environment_variable_time":0.1,"data_set_value_component_S_variable_S":80.0169471925,"data_set_value_component_S_variable_r":0.5,"data_set_value_component_S_variable_epsilon":0.1,"data_set_value_component_S_variable_H":99.8715538812,"data_set_value_component_S_variable_P":2.8583761256,"data_set_value_component_I1_variable_I_1":10.126108545,"data_set_value_component_I2_variable_I_2":9.6314295719,"data_set_value_component_I12_variable_I_12":0.0019279425,"data_set_value_component_I21_variable_I_21":0.0019341616,"data_set_value_component_R1_variable_R_1":0.047384853,"data_set_value_component_R2_variable_R_2":0.0458125521,"data_set_value_component_R12_variable_R_12":0.0000090626,"data_set_value_component_P1_variable_P_1":1.4371433026,"data_set_value_component_P1_variable_k_1":1.0,"data_set_value_component_P1_variable_log_P1":0.1575000753,"data_set_value_component_P2_variable_P_2":1.421232823,"data_set_value_component_P2_variable_k_2":1.0,"data_set_value_component_P2_variable_log_P2":0.1526652289,"data_set_value_component_memory_duration_variable_G":100.0,"data_set_value_component_memory_duration_variable_g":0.01,"data_set_value_component_kinetic_parameters_variable_beta_1":1.0,"data_set_value_component_kinetic_parameters_variable_alpha_1":0.1,"data_set_value_component_kinetic_parameters_variable_beta_2":1.0,"data_set_value_component_kinetic_parameters_variable_alpha_2":0.1,"data_set_value_component_kinetic_parameters_variable_a_1":0.03,"data_set_value_component_kinetic_parameters_variable_a_2":1.0,"data_set_value_component_kinetic_parameters_variable_d":0.01,"data_set_value_component_kinetic_parameters_variable_u":0.5},{"data_set_value_component_environment_variable_time":0.2,"data_set_value_component_S_variable_S":53.1579534596,"data_set_value_component_S_variable_r":0.5,"data_set_value_component_S_variable_epsilon":0.1,"data_set_value_component_S_variable_H":98.6794015043,"data_set_value_component_S_variable_P":5.8375307157,"data_set_value_component_I1_variable_I_1":23.7336003473,"data_set_value_component_I2_variable_I_2":21.3737722593,"data_set_value_component_I12_variable_I_12":0.0250854665,"data_set_value_component_I21_variable_I_21":0.0254313868,"data_set_value_component_R1_variable_R_1":0.1885519578,"data_set_value_component_R2_variable_R_2":0.1747985077,"data_set_value_component_R12_variable_R_12":0.0002081192,"data_set_value_component_P1_variable_P_1":2.9892079414,"data_set_value_component_P1_variable_k_1":1.0,"data_set_value_component_P1_variable_log_P1":0.4755561274,"data_set_value_component_P2_variable_P_2":2.8483227743,"data_set_value_component_P2_variable_k_2":1.0,"data_set_value_component_P2_variable_log_P2":0.4545892024,"data_set_value_component_memory_duration_variable_G":100.0,"data_set_value_component_memory_duration_variable_g":0.01,"data_set_value_component_kinetic_parameters_variable_beta_1":1.0,"data_set_value_component_kinetic_parameters_variable_alpha_1":0.1,"data_set_value_component_kinetic_parameters_variable_beta_2":1.0,"data_set_value_component_kinetic_parameters_variable_alpha_2":0.1,"data_set_value_component_kinetic_parameters_variable_a_1":0.03,"data_set_value_component_kinetic_parameters_variable_a_2":1.0,"data_set_value_component_kinetic_parameters_variable_d":0.01,"data_set_value_component_kinetic_parameters_variable_u":0.5},{"data_set_value_component_environment_variable_time":0.3,"data_set_value_component_S_variable_S":23.2598414747,"data_set_value_component_S_variable_r":0.5,"data_set_value_component_S_variable_epsilon":0.1,"data_set_value_component_S_variable_H":96.243039273,"data_set_value_component_S_variable_P":11.3383254478,"data_set_value_component_I1_variable_I_1":39.0127162438,"data_set_value_component_I2_variable_I_2":32.9740470079,"data_set_value_component_I12_variable_I_12":0.1372256491,"data_set_value_component_I21_variable_I_21":0.1400160581,"data_set_value_component_R1_variable_R_1":0.38383583,"data_set_value_component_R2_variable_R_2":0.3337504915,"data_set_value_component_R12_variable_R_12":0.0016065181,"data_set_value_component_P1_variable_P_1":5.935264263,"data_set_value_component_P1_variable_k_1":1.0,"data_set_value_component_P1_variable_log_P1":0.7734400603,"data_set_value_component_P2_variable_P_2":5.4030611848,"data_set_value_component_P2_variable_k_2":1.0,"data_set_value_component_P2_variable_log_P2":0.7326398856,"data_set_value_component_memory_duration_variable_G":100.0,"data_set_value_component_memory_duration_variable_g":0.01,"data_set_value_component_kinetic_parameters_variable_beta_1":1.0,"data_set_value_component_kinetic_parameters_variable_alpha_1":0.1,"data_set_value_component_kinetic_parameters_variable_beta_2":1.0,"data_set_value_component_kinetic_parameters_variable_alpha_2":0.1,"data_set_value_component_kinetic_parameters_variable_a_1":0.03,"data_set_value_component_kinetic_parameters_variable_a_2":1.0,"data_set_value_component_kinetic_parameters_variable_d":0.01,"data_set_value_component_kinetic_parameters_variable_u":0.5},{"data_set_value_component_environment_variable_time":0.4,"data_set_value_component_S_variable_S":5.449090084,"data_set_value_component_S_variable_r":0.5,"data_set_value_component_S_variable_epsilon":0.1,"data_set_value_component_S_variable_H":92.9200620406,"data_set_value_component_S_variable_P":18.6747333528,"data_set_value_component_I1_variable_I_1":48.0815939725,"data_set_value_component_I2_variable_I_2":37.6193011291,"data_set_value_component_I12_variable_I_12":0.4304983163,"data_set_value_component_I21_variable_I_21":0.4360322098,"data_set_value_component_R1_variable_R_1":0.503006694,"data_set_value_component_R2_variable_R_2":0.3935518412,"data_set_value_component_R12_variable_R_12":0.0069877938,"data_set_value_component_P1_variable_P_1":9.9946443031,"data_set_value_component_P1_variable_k_1":1.0,"data_set_value_component_P1_variable_log_P1":0.9997673427,"data_set_value_component_P2_variable_P_2":8.6800890497,"data_set_value_component_P2_variable_k_2":1.0,"data_set_value_component_P2_variable_log_P2":0.9385241807,"data_set_value_component_memory_duration_variable_G":100.0,"data_set_value_component_memory_duration_variable_g":0.01,"data_set_value_component_kinetic_parameters_variable_beta_1":1.0,"data_set_value_component_kinetic_parameters_variable_alpha_1":0.1,"data_set_value_component_kinetic_parameters_variable_beta_2":1.0,"data_set_value_component_kinetic_parameters_variable_alpha_2":0.1,"data_set_value_component_kinetic_parameters_variable_a_1":0.03,"data_set_value_component_kinetic_parameters_variable_a_2":1.0,"data_set_value_component_kinetic_parameters_variable_d":0.01,"data_set_value_component_kinetic_parameters_variable_u":0.5},{"data_set_value_component_environment_variable_time":0.5,"data_set_value_component_S_variable_S":0.7411079923,"data_set_value_component_S_variable_r":0.5,"data_set_value_component_S_variable_epsilon":0.1,"data_set_value_component_S_variable_H":89.4454617787,"data_set_value_component_S_variable_P":26.335896372,"data_set_value_component_I1_variable_I_1":50.2201095029,"data_set_value_component_I2_variable_I_2":35.9166769588,"data_set_value_component_I12_variable_I_12":0.8765631834,"data_set_value_component_I21_variable_I_21":0.8696831195,"data_set_value_component_R1_variable_R_1":0.4799905746,"data_set_value_component_R2_variable_R_2":0.3214295937,"data_set_value_component_R12_variable_R_12":0.0199008536,"data_set_value_component_P1_variable_P_1":14.4010287888,"data_set_value_component_P1_variable_k_1":1.0,"data_set_value_component_P1_variable_log_P1":1.1583935186,"data_set_value_component_P2_variable_P_2":11.9348675831,"data_set_value_component_P2_variable_k_2":1.0,"data_set_value_component_P2_variable_log_P2":1.0768176049,"data_set_value_component_memory_duration_variable_G":100.0,"data_set_value_component_memory_duration_variable_g":0.01,"data_set_value_component_kinetic_parameters_variable_beta_1":1.0,"data_set_value_component_kinetic_parameters_variable_alpha_1":0.1,"data_set_value_component_kinetic_parameters_variable_beta_2":1.0,"data_set_value_component_kinetic_parameters_variable_alpha_2":0.1,"data_set_value_component_kinetic_parameters_variable_a_1":0.03,"data_set_value_component_kinetic_parameters_variable_a_2":1.0,"data_set_value_component_kinetic_parameters_variable_d":0.01,"data_set_value_component_kinetic_parameters_variable_u":0.5},{"data_set_value_component_environment_variable_time":0.6,"data_set_value_component_S_variable_S":0.1721205262,"data_set_value_component_S_variable_r":0.5,"data_set_value_component_S_variable_epsilon":0.1,"data_set_value_component_S_variable_H":86.2003041423,"data_set_value_component_S_variable_P":33.5082945116,"data_set_value_component_I1_variable_I_1":50.128497951,"data_set_value_component_I2_variable_I_2":32.6029402107,"data_set_value_component_I12_variable_I_12":1.3402815716,"data_set_value_component_I21_variable_I_21":1.2984364897,"data_set_value_component_R1_variable_R_1":0.3954185433,"data_set_value_component_R2_variable_R_2":0.2207618154,"data_set_value_component_R12_variable_R_12":0.0418470344,"data_set_value_component_P1_variable_P_1":18.7047056639,"data_set_value_component_P1_variable_k_1":1.0,"data_set_value_component_P1_variable_log_P1":1.2719508786,"data_set_value_component_P2_variable_P_2":14.8035888477,"data_set_value_component_P2_variable_k_2":1.0,"data_set_value_component_P2_variable_log_P2":1.1703670146,"data_set_value_component_memory_duration_variable_G":100.0,"data_set_value_component_memory_duration_variable_g":0.01,"data_set_value_component_kinetic_parameters_variable_beta_1":1.0,"data_set_value_component_kinetic_parameters_variable_alpha_1":0.1,"data_set_value_component_kinetic_parameters_variable_beta_2":1.0,"data_set_value_component_kinetic_parameters_variable_alpha_2":0.1,"data_set_value_component_kinetic_parameters_variable_a_1":0.03,"data_set_value_component_kinetic_parameters_variable_a_2":1.0,"data_set_value_component_kinetic_parameters_variable_d":0.01,"data_set_value_component_kinetic_parameters_variable_u":0.5},{"data_set_value_component_environment_variable_time":0.7,"data_set_value_component_S_variable_S":0.1175099654,"data_set_value_component_S_variable_r":0.5,"data_set_value_component_S_variable_epsilon":0.1,"data_set_value_component_S_variable_H":83.2394412315,"data_set_value_component_S_variable_P":40.0628056469,"data_set_value_component_I1_variable_I_1":49.762249856,"data_set_value_component_I2_variable_I_2":29.4139751638,"data_set_value_component_I12_variable_I_12":1.7417324476,"data_set_value_component_I21_variable_I_21":1.6576046651,"data_set_value_component_R1_variable_R_1":0.3225571323,"data_set_value_component_R2_variable_R_2":0.1517660449,"data_set_value_component_R12_variable_R_12":0.0720459564,"data_set_value_component_P1_variable_P_1":22.8092905198,"data_set_value_component_P1_variable_k_1":1.0,"data_set_value_component_P1_variable_log_P1":1.3581117768,"data_set_value_component_P2_variable_P_2":17.2535151272,"data_set_value_component_P2_variable_k_2":1.0,"data_set_value_component_P2_variable_log_P2":1.236877589,"data_set_value_component_memory_duration_variable_G":100.0,"data_set_value_component_memory_duration_variable_g":0.01,"data_set_value_component_kinetic_parameters_variable_beta_1":1.0,"data_set_value_component_kinetic_parameters_variable_alpha_1":0.1,"data_set_value_component_kinetic_parameters_variable_beta_2":1.0,"data_set_value_component_kinetic_parameters_variable_alpha_2":0.1,"data_set_value_component_kinetic_parameters_variable_a_1":0.03,"data_set_value_component_kinetic_parameters_variable_a_2":1.0,"data_set_value_component_kinetic_parameters_variable_d":0.01,"data_set_value_component_kinetic_parameters_variable_u":0.5},{"data_set_value_component_environment_variable_time":0.8,"data_set_value_component_S_variable_S":0.0997202122,"data_set_value_component_S_variable_r":0.5,"data_set_value_component_S_variable_epsilon":0.1,"data_set_value_component_S_variable_H":80.5439447344,"data_set_value_component_S_variable_P":46.0327013771,"data_set_value_component_I1_variable_I_1":49.3843640737,"data_set_value_component_I2_variable_I_2":26.5367055286,"data_set_value_component_I12_variable_I_12":2.074216606,"data_set_value_component_I21_variable_I_21":1.9540333999,"data_set_value_component_R1_variable_R_1":0.2747624878,"data_set_value_component_R2_variable_R_2":0.1110424276,"data_set_value_component_R12_variable_R_12":0.1090999985,"data_set_value_component_P1_variable_P_1":26.7088186109,"data_set_value_component_P1_variable_k_1":1.0,"data_set_value_component_P1_variable_log_P1":1.4266546787,"data_set_value_component_P2_variable_P_2":19.3238827662,"data_set_value_component_P2_variable_k_2":1.0,"data_set_value_component_P2_variable_log_P2":1.2860943941,"data_set_value_component_memory_duration_variable_G":100.0,"data_set_value_component_memory_duration_variable_g":0.01,"data_set_value_component_kinetic_parameters_variable_beta_1":1.0,"data_set_value_component_kinetic_parameters_variable_alpha_1":0.1,"data_set_value_component_kinetic_parameters_variable_beta_2":1.0,"data_set_value_component_kinetic_parameters_variable_alpha_2":0.1,"data_set_value_component_kinetic_parameters_variable_a_1":0.03,"data_set_value_component_kinetic_parameters_variable_a_2":1.0,"data_set_value_component_kinetic_parameters_variable_d":0.01,"data_set_value_component_kinetic_parameters_variable_u":0.5},{"data_set_value_component_environment_variable_time":0.9,"data_set_value_component_S_variable_S":0.0880978709,"data_set_value_component_S_variable_r":0.5,"data_set_value_component_S_variable_epsilon":0.1,"data_set_value_component_S_variable_H":78.089713236,"data_set_value_component_S_variable_P":51.464944573,"data_set_value_component_I1_variable_I_1":49.0118134531,"data_set_value_component_I2_variable_I_2":23.9514012515,"data_set_value_component_I12_variable_I_12":2.3523191686,"data_set_value_component_I21_variable_I_21":2.2044920297,"data_set_value_component_R1_variable_R_1":0.2442266712,"data_set_value_component_R2_variable_R_2":0.0855251767,"data_set_value_component_R12_variable_R_12":0.1518376144,"data_set_value_component_P1_variable_P_1":30.4080867396,"data_set_value_component_P1_variable_k_1":1.0,"data_set_value_component_P1_variable_log_P1":1.4829890954,"data_set_value_component_P2_variable_P_2":21.0568578334,"data_set_value_component_P2_variable_k_2":1.0,"data_set_value_component_P2_variable_log_P2":1.323393565,"data_set_value_component_memory_duration_variable_G":100.0,"data_set_value_component_memory_duration_variable_g":0.01,"data_set_value_component_kinetic_parameters_variable_beta_1":1.0,"data_set_value_component_kinetic_parameters_variable_alpha_1":0.1,"data_set_value_component_kinetic_parameters_variable_beta_2":1.0,"data_set_value_component_kinetic_parameters_variable_alpha_2":0.1,"data_set_value_component_kinetic_parameters_variable_a_1":0.03,"data_set_value_component_kinetic_parameters_variable_a_2":1.0,"data_set_value_component_kinetic_parameters_variable_d":0.01,"data_set_value_component_kinetic_parameters_variable_u":0.5},{"data_set_value_component_environment_variable_time":1.0,"data_set_value_component_S_variable_S":0.079679581,"data_set_value_component_S_variable_r":0.5,"data_set_value_component_S_variable_epsilon":0.1,"data_set_value_component_S_variable_H":75.853909716,"data_set_value_component_S_variable_P":56.4048360597,"data_set_value_component_I1_variable_I_1":48.6460573085,"data_set_value_component_I2_variable_I_2":21.6290619927,"data_set_value_component_I12_variable_I_12":2.5885862397,"data_set_value_component_I21_variable_I_21":2.4193984636,"data_set_value_component_R1_variable_R_1":0.2236865071,"data_set_value_component_R2_variable_R_2":0.0680709446,"data_set_value_component_R12_variable_R_12":0.1993686787,"data_set_value_component_P1_variable_P_1":33.9135480363,"data_set_value_component_P1_variable_k_1":1.0,"data_set_value_component_P1_variable_log_P1":1.5303732281,"data_set_value_component_P2_variable_P_2":22.4912880234,"data_set_value_component_P2_variable_k_2":1.0,"data_set_value_component_P2_variable_log_P2":1.3520143272,"data_set_value_component_memory_duration_variable_G":100.0,"data_set_value_component_memory_duration_variable_g":0.01,"data_set_value_component_kinetic_parameters_variable_beta_1":1.0,"data_set_value_component_kinetic_parameters_variable_alpha_1":0.1,"data_set_value_component_kinetic_parameters_variable_beta_2":1.0,"data_set_value_component_kinetic_parameters_variable_alpha_2":0.1,"data_set_value_component_kinetic_parameters_variable_a_1":0.03,"data_set_value_component_kinetic_parameters_variable_a_2":1.0,"data_set_value_component_kinetic_parameters_variable_d":0.01,"data_set_value_component_kinetic_parameters_variable_u":0.5}]