[{"data_set_value_component_environment_variable_time":0.0,"data_set_value_component_Ado_variable_Ado":1.0,"data_set_value_component_Met_variable_Met":45.0,"data_set_value_component_Hcy_variable_Hcy":0.3,"data_set_value_component_K_AHC_variable_K_AHC":0.1,"data_set_value_component_AdoMet_variable_AdoMet":60.0,"data_set_value_component_AdoHcy_variable_AdoHcy":3.0,"data_set_value_component_V_MATI_variable_V_MATI":186.7233727811,"data_set_value_component_V_MATI_variable_V_MATImax":561.0,"data_set_value_component_V_MATI_variable_Km_MATI":41.0,"data_set_value_component_V_MATI_variable_Ki_MATI":50.0,"data_set_value_component_V_MATIII_variable_V_MATIII":167.558066554,"data_set_value_component_V_MATIII_variable_V_MATIIImax":22870.0,"data_set_value_component_V_MATIII_variable_Km1_MATIII":19100.2367797948,"data_set_value_component_V_MATIII_variable_Km2_MATIII":21.1,"data_set_value_component_V_MET_variable_V_MET":319.8123167155,"data_set_value_component_V_MET_variable_V_METmax":4544.0,"data_set_value_component_V_MET_variable_Km1_MET":17.5,"data_set_value_component_V_MET_variable_Km2_MET_A":10.0,"data_set_value_component_V_GNMT_variable_V_GNMT":0.4486895736,"data_set_value_component_V_GNMT_variable_V_GNMTmax":10600.0,"data_set_value_component_V_GNMT_variable_Km_GNMT":4500.0,"data_set_value_component_V_GNMT_variable_Ki_GNMT":20.0,"data_set_value_component_V_D_variable_V_D":399.9,"data_set_value_component_V_D_variable_alpha_d":1333.0},{"data_set_value_component_environment_variable_time":0.1,"data_set_value_component_Ado_variable_Ado":1.0,"data_set_value_component_Met_variable_Met":45.0,"data_set_value_component_Hcy_variable_Hcy":0.2465308106,"data_set_value_component_K_AHC_variable_K_AHC":0.1,"data_set_value_component_AdoMet_variable_AdoMet":62.5977234693,"data_set_value_component_AdoHcy_variable_AdoHcy":2.465308106,"data_set_value_component_V_MATI_variable_V_MATI":183.8270990023,"data_set_value_component_V_MATI_variable_V_MATImax":561.0,"data_set_value_component_V_MATI_variable_Km_MATI":41.0,"data_set_value_component_V_MATI_variable_Ki_MATI":50.0,"data_set_value_component_V_MATIII_variable_V_MATIII":168.1562886378,"data_set_value_component_V_MATIII_variable_V_MATIIImax":22870.0,"data_set_value_component_V_MATIII_variable_Km1_MATIII":19031.7854846157,"data_set_value_component_V_MATIII_variable_Km2_MATIII":21.1,"data_set_value_component_V_MET_variable_V_MET":328.3167119783,"data_set_value_component_V_MET_variable_V_METmax":4544.0,"data_set_value_component_V_MET_variable_Km1_MET":16.1632702649,"data_set_value_component_V_MET_variable_Km2_MET_A":10.0,"data_set_value_component_V_GNMT_variable_V_GNMT":0.5064027253,"data_set_value_component_V_GNMT_variable_V_GNMTmax":10600.0,"data_set_value_component_V_GNMT_variable_Km_GNMT":4500.0,"data_set_value_component_V_GNMT_variable_Ki_GNMT":20.0,"data_set_value_component_V_D_variable_V_D":328.6255705247,"data_set_value_component_V_D_variable_alpha_d":1333.0},{"data_set_value_component_environment_variable_time":0.2,"data_set_value_component_Ado_variable_Ado":1.0,"data_set_value_component_Met_variable_Met":45.0,"data_set_value_component_Hcy_variable_Hcy":0.2481314918,"data_set_value_component_K_AHC_variable_K_AHC":0.1,"data_set_value_component_AdoMet_variable_AdoMet":64.7121731028,"data_set_value_component_AdoHcy_variable_AdoHcy":2.4813149178,"data_set_value_component_V_MATI_variable_V_MATI":181.5351440901,"data_set_value_component_V_MATI_variable_V_MATImax":561.0,"data_set_value_component_V_MATI_variable_Km_MATI":41.0,"data_set_value_component_V_MATI_variable_Ki_MATI":50.0,"data_set_value_component_V_MATIII_variable_V_MATIII":168.6565504652,"data_set_value_component_V_MATIII_variable_V_MATIIImax":22870.0,"data_set_value_component_V_MATIII_variable_Km1_MATIII":18974.9160748538,"data_set_value_component_V_MATIII_variable_Km2_MATIII":21.1,"data_set_value_component_V_MET_variable_V_MET":330.3696263367,"data_set_value_component_V_MET_variable_V_METmax":4544.0,"data_set_value_component_V_MET_variable_Km1_MET":16.2032872944,"data_set_value_component_V_MET_variable_Km2_MET_A":10.0,"data_set_value_component_V_GNMT_variable_V_GNMT":0.5462204768,"data_set_value_component_V_GNMT_variable_V_GNMTmax":10600.0,"data_set_value_component_V_GNMT_variable_Km_GNMT":4500.0,"data_set_value_component_V_GNMT_variable_Ki_GNMT":20.0,"data_set_value_component_V_D_variable_V_D":330.7592785379,"data_set_value_component_V_D_variable_alpha_d":1333.0},{"data_set_value_component_environment_variable_time":0.3,"data_set_value_component_Ado_variable_Ado":1.0,"data_set_value_component_Met_variable_Met":45.0,"data_set_value_component_Hcy_variable_Hcy":0.2494096688,"data_set_value_component_K_AHC_variable_K_AHC":0.1,"data_set_value_component_AdoMet_variable_AdoMet":66.4783659597,"data_set_value_component_AdoHcy_variable_AdoHcy":2.4940966883,"data_set_value_component_V_MATI_variable_V_MATI":179.6640377457,"data_set_value_component_V_MATI_variable_V_MATImax":561.0,"data_set_value_component_V_MATI_variable_Km_MATI":41.0,"data_set_value_component_V_MATI_variable_Ki_MATI":50.0,"data_set_value_component_V_MATIII_variable_V_MATIII":169.0833855875,"data_set_value_component_V_MATIII_variable_V_MATIIImax":22870.0,"data_set_value_component_V_MATIII_variable_Km1_MATIII":18926.6598123575,"data_set_value_component_V_MATIII_variable_Km2_MATIII":21.1,"data_set_value_component_V_MET_variable_V_MET":332.0083526677,"data_set_value_component_V_MET_variable_V_METmax":4544.0,"data_set_value_component_V_MET_variable_Km1_MET":16.2352417207,"data_set_value_component_V_MET_variable_Km2_MET_A":10.0,"data_set_value_component_V_GNMT_variable_V_GNMT":0.5807865236,"data_set_value_component_V_GNMT_variable_V_GNMTmax":10600.0,"data_set_value_component_V_GNMT_variable_Km_GNMT":4500.0,"data_set_value_component_V_GNMT_variable_Ki_GNMT":20.0,"data_set_value_component_V_D_variable_V_D":332.4630885482,"data_set_value_component_V_D_variable_alpha_d":1333.0},{"data_set_value_component_environment_variable_time":0.4,"data_set_value_component_Ado_variable_Ado":1.0,"data_set_value_component_Met_variable_Met":45.0,"data_set_value_component_Hcy_variable_Hcy":0.2504453717,"data_set_value_component_K_AHC_variable_K_AHC":0.1,"data_set_value_component_AdoMet_variable_AdoMet":67.9631765941,"data_set_value_component_AdoHcy_variable_AdoHcy":2.5044537171,"data_set_value_component_V_MATI_variable_V_MATI":178.1206150277,"data_set_value_component_V_MATI_variable_V_MATImax":561.0,"data_set_value_component_V_MATI_variable_Km_MATI":41.0,"data_set_value_component_V_MATI_variable_Ki_MATI":50.0,"data_set_value_component_V_MATIII_variable_V_MATIII":169.4484192266,"data_set_value_component_V_MATIII_variable_V_MATIIImax":22870.0,"data_set_value_component_V_MATIII_variable_Km1_MATIII":18885.5834370154,"data_set_value_component_V_MATIII_variable_Km2_MATIII":21.1,"data_set_value_component_V_MET_variable_V_MET":333.3357092315,"data_set_value_component_V_MET_variable_V_METmax":4544.0,"data_set_value_component_V_MET_variable_Km1_MET":16.2611342926,"data_set_value_component_V_MET_variable_Km2_MET_A":10.0,"data_set_value_component_V_GNMT_variable_V_GNMT":0.6107730777,"data_set_value_component_V_GNMT_variable_V_GNMTmax":10600.0,"data_set_value_component_V_GNMT_variable_Km_GNMT":4500.0,"data_set_value_component_V_GNMT_variable_Ki_GNMT":20.0,"data_set_value_component_V_D_variable_V_D":333.8436804829,"data_set_value_component_V_D_variable_alpha_d":1333.0},{"data_set_value_component_environment_variable_time":0.5,"data_set_value_component_Ado_variable_Ado":1.0,"data_set_value_component_Met_variable_Met":45.0,"data_set_value_component_Hcy_variable_Hcy":0.2512943997,"data_set_value_component_K_AHC_variable_K_AHC":0.1,"data_set_value_component_AdoMet_variable_AdoMet":69.2178908775,"data_set_value_component_AdoHcy_variable_AdoHcy":2.5129439968,"data_set_value_component_V_MATI_variable_V_MATI":176.8368947968,"data_set_value_component_V_MATI_variable_V_MATImax":561.0,"data_set_value_component_V_MATI_variable_Km_MATI":41.0,"data_set_value_component_V_MATI_variable_Ki_MATI":50.0,"data_set_value_component_V_MATIII_variable_V_MATIII":169.7612314292,"data_set_value_component_V_MATIII_variable_V_MATIIImax":22870.0,"data_set_value_component_V_MATIII_variable_Km1_MATIII":18850.5239683234,"data_set_value_component_V_MATIII_variable_Km2_MATIII":21.1,"data_set_value_component_V_MET_variable_V_MET":334.4233634075,"data_set_value_component_V_MET_variable_V_METmax":4544.0,"data_set_value_component_V_MET_variable_Km1_MET":16.2823599919,"data_set_value_component_V_MET_variable_Km2_MET_A":10.0,"data_set_value_component_V_GNMT_variable_V_GNMT":0.6367774155,"data_set_value_component_V_GNMT_variable_V_GNMTmax":10600.0,"data_set_value_component_V_GNMT_variable_Km_GNMT":4500.0,"data_set_value_component_V_GNMT_variable_Ki_GNMT":20.0,"data_set_value_component_V_D_variable_V_D":334.9754347705,"data_set_value_component_V_D_variable_alpha_d":1333.0},{"data_set_value_component_environment_variable_time":0.6,"data_set_value_component_Ado_variable_Ado":1.0,"data_set_value_component_Met_variable_Met":45.0,"data_set_value_component_Hcy_variable_Hcy":0.2519969152,"data_set_value_component_K_AHC_variable_K_AHC":0.1,"data_set_value_component_AdoMet_variable_AdoMet":70.2826340138,"data_set_value_component_AdoHcy_variable_AdoHcy":2.5199691522,"data_set_value_component_V_MATI_variable_V_MATI":175.7619625291,"data_set_value_component_V_MATI_variable_V_MATImax":561.0,"data_set_value_component_V_MATI_variable_Km_MATI":41.0,"data_set_value_component_V_MATI_variable_Ki_MATI":50.0,"data_set_value_component_V_MATIII_variable_V_MATIII":170.0297640832,"data_set_value_component_V_MATIII_variable_V_MATIIImax":22870.0,"data_set_value_component_V_MATIII_variable_Km1_MATIII":18820.5301803146,"data_set_value_component_V_MATIII_variable_Km2_MATIII":21.1,"data_set_value_component_V_MET_variable_V_MET":335.322935929,"data_set_value_component_V_MET_variable_V_METmax":4544.0,"data_set_value_component_V_MET_variable_Km1_MET":16.2999228806,"data_set_value_component_V_MET_variable_Km2_MET_A":10.0,"data_set_value_component_V_GNMT_variable_V_GNMT":0.6593246874,"data_set_value_component_V_GNMT_variable_V_GNMTmax":10600.0,"data_set_value_component_V_GNMT_variable_Km_GNMT":4500.0,"data_set_value_component_V_GNMT_variable_Ki_GNMT":20.0,"data_set_value_component_V_D_variable_V_D":335.9118879928,"data_set_value_component_V_D_variable_alpha_d":1333.0},{"data_set_value_component_environment_variable_time":0.7,"data_set_value_component_Ado_variable_Ado":1.0,"data_set_value_component_Met_variable_Met":45.0,"data_set_value_component_Hcy_variable_Hcy":0.252582587,"data_set_value_component_K_AHC_variable_K_AHC":0.1,"data_set_value_component_AdoMet_variable_AdoMet":71.1892778499,"data_set_value_component_AdoHcy_variable_AdoHcy":2.5258258698,"data_set_value_component_V_MATI_variable_V_MATI":174.8568911397,"data_set_value_component_V_MATI_variable_V_MATImax":561.0,"data_set_value_component_V_MATI_variable_Km_MATI":41.0,"data_set_value_component_V_MATI_variable_Ki_MATI":50.0,"data_set_value_component_V_MATIII_variable_V_MATIII":170.2606291962,"data_set_value_component_V_MATIII_variable_V_MATIIImax":22870.0,"data_set_value_component_V_MATIII_variable_Km1_MATIII":18794.8193083206,"data_set_value_component_V_MATIII_variable_Km2_MATIII":21.1,"data_set_value_component_V_MET_variable_V_MET":336.072595856,"data_set_value_component_V_MET_variable_V_METmax":4544.0,"data_set_value_component_V_MET_variable_Km1_MET":16.3145646745,"data_set_value_component_V_MET_variable_Km2_MET_A":10.0,"data_set_value_component_V_GNMT_variable_V_GNMT":0.6788730678,"data_set_value_component_V_GNMT_variable_V_GNMTmax":10600.0,"data_set_value_component_V_GNMT_variable_Km_GNMT":4500.0,"data_set_value_component_V_GNMT_variable_Ki_GNMT":20.0,"data_set_value_component_V_D_variable_V_D":336.6925884426,"data_set_value_component_V_D_variable_alpha_d":1333.0},{"data_set_value_component_environment_variable_time":0.8,"data_set_value_component_Ado_variable_Ado":1.0,"data_set_value_component_Met_variable_Met":45.0,"data_set_value_component_Hcy_variable_Hcy":0.2530739179,"data_set_value_component_K_AHC_variable_K_AHC":0.1,"data_set_value_component_AdoMet_variable_AdoMet":71.9635274286,"data_set_value_component_AdoHcy_variable_AdoHcy":2.5307391791,"data_set_value_component_V_MATI_variable_V_MATI":174.0913309292,"data_set_value_component_V_MATI_variable_V_MATImax":561.0,"data_set_value_component_V_MATI_variable_Km_MATI":41.0,"data_set_value_component_V_MATI_variable_Ki_MATI":50.0,"data_set_value_component_V_MATIII_variable_V_MATIII":170.4593726785,"data_set_value_component_V_MATIII_variable_V_MATIIImax":22870.0,"data_set_value_component_V_MATIII_variable_Km1_MATIII":18772.7415254575,"data_set_value_component_V_MATIII_variable_Km2_MATIII":21.1,"data_set_value_component_V_MET_variable_V_MET":336.7012411051,"data_set_value_component_V_MET_variable_V_METmax":4544.0,"data_set_value_component_V_MET_variable_Km1_MET":16.3268479478,"data_set_value_component_V_MET_variable_Km2_MET_A":10.0,"data_set_value_component_V_GNMT_variable_V_GNMT":0.6958219758,"data_set_value_component_V_GNMT_variable_V_GNMTmax":10600.0,"data_set_value_component_V_GNMT_variable_Km_GNMT":4500.0,"data_set_value_component_V_GNMT_variable_Ki_GNMT":20.0,"data_set_value_component_V_D_variable_V_D":337.3475325762,"data_set_value_component_V_D_variable_alpha_d":1333.0},{"data_set_value_component_environment_variable_time":0.9,"data_set_value_component_Ado_variable_Ado":1.0,"data_set_value_component_Met_variable_Met":45.0,"data_set_value_component_Hcy_variable_Hcy":0.2534882115,"data_set_value_component_K_AHC_variable_K_AHC":0.1,"data_set_value_component_AdoMet_variable_AdoMet":72.6262944606,"data_set_value_component_AdoHcy_variable_AdoHcy":2.534882115,"data_set_value_component_V_MATI_variable_V_MATI":173.4413074279,"data_set_value_component_V_MATI_variable_V_MATImax":561.0,"data_set_value_component_V_MATI_variable_Km_MATI":41.0,"data_set_value_component_V_MATI_variable_Ki_MATI":50.0,"data_set_value_component_V_MATIII_variable_V_MATIII":170.6306542748,"data_set_value_component_V_MATIII_variable_V_MATIIImax":22870.0,"data_set_value_component_V_MATIII_variable_Km1_MATIII":18753.7556580932,"data_set_value_component_V_MATIII_variable_Km2_MATIII":21.1,"data_set_value_component_V_MET_variable_V_MET":337.2311351015,"data_set_value_component_V_MET_variable_V_METmax":4544.0,"data_set_value_component_V_MET_variable_Km1_MET":16.3372052874,"data_set_value_component_V_MET_variable_Km2_MET_A":10.0,"data_set_value_component_V_GNMT_variable_V_GNMT":0.7105177392,"data_set_value_component_V_GNMT_variable_V_GNMTmax":10600.0,"data_set_value_component_V_GNMT_variable_Km_GNMT":4500.0,"data_set_value_component_V_GNMT_variable_Ki_GNMT":20.0,"data_set_value_component_V_D_variable_V_D":337.8997859252,"data_set_value_component_V_D_variable_alpha_d":1333.0},{"data_set_value_component_environment_variable_time":1.0,"data_set_value_component_Ado_variable_Ado":1.0,"data_set_value_component_Met_variable_Met":45.0,"data_set_value_component_Hcy_variable_Hcy":0.2538390527,"data_set_value_component_K_AHC_variable_K_AHC":0.1,"data_set_value_component_AdoMet_variable_AdoMet":73.1947690348,"data_set_value_component_AdoHcy_variable_AdoHcy":2.5383905266,"data_set_value_component_V_MATI_variable_V_MATI":172.887618355,"data_set_value_component_V_MATI_variable_V_MATImax":561.0,"data_set_value_component_V_MATI_variable_Km_MATI":41.0,"data_set_value_component_V_MATI_variable_Ki_MATI":50.0,"data_set_value_component_V_MATIII_variable_V_MATIII":170.7784102284,"data_set_value_component_V_MATIII_variable_V_MATIIImax":22870.0,"data_set_value_component_V_MATIII_variable_Km1_MATIII":18737.408109034,"data_set_value_component_V_MATIII_variable_Km2_MATIII":21.1,"data_set_value_component_V_MET_variable_V_MET":337.6797184636,"data_set_value_component_V_MET_variable_V_METmax":4544.0,"data_set_value_component_V_MET_variable_Km1_MET":16.3459763166,"data_set_value_component_V_MET_variable_Km2_MET_A":10.0,"data_set_value_component_V_GNMT_variable_V_GNMT":0.7232607331,"data_set_value_component_V_GNMT_variable_V_GNMTmax":10600.0,"data_set_value_component_V_GNMT_variable_Km_GNMT":4500.0,"data_set_value_component_V_GNMT_variable_Ki_GNMT":20.0,"data_set_value_component_V_D_variable_V_D":338.3674572016,"data_set_value_component_V_D_variable_alpha_d":1333.0}]