<?xml version='1.0' encoding='utf-8'?>
<RDF:RDF xmlns:NS2="http://www.cellml.org/tools/pcenv/" xmlns:NS1="http://www.cellml.org/metadata/graphs/1.0#" xmlns:NC="http://home.netscape.com/NC-rdf#" xmlns:RDF="http://www.w3.org/1999/02/22-rdf-syntax-ns#">
  <RDF:Seq RDF:about="rdf:#$Q5cZB1">
  </RDF:Seq>
  <RDF:Description RDF:about="rdf:#$Y5cZB1">
    <RDF:first RDF:resource="http://www.w3.org/1999/02/22-rdf-syntax-ns#nil"/>
  </RDF:Description>
  <RDF:Description RDF:about="rdf:#$R5cZB1">
    <RDF:first RDF:resource="rdf:#$52cZB1"/>
    <RDF:rest RDF:resource="rdf:#$X5cZB1"/>
  </RDF:Description>
  <RDF:Description RDF:about="rdf:#$U5cZB1" NS1:colour="#d568f9">
    <NS1:type RDF:resource="http://www.cellml.org/metadata/graphs/1.0#line"/>
    <NS1:x-variable RDF:resource="rdf:#$V5cZB1"/>
    <NS1:y-variable RDF:resource="rdf:#$W5cZB1"/>
  </RDF:Description>
  <RDF:Description RDF:about="depaor_timmons_1986.cellml" NS2:modelname="de_paor_model_1986" NS2:modelfrozen="true">
    <NS2:derivedmodels RDF:resource="rdf:#$Q5cZB1"/>
  </RDF:Description>
  <RDF:Description RDF:about="rdf:#$W5cZB1">
    <NS1:variable RDF:resource="depaor_timmons_1986.cellml#r_r"/>
  </RDF:Description>
  <RDF:Description RDF:about="http://www.cellml.org/tools/pcenv/displayGraphs">
    <RDF:first RDF:resource="rdf:#$R5cZB1"/>
  </RDF:Description>
  <RDF:Description RDF:about="rdf:#$V5cZB1">
    <NS1:variable RDF:resource="depaor_timmons_1986.cellml#environment_time"/>
  </RDF:Description>
  <RDF:Description RDF:about="rdf:#$.5cZB1">
    <RDF:first RDF:resource="http://www.w3.org/1999/02/22-rdf-syntax-ns#nil"/>
  </RDF:Description>
  <RDF:Description RDF:about="http://www.cellml.org/tools/pcenv/splitter/graph_sel_graph2">
    <NS2:activegraph RDF:resource="rdf:#$62cZB1"/>
  </RDF:Description>
  <RDF:Description RDF:about="rdf:#$X5cZB1">
    <RDF:first RDF:resource="rdf:#$62cZB1"/>
    <RDF:rest RDF:resource="rdf:#$Z5cZB1"/>
  </RDF:Description>
  <RDF:Description RDF:about="rdf:#$72cZB1" NS2:graphname="Untitled">
    <NS1:traces RDF:resource="rdf:#$.5cZB1"/>
  </RDF:Description>
  <RDF:Description RDF:about="http://www.cellml.org/tools/pcenv/splitter/graph_sel_graph1">
    <NS2:activegraph RDF:resource="rdf:#$52cZB1"/>
  </RDF:Description>
  <RDF:Description RDF:about="http://www.cellml.org/tools/pcenv/splitter/intergraph1" NS2:splitterState_collapsedAfter="true"/>
  <RDF:Description RDF:about="http://www.cellml.org/tools/pcenv/modlayoutsplit" NS2:splitterState_collapsedBefore="true" NS2:splitterState_prevWidth="200" NS2:splitterState_nextWidth="1063"/>
  <RDF:Description RDF:about="rdf:#$52cZB1" NS2:graphname="Flow-versus-pressure oscillations for k=10.5, p=1.05 - r (dimensionless) vs time (dimensionless)">
    <NS1:traces RDF:resource="rdf:#$S5cZB1"/>
  </RDF:Description>
  <RDF:Description RDF:about="http://www.cellml.org/tools/pcenv/splitter/intergraph2" NS2:splitterState_collapsedAfter="true"/>
  <RDF:Seq RDF:about="http://www.cellml.org/tools/pcenv/loadedModels">
    <RDF:li RDF:resource="depaor_timmons_1986.cellml"/>
  </RDF:Seq>
  <RDF:Description RDF:about="rdf:#$T5cZB1">
    <RDF:first RDF:resource="rdf:#$U5cZB1"/>
    <RDF:rest RDF:resource="http://www.w3.org/1999/02/22-rdf-syntax-ns#nil"/>
  </RDF:Description>
  <RDF:Description RDF:about="rdf:#$Z5cZB1">
    <RDF:first RDF:resource="rdf:#$72cZB1"/>
    <RDF:rest RDF:resource="http://www.w3.org/1999/02/22-rdf-syntax-ns#nil"/>
  </RDF:Description>
  <RDF:Description RDF:about="rdf:#$S5cZB1">
    <RDF:first RDF:resource="rdf:#$T5cZB1"/>
  </RDF:Description>
  <RDF:Description RDF:about="http://www.cellml.org/tools/pcenv/splitter/graph_sel_graph3">
    <NS2:activegraph RDF:resource="rdf:#$72cZB1"/>
  </RDF:Description>
  <RDF:Description RDF:about="rdf:#$62cZB1" NS2:graphname="Untitled">
    <NS1:traces RDF:resource="rdf:#$Y5cZB1"/>
  </RDF:Description>
  <RDF:Description RDF:about="http://www.cellml.org/tools/pcenv/splitter/graphedit" NS2:splitterState_prevWidth="341" NS2:splitterState_nextWidth="716"/>
</RDF:RDF>