[{"file": "LFP_experiment.jpg"}, {"file": "noglia.jpg"}, {"file": "KCC2_fit.mat"}, {"file": "nopump.jpg"}, {"file": "SN_fit.sfit"}, {"file": "Cli_Ko.ps"}, {"file": "NKCC1(+).sfit"}, {"file": "5_LFP_model_repr.jpg"}, {"file": "PSP.jpg"}, {"file": "Ko_bif.mat"}, {"file": "border_gEE_gEI.eps"}, {"file": "SN_fit.jpg"}, {"file": "VS_norm_-64.jpg"}, {"file": "KCC2(-)40_LFP.jpg"}, {"file": "KCC2(-)50_LFP.jpg"}, {"file": "LFP_model.jpg"}, {"file": "Data_fit.mat"}, {"file": "plot.csv"}, {"file": "raster_scaled_100.png"}, {"file": "Bazh_Ko_Cli_diff_net_NORM_9.jpg"}, {"file": "Norm_10Hz.jpg"}, {"file": "VS_norm_-90.eps"}, {"file": "bursting_duration.mat"}, {"file": "KCC2(-)100_LFP.jpg"}, {"file": "Bazh_Ko_Cli_diff_net_NORM_8.jpg"}, {"file": "Ko_Cli.auto"}, {"file": "psp_path.sfit"}, {"file": "KCC2(+).jpg"}, {"file": "Ko_Cli.mat"}, {"file": "LFP_model_syn.jpg"}, {"file": "path_neurons.jpg"}, {"file": "PATH_lin.jpg"}, {"file": "Data_fit.fig"}, {"file": "KCC2(-)15_LFP.jpg"}, {"file": "ions_Ko_Cli.jpg"}, {"file": "NKCC1_effect.png"}, {"file": "NKCC1_effect.jpg"}, {"file": "Bazh_Ko_Cli_altKCC2_path.jpg"}, {"file": "Fig3_new.png"}, {"file": "Bazh_Ko_Cli_altKCC2_NORM_EX.jpg"}, {"file": "NKCC1(-).sfit"}, {"file": "bursting_duration.fig"}, {"file": "Cli_Ko.eps"}, {"file": "report.csv"}, {"file": "Fig.6_1.jpg"}, {"file": "LFP_time_to.jpg"}, {"file": "all.jpg"}, {"file": "Bazh_Ko_Cli_diff_net_PATH_3.jpg"}, {"file": "Ko.eps"}, {"file": "KCC2(-)65_LFP.jpg"}, {"file": "KCC2(-)75_LFP.jpg"}, {"file": "gEE_gEI_Frequency_1.png"}, {"file": "LFP&Cell_E4.jpg"}, {"file": "gEE_gIE_Frequency.jpg"}, {"file": "KCC2(-).jpg"}, {"file": "Bazh_Ko_Cli_diff_net_PATH_2.jpg"}, {"file": "Fig.2_1_test.jpg"}, {"file": "LFP_spect.jpg"}, {"file": "Ko_Cli.dat"}, {"file": "Bazh_Ko_Cli_diff_net_PATH_0.jpg"}, {"file": "KCC2(-).pdf"}, {"file": "Fig.7.jpg"}, {"file": "ions_KCC2_back.jpg"}, {"file": "VS_path_-90.eps"}, {"file": "Bazh_Ko_Cli_diff_net_PATH_1.jpg"}, {"file": "IKCC2_comparison.jpg"}, {"file": "VS_norm_-64.fig"}, {"file": "SN_fit.fig"}, {"file": "LFP_spect_exp_E3_762_767.jpg"}, {"file": "Ko.auto"}, {"file": "Bazh_Ko_Cli_diff_net_PATH_5.jpg"}, {"file": "KCC2(-)5_LFP.jpg"}, {"file": "Fig.3.jpg"}, {"file": "PY_IN.jpg"}, {"file": "SN_fit.mat"}, {"file": "LFP&Cell_E3.jpg"}, {"file": "NORM_lin.jpg"}, {"file": "Bazh_Ko_Cli_diff_net_PATH_4.jpg"}, {"file": "raster.jpg"}, {"file": "Bazh_PY_altKCC2_Ko_Cli_min_burst_Ko_Cli_fix_NEW.sedml"}, {"file": "PSP.mat"}, {"file": "KCC2(-)30_LFP.jpg"}, {"file": "KCC2(-)20_LFP.jpg"}, {"file": "VS_path_-68.eps"}, {"file": "Bazh_Ko_Cli_diff_net_PATH_6.jpg"}, {"file": "I=0.4.jpg"}, {"file": "LFP.jpg"}, {"file": "Data_fit.jpg"}, {"file": "Ko_Cli.jpg"}, {"file": "Fig.1.jpg"}, {"file": "KCC2(-)90_LFP.jpg"}, {"file": "KCC2(-)80_LFP.jpg"}, {"file": "NKCC1_effect.fig"}, {"file": "raster_40-50.jpg"}, {"file": "Bazh_Ko_Cli_diff_net_NORM_10.jpg"}, {"file": "Bazh_Ko_Cli_diff_net_PATH_7.jpg"}, {"file": "Fig.5_1.jpg"}, {"file": "PATH_lin.sfit"}, {"file": "Ko.jpg"}, {"file": "KCC2(-)85_LFP.jpg"}, {"file": "VS_norm_-90.fig"}, {"file": "KCC2(-)95_LFP.jpg"}, {"file": "PATH_NORM_Afterdischarge.jpg"}, {"file": "Bazh_Ko_Cli_altKCC2_PATH_EX.jpg"}, {"file": "5_LFP_exp_repr_minimal.jpg"}, {"file": "Time_to_seizure.jpg"}, {"file": "glia_potassium.jpg"}, {"file": "-90.jpg"}, {"file": "NORM_KCC2(+)_5Hz.jpg"}, {"file": "Frequency.jpg"}, {"file": "spectrum.jpg"}, {"file": "IKCC2_(+)_(-).jpg"}, {"file": "Bazh_Ko_Cli_diff_net_PATH_9.jpg"}, {"file": "pump_glia_etc.mlx"}, {"file": "LFP_model_dipole.jpg"}, {"file": "KCC2(-)25_LFP.jpg"}, {"file": "KCC2(-)35_LFP.jpg"}, {"file": "seizure_spect.jpg"}, {"file": "VS_path_-90.jpg"}, {"file": "Bazh_Ko_Cli_diff_net_PATH_8.jpg"}, {"file": "KCC2(-)0_LFP.jpg"}, {"file": "PY_IN.eps"}, {"file": "-68.jpg"}, {"file": "raster_0-10.jpg"}, {"file": "Path_10Hz.jpg"}, {"file": "Ko.dat"}, {"file": "LFP_model_full.jpg"}, {"file": "psp_path.mat"}, {"file": "VS_path_-68.jpg"}, {"file": "Fig.8.jpg"}, {"file": "bursting_duration.eps"}, {"file": "Cli_Ko.fig"}, {"file": "gEE_gEI_Frequency.jpg"}, {"file": "PATH_KCC2(-)_5Hz.jpg"}, {"file": "VD_comparison.jpg"}, {"file": "KCC2(-)70_LFP.jpg"}, {"file": "KCC2(-)60_LFP.jpg"}, {"file": "Bazh_Ko_Cli_diff_net_NORM_3.jpg"}, {"file": "norm_neurons.jpg"}, {"file": "Ko.ps"}, {"file": "raster_6.jpg"}, {"file": "Path_10Hz_1.jpg"}, {"file": "VS_norm_-64.eps"}, {"file": "VS_path_-90.fig"}, {"file": "Bazh_Ko_Cli_diff_net_NORM_2.jpg"}, {"file": "border_gEE_gEI.jpg"}, {"file": "psp_path.jpg"}, {"file": "Ko.fig"}, {"file": "VS_norm_-90.jpg"}, {"file": "Bazh_Ko_Cli_diff_net_NORM_0.jpg"}, {"file": "norm_spect.jpg"}, {"file": "raster_E_I.jpg"}, {"file": "Bazh_Ko_Cli_diff_net_PATH_10.jpg"}, {"file": "LFP_spect_model.jpg"}, {"file": "Bazh_Ko_Cli_diff_net_NORM_1.jpg"}, {"file": "psp_norm.sfit"}, {"file": "KCC2(-)10_LFP.jpg"}, {"file": "-90.fig"}, {"file": "Ko.mat"}, {"file": "VS_path_-68.fig"}, {"file": "Bazh_Ko_Cli_diff_net_NORM_5.jpg"}, {"file": "NORM_lin_fit.sfit"}, {"file": "Cli_Ko_analysis.png"}, {"file": "Cli_Ko.jpg"}, {"file": "gEE_gII_Frequency.jpg"}, {"file": "Bazh_Ko_Cli_diff_net_NORM_4.jpg"}, {"file": "Bazh_SN.mat"}, {"file": "Seizure_frequency.jpg"}, {"file": "-68.fig"}, {"file": "LFP_repr.jpg"}, {"file": "KCC2(-)55_LFP.jpg"}, {"file": "Bazh_Ko_Cli_diff_net_NORM_6.jpg"}, {"file": "KCC2(-)45_LFP.jpg"}, {"file": "Eq.mat"}, {"file": "Bazh_Ko_Cli_diff_net_NORM_7.jpg"}, {"file": "IKCC2_VD_compare.png"}, {"file": "Bazh_Ko_Cli_altKCC2_norm.jpg"}]