[{"data_set_T":0.0,"data_set_M":0.1,"data_set_P":0.1,"data_set_PC":0.1},{"data_set_T":0.050000001,"data_set_M":0.095137231,"data_set_P":0.099997997,"data_set_PC":0.099879444},{"data_set_T":0.1,"data_set_M":0.090511627,"data_set_P":0.099984579,"data_set_PC":0.099533491},{"data_set_T":0.15000001,"data_set_M":0.086111628,"data_set_P":0.099949859,"data_set_PC":0.098984405},{"data_set_T":0.2,"data_set_M":0.081926234,"data_set_P":0.099885486,"data_set_PC":0.098252833},{"data_set_T":0.25,"data_set_M":0.077945001,"data_set_P":0.099784479,"data_set_PC":0.097357877},{"data_set_T":0.30000001,"data_set_M":0.074157991,"data_set_P":0.0996411,"data_set_PC":0.096317209},{"data_set_T":0.34999999,"data_set_M":0.070555747,"data_set_P":0.099450715,"data_set_PC":0.095147185},{"data_set_T":0.40000001,"data_set_M":0.067129277,"data_set_P":0.099209681,"data_set_PC":0.093862899},{"data_set_T":0.44999999,"data_set_M":0.063870035,"data_set_P":0.098915257,"data_set_PC":0.092478283},{"data_set_T":0.5,"data_set_M":0.06076989,"data_set_P":0.098565452,"data_set_PC":0.09100619},{"data_set_T":0.55000001,"data_set_M":0.057821114,"data_set_P":0.098159008,"data_set_PC":0.089458443},{"data_set_T":0.60000002,"data_set_M":0.055016357,"data_set_P":0.097695269,"data_set_PC":0.087845936},{"data_set_T":0.64999998,"data_set_M":0.052348629,"data_set_P":0.097174115,"data_set_PC":0.086178675},{"data_set_T":0.69999999,"data_set_M":0.049811278,"data_set_P":0.096595913,"data_set_PC":0.084465861},{"data_set_T":0.75,"data_set_M":0.04739799,"data_set_P":0.095961429,"data_set_PC":0.082715906},{"data_set_T":0.80000001,"data_set_M":0.045102756,"data_set_P":0.095271789,"data_set_PC":0.080936529},{"data_set_T":0.85000002,"data_set_M":0.042919867,"data_set_P":0.094528429,"data_set_PC":0.079134777},{"data_set_T":0.89999998,"data_set_M":0.040843897,"data_set_P":0.093733028,"data_set_PC":0.077317089},{"data_set_T":0.94999999,"data_set_M":0.03886969,"data_set_P":0.092887498,"data_set_PC":0.07548932},{"data_set_T":1.0,"data_set_M":0.036992345,"data_set_P":0.091993935,"data_set_PC":0.07365682},{"data_set_T":1.05,"data_set_M":0.035207216,"data_set_P":0.091054551,"data_set_PC":0.071824409},{"data_set_T":1.1,"data_set_M":0.033509888,"data_set_P":0.090071715,"data_set_PC":0.069996484},{"data_set_T":1.15,"data_set_M":0.031896174,"data_set_P":0.089047857,"data_set_PC":0.068177007},{"data_set_T":1.2,"data_set_M":0.030362112,"data_set_P":0.087985471,"data_set_PC":0.066369534},{"data_set_T":1.25,"data_set_M":0.028903944,"data_set_P":0.086887114,"data_set_PC":0.064577274},{"data_set_T":1.3,"data_set_M":0.027518123,"data_set_P":0.085755348,"data_set_PC":0.062803105},{"data_set_T":1.35,"data_set_M":0.026201304,"data_set_P":0.084592745,"data_set_PC":0.061049581},{"data_set_T":1.4,"data_set_M":0.024950346,"data_set_P":0.083401881,"data_set_PC":0.05931899},{"data_set_T":1.45,"data_set_M":0.023762306,"data_set_P":0.082185306,"data_set_PC":0.05761335},{"data_set_T":1.5,"data_set_M":0.022634456,"data_set_P":0.080945522,"data_set_PC":0.055934444},{"data_set_T":1.55,"data_set_M":0.021564294,"data_set_P":0.07968501,"data_set_PC":0.054283842},{"data_set_T":1.6,"data_set_M":0.02054956,"data_set_P":0.0784062,"data_set_PC":0.05266292},{"data_set_T":1.65,"data_set_M":0.019588301,"data_set_P":0.07711146,"data_set_PC":0.051072881},{"data_set_T":1.7,"data_set_M":0.018678926,"data_set_P":0.075803101,"data_set_PC":0.049514793},{"data_set_T":1.75,"data_set_M":0.017820362,"data_set_P":0.074483372,"data_set_PC":0.047989596},{"data_set_T":1.8,"data_set_M":0.0170123,"data_set_P":0.073154442,"data_set_PC":0.04649815},{"data_set_T":1.85,"data_set_M":0.016255733,"data_set_P":0.071818434,"data_set_PC":0.045041293},{"data_set_T":1.9,"data_set_M":0.015554099,"data_set_P":0.070477404,"data_set_PC":0.043619916},{"data_set_T":1.95,"data_set_M":0.01491626,"data_set_P":0.069133341,"data_set_PC":0.042235162},{"data_set_T":2.0,"data_set_M":0.014365582,"data_set_P":0.067788236,"data_set_PC":0.040888827},{"data_set_T":2.05,"data_set_M":0.013973711,"data_set_P":0.066444069,"data_set_PC":0.03958473},{"data_set_T":2.0999999,"data_set_M":0.013956256,"data_set_P":0.065103076,"data_set_PC":0.038333077},{"data_set_T":2.1500001,"data_set_M":0.014631053,"data_set_P":0.063768193,"data_set_PC":0.03715755},{"data_set_T":2.2,"data_set_M":0.016146915,"data_set_P":0.062443659,"data_set_PC":0.036092706},{"data_set_T":2.25,"data_set_M":0.018514557,"data_set_P":0.061135262,"data_set_PC":0.03517475},{"data_set_T":2.3,"data_set_M":0.021700235,"data_set_P":0.05985022,"data_set_PC":0.034437325},{"data_set_T":2.3499999,"data_set_M":0.025653826,"data_set_P":0.058596946,"data_set_PC":0.033910338},{"data_set_T":2.4000001,"data_set_M":0.030316301,"data_set_P":0.057384808,"data_set_PC":0.033619553},{"data_set_T":2.45,"data_set_M":0.035622112,"data_set_P":0.056223858,"data_set_PC":0.033586439},{"data_set_T":2.5,"data_set_M":0.041500144,"data_set_P":0.055124614,"data_set_PC":0.03382808},{"data_set_T":2.55,"data_set_M":0.047874227,"data_set_P":0.054097787,"data_set_PC":0.034357127},{"data_set_T":2.5999999,"data_set_M":0.05466358,"data_set_P":0.053154085,"data_set_PC":0.035181787},{"data_set_T":2.6500001,"data_set_M":0.06178325,"data_set_P":0.052303985,"data_set_PC":0.036305822},{"data_set_T":2.7,"data_set_M":0.069144659,"data_set_P":0.051557519,"data_set_PC":0.037728582},{"data_set_T":2.75,"data_set_M":0.07665623,"data_set_P":0.0509241,"data_set_PC":0.039445043},{"data_set_T":2.8,"data_set_M":0.084224105,"data_set_P":0.050412323,"data_set_PC":0.0414459},{"data_set_T":2.8499999,"data_set_M":0.091752939,"data_set_P":0.050029818,"data_set_PC":0.043717697},{"data_set_T":2.9000001,"data_set_M":0.099146768,"data_set_P":0.049783073,"data_set_PC":0.046242956},{"data_set_T":2.95,"data_set_M":0.10630995,"data_set_P":0.049677324,"data_set_PC":0.049000371},{"data_set_T":3.0,"data_set_M":0.11314813,"data_set_P":0.049716417,"data_set_PC":0.051965047},{"data_set_T":3.05,"data_set_M":0.11956926,"data_set_P":0.049902719,"data_set_PC":0.055108752},{"data_set_T":3.0999999,"data_set_M":0.12548462,"data_set_P":0.050237015,"data_set_PC":0.058400214},{"data_set_T":3.1500001,"data_set_M":0.13080989,"data_set_P":0.050718479,"data_set_PC":0.061805464},{"data_set_T":3.2,"data_set_M":0.1354661,"data_set_P":0.051344596,"data_set_PC":0.065288216},{"data_set_T":3.25,"data_set_M":0.13938075,"data_set_P":0.052111156,"data_set_PC":0.068810247},{"data_set_T":3.3,"data_set_M":0.1424887,"data_set_P":0.053012256,"data_set_PC":0.072331838},{"data_set_T":3.3499999,"data_set_M":0.14473313,"data_set_P":0.054040313,"data_set_PC":0.075812235},{"data_set_T":3.4000001,"data_set_M":0.14606649,"data_set_P":0.055186111,"data_set_PC":0.079210125},{"data_set_T":3.45,"data_set_M":0.14645129,"data_set_P":0.056438871,"data_set_PC":0.082484134},{"data_set_T":3.5,"data_set_M":0.14586115,"data_set_P":0.057786316,"data_set_PC":0.085593343},{"data_set_T":3.55,"data_set_M":0.14428167,"data_set_P":0.059214812,"data_set_PC":0.08849784},{"data_set_T":3.5999999,"data_set_M":0.14171219,"data_set_P":0.060709469,"data_set_PC":0.091159284},{"data_set_T":3.6500001,"data_set_M":0.13816908,"data_set_P":0.062254306,"data_set_PC":0.093541563},{"data_set_T":3.7,"data_set_M":0.13369632,"data_set_P":0.063832432,"data_set_PC":0.095611736},{"data_set_T":3.75,"data_set_M":0.12841152,"data_set_P":0.06542629,"data_set_PC":0.097342081},{"data_set_T":3.8,"data_set_M":0.12265918,"data_set_P":0.067018062,"data_set_PC":0.098716825},{"data_set_T":3.8499999,"data_set_M":0.11690336,"data_set_P":0.068590611,"data_set_PC":0.099742435},{"data_set_T":3.9000001,"data_set_M":0.11133695,"data_set_P":0.070128366,"data_set_PC":0.10044162},{"data_set_T":3.95,"data_set_M":0.10600284,"data_set_P":0.071617737,"data_set_PC":0.10084087},{"data_set_T":4.0,"data_set_M":0.10090771,"data_set_P":0.073047109,"data_set_PC":0.10096637},{"data_set_T":4.0500002,"data_set_M":0.096048027,"data_set_P":0.074406676,"data_set_PC":0.10084308},{"data_set_T":4.0999999,"data_set_M":0.091416568,"data_set_P":0.075688295,"data_set_PC":0.10049443},{"data_set_T":4.1500001,"data_set_M":0.087004751,"data_set_P":0.076885313,"data_set_PC":0.099942341},{"data_set_T":4.1999998,"data_set_M":0.082803495,"data_set_P":0.077992439,"data_set_PC":0.09920723},{"data_set_T":4.25,"data_set_M":0.078803621,"data_set_P":0.079005621,"data_set_PC":0.098308064},{"data_set_T":4.3000002,"data_set_M":0.074996106,"data_set_P":0.079921857,"data_set_PC":0.097262435},{"data_set_T":4.3499999,"data_set_M":0.071372151,"data_set_P":0.080739155,"data_set_PC":0.096086659},{"data_set_T":4.4000001,"data_set_M":0.067923255,"data_set_P":0.081456363,"data_set_PC":0.094795823},{"data_set_T":4.4499998,"data_set_M":0.064641222,"data_set_P":0.082073092,"data_set_PC":0.093403868},{"data_set_T":4.5,"data_set_M":0.061518207,"data_set_P":0.082589634,"data_set_PC":0.091923676},{"data_set_T":4.5500002,"data_set_M":0.058546692,"data_set_P":0.083006874,"data_set_PC":0.090367123},{"data_set_T":4.5999999,"data_set_M":0.055719487,"data_set_P":0.083326198,"data_set_PC":0.088745132},{"data_set_T":4.6500001,"data_set_M":0.053029738,"data_set_P":0.083549447,"data_set_PC":0.087067775},{"data_set_T":4.6999998,"data_set_M":0.050470892,"data_set_P":0.083678827,"data_set_PC":0.085344277},{"data_set_T":4.75,"data_set_M":0.048036717,"data_set_P":0.083716884,"data_set_PC":0.083583139},{"data_set_T":4.8000002,"data_set_M":0.045721266,"data_set_P":0.083666429,"data_set_PC":0.081792116},{"data_set_T":4.8499999,"data_set_M":0.04351889,"data_set_P":0.083530501,"data_set_PC":0.079978317},{"data_set_T":4.9000001,"data_set_M":0.041424196,"data_set_P":0.08331231,"data_set_PC":0.078148238},{"data_set_T":4.9499998,"data_set_M":0.039432079,"data_set_P":0.083015233,"data_set_PC":0.076307796},{"data_set_T":5.0,"data_set_M":0.037537675,"data_set_P":0.082642742,"data_set_PC":0.074462377},{"data_set_T":5.0500002,"data_set_M":0.035736367,"data_set_P":0.082198396,"data_set_PC":0.072616883},{"data_set_T":5.0999999,"data_set_M":0.034023784,"data_set_P":0.081685804,"data_set_PC":0.070775732},{"data_set_T":5.1500001,"data_set_M":0.032395788,"data_set_P":0.0811086,"data_set_PC":0.068942957},{"data_set_T":5.1999998,"data_set_M":0.030848462,"data_set_P":0.08047045,"data_set_PC":0.067122161},{"data_set_T":5.25,"data_set_M":0.029378124,"data_set_P":0.079774983,"data_set_PC":0.065316617},{"data_set_T":5.3000002,"data_set_M":0.027981309,"data_set_P":0.079025812,"data_set_PC":0.063529238},{"data_set_T":5.3499999,"data_set_M":0.026654793,"data_set_P":0.078226507,"data_set_PC":0.06176265},{"data_set_T":5.4000001,"data_set_M":0.025395589,"data_set_P":0.07738059,"data_set_PC":0.060019188},{"data_set_T":5.4499998,"data_set_M":0.02420097,"data_set_P":0.076491505,"data_set_PC":0.058300946},{"data_set_T":5.5,"data_set_M":0.023068516,"data_set_P":0.075562648,"data_set_PC":0.056609776},{"data_set_T":5.5500002,"data_set_M":0.021996165,"data_set_P":0.074597307,"data_set_PC":0.054947343},{"data_set_T":5.5999999,"data_set_M":0.020982325,"data_set_P":0.073598705,"data_set_PC":0.053315129},{"data_set_T":5.6500001,"data_set_M":0.020026077,"data_set_P":0.072569974,"data_set_PC":0.051714495},{"data_set_T":5.6999998,"data_set_M":0.019127535,"data_set_P":0.071514159,"data_set_PC":0.050146703},{"data_set_T":5.75,"data_set_M":0.018288625,"data_set_P":0.070434198,"data_set_PC":0.048613004},{"data_set_T":5.8000002,"data_set_M":0.017514825,"data_set_P":0.06933298,"data_set_PC":0.04711476},{"data_set_T":5.8499999,"data_set_M":0.016819704,"data_set_P":0.068213306,"data_set_PC":0.045653697},{"data_set_T":5.9000001,"data_set_M":0.016238807,"data_set_P":0.067077942,"data_set_PC":0.044232581},{"data_set_T":5.9499998,"data_set_M":0.015872927,"data_set_P":0.065929718,"data_set_PC":0.042857103},{"data_set_T":6.0,"data_set_M":0.01594395,"data_set_P":0.064771779,"data_set_PC":0.041540533},{"data_set_T":6.0500002,"data_set_M":0.016672377,"data_set_P":0.063608043,"data_set_PC":0.040307164},{"data_set_T":6.0999999,"data_set_M":0.01814238,"data_set_P":0.062443584,"data_set_PC":0.039187577},{"data_set_T":6.1500001,"data_set_M":0.020358181,"data_set_P":0.061284751,"data_set_PC":0.038212683},{"data_set_T":6.1999998,"data_set_M":0.023294246,"data_set_P":0.060139045,"data_set_PC":0.03741125},{"data_set_T":6.25,"data_set_M":0.026911434,"data_set_P":0.059014928,"data_set_PC":0.03680902},{"data_set_T":6.3000002,"data_set_M":0.031162096,"data_set_P":0.057921629,"data_set_PC":0.036428358},{"data_set_T":6.3499999,"data_set_M":0.035991959,"data_set_P":0.056868926,"data_set_PC":0.036288042},{"data_set_T":6.4000001,"data_set_M":0.041340988,"data_set_P":0.055866949,"data_set_PC":0.036403146},{"data_set_T":6.4499998,"data_set_M":0.047143888,"data_set_P":0.054925974,"data_set_PC":0.036784947},{"data_set_T":6.5,"data_set_M":0.053330578,"data_set_P":0.054056227,"data_set_PC":0.03744087},{"data_set_T":6.5500002,"data_set_M":0.059826646,"data_set_P":0.05326771,"data_set_PC":0.038374446},{"data_set_T":6.5999999,"data_set_M":0.066553891,"data_set_P":0.052570008,"data_set_PC":0.039585322},{"data_set_T":6.6500001,"data_set_M":0.073430911,"data_set_P":0.051972125,"data_set_PC":0.041069251},{"data_set_T":6.6999998,"data_set_M":0.080373801,"data_set_P":0.051482331,"data_set_PC":0.042818174},{"data_set_T":6.75,"data_set_M":0.087296896,"data_set_P":0.051108003,"data_set_PC":0.044820268},{"data_set_T":6.8000002,"data_set_M":0.094113588,"data_set_P":0.050855491,"data_set_PC":0.047060102},{"data_set_T":6.8499999,"data_set_M":0.10073719,"data_set_P":0.050729994,"data_set_PC":0.049518757},{"data_set_T":6.9000001,"data_set_M":0.10708185,"data_set_P":0.050735459,"data_set_PC":0.052174024},{"data_set_T":6.9499998,"data_set_M":0.11306345,"data_set_P":0.050874479,"data_set_PC":0.055000637},{"data_set_T":7.0,"data_set_M":0.11860066,"data_set_P":0.051148217,"data_set_PC":0.057970516},{"data_set_T":7.0500002,"data_set_M":0.12361579,"data_set_P":0.051556349,"data_set_PC":0.061053079},{"data_set_T":7.0999999,"data_set_M":0.12803578,"data_set_P":0.052097015,"data_set_PC":0.064215541},{"data_set_T":7.1500001,"data_set_M":0.13179319,"data_set_P":0.052766804,"data_set_PC":0.067423306},{"data_set_T":7.1999998,"data_set_M":0.13482703,"data_set_P":0.053560752,"data_set_PC":0.070640326},{"data_set_T":7.25,"data_set_M":0.13708374,"data_set_P":0.054472338,"data_set_PC":0.073829502},{"data_set_T":7.3000002,"data_set_M":0.13851789,"data_set_P":0.055493549,"data_set_PC":0.076953135},{"data_set_T":7.3499999,"data_set_M":0.13909313,"data_set_P":0.056614906,"data_set_PC":0.079973385},{"data_set_T":7.4000001,"data_set_M":0.13878298,"data_set_P":0.057825562,"data_set_PC":0.082852706},{"data_set_T":7.4499998,"data_set_M":0.13757165,"data_set_P":0.059113376,"data_set_PC":0.085554361},{"data_set_T":7.5,"data_set_M":0.13545543,"data_set_P":0.060465045,"data_set_PC":0.088042915},{"data_set_T":7.5500002,"data_set_M":0.13244487,"data_set_P":0.061866228,"data_set_PC":0.090284824},{"data_set_T":7.5999999,"data_set_M":0.12857078,"data_set_P":0.063301705,"data_set_PC":0.092249155},{"data_set_T":7.6500001,"data_set_M":0.12390555,"data_set_P":0.064755581,"data_set_PC":0.093908854},{"data_set_T":7.6999998,"data_set_M":0.11864739,"data_set_P":0.066211559,"data_set_PC":0.095244274},{"data_set_T":7.75,"data_set_M":0.11319984,"data_set_P":0.067653559,"data_set_PC":0.096251704},{"data_set_T":7.8000002,"data_set_M":0.10786152,"data_set_P":0.069066606,"data_set_PC":0.096946314},{"data_set_T":7.8499999,"data_set_M":0.10272299,"data_set_P":0.070437402,"data_set_PC":0.097351432},{"data_set_T":7.9000001,"data_set_M":0.097804911,"data_set_P":0.071754485,"data_set_PC":0.097491577},{"data_set_T":7.9499998,"data_set_M":0.093108997,"data_set_P":0.073008142,"data_set_PC":0.097390495},{"data_set_T":8.0,"data_set_M":0.088630624,"data_set_P":0.074190266,"data_set_PC":0.097070701},{"data_set_T":8.0500002,"data_set_M":0.084362701,"data_set_P":0.075294197,"data_set_PC":0.096553296},{"data_set_T":8.1000004,"data_set_M":0.080297135,"data_set_P":0.076314598,"data_set_PC":0.095857978},{"data_set_T":8.1499996,"data_set_M":0.076425515,"data_set_P":0.077247337,"data_set_PC":0.095003106},{"data_set_T":8.1999998,"data_set_M":0.072739385,"data_set_P":0.078089312,"data_set_PC":0.094005689},{"data_set_T":8.25,"data_set_M":0.069230452,"data_set_P":0.078838408,"data_set_PC":0.092881538},{"data_set_T":8.3000002,"data_set_M":0.065890618,"data_set_P":0.079493329,"data_set_PC":0.091645271},{"data_set_T":8.3500004,"data_set_M":0.062712081,"data_set_P":0.080053538,"data_set_PC":0.09031041},{"data_set_T":8.3999996,"data_set_M":0.059687331,"data_set_P":0.080519155,"data_set_PC":0.088889435},{"data_set_T":8.4499998,"data_set_M":0.056809146,"data_set_P":0.080890886,"data_set_PC":0.08739388},{"data_set_T":8.5,"data_set_M":0.054070633,"data_set_P":0.081169933,"data_set_PC":0.085834362},{"data_set_T":8.5500002,"data_set_M":0.051465198,"data_set_P":0.081357941,"data_set_PC":0.084220633},{"data_set_T":8.6000004,"data_set_M":0.048986539,"data_set_P":0.081456929,"data_set_PC":0.082561679},{"data_set_T":8.6499996,"data_set_M":0.046628654,"data_set_P":0.081469245,"data_set_PC":0.080865748},{"data_set_T":8.6999998,"data_set_M":0.044385828,"data_set_P":0.081397489,"data_set_PC":0.07914038},{"data_set_T":8.75,"data_set_M":0.042252611,"data_set_P":0.081244513,"data_set_PC":0.077392496},{"data_set_T":8.8000002,"data_set_M":0.040223829,"data_set_P":0.081013322,"data_set_PC":0.075628407},{"data_set_T":8.8500004,"data_set_M":0.038294565,"data_set_P":0.080707096,"data_set_PC":0.073853873},{"data_set_T":8.8999996,"data_set_M":0.036460146,"data_set_P":0.080329113,"data_set_PC":0.072074138},{"data_set_T":8.9499998,"data_set_M":0.034716152,"data_set_P":0.079882734,"data_set_PC":0.070293985},{"data_set_T":9.0,"data_set_M":0.033058401,"data_set_P":0.079371385,"data_set_PC":0.06851773},{"data_set_T":9.0500002,"data_set_M":0.031482946,"data_set_P":0.078798518,"data_set_PC":0.066749297},{"data_set_T":9.1000004,"data_set_M":0.029986074,"data_set_P":0.078167617,"data_set_PC":0.064992219},{"data_set_T":9.1499996,"data_set_M":0.028564317,"data_set_P":0.077482134,"data_set_PC":0.063249692},{"data_set_T":9.1999998,"data_set_M":0.027214458,"data_set_P":0.076745518,"data_set_PC":0.061524589},{"data_set_T":9.25,"data_set_M":0.025933545,"data_set_P":0.075961165,"data_set_PC":0.059819493},{"data_set_T":9.3000002,"data_set_M":0.024718931,"data_set_P":0.075132459,"data_set_PC":0.058136724},{"data_set_T":9.3500004,"data_set_M":0.023568328,"data_set_P":0.074262686,"data_set_PC":0.056478374},{"data_set_T":9.3999996,"data_set_M":0.022479909,"data_set_P":0.073355094,"data_set_PC":0.05484632},{"data_set_T":9.4499998,"data_set_M":0.021452475,"data_set_P":0.072412856,"data_set_PC":0.053242281},{"data_set_T":9.5,"data_set_M":0.02048579,"data_set_P":0.071439058,"data_set_PC":0.051667858},{"data_set_T":9.5500002,"data_set_M":0.019581228,"data_set_P":0.070436724,"data_set_PC":0.050124593},{"data_set_T":9.6000004,"data_set_M":0.018743215,"data_set_P":0.069408812,"data_set_PC":0.048614085},{"data_set_T":9.6499996,"data_set_M":0.017982779,"data_set_P":0.068358205,"data_set_PC":0.047138218},{"data_set_T":9.6999998,"data_set_M":0.017327731,"data_set_P":0.067287758,"data_set_PC":0.045699663},{"data_set_T":9.75,"data_set_M":0.016853768,"data_set_P":0.066200361,"data_set_PC":0.044303305},{"data_set_T":9.8000002,"data_set_M":0.016740296,"data_set_P":0.065099128,"data_set_PC":0.042959858},{"data_set_T":9.8500004,"data_set_M":0.017210266,"data_set_P":0.063987799,"data_set_PC":0.041689992},{"data_set_T":9.8999996,"data_set_M":0.018377176,"data_set_P":0.062871113,"data_set_PC":0.040521882},{"data_set_T":9.9499998,"data_set_M":0.020262377,"data_set_P":0.061755046,"data_set_PC":0.039485324},{"data_set_T":10.0,"data_set_M":0.022849936,"data_set_P":0.060646676,"data_set_PC":0.03860864},{"data_set_T":10.05,"data_set_M":0.026107641,"data_set_P":0.05955407,"data_set_PC":0.037917536},{"data_set_T":10.1,"data_set_M":0.029993763,"data_set_P":0.058486078,"data_set_PC":0.037434656},{"data_set_T":10.15,"data_set_M":0.034459509,"data_set_P":0.05745215,"data_set_PC":0.037179317},{"data_set_T":10.2,"data_set_M":0.039450072,"data_set_P":0.056462117,"data_set_PC":0.037167367},{"data_set_T":10.25,"data_set_M":0.044905216,"data_set_P":0.055526033,"data_set_PC":0.037411071},{"data_set_T":10.3,"data_set_M":0.050759759,"data_set_P":0.054653957,"data_set_PC":0.037919033},{"data_set_T":10.35,"data_set_M":0.056944001,"data_set_P":0.053855792,"data_set_PC":0.038696151},{"data_set_T":10.4,"data_set_M":0.063384235,"data_set_P":0.053141106,"data_set_PC":0.03974358},{"data_set_T":10.45,"data_set_M":0.070003308,"data_set_P":0.052518956,"data_set_PC":0.041058738},{"data_set_T":10.5,"data_set_M":0.076721281,"data_set_P":0.051997755,"data_set_PC":0.042635333},{"data_set_T":10.55,"data_set_M":0.083456114,"data_set_P":0.051585097,"data_set_PC":0.044463426},{"data_set_T":10.6,"data_set_M":0.090124436,"data_set_P":0.051287636,"data_set_PC":0.046529528},{"data_set_T":10.65,"data_set_M":0.096642382,"data_set_P":0.051110957,"data_set_PC":0.048816729},{"data_set_T":10.7,"data_set_M":0.10292647,"data_set_P":0.051059473,"data_set_PC":0.051304851},{"data_set_T":10.75,"data_set_M":0.10889448,"data_set_P":0.051136319,"data_set_PC":0.053970665},{"data_set_T":10.8,"data_set_M":0.11446639,"data_set_P":0.051343266,"data_set_PC":0.056788109},{"data_set_T":10.85,"data_set_M":0.11956533,"data_set_P":0.051680677,"data_set_PC":0.059728567},{"data_set_T":10.9,"data_set_M":0.12411848,"data_set_P":0.052147437,"data_set_PC":0.062761158},{"data_set_T":10.95,"data_set_M":0.128058,"data_set_P":0.052740928,"data_set_PC":0.065853089},{"data_set_T":11.0,"data_set_M":0.13132195,"data_set_P":0.053457025,"data_set_PC":0.06896998},{"data_set_T":11.05,"data_set_M":0.13385515,"data_set_P":0.054290097,"data_set_PC":0.072076291},{"data_set_T":11.1,"data_set_M":0.13561,"data_set_P":0.055233032,"data_set_PC":0.075135686},{"data_set_T":11.15,"data_set_M":0.13654728,"data_set_P":0.056277283,"data_set_PC":0.078111492},{"data_set_T":11.2,"data_set_M":0.136637,"data_set_P":0.05741293,"data_set_PC":0.080967143},{"data_set_T":11.25,"data_set_M":0.13585913,"data_set_P":0.058628768,"data_set_PC":0.08366663},{"data_set_T":11.3,"data_set_M":0.13420467,"data_set_P":0.059912402,"data_set_PC":0.086174972},{"data_set_T":11.35,"data_set_M":0.13167724,"data_set_P":0.061250377,"data_set_PC":0.088458791},{"data_set_T":11.4,"data_set_M":0.12829651,"data_set_P":0.062628314,"data_set_PC":0.090486862},{"data_set_T":11.45,"data_set_M":0.12410858,"data_set_P":0.064031079,"data_set_PC":0.092231028},{"data_set_T":11.5,"data_set_M":0.11922628,"data_set_P":0.065443017,"data_set_PC":0.093668111},{"data_set_T":11.55,"data_set_M":0.1139408,"data_set_P":0.066848323,"data_set_PC":0.094785474},{"data_set_T":11.6,"data_set_M":0.10863551,"data_set_P":0.068231821,"data_set_PC":0.095588826},{"data_set_T":11.65,"data_set_M":0.10349023,"data_set_P":0.069579698,"data_set_PC":0.09609782},{"data_set_T":11.7,"data_set_M":0.09855213,"data_set_P":0.070879906,"data_set_PC":0.096336059},{"data_set_T":11.75,"data_set_M":0.093831033,"data_set_P":0.072122157,"data_set_PC":0.096327171},{"data_set_T":11.8,"data_set_M":0.089325421,"data_set_P":0.073297776,"data_set_PC":0.096093789},{"data_set_T":11.85,"data_set_M":0.085029639,"data_set_P":0.074399598,"data_set_PC":0.095657222},{"data_set_T":11.9,"data_set_M":0.08093632,"data_set_P":0.07542181,"data_set_PC":0.09503746},{"data_set_T":11.95,"data_set_M":0.077037439,"data_set_P":0.076359823,"data_set_PC":0.094253093},{"data_set_T":12.0,"data_set_M":0.073324777,"data_set_P":0.077210143,"data_set_PC":0.09332145},{"data_set_T":12.05,"data_set_M":0.069790147,"data_set_P":0.077970266,"data_set_PC":0.092258587},{"data_set_T":12.1,"data_set_M":0.066425532,"data_set_P":0.078638561,"data_set_PC":0.091079384},{"data_set_T":12.15,"data_set_M":0.063223168,"data_set_P":0.079214185,"data_set_PC":0.089797616},{"data_set_T":12.2,"data_set_M":0.060175542,"data_set_P":0.079696953,"data_set_PC":0.088426016},{"data_set_T":12.25,"data_set_M":0.057275437,"data_set_P":0.080087326,"data_set_PC":0.086976327},{"data_set_T":12.3,"data_set_M":0.05451595,"data_set_P":0.080386259,"data_set_PC":0.085459389},{"data_set_T":12.35,"data_set_M":0.051890455,"data_set_P":0.08059518,"data_set_PC":0.083885171},{"data_set_T":12.4,"data_set_M":0.049392644,"data_set_P":0.080715925,"data_set_PC":0.082262851},{"data_set_T":12.45,"data_set_M":0.047016479,"data_set_P":0.080750652,"data_set_PC":0.080600843},{"data_set_T":12.5,"data_set_M":0.044756219,"data_set_P":0.080701806,"data_set_PC":0.078906879},{"data_set_T":12.55,"data_set_M":0.042606391,"data_set_P":0.080572091,"data_set_PC":0.07718803},{"data_set_T":12.6,"data_set_M":0.040561792,"data_set_P":0.080364391,"data_set_PC":0.075450771},{"data_set_T":12.65,"data_set_M":0.038617477,"data_set_P":0.080081768,"data_set_PC":0.073701017},{"data_set_T":12.7,"data_set_M":0.036768753,"data_set_P":0.079727396,"data_set_PC":0.071944132},{"data_set_T":12.75,"data_set_M":0.03501118,"data_set_P":0.079304546,"data_set_PC":0.070185035},{"data_set_T":12.8,"data_set_M":0.033340551,"data_set_P":0.078816563,"data_set_PC":0.068428159},{"data_set_T":12.85,"data_set_M":0.031752899,"data_set_P":0.078266837,"data_set_PC":0.066677548},{"data_set_T":12.9,"data_set_M":0.030244511,"data_set_P":0.077658772,"data_set_PC":0.064936854},{"data_set_T":12.95,"data_set_M":0.028811902,"data_set_P":0.076995783,"data_set_PC":0.063209362},{"data_set_T":13.0,"data_set_M":0.027451858,"data_set_P":0.076281257,"data_set_PC":0.061498046},{"data_set_T":13.05,"data_set_M":0.02616144,"data_set_P":0.075518578,"data_set_PC":0.059805587},{"data_set_T":13.1,"data_set_M":0.024938026,"data_set_P":0.074711062,"data_set_PC":0.058134392},{"data_set_T":13.15,"data_set_M":0.023779383,"data_set_P":0.073861994,"data_set_PC":0.05648664},{"data_set_T":13.2,"data_set_M":0.022683769,"data_set_P":0.072974585,"data_set_PC":0.054864295},{"data_set_T":13.25,"data_set_M":0.021650149,"data_set_P":0.072052002,"data_set_PC":0.053269166},{"data_set_T":13.3,"data_set_M":0.020678565,"data_set_P":0.071097322,"data_set_PC":0.051702946},{"data_set_T":13.35,"data_set_M":0.019770941,"data_set_P":0.070113555,"data_set_PC":0.050167285},{"data_set_T":13.4,"data_set_M":0.018932818,"data_set_P":0.069103666,"data_set_PC":0.048663929},{"data_set_T":13.45,"data_set_M":0.018177845,"data_set_P":0.068070538,"data_set_PC":0.04719498},{"data_set_T":13.5,"data_set_M":0.017540833,"data_set_P":0.067017063,"data_set_PC":0.045763541},{"data_set_T":13.55,"data_set_M":0.017115457,"data_set_P":0.065946177,"data_set_PC":0.044375483},{"data_set_T":13.6,"data_set_M":0.017099014,"data_set_P":0.064861126,"data_set_PC":0.043043479},{"data_set_T":13.65,"data_set_M":0.017692404,"data_set_P":0.063765861,"data_set_PC":0.041790023},{"data_set_T":13.7,"data_set_M":0.018981421,"data_set_P":0.062665395,"data_set_PC":0.040643588},{"data_set_T":13.75,"data_set_M":0.020976897,"data_set_P":0.061565928,"data_set_PC":0.039633334},{"data_set_T":13.8,"data_set_M":0.023659613,"data_set_P":0.060474724,"data_set_PC":0.03878668},{"data_set_T":13.85,"data_set_M":0.026996264,"data_set_P":0.059399985,"data_set_PC":0.038128391},{"data_set_T":13.9,"data_set_M":0.030944757,"data_set_P":0.058350638,"data_set_PC":0.037680164},{"data_set_T":13.95,"data_set_M":0.035456214,"data_set_P":0.057336159,"data_set_PC":0.037460424},{"data_set_T":14.0,"data_set_M":0.040475871,"data_set_P":0.056366377,"data_set_PC":0.037484158},{"data_set_T":14.05,"data_set_M":0.045943644,"data_set_P":0.055451274,"data_set_PC":0.037762817},{"data_set_T":14.1,"data_set_M":0.05179457,"data_set_P":0.054600831,"data_set_PC":0.038304247},{"data_set_T":14.15,"data_set_M":0.057959273,"data_set_P":0.053824823,"data_set_PC":0.039112631},{"data_set_T":14.2,"data_set_M":0.064364456,"data_set_P":0.053132668,"data_set_PC":0.040188462},{"data_set_T":14.25,"data_set_M":0.070933506,"data_set_P":0.052533258,"data_set_PC":0.041528556},{"data_set_T":14.3,"data_set_M":0.077587105,"data_set_P":0.052034803,"data_set_PC":0.04312608},{"data_set_T":14.35,"data_set_M":0.084243976,"data_set_P":0.051644694,"data_set_PC":0.044970602},{"data_set_T":14.4,"data_set_M":0.090821631,"data_set_P":0.051369365,"data_set_PC":0.047048215},{"data_set_T":14.45,"data_set_M":0.097237237,"data_set_P":0.051214173,"data_set_PC":0.049341649},{"data_set_T":14.5,"data_set_M":0.10340843,"data_set_P":0.051183298,"data_set_PC":0.051830448},{"data_set_T":14.55,"data_set_M":0.10925424,"data_set_P":0.051279634,"data_set_PC":0.054491162},{"data_set_T":14.6,"data_set_M":0.11469603,"data_set_P":0.051504731,"data_set_PC":0.057297599},{"data_set_T":14.65,"data_set_M":0.11965839,"data_set_P":0.051858723,"data_set_PC":0.060221072},{"data_set_T":14.7,"data_set_M":0.12407005,"data_set_P":0.052340277,"data_set_PC":0.063230723},{"data_set_T":14.75,"data_set_M":0.12786485,"data_set_P":0.052946579,"data_set_PC":0.066293836},{"data_set_T":14.8,"data_set_M":0.13098255,"data_set_P":0.05367332,"data_set_PC":0.069376223},{"data_set_T":14.85,"data_set_M":0.13336973,"data_set_P":0.054514695,"data_set_PC":0.072442569},{"data_set_T":14.9,"data_set_M":0.1349806,"data_set_P":0.055463448,"data_set_PC":0.075456873},{"data_set_T":14.95,"data_set_M":0.13577782,"data_set_P":0.056510922,"data_set_PC":0.078382857},{"data_set_T":15.0,"data_set_M":0.13573319,"data_set_P":0.057647094,"data_set_PC":0.081184417},{"data_set_T":15.05,"data_set_M":0.1348286,"data_set_P":0.058860697,"data_set_PC":0.083826073},{"data_set_T":15.1,"data_set_M":0.133057,"data_set_P":0.06013931,"data_set_PC":0.086273462},{"data_set_T":15.15,"data_set_M":0.13042417,"data_set_P":0.061469473,"data_set_PC":0.088493861},{"data_set_T":15.2,"data_set_M":0.12695257,"data_set_P":0.062836841,"data_set_PC":0.090456806},{"data_set_T":15.25,"data_set_M":0.12269355,"data_set_P":0.064226352,"data_set_PC":0.092135049},{"data_set_T":15.3,"data_set_M":0.11777459,"data_set_P":0.065622464,"data_set_PC":0.093506709},{"data_set_T":15.35,"data_set_M":0.11250865,"data_set_P":0.067009591,"data_set_PC":0.094561398},{"data_set_T":15.4,"data_set_M":0.10725707,"data_set_P":0.068372853,"data_set_PC":0.095307082},{"data_set_T":15.45,"data_set_M":0.10217325,"data_set_P":0.069698811,"data_set_PC":0.095764093},{"data_set_T":15.5,"data_set_M":0.097296864,"data_set_P":0.070975773,"data_set_PC":0.095955901},{"data_set_T":15.55,"data_set_M":0.092635758,"data_set_P":0.072193772,"data_set_PC":0.095905818},{"data_set_T":15.6,"data_set_M":0.088187844,"data_set_P":0.073344439,"data_set_PC":0.095636114},{"data_set_T":15.65,"data_set_M":0.083947286,"data_set_P":0.074420862,"data_set_PC":0.095167764},{"data_set_T":15.7,"data_set_M":0.079906702,"data_set_P":0.075417474,"data_set_PC":0.09452039},{"data_set_T":15.75,"data_set_M":0.07605812,"data_set_P":0.076329879,"data_set_PC":0.093712278},{"data_set_T":15.8,"data_set_M":0.072393388,"data_set_P":0.07715477,"data_set_PC":0.092760429},{"data_set_T":15.85,"data_set_M":0.068904422,"data_set_P":0.077889808,"data_set_PC":0.091680631},{"data_set_T":15.9,"data_set_M":0.065583296,"data_set_P":0.078533486,"data_set_PC":0.090487495},{"data_set_T":15.95,"data_set_M":0.062422343,"data_set_P":0.079085082,"data_set_PC":0.089194551},{"data_set_T":16.0,"data_set_M":0.059414145,"data_set_P":0.079544514,"data_set_PC":0.087814279},{"data_set_T":16.049999,"data_set_M":0.056551583,"data_set_P":0.07991232,"data_set_PC":0.086358227},{"data_set_T":16.1,"data_set_M":0.053827837,"data_set_P":0.080189526,"data_set_PC":0.084837012},{"data_set_T":16.15,"data_set_M":0.05123638,"data_set_P":0.080377631,"data_set_PC":0.083260439},{"data_set_T":16.200001,"data_set_M":0.048770979,"data_set_P":0.080478489,"data_set_PC":0.081637487},{"data_set_T":16.25,"data_set_M":0.046425685,"data_set_P":0.080494307,"data_set_PC":0.079976425},{"data_set_T":16.299999,"data_set_M":0.044194829,"data_set_P":0.080427565,"data_set_PC":0.07828483},{"data_set_T":16.35,"data_set_M":0.042073023,"data_set_P":0.080280975,"data_set_PC":0.076569632},{"data_set_T":16.4,"data_set_M":0.04005513,"data_set_P":0.080057427,"data_set_PC":0.074837185},{"data_set_T":16.450001,"data_set_M":0.038136281,"data_set_P":0.079759993,"data_set_PC":0.073093273},{"data_set_T":16.5,"data_set_M":0.036311854,"data_set_P":0.07939183,"data_set_PC":0.071343161},{"data_set_T":16.549999,"data_set_M":0.034577474,"data_set_P":0.078956224,"data_set_PC":0.069591664},{"data_set_T":16.6,"data_set_M":0.032929007,"data_set_P":0.078456491,"data_set_PC":0.067843132},{"data_set_T":16.65,"data_set_M":0.031362563,"data_set_P":0.077896014,"data_set_PC":0.066101506},{"data_set_T":16.700001,"data_set_M":0.029874491,"data_set_P":0.077278174,"data_set_PC":0.064370364},{"data_set_T":16.75,"data_set_M":0.028461393,"data_set_P":0.076606363,"data_set_PC":0.062652938},{"data_set_T":16.799999,"data_set_M":0.027120139,"data_set_P":0.075883955,"data_set_PC":0.060952131},{"data_set_T":16.85,"data_set_M":0.025847893,"data_set_P":0.075114287,"data_set_PC":0.059270568},{"data_set_T":16.9,"data_set_M":0.024642162,"data_set_P":0.074300669,"data_set_PC":0.057610612},{"data_set_T":16.950001,"data_set_M":0.023500877,"data_set_P":0.073446356,"data_set_PC":0.055974402},{"data_set_T":17.0,"data_set_M":0.022422532,"data_set_P":0.072554529,"data_set_PC":0.05436388},{"data_set_T":17.049999,"data_set_M":0.021406457,"data_set_P":0.071628325,"data_set_PC":0.052780848},{"data_set_T":17.1,"data_set_M":0.020453313,"data_set_P":0.070670791,"data_set_PC":0.051227003},{"data_set_T":17.15,"data_set_M":0.019566176,"data_set_P":0.06968493,"data_set_PC":0.049704064},{"data_set_T":17.200001,"data_set_M":0.018753039,"data_set_P":0.06867367,"data_set_PC":0.048213903},{"data_set_T":17.25,"data_set_M":0.018033579,"data_set_P":0.06763991,"data_set_PC":0.046758946},{"data_set_T":17.299999,"data_set_M":0.017459406,"data_set_P":0.066586539,"data_set_PC":0.045343112},{"data_set_T":17.35,"data_set_M":0.017163288,"data_set_P":0.065516599,"data_set_PC":0.043974407},{"data_set_T":17.4,"data_set_M":0.017363518,"data_set_P":0.06443356,"data_set_PC":0.042669326},{"data_set_T":17.450001,"data_set_M":0.018216923,"data_set_P":0.063341781,"data_set_PC":0.041453328},{"data_set_T":17.5,"data_set_M":0.019771807,"data_set_P":0.062246729,"data_set_PC":0.040355448},{"data_set_T":17.549999,"data_set_M":0.022024302,"data_set_P":0.061155032,"data_set_PC":0.039404165},{"data_set_T":17.6,"data_set_M":0.024949066,"data_set_P":0.060074337,"data_set_PC":0.038625788},{"data_set_T":17.65,"data_set_M":0.028509434,"data_set_P":0.059013125,"data_set_PC":0.038043816},{"data_set_T":17.700001,"data_set_M":0.032660943,"data_set_P":0.057980537,"data_set_PC":0.037678592},{"data_set_T":17.75,"data_set_M":0.037352767,"data_set_P":0.056986187,"data_set_PC":0.03754716},{"data_set_T":17.799999,"data_set_M":0.042528454,"data_set_P":0.056039952,"data_set_PC":0.037663095},{"data_set_T":17.85,"data_set_M":0.048126385,"data_set_P":0.05515182,"data_set_PC":0.038036443},{"data_set_T":17.9,"data_set_M":0.05408024,"data_set_P":0.054331679,"data_set_PC":0.038673624},{"data_set_T":17.950001,"data_set_M":0.060319483,"data_set_P":0.053589161,"data_set_PC":0.039577417},{"data_set_T":18.0,"data_set_M":0.066769861,"data_set_P":0.052933484,"data_set_PC":0.040746924},{"data_set_T":18.049999,"data_set_M":0.073354043,"data_set_P":0.052373268,"data_set_PC":0.042177591},{"data_set_T":18.1,"data_set_M":0.07999225,"data_set_P":0.051916409,"data_set_PC":0.043861255},{"data_set_T":18.15,"data_set_M":0.086603045,"data_set_P":0.051569931,"data_set_PC":0.045786217},{"data_set_T":18.200001,"data_set_M":0.093104057,"data_set_P":0.051339865,"data_set_PC":0.047937341},{"data_set_T":18.25,"data_set_M":0.099412896,"data_set_P":0.05123112,"data_set_PC":0.050296225},{"data_set_T":18.299999,"data_set_M":0.10544796,"data_set_P":0.051247396,"data_set_PC":0.052841347},{"data_set_T":18.35,"data_set_M":0.1111294,"data_set_P":0.051391087,"data_set_PC":0.055548299},{"data_set_T":18.4,"data_set_M":0.11637998,"data_set_P":0.05166322,"data_set_PC":0.058390036},{"data_set_T":18.450001,"data_set_M":0.12112605,"data_set_P":0.052063391,"data_set_PC":0.061337136},{"data_set_T":18.5,"data_set_M":0.12529844,"data_set_P":0.052589726,"data_set_PC":0.064358138},{"data_set_T":18.549999,"data_set_M":0.12883337,"data_set_P":0.053238865,"data_set_PC":0.067419872},{"data_set_T":18.6,"data_set_M":0.13167326,"data_set_P":0.054005966,"data_set_PC":0.070487805},{"data_set_T":18.65,"data_set_M":0.13376769,"data_set_P":0.054884702,"data_set_PC":0.073526487},{"data_set_T":18.700001,"data_set_M":0.13507409,"data_set_P":0.055867326,"data_set_PC":0.076499887},{"data_set_T":18.75,"data_set_M":0.13555858,"data_set_P":0.056944691,"data_set_PC":0.079371899},{"data_set_T":18.799999,"data_set_M":0.13519672,"data_set_P":0.058106355,"data_set_PC":0.082106739},{"data_set_T":18.85,"data_set_M":0.13397445,"data_set_P":0.059340652,"data_set_PC":0.084669434},{"data_set_T":18.9,"data_set_M":0.13188925,"data_set_P":0.060634807,"data_set_PC":0.087026298},{"data_set_T":18.950001,"data_set_M":0.12895238,"data_set_P":0.061975073,"data_set_PC":0.089145496},{"data_set_T":19.0,"data_set_M":0.12519461,"data_set_P":0.06334687,"data_set_PC":0.090997748},{"data_set_T":19.049999,"data_set_M":0.12068568,"data_set_P":0.064735003,"data_set_PC":0.09255752},{"data_set_T":19.1,"data_set_M":0.11560781,"data_set_P":0.066123895,"data_set_PC":0.093806207},{"data_set_T":19.15,"data_set_M":0.1103301,"data_set_P":0.067498177,"data_set_PC":0.094739795},{"data_set_T":19.200001,"data_set_M":0.10514413,"data_set_P":0.068843484,"data_set_PC":0.095371984},{"data_set_T":19.25,"data_set_M":0.10014607,"data_set_P":0.070147052,"data_set_PC":0.095724851},{"data_set_T":19.299999,"data_set_M":0.095359452,"data_set_P":0.071397878,"data_set_PC":0.09582191},{"data_set_T":19.35,"data_set_M":0.090787373,"data_set_P":0.072586611,"data_set_PC":0.095686071},{"data_set_T":19.4,"data_set_M":0.086426042,"data_set_P":0.073705465,"data_set_PC":0.095339075},{"data_set_T":19.450001,"data_set_M":0.082268953,"data_set_P":0.074748062,"data_set_PC":0.094801351},{"data_set_T":19.5,"data_set_M":0.078308471,"data_set_P":0.075709291,"data_set_PC":0.094091974},{"data_set_T":19.549999,"data_set_M":0.074536555,"data_set_P":0.076585189,"data_set_PC":0.093228713},{"data_set_T":19.6,"data_set_M":0.070945084,"data_set_P":0.077372819,"data_set_PC":0.092228062},{"data_set_T":19.65,"data_set_M":0.067526057,"data_set_P":0.078070179,"data_set_PC":0.091105327},{"data_set_T":19.700001,"data_set_M":0.064271651,"data_set_P":0.07867606,"data_set_PC":0.089874677},{"data_set_T":19.75,"data_set_M":0.061174314,"data_set_P":0.079189993,"data_set_PC":0.088549219},{"data_set_T":19.799999,"data_set_M":0.058226753,"data_set_P":0.079612136,"data_set_PC":0.087141059},{"data_set_T":19.85,"data_set_M":0.055421978,"data_set_P":0.07994321,"data_set_PC":0.085661359},{"data_set_T":19.9,"data_set_M":0.052753296,"data_set_P":0.080184422,"data_set_PC":0.084120415},{"data_set_T":19.950001,"data_set_M":0.050214298,"data_set_P":0.080337413,"data_set_PC":0.082527675},{"data_set_T":20.0,"data_set_M":0.047798872,"data_set_P":0.08040417,"data_set_PC":0.080891855}]