[{"data_set_value_component_environment_variable_time":0.0,"data_set_value_component_T_variable_T":0.1,"data_set_value_component_T_variable_k":10.0,"data_set_value_component_T_variable_r":0.5,"data_set_value_component_T_variable_d":0.1,"data_set_value_component_T_variable_gamma":1.0,"data_set_value_component_A_variable_A":1.0,"data_set_value_component_A_variable_lambda":1.0,"data_set_value_component_A_variable_delta_1":0.1,"data_set_value_component_A_star_variable_A_star":2.0,"data_set_value_component_A_star_variable_delta_2":1.5,"data_set_value_component_C_variable_C":0.015,"data_set_value_component_C_variable_eta":2.0,"data_set_value_component_C_variable_epsilon":1.0,"data_set_value_component_C_variable_q":0.5,"data_set_value_component_C_variable_mu":0.1,"data_set_value_component_ratio_variable_R":0.6,"data_set_value_component_kinetic_parameters_variable_alpha":0.05},{"data_set_value_component_environment_variable_time":0.1,"data_set_value_component_T_variable_T":0.103840514,"data_set_value_component_T_variable_k":10.0,"data_set_value_component_T_variable_r":0.5,"data_set_value_component_T_variable_d":0.1,"data_set_value_component_T_variable_gamma":1.0,"data_set_value_component_A_variable_A":1.0890216445,"data_set_value_component_A_variable_lambda":1.0,"data_set_value_component_A_variable_delta_1":0.1,"data_set_value_component_A_star_variable_A_star":1.7219107779,"data_set_value_component_A_star_variable_delta_2":1.5,"data_set_value_component_C_variable_C":0.0212826274,"data_set_value_component_C_variable_eta":2.0,"data_set_value_component_C_variable_epsilon":1.0,"data_set_value_component_C_variable_q":0.5,"data_set_value_component_C_variable_mu":0.1,"data_set_value_component_ratio_variable_R":0.7058282746,"data_set_value_component_kinetic_parameters_variable_alpha":0.05},{"data_set_value_component_environment_variable_time":0.2,"data_set_value_component_T_variable_T":0.107752753,"data_set_value_component_T_variable_k":10.0,"data_set_value_component_T_variable_r":0.5,"data_set_value_component_T_variable_d":0.1,"data_set_value_component_T_variable_gamma":1.0,"data_set_value_component_A_variable_A":1.1770907686,"data_set_value_component_A_variable_lambda":1.0,"data_set_value_component_A_variable_delta_1":0.1,"data_set_value_component_A_star_variable_A_star":1.4826213649,"data_set_value_component_A_star_variable_delta_2":1.5,"data_set_value_component_C_variable_C":0.0286373916,"data_set_value_component_C_variable_eta":2.0,"data_set_value_component_C_variable_epsilon":1.0,"data_set_value_component_C_variable_q":0.5,"data_set_value_component_C_variable_mu":0.1,"data_set_value_component_ratio_variable_R":0.7880709752,"data_set_value_component_kinetic_parameters_variable_alpha":0.05},{"data_set_value_component_environment_variable_time":0.3,"data_set_value_component_T_variable_T":0.1117231136,"data_set_value_component_T_variable_k":10.0,"data_set_value_component_T_variable_r":0.5,"data_set_value_component_T_variable_d":0.1,"data_set_value_component_T_variable_gamma":1.0,"data_set_value_component_A_variable_A":1.2642135408,"data_set_value_component_A_variable_lambda":1.0,"data_set_value_component_A_variable_delta_1":0.1,"data_set_value_component_A_star_variable_A_star":1.2767290152,"data_set_value_component_A_star_variable_delta_2":1.5,"data_set_value_component_C_variable_C":0.0368168695,"data_set_value_component_C_variable_eta":2.0,"data_set_value_component_C_variable_epsilon":1.0,"data_set_value_component_C_variable_q":0.5,"data_set_value_component_C_variable_mu":0.1,"data_set_value_component_ratio_variable_R":0.8414582097,"data_set_value_component_kinetic_parameters_variable_alpha":0.05},{"data_set_value_component_environment_variable_time":0.4,"data_set_value_component_T_variable_T":0.1157394168,"data_set_value_component_T_variable_k":10.0,"data_set_value_component_T_variable_r":0.5,"data_set_value_component_T_variable_d":0.1,"data_set_value_component_T_variable_gamma":1.0,"data_set_value_component_A_variable_A":1.3503961378,"data_set_value_component_A_variable_lambda":1.0,"data_set_value_component_A_variable_delta_1":0.1,"data_set_value_component_A_star_variable_A_star":1.0995821016,"data_set_value_component_A_star_variable_delta_2":1.5,"data_set_value_component_C_variable_C":0.0455182062,"data_set_value_component_C_variable_eta":2.0,"data_set_value_component_C_variable_epsilon":1.0,"data_set_value_component_C_variable_q":0.5,"data_set_value_component_C_variable_mu":0.1,"data_set_value_component_ratio_variable_R":0.8648912572,"data_set_value_component_kinetic_parameters_variable_alpha":0.05},{"data_set_value_component_environment_variable_time":0.5,"data_set_value_component_T_variable_T":0.119791859,"data_set_value_component_T_variable_k":10.0,"data_set_value_component_T_variable_r":0.5,"data_set_value_component_T_variable_d":0.1,"data_set_value_component_T_variable_gamma":1.0,"data_set_value_component_A_variable_A":1.435644737,"data_set_value_component_A_variable_lambda":1.0,"data_set_value_component_A_variable_delta_1":0.1,"data_set_value_component_A_star_variable_A_star":0.9471817011,"data_set_value_component_A_star_variable_delta_2":1.5,"data_set_value_component_C_variable_C":0.0544247912,"data_set_value_component_C_variable_eta":2.0,"data_set_value_component_C_variable_epsilon":1.0,"data_set_value_component_C_variable_q":0.5,"data_set_value_component_C_variable_mu":0.1,"data_set_value_component_ratio_variable_R":0.8606622652,"data_set_value_component_kinetic_parameters_variable_alpha":0.05},{"data_set_value_component_environment_variable_time":0.6,"data_set_value_component_T_variable_T":0.123873562,"data_set_value_component_T_variable_k":10.0,"data_set_value_component_T_variable_r":0.5,"data_set_value_component_T_variable_d":0.1,"data_set_value_component_T_variable_gamma":1.0,"data_set_value_component_A_variable_A":1.5199655161,"data_set_value_component_A_variable_lambda":1.0,"data_set_value_component_A_variable_delta_1":0.1,"data_set_value_component_A_star_variable_A_star":0.8160834158,"data_set_value_component_A_star_variable_delta_2":1.5,"data_set_value_component_C_variable_C":0.0632417058,"data_set_value_component_C_variable_eta":2.0,"data_set_value_component_C_variable_epsilon":1.0,"data_set_value_component_C_variable_q":0.5,"data_set_value_component_C_variable_mu":0.1,"data_set_value_component_ratio_variable_R":0.8332771969,"data_set_value_component_kinetic_parameters_variable_alpha":0.05},{"data_set_value_component_environment_variable_time":0.7,"data_set_value_component_T_variable_T":0.1279807686,"data_set_value_component_T_variable_k":10.0,"data_set_value_component_T_variable_r":0.5,"data_set_value_component_T_variable_d":0.1,"data_set_value_component_T_variable_gamma":1.0,"data_set_value_component_A_variable_A":1.6033646446,"data_set_value_component_A_variable_lambda":1.0,"data_set_value_component_A_variable_delta_1":0.1,"data_set_value_component_A_star_variable_A_star":0.7033233749,"data_set_value_component_A_star_variable_delta_2":1.5,"data_set_value_component_C_variable_C":0.0717185589,"data_set_value_component_C_variable_eta":2.0,"data_set_value_component_C_variable_epsilon":1.0,"data_set_value_component_C_variable_q":0.5,"data_set_value_component_C_variable_mu":0.1,"data_set_value_component_ratio_variable_R":0.7882643537,"data_set_value_component_kinetic_parameters_variable_alpha":0.05},{"data_set_value_component_environment_variable_time":0.8,"data_set_value_component_T_variable_T":0.1321127461,"data_set_value_component_T_variable_k":10.0,"data_set_value_component_T_variable_r":0.5,"data_set_value_component_T_variable_d":0.1,"data_set_value_component_T_variable_gamma":1.0,"data_set_value_component_A_variable_A":1.6858482668,"data_set_value_component_A_variable_lambda":1.0,"data_set_value_component_A_variable_delta_1":0.1,"data_set_value_component_A_star_variable_A_star":0.6063503826,"data_set_value_component_A_star_variable_delta_2":1.5,"data_set_value_component_C_variable_C":0.0796607931,"data_set_value_component_C_variable_eta":2.0,"data_set_value_component_C_variable_epsilon":1.0,"data_set_value_component_C_variable_q":0.5,"data_set_value_component_C_variable_mu":0.1,"data_set_value_component_ratio_variable_R":0.7312292536,"data_set_value_component_kinetic_parameters_variable_alpha":0.05},{"data_set_value_component_environment_variable_time":0.9,"data_set_value_component_T_variable_T":0.1362714822,"data_set_value_component_T_variable_k":10.0,"data_set_value_component_T_variable_r":0.5,"data_set_value_component_T_variable_d":0.1,"data_set_value_component_T_variable_gamma":1.0,"data_set_value_component_A_variable_A":1.767422482,"data_set_value_component_A_variable_lambda":1.0,"data_set_value_component_A_variable_delta_1":0.1,"data_set_value_component_A_star_variable_A_star":0.5229676357,"data_set_value_component_A_star_variable_delta_2":1.5,"data_set_value_component_C_variable_C":0.0869318702,"data_set_value_component_C_variable_eta":2.0,"data_set_value_component_C_variable_epsilon":1.0,"data_set_value_component_C_variable_q":0.5,"data_set_value_component_C_variable_mu":0.1,"data_set_value_component_ratio_variable_R":0.6672350503,"data_set_value_component_kinetic_parameters_variable_alpha":0.05},{"data_set_value_component_environment_variable_time":1.0,"data_set_value_component_T_variable_T":0.1404612644,"data_set_value_component_T_variable_k":10.0,"data_set_value_component_T_variable_r":0.5,"data_set_value_component_T_variable_d":0.1,"data_set_value_component_T_variable_gamma":1.0,"data_set_value_component_A_variable_A":1.8480933208,"data_set_value_component_A_variable_lambda":1.0,"data_set_value_component_A_variable_delta_1":0.1,"data_set_value_component_A_star_variable_A_star":0.4512850989,"data_set_value_component_A_star_variable_delta_2":1.5,"data_set_value_component_C_variable_C":0.0934482106,"data_set_value_component_C_variable_eta":2.0,"data_set_value_component_C_variable_epsilon":1.0,"data_set_value_component_C_variable_q":0.5,"data_set_value_component_C_variable_mu":0.1,"data_set_value_component_ratio_variable_R":0.6004756562,"data_set_value_component_kinetic_parameters_variable_alpha":0.05}]