[{"data_set_value_component_environment_variable_time":0.0,"data_set_value_component_J_stim_variable_J_stim":0.2,"data_set_value_component_J_stim_variable_IstimStart":0.0,"data_set_value_component_J_stim_variable_IstimEnd":50000.0,"data_set_value_component_J_stim_variable_IstimAmplitude":0.2,"data_set_value_component_J_stim_variable_IstimPeriod":500.0,"data_set_value_component_J_stim_variable_IstimPulseDuration":1.0,"data_set_value_component_membrane_variable_Vm":0.0000082041,"data_set_value_component_J_in_variable_J_in":0.0000000002,"data_set_value_component_J_in_variable_tau_in":0.3,"data_set_value_component_J_in_h_gate_variable_h":0.8789655122,"data_set_value_component_J_in_h_gate_variable_tau_open":120.0,"data_set_value_component_J_in_h_gate_variable_tau_close":150.0,"data_set_value_component_J_in_h_gate_variable_V_gate":0.13,"data_set_value_component_J_out_variable_J_out":-0.0000013674,"data_set_value_component_J_out_variable_tau_out":6.0},{"data_set_value_component_environment_variable_time":0.1,"data_set_value_component_J_stim_variable_J_stim":0.2,"data_set_value_component_J_stim_variable_IstimStart":0.0,"data_set_value_component_J_stim_variable_IstimEnd":50000.0,"data_set_value_component_J_stim_variable_IstimAmplitude":0.2,"data_set_value_component_J_stim_variable_IstimPeriod":500.0,"data_set_value_component_J_stim_variable_IstimPulseDuration":1.0,"data_set_value_component_membrane_variable_Vm":0.0198808365,"data_set_value_component_J_in_variable_J_in":0.0011351378,"data_set_value_component_J_in_variable_tau_in":0.3,"data_set_value_component_J_in_h_gate_variable_h":0.8790663322,"data_set_value_component_J_in_h_gate_variable_tau_open":120.0,"data_set_value_component_J_in_h_gate_variable_tau_close":150.0,"data_set_value_component_J_in_h_gate_variable_V_gate":0.13,"data_set_value_component_J_out_variable_J_out":-0.0033134727,"data_set_value_component_J_out_variable_tau_out":6.0},{"data_set_value_component_environment_variable_time":0.2,"data_set_value_component_J_stim_variable_J_stim":0.2,"data_set_value_component_J_stim_variable_IstimStart":0.0,"data_set_value_component_J_stim_variable_IstimEnd":50000.0,"data_set_value_component_J_stim_variable_IstimAmplitude":0.2,"data_set_value_component_J_stim_variable_IstimPeriod":500.0,"data_set_value_component_J_stim_variable_IstimPulseDuration":1.0,"data_set_value_component_membrane_variable_Vm":0.0396449756,"data_set_value_component_J_in_variable_J_in":0.004423421,"data_set_value_component_J_in_variable_tau_in":0.3,"data_set_value_component_J_in_h_gate_variable_h":0.8791670683,"data_set_value_component_J_in_h_gate_variable_tau_open":120.0,"data_set_value_component_J_in_h_gate_variable_tau_close":150.0,"data_set_value_component_J_in_h_gate_variable_V_gate":0.13,"data_set_value_component_J_out_variable_J_out":-0.0066074959,"data_set_value_component_J_out_variable_tau_out":6.0},{"data_set_value_component_environment_variable_time":0.3,"data_set_value_component_J_stim_variable_J_stim":0.2,"data_set_value_component_J_stim_variable_IstimStart":0.0,"data_set_value_component_J_stim_variable_IstimEnd":50000.0,"data_set_value_component_J_stim_variable_IstimAmplitude":0.2,"data_set_value_component_J_stim_variable_IstimPeriod":500.0,"data_set_value_component_J_stim_variable_IstimPulseDuration":1.0,"data_set_value_component_membrane_variable_Vm":0.0595110302,"data_set_value_component_J_in_variable_J_in":0.0097622184,"data_set_value_component_J_in_variable_tau_in":0.3,"data_set_value_component_J_in_h_gate_variable_h":0.8792677205,"data_set_value_component_J_in_h_gate_variable_tau_open":120.0,"data_set_value_component_J_in_h_gate_variable_tau_close":150.0,"data_set_value_component_J_in_h_gate_variable_V_gate":0.13,"data_set_value_component_J_out_variable_J_out":-0.009918505,"data_set_value_component_J_out_variable_tau_out":6.0},{"data_set_value_component_environment_variable_time":0.4,"data_set_value_component_J_stim_variable_J_stim":0.2,"data_set_value_component_J_stim_variable_IstimStart":0.0,"data_set_value_component_J_stim_variable_IstimEnd":50000.0,"data_set_value_component_J_stim_variable_IstimAmplitude":0.2,"data_set_value_component_J_stim_variable_IstimPeriod":500.0,"data_set_value_component_J_stim_variable_IstimPulseDuration":1.0,"data_set_value_component_membrane_variable_Vm":0.0796791095,"data_set_value_component_J_in_variable_J_in":0.0171268608,"data_set_value_component_J_in_variable_tau_in":0.3,"data_set_value_component_J_in_h_gate_variable_h":0.8793682888,"data_set_value_component_J_in_h_gate_variable_tau_open":120.0,"data_set_value_component_J_in_h_gate_variable_tau_close":150.0,"data_set_value_component_J_in_h_gate_variable_V_gate":0.13,"data_set_value_component_J_out_variable_J_out":-0.0132798516,"data_set_value_component_J_out_variable_tau_out":6.0},{"data_set_value_component_environment_variable_time":0.5,"data_set_value_component_J_stim_variable_J_stim":0.2,"data_set_value_component_J_stim_variable_IstimStart":0.0,"data_set_value_component_J_stim_variable_IstimEnd":50000.0,"data_set_value_component_J_stim_variable_IstimAmplitude":0.2,"data_set_value_component_J_stim_variable_IstimPeriod":500.0,"data_set_value_component_J_stim_variable_IstimPulseDuration":1.0,"data_set_value_component_membrane_variable_Vm":0.1003464829,"data_set_value_component_J_in_variable_J_in":0.0265569846,"data_set_value_component_J_in_variable_tau_in":0.3,"data_set_value_component_J_in_h_gate_variable_h":0.8794687733,"data_set_value_component_J_in_h_gate_variable_tau_open":120.0,"data_set_value_component_J_in_h_gate_variable_tau_close":150.0,"data_set_value_component_J_in_h_gate_variable_V_gate":0.13,"data_set_value_component_J_out_variable_J_out":-0.0167244138,"data_set_value_component_J_out_variable_tau_out":6.0},{"data_set_value_component_environment_variable_time":0.6,"data_set_value_component_J_stim_variable_J_stim":0.2,"data_set_value_component_J_stim_variable_IstimStart":0.0,"data_set_value_component_J_stim_variable_IstimEnd":50000.0,"data_set_value_component_J_stim_variable_IstimAmplitude":0.2,"data_set_value_component_J_stim_variable_IstimPeriod":500.0,"data_set_value_component_J_stim_variable_IstimPulseDuration":1.0,"data_set_value_component_membrane_variable_Vm":0.1217139882,"data_set_value_component_J_in_variable_J_in":0.0381474663,"data_set_value_component_J_in_variable_tau_in":0.3,"data_set_value_component_J_in_h_gate_variable_h":0.8795691742,"data_set_value_component_J_in_h_gate_variable_tau_open":120.0,"data_set_value_component_J_in_h_gate_variable_tau_close":150.0,"data_set_value_component_J_in_h_gate_variable_V_gate":0.13,"data_set_value_component_J_out_variable_J_out":-0.0202856647,"data_set_value_component_J_out_variable_tau_out":6.0},{"data_set_value_component_environment_variable_time":0.7,"data_set_value_component_J_stim_variable_J_stim":0.2,"data_set_value_component_J_stim_variable_IstimStart":0.0,"data_set_value_component_J_stim_variable_IstimEnd":50000.0,"data_set_value_component_J_stim_variable_IstimAmplitude":0.2,"data_set_value_component_J_stim_variable_IstimPeriod":500.0,"data_set_value_component_J_stim_variable_IstimPulseDuration":1.0,"data_set_value_component_membrane_variable_Vm":0.1439902082,"data_set_value_component_J_in_variable_J_in":0.0520153163,"data_set_value_component_J_in_variable_tau_in":0.3,"data_set_value_component_J_in_h_gate_variable_h":0.8792408283,"data_set_value_component_J_in_h_gate_variable_tau_open":120.0,"data_set_value_component_J_in_h_gate_variable_tau_close":150.0,"data_set_value_component_J_in_h_gate_variable_V_gate":0.13,"data_set_value_component_J_out_variable_J_out":-0.023998368,"data_set_value_component_J_out_variable_tau_out":6.0},{"data_set_value_component_environment_variable_time":0.8,"data_set_value_component_J_stim_variable_J_stim":0.2,"data_set_value_component_J_stim_variable_IstimStart":0.0,"data_set_value_component_J_stim_variable_IstimEnd":50000.0,"data_set_value_component_J_stim_variable_IstimAmplitude":0.2,"data_set_value_component_J_stim_variable_IstimPeriod":500.0,"data_set_value_component_J_stim_variable_IstimPulseDuration":1.0,"data_set_value_component_membrane_variable_Vm":0.1673932015,"data_set_value_component_J_in_variable_J_in":0.0683301928,"data_set_value_component_J_in_variable_tau_in":0.3,"data_set_value_component_J_in_h_gate_variable_h":0.8786548636,"data_set_value_component_J_in_h_gate_variable_tau_open":120.0,"data_set_value_component_J_in_h_gate_variable_tau_close":150.0,"data_set_value_component_J_in_h_gate_variable_V_gate":0.13,"data_set_value_component_J_out_variable_J_out":-0.0278988669,"data_set_value_component_J_out_variable_tau_out":6.0},{"data_set_value_component_environment_variable_time":0.9,"data_set_value_component_J_stim_variable_J_stim":0.2,"data_set_value_component_J_stim_variable_IstimStart":0.0,"data_set_value_component_J_stim_variable_IstimEnd":50000.0,"data_set_value_component_J_stim_variable_IstimAmplitude":0.2,"data_set_value_component_J_stim_variable_IstimPeriod":500.0,"data_set_value_component_J_stim_variable_IstimPulseDuration":1.0,"data_set_value_component_membrane_variable_Vm":0.1921580405,"data_set_value_component_J_in_variable_J_in":0.0873074015,"data_set_value_component_J_in_variable_tau_in":0.3,"data_set_value_component_J_in_h_gate_variable_h":0.8780692889,"data_set_value_component_J_in_h_gate_variable_tau_open":120.0,"data_set_value_component_J_in_h_gate_variable_tau_close":150.0,"data_set_value_component_J_in_h_gate_variable_V_gate":0.13,"data_set_value_component_J_out_variable_J_out":-0.0320263401,"data_set_value_component_J_out_variable_tau_out":6.0},{"data_set_value_component_environment_variable_time":1.0,"data_set_value_component_J_stim_variable_J_stim":0.2,"data_set_value_component_J_stim_variable_IstimStart":0.0,"data_set_value_component_J_stim_variable_IstimEnd":50000.0,"data_set_value_component_J_stim_variable_IstimAmplitude":0.2,"data_set_value_component_J_stim_variable_IstimPeriod":500.0,"data_set_value_component_J_stim_variable_IstimPulseDuration":1.0,"data_set_value_component_membrane_variable_Vm":0.2185362931,"data_set_value_component_J_in_variable_J_in":0.1091626226,"data_set_value_component_J_in_variable_tau_in":0.3,"data_set_value_component_J_in_h_gate_variable_h":0.8774841044,"data_set_value_component_J_in_h_gate_variable_tau_open":120.0,"data_set_value_component_J_in_h_gate_variable_tau_close":150.0,"data_set_value_component_J_in_h_gate_variable_V_gate":0.13,"data_set_value_component_J_out_variable_J_out":-0.0364227155,"data_set_value_component_J_out_variable_tau_out":6.0}]