[{"data_set_value_component_environment_variable_time":0.0,"data_set_value_component_H1_variable_H1":0.05,"data_set_value_component_H2_variable_H2":1.0,"data_set_value_component_A_variable_A":0.0,"data_set_value_component_A_variable_t_on":1316.0,"data_set_value_component_A_variable_t_off":1792.0,"data_set_value_component_A_variable_A_max":6.51,"data_set_value_component_model_parameters_variable_beta_I":0.2457968725,"data_set_value_component_model_parameters_variable_beta_C":0.0292837846,"data_set_value_component_model_parameters_variable_alpha":0.0267417894,"data_set_value_component_model_parameters_variable_lamda":0.0288330774,"data_set_value_component_model_parameters_variable_tau_I":2.82,"data_set_value_component_model_parameters_variable_tau_C":23.67,"data_set_value_component_model_parameters_variable_tau_alpha":25.92,"data_set_value_component_model_parameters_variable_tau_lamda":24.04},{"data_set_value_component_environment_variable_time":0.1,"data_set_value_component_H1_variable_H1":0.0487861697,"data_set_value_component_H2_variable_H2":0.9982879861,"data_set_value_component_A_variable_A":0.0,"data_set_value_component_A_variable_t_on":1316.0,"data_set_value_component_A_variable_t_off":1792.0,"data_set_value_component_A_variable_A_max":6.51,"data_set_value_component_model_parameters_variable_beta_I":0.2457968725,"data_set_value_component_model_parameters_variable_beta_C":0.0292837846,"data_set_value_component_model_parameters_variable_alpha":0.0267417894,"data_set_value_component_model_parameters_variable_lamda":0.0288330774,"data_set_value_component_model_parameters_variable_tau_I":2.82,"data_set_value_component_model_parameters_variable_tau_C":23.67,"data_set_value_component_model_parameters_variable_tau_alpha":25.92,"data_set_value_component_model_parameters_variable_tau_lamda":24.04},{"data_set_value_component_environment_variable_time":0.2,"data_set_value_component_H1_variable_H1":0.0476015739,"data_set_value_component_H2_variable_H2":0.9965517615,"data_set_value_component_A_variable_A":0.0,"data_set_value_component_A_variable_t_on":1316.0,"data_set_value_component_A_variable_t_off":1792.0,"data_set_value_component_A_variable_A_max":6.51,"data_set_value_component_model_parameters_variable_beta_I":0.2457968725,"data_set_value_component_model_parameters_variable_beta_C":0.0292837846,"data_set_value_component_model_parameters_variable_alpha":0.0267417894,"data_set_value_component_model_parameters_variable_lamda":0.0288330774,"data_set_value_component_model_parameters_variable_tau_I":2.82,"data_set_value_component_model_parameters_variable_tau_C":23.67,"data_set_value_component_model_parameters_variable_tau_alpha":25.92,"data_set_value_component_model_parameters_variable_tau_lamda":24.04},{"data_set_value_component_environment_variable_time":0.3,"data_set_value_component_H1_variable_H1":0.0464457184,"data_set_value_component_H2_variable_H2":0.9947919161,"data_set_value_component_A_variable_A":0.0,"data_set_value_component_A_variable_t_on":1316.0,"data_set_value_component_A_variable_t_off":1792.0,"data_set_value_component_A_variable_A_max":6.51,"data_set_value_component_model_parameters_variable_beta_I":0.2457968725,"data_set_value_component_model_parameters_variable_beta_C":0.0292837846,"data_set_value_component_model_parameters_variable_alpha":0.0267417894,"data_set_value_component_model_parameters_variable_lamda":0.0288330774,"data_set_value_component_model_parameters_variable_tau_I":2.82,"data_set_value_component_model_parameters_variable_tau_C":23.67,"data_set_value_component_model_parameters_variable_tau_alpha":25.92,"data_set_value_component_model_parameters_variable_tau_lamda":24.04},{"data_set_value_component_environment_variable_time":0.4,"data_set_value_component_H1_variable_H1":0.0453178752,"data_set_value_component_H2_variable_H2":0.9930092503,"data_set_value_component_A_variable_A":0.0,"data_set_value_component_A_variable_t_on":1316.0,"data_set_value_component_A_variable_t_off":1792.0,"data_set_value_component_A_variable_A_max":6.51,"data_set_value_component_model_parameters_variable_beta_I":0.2457968725,"data_set_value_component_model_parameters_variable_beta_C":0.0292837846,"data_set_value_component_model_parameters_variable_alpha":0.0267417894,"data_set_value_component_model_parameters_variable_lamda":0.0288330774,"data_set_value_component_model_parameters_variable_tau_I":2.82,"data_set_value_component_model_parameters_variable_tau_C":23.67,"data_set_value_component_model_parameters_variable_tau_alpha":25.92,"data_set_value_component_model_parameters_variable_tau_lamda":24.04},{"data_set_value_component_environment_variable_time":0.5,"data_set_value_component_H1_variable_H1":0.0442174432,"data_set_value_component_H2_variable_H2":0.9912044235,"data_set_value_component_A_variable_A":0.0,"data_set_value_component_A_variable_t_on":1316.0,"data_set_value_component_A_variable_t_off":1792.0,"data_set_value_component_A_variable_A_max":6.51,"data_set_value_component_model_parameters_variable_beta_I":0.2457968725,"data_set_value_component_model_parameters_variable_beta_C":0.0292837846,"data_set_value_component_model_parameters_variable_alpha":0.0267417894,"data_set_value_component_model_parameters_variable_lamda":0.0288330774,"data_set_value_component_model_parameters_variable_tau_I":2.82,"data_set_value_component_model_parameters_variable_tau_C":23.67,"data_set_value_component_model_parameters_variable_tau_alpha":25.92,"data_set_value_component_model_parameters_variable_tau_lamda":24.04},{"data_set_value_component_environment_variable_time":0.6,"data_set_value_component_H1_variable_H1":0.0431437749,"data_set_value_component_H2_variable_H2":0.9893781453,"data_set_value_component_A_variable_A":0.0,"data_set_value_component_A_variable_t_on":1316.0,"data_set_value_component_A_variable_t_off":1792.0,"data_set_value_component_A_variable_A_max":6.51,"data_set_value_component_model_parameters_variable_beta_I":0.2457968725,"data_set_value_component_model_parameters_variable_beta_C":0.0292837846,"data_set_value_component_model_parameters_variable_alpha":0.0267417894,"data_set_value_component_model_parameters_variable_lamda":0.0288330774,"data_set_value_component_model_parameters_variable_tau_I":2.82,"data_set_value_component_model_parameters_variable_tau_C":23.67,"data_set_value_component_model_parameters_variable_tau_alpha":25.92,"data_set_value_component_model_parameters_variable_tau_lamda":24.04},{"data_set_value_component_environment_variable_time":0.7,"data_set_value_component_H1_variable_H1":0.042096214,"data_set_value_component_H2_variable_H2":0.9875311343,"data_set_value_component_A_variable_A":0.0,"data_set_value_component_A_variable_t_on":1316.0,"data_set_value_component_A_variable_t_off":1792.0,"data_set_value_component_A_variable_A_max":6.51,"data_set_value_component_model_parameters_variable_beta_I":0.2457968725,"data_set_value_component_model_parameters_variable_beta_C":0.0292837846,"data_set_value_component_model_parameters_variable_alpha":0.0267417894,"data_set_value_component_model_parameters_variable_lamda":0.0288330774,"data_set_value_component_model_parameters_variable_tau_I":2.82,"data_set_value_component_model_parameters_variable_tau_C":23.67,"data_set_value_component_model_parameters_variable_tau_alpha":25.92,"data_set_value_component_model_parameters_variable_tau_lamda":24.04},{"data_set_value_component_environment_variable_time":0.8,"data_set_value_component_H1_variable_H1":0.0410741167,"data_set_value_component_H2_variable_H2":0.9856640951,"data_set_value_component_A_variable_A":0.0,"data_set_value_component_A_variable_t_on":1316.0,"data_set_value_component_A_variable_t_off":1792.0,"data_set_value_component_A_variable_A_max":6.51,"data_set_value_component_model_parameters_variable_beta_I":0.2457968725,"data_set_value_component_model_parameters_variable_beta_C":0.0292837846,"data_set_value_component_model_parameters_variable_alpha":0.0267417894,"data_set_value_component_model_parameters_variable_lamda":0.0288330774,"data_set_value_component_model_parameters_variable_tau_I":2.82,"data_set_value_component_model_parameters_variable_tau_C":23.67,"data_set_value_component_model_parameters_variable_tau_alpha":25.92,"data_set_value_component_model_parameters_variable_tau_lamda":24.04},{"data_set_value_component_environment_variable_time":0.9,"data_set_value_component_H1_variable_H1":0.0400768577,"data_set_value_component_H2_variable_H2":0.9837777112,"data_set_value_component_A_variable_A":0.0,"data_set_value_component_A_variable_t_on":1316.0,"data_set_value_component_A_variable_t_off":1792.0,"data_set_value_component_A_variable_A_max":6.51,"data_set_value_component_model_parameters_variable_beta_I":0.2457968725,"data_set_value_component_model_parameters_variable_beta_C":0.0292837846,"data_set_value_component_model_parameters_variable_alpha":0.0267417894,"data_set_value_component_model_parameters_variable_lamda":0.0288330774,"data_set_value_component_model_parameters_variable_tau_I":2.82,"data_set_value_component_model_parameters_variable_tau_C":23.67,"data_set_value_component_model_parameters_variable_tau_alpha":25.92,"data_set_value_component_model_parameters_variable_tau_lamda":24.04},{"data_set_value_component_environment_variable_time":1.0,"data_set_value_component_H1_variable_H1":0.0391038212,"data_set_value_component_H2_variable_H2":0.9818726551,"data_set_value_component_A_variable_A":0.0,"data_set_value_component_A_variable_t_on":1316.0,"data_set_value_component_A_variable_t_off":1792.0,"data_set_value_component_A_variable_A_max":6.51,"data_set_value_component_model_parameters_variable_beta_I":0.2457968725,"data_set_value_component_model_parameters_variable_beta_C":0.0292837846,"data_set_value_component_model_parameters_variable_alpha":0.0267417894,"data_set_value_component_model_parameters_variable_lamda":0.0288330774,"data_set_value_component_model_parameters_variable_tau_I":2.82,"data_set_value_component_model_parameters_variable_tau_C":23.67,"data_set_value_component_model_parameters_variable_tau_alpha":25.92,"data_set_value_component_model_parameters_variable_tau_lamda":24.04}]