[{"data_set_value_component_environment_variable_time":0.0,"data_set_value_component_constants_variable_k1":0.000185,"data_set_value_component_constants_variable_k2":0.00000125,"data_set_value_component_constants_variable_k3":0.000185,"data_set_value_component_constants_variable_k4":0.00000125,"data_set_value_component_constants_variable_k5":0.000185,"data_set_value_component_constants_variable_k6":0.00000125,"data_set_value_component_constants_variable_k7":0.000185,"data_set_value_component_constants_variable_k8":0.00000125,"data_set_value_component_constants_variable_k9":0.000185,"data_set_value_component_constants_variable_k10":0.00000125,"data_set_value_component_constants_variable_k110":0.00037,"data_set_value_component_constants_variable_k120":0.000014,"data_set_value_component_constants_variable_k130":0.00000125,"data_set_value_component_constants_variable_k140":0.00037,"data_set_value_component_constants_variable_p":0.00175,"data_set_value_component_constants_variable_k15":0.000185,"data_set_value_component_constants_variable_k16":0.00000125,"data_set_value_component_constants_variable_k17":0.00037,"data_set_value_component_constants_variable_k18":0.0005,"data_set_value_component_constants_variable_k19":0.0002,"data_set_value_component_constants_variable_k20":0.0001,"data_set_value_component_constants_variable_k21":0.0001,"data_set_value_component_constants_variable_k22":0.00006,"data_set_value_component_constants_variable_k23":0.1,"data_set_value_component_constants_variable_k24":0.000185,"data_set_value_component_constants_variable_k25":0.00000125,"data_set_value_component_constants_variable_k26":0.00037,"data_set_value_component_constants_variable_k28":0.0005,"data_set_value_component_constants_variable_k29":0.75,"data_set_value_component_constants_variable_d_6":0.000283,"data_set_value_component_constants_variable_k_14":41.6,"data_set_value_component_constants_variable_k_m1":1000000.0,"data_set_value_component_Js_variable_J1":0.0,"data_set_value_component_Js_variable_J2":0.0,"data_set_value_component_Js_variable_J3":0.0,"data_set_value_component_Js_variable_J4":0.0,"data_set_value_component_Js_variable_J5":0.0,"data_set_value_component_Js_variable_J6":0.0,"data_set_value_component_Js_variable_J7":0.0,"data_set_value_component_Js_variable_J8":0.0,"data_set_value_component_Js_variable_J9":0.0,"data_set_value_component_Js_variable_J10":0.0,"data_set_value_component_Js_variable_J11":0.0,"data_set_value_component_Js_variable_J12":0.0,"data_set_value_component_Js_variable_J13":0.0,"data_set_value_component_Js_variable_J14":0.0,"data_set_value_component_Js_variable_J15":0.0,"data_set_value_component_Js_variable_J16":0.0,"data_set_value_component_Js_variable_J17":0.0,"data_set_value_component_Js_variable_J18":0.0,"data_set_value_component_Js_variable_J19":0.0,"data_set_value_component_Js_variable_v14":0.0,"data_set_value_component_Js_variable_deg_no":0.000174328,"data_set_value_component_cs_variable_R_NOS2":0.616,"data_set_value_component_cs_variable_c1":0.0,"data_set_value_component_cs_variable_c2":100.0,"data_set_value_component_cs_variable_c3":0.0,"data_set_value_component_cs_variable_c4":150.0,"data_set_value_component_cs_variable_c5":0.0,"data_set_value_component_cs_variable_c6":100.0,"data_set_value_component_cs_variable_c7":0.0,"data_set_value_component_cs_variable_c8":100.0,"data_set_value_component_cs_variable_c9":0.0,"data_set_value_component_cs_variable_c10":100.0,"data_set_value_component_cs_variable_c11":0.0,"data_set_value_component_cs_variable_c12":0.0,"data_set_value_component_cs_variable_c13":250.0,"data_set_value_component_cs_variable_c14":0.0,"data_set_value_component_cs_variable_c15":0.0,"data_set_value_component_cs_variable_c16":0.0,"data_set_value_component_cs_variable_c17":100.0,"data_set_value_component_cs_variable_c18":0.0,"data_set_value_component_cs_variable_c19":0.0,"data_set_value_component_cs_variable_c20":80.0,"data_set_value_component_cs_variable_c21":0.0,"data_set_value_component_cs_variable_c22":0.0,"data_set_value_component_cs_variable_c23":200.0,"data_set_value_component_cs_variable_c24":0.0,"data_set_value_component_cs_variable_c25":0.0,"data_set_value_component_cs_variable_c26":0.0,"data_set_value_component_cs_variable_c27":0.0,"data_set_value_component_cs_variable_c28":0.0,"data_set_value_component_cs_variable_c29":800.0,"data_set_value_component_cs_variable_c30":0.0,"data_set_value_component_cs_variable_c31":0.0},{"data_set_value_component_environment_variable_time":0.1,"data_set_value_component_constants_variable_k1":0.000185,"data_set_value_component_constants_variable_k2":0.00000125,"data_set_value_component_constants_variable_k3":0.000185,"data_set_value_component_constants_variable_k4":0.00000125,"data_set_value_component_constants_variable_k5":0.000185,"data_set_value_component_constants_variable_k6":0.00000125,"data_set_value_component_constants_variable_k7":0.000185,"data_set_value_component_constants_variable_k8":0.00000125,"data_set_value_component_constants_variable_k9":0.000185,"data_set_value_component_constants_variable_k10":0.00000125,"data_set_value_component_constants_variable_k110":0.00037,"data_set_value_component_constants_variable_k120":0.000014,"data_set_value_component_constants_variable_k130":0.00000125,"data_set_value_component_constants_variable_k140":0.00037,"data_set_value_component_constants_variable_p":0.00175,"data_set_value_component_constants_variable_k15":0.000185,"data_set_value_component_constants_variable_k16":0.00000125,"data_set_value_component_constants_variable_k17":0.00037,"data_set_value_component_constants_variable_k18":0.0005,"data_set_value_component_constants_variable_k19":0.0002,"data_set_value_component_constants_variable_k20":0.0001,"data_set_value_component_constants_variable_k21":0.0001,"data_set_value_component_constants_variable_k22":0.00006,"data_set_value_component_constants_variable_k23":0.1,"data_set_value_component_constants_variable_k24":0.000185,"data_set_value_component_constants_variable_k25":0.00000125,"data_set_value_component_constants_variable_k26":0.00037,"data_set_value_component_constants_variable_k28":0.0005,"data_set_value_component_constants_variable_k29":0.75,"data_set_value_component_constants_variable_d_6":0.000283,"data_set_value_component_constants_variable_k_14":41.6,"data_set_value_component_constants_variable_k_m1":1000000.0,"data_set_value_component_Js_variable_J1":0.0,"data_set_value_component_Js_variable_J2":0.0,"data_set_value_component_Js_variable_J3":0.0,"data_set_value_component_Js_variable_J4":0.0,"data_set_value_component_Js_variable_J5":0.0,"data_set_value_component_Js_variable_J6":0.0,"data_set_value_component_Js_variable_J7":0.0,"data_set_value_component_Js_variable_J8":0.0,"data_set_value_component_Js_variable_J9":0.0,"data_set_value_component_Js_variable_J10":0.0,"data_set_value_component_Js_variable_J11":0.0,"data_set_value_component_Js_variable_J12":0.0,"data_set_value_component_Js_variable_J13":0.0,"data_set_value_component_Js_variable_J14":0.0,"data_set_value_component_Js_variable_J15":0.0,"data_set_value_component_Js_variable_J16":0.0,"data_set_value_component_Js_variable_J17":0.0,"data_set_value_component_Js_variable_J18":0.0,"data_set_value_component_Js_variable_J19":0.0,"data_set_value_component_Js_variable_v14":0.0,"data_set_value_component_Js_variable_deg_no":0.0001743231,"data_set_value_component_cs_variable_R_NOS2":0.6159825678,"data_set_value_component_cs_variable_c1":0.0,"data_set_value_component_cs_variable_c2":100.0,"data_set_value_component_cs_variable_c3":0.0,"data_set_value_component_cs_variable_c4":150.0,"data_set_value_component_cs_variable_c5":0.0,"data_set_value_component_cs_variable_c6":100.0,"data_set_value_component_cs_variable_c7":0.0,"data_set_value_component_cs_variable_c8":100.0,"data_set_value_component_cs_variable_c9":0.0,"data_set_value_component_cs_variable_c10":100.0,"data_set_value_component_cs_variable_c11":0.0,"data_set_value_component_cs_variable_c12":0.0,"data_set_value_component_cs_variable_c13":250.0,"data_set_value_component_cs_variable_c14":0.0,"data_set_value_component_cs_variable_c15":0.0,"data_set_value_component_cs_variable_c16":0.0,"data_set_value_component_cs_variable_c17":100.0,"data_set_value_component_cs_variable_c18":0.0,"data_set_value_component_cs_variable_c19":0.0,"data_set_value_component_cs_variable_c20":80.0,"data_set_value_component_cs_variable_c21":0.0,"data_set_value_component_cs_variable_c22":0.0,"data_set_value_component_cs_variable_c23":200.0,"data_set_value_component_cs_variable_c24":0.0,"data_set_value_component_cs_variable_c25":0.0,"data_set_value_component_cs_variable_c26":0.0,"data_set_value_component_cs_variable_c27":0.0,"data_set_value_component_cs_variable_c28":0.0,"data_set_value_component_cs_variable_c29":800.0,"data_set_value_component_cs_variable_c30":0.0,"data_set_value_component_cs_variable_c31":0.0},{"data_set_value_component_environment_variable_time":0.2,"data_set_value_component_constants_variable_k1":0.000185,"data_set_value_component_constants_variable_k2":0.00000125,"data_set_value_component_constants_variable_k3":0.000185,"data_set_value_component_constants_variable_k4":0.00000125,"data_set_value_component_constants_variable_k5":0.000185,"data_set_value_component_constants_variable_k6":0.00000125,"data_set_value_component_constants_variable_k7":0.000185,"data_set_value_component_constants_variable_k8":0.00000125,"data_set_value_component_constants_variable_k9":0.000185,"data_set_value_component_constants_variable_k10":0.00000125,"data_set_value_component_constants_variable_k110":0.00037,"data_set_value_component_constants_variable_k120":0.000014,"data_set_value_component_constants_variable_k130":0.00000125,"data_set_value_component_constants_variable_k140":0.00037,"data_set_value_component_constants_variable_p":0.00175,"data_set_value_component_constants_variable_k15":0.000185,"data_set_value_component_constants_variable_k16":0.00000125,"data_set_value_component_constants_variable_k17":0.00037,"data_set_value_component_constants_variable_k18":0.0005,"data_set_value_component_constants_variable_k19":0.0002,"data_set_value_component_constants_variable_k20":0.0001,"data_set_value_component_constants_variable_k21":0.0001,"data_set_value_component_constants_variable_k22":0.00006,"data_set_value_component_constants_variable_k23":0.1,"data_set_value_component_constants_variable_k24":0.000185,"data_set_value_component_constants_variable_k25":0.00000125,"data_set_value_component_constants_variable_k26":0.00037,"data_set_value_component_constants_variable_k28":0.0005,"data_set_value_component_constants_variable_k29":0.75,"data_set_value_component_constants_variable_d_6":0.000283,"data_set_value_component_constants_variable_k_14":41.6,"data_set_value_component_constants_variable_k_m1":1000000.0,"data_set_value_component_Js_variable_J1":0.0,"data_set_value_component_Js_variable_J2":0.0,"data_set_value_component_Js_variable_J3":0.0,"data_set_value_component_Js_variable_J4":0.0,"data_set_value_component_Js_variable_J5":0.0,"data_set_value_component_Js_variable_J6":0.0,"data_set_value_component_Js_variable_J7":0.0,"data_set_value_component_Js_variable_J8":0.0,"data_set_value_component_Js_variable_J9":0.0,"data_set_value_component_Js_variable_J10":0.0,"data_set_value_component_Js_variable_J11":0.0,"data_set_value_component_Js_variable_J12":0.0,"data_set_value_component_Js_variable_J13":0.0,"data_set_value_component_Js_variable_J14":0.0,"data_set_value_component_Js_variable_J15":0.0,"data_set_value_component_Js_variable_J16":0.0,"data_set_value_component_Js_variable_J17":0.0,"data_set_value_component_Js_variable_J18":0.0,"data_set_value_component_Js_variable_J19":0.0,"data_set_value_component_Js_variable_v14":0.0,"data_set_value_component_Js_variable_deg_no":0.0001743181,"data_set_value_component_cs_variable_R_NOS2":0.6159651361,"data_set_value_component_cs_variable_c1":0.0,"data_set_value_component_cs_variable_c2":100.0,"data_set_value_component_cs_variable_c3":0.0,"data_set_value_component_cs_variable_c4":150.0,"data_set_value_component_cs_variable_c5":0.0,"data_set_value_component_cs_variable_c6":100.0,"data_set_value_component_cs_variable_c7":0.0,"data_set_value_component_cs_variable_c8":100.0,"data_set_value_component_cs_variable_c9":0.0,"data_set_value_component_cs_variable_c10":100.0,"data_set_value_component_cs_variable_c11":0.0,"data_set_value_component_cs_variable_c12":0.0,"data_set_value_component_cs_variable_c13":250.0,"data_set_value_component_cs_variable_c14":0.0,"data_set_value_component_cs_variable_c15":0.0,"data_set_value_component_cs_variable_c16":0.0,"data_set_value_component_cs_variable_c17":100.0,"data_set_value_component_cs_variable_c18":0.0,"data_set_value_component_cs_variable_c19":0.0,"data_set_value_component_cs_variable_c20":80.0,"data_set_value_component_cs_variable_c21":0.0,"data_set_value_component_cs_variable_c22":0.0,"data_set_value_component_cs_variable_c23":200.0,"data_set_value_component_cs_variable_c24":0.0,"data_set_value_component_cs_variable_c25":0.0,"data_set_value_component_cs_variable_c26":0.0,"data_set_value_component_cs_variable_c27":0.0,"data_set_value_component_cs_variable_c28":0.0,"data_set_value_component_cs_variable_c29":800.0,"data_set_value_component_cs_variable_c30":0.0,"data_set_value_component_cs_variable_c31":0.0},{"data_set_value_component_environment_variable_time":0.3,"data_set_value_component_constants_variable_k1":0.000185,"data_set_value_component_constants_variable_k2":0.00000125,"data_set_value_component_constants_variable_k3":0.000185,"data_set_value_component_constants_variable_k4":0.00000125,"data_set_value_component_constants_variable_k5":0.000185,"data_set_value_component_constants_variable_k6":0.00000125,"data_set_value_component_constants_variable_k7":0.000185,"data_set_value_component_constants_variable_k8":0.00000125,"data_set_value_component_constants_variable_k9":0.000185,"data_set_value_component_constants_variable_k10":0.00000125,"data_set_value_component_constants_variable_k110":0.00037,"data_set_value_component_constants_variable_k120":0.000014,"data_set_value_component_constants_variable_k130":0.00000125,"data_set_value_component_constants_variable_k140":0.00037,"data_set_value_component_constants_variable_p":0.00175,"data_set_value_component_constants_variable_k15":0.000185,"data_set_value_component_constants_variable_k16":0.00000125,"data_set_value_component_constants_variable_k17":0.00037,"data_set_value_component_constants_variable_k18":0.0005,"data_set_value_component_constants_variable_k19":0.0002,"data_set_value_component_constants_variable_k20":0.0001,"data_set_value_component_constants_variable_k21":0.0001,"data_set_value_component_constants_variable_k22":0.00006,"data_set_value_component_constants_variable_k23":0.1,"data_set_value_component_constants_variable_k24":0.000185,"data_set_value_component_constants_variable_k25":0.00000125,"data_set_value_component_constants_variable_k26":0.00037,"data_set_value_component_constants_variable_k28":0.0005,"data_set_value_component_constants_variable_k29":0.75,"data_set_value_component_constants_variable_d_6":0.000283,"data_set_value_component_constants_variable_k_14":41.6,"data_set_value_component_constants_variable_k_m1":1000000.0,"data_set_value_component_Js_variable_J1":0.0,"data_set_value_component_Js_variable_J2":0.0,"data_set_value_component_Js_variable_J3":0.0,"data_set_value_component_Js_variable_J4":0.0,"data_set_value_component_Js_variable_J5":0.0,"data_set_value_component_Js_variable_J6":0.0,"data_set_value_component_Js_variable_J7":0.0,"data_set_value_component_Js_variable_J8":0.0,"data_set_value_component_Js_variable_J9":0.0,"data_set_value_component_Js_variable_J10":0.0,"data_set_value_component_Js_variable_J11":0.0,"data_set_value_component_Js_variable_J12":0.0,"data_set_value_component_Js_variable_J13":0.0,"data_set_value_component_Js_variable_J14":0.0,"data_set_value_component_Js_variable_J15":0.0,"data_set_value_component_Js_variable_J16":0.0,"data_set_value_component_Js_variable_J17":0.0,"data_set_value_component_Js_variable_J18":0.0,"data_set_value_component_Js_variable_J19":0.0,"data_set_value_component_Js_variable_v14":0.0,"data_set_value_component_Js_variable_deg_no":0.0001743132,"data_set_value_component_cs_variable_R_NOS2":0.6159477048,"data_set_value_component_cs_variable_c1":0.0,"data_set_value_component_cs_variable_c2":100.0,"data_set_value_component_cs_variable_c3":0.0,"data_set_value_component_cs_variable_c4":150.0,"data_set_value_component_cs_variable_c5":0.0,"data_set_value_component_cs_variable_c6":100.0,"data_set_value_component_cs_variable_c7":0.0,"data_set_value_component_cs_variable_c8":100.0,"data_set_value_component_cs_variable_c9":0.0,"data_set_value_component_cs_variable_c10":100.0,"data_set_value_component_cs_variable_c11":0.0,"data_set_value_component_cs_variable_c12":0.0,"data_set_value_component_cs_variable_c13":250.0,"data_set_value_component_cs_variable_c14":0.0,"data_set_value_component_cs_variable_c15":0.0,"data_set_value_component_cs_variable_c16":0.0,"data_set_value_component_cs_variable_c17":100.0,"data_set_value_component_cs_variable_c18":0.0,"data_set_value_component_cs_variable_c19":0.0,"data_set_value_component_cs_variable_c20":80.0,"data_set_value_component_cs_variable_c21":0.0,"data_set_value_component_cs_variable_c22":0.0,"data_set_value_component_cs_variable_c23":200.0,"data_set_value_component_cs_variable_c24":0.0,"data_set_value_component_cs_variable_c25":0.0,"data_set_value_component_cs_variable_c26":0.0,"data_set_value_component_cs_variable_c27":0.0,"data_set_value_component_cs_variable_c28":0.0,"data_set_value_component_cs_variable_c29":800.0,"data_set_value_component_cs_variable_c30":0.0,"data_set_value_component_cs_variable_c31":0.0},{"data_set_value_component_environment_variable_time":0.4,"data_set_value_component_constants_variable_k1":0.000185,"data_set_value_component_constants_variable_k2":0.00000125,"data_set_value_component_constants_variable_k3":0.000185,"data_set_value_component_constants_variable_k4":0.00000125,"data_set_value_component_constants_variable_k5":0.000185,"data_set_value_component_constants_variable_k6":0.00000125,"data_set_value_component_constants_variable_k7":0.000185,"data_set_value_component_constants_variable_k8":0.00000125,"data_set_value_component_constants_variable_k9":0.000185,"data_set_value_component_constants_variable_k10":0.00000125,"data_set_value_component_constants_variable_k110":0.00037,"data_set_value_component_constants_variable_k120":0.000014,"data_set_value_component_constants_variable_k130":0.00000125,"data_set_value_component_constants_variable_k140":0.00037,"data_set_value_component_constants_variable_p":0.00175,"data_set_value_component_constants_variable_k15":0.000185,"data_set_value_component_constants_variable_k16":0.00000125,"data_set_value_component_constants_variable_k17":0.00037,"data_set_value_component_constants_variable_k18":0.0005,"data_set_value_component_constants_variable_k19":0.0002,"data_set_value_component_constants_variable_k20":0.0001,"data_set_value_component_constants_variable_k21":0.0001,"data_set_value_component_constants_variable_k22":0.00006,"data_set_value_component_constants_variable_k23":0.1,"data_set_value_component_constants_variable_k24":0.000185,"data_set_value_component_constants_variable_k25":0.00000125,"data_set_value_component_constants_variable_k26":0.00037,"data_set_value_component_constants_variable_k28":0.0005,"data_set_value_component_constants_variable_k29":0.75,"data_set_value_component_constants_variable_d_6":0.000283,"data_set_value_component_constants_variable_k_14":41.6,"data_set_value_component_constants_variable_k_m1":1000000.0,"data_set_value_component_Js_variable_J1":0.0,"data_set_value_component_Js_variable_J2":0.0,"data_set_value_component_Js_variable_J3":0.0,"data_set_value_component_Js_variable_J4":0.0,"data_set_value_component_Js_variable_J5":0.0,"data_set_value_component_Js_variable_J6":0.0,"data_set_value_component_Js_variable_J7":0.0,"data_set_value_component_Js_variable_J8":0.0,"data_set_value_component_Js_variable_J9":0.0,"data_set_value_component_Js_variable_J10":0.0,"data_set_value_component_Js_variable_J11":0.0,"data_set_value_component_Js_variable_J12":0.0,"data_set_value_component_Js_variable_J13":0.0,"data_set_value_component_Js_variable_J14":0.0,"data_set_value_component_Js_variable_J15":0.0,"data_set_value_component_Js_variable_J16":0.0,"data_set_value_component_Js_variable_J17":0.0,"data_set_value_component_Js_variable_J18":0.0,"data_set_value_component_Js_variable_J19":0.0,"data_set_value_component_Js_variable_v14":0.0,"data_set_value_component_Js_variable_deg_no":0.0001743083,"data_set_value_component_cs_variable_R_NOS2":0.615930274,"data_set_value_component_cs_variable_c1":0.0,"data_set_value_component_cs_variable_c2":100.0,"data_set_value_component_cs_variable_c3":0.0,"data_set_value_component_cs_variable_c4":150.0,"data_set_value_component_cs_variable_c5":0.0,"data_set_value_component_cs_variable_c6":100.0,"data_set_value_component_cs_variable_c7":0.0,"data_set_value_component_cs_variable_c8":100.0,"data_set_value_component_cs_variable_c9":0.0,"data_set_value_component_cs_variable_c10":100.0,"data_set_value_component_cs_variable_c11":0.0,"data_set_value_component_cs_variable_c12":0.0,"data_set_value_component_cs_variable_c13":250.0,"data_set_value_component_cs_variable_c14":0.0,"data_set_value_component_cs_variable_c15":0.0,"data_set_value_component_cs_variable_c16":0.0,"data_set_value_component_cs_variable_c17":100.0,"data_set_value_component_cs_variable_c18":0.0,"data_set_value_component_cs_variable_c19":0.0,"data_set_value_component_cs_variable_c20":80.0,"data_set_value_component_cs_variable_c21":0.0,"data_set_value_component_cs_variable_c22":0.0,"data_set_value_component_cs_variable_c23":200.0,"data_set_value_component_cs_variable_c24":0.0,"data_set_value_component_cs_variable_c25":0.0,"data_set_value_component_cs_variable_c26":0.0,"data_set_value_component_cs_variable_c27":0.0,"data_set_value_component_cs_variable_c28":0.0,"data_set_value_component_cs_variable_c29":800.0,"data_set_value_component_cs_variable_c30":0.0,"data_set_value_component_cs_variable_c31":0.0},{"data_set_value_component_environment_variable_time":0.5,"data_set_value_component_constants_variable_k1":0.000185,"data_set_value_component_constants_variable_k2":0.00000125,"data_set_value_component_constants_variable_k3":0.000185,"data_set_value_component_constants_variable_k4":0.00000125,"data_set_value_component_constants_variable_k5":0.000185,"data_set_value_component_constants_variable_k6":0.00000125,"data_set_value_component_constants_variable_k7":0.000185,"data_set_value_component_constants_variable_k8":0.00000125,"data_set_value_component_constants_variable_k9":0.000185,"data_set_value_component_constants_variable_k10":0.00000125,"data_set_value_component_constants_variable_k110":0.00037,"data_set_value_component_constants_variable_k120":0.000014,"data_set_value_component_constants_variable_k130":0.00000125,"data_set_value_component_constants_variable_k140":0.00037,"data_set_value_component_constants_variable_p":0.00175,"data_set_value_component_constants_variable_k15":0.000185,"data_set_value_component_constants_variable_k16":0.00000125,"data_set_value_component_constants_variable_k17":0.00037,"data_set_value_component_constants_variable_k18":0.0005,"data_set_value_component_constants_variable_k19":0.0002,"data_set_value_component_constants_variable_k20":0.0001,"data_set_value_component_constants_variable_k21":0.0001,"data_set_value_component_constants_variable_k22":0.00006,"data_set_value_component_constants_variable_k23":0.1,"data_set_value_component_constants_variable_k24":0.000185,"data_set_value_component_constants_variable_k25":0.00000125,"data_set_value_component_constants_variable_k26":0.00037,"data_set_value_component_constants_variable_k28":0.0005,"data_set_value_component_constants_variable_k29":0.75,"data_set_value_component_constants_variable_d_6":0.000283,"data_set_value_component_constants_variable_k_14":41.6,"data_set_value_component_constants_variable_k_m1":1000000.0,"data_set_value_component_Js_variable_J1":0.0,"data_set_value_component_Js_variable_J2":0.0,"data_set_value_component_Js_variable_J3":0.0,"data_set_value_component_Js_variable_J4":0.0,"data_set_value_component_Js_variable_J5":0.0,"data_set_value_component_Js_variable_J6":0.0,"data_set_value_component_Js_variable_J7":0.0,"data_set_value_component_Js_variable_J8":0.0,"data_set_value_component_Js_variable_J9":0.0,"data_set_value_component_Js_variable_J10":0.0,"data_set_value_component_Js_variable_J11":0.0,"data_set_value_component_Js_variable_J12":0.0,"data_set_value_component_Js_variable_J13":0.0,"data_set_value_component_Js_variable_J14":0.0,"data_set_value_component_Js_variable_J15":0.0,"data_set_value_component_Js_variable_J16":0.0,"data_set_value_component_Js_variable_J17":0.0,"data_set_value_component_Js_variable_J18":0.0,"data_set_value_component_Js_variable_J19":0.0,"data_set_value_component_Js_variable_v14":0.0,"data_set_value_component_Js_variable_deg_no":0.0001743033,"data_set_value_component_cs_variable_R_NOS2":0.6159128444,"data_set_value_component_cs_variable_c1":0.0,"data_set_value_component_cs_variable_c2":100.0,"data_set_value_component_cs_variable_c3":0.0,"data_set_value_component_cs_variable_c4":150.0,"data_set_value_component_cs_variable_c5":0.0,"data_set_value_component_cs_variable_c6":100.0,"data_set_value_component_cs_variable_c7":0.0,"data_set_value_component_cs_variable_c8":100.0,"data_set_value_component_cs_variable_c9":0.0,"data_set_value_component_cs_variable_c10":100.0,"data_set_value_component_cs_variable_c11":0.0,"data_set_value_component_cs_variable_c12":0.0,"data_set_value_component_cs_variable_c13":250.0,"data_set_value_component_cs_variable_c14":0.0,"data_set_value_component_cs_variable_c15":0.0,"data_set_value_component_cs_variable_c16":0.0,"data_set_value_component_cs_variable_c17":100.0,"data_set_value_component_cs_variable_c18":0.0,"data_set_value_component_cs_variable_c19":0.0,"data_set_value_component_cs_variable_c20":80.0,"data_set_value_component_cs_variable_c21":0.0,"data_set_value_component_cs_variable_c22":0.0,"data_set_value_component_cs_variable_c23":200.0,"data_set_value_component_cs_variable_c24":0.0,"data_set_value_component_cs_variable_c25":0.0,"data_set_value_component_cs_variable_c26":0.0,"data_set_value_component_cs_variable_c27":0.0,"data_set_value_component_cs_variable_c28":0.0,"data_set_value_component_cs_variable_c29":800.0,"data_set_value_component_cs_variable_c30":0.0,"data_set_value_component_cs_variable_c31":0.0},{"data_set_value_component_environment_variable_time":0.6,"data_set_value_component_constants_variable_k1":0.000185,"data_set_value_component_constants_variable_k2":0.00000125,"data_set_value_component_constants_variable_k3":0.000185,"data_set_value_component_constants_variable_k4":0.00000125,"data_set_value_component_constants_variable_k5":0.000185,"data_set_value_component_constants_variable_k6":0.00000125,"data_set_value_component_constants_variable_k7":0.000185,"data_set_value_component_constants_variable_k8":0.00000125,"data_set_value_component_constants_variable_k9":0.000185,"data_set_value_component_constants_variable_k10":0.00000125,"data_set_value_component_constants_variable_k110":0.00037,"data_set_value_component_constants_variable_k120":0.000014,"data_set_value_component_constants_variable_k130":0.00000125,"data_set_value_component_constants_variable_k140":0.00037,"data_set_value_component_constants_variable_p":0.00175,"data_set_value_component_constants_variable_k15":0.000185,"data_set_value_component_constants_variable_k16":0.00000125,"data_set_value_component_constants_variable_k17":0.00037,"data_set_value_component_constants_variable_k18":0.0005,"data_set_value_component_constants_variable_k19":0.0002,"data_set_value_component_constants_variable_k20":0.0001,"data_set_value_component_constants_variable_k21":0.0001,"data_set_value_component_constants_variable_k22":0.00006,"data_set_value_component_constants_variable_k23":0.1,"data_set_value_component_constants_variable_k24":0.000185,"data_set_value_component_constants_variable_k25":0.00000125,"data_set_value_component_constants_variable_k26":0.00037,"data_set_value_component_constants_variable_k28":0.0005,"data_set_value_component_constants_variable_k29":0.75,"data_set_value_component_constants_variable_d_6":0.000283,"data_set_value_component_constants_variable_k_14":41.6,"data_set_value_component_constants_variable_k_m1":1000000.0,"data_set_value_component_Js_variable_J1":0.0,"data_set_value_component_Js_variable_J2":0.0,"data_set_value_component_Js_variable_J3":0.0,"data_set_value_component_Js_variable_J4":0.0,"data_set_value_component_Js_variable_J5":0.0,"data_set_value_component_Js_variable_J6":0.0,"data_set_value_component_Js_variable_J7":0.0,"data_set_value_component_Js_variable_J8":0.0,"data_set_value_component_Js_variable_J9":0.0,"data_set_value_component_Js_variable_J10":0.0,"data_set_value_component_Js_variable_J11":0.0,"data_set_value_component_Js_variable_J12":0.0,"data_set_value_component_Js_variable_J13":0.0,"data_set_value_component_Js_variable_J14":0.0,"data_set_value_component_Js_variable_J15":0.0,"data_set_value_component_Js_variable_J16":0.0,"data_set_value_component_Js_variable_J17":0.0,"data_set_value_component_Js_variable_J18":0.0,"data_set_value_component_Js_variable_J19":0.0,"data_set_value_component_Js_variable_v14":0.0,"data_set_value_component_Js_variable_deg_no":0.0001742984,"data_set_value_component_cs_variable_R_NOS2":0.6158954152,"data_set_value_component_cs_variable_c1":0.0,"data_set_value_component_cs_variable_c2":100.0,"data_set_value_component_cs_variable_c3":0.0,"data_set_value_component_cs_variable_c4":150.0,"data_set_value_component_cs_variable_c5":0.0,"data_set_value_component_cs_variable_c6":100.0,"data_set_value_component_cs_variable_c7":0.0,"data_set_value_component_cs_variable_c8":100.0,"data_set_value_component_cs_variable_c9":0.0,"data_set_value_component_cs_variable_c10":100.0,"data_set_value_component_cs_variable_c11":0.0,"data_set_value_component_cs_variable_c12":0.0,"data_set_value_component_cs_variable_c13":250.0,"data_set_value_component_cs_variable_c14":0.0,"data_set_value_component_cs_variable_c15":0.0,"data_set_value_component_cs_variable_c16":0.0,"data_set_value_component_cs_variable_c17":100.0,"data_set_value_component_cs_variable_c18":0.0,"data_set_value_component_cs_variable_c19":0.0,"data_set_value_component_cs_variable_c20":80.0,"data_set_value_component_cs_variable_c21":0.0,"data_set_value_component_cs_variable_c22":0.0,"data_set_value_component_cs_variable_c23":200.0,"data_set_value_component_cs_variable_c24":0.0,"data_set_value_component_cs_variable_c25":0.0,"data_set_value_component_cs_variable_c26":0.0,"data_set_value_component_cs_variable_c27":0.0,"data_set_value_component_cs_variable_c28":0.0,"data_set_value_component_cs_variable_c29":800.0,"data_set_value_component_cs_variable_c30":0.0,"data_set_value_component_cs_variable_c31":0.0},{"data_set_value_component_environment_variable_time":0.7,"data_set_value_component_constants_variable_k1":0.000185,"data_set_value_component_constants_variable_k2":0.00000125,"data_set_value_component_constants_variable_k3":0.000185,"data_set_value_component_constants_variable_k4":0.00000125,"data_set_value_component_constants_variable_k5":0.000185,"data_set_value_component_constants_variable_k6":0.00000125,"data_set_value_component_constants_variable_k7":0.000185,"data_set_value_component_constants_variable_k8":0.00000125,"data_set_value_component_constants_variable_k9":0.000185,"data_set_value_component_constants_variable_k10":0.00000125,"data_set_value_component_constants_variable_k110":0.00037,"data_set_value_component_constants_variable_k120":0.000014,"data_set_value_component_constants_variable_k130":0.00000125,"data_set_value_component_constants_variable_k140":0.00037,"data_set_value_component_constants_variable_p":0.00175,"data_set_value_component_constants_variable_k15":0.000185,"data_set_value_component_constants_variable_k16":0.00000125,"data_set_value_component_constants_variable_k17":0.00037,"data_set_value_component_constants_variable_k18":0.0005,"data_set_value_component_constants_variable_k19":0.0002,"data_set_value_component_constants_variable_k20":0.0001,"data_set_value_component_constants_variable_k21":0.0001,"data_set_value_component_constants_variable_k22":0.00006,"data_set_value_component_constants_variable_k23":0.1,"data_set_value_component_constants_variable_k24":0.000185,"data_set_value_component_constants_variable_k25":0.00000125,"data_set_value_component_constants_variable_k26":0.00037,"data_set_value_component_constants_variable_k28":0.0005,"data_set_value_component_constants_variable_k29":0.75,"data_set_value_component_constants_variable_d_6":0.000283,"data_set_value_component_constants_variable_k_14":41.6,"data_set_value_component_constants_variable_k_m1":1000000.0,"data_set_value_component_Js_variable_J1":0.0,"data_set_value_component_Js_variable_J2":0.0,"data_set_value_component_Js_variable_J3":0.0,"data_set_value_component_Js_variable_J4":0.0,"data_set_value_component_Js_variable_J5":0.0,"data_set_value_component_Js_variable_J6":0.0,"data_set_value_component_Js_variable_J7":0.0,"data_set_value_component_Js_variable_J8":0.0,"data_set_value_component_Js_variable_J9":0.0,"data_set_value_component_Js_variable_J10":0.0,"data_set_value_component_Js_variable_J11":0.0,"data_set_value_component_Js_variable_J12":0.0,"data_set_value_component_Js_variable_J13":0.0,"data_set_value_component_Js_variable_J14":0.0,"data_set_value_component_Js_variable_J15":0.0,"data_set_value_component_Js_variable_J16":0.0,"data_set_value_component_Js_variable_J17":0.0,"data_set_value_component_Js_variable_J18":0.0,"data_set_value_component_Js_variable_J19":0.0,"data_set_value_component_Js_variable_v14":0.0,"data_set_value_component_Js_variable_deg_no":0.0001742935,"data_set_value_component_cs_variable_R_NOS2":0.6158779865,"data_set_value_component_cs_variable_c1":0.0,"data_set_value_component_cs_variable_c2":100.0,"data_set_value_component_cs_variable_c3":0.0,"data_set_value_component_cs_variable_c4":150.0,"data_set_value_component_cs_variable_c5":0.0,"data_set_value_component_cs_variable_c6":100.0,"data_set_value_component_cs_variable_c7":0.0,"data_set_value_component_cs_variable_c8":100.0,"data_set_value_component_cs_variable_c9":0.0,"data_set_value_component_cs_variable_c10":100.0,"data_set_value_component_cs_variable_c11":0.0,"data_set_value_component_cs_variable_c12":0.0,"data_set_value_component_cs_variable_c13":250.0,"data_set_value_component_cs_variable_c14":0.0,"data_set_value_component_cs_variable_c15":0.0,"data_set_value_component_cs_variable_c16":0.0,"data_set_value_component_cs_variable_c17":100.0,"data_set_value_component_cs_variable_c18":0.0,"data_set_value_component_cs_variable_c19":0.0,"data_set_value_component_cs_variable_c20":80.0,"data_set_value_component_cs_variable_c21":0.0,"data_set_value_component_cs_variable_c22":0.0,"data_set_value_component_cs_variable_c23":200.0,"data_set_value_component_cs_variable_c24":0.0,"data_set_value_component_cs_variable_c25":0.0,"data_set_value_component_cs_variable_c26":0.0,"data_set_value_component_cs_variable_c27":0.0,"data_set_value_component_cs_variable_c28":0.0,"data_set_value_component_cs_variable_c29":800.0,"data_set_value_component_cs_variable_c30":0.0,"data_set_value_component_cs_variable_c31":0.0},{"data_set_value_component_environment_variable_time":0.8,"data_set_value_component_constants_variable_k1":0.000185,"data_set_value_component_constants_variable_k2":0.00000125,"data_set_value_component_constants_variable_k3":0.000185,"data_set_value_component_constants_variable_k4":0.00000125,"data_set_value_component_constants_variable_k5":0.000185,"data_set_value_component_constants_variable_k6":0.00000125,"data_set_value_component_constants_variable_k7":0.000185,"data_set_value_component_constants_variable_k8":0.00000125,"data_set_value_component_constants_variable_k9":0.000185,"data_set_value_component_constants_variable_k10":0.00000125,"data_set_value_component_constants_variable_k110":0.00037,"data_set_value_component_constants_variable_k120":0.000014,"data_set_value_component_constants_variable_k130":0.00000125,"data_set_value_component_constants_variable_k140":0.00037,"data_set_value_component_constants_variable_p":0.00175,"data_set_value_component_constants_variable_k15":0.000185,"data_set_value_component_constants_variable_k16":0.00000125,"data_set_value_component_constants_variable_k17":0.00037,"data_set_value_component_constants_variable_k18":0.0005,"data_set_value_component_constants_variable_k19":0.0002,"data_set_value_component_constants_variable_k20":0.0001,"data_set_value_component_constants_variable_k21":0.0001,"data_set_value_component_constants_variable_k22":0.00006,"data_set_value_component_constants_variable_k23":0.1,"data_set_value_component_constants_variable_k24":0.000185,"data_set_value_component_constants_variable_k25":0.00000125,"data_set_value_component_constants_variable_k26":0.00037,"data_set_value_component_constants_variable_k28":0.0005,"data_set_value_component_constants_variable_k29":0.75,"data_set_value_component_constants_variable_d_6":0.000283,"data_set_value_component_constants_variable_k_14":41.6,"data_set_value_component_constants_variable_k_m1":1000000.0,"data_set_value_component_Js_variable_J1":0.0,"data_set_value_component_Js_variable_J2":0.0,"data_set_value_component_Js_variable_J3":0.0,"data_set_value_component_Js_variable_J4":0.0,"data_set_value_component_Js_variable_J5":0.0,"data_set_value_component_Js_variable_J6":0.0,"data_set_value_component_Js_variable_J7":0.0,"data_set_value_component_Js_variable_J8":0.0,"data_set_value_component_Js_variable_J9":0.0,"data_set_value_component_Js_variable_J10":0.0,"data_set_value_component_Js_variable_J11":0.0,"data_set_value_component_Js_variable_J12":0.0,"data_set_value_component_Js_variable_J13":0.0,"data_set_value_component_Js_variable_J14":0.0,"data_set_value_component_Js_variable_J15":0.0,"data_set_value_component_Js_variable_J16":0.0,"data_set_value_component_Js_variable_J17":0.0,"data_set_value_component_Js_variable_J18":0.0,"data_set_value_component_Js_variable_J19":0.0,"data_set_value_component_Js_variable_v14":0.0,"data_set_value_component_Js_variable_deg_no":0.0001742885,"data_set_value_component_cs_variable_R_NOS2":0.6158605582,"data_set_value_component_cs_variable_c1":0.0,"data_set_value_component_cs_variable_c2":100.0,"data_set_value_component_cs_variable_c3":0.0,"data_set_value_component_cs_variable_c4":150.0,"data_set_value_component_cs_variable_c5":0.0,"data_set_value_component_cs_variable_c6":100.0,"data_set_value_component_cs_variable_c7":0.0,"data_set_value_component_cs_variable_c8":100.0,"data_set_value_component_cs_variable_c9":0.0,"data_set_value_component_cs_variable_c10":100.0,"data_set_value_component_cs_variable_c11":0.0,"data_set_value_component_cs_variable_c12":0.0,"data_set_value_component_cs_variable_c13":250.0,"data_set_value_component_cs_variable_c14":0.0,"data_set_value_component_cs_variable_c15":0.0,"data_set_value_component_cs_variable_c16":0.0,"data_set_value_component_cs_variable_c17":100.0,"data_set_value_component_cs_variable_c18":0.0,"data_set_value_component_cs_variable_c19":0.0,"data_set_value_component_cs_variable_c20":80.0,"data_set_value_component_cs_variable_c21":0.0,"data_set_value_component_cs_variable_c22":0.0,"data_set_value_component_cs_variable_c23":200.0,"data_set_value_component_cs_variable_c24":0.0,"data_set_value_component_cs_variable_c25":0.0,"data_set_value_component_cs_variable_c26":0.0,"data_set_value_component_cs_variable_c27":0.0,"data_set_value_component_cs_variable_c28":0.0,"data_set_value_component_cs_variable_c29":800.0,"data_set_value_component_cs_variable_c30":0.0,"data_set_value_component_cs_variable_c31":0.0},{"data_set_value_component_environment_variable_time":0.9,"data_set_value_component_constants_variable_k1":0.000185,"data_set_value_component_constants_variable_k2":0.00000125,"data_set_value_component_constants_variable_k3":0.000185,"data_set_value_component_constants_variable_k4":0.00000125,"data_set_value_component_constants_variable_k5":0.000185,"data_set_value_component_constants_variable_k6":0.00000125,"data_set_value_component_constants_variable_k7":0.000185,"data_set_value_component_constants_variable_k8":0.00000125,"data_set_value_component_constants_variable_k9":0.000185,"data_set_value_component_constants_variable_k10":0.00000125,"data_set_value_component_constants_variable_k110":0.00037,"data_set_value_component_constants_variable_k120":0.000014,"data_set_value_component_constants_variable_k130":0.00000125,"data_set_value_component_constants_variable_k140":0.00037,"data_set_value_component_constants_variable_p":0.00175,"data_set_value_component_constants_variable_k15":0.000185,"data_set_value_component_constants_variable_k16":0.00000125,"data_set_value_component_constants_variable_k17":0.00037,"data_set_value_component_constants_variable_k18":0.0005,"data_set_value_component_constants_variable_k19":0.0002,"data_set_value_component_constants_variable_k20":0.0001,"data_set_value_component_constants_variable_k21":0.0001,"data_set_value_component_constants_variable_k22":0.00006,"data_set_value_component_constants_variable_k23":0.1,"data_set_value_component_constants_variable_k24":0.000185,"data_set_value_component_constants_variable_k25":0.00000125,"data_set_value_component_constants_variable_k26":0.00037,"data_set_value_component_constants_variable_k28":0.0005,"data_set_value_component_constants_variable_k29":0.75,"data_set_value_component_constants_variable_d_6":0.000283,"data_set_value_component_constants_variable_k_14":41.6,"data_set_value_component_constants_variable_k_m1":1000000.0,"data_set_value_component_Js_variable_J1":0.0,"data_set_value_component_Js_variable_J2":0.0,"data_set_value_component_Js_variable_J3":0.0,"data_set_value_component_Js_variable_J4":0.0,"data_set_value_component_Js_variable_J5":0.0,"data_set_value_component_Js_variable_J6":0.0,"data_set_value_component_Js_variable_J7":0.0,"data_set_value_component_Js_variable_J8":0.0,"data_set_value_component_Js_variable_J9":0.0,"data_set_value_component_Js_variable_J10":0.0,"data_set_value_component_Js_variable_J11":0.0,"data_set_value_component_Js_variable_J12":0.0,"data_set_value_component_Js_variable_J13":0.0,"data_set_value_component_Js_variable_J14":0.0,"data_set_value_component_Js_variable_J15":0.0,"data_set_value_component_Js_variable_J16":0.0,"data_set_value_component_Js_variable_J17":0.0,"data_set_value_component_Js_variable_J18":0.0,"data_set_value_component_Js_variable_J19":0.0,"data_set_value_component_Js_variable_v14":0.0,"data_set_value_component_Js_variable_deg_no":0.0001742836,"data_set_value_component_cs_variable_R_NOS2":0.6158431304,"data_set_value_component_cs_variable_c1":0.0,"data_set_value_component_cs_variable_c2":100.0,"data_set_value_component_cs_variable_c3":0.0,"data_set_value_component_cs_variable_c4":150.0,"data_set_value_component_cs_variable_c5":0.0,"data_set_value_component_cs_variable_c6":100.0,"data_set_value_component_cs_variable_c7":0.0,"data_set_value_component_cs_variable_c8":100.0,"data_set_value_component_cs_variable_c9":0.0,"data_set_value_component_cs_variable_c10":100.0,"data_set_value_component_cs_variable_c11":0.0,"data_set_value_component_cs_variable_c12":0.0,"data_set_value_component_cs_variable_c13":250.0,"data_set_value_component_cs_variable_c14":0.0,"data_set_value_component_cs_variable_c15":0.0,"data_set_value_component_cs_variable_c16":0.0,"data_set_value_component_cs_variable_c17":100.0,"data_set_value_component_cs_variable_c18":0.0,"data_set_value_component_cs_variable_c19":0.0,"data_set_value_component_cs_variable_c20":80.0,"data_set_value_component_cs_variable_c21":0.0,"data_set_value_component_cs_variable_c22":0.0,"data_set_value_component_cs_variable_c23":200.0,"data_set_value_component_cs_variable_c24":0.0,"data_set_value_component_cs_variable_c25":0.0,"data_set_value_component_cs_variable_c26":0.0,"data_set_value_component_cs_variable_c27":0.0,"data_set_value_component_cs_variable_c28":0.0,"data_set_value_component_cs_variable_c29":800.0,"data_set_value_component_cs_variable_c30":0.0,"data_set_value_component_cs_variable_c31":0.0},{"data_set_value_component_environment_variable_time":1.0,"data_set_value_component_constants_variable_k1":0.000185,"data_set_value_component_constants_variable_k2":0.00000125,"data_set_value_component_constants_variable_k3":0.000185,"data_set_value_component_constants_variable_k4":0.00000125,"data_set_value_component_constants_variable_k5":0.000185,"data_set_value_component_constants_variable_k6":0.00000125,"data_set_value_component_constants_variable_k7":0.000185,"data_set_value_component_constants_variable_k8":0.00000125,"data_set_value_component_constants_variable_k9":0.000185,"data_set_value_component_constants_variable_k10":0.00000125,"data_set_value_component_constants_variable_k110":0.00037,"data_set_value_component_constants_variable_k120":0.000014,"data_set_value_component_constants_variable_k130":0.00000125,"data_set_value_component_constants_variable_k140":0.00037,"data_set_value_component_constants_variable_p":0.00175,"data_set_value_component_constants_variable_k15":0.000185,"data_set_value_component_constants_variable_k16":0.00000125,"data_set_value_component_constants_variable_k17":0.00037,"data_set_value_component_constants_variable_k18":0.0005,"data_set_value_component_constants_variable_k19":0.0002,"data_set_value_component_constants_variable_k20":0.0001,"data_set_value_component_constants_variable_k21":0.0001,"data_set_value_component_constants_variable_k22":0.00006,"data_set_value_component_constants_variable_k23":0.1,"data_set_value_component_constants_variable_k24":0.000185,"data_set_value_component_constants_variable_k25":0.00000125,"data_set_value_component_constants_variable_k26":0.00037,"data_set_value_component_constants_variable_k28":0.0005,"data_set_value_component_constants_variable_k29":0.75,"data_set_value_component_constants_variable_d_6":0.000283,"data_set_value_component_constants_variable_k_14":41.6,"data_set_value_component_constants_variable_k_m1":1000000.0,"data_set_value_component_Js_variable_J1":0.0,"data_set_value_component_Js_variable_J2":0.0,"data_set_value_component_Js_variable_J3":0.0,"data_set_value_component_Js_variable_J4":0.0,"data_set_value_component_Js_variable_J5":0.0,"data_set_value_component_Js_variable_J6":0.0,"data_set_value_component_Js_variable_J7":0.0,"data_set_value_component_Js_variable_J8":0.0,"data_set_value_component_Js_variable_J9":0.0,"data_set_value_component_Js_variable_J10":0.0,"data_set_value_component_Js_variable_J11":0.0,"data_set_value_component_Js_variable_J12":0.0,"data_set_value_component_Js_variable_J13":0.0,"data_set_value_component_Js_variable_J14":0.0,"data_set_value_component_Js_variable_J15":0.0,"data_set_value_component_Js_variable_J16":0.0,"data_set_value_component_Js_variable_J17":0.0,"data_set_value_component_Js_variable_J18":0.0,"data_set_value_component_Js_variable_J19":0.0,"data_set_value_component_Js_variable_v14":0.0,"data_set_value_component_Js_variable_deg_no":0.0001742787,"data_set_value_component_cs_variable_R_NOS2":0.6158257029,"data_set_value_component_cs_variable_c1":0.0,"data_set_value_component_cs_variable_c2":100.0,"data_set_value_component_cs_variable_c3":0.0,"data_set_value_component_cs_variable_c4":150.0,"data_set_value_component_cs_variable_c5":0.0,"data_set_value_component_cs_variable_c6":100.0,"data_set_value_component_cs_variable_c7":0.0,"data_set_value_component_cs_variable_c8":100.0,"data_set_value_component_cs_variable_c9":0.0,"data_set_value_component_cs_variable_c10":100.0,"data_set_value_component_cs_variable_c11":0.0,"data_set_value_component_cs_variable_c12":0.0,"data_set_value_component_cs_variable_c13":250.0,"data_set_value_component_cs_variable_c14":0.0,"data_set_value_component_cs_variable_c15":0.0,"data_set_value_component_cs_variable_c16":0.0,"data_set_value_component_cs_variable_c17":100.0,"data_set_value_component_cs_variable_c18":0.0,"data_set_value_component_cs_variable_c19":0.0,"data_set_value_component_cs_variable_c20":80.0,"data_set_value_component_cs_variable_c21":0.0,"data_set_value_component_cs_variable_c22":0.0,"data_set_value_component_cs_variable_c23":200.0,"data_set_value_component_cs_variable_c24":0.0,"data_set_value_component_cs_variable_c25":0.0,"data_set_value_component_cs_variable_c26":0.0,"data_set_value_component_cs_variable_c27":0.0,"data_set_value_component_cs_variable_c28":0.0,"data_set_value_component_cs_variable_c29":800.0,"data_set_value_component_cs_variable_c30":0.0,"data_set_value_component_cs_variable_c31":0.0}]