[{"data_generator_T_normal_figure_5c":0.0,"data_generator_V1_normal_figure_5c":-69.128113},{"data_generator_T_normal_figure_5c":1.25,"data_generator_V1_normal_figure_5c":-68.38031},{"data_generator_T_normal_figure_5c":2.5,"data_generator_V1_normal_figure_5c":-67.603157},{"data_generator_T_normal_figure_5c":3.75,"data_generator_V1_normal_figure_5c":-66.792458},{"data_generator_T_normal_figure_5c":5.0,"data_generator_V1_normal_figure_5c":-65.941666},{"data_generator_T_normal_figure_5c":6.25,"data_generator_V1_normal_figure_5c":-65.043007},{"data_generator_T_normal_figure_5c":7.5,"data_generator_V1_normal_figure_5c":-64.087212},{"data_generator_T_normal_figure_5c":8.75,"data_generator_V1_normal_figure_5c":-63.063},{"data_generator_T_normal_figure_5c":10.0,"data_generator_V1_normal_figure_5c":-61.956299},{"data_generator_T_normal_figure_5c":11.25,"data_generator_V1_normal_figure_5c":-60.74905},{"data_generator_T_normal_figure_5c":12.5,"data_generator_V1_normal_figure_5c":-59.417393},{"data_generator_T_normal_figure_5c":13.75,"data_generator_V1_normal_figure_5c":-57.927582},{"data_generator_T_normal_figure_5c":15.0,"data_generator_V1_normal_figure_5c":-56.22311},{"data_generator_T_normal_figure_5c":16.25,"data_generator_V1_normal_figure_5c":-54.173283},{"data_generator_T_normal_figure_5c":17.5,"data_generator_V1_normal_figure_5c":-51.304039},{"data_generator_T_normal_figure_5c":18.75,"data_generator_V1_normal_figure_5c":-42.790611},{"data_generator_T_normal_figure_5c":20.0,"data_generator_V1_normal_figure_5c":22.941227},{"data_generator_T_normal_figure_5c":21.25,"data_generator_V1_normal_figure_5c":-18.440861},{"data_generator_T_normal_figure_5c":22.5,"data_generator_V1_normal_figure_5c":-63.1208},{"data_generator_T_normal_figure_5c":23.75,"data_generator_V1_normal_figure_5c":-64.615936},{"data_generator_T_normal_figure_5c":25.0,"data_generator_V1_normal_figure_5c":-63.865936},{"data_generator_T_normal_figure_5c":26.25,"data_generator_V1_normal_figure_5c":-63.080883},{"data_generator_T_normal_figure_5c":27.5,"data_generator_V1_normal_figure_5c":-62.30315},{"data_generator_T_normal_figure_5c":28.75,"data_generator_V1_normal_figure_5c":-61.54076},{"data_generator_T_normal_figure_5c":30.0,"data_generator_V1_normal_figure_5c":-60.800381},{"data_generator_T_normal_figure_5c":31.25,"data_generator_V1_normal_figure_5c":-60.087509},{"data_generator_T_normal_figure_5c":32.5,"data_generator_V1_normal_figure_5c":-59.406128},{"data_generator_T_normal_figure_5c":33.75,"data_generator_V1_normal_figure_5c":-58.758545},{"data_generator_T_normal_figure_5c":35.0,"data_generator_V1_normal_figure_5c":-58.145367},{"data_generator_T_normal_figure_5c":36.25,"data_generator_V1_normal_figure_5c":-57.565708},{"data_generator_T_normal_figure_5c":37.5,"data_generator_V1_normal_figure_5c":-57.017464},{"data_generator_T_normal_figure_5c":38.75,"data_generator_V1_normal_figure_5c":-56.497639},{"data_generator_T_normal_figure_5c":40.0,"data_generator_V1_normal_figure_5c":-56.002617},{"data_generator_T_normal_figure_5c":41.25,"data_generator_V1_normal_figure_5c":-55.528423},{"data_generator_T_normal_figure_5c":42.5,"data_generator_V1_normal_figure_5c":-55.070965},{"data_generator_T_normal_figure_5c":43.75,"data_generator_V1_normal_figure_5c":-63.955639},{"data_generator_T_normal_figure_5c":45.0,"data_generator_V1_normal_figure_5c":-65.094566},{"data_generator_T_normal_figure_5c":46.25,"data_generator_V1_normal_figure_5c":-64.531113},{"data_generator_T_normal_figure_5c":47.5,"data_generator_V1_normal_figure_5c":-63.945545},{"data_generator_T_normal_figure_5c":48.75,"data_generator_V1_normal_figure_5c":-63.371563},{"data_generator_T_normal_figure_5c":50.0,"data_generator_V1_normal_figure_5c":-62.811211},{"data_generator_T_normal_figure_5c":51.25,"data_generator_V1_normal_figure_5c":-62.265327},{"data_generator_T_normal_figure_5c":52.5,"data_generator_V1_normal_figure_5c":-61.734226},{"data_generator_T_normal_figure_5c":53.75,"data_generator_V1_normal_figure_5c":-61.217808},{"data_generator_T_normal_figure_5c":55.0,"data_generator_V1_normal_figure_5c":-60.71566},{"data_generator_T_normal_figure_5c":56.25,"data_generator_V1_normal_figure_5c":-60.229996},{"data_generator_T_normal_figure_5c":57.5,"data_generator_V1_normal_figure_5c":-59.754604},{"data_generator_T_normal_figure_5c":58.75,"data_generator_V1_normal_figure_5c":-59.290806},{"data_generator_T_normal_figure_5c":60.0,"data_generator_V1_normal_figure_5c":-58.837955},{"data_generator_T_normal_figure_5c":61.25,"data_generator_V1_normal_figure_5c":-58.395081},{"data_generator_T_normal_figure_5c":62.5,"data_generator_V1_normal_figure_5c":-61.795647},{"data_generator_T_normal_figure_5c":63.75,"data_generator_V1_normal_figure_5c":-67.078491},{"data_generator_T_normal_figure_5c":65.0,"data_generator_V1_normal_figure_5c":-66.698097},{"data_generator_T_normal_figure_5c":66.25,"data_generator_V1_normal_figure_5c":-66.110489},{"data_generator_T_normal_figure_5c":67.5,"data_generator_V1_normal_figure_5c":-65.524162},{"data_generator_T_normal_figure_5c":68.75,"data_generator_V1_normal_figure_5c":-64.944092},{"data_generator_T_normal_figure_5c":70.0,"data_generator_V1_normal_figure_5c":-64.372414},{"data_generator_T_normal_figure_5c":71.25,"data_generator_V1_normal_figure_5c":-63.810902},{"data_generator_T_normal_figure_5c":72.5,"data_generator_V1_normal_figure_5c":-63.260838},{"data_generator_T_normal_figure_5c":73.75,"data_generator_V1_normal_figure_5c":-62.72298},{"data_generator_T_normal_figure_5c":75.0,"data_generator_V1_normal_figure_5c":-62.197651},{"data_generator_T_normal_figure_5c":76.25,"data_generator_V1_normal_figure_5c":-61.684795},{"data_generator_T_normal_figure_5c":77.5,"data_generator_V1_normal_figure_5c":-61.184063},{"data_generator_T_normal_figure_5c":78.75,"data_generator_V1_normal_figure_5c":-60.694912},{"data_generator_T_normal_figure_5c":80.0,"data_generator_V1_normal_figure_5c":-60.216652},{"data_generator_T_normal_figure_5c":81.25,"data_generator_V1_normal_figure_5c":-59.748493},{"data_generator_T_normal_figure_5c":82.5,"data_generator_V1_normal_figure_5c":-59.289581},{"data_generator_T_normal_figure_5c":83.75,"data_generator_V1_normal_figure_5c":-58.83902},{"data_generator_T_normal_figure_5c":85.0,"data_generator_V1_normal_figure_5c":-59.116642},{"data_generator_T_normal_figure_5c":86.25,"data_generator_V1_normal_figure_5c":-64.564095},{"data_generator_T_normal_figure_5c":87.5,"data_generator_V1_normal_figure_5c":-64.462135},{"data_generator_T_normal_figure_5c":88.75,"data_generator_V1_normal_figure_5c":-63.923542},{"data_generator_T_normal_figure_5c":90.0,"data_generator_V1_normal_figure_5c":-63.385265},{"data_generator_T_normal_figure_5c":91.25,"data_generator_V1_normal_figure_5c":-62.856346},{"data_generator_T_normal_figure_5c":92.5,"data_generator_V1_normal_figure_5c":-62.337151},{"data_generator_T_normal_figure_5c":93.75,"data_generator_V1_normal_figure_5c":-61.827656},{"data_generator_T_normal_figure_5c":95.0,"data_generator_V1_normal_figure_5c":-61.327629},{"data_generator_T_normal_figure_5c":96.25,"data_generator_V1_normal_figure_5c":-60.836693},{"data_generator_T_normal_figure_5c":97.5,"data_generator_V1_normal_figure_5c":-62.735405},{"data_generator_T_normal_figure_5c":98.75,"data_generator_V1_normal_figure_5c":-64.246155},{"data_generator_T_normal_figure_5c":100.0,"data_generator_V1_normal_figure_5c":-63.779346},{"data_generator_T_normal_figure_5c":101.25,"data_generator_V1_normal_figure_5c":-63.246433},{"data_generator_T_normal_figure_5c":102.5,"data_generator_V1_normal_figure_5c":-62.720802},{"data_generator_T_normal_figure_5c":103.75,"data_generator_V1_normal_figure_5c":-62.204147},{"data_generator_T_normal_figure_5c":105.0,"data_generator_V1_normal_figure_5c":-61.697304},{"data_generator_T_normal_figure_5c":106.25,"data_generator_V1_normal_figure_5c":-61.198723},{"data_generator_T_normal_figure_5c":107.5,"data_generator_V1_normal_figure_5c":-60.710327},{"data_generator_T_normal_figure_5c":108.75,"data_generator_V1_normal_figure_5c":-60.227116},{"data_generator_T_normal_figure_5c":110.0,"data_generator_V1_normal_figure_5c":-59.750771},{"data_generator_T_normal_figure_5c":111.25,"data_generator_V1_normal_figure_5c":-59.282291},{"data_generator_T_normal_figure_5c":112.5,"data_generator_V1_normal_figure_5c":-62.264523},{"data_generator_T_normal_figure_5c":113.75,"data_generator_V1_normal_figure_5c":-63.6567},{"data_generator_T_normal_figure_5c":115.0,"data_generator_V1_normal_figure_5c":-63.186588},{"data_generator_T_normal_figure_5c":116.25,"data_generator_V1_normal_figure_5c":-62.664291},{"data_generator_T_normal_figure_5c":117.5,"data_generator_V1_normal_figure_5c":-62.148521},{"data_generator_T_normal_figure_5c":118.75,"data_generator_V1_normal_figure_5c":-61.640507},{"data_generator_T_normal_figure_5c":120.0,"data_generator_V1_normal_figure_5c":-61.140003},{"data_generator_T_normal_figure_5c":121.25,"data_generator_V1_normal_figure_5c":-60.646622},{"data_generator_T_normal_figure_5c":122.5,"data_generator_V1_normal_figure_5c":-60.159836},{"data_generator_T_normal_figure_5c":123.75,"data_generator_V1_normal_figure_5c":-59.679073},{"data_generator_T_normal_figure_5c":125.0,"data_generator_V1_normal_figure_5c":-59.20369},{"data_generator_T_normal_figure_5c":126.25,"data_generator_V1_normal_figure_5c":-62.503448},{"data_generator_T_normal_figure_5c":127.5,"data_generator_V1_normal_figure_5c":-63.357769},{"data_generator_T_normal_figure_5c":128.75,"data_generator_V1_normal_figure_5c":-62.869308},{"data_generator_T_normal_figure_5c":130.0,"data_generator_V1_normal_figure_5c":-62.349964},{"data_generator_T_normal_figure_5c":131.25,"data_generator_V1_normal_figure_5c":-61.836834},{"data_generator_T_normal_figure_5c":132.5,"data_generator_V1_normal_figure_5c":-61.330593},{"data_generator_T_normal_figure_5c":133.75,"data_generator_V1_normal_figure_5c":-60.830906},{"data_generator_T_normal_figure_5c":135.0,"data_generator_V1_normal_figure_5c":-60.337322},{"data_generator_T_normal_figure_5c":136.25,"data_generator_V1_normal_figure_5c":-59.849342},{"data_generator_T_normal_figure_5c":137.5,"data_generator_V1_normal_figure_5c":-59.366409},{"data_generator_T_normal_figure_5c":138.75,"data_generator_V1_normal_figure_5c":-65.53022},{"data_generator_T_normal_figure_5c":140.0,"data_generator_V1_normal_figure_5c":-67.997002},{"data_generator_T_normal_figure_5c":141.25,"data_generator_V1_normal_figure_5c":-67.463234},{"data_generator_T_normal_figure_5c":142.5,"data_generator_V1_normal_figure_5c":-66.877457},{"data_generator_T_normal_figure_5c":143.75,"data_generator_V1_normal_figure_5c":-66.29422},{"data_generator_T_normal_figure_5c":145.0,"data_generator_V1_normal_figure_5c":-65.714905},{"data_generator_T_normal_figure_5c":146.25,"data_generator_V1_normal_figure_5c":-65.140495},{"data_generator_T_normal_figure_5c":147.5,"data_generator_V1_normal_figure_5c":-64.57209},{"data_generator_T_normal_figure_5c":148.75,"data_generator_V1_normal_figure_5c":-64.010658},{"data_generator_T_normal_figure_5c":150.0,"data_generator_V1_normal_figure_5c":-63.456959},{"data_generator_T_normal_figure_5c":151.25,"data_generator_V1_normal_figure_5c":-62.911419},{"data_generator_T_normal_figure_5c":152.5,"data_generator_V1_normal_figure_5c":-62.374191},{"data_generator_T_normal_figure_5c":153.75,"data_generator_V1_normal_figure_5c":-61.845139},{"data_generator_T_normal_figure_5c":155.0,"data_generator_V1_normal_figure_5c":-61.326973},{"data_generator_T_normal_figure_5c":156.25,"data_generator_V1_normal_figure_5c":-66.276176},{"data_generator_T_normal_figure_5c":157.5,"data_generator_V1_normal_figure_5c":-67.138741},{"data_generator_T_normal_figure_5c":158.75,"data_generator_V1_normal_figure_5c":-66.56572},{"data_generator_T_normal_figure_5c":160.0,"data_generator_V1_normal_figure_5c":-65.968605},{"data_generator_T_normal_figure_5c":161.25,"data_generator_V1_normal_figure_5c":-65.37458},{"data_generator_T_normal_figure_5c":162.5,"data_generator_V1_normal_figure_5c":-64.785835},{"data_generator_T_normal_figure_5c":163.75,"data_generator_V1_normal_figure_5c":-64.204079},{"data_generator_T_normal_figure_5c":165.0,"data_generator_V1_normal_figure_5c":-63.630657},{"data_generator_T_normal_figure_5c":166.25,"data_generator_V1_normal_figure_5c":-63.066456},{"data_generator_T_normal_figure_5c":167.5,"data_generator_V1_normal_figure_5c":-62.511883},{"data_generator_T_normal_figure_5c":168.75,"data_generator_V1_normal_figure_5c":-61.966927},{"data_generator_T_normal_figure_5c":170.0,"data_generator_V1_normal_figure_5c":-61.431221},{"data_generator_T_normal_figure_5c":171.25,"data_generator_V1_normal_figure_5c":-60.90414},{"data_generator_T_normal_figure_5c":172.5,"data_generator_V1_normal_figure_5c":-60.384846},{"data_generator_T_normal_figure_5c":173.75,"data_generator_V1_normal_figure_5c":-59.872318},{"data_generator_T_normal_figure_5c":175.0,"data_generator_V1_normal_figure_5c":-59.365391},{"data_generator_T_normal_figure_5c":176.25,"data_generator_V1_normal_figure_5c":-58.862747},{"data_generator_T_normal_figure_5c":177.5,"data_generator_V1_normal_figure_5c":-65.698212},{"data_generator_T_normal_figure_5c":178.75,"data_generator_V1_normal_figure_5c":-66.608055},{"data_generator_T_normal_figure_5c":180.0,"data_generator_V1_normal_figure_5c":-66.037804},{"data_generator_T_normal_figure_5c":181.25,"data_generator_V1_normal_figure_5c":-65.443886},{"data_generator_T_normal_figure_5c":182.5,"data_generator_V1_normal_figure_5c":-64.854256},{"data_generator_T_normal_figure_5c":183.75,"data_generator_V1_normal_figure_5c":-64.27092},{"data_generator_T_normal_figure_5c":185.0,"data_generator_V1_normal_figure_5c":-63.695141},{"data_generator_T_normal_figure_5c":186.25,"data_generator_V1_normal_figure_5c":-63.127747},{"data_generator_T_normal_figure_5c":187.5,"data_generator_V1_normal_figure_5c":-62.569126},{"data_generator_T_normal_figure_5c":188.75,"data_generator_V1_normal_figure_5c":-63.434967},{"data_generator_T_normal_figure_5c":190.0,"data_generator_V1_normal_figure_5c":-65.505356},{"data_generator_T_normal_figure_5c":191.25,"data_generator_V1_normal_figure_5c":-67.704063},{"data_generator_T_normal_figure_5c":192.5,"data_generator_V1_normal_figure_5c":-70.351387},{"data_generator_T_normal_figure_5c":193.75,"data_generator_V1_normal_figure_5c":-69.812035},{"data_generator_T_normal_figure_5c":195.0,"data_generator_V1_normal_figure_5c":-69.165932},{"data_generator_T_normal_figure_5c":196.25,"data_generator_V1_normal_figure_5c":-68.507591},{"data_generator_T_normal_figure_5c":197.5,"data_generator_V1_normal_figure_5c":-67.837242},{"data_generator_T_normal_figure_5c":198.75,"data_generator_V1_normal_figure_5c":-68.079712},{"data_generator_T_normal_figure_5c":200.0,"data_generator_V1_normal_figure_5c":-68.674942},{"data_generator_T_normal_figure_5c":201.25,"data_generator_V1_normal_figure_5c":-68.017746},{"data_generator_T_normal_figure_5c":202.5,"data_generator_V1_normal_figure_5c":-67.305168},{"data_generator_T_normal_figure_5c":203.75,"data_generator_V1_normal_figure_5c":-66.58345},{"data_generator_T_normal_figure_5c":205.0,"data_generator_V1_normal_figure_5c":-65.846352},{"data_generator_T_normal_figure_5c":206.25,"data_generator_V1_normal_figure_5c":-65.101166},{"data_generator_T_normal_figure_5c":207.5,"data_generator_V1_normal_figure_5c":-64.353844},{"data_generator_T_normal_figure_5c":208.75,"data_generator_V1_normal_figure_5c":-63.61145},{"data_generator_T_normal_figure_5c":210.0,"data_generator_V1_normal_figure_5c":-62.879032},{"data_generator_T_normal_figure_5c":211.25,"data_generator_V1_normal_figure_5c":-62.159},{"data_generator_T_normal_figure_5c":212.5,"data_generator_V1_normal_figure_5c":-61.45779},{"data_generator_T_normal_figure_5c":213.75,"data_generator_V1_normal_figure_5c":-60.778915},{"data_generator_T_normal_figure_5c":215.0,"data_generator_V1_normal_figure_5c":-60.124355},{"data_generator_T_normal_figure_5c":216.25,"data_generator_V1_normal_figure_5c":-59.494518},{"data_generator_T_normal_figure_5c":217.5,"data_generator_V1_normal_figure_5c":-58.888256},{"data_generator_T_normal_figure_5c":218.75,"data_generator_V1_normal_figure_5c":-58.303001},{"data_generator_T_normal_figure_5c":220.0,"data_generator_V1_normal_figure_5c":-57.734978},{"data_generator_T_normal_figure_5c":221.25,"data_generator_V1_normal_figure_5c":-62.661175},{"data_generator_T_normal_figure_5c":222.5,"data_generator_V1_normal_figure_5c":-65.083939},{"data_generator_T_normal_figure_5c":223.75,"data_generator_V1_normal_figure_5c":-64.552849},{"data_generator_T_normal_figure_5c":225.0,"data_generator_V1_normal_figure_5c":-63.915764},{"data_generator_T_normal_figure_5c":226.25,"data_generator_V1_normal_figure_5c":-63.286125},{"data_generator_T_normal_figure_5c":227.5,"data_generator_V1_normal_figure_5c":-62.668911},{"data_generator_T_normal_figure_5c":228.75,"data_generator_V1_normal_figure_5c":-62.065006},{"data_generator_T_normal_figure_5c":230.0,"data_generator_V1_normal_figure_5c":-61.474464},{"data_generator_T_normal_figure_5c":231.25,"data_generator_V1_normal_figure_5c":-60.896637},{"data_generator_T_normal_figure_5c":232.5,"data_generator_V1_normal_figure_5c":-60.330307},{"data_generator_T_normal_figure_5c":233.75,"data_generator_V1_normal_figure_5c":-62.327362},{"data_generator_T_normal_figure_5c":235.0,"data_generator_V1_normal_figure_5c":-64.300896},{"data_generator_T_normal_figure_5c":236.25,"data_generator_V1_normal_figure_5c":-63.820812},{"data_generator_T_normal_figure_5c":237.5,"data_generator_V1_normal_figure_5c":-63.223972},{"data_generator_T_normal_figure_5c":238.75,"data_generator_V1_normal_figure_5c":-62.63327},{"data_generator_T_normal_figure_5c":240.0,"data_generator_V1_normal_figure_5c":-62.052414},{"data_generator_T_normal_figure_5c":241.25,"data_generator_V1_normal_figure_5c":-61.481113},{"data_generator_T_normal_figure_5c":242.5,"data_generator_V1_normal_figure_5c":-60.91851},{"data_generator_T_normal_figure_5c":243.75,"data_generator_V1_normal_figure_5c":-60.363358},{"data_generator_T_normal_figure_5c":245.0,"data_generator_V1_normal_figure_5c":-59.814102},{"data_generator_T_normal_figure_5c":246.25,"data_generator_V1_normal_figure_5c":-59.268867},{"data_generator_T_normal_figure_5c":247.5,"data_generator_V1_normal_figure_5c":-58.72546},{"data_generator_T_normal_figure_5c":248.75,"data_generator_V1_normal_figure_5c":-58.181274},{"data_generator_T_normal_figure_5c":250.0,"data_generator_V1_normal_figure_5c":-57.633167},{"data_generator_T_normal_figure_5c":251.25,"data_generator_V1_normal_figure_5c":-57.077217},{"data_generator_T_normal_figure_5c":252.5,"data_generator_V1_normal_figure_5c":-56.508335},{"data_generator_T_normal_figure_5c":253.75,"data_generator_V1_normal_figure_5c":-55.91959},{"data_generator_T_normal_figure_5c":255.0,"data_generator_V1_normal_figure_5c":-55.300121},{"data_generator_T_normal_figure_5c":256.25,"data_generator_V1_normal_figure_5c":-54.636925},{"data_generator_T_normal_figure_5c":257.5,"data_generator_V1_normal_figure_5c":-53.905266},{"data_generator_T_normal_figure_5c":258.75,"data_generator_V1_normal_figure_5c":-53.049011},{"data_generator_T_normal_figure_5c":260.0,"data_generator_V1_normal_figure_5c":-51.951622},{"data_generator_T_normal_figure_5c":261.25,"data_generator_V1_normal_figure_5c":-50.210384},{"data_generator_T_normal_figure_5c":262.5,"data_generator_V1_normal_figure_5c":-7.4079571},{"data_generator_T_normal_figure_5c":263.75,"data_generator_V1_normal_figure_5c":21.132978},{"data_generator_T_normal_figure_5c":265.0,"data_generator_V1_normal_figure_5c":-43.911263},{"data_generator_T_normal_figure_5c":266.25,"data_generator_V1_normal_figure_5c":-64.786102},{"data_generator_T_normal_figure_5c":267.5,"data_generator_V1_normal_figure_5c":-64.206467},{"data_generator_T_normal_figure_5c":268.75,"data_generator_V1_normal_figure_5c":-63.5079},{"data_generator_T_normal_figure_5c":270.0,"data_generator_V1_normal_figure_5c":-62.808926},{"data_generator_T_normal_figure_5c":271.25,"data_generator_V1_normal_figure_5c":-62.113041},{"data_generator_T_normal_figure_5c":272.5,"data_generator_V1_normal_figure_5c":-61.422756},{"data_generator_T_normal_figure_5c":273.75,"data_generator_V1_normal_figure_5c":-60.740322},{"data_generator_T_normal_figure_5c":275.0,"data_generator_V1_normal_figure_5c":-60.067684},{"data_generator_T_normal_figure_5c":276.25,"data_generator_V1_normal_figure_5c":-59.406452},{"data_generator_T_normal_figure_5c":277.5,"data_generator_V1_normal_figure_5c":-58.757858},{"data_generator_T_normal_figure_5c":278.75,"data_generator_V1_normal_figure_5c":-58.122704},{"data_generator_T_normal_figure_5c":280.0,"data_generator_V1_normal_figure_5c":-57.501316},{"data_generator_T_normal_figure_5c":281.25,"data_generator_V1_normal_figure_5c":-56.893482},{"data_generator_T_normal_figure_5c":282.5,"data_generator_V1_normal_figure_5c":-56.298386},{"data_generator_T_normal_figure_5c":283.75,"data_generator_V1_normal_figure_5c":-55.7145},{"data_generator_T_normal_figure_5c":285.0,"data_generator_V1_normal_figure_5c":-55.139458},{"data_generator_T_normal_figure_5c":286.25,"data_generator_V1_normal_figure_5c":-54.569817},{"data_generator_T_normal_figure_5c":287.5,"data_generator_V1_normal_figure_5c":-54.00069},{"data_generator_T_normal_figure_5c":288.75,"data_generator_V1_normal_figure_5c":-53.425098},{"data_generator_T_normal_figure_5c":290.0,"data_generator_V1_normal_figure_5c":-52.832783},{"data_generator_T_normal_figure_5c":291.25,"data_generator_V1_normal_figure_5c":-52.207832},{"data_generator_T_normal_figure_5c":292.5,"data_generator_V1_normal_figure_5c":-51.523457},{"data_generator_T_normal_figure_5c":293.75,"data_generator_V1_normal_figure_5c":-50.728676},{"data_generator_T_normal_figure_5c":295.0,"data_generator_V1_normal_figure_5c":-49.705711},{"data_generator_T_normal_figure_5c":296.25,"data_generator_V1_normal_figure_5c":-48.066959},{"data_generator_T_normal_figure_5c":297.5,"data_generator_V1_normal_figure_5c":-42.240528},{"data_generator_T_normal_figure_5c":298.75,"data_generator_V1_normal_figure_5c":18.049389},{"data_generator_T_normal_figure_5c":300.0,"data_generator_V1_normal_figure_5c":-49.450768},{"data_generator_T_normal_figure_5c":301.25,"data_generator_V1_normal_figure_5c":-63.42886},{"data_generator_T_normal_figure_5c":302.5,"data_generator_V1_normal_figure_5c":-62.776722},{"data_generator_T_normal_figure_5c":303.75,"data_generator_V1_normal_figure_5c":-62.037056},{"data_generator_T_normal_figure_5c":305.0,"data_generator_V1_normal_figure_5c":-61.299236},{"data_generator_T_normal_figure_5c":306.25,"data_generator_V1_normal_figure_5c":-60.564102},{"data_generator_T_normal_figure_5c":307.5,"data_generator_V1_normal_figure_5c":-59.835438},{"data_generator_T_normal_figure_5c":308.75,"data_generator_V1_normal_figure_5c":-59.115711},{"data_generator_T_normal_figure_5c":310.0,"data_generator_V1_normal_figure_5c":-64.777061},{"data_generator_T_normal_figure_5c":311.25,"data_generator_V1_normal_figure_5c":-66.237747},{"data_generator_T_normal_figure_5c":312.5,"data_generator_V1_normal_figure_5c":-65.653641},{"data_generator_T_normal_figure_5c":313.75,"data_generator_V1_normal_figure_5c":-65.049934},{"data_generator_T_normal_figure_5c":315.0,"data_generator_V1_normal_figure_5c":-64.450386},{"data_generator_T_normal_figure_5c":316.25,"data_generator_V1_normal_figure_5c":-63.856621},{"data_generator_T_normal_figure_5c":317.5,"data_generator_V1_normal_figure_5c":-63.269974},{"data_generator_T_normal_figure_5c":318.75,"data_generator_V1_normal_figure_5c":-62.691593},{"data_generator_T_normal_figure_5c":320.0,"data_generator_V1_normal_figure_5c":-62.122444},{"data_generator_T_normal_figure_5c":321.25,"data_generator_V1_normal_figure_5c":-61.563297},{"data_generator_T_normal_figure_5c":322.5,"data_generator_V1_normal_figure_5c":-61.014786},{"data_generator_T_normal_figure_5c":323.75,"data_generator_V1_normal_figure_5c":-63.945419},{"data_generator_T_normal_figure_5c":325.0,"data_generator_V1_normal_figure_5c":-64.473412},{"data_generator_T_normal_figure_5c":326.25,"data_generator_V1_normal_figure_5c":-63.9356},{"data_generator_T_normal_figure_5c":327.5,"data_generator_V1_normal_figure_5c":-63.38588},{"data_generator_T_normal_figure_5c":328.75,"data_generator_V1_normal_figure_5c":-62.844597},{"data_generator_T_normal_figure_5c":330.0,"data_generator_V1_normal_figure_5c":-62.312538},{"data_generator_T_normal_figure_5c":331.25,"data_generator_V1_normal_figure_5c":-61.790016},{"data_generator_T_normal_figure_5c":332.5,"data_generator_V1_normal_figure_5c":-61.277203},{"data_generator_T_normal_figure_5c":333.75,"data_generator_V1_normal_figure_5c":-66.960793},{"data_generator_T_normal_figure_5c":335.0,"data_generator_V1_normal_figure_5c":-68.960243},{"data_generator_T_normal_figure_5c":336.25,"data_generator_V1_normal_figure_5c":-68.409706},{"data_generator_T_normal_figure_5c":337.5,"data_generator_V1_normal_figure_5c":-67.816757},{"data_generator_T_normal_figure_5c":338.75,"data_generator_V1_normal_figure_5c":-67.224541},{"data_generator_T_normal_figure_5c":340.0,"data_generator_V1_normal_figure_5c":-66.633972},{"data_generator_T_normal_figure_5c":341.25,"data_generator_V1_normal_figure_5c":-66.046196},{"data_generator_T_normal_figure_5c":342.5,"data_generator_V1_normal_figure_5c":-65.462845},{"data_generator_T_normal_figure_5c":343.75,"data_generator_V1_normal_figure_5c":-64.885788},{"data_generator_T_normal_figure_5c":345.0,"data_generator_V1_normal_figure_5c":-64.316841},{"data_generator_T_normal_figure_5c":346.25,"data_generator_V1_normal_figure_5c":-63.757671},{"data_generator_T_normal_figure_5c":347.5,"data_generator_V1_normal_figure_5c":-66.665535},{"data_generator_T_normal_figure_5c":348.75,"data_generator_V1_normal_figure_5c":-66.619354},{"data_generator_T_normal_figure_5c":350.0,"data_generator_V1_normal_figure_5c":-70.298958},{"data_generator_T_normal_figure_5c":351.25,"data_generator_V1_normal_figure_5c":-70.22506},{"data_generator_T_normal_figure_5c":352.5,"data_generator_V1_normal_figure_5c":-69.587189},{"data_generator_T_normal_figure_5c":353.75,"data_generator_V1_normal_figure_5c":-68.933014},{"data_generator_T_normal_figure_5c":355.0,"data_generator_V1_normal_figure_5c":-68.270676},{"data_generator_T_normal_figure_5c":356.25,"data_generator_V1_normal_figure_5c":-67.592865},{"data_generator_T_normal_figure_5c":357.5,"data_generator_V1_normal_figure_5c":-66.904205},{"data_generator_T_normal_figure_5c":358.75,"data_generator_V1_normal_figure_5c":-66.210136},{"data_generator_T_normal_figure_5c":360.0,"data_generator_V1_normal_figure_5c":-65.513931},{"data_generator_T_normal_figure_5c":361.25,"data_generator_V1_normal_figure_5c":-64.818108},{"data_generator_T_normal_figure_5c":362.5,"data_generator_V1_normal_figure_5c":-66.90744},{"data_generator_T_normal_figure_5c":363.75,"data_generator_V1_normal_figure_5c":-67.475731},{"data_generator_T_normal_figure_5c":365.0,"data_generator_V1_normal_figure_5c":-66.796165},{"data_generator_T_normal_figure_5c":366.25,"data_generator_V1_normal_figure_5c":-66.073471},{"data_generator_T_normal_figure_5c":367.5,"data_generator_V1_normal_figure_5c":-65.344406},{"data_generator_T_normal_figure_5c":368.75,"data_generator_V1_normal_figure_5c":-64.614899},{"data_generator_T_normal_figure_5c":370.0,"data_generator_V1_normal_figure_5c":-63.890968},{"data_generator_T_normal_figure_5c":371.25,"data_generator_V1_normal_figure_5c":-63.178925},{"data_generator_T_normal_figure_5c":372.5,"data_generator_V1_normal_figure_5c":-62.484985},{"data_generator_T_normal_figure_5c":373.75,"data_generator_V1_normal_figure_5c":-67.696854},{"data_generator_T_normal_figure_5c":375.0,"data_generator_V1_normal_figure_5c":-68.035019},{"data_generator_T_normal_figure_5c":376.25,"data_generator_V1_normal_figure_5c":-67.334091},{"data_generator_T_normal_figure_5c":377.5,"data_generator_V1_normal_figure_5c":-66.599731},{"data_generator_T_normal_figure_5c":378.75,"data_generator_V1_normal_figure_5c":-65.852806},{"data_generator_T_normal_figure_5c":380.0,"data_generator_V1_normal_figure_5c":-65.097549},{"data_generator_T_normal_figure_5c":381.25,"data_generator_V1_normal_figure_5c":-64.339157},{"data_generator_T_normal_figure_5c":382.5,"data_generator_V1_normal_figure_5c":-63.5839},{"data_generator_T_normal_figure_5c":383.75,"data_generator_V1_normal_figure_5c":-62.840759},{"data_generator_T_normal_figure_5c":385.0,"data_generator_V1_normal_figure_5c":-65.936691},{"data_generator_T_normal_figure_5c":386.25,"data_generator_V1_normal_figure_5c":-65.926903},{"data_generator_T_normal_figure_5c":387.5,"data_generator_V1_normal_figure_5c":-65.208229},{"data_generator_T_normal_figure_5c":388.75,"data_generator_V1_normal_figure_5c":-67.045677},{"data_generator_T_normal_figure_5c":390.0,"data_generator_V1_normal_figure_5c":-69.688217},{"data_generator_T_normal_figure_5c":391.25,"data_generator_V1_normal_figure_5c":-69.108101},{"data_generator_T_normal_figure_5c":392.5,"data_generator_V1_normal_figure_5c":-68.381775},{"data_generator_T_normal_figure_5c":393.75,"data_generator_V1_normal_figure_5c":-67.632027},{"data_generator_T_normal_figure_5c":395.0,"data_generator_V1_normal_figure_5c":-66.858696},{"data_generator_T_normal_figure_5c":396.25,"data_generator_V1_normal_figure_5c":-66.900475},{"data_generator_T_normal_figure_5c":397.5,"data_generator_V1_normal_figure_5c":-67.888916},{"data_generator_T_normal_figure_5c":398.75,"data_generator_V1_normal_figure_5c":-67.207275},{"data_generator_T_normal_figure_5c":400.0,"data_generator_V1_normal_figure_5c":-66.405487},{"data_generator_T_normal_figure_5c":401.25,"data_generator_V1_normal_figure_5c":-65.569328},{"data_generator_T_normal_figure_5c":402.5,"data_generator_V1_normal_figure_5c":-64.698692},{"data_generator_T_normal_figure_5c":403.75,"data_generator_V1_normal_figure_5c":-63.792191},{"data_generator_T_normal_figure_5c":405.0,"data_generator_V1_normal_figure_5c":-67.377991},{"data_generator_T_normal_figure_5c":406.25,"data_generator_V1_normal_figure_5c":-68.465904},{"data_generator_T_normal_figure_5c":407.5,"data_generator_V1_normal_figure_5c":-67.752106},{"data_generator_T_normal_figure_5c":408.75,"data_generator_V1_normal_figure_5c":-66.957771},{"data_generator_T_normal_figure_5c":410.0,"data_generator_V1_normal_figure_5c":-66.127754},{"data_generator_T_normal_figure_5c":411.25,"data_generator_V1_normal_figure_5c":-65.258003},{"data_generator_T_normal_figure_5c":412.5,"data_generator_V1_normal_figure_5c":-64.343132},{"data_generator_T_normal_figure_5c":413.75,"data_generator_V1_normal_figure_5c":-63.37775},{"data_generator_T_normal_figure_5c":415.0,"data_generator_V1_normal_figure_5c":-63.243553},{"data_generator_T_normal_figure_5c":416.25,"data_generator_V1_normal_figure_5c":-66.18177},{"data_generator_T_normal_figure_5c":417.5,"data_generator_V1_normal_figure_5c":-65.744858},{"data_generator_T_normal_figure_5c":418.75,"data_generator_V1_normal_figure_5c":-64.903763},{"data_generator_T_normal_figure_5c":420.0,"data_generator_V1_normal_figure_5c":-64.012871},{"data_generator_T_normal_figure_5c":421.25,"data_generator_V1_normal_figure_5c":-63.087978},{"data_generator_T_normal_figure_5c":422.5,"data_generator_V1_normal_figure_5c":-62.132725},{"data_generator_T_normal_figure_5c":423.75,"data_generator_V1_normal_figure_5c":-61.153313},{"data_generator_T_normal_figure_5c":425.0,"data_generator_V1_normal_figure_5c":-60.160278},{"data_generator_T_normal_figure_5c":426.25,"data_generator_V1_normal_figure_5c":-59.169098},{"data_generator_T_normal_figure_5c":427.5,"data_generator_V1_normal_figure_5c":-58.199371},{"data_generator_T_normal_figure_5c":428.75,"data_generator_V1_normal_figure_5c":-57.272022},{"data_generator_T_normal_figure_5c":430.0,"data_generator_V1_normal_figure_5c":-56.404964},{"data_generator_T_normal_figure_5c":431.25,"data_generator_V1_normal_figure_5c":-55.608715},{"data_generator_T_normal_figure_5c":432.5,"data_generator_V1_normal_figure_5c":-54.883739},{"data_generator_T_normal_figure_5c":433.75,"data_generator_V1_normal_figure_5c":-54.220169},{"data_generator_T_normal_figure_5c":435.0,"data_generator_V1_normal_figure_5c":-53.598782},{"data_generator_T_normal_figure_5c":436.25,"data_generator_V1_normal_figure_5c":-52.99136},{"data_generator_T_normal_figure_5c":437.5,"data_generator_V1_normal_figure_5c":-52.357437},{"data_generator_T_normal_figure_5c":438.75,"data_generator_V1_normal_figure_5c":-51.630848},{"data_generator_T_normal_figure_5c":440.0,"data_generator_V1_normal_figure_5c":-50.670113},{"data_generator_T_normal_figure_5c":441.25,"data_generator_V1_normal_figure_5c":-49.000874},{"data_generator_T_normal_figure_5c":442.5,"data_generator_V1_normal_figure_5c":-40.734406},{"data_generator_T_normal_figure_5c":443.75,"data_generator_V1_normal_figure_5c":23.548847},{"data_generator_T_normal_figure_5c":445.0,"data_generator_V1_normal_figure_5c":-25.43741},{"data_generator_T_normal_figure_5c":446.25,"data_generator_V1_normal_figure_5c":-63.802921},{"data_generator_T_normal_figure_5c":447.5,"data_generator_V1_normal_figure_5c":-63.713688},{"data_generator_T_normal_figure_5c":448.75,"data_generator_V1_normal_figure_5c":-62.999664},{"data_generator_T_normal_figure_5c":450.0,"data_generator_V1_normal_figure_5c":-62.286175},{"data_generator_T_normal_figure_5c":451.25,"data_generator_V1_normal_figure_5c":-61.583115},{"data_generator_T_normal_figure_5c":452.5,"data_generator_V1_normal_figure_5c":-60.893417},{"data_generator_T_normal_figure_5c":453.75,"data_generator_V1_normal_figure_5c":-60.219315},{"data_generator_T_normal_figure_5c":455.0,"data_generator_V1_normal_figure_5c":-59.564465},{"data_generator_T_normal_figure_5c":456.25,"data_generator_V1_normal_figure_5c":-58.925888},{"data_generator_T_normal_figure_5c":457.5,"data_generator_V1_normal_figure_5c":-58.306099},{"data_generator_T_normal_figure_5c":458.75,"data_generator_V1_normal_figure_5c":-57.70631},{"data_generator_T_normal_figure_5c":460.0,"data_generator_V1_normal_figure_5c":-57.123493},{"data_generator_T_normal_figure_5c":461.25,"data_generator_V1_normal_figure_5c":-56.557724},{"data_generator_T_normal_figure_5c":462.5,"data_generator_V1_normal_figure_5c":-56.007374},{"data_generator_T_normal_figure_5c":463.75,"data_generator_V1_normal_figure_5c":-55.470173},{"data_generator_T_normal_figure_5c":465.0,"data_generator_V1_normal_figure_5c":-54.943165},{"data_generator_T_normal_figure_5c":466.25,"data_generator_V1_normal_figure_5c":-54.422543},{"data_generator_T_normal_figure_5c":467.5,"data_generator_V1_normal_figure_5c":-53.903343},{"data_generator_T_normal_figure_5c":468.75,"data_generator_V1_normal_figure_5c":-53.378963},{"data_generator_T_normal_figure_5c":470.0,"data_generator_V1_normal_figure_5c":-52.840206},{"data_generator_T_normal_figure_5c":471.25,"data_generator_V1_normal_figure_5c":-52.27351},{"data_generator_T_normal_figure_5c":472.5,"data_generator_V1_normal_figure_5c":-51.65715},{"data_generator_T_normal_figure_5c":473.75,"data_generator_V1_normal_figure_5c":-50.952229},{"data_generator_T_normal_figure_5c":475.0,"data_generator_V1_normal_figure_5c":-50.076603},{"data_generator_T_normal_figure_5c":476.25,"data_generator_V1_normal_figure_5c":-48.802143},{"data_generator_T_normal_figure_5c":477.5,"data_generator_V1_normal_figure_5c":-45.969154},{"data_generator_T_normal_figure_5c":478.75,"data_generator_V1_normal_figure_5c":29.803825},{"data_generator_T_normal_figure_5c":480.0,"data_generator_V1_normal_figure_5c":-13.571349},{"data_generator_T_normal_figure_5c":481.25,"data_generator_V1_normal_figure_5c":-62.953663},{"data_generator_T_normal_figure_5c":482.5,"data_generator_V1_normal_figure_5c":-63.018867},{"data_generator_T_normal_figure_5c":483.75,"data_generator_V1_normal_figure_5c":-62.287434},{"data_generator_T_normal_figure_5c":485.0,"data_generator_V1_normal_figure_5c":-61.551624},{"data_generator_T_normal_figure_5c":486.25,"data_generator_V1_normal_figure_5c":-60.819691},{"data_generator_T_normal_figure_5c":487.5,"data_generator_V1_normal_figure_5c":-60.094307},{"data_generator_T_normal_figure_5c":488.75,"data_generator_V1_normal_figure_5c":-59.377808},{"data_generator_T_normal_figure_5c":490.0,"data_generator_V1_normal_figure_5c":-58.672127},{"data_generator_T_normal_figure_5c":491.25,"data_generator_V1_normal_figure_5c":-57.978741},{"data_generator_T_normal_figure_5c":492.5,"data_generator_V1_normal_figure_5c":-57.298523},{"data_generator_T_normal_figure_5c":493.75,"data_generator_V1_normal_figure_5c":-56.631668},{"data_generator_T_normal_figure_5c":495.0,"data_generator_V1_normal_figure_5c":-55.977531},{"data_generator_T_normal_figure_5c":496.25,"data_generator_V1_normal_figure_5c":-55.33445},{"data_generator_T_normal_figure_5c":497.5,"data_generator_V1_normal_figure_5c":-54.699474},{"data_generator_T_normal_figure_5c":498.75,"data_generator_V1_normal_figure_5c":-54.06794},{"data_generator_T_normal_figure_5c":500.0,"data_generator_V1_normal_figure_5c":-53.432709},{"data_generator_T_normal_figure_5c":501.25,"data_generator_V1_normal_figure_5c":-52.782837},{"data_generator_T_normal_figure_5c":502.5,"data_generator_V1_normal_figure_5c":-52.100815},{"data_generator_T_normal_figure_5c":503.75,"data_generator_V1_normal_figure_5c":-56.949947},{"data_generator_T_normal_figure_5c":505.0,"data_generator_V1_normal_figure_5c":-64.072777},{"data_generator_T_normal_figure_5c":506.25,"data_generator_V1_normal_figure_5c":-63.771248},{"data_generator_T_normal_figure_5c":507.5,"data_generator_V1_normal_figure_5c":-63.230682},{"data_generator_T_normal_figure_5c":508.75,"data_generator_V1_normal_figure_5c":-62.691853},{"data_generator_T_normal_figure_5c":510.0,"data_generator_V1_normal_figure_5c":-62.161209},{"data_generator_T_normal_figure_5c":511.25,"data_generator_V1_normal_figure_5c":-61.639317},{"data_generator_T_normal_figure_5c":512.5,"data_generator_V1_normal_figure_5c":-61.126244},{"data_generator_T_normal_figure_5c":513.75,"data_generator_V1_normal_figure_5c":-60.621933},{"data_generator_T_normal_figure_5c":515.0,"data_generator_V1_normal_figure_5c":-60.126217},{"data_generator_T_normal_figure_5c":516.25,"data_generator_V1_normal_figure_5c":-59.638832},{"data_generator_T_normal_figure_5c":517.5,"data_generator_V1_normal_figure_5c":-60.918629},{"data_generator_T_normal_figure_5c":518.75,"data_generator_V1_normal_figure_5c":-63.724731},{"data_generator_T_normal_figure_5c":520.0,"data_generator_V1_normal_figure_5c":-68.005592},{"data_generator_T_normal_figure_5c":521.25,"data_generator_V1_normal_figure_5c":-70.456734},{"data_generator_T_normal_figure_5c":522.5,"data_generator_V1_normal_figure_5c":-69.910637},{"data_generator_T_normal_figure_5c":523.75,"data_generator_V1_normal_figure_5c":-69.308571},{"data_generator_T_normal_figure_5c":525.0,"data_generator_V1_normal_figure_5c":-68.706207},{"data_generator_T_normal_figure_5c":526.25,"data_generator_V1_normal_figure_5c":-68.103149},{"data_generator_T_normal_figure_5c":527.5,"data_generator_V1_normal_figure_5c":-67.499016},{"data_generator_T_normal_figure_5c":528.75,"data_generator_V1_normal_figure_5c":-66.894196},{"data_generator_T_normal_figure_5c":530.0,"data_generator_V1_normal_figure_5c":-66.289955},{"data_generator_T_normal_figure_5c":531.25,"data_generator_V1_normal_figure_5c":-65.688354},{"data_generator_T_normal_figure_5c":532.5,"data_generator_V1_normal_figure_5c":-67.766914},{"data_generator_T_normal_figure_5c":533.75,"data_generator_V1_normal_figure_5c":-68.268562},{"data_generator_T_normal_figure_5c":535.0,"data_generator_V1_normal_figure_5c":-67.652878},{"data_generator_T_normal_figure_5c":536.25,"data_generator_V1_normal_figure_5c":-67.009102},{"data_generator_T_normal_figure_5c":537.5,"data_generator_V1_normal_figure_5c":-66.361504},{"data_generator_T_normal_figure_5c":538.75,"data_generator_V1_normal_figure_5c":-65.713837},{"data_generator_T_normal_figure_5c":540.0,"data_generator_V1_normal_figure_5c":-65.070236},{"data_generator_T_normal_figure_5c":541.25,"data_generator_V1_normal_figure_5c":-65.629951},{"data_generator_T_normal_figure_5c":542.5,"data_generator_V1_normal_figure_5c":-66.742195},{"data_generator_T_normal_figure_5c":543.75,"data_generator_V1_normal_figure_5c":-68.449127},{"data_generator_T_normal_figure_5c":545.0,"data_generator_V1_normal_figure_5c":-70.347855},{"data_generator_T_normal_figure_5c":546.25,"data_generator_V1_normal_figure_5c":-69.74955},{"data_generator_T_normal_figure_5c":547.5,"data_generator_V1_normal_figure_5c":-69.060234},{"data_generator_T_normal_figure_5c":548.75,"data_generator_V1_normal_figure_5c":-68.352882},{"data_generator_T_normal_figure_5c":550.0,"data_generator_V1_normal_figure_5c":-67.627556},{"data_generator_T_normal_figure_5c":551.25,"data_generator_V1_normal_figure_5c":-66.884415},{"data_generator_T_normal_figure_5c":552.5,"data_generator_V1_normal_figure_5c":-66.124672},{"data_generator_T_normal_figure_5c":553.75,"data_generator_V1_normal_figure_5c":-65.350838},{"data_generator_T_normal_figure_5c":555.0,"data_generator_V1_normal_figure_5c":-64.573425},{"data_generator_T_normal_figure_5c":556.25,"data_generator_V1_normal_figure_5c":-63.788857},{"data_generator_T_normal_figure_5c":557.5,"data_generator_V1_normal_figure_5c":-67.034576},{"data_generator_T_normal_figure_5c":558.75,"data_generator_V1_normal_figure_5c":-66.97963},{"data_generator_T_normal_figure_5c":560.0,"data_generator_V1_normal_figure_5c":-66.23217},{"data_generator_T_normal_figure_5c":561.25,"data_generator_V1_normal_figure_5c":-65.451004},{"data_generator_T_normal_figure_5c":562.5,"data_generator_V1_normal_figure_5c":-64.656021},{"data_generator_T_normal_figure_5c":563.75,"data_generator_V1_normal_figure_5c":-63.852562},{"data_generator_T_normal_figure_5c":565.0,"data_generator_V1_normal_figure_5c":-63.047134},{"data_generator_T_normal_figure_5c":566.25,"data_generator_V1_normal_figure_5c":-62.2477},{"data_generator_T_normal_figure_5c":567.5,"data_generator_V1_normal_figure_5c":-61.463272},{"data_generator_T_normal_figure_5c":568.75,"data_generator_V1_normal_figure_5c":-60.703205},{"data_generator_T_normal_figure_5c":570.0,"data_generator_V1_normal_figure_5c":-59.976128},{"data_generator_T_normal_figure_5c":571.25,"data_generator_V1_normal_figure_5c":-59.288788},{"data_generator_T_normal_figure_5c":572.5,"data_generator_V1_normal_figure_5c":-64.496567},{"data_generator_T_normal_figure_5c":573.75,"data_generator_V1_normal_figure_5c":-67.282486},{"data_generator_T_normal_figure_5c":575.0,"data_generator_V1_normal_figure_5c":-66.68206},{"data_generator_T_normal_figure_5c":576.25,"data_generator_V1_normal_figure_5c":-65.9589},{"data_generator_T_normal_figure_5c":577.5,"data_generator_V1_normal_figure_5c":-65.227715},{"data_generator_T_normal_figure_5c":578.75,"data_generator_V1_normal_figure_5c":-64.496239},{"data_generator_T_normal_figure_5c":580.0,"data_generator_V1_normal_figure_5c":-63.770283},{"data_generator_T_normal_figure_5c":581.25,"data_generator_V1_normal_figure_5c":-63.05579},{"data_generator_T_normal_figure_5c":582.5,"data_generator_V1_normal_figure_5c":-62.358353},{"data_generator_T_normal_figure_5c":583.75,"data_generator_V1_normal_figure_5c":-61.682804},{"data_generator_T_normal_figure_5c":585.0,"data_generator_V1_normal_figure_5c":-61.03281},{"data_generator_T_normal_figure_5c":586.25,"data_generator_V1_normal_figure_5c":-60.410622},{"data_generator_T_normal_figure_5c":587.5,"data_generator_V1_normal_figure_5c":-59.816956},{"data_generator_T_normal_figure_5c":588.75,"data_generator_V1_normal_figure_5c":-59.251064},{"data_generator_T_normal_figure_5c":590.0,"data_generator_V1_normal_figure_5c":-58.710953},{"data_generator_T_normal_figure_5c":591.25,"data_generator_V1_normal_figure_5c":-58.193661},{"data_generator_T_normal_figure_5c":592.5,"data_generator_V1_normal_figure_5c":-57.695545},{"data_generator_T_normal_figure_5c":593.75,"data_generator_V1_normal_figure_5c":-57.212513},{"data_generator_T_normal_figure_5c":595.0,"data_generator_V1_normal_figure_5c":-56.740185},{"data_generator_T_normal_figure_5c":596.25,"data_generator_V1_normal_figure_5c":-56.273918},{"data_generator_T_normal_figure_5c":597.5,"data_generator_V1_normal_figure_5c":-55.808743},{"data_generator_T_normal_figure_5c":598.75,"data_generator_V1_normal_figure_5c":-55.339134},{"data_generator_T_normal_figure_5c":600.0,"data_generator_V1_normal_figure_5c":-54.858612},{"data_generator_T_normal_figure_5c":601.25,"data_generator_V1_normal_figure_5c":-54.358978},{"data_generator_T_normal_figure_5c":602.5,"data_generator_V1_normal_figure_5c":-53.828976},{"data_generator_T_normal_figure_5c":603.75,"data_generator_V1_normal_figure_5c":-53.251568},{"data_generator_T_normal_figure_5c":605.0,"data_generator_V1_normal_figure_5c":-52.592693},{"data_generator_T_normal_figure_5c":606.25,"data_generator_V1_normal_figure_5c":-51.810268},{"data_generator_T_normal_figure_5c":607.5,"data_generator_V1_normal_figure_5c":-50.753906},{"data_generator_T_normal_figure_5c":608.75,"data_generator_V1_normal_figure_5c":-48.917145},{"data_generator_T_normal_figure_5c":610.0,"data_generator_V1_normal_figure_5c":-24.001436},{"data_generator_T_normal_figure_5c":611.25,"data_generator_V1_normal_figure_5c":18.86903},{"data_generator_T_normal_figure_5c":612.5,"data_generator_V1_normal_figure_5c":-43.038902},{"data_generator_T_normal_figure_5c":613.75,"data_generator_V1_normal_figure_5c":-63.873974},{"data_generator_T_normal_figure_5c":615.0,"data_generator_V1_normal_figure_5c":-63.331093},{"data_generator_T_normal_figure_5c":616.25,"data_generator_V1_normal_figure_5c":-62.626152},{"data_generator_T_normal_figure_5c":617.5,"data_generator_V1_normal_figure_5c":-61.924229},{"data_generator_T_normal_figure_5c":618.75,"data_generator_V1_normal_figure_5c":-61.229324},{"data_generator_T_normal_figure_5c":620.0,"data_generator_V1_normal_figure_5c":-60.543766},{"data_generator_T_normal_figure_5c":621.25,"data_generator_V1_normal_figure_5c":-59.869526},{"data_generator_T_normal_figure_5c":622.5,"data_generator_V1_normal_figure_5c":-59.208195},{"data_generator_T_normal_figure_5c":623.75,"data_generator_V1_normal_figure_5c":-58.560947},{"data_generator_T_normal_figure_5c":625.0,"data_generator_V1_normal_figure_5c":-57.928493},{"data_generator_T_normal_figure_5c":626.25,"data_generator_V1_normal_figure_5c":-57.311039},{"data_generator_T_normal_figure_5c":627.5,"data_generator_V1_normal_figure_5c":-56.708229},{"data_generator_T_normal_figure_5c":628.75,"data_generator_V1_normal_figure_5c":-56.119076},{"data_generator_T_normal_figure_5c":630.0,"data_generator_V1_normal_figure_5c":-55.541866},{"data_generator_T_normal_figure_5c":631.25,"data_generator_V1_normal_figure_5c":-54.974018},{"data_generator_T_normal_figure_5c":632.5,"data_generator_V1_normal_figure_5c":-54.411846},{"data_generator_T_normal_figure_5c":633.75,"data_generator_V1_normal_figure_5c":-53.850178},{"data_generator_T_normal_figure_5c":635.0,"data_generator_V1_normal_figure_5c":-53.281719},{"data_generator_T_normal_figure_5c":636.25,"data_generator_V1_normal_figure_5c":-52.69577},{"data_generator_T_normal_figure_5c":637.5,"data_generator_V1_normal_figure_5c":-52.075764},{"data_generator_T_normal_figure_5c":638.75,"data_generator_V1_normal_figure_5c":-51.393669},{"data_generator_T_normal_figure_5c":640.0,"data_generator_V1_normal_figure_5c":-50.595676},{"data_generator_T_normal_figure_5c":641.25,"data_generator_V1_normal_figure_5c":-49.555344},{"data_generator_T_normal_figure_5c":642.5,"data_generator_V1_normal_figure_5c":-47.840954},{"data_generator_T_normal_figure_5c":643.75,"data_generator_V1_normal_figure_5c":-40.687824},{"data_generator_T_normal_figure_5c":645.0,"data_generator_V1_normal_figure_5c":14.838231},{"data_generator_T_normal_figure_5c":646.25,"data_generator_V1_normal_figure_5c":-64.510895},{"data_generator_T_normal_figure_5c":647.5,"data_generator_V1_normal_figure_5c":-68.772163},{"data_generator_T_normal_figure_5c":648.75,"data_generator_V1_normal_figure_5c":-68.169594},{"data_generator_T_normal_figure_5c":650.0,"data_generator_V1_normal_figure_5c":-67.545555},{"data_generator_T_normal_figure_5c":651.25,"data_generator_V1_normal_figure_5c":-66.913895},{"data_generator_T_normal_figure_5c":652.5,"data_generator_V1_normal_figure_5c":-66.276344},{"data_generator_T_normal_figure_5c":653.75,"data_generator_V1_normal_figure_5c":-65.635094},{"data_generator_T_normal_figure_5c":655.0,"data_generator_V1_normal_figure_5c":-64.995018},{"data_generator_T_normal_figure_5c":656.25,"data_generator_V1_normal_figure_5c":-64.35688},{"data_generator_T_normal_figure_5c":657.5,"data_generator_V1_normal_figure_5c":-63.720798},{"data_generator_T_normal_figure_5c":658.75,"data_generator_V1_normal_figure_5c":-63.091072},{"data_generator_T_normal_figure_5c":660.0,"data_generator_V1_normal_figure_5c":-65.629204},{"data_generator_T_normal_figure_5c":661.25,"data_generator_V1_normal_figure_5c":-65.79113},{"data_generator_T_normal_figure_5c":662.5,"data_generator_V1_normal_figure_5c":-65.188629},{"data_generator_T_normal_figure_5c":663.75,"data_generator_V1_normal_figure_5c":-64.581009},{"data_generator_T_normal_figure_5c":665.0,"data_generator_V1_normal_figure_5c":-63.980045},{"data_generator_T_normal_figure_5c":666.25,"data_generator_V1_normal_figure_5c":-63.387836},{"data_generator_T_normal_figure_5c":667.5,"data_generator_V1_normal_figure_5c":-62.805965},{"data_generator_T_normal_figure_5c":668.75,"data_generator_V1_normal_figure_5c":-62.235577},{"data_generator_T_normal_figure_5c":670.0,"data_generator_V1_normal_figure_5c":-61.677437},{"data_generator_T_normal_figure_5c":671.25,"data_generator_V1_normal_figure_5c":-61.131973},{"data_generator_T_normal_figure_5c":672.5,"data_generator_V1_normal_figure_5c":-60.599449},{"data_generator_T_normal_figure_5c":673.75,"data_generator_V1_normal_figure_5c":-63.89579},{"data_generator_T_normal_figure_5c":675.0,"data_generator_V1_normal_figure_5c":-64.066315},{"data_generator_T_normal_figure_5c":676.25,"data_generator_V1_normal_figure_5c":-63.521542},{"data_generator_T_normal_figure_5c":677.5,"data_generator_V1_normal_figure_5c":-62.973297},{"data_generator_T_normal_figure_5c":678.75,"data_generator_V1_normal_figure_5c":-62.435478},{"data_generator_T_normal_figure_5c":680.0,"data_generator_V1_normal_figure_5c":-61.908699},{"data_generator_T_normal_figure_5c":681.25,"data_generator_V1_normal_figure_5c":-61.393066},{"data_generator_T_normal_figure_5c":682.5,"data_generator_V1_normal_figure_5c":-60.888481},{"data_generator_T_normal_figure_5c":683.75,"data_generator_V1_normal_figure_5c":-60.394703},{"data_generator_T_normal_figure_5c":685.0,"data_generator_V1_normal_figure_5c":-59.911392},{"data_generator_T_normal_figure_5c":686.25,"data_generator_V1_normal_figure_5c":-61.715641},{"data_generator_T_normal_figure_5c":687.5,"data_generator_V1_normal_figure_5c":-63.579517},{"data_generator_T_normal_figure_5c":688.75,"data_generator_V1_normal_figure_5c":-63.1432},{"data_generator_T_normal_figure_5c":690.0,"data_generator_V1_normal_figure_5c":-62.621849},{"data_generator_T_normal_figure_5c":691.25,"data_generator_V1_normal_figure_5c":-62.108101},{"data_generator_T_normal_figure_5c":692.5,"data_generator_V1_normal_figure_5c":-61.604023},{"data_generator_T_normal_figure_5c":693.75,"data_generator_V1_normal_figure_5c":-61.109486},{"data_generator_T_normal_figure_5c":695.0,"data_generator_V1_normal_figure_5c":-60.624252},{"data_generator_T_normal_figure_5c":696.25,"data_generator_V1_normal_figure_5c":-60.147968},{"data_generator_T_normal_figure_5c":697.5,"data_generator_V1_normal_figure_5c":-59.680202},{"data_generator_T_normal_figure_5c":698.75,"data_generator_V1_normal_figure_5c":-59.257065},{"data_generator_T_normal_figure_5c":700.0,"data_generator_V1_normal_figure_5c":-63.03421},{"data_generator_T_normal_figure_5c":701.25,"data_generator_V1_normal_figure_5c":-63.117058},{"data_generator_T_normal_figure_5c":702.5,"data_generator_V1_normal_figure_5c":-62.613743},{"data_generator_T_normal_figure_5c":703.75,"data_generator_V1_normal_figure_5c":-62.105804},{"data_generator_T_normal_figure_5c":705.0,"data_generator_V1_normal_figure_5c":-61.608887},{"data_generator_T_normal_figure_5c":706.25,"data_generator_V1_normal_figure_5c":-61.120548},{"data_generator_T_normal_figure_5c":707.5,"data_generator_V1_normal_figure_5c":-60.637791},{"data_generator_T_normal_figure_5c":708.75,"data_generator_V1_normal_figure_5c":-60.162693},{"data_generator_T_normal_figure_5c":710.0,"data_generator_V1_normal_figure_5c":-59.69503},{"data_generator_T_normal_figure_5c":711.25,"data_generator_V1_normal_figure_5c":-59.234295},{"data_generator_T_normal_figure_5c":712.5,"data_generator_V1_normal_figure_5c":-60.462013},{"data_generator_T_normal_figure_5c":713.75,"data_generator_V1_normal_figure_5c":-63.179951},{"data_generator_T_normal_figure_5c":715.0,"data_generator_V1_normal_figure_5c":-62.839577},{"data_generator_T_normal_figure_5c":716.25,"data_generator_V1_normal_figure_5c":-62.331921},{"data_generator_T_normal_figure_5c":717.5,"data_generator_V1_normal_figure_5c":-61.828121},{"data_generator_T_normal_figure_5c":718.75,"data_generator_V1_normal_figure_5c":-66.340027},{"data_generator_T_normal_figure_5c":720.0,"data_generator_V1_normal_figure_5c":-69.415085},{"data_generator_T_normal_figure_5c":721.25,"data_generator_V1_normal_figure_5c":-68.891006},{"data_generator_T_normal_figure_5c":722.5,"data_generator_V1_normal_figure_5c":-68.291153},{"data_generator_T_normal_figure_5c":723.75,"data_generator_V1_normal_figure_5c":-67.690842},{"data_generator_T_normal_figure_5c":725.0,"data_generator_V1_normal_figure_5c":-67.090729},{"data_generator_T_normal_figure_5c":726.25,"data_generator_V1_normal_figure_5c":-67.396889},{"data_generator_T_normal_figure_5c":727.5,"data_generator_V1_normal_figure_5c":-69.183876},{"data_generator_T_normal_figure_5c":728.75,"data_generator_V1_normal_figure_5c":-68.675262},{"data_generator_T_normal_figure_5c":730.0,"data_generator_V1_normal_figure_5c":-68.040321},{"data_generator_T_normal_figure_5c":731.25,"data_generator_V1_normal_figure_5c":-67.397202},{"data_generator_T_normal_figure_5c":732.5,"data_generator_V1_normal_figure_5c":-66.748756},{"data_generator_T_normal_figure_5c":733.75,"data_generator_V1_normal_figure_5c":-66.097961},{"data_generator_T_normal_figure_5c":735.0,"data_generator_V1_normal_figure_5c":-65.448647},{"data_generator_T_normal_figure_5c":736.25,"data_generator_V1_normal_figure_5c":-64.805031},{"data_generator_T_normal_figure_5c":737.5,"data_generator_V1_normal_figure_5c":-64.171143},{"data_generator_T_normal_figure_5c":738.75,"data_generator_V1_normal_figure_5c":-66.1604},{"data_generator_T_normal_figure_5c":740.0,"data_generator_V1_normal_figure_5c":-66.742165},{"data_generator_T_normal_figure_5c":741.25,"data_generator_V1_normal_figure_5c":-69.899345},{"data_generator_T_normal_figure_5c":742.5,"data_generator_V1_normal_figure_5c":-70.097389},{"data_generator_T_normal_figure_5c":743.75,"data_generator_V1_normal_figure_5c":-69.42527},{"data_generator_T_normal_figure_5c":745.0,"data_generator_V1_normal_figure_5c":-68.726494},{"data_generator_T_normal_figure_5c":746.25,"data_generator_V1_normal_figure_5c":-68.009895},{"data_generator_T_normal_figure_5c":747.5,"data_generator_V1_normal_figure_5c":-67.275291},{"data_generator_T_normal_figure_5c":748.75,"data_generator_V1_normal_figure_5c":-66.523376},{"data_generator_T_normal_figure_5c":750.0,"data_generator_V1_normal_figure_5c":-65.756004},{"data_generator_T_normal_figure_5c":751.25,"data_generator_V1_normal_figure_5c":-64.976425},{"data_generator_T_normal_figure_5c":752.5,"data_generator_V1_normal_figure_5c":-64.189331},{"data_generator_T_normal_figure_5c":753.75,"data_generator_V1_normal_figure_5c":-66.566338},{"data_generator_T_normal_figure_5c":755.0,"data_generator_V1_normal_figure_5c":-67.234001},{"data_generator_T_normal_figure_5c":756.25,"data_generator_V1_normal_figure_5c":-66.519547},{"data_generator_T_normal_figure_5c":757.5,"data_generator_V1_normal_figure_5c":-65.740425},{"data_generator_T_normal_figure_5c":758.75,"data_generator_V1_normal_figure_5c":-64.944321},{"data_generator_T_normal_figure_5c":760.0,"data_generator_V1_normal_figure_5c":-64.142059},{"data_generator_T_normal_figure_5c":761.25,"data_generator_V1_normal_figure_5c":-66.887047},{"data_generator_T_normal_figure_5c":762.5,"data_generator_V1_normal_figure_5c":-68.794075},{"data_generator_T_normal_figure_5c":763.75,"data_generator_V1_normal_figure_5c":-68.142113},{"data_generator_T_normal_figure_5c":765.0,"data_generator_V1_normal_figure_5c":-67.380875},{"data_generator_T_normal_figure_5c":766.25,"data_generator_V1_normal_figure_5c":-66.592392},{"data_generator_T_normal_figure_5c":767.5,"data_generator_V1_normal_figure_5c":-65.776566},{"data_generator_T_normal_figure_5c":768.75,"data_generator_V1_normal_figure_5c":-64.932625},{"data_generator_T_normal_figure_5c":770.0,"data_generator_V1_normal_figure_5c":-64.06105},{"data_generator_T_normal_figure_5c":771.25,"data_generator_V1_normal_figure_5c":-63.164154},{"data_generator_T_normal_figure_5c":772.5,"data_generator_V1_normal_figure_5c":-62.246628},{"data_generator_T_normal_figure_5c":773.75,"data_generator_V1_normal_figure_5c":-61.316246},{"data_generator_T_normal_figure_5c":775.0,"data_generator_V1_normal_figure_5c":-60.384258},{"data_generator_T_normal_figure_5c":776.25,"data_generator_V1_normal_figure_5c":-62.264786},{"data_generator_T_normal_figure_5c":777.5,"data_generator_V1_normal_figure_5c":-65.753929},{"data_generator_T_normal_figure_5c":778.75,"data_generator_V1_normal_figure_5c":-65.274529},{"data_generator_T_normal_figure_5c":780.0,"data_generator_V1_normal_figure_5c":-64.509514},{"data_generator_T_normal_figure_5c":781.25,"data_generator_V1_normal_figure_5c":-63.731297},{"data_generator_T_normal_figure_5c":782.5,"data_generator_V1_normal_figure_5c":-62.956871},{"data_generator_T_normal_figure_5c":783.75,"data_generator_V1_normal_figure_5c":-62.193993},{"data_generator_T_normal_figure_5c":785.0,"data_generator_V1_normal_figure_5c":-61.450008},{"data_generator_T_normal_figure_5c":786.25,"data_generator_V1_normal_figure_5c":-60.731628},{"data_generator_T_normal_figure_5c":787.5,"data_generator_V1_normal_figure_5c":-60.044212},{"data_generator_T_normal_figure_5c":788.75,"data_generator_V1_normal_figure_5c":-59.391163},{"data_generator_T_normal_figure_5c":790.0,"data_generator_V1_normal_figure_5c":-58.773579},{"data_generator_T_normal_figure_5c":791.25,"data_generator_V1_normal_figure_5c":-58.190273},{"data_generator_T_normal_figure_5c":792.5,"data_generator_V1_normal_figure_5c":-57.638077},{"data_generator_T_normal_figure_5c":793.75,"data_generator_V1_normal_figure_5c":-57.112293},{"data_generator_T_normal_figure_5c":795.0,"data_generator_V1_normal_figure_5c":-56.607178},{"data_generator_T_normal_figure_5c":796.25,"data_generator_V1_normal_figure_5c":-56.116268},{"data_generator_T_normal_figure_5c":797.5,"data_generator_V1_normal_figure_5c":-55.632515},{"data_generator_T_normal_figure_5c":798.75,"data_generator_V1_normal_figure_5c":-55.14817},{"data_generator_T_normal_figure_5c":800.0,"data_generator_V1_normal_figure_5c":-54.654316},{"data_generator_T_normal_figure_5c":801.25,"data_generator_V1_normal_figure_5c":-54.139885},{"data_generator_T_normal_figure_5c":802.5,"data_generator_V1_normal_figure_5c":-53.589725},{"data_generator_T_normal_figure_5c":803.75,"data_generator_V1_normal_figure_5c":-52.9804},{"data_generator_T_normal_figure_5c":805.0,"data_generator_V1_normal_figure_5c":-52.261547},{"data_generator_T_normal_figure_5c":806.25,"data_generator_V1_normal_figure_5c":-51.363762},{"data_generator_T_normal_figure_5c":807.5,"data_generator_V1_normal_figure_5c":-50.003487},{"data_generator_T_normal_figure_5c":808.75,"data_generator_V1_normal_figure_5c":-46.211678},{"data_generator_T_normal_figure_5c":810.0,"data_generator_V1_normal_figure_5c":33.153423},{"data_generator_T_normal_figure_5c":811.25,"data_generator_V1_normal_figure_5c":-3.6055017},{"data_generator_T_normal_figure_5c":812.5,"data_generator_V1_normal_figure_5c":-62.226498},{"data_generator_T_normal_figure_5c":813.75,"data_generator_V1_normal_figure_5c":-63.763756},{"data_generator_T_normal_figure_5c":815.0,"data_generator_V1_normal_figure_5c":-63.071671},{"data_generator_T_normal_figure_5c":816.25,"data_generator_V1_normal_figure_5c":-62.365536},{"data_generator_T_normal_figure_5c":817.5,"data_generator_V1_normal_figure_5c":-61.665466},{"data_generator_T_normal_figure_5c":818.75,"data_generator_V1_normal_figure_5c":-60.974178},{"data_generator_T_normal_figure_5c":820.0,"data_generator_V1_normal_figure_5c":-60.293846},{"data_generator_T_normal_figure_5c":821.25,"data_generator_V1_normal_figure_5c":-59.626247},{"data_generator_T_normal_figure_5c":822.5,"data_generator_V1_normal_figure_5c":-58.97274},{"data_generator_T_normal_figure_5c":823.75,"data_generator_V1_normal_figure_5c":-58.334244},{"data_generator_T_normal_figure_5c":825.0,"data_generator_V1_normal_figure_5c":-57.711193},{"data_generator_T_normal_figure_5c":826.25,"data_generator_V1_normal_figure_5c":-57.103497},{"data_generator_T_normal_figure_5c":827.5,"data_generator_V1_normal_figure_5c":-56.510487},{"data_generator_T_normal_figure_5c":828.75,"data_generator_V1_normal_figure_5c":-55.930859},{"data_generator_T_normal_figure_5c":830.0,"data_generator_V1_normal_figure_5c":-55.36256},{"data_generator_T_normal_figure_5c":831.25,"data_generator_V1_normal_figure_5c":-54.802643},{"data_generator_T_normal_figure_5c":832.5,"data_generator_V1_normal_figure_5c":-54.246994},{"data_generator_T_normal_figure_5c":833.75,"data_generator_V1_normal_figure_5c":-53.689922},{"data_generator_T_normal_figure_5c":835.0,"data_generator_V1_normal_figure_5c":-53.123348},{"data_generator_T_normal_figure_5c":836.25,"data_generator_V1_normal_figure_5c":-52.535355},{"data_generator_T_normal_figure_5c":837.5,"data_generator_V1_normal_figure_5c":-51.90715},{"data_generator_T_normal_figure_5c":838.75,"data_generator_V1_normal_figure_5c":-51.206123},{"data_generator_T_normal_figure_5c":840.0,"data_generator_V1_normal_figure_5c":-50.366989},{"data_generator_T_normal_figure_5c":841.25,"data_generator_V1_normal_figure_5c":-49.22501},{"data_generator_T_normal_figure_5c":842.5,"data_generator_V1_normal_figure_5c":-47.122086},{"data_generator_T_normal_figure_5c":843.75,"data_generator_V1_normal_figure_5c":-17.695957},{"data_generator_T_normal_figure_5c":845.0,"data_generator_V1_normal_figure_5c":2.5356903},{"data_generator_T_normal_figure_5c":846.25,"data_generator_V1_normal_figure_5c":-60.945698},{"data_generator_T_normal_figure_5c":847.5,"data_generator_V1_normal_figure_5c":-63.180138},{"data_generator_T_normal_figure_5c":848.75,"data_generator_V1_normal_figure_5c":-62.458492},{"data_generator_T_normal_figure_5c":850.0,"data_generator_V1_normal_figure_5c":-66.657509},{"data_generator_T_normal_figure_5c":851.25,"data_generator_V1_normal_figure_5c":-67.821632},{"data_generator_T_normal_figure_5c":852.5,"data_generator_V1_normal_figure_5c":-67.213036},{"data_generator_T_normal_figure_5c":853.75,"data_generator_V1_normal_figure_5c":-66.58683},{"data_generator_T_normal_figure_5c":855.0,"data_generator_V1_normal_figure_5c":-65.959633},{"data_generator_T_normal_figure_5c":856.25,"data_generator_V1_normal_figure_5c":-65.329506},{"data_generator_T_normal_figure_5c":857.5,"data_generator_V1_normal_figure_5c":-64.703102},{"data_generator_T_normal_figure_5c":858.75,"data_generator_V1_normal_figure_5c":-64.078163},{"data_generator_T_normal_figure_5c":860.0,"data_generator_V1_normal_figure_5c":-63.459007},{"data_generator_T_normal_figure_5c":861.25,"data_generator_V1_normal_figure_5c":-62.847656},{"data_generator_T_normal_figure_5c":862.5,"data_generator_V1_normal_figure_5c":-62.245716},{"data_generator_T_normal_figure_5c":863.75,"data_generator_V1_normal_figure_5c":-63.960522},{"data_generator_T_normal_figure_5c":865.0,"data_generator_V1_normal_figure_5c":-65.312241},{"data_generator_T_normal_figure_5c":866.25,"data_generator_V1_normal_figure_5c":-64.770432},{"data_generator_T_normal_figure_5c":867.5,"data_generator_V1_normal_figure_5c":-69.509445},{"data_generator_T_normal_figure_5c":868.75,"data_generator_V1_normal_figure_5c":-70.735191},{"data_generator_T_normal_figure_5c":870.0,"data_generator_V1_normal_figure_5c":-70.141769},{"data_generator_T_normal_figure_5c":871.25,"data_generator_V1_normal_figure_5c":-69.518921},{"data_generator_T_normal_figure_5c":872.5,"data_generator_V1_normal_figure_5c":-68.885941},{"data_generator_T_normal_figure_5c":873.75,"data_generator_V1_normal_figure_5c":-68.242088},{"data_generator_T_normal_figure_5c":875.0,"data_generator_V1_normal_figure_5c":-67.5877},{"data_generator_T_normal_figure_5c":876.25,"data_generator_V1_normal_figure_5c":-66.924545},{"data_generator_T_normal_figure_5c":877.5,"data_generator_V1_normal_figure_5c":-66.255814},{"data_generator_T_normal_figure_5c":878.75,"data_generator_V1_normal_figure_5c":-65.585808},{"data_generator_T_normal_figure_5c":880.0,"data_generator_V1_normal_figure_5c":-64.919441},{"data_generator_T_normal_figure_5c":881.25,"data_generator_V1_normal_figure_5c":-64.261711},{"data_generator_T_normal_figure_5c":882.5,"data_generator_V1_normal_figure_5c":-63.617165},{"data_generator_T_normal_figure_5c":883.75,"data_generator_V1_normal_figure_5c":-62.98962},{"data_generator_T_normal_figure_5c":885.0,"data_generator_V1_normal_figure_5c":-62.381912},{"data_generator_T_normal_figure_5c":886.25,"data_generator_V1_normal_figure_5c":-61.795864},{"data_generator_T_normal_figure_5c":887.5,"data_generator_V1_normal_figure_5c":-61.232323},{"data_generator_T_normal_figure_5c":888.75,"data_generator_V1_normal_figure_5c":-65.161118},{"data_generator_T_normal_figure_5c":890.0,"data_generator_V1_normal_figure_5c":-66.838264},{"data_generator_T_normal_figure_5c":891.25,"data_generator_V1_normal_figure_5c":-66.248207},{"data_generator_T_normal_figure_5c":892.5,"data_generator_V1_normal_figure_5c":-65.594818},{"data_generator_T_normal_figure_5c":893.75,"data_generator_V1_normal_figure_5c":-64.945236},{"data_generator_T_normal_figure_5c":895.0,"data_generator_V1_normal_figure_5c":-64.305084},{"data_generator_T_normal_figure_5c":896.25,"data_generator_V1_normal_figure_5c":-65.202866},{"data_generator_T_normal_figure_5c":897.5,"data_generator_V1_normal_figure_5c":-65.810158},{"data_generator_T_normal_figure_5c":898.75,"data_generator_V1_normal_figure_5c":-65.198959},{"data_generator_T_normal_figure_5c":900.0,"data_generator_V1_normal_figure_5c":-64.551689},{"data_generator_T_normal_figure_5c":901.25,"data_generator_V1_normal_figure_5c":-63.915318},{"data_generator_T_normal_figure_5c":902.5,"data_generator_V1_normal_figure_5c":-63.294506},{"data_generator_T_normal_figure_5c":903.75,"data_generator_V1_normal_figure_5c":-62.692001},{"data_generator_T_normal_figure_5c":905.0,"data_generator_V1_normal_figure_5c":-62.114178},{"data_generator_T_normal_figure_5c":906.25,"data_generator_V1_normal_figure_5c":-61.552956},{"data_generator_T_normal_figure_5c":907.5,"data_generator_V1_normal_figure_5c":-61.015759},{"data_generator_T_normal_figure_5c":908.75,"data_generator_V1_normal_figure_5c":-60.49519},{"data_generator_T_normal_figure_5c":910.0,"data_generator_V1_normal_figure_5c":-59.996922},{"data_generator_T_normal_figure_5c":911.25,"data_generator_V1_normal_figure_5c":-59.512756},{"data_generator_T_normal_figure_5c":912.5,"data_generator_V1_normal_figure_5c":-59.043842},{"data_generator_T_normal_figure_5c":913.75,"data_generator_V1_normal_figure_5c":-58.588619},{"data_generator_T_normal_figure_5c":915.0,"data_generator_V1_normal_figure_5c":-58.145145},{"data_generator_T_normal_figure_5c":916.25,"data_generator_V1_normal_figure_5c":-57.711433},{"data_generator_T_normal_figure_5c":917.5,"data_generator_V1_normal_figure_5c":-57.28548},{"data_generator_T_normal_figure_5c":918.75,"data_generator_V1_normal_figure_5c":-56.865261},{"data_generator_T_normal_figure_5c":920.0,"data_generator_V1_normal_figure_5c":-56.448677},{"data_generator_T_normal_figure_5c":921.25,"data_generator_V1_normal_figure_5c":-56.033508},{"data_generator_T_normal_figure_5c":922.5,"data_generator_V1_normal_figure_5c":-55.617302},{"data_generator_T_normal_figure_5c":923.75,"data_generator_V1_normal_figure_5c":-55.197235},{"data_generator_T_normal_figure_5c":925.0,"data_generator_V1_normal_figure_5c":-62.188377},{"data_generator_T_normal_figure_5c":926.25,"data_generator_V1_normal_figure_5c":-65.796219},{"data_generator_T_normal_figure_5c":927.5,"data_generator_V1_normal_figure_5c":-65.334793},{"data_generator_T_normal_figure_5c":928.75,"data_generator_V1_normal_figure_5c":-67.411316},{"data_generator_T_normal_figure_5c":930.0,"data_generator_V1_normal_figure_5c":-69.896706},{"data_generator_T_normal_figure_5c":931.25,"data_generator_V1_normal_figure_5c":-69.356758},{"data_generator_T_normal_figure_5c":932.5,"data_generator_V1_normal_figure_5c":-68.719223},{"data_generator_T_normal_figure_5c":933.75,"data_generator_V1_normal_figure_5c":-68.071869},{"data_generator_T_normal_figure_5c":935.0,"data_generator_V1_normal_figure_5c":-67.415833},{"data_generator_T_normal_figure_5c":936.25,"data_generator_V1_normal_figure_5c":-66.752953},{"data_generator_T_normal_figure_5c":937.5,"data_generator_V1_normal_figure_5c":-66.086426},{"data_generator_T_normal_figure_5c":938.75,"data_generator_V1_normal_figure_5c":-65.420403},{"data_generator_T_normal_figure_5c":940.0,"data_generator_V1_normal_figure_5c":-64.759468},{"data_generator_T_normal_figure_5c":941.25,"data_generator_V1_normal_figure_5c":-64.108063},{"data_generator_T_normal_figure_5c":942.5,"data_generator_V1_normal_figure_5c":-63.470066},{"data_generator_T_normal_figure_5c":943.75,"data_generator_V1_normal_figure_5c":-62.848484},{"data_generator_T_normal_figure_5c":945.0,"data_generator_V1_normal_figure_5c":-62.245358},{"data_generator_T_normal_figure_5c":946.25,"data_generator_V1_normal_figure_5c":-61.661751},{"data_generator_T_normal_figure_5c":947.5,"data_generator_V1_normal_figure_5c":-61.097851},{"data_generator_T_normal_figure_5c":948.75,"data_generator_V1_normal_figure_5c":-60.553085},{"data_generator_T_normal_figure_5c":950.0,"data_generator_V1_normal_figure_5c":-60.026302},{"data_generator_T_normal_figure_5c":951.25,"data_generator_V1_normal_figure_5c":-59.515892},{"data_generator_T_normal_figure_5c":952.5,"data_generator_V1_normal_figure_5c":-59.019947},{"data_generator_T_normal_figure_5c":953.75,"data_generator_V1_normal_figure_5c":-58.536343},{"data_generator_T_normal_figure_5c":955.0,"data_generator_V1_normal_figure_5c":-58.065399},{"data_generator_T_normal_figure_5c":956.25,"data_generator_V1_normal_figure_5c":-57.602425},{"data_generator_T_normal_figure_5c":957.5,"data_generator_V1_normal_figure_5c":-57.142174},{"data_generator_T_normal_figure_5c":958.75,"data_generator_V1_normal_figure_5c":-56.683956},{"data_generator_T_normal_figure_5c":960.0,"data_generator_V1_normal_figure_5c":-56.225254},{"data_generator_T_normal_figure_5c":961.25,"data_generator_V1_normal_figure_5c":-61.188309},{"data_generator_T_normal_figure_5c":962.5,"data_generator_V1_normal_figure_5c":-64.911819},{"data_generator_T_normal_figure_5c":963.75,"data_generator_V1_normal_figure_5c":-64.485764},{"data_generator_T_normal_figure_5c":965.0,"data_generator_V1_normal_figure_5c":-63.913071},{"data_generator_T_normal_figure_5c":966.25,"data_generator_V1_normal_figure_5c":-63.346096},{"data_generator_T_normal_figure_5c":967.5,"data_generator_V1_normal_figure_5c":-62.788822},{"data_generator_T_normal_figure_5c":968.75,"data_generator_V1_normal_figure_5c":-62.241543},{"data_generator_T_normal_figure_5c":970.0,"data_generator_V1_normal_figure_5c":-61.704098},{"data_generator_T_normal_figure_5c":971.25,"data_generator_V1_normal_figure_5c":-61.176037},{"data_generator_T_normal_figure_5c":972.5,"data_generator_V1_normal_figure_5c":-60.656681},{"data_generator_T_normal_figure_5c":973.75,"data_generator_V1_normal_figure_5c":-60.145168},{"data_generator_T_normal_figure_5c":975.0,"data_generator_V1_normal_figure_5c":-59.640491},{"data_generator_T_normal_figure_5c":976.25,"data_generator_V1_normal_figure_5c":-59.141514},{"data_generator_T_normal_figure_5c":977.5,"data_generator_V1_normal_figure_5c":-58.646938},{"data_generator_T_normal_figure_5c":978.75,"data_generator_V1_normal_figure_5c":-58.155304},{"data_generator_T_normal_figure_5c":980.0,"data_generator_V1_normal_figure_5c":-57.664913},{"data_generator_T_normal_figure_5c":981.25,"data_generator_V1_normal_figure_5c":-57.173748},{"data_generator_T_normal_figure_5c":982.5,"data_generator_V1_normal_figure_5c":-56.679367},{"data_generator_T_normal_figure_5c":983.75,"data_generator_V1_normal_figure_5c":-56.178715},{"data_generator_T_normal_figure_5c":985.0,"data_generator_V1_normal_figure_5c":-55.667866},{"data_generator_T_normal_figure_5c":986.25,"data_generator_V1_normal_figure_5c":-55.141521},{"data_generator_T_normal_figure_5c":987.5,"data_generator_V1_normal_figure_5c":-54.592205},{"data_generator_T_normal_figure_5c":988.75,"data_generator_V1_normal_figure_5c":-54.008736},{"data_generator_T_normal_figure_5c":990.0,"data_generator_V1_normal_figure_5c":-53.373161},{"data_generator_T_normal_figure_5c":991.25,"data_generator_V1_normal_figure_5c":-52.882278},{"data_generator_T_normal_figure_5c":992.5,"data_generator_V1_normal_figure_5c":-64.545601},{"data_generator_T_normal_figure_5c":993.75,"data_generator_V1_normal_figure_5c":-65.206718},{"data_generator_T_normal_figure_5c":995.0,"data_generator_V1_normal_figure_5c":-64.659843},{"data_generator_T_normal_figure_5c":996.25,"data_generator_V1_normal_figure_5c":-64.096451},{"data_generator_T_normal_figure_5c":997.5,"data_generator_V1_normal_figure_5c":-63.538582},{"data_generator_T_normal_figure_5c":998.75,"data_generator_V1_normal_figure_5c":-62.986828},{"data_generator_T_normal_figure_5c":1000.0,"data_generator_V1_normal_figure_5c":-62.441162},{"data_generator_T_normal_figure_5c":1001.25,"data_generator_V1_normal_figure_5c":-61.901344},{"data_generator_T_normal_figure_5c":1002.5,"data_generator_V1_normal_figure_5c":-61.366962},{"data_generator_T_normal_figure_5c":1003.75,"data_generator_V1_normal_figure_5c":-60.837425},{"data_generator_T_normal_figure_5c":1005.0,"data_generator_V1_normal_figure_5c":-60.311985},{"data_generator_T_normal_figure_5c":1006.25,"data_generator_V1_normal_figure_5c":-59.792439},{"data_generator_T_normal_figure_5c":1007.5,"data_generator_V1_normal_figure_5c":-59.27261},{"data_generator_T_normal_figure_5c":1008.75,"data_generator_V1_normal_figure_5c":-58.753048},{"data_generator_T_normal_figure_5c":1010.0,"data_generator_V1_normal_figure_5c":-58.232471},{"data_generator_T_normal_figure_5c":1011.25,"data_generator_V1_normal_figure_5c":-57.708836},{"data_generator_T_normal_figure_5c":1012.5,"data_generator_V1_normal_figure_5c":-57.179516},{"data_generator_T_normal_figure_5c":1013.75,"data_generator_V1_normal_figure_5c":-56.641109},{"data_generator_T_normal_figure_5c":1015.0,"data_generator_V1_normal_figure_5c":-56.08905},{"data_generator_T_normal_figure_5c":1016.25,"data_generator_V1_normal_figure_5c":-55.516979},{"data_generator_T_normal_figure_5c":1017.5,"data_generator_V1_normal_figure_5c":-54.9156},{"data_generator_T_normal_figure_5c":1018.75,"data_generator_V1_normal_figure_5c":-54.270424},{"data_generator_T_normal_figure_5c":1020.0,"data_generator_V1_normal_figure_5c":-53.556938},{"data_generator_T_normal_figure_5c":1021.25,"data_generator_V1_normal_figure_5c":-52.728367},{"data_generator_T_normal_figure_5c":1022.5,"data_generator_V1_normal_figure_5c":-51.677174},{"data_generator_T_normal_figure_5c":1023.75,"data_generator_V1_normal_figure_5c":-50.056286},{"data_generator_T_normal_figure_5c":1025.0,"data_generator_V1_normal_figure_5c":-44.954716},{"data_generator_T_normal_figure_5c":1026.25,"data_generator_V1_normal_figure_5c":31.345835},{"data_generator_T_normal_figure_5c":1027.5,"data_generator_V1_normal_figure_5c":-12.9796},{"data_generator_T_normal_figure_5c":1028.75,"data_generator_V1_normal_figure_5c":-63.966354},{"data_generator_T_normal_figure_5c":1030.0,"data_generator_V1_normal_figure_5c":-64.012733},{"data_generator_T_normal_figure_5c":1031.25,"data_generator_V1_normal_figure_5c":-63.316486},{"data_generator_T_normal_figure_5c":1032.5,"data_generator_V1_normal_figure_5c":-62.615944},{"data_generator_T_normal_figure_5c":1033.75,"data_generator_V1_normal_figure_5c":-61.918201},{"data_generator_T_normal_figure_5c":1035.0,"data_generator_V1_normal_figure_5c":-61.225704},{"data_generator_T_normal_figure_5c":1036.25,"data_generator_V1_normal_figure_5c":-60.540653},{"data_generator_T_normal_figure_5c":1037.5,"data_generator_V1_normal_figure_5c":-59.864971},{"data_generator_T_normal_figure_5c":1038.75,"data_generator_V1_normal_figure_5c":-59.200268},{"data_generator_T_normal_figure_5c":1040.0,"data_generator_V1_normal_figure_5c":-58.547752},{"data_generator_T_normal_figure_5c":1041.25,"data_generator_V1_normal_figure_5c":-57.908207},{"data_generator_T_normal_figure_5c":1042.5,"data_generator_V1_normal_figure_5c":-57.281895},{"data_generator_T_normal_figure_5c":1043.75,"data_generator_V1_normal_figure_5c":-56.668499},{"data_generator_T_normal_figure_5c":1045.0,"data_generator_V1_normal_figure_5c":-56.067028},{"data_generator_T_normal_figure_5c":1046.25,"data_generator_V1_normal_figure_5c":-55.475704},{"data_generator_T_normal_figure_5c":1047.5,"data_generator_V1_normal_figure_5c":-54.891762},{"data_generator_T_normal_figure_5c":1048.75,"data_generator_V1_normal_figure_5c":-54.311161},{"data_generator_T_normal_figure_5c":1050.0,"data_generator_V1_normal_figure_5c":-53.728092},{"data_generator_T_normal_figure_5c":1051.25,"data_generator_V1_normal_figure_5c":-53.134075},{"data_generator_T_normal_figure_5c":1052.5,"data_generator_V1_normal_figure_5c":-52.516243},{"data_generator_T_normal_figure_5c":1053.75,"data_generator_V1_normal_figure_5c":-51.850075},{"data_generator_T_normal_figure_5c":1055.0,"data_generator_V1_normal_figure_5c":-51.108204},{"data_generator_T_normal_figure_5c":1056.25,"data_generator_V1_normal_figure_5c":-50.204056},{"data_generator_T_normal_figure_5c":1057.5,"data_generator_V1_normal_figure_5c":-48.928825},{"data_generator_T_normal_figure_5c":1058.75,"data_generator_V1_normal_figure_5c":-46.28017},{"data_generator_T_normal_figure_5c":1060.0,"data_generator_V1_normal_figure_5c":28.410872},{"data_generator_T_normal_figure_5c":1061.25,"data_generator_V1_normal_figure_5c":-16.743382},{"data_generator_T_normal_figure_5c":1062.5,"data_generator_V1_normal_figure_5c":-71.591003},{"data_generator_T_normal_figure_5c":1063.75,"data_generator_V1_normal_figure_5c":-73.066223},{"data_generator_T_normal_figure_5c":1065.0,"data_generator_V1_normal_figure_5c":-72.523354},{"data_generator_T_normal_figure_5c":1066.25,"data_generator_V1_normal_figure_5c":-71.956367},{"data_generator_T_normal_figure_5c":1067.5,"data_generator_V1_normal_figure_5c":-71.378586},{"data_generator_T_normal_figure_5c":1068.75,"data_generator_V1_normal_figure_5c":-70.789772},{"data_generator_T_normal_figure_5c":1070.0,"data_generator_V1_normal_figure_5c":-70.189163},{"data_generator_T_normal_figure_5c":1071.25,"data_generator_V1_normal_figure_5c":-69.575661},{"data_generator_T_normal_figure_5c":1072.5,"data_generator_V1_normal_figure_5c":-68.948135},{"data_generator_T_normal_figure_5c":1073.75,"data_generator_V1_normal_figure_5c":-68.305908},{"data_generator_T_normal_figure_5c":1075.0,"data_generator_V1_normal_figure_5c":-67.649277},{"data_generator_T_normal_figure_5c":1076.25,"data_generator_V1_normal_figure_5c":-66.979874},{"data_generator_T_normal_figure_5c":1077.5,"data_generator_V1_normal_figure_5c":-66.300758},{"data_generator_T_normal_figure_5c":1078.75,"data_generator_V1_normal_figure_5c":-65.616234},{"data_generator_T_normal_figure_5c":1080.0,"data_generator_V1_normal_figure_5c":-64.931366},{"data_generator_T_normal_figure_5c":1081.25,"data_generator_V1_normal_figure_5c":-64.251396},{"data_generator_T_normal_figure_5c":1082.5,"data_generator_V1_normal_figure_5c":-63.581272},{"data_generator_T_normal_figure_5c":1083.75,"data_generator_V1_normal_figure_5c":-62.925228},{"data_generator_T_normal_figure_5c":1085.0,"data_generator_V1_normal_figure_5c":-62.286594},{"data_generator_T_normal_figure_5c":1086.25,"data_generator_V1_normal_figure_5c":-61.667725},{"data_generator_T_normal_figure_5c":1087.5,"data_generator_V1_normal_figure_5c":-64.235222},{"data_generator_T_normal_figure_5c":1088.75,"data_generator_V1_normal_figure_5c":-66.882713},{"data_generator_T_normal_figure_5c":1090.0,"data_generator_V1_normal_figure_5c":-66.339302},{"data_generator_T_normal_figure_5c":1091.25,"data_generator_V1_normal_figure_5c":-65.681679},{"data_generator_T_normal_figure_5c":1092.5,"data_generator_V1_normal_figure_5c":-65.025505},{"data_generator_T_normal_figure_5c":1093.75,"data_generator_V1_normal_figure_5c":-64.377144},{"data_generator_T_normal_figure_5c":1095.0,"data_generator_V1_normal_figure_5c":-68.509514},{"data_generator_T_normal_figure_5c":1096.25,"data_generator_V1_normal_figure_5c":-69.43396},{"data_generator_T_normal_figure_5c":1097.5,"data_generator_V1_normal_figure_5c":-68.783928},{"data_generator_T_normal_figure_5c":1098.75,"data_generator_V1_normal_figure_5c":-68.093338},{"data_generator_T_normal_figure_5c":1100.0,"data_generator_V1_normal_figure_5c":-67.387283},{"data_generator_T_normal_figure_5c":1101.25,"data_generator_V1_normal_figure_5c":-66.66787},{"data_generator_T_normal_figure_5c":1102.5,"data_generator_V1_normal_figure_5c":-67.891083},{"data_generator_T_normal_figure_5c":1103.75,"data_generator_V1_normal_figure_5c":-67.618164},{"data_generator_T_normal_figure_5c":1105.0,"data_generator_V1_normal_figure_5c":-66.893669},{"data_generator_T_normal_figure_5c":1106.25,"data_generator_V1_normal_figure_5c":-66.142517},{"data_generator_T_normal_figure_5c":1107.5,"data_generator_V1_normal_figure_5c":-65.377144},{"data_generator_T_normal_figure_5c":1108.75,"data_generator_V1_normal_figure_5c":-64.603615},{"data_generator_T_normal_figure_5c":1110.0,"data_generator_V1_normal_figure_5c":-63.833084},{"data_generator_T_normal_figure_5c":1111.25,"data_generator_V1_normal_figure_5c":-63.063442},{"data_generator_T_normal_figure_5c":1112.5,"data_generator_V1_normal_figure_5c":-62.306637},{"data_generator_T_normal_figure_5c":1113.75,"data_generator_V1_normal_figure_5c":-61.571705},{"data_generator_T_normal_figure_5c":1115.0,"data_generator_V1_normal_figure_5c":-60.866764},{"data_generator_T_normal_figure_5c":1116.25,"data_generator_V1_normal_figure_5c":-60.198494},{"data_generator_T_normal_figure_5c":1117.5,"data_generator_V1_normal_figure_5c":-59.571354},{"data_generator_T_normal_figure_5c":1118.75,"data_generator_V1_normal_figure_5c":-59.148697},{"data_generator_T_normal_figure_5c":1120.0,"data_generator_V1_normal_figure_5c":-64.66349},{"data_generator_T_normal_figure_5c":1121.25,"data_generator_V1_normal_figure_5c":-64.858612},{"data_generator_T_normal_figure_5c":1122.5,"data_generator_V1_normal_figure_5c":-64.213791},{"data_generator_T_normal_figure_5c":1123.75,"data_generator_V1_normal_figure_5c":-63.55653},{"data_generator_T_normal_figure_5c":1125.0,"data_generator_V1_normal_figure_5c":-64.429939},{"data_generator_T_normal_figure_5c":1126.25,"data_generator_V1_normal_figure_5c":-69.262627},{"data_generator_T_normal_figure_5c":1127.5,"data_generator_V1_normal_figure_5c":-68.841148},{"data_generator_T_normal_figure_5c":1128.75,"data_generator_V1_normal_figure_5c":-68.143951},{"data_generator_T_normal_figure_5c":1130.0,"data_generator_V1_normal_figure_5c":-67.427696},{"data_generator_T_normal_figure_5c":1131.25,"data_generator_V1_normal_figure_5c":-67.38562},{"data_generator_T_normal_figure_5c":1132.5,"data_generator_V1_normal_figure_5c":-69.244095},{"data_generator_T_normal_figure_5c":1133.75,"data_generator_V1_normal_figure_5c":-68.692482},{"data_generator_T_normal_figure_5c":1135.0,"data_generator_V1_normal_figure_5c":-67.958366},{"data_generator_T_normal_figure_5c":1136.25,"data_generator_V1_normal_figure_5c":-67.200012},{"data_generator_T_normal_figure_5c":1137.5,"data_generator_V1_normal_figure_5c":-66.418732},{"data_generator_T_normal_figure_5c":1138.75,"data_generator_V1_normal_figure_5c":-66.227592},{"data_generator_T_normal_figure_5c":1140.0,"data_generator_V1_normal_figure_5c":-67.431206},{"data_generator_T_normal_figure_5c":1141.25,"data_generator_V1_normal_figure_5c":-66.784935},{"data_generator_T_normal_figure_5c":1142.5,"data_generator_V1_normal_figure_5c":-65.980751},{"data_generator_T_normal_figure_5c":1143.75,"data_generator_V1_normal_figure_5c":-65.144615},{"data_generator_T_normal_figure_5c":1145.0,"data_generator_V1_normal_figure_5c":-64.28035},{"data_generator_T_normal_figure_5c":1146.25,"data_generator_V1_normal_figure_5c":-63.390022},{"data_generator_T_normal_figure_5c":1147.5,"data_generator_V1_normal_figure_5c":-62.478065},{"data_generator_T_normal_figure_5c":1148.75,"data_generator_V1_normal_figure_5c":-61.552261},{"data_generator_T_normal_figure_5c":1150.0,"data_generator_V1_normal_figure_5c":-60.62439},{"data_generator_T_normal_figure_5c":1151.25,"data_generator_V1_normal_figure_5c":-59.710266},{"data_generator_T_normal_figure_5c":1152.5,"data_generator_V1_normal_figure_5c":-58.828537},{"data_generator_T_normal_figure_5c":1153.75,"data_generator_V1_normal_figure_5c":-57.997894},{"data_generator_T_normal_figure_5c":1155.0,"data_generator_V1_normal_figure_5c":-57.236111},{"data_generator_T_normal_figure_5c":1156.25,"data_generator_V1_normal_figure_5c":-61.230537},{"data_generator_T_normal_figure_5c":1157.5,"data_generator_V1_normal_figure_5c":-66.750885},{"data_generator_T_normal_figure_5c":1158.75,"data_generator_V1_normal_figure_5c":-66.300858},{"data_generator_T_normal_figure_5c":1160.0,"data_generator_V1_normal_figure_5c":-65.576111},{"data_generator_T_normal_figure_5c":1161.25,"data_generator_V1_normal_figure_5c":-64.847733},{"data_generator_T_normal_figure_5c":1162.5,"data_generator_V1_normal_figure_5c":-64.118011},{"data_generator_T_normal_figure_5c":1163.75,"data_generator_V1_normal_figure_5c":-63.395645},{"data_generator_T_normal_figure_5c":1165.0,"data_generator_V1_normal_figure_5c":-62.688171},{"data_generator_T_normal_figure_5c":1166.25,"data_generator_V1_normal_figure_5c":-62.001198},{"data_generator_T_normal_figure_5c":1167.5,"data_generator_V1_normal_figure_5c":-61.339283},{"data_generator_T_normal_figure_5c":1168.75,"data_generator_V1_normal_figure_5c":-60.705631},{"data_generator_T_normal_figure_5c":1170.0,"data_generator_V1_normal_figure_5c":-60.101887},{"data_generator_T_normal_figure_5c":1171.25,"data_generator_V1_normal_figure_5c":-59.528111},{"data_generator_T_normal_figure_5c":1172.5,"data_generator_V1_normal_figure_5c":-58.982929},{"data_generator_T_normal_figure_5c":1173.75,"data_generator_V1_normal_figure_5c":-58.463821},{"data_generator_T_normal_figure_5c":1175.0,"data_generator_V1_normal_figure_5c":-57.967449},{"data_generator_T_normal_figure_5c":1176.25,"data_generator_V1_normal_figure_5c":-57.489952},{"data_generator_T_normal_figure_5c":1177.5,"data_generator_V1_normal_figure_5c":-57.027184},{"data_generator_T_normal_figure_5c":1178.75,"data_generator_V1_normal_figure_5c":-56.574848},{"data_generator_T_normal_figure_5c":1180.0,"data_generator_V1_normal_figure_5c":-56.128506},{"data_generator_T_normal_figure_5c":1181.25,"data_generator_V1_normal_figure_5c":-55.683533},{"data_generator_T_normal_figure_5c":1182.5,"data_generator_V1_normal_figure_5c":-55.234901},{"data_generator_T_normal_figure_5c":1183.75,"data_generator_V1_normal_figure_5c":-54.776844},{"data_generator_T_normal_figure_5c":1185.0,"data_generator_V1_normal_figure_5c":-54.302258},{"data_generator_T_normal_figure_5c":1186.25,"data_generator_V1_normal_figure_5c":-53.801659},{"data_generator_T_normal_figure_5c":1187.5,"data_generator_V1_normal_figure_5c":-53.261196},{"data_generator_T_normal_figure_5c":1188.75,"data_generator_V1_normal_figure_5c":-52.658493},{"data_generator_T_normal_figure_5c":1190.0,"data_generator_V1_normal_figure_5c":-51.952499},{"data_generator_T_normal_figure_5c":1191.25,"data_generator_V1_normal_figure_5c":-51.053337},{"data_generator_T_normal_figure_5c":1192.5,"data_generator_V1_normal_figure_5c":-49.695908},{"data_generator_T_normal_figure_5c":1193.75,"data_generator_V1_normal_figure_5c":-46.297161},{"data_generator_T_normal_figure_5c":1195.0,"data_generator_V1_normal_figure_5c":33.446381},{"data_generator_T_normal_figure_5c":1196.25,"data_generator_V1_normal_figure_5c":-2.489604},{"data_generator_T_normal_figure_5c":1197.5,"data_generator_V1_normal_figure_5c":-61.539738},{"data_generator_T_normal_figure_5c":1198.75,"data_generator_V1_normal_figure_5c":-63.393894},{"data_generator_T_normal_figure_5c":1200.0,"data_generator_V1_normal_figure_5c":-62.704689},{"data_generator_T_normal_figure_5c":1201.25,"data_generator_V1_normal_figure_5c":-61.998707},{"data_generator_T_normal_figure_5c":1202.5,"data_generator_V1_normal_figure_5c":-61.298851},{"data_generator_T_normal_figure_5c":1203.75,"data_generator_V1_normal_figure_5c":-60.607704},{"data_generator_T_normal_figure_5c":1205.0,"data_generator_V1_normal_figure_5c":-59.927334},{"data_generator_T_normal_figure_5c":1206.25,"data_generator_V1_normal_figure_5c":-59.26144},{"data_generator_T_normal_figure_5c":1207.5,"data_generator_V1_normal_figure_5c":-58.607262},{"data_generator_T_normal_figure_5c":1208.75,"data_generator_V1_normal_figure_5c":-57.967545},{"data_generator_T_normal_figure_5c":1210.0,"data_generator_V1_normal_figure_5c":-57.342636},{"data_generator_T_normal_figure_5c":1211.25,"data_generator_V1_normal_figure_5c":-56.732265},{"data_generator_T_normal_figure_5c":1212.5,"data_generator_V1_normal_figure_5c":-56.135509},{"data_generator_T_normal_figure_5c":1213.75,"data_generator_V1_normal_figure_5c":-55.550701},{"data_generator_T_normal_figure_5c":1215.0,"data_generator_V1_normal_figure_5c":-54.975262},{"data_generator_T_normal_figure_5c":1216.25,"data_generator_V1_normal_figure_5c":-54.405495},{"data_generator_T_normal_figure_5c":1217.5,"data_generator_V1_normal_figure_5c":-53.836166},{"data_generator_T_normal_figure_5c":1218.75,"data_generator_V1_normal_figure_5c":-53.259815},{"data_generator_T_normal_figure_5c":1220.0,"data_generator_V1_normal_figure_5c":-52.665421},{"data_generator_T_normal_figure_5c":1221.25,"data_generator_V1_normal_figure_5c":-52.035786},{"data_generator_T_normal_figure_5c":1222.5,"data_generator_V1_normal_figure_5c":-51.341621},{"data_generator_T_normal_figure_5c":1223.75,"data_generator_V1_normal_figure_5c":-50.526043},{"data_generator_T_normal_figure_5c":1225.0,"data_generator_V1_normal_figure_5c":-49.4529},{"data_generator_T_normal_figure_5c":1226.25,"data_generator_V1_normal_figure_5c":-47.638615},{"data_generator_T_normal_figure_5c":1227.5,"data_generator_V1_normal_figure_5c":-38.348061},{"data_generator_T_normal_figure_5c":1228.75,"data_generator_V1_normal_figure_5c":11.365731},{"data_generator_T_normal_figure_5c":1230.0,"data_generator_V1_normal_figure_5c":-56.736813},{"data_generator_T_normal_figure_5c":1231.25,"data_generator_V1_normal_figure_5c":-63.246056},{"data_generator_T_normal_figure_5c":1232.5,"data_generator_V1_normal_figure_5c":-62.547379},{"data_generator_T_normal_figure_5c":1233.75,"data_generator_V1_normal_figure_5c":-61.803791},{"data_generator_T_normal_figure_5c":1235.0,"data_generator_V1_normal_figure_5c":-61.061604},{"data_generator_T_normal_figure_5c":1236.25,"data_generator_V1_normal_figure_5c":-60.323883},{"data_generator_T_normal_figure_5c":1237.5,"data_generator_V1_normal_figure_5c":-59.593155},{"data_generator_T_normal_figure_5c":1238.75,"data_generator_V1_normal_figure_5c":-58.871601},{"data_generator_T_normal_figure_5c":1240.0,"data_generator_V1_normal_figure_5c":-58.160927},{"data_generator_T_normal_figure_5c":1241.25,"data_generator_V1_normal_figure_5c":-57.462292},{"data_generator_T_normal_figure_5c":1242.5,"data_generator_V1_normal_figure_5c":-56.776154},{"data_generator_T_normal_figure_5c":1243.75,"data_generator_V1_normal_figure_5c":-56.102142},{"data_generator_T_normal_figure_5c":1245.0,"data_generator_V1_normal_figure_5c":-55.438904},{"data_generator_T_normal_figure_5c":1246.25,"data_generator_V1_normal_figure_5c":-56.933121},{"data_generator_T_normal_figure_5c":1247.5,"data_generator_V1_normal_figure_5c":-64.879631},{"data_generator_T_normal_figure_5c":1248.75,"data_generator_V1_normal_figure_5c":-64.677223},{"data_generator_T_normal_figure_5c":1250.0,"data_generator_V1_normal_figure_5c":-64.107834}]