[{"data_set_value_component_environment_variable_time":0.0,"data_set_value_component_PRL_variable_PRL":20.0,"data_set_value_component_PRL_variable_kD":300.0,"data_set_value_component_PRL_variable_kO":9.0,"data_set_value_component_PRL_variable_rP":300000.0,"data_set_value_component_PRL_variable_qP":0.5,"data_set_value_component_DA_variable_DA":20000.0,"data_set_value_component_DA_variable_vD":0.0,"data_set_value_component_DA_variable_vDbar":10000.0,"data_set_value_component_DA_variable_DA_infinity":20000.0,"data_set_value_component_DA_variable_qD":0.2,"data_set_value_component_OT_variable_OT":25.0,"data_set_value_component_OT_variable_kx":50.0,"data_set_value_component_OT_variable_vO":0.0,"data_set_value_component_OT_variable_vObar":500.0,"data_set_value_component_OT_variable_rO":1100.0,"data_set_value_component_OT_variable_qO":1.0,"data_set_value_component_x_variable_x":1.0},{"data_set_value_component_environment_variable_time":0.1,"data_set_value_component_PRL_variable_PRL":19.8011687586,"data_set_value_component_PRL_variable_kD":300.0,"data_set_value_component_PRL_variable_kO":9.0,"data_set_value_component_PRL_variable_rP":300000.0,"data_set_value_component_PRL_variable_qP":0.5,"data_set_value_component_DA_variable_DA":20000.0,"data_set_value_component_DA_variable_vD":0.0,"data_set_value_component_DA_variable_vDbar":10000.0,"data_set_value_component_DA_variable_DA_infinity":20000.0,"data_set_value_component_DA_variable_qD":0.2,"data_set_value_component_OT_variable_OT":24.6734519599,"data_set_value_component_OT_variable_kx":50.0,"data_set_value_component_OT_variable_vO":0.0,"data_set_value_component_OT_variable_vObar":500.0,"data_set_value_component_OT_variable_rO":1100.0,"data_set_value_component_OT_variable_qO":1.0,"data_set_value_component_x_variable_x":1.0},{"data_set_value_component_environment_variable_time":0.2,"data_set_value_component_PRL_variable_PRL":19.6068259622,"data_set_value_component_PRL_variable_kD":300.0,"data_set_value_component_PRL_variable_kO":9.0,"data_set_value_component_PRL_variable_rP":300000.0,"data_set_value_component_PRL_variable_qP":0.5,"data_set_value_component_DA_variable_DA":20000.0,"data_set_value_component_DA_variable_vD":0.0,"data_set_value_component_DA_variable_vDbar":10000.0,"data_set_value_component_DA_variable_DA_infinity":20000.0,"data_set_value_component_DA_variable_qD":0.2,"data_set_value_component_OT_variable_OT":24.377986524,"data_set_value_component_OT_variable_kx":50.0,"data_set_value_component_OT_variable_vO":0.0,"data_set_value_component_OT_variable_vObar":500.0,"data_set_value_component_OT_variable_rO":1100.0,"data_set_value_component_OT_variable_qO":1.0,"data_set_value_component_x_variable_x":1.0},{"data_set_value_component_environment_variable_time":0.3,"data_set_value_component_PRL_variable_PRL":19.4171813271,"data_set_value_component_PRL_variable_kD":300.0,"data_set_value_component_PRL_variable_kO":9.0,"data_set_value_component_PRL_variable_rP":300000.0,"data_set_value_component_PRL_variable_qP":0.5,"data_set_value_component_DA_variable_DA":20000.0,"data_set_value_component_DA_variable_vD":0.0,"data_set_value_component_DA_variable_vDbar":10000.0,"data_set_value_component_DA_variable_DA_infinity":20000.0,"data_set_value_component_DA_variable_qD":0.2,"data_set_value_component_OT_variable_OT":24.1106447105,"data_set_value_component_OT_variable_kx":50.0,"data_set_value_component_OT_variable_vO":0.0,"data_set_value_component_OT_variable_vObar":500.0,"data_set_value_component_OT_variable_rO":1100.0,"data_set_value_component_OT_variable_qO":1.0,"data_set_value_component_x_variable_x":1.0},{"data_set_value_component_environment_variable_time":0.4,"data_set_value_component_PRL_variable_PRL":19.2324041931,"data_set_value_component_PRL_variable_kD":300.0,"data_set_value_component_PRL_variable_kO":9.0,"data_set_value_component_PRL_variable_rP":300000.0,"data_set_value_component_PRL_variable_qP":0.5,"data_set_value_component_DA_variable_DA":20000.0,"data_set_value_component_DA_variable_vD":0.0,"data_set_value_component_DA_variable_vDbar":10000.0,"data_set_value_component_DA_variable_DA_infinity":20000.0,"data_set_value_component_DA_variable_qD":0.2,"data_set_value_component_OT_variable_OT":23.8687427726,"data_set_value_component_OT_variable_kx":50.0,"data_set_value_component_OT_variable_vO":0.0,"data_set_value_component_OT_variable_vObar":500.0,"data_set_value_component_OT_variable_rO":1100.0,"data_set_value_component_OT_variable_qO":1.0,"data_set_value_component_x_variable_x":1.0},{"data_set_value_component_environment_variable_time":0.5,"data_set_value_component_PRL_variable_PRL":19.0526259903,"data_set_value_component_PRL_variable_kD":300.0,"data_set_value_component_PRL_variable_kO":9.0,"data_set_value_component_PRL_variable_rP":300000.0,"data_set_value_component_PRL_variable_qP":0.5,"data_set_value_component_DA_variable_DA":20000.0,"data_set_value_component_DA_variable_vD":0.0,"data_set_value_component_DA_variable_vDbar":10000.0,"data_set_value_component_DA_variable_DA_infinity":20000.0,"data_set_value_component_DA_variable_qD":0.2,"data_set_value_component_OT_variable_OT":23.6498639708,"data_set_value_component_OT_variable_kx":50.0,"data_set_value_component_OT_variable_vO":0.0,"data_set_value_component_OT_variable_vObar":500.0,"data_set_value_component_OT_variable_rO":1100.0,"data_set_value_component_OT_variable_qO":1.0,"data_set_value_component_x_variable_x":1.0},{"data_set_value_component_environment_variable_time":0.6,"data_set_value_component_PRL_variable_PRL":18.8779461377,"data_set_value_component_PRL_variable_kD":300.0,"data_set_value_component_PRL_variable_kO":9.0,"data_set_value_component_PRL_variable_rP":300000.0,"data_set_value_component_PRL_variable_qP":0.5,"data_set_value_component_DA_variable_DA":20000.0,"data_set_value_component_DA_variable_vD":0.0,"data_set_value_component_DA_variable_vDbar":10000.0,"data_set_value_component_DA_variable_DA_infinity":20000.0,"data_set_value_component_DA_variable_qD":0.2,"data_set_value_component_OT_variable_OT":23.451810624,"data_set_value_component_OT_variable_kx":50.0,"data_set_value_component_OT_variable_vO":0.0,"data_set_value_component_OT_variable_vObar":500.0,"data_set_value_component_OT_variable_rO":1100.0,"data_set_value_component_OT_variable_qO":1.0,"data_set_value_component_x_variable_x":1.0},{"data_set_value_component_environment_variable_time":0.7,"data_set_value_component_PRL_variable_PRL":18.7084322317,"data_set_value_component_PRL_variable_kD":300.0,"data_set_value_component_PRL_variable_kO":9.0,"data_set_value_component_PRL_variable_rP":300000.0,"data_set_value_component_PRL_variable_qP":0.5,"data_set_value_component_DA_variable_DA":20000.0,"data_set_value_component_DA_variable_vD":0.0,"data_set_value_component_DA_variable_vDbar":10000.0,"data_set_value_component_DA_variable_DA_infinity":20000.0,"data_set_value_component_DA_variable_qD":0.2,"data_set_value_component_OT_variable_OT":23.2726012428,"data_set_value_component_OT_variable_kx":50.0,"data_set_value_component_OT_variable_vO":0.0,"data_set_value_component_OT_variable_vObar":500.0,"data_set_value_component_OT_variable_rO":1100.0,"data_set_value_component_OT_variable_qO":1.0,"data_set_value_component_x_variable_x":1.0},{"data_set_value_component_environment_variable_time":0.8,"data_set_value_component_PRL_variable_PRL":18.5441236514,"data_set_value_component_PRL_variable_kD":300.0,"data_set_value_component_PRL_variable_kO":9.0,"data_set_value_component_PRL_variable_rP":300000.0,"data_set_value_component_PRL_variable_qP":0.5,"data_set_value_component_DA_variable_DA":20000.0,"data_set_value_component_DA_variable_vD":0.0,"data_set_value_component_DA_variable_vDbar":10000.0,"data_set_value_component_DA_variable_DA_infinity":20000.0,"data_set_value_component_DA_variable_qD":0.2,"data_set_value_component_OT_variable_OT":23.1104459232,"data_set_value_component_OT_variable_kx":50.0,"data_set_value_component_OT_variable_vO":0.0,"data_set_value_component_OT_variable_vObar":500.0,"data_set_value_component_OT_variable_rO":1100.0,"data_set_value_component_OT_variable_qO":1.0,"data_set_value_component_x_variable_x":1.0},{"data_set_value_component_environment_variable_time":0.9,"data_set_value_component_PRL_variable_PRL":18.3850352178,"data_set_value_component_PRL_variable_kD":300.0,"data_set_value_component_PRL_variable_kO":9.0,"data_set_value_component_PRL_variable_rP":300000.0,"data_set_value_component_PRL_variable_qP":0.5,"data_set_value_component_DA_variable_DA":20000.0,"data_set_value_component_DA_variable_vD":0.0,"data_set_value_component_DA_variable_vDbar":10000.0,"data_set_value_component_DA_variable_DA_infinity":20000.0,"data_set_value_component_DA_variable_qD":0.2,"data_set_value_component_OT_variable_OT":22.9637221693,"data_set_value_component_OT_variable_kx":50.0,"data_set_value_component_OT_variable_vO":0.0,"data_set_value_component_OT_variable_vObar":500.0,"data_set_value_component_OT_variable_rO":1100.0,"data_set_value_component_OT_variable_qO":1.0,"data_set_value_component_x_variable_x":1.0},{"data_set_value_component_environment_variable_time":1.0,"data_set_value_component_PRL_variable_PRL":18.2311596636,"data_set_value_component_PRL_variable_kD":300.0,"data_set_value_component_PRL_variable_kO":9.0,"data_set_value_component_PRL_variable_rP":300000.0,"data_set_value_component_PRL_variable_qP":0.5,"data_set_value_component_DA_variable_DA":20000.0,"data_set_value_component_DA_variable_vD":0.0,"data_set_value_component_DA_variable_vDbar":10000.0,"data_set_value_component_DA_variable_DA_infinity":20000.0,"data_set_value_component_DA_variable_qD":0.2,"data_set_value_component_OT_variable_OT":22.8309600008,"data_set_value_component_OT_variable_kx":50.0,"data_set_value_component_OT_variable_vO":0.0,"data_set_value_component_OT_variable_vObar":500.0,"data_set_value_component_OT_variable_rO":1100.0,"data_set_value_component_OT_variable_qO":1.0,"data_set_value_component_x_variable_x":1.0}]