[{"data_set_value_component_environment_variable_time":0.0,"data_set_value_component_nucleotides_variable_tau_c":1200.0,"data_set_value_component_nucleotides_variable_eta":185.0,"data_set_value_component_nucleotides_variable_v":10.0,"data_set_value_component_nucleotides_variable_k":20.0,"data_set_value_component_nucleotides_variable_phi":15.5295352548,"data_set_value_component_nucleotides_variable_ADP":0.085817,"data_set_value_component_nucleotides_variable_ATP":2.1047,"data_set_value_component_membrane_variable_C_m":5300.0,"data_set_value_component_membrane_variable_V":-67.018,"data_set_value_component_Ca_current_variable_g_Ca_":1200.0,"data_set_value_component_Ca_current_variable_V_Ca":25.0,"data_set_value_component_Ca_current_variable_v_m":-20.0,"data_set_value_component_Ca_current_variable_s_m":12.0,"data_set_value_component_Ca_current_variable_m_infinity":0.0194900891,"data_set_value_component_Ca_current_variable_I_Ca":-2152.1268264485,"data_set_value_component_K_current_variable_g_K_":3000.0,"data_set_value_component_K_current_variable_V_K":-75.0,"data_set_value_component_K_current_variable_I_K":2.63406,"data_set_value_component_Ca_activated_K_current_variable_g_KCa_":300.0,"data_set_value_component_Ca_activated_K_current_variable_k_D":0.3,"data_set_value_component_Ca_activated_K_current_variable_omega":0.343056103,"data_set_value_component_Ca_activated_K_current_variable_I_KCa":821.4821442649,"data_set_value_component_ATP_sensitive_K_current_variable_g_KATP_":350.0,"data_set_value_component_ATP_sensitive_K_current_variable_I_KATP":1327.3625694873,"data_set_value_component_K_channel_activation_variable_tau_n":16.0,"data_set_value_component_K_channel_activation_variable_v_n":-16.0,"data_set_value_component_K_channel_activation_variable_s_n":5.6,"data_set_value_component_K_channel_activation_variable_n_infinity":0.000110503,"data_set_value_component_K_channel_activation_variable_n":0.00011,"data_set_value_component_cytosolic_Ca_variable_c":0.15666,"data_set_value_component_Ca_influx_variable_f":0.001,"data_set_value_component_Ca_influx_variable_alpha":0.00000225,"data_set_value_component_Ca_influx_variable_k_c":0.1,"data_set_value_component_Ca_influx_variable_J_mem":-0.0000108237},{"data_set_value_component_environment_variable_time":0.1,"data_set_value_component_nucleotides_variable_tau_c":1200.0,"data_set_value_component_nucleotides_variable_eta":185.0,"data_set_value_component_nucleotides_variable_v":10.0,"data_set_value_component_nucleotides_variable_k":20.0,"data_set_value_component_nucleotides_variable_phi":15.5295252494,"data_set_value_component_nucleotides_variable_ADP":0.0858169711,"data_set_value_component_nucleotides_variable_ATP":2.1046995392,"data_set_value_component_membrane_variable_C_m":5300.0,"data_set_value_component_membrane_variable_V":-67.0179877276,"data_set_value_component_Ca_current_variable_g_Ca_":1200.0,"data_set_value_component_Ca_current_variable_V_Ca":25.0,"data_set_value_component_Ca_current_variable_v_m":-20.0,"data_set_value_component_Ca_current_variable_s_m":12.0,"data_set_value_component_Ca_current_variable_m_infinity":0.0194901087,"data_set_value_component_Ca_current_variable_I_Ca":-2152.1286974966,"data_set_value_component_K_current_variable_g_K_":3000.0,"data_set_value_component_K_current_variable_V_K":-75.0,"data_set_value_component_K_current_variable_I_K":2.634138803,"data_set_value_component_Ca_activated_K_current_variable_g_KCa_":300.0,"data_set_value_component_Ca_activated_K_current_variable_k_D":0.3,"data_set_value_component_Ca_activated_K_current_variable_omega":0.3430545459,"data_set_value_component_Ca_activated_K_current_variable_I_KCa":821.4796787399,"data_set_value_component_ATP_sensitive_K_current_variable_g_KATP_":350.0,"data_set_value_component_ATP_sensitive_K_current_variable_I_KATP":1327.3649009191,"data_set_value_component_K_channel_activation_variable_tau_n":16.0,"data_set_value_component_K_channel_activation_variable_v_n":-16.0,"data_set_value_component_K_channel_activation_variable_s_n":5.6,"data_set_value_component_K_channel_activation_variable_n_infinity":0.0001105033,"data_set_value_component_K_channel_activation_variable_n":0.0001100031,"data_set_value_component_cytosolic_Ca_variable_c":0.1566589176,"data_set_value_component_Ca_influx_variable_f":0.001,"data_set_value_component_Ca_influx_variable_alpha":0.00000225,"data_set_value_component_Ca_influx_variable_k_c":0.1,"data_set_value_component_Ca_influx_variable_J_mem":-0.0000108236},{"data_set_value_component_environment_variable_time":0.2,"data_set_value_component_nucleotides_variable_tau_c":1200.0,"data_set_value_component_nucleotides_variable_eta":185.0,"data_set_value_component_nucleotides_variable_v":10.0,"data_set_value_component_nucleotides_variable_k":20.0,"data_set_value_component_nucleotides_variable_phi":15.529515244,"data_set_value_component_nucleotides_variable_ADP":0.0858169422,"data_set_value_component_nucleotides_variable_ATP":2.1046990784,"data_set_value_component_membrane_variable_C_m":5300.0,"data_set_value_component_membrane_variable_V":-67.0179754183,"data_set_value_component_Ca_current_variable_g_Ca_":1200.0,"data_set_value_component_Ca_current_variable_V_Ca":25.0,"data_set_value_component_Ca_current_variable_v_m":-20.0,"data_set_value_component_Ca_current_variable_s_m":12.0,"data_set_value_component_Ca_current_variable_m_infinity":0.0194901283,"data_set_value_component_Ca_current_variable_I_Ca":-2152.1305741834,"data_set_value_component_K_current_variable_g_K_":3000.0,"data_set_value_component_K_current_variable_V_K":-75.0,"data_set_value_component_K_current_variable_I_K":2.6342171828,"data_set_value_component_Ca_activated_K_current_variable_g_KCa_":300.0,"data_set_value_component_Ca_activated_K_current_variable_k_D":0.3,"data_set_value_component_Ca_activated_K_current_variable_omega":0.3430529889,"data_set_value_component_Ca_activated_K_current_variable_I_KCa":821.4772170307,"data_set_value_component_ATP_sensitive_K_current_variable_g_KATP_":350.0,"data_set_value_component_ATP_sensitive_K_current_variable_I_KATP":1327.3672385001,"data_set_value_component_K_channel_activation_variable_tau_n":16.0,"data_set_value_component_K_channel_activation_variable_v_n":-16.0,"data_set_value_component_K_channel_activation_variable_s_n":5.6,"data_set_value_component_K_channel_activation_variable_n_infinity":0.0001105035,"data_set_value_component_K_channel_activation_variable_n":0.0001100062,"data_set_value_component_cytosolic_Ca_variable_c":0.1566578353,"data_set_value_component_Ca_influx_variable_f":0.001,"data_set_value_component_Ca_influx_variable_alpha":0.00000225,"data_set_value_component_Ca_influx_variable_k_c":0.1,"data_set_value_component_Ca_influx_variable_J_mem":-0.0000108235},{"data_set_value_component_environment_variable_time":0.3,"data_set_value_component_nucleotides_variable_tau_c":1200.0,"data_set_value_component_nucleotides_variable_eta":185.0,"data_set_value_component_nucleotides_variable_v":10.0,"data_set_value_component_nucleotides_variable_k":20.0,"data_set_value_component_nucleotides_variable_phi":15.5295052384,"data_set_value_component_nucleotides_variable_ADP":0.0858169133,"data_set_value_component_nucleotides_variable_ATP":2.1046986176,"data_set_value_component_membrane_variable_C_m":5300.0,"data_set_value_component_membrane_variable_V":-67.0179630848,"data_set_value_component_Ca_current_variable_g_Ca_":1200.0,"data_set_value_component_Ca_current_variable_V_Ca":25.0,"data_set_value_component_Ca_current_variable_v_m":-20.0,"data_set_value_component_Ca_current_variable_s_m":12.0,"data_set_value_component_Ca_current_variable_m_infinity":0.0194901479,"data_set_value_component_Ca_current_variable_I_Ca":-2152.1324545558,"data_set_value_component_K_current_variable_g_K_":3000.0,"data_set_value_component_K_current_variable_V_K":-75.0,"data_set_value_component_K_current_variable_I_K":2.6342952861,"data_set_value_component_Ca_activated_K_current_variable_g_KCa_":300.0,"data_set_value_component_Ca_activated_K_current_variable_k_D":0.3,"data_set_value_component_Ca_activated_K_current_variable_omega":0.3430514318,"data_set_value_component_Ca_activated_K_current_variable_I_KCa":821.4747578049,"data_set_value_component_ATP_sensitive_K_current_variable_g_KATP_":350.0,"data_set_value_component_ATP_sensitive_K_current_variable_I_KATP":1327.3695801,"data_set_value_component_K_channel_activation_variable_tau_n":16.0,"data_set_value_component_K_channel_activation_variable_v_n":-16.0,"data_set_value_component_K_channel_activation_variable_s_n":5.6,"data_set_value_component_K_channel_activation_variable_n_infinity":0.0001105038,"data_set_value_component_K_channel_activation_variable_n":0.0001100093,"data_set_value_component_cytosolic_Ca_variable_c":0.156656753,"data_set_value_component_Ca_influx_variable_f":0.001,"data_set_value_component_Ca_influx_variable_alpha":0.00000225,"data_set_value_component_Ca_influx_variable_k_c":0.1,"data_set_value_component_Ca_influx_variable_J_mem":-0.0000108234},{"data_set_value_component_environment_variable_time":0.4,"data_set_value_component_nucleotides_variable_tau_c":1200.0,"data_set_value_component_nucleotides_variable_eta":185.0,"data_set_value_component_nucleotides_variable_v":10.0,"data_set_value_component_nucleotides_variable_k":20.0,"data_set_value_component_nucleotides_variable_phi":15.5294952328,"data_set_value_component_nucleotides_variable_ADP":0.0858168845,"data_set_value_component_nucleotides_variable_ATP":2.1046981568,"data_set_value_component_membrane_variable_C_m":5300.0,"data_set_value_component_membrane_variable_V":-67.0179507172,"data_set_value_component_Ca_current_variable_g_Ca_":1200.0,"data_set_value_component_Ca_current_variable_V_Ca":25.0,"data_set_value_component_Ca_current_variable_v_m":-20.0,"data_set_value_component_Ca_current_variable_s_m":12.0,"data_set_value_component_Ca_current_variable_m_infinity":0.0194901676,"data_set_value_component_Ca_current_variable_I_Ca":-2152.134340139,"data_set_value_component_K_current_variable_g_K_":3000.0,"data_set_value_component_K_current_variable_V_K":-75.0,"data_set_value_component_K_current_variable_I_K":2.6343730099,"data_set_value_component_Ca_activated_K_current_variable_g_KCa_":300.0,"data_set_value_component_Ca_activated_K_current_variable_k_D":0.3,"data_set_value_component_Ca_activated_K_current_variable_omega":0.3430498748,"data_set_value_component_Ca_activated_K_current_variable_I_KCa":821.4723021033,"data_set_value_component_ATP_sensitive_K_current_variable_g_KATP_":350.0,"data_set_value_component_ATP_sensitive_K_current_variable_I_KATP":1327.3719273824,"data_set_value_component_K_channel_activation_variable_tau_n":16.0,"data_set_value_component_K_channel_activation_variable_v_n":-16.0,"data_set_value_component_K_channel_activation_variable_s_n":5.6,"data_set_value_component_K_channel_activation_variable_n_infinity":0.000110504,"data_set_value_component_K_channel_activation_variable_n":0.0001100124,"data_set_value_component_cytosolic_Ca_variable_c":0.1566556706,"data_set_value_component_Ca_influx_variable_f":0.001,"data_set_value_component_Ca_influx_variable_alpha":0.00000225,"data_set_value_component_Ca_influx_variable_k_c":0.1,"data_set_value_component_Ca_influx_variable_J_mem":-0.0000108233},{"data_set_value_component_environment_variable_time":0.5,"data_set_value_component_nucleotides_variable_tau_c":1200.0,"data_set_value_component_nucleotides_variable_eta":185.0,"data_set_value_component_nucleotides_variable_v":10.0,"data_set_value_component_nucleotides_variable_k":20.0,"data_set_value_component_nucleotides_variable_phi":15.5294852271,"data_set_value_component_nucleotides_variable_ADP":0.0858168556,"data_set_value_component_nucleotides_variable_ATP":2.104697696,"data_set_value_component_membrane_variable_C_m":5300.0,"data_set_value_component_membrane_variable_V":-67.0179382861,"data_set_value_component_Ca_current_variable_g_Ca_":1200.0,"data_set_value_component_Ca_current_variable_V_Ca":25.0,"data_set_value_component_Ca_current_variable_v_m":-20.0,"data_set_value_component_Ca_current_variable_s_m":12.0,"data_set_value_component_Ca_current_variable_m_infinity":0.0194901874,"data_set_value_component_Ca_current_variable_I_Ca":-2152.1362353958,"data_set_value_component_K_current_variable_g_K_":3000.0,"data_set_value_component_K_current_variable_V_K":-75.0,"data_set_value_component_K_current_variable_I_K":2.6344500531,"data_set_value_component_Ca_activated_K_current_variable_g_KCa_":300.0,"data_set_value_component_Ca_activated_K_current_variable_k_D":0.3,"data_set_value_component_Ca_activated_K_current_variable_omega":0.3430483178,"data_set_value_component_Ca_activated_K_current_variable_I_KCa":821.4698529711,"data_set_value_component_ATP_sensitive_K_current_variable_g_KATP_":350.0,"data_set_value_component_ATP_sensitive_K_current_variable_I_KATP":1327.3742852144,"data_set_value_component_K_channel_activation_variable_tau_n":16.0,"data_set_value_component_K_channel_activation_variable_v_n":-16.0,"data_set_value_component_K_channel_activation_variable_s_n":5.6,"data_set_value_component_K_channel_activation_variable_n_infinity":0.0001105042,"data_set_value_component_K_channel_activation_variable_n":0.0001100154,"data_set_value_component_cytosolic_Ca_variable_c":0.1566545883,"data_set_value_component_Ca_influx_variable_f":0.001,"data_set_value_component_Ca_influx_variable_alpha":0.00000225,"data_set_value_component_Ca_influx_variable_k_c":0.1,"data_set_value_component_Ca_influx_variable_J_mem":-0.0000108232},{"data_set_value_component_environment_variable_time":0.6,"data_set_value_component_nucleotides_variable_tau_c":1200.0,"data_set_value_component_nucleotides_variable_eta":185.0,"data_set_value_component_nucleotides_variable_v":10.0,"data_set_value_component_nucleotides_variable_k":20.0,"data_set_value_component_nucleotides_variable_phi":15.5294752213,"data_set_value_component_nucleotides_variable_ADP":0.0858168267,"data_set_value_component_nucleotides_variable_ATP":2.1046972353,"data_set_value_component_membrane_variable_C_m":5300.0,"data_set_value_component_membrane_variable_V":-67.0179258231,"data_set_value_component_Ca_current_variable_g_Ca_":1200.0,"data_set_value_component_Ca_current_variable_V_Ca":25.0,"data_set_value_component_Ca_current_variable_v_m":-20.0,"data_set_value_component_Ca_current_variable_s_m":12.0,"data_set_value_component_Ca_current_variable_m_infinity":0.0194902073,"data_set_value_component_Ca_current_variable_I_Ca":-2152.1381355121,"data_set_value_component_K_current_variable_g_K_":3000.0,"data_set_value_component_K_current_variable_V_K":-75.0,"data_set_value_component_K_current_variable_I_K":2.6345267406,"data_set_value_component_Ca_activated_K_current_variable_g_KCa_":300.0,"data_set_value_component_Ca_activated_K_current_variable_k_D":0.3,"data_set_value_component_Ca_activated_K_current_variable_omega":0.3430467607,"data_set_value_component_Ca_activated_K_current_variable_I_KCa":821.4674071234,"data_set_value_component_ATP_sensitive_K_current_variable_g_KATP_":350.0,"data_set_value_component_ATP_sensitive_K_current_variable_I_KATP":1327.3766483458,"data_set_value_component_K_channel_activation_variable_tau_n":16.0,"data_set_value_component_K_channel_activation_variable_v_n":-16.0,"data_set_value_component_K_channel_activation_variable_s_n":5.6,"data_set_value_component_K_channel_activation_variable_n_infinity":0.0001105045,"data_set_value_component_K_channel_activation_variable_n":0.0001100185,"data_set_value_component_cytosolic_Ca_variable_c":0.156653506,"data_set_value_component_Ca_influx_variable_f":0.001,"data_set_value_component_Ca_influx_variable_alpha":0.00000225,"data_set_value_component_Ca_influx_variable_k_c":0.1,"data_set_value_component_Ca_influx_variable_J_mem":-0.000010823},{"data_set_value_component_environment_variable_time":0.7,"data_set_value_component_nucleotides_variable_tau_c":1200.0,"data_set_value_component_nucleotides_variable_eta":185.0,"data_set_value_component_nucleotides_variable_v":10.0,"data_set_value_component_nucleotides_variable_k":20.0,"data_set_value_component_nucleotides_variable_phi":15.5294652154,"data_set_value_component_nucleotides_variable_ADP":0.0858167978,"data_set_value_component_nucleotides_variable_ATP":2.1046967745,"data_set_value_component_membrane_variable_C_m":5300.0,"data_set_value_component_membrane_variable_V":-67.0179133283,"data_set_value_component_Ca_current_variable_g_Ca_":1200.0,"data_set_value_component_Ca_current_variable_V_Ca":25.0,"data_set_value_component_Ca_current_variable_v_m":-20.0,"data_set_value_component_Ca_current_variable_s_m":12.0,"data_set_value_component_Ca_current_variable_m_infinity":0.0194902272,"data_set_value_component_Ca_current_variable_I_Ca":-2152.140040488,"data_set_value_component_K_current_variable_g_K_":3000.0,"data_set_value_component_K_current_variable_V_K":-75.0,"data_set_value_component_K_current_variable_I_K":2.6346030724,"data_set_value_component_Ca_activated_K_current_variable_g_KCa_":300.0,"data_set_value_component_Ca_activated_K_current_variable_k_D":0.3,"data_set_value_component_Ca_activated_K_current_variable_omega":0.3430452037,"data_set_value_component_Ca_activated_K_current_variable_I_KCa":821.46496456,"data_set_value_component_ATP_sensitive_K_current_variable_g_KATP_":350.0,"data_set_value_component_ATP_sensitive_K_current_variable_I_KATP":1327.3790167765,"data_set_value_component_K_channel_activation_variable_tau_n":16.0,"data_set_value_component_K_channel_activation_variable_v_n":-16.0,"data_set_value_component_K_channel_activation_variable_s_n":5.6,"data_set_value_component_K_channel_activation_variable_n_infinity":0.0001105047,"data_set_value_component_K_channel_activation_variable_n":0.0001100215,"data_set_value_component_cytosolic_Ca_variable_c":0.1566524237,"data_set_value_component_Ca_influx_variable_f":0.001,"data_set_value_component_Ca_influx_variable_alpha":0.00000225,"data_set_value_component_Ca_influx_variable_k_c":0.1,"data_set_value_component_Ca_influx_variable_J_mem":-0.0000108229},{"data_set_value_component_environment_variable_time":0.8,"data_set_value_component_nucleotides_variable_tau_c":1200.0,"data_set_value_component_nucleotides_variable_eta":185.0,"data_set_value_component_nucleotides_variable_v":10.0,"data_set_value_component_nucleotides_variable_k":20.0,"data_set_value_component_nucleotides_variable_phi":15.5294552095,"data_set_value_component_nucleotides_variable_ADP":0.0858167689,"data_set_value_component_nucleotides_variable_ATP":2.1046963137,"data_set_value_component_membrane_variable_C_m":5300.0,"data_set_value_component_membrane_variable_V":-67.0179008016,"data_set_value_component_Ca_current_variable_g_Ca_":1200.0,"data_set_value_component_Ca_current_variable_V_Ca":25.0,"data_set_value_component_Ca_current_variable_v_m":-20.0,"data_set_value_component_Ca_current_variable_s_m":12.0,"data_set_value_component_Ca_current_variable_m_infinity":0.0194902471,"data_set_value_component_Ca_current_variable_I_Ca":-2152.1419503236,"data_set_value_component_K_current_variable_g_K_":3000.0,"data_set_value_component_K_current_variable_V_K":-75.0,"data_set_value_component_K_current_variable_I_K":2.6346790484,"data_set_value_component_Ca_activated_K_current_variable_g_KCa_":300.0,"data_set_value_component_Ca_activated_K_current_variable_k_D":0.3,"data_set_value_component_Ca_activated_K_current_variable_omega":0.3430436467,"data_set_value_component_Ca_activated_K_current_variable_I_KCa":821.4625252809,"data_set_value_component_ATP_sensitive_K_current_variable_g_KATP_":350.0,"data_set_value_component_ATP_sensitive_K_current_variable_I_KATP":1327.3813905066,"data_set_value_component_K_channel_activation_variable_tau_n":16.0,"data_set_value_component_K_channel_activation_variable_v_n":-16.0,"data_set_value_component_K_channel_activation_variable_s_n":5.6,"data_set_value_component_K_channel_activation_variable_n_infinity":0.000110505,"data_set_value_component_K_channel_activation_variable_n":0.0001100245,"data_set_value_component_cytosolic_Ca_variable_c":0.1566513415,"data_set_value_component_Ca_influx_variable_f":0.001,"data_set_value_component_Ca_influx_variable_alpha":0.00000225,"data_set_value_component_Ca_influx_variable_k_c":0.1,"data_set_value_component_Ca_influx_variable_J_mem":-0.0000108228},{"data_set_value_component_environment_variable_time":0.9,"data_set_value_component_nucleotides_variable_tau_c":1200.0,"data_set_value_component_nucleotides_variable_eta":185.0,"data_set_value_component_nucleotides_variable_v":10.0,"data_set_value_component_nucleotides_variable_k":20.0,"data_set_value_component_nucleotides_variable_phi":15.5294452034,"data_set_value_component_nucleotides_variable_ADP":0.08581674,"data_set_value_component_nucleotides_variable_ATP":2.1046958529,"data_set_value_component_membrane_variable_C_m":5300.0,"data_set_value_component_membrane_variable_V":-67.017888243,"data_set_value_component_Ca_current_variable_g_Ca_":1200.0,"data_set_value_component_Ca_current_variable_V_Ca":25.0,"data_set_value_component_Ca_current_variable_v_m":-20.0,"data_set_value_component_Ca_current_variable_s_m":12.0,"data_set_value_component_Ca_current_variable_m_infinity":0.0194902671,"data_set_value_component_Ca_current_variable_I_Ca":-2152.1438650187,"data_set_value_component_K_current_variable_g_K_":3000.0,"data_set_value_component_K_current_variable_V_K":-75.0,"data_set_value_component_K_current_variable_I_K":2.6347546687,"data_set_value_component_Ca_activated_K_current_variable_g_KCa_":300.0,"data_set_value_component_Ca_activated_K_current_variable_k_D":0.3,"data_set_value_component_Ca_activated_K_current_variable_omega":0.3430420897,"data_set_value_component_Ca_activated_K_current_variable_I_KCa":821.4600892861,"data_set_value_component_ATP_sensitive_K_current_variable_g_KATP_":350.0,"data_set_value_component_ATP_sensitive_K_current_variable_I_KATP":1327.3837695361,"data_set_value_component_K_channel_activation_variable_tau_n":16.0,"data_set_value_component_K_channel_activation_variable_v_n":-16.0,"data_set_value_component_K_channel_activation_variable_s_n":5.6,"data_set_value_component_K_channel_activation_variable_n_infinity":0.0001105052,"data_set_value_component_K_channel_activation_variable_n":0.0001100275,"data_set_value_component_cytosolic_Ca_variable_c":0.1566502592,"data_set_value_component_Ca_influx_variable_f":0.001,"data_set_value_component_Ca_influx_variable_alpha":0.00000225,"data_set_value_component_Ca_influx_variable_k_c":0.1,"data_set_value_component_Ca_influx_variable_J_mem":-0.0000108227},{"data_set_value_component_environment_variable_time":1.0,"data_set_value_component_nucleotides_variable_tau_c":1200.0,"data_set_value_component_nucleotides_variable_eta":185.0,"data_set_value_component_nucleotides_variable_v":10.0,"data_set_value_component_nucleotides_variable_k":20.0,"data_set_value_component_nucleotides_variable_phi":15.5294351973,"data_set_value_component_nucleotides_variable_ADP":0.0858167111,"data_set_value_component_nucleotides_variable_ATP":2.1046953921,"data_set_value_component_membrane_variable_C_m":5300.0,"data_set_value_component_membrane_variable_V":-67.0178756526,"data_set_value_component_Ca_current_variable_g_Ca_":1200.0,"data_set_value_component_Ca_current_variable_V_Ca":25.0,"data_set_value_component_Ca_current_variable_v_m":-20.0,"data_set_value_component_Ca_current_variable_s_m":12.0,"data_set_value_component_Ca_current_variable_m_infinity":0.0194902872,"data_set_value_component_Ca_current_variable_I_Ca":-2152.1457845735,"data_set_value_component_K_current_variable_g_K_":3000.0,"data_set_value_component_K_current_variable_V_K":-75.0,"data_set_value_component_K_current_variable_I_K":2.6348299332,"data_set_value_component_Ca_activated_K_current_variable_g_KCa_":300.0,"data_set_value_component_Ca_activated_K_current_variable_k_D":0.3,"data_set_value_component_Ca_activated_K_current_variable_omega":0.3430405327,"data_set_value_component_Ca_activated_K_current_variable_I_KCa":821.4576565755,"data_set_value_component_ATP_sensitive_K_current_variable_g_KATP_":350.0,"data_set_value_component_ATP_sensitive_K_current_variable_I_KATP":1327.3861538649,"data_set_value_component_K_channel_activation_variable_tau_n":16.0,"data_set_value_component_K_channel_activation_variable_v_n":-16.0,"data_set_value_component_K_channel_activation_variable_s_n":5.6,"data_set_value_component_K_channel_activation_variable_n_infinity":0.0001105055,"data_set_value_component_K_channel_activation_variable_n":0.0001100304,"data_set_value_component_cytosolic_Ca_variable_c":0.1566491769,"data_set_value_component_Ca_influx_variable_f":0.001,"data_set_value_component_Ca_influx_variable_alpha":0.00000225,"data_set_value_component_Ca_influx_variable_k_c":0.1,"data_set_value_component_Ca_influx_variable_J_mem":-0.0000108226}]