[{"data_generator_V":0.0,"data_generator_W":0.000025},{"data_generator_V":38.664532,"data_generator_W":0.055309955},{"data_generator_V":31.250473,"data_generator_W":0.16271447},{"data_generator_V":24.606899,"data_generator_W":0.22812904},{"data_generator_V":19.920784,"data_generator_W":0.27401501},{"data_generator_V":15.90311,"data_generator_W":0.30932578},{"data_generator_V":11.98945,"data_generator_W":0.33752745},{"data_generator_V":7.5920238,"data_generator_W":0.36024383},{"data_generator_V":1.2821522,"data_generator_W":0.37793949},{"data_generator_V":-13.297271,"data_generator_W":0.38832423},{"data_generator_V":-47.371841,"data_generator_W":0.37952441},{"data_generator_V":-69.451591,"data_generator_W":0.33533266},{"data_generator_V":-77.431068,"data_generator_W":0.25474179},{"data_generator_V":-79.209206,"data_generator_W":0.17700417},{"data_generator_V":-78.435913,"data_generator_W":0.12118132},{"data_generator_V":-76.620468,"data_generator_W":0.084901966},{"data_generator_V":-74.418427,"data_generator_W":0.061614446},{"data_generator_V":-72.135788,"data_generator_W":0.046334535},{"data_generator_V":-69.919991,"data_generator_W":0.035969269},{"data_generator_V":-67.839867,"data_generator_W":0.028687123},{"data_generator_V":-65.923264,"data_generator_W":0.023399565},{"data_generator_V":-64.176285,"data_generator_W":0.019445067},{"data_generator_V":-62.593655,"data_generator_W":0.016409881},{"data_generator_V":-61.164497,"data_generator_W":0.014027363},{"data_generator_V":-59.875603,"data_generator_W":0.01212058},{"data_generator_V":-58.713203,"data_generator_W":0.010568894},{"data_generator_V":-57.663963,"data_generator_W":0.0092879385},{"data_generator_V":-56.715481,"data_generator_W":0.0082173459},{"data_generator_V":-55.856472,"data_generator_W":0.0073129958},{"data_generator_V":-55.076843,"data_generator_W":0.0065420195},{"data_generator_V":-54.367645,"data_generator_W":0.0058794972},{"data_generator_V":-53.720985,"data_generator_W":0.0053062323},{"data_generator_V":-53.129936,"data_generator_W":0.0048072189},{"data_generator_V":-52.588425,"data_generator_W":0.004370572},{"data_generator_V":-52.091133,"data_generator_W":0.0039867605},{"data_generator_V":-51.6334,"data_generator_W":0.0036480571},{"data_generator_V":-51.21114,"data_generator_W":0.0033481317},{"data_generator_V":-50.820763,"data_generator_W":0.0030817499},{"data_generator_V":-50.459114,"data_generator_W":0.0028445474},{"data_generator_V":-50.123409,"data_generator_W":0.0026328547},{"data_generator_V":-49.811192,"data_generator_W":0.0024435658},{"data_generator_V":-49.520283,"data_generator_W":0.0022740327},{"data_generator_V":-49.248753,"data_generator_W":0.0021219852},{"data_generator_V":-48.994877,"data_generator_W":0.0019854654},{"data_generator_V":-48.757122,"data_generator_W":0.0018627765},{"data_generator_V":-48.534119,"data_generator_W":0.0017524401},{"data_generator_V":-48.324631,"data_generator_W":0.0016531636},{"data_generator_V":-48.127548,"data_generator_W":0.0015638116},{"data_generator_V":-47.941875,"data_generator_W":0.001483383},{"data_generator_V":-47.766708,"data_generator_W":0.0014109927},{"data_generator_V":-47.601223,"data_generator_W":0.0013458553},{"data_generator_V":-47.444679,"data_generator_W":0.0012872717},{"data_generator_V":-47.296394,"data_generator_W":0.0012346188},{"data_generator_V":-47.15575,"data_generator_W":0.0011873387},{"data_generator_V":-47.022182,"data_generator_W":0.0011449319},{"data_generator_V":-46.895164,"data_generator_W":0.0011069495},{"data_generator_V":-46.774223,"data_generator_W":0.0010729878},{"data_generator_V":-46.658913,"data_generator_W":0.0010426829},{"data_generator_V":-46.548824,"data_generator_W":0.0010157063},{"data_generator_V":-46.443584,"data_generator_W":0.0009917613},{"data_generator_V":-46.342838,"data_generator_W":0.0009705794},{"data_generator_V":-46.246262,"data_generator_W":0.0009519171},{"data_generator_V":-46.153553,"data_generator_W":0.0009355539},{"data_generator_V":-46.064423,"data_generator_W":0.0009212897},{"data_generator_V":-45.978611,"data_generator_W":0.0009089427},{"data_generator_V":-45.895866,"data_generator_W":0.0008983477},{"data_generator_V":-45.815956,"data_generator_W":0.0008893547},{"data_generator_V":-45.738663,"data_generator_W":0.0008818272},{"data_generator_V":-45.663773,"data_generator_W":0.0008756411},{"data_generator_V":-45.591099,"data_generator_W":0.0008706836},{"data_generator_V":-45.520454,"data_generator_W":0.0008668522},{"data_generator_V":-45.45166,"data_generator_W":0.0008640537},{"data_generator_V":-45.384548,"data_generator_W":0.0008622032},{"data_generator_V":-45.31897,"data_generator_W":0.0008612239},{"data_generator_V":-45.254765,"data_generator_W":0.000861046},{"data_generator_V":-45.191795,"data_generator_W":0.0008616063},{"data_generator_V":-45.129921,"data_generator_W":0.0008628476},{"data_generator_V":-45.069008,"data_generator_W":0.000864718},{"data_generator_V":-45.00893,"data_generator_W":0.0008671712},{"data_generator_V":-44.94957,"data_generator_W":0.0008701649},{"data_generator_V":-44.890804,"data_generator_W":0.0008736617},{"data_generator_V":-44.83252,"data_generator_W":0.0008776279},{"data_generator_V":-44.774605,"data_generator_W":0.0008820334},{"data_generator_V":-44.716953,"data_generator_W":0.0008868519},{"data_generator_V":-44.659458,"data_generator_W":0.00089206},{"data_generator_V":-44.60202,"data_generator_W":0.0008976372},{"data_generator_V":-44.544533,"data_generator_W":0.000903566},{"data_generator_V":-44.486904,"data_generator_W":0.0009098313},{"data_generator_V":-44.429031,"data_generator_W":0.0009164207},{"data_generator_V":-44.370823,"data_generator_W":0.0009233237},{"data_generator_V":-44.312176,"data_generator_W":0.0009305323},{"data_generator_V":-44.252995,"data_generator_W":0.0009380404},{"data_generator_V":-44.193192,"data_generator_W":0.000945844},{"data_generator_V":-44.13266,"data_generator_W":0.000953941},{"data_generator_V":-44.071308,"data_generator_W":0.0009623308},{"data_generator_V":-44.009041,"data_generator_W":0.0009710151},{"data_generator_V":-43.945751,"data_generator_W":0.0009799969},{"data_generator_V":-43.881344,"data_generator_W":0.0009892811},{"data_generator_V":-43.815712,"data_generator_W":0.0009988743},{"data_generator_V":-43.748749,"data_generator_W":0.0010087849},{"data_generator_V":-43.680344,"data_generator_W":0.0010190227},{"data_generator_V":-43.610386,"data_generator_W":0.0010295996},{"data_generator_V":-43.538757,"data_generator_W":0.0010405291},{"data_generator_V":-43.465332,"data_generator_W":0.0010518268},{"data_generator_V":-43.38998,"data_generator_W":0.0010635098},{"data_generator_V":-43.312569,"data_generator_W":0.0010755978},{"data_generator_V":-43.232956,"data_generator_W":0.0010881122},{"data_generator_V":-43.15099,"data_generator_W":0.001101077},{"data_generator_V":-43.066509,"data_generator_W":0.0011145184},{"data_generator_V":-42.979343,"data_generator_W":0.0011284656},{"data_generator_V":-42.889313,"data_generator_W":0.0011429505},{"data_generator_V":-42.796223,"data_generator_W":0.0011580084},{"data_generator_V":-42.69986,"data_generator_W":0.0011736779},{"data_generator_V":-42.599998,"data_generator_W":0.0011900016},{"data_generator_V":-42.496395,"data_generator_W":0.0012070264},{"data_generator_V":-42.388779,"data_generator_W":0.0012248042},{"data_generator_V":-42.276855,"data_generator_W":0.001243392},{"data_generator_V":-42.160316,"data_generator_W":0.0012628534},{"data_generator_V":-42.038799,"data_generator_W":0.0012832585},{"data_generator_V":-41.911922,"data_generator_W":0.0013046856},{"data_generator_V":-41.779255,"data_generator_W":0.001327222},{"data_generator_V":-41.64032,"data_generator_W":0.0013509656},{"data_generator_V":-41.494583,"data_generator_W":0.001376026},{"data_generator_V":-41.341446,"data_generator_W":0.0014025273},{"data_generator_V":-41.180233,"data_generator_W":0.0014306098},{"data_generator_V":-41.010178,"data_generator_W":0.0014604335},{"data_generator_V":-40.830402,"data_generator_W":0.0014921811},{"data_generator_V":-40.639908,"data_generator_W":0.0015260627},{"data_generator_V":-40.437538,"data_generator_W":0.0015623218},{"data_generator_V":-40.221947,"data_generator_W":0.0016012418},{"data_generator_V":-39.991562,"data_generator_W":0.0016431551},{"data_generator_V":-39.744518,"data_generator_W":0.0016884551},{"data_generator_V":-39.478603,"data_generator_W":0.001737611},{"data_generator_V":-39.191154,"data_generator_W":0.0017911884},{"data_generator_V":-38.878933,"data_generator_W":0.0018498761},{"data_generator_V":-38.537941,"data_generator_W":0.0019145245},{"data_generator_V":-38.1632,"data_generator_W":0.0019861974},{"data_generator_V":-37.748398,"data_generator_W":0.0020662479},{"data_generator_V":-37.28537,"data_generator_W":0.0021564299},{"data_generator_V":-36.763371,"data_generator_W":0.0022590677},{"data_generator_V":-36.167873,"data_generator_W":0.0023773233},{"data_generator_V":-35.478695,"data_generator_W":0.0025156375},{"data_generator_V":-34.666767,"data_generator_W":0.0026804947},{"data_generator_V":-33.6884,"data_generator_W":0.0028818429},{"data_generator_V":-32.474194,"data_generator_W":0.0031359545},{"data_generator_V":-30.905724,"data_generator_W":0.0034718527},{"data_generator_V":-28.759907,"data_generator_W":0.0039480953},{"data_generator_V":-25.551342,"data_generator_W":0.0047073956},{"data_generator_V":-19.951721,"data_generator_W":0.0062299119},{"data_generator_V":-6.5766616,"data_generator_W":0.011432436},{"data_generator_V":27.223629,"data_generator_W":0.03945962},{"data_generator_V":26.995096,"data_generator_W":0.11386896},{"data_generator_V":21.487484,"data_generator_W":0.17191562},{"data_generator_V":17.156513,"data_generator_W":0.21489617},{"data_generator_V":13.311921,"data_generator_W":0.24879315},{"data_generator_V":9.4544868,"data_generator_W":0.27627712},{"data_generator_V":4.9559088,"data_generator_W":0.29857394},{"data_generator_V":-1.8223196,"data_generator_W":0.31574237},{"data_generator_V":-17.284931,"data_generator_W":0.32422414},{"data_generator_V":-46.281761,"data_generator_W":0.3154023},{"data_generator_V":-65.127975,"data_generator_W":0.28337625},{"data_generator_V":-72.980156,"data_generator_W":0.22791556},{"data_generator_V":-75.294853,"data_generator_W":0.17043103},{"data_generator_V":-75.029762,"data_generator_W":0.12487856},{"data_generator_V":-73.592918,"data_generator_W":0.092564903},{"data_generator_V":-71.65831,"data_generator_W":0.070315503},{"data_generator_V":-69.560745,"data_generator_W":0.054888938},{"data_generator_V":-67.470078,"data_generator_W":0.043956403},{"data_generator_V":-65.471024,"data_generator_W":0.035999786},{"data_generator_V":-63.602554,"data_generator_W":0.030052049},{"data_generator_V":-61.878582,"data_generator_W":0.025493724},{"data_generator_V":-60.299404,"data_generator_W":0.021921011},{"data_generator_V":-58.858158,"data_generator_W":0.019064829},{"data_generator_V":-57.544548,"data_generator_W":0.016741659},{"data_generator_V":-56.346962,"data_generator_W":0.014823447},{"data_generator_V":-55.253658,"data_generator_W":0.013218868},{"data_generator_V":-54.253418,"data_generator_W":0.011861454},{"data_generator_V":-53.335846,"data_generator_W":0.010701908},{"data_generator_V":-52.491512,"data_generator_W":0.0097030243},{"data_generator_V":-51.711964,"data_generator_W":0.0088362694},{"data_generator_V":-50.98967,"data_generator_W":0.0080794375},{"data_generator_V":-50.317963,"data_generator_W":0.0074150125},{"data_generator_V":-49.690948,"data_generator_W":0.0068290066},{"data_generator_V":-49.103405,"data_generator_W":0.006310123},{"data_generator_V":-48.550732,"data_generator_W":0.0058491435},{"data_generator_V":-48.028839,"data_generator_W":0.0054384749},{"data_generator_V":-47.534092,"data_generator_W":0.00507181},{"data_generator_V":-47.063244,"data_generator_W":0.0047438685},{"data_generator_V":-46.613388,"data_generator_W":0.0044502001},{"data_generator_V":-46.1819,"data_generator_W":0.0041870303},{"data_generator_V":-45.766396,"data_generator_W":0.0039511407},{"data_generator_V":-45.364689,"data_generator_W":0.0037397754},{"data_generator_V":-44.97477,"data_generator_W":0.0035505651},{"data_generator_V":-44.594757,"data_generator_W":0.0033814674},{"data_generator_V":-44.222885,"data_generator_W":0.0032307189},{"data_generator_V":-43.857456,"data_generator_W":0.0030967966},{"data_generator_V":-43.496841,"data_generator_W":0.0029783871},{"data_generator_V":-43.139431,"data_generator_W":0.0028743609},{"data_generator_V":-42.783627,"data_generator_W":0.0027837544},{"data_generator_V":-42.427803,"data_generator_W":0.0027057526},{"data_generator_V":-42.070282,"data_generator_W":0.0026396799},{"data_generator_V":-41.709297,"data_generator_W":0.0025849915},{"data_generator_V":-41.34296,"data_generator_W":0.0025412699},{"data_generator_V":-40.969208,"data_generator_W":0.0025082252},{"data_generator_V":-40.585754,"data_generator_W":0.002485699},{"data_generator_V":-40.190002,"data_generator_W":0.002473674},{"data_generator_V":-39.778961,"data_generator_W":0.0024722898},{"data_generator_V":-39.349125,"data_generator_W":0.002481868},{"data_generator_V":-38.896294,"data_generator_W":0.0025029464},{"data_generator_V":-38.415352,"data_generator_W":0.0025363346},{"data_generator_V":-37.89994,"data_generator_W":0.0025831894},{"data_generator_V":-37.341972,"data_generator_W":0.0026451338},{"data_generator_V":-36.730949,"data_generator_W":0.0027244345},{"data_generator_V":-36.052845,"data_generator_W":0.0028242846},{"data_generator_V":-35.288395,"data_generator_W":0.0029492676},{"data_generator_V":-34.410152,"data_generator_W":0.0031061564},{"data_generator_V":-33.377346,"data_generator_W":0.0033053812},{"data_generator_V":-32.126118,"data_generator_W":0.0035639436},{"data_generator_V":-30.549408,"data_generator_W":0.0039118254},{"data_generator_V":-28.450502,"data_generator_W":0.0044082087},{"data_generator_V":-25.417574,"data_generator_W":0.0051916619},{"data_generator_V":-20.397705,"data_generator_W":0.006692213},{"data_generator_V":-9.6708126,"data_generator_W":0.011097824},{"data_generator_V":18.777779,"data_generator_W":0.031225096},{"data_generator_V":24.702414,"data_generator_W":0.090032488},{"data_generator_V":19.834223,"data_generator_W":0.14436331},{"data_generator_V":15.6668,"data_generator_W":0.18572238},{"data_generator_V":11.887442,"data_generator_W":0.21871746},{"data_generator_V":8.0256605,"data_generator_W":0.24564275},{"data_generator_V":3.4191492,"data_generator_W":0.26751295},{"data_generator_V":-3.7044246,"data_generator_W":0.28411049},{"data_generator_V":-19.548407,"data_generator_W":0.29115885},{"data_generator_V":-45.890427,"data_generator_W":0.28249982},{"data_generator_V":-63.163078,"data_generator_W":0.2554414},{"data_generator_V":-70.935196,"data_generator_W":0.20999174},{"data_generator_V":-73.58107,"data_generator_W":0.16148664},{"data_generator_V":-73.678391,"data_generator_W":0.12130337},{"data_generator_V":-72.546623,"data_generator_W":0.091630712},{"data_generator_V":-70.853165,"data_generator_W":0.070549093},{"data_generator_V":-68.94323,"data_generator_W":0.055587634},{"data_generator_V":-66.998329,"data_generator_W":0.044802189},{"data_generator_V":-65.112976,"data_generator_W":0.036853898},{"data_generator_V":-63.333832,"data_generator_W":0.030857459},{"data_generator_V":-61.680721,"data_generator_W":0.026230317},{"data_generator_V":-60.15847,"data_generator_W":0.022585064},{"data_generator_V":-58.763668,"data_generator_W":0.019659588},{"data_generator_V":-57.488651,"data_generator_W":0.017272988},{"data_generator_V":-56.323837,"data_generator_W":0.015297855},{"data_generator_V":-55.259029,"data_generator_W":0.013642648},{"data_generator_V":-54.284214,"data_generator_W":0.012240341},{"data_generator_V":-53.389938,"data_generator_W":0.011040977},{"data_generator_V":-52.567501,"data_generator_W":0.010006699},{"data_generator_V":-51.809029,"data_generator_W":0.0091083786},{"data_generator_V":-51.107468,"data_generator_W":0.0083232829},{"data_generator_V":-50.45652,"data_generator_W":0.0076334346},{"data_generator_V":-49.85062,"data_generator_W":0.0070244488},{"data_generator_V":-49.284821,"data_generator_W":0.0064846841},{"data_generator_V":-48.754757,"data_generator_W":0.0060046245},{"data_generator_V":-48.256554,"data_generator_W":0.0055764187},{"data_generator_V":-47.786781,"data_generator_W":0.0051935315},{"data_generator_V":-47.342388,"data_generator_W":0.0048504816},{"data_generator_V":-46.920662,"data_generator_W":0.004542639},{"data_generator_V":-46.519169,"data_generator_W":0.004266066},{"data_generator_V":-46.135731,"data_generator_W":0.004017395},{"data_generator_V":-45.768383,"data_generator_W":0.0037937292},{"data_generator_V":-45.415352,"data_generator_W":0.0035925668},{"data_generator_V":-45.075008,"data_generator_W":0.0034117359},{"data_generator_V":-44.74588,"data_generator_W":0.003249346},{"data_generator_V":-44.42659,"data_generator_W":0.0031037461},{"data_generator_V":-44.115875,"data_generator_W":0.0029734897},{"data_generator_V":-43.812546,"data_generator_W":0.0028573095},{"data_generator_V":-43.515472,"data_generator_W":0.0027540922},{"data_generator_V":-43.223595,"data_generator_W":0.002662861},{"data_generator_V":-42.935879,"data_generator_W":0.0025827601},{"data_generator_V":-42.651318,"data_generator_W":0.0025130406},{"data_generator_V":-42.368927,"data_generator_W":0.0024530515},{"data_generator_V":-42.087719,"data_generator_W":0.0024022302},{"data_generator_V":-41.806694,"data_generator_W":0.0023600962},{"data_generator_V":-41.524837,"data_generator_W":0.0023262464},{"data_generator_V":-41.241085,"data_generator_W":0.0023003509},{"data_generator_V":-40.954323,"data_generator_W":0.0022821515},{"data_generator_V":-40.663353,"data_generator_W":0.002271462},{"data_generator_V":-40.366886,"data_generator_W":0.0022681681},{"data_generator_V":-40.063503,"data_generator_W":0.0022722322},{"data_generator_V":-39.751625,"data_generator_W":0.0022836982},{"data_generator_V":-39.429455,"data_generator_W":0.0023027004},{"data_generator_V":-39.094959,"data_generator_W":0.0023294762},{"data_generator_V":-38.74575,"data_generator_W":0.0023643821},{"data_generator_V":-38.379032,"data_generator_W":0.0024079185},{"data_generator_V":-37.991459,"data_generator_W":0.0024607619},{"data_generator_V":-37.57896,"data_generator_W":0.0025238115},{"data_generator_V":-37.13652,"data_generator_W":0.0025982538},{"data_generator_V":-36.657845,"data_generator_W":0.0026856577},{"data_generator_V":-36.134861,"data_generator_W":0.0027881127},{"data_generator_V":-35.557011,"data_generator_W":0.0029084422},{"data_generator_V":-34.910126,"data_generator_W":0.0030505368},{"data_generator_V":-34.174637,"data_generator_W":0.0032199034},{"data_generator_V":-33.322567,"data_generator_W":0.0034246121},{"data_generator_V":-32.312218,"data_generator_W":0.0036770406},{"data_generator_V":-31.078087,"data_generator_W":0.0039973473},{"data_generator_V":-29.510101,"data_generator_W":0.004421148},{"data_generator_V":-27.405661,"data_generator_W":0.0050190422},{"data_generator_V":-24.34067,"data_generator_W":0.0059573329},{"data_generator_V":-19.237219,"data_generator_W":0.0077544837},{"data_generator_V":-8.4177513,"data_generator_W":0.012967847},{"data_generator_V":17.138651,"data_generator_W":0.033985063},{"data_generator_V":21.872128,"data_generator_W":0.086083516},{"data_generator_V":17.556503,"data_generator_W":0.1344987},{"data_generator_V":13.624852,"data_generator_W":0.1724834},{"data_generator_V":9.8986006,"data_generator_W":0.20324297},{"data_generator_V":5.9111738,"data_generator_W":0.22847405},{"data_generator_V":0.83010817,"data_generator_W":0.2487826},{"data_generator_V":-7.8142862,"data_generator_W":0.26315689},{"data_generator_V":-26.715998,"data_generator_W":0.26555777},{"data_generator_V":-50.188648,"data_generator_W":0.25422782},{"data_generator_V":-64.065086,"data_generator_W":0.22651732},{"data_generator_V":-70.400703,"data_generator_W":0.18571374},{"data_generator_V":-72.580719,"data_generator_W":0.14424174},{"data_generator_V":-72.609772,"data_generator_W":0.11000156},{"data_generator_V":-71.560341,"data_generator_W":0.084342487},{"data_generator_V":-69.999908,"data_generator_W":0.065756314},{"data_generator_V":-68.233154,"data_generator_W":0.052318707},{"data_generator_V":-66.425224,"data_generator_W":0.042475026},{"data_generator_V":-64.664635,"data_generator_W":0.035123829},{"data_generator_V":-62.99659,"data_generator_W":0.029517919},{"data_generator_V":-61.441509,"data_generator_W":0.025154702},{"data_generator_V":-60.005608,"data_generator_W":0.021693677},{"data_generator_V":-58.687145,"data_generator_W":0.018900828},{"data_generator_V":-57.480099,"data_generator_W":0.016612507},{"data_generator_V":-56.376381,"data_generator_W":0.01471216},{"data_generator_V":-55.36713,"data_generator_W":0.01311524},{"data_generator_V":-54.44347,"data_generator_W":0.011759345},{"data_generator_V":-53.596916,"data_generator_W":0.010597634},{"data_generator_V":-52.819584,"data_generator_W":0.0095943986},{"data_generator_V":-52.10429,"data_generator_W":0.0087220185},{"data_generator_V":-51.444561,"data_generator_W":0.0079588369},{"data_generator_V":-50.834591,"data_generator_W":0.0072876592},{"data_generator_V":-50.26923,"data_generator_W":0.0066946768},{"data_generator_V":-49.743889,"data_generator_W":0.0061686765},{"data_generator_V":-49.254517,"data_generator_W":0.0057004667},{"data_generator_V":-48.797512,"data_generator_W":0.0052824393},{"data_generator_V":-48.36969,"data_generator_W":0.0049082469},{"data_generator_V":-47.968224,"data_generator_W":0.0045725503},{"data_generator_V":-47.590603,"data_generator_W":0.0042708265},{"data_generator_V":-47.234592,"data_generator_W":0.0039992188},{"data_generator_V":-46.898201,"data_generator_W":0.0037544181},{"data_generator_V":-46.579651,"data_generator_W":0.0035335687},{"data_generator_V":-46.277348,"data_generator_W":0.0033341937},{"data_generator_V":-45.989857,"data_generator_W":0.0031541339},{"data_generator_V":-45.715889,"data_generator_W":0.0029914996},{"data_generator_V":-45.454281,"data_generator_W":0.0028446291},{"data_generator_V":-45.203979,"data_generator_W":0.0027120567},{"data_generator_V":-44.964024,"data_generator_W":0.0025924847},{"data_generator_V":-44.733536,"data_generator_W":0.0024847598},{"data_generator_V":-44.511723,"data_generator_W":0.0023878559},{"data_generator_V":-44.297844,"data_generator_W":0.0023008557},{"data_generator_V":-44.091228,"data_generator_W":0.0022229392},{"data_generator_V":-43.891251,"data_generator_W":0.0021533703},{"data_generator_V":-43.697327,"data_generator_W":0.0020914879},{"data_generator_V":-43.508919,"data_generator_W":0.002036697},{"data_generator_V":-43.325523,"data_generator_W":0.0019884619},{"data_generator_V":-43.146664,"data_generator_W":0.0019462996},{"data_generator_V":-42.971893,"data_generator_W":0.0019097739},{"data_generator_V":-42.800789,"data_generator_W":0.0018784918},{"data_generator_V":-42.632942,"data_generator_W":0.0018520983},{"data_generator_V":-42.467972,"data_generator_W":0.0018302735},{"data_generator_V":-42.3055,"data_generator_W":0.0018127293},{"data_generator_V":-42.145168,"data_generator_W":0.0017992067},{"data_generator_V":-41.986626,"data_generator_W":0.0017894736},{"data_generator_V":-41.829529,"data_generator_W":0.0017833227},{"data_generator_V":-41.673542,"data_generator_W":0.0017805696},{"data_generator_V":-41.51833,"data_generator_W":0.0017810516},{"data_generator_V":-41.363556,"data_generator_W":0.0017846266},{"data_generator_V":-41.208881,"data_generator_W":0.0017911716},{"data_generator_V":-41.05397,"data_generator_W":0.001800582},{"data_generator_V":-40.898476,"data_generator_W":0.0018127714},{"data_generator_V":-40.742043,"data_generator_W":0.0018276708},{"data_generator_V":-40.584297,"data_generator_W":0.0018452286},{"data_generator_V":-40.424862,"data_generator_W":0.0018654101},{"data_generator_V":-40.263336,"data_generator_W":0.0018881987},{"data_generator_V":-40.099285,"data_generator_W":0.0019135951},{"data_generator_V":-39.932266,"data_generator_W":0.0019416193},{"data_generator_V":-39.761787,"data_generator_W":0.0019723107},{"data_generator_V":-39.587326,"data_generator_W":0.0020057296},{"data_generator_V":-39.40831,"data_generator_W":0.0020419592},{"data_generator_V":-39.22411,"data_generator_W":0.0020811083},{"data_generator_V":-39.034031,"data_generator_W":0.0021233128},{"data_generator_V":-38.837299,"data_generator_W":0.0021687413},{"data_generator_V":-38.633053,"data_generator_W":0.0022175978},{"data_generator_V":-38.420303,"data_generator_W":0.0022701283},{"data_generator_V":-38.197937,"data_generator_W":0.0023266282},{"data_generator_V":-37.964661,"data_generator_W":0.0023874515},{"data_generator_V":-37.718983,"data_generator_W":0.0024530219},{"data_generator_V":-37.45916,"data_generator_W":0.0025238488},{"data_generator_V":-37.183121,"data_generator_W":0.0026005467},{"data_generator_V":-36.888401,"data_generator_W":0.0026838628},{"data_generator_V":-36.572014,"data_generator_W":0.0027747105},{"data_generator_V":-36.230316,"data_generator_W":0.00287422},{"data_generator_V":-35.858788,"data_generator_W":0.0029838041},{"data_generator_V":-35.451729,"data_generator_W":0.0031052551},{"data_generator_V":-35.001858,"data_generator_W":0.0032408847},{"data_generator_V":-34.499649,"data_generator_W":0.0033937332},{"data_generator_V":-33.932392,"data_generator_W":0.0035678961},{"data_generator_V":-33.28265,"data_generator_W":0.0037690501},{"data_generator_V":-32.525753,"data_generator_W":0.0040053451},{"data_generator_V":-31.625422,"data_generator_W":0.0042890045},{"data_generator_V":-30.525738,"data_generator_W":0.004639423},{"data_generator_V":-29.135122,"data_generator_W":0.0050897356},{"data_generator_V":-27.291113,"data_generator_W":0.0057026194},{"data_generator_V":-24.671898,"data_generator_W":0.0066154967},{"data_generator_V":-20.529169,"data_generator_W":0.0082073323},{"data_generator_V":-12.655292,"data_generator_W":0.011993256},{"data_generator_V":6.2576284,"data_generator_W":0.025655827},{"data_generator_V":20.441051,"data_generator_W":0.064828008},{"data_generator_V":17.162027,"data_generator_W":0.11241868},{"data_generator_V":13.27685,"data_generator_W":0.1507484},{"data_generator_V":9.576827,"data_generator_W":0.18187301},{"data_generator_V":5.6510868,"data_generator_W":0.20747045},{"data_generator_V":0.74664938,"data_generator_W":0.22817279},{"data_generator_V":-7.2228603,"data_generator_W":0.24312614},{"data_generator_V":-23.903009,"data_generator_W":0.24707021},{"data_generator_V":-46.483742,"data_generator_W":0.23829271},{"data_generator_V":-61.204411,"data_generator_W":0.21618658},{"data_generator_V":-68.473282,"data_generator_W":0.18153943},{"data_generator_V":-71.37397,"data_generator_W":0.14396943},{"data_generator_V":-71.909706,"data_generator_W":0.11134771},{"data_generator_V":-71.208389,"data_generator_W":0.086046278},{"data_generator_V":-69.887466,"data_generator_W":0.067314796},{"data_generator_V":-68.286842,"data_generator_W":0.053592697},{"data_generator_V":-66.595238,"data_generator_W":0.043464988},{"data_generator_V":-64.916946,"data_generator_W":0.035872389},{"data_generator_V":-63.307865,"data_generator_W":0.030073311},{"data_generator_V":-61.795769,"data_generator_W":0.025559181},{"data_generator_V":-60.391979,"data_generator_W":0.021981178},{"data_generator_V":-59.098331,"data_generator_W":0.019097667},{"data_generator_V":-57.911324,"data_generator_W":0.016738825},{"data_generator_V":-56.824654,"data_generator_W":0.014783319},{"data_generator_V":-55.83073,"data_generator_W":0.013142989},{"data_generator_V":-54.921566,"data_generator_W":0.011752703},{"data_generator_V":-54.089317,"data_generator_W":0.010563568},{"data_generator_V":-53.326565,"data_generator_W":0.009538319},{"data_generator_V":-52.626434,"data_generator_W":0.0086481497},{"data_generator_V":-51.982681,"data_generator_W":0.0078704916},{"data_generator_V":-51.389671,"data_generator_W":0.0071874443},{"data_generator_V":-50.842354,"data_generator_W":0.0065846452},{"data_generator_V":-50.336231,"data_generator_W":0.0060504475},{"data_generator_V":-49.867298,"data_generator_W":0.0055753104},{"data_generator_V":-49.432003,"data_generator_W":0.0051513487},{"data_generator_V":-49.027184,"data_generator_W":0.0047719874},{"data_generator_V":-48.650043,"data_generator_W":0.0044317031},{"data_generator_V":-48.29808,"data_generator_W":0.0041258195},{"data_generator_V":-47.969082,"data_generator_W":0.0038503523},{"data_generator_V":-47.661072,"data_generator_W":0.0036018845},{"data_generator_V":-47.37228,"data_generator_W":0.003377469},{"data_generator_V":-47.101135,"data_generator_W":0.0031745501},{"data_generator_V":-46.846214,"data_generator_W":0.0029909005},{"data_generator_V":-46.606255,"data_generator_W":0.0028245701},{"data_generator_V":-46.380108,"data_generator_W":0.0026738436},{"data_generator_V":-46.16674,"data_generator_W":0.0025372074},{"data_generator_V":-45.965221,"data_generator_W":0.0024133197},{"data_generator_V":-45.774704,"data_generator_W":0.0023009875},{"data_generator_V":-45.594421,"data_generator_W":0.0021991467},{"data_generator_V":-45.423668,"data_generator_W":0.0021068451},{"data_generator_V":-45.261814,"data_generator_W":0.0020232284},{"data_generator_V":-45.108269,"data_generator_W":0.0019475286},{"data_generator_V":-44.962498,"data_generator_W":0.0018790525},{"data_generator_V":-44.824009,"data_generator_W":0.0018171744},{"data_generator_V":-44.692352,"data_generator_W":0.0017613274},{"data_generator_V":-44.567104,"data_generator_W":0.0017109974},{"data_generator_V":-44.44788,"data_generator_W":0.0016657172},{"data_generator_V":-44.334324,"data_generator_W":0.0016250615},{"data_generator_V":-44.226101,"data_generator_W":0.0015886426},{"data_generator_V":-44.122902,"data_generator_W":0.0015561067},{"data_generator_V":-44.024437,"data_generator_W":0.0015271304},{"data_generator_V":-43.930439,"data_generator_W":0.0015014177},{"data_generator_V":-43.840652,"data_generator_W":0.0014786976},{"data_generator_V":-43.754845,"data_generator_W":0.0014587219},{"data_generator_V":-43.672794,"data_generator_W":0.0014412624},{"data_generator_V":-43.594292,"data_generator_W":0.0014261099},{"data_generator_V":-43.519138,"data_generator_W":0.0014130722},{"data_generator_V":-43.447147,"data_generator_W":0.0014019725},{"data_generator_V":-43.378151,"data_generator_W":0.0013926483},{"data_generator_V":-43.311981,"data_generator_W":0.00138495},{"data_generator_V":-43.248482,"data_generator_W":0.0013787402},{"data_generator_V":-43.1875,"data_generator_W":0.0013738922},{"data_generator_V":-43.128899,"data_generator_W":0.0013702894},{"data_generator_V":-43.072544,"data_generator_W":0.0013678245},{"data_generator_V":-43.018311,"data_generator_W":0.0013663989},{"data_generator_V":-42.966076,"data_generator_W":0.0013659218},{"data_generator_V":-42.915722,"data_generator_W":0.0013663096},{"data_generator_V":-42.867138,"data_generator_W":0.0013674854},{"data_generator_V":-42.820225,"data_generator_W":0.0013693786},{"data_generator_V":-42.774876,"data_generator_W":0.0013719245},{"data_generator_V":-42.730999,"data_generator_W":0.0013750633},{"data_generator_V":-42.688503,"data_generator_W":0.0013787406},{"data_generator_V":-42.647297,"data_generator_W":0.0013829063},{"data_generator_V":-42.6073,"data_generator_W":0.0013875146},{"data_generator_V":-42.568428,"data_generator_W":0.0013925236},{"data_generator_V":-42.530605,"data_generator_W":0.0013978953},{"data_generator_V":-42.493755,"data_generator_W":0.0014035945},{"data_generator_V":-42.457809,"data_generator_W":0.0014095898},{"data_generator_V":-42.422703,"data_generator_W":0.0014158523},{"data_generator_V":-42.388363,"data_generator_W":0.0014223561},{"data_generator_V":-42.354729,"data_generator_W":0.0014290776},{"data_generator_V":-42.321739,"data_generator_W":0.0014359956},{"data_generator_V":-42.289337,"data_generator_W":0.0014430911},{"data_generator_V":-42.257469,"data_generator_W":0.0014503471},{"data_generator_V":-42.226074,"data_generator_W":0.0014577486},{"data_generator_V":-42.195103,"data_generator_W":0.0014652821},{"data_generator_V":-42.164509,"data_generator_W":0.0014729359},{"data_generator_V":-42.134235,"data_generator_W":0.0014807},{"data_generator_V":-42.104244,"data_generator_W":0.0014885652},{"data_generator_V":-42.074486,"data_generator_W":0.0014965243},{"data_generator_V":-42.044914,"data_generator_W":0.0015045709},{"data_generator_V":-42.015488,"data_generator_W":0.0015127},{"data_generator_V":-41.986168,"data_generator_W":0.0015209072},{"data_generator_V":-41.956913,"data_generator_W":0.0015291894},{"data_generator_V":-41.927689,"data_generator_W":0.0015375447},{"data_generator_V":-41.898449,"data_generator_W":0.0015459714},{"data_generator_V":-41.869164,"data_generator_W":0.001554469},{"data_generator_V":-41.839798,"data_generator_W":0.0015630379},{"data_generator_V":-41.81031,"data_generator_W":0.0015716786},{"data_generator_V":-41.780674,"data_generator_W":0.0015803929},{"data_generator_V":-41.750854,"data_generator_W":0.0015891829},{"data_generator_V":-41.720818,"data_generator_W":0.0015980512},{"data_generator_V":-41.690533,"data_generator_W":0.0016070009},{"data_generator_V":-41.659969,"data_generator_W":0.0016160362},{"data_generator_V":-41.629093,"data_generator_W":0.001625161},{"data_generator_V":-41.597878,"data_generator_W":0.0016343803},{"data_generator_V":-41.566292,"data_generator_W":0.0016436989},{"data_generator_V":-41.534309,"data_generator_W":0.0016531227},{"data_generator_V":-41.501892,"data_generator_W":0.0016626576},{"data_generator_V":-41.469021,"data_generator_W":0.0016723099},{"data_generator_V":-41.435658,"data_generator_W":0.0016820866},{"data_generator_V":-41.401783,"data_generator_W":0.0016919948},{"data_generator_V":-41.367359,"data_generator_W":0.0017020421},{"data_generator_V":-41.332359,"data_generator_W":0.0017122363},{"data_generator_V":-41.296753,"data_generator_W":0.001722586},{"data_generator_V":-41.260517,"data_generator_W":0.0017330998},{"data_generator_V":-41.223614,"data_generator_W":0.0017437869},{"data_generator_V":-41.186016,"data_generator_W":0.0017546566},{"data_generator_V":-41.14769,"data_generator_W":0.001765719},{"data_generator_V":-41.108608,"data_generator_W":0.0017769845},{"data_generator_V":-41.068737,"data_generator_W":0.0017884639},{"data_generator_V":-41.028042,"data_generator_W":0.0018001684},{"data_generator_V":-40.986488,"data_generator_W":0.0018121097},{"data_generator_V":-40.944046,"data_generator_W":0.0018243003},{"data_generator_V":-40.900673,"data_generator_W":0.0018367526},{"data_generator_V":-40.856335,"data_generator_W":0.0018494804},{"data_generator_V":-40.810997,"data_generator_W":0.0018624974},{"data_generator_V":-40.764614,"data_generator_W":0.0018758182},{"data_generator_V":-40.717144,"data_generator_W":0.0018894583},{"data_generator_V":-40.668549,"data_generator_W":0.0019034335},{"data_generator_V":-40.618778,"data_generator_W":0.0019177607},{"data_generator_V":-40.567791,"data_generator_W":0.0019324577},{"data_generator_V":-40.51553,"data_generator_W":0.0019475429},{"data_generator_V":-40.461948,"data_generator_W":0.0019630359},{"data_generator_V":-40.406994,"data_generator_W":0.0019789573},{"data_generator_V":-40.350605,"data_generator_W":0.001995329},{"data_generator_V":-40.292725,"data_generator_W":0.0020121741},{"data_generator_V":-40.233284,"data_generator_W":0.0020295165},{"data_generator_V":-40.172218,"data_generator_W":0.0020473823},{"data_generator_V":-40.109455,"data_generator_W":0.002065799},{"data_generator_V":-40.044922,"data_generator_W":0.0020847956},{"data_generator_V":-39.978531,"data_generator_W":0.0021044032},{"data_generator_V":-39.910198,"data_generator_W":0.0021246548},{"data_generator_V":-39.839836,"data_generator_W":0.0021455861},{"data_generator_V":-39.767338,"data_generator_W":0.0021672344},{"data_generator_V":-39.6926,"data_generator_W":0.0021896409},{"data_generator_V":-39.615513,"data_generator_W":0.0022128487},{"data_generator_V":-39.535946,"data_generator_W":0.0022369053},{"data_generator_V":-39.453773,"data_generator_W":0.0022618608},{"data_generator_V":-39.368851,"data_generator_W":0.0022877699},{"data_generator_V":-39.281017,"data_generator_W":0.0023146921},{"data_generator_V":-39.190109,"data_generator_W":0.0023426919},{"data_generator_V":-39.095943,"data_generator_W":0.0023718385},{"data_generator_V":-38.998314,"data_generator_W":0.002402209},{"data_generator_V":-38.897007,"data_generator_W":0.0024338858},{"data_generator_V":-38.791782,"data_generator_W":0.002466961},{"data_generator_V":-38.682369,"data_generator_W":0.0025015345},{"data_generator_V":-38.568481,"data_generator_W":0.0025377173},{"data_generator_V":-38.449787,"data_generator_W":0.0025756315},{"data_generator_V":-38.325932,"data_generator_W":0.0026154127},{"data_generator_V":-38.196514,"data_generator_W":0.0026572121},{"data_generator_V":-38.061081,"data_generator_W":0.0027011987},{"data_generator_V":-37.919125,"data_generator_W":0.0027475613},{"data_generator_V":-37.770077,"data_generator_W":0.0027965135},{"data_generator_V":-37.613285,"data_generator_W":0.0028482964},{"data_generator_V":-37.448013,"data_generator_W":0.0029031846},{"data_generator_V":-37.273415,"data_generator_W":0.0029614917},{"data_generator_V":-37.088505,"data_generator_W":0.0030235783},{"data_generator_V":-36.892151,"data_generator_W":0.0030898617},{"data_generator_V":-36.683025,"data_generator_W":0.0031608283},{"data_generator_V":-36.459568,"data_generator_W":0.0032370477},{"data_generator_V":-36.219921,"data_generator_W":0.0033191955},{"data_generator_V":-35.961864,"data_generator_W":0.0034080772},{"data_generator_V":-35.682709,"data_generator_W":0.0035046649},{"data_generator_V":-35.379177,"data_generator_W":0.0036101441},{"data_generator_V":-35.047192,"data_generator_W":0.0037259804},{"data_generator_V":-34.681648,"data_generator_W":0.003854011},{"data_generator_V":-34.276039,"data_generator_W":0.0039965785},{"data_generator_V":-33.821907,"data_generator_W":0.0041567278},{"data_generator_V":-33.308048,"data_generator_W":0.0043385089},{"data_generator_V":-32.719257,"data_generator_W":0.004547454},{"data_generator_V":-32.034271,"data_generator_W":0.004791372},{"data_generator_V":-31.222345,"data_generator_W":0.0050817388},{"data_generator_V":-30.237061,"data_generator_W":0.0054362887},{"data_generator_V":-29.004496,"data_generator_W":0.0058842911},{"data_generator_V":-27.398449,"data_generator_W":0.0064785043},{"data_generator_V":-25.182323,"data_generator_W":0.0073265843},{"data_generator_V":-21.850231,"data_generator_W":0.008692936},{"data_generator_V":-16.093554,"data_generator_W":0.011446935},{"data_generator_V":-3.7157702,"data_generator_W":0.019683756},{"data_generator_V":16.561693,"data_generator_W":0.045540035},{"data_generator_V":17.186909,"data_generator_W":0.090300113},{"data_generator_V":13.447164,"data_generator_W":0.12976827},{"data_generator_V":9.7734337,"data_generator_W":0.1619115},{"data_generator_V":5.9520273,"data_generator_W":0.18839841},{"data_generator_V":1.3572034,"data_generator_W":0.20999493},{"data_generator_V":-5.5977769,"data_generator_W":0.22621304},{"data_generator_V":-19.389587,"data_generator_W":0.232987},{"data_generator_V":-40.943916,"data_generator_W":0.227194},{"data_generator_V":-57.250835,"data_generator_W":0.21050528},{"data_generator_V":-65.981178,"data_generator_W":0.18171398},{"data_generator_V":-69.899292,"data_generator_W":0.14758825},{"data_generator_V":-71.097237,"data_generator_W":0.11597349},{"data_generator_V":-70.81913,"data_generator_W":0.090400696},{"data_generator_V":-69.768158,"data_generator_W":0.070982315},{"data_generator_V":-68.339577,"data_generator_W":0.056550641},{"data_generator_V":-66.75692,"data_generator_W":0.045818232},{"data_generator_V":-65.146538,"data_generator_W":0.037744746},{"data_generator_V":-63.578579,"data_generator_W":0.031572621},{"data_generator_V":-62.090145,"data_generator_W":0.026770603},{"data_generator_V":-60.69875,"data_generator_W":0.022969507},{"data_generator_V":-59.41037,"data_generator_W":0.019911617},{"data_generator_V":-58.224289,"data_generator_W":0.017415013},{"data_generator_V":-57.13607,"data_generator_W":0.015349434},{"data_generator_V":-56.139381,"data_generator_W":0.013620152},{"data_generator_V":-55.227074,"data_generator_W":0.012157195},{"data_generator_V":-54.391857,"data_generator_W":0.010908069},{"data_generator_V":-53.626659,"data_generator_W":0.0098328134},{"data_generator_V":-52.924843,"data_generator_W":0.0089005791},{"data_generator_V":-52.280296,"data_generator_W":0.0080872346},{"data_generator_V":-51.68745,"data_generator_W":0.0073736734},{"data_generator_V":-51.141296,"data_generator_W":0.0067445883},{"data_generator_V":-50.637337,"data_generator_W":0.0061875875},{"data_generator_V":-50.171566,"data_generator_W":0.0056925383},{"data_generator_V":-49.740398,"data_generator_W":0.0052510775},{"data_generator_V":-49.340656,"data_generator_W":0.0048562447},{"data_generator_V":-48.969501,"data_generator_W":0.0045021991},{"data_generator_V":-48.624409,"data_generator_W":0.0041840049},{"data_generator_V":-48.303131,"data_generator_W":0.0038974597},{"data_generator_V":-48.003662,"data_generator_W":0.003638966},{"data_generator_V":-47.724201,"data_generator_W":0.0034054236},{"data_generator_V":-47.46315,"data_generator_W":0.0031941475},{"data_generator_V":-47.219067,"data_generator_W":0.0030027993},{"data_generator_V":-46.99065,"data_generator_W":0.0028293342},{"data_generator_V":-46.776737,"data_generator_W":0.0026719552},{"data_generator_V":-46.576279,"data_generator_W":0.0025290772},{"data_generator_V":-46.388317,"data_generator_W":0.0023992967},{"data_generator_V":-46.21199,"data_generator_W":0.0022813666},{"data_generator_V":-46.046513,"data_generator_W":0.0021741751},{"data_generator_V":-45.891167,"data_generator_W":0.0020767283},{"data_generator_V":-45.7453,"data_generator_W":0.0019881343},{"data_generator_V":-45.608315,"data_generator_W":0.0019075923},{"data_generator_V":-45.47966,"data_generator_W":0.0018343801},{"data_generator_V":-45.358833,"data_generator_W":0.0017678455},{"data_generator_V":-45.245369,"data_generator_W":0.0017073986},{"data_generator_V":-45.138836,"data_generator_W":0.0016525043},{"data_generator_V":-45.038834,"data_generator_W":0.0016026768},{"data_generator_V":-44.945,"data_generator_W":0.001557474},{"data_generator_V":-44.856983,"data_generator_W":0.0015164935},{"data_generator_V":-44.774471,"data_generator_W":0.0014793677},{"data_generator_V":-44.697163,"data_generator_W":0.0014457615},{"data_generator_V":-44.624779,"data_generator_W":0.0014153682},{"data_generator_V":-44.557056,"data_generator_W":0.0013879072},{"data_generator_V":-44.493755,"data_generator_W":0.0013631216},{"data_generator_V":-44.434639,"data_generator_W":0.0013407758},{"data_generator_V":-44.379494,"data_generator_W":0.0013206539},{"data_generator_V":-44.328117,"data_generator_W":0.0013025578},{"data_generator_V":-44.280315,"data_generator_W":0.0012863053},{"data_generator_V":-44.235905,"data_generator_W":0.0012717296},{"data_generator_V":-44.194714,"data_generator_W":0.0012586771},{"data_generator_V":-44.156578,"data_generator_W":0.0012470069},{"data_generator_V":-44.121346,"data_generator_W":0.0012365896},{"data_generator_V":-44.088871,"data_generator_W":0.0012273061},{"data_generator_V":-44.05901,"data_generator_W":0.001219047},{"data_generator_V":-44.031635,"data_generator_W":0.001211712},{"data_generator_V":-44.006618,"data_generator_W":0.0012052091},{"data_generator_V":-43.983841,"data_generator_W":0.0011994534},{"data_generator_V":-43.963188,"data_generator_W":0.0011943675},{"data_generator_V":-43.944553,"data_generator_W":0.0011898802},{"data_generator_V":-43.92783,"data_generator_W":0.0011859261},{"data_generator_V":-43.912926,"data_generator_W":0.0011824457},{"data_generator_V":-43.899742,"data_generator_W":0.0011793842},{"data_generator_V":-43.888195,"data_generator_W":0.0011766916},{"data_generator_V":-43.878197,"data_generator_W":0.0011743223},{"data_generator_V":-43.869667,"data_generator_W":0.0011722349},{"data_generator_V":-43.86253,"data_generator_W":0.001170391},{"data_generator_V":-43.856716,"data_generator_W":0.0011687564},{"data_generator_V":-43.85215,"data_generator_W":0.0011672996},{"data_generator_V":-43.848766,"data_generator_W":0.0011659922},{"data_generator_V":-43.846508,"data_generator_W":0.0011648083},{"data_generator_V":-43.845314,"data_generator_W":0.0011637246},{"data_generator_V":-43.845123,"data_generator_W":0.0011627199},{"data_generator_V":-43.845886,"data_generator_W":0.0011617756},{"data_generator_V":-43.847553,"data_generator_W":0.0011608744},{"data_generator_V":-43.850071,"data_generator_W":0.0011600011},{"data_generator_V":-43.853401,"data_generator_W":0.0011591421},{"data_generator_V":-43.857498,"data_generator_W":0.0011582853},{"data_generator_V":-43.862316,"data_generator_W":0.0011574198},{"data_generator_V":-43.867825,"data_generator_W":0.0011565363},{"data_generator_V":-43.873981,"data_generator_W":0.0011556261},{"data_generator_V":-43.880756,"data_generator_W":0.0011546822},{"data_generator_V":-43.888111,"data_generator_W":0.0011536982},{"data_generator_V":-43.896027,"data_generator_W":0.0011526684},{"data_generator_V":-43.904461,"data_generator_W":0.0011515883},{"data_generator_V":-43.913399,"data_generator_W":0.0011504536},{"data_generator_V":-43.92281,"data_generator_W":0.0011492613},{"data_generator_V":-43.932671,"data_generator_W":0.0011480083},{"data_generator_V":-43.942959,"data_generator_W":0.0011466925},{"data_generator_V":-43.953655,"data_generator_W":0.0011453122},{"data_generator_V":-43.964741,"data_generator_W":0.0011438659},{"data_generator_V":-43.976196,"data_generator_W":0.0011423527},{"data_generator_V":-43.988007,"data_generator_W":0.0011407718},{"data_generator_V":-44.000156,"data_generator_W":0.0011391231},{"data_generator_V":-44.01263,"data_generator_W":0.0011374062},{"data_generator_V":-44.025414,"data_generator_W":0.0011356216},{"data_generator_V":-44.038498,"data_generator_W":0.0011337693},{"data_generator_V":-44.051868,"data_generator_W":0.0011318499},{"data_generator_V":-44.065517,"data_generator_W":0.0011298642},{"data_generator_V":-44.079437,"data_generator_W":0.0011278129},{"data_generator_V":-44.093613,"data_generator_W":0.0011256968},{"data_generator_V":-44.10804,"data_generator_W":0.0011235171},{"data_generator_V":-44.122707,"data_generator_W":0.0011212745},{"data_generator_V":-44.137615,"data_generator_W":0.0011189706},{"data_generator_V":-44.152756,"data_generator_W":0.0011166061},{"data_generator_V":-44.168118,"data_generator_W":0.0011141824},{"data_generator_V":-44.183704,"data_generator_W":0.0011117008},{"data_generator_V":-44.199505,"data_generator_W":0.0011091625},{"data_generator_V":-44.215519,"data_generator_W":0.0011065685},{"data_generator_V":-44.231743,"data_generator_W":0.0011039203},{"data_generator_V":-44.248173,"data_generator_W":0.001101219},{"data_generator_V":-44.264805,"data_generator_W":0.0010984658},{"data_generator_V":-44.281639,"data_generator_W":0.0010956619},{"data_generator_V":-44.298676,"data_generator_W":0.0010928087},{"data_generator_V":-44.315907,"data_generator_W":0.001089907},{"data_generator_V":-44.333336,"data_generator_W":0.0010869581},{"data_generator_V":-44.350964,"data_generator_W":0.0010839632},{"data_generator_V":-44.368782,"data_generator_W":0.0010809231},{"data_generator_V":-44.386795,"data_generator_W":0.0010778392},{"data_generator_V":-44.405006,"data_generator_W":0.001074712},{"data_generator_V":-44.423409,"data_generator_W":0.0010715429},{"data_generator_V":-44.442005,"data_generator_W":0.0010683326},{"data_generator_V":-44.460796,"data_generator_W":0.001065082},{"data_generator_V":-44.479782,"data_generator_W":0.0010617921},{"data_generator_V":-44.498966,"data_generator_W":0.0010584636},{"data_generator_V":-44.518345,"data_generator_W":0.0010550973},{"data_generator_V":-44.537918,"data_generator_W":0.001051694},{"data_generator_V":-44.557693,"data_generator_W":0.0010482543},{"data_generator_V":-44.577663,"data_generator_W":0.0010447791},{"data_generator_V":-44.597836,"data_generator_W":0.0010412688},{"data_generator_V":-44.61821,"data_generator_W":0.0010377243},{"data_generator_V":-44.638786,"data_generator_W":0.0010341461},{"data_generator_V":-44.659569,"data_generator_W":0.0010305346},{"data_generator_V":-44.680553,"data_generator_W":0.0010268906},{"data_generator_V":-44.701744,"data_generator_W":0.0010232144},{"data_generator_V":-44.723145,"data_generator_W":0.0010195067},{"data_generator_V":-44.744755,"data_generator_W":0.001015768},{"data_generator_V":-44.766575,"data_generator_W":0.0010119985},{"data_generator_V":-44.788609,"data_generator_W":0.0010081989},{"data_generator_V":-44.81086,"data_generator_W":0.0010043695},{"data_generator_V":-44.833324,"data_generator_W":0.0010005106},{"data_generator_V":-44.856007,"data_generator_W":0.0009966228},{"data_generator_V":-44.87891,"data_generator_W":0.0009927065},{"data_generator_V":-44.902035,"data_generator_W":0.0009887618},{"data_generator_V":-44.925381,"data_generator_W":0.0009847891},{"data_generator_V":-44.948952,"data_generator_W":0.0009807888},{"data_generator_V":-44.972748,"data_generator_W":0.0009767613},{"data_generator_V":-44.996777,"data_generator_W":0.0009727069},{"data_generator_V":-45.02103,"data_generator_W":0.0009686257},{"data_generator_V":-45.045521,"data_generator_W":0.0009645182},{"data_generator_V":-45.07024,"data_generator_W":0.0009603846},{"data_generator_V":-45.0952,"data_generator_W":0.0009562252},{"data_generator_V":-45.120392,"data_generator_W":0.0009520403},{"data_generator_V":-45.145824,"data_generator_W":0.0009478302},{"data_generator_V":-45.171497,"data_generator_W":0.000943595},{"data_generator_V":-45.197414,"data_generator_W":0.0009393352},{"data_generator_V":-45.223572,"data_generator_W":0.0009350508},{"data_generator_V":-45.249977,"data_generator_W":0.0009307424},{"data_generator_V":-45.27663,"data_generator_W":0.00092641},{"data_generator_V":-45.303532,"data_generator_W":0.0009220539},{"data_generator_V":-45.330685,"data_generator_W":0.0009176744},{"data_generator_V":-45.358089,"data_generator_W":0.0009132717},{"data_generator_V":-45.38575,"data_generator_W":0.0009088463},{"data_generator_V":-45.413662,"data_generator_W":0.0009043981},{"data_generator_V":-45.441837,"data_generator_W":0.0008999276},{"data_generator_V":-45.470268,"data_generator_W":0.0008954351},{"data_generator_V":-45.498959,"data_generator_W":0.0008909208},{"data_generator_V":-45.527916,"data_generator_W":0.0008863849},{"data_generator_V":-45.557133,"data_generator_W":0.0008818277},{"data_generator_V":-45.586617,"data_generator_W":0.0008772496},{"data_generator_V":-45.616371,"data_generator_W":0.0008726508},{"data_generator_V":-45.646389,"data_generator_W":0.0008680316},{"data_generator_V":-45.676682,"data_generator_W":0.0008633923},{"data_generator_V":-45.707245,"data_generator_W":0.0008587332},{"data_generator_V":-45.738079,"data_generator_W":0.0008540546},{"data_generator_V":-45.769188,"data_generator_W":0.0008493568},{"data_generator_V":-45.800575,"data_generator_W":0.0008446402},{"data_generator_V":-45.832241,"data_generator_W":0.0008399049},{"data_generator_V":-45.864185,"data_generator_W":0.0008351515},{"data_generator_V":-45.896408,"data_generator_W":0.0008303802},{"data_generator_V":-45.928917,"data_generator_W":0.0008255913},{"data_generator_V":-45.961708,"data_generator_W":0.0008207853},{"data_generator_V":-45.994781,"data_generator_W":0.0008159623},{"data_generator_V":-46.028145,"data_generator_W":0.0008111229},{"data_generator_V":-46.06179,"data_generator_W":0.0008062673},{"data_generator_V":-46.09573,"data_generator_W":0.0008013959},{"data_generator_V":-46.129959,"data_generator_W":0.0007965092},{"data_generator_V":-46.164478,"data_generator_W":0.0007916074},{"data_generator_V":-46.199291,"data_generator_W":0.0007866909},{"data_generator_V":-46.234398,"data_generator_W":0.0007817603},{"data_generator_V":-46.269798,"data_generator_W":0.0007768158},{"data_generator_V":-46.305496,"data_generator_W":0.0007718578},{"data_generator_V":-46.341492,"data_generator_W":0.0007668868},{"data_generator_V":-46.377785,"data_generator_W":0.0007619032},{"data_generator_V":-46.414379,"data_generator_W":0.0007569074},{"data_generator_V":-46.451275,"data_generator_W":0.0007518999},{"data_generator_V":-46.488476,"data_generator_W":0.000746881},{"data_generator_V":-46.525974,"data_generator_W":0.0007418513},{"data_generator_V":-46.563782,"data_generator_W":0.0007368111},{"data_generator_V":-46.601891,"data_generator_W":0.0007317609},{"data_generator_V":-46.640308,"data_generator_W":0.0007267012},{"data_generator_V":-46.679031,"data_generator_W":0.0007216324},{"data_generator_V":-46.718063,"data_generator_W":0.000716555},{"data_generator_V":-46.757404,"data_generator_W":0.0007114696},{"data_generator_V":-46.797054,"data_generator_W":0.0007063764},{"data_generator_V":-46.837017,"data_generator_W":0.0007012761},{"data_generator_V":-46.877289,"data_generator_W":0.0006961692},{"data_generator_V":-46.917877,"data_generator_W":0.000691056},{"data_generator_V":-46.958775,"data_generator_W":0.0006859371},{"data_generator_V":-46.999989,"data_generator_W":0.0006808132},{"data_generator_V":-47.041515,"data_generator_W":0.0006756844},{"data_generator_V":-47.083355,"data_generator_W":0.0006705516},{"data_generator_V":-47.125515,"data_generator_W":0.0006654151},{"data_generator_V":-47.167992,"data_generator_W":0.0006602755},{"data_generator_V":-47.210781,"data_generator_W":0.0006551333},{"data_generator_V":-47.253891,"data_generator_W":0.0006499889},{"data_generator_V":-47.297318,"data_generator_W":0.0006448431},{"data_generator_V":-47.341064,"data_generator_W":0.0006396963},{"data_generator_V":-47.385132,"data_generator_W":0.000634549},{"data_generator_V":-47.429516,"data_generator_W":0.0006294016},{"data_generator_V":-47.47422,"data_generator_W":0.000624255},{"data_generator_V":-47.519245,"data_generator_W":0.0006191094},{"data_generator_V":-47.564587,"data_generator_W":0.0006139656},{"data_generator_V":-47.610252,"data_generator_W":0.000608824},{"data_generator_V":-47.656239,"data_generator_W":0.0006036852},{"data_generator_V":-47.702545,"data_generator_W":0.0005985497},{"data_generator_V":-47.749176,"data_generator_W":0.0005934182},{"data_generator_V":-47.796124,"data_generator_W":0.000588291},{"data_generator_V":-47.843395,"data_generator_W":0.0005831689},{"data_generator_V":-47.890987,"data_generator_W":0.0005780524},{"data_generator_V":-47.9389,"data_generator_W":0.000572942},{"data_generator_V":-47.987133,"data_generator_W":0.0005678382},{"data_generator_V":-48.035686,"data_generator_W":0.0005627416},{"data_generator_V":-48.084564,"data_generator_W":0.0005576529},{"data_generator_V":-48.133759,"data_generator_W":0.0005525725},{"data_generator_V":-48.183277,"data_generator_W":0.000547501},{"data_generator_V":-48.233112,"data_generator_W":0.000542439},{"data_generator_V":-48.283268,"data_generator_W":0.000537387},{"data_generator_V":-48.333744,"data_generator_W":0.0005323455},{"data_generator_V":-48.384537,"data_generator_W":0.0005273152},{"data_generator_V":-48.43565,"data_generator_W":0.0005222965},{"data_generator_V":-48.48708,"data_generator_W":0.00051729},{"data_generator_V":-48.538826,"data_generator_W":0.0005122963},{"data_generator_V":-48.590893,"data_generator_W":0.0005073159},{"data_generator_V":-48.643269,"data_generator_W":0.0005023493},{"data_generator_V":-48.695965,"data_generator_W":0.0004973971},{"data_generator_V":-48.748974,"data_generator_W":0.0004924599},{"data_generator_V":-48.802296,"data_generator_W":0.000487538},{"data_generator_V":-48.85593,"data_generator_W":0.0004826322},{"data_generator_V":-48.909878,"data_generator_W":0.0004777428},{"data_generator_V":-48.964134,"data_generator_W":0.0004728704},{"data_generator_V":-49.0187,"data_generator_W":0.0004680156},{"data_generator_V":-49.073574,"data_generator_W":0.0004631788},{"data_generator_V":-49.128757,"data_generator_W":0.0004583606},{"data_generator_V":-49.184246,"data_generator_W":0.0004535614},{"data_generator_V":-49.24004,"data_generator_W":0.0004487817},{"data_generator_V":-49.296135,"data_generator_W":0.0004440221},{"data_generator_V":-49.352535,"data_generator_W":0.000439283},{"data_generator_V":-49.409237,"data_generator_W":0.0004345649},{"data_generator_V":-49.466236,"data_generator_W":0.0004298682},{"data_generator_V":-49.523533,"data_generator_W":0.0004251935},{"data_generator_V":-49.581123,"data_generator_W":0.0004205412},{"data_generator_V":-49.639011,"data_generator_W":0.0004159117},{"data_generator_V":-49.697193,"data_generator_W":0.0004113055},{"data_generator_V":-49.755665,"data_generator_W":0.000406723},{"data_generator_V":-49.814426,"data_generator_W":0.0004021646},{"data_generator_V":-49.873474,"data_generator_W":0.0003976309},{"data_generator_V":-49.932808,"data_generator_W":0.0003931221},{"data_generator_V":-49.992428,"data_generator_W":0.0003886388},{"data_generator_V":-50.052326,"data_generator_W":0.0003841812},{"data_generator_V":-50.112507,"data_generator_W":0.0003797499},{"data_generator_V":-50.172962,"data_generator_W":0.0003753451},{"data_generator_V":-50.233696,"data_generator_W":0.0003709673},{"data_generator_V":-50.294701,"data_generator_W":0.0003666168},{"data_generator_V":-50.355976,"data_generator_W":0.0003622939},{"data_generator_V":-50.417522,"data_generator_W":0.0003579991},{"data_generator_V":-50.479332,"data_generator_W":0.0003537326},{"data_generator_V":-50.541409,"data_generator_W":0.0003494949},{"data_generator_V":-50.603745,"data_generator_W":0.0003452861},{"data_generator_V":-50.66634,"data_generator_W":0.0003411067},{"data_generator_V":-50.729191,"data_generator_W":0.0003369568},{"data_generator_V":-50.792297,"data_generator_W":0.0003328369},{"data_generator_V":-50.855652,"data_generator_W":0.0003287472},{"data_generator_V":-50.919254,"data_generator_W":0.000324688},{"data_generator_V":-50.983105,"data_generator_W":0.0003206594},{"data_generator_V":-51.047195,"data_generator_W":0.0003166619},{"data_generator_V":-51.111526,"data_generator_W":0.0003126956},{"data_generator_V":-51.176098,"data_generator_W":0.0003087607},{"data_generator_V":-51.240898,"data_generator_W":0.0003048575},{"data_generator_V":-51.305931,"data_generator_W":0.0003009861},{"data_generator_V":-51.371193,"data_generator_W":0.0002971469},{"data_generator_V":-51.436676,"data_generator_W":0.0002933399},{"data_generator_V":-51.502384,"data_generator_W":0.0002895654},{"data_generator_V":-51.56831,"data_generator_W":0.0002858234},{"data_generator_V":-51.634449,"data_generator_W":0.0002821143},{"data_generator_V":-51.700802,"data_generator_W":0.0002784381},{"data_generator_V":-51.767365,"data_generator_W":0.000274795},{"data_generator_V":-51.834129,"data_generator_W":0.000271185},{"data_generator_V":-51.901096,"data_generator_W":0.0002676083},{"data_generator_V":-51.968262,"data_generator_W":0.0002640651},{"data_generator_V":-52.035625,"data_generator_W":0.0002605554},{"data_generator_V":-52.103176,"data_generator_W":0.0002570793},{"data_generator_V":-52.170918,"data_generator_W":0.0002536368},{"data_generator_V":-52.238842,"data_generator_W":0.0002502281},{"data_generator_V":-52.306946,"data_generator_W":0.0002468532},{"data_generator_V":-52.375229,"data_generator_W":0.0002435121},{"data_generator_V":-52.443684,"data_generator_W":0.0002402049},{"data_generator_V":-52.51231,"data_generator_W":0.0002369316},{"data_generator_V":-52.5811,"data_generator_W":0.0002336922},{"data_generator_V":-52.650055,"data_generator_W":0.0002304867},{"data_generator_V":-52.719166,"data_generator_W":0.0002273151},{"data_generator_V":-52.788433,"data_generator_W":0.0002241775},{"data_generator_V":-52.857849,"data_generator_W":0.0002210737},{"data_generator_V":-52.927414,"data_generator_W":0.0002180038},{"data_generator_V":-52.99712,"data_generator_W":0.0002149677},{"data_generator_V":-53.066963,"data_generator_W":0.0002119654},{"data_generator_V":-53.136948,"data_generator_W":0.0002089967},{"data_generator_V":-53.207058,"data_generator_W":0.0002060617},{"data_generator_V":-53.277298,"data_generator_W":0.0002031603},{"data_generator_V":-53.34766,"data_generator_W":0.0002002923},{"data_generator_V":-53.41814,"data_generator_W":0.0001974577},{"data_generator_V":-53.488739,"data_generator_W":0.0001946565},{"data_generator_V":-53.559444,"data_generator_W":0.0001918883},{"data_generator_V":-53.63026,"data_generator_W":0.0001891533},{"data_generator_V":-53.70118,"data_generator_W":0.0001864512},{"data_generator_V":-53.772194,"data_generator_W":0.0001837819},{"data_generator_V":-53.843307,"data_generator_W":0.0001811452},{"data_generator_V":-53.914509,"data_generator_W":0.0001785411},{"data_generator_V":-53.985798,"data_generator_W":0.0001759694},{"data_generator_V":-54.057167,"data_generator_W":0.0001734298},{"data_generator_V":-54.128616,"data_generator_W":0.0001709224},{"data_generator_V":-54.200142,"data_generator_W":0.0001684468},{"data_generator_V":-54.271732,"data_generator_W":0.0001660028},{"data_generator_V":-54.343391,"data_generator_W":0.0001635904},{"data_generator_V":-54.415115,"data_generator_W":0.0001612094},{"data_generator_V":-54.486893,"data_generator_W":0.0001588594},{"data_generator_V":-54.558723,"data_generator_W":0.0001565404},{"data_generator_V":-54.630604,"data_generator_W":0.0001542521},{"data_generator_V":-54.70253,"data_generator_W":0.0001519943},{"data_generator_V":-54.774498,"data_generator_W":0.0001497668},{"data_generator_V":-54.8465,"data_generator_W":0.0001475694},{"data_generator_V":-54.918537,"data_generator_W":0.0001454018},{"data_generator_V":-54.990601,"data_generator_W":0.0001432638},{"data_generator_V":-55.062691,"data_generator_W":0.0001411553},{"data_generator_V":-55.1348,"data_generator_W":0.0001390759},{"data_generator_V":-55.206924,"data_generator_W":0.0001370254},{"data_generator_V":-55.279064,"data_generator_W":0.0001350036},{"data_generator_V":-55.351208,"data_generator_W":0.0001330101},{"data_generator_V":-55.423359,"data_generator_W":0.0001310449},{"data_generator_V":-55.495506,"data_generator_W":0.0001291076},{"data_generator_V":-55.56765,"data_generator_W":0.0001271979},{"data_generator_V":-55.639786,"data_generator_W":0.0001253157},{"data_generator_V":-55.71191,"data_generator_W":0.0001234606},{"data_generator_V":-55.784016,"data_generator_W":0.0001216324},{"data_generator_V":-55.856102,"data_generator_W":0.0001198307},{"data_generator_V":-55.928162,"data_generator_W":0.0001180555},{"data_generator_V":-56.000195,"data_generator_W":0.0001163063},{"data_generator_V":-56.072193,"data_generator_W":0.0001145829},{"data_generator_V":-56.144157,"data_generator_W":0.0001128851},{"data_generator_V":-56.21608,"data_generator_W":0.0001112126},{"data_generator_V":-56.28796,"data_generator_W":0.000109565},{"data_generator_V":-56.359791,"data_generator_W":0.0001079421},{"data_generator_V":-56.431568,"data_generator_W":0.0001063437},{"data_generator_V":-56.503288,"data_generator_W":0.0001047695},{"data_generator_V":-56.574951,"data_generator_W":0.0001032192},{"data_generator_V":-56.646549,"data_generator_W":0.0001016925},{"data_generator_V":-56.718079,"data_generator_W":0.0001001891},{"data_generator_V":-56.789536,"data_generator_W":0.0000987088},{"data_generator_V":-56.86092,"data_generator_W":0.0000972512}]