[{"data_set_value_component_interface_variable_time":0.0,"data_set_value_component_interface_variable_Vm":-150.0,"data_set_value_component_interface_variable_cMgADP":0.01,"data_set_value_component_interface_variable_cNa_i":50.0,"data_set_value_component_NaK_pump_variable_body_temp":310.0,"data_set_value_component_NaK_pump_variable_gas_const":8.314,"data_set_value_component_NaK_pump_variable_faraday_const":96485.0,"data_set_value_component_NaK_pump_variable_k1":1050.0,"data_set_value_component_NaK_pump_variable_minus_k1":172.1,"data_set_value_component_NaK_pump_variable_k2":481.0,"data_set_value_component_NaK_pump_variable_minus_k2":40.1,"data_set_value_component_NaK_pump_variable_k3":2000.0,"data_set_value_component_NaK_pump_variable_minus_k3":79287.1,"data_set_value_component_NaK_pump_variable_k4":320.0,"data_set_value_component_NaK_pump_variable_minus_k4":40.1,"data_set_value_component_NaK_pump_variable_eq_Na_base_e":15.5,"data_set_value_component_NaK_pump_variable_eq_Na_base_i":2.49,"data_set_value_component_NaK_pump_variable_eq_K_e":0.213,"data_set_value_component_NaK_pump_variable_eq_K_i":0.5,"data_set_value_component_NaK_pump_variable_eq_MgATP":2.51,"data_set_value_component_NaK_pump_variable_eq_HPi":0.000169,"data_set_value_component_NaK_pump_variable_eq_KPi":292.0,"data_set_value_component_NaK_pump_variable_eq_NaPi":224.0,"data_set_value_component_NaK_pump_variable_dimless_Na_e":59.3245640272,"data_set_value_component_NaK_pump_variable_dimless_Na_i":18.938072291,"data_set_value_component_NaK_pump_variable_dimless_K_e":25.3521126761,"data_set_value_component_NaK_pump_variable_dimless_K_i":280.0,"data_set_value_component_NaK_pump_variable_dimless_MgATP":3.9043824701,"data_set_value_component_NaK_pump_variable_alpha1":82.0818662151,"data_set_value_component_NaK_pump_variable_alpha2":481.0,"data_set_value_component_NaK_pump_variable_alpha3":5.8372197666,"data_set_value_component_NaK_pump_variable_alpha4":254.7522339561,"data_set_value_component_NaK_pump_variable_minus_alpha1":1.721,"data_set_value_component_NaK_pump_variable_minus_alpha2":38.0185697284,"data_set_value_component_NaK_pump_variable_minus_alpha3":2.5274815715,"data_set_value_component_NaK_pump_variable_minus_alpha4":36.1835395483,"data_set_value_component_NaK_pump_variable_cNa_e":150.0,"data_set_value_component_NaK_pump_variable_cK_e":5.4,"data_set_value_component_NaK_pump_variable_cK_i":140.0,"data_set_value_component_NaK_pump_variable_cMgATP":9.8,"data_set_value_component_NaK_pump_variable_cPi_sum":4.2,"data_set_value_component_NaK_pump_variable_cPi":1.9234020365,"data_set_value_component_NaK_pump_variable_cH":0.000081283,"data_set_value_component_NaK_pump_variable_dG_Na":17304.2473960759,"data_set_value_component_NaK_pump_variable_dG_K":-6082.8807975068,"data_set_value_component_NaK_pump_variable_dG_pump":39746.9805932139,"data_set_value_component_NaK_pump_variable_dG_ATP":-63469.3722085795,"data_set_value_component_NaK_pump_variable_partition_factor":-0.0312886924,"data_set_value_component_NaK_pump_variable_diagram_sum":12199763.0850084219,"data_set_value_component_NaK_pump_variable_v_cyc":4.8119452959,"data_set_value_component_NaK_pump_variable_net_free_energy":-23722.3916153655},{"data_set_value_component_interface_variable_time":0.1,"data_set_value_component_interface_variable_Vm":-149.9,"data_set_value_component_interface_variable_cMgADP":0.01,"data_set_value_component_interface_variable_cNa_i":50.0,"data_set_value_component_NaK_pump_variable_body_temp":310.0,"data_set_value_component_NaK_pump_variable_gas_const":8.314,"data_set_value_component_NaK_pump_variable_faraday_const":96485.0,"data_set_value_component_NaK_pump_variable_k1":1050.0,"data_set_value_component_NaK_pump_variable_minus_k1":172.1,"data_set_value_component_NaK_pump_variable_k2":481.0,"data_set_value_component_NaK_pump_variable_minus_k2":40.1,"data_set_value_component_NaK_pump_variable_k3":2000.0,"data_set_value_component_NaK_pump_variable_minus_k3":79287.1,"data_set_value_component_NaK_pump_variable_k4":320.0,"data_set_value_component_NaK_pump_variable_minus_k4":40.1,"data_set_value_component_NaK_pump_variable_eq_Na_base_e":15.5,"data_set_value_component_NaK_pump_variable_eq_Na_base_i":2.49,"data_set_value_component_NaK_pump_variable_eq_K_e":0.213,"data_set_value_component_NaK_pump_variable_eq_K_i":0.5,"data_set_value_component_NaK_pump_variable_eq_MgATP":2.51,"data_set_value_component_NaK_pump_variable_eq_HPi":0.000169,"data_set_value_component_NaK_pump_variable_eq_KPi":292.0,"data_set_value_component_NaK_pump_variable_eq_NaPi":224.0,"data_set_value_component_NaK_pump_variable_dimless_Na_e":59.2528947059,"data_set_value_component_NaK_pump_variable_dimless_Na_i":18.9388117234,"data_set_value_component_NaK_pump_variable_dimless_K_e":25.3521126761,"data_set_value_component_NaK_pump_variable_dimless_K_i":280.0,"data_set_value_component_NaK_pump_variable_dimless_MgATP":3.9043824701,"data_set_value_component_NaK_pump_variable_alpha1":82.0906479954,"data_set_value_component_NaK_pump_variable_alpha2":481.0,"data_set_value_component_NaK_pump_variable_alpha3":5.8580083349,"data_set_value_component_NaK_pump_variable_alpha4":254.7522339561,"data_set_value_component_NaK_pump_variable_minus_alpha1":1.721,"data_set_value_component_NaK_pump_variable_minus_alpha2":38.0158552515,"data_set_value_component_NaK_pump_variable_minus_alpha3":2.5274815715,"data_set_value_component_NaK_pump_variable_minus_alpha4":36.1831723003,"data_set_value_component_NaK_pump_variable_cNa_e":150.0,"data_set_value_component_NaK_pump_variable_cK_e":5.4,"data_set_value_component_NaK_pump_variable_cK_i":140.0,"data_set_value_component_NaK_pump_variable_cMgATP":9.8,"data_set_value_component_NaK_pump_variable_cPi_sum":4.2,"data_set_value_component_NaK_pump_variable_cPi":1.9234020365,"data_set_value_component_NaK_pump_variable_cH":0.000081283,"data_set_value_component_NaK_pump_variable_dG_Na":17294.5988960759,"data_set_value_component_NaK_pump_variable_dG_K":-6073.2322975068,"data_set_value_component_NaK_pump_variable_dG_pump":39737.3320932139,"data_set_value_component_NaK_pump_variable_dG_ATP":-63469.3722085795,"data_set_value_component_NaK_pump_variable_partition_factor":-0.0312886924,"data_set_value_component_NaK_pump_variable_diagram_sum":12205088.121155208,"data_set_value_component_NaK_pump_variable_v_cyc":4.8274938264,"data_set_value_component_NaK_pump_variable_net_free_energy":-23732.0401153656},{"data_set_value_component_interface_variable_time":0.2,"data_set_value_component_interface_variable_Vm":-149.8,"data_set_value_component_interface_variable_cMgADP":0.01,"data_set_value_component_interface_variable_cNa_i":50.0,"data_set_value_component_NaK_pump_variable_body_temp":310.0,"data_set_value_component_NaK_pump_variable_gas_const":8.314,"data_set_value_component_NaK_pump_variable_faraday_const":96485.0,"data_set_value_component_NaK_pump_variable_k1":1050.0,"data_set_value_component_NaK_pump_variable_minus_k1":172.1,"data_set_value_component_NaK_pump_variable_k2":481.0,"data_set_value_component_NaK_pump_variable_minus_k2":40.1,"data_set_value_component_NaK_pump_variable_k3":2000.0,"data_set_value_component_NaK_pump_variable_minus_k3":79287.1,"data_set_value_component_NaK_pump_variable_k4":320.0,"data_set_value_component_NaK_pump_variable_minus_k4":40.1,"data_set_value_component_NaK_pump_variable_eq_Na_base_e":15.5,"data_set_value_component_NaK_pump_variable_eq_Na_base_i":2.49,"data_set_value_component_NaK_pump_variable_eq_K_e":0.213,"data_set_value_component_NaK_pump_variable_eq_K_i":0.5,"data_set_value_component_NaK_pump_variable_eq_MgATP":2.51,"data_set_value_component_NaK_pump_variable_eq_HPi":0.000169,"data_set_value_component_NaK_pump_variable_eq_KPi":292.0,"data_set_value_component_NaK_pump_variable_eq_NaPi":224.0,"data_set_value_component_NaK_pump_variable_dimless_Na_e":59.1813119675,"data_set_value_component_NaK_pump_variable_dimless_Na_i":18.9395511847,"data_set_value_component_NaK_pump_variable_dimless_K_e":25.3521126761,"data_set_value_component_NaK_pump_variable_dimless_K_i":280.0,"data_set_value_component_NaK_pump_variable_dimless_MgATP":3.9043824701,"data_set_value_component_NaK_pump_variable_alpha1":82.0994306294,"data_set_value_component_NaK_pump_variable_alpha2":481.0,"data_set_value_component_NaK_pump_variable_alpha3":5.8788702844,"data_set_value_component_NaK_pump_variable_alpha4":254.7522339561,"data_set_value_component_NaK_pump_variable_minus_alpha1":1.721,"data_set_value_component_NaK_pump_variable_minus_alpha2":38.0131367343,"data_set_value_component_NaK_pump_variable_minus_alpha3":2.5274815715,"data_set_value_component_NaK_pump_variable_minus_alpha4":36.1828050182,"data_set_value_component_NaK_pump_variable_cNa_e":150.0,"data_set_value_component_NaK_pump_variable_cK_e":5.4,"data_set_value_component_NaK_pump_variable_cK_i":140.0,"data_set_value_component_NaK_pump_variable_cMgATP":9.8,"data_set_value_component_NaK_pump_variable_cPi_sum":4.2,"data_set_value_component_NaK_pump_variable_cPi":1.9234020365,"data_set_value_component_NaK_pump_variable_cH":0.000081283,"data_set_value_component_NaK_pump_variable_dG_Na":17284.9503960759,"data_set_value_component_NaK_pump_variable_dG_K":-6063.5837975068,"data_set_value_component_NaK_pump_variable_dG_pump":39727.6835932139,"data_set_value_component_NaK_pump_variable_dG_ATP":-63469.3722085795,"data_set_value_component_NaK_pump_variable_partition_factor":-0.0312886924,"data_set_value_component_NaK_pump_variable_diagram_sum":12210428.17436992,"data_set_value_component_NaK_pump_variable_v_cyc":4.8430870121,"data_set_value_component_NaK_pump_variable_net_free_energy":-23741.6886153656},{"data_set_value_component_interface_variable_time":0.3,"data_set_value_component_interface_variable_Vm":-149.7,"data_set_value_component_interface_variable_cMgADP":0.01,"data_set_value_component_interface_variable_cNa_i":50.0,"data_set_value_component_NaK_pump_variable_body_temp":310.0,"data_set_value_component_NaK_pump_variable_gas_const":8.314,"data_set_value_component_NaK_pump_variable_faraday_const":96485.0,"data_set_value_component_NaK_pump_variable_k1":1050.0,"data_set_value_component_NaK_pump_variable_minus_k1":172.1,"data_set_value_component_NaK_pump_variable_k2":481.0,"data_set_value_component_NaK_pump_variable_minus_k2":40.1,"data_set_value_component_NaK_pump_variable_k3":2000.0,"data_set_value_component_NaK_pump_variable_minus_k3":79287.1,"data_set_value_component_NaK_pump_variable_k4":320.0,"data_set_value_component_NaK_pump_variable_minus_k4":40.1,"data_set_value_component_NaK_pump_variable_eq_Na_base_e":15.5,"data_set_value_component_NaK_pump_variable_eq_Na_base_i":2.49,"data_set_value_component_NaK_pump_variable_eq_K_e":0.213,"data_set_value_component_NaK_pump_variable_eq_K_i":0.5,"data_set_value_component_NaK_pump_variable_eq_MgATP":2.51,"data_set_value_component_NaK_pump_variable_eq_HPi":0.000169,"data_set_value_component_NaK_pump_variable_eq_KPi":292.0,"data_set_value_component_NaK_pump_variable_eq_NaPi":224.0,"data_set_value_component_NaK_pump_variable_dimless_Na_e":59.1098157074,"data_set_value_component_NaK_pump_variable_dimless_Na_i":18.9402906749,"data_set_value_component_NaK_pump_variable_dimless_K_e":25.3521126761,"data_set_value_component_NaK_pump_variable_dimless_K_i":280.0,"data_set_value_component_NaK_pump_variable_dimless_MgATP":3.9043824701,"data_set_value_component_NaK_pump_variable_alpha1":82.108214117,"data_set_value_component_NaK_pump_variable_alpha2":481.0,"data_set_value_component_NaK_pump_variable_alpha3":5.8998058705,"data_set_value_component_NaK_pump_variable_alpha4":254.7522339561,"data_set_value_component_NaK_pump_variable_minus_alpha1":1.721,"data_set_value_component_NaK_pump_variable_minus_alpha2":38.0104141692,"data_set_value_component_NaK_pump_variable_minus_alpha3":2.5274815715,"data_set_value_component_NaK_pump_variable_minus_alpha4":36.182437702,"data_set_value_component_NaK_pump_variable_cNa_e":150.0,"data_set_value_component_NaK_pump_variable_cK_e":5.4,"data_set_value_component_NaK_pump_variable_cK_i":140.0,"data_set_value_component_NaK_pump_variable_cMgATP":9.8,"data_set_value_component_NaK_pump_variable_cPi_sum":4.2,"data_set_value_component_NaK_pump_variable_cPi":1.9234020365,"data_set_value_component_NaK_pump_variable_cH":0.000081283,"data_set_value_component_NaK_pump_variable_dG_Na":17275.3018960759,"data_set_value_component_NaK_pump_variable_dG_K":-6053.9352975068,"data_set_value_component_NaK_pump_variable_dG_pump":39718.0350932139,"data_set_value_component_NaK_pump_variable_dG_ATP":-63469.3722085795,"data_set_value_component_NaK_pump_variable_partition_factor":-0.0312886924,"data_set_value_component_NaK_pump_variable_diagram_sum":12215783.2971782722,"data_set_value_component_NaK_pump_variable_v_cyc":4.8587249462,"data_set_value_component_NaK_pump_variable_net_free_energy":-23751.3371153655},{"data_set_value_component_interface_variable_time":0.4,"data_set_value_component_interface_variable_Vm":-149.6,"data_set_value_component_interface_variable_cMgADP":0.01,"data_set_value_component_interface_variable_cNa_i":50.0,"data_set_value_component_NaK_pump_variable_body_temp":310.0,"data_set_value_component_NaK_pump_variable_gas_const":8.314,"data_set_value_component_NaK_pump_variable_faraday_const":96485.0,"data_set_value_component_NaK_pump_variable_k1":1050.0,"data_set_value_component_NaK_pump_variable_minus_k1":172.1,"data_set_value_component_NaK_pump_variable_k2":481.0,"data_set_value_component_NaK_pump_variable_minus_k2":40.1,"data_set_value_component_NaK_pump_variable_k3":2000.0,"data_set_value_component_NaK_pump_variable_minus_k3":79287.1,"data_set_value_component_NaK_pump_variable_k4":320.0,"data_set_value_component_NaK_pump_variable_minus_k4":40.1,"data_set_value_component_NaK_pump_variable_eq_Na_base_e":15.5,"data_set_value_component_NaK_pump_variable_eq_Na_base_i":2.49,"data_set_value_component_NaK_pump_variable_eq_K_e":0.213,"data_set_value_component_NaK_pump_variable_eq_K_i":0.5,"data_set_value_component_NaK_pump_variable_eq_MgATP":2.51,"data_set_value_component_NaK_pump_variable_eq_HPi":0.000169,"data_set_value_component_NaK_pump_variable_eq_KPi":292.0,"data_set_value_component_NaK_pump_variable_eq_NaPi":224.0,"data_set_value_component_NaK_pump_variable_dimless_Na_e":59.038405821,"data_set_value_component_NaK_pump_variable_dimless_Na_i":18.9410301939,"data_set_value_component_NaK_pump_variable_dimless_K_e":25.3521126761,"data_set_value_component_NaK_pump_variable_dimless_K_i":280.0,"data_set_value_component_NaK_pump_variable_dimless_MgATP":3.9043824701,"data_set_value_component_NaK_pump_variable_alpha1":82.1169984585,"data_set_value_component_NaK_pump_variable_alpha2":481.0,"data_set_value_component_NaK_pump_variable_alpha3":5.9208153493,"data_set_value_component_NaK_pump_variable_alpha4":254.7522339561,"data_set_value_component_NaK_pump_variable_minus_alpha1":1.721,"data_set_value_component_NaK_pump_variable_minus_alpha2":38.0076875487,"data_set_value_component_NaK_pump_variable_minus_alpha3":2.5274815715,"data_set_value_component_NaK_pump_variable_minus_alpha4":36.1820703516,"data_set_value_component_NaK_pump_variable_cNa_e":150.0,"data_set_value_component_NaK_pump_variable_cK_e":5.4,"data_set_value_component_NaK_pump_variable_cK_i":140.0,"data_set_value_component_NaK_pump_variable_cMgATP":9.8,"data_set_value_component_NaK_pump_variable_cPi_sum":4.2,"data_set_value_component_NaK_pump_variable_cPi":1.9234020365,"data_set_value_component_NaK_pump_variable_cH":0.000081283,"data_set_value_component_NaK_pump_variable_dG_Na":17265.6533960759,"data_set_value_component_NaK_pump_variable_dG_K":-6044.2867975068,"data_set_value_component_NaK_pump_variable_dG_pump":39708.3865932139,"data_set_value_component_NaK_pump_variable_dG_ATP":-63469.3722085795,"data_set_value_component_NaK_pump_variable_partition_factor":-0.0312886924,"data_set_value_component_NaK_pump_variable_diagram_sum":12221153.5422863886,"data_set_value_component_NaK_pump_variable_v_cyc":4.8744077221,"data_set_value_component_NaK_pump_variable_net_free_energy":-23760.9856153656},{"data_set_value_component_interface_variable_time":0.5,"data_set_value_component_interface_variable_Vm":-149.5,"data_set_value_component_interface_variable_cMgADP":0.01,"data_set_value_component_interface_variable_cNa_i":50.0,"data_set_value_component_NaK_pump_variable_body_temp":310.0,"data_set_value_component_NaK_pump_variable_gas_const":8.314,"data_set_value_component_NaK_pump_variable_faraday_const":96485.0,"data_set_value_component_NaK_pump_variable_k1":1050.0,"data_set_value_component_NaK_pump_variable_minus_k1":172.1,"data_set_value_component_NaK_pump_variable_k2":481.0,"data_set_value_component_NaK_pump_variable_minus_k2":40.1,"data_set_value_component_NaK_pump_variable_k3":2000.0,"data_set_value_component_NaK_pump_variable_minus_k3":79287.1,"data_set_value_component_NaK_pump_variable_k4":320.0,"data_set_value_component_NaK_pump_variable_minus_k4":40.1,"data_set_value_component_NaK_pump_variable_eq_Na_base_e":15.5,"data_set_value_component_NaK_pump_variable_eq_Na_base_i":2.49,"data_set_value_component_NaK_pump_variable_eq_K_e":0.213,"data_set_value_component_NaK_pump_variable_eq_K_i":0.5,"data_set_value_component_NaK_pump_variable_eq_MgATP":2.51,"data_set_value_component_NaK_pump_variable_eq_HPi":0.000169,"data_set_value_component_NaK_pump_variable_eq_KPi":292.0,"data_set_value_component_NaK_pump_variable_eq_NaPi":224.0,"data_set_value_component_NaK_pump_variable_dimless_Na_e":58.9670822042,"data_set_value_component_NaK_pump_variable_dimless_Na_i":18.9417697418,"data_set_value_component_NaK_pump_variable_dimless_K_e":25.3521126761,"data_set_value_component_NaK_pump_variable_dimless_K_i":280.0,"data_set_value_component_NaK_pump_variable_dimless_MgATP":3.9043824701,"data_set_value_component_NaK_pump_variable_alpha1":82.1257836538,"data_set_value_component_NaK_pump_variable_alpha2":481.0,"data_set_value_component_NaK_pump_variable_alpha3":5.9418989781,"data_set_value_component_NaK_pump_variable_alpha4":254.7522339561,"data_set_value_component_NaK_pump_variable_minus_alpha1":1.721,"data_set_value_component_NaK_pump_variable_minus_alpha2":38.004956865,"data_set_value_component_NaK_pump_variable_minus_alpha3":2.5274815715,"data_set_value_component_NaK_pump_variable_minus_alpha4":36.1817029671,"data_set_value_component_NaK_pump_variable_cNa_e":150.0,"data_set_value_component_NaK_pump_variable_cK_e":5.4,"data_set_value_component_NaK_pump_variable_cK_i":140.0,"data_set_value_component_NaK_pump_variable_cMgATP":9.8,"data_set_value_component_NaK_pump_variable_cPi_sum":4.2,"data_set_value_component_NaK_pump_variable_cPi":1.9234020365,"data_set_value_component_NaK_pump_variable_cH":0.000081283,"data_set_value_component_NaK_pump_variable_dG_Na":17256.0048960759,"data_set_value_component_NaK_pump_variable_dG_K":-6034.6382975068,"data_set_value_component_NaK_pump_variable_dG_pump":39698.7380932139,"data_set_value_component_NaK_pump_variable_dG_ATP":-63469.3722085795,"data_set_value_component_NaK_pump_variable_partition_factor":-0.0312886924,"data_set_value_component_NaK_pump_variable_diagram_sum":12226538.9625813756,"data_set_value_component_NaK_pump_variable_v_cyc":4.8901354329,"data_set_value_component_NaK_pump_variable_net_free_energy":-23770.6341153656},{"data_set_value_component_interface_variable_time":0.6,"data_set_value_component_interface_variable_Vm":-149.4,"data_set_value_component_interface_variable_cMgADP":0.01,"data_set_value_component_interface_variable_cNa_i":50.0,"data_set_value_component_NaK_pump_variable_body_temp":310.0,"data_set_value_component_NaK_pump_variable_gas_const":8.314,"data_set_value_component_NaK_pump_variable_faraday_const":96485.0,"data_set_value_component_NaK_pump_variable_k1":1050.0,"data_set_value_component_NaK_pump_variable_minus_k1":172.1,"data_set_value_component_NaK_pump_variable_k2":481.0,"data_set_value_component_NaK_pump_variable_minus_k2":40.1,"data_set_value_component_NaK_pump_variable_k3":2000.0,"data_set_value_component_NaK_pump_variable_minus_k3":79287.1,"data_set_value_component_NaK_pump_variable_k4":320.0,"data_set_value_component_NaK_pump_variable_minus_k4":40.1,"data_set_value_component_NaK_pump_variable_eq_Na_base_e":15.5,"data_set_value_component_NaK_pump_variable_eq_Na_base_i":2.49,"data_set_value_component_NaK_pump_variable_eq_K_e":0.213,"data_set_value_component_NaK_pump_variable_eq_K_i":0.5,"data_set_value_component_NaK_pump_variable_eq_MgATP":2.51,"data_set_value_component_NaK_pump_variable_eq_HPi":0.000169,"data_set_value_component_NaK_pump_variable_eq_KPi":292.0,"data_set_value_component_NaK_pump_variable_eq_NaPi":224.0,"data_set_value_component_NaK_pump_variable_dimless_Na_e":58.8958447525,"data_set_value_component_NaK_pump_variable_dimless_Na_i":18.9425093186,"data_set_value_component_NaK_pump_variable_dimless_K_e":25.3521126761,"data_set_value_component_NaK_pump_variable_dimless_K_i":280.0,"data_set_value_component_NaK_pump_variable_dimless_MgATP":3.9043824701,"data_set_value_component_NaK_pump_variable_alpha1":82.1345697031,"data_set_value_component_NaK_pump_variable_alpha2":481.0,"data_set_value_component_NaK_pump_variable_alpha3":5.9630570147,"data_set_value_component_NaK_pump_variable_alpha4":254.7522339561,"data_set_value_component_NaK_pump_variable_minus_alpha1":1.721,"data_set_value_component_NaK_pump_variable_minus_alpha2":38.0022221105,"data_set_value_component_NaK_pump_variable_minus_alpha3":2.5274815715,"data_set_value_component_NaK_pump_variable_minus_alpha4":36.1813355484,"data_set_value_component_NaK_pump_variable_cNa_e":150.0,"data_set_value_component_NaK_pump_variable_cK_e":5.4,"data_set_value_component_NaK_pump_variable_cK_i":140.0,"data_set_value_component_NaK_pump_variable_cMgATP":9.8,"data_set_value_component_NaK_pump_variable_cPi_sum":4.2,"data_set_value_component_NaK_pump_variable_cPi":1.9234020365,"data_set_value_component_NaK_pump_variable_cH":0.000081283,"data_set_value_component_NaK_pump_variable_dG_Na":17246.3563960759,"data_set_value_component_NaK_pump_variable_dG_K":-6024.9897975068,"data_set_value_component_NaK_pump_variable_dG_pump":39689.0895932139,"data_set_value_component_NaK_pump_variable_dG_ATP":-63469.3722085795,"data_set_value_component_NaK_pump_variable_partition_factor":-0.0312886924,"data_set_value_component_NaK_pump_variable_diagram_sum":12231939.6111320257,"data_set_value_component_NaK_pump_variable_v_cyc":4.9059081719,"data_set_value_component_NaK_pump_variable_net_free_energy":-23780.2826153655},{"data_set_value_component_interface_variable_time":0.7,"data_set_value_component_interface_variable_Vm":-149.3,"data_set_value_component_interface_variable_cMgADP":0.01,"data_set_value_component_interface_variable_cNa_i":50.0,"data_set_value_component_NaK_pump_variable_body_temp":310.0,"data_set_value_component_NaK_pump_variable_gas_const":8.314,"data_set_value_component_NaK_pump_variable_faraday_const":96485.0,"data_set_value_component_NaK_pump_variable_k1":1050.0,"data_set_value_component_NaK_pump_variable_minus_k1":172.1,"data_set_value_component_NaK_pump_variable_k2":481.0,"data_set_value_component_NaK_pump_variable_minus_k2":40.1,"data_set_value_component_NaK_pump_variable_k3":2000.0,"data_set_value_component_NaK_pump_variable_minus_k3":79287.1,"data_set_value_component_NaK_pump_variable_k4":320.0,"data_set_value_component_NaK_pump_variable_minus_k4":40.1,"data_set_value_component_NaK_pump_variable_eq_Na_base_e":15.5,"data_set_value_component_NaK_pump_variable_eq_Na_base_i":2.49,"data_set_value_component_NaK_pump_variable_eq_K_e":0.213,"data_set_value_component_NaK_pump_variable_eq_K_i":0.5,"data_set_value_component_NaK_pump_variable_eq_MgATP":2.51,"data_set_value_component_NaK_pump_variable_eq_HPi":0.000169,"data_set_value_component_NaK_pump_variable_eq_KPi":292.0,"data_set_value_component_NaK_pump_variable_eq_NaPi":224.0,"data_set_value_component_NaK_pump_variable_dimless_Na_e":58.8246933621,"data_set_value_component_NaK_pump_variable_dimless_Na_i":18.9432489243,"data_set_value_component_NaK_pump_variable_dimless_K_e":25.3521126761,"data_set_value_component_NaK_pump_variable_dimless_K_i":280.0,"data_set_value_component_NaK_pump_variable_dimless_MgATP":3.9043824701,"data_set_value_component_NaK_pump_variable_alpha1":82.1433566063,"data_set_value_component_NaK_pump_variable_alpha2":481.0,"data_set_value_component_NaK_pump_variable_alpha3":5.984289718,"data_set_value_component_NaK_pump_variable_alpha4":254.7522339561,"data_set_value_component_NaK_pump_variable_minus_alpha1":1.721,"data_set_value_component_NaK_pump_variable_minus_alpha2":37.9994832776,"data_set_value_component_NaK_pump_variable_minus_alpha3":2.5274815715,"data_set_value_component_NaK_pump_variable_minus_alpha4":36.1809680956,"data_set_value_component_NaK_pump_variable_cNa_e":150.0,"data_set_value_component_NaK_pump_variable_cK_e":5.4,"data_set_value_component_NaK_pump_variable_cK_i":140.0,"data_set_value_component_NaK_pump_variable_cMgATP":9.8,"data_set_value_component_NaK_pump_variable_cPi_sum":4.2,"data_set_value_component_NaK_pump_variable_cPi":1.9234020365,"data_set_value_component_NaK_pump_variable_cH":0.000081283,"data_set_value_component_NaK_pump_variable_dG_Na":17236.7078960759,"data_set_value_component_NaK_pump_variable_dG_K":-6015.3412975068,"data_set_value_component_NaK_pump_variable_dG_pump":39679.4410932139,"data_set_value_component_NaK_pump_variable_dG_ATP":-63469.3722085795,"data_set_value_component_NaK_pump_variable_partition_factor":-0.0312886924,"data_set_value_component_NaK_pump_variable_diagram_sum":12237355.5411892552,"data_set_value_component_NaK_pump_variable_v_cyc":4.9217260322,"data_set_value_component_NaK_pump_variable_net_free_energy":-23789.9311153656},{"data_set_value_component_interface_variable_time":0.8,"data_set_value_component_interface_variable_Vm":-149.2,"data_set_value_component_interface_variable_cMgADP":0.01,"data_set_value_component_interface_variable_cNa_i":50.0,"data_set_value_component_NaK_pump_variable_body_temp":310.0,"data_set_value_component_NaK_pump_variable_gas_const":8.314,"data_set_value_component_NaK_pump_variable_faraday_const":96485.0,"data_set_value_component_NaK_pump_variable_k1":1050.0,"data_set_value_component_NaK_pump_variable_minus_k1":172.1,"data_set_value_component_NaK_pump_variable_k2":481.0,"data_set_value_component_NaK_pump_variable_minus_k2":40.1,"data_set_value_component_NaK_pump_variable_k3":2000.0,"data_set_value_component_NaK_pump_variable_minus_k3":79287.1,"data_set_value_component_NaK_pump_variable_k4":320.0,"data_set_value_component_NaK_pump_variable_minus_k4":40.1,"data_set_value_component_NaK_pump_variable_eq_Na_base_e":15.5,"data_set_value_component_NaK_pump_variable_eq_Na_base_i":2.49,"data_set_value_component_NaK_pump_variable_eq_K_e":0.213,"data_set_value_component_NaK_pump_variable_eq_K_i":0.5,"data_set_value_component_NaK_pump_variable_eq_MgATP":2.51,"data_set_value_component_NaK_pump_variable_eq_HPi":0.000169,"data_set_value_component_NaK_pump_variable_eq_KPi":292.0,"data_set_value_component_NaK_pump_variable_eq_NaPi":224.0,"data_set_value_component_NaK_pump_variable_dimless_Na_e":58.7536279287,"data_set_value_component_NaK_pump_variable_dimless_Na_i":18.9439885588,"data_set_value_component_NaK_pump_variable_dimless_K_e":25.3521126761,"data_set_value_component_NaK_pump_variable_dimless_K_i":280.0,"data_set_value_component_NaK_pump_variable_dimless_MgATP":3.9043824701,"data_set_value_component_NaK_pump_variable_alpha1":82.1521443635,"data_set_value_component_NaK_pump_variable_alpha2":481.0,"data_set_value_component_NaK_pump_variable_alpha3":6.0055973477,"data_set_value_component_NaK_pump_variable_alpha4":254.7522339561,"data_set_value_component_NaK_pump_variable_minus_alpha1":1.721,"data_set_value_component_NaK_pump_variable_minus_alpha2":37.9967403585,"data_set_value_component_NaK_pump_variable_minus_alpha3":2.5274815715,"data_set_value_component_NaK_pump_variable_minus_alpha4":36.1806006087,"data_set_value_component_NaK_pump_variable_cNa_e":150.0,"data_set_value_component_NaK_pump_variable_cK_e":5.4,"data_set_value_component_NaK_pump_variable_cK_i":140.0,"data_set_value_component_NaK_pump_variable_cMgATP":9.8,"data_set_value_component_NaK_pump_variable_cPi_sum":4.2,"data_set_value_component_NaK_pump_variable_cPi":1.9234020365,"data_set_value_component_NaK_pump_variable_cH":0.000081283,"data_set_value_component_NaK_pump_variable_dG_Na":17227.0593960759,"data_set_value_component_NaK_pump_variable_dG_K":-6005.6927975068,"data_set_value_component_NaK_pump_variable_dG_pump":39669.7925932139,"data_set_value_component_NaK_pump_variable_dG_ATP":-63469.3722085795,"data_set_value_component_NaK_pump_variable_partition_factor":-0.0312886924,"data_set_value_component_NaK_pump_variable_diagram_sum":12242786.8061868511,"data_set_value_component_NaK_pump_variable_v_cyc":4.937589107,"data_set_value_component_NaK_pump_variable_net_free_energy":-23799.5796153656},{"data_set_value_component_interface_variable_time":0.9,"data_set_value_component_interface_variable_Vm":-149.1,"data_set_value_component_interface_variable_cMgADP":0.01,"data_set_value_component_interface_variable_cNa_i":50.0,"data_set_value_component_NaK_pump_variable_body_temp":310.0,"data_set_value_component_NaK_pump_variable_gas_const":8.314,"data_set_value_component_NaK_pump_variable_faraday_const":96485.0,"data_set_value_component_NaK_pump_variable_k1":1050.0,"data_set_value_component_NaK_pump_variable_minus_k1":172.1,"data_set_value_component_NaK_pump_variable_k2":481.0,"data_set_value_component_NaK_pump_variable_minus_k2":40.1,"data_set_value_component_NaK_pump_variable_k3":2000.0,"data_set_value_component_NaK_pump_variable_minus_k3":79287.1,"data_set_value_component_NaK_pump_variable_k4":320.0,"data_set_value_component_NaK_pump_variable_minus_k4":40.1,"data_set_value_component_NaK_pump_variable_eq_Na_base_e":15.5,"data_set_value_component_NaK_pump_variable_eq_Na_base_i":2.49,"data_set_value_component_NaK_pump_variable_eq_K_e":0.213,"data_set_value_component_NaK_pump_variable_eq_K_i":0.5,"data_set_value_component_NaK_pump_variable_eq_MgATP":2.51,"data_set_value_component_NaK_pump_variable_eq_HPi":0.000169,"data_set_value_component_NaK_pump_variable_eq_KPi":292.0,"data_set_value_component_NaK_pump_variable_eq_NaPi":224.0,"data_set_value_component_NaK_pump_variable_dimless_Na_e":58.6826483488,"data_set_value_component_NaK_pump_variable_dimless_Na_i":18.9447282223,"data_set_value_component_NaK_pump_variable_dimless_K_e":25.3521126761,"data_set_value_component_NaK_pump_variable_dimless_K_i":280.0,"data_set_value_component_NaK_pump_variable_dimless_MgATP":3.9043824701,"data_set_value_component_NaK_pump_variable_alpha1":82.1609329749,"data_set_value_component_NaK_pump_variable_alpha2":481.0,"data_set_value_component_NaK_pump_variable_alpha3":6.0269801644,"data_set_value_component_NaK_pump_variable_alpha4":254.7522339561,"data_set_value_component_NaK_pump_variable_minus_alpha1":1.721,"data_set_value_component_NaK_pump_variable_minus_alpha2":37.9939933457,"data_set_value_component_NaK_pump_variable_minus_alpha3":2.5274815715,"data_set_value_component_NaK_pump_variable_minus_alpha4":36.1802330876,"data_set_value_component_NaK_pump_variable_cNa_e":150.0,"data_set_value_component_NaK_pump_variable_cK_e":5.4,"data_set_value_component_NaK_pump_variable_cK_i":140.0,"data_set_value_component_NaK_pump_variable_cMgATP":9.8,"data_set_value_component_NaK_pump_variable_cPi_sum":4.2,"data_set_value_component_NaK_pump_variable_cPi":1.9234020365,"data_set_value_component_NaK_pump_variable_cH":0.000081283,"data_set_value_component_NaK_pump_variable_dG_Na":17217.4108960759,"data_set_value_component_NaK_pump_variable_dG_K":-5996.0442975068,"data_set_value_component_NaK_pump_variable_dG_pump":39660.1440932139,"data_set_value_component_NaK_pump_variable_dG_ATP":-63469.3722085795,"data_set_value_component_NaK_pump_variable_partition_factor":-0.0312886924,"data_set_value_component_NaK_pump_variable_diagram_sum":12248233.4597419631,"data_set_value_component_NaK_pump_variable_v_cyc":4.9534974893,"data_set_value_component_NaK_pump_variable_net_free_energy":-23809.2281153655},{"data_set_value_component_interface_variable_time":1.0,"data_set_value_component_interface_variable_Vm":-149.0,"data_set_value_component_interface_variable_cMgADP":0.01,"data_set_value_component_interface_variable_cNa_i":50.0,"data_set_value_component_NaK_pump_variable_body_temp":310.0,"data_set_value_component_NaK_pump_variable_gas_const":8.314,"data_set_value_component_NaK_pump_variable_faraday_const":96485.0,"data_set_value_component_NaK_pump_variable_k1":1050.0,"data_set_value_component_NaK_pump_variable_minus_k1":172.1,"data_set_value_component_NaK_pump_variable_k2":481.0,"data_set_value_component_NaK_pump_variable_minus_k2":40.1,"data_set_value_component_NaK_pump_variable_k3":2000.0,"data_set_value_component_NaK_pump_variable_minus_k3":79287.1,"data_set_value_component_NaK_pump_variable_k4":320.0,"data_set_value_component_NaK_pump_variable_minus_k4":40.1,"data_set_value_component_NaK_pump_variable_eq_Na_base_e":15.5,"data_set_value_component_NaK_pump_variable_eq_Na_base_i":2.49,"data_set_value_component_NaK_pump_variable_eq_K_e":0.213,"data_set_value_component_NaK_pump_variable_eq_K_i":0.5,"data_set_value_component_NaK_pump_variable_eq_MgATP":2.51,"data_set_value_component_NaK_pump_variable_eq_HPi":0.000169,"data_set_value_component_NaK_pump_variable_eq_KPi":292.0,"data_set_value_component_NaK_pump_variable_eq_NaPi":224.0,"data_set_value_component_NaK_pump_variable_dimless_Na_e":58.6117545184,"data_set_value_component_NaK_pump_variable_dimless_Na_i":18.9454679146,"data_set_value_component_NaK_pump_variable_dimless_K_e":25.3521126761,"data_set_value_component_NaK_pump_variable_dimless_K_i":280.0,"data_set_value_component_NaK_pump_variable_dimless_MgATP":3.9043824701,"data_set_value_component_NaK_pump_variable_alpha1":82.1697224405,"data_set_value_component_NaK_pump_variable_alpha2":481.0,"data_set_value_component_NaK_pump_variable_alpha3":6.0484384297,"data_set_value_component_NaK_pump_variable_alpha4":254.7522339561,"data_set_value_component_NaK_pump_variable_minus_alpha1":1.721,"data_set_value_component_NaK_pump_variable_minus_alpha2":37.9912422313,"data_set_value_component_NaK_pump_variable_minus_alpha3":2.5274815715,"data_set_value_component_NaK_pump_variable_minus_alpha4":36.1798655324,"data_set_value_component_NaK_pump_variable_cNa_e":150.0,"data_set_value_component_NaK_pump_variable_cK_e":5.4,"data_set_value_component_NaK_pump_variable_cK_i":140.0,"data_set_value_component_NaK_pump_variable_cMgATP":9.8,"data_set_value_component_NaK_pump_variable_cPi_sum":4.2,"data_set_value_component_NaK_pump_variable_cPi":1.9234020365,"data_set_value_component_NaK_pump_variable_cH":0.000081283,"data_set_value_component_NaK_pump_variable_dG_Na":17207.7623960759,"data_set_value_component_NaK_pump_variable_dG_K":-5986.3957975068,"data_set_value_component_NaK_pump_variable_dG_pump":39650.4955932139,"data_set_value_component_NaK_pump_variable_dG_ATP":-63469.3722085795,"data_set_value_component_NaK_pump_variable_partition_factor":-0.0312886924,"data_set_value_component_NaK_pump_variable_diagram_sum":12253695.5556557644,"data_set_value_component_NaK_pump_variable_v_cyc":4.9694512723,"data_set_value_component_NaK_pump_variable_net_free_energy":-23818.8766153655}]