[{"R_EX_pro__L_e":0.9017339506,"R_EX_4abz_e":0.0,"R_EX_4ahmmp_e":-0.6494115169,"R_EX_5fthf_e":0.0,"R_EX_Hb_e":0.0,"R_EX_ac_e":1.9209555286,"R_EX_ade_e":0.1438944808,"R_EX_adn_e":-1.0,"R_EX_adp_e":0.2483448773,"R_EX_ala__L_e":0.5057919062,"R_EX_amp_e":0.0,"R_EX_arachd_e":-0.0203658105,"R_EX_arg__L_e":-0.1333119831,"R_EX_asn__L_e":-0.197219274,"R_EX_asp__L_e":0.4260712974,"R_EX_atp_e":-0.2483448773,"R_EX_ca2_e":0.0,"R_EX_chol_e":-0.0803988078,"R_EX_cl_e":0.0,"R_EX_co2_e":2.4025619181,"R_EX_cobalt2_e":0.0,"R_EX_csn_e":0.0,"R_EX_cu_e":0.0,"R_EX_cu2_e":0.0,"R_EX_cys__L_e":-0.6995753044,"R_EX_dha_e":0.0,"R_EX_dhpt_e":-0.0000687175,"R_EX_fe2_e":-0.0000687175,"R_EX_fol_e":0.0,"R_EX_for_e":0.0,"R_EX_fru_e":-1.0,"R_EX_glc__D_e":-1.0,"R_EX_gln__L_e":0.8541127112,"R_EX_glu__L_e":-1.0,"R_EX_gly_e":-0.1702820073,"R_EX_glyc_e":-1.0,"R_EX_gsn_e":-1.0,"R_EX_gthox_e":-0.9625575429,"R_EX_gthrd_e":1.9250463682,"R_EX_gua_e":0.9338937486,"R_EX_h_e":11.6568420901,"R_EX_h2o_e":-1.0,"R_EX_hco3_e":0.0,"R_EX_hdca_e":0.0000085897,"R_EX_his__L_e":-0.0742149184,"R_EX_hxan_e":1.8455917391,"R_EX_ile__L_e":-0.1525528879,"R_EX_ins_e":-1.0,"R_EX_k_e":0.0,"R_EX_lac__D_e":0.0,"R_EX_lac__L_e":12.7057002448,"R_EX_leu__L_e":-0.2240191057,"R_EX_lipoate_e":-0.0000687175,"R_EX_lnlc_e":-0.0632881461,"R_EX_lys__L_e":-0.2460087111,"R_EX_man_e":-1.0,"R_EX_met__L_e":-0.0551801662,"R_EX_mg2_e":0.0,"R_EX_mthgxl_e":0.0,"R_EX_na1_e":0.0,"R_EX_nac_e":-1.0,"R_EX_ncam_e":0.999862565,"R_EX_nh4_e":-0.1155141462,"R_EX_ni2_e":0.0,"R_EX_o2_e":-1.0,"R_EX_ocdca_e":-0.032391476,"R_EX_ocdcea_e":-0.1760467198,"R_EX_phe__L_e":-0.1161326039,"R_EX_pi_e":0.0,"R_EX_pnto__R_e":0.0,"R_DNAMTn2r":0.0,"R_DOL11MANPter":0.0,"R_DOL11PMT":0.0,"R_DOL12MANPter":0.3655771909,"R_DOL12PMT":0.3655771909,"R_DOLDPP11":0.0,"R_DOLDPP12":0.0,"R_DOLK11":0.0,"R_DOLK12":0.0,"R_DOLP11ter":0.0,"R_DOLP12ter":-0.3655771909,"R_DPCOAKc":0.0,"R_DPCOAtc":0.0,"R_DPGase":0.0,"R_DRPA":0.0,"R_DTMPK":0.0103076276,"R_DUTPDP":0.0,"R_DXRI":0.0005497401,"R_DXS":0.0005798041,"R_EAR100x_1":0.0000085897,"R_EAR120x_1":0.0000085897,"R_EAR140x_1":0.0000085897,"R_EAR160x_1":0.0000085897,"R_EAR40x_1":0.0000085897,"R_EAR60x_1":0.0000085897,"R_EAR80x_1":0.0000085897,"R_ECOAH12":0.0,"R_ECOAH40":0.0,"R_ECOAH9ir":0.0,"R_EHGLAT":0.0,"R_ENO":14.8623805362,"R_ETHAK":0.1039647931,"R_ETHAMPtg":0.0,"R_F6PP":0.0,"R_FA140ACPHi_1":0.0,"R_FA160ACPHi_1":0.0000085897,"R_FACOAL140":0.2536149531,"R_FACOAL160":0.0,"R_FACOAL180":0.032391476,"R_FACOAL181":0.1760467198,"R_FACOAL1821":0.0632881461,"R_FACOAL204":0.0203658105,"R_FADtm":0.0,"R_FBA":5.7441257489,"R_FBP":0.0,"R_FCLT":0.0,"R_FCLTm":0.0000687175,"R_FE2t":0.0000687175,"R_FEtm":-0.0000687175,"R_FMNAT":0.0000687175,"R_FOLD3":0.0,"R_FOLt":0.0,"R_FORt2":0.0,"R_FPGS":0.0000687175,"R_FPGSa":0.0,"R_FRDPtm":0.0,"R_FRTT":0.0000687175,"R_FRUt1r":1.0,"R_FT":0.0,"R_FUMm":0.1540646733,"R_G3PD1ir":0.4931653054,"R_G3PD1":0.0,"R_G3PD2m":1.2656416064,"R_G3P_pi_thr":0.0005798041,"R_G5SADs":1.0,"R_G6PDH2r":0.0,"R_G6PI":0.0,"R_G6PI3":0.0,"R_G6PP":0.0,"R_GACPAIL_18_0_18_1_16_0ter":0.0913942977,"R_GALUi":0.0,"R_GAPD":14.8623805362,"R_GF6PTA":0.0,"R_GFUCS":0.0000687175,"R_GGTT":0.0000687175,"R_GHMT2r":0.0103076276,"R_GHMT2rc":0.0,"R_GHMT2rm":0.0,"R_GK1":0.0661062514,"R_GLCt1":1.0,"R_GLNS":0.0,"R_GLNt":-0.8541127112,"R_GLUCYS":0.0,"R_GLUDxi":0.0,"R_GLUDy":0.0,"R_GDH_nadp":0.0,"R_GLUSx":0.0,"R_GLUSy":0.0,"R_GLUt3":-1.0,"R_XOLESte_16_0":0.0,"R_GLUtc":0.0,"R_GLYCK2":0.0,"R_GLYCLm":0.0,"R_GLYCt":-1.0,"R_GLYCtc":0.0,"R_GLYCtm":-0.0068717517,"R_GLYK":1.0068717517,"R_GLYOX":0.0,"R_GLYOXc":0.0,"R_GLYt":0.1702820073,"R_GLYtc":0.0,"R_GLYtm":0.0005497401,"R_GMAND":0.0000687175,"R_GMPS2":0.0,"R_GND":0.0,"R_GNK":0.0,"R_GP4GH1":0.0,"R_GPAM_pf_16_0":0.0661358,"R_GPAM_pf_18_0":0.0945951597,"R_GPAM_pf_18_1":0.0374888414,"R_GPAM_pf_18_2":0.0169347449,"R_GPDDA1":0.0,"R_GPDDA2":0.0,"R_GPIAT_18_0_18_1_16_0":0.0913942977,"R_GPIMT11er":0.0,"R_GPIMT12er":0.0913942977,"R_GRTT":0.0000687175,"R_GRX":0.0,"R_GRXR":0.0,"R_GRXR2":0.0,"R_GRXRc":0.0,"R_GSNt":1.0,"R_GTHOXti2":0.0,"R_GTHOXtm":0.0,"R_GDR_nadp_h":-0.0017093482,"R_GTHOr":0.0,"R_GTHPi":0.0,"R_GTHP_api":-0.0017093482,"R_r1530":0.0,"R_GTHRDtm":0.0,"R_GTHS":0.0,"R_GTPCI":0.0,"R_GTPDPDP":0.0,"R_r0801":-4.8298646329,"R_GUACYC":0.0,"R_GUAPRT":0.0661062514,"R_GUAt":-0.9338937486,"R_H2O2tly":0.0,"R_H2Ot":1.0,"R_H2Oth":0.0028174182,"R_H2Otg":0.0,"R_H2Otly":0.0,"R_H2Otm":-8.5219414389,"R_LPASE_18_3":0.0,"R_LPASE_18_4":0.0,"R_LPASE_20_5":0.0,"R_LPASE_2_16_0":0.0,"R_LPASE_2_18_1":0.0,"R_LPASE_2_18_2":0.0,"R_LPASE_2_20_4":0.0,"R_LYSDC":0.0,"R_LYSt5r":0.2460087111,"R_MAN1PT":0.3657146259,"R_MAN6PI":0.6342853741,"R_MANt1r":1.0,"R_MCLORi":0.0,"R_MCOATA_1":0.0000601278,"R_MCPST":0.0,"R_MDH":0.0,"R_MDH6":0.1540646733,"R_MDH7m":0.0,"R_MECDPDH2yc":0.0005497401,"R_MCS":0.0005497401,"R_CMS_h":0.0005497401,"R_r1560":-0.0551801662,"R_METAT":0.0002061526,"R_r1607":0.0,"R_METLEUex":0.0,"R_METtec":0.0,"R_MGSA":0.0,"R_MGSA2":0.0,"R_MGSA2c":0.0,"R_MGSAc":0.0,"R_MGt5":0.0,"R_MI3PP":0.0948308607,"R_MI3PS":0.0948308607,"R_MQN4tm":0.0,"R_MTAD":0.0,"R_MTHFC":0.0,"R_MTHFD":0.0,"R_MTHFR2":0.0,"R_MTHFR3":0.0,"R_MTHGXLt":0.0,"R_NACt":1.0,"R_NADH2_mq4m":0.0,"R_NADHOR":2.4641611164,"R_NADHth":0.0000601278,"R_NADK":0.0000687175,"R_NADPHth":0.0,"R_NADPth":0.0,"R_NADS2":0.000137435,"R_NADth":-0.0000601278,"R_NAMNPP":0.000137435,"R_NAt3_0_5":0.0,"R_NCAMUP":-0.999862565,"R_NDP1":0.0,"R_NDP3":0.0,"R_NDP4":0.0,"R_NDPK1":-4.2511257041,"R_NDPK2":0.197219274,"R_NDPK3":0.3125279548,"R_NDPK4":0.0103076276,"R_NDPK5":0.0075589269,"R_NDPK7":0.0075589269,"R_NDPK8":0.0103076276,"R_NH4t":0.1155141462,"R_NH4tm":0.0,"R_PI45PLC_16_0_18_3":0.0,"R_PI4P5K_16_0_18_5":0.0,"R_PI4P5K_18_0_18_3":0.0,"R_PIACGT_18_0_18_1":0.0913942977,"R_PIK4_16_0_18_3":0.0,"R_PIK4_18_0_18_3":0.0,"R_PIt2m_2":4.8297271979,"R_PIt9":0.0,"R_PLA2_1_16_0_16_0":0.0,"R_PLA2_1_16_0_18_1":0.0,"R_PLA2_1_16_0_18_2":0.0,"R_PLA2_1_18_1_18_1":0.0,"R_PLA2_1_18_1_18_2":0.0,"R_PLA2_1_18_2_18_2":0.0,"R_PLA2_2_16_0_16_1":0.0,"R_PLA2_2_16_0_18_3":0.0,"R_PLA2_2_16_0_18_4":0.0,"R_PLA2_2_18_1_18_3":0.0,"R_PLA2_2_18_1_18_4":0.0,"R_PLA2_2_18_2_18_3":0.0,"R_PYDXS":-0.9999312825,"R_PLRX":0.0,"R_PLRXR":0.0,"R_PLRXR2":0.0357331089,"R_PLRXRc":0.0,"R_PMANM":-0.3657146259,"R_PMPK":0.6494115169,"R_PNTK":0.0,"R_PNTOt2":0.0,"R_PPA":0.0,"R_PPA2":0.0,"R_PPAP_16_0_16_1":0.0120853497,"R_PPAP_16_0_18_3":0.0074922709,"R_PPAP_16_0_18_4":0.0120853497,"R_PPAP_16_0_18_5":0.0120853497,"R_PPAP_18_0_18_3":0.0000096205,"R_PPAP_18_0_18_4":0.0000096205,"R_PPAP_18_1_18_3":0.0,"R_PPAP_18_1_18_4":0.0173113169,"R_PPAP_18_2_18_3":0.0169347449,"R_PPA_1":0.0,"R_PPA_2":0.0,"R_IDP_h":0.0005497401,"R_PPAm":0.000137435,"R_PPBNGS":0.0002748701,"R_PPBNGS_h":0.0,"R_PPC":0.8459353267,"R_PPCDC":0.0,"R_PPCK":0.0,"R_PPM":4.0002061526,"R_PPNCL2":0.0,"R_PPPG9tm":0.0000687175,"R_PPPGO":0.0,"R_PPPGO3m":0.0,"R_PPPGO5m":0.0,"R_PPPGO6m":0.0000687175,"R_PPTT":0.0000687175,"R_PROPAT4te":-0.9017339506,"R_PRPPS":0.193096223,"R_PSCVT":0.0000687175,"R_PSD_18_1_18_1":0.0172893273,"R_PSSA_18_0_18_1":0.0010603113,"R_AGPAT1_18_0_20_5":0.0010603113,"R_CDS_18_0_20_5":0.0010603113,"R_THIORDXm":0.0,"R_THYMDt1":0.0,"R_THMP":0.6493427994,"R_THMtrbc":-0.6493427994,"R_r2534":0.1175069542,"R_THYMt":0.0,"R_TKT1":1.6023699765,"R_TKT2":1.602301259,"R_TMDPK":0.0,"R_TMDS":0.0103076276,"R_TMPK":0.0000687175,"R_TPI":6.5166020499,"R_TPIh":0.0,"R_TRDR":0.0,"R_TRDR4":0.9625575429,"R_TRDR4m":0.0,"R_TRDRm":0.0,"R_TRPTA":0.0,"R_TRPt":0.0171793793,"R_FAC140t_c":0.0,"R_TTDCAtr":0.2536149531,"R_TYRTA":0.0,"R_TYRt":0.7586723691,"R_UAGDP":0.0913942977,"R_UDPDPRD":0.0,"R_UDPDPS3":0.0,"R_UMPK":0.1161326039,"R_UNK3":0.0,"R_UNK4":0.0,"R_UNK5_1":0.0,"R_UNK6":0.0,"R_UNK7":0.0,"R_UP4UH1":0.0,"R_UPP1S":0.0,"R_UPP3S":0.0000687175,"R_UPP3S_1":0.0,"R_UPPDC1":0.0000687175,"R_UPPDC1_1":0.0,"R_UPPDC2_1":0.0,"R_URAt":-1.0,"R_URIDK2r":-0.0103076276,"R_URIt":1.0,"R_VALTA":0.0,"R_VALtec":0.1429324355,"R_XP4XH1":0.0,"R_BIOMASS__4":0.6871751708,"R_orottm":-0.1161326039,"R_DM_hmz_l":0.0,"R_SK_gcald_c":0.0,"R_DM_5mdr1p_c":0.0,"R_DM_hcys__L_c":0.0002061526,"R_pchol_pf_16_0_16_0tg":0.0,"R_pchol_pf_16_0_18_1tg":0.0,"R_pchol_pf_16_0_18_2tg":0.0,"R_pchol_pf_18_1_18_1tg":0.0,"R_pchol_pf_18_1_18_2tg":0.0021989605,"R_pchol_pf_18_2_18_2tg":0.0053606535,"R_dag_pf_16_0_16_0tg":0.0,"R_dag_pf_16_0_18_0tg":0.0,"R_dag_pf_16_0_18_1tg":0.0,"R_dag_pf_16_0_18_2tg":0.0,"R_dag_pf_16_0_20_4tg":0.0,"R_dag_pf_18_0_16_0tg":0.0,"R_dag_pf_18_0_18_0tg":0.0,"R_dag_pf_18_0_18_1tg":0.0,"R_dag_pf_18_0_18_2tg":0.0,"R_dag_pf_18_0_20_4tg":0.0,"R_dag_pf_18_1_16_0tg":0.0,"R_dag_pf_18_1_18_0tg":0.0,"R_dag_pf_18_1_18_1tg":0.0,"R_dag_pf_18_1_18_2tg":-0.0021989605,"R_dag_pf_18_1_20_4tg":0.0,"R_dag_pf_18_2_16_0tg":0.0,"R_dag_pf_18_2_18_0tg":0.0,"R_dag_pf_18_2_18_1tg":0.0,"R_dag_pf_18_2_18_2tg":-0.0053606535,"R_dag_pf_18_2_20_4tg":0.0,"R_dag_pf_20_4_16_0tg":0.0,"R_dag_pf_18_1_18_1_tr":0.012337543,"R_dag_pf_18_1_18_2_tr":0.0790567547,"R_dag_pf_18_2_18_2_tr":0.0,"R_dag_pf_16_0_16_0_tr":0.0,"R_CEPTC_16_0_18_5":0.0074647839,"R_PGPPT_pf":0.0137435034,"R_PGPP_pf":0.0137435034,"R_PGLYCpftm":0.0137435034,"R_CLPNSm_pf":0.0068717517,"R_SACCD_c":0.0,"R_DM_saccrp__L_c":0.0,"R_LYSOXp_1":0.0,"R_AOXHEXCYCL":0.0,"R_1PPDCRp_1":0.0,"R_EX_Lpipecol_e":0.0,"R_Lpipecolt":0.0,"R_THZPSN":0.6494115169,"R_4PYRDX":-1.0,"R_PYDXDH":-1.0,"R_EX_4pyrdx_e":-1.0,"R_FAS160COA":0.2536149531,"R_FAS180COA":0.0728555859,"R_FADH2tm":0.0,"R_BACCL":0.0,"R_FRDNPRr_NADP":0.0,"R_FRDNPRr_NAD":0.0,"R_TMPPP":0.6494115169,"R_PDHm":2.3100964432,"R_DM_pail345p_pf_16_0_18_1_c":0.0,"R_DM_mi13456p_c":0.0,"R_MI4PP":0.0,"R_DGATpf_18_0_18_1_pmtcoa":0.0000096205,"R_TAGAH_pf_16_0_18_0_18_0":0.0,"R_TAGAH_pf_18_0_18_1_16_0":0.0,"R_TAGAH_pf_18_1_18_2_18_2":0.0,"R_DM_pail345p_pf_18_0_18_1_c":0.0,"R_DGATpf_18_0_18_0_ocdcea":0.0000096205,"R_TAGAH_pf_18_0_18_0_18_1":0.0,"R_pchol_pf_16_0_18_0tg":0.0,"R_PPK":-0.9879209919,"R_PPK2":0.0,"R_NO2t2r":0.0,"R_NO3t2":0.0,"R_NO2tmt":0.0,"R_NO3tmt":0.0,"R_CHSTEROLt":0.0,"R_GPDDA4":0.0,"R_ACS2":0.0,"R_DAGK_16_0_16_0":0.0,"R_DAGK_16_0_18_0":0.0,"R_DAGK_16_0_18_1":0.0,"R_DAGK_16_0_18_2":0.0,"R_DAGK_18_0_18_0":0.0,"R_DAGK_18_0_18_1":0.0,"R_DAGK_18_1_18_1":0.0,"R_DAGK_18_1_18_2":0.0,"R_DAGK_18_2_18_2":0.0,"R_DAGK_16_0_20_4":0.0,"R_DAGK_20_4_20_4":0.0,"R_SAM_MT":0.0,"R_PPAtr":0.0,"R_LCAT1e_16_0_18_1":0.0,"R_LCAT1e_16_0_18_2":0.0,"R_LCAT1e_16_0_20_4":0.0,"R_SMSg_18_1_16_0_pchol_16_0_16_0":0.0,"R_SMSg_18_1_16_0_pchol_16_0_18_1":0.0,"R_SMSg_18_1_16_0_pchol_16_0_18_0":0.0,"R_SMSg_18_1_16_0_pchol_18_1_18_1":0.0,"R_SMSg_18_1_16_0_pchol_18_1_18_2":0.0,"R_SMSg_18_1_16_0_pchol_18_2_18_2":0.003181621,"R_UGCG_18_1_16_0":0.0,"R_CERpfT1gt_18_1_16_0":-0.003181621,"R_SMPD3pfg_18_1_16_0":0.0,"R_AGPAT1_16_0_18_6":0.0262219173,"R_AGPAT1_16_0_18_7":0.0120853497,"R_AGPAT1_18_0_18_3":0.0005401197,"R_AGPAT1_18_0_18_4":0.0929947287,"R_AGPAT1_18_1_18_5":0.0193316119,"R_AGPAT1_18_1_18_6":0.0173113169,"R_AGPAT1_18_2_18_3":0.0169347449,"R_AHCYSt_c":0.0,"R_AHCYStg":0.0,"R_AHCYStm":-0.0002061526,"R_AHCi":0.0002061526,"R_AKGCITtm":0.0,"R_AKGDm":0.0,"R_AKGMALtm":0.0,"R_OAAAKGtm":0.0,"R_AKGtc":0.0,"R_AKGtm":-0.1540646733,"R_AKP1":0.0,"R_r1571":0.0,"R_r1565":0.0,"R_ALASm":0.0005497401,"R_ALAPAT4te":-0.45061174,"R_ALCD19c":0.0,"R_ALLTAHr":0.0,"R_AMETt_h":0.0,"R_AMETtg":0.0,"R_AMETtm":0.0002061526,"R_AMMQT4_2":0.0,"R_AMPDA":0.0,"R_ANS":0.0,"R_AOPR2c":0.0,"R_AOPRXc":0.0,"R_AOPRc":0.0,"R_AP3AH":0.0,"R_AP4AH1":0.0,"R_APTNAT":0.0,"R_ARACHDt2":0.0203658105,"R_ARGN":0.0,"R_ARGt5r":0.1333119831,"R_ASNS1":0.0,"R_ASNTA":0.0,"R_r2532":0.197219274,"R_ASPCT":0.1161326039,"R_ASPTA":-0.8459353267,"R_ASPte":0.4260712974,"R_ATPS":0.0,"R_ATPS4m":4.8305518081,"R_ATPasel_1":0.0,"R_ATPt":-0.2483448773,"R_ATPtc":0.0000300639,"R_ATPtm":0.0,"R_CA2abc1":0.0,"R_CAt4":0.0,"R_CAt8":0.0,"R_CBPS":0.0,"R_CDIPTr_16_0_16_1":0.0003930642,"R_CDIPTr_16_0_18_3":0.0003930642,"R_CDIPTr_16_0_18_4":0.0003930642,"R_CDIPTr_18_0_18_3":0.0005304992,"R_CDIPTr_18_0_18_4":0.0919247969,"R_CDIPTr_18_1_18_3":0.001196372,"R_CMK":0.0005497401,"R_CDS_16_0_16_1":0.0003930642,"R_CDS_16_0_18_3":0.0003930642,"R_CDS_16_0_18_4":0.0141365676,"R_CDS_18_0_18_3":0.0005304992,"R_CDS_18_0_18_4":0.0929851082,"R_CDS_18_1_18_3":0.0193316119,"R_CEPTC_16_0_16_1":0.0074647839,"R_CEPTC_16_0_18_3":0.0074647839,"R_CEPTC_16_0_18_4":0.0074647839,"R_CEPTC_18_1_18_3":0.012337543,"R_CEPTC_18_1_18_4":0.0145365036,"R_CEPTC_18_2_18_3":0.0162008418,"R_CEPTE_16_0_16_1":0.0046205658,"R_CEPTE_16_0_18_3":0.0046205658,"R_CEPTE_16_0_18_4":0.0046205658,"R_CEPTE_18_1_18_3":0.0,"R_CEPTE_18_1_18_4":0.084008539,"R_CEPTE_18_2_18_3":0.0060945566,"R_CHLPCTD":0.0803988078,"R_CHOLK":0.0803988078,"R_CHOLPtg":0.0,"R_CHOLtu":0.0803988078,"R_CHORS":0.0000687175,"R_CHRPL":0.0000687175,"R_CITFUMtm":0.1546144134,"R_OAACITtm":0.0,"R_r0915":0.0,"R_CITtcm":0.0,"R_HMR_4957":-0.1546144134,"R_CLHCOtex":0.0,"R_CMPth":-0.0005497401,"R_CO2t":-2.4025619181,"R_CO2th":-0.0006399319,"R_CO2tm":-2.4647795741,"R_COAth":-0.0000687175,"R_COAtim":2.1560317699,"R_COBALTt5":0.0,"R_CPPPGO":0.0000687175,"R_CPPPG3t_h":0.0,"R_CSNt":0.0,"R_CSm":0.1540646733,"R_CTPS2":0.056348364,"R_CTPth":0.0005497401,"R_CU2t2ex":0.0,"R_CYOOm2":1.9997251299,"R_CYOR_mqn4m":0.0,"R_CYOR_u8m":3.9994502599,"R_CYStec":0.6995753044,"R_CYTK1":0.3200868817,"R_CYTK2":0.0,"R_D_LACt2":0.0,"R_D_LACtc":0.0,"R_DADA":0.0,"R_DADK":0.0,"R_DAPO":0.0,"R_DCTPD":0.0,"R_DDPA":0.0000687175,"R_DDPDPRD":0.0,"R_DDPDPS":0.0,"R_DESAT18":0.0,"R_DGATpf_16_0_18_0_stcoa":0.000027487,"R_DGATpf_18_1_18_2_lnlccoa":0.0000219896,"R_DGK1":0.0,"R_DHAt":0.0,"R_DHFR":0.0103763451,"R_DHFS":0.0000687175,"R_DHNATT":0.0,"R_DHNCOAS":0.0,"R_DHNCOAT":0.0,"R_DHORD10m":0.0,"R_DHORD9m":0.1161326039,"R_DHORTS":-0.1161326039,"R_DHORtm":0.1161326039,"R_DHPS2":0.0,"R_DHPTt":0.0000687175,"R_DHQTi":0.0000687175,"R_DHQS":0.0000687175,"R_DIK1":0.0,"R_DMATT":0.0000687175,"R_IDS2":0.0,"R_DMPPth":0.0,"R_DMQMTm":0.0000687175,"R_H4ET4er_16_0_16_0":0.0,"R_H4ET4er_16_0_18_1":0.0,"R_H4ET4er_16_0_18_2":0.0,"R_H4ET4er_18_1_18_1":0.012337543,"R_H4ET4er_18_1_18_2":0.0790567547,"R_H4ET4er_18_2_18_2":0.0,"R_HBD1":0.0,"R_HBD2":0.0,"R_HBZOPTm":0.0000687175,"R_HCO3E":0.4426632707,"R_HCO3tc":0.0000601278,"R_HCYSMT":0.0,"R_FA160h":0.0000085897,"R_HDCAt":-0.0000085897,"R_HEMEOMOm":0.0,"R_HEMEOMOym":0.0,"R_HEMEOSm":0.0,"R_OPP":0.0000687175,"R_HETZK":0.0,"R_HEX1":1.0,"R_HEX10":0.0,"R_HEX4":1.0,"R_HEX7":1.0,"R_HEXTT":0.0000687175,"R_HIStiDF":0.0742149184,"R_HMBS":0.0000687175,"R_PPBNGD":0.0,"R_HMPK1":0.6494115169,"R_HMZ":0.0,"R_HPPK":0.0,"R_HPPK2":0.0,"R_HPROx":0.0,"R_HPROb":0.0,"R_HXPRT":0.1546144134,"R_HYPOE":0.0,"R_HYXNt":-1.8455917391,"R_Hbt":0.0,"R_Htg":0.0,"R_Hth":0.000111666,"R_Htr":-0.3655771909,"R_ICDHym":0.1540646733,"R_ICHORS":0.0,"R_ILETA":0.0,"R_ILEtec":0.1525528879,"R_IMPD":0.0,"R_INSt":1.0,"R_IPDDI":0.0000687175,"R_IDS1":0.0005497401,"R_IPDPth":0.0005497401,"R_3OAS40_h":0.0000085897,"R_Kt1":0.0,"R_L_LACt2r":-12.7057002448,"R_LCYSTAT":0.0,"R_LDH_L":-12.7057002448,"R_ILELAT1tc":0.0,"R_LEUTA":0.0,"R_LEUtec":0.2240191057,"R_LGTHL":0.0,"R_LGTHLc":0.0,"R_LIPAMPLm":0.0000687175,"R_LIPATPTm":0.0000687175,"R_LIPOCTc":0.0,"R_LIPOSc":0.0,"R_LIPOt":0.0000687175,"R_LIPOtm":0.0000687175,"R_LNLCt":0.0632881461,"R_LPASE_16_1":0.0,"R_NIt5":0.0,"R_PI45PLC_18_0_18_3":0.0,"R_NMETMTc":0.0,"R_NMNS":0.0,"R_NNAM":-0.999862565,"R_NNATr":0.000137435,"R_NTD11":0.0,"R_NTD7":0.0,"R_NTD9":0.0,"R_NTP1":0.0,"R_NTP5":0.0,"R_NTRARym":0.0,"R_NTRIR2xm":0.0,"R_O2Stl":0.0,"R_O2t":1.0,"R_O2thr":0.0,"R_O2tl":0.0,"R_O2tm":1.9999312825,"R_OCDCAt":0.032391476,"R_OCDCEAt":0.1760467198,"R_OCTDPtm":0.0000687175,"R_OHPHMm":0.0000687175,"R_OIVD1m":0.0,"R_OIVD2m":0.0,"R_OIVD3m":0.0,"R_OMBZLMm":0.0000687175,"R_OMMBLHXxm":0.0000687175,"R_OMMBLHXym":0.0,"R_OMPDC":0.1161326039,"R_OMPHHXxm":0.0000687175,"R_OMPHHXym":0.0,"R_OPHBDCm":0.0000687175,"R_OPHHXxm":0.0000687175,"R_OPHHXym":0.0,"R_ORNDC":0.0,"R_ORNTA":1.0,"R_ORPT":-0.1161326039,"R_P4AH":0.0,"R_P5CRx":1.6634548582,"R_P5CR":-0.6634548582,"R_PCPLC_16_0_16_0":0.0,"R_PCPLC_16_0_18_1":0.0,"R_PCPLC_16_0_18_2":0.0,"R_PCPLC_18_1_18_1":0.0,"R_PCPLC_18_1_18_2":0.0,"R_PCPLC_18_2_18_2":0.0,"R_PDE1":0.0,"R_PDE2":0.0,"R_PDE3":0.0,"R_PDE4":0.0,"R_PDE5":0.0,"R_PDHapi":0.0,"R_PDX5POi":0.0,"R_PDXPP":0.0,"R_PEPLC_16_0_16_0":0.0,"R_PEPLC_16_0_18_1":0.0,"R_PEPLC_16_0_18_2":0.0,"R_PEPLC_18_1_18_1":0.0,"R_PEPLC_18_1_18_2":0.0,"R_PEPLC_18_2_18_2":0.0,"R_PGAM1_PhosHydro":0.0,"R_PEPPIth":0.0005798041,"R_PETHCT":0.1039647931,"R_PETHMTg":0.0,"R_PFK":5.7441257489,"R_PGI":0.9051691393,"R_PGK":-14.8623805362,"R_PGL":0.0,"R_PGM":-14.8623805362,"R_PGMT":0.0,"R_PHEMEtm":0.0000687175,"R_PHETA1":0.0,"R_PHEtec":0.1161326039,"R_AACOAR_syn":0.0,"R_PSSA_18_0_20_4":0.0010603113,"R_PSSA_18_1_18_1":0.0181352399,"R_PSSA_18_1_20_4":0.0008459126,"R_PSSA_20_4_20_4":0.0054974014,"R_PTHPS":0.0,"R_PTHPS2":0.0,"R_PTHPS3":0.0,"R_PTPATi":0.0,"R_PUNP3":1.0,"R_PUNP4":0.0,"R_PUNP5":2.0002061526,"R_PUNP8_1":0.0,"R_PYAM5PO":0.0,"R_PYDAMK":0.0,"R_PYDXK":1.0,"R_PYDXNK":0.0,"R_PYDXPP":0.0,"R_PYK":14.0157279704,"R_PYK_h":0.0005798041,"R_PYNP2r":1.0,"R_PYRt2m":2.3100964432,"R_PYRt2":1.0,"R_RBFK":0.0000687175,"R_r1106":0.0000687175,"R_RNDR1":0.0,"R_RNDR1b":0.0,"R_RNDR1c":0.0103076276,"R_RNDR2":0.0,"R_RNDR2b":0.0,"R_RNDR2c":0.0075589269,"R_RNDR3":0.0,"R_RNDR3b":0.0,"R_RNDR3c":0.0075589269,"R_RNDR4":0.0,"R_RNDR4b":0.0,"R_RNDR4c":0.0103076276,"R_RPE":3.2046712355,"R_RPI":2.204739953,"R_SERDC":0.1039647931,"R_SELNPS":0.0,"R_SEPHCHCS":0.0,"R_SERPT":0.0075596141,"R_r2526":0.3683272659,"R_SERtc":0.0,"R_r1435":0.0,"R_SHCHCS3":0.0,"R_SHK3Dr":0.0000687175,"R_SHKK":0.0000687175,"R_SPMS":0.0,"R_SPODM":0.0,"R_SPODMl":0.0,"R_SPODMm":0.0,"R_SPRMS":0.0,"R_SUCBZL":0.0,"R_SUCBZS":0.0,"R_SUCDH_q8_m":1.2650918663,"R_SUCD3_u8m":0.0,"R_SUCOAS1m":-4.8299333504,"R_SUCOASm":4.8304830906,"R_TALA":1.6023699765,"R_TDP":0.0,"R_THD1m":-0.1542708258,"R_THFAT":0.0,"R_THIORDXi":-0.9982906518,"R_dag_pf_20_4_18_0tg":0.0,"R_dag_pf_20_4_18_1tg":0.0,"R_dag_pf_20_4_18_2tg":0.0,"R_ACGS":0.0,"R_ALAGLNexR":0.0,"R_SERGLNexR":0.0,"R_ALAGLYexR":0.0,"R_AMETt2":0.0,"R_ARGLYSex":0.0,"R_CAMPt":0.0,"R_CBPSam_1":0.1161326039,"R_CGMPt":0.0,"R_PIt2r":0.0,"R_CYSGLUexR":0.0,"R_CYSGLYex":0.0,"R_CYSTGLUex_1":0.0,"R_CYSTSERex_1":0.0,"R_DADNt4":0.0,"R_DGSNt":0.0,"R_DINt":0.0,"R_DSBCGT_1":0.0,"R_DSBGGT_1":0.0,"R_DTTPt":0.0,"R_FRDm":1.2656416064,"R_GLCNACPT_dolp11":0.0,"R_GLCNACPT_dolp12":0.0,"R_GTHOXti":0.9625575429,"R_GTHPm":0.0,"R_GTHRDt2":-1.9250463682,"R_LALDO2x":0.0,"R_AMITP":0.0,"R_MI1456PK":0.0,"R_MI145PP":0.0,"R_MI14PP":0.0,"R_NDPK6":0.0,"R_PPPGO_mt":0.0,"R_PUNP2":0.0,"R_PUNP6":0.0,"R_RE1342C":0.0,"R_SBT_Dt":0.0,"R_SERGLYexR":0.0,"R_THMDP":0.0,"R_THRGLNexR":0.0,"R_THRGLYexR_copy1":0.0,"R_THRGLYexR_copy2":0.0,"R_CHTNASE":0.0,"R_YUMPS":0.0,"R_XPPT":0.0,"R_XANt":0.0,"R_PUNP7":0.0,"R_SUCCt2r":0.0,"R_SUCCtmt":0.0,"R_FACOAL80":0.0,"R_HMR_0180":0.0,"R_HMR_0188":0.0,"R_FACOAL141":0.0,"R_FACOAL161":0.0,"R_PIK3_16_0_18_1":0.0,"R_PIK3_18_0_18_1":0.0,"R_PI3P4K_16_0_18_1_EC_2_7_1_137":0.0,"R_PI3P4K_18_0_18_1_EC_2_7_1_137":0.0,"R_PI34P5K_16_0_18_3":0.0,"R_PI34P5K_18_0_18_3":0.0,"R_PI3P4K_16_0_18_1_EC_2_7_1_68":0.0,"R_PI3P4K_18_0_18_1_EC_2_7_1_68":0.0,"R_GLCNACT_dolp11":0.0,"R_GLCNACT_dolp12":0.0,"R_DSAT_pmtcoa":0.003181621,"R_DSAT_stcoa":0.0021989605,"R_DSAT_lignocoa":0.0021790325,"R_EX_lgn_e":-0.0021790325,"R_LIGNOt2":0.0021790325,"R_FACOAL240i":0.0021790325,"R_CERpfT1gt_18_1_18_0":-0.0021989605,"R_SMPD3pfg_18_1_18_0":0.0,"R_SMSg_18_1_18_0_pchol_16_0_16_0":0.0,"R_SMSg_18_1_18_0_pchol_16_0_18_1":0.0,"R_SMSg_18_1_18_0_pchol_16_0_18_0":0.0,"R_SMSg_18_1_18_0_pchol_18_1_18_1":0.0,"R_SMSg_18_1_18_0_pchol_18_1_18_2":0.0021989605,"R_SMSg_18_1_18_0_pchol_18_2_18_2":0.0,"R_UGCG_18_1_18_0":0.0,"R_UGCG_18_1_18_0_9z":0.0,"R_DHCRD1pf_18_0_18_0":0.0021989605,"R_CERpfT1gt_18_1_24_0":-0.0021790325,"R_SMPD3pfg_18_1_24_0":0.0,"R_SMSg_18_1_24_0_pchol_16_0_16_0":0.0,"R_SMSg_18_1_24_0_pchol_16_0_18_1":0.0,"R_SMSg_18_1_24_0_pchol_16_0_18_0":0.0,"R_SMSg_18_1_24_0_pchol_18_1_18_1":0.0,"R_SMSg_18_1_24_0_pchol_18_1_18_2":0.0,"R_SMSg_18_1_24_0_pchol_18_2_18_2":0.0021790325,"R_UGCG_18_1_24_0":0.0,"R_DHCRD1pf_18_0_24_0":0.0021790325,"R_CDS_18_1_20_5":0.0008459126,"R_AGPAT1_18_1_20_5":0.0008459126,"R_CDS_20_4_20_5":0.0054974014,"R_AGPAT1_20_4_20_5":0.0054974014,"R_PLA2_2_16_0_20_5":0.0,"R_PLA2_2_16_0_20_4_artficial":0.0,"R_pchol_pf_16_0_20_4tg":0.0,"R_PSD_20_4_20_4":0.0045003102,"R_PLA2_1_20_4_20_4":0.0,"R_AGPAT1_16_0_20_5":0.0074647839,"R_PPAP_16_0_20_5":0.0074647839,"R_CEPTC_16_0_20_5":0.0074647839,"R_CEPTE_20_4_20_5":0.0,"R_PPAP_20_4_20_5":0.0,"R_GPAM_pf_20_4":0.0054974014,"R_PEt_16_0_16_0":0.0,"R_PEt_16_0_18_1":0.0,"R_PEt_16_0_18_2":0.0,"R_PEt_18_1_18_1":-0.012337543,"R_PEt_18_1_18_2":-0.0790567547,"R_PEt_18_2_18_2":0.0,"R_dag_pf_16_0_18_1_tr":0.0,"R_dag_pf_16_0_18_2_tr":0.0,"R_DHCRD1pf_18_0_16_0":0.003181621,"R_PS_asn__L_c":0.0,"R_DOLASNT11":0.0,"R_DOLASNT12":0.0,"R_H2O2th":-0.0017093482,"R_DAGAH160181":0.0,"R_DAGAH180181":0.0,"R_DAGAH181181":0.0,"R_PYDXOR":0.0,"R_PYDXO_1":0.0,"R_dxyl5ptc":-0.0000300639,"R_EX_4hba_e":0.6494115169,"R_4HBAt":-0.6494115169,"R_SPR":0.0,"R_THBPT4ACAMDASE":1.0,"R_NOS_1":0.0,"R_ADPRDP":0.0,"R_cADPR":0.0,"R_Cut1":0.0,"R_SELCYSLY2":0.0,"R_SELCYSLY3":0.0,"R_FMETDF_1":0.0,"R_SK_thbpt4acam_c":-1.0,"R_SK_dhbpt_c":1.0,"R_SK_thbpt_c":0.0,"R_SK_no_c":0.0,"R_SK_citr__L_c":0.0,"R_SK_dxyl5p_c":-0.649381453,"R_SK_accoa_h":-0.0000687175,"R_EX_ptrc_e":-0.0302357075,"R_EX_spmd_e":-0.0185537296,"R_PTRCt2":0.0302357075,"R_SPMDt2":0.0185537296,"R_DM_oxptn_c":0.0,"R_EX_orn_e":-1.0,"R_EX_chsterol_e":0.0,"R_ORNt":1.0,"R_ACGAMK":0.0913942977,"R_ACGAtex_1":-0.0913942977,"R_EX_acgam_e":-0.0913942977,"R_dag_pf_20_4_20_4tg":0.0,"R_Htl":0.0,"R_EX_pyr_e":-1.0,"R_EX_ribflv_e":-0.0000687175,"R_EX_ser__L_e":-0.3683272659,"R_EX_thm_e":0.6493427994,"R_EX_thr__L_e":-0.1175069542,"R_EX_thym_e":0.0,"R_EX_thymd_e":0.0,"R_EX_trp__L_e":-0.0171793793,"R_EX_ttdca_e":-0.2536149531,"R_EX_tyr__L_e":-0.7586723691,"R_EX_ura_e":1.0,"R_EX_uri_e":-1.0,"R_EX_val__L_e":-0.1429324355,"R_10FTHFtc":0.0,"R_3DSPHR":0.0075596141,"R_3HAD100_1":0.0000085897,"R_3HAD120_1":0.0000085897,"R_3HAD140_1":0.0000085897,"R_3HAD160_1":0.0000085897,"R_3HAD40c":0.0000085897,"R_3HAD60_1":0.0000085897,"R_3HAD80_1":0.0000085897,"R_3HBCOAHL":0.0,"R_3OAR100_1":0.0000085897,"R_3OAR120_1":0.0000085897,"R_3OAR140_1":0.0000085897,"R_3OAR160_1":0.0000085897,"R_3OAR40c":0.0000085897,"R_3OAR60_1":0.0000085897,"R_3OAR80_1":0.0000085897,"R_3OAS100_h":0.0000085897,"R_3OAS120_h":0.0000085897,"R_3OAS140_h":0.0000085897,"R_3OAS160_h":0.0000085897,"R_3OAS60_h":0.0000085897,"R_3OAS80_h":0.0000085897,"R_3PGP":0.0,"R_3SALATAi":0.0,"R_4ABZt2r":0.0,"R_4AHMMPt":0.6494115169,"R_4HBZtm":0.0000687175,"R_4NPHPP":0.0,"R_5AOPtc":0.0,"R_5AOPtm":-0.0005497401,"R_5FTHFt":0.0,"R_ACACT1r":0.0,"R_ACCOAC":0.326470539,"R_ACCOAC_h":0.0000601278,"R_ACCOAtm_1":-2.1560317699,"R_ACGAM6PS":0.0,"R_ACGAMPM":0.0913942977,"R_ACGPID_18_0_18_1":0.0913942977,"R_ACOATA_1":0.0000085897,"R_ACN_a_m":-0.1540646733,"R_ACONTa":0.0,"R_ACONTb":0.0,"R_ACN_b_m":0.1540646733,"R_ACP1_FMN":0.0,"R_ACPS1c":0.0,"R_ACS":-1.8295612308,"R_ACYP":0.0,"R_ACtr":-1.9209555286,"R_ADA":1.0002061526,"R_ADCL":0.0,"R_ADCS":0.0,"R_ADEt":-0.1438944808,"R_ADK1":-0.4283099852,"R_ADK3m":0.0000687175,"R_ADMDC":0.0,"R_ADNCYC":0.0,"R_ADNt":1.0,"R_ADPT":-0.1438944808,"R_ADPtc":-0.0000300639,"R_ADSL1r":0.1546144134,"R_ADSL2r":0.0,"R_ADSS":0.1546144134,"R_AGPAT1_16_0_16_2":0.0124784139,"R_AGPAT1_16_0_18_5":0.0078853351}]