[{"file": "lemaire04_removeC.sedml"}, {"file": "lemaire04_addR.sedml"}, {"file": "BIOMD0000000278.svg"}, {"file": "autogen_report_for_task1.csv"}, {"file": "curation_image.png"}, {"file": "lemaire04_addPTH.sedml"}, {"file": "lemaire04_addOPG_addRANKL.sedml"}, {"file": "BIOMD0000000278.pdf"}, {"file": "BIOMD0000000278.png"}, {"file": "lemaire04_removeB.sedml"}, {"file": "plot_2_task1.csv"}, {"file": "lemaire04_addOPG_addRANKL.cps"}, {"file": "lemaire04_addPTH.cps"}, {"file": "lemaire04_removeR.cps"}, {"file": "lemaire04_removeB.cps"}, {"file": "lemaire04_addB.sedml"}, {"file": "lemaire04_removeC.cps"}, {"file": "lemaire04_addOPG.cps"}, {"file": "BIOMD0000000278_amici_Modeling_the_interactions_betw.ant"}, {"file": "lemaire04_addR.cps"}, {"file": "lemaire04_addOPG.sedml"}, {"file": "lemaire04_addC.sedml"}, {"file": "lemaire04_addC.cps"}, {"file": "lemaire04_addB.cps"}, {"file": "report_task1.csv"}, {"file": "lemaire04_removeR.sedml"}]