[{"R_2AGPEAT160":0.0,"R_2AGPEAT180":0.0,"R_5DGLCNR":0.0,"R_AACPS10":0.0035756571,"R_AACPS11":0.000375396,"R_AACPS3":0.0010347969,"R_ABTA":0.0,"R_ACACT1r":0.0,"R_ACALD":1.0,"R_ACBIPGT":0.0,"R_AGPAT160":0.0010347969,"R_ACCC_1":0.0027416183,"R_AGPAT160190":0.0021542367,"R_AGPAT190":0.0007107102,"R_AGPR":-0.0150350375,"R_ACChex":0.0027416183,"R_ACGAMPM":0.0,"R_AHCi":0.0062627665,"R_CHLabc":0.0,"R_ACGAMT":0.0000425251,"R_CHOLD":0.0,"R_CHORM":0.0046921882,"R_AHCYSNS":0.0,"R_ACGK":0.0150350375,"R_AHMMPS":0.0000465391,"R_AICART":0.0291136383,"R_CHORS":0.0069712661,"R_CHRPL":0.000375396,"R_ACGS":0.0,"R_CIGAMS":0.0007620777,"R_CITL":0.0,"R_AIRCr":0.0247554263,"R_ACHBS":0.0051036521,"R_AKGDb":0.0,"R_ALAALAD":0.0,"R_ALAALAr":0.0024246289,"R_ALAD_L":0.0,"R_ALAR":0.0048492577,"R_ALAt2r":0.0,"R_CITabc":1.0,"R_CLPNS160190":0.0003408407,"R_CMCBTFL":0.0003257737,"R_CMCBTFU":0.0003257737,"R_CMLDC":0.0,"R_CO2t":-4.4348749526,"R_COAt":0.0,"R_COBALTt5":0.0,"R_ALDD1":0.0,"R_ACKr":0.0081320675,"R_ACLS":0.039680806,"R_ALDD19xr":0.0,"R_ACODA":0.0,"R_ALDD2x":0.0,"R_COCHL":0.0,"R_COt":0.0,"R_AMAOTr":0.0,"R_CPC6R":0.0,"R_ACONT":1.9731105256,"R_CPPPGO":0.0000930782,"R_ACOTA":-0.0150350375,"R_CRNabc":0.0,"R_ACP1_FMN":0.0,"R_CS":0.9731105256,"R_CTPS1":0.0167046276,"R_CTPS2":0.0,"R_CYANST":0.0,"R_CYO1a":0.0,"R_CYO1b":0.0,"R_CYRDAAT":0.0,"R_AMID4":0.0,"R_AMMQT8":0.0006864517,"R_ACPS1":0.0,"R_CYRDAR2":0.0,"R_CYSS":0.0,"R_CYSTL":0.0,"R_ACS":0.0,"R_CYSTS":0.0033217281,"R_CYTBD":9.9474576623,"R_AMMQT8_2":0.0,"R_CYTBD2":0.0,"R_ACS2":0.0,"R_CYTD":0.0,"R_AMPTASECG":0.0,"R_ANPRT":0.001170691,"R_ANS":0.001170691,"R_CYTDK2":0.0,"R_ACYSBMNt":0.0,"R_CYTDt2":0.0,"R_CYTK1":0.0157739038,"R_AOXSr":0.0,"R_APRAUR":0.0020419029,"R_CYTK2":0.0,"R_ADA":0.0,"R_ARACHTA":0.0,"R_ARB_Dabc":0.0,"R_Clt":0.0,"R_ADCL":0.0000465391,"R_Cuabc":0.0,"R_Cut1":0.0,"R_ARBabc":0.0,"R_ARBt2r":0.0,"R_DADA":0.0,"R_ARGDC":0.0,"R_ADCPS1":0.0,"R_ARGDr":0.0,"R_ARGSL":0.0070052978,"R_ARGSS":0.0070052978,"R_ARGt5r":0.0,"R_DADK":-0.0002031432,"R_DAGK160":0.0,"R_DALAOX":0.0,"R_DALAt2r":0.0,"R_DAPDC":0.0045844502,"R_DAPE":0.0046986455,"R_DASYN160":0.000613618,"R_ASAD":-0.0217453355,"R_ASNN":0.9972251644,"R_DASYN160190":0.0017587707,"R_ASNS1":0.0,"R_ADCPS2":0.0,"R_DASYN190190":0.0003379902,"R_DB4PS":0.0040838059,"R_ASNt2r":1.0,"R_DBTS":0.0,"R_ASP1DC":0.0011402079,"R_ADCS":0.0000465391,"R_ASPCT":0.0179724108,"R_ASPK":0.0217453355,"R_DCPDP":0.0,"R_DCPDPP":0.0030192822,"R_ADCYRS":0.0,"R_DCPDPS":0.0,"R_DCPE":0.0030192822,"R_ASPO5":0.0,"R_ASPTA":0.9051927594,"R_ASPt2r":0.0,"R_DCPT":0.0030192822,"R_ADK1":0.1153508785,"R_DCTPD":0.0,"R_AST":0.0,"R_ADK2":0.0,"R_ATPPRT":0.004358212,"R_ATPS4r":6.609411383,"R_BACCL":0.0,"R_BALAt2r":0.0,"R_DCTPD2":0.0,"R_DCYTD":0.0,"R_DDPA":0.0069712661,"R_ADMDC":0.0,"R_DESAT16":0.0038254557,"R_DESAT18":0.0,"R_DGC3D":0.0,"R_BDH":0.0,"R_BETALDHx":0.0,"R_BMNMSHS":0.0,"R_ADNCYC":0.0,"R_BMNt":0.0,"R_BPNT":0.0,"R_DGK1":0.0,"R_DHAD1":0.039680806,"R_DHAD2":0.0051036521,"R_BTS2":0.0,"R_DHDPRy":0.0046986455,"R_ADNK1":0.0049990554,"R_DHDPS":0.0046986455,"R_DHFR_copy1":0.0006399126,"R_DHFS":0.0000465391,"R_BTS3r":0.0,"R_CAATPS":0.0,"R_CAT":0.0008377038,"R_ADNK3":0.0,"R_CAt4":0.0,"R_DHNAOT":0.0006864517,"R_CBIAT":0.0,"R_ADNK4":0.0,"R_CBLAT":0.0,"R_CBPS":0.0249777086,"R_CDAPPA160":0.0,"R_ADOCBIK":0.0,"R_CDAPPA160190":0.0,"R_ADOCBLS":0.0,"R_CDAPPA190":0.0,"R_CDPMEK":0.0276622583,"R_ADPT":0.001263711,"R_CDPPT160":0.0,"R_CDPPT160190":0.0007204834,"R_DHNPA_1":0.0,"R_ADSK":0.0,"R_DHNPA2r":0.0000465391,"R_ADSL1r":0.0107394205,"R_DHORTS":-0.0179724108,"R_ADSL2r":0.0247554263,"R_DHPPDA":0.0,"R_DHPPDA2":0.0020419029,"R_EX_lac__L_e":0.0,"R_DHPS2":0.0000465391,"R_ADSS":0.0107394205,"R_DHQTi":0.0069712661,"R_AFTA":0.0000425251,"R_DHQS":0.0069712661,"R_DMATT":0.0027696581,"R_DMPPS":0.0027696581,"R_EX_lcts_e":0.0,"R_EX_leu__L_e":0.0,"R_EX_lys__L_e":0.0,"R_AGDC":0.0,"R_EX_mal__L_e":0.0,"R_DNMPPA":0.0000465391,"R_DNTPPA":0.0000465391,"R_EX_malt_e":0.0,"R_AGMT":0.0,"R_EX_malthp_e":0.0,"R_DPCOAK":0.0011402079,"R_DPPS":0.0,"R_DPR":0.0011402079,"R_DRPA":0.0,"R_EX_meoh_e":0.0,"R_EX_met__L_e":0.0,"R_EX_mg2_e":0.0,"R_DSERt2":0.0,"R_EX_na1_e":0.0,"R_FACOAL200":0.0,"R_EX_nh4_e":1.6002940087,"R_EX_no2_e":0.0,"R_EX_no3_e":0.0,"R_EX_no_e":0.0,"R_DTMPK":0.0005933735,"R_DURIK1":0.0,"R_DURIPP":0.0,"R_DUTPDP":0.0,"R_DXPRIi":0.0276622583,"R_DXPS":0.0277087974,"R_EX_o2_e":-4.9792544765,"R_EX_ocdca_e":0.0,"R_FACOAL80":0.0,"R_EX_orn_e":0.0,"R_EX_pac_e":0.0,"R_ENO":0.6401473972,"R_FACOALPHDCA":-0.000375396,"R_EX_pdima_e":0.0,"R_FACOALPREPH":0.0,"R_EX_phdca_e":0.0,"R_ETHAt":0.0,"R_EX_acysbmn_e":0.0,"R_EX_phe__L_e":0.0,"R_FAH4":0.0,"R_EX_pi_e":-0.0774238984,"R_EX_ala_B_e":0.0,"R_FAMPL1":0.0009417768,"R_EX_ala__D_e":0.0,"R_EX_ala__L_e":0.0,"R_EX_arab__D_e":0.0,"R_EX_arab__L_e":0.0,"R_EX_ppa_e":0.0,"R_EX_ppdima_e":0.0,"R_EX_pro__L_e":0.0,"R_EX_pyr_e":0.0,"R_EX_rib__D_e":0.0,"R_EX_ser__D_e":0.0,"R_EX_ser__L_e":0.0,"R_EX_arg__L_e":0.0,"R_EX_asn__L_e":-1.0,"R_EX_asp__L_e":0.0,"R_EX_skm_e":0.0,"R_FAMPL2":0.0006215878,"R_EX_so4_e":-0.0077466074,"R_EX_succ_e":1.9597020878,"R_EX_tartr__L_e":0.0,"R_EX_atp_e":0.0,"R_EX_bmn_e":0.0,"R_EX_ca2_e":0.0,"R_FAMPL3":0.0004932563,"R_EX_chol_e":0.0,"R_EX_cit_e":-1.0,"R_EX_thr__L_e":0.0,"R_EX_tre_e":0.0,"R_EX_trp__L_e":0.0,"R_EX_cl_e":0.0,"R_EX_co2_e":4.4348749526,"R_EX_tsul_e":0.0,"R_FAMPL4":0.000128157,"R_EX_ttdca_e":0.0,"R_EX_tyr__L_e":0.0,"R_EX_val__L_e":0.0,"R_EX_coa_e":0.0,"R_EX_cobalt2_e":0.0,"R_EX_crn_e":0.0,"R_EX_cu2_e":0.0,"R_FAMPL5":0.0005568403,"R_EX_cytd_e":0.0,"R_EX_ac_e":0.0,"R_EX_4abz_e":0.0,"R_EX_for_e":0.0,"R_EX_etha_e":0.0,"R_EX_fe2_e":0.0,"R_EX_fe3_e":-0.0003257737,"R_EX_akg_e":0.0,"R_EX_gua_e":0.0,"R_EX_fum_e":0.0,"R_FAO1":0.0,"R_EX_gal_e":0.0,"R_EX_glc__D_e":0.0,"R_EX_ad_e":0.0,"R_ADtr":0.0,"R_EX_urea_e":0.0,"R_FAO10":0.0,"R_EX_glu__L_e":0.0,"R_EX_gly_e":0.0,"R_EX_glyb_e":0.0,"R_FAO11":0.0,"R_EX_glyc3p_e":0.0,"R_EX_glyc_e":-1.0,"R_FACOAE140":0.0,"R_EX_gthrd_e":0.0,"R_FAO2":0.0,"R_FACOAE160":0.0,"R_EX_h2_e":0.0,"R_FACOAE180":0.0,"R_FAO3":0.0,"R_EX_h2co3_e":0.0,"R_EX_h2o_e":6.2691049335,"R_FAS100":0.0335850567,"R_EX_h2s_e":0.0,"R_EX_h_e":-4.5830281195,"R_FACOAL140":0.0,"R_FACOAL160":0.0046784592,"R_FACOAL161":-0.0038254557,"R_FACOAL180":0.0,"R_EX_hdca_e":0.0,"R_EX_his__L_e":0.0,"R_EX_id3acald_e":0.0,"R_EX_ile__L_e":0.0,"R_EX_k_e":0.0,"R_FACOAL181":0.0,"R_FAS120":0.0335850567,"R_FAS140":0.0335850567,"R_GLUR":-0.0024246289,"R_FDH":0.4445099399,"R_FAS160":0.0328757427,"R_GLUSy":0.0,"R_FE3Ri":0.0001396173,"R_FAS161":0.0,"R_FETRANS":0.0,"R_GLUt2r":0.0,"R_FAS180":0.0127731209,"R_GLXO1":0.0,"R_FHL":0.0,"R_FAS181":0.0005729545,"R_FMNAT":0.000750443,"R_GLYBabc":0.0,"R_GLYC3Pabc":0.0,"R_FOLD3":0.0,"R_FAS200":0.0013680168,"R_GLYCK":0.0,"R_GLYCL":0.0,"R_GLYCTO1":0.0,"R_DHFR_copy2":0.0,"R_FOMETRi":0.0,"R_FORMCOAL":0.0,"R_FRD":0.014518279,"R_FRD2":0.0,"R_GLYCTO2":0.0000930782,"R_GLYCTO3":0.0,"R_GLYCTO4":0.0,"R_FRD3":0.0,"R_FAS240_L":0.0088777984,"R_FRRPPDIMAS":0.0,"R_GLYCt":-1.0,"R_GLYK":0.9992704415,"R_GLYt2r":0.0,"R_FAS260":0.0088777984,"R_GMAND":0.0,"R_GMPS2":0.0183742178,"R_FTHFCL":0.0,"R_FTHFD":0.0,"R_FUM":0.0279818656,"R_FUMt2r":0.0,"R_GMT1":0.0002185592,"R_FAS80_L":0.0427338872,"R_GND":0.0,"R_GPDDA2":0.0,"R_G16MTM1":0.0007204834,"R_G16MTM10":0.0000671326,"R_G16MTM2":0.0,"R_GRTT":0.0027696581,"R_GSNK":0.0,"R_G16MTM4":0.0001481107,"R_FASPHDCA":0.000375396,"R_G16MTM5":0.0000704486,"R_G16MTM6":0.0006226931,"R_G16MTM7":0.0003139062,"R_G16MTM8":0.0002223987,"R_G16MTM9":0.0001407808,"R_GTHOr":0.0,"R_GTHRDt2_1":0.0,"R_GTHS":0.0,"R_GTMLT":0.0,"R_G1PACT":0.0192068023,"R_FASm1601":0.0000684125,"R_G1PTT":0.0000425251,"R_G1SAT":0.0011169384,"R_G3PAT160":0.0,"R_GTPCI":0.0000465391,"R_GTPCII":0.0,"R_GTPCII2":0.0020419029,"R_GTPDPK":0.0,"R_G3PAT190":0.0007107102,"R_GTPH1":0.0,"R_FASm180":0.0091488305,"R_GUACYC":0.0,"R_GUAD":0.0,"R_G5SADs":0.0080297397,"R_G5SD":0.0,"R_GUAPRT":0.0,"R_G5SD2":0.0,"R_FASm1801":0.0000684125,"R_G6PDH2r":0.0,"R_GALFT":0.0000425251,"R_H2CO3D":0.0,"R_GALKr":0.0,"R_FASm2001":0.0000684125,"R_GALT":0.0,"R_GALUi":0.0034039278,"R_H2CO3TP":0.0,"R_H2Ot":-6.2691049335,"R_GALt2":0.0,"R_GAPD":0.7135095376,"R_GARFT":0.0248019654,"R_H2St1":0.0,"R_H2td":0.0,"R_FASm2002":0.000427927,"R_HCO3E":0.4310133082,"R_GCCa":0.0108579789,"R_GCCb":0.0108579789,"R_GCCc":0.0108579789,"R_HCYSMT":0.0,"R_HDCAt2":0.0,"R_FASm220":0.0004560832,"R_HEX1":0.0,"R_GF6PTA":0.0192068023,"R_FASm2201":0.0000684125,"R_GFUCS":0.0,"R_HISTD":0.004358212,"R_HISTP":0.004358212,"R_GGLUCT2":0.0,"R_FASm2202":0.000427927,"R_GHMT2r":0.0551022343,"R_FASm240":0.0,"R_GK1":0.0042001536,"R_HISt2r":0.0,"R_GLCabc":0.0,"R_FASm2401":0.0000684125,"R_HMBS":0.0001396173,"R_FASm2402":0.000427927,"R_HMPK1":0.0,"R_HMPK2":0.0,"R_GLGC":0.0273649899,"R_GLNS":0.1227945746,"R_GLNSP1":0.0,"R_HMPK3":0.0,"R_FASm260":0.0,"R_HMPK4":0.0000465391,"R_HOPNTAL":0.0,"R_HPPK":0.0,"R_HPPK2":0.0000465391,"R_GLNSP2":0.0,"R_GLNSP3":0.0,"R_GLU5K":0.0,"R_GLUCYS":0.0,"R_GLUDC":0.0,"R_GLUDxi":0.7240991216,"R_HSDy":-0.01704669,"R_GLUPRT":0.0248019654,"R_FASm2601":0.0000684125,"R_HSERTA":0.0073699898,"R_HSK":0.0096767002,"R_HSST":0.0,"R_FASm2602":0.0001368249,"R_HSTPT":0.004358212,"R_IMPC":-0.0291136383,"R_FASm280":0.0,"R_IMPD":0.0183742178,"R_HXPRT":0.0,"R_ICDHyr":1.9731105256,"R_ICHORS":0.0006864517,"R_FASm2801":0.0000684125,"R_ICL":0.0,"R_INDPYRD":0.0,"R_INSH":0.001263711,"R_ID3ACALDt":0.0,"R_FASm2802":0.0001368249,"R_IG3PS":0.004358212,"R_INSK":0.0,"R_IPDDI":0.0,"R_IGAMD":0.0007620777,"R_FASm300":0.0001368249,"R_IGPDH":0.004358212,"R_IPDPS":0.0248926003,"R_IPMD":0.0119087735,"R_IPPMIa":-0.0119087735,"R_IPPMIb":-0.0119087735,"R_IPPS":0.0119087735,"R_IGPS":0.001170691,"R_ILETA":-0.0051036521,"R_ILEt2r":0.0,"R_KARA1":-0.039680806,"R_KARA2":0.0051036521,"R_FASm3001":0.0,"R_Kabc":0.0,"R_MI1PS":0.0007204834,"R_FASm320":0.0001368249,"R_MI3PP":0.0,"R_FASm340":0.0001368249,"R_MMCD":0.0,"R_Kt1":0.0,"R_FBA":-0.1138989944,"R_LACZ":0.0,"R_FBP":0.1138989944,"R_LCTSabc":0.0,"R_LDH_L":-8.935775127,"R_MME":0.0,"R_MMM2":0.0,"R_FCLPA":0.0,"R_MMSAD1":0.0146578963,"R_MMSAD2":0.0,"R_LEUTA":-0.0119087735,"R_LEUt2r":0.0,"R_FCLT":0.0000930782,"R_LO":0.0,"R_MN6PP":0.0055302992,"R_MNDNS1":0.0,"R_FCLT2":0.0,"R_MNDNS2":0.0,"R_MOHMT":0.0011402079,"R_LPLIPAL2E160":0.0,"R_LPLIPAL2E180":0.0,"R_LYSt5r":0.0,"R_L_LACD":0.0,"R_MPML":0.0,"R_MSHAMID":0.0,"R_MSHOXH":0.0,"R_MSHS":0.0007620777,"R_FCOAH2":0.0,"R_L_LACD2":8.935775127,"R_L_LACD3":0.0,"R_MTAN":0.0,"R_Mn2t":0.0,"R_MTHFC":0.0539156037,"R_MTHFD":0.0539156037,"R_MTHFR2":0.0103110281,"R_MTI":0.0,"R_MYC1CYC1":0.0009417768,"R_L_LACt2r":0.0,"R_L_LACt3":0.0,"R_MALS":0.0,"R_MALT":0.0,"R_MYC1CYC2":0.0006215878,"R_NDPK7":0.0011285731,"R_MYC1CYC3":0.0004932563,"R_MYC1CYC4":0.000128157,"R_MYC1CYC5":0.0005568403,"R_MYC1M1":0.000128157,"R_MYC1M2":0.0005568403,"R_MALTHPabc":0.0,"R_MALTabc":0.0,"R_MALt2r":0.0,"R_MAN1PT":0.0,"R_MAN1PT2":0.0040279008,"R_MYC2CYC1":0.0009417768,"R_MYC2CYC2":0.0006215878,"R_MAN6PI":-0.0095582,"R_MANAT1":0.0000977903,"R_MANAT2":0.0003087869,"R_MANAT3":0.0000741135,"R_MCBTS":0.0,"R_MCBTS2":0.0,"R_MYC2CYC3":0.0004932563,"R_MYCON1":0.0009417768,"R_MYCON2":0.0006215878,"R_MYCON3":0.0004932563,"R_MYCON4":0.000128157,"R_MCBTS3":0.0,"R_NDPK8":0.0005933735,"R_MCD":0.0,"R_MCOATA":0.0423522084,"R_MDFDH":0.0,"R_MYCON5":0.0005568403,"R_MYCSacp50":0.0009417768,"R_MYCSacp56":0.0007497449,"R_MYCSacp58":0.0010500966,"R_MYCTR":0.0,"R_MYCTR2":0.0,"R_MDH":0.0279818656,"R_ME1":0.0,"R_NH4OHDs":0.0,"R_MECDPDH":0.0276622583,"R_NADH10":0.0,"R_NADH2r":0.0,"R_NADH5":0.0,"R_MECDPS":0.0276622583,"R_MEOHt2":0.0,"R_NADH9":0.0,"R_NADK":0.0007911647,"R_MEPCT":0.0276622583,"R_METAT":0.0082813999,"R_NH4t":-1.6002940087,"R_METOX1s":0.0,"R_METOX2s":0.0,"R_METS":0.0103110281,"R_NADS2":0.0016754075,"R_NNAM":0.0,"R_NADTRHD":4.8945142776,"R_NAKtr":0.0,"R_METSOXR1":0.0,"R_METSOXR2":0.0,"R_METabc":0.0,"R_MGt5":0.0,"R_NAPRT":0.0,"R_NNATr":0.0016754075,"R_NARK":0.0,"R_MHPGLUT":0.0,"R_MI1PP":0.0007204834,"R_NNDMBRT":0.0,"R_NNDPR":0.0016754075,"R_NO":0.0,"R_NO3R1":0.0,"R_PDH":0.0,"R_NAt":0.0,"R_NDPK1":-0.026084178,"R_NDPK2":0.0264368257,"R_NO3R2":0.0,"R_NDPK3":0.0146453307,"R_NDPK4":0.0006358986,"R_NOt":0.0,"R_NPHS":0.0006864517,"R_NDPK5":0.0011285731,"R_NDPK6":0.0,"R_PDHa":0.0,"R_PDHbr":0.0,"R_NTD1":0.0,"R_PDHcr":0.0146578963,"R_PDIMAS":0.0,"R_PRAIS":0.0248019654,"R_PRAIi":0.001170691,"R_PRAMPC":0.004358212,"R_PDIMAT":0.0,"R_NTD10":0.0,"R_PDX5POi":0.0,"R_NTD11":0.0,"R_PEAMNO":0.0,"R_PRASCSi":0.0247554263,"R_PRATPP":0.004358212,"R_PEPCK_re":-0.0399359007,"R_NTD2":0.0,"R_PFK":0.0,"R_PRDX":0.0,"R_PREPHACPH":0.0,"R_PFL":0.4383376919,"R_NTD3":0.0,"R_PGAMT":-0.0192068023,"R_PGCD":0.0733621404,"R_PGI":-0.0439132461,"R_PREPPACPH":0.0,"R_PREPTHS":0.0,"R_PREPTHS2":0.0,"R_NTD4":0.0,"R_PREPTTA":0.0,"R_PRFGS":0.0248019654,"R_PGK":-0.7135095376,"R_PGL":0.0,"R_PGLS":0.0,"R_PGLYCP":0.0,"R_PRMICI":0.004358212,"R_PROD2":0.0,"R_PROabc":0.0,"R_PGM":-0.6401473972,"R_PGMT":-0.0308114428,"R_NTD5":0.0,"R_PGPP160":0.0003773739,"R_PGPP160190":0.0010382873,"R_PROt2r":0.0,"R_PRPPS":0.05426168,"R_PGPP190":0.0003379902,"R_NTD6":0.0,"R_PGPPT3":0.0000568359,"R_PSCVT":0.0069712661,"R_PSD160":0.0002362441,"R_PSERT":0.0733621404,"R_PGSA160":0.0003773739,"R_PGSA160190":0.0010382873,"R_NTD7":0.0,"R_PGSA190":0.0003379902,"R_PHDCATA":-0.000375396,"R_PSP_L":0.0733621404,"R_PSSA160":0.0002362441,"R_NTD8":0.0,"R_PTAr":-0.0081320675,"R_PHDCAt":0.0,"R_NTD9":0.0,"R_PHETA1":-0.0027982796,"R_PTPATi":0.0011402079,"R_PUNP1":0.001263711,"R_PHEt2r":0.0,"R_NTPP2":0.0,"R_PHTHDLS":0.0,"R_PHTHDLS2":0.0,"R_PUNP2":0.0,"R_PUNP3":0.0,"R_PHTHS":0.0,"R_PUNP4":0.0,"R_PUNP5":-0.001263711,"R_PUNP6":0.0,"R_PUNP7":0.0,"R_PHTHS2":0.0,"R_PHYCBOXL":0.0,"R_PIabc":0.0774238984,"R_PLCD":0.0,"R_PYAM5PO":0.0,"R_PYDXNO":0.0,"R_NTPP3":0.0,"R_PYDXO":0.0,"R_PYK":0.5836818559,"R_PLIPA1E160":0.0,"R_PLIPA1E180":0.0,"R_NTPP4":0.0,"R_PMANM":-0.0040279008,"R_PMDPHT":0.0020419029,"R_PYRDC":0.0,"R_PMPK":0.0000465391,"R_PYRt2":0.0,"R_NTPP5":0.0,"R_QRr":0.0,"R_PNCDC":0.0,"R_PNTK":0.0011402079,"R_NTPP7":0.0,"R_PPA":0.2093618933,"R_QULNS":0.0016754075,"R_NTPP8":0.0,"R_R05217":0.0,"R_R05219":0.0,"R_PPAtr":0.0,"R_NTPTP1":0.0,"R_PPBNGS":0.0005584692,"R_R05224":0.0,"R_RBFK":0.0020419029,"R_PPCDC":0.0011402079,"R_PPCOAC":0.0146578963,"R_PPDIMAS":0.0,"R_RBFSa":0.0040838059,"R_RBFSb":0.0020419029,"R_RBK":0.0,"R_RIBabc":0.0,"R_RNDR1":0.0007965167,"R_PPDIMAT":0.0,"R_PPDK":0.0,"R_G6PP":0.0094910674,"R_NTPTP2":0.0,"R_PPK2":0.0,"R_RNDR2":0.0011285731,"R_RNDR3":0.0011285731,"R_RNDR4":0.0005933735,"R_PPNCL3":0.0011402079,"R_PPND":0.0018939086,"R_NTRIR2x":0.0,"R_PPNDH":0.0027982796,"R_RNTR4":0.0,"R_PPPGO":0.0000930782,"R_NTRIRx":0.0,"R_PPTGS":0.0,"R_RPE":-0.041220746,"R_RPI":-0.0371369401,"R_PPTGS_TB1":0.0010965775,"R_RPPDIMAS":0.0,"R_PPTGS_TB2":0.0010965775,"R_RRPPDIMAS":0.0,"R_NTRIRy":0.0,"R_RZ5PP":0.0,"R_PRAGSr":0.0248019654,"R_SADH":0.0,"R_O16RHAT":0.0000425251,"R_SADT":0.0077466074,"R_SDPDS":0.0046986455,"R_SDPTA":-0.0046986455,"R_SERD_L":0.0,"R_SERAT":0.0,"R_O2t":4.9792544765,"R_SERD_D":0.0,"R_TSULabc":0.0,"R_SERt2r":0.0,"R_SGDS":0.0,"R_SGSAD":0.0,"R_SHCHD2":0.0000465391,"R_OCBT":0.0070052978,"R_SHCHD3":0.0,"R_SHCHF":0.0000465391,"R_TTDCAt2":0.0,"R_TYRTA":-0.0018939086,"R_OCDCAt2":0.0,"R_SHK3Dr":0.0069712661,"R_SHKK":0.0069712661,"R_OCOAT1":0.0,"R_SHSL1":-0.0033217281,"R_SHSL4r":0.0033217281,"R_TYRt2r":0.0,"R_UAAGDS":0.0000573594,"R_OMCDC":0.0119087735,"R_UAAGLS1":0.0011552168,"R_UAAGLS2":0.0011552168,"R_SKMt2":0.0,"R_SOTA":0.0,"R_OMPDC":0.0179724108,"R_SPMS":0.0,"R_SPODM":0.0,"R_UAGCVT":0.0025871085,"R_UAGDP":0.0058163402,"R_UAGPT1":0.0011552168,"R_UAGPT2":0.0011552168,"R_UAGPT3":0.0000573594,"R_SSALx":0.0,"R_SSALy":0.0,"R_SUCBZL":0.0006864517,"R_SUCBZS":0.0006864517,"R_UAMAGS":0.002367793,"R_UAMAS":0.002367793,"R_SUCCt2r":-1.9597020878,"R_OPAH":0.0,"R_SUCD1":0.0,"R_SUCOAS":-1.9404851633,"R_UAMRH":0.0000568359,"R_UAPGR":0.0025871085,"R_SULabc":0.0077466074,"R_UDCPDP":0.0041832832,"R_ORNTA":0.0080297397,"R_UDCPDPS":0.0,"R_UDPDPS":0.0,"R_UDPDPS2":0.0,"R_TALA":-0.0171247399,"R_TARTD":0.0,"R_TARTRt7":0.0,"R_TATS":0.0000684125,"R_TDMS1":0.0001925555,"R_UDPG4E":0.001275753,"R_TDMS2":0.000128157,"R_UDPGALM":0.001275753,"R_ORNTAC":0.0150350375,"R_UDPGD":0.0,"R_TDMS3":0.000127808,"R_UGAGDS":0.0000568359,"R_TDMS4":0.000064224,"R_ORNt":0.0,"R_TDPDRE":0.0000425251,"R_TDPDRR":0.0000425251,"R_TDPGDH":0.0000425251,"R_THDPS":0.0046986455,"R_UGGPT3":0.0000568359,"R_UGLDDS1":0.0011552168,"R_UGLDDS2":0.0011552168,"R_UGMAGS":0.0000568359,"R_UGMAS":0.0000568359,"R_UGMDDS":0.0000573594,"R_UGMDDS2":0.0000568359,"R_THFGLUS":0.0,"R_THMDP":0.0,"R_UMPK":0.0204395648,"R_ORPT":-0.0179724108,"R_UPP3MT":0.0000465391,"R_UPP3S":0.0001396173,"R_UPPDC1":0.0000930782,"R_THRD_L":0.0017819239,"R_THRS":0.0096767002,"R_THRt2r":0.0,"R_UPPDC2":0.0,"R_OXACOAL":0.0,"R_UPPRT":0.0,"R_THZPSN":0.0000465391,"R_OXCDC":0.0,"R_TKT1":-0.0171247399,"R_TKT2":-0.024096006,"R_UREA":0.0,"R_OXGDC":0.0,"R_URIDK2r":-0.0005933735,"R_URIK2":0.0,"R_TMDK1":0.0,"R_TMDPP":0.0,"R_TMDS":0.0005933735,"R_VALTA":-0.042724463,"R_VALt2r":0.0,"R_XPPT":0.0,"R_TMHAS1":0.0000643403,"R_TMHAS2":0.0000639913,"R_TMHAS3":0.000064224,"R_TMHAS4":0.0000638167,"R_XYLK":0.0,"R_P5CD":0.0,"R_YUMPS":0.0,"R_S7PI":0.0,"R_GMHEPK":0.0,"R_TMHAS5":0.0,"R_TMHAS6":0.0,"R_TMN":0.0,"R_TMPK":0.0000465391,"R_HMEDS":0.0,"R_HMEDR":0.0,"R_P5CR":0.0080297397,"R_FRTT":0.0026765799,"R_MCITD":0.0,"R_TMPPP":0.0000465391,"R_TPI":0.8780426444,"R_TRDR":0.0110170262,"R_TRE6PP":0.0017505682,"R_TRE6PS":0.0021281748,"R_MCITS":0.0,"R_P5CRx":0.0,"R_MICITDr":0.0,"R_MCITL2":0.0,"R_TRESULT":0.0003766177,"R_TREabc":0.0,"R_TRIATS":0.0,"R_GLNabc":0.0,"R_TRPS1":0.0,"R_TREP":0.0,"R_PACt2r":0.0,"R_HDECH":-0.0031890335,"R_DTBTST":0.0,"R_TRPS2":0.001170691,"R_TRPS3":0.001170691,"R_TRPTA":0.0,"R_TRPt2r":0.0,"R_IPDPUDCT":0.0019901282,"R_AHSERL2":0.0073699898,"R_PANTS":0.0011402079,"R_PYDXS":0.0,"R_2O4EH":0.0,"R_G6PDH3":0.0,"R_PLPS":0.0,"R_PAPA160":0.0,"R_PDBL_3":0.0,"R_PDBL_4":0.0,"R_PAPPT1":0.0011552168,"R_EX_ni2_e":0.0,"R_PAPPT2":0.0011552168,"R_PAPPT3":0.0000573594,"R_2PLS":0.0,"R_PAPSR":-0.0003766177,"R_PATS":0.0000727755,"R_PC":0.0,"R_PC11M":0.0,"R_PC17M":0.0,"R_PC20M":0.0,"R_PC6AR":0.0,"R_PC6YM":0.0,"R_PC8XM":0.0,"R_PDE1":0.0,"R_PDE4":0.0,"R_FAD_5":0.0,"R_FAD_6":0.0,"R_FAD_7":0.0,"R_FAD_8":0.0,"R_FAD_9":0.0,"R_HIPB":0.0,"R_HIPA":0.0,"R_CHOLCOA":0.0,"R_ECHA191":0.0,"R_FADE30":0.0,"R_FAD_10":0.0,"R_FAD_11":0.0,"R_FAD_12":0.0,"R_FAD_13":0.0,"R_FAD_14":0.0,"R_CYP3":0.0,"R_CYP2":0.0,"R_PRCOA1":0.0,"R_NIt5":0.0,"R_EX_mn2_e":0.0,"R_LPPGS":0.0,"R_DMHDRFS_1":0.0,"R_LPFPLT":0.0,"R_FADE281":0.0,"R_GF4GL_0":0.0,"R_FAD_15":0.0,"R_GF4GL_1":0.0,"R_FAD_16":0.0,"R_CPMPS":0.0,"R_FAD_17":0.0,"R_FAD_20":0.0,"R_FAD_18":0.0,"R_FAD_19":0.0,"R_FADD3":0.0,"R_KSTD":0.0,"R_FADD17":0.0,"R_FAD_1":0.0,"R_FAD_2":0.0,"R_FAD_3":0.0,"R_FAD_4":0.0,"R_HSAC":0.0,"R_HSAE":0.0,"R_HIAA":0.0,"R_IPDAB":0.0,"R_FAD_25":0.0,"R_FAD_26":0.0,"R_FAD_27":0.0,"R_KSH":0.0,"R_ECHA193":0.0,"R_CYP1":0.0,"R_HIBD":0.0146578963,"R_FAD_21":0.0,"R_ALDR":0.0,"R_AL4D":0.0,"R_MACCOAT":0.0,"R_FAD_22":0.0,"R_ACCOAC":0.3913777033,"R_MANT1":0.0,"R_ARABT":0.0,"R_HOAS":0.0,"R_SR1":0.0,"R_CHSTEROLt_1":0.0,"R_FAD_23":0.0,"R_MGSA":0.0,"R_EX_chsterol_e":0.0,"R_FAD_24":0.0,"R_MOEA1":0.0,"R_MPTAT":0.0,"R_MOBA":0.0,"R_ALCD22_L":0.0,"R_GLYCS_I":0.0,"R_GLYCS_II":0.0,"R_MOAE1":0.0,"R_FADE51":0.0,"R_MOEB1":0.0,"R_LCADi":0.0,"R_CYST_II":0.0,"R_MOBDabc":0.0,"R_FADE52":0.0,"R_MOBDabc_rev":0.0,"R_NTP3":0.0,"R_ISCS":0.0000930782,"R_PHBADA":0.0,"R_HIAt":0.0,"R_PHBADB":0.0,"R_PHBADC":0.0,"R_GLYTRS":0.0,"R_SELCYSS":0.0,"R_TYRTRS":0.0,"R_PHBADD":0.0,"R_PAPA1":0.0,"R_BIOMASS__2":0.058173873,"R_ECHA20":0.0,"R_CHOL1":0.0,"R_PAPA2":0.0,"R_FADE282":0.0,"R_HOPNTAL2":0.0,"R_ECHA192":0.0,"R_HSA":0.0,"R_FADB3":0.0,"R_FADB2":0.0,"R_CHCD":0.0,"R_HDAD":0.0,"R_CHOD":0.0,"R_MI3PS":0.0007620777,"R_NAGINSP":0.0007620777,"R_NAGINS":0.0007620777,"R_LAT":0.0,"R_KGD2":-1.9451838089,"R_ASPO6":0.0016754075,"R_ECOAH12":0.0146578963,"R_FADE233":0.0146578963,"R_BKDC":0.0146578963,"R_BKDA2":0.0146578963,"R_3HSA":0.0,"R_GGTT":0.0006864517,"R_MMPL8":0.0,"R_ACYP_2":0.0,"R_GTPDPDP":0.0,"R_PPGPPDP":0.0,"R_3HBCOAHL":0.0146578963,"R_AKGDa":0.0,"R_AKGDH":0.0,"R_ACt2r_1":0.0,"R_PKS2":0.0003723128,"R_MAS3":0.0003723128,"R_EX_nodcoa_e":0.0,"R_EX_gln__L_e":0.0,"R_NODCOAt":0.0,"R_EX_4hba_e":0.0000465391,"R_4HBAt":-0.0000465391,"R_EX_octscoa_e":0.0,"R_OCTSCOAt":0.0,"R_SIRA2":-0.0073699898,"R_ATPM":3.15,"R_VPAMTr":-0.0307505347,"R_4ABZt":0.0,"R_CHLabc_rev":0.0,"R_GCALDD":0.0000930782,"R_EGTB":0.0,"R_EGTC":0.0,"R_EGTE":0.0,"R_APSR":0.0077466074,"R_PYDXNtr":0.0,"R_EX_pydxn_e":0.0,"R_TMDS3":0.0,"R_SHSL2r":0.0,"R_MHUD1":0.0,"R_OTSB1":0.0,"R_GLYALDDr":0.0,"R_FORt":0.0,"R_MYCOPP":0.0017161293,"R_CYSK2_I":0.0,"R_TMMYCO":0.0,"R_MYCOE":0.0017161293,"R_CYSM_I":0.0,"R_PPM1":0.0017161293,"R_CYSM_II":0.0,"R_PEPA":0.0,"R_NADDP":0.0,"R_GLYCLTt":0.0,"R_EX_glyclt_e":0.0,"R_NMNAT":0.0,"R_CYSO_I":0.0,"R_EGTD":0.0,"R_NO3t3":0.0,"R_ROSFE":0.0,"R_CYSO_II":0.0,"R_MNabc_rev":0.0,"R_ACONMT":0.0,"R_MANPGH":0.0,"R_ADOCBIAH":0.0,"R_THMP":0.0,"R_ADOCBLabc":0.0,"R_COB2":0.0,"R_EPH":0.0,"R_FBPA":0.0,"R_DGTP8DETOX":0.0,"R_DGTP8OXO":0.0,"R_GTP8OXO":0.0,"R_TAG":0.0,"R_LIPY":0.0,"R_LIPW":0.0,"R_CBL2OR":0.0,"R_VIUB":0.0,"R_DRBK":0.0,"R_5DOAN":0.0,"R_CHOLK":0.0,"R_PC_TBt":0.0,"R_AKGt2r_1":0.0,"R_BIRA":0.0,"R_MBTK3":0.0,"R_ACCD3":0.0,"R_EX_co_e":0.0,"R_MBTG":0.0,"R_PHEMEt":0.0,"R_EX_pheme_e":0.0,"R_ACCA3":0.0,"R_MBTA3":0.0,"R_GMHEPPA":0.0,"R_ALCD19y":0.0,"R_EX_pc_TB_e":0.0,"R_HEMEOS":0.0000930782,"R_HEMEAS":0.0000465391,"R_GSEALD":0.0011169384,"R_ALCD2ir":-1.0,"R_CPPPGO2":0.0,"R_DM_ergoth_c":0.0,"R_DM_tbsinol_c":0.0,"R_DM_isotbsinol_13S_c":0.0,"R_DM_isotbsinol_13R_c":0.0,"R_DM_psd5p_c":0.0,"R_EX_hia_e":0.0,"R_FPRA":3.8461011399,"R_COCO2":0.0,"R_ACALDt":0.0,"R_EX_acald_e":0.0,"R_DM_cpppg1_c":0.0,"R_DM_scys__L_c":0.0,"R_DM_gmhep1p_c":0.0,"R_NMO":0.0,"R_ETOHt3":-1.0,"R_OCDCEAt":0.0,"R_EX_ocdcea_e":0.0,"R_UREAt_2":0.0,"R_EX_etoh_e":-1.0,"R_MTAP":0.0,"R_PKS122":0.0,"R_PKS121":0.0,"R_ORNDC":0.0,"R_MBTA1":0.0,"R_HACD9":0.0,"R_ECOAH9ir":0.0,"R_ACOADH1":0.0,"R_BKDC1":0.0,"R_MAK":0.0,"R_GLGE":0.0,"R_TREY":0.0,"R_GLGB":0.0136824949,"R_GLGP":0.0,"R_AMYL2":0.0273649899,"R_DHORDi":0.0,"R_SHCHCS3":0.0006864517,"R_SEPHCHCS":0.0006864517,"R_SALSYN":0.0,"R_APPLDHr":0.0,"R_AOBUTDs":0.0,"R_THRD":0.0,"R_EX_adocbl_e":0.0,"R_DMBI":0.0,"R_BARB":0.0,"R_HETZK":0.0,"R_EX_mobd_e":0.0,"R_TBSYNLDPS":0.0,"R_TBSNLS1":0.0,"R_TBSNLS2":0.0,"R_TBSNLS3":0.0,"R_3M2OPLOXRD":0.0,"R_BPNT2":0.0,"R_G3PD5":0.9936170463,"R_G3PD1ir":0.0,"R_G3PT":0.0,"R_DHORD2":0.0179724108,"R_PPAKr":0.0,"R_PTA2":0.0,"R_EMB":0.0000425251,"R_BTNTe":0.0,"R_EX_btn_e":0.0,"R_GLYDHDA":-0.0000930782,"R_OPP":0.0006864517,"R_HEXTT":0.0006864517,"R_PPTT":0.0006864517}]