[{"data_set_value_component_environment_variable_t":0.0,"data_set_value_component_environment_variable_x":10.0,"data_set_value_component_Crossbridges_attached_variable_n":0.0,"data_set_value_component_Crossbridges_attached_variable_h":12.0,"data_set_value_component_f_variable_f":58.3333333333,"data_set_value_component_f_variable_f_1":70.0,"data_set_value_component_g_variable_g":33.3333333333,"data_set_value_component_g_variable_g_1":40.0,"data_set_value_component_g_variable_g_2":240.0,"data_set_value_component_Ca_sarcoplasm_variable_Ca_f":0.0,"data_set_value_component_Ca_sarcoplasm_variable_t_d":0.3,"data_set_value_component_Ca_sarcoplasm_variable_a_1":200.0,"data_set_value_component_Ca_sarcoplasm_variable_b_1":5.0,"data_set_value_component_Ca_sarcoplasm_variable_Ca_0":0.00000045,"data_set_value_component_Actin_free_variable_A_c":1.0,"data_set_value_component_Actin_free_variable_c_1":200000000000000.0,"data_set_value_component_Actin_free_variable_c_2":35.8049372054,"data_set_value_component_Actin_free_variable_c_2_0":20.0,"data_set_value_component_Actin_free_variable_k_i":30.9,"data_set_value_component_Actin_free_variable_q":1.45,"data_set_value_component_Actin_free_variable_AT_0":2.0,"data_set_value_component_Series_Elastic_Element_variable_F_SE":0.3485319275,"data_set_value_component_Series_Elastic_Element_variable_alpha_s":0.1027,"data_set_value_component_Series_Elastic_Element_variable_beta_s":20.0,"data_set_value_component_Series_Elastic_Element_variable_x_so":0.0387,"data_set_value_component_Series_Elastic_Element_variable_L_max":1.0,"data_set_value_component_SE_constants_variable_x_s":0.0740084671,"data_set_value_component_Parallel_Elastic_Element_variable_F_PE":0.0488543158,"data_set_value_component_Parallel_Elastic_Element_variable_alpha_p":0.00224,"data_set_value_component_Parallel_Elastic_Element_variable_beta_p":20.0,"data_set_value_component_Parallel_Elastic_Element_variable_x_po":0.221,"data_set_value_component_PE_constants_variable_x_p":0.1563598694,"data_set_value_component_Contractile_Element_variable_F_CE":0.2996776117,"data_set_value_component_s_h_variable_s_h":0.0646401306,"data_set_value_component_s_h_variable_F_PL":3.0,"data_set_value_component_X_0_variable_X_S_0":0.0740084671,"data_set_value_component_X_0_variable_X_M_0":0.9706683365,"data_set_value_component_X_0_variable_F_PL":3.0},{"data_set_value_component_environment_variable_t":0.1,"data_set_value_component_environment_variable_x":10.0,"data_set_value_component_Crossbridges_attached_variable_n":0.2825658408,"data_set_value_component_Crossbridges_attached_variable_h":12.0,"data_set_value_component_f_variable_f":58.3333333333,"data_set_value_component_f_variable_f_1":70.0,"data_set_value_component_g_variable_g":33.3333333333,"data_set_value_component_g_variable_g_1":40.0,"data_set_value_component_g_variable_g_2":240.0,"data_set_value_component_Ca_sarcoplasm_variable_Ca_f":0.0000003186,"data_set_value_component_Ca_sarcoplasm_variable_t_d":0.3,"data_set_value_component_Ca_sarcoplasm_variable_a_1":200.0,"data_set_value_component_Ca_sarcoplasm_variable_b_1":5.0,"data_set_value_component_Ca_sarcoplasm_variable_Ca_0":0.00000045,"data_set_value_component_Actin_free_variable_A_c":0.5461052089,"data_set_value_component_Actin_free_variable_c_1":200000000000000.0,"data_set_value_component_Actin_free_variable_c_2":35.8049372054,"data_set_value_component_Actin_free_variable_c_2_0":20.0,"data_set_value_component_Actin_free_variable_k_i":30.9,"data_set_value_component_Actin_free_variable_q":1.45,"data_set_value_component_Actin_free_variable_AT_0":2.0,"data_set_value_component_Series_Elastic_Element_variable_F_SE":0.3485319275,"data_set_value_component_Series_Elastic_Element_variable_alpha_s":0.1027,"data_set_value_component_Series_Elastic_Element_variable_beta_s":20.0,"data_set_value_component_Series_Elastic_Element_variable_x_so":0.0387,"data_set_value_component_Series_Elastic_Element_variable_L_max":1.0,"data_set_value_component_SE_constants_variable_x_s":0.0740084671,"data_set_value_component_Parallel_Elastic_Element_variable_F_PE":0.0488543158,"data_set_value_component_Parallel_Elastic_Element_variable_alpha_p":0.00224,"data_set_value_component_Parallel_Elastic_Element_variable_beta_p":20.0,"data_set_value_component_Parallel_Elastic_Element_variable_x_po":0.221,"data_set_value_component_PE_constants_variable_x_p":0.1563598694,"data_set_value_component_Contractile_Element_variable_F_CE":0.2996776117,"data_set_value_component_s_h_variable_s_h":0.0646401306,"data_set_value_component_s_h_variable_F_PL":3.0,"data_set_value_component_X_0_variable_X_S_0":0.0740084671,"data_set_value_component_X_0_variable_X_M_0":0.9706683365,"data_set_value_component_X_0_variable_F_PL":3.0},{"data_set_value_component_environment_variable_t":0.2,"data_set_value_component_environment_variable_x":10.0,"data_set_value_component_Crossbridges_attached_variable_n":0.6206698376,"data_set_value_component_Crossbridges_attached_variable_h":12.0,"data_set_value_component_f_variable_f":58.3333333333,"data_set_value_component_f_variable_f_1":70.0,"data_set_value_component_g_variable_g":33.3333333333,"data_set_value_component_g_variable_g_1":40.0,"data_set_value_component_g_variable_g_2":240.0,"data_set_value_component_Ca_sarcoplasm_variable_Ca_f":0.0000004279,"data_set_value_component_Ca_sarcoplasm_variable_t_d":0.3,"data_set_value_component_Ca_sarcoplasm_variable_a_1":200.0,"data_set_value_component_Ca_sarcoplasm_variable_b_1":5.0,"data_set_value_component_Ca_sarcoplasm_variable_Ca_0":0.00000045,"data_set_value_component_Actin_free_variable_A_c":0.99310487,"data_set_value_component_Actin_free_variable_c_1":200000000000000.0,"data_set_value_component_Actin_free_variable_c_2":35.8049372054,"data_set_value_component_Actin_free_variable_c_2_0":20.0,"data_set_value_component_Actin_free_variable_k_i":30.9,"data_set_value_component_Actin_free_variable_q":1.45,"data_set_value_component_Actin_free_variable_AT_0":2.0,"data_set_value_component_Series_Elastic_Element_variable_F_SE":0.3485319275,"data_set_value_component_Series_Elastic_Element_variable_alpha_s":0.1027,"data_set_value_component_Series_Elastic_Element_variable_beta_s":20.0,"data_set_value_component_Series_Elastic_Element_variable_x_so":0.0387,"data_set_value_component_Series_Elastic_Element_variable_L_max":1.0,"data_set_value_component_SE_constants_variable_x_s":0.0740084671,"data_set_value_component_Parallel_Elastic_Element_variable_F_PE":0.0488543158,"data_set_value_component_Parallel_Elastic_Element_variable_alpha_p":0.00224,"data_set_value_component_Parallel_Elastic_Element_variable_beta_p":20.0,"data_set_value_component_Parallel_Elastic_Element_variable_x_po":0.221,"data_set_value_component_PE_constants_variable_x_p":0.1563598694,"data_set_value_component_Contractile_Element_variable_F_CE":0.2996776117,"data_set_value_component_s_h_variable_s_h":0.0646401306,"data_set_value_component_s_h_variable_F_PL":3.0,"data_set_value_component_X_0_variable_X_S_0":0.0740084671,"data_set_value_component_X_0_variable_X_M_0":0.9706683365,"data_set_value_component_X_0_variable_F_PL":3.0},{"data_set_value_component_environment_variable_t":0.3,"data_set_value_component_environment_variable_x":10.0,"data_set_value_component_Crossbridges_attached_variable_n":0.6727375505,"data_set_value_component_Crossbridges_attached_variable_h":12.0,"data_set_value_component_f_variable_f":58.3333333333,"data_set_value_component_f_variable_f_1":70.0,"data_set_value_component_g_variable_g":33.3333333333,"data_set_value_component_g_variable_g_1":40.0,"data_set_value_component_g_variable_g_2":240.0,"data_set_value_component_Ca_sarcoplasm_variable_Ca_f":0.00000045,"data_set_value_component_Ca_sarcoplasm_variable_t_d":0.3,"data_set_value_component_Ca_sarcoplasm_variable_a_1":200.0,"data_set_value_component_Ca_sarcoplasm_variable_b_1":5.0,"data_set_value_component_Ca_sarcoplasm_variable_Ca_0":0.00000045,"data_set_value_component_Actin_free_variable_A_c":1.0598035474,"data_set_value_component_Actin_free_variable_c_1":200000000000000.0,"data_set_value_component_Actin_free_variable_c_2":35.8049372054,"data_set_value_component_Actin_free_variable_c_2_0":20.0,"data_set_value_component_Actin_free_variable_k_i":30.9,"data_set_value_component_Actin_free_variable_q":1.45,"data_set_value_component_Actin_free_variable_AT_0":2.0,"data_set_value_component_Series_Elastic_Element_variable_F_SE":0.3485319275,"data_set_value_component_Series_Elastic_Element_variable_alpha_s":0.1027,"data_set_value_component_Series_Elastic_Element_variable_beta_s":20.0,"data_set_value_component_Series_Elastic_Element_variable_x_so":0.0387,"data_set_value_component_Series_Elastic_Element_variable_L_max":1.0,"data_set_value_component_SE_constants_variable_x_s":0.0740084671,"data_set_value_component_Parallel_Elastic_Element_variable_F_PE":0.0488543158,"data_set_value_component_Parallel_Elastic_Element_variable_alpha_p":0.00224,"data_set_value_component_Parallel_Elastic_Element_variable_beta_p":20.0,"data_set_value_component_Parallel_Elastic_Element_variable_x_po":0.221,"data_set_value_component_PE_constants_variable_x_p":0.1563598694,"data_set_value_component_Contractile_Element_variable_F_CE":0.2996776117,"data_set_value_component_s_h_variable_s_h":0.0646401306,"data_set_value_component_s_h_variable_F_PL":3.0,"data_set_value_component_X_0_variable_X_S_0":0.0740084671,"data_set_value_component_X_0_variable_X_M_0":0.9706683365,"data_set_value_component_X_0_variable_F_PL":3.0},{"data_set_value_component_environment_variable_t":0.4,"data_set_value_component_environment_variable_x":10.0,"data_set_value_component_Crossbridges_attached_variable_n":0.6564461083,"data_set_value_component_Crossbridges_attached_variable_h":12.0,"data_set_value_component_f_variable_f":58.3333333333,"data_set_value_component_f_variable_f_1":70.0,"data_set_value_component_g_variable_g":33.3333333333,"data_set_value_component_g_variable_g_1":40.0,"data_set_value_component_g_variable_g_2":240.0,"data_set_value_component_Ca_sarcoplasm_variable_Ca_f":0.0000004281,"data_set_value_component_Ca_sarcoplasm_variable_t_d":0.3,"data_set_value_component_Ca_sarcoplasm_variable_a_1":200.0,"data_set_value_component_Ca_sarcoplasm_variable_b_1":5.0,"data_set_value_component_Ca_sarcoplasm_variable_Ca_0":0.00000045,"data_set_value_component_Actin_free_variable_A_c":1.0233976174,"data_set_value_component_Actin_free_variable_c_1":200000000000000.0,"data_set_value_component_Actin_free_variable_c_2":35.8049372054,"data_set_value_component_Actin_free_variable_c_2_0":20.0,"data_set_value_component_Actin_free_variable_k_i":30.9,"data_set_value_component_Actin_free_variable_q":1.45,"data_set_value_component_Actin_free_variable_AT_0":2.0,"data_set_value_component_Series_Elastic_Element_variable_F_SE":0.3485319275,"data_set_value_component_Series_Elastic_Element_variable_alpha_s":0.1027,"data_set_value_component_Series_Elastic_Element_variable_beta_s":20.0,"data_set_value_component_Series_Elastic_Element_variable_x_so":0.0387,"data_set_value_component_Series_Elastic_Element_variable_L_max":1.0,"data_set_value_component_SE_constants_variable_x_s":0.0740084671,"data_set_value_component_Parallel_Elastic_Element_variable_F_PE":0.0488543158,"data_set_value_component_Parallel_Elastic_Element_variable_alpha_p":0.00224,"data_set_value_component_Parallel_Elastic_Element_variable_beta_p":20.0,"data_set_value_component_Parallel_Elastic_Element_variable_x_po":0.221,"data_set_value_component_PE_constants_variable_x_p":0.1563598694,"data_set_value_component_Contractile_Element_variable_F_CE":0.2996776117,"data_set_value_component_s_h_variable_s_h":0.0646401306,"data_set_value_component_s_h_variable_F_PL":3.0,"data_set_value_component_X_0_variable_X_S_0":0.0740084671,"data_set_value_component_X_0_variable_X_M_0":0.9706683365,"data_set_value_component_X_0_variable_F_PL":3.0},{"data_set_value_component_environment_variable_t":0.5,"data_set_value_component_environment_variable_x":10.0,"data_set_value_component_Crossbridges_attached_variable_n":0.578530714,"data_set_value_component_Crossbridges_attached_variable_h":12.0,"data_set_value_component_f_variable_f":58.3333333333,"data_set_value_component_f_variable_f_1":70.0,"data_set_value_component_g_variable_g":33.3333333333,"data_set_value_component_g_variable_g_1":40.0,"data_set_value_component_g_variable_g_2":240.0,"data_set_value_component_Ca_sarcoplasm_variable_Ca_f":0.0000003684,"data_set_value_component_Ca_sarcoplasm_variable_t_d":0.3,"data_set_value_component_Ca_sarcoplasm_variable_a_1":200.0,"data_set_value_component_Ca_sarcoplasm_variable_b_1":5.0,"data_set_value_component_Ca_sarcoplasm_variable_Ca_0":0.00000045,"data_set_value_component_Actin_free_variable_A_c":0.8907458691,"data_set_value_component_Actin_free_variable_c_1":200000000000000.0,"data_set_value_component_Actin_free_variable_c_2":35.8049372054,"data_set_value_component_Actin_free_variable_c_2_0":20.0,"data_set_value_component_Actin_free_variable_k_i":30.9,"data_set_value_component_Actin_free_variable_q":1.45,"data_set_value_component_Actin_free_variable_AT_0":2.0,"data_set_value_component_Series_Elastic_Element_variable_F_SE":0.3485319275,"data_set_value_component_Series_Elastic_Element_variable_alpha_s":0.1027,"data_set_value_component_Series_Elastic_Element_variable_beta_s":20.0,"data_set_value_component_Series_Elastic_Element_variable_x_so":0.0387,"data_set_value_component_Series_Elastic_Element_variable_L_max":1.0,"data_set_value_component_SE_constants_variable_x_s":0.0740084671,"data_set_value_component_Parallel_Elastic_Element_variable_F_PE":0.0488543158,"data_set_value_component_Parallel_Elastic_Element_variable_alpha_p":0.00224,"data_set_value_component_Parallel_Elastic_Element_variable_beta_p":20.0,"data_set_value_component_Parallel_Elastic_Element_variable_x_po":0.221,"data_set_value_component_PE_constants_variable_x_p":0.1563598694,"data_set_value_component_Contractile_Element_variable_F_CE":0.2996776117,"data_set_value_component_s_h_variable_s_h":0.0646401306,"data_set_value_component_s_h_variable_F_PL":3.0,"data_set_value_component_X_0_variable_X_S_0":0.0740084671,"data_set_value_component_X_0_variable_X_M_0":0.9706683365,"data_set_value_component_X_0_variable_F_PL":3.0},{"data_set_value_component_environment_variable_t":0.6,"data_set_value_component_environment_variable_x":10.0,"data_set_value_component_Crossbridges_attached_variable_n":0.4470126246,"data_set_value_component_Crossbridges_attached_variable_h":12.0,"data_set_value_component_f_variable_f":58.3333333333,"data_set_value_component_f_variable_f_1":70.0,"data_set_value_component_g_variable_g":33.3333333333,"data_set_value_component_g_variable_g_1":40.0,"data_set_value_component_g_variable_g_2":240.0,"data_set_value_component_Ca_sarcoplasm_variable_Ca_f":0.0000002869,"data_set_value_component_Ca_sarcoplasm_variable_t_d":0.3,"data_set_value_component_Ca_sarcoplasm_variable_a_1":200.0,"data_set_value_component_Ca_sarcoplasm_variable_b_1":5.0,"data_set_value_component_Ca_sarcoplasm_variable_Ca_0":0.00000045,"data_set_value_component_Actin_free_variable_A_c":0.6764897752,"data_set_value_component_Actin_free_variable_c_1":200000000000000.0,"data_set_value_component_Actin_free_variable_c_2":35.8049372054,"data_set_value_component_Actin_free_variable_c_2_0":20.0,"data_set_value_component_Actin_free_variable_k_i":30.9,"data_set_value_component_Actin_free_variable_q":1.45,"data_set_value_component_Actin_free_variable_AT_0":2.0,"data_set_value_component_Series_Elastic_Element_variable_F_SE":0.3485319275,"data_set_value_component_Series_Elastic_Element_variable_alpha_s":0.1027,"data_set_value_component_Series_Elastic_Element_variable_beta_s":20.0,"data_set_value_component_Series_Elastic_Element_variable_x_so":0.0387,"data_set_value_component_Series_Elastic_Element_variable_L_max":1.0,"data_set_value_component_SE_constants_variable_x_s":0.0740084671,"data_set_value_component_Parallel_Elastic_Element_variable_F_PE":0.0488543158,"data_set_value_component_Parallel_Elastic_Element_variable_alpha_p":0.00224,"data_set_value_component_Parallel_Elastic_Element_variable_beta_p":20.0,"data_set_value_component_Parallel_Elastic_Element_variable_x_po":0.221,"data_set_value_component_PE_constants_variable_x_p":0.1563598694,"data_set_value_component_Contractile_Element_variable_F_CE":0.2996776117,"data_set_value_component_s_h_variable_s_h":0.0646401306,"data_set_value_component_s_h_variable_F_PL":3.0,"data_set_value_component_X_0_variable_X_S_0":0.0740084671,"data_set_value_component_X_0_variable_X_M_0":0.9706683365,"data_set_value_component_X_0_variable_F_PL":3.0},{"data_set_value_component_environment_variable_t":0.7,"data_set_value_component_environment_variable_x":10.0,"data_set_value_component_Crossbridges_attached_variable_n":0.2888576662,"data_set_value_component_Crossbridges_attached_variable_h":12.0,"data_set_value_component_f_variable_f":58.3333333333,"data_set_value_component_f_variable_f_1":70.0,"data_set_value_component_g_variable_g":33.3333333333,"data_set_value_component_g_variable_g_1":40.0,"data_set_value_component_g_variable_g_2":240.0,"data_set_value_component_Ca_sarcoplasm_variable_Ca_f":0.0000002022,"data_set_value_component_Ca_sarcoplasm_variable_t_d":0.3,"data_set_value_component_Ca_sarcoplasm_variable_a_1":200.0,"data_set_value_component_Ca_sarcoplasm_variable_b_1":5.0,"data_set_value_component_Ca_sarcoplasm_variable_Ca_0":0.00000045,"data_set_value_component_Actin_free_variable_A_c":0.4270538821,"data_set_value_component_Actin_free_variable_c_1":200000000000000.0,"data_set_value_component_Actin_free_variable_c_2":35.8049372054,"data_set_value_component_Actin_free_variable_c_2_0":20.0,"data_set_value_component_Actin_free_variable_k_i":30.9,"data_set_value_component_Actin_free_variable_q":1.45,"data_set_value_component_Actin_free_variable_AT_0":2.0,"data_set_value_component_Series_Elastic_Element_variable_F_SE":0.3485319275,"data_set_value_component_Series_Elastic_Element_variable_alpha_s":0.1027,"data_set_value_component_Series_Elastic_Element_variable_beta_s":20.0,"data_set_value_component_Series_Elastic_Element_variable_x_so":0.0387,"data_set_value_component_Series_Elastic_Element_variable_L_max":1.0,"data_set_value_component_SE_constants_variable_x_s":0.0740084671,"data_set_value_component_Parallel_Elastic_Element_variable_F_PE":0.0488543158,"data_set_value_component_Parallel_Elastic_Element_variable_alpha_p":0.00224,"data_set_value_component_Parallel_Elastic_Element_variable_beta_p":20.0,"data_set_value_component_Parallel_Elastic_Element_variable_x_po":0.221,"data_set_value_component_PE_constants_variable_x_p":0.1563598694,"data_set_value_component_Contractile_Element_variable_F_CE":0.2996776117,"data_set_value_component_s_h_variable_s_h":0.0646401306,"data_set_value_component_s_h_variable_F_PL":3.0,"data_set_value_component_X_0_variable_X_S_0":0.0740084671,"data_set_value_component_X_0_variable_X_M_0":0.9706683365,"data_set_value_component_X_0_variable_F_PL":3.0},{"data_set_value_component_environment_variable_t":0.8,"data_set_value_component_environment_variable_x":10.0,"data_set_value_component_Crossbridges_attached_variable_n":0.1491912958,"data_set_value_component_Crossbridges_attached_variable_h":12.0,"data_set_value_component_f_variable_f":58.3333333333,"data_set_value_component_f_variable_f_1":70.0,"data_set_value_component_g_variable_g":33.3333333333,"data_set_value_component_g_variable_g_1":40.0,"data_set_value_component_g_variable_g_2":240.0,"data_set_value_component_Ca_sarcoplasm_variable_Ca_f":0.0000001289,"data_set_value_component_Ca_sarcoplasm_variable_t_d":0.3,"data_set_value_component_Ca_sarcoplasm_variable_a_1":200.0,"data_set_value_component_Ca_sarcoplasm_variable_b_1":5.0,"data_set_value_component_Ca_sarcoplasm_variable_Ca_0":0.00000045,"data_set_value_component_Actin_free_variable_A_c":0.2144286391,"data_set_value_component_Actin_free_variable_c_1":200000000000000.0,"data_set_value_component_Actin_free_variable_c_2":35.8049372054,"data_set_value_component_Actin_free_variable_c_2_0":20.0,"data_set_value_component_Actin_free_variable_k_i":30.9,"data_set_value_component_Actin_free_variable_q":1.45,"data_set_value_component_Actin_free_variable_AT_0":2.0,"data_set_value_component_Series_Elastic_Element_variable_F_SE":0.3485319275,"data_set_value_component_Series_Elastic_Element_variable_alpha_s":0.1027,"data_set_value_component_Series_Elastic_Element_variable_beta_s":20.0,"data_set_value_component_Series_Elastic_Element_variable_x_so":0.0387,"data_set_value_component_Series_Elastic_Element_variable_L_max":1.0,"data_set_value_component_SE_constants_variable_x_s":0.0740084671,"data_set_value_component_Parallel_Elastic_Element_variable_F_PE":0.0488543158,"data_set_value_component_Parallel_Elastic_Element_variable_alpha_p":0.00224,"data_set_value_component_Parallel_Elastic_Element_variable_beta_p":20.0,"data_set_value_component_Parallel_Elastic_Element_variable_x_po":0.221,"data_set_value_component_PE_constants_variable_x_p":0.1563598694,"data_set_value_component_Contractile_Element_variable_F_CE":0.2996776117,"data_set_value_component_s_h_variable_s_h":0.0646401306,"data_set_value_component_s_h_variable_F_PL":3.0,"data_set_value_component_X_0_variable_X_S_0":0.0740084671,"data_set_value_component_X_0_variable_X_M_0":0.9706683365,"data_set_value_component_X_0_variable_F_PL":3.0},{"data_set_value_component_environment_variable_t":0.9,"data_set_value_component_environment_variable_x":10.0,"data_set_value_component_Crossbridges_attached_variable_n":0.0602655537,"data_set_value_component_Crossbridges_attached_variable_h":12.0,"data_set_value_component_f_variable_f":58.3333333333,"data_set_value_component_f_variable_f_1":70.0,"data_set_value_component_g_variable_g":33.3333333333,"data_set_value_component_g_variable_g_1":40.0,"data_set_value_component_g_variable_g_2":240.0,"data_set_value_component_Ca_sarcoplasm_variable_Ca_f":0.0000000744,"data_set_value_component_Ca_sarcoplasm_variable_t_d":0.3,"data_set_value_component_Ca_sarcoplasm_variable_a_1":200.0,"data_set_value_component_Ca_sarcoplasm_variable_b_1":5.0,"data_set_value_component_Ca_sarcoplasm_variable_Ca_0":0.00000045,"data_set_value_component_Actin_free_variable_A_c":0.0840718446,"data_set_value_component_Actin_free_variable_c_1":200000000000000.0,"data_set_value_component_Actin_free_variable_c_2":35.8049372054,"data_set_value_component_Actin_free_variable_c_2_0":20.0,"data_set_value_component_Actin_free_variable_k_i":30.9,"data_set_value_component_Actin_free_variable_q":1.45,"data_set_value_component_Actin_free_variable_AT_0":2.0,"data_set_value_component_Series_Elastic_Element_variable_F_SE":0.3485319275,"data_set_value_component_Series_Elastic_Element_variable_alpha_s":0.1027,"data_set_value_component_Series_Elastic_Element_variable_beta_s":20.0,"data_set_value_component_Series_Elastic_Element_variable_x_so":0.0387,"data_set_value_component_Series_Elastic_Element_variable_L_max":1.0,"data_set_value_component_SE_constants_variable_x_s":0.0740084671,"data_set_value_component_Parallel_Elastic_Element_variable_F_PE":0.0488543158,"data_set_value_component_Parallel_Elastic_Element_variable_alpha_p":0.00224,"data_set_value_component_Parallel_Elastic_Element_variable_beta_p":20.0,"data_set_value_component_Parallel_Elastic_Element_variable_x_po":0.221,"data_set_value_component_PE_constants_variable_x_p":0.1563598694,"data_set_value_component_Contractile_Element_variable_F_CE":0.2996776117,"data_set_value_component_s_h_variable_s_h":0.0646401306,"data_set_value_component_s_h_variable_F_PL":3.0,"data_set_value_component_X_0_variable_X_S_0":0.0740084671,"data_set_value_component_X_0_variable_X_M_0":0.9706683365,"data_set_value_component_X_0_variable_F_PL":3.0},{"data_set_value_component_environment_variable_t":1.0,"data_set_value_component_environment_variable_x":10.0,"data_set_value_component_Crossbridges_attached_variable_n":0.0191560999,"data_set_value_component_Crossbridges_attached_variable_h":12.0,"data_set_value_component_f_variable_f":58.3333333333,"data_set_value_component_f_variable_f_1":70.0,"data_set_value_component_g_variable_g":33.3333333333,"data_set_value_component_g_variable_g_1":40.0,"data_set_value_component_g_variable_g_2":240.0,"data_set_value_component_Ca_sarcoplasm_variable_Ca_f":0.0000000388,"data_set_value_component_Ca_sarcoplasm_variable_t_d":0.3,"data_set_value_component_Ca_sarcoplasm_variable_a_1":200.0,"data_set_value_component_Ca_sarcoplasm_variable_b_1":5.0,"data_set_value_component_Ca_sarcoplasm_variable_Ca_0":0.00000045,"data_set_value_component_Actin_free_variable_A_c":0.0259654209,"data_set_value_component_Actin_free_variable_c_1":200000000000000.0,"data_set_value_component_Actin_free_variable_c_2":35.8049372054,"data_set_value_component_Actin_free_variable_c_2_0":20.0,"data_set_value_component_Actin_free_variable_k_i":30.9,"data_set_value_component_Actin_free_variable_q":1.45,"data_set_value_component_Actin_free_variable_AT_0":2.0,"data_set_value_component_Series_Elastic_Element_variable_F_SE":0.3485319275,"data_set_value_component_Series_Elastic_Element_variable_alpha_s":0.1027,"data_set_value_component_Series_Elastic_Element_variable_beta_s":20.0,"data_set_value_component_Series_Elastic_Element_variable_x_so":0.0387,"data_set_value_component_Series_Elastic_Element_variable_L_max":1.0,"data_set_value_component_SE_constants_variable_x_s":0.0740084671,"data_set_value_component_Parallel_Elastic_Element_variable_F_PE":0.0488543158,"data_set_value_component_Parallel_Elastic_Element_variable_alpha_p":0.00224,"data_set_value_component_Parallel_Elastic_Element_variable_beta_p":20.0,"data_set_value_component_Parallel_Elastic_Element_variable_x_po":0.221,"data_set_value_component_PE_constants_variable_x_p":0.1563598694,"data_set_value_component_Contractile_Element_variable_F_CE":0.2996776117,"data_set_value_component_s_h_variable_s_h":0.0646401306,"data_set_value_component_s_h_variable_F_PL":3.0,"data_set_value_component_X_0_variable_X_S_0":0.0740084671,"data_set_value_component_X_0_variable_X_M_0":0.9706683365,"data_set_value_component_X_0_variable_F_PL":3.0}]