[{"data_set_value_component_environment_variable_t":0.0,"data_set_value_component_Model_variable_kM2T2_on":5900000.0,"data_set_value_component_Model_variable_kM2T2_off":6.3,"data_set_value_component_Model_variable_kM2T2_iso":33.0,"data_set_value_component_Model_variable_kM2T2_negativeiso":0.00000002,"data_set_value_component_Model_variable_kM2C1_on":2600.0,"data_set_value_component_Model_variable_kM2C1_off":0.0021,"data_set_value_component_Model_variable_kM2C1_cat":0.0045,"data_set_value_component_Model_variable_kMT1T2_on":2980000.0,"data_set_value_component_Model_variable_kMT1T2_off":0.202,"data_set_value_component_Model_variable_kMT1T2M2pro_on":140000.0,"data_set_value_component_Model_variable_kMT1T2M2pro_off":0.0047,"data_set_value_component_Model_variable_kM2_act":0.02,"data_set_value_component_Model_variable_kMT1_shedeff":2800.0,"data_set_value_component_Model_variable_kMT1C1_cat":0.00197,"data_set_value_component_Model_variable_kMT1C1_on":1000.0,"data_set_value_component_Model_variable_kMT1C1_off":1.0,"data_set_value_component_Model_variable_kMT1T2M2proMT1_on":3000.0,"data_set_value_component_Model_variable_kMT1T2M2proMT1_off":0.0009,"data_set_value_component_Model_variable_M2T2":0.0000000072,"data_set_value_component_Model_variable_M2C1":0.0000085,"data_set_value_component_Model_variable_MT1T2":0.0000000014,"data_set_value_component_Model_variable_MT1T2M2proMT1":0.0000000006,"data_set_value_component_Model_variable_MT1C1":0.0000029,"data_set_value_component_Model_variable_M2":0.0,"data_set_value_component_Model_variable_MT1":0.0,"data_set_value_component_Model_variable_M2_p":0.0,"data_set_value_component_Model_variable_T2":0.0,"data_set_value_component_Model_variable_C1_D":0.0,"data_set_value_component_Model_variable_C1":0.0,"data_set_value_component_Model_variable_MT1_cat":0.0,"data_set_value_component_Model_variable_MT1_t":0.0,"data_set_value_component_Model_variable_MT1T2M2pro":0.0,"data_set_value_component_Model_variable_qMT1":0.0,"data_set_value_component_Model_variable_qT2":0.0,"data_set_value_component_Model_variable_qpro":0.0,"data_set_value_component_Model_variable_MT1T2_star":0.0,"data_set_value_component_Model_variable_M2T2_star":0.0},{"data_set_value_component_environment_variable_t":0.1,"data_set_value_component_Model_variable_kM2T2_on":5900000.0,"data_set_value_component_Model_variable_kM2T2_off":6.3,"data_set_value_component_Model_variable_kM2T2_iso":33.0,"data_set_value_component_Model_variable_kM2T2_negativeiso":0.00000002,"data_set_value_component_Model_variable_kM2C1_on":2600.0,"data_set_value_component_Model_variable_kM2C1_off":0.0021,"data_set_value_component_Model_variable_kM2C1_cat":0.0045,"data_set_value_component_Model_variable_kMT1T2_on":2980000.0,"data_set_value_component_Model_variable_kMT1T2_off":0.202,"data_set_value_component_Model_variable_kMT1T2M2pro_on":140000.0,"data_set_value_component_Model_variable_kMT1T2M2pro_off":0.0047,"data_set_value_component_Model_variable_kM2_act":0.02,"data_set_value_component_Model_variable_kMT1_shedeff":2800.0,"data_set_value_component_Model_variable_kMT1C1_cat":0.00197,"data_set_value_component_Model_variable_kMT1C1_on":1000.0,"data_set_value_component_Model_variable_kMT1C1_off":1.0,"data_set_value_component_Model_variable_kMT1T2M2proMT1_on":3000.0,"data_set_value_component_Model_variable_kMT1T2M2proMT1_off":0.0009,"data_set_value_component_Model_variable_M2T2":0.0000000018,"data_set_value_component_Model_variable_M2C1":0.0000084944,"data_set_value_component_Model_variable_MT1T2":0.0000000017,"data_set_value_component_Model_variable_MT1T2M2proMT1":0.0000000006,"data_set_value_component_Model_variable_MT1C1":0.0000026403,"data_set_value_component_Model_variable_M2":0.0000000065,"data_set_value_component_Model_variable_MT1":0.0000002594,"data_set_value_component_Model_variable_M2_p":2.818075892e-17,"data_set_value_component_Model_variable_T2":0.0000000006,"data_set_value_component_Model_variable_C1_D":0.0000000043,"data_set_value_component_Model_variable_C1":0.000000261,"data_set_value_component_Model_variable_MT1_cat":0.0,"data_set_value_component_Model_variable_MT1_t":0.0,"data_set_value_component_Model_variable_MT1T2M2pro":0.0,"data_set_value_component_Model_variable_qMT1":0.0,"data_set_value_component_Model_variable_qT2":0.0,"data_set_value_component_Model_variable_qpro":0.0,"data_set_value_component_Model_variable_MT1T2_star":0.0,"data_set_value_component_Model_variable_M2T2_star":0.0000000046},{"data_set_value_component_environment_variable_t":0.2,"data_set_value_component_Model_variable_kM2T2_on":5900000.0,"data_set_value_component_Model_variable_kM2T2_off":6.3,"data_set_value_component_Model_variable_kM2T2_iso":33.0,"data_set_value_component_Model_variable_kM2T2_negativeiso":0.00000002,"data_set_value_component_Model_variable_kM2C1_on":2600.0,"data_set_value_component_Model_variable_kM2C1_off":0.0021,"data_set_value_component_Model_variable_kM2C1_cat":0.0045,"data_set_value_component_Model_variable_kMT1T2_on":2980000.0,"data_set_value_component_Model_variable_kMT1T2_off":0.202,"data_set_value_component_Model_variable_kMT1T2M2pro_on":140000.0,"data_set_value_component_Model_variable_kMT1T2M2pro_off":0.0047,"data_set_value_component_Model_variable_kM2_act":0.02,"data_set_value_component_Model_variable_kMT1_shedeff":2800.0,"data_set_value_component_Model_variable_kMT1C1_cat":0.00197,"data_set_value_component_Model_variable_kMT1C1_on":1000.0,"data_set_value_component_Model_variable_kMT1C1_off":1.0,"data_set_value_component_Model_variable_kMT1T2M2proMT1_on":3000.0,"data_set_value_component_Model_variable_kMT1T2M2proMT1_off":0.0009,"data_set_value_component_Model_variable_M2T2":0.0000000004,"data_set_value_component_Model_variable_M2C1":0.0000084888,"data_set_value_component_Model_variable_MT1T2":0.0000000019,"data_set_value_component_Model_variable_MT1T2M2proMT1":0.0000000006,"data_set_value_component_Model_variable_MT1C1":0.000002402,"data_set_value_component_Model_variable_M2":0.0000000123,"data_set_value_component_Model_variable_MT1":0.0000004973,"data_set_value_component_Model_variable_M2_p":7.784987918e-17,"data_set_value_component_Model_variable_T2":0.0000000005,"data_set_value_component_Model_variable_C1_D":0.0000000086,"data_set_value_component_Model_variable_C1":0.0000005006,"data_set_value_component_Model_variable_MT1_cat":0.0000000001,"data_set_value_component_Model_variable_MT1_t":0.0000000001,"data_set_value_component_Model_variable_MT1T2M2pro":0.0,"data_set_value_component_Model_variable_qMT1":0.0,"data_set_value_component_Model_variable_qT2":0.0,"data_set_value_component_Model_variable_qpro":0.0,"data_set_value_component_Model_variable_MT1T2_star":0.0,"data_set_value_component_Model_variable_M2T2_star":0.0000000057},{"data_set_value_component_environment_variable_t":0.3,"data_set_value_component_Model_variable_kM2T2_on":5900000.0,"data_set_value_component_Model_variable_kM2T2_off":6.3,"data_set_value_component_Model_variable_kM2T2_iso":33.0,"data_set_value_component_Model_variable_kM2T2_negativeiso":0.00000002,"data_set_value_component_Model_variable_kM2C1_on":2600.0,"data_set_value_component_Model_variable_kM2C1_off":0.0021,"data_set_value_component_Model_variable_kM2C1_cat":0.0045,"data_set_value_component_Model_variable_kMT1T2_on":2980000.0,"data_set_value_component_Model_variable_kMT1T2_off":0.202,"data_set_value_component_Model_variable_kMT1T2M2pro_on":140000.0,"data_set_value_component_Model_variable_kMT1T2M2pro_off":0.0047,"data_set_value_component_Model_variable_kM2_act":0.02,"data_set_value_component_Model_variable_kMT1_shedeff":2800.0,"data_set_value_component_Model_variable_kMT1C1_cat":0.00197,"data_set_value_component_Model_variable_kMT1C1_on":1000.0,"data_set_value_component_Model_variable_kMT1C1_off":1.0,"data_set_value_component_Model_variable_kMT1T2M2proMT1_on":3000.0,"data_set_value_component_Model_variable_kMT1T2M2proMT1_off":0.0009,"data_set_value_component_Model_variable_M2T2":0.0000000001,"data_set_value_component_Model_variable_M2C1":0.0000084832,"data_set_value_component_Model_variable_MT1T2":0.000000002,"data_set_value_component_Model_variable_MT1T2M2proMT1":0.0000000006,"data_set_value_component_Model_variable_MT1C1":0.0000021832,"data_set_value_component_Model_variable_M2":0.0000000179,"data_set_value_component_Model_variable_MT1":0.000000716,"data_set_value_component_Model_variable_M2_p":1.484474533e-16,"data_set_value_component_Model_variable_T2":0.0000000005,"data_set_value_component_Model_variable_C1_D":0.0000000129,"data_set_value_component_Model_variable_C1":0.0000007208,"data_set_value_component_Model_variable_MT1_cat":0.0000000003,"data_set_value_component_Model_variable_MT1_t":0.0000000003,"data_set_value_component_Model_variable_MT1T2M2pro":0.0,"data_set_value_component_Model_variable_qMT1":0.0,"data_set_value_component_Model_variable_qT2":0.0,"data_set_value_component_Model_variable_qpro":0.0,"data_set_value_component_Model_variable_MT1T2_star":0.0,"data_set_value_component_Model_variable_M2T2_star":0.000000006},{"data_set_value_component_environment_variable_t":0.4,"data_set_value_component_Model_variable_kM2T2_on":5900000.0,"data_set_value_component_Model_variable_kM2T2_off":6.3,"data_set_value_component_Model_variable_kM2T2_iso":33.0,"data_set_value_component_Model_variable_kM2T2_negativeiso":0.00000002,"data_set_value_component_Model_variable_kM2C1_on":2600.0,"data_set_value_component_Model_variable_kM2C1_off":0.0021,"data_set_value_component_Model_variable_kM2C1_cat":0.0045,"data_set_value_component_Model_variable_kMT1T2_on":2980000.0,"data_set_value_component_Model_variable_kMT1T2_off":0.202,"data_set_value_component_Model_variable_kMT1T2M2pro_on":140000.0,"data_set_value_component_Model_variable_kMT1T2M2pro_off":0.0047,"data_set_value_component_Model_variable_kM2_act":0.02,"data_set_value_component_Model_variable_kMT1_shedeff":2800.0,"data_set_value_component_Model_variable_kMT1C1_cat":0.00197,"data_set_value_component_Model_variable_kMT1C1_on":1000.0,"data_set_value_component_Model_variable_kMT1C1_off":1.0,"data_set_value_component_Model_variable_kMT1T2M2proMT1_on":3000.0,"data_set_value_component_Model_variable_kMT1T2M2proMT1_off":0.0009,"data_set_value_component_Model_variable_M2T2":-0.0000000001,"data_set_value_component_Model_variable_M2C1":0.0000084776,"data_set_value_component_Model_variable_MT1T2":0.000000002,"data_set_value_component_Model_variable_MT1T2M2proMT1":0.0000000006,"data_set_value_component_Model_variable_MT1C1":0.0000019877,"data_set_value_component_Model_variable_M2":0.0000000235,"data_set_value_component_Model_variable_MT1":0.0000009111,"data_set_value_component_Model_variable_M2_p":2.484698258e-16,"data_set_value_component_Model_variable_T2":0.0000000005,"data_set_value_component_Model_variable_C1_D":0.0000000171,"data_set_value_component_Model_variable_C1":0.0000009176,"data_set_value_component_Model_variable_MT1_cat":0.0000000006,"data_set_value_component_Model_variable_MT1_t":0.0000000006,"data_set_value_component_Model_variable_MT1T2M2pro":0.0,"data_set_value_component_Model_variable_qMT1":0.0,"data_set_value_component_Model_variable_qT2":0.0,"data_set_value_component_Model_variable_qpro":0.0,"data_set_value_component_Model_variable_MT1T2_star":0.0,"data_set_value_component_Model_variable_M2T2_star":0.0000000061},{"data_set_value_component_environment_variable_t":0.5,"data_set_value_component_Model_variable_kM2T2_on":5900000.0,"data_set_value_component_Model_variable_kM2T2_off":6.3,"data_set_value_component_Model_variable_kM2T2_iso":33.0,"data_set_value_component_Model_variable_kM2T2_negativeiso":0.00000002,"data_set_value_component_Model_variable_kM2C1_on":2600.0,"data_set_value_component_Model_variable_kM2C1_off":0.0021,"data_set_value_component_Model_variable_kM2C1_cat":0.0045,"data_set_value_component_Model_variable_kMT1T2_on":2980000.0,"data_set_value_component_Model_variable_kMT1T2_off":0.202,"data_set_value_component_Model_variable_kMT1T2M2pro_on":140000.0,"data_set_value_component_Model_variable_kMT1T2M2pro_off":0.0047,"data_set_value_component_Model_variable_kM2_act":0.02,"data_set_value_component_Model_variable_kMT1_shedeff":2800.0,"data_set_value_component_Model_variable_kMT1C1_cat":0.00197,"data_set_value_component_Model_variable_kMT1C1_on":1000.0,"data_set_value_component_Model_variable_kMT1C1_off":1.0,"data_set_value_component_Model_variable_kMT1T2M2proMT1_on":3000.0,"data_set_value_component_Model_variable_kMT1T2M2proMT1_off":0.0009,"data_set_value_component_Model_variable_M2T2":-0.0000000001,"data_set_value_component_Model_variable_M2C1":0.000008472,"data_set_value_component_Model_variable_MT1T2":0.000000002,"data_set_value_component_Model_variable_MT1T2M2proMT1":0.0000000006,"data_set_value_component_Model_variable_MT1C1":0.0000018046,"data_set_value_component_Model_variable_M2":0.0000000291,"data_set_value_component_Model_variable_MT1":0.0000010938,"data_set_value_component_Model_variable_M2_p":3.640623372e-16,"data_set_value_component_Model_variable_T2":0.0000000005,"data_set_value_component_Model_variable_C1_D":0.0000000212,"data_set_value_component_Model_variable_C1":0.0000011021,"data_set_value_component_Model_variable_MT1_cat":0.0000000009,"data_set_value_component_Model_variable_MT1_t":0.0000000009,"data_set_value_component_Model_variable_MT1T2M2pro":0.0,"data_set_value_component_Model_variable_qMT1":0.0,"data_set_value_component_Model_variable_qT2":0.0,"data_set_value_component_Model_variable_qpro":0.0,"data_set_value_component_Model_variable_MT1T2_star":0.0,"data_set_value_component_Model_variable_M2T2_star":0.0000000061},{"data_set_value_component_environment_variable_t":0.6,"data_set_value_component_Model_variable_kM2T2_on":5900000.0,"data_set_value_component_Model_variable_kM2T2_off":6.3,"data_set_value_component_Model_variable_kM2T2_iso":33.0,"data_set_value_component_Model_variable_kM2T2_negativeiso":0.00000002,"data_set_value_component_Model_variable_kM2C1_on":2600.0,"data_set_value_component_Model_variable_kM2C1_off":0.0021,"data_set_value_component_Model_variable_kM2C1_cat":0.0045,"data_set_value_component_Model_variable_kMT1T2_on":2980000.0,"data_set_value_component_Model_variable_kMT1T2_off":0.202,"data_set_value_component_Model_variable_kMT1T2M2pro_on":140000.0,"data_set_value_component_Model_variable_kMT1T2M2pro_off":0.0047,"data_set_value_component_Model_variable_kM2_act":0.02,"data_set_value_component_Model_variable_kMT1_shedeff":2800.0,"data_set_value_component_Model_variable_kMT1C1_cat":0.00197,"data_set_value_component_Model_variable_kMT1C1_on":1000.0,"data_set_value_component_Model_variable_kMT1C1_off":1.0,"data_set_value_component_Model_variable_kMT1T2M2proMT1_on":3000.0,"data_set_value_component_Model_variable_kMT1T2M2proMT1_off":0.0009,"data_set_value_component_Model_variable_M2T2":-0.0,"data_set_value_component_Model_variable_M2C1":0.0000084665,"data_set_value_component_Model_variable_MT1T2":0.0000000021,"data_set_value_component_Model_variable_MT1T2M2proMT1":0.0000000006,"data_set_value_component_Model_variable_MT1C1":0.0000016344,"data_set_value_component_Model_variable_M2":0.0000000347,"data_set_value_component_Model_variable_MT1":0.0000012636,"data_set_value_component_Model_variable_M2_p":4.969835247e-16,"data_set_value_component_Model_variable_T2":0.0000000004,"data_set_value_component_Model_variable_C1_D":0.0000000254,"data_set_value_component_Model_variable_C1":0.0000012737,"data_set_value_component_Model_variable_MT1_cat":0.0000000013,"data_set_value_component_Model_variable_MT1_t":0.0000000013,"data_set_value_component_Model_variable_MT1T2M2pro":0.0,"data_set_value_component_Model_variable_qMT1":0.0,"data_set_value_component_Model_variable_qT2":0.0,"data_set_value_component_Model_variable_qpro":0.0,"data_set_value_component_Model_variable_MT1T2_star":0.0,"data_set_value_component_Model_variable_M2T2_star":0.0000000061},{"data_set_value_component_environment_variable_t":0.7,"data_set_value_component_Model_variable_kM2T2_on":5900000.0,"data_set_value_component_Model_variable_kM2T2_off":6.3,"data_set_value_component_Model_variable_kM2T2_iso":33.0,"data_set_value_component_Model_variable_kM2T2_negativeiso":0.00000002,"data_set_value_component_Model_variable_kM2C1_on":2600.0,"data_set_value_component_Model_variable_kM2C1_off":0.0021,"data_set_value_component_Model_variable_kM2C1_cat":0.0045,"data_set_value_component_Model_variable_kMT1T2_on":2980000.0,"data_set_value_component_Model_variable_kMT1T2_off":0.202,"data_set_value_component_Model_variable_kMT1T2M2pro_on":140000.0,"data_set_value_component_Model_variable_kMT1T2M2pro_off":0.0047,"data_set_value_component_Model_variable_kM2_act":0.02,"data_set_value_component_Model_variable_kMT1_shedeff":2800.0,"data_set_value_component_Model_variable_kMT1C1_cat":0.00197,"data_set_value_component_Model_variable_kMT1C1_on":1000.0,"data_set_value_component_Model_variable_kMT1C1_off":1.0,"data_set_value_component_Model_variable_kMT1T2M2proMT1_on":3000.0,"data_set_value_component_Model_variable_kMT1T2M2proMT1_off":0.0009,"data_set_value_component_Model_variable_M2T2":-0.0,"data_set_value_component_Model_variable_M2C1":0.0000084609,"data_set_value_component_Model_variable_MT1T2":0.0000000021,"data_set_value_component_Model_variable_MT1T2M2proMT1":0.0000000006,"data_set_value_component_Model_variable_MT1C1":0.0000014793,"data_set_value_component_Model_variable_M2":0.0000000402,"data_set_value_component_Model_variable_MT1":0.0000014181,"data_set_value_component_Model_variable_M2_p":6.545822266e-16,"data_set_value_component_Model_variable_T2":0.0000000004,"data_set_value_component_Model_variable_C1_D":0.0000000295,"data_set_value_component_Model_variable_C1":0.0000014303,"data_set_value_component_Model_variable_MT1_cat":0.0000000019,"data_set_value_component_Model_variable_MT1_t":0.0000000019,"data_set_value_component_Model_variable_MT1T2M2pro":0.0,"data_set_value_component_Model_variable_qMT1":0.0,"data_set_value_component_Model_variable_qT2":0.0,"data_set_value_component_Model_variable_qpro":0.0,"data_set_value_component_Model_variable_MT1T2_star":0.0,"data_set_value_component_Model_variable_M2T2_star":0.0000000061},{"data_set_value_component_environment_variable_t":0.8,"data_set_value_component_Model_variable_kM2T2_on":5900000.0,"data_set_value_component_Model_variable_kM2T2_off":6.3,"data_set_value_component_Model_variable_kM2T2_iso":33.0,"data_set_value_component_Model_variable_kM2T2_negativeiso":0.00000002,"data_set_value_component_Model_variable_kM2C1_on":2600.0,"data_set_value_component_Model_variable_kM2C1_off":0.0021,"data_set_value_component_Model_variable_kM2C1_cat":0.0045,"data_set_value_component_Model_variable_kMT1T2_on":2980000.0,"data_set_value_component_Model_variable_kMT1T2_off":0.202,"data_set_value_component_Model_variable_kMT1T2M2pro_on":140000.0,"data_set_value_component_Model_variable_kMT1T2M2pro_off":0.0047,"data_set_value_component_Model_variable_kM2_act":0.02,"data_set_value_component_Model_variable_kMT1_shedeff":2800.0,"data_set_value_component_Model_variable_kMT1C1_cat":0.00197,"data_set_value_component_Model_variable_kMT1C1_on":1000.0,"data_set_value_component_Model_variable_kMT1C1_off":1.0,"data_set_value_component_Model_variable_kMT1T2M2proMT1_on":3000.0,"data_set_value_component_Model_variable_kMT1T2M2proMT1_off":0.0009,"data_set_value_component_Model_variable_M2T2":-0.0,"data_set_value_component_Model_variable_M2C1":0.0000084553,"data_set_value_component_Model_variable_MT1T2":0.0000000022,"data_set_value_component_Model_variable_MT1T2M2proMT1":0.0000000006,"data_set_value_component_Model_variable_MT1C1":0.0000013381,"data_set_value_component_Model_variable_M2":0.0000000458,"data_set_value_component_Model_variable_MT1":0.0000015586,"data_set_value_component_Model_variable_M2_p":8.32812928e-16,"data_set_value_component_Model_variable_T2":0.0000000003,"data_set_value_component_Model_variable_C1_D":0.0000000336,"data_set_value_component_Model_variable_C1":0.000001573,"data_set_value_component_Model_variable_MT1_cat":0.0000000025,"data_set_value_component_Model_variable_MT1_t":0.0000000025,"data_set_value_component_Model_variable_MT1T2M2pro":0.0,"data_set_value_component_Model_variable_qMT1":0.0,"data_set_value_component_Model_variable_qT2":0.0,"data_set_value_component_Model_variable_qpro":0.0,"data_set_value_component_Model_variable_MT1T2_star":0.0,"data_set_value_component_Model_variable_M2T2_star":0.0000000061},{"data_set_value_component_environment_variable_t":0.9,"data_set_value_component_Model_variable_kM2T2_on":5900000.0,"data_set_value_component_Model_variable_kM2T2_off":6.3,"data_set_value_component_Model_variable_kM2T2_iso":33.0,"data_set_value_component_Model_variable_kM2T2_negativeiso":0.00000002,"data_set_value_component_Model_variable_kM2C1_on":2600.0,"data_set_value_component_Model_variable_kM2C1_off":0.0021,"data_set_value_component_Model_variable_kM2C1_cat":0.0045,"data_set_value_component_Model_variable_kMT1T2_on":2980000.0,"data_set_value_component_Model_variable_kMT1T2_off":0.202,"data_set_value_component_Model_variable_kMT1T2M2pro_on":140000.0,"data_set_value_component_Model_variable_kMT1T2M2pro_off":0.0047,"data_set_value_component_Model_variable_kM2_act":0.02,"data_set_value_component_Model_variable_kMT1_shedeff":2800.0,"data_set_value_component_Model_variable_kMT1C1_cat":0.00197,"data_set_value_component_Model_variable_kMT1C1_on":1000.0,"data_set_value_component_Model_variable_kMT1C1_off":1.0,"data_set_value_component_Model_variable_kMT1T2M2proMT1_on":3000.0,"data_set_value_component_Model_variable_kMT1T2M2proMT1_off":0.0009,"data_set_value_component_Model_variable_M2T2":-0.0,"data_set_value_component_Model_variable_M2C1":0.0000084498,"data_set_value_component_Model_variable_MT1T2":0.0000000025,"data_set_value_component_Model_variable_MT1T2M2proMT1":0.0000000005,"data_set_value_component_Model_variable_MT1C1":0.0000012068,"data_set_value_component_Model_variable_M2":0.0000000513,"data_set_value_component_Model_variable_MT1":0.0000016887,"data_set_value_component_Model_variable_M2_p":0.0,"data_set_value_component_Model_variable_T2":-0.0000000001,"data_set_value_component_Model_variable_C1_D":0.0000000376,"data_set_value_component_Model_variable_C1":0.0000017058,"data_set_value_component_Model_variable_MT1_cat":0.0000000033,"data_set_value_component_Model_variable_MT1_t":0.0000000033,"data_set_value_component_Model_variable_MT1T2M2pro":0.0,"data_set_value_component_Model_variable_qMT1":0.0,"data_set_value_component_Model_variable_qT2":0.0,"data_set_value_component_Model_variable_qpro":0.0,"data_set_value_component_Model_variable_MT1T2_star":0.0,"data_set_value_component_Model_variable_M2T2_star":0.0000000061},{"data_set_value_component_environment_variable_t":1.0,"data_set_value_component_Model_variable_kM2T2_on":5900000.0,"data_set_value_component_Model_variable_kM2T2_off":6.3,"data_set_value_component_Model_variable_kM2T2_iso":33.0,"data_set_value_component_Model_variable_kM2T2_negativeiso":0.00000002,"data_set_value_component_Model_variable_kM2C1_on":2600.0,"data_set_value_component_Model_variable_kM2C1_off":0.0021,"data_set_value_component_Model_variable_kM2C1_cat":0.0045,"data_set_value_component_Model_variable_kMT1T2_on":2980000.0,"data_set_value_component_Model_variable_kMT1T2_off":0.202,"data_set_value_component_Model_variable_kMT1T2M2pro_on":140000.0,"data_set_value_component_Model_variable_kMT1T2M2pro_off":0.0047,"data_set_value_component_Model_variable_kM2_act":0.02,"data_set_value_component_Model_variable_kMT1_shedeff":2800.0,"data_set_value_component_Model_variable_kMT1C1_cat":0.00197,"data_set_value_component_Model_variable_kMT1C1_on":1000.0,"data_set_value_component_Model_variable_kMT1C1_off":1.0,"data_set_value_component_Model_variable_kMT1T2M2proMT1_on":3000.0,"data_set_value_component_Model_variable_kMT1T2M2proMT1_off":0.0009,"data_set_value_component_Model_variable_M2T2":-0.0,"data_set_value_component_Model_variable_M2C1":0.0000084442,"data_set_value_component_Model_variable_MT1T2":0.0000000034,"data_set_value_component_Model_variable_MT1T2M2proMT1":0.0000000005,"data_set_value_component_Model_variable_MT1C1":0.0000010815,"data_set_value_component_Model_variable_M2":0.0000000568,"data_set_value_component_Model_variable_MT1":0.0000018124,"data_set_value_component_Model_variable_M2_p":0.0,"data_set_value_component_Model_variable_T2":-0.0000000009,"data_set_value_component_Model_variable_C1_D":0.0000000417,"data_set_value_component_Model_variable_C1":0.0000018326,"data_set_value_component_Model_variable_MT1_cat":0.0000000041,"data_set_value_component_Model_variable_MT1_t":0.0000000041,"data_set_value_component_Model_variable_MT1T2M2pro":0.0,"data_set_value_component_Model_variable_qMT1":0.0,"data_set_value_component_Model_variable_qT2":0.0,"data_set_value_component_Model_variable_qpro":0.0,"data_set_value_component_Model_variable_MT1T2_star":0.0,"data_set_value_component_Model_variable_M2T2_star":0.0000000062}]