[{"data_set_value_component_environment_variable_time":0.0,"data_set_value_component_uninfected_CD4_variable_mu_T":0.02,"data_set_value_component_uninfected_CD4_variable_r":0.03,"data_set_value_component_uninfected_CD4_variable_T_max":1500.0,"data_set_value_component_uninfected_CD4_variable_s_0":10.0,"data_set_value_component_uninfected_CD4_variable_theta":1.0,"data_set_value_component_uninfected_CD4_variable_s_V":9.99000999,"data_set_value_component_uninfected_CD4_variable_T":1000.0,"data_set_value_component_latently_infected_CD4_variable_k_2":0.017,"data_set_value_component_latently_infected_CD4_variable_T_1":0.0,"data_set_value_component_actively_infected_CD4_variable_k_1D":0.000024,"data_set_value_component_actively_infected_CD4_variable_mu_b":0.24,"data_set_value_component_actively_infected_CD4_variable_T_2":0.0,"data_set_value_component_actively_coinfected_CD4_variable_k_s":0.48,"data_set_value_component_actively_coinfected_CD4_variable_mu_bD":0.12,"data_set_value_component_actively_coinfected_CD4_variable_T_D2":0.0,"data_set_value_component_stably_coinfected_CD4_variable_mu_TD":0.02,"data_set_value_component_stably_coinfected_CD4_variable_T_D1":0.0,"data_set_value_component_DIV_variable_N_D_t":60.0,"data_set_value_component_DIV_variable_pi_D_t":36.0,"data_set_value_component_DIV_variable_mu_D":0.76,"data_set_value_component_DIV_variable_D":0.0,"data_set_value_component_DIV_variable_t_DIV":2557.0,"data_set_value_component_DIV_variable_D_ode":0.0,"data_set_value_component_DIV_variable_D_0":0.1,"data_set_value_component_HIV1_variable_N_2_t":30.0,"data_set_value_component_HIV1_variable_k_1":0.000024,"data_set_value_component_HIV1_variable_mu_V":2.4,"data_set_value_component_HIV1_variable_V":0.001,"data_set_value_component_hybrid_HIV1_variable_N_t_":30.0,"data_set_value_component_hybrid_HIV1_variable_pi_t_":0.72,"data_set_value_component_hybrid_HIV1_variable_k_1_":0.00000024,"data_set_value_component_hybrid_HIV1_variable_V_":0.0,"data_set_value_component_production_function_variable_N_0":300.0,"data_set_value_component_production_function_variable_gamma":25.0,"data_set_value_component_production_function_variable_t_c":7305.0,"data_set_value_component_production_function_variable_N_t":300.0,"data_set_value_component_cell_population_variable_T_tot":1000.0},{"data_set_value_component_environment_variable_time":0.1,"data_set_value_component_uninfected_CD4_variable_mu_T":0.02,"data_set_value_component_uninfected_CD4_variable_r":0.03,"data_set_value_component_uninfected_CD4_variable_T_max":1500.0,"data_set_value_component_uninfected_CD4_variable_s_0":10.0,"data_set_value_component_uninfected_CD4_variable_theta":1.0,"data_set_value_component_uninfected_CD4_variable_s_V":9.9921604797,"data_set_value_component_uninfected_CD4_variable_T":999.9991112654,"data_set_value_component_latently_infected_CD4_variable_k_2":0.017,"data_set_value_component_latently_infected_CD4_variable_T_1":0.000002129,"data_set_value_component_actively_infected_CD4_variable_k_1D":0.000024,"data_set_value_component_actively_infected_CD4_variable_mu_b":0.24,"data_set_value_component_actively_infected_CD4_variable_T_2":0.0000000019,"data_set_value_component_actively_coinfected_CD4_variable_k_s":0.48,"data_set_value_component_actively_coinfected_CD4_variable_mu_bD":0.12,"data_set_value_component_actively_coinfected_CD4_variable_T_D2":0.0,"data_set_value_component_stably_coinfected_CD4_variable_mu_TD":0.02,"data_set_value_component_stably_coinfected_CD4_variable_T_D1":0.0,"data_set_value_component_DIV_variable_N_D_t":60.0000002811,"data_set_value_component_DIV_variable_pi_D_t":36.0000001687,"data_set_value_component_DIV_variable_mu_D":0.76,"data_set_value_component_DIV_variable_D":0.0,"data_set_value_component_DIV_variable_t_DIV":2557.0,"data_set_value_component_DIV_variable_D_ode":0.0000039108,"data_set_value_component_DIV_variable_D_0":0.1,"data_set_value_component_HIV1_variable_N_2_t":30.0000001405,"data_set_value_component_HIV1_variable_k_1":0.000024,"data_set_value_component_HIV1_variable_mu_V":2.4,"data_set_value_component_HIV1_variable_V":0.0007845671,"data_set_value_component_hybrid_HIV1_variable_N_t_":30.0000001405,"data_set_value_component_hybrid_HIV1_variable_pi_t_":0.7200000034,"data_set_value_component_hybrid_HIV1_variable_k_1_":0.00000024,"data_set_value_component_hybrid_HIV1_variable_V_":0.0,"data_set_value_component_production_function_variable_N_0":300.0,"data_set_value_component_production_function_variable_gamma":25.0,"data_set_value_component_production_function_variable_t_c":7305.0,"data_set_value_component_production_function_variable_N_t":300.0000014055,"data_set_value_component_cell_population_variable_T_tot":999.9991133962},{"data_set_value_component_environment_variable_time":0.2,"data_set_value_component_uninfected_CD4_variable_mu_T":0.02,"data_set_value_component_uninfected_CD4_variable_r":0.03,"data_set_value_component_uninfected_CD4_variable_T_max":1500.0,"data_set_value_component_uninfected_CD4_variable_s_0":10.0,"data_set_value_component_uninfected_CD4_variable_theta":1.0,"data_set_value_component_uninfected_CD4_variable_s_V":9.9938493891,"data_set_value_component_uninfected_CD4_variable_T":999.9984159662,"data_set_value_component_latently_infected_CD4_variable_k_2":0.017,"data_set_value_component_latently_infected_CD4_variable_T_1":0.0000037928,"data_set_value_component_actively_infected_CD4_variable_k_1D":0.000024,"data_set_value_component_actively_infected_CD4_variable_mu_b":0.24,"data_set_value_component_actively_infected_CD4_variable_T_2":0.0000000068,"data_set_value_component_actively_coinfected_CD4_variable_k_s":0.48,"data_set_value_component_actively_coinfected_CD4_variable_mu_bD":0.12,"data_set_value_component_actively_coinfected_CD4_variable_T_D2":0.0,"data_set_value_component_stably_coinfected_CD4_variable_mu_TD":0.02,"data_set_value_component_stably_coinfected_CD4_variable_T_D1":0.0,"data_set_value_component_DIV_variable_N_D_t":60.0000011244,"data_set_value_component_DIV_variable_pi_D_t":36.0000006746,"data_set_value_component_DIV_variable_mu_D":0.76,"data_set_value_component_DIV_variable_D":0.0,"data_set_value_component_DIV_variable_t_DIV":2557.0,"data_set_value_component_DIV_variable_D_ode":0.0000078217,"data_set_value_component_DIV_variable_D_0":0.1,"data_set_value_component_HIV1_variable_N_2_t":30.0000005622,"data_set_value_component_HIV1_variable_k_1":0.000024,"data_set_value_component_HIV1_variable_mu_V":2.4,"data_set_value_component_HIV1_variable_V":0.0006154396,"data_set_value_component_hybrid_HIV1_variable_N_t_":30.0000005622,"data_set_value_component_hybrid_HIV1_variable_pi_t_":0.7200000135,"data_set_value_component_hybrid_HIV1_variable_k_1_":0.00000024,"data_set_value_component_hybrid_HIV1_variable_V_":0.0,"data_set_value_component_production_function_variable_N_0":300.0,"data_set_value_component_production_function_variable_gamma":25.0,"data_set_value_component_production_function_variable_t_c":7305.0,"data_set_value_component_production_function_variable_N_t":300.0000056219,"data_set_value_component_cell_population_variable_T_tot":999.9984197658},{"data_set_value_component_environment_variable_time":0.3,"data_set_value_component_uninfected_CD4_variable_mu_T":0.02,"data_set_value_component_uninfected_CD4_variable_r":0.03,"data_set_value_component_uninfected_CD4_variable_T_max":1500.0,"data_set_value_component_uninfected_CD4_variable_s_0":10.0,"data_set_value_component_uninfected_CD4_variable_theta":1.0,"data_set_value_component_uninfected_CD4_variable_s_V":9.9951732412,"data_set_value_component_uninfected_CD4_variable_T":999.9978734862,"data_set_value_component_latently_infected_CD4_variable_k_2":0.017,"data_set_value_component_latently_infected_CD4_variable_T_1":0.0000050892,"data_set_value_component_actively_infected_CD4_variable_k_1D":0.000024,"data_set_value_component_actively_infected_CD4_variable_mu_b":0.24,"data_set_value_component_actively_infected_CD4_variable_T_2":0.0000000142,"data_set_value_component_actively_coinfected_CD4_variable_k_s":0.48,"data_set_value_component_actively_coinfected_CD4_variable_mu_bD":0.12,"data_set_value_component_actively_coinfected_CD4_variable_T_D2":0.0,"data_set_value_component_stably_coinfected_CD4_variable_mu_TD":0.02,"data_set_value_component_stably_coinfected_CD4_variable_T_D1":0.0,"data_set_value_component_DIV_variable_N_D_t":60.0000025298,"data_set_value_component_DIV_variable_pi_D_t":36.0000015179,"data_set_value_component_DIV_variable_mu_D":0.76,"data_set_value_component_DIV_variable_D":0.0,"data_set_value_component_DIV_variable_t_DIV":2557.0,"data_set_value_component_DIV_variable_D_ode":0.0000117325,"data_set_value_component_DIV_variable_D_0":0.1,"data_set_value_component_HIV1_variable_N_2_t":30.0000012649,"data_set_value_component_HIV1_variable_k_1":0.000024,"data_set_value_component_HIV1_variable_mu_V":2.4,"data_set_value_component_HIV1_variable_V":0.000482909,"data_set_value_component_hybrid_HIV1_variable_N_t_":30.0000012649,"data_set_value_component_hybrid_HIV1_variable_pi_t_":0.7200000304,"data_set_value_component_hybrid_HIV1_variable_k_1_":0.00000024,"data_set_value_component_hybrid_HIV1_variable_V_":0.0,"data_set_value_component_production_function_variable_N_0":300.0,"data_set_value_component_production_function_variable_gamma":25.0,"data_set_value_component_production_function_variable_t_c":7305.0,"data_set_value_component_production_function_variable_N_t":300.0000126492,"data_set_value_component_cell_population_variable_T_tot":999.9978785896},{"data_set_value_component_environment_variable_time":0.4,"data_set_value_component_uninfected_CD4_variable_mu_T":0.02,"data_set_value_component_uninfected_CD4_variable_r":0.03,"data_set_value_component_uninfected_CD4_variable_T_max":1500.0,"data_set_value_component_uninfected_CD4_variable_s_0":10.0,"data_set_value_component_uninfected_CD4_variable_theta":1.0,"data_set_value_component_uninfected_CD4_variable_s_V":9.9962096635,"data_set_value_component_uninfected_CD4_variable_T":999.9974511877,"data_set_value_component_latently_infected_CD4_variable_k_2":0.017,"data_set_value_component_latently_infected_CD4_variable_T_1":0.0000060968,"data_set_value_component_actively_infected_CD4_variable_k_1D":0.000024,"data_set_value_component_actively_infected_CD4_variable_mu_b":0.24,"data_set_value_component_actively_infected_CD4_variable_T_2":0.0000000233,"data_set_value_component_actively_coinfected_CD4_variable_k_s":0.48,"data_set_value_component_actively_coinfected_CD4_variable_mu_bD":0.12,"data_set_value_component_actively_coinfected_CD4_variable_T_D2":0.0,"data_set_value_component_stably_coinfected_CD4_variable_mu_TD":0.02,"data_set_value_component_stably_coinfected_CD4_variable_T_D1":0.0,"data_set_value_component_DIV_variable_N_D_t":60.0000044975,"data_set_value_component_DIV_variable_pi_D_t":36.0000026985,"data_set_value_component_DIV_variable_mu_D":0.76,"data_set_value_component_DIV_variable_D":0.0,"data_set_value_component_DIV_variable_t_DIV":2557.0,"data_set_value_component_DIV_variable_D_ode":0.0000156433,"data_set_value_component_DIV_variable_D_0":0.1,"data_set_value_component_HIV1_variable_N_2_t":30.0000022487,"data_set_value_component_HIV1_variable_k_1":0.000024,"data_set_value_component_HIV1_variable_mu_V":2.4,"data_set_value_component_HIV1_variable_V":0.0003791774,"data_set_value_component_hybrid_HIV1_variable_N_t_":30.0000022487,"data_set_value_component_hybrid_HIV1_variable_pi_t_":0.720000054,"data_set_value_component_hybrid_HIV1_variable_k_1_":0.00000024,"data_set_value_component_hybrid_HIV1_variable_V_":0.0,"data_set_value_component_production_function_variable_N_0":300.0,"data_set_value_component_production_function_variable_gamma":25.0,"data_set_value_component_production_function_variable_t_c":7305.0,"data_set_value_component_production_function_variable_N_t":300.0000224875,"data_set_value_component_cell_population_variable_T_tot":999.9974573077},{"data_set_value_component_environment_variable_time":0.5,"data_set_value_component_uninfected_CD4_variable_mu_T":0.02,"data_set_value_component_uninfected_CD4_variable_r":0.03,"data_set_value_component_uninfected_CD4_variable_T_max":1500.0,"data_set_value_component_uninfected_CD4_variable_s_0":10.0,"data_set_value_component_uninfected_CD4_variable_theta":1.0,"data_set_value_component_uninfected_CD4_variable_s_V":9.9970218432,"data_set_value_component_uninfected_CD4_variable_T":999.9971225247,"data_set_value_component_latently_infected_CD4_variable_k_2":0.017,"data_set_value_component_latently_infected_CD4_variable_T_1":0.0000068794,"data_set_value_component_actively_infected_CD4_variable_k_1D":0.000024,"data_set_value_component_actively_infected_CD4_variable_mu_b":0.24,"data_set_value_component_actively_infected_CD4_variable_T_2":0.0000000337,"data_set_value_component_actively_coinfected_CD4_variable_k_s":0.48,"data_set_value_component_actively_coinfected_CD4_variable_mu_bD":0.12,"data_set_value_component_actively_coinfected_CD4_variable_T_D2":0.0,"data_set_value_component_stably_coinfected_CD4_variable_mu_TD":0.02,"data_set_value_component_stably_coinfected_CD4_variable_T_D1":0.0,"data_set_value_component_DIV_variable_N_D_t":60.0000070273,"data_set_value_component_DIV_variable_pi_D_t":36.0000042164,"data_set_value_component_DIV_variable_mu_D":0.76,"data_set_value_component_DIV_variable_D":0.0,"data_set_value_component_DIV_variable_t_DIV":2557.0,"data_set_value_component_DIV_variable_D_ode":0.0000195542,"data_set_value_component_DIV_variable_D_0":0.1,"data_set_value_component_HIV1_variable_N_2_t":30.0000035137,"data_set_value_component_HIV1_variable_k_1":0.000024,"data_set_value_component_HIV1_variable_mu_V":2.4,"data_set_value_component_HIV1_variable_V":0.0002979044,"data_set_value_component_hybrid_HIV1_variable_N_t_":30.0000035137,"data_set_value_component_hybrid_HIV1_variable_pi_t_":0.7200000843,"data_set_value_component_hybrid_HIV1_variable_k_1_":0.00000024,"data_set_value_component_hybrid_HIV1_variable_V_":0.0,"data_set_value_component_production_function_variable_N_0":300.0,"data_set_value_component_production_function_variable_gamma":25.0,"data_set_value_component_production_function_variable_t_c":7305.0,"data_set_value_component_production_function_variable_N_t":300.0000351367,"data_set_value_component_cell_population_variable_T_tot":999.9971294377},{"data_set_value_component_environment_variable_time":0.6,"data_set_value_component_uninfected_CD4_variable_mu_T":0.02,"data_set_value_component_uninfected_CD4_variable_r":0.03,"data_set_value_component_uninfected_CD4_variable_T_max":1500.0,"data_set_value_component_uninfected_CD4_variable_s_0":10.0,"data_set_value_component_uninfected_CD4_variable_theta":1.0,"data_set_value_component_uninfected_CD4_variable_s_V":9.9976587194,"data_set_value_component_uninfected_CD4_variable_T":999.9968669463,"data_set_value_component_latently_infected_CD4_variable_k_2":0.017,"data_set_value_component_latently_infected_CD4_variable_T_1":0.0000074864,"data_set_value_component_actively_infected_CD4_variable_k_1D":0.000024,"data_set_value_component_actively_infected_CD4_variable_mu_b":0.24,"data_set_value_component_actively_infected_CD4_variable_T_2":0.000000045,"data_set_value_component_actively_coinfected_CD4_variable_k_s":0.48,"data_set_value_component_actively_coinfected_CD4_variable_mu_bD":0.12,"data_set_value_component_actively_coinfected_CD4_variable_T_D2":0.0,"data_set_value_component_stably_coinfected_CD4_variable_mu_TD":0.02,"data_set_value_component_stably_coinfected_CD4_variable_T_D1":0.0,"data_set_value_component_DIV_variable_N_D_t":60.0000101194,"data_set_value_component_DIV_variable_pi_D_t":36.0000060716,"data_set_value_component_DIV_variable_mu_D":0.76,"data_set_value_component_DIV_variable_D":0.0,"data_set_value_component_DIV_variable_t_DIV":2557.0,"data_set_value_component_DIV_variable_D_ode":0.000023465,"data_set_value_component_DIV_variable_D_0":0.1,"data_set_value_component_HIV1_variable_N_2_t":30.0000050597,"data_set_value_component_HIV1_variable_k_1":0.000024,"data_set_value_component_HIV1_variable_mu_V":2.4,"data_set_value_component_HIV1_variable_V":0.0002341829,"data_set_value_component_hybrid_HIV1_variable_N_t_":30.0000050597,"data_set_value_component_hybrid_HIV1_variable_pi_t_":0.7200001214,"data_set_value_component_hybrid_HIV1_variable_k_1_":0.00000024,"data_set_value_component_hybrid_HIV1_variable_V_":0.0,"data_set_value_component_production_function_variable_N_0":300.0,"data_set_value_component_production_function_variable_gamma":25.0,"data_set_value_component_production_function_variable_t_c":7305.0,"data_set_value_component_production_function_variable_N_t":300.0000505968,"data_set_value_component_cell_population_variable_T_tot":999.9968744776},{"data_set_value_component_environment_variable_time":0.7,"data_set_value_component_uninfected_CD4_variable_mu_T":0.02,"data_set_value_component_uninfected_CD4_variable_r":0.03,"data_set_value_component_uninfected_CD4_variable_T_max":1500.0,"data_set_value_component_uninfected_CD4_variable_s_0":10.0,"data_set_value_component_uninfected_CD4_variable_theta":1.0,"data_set_value_component_uninfected_CD4_variable_s_V":9.9981582825,"data_set_value_component_uninfected_CD4_variable_T":999.9966685054,"data_set_value_component_latently_infected_CD4_variable_k_2":0.017,"data_set_value_component_latently_infected_CD4_variable_T_1":0.0000079562,"data_set_value_component_actively_infected_CD4_variable_k_1D":0.000024,"data_set_value_component_actively_infected_CD4_variable_mu_b":0.24,"data_set_value_component_actively_infected_CD4_variable_T_2":0.0000000569,"data_set_value_component_actively_coinfected_CD4_variable_k_s":0.48,"data_set_value_component_actively_coinfected_CD4_variable_mu_bD":0.12,"data_set_value_component_actively_coinfected_CD4_variable_T_D2":0.0,"data_set_value_component_stably_coinfected_CD4_variable_mu_TD":0.02,"data_set_value_component_stably_coinfected_CD4_variable_T_D1":0.0,"data_set_value_component_DIV_variable_N_D_t":60.0000137736,"data_set_value_component_DIV_variable_pi_D_t":36.0000082641,"data_set_value_component_DIV_variable_mu_D":0.76,"data_set_value_component_DIV_variable_D":0.0,"data_set_value_component_DIV_variable_t_DIV":2557.0,"data_set_value_component_DIV_variable_D_ode":0.0000273758,"data_set_value_component_DIV_variable_D_0":0.1,"data_set_value_component_HIV1_variable_N_2_t":30.0000068868,"data_set_value_component_HIV1_variable_k_1":0.000024,"data_set_value_component_HIV1_variable_mu_V":2.4,"data_set_value_component_HIV1_variable_V":0.0001842057,"data_set_value_component_hybrid_HIV1_variable_N_t_":30.0000068868,"data_set_value_component_hybrid_HIV1_variable_pi_t_":0.7200001653,"data_set_value_component_hybrid_HIV1_variable_k_1_":0.00000024,"data_set_value_component_hybrid_HIV1_variable_V_":0.0,"data_set_value_component_production_function_variable_N_0":300.0,"data_set_value_component_production_function_variable_gamma":25.0,"data_set_value_component_production_function_variable_t_c":7305.0,"data_set_value_component_production_function_variable_N_t":300.0000688679,"data_set_value_component_cell_population_variable_T_tot":999.9966765186},{"data_set_value_component_environment_variable_time":0.8,"data_set_value_component_uninfected_CD4_variable_mu_T":0.02,"data_set_value_component_uninfected_CD4_variable_r":0.03,"data_set_value_component_uninfected_CD4_variable_T_max":1500.0,"data_set_value_component_uninfected_CD4_variable_s_0":10.0,"data_set_value_component_uninfected_CD4_variable_theta":1.0,"data_set_value_component_uninfected_CD4_variable_s_V":9.9985499264,"data_set_value_component_uninfected_CD4_variable_T":999.9965148694,"data_set_value_component_latently_infected_CD4_variable_k_2":0.017,"data_set_value_component_latently_infected_CD4_variable_T_1":0.0000083185,"data_set_value_component_actively_infected_CD4_variable_k_1D":0.000024,"data_set_value_component_actively_infected_CD4_variable_mu_b":0.24,"data_set_value_component_actively_infected_CD4_variable_T_2":0.0000000692,"data_set_value_component_actively_coinfected_CD4_variable_k_s":0.48,"data_set_value_component_actively_coinfected_CD4_variable_mu_bD":0.12,"data_set_value_component_actively_coinfected_CD4_variable_T_D2":0.0,"data_set_value_component_stably_coinfected_CD4_variable_mu_TD":0.02,"data_set_value_component_stably_coinfected_CD4_variable_T_D1":0.0,"data_set_value_component_DIV_variable_N_D_t":60.00001799,"data_set_value_component_DIV_variable_pi_D_t":36.000010794,"data_set_value_component_DIV_variable_mu_D":0.76,"data_set_value_component_DIV_variable_D":0.0,"data_set_value_component_DIV_variable_t_DIV":2557.0,"data_set_value_component_DIV_variable_D_ode":0.0000312867,"data_set_value_component_DIV_variable_D_0":0.1,"data_set_value_component_HIV1_variable_N_2_t":30.000008995,"data_set_value_component_HIV1_variable_k_1":0.000024,"data_set_value_component_HIV1_variable_mu_V":2.4,"data_set_value_component_HIV1_variable_V":0.0001450284,"data_set_value_component_hybrid_HIV1_variable_N_t_":30.000008995,"data_set_value_component_hybrid_HIV1_variable_pi_t_":0.7200002159,"data_set_value_component_hybrid_HIV1_variable_k_1_":0.00000024,"data_set_value_component_hybrid_HIV1_variable_V_":0.0,"data_set_value_component_production_function_variable_N_0":300.0,"data_set_value_component_production_function_variable_gamma":25.0,"data_set_value_component_production_function_variable_t_c":7305.0,"data_set_value_component_production_function_variable_N_t":300.0000899499,"data_set_value_component_cell_population_variable_T_tot":999.9965232571},{"data_set_value_component_environment_variable_time":0.9,"data_set_value_component_uninfected_CD4_variable_mu_T":0.02,"data_set_value_component_uninfected_CD4_variable_r":0.03,"data_set_value_component_uninfected_CD4_variable_T_max":1500.0,"data_set_value_component_uninfected_CD4_variable_s_0":10.0,"data_set_value_component_uninfected_CD4_variable_theta":1.0,"data_set_value_component_uninfected_CD4_variable_s_V":9.9988565907,"data_set_value_component_uninfected_CD4_variable_T":999.9963964184,"data_set_value_component_latently_infected_CD4_variable_k_2":0.017,"data_set_value_component_latently_infected_CD4_variable_T_1":0.0000085962,"data_set_value_component_actively_infected_CD4_variable_k_1D":0.000024,"data_set_value_component_actively_infected_CD4_variable_mu_b":0.24,"data_set_value_component_actively_infected_CD4_variable_T_2":0.0000000818,"data_set_value_component_actively_coinfected_CD4_variable_k_s":0.48,"data_set_value_component_actively_coinfected_CD4_variable_mu_bD":0.12,"data_set_value_component_actively_coinfected_CD4_variable_T_D2":0.0,"data_set_value_component_stably_coinfected_CD4_variable_mu_TD":0.02,"data_set_value_component_stably_coinfected_CD4_variable_T_D1":0.0,"data_set_value_component_DIV_variable_N_D_t":60.0000227686,"data_set_value_component_DIV_variable_pi_D_t":36.0000136611,"data_set_value_component_DIV_variable_mu_D":0.76,"data_set_value_component_DIV_variable_D":0.0,"data_set_value_component_DIV_variable_t_DIV":2557.0,"data_set_value_component_DIV_variable_D_ode":0.0000351975,"data_set_value_component_DIV_variable_D_0":0.1,"data_set_value_component_HIV1_variable_N_2_t":30.0000113843,"data_set_value_component_HIV1_variable_k_1":0.000024,"data_set_value_component_HIV1_variable_mu_V":2.4,"data_set_value_component_HIV1_variable_V":0.000114354,"data_set_value_component_hybrid_HIV1_variable_N_t_":30.0000113843,"data_set_value_component_hybrid_HIV1_variable_pi_t_":0.7200002732,"data_set_value_component_hybrid_HIV1_variable_k_1_":0.00000024,"data_set_value_component_hybrid_HIV1_variable_V_":0.0,"data_set_value_component_production_function_variable_N_0":300.0,"data_set_value_component_production_function_variable_gamma":25.0,"data_set_value_component_production_function_variable_t_c":7305.0,"data_set_value_component_production_function_variable_N_t":300.0001138429,"data_set_value_component_cell_population_variable_T_tot":999.9964050964},{"data_set_value_component_environment_variable_time":1.0,"data_set_value_component_uninfected_CD4_variable_mu_T":0.02,"data_set_value_component_uninfected_CD4_variable_r":0.03,"data_set_value_component_uninfected_CD4_variable_T_max":1500.0,"data_set_value_component_uninfected_CD4_variable_s_0":10.0,"data_set_value_component_uninfected_CD4_variable_theta":1.0,"data_set_value_component_uninfected_CD4_variable_s_V":9.9990965511,"data_set_value_component_uninfected_CD4_variable_T":999.9963054923,"data_set_value_component_latently_infected_CD4_variable_k_2":0.017,"data_set_value_component_latently_infected_CD4_variable_T_1":0.0000088079,"data_set_value_component_actively_infected_CD4_variable_k_1D":0.000024,"data_set_value_component_actively_infected_CD4_variable_mu_b":0.24,"data_set_value_component_actively_infected_CD4_variable_T_2":0.0000000945,"data_set_value_component_actively_coinfected_CD4_variable_k_s":0.48,"data_set_value_component_actively_coinfected_CD4_variable_mu_bD":0.12,"data_set_value_component_actively_coinfected_CD4_variable_T_D2":0.0,"data_set_value_component_stably_coinfected_CD4_variable_mu_TD":0.02,"data_set_value_component_stably_coinfected_CD4_variable_T_D1":0.0,"data_set_value_component_DIV_variable_N_D_t":60.0000281094,"data_set_value_component_DIV_variable_pi_D_t":36.0000168656,"data_set_value_component_DIV_variable_mu_D":0.76,"data_set_value_component_DIV_variable_D":0.0,"data_set_value_component_DIV_variable_t_DIV":2557.0,"data_set_value_component_DIV_variable_D_ode":0.0000391083,"data_set_value_component_DIV_variable_D_0":0.1,"data_set_value_component_HIV1_variable_N_2_t":30.0000140547,"data_set_value_component_HIV1_variable_k_1":0.000024,"data_set_value_component_HIV1_variable_mu_V":2.4,"data_set_value_component_HIV1_variable_V":0.000090353,"data_set_value_component_hybrid_HIV1_variable_N_t_":30.0000140547,"data_set_value_component_hybrid_HIV1_variable_pi_t_":0.7200003373,"data_set_value_component_hybrid_HIV1_variable_k_1_":0.00000024,"data_set_value_component_hybrid_HIV1_variable_V_":0.0,"data_set_value_component_production_function_variable_N_0":300.0,"data_set_value_component_production_function_variable_gamma":25.0,"data_set_value_component_production_function_variable_t_c":7305.0,"data_set_value_component_production_function_variable_N_t":300.0001405468,"data_set_value_component_cell_population_variable_T_tot":999.9963143947}]