[{"data_set_value_component_environment_variable_time":0.0,"data_set_value_component_environment_variable_rem_time":0.0,"data_set_value_component_environment_variable_Exposure":0.0,"data_set_value_component_environment_variable_Dose":5203.84,"data_set_value_component_environment_variable_Dose_Int1":0.0,"data_set_value_component_environment_variable_Dose_Int2":1.0,"data_set_value_component_environment_variable_Dose_Length":0.44359,"data_set_value_component_environment_variable_Cycle_Int":3.0,"data_set_value_component_environment_variable_N_Cycle":6.0,"data_set_value_component_environment_variable_conversion_factor":604800.0,"data_set_value_component_effect_compartment_variable_Effect":1.0,"data_set_value_component_effect_compartment_variable_Ce":0.0,"data_set_value_component_effect_compartment_variable_E_max":1.0,"data_set_value_component_effect_compartment_variable_Amt_50":10600.0,"data_set_value_component_effect_compartment_variable_k_1":0.09037121,"data_set_value_component_effect_compartment_variable_t_half_eq":7.67,"data_set_value_component_response_compartment_variable_Size":6.66,"data_set_value_component_response_compartment_variable_Size_0":6.66,"data_set_value_component_response_compartment_variable_RateIn":0.2117596432,"data_set_value_component_response_compartment_variable_T_Turnover":21.8,"data_set_value_component_response_compartment_variable_k_2":0.0317957422},{"data_set_value_component_environment_variable_time":0.1,"data_set_value_component_environment_variable_rem_time":0.1,"data_set_value_component_environment_variable_Exposure":5203.84,"data_set_value_component_environment_variable_Dose":5203.84,"data_set_value_component_environment_variable_Dose_Int1":0.0,"data_set_value_component_environment_variable_Dose_Int2":1.0,"data_set_value_component_environment_variable_Dose_Length":0.44359,"data_set_value_component_environment_variable_Cycle_Int":3.0,"data_set_value_component_environment_variable_N_Cycle":6.0,"data_set_value_component_environment_variable_conversion_factor":604800.0,"data_set_value_component_effect_compartment_variable_Effect":0.9534062151,"data_set_value_component_effect_compartment_variable_Ce":518.0311523162,"data_set_value_component_effect_compartment_variable_E_max":1.0,"data_set_value_component_effect_compartment_variable_Amt_50":10600.0,"data_set_value_component_effect_compartment_variable_k_1":0.09037121,"data_set_value_component_effect_compartment_variable_t_half_eq":7.67,"data_set_value_component_response_compartment_variable_Size":6.656681161,"data_set_value_component_response_compartment_variable_Size_0":6.66,"data_set_value_component_response_compartment_variable_RateIn":0.2117596432,"data_set_value_component_response_compartment_variable_T_Turnover":21.8,"data_set_value_component_response_compartment_variable_k_2":0.0317957422},{"data_set_value_component_environment_variable_time":0.2,"data_set_value_component_environment_variable_rem_time":0.2,"data_set_value_component_environment_variable_Exposure":5203.84,"data_set_value_component_environment_variable_Dose":5203.84,"data_set_value_component_environment_variable_Dose_Int1":0.0,"data_set_value_component_environment_variable_Dose_Int2":1.0,"data_set_value_component_environment_variable_Dose_Length":0.44359,"data_set_value_component_environment_variable_Cycle_Int":3.0,"data_set_value_component_environment_variable_N_Cycle":6.0,"data_set_value_component_environment_variable_conversion_factor":604800.0,"data_set_value_component_effect_compartment_variable_Effect":0.9113254224,"data_set_value_component_effect_compartment_variable_Ce":1031.410404865,"data_set_value_component_effect_compartment_variable_E_max":1.0,"data_set_value_component_effect_compartment_variable_Amt_50":10600.0,"data_set_value_component_effect_compartment_variable_k_1":0.09037121,"data_set_value_component_effect_compartment_variable_t_half_eq":7.67,"data_set_value_component_response_compartment_variable_Size":6.6472632147,"data_set_value_component_response_compartment_variable_Size_0":6.66,"data_set_value_component_response_compartment_variable_RateIn":0.2117596432,"data_set_value_component_response_compartment_variable_T_Turnover":21.8,"data_set_value_component_response_compartment_variable_k_2":0.0317957422},{"data_set_value_component_environment_variable_time":0.3,"data_set_value_component_environment_variable_rem_time":0.3,"data_set_value_component_environment_variable_Exposure":5203.84,"data_set_value_component_environment_variable_Dose":5203.84,"data_set_value_component_environment_variable_Dose_Int1":0.0,"data_set_value_component_environment_variable_Dose_Int2":1.0,"data_set_value_component_environment_variable_Dose_Length":0.44359,"data_set_value_component_environment_variable_Cycle_Int":3.0,"data_set_value_component_environment_variable_N_Cycle":6.0,"data_set_value_component_environment_variable_conversion_factor":604800.0,"data_set_value_component_effect_compartment_variable_Effect":0.8731343171,"data_set_value_component_effect_compartment_variable_Ce":1540.1710968514,"data_set_value_component_effect_compartment_variable_E_max":1.0,"data_set_value_component_effect_compartment_variable_Amt_50":10600.0,"data_set_value_component_effect_compartment_variable_k_1":0.09037121,"data_set_value_component_effect_compartment_variable_t_half_eq":7.67,"data_set_value_component_response_compartment_variable_Size":6.6324841882,"data_set_value_component_response_compartment_variable_Size_0":6.66,"data_set_value_component_response_compartment_variable_RateIn":0.2117596432,"data_set_value_component_response_compartment_variable_T_Turnover":21.8,"data_set_value_component_response_compartment_variable_k_2":0.0317957422},{"data_set_value_component_environment_variable_time":0.4,"data_set_value_component_environment_variable_rem_time":0.4,"data_set_value_component_environment_variable_Exposure":5203.84,"data_set_value_component_environment_variable_Dose":5203.84,"data_set_value_component_environment_variable_Dose_Int1":0.0,"data_set_value_component_environment_variable_Dose_Int2":1.0,"data_set_value_component_environment_variable_Dose_Length":0.44359,"data_set_value_component_environment_variable_Cycle_Int":3.0,"data_set_value_component_environment_variable_N_Cycle":6.0,"data_set_value_component_environment_variable_conversion_factor":604800.0,"data_set_value_component_effect_compartment_variable_Effect":0.8383187749,"data_set_value_component_effect_compartment_variable_Ce":2044.3547703802,"data_set_value_component_effect_compartment_variable_E_max":1.0,"data_set_value_component_effect_compartment_variable_Amt_50":10600.0,"data_set_value_component_effect_compartment_variable_k_1":0.09037121,"data_set_value_component_effect_compartment_variable_t_half_eq":7.67,"data_set_value_component_response_compartment_variable_Size":6.6129917037,"data_set_value_component_response_compartment_variable_Size_0":6.66,"data_set_value_component_response_compartment_variable_RateIn":0.2117596432,"data_set_value_component_response_compartment_variable_T_Turnover":21.8,"data_set_value_component_response_compartment_variable_k_2":0.0317957422},{"data_set_value_component_environment_variable_time":0.5,"data_set_value_component_environment_variable_rem_time":0.5,"data_set_value_component_environment_variable_Exposure":0.0,"data_set_value_component_environment_variable_Dose":5203.84,"data_set_value_component_environment_variable_Dose_Int1":0.0,"data_set_value_component_environment_variable_Dose_Int2":1.0,"data_set_value_component_environment_variable_Dose_Length":0.44359,"data_set_value_component_environment_variable_Cycle_Int":3.0,"data_set_value_component_environment_variable_N_Cycle":6.0,"data_set_value_component_environment_variable_conversion_factor":604800.0,"data_set_value_component_effect_compartment_variable_Effect":0.8248252307,"data_set_value_component_effect_compartment_variable_Ce":2251.2072678026,"data_set_value_component_effect_compartment_variable_E_max":1.0,"data_set_value_component_effect_compartment_variable_Amt_50":10600.0,"data_set_value_component_effect_compartment_variable_k_1":0.09037121,"data_set_value_component_effect_compartment_variable_t_half_eq":7.67,"data_set_value_component_response_compartment_variable_Size":6.5900862394,"data_set_value_component_response_compartment_variable_Size_0":6.66,"data_set_value_component_response_compartment_variable_RateIn":0.2117596432,"data_set_value_component_response_compartment_variable_T_Turnover":21.8,"data_set_value_component_response_compartment_variable_k_2":0.0317957422},{"data_set_value_component_environment_variable_time":0.6,"data_set_value_component_environment_variable_rem_time":0.6,"data_set_value_component_environment_variable_Exposure":0.0,"data_set_value_component_environment_variable_Dose":5203.84,"data_set_value_component_environment_variable_Dose_Int1":0.0,"data_set_value_component_environment_variable_Dose_Int2":1.0,"data_set_value_component_environment_variable_Dose_Length":0.44359,"data_set_value_component_environment_variable_Cycle_Int":3.0,"data_set_value_component_environment_variable_N_Cycle":6.0,"data_set_value_component_environment_variable_conversion_factor":604800.0,"data_set_value_component_effect_compartment_variable_Effect":0.8261271657,"data_set_value_component_effect_compartment_variable_Ce":2230.9544103142,"data_set_value_component_effect_compartment_variable_E_max":1.0,"data_set_value_component_effect_compartment_variable_Amt_50":10600.0,"data_set_value_component_effect_compartment_variable_k_1":0.09037121,"data_set_value_component_effect_compartment_variable_t_half_eq":7.67,"data_set_value_component_response_compartment_variable_Size":6.5674720885,"data_set_value_component_response_compartment_variable_Size_0":6.66,"data_set_value_component_response_compartment_variable_RateIn":0.2117596432,"data_set_value_component_response_compartment_variable_T_Turnover":21.8,"data_set_value_component_response_compartment_variable_k_2":0.0317957422},{"data_set_value_component_environment_variable_time":0.7,"data_set_value_component_environment_variable_rem_time":0.7,"data_set_value_component_environment_variable_Exposure":0.0,"data_set_value_component_environment_variable_Dose":5203.84,"data_set_value_component_environment_variable_Dose_Int1":0.0,"data_set_value_component_environment_variable_Dose_Int2":1.0,"data_set_value_component_environment_variable_Dose_Length":0.44359,"data_set_value_component_environment_variable_Cycle_Int":3.0,"data_set_value_component_environment_variable_N_Cycle":6.0,"data_set_value_component_environment_variable_conversion_factor":604800.0,"data_set_value_component_effect_compartment_variable_Effect":0.827421451,"data_set_value_component_effect_compartment_variable_Ce":2210.8837242993,"data_set_value_component_effect_compartment_variable_E_max":1.0,"data_set_value_component_effect_compartment_variable_Amt_50":10600.0,"data_set_value_component_effect_compartment_variable_k_1":0.09037121,"data_set_value_component_effect_compartment_variable_t_half_eq":7.67,"data_set_value_component_response_compartment_variable_Size":6.54557827,"data_set_value_component_response_compartment_variable_Size_0":6.66,"data_set_value_component_response_compartment_variable_RateIn":0.2117596432,"data_set_value_component_response_compartment_variable_T_Turnover":21.8,"data_set_value_component_response_compartment_variable_k_2":0.0317957422},{"data_set_value_component_environment_variable_time":0.8,"data_set_value_component_environment_variable_rem_time":0.8,"data_set_value_component_environment_variable_Exposure":0.0,"data_set_value_component_environment_variable_Dose":5203.84,"data_set_value_component_environment_variable_Dose_Int1":0.0,"data_set_value_component_environment_variable_Dose_Int2":1.0,"data_set_value_component_environment_variable_Dose_Length":0.44359,"data_set_value_component_environment_variable_Cycle_Int":3.0,"data_set_value_component_environment_variable_N_Cycle":6.0,"data_set_value_component_environment_variable_conversion_factor":604800.0,"data_set_value_component_effect_compartment_variable_Effect":0.8287080992,"data_set_value_component_effect_compartment_variable_Ce":2190.9936083295,"data_set_value_component_effect_compartment_variable_E_max":1.0,"data_set_value_component_effect_compartment_variable_Amt_50":10600.0,"data_set_value_component_effect_compartment_variable_k_1":0.09037121,"data_set_value_component_effect_compartment_variable_t_half_eq":7.67,"data_set_value_component_response_compartment_variable_Size":6.5243827348,"data_set_value_component_response_compartment_variable_Size_0":6.66,"data_set_value_component_response_compartment_variable_RateIn":0.2117596432,"data_set_value_component_response_compartment_variable_T_Turnover":21.8,"data_set_value_component_response_compartment_variable_k_2":0.0317957422},{"data_set_value_component_environment_variable_time":0.9,"data_set_value_component_environment_variable_rem_time":0.9,"data_set_value_component_environment_variable_Exposure":0.0,"data_set_value_component_environment_variable_Dose":5203.84,"data_set_value_component_environment_variable_Dose_Int1":0.0,"data_set_value_component_environment_variable_Dose_Int2":1.0,"data_set_value_component_environment_variable_Dose_Length":0.44359,"data_set_value_component_environment_variable_Cycle_Int":3.0,"data_set_value_component_environment_variable_N_Cycle":6.0,"data_set_value_component_environment_variable_conversion_factor":604800.0,"data_set_value_component_effect_compartment_variable_Effect":0.8299871209,"data_set_value_component_effect_compartment_variable_Ce":2171.2825093436,"data_set_value_component_effect_compartment_variable_E_max":1.0,"data_set_value_component_effect_compartment_variable_Amt_50":10600.0,"data_set_value_component_effect_compartment_variable_k_1":0.09037121,"data_set_value_component_effect_compartment_variable_t_half_eq":7.67,"data_set_value_component_response_compartment_variable_Size":6.5038648271,"data_set_value_component_response_compartment_variable_Size_0":6.66,"data_set_value_component_response_compartment_variable_RateIn":0.2117596432,"data_set_value_component_response_compartment_variable_T_Turnover":21.8,"data_set_value_component_response_compartment_variable_k_2":0.0317957422},{"data_set_value_component_environment_variable_time":1.0,"data_set_value_component_environment_variable_rem_time":1.0,"data_set_value_component_environment_variable_Exposure":0.0,"data_set_value_component_environment_variable_Dose":5203.84,"data_set_value_component_environment_variable_Dose_Int1":0.0,"data_set_value_component_environment_variable_Dose_Int2":1.0,"data_set_value_component_environment_variable_Dose_Length":0.44359,"data_set_value_component_environment_variable_Cycle_Int":3.0,"data_set_value_component_environment_variable_N_Cycle":6.0,"data_set_value_component_environment_variable_conversion_factor":604800.0,"data_set_value_component_effect_compartment_variable_Effect":0.8312585352,"data_set_value_component_effect_compartment_variable_Ce":2151.7487652067,"data_set_value_component_effect_compartment_variable_E_max":1.0,"data_set_value_component_effect_compartment_variable_Amt_50":10600.0,"data_set_value_component_effect_compartment_variable_k_1":0.09037121,"data_set_value_component_effect_compartment_variable_t_half_eq":7.67,"data_set_value_component_response_compartment_variable_Size":6.4840030547,"data_set_value_component_response_compartment_variable_Size_0":6.66,"data_set_value_component_response_compartment_variable_RateIn":0.2117596432,"data_set_value_component_response_compartment_variable_T_Turnover":21.8,"data_set_value_component_response_compartment_variable_k_2":0.0317957422}]