[{"data_set_value_component_environment_variable_time":0.0,"data_set_value_component_parameters_variable_k0_12":80000.0,"data_set_value_component_parameters_variable_k0_21":500.0,"data_set_value_component_parameters_variable_k0_23":100000.0,"data_set_value_component_parameters_variable_k0_32":20.0,"data_set_value_component_parameters_variable_k0_34":50.0,"data_set_value_component_parameters_variable_k0_43":50.0,"data_set_value_component_parameters_variable_k0_45":800.0,"data_set_value_component_parameters_variable_k0_54":12190.0,"data_set_value_component_parameters_variable_k0_25":0.3,"data_set_value_component_parameters_variable_k0_52":0.00091,"data_set_value_component_parameters_variable_k0_56":10.0,"data_set_value_component_parameters_variable_k0_65_f":50.0,"data_set_value_component_parameters_variable_k0_61_f":5.0,"data_set_value_component_parameters_variable_k0_16_f":35.0,"data_set_value_component_parameters_variable_k0_65_r":4500.0,"data_set_value_component_parameters_variable_k0_61_r":3.0,"data_set_value_component_parameters_variable_k0_16_r":350.0,"data_set_value_component_parameters_variable_k0_65":4500.0,"data_set_value_component_parameters_variable_k0_61":3.0,"data_set_value_component_parameters_variable_k0_16":350.0,"data_set_value_component_parameters_variable_delta":0.7,"data_set_value_component_parameters_variable_alpha_p":0.3,"data_set_value_component_parameters_variable_alpha_pp":0.0,"data_set_value_component_parameters_variable_N_C":3000000.0,"data_set_value_component_parameters_variable_N_Avo":6.022e+23,"data_set_value_component_parameters_variable_area":1000000.0,"data_set_value_component_parameters_variable_C_T":0.0,"data_set_value_component_parameters_variable_n":2.0,"data_set_value_component_parameters_variable_z_c":-2.0,"data_set_value_component_parameters_variable_z_Na":1.0,"data_set_value_component_parameters_variable_F":96485.34,"data_set_value_component_parameters_variable_R":8.314,"data_set_value_component_parameters_variable_T":310.0,"data_set_value_component_parameters_variable_mu":-5.615402314,"data_set_value_component_ion_concentrations_variable_V":-0.15,"data_set_value_component_ion_concentrations_variable_Na_i":0.5,"data_set_value_component_ion_concentrations_variable_Na_o":0.01,"data_set_value_component_ion_concentrations_variable_glucose_i":0.1,"data_set_value_component_ion_concentrations_variable_glucose_o":0.0,"data_set_value_component_rate_constants_variable_k_12":43.1232474586,"data_set_value_component_rate_constants_variable_k_21":92.7573927229,"data_set_value_component_rate_constants_variable_k_23":0.0,"data_set_value_component_rate_constants_variable_k_32":20.0,"data_set_value_component_rate_constants_variable_k_34":50.0,"data_set_value_component_rate_constants_variable_k_43":50.0,"data_set_value_component_rate_constants_variable_k_45":800.0,"data_set_value_component_rate_constants_variable_k_54":1219.0476190476,"data_set_value_component_rate_constants_variable_k_25":0.3,"data_set_value_component_rate_constants_variable_k_52":0.0009142857,"data_set_value_component_rate_constants_variable_k_56":10.0,"data_set_value_component_rate_constants_variable_k_65":1125.0,"data_set_value_component_rate_constants_variable_k_61":152.8403493772,"data_set_value_component_rate_constants_variable_k_16":6.8699136339,"data_set_value_component_rate_constants_variable_ks_12":431232.4745857178,"data_set_value_component_rate_constants_variable_k0_54_temp":12190.4761904762,"data_set_value_component_rate_constants_variable_k_52_temp":0.00091,"data_set_value_component_kinetic_equations_variable_C_1":0.0,"data_set_value_component_kinetic_equations_variable_C_2":0.0,"data_set_value_component_kinetic_equations_variable_C_3":0.0,"data_set_value_component_kinetic_equations_variable_C_4":0.0,"data_set_value_component_kinetic_equations_variable_C_5":0.0,"data_set_value_component_kinetic_equations_variable_C_6":0.0,"data_set_value_component_kinetic_equations_variable_C_6_temp":0.0,"data_set_value_component_king_altman_states_variable_C1_sum":152605908815.7268371582,"data_set_value_component_king_altman_states_variable_C2_sum":80356887145.3622589111,"data_set_value_component_king_altman_states_variable_C3_sum":44845084651.2326812744,"data_set_value_component_king_altman_states_variable_C4_sum":62783118511.7257537842,"data_set_value_component_king_altman_states_variable_C5_sum":41937161193.3793182373,"data_set_value_component_king_altman_states_variable_C6_sum":1148626294.5441908836,"data_set_value_component_king_altman_states_variable_C_sum":383676786611.9711303711,"data_set_value_component_king_altman_states_variable_C1":0.0,"data_set_value_component_king_altman_states_variable_C2":0.0,"data_set_value_component_king_altman_states_variable_C3":0.0,"data_set_value_component_king_altman_states_variable_C4":0.0,"data_set_value_component_king_altman_states_variable_C5":0.0,"data_set_value_component_king_altman_states_variable_C6":0.0,"data_set_value_component_NBC_current_variable_I_NaGl_pSS":-0.0001028509,"data_set_value_component_NBC_current_variable_I_NaGl_SS":0.0000021869,"data_set_value_component_phenomonological_constants_variable_epsilon":-0.2929869622,"data_set_value_component_phenomonological_constants_variable_lambda":8.99831468e+18,"data_set_value_component_phenomonological_constants_variable_chi":0.0000825742,"data_set_value_component_phenomonological_constants_variable_alpha":0.0000000344,"data_set_value_component_phenomonological_constants_variable_beta":0.000014616,"data_set_value_component_phenomonological_constants_variable_gamma":0.0000000971,"data_set_value_component_phenomonological_constants_variable_phi":-0.0000012525,"data_set_value_component_phenomonological_constants_variable_Imax_Na":-0.0000000146,"data_set_value_component_phenomonological_constants_variable_Imax_gluc":-0.0000002457,"data_set_value_component_phenomonological_constants_variable_Khalf_Na_sq":0.0004163688,"data_set_value_component_phenomonological_constants_variable_Khalf_Na":0.0204051174,"data_set_value_component_phenomonological_constants_variable_Khalf_gluc":0.0003720138},{"data_set_value_component_environment_variable_time":0.1,"data_set_value_component_parameters_variable_k0_12":80000.0,"data_set_value_component_parameters_variable_k0_21":500.0,"data_set_value_component_parameters_variable_k0_23":100000.0,"data_set_value_component_parameters_variable_k0_32":20.0,"data_set_value_component_parameters_variable_k0_34":50.0,"data_set_value_component_parameters_variable_k0_43":50.0,"data_set_value_component_parameters_variable_k0_45":800.0,"data_set_value_component_parameters_variable_k0_54":12190.0,"data_set_value_component_parameters_variable_k0_25":0.3,"data_set_value_component_parameters_variable_k0_52":0.00091,"data_set_value_component_parameters_variable_k0_56":10.0,"data_set_value_component_parameters_variable_k0_65_f":50.0,"data_set_value_component_parameters_variable_k0_61_f":5.0,"data_set_value_component_parameters_variable_k0_16_f":35.0,"data_set_value_component_parameters_variable_k0_65_r":4500.0,"data_set_value_component_parameters_variable_k0_61_r":3.0,"data_set_value_component_parameters_variable_k0_16_r":350.0,"data_set_value_component_parameters_variable_k0_65":4500.0,"data_set_value_component_parameters_variable_k0_61":3.0,"data_set_value_component_parameters_variable_k0_16":350.0,"data_set_value_component_parameters_variable_delta":0.7,"data_set_value_component_parameters_variable_alpha_p":0.3,"data_set_value_component_parameters_variable_alpha_pp":0.0,"data_set_value_component_parameters_variable_N_C":3000000.0,"data_set_value_component_parameters_variable_N_Avo":6.022e+23,"data_set_value_component_parameters_variable_area":1000000.0,"data_set_value_component_parameters_variable_C_T":0.0,"data_set_value_component_parameters_variable_n":2.0,"data_set_value_component_parameters_variable_z_c":-2.0,"data_set_value_component_parameters_variable_z_Na":1.0,"data_set_value_component_parameters_variable_F":96485.34,"data_set_value_component_parameters_variable_R":8.314,"data_set_value_component_parameters_variable_T":310.0,"data_set_value_component_parameters_variable_mu":-4.8666820055,"data_set_value_component_ion_concentrations_variable_V":-0.13,"data_set_value_component_ion_concentrations_variable_Na_i":0.5,"data_set_value_component_ion_concentrations_variable_Na_o":0.01,"data_set_value_component_ion_concentrations_variable_glucose_i":0.1,"data_set_value_component_ion_concentrations_variable_glucose_o":0.0,"data_set_value_component_rate_constants_variable_k_12":34.4478347431,"data_set_value_component_rate_constants_variable_k_21":116.1176030318,"data_set_value_component_rate_constants_variable_k_23":0.0,"data_set_value_component_rate_constants_variable_k_32":20.0,"data_set_value_component_rate_constants_variable_k_34":50.0,"data_set_value_component_rate_constants_variable_k_43":50.0,"data_set_value_component_rate_constants_variable_k_45":800.0,"data_set_value_component_rate_constants_variable_k_54":1219.0476190476,"data_set_value_component_rate_constants_variable_k_25":0.3,"data_set_value_component_rate_constants_variable_k_52":0.0009142857,"data_set_value_component_rate_constants_variable_k_56":10.0,"data_set_value_component_rate_constants_variable_k_65":1125.0,"data_set_value_component_rate_constants_variable_k_61":90.4945558464,"data_set_value_component_rate_constants_variable_k_16":11.6029079338,"data_set_value_component_rate_constants_variable_ks_12":344478.3474305365,"data_set_value_component_rate_constants_variable_k0_54_temp":12190.4761904762,"data_set_value_component_rate_constants_variable_k_52_temp":0.00091,"data_set_value_component_kinetic_equations_variable_C_1":-0.0000000002,"data_set_value_component_kinetic_equations_variable_C_2":-0.0000000002,"data_set_value_component_kinetic_equations_variable_C_3":0.0000000001,"data_set_value_component_kinetic_equations_variable_C_4":0.0000000001,"data_set_value_component_kinetic_equations_variable_C_5":0.0000000001,"data_set_value_component_kinetic_equations_variable_C_6":0.0,"data_set_value_component_kinetic_equations_variable_C_6_temp":0.0,"data_set_value_component_king_altman_states_variable_C1_sum":178069160342.9717407227,"data_set_value_component_king_altman_states_variable_C2_sum":68735238987.0624847412,"data_set_value_component_king_altman_states_variable_C3_sum":93390745463.8723449707,"data_set_value_component_king_altman_states_variable_C4_sum":130747043649.4212646484,"data_set_value_component_king_altman_states_variable_C5_sum":87334939312.6993865967,"data_set_value_component_king_altman_states_variable_C6_sum":2418332070.9295053482,"data_set_value_component_king_altman_states_variable_C_sum":560695459826.9567871094,"data_set_value_component_king_altman_states_variable_C1":0.0,"data_set_value_component_king_altman_states_variable_C2":0.0,"data_set_value_component_king_altman_states_variable_C3":0.0,"data_set_value_component_king_altman_states_variable_C4":0.0,"data_set_value_component_king_altman_states_variable_C5":0.0,"data_set_value_component_king_altman_states_variable_C6":0.0,"data_set_value_component_NBC_current_variable_I_NaGl_pSS":-0.0011782517,"data_set_value_component_NBC_current_variable_I_NaGl_SS":0.0000031672,"data_set_value_component_phenomonological_constants_variable_epsilon":-0.1828082292,"data_set_value_component_phenomonological_constants_variable_lambda":6.821009138e+18,"data_set_value_component_phenomonological_constants_variable_chi":0.0000811924,"data_set_value_component_phenomonological_constants_variable_alpha":0.0000000741,"data_set_value_component_phenomonological_constants_variable_beta":0.0000315824,"data_set_value_component_phenomonological_constants_variable_gamma":0.0000002709,"data_set_value_component_phenomonological_constants_variable_phi":-0.0000007815,"data_set_value_component_phenomonological_constants_variable_Imax_Na":-0.0000000093,"data_set_value_component_phenomonological_constants_variable_Imax_gluc":-0.0000001336,"data_set_value_component_phenomonological_constants_variable_Khalf_Na_sq":0.000912425,"data_set_value_component_phenomonological_constants_variable_Khalf_Na":0.0302063734,"data_set_value_component_phenomonological_constants_variable_Khalf_gluc":0.0006247132},{"data_set_value_component_environment_variable_time":0.2,"data_set_value_component_parameters_variable_k0_12":80000.0,"data_set_value_component_parameters_variable_k0_21":500.0,"data_set_value_component_parameters_variable_k0_23":100000.0,"data_set_value_component_parameters_variable_k0_32":20.0,"data_set_value_component_parameters_variable_k0_34":50.0,"data_set_value_component_parameters_variable_k0_43":50.0,"data_set_value_component_parameters_variable_k0_45":800.0,"data_set_value_component_parameters_variable_k0_54":12190.0,"data_set_value_component_parameters_variable_k0_25":0.3,"data_set_value_component_parameters_variable_k0_52":0.00091,"data_set_value_component_parameters_variable_k0_56":10.0,"data_set_value_component_parameters_variable_k0_65_f":50.0,"data_set_value_component_parameters_variable_k0_61_f":5.0,"data_set_value_component_parameters_variable_k0_16_f":35.0,"data_set_value_component_parameters_variable_k0_65_r":4500.0,"data_set_value_component_parameters_variable_k0_61_r":3.0,"data_set_value_component_parameters_variable_k0_16_r":350.0,"data_set_value_component_parameters_variable_k0_65":4500.0,"data_set_value_component_parameters_variable_k0_61":3.0,"data_set_value_component_parameters_variable_k0_16":350.0,"data_set_value_component_parameters_variable_delta":0.7,"data_set_value_component_parameters_variable_alpha_p":0.3,"data_set_value_component_parameters_variable_alpha_pp":0.0,"data_set_value_component_parameters_variable_N_C":3000000.0,"data_set_value_component_parameters_variable_N_Avo":6.022e+23,"data_set_value_component_parameters_variable_area":1000000.0,"data_set_value_component_parameters_variable_C_T":0.0,"data_set_value_component_parameters_variable_n":2.0,"data_set_value_component_parameters_variable_z_c":-2.0,"data_set_value_component_parameters_variable_z_Na":1.0,"data_set_value_component_parameters_variable_F":96485.34,"data_set_value_component_parameters_variable_R":8.314,"data_set_value_component_parameters_variable_T":310.0,"data_set_value_component_parameters_variable_mu":-4.1179616969,"data_set_value_component_ion_concentrations_variable_V":-0.11,"data_set_value_component_ion_concentrations_variable_Na_i":0.5,"data_set_value_component_ion_concentrations_variable_Na_o":0.01,"data_set_value_component_ion_concentrations_variable_glucose_i":0.1,"data_set_value_component_ion_concentrations_variable_glucose_o":0.0,"data_set_value_component_rate_constants_variable_k_12":27.5177169721,"data_set_value_component_rate_constants_variable_k_21":145.3608961837,"data_set_value_component_rate_constants_variable_k_23":0.0,"data_set_value_component_rate_constants_variable_k_32":20.0,"data_set_value_component_rate_constants_variable_k_34":50.0,"data_set_value_component_rate_constants_variable_k_43":50.0,"data_set_value_component_rate_constants_variable_k_45":800.0,"data_set_value_component_rate_constants_variable_k_54":1219.0476190476,"data_set_value_component_rate_constants_variable_k_25":0.3,"data_set_value_component_rate_constants_variable_k_52":0.0009142857,"data_set_value_component_rate_constants_variable_k_56":10.0,"data_set_value_component_rate_constants_variable_k_65":1125.0,"data_set_value_component_rate_constants_variable_k_61":53.5805150355,"data_set_value_component_rate_constants_variable_k_16":19.5966761294,"data_set_value_component_rate_constants_variable_ks_12":275177.1697214466,"data_set_value_component_rate_constants_variable_k0_54_temp":12190.4761904762,"data_set_value_component_rate_constants_variable_k_52_temp":0.00091,"data_set_value_component_kinetic_equations_variable_C_1":-0.0000000005,"data_set_value_component_kinetic_equations_variable_C_2":-0.0000000005,"data_set_value_component_kinetic_equations_variable_C_3":0.0000000003,"data_set_value_component_kinetic_equations_variable_C_4":0.0000000004,"data_set_value_component_kinetic_equations_variable_C_5":0.0000000003,"data_set_value_component_kinetic_equations_variable_C_6":0.0,"data_set_value_component_kinetic_equations_variable_C_6_temp":0.0,"data_set_value_component_king_altman_states_variable_C1_sum":213304194940.6209106445,"data_set_value_component_king_altman_states_variable_C2_sum":67254659781.1891403198,"data_set_value_component_king_altman_states_variable_C3_sum":196328084519.8765258789,"data_set_value_component_king_altman_states_variable_C4_sum":274859318327.8271179199,"data_set_value_component_king_altman_states_variable_C5_sum":183597435289.290802002,"data_set_value_component_king_altman_states_variable_C6_sum":5104468894.1051969528,"data_set_value_component_king_altman_states_variable_C_sum":940448161752.9095458984,"data_set_value_component_king_altman_states_variable_C1":0.0,"data_set_value_component_king_altman_states_variable_C2":0.0,"data_set_value_component_king_altman_states_variable_C3":0.0,"data_set_value_component_king_altman_states_variable_C4":0.0,"data_set_value_component_king_altman_states_variable_C5":0.0,"data_set_value_component_king_altman_states_variable_C6":0.0,"data_set_value_component_NBC_current_variable_I_NaGl_pSS":-0.004865148,"data_set_value_component_NBC_current_variable_I_NaGl_SS":0.0000039933,"data_set_value_component_phenomonological_constants_variable_epsilon":-0.1118001831,"data_set_value_component_phenomonological_constants_variable_lambda":5.275173644e+18,"data_set_value_component_phenomonological_constants_variable_chi":0.0000803019,"data_set_value_component_phenomonological_constants_variable_alpha":0.0000001702,"data_set_value_component_phenomonological_constants_variable_beta":0.0000682192,"data_set_value_component_phenomonological_constants_variable_gamma":0.0000007406,"data_set_value_component_phenomonological_constants_variable_phi":-0.0000004779,"data_set_value_component_phenomonological_constants_variable_Imax_Na":-0.0000000057,"data_set_value_component_phenomonological_constants_variable_Imax_gluc":-0.0000000639,"data_set_value_component_phenomonological_constants_variable_Khalf_Na_sq":0.0021200983,"data_set_value_component_phenomonological_constants_variable_Khalf_Na":0.0460445252,"data_set_value_component_phenomonological_constants_variable_Khalf_gluc":0.0010597964},{"data_set_value_component_environment_variable_time":0.3,"data_set_value_component_parameters_variable_k0_12":80000.0,"data_set_value_component_parameters_variable_k0_21":500.0,"data_set_value_component_parameters_variable_k0_23":100000.0,"data_set_value_component_parameters_variable_k0_32":20.0,"data_set_value_component_parameters_variable_k0_34":50.0,"data_set_value_component_parameters_variable_k0_43":50.0,"data_set_value_component_parameters_variable_k0_45":800.0,"data_set_value_component_parameters_variable_k0_54":12190.0,"data_set_value_component_parameters_variable_k0_25":0.3,"data_set_value_component_parameters_variable_k0_52":0.00091,"data_set_value_component_parameters_variable_k0_56":10.0,"data_set_value_component_parameters_variable_k0_65_f":50.0,"data_set_value_component_parameters_variable_k0_61_f":5.0,"data_set_value_component_parameters_variable_k0_16_f":35.0,"data_set_value_component_parameters_variable_k0_65_r":4500.0,"data_set_value_component_parameters_variable_k0_61_r":3.0,"data_set_value_component_parameters_variable_k0_16_r":350.0,"data_set_value_component_parameters_variable_k0_65":4500.0,"data_set_value_component_parameters_variable_k0_61":3.0,"data_set_value_component_parameters_variable_k0_16":350.0,"data_set_value_component_parameters_variable_delta":0.7,"data_set_value_component_parameters_variable_alpha_p":0.3,"data_set_value_component_parameters_variable_alpha_pp":0.0,"data_set_value_component_parameters_variable_N_C":3000000.0,"data_set_value_component_parameters_variable_N_Avo":6.022e+23,"data_set_value_component_parameters_variable_area":1000000.0,"data_set_value_component_parameters_variable_C_T":0.0,"data_set_value_component_parameters_variable_n":2.0,"data_set_value_component_parameters_variable_z_c":-2.0,"data_set_value_component_parameters_variable_z_Na":1.0,"data_set_value_component_parameters_variable_F":96485.34,"data_set_value_component_parameters_variable_R":8.314,"data_set_value_component_parameters_variable_T":310.0,"data_set_value_component_parameters_variable_mu":-3.3692413884,"data_set_value_component_ion_concentrations_variable_V":-0.09,"data_set_value_component_ion_concentrations_variable_Na_i":0.5,"data_set_value_component_ion_concentrations_variable_Na_o":0.01,"data_set_value_component_ion_concentrations_variable_glucose_i":0.1,"data_set_value_component_ion_concentrations_variable_glucose_o":0.0,"data_set_value_component_rate_constants_variable_k_12":21.9817806549,"data_set_value_component_rate_constants_variable_k_21":181.9688797187,"data_set_value_component_rate_constants_variable_k_23":0.0,"data_set_value_component_rate_constants_variable_k_32":20.0,"data_set_value_component_rate_constants_variable_k_34":50.0,"data_set_value_component_rate_constants_variable_k_43":50.0,"data_set_value_component_rate_constants_variable_k_45":800.0,"data_set_value_component_rate_constants_variable_k_54":1219.0476190476,"data_set_value_component_rate_constants_variable_k_25":0.3,"data_set_value_component_rate_constants_variable_k_52":0.0009142857,"data_set_value_component_rate_constants_variable_k_56":10.0,"data_set_value_component_rate_constants_variable_k_65":1125.0,"data_set_value_component_rate_constants_variable_k_61":31.7242464435,"data_set_value_component_rate_constants_variable_k_16":33.0977128761,"data_set_value_component_rate_constants_variable_ks_12":219817.806549293,"data_set_value_component_rate_constants_variable_k0_54_temp":12190.4761904762,"data_set_value_component_rate_constants_variable_k_52_temp":0.00091,"data_set_value_component_kinetic_equations_variable_C_1":-0.0000000009,"data_set_value_component_kinetic_equations_variable_C_2":-0.0000000008,"data_set_value_component_kinetic_equations_variable_C_3":0.0000000005,"data_set_value_component_kinetic_equations_variable_C_4":0.0000000007,"data_set_value_component_kinetic_equations_variable_C_5":0.0000000005,"data_set_value_component_kinetic_equations_variable_C_6":0.0,"data_set_value_component_kinetic_equations_variable_C_6_temp":0.0,"data_set_value_component_king_altman_states_variable_C1_sum":259901574893.8538818359,"data_set_value_component_king_altman_states_variable_C2_sum":76788458768.3907928467,"data_set_value_component_king_altman_states_variable_C3_sum":414134642936.7108764648,"data_set_value_component_king_altman_states_variable_C4_sum":579788500111.3952636719,"data_set_value_component_king_altman_states_variable_C5_sum":387280599683.7836303711,"data_set_value_component_king_altman_states_variable_C6_sum":10784725691.6099967957,"data_set_value_component_king_altman_states_variable_C_sum":1728678502085.7443847656,"data_set_value_component_king_altman_states_variable_C1":0.0,"data_set_value_component_king_altman_states_variable_C2":0.0,"data_set_value_component_king_altman_states_variable_C3":0.0,"data_set_value_component_king_altman_states_variable_C4":0.0,"data_set_value_component_king_altman_states_variable_C5":0.0,"data_set_value_component_king_altman_states_variable_C6":0.0,"data_set_value_component_NBC_current_variable_I_NaGl_pSS":-0.0116738953,"data_set_value_component_NBC_current_variable_I_NaGl_SS":0.0000045934,"data_set_value_component_phenomonological_constants_variable_epsilon":-0.0675107376,"data_set_value_component_phenomonological_constants_variable_lambda":4.131819332e+18,"data_set_value_component_phenomonological_constants_variable_chi":0.0000797465,"data_set_value_component_phenomonological_constants_variable_alpha":0.0000004104,"data_set_value_component_phenomonological_constants_variable_beta":0.0001465328,"data_set_value_component_phenomonological_constants_variable_gamma":0.0000019992,"data_set_value_component_phenomonological_constants_variable_phi":-0.0000002886,"data_set_value_component_phenomonological_constants_variable_Imax_Na":-0.0000000035,"data_set_value_component_phenomonological_constants_variable_Imax_gluc":-0.0000000263,"data_set_value_component_phenomonological_constants_variable_Khalf_Na_sq":0.0051464001,"data_set_value_component_phenomonological_constants_variable_Khalf_Na":0.0717384142,"data_set_value_component_phenomonological_constants_variable_Khalf_gluc":0.0016970638},{"data_set_value_component_environment_variable_time":0.4,"data_set_value_component_parameters_variable_k0_12":80000.0,"data_set_value_component_parameters_variable_k0_21":500.0,"data_set_value_component_parameters_variable_k0_23":100000.0,"data_set_value_component_parameters_variable_k0_32":20.0,"data_set_value_component_parameters_variable_k0_34":50.0,"data_set_value_component_parameters_variable_k0_43":50.0,"data_set_value_component_parameters_variable_k0_45":800.0,"data_set_value_component_parameters_variable_k0_54":12190.0,"data_set_value_component_parameters_variable_k0_25":0.3,"data_set_value_component_parameters_variable_k0_52":0.00091,"data_set_value_component_parameters_variable_k0_56":10.0,"data_set_value_component_parameters_variable_k0_65_f":50.0,"data_set_value_component_parameters_variable_k0_61_f":5.0,"data_set_value_component_parameters_variable_k0_16_f":35.0,"data_set_value_component_parameters_variable_k0_65_r":4500.0,"data_set_value_component_parameters_variable_k0_61_r":3.0,"data_set_value_component_parameters_variable_k0_16_r":350.0,"data_set_value_component_parameters_variable_k0_65":4500.0,"data_set_value_component_parameters_variable_k0_61":3.0,"data_set_value_component_parameters_variable_k0_16":350.0,"data_set_value_component_parameters_variable_delta":0.7,"data_set_value_component_parameters_variable_alpha_p":0.3,"data_set_value_component_parameters_variable_alpha_pp":0.0,"data_set_value_component_parameters_variable_N_C":3000000.0,"data_set_value_component_parameters_variable_N_Avo":6.022e+23,"data_set_value_component_parameters_variable_area":1000000.0,"data_set_value_component_parameters_variable_C_T":0.0,"data_set_value_component_parameters_variable_n":2.0,"data_set_value_component_parameters_variable_z_c":-2.0,"data_set_value_component_parameters_variable_z_Na":1.0,"data_set_value_component_parameters_variable_F":96485.34,"data_set_value_component_parameters_variable_R":8.314,"data_set_value_component_parameters_variable_T":310.0,"data_set_value_component_parameters_variable_mu":-2.6205210799,"data_set_value_component_ion_concentrations_variable_V":-0.07,"data_set_value_component_ion_concentrations_variable_Na_i":0.5,"data_set_value_component_ion_concentrations_variable_Na_o":0.01,"data_set_value_component_ion_concentrations_variable_glucose_i":0.1,"data_set_value_component_ion_concentrations_variable_glucose_o":0.0,"data_set_value_component_rate_constants_variable_k_12":17.5595483176,"data_set_value_component_rate_constants_variable_k_21":227.7962922314,"data_set_value_component_rate_constants_variable_k_23":0.0,"data_set_value_component_rate_constants_variable_k_32":20.0,"data_set_value_component_rate_constants_variable_k_34":50.0,"data_set_value_component_rate_constants_variable_k_43":50.0,"data_set_value_component_rate_constants_variable_k_45":800.0,"data_set_value_component_rate_constants_variable_k_54":1219.0476190476,"data_set_value_component_rate_constants_variable_k_25":0.3,"data_set_value_component_rate_constants_variable_k_52":0.0009142857,"data_set_value_component_rate_constants_variable_k_56":10.0,"data_set_value_component_rate_constants_variable_k_65":1125.0,"data_set_value_component_rate_constants_variable_k_61":18.7834665595,"data_set_value_component_rate_constants_variable_k_16":55.9002246296,"data_set_value_component_rate_constants_variable_ks_12":175595.4831756396,"data_set_value_component_rate_constants_variable_k0_54_temp":12190.4761904762,"data_set_value_component_rate_constants_variable_k_52_temp":0.00091,"data_set_value_component_kinetic_equations_variable_C_1":-0.0000000012,"data_set_value_component_kinetic_equations_variable_C_2":-0.0000000011,"data_set_value_component_kinetic_equations_variable_C_3":0.0000000006,"data_set_value_component_kinetic_equations_variable_C_4":0.0000000009,"data_set_value_component_kinetic_equations_variable_C_5":0.0000000006,"data_set_value_component_kinetic_equations_variable_C_6":0.0,"data_set_value_component_kinetic_equations_variable_C_6_temp":0.0,"data_set_value_component_king_altman_states_variable_C1_sum":320078118138.1640625,"data_set_value_component_king_altman_states_variable_C2_sum":101339235625.4097137451,"data_set_value_component_king_altman_states_variable_C3_sum":874696442871.2073974609,"data_set_value_component_king_altman_states_variable_C4_sum":1224575020019.6904296875,"data_set_value_component_king_altman_states_variable_C5_sum":817977845403.7775878906,"data_set_value_component_king_altman_states_variable_C6_sum":22794714138.8737373352,"data_set_value_component_king_altman_states_variable_C_sum":3361461376197.123046875,"data_set_value_component_king_altman_states_variable_C1":0.0,"data_set_value_component_king_altman_states_variable_C2":0.0,"data_set_value_component_king_altman_states_variable_C3":0.0,"data_set_value_component_king_altman_states_variable_C4":0.0,"data_set_value_component_king_altman_states_variable_C5":0.0,"data_set_value_component_king_altman_states_variable_C6":0.0,"data_set_value_component_NBC_current_variable_I_NaGl_pSS":-0.0218113879,"data_set_value_component_NBC_current_variable_I_NaGl_SS":0.0000049945,"data_set_value_component_phenomonological_constants_variable_epsilon":-0.0404480514,"data_set_value_component_phenomonological_constants_variable_lambda":3.261756026e+18,"data_set_value_component_phenomonological_constants_variable_chi":0.0000794071,"data_set_value_component_phenomonological_constants_variable_alpha":0.0000010226,"data_set_value_component_phenomonological_constants_variable_beta":0.0003130753,"data_set_value_component_phenomonological_constants_variable_gamma":0.0000053543,"data_set_value_component_phenomonological_constants_variable_phi":-0.0000001729,"data_set_value_component_phenomonological_constants_variable_Imax_Na":-0.0000000021,"data_set_value_component_phenomonological_constants_variable_Imax_gluc":-0.0000000094,"data_set_value_component_phenomonological_constants_variable_Khalf_Na_sq":0.0128782884,"data_set_value_component_phenomonological_constants_variable_Khalf_Na":0.1134825468,"data_set_value_component_phenomonological_constants_variable_Khalf_gluc":0.0024948673},{"data_set_value_component_environment_variable_time":0.5,"data_set_value_component_parameters_variable_k0_12":80000.0,"data_set_value_component_parameters_variable_k0_21":500.0,"data_set_value_component_parameters_variable_k0_23":100000.0,"data_set_value_component_parameters_variable_k0_32":20.0,"data_set_value_component_parameters_variable_k0_34":50.0,"data_set_value_component_parameters_variable_k0_43":50.0,"data_set_value_component_parameters_variable_k0_45":800.0,"data_set_value_component_parameters_variable_k0_54":12190.0,"data_set_value_component_parameters_variable_k0_25":0.3,"data_set_value_component_parameters_variable_k0_52":0.00091,"data_set_value_component_parameters_variable_k0_56":10.0,"data_set_value_component_parameters_variable_k0_65_f":50.0,"data_set_value_component_parameters_variable_k0_61_f":5.0,"data_set_value_component_parameters_variable_k0_16_f":35.0,"data_set_value_component_parameters_variable_k0_65_r":4500.0,"data_set_value_component_parameters_variable_k0_61_r":3.0,"data_set_value_component_parameters_variable_k0_16_r":350.0,"data_set_value_component_parameters_variable_k0_65":4500.0,"data_set_value_component_parameters_variable_k0_61":3.0,"data_set_value_component_parameters_variable_k0_16":350.0,"data_set_value_component_parameters_variable_delta":0.7,"data_set_value_component_parameters_variable_alpha_p":0.3,"data_set_value_component_parameters_variable_alpha_pp":0.0,"data_set_value_component_parameters_variable_N_C":3000000.0,"data_set_value_component_parameters_variable_N_Avo":6.022e+23,"data_set_value_component_parameters_variable_area":1000000.0,"data_set_value_component_parameters_variable_C_T":0.0,"data_set_value_component_parameters_variable_n":2.0,"data_set_value_component_parameters_variable_z_c":-2.0,"data_set_value_component_parameters_variable_z_Na":1.0,"data_set_value_component_parameters_variable_F":96485.34,"data_set_value_component_parameters_variable_R":8.314,"data_set_value_component_parameters_variable_T":310.0,"data_set_value_component_parameters_variable_mu":-1.8718007713,"data_set_value_component_ion_concentrations_variable_V":-0.05,"data_set_value_component_ion_concentrations_variable_Na_i":0.5,"data_set_value_component_ion_concentrations_variable_Na_o":0.01,"data_set_value_component_ion_concentrations_variable_glucose_i":0.1,"data_set_value_component_ion_concentrations_variable_glucose_o":0.0,"data_set_value_component_rate_constants_variable_k_12":14.0269681495,"data_set_value_component_rate_constants_variable_k_21":285.1649734537,"data_set_value_component_rate_constants_variable_k_23":0.0,"data_set_value_component_rate_constants_variable_k_32":20.0,"data_set_value_component_rate_constants_variable_k_34":50.0,"data_set_value_component_rate_constants_variable_k_43":50.0,"data_set_value_component_rate_constants_variable_k_45":800.0,"data_set_value_component_rate_constants_variable_k_54":1219.0476190476,"data_set_value_component_rate_constants_variable_k_25":0.3,"data_set_value_component_rate_constants_variable_k_52":0.0009142857,"data_set_value_component_rate_constants_variable_k_56":10.0,"data_set_value_component_rate_constants_variable_k_65":1125.0,"data_set_value_component_rate_constants_variable_k_61":11.1214183328,"data_set_value_component_rate_constants_variable_k_16":94.4124183245,"data_set_value_component_rate_constants_variable_ks_12":140269.681495398,"data_set_value_component_rate_constants_variable_k0_54_temp":12190.4761904762,"data_set_value_component_rate_constants_variable_k_52_temp":0.00091,"data_set_value_component_kinetic_equations_variable_C_1":-0.0000000011,"data_set_value_component_kinetic_equations_variable_C_2":-0.000000001,"data_set_value_component_kinetic_equations_variable_C_3":0.0000000006,"data_set_value_component_kinetic_equations_variable_C_4":0.0000000009,"data_set_value_component_kinetic_equations_variable_C_5":0.0000000006,"data_set_value_component_kinetic_equations_variable_C_6":0.0,"data_set_value_component_kinetic_equations_variable_C_6_temp":0.0,"data_set_value_component_king_altman_states_variable_C1_sum":396776033346.826171875,"data_set_value_component_king_altman_states_variable_C2_sum":149002329691.0757446289,"data_set_value_component_king_altman_states_variable_C3_sum":1848390046703.1013183594,"data_set_value_component_king_altman_states_variable_C4_sum":2587746065384.3413085938,"data_set_value_component_king_altman_states_variable_C5_sum":1728533504612.1967773438,"data_set_value_component_king_altman_states_variable_C6_sum":48186680582.0147628784,"data_set_value_component_king_altman_states_variable_C_sum":6758634660319.556640625,"data_set_value_component_king_altman_states_variable_C1":0.0,"data_set_value_component_king_altman_states_variable_C2":0.0,"data_set_value_component_king_altman_states_variable_C3":0.0,"data_set_value_component_king_altman_states_variable_C4":0.0,"data_set_value_component_king_altman_states_variable_C5":0.0,"data_set_value_component_king_altman_states_variable_C6":0.0,"data_set_value_component_NBC_current_variable_I_NaGl_pSS":-0.0299215745,"data_set_value_component_NBC_current_variable_I_NaGl_SS":0.0000052521,"data_set_value_component_phenomonological_constants_variable_epsilon":-0.0241187319,"data_set_value_component_phenomonological_constants_variable_lambda":2.587197062e+18,"data_set_value_component_phenomonological_constants_variable_chi":0.0000792023,"data_set_value_component_phenomonological_constants_variable_alpha":0.0000026044,"data_set_value_component_phenomonological_constants_variable_beta":0.0006663137,"data_set_value_component_phenomonological_constants_variable_gamma":0.0000142721,"data_set_value_component_phenomonological_constants_variable_phi":-0.0000001031,"data_set_value_component_phenomonological_constants_variable_Imax_Na":-0.0000000013,"data_set_value_component_phenomonological_constants_variable_Imax_gluc":-0.000000003,"data_set_value_component_phenomonological_constants_variable_Khalf_Na_sq":0.0328831177,"data_set_value_component_phenomonological_constants_variable_Khalf_Na":0.181337028,"data_set_value_component_phenomonological_constants_variable_Khalf_gluc":0.0034089676},{"data_set_value_component_environment_variable_time":0.6,"data_set_value_component_parameters_variable_k0_12":80000.0,"data_set_value_component_parameters_variable_k0_21":500.0,"data_set_value_component_parameters_variable_k0_23":100000.0,"data_set_value_component_parameters_variable_k0_32":20.0,"data_set_value_component_parameters_variable_k0_34":50.0,"data_set_value_component_parameters_variable_k0_43":50.0,"data_set_value_component_parameters_variable_k0_45":800.0,"data_set_value_component_parameters_variable_k0_54":12190.0,"data_set_value_component_parameters_variable_k0_25":0.3,"data_set_value_component_parameters_variable_k0_52":0.00091,"data_set_value_component_parameters_variable_k0_56":10.0,"data_set_value_component_parameters_variable_k0_65_f":50.0,"data_set_value_component_parameters_variable_k0_61_f":5.0,"data_set_value_component_parameters_variable_k0_16_f":35.0,"data_set_value_component_parameters_variable_k0_65_r":4500.0,"data_set_value_component_parameters_variable_k0_61_r":3.0,"data_set_value_component_parameters_variable_k0_16_r":350.0,"data_set_value_component_parameters_variable_k0_65":4500.0,"data_set_value_component_parameters_variable_k0_61":3.0,"data_set_value_component_parameters_variable_k0_16":350.0,"data_set_value_component_parameters_variable_delta":0.7,"data_set_value_component_parameters_variable_alpha_p":0.3,"data_set_value_component_parameters_variable_alpha_pp":0.0,"data_set_value_component_parameters_variable_N_C":3000000.0,"data_set_value_component_parameters_variable_N_Avo":6.022e+23,"data_set_value_component_parameters_variable_area":1000000.0,"data_set_value_component_parameters_variable_C_T":0.0,"data_set_value_component_parameters_variable_n":2.0,"data_set_value_component_parameters_variable_z_c":-2.0,"data_set_value_component_parameters_variable_z_Na":1.0,"data_set_value_component_parameters_variable_F":96485.34,"data_set_value_component_parameters_variable_R":8.314,"data_set_value_component_parameters_variable_T":310.0,"data_set_value_component_parameters_variable_mu":-1.1230804628,"data_set_value_component_ion_concentrations_variable_V":-0.03,"data_set_value_component_ion_concentrations_variable_Na_i":0.5,"data_set_value_component_ion_concentrations_variable_Na_o":0.01,"data_set_value_component_ion_concentrations_variable_glucose_i":0.1,"data_set_value_component_ion_concentrations_variable_glucose_o":0.0,"data_set_value_component_rate_constants_variable_k_12":11.2050624486,"data_set_value_component_rate_constants_variable_k_21":356.9814999546,"data_set_value_component_rate_constants_variable_k_23":0.0,"data_set_value_component_rate_constants_variable_k_32":20.0,"data_set_value_component_rate_constants_variable_k_34":50.0,"data_set_value_component_rate_constants_variable_k_43":50.0,"data_set_value_component_rate_constants_variable_k_45":800.0,"data_set_value_component_rate_constants_variable_k_54":1219.0476190476,"data_set_value_component_rate_constants_variable_k_25":0.3,"data_set_value_component_rate_constants_variable_k_52":0.0009142857,"data_set_value_component_rate_constants_variable_k_56":10.0,"data_set_value_component_rate_constants_variable_k_65":1125.0,"data_set_value_component_rate_constants_variable_k_61":6.5848306191,"data_set_value_component_rate_constants_variable_k_16":159.457404562,"data_set_value_component_rate_constants_variable_ks_12":112050.6244863934,"data_set_value_component_rate_constants_variable_k0_54_temp":12190.4761904762,"data_set_value_component_rate_constants_variable_k_52_temp":0.00091,"data_set_value_component_kinetic_equations_variable_C_1":-0.0000000011,"data_set_value_component_kinetic_equations_variable_C_2":-0.0000000009,"data_set_value_component_kinetic_equations_variable_C_3":0.0000000006,"data_set_value_component_kinetic_equations_variable_C_4":0.0000000008,"data_set_value_component_kinetic_equations_variable_C_5":0.0000000006,"data_set_value_component_kinetic_equations_variable_C_6":0.0,"data_set_value_component_kinetic_equations_variable_C_6_temp":0.0,"data_set_value_component_king_altman_states_variable_C1_sum":493802253860.5717773438,"data_set_value_component_king_altman_states_variable_C2_sum":234193394955.319152832,"data_set_value_component_king_altman_states_variable_C3_sum":3906827100006.7260742188,"data_set_value_component_king_altman_states_variable_C4_sum":5469557940009.4169921875,"data_set_value_component_king_altman_states_variable_C5_sum":3653493780240.6650390625,"data_set_value_component_king_altman_states_variable_C6_sum":101870721885.533416748,"data_set_value_component_king_altman_states_variable_C_sum":13859745190958.23046875,"data_set_value_component_king_altman_states_variable_C1":0.0,"data_set_value_component_king_altman_states_variable_C2":0.0,"data_set_value_component_king_altman_states_variable_C3":0.0,"data_set_value_component_king_altman_states_variable_C4":0.0,"data_set_value_component_king_altman_states_variable_C5":0.0,"data_set_value_component_king_altman_states_variable_C6":0.0,"data_set_value_component_NBC_current_variable_I_NaGl_pSS":-0.0414178696,"data_set_value_component_NBC_current_variable_I_NaGl_SS":0.000005415,"data_set_value_component_phenomonological_constants_variable_epsilon":-0.0143406337,"data_set_value_component_phenomonological_constants_variable_lambda":2.058024488e+18,"data_set_value_component_phenomonological_constants_variable_chi":0.0000790797,"data_set_value_component_phenomonological_constants_variable_alpha":0.0000067266,"data_set_value_component_phenomonological_constants_variable_beta":0.001414492,"data_set_value_component_phenomonological_constants_variable_gamma":0.0000379343,"data_set_value_component_phenomonological_constants_variable_phi":-0.0000000613,"data_set_value_component_phenomonological_constants_variable_Imax_Na":-0.0000000007,"data_set_value_component_phenomonological_constants_variable_Imax_gluc":-0.0000000009,"data_set_value_component_phenomonological_constants_variable_Khalf_Na_sq":0.0850608299,"data_set_value_component_phenomonological_constants_variable_Khalf_Na":0.2916518985,"data_set_value_component_phenomonological_constants_variable_Khalf_gluc":0.0044466989},{"data_set_value_component_environment_variable_time":0.7,"data_set_value_component_parameters_variable_k0_12":80000.0,"data_set_value_component_parameters_variable_k0_21":500.0,"data_set_value_component_parameters_variable_k0_23":100000.0,"data_set_value_component_parameters_variable_k0_32":20.0,"data_set_value_component_parameters_variable_k0_34":50.0,"data_set_value_component_parameters_variable_k0_43":50.0,"data_set_value_component_parameters_variable_k0_45":800.0,"data_set_value_component_parameters_variable_k0_54":12190.0,"data_set_value_component_parameters_variable_k0_25":0.3,"data_set_value_component_parameters_variable_k0_52":0.00091,"data_set_value_component_parameters_variable_k0_56":10.0,"data_set_value_component_parameters_variable_k0_65_f":50.0,"data_set_value_component_parameters_variable_k0_61_f":5.0,"data_set_value_component_parameters_variable_k0_16_f":35.0,"data_set_value_component_parameters_variable_k0_65_r":4500.0,"data_set_value_component_parameters_variable_k0_61_r":3.0,"data_set_value_component_parameters_variable_k0_16_r":350.0,"data_set_value_component_parameters_variable_k0_65":4500.0,"data_set_value_component_parameters_variable_k0_61":3.0,"data_set_value_component_parameters_variable_k0_16":350.0,"data_set_value_component_parameters_variable_delta":0.7,"data_set_value_component_parameters_variable_alpha_p":0.3,"data_set_value_component_parameters_variable_alpha_pp":0.0,"data_set_value_component_parameters_variable_N_C":3000000.0,"data_set_value_component_parameters_variable_N_Avo":6.022e+23,"data_set_value_component_parameters_variable_area":1000000.0,"data_set_value_component_parameters_variable_C_T":0.0,"data_set_value_component_parameters_variable_n":2.0,"data_set_value_component_parameters_variable_z_c":-2.0,"data_set_value_component_parameters_variable_z_Na":1.0,"data_set_value_component_parameters_variable_F":96485.34,"data_set_value_component_parameters_variable_R":8.314,"data_set_value_component_parameters_variable_T":310.0,"data_set_value_component_parameters_variable_mu":-0.3743601543,"data_set_value_component_ion_concentrations_variable_V":-0.01,"data_set_value_component_ion_concentrations_variable_Na_i":0.5,"data_set_value_component_ion_concentrations_variable_Na_o":0.01,"data_set_value_component_ion_concentrations_variable_glucose_i":0.1,"data_set_value_component_ion_concentrations_variable_glucose_o":0.0,"data_set_value_component_rate_constants_variable_k_12":8.9508597396,"data_set_value_component_rate_constants_variable_k_21":446.8844464536,"data_set_value_component_rate_constants_variable_k_23":0.0,"data_set_value_component_rate_constants_variable_k_32":20.0,"data_set_value_component_rate_constants_variable_k_34":50.0,"data_set_value_component_rate_constants_variable_k_43":50.0,"data_set_value_component_rate_constants_variable_k_45":800.0,"data_set_value_component_rate_constants_variable_k_54":1219.0476190476,"data_set_value_component_rate_constants_variable_k_25":0.3,"data_set_value_component_rate_constants_variable_k_52":0.0009142857,"data_set_value_component_rate_constants_variable_k_56":10.0,"data_set_value_component_rate_constants_variable_k_65":1125.0,"data_set_value_component_rate_constants_variable_k_61":3.8987827797,"data_set_value_component_rate_constants_variable_k_16":269.3148244786,"data_set_value_component_rate_constants_variable_ks_12":89508.5973956721,"data_set_value_component_rate_constants_variable_k0_54_temp":12190.4761904762,"data_set_value_component_rate_constants_variable_k_52_temp":0.00091,"data_set_value_component_kinetic_equations_variable_C_1":-0.000000001,"data_set_value_component_kinetic_equations_variable_C_2":-0.0000000009,"data_set_value_component_kinetic_equations_variable_C_3":0.0000000005,"data_set_value_component_kinetic_equations_variable_C_4":0.0000000008,"data_set_value_component_kinetic_equations_variable_C_5":0.0000000005,"data_set_value_component_kinetic_equations_variable_C_6":0.0,"data_set_value_component_kinetic_equations_variable_C_6_temp":0.0,"data_set_value_component_king_altman_states_variable_C1_sum":616014122980.5450439453,"data_set_value_component_king_altman_states_variable_C2_sum":381700259136.880859375,"data_set_value_component_king_altman_states_variable_C3_sum":8258475104235.1630859375,"data_set_value_component_king_altman_states_variable_C4_sum":11561865145929.23046875,"data_set_value_component_king_altman_states_variable_C5_sum":7722964609194.9140625,"data_set_value_component_king_altman_states_variable_C6_sum":215370399195.6670532227,"data_set_value_component_king_altman_states_variable_C_sum":28756389640672.3984375,"data_set_value_component_king_altman_states_variable_C1":0.0,"data_set_value_component_king_altman_states_variable_C2":0.0,"data_set_value_component_king_altman_states_variable_C3":0.0,"data_set_value_component_king_altman_states_variable_C4":0.0,"data_set_value_component_king_altman_states_variable_C5":0.0,"data_set_value_component_king_altman_states_variable_C6":0.0,"data_set_value_component_NBC_current_variable_I_NaGl_pSS":-0.0580410721,"data_set_value_component_NBC_current_variable_I_NaGl_SS":0.000005518,"data_set_value_component_phenomonological_constants_variable_epsilon":-0.0085121566,"data_set_value_component_phenomonological_constants_variable_lambda":1.639887967e+18,"data_set_value_component_phenomonological_constants_variable_chi":0.0000790066,"data_set_value_component_phenomonological_constants_variable_alpha":0.0000175277,"data_set_value_component_phenomonological_constants_variable_beta":0.0029979674,"data_set_value_component_phenomonological_constants_variable_gamma":0.0001006545,"data_set_value_component_phenomonological_constants_variable_phi":-0.0000000364,"data_set_value_component_phenomonological_constants_variable_Imax_Na":-0.0000000004,"data_set_value_component_phenomonological_constants_variable_Imax_gluc":-0.0000000003,"data_set_value_component_phenomonological_constants_variable_Khalf_Na_sq":0.221850932,"data_set_value_component_phenomonological_constants_variable_Khalf_Na":0.4710105434,"data_set_value_component_phenomonological_constants_variable_Khalf_gluc":0.0056603507},{"data_set_value_component_environment_variable_time":0.8,"data_set_value_component_parameters_variable_k0_12":80000.0,"data_set_value_component_parameters_variable_k0_21":500.0,"data_set_value_component_parameters_variable_k0_23":100000.0,"data_set_value_component_parameters_variable_k0_32":20.0,"data_set_value_component_parameters_variable_k0_34":50.0,"data_set_value_component_parameters_variable_k0_43":50.0,"data_set_value_component_parameters_variable_k0_45":800.0,"data_set_value_component_parameters_variable_k0_54":12190.0,"data_set_value_component_parameters_variable_k0_25":0.3,"data_set_value_component_parameters_variable_k0_52":0.00091,"data_set_value_component_parameters_variable_k0_56":10.0,"data_set_value_component_parameters_variable_k0_65_f":50.0,"data_set_value_component_parameters_variable_k0_61_f":5.0,"data_set_value_component_parameters_variable_k0_16_f":35.0,"data_set_value_component_parameters_variable_k0_65_r":4500.0,"data_set_value_component_parameters_variable_k0_61_r":3.0,"data_set_value_component_parameters_variable_k0_16_r":350.0,"data_set_value_component_parameters_variable_k0_65":4500.0,"data_set_value_component_parameters_variable_k0_61":3.0,"data_set_value_component_parameters_variable_k0_16":350.0,"data_set_value_component_parameters_variable_delta":0.7,"data_set_value_component_parameters_variable_alpha_p":0.3,"data_set_value_component_parameters_variable_alpha_pp":0.0,"data_set_value_component_parameters_variable_N_C":3000000.0,"data_set_value_component_parameters_variable_N_Avo":6.022e+23,"data_set_value_component_parameters_variable_area":1000000.0,"data_set_value_component_parameters_variable_C_T":0.0,"data_set_value_component_parameters_variable_n":2.0,"data_set_value_component_parameters_variable_z_c":-2.0,"data_set_value_component_parameters_variable_z_Na":1.0,"data_set_value_component_parameters_variable_F":96485.34,"data_set_value_component_parameters_variable_R":8.314,"data_set_value_component_parameters_variable_T":310.0,"data_set_value_component_parameters_variable_mu":0.3743601543,"data_set_value_component_ion_concentrations_variable_V":0.01,"data_set_value_component_ion_concentrations_variable_Na_i":0.5,"data_set_value_component_ion_concentrations_variable_Na_o":0.01,"data_set_value_component_ion_concentrations_variable_glucose_i":0.1,"data_set_value_component_ion_concentrations_variable_glucose_o":0.0,"data_set_value_component_rate_constants_variable_k_12":7.1501511433,"data_set_value_component_rate_constants_variable_k_21":559.428733723,"data_set_value_component_rate_constants_variable_k_23":0.0,"data_set_value_component_rate_constants_variable_k_32":20.0,"data_set_value_component_rate_constants_variable_k_34":50.0,"data_set_value_component_rate_constants_variable_k_43":50.0,"data_set_value_component_rate_constants_variable_k_45":800.0,"data_set_value_component_rate_constants_variable_k_54":1219.0476190476,"data_set_value_component_rate_constants_variable_k_25":0.3,"data_set_value_component_rate_constants_variable_k_52":0.0009142857,"data_set_value_component_rate_constants_variable_k_56":10.0,"data_set_value_component_rate_constants_variable_k_65":1125.0,"data_set_value_component_rate_constants_variable_k_61":2.3084127812,"data_set_value_component_rate_constants_variable_k_16":454.8579909672,"data_set_value_component_rate_constants_variable_ks_12":71501.5114325704,"data_set_value_component_rate_constants_variable_k0_54_temp":12190.4761904762,"data_set_value_component_rate_constants_variable_k_52_temp":0.00091,"data_set_value_component_kinetic_equations_variable_C_1":-0.0000000009,"data_set_value_component_kinetic_equations_variable_C_2":-0.0000000008,"data_set_value_component_kinetic_equations_variable_C_3":0.0000000005,"data_set_value_component_kinetic_equations_variable_C_4":0.0000000007,"data_set_value_component_kinetic_equations_variable_C_5":0.0000000005,"data_set_value_component_kinetic_equations_variable_C_6":0.0,"data_set_value_component_kinetic_equations_variable_C_6_temp":0.0,"data_set_value_component_king_altman_states_variable_C1_sum":769560172220.2825927734,"data_set_value_component_king_altman_states_variable_C2_sum":633667783186.4196777344,"data_set_value_component_king_altman_states_variable_C3_sum":17458233377461.02734375,"data_set_value_component_king_altman_states_variable_C4_sum":24441526728445.4375,"data_set_value_component_king_altman_states_variable_C5_sum":16326176056891.2890625,"data_set_value_component_king_altman_states_variable_C6_sum":455334448509.080078125,"data_set_value_component_king_altman_states_variable_C_sum":60084498566713.53125,"data_set_value_component_king_altman_states_variable_C1":0.0,"data_set_value_component_king_altman_states_variable_C2":0.0,"data_set_value_component_king_altman_states_variable_C3":0.0,"data_set_value_component_king_altman_states_variable_C4":0.0,"data_set_value_component_king_altman_states_variable_C5":0.0,"data_set_value_component_king_altman_states_variable_C6":0.0,"data_set_value_component_NBC_current_variable_I_NaGl_pSS":-0.0824057293,"data_set_value_component_NBC_current_variable_I_NaGl_SS":0.0000055837,"data_set_value_component_phenomonological_constants_variable_epsilon":-0.0050474127,"data_set_value_component_phenomonological_constants_variable_lambda":1.30803652e+18,"data_set_value_component_phenomonological_constants_variable_chi":0.0000789631,"data_set_value_component_phenomonological_constants_variable_alpha":0.000045927,"data_set_value_component_phenomonological_constants_variable_beta":0.0063478672,"data_set_value_component_phenomonological_constants_variable_gamma":0.0002668041,"data_set_value_component_phenomonological_constants_variable_phi":-0.0000000216,"data_set_value_component_phenomonological_constants_variable_Imax_Na":-0.0000000003,"data_set_value_component_phenomonological_constants_variable_Imax_gluc":-0.0000000001,"data_set_value_component_phenomonological_constants_variable_Khalf_Na_sq":0.5816257407,"data_set_value_component_phenomonological_constants_variable_Khalf_Na":0.7626439148,"data_set_value_component_phenomonological_constants_variable_Khalf_gluc":0.0071240422},{"data_set_value_component_environment_variable_time":0.9,"data_set_value_component_parameters_variable_k0_12":80000.0,"data_set_value_component_parameters_variable_k0_21":500.0,"data_set_value_component_parameters_variable_k0_23":100000.0,"data_set_value_component_parameters_variable_k0_32":20.0,"data_set_value_component_parameters_variable_k0_34":50.0,"data_set_value_component_parameters_variable_k0_43":50.0,"data_set_value_component_parameters_variable_k0_45":800.0,"data_set_value_component_parameters_variable_k0_54":12190.0,"data_set_value_component_parameters_variable_k0_25":0.3,"data_set_value_component_parameters_variable_k0_52":0.00091,"data_set_value_component_parameters_variable_k0_56":10.0,"data_set_value_component_parameters_variable_k0_65_f":50.0,"data_set_value_component_parameters_variable_k0_61_f":5.0,"data_set_value_component_parameters_variable_k0_16_f":35.0,"data_set_value_component_parameters_variable_k0_65_r":4500.0,"data_set_value_component_parameters_variable_k0_61_r":3.0,"data_set_value_component_parameters_variable_k0_16_r":350.0,"data_set_value_component_parameters_variable_k0_65":4500.0,"data_set_value_component_parameters_variable_k0_61":3.0,"data_set_value_component_parameters_variable_k0_16":350.0,"data_set_value_component_parameters_variable_delta":0.7,"data_set_value_component_parameters_variable_alpha_p":0.3,"data_set_value_component_parameters_variable_alpha_pp":0.0,"data_set_value_component_parameters_variable_N_C":3000000.0,"data_set_value_component_parameters_variable_N_Avo":6.022e+23,"data_set_value_component_parameters_variable_area":1000000.0,"data_set_value_component_parameters_variable_C_T":0.0,"data_set_value_component_parameters_variable_n":2.0,"data_set_value_component_parameters_variable_z_c":-2.0,"data_set_value_component_parameters_variable_z_Na":1.0,"data_set_value_component_parameters_variable_F":96485.34,"data_set_value_component_parameters_variable_R":8.314,"data_set_value_component_parameters_variable_T":310.0,"data_set_value_component_parameters_variable_mu":1.1230804628,"data_set_value_component_ion_concentrations_variable_V":0.03,"data_set_value_component_ion_concentrations_variable_Na_i":0.5,"data_set_value_component_ion_concentrations_variable_Na_o":0.01,"data_set_value_component_ion_concentrations_variable_glucose_i":0.1,"data_set_value_component_ion_concentrations_variable_glucose_o":0.0,"data_set_value_component_rate_constants_variable_k_12":5.7117039993,"data_set_value_component_rate_constants_variable_k_21":700.31640304,"data_set_value_component_rate_constants_variable_k_23":0.0,"data_set_value_component_rate_constants_variable_k_32":20.0,"data_set_value_component_rate_constants_variable_k_34":50.0,"data_set_value_component_rate_constants_variable_k_43":50.0,"data_set_value_component_rate_constants_variable_k_45":800.0,"data_set_value_component_rate_constants_variable_k_54":1219.0476190476,"data_set_value_component_rate_constants_variable_k_25":0.3,"data_set_value_component_rate_constants_variable_k_52":0.0009142857,"data_set_value_component_rate_constants_variable_k_56":10.0,"data_set_value_component_rate_constants_variable_k_65":1125.0,"data_set_value_component_rate_constants_variable_k_61":1.3667777534,"data_set_value_component_rate_constants_variable_k_16":768.2302388934,"data_set_value_component_rate_constants_variable_ks_12":57117.0399927327,"data_set_value_component_rate_constants_variable_k0_54_temp":12190.4761904762,"data_set_value_component_rate_constants_variable_k_52_temp":0.00091,"data_set_value_component_kinetic_equations_variable_C_1":-0.0000000008,"data_set_value_component_kinetic_equations_variable_C_2":-0.0000000008,"data_set_value_component_kinetic_equations_variable_C_3":0.0000000005,"data_set_value_component_kinetic_equations_variable_C_4":0.0000000007,"data_set_value_component_kinetic_equations_variable_C_5":0.0000000005,"data_set_value_component_kinetic_equations_variable_C_6":0.0,"data_set_value_component_kinetic_equations_variable_C_6_temp":0.0,"data_set_value_component_king_altman_states_variable_C1_sum":962187701339.1156005859,"data_set_value_component_king_altman_states_variable_C2_sum":1061465435060.0444335938,"data_set_value_component_king_altman_states_variable_C3_sum":36907640384434.71875,"data_set_value_component_king_altman_states_variable_C4_sum":51670696538208.6015625,"data_set_value_component_king_altman_states_variable_C5_sum":34514410578256.51953125,"data_set_value_component_king_altman_states_variable_C6_sum":962675582109.5736083984,"data_set_value_component_king_altman_states_variable_C_sum":126079076219408.5625,"data_set_value_component_king_altman_states_variable_C1":0.0,"data_set_value_component_king_altman_states_variable_C2":0.0,"data_set_value_component_king_altman_states_variable_C3":0.0,"data_set_value_component_king_altman_states_variable_C4":0.0,"data_set_value_component_king_altman_states_variable_C5":0.0,"data_set_value_component_king_altman_states_variable_C6":0.0,"data_set_value_component_NBC_current_variable_I_NaGl_pSS":-0.118405408,"data_set_value_component_NBC_current_variable_I_NaGl_SS":0.0000056261,"data_set_value_component_phenomonological_constants_variable_epsilon":-0.0029911312,"data_set_value_component_phenomonological_constants_variable_lambda":1.043970251e+18,"data_set_value_component_phenomonological_constants_variable_chi":0.0000789373,"data_set_value_component_phenomonological_constants_variable_alpha":0.0001207609,"data_set_value_component_phenomonological_constants_variable_beta":0.013432969,"data_set_value_component_phenomonological_constants_variable_gamma":0.0007067883,"data_set_value_component_phenomonological_constants_variable_phi":-0.0000000128,"data_set_value_component_phenomonological_constants_variable_Imax_Na":-0.0000000002,"data_set_value_component_phenomonological_constants_variable_Imax_gluc":-0.0,"data_set_value_component_phenomonological_constants_variable_Khalf_Na_sq":1.5298331708,"data_set_value_component_phenomonological_constants_variable_Khalf_Na":1.2368642491,"data_set_value_component_phenomonological_constants_variable_Khalf_gluc":0.0089240461},{"data_set_value_component_environment_variable_time":1.0,"data_set_value_component_parameters_variable_k0_12":80000.0,"data_set_value_component_parameters_variable_k0_21":500.0,"data_set_value_component_parameters_variable_k0_23":100000.0,"data_set_value_component_parameters_variable_k0_32":20.0,"data_set_value_component_parameters_variable_k0_34":50.0,"data_set_value_component_parameters_variable_k0_43":50.0,"data_set_value_component_parameters_variable_k0_45":800.0,"data_set_value_component_parameters_variable_k0_54":12190.0,"data_set_value_component_parameters_variable_k0_25":0.3,"data_set_value_component_parameters_variable_k0_52":0.00091,"data_set_value_component_parameters_variable_k0_56":10.0,"data_set_value_component_parameters_variable_k0_65_f":50.0,"data_set_value_component_parameters_variable_k0_61_f":5.0,"data_set_value_component_parameters_variable_k0_16_f":35.0,"data_set_value_component_parameters_variable_k0_65_r":4500.0,"data_set_value_component_parameters_variable_k0_61_r":3.0,"data_set_value_component_parameters_variable_k0_16_r":350.0,"data_set_value_component_parameters_variable_k0_65":4500.0,"data_set_value_component_parameters_variable_k0_61":3.0,"data_set_value_component_parameters_variable_k0_16":350.0,"data_set_value_component_parameters_variable_delta":0.7,"data_set_value_component_parameters_variable_alpha_p":0.3,"data_set_value_component_parameters_variable_alpha_pp":0.0,"data_set_value_component_parameters_variable_N_C":3000000.0,"data_set_value_component_parameters_variable_N_Avo":6.022e+23,"data_set_value_component_parameters_variable_area":1000000.0,"data_set_value_component_parameters_variable_C_T":0.0,"data_set_value_component_parameters_variable_n":2.0,"data_set_value_component_parameters_variable_z_c":-2.0,"data_set_value_component_parameters_variable_z_Na":1.0,"data_set_value_component_parameters_variable_F":96485.34,"data_set_value_component_parameters_variable_R":8.314,"data_set_value_component_parameters_variable_T":310.0,"data_set_value_component_parameters_variable_mu":1.8718007713,"data_set_value_component_ion_concentrations_variable_V":0.05,"data_set_value_component_ion_concentrations_variable_Na_i":0.5,"data_set_value_component_ion_concentrations_variable_Na_o":0.01,"data_set_value_component_ion_concentrations_variable_glucose_i":0.1,"data_set_value_component_ion_concentrations_variable_glucose_o":0.0,"data_set_value_component_rate_constants_variable_k_12":4.5626395753,"data_set_value_component_rate_constants_variable_k_21":876.6855093462,"data_set_value_component_rate_constants_variable_k_23":0.0,"data_set_value_component_rate_constants_variable_k_32":20.0,"data_set_value_component_rate_constants_variable_k_34":50.0,"data_set_value_component_rate_constants_variable_k_43":50.0,"data_set_value_component_rate_constants_variable_k_45":800.0,"data_set_value_component_rate_constants_variable_k_54":1219.0476190476,"data_set_value_component_rate_constants_variable_k_25":0.3,"data_set_value_component_rate_constants_variable_k_52":0.0009142857,"data_set_value_component_rate_constants_variable_k_56":10.0,"data_set_value_component_rate_constants_variable_k_65":1125.0,"data_set_value_component_rate_constants_variable_k_61":0.8092492999,"data_set_value_component_rate_constants_variable_k_16":1297.498805496,"data_set_value_component_rate_constants_variable_ks_12":45626.3957525987,"data_set_value_component_rate_constants_variable_k0_54_temp":12190.4761904762,"data_set_value_component_rate_constants_variable_k_52_temp":0.00091,"data_set_value_component_kinetic_equations_variable_C_1":-0.0000000008,"data_set_value_component_kinetic_equations_variable_C_2":-0.0000000007,"data_set_value_component_kinetic_equations_variable_C_3":0.0000000004,"data_set_value_component_kinetic_equations_variable_C_4":0.0000000006,"data_set_value_component_kinetic_equations_variable_C_5":0.0000000004,"data_set_value_component_kinetic_equations_variable_C_6":0.0,"data_set_value_component_kinetic_equations_variable_C_6_temp":0.0,"data_set_value_component_king_altman_states_variable_C1_sum":1203632382445.9650878906,"data_set_value_component_king_altman_states_variable_C2_sum":1785767211444.7604980469,"data_set_value_component_king_altman_states_variable_C3_sum":78026675697638.015625,"data_set_value_component_king_altman_states_variable_C4_sum":109237345976693.203125,"data_set_value_component_king_altman_states_variable_C5_sum":72967133445369.3125,"data_set_value_component_king_altman_states_variable_C6_sum":2035320738711.7700195312,"data_set_value_component_king_altman_states_variable_C_sum":265255875452303.0,"data_set_value_component_king_altman_states_variable_C1":0.0,"data_set_value_component_king_altman_states_variable_C2":0.0,"data_set_value_component_king_altman_states_variable_C3":0.0,"data_set_value_component_king_altman_states_variable_C4":0.0,"data_set_value_component_king_altman_states_variable_C5":0.0,"data_set_value_component_king_altman_states_variable_C6":0.0,"data_set_value_component_NBC_current_variable_I_NaGl_pSS":-0.1717632905,"data_set_value_component_NBC_current_variable_I_NaGl_SS":0.0000056539,"data_set_value_component_phenomonological_constants_variable_epsilon":-0.0017719292,"data_set_value_component_phenomonological_constants_variable_lambda":8.335125248e+17,"data_set_value_component_phenomonological_constants_variable_chi":0.000078922,"data_set_value_component_phenomonological_constants_variable_alpha":0.0003182307,"data_set_value_component_phenomonological_constants_variable_beta":0.0284159694,"data_set_value_component_phenomonological_constants_variable_gamma":0.0018716749,"data_set_value_component_phenomonological_constants_variable_phi":-0.0000000076,"data_set_value_component_phenomonological_constants_variable_Imax_Na":-0.0000000001,"data_set_value_component_phenomonological_constants_variable_Imax_gluc":-0.0,"data_set_value_component_phenomonological_constants_variable_Khalf_Na_sq":4.0322161844,"data_set_value_component_phenomonological_constants_variable_Khalf_Na":2.0080378942,"data_set_value_component_phenomonological_constants_variable_Khalf_gluc":0.0111600141}]