[{"data_set_value_component_environment_variable_time":0.0,"data_set_value_component_x_variable_x":1.0,"data_set_value_component_y_variable_y":0.01,"data_set_value_component_z_variable_z":0.01,"data_set_value_component_model_parameters_variable_delta1":0.5,"data_set_value_component_model_parameters_variable_delta2":0.38,"data_set_value_component_model_parameters_variable_delta3":0.6,"data_set_value_component_model_parameters_variable_beta":1.091},{"data_set_value_component_environment_variable_time":0.1,"data_set_value_component_x_variable_x":1.0955264357,"data_set_value_component_y_variable_y":0.1260275427,"data_set_value_component_z_variable_z":0.0133813558,"data_set_value_component_model_parameters_variable_delta1":0.5,"data_set_value_component_model_parameters_variable_delta2":0.38,"data_set_value_component_model_parameters_variable_delta3":0.6,"data_set_value_component_model_parameters_variable_beta":1.091},{"data_set_value_component_environment_variable_time":0.2,"data_set_value_component_x_variable_x":1.1816898318,"data_set_value_component_y_variable_y":0.2478180467,"data_set_value_component_z_variable_z":0.0234983835,"data_set_value_component_model_parameters_variable_delta1":0.5,"data_set_value_component_model_parameters_variable_delta2":0.38,"data_set_value_component_model_parameters_variable_delta3":0.6,"data_set_value_component_model_parameters_variable_beta":1.091},{"data_set_value_component_environment_variable_time":0.3,"data_set_value_component_x_variable_x":1.2545645702,"data_set_value_component_y_variable_y":0.3738209234,"data_set_value_component_z_variable_z":0.0402513645,"data_set_value_component_model_parameters_variable_delta1":0.5,"data_set_value_component_model_parameters_variable_delta2":0.38,"data_set_value_component_model_parameters_variable_delta3":0.6,"data_set_value_component_model_parameters_variable_beta":1.091},{"data_set_value_component_environment_variable_time":0.4,"data_set_value_component_x_variable_x":1.3110151099,"data_set_value_component_y_variable_y":0.502052546,"data_set_value_component_z_variable_z":0.0634426641,"data_set_value_component_model_parameters_variable_delta1":0.5,"data_set_value_component_model_parameters_variable_delta2":0.38,"data_set_value_component_model_parameters_variable_delta3":0.6,"data_set_value_component_model_parameters_variable_beta":1.091},{"data_set_value_component_environment_variable_time":0.5,"data_set_value_component_x_variable_x":1.3493056645,"data_set_value_component_y_variable_y":0.6301984536,"data_set_value_component_z_variable_z":0.0927603257,"data_set_value_component_model_parameters_variable_delta1":0.5,"data_set_value_component_model_parameters_variable_delta2":0.38,"data_set_value_component_model_parameters_variable_delta3":0.6,"data_set_value_component_model_parameters_variable_beta":1.091},{"data_set_value_component_environment_variable_time":0.6,"data_set_value_component_x_variable_x":1.3693822134,"data_set_value_component_y_variable_y":0.7557798202,"data_set_value_component_z_variable_z":0.1277700115,"data_set_value_component_model_parameters_variable_delta1":0.5,"data_set_value_component_model_parameters_variable_delta2":0.38,"data_set_value_component_model_parameters_variable_delta3":0.6,"data_set_value_component_model_parameters_variable_beta":1.091},{"data_set_value_component_environment_variable_time":0.7,"data_set_value_component_x_variable_x":1.3727260608,"data_set_value_component_y_variable_y":0.8763512574,"data_set_value_component_z_variable_z":0.1679183376,"data_set_value_component_model_parameters_variable_delta1":0.5,"data_set_value_component_model_parameters_variable_delta2":0.38,"data_set_value_component_model_parameters_variable_delta3":0.6,"data_set_value_component_model_parameters_variable_beta":1.091},{"data_set_value_component_environment_variable_time":0.8,"data_set_value_component_x_variable_x":1.3618729907,"data_set_value_component_y_variable_y":0.9896859027,"data_set_value_component_z_variable_z":0.2125473822,"data_set_value_component_model_parameters_variable_delta1":0.5,"data_set_value_component_model_parameters_variable_delta2":0.38,"data_set_value_component_model_parameters_variable_delta3":0.6,"data_set_value_component_model_parameters_variable_beta":1.091},{"data_set_value_component_environment_variable_time":0.9,"data_set_value_component_x_variable_x":1.3398211462,"data_set_value_component_y_variable_y":1.0939150823,"data_set_value_component_z_variable_z":0.2609177322,"data_set_value_component_model_parameters_variable_delta1":0.5,"data_set_value_component_model_parameters_variable_delta2":0.38,"data_set_value_component_model_parameters_variable_delta3":0.6,"data_set_value_component_model_parameters_variable_beta":1.091},{"data_set_value_component_environment_variable_time":1.0,"data_set_value_component_x_variable_x":1.3095196822,"data_set_value_component_y_variable_y":1.1876128472,"data_set_value_component_z_variable_z":0.3122371457,"data_set_value_component_model_parameters_variable_delta1":0.5,"data_set_value_component_model_parameters_variable_delta2":0.38,"data_set_value_component_model_parameters_variable_delta3":0.6,"data_set_value_component_model_parameters_variable_beta":1.091}]