[{"data_set_value_component_environment_variable_time":0.0,"data_set_value_component_parameters_variable_R_gas_const":8314.41,"data_set_value_component_parameters_variable_Temp":310.0,"data_set_value_component_parameters_variable_F":96485.0,"data_set_value_component_transmitter_release_variable_R":0.0,"data_set_value_component_transmitter_release_variable_kr_plus":0.15,"data_set_value_component_transmitter_release_variable_kr_minus":2.5,"data_set_value_component_transmitter_release_variable_T":0.0,"data_set_value_component_transmitter_release_variable_T_bar":4000.0,"data_set_value_component_calcium_concentration_variable_Ca":0.1,"data_set_value_component_calcium_concentration_variable_Ca_ex":2000.0,"data_set_value_component_calcium_concentration_variable_Ca_open":0.0264743164,"data_set_value_component_calcium_concentration_variable_Dc":220.0,"data_set_value_component_calcium_concentration_variable_r":10.0,"data_set_value_component_calcium_concentration_variable_sigma":365.9546782506,"data_set_value_component_calcium_concentration_variable_i_V":-70.6203547377,"data_set_value_component_calcium_concentration_variable_g_Ca":1.2,"data_set_value_component_calcium_concentration_variable_P":0.006,"data_set_value_component_rate_constants_variable_alpha":0.0234460521,"data_set_value_component_rate_constants_variable_alpha_":0.0029307565,"data_set_value_component_rate_constants_variable_beta":1.5576091741,"data_set_value_component_rate_constants_variable_beta_":12.4608733931,"data_set_value_component_rate_constants_variable_kG_plus":0.0,"data_set_value_component_rate_constants_variable_b":0.0,"data_set_value_component_rate_constants_variable_kb_plus":2000.0,"data_set_value_component_rate_constants_variable_kb_minus":1.0,"data_set_value_component_rate_constants_variable_kG_minus":0.00025,"data_set_value_component_rate_constants_variable_kG2_minus":0.016,"data_set_value_component_rate_constants_variable_kG3_minus":1.024,"data_set_value_component_C1_variable_C1":1.0,"data_set_value_component_C2_variable_C2":0.0,"data_set_value_component_C3_variable_C3":0.0,"data_set_value_component_C4_variable_C4":0.0,"data_set_value_component_O_variable_O":0.0,"data_set_value_component_O_variable_C_G":0.0,"data_set_value_component_C_G1_variable_C_G1":0.0,"data_set_value_component_C_G2_variable_C_G2":0.0,"data_set_value_component_C_G3_variable_C_G3":0.0,"data_set_value_component_membrane_post_variable_V_post":-65.0,"data_set_value_component_membrane_post_variable_Cm":1.0,"data_set_value_component_synaptic_current_variable_i_syn":0.0,"data_set_value_component_synaptic_current_variable_g_syn":0.2,"data_set_value_component_synaptic_current_variable_V_syn":0.0,"data_set_value_component_leak_current_post_variable_i_leak_post":-3.3,"data_set_value_component_sodium_current_post_variable_i_Na_post":-3.1434834282,"data_set_value_component_sodium_current_post_variable_x_infinity":0.0521217994,"data_set_value_component_sodium_current_post_variable_alpha_x":0.4471274492,"data_set_value_component_sodium_current_post_variable_beta_x":8.1313839322,"data_set_value_component_potassium_current_post_variable_i_K_post":0.0,"data_set_value_component_potassium_current_n_gate_post_variable_n_post":0.0,"data_set_value_component_potassium_current_n_gate_post_variable_alpha_n":0.1163953414,"data_set_value_component_potassium_current_n_gate_post_variable_beta_n":0.25},{"data_set_value_component_environment_variable_time":0.1,"data_set_value_component_parameters_variable_R_gas_const":8314.41,"data_set_value_component_parameters_variable_Temp":310.0,"data_set_value_component_parameters_variable_F":96485.0,"data_set_value_component_transmitter_release_variable_R":0.0013262418,"data_set_value_component_transmitter_release_variable_kr_plus":0.15,"data_set_value_component_transmitter_release_variable_kr_minus":2.5,"data_set_value_component_transmitter_release_variable_T":5.3049672103,"data_set_value_component_transmitter_release_variable_T_bar":4000.0,"data_set_value_component_calcium_concentration_variable_Ca":0.1,"data_set_value_component_calcium_concentration_variable_Ca_ex":2000.0,"data_set_value_component_calcium_concentration_variable_Ca_open":0.0257269793,"data_set_value_component_calcium_concentration_variable_Dc":220.0,"data_set_value_component_calcium_concentration_variable_r":10.0,"data_set_value_component_calcium_concentration_variable_sigma":355.6242329319,"data_set_value_component_calcium_concentration_variable_i_V":-68.6268299753,"data_set_value_component_calcium_concentration_variable_g_Ca":1.2,"data_set_value_component_calcium_concentration_variable_P":0.006,"data_set_value_component_rate_constants_variable_alpha":0.0255728452,"data_set_value_component_rate_constants_variable_alpha_":0.0031966057,"data_set_value_component_rate_constants_variable_beta":1.3589422085,"data_set_value_component_rate_constants_variable_beta_":10.8715376679,"data_set_value_component_rate_constants_variable_kG_plus":0.0029998082,"data_set_value_component_rate_constants_variable_b":0.9999060075,"data_set_value_component_rate_constants_variable_kb_plus":2000.0,"data_set_value_component_rate_constants_variable_kb_minus":1.0,"data_set_value_component_rate_constants_variable_kG_minus":0.00025,"data_set_value_component_rate_constants_variable_kG2_minus":0.016,"data_set_value_component_rate_constants_variable_kG3_minus":1.024,"data_set_value_component_C1_variable_C1":0.9906230726,"data_set_value_component_C2_variable_C2":0.0090556157,"data_set_value_component_C3_variable_C3":0.0000310427,"data_set_value_component_C4_variable_C4":0.0000000473,"data_set_value_component_O_variable_O":0.0,"data_set_value_component_O_variable_C_G":0.0002902217,"data_set_value_component_C_G1_variable_C_G1":0.0002891209,"data_set_value_component_C_G2_variable_C_G2":0.0000010986,"data_set_value_component_C_G3_variable_C_G3":0.0000000021,"data_set_value_component_membrane_post_variable_V_post":-63.0897636196,"data_set_value_component_membrane_post_variable_Cm":1.0,"data_set_value_component_synaptic_current_variable_i_syn":-12.6167667307,"data_set_value_component_synaptic_current_variable_g_syn":0.2,"data_set_value_component_synaptic_current_variable_V_syn":0.0,"data_set_value_component_leak_current_post_variable_i_leak_post":-2.7269290859,"data_set_value_component_sodium_current_post_variable_i_Na_post":-4.4425536376,"data_set_value_component_sodium_current_post_variable_x_infinity":0.05893227,"data_set_value_component_sodium_current_post_variable_alpha_x":0.5094762719,"data_set_value_component_sodium_current_post_variable_beta_x":8.1356390765,"data_set_value_component_potassium_current_post_variable_i_K_post":0.0000106148,"data_set_value_component_potassium_current_n_gate_post_variable_n_post":0.0120661632,"data_set_value_component_potassium_current_n_gate_post_variable_alpha_n":0.1298925961,"data_set_value_component_potassium_current_n_gate_post_variable_beta_n":0.244101217},{"data_set_value_component_environment_variable_time":0.2,"data_set_value_component_parameters_variable_R_gas_const":8314.41,"data_set_value_component_parameters_variable_Temp":310.0,"data_set_value_component_parameters_variable_F":96485.0,"data_set_value_component_transmitter_release_variable_R":0.0023576028,"data_set_value_component_transmitter_release_variable_kr_plus":0.15,"data_set_value_component_transmitter_release_variable_kr_minus":2.5,"data_set_value_component_transmitter_release_variable_T":9.4304110185,"data_set_value_component_transmitter_release_variable_T_bar":4000.0,"data_set_value_component_calcium_concentration_variable_Ca":0.1,"data_set_value_component_calcium_concentration_variable_Ca_ex":2000.0,"data_set_value_component_calcium_concentration_variable_Ca_open":0.0249407947,"data_set_value_component_calcium_concentration_variable_Dc":220.0,"data_set_value_component_calcium_concentration_variable_r":10.0,"data_set_value_component_calcium_concentration_variable_sigma":344.7567971587,"data_set_value_component_calcium_concentration_variable_i_V":-66.5296791121,"data_set_value_component_calcium_concentration_variable_g_Ca":1.2,"data_set_value_component_calcium_concentration_variable_P":0.006,"data_set_value_component_rate_constants_variable_alpha":0.0280286754,"data_set_value_component_rate_constants_variable_alpha_":0.0035035844,"data_set_value_component_rate_constants_variable_beta":1.1765791952,"data_set_value_component_rate_constants_variable_beta_":9.4126335618,"data_set_value_component_rate_constants_variable_kG_plus":0.0029998918,"data_set_value_component_rate_constants_variable_b":0.9999469758,"data_set_value_component_rate_constants_variable_kb_plus":2000.0,"data_set_value_component_rate_constants_variable_kb_minus":1.0,"data_set_value_component_rate_constants_variable_kG_minus":0.00025,"data_set_value_component_rate_constants_variable_kG2_minus":0.016,"data_set_value_component_rate_constants_variable_kG3_minus":1.024,"data_set_value_component_C1_variable_C1":0.9814575769,"data_set_value_component_C2_variable_C2":0.0178305172,"data_set_value_component_C3_variable_C3":0.0001214771,"data_set_value_component_C4_variable_C4":0.000000368,"data_set_value_component_O_variable_O":0.0000000004,"data_set_value_component_O_variable_C_G":0.0005900604,"data_set_value_component_C_G1_variable_C_G1":0.0005865403,"data_set_value_component_C_G2_variable_C_G2":0.0000035077,"data_set_value_component_C_G3_variable_C_G3":0.0000000124,"data_set_value_component_membrane_post_variable_V_post":-61.0724284668,"data_set_value_component_membrane_post_variable_Cm":1.0,"data_set_value_component_synaptic_current_variable_i_syn":-12.2138380298,"data_set_value_component_synaptic_current_variable_g_syn":0.2,"data_set_value_component_synaptic_current_variable_V_syn":0.0,"data_set_value_component_leak_current_post_variable_i_leak_post":-2.12172854,"data_set_value_component_sodium_current_post_variable_i_Na_post":-6.331513656,"data_set_value_component_sodium_current_post_variable_x_infinity":0.0668610392,"data_set_value_component_sodium_current_post_variable_alpha_x":0.5832769561,"data_set_value_component_sodium_current_post_variable_beta_x":8.1404426143,"data_set_value_component_potassium_current_post_variable_i_K_post":0.0002280317,"data_set_value_component_potassium_current_n_gate_post_variable_n_post":0.0251122604,"data_set_value_component_potassium_current_n_gate_post_variable_alpha_n":0.1453840051,"data_set_value_component_potassium_current_n_gate_post_variable_beta_n":0.2380227539},{"data_set_value_component_environment_variable_time":0.3,"data_set_value_component_parameters_variable_R_gas_const":8314.41,"data_set_value_component_parameters_variable_Temp":310.0,"data_set_value_component_parameters_variable_F":96485.0,"data_set_value_component_transmitter_release_variable_R":0.0031595988,"data_set_value_component_transmitter_release_variable_kr_plus":0.15,"data_set_value_component_transmitter_release_variable_kr_minus":2.5,"data_set_value_component_transmitter_release_variable_T":12.6383950727,"data_set_value_component_transmitter_release_variable_T_bar":4000.0,"data_set_value_component_calcium_concentration_variable_Ca":0.1000000001,"data_set_value_component_calcium_concentration_variable_Ca_ex":2000.0,"data_set_value_component_calcium_concentration_variable_Ca_open":0.0241093631,"data_set_value_component_calcium_concentration_variable_Dc":220.0,"data_set_value_component_calcium_concentration_variable_r":10.0,"data_set_value_component_calcium_concentration_variable_sigma":333.2639112976,"data_set_value_component_calcium_concentration_variable_i_V":-64.3118315897,"data_set_value_component_calcium_concentration_variable_g_Ca":1.2,"data_set_value_component_calcium_concentration_variable_P":0.006,"data_set_value_component_rate_constants_variable_alpha":0.0308966182,"data_set_value_component_rate_constants_variable_alpha_":0.0038620773,"data_set_value_component_rate_constants_variable_beta":1.0095703298,"data_set_value_component_rate_constants_variable_beta_":8.0765626384,"data_set_value_component_rate_constants_variable_kG_plus":0.0029999192,"data_set_value_component_rate_constants_variable_b":0.9999603995,"data_set_value_component_rate_constants_variable_kb_plus":2000.0,"data_set_value_component_rate_constants_variable_kb_minus":1.0,"data_set_value_component_rate_constants_variable_kG_minus":0.00025,"data_set_value_component_rate_constants_variable_kG2_minus":0.016,"data_set_value_component_rate_constants_variable_kG3_minus":1.024,"data_set_value_component_C1_variable_C1":0.9720885991,"data_set_value_component_C2_variable_C2":0.0267444026,"data_set_value_component_C3_variable_C3":0.0002759304,"data_set_value_component_C4_variable_C4":0.0000012656,"data_set_value_component_O_variable_O":0.0000000022,"data_set_value_component_O_variable_C_G":0.0008898001,"data_set_value_component_C_G1_variable_C_G1":0.0008828945,"data_set_value_component_C_G2_variable_C_G2":0.0000068706,"data_set_value_component_C_G3_variable_C_G3":0.000000035,"data_set_value_component_membrane_post_variable_V_post":-58.9292186305,"data_set_value_component_membrane_post_variable_Cm":1.0,"data_set_value_component_synaptic_current_variable_i_syn":-11.785377001,"data_set_value_component_synaptic_current_variable_g_syn":0.2,"data_set_value_component_synaptic_current_variable_V_syn":0.0,"data_set_value_component_leak_current_post_variable_i_leak_post":-1.4787655891,"data_set_value_component_sodium_current_post_variable_i_Na_post":-9.1073912915,"data_set_value_component_sodium_current_post_variable_x_infinity":0.076145382,"data_set_value_component_sodium_current_post_variable_alpha_x":0.6713991366,"data_set_value_component_sodium_current_post_variable_beta_x":8.1459331692,"data_set_value_component_potassium_current_post_variable_i_K_post":0.0015473177,"data_set_value_component_potassium_current_n_gate_post_variable_n_post":0.0392712761,"data_set_value_component_potassium_current_n_gate_post_variable_alpha_n":0.1632743435,"data_set_value_component_potassium_current_n_gate_post_variable_beta_n":0.2317307531},{"data_set_value_component_environment_variable_time":0.4,"data_set_value_component_parameters_variable_R_gas_const":8314.41,"data_set_value_component_parameters_variable_Temp":310.0,"data_set_value_component_parameters_variable_F":96485.0,"data_set_value_component_transmitter_release_variable_R":0.0037832497,"data_set_value_component_transmitter_release_variable_kr_plus":0.15,"data_set_value_component_transmitter_release_variable_kr_minus":2.5,"data_set_value_component_transmitter_release_variable_T":15.1329987848,"data_set_value_component_transmitter_release_variable_T_bar":4000.0,"data_set_value_component_calcium_concentration_variable_Ca":0.1000000002,"data_set_value_component_calcium_concentration_variable_Ca_ex":2000.0,"data_set_value_component_calcium_concentration_variable_Ca_open":0.0231922532,"data_set_value_component_calcium_concentration_variable_Dc":220.0,"data_set_value_component_calcium_concentration_variable_r":10.0,"data_set_value_component_calcium_concentration_variable_sigma":320.5866942265,"data_set_value_component_calcium_concentration_variable_i_V":-61.8654369407,"data_set_value_component_calcium_concentration_variable_g_Ca":1.2,"data_set_value_component_calcium_concentration_variable_P":0.006,"data_set_value_component_rate_constants_variable_alpha":0.0344222772,"data_set_value_component_rate_constants_variable_alpha_":0.0043027846,"data_set_value_component_rate_constants_variable_beta":0.851905764,"data_set_value_component_rate_constants_variable_beta_":6.815246112,"data_set_value_component_rate_constants_variable_kG_plus":0.0029999329,"data_set_value_component_rate_constants_variable_b":0.999967085,"data_set_value_component_rate_constants_variable_kb_plus":2000.0,"data_set_value_component_rate_constants_variable_kb_minus":1.0,"data_set_value_component_rate_constants_variable_kG_minus":0.00025,"data_set_value_component_rate_constants_variable_kG2_minus":0.016,"data_set_value_component_rate_constants_variable_kG3_minus":1.024,"data_set_value_component_C1_variable_C1":0.9621010743,"data_set_value_component_C2_variable_C2":0.0361956193,"data_set_value_component_C3_variable_C3":0.0005106614,"data_set_value_component_C4_variable_C4":0.0000032029,"data_set_value_component_O_variable_O":0.0000000075,"data_set_value_component_O_variable_C_G":0.0011894345,"data_set_value_component_C_G1_variable_C_G1":0.0011779859,"data_set_value_component_C_G2_variable_C_G2":0.0000113718,"data_set_value_component_C_G3_variable_C_G3":0.0000000769,"data_set_value_component_membrane_post_variable_V_post":-56.5519599957,"data_set_value_component_membrane_post_variable_Cm":1.0,"data_set_value_component_synaptic_current_variable_i_syn":-11.3100197175,"data_set_value_component_synaptic_current_variable_g_syn":0.2,"data_set_value_component_synaptic_current_variable_V_syn":0.0,"data_set_value_component_leak_current_post_variable_i_leak_post":-0.7655879987,"data_set_value_component_sodium_current_post_variable_i_Na_post":-13.4201680657,"data_set_value_component_sodium_current_post_variable_x_infinity":0.0875090402,"data_set_value_component_sodium_current_post_variable_alpha_x":0.7818397155,"data_set_value_component_sodium_current_post_variable_beta_x":8.1525482529,"data_set_value_component_potassium_current_post_variable_i_K_post":0.0066157515,"data_set_value_component_potassium_current_n_gate_post_variable_n_post":0.0547527894,"data_set_value_component_potassium_current_n_gate_post_variable_alpha_n":0.184881669,"data_set_value_component_potassium_current_n_gate_post_variable_beta_n":0.22494601},{"data_set_value_component_environment_variable_time":0.5,"data_set_value_component_parameters_variable_R_gas_const":8314.41,"data_set_value_component_parameters_variable_Temp":310.0,"data_set_value_component_parameters_variable_F":96485.0,"data_set_value_component_transmitter_release_variable_R":0.0042682219,"data_set_value_component_transmitter_release_variable_kr_plus":0.15,"data_set_value_component_transmitter_release_variable_kr_minus":2.5,"data_set_value_component_transmitter_release_variable_T":17.0728877846,"data_set_value_component_transmitter_release_variable_T_bar":4000.0,"data_set_value_component_calcium_concentration_variable_Ca":0.1000000005,"data_set_value_component_calcium_concentration_variable_Ca_ex":2000.0,"data_set_value_component_calcium_concentration_variable_Ca_open":0.0221151287,"data_set_value_component_calcium_concentration_variable_Dc":220.0,"data_set_value_component_calcium_concentration_variable_r":10.0,"data_set_value_component_calcium_concentration_variable_sigma":305.6975931482,"data_set_value_component_calcium_concentration_variable_i_V":-58.9922024601,"data_set_value_component_calcium_concentration_variable_g_Ca":1.2,"data_set_value_component_calcium_concentration_variable_P":0.006,"data_set_value_component_rate_constants_variable_alpha":0.0391162453,"data_set_value_component_rate_constants_variable_alpha_":0.0048895307,"data_set_value_component_rate_constants_variable_beta":0.6968666329,"data_set_value_component_rate_constants_variable_beta_":5.574933063,"data_set_value_component_rate_constants_variable_kG_plus":0.0029999406,"data_set_value_component_rate_constants_variable_b":0.9999708702,"data_set_value_component_rate_constants_variable_kb_plus":2000.0,"data_set_value_component_rate_constants_variable_kb_minus":1.0,"data_set_value_component_rate_constants_variable_kG_minus":0.00025,"data_set_value_component_rate_constants_variable_kG2_minus":0.016,"data_set_value_component_rate_constants_variable_kG3_minus":1.024,"data_set_value_component_C1_variable_C1":0.9509825924,"data_set_value_component_C2_variable_C2":0.0466627608,"data_set_value_component_C3_variable_C3":0.0008586433,"data_set_value_component_C4_variable_C4":0.0000070242,"data_set_value_component_O_variable_O":0.0000000215,"data_set_value_component_O_variable_C_G":0.0014889577,"data_set_value_component_C_G1_variable_C_G1":0.001471294,"data_set_value_component_C_G2_variable_C_G2":0.0000175121,"data_set_value_component_C_G3_variable_C_G3":0.0000001516,"data_set_value_component_membrane_post_variable_V_post":-53.7396138557,"data_set_value_component_membrane_post_variable_Cm":1.0,"data_set_value_component_synaptic_current_variable_i_syn":-10.7476096858,"data_set_value_component_synaptic_current_variable_g_syn":0.2,"data_set_value_component_synaptic_current_variable_V_syn":0.0,"data_set_value_component_leak_current_post_variable_i_leak_post":0.0781158433,"data_set_value_component_sodium_current_post_variable_i_Na_post":-20.7850892893,"data_set_value_component_sodium_current_post_variable_x_infinity":0.1024145723,"data_set_value_component_sodium_current_post_variable_alpha_x":0.9311927224,"data_set_value_component_sodium_current_post_variable_beta_x":8.1611922906,"data_set_value_component_potassium_current_post_variable_i_K_post":0.0224006465,"data_set_value_component_potassium_current_n_gate_post_variable_n_post":0.071917616,"data_set_value_component_potassium_current_n_gate_post_variable_alpha_n":0.2128685536,"data_set_value_component_potassium_current_n_gate_post_variable_beta_n":0.217175567},{"data_set_value_component_environment_variable_time":0.6,"data_set_value_component_parameters_variable_R_gas_const":8314.41,"data_set_value_component_parameters_variable_Temp":310.0,"data_set_value_component_parameters_variable_F":96485.0,"data_set_value_component_transmitter_release_variable_R":0.0046453531,"data_set_value_component_transmitter_release_variable_kr_plus":0.15,"data_set_value_component_transmitter_release_variable_kr_minus":2.5,"data_set_value_component_transmitter_release_variable_T":18.5814125246,"data_set_value_component_transmitter_release_variable_T_bar":4000.0,"data_set_value_component_calcium_concentration_variable_Ca":0.1000000012,"data_set_value_component_calcium_concentration_variable_Ca_ex":2000.0,"data_set_value_component_calcium_concentration_variable_Ca_open":0.0207134069,"data_set_value_component_calcium_concentration_variable_Dc":220.0,"data_set_value_component_calcium_concentration_variable_r":10.0,"data_set_value_component_calcium_concentration_variable_sigma":286.3215822086,"data_set_value_component_calcium_concentration_variable_i_V":-55.2531034752,"data_set_value_component_calcium_concentration_variable_g_Ca":1.2,"data_set_value_component_calcium_concentration_variable_P":0.006,"data_set_value_component_rate_constants_variable_alpha":0.0462778194,"data_set_value_component_rate_constants_variable_alpha_":0.0057847274,"data_set_value_component_rate_constants_variable_beta":0.5350700881,"data_set_value_component_rate_constants_variable_beta_":4.2805607046,"data_set_value_component_rate_constants_variable_kG_plus":0.0029999449,"data_set_value_component_rate_constants_variable_b":0.9999730111,"data_set_value_component_rate_constants_variable_kb_plus":2000.0,"data_set_value_component_rate_constants_variable_kb_minus":1.0,"data_set_value_component_rate_constants_variable_kG_minus":0.00025,"data_set_value_component_rate_constants_variable_kG2_minus":0.016,"data_set_value_component_rate_constants_variable_kG3_minus":1.024,"data_set_value_component_C1_variable_C1":0.9379126829,"data_set_value_component_C2_variable_C2":0.0588973757,"data_set_value_component_C3_variable_C3":0.0013870025,"data_set_value_component_C4_variable_C4":0.0000145215,"data_set_value_component_O_variable_O":0.000000057,"data_set_value_component_O_variable_C_G":0.0017883605,"data_set_value_component_C_G1_variable_C_G1":0.001761787,"data_set_value_component_C_G2_variable_C_G2":0.0000262852,"data_set_value_component_C_G3_variable_C_G3":0.0000002882,"data_set_value_component_membrane_post_variable_V_post":-50.0408656014,"data_set_value_component_membrane_post_variable_Cm":1.0,"data_set_value_component_synaptic_current_variable_i_syn":-10.0079030103,"data_set_value_component_synaptic_current_variable_g_syn":0.2,"data_set_value_component_synaptic_current_variable_V_syn":0.0,"data_set_value_component_leak_current_post_variable_i_leak_post":1.1877403196,"data_set_value_component_sodium_current_post_variable_i_Na_post":-35.6770971117,"data_set_value_component_sodium_current_post_variable_x_infinity":0.1243859616,"data_set_value_component_sodium_current_post_variable_alpha_x":1.1611877235,"data_set_value_component_sodium_current_post_variable_beta_x":8.174172222,"data_set_value_component_potassium_current_post_variable_i_K_post":0.0679297996,"data_set_value_component_potassium_current_n_gate_post_variable_n_post":0.0914666919,"data_set_value_component_potassium_current_n_gate_post_variable_alpha_n":0.253673477,"data_set_value_component_potassium_current_n_gate_post_variable_beta_n":0.2073631778},{"data_set_value_component_environment_variable_time":0.7,"data_set_value_component_parameters_variable_R_gas_const":8314.41,"data_set_value_component_parameters_variable_Temp":310.0,"data_set_value_component_parameters_variable_F":96485.0,"data_set_value_component_transmitter_release_variable_R":0.0049386237,"data_set_value_component_transmitter_release_variable_kr_plus":0.15,"data_set_value_component_transmitter_release_variable_kr_minus":2.5,"data_set_value_component_transmitter_release_variable_T":19.7544947703,"data_set_value_component_transmitter_release_variable_T_bar":4000.0,"data_set_value_component_calcium_concentration_variable_Ca":0.1000000029,"data_set_value_component_calcium_concentration_variable_Ca_ex":2000.0,"data_set_value_component_calcium_concentration_variable_Ca_open":0.0184867377,"data_set_value_component_calcium_concentration_variable_Dc":220.0,"data_set_value_component_calcium_concentration_variable_r":10.0,"data_set_value_component_calcium_concentration_variable_sigma":255.5423175396,"data_set_value_component_calcium_concentration_variable_i_V":-49.31345379,"data_set_value_component_calcium_concentration_variable_g_Ca":1.2,"data_set_value_component_calcium_concentration_variable_P":0.006,"data_set_value_component_rate_constants_variable_alpha":0.0607610189,"data_set_value_component_rate_constants_variable_alpha_":0.0075951274,"data_set_value_component_rate_constants_variable_beta":0.3488075271,"data_set_value_component_rate_constants_variable_beta_":2.7904602171,"data_set_value_component_rate_constants_variable_kG_plus":0.0029999484,"data_set_value_component_rate_constants_variable_b":0.9999746896,"data_set_value_component_rate_constants_variable_kb_plus":2000.0,"data_set_value_component_rate_constants_variable_kb_minus":1.0,"data_set_value_component_rate_constants_variable_kG_minus":0.00025,"data_set_value_component_rate_constants_variable_kG2_minus":0.016,"data_set_value_component_rate_constants_variable_kG3_minus":1.024,"data_set_value_component_C1_variable_C1":0.9210676674,"data_set_value_component_C2_variable_C2":0.0745511102,"data_set_value_component_C3_variable_C3":0.0022629047,"data_set_value_component_C4_variable_C4":0.0000305373,"data_set_value_component_O_variable_O":0.0000001545,"data_set_value_component_O_variable_C_G":0.0020876259,"data_set_value_component_C_G1_variable_C_G1":0.0020471282,"data_set_value_component_C_G2_variable_C_G2":0.0000399356,"data_set_value_component_C_G3_variable_C_G3":0.0000005621,"data_set_value_component_membrane_post_variable_V_post":-44.0505809914,"data_set_value_component_membrane_post_variable_Cm":1.0,"data_set_value_component_synaptic_current_variable_i_syn":-8.8098932109,"data_set_value_component_synaptic_current_variable_g_syn":0.2,"data_set_value_component_synaptic_current_variable_V_syn":0.0,"data_set_value_component_leak_current_post_variable_i_leak_post":2.9848257026,"data_set_value_component_sodium_current_post_variable_i_Na_post":-78.4716537611,"data_set_value_component_sodium_current_post_variable_x_infinity":0.1651526439,"data_set_value_component_sodium_current_post_variable_alpha_x":1.6222127589,"data_set_value_component_sodium_current_post_variable_beta_x":8.2002927752,"data_set_value_component_potassium_current_post_variable_i_K_post":0.2081418063,"data_set_value_component_potassium_current_n_gate_post_variable_n_post":0.1150938888,"data_set_value_component_potassium_current_n_gate_post_variable_alpha_n":0.3290876196,"data_set_value_component_potassium_current_n_gate_post_variable_beta_n":0.192403202},{"data_set_value_component_environment_variable_time":0.8,"data_set_value_component_parameters_variable_R_gas_const":8314.41,"data_set_value_component_parameters_variable_Temp":310.0,"data_set_value_component_parameters_variable_F":96485.0,"data_set_value_component_transmitter_release_variable_R":0.0051666809,"data_set_value_component_transmitter_release_variable_kr_plus":0.15,"data_set_value_component_transmitter_release_variable_kr_minus":2.5,"data_set_value_component_transmitter_release_variable_T":20.6667234828,"data_set_value_component_transmitter_release_variable_T_bar":4000.0,"data_set_value_component_calcium_concentration_variable_Ca":0.100000007,"data_set_value_component_calcium_concentration_variable_Ca_ex":2000.0,"data_set_value_component_calcium_concentration_variable_Ca_open":0.0122190513,"data_set_value_component_calcium_concentration_variable_Dc":220.0,"data_set_value_component_calcium_concentration_variable_r":10.0,"data_set_value_component_calcium_concentration_variable_sigma":168.90403942,"data_set_value_component_calcium_concentration_variable_i_V":-32.5943727171,"data_set_value_component_calcium_concentration_variable_g_Ca":1.2,"data_set_value_component_calcium_concentration_variable_P":0.006,"data_set_value_component_rate_constants_variable_alpha":0.1387976132,"data_set_value_component_rate_constants_variable_alpha_":0.0173497016,"data_set_value_component_rate_constants_variable_beta":0.095241215,"data_set_value_component_rate_constants_variable_beta_":0.7619297198,"data_set_value_component_rate_constants_variable_kG_plus":0.0029999506,"data_set_value_component_rate_constants_variable_b":0.9999758069,"data_set_value_component_rate_constants_variable_kb_plus":2000.0,"data_set_value_component_rate_constants_variable_kb_minus":1.0,"data_set_value_component_rate_constants_variable_kG_minus":0.00025,"data_set_value_component_rate_constants_variable_kG2_minus":0.016,"data_set_value_component_rate_constants_variable_kG3_minus":1.024,"data_set_value_component_C1_variable_C1":0.892117461,"data_set_value_component_C2_variable_C2":0.1011160248,"data_set_value_component_C3_variable_C3":0.0042980103,"data_set_value_component_C4_variable_C4":0.0000812171,"data_set_value_component_O_variable_O":0.0000005755,"data_set_value_component_O_variable_C_G":0.0023867112,"data_set_value_component_C_G1_variable_C_G1":0.0023193621,"data_set_value_component_C_G2_variable_C_G2":0.0000660724,"data_set_value_component_C_G3_variable_C_G3":0.0000012767,"data_set_value_component_membrane_post_variable_V_post":-25.8770760831,"data_set_value_component_membrane_post_variable_Cm":1.0,"data_set_value_component_synaptic_current_variable_i_syn":-5.1752900072,"data_set_value_component_synaptic_current_variable_g_syn":0.2,"data_set_value_component_synaptic_current_variable_V_syn":0.0,"data_set_value_component_leak_current_post_variable_i_leak_post":8.4368771751,"data_set_value_component_sodium_current_post_variable_i_Na_post":-437.2036106489,"data_set_value_component_sodium_current_post_variable_x_infinity":0.3085669182,"data_set_value_component_sodium_current_post_variable_alpha_x":3.7341697226,"data_set_value_component_sodium_current_post_variable_beta_x":8.3674831188,"data_set_value_component_potassium_current_post_variable_i_K_post":0.9293623755,"data_set_value_component_potassium_current_n_gate_post_variable_n_post":0.1499052093,"data_set_value_component_potassium_current_n_gate_post_variable_alpha_n":0.6159351664,"data_set_value_component_potassium_current_n_gate_post_variable_beta_n":0.1533042285},{"data_set_value_component_environment_variable_time":0.9,"data_set_value_component_parameters_variable_R_gas_const":8314.41,"data_set_value_component_parameters_variable_Temp":310.0,"data_set_value_component_parameters_variable_F":96485.0,"data_set_value_component_transmitter_release_variable_R":0.0053440261,"data_set_value_component_transmitter_release_variable_kr_plus":0.15,"data_set_value_component_transmitter_release_variable_kr_minus":2.5,"data_set_value_component_transmitter_release_variable_T":21.3761042351,"data_set_value_component_transmitter_release_variable_T_bar":4000.0,"data_set_value_component_calcium_concentration_variable_Ca":0.1000000735,"data_set_value_component_calcium_concentration_variable_Ca_ex":2000.0,"data_set_value_component_calcium_concentration_variable_Ca_open":0.0062771536,"data_set_value_component_calcium_concentration_variable_Dc":220.0,"data_set_value_component_calcium_concentration_variable_r":10.0,"data_set_value_component_calcium_concentration_variable_sigma":86.7691428284,"data_set_value_component_calcium_concentration_variable_i_V":-16.7443347797,"data_set_value_component_calcium_concentration_variable_g_Ca":1.2,"data_set_value_component_calcium_concentration_variable_P":0.006,"data_set_value_component_rate_constants_variable_alpha":0.3728782182,"data_set_value_component_rate_constants_variable_alpha_":0.0466097773,"data_set_value_component_rate_constants_variable_beta":0.0201553957,"data_set_value_component_rate_constants_variable_beta_":0.1612431657,"data_set_value_component_rate_constants_variable_kG_plus":0.0029999523,"data_set_value_component_rate_constants_variable_b":0.9999766098,"data_set_value_component_rate_constants_variable_kb_plus":2000.0,"data_set_value_component_rate_constants_variable_kb_minus":1.0,"data_set_value_component_rate_constants_variable_kG_minus":0.00025,"data_set_value_component_rate_constants_variable_kG2_minus":0.016,"data_set_value_component_rate_constants_variable_kG3_minus":1.024,"data_set_value_component_C1_variable_C1":0.7835151804,"data_set_value_component_C2_variable_C2":0.1948606797,"data_set_value_component_C3_variable_C3":0.0181736591,"data_set_value_component_C4_variable_C4":0.0007534189,"data_set_value_component_O_variable_O":0.0000117126,"data_set_value_component_O_variable_C_G":0.0026853493,"data_set_value_component_C_G1_variable_C_G1":0.0025346488,"data_set_value_component_C_G2_variable_C_G2":0.0001455849,"data_set_value_component_C_G3_variable_C_G3":0.0000051156,"data_set_value_component_membrane_post_variable_V_post":-4.1359056028,"data_set_value_component_membrane_post_variable_Cm":1.0,"data_set_value_component_synaptic_current_variable_i_syn":-0.8271617726,"data_set_value_component_synaptic_current_variable_g_syn":0.2,"data_set_value_component_synaptic_current_variable_V_syn":0.0,"data_set_value_component_leak_current_post_variable_i_leak_post":14.9592283191,"data_set_value_component_sodium_current_post_variable_i_Na_post":-20.267198776,"data_set_value_component_sodium_current_post_variable_x_infinity":0.1206210394,"data_set_value_component_sodium_current_post_variable_alpha_x":7.377148194,"data_set_value_component_sodium_current_post_variable_beta_x":53.7825651412,"data_set_value_component_potassium_current_post_variable_i_K_post":6.692038807,"data_set_value_component_potassium_current_n_gate_post_variable_n_post":0.2247427003,"data_set_value_component_potassium_current_n_gate_post_variable_alpha_n":1.0236079595,"data_set_value_component_potassium_current_n_gate_post_variable_beta_n":0.116822973},{"data_set_value_component_environment_variable_time":1.0,"data_set_value_component_parameters_variable_R_gas_const":8314.41,"data_set_value_component_parameters_variable_Temp":310.0,"data_set_value_component_parameters_variable_F":96485.0,"data_set_value_component_transmitter_release_variable_R":0.0054819378,"data_set_value_component_transmitter_release_variable_kr_plus":0.15,"data_set_value_component_transmitter_release_variable_kr_minus":2.5,"data_set_value_component_transmitter_release_variable_T":21.9277513984,"data_set_value_component_transmitter_release_variable_T_bar":4000.0,"data_set_value_component_calcium_concentration_variable_Ca":0.1000004654,"data_set_value_component_calcium_concentration_variable_Ca_ex":2000.0,"data_set_value_component_calcium_concentration_variable_Ca_open":0.0062935629,"data_set_value_component_calcium_concentration_variable_Dc":220.0,"data_set_value_component_calcium_concentration_variable_r":10.0,"data_set_value_component_calcium_concentration_variable_sigma":86.9959682161,"data_set_value_component_calcium_concentration_variable_i_V":-16.7881065643,"data_set_value_component_calcium_concentration_variable_g_Ca":1.2,"data_set_value_component_calcium_concentration_variable_P":0.006,"data_set_value_component_rate_constants_variable_alpha":0.3716334323,"data_set_value_component_rate_constants_variable_alpha_":0.046454179,"data_set_value_component_rate_constants_variable_beta":0.0202615851,"data_set_value_component_rate_constants_variable_beta_":0.1620926807,"data_set_value_component_rate_constants_variable_kG_plus":0.0029999535,"data_set_value_component_rate_constants_variable_b":0.9999771982,"data_set_value_component_rate_constants_variable_kb_plus":2000.0,"data_set_value_component_rate_constants_variable_kb_minus":1.0,"data_set_value_component_rate_constants_variable_kG_minus":0.00025,"data_set_value_component_rate_constants_variable_kG2_minus":0.016,"data_set_value_component_rate_constants_variable_kG3_minus":1.024,"data_set_value_component_C1_variable_C1":0.6753508987,"data_set_value_component_C2_variable_C2":0.2763074076,"data_set_value_component_C3_variable_C3":0.0423938615,"data_set_value_component_C4_variable_C4":0.0028912849,"data_set_value_component_O_variable_O":0.0000739471,"data_set_value_component_O_variable_C_G":0.0029826001,"data_set_value_component_C_G1_variable_C_G1":0.0027073941,"data_set_value_component_C_G2_variable_C_G2":0.0002596891,"data_set_value_component_C_G3_variable_C_G3":0.0000155169,"data_set_value_component_membrane_post_variable_V_post":-4.2094714486,"data_set_value_component_membrane_post_variable_Cm":1.0,"data_set_value_component_synaptic_current_variable_i_syn":-0.8418750931,"data_set_value_component_synaptic_current_variable_g_syn":0.2,"data_set_value_component_synaptic_current_variable_V_syn":0.0,"data_set_value_component_leak_current_post_variable_i_leak_post":14.9371585654,"data_set_value_component_sodium_current_post_variable_i_Na_post":-33.6336384658,"data_set_value_component_sodium_current_post_variable_x_infinity":0.147526896,"data_set_value_component_sodium_current_post_variable_alpha_x":7.363564726,"data_set_value_component_sodium_current_post_variable_beta_x":42.5498064935,"data_set_value_component_potassium_current_post_variable_i_K_post":20.4476454002,"data_set_value_component_potassium_current_n_gate_post_variable_n_post":0.2972120976,"data_set_value_component_potassium_current_n_gate_post_variable_alpha_n":1.0221744276,"data_set_value_component_potassium_current_n_gate_post_variable_beta_n":0.1169304497}]