[{"data_set_value_component_environment_variable_time":0.0,"data_set_value_component_membrane_variable_V":-40.0,"data_set_value_component_membrane_variable_Cm":4525.0,"data_set_value_component_Ica_variable_Ica":-3260.3697025618,"data_set_value_component_Ica_variable_gCa":280.0,"data_set_value_component_Ica_variable_VCa":100.0,"data_set_value_component_m_variable_m_infinity":0.0831726965,"data_set_value_component_m_variable_vm":-22.0,"data_set_value_component_m_variable_sm":7.5,"data_set_value_component_Is1_variable_Is1":792.0,"data_set_value_component_Is1_variable_gs1":22.0,"data_set_value_component_s1_variable_s1":0.9,"data_set_value_component_s1_variable_s1_infinity":0.880797078,"data_set_value_component_s1_variable_autos1":1.0,"data_set_value_component_s1_variable_s1knot":1.0,"data_set_value_component_s1_variable_tau_s1":1000.0,"data_set_value_component_s1_variable_vs1":-50.0,"data_set_value_component_s1_variable_ss1":5.0,"data_set_value_component_Ik_variable_Ik":0.0,"data_set_value_component_Ik_variable_VK":-80.0,"data_set_value_component_Ik_variable_gK":1300.0,"data_set_value_component_n_variable_n":0.0,"data_set_value_component_n_variable_n_infinity":0.0431072549,"data_set_value_component_n_variable_tau_n_bar":8.25,"data_set_value_component_n_variable_tau_n":7.8943651467,"data_set_value_component_n_variable_vn":-9.0,"data_set_value_component_n_variable_sn":10.0,"data_set_value_component_Il_variable_Il":0.0,"data_set_value_component_Il_variable_gl":41.0,"data_set_value_component_Il_variable_Vl":-40.0,"data_set_value_component_Il_variable_q":0.57,"data_set_value_component_Il_variable_p":0.14,"data_set_value_component_Il_variable_alpha_p":1.0,"data_set_value_component_Il_variable_tau_p":100.0,"data_set_value_component_Il_variable_beta_p":4.0,"data_set_value_component_Il_variable_p0":0.2,"data_set_value_component_Il_variable_noise":1.0,"data_set_value_component_Il_variable_sigma":0.0113048662,"data_set_value_component_Il_variable_w":1.0,"data_set_value_component_Il_variable_nstoc":111.1111111111,"data_set_value_component_Il_variable_delNoise":3.0,"data_set_value_component_Is2_variable_Is2":320.0,"data_set_value_component_Is2_variable_gs2":16.0,"data_set_value_component_s2_variable_s2":0.5,"data_set_value_component_s2_variable_s2_infinity":0.5,"data_set_value_component_s2_variable_autos2":1.0,"data_set_value_component_s2_variable_s2knot":0.47,"data_set_value_component_s2_variable_tau_s2":30000.0,"data_set_value_component_s2_variable_vs2":-40.0,"data_set_value_component_s2_variable_ss2":15.0},{"data_set_value_component_environment_variable_time":0.1,"data_set_value_component_membrane_variable_V":-39.9526659695,"data_set_value_component_membrane_variable_Cm":4525.0,"data_set_value_component_Ica_variable_Ica":-3278.1760982488,"data_set_value_component_Ica_variable_gCa":280.0,"data_set_value_component_Ica_variable_VCa":100.0,"data_set_value_component_m_variable_m_infinity":0.0836552251,"data_set_value_component_m_variable_vm":-22.0,"data_set_value_component_m_variable_sm":7.5,"data_set_value_component_Is1_variable_Is1":792.9355659251,"data_set_value_component_Is1_variable_gs1":22.0,"data_set_value_component_s1_variable_s1":0.8999981296,"data_set_value_component_s1_variable_s1_infinity":0.8817874543,"data_set_value_component_s1_variable_autos1":1.0,"data_set_value_component_s1_variable_s1knot":1.0,"data_set_value_component_s1_variable_tau_s1":1000.0,"data_set_value_component_s1_variable_vs1":-50.0,"data_set_value_component_s1_variable_ss1":5.0,"data_set_value_component_Ik_variable_Ik":28.3156356608,"data_set_value_component_Ik_variable_VK":-80.0,"data_set_value_component_Ik_variable_gK":1300.0,"data_set_value_component_n_variable_n":0.0005438878,"data_set_value_component_n_variable_n_infinity":0.043302926,"data_set_value_component_n_variable_tau_n_bar":8.25,"data_set_value_component_n_variable_tau_n":7.8927508607,"data_set_value_component_n_variable_vn":-9.0,"data_set_value_component_n_variable_sn":10.0,"data_set_value_component_Il_variable_Il":1.1075817101,"data_set_value_component_Il_variable_gl":41.0,"data_set_value_component_Il_variable_Vl":-40.0,"data_set_value_component_Il_variable_q":0.570713877,"data_set_value_component_Il_variable_p":0.141427754,"data_set_value_component_Il_variable_alpha_p":1.0,"data_set_value_component_Il_variable_tau_p":100.0,"data_set_value_component_Il_variable_beta_p":4.0,"data_set_value_component_Il_variable_p0":0.2,"data_set_value_component_Il_variable_noise":1.0,"data_set_value_component_Il_variable_sigma":0.0113219033,"data_set_value_component_Il_variable_w":1.0,"data_set_value_component_Il_variable_nstoc":111.1111111111,"data_set_value_component_Il_variable_delNoise":3.0,"data_set_value_component_Is2_variable_Is2":320.3786730911,"data_set_value_component_Is2_variable_gs2":16.0,"data_set_value_component_s2_variable_s2":0.5000000013,"data_set_value_component_s2_variable_s2_infinity":0.5007888999,"data_set_value_component_s2_variable_autos2":1.0,"data_set_value_component_s2_variable_s2knot":0.47,"data_set_value_component_s2_variable_tau_s2":30000.0,"data_set_value_component_s2_variable_vs2":-40.0,"data_set_value_component_s2_variable_ss2":15.0},{"data_set_value_component_environment_variable_time":0.2,"data_set_value_component_membrane_variable_V":-39.9056145364,"data_set_value_component_membrane_variable_Cm":4525.0,"data_set_value_component_Ica_variable_Ica":-3295.9622162147,"data_set_value_component_Ica_variable_gCa":280.0,"data_set_value_component_Ica_variable_VCa":100.0,"data_set_value_component_m_variable_m_infinity":0.0841373927,"data_set_value_component_m_variable_vm":-22.0,"data_set_value_component_m_variable_sm":7.5,"data_set_value_component_Is1_variable_Is1":793.8656189754,"data_set_value_component_Is1_variable_gs1":22.0,"data_set_value_component_s1_variable_s1":0.8999963572,"data_set_value_component_s1_variable_s1_infinity":0.8827648482,"data_set_value_component_s1_variable_autos1":1.0,"data_set_value_component_s1_variable_s1knot":1.0,"data_set_value_component_s1_variable_tau_s1":1000.0,"data_set_value_component_s1_variable_vs1":-50.0,"data_set_value_component_s1_variable_ss1":5.0,"data_set_value_component_Ik_variable_Ik":56.4761123173,"data_set_value_component_Ik_variable_VK":-80.0,"data_set_value_component_Ik_variable_gK":1300.0,"data_set_value_component_n_variable_n":0.0010835224,"data_set_value_component_n_variable_n_infinity":0.043498269,"data_set_value_component_n_variable_tau_n_bar":8.25,"data_set_value_component_n_variable_tau_n":7.8911392805,"data_set_value_component_n_variable_vn":-9.0,"data_set_value_component_n_variable_sn":10.0,"data_set_value_component_Il_variable_Il":2.2113029414,"data_set_value_component_Il_variable_gl":41.0,"data_set_value_component_Il_variable_Vl":-40.0,"data_set_value_component_Il_variable_q":0.5714250483,"data_set_value_component_Il_variable_p":0.1428500965,"data_set_value_component_Il_variable_alpha_p":1.0,"data_set_value_component_Il_variable_tau_p":100.0,"data_set_value_component_Il_variable_beta_p":4.0,"data_set_value_component_Il_variable_p0":0.2,"data_set_value_component_Il_variable_noise":1.0,"data_set_value_component_Il_variable_sigma":0.0113388503,"data_set_value_component_Il_variable_w":1.0,"data_set_value_component_Il_variable_nstoc":111.1111111111,"data_set_value_component_Il_variable_delNoise":3.0,"data_set_value_component_Is2_variable_Is2":320.7550870811,"data_set_value_component_Is2_variable_gs2":16.0,"data_set_value_component_s2_variable_s2":0.5000000053,"data_set_value_component_s2_variable_s2_infinity":0.5015730859,"data_set_value_component_s2_variable_autos2":1.0,"data_set_value_component_s2_variable_s2knot":0.47,"data_set_value_component_s2_variable_tau_s2":30000.0,"data_set_value_component_s2_variable_vs2":-40.0,"data_set_value_component_s2_variable_ss2":15.0},{"data_set_value_component_environment_variable_time":0.3,"data_set_value_component_membrane_variable_V":-39.8588436383,"data_set_value_component_membrane_variable_Cm":4525.0,"data_set_value_component_Ica_variable_Ica":-3313.7275946416,"data_set_value_component_Ica_variable_gCa":280.0,"data_set_value_component_Ica_variable_VCa":100.0,"data_set_value_component_m_variable_m_infinity":0.0846191853,"data_set_value_component_m_variable_vm":-22.0,"data_set_value_component_m_variable_sm":7.5,"data_set_value_component_Is1_variable_Is1":794.7901995808,"data_set_value_component_Is1_variable_gs1":22.0,"data_set_value_component_s1_variable_s1":0.899994682,"data_set_value_component_s1_variable_s1_infinity":0.8837294615,"data_set_value_component_s1_variable_autos1":1.0,"data_set_value_component_s1_variable_s1knot":1.0,"data_set_value_component_s1_variable_tau_s1":1000.0,"data_set_value_component_s1_variable_vs1":-50.0,"data_set_value_component_s1_variable_ss1":5.0,"data_set_value_component_Ik_variable_Ik":84.4816396813,"data_set_value_component_Ik_variable_VK":-80.0,"data_set_value_component_Ik_variable_gK":1300.0,"data_set_value_component_n_variable_n":0.0016189338,"data_set_value_component_n_variable_n_infinity":0.0436932808,"data_set_value_component_n_variable_tau_n_bar":8.25,"data_set_value_component_n_variable_tau_n":7.8895304331,"data_set_value_component_n_variable_vn":-9.0,"data_set_value_component_n_variable_sn":10.0,"data_set_value_component_Il_variable_Il":3.3111717167,"data_set_value_component_Il_variable_gl":41.0,"data_set_value_component_Il_variable_Vl":-40.0,"data_set_value_component_Il_variable_q":0.5721335178,"data_set_value_component_Il_variable_p":0.1442670357,"data_set_value_component_Il_variable_alpha_p":1.0,"data_set_value_component_Il_variable_tau_p":100.0,"data_set_value_component_Il_variable_beta_p":4.0,"data_set_value_component_Il_variable_p0":0.2,"data_set_value_component_Il_variable_noise":1.0,"data_set_value_component_Il_variable_sigma":0.0113557078,"data_set_value_component_Il_variable_w":1.0,"data_set_value_component_Il_variable_nstoc":111.1111111111,"data_set_value_component_Il_variable_delNoise":3.0,"data_set_value_component_Is2_variable_Is2":321.1292584691,"data_set_value_component_Is2_variable_gs2":16.0,"data_set_value_component_s2_variable_s2":0.5000000118,"data_set_value_component_s2_variable_s2_infinity":0.5023525887,"data_set_value_component_s2_variable_autos2":1.0,"data_set_value_component_s2_variable_s2knot":0.47,"data_set_value_component_s2_variable_tau_s2":30000.0,"data_set_value_component_s2_variable_vs2":-40.0,"data_set_value_component_s2_variable_ss2":15.0},{"data_set_value_component_environment_variable_time":0.4,"data_set_value_component_membrane_variable_V":-39.8123503813,"data_set_value_component_membrane_variable_Cm":4525.0,"data_set_value_component_Ica_variable_Ica":-3331.4721031201,"data_set_value_component_Ica_variable_gCa":280.0,"data_set_value_component_Ica_variable_VCa":100.0,"data_set_value_component_m_variable_m_infinity":0.0851005982,"data_set_value_component_m_variable_vm":-22.0,"data_set_value_component_m_variable_sm":7.5,"data_set_value_component_Is1_variable_Is1":795.7093643327,"data_set_value_component_Is1_variable_gs1":22.0,"data_set_value_component_s1_variable_s1":0.8999931027,"data_set_value_component_s1_variable_s1_infinity":0.8846815098,"data_set_value_component_s1_variable_autos1":1.0,"data_set_value_component_s1_variable_s1knot":1.0,"data_set_value_component_s1_variable_tau_s1":1000.0,"data_set_value_component_s1_variable_vs1":-50.0,"data_set_value_component_s1_variable_ss1":5.0,"data_set_value_component_Ik_variable_Ik":112.3330975857,"data_set_value_component_Ik_variable_VK":-80.0,"data_set_value_component_Ik_variable_gK":1300.0,"data_set_value_component_n_variable_n":0.0021501649,"data_set_value_component_n_variable_n_infinity":0.0438879618,"data_set_value_component_n_variable_tau_n_bar":8.25,"data_set_value_component_n_variable_tau_n":7.8879243155,"data_set_value_component_n_variable_vn":-9.0,"data_set_value_component_n_variable_sn":10.0,"data_set_value_component_Il_variable_Il":4.4072160731,"data_set_value_component_Il_variable_gl":41.0,"data_set_value_component_Il_variable_Vl":-40.0,"data_set_value_component_Il_variable_q":0.5728392932,"data_set_value_component_Il_variable_p":0.1456785864,"data_set_value_component_Il_variable_alpha_p":1.0,"data_set_value_component_Il_variable_tau_p":100.0,"data_set_value_component_Il_variable_beta_p":4.0,"data_set_value_component_Il_variable_p0":0.2,"data_set_value_component_Il_variable_noise":1.0,"data_set_value_component_Il_variable_sigma":0.0113724763,"data_set_value_component_Il_variable_w":1.0,"data_set_value_component_Il_variable_nstoc":111.1111111111,"data_set_value_component_Il_variable_delNoise":3.0,"data_set_value_component_Is2_variable_Is2":321.5012104036,"data_set_value_component_Is2_variable_gs2":16.0,"data_set_value_component_s2_variable_s2":0.5000000209,"data_set_value_component_s2_variable_s2_infinity":0.5031274529,"data_set_value_component_s2_variable_autos2":1.0,"data_set_value_component_s2_variable_s2knot":0.47,"data_set_value_component_s2_variable_tau_s2":30000.0,"data_set_value_component_s2_variable_vs2":-40.0,"data_set_value_component_s2_variable_ss2":15.0},{"data_set_value_component_environment_variable_time":0.5,"data_set_value_component_membrane_variable_V":-39.7661309516,"data_set_value_component_membrane_variable_Cm":4525.0,"data_set_value_component_Ica_variable_Ica":-3349.1959841364,"data_set_value_component_Ica_variable_gCa":280.0,"data_set_value_component_Ica_variable_VCa":100.0,"data_set_value_component_m_variable_m_infinity":0.0855816366,"data_set_value_component_m_variable_vm":-22.0,"data_set_value_component_m_variable_sm":7.5,"data_set_value_component_Is1_variable_Is1":796.6231877659,"data_set_value_component_Is1_variable_gs1":22.0,"data_set_value_component_s1_variable_s1":0.8999916179,"data_set_value_component_s1_variable_s1_infinity":0.885621224,"data_set_value_component_s1_variable_autos1":1.0,"data_set_value_component_s1_variable_s1knot":1.0,"data_set_value_component_s1_variable_tau_s1":1000.0,"data_set_value_component_s1_variable_vs1":-50.0,"data_set_value_component_s1_variable_ss1":5.0,"data_set_value_component_Ik_variable_Ik":140.0320688382,"data_set_value_component_Ik_variable_VK":-80.0,"data_set_value_component_Ik_variable_gK":1300.0,"data_set_value_component_n_variable_n":0.0026772711,"data_set_value_component_n_variable_n_infinity":0.0440823162,"data_set_value_component_n_variable_tau_n_bar":8.25,"data_set_value_component_n_variable_tau_n":7.8863208912,"data_set_value_component_n_variable_vn":-9.0,"data_set_value_component_n_variable_sn":10.0,"data_set_value_component_Il_variable_Il":5.4994862794,"data_set_value_component_Il_variable_gl":41.0,"data_set_value_component_Il_variable_Vl":-40.0,"data_set_value_component_Il_variable_q":0.5735423846,"data_set_value_component_Il_variable_p":0.1470847692,"data_set_value_component_Il_variable_alpha_p":1.0,"data_set_value_component_Il_variable_tau_p":100.0,"data_set_value_component_Il_variable_beta_p":4.0,"data_set_value_component_Il_variable_p0":0.2,"data_set_value_component_Il_variable_noise":1.0,"data_set_value_component_Il_variable_sigma":0.0113891566,"data_set_value_component_Il_variable_w":1.0,"data_set_value_component_Il_variable_nstoc":111.1111111111,"data_set_value_component_Il_variable_delNoise":3.0,"data_set_value_component_Is2_variable_Is2":321.8709733883,"data_set_value_component_Is2_variable_gs2":16.0,"data_set_value_component_s2_variable_s2":0.5000000326,"data_set_value_component_s2_variable_s2_infinity":0.5038977385,"data_set_value_component_s2_variable_autos2":1.0,"data_set_value_component_s2_variable_s2knot":0.47,"data_set_value_component_s2_variable_tau_s2":30000.0,"data_set_value_component_s2_variable_vs2":-40.0,"data_set_value_component_s2_variable_ss2":15.0},{"data_set_value_component_environment_variable_time":0.6,"data_set_value_component_membrane_variable_V":-39.7201829885,"data_set_value_component_membrane_variable_Cm":4525.0,"data_set_value_component_Ica_variable_Ica":-3366.8989451597,"data_set_value_component_Ica_variable_gCa":280.0,"data_set_value_component_Ica_variable_VCa":100.0,"data_set_value_component_m_variable_m_infinity":0.0860622913,"data_set_value_component_m_variable_vm":-22.0,"data_set_value_component_m_variable_sm":7.5,"data_set_value_component_Is1_variable_Is1":797.5317161124,"data_set_value_component_Is1_variable_gs1":22.0,"data_set_value_component_s1_variable_s1":0.8999902266,"data_set_value_component_s1_variable_s1_infinity":0.8865488019,"data_set_value_component_s1_variable_autos1":1.0,"data_set_value_component_s1_variable_s1knot":1.0,"data_set_value_component_s1_variable_tau_s1":1000.0,"data_set_value_component_s1_variable_vs1":-50.0,"data_set_value_component_s1_variable_ss1":5.0,"data_set_value_component_Ik_variable_Ik":167.5790673907,"data_set_value_component_Ik_variable_VK":-80.0,"data_set_value_component_Ik_variable_gK":1300.0,"data_set_value_component_n_variable_n":0.003200287,"data_set_value_component_n_variable_n_infinity":0.0442763428,"data_set_value_component_n_variable_tau_n_bar":8.25,"data_set_value_component_n_variable_tau_n":7.8847201722,"data_set_value_component_n_variable_vn":-9.0,"data_set_value_component_n_variable_sn":10.0,"data_set_value_component_Il_variable_Il":6.5879990596,"data_set_value_component_Il_variable_gl":41.0,"data_set_value_component_Il_variable_Vl":-40.0,"data_set_value_component_Il_variable_q":0.5742427989,"data_set_value_component_Il_variable_p":0.1484855978,"data_set_value_component_Il_variable_alpha_p":1.0,"data_set_value_component_Il_variable_tau_p":100.0,"data_set_value_component_Il_variable_beta_p":4.0,"data_set_value_component_Il_variable_p0":0.2,"data_set_value_component_Il_variable_noise":1.0,"data_set_value_component_Il_variable_sigma":0.0114057491,"data_set_value_component_Il_variable_w":1.0,"data_set_value_component_Il_variable_nstoc":111.1111111111,"data_set_value_component_Il_variable_delNoise":3.0,"data_set_value_component_Is2_variable_Is2":322.2385663082,"data_set_value_component_Is2_variable_gs2":16.0,"data_set_value_component_s2_variable_s2":0.5000000469,"data_set_value_component_s2_variable_s2_infinity":0.5046634816,"data_set_value_component_s2_variable_autos2":1.0,"data_set_value_component_s2_variable_s2knot":0.47,"data_set_value_component_s2_variable_tau_s2":30000.0,"data_set_value_component_s2_variable_vs2":-40.0,"data_set_value_component_s2_variable_ss2":15.0},{"data_set_value_component_environment_variable_time":0.7,"data_set_value_component_membrane_variable_V":-39.6745034914,"data_set_value_component_membrane_variable_Cm":4525.0,"data_set_value_component_Ica_variable_Ica":-3384.580957311,"data_set_value_component_Ica_variable_gCa":280.0,"data_set_value_component_Ica_variable_VCa":100.0,"data_set_value_component_m_variable_m_infinity":0.0865425602,"data_set_value_component_m_variable_vm":-22.0,"data_set_value_component_m_variable_sm":7.5,"data_set_value_component_Is1_variable_Is1":798.4350080454,"data_set_value_component_Is1_variable_gs1":22.0,"data_set_value_component_s1_variable_s1":0.8999889278,"data_set_value_component_s1_variable_s1_infinity":0.8874644509,"data_set_value_component_s1_variable_autos1":1.0,"data_set_value_component_s1_variable_s1knot":1.0,"data_set_value_component_s1_variable_tau_s1":1000.0,"data_set_value_component_s1_variable_vs1":-50.0,"data_set_value_component_s1_variable_ss1":5.0,"data_set_value_component_Ik_variable_Ik":194.9751178808,"data_set_value_component_Ik_variable_VK":-80.0,"data_set_value_component_Ik_variable_gK":1300.0,"data_set_value_component_n_variable_n":0.0037192564,"data_set_value_component_n_variable_n_infinity":0.0444700428,"data_set_value_component_n_variable_tau_n_bar":8.25,"data_set_value_component_n_variable_tau_n":7.8831221471,"data_set_value_component_n_variable_vn":-9.0,"data_set_value_component_n_variable_sn":10.0,"data_set_value_component_Il_variable_Il":7.6727867377,"data_set_value_component_Il_variable_gl":41.0,"data_set_value_component_Il_variable_Vl":-40.0,"data_set_value_component_Il_variable_q":0.5749405447,"data_set_value_component_Il_variable_p":0.1498810895,"data_set_value_component_Il_variable_alpha_p":1.0,"data_set_value_component_Il_variable_tau_p":100.0,"data_set_value_component_Il_variable_beta_p":4.0,"data_set_value_component_Il_variable_p0":0.2,"data_set_value_component_Il_variable_noise":1.0,"data_set_value_component_Il_variable_sigma":0.0114222543,"data_set_value_component_Il_variable_w":1.0,"data_set_value_component_Il_variable_nstoc":111.1111111111,"data_set_value_component_Il_variable_delNoise":3.0,"data_set_value_component_Is2_variable_Is2":322.6040131624,"data_set_value_component_Is2_variable_gs2":16.0,"data_set_value_component_s2_variable_s2":0.5000000637,"data_set_value_component_s2_variable_s2_infinity":0.5054247289,"data_set_value_component_s2_variable_autos2":1.0,"data_set_value_component_s2_variable_s2knot":0.47,"data_set_value_component_s2_variable_tau_s2":30000.0,"data_set_value_component_s2_variable_vs2":-40.0,"data_set_value_component_s2_variable_ss2":15.0},{"data_set_value_component_environment_variable_time":0.8,"data_set_value_component_membrane_variable_V":-39.6290885991,"data_set_value_component_membrane_variable_Cm":4525.0,"data_set_value_component_Ica_variable_Ica":-3402.2423475241,"data_set_value_component_Ica_variable_gCa":280.0,"data_set_value_component_Ica_variable_VCa":100.0,"data_set_value_component_m_variable_m_infinity":0.087022451,"data_set_value_component_m_variable_vm":-22.0,"data_set_value_component_m_variable_sm":7.5,"data_set_value_component_Is1_variable_Is1":799.3331389903,"data_set_value_component_Is1_variable_gs1":22.0,"data_set_value_component_s1_variable_s1":0.8999877198,"data_set_value_component_s1_variable_s1_infinity":0.8883683923,"data_set_value_component_s1_variable_autos1":1.0,"data_set_value_component_s1_variable_s1knot":1.0,"data_set_value_component_s1_variable_tau_s1":1000.0,"data_set_value_component_s1_variable_vs1":-50.0,"data_set_value_component_s1_variable_ss1":5.0,"data_set_value_component_Ik_variable_Ik":222.2219292271,"data_set_value_component_Ik_variable_VK":-80.0,"data_set_value_component_Ik_variable_gK":1300.0,"data_set_value_component_n_variable_n":0.0042342355,"data_set_value_component_n_variable_n_infinity":0.0446634215,"data_set_value_component_n_variable_tau_n_bar":8.25,"data_set_value_component_n_variable_tau_n":7.8815267723,"data_set_value_component_n_variable_vn":-9.0,"data_set_value_component_n_variable_sn":10.0,"data_set_value_component_Il_variable_Il":8.7539025855,"data_set_value_component_Il_variable_gl":41.0,"data_set_value_component_Il_variable_Vl":-40.0,"data_set_value_component_Il_variable_q":0.5756356333,"data_set_value_component_Il_variable_p":0.1512712667,"data_set_value_component_Il_variable_alpha_p":1.0,"data_set_value_component_Il_variable_tau_p":100.0,"data_set_value_component_Il_variable_beta_p":4.0,"data_set_value_component_Il_variable_p0":0.2,"data_set_value_component_Il_variable_noise":1.0,"data_set_value_component_Il_variable_sigma":0.0114386731,"data_set_value_component_Il_variable_w":1.0,"data_set_value_component_Il_variable_nstoc":111.1111111111,"data_set_value_component_Il_variable_delNoise":3.0,"data_set_value_component_Is2_variable_Is2":322.9673448357,"data_set_value_component_Is2_variable_gs2":16.0,"data_set_value_component_s2_variable_s2":0.500000083,"data_set_value_component_s2_variable_s2_infinity":0.5061815417,"data_set_value_component_s2_variable_autos2":1.0,"data_set_value_component_s2_variable_s2knot":0.47,"data_set_value_component_s2_variable_tau_s2":30000.0,"data_set_value_component_s2_variable_vs2":-40.0,"data_set_value_component_s2_variable_ss2":15.0},{"data_set_value_component_environment_variable_time":0.9,"data_set_value_component_membrane_variable_V":-39.5839369512,"data_set_value_component_membrane_variable_Cm":4525.0,"data_set_value_component_Ica_variable_Ica":-3419.8824896614,"data_set_value_component_Ica_variable_gCa":280.0,"data_set_value_component_Ica_variable_VCa":100.0,"data_set_value_component_m_variable_m_infinity":0.0875019454,"data_set_value_component_m_variable_vm":-22.0,"data_set_value_component_m_variable_sm":7.5,"data_set_value_component_Is1_variable_Is1":800.2261357197,"data_set_value_component_Is1_variable_gs1":22.0,"data_set_value_component_s1_variable_s1":0.8999866023,"data_set_value_component_s1_variable_s1_infinity":0.8892607942,"data_set_value_component_s1_variable_autos1":1.0,"data_set_value_component_s1_variable_s1knot":1.0,"data_set_value_component_s1_variable_tau_s1":1000.0,"data_set_value_component_s1_variable_vs1":-50.0,"data_set_value_component_s1_variable_ss1":5.0,"data_set_value_component_Ik_variable_Ik":249.3193030784,"data_set_value_component_Ik_variable_VK":-80.0,"data_set_value_component_Ik_variable_gK":1300.0,"data_set_value_component_n_variable_n":0.004745244,"data_set_value_component_n_variable_n_infinity":0.0448564739,"data_set_value_component_n_variable_tau_n_bar":8.25,"data_set_value_component_n_variable_tau_n":7.8799340905,"data_set_value_component_n_variable_vn":-9.0,"data_set_value_component_n_variable_sn":10.0,"data_set_value_component_Il_variable_Il":9.8313413457,"data_set_value_component_Il_variable_gl":41.0,"data_set_value_component_Il_variable_Vl":-40.0,"data_set_value_component_Il_variable_q":0.5763280686,"data_set_value_component_Il_variable_p":0.1526561372,"data_set_value_component_Il_variable_alpha_p":1.0,"data_set_value_component_Il_variable_tau_p":100.0,"data_set_value_component_Il_variable_beta_p":4.0,"data_set_value_component_Il_variable_p0":0.2,"data_set_value_component_Il_variable_noise":1.0,"data_set_value_component_Il_variable_sigma":0.0114550058,"data_set_value_component_Il_variable_w":1.0,"data_set_value_component_Il_variable_nstoc":111.1111111111,"data_set_value_component_Il_variable_delNoise":3.0,"data_set_value_component_Is2_variable_Is2":323.3285722113,"data_set_value_component_Is2_variable_gs2":16.0,"data_set_value_component_s2_variable_s2":0.5000001049,"data_set_value_component_s2_variable_s2_infinity":0.5069339396,"data_set_value_component_s2_variable_autos2":1.0,"data_set_value_component_s2_variable_s2knot":0.47,"data_set_value_component_s2_variable_tau_s2":30000.0,"data_set_value_component_s2_variable_vs2":-40.0,"data_set_value_component_s2_variable_ss2":15.0},{"data_set_value_component_environment_variable_time":1.0,"data_set_value_component_membrane_variable_V":-39.5390440906,"data_set_value_component_membrane_variable_Cm":4525.0,"data_set_value_component_Ica_variable_Ica":-3437.5019842587,"data_set_value_component_Ica_variable_gCa":280.0,"data_set_value_component_Ica_variable_VCa":100.0,"data_set_value_component_m_variable_m_infinity":0.0879810585,"data_set_value_component_m_variable_vm":-22.0,"data_set_value_component_m_variable_sm":7.5,"data_set_value_component_Is1_variable_Is1":801.1140853098,"data_set_value_component_Is1_variable_gs1":22.0,"data_set_value_component_s1_variable_s1":0.8999855734,"data_set_value_component_s1_variable_s1_infinity":0.8901418831,"data_set_value_component_s1_variable_autos1":1.0,"data_set_value_component_s1_variable_s1knot":1.0,"data_set_value_component_s1_variable_tau_s1":1000.0,"data_set_value_component_s1_variable_vs1":-50.0,"data_set_value_component_s1_variable_ss1":5.0,"data_set_value_component_Ik_variable_Ik":276.2694152583,"data_set_value_component_Ik_variable_VK":-80.0,"data_set_value_component_Ik_variable_gK":1300.0,"data_set_value_component_n_variable_n":0.0052523459,"data_set_value_component_n_variable_n_infinity":0.045049208,"data_set_value_component_n_variable_tau_n_bar":8.25,"data_set_value_component_n_variable_tau_n":7.878344034,"data_set_value_component_n_variable_vn":-9.0,"data_set_value_component_n_variable_sn":10.0,"data_set_value_component_Il_variable_Il":10.9051715512,"data_set_value_component_Il_variable_gl":41.0,"data_set_value_component_Il_variable_Vl":-40.0,"data_set_value_component_Il_variable_q":0.5770178633,"data_set_value_component_Il_variable_p":0.1540357266,"data_set_value_component_Il_variable_alpha_p":1.0,"data_set_value_component_Il_variable_tau_p":100.0,"data_set_value_component_Il_variable_beta_p":4.0,"data_set_value_component_Il_variable_p0":0.2,"data_set_value_component_Il_variable_noise":1.0,"data_set_value_component_Il_variable_sigma":0.011471253,"data_set_value_component_Il_variable_w":1.0,"data_set_value_component_Il_variable_nstoc":111.1111111111,"data_set_value_component_Il_variable_delNoise":3.0,"data_set_value_component_Is2_variable_Is2":323.6877309384,"data_set_value_component_Is2_variable_gs2":16.0,"data_set_value_component_s2_variable_s2":0.5000001292,"data_set_value_component_s2_variable_s2_infinity":0.507681994,"data_set_value_component_s2_variable_autos2":1.0,"data_set_value_component_s2_variable_s2knot":0.47,"data_set_value_component_s2_variable_tau_s2":30000.0,"data_set_value_component_s2_variable_vs2":-40.0,"data_set_value_component_s2_variable_ss2":15.0}]