[{"R_3HAD180":0.0020785764,"R_3HAD181":0.0031178646,"R_3HAD40":0.1055759138,"R_3HAD60":0.1055759138,"R_3HAD80":0.1055759138,"R_3KGK":0.0,"R_3NTD2pp":0.0,"R_3NTD4pp":0.0,"R_3NTD7pp":0.0,"R_3NTD9pp":0.0,"R_3OAR100":0.1055759138,"R_3OAR120":0.0983008964,"R_3OAR121":0.0072750175,"R_3OAR140":0.0978531662,"R_3OAR141":0.0072750175,"R_3OAR160":0.0810644805,"R_3OAR161":0.0072750175,"R_23CAMPtex":0.0,"R_23CCMPtex":0.0,"R_23CGMPtex":0.0,"R_12DGR120tipp":0.0,"R_12DGR140tipp":0.0,"R_12DGR141tipp":0.0,"R_12DGR160tipp":0.0,"R_23CUMPtex":0.0,"R_3OAR180":0.0020785764,"R_23DAPPAt2pp":0.0,"R_23DAPPAtex":0.0,"R_12DGR161tipp":0.0,"R_12DGR180tipp":0.0,"R_12DGR181tipp":0.0,"R_12PPDRtex":0.0,"R_12PPDRtpp":0.0,"R_12PPDStex":0.0,"R_12PPDStpp":0.0,"R_23PDE2pp":0.0,"R_23PDE4pp":0.0,"R_23PDE7pp":0.0,"R_23PDE9pp":0.0,"R_26DAHtex":0.0,"R_2AGPA120tipp":0.0,"R_2AGPA140tipp":0.0,"R_2AGPA141tipp":0.0,"R_2AGPA160tipp":0.0,"R_2AGPA161tipp":0.0,"R_2AGPA180tipp":0.0,"R_2AGPA181tipp":0.0,"R_14GLUCANabcpp":0.0,"R_14GLUCANtexi":0.0,"R_2AGPE120tipp":0.0,"R_3OAR181":0.0031178646,"R_2AGPE140tipp":0.0,"R_2AGPE141tipp":0.0,"R_3OAR40":0.1055759138,"R_2AGPE160tipp":0.0,"R_3OAR60":0.1055759138,"R_2AGPE161tipp":0.0,"R_2AGPE180tipp":0.0,"R_2AGPE181tipp":0.0,"R_2AGPEAT120":0.0,"R_ABUTtex":0.0,"R_ACACtex":0.0,"R_ACALD":0.0,"R_ACALDtex":0.0,"R_ACALDtpp":0.0,"R_2AGPEAT140":0.0,"R_3OAR80":0.1055759138,"R_2AGPEAT141":0.0,"R_2AGPEAT160":0.0,"R_ACBIPGT":0.0,"R_ACCOAC":0.726543692,"R_2AGPEAT161":0.0,"R_ACCOAL":0.0,"R_3OAS100":0.1055759138,"R_ACGAL1PPpp":0.0,"R_2AGPEAT180":0.0,"R_2AGPEAT181":0.0,"R_2AGPG120tipp":0.0,"R_ACGAL1Ptex":0.0,"R_3OAS120":0.0983008964,"R_ACGALtex":0.0,"R_ACGAM1PPpp":0.0,"R_2AGPG140tipp":0.0,"R_2AGPG141tipp":0.0,"R_2AGPG160tipp":0.0,"R_ACGAM1Ptex":0.0,"R_ACGAMK":0.0,"R_ACGAMT":0.0,"R_2AGPG161tipp":0.0,"R_2AGPG180tipp":0.0,"R_2AGPG181tipp":0.0,"R_ACGAptspp":0.0,"R_ACGAtex":0.0,"R_2AGPGAT120":0.0,"R_ACGK":0.0825720457,"R_2AGPGAT140":0.0,"R_3OAS121":0.0072750175,"R_2AGPGAT141":0.0,"R_2AGPGAT160":0.0,"R_ACGS":0.0825720457,"R_ACHBS":0.0417440264,"R_3OAS140":0.0978531662,"R_ACKr":0.1417546116,"R_ACLS":0.2346770123,"R_2AGPGAT161":0.0,"R_2AGPGAT180":0.0,"R_2AGPGAT181":0.0,"R_ACM6PH":0.0,"R_3OAS141":0.0072750175,"R_ACMAMUT":0.0,"R_3OAS160":0.0810644805,"R_ACMANAptspp":0.0,"R_3OAS161":0.0072750175,"R_ACMANAtex":0.0,"R_ACMUMtex":0.0,"R_2DGLCNRx":0.0,"R_2DGLCNRy":0.0,"R_2DGULRx":0.0,"R_2DGULRy":0.0,"R_ACNAMt2pp":0.0,"R_ACNAMtex":0.0,"R_ACNML":0.0,"R_ACOAD1f":0.0,"R_ACOAD2f":0.0,"R_2MAHMP":0.0,"R_3OAS180":0.0020785764,"R_34dhpactex":0.0,"R_3AMPtex":0.0,"R_ACOAD3f":0.0,"R_ACOAD4f":0.0,"R_ACOAD5f":0.0,"R_3CMPtex":0.0,"R_3OAS181":0.0031178646,"R_3GMPtex":0.0,"R_3HAD100":0.1055759138,"R_3HAD120":0.0983008964,"R_ACOAD6f":0.0,"R_ACOAD7f":0.0,"R_ACOAD8f":0.0,"R_ACOATA":0.0,"R_3HAD121":0.0072750175,"R_ACODA":0.0825720457,"R_3OAS60":0.1055759138,"R_3HAD140":0.0960622457,"R_3OAS80":0.1055759138,"R_3HAD141":0.0072750175,"R_3PEPTabcpp":0.0,"R_3HAD160":0.0810644805,"R_3HAD161":0.0072750175,"R_ACOLIPAtex":0.0,"R_ACONIs":0.0,"R_ACONTa":3.4429566189,"R_ACONTb":3.4429566189,"R_ADK1":0.9981620246,"R_ADK3":0.0,"R_ACOTA":-0.0825720457,"R_3PEPTtex":0.0,"R_ACPS1":0.0,"R_ACS":0.0,"R_ACSERtex":0.0,"R_ADK4":0.0,"R_ADMDC":0.0033448356,"R_ADNCYC":0.0,"R_3UMPtex":0.0,"R_ADNK1":0.0035579494,"R_ADNUC":0.0,"R_ADNt2pp_copy1":0.0,"R_ACSERtpp":0.0,"R_ACt2rpp":0.0,"R_ACt4pp":0.0,"R_ADNt2pp_copy2":0.0,"R_4HOXPACDtex":0.0,"R_ADNtex":0.0,"R_ADOCBLabcpp":0.0,"R_ACtex":0.0,"R_ADA":0.0,"R_ADCL":0.023891683,"R_ADOCBLtonex":0.0,"R_ADPRDP":0.0,"R_ADCS":0.023891683,"R_ADEt2rpp":0.0,"R_ADEtex":0.0,"R_ADPT":0.0,"R_ADSK":0.0582871056,"R_ADSL1r":0.1201402838,"R_4PCP":0.0,"R_ADSL2r":0.2146395356,"R_ADSS":0.1201402838,"R_AGDC":0.0,"R_ALDD3y":0.0,"R_ALLTAMH":0.0,"R_AGM3PA":0.0,"R_4PCPpp":0.0,"R_AGM3PApp":0.0,"R_AGM3PH":0.0,"R_ALLTN":0.0,"R_ALLTNt2rpp":0.0,"R_AGM3Pt2pp":0.0,"R_ALLTNtex":0.0,"R_AGM4PA":0.0,"R_4PEPTabcpp":0.0,"R_AGM4PApp":0.0,"R_ALLtex":0.0,"R_4PEPTtex":0.0,"R_ALR2":0.0,"R_ALR4x":0.0,"R_AGM4PCP":0.0,"R_AGM4PCPpp":0.0,"R_AM3PA":0.0,"R_AM4PA":0.0,"R_5DGLCNR":0.0,"R_AM4PCP":0.0,"R_AMALT1":0.0,"R_AMALT2":0.0,"R_AMALT3":0.0,"R_AMALT4":0.0,"R_AGM4PH":0.0,"R_AGM4Pt2pp":0.0,"R_AGMH":0.0,"R_AGMHE":0.0017909206,"R_AGMT":0.0,"R_AGMt2pp":0.0,"R_AMANAPEr":0.0,"R_AMANK":0.0,"R_AMAOTr":0.0,"R_AGMtex":0.0,"R_5DGLCNt2rpp":0.0,"R_AGPAT120":0.0,"R_AGPAT140":0.0072750175,"R_AMMQLT8":0.0,"R_AMPMS2":0.0,"R_5DGLCNtex":0.0,"R_AMPN":0.0,"R_AMPTASECG":0.0,"R_AMPTASEPG":0.0,"R_AGPAT141":0.0,"R_AGPAT160":0.0394929521,"R_AGPAT161":0.0020785764,"R_AMPtex":0.0,"R_5DOAN":0.0,"R_ANHGMtex":0.0,"R_ANHMK":0.0,"R_AGPAT180":0.0010392882,"R_AGPAT181":0.0015589323,"R_AGPR":-0.0825720457,"R_AHCYSNS":0.0002131138,"R_ANPRT":0.0419953669,"R_ANS":0.0419953669,"R_AOBUTDs":0.0,"R_AOXSr":0.0,"R_AP4AH":0.0,"R_AICART":0.2467227211,"R_AIRC2":0.2146395356,"R_AP5AH":0.0,"R_A5PISO":0.0013431904,"R_APRAUR":0.0000047783,"R_AIRC3":-0.2146395356,"R_AKGDH":2.9712153373,"R_ARAI":0.0,"R_AACPS1":0.0,"R_ARBTNR1":0.0,"R_ARBTNR2":0.0,"R_AKGt2rpp":0.0,"R_AKGtex":0.0,"R_ARBTNR3":0.0,"R_ALAALAabcpp":0.0,"R_AACPS2":0.0,"R_ALAALAr":0.0236068942,"R_ALAALAtex":0.0,"R_ARBTNabcpp":0.0,"R_ARBTNexs":0.0,"R_ARBTNtex":0.0,"R_ALAGLUE":0.0,"R_ALAR":0.0472137884,"R_ALATA_D2":0.0,"R_AACPS3":0.0,"R_ALATA_L":-0.5644113861,"R_ALATA_L2":0.0,"R_ALATRS":0.0,"R_ALAabcpp":0.0,"R_ARBTNtonex":0.0,"R_ARBTNtpp":0.0,"R_ARBt2rpp":0.0,"R_ARBt3ipp":0.0,"R_ARBtex":0.0,"R_ARGAGMt7pp":0.0,"R_ALAt2pp":0.0,"R_ALAt4pp":0.0,"R_ARGDC":0.0,"R_AACPS4":0.0,"R_ARGDCpp":0.0,"R_ARGORNt7pp":0.0,"R_ALAtex":0.0,"R_ALDD2y":0.0,"R_ARGSL":0.062503032,"R_AACPS5":0.0,"R_ARGSS":0.062503032,"R_ARGTRS":0.0,"R_ASNNpp":0.0,"R_AACPS6":0.0,"R_ASNS1":0.0,"R_ARGabcpp":0.0,"R_ARGt3pp":0.0,"R_ASNS2":0.1302999831,"R_AACPS7":0.0,"R_ARGtex":0.0,"R_ASAD":-0.4313528692,"R_AACPS8":0.0,"R_ASCBPL":0.0,"R_ASCBptspp":0.0,"R_ASCBtex":0.0,"R_AACPS9":0.0,"R_ASNN":0.0,"R_AACTOOR":0.0,"R_AAMYL":0.0,"R_ASNTRS_1":0.0,"R_AAMYLpp":0.0,"R_ASNabcpp":0.0,"R_ABTA":0.0,"R_ASNt2rpp":0.0,"R_ABUTD":0.0,"R_ASNtex":0.0,"R_ASO3tex":0.0,"R_ABUTt2pp":0.0,"R_ASP1DC":0.0000281922,"R_CRNDCAL2":0.0,"R_ASPCT":0.1811696768,"R_ASPK":0.4313528692,"R_ASPO3":0.0,"R_ASPO4":0.0013044859,"R_ASPO5":0.0,"R_ASPO6":0.0,"R_CDPMEK":0.0,"R_CFAS160E":0.0,"R_CFAS160G":0.0,"R_CFAS180E":0.0,"R_CRNDabcpp":0.0,"R_CFAS180G":0.0,"R_CGLYabcpp":0.0,"R_ASPT":0.0,"R_ASPTA":-1.3201550153,"R_CGLYtex":0.0,"R_CHLabcpp":0.0,"R_CHLtex":0.0,"R_ASPTRS":0.0,"R_ASPabcpp":0.0,"R_ASPt2_2pp":0.0,"R_ASPt2pp":0.0,"R_CHORS":0.1514125856,"R_CHRPL":0.0,"R_ASPtex":0.0,"R_AST":0.0,"R_CITL":0.0,"R_CRNDt2rpp":0.0,"R_CITt7pp":0.0,"R_CITtex":0.0,"R_ATHRDHr":0.0,"R_ATPHs":0.0,"R_ATPM":8.39,"R_CRNabcpp":0.0,"R_ATPPRT":0.0320831855,"R_CRNt2rpp":0.0,"R_ATPS4rpp":37.0384048369,"R_ICITtex":0.0,"R_CRNt7pp":0.0,"R_ACONCtex":0.0,"R_BALAt2pp":0.0,"R_BALAtex":0.0,"R_CRNt8pp":0.0,"R_BPNT":0.0582871056,"R_BSORx":0.0,"R_BSORy":0.0,"R_BTS4":0.0,"R_BUTSO3tex":0.0,"R_CLIPAtex":0.0,"R_CLPNH120pp":0.0,"R_CLPNH140pp":0.0,"R_CLPNH141pp":0.0,"R_CLPNH160pp":0.0,"R_CLPNH161pp":0.0,"R_CLPNH180pp":0.0,"R_BUTtex":0.0,"R_CLPNH181pp":0.0,"R_CRNtex":0.0,"R_CLPNS120pp":0.0,"R_CA2t3pp":0.0,"R_CS":3.4429566189,"R_CA2tex":0.0022634981,"R_CADVtpp":0.0,"R_CLPNS140pp":0.0000468277,"R_CLPNS141pp":0.0,"R_CAt6pp":-0.0022634981,"R_CLPNS160pp":0.0002542075,"R_CSNtex":0.0,"R_CLPNS161pp":0.0000133793,"R_CLPNS180pp":0.0000066897,"R_CBIAT":0.0,"R_CBItonex":0.0,"R_CBIuabcpp":0.0,"R_CBL1abcpp":0.0,"R_CLPNS181pp":0.0000100345,"R_CTBTCAL2":0.0,"R_CLt3_2pp":0.001131749,"R_CLtex":0.0022634981,"R_CMPN":0.0,"R_CMPtex":0.0,"R_CBL1tonex":0.0,"R_CBPS":0.0,"R_CD2abcpp":0.0,"R_CD2t3pp":0.0,"R_CD2tex":0.0,"R_CD2tpp":0.0,"R_CDAPPA120":0.0,"R_CO2tex":-11.5161212918,"R_CO2tpp":-11.1060028726,"R_CDAPPA140":0.0,"R_CTBTabcpp":0.0,"R_CDAPPA141":0.0,"R_CDAPPA160":0.0,"R_COBALT2abcpp":0.0,"R_COBALT2t3pp":0.0,"R_COBALT2tex":0.0015089987,"R_CTBTt2rpp":0.0,"R_COBALT2tpp_copy1":0.0015089987,"R_COLIPAabcpp":0.0004477301,"R_COLIPAtex":0.0,"R_CDAPPA161":0.0,"R_CDAPPA180":0.0,"R_CDAPPA181":0.0,"R_CPGNR1":0.0,"R_CTPS2":0.093398323,"R_CPGNR2":0.0,"R_CPGNR3":0.0,"R_CU1Opp":0.0,"R_CPGNUtex":0.0,"R_CPGNUtpp":0.0,"R_CPGNabcpp":0.0,"R_CPGNexs":0.0,"R_DAMPtex":0.0,"R_DAPDC":0.1487993133,"R_DAPE":0.1724062075,"R_DAPabcpp":0.0,"R_DAPtex":0.0,"R_CPGNtonex":0.0,"R_CU1abcpp":0.0,"R_CPPPGO":0.0,"R_CPPPGO2":0.0,"R_DASYN120":0.0,"R_DASYN140":0.006632809,"R_CRNBTCT":0.0,"R_AU1abcpp":0.0,"R_CRNCAL2":0.0,"R_CRNCAR":0.0,"R_CRNCBCT":0.0,"R_DASYN141":0.0,"R_DASYN160":0.0360066777,"R_DASYN161":0.0018950883,"R_DASYN180":0.0009475441,"R_CRNCDH":0.0,"R_CU2abcpp":0.0,"R_DASYN181":0.0014213162,"R_DATPHs":0.0,"R_CU2tex":0.0015089987,"R_DB4PS":0.0000095567,"R_DBTS":0.0,"R_DMQMT":0.0,"R_CU2tpp":0.0015089987,"R_DMSOtex":0.0,"R_DMStex":0.0,"R_DM_4hba_c":0.0,"R_DCAtex":0.0,"R_DCMPtex":0.0,"R_DCTPD":0.0,"R_DCYTD":0.0,"R_DCYTt2pp":0.0,"R_CUtex":0.0,"R_DCYTtex":0.0,"R_DDCAtexi":0.0,"R_DDGALK":0.0,"R_DM_5drib_c":0.0,"R_DM_hmfurn_c":0.0002131138,"R_DM_oxam_c":0.0,"R_DNMPPA":0.023891683,"R_DNTPPA":0.023891683,"R_DDGLCNtex":0.0,"R_CYANST":0.0,"R_DDGLK":0.0,"R_DDPA":0.1514125856,"R_DGK1":0.0,"R_DOGULNR":0.0,"R_DOPAtex":0.0,"R_DPCOAK":0.0000281922,"R_DRPA":0.0,"R_DGMPtex":0.0,"R_DGSNt2pp":0.0,"R_CYANSTpp":0.0,"R_DGSNtex":0.0,"R_DSBAO1":0.0,"R_DSBAO2":0.0,"R_DSBCGT":0.0,"R_DSBDR":0.0,"R_DSBGGT":0.0,"R_DHAD1":0.2346770123,"R_DHAD2":0.0417440264,"R_DHAtex":0.0,"R_DHAtpp":0.0,"R_DHBD":0.0,"R_DSERDHr":0.0,"R_DSERt2pp":0.0,"R_DSERtex":0.0,"R_DHBS":0.0,"R_CYANtex":0.0,"R_DHDPRy":0.1724062075,"R_DHDPS":0.1724062075,"R_DTMPK":0.0124891384,"R_DTMPtex":0.0,"R_CYNTtex":0.0,"R_DUMPtex":0.0,"R_DURIK1":0.0,"R_DURIPP":0.0,"R_DHFR":0.0363808214,"R_DHFS":0.023891683,"R_DHNAOT4":0.0,"R_DURIt2pp":0.0,"R_DURItex":0.0,"R_DHNPA2r":0.023891683,"R_DUTPDP":0.0,"R_DHORD2":0.0,"R_CYSDS_copy1":0.0,"R_DHORD5":0.1811696768,"R_DHORTS":-0.1811696768,"R_DXPRIi":0.0,"R_DXPS":0.0,"R_DXYLK":0.0,"R_DHPPDA2":0.0000047783,"R_DHPS2":0.023891683,"R_CYSDtex":0.0,"R_DHPTDCs":0.0002131138,"R_D_LACt2pp":0.0,"R_D_LACtex":0.0,"R_DHQS":0.1514125856,"R_DHQTi":0.1514125856,"R_E4PD":0.0,"R_CYSS":0.0582871056,"R_EAR100x":0.0983008964,"R_EAR100y":0.0,"R_DIMPtex":0.0,"R_DINSt2pp":0.0,"R_EAR120x":0.0983008964,"R_DINStex":0.0,"R_EAR120y":0.0,"R_CYSSADS":0.0,"R_EAR121x":0.0072750175,"R_EAR121y":0.0,"R_DKGLCNR1":0.0,"R_DKGLCNR2x":0.0,"R_EAR140x":0.0960622457,"R_DKGLCNR2y":0.0,"R_CYSTL":0.050041608,"R_DKMPPD":0.0,"R_EAR140y":0.0,"R_EAR141x":0.0072750175,"R_DKMPPD3":0.0033448356,"R_DMATT":0.0,"R_DMPPS":0.0,"R_EAR141y":0.0,"R_EAR160x":0.0810644805,"R_EAR160y":0.0,"R_EAR161x":0.0072750175,"R_CYSTRS":0.0,"R_EAR161y":0.0,"R_EAR180x":0.0020785764,"R_EAR180y":0.0,"R_EAR181x":0.0031178646,"R_EX_alaala_e":0.0,"R_EAR181y":0.0,"R_ECAP3pp":0.0,"R_CYSabc2pp":0.0,"R_ECAtpp":0.0,"R_ECOAH1":0.0,"R_EAR40x":0.1055759138,"R_EAR40y":0.0,"R_EAR60x":0.1055759138,"R_EAR60y":0.0,"R_ECOAH2":0.0,"R_CYSabcpp":0.0,"R_ECOAH3":0.0,"R_ECOAH4":0.0,"R_EAR80x":0.1055759138,"R_EAR80y":0.0,"R_ECA4COLIPAtex":0.0,"R_ECOAH5":0.0,"R_CYSIabcpp":0.0,"R_ECOAH6":0.0,"R_ECA4OALpp":0.0,"R_ECAP1pp":0.0,"R_ECAP2pp":0.0,"R_ECOAH7":0.0,"R_ECOAH8":0.0,"R_EDA":0.0,"R_CYStex":0.0,"R_EDD":0.0,"R_EDTXS1":0.0004477301,"R_CYSItex":0.0,"R_EDTXS2":0.0004477301,"R_EDTXS3":0.0,"R_CYStpp":0.0,"R_EDTXS4":0.0,"R_ENLIPAtex":0.0,"R_CYTBO3_4pp":23.2942301788,"R_EX_all__D_e":0.0,"R_ENO":7.1505721604,"R_CYTD":0.0,"R_CYTDH":0.0,"R_CYTDK2":0.0,"R_ENTCS":0.0,"R_ETHAAL":0.0,"R_EX_alltn_e":0.0,"R_EX_amp_e":0.0,"R_CYTDt2pp_copy1":0.0,"R_EX_anhgm_e":0.0,"R_EX_arab__L_e":0.0,"R_ETHAt2pp":0.0,"R_ETHAtex":0.0,"R_ETHSO3tex":0.0,"R_ETOHt2rpp":0.0,"R_CYTDt2pp_copy2":0.0,"R_ETOHtex":0.0,"R_EX_arbtn_e":0.0,"R_CYTDtex":0.0,"R_EX_arbtn_fe3_e":0.0,"R_EX_chitob_e":0.0,"R_CYTK1":0.048274818,"R_EX_pydxn_e":0.0,"R_EX_pydx_e":0.0,"R_EX_arg__L_e":0.0,"R_EX_ascb__L_e":0.0,"R_EX_asn__L_e":0.0,"R_EX_12ppd__R_e":0.0,"R_CYTK2":0.0,"R_EX_aso3_e":0.0,"R_EX_asp__L_e":0.0,"R_EX_12ppd__S_e":0.0,"R_EX_but_e":0.0,"R_DAAD":0.0,"R_EX_14glucan_e":0.0,"R_EX_15dap_e":0.0,"R_EX_butso3_e":0.0,"R_DADA":0.0,"R_EX_ca2_e":-0.0022634981,"R_EX_cbi_e":0.0,"R_EX_cbl1_e":0.0,"R_EX_23camp_e":0.0,"R_EX_23ccmp_e":0.0,"R_EX_23cgmp_e":0.0,"R_EX_cd2_e":0.0,"R_EX_23cump_e":0.0,"R_DADK":0.0,"R_EX_23dappa_e":0.0,"R_EX_26dap__M_e":0.0,"R_EX_cgly_e":0.0,"R_EX_chol_e":0.0,"R_EX_cit_e":0.0,"R_EX_2ddglcn_e":0.0,"R_DADNt2pp":0.0,"R_EX_34dhpac_e":0.0,"R_EX_3amp_e":0.0,"R_EX_3cmp_e":0.0,"R_EX_3gmp_e":0.0,"R_EX_icit_e":0.0,"R_EX_acon_C_e":0.0,"R_EX_cl_e":-0.0022634981,"R_EX_cmp_e":0.0,"R_EX_co2_e":11.5161212918,"R_DADNtex":0.0,"R_EX_cobalt2_e":-0.0015089987,"R_EX_colipa_e":0.0,"R_EX_3hcinnm_e":0.0,"R_DAGK120":0.0,"R_EX_3hpppn_e":0.0,"R_EX_cpgn_e":0.0,"R_EX_cpgn_un_e":0.0,"R_DAGK140":0.0,"R_EX_crn_e":0.0,"R_EX_3ump_e":0.0,"R_EX_csn_e":0.0,"R_DAGK141":0.0,"R_EX_cu2_e":-0.0015089987,"R_EX_cu_e":0.0,"R_EX_4abut_e":0.0,"R_EX_4hoxpacd_e":0.0,"R_EX_5dglcn_e":0.0,"R_EX_cyan_e":0.0,"R_EX_LalaDgluMdapDala_e":0.0,"R_DAGK160":0.0,"R_EX_LalaDgluMdap_e":0.0,"R_EX_ac_e":0.0,"R_EX_cynt_e":0.0,"R_EX_cys__D_e":0.0,"R_EX_cys__L_e":0.0,"R_EX_acac_e":0.0,"R_EX_acald_e":0.0,"R_DAGK161":0.0,"R_EX_acgal1p_e":0.0,"R_EX_acgal_e":0.0,"R_EX_cysi__L_e":0.0,"R_EX_cytd_e":0.0,"R_EX_dad_2_e":0.0,"R_EX_damp_e":0.0,"R_EX_dca_e":0.0,"R_EX_dcmp_e":0.0,"R_EX_acgam1p_e":0.0,"R_EX_acgam_e":0.0,"R_EX_acmana_e":0.0,"R_DAGK180":0.0,"R_EX_acmum_e":0.0,"R_EX_acnam_e":0.0,"R_EX_acolipa_e":0.0,"R_EX_dcyt_e":0.0,"R_EX_ddca_e":0.0,"R_DAGK181":0.0,"R_EX_dgmp_e":0.0,"R_EX_dgsn_e":0.0,"R_EX_acser_e":0.0,"R_EX_ade_e":0.0,"R_EX_adn_e":0.0,"R_EX_adocbl_e":0.0,"R_EX_dha_e":0.0,"R_EX_dimp_e":0.0,"R_DALAt2pp":0.0,"R_EX_din_e":0.0,"R_EX_ag_e":0.0,"R_EX_agm_e":0.0,"R_EX_dms_e":0.0,"R_DALAtex":0.0,"R_EX_dmso_e":0.0,"R_EX_akg_e":0.0,"R_EX_ala_B_e":0.0,"R_EX_ala__D_e":0.0,"R_EX_dopa_e":0.0,"R_EX_g1p_e":0.0,"R_EX_dtmp_e":0.0,"R_EX_dump_e":0.0,"R_EX_duri_e":0.0,"R_EX_eca4colipa_e":0.0,"R_EX_enlipa_e":0.0,"R_EX_enter_e":0.0,"R_EX_etha_e":0.0,"R_EX_ala__L_e":0.0,"R_EX_melib_e":0.0,"R_EX_met__D_e":0.0,"R_EX_met__L_e":0.0,"R_EX_metsox_R__L_e":0.0,"R_EX_metsox_S__L_e":0.0,"R_EX_mg2_e":-0.0037724968,"R_EX_ethso3_e":0.0,"R_EX_etoh_e":0.0,"R_EX_minohp_e":0.0,"R_EX_f6p_e":0.0,"R_EX_g3pc_e":0.0,"R_EX_fald_e":0.0,"R_EX_fe2_e":-0.0035020429,"R_EX_fe3_e":0.0,"R_EX_fe3dcit_e":0.0,"R_EX_mmet_e":0.0,"R_EX_mn2_e":-0.0015089987,"R_EX_mnl_e":0.0,"R_EX_fe3dhbzs_e":0.0,"R_EX_mobd_e":-0.0015089987,"R_EX_g3pe_e":0.0,"R_EX_mso3_e":0.0,"R_EX_fe3hox_e":0.0,"R_EX_fe3hox_un_e":0.0,"R_EX_fecrm_e":0.0,"R_EX_n2o_e":0.0,"R_EX_g3pg_e":0.0,"R_EX_na1_e":0.0,"R_EX_fecrm_un_e":0.0,"R_EX_feenter_e":0.0,"R_EX_nac_e":0.0,"R_EX_feoxam_e":0.0,"R_EX_g3pi_e":0.0,"R_EX_feoxam_un_e":0.0,"R_EX_nh4_e":-5.2657912102,"R_EX_ni2_e":0.0,"R_EX_for_e":0.0,"R_EX_fru_e":0.0,"R_EX_frulys_e":0.0,"R_EX_fruur_e":0.0,"R_EX_nmn_e":0.0,"R_EX_no2_e":0.0,"R_EX_no3_e":0.0,"R_EX_no_e":0.0,"R_EX_g3ps_e":0.0,"R_EX_o2_e":-11.6471150894,"R_EX_o2s_e":0.0,"R_EX_fuc__L_e":0.0,"R_EX_fum_e":0.0,"R_EX_ocdca_e":0.0,"R_EX_g6p_e":0.0,"R_EX_ocdcea_e":0.0,"R_EX_octa_e":0.0,"R_EX_gal1p_e":0.0,"R_EX_orn_e":0.0,"R_EX_orot_e":0.0,"R_EX_udpgal_e":0.0,"R_EX_udpglcur_e":0.0,"R_EX_gal_bD_e":0.0,"R_EX_ump_e":0.0,"R_EX_gal_e":0.0,"R_EX_ura_e":0.0,"R_EX_urea_e":0.0,"R_EX_oaa_e":0.0,"R_EX_pacald_e":0.0,"R_EX_peamn_e":0.0,"R_EX_galct__D_e":0.0,"R_EX_phe__L_e":0.0,"R_EX_pheme_e":0.0,"R_EX_uri_e":0.0,"R_EX_pi_e":-0.4237541195,"R_EX_galctn__D_e":0.0,"R_EX_val__L_e":0.0,"R_EX_xan_e":0.0,"R_EX_pnto__R_e":0.0,"R_EX_galctn__L_e":0.0,"R_EX_ppa_e":0.0,"R_EX_xmp_e":0.0,"R_EX_xtsn_e":0.0,"R_EX_xyl__D_e":0.0,"R_EX_xylu__L_e":0.0,"R_EX_zn2_e":-0.0015089987,"R_EX_ppal_e":0.0,"R_EX_pppn_e":0.0,"R_EX_ppt_e":0.0,"R_EX_pro__L_e":0.0,"R_BIOMASS_Ec_iAF1260_core_59p81M":0.0,"R_EX_progly_e":0.0,"R_EX_galt_e":0.0,"R_EX_psclys_e":0.0,"R_EX_pser__L_e":0.0,"R_F6PA":0.0,"R_F6PP":0.0,"R_F6Pt6_2pp":0.0,"R_EX_ptrc_e":0.0,"R_EX_galur_e":0.0,"R_EX_pyr_e":0.0,"R_F6Ptex":0.0,"R_FA100ACPHi":0.0,"R_FA120ACPHi":0.0,"R_EX_r5p_e":0.0,"R_EX_gam6p_e":0.0,"R_EX_rib__D_e":0.0,"R_EX_rmn_e":0.0,"R_FA140ACPHi":0.0,"R_FA141ACPHi":0.0,"R_FA160ACPHi":0.0,"R_EX_sbt__D_e":0.0,"R_EX_gam_e":0.0,"R_EX_ser__D_e":0.0,"R_FA161ACPHi":0.0,"R_FA80ACPHi":0.0,"R_FACOAE100":0.0,"R_EX_ser__L_e":0.0,"R_EX_gbbtn_e":0.0,"R_EX_skm_e":0.0,"R_EX_so2_e":0.0,"R_EX_so3_e":0.0,"R_EX_so4_e":-0.0582871056,"R_FACOAE120":0.0,"R_FACOAE140":0.0,"R_FACOAE141":0.0,"R_FACOAE160":0.0,"R_FACOAE161":0.0,"R_FACOAE180":0.0,"R_EX_spmd_e":0.0,"R_EX_succ_e":0.0,"R_FACOAE181":0.0,"R_EX_sucr_e":0.0,"R_FACOAE60":0.0,"R_EX_gdp_e":0.0,"R_FACOAE80":0.0,"R_FACOAL100t2pp":0.0,"R_EX_sulfac_e":0.0,"R_EX_tartr__L_e":0.0,"R_EX_taur_e":0.0,"R_EX_tcynt_e":0.0,"R_FACOAL120t2pp":0.0,"R_EX_glc__D_e":-5.0,"R_FACOAL140t2pp":0.0,"R_EX_thm_e":0.0,"R_EX_thr__L_e":0.0,"R_FACOAL141t2pp":0.0,"R_EX_glcn_e":0.0,"R_FACOAL160t2pp":0.0,"R_EX_thrp_e":0.0,"R_EX_thym_e":0.0,"R_EX_glcr_e":0.0,"R_EX_thymd_e":0.0,"R_EX_tma_e":0.0,"R_FACOAL161t2pp":0.0,"R_FACOAL180t2pp":0.0,"R_FACOAL181t2pp":0.0,"R_FACOAL60t2pp":0.0,"R_FACOAL80t2pp":0.0,"R_EX_tmao_e":0.0,"R_EX_tre_e":0.0,"R_EX_trp__L_e":0.0,"R_EX_tsul_e":0.0,"R_EX_ttdca_e":0.0,"R_FADRx_copy1":0.0,"R_EX_ttdcea_e":0.0,"R_EX_glcur1p_e":0.0,"R_EX_tungs_e":0.0,"R_EX_tym_e":0.0,"R_FADRx2":0.0,"R_FALDtex":0.0,"R_FALDtpp":0.0,"R_EX_tyr__L_e":0.0,"R_EX_glcur_e":0.0,"R_EX_tyrp_e":0.0,"R_EX_uacgam_e":0.0,"R_FALGTHLs":0.0,"R_FBA":4.1296449811,"R_EX_udpacgal_e":0.0,"R_EX_gln__L_e":0.0,"R_EX_udpg_e":0.0,"R_FBP":0.0,"R_FCI":0.0,"R_FCLK":0.0,"R_EX_glu__L_e":0.0,"R_FCLPA":0.0,"R_EX_gly_e":0.0,"R_FCLT":0.0,"R_FDH4pp":0.0,"R_FE3DHBZStonex":0.0,"R_FE3HOXR1":0.0,"R_FE3HOXR2":0.0,"R_FE3HOXR3":0.0,"R_FE3HOXUtex":0.0,"R_FDH5pp":0.4101184192,"R_FE2t2pp":0.0,"R_FE2tex":0.0035020429,"R_FE2tpp":0.0035020429,"R_FE3HOXUtpp":0.0,"R_FE3HOXexs":0.0,"R_EX_glyald_e":0.0,"R_FE3HOXtonex":0.0,"R_FE3Ri":0.0,"R_FE3DHBZR":0.0,"R_FE3DHBZSabcpp":0.0,"R_FE3tex":0.0,"R_G1PPpp":0.0,"R_EX_glyb_e":0.0,"R_FECRMR1":0.0,"R_FECRMR2":0.0,"R_FECRMR3":0.0,"R_G1PTT":0.0116409836,"R_EX_glyc2p_e":0.0,"R_G1Ptex":0.0,"R_FECRMUtex":0.0,"R_FECRMUtpp":0.0,"R_FECRMabcpp":0.0,"R_EX_glyc3p_e":0.0,"R_FECRMexs":0.0,"R_G1SAT":0.0008524553,"R_G2PPpp":0.0,"R_FECRMtonex":0.0,"R_EX_glyc__R_e":0.0,"R_FEENTERabcpp":0.0,"R_FEENTERexs":0.0,"R_FEENTERtonex":0.0,"R_G3PAT120":0.0,"R_G3PAT140":0.0072750175,"R_EX_glyc_e":0.0,"R_EX_glyclt_e":0.0,"R_G3PAT141":0.0,"R_FEENTERtpp":0.0,"R_EX_gmp_e":0.0,"R_G3PAT160":0.0394929521,"R_G3PAT161":0.0020785764,"R_FEOXAMUtex":0.0,"R_EX_gsn_e":0.0,"R_FEOXAMUtpp":0.0,"R_FEOXAMabcpp":0.0,"R_FEOXAMexs":0.0,"R_G3PAT180":0.0010392882,"R_G3PAT181":0.0015589323,"R_FEOXAMtonex":0.0,"R_EX_gthox_e":0.0,"R_FEROpp":0.0,"R_G3PCabcpp":0.0,"R_EX_gthrd_e":0.0,"R_G3PCtex":0.0,"R_FHL":0.0,"R_FLDR":0.0,"R_EX_gtp_e":0.0,"R_FLVR":0.0,"R_G3PD2":-0.061710067,"R_G3PD5":0.0,"R_G3PD6":0.0,"R_G3PD7":0.0,"R_G3PEabcpp":0.0,"R_G3PEtex":0.0,"R_FLVRx":0.0,"R_FMETTRS":0.0,"R_FMNAT":0.0000047783,"R_FMNRx":0.0,"R_G3PGabcpp":0.0,"R_FMNRx2":0.0,"R_EX_gua_e":0.0,"R_FORt2pp":0.0,"R_FORtex":0.0,"R_G3PGtex":0.0,"R_G3PIabcpp":0.0,"R_G3PItex":0.0,"R_FORtppi":0.4101184192,"R_EX_h2_e":0.0,"R_FRD2":0.6164842649,"R_FRD3":0.0,"R_G3PSabcpp":0.0,"R_G3PStex":0.0,"R_G3PT":0.0,"R_FRUK":0.0,"R_EX_h2o2_e":0.0,"R_FRULYStex":0.0,"R_G5SADs":0.1227893936,"R_G5SD":0.1227893936,"R_G6PDA":0.0,"R_FRUURtex":0.0,"R_FRUpts2pp":0.0,"R_FRUptspp":0.0,"R_FRUtex":0.0,"R_G6PDH2r":1.1712327785,"R_G6PP":0.0,"R_G6Pt6_2pp":0.0,"R_FTHFD":0.3828675655,"R_FUCtex":0.0,"R_G6Ptex":0.0,"R_EX_h2o_e":24.689182285,"R_GAL1PPpp":0.0,"R_GAL1Ptex":0.0,"R_FUCtpp":0.0,"R_FUM":3.3684967552,"R_FUMt2_2pp":0.0,"R_FUMtex":0.0,"R_GALBDtex":0.0,"R_GALCTNLtex":0.0,"R_G1PACT":0.0481092486,"R_EX_h2s_e":0.0,"R_GALCTNt2pp":0.0,"R_GALCTNtex":0.0,"R_EX_h_e":4.0508919602,"R_GALCTt2rpp":0.0,"R_GALCTtex":0.0,"R_GALKr":0.0,"R_GAMptspp":0.0,"R_GAMtex":0.0,"R_GAPD":8.3696359697,"R_GARFT":0.2146395356,"R_GART":0.0,"R_GBBTNtex":0.0,"R_GDMANE":0.0,"R_GDPDPK":0.0,"R_GALM2pp":0.0,"R_GALS3":0.0,"R_GALT1":0.0004477301,"R_GALTtex":0.0,"R_GALURt2rpp":0.0,"R_GDPMNH":0.0,"R_GALURtex":0.0,"R_EX_hacolipa_e":0.0,"R_GALUi":0.014417675,"R_GDPMNP":0.0,"R_GDPtex":0.0,"R_GALabcpp":0.0,"R_GF6PTA":0.0481092486,"R_GALt2pp":0.0,"R_EX_halipa_e":0.0,"R_GALtex":0.0,"R_GAM6Pt6_2pp":0.0,"R_GHMT2r":0.9308935575,"R_GK1":0.1265824372,"R_GLBRAN2":0.0,"R_GAMAN6Ptex":0.0,"R_EX_hdca_e":0.0,"R_GLCATr":0.0,"R_GLCDpp":0.0,"R_EX_hdcea_e":0.0,"R_GLCNt2rpp":0.0,"R_GLXCL":0.0,"R_GLYALDtex":0.0,"R_GLYALDtpp":0.0,"R_GLCNtex":0.0,"R_GLCP":0.0,"R_GLCP2":0.0,"R_GLYAT":0.0,"R_EX_hg2_e":0.0,"R_GLYBabcpp":0.0,"R_GLYBtex_copy1":0.0,"R_GLYC2Ptex":0.0,"R_GLCRAL":0.0,"R_GLCRD":0.0,"R_GLCRt2rpp":0.0,"R_GLCRtex":0.0,"R_GLYC3Pabcpp":0.0,"R_GLCS1":0.0131289577,"R_GLYC3Pt6pp":0.0,"R_EX_his__L_e":0.0,"R_GLYC3Ptex":0.0,"R_GLCTR1":0.0004477301,"R_GLCTR2":0.0004477301,"R_GLCTR3":0.0004477301,"R_GLCUR1Ptex":0.0,"R_GLYCAt2rpp":0.0,"R_GLYCAtex":0.0,"R_GLCURt2rpp":0.0,"R_EX_hom__L_e":0.0,"R_GLCURtex":0.0,"R_GLCabcpp":0.0,"R_GLYCDx":0.0,"R_GLYCK":0.0,"R_GLYCK2":0.0,"R_GLYCL":0.0,"R_GLYCLTDx":0.0,"R_GLYCLTDy":0.0,"R_GLCptspp":5.0,"R_GLCt2pp":0.0,"R_GLCtex_copy1":0.0,"R_GLCtex_copy2":5.0,"R_GLYCLTt2rpp":-0.0022634981,"R_GLYCLTt4pp":0.0022634981,"R_GLDBRAN2":0.0,"R_EX_hxa_e":0.0,"R_GLGC":0.0131289577,"R_GLNS":0.8910149937,"R_GLNTRS":0.0,"R_GLYCLTtex":0.0,"R_GLYCTO2":0.0,"R_GLYCTO3":0.023891683,"R_GLYCTO4":0.0,"R_GLNabcpp":0.0,"R_EX_hxan_e":0.0,"R_GLNtex":0.0,"R_GLYCtex":0.0,"R_GLYCtpp":-0.0003311387,"R_GLU5K":0.1227893936,"R_EX_idon__L_e":0.0,"R_GLUCYS":0.0,"R_GLYK":0.0003311387,"R_GLYOX":0.0,"R_GLUDy":-4.091715679,"R_GLYOX3":0.0,"R_GLUN":0.0,"R_EX_ile__L_e":0.0,"R_GLUNpp":0.0,"R_GLUPRT":0.2146395356,"R_GLUR":-0.0236068942,"R_GLYTRS":0.0,"R_GLYt2pp":0.0,"R_GLYtex":0.0,"R_GMAND":0.0,"R_GLUSy":0.0,"R_GLUTRR":0.0008524553,"R_EX_imp_e":0.0,"R_GLUTRS":0.0008524553,"R_GLUabcpp":0.0,"R_GMHEPAT":0.0017909206,"R_GMHEPK":0.0017909206,"R_GMHEPPA":0.0017909206,"R_GLUt2rpp":0.0,"R_GLUt4pp":0.0,"R_EX_indole_e":0.0,"R_GLUtex":0.0,"R_GMPR":0.0,"R_GMPS2":0.1265824372,"R_EX_inost_e":0.0,"R_GMPtex":0.0,"R_GND":1.1712327785,"R_GTHOXtex":0.0,"R_EX_ins_e":0.0,"R_GTHOr":0.0582871056,"R_GTHRDHpp":0.0,"R_GNK":0.0,"R_GOFUCR":0.0,"R_GTHRDabc2pp":0.0,"R_GPDDA1":0.0,"R_EX_isetac_e":0.0,"R_GPDDA1pp":0.0,"R_GPDDA2":0.0,"R_GPDDA2pp":0.0,"R_GPDDA3":0.0,"R_GPDDA3pp":0.0,"R_GTHRDabcpp":0.0,"R_GTHRDtex":0.0,"R_GTHS":0.0,"R_GTPCI":0.023891683,"R_GTPCII2":0.0000047783,"R_GPDDA4":0.0,"R_GPDDA4pp":0.0,"R_GTPDPDP":0.0,"R_EX_k_e":-0.0848632582,"R_GTPDPK":0.0,"R_GTPHs":0.0,"R_GPDDA5":0.0,"R_GPDDA5pp":0.0,"R_GRTT":0.0,"R_GRXR":0.0582871056,"R_GTPtex":0.0,"R_GUAPRT":0.0,"R_GSNK":0.0,"R_EX_kdo2lipid4_e":0.0,"R_GSNt2pp":0.0,"R_GSNtex":0.0,"R_GSPMDA":0.0,"R_GUAt2pp":0.0,"R_GUAtex":0.0,"R_GSPMDS":0.0,"R_GUAtpp":0.0,"R_EX_lac__D_e":0.0,"R_GUR1PPpp":0.0,"R_H2O2tex":0.0,"R_H2Otex":-24.689182285,"R_H2Otpp":-24.7048222586,"R_H2SO":0.0,"R_HMBS":0.0001065569,"R_H2St1pp":0.0,"R_EX_lac__L_e":0.0,"R_H2Stex":0.0,"R_HMPK1":0.0,"R_H2tex":0.0,"R_HOMt2pp":0.0,"R_EX_lcts_e":0.0,"R_HOMtex":0.0,"R_HPPK2":0.023891683,"R_H2tpp":0.0,"R_HACD1i":0.0,"R_EX_leu__L_e":0.0,"R_HACD2i":0.0,"R_HACD3i":0.0,"R_HPPPNtex":0.0,"R_HPYRI":0.0,"R_EX_lipa_cold_e":0.0,"R_HPYRRx":0.0,"R_HPYRRy":0.0,"R_HACD4i":0.0,"R_EX_lipa_e":0.0,"R_HACD5i":0.0,"R_HACD6i":0.0,"R_HSDy":-0.2589466618,"R_HSK":0.2089050538,"R_HACD7i":0.0,"R_HSST":0.050041608,"R_EX_lys__L_e":0.0,"R_HSTPT":0.0320831855,"R_HXAtex":0.0,"R_HXPRT":0.0,"R_HYPOE":0.0,"R_HYXNtex":0.0,"R_HACD8i":0.0,"R_HBZOPT":0.0,"R_HCINNMtex":0.0,"R_HCO3E":0.9411832276,"R_HDCAtexi":0.0,"R_HYXNtpp":0.0,"R_EX_lyx__L_e":0.0,"R_Htex":-4.0508919602,"R_ICDHyr":3.4429566189,"R_HDCEAtexi":0.0,"R_EX_mal__D_e":0.0,"R_CTECOAI7":0.0,"R_HEMEOS":0.0,"R_ICHORS_copy1":0.0,"R_ICHORS_copy2":0.0,"R_HEPK1":0.0004477301,"R_EX_mal__L_e":0.0,"R_HEPK2":0.0004477301,"R_HEPT1":0.0004477301,"R_ICHORT":0.0,"R_ICL":0.0,"R_HEPT2":0.0004477301,"R_IDOND":0.0,"R_EX_malt_e":0.0,"R_IDOND2":0.0,"R_HEPT3":0.0004477301,"R_HEPT4":0.0004477301,"R_IDONt2rpp":0.0,"R_HETZK":0.0,"R_EX_malthx_e":0.0,"R_HEX1":0.0,"R_HEX4":0.0,"R_HEX7":0.0,"R_IDONtex":0.0,"R_IG3PS":0.0320831855,"R_IGPDH":0.0320831855,"R_IGPS":0.0419953669,"R_ILETA":-0.0417440264,"R_ILETRS":0.0,"R_HG2abcpp":0.0,"R_HG2tex":0.0,"R_ILEabcpp":0.0,"R_HISTD":0.0320831855,"R_EX_maltpt_e":0.0,"R_HISTP":0.0320831855,"R_HISTRS":0.0,"R_HISabcpp":0.0,"R_ILEt2rpp":0.0,"R_ILEtex":0.0,"R_IMPC":-0.2467227211,"R_IMPD":0.1265824372,"R_HISt2rpp":0.0,"R_IMPtex":0.0,"R_EX_malttr_e":0.0,"R_INDOLEt2pp":0.0,"R_INDOLEt2rpp":0.0,"R_HIStex":0.0,"R_EX_maltttr_e":0.0,"R_MLDCP1Bpp":0.0,"R_INDOLEtex":0.0,"R_INSH":0.0,"R_INSK":0.0,"R_INSTtex":0.0,"R_INSt2pp_copy1":0.0,"R_INSt2pp_copy2":0.0,"R_KAS14":0.0,"R_KAS15":0.1055759138,"R_INStex":0.0,"R_EX_man6p_e":0.0,"R_IPDDI":0.0,"R_IPDPS":0.0,"R_KAT1":0.0,"R_ACACT11":0.0,"R_ACACT8":0.0,"R_IPMD":0.0986683504,"R_EX_man_e":0.0,"R_IPPMIa":-0.0986683504,"R_IPPMIb":-0.0986683504,"R_ACACT13":0.0,"R_ACACT10":0.0,"R_ACACT9":0.0,"R_ACACT12":0.0,"R_IPPS":0.0986683504,"R_EX_manglyc_e":0.0,"R_ISETACtex":0.0,"R_ACACT8r":0.0,"R_LPLIPAL2A161":0.0,"R_KDOCT2":0.0013431904,"R_KDOPP":0.0013431904,"R_KDOPS":0.0013431904,"R_KG6PDC":0.0,"R_K2L4Aabcpp":0.0,"R_K2L4Atex":0.0,"R_KARA1":-0.2346770123,"R_KARA2":0.0417440264,"R_Kabcpp":0.0,"R_Kt2pp":0.0848632582,"R_Kt3pp":0.0,"R_Ktex":0.0848632582,"R_MALtex":0.0,"R_LA4NTpp":0.0,"R_MAN6PI":-0.0111932535,"R_LPLIPAL2A180":0.0,"R_MAN6Pt6_2pp":0.0,"R_MAN6Ptex":0.0,"R_LADGMDH":0.0,"R_LALDO2x":0.0,"R_LALGP":0.0,"R_MANGLYCtex":0.0,"R_LPLIPAL2A181":0.0,"R_MANptspp":0.0,"R_MANtex":0.0,"R_LCARR":0.0,"R_LCARS":0.0,"R_MCITD":0.0,"R_LCTStex":0.0,"R_MCITL2":0.0,"R_LDH_D":0.0,"R_LPLIPAL2ATE120":0.0,"R_LDH_D2":0.0,"R_MCITS":0.0,"R_MCOATA":0.726543692,"R_LEUTAi":0.0986683504,"R_LPLIPAL2ATE140":0.0,"R_LEUTRS":0.0,"R_LEUabcpp":0.0,"R_LEUt2rpp":0.0,"R_LEUtex":0.0,"R_MCPST":0.0,"R_MCTP1App":0.0,"R_MCTP1Bpp":0.0,"R_MCTP2App":0.0,"R_MDDCP1pp":0.0,"R_LGTHL":0.0,"R_LIPACabcpp":0.0,"R_MDDCP2pp":0.0,"R_LPLIPAL2ATE141":0.0,"R_MDDCP3pp":0.0,"R_MDDCP4pp":0.0,"R_LIPAabcpp":0.0,"R_LIPAtex":0.0,"R_LPADSS":0.0004477301,"R_MDDCP5pp":0.0,"R_LPLIPAL2ATE160":0.0,"R_MDDEP1pp":0.0,"R_MDDEP2pp":0.0,"R_LPLIPAL1A120pp":0.0,"R_LPLIPAL1A140pp":0.0,"R_LPLIPAL1A141pp":0.0,"R_LPLIPAL1A160pp":0.0,"R_MDDEP3pp":0.0,"R_LPLIPAL2ATE161":0.0,"R_MDDEP4pp":0.0,"R_MDH":3.3923884382,"R_MDRPD":0.0033448356,"R_ME1":0.0,"R_LPLIPAL1A161pp":0.0,"R_LPLIPAL1A180pp":0.0,"R_LPLIPAL1A181pp":0.0,"R_LPLIPAL1E120pp":0.0,"R_ME2":0.0,"R_LPLIPAL1E140pp":0.0,"R_LPLIPAL2ATE180":0.0,"R_LPLIPAL1E141pp":0.0,"R_LPLIPAL1E160pp":0.0,"R_MECDPDH2":0.0,"R_MECDPS":0.0,"R_MELIBt2pp":0.0,"R_LPLIPAL1E161pp":0.0,"R_MELIBt3ipp":0.0,"R_LPLIPAL2ATE181":0.0,"R_MELIBtex":0.0,"R_MEPCT":0.0,"R_LPLIPAL1E180pp":0.0,"R_LPLIPAL1E181pp":0.0,"R_LPLIPAL1G120pp":0.0,"R_METAT":0.0035579494,"R_LPLIPAL2ATG120":0.0,"R_METDabcpp":0.0,"R_METDtex":0.0,"R_METOX1s":0.0,"R_LPLIPAL1G140pp":0.0,"R_LPLIPAL1G141pp":0.0,"R_LPLIPAL1G160pp":0.0,"R_LPLIPAL1G161pp":0.0,"R_LPLIPAL1G180pp":0.0,"R_LPLIPAL1G181pp":0.0,"R_LPLIPAL2A120":0.0,"R_METOX2s":0.0,"R_METS":0.0502547218,"R_METSOX1abcpp":0.0,"R_METSOX1tex":0.0,"R_METSOX2abcpp":0.0,"R_LPLIPAL2A140":0.0,"R_LPLIPAL2A141":0.0,"R_LPLIPAL2ATG140":0.0,"R_LPLIPAL2A160":0.0,"R_METSOX2tex":0.0,"R_METSOXR1":0.0,"R_METSOXR2":0.0,"R_LPLIPAL2ATG141":0.0,"R_METTRS":0.0,"R_MLDCP2App":0.0,"R_MLDCP2Bpp":0.0,"R_METabcpp":0.0,"R_LPLIPAL2ATG160":0.0,"R_METtex":0.0,"R_MG2t3_2pp":0.0037724968,"R_MG2tex":0.0037724968,"R_MLDCP3App":0.0,"R_MLDEP1pp":0.0,"R_MLDEP2pp":0.0,"R_MG2tpp":0.0,"R_MGSA":0.0,"R_LPLIPAL2ATG161":0.0,"R_MI1PP":0.0,"R_MICITDr":0.0,"R_MINOHPtexi":0.0,"R_MLTG1":0.0,"R_MLTG2":0.0,"R_MLTG3":0.0,"R_MLTG4":0.0,"R_MLDCP1App":0.0,"R_MLTG5":0.0,"R_LPLIPAL2ATG180":0.0,"R_MLTGY1pp":0.0,"R_LPLIPAL2ATG181":0.0,"R_MLTGY2pp":0.0,"R_LPLIPAL2E120":0.0,"R_MLTGY3pp":0.0,"R_MLTGY4pp":0.0,"R_NADH5":0.0,"R_NADH9":0.0,"R_LPLIPAL2E140":0.0,"R_NADK":0.0002532518,"R_NADN":0.0,"R_MLTP1":0.0,"R_MLTP2":0.0,"R_MLTP3":0.0,"R_NADPHQR2":0.0,"R_LPLIPAL2E141":0.0,"R_NADPHQR3":0.0,"R_MME":0.0,"R_MMETtex":0.0,"R_NADPHQR4":0.0,"R_LPLIPAL2E160":0.0,"R_NADPPPS":0.0,"R_NADS1":0.0013044859,"R_MN2t3pp":0.0,"R_MN2tpp":0.0015089987,"R_MN6PP":0.0,"R_MNLptspp":0.0,"R_MNLtex":0.0,"R_NADTRHD":0.0,"R_NAMNPP":0.0,"R_MNt2pp":0.0,"R_NAt3_1p5pp":0.0,"R_MNtex":0.0015089987,"R_LPLIPAL2E161":0.0,"R_MOAT":0.0004477301,"R_MOAT2":0.0004477301,"R_MOAT3C":0.0004477301,"R_NAt3_2pp":0.0,"R_NAtex":0.0,"R_NDPK1":0.3050098267,"R_NDPK2":0.2422630995,"R_NDPK3":0.0594680715,"R_MOBDabcpp":0.0015089987,"R_MOBDtex":0.0015089987,"R_NDPK4":0.024130122,"R_MOHMT":0.0000281922,"R_LPLIPAL2E180":0.0,"R_MPTG":0.0118034471,"R_NDPK5":0.0,"R_NDPK6":-0.0124891384,"R_LPLIPAL2E181":0.0,"R_NDPK7":0.0,"R_NDPK8":0.0,"R_NH4tex":5.2657912102,"R_NH4tpp":5.2657912102,"R_NHFRBO":0.0,"R_MPTG2":0.0,"R_MSO3tex":0.0,"R_MTAN":0.0033448356,"R_MTHFC":0.8442298222,"R_MTHFD":0.8442298222,"R_NI2abcpp":0.0,"R_NI2t3pp":0.0,"R_NI2tex":0.0,"R_MTHFR2":0.0741464048,"R_NMNAT":0.0,"R_LPLIPAL2G120":0.0,"R_NMNDA":0.0,"R_NMNN":0.0,"R_MTRI":0.0033448356,"R_MTRK":0.0033448356,"R_MTRPOX":0.0,"R_NMNPtpp":0.0,"R_N2Otex":0.0,"R_NMNt7pp":0.0,"R_LPLIPAL2G140":0.0,"R_NMNtex":0.0,"R_NNAM":0.0,"R_NNATr":0.0013044859,"R_N2Otpp":0.0,"R_NACODA":0.0,"R_NACtex":0.0,"R_NACtpp":0.0,"R_NADDP":0.0,"R_NADH10":0.0,"R_NADH16pp":19.7065320101,"R_NNDPR":0.0013044859,"R_NO2t2rpp":0.0,"R_NO2tex":0.0,"R_NO3R1bpp":0.0,"R_NO3R1pp":0.0,"R_NO3R2bpp":0.0,"R_NADH17pp":0.0,"R_NADH18pp":0.0,"R_NO3R2pp":0.0,"R_LPLIPAL2G141":0.0,"R_NO3t7pp":0.0,"R_NO3tex":0.0,"R_NODOx":0.0,"R_NTD12pp":0.0,"R_NODOy":0.0,"R_LPLIPAL2G160":0.0,"R_NOtex":0.0,"R_NTD1pp":0.0,"R_NTD2":0.0,"R_NTD2pp":0.0,"R_NOtpp":0.0,"R_LPLIPAL2G161":0.0,"R_NPHS":0.0,"R_NTD1":0.0,"R_NTD3":0.0,"R_NTD3pp":0.0,"R_NTD4":0.0,"R_NTD4pp":0.0,"R_NTD10":0.0,"R_NTD10pp":0.0,"R_NTD11":0.0,"R_NTD11pp":0.0,"R_NTD5":0.0,"R_NTD12":0.0,"R_NTD5pp":0.0,"R_LPLIPAL2G180":0.0,"R_NTD6":0.0,"R_NTD6pp":0.0,"R_LPLIPAL2G181":0.0,"R_NTD7":0.0,"R_NTD7pp":0.0,"R_NTD8":0.0,"R_OPHBDC":0.0,"R_OPHHX":0.0,"R_NTD8pp":0.0,"R_LSERDHr":0.0,"R_NTD9":0.0,"R_NTD9pp":0.0,"R_OPHHX3":0.0,"R_ORNDC":0.0200690138,"R_ORNabcpp":0.0,"R_NTP1":0.0,"R_NTP10":0.0,"R_ORNtex":0.0,"R_LYSDC":0.0,"R_OROTt2_2pp":0.0,"R_NTP11":0.0,"R_NTP12":0.0,"R_LYSTRS":0.0,"R_NTP3":0.0,"R_NTP5":0.0,"R_NTPP1":0.0,"R_NTPP10":0.0,"R_NTPP11":0.0,"R_NTPP2":0.0,"R_OAAt2_2pp":0.0,"R_OROTtex":0.0,"R_OAAtex":0.0,"R_ORPT":-0.1811696768,"R_OXAMTC":0.0,"R_OXGDC2":0.0,"R_P5CD":0.0,"R_P5CR":0.1227893936,"R_NTPP3":0.0,"R_NTPP4":0.0,"R_NTPP5":0.0,"R_NTPP6":0.0,"R_PA120abcpp":0.0,"R_LYSabcpp":0.0,"R_PA140abcpp":0.0006422084,"R_PA141abcpp":0.0,"R_NTPP7":0.0,"R_NTPP8":0.0,"R_NTPP9":0.0,"R_PA160abcpp":0.0034862744,"R_NTPTP1":0.0,"R_PA161abcpp":0.0001834881,"R_LYSt2pp":0.0,"R_PA180abcpp":0.0000917441,"R_PA181abcpp":0.0001376161,"R_NTPTP2":0.0,"R_NTRIR2x":0.0,"R_NTRIR3pp":0.0,"R_NTRIR4pp":0.0,"R_O2Stex":0.0,"R_PACALDt2rpp":0.0,"R_PACALDtex":0.0,"R_PANTS":0.0000281922,"R_PAPA120":0.0,"R_PAPA120pp":0.0,"R_O2tex":11.6471150894,"R_O2tpp":11.6471150894,"R_PAPA140":0.0,"R_LYSt3pp":0.0,"R_PAPA140pp":0.0006288291,"R_PAPA141":0.0,"R_OAADC":0.0,"R_OBTFL":0.0,"R_PAPA141pp":0.0,"R_LYStex":0.0,"R_PAPA160":0.0,"R_PAPA160pp":0.0034136437,"R_OCDCAtexi":0.0,"R_OCDCEAtexi":0.0,"R_PAPA161":0.0,"R_LYXI":0.0,"R_PAPA161pp":0.0001796655,"R_OCTAtex":0.0,"R_OCTDPS":0.0,"R_LYXt2pp":0.0,"R_CTECOAI8":0.0,"R_PAPA180":0.0,"R_LYXtex":0.0,"R_PAPA180pp":0.0000898327,"R_PAPA181":0.0,"R_PAPA181pp":0.0001347491,"R_PAPPT3":0.0236068942,"R_PAPSR":0.0,"R_PAPSR2":0.0582871056,"R_OHPBAT":0.0,"R_OHPHM":0.0,"R_OMBZLM":0.0,"R_OMCDC":0.0986683504,"R_OMMBLHX":0.0,"R_OMMBLHX3":0.0,"R_PDH":4.4037883666,"R_PDX5PO2":0.0,"R_OMPDC":0.1811696768,"R_L_LACD2":0.0,"R_OMPHHX":0.0,"R_OMPHHX3":0.0,"R_PDX5POi":0.0,"R_PDX5PS":0.0,"R_PDXPP":0.0,"R_PE120abcpp":0.0,"R_L_LACD3":0.0,"R_PE140abcpp":0.0051209433,"R_PFL":0.0,"R_L_LACt2rpp":0.0,"R_PG120abcpp":0.0,"R_PG140abcpp":0.0014984864,"R_PE141abcpp":0.0,"R_PE160abcpp":0.0277994067,"R_PE161abcpp":0.0014631267,"R_PE180abcpp":0.0007315633,"R_PE181abcpp":0.001097345,"R_PG141abcpp":0.0,"R_PG160abcpp":0.0081346402,"R_PG161abcpp":0.000428139,"R_PG180abcpp":0.0002140695,"R_PG181abcpp":0.0003211042,"R_PEAMNtex":0.0,"R_PERD":0.0,"R_PGAMT":-0.0481092486,"R_PETNT161pp":0.0,"R_PGCD":1.2190638093,"R_L_LACtex":0.0,"R_PGI":3.7783863516,"R_PETNT181pp":0.0,"R_PFK":4.1296449811,"R_PGK":-8.3696359697,"R_PFK_2":0.0,"R_M1PD":0.0,"R_PGL":1.1712327785,"R_PGLYCP":0.0,"R_MACPD":0.0,"R_PGM":-7.1505721604,"R_PGMT":-0.0503808699,"R_PLIPA1E141pp":0.0,"R_PLIPA1E160pp":0.0,"R_PGP120abcpp":0.0,"R_MALDt2_2pp":0.0,"R_PGP140abcpp":0.0,"R_PLIPA1E161pp":0.0,"R_PLIPA1E180pp":0.0,"R_PGP141abcpp":0.0,"R_PGP160abcpp":0.0,"R_PGP161abcpp":0.0,"R_PGP180abcpp":0.0,"R_PGP181abcpp":0.0,"R_PLIPA1E181pp":0.0,"R_PLIPA1G120pp":0.0,"R_PLIPA1G140pp":0.0,"R_PLIPA1G141pp":0.0,"R_PGPP120":0.0,"R_PGPP120pp":0.0,"R_PLIPA1G160pp":0.0,"R_MALDtex":0.0,"R_PLIPA1G161pp":0.0,"R_PLIPA1G180pp":0.0,"R_PGPP140":0.0014984864,"R_PGPP140pp":0.0,"R_PGPP141":0.0,"R_PGPP141pp":0.0,"R_PLIPA1G181pp":0.0,"R_MALS":0.023891683,"R_PLIPA2A120pp":0.0,"R_PLIPA2A140pp":0.0,"R_PLIPA2A141pp":0.0,"R_PGPP160":0.0081346402,"R_PGPP160pp":0.0,"R_PGPP161":0.000428139,"R_PLIPA2A160pp":0.0,"R_PGPP161pp":0.0,"R_MALTATr":0.0,"R_PGPP180":0.0002140695,"R_PLIPA2A161pp":0.0,"R_PLIPA2A180pp":0.0,"R_PLIPA2A181pp":0.0,"R_PLIPA2E120pp":0.0,"R_PGPP180pp":0.0,"R_PGPP181":0.0003211042,"R_PGPP181pp":0.0,"R_PGSA120":0.0,"R_PLIPA2E140pp":0.0,"R_PLIPA2E141pp":0.0,"R_MALTHXabcpp":0.0,"R_PLIPA2E160pp":0.0,"R_PLIPA2E161pp":0.0,"R_PLIPA2E180pp":0.0,"R_PGSA140":0.0014984864,"R_PGSA141":0.0,"R_PGSA160":0.0081346402,"R_PGSA161":0.000428139,"R_PGSA180":0.0002140695,"R_PGSA181":0.0003211042,"R_PLIPA2E181pp":0.0,"R_PLIPA2G120pp":0.0,"R_MALTHXtexi":0.0,"R_PLIPA2G140pp":0.0,"R_PLIPA2G141pp":0.0,"R_PHEMEabcpp":0.0,"R_PHEMEtiex":0.0,"R_PHETA1":-0.0662946421,"R_PLIPA2G160pp":0.0,"R_MALTPTabcpp":0.0,"R_PLIPA2G161pp":0.0,"R_PLIPA2G180pp":0.0,"R_PLIPA2G181pp":0.0,"R_PMDPHT":0.0000047783,"R_PMPK":0.0,"R_PHETRS":0.0,"R_PHEt2rpp":0.0,"R_PHEtex":0.0,"R_PIt2rpp":0.439394093,"R_PItex":0.4237541195,"R_PIuabcpp":0.0,"R_PNTK":0.0000281922,"R_PNTOt4pp":0.0,"R_PLIPA1A120pp":0.0,"R_MALTPTtexi":0.0,"R_PLIPA1A140pp":0.0,"R_PNTOtex":0.0,"R_POX":0.0,"R_PLIPA1A141pp":0.0,"R_PPA":1.4530364948,"R_PLIPA1A160pp":0.0,"R_PPA2":0.0,"R_MALTTRabcpp":0.0,"R_PLIPA1A161pp":0.0,"R_PLIPA1A180pp":0.0,"R_PPAKr":0.0,"R_MALTTRtexi":0.0,"R_PPALtex":0.0,"R_PPALtpp":0.0,"R_PPAt4pp":0.0,"R_PLIPA1A181pp":0.0,"R_PLIPA1E120pp":0.0,"R_PLIPA1E140pp":0.0,"R_PPAtex":0.0,"R_PPBNGS":0.0004262276,"R_PPC":1.3707231959,"R_PRAIi":0.0419953669,"R_MALTTTRabcpp":0.0,"R_PRAMPC":0.0320831855,"R_PPCDC":0.0000281922,"R_PPCK":0.0,"R_PPGPPDP":0.0,"R_PPK2":0.0,"R_PRASCSi":0.2146395356,"R_MALTTTRtexi":0.0,"R_PRATPP":0.0320831855,"R_PRFGS":0.2146395356,"R_PPK":0.0,"R_PPM":-0.0035579494,"R_PPM2":0.0,"R_MALTabcpp":0.0,"R_PPNCL2":0.0000281922,"R_PRMICI":0.0320831855,"R_PROD2":0.0,"R_PPND":0.0192308935,"R_PROGLYabcpp":0.0,"R_MALTptspp":0.0,"R_PROGLYtex":0.0,"R_PROTRS":0.0,"R_PROabcpp":0.0,"R_PROt4pp":0.0,"R_PPNDH":0.0662946421,"R_PPPGO":0.0,"R_PPPGO3":0.0,"R_PPPNt2rpp":0.0,"R_PPPNtex":0.0,"R_PPS":0.0,"R_PPTtex":0.0,"R_PROtex":0.0,"R_PRPPS":0.4711922507,"R_PSCLYStex":0.0,"R_PSCVT":0.1514125856,"R_PSD120":0.0,"R_PRAGSr":0.2146395356,"R_PRAIS":0.2146395356,"R_MALTtexi":0.0,"R_EX_airs_e":0.0,"R_PSD140":0.0051209433,"R_PSD141":0.0,"R_PSD160":0.0277994067,"R_MALt2_2pp":0.0,"R_PSD161":0.0014631267,"R_PSD180":0.0007315633,"R_SERASr":0.0,"R_PSD181":0.001097345,"R_PSERT":1.2190638093,"R_PSERtex":0.0,"R_PSP_L":1.2190638093,"R_PSP_Lpp":0.0,"R_PSSA120":0.0,"R_PSSA140":0.0051343227,"R_PSSA141":0.0,"R_PSSA160":0.0278720374,"R_PSSA161":0.0014669493,"R_PSSA180":0.0007334747,"R_PSSA181":0.001100212,"R_R5PP":0.0,"R_R5PPpp":0.0,"R_R5Ptex":0.0,"R_RBFK":0.0000047783,"R_RBFSa":0.0000095567,"R_RBFSb":0.0000047783,"R_RBK":0.0,"R_PTA2":0.0,"R_PTAr":-0.1417546116,"R_PTHRpp":0.0,"R_PTPATi":0.0000281922,"R_RBK_L1":0.0,"R_RBP4E":0.0,"R_PTRCORNt7pp":0.0,"R_SERAT":0.0582871056,"R_PTRCTA":0.0,"R_PTRCabcpp":0.0,"R_RHAT1":0.0004477301,"R_RHCCE":0.0002131138,"R_RIBabcpp":0.0,"R_PTRCt2pp":0.0,"R_PTRCtex":0.0,"R_RIBtex":0.0,"R_SERD_D":0.0,"R_RMI":0.0,"R_PUNP1":-0.0035579494,"R_PUNP2":0.0,"R_PUNP3":0.0,"R_RMK":0.0,"R_SERTRS":0.0,"R_RMNtex":0.0,"R_RMNtpp":0.0,"R_PUNP4":0.0,"R_PUNP5":0.0,"R_PUNP6":0.0,"R_PUNP7":0.0,"R_PYAM5PO":0.0,"R_PYDAMK":0.0,"R_PYDXK":0.0,"R_RMPA":0.0,"R_RNDR1":0.0,"R_RNDR1b":0.0,"R_RNDR2":0.0,"R_PYDXNK":0.0,"R_RNDR2b":0.0,"R_SERTRS2":0.0,"R_RNDR3":0.0,"R_PYDXPP":0.0,"R_PYK":0.4520737087,"R_PYNP2r":0.0,"R_RNDR3b":0.0,"R_PYRt2rpp":0.0,"R_SERt2rpp":0.0,"R_PYRtex":0.0,"R_RNDR4":0.0,"R_RNDR4b":0.0,"R_QMO2":0.0,"R_RNTR1c":0.0124891384,"R_QMO3":0.0,"R_SERt4pp":0.0,"R_QULNS":0.0013044859,"R_RNTR2c":0.0136502742,"R_RNTR3c":0.0136502742,"R_RNTR4c":0.0124891384,"R_RPE":0.4123520521,"R_RPI":-0.7575279793,"R_S7PI":0.0017909206,"R_TDSR2":0.0,"R_THD2pp":0.0,"R_SADH":0.0,"R_SERtex":0.0,"R_SADT2":0.0582871056,"R_SBTPD":0.0,"R_THDPS":0.1724062075,"R_THIORDXi":0.0,"R_SBTptspp":0.0,"R_THMDt2pp_copy1":0.0,"R_SFGTHi":0.0,"R_THMDt2pp_copy2":0.0,"R_THMDtex":0.0,"R_THMabcpp":0.0,"R_SBTtex":0.0,"R_SDPDS":0.1724062075,"R_SDPTA":-0.1724062075,"R_SELCYSS":0.0,"R_SGDS":0.0,"R_SELNPS":0.0,"R_THMtex":0.0,"R_THRA2":0.0,"R_THRA":0.0,"R_THRD":0.0,"R_THRD_L":0.0417440264,"R_TTDCAtexi":0.0,"R_THRPtex":0.0,"R_SGSAD":0.0,"R_THRS":0.2089050538,"R_THRTRS":0.0,"R_TTDCEAtexi":0.0,"R_TUNGSabcpp":0.0,"R_TUNGStex":0.0,"R_THRabcpp":0.0,"R_SHCHCS2":0.0,"R_THRt2pp":0.0,"R_TYMtex":0.0,"R_TYRPpp":0.0,"R_SHCHD2":0.0001065569,"R_TYRPtex":0.0,"R_TYRTA":-0.0192308935,"R_THRt2rpp":0.0,"R_THRt4pp":0.0,"R_THRtex":0.0,"R_TYRTRS":0.0,"R_SHCHF":0.0001065569,"R_TYRt2rpp":0.0,"R_TYRtex":0.0,"R_THYMt3pp":0.0,"R_THYMtex":0.0,"R_TKT1":0.2827777791,"R_U23GAAT":0.0008954603,"R_UAAGDS":0.0236068942,"R_UACGALPpp":0.0,"R_UACGAMPpp":0.0,"R_TKT2":0.129574273,"R_TMAOR1pp":0.0,"R_TMAOR2pp":0.0,"R_UACGAMtex":0.0,"R_TMAOtex":0.0,"R_SHK3Dr":0.1514125856,"R_TMAtex":0.0,"R_TMDK1":0.0,"R_UACMAMO":0.0,"R_UAG2E":0.0,"R_UAGAAT":0.0008954603,"R_TMDPP":0.0,"R_SHKK":0.1514125856,"R_TMDS":0.0124891384,"R_TMK":0.0,"R_UAGCVT":0.0236068942,"R_UAGDP":0.0481092486,"R_UAGPT3":0.0236068942,"R_TMPK":0.0,"R_SKMtex":0.0,"R_TMPPP":0.0,"R_UAMAGS":0.0236068942,"R_UAMAS":0.0236068942,"R_TPI":4.0666304281,"R_SO2tex":0.0,"R_TPRDCOAS":0.0,"R_TRDR":0.0,"R_UAPGR":0.0236068942,"R_UDCPDP":0.0236068942,"R_UDCPDPS":0.0,"R_UDCPDPpp":0.0111932535,"R_UDCPPtppi":0.0111932535,"R_TRE6PH":0.0,"R_TRE6PP":0.0,"R_TRE6PS":0.0,"R_TREH":0.0,"R_UDPACGALtex":0.0,"R_SO2tpp":0.0,"R_UDPG4E":0.0111932535,"R_UDPGALPpp":0.0,"R_UDPGALtex":0.0,"R_TREHpp":0.0,"R_TREptspp":0.0,"R_TREtex":0.0,"R_TRPS1":0.0,"R_UDPGD":0.0,"R_UDPGDC":0.0,"R_TRPS2":0.0419953669,"R_SO3tex":0.0,"R_TRPS3":0.0419953669,"R_TRPTRS":0.0,"R_UDPGLCURtex":0.0,"R_UDPGPpp":0.0,"R_UDPGtex":0.0,"R_SO4tex":0.0582871056,"R_UDPKAAT":0.0,"R_UGLCURPpp":0.0,"R_UGLT":0.0,"R_TRPt2rpp":0.0,"R_TRPtex":0.0,"R_TRSARr":0.0,"R_TSULabcpp":0.0,"R_TSULtex":0.0,"R_UGLYCH":0.0,"R_UGMDDS":0.0236068942,"R_UHGADA":0.0008954603,"R_SOTA":0.0,"R_ULA4NFT":0.0,"R_URDGLYCD":0.0,"R_ULA4Ntppi":0.0,"R_SPMDAT1":0.0,"R_UREAtex":0.0,"R_UREAtpp":0.0,"R_SPMDAT2":0.0,"R_URIC":0.0,"R_URIDK2r":-0.0124891384,"R_URIH":0.0,"R_UM3PL":0.0,"R_UM4PCP":0.0,"R_UM4PL":0.0,"R_URIK2":0.0,"R_SPMDabcpp":0.0,"R_URIt2pp_copy1":0.0,"R_UMPK":0.2164175546,"R_UMPtex":0.0,"R_URIt2pp_copy2":0.0,"R_SPMDtex":0.0,"R_URItex":0.0,"R_USHD":0.0004477301,"R_UNK3":0.0033448356,"R_UPLA4FNF":0.0,"R_UPLA4FNT":0.0,"R_UPP3MT":0.0001065569,"R_UPP3S":0.0001065569,"R_VALTA":0.0,"R_VALTRS":0.0,"R_VALabcpp":0.0,"R_VALt2rpp":0.0,"R_VALtex":0.0,"R_UPPRT":0.0,"R_URAt2pp":0.0,"R_SPMS":0.0033448356,"R_URAtex":0.0,"R_VPAMTr":0.1359804697,"R_X5PL3E":0.0,"R_SPODM":0.0,"R_XANt2pp":0.0,"R_SPODMpp":0.0,"R_XANtex":0.0,"R_XANtpp":0.0,"R_XMPtex":0.0,"R_XPPT":0.0,"R_12PPDRDH":0.0,"R_SSALx":0.0,"R_PPDD":0.0,"R_XTSNH":0.0,"R_XTSNt2rpp":0.0,"R_XTSNtex":0.0,"R_ALCD3ir":0.0,"R_SSALy":0.0,"R_XYLI1":0.0,"R_XYLI2":0.0,"R_XYLK":0.0,"R_XYLK2":0.0,"R_XYLUt2pp":0.0,"R_XYLUtex":0.0,"R_XYLtex":0.0,"R_MMSAD2":0.0,"R_DSCLCOCH":0.0,"R_Cobalt2abcppI":0.0,"R_COBALT2tpp_copy2":0.0,"R_XYLt2pp":0.0,"R_ZN2abcpp":0.0,"R_CPC2MT":0.0,"R_SUCBZL":0.0,"R_CPC3MT":0.0,"R_CODSCL4MT":0.0,"R_CODSCL5DA":0.0,"R_CODSCL5BMT":0.0,"R_ZN2t3pp":0.0,"R_ZN2tpp":0.0015089987,"R_ZNabcpp":0.0,"R_Zn2tex":0.0015089987,"R_GCALDD":0.023891683,"R_THZPSN":0.0,"R_CPC6R":0.0,"R_CODSCL6BMT":0.0,"R_SUCBZS":0.0,"R_CODSCL7MTDC":0.0,"R_CODSCL8XI":0.0,"R_EX_AEP_e":0.0,"R_COBNAD":0.0,"R_SUCCt2_2pp":0.0,"R_COB2NDARED":0.0,"R_COB1NDAAT1":0.0,"R_COB1NDAAT2":0.0,"R_ADCOBNSYN":0.0,"R_AEPtex":0.0,"R_AEPabcpp":0.0,"R_AEPPYRTA":0.0,"R_PALDH":0.0,"R_LTHRK":0.0,"R_THRPDC":0.0,"R_EX_4hoxpac_e":0.0,"R_ADOCBIPS":0.0,"R_4hoxpactex":0.0,"R_SUCCt3pp":0.0,"R_4HOXPACt2pp_1":0.0,"R_ADOCBLPS":0.0,"R_ADOCBLPP":0.0,"R_FADRx_copy2":0.0,"R_ADOCBIK":0.0,"R_SUCCtex":0.0,"R_4HOXPACMON":0.0,"R_4HOXPACMOF_1":0.0,"R_CBLAT":0.0,"R_APPK":0.0,"R_34DHPACDO":0.0,"R_SUCDi":3.5876981687,"R_CMCMSAD":0.0,"R_EX_remnant1_e":0.0,"R_REMNANT1tex":0.0,"R_CMHMI":0.0,"R_SUCOAS":-2.7487660883,"R_OPTCCL":0.0,"R_2HH24DDH":0.0,"R_4H2KPILY":0.0,"R_EX_colipa20Oag_e":0.0,"R_colipa20Oagtex":0.0,"R_udcdp20OagLpp":0.0,"R_udcdpgalrmnmanabetpp":0.0,"R_OGLT":0.0,"R_ORLT":0.0,"R_SUCRtex":0.0,"R_OMLT":0.0,"R_OAP19pp":0.0,"R_OALT":0.0,"R_SULFACtex":0.0,"R_MAN1PT2":0.0111932535,"R_G1PCTYT":0.0111932535,"R_SULR":0.0,"R_CDPGLC46DH":0.0111932535,"R_PMANM":-0.0111932535,"R_OAP1pp":0.0,"R_OAP2pp":0.0,"R_CDP4D6DGLCRx":0.0111932535,"R_SULabcpp":0.0582871056,"R_CDPABEQS":0.0111932535,"R_OAP3pp":0.0,"R_OAP4pp":0.0,"R_SALCHS4FEexs":0.0,"R_OAP5pp":0.0,"R_EX_salchs4_e":0.0,"R_T2DECAI":0.0072750175,"R_EX_salchs4fe_e":0.0,"R_SALCHS4FEabcpp":0.0,"R_OAP6pp":0.0,"R_OAP7pp":0.0,"R_OAP8pp":0.0,"R_OAP9pp":0.0,"R_OAP10pp":0.0,"R_OAP11pp":0.0,"R_OAP12pp":0.0,"R_SALCHS4tex":0.0,"R_TALA":0.2809868586,"R_OAP13pp":0.0,"R_OAP14pp":0.0,"R_OAP15pp":0.0,"R_TARTRtex":0.0,"R_OAP16pp":0.0,"R_OAP17pp":0.0,"R_TAURtex":0.0,"R_OAP18pp":0.0,"R_TCYNTtex":0.0,"R_CTECOAI6":0.0,"R_AIRStex":0.0,"R_AIRStpp":0.0,"R_REMNANT1tpp":0.0,"R_SALCHS4abcpp":0.0,"R_FEENTER2tpp":0.0,"R_TDP":0.0,"R_EX_salchsx_e":0.0,"R_ARGDr":0.0,"R_OCBT":0.062503032,"R_SALCHSXtex":0.0,"R_TDPADGAT":0.0,"R_SALCHSXtpp":0.0,"R_CSNt2pp":0.0,"R_CBMKr":0.2436727088,"R_3PGt6pp":0.0,"R_2PGt6pp":0.0,"R_PEPt6pp":0.0,"R_CSND":0.0,"R_ALCD19":0.0,"R_ALCD2x":0.0,"R_EX_pep_e":0.0,"R_FALDH2":0.0,"R_TDPAGTA":0.0,"R_DPR":0.0000281922,"R_PEPtex":0.0,"R_EX_2pg_e":0.0,"R_2PGtex":0.0,"R_EX_3pg_e":0.0,"R_LIPAHT2ex":0.0,"R_LIPAHTex":0.0,"R_3PGtex":0.0,"R_TDPDRE":0.0116409836,"R_SERD_L":0.0,"R_CYTBD2pp":0.0,"R_CYTBDpp":0.0,"R_TARTD":0.0,"R_TDPDRR":0.0116409836,"R_TARTRtpp":0.0,"R_NI2tpp":0.0,"R_ACANTHAT":0.0,"R_GLTPD":0.0,"R_TGBPA":0.0,"R_CAT":0.0,"R_CHORM":0.0855255356,"R_GUI1":0.0,"R_TDPGDH":0.0116409836,"R_GUI2":0.0,"R_MNNH":0.0,"R_MANAO":0.0,"R_DAPAL":0.0,"R_UDPGALM":0.0,"R_HYD1pp":0.0,"R_HYD2pp":0.0,"R_HYD3pp":0.0,"R_OAADCS":0.0,"R_CITt4pp":0.0,"R_EX_tet_e":0.0,"R_TDSK":0.0004477301,"R_TETtex":0.0,"R_EX_frmd_e":0.0,"R_FOAMtex":0.0,"R_DDGLCNt2rpp":0.0,"R_CITt_kt":0.0,"R_CITtupp":0.0,"R_EX_tartr__D_e":0.0,"R_TARTRDtex":0.0,"R_ICITtupp":0.0,"R_TDSR1":0.0,"R_ACONCtupp":0.0,"R_NI2uabcpp":0.0,"R_TARTRDtpp":0.0,"R_GALCTD":0.0,"R_SHSL1":0.050041608,"R_GALTptspp":0.0,"R_ASPt2_3pp":0.0,"R_FEROXBFEabcpp":0.0,"R_SUCFUMtpp":0.0,"R_SUCCt2_3pp":0.0,"R_FUMt2_3pp":0.0,"R_MALt2_3pp":0.0,"R_ALAALAD_1":0.0,"R_DMSOR1pp":0.0,"R_DMSOR2pp":0.0,"R_NAt3pp":0.0,"R_EX_tag__D_e":0.0,"R_TAGtex":0.0,"R_TAGptspp":0.0,"R_TAG1PK":0.0,"R_FE2abcpp":0.0,"R_MNabc_1":0.0,"R_TETDHpp1":0.0,"R_TSULDHpp1":0.0,"R_TETDHpp2":0.0,"R_TSULDHpp2":0.0,"R_4IZ5PPH":0.0,"R_NFLGLNH":0.0,"R_FEROXEFEabcpp":0.0,"R_EX_4abz_e":0.0,"R_4ABZt":0.0,"R_TETDHpp3":0.0,"R_TSULDHpp3":0.0,"R_SO3R":0.0582871056,"R_EX_feroxB_e":0.0,"R_FEROXGFEabcpp":0.0,"R_EX_feroxBfe_e":0.0,"R_EX_feroxE_e":0.0,"R_EX_feroxEfe_e":0.0,"R_EX_feroxG_e":0.0,"R_EX_feroxGfe_e":0.0,"R_MG2uabcpp":0.0,"R_UPPDC1":0.0,"R_AIRSK":0.0,"R_FEROXGFEtonex":0.0,"R_OA5VL_ST":0.0,"R_OAO4t3pp":0.0,"R_FEENTERR3":0.0,"R_FEROXBFEtex":0.0,"R_OAO4t3ex":0.0,"R_PYDXtex":0.0,"R_SALCHS4FER1":0.0,"R_FEROXEFEtex":0.0,"R_SALCHS4FER2":0.0,"R_SALCHS4FER3":0.0,"R_PYDXtpp":0.0,"R_PYDXNtex":0.0,"R_PYDXNtpp":0.0,"R_HEXt2rpp":0.0,"R_SALCHS4FEtonex":0.0,"R_4HTHRtex":0.0,"R_FEROXGtex":0.0,"R_4HTHRtrpp":0.0,"R_4HTHRK":0.0,"R_HISDr":0.0,"R_FEROXEtex":0.0,"R_AB6PGH":0.0,"R_SARCOX":0.0,"R_PDE1":0.0,"R_URCN":0.0,"R_AADDGT":0.0,"R_ENTERHpp":0.0,"R_SALCHS4Hpp":0.0,"R_FE3HOXabcpp":0.0,"R_FEOXAMR1":0.0,"R_FEOXAMR2":0.0,"R_FEOXAMR3":0.0,"R_DHBSH_1":0.0,"R_SALCHS4FEHpp":0.0,"R_DHBSZ3tex":0.0,"R_ALPATE160pp_1":0.0,"R_DHBSZ3FEexs":0.0,"R_FEROXBtex":0.0,"R_DHBSZ3FEtonex":0.0,"R_ALPATG160pp_1":0.0,"R_CYSDS_copy2":0.0,"R_INOSTtpp":0.0,"R_DHBSZ3FEabcpp":0.0,"R_HDCAt2pp":0.0,"R_FEDHBZS3R1":0.0,"R_FEROXBtpp":0.0,"R_FEDHBZS3R2":0.0,"R_FEDHBZS3R3":0.0,"R_OCDCAt2pp":0.0,"R_OCDCEAt2pp":0.0,"R_TTDCAt2pp":0.0,"R_SALCHS2tex":0.0,"R_FEROXEtpp":0.0,"R_SALCHS2FEexs":0.0,"R_SALCHS2FEtonex":0.0,"R_DDCAt2pp":0.0,"R_BIOMASS_iRR1083_metals":0.4778336608,"R_EX_rnam_e":0.0,"R_EX_udcpo5_e":0.0,"R_EX_tcb_e":0.0,"R_SALCHS2FEabcpp":0.0,"R_EX_tton_e":0.0,"R_FEROXGtpp":0.0,"R_EX_colipaOA_e":0.0,"R_EX_udcpo4_e":0.0,"R_EX_4hthr_e":0.0,"R_SALCHS2FER1":0.0,"R_SALCHS2FER2":0.0,"R_SALCHS2FER3":0.0,"R_EX_23dhbzs3_e":0.0,"R_EX_fe3dhbzs3_e":0.0,"R_SALCHS2H":0.0,"R_EX_drib_e":0.0,"R_SALCHS1H":0.0,"R_ENTERH":0.0,"R_DHBZS3H":0.0,"R_EX_salchs2_e":0.0,"R_EX_salchs2fe_e":0.0,"R_EX_guln__L_e":0.0,"R_EX_dxyl_e":0.0,"R_DHBZS2H":0.0,"R_DRIBtpp":0.0,"R_FEENTERtex":0.0,"R_ENTERGLCT1":0.0,"R_ENTERGLCT2":0.0,"R_DRBK":0.0,"R_FEROXBFER1":0.0,"R_FEROXBFER2":0.0,"R_DRIBtex":0.0,"R_SCYSSL":0.0,"R_FEROXBFER3":0.0,"R_SLCYSS":0.0,"R_FEROXEFER1":0.0,"R_FEROXEFER2":0.0,"R_FEROXEFER3":0.0,"R_FEROXGFER1":0.0,"R_FEROXGFER2":0.0,"R_GTHPi":0.0,"R_FEROXGFER3":0.0,"R_GULNLtex":0.0,"R_GULNLtpp":0.0,"R_GULNLR":0.0,"R_HHDDI":0.0,"R_DXYLUDtex":0.0,"R_DXYLUDtpp":0.0,"R_MUREINLPPTP":0.0,"R_INOSR":0.0,"R_APOLPPS":0.0,"R_PROLPPOATPE160":0.0,"R_PROLPPOATPG160":0.0,"R_MMSAD3":0.0,"R_PROLPPGT160":0.0,"R_DMBZIDS":0.0,"R_2HH24DDH1":0.0,"R_GALCTND":0.0,"R_DDPGALA":0.0,"R_FOAMtrpp":0.0,"R_CHITPH":0.0,"R_FEENTERR1":0.0,"R_FEENTERR2":0.0,"R_D5KGK":0.0,"R_D5KGPA":0.0,"R_DHEDAA":0.0,"R_DKDID":0.0,"R_2INSD":0.0,"R_DTARTD":0.0,"R_NMNR":0.0,"R_RNMK":0.0,"R_OACT":0.0111932535,"R_UDCPAT":0.0111932535,"R_UDCPMT":0.0111932535,"R_UDCPRT":0.0111932535,"R_UDCPGT":0.0111932535,"R_TCBO":0.0,"R_GLYBtex_copy2":0.0,"R_GLYBt2pp":0.0,"R_CHITOBex":0.0,"R_CHITOBpts":0.0,"R_RNAMtex":0.0,"R_RNAMtpp":0.0,"R_OAO5t3ex":0.0,"R_OAO5t3pp":0.0111932535,"R_TCBt2pp":0.0,"R_TCBt2ex":0.0,"R_TTONR1pp":0.0,"R_TTONtex":0.0,"R_TTONR2pp":0.0,"R_LEUt4rpp":0.0,"R_UPLA4NT":0.0,"R_PSUDS":0.0,"R_PFOR":0.0522788252,"R_NNDMBRT":0.0,"R_BIOMASS_iRR1083":0.0,"R_peptido_ST":0.0118034471,"R_pe2_ST":0.0003657817,"R_pg2_ST":0.0001003451,"R_clpn2_ST":0.0000033448,"R_pa2_ST":0.0000009557,"R_ps2_ST":0.0000009557,"R_12dgr2_ST":0.0000449164,"R_OAL_ST":0.0004477301,"R_OA4L_ST":0.0,"R_OA5L_ST":0.0004477301,"R_OA4VL_ST":0.0}]