[{"data_generator_T":0.0,"data_generator_V":-71.0},{"data_generator_T":10.0,"data_generator_V":-73.272247},{"data_generator_T":20.0,"data_generator_V":-62.560101},{"data_generator_T":30.0,"data_generator_V":-63.619408},{"data_generator_T":40.0,"data_generator_V":-63.779919},{"data_generator_T":50.0,"data_generator_V":-63.829441},{"data_generator_T":60.0,"data_generator_V":-63.894058},{"data_generator_T":70.0,"data_generator_V":-63.961742},{"data_generator_T":80.0,"data_generator_V":-64.028786},{"data_generator_T":90.0,"data_generator_V":-64.095253},{"data_generator_T":100.0,"data_generator_V":-64.161209},{"data_generator_T":110.0,"data_generator_V":-64.226662},{"data_generator_T":120.0,"data_generator_V":-64.291588},{"data_generator_T":130.0,"data_generator_V":-64.355965},{"data_generator_T":140.0,"data_generator_V":-64.419792},{"data_generator_T":150.0,"data_generator_V":-64.483055},{"data_generator_T":160.0,"data_generator_V":-64.545731},{"data_generator_T":170.0,"data_generator_V":-64.607811},{"data_generator_T":180.0,"data_generator_V":-64.669281},{"data_generator_T":190.0,"data_generator_V":-64.730133},{"data_generator_T":200.0,"data_generator_V":-64.790352},{"data_generator_T":210.0,"data_generator_V":-64.849922},{"data_generator_T":220.0,"data_generator_V":-64.908829},{"data_generator_T":230.0,"data_generator_V":-64.967064},{"data_generator_T":240.0,"data_generator_V":-65.02462},{"data_generator_T":250.0,"data_generator_V":-65.081474},{"data_generator_T":260.0,"data_generator_V":-65.137627},{"data_generator_T":270.0,"data_generator_V":-65.193054},{"data_generator_T":280.0,"data_generator_V":-65.247749},{"data_generator_T":290.0,"data_generator_V":-65.301697},{"data_generator_T":300.0,"data_generator_V":-65.354897},{"data_generator_T":310.0,"data_generator_V":-65.407326},{"data_generator_T":320.0,"data_generator_V":-65.458977},{"data_generator_T":330.0,"data_generator_V":-65.509842},{"data_generator_T":340.0,"data_generator_V":-65.559906},{"data_generator_T":350.0,"data_generator_V":-65.609161},{"data_generator_T":360.0,"data_generator_V":-65.657593},{"data_generator_T":370.0,"data_generator_V":-65.705185},{"data_generator_T":380.0,"data_generator_V":-65.751945},{"data_generator_T":390.0,"data_generator_V":-65.797844},{"data_generator_T":400.0,"data_generator_V":-65.84288},{"data_generator_T":410.0,"data_generator_V":-65.887047},{"data_generator_T":420.0,"data_generator_V":-65.930321},{"data_generator_T":430.0,"data_generator_V":-65.97271},{"data_generator_T":440.0,"data_generator_V":-66.014183},{"data_generator_T":450.0,"data_generator_V":-66.054756},{"data_generator_T":460.0,"data_generator_V":-66.094398},{"data_generator_T":470.0,"data_generator_V":-66.133102},{"data_generator_T":480.0,"data_generator_V":-66.170876},{"data_generator_T":490.0,"data_generator_V":-66.207687},{"data_generator_T":500.0,"data_generator_V":-66.243546},{"data_generator_T":510.0,"data_generator_V":-66.278435},{"data_generator_T":520.0,"data_generator_V":-66.31234},{"data_generator_T":530.0,"data_generator_V":-66.345268},{"data_generator_T":540.0,"data_generator_V":-66.377197},{"data_generator_T":550.0,"data_generator_V":-66.408127},{"data_generator_T":560.0,"data_generator_V":-66.438042},{"data_generator_T":570.0,"data_generator_V":-66.466934},{"data_generator_T":580.0,"data_generator_V":-66.494812},{"data_generator_T":590.0,"data_generator_V":-66.521652},{"data_generator_T":600.0,"data_generator_V":-66.547455},{"data_generator_T":610.0,"data_generator_V":-66.572205},{"data_generator_T":620.0,"data_generator_V":-66.595909},{"data_generator_T":630.0,"data_generator_V":-66.618546},{"data_generator_T":640.0,"data_generator_V":-66.640121},{"data_generator_T":650.0,"data_generator_V":-66.660629},{"data_generator_T":660.0,"data_generator_V":-66.680054},{"data_generator_T":670.0,"data_generator_V":-66.698395},{"data_generator_T":680.0,"data_generator_V":-66.715652},{"data_generator_T":690.0,"data_generator_V":-66.731819},{"data_generator_T":700.0,"data_generator_V":-66.746887},{"data_generator_T":710.0,"data_generator_V":-66.760857},{"data_generator_T":720.0,"data_generator_V":-66.77372},{"data_generator_T":730.0,"data_generator_V":-66.785469},{"data_generator_T":740.0,"data_generator_V":-66.796112},{"data_generator_T":750.0,"data_generator_V":-66.805641},{"data_generator_T":760.0,"data_generator_V":-66.814049},{"data_generator_T":770.0,"data_generator_V":-66.821335},{"data_generator_T":780.0,"data_generator_V":-66.827507},{"data_generator_T":790.0,"data_generator_V":-66.83255},{"data_generator_T":800.0,"data_generator_V":-66.836464},{"data_generator_T":810.0,"data_generator_V":-66.839256},{"data_generator_T":820.0,"data_generator_V":-66.840919},{"data_generator_T":830.0,"data_generator_V":-66.841454},{"data_generator_T":840.0,"data_generator_V":-66.840858},{"data_generator_T":850.0,"data_generator_V":-66.839134},{"data_generator_T":860.0,"data_generator_V":-66.836281},{"data_generator_T":870.0,"data_generator_V":-66.832306},{"data_generator_T":880.0,"data_generator_V":-66.827202},{"data_generator_T":890.0,"data_generator_V":-66.820976},{"data_generator_T":900.0,"data_generator_V":-66.813622},{"data_generator_T":910.0,"data_generator_V":-66.805153},{"data_generator_T":920.0,"data_generator_V":-66.795563},{"data_generator_T":930.0,"data_generator_V":-66.784851},{"data_generator_T":940.0,"data_generator_V":-66.773033},{"data_generator_T":950.0,"data_generator_V":-66.760101},{"data_generator_T":960.0,"data_generator_V":-66.746063},{"data_generator_T":970.0,"data_generator_V":-66.730927},{"data_generator_T":980.0,"data_generator_V":-66.714684},{"data_generator_T":990.0,"data_generator_V":-66.697357},{"data_generator_T":1000.0,"data_generator_V":-66.678932},{"data_generator_T":1010.0,"data_generator_V":-66.659424},{"data_generator_T":1020.0,"data_generator_V":-66.63884},{"data_generator_T":1030.0,"data_generator_V":-66.61718},{"data_generator_T":1040.0,"data_generator_V":-66.594452},{"data_generator_T":1050.0,"data_generator_V":-66.570663},{"data_generator_T":1060.0,"data_generator_V":-66.545815},{"data_generator_T":1070.0,"data_generator_V":-66.51992},{"data_generator_T":1080.0,"data_generator_V":-66.492981},{"data_generator_T":1090.0,"data_generator_V":-66.465012},{"data_generator_T":1100.0,"data_generator_V":-66.436012},{"data_generator_T":1110.0,"data_generator_V":-66.405983},{"data_generator_T":1120.0,"data_generator_V":-66.374947},{"data_generator_T":1130.0,"data_generator_V":-66.342911},{"data_generator_T":1140.0,"data_generator_V":-66.309868},{"data_generator_T":1150.0,"data_generator_V":-66.275841},{"data_generator_T":1160.0,"data_generator_V":-66.240829},{"data_generator_T":1170.0,"data_generator_V":-66.204842},{"data_generator_T":1180.0,"data_generator_V":-66.1679},{"data_generator_T":1190.0,"data_generator_V":-66.129997},{"data_generator_T":1200.0,"data_generator_V":-66.091148},{"data_generator_T":1210.0,"data_generator_V":-66.051361},{"data_generator_T":1220.0,"data_generator_V":-66.010651},{"data_generator_T":1230.0,"data_generator_V":-65.969025},{"data_generator_T":1240.0,"data_generator_V":-65.926483},{"data_generator_T":1250.0,"data_generator_V":-65.883049},{"data_generator_T":1260.0,"data_generator_V":-65.838722},{"data_generator_T":1270.0,"data_generator_V":-65.793518},{"data_generator_T":1280.0,"data_generator_V":-65.747444},{"data_generator_T":1290.0,"data_generator_V":-65.700516},{"data_generator_T":1300.0,"data_generator_V":-65.65274},{"data_generator_T":1310.0,"data_generator_V":-65.604126},{"data_generator_T":1320.0,"data_generator_V":-65.554688},{"data_generator_T":1330.0,"data_generator_V":-65.504425},{"data_generator_T":1340.0,"data_generator_V":-65.453369},{"data_generator_T":1350.0,"data_generator_V":-65.401512},{"data_generator_T":1360.0,"data_generator_V":-65.348877},{"data_generator_T":1370.0,"data_generator_V":-65.295464},{"data_generator_T":1380.0,"data_generator_V":-65.241302},{"data_generator_T":1390.0,"data_generator_V":-65.186378},{"data_generator_T":1400.0,"data_generator_V":-65.13073},{"data_generator_T":1410.0,"data_generator_V":-65.074348},{"data_generator_T":1420.0,"data_generator_V":-65.017258},{"data_generator_T":1430.0,"data_generator_V":-64.959465},{"data_generator_T":1440.0,"data_generator_V":-64.900978},{"data_generator_T":1450.0,"data_generator_V":-64.84182},{"data_generator_T":1460.0,"data_generator_V":-64.781998},{"data_generator_T":1470.0,"data_generator_V":-64.721519},{"data_generator_T":1480.0,"data_generator_V":-64.6604},{"data_generator_T":1490.0,"data_generator_V":-64.598656},{"data_generator_T":1500.0,"data_generator_V":-64.536301},{"data_generator_T":1510.0,"data_generator_V":-64.473343},{"data_generator_T":1520.0,"data_generator_V":-64.409798},{"data_generator_T":1530.0,"data_generator_V":-64.34568},{"data_generator_T":1540.0,"data_generator_V":-64.280998},{"data_generator_T":1550.0,"data_generator_V":-64.215775},{"data_generator_T":1560.0,"data_generator_V":-64.150017},{"data_generator_T":1570.0,"data_generator_V":-64.083748},{"data_generator_T":1580.0,"data_generator_V":-64.016968},{"data_generator_T":1590.0,"data_generator_V":-63.949703},{"data_generator_T":1600.0,"data_generator_V":-63.881966},{"data_generator_T":1610.0,"data_generator_V":-63.81377},{"data_generator_T":1620.0,"data_generator_V":-63.745132},{"data_generator_T":1630.0,"data_generator_V":-63.676071},{"data_generator_T":1640.0,"data_generator_V":-63.606598},{"data_generator_T":1650.0,"data_generator_V":-63.536732},{"data_generator_T":1660.0,"data_generator_V":-63.466492},{"data_generator_T":1670.0,"data_generator_V":-63.395893},{"data_generator_T":1680.0,"data_generator_V":-63.324955},{"data_generator_T":1690.0,"data_generator_V":-63.253693},{"data_generator_T":1700.0,"data_generator_V":-63.182125},{"data_generator_T":1710.0,"data_generator_V":-63.110275},{"data_generator_T":1720.0,"data_generator_V":-63.038158},{"data_generator_T":1730.0,"data_generator_V":-62.965794},{"data_generator_T":1740.0,"data_generator_V":-62.893208},{"data_generator_T":1750.0,"data_generator_V":-62.820412},{"data_generator_T":1760.0,"data_generator_V":-62.747437},{"data_generator_T":1770.0,"data_generator_V":-62.674297},{"data_generator_T":1780.0,"data_generator_V":-62.601017},{"data_generator_T":1790.0,"data_generator_V":-62.527622},{"data_generator_T":1800.0,"data_generator_V":-62.454132},{"data_generator_T":1810.0,"data_generator_V":-62.380573},{"data_generator_T":1820.0,"data_generator_V":-62.306973},{"data_generator_T":1830.0,"data_generator_V":-62.233349},{"data_generator_T":1840.0,"data_generator_V":-62.159729},{"data_generator_T":1850.0,"data_generator_V":-62.086143},{"data_generator_T":1860.0,"data_generator_V":-62.012615},{"data_generator_T":1870.0,"data_generator_V":-61.939171},{"data_generator_T":1880.0,"data_generator_V":-61.865845},{"data_generator_T":1890.0,"data_generator_V":-61.79266},{"data_generator_T":1900.0,"data_generator_V":-61.719646},{"data_generator_T":1910.0,"data_generator_V":-61.646835},{"data_generator_T":1920.0,"data_generator_V":-61.574257},{"data_generator_T":1930.0,"data_generator_V":-61.501942},{"data_generator_T":1940.0,"data_generator_V":-61.429924},{"data_generator_T":1950.0,"data_generator_V":-61.358234},{"data_generator_T":1960.0,"data_generator_V":-61.286903},{"data_generator_T":1970.0,"data_generator_V":-61.215969},{"data_generator_T":1980.0,"data_generator_V":-61.145466},{"data_generator_T":1990.0,"data_generator_V":-61.075424},{"data_generator_T":2000.0,"data_generator_V":-61.005882},{"data_generator_T":2010.0,"data_generator_V":-60.936878},{"data_generator_T":2020.0,"data_generator_V":-60.868443},{"data_generator_T":2030.0,"data_generator_V":-60.800617},{"data_generator_T":2040.0,"data_generator_V":-60.73344},{"data_generator_T":2050.0,"data_generator_V":-60.666943},{"data_generator_T":2060.0,"data_generator_V":-60.60117},{"data_generator_T":2070.0,"data_generator_V":-60.536156},{"data_generator_T":2080.0,"data_generator_V":-60.471943},{"data_generator_T":2090.0,"data_generator_V":-60.408566},{"data_generator_T":2100.0,"data_generator_V":-60.346069},{"data_generator_T":2110.0,"data_generator_V":-60.284489},{"data_generator_T":2120.0,"data_generator_V":-60.223866},{"data_generator_T":2130.0,"data_generator_V":-60.164238},{"data_generator_T":2140.0,"data_generator_V":-60.105648},{"data_generator_T":2150.0,"data_generator_V":-60.048138},{"data_generator_T":2160.0,"data_generator_V":-59.991737},{"data_generator_T":2170.0,"data_generator_V":-59.936497},{"data_generator_T":2180.0,"data_generator_V":-59.88245},{"data_generator_T":2190.0,"data_generator_V":-59.829636},{"data_generator_T":2200.0,"data_generator_V":-59.778095},{"data_generator_T":2210.0,"data_generator_V":-59.727863},{"data_generator_T":2220.0,"data_generator_V":-59.678982},{"data_generator_T":2230.0,"data_generator_V":-59.631485},{"data_generator_T":2240.0,"data_generator_V":-59.585411},{"data_generator_T":2250.0,"data_generator_V":-59.540798},{"data_generator_T":2260.0,"data_generator_V":-59.497673},{"data_generator_T":2270.0,"data_generator_V":-59.456081},{"data_generator_T":2280.0,"data_generator_V":-59.41605},{"data_generator_T":2290.0,"data_generator_V":-59.377609},{"data_generator_T":2300.0,"data_generator_V":-59.340797},{"data_generator_T":2310.0,"data_generator_V":-59.305641},{"data_generator_T":2320.0,"data_generator_V":-59.272167},{"data_generator_T":2330.0,"data_generator_V":-59.24041},{"data_generator_T":2340.0,"data_generator_V":-59.210392},{"data_generator_T":2350.0,"data_generator_V":-59.18214},{"data_generator_T":2360.0,"data_generator_V":-59.155678},{"data_generator_T":2370.0,"data_generator_V":-59.131027},{"data_generator_T":2380.0,"data_generator_V":-59.108208},{"data_generator_T":2390.0,"data_generator_V":-59.087246},{"data_generator_T":2400.0,"data_generator_V":-59.068153},{"data_generator_T":2410.0,"data_generator_V":-59.050953},{"data_generator_T":2420.0,"data_generator_V":-59.035652},{"data_generator_T":2430.0,"data_generator_V":-59.022266},{"data_generator_T":2440.0,"data_generator_V":-59.010811},{"data_generator_T":2450.0,"data_generator_V":-59.001289},{"data_generator_T":2460.0,"data_generator_V":-58.993713},{"data_generator_T":2470.0,"data_generator_V":-58.988091},{"data_generator_T":2480.0,"data_generator_V":-58.984432},{"data_generator_T":2490.0,"data_generator_V":-58.982735},{"data_generator_T":2500.0,"data_generator_V":-58.98296},{"data_generator_T":2510.0,"data_generator_V":-58.985119},{"data_generator_T":2520.0,"data_generator_V":-58.989349},{"data_generator_T":2530.0,"data_generator_V":-58.995735},{"data_generator_T":2540.0,"data_generator_V":-59.003735},{"data_generator_T":2550.0,"data_generator_V":-59.012596},{"data_generator_T":2560.0,"data_generator_V":-59.02393},{"data_generator_T":2570.0,"data_generator_V":-59.041824},{"data_generator_T":2580.0,"data_generator_V":-59.06292},{"data_generator_T":2590.0,"data_generator_V":-59.069286},{"data_generator_T":2600.0,"data_generator_V":-59.060619},{"data_generator_T":2610.0,"data_generator_V":-59.100731},{"data_generator_T":2620.0,"data_generator_V":-59.233944},{"data_generator_T":2630.0,"data_generator_V":-59.284058},{"data_generator_T":2640.0,"data_generator_V":-58.939636},{"data_generator_T":2650.0,"data_generator_V":-58.66254},{"data_generator_T":2660.0,"data_generator_V":-59.448696},{"data_generator_T":2670.0,"data_generator_V":-61.232624},{"data_generator_T":2680.0,"data_generator_V":-19.836712},{"data_generator_T":2690.0,"data_generator_V":-61.405281},{"data_generator_T":2700.0,"data_generator_V":-69.407906},{"data_generator_T":2710.0,"data_generator_V":-53.207916},{"data_generator_T":2720.0,"data_generator_V":-64.756027},{"data_generator_T":2730.0,"data_generator_V":-70.939957},{"data_generator_T":2740.0,"data_generator_V":-59.953777},{"data_generator_T":2750.0,"data_generator_V":-68.457527},{"data_generator_T":2760.0,"data_generator_V":-25.505459},{"data_generator_T":2770.0,"data_generator_V":-63.836166},{"data_generator_T":2780.0,"data_generator_V":-71.542915},{"data_generator_T":2790.0,"data_generator_V":-59.394276},{"data_generator_T":2800.0,"data_generator_V":-68.332603},{"data_generator_T":2810.0,"data_generator_V":-17.908926},{"data_generator_T":2820.0,"data_generator_V":-64.022705},{"data_generator_T":2830.0,"data_generator_V":-72.079506},{"data_generator_T":2840.0,"data_generator_V":-60.102604},{"data_generator_T":2850.0,"data_generator_V":-69.476631},{"data_generator_T":2860.0,"data_generator_V":-53.864426},{"data_generator_T":2870.0,"data_generator_V":-65.698151},{"data_generator_T":2880.0,"data_generator_V":-28.804798},{"data_generator_T":2890.0,"data_generator_V":-62.226826},{"data_generator_T":2900.0,"data_generator_V":-71.963913},{"data_generator_T":2910.0,"data_generator_V":-59.268856},{"data_generator_T":2920.0,"data_generator_V":-69.550575},{"data_generator_T":2930.0,"data_generator_V":-55.476288},{"data_generator_T":2940.0,"data_generator_V":-66.758636},{"data_generator_T":2950.0,"data_generator_V":35.211052},{"data_generator_T":2960.0,"data_generator_V":-64.404785},{"data_generator_T":2970.0,"data_generator_V":-29.740141},{"data_generator_T":2980.0,"data_generator_V":-62.780437},{"data_generator_T":2990.0,"data_generator_V":-68.248611},{"data_generator_T":3000.0,"data_generator_V":-62.02095},{"data_generator_T":3010.0,"data_generator_V":25.926392},{"data_generator_T":3020.0,"data_generator_V":-64.36911},{"data_generator_T":3030.0,"data_generator_V":-62.100121},{"data_generator_T":3040.0,"data_generator_V":-60.251335},{"data_generator_T":3050.0,"data_generator_V":-61.052746},{"data_generator_T":3060.0,"data_generator_V":-61.555996},{"data_generator_T":3070.0,"data_generator_V":-61.662529},{"data_generator_T":3080.0,"data_generator_V":-61.666405},{"data_generator_T":3090.0,"data_generator_V":-61.711956},{"data_generator_T":3100.0,"data_generator_V":-61.786804},{"data_generator_T":3110.0,"data_generator_V":-61.863937},{"data_generator_T":3120.0,"data_generator_V":-61.937771},{"data_generator_T":3130.0,"data_generator_V":-62.010529},{"data_generator_T":3140.0,"data_generator_V":-62.083485},{"data_generator_T":3150.0,"data_generator_V":-62.156666},{"data_generator_T":3160.0,"data_generator_V":-62.229908},{"data_generator_T":3170.0,"data_generator_V":-62.303154},{"data_generator_T":3180.0,"data_generator_V":-62.376381},{"data_generator_T":3190.0,"data_generator_V":-62.44957},{"data_generator_T":3200.0,"data_generator_V":-62.522694},{"data_generator_T":3210.0,"data_generator_V":-62.595737},{"data_generator_T":3220.0,"data_generator_V":-62.668671},{"data_generator_T":3230.0,"data_generator_V":-62.74147},{"data_generator_T":3240.0,"data_generator_V":-62.814117},{"data_generator_T":3250.0,"data_generator_V":-62.886589},{"data_generator_T":3260.0,"data_generator_V":-62.958866},{"data_generator_T":3270.0,"data_generator_V":-63.030926},{"data_generator_T":3280.0,"data_generator_V":-63.102753},{"data_generator_T":3290.0,"data_generator_V":-63.17432},{"data_generator_T":3300.0,"data_generator_V":-63.245609},{"data_generator_T":3310.0,"data_generator_V":-63.316608},{"data_generator_T":3320.0,"data_generator_V":-63.387295},{"data_generator_T":3330.0,"data_generator_V":-63.457649},{"data_generator_T":3340.0,"data_generator_V":-63.527653},{"data_generator_T":3350.0,"data_generator_V":-63.597294},{"data_generator_T":3360.0,"data_generator_V":-63.666553},{"data_generator_T":3370.0,"data_generator_V":-63.735409},{"data_generator_T":3380.0,"data_generator_V":-63.803852},{"data_generator_T":3390.0,"data_generator_V":-63.871864},{"data_generator_T":3400.0,"data_generator_V":-63.939426},{"data_generator_T":3410.0,"data_generator_V":-64.006531},{"data_generator_T":3420.0,"data_generator_V":-64.073151},{"data_generator_T":3430.0,"data_generator_V":-64.139282},{"data_generator_T":3440.0,"data_generator_V":-64.204903},{"data_generator_T":3450.0,"data_generator_V":-64.270004},{"data_generator_T":3460.0,"data_generator_V":-64.334564},{"data_generator_T":3470.0,"data_generator_V":-64.398582},{"data_generator_T":3480.0,"data_generator_V":-64.462029},{"data_generator_T":3490.0,"data_generator_V":-64.524902},{"data_generator_T":3500.0,"data_generator_V":-64.587181},{"data_generator_T":3510.0,"data_generator_V":-64.648857},{"data_generator_T":3520.0,"data_generator_V":-64.709923},{"data_generator_T":3530.0,"data_generator_V":-64.770348},{"data_generator_T":3540.0,"data_generator_V":-64.830132},{"data_generator_T":3550.0,"data_generator_V":-64.889267},{"data_generator_T":3560.0,"data_generator_V":-64.947731},{"data_generator_T":3570.0,"data_generator_V":-65.005508},{"data_generator_T":3580.0,"data_generator_V":-65.062599},{"data_generator_T":3590.0,"data_generator_V":-65.118988},{"data_generator_T":3600.0,"data_generator_V":-65.17466},{"data_generator_T":3610.0,"data_generator_V":-65.229599},{"data_generator_T":3620.0,"data_generator_V":-65.283798},{"data_generator_T":3630.0,"data_generator_V":-65.33725},{"data_generator_T":3640.0,"data_generator_V":-65.389938},{"data_generator_T":3650.0,"data_generator_V":-65.441849},{"data_generator_T":3660.0,"data_generator_V":-65.492981},{"data_generator_T":3670.0,"data_generator_V":-65.543312},{"data_generator_T":3680.0,"data_generator_V":-65.592834},{"data_generator_T":3690.0,"data_generator_V":-65.641541},{"data_generator_T":3700.0,"data_generator_V":-65.689415},{"data_generator_T":3710.0,"data_generator_V":-65.73645},{"data_generator_T":3720.0,"data_generator_V":-65.782639},{"data_generator_T":3730.0,"data_generator_V":-65.827965},{"data_generator_T":3740.0,"data_generator_V":-65.872421},{"data_generator_T":3750.0,"data_generator_V":-65.915993},{"data_generator_T":3760.0,"data_generator_V":-65.958679},{"data_generator_T":3770.0,"data_generator_V":-66.000458},{"data_generator_T":3780.0,"data_generator_V":-66.041336},{"data_generator_T":3790.0,"data_generator_V":-66.081284},{"data_generator_T":3800.0,"data_generator_V":-66.120308},{"data_generator_T":3810.0,"data_generator_V":-66.158386},{"data_generator_T":3820.0,"data_generator_V":-66.195526},{"data_generator_T":3830.0,"data_generator_V":-66.231705},{"data_generator_T":3840.0,"data_generator_V":-66.266914},{"data_generator_T":3850.0,"data_generator_V":-66.301147},{"data_generator_T":3860.0,"data_generator_V":-66.334404},{"data_generator_T":3870.0,"data_generator_V":-66.366661},{"data_generator_T":3880.0,"data_generator_V":-66.397926},{"data_generator_T":3890.0,"data_generator_V":-66.428177},{"data_generator_T":3900.0,"data_generator_V":-66.45742},{"data_generator_T":3910.0,"data_generator_V":-66.485634},{"data_generator_T":3920.0,"data_generator_V":-66.512817},{"data_generator_T":3930.0,"data_generator_V":-66.538971},{"data_generator_T":3940.0,"data_generator_V":-66.564072},{"data_generator_T":3950.0,"data_generator_V":-66.58812},{"data_generator_T":3960.0,"data_generator_V":-66.611115},{"data_generator_T":3970.0,"data_generator_V":-66.633049},{"data_generator_T":3980.0,"data_generator_V":-66.653908},{"data_generator_T":3990.0,"data_generator_V":-66.673698},{"data_generator_T":4000.0,"data_generator_V":-66.692406},{"data_generator_T":4010.0,"data_generator_V":-66.710022},{"data_generator_T":4020.0,"data_generator_V":-66.726555},{"data_generator_T":4030.0,"data_generator_V":-66.741989},{"data_generator_T":4040.0,"data_generator_V":-66.756325},{"data_generator_T":4050.0,"data_generator_V":-66.769554},{"data_generator_T":4060.0,"data_generator_V":-66.781677},{"data_generator_T":4070.0,"data_generator_V":-66.792686},{"data_generator_T":4080.0,"data_generator_V":-66.802589},{"data_generator_T":4090.0,"data_generator_V":-66.811371},{"data_generator_T":4100.0,"data_generator_V":-66.819031},{"data_generator_T":4110.0,"data_generator_V":-66.825577},{"data_generator_T":4120.0,"data_generator_V":-66.830994},{"data_generator_T":4130.0,"data_generator_V":-66.835281},{"data_generator_T":4140.0,"data_generator_V":-66.838448},{"data_generator_T":4150.0,"data_generator_V":-66.840485},{"data_generator_T":4160.0,"data_generator_V":-66.8414},{"data_generator_T":4170.0,"data_generator_V":-66.841179},{"data_generator_T":4180.0,"data_generator_V":-66.839836},{"data_generator_T":4190.0,"data_generator_V":-66.837357},{"data_generator_T":4200.0,"data_generator_V":-66.833755},{"data_generator_T":4210.0,"data_generator_V":-66.829025},{"data_generator_T":4220.0,"data_generator_V":-66.823174},{"data_generator_T":4230.0,"data_generator_V":-66.8162},{"data_generator_T":4240.0,"data_generator_V":-66.808098},{"data_generator_T":4250.0,"data_generator_V":-66.798882},{"data_generator_T":4260.0,"data_generator_V":-66.788544},{"data_generator_T":4270.0,"data_generator_V":-66.777092},{"data_generator_T":4280.0,"data_generator_V":-66.764534},{"data_generator_T":4290.0,"data_generator_V":-66.750862},{"data_generator_T":4300.0,"data_generator_V":-66.736092},{"data_generator_T":4310.0,"data_generator_V":-66.720222},{"data_generator_T":4320.0,"data_generator_V":-66.703255},{"data_generator_T":4330.0,"data_generator_V":-66.685196},{"data_generator_T":4340.0,"data_generator_V":-66.666046},{"data_generator_T":4350.0,"data_generator_V":-66.645821},{"data_generator_T":4360.0,"data_generator_V":-66.624519},{"data_generator_T":4370.0,"data_generator_V":-66.60215},{"data_generator_T":4380.0,"data_generator_V":-66.578712},{"data_generator_T":4390.0,"data_generator_V":-66.554214},{"data_generator_T":4400.0,"data_generator_V":-66.528671},{"data_generator_T":4410.0,"data_generator_V":-66.502083},{"data_generator_T":4420.0,"data_generator_V":-66.474449},{"data_generator_T":4430.0,"data_generator_V":-66.445793},{"data_generator_T":4440.0,"data_generator_V":-66.416107},{"data_generator_T":4450.0,"data_generator_V":-66.385406},{"data_generator_T":4460.0,"data_generator_V":-66.353699},{"data_generator_T":4470.0,"data_generator_V":-66.320992},{"data_generator_T":4480.0,"data_generator_V":-66.287292},{"data_generator_T":4490.0,"data_generator_V":-66.252609},{"data_generator_T":4500.0,"data_generator_V":-66.216949},{"data_generator_T":4510.0,"data_generator_V":-66.180321},{"data_generator_T":4520.0,"data_generator_V":-66.142738},{"data_generator_T":4530.0,"data_generator_V":-66.104202},{"data_generator_T":4540.0,"data_generator_V":-66.064728},{"data_generator_T":4550.0,"data_generator_V":-66.024323},{"data_generator_T":4560.0,"data_generator_V":-65.983002},{"data_generator_T":4570.0,"data_generator_V":-65.940765},{"data_generator_T":4580.0,"data_generator_V":-65.897621},{"data_generator_T":4590.0,"data_generator_V":-65.853592},{"data_generator_T":4600.0,"data_generator_V":-65.808685},{"data_generator_T":4610.0,"data_generator_V":-65.762901},{"data_generator_T":4620.0,"data_generator_V":-65.716255},{"data_generator_T":4630.0,"data_generator_V":-65.668755},{"data_generator_T":4640.0,"data_generator_V":-65.620422},{"data_generator_T":4650.0,"data_generator_V":-65.571259},{"data_generator_T":4660.0,"data_generator_V":-65.521271},{"data_generator_T":4670.0,"data_generator_V":-65.470474},{"data_generator_T":4680.0,"data_generator_V":-65.418884},{"data_generator_T":4690.0,"data_generator_V":-65.366508},{"data_generator_T":4700.0,"data_generator_V":-65.313354},{"data_generator_T":4710.0,"data_generator_V":-65.259438},{"data_generator_T":4720.0,"data_generator_V":-65.204773},{"data_generator_T":4730.0,"data_generator_V":-65.149361},{"data_generator_T":4740.0,"data_generator_V":-65.093224},{"data_generator_T":4750.0,"data_generator_V":-65.036369},{"data_generator_T":4760.0,"data_generator_V":-64.978806},{"data_generator_T":4770.0,"data_generator_V":-64.920547},{"data_generator_T":4780.0,"data_generator_V":-64.861618},{"data_generator_T":4790.0,"data_generator_V":-64.80201},{"data_generator_T":4800.0,"data_generator_V":-64.741745},{"data_generator_T":4810.0,"data_generator_V":-64.680847},{"data_generator_T":4820.0,"data_generator_V":-64.619308},{"data_generator_T":4830.0,"data_generator_V":-64.557152},{"data_generator_T":4840.0,"data_generator_V":-64.494392},{"data_generator_T":4850.0,"data_generator_V":-64.431046},{"data_generator_T":4860.0,"data_generator_V":-64.367119},{"data_generator_T":4870.0,"data_generator_V":-64.30262},{"data_generator_T":4880.0,"data_generator_V":-64.237579},{"data_generator_T":4890.0,"data_generator_V":-64.171997},{"data_generator_T":4900.0,"data_generator_V":-64.105896},{"data_generator_T":4910.0,"data_generator_V":-64.039284},{"data_generator_T":4920.0,"data_generator_V":-63.972179},{"data_generator_T":4930.0,"data_generator_V":-63.904594},{"data_generator_T":4940.0,"data_generator_V":-63.836552},{"data_generator_T":4950.0,"data_generator_V":-63.768059},{"data_generator_T":4960.0,"data_generator_V":-63.699139},{"data_generator_T":4970.0,"data_generator_V":-63.629799},{"data_generator_T":4980.0,"data_generator_V":-63.560066},{"data_generator_T":4990.0,"data_generator_V":-63.489948},{"data_generator_T":5000.0,"data_generator_V":-63.419464},{"data_generator_T":5010.0,"data_generator_V":-63.348637},{"data_generator_T":5020.0,"data_generator_V":-63.277481},{"data_generator_T":5030.0,"data_generator_V":-63.206013},{"data_generator_T":5040.0,"data_generator_V":-63.134254},{"data_generator_T":5050.0,"data_generator_V":-63.062225},{"data_generator_T":5060.0,"data_generator_V":-62.989941},{"data_generator_T":5070.0,"data_generator_V":-62.917427},{"data_generator_T":5080.0,"data_generator_V":-62.8447},{"data_generator_T":5090.0,"data_generator_V":-62.771782},{"data_generator_T":5100.0,"data_generator_V":-62.698692},{"data_generator_T":5110.0,"data_generator_V":-62.625458},{"data_generator_T":5120.0,"data_generator_V":-62.552101},{"data_generator_T":5130.0,"data_generator_V":-62.478638},{"data_generator_T":5140.0,"data_generator_V":-62.405102},{"data_generator_T":5150.0,"data_generator_V":-62.331509},{"data_generator_T":5160.0,"data_generator_V":-62.257889},{"data_generator_T":5170.0,"data_generator_V":-62.184265},{"data_generator_T":5180.0,"data_generator_V":-62.110664},{"data_generator_T":5190.0,"data_generator_V":-62.037113},{"data_generator_T":5200.0,"data_generator_V":-61.963642},{"data_generator_T":5210.0,"data_generator_V":-61.89027},{"data_generator_T":5220.0,"data_generator_V":-61.817036},{"data_generator_T":5230.0,"data_generator_V":-61.743961},{"data_generator_T":5240.0,"data_generator_V":-61.671082},{"data_generator_T":5250.0,"data_generator_V":-61.598419},{"data_generator_T":5260.0,"data_generator_V":-61.526016},{"data_generator_T":5270.0,"data_generator_V":-61.453896},{"data_generator_T":5280.0,"data_generator_V":-61.382092},{"data_generator_T":5290.0,"data_generator_V":-61.310638},{"data_generator_T":5300.0,"data_generator_V":-61.239571},{"data_generator_T":5310.0,"data_generator_V":-61.168919},{"data_generator_T":5320.0,"data_generator_V":-61.098717},{"data_generator_T":5330.0,"data_generator_V":-61.029007},{"data_generator_T":5340.0,"data_generator_V":-60.959816},{"data_generator_T":5350.0,"data_generator_V":-60.89119},{"data_generator_T":5360.0,"data_generator_V":-60.823158},{"data_generator_T":5370.0,"data_generator_V":-60.755756},{"data_generator_T":5380.0,"data_generator_V":-60.68903},{"data_generator_T":5390.0,"data_generator_V":-60.623013},{"data_generator_T":5400.0,"data_generator_V":-60.557739},{"data_generator_T":5410.0,"data_generator_V":-60.493256},{"data_generator_T":5420.0,"data_generator_V":-60.429596},{"data_generator_T":5430.0,"data_generator_V":-60.366802},{"data_generator_T":5440.0,"data_generator_V":-60.304913},{"data_generator_T":5450.0,"data_generator_V":-60.243965},{"data_generator_T":5460.0,"data_generator_V":-60.184002},{"data_generator_T":5470.0,"data_generator_V":-60.125061},{"data_generator_T":5480.0,"data_generator_V":-60.067184},{"data_generator_T":5490.0,"data_generator_V":-60.01041},{"data_generator_T":5500.0,"data_generator_V":-59.954781},{"data_generator_T":5510.0,"data_generator_V":-59.90033},{"data_generator_T":5520.0,"data_generator_V":-59.847099},{"data_generator_T":5530.0,"data_generator_V":-59.795132},{"data_generator_T":5540.0,"data_generator_V":-59.744461},{"data_generator_T":5550.0,"data_generator_V":-59.695126},{"data_generator_T":5560.0,"data_generator_V":-59.647163},{"data_generator_T":5570.0,"data_generator_V":-59.600609},{"data_generator_T":5580.0,"data_generator_V":-59.555504},{"data_generator_T":5590.0,"data_generator_V":-59.511879},{"data_generator_T":5600.0,"data_generator_V":-59.469772},{"data_generator_T":5610.0,"data_generator_V":-59.429218},{"data_generator_T":5620.0,"data_generator_V":-59.390244},{"data_generator_T":5630.0,"data_generator_V":-59.352886},{"data_generator_T":5640.0,"data_generator_V":-59.317173},{"data_generator_T":5650.0,"data_generator_V":-59.283134},{"data_generator_T":5660.0,"data_generator_V":-59.250805},{"data_generator_T":5670.0,"data_generator_V":-59.220203},{"data_generator_T":5680.0,"data_generator_V":-59.191357},{"data_generator_T":5690.0,"data_generator_V":-59.164295},{"data_generator_T":5700.0,"data_generator_V":-59.139038},{"data_generator_T":5710.0,"data_generator_V":-59.115608},{"data_generator_T":5720.0,"data_generator_V":-59.094028},{"data_generator_T":5730.0,"data_generator_V":-59.07431},{"data_generator_T":5740.0,"data_generator_V":-59.056477},{"data_generator_T":5750.0,"data_generator_V":-59.040539},{"data_generator_T":5760.0,"data_generator_V":-59.026516},{"data_generator_T":5770.0,"data_generator_V":-59.014412},{"data_generator_T":5780.0,"data_generator_V":-59.00425},{"data_generator_T":5790.0,"data_generator_V":-58.996025},{"data_generator_T":5800.0,"data_generator_V":-58.98975},{"data_generator_T":5810.0,"data_generator_V":-58.985428},{"data_generator_T":5820.0,"data_generator_V":-58.983067},{"data_generator_T":5830.0,"data_generator_V":-58.982681},{"data_generator_T":5840.0,"data_generator_V":-58.984253},{"data_generator_T":5850.0,"data_generator_V":-58.987717},{"data_generator_T":5860.0,"data_generator_V":-58.993084},{"data_generator_T":5870.0,"data_generator_V":-59.000652},{"data_generator_T":5880.0,"data_generator_V":-59.010525},{"data_generator_T":5890.0,"data_generator_V":-59.021591},{"data_generator_T":5900.0,"data_generator_V":-59.032585},{"data_generator_T":5910.0,"data_generator_V":-59.046909},{"data_generator_T":5920.0,"data_generator_V":-59.071712},{"data_generator_T":5930.0,"data_generator_V":-59.099453},{"data_generator_T":5940.0,"data_generator_V":-59.09866},{"data_generator_T":5950.0,"data_generator_V":-59.073898},{"data_generator_T":5960.0,"data_generator_V":-59.134766},{"data_generator_T":5970.0,"data_generator_V":-59.33947},{"data_generator_T":5980.0,"data_generator_V":-59.398487},{"data_generator_T":5990.0,"data_generator_V":-58.820465},{"data_generator_T":6000.0,"data_generator_V":-58.44791},{"data_generator_T":6010.0,"data_generator_V":-59.67329},{"data_generator_T":6020.0,"data_generator_V":-69.945702},{"data_generator_T":6030.0,"data_generator_V":-59.756104},{"data_generator_T":6040.0,"data_generator_V":-68.062561},{"data_generator_T":6050.0,"data_generator_V":35.351112},{"data_generator_T":6060.0,"data_generator_V":-63.202709},{"data_generator_T":6070.0,"data_generator_V":-70.864532},{"data_generator_T":6080.0,"data_generator_V":-58.206963},{"data_generator_T":6090.0,"data_generator_V":-67.028984},{"data_generator_T":6100.0,"data_generator_V":1.5693753},{"data_generator_T":6110.0,"data_generator_V":-62.415676},{"data_generator_T":6120.0,"data_generator_V":-70.772606},{"data_generator_T":6130.0,"data_generator_V":-57.697227},{"data_generator_T":6140.0,"data_generator_V":-66.980583},{"data_generator_T":6150.0,"data_generator_V":4.4410243},{"data_generator_T":6160.0,"data_generator_V":-62.740677},{"data_generator_T":6170.0,"data_generator_V":-71.491356},{"data_generator_T":6180.0,"data_generator_V":-58.83707},{"data_generator_T":6190.0,"data_generator_V":-68.336586},{"data_generator_T":6200.0,"data_generator_V":-35.254539},{"data_generator_T":6210.0,"data_generator_V":-64.545387},{"data_generator_T":6220.0,"data_generator_V":-67.963661},{"data_generator_T":6230.0,"data_generator_V":-61.278622},{"data_generator_T":6240.0,"data_generator_V":-71.324226},{"data_generator_T":6250.0,"data_generator_V":-58.346348},{"data_generator_T":6260.0,"data_generator_V":-68.695656},{"data_generator_T":6270.0,"data_generator_V":-52.759476},{"data_generator_T":6280.0,"data_generator_V":-65.987869},{"data_generator_T":6290.0,"data_generator_V":16.272305},{"data_generator_T":6300.0,"data_generator_V":-63.857815},{"data_generator_T":6310.0,"data_generator_V":-42.162952},{"data_generator_T":6320.0,"data_generator_V":-62.493515},{"data_generator_T":6330.0,"data_generator_V":-65.996506},{"data_generator_T":6340.0,"data_generator_V":-62.124489},{"data_generator_T":6350.0,"data_generator_V":-64.229225},{"data_generator_T":6360.0,"data_generator_V":-60.168636},{"data_generator_T":6370.0,"data_generator_V":-60.709141},{"data_generator_T":6380.0,"data_generator_V":-61.366375},{"data_generator_T":6390.0,"data_generator_V":-61.587704},{"data_generator_T":6400.0,"data_generator_V":-61.596088},{"data_generator_T":6410.0,"data_generator_V":-61.619232},{"data_generator_T":6420.0,"data_generator_V":-61.686874},{"data_generator_T":6430.0,"data_generator_V":-61.765469},{"data_generator_T":6440.0,"data_generator_V":-61.840622},{"data_generator_T":6450.0,"data_generator_V":-61.913376},{"data_generator_T":6460.0,"data_generator_V":-61.986046},{"data_generator_T":6470.0,"data_generator_V":-62.059074},{"data_generator_T":6480.0,"data_generator_V":-62.132267},{"data_generator_T":6490.0,"data_generator_V":-62.205498},{"data_generator_T":6500.0,"data_generator_V":-62.27874},{"data_generator_T":6510.0,"data_generator_V":-62.351974},{"data_generator_T":6520.0,"data_generator_V":-62.425179},{"data_generator_T":6530.0,"data_generator_V":-62.498329},{"data_generator_T":6540.0,"data_generator_V":-62.5714},{"data_generator_T":6550.0,"data_generator_V":-62.644371},{"data_generator_T":6560.0,"data_generator_V":-62.71722},{"data_generator_T":6570.0,"data_generator_V":-62.789921},{"data_generator_T":6580.0,"data_generator_V":-62.862453},{"data_generator_T":6590.0,"data_generator_V":-62.934799},{"data_generator_T":6600.0,"data_generator_V":-63.006931},{"data_generator_T":6610.0,"data_generator_V":-63.078838},{"data_generator_T":6620.0,"data_generator_V":-63.150494},{"data_generator_T":6630.0,"data_generator_V":-63.221878},{"data_generator_T":6640.0,"data_generator_V":-63.292976},{"data_generator_T":6650.0,"data_generator_V":-63.36377},{"data_generator_T":6660.0,"data_generator_V":-63.434235},{"data_generator_T":6670.0,"data_generator_V":-63.50436},{"data_generator_T":6680.0,"data_generator_V":-63.574123},{"data_generator_T":6690.0,"data_generator_V":-63.643509},{"data_generator_T":6700.0,"data_generator_V":-63.712502},{"data_generator_T":6710.0,"data_generator_V":-63.781086},{"data_generator_T":6720.0,"data_generator_V":-63.849243},{"data_generator_T":6730.0,"data_generator_V":-63.916958},{"data_generator_T":6740.0,"data_generator_V":-63.984215},{"data_generator_T":6750.0,"data_generator_V":-64.050995},{"data_generator_T":6760.0,"data_generator_V":-64.117294},{"data_generator_T":6770.0,"data_generator_V":-64.183083},{"data_generator_T":6780.0,"data_generator_V":-64.24836},{"data_generator_T":6790.0,"data_generator_V":-64.313103},{"data_generator_T":6800.0,"data_generator_V":-64.377304},{"data_generator_T":6810.0,"data_generator_V":-64.440941},{"data_generator_T":6820.0,"data_generator_V":-64.504013},{"data_generator_T":6830.0,"data_generator_V":-64.56649},{"data_generator_T":6840.0,"data_generator_V":-64.628372},{"data_generator_T":6850.0,"data_generator_V":-64.689636},{"data_generator_T":6860.0,"data_generator_V":-64.750275},{"data_generator_T":6870.0,"data_generator_V":-64.81028},{"data_generator_T":6880.0,"data_generator_V":-64.869629},{"data_generator_T":6890.0,"data_generator_V":-64.928314},{"data_generator_T":6900.0,"data_generator_V":-64.986328},{"data_generator_T":6910.0,"data_generator_V":-65.043648},{"data_generator_T":6920.0,"data_generator_V":-65.100273},{"data_generator_T":6930.0,"data_generator_V":-65.156181},{"data_generator_T":6940.0,"data_generator_V":-65.211365},{"data_generator_T":6950.0,"data_generator_V":-65.265816},{"data_generator_T":6960.0,"data_generator_V":-65.319519},{"data_generator_T":6970.0,"data_generator_V":-65.372459},{"data_generator_T":6980.0,"data_generator_V":-65.424629},{"data_generator_T":6990.0,"data_generator_V":-65.476021},{"data_generator_T":7000.0,"data_generator_V":-65.526619},{"data_generator_T":7010.0,"data_generator_V":-65.576416},{"data_generator_T":7020.0,"data_generator_V":-65.625397},{"data_generator_T":7030.0,"data_generator_V":-65.673546},{"data_generator_T":7040.0,"data_generator_V":-65.720863},{"data_generator_T":7050.0,"data_generator_V":-65.767342},{"data_generator_T":7060.0,"data_generator_V":-65.81295},{"data_generator_T":7070.0,"data_generator_V":-65.857697},{"data_generator_T":7080.0,"data_generator_V":-65.901566},{"data_generator_T":7090.0,"data_generator_V":-65.94455},{"data_generator_T":7100.0,"data_generator_V":-65.986633},{"data_generator_T":7110.0,"data_generator_V":-66.027809},{"data_generator_T":7120.0,"data_generator_V":-66.068069},{"data_generator_T":7130.0,"data_generator_V":-66.107407},{"data_generator_T":7140.0,"data_generator_V":-66.145798},{"data_generator_T":7150.0,"data_generator_V":-66.18325},{"data_generator_T":7160.0,"data_generator_V":-66.219749},{"data_generator_T":7170.0,"data_generator_V":-66.255287},{"data_generator_T":7180.0,"data_generator_V":-66.289848},{"data_generator_T":7190.0,"data_generator_V":-66.323425},{"data_generator_T":7200.0,"data_generator_V":-66.356018},{"data_generator_T":7210.0,"data_generator_V":-66.387619},{"data_generator_T":7220.0,"data_generator_V":-66.418205},{"data_generator_T":7230.0,"data_generator_V":-66.447784},{"data_generator_T":7240.0,"data_generator_V":-66.476341},{"data_generator_T":7250.0,"data_generator_V":-66.503876},{"data_generator_T":7260.0,"data_generator_V":-66.530365},{"data_generator_T":7270.0,"data_generator_V":-66.555817},{"data_generator_T":7280.0,"data_generator_V":-66.580223},{"data_generator_T":7290.0,"data_generator_V":-66.603569},{"data_generator_T":7300.0,"data_generator_V":-66.625854},{"data_generator_T":7310.0,"data_generator_V":-66.647079},{"data_generator_T":7320.0,"data_generator_V":-66.667221},{"data_generator_T":7330.0,"data_generator_V":-66.686287},{"data_generator_T":7340.0,"data_generator_V":-66.704269},{"data_generator_T":7350.0,"data_generator_V":-66.721169},{"data_generator_T":7360.0,"data_generator_V":-66.736961},{"data_generator_T":7370.0,"data_generator_V":-66.751663},{"data_generator_T":7380.0,"data_generator_V":-66.765266},{"data_generator_T":7390.0,"data_generator_V":-66.777756},{"data_generator_T":7400.0,"data_generator_V":-66.789139},{"data_generator_T":7410.0,"data_generator_V":-66.799416},{"data_generator_T":7420.0,"data_generator_V":-66.808563},{"data_generator_T":7430.0,"data_generator_V":-66.816605},{"data_generator_T":7440.0,"data_generator_V":-66.823517},{"data_generator_T":7450.0,"data_generator_V":-66.829308},{"data_generator_T":7460.0,"data_generator_V":-66.833977},{"data_generator_T":7470.0,"data_generator_V":-66.837517},{"data_generator_T":7480.0,"data_generator_V":-66.839935},{"data_generator_T":7490.0,"data_generator_V":-66.841217},{"data_generator_T":7500.0,"data_generator_V":-66.841377},{"data_generator_T":7510.0,"data_generator_V":-66.840408},{"data_generator_T":7520.0,"data_generator_V":-66.83831},{"data_generator_T":7530.0,"data_generator_V":-66.835083},{"data_generator_T":7540.0,"data_generator_V":-66.830727},{"data_generator_T":7550.0,"data_generator_V":-66.825249},{"data_generator_T":7560.0,"data_generator_V":-66.818649},{"data_generator_T":7570.0,"data_generator_V":-66.810921},{"data_generator_T":7580.0,"data_generator_V":-66.802078},{"data_generator_T":7590.0,"data_generator_V":-66.792114},{"data_generator_T":7600.0,"data_generator_V":-66.781036},{"data_generator_T":7610.0,"data_generator_V":-66.768845},{"data_generator_T":7620.0,"data_generator_V":-66.755547},{"data_generator_T":7630.0,"data_generator_V":-66.741142},{"data_generator_T":7640.0,"data_generator_V":-66.725632},{"data_generator_T":7650.0,"data_generator_V":-66.70903},{"data_generator_T":7660.0,"data_generator_V":-66.69133},{"data_generator_T":7670.0,"data_generator_V":-66.672546},{"data_generator_T":7680.0,"data_generator_V":-66.652679},{"data_generator_T":7690.0,"data_generator_V":-66.631737},{"data_generator_T":7700.0,"data_generator_V":-66.609726},{"data_generator_T":7710.0,"data_generator_V":-66.586639},{"data_generator_T":7720.0,"data_generator_V":-66.5625},{"data_generator_T":7730.0,"data_generator_V":-66.5373},{"data_generator_T":7740.0,"data_generator_V":-66.511055},{"data_generator_T":7750.0,"data_generator_V":-66.483772},{"data_generator_T":7760.0,"data_generator_V":-66.45546},{"data_generator_T":7770.0,"data_generator_V":-66.426117},{"data_generator_T":7780.0,"data_generator_V":-66.395752},{"data_generator_T":7790.0,"data_generator_V":-66.36438},{"data_generator_T":7800.0,"data_generator_V":-66.332008},{"data_generator_T":7810.0,"data_generator_V":-66.298637},{"data_generator_T":7820.0,"data_generator_V":-66.264275},{"data_generator_T":7830.0,"data_generator_V":-66.228943},{"data_generator_T":7840.0,"data_generator_V":-66.192635},{"data_generator_T":7850.0,"data_generator_V":-66.155373},{"data_generator_T":7860.0,"data_generator_V":-66.117149},{"data_generator_T":7870.0,"data_generator_V":-66.077988},{"data_generator_T":7880.0,"data_generator_V":-66.037895},{"data_generator_T":7890.0,"data_generator_V":-65.99688},{"data_generator_T":7900.0,"data_generator_V":-65.954941},{"data_generator_T":7910.0,"data_generator_V":-65.912102},{"data_generator_T":7920.0,"data_generator_V":-65.86837},{"data_generator_T":7930.0,"data_generator_V":-65.823753},{"data_generator_T":7940.0,"data_generator_V":-65.778259},{"data_generator_T":7950.0,"data_generator_V":-65.731895},{"data_generator_T":7960.0,"data_generator_V":-65.684685},{"data_generator_T":7970.0,"data_generator_V":-65.636627},{"data_generator_T":7980.0,"data_generator_V":-65.587738},{"data_generator_T":7990.0,"data_generator_V":-65.538025},{"data_generator_T":8000.0,"data_generator_V":-65.487495},{"data_generator_T":8010.0,"data_generator_V":-65.436172},{"data_generator_T":8020.0,"data_generator_V":-65.384056},{"data_generator_T":8030.0,"data_generator_V":-65.331161},{"data_generator_T":8040.0,"data_generator_V":-65.277496},{"data_generator_T":8050.0,"data_generator_V":-65.223076},{"data_generator_T":8060.0,"data_generator_V":-65.167915},{"data_generator_T":8070.0,"data_generator_V":-65.112015},{"data_generator_T":8080.0,"data_generator_V":-65.055397},{"data_generator_T":8090.0,"data_generator_V":-64.99807},{"data_generator_T":8100.0,"data_generator_V":-64.940048},{"data_generator_T":8110.0,"data_generator_V":-64.881332},{"data_generator_T":8120.0,"data_generator_V":-64.821953},{"data_generator_T":8130.0,"data_generator_V":-64.761909},{"data_generator_T":8140.0,"data_generator_V":-64.701218},{"data_generator_T":8150.0,"data_generator_V":-64.639893},{"data_generator_T":8160.0,"data_generator_V":-64.577942},{"data_generator_T":8170.0,"data_generator_V":-64.515381},{"data_generator_T":8180.0,"data_generator_V":-64.452225},{"data_generator_T":8190.0,"data_generator_V":-64.388489},{"data_generator_T":8200.0,"data_generator_V":-64.324181},{"data_generator_T":8210.0,"data_generator_V":-64.259315},{"data_generator_T":8220.0,"data_generator_V":-64.193916},{"data_generator_T":8230.0,"data_generator_V":-64.127983},{"data_generator_T":8240.0,"data_generator_V":-64.061539},{"data_generator_T":8250.0,"data_generator_V":-63.994598},{"data_generator_T":8260.0,"data_generator_V":-63.927177},{"data_generator_T":8270.0,"data_generator_V":-63.859283},{"data_generator_T":8280.0,"data_generator_V":-63.790939},{"data_generator_T":8290.0,"data_generator_V":-63.72216},{"data_generator_T":8300.0,"data_generator_V":-63.652958},{"data_generator_T":8310.0,"data_generator_V":-63.583351},{"data_generator_T":8320.0,"data_generator_V":-63.513363},{"data_generator_T":8330.0,"data_generator_V":-63.443001},{"data_generator_T":8340.0,"data_generator_V":-63.372284},{"data_generator_T":8350.0,"data_generator_V":-63.301235},{"data_generator_T":8360.0,"data_generator_V":-63.22987},{"data_generator_T":8370.0,"data_generator_V":-63.158207},{"data_generator_T":8380.0,"data_generator_V":-63.086266},{"data_generator_T":8390.0,"data_generator_V":-63.014065},{"data_generator_T":8400.0,"data_generator_V":-62.941624},{"data_generator_T":8410.0,"data_generator_V":-62.868965},{"data_generator_T":8420.0,"data_generator_V":-62.796108},{"data_generator_T":8430.0,"data_generator_V":-62.723072},{"data_generator_T":8440.0,"data_generator_V":-62.649887},{"data_generator_T":8450.0,"data_generator_V":-62.576565},{"data_generator_T":8460.0,"data_generator_V":-62.503136},{"data_generator_T":8470.0,"data_generator_V":-62.429623},{"data_generator_T":8480.0,"data_generator_V":-62.356045},{"data_generator_T":8490.0,"data_generator_V":-62.282433},{"data_generator_T":8500.0,"data_generator_V":-62.208805},{"data_generator_T":8510.0,"data_generator_V":-62.135197},{"data_generator_T":8520.0,"data_generator_V":-62.061626},{"data_generator_T":8530.0,"data_generator_V":-61.988121},{"data_generator_T":8540.0,"data_generator_V":-61.914715},{"data_generator_T":8550.0,"data_generator_V":-61.841431},{"data_generator_T":8560.0,"data_generator_V":-61.768299},{"data_generator_T":8570.0,"data_generator_V":-61.695351},{"data_generator_T":8580.0,"data_generator_V":-61.622616},{"data_generator_T":8590.0,"data_generator_V":-61.550121},{"data_generator_T":8600.0,"data_generator_V":-61.477901},{"data_generator_T":8610.0,"data_generator_V":-61.405987},{"data_generator_T":8620.0,"data_generator_V":-61.334415},{"data_generator_T":8630.0,"data_generator_V":-61.263214},{"data_generator_T":8640.0,"data_generator_V":-61.192421},{"data_generator_T":8650.0,"data_generator_V":-61.122066},{"data_generator_T":8660.0,"data_generator_V":-61.052189},{"data_generator_T":8670.0,"data_generator_V":-60.982819},{"data_generator_T":8680.0,"data_generator_V":-60.914001},{"data_generator_T":8690.0,"data_generator_V":-60.845764},{"data_generator_T":8700.0,"data_generator_V":-60.778152},{"data_generator_T":8710.0,"data_generator_V":-60.711197},{"data_generator_T":8720.0,"data_generator_V":-60.644936},{"data_generator_T":8730.0,"data_generator_V":-60.579411},{"data_generator_T":8740.0,"data_generator_V":-60.51466},{"data_generator_T":8750.0,"data_generator_V":-60.450722},{"data_generator_T":8760.0,"data_generator_V":-60.387634},{"data_generator_T":8770.0,"data_generator_V":-60.325439},{"data_generator_T":8780.0,"data_generator_V":-60.264172},{"data_generator_T":8790.0,"data_generator_V":-60.203876},{"data_generator_T":8800.0,"data_generator_V":-60.144592},{"data_generator_T":8810.0,"data_generator_V":-60.086357},{"data_generator_T":8820.0,"data_generator_V":-60.029213},{"data_generator_T":8830.0,"data_generator_V":-59.973194},{"data_generator_T":8840.0,"data_generator_V":-59.918346},{"data_generator_T":8850.0,"data_generator_V":-59.864704},{"data_generator_T":8860.0,"data_generator_V":-59.812313},{"data_generator_T":8870.0,"data_generator_V":-59.761204},{"data_generator_T":8880.0,"data_generator_V":-59.711418},{"data_generator_T":8890.0,"data_generator_V":-59.662994},{"data_generator_T":8900.0,"data_generator_V":-59.615967},{"data_generator_T":8910.0,"data_generator_V":-59.570377},{"data_generator_T":8920.0,"data_generator_V":-59.526257},{"data_generator_T":8930.0,"data_generator_V":-59.483639},{"data_generator_T":8940.0,"data_generator_V":-59.442562},{"data_generator_T":8950.0,"data_generator_V":-59.403057},{"data_generator_T":8960.0,"data_generator_V":-59.365158},{"data_generator_T":8970.0,"data_generator_V":-59.328892},{"data_generator_T":8980.0,"data_generator_V":-59.294292},{"data_generator_T":8990.0,"data_generator_V":-59.261391},{"data_generator_T":9000.0,"data_generator_V":-59.230209},{"data_generator_T":9010.0,"data_generator_V":-59.200775},{"data_generator_T":9020.0,"data_generator_V":-59.173119},{"data_generator_T":9030.0,"data_generator_V":-59.147255},{"data_generator_T":9040.0,"data_generator_V":-59.123215},{"data_generator_T":9050.0,"data_generator_V":-59.101013},{"data_generator_T":9060.0,"data_generator_V":-59.080673},{"data_generator_T":9070.0,"data_generator_V":-59.06221},{"data_generator_T":9080.0,"data_generator_V":-59.045639},{"data_generator_T":9090.0,"data_generator_V":-59.030975},{"data_generator_T":9100.0,"data_generator_V":-59.018234},{"data_generator_T":9110.0,"data_generator_V":-59.00742},{"data_generator_T":9120.0,"data_generator_V":-58.99855},{"data_generator_T":9130.0,"data_generator_V":-58.991623},{"data_generator_T":9140.0,"data_generator_V":-58.986656},{"data_generator_T":9150.0,"data_generator_V":-58.983643},{"data_generator_T":9160.0,"data_generator_V":-58.982586},{"data_generator_T":9170.0,"data_generator_V":-58.983482},{"data_generator_T":9180.0,"data_generator_V":-58.986355},{"data_generator_T":9190.0,"data_generator_V":-58.991219},{"data_generator_T":9200.0,"data_generator_V":-58.997974},{"data_generator_T":9210.0,"data_generator_V":-59.006493},{"data_generator_T":9220.0,"data_generator_V":-59.017044},{"data_generator_T":9230.0,"data_generator_V":-59.0303},{"data_generator_T":9240.0,"data_generator_V":-59.045677},{"data_generator_T":9250.0,"data_generator_V":-59.060089},{"data_generator_T":9260.0,"data_generator_V":-59.073532},{"data_generator_T":9270.0,"data_generator_V":-59.097157},{"data_generator_T":9280.0,"data_generator_V":-59.138779},{"data_generator_T":9290.0,"data_generator_V":-59.165726},{"data_generator_T":9300.0,"data_generator_V":-59.127716},{"data_generator_T":9310.0,"data_generator_V":-59.09798},{"data_generator_T":9320.0,"data_generator_V":-59.271866},{"data_generator_T":9330.0,"data_generator_V":-59.585766},{"data_generator_T":9340.0,"data_generator_V":-59.40398},{"data_generator_T":9350.0,"data_generator_V":-58.326271},{"data_generator_T":9360.0,"data_generator_V":-58.552254},{"data_generator_T":9370.0,"data_generator_V":-61.544731},{"data_generator_T":9380.0,"data_generator_V":-71.170998},{"data_generator_T":9390.0,"data_generator_V":-59.215458},{"data_generator_T":9400.0,"data_generator_V":-67.728653},{"data_generator_T":9410.0,"data_generator_V":30.178291},{"data_generator_T":9420.0,"data_generator_V":-62.97897},{"data_generator_T":9430.0,"data_generator_V":-70.937027},{"data_generator_T":9440.0,"data_generator_V":-58.194244},{"data_generator_T":9450.0,"data_generator_V":-67.189201},{"data_generator_T":9460.0,"data_generator_V":10.371249},{"data_generator_T":9470.0,"data_generator_V":-62.755306},{"data_generator_T":9480.0,"data_generator_V":-71.253128},{"data_generator_T":9490.0,"data_generator_V":-58.533482},{"data_generator_T":9500.0,"data_generator_V":-67.847717},{"data_generator_T":9510.0,"data_generator_V":35.574177},{"data_generator_T":9520.0,"data_generator_V":-63.816425},{"data_generator_T":9530.0,"data_generator_V":-72.367439},{"data_generator_T":9540.0,"data_generator_V":-60.299095},{"data_generator_T":9550.0,"data_generator_V":-70.073074},{"data_generator_T":9560.0,"data_generator_V":-56.150146},{"data_generator_T":9570.0,"data_generator_V":-66.769722},{"data_generator_T":9580.0,"data_generator_V":20.340445},{"data_generator_T":9590.0,"data_generator_V":-63.677341},{"data_generator_T":9600.0,"data_generator_V":-72.879738},{"data_generator_T":9610.0,"data_generator_V":-61.241253},{"data_generator_T":9620.0,"data_generator_V":-72.165436},{"data_generator_T":9630.0,"data_generator_V":-59.372269},{"data_generator_T":9640.0,"data_generator_V":-70.781029},{"data_generator_T":9650.0,"data_generator_V":-58.056232},{"data_generator_T":9660.0,"data_generator_V":-69.883125},{"data_generator_T":9670.0,"data_generator_V":-57.65926},{"data_generator_T":9680.0,"data_generator_V":-71.572044},{"data_generator_T":9690.0,"data_generator_V":-59.061737},{"data_generator_T":9700.0,"data_generator_V":-62.000324},{"data_generator_T":9710.0,"data_generator_V":-62.212425},{"data_generator_T":9720.0,"data_generator_V":-61.552986},{"data_generator_T":9730.0,"data_generator_V":-61.409199},{"data_generator_T":9740.0,"data_generator_V":-61.544662},{"data_generator_T":9750.0,"data_generator_V":-61.671661},{"data_generator_T":9760.0,"data_generator_V":-61.751381},{"data_generator_T":9770.0,"data_generator_V":-61.818146},{"data_generator_T":9780.0,"data_generator_V":-61.888309},{"data_generator_T":9790.0,"data_generator_V":-61.961288},{"data_generator_T":9800.0,"data_generator_V":-62.034676},{"data_generator_T":9810.0,"data_generator_V":-62.107906},{"data_generator_T":9820.0,"data_generator_V":-62.181099},{"data_generator_T":9830.0,"data_generator_V":-62.254326},{"data_generator_T":9840.0,"data_generator_V":-62.327564},{"data_generator_T":9850.0,"data_generator_V":-62.40078},{"data_generator_T":9860.0,"data_generator_V":-62.473953},{"data_generator_T":9870.0,"data_generator_V":-62.547054},{"data_generator_T":9880.0,"data_generator_V":-62.62006},{"data_generator_T":9890.0,"data_generator_V":-62.692951},{"data_generator_T":9900.0,"data_generator_V":-62.765705},{"data_generator_T":9910.0,"data_generator_V":-62.838295},{"data_generator_T":9920.0,"data_generator_V":-62.910706},{"data_generator_T":9930.0,"data_generator_V":-62.98291},{"data_generator_T":9940.0,"data_generator_V":-63.054897},{"data_generator_T":9950.0,"data_generator_V":-63.126637},{"data_generator_T":9960.0,"data_generator_V":-63.198112},{"data_generator_T":9970.0,"data_generator_V":-63.26931},{"data_generator_T":9980.0,"data_generator_V":-63.340206},{"data_generator_T":9990.0,"data_generator_V":-63.410782},{"data_generator_T":10000.0,"data_generator_V":-63.481022}]