[{"data_set_value_component_environment_variable_time":0.0,"data_set_value_component_membrane_variable_V":-80.0,"data_set_value_component_membrane_variable_RToF":26.54,"data_set_value_component_membrane_variable_K_c":5.4,"data_set_value_component_membrane_variable_K_i":139.0,"data_set_value_component_membrane_variable_Na_c":140.0,"data_set_value_component_membrane_variable_Na_i":11.2,"data_set_value_component_membrane_variable_i_Stim":0.0,"data_set_value_component_membrane_variable_stim_start":100.0,"data_set_value_component_membrane_variable_stim_end":10000.0,"data_set_value_component_membrane_variable_stim_period":5000.0,"data_set_value_component_membrane_variable_stim_duration":2.0,"data_set_value_component_membrane_variable_stim_amplitude":-100.0,"data_set_value_component_non_specific_current_variable_i_ns":-1.44,"data_set_value_component_non_specific_current_variable_g_ns":0.018,"data_set_value_component_transient_outward_K_current_variable_i_to":0.0002945359,"data_set_value_component_transient_outward_K_current_variable_E_K":-86.2039099575,"data_set_value_component_transient_outward_K_current_variable_g_to":0.01652,"data_set_value_component_transient_outward_K_current_oa_gate_variable_oa":0.2488,"data_set_value_component_transient_outward_K_current_oa_gate_variable_alpha_oa":0.0001720395,"data_set_value_component_transient_outward_K_current_oa_gate_variable_beta_oa":0.1793179115,"data_set_value_component_transient_outward_K_current_oa_gate_variable_tau_oa":83.5701381325,"data_set_value_component_transient_outward_K_current_oa_gate_variable_oa_inf":0.0324848684,"data_set_value_component_transient_outward_K_current_oi_gate_variable_oi":0.1866,"data_set_value_component_transient_outward_K_current_oi_gate_variable_alpha_oi":0.0248528711,"data_set_value_component_transient_outward_K_current_oi_gate_variable_beta_oi":0.000025312,"data_set_value_component_transient_outward_K_current_oi_gate_variable_tau_oi":602.9379230777,"data_set_value_component_transient_outward_K_current_oi_gate_variable_oi_inf":0.9990539458,"data_set_value_component_ultra_rapid_K_current_variable_i_Kur":0.0018425346,"data_set_value_component_ultra_rapid_K_current_variable_g_Kur":0.6,"data_set_value_component_ultra_rapid_K_current_ua_gate_variable_ua":0.9933,"data_set_value_component_ultra_rapid_K_current_ua_gate_variable_alpha_ua":0.0001720395,"data_set_value_component_ultra_rapid_K_current_ua_gate_variable_beta_ua":0.1793179115,"data_set_value_component_ultra_rapid_K_current_ua_gate_variable_tau_ua":5.5713425422,"data_set_value_component_ultra_rapid_K_current_ua_gate_variable_ua_inf":0.0076559759,"data_set_value_component_ultra_rapid_K_current_ui_gate_variable_ui":0.0999,"data_set_value_component_ultra_rapid_K_current_ui_gate_variable_alpha_ui":0.0476188717,"data_set_value_component_ultra_rapid_K_current_ui_gate_variable_beta_ui":0.0000003466,"data_set_value_component_ultra_rapid_K_current_ui_gate_variable_tau_ui":104.9996235418,"data_set_value_component_ultra_rapid_K_current_ui_gate_variable_ui_inf":0.9985434162,"data_set_value_component_inward_rectifier_variable_i_K1":0.1928962607,"data_set_value_component_inward_rectifier_variable_g_K1":0.03,"data_set_value_component_background_currents_variable_i_b_Na":-0.892489328,"data_set_value_component_background_currents_variable_g_b_Na":0.00607,"data_set_value_component_background_currents_variable_E_Na":67.0328382199,"data_set_value_component_sodium_potassium_pump_variable_i_NaK":0.499337296,"data_set_value_component_sodium_potassium_pump_variable_k_NaK_K":1.0,"data_set_value_component_sodium_potassium_pump_variable_k_NaK_Na":11.0,"data_set_value_component_sodium_potassium_pump_variable_i_NaK_max":2.002,"data_set_value_component_sodium_potassium_pump_variable_V_rev":-150.0,"data_set_value_component_sodium_potassium_pump_variable_B":-200.0},{"data_set_value_component_environment_variable_time":0.1,"data_set_value_component_membrane_variable_V":-79.8366391279,"data_set_value_component_membrane_variable_RToF":26.54,"data_set_value_component_membrane_variable_K_c":5.4,"data_set_value_component_membrane_variable_K_i":139.0,"data_set_value_component_membrane_variable_Na_c":140.0,"data_set_value_component_membrane_variable_Na_i":11.2,"data_set_value_component_membrane_variable_i_Stim":0.0,"data_set_value_component_membrane_variable_stim_start":100.0,"data_set_value_component_membrane_variable_stim_end":10000.0,"data_set_value_component_membrane_variable_stim_period":5000.0,"data_set_value_component_membrane_variable_stim_duration":2.0,"data_set_value_component_membrane_variable_stim_amplitude":-100.0,"data_set_value_component_non_specific_current_variable_i_ns":-1.4370595043,"data_set_value_component_non_specific_current_variable_g_ns":0.018,"data_set_value_component_transient_outward_K_current_variable_i_to":0.0003015685,"data_set_value_component_transient_outward_K_current_variable_E_K":-86.2039099575,"data_set_value_component_transient_outward_K_current_variable_g_to":0.01652,"data_set_value_component_transient_outward_K_current_oa_gate_variable_oa":0.2485418735,"data_set_value_component_transient_outward_K_current_oa_gate_variable_alpha_oa":0.000175373,"data_set_value_component_transient_outward_K_current_oa_gate_variable_beta_oa":0.178782219,"data_set_value_component_transient_outward_K_current_oa_gate_variable_tau_oa":83.8187407269,"data_set_value_component_transient_outward_K_current_oa_gate_variable_oa_inf":0.0327788698,"data_set_value_component_transient_outward_K_current_oi_gate_variable_oi":0.1867341934,"data_set_value_component_transient_outward_K_current_oi_gate_variable_alpha_oi":0.0246529682,"data_set_value_component_transient_outward_K_current_oi_gate_variable_beta_oi":0.0000258734,"data_set_value_component_transient_outward_K_current_oi_gate_variable_tau_oi":607.8081091767,"data_set_value_component_transient_outward_K_current_oi_gate_variable_oi_inf":0.9990243606,"data_set_value_component_ultra_rapid_K_current_variable_i_Kur":0.0018084228,"data_set_value_component_ultra_rapid_K_current_variable_g_Kur":0.6,"data_set_value_component_ultra_rapid_K_current_ua_gate_variable_ua":0.9757938129,"data_set_value_component_ultra_rapid_K_current_ua_gate_variable_alpha_ua":0.000175373,"data_set_value_component_ultra_rapid_K_current_ua_gate_variable_beta_ua":0.178782219,"data_set_value_component_ultra_rapid_K_current_ua_gate_variable_tau_ua":5.5879160485,"data_set_value_component_ultra_rapid_K_current_ua_gate_variable_ua_inf":0.0077863475,"data_set_value_component_ultra_rapid_K_current_ui_gate_variable_ui":0.1007554409,"data_set_value_component_ultra_rapid_K_current_ui_gate_variable_alpha_ui":0.0476188707,"data_set_value_component_ultra_rapid_K_current_ui_gate_variable_beta_ui":0.0000003502,"data_set_value_component_ultra_rapid_K_current_ui_gate_variable_tau_ui":104.9996179676,"data_set_value_component_ultra_rapid_K_current_ui_gate_variable_ui_inf":0.9985347441,"data_set_value_component_inward_rectifier_variable_i_K1":0.1974878454,"data_set_value_component_inward_rectifier_variable_g_K1":0.03,"data_set_value_component_background_currents_variable_i_b_Na":-0.8914977275,"data_set_value_component_background_currents_variable_g_b_Na":0.00607,"data_set_value_component_background_currents_variable_E_Na":67.0328382199,"data_set_value_component_sodium_potassium_pump_variable_i_NaK":0.4998221845,"data_set_value_component_sodium_potassium_pump_variable_k_NaK_K":1.0,"data_set_value_component_sodium_potassium_pump_variable_k_NaK_Na":11.0,"data_set_value_component_sodium_potassium_pump_variable_i_NaK_max":2.002,"data_set_value_component_sodium_potassium_pump_variable_V_rev":-150.0,"data_set_value_component_sodium_potassium_pump_variable_B":-200.0},{"data_set_value_component_environment_variable_time":0.2,"data_set_value_component_membrane_variable_V":-79.6741716794,"data_set_value_component_membrane_variable_RToF":26.54,"data_set_value_component_membrane_variable_K_c":5.4,"data_set_value_component_membrane_variable_K_i":139.0,"data_set_value_component_membrane_variable_Na_c":140.0,"data_set_value_component_membrane_variable_Na_i":11.2,"data_set_value_component_membrane_variable_i_Stim":0.0,"data_set_value_component_membrane_variable_stim_start":100.0,"data_set_value_component_membrane_variable_stim_end":10000.0,"data_set_value_component_membrane_variable_stim_period":5000.0,"data_set_value_component_membrane_variable_stim_duration":2.0,"data_set_value_component_membrane_variable_stim_amplitude":-100.0,"data_set_value_component_non_specific_current_variable_i_ns":-1.4341350902,"data_set_value_component_non_specific_current_variable_g_ns":0.018,"data_set_value_component_transient_outward_K_current_variable_i_to":0.0003085258,"data_set_value_component_transient_outward_K_current_variable_E_K":-86.2039099575,"data_set_value_component_transient_outward_K_current_variable_g_to":0.01652,"data_set_value_component_transient_outward_K_current_oa_gate_variable_oa":0.2482851675,"data_set_value_component_transient_outward_K_current_oa_gate_variable_alpha_oa":0.0001787521,"data_set_value_component_transient_outward_K_current_oa_gate_variable_beta_oa":0.1782475369,"data_set_value_component_transient_outward_K_current_oa_gate_variable_tau_oa":84.0683291935,"data_set_value_component_transient_outward_K_current_oa_gate_variable_oa_inf":0.033073812,"data_set_value_component_transient_outward_K_current_oi_gate_variable_oi":0.1868672866,"data_set_value_component_transient_outward_K_current_oi_gate_variable_alpha_oi":0.0244544138,"data_set_value_component_transient_outward_K_current_oi_gate_variable_beta_oi":0.000026444,"data_set_value_component_transient_outward_K_current_oi_gate_variable_tau_oi":612.7236278089,"data_set_value_component_transient_outward_K_current_oi_gate_variable_oi_inf":0.9989940205,"data_set_value_component_ultra_rapid_K_current_variable_i_Kur":0.0017736917,"data_set_value_component_ultra_rapid_K_current_variable_g_Kur":0.6,"data_set_value_component_ultra_rapid_K_current_ua_gate_variable_ua":0.9586503177,"data_set_value_component_ultra_rapid_K_current_ua_gate_variable_alpha_ua":0.0001787521,"data_set_value_component_ultra_rapid_K_current_ua_gate_variable_beta_ua":0.1782475369,"data_set_value_component_ultra_rapid_K_current_ua_gate_variable_tau_ua":5.6045552796,"data_set_value_component_ultra_rapid_K_current_ua_gate_variable_ua_inf":0.0079181904,"data_set_value_component_ultra_rapid_K_current_ui_gate_variable_ui":0.1016100608,"data_set_value_component_ultra_rapid_K_current_ui_gate_variable_alpha_ui":0.0476188697,"data_set_value_component_ultra_rapid_K_current_ui_gate_variable_beta_ui":0.0000003538,"data_set_value_component_ultra_rapid_K_current_ui_gate_variable_tau_ui":104.9996123572,"data_set_value_component_ultra_rapid_K_current_ui_gate_variable_ui_inf":0.9985260684,"data_set_value_component_inward_rectifier_variable_i_K1":0.20205014,"data_set_value_component_inward_rectifier_variable_g_K1":0.03,"data_set_value_component_background_currents_variable_i_b_Na":-0.8905115501,"data_set_value_component_background_currents_variable_g_b_Na":0.00607,"data_set_value_component_background_currents_variable_E_Na":67.0328382199,"data_set_value_component_sodium_potassium_pump_variable_i_NaK":0.5003031154,"data_set_value_component_sodium_potassium_pump_variable_k_NaK_K":1.0,"data_set_value_component_sodium_potassium_pump_variable_k_NaK_Na":11.0,"data_set_value_component_sodium_potassium_pump_variable_i_NaK_max":2.002,"data_set_value_component_sodium_potassium_pump_variable_V_rev":-150.0,"data_set_value_component_sodium_potassium_pump_variable_B":-200.0},{"data_set_value_component_environment_variable_time":0.3,"data_set_value_component_membrane_variable_V":-79.5125938893,"data_set_value_component_membrane_variable_RToF":26.54,"data_set_value_component_membrane_variable_K_c":5.4,"data_set_value_component_membrane_variable_K_i":139.0,"data_set_value_component_membrane_variable_Na_c":140.0,"data_set_value_component_membrane_variable_Na_i":11.2,"data_set_value_component_membrane_variable_i_Stim":0.0,"data_set_value_component_membrane_variable_stim_start":100.0,"data_set_value_component_membrane_variable_stim_end":10000.0,"data_set_value_component_membrane_variable_stim_period":5000.0,"data_set_value_component_membrane_variable_stim_duration":2.0,"data_set_value_component_membrane_variable_stim_amplitude":-100.0,"data_set_value_component_non_specific_current_variable_i_ns":-1.43122669,"data_set_value_component_non_specific_current_variable_g_ns":0.018,"data_set_value_component_transient_outward_K_current_variable_i_to":0.0003154086,"data_set_value_component_transient_outward_K_current_variable_E_K":-86.2039099575,"data_set_value_component_transient_outward_K_current_variable_g_to":0.01652,"data_set_value_component_transient_outward_K_current_oa_gate_variable_oa":0.2480298787,"data_set_value_component_transient_outward_K_current_oa_gate_variable_alpha_oa":0.0001821773,"data_set_value_component_transient_outward_K_current_oa_gate_variable_beta_oa":0.1777138984,"data_set_value_component_transient_outward_K_current_oa_gate_variable_tau_oa":84.3188920607,"data_set_value_component_transient_outward_K_current_oa_gate_variable_oa_inf":0.0333696805,"data_set_value_component_transient_outward_K_current_oi_gate_variable_oi":0.1869992852,"data_set_value_component_transient_outward_K_current_oi_gate_variable_alpha_oi":0.0242572202,"data_set_value_component_transient_outward_K_current_oi_gate_variable_beta_oi":0.0000270241,"data_set_value_component_transient_outward_K_current_oi_gate_variable_tau_oi":617.6844469225,"data_set_value_component_transient_outward_K_current_oi_gate_variable_oi_inf":0.9989629119,"data_set_value_component_ultra_rapid_K_current_variable_i_Kur":0.0017384839,"data_set_value_component_ultra_rapid_K_current_variable_g_Kur":0.6,"data_set_value_component_ultra_rapid_K_current_ua_gate_variable_ua":0.9418621279,"data_set_value_component_ultra_rapid_K_current_ua_gate_variable_alpha_ua":0.0001821773,"data_set_value_component_ultra_rapid_K_current_ua_gate_variable_beta_ua":0.1777138984,"data_set_value_component_ultra_rapid_K_current_ua_gate_variable_tau_ua":5.6212594707,"data_set_value_component_ultra_rapid_K_current_ua_gate_variable_ua_inf":0.0080515073,"data_set_value_component_ultra_rapid_K_current_ui_gate_variable_ui":0.1024638591,"data_set_value_component_ultra_rapid_K_current_ui_gate_variable_alpha_ui":0.0476188686,"data_set_value_component_ultra_rapid_K_current_ui_gate_variable_beta_ui":0.0000003574,"data_set_value_component_ultra_rapid_K_current_ui_gate_variable_tau_ui":104.9996067109,"data_set_value_component_ultra_rapid_K_current_ui_gate_variable_ui_inf":0.9985173893,"data_set_value_component_inward_rectifier_variable_i_K1":0.2065832756,"data_set_value_component_inward_rectifier_variable_g_K1":0.03,"data_set_value_component_background_currents_variable_i_b_Na":-0.8895307729,"data_set_value_component_background_currents_variable_g_b_Na":0.00607,"data_set_value_component_background_currents_variable_E_Na":67.0328382199,"data_set_value_component_sodium_potassium_pump_variable_i_NaK":0.5007801264,"data_set_value_component_sodium_potassium_pump_variable_k_NaK_K":1.0,"data_set_value_component_sodium_potassium_pump_variable_k_NaK_Na":11.0,"data_set_value_component_sodium_potassium_pump_variable_i_NaK_max":2.002,"data_set_value_component_sodium_potassium_pump_variable_V_rev":-150.0,"data_set_value_component_sodium_potassium_pump_variable_B":-200.0},{"data_set_value_component_environment_variable_time":0.4,"data_set_value_component_membrane_variable_V":-79.3519005667,"data_set_value_component_membrane_variable_RToF":26.54,"data_set_value_component_membrane_variable_K_c":5.4,"data_set_value_component_membrane_variable_K_i":139.0,"data_set_value_component_membrane_variable_Na_c":140.0,"data_set_value_component_membrane_variable_Na_i":11.2,"data_set_value_component_membrane_variable_i_Stim":0.0,"data_set_value_component_membrane_variable_stim_start":100.0,"data_set_value_component_membrane_variable_stim_end":10000.0,"data_set_value_component_membrane_variable_stim_period":5000.0,"data_set_value_component_membrane_variable_stim_duration":2.0,"data_set_value_component_membrane_variable_stim_amplitude":-100.0,"data_set_value_component_non_specific_current_variable_i_ns":-1.4283342102,"data_set_value_component_non_specific_current_variable_g_ns":0.018,"data_set_value_component_transient_outward_K_current_variable_i_to":0.0003222178,"data_set_value_component_transient_outward_K_current_variable_E_K":-86.2039099575,"data_set_value_component_transient_outward_K_current_variable_g_to":0.01652,"data_set_value_component_transient_outward_K_current_oa_gate_variable_oa":0.2477760014,"data_set_value_component_transient_outward_K_current_oa_gate_variable_alpha_oa":0.0001856487,"data_set_value_component_transient_outward_K_current_oa_gate_variable_beta_oa":0.1771813314,"data_set_value_component_transient_outward_K_current_oa_gate_variable_tau_oa":84.5704199991,"data_set_value_component_transient_outward_K_current_oa_gate_variable_oa_inf":0.033666463,"data_set_value_component_transient_outward_K_current_oi_gate_variable_oi":0.1871301967,"data_set_value_component_transient_outward_K_current_oi_gate_variable_alpha_oi":0.0240613974,"data_set_value_component_transient_outward_K_current_oi_gate_variable_beta_oi":0.0000276135,"data_set_value_component_transient_outward_K_current_oi_gate_variable_tau_oi":622.6905722428,"data_set_value_component_transient_outward_K_current_oi_gate_variable_oi_inf":0.9989310205,"data_set_value_component_ultra_rapid_K_current_variable_i_Kur":0.0017029272,"data_set_value_component_ultra_rapid_K_current_variable_g_Kur":0.6,"data_set_value_component_ultra_rapid_K_current_ua_gate_variable_ua":0.925421512,"data_set_value_component_ultra_rapid_K_current_ua_gate_variable_alpha_ua":0.0001856487,"data_set_value_component_ultra_rapid_K_current_ua_gate_variable_beta_ua":0.1771813314,"data_set_value_component_ultra_rapid_K_current_ua_gate_variable_tau_ua":5.6380279999,"data_set_value_component_ultra_rapid_K_current_ua_gate_variable_ua_inf":0.0081863023,"data_set_value_component_ultra_rapid_K_current_ui_gate_variable_ui":0.1033168363,"data_set_value_component_ultra_rapid_K_current_ui_gate_variable_alpha_ui":0.0476188676,"data_set_value_component_ultra_rapid_K_current_ui_gate_variable_beta_ui":0.000000361,"data_set_value_component_ultra_rapid_K_current_ui_gate_variable_tau_ui":104.9996010289,"data_set_value_component_ultra_rapid_K_current_ui_gate_variable_ui_inf":0.9985087071,"data_set_value_component_inward_rectifier_variable_i_K1":0.2110874235,"data_set_value_component_inward_rectifier_variable_g_K1":0.03,"data_set_value_component_background_currents_variable_i_b_Na":-0.8885553644,"data_set_value_component_background_currents_variable_g_b_Na":0.00607,"data_set_value_component_background_currents_variable_E_Na":67.0328382199,"data_set_value_component_sodium_potassium_pump_variable_i_NaK":0.501253259,"data_set_value_component_sodium_potassium_pump_variable_k_NaK_K":1.0,"data_set_value_component_sodium_potassium_pump_variable_k_NaK_Na":11.0,"data_set_value_component_sodium_potassium_pump_variable_i_NaK_max":2.002,"data_set_value_component_sodium_potassium_pump_variable_V_rev":-150.0,"data_set_value_component_sodium_potassium_pump_variable_B":-200.0},{"data_set_value_component_environment_variable_time":0.5,"data_set_value_component_membrane_variable_V":-79.1920865401,"data_set_value_component_membrane_variable_RToF":26.54,"data_set_value_component_membrane_variable_K_c":5.4,"data_set_value_component_membrane_variable_K_i":139.0,"data_set_value_component_membrane_variable_Na_c":140.0,"data_set_value_component_membrane_variable_Na_i":11.2,"data_set_value_component_membrane_variable_i_Stim":0.0,"data_set_value_component_membrane_variable_stim_start":100.0,"data_set_value_component_membrane_variable_stim_end":10000.0,"data_set_value_component_membrane_variable_stim_period":5000.0,"data_set_value_component_membrane_variable_stim_duration":2.0,"data_set_value_component_membrane_variable_stim_amplitude":-100.0,"data_set_value_component_non_specific_current_variable_i_ns":-1.4254575577,"data_set_value_component_non_specific_current_variable_g_ns":0.018,"data_set_value_component_transient_outward_K_current_variable_i_to":0.0003289543,"data_set_value_component_transient_outward_K_current_variable_E_K":-86.2039099575,"data_set_value_component_transient_outward_K_current_variable_g_to":0.01652,"data_set_value_component_transient_outward_K_current_oa_gate_variable_oa":0.2475235296,"data_set_value_component_transient_outward_K_current_oa_gate_variable_alpha_oa":0.0001891666,"data_set_value_component_transient_outward_K_current_oa_gate_variable_beta_oa":0.1766498634,"data_set_value_component_transient_outward_K_current_oa_gate_variable_tau_oa":84.8229036337,"data_set_value_component_transient_outward_K_current_oa_gate_variable_oa_inf":0.0339641473,"data_set_value_component_transient_outward_K_current_oi_gate_variable_oi":0.1872600288,"data_set_value_component_transient_outward_K_current_oi_gate_variable_alpha_oi":0.0238669545,"data_set_value_component_transient_outward_K_current_oi_gate_variable_beta_oi":0.0000282125,"data_set_value_component_transient_outward_K_current_oi_gate_variable_tau_oi":627.7420045081,"data_set_value_component_transient_outward_K_current_oi_gate_variable_oi_inf":0.998898332,"data_set_value_component_ultra_rapid_K_current_variable_i_Kur":0.0016671378,"data_set_value_component_ultra_rapid_K_current_variable_g_Kur":0.6,"data_set_value_component_ultra_rapid_K_current_ua_gate_variable_ua":0.9093209047,"data_set_value_component_ultra_rapid_K_current_ua_gate_variable_alpha_ua":0.0001891666,"data_set_value_component_ultra_rapid_K_current_ua_gate_variable_beta_ua":0.1766498634,"data_set_value_component_ultra_rapid_K_current_ua_gate_variable_tau_ua":5.6548602422,"data_set_value_component_ultra_rapid_K_current_ua_gate_variable_ua_inf":0.0083225791,"data_set_value_component_ultra_rapid_K_current_ui_gate_variable_ui":0.1041689933,"data_set_value_component_ultra_rapid_K_current_ui_gate_variable_alpha_ui":0.0476188666,"data_set_value_component_ultra_rapid_K_current_ui_gate_variable_beta_ui":0.0000003646,"data_set_value_component_ultra_rapid_K_current_ui_gate_variable_tau_ui":104.9995953112,"data_set_value_component_ultra_rapid_K_current_ui_gate_variable_ui_inf":0.998500022,"data_set_value_component_inward_rectifier_variable_i_K1":0.2155627546,"data_set_value_component_inward_rectifier_variable_g_K1":0.03,"data_set_value_component_background_currents_variable_i_b_Na":-0.8875852933,"data_set_value_component_background_currents_variable_g_b_Na":0.00607,"data_set_value_component_background_currents_variable_E_Na":67.0328382199,"data_set_value_component_sodium_potassium_pump_variable_i_NaK":0.5017225543,"data_set_value_component_sodium_potassium_pump_variable_k_NaK_K":1.0,"data_set_value_component_sodium_potassium_pump_variable_k_NaK_Na":11.0,"data_set_value_component_sodium_potassium_pump_variable_i_NaK_max":2.002,"data_set_value_component_sodium_potassium_pump_variable_V_rev":-150.0,"data_set_value_component_sodium_potassium_pump_variable_B":-200.0},{"data_set_value_component_environment_variable_time":0.6,"data_set_value_component_membrane_variable_V":-79.0331462627,"data_set_value_component_membrane_variable_RToF":26.54,"data_set_value_component_membrane_variable_K_c":5.4,"data_set_value_component_membrane_variable_K_i":139.0,"data_set_value_component_membrane_variable_Na_c":140.0,"data_set_value_component_membrane_variable_Na_i":11.2,"data_set_value_component_membrane_variable_i_Stim":0.0,"data_set_value_component_membrane_variable_stim_start":100.0,"data_set_value_component_membrane_variable_stim_end":10000.0,"data_set_value_component_membrane_variable_stim_period":5000.0,"data_set_value_component_membrane_variable_stim_duration":2.0,"data_set_value_component_membrane_variable_stim_amplitude":-100.0,"data_set_value_component_non_specific_current_variable_i_ns":-1.4225966327,"data_set_value_component_non_specific_current_variable_g_ns":0.018,"data_set_value_component_transient_outward_K_current_variable_i_to":0.0003356188,"data_set_value_component_transient_outward_K_current_variable_E_K":-86.2039099575,"data_set_value_component_transient_outward_K_current_variable_g_to":0.01652,"data_set_value_component_transient_outward_K_current_oa_gate_variable_oa":0.2472724573,"data_set_value_component_transient_outward_K_current_oa_gate_variable_alpha_oa":0.0001927313,"data_set_value_component_transient_outward_K_current_oa_gate_variable_beta_oa":0.1761195198,"data_set_value_component_transient_outward_K_current_oa_gate_variable_tau_oa":85.0763341791,"data_set_value_component_transient_outward_K_current_oa_gate_variable_oa_inf":0.0342627222,"data_set_value_component_transient_outward_K_current_oi_gate_variable_oi":0.1873887895,"data_set_value_component_transient_outward_K_current_oi_gate_variable_alpha_oi":0.0236738994,"data_set_value_component_transient_outward_K_current_oi_gate_variable_beta_oi":0.000028821,"data_set_value_component_transient_outward_K_current_oi_gate_variable_tau_oi":632.8387522361,"data_set_value_component_transient_outward_K_current_oi_gate_variable_oi_inf":0.9988648321,"data_set_value_component_ultra_rapid_K_current_variable_i_Kur":0.0016312178,"data_set_value_component_ultra_rapid_K_current_variable_g_Kur":0.6,"data_set_value_component_ultra_rapid_K_current_ua_gate_variable_ua":0.8935523203,"data_set_value_component_ultra_rapid_K_current_ua_gate_variable_alpha_ua":0.0001927313,"data_set_value_component_ultra_rapid_K_current_ua_gate_variable_beta_ua":0.1761195198,"data_set_value_component_ultra_rapid_K_current_ua_gate_variable_tau_ua":5.6717556119,"data_set_value_component_ultra_rapid_K_current_ua_gate_variable_ua_inf":0.0084603415,"data_set_value_component_ultra_rapid_K_current_ui_gate_variable_ui":0.1050203308,"data_set_value_component_ultra_rapid_K_current_ui_gate_variable_alpha_ui":0.0476188655,"data_set_value_component_ultra_rapid_K_current_ui_gate_variable_beta_ui":0.0000003682,"data_set_value_component_ultra_rapid_K_current_ui_gate_variable_tau_ui":104.9995895582,"data_set_value_component_ultra_rapid_K_current_ui_gate_variable_ui_inf":0.9984913343,"data_set_value_component_inward_rectifier_variable_i_K1":0.2200094507,"data_set_value_component_inward_rectifier_variable_g_K1":0.03,"data_set_value_component_background_currents_variable_i_b_Na":-0.8866205258,"data_set_value_component_background_currents_variable_g_b_Na":0.00607,"data_set_value_component_background_currents_variable_E_Na":67.0328382199,"data_set_value_component_sodium_potassium_pump_variable_i_NaK":0.5021880541,"data_set_value_component_sodium_potassium_pump_variable_k_NaK_K":1.0,"data_set_value_component_sodium_potassium_pump_variable_k_NaK_Na":11.0,"data_set_value_component_sodium_potassium_pump_variable_i_NaK_max":2.002,"data_set_value_component_sodium_potassium_pump_variable_V_rev":-150.0,"data_set_value_component_sodium_potassium_pump_variable_B":-200.0},{"data_set_value_component_environment_variable_time":0.7,"data_set_value_component_membrane_variable_V":-78.8750742239,"data_set_value_component_membrane_variable_RToF":26.54,"data_set_value_component_membrane_variable_K_c":5.4,"data_set_value_component_membrane_variable_K_i":139.0,"data_set_value_component_membrane_variable_Na_c":140.0,"data_set_value_component_membrane_variable_Na_i":11.2,"data_set_value_component_membrane_variable_i_Stim":0.0,"data_set_value_component_membrane_variable_stim_start":100.0,"data_set_value_component_membrane_variable_stim_end":10000.0,"data_set_value_component_membrane_variable_stim_period":5000.0,"data_set_value_component_membrane_variable_stim_duration":2.0,"data_set_value_component_membrane_variable_stim_amplitude":-100.0,"data_set_value_component_non_specific_current_variable_i_ns":-1.419751336,"data_set_value_component_non_specific_current_variable_g_ns":0.018,"data_set_value_component_transient_outward_K_current_variable_i_to":0.0003422122,"data_set_value_component_transient_outward_K_current_variable_E_K":-86.2039099575,"data_set_value_component_transient_outward_K_current_variable_g_to":0.01652,"data_set_value_component_transient_outward_K_current_oa_gate_variable_oa":0.2470227779,"data_set_value_component_transient_outward_K_current_oa_gate_variable_alpha_oa":0.0001963431,"data_set_value_component_transient_outward_K_current_oa_gate_variable_beta_oa":0.1755903258,"data_set_value_component_transient_outward_K_current_oa_gate_variable_tau_oa":85.3307028058,"data_set_value_component_transient_outward_K_current_oa_gate_variable_oa_inf":0.0345621762,"data_set_value_component_transient_outward_K_current_oi_gate_variable_oi":0.1875164873,"data_set_value_component_transient_outward_K_current_oi_gate_variable_alpha_oi":0.0234822394,"data_set_value_component_transient_outward_K_current_oi_gate_variable_beta_oi":0.0000294393,"data_set_value_component_transient_outward_K_current_oi_gate_variable_tau_oi":637.9808191735,"data_set_value_component_transient_outward_K_current_oi_gate_variable_oi_inf":0.9988305061,"data_set_value_component_ultra_rapid_K_current_variable_i_Kur":0.0015952599,"data_set_value_component_ultra_rapid_K_current_variable_g_Kur":0.6,"data_set_value_component_ultra_rapid_K_current_ua_gate_variable_ua":0.8781079714,"data_set_value_component_ultra_rapid_K_current_ua_gate_variable_alpha_ua":0.0001963431,"data_set_value_component_ultra_rapid_K_current_ua_gate_variable_beta_ua":0.1755903258,"data_set_value_component_ultra_rapid_K_current_ua_gate_variable_tau_ua":5.6887135204,"data_set_value_component_ultra_rapid_K_current_ua_gate_variable_ua_inf":0.0085995935,"data_set_value_component_ultra_rapid_K_current_ui_gate_variable_ui":0.1058708497,"data_set_value_component_ultra_rapid_K_current_ui_gate_variable_alpha_ui":0.0476188645,"data_set_value_component_ultra_rapid_K_current_ui_gate_variable_beta_ui":0.0000003719,"data_set_value_component_ultra_rapid_K_current_ui_gate_variable_tau_ui":104.9995837699,"data_set_value_component_ultra_rapid_K_current_ui_gate_variable_ui_inf":0.9984826443,"data_set_value_component_inward_rectifier_variable_i_K1":0.2244276923,"data_set_value_component_inward_rectifier_variable_g_K1":0.03,"data_set_value_component_background_currents_variable_i_b_Na":-0.8856610285,"data_set_value_component_background_currents_variable_g_b_Na":0.00607,"data_set_value_component_background_currents_variable_E_Na":67.0328382199,"data_set_value_component_sodium_potassium_pump_variable_i_NaK":0.5026497992,"data_set_value_component_sodium_potassium_pump_variable_k_NaK_K":1.0,"data_set_value_component_sodium_potassium_pump_variable_k_NaK_Na":11.0,"data_set_value_component_sodium_potassium_pump_variable_i_NaK_max":2.002,"data_set_value_component_sodium_potassium_pump_variable_V_rev":-150.0,"data_set_value_component_sodium_potassium_pump_variable_B":-200.0},{"data_set_value_component_environment_variable_time":0.8,"data_set_value_component_membrane_variable_V":-78.7178650868,"data_set_value_component_membrane_variable_RToF":26.54,"data_set_value_component_membrane_variable_K_c":5.4,"data_set_value_component_membrane_variable_K_i":139.0,"data_set_value_component_membrane_variable_Na_c":140.0,"data_set_value_component_membrane_variable_Na_i":11.2,"data_set_value_component_membrane_variable_i_Stim":0.0,"data_set_value_component_membrane_variable_stim_start":100.0,"data_set_value_component_membrane_variable_stim_end":10000.0,"data_set_value_component_membrane_variable_stim_period":5000.0,"data_set_value_component_membrane_variable_stim_duration":2.0,"data_set_value_component_membrane_variable_stim_amplitude":-100.0,"data_set_value_component_non_specific_current_variable_i_ns":-1.4169215716,"data_set_value_component_non_specific_current_variable_g_ns":0.018,"data_set_value_component_transient_outward_K_current_variable_i_to":0.0003487353,"data_set_value_component_transient_outward_K_current_variable_E_K":-86.2039099575,"data_set_value_component_transient_outward_K_current_variable_g_to":0.01652,"data_set_value_component_transient_outward_K_current_oa_gate_variable_oa":0.2467744854,"data_set_value_component_transient_outward_K_current_oa_gate_variable_alpha_oa":0.0002000022,"data_set_value_component_transient_outward_K_current_oa_gate_variable_beta_oa":0.1750623062,"data_set_value_component_transient_outward_K_current_oa_gate_variable_tau_oa":85.5860004157,"data_set_value_component_transient_outward_K_current_oa_gate_variable_oa_inf":0.0348624975,"data_set_value_component_transient_outward_K_current_oi_gate_variable_oi":0.1876431302,"data_set_value_component_transient_outward_K_current_oi_gate_variable_alpha_oi":0.0232919813,"data_set_value_component_transient_outward_K_current_oi_gate_variable_beta_oi":0.0000300673,"data_set_value_component_transient_outward_K_current_oi_gate_variable_tau_oi":643.1681996961,"data_set_value_component_transient_outward_K_current_oi_gate_variable_oi_inf":0.9987953393,"data_set_value_component_ultra_rapid_K_current_variable_i_Kur":0.0015593483,"data_set_value_component_ultra_rapid_K_current_variable_g_Kur":0.6,"data_set_value_component_ultra_rapid_K_current_ua_gate_variable_ua":0.8629804464,"data_set_value_component_ultra_rapid_K_current_ua_gate_variable_alpha_ua":0.0002000022,"data_set_value_component_ultra_rapid_K_current_ua_gate_variable_beta_ua":0.1750623062,"data_set_value_component_ultra_rapid_K_current_ua_gate_variable_tau_ua":5.705733361,"data_set_value_component_ultra_rapid_K_current_ua_gate_variable_ua_inf":0.0087403384,"data_set_value_component_ultra_rapid_K_current_ui_gate_variable_ui":0.1067205508,"data_set_value_component_ultra_rapid_K_current_ui_gate_variable_alpha_ui":0.0476188635,"data_set_value_component_ultra_rapid_K_current_ui_gate_variable_beta_ui":0.0000003756,"data_set_value_component_ultra_rapid_K_current_ui_gate_variable_tau_ui":104.9995779467,"data_set_value_component_ultra_rapid_K_current_ui_gate_variable_ui_inf":0.9984739521,"data_set_value_component_inward_rectifier_variable_i_K1":0.2288176554,"data_set_value_component_inward_rectifier_variable_g_K1":0.03,"data_set_value_component_background_currents_variable_i_b_Na":-0.8847067691,"data_set_value_component_background_currents_variable_g_b_Na":0.00607,"data_set_value_component_background_currents_variable_E_Na":67.0328382199,"data_set_value_component_sodium_potassium_pump_variable_i_NaK":0.50310783,"data_set_value_component_sodium_potassium_pump_variable_k_NaK_K":1.0,"data_set_value_component_sodium_potassium_pump_variable_k_NaK_Na":11.0,"data_set_value_component_sodium_potassium_pump_variable_i_NaK_max":2.002,"data_set_value_component_sodium_potassium_pump_variable_V_rev":-150.0,"data_set_value_component_sodium_potassium_pump_variable_B":-200.0},{"data_set_value_component_environment_variable_time":0.9,"data_set_value_component_membrane_variable_V":-78.5615135861,"data_set_value_component_membrane_variable_RToF":26.54,"data_set_value_component_membrane_variable_K_c":5.4,"data_set_value_component_membrane_variable_K_i":139.0,"data_set_value_component_membrane_variable_Na_c":140.0,"data_set_value_component_membrane_variable_Na_i":11.2,"data_set_value_component_membrane_variable_i_Stim":0.0,"data_set_value_component_membrane_variable_stim_start":100.0,"data_set_value_component_membrane_variable_stim_end":10000.0,"data_set_value_component_membrane_variable_stim_period":5000.0,"data_set_value_component_membrane_variable_stim_duration":2.0,"data_set_value_component_membrane_variable_stim_amplitude":-100.0,"data_set_value_component_non_specific_current_variable_i_ns":-1.4141072446,"data_set_value_component_non_specific_current_variable_g_ns":0.018,"data_set_value_component_transient_outward_K_current_variable_i_to":0.0003551889,"data_set_value_component_transient_outward_K_current_variable_E_K":-86.2039099575,"data_set_value_component_transient_outward_K_current_variable_g_to":0.01652,"data_set_value_component_transient_outward_K_current_oa_gate_variable_oa":0.2465275734,"data_set_value_component_transient_outward_K_current_oa_gate_variable_alpha_oa":0.0002037089,"data_set_value_component_transient_outward_K_current_oa_gate_variable_beta_oa":0.1745354857,"data_set_value_component_transient_outward_K_current_oa_gate_variable_tau_oa":85.8422178024,"data_set_value_component_transient_outward_K_current_oa_gate_variable_oa_inf":0.0351636744,"data_set_value_component_transient_outward_K_current_oi_gate_variable_oi":0.1877687264,"data_set_value_component_transient_outward_K_current_oi_gate_variable_alpha_oi":0.0231031314,"data_set_value_component_transient_outward_K_current_oi_gate_variable_beta_oi":0.0000307051,"data_set_value_component_transient_outward_K_current_oi_gate_variable_tau_oi":648.4008819334,"data_set_value_component_transient_outward_K_current_oi_gate_variable_oi_inf":0.9987593168,"data_set_value_component_ultra_rapid_K_current_variable_i_Kur":0.0015235595,"data_set_value_component_ultra_rapid_K_current_variable_g_Kur":0.6,"data_set_value_component_ultra_rapid_K_current_ua_gate_variable_ua":0.8481625559,"data_set_value_component_ultra_rapid_K_current_ua_gate_variable_alpha_ua":0.0002037089,"data_set_value_component_ultra_rapid_K_current_ua_gate_variable_beta_ua":0.1745354857,"data_set_value_component_ultra_rapid_K_current_ua_gate_variable_tau_ua":5.7228145202,"data_set_value_component_ultra_rapid_K_current_ua_gate_variable_ua_inf":0.0088825796,"data_set_value_component_ultra_rapid_K_current_ui_gate_variable_ui":0.1075694347,"data_set_value_component_ultra_rapid_K_current_ui_gate_variable_alpha_ui":0.0476188624,"data_set_value_component_ultra_rapid_K_current_ui_gate_variable_beta_ui":0.0000003792,"data_set_value_component_ultra_rapid_K_current_ui_gate_variable_tau_ui":104.9995720886,"data_set_value_component_ultra_rapid_K_current_ui_gate_variable_ui_inf":0.9984652581,"data_set_value_component_inward_rectifier_variable_i_K1":0.233179514,"data_set_value_component_inward_rectifier_variable_g_K1":0.03,"data_set_value_component_background_currents_variable_i_b_Na":-0.8837577155,"data_set_value_component_background_currents_variable_g_b_Na":0.00607,"data_set_value_component_background_currents_variable_E_Na":67.0328382199,"data_set_value_component_sodium_potassium_pump_variable_i_NaK":0.5035621858,"data_set_value_component_sodium_potassium_pump_variable_k_NaK_K":1.0,"data_set_value_component_sodium_potassium_pump_variable_k_NaK_Na":11.0,"data_set_value_component_sodium_potassium_pump_variable_i_NaK_max":2.002,"data_set_value_component_sodium_potassium_pump_variable_V_rev":-150.0,"data_set_value_component_sodium_potassium_pump_variable_B":-200.0},{"data_set_value_component_environment_variable_time":1.0,"data_set_value_component_membrane_variable_V":-78.4060145263,"data_set_value_component_membrane_variable_RToF":26.54,"data_set_value_component_membrane_variable_K_c":5.4,"data_set_value_component_membrane_variable_K_i":139.0,"data_set_value_component_membrane_variable_Na_c":140.0,"data_set_value_component_membrane_variable_Na_i":11.2,"data_set_value_component_membrane_variable_i_Stim":0.0,"data_set_value_component_membrane_variable_stim_start":100.0,"data_set_value_component_membrane_variable_stim_end":10000.0,"data_set_value_component_membrane_variable_stim_period":5000.0,"data_set_value_component_membrane_variable_stim_duration":2.0,"data_set_value_component_membrane_variable_stim_amplitude":-100.0,"data_set_value_component_non_specific_current_variable_i_ns":-1.4113082615,"data_set_value_component_non_specific_current_variable_g_ns":0.018,"data_set_value_component_transient_outward_K_current_variable_i_to":0.0003615738,"data_set_value_component_transient_outward_K_current_variable_E_K":-86.2039099575,"data_set_value_component_transient_outward_K_current_variable_g_to":0.01652,"data_set_value_component_transient_outward_K_current_oa_gate_variable_oa":0.2462820359,"data_set_value_component_transient_outward_K_current_oa_gate_variable_alpha_oa":0.0002074634,"data_set_value_component_transient_outward_K_current_oa_gate_variable_beta_oa":0.1740098885,"data_set_value_component_transient_outward_K_current_oa_gate_variable_tau_oa":86.0993456519,"data_set_value_component_transient_outward_K_current_oa_gate_variable_oa_inf":0.0354656951,"data_set_value_component_transient_outward_K_current_oi_gate_variable_oi":0.1878932839,"data_set_value_component_transient_outward_K_current_oi_gate_variable_alpha_oi":0.0229156953,"data_set_value_component_transient_outward_K_current_oi_gate_variable_beta_oi":0.0000313529,"data_set_value_component_transient_outward_K_current_oi_gate_variable_tau_oi":653.6788477222,"data_set_value_component_transient_outward_K_current_oi_gate_variable_oi_inf":0.9987224238,"data_set_value_component_ultra_rapid_K_current_variable_i_Kur":0.0014879624,"data_set_value_component_ultra_rapid_K_current_variable_g_Kur":0.6,"data_set_value_component_ultra_rapid_K_current_ua_gate_variable_ua":0.8336473629,"data_set_value_component_ultra_rapid_K_current_ua_gate_variable_alpha_ua":0.0002074634,"data_set_value_component_ultra_rapid_K_current_ua_gate_variable_beta_ua":0.1740098885,"data_set_value_component_ultra_rapid_K_current_ua_gate_variable_tau_ua":5.7399563768,"data_set_value_component_ultra_rapid_K_current_ua_gate_variable_ua_inf":0.0090263204,"data_set_value_component_ultra_rapid_K_current_ui_gate_variable_ui":0.1084175024,"data_set_value_component_ultra_rapid_K_current_ui_gate_variable_alpha_ui":0.0476188614,"data_set_value_component_ultra_rapid_K_current_ui_gate_variable_beta_ui":0.0000003829,"data_set_value_component_ultra_rapid_K_current_ui_gate_variable_tau_ui":104.9995661959,"data_set_value_component_ultra_rapid_K_current_ui_gate_variable_ui_inf":0.9984565624,"data_set_value_component_inward_rectifier_variable_i_K1":0.2375134403,"data_set_value_component_inward_rectifier_variable_g_K1":0.03,"data_set_value_component_background_currents_variable_i_b_Na":-0.8828138362,"data_set_value_component_background_currents_variable_g_b_Na":0.00607,"data_set_value_component_background_currents_variable_E_Na":67.0328382199,"data_set_value_component_sodium_potassium_pump_variable_i_NaK":0.5040129055,"data_set_value_component_sodium_potassium_pump_variable_k_NaK_K":1.0,"data_set_value_component_sodium_potassium_pump_variable_k_NaK_Na":11.0,"data_set_value_component_sodium_potassium_pump_variable_i_NaK_max":2.002,"data_set_value_component_sodium_potassium_pump_variable_V_rev":-150.0,"data_set_value_component_sodium_potassium_pump_variable_B":-200.0}]