[{"file": "simulation_1.sedml"}, {"file": "leloup_1999_cropped.png"}, {"file": "gerard_gonze_goldbeter_2009.xul"}, {"file": "gerard_gonze_goldbeter_2009c.cellml"}, {"file": "gerard_gonze_goldbeter_2009.png"}, {"file": "report.csv"}, {"file": "simulation_0.sedml"}, {"file": "gerard_gonze_goldbeter_2009.ai"}, {"file": "gerard_gonze_goldbeter_2009.svg"}, {"file": "simulation_2.sedml"}, {"file": "gerard_gonze_goldbeter_2009.cellml"}, {"file": "leloup_1999.ai"}, {"file": "goldbeter_1995.xul"}, {"file": "leloup_1999.svg"}, {"file": "goldbeter_1995.ai"}, {"file": "gerard_gonze_goldbeter_2009b.cellml"}, {"file": "goldbeter_1995.png"}, {"file": "goldbeter_1995.svg"}, {"file": "gerard_gonze_goldbeter_2009.html"}, {"file": "leloup_1999.png"}]