[{"data_generator_GSYN":0.0,"data_generator_T":0.0,"data_generator_VSOMA":-70.0},{"data_generator_GSYN":0.00024,"data_generator_T":20.0,"data_generator_VSOMA":-70.987724},{"data_generator_GSYN":0.00048,"data_generator_T":40.0,"data_generator_VSOMA":-70.019341},{"data_generator_GSYN":0.00072,"data_generator_T":60.0,"data_generator_VSOMA":-69.611244},{"data_generator_GSYN":0.00096,"data_generator_T":80.0,"data_generator_VSOMA":-69.414627},{"data_generator_GSYN":0.0012000001,"data_generator_T":100.0,"data_generator_VSOMA":-69.283829},{"data_generator_GSYN":0.00144,"data_generator_T":120.0,"data_generator_VSOMA":-69.177689},{"data_generator_GSYN":0.00168,"data_generator_T":140.0,"data_generator_VSOMA":-69.084358},{"data_generator_GSYN":0.00192,"data_generator_T":160.0,"data_generator_VSOMA":-68.999413},{"data_generator_GSYN":0.0021599999,"data_generator_T":180.0,"data_generator_VSOMA":-68.920502},{"data_generator_GSYN":0.0024000001,"data_generator_T":200.0,"data_generator_VSOMA":-68.846077},{"data_generator_GSYN":0.0026400001,"data_generator_T":220.0,"data_generator_VSOMA":-68.775032},{"data_generator_GSYN":0.00288,"data_generator_T":240.0,"data_generator_VSOMA":-68.70652},{"data_generator_GSYN":0.00312,"data_generator_T":260.0,"data_generator_VSOMA":-68.639923},{"data_generator_GSYN":0.00336,"data_generator_T":280.0,"data_generator_VSOMA":-68.574783},{"data_generator_GSYN":0.0035999999,"data_generator_T":300.0,"data_generator_VSOMA":-68.510735},{"data_generator_GSYN":0.0038399999,"data_generator_T":320.0,"data_generator_VSOMA":-68.447517},{"data_generator_GSYN":0.0040799999,"data_generator_T":340.0,"data_generator_VSOMA":-68.384918},{"data_generator_GSYN":0.0043199998,"data_generator_T":360.0,"data_generator_VSOMA":-68.3228},{"data_generator_GSYN":0.0045599998,"data_generator_T":380.0,"data_generator_VSOMA":-68.26104},{"data_generator_GSYN":0.0048000002,"data_generator_T":400.0,"data_generator_VSOMA":-68.199554},{"data_generator_GSYN":0.0050400002,"data_generator_T":420.0,"data_generator_VSOMA":-68.138268},{"data_generator_GSYN":0.0052800002,"data_generator_T":440.0,"data_generator_VSOMA":-68.077126},{"data_generator_GSYN":0.0055200001,"data_generator_T":460.0,"data_generator_VSOMA":-68.016106},{"data_generator_GSYN":0.0057600001,"data_generator_T":480.0,"data_generator_VSOMA":-67.955162},{"data_generator_GSYN":0.0060000001,"data_generator_T":500.0,"data_generator_VSOMA":-67.894279},{"data_generator_GSYN":0.00624,"data_generator_T":520.0,"data_generator_VSOMA":-67.833443},{"data_generator_GSYN":0.00648,"data_generator_T":540.0,"data_generator_VSOMA":-67.772621},{"data_generator_GSYN":0.0067199999,"data_generator_T":560.0,"data_generator_VSOMA":-67.711823},{"data_generator_GSYN":0.0069599999,"data_generator_T":580.0,"data_generator_VSOMA":-67.651024},{"data_generator_GSYN":0.0071999999,"data_generator_T":600.0,"data_generator_VSOMA":-67.590225},{"data_generator_GSYN":0.0074399998,"data_generator_T":620.0,"data_generator_VSOMA":-67.529419},{"data_generator_GSYN":0.0076799998,"data_generator_T":640.0,"data_generator_VSOMA":-67.468597},{"data_generator_GSYN":0.0079199998,"data_generator_T":660.0,"data_generator_VSOMA":-67.407761},{"data_generator_GSYN":0.0081599997,"data_generator_T":680.0,"data_generator_VSOMA":-67.346893},{"data_generator_GSYN":0.0083999997,"data_generator_T":700.0,"data_generator_VSOMA":-67.286003},{"data_generator_GSYN":0.0086399997,"data_generator_T":720.0,"data_generator_VSOMA":-67.225082},{"data_generator_GSYN":0.0088799996,"data_generator_T":740.0,"data_generator_VSOMA":-67.164131},{"data_generator_GSYN":0.0091199996,"data_generator_T":760.0,"data_generator_VSOMA":-67.103142},{"data_generator_GSYN":0.0093599996,"data_generator_T":780.0,"data_generator_VSOMA":-67.042114},{"data_generator_GSYN":0.0096000005,"data_generator_T":800.0,"data_generator_VSOMA":-66.981041},{"data_generator_GSYN":0.0098400004,"data_generator_T":820.0,"data_generator_VSOMA":-66.91993},{"data_generator_GSYN":0.01008,"data_generator_T":840.0,"data_generator_VSOMA":-66.858765},{"data_generator_GSYN":0.01032,"data_generator_T":860.0,"data_generator_VSOMA":-66.797546},{"data_generator_GSYN":0.01056,"data_generator_T":880.0,"data_generator_VSOMA":-66.736275},{"data_generator_GSYN":0.0108,"data_generator_T":900.0,"data_generator_VSOMA":-66.67495},{"data_generator_GSYN":0.01104,"data_generator_T":920.0,"data_generator_VSOMA":-66.613564},{"data_generator_GSYN":0.01128,"data_generator_T":940.0,"data_generator_VSOMA":-66.552116},{"data_generator_GSYN":0.01152,"data_generator_T":960.0,"data_generator_VSOMA":-66.490601},{"data_generator_GSYN":0.01176,"data_generator_T":980.0,"data_generator_VSOMA":-66.429016},{"data_generator_GSYN":0.012,"data_generator_T":1000.0,"data_generator_VSOMA":-66.367363},{"data_generator_GSYN":0.01224,"data_generator_T":1020.0,"data_generator_VSOMA":-66.305626},{"data_generator_GSYN":0.01248,"data_generator_T":1040.0,"data_generator_VSOMA":-66.243813},{"data_generator_GSYN":0.01272,"data_generator_T":1060.0,"data_generator_VSOMA":-66.181923},{"data_generator_GSYN":0.01296,"data_generator_T":1080.0,"data_generator_VSOMA":-66.119942},{"data_generator_GSYN":0.0132,"data_generator_T":1100.0,"data_generator_VSOMA":-66.057869},{"data_generator_GSYN":0.01344,"data_generator_T":1120.0,"data_generator_VSOMA":-65.995705},{"data_generator_GSYN":0.01368,"data_generator_T":1140.0,"data_generator_VSOMA":-65.933441},{"data_generator_GSYN":0.01392,"data_generator_T":1160.0,"data_generator_VSOMA":-65.871078},{"data_generator_GSYN":0.01416,"data_generator_T":1180.0,"data_generator_VSOMA":-65.808617},{"data_generator_GSYN":0.0144,"data_generator_T":1200.0,"data_generator_VSOMA":-65.746033},{"data_generator_GSYN":0.01464,"data_generator_T":1220.0,"data_generator_VSOMA":-65.683342},{"data_generator_GSYN":0.01488,"data_generator_T":1240.0,"data_generator_VSOMA":-65.620537},{"data_generator_GSYN":0.01512,"data_generator_T":1260.0,"data_generator_VSOMA":-65.557602},{"data_generator_GSYN":0.01536,"data_generator_T":1280.0,"data_generator_VSOMA":-65.494545},{"data_generator_GSYN":0.0156,"data_generator_T":1300.0,"data_generator_VSOMA":-65.431351},{"data_generator_GSYN":0.01584,"data_generator_T":1320.0,"data_generator_VSOMA":-65.368019},{"data_generator_GSYN":0.01608,"data_generator_T":1340.0,"data_generator_VSOMA":-65.30455},{"data_generator_GSYN":0.016319999,"data_generator_T":1360.0,"data_generator_VSOMA":-65.240929},{"data_generator_GSYN":0.016559999,"data_generator_T":1380.0,"data_generator_VSOMA":-65.177155},{"data_generator_GSYN":0.016799999,"data_generator_T":1400.0,"data_generator_VSOMA":-65.113228},{"data_generator_GSYN":0.017039999,"data_generator_T":1420.0,"data_generator_VSOMA":-65.049133},{"data_generator_GSYN":0.017279999,"data_generator_T":1440.0,"data_generator_VSOMA":-64.984871},{"data_generator_GSYN":0.017519999,"data_generator_T":1460.0,"data_generator_VSOMA":-64.920425},{"data_generator_GSYN":0.017759999,"data_generator_T":1480.0,"data_generator_VSOMA":-64.855804},{"data_generator_GSYN":0.017999999,"data_generator_T":1500.0,"data_generator_VSOMA":-64.790993},{"data_generator_GSYN":0.018239999,"data_generator_T":1520.0,"data_generator_VSOMA":-64.725983},{"data_generator_GSYN":0.018479999,"data_generator_T":1540.0,"data_generator_VSOMA":-64.660767},{"data_generator_GSYN":0.018719999,"data_generator_T":1560.0,"data_generator_VSOMA":-64.595345},{"data_generator_GSYN":0.018959999,"data_generator_T":1580.0,"data_generator_VSOMA":-64.529709},{"data_generator_GSYN":0.019200001,"data_generator_T":1600.0,"data_generator_VSOMA":-64.463844},{"data_generator_GSYN":0.019440001,"data_generator_T":1620.0,"data_generator_VSOMA":-64.397743},{"data_generator_GSYN":0.019680001,"data_generator_T":1640.0,"data_generator_VSOMA":-64.331398},{"data_generator_GSYN":0.019920001,"data_generator_T":1660.0,"data_generator_VSOMA":-64.264809},{"data_generator_GSYN":0.020160001,"data_generator_T":1680.0,"data_generator_VSOMA":-64.197952},{"data_generator_GSYN":0.020400001,"data_generator_T":1700.0,"data_generator_VSOMA":-64.130829},{"data_generator_GSYN":0.020640001,"data_generator_T":1720.0,"data_generator_VSOMA":-64.063431},{"data_generator_GSYN":0.020880001,"data_generator_T":1740.0,"data_generator_VSOMA":-63.995739},{"data_generator_GSYN":0.021120001,"data_generator_T":1760.0,"data_generator_VSOMA":-63.92775},{"data_generator_GSYN":0.021360001,"data_generator_T":1780.0,"data_generator_VSOMA":-63.859451},{"data_generator_GSYN":0.021600001,"data_generator_T":1800.0,"data_generator_VSOMA":-63.790829},{"data_generator_GSYN":0.021840001,"data_generator_T":1820.0,"data_generator_VSOMA":-63.72187},{"data_generator_GSYN":0.02208,"data_generator_T":1840.0,"data_generator_VSOMA":-63.652561},{"data_generator_GSYN":0.02232,"data_generator_T":1860.0,"data_generator_VSOMA":-63.582893},{"data_generator_GSYN":0.02256,"data_generator_T":1880.0,"data_generator_VSOMA":-63.512852},{"data_generator_GSYN":0.0228,"data_generator_T":1900.0,"data_generator_VSOMA":-63.442421},{"data_generator_GSYN":0.02304,"data_generator_T":1920.0,"data_generator_VSOMA":-63.371582},{"data_generator_GSYN":0.02328,"data_generator_T":1940.0,"data_generator_VSOMA":-63.300327},{"data_generator_GSYN":0.02352,"data_generator_T":1960.0,"data_generator_VSOMA":-63.228634},{"data_generator_GSYN":0.02376,"data_generator_T":1980.0,"data_generator_VSOMA":-63.156483},{"data_generator_GSYN":0.024,"data_generator_T":2000.0,"data_generator_VSOMA":-63.083862},{"data_generator_GSYN":0.02424,"data_generator_T":2020.0,"data_generator_VSOMA":-63.01075},{"data_generator_GSYN":0.02448,"data_generator_T":2040.0,"data_generator_VSOMA":-62.937119},{"data_generator_GSYN":0.02472,"data_generator_T":2060.0,"data_generator_VSOMA":-62.862953},{"data_generator_GSYN":0.02496,"data_generator_T":2080.0,"data_generator_VSOMA":-62.788231},{"data_generator_GSYN":0.0252,"data_generator_T":2100.0,"data_generator_VSOMA":-62.712929},{"data_generator_GSYN":0.02544,"data_generator_T":2120.0,"data_generator_VSOMA":-62.637016},{"data_generator_GSYN":0.02568,"data_generator_T":2140.0,"data_generator_VSOMA":-62.560474},{"data_generator_GSYN":0.02592,"data_generator_T":2160.0,"data_generator_VSOMA":-62.483269},{"data_generator_GSYN":0.02616,"data_generator_T":2180.0,"data_generator_VSOMA":-62.405373},{"data_generator_GSYN":0.0264,"data_generator_T":2200.0,"data_generator_VSOMA":-62.326752},{"data_generator_GSYN":0.02664,"data_generator_T":2220.0,"data_generator_VSOMA":-62.247372},{"data_generator_GSYN":0.02688,"data_generator_T":2240.0,"data_generator_VSOMA":-62.167194},{"data_generator_GSYN":0.02712,"data_generator_T":2260.0,"data_generator_VSOMA":-62.086182},{"data_generator_GSYN":0.02736,"data_generator_T":2280.0,"data_generator_VSOMA":-62.004292},{"data_generator_GSYN":0.0276,"data_generator_T":2300.0,"data_generator_VSOMA":-61.921482},{"data_generator_GSYN":0.02784,"data_generator_T":2320.0,"data_generator_VSOMA":-61.8377},{"data_generator_GSYN":0.02808,"data_generator_T":2340.0,"data_generator_VSOMA":-61.752895},{"data_generator_GSYN":0.02832,"data_generator_T":2360.0,"data_generator_VSOMA":-61.667015},{"data_generator_GSYN":0.02856,"data_generator_T":2380.0,"data_generator_VSOMA":-61.579998},{"data_generator_GSYN":0.0288,"data_generator_T":2400.0,"data_generator_VSOMA":-61.491776},{"data_generator_GSYN":0.029039999,"data_generator_T":2420.0,"data_generator_VSOMA":-61.402279},{"data_generator_GSYN":0.029279999,"data_generator_T":2440.0,"data_generator_VSOMA":-61.311436},{"data_generator_GSYN":0.029519999,"data_generator_T":2460.0,"data_generator_VSOMA":-61.219158},{"data_generator_GSYN":0.029759999,"data_generator_T":2480.0,"data_generator_VSOMA":-61.125355},{"data_generator_GSYN":0.029999999,"data_generator_T":2500.0,"data_generator_VSOMA":-61.029926},{"data_generator_GSYN":0.030239999,"data_generator_T":2520.0,"data_generator_VSOMA":-60.93277},{"data_generator_GSYN":0.030479999,"data_generator_T":2540.0,"data_generator_VSOMA":-60.833755},{"data_generator_GSYN":0.030719999,"data_generator_T":2560.0,"data_generator_VSOMA":-60.732758},{"data_generator_GSYN":0.030959999,"data_generator_T":2580.0,"data_generator_VSOMA":-60.629623},{"data_generator_GSYN":0.031199999,"data_generator_T":2600.0,"data_generator_VSOMA":-60.524197},{"data_generator_GSYN":0.031440001,"data_generator_T":2620.0,"data_generator_VSOMA":-60.41629},{"data_generator_GSYN":0.031679999,"data_generator_T":2640.0,"data_generator_VSOMA":-60.305698},{"data_generator_GSYN":0.031920001,"data_generator_T":2660.0,"data_generator_VSOMA":-60.192192},{"data_generator_GSYN":0.032159999,"data_generator_T":2680.0,"data_generator_VSOMA":-60.075512},{"data_generator_GSYN":0.032400001,"data_generator_T":2700.0,"data_generator_VSOMA":-59.95536},{"data_generator_GSYN":0.032639999,"data_generator_T":2720.0,"data_generator_VSOMA":-59.831402},{"data_generator_GSYN":0.032880001,"data_generator_T":2740.0,"data_generator_VSOMA":-59.703243},{"data_generator_GSYN":0.033119999,"data_generator_T":2760.0,"data_generator_VSOMA":-59.570438},{"data_generator_GSYN":0.033360001,"data_generator_T":2780.0,"data_generator_VSOMA":-59.432453},{"data_generator_GSYN":0.033599999,"data_generator_T":2800.0,"data_generator_VSOMA":-59.288677},{"data_generator_GSYN":0.033840001,"data_generator_T":2820.0,"data_generator_VSOMA":-59.138374},{"data_generator_GSYN":0.034079999,"data_generator_T":2840.0,"data_generator_VSOMA":-58.980663},{"data_generator_GSYN":0.034320001,"data_generator_T":2860.0,"data_generator_VSOMA":-58.814533},{"data_generator_GSYN":0.034559999,"data_generator_T":2880.0,"data_generator_VSOMA":-58.638622},{"data_generator_GSYN":0.0348,"data_generator_T":2900.0,"data_generator_VSOMA":-58.451298},{"data_generator_GSYN":0.035039999,"data_generator_T":2920.0,"data_generator_VSOMA":-58.250484},{"data_generator_GSYN":0.03528,"data_generator_T":2940.0,"data_generator_VSOMA":-58.033512},{"data_generator_GSYN":0.035519999,"data_generator_T":2960.0,"data_generator_VSOMA":-57.796825},{"data_generator_GSYN":0.03576,"data_generator_T":2980.0,"data_generator_VSOMA":-57.535583},{"data_generator_GSYN":0.035999998,"data_generator_T":3000.0,"data_generator_VSOMA":-57.242928},{"data_generator_GSYN":0.03624,"data_generator_T":3020.0,"data_generator_VSOMA":-56.908665},{"data_generator_GSYN":0.036479998,"data_generator_T":3040.0,"data_generator_VSOMA":-56.51667},{"data_generator_GSYN":0.03672,"data_generator_T":3060.0,"data_generator_VSOMA":-56.038944},{"data_generator_GSYN":0.036959998,"data_generator_T":3080.0,"data_generator_VSOMA":-55.41938},{"data_generator_GSYN":0.0372,"data_generator_T":3100.0,"data_generator_VSOMA":-54.511772},{"data_generator_GSYN":0.037439998,"data_generator_T":3120.0,"data_generator_VSOMA":-52.546928},{"data_generator_GSYN":0.03768,"data_generator_T":3140.0,"data_generator_VSOMA":-61.556534},{"data_generator_GSYN":0.037919998,"data_generator_T":3160.0,"data_generator_VSOMA":-60.615681},{"data_generator_GSYN":0.03816,"data_generator_T":3180.0,"data_generator_VSOMA":-56.818119},{"data_generator_GSYN":0.038400002,"data_generator_T":3200.0,"data_generator_VSOMA":-52.812782},{"data_generator_GSYN":0.03864,"data_generator_T":3220.0,"data_generator_VSOMA":-61.762215},{"data_generator_GSYN":0.038880002,"data_generator_T":3240.0,"data_generator_VSOMA":-59.744225},{"data_generator_GSYN":0.03912,"data_generator_T":3260.0,"data_generator_VSOMA":-55.648441},{"data_generator_GSYN":0.039361,"data_generator_T":3280.0833,"data_generator_VSOMA":-55.585384},{"data_generator_GSYN":0.0396,"data_generator_T":3300.0,"data_generator_VSOMA":-61.247604},{"data_generator_GSYN":0.039840002,"data_generator_T":3320.0,"data_generator_VSOMA":-57.337963},{"data_generator_GSYN":0.04008,"data_generator_T":3340.0,"data_generator_VSOMA":-51.802982},{"data_generator_GSYN":0.040320002,"data_generator_T":3360.0,"data_generator_VSOMA":-61.515007},{"data_generator_GSYN":0.04056,"data_generator_T":3380.0,"data_generator_VSOMA":-58.379204},{"data_generator_GSYN":0.040800001,"data_generator_T":3400.0,"data_generator_VSOMA":-53.350384},{"data_generator_GSYN":0.04104,"data_generator_T":3420.0,"data_generator_VSOMA":-61.10918},{"data_generator_GSYN":0.041280001,"data_generator_T":3440.0,"data_generator_VSOMA":-58.802101},{"data_generator_GSYN":0.04152,"data_generator_T":3460.0,"data_generator_VSOMA":-53.629185},{"data_generator_GSYN":0.041760001,"data_generator_T":3480.0,"data_generator_VSOMA":-60.898849},{"data_generator_GSYN":0.041999999,"data_generator_T":3500.0,"data_generator_VSOMA":-58.425652},{"data_generator_GSYN":0.042240001,"data_generator_T":3520.0,"data_generator_VSOMA":-52.523884},{"data_generator_GSYN":0.042479999,"data_generator_T":3540.0,"data_generator_VSOMA":-60.783737},{"data_generator_GSYN":0.042720001,"data_generator_T":3560.0,"data_generator_VSOMA":-57.326706},{"data_generator_GSYN":0.042959999,"data_generator_T":3580.0,"data_generator_VSOMA":-5.8873911},{"data_generator_GSYN":0.043200001,"data_generator_T":3600.0,"data_generator_VSOMA":-60.180256},{"data_generator_GSYN":0.043439999,"data_generator_T":3620.0,"data_generator_VSOMA":-55.555252},{"data_generator_GSYN":0.043680001,"data_generator_T":3640.0,"data_generator_VSOMA":-58.83989},{"data_generator_GSYN":0.043919999,"data_generator_T":3660.0,"data_generator_VSOMA":-58.514267},{"data_generator_GSYN":0.044160001,"data_generator_T":3680.0,"data_generator_VSOMA":-51.394218},{"data_generator_GSYN":0.044399999,"data_generator_T":3700.0,"data_generator_VSOMA":-60.028309},{"data_generator_GSYN":0.044640001,"data_generator_T":3720.0,"data_generator_VSOMA":-55.74464},{"data_generator_GSYN":0.044879999,"data_generator_T":3740.0,"data_generator_VSOMA":-58.507698},{"data_generator_GSYN":0.045120001,"data_generator_T":3760.0,"data_generator_VSOMA":-57.871372},{"data_generator_GSYN":0.045359999,"data_generator_T":3780.0,"data_generator_VSOMA":5.2429996},{"data_generator_GSYN":0.045600001,"data_generator_T":3800.0,"data_generator_VSOMA":-59.009136},{"data_generator_GSYN":0.045839999,"data_generator_T":3820.0,"data_generator_VSOMA":-53.006931},{"data_generator_GSYN":0.046080001,"data_generator_T":3840.0,"data_generator_VSOMA":-59.254768},{"data_generator_GSYN":0.046319999,"data_generator_T":3860.0,"data_generator_VSOMA":-54.867352},{"data_generator_GSYN":0.046560001,"data_generator_T":3880.0,"data_generator_VSOMA":-58.72678},{"data_generator_GSYN":0.046799999,"data_generator_T":3900.0,"data_generator_VSOMA":-55.698986},{"data_generator_GSYN":0.047040001,"data_generator_T":3920.0,"data_generator_VSOMA":-58.000732},{"data_generator_GSYN":0.047279999,"data_generator_T":3940.0,"data_generator_VSOMA":-55.975861},{"data_generator_GSYN":0.04752,"data_generator_T":3960.0,"data_generator_VSOMA":-57.650776},{"data_generator_GSYN":0.047759999,"data_generator_T":3980.0,"data_generator_VSOMA":-55.81274},{"data_generator_GSYN":0.048,"data_generator_T":4000.0,"data_generator_VSOMA":-57.440987},{"data_generator_GSYN":0.048239999,"data_generator_T":4020.0,"data_generator_VSOMA":-55.050884},{"data_generator_GSYN":0.04848,"data_generator_T":4040.0,"data_generator_VSOMA":-57.730862},{"data_generator_GSYN":0.048719998,"data_generator_T":4060.0,"data_generator_VSOMA":-53.605152},{"data_generator_GSYN":0.04896,"data_generator_T":4080.0,"data_generator_VSOMA":-57.591755},{"data_generator_GSYN":0.049199998,"data_generator_T":4100.0,"data_generator_VSOMA":-50.455128},{"data_generator_GSYN":0.04944,"data_generator_T":4120.0,"data_generator_VSOMA":-56.800388},{"data_generator_GSYN":0.049679998,"data_generator_T":4140.0,"data_generator_VSOMA":-55.371899},{"data_generator_GSYN":0.04992,"data_generator_T":4160.0,"data_generator_VSOMA":-55.060287},{"data_generator_GSYN":0.050159998,"data_generator_T":4180.0,"data_generator_VSOMA":-56.682758},{"data_generator_GSYN":0.0504,"data_generator_T":4200.0,"data_generator_VSOMA":-51.194794},{"data_generator_GSYN":0.050639998,"data_generator_T":4220.0,"data_generator_VSOMA":-56.110405},{"data_generator_GSYN":0.05088,"data_generator_T":4240.0,"data_generator_VSOMA":-55.688892},{"data_generator_GSYN":0.051120002,"data_generator_T":4260.0,"data_generator_VSOMA":-53.048214},{"data_generator_GSYN":0.05136,"data_generator_T":4280.0,"data_generator_VSOMA":-55.967339},{"data_generator_GSYN":0.051600002,"data_generator_T":4300.0,"data_generator_VSOMA":-55.295677},{"data_generator_GSYN":0.05184,"data_generator_T":4320.0,"data_generator_VSOMA":-52.950878},{"data_generator_GSYN":0.052080002,"data_generator_T":4340.0,"data_generator_VSOMA":-55.53595},{"data_generator_GSYN":0.05232,"data_generator_T":4360.0,"data_generator_VSOMA":-55.362518},{"data_generator_GSYN":0.052560002,"data_generator_T":4380.0,"data_generator_VSOMA":-51.426041},{"data_generator_GSYN":0.0528,"data_generator_T":4400.0,"data_generator_VSOMA":-54.992554},{"data_generator_GSYN":0.053040002,"data_generator_T":4420.0,"data_generator_VSOMA":-55.456848},{"data_generator_GSYN":0.05328,"data_generator_T":4440.0,"data_generator_VSOMA":-44.120033},{"data_generator_GSYN":0.053520001,"data_generator_T":4460.0,"data_generator_VSOMA":-53.728275},{"data_generator_GSYN":0.05376,"data_generator_T":4480.0,"data_generator_VSOMA":-55.271835},{"data_generator_GSYN":0.054000001,"data_generator_T":4500.0,"data_generator_VSOMA":-55.134666},{"data_generator_GSYN":0.05424,"data_generator_T":4520.0,"data_generator_VSOMA":-50.539013},{"data_generator_GSYN":0.054480001,"data_generator_T":4540.0,"data_generator_VSOMA":-53.967823},{"data_generator_GSYN":0.054719999,"data_generator_T":4560.0,"data_generator_VSOMA":-54.976482},{"data_generator_GSYN":0.054961085,"data_generator_T":4580.0903,"data_generator_VSOMA":-54.603718},{"data_generator_GSYN":0.055199999,"data_generator_T":4600.0,"data_generator_VSOMA":-50.637211},{"data_generator_GSYN":0.055440001,"data_generator_T":4620.0,"data_generator_VSOMA":-53.781525},{"data_generator_GSYN":0.055679999,"data_generator_T":4640.0,"data_generator_VSOMA":-54.721218},{"data_generator_GSYN":0.055920001,"data_generator_T":4660.0,"data_generator_VSOMA":-54.883915},{"data_generator_GSYN":0.056159999,"data_generator_T":4680.0,"data_generator_VSOMA":-49.004498},{"data_generator_GSYN":0.056400001,"data_generator_T":4700.0,"data_generator_VSOMA":-53.121616},{"data_generator_GSYN":0.056639999,"data_generator_T":4720.0,"data_generator_VSOMA":-54.494774},{"data_generator_GSYN":0.056880001,"data_generator_T":4740.0,"data_generator_VSOMA":-54.774944},{"data_generator_GSYN":0.0571201,"data_generator_T":4760.0083,"data_generator_VSOMA":-17.218843},{"data_generator_GSYN":0.057360001,"data_generator_T":4780.0,"data_generator_VSOMA":-51.956047},{"data_generator_GSYN":0.057599999,"data_generator_T":4800.0,"data_generator_VSOMA":-53.924355},{"data_generator_GSYN":0.057840001,"data_generator_T":4820.0,"data_generator_VSOMA":-54.718285},{"data_generator_GSYN":0.058082424,"data_generator_T":4840.2021,"data_generator_VSOMA":-54.561787},{"data_generator_GSYN":0.058320001,"data_generator_T":4860.0,"data_generator_VSOMA":-49.369843},{"data_generator_GSYN":0.058559999,"data_generator_T":4880.0,"data_generator_VSOMA":-52.902508},{"data_generator_GSYN":0.058800001,"data_generator_T":4900.0,"data_generator_VSOMA":-54.247509},{"data_generator_GSYN":0.059039999,"data_generator_T":4920.0,"data_generator_VSOMA":-54.566406},{"data_generator_GSYN":0.059280582,"data_generator_T":4940.0483,"data_generator_VSOMA":-39.274937},{"data_generator_GSYN":0.059519999,"data_generator_T":4960.0,"data_generator_VSOMA":-50.636299},{"data_generator_GSYN":0.059760001,"data_generator_T":4980.0,"data_generator_VSOMA":-53.227631},{"data_generator_GSYN":0.059999999,"data_generator_T":5000.0,"data_generator_VSOMA":-54.423847},{"data_generator_GSYN":0.06024,"data_generator_T":5020.0,"data_generator_VSOMA":-54.624928},{"data_generator_GSYN":0.060479999,"data_generator_T":5040.0,"data_generator_VSOMA":3.9685788},{"data_generator_GSYN":0.06072,"data_generator_T":5060.0,"data_generator_VSOMA":-51.064114},{"data_generator_GSYN":0.060959999,"data_generator_T":5080.0,"data_generator_VSOMA":-53.280437},{"data_generator_GSYN":0.0612,"data_generator_T":5100.0,"data_generator_VSOMA":-54.198975},{"data_generator_GSYN":0.061439998,"data_generator_T":5120.0,"data_generator_VSOMA":-54.61681},{"data_generator_GSYN":0.06168,"data_generator_T":5140.0,"data_generator_VSOMA":-11.49918},{"data_generator_GSYN":0.061919998,"data_generator_T":5160.0,"data_generator_VSOMA":-50.869404},{"data_generator_GSYN":0.06216,"data_generator_T":5180.0,"data_generator_VSOMA":-53.074383},{"data_generator_GSYN":0.062399998,"data_generator_T":5200.0,"data_generator_VSOMA":-54.14045},{"data_generator_GSYN":0.062639996,"data_generator_T":5220.0,"data_generator_VSOMA":-54.499889},{"data_generator_GSYN":0.062880002,"data_generator_T":5240.0,"data_generator_VSOMA":-42.736168},{"data_generator_GSYN":0.06312,"data_generator_T":5260.0,"data_generator_VSOMA":-49.950867},{"data_generator_GSYN":0.063359998,"data_generator_T":5280.0,"data_generator_VSOMA":-52.671646},{"data_generator_GSYN":0.063600004,"data_generator_T":5300.0,"data_generator_VSOMA":-54.025108},{"data_generator_GSYN":0.063840002,"data_generator_T":5320.0,"data_generator_VSOMA":-54.347057},{"data_generator_GSYN":0.06408,"data_generator_T":5340.0,"data_generator_VSOMA":-54.328621},{"data_generator_GSYN":0.064319998,"data_generator_T":5360.0,"data_generator_VSOMA":-47.601894},{"data_generator_GSYN":0.064560004,"data_generator_T":5380.0,"data_generator_VSOMA":-51.941666},{"data_generator_GSYN":0.064800002,"data_generator_T":5400.0,"data_generator_VSOMA":-53.495556},{"data_generator_GSYN":0.06504,"data_generator_T":5420.0,"data_generator_VSOMA":-54.152428},{"data_generator_GSYN":0.065279998,"data_generator_T":5440.0,"data_generator_VSOMA":-54.593983},{"data_generator_GSYN":0.065520003,"data_generator_T":5460.0,"data_generator_VSOMA":-8.499939},{"data_generator_GSYN":0.065760002,"data_generator_T":5480.0,"data_generator_VSOMA":-50.425095},{"data_generator_GSYN":0.066,"data_generator_T":5500.0,"data_generator_VSOMA":-52.666836},{"data_generator_GSYN":0.066239998,"data_generator_T":5520.0,"data_generator_VSOMA":-53.77953},{"data_generator_GSYN":0.066480003,"data_generator_T":5540.0,"data_generator_VSOMA":-54.244114},{"data_generator_GSYN":0.066720001,"data_generator_T":5560.0,"data_generator_VSOMA":-54.673996},{"data_generator_GSYN":0.06696,"data_generator_T":5580.0,"data_generator_VSOMA":-43.361206},{"data_generator_GSYN":0.067199998,"data_generator_T":5600.0,"data_generator_VSOMA":-51.43462},{"data_generator_GSYN":0.067440003,"data_generator_T":5620.0,"data_generator_VSOMA":-53.200642},{"data_generator_GSYN":0.067680001,"data_generator_T":5640.0,"data_generator_VSOMA":-53.926163},{"data_generator_GSYN":0.067919999,"data_generator_T":5660.0,"data_generator_VSOMA":-54.344501},{"data_generator_GSYN":0.068159997,"data_generator_T":5680.0,"data_generator_VSOMA":-52.72979},{"data_generator_GSYN":0.068400003,"data_generator_T":5700.0,"data_generator_VSOMA":-47.62698},{"data_generator_GSYN":0.068640001,"data_generator_T":5720.0,"data_generator_VSOMA":-51.642387},{"data_generator_GSYN":0.068879999,"data_generator_T":5740.0,"data_generator_VSOMA":-53.164722},{"data_generator_GSYN":0.069119997,"data_generator_T":5760.0,"data_generator_VSOMA":-53.938553},{"data_generator_GSYN":0.069360003,"data_generator_T":5780.0,"data_generator_VSOMA":-54.348854},{"data_generator_GSYN":0.069600001,"data_generator_T":5800.0,"data_generator_VSOMA":-51.611149},{"data_generator_GSYN":0.069839999,"data_generator_T":5820.0,"data_generator_VSOMA":-47.521576},{"data_generator_GSYN":0.070079997,"data_generator_T":5840.0,"data_generator_VSOMA":-51.515068},{"data_generator_GSYN":0.070320003,"data_generator_T":5860.0,"data_generator_VSOMA":-53.02903},{"data_generator_GSYN":0.070560001,"data_generator_T":5880.0,"data_generator_VSOMA":-53.757832},{"data_generator_GSYN":0.070799999,"data_generator_T":5900.0,"data_generator_VSOMA":-54.174938},{"data_generator_GSYN":0.071041308,"data_generator_T":5920.1094,"data_generator_VSOMA":-54.519676},{"data_generator_GSYN":0.071280003,"data_generator_T":5940.0,"data_generator_VSOMA":-42.395958},{"data_generator_GSYN":0.071520001,"data_generator_T":5960.0,"data_generator_VSOMA":-51.020535},{"data_generator_GSYN":0.071759999,"data_generator_T":5980.0,"data_generator_VSOMA":-52.632217},{"data_generator_GSYN":0.071999997,"data_generator_T":6000.0,"data_generator_VSOMA":-53.515388},{"data_generator_GSYN":0.072240002,"data_generator_T":6020.0,"data_generator_VSOMA":-54.220249},{"data_generator_GSYN":0.072480001,"data_generator_T":6040.0,"data_generator_VSOMA":-54.651493},{"data_generator_GSYN":0.072719999,"data_generator_T":6060.0,"data_generator_VSOMA":-8.9853983},{"data_generator_GSYN":0.072959997,"data_generator_T":6080.0,"data_generator_VSOMA":-49.460579},{"data_generator_GSYN":0.073200002,"data_generator_T":6100.0,"data_generator_VSOMA":-51.919361},{"data_generator_GSYN":0.07344,"data_generator_T":6120.0,"data_generator_VSOMA":-53.097748},{"data_generator_GSYN":0.073679999,"data_generator_T":6140.0,"data_generator_VSOMA":-53.711262},{"data_generator_GSYN":0.073919997,"data_generator_T":6160.0,"data_generator_VSOMA":-54.165989},{"data_generator_GSYN":0.074161805,"data_generator_T":6180.1509,"data_generator_VSOMA":-54.623569},{"data_generator_GSYN":0.074400201,"data_generator_T":6200.0166,"data_generator_VSOMA":-38.698242},{"data_generator_GSYN":0.074639998,"data_generator_T":6220.0,"data_generator_VSOMA":-50.316532},{"data_generator_GSYN":0.074879996,"data_generator_T":6240.0,"data_generator_VSOMA":-52.179756},{"data_generator_GSYN":0.075120002,"data_generator_T":6260.0,"data_generator_VSOMA":-53.242931},{"data_generator_GSYN":0.07536,"data_generator_T":6280.0,"data_generator_VSOMA":-53.962055},{"data_generator_GSYN":0.075599998,"data_generator_T":6300.0,"data_generator_VSOMA":-54.26049},{"data_generator_GSYN":0.075839996,"data_generator_T":6320.0,"data_generator_VSOMA":-53.540657},{"data_generator_GSYN":0.076080002,"data_generator_T":6340.0,"data_generator_VSOMA":-42.784748},{"data_generator_GSYN":0.07632,"data_generator_T":6360.0,"data_generator_VSOMA":-50.533329},{"data_generator_GSYN":0.076559998,"data_generator_T":6380.0,"data_generator_VSOMA":-52.214615},{"data_generator_GSYN":0.076800004,"data_generator_T":6400.0,"data_generator_VSOMA":-53.177494},{"data_generator_GSYN":0.077040002,"data_generator_T":6420.0,"data_generator_VSOMA":-53.714996},{"data_generator_GSYN":0.07728,"data_generator_T":6440.0,"data_generator_VSOMA":-54.157829},{"data_generator_GSYN":0.077519998,"data_generator_T":6460.0,"data_generator_VSOMA":-54.16713},{"data_generator_GSYN":0.077760004,"data_generator_T":6480.0,"data_generator_VSOMA":-30.685619},{"data_generator_GSYN":0.078000002,"data_generator_T":6500.0,"data_generator_VSOMA":-49.693024},{"data_generator_GSYN":0.07824,"data_generator_T":6520.0,"data_generator_VSOMA":-51.96349},{"data_generator_GSYN":0.078479998,"data_generator_T":6540.0,"data_generator_VSOMA":-52.931446},{"data_generator_GSYN":0.078720003,"data_generator_T":6560.0,"data_generator_VSOMA":-53.535618},{"data_generator_GSYN":0.078960001,"data_generator_T":6580.0,"data_generator_VSOMA":-53.912716},{"data_generator_GSYN":0.0792,"data_generator_T":6600.0,"data_generator_VSOMA":-54.586613},{"data_generator_GSYN":0.07944081,"data_generator_T":6620.0679,"data_generator_VSOMA":-34.394138},{"data_generator_GSYN":0.079680003,"data_generator_T":6640.0,"data_generator_VSOMA":-47.626129},{"data_generator_GSYN":0.079920001,"data_generator_T":6660.0,"data_generator_VSOMA":-50.69978},{"data_generator_GSYN":0.080159999,"data_generator_T":6680.0,"data_generator_VSOMA":-52.138294},{"data_generator_GSYN":0.080399998,"data_generator_T":6700.0,"data_generator_VSOMA":-53.202896},{"data_generator_GSYN":0.080640003,"data_generator_T":6720.0,"data_generator_VSOMA":-53.562744},{"data_generator_GSYN":0.080880001,"data_generator_T":6740.0,"data_generator_VSOMA":-54.031872},{"data_generator_GSYN":0.081119999,"data_generator_T":6760.0,"data_generator_VSOMA":-54.638039},{"data_generator_GSYN":0.081359997,"data_generator_T":6780.0,"data_generator_VSOMA":2.0588858},{"data_generator_GSYN":0.081600003,"data_generator_T":6800.0,"data_generator_VSOMA":-48.289833},{"data_generator_GSYN":0.081840001,"data_generator_T":6820.0,"data_generator_VSOMA":-50.895729},{"data_generator_GSYN":0.082079999,"data_generator_T":6840.0,"data_generator_VSOMA":-52.405956},{"data_generator_GSYN":0.082319997,"data_generator_T":6860.0,"data_generator_VSOMA":-53.084862},{"data_generator_GSYN":0.082560003,"data_generator_T":6880.0,"data_generator_VSOMA":-53.584538},{"data_generator_GSYN":0.082800001,"data_generator_T":6900.0,"data_generator_VSOMA":-54.125095},{"data_generator_GSYN":0.083039999,"data_generator_T":6920.0,"data_generator_VSOMA":-54.633915},{"data_generator_GSYN":0.083280899,"data_generator_T":6940.0747,"data_generator_VSOMA":-18.267927},{"data_generator_GSYN":0.083520003,"data_generator_T":6960.0,"data_generator_VSOMA":-47.605518},{"data_generator_GSYN":0.083760001,"data_generator_T":6980.0,"data_generator_VSOMA":-50.620907},{"data_generator_GSYN":0.083999999,"data_generator_T":7000.0,"data_generator_VSOMA":-52.014912},{"data_generator_GSYN":0.084239997,"data_generator_T":7020.0,"data_generator_VSOMA":-52.965103},{"data_generator_GSYN":0.084480003,"data_generator_T":7040.0,"data_generator_VSOMA":-53.358669},{"data_generator_GSYN":0.084720001,"data_generator_T":7060.0,"data_generator_VSOMA":-53.803257},{"data_generator_GSYN":0.084959999,"data_generator_T":7080.0,"data_generator_VSOMA":-54.257904},{"data_generator_GSYN":0.085199997,"data_generator_T":7100.0,"data_generator_VSOMA":-53.069569},{"data_generator_GSYN":0.085440278,"data_generator_T":7120.0229,"data_generator_VSOMA":-14.679239},{"data_generator_GSYN":0.08568,"data_generator_T":7140.0,"data_generator_VSOMA":-48.914028},{"data_generator_GSYN":0.085919999,"data_generator_T":7160.0,"data_generator_VSOMA":-51.24118},{"data_generator_GSYN":0.086159997,"data_generator_T":7180.0,"data_generator_VSOMA":-52.374519},{"data_generator_GSYN":0.086400002,"data_generator_T":7200.0,"data_generator_VSOMA":-52.940411},{"data_generator_GSYN":0.08664,"data_generator_T":7220.0,"data_generator_VSOMA":-53.607067},{"data_generator_GSYN":0.086879998,"data_generator_T":7240.0,"data_generator_VSOMA":-53.848885},{"data_generator_GSYN":0.087119997,"data_generator_T":7260.0,"data_generator_VSOMA":-54.524223},{"data_generator_GSYN":0.08736074,"data_generator_T":7280.0615,"data_generator_VSOMA":-49.504551},{"data_generator_GSYN":0.0876,"data_generator_T":7300.0,"data_generator_VSOMA":-37.125759},{"data_generator_GSYN":0.087839998,"data_generator_T":7320.0,"data_generator_VSOMA":-49.288681},{"data_generator_GSYN":0.088079996,"data_generator_T":7340.0,"data_generator_VSOMA":-51.205807},{"data_generator_GSYN":0.088320002,"data_generator_T":7360.0,"data_generator_VSOMA":-52.138821},{"data_generator_GSYN":0.08856,"data_generator_T":7380.0,"data_generator_VSOMA":-52.980114},{"data_generator_GSYN":0.088799998,"data_generator_T":7400.0,"data_generator_VSOMA":-53.526463},{"data_generator_GSYN":0.089040004,"data_generator_T":7420.0,"data_generator_VSOMA":-53.916225},{"data_generator_GSYN":0.089280002,"data_generator_T":7440.0,"data_generator_VSOMA":-54.275131},{"data_generator_GSYN":0.08952,"data_generator_T":7460.0,"data_generator_VSOMA":-53.235706},{"data_generator_GSYN":0.089759998,"data_generator_T":7480.0,"data_generator_VSOMA":-0.42834932},{"data_generator_GSYN":0.090000004,"data_generator_T":7500.0,"data_generator_VSOMA":-48.089779},{"data_generator_GSYN":0.090240002,"data_generator_T":7520.0,"data_generator_VSOMA":-50.295471},{"data_generator_GSYN":0.09048,"data_generator_T":7540.0,"data_generator_VSOMA":-51.705811},{"data_generator_GSYN":0.090719998,"data_generator_T":7560.0,"data_generator_VSOMA":-52.344242},{"data_generator_GSYN":0.090960003,"data_generator_T":7580.0,"data_generator_VSOMA":-53.140022},{"data_generator_GSYN":0.091200002,"data_generator_T":7600.0,"data_generator_VSOMA":-53.556862},{"data_generator_GSYN":0.09144,"data_generator_T":7620.0,"data_generator_VSOMA":-53.813358},{"data_generator_GSYN":0.091679998,"data_generator_T":7640.0,"data_generator_VSOMA":-54.422924},{"data_generator_GSYN":0.091920003,"data_generator_T":7660.0,"data_generator_VSOMA":-52.267494},{"data_generator_GSYN":0.092160001,"data_generator_T":7680.0,"data_generator_VSOMA":13.400662},{"data_generator_GSYN":0.092401423,"data_generator_T":7700.1187,"data_generator_VSOMA":-46.897545},{"data_generator_GSYN":0.092639998,"data_generator_T":7720.0,"data_generator_VSOMA":-50.111008},{"data_generator_GSYN":0.092880003,"data_generator_T":7740.0,"data_generator_VSOMA":-51.38306},{"data_generator_GSYN":0.093120001,"data_generator_T":7760.0,"data_generator_VSOMA":-52.285446},{"data_generator_GSYN":0.093359999,"data_generator_T":7780.0,"data_generator_VSOMA":-52.910023},{"data_generator_GSYN":0.093599997,"data_generator_T":7800.0,"data_generator_VSOMA":-53.344368},{"data_generator_GSYN":0.093840003,"data_generator_T":7820.0,"data_generator_VSOMA":-53.620853},{"data_generator_GSYN":0.094080001,"data_generator_T":7840.0,"data_generator_VSOMA":-54.036346},{"data_generator_GSYN":0.094319999,"data_generator_T":7860.0,"data_generator_VSOMA":-54.525814},{"data_generator_GSYN":0.094559997,"data_generator_T":7880.0,"data_generator_VSOMA":-41.757},{"data_generator_GSYN":0.094800003,"data_generator_T":7900.0,"data_generator_VSOMA":-39.219933},{"data_generator_GSYN":0.095040001,"data_generator_T":7920.0,"data_generator_VSOMA":-48.691963},{"data_generator_GSYN":0.095279999,"data_generator_T":7940.0,"data_generator_VSOMA":-50.576939},{"data_generator_GSYN":0.095519997,"data_generator_T":7960.0,"data_generator_VSOMA":-51.598705},{"data_generator_GSYN":0.095760003,"data_generator_T":7980.0,"data_generator_VSOMA":-52.251183},{"data_generator_GSYN":0.096000001,"data_generator_T":8000.0,"data_generator_VSOMA":-52.652592},{"data_generator_GSYN":0.096239999,"data_generator_T":8020.0,"data_generator_VSOMA":-53.258923},{"data_generator_GSYN":0.096479997,"data_generator_T":8040.0,"data_generator_VSOMA":-53.480495},{"data_generator_GSYN":0.096720003,"data_generator_T":8060.0,"data_generator_VSOMA":-53.958267},{"data_generator_GSYN":0.096960001,"data_generator_T":8080.0,"data_generator_VSOMA":-54.501278},{"data_generator_GSYN":0.097199999,"data_generator_T":8100.0,"data_generator_VSOMA":-53.251453},{"data_generator_GSYN":0.097439997,"data_generator_T":8120.0,"data_generator_VSOMA":6.7673554},{"data_generator_GSYN":0.097680047,"data_generator_T":8140.0044,"data_generator_VSOMA":-44.988026},{"data_generator_GSYN":0.097920001,"data_generator_T":8160.0,"data_generator_VSOMA":-49.347553},{"data_generator_GSYN":0.098159999,"data_generator_T":8180.0,"data_generator_VSOMA":-50.561344},{"data_generator_GSYN":0.098399997,"data_generator_T":8200.0,"data_generator_VSOMA":-51.356197},{"data_generator_GSYN":0.098640002,"data_generator_T":8220.0,"data_generator_VSOMA":-52.170757},{"data_generator_GSYN":0.09888,"data_generator_T":8240.0,"data_generator_VSOMA":-52.709721},{"data_generator_GSYN":0.099119999,"data_generator_T":8260.0,"data_generator_VSOMA":-53.076115},{"data_generator_GSYN":0.099359997,"data_generator_T":8280.0,"data_generator_VSOMA":-53.38171},{"data_generator_GSYN":0.099600002,"data_generator_T":8300.0,"data_generator_VSOMA":-53.73476},{"data_generator_GSYN":0.09984,"data_generator_T":8320.0,"data_generator_VSOMA":-54.247009},{"data_generator_GSYN":0.10008,"data_generator_T":8340.0,"data_generator_VSOMA":-54.49194},{"data_generator_GSYN":0.10032089,"data_generator_T":8360.0742,"data_generator_VSOMA":-45.564178},{"data_generator_GSYN":0.10056,"data_generator_T":8380.0,"data_generator_VSOMA":0.96672052},{"data_generator_GSYN":0.10080115,"data_generator_T":8400.0957,"data_generator_VSOMA":-45.911472},{"data_generator_GSYN":0.10104,"data_generator_T":8420.0,"data_generator_VSOMA":-49.183357},{"data_generator_GSYN":0.10128,"data_generator_T":8440.0,"data_generator_VSOMA":-50.541985},{"data_generator_GSYN":0.10152,"data_generator_T":8460.0,"data_generator_VSOMA":-51.390656},{"data_generator_GSYN":0.10176,"data_generator_T":8480.0,"data_generator_VSOMA":-51.988243},{"data_generator_GSYN":0.102,"data_generator_T":8500.0,"data_generator_VSOMA":-52.3922},{"data_generator_GSYN":0.10224,"data_generator_T":8520.0,"data_generator_VSOMA":-52.891518},{"data_generator_GSYN":0.10248,"data_generator_T":8540.0,"data_generator_VSOMA":-53.183342},{"data_generator_GSYN":0.10272,"data_generator_T":8560.0,"data_generator_VSOMA":-53.522102},{"data_generator_GSYN":0.10296,"data_generator_T":8580.0,"data_generator_VSOMA":-53.785095},{"data_generator_GSYN":0.1032,"data_generator_T":8600.0,"data_generator_VSOMA":-54.285847},{"data_generator_GSYN":0.10344,"data_generator_T":8620.0,"data_generator_VSOMA":-54.489525},{"data_generator_GSYN":0.10368165,"data_generator_T":8640.1377,"data_generator_VSOMA":-50.926418},{"data_generator_GSYN":0.10392,"data_generator_T":8660.0,"data_generator_VSOMA":-4.2737031},{"data_generator_GSYN":0.10416,"data_generator_T":8680.0,"data_generator_VSOMA":-41.021442},{"data_generator_GSYN":0.1044,"data_generator_T":8700.0,"data_generator_VSOMA":-47.19627},{"data_generator_GSYN":0.10464,"data_generator_T":8720.0,"data_generator_VSOMA":-49.313648},{"data_generator_GSYN":0.10488,"data_generator_T":8740.0,"data_generator_VSOMA":-50.392841},{"data_generator_GSYN":0.10512,"data_generator_T":8760.0,"data_generator_VSOMA":-51.210541},{"data_generator_GSYN":0.10536,"data_generator_T":8780.0,"data_generator_VSOMA":-51.785793},{"data_generator_GSYN":0.1056,"data_generator_T":8800.0,"data_generator_VSOMA":-52.258797},{"data_generator_GSYN":0.10584,"data_generator_T":8820.0,"data_generator_VSOMA":-52.634121},{"data_generator_GSYN":0.10608,"data_generator_T":8840.0,"data_generator_VSOMA":-52.990856},{"data_generator_GSYN":0.10632,"data_generator_T":8860.0,"data_generator_VSOMA":-53.310272},{"data_generator_GSYN":0.10656,"data_generator_T":8880.0,"data_generator_VSOMA":-53.562092},{"data_generator_GSYN":0.1068,"data_generator_T":8900.0,"data_generator_VSOMA":-53.877483},{"data_generator_GSYN":0.10704,"data_generator_T":8920.0,"data_generator_VSOMA":-54.259422},{"data_generator_GSYN":0.10728154,"data_generator_T":8940.1279,"data_generator_VSOMA":-54.464592},{"data_generator_GSYN":0.10752,"data_generator_T":8960.0,"data_generator_VSOMA":-49.742352},{"data_generator_GSYN":0.10776,"data_generator_T":8980.0,"data_generator_VSOMA":-14.361658},{"data_generator_GSYN":0.10800005,"data_generator_T":9000.0049,"data_generator_VSOMA":-36.708641},{"data_generator_GSYN":0.10824,"data_generator_T":9020.0,"data_generator_VSOMA":-46.744438},{"data_generator_GSYN":0.10848,"data_generator_T":9040.0,"data_generator_VSOMA":-48.87693},{"data_generator_GSYN":0.10872,"data_generator_T":9060.0,"data_generator_VSOMA":-49.81332},{"data_generator_GSYN":0.10896,"data_generator_T":9080.0,"data_generator_VSOMA":-50.745518},{"data_generator_GSYN":0.1092,"data_generator_T":9100.0,"data_generator_VSOMA":-51.311424},{"data_generator_GSYN":0.10944,"data_generator_T":9120.0,"data_generator_VSOMA":-51.80378},{"data_generator_GSYN":0.10968,"data_generator_T":9140.0,"data_generator_VSOMA":-51.995529},{"data_generator_GSYN":0.10992,"data_generator_T":9160.0,"data_generator_VSOMA":-52.470211},{"data_generator_GSYN":0.11016,"data_generator_T":9180.0,"data_generator_VSOMA":-52.744164},{"data_generator_GSYN":0.1104,"data_generator_T":9200.0,"data_generator_VSOMA":-53.027306},{"data_generator_GSYN":0.11064,"data_generator_T":9220.0,"data_generator_VSOMA":-53.267937},{"data_generator_GSYN":0.11088,"data_generator_T":9240.0,"data_generator_VSOMA":-53.444439},{"data_generator_GSYN":0.11112,"data_generator_T":9260.0,"data_generator_VSOMA":-53.782368},{"data_generator_GSYN":0.11136,"data_generator_T":9280.0,"data_generator_VSOMA":-54.102688},{"data_generator_GSYN":0.1116,"data_generator_T":9300.0,"data_generator_VSOMA":-54.359203},{"data_generator_GSYN":0.11184229,"data_generator_T":9320.1914,"data_generator_VSOMA":-54.348068},{"data_generator_GSYN":0.11208,"data_generator_T":9340.0,"data_generator_VSOMA":-51.228146},{"data_generator_GSYN":0.11232,"data_generator_T":9360.0,"data_generator_VSOMA":-26.234863},{"data_generator_GSYN":0.11256,"data_generator_T":9380.0,"data_generator_VSOMA":14.002067},{"data_generator_GSYN":0.11280065,"data_generator_T":9400.0547,"data_generator_VSOMA":-37.293747},{"data_generator_GSYN":0.11304,"data_generator_T":9420.0,"data_generator_VSOMA":-46.509865},{"data_generator_GSYN":0.11328,"data_generator_T":9440.0,"data_generator_VSOMA":-48.340675},{"data_generator_GSYN":0.11352,"data_generator_T":9460.0,"data_generator_VSOMA":-49.400074},{"data_generator_GSYN":0.11376,"data_generator_T":9480.0,"data_generator_VSOMA":-50.238712},{"data_generator_GSYN":0.114,"data_generator_T":9500.0,"data_generator_VSOMA":-50.545246},{"data_generator_GSYN":0.11424,"data_generator_T":9520.0,"data_generator_VSOMA":-51.128014},{"data_generator_GSYN":0.11448,"data_generator_T":9540.0,"data_generator_VSOMA":-51.506233},{"data_generator_GSYN":0.11472,"data_generator_T":9560.0,"data_generator_VSOMA":-51.838017},{"data_generator_GSYN":0.11496,"data_generator_T":9580.0,"data_generator_VSOMA":-51.954739},{"data_generator_GSYN":0.1152,"data_generator_T":9600.0,"data_generator_VSOMA":-52.322884},{"data_generator_GSYN":0.11544,"data_generator_T":9620.0,"data_generator_VSOMA":-52.541962},{"data_generator_GSYN":0.11568,"data_generator_T":9640.0,"data_generator_VSOMA":-52.746212},{"data_generator_GSYN":0.11592,"data_generator_T":9660.0,"data_generator_VSOMA":-52.809601},{"data_generator_GSYN":0.11616,"data_generator_T":9680.0,"data_generator_VSOMA":-53.110546},{"data_generator_GSYN":0.1164,"data_generator_T":9700.0,"data_generator_VSOMA":-53.225216},{"data_generator_GSYN":0.11664,"data_generator_T":9720.0,"data_generator_VSOMA":-53.428246},{"data_generator_GSYN":0.11688,"data_generator_T":9740.0,"data_generator_VSOMA":-53.497845},{"data_generator_GSYN":0.11712,"data_generator_T":9760.0,"data_generator_VSOMA":-53.724968},{"data_generator_GSYN":0.11736,"data_generator_T":9780.0,"data_generator_VSOMA":-54.031891},{"data_generator_GSYN":0.1176,"data_generator_T":9800.0,"data_generator_VSOMA":-54.283573},{"data_generator_GSYN":0.11784,"data_generator_T":9820.0,"data_generator_VSOMA":-54.375694},{"data_generator_GSYN":0.11808,"data_generator_T":9840.0,"data_generator_VSOMA":-53.931602},{"data_generator_GSYN":0.11832,"data_generator_T":9860.0,"data_generator_VSOMA":-52.4986},{"data_generator_GSYN":0.11856,"data_generator_T":9880.0,"data_generator_VSOMA":-46.085861},{"data_generator_GSYN":0.1188,"data_generator_T":9900.0,"data_generator_VSOMA":-29.679482},{"data_generator_GSYN":0.11904,"data_generator_T":9920.0,"data_generator_VSOMA":-9.8109684},{"data_generator_GSYN":0.11928,"data_generator_T":9940.0,"data_generator_VSOMA":12.180331},{"data_generator_GSYN":0.11952,"data_generator_T":9960.0,"data_generator_VSOMA":-34.255299},{"data_generator_GSYN":0.11976,"data_generator_T":9980.0,"data_generator_VSOMA":-43.087154},{"data_generator_GSYN":0.11999867,"data_generator_T":10000.11,"data_generator_VSOMA":-45.181328},{"data_generator_GSYN":0.11976,"data_generator_T":10020.0,"data_generator_VSOMA":-46.026806},{"data_generator_GSYN":0.11952,"data_generator_T":10040.0,"data_generator_VSOMA":-47.536373},{"data_generator_GSYN":0.11928,"data_generator_T":10060.0,"data_generator_VSOMA":-48.657619},{"data_generator_GSYN":0.11904,"data_generator_T":10080.0,"data_generator_VSOMA":-49.13726},{"data_generator_GSYN":0.1188,"data_generator_T":10100.0,"data_generator_VSOMA":-49.619343},{"data_generator_GSYN":0.11856,"data_generator_T":10120.0,"data_generator_VSOMA":-50.219463},{"data_generator_GSYN":0.11832,"data_generator_T":10140.0,"data_generator_VSOMA":-50.639374},{"data_generator_GSYN":0.11808,"data_generator_T":10160.0,"data_generator_VSOMA":-51.000137},{"data_generator_GSYN":0.11784,"data_generator_T":10180.0,"data_generator_VSOMA":-51.402733},{"data_generator_GSYN":0.1176,"data_generator_T":10200.0,"data_generator_VSOMA":-51.632526},{"data_generator_GSYN":0.11736,"data_generator_T":10220.0,"data_generator_VSOMA":-51.932476},{"data_generator_GSYN":0.11712,"data_generator_T":10240.0,"data_generator_VSOMA":-52.15918},{"data_generator_GSYN":0.11688,"data_generator_T":10260.0,"data_generator_VSOMA":-52.408031},{"data_generator_GSYN":0.11664,"data_generator_T":10280.0,"data_generator_VSOMA":-52.606247},{"data_generator_GSYN":0.1164,"data_generator_T":10300.0,"data_generator_VSOMA":-52.800697},{"data_generator_GSYN":0.11616,"data_generator_T":10320.0,"data_generator_VSOMA":-53.017742},{"data_generator_GSYN":0.11592,"data_generator_T":10340.0,"data_generator_VSOMA":-53.206772},{"data_generator_GSYN":0.11568,"data_generator_T":10360.0,"data_generator_VSOMA":-53.414722},{"data_generator_GSYN":0.11544,"data_generator_T":10380.0,"data_generator_VSOMA":-53.689541},{"data_generator_GSYN":0.1152,"data_generator_T":10400.0,"data_generator_VSOMA":-53.795105},{"data_generator_GSYN":0.11496,"data_generator_T":10420.0,"data_generator_VSOMA":-54.142479},{"data_generator_GSYN":0.11472,"data_generator_T":10440.0,"data_generator_VSOMA":-54.313362},{"data_generator_GSYN":0.11448,"data_generator_T":10460.0,"data_generator_VSOMA":-54.333679},{"data_generator_GSYN":0.11423894,"data_generator_T":10480.089,"data_generator_VSOMA":-51.281731},{"data_generator_GSYN":0.1139994,"data_generator_T":10500.051,"data_generator_VSOMA":-34.710312},{"data_generator_GSYN":0.11376,"data_generator_T":10520.0,"data_generator_VSOMA":10.002617},{"data_generator_GSYN":0.11352,"data_generator_T":10540.0,"data_generator_VSOMA":6.2492242},{"data_generator_GSYN":0.11328,"data_generator_T":10560.0,"data_generator_VSOMA":-41.615364},{"data_generator_GSYN":0.11303871,"data_generator_T":10580.107,"data_generator_VSOMA":-46.566444},{"data_generator_GSYN":0.1128,"data_generator_T":10600.0,"data_generator_VSOMA":-48.554138},{"data_generator_GSYN":0.11256,"data_generator_T":10620.0,"data_generator_VSOMA":-49.426929},{"data_generator_GSYN":0.11232,"data_generator_T":10640.0,"data_generator_VSOMA":-50.364891},{"data_generator_GSYN":0.11208,"data_generator_T":10660.0,"data_generator_VSOMA":-50.895969},{"data_generator_GSYN":0.11184,"data_generator_T":10680.0,"data_generator_VSOMA":-51.380322},{"data_generator_GSYN":0.1116,"data_generator_T":10700.0,"data_generator_VSOMA":-51.855465},{"data_generator_GSYN":0.11136,"data_generator_T":10720.0,"data_generator_VSOMA":-52.176521},{"data_generator_GSYN":0.11112,"data_generator_T":10740.0,"data_generator_VSOMA":-52.546585},{"data_generator_GSYN":0.11088,"data_generator_T":10760.0,"data_generator_VSOMA":-52.818211},{"data_generator_GSYN":0.11064,"data_generator_T":10780.0,"data_generator_VSOMA":-52.844917},{"data_generator_GSYN":0.1104,"data_generator_T":10800.0,"data_generator_VSOMA":-53.257179},{"data_generator_GSYN":0.11016,"data_generator_T":10820.0,"data_generator_VSOMA":-53.506271},{"data_generator_GSYN":0.10992,"data_generator_T":10840.0,"data_generator_VSOMA":-53.805885},{"data_generator_GSYN":0.10968,"data_generator_T":10860.0,"data_generator_VSOMA":-54.190926},{"data_generator_GSYN":0.10944,"data_generator_T":10880.0,"data_generator_VSOMA":-54.430939},{"data_generator_GSYN":0.1092,"data_generator_T":10900.0,"data_generator_VSOMA":-52.673267},{"data_generator_GSYN":0.10896,"data_generator_T":10920.0,"data_generator_VSOMA":-33.644566},{"data_generator_GSYN":0.10872,"data_generator_T":10940.0,"data_generator_VSOMA":14.967751},{"data_generator_GSYN":0.10848,"data_generator_T":10960.0,"data_generator_VSOMA":-44.651642},{"data_generator_GSYN":0.10824,"data_generator_T":10980.0,"data_generator_VSOMA":-48.203217},{"data_generator_GSYN":0.108,"data_generator_T":11000.0,"data_generator_VSOMA":-49.40889},{"data_generator_GSYN":0.10776,"data_generator_T":11020.0,"data_generator_VSOMA":-50.262417},{"data_generator_GSYN":0.10752,"data_generator_T":11040.0,"data_generator_VSOMA":-51.033173},{"data_generator_GSYN":0.10728,"data_generator_T":11060.0,"data_generator_VSOMA":-51.557617},{"data_generator_GSYN":0.10704,"data_generator_T":11080.0,"data_generator_VSOMA":-52.059376},{"data_generator_GSYN":0.1068,"data_generator_T":11100.0,"data_generator_VSOMA":-52.438034},{"data_generator_GSYN":0.10656,"data_generator_T":11120.0,"data_generator_VSOMA":-52.856827},{"data_generator_GSYN":0.10632,"data_generator_T":11140.0,"data_generator_VSOMA":-53.09721},{"data_generator_GSYN":0.10608,"data_generator_T":11160.0,"data_generator_VSOMA":-53.431377},{"data_generator_GSYN":0.10584,"data_generator_T":11180.0,"data_generator_VSOMA":-53.671486},{"data_generator_GSYN":0.1056,"data_generator_T":11200.0,"data_generator_VSOMA":-54.101322},{"data_generator_GSYN":0.10536,"data_generator_T":11220.0,"data_generator_VSOMA":-54.547863},{"data_generator_GSYN":0.10511905,"data_generator_T":11240.079,"data_generator_VSOMA":-52.243462},{"data_generator_GSYN":0.10488,"data_generator_T":11260.0,"data_generator_VSOMA":-14.771749},{"data_generator_GSYN":0.10464,"data_generator_T":11280.0,"data_generator_VSOMA":-40.365593},{"data_generator_GSYN":0.1044,"data_generator_T":11300.0,"data_generator_VSOMA":-47.022797},{"data_generator_GSYN":0.10416,"data_generator_T":11320.0,"data_generator_VSOMA":-49.348053},{"data_generator_GSYN":0.10392,"data_generator_T":11340.0,"data_generator_VSOMA":-50.443314},{"data_generator_GSYN":0.10368,"data_generator_T":11360.0,"data_generator_VSOMA":-51.056282},{"data_generator_GSYN":0.10344,"data_generator_T":11380.0,"data_generator_VSOMA":-51.804447},{"data_generator_GSYN":0.1032,"data_generator_T":11400.0,"data_generator_VSOMA":-52.30917},{"data_generator_GSYN":0.10296,"data_generator_T":11420.0,"data_generator_VSOMA":-52.729038},{"data_generator_GSYN":0.10272,"data_generator_T":11440.0,"data_generator_VSOMA":-53.067692},{"data_generator_GSYN":0.10248,"data_generator_T":11460.0,"data_generator_VSOMA":-53.278896},{"data_generator_GSYN":0.10224,"data_generator_T":11480.0,"data_generator_VSOMA":-53.693172},{"data_generator_GSYN":0.102,"data_generator_T":11500.0,"data_generator_VSOMA":-54.105785},{"data_generator_GSYN":0.10176,"data_generator_T":11520.0,"data_generator_VSOMA":-54.508331},{"data_generator_GSYN":0.10152,"data_generator_T":11540.0,"data_generator_VSOMA":-49.785385},{"data_generator_GSYN":0.10128,"data_generator_T":11560.0,"data_generator_VSOMA":7.9887476},{"data_generator_GSYN":0.10104,"data_generator_T":11580.0,"data_generator_VSOMA":-43.863884},{"data_generator_GSYN":0.1008,"data_generator_T":11600.0,"data_generator_VSOMA":-48.340359},{"data_generator_GSYN":0.10056,"data_generator_T":11620.0,"data_generator_VSOMA":-50.078835},{"data_generator_GSYN":0.10032,"data_generator_T":11640.0,"data_generator_VSOMA":-51.19899},{"data_generator_GSYN":0.10008,"data_generator_T":11660.0,"data_generator_VSOMA":-51.930828},{"data_generator_GSYN":0.09984,"data_generator_T":11680.0,"data_generator_VSOMA":-52.374798},{"data_generator_GSYN":0.099600002,"data_generator_T":11700.0,"data_generator_VSOMA":-52.913094},{"data_generator_GSYN":0.099359997,"data_generator_T":11720.0,"data_generator_VSOMA":-53.311592},{"data_generator_GSYN":0.099119999,"data_generator_T":11740.0,"data_generator_VSOMA":-53.478172},{"data_generator_GSYN":0.09888,"data_generator_T":11760.0,"data_generator_VSOMA":-53.910179},{"data_generator_GSYN":0.098640002,"data_generator_T":11780.0,"data_generator_VSOMA":-54.496056},{"data_generator_GSYN":0.098399997,"data_generator_T":11800.0,"data_generator_VSOMA":-53.302288},{"data_generator_GSYN":0.098159999,"data_generator_T":11820.0,"data_generator_VSOMA":-1.117431},{"data_generator_GSYN":0.097919844,"data_generator_T":11840.013,"data_generator_VSOMA":-44.077236},{"data_generator_GSYN":0.097680002,"data_generator_T":11860.0,"data_generator_VSOMA":-49.111782},{"data_generator_GSYN":0.097439997,"data_generator_T":11880.0,"data_generator_VSOMA":-50.462742},{"data_generator_GSYN":0.097199999,"data_generator_T":11900.0,"data_generator_VSOMA":-51.597111},{"data_generator_GSYN":0.096960001,"data_generator_T":11920.0,"data_generator_VSOMA":-52.173584},{"data_generator_GSYN":0.096720003,"data_generator_T":11940.0,"data_generator_VSOMA":-52.702332},{"data_generator_GSYN":0.096479997,"data_generator_T":11960.0,"data_generator_VSOMA":-53.203026},{"data_generator_GSYN":0.096239999,"data_generator_T":11980.0,"data_generator_VSOMA":-53.424374},{"data_generator_GSYN":0.096000001,"data_generator_T":12000.0,"data_generator_VSOMA":-53.906837},{"data_generator_GSYN":0.095757604,"data_generator_T":12020.199,"data_generator_VSOMA":-54.35051},{"data_generator_GSYN":0.095519997,"data_generator_T":12040.0,"data_generator_VSOMA":-52.653187},{"data_generator_GSYN":0.095279999,"data_generator_T":12060.0,"data_generator_VSOMA":-2.2025316},{"data_generator_GSYN":0.095039487,"data_generator_T":12080.043,"data_generator_VSOMA":-45.749222},{"data_generator_GSYN":0.094800003,"data_generator_T":12100.0,"data_generator_VSOMA":-49.148834},{"data_generator_GSYN":0.094559997,"data_generator_T":12120.0,"data_generator_VSOMA":-50.81921},{"data_generator_GSYN":0.094319999,"data_generator_T":12140.0,"data_generator_VSOMA":-51.705399},{"data_generator_GSYN":0.094080001,"data_generator_T":12160.0,"data_generator_VSOMA":-52.513832},{"data_generator_GSYN":0.093840003,"data_generator_T":12180.0,"data_generator_VSOMA":-52.917782},{"data_generator_GSYN":0.093599997,"data_generator_T":12200.0,"data_generator_VSOMA":-53.344677},{"data_generator_GSYN":0.093359999,"data_generator_T":12220.0,"data_generator_VSOMA":-53.731483},{"data_generator_GSYN":0.093120001,"data_generator_T":12240.0,"data_generator_VSOMA":-54.274723},{"data_generator_GSYN":0.092877947,"data_generator_T":12260.171,"data_generator_VSOMA":-54.415379},{"data_generator_GSYN":0.092639998,"data_generator_T":12280.0,"data_generator_VSOMA":-18.770306},{"data_generator_GSYN":0.092399999,"data_generator_T":12300.0,"data_generator_VSOMA":-46.061859},{"data_generator_GSYN":0.092160001,"data_generator_T":12320.0,"data_generator_VSOMA":-49.735649},{"data_generator_GSYN":0.091920003,"data_generator_T":12340.0,"data_generator_VSOMA":-51.291653},{"data_generator_GSYN":0.091679998,"data_generator_T":12360.0,"data_generator_VSOMA":-52.106667},{"data_generator_GSYN":0.09144,"data_generator_T":12380.0,"data_generator_VSOMA":-52.757603},{"data_generator_GSYN":0.091200002,"data_generator_T":12400.0,"data_generator_VSOMA":-53.320709},{"data_generator_GSYN":0.090960003,"data_generator_T":12420.0,"data_generator_VSOMA":-53.552162},{"data_generator_GSYN":0.090719998,"data_generator_T":12440.0,"data_generator_VSOMA":-54.122215},{"data_generator_GSYN":0.09048,"data_generator_T":12460.0,"data_generator_VSOMA":-54.650337},{"data_generator_GSYN":0.090239383,"data_generator_T":12480.051,"data_generator_VSOMA":-30.843409},{"data_generator_GSYN":0.090000004,"data_generator_T":12500.0,"data_generator_VSOMA":-44.35619},{"data_generator_GSYN":0.089759998,"data_generator_T":12520.0,"data_generator_VSOMA":-49.446125},{"data_generator_GSYN":0.08952,"data_generator_T":12540.0,"data_generator_VSOMA":-51.17942},{"data_generator_GSYN":0.089280002,"data_generator_T":12560.0,"data_generator_VSOMA":-52.133869},{"data_generator_GSYN":0.089040004,"data_generator_T":12580.0,"data_generator_VSOMA":-52.792736},{"data_generator_GSYN":0.088799998,"data_generator_T":12600.0,"data_generator_VSOMA":-53.397285},{"data_generator_GSYN":0.08856,"data_generator_T":12620.0,"data_generator_VSOMA":-53.684322},{"data_generator_GSYN":0.088320002,"data_generator_T":12640.0,"data_generator_VSOMA":-54.187626},{"data_generator_GSYN":0.088079996,"data_generator_T":12660.0,"data_generator_VSOMA":-54.524456},{"data_generator_GSYN":0.087839998,"data_generator_T":12680.0,"data_generator_VSOMA":0.016449401},{"data_generator_GSYN":0.0876,"data_generator_T":12700.0,"data_generator_VSOMA":-47.829258},{"data_generator_GSYN":0.087360002,"data_generator_T":12720.0,"data_generator_VSOMA":-50.611279},{"data_generator_GSYN":0.087119997,"data_generator_T":12740.0,"data_generator_VSOMA":-51.765007},{"data_generator_GSYN":0.086879998,"data_generator_T":12760.0,"data_generator_VSOMA":-52.582951},{"data_generator_GSYN":0.08664,"data_generator_T":12780.0,"data_generator_VSOMA":-53.33218},{"data_generator_GSYN":0.086400002,"data_generator_T":12800.0,"data_generator_VSOMA":-53.778618},{"data_generator_GSYN":0.086159997,"data_generator_T":12820.0,"data_generator_VSOMA":-54.2467},{"data_generator_GSYN":0.085919999,"data_generator_T":12840.0,"data_generator_VSOMA":-54.199165},{"data_generator_GSYN":0.08568,"data_generator_T":12860.0,"data_generator_VSOMA":4.2702456},{"data_generator_GSYN":0.085439228,"data_generator_T":12880.064,"data_generator_VSOMA":-47.469791},{"data_generator_GSYN":0.085199997,"data_generator_T":12900.0,"data_generator_VSOMA":-50.424992},{"data_generator_GSYN":0.084959999,"data_generator_T":12920.0,"data_generator_VSOMA":-51.836224},{"data_generator_GSYN":0.084720001,"data_generator_T":12940.0,"data_generator_VSOMA":-52.670639},{"data_generator_GSYN":0.084480003,"data_generator_T":12960.0,"data_generator_VSOMA":-53.420776},{"data_generator_GSYN":0.084239997,"data_generator_T":12980.0,"data_generator_VSOMA":-53.714729},{"data_generator_GSYN":0.083999999,"data_generator_T":13000.0,"data_generator_VSOMA":-54.325043},{"data_generator_GSYN":0.083760001,"data_generator_T":13020.0,"data_generator_VSOMA":-53.514648},{"data_generator_GSYN":0.083520003,"data_generator_T":13040.0,"data_generator_VSOMA":10.950317},{"data_generator_GSYN":0.083279997,"data_generator_T":13060.0,"data_generator_VSOMA":-48.542},{"data_generator_GSYN":0.083039999,"data_generator_T":13080.0,"data_generator_VSOMA":-51.240036},{"data_generator_GSYN":0.082800001,"data_generator_T":13100.0,"data_generator_VSOMA":-52.459717},{"data_generator_GSYN":0.082560003,"data_generator_T":13120.0,"data_generator_VSOMA":-53.129379},{"data_generator_GSYN":0.082319997,"data_generator_T":13140.0,"data_generator_VSOMA":-53.768669},{"data_generator_GSYN":0.082079999,"data_generator_T":13160.0,"data_generator_VSOMA":-54.179916},{"data_generator_GSYN":0.081840001,"data_generator_T":13180.0,"data_generator_VSOMA":-54.47451},{"data_generator_GSYN":0.081600003,"data_generator_T":13200.0,"data_generator_VSOMA":7.81709},{"data_generator_GSYN":0.081359997,"data_generator_T":13220.0,"data_generator_VSOMA":-48.4216},{"data_generator_GSYN":0.081119999,"data_generator_T":13240.0,"data_generator_VSOMA":-51.01083},{"data_generator_GSYN":0.080880001,"data_generator_T":13260.0,"data_generator_VSOMA":-52.288258},{"data_generator_GSYN":0.080640003,"data_generator_T":13280.0,"data_generator_VSOMA":-53.309654},{"data_generator_GSYN":0.080399998,"data_generator_T":13300.0,"data_generator_VSOMA":-53.591728},{"data_generator_GSYN":0.080159999,"data_generator_T":13320.0,"data_generator_VSOMA":-54.125813},{"data_generator_GSYN":0.079920001,"data_generator_T":13340.0,"data_generator_VSOMA":-54.625992},{"data_generator_GSYN":0.079680003,"data_generator_T":13360.0,"data_generator_VSOMA":16.435383},{"data_generator_GSYN":0.079439998,"data_generator_T":13380.0,"data_generator_VSOMA":-49.008194},{"data_generator_GSYN":0.0792,"data_generator_T":13400.0,"data_generator_VSOMA":-51.330612},{"data_generator_GSYN":0.078960001,"data_generator_T":13420.0,"data_generator_VSOMA":-52.71637},{"data_generator_GSYN":0.078720003,"data_generator_T":13440.0,"data_generator_VSOMA":-53.324612},{"data_generator_GSYN":0.078479998,"data_generator_T":13460.0,"data_generator_VSOMA":-53.838486},{"data_generator_GSYN":0.07824,"data_generator_T":13480.0,"data_generator_VSOMA":-54.487667},{"data_generator_GSYN":0.078000002,"data_generator_T":13500.0,"data_generator_VSOMA":-44.108112},{"data_generator_GSYN":0.077759773,"data_generator_T":13520.019,"data_generator_VSOMA":-46.604328},{"data_generator_GSYN":0.077519998,"data_generator_T":13540.0,"data_generator_VSOMA":-50.716412},{"data_generator_GSYN":0.07728,"data_generator_T":13560.0,"data_generator_VSOMA":-52.270992},{"data_generator_GSYN":0.077040002,"data_generator_T":13580.0,"data_generator_VSOMA":-53.24556},{"data_generator_GSYN":0.076800004,"data_generator_T":13600.0,"data_generator_VSOMA":-53.67849},{"data_generator_GSYN":0.076559998,"data_generator_T":13620.0,"data_generator_VSOMA":-54.171375},{"data_generator_GSYN":0.07632,"data_generator_T":13640.0,"data_generator_VSOMA":-54.247082},{"data_generator_GSYN":0.076080002,"data_generator_T":13660.0,"data_generator_VSOMA":-30.818235},{"data_generator_GSYN":0.075839996,"data_generator_T":13680.0,"data_generator_VSOMA":-49.734585},{"data_generator_GSYN":0.075599998,"data_generator_T":13700.0,"data_generator_VSOMA":-51.805229},{"data_generator_GSYN":0.07536,"data_generator_T":13720.0,"data_generator_VSOMA":-52.984322},{"data_generator_GSYN":0.075120002,"data_generator_T":13740.0,"data_generator_VSOMA":-53.599018},{"data_generator_GSYN":0.074879996,"data_generator_T":13760.0,"data_generator_VSOMA":-54.070267},{"data_generator_GSYN":0.074639998,"data_generator_T":13780.0,"data_generator_VSOMA":-54.637482},{"data_generator_GSYN":0.0744,"data_generator_T":13800.0,"data_generator_VSOMA":16.220562},{"data_generator_GSYN":0.074160002,"data_generator_T":13820.0,"data_generator_VSOMA":-49.890549},{"data_generator_GSYN":0.073919997,"data_generator_T":13840.0,"data_generator_VSOMA":-52.103474},{"data_generator_GSYN":0.073679999,"data_generator_T":13860.0,"data_generator_VSOMA":-53.129425},{"data_generator_GSYN":0.07344,"data_generator_T":13880.0,"data_generator_VSOMA":-53.732395},{"data_generator_GSYN":0.073200002,"data_generator_T":13900.0,"data_generator_VSOMA":-54.105545},{"data_generator_GSYN":0.072959997,"data_generator_T":13920.0,"data_generator_VSOMA":-54.137608},{"data_generator_GSYN":0.072719999,"data_generator_T":13940.0,"data_generator_VSOMA":-40.874981},{"data_generator_GSYN":0.072480001,"data_generator_T":13960.0,"data_generator_VSOMA":-50.560001},{"data_generator_GSYN":0.072240002,"data_generator_T":13980.0,"data_generator_VSOMA":-52.383099},{"data_generator_GSYN":0.071999997,"data_generator_T":14000.0,"data_generator_VSOMA":-53.415825},{"data_generator_GSYN":0.071759999,"data_generator_T":14020.0,"data_generator_VSOMA":-53.905487},{"data_generator_GSYN":0.071520001,"data_generator_T":14040.0,"data_generator_VSOMA":-54.443192},{"data_generator_GSYN":0.071280003,"data_generator_T":14060.0,"data_generator_VSOMA":-45.216484},{"data_generator_GSYN":0.071039997,"data_generator_T":14080.0,"data_generator_VSOMA":-48.127804},{"data_generator_GSYN":0.070799999,"data_generator_T":14100.0,"data_generator_VSOMA":-51.548721},{"data_generator_GSYN":0.070560001,"data_generator_T":14120.0,"data_generator_VSOMA":-52.969845},{"data_generator_GSYN":0.070320003,"data_generator_T":14140.0,"data_generator_VSOMA":-53.823395},{"data_generator_GSYN":0.070079997,"data_generator_T":14160.0,"data_generator_VSOMA":-54.147293},{"data_generator_GSYN":0.069839999,"data_generator_T":14180.0,"data_generator_VSOMA":-54.484661},{"data_generator_GSYN":0.069600001,"data_generator_T":14200.0,"data_generator_VSOMA":-42.871689},{"data_generator_GSYN":0.069360003,"data_generator_T":14220.0,"data_generator_VSOMA":-50.875896},{"data_generator_GSYN":0.069119997,"data_generator_T":14240.0,"data_generator_VSOMA":-52.900009},{"data_generator_GSYN":0.068879999,"data_generator_T":14260.0,"data_generator_VSOMA":-53.648533},{"data_generator_GSYN":0.068640001,"data_generator_T":14280.0,"data_generator_VSOMA":-54.155621},{"data_generator_GSYN":0.068400003,"data_generator_T":14300.0,"data_generator_VSOMA":-54.669495},{"data_generator_GSYN":0.068159968,"data_generator_T":14320.003,"data_generator_VSOMA":-35.308071},{"data_generator_GSYN":0.067919999,"data_generator_T":14340.0,"data_generator_VSOMA":-51.021172},{"data_generator_GSYN":0.067680001,"data_generator_T":14360.0,"data_generator_VSOMA":-52.782578},{"data_generator_GSYN":0.067440003,"data_generator_T":14380.0,"data_generator_VSOMA":-53.710278},{"data_generator_GSYN":0.067199998,"data_generator_T":14400.0,"data_generator_VSOMA":-54.206402},{"data_generator_GSYN":0.06696,"data_generator_T":14420.0,"data_generator_VSOMA":-54.674095},{"data_generator_GSYN":0.066720001,"data_generator_T":14440.0,"data_generator_VSOMA":-42.95002},{"data_generator_GSYN":0.066480003,"data_generator_T":14460.0,"data_generator_VSOMA":-51.148232},{"data_generator_GSYN":0.066239998,"data_generator_T":14480.0,"data_generator_VSOMA":-52.981033},{"data_generator_GSYN":0.066,"data_generator_T":14500.0,"data_generator_VSOMA":-54.05394},{"data_generator_GSYN":0.065760002,"data_generator_T":14520.0,"data_generator_VSOMA":-54.354599},{"data_generator_GSYN":0.065520003,"data_generator_T":14540.0,"data_generator_VSOMA":-52.969482},{"data_generator_GSYN":0.065279998,"data_generator_T":14560.0,"data_generator_VSOMA":-47.986691},{"data_generator_GSYN":0.06504,"data_generator_T":14580.0,"data_generator_VSOMA":-51.906765},{"data_generator_GSYN":0.064800002,"data_generator_T":14600.0,"data_generator_VSOMA":-53.391357},{"data_generator_GSYN":0.064560004,"data_generator_T":14620.0,"data_generator_VSOMA":-54.10181},{"data_generator_GSYN":0.064319998,"data_generator_T":14640.0,"data_generator_VSOMA":-54.55159},{"data_generator_GSYN":0.06408,"data_generator_T":14660.0,"data_generator_VSOMA":-12.508009},{"data_generator_GSYN":0.063840002,"data_generator_T":14680.0,"data_generator_VSOMA":-50.284534},{"data_generator_GSYN":0.063600004,"data_generator_T":14700.0,"data_generator_VSOMA":-52.745056},{"data_generator_GSYN":0.063359998,"data_generator_T":14720.0,"data_generator_VSOMA":-53.860554},{"data_generator_GSYN":0.06312,"data_generator_T":14740.0,"data_generator_VSOMA":-54.276852},{"data_generator_GSYN":0.062880002,"data_generator_T":14760.0,"data_generator_VSOMA":-54.639397},{"data_generator_GSYN":0.062639996,"data_generator_T":14780.0,"data_generator_VSOMA":-47.819637},{"data_generator_GSYN":0.062399998,"data_generator_T":14800.0,"data_generator_VSOMA":-52.035759},{"data_generator_GSYN":0.06216,"data_generator_T":14820.0,"data_generator_VSOMA":-53.598469},{"data_generator_GSYN":0.061919998,"data_generator_T":14840.0,"data_generator_VSOMA":-54.2551},{"data_generator_GSYN":0.06168,"data_generator_T":14860.0,"data_generator_VSOMA":-54.654808},{"data_generator_GSYN":0.061439998,"data_generator_T":14880.0,"data_generator_VSOMA":-35.272266},{"data_generator_GSYN":0.0612,"data_generator_T":14900.0,"data_generator_VSOMA":-51.606068},{"data_generator_GSYN":0.060959999,"data_generator_T":14920.0,"data_generator_VSOMA":-53.434174},{"data_generator_GSYN":0.06072,"data_generator_T":14940.0,"data_generator_VSOMA":-54.207767},{"data_generator_GSYN":0.060479999,"data_generator_T":14960.0,"data_generator_VSOMA":-54.716393},{"data_generator_GSYN":0.06024,"data_generator_T":14980.0,"data_generator_VSOMA":11.981127},{"data_generator_GSYN":0.059999999,"data_generator_T":15000.0,"data_generator_VSOMA":-51.387947},{"data_generator_GSYN":0.059760001,"data_generator_T":15020.0,"data_generator_VSOMA":-53.40377},{"data_generator_GSYN":0.059519999,"data_generator_T":15040.0,"data_generator_VSOMA":-54.273129},{"data_generator_GSYN":0.059280001,"data_generator_T":15060.0,"data_generator_VSOMA":-54.682636},{"data_generator_GSYN":0.059039999,"data_generator_T":15080.0,"data_generator_VSOMA":17.609596},{"data_generator_GSYN":0.058800001,"data_generator_T":15100.0,"data_generator_VSOMA":-51.370796},{"data_generator_GSYN":0.058559999,"data_generator_T":15120.0,"data_generator_VSOMA":-53.474129},{"data_generator_GSYN":0.058320001,"data_generator_T":15140.0,"data_generator_VSOMA":-54.28828},{"data_generator_GSYN":0.058079999,"data_generator_T":15160.0,"data_generator_VSOMA":-54.675766},{"data_generator_GSYN":0.057840001,"data_generator_T":15180.0,"data_generator_VSOMA":-28.24888},{"data_generator_GSYN":0.057599999,"data_generator_T":15200.0,"data_generator_VSOMA":-51.64259},{"data_generator_GSYN":0.057360001,"data_generator_T":15220.0,"data_generator_VSOMA":-53.666798},{"data_generator_GSYN":0.057119999,"data_generator_T":15240.0,"data_generator_VSOMA":-54.478455},{"data_generator_GSYN":0.056880001,"data_generator_T":15260.0,"data_generator_VSOMA":-54.810009},{"data_generator_GSYN":0.056639999,"data_generator_T":15280.0,"data_generator_VSOMA":-46.370491},{"data_generator_GSYN":0.056400001,"data_generator_T":15300.0,"data_generator_VSOMA":-52.552032},{"data_generator_GSYN":0.056159999,"data_generator_T":15320.0,"data_generator_VSOMA":-54.081615},{"data_generator_GSYN":0.055920001,"data_generator_T":15340.0,"data_generator_VSOMA":-54.591015},{"data_generator_GSYN":0.055679999,"data_generator_T":15360.0,"data_generator_VSOMA":-52.179226},{"data_generator_GSYN":0.055440001,"data_generator_T":15380.0,"data_generator_VSOMA":-50.197174},{"data_generator_GSYN":0.055199999,"data_generator_T":15400.0,"data_generator_VSOMA":-53.260052},{"data_generator_GSYN":0.054960001,"data_generator_T":15420.0,"data_generator_VSOMA":-54.409184},{"data_generator_GSYN":0.054719999,"data_generator_T":15440.0,"data_generator_VSOMA":-54.746822},{"data_generator_GSYN":0.054479975,"data_generator_T":15460.002,"data_generator_VSOMA":-13.704148},{"data_generator_GSYN":0.05424,"data_generator_T":15480.0,"data_generator_VSOMA":-52.027798},{"data_generator_GSYN":0.054000001,"data_generator_T":15500.0,"data_generator_VSOMA":-54.028687},{"data_generator_GSYN":0.05376,"data_generator_T":15520.0,"data_generator_VSOMA":-54.633114},{"data_generator_GSYN":0.053519625,"data_generator_T":15540.031,"data_generator_VSOMA":-53.509579},{"data_generator_GSYN":0.05328,"data_generator_T":15560.0,"data_generator_VSOMA":-50.353481},{"data_generator_GSYN":0.053040002,"data_generator_T":15580.0,"data_generator_VSOMA":-53.451382},{"data_generator_GSYN":0.0528,"data_generator_T":15600.0,"data_generator_VSOMA":-54.694271},{"data_generator_GSYN":0.052560002,"data_generator_T":15620.0,"data_generator_VSOMA":-54.810677},{"data_generator_GSYN":0.05232,"data_generator_T":15640.0,"data_generator_VSOMA":-47.37175},{"data_generator_GSYN":0.052080002,"data_generator_T":15660.0,"data_generator_VSOMA":-53.01683},{"data_generator_GSYN":0.05184,"data_generator_T":15680.0,"data_generator_VSOMA":-54.510113},{"data_generator_GSYN":0.051600002,"data_generator_T":15700.0,"data_generator_VSOMA":-54.742962},{"data_generator_GSYN":0.05136,"data_generator_T":15720.0,"data_generator_VSOMA":4.0127621},{"data_generator_GSYN":0.051120002,"data_generator_T":15740.0,"data_generator_VSOMA":-52.340408},{"data_generator_GSYN":0.05088,"data_generator_T":15760.0,"data_generator_VSOMA":-54.320545},{"data_generator_GSYN":0.050639998,"data_generator_T":15780.0,"data_generator_VSOMA":-54.768074},{"data_generator_GSYN":0.050399151,"data_generator_T":15800.07,"data_generator_VSOMA":-32.219597},{"data_generator_GSYN":0.050159998,"data_generator_T":15820.0,"data_generator_VSOMA":-51.812691},{"data_generator_GSYN":0.04992,"data_generator_T":15840.0,"data_generator_VSOMA":-54.171875},{"data_generator_GSYN":0.049679998,"data_generator_T":15860.0,"data_generator_VSOMA":-54.94865},{"data_generator_GSYN":0.04944,"data_generator_T":15880.0,"data_generator_VSOMA":-40.851212},{"data_generator_GSYN":0.049199998,"data_generator_T":15900.0,"data_generator_VSOMA":-51.704865},{"data_generator_GSYN":0.04896,"data_generator_T":15920.0,"data_generator_VSOMA":-54.248844},{"data_generator_GSYN":0.048719998,"data_generator_T":15940.0,"data_generator_VSOMA":-54.914116},{"data_generator_GSYN":0.04848,"data_generator_T":15960.0,"data_generator_VSOMA":-41.414383},{"data_generator_GSYN":0.048239999,"data_generator_T":15980.0,"data_generator_VSOMA":-51.94363},{"data_generator_GSYN":0.048,"data_generator_T":16000.0,"data_generator_VSOMA":-54.390251},{"data_generator_GSYN":0.047759999,"data_generator_T":16020.0,"data_generator_VSOMA":-54.970749},{"data_generator_GSYN":0.047519624,"data_generator_T":16040.031,"data_generator_VSOMA":-20.421045},{"data_generator_GSYN":0.047279999,"data_generator_T":16060.0,"data_generator_VSOMA":-52.340076},{"data_generator_GSYN":0.047040001,"data_generator_T":16080.0,"data_generator_VSOMA":-54.57431},{"data_generator_GSYN":0.046799999,"data_generator_T":16100.0,"data_generator_VSOMA":-54.926807},{"data_generator_GSYN":0.046560001,"data_generator_T":16120.0,"data_generator_VSOMA":-26.665897},{"data_generator_GSYN":0.046319999,"data_generator_T":16140.0,"data_generator_VSOMA":-52.983055},{"data_generator_GSYN":0.046080001,"data_generator_T":16160.0,"data_generator_VSOMA":-54.83271},{"data_generator_GSYN":0.045839999,"data_generator_T":16180.0,"data_generator_VSOMA":-55.039715},{"data_generator_GSYN":0.045600001,"data_generator_T":16200.0,"data_generator_VSOMA":-48.577255},{"data_generator_GSYN":0.045359999,"data_generator_T":16220.0,"data_generator_VSOMA":-53.915264},{"data_generator_GSYN":0.045120001,"data_generator_T":16240.0,"data_generator_VSOMA":-55.065842},{"data_generator_GSYN":0.044877958,"data_generator_T":16260.17,"data_generator_VSOMA":-54.84243},{"data_generator_GSYN":0.044640001,"data_generator_T":16280.0,"data_generator_VSOMA":-51.931019},{"data_generator_GSYN":0.044399999,"data_generator_T":16300.0,"data_generator_VSOMA":-54.633961},{"data_generator_GSYN":0.044160001,"data_generator_T":16320.0,"data_generator_VSOMA":-55.113861},{"data_generator_GSYN":0.043919872,"data_generator_T":16340.011,"data_generator_VSOMA":-38.98037},{"data_generator_GSYN":0.043680001,"data_generator_T":16360.0,"data_generator_VSOMA":-53.657104},{"data_generator_GSYN":0.043439999,"data_generator_T":16380.0,"data_generator_VSOMA":-55.393192},{"data_generator_GSYN":0.043198768,"data_generator_T":16400.104,"data_generator_VSOMA":-54.895355},{"data_generator_GSYN":0.042959999,"data_generator_T":16420.0,"data_generator_VSOMA":-51.902813},{"data_generator_GSYN":0.042720001,"data_generator_T":16440.0,"data_generator_VSOMA":-54.851418},{"data_generator_GSYN":0.042479999,"data_generator_T":16460.0,"data_generator_VSOMA":-55.389393},{"data_generator_GSYN":0.042240001,"data_generator_T":16480.0,"data_generator_VSOMA":-48.277534},{"data_generator_GSYN":0.041999999,"data_generator_T":16500.0,"data_generator_VSOMA":-54.137695},{"data_generator_GSYN":0.041760001,"data_generator_T":16520.0,"data_generator_VSOMA":-55.383877},{"data_generator_GSYN":0.04152,"data_generator_T":16540.0,"data_generator_VSOMA":-43.964783},{"data_generator_GSYN":0.041280001,"data_generator_T":16560.0,"data_generator_VSOMA":-53.11866},{"data_generator_GSYN":0.04104,"data_generator_T":16580.0,"data_generator_VSOMA":-55.354881},{"data_generator_GSYN":0.040800001,"data_generator_T":16600.0,"data_generator_VSOMA":-55.196289},{"data_generator_GSYN":0.04056,"data_generator_T":16620.0,"data_generator_VSOMA":-51.791904},{"data_generator_GSYN":0.040320002,"data_generator_T":16640.0,"data_generator_VSOMA":-55.09486},{"data_generator_GSYN":0.04008,"data_generator_T":16660.0,"data_generator_VSOMA":-55.334778},{"data_generator_GSYN":0.039840002,"data_generator_T":16680.0,"data_generator_VSOMA":-50.06852},{"data_generator_GSYN":0.0396,"data_generator_T":16700.0,"data_generator_VSOMA":-54.949833},{"data_generator_GSYN":0.039360002,"data_generator_T":16720.0,"data_generator_VSOMA":-55.4464},{"data_generator_GSYN":0.03912,"data_generator_T":16740.0,"data_generator_VSOMA":-47.513638},{"data_generator_GSYN":0.038880002,"data_generator_T":16760.0,"data_generator_VSOMA":-54.57666},{"data_generator_GSYN":0.03864,"data_generator_T":16780.0,"data_generator_VSOMA":-55.6343},{"data_generator_GSYN":0.038400002,"data_generator_T":16800.0,"data_generator_VSOMA":-38.256378},{"data_generator_GSYN":0.03816,"data_generator_T":16820.0,"data_generator_VSOMA":-54.562618},{"data_generator_GSYN":0.037919998,"data_generator_T":16840.0,"data_generator_VSOMA":-55.67746},{"data_generator_GSYN":0.03768,"data_generator_T":16860.0,"data_generator_VSOMA":-5.9463072},{"data_generator_GSYN":0.037439998,"data_generator_T":16880.0,"data_generator_VSOMA":-54.694412},{"data_generator_GSYN":0.0372,"data_generator_T":16900.0,"data_generator_VSOMA":-56.020485},{"data_generator_GSYN":0.036959752,"data_generator_T":16920.021,"data_generator_VSOMA":-47.897228},{"data_generator_GSYN":0.03672,"data_generator_T":16940.0,"data_generator_VSOMA":-55.004234},{"data_generator_GSYN":0.036479998,"data_generator_T":16960.0,"data_generator_VSOMA":-55.815205},{"data_generator_GSYN":0.03624,"data_generator_T":16980.0,"data_generator_VSOMA":-50.208008},{"data_generator_GSYN":0.035999998,"data_generator_T":17000.0,"data_generator_VSOMA":-55.652298},{"data_generator_GSYN":0.03576,"data_generator_T":17020.0,"data_generator_VSOMA":-55.795715},{"data_generator_GSYN":0.035519999,"data_generator_T":17040.0,"data_generator_VSOMA":-52.684723},{"data_generator_GSYN":0.03528,"data_generator_T":17060.0,"data_generator_VSOMA":-56.101032},{"data_generator_GSYN":0.035039999,"data_generator_T":17080.0,"data_generator_VSOMA":-54.768459},{"data_generator_GSYN":0.0348,"data_generator_T":17100.0,"data_generator_VSOMA":-54.50119},{"data_generator_GSYN":0.034559999,"data_generator_T":17120.0,"data_generator_VSOMA":-56.399422},{"data_generator_GSYN":0.034320001,"data_generator_T":17140.0,"data_generator_VSOMA":-48.050987},{"data_generator_GSYN":0.034079999,"data_generator_T":17160.0,"data_generator_VSOMA":-55.762611},{"data_generator_GSYN":0.033840001,"data_generator_T":17180.0,"data_generator_VSOMA":-55.911102},{"data_generator_GSYN":0.033599999,"data_generator_T":17200.0,"data_generator_VSOMA":-53.314831},{"data_generator_GSYN":0.033360001,"data_generator_T":17220.0,"data_generator_VSOMA":-56.739243},{"data_generator_GSYN":0.033119887,"data_generator_T":17240.01,"data_generator_VSOMA":-14.10147},{"data_generator_GSYN":0.032880001,"data_generator_T":17260.0,"data_generator_VSOMA":-55.818146},{"data_generator_GSYN":0.032639999,"data_generator_T":17280.0,"data_generator_VSOMA":-56.123959},{"data_generator_GSYN":0.032400001,"data_generator_T":17300.0,"data_generator_VSOMA":-53.942043},{"data_generator_GSYN":0.032159999,"data_generator_T":17320.0,"data_generator_VSOMA":-57.003784},{"data_generator_GSYN":0.031920001,"data_generator_T":17340.0,"data_generator_VSOMA":-49.803291},{"data_generator_GSYN":0.031679999,"data_generator_T":17360.0,"data_generator_VSOMA":-56.717388},{"data_generator_GSYN":0.031440001,"data_generator_T":17380.0,"data_generator_VSOMA":-54.890388},{"data_generator_GSYN":0.031199999,"data_generator_T":17400.0,"data_generator_VSOMA":-55.833878},{"data_generator_GSYN":0.030959999,"data_generator_T":17420.0,"data_generator_VSOMA":-56.694439},{"data_generator_GSYN":0.030719999,"data_generator_T":17440.0,"data_generator_VSOMA":-54.85041},{"data_generator_GSYN":0.030479999,"data_generator_T":17460.0,"data_generator_VSOMA":-57.502373},{"data_generator_GSYN":0.030239999,"data_generator_T":17480.0,"data_generator_VSOMA":-53.871422},{"data_generator_GSYN":0.029999999,"data_generator_T":17500.0,"data_generator_VSOMA":-58.058498},{"data_generator_GSYN":0.029759999,"data_generator_T":17520.0,"data_generator_VSOMA":-53.184963},{"data_generator_GSYN":0.029519999,"data_generator_T":17540.0,"data_generator_VSOMA":-58.258648},{"data_generator_GSYN":0.029279999,"data_generator_T":17560.0,"data_generator_VSOMA":-53.432549},{"data_generator_GSYN":0.029039999,"data_generator_T":17580.0,"data_generator_VSOMA":-58.484455},{"data_generator_GSYN":0.0288,"data_generator_T":17600.0,"data_generator_VSOMA":-54.280472},{"data_generator_GSYN":0.02856,"data_generator_T":17620.0,"data_generator_VSOMA":-58.718426},{"data_generator_GSYN":0.02832,"data_generator_T":17640.0,"data_generator_VSOMA":-55.75386},{"data_generator_GSYN":0.02808,"data_generator_T":17660.0,"data_generator_VSOMA":-57.944946},{"data_generator_GSYN":0.02784,"data_generator_T":17680.0,"data_generator_VSOMA":-57.490421},{"data_generator_GSYN":0.0276,"data_generator_T":17700.0,"data_generator_VSOMA":-1.6338627},{"data_generator_GSYN":0.02736,"data_generator_T":17720.0,"data_generator_VSOMA":-59.597431},{"data_generator_GSYN":0.02712,"data_generator_T":17740.0,"data_generator_VSOMA":-55.167313},{"data_generator_GSYN":0.02688,"data_generator_T":17760.0,"data_generator_VSOMA":-59.256516},{"data_generator_GSYN":0.02664,"data_generator_T":17780.0,"data_generator_VSOMA":-59.102436},{"data_generator_GSYN":0.0264,"data_generator_T":17800.0,"data_generator_VSOMA":-54.547527},{"data_generator_GSYN":0.02616,"data_generator_T":17820.0,"data_generator_VSOMA":-60.084614},{"data_generator_GSYN":0.02592,"data_generator_T":17840.0,"data_generator_VSOMA":-60.11763},{"data_generator_GSYN":0.02568,"data_generator_T":17860.0,"data_generator_VSOMA":-56.615467},{"data_generator_GSYN":0.02544,"data_generator_T":17880.0,"data_generator_VSOMA":-53.308952},{"data_generator_GSYN":0.0252,"data_generator_T":17900.0,"data_generator_VSOMA":-61.27631},{"data_generator_GSYN":0.02496,"data_generator_T":17920.0,"data_generator_VSOMA":-61.275524},{"data_generator_GSYN":0.02472,"data_generator_T":17940.0,"data_generator_VSOMA":-58.334438},{"data_generator_GSYN":0.02448,"data_generator_T":17960.0,"data_generator_VSOMA":-57.010777},{"data_generator_GSYN":0.02424,"data_generator_T":17980.0,"data_generator_VSOMA":-56.702084},{"data_generator_GSYN":0.024,"data_generator_T":18000.0,"data_generator_VSOMA":-56.96616},{"data_generator_GSYN":0.02376,"data_generator_T":18020.0,"data_generator_VSOMA":-57.411526},{"data_generator_GSYN":0.02352,"data_generator_T":18040.0,"data_generator_VSOMA":-57.893902},{"data_generator_GSYN":0.02328,"data_generator_T":18060.0,"data_generator_VSOMA":-58.384617},{"data_generator_GSYN":0.02304,"data_generator_T":18080.0,"data_generator_VSOMA":-58.882648},{"data_generator_GSYN":0.0228,"data_generator_T":18100.0,"data_generator_VSOMA":-59.378231},{"data_generator_GSYN":0.02256,"data_generator_T":18120.0,"data_generator_VSOMA":-59.862202},{"data_generator_GSYN":0.02232,"data_generator_T":18140.0,"data_generator_VSOMA":-60.326916},{"data_generator_GSYN":0.02208,"data_generator_T":18160.0,"data_generator_VSOMA":-60.766804},{"data_generator_GSYN":0.021840001,"data_generator_T":18180.0,"data_generator_VSOMA":-61.177567},{"data_generator_GSYN":0.021600001,"data_generator_T":18200.0,"data_generator_VSOMA":-61.55682},{"data_generator_GSYN":0.021360001,"data_generator_T":18220.0,"data_generator_VSOMA":-61.903797},{"data_generator_GSYN":0.021120001,"data_generator_T":18240.0,"data_generator_VSOMA":-62.218964},{"data_generator_GSYN":0.020880001,"data_generator_T":18260.0,"data_generator_VSOMA":-62.503731},{"data_generator_GSYN":0.020640001,"data_generator_T":18280.0,"data_generator_VSOMA":-62.760155},{"data_generator_GSYN":0.020400001,"data_generator_T":18300.0,"data_generator_VSOMA":-62.990673},{"data_generator_GSYN":0.020160001,"data_generator_T":18320.0,"data_generator_VSOMA":-63.197865},{"data_generator_GSYN":0.019920001,"data_generator_T":18340.0,"data_generator_VSOMA":-63.384445},{"data_generator_GSYN":0.019680001,"data_generator_T":18360.0,"data_generator_VSOMA":-63.552921},{"data_generator_GSYN":0.019440001,"data_generator_T":18380.0,"data_generator_VSOMA":-63.705643},{"data_generator_GSYN":0.019200001,"data_generator_T":18400.0,"data_generator_VSOMA":-63.84483},{"data_generator_GSYN":0.018959999,"data_generator_T":18420.0,"data_generator_VSOMA":-63.972404},{"data_generator_GSYN":0.018719999,"data_generator_T":18440.0,"data_generator_VSOMA":-64.090088},{"data_generator_GSYN":0.018479999,"data_generator_T":18460.0,"data_generator_VSOMA":-64.199394},{"data_generator_GSYN":0.018239999,"data_generator_T":18480.0,"data_generator_VSOMA":-64.30162},{"data_generator_GSYN":0.017999999,"data_generator_T":18500.0,"data_generator_VSOMA":-64.397881},{"data_generator_GSYN":0.017759999,"data_generator_T":18520.0,"data_generator_VSOMA":-64.489128},{"data_generator_GSYN":0.017519999,"data_generator_T":18540.0,"data_generator_VSOMA":-64.576164},{"data_generator_GSYN":0.017279999,"data_generator_T":18560.0,"data_generator_VSOMA":-64.659676},{"data_generator_GSYN":0.017039999,"data_generator_T":18580.0,"data_generator_VSOMA":-64.740227},{"data_generator_GSYN":0.016799999,"data_generator_T":18600.0,"data_generator_VSOMA":-64.818283},{"data_generator_GSYN":0.016559999,"data_generator_T":18620.0,"data_generator_VSOMA":-64.894257},{"data_generator_GSYN":0.016319999,"data_generator_T":18640.0,"data_generator_VSOMA":-64.968491},{"data_generator_GSYN":0.01608,"data_generator_T":18660.0,"data_generator_VSOMA":-65.04126},{"data_generator_GSYN":0.01584,"data_generator_T":18680.0,"data_generator_VSOMA":-65.112793},{"data_generator_GSYN":0.0156,"data_generator_T":18700.0,"data_generator_VSOMA":-65.183273},{"data_generator_GSYN":0.01536,"data_generator_T":18720.0,"data_generator_VSOMA":-65.252861},{"data_generator_GSYN":0.01512,"data_generator_T":18740.0,"data_generator_VSOMA":-65.321686},{"data_generator_GSYN":0.01488,"data_generator_T":18760.0,"data_generator_VSOMA":-65.389847},{"data_generator_GSYN":0.01464,"data_generator_T":18780.0,"data_generator_VSOMA":-65.457451},{"data_generator_GSYN":0.0144,"data_generator_T":18800.0,"data_generator_VSOMA":-65.524559},{"data_generator_GSYN":0.01416,"data_generator_T":18820.0,"data_generator_VSOMA":-65.591232},{"data_generator_GSYN":0.01392,"data_generator_T":18840.0,"data_generator_VSOMA":-65.657524},{"data_generator_GSYN":0.01368,"data_generator_T":18860.0,"data_generator_VSOMA":-65.72348},{"data_generator_GSYN":0.01344,"data_generator_T":18880.0,"data_generator_VSOMA":-65.789131},{"data_generator_GSYN":0.0132,"data_generator_T":18900.0,"data_generator_VSOMA":-65.854515},{"data_generator_GSYN":0.01296,"data_generator_T":18920.0,"data_generator_VSOMA":-65.919647},{"data_generator_GSYN":0.01272,"data_generator_T":18940.0,"data_generator_VSOMA":-65.98455},{"data_generator_GSYN":0.01248,"data_generator_T":18960.0,"data_generator_VSOMA":-66.049248},{"data_generator_GSYN":0.01224,"data_generator_T":18980.0,"data_generator_VSOMA":-66.113754},{"data_generator_GSYN":0.012,"data_generator_T":19000.0,"data_generator_VSOMA":-66.178085},{"data_generator_GSYN":0.01176,"data_generator_T":19020.0,"data_generator_VSOMA":-66.242249},{"data_generator_GSYN":0.01152,"data_generator_T":19040.0,"data_generator_VSOMA":-66.306259},{"data_generator_GSYN":0.01128,"data_generator_T":19060.0,"data_generator_VSOMA":-66.370125},{"data_generator_GSYN":0.01104,"data_generator_T":19080.0,"data_generator_VSOMA":-66.433846},{"data_generator_GSYN":0.0108,"data_generator_T":19100.0,"data_generator_VSOMA":-66.497444},{"data_generator_GSYN":0.01056,"data_generator_T":19120.0,"data_generator_VSOMA":-66.560913},{"data_generator_GSYN":0.01032,"data_generator_T":19140.0,"data_generator_VSOMA":-66.624275},{"data_generator_GSYN":0.01008,"data_generator_T":19160.0,"data_generator_VSOMA":-66.687523},{"data_generator_GSYN":0.0098400004,"data_generator_T":19180.0,"data_generator_VSOMA":-66.750664},{"data_generator_GSYN":0.0096000005,"data_generator_T":19200.0,"data_generator_VSOMA":-66.813705},{"data_generator_GSYN":0.0093599996,"data_generator_T":19220.0,"data_generator_VSOMA":-66.876656},{"data_generator_GSYN":0.0091199996,"data_generator_T":19240.0,"data_generator_VSOMA":-66.939514},{"data_generator_GSYN":0.0088799996,"data_generator_T":19260.0,"data_generator_VSOMA":-67.002281},{"data_generator_GSYN":0.0086399997,"data_generator_T":19280.0,"data_generator_VSOMA":-67.06498},{"data_generator_GSYN":0.0083999997,"data_generator_T":19300.0,"data_generator_VSOMA":-67.127586},{"data_generator_GSYN":0.0081599997,"data_generator_T":19320.0,"data_generator_VSOMA":-67.190132},{"data_generator_GSYN":0.0079199998,"data_generator_T":19340.0,"data_generator_VSOMA":-67.252602},{"data_generator_GSYN":0.0076799998,"data_generator_T":19360.0,"data_generator_VSOMA":-67.315002},{"data_generator_GSYN":0.0074399998,"data_generator_T":19380.0,"data_generator_VSOMA":-67.37735},{"data_generator_GSYN":0.0071999999,"data_generator_T":19400.0,"data_generator_VSOMA":-67.439629},{"data_generator_GSYN":0.0069599999,"data_generator_T":19420.0,"data_generator_VSOMA":-67.501854},{"data_generator_GSYN":0.0067199999,"data_generator_T":19440.0,"data_generator_VSOMA":-67.564034},{"data_generator_GSYN":0.00648,"data_generator_T":19460.0,"data_generator_VSOMA":-67.626152},{"data_generator_GSYN":0.00624,"data_generator_T":19480.0,"data_generator_VSOMA":-67.688232},{"data_generator_GSYN":0.0060000001,"data_generator_T":19500.0,"data_generator_VSOMA":-67.750267},{"data_generator_GSYN":0.0057600001,"data_generator_T":19520.0,"data_generator_VSOMA":-67.812256},{"data_generator_GSYN":0.0055200001,"data_generator_T":19540.0,"data_generator_VSOMA":-67.874214},{"data_generator_GSYN":0.0052800002,"data_generator_T":19560.0,"data_generator_VSOMA":-67.936134},{"data_generator_GSYN":0.0050400002,"data_generator_T":19580.0,"data_generator_VSOMA":-67.998016},{"data_generator_GSYN":0.0048000002,"data_generator_T":19600.0,"data_generator_VSOMA":-68.059875},{"data_generator_GSYN":0.0045599998,"data_generator_T":19620.0,"data_generator_VSOMA":-68.121704},{"data_generator_GSYN":0.0043199998,"data_generator_T":19640.0,"data_generator_VSOMA":-68.18351},{"data_generator_GSYN":0.0040799999,"data_generator_T":19660.0,"data_generator_VSOMA":-68.245293},{"data_generator_GSYN":0.0038399999,"data_generator_T":19680.0,"data_generator_VSOMA":-68.307053},{"data_generator_GSYN":0.0035999999,"data_generator_T":19700.0,"data_generator_VSOMA":-68.36879},{"data_generator_GSYN":0.00336,"data_generator_T":19720.0,"data_generator_VSOMA":-68.430519},{"data_generator_GSYN":0.00312,"data_generator_T":19740.0,"data_generator_VSOMA":-68.492233},{"data_generator_GSYN":0.00288,"data_generator_T":19760.0,"data_generator_VSOMA":-68.553932},{"data_generator_GSYN":0.0026400001,"data_generator_T":19780.0,"data_generator_VSOMA":-68.615623},{"data_generator_GSYN":0.0024000001,"data_generator_T":19800.0,"data_generator_VSOMA":-68.677307},{"data_generator_GSYN":0.0021599999,"data_generator_T":19820.0,"data_generator_VSOMA":-68.738991},{"data_generator_GSYN":0.00192,"data_generator_T":19840.0,"data_generator_VSOMA":-68.800667},{"data_generator_GSYN":0.00168,"data_generator_T":19860.0,"data_generator_VSOMA":-68.862343},{"data_generator_GSYN":0.00144,"data_generator_T":19880.0,"data_generator_VSOMA":-68.924019},{"data_generator_GSYN":0.0012000001,"data_generator_T":19900.0,"data_generator_VSOMA":-68.985695},{"data_generator_GSYN":0.00096,"data_generator_T":19920.0,"data_generator_VSOMA":-69.047379},{"data_generator_GSYN":0.00072,"data_generator_T":19940.0,"data_generator_VSOMA":-69.10907},{"data_generator_GSYN":0.00048,"data_generator_T":19960.0,"data_generator_VSOMA":-69.170769},{"data_generator_GSYN":0.00024,"data_generator_T":19980.0,"data_generator_VSOMA":-69.232475},{"data_generator_GSYN":0.0,"data_generator_T":20000.0,"data_generator_VSOMA":-69.294197}]