<?xml version="1.0"?>
<rdf:RDF xmlns:rdf="http://www.w3.org/1999/02/22-rdf-syntax-ns#"><rdf:Description rdf:nodeID="n1"><rdf:first><rdf:Description rdf:nodeID="n2"/></rdf:first><rdf:rest><rdf:Description rdf:nodeID="n3"/></rdf:rest></rdf:Description><rdf:Description rdf:nodeID="n4"><variable xmlns="http://www.cellml.org/metadata/graphs/1.0#"><rdf:Description rdf:about="hornberg_binder_bruggeman_schoeberl_heinrich_westerhoff_2005.cellml#c46_c46"/></variable></rdf:Description><rdf:Description rdf:nodeID="n5"><rdf:first><rdf:Description rdf:nodeID="n6"/></rdf:first><rdf:rest><rdf:Description rdf:nodeID="n7"/></rdf:rest></rdf:Description><rdf:Description rdf:nodeID="n8"><variable xmlns="http://www.cellml.org/metadata/graphs/1.0#"><rdf:Description rdf:about="hornberg_binder_bruggeman_schoeberl_heinrich_westerhoff_2005.cellml#c97_c97"/></variable></rdf:Description><rdf:Description rdf:nodeID="n9"><variable xmlns="http://www.cellml.org/metadata/graphs/1.0#"><rdf:Description rdf:about="hornberg_binder_bruggeman_schoeberl_heinrich_westerhoff_2005.cellml#environment_time"/></variable></rdf:Description><rdf:Description rdf:nodeID="n10"><variable xmlns="http://www.cellml.org/metadata/graphs/1.0#"><rdf:Description rdf:about="hornberg_binder_bruggeman_schoeberl_heinrich_westerhoff_2005.cellml#c16_c16"/></variable></rdf:Description><rdf:Description rdf:nodeID="n11"><variable xmlns="http://www.cellml.org/metadata/graphs/1.0#"><rdf:Description rdf:about="hornberg_binder_bruggeman_schoeberl_heinrich_westerhoff_2005.cellml#c15_c15"/></variable></rdf:Description><rdf:Description rdf:nodeID="n12"><rdf:first><rdf:Description rdf:nodeID="n13"/></rdf:first><rdf:rest><rdf:Description rdf:nodeID="n14"/></rdf:rest></rdf:Description><rdf:Description rdf:nodeID="n15"><type xmlns="http://www.cellml.org/metadata/graphs/1.0#"><rdf:Description rdf:about="http://www.cellml.org/metadata/graphs/1.0#scatter"/></type><glyph xmlns="http://www.cellml.org/metadata/graphs/1.0#"><rdf:Description rdf:about="http://www.cellml.org/metadata/graphs/1.0#nonstandard-none"/></glyph><colour xmlns="http://www.cellml.org/metadata/graphs/1.0#" xml:lang="en">#57bb06</colour><variable xmlns="http://www.cellml.org/metadata/graphs/1.0#x-"><rdf:Description rdf:nodeID="n16"/></variable><variable xmlns="http://www.cellml.org/metadata/graphs/1.0#y-"><rdf:Description rdf:nodeID="n17"/></variable></rdf:Description><rdf:Description rdf:nodeID="n18"><type xmlns="http://www.cellml.org/metadata/graphs/1.0#"><rdf:Description rdf:about="http://www.cellml.org/metadata/graphs/1.0#scatter"/></type><glyph xmlns="http://www.cellml.org/metadata/graphs/1.0#"><rdf:Description rdf:about="http://www.cellml.org/metadata/graphs/1.0#nonstandard-none"/></glyph><colour xmlns="http://www.cellml.org/metadata/graphs/1.0#" xml:lang="en">#7fad07</colour><variable xmlns="http://www.cellml.org/metadata/graphs/1.0#x-"><rdf:Description rdf:nodeID="n19"/></variable><variable xmlns="http://www.cellml.org/metadata/graphs/1.0#y-"><rdf:Description rdf:nodeID="n20"/></variable></rdf:Description><rdf:Description rdf:nodeID="n21"><type xmlns="http://www.cellml.org/metadata/graphs/1.0#"><rdf:Description rdf:about="http://www.cellml.org/metadata/graphs/1.0#scatter"/></type><glyph xmlns="http://www.cellml.org/metadata/graphs/1.0#"><rdf:Description rdf:about="http://www.cellml.org/metadata/graphs/1.0#nonstandard-none"/></glyph><colour xmlns="http://www.cellml.org/metadata/graphs/1.0#" xml:lang="en">#983f00</colour><variable xmlns="http://www.cellml.org/metadata/graphs/1.0#x-"><rdf:Description rdf:nodeID="n22"/></variable><variable xmlns="http://www.cellml.org/metadata/graphs/1.0#y-"><rdf:Description rdf:nodeID="n23"/></variable></rdf:Description><rdf:Description rdf:nodeID="n24"><variable xmlns="http://www.cellml.org/metadata/graphs/1.0#"><rdf:Description rdf:about="hornberg_binder_bruggeman_schoeberl_heinrich_westerhoff_2005.cellml#environment_time"/></variable></rdf:Description><rdf:Description rdf:about="http://www.cellml.org/tools/opencell/splitter/intergraph2"><splitterState_collapsedAfter xmlns="http://www.cellml.org/tools/opencell/" xml:lang="en">true</splitterState_collapsedAfter></rdf:Description><rdf:Description rdf:nodeID="n25"><variable xmlns="http://www.cellml.org/metadata/graphs/1.0#"><rdf:Description rdf:about="hornberg_binder_bruggeman_schoeberl_heinrich_westerhoff_2005.cellml#c1_c1"/></variable></rdf:Description><rdf:Description rdf:nodeID="n26"><variable xmlns="http://www.cellml.org/metadata/graphs/1.0#"><rdf:Description rdf:about="hornberg_binder_bruggeman_schoeberl_heinrich_westerhoff_2005.cellml#c4_c4"/></variable></rdf:Description><rdf:Description rdf:nodeID="n27"><type xmlns="http://www.cellml.org/metadata/graphs/1.0#"><rdf:Description rdf:about="http://www.cellml.org/metadata/graphs/1.0#scatter"/></type><glyph xmlns="http://www.cellml.org/metadata/graphs/1.0#"><rdf:Description rdf:about="http://www.cellml.org/metadata/graphs/1.0#nonstandard-none"/></glyph><colour xmlns="http://www.cellml.org/metadata/graphs/1.0#" xml:lang="en">#ae9efe</colour><variable xmlns="http://www.cellml.org/metadata/graphs/1.0#x-"><rdf:Description rdf:nodeID="n28"/></variable><variable xmlns="http://www.cellml.org/metadata/graphs/1.0#y-"><rdf:Description rdf:nodeID="n29"/></variable></rdf:Description><rdf:Description rdf:nodeID="n30"><type xmlns="http://www.cellml.org/metadata/graphs/1.0#"><rdf:Description rdf:about="http://www.cellml.org/metadata/graphs/1.0#line"/></type><colour xmlns="http://www.cellml.org/metadata/graphs/1.0#" xml:lang="en">#099999</colour><variable xmlns="http://www.cellml.org/metadata/graphs/1.0#x-"><rdf:Description rdf:nodeID="n31"/></variable><variable xmlns="http://www.cellml.org/metadata/graphs/1.0#y-"><rdf:Description rdf:nodeID="n32"/></variable></rdf:Description><rdf:Description rdf:nodeID="n33"><graphname xmlns="http://www.cellml.org/tools/pcenv/" xml:lang="en">Traces: Clickable elements against Time (s)</graphname><graphname xmlns="http://www.cellml.org/tools/opencell/" xml:lang="en">Traces: Clickable elements against Time (s)</graphname><traces xmlns="http://www.cellml.org/metadata/graphs/1.0#"><rdf:Description rdf:nodeID="n34"/></traces><scaling xmlns="http://www.cellml.org/metadata/graphs/1.0#x-"><rdf:Description rdf:about="http://www.cellml.org/metadata/graphs/1.0#identity"/></scaling><scaling xmlns="http://www.cellml.org/metadata/graphs/1.0#y-"><rdf:Description rdf:about="http://www.cellml.org/metadata/graphs/1.0#identity"/></scaling><decoration xmlns="http://www.cellml.org/metadata/graphs/1.0#"><rdf:Description rdf:about="http://www.cellml.org/metadata/graphs/1.0#none"/></decoration></rdf:Description><rdf:Description rdf:nodeID="n29"><variable xmlns="http://www.cellml.org/metadata/graphs/1.0#"><rdf:Description rdf:about="hornberg_binder_bruggeman_schoeberl_heinrich_westerhoff_2005.cellml#c55_c55"/></variable></rdf:Description><rdf:Description rdf:nodeID="n35"><rdf:first><rdf:Description rdf:nodeID="n36"/></rdf:first><rdf:rest><rdf:Description rdf:nodeID="n37"/></rdf:rest></rdf:Description><rdf:Description rdf:nodeID="n38"><variable xmlns="http://www.cellml.org/metadata/graphs/1.0#"><rdf:Description rdf:about="hornberg_binder_bruggeman_schoeberl_heinrich_westerhoff_2005.cellml#c34_c34"/></variable></rdf:Description><rdf:Description rdf:nodeID="n39"><variable xmlns="http://www.cellml.org/metadata/graphs/1.0#"><rdf:Description rdf:about="hornberg_binder_bruggeman_schoeberl_heinrich_westerhoff_2005.cellml#c56_c56"/></variable></rdf:Description><rdf:Description rdf:nodeID="n40"><variable xmlns="http://www.cellml.org/metadata/graphs/1.0#"><rdf:Description rdf:about="hornberg_binder_bruggeman_schoeberl_heinrich_westerhoff_2005.cellml#environment_time"/></variable></rdf:Description><rdf:Description rdf:nodeID="n41"><variable xmlns="http://www.cellml.org/metadata/graphs/1.0#"><rdf:Description rdf:about="hornberg_binder_bruggeman_schoeberl_heinrich_westerhoff_2005.cellml#c51_c51"/></variable></rdf:Description><rdf:Description rdf:nodeID="n42"><type xmlns="http://www.cellml.org/metadata/graphs/1.0#"><rdf:Description rdf:about="http://www.cellml.org/metadata/graphs/1.0#scatter"/></type><glyph xmlns="http://www.cellml.org/metadata/graphs/1.0#"><rdf:Description rdf:about="http://www.cellml.org/metadata/graphs/1.0#nonstandard-none"/></glyph><colour xmlns="http://www.cellml.org/metadata/graphs/1.0#" xml:lang="en">#099999</colour><variable xmlns="http://www.cellml.org/metadata/graphs/1.0#x-"><rdf:Description rdf:nodeID="n43"/></variable><variable xmlns="http://www.cellml.org/metadata/graphs/1.0#y-"><rdf:Description rdf:nodeID="n25"/></variable></rdf:Description><rdf:Description rdf:nodeID="n44"><type xmlns="http://www.cellml.org/metadata/graphs/1.0#"><rdf:Description rdf:about="http://www.cellml.org/metadata/graphs/1.0#scatter"/></type><glyph xmlns="http://www.cellml.org/metadata/graphs/1.0#"><rdf:Description rdf:about="http://www.cellml.org/metadata/graphs/1.0#nonstandard-none"/></glyph><colour xmlns="http://www.cellml.org/metadata/graphs/1.0#" xml:lang="en">#f3d4b3</colour><variable xmlns="http://www.cellml.org/metadata/graphs/1.0#x-"><rdf:Description rdf:nodeID="n45"/></variable><variable xmlns="http://www.cellml.org/metadata/graphs/1.0#y-"><rdf:Description rdf:nodeID="n46"/></variable></rdf:Description><rdf:Description rdf:nodeID="n47"><variable xmlns="http://www.cellml.org/metadata/graphs/1.0#"><rdf:Description rdf:about="hornberg_binder_bruggeman_schoeberl_heinrich_westerhoff_2005.cellml#c62_c62"/></variable></rdf:Description><rdf:Description rdf:nodeID="n48"><type xmlns="http://www.cellml.org/metadata/graphs/1.0#"><rdf:Description rdf:about="http://www.cellml.org/metadata/graphs/1.0#scatter"/></type><glyph xmlns="http://www.cellml.org/metadata/graphs/1.0#"><rdf:Description rdf:about="http://www.cellml.org/metadata/graphs/1.0#nonstandard-none"/></glyph><colour xmlns="http://www.cellml.org/metadata/graphs/1.0#" xml:lang="en">#31e43c</colour><variable xmlns="http://www.cellml.org/metadata/graphs/1.0#x-"><rdf:Description rdf:nodeID="n49"/></variable><variable xmlns="http://www.cellml.org/metadata/graphs/1.0#y-"><rdf:Description rdf:nodeID="n50"/></variable></rdf:Description><rdf:Description rdf:nodeID="n51"><rdf:first><rdf:Description rdf:nodeID="n52"/></rdf:first><rdf:rest><rdf:Description rdf:nodeID="n53"/></rdf:rest></rdf:Description><rdf:Description rdf:nodeID="n54"><rdf:first><rdf:Description rdf:nodeID="n55"/></rdf:first></rdf:Description><rdf:Description rdf:nodeID="n56"><variable xmlns="http://www.cellml.org/metadata/graphs/1.0#"><rdf:Description rdf:about="hornberg_binder_bruggeman_schoeberl_heinrich_westerhoff_2005.cellml#c11_c11"/></variable></rdf:Description><rdf:Description rdf:nodeID="n37"><rdf:first><rdf:Description rdf:nodeID="n57"/></rdf:first><rdf:rest><rdf:Description rdf:nodeID="n58"/></rdf:rest></rdf:Description><rdf:Description rdf:nodeID="n59"><rdf:first><rdf:Description rdf:nodeID="n60"/></rdf:first><rdf:rest><rdf:Description rdf:about="http://www.w3.org/1999/02/22-rdf-syntax-ns#nil"/></rdf:rest></rdf:Description><rdf:Description rdf:nodeID="n61"><variable xmlns="http://www.cellml.org/metadata/graphs/1.0#"><rdf:Description rdf:about="hornberg_binder_bruggeman_schoeberl_heinrich_westerhoff_2005.cellml#environment_time"/></variable></rdf:Description><rdf:Description rdf:nodeID="n43"><variable xmlns="http://www.cellml.org/metadata/graphs/1.0#"><rdf:Description rdf:about="hornberg_binder_bruggeman_schoeberl_heinrich_westerhoff_2005.cellml#environment_time"/></variable></rdf:Description><rdf:Description rdf:nodeID="n62"><variable xmlns="http://www.cellml.org/metadata/graphs/1.0#"><rdf:Description rdf:about="hornberg_binder_bruggeman_schoeberl_heinrich_westerhoff_2005.cellml#c24_c24"/></variable></rdf:Description><rdf:Description rdf:nodeID="n63"><variable xmlns="http://www.cellml.org/metadata/graphs/1.0#"><rdf:Description rdf:about="hornberg_binder_bruggeman_schoeberl_heinrich_westerhoff_2005.cellml#c22_c22"/></variable></rdf:Description><rdf:Description rdf:nodeID="n64"><rdf:first><rdf:Description rdf:nodeID="n65"/></rdf:first><rdf:rest><rdf:Description rdf:nodeID="n66"/></rdf:rest></rdf:Description><rdf:Description rdf:nodeID="n67"><variable xmlns="http://www.cellml.org/metadata/graphs/1.0#"><rdf:Description rdf:about="hornberg_binder_bruggeman_schoeberl_heinrich_westerhoff_2005.cellml#environment_time"/></variable></rdf:Description><rdf:Description rdf:nodeID="n3"><rdf:first><rdf:Description rdf:nodeID="n33"/></rdf:first><rdf:rest><rdf:Description rdf:about="http://www.w3.org/1999/02/22-rdf-syntax-ns#nil"/></rdf:rest></rdf:Description><rdf:Description rdf:nodeID="n68"><rdf:first><rdf:Description rdf:nodeID="n69"/></rdf:first><rdf:rest><rdf:Description rdf:nodeID="n5"/></rdf:rest></rdf:Description><rdf:Description rdf:nodeID="n70"><variable xmlns="http://www.cellml.org/metadata/graphs/1.0#"><rdf:Description rdf:about="hornberg_binder_bruggeman_schoeberl_heinrich_westerhoff_2005.cellml#c95_c95"/></variable></rdf:Description><rdf:Description rdf:about="http://www.cellml.org/tools/opencell/loadedModels"><rdf:_1><rdf:Description rdf:about="hornberg_binder_bruggeman_schoeberl_heinrich_westerhoff_2005.cellml"/></rdf:_1></rdf:Description><rdf:Description rdf:nodeID="n71"><variable xmlns="http://www.cellml.org/metadata/graphs/1.0#"><rdf:Description rdf:about="hornberg_binder_bruggeman_schoeberl_heinrich_westerhoff_2005.cellml#environment_time"/></variable></rdf:Description><rdf:Description rdf:nodeID="n72"><rdf:first><rdf:Description rdf:nodeID="n73"/></rdf:first><rdf:rest><rdf:Description rdf:nodeID="n59"/></rdf:rest></rdf:Description><rdf:Description rdf:nodeID="n34"><rdf:first><rdf:Description rdf:nodeID="n74"/></rdf:first></rdf:Description><rdf:Description rdf:nodeID="n75"><variable xmlns="http://www.cellml.org/metadata/graphs/1.0#"><rdf:Description rdf:about="hornberg_binder_bruggeman_schoeberl_heinrich_westerhoff_2005.cellml#environment_time"/></variable></rdf:Description><rdf:Description rdf:nodeID="n76"><rdf:first><rdf:Description rdf:nodeID="n77"/></rdf:first><rdf:rest><rdf:Description rdf:nodeID="n78"/></rdf:rest></rdf:Description><rdf:Description rdf:nodeID="n79"><variable xmlns="http://www.cellml.org/metadata/graphs/1.0#"><rdf:Description rdf:about="hornberg_binder_bruggeman_schoeberl_heinrich_westerhoff_2005.cellml#environment_time"/></variable></rdf:Description><rdf:Description rdf:nodeID="n80"><variable xmlns="http://www.cellml.org/metadata/graphs/1.0#"><rdf:Description rdf:about="hornberg_binder_bruggeman_schoeberl_heinrich_westerhoff_2005.cellml#c23_c23"/></variable></rdf:Description><rdf:Description rdf:nodeID="n81"><variable xmlns="http://www.cellml.org/metadata/graphs/1.0#"><rdf:Description rdf:about="hornberg_binder_bruggeman_schoeberl_heinrich_westerhoff_2005.cellml#c26_c26"/></variable></rdf:Description><rdf:Description rdf:nodeID="n16"><variable xmlns="http://www.cellml.org/metadata/graphs/1.0#"><rdf:Description rdf:about="hornberg_binder_bruggeman_schoeberl_heinrich_westerhoff_2005.cellml#environment_time"/></variable></rdf:Description><rdf:Description rdf:nodeID="n82"><variable xmlns="http://www.cellml.org/metadata/graphs/1.0#"><rdf:Description rdf:about="hornberg_binder_bruggeman_schoeberl_heinrich_westerhoff_2005.cellml#environment_time"/></variable></rdf:Description><rdf:Description rdf:about="http://www.cellml.org/tools/pcenv/splitter/graph_sel_graph1"><activegraph xmlns="http://www.cellml.org/tools/pcenv/"><rdf:Description rdf:nodeID="n33"/></activegraph></rdf:Description><rdf:Description rdf:nodeID="n83"><rdf:first><rdf:Description rdf:nodeID="n84"/></rdf:first><rdf:rest><rdf:Description rdf:nodeID="n85"/></rdf:rest></rdf:Description><rdf:Description rdf:about="http://www.cellml.org/tools/pcenv/splitter/graph_key_graph2"><splitterState_collapsedAfter xmlns="http://www.cellml.org/tools/pcenv/" xml:lang="en">true</splitterState_collapsedAfter><splitterState_nextHeight xmlns="http://www.cellml.org/tools/pcenv/" xml:lang="en">0</splitterState_nextHeight></rdf:Description><rdf:Description rdf:nodeID="n86"><variable xmlns="http://www.cellml.org/metadata/graphs/1.0#"><rdf:Description rdf:about="hornberg_binder_bruggeman_schoeberl_heinrich_westerhoff_2005.cellml#c54_c54"/></variable></rdf:Description><rdf:Description rdf:nodeID="n87"><variable xmlns="http://www.cellml.org/metadata/graphs/1.0#"><rdf:Description rdf:about="hornberg_binder_bruggeman_schoeberl_heinrich_westerhoff_2005.cellml#environment_time"/></variable></rdf:Description><rdf:Description rdf:nodeID="n55"><rdf:first><rdf:Description rdf:nodeID="n30"/></rdf:first><rdf:rest><rdf:Description rdf:about="http://www.w3.org/1999/02/22-rdf-syntax-ns#nil"/></rdf:rest></rdf:Description><rdf:Description rdf:nodeID="n88"><variable xmlns="http://www.cellml.org/metadata/graphs/1.0#"><rdf:Description rdf:about="hornberg_binder_bruggeman_schoeberl_heinrich_westerhoff_2005.cellml#c39_c39"/></variable></rdf:Description><rdf:Description rdf:nodeID="n89"><variable xmlns="http://www.cellml.org/metadata/graphs/1.0#"><rdf:Description rdf:about="hornberg_binder_bruggeman_schoeberl_heinrich_westerhoff_2005.cellml#c13_c13"/></variable></rdf:Description><rdf:Description rdf:nodeID="n90"><variable xmlns="http://www.cellml.org/metadata/graphs/1.0#"><rdf:Description rdf:about="hornberg_binder_bruggeman_schoeberl_heinrich_westerhoff_2005.cellml#environment_time"/></variable></rdf:Description><rdf:Description rdf:about="http://www.cellml.org/tools/pcenv/splitter/graph_key_graph3"><splitterState_collapsedAfter xmlns="http://www.cellml.org/tools/pcenv/" xml:lang="en">true</splitterState_collapsedAfter><splitterState_nextHeight xmlns="http://www.cellml.org/tools/pcenv/" xml:lang="en">0</splitterState_nextHeight></rdf:Description><rdf:Description rdf:nodeID="n91"><type xmlns="http://www.cellml.org/metadata/graphs/1.0#"><rdf:Description rdf:about="http://www.cellml.org/metadata/graphs/1.0#scatter"/></type><glyph xmlns="http://www.cellml.org/metadata/graphs/1.0#"><rdf:Description rdf:about="http://www.cellml.org/metadata/graphs/1.0#nonstandard-none"/></glyph><colour xmlns="http://www.cellml.org/metadata/graphs/1.0#" xml:lang="en">#c31a5a</colour><variable xmlns="http://www.cellml.org/metadata/graphs/1.0#x-"><rdf:Description rdf:nodeID="n92"/></variable><variable xmlns="http://www.cellml.org/metadata/graphs/1.0#y-"><rdf:Description rdf:nodeID="n11"/></variable></rdf:Description><rdf:Description rdf:about="hornberg_binder_bruggeman_schoeberl_heinrich_westerhoff_2005.cellml"><modelfrozen xmlns="http://www.cellml.org/tools/pcenv/" xml:lang="en">true</modelfrozen><derivedmodels xmlns="http://www.cellml.org/tools/pcenv/"><rdf:Description rdf:nodeID="n93"/></derivedmodels><modelfrozen xmlns="http://www.cellml.org/tools/opencell/" xml:lang="en">true</modelfrozen><modelname xmlns="http://www.cellml.org/tools/pcenv/" xml:lang="en">hornberg_model_2005</modelname><modelname xmlns="http://www.cellml.org/tools/opencell/" xml:lang="en">hornberg_model_2005</modelname><derivedmodels xmlns="http://www.cellml.org/tools/opencell/"><rdf:Description rdf:nodeID="n93"/></derivedmodels></rdf:Description><rdf:Description rdf:nodeID="n94"><variable xmlns="http://www.cellml.org/metadata/graphs/1.0#"><rdf:Description rdf:about="hornberg_binder_bruggeman_schoeberl_heinrich_westerhoff_2005.cellml#environment_time"/></variable></rdf:Description><rdf:Description rdf:nodeID="n95"><type xmlns="http://www.cellml.org/metadata/graphs/1.0#"><rdf:Description rdf:about="http://www.cellml.org/metadata/graphs/1.0#scatter"/></type><glyph xmlns="http://www.cellml.org/metadata/graphs/1.0#"><rdf:Description rdf:about="http://www.cellml.org/metadata/graphs/1.0#nonstandard-none"/></glyph><colour xmlns="http://www.cellml.org/metadata/graphs/1.0#" xml:lang="en">#c6f1bd</colour><variable xmlns="http://www.cellml.org/metadata/graphs/1.0#x-"><rdf:Description rdf:nodeID="n96"/></variable><variable xmlns="http://www.cellml.org/metadata/graphs/1.0#y-"><rdf:Description rdf:nodeID="n97"/></variable></rdf:Description><rdf:Description rdf:nodeID="n98"><type xmlns="http://www.cellml.org/metadata/graphs/1.0#"><rdf:Description rdf:about="http://www.cellml.org/metadata/graphs/1.0#scatter"/></type><glyph xmlns="http://www.cellml.org/metadata/graphs/1.0#"><rdf:Description rdf:about="http://www.cellml.org/metadata/graphs/1.0#nonstandard-none"/></glyph><colour xmlns="http://www.cellml.org/metadata/graphs/1.0#" xml:lang="en">#ae53cd</colour><variable xmlns="http://www.cellml.org/metadata/graphs/1.0#x-"><rdf:Description rdf:nodeID="n99"/></variable><variable xmlns="http://www.cellml.org/metadata/graphs/1.0#y-"><rdf:Description rdf:nodeID="n100"/></variable></rdf:Description><rdf:Description rdf:nodeID="n101"><variable xmlns="http://www.cellml.org/metadata/graphs/1.0#"><rdf:Description rdf:about="hornberg_binder_bruggeman_schoeberl_heinrich_westerhoff_2005.cellml#c41_c41"/></variable></rdf:Description><rdf:Description rdf:nodeID="n102"><variable xmlns="http://www.cellml.org/metadata/graphs/1.0#"><rdf:Description rdf:about="hornberg_binder_bruggeman_schoeberl_heinrich_westerhoff_2005.cellml#environment_time"/></variable></rdf:Description><rdf:Description rdf:nodeID="n103"><variable xmlns="http://www.cellml.org/metadata/graphs/1.0#"><rdf:Description rdf:about="hornberg_binder_bruggeman_schoeberl_heinrich_westerhoff_2005.cellml#environment_time"/></variable></rdf:Description><rdf:Description rdf:nodeID="n104"><variable xmlns="http://www.cellml.org/metadata/graphs/1.0#"><rdf:Description rdf:about="hornberg_binder_bruggeman_schoeberl_heinrich_westerhoff_2005.cellml#c44_c44"/></variable></rdf:Description><rdf:Description rdf:nodeID="n46"><variable xmlns="http://www.cellml.org/metadata/graphs/1.0#"><rdf:Description rdf:about="hornberg_binder_bruggeman_schoeberl_heinrich_westerhoff_2005.cellml#c2_c2"/></variable></rdf:Description><rdf:Description rdf:nodeID="n105"><type xmlns="http://www.cellml.org/metadata/graphs/1.0#"><rdf:Description rdf:about="http://www.cellml.org/metadata/graphs/1.0#scatter"/></type><glyph xmlns="http://www.cellml.org/metadata/graphs/1.0#"><rdf:Description rdf:about="http://www.cellml.org/metadata/graphs/1.0#nonstandard-none"/></glyph><colour xmlns="http://www.cellml.org/metadata/graphs/1.0#" xml:lang="en">#5e31ae</colour><variable xmlns="http://www.cellml.org/metadata/graphs/1.0#x-"><rdf:Description rdf:nodeID="n106"/></variable><variable xmlns="http://www.cellml.org/metadata/graphs/1.0#y-"><rdf:Description rdf:nodeID="n107"/></variable></rdf:Description><rdf:Description rdf:nodeID="n108"><variable xmlns="http://www.cellml.org/metadata/graphs/1.0#"><rdf:Description rdf:about="hornberg_binder_bruggeman_schoeberl_heinrich_westerhoff_2005.cellml#c42_c42"/></variable></rdf:Description><rdf:Description rdf:nodeID="n109"><variable xmlns="http://www.cellml.org/metadata/graphs/1.0#"><rdf:Description rdf:about="hornberg_binder_bruggeman_schoeberl_heinrich_westerhoff_2005.cellml#c37_c37"/></variable></rdf:Description><rdf:Description rdf:nodeID="n110"><rdf:first><rdf:Description rdf:nodeID="n105"/></rdf:first><rdf:rest><rdf:Description rdf:nodeID="n111"/></rdf:rest></rdf:Description><rdf:Description rdf:nodeID="n112"><variable xmlns="http://www.cellml.org/metadata/graphs/1.0#"><rdf:Description rdf:about="hornberg_binder_bruggeman_schoeberl_heinrich_westerhoff_2005.cellml#environment_time"/></variable></rdf:Description><rdf:Description rdf:nodeID="n113"><type xmlns="http://www.cellml.org/metadata/graphs/1.0#"><rdf:Description rdf:about="http://www.cellml.org/metadata/graphs/1.0#scatter"/></type><glyph xmlns="http://www.cellml.org/metadata/graphs/1.0#"><rdf:Description rdf:about="http://www.cellml.org/metadata/graphs/1.0#nonstandard-none"/></glyph><colour xmlns="http://www.cellml.org/metadata/graphs/1.0#" xml:lang="en">#87cf59</colour><variable xmlns="http://www.cellml.org/metadata/graphs/1.0#x-"><rdf:Description rdf:nodeID="n114"/></variable><variable xmlns="http://www.cellml.org/metadata/graphs/1.0#y-"><rdf:Description rdf:nodeID="n115"/></variable></rdf:Description><rdf:Description rdf:nodeID="n45"><variable xmlns="http://www.cellml.org/metadata/graphs/1.0#"><rdf:Description rdf:about="hornberg_binder_bruggeman_schoeberl_heinrich_westerhoff_2005.cellml#environment_time"/></variable></rdf:Description><rdf:Description rdf:nodeID="n116"><rdf:first><rdf:Description rdf:nodeID="n113"/></rdf:first><rdf:rest><rdf:Description rdf:nodeID="n117"/></rdf:rest></rdf:Description><rdf:Description rdf:nodeID="n118"><type xmlns="http://www.cellml.org/metadata/graphs/1.0#"><rdf:Description rdf:about="http://www.cellml.org/metadata/graphs/1.0#scatter"/></type><glyph xmlns="http://www.cellml.org/metadata/graphs/1.0#"><rdf:Description rdf:about="http://www.cellml.org/metadata/graphs/1.0#nonstandard-none"/></glyph><colour xmlns="http://www.cellml.org/metadata/graphs/1.0#" xml:lang="en">#d9d243</colour><variable xmlns="http://www.cellml.org/metadata/graphs/1.0#x-"><rdf:Description rdf:nodeID="n119"/></variable><variable xmlns="http://www.cellml.org/metadata/graphs/1.0#y-"><rdf:Description rdf:nodeID="n62"/></variable></rdf:Description><rdf:Description rdf:nodeID="n120"><variable xmlns="http://www.cellml.org/metadata/graphs/1.0#"><rdf:Description rdf:about="hornberg_binder_bruggeman_schoeberl_heinrich_westerhoff_2005.cellml#c31_c31"/></variable></rdf:Description><rdf:Description rdf:nodeID="n121"><rdf:first><rdf:Description rdf:nodeID="n122"/></rdf:first><rdf:rest><rdf:Description rdf:nodeID="n123"/></rdf:rest></rdf:Description><rdf:Description rdf:nodeID="n124"><variable xmlns="http://www.cellml.org/metadata/graphs/1.0#"><rdf:Description rdf:about="hornberg_binder_bruggeman_schoeberl_heinrich_westerhoff_2005.cellml#c35_c35"/></variable></rdf:Description><rdf:Description rdf:nodeID="n125"><variable xmlns="http://www.cellml.org/metadata/graphs/1.0#"><rdf:Description rdf:about="hornberg_binder_bruggeman_schoeberl_heinrich_westerhoff_2005.cellml#c14_c14"/></variable></rdf:Description><rdf:Description rdf:nodeID="n107"><variable xmlns="http://www.cellml.org/metadata/graphs/1.0#"><rdf:Description rdf:about="hornberg_binder_bruggeman_schoeberl_heinrich_westerhoff_2005.cellml#c12_c12"/></variable></rdf:Description><rdf:Description rdf:nodeID="n126"><type xmlns="http://www.cellml.org/metadata/graphs/1.0#"><rdf:Description rdf:about="http://www.cellml.org/metadata/graphs/1.0#scatter"/></type><glyph xmlns="http://www.cellml.org/metadata/graphs/1.0#"><rdf:Description rdf:about="http://www.cellml.org/metadata/graphs/1.0#nonstandard-none"/></glyph><colour xmlns="http://www.cellml.org/metadata/graphs/1.0#" xml:lang="en">#bbc058</colour><variable xmlns="http://www.cellml.org/metadata/graphs/1.0#x-"><rdf:Description rdf:nodeID="n103"/></variable><variable xmlns="http://www.cellml.org/metadata/graphs/1.0#y-"><rdf:Description rdf:nodeID="n101"/></variable></rdf:Description><rdf:Description rdf:nodeID="n127"><variable xmlns="http://www.cellml.org/metadata/graphs/1.0#"><rdf:Description rdf:about="hornberg_binder_bruggeman_schoeberl_heinrich_westerhoff_2005.cellml#c40_c40"/></variable></rdf:Description><rdf:Description rdf:about="http://www.cellml.org/tools/pcenv/splitter/intergraph2"><splitterState_collapsedAfter xmlns="http://www.cellml.org/tools/pcenv/" xml:lang="en">true</splitterState_collapsedAfter></rdf:Description><rdf:Description rdf:nodeID="n128"><rdf:first><rdf:Description rdf:nodeID="n129"/></rdf:first><rdf:rest><rdf:Description rdf:nodeID="n130"/></rdf:rest></rdf:Description><rdf:Description rdf:nodeID="n131"><variable xmlns="http://www.cellml.org/metadata/graphs/1.0#"><rdf:Description rdf:about="hornberg_binder_bruggeman_schoeberl_heinrich_westerhoff_2005.cellml#c53_c53"/></variable></rdf:Description><rdf:Description rdf:nodeID="n84"><type xmlns="http://www.cellml.org/metadata/graphs/1.0#"><rdf:Description rdf:about="http://www.cellml.org/metadata/graphs/1.0#scatter"/></type><glyph xmlns="http://www.cellml.org/metadata/graphs/1.0#"><rdf:Description rdf:about="http://www.cellml.org/metadata/graphs/1.0#nonstandard-none"/></glyph><colour xmlns="http://www.cellml.org/metadata/graphs/1.0#" xml:lang="en">#29cf52</colour><variable xmlns="http://www.cellml.org/metadata/graphs/1.0#x-"><rdf:Description rdf:nodeID="n132"/></variable><variable xmlns="http://www.cellml.org/metadata/graphs/1.0#y-"><rdf:Description rdf:nodeID="n133"/></variable></rdf:Description><rdf:Description rdf:nodeID="n134"><rdf:first><rdf:Description rdf:nodeID="n135"/></rdf:first><rdf:rest><rdf:Description rdf:nodeID="n76"/></rdf:rest></rdf:Description><rdf:Description rdf:nodeID="n136"><type xmlns="http://www.cellml.org/metadata/graphs/1.0#"><rdf:Description rdf:about="http://www.cellml.org/metadata/graphs/1.0#scatter"/></type><glyph xmlns="http://www.cellml.org/metadata/graphs/1.0#"><rdf:Description rdf:about="http://www.cellml.org/metadata/graphs/1.0#nonstandard-none"/></glyph><colour xmlns="http://www.cellml.org/metadata/graphs/1.0#" xml:lang="en">#18fdbf</colour><variable xmlns="http://www.cellml.org/metadata/graphs/1.0#x-"><rdf:Description rdf:nodeID="n137"/></variable><variable xmlns="http://www.cellml.org/metadata/graphs/1.0#y-"><rdf:Description rdf:nodeID="n138"/></variable></rdf:Description><rdf:Description rdf:nodeID="n139"><type xmlns="http://www.cellml.org/metadata/graphs/1.0#"><rdf:Description rdf:about="http://www.cellml.org/metadata/graphs/1.0#scatter"/></type><glyph xmlns="http://www.cellml.org/metadata/graphs/1.0#"><rdf:Description rdf:about="http://www.cellml.org/metadata/graphs/1.0#nonstandard-none"/></glyph><colour xmlns="http://www.cellml.org/metadata/graphs/1.0#" xml:lang="en">#c3ae5b</colour><variable xmlns="http://www.cellml.org/metadata/graphs/1.0#x-"><rdf:Description rdf:nodeID="n140"/></variable><variable xmlns="http://www.cellml.org/metadata/graphs/1.0#y-"><rdf:Description rdf:nodeID="n141"/></variable></rdf:Description><rdf:Description rdf:nodeID="n142"><type xmlns="http://www.cellml.org/metadata/graphs/1.0#"><rdf:Description rdf:about="http://www.cellml.org/metadata/graphs/1.0#scatter"/></type><glyph xmlns="http://www.cellml.org/metadata/graphs/1.0#"><rdf:Description rdf:about="http://www.cellml.org/metadata/graphs/1.0#nonstandard-none"/></glyph><colour xmlns="http://www.cellml.org/metadata/graphs/1.0#" xml:lang="en">#70d994</colour><variable xmlns="http://www.cellml.org/metadata/graphs/1.0#x-"><rdf:Description rdf:nodeID="n143"/></variable><variable xmlns="http://www.cellml.org/metadata/graphs/1.0#y-"><rdf:Description rdf:nodeID="n144"/></variable></rdf:Description><rdf:Description rdf:nodeID="n145"><variable xmlns="http://www.cellml.org/metadata/graphs/1.0#"><rdf:Description rdf:about="hornberg_binder_bruggeman_schoeberl_heinrich_westerhoff_2005.cellml#c10_c10"/></variable></rdf:Description><rdf:Description rdf:nodeID="n7"><rdf:first><rdf:Description rdf:nodeID="n118"/></rdf:first><rdf:rest><rdf:Description rdf:nodeID="n146"/></rdf:rest></rdf:Description><rdf:Description rdf:nodeID="n147"><variable xmlns="http://www.cellml.org/metadata/graphs/1.0#"><rdf:Description rdf:about="hornberg_binder_bruggeman_schoeberl_heinrich_westerhoff_2005.cellml#environment_time"/></variable></rdf:Description><rdf:Description rdf:nodeID="n85"><rdf:first><rdf:Description rdf:nodeID="n148"/></rdf:first><rdf:rest><rdf:Description rdf:nodeID="n149"/></rdf:rest></rdf:Description><rdf:Description rdf:nodeID="n66"><rdf:first><rdf:Description rdf:nodeID="n150"/></rdf:first><rdf:rest><rdf:Description rdf:nodeID="n151"/></rdf:rest></rdf:Description><rdf:Description rdf:nodeID="n152"><type xmlns="http://www.cellml.org/metadata/graphs/1.0#"><rdf:Description rdf:about="http://www.cellml.org/metadata/graphs/1.0#scatter"/></type><glyph xmlns="http://www.cellml.org/metadata/graphs/1.0#"><rdf:Description rdf:about="http://www.cellml.org/metadata/graphs/1.0#nonstandard-none"/></glyph><colour xmlns="http://www.cellml.org/metadata/graphs/1.0#" xml:lang="en">#7ce8ed</colour><variable xmlns="http://www.cellml.org/metadata/graphs/1.0#x-"><rdf:Description rdf:nodeID="n153"/></variable><variable xmlns="http://www.cellml.org/metadata/graphs/1.0#y-"><rdf:Description rdf:nodeID="n131"/></variable></rdf:Description><rdf:Description rdf:nodeID="n154"><variable xmlns="http://www.cellml.org/metadata/graphs/1.0#"><rdf:Description rdf:about="hornberg_binder_bruggeman_schoeberl_heinrich_westerhoff_2005.cellml#environment_time"/></variable></rdf:Description><rdf:Description rdf:nodeID="n133"><variable xmlns="http://www.cellml.org/metadata/graphs/1.0#"><rdf:Description rdf:about="hornberg_binder_bruggeman_schoeberl_heinrich_westerhoff_2005.cellml#c43_c43"/></variable></rdf:Description><rdf:Description rdf:nodeID="n155"><variable xmlns="http://www.cellml.org/metadata/graphs/1.0#"><rdf:Description rdf:about="hornberg_binder_bruggeman_schoeberl_heinrich_westerhoff_2005.cellml#environment_time"/></variable></rdf:Description><rdf:Description rdf:nodeID="n156"><variable xmlns="http://www.cellml.org/metadata/graphs/1.0#"><rdf:Description rdf:about="hornberg_binder_bruggeman_schoeberl_heinrich_westerhoff_2005.cellml#c30_c30"/></variable></rdf:Description><rdf:Description rdf:nodeID="n157"><type xmlns="http://www.cellml.org/metadata/graphs/1.0#"><rdf:Description rdf:about="http://www.cellml.org/metadata/graphs/1.0#scatter"/></type><glyph xmlns="http://www.cellml.org/metadata/graphs/1.0#"><rdf:Description rdf:about="http://www.cellml.org/metadata/graphs/1.0#nonstandard-none"/></glyph><colour xmlns="http://www.cellml.org/metadata/graphs/1.0#" xml:lang="en">#ac58aa</colour><variable xmlns="http://www.cellml.org/metadata/graphs/1.0#x-"><rdf:Description rdf:nodeID="n158"/></variable><variable xmlns="http://www.cellml.org/metadata/graphs/1.0#y-"><rdf:Description rdf:nodeID="n159"/></variable></rdf:Description><rdf:Description rdf:nodeID="n160"><variable xmlns="http://www.cellml.org/metadata/graphs/1.0#"><rdf:Description rdf:about="hornberg_binder_bruggeman_schoeberl_heinrich_westerhoff_2005.cellml#environment_time"/></variable></rdf:Description><rdf:Description rdf:nodeID="n161"><type xmlns="http://www.cellml.org/metadata/graphs/1.0#"><rdf:Description rdf:about="http://www.cellml.org/metadata/graphs/1.0#scatter"/></type><glyph xmlns="http://www.cellml.org/metadata/graphs/1.0#"><rdf:Description rdf:about="http://www.cellml.org/metadata/graphs/1.0#nonstandard-none"/></glyph><colour xmlns="http://www.cellml.org/metadata/graphs/1.0#" xml:lang="en">#0412f1</colour><variable xmlns="http://www.cellml.org/metadata/graphs/1.0#x-"><rdf:Description rdf:nodeID="n162"/></variable><variable xmlns="http://www.cellml.org/metadata/graphs/1.0#y-"><rdf:Description rdf:nodeID="n86"/></variable></rdf:Description><rdf:Description rdf:nodeID="n163"><variable xmlns="http://www.cellml.org/metadata/graphs/1.0#"><rdf:Description rdf:about="hornberg_binder_bruggeman_schoeberl_heinrich_westerhoff_2005.cellml#environment_time"/></variable></rdf:Description><rdf:Description rdf:nodeID="n143"><variable xmlns="http://www.cellml.org/metadata/graphs/1.0#"><rdf:Description rdf:about="hornberg_binder_bruggeman_schoeberl_heinrich_westerhoff_2005.cellml#environment_time"/></variable></rdf:Description><rdf:Description rdf:nodeID="n164"><rdf:first><rdf:Description rdf:nodeID="n165"/></rdf:first><rdf:rest><rdf:Description rdf:nodeID="n166"/></rdf:rest></rdf:Description><rdf:Description rdf:nodeID="n132"><variable xmlns="http://www.cellml.org/metadata/graphs/1.0#"><rdf:Description rdf:about="hornberg_binder_bruggeman_schoeberl_heinrich_westerhoff_2005.cellml#environment_time"/></variable></rdf:Description><rdf:Description rdf:nodeID="n73"><type xmlns="http://www.cellml.org/metadata/graphs/1.0#"><rdf:Description rdf:about="http://www.cellml.org/metadata/graphs/1.0#scatter"/></type><glyph xmlns="http://www.cellml.org/metadata/graphs/1.0#"><rdf:Description rdf:about="http://www.cellml.org/metadata/graphs/1.0#nonstandard-none"/></glyph><colour xmlns="http://www.cellml.org/metadata/graphs/1.0#" xml:lang="en">#60d67c</colour><variable xmlns="http://www.cellml.org/metadata/graphs/1.0#x-"><rdf:Description rdf:nodeID="n9"/></variable><variable xmlns="http://www.cellml.org/metadata/graphs/1.0#y-"><rdf:Description rdf:nodeID="n47"/></variable></rdf:Description><rdf:Description rdf:nodeID="n167"><rdf:first><rdf:Description rdf:nodeID="n157"/></rdf:first><rdf:rest><rdf:Description rdf:nodeID="n168"/></rdf:rest></rdf:Description><rdf:Description rdf:nodeID="n169"><type xmlns="http://www.cellml.org/metadata/graphs/1.0#"><rdf:Description rdf:about="http://www.cellml.org/metadata/graphs/1.0#scatter"/></type><glyph xmlns="http://www.cellml.org/metadata/graphs/1.0#"><rdf:Description rdf:about="http://www.cellml.org/metadata/graphs/1.0#nonstandard-none"/></glyph><colour xmlns="http://www.cellml.org/metadata/graphs/1.0#" xml:lang="en">#b4f869</colour><variable xmlns="http://www.cellml.org/metadata/graphs/1.0#x-"><rdf:Description rdf:nodeID="n82"/></variable><variable xmlns="http://www.cellml.org/metadata/graphs/1.0#y-"><rdf:Description rdf:nodeID="n41"/></variable></rdf:Description><rdf:Description rdf:nodeID="n148"><type xmlns="http://www.cellml.org/metadata/graphs/1.0#"><rdf:Description rdf:about="http://www.cellml.org/metadata/graphs/1.0#scatter"/></type><glyph xmlns="http://www.cellml.org/metadata/graphs/1.0#"><rdf:Description rdf:about="http://www.cellml.org/metadata/graphs/1.0#nonstandard-none"/></glyph><colour xmlns="http://www.cellml.org/metadata/graphs/1.0#" xml:lang="en">#487cee</colour><variable xmlns="http://www.cellml.org/metadata/graphs/1.0#x-"><rdf:Description rdf:nodeID="n75"/></variable><variable xmlns="http://www.cellml.org/metadata/graphs/1.0#y-"><rdf:Description rdf:nodeID="n170"/></variable></rdf:Description><rdf:Description rdf:nodeID="n171"><variable xmlns="http://www.cellml.org/metadata/graphs/1.0#"><rdf:Description rdf:about="hornberg_binder_bruggeman_schoeberl_heinrich_westerhoff_2005.cellml#c25_c25"/></variable></rdf:Description><rdf:Description rdf:nodeID="n119"><variable xmlns="http://www.cellml.org/metadata/graphs/1.0#"><rdf:Description rdf:about="hornberg_binder_bruggeman_schoeberl_heinrich_westerhoff_2005.cellml#environment_time"/></variable></rdf:Description><rdf:Description rdf:nodeID="n172"><rdf:first><rdf:Description rdf:nodeID="n27"/></rdf:first><rdf:rest><rdf:Description rdf:nodeID="n12"/></rdf:rest></rdf:Description><rdf:Description rdf:nodeID="n78"><rdf:first><rdf:Description rdf:nodeID="n98"/></rdf:first><rdf:rest><rdf:Description rdf:nodeID="n128"/></rdf:rest></rdf:Description><rdf:Description rdf:nodeID="n153"><variable xmlns="http://www.cellml.org/metadata/graphs/1.0#"><rdf:Description rdf:about="hornberg_binder_bruggeman_schoeberl_heinrich_westerhoff_2005.cellml#environment_time"/></variable></rdf:Description><rdf:Description rdf:nodeID="n28"><variable xmlns="http://www.cellml.org/metadata/graphs/1.0#"><rdf:Description rdf:about="hornberg_binder_bruggeman_schoeberl_heinrich_westerhoff_2005.cellml#environment_time"/></variable></rdf:Description><rdf:Description rdf:nodeID="n173"><graphname xmlns="http://www.cellml.org/tools/pcenv/" xml:lang="en">Untitled</graphname><graphname xmlns="http://www.cellml.org/tools/opencell/" xml:lang="en">Untitled</graphname><traces xmlns="http://www.cellml.org/metadata/graphs/1.0#"><rdf:Description rdf:nodeID="n54"/></traces><scaling xmlns="http://www.cellml.org/metadata/graphs/1.0#x-"><rdf:Description rdf:about="http://www.cellml.org/metadata/graphs/1.0#identity"/></scaling><scaling xmlns="http://www.cellml.org/metadata/graphs/1.0#y-"><rdf:Description rdf:about="http://www.cellml.org/metadata/graphs/1.0#identity"/></scaling><decoration xmlns="http://www.cellml.org/metadata/graphs/1.0#"><rdf:Description rdf:about="http://www.cellml.org/metadata/graphs/1.0#none"/></decoration></rdf:Description><rdf:Description rdf:nodeID="n174"><rdf:first><rdf:Description rdf:nodeID="n175"/></rdf:first><rdf:rest><rdf:Description rdf:nodeID="n51"/></rdf:rest></rdf:Description><rdf:Description rdf:nodeID="n146"><rdf:first><rdf:Description rdf:nodeID="n176"/></rdf:first><rdf:rest><rdf:Description rdf:nodeID="n167"/></rdf:rest></rdf:Description><rdf:Description rdf:nodeID="n177"><type xmlns="http://www.cellml.org/metadata/graphs/1.0#"><rdf:Description rdf:about="http://www.cellml.org/metadata/graphs/1.0#scatter"/></type><glyph xmlns="http://www.cellml.org/metadata/graphs/1.0#"><rdf:Description rdf:about="http://www.cellml.org/metadata/graphs/1.0#nonstandard-none"/></glyph><colour xmlns="http://www.cellml.org/metadata/graphs/1.0#" xml:lang="en">#137677</colour><variable xmlns="http://www.cellml.org/metadata/graphs/1.0#x-"><rdf:Description rdf:nodeID="n67"/></variable><variable xmlns="http://www.cellml.org/metadata/graphs/1.0#y-"><rdf:Description rdf:nodeID="n127"/></variable></rdf:Description><rdf:Description rdf:nodeID="n178"><variable xmlns="http://www.cellml.org/metadata/graphs/1.0#"><rdf:Description rdf:about="hornberg_binder_bruggeman_schoeberl_heinrich_westerhoff_2005.cellml#environment_time"/></variable></rdf:Description><rdf:Description rdf:nodeID="n179"><rdf:first><rdf:Description rdf:nodeID="n95"/></rdf:first><rdf:rest><rdf:Description rdf:nodeID="n180"/></rdf:rest></rdf:Description><rdf:Description rdf:nodeID="n181"><variable xmlns="http://www.cellml.org/metadata/graphs/1.0#"><rdf:Description rdf:about="hornberg_binder_bruggeman_schoeberl_heinrich_westerhoff_2005.cellml#c57_c57"/></variable></rdf:Description><rdf:Description rdf:nodeID="n182"><variable xmlns="http://www.cellml.org/metadata/graphs/1.0#"><rdf:Description rdf:about="hornberg_binder_bruggeman_schoeberl_heinrich_westerhoff_2005.cellml#environment_time"/></variable></rdf:Description><rdf:Description rdf:nodeID="n50"><variable xmlns="http://www.cellml.org/metadata/graphs/1.0#"><rdf:Description rdf:about="hornberg_binder_bruggeman_schoeberl_heinrich_westerhoff_2005.cellml#c28_c28"/></variable></rdf:Description><rdf:Description rdf:nodeID="n96"><variable xmlns="http://www.cellml.org/metadata/graphs/1.0#"><rdf:Description rdf:about="hornberg_binder_bruggeman_schoeberl_heinrich_westerhoff_2005.cellml#environment_time"/></variable></rdf:Description><rdf:Description rdf:nodeID="n77"><type xmlns="http://www.cellml.org/metadata/graphs/1.0#"><rdf:Description rdf:about="http://www.cellml.org/metadata/graphs/1.0#scatter"/></type><glyph xmlns="http://www.cellml.org/metadata/graphs/1.0#"><rdf:Description rdf:about="http://www.cellml.org/metadata/graphs/1.0#nonstandard-none"/></glyph><colour xmlns="http://www.cellml.org/metadata/graphs/1.0#" xml:lang="en">#7c7f53</colour><variable xmlns="http://www.cellml.org/metadata/graphs/1.0#x-"><rdf:Description rdf:nodeID="n79"/></variable><variable xmlns="http://www.cellml.org/metadata/graphs/1.0#y-"><rdf:Description rdf:nodeID="n10"/></variable></rdf:Description><rdf:Description rdf:nodeID="n123"><rdf:first><rdf:Description rdf:nodeID="n18"/></rdf:first><rdf:rest><rdf:Description rdf:nodeID="n183"/></rdf:rest></rdf:Description><rdf:Description rdf:nodeID="n184"><variable xmlns="http://www.cellml.org/metadata/graphs/1.0#"><rdf:Description rdf:about="hornberg_binder_bruggeman_schoeberl_heinrich_westerhoff_2005.cellml#c32_c32"/></variable></rdf:Description><rdf:Description rdf:nodeID="n97"><variable xmlns="http://www.cellml.org/metadata/graphs/1.0#"><rdf:Description rdf:about="hornberg_binder_bruggeman_schoeberl_heinrich_westerhoff_2005.cellml#c50_c50"/></variable></rdf:Description><rdf:Description rdf:nodeID="n6"><type xmlns="http://www.cellml.org/metadata/graphs/1.0#"><rdf:Description rdf:about="http://www.cellml.org/metadata/graphs/1.0#scatter"/></type><glyph xmlns="http://www.cellml.org/metadata/graphs/1.0#"><rdf:Description rdf:about="http://www.cellml.org/metadata/graphs/1.0#nonstandard-none"/></glyph><colour xmlns="http://www.cellml.org/metadata/graphs/1.0#" xml:lang="en">#bb65cc</colour><variable xmlns="http://www.cellml.org/metadata/graphs/1.0#x-"><rdf:Description rdf:nodeID="n185"/></variable><variable xmlns="http://www.cellml.org/metadata/graphs/1.0#y-"><rdf:Description rdf:nodeID="n63"/></variable></rdf:Description><rdf:Description rdf:nodeID="n186"><variable xmlns="http://www.cellml.org/metadata/graphs/1.0#"><rdf:Description rdf:about="hornberg_binder_bruggeman_schoeberl_heinrich_westerhoff_2005.cellml#environment_time"/></variable></rdf:Description><rdf:Description rdf:nodeID="n187"><variable xmlns="http://www.cellml.org/metadata/graphs/1.0#"><rdf:Description rdf:about="hornberg_binder_bruggeman_schoeberl_heinrich_westerhoff_2005.cellml#environment_time"/></variable></rdf:Description><rdf:Description rdf:nodeID="n188"><rdf:first><rdf:Description rdf:nodeID="n189"/></rdf:first><rdf:rest><rdf:Description rdf:nodeID="n190"/></rdf:rest></rdf:Description><rdf:Description rdf:nodeID="n191"><rdf:first><rdf:Description rdf:nodeID="n192"/></rdf:first><rdf:rest><rdf:Description rdf:nodeID="n116"/></rdf:rest></rdf:Description><rdf:Description rdf:nodeID="n149"><rdf:first><rdf:Description rdf:nodeID="n193"/></rdf:first><rdf:rest><rdf:Description rdf:nodeID="n110"/></rdf:rest></rdf:Description><rdf:Description rdf:nodeID="n194"><variable xmlns="http://www.cellml.org/metadata/graphs/1.0#"><rdf:Description rdf:about="hornberg_binder_bruggeman_schoeberl_heinrich_westerhoff_2005.cellml#environment_time"/></variable></rdf:Description><rdf:Description rdf:nodeID="n122"><type xmlns="http://www.cellml.org/metadata/graphs/1.0#"><rdf:Description rdf:about="http://www.cellml.org/metadata/graphs/1.0#scatter"/></type><glyph xmlns="http://www.cellml.org/metadata/graphs/1.0#"><rdf:Description rdf:about="http://www.cellml.org/metadata/graphs/1.0#nonstandard-none"/></glyph><colour xmlns="http://www.cellml.org/metadata/graphs/1.0#" xml:lang="en">#8c59e7</colour><variable xmlns="http://www.cellml.org/metadata/graphs/1.0#x-"><rdf:Description rdf:nodeID="n154"/></variable><variable xmlns="http://www.cellml.org/metadata/graphs/1.0#y-"><rdf:Description rdf:nodeID="n8"/></variable></rdf:Description><rdf:Description rdf:nodeID="n23"><variable xmlns="http://www.cellml.org/metadata/graphs/1.0#"><rdf:Description rdf:about="hornberg_binder_bruggeman_schoeberl_heinrich_westerhoff_2005.cellml#c29_c29"/></variable></rdf:Description><rdf:Description rdf:nodeID="n57"><type xmlns="http://www.cellml.org/metadata/graphs/1.0#"><rdf:Description rdf:about="http://www.cellml.org/metadata/graphs/1.0#scatter"/></type><glyph xmlns="http://www.cellml.org/metadata/graphs/1.0#"><rdf:Description rdf:about="http://www.cellml.org/metadata/graphs/1.0#nonstandard-none"/></glyph><colour xmlns="http://www.cellml.org/metadata/graphs/1.0#" xml:lang="en">#9b799a</colour><variable xmlns="http://www.cellml.org/metadata/graphs/1.0#x-"><rdf:Description rdf:nodeID="n178"/></variable><variable xmlns="http://www.cellml.org/metadata/graphs/1.0#y-"><rdf:Description rdf:nodeID="n4"/></variable></rdf:Description><rdf:Description rdf:nodeID="n60"><type xmlns="http://www.cellml.org/metadata/graphs/1.0#"><rdf:Description rdf:about="http://www.cellml.org/metadata/graphs/1.0#scatter"/></type><glyph xmlns="http://www.cellml.org/metadata/graphs/1.0#"><rdf:Description rdf:about="http://www.cellml.org/metadata/graphs/1.0#nonstandard-none"/></glyph><colour xmlns="http://www.cellml.org/metadata/graphs/1.0#" xml:lang="en">#add8cf</colour><variable xmlns="http://www.cellml.org/metadata/graphs/1.0#x-"><rdf:Description rdf:nodeID="n87"/></variable><variable xmlns="http://www.cellml.org/metadata/graphs/1.0#y-"><rdf:Description rdf:nodeID="n104"/></variable></rdf:Description><rdf:Description rdf:nodeID="n170"><variable xmlns="http://www.cellml.org/metadata/graphs/1.0#"><rdf:Description rdf:about="hornberg_binder_bruggeman_schoeberl_heinrich_westerhoff_2005.cellml#c36_c36"/></variable></rdf:Description><rdf:Description rdf:nodeID="n195"><variable xmlns="http://www.cellml.org/metadata/graphs/1.0#"><rdf:Description rdf:about="hornberg_binder_bruggeman_schoeberl_heinrich_westerhoff_2005.cellml#c52_c52"/></variable></rdf:Description><rdf:Description rdf:nodeID="n129"><type xmlns="http://www.cellml.org/metadata/graphs/1.0#"><rdf:Description rdf:about="http://www.cellml.org/metadata/graphs/1.0#scatter"/></type><glyph xmlns="http://www.cellml.org/metadata/graphs/1.0#"><rdf:Description rdf:about="http://www.cellml.org/metadata/graphs/1.0#nonstandard-none"/></glyph><colour xmlns="http://www.cellml.org/metadata/graphs/1.0#" xml:lang="en">#d9f2ee</colour><variable xmlns="http://www.cellml.org/metadata/graphs/1.0#x-"><rdf:Description rdf:nodeID="n196"/></variable><variable xmlns="http://www.cellml.org/metadata/graphs/1.0#y-"><rdf:Description rdf:nodeID="n145"/></variable></rdf:Description><rdf:Description rdf:nodeID="n13"><type xmlns="http://www.cellml.org/metadata/graphs/1.0#"><rdf:Description rdf:about="http://www.cellml.org/metadata/graphs/1.0#scatter"/></type><glyph xmlns="http://www.cellml.org/metadata/graphs/1.0#"><rdf:Description rdf:about="http://www.cellml.org/metadata/graphs/1.0#nonstandard-none"/></glyph><colour xmlns="http://www.cellml.org/metadata/graphs/1.0#" xml:lang="en">#3171f0</colour><variable xmlns="http://www.cellml.org/metadata/graphs/1.0#x-"><rdf:Description rdf:nodeID="n94"/></variable><variable xmlns="http://www.cellml.org/metadata/graphs/1.0#y-"><rdf:Description rdf:nodeID="n39"/></variable></rdf:Description><rdf:Description rdf:nodeID="n65"><type xmlns="http://www.cellml.org/metadata/graphs/1.0#"><rdf:Description rdf:about="http://www.cellml.org/metadata/graphs/1.0#scatter"/></type><glyph xmlns="http://www.cellml.org/metadata/graphs/1.0#"><rdf:Description rdf:about="http://www.cellml.org/metadata/graphs/1.0#nonstandard-none"/></glyph><colour xmlns="http://www.cellml.org/metadata/graphs/1.0#" xml:lang="en">#862db3</colour><variable xmlns="http://www.cellml.org/metadata/graphs/1.0#x-"><rdf:Description rdf:nodeID="n197"/></variable><variable xmlns="http://www.cellml.org/metadata/graphs/1.0#y-"><rdf:Description rdf:nodeID="n171"/></variable></rdf:Description><rdf:Description rdf:about="http://www.cellml.org/tools/pcenv/splitter/graph_key_graph1"><splitterState_collapsedAfter xmlns="http://www.cellml.org/tools/pcenv/" xml:lang="en">true</splitterState_collapsedAfter><splitterState_prevHeight xmlns="http://www.cellml.org/tools/pcenv/" xml:lang="en">154</splitterState_prevHeight><splitterState_nextHeight xmlns="http://www.cellml.org/tools/pcenv/" xml:lang="en">0</splitterState_nextHeight></rdf:Description><rdf:Description rdf:nodeID="n135"><type xmlns="http://www.cellml.org/metadata/graphs/1.0#"><rdf:Description rdf:about="http://www.cellml.org/metadata/graphs/1.0#scatter"/></type><glyph xmlns="http://www.cellml.org/metadata/graphs/1.0#"><rdf:Description rdf:about="http://www.cellml.org/metadata/graphs/1.0#nonstandard-none"/></glyph><colour xmlns="http://www.cellml.org/metadata/graphs/1.0#" xml:lang="en">#7c6047</colour><variable xmlns="http://www.cellml.org/metadata/graphs/1.0#x-"><rdf:Description rdf:nodeID="n187"/></variable><variable xmlns="http://www.cellml.org/metadata/graphs/1.0#y-"><rdf:Description rdf:nodeID="n89"/></variable></rdf:Description><rdf:Description rdf:nodeID="n198"><type xmlns="http://www.cellml.org/metadata/graphs/1.0#"><rdf:Description rdf:about="http://www.cellml.org/metadata/graphs/1.0#scatter"/></type><glyph xmlns="http://www.cellml.org/metadata/graphs/1.0#"><rdf:Description rdf:about="http://www.cellml.org/metadata/graphs/1.0#nonstandard-none"/></glyph><colour xmlns="http://www.cellml.org/metadata/graphs/1.0#" xml:lang="en">#ea2d2a</colour><variable xmlns="http://www.cellml.org/metadata/graphs/1.0#x-"><rdf:Description rdf:nodeID="n102"/></variable><variable xmlns="http://www.cellml.org/metadata/graphs/1.0#y-"><rdf:Description rdf:nodeID="n199"/></variable></rdf:Description><rdf:Description rdf:nodeID="n200"><rdf:first><rdf:Description rdf:nodeID="n161"/></rdf:first><rdf:rest><rdf:Description rdf:nodeID="n201"/></rdf:rest></rdf:Description><rdf:Description rdf:nodeID="n202"><type xmlns="http://www.cellml.org/metadata/graphs/1.0#"><rdf:Description rdf:about="http://www.cellml.org/metadata/graphs/1.0#scatter"/></type><glyph xmlns="http://www.cellml.org/metadata/graphs/1.0#"><rdf:Description rdf:about="http://www.cellml.org/metadata/graphs/1.0#nonstandard-none"/></glyph><colour xmlns="http://www.cellml.org/metadata/graphs/1.0#" xml:lang="en">#91393e</colour><variable xmlns="http://www.cellml.org/metadata/graphs/1.0#x-"><rdf:Description rdf:nodeID="n40"/></variable><variable xmlns="http://www.cellml.org/metadata/graphs/1.0#y-"><rdf:Description rdf:nodeID="n203"/></variable></rdf:Description><rdf:Description rdf:nodeID="n204"><variable xmlns="http://www.cellml.org/metadata/graphs/1.0#"><rdf:Description rdf:about="hornberg_binder_bruggeman_schoeberl_heinrich_westerhoff_2005.cellml#environment_time"/></variable></rdf:Description><rdf:Description rdf:nodeID="n92"><variable xmlns="http://www.cellml.org/metadata/graphs/1.0#"><rdf:Description rdf:about="hornberg_binder_bruggeman_schoeberl_heinrich_westerhoff_2005.cellml#environment_time"/></variable></rdf:Description><rdf:Description rdf:nodeID="n205"><variable xmlns="http://www.cellml.org/metadata/graphs/1.0#"><rdf:Description rdf:about="hornberg_binder_bruggeman_schoeberl_heinrich_westerhoff_2005.cellml#c47_c47"/></variable></rdf:Description><rdf:Description rdf:nodeID="n19"><variable xmlns="http://www.cellml.org/metadata/graphs/1.0#"><rdf:Description rdf:about="hornberg_binder_bruggeman_schoeberl_heinrich_westerhoff_2005.cellml#environment_time"/></variable></rdf:Description><rdf:Description rdf:nodeID="n144"><variable xmlns="http://www.cellml.org/metadata/graphs/1.0#"><rdf:Description rdf:about="hornberg_binder_bruggeman_schoeberl_heinrich_westerhoff_2005.cellml#c33_c33"/></variable></rdf:Description><rdf:Description rdf:nodeID="n17"><variable xmlns="http://www.cellml.org/metadata/graphs/1.0#"><rdf:Description rdf:about="hornberg_binder_bruggeman_schoeberl_heinrich_westerhoff_2005.cellml#c61_c61"/></variable></rdf:Description><rdf:Description rdf:nodeID="n206"><variable xmlns="http://www.cellml.org/metadata/graphs/1.0#"><rdf:Description rdf:about="hornberg_binder_bruggeman_schoeberl_heinrich_westerhoff_2005.cellml#c60_c60"/></variable></rdf:Description><rdf:Description rdf:nodeID="n207"><variable xmlns="http://www.cellml.org/metadata/graphs/1.0#"><rdf:Description rdf:about="hornberg_binder_bruggeman_schoeberl_heinrich_westerhoff_2005.cellml#environment_time"/></variable></rdf:Description><rdf:Description rdf:nodeID="n138"><variable xmlns="http://www.cellml.org/metadata/graphs/1.0#"><rdf:Description rdf:about="hornberg_binder_bruggeman_schoeberl_heinrich_westerhoff_2005.cellml#c86_c86"/></variable></rdf:Description><rdf:Description rdf:nodeID="n208"><type xmlns="http://www.cellml.org/metadata/graphs/1.0#"><rdf:Description rdf:about="http://www.cellml.org/metadata/graphs/1.0#scatter"/></type><glyph xmlns="http://www.cellml.org/metadata/graphs/1.0#"><rdf:Description rdf:about="http://www.cellml.org/metadata/graphs/1.0#nonstandard-none"/></glyph><colour xmlns="http://www.cellml.org/metadata/graphs/1.0#" xml:lang="en">#e526ad</colour><variable xmlns="http://www.cellml.org/metadata/graphs/1.0#x-"><rdf:Description rdf:nodeID="n204"/></variable><variable xmlns="http://www.cellml.org/metadata/graphs/1.0#y-"><rdf:Description rdf:nodeID="n26"/></variable></rdf:Description><rdf:Description rdf:nodeID="n209"><variable xmlns="http://www.cellml.org/metadata/graphs/1.0#"><rdf:Description rdf:about="hornberg_binder_bruggeman_schoeberl_heinrich_westerhoff_2005.cellml#environment_time"/></variable></rdf:Description><rdf:Description rdf:nodeID="n210"><variable xmlns="http://www.cellml.org/metadata/graphs/1.0#"><rdf:Description rdf:about="hornberg_binder_bruggeman_schoeberl_heinrich_westerhoff_2005.cellml#environment_time"/></variable></rdf:Description><rdf:Description rdf:nodeID="n211"><rdf:first><rdf:Description rdf:nodeID="n208"/></rdf:first><rdf:rest><rdf:Description rdf:nodeID="n212"/></rdf:rest></rdf:Description><rdf:Description rdf:nodeID="n130"><rdf:first><rdf:Description rdf:nodeID="n136"/></rdf:first><rdf:rest><rdf:Description rdf:nodeID="n191"/></rdf:rest></rdf:Description><rdf:Description rdf:nodeID="n213"><variable xmlns="http://www.cellml.org/metadata/graphs/1.0#"><rdf:Description rdf:about="hornberg_binder_bruggeman_schoeberl_heinrich_westerhoff_2005.cellml#c92_c92"/></variable></rdf:Description><rdf:Description rdf:nodeID="n214"><rdf:first><rdf:Description rdf:nodeID="n139"/></rdf:first><rdf:rest><rdf:Description rdf:nodeID="n215"/></rdf:rest></rdf:Description><rdf:Description rdf:nodeID="n216"><type xmlns="http://www.cellml.org/metadata/graphs/1.0#"><rdf:Description rdf:about="http://www.cellml.org/metadata/graphs/1.0#scatter"/></type><glyph xmlns="http://www.cellml.org/metadata/graphs/1.0#"><rdf:Description rdf:about="http://www.cellml.org/metadata/graphs/1.0#nonstandard-none"/></glyph><colour xmlns="http://www.cellml.org/metadata/graphs/1.0#" xml:lang="en">#23db0b</colour><variable xmlns="http://www.cellml.org/metadata/graphs/1.0#x-"><rdf:Description rdf:nodeID="n71"/></variable><variable xmlns="http://www.cellml.org/metadata/graphs/1.0#y-"><rdf:Description rdf:nodeID="n217"/></variable></rdf:Description><rdf:Description rdf:nodeID="n218"><variable xmlns="http://www.cellml.org/metadata/graphs/1.0#"><rdf:Description rdf:about="hornberg_binder_bruggeman_schoeberl_heinrich_westerhoff_2005.cellml#environment_time"/></variable></rdf:Description><rdf:Description rdf:nodeID="n114"><variable xmlns="http://www.cellml.org/metadata/graphs/1.0#"><rdf:Description rdf:about="hornberg_binder_bruggeman_schoeberl_heinrich_westerhoff_2005.cellml#environment_time"/></variable></rdf:Description><rdf:Description rdf:nodeID="n158"><variable xmlns="http://www.cellml.org/metadata/graphs/1.0#"><rdf:Description rdf:about="hornberg_binder_bruggeman_schoeberl_heinrich_westerhoff_2005.cellml#environment_time"/></variable></rdf:Description><rdf:Description rdf:nodeID="n111"><rdf:first><rdf:Description rdf:nodeID="n219"/></rdf:first><rdf:rest><rdf:Description rdf:nodeID="n121"/></rdf:rest></rdf:Description><rdf:Description rdf:about="http://www.cellml.org/tools/pcenv/loadedModels"><rdf:_2><rdf:Description rdf:about="hornberg_binder_bruggeman_schoeberl_heinrich_westerhoff_2005.cellml"/></rdf:_2></rdf:Description><rdf:Description rdf:nodeID="n217"><variable xmlns="http://www.cellml.org/metadata/graphs/1.0#"><rdf:Description rdf:about="hornberg_binder_bruggeman_schoeberl_heinrich_westerhoff_2005.cellml#c100_c100"/></variable></rdf:Description><rdf:Description rdf:nodeID="n53"><rdf:first><rdf:Description rdf:nodeID="n15"/></rdf:first><rdf:rest><rdf:Description rdf:nodeID="n72"/></rdf:rest></rdf:Description><rdf:Description rdf:nodeID="n220"><rdf:first><rdf:Description rdf:nodeID="n177"/></rdf:first><rdf:rest><rdf:Description rdf:nodeID="n221"/></rdf:rest></rdf:Description><rdf:Description rdf:nodeID="n190"><rdf:first><rdf:Description rdf:nodeID="n222"/></rdf:first><rdf:rest><rdf:Description rdf:nodeID="n179"/></rdf:rest></rdf:Description><rdf:Description rdf:nodeID="n223"><variable xmlns="http://www.cellml.org/metadata/graphs/1.0#"><rdf:Description rdf:about="hornberg_binder_bruggeman_schoeberl_heinrich_westerhoff_2005.cellml#environment_time"/></variable></rdf:Description><rdf:Description rdf:nodeID="n22"><variable xmlns="http://www.cellml.org/metadata/graphs/1.0#"><rdf:Description rdf:about="hornberg_binder_bruggeman_schoeberl_heinrich_westerhoff_2005.cellml#environment_time"/></variable></rdf:Description><rdf:Description rdf:nodeID="n224"><variable xmlns="http://www.cellml.org/metadata/graphs/1.0#"><rdf:Description rdf:about="hornberg_binder_bruggeman_schoeberl_heinrich_westerhoff_2005.cellml#c27_c27"/></variable></rdf:Description><rdf:Description rdf:nodeID="n203"><variable xmlns="http://www.cellml.org/metadata/graphs/1.0#"><rdf:Description rdf:about="hornberg_binder_bruggeman_schoeberl_heinrich_westerhoff_2005.cellml#c3_c3"/></variable></rdf:Description><rdf:Description rdf:nodeID="n193"><type xmlns="http://www.cellml.org/metadata/graphs/1.0#"><rdf:Description rdf:about="http://www.cellml.org/metadata/graphs/1.0#scatter"/></type><glyph xmlns="http://www.cellml.org/metadata/graphs/1.0#"><rdf:Description rdf:about="http://www.cellml.org/metadata/graphs/1.0#nonstandard-none"/></glyph><colour xmlns="http://www.cellml.org/metadata/graphs/1.0#" xml:lang="en">#23f7fd</colour><variable xmlns="http://www.cellml.org/metadata/graphs/1.0#x-"><rdf:Description rdf:nodeID="n225"/></variable><variable xmlns="http://www.cellml.org/metadata/graphs/1.0#y-"><rdf:Description rdf:nodeID="n109"/></variable></rdf:Description><rdf:Description rdf:nodeID="n226"><type xmlns="http://www.cellml.org/metadata/graphs/1.0#"><rdf:Description rdf:about="http://www.cellml.org/metadata/graphs/1.0#scatter"/></type><glyph xmlns="http://www.cellml.org/metadata/graphs/1.0#"><rdf:Description rdf:about="http://www.cellml.org/metadata/graphs/1.0#nonstandard-none"/></glyph><colour xmlns="http://www.cellml.org/metadata/graphs/1.0#" xml:lang="en">#b353d7</colour><variable xmlns="http://www.cellml.org/metadata/graphs/1.0#x-"><rdf:Description rdf:nodeID="n207"/></variable><variable xmlns="http://www.cellml.org/metadata/graphs/1.0#y-"><rdf:Description rdf:nodeID="n120"/></variable></rdf:Description><rdf:Description rdf:nodeID="n227"><type xmlns="http://www.cellml.org/metadata/graphs/1.0#"><rdf:Description rdf:about="http://www.cellml.org/metadata/graphs/1.0#scatter"/></type><glyph xmlns="http://www.cellml.org/metadata/graphs/1.0#"><rdf:Description rdf:about="http://www.cellml.org/metadata/graphs/1.0#nonstandard-none"/></glyph><colour xmlns="http://www.cellml.org/metadata/graphs/1.0#" xml:lang="en">#b8e7d0</colour><variable xmlns="http://www.cellml.org/metadata/graphs/1.0#x-"><rdf:Description rdf:nodeID="n24"/></variable><variable xmlns="http://www.cellml.org/metadata/graphs/1.0#y-"><rdf:Description rdf:nodeID="n124"/></variable></rdf:Description><rdf:Description rdf:nodeID="n228"><variable xmlns="http://www.cellml.org/metadata/graphs/1.0#"><rdf:Description rdf:about="hornberg_binder_bruggeman_schoeberl_heinrich_westerhoff_2005.cellml#environment_time"/></variable></rdf:Description><rdf:Description rdf:about="http://www.cellml.org/tools/opencell/splitter/graph_key_graph2"><splitterState_collapsedAfter xmlns="http://www.cellml.org/tools/opencell/" xml:lang="en">true</splitterState_collapsedAfter><splitterState_nextHeight xmlns="http://www.cellml.org/tools/opencell/" xml:lang="en">0</splitterState_nextHeight></rdf:Description><rdf:Description rdf:nodeID="n49"><variable xmlns="http://www.cellml.org/metadata/graphs/1.0#"><rdf:Description rdf:about="hornberg_binder_bruggeman_schoeberl_heinrich_westerhoff_2005.cellml#environment_time"/></variable></rdf:Description><rdf:Description rdf:nodeID="n229"><variable xmlns="http://www.cellml.org/metadata/graphs/1.0#"><rdf:Description rdf:about="hornberg_binder_bruggeman_schoeberl_heinrich_westerhoff_2005.cellml#environment_time"/></variable></rdf:Description><rdf:Description rdf:nodeID="n100"><variable xmlns="http://www.cellml.org/metadata/graphs/1.0#"><rdf:Description rdf:about="hornberg_binder_bruggeman_schoeberl_heinrich_westerhoff_2005.cellml#c6_c6"/></variable></rdf:Description><rdf:Description rdf:nodeID="n230"><rdf:first><rdf:Description rdf:nodeID="n44"/></rdf:first><rdf:rest><rdf:Description rdf:nodeID="n231"/></rdf:rest></rdf:Description><rdf:Description rdf:about="http://www.cellml.org/tools/pcenv/modlayoutsplit"><splitterState_prevWidth xmlns="http://www.cellml.org/tools/pcenv/" xml:lang="en">55</splitterState_prevWidth><splitterState_collapsedBefore xmlns="http://www.cellml.org/tools/pcenv/" xml:lang="en">true</splitterState_collapsedBefore></rdf:Description><rdf:Description rdf:nodeID="n189"><type xmlns="http://www.cellml.org/metadata/graphs/1.0#"><rdf:Description rdf:about="http://www.cellml.org/metadata/graphs/1.0#scatter"/></type><glyph xmlns="http://www.cellml.org/metadata/graphs/1.0#"><rdf:Description rdf:about="http://www.cellml.org/metadata/graphs/1.0#nonstandard-none"/></glyph><colour xmlns="http://www.cellml.org/metadata/graphs/1.0#" xml:lang="en">#a9a4a3</colour><variable xmlns="http://www.cellml.org/metadata/graphs/1.0#x-"><rdf:Description rdf:nodeID="n232"/></variable><variable xmlns="http://www.cellml.org/metadata/graphs/1.0#y-"><rdf:Description rdf:nodeID="n233"/></variable></rdf:Description><rdf:Description rdf:nodeID="n232"><variable xmlns="http://www.cellml.org/metadata/graphs/1.0#"><rdf:Description rdf:about="hornberg_binder_bruggeman_schoeberl_heinrich_westerhoff_2005.cellml#environment_time"/></variable></rdf:Description><rdf:Description rdf:nodeID="n234"><rdf:first><rdf:Description rdf:nodeID="n227"/></rdf:first><rdf:rest><rdf:Description rdf:nodeID="n164"/></rdf:rest></rdf:Description><rdf:Description rdf:nodeID="n141"><variable xmlns="http://www.cellml.org/metadata/graphs/1.0#"><rdf:Description rdf:about="hornberg_binder_bruggeman_schoeberl_heinrich_westerhoff_2005.cellml#c38_c38"/></variable></rdf:Description><rdf:Description rdf:nodeID="n235"><variable xmlns="http://www.cellml.org/metadata/graphs/1.0#"><rdf:Description rdf:about="hornberg_binder_bruggeman_schoeberl_heinrich_westerhoff_2005.cellml#c58_c58"/></variable></rdf:Description><rdf:Description rdf:nodeID="n236"><variable xmlns="http://www.cellml.org/metadata/graphs/1.0#"><rdf:Description rdf:about="hornberg_binder_bruggeman_schoeberl_heinrich_westerhoff_2005.cellml#environment_time"/></variable></rdf:Description><rdf:Description rdf:about="http://www.cellml.org/tools/opencell/splitter/graph_sel_graph3"><activegraph xmlns="http://www.cellml.org/tools/opencell/"><rdf:Description rdf:nodeID="n173"/></activegraph></rdf:Description><rdf:Description rdf:about="http://www.cellml.org/tools/opencell/splitter/graph_sel_graph1"><activegraph xmlns="http://www.cellml.org/tools/opencell/"><rdf:Description rdf:nodeID="n33"/></activegraph></rdf:Description><rdf:Description rdf:nodeID="n159"><variable xmlns="http://www.cellml.org/metadata/graphs/1.0#"><rdf:Description rdf:about="hornberg_binder_bruggeman_schoeberl_heinrich_westerhoff_2005.cellml#c87_c87"/></variable></rdf:Description><rdf:Description rdf:nodeID="n199"><variable xmlns="http://www.cellml.org/metadata/graphs/1.0#"><rdf:Description rdf:about="hornberg_binder_bruggeman_schoeberl_heinrich_westerhoff_2005.cellml#c5_c5"/></variable></rdf:Description><rdf:Description rdf:nodeID="n237"><type xmlns="http://www.cellml.org/metadata/graphs/1.0#"><rdf:Description rdf:about="http://www.cellml.org/metadata/graphs/1.0#scatter"/></type><glyph xmlns="http://www.cellml.org/metadata/graphs/1.0#"><rdf:Description rdf:about="http://www.cellml.org/metadata/graphs/1.0#nonstandard-none"/></glyph><colour xmlns="http://www.cellml.org/metadata/graphs/1.0#" xml:lang="en">#ea91ef</colour><variable xmlns="http://www.cellml.org/metadata/graphs/1.0#x-"><rdf:Description rdf:nodeID="n229"/></variable><variable xmlns="http://www.cellml.org/metadata/graphs/1.0#y-"><rdf:Description rdf:nodeID="n195"/></variable></rdf:Description><rdf:Description rdf:nodeID="n69"><type xmlns="http://www.cellml.org/metadata/graphs/1.0#"><rdf:Description rdf:about="http://www.cellml.org/metadata/graphs/1.0#scatter"/></type><glyph xmlns="http://www.cellml.org/metadata/graphs/1.0#"><rdf:Description rdf:about="http://www.cellml.org/metadata/graphs/1.0#nonstandard-none"/></glyph><colour xmlns="http://www.cellml.org/metadata/graphs/1.0#" xml:lang="en">#877ccc</colour><variable xmlns="http://www.cellml.org/metadata/graphs/1.0#x-"><rdf:Description rdf:nodeID="n155"/></variable><variable xmlns="http://www.cellml.org/metadata/graphs/1.0#y-"><rdf:Description rdf:nodeID="n80"/></variable></rdf:Description><rdf:Description rdf:about="http://www.cellml.org/tools/opencell/splitter/graph_key_graph1"><splitterState_collapsedAfter xmlns="http://www.cellml.org/tools/opencell/" xml:lang="en">true</splitterState_collapsedAfter><splitterState_prevHeight xmlns="http://www.cellml.org/tools/opencell/" xml:lang="en">154</splitterState_prevHeight><splitterState_nextHeight xmlns="http://www.cellml.org/tools/opencell/" xml:lang="en">0</splitterState_nextHeight></rdf:Description><rdf:Description rdf:nodeID="n238"><type xmlns="http://www.cellml.org/metadata/graphs/1.0#"><rdf:Description rdf:about="http://www.cellml.org/metadata/graphs/1.0#scatter"/></type><glyph xmlns="http://www.cellml.org/metadata/graphs/1.0#"><rdf:Description rdf:about="http://www.cellml.org/metadata/graphs/1.0#nonstandard-none"/></glyph><colour xmlns="http://www.cellml.org/metadata/graphs/1.0#" xml:lang="en">#474899</colour><variable xmlns="http://www.cellml.org/metadata/graphs/1.0#x-"><rdf:Description rdf:nodeID="n194"/></variable><variable xmlns="http://www.cellml.org/metadata/graphs/1.0#y-"><rdf:Description rdf:nodeID="n224"/></variable></rdf:Description><rdf:Description rdf:nodeID="n239"><variable xmlns="http://www.cellml.org/metadata/graphs/1.0#"><rdf:Description rdf:about="hornberg_binder_bruggeman_schoeberl_heinrich_westerhoff_2005.cellml#environment_time"/></variable></rdf:Description><rdf:Description rdf:nodeID="n231"><rdf:first><rdf:Description rdf:nodeID="n202"/></rdf:first><rdf:rest><rdf:Description rdf:nodeID="n211"/></rdf:rest></rdf:Description><rdf:Description rdf:nodeID="n115"><variable xmlns="http://www.cellml.org/metadata/graphs/1.0#"><rdf:Description rdf:about="hornberg_binder_bruggeman_schoeberl_heinrich_westerhoff_2005.cellml#c8_c8"/></variable></rdf:Description><rdf:Description rdf:about="http://www.cellml.org/tools/pcenv/splitter/graph_sel_graph2"><activegraph xmlns="http://www.cellml.org/tools/pcenv/"><rdf:Description rdf:nodeID="n2"/></activegraph></rdf:Description><rdf:Description rdf:about="http://www.cellml.org/tools/pcenv/splitter/graph_sel_graph3"><activegraph xmlns="http://www.cellml.org/tools/pcenv/"><rdf:Description rdf:nodeID="n173"/></activegraph></rdf:Description><rdf:Description rdf:nodeID="n240"><variable xmlns="http://www.cellml.org/metadata/graphs/1.0#"><rdf:Description rdf:about="hornberg_binder_bruggeman_schoeberl_heinrich_westerhoff_2005.cellml#c45_c45"/></variable></rdf:Description><rdf:Description rdf:nodeID="n241"><variable xmlns="http://www.cellml.org/metadata/graphs/1.0#"><rdf:Description rdf:about="hornberg_binder_bruggeman_schoeberl_heinrich_westerhoff_2005.cellml#c49_c49"/></variable></rdf:Description><rdf:Description rdf:nodeID="n58"><rdf:first><rdf:Description rdf:nodeID="n242"/></rdf:first><rdf:rest><rdf:Description rdf:nodeID="n188"/></rdf:rest></rdf:Description><rdf:Description rdf:nodeID="n74"><rdf:first><rdf:Description rdf:nodeID="n42"/></rdf:first><rdf:rest><rdf:Description rdf:nodeID="n230"/></rdf:rest></rdf:Description><rdf:Description rdf:nodeID="n215"><rdf:first><rdf:Description rdf:nodeID="n126"/></rdf:first><rdf:rest><rdf:Description rdf:nodeID="n243"/></rdf:rest></rdf:Description><rdf:Description rdf:nodeID="n185"><variable xmlns="http://www.cellml.org/metadata/graphs/1.0#"><rdf:Description rdf:about="hornberg_binder_bruggeman_schoeberl_heinrich_westerhoff_2005.cellml#environment_time"/></variable></rdf:Description><rdf:Description rdf:nodeID="n14"><rdf:first><rdf:Description rdf:nodeID="n244"/></rdf:first><rdf:rest><rdf:Description rdf:nodeID="n174"/></rdf:rest></rdf:Description><rdf:Description rdf:nodeID="n150"><type xmlns="http://www.cellml.org/metadata/graphs/1.0#"><rdf:Description rdf:about="http://www.cellml.org/metadata/graphs/1.0#scatter"/></type><glyph xmlns="http://www.cellml.org/metadata/graphs/1.0#"><rdf:Description rdf:about="http://www.cellml.org/metadata/graphs/1.0#nonstandard-none"/></glyph><colour xmlns="http://www.cellml.org/metadata/graphs/1.0#" xml:lang="en">#d01135</colour><variable xmlns="http://www.cellml.org/metadata/graphs/1.0#x-"><rdf:Description rdf:nodeID="n228"/></variable><variable xmlns="http://www.cellml.org/metadata/graphs/1.0#y-"><rdf:Description rdf:nodeID="n81"/></variable></rdf:Description><rdf:Description rdf:nodeID="n233"><variable xmlns="http://www.cellml.org/metadata/graphs/1.0#"><rdf:Description rdf:about="hornberg_binder_bruggeman_schoeberl_heinrich_westerhoff_2005.cellml#c48_c48"/></variable></rdf:Description><rdf:Description rdf:nodeID="n212"><rdf:first><rdf:Description rdf:nodeID="n198"/></rdf:first><rdf:rest><rdf:Description rdf:nodeID="n134"/></rdf:rest></rdf:Description><rdf:Description rdf:nodeID="n245"><rdf:first><rdf:Description rdf:nodeID="n226"/></rdf:first><rdf:rest><rdf:Description rdf:nodeID="n68"/></rdf:rest></rdf:Description><rdf:Description rdf:nodeID="n196"><variable xmlns="http://www.cellml.org/metadata/graphs/1.0#"><rdf:Description rdf:about="hornberg_binder_bruggeman_schoeberl_heinrich_westerhoff_2005.cellml#environment_time"/></variable></rdf:Description><rdf:Description rdf:nodeID="n246"><type xmlns="http://www.cellml.org/metadata/graphs/1.0#"><rdf:Description rdf:about="http://www.cellml.org/metadata/graphs/1.0#scatter"/></type><glyph xmlns="http://www.cellml.org/metadata/graphs/1.0#"><rdf:Description rdf:about="http://www.cellml.org/metadata/graphs/1.0#nonstandard-none"/></glyph><colour xmlns="http://www.cellml.org/metadata/graphs/1.0#" xml:lang="en">#fed296</colour><variable xmlns="http://www.cellml.org/metadata/graphs/1.0#x-"><rdf:Description rdf:nodeID="n218"/></variable><variable xmlns="http://www.cellml.org/metadata/graphs/1.0#y-"><rdf:Description rdf:nodeID="n70"/></variable></rdf:Description><rdf:Description rdf:nodeID="n247"><rdf:first><rdf:Description rdf:nodeID="n246"/></rdf:first><rdf:rest><rdf:Description rdf:nodeID="n214"/></rdf:rest></rdf:Description><rdf:Description rdf:nodeID="n175"><type xmlns="http://www.cellml.org/metadata/graphs/1.0#"><rdf:Description rdf:about="http://www.cellml.org/metadata/graphs/1.0#scatter"/></type><glyph xmlns="http://www.cellml.org/metadata/graphs/1.0#"><rdf:Description rdf:about="http://www.cellml.org/metadata/graphs/1.0#nonstandard-none"/></glyph><colour xmlns="http://www.cellml.org/metadata/graphs/1.0#" xml:lang="en">#980021</colour><variable xmlns="http://www.cellml.org/metadata/graphs/1.0#x-"><rdf:Description rdf:nodeID="n147"/></variable><variable xmlns="http://www.cellml.org/metadata/graphs/1.0#y-"><rdf:Description rdf:nodeID="n235"/></variable></rdf:Description><rdf:Description rdf:nodeID="n165"><type xmlns="http://www.cellml.org/metadata/graphs/1.0#"><rdf:Description rdf:about="http://www.cellml.org/metadata/graphs/1.0#scatter"/></type><glyph xmlns="http://www.cellml.org/metadata/graphs/1.0#"><rdf:Description rdf:about="http://www.cellml.org/metadata/graphs/1.0#nonstandard-none"/></glyph><colour xmlns="http://www.cellml.org/metadata/graphs/1.0#" xml:lang="en">#3aa01f</colour><variable xmlns="http://www.cellml.org/metadata/graphs/1.0#x-"><rdf:Description rdf:nodeID="n248"/></variable><variable xmlns="http://www.cellml.org/metadata/graphs/1.0#y-"><rdf:Description rdf:nodeID="n38"/></variable></rdf:Description><rdf:Description rdf:nodeID="n249"><rdf:first><rdf:Description rdf:nodeID="n238"/></rdf:first><rdf:rest><rdf:Description rdf:nodeID="n250"/></rdf:rest></rdf:Description><rdf:Description rdf:about="http://www.cellml.org/tools/pcenv/displayGraphs"><rdf:first><rdf:Description rdf:nodeID="n251"/></rdf:first></rdf:Description><rdf:Description rdf:about="http://www.cellml.org/tools/opencell/splitter/graph_sel_graph2"><activegraph xmlns="http://www.cellml.org/tools/opencell/"><rdf:Description rdf:nodeID="n2"/></activegraph></rdf:Description><rdf:Description rdf:nodeID="n221"><rdf:first><rdf:Description rdf:nodeID="n252"/></rdf:first><rdf:rest><rdf:Description rdf:nodeID="n234"/></rdf:rest></rdf:Description><rdf:Description rdf:nodeID="n99"><variable xmlns="http://www.cellml.org/metadata/graphs/1.0#"><rdf:Description rdf:about="hornberg_binder_bruggeman_schoeberl_heinrich_westerhoff_2005.cellml#environment_time"/></variable></rdf:Description><rdf:Description rdf:nodeID="n222"><type xmlns="http://www.cellml.org/metadata/graphs/1.0#"><rdf:Description rdf:about="http://www.cellml.org/metadata/graphs/1.0#scatter"/></type><glyph xmlns="http://www.cellml.org/metadata/graphs/1.0#"><rdf:Description rdf:about="http://www.cellml.org/metadata/graphs/1.0#nonstandard-none"/></glyph><colour xmlns="http://www.cellml.org/metadata/graphs/1.0#" xml:lang="en">#06ffa1</colour><variable xmlns="http://www.cellml.org/metadata/graphs/1.0#x-"><rdf:Description rdf:nodeID="n112"/></variable><variable xmlns="http://www.cellml.org/metadata/graphs/1.0#y-"><rdf:Description rdf:nodeID="n241"/></variable></rdf:Description><rdf:Description rdf:nodeID="n253"><type xmlns="http://www.cellml.org/metadata/graphs/1.0#"><rdf:Description rdf:about="http://www.cellml.org/metadata/graphs/1.0#scatter"/></type><glyph xmlns="http://www.cellml.org/metadata/graphs/1.0#"><rdf:Description rdf:about="http://www.cellml.org/metadata/graphs/1.0#nonstandard-none"/></glyph><colour xmlns="http://www.cellml.org/metadata/graphs/1.0#" xml:lang="en">#8bbcb9</colour><variable xmlns="http://www.cellml.org/metadata/graphs/1.0#x-"><rdf:Description rdf:nodeID="n223"/></variable><variable xmlns="http://www.cellml.org/metadata/graphs/1.0#y-"><rdf:Description rdf:nodeID="n125"/></variable></rdf:Description><rdf:Description rdf:nodeID="n183"><rdf:first><rdf:Description rdf:nodeID="n152"/></rdf:first><rdf:rest><rdf:Description rdf:nodeID="n200"/></rdf:rest></rdf:Description><rdf:Description rdf:nodeID="n36"><type xmlns="http://www.cellml.org/metadata/graphs/1.0#"><rdf:Description rdf:about="http://www.cellml.org/metadata/graphs/1.0#scatter"/></type><glyph xmlns="http://www.cellml.org/metadata/graphs/1.0#"><rdf:Description rdf:about="http://www.cellml.org/metadata/graphs/1.0#nonstandard-none"/></glyph><colour xmlns="http://www.cellml.org/metadata/graphs/1.0#" xml:lang="en">#6a728a</colour><variable xmlns="http://www.cellml.org/metadata/graphs/1.0#x-"><rdf:Description rdf:nodeID="n160"/></variable><variable xmlns="http://www.cellml.org/metadata/graphs/1.0#y-"><rdf:Description rdf:nodeID="n240"/></variable></rdf:Description><rdf:Description rdf:nodeID="n252"><type xmlns="http://www.cellml.org/metadata/graphs/1.0#"><rdf:Description rdf:about="http://www.cellml.org/metadata/graphs/1.0#scatter"/></type><glyph xmlns="http://www.cellml.org/metadata/graphs/1.0#"><rdf:Description rdf:about="http://www.cellml.org/metadata/graphs/1.0#nonstandard-none"/></glyph><colour xmlns="http://www.cellml.org/metadata/graphs/1.0#" xml:lang="en">#a114a1</colour><variable xmlns="http://www.cellml.org/metadata/graphs/1.0#x-"><rdf:Description rdf:nodeID="n186"/></variable><variable xmlns="http://www.cellml.org/metadata/graphs/1.0#y-"><rdf:Description rdf:nodeID="n156"/></variable></rdf:Description><rdf:Description rdf:nodeID="n137"><variable xmlns="http://www.cellml.org/metadata/graphs/1.0#"><rdf:Description rdf:about="hornberg_binder_bruggeman_schoeberl_heinrich_westerhoff_2005.cellml#environment_time"/></variable></rdf:Description><rdf:Description rdf:nodeID="n254"><rdf:first><rdf:Description rdf:nodeID="n91"/></rdf:first><rdf:rest><rdf:Description rdf:nodeID="n245"/></rdf:rest></rdf:Description><rdf:Description rdf:nodeID="n52"><type xmlns="http://www.cellml.org/metadata/graphs/1.0#"><rdf:Description rdf:about="http://www.cellml.org/metadata/graphs/1.0#scatter"/></type><glyph xmlns="http://www.cellml.org/metadata/graphs/1.0#"><rdf:Description rdf:about="http://www.cellml.org/metadata/graphs/1.0#nonstandard-none"/></glyph><colour xmlns="http://www.cellml.org/metadata/graphs/1.0#" xml:lang="en">#66e0d5</colour><variable xmlns="http://www.cellml.org/metadata/graphs/1.0#x-"><rdf:Description rdf:nodeID="n209"/></variable><variable xmlns="http://www.cellml.org/metadata/graphs/1.0#y-"><rdf:Description rdf:nodeID="n206"/></variable></rdf:Description><rdf:Description rdf:nodeID="n219"><type xmlns="http://www.cellml.org/metadata/graphs/1.0#"><rdf:Description rdf:about="http://www.cellml.org/metadata/graphs/1.0#scatter"/></type><glyph xmlns="http://www.cellml.org/metadata/graphs/1.0#"><rdf:Description rdf:about="http://www.cellml.org/metadata/graphs/1.0#nonstandard-none"/></glyph><colour xmlns="http://www.cellml.org/metadata/graphs/1.0#" xml:lang="en">#129a98</colour><variable xmlns="http://www.cellml.org/metadata/graphs/1.0#x-"><rdf:Description rdf:nodeID="n182"/></variable><variable xmlns="http://www.cellml.org/metadata/graphs/1.0#y-"><rdf:Description rdf:nodeID="n213"/></variable></rdf:Description><rdf:Description rdf:about="http://www.cellml.org/tools/opencell/displayGraphs"><rdf:first><rdf:Description rdf:nodeID="n251"/></rdf:first></rdf:Description><rdf:Description rdf:about="http://www.cellml.org/tools/opencell/modlayoutsplit"><splitterState_prevWidth xmlns="http://www.cellml.org/tools/opencell/" xml:lang="en">55</splitterState_prevWidth><splitterState_nextWidth xmlns="http://www.cellml.org/tools/pcenv/" xml:lang="en">1203</splitterState_nextWidth><splitterState_nextWidth xmlns="http://www.cellml.org/tools/opencell/" xml:lang="en">1203</splitterState_nextWidth><splitterState_collapsedBefore xmlns="http://www.cellml.org/tools/opencell/" xml:lang="en">true</splitterState_collapsedBefore></rdf:Description><rdf:Description rdf:about="http://www.cellml.org/tools/opencell/splitter/graph_key_graph3"><splitterState_collapsedAfter xmlns="http://www.cellml.org/tools/opencell/" xml:lang="en">true</splitterState_collapsedAfter><splitterState_nextHeight xmlns="http://www.cellml.org/tools/opencell/" xml:lang="en">0</splitterState_nextHeight></rdf:Description><rdf:Description rdf:nodeID="n162"><variable xmlns="http://www.cellml.org/metadata/graphs/1.0#"><rdf:Description rdf:about="hornberg_binder_bruggeman_schoeberl_heinrich_westerhoff_2005.cellml#environment_time"/></variable></rdf:Description><rdf:Description rdf:nodeID="n180"><rdf:first><rdf:Description rdf:nodeID="n169"/></rdf:first><rdf:rest><rdf:Description rdf:nodeID="n172"/></rdf:rest></rdf:Description><rdf:Description rdf:nodeID="n251"><rdf:first><rdf:Description rdf:nodeID="n173"/></rdf:first><rdf:rest><rdf:Description rdf:nodeID="n1"/></rdf:rest></rdf:Description><rdf:Description rdf:nodeID="n168"><rdf:first><rdf:Description rdf:nodeID="n142"/></rdf:first><rdf:rest><rdf:Description rdf:nodeID="n220"/></rdf:rest></rdf:Description><rdf:Description rdf:nodeID="n140"><variable xmlns="http://www.cellml.org/metadata/graphs/1.0#"><rdf:Description rdf:about="hornberg_binder_bruggeman_schoeberl_heinrich_westerhoff_2005.cellml#environment_time"/></variable></rdf:Description><rdf:Description rdf:nodeID="n176"><type xmlns="http://www.cellml.org/metadata/graphs/1.0#"><rdf:Description rdf:about="http://www.cellml.org/metadata/graphs/1.0#scatter"/></type><glyph xmlns="http://www.cellml.org/metadata/graphs/1.0#"><rdf:Description rdf:about="http://www.cellml.org/metadata/graphs/1.0#nonstandard-none"/></glyph><colour xmlns="http://www.cellml.org/metadata/graphs/1.0#" xml:lang="en">#6aea5b</colour><variable xmlns="http://www.cellml.org/metadata/graphs/1.0#x-"><rdf:Description rdf:nodeID="n163"/></variable><variable xmlns="http://www.cellml.org/metadata/graphs/1.0#y-"><rdf:Description rdf:nodeID="n184"/></variable></rdf:Description><rdf:Description rdf:nodeID="n255"><type xmlns="http://www.cellml.org/metadata/graphs/1.0#"><rdf:Description rdf:about="http://www.cellml.org/metadata/graphs/1.0#scatter"/></type><glyph xmlns="http://www.cellml.org/metadata/graphs/1.0#"><rdf:Description rdf:about="http://www.cellml.org/metadata/graphs/1.0#nonstandard-none"/></glyph><colour xmlns="http://www.cellml.org/metadata/graphs/1.0#" xml:lang="en">#289001</colour><variable xmlns="http://www.cellml.org/metadata/graphs/1.0#x-"><rdf:Description rdf:nodeID="n210"/></variable><variable xmlns="http://www.cellml.org/metadata/graphs/1.0#y-"><rdf:Description rdf:nodeID="n108"/></variable></rdf:Description><rdf:Description rdf:nodeID="n106"><variable xmlns="http://www.cellml.org/metadata/graphs/1.0#"><rdf:Description rdf:about="hornberg_binder_bruggeman_schoeberl_heinrich_westerhoff_2005.cellml#environment_time"/></variable></rdf:Description><rdf:Description rdf:nodeID="n197"><variable xmlns="http://www.cellml.org/metadata/graphs/1.0#"><rdf:Description rdf:about="hornberg_binder_bruggeman_schoeberl_heinrich_westerhoff_2005.cellml#environment_time"/></variable></rdf:Description><rdf:Description rdf:nodeID="n248"><variable xmlns="http://www.cellml.org/metadata/graphs/1.0#"><rdf:Description rdf:about="hornberg_binder_bruggeman_schoeberl_heinrich_westerhoff_2005.cellml#environment_time"/></variable></rdf:Description><rdf:Description rdf:nodeID="n201"><rdf:first><rdf:Description rdf:nodeID="n237"/></rdf:first><rdf:rest><rdf:Description rdf:nodeID="n256"/></rdf:rest></rdf:Description><rdf:Description rdf:nodeID="n151"><rdf:first><rdf:Description rdf:nodeID="n21"/></rdf:first><rdf:rest><rdf:Description rdf:nodeID="n249"/></rdf:rest></rdf:Description><rdf:Description rdf:nodeID="n20"><variable xmlns="http://www.cellml.org/metadata/graphs/1.0#"><rdf:Description rdf:about="hornberg_binder_bruggeman_schoeberl_heinrich_westerhoff_2005.cellml#c59_c59"/></variable></rdf:Description><rdf:Description rdf:nodeID="n250"><rdf:first><rdf:Description rdf:nodeID="n48"/></rdf:first><rdf:rest><rdf:Description rdf:nodeID="n83"/></rdf:rest></rdf:Description><rdf:Description rdf:nodeID="n257"><type xmlns="http://www.cellml.org/metadata/graphs/1.0#"><rdf:Description rdf:about="http://www.cellml.org/metadata/graphs/1.0#scatter"/></type><glyph xmlns="http://www.cellml.org/metadata/graphs/1.0#"><rdf:Description rdf:about="http://www.cellml.org/metadata/graphs/1.0#nonstandard-none"/></glyph><colour xmlns="http://www.cellml.org/metadata/graphs/1.0#" xml:lang="en">#0cc6ca</colour><variable xmlns="http://www.cellml.org/metadata/graphs/1.0#x-"><rdf:Description rdf:nodeID="n90"/></variable><variable xmlns="http://www.cellml.org/metadata/graphs/1.0#y-"><rdf:Description rdf:nodeID="n88"/></variable></rdf:Description><rdf:Description rdf:nodeID="n192"><type xmlns="http://www.cellml.org/metadata/graphs/1.0#"><rdf:Description rdf:about="http://www.cellml.org/metadata/graphs/1.0#scatter"/></type><glyph xmlns="http://www.cellml.org/metadata/graphs/1.0#"><rdf:Description rdf:about="http://www.cellml.org/metadata/graphs/1.0#nonstandard-none"/></glyph><colour xmlns="http://www.cellml.org/metadata/graphs/1.0#" xml:lang="en">#8a341a</colour><variable xmlns="http://www.cellml.org/metadata/graphs/1.0#x-"><rdf:Description rdf:nodeID="n239"/></variable><variable xmlns="http://www.cellml.org/metadata/graphs/1.0#y-"><rdf:Description rdf:nodeID="n56"/></variable></rdf:Description><rdf:Description rdf:nodeID="n243"><rdf:first><rdf:Description rdf:nodeID="n255"/></rdf:first><rdf:rest><rdf:Description rdf:nodeID="n35"/></rdf:rest></rdf:Description><rdf:Description rdf:nodeID="n244"><type xmlns="http://www.cellml.org/metadata/graphs/1.0#"><rdf:Description rdf:about="http://www.cellml.org/metadata/graphs/1.0#scatter"/></type><glyph xmlns="http://www.cellml.org/metadata/graphs/1.0#"><rdf:Description rdf:about="http://www.cellml.org/metadata/graphs/1.0#nonstandard-none"/></glyph><colour xmlns="http://www.cellml.org/metadata/graphs/1.0#" xml:lang="en">#760554</colour><variable xmlns="http://www.cellml.org/metadata/graphs/1.0#x-"><rdf:Description rdf:nodeID="n236"/></variable><variable xmlns="http://www.cellml.org/metadata/graphs/1.0#y-"><rdf:Description rdf:nodeID="n181"/></variable></rdf:Description><rdf:Description rdf:nodeID="n117"><rdf:first><rdf:Description rdf:nodeID="n253"/></rdf:first><rdf:rest><rdf:Description rdf:nodeID="n254"/></rdf:rest></rdf:Description><rdf:Description rdf:nodeID="n256"><rdf:first><rdf:Description rdf:nodeID="n216"/></rdf:first><rdf:rest><rdf:Description rdf:nodeID="n247"/></rdf:rest></rdf:Description><rdf:Description rdf:nodeID="n242"><type xmlns="http://www.cellml.org/metadata/graphs/1.0#"><rdf:Description rdf:about="http://www.cellml.org/metadata/graphs/1.0#scatter"/></type><glyph xmlns="http://www.cellml.org/metadata/graphs/1.0#"><rdf:Description rdf:about="http://www.cellml.org/metadata/graphs/1.0#nonstandard-none"/></glyph><colour xmlns="http://www.cellml.org/metadata/graphs/1.0#" xml:lang="en">#a6d9ef</colour><variable xmlns="http://www.cellml.org/metadata/graphs/1.0#x-"><rdf:Description rdf:nodeID="n61"/></variable><variable xmlns="http://www.cellml.org/metadata/graphs/1.0#y-"><rdf:Description rdf:nodeID="n205"/></variable></rdf:Description><rdf:Description rdf:nodeID="n166"><rdf:first><rdf:Description rdf:nodeID="n257"/></rdf:first><rdf:rest><rdf:Description rdf:nodeID="n64"/></rdf:rest></rdf:Description><rdf:Description rdf:nodeID="n2"><graphname xmlns="http://www.cellml.org/tools/pcenv/" xml:lang="en">CLickable SVG: Click elements below to toggle traces above</graphname><graphname xmlns="http://www.cellml.org/tools/opencell/" xml:lang="en">CLickable SVG: Click elements below to toggle traces above</graphname><externalurl xmlns="http://www.cellml.org/tools/pcenv/" xml:lang="en">hornberg_2005.xul</externalurl><externalurl xmlns="http://www.cellml.org/tools/opencell/" xml:lang="en">hornberg_2005.xul</externalurl></rdf:Description><rdf:Description rdf:nodeID="n225"><variable xmlns="http://www.cellml.org/metadata/graphs/1.0#"><rdf:Description rdf:about="hornberg_binder_bruggeman_schoeberl_heinrich_westerhoff_2005.cellml#environment_time"/></variable></rdf:Description></rdf:RDF>