[{"data_set_value_component_environment_variable_time":0.0,"data_set_value_component_equations_variable_P_CE":0.0,"data_set_value_component_equations_variable_P_PE":863553385.1711882353,"data_set_value_component_equations_variable_P_SE":719627820975.990234375,"data_set_value_component_equations_variable_Ca":0.0,"data_set_value_component_equations_variable_C_2":0.2,"data_set_value_component_equations_variable_phi_A_1":1.0,"data_set_value_component_equations_variable_pi_n":1.0,"data_set_value_component_equations_variable_A":0.0,"data_set_value_component_equations_variable_A_1":0.0,"data_set_value_component_equations_variable_S":0.77,"data_set_value_component_equations_variable_n":0.0,"data_set_value_component_equations_variable_n_1":0.6,"data_set_value_component_equations_variable_n_2":0.0,"data_set_value_component_equations_variable_G_V":1.0,"data_set_value_component_equations_variable_q_V":0.017,"data_set_value_component_equations_variable_V":0.0,"data_set_value_component_equations_variable_F_V":1.0,"data_set_value_component_equations_variable_p_V":1.0,"data_set_value_component_equations_variable_alpha_1":14.6,"data_set_value_component_equations_variable_alpha_2":14.6,"data_set_value_component_equations_variable_beta_1":1.0,"data_set_value_component_equations_variable_beta_2":0.0012,"data_set_value_component_equations_variable_lambda":30.0,"data_set_value_component_equations_variable_V_max":0.0043,"data_set_value_component_equations_variable_Ca_m":0.045,"data_set_value_component_equations_variable_t_d":170.0,"data_set_value_component_equations_variable_a_c":0.00024,"data_set_value_component_equations_variable_b_c":0.0005,"data_set_value_component_equations_variable_C_1":0.029,"data_set_value_component_equations_variable_C_20":0.2,"data_set_value_component_equations_variable_q_k":4.0,"data_set_value_component_equations_variable_V_1":0.00043,"data_set_value_component_equations_variable_a":0.25,"data_set_value_component_equations_variable_m_0":0.87,"data_set_value_component_equations_variable_g_1":0.4,"data_set_value_component_equations_variable_g_2":0.6,"data_set_value_component_equations_variable_pi_min":0.05,"data_set_value_component_equations_variable_S_0":0.77,"data_set_value_component_equations_variable_q_1":0.017,"data_set_value_component_equations_variable_q_2":0.26,"data_set_value_component_equations_variable_q_3":0.03,"data_set_value_component_equations_variable_TnC":1.0,"data_set_value_component_user_defined_variable_l_1":0.0,"data_set_value_component_user_defined_variable_l_2":1.87,"data_set_value_component_user_defined_variable_dl_1_dt":0.0},{"data_set_value_component_environment_variable_time":0.1,"data_set_value_component_equations_variable_P_CE":1.127449637e-17,"data_set_value_component_equations_variable_P_PE":863553385.1711882353,"data_set_value_component_equations_variable_P_SE":719627820975.990234375,"data_set_value_component_equations_variable_Ca":0.0,"data_set_value_component_equations_variable_C_2":0.2,"data_set_value_component_equations_variable_phi_A_1":1.0,"data_set_value_component_equations_variable_pi_n":1.0,"data_set_value_component_equations_variable_A":4.238657102e-16,"data_set_value_component_equations_variable_A_1":5.504749484e-16,"data_set_value_component_equations_variable_S":0.77,"data_set_value_component_equations_variable_n":0.0008866406,"data_set_value_component_equations_variable_n_1":0.6,"data_set_value_component_equations_variable_n_2":0.0014777343,"data_set_value_component_equations_variable_G_V":1.0,"data_set_value_component_equations_variable_q_V":0.017,"data_set_value_component_equations_variable_V":0.0,"data_set_value_component_equations_variable_F_V":1.0,"data_set_value_component_equations_variable_p_V":1.0,"data_set_value_component_equations_variable_alpha_1":14.6,"data_set_value_component_equations_variable_alpha_2":14.6,"data_set_value_component_equations_variable_beta_1":1.0,"data_set_value_component_equations_variable_beta_2":0.0012,"data_set_value_component_equations_variable_lambda":30.0,"data_set_value_component_equations_variable_V_max":0.0043,"data_set_value_component_equations_variable_Ca_m":0.045,"data_set_value_component_equations_variable_t_d":170.0,"data_set_value_component_equations_variable_a_c":0.00024,"data_set_value_component_equations_variable_b_c":0.0005,"data_set_value_component_equations_variable_C_1":0.029,"data_set_value_component_equations_variable_C_20":0.2,"data_set_value_component_equations_variable_q_k":4.0,"data_set_value_component_equations_variable_V_1":0.00043,"data_set_value_component_equations_variable_a":0.25,"data_set_value_component_equations_variable_m_0":0.87,"data_set_value_component_equations_variable_g_1":0.4,"data_set_value_component_equations_variable_g_2":0.6,"data_set_value_component_equations_variable_pi_min":0.05,"data_set_value_component_equations_variable_S_0":0.77,"data_set_value_component_equations_variable_q_1":0.017,"data_set_value_component_equations_variable_q_2":0.26,"data_set_value_component_equations_variable_q_3":0.03,"data_set_value_component_equations_variable_TnC":1.0,"data_set_value_component_user_defined_variable_l_1":0.0,"data_set_value_component_user_defined_variable_l_2":1.87,"data_set_value_component_user_defined_variable_dl_1_dt":0.0},{"data_set_value_component_environment_variable_time":0.2,"data_set_value_component_equations_variable_P_CE":5.4937744e-16,"data_set_value_component_equations_variable_P_PE":863553385.1711882353,"data_set_value_component_equations_variable_P_SE":719627820975.990234375,"data_set_value_component_equations_variable_Ca":0.0,"data_set_value_component_equations_variable_C_2":0.2,"data_set_value_component_equations_variable_phi_A_1":1.0,"data_set_value_component_equations_variable_pi_n":1.0,"data_set_value_component_equations_variable_A":0.0,"data_set_value_component_equations_variable_A_1":0.0,"data_set_value_component_equations_variable_S":0.77,"data_set_value_component_equations_variable_n":0.0017717789,"data_set_value_component_equations_variable_n_1":0.6,"data_set_value_component_equations_variable_n_2":0.0029529648,"data_set_value_component_equations_variable_G_V":1.0,"data_set_value_component_equations_variable_q_V":0.017,"data_set_value_component_equations_variable_V":0.0,"data_set_value_component_equations_variable_F_V":1.0,"data_set_value_component_equations_variable_p_V":1.0,"data_set_value_component_equations_variable_alpha_1":14.6,"data_set_value_component_equations_variable_alpha_2":14.6,"data_set_value_component_equations_variable_beta_1":1.0,"data_set_value_component_equations_variable_beta_2":0.0012,"data_set_value_component_equations_variable_lambda":30.0,"data_set_value_component_equations_variable_V_max":0.0043,"data_set_value_component_equations_variable_Ca_m":0.045,"data_set_value_component_equations_variable_t_d":170.0,"data_set_value_component_equations_variable_a_c":0.00024,"data_set_value_component_equations_variable_b_c":0.0005,"data_set_value_component_equations_variable_C_1":0.029,"data_set_value_component_equations_variable_C_20":0.2,"data_set_value_component_equations_variable_q_k":4.0,"data_set_value_component_equations_variable_V_1":0.00043,"data_set_value_component_equations_variable_a":0.25,"data_set_value_component_equations_variable_m_0":0.87,"data_set_value_component_equations_variable_g_1":0.4,"data_set_value_component_equations_variable_g_2":0.6,"data_set_value_component_equations_variable_pi_min":0.05,"data_set_value_component_equations_variable_S_0":0.77,"data_set_value_component_equations_variable_q_1":0.017,"data_set_value_component_equations_variable_q_2":0.26,"data_set_value_component_equations_variable_q_3":0.03,"data_set_value_component_equations_variable_TnC":1.0,"data_set_value_component_user_defined_variable_l_1":0.0,"data_set_value_component_user_defined_variable_l_2":1.87,"data_set_value_component_user_defined_variable_dl_1_dt":0.0},{"data_set_value_component_environment_variable_time":0.3,"data_set_value_component_equations_variable_P_CE":0.0,"data_set_value_component_equations_variable_P_PE":863553385.1711882353,"data_set_value_component_equations_variable_P_SE":719627820975.990234375,"data_set_value_component_equations_variable_Ca":0.0,"data_set_value_component_equations_variable_C_2":0.2,"data_set_value_component_equations_variable_phi_A_1":1.0,"data_set_value_component_equations_variable_pi_n":1.0,"data_set_value_component_equations_variable_A":0.0,"data_set_value_component_equations_variable_A_1":0.0,"data_set_value_component_equations_variable_S":0.77,"data_set_value_component_equations_variable_n":0.0026554156,"data_set_value_component_equations_variable_n_1":0.6,"data_set_value_component_equations_variable_n_2":0.0044256927,"data_set_value_component_equations_variable_G_V":1.0,"data_set_value_component_equations_variable_q_V":0.017,"data_set_value_component_equations_variable_V":0.0,"data_set_value_component_equations_variable_F_V":1.0,"data_set_value_component_equations_variable_p_V":1.0,"data_set_value_component_equations_variable_alpha_1":14.6,"data_set_value_component_equations_variable_alpha_2":14.6,"data_set_value_component_equations_variable_beta_1":1.0,"data_set_value_component_equations_variable_beta_2":0.0012,"data_set_value_component_equations_variable_lambda":30.0,"data_set_value_component_equations_variable_V_max":0.0043,"data_set_value_component_equations_variable_Ca_m":0.045,"data_set_value_component_equations_variable_t_d":170.0,"data_set_value_component_equations_variable_a_c":0.00024,"data_set_value_component_equations_variable_b_c":0.0005,"data_set_value_component_equations_variable_C_1":0.029,"data_set_value_component_equations_variable_C_20":0.2,"data_set_value_component_equations_variable_q_k":4.0,"data_set_value_component_equations_variable_V_1":0.00043,"data_set_value_component_equations_variable_a":0.25,"data_set_value_component_equations_variable_m_0":0.87,"data_set_value_component_equations_variable_g_1":0.4,"data_set_value_component_equations_variable_g_2":0.6,"data_set_value_component_equations_variable_pi_min":0.05,"data_set_value_component_equations_variable_S_0":0.77,"data_set_value_component_equations_variable_q_1":0.017,"data_set_value_component_equations_variable_q_2":0.26,"data_set_value_component_equations_variable_q_3":0.03,"data_set_value_component_equations_variable_TnC":1.0,"data_set_value_component_user_defined_variable_l_1":0.0,"data_set_value_component_user_defined_variable_l_2":1.87,"data_set_value_component_user_defined_variable_dl_1_dt":0.0},{"data_set_value_component_environment_variable_time":0.4,"data_set_value_component_equations_variable_P_CE":0.0,"data_set_value_component_equations_variable_P_PE":863553385.1711882353,"data_set_value_component_equations_variable_P_SE":719627820975.990234375,"data_set_value_component_equations_variable_Ca":0.0000000001,"data_set_value_component_equations_variable_C_2":0.2,"data_set_value_component_equations_variable_phi_A_1":1.0,"data_set_value_component_equations_variable_pi_n":1.0,"data_set_value_component_equations_variable_A":0.0,"data_set_value_component_equations_variable_A_1":0.0,"data_set_value_component_equations_variable_S":0.77,"data_set_value_component_equations_variable_n":0.0035375561,"data_set_value_component_equations_variable_n_1":0.6,"data_set_value_component_equations_variable_n_2":0.0058959269,"data_set_value_component_equations_variable_G_V":1.0,"data_set_value_component_equations_variable_q_V":0.017,"data_set_value_component_equations_variable_V":0.0,"data_set_value_component_equations_variable_F_V":1.0,"data_set_value_component_equations_variable_p_V":1.0,"data_set_value_component_equations_variable_alpha_1":14.6,"data_set_value_component_equations_variable_alpha_2":14.6,"data_set_value_component_equations_variable_beta_1":1.0,"data_set_value_component_equations_variable_beta_2":0.0012,"data_set_value_component_equations_variable_lambda":30.0,"data_set_value_component_equations_variable_V_max":0.0043,"data_set_value_component_equations_variable_Ca_m":0.045,"data_set_value_component_equations_variable_t_d":170.0,"data_set_value_component_equations_variable_a_c":0.00024,"data_set_value_component_equations_variable_b_c":0.0005,"data_set_value_component_equations_variable_C_1":0.029,"data_set_value_component_equations_variable_C_20":0.2,"data_set_value_component_equations_variable_q_k":4.0,"data_set_value_component_equations_variable_V_1":0.00043,"data_set_value_component_equations_variable_a":0.25,"data_set_value_component_equations_variable_m_0":0.87,"data_set_value_component_equations_variable_g_1":0.4,"data_set_value_component_equations_variable_g_2":0.6,"data_set_value_component_equations_variable_pi_min":0.05,"data_set_value_component_equations_variable_S_0":0.77,"data_set_value_component_equations_variable_q_1":0.017,"data_set_value_component_equations_variable_q_2":0.26,"data_set_value_component_equations_variable_q_3":0.03,"data_set_value_component_equations_variable_TnC":1.0,"data_set_value_component_user_defined_variable_l_1":0.0,"data_set_value_component_user_defined_variable_l_2":1.87,"data_set_value_component_user_defined_variable_dl_1_dt":0.0},{"data_set_value_component_environment_variable_time":0.5,"data_set_value_component_equations_variable_P_CE":0.0,"data_set_value_component_equations_variable_P_PE":863553385.1711882353,"data_set_value_component_equations_variable_P_SE":719627820975.990234375,"data_set_value_component_equations_variable_Ca":0.0000000002,"data_set_value_component_equations_variable_C_2":0.2,"data_set_value_component_equations_variable_phi_A_1":1.0,"data_set_value_component_equations_variable_pi_n":1.0,"data_set_value_component_equations_variable_A":0.0,"data_set_value_component_equations_variable_A_1":0.0,"data_set_value_component_equations_variable_S":0.77,"data_set_value_component_equations_variable_n":0.0044182053,"data_set_value_component_equations_variable_n_1":0.6,"data_set_value_component_equations_variable_n_2":0.0073636754,"data_set_value_component_equations_variable_G_V":1.0,"data_set_value_component_equations_variable_q_V":0.017,"data_set_value_component_equations_variable_V":0.0,"data_set_value_component_equations_variable_F_V":1.0,"data_set_value_component_equations_variable_p_V":1.0,"data_set_value_component_equations_variable_alpha_1":14.6,"data_set_value_component_equations_variable_alpha_2":14.6,"data_set_value_component_equations_variable_beta_1":1.0,"data_set_value_component_equations_variable_beta_2":0.0012,"data_set_value_component_equations_variable_lambda":30.0,"data_set_value_component_equations_variable_V_max":0.0043,"data_set_value_component_equations_variable_Ca_m":0.045,"data_set_value_component_equations_variable_t_d":170.0,"data_set_value_component_equations_variable_a_c":0.00024,"data_set_value_component_equations_variable_b_c":0.0005,"data_set_value_component_equations_variable_C_1":0.029,"data_set_value_component_equations_variable_C_20":0.2,"data_set_value_component_equations_variable_q_k":4.0,"data_set_value_component_equations_variable_V_1":0.00043,"data_set_value_component_equations_variable_a":0.25,"data_set_value_component_equations_variable_m_0":0.87,"data_set_value_component_equations_variable_g_1":0.4,"data_set_value_component_equations_variable_g_2":0.6,"data_set_value_component_equations_variable_pi_min":0.05,"data_set_value_component_equations_variable_S_0":0.77,"data_set_value_component_equations_variable_q_1":0.017,"data_set_value_component_equations_variable_q_2":0.26,"data_set_value_component_equations_variable_q_3":0.03,"data_set_value_component_equations_variable_TnC":1.0,"data_set_value_component_user_defined_variable_l_1":0.0,"data_set_value_component_user_defined_variable_l_2":1.87,"data_set_value_component_user_defined_variable_dl_1_dt":0.0},{"data_set_value_component_environment_variable_time":0.6,"data_set_value_component_equations_variable_P_CE":0.0,"data_set_value_component_equations_variable_P_PE":863553385.1711882353,"data_set_value_component_equations_variable_P_SE":719627820975.990234375,"data_set_value_component_equations_variable_Ca":0.0000000003,"data_set_value_component_equations_variable_C_2":0.2,"data_set_value_component_equations_variable_phi_A_1":1.0,"data_set_value_component_equations_variable_pi_n":1.0,"data_set_value_component_equations_variable_A":0.0,"data_set_value_component_equations_variable_A_1":0.0,"data_set_value_component_equations_variable_S":0.77,"data_set_value_component_equations_variable_n":0.005297358,"data_set_value_component_equations_variable_n_1":0.6,"data_set_value_component_equations_variable_n_2":0.0088289301,"data_set_value_component_equations_variable_G_V":1.0,"data_set_value_component_equations_variable_q_V":0.017,"data_set_value_component_equations_variable_V":0.0,"data_set_value_component_equations_variable_F_V":1.0,"data_set_value_component_equations_variable_p_V":1.0,"data_set_value_component_equations_variable_alpha_1":14.6,"data_set_value_component_equations_variable_alpha_2":14.6,"data_set_value_component_equations_variable_beta_1":1.0,"data_set_value_component_equations_variable_beta_2":0.0012,"data_set_value_component_equations_variable_lambda":30.0,"data_set_value_component_equations_variable_V_max":0.0043,"data_set_value_component_equations_variable_Ca_m":0.045,"data_set_value_component_equations_variable_t_d":170.0,"data_set_value_component_equations_variable_a_c":0.00024,"data_set_value_component_equations_variable_b_c":0.0005,"data_set_value_component_equations_variable_C_1":0.029,"data_set_value_component_equations_variable_C_20":0.2,"data_set_value_component_equations_variable_q_k":4.0,"data_set_value_component_equations_variable_V_1":0.00043,"data_set_value_component_equations_variable_a":0.25,"data_set_value_component_equations_variable_m_0":0.87,"data_set_value_component_equations_variable_g_1":0.4,"data_set_value_component_equations_variable_g_2":0.6,"data_set_value_component_equations_variable_pi_min":0.05,"data_set_value_component_equations_variable_S_0":0.77,"data_set_value_component_equations_variable_q_1":0.017,"data_set_value_component_equations_variable_q_2":0.26,"data_set_value_component_equations_variable_q_3":0.03,"data_set_value_component_equations_variable_TnC":1.0,"data_set_value_component_user_defined_variable_l_1":0.0,"data_set_value_component_user_defined_variable_l_2":1.87,"data_set_value_component_user_defined_variable_dl_1_dt":0.0},{"data_set_value_component_environment_variable_time":0.7,"data_set_value_component_equations_variable_P_CE":0.0,"data_set_value_component_equations_variable_P_PE":863553385.1711882353,"data_set_value_component_equations_variable_P_SE":719627820975.990234375,"data_set_value_component_equations_variable_Ca":0.0000000006,"data_set_value_component_equations_variable_C_2":0.2,"data_set_value_component_equations_variable_phi_A_1":1.0,"data_set_value_component_equations_variable_pi_n":1.0,"data_set_value_component_equations_variable_A":0.0,"data_set_value_component_equations_variable_A_1":0.0,"data_set_value_component_equations_variable_S":0.77,"data_set_value_component_equations_variable_n":0.0061750145,"data_set_value_component_equations_variable_n_1":0.6,"data_set_value_component_equations_variable_n_2":0.0102916908,"data_set_value_component_equations_variable_G_V":1.0,"data_set_value_component_equations_variable_q_V":0.017,"data_set_value_component_equations_variable_V":0.0,"data_set_value_component_equations_variable_F_V":1.0,"data_set_value_component_equations_variable_p_V":1.0,"data_set_value_component_equations_variable_alpha_1":14.6,"data_set_value_component_equations_variable_alpha_2":14.6,"data_set_value_component_equations_variable_beta_1":1.0,"data_set_value_component_equations_variable_beta_2":0.0012,"data_set_value_component_equations_variable_lambda":30.0,"data_set_value_component_equations_variable_V_max":0.0043,"data_set_value_component_equations_variable_Ca_m":0.045,"data_set_value_component_equations_variable_t_d":170.0,"data_set_value_component_equations_variable_a_c":0.00024,"data_set_value_component_equations_variable_b_c":0.0005,"data_set_value_component_equations_variable_C_1":0.029,"data_set_value_component_equations_variable_C_20":0.2,"data_set_value_component_equations_variable_q_k":4.0,"data_set_value_component_equations_variable_V_1":0.00043,"data_set_value_component_equations_variable_a":0.25,"data_set_value_component_equations_variable_m_0":0.87,"data_set_value_component_equations_variable_g_1":0.4,"data_set_value_component_equations_variable_g_2":0.6,"data_set_value_component_equations_variable_pi_min":0.05,"data_set_value_component_equations_variable_S_0":0.77,"data_set_value_component_equations_variable_q_1":0.017,"data_set_value_component_equations_variable_q_2":0.26,"data_set_value_component_equations_variable_q_3":0.03,"data_set_value_component_equations_variable_TnC":1.0,"data_set_value_component_user_defined_variable_l_1":0.0,"data_set_value_component_user_defined_variable_l_2":1.87,"data_set_value_component_user_defined_variable_dl_1_dt":0.0},{"data_set_value_component_environment_variable_time":0.8,"data_set_value_component_equations_variable_P_CE":0.0,"data_set_value_component_equations_variable_P_PE":863553385.1711882353,"data_set_value_component_equations_variable_P_SE":719627820975.990234375,"data_set_value_component_equations_variable_Ca":0.0000000011,"data_set_value_component_equations_variable_C_2":0.2,"data_set_value_component_equations_variable_phi_A_1":1.0,"data_set_value_component_equations_variable_pi_n":1.0,"data_set_value_component_equations_variable_A":0.0,"data_set_value_component_equations_variable_A_1":0.0,"data_set_value_component_equations_variable_S":0.77,"data_set_value_component_equations_variable_n":0.0070511772,"data_set_value_component_equations_variable_n_1":0.6,"data_set_value_component_equations_variable_n_2":0.011751962,"data_set_value_component_equations_variable_G_V":1.0,"data_set_value_component_equations_variable_q_V":0.017,"data_set_value_component_equations_variable_V":0.0,"data_set_value_component_equations_variable_F_V":1.0,"data_set_value_component_equations_variable_p_V":1.0,"data_set_value_component_equations_variable_alpha_1":14.6,"data_set_value_component_equations_variable_alpha_2":14.6,"data_set_value_component_equations_variable_beta_1":1.0,"data_set_value_component_equations_variable_beta_2":0.0012,"data_set_value_component_equations_variable_lambda":30.0,"data_set_value_component_equations_variable_V_max":0.0043,"data_set_value_component_equations_variable_Ca_m":0.045,"data_set_value_component_equations_variable_t_d":170.0,"data_set_value_component_equations_variable_a_c":0.00024,"data_set_value_component_equations_variable_b_c":0.0005,"data_set_value_component_equations_variable_C_1":0.029,"data_set_value_component_equations_variable_C_20":0.2,"data_set_value_component_equations_variable_q_k":4.0,"data_set_value_component_equations_variable_V_1":0.00043,"data_set_value_component_equations_variable_a":0.25,"data_set_value_component_equations_variable_m_0":0.87,"data_set_value_component_equations_variable_g_1":0.4,"data_set_value_component_equations_variable_g_2":0.6,"data_set_value_component_equations_variable_pi_min":0.05,"data_set_value_component_equations_variable_S_0":0.77,"data_set_value_component_equations_variable_q_1":0.017,"data_set_value_component_equations_variable_q_2":0.26,"data_set_value_component_equations_variable_q_3":0.03,"data_set_value_component_equations_variable_TnC":1.0,"data_set_value_component_user_defined_variable_l_1":0.0,"data_set_value_component_user_defined_variable_l_2":1.87,"data_set_value_component_user_defined_variable_dl_1_dt":0.0},{"data_set_value_component_environment_variable_time":0.9,"data_set_value_component_equations_variable_P_CE":0.0,"data_set_value_component_equations_variable_P_PE":863553385.1711882353,"data_set_value_component_equations_variable_P_SE":719627820975.990234375,"data_set_value_component_equations_variable_Ca":0.0000000017,"data_set_value_component_equations_variable_C_2":0.2,"data_set_value_component_equations_variable_phi_A_1":0.9999999999,"data_set_value_component_equations_variable_pi_n":1.0,"data_set_value_component_equations_variable_A":0.0,"data_set_value_component_equations_variable_A_1":0.0,"data_set_value_component_equations_variable_S":0.77,"data_set_value_component_equations_variable_n":0.0079258655,"data_set_value_component_equations_variable_n_1":0.6,"data_set_value_component_equations_variable_n_2":0.0132097758,"data_set_value_component_equations_variable_G_V":1.0,"data_set_value_component_equations_variable_q_V":0.017,"data_set_value_component_equations_variable_V":0.0,"data_set_value_component_equations_variable_F_V":1.0,"data_set_value_component_equations_variable_p_V":1.0,"data_set_value_component_equations_variable_alpha_1":14.6,"data_set_value_component_equations_variable_alpha_2":14.6,"data_set_value_component_equations_variable_beta_1":1.0,"data_set_value_component_equations_variable_beta_2":0.0012,"data_set_value_component_equations_variable_lambda":30.0,"data_set_value_component_equations_variable_V_max":0.0043,"data_set_value_component_equations_variable_Ca_m":0.045,"data_set_value_component_equations_variable_t_d":170.0,"data_set_value_component_equations_variable_a_c":0.00024,"data_set_value_component_equations_variable_b_c":0.0005,"data_set_value_component_equations_variable_C_1":0.029,"data_set_value_component_equations_variable_C_20":0.2,"data_set_value_component_equations_variable_q_k":4.0,"data_set_value_component_equations_variable_V_1":0.00043,"data_set_value_component_equations_variable_a":0.25,"data_set_value_component_equations_variable_m_0":0.87,"data_set_value_component_equations_variable_g_1":0.4,"data_set_value_component_equations_variable_g_2":0.6,"data_set_value_component_equations_variable_pi_min":0.05,"data_set_value_component_equations_variable_S_0":0.77,"data_set_value_component_equations_variable_q_1":0.017,"data_set_value_component_equations_variable_q_2":0.26,"data_set_value_component_equations_variable_q_3":0.03,"data_set_value_component_equations_variable_TnC":1.0,"data_set_value_component_user_defined_variable_l_1":0.0,"data_set_value_component_user_defined_variable_l_2":1.87,"data_set_value_component_user_defined_variable_dl_1_dt":0.0},{"data_set_value_component_environment_variable_time":1.0,"data_set_value_component_equations_variable_P_CE":0.0,"data_set_value_component_equations_variable_P_PE":863553385.1711882353,"data_set_value_component_equations_variable_P_SE":719627820975.990234375,"data_set_value_component_equations_variable_Ca":0.0000000026,"data_set_value_component_equations_variable_C_2":0.2,"data_set_value_component_equations_variable_phi_A_1":0.9999999999,"data_set_value_component_equations_variable_pi_n":1.0,"data_set_value_component_equations_variable_A":0.0,"data_set_value_component_equations_variable_A_1":0.0,"data_set_value_component_equations_variable_S":0.77,"data_set_value_component_equations_variable_n":0.0087990662,"data_set_value_component_equations_variable_n_1":0.6,"data_set_value_component_equations_variable_n_2":0.0146651103,"data_set_value_component_equations_variable_G_V":1.0,"data_set_value_component_equations_variable_q_V":0.017,"data_set_value_component_equations_variable_V":0.0,"data_set_value_component_equations_variable_F_V":1.0,"data_set_value_component_equations_variable_p_V":1.0,"data_set_value_component_equations_variable_alpha_1":14.6,"data_set_value_component_equations_variable_alpha_2":14.6,"data_set_value_component_equations_variable_beta_1":1.0,"data_set_value_component_equations_variable_beta_2":0.0012,"data_set_value_component_equations_variable_lambda":30.0,"data_set_value_component_equations_variable_V_max":0.0043,"data_set_value_component_equations_variable_Ca_m":0.045,"data_set_value_component_equations_variable_t_d":170.0,"data_set_value_component_equations_variable_a_c":0.00024,"data_set_value_component_equations_variable_b_c":0.0005,"data_set_value_component_equations_variable_C_1":0.029,"data_set_value_component_equations_variable_C_20":0.2,"data_set_value_component_equations_variable_q_k":4.0,"data_set_value_component_equations_variable_V_1":0.00043,"data_set_value_component_equations_variable_a":0.25,"data_set_value_component_equations_variable_m_0":0.87,"data_set_value_component_equations_variable_g_1":0.4,"data_set_value_component_equations_variable_g_2":0.6,"data_set_value_component_equations_variable_pi_min":0.05,"data_set_value_component_equations_variable_S_0":0.77,"data_set_value_component_equations_variable_q_1":0.017,"data_set_value_component_equations_variable_q_2":0.26,"data_set_value_component_equations_variable_q_3":0.03,"data_set_value_component_equations_variable_TnC":1.0,"data_set_value_component_user_defined_variable_l_1":0.0,"data_set_value_component_user_defined_variable_l_2":1.87,"data_set_value_component_user_defined_variable_dl_1_dt":0.0}]