[{"data_set_value_component_environment_variable_time":0.0,"data_set_value_component_S1_variable_S1":1.57981839,"data_set_value_component_S2_variable_S2":4.8279999,"data_set_value_component_S3_variable_S3":0.468657507,"data_set_value_component_S4_variable_S4":0.589391932,"data_set_value_component_S5_variable_S5":8.210114438,"data_set_value_component_S6_variable_S6":0.078042624,"data_set_value_component_S6_ex_variable_S6_ex":0.025277594,"data_set_value_component_S6_ex_variable_phi":0.1,"data_set_value_component_A3_variable_A3":1.972814237,"data_set_value_component_A_variable_A":4.0,"data_set_value_component_A_variable_A2":2.027185763,"data_set_value_component_N2_variable_N2":0.384873894,"data_set_value_component_N_variable_N":1.0,"data_set_value_component_N_variable_N1":0.615126106,"data_set_value_component_v1_variable_v1":106.156643486,"data_set_value_component_v1_variable_K_i":1.0,"data_set_value_component_v1_variable_k_1":550.0,"data_set_value_component_v1_variable_n":4.0,"data_set_value_component_v1_variable_f_A3":0.0619285812,"data_set_value_component_v2_variable_v2":47.31439902,"data_set_value_component_v2_variable_k_2":9.8,"data_set_value_component_v3_variable_v3":78.1579302087,"data_set_value_component_v3_variable_k_GAPDH_plus":323.8,"data_set_value_component_v3_variable_k_GAPDH_minus":57823.1,"data_set_value_component_v3_variable_k_PGK_plus":76411.1,"data_set_value_component_v3_variable_k_PGK_minus":23.7,"data_set_value_component_v4_variable_v4":95.5845546702,"data_set_value_component_v4_variable_k_4":80.0,"data_set_value_component_v5_variable_v5":79.6381100486,"data_set_value_component_v5_variable_k_5":9.7,"data_set_value_component_v6_variable_v6":60.0731371937,"data_set_value_component_v6_variable_k_6":2000.0,"data_set_value_component_v7_variable_v7":55.238798636,"data_set_value_component_v7_variable_k_7":28.0,"data_set_value_component_v8_variable_v8":15.4580551998,"data_set_value_component_v8_variable_k_8":85.7,"data_set_value_component_v9_variable_v9":2.02220752,"data_set_value_component_v9_variable_k_9":80.0,"data_set_value_component_glucose_influx_rate_variable_Jo":50.0,"data_set_value_component_S6_flux_rate_across_the_plasma_membrane_variable_J":19.78688625,"data_set_value_component_S6_flux_rate_across_the_plasma_membrane_variable_k":375.0},{"data_set_value_component_environment_variable_time":0.1,"data_set_value_component_S1_variable_S1":1.704573482,"data_set_value_component_S2_variable_S2":4.4476514145,"data_set_value_component_S3_variable_S3":0.5350058777,"data_set_value_component_S4_variable_S4":0.9342676191,"data_set_value_component_S5_variable_S5":8.0450388678,"data_set_value_component_S6_variable_S6":0.0805129403,"data_set_value_component_S6_ex_variable_S6_ex":0.0254194991,"data_set_value_component_S6_ex_variable_phi":0.1,"data_set_value_component_A3_variable_A3":3.0176733684,"data_set_value_component_A_variable_A":4.0,"data_set_value_component_A_variable_A2":0.9823266316,"data_set_value_component_N2_variable_N2":0.3560261086,"data_set_value_component_N_variable_N":1.0,"data_set_value_component_N_variable_N1":0.6439738914,"data_set_value_component_v1_variable_v1":33.7097784458,"data_set_value_component_v1_variable_K_i":1.0,"data_set_value_component_v1_variable_k_1":550.0,"data_set_value_component_v1_variable_n":4.0,"data_set_value_component_v1_variable_f_A3":0.0119153074,"data_set_value_component_v2_variable_v2":43.5869838623,"data_set_value_component_v2_variable_k_2":9.8,"data_set_value_component_v3_variable_v3":73.166054802,"data_set_value_component_v3_variable_k_GAPDH_plus":323.8,"data_set_value_component_v3_variable_k_GAPDH_minus":57823.1,"data_set_value_component_v3_variable_k_PGK_plus":76411.1,"data_set_value_component_v3_variable_k_PGK_minus":23.7,"data_set_value_component_v4_variable_v4":73.4204770622,"data_set_value_component_v4_variable_k_4":80.0,"data_set_value_component_v5_variable_v5":78.0368770173,"data_set_value_component_v5_variable_k_5":9.7,"data_set_value_component_v6_variable_v6":57.3294176444,"data_set_value_component_v6_variable_k_6":2000.0,"data_set_value_component_v7_variable_v7":84.4948543161,"data_set_value_component_v7_variable_k_7":28.0,"data_set_value_component_v8_variable_v8":16.3237984026,"data_set_value_component_v8_variable_k_8":85.7,"data_set_value_component_v9_variable_v9":2.0335599277,"data_set_value_component_v9_variable_k_9":80.0,"data_set_value_component_glucose_influx_rate_variable_Jo":50.0,"data_set_value_component_S6_flux_rate_across_the_plasma_membrane_variable_J":20.660040447,"data_set_value_component_S6_flux_rate_across_the_plasma_membrane_variable_k":375.0},{"data_set_value_component_environment_variable_time":0.2,"data_set_value_component_S1_variable_S1":0.7582974376,"data_set_value_component_S2_variable_S2":5.2719242122,"data_set_value_component_S3_variable_S3":0.5990546629,"data_set_value_component_S4_variable_S4":0.631843572,"data_set_value_component_S5_variable_S5":8.4762478189,"data_set_value_component_S6_variable_S6":0.0733321592,"data_set_value_component_S6_ex_variable_S6_ex":0.0228836729,"data_set_value_component_S6_ex_variable_phi":0.1,"data_set_value_component_A3_variable_A3":2.599654441,"data_set_value_component_A_variable_A":4.0,"data_set_value_component_A_variable_A2":1.400345559,"data_set_value_component_N2_variable_N2":0.429902573,"data_set_value_component_N_variable_N":1.0,"data_set_value_component_N_variable_N1":0.570097427,"data_set_value_component_v1_variable_v1":23.2300044758,"data_set_value_component_v1_variable_K_i":1.0,"data_set_value_component_v1_variable_k_1":550.0,"data_set_value_component_v1_variable_n":4.0,"data_set_value_component_v1_variable_f_A3":0.021425521,"data_set_value_component_v2_variable_v2":51.6648572796,"data_set_value_component_v2_variable_k_2":9.8,"data_set_value_component_v3_variable_v3":82.3978143908,"data_set_value_component_v3_variable_k_GAPDH_plus":323.8,"data_set_value_component_v3_variable_k_GAPDH_minus":57823.1,"data_set_value_component_v3_variable_k_PGK_plus":76411.1,"data_set_value_component_v3_variable_k_PGK_minus":23.7,"data_set_value_component_v4_variable_v4":70.7839471983,"data_set_value_component_v4_variable_k_4":80.0,"data_set_value_component_v5_variable_v5":82.2196038431,"data_set_value_component_v5_variable_k_5":9.7,"data_set_value_component_v6_variable_v6":63.0513678154,"data_set_value_component_v6_variable_k_6":2000.0,"data_set_value_component_v7_variable_v7":72.7903243492,"data_set_value_component_v7_variable_k_7":28.0,"data_set_value_component_v8_variable_v8":22.0707615768,"data_set_value_component_v8_variable_k_8":85.7,"data_set_value_component_v9_variable_v9":1.8306938331,"data_set_value_component_v9_variable_k_9":80.0,"data_set_value_component_glucose_influx_rate_variable_Jo":50.0,"data_set_value_component_S6_flux_rate_across_the_plasma_membrane_variable_J":18.9181823449,"data_set_value_component_S6_flux_rate_across_the_plasma_membrane_variable_k":375.0},{"data_set_value_component_environment_variable_time":0.3,"data_set_value_component_S1_variable_S1":0.2455702768,"data_set_value_component_S2_variable_S2":6.0568815331,"data_set_value_component_S3_variable_S3":0.5786424709,"data_set_value_component_S4_variable_S4":0.3219362612,"data_set_value_component_S5_variable_S5":8.5658914893,"data_set_value_component_S6_variable_S6":0.0709244525,"data_set_value_component_S6_ex_variable_S6_ex":0.0236017927,"data_set_value_component_S6_ex_variable_phi":0.1,"data_set_value_component_A3_variable_A3":0.5335423181,"data_set_value_component_A_variable_A":4.0,"data_set_value_component_A_variable_A2":3.4664576819,"data_set_value_component_N2_variable_N2":0.4626349774,"data_set_value_component_N_variable_N":1.0,"data_set_value_component_N_variable_N1":0.5373650226,"data_set_value_component_v1_variable_v1":66.6603196574,"data_set_value_component_v1_variable_K_i":1.0,"data_set_value_component_v1_variable_k_1":550.0,"data_set_value_component_v1_variable_n":4.0,"data_set_value_component_v1_variable_f_A3":0.925038975,"data_set_value_component_v2_variable_v2":59.3574390246,"data_set_value_component_v2_variable_k_2":9.8,"data_set_value_component_v3_variable_v3":91.0739901623,"data_set_value_component_v3_variable_k_GAPDH_plus":323.8,"data_set_value_component_v3_variable_k_GAPDH_minus":57823.1,"data_set_value_component_v3_variable_k_PGK_plus":76411.1,"data_set_value_component_v3_variable_k_PGK_minus":23.7,"data_set_value_component_v4_variable_v4":89.2782740453,"data_set_value_component_v4_variable_k_4":80.0,"data_set_value_component_v5_variable_v5":83.089147446,"data_set_value_component_v5_variable_k_5":9.7,"data_set_value_component_v6_variable_v6":65.6242649962,"data_set_value_component_v6_variable_k_6":2000.0,"data_set_value_component_v7_variable_v7":14.9391849055,"data_set_value_component_v7_variable_k_7":28.0,"data_set_value_component_v8_variable_v8":22.9419111191,"data_set_value_component_v8_variable_k_8":85.7,"data_set_value_component_v9_variable_v9":1.8881434158,"data_set_value_component_v9_variable_k_9":80.0,"data_set_value_component_glucose_influx_rate_variable_Jo":50.0,"data_set_value_component_S6_flux_rate_across_the_plasma_membrane_variable_J":17.7459974403,"data_set_value_component_S6_flux_rate_across_the_plasma_membrane_variable_k":375.0},{"data_set_value_component_environment_variable_time":0.4,"data_set_value_component_S1_variable_S1":1.9043778405,"data_set_value_component_S2_variable_S2":4.3782510285,"data_set_value_component_S3_variable_S3":0.491466781,"data_set_value_component_S4_variable_S4":0.8533027753,"data_set_value_component_S5_variable_S5":8.0316530295,"data_set_value_component_S6_variable_S6":0.0805203461,"data_set_value_component_S6_ex_variable_S6_ex":0.0257030573,"data_set_value_component_S6_ex_variable_phi":0.1,"data_set_value_component_A3_variable_A3":2.8136109951,"data_set_value_component_A_variable_A":4.0,"data_set_value_component_A_variable_A2":1.1863890049,"data_set_value_component_N2_variable_N2":0.3563943132,"data_set_value_component_N_variable_N":1.0,"data_set_value_component_N_variable_N1":0.6436056868,"data_set_value_component_v1_variable_v1":46.2858711025,"data_set_value_component_v1_variable_K_i":1.0,"data_set_value_component_v1_variable_k_1":550.0,"data_set_value_component_v1_variable_n":4.0,"data_set_value_component_v1_variable_f_A3":0.015706108,"data_set_value_component_v2_variable_v2":42.9068600788,"data_set_value_component_v2_variable_k_2":9.8,"data_set_value_component_v3_variable_v3":72.9117863669,"data_set_value_component_v3_variable_k_GAPDH_plus":323.8,"data_set_value_component_v3_variable_k_GAPDH_minus":57823.1,"data_set_value_component_v3_variable_k_PGK_plus":76411.1,"data_set_value_component_v3_variable_k_PGK_minus":23.7,"data_set_value_component_v4_variable_v4":80.9879224447,"data_set_value_component_v4_variable_k_4":80.0,"data_set_value_component_v5_variable_v5":77.9070343865,"data_set_value_component_v5_variable_k_5":9.7,"data_set_value_component_v6_variable_v6":57.3939868954,"data_set_value_component_v6_variable_k_6":2000.0,"data_set_value_component_v7_variable_v7":78.7811078616,"data_set_value_component_v7_variable_k_7":28.0,"data_set_value_component_v8_variable_v8":15.0108662777,"data_set_value_component_v8_variable_k_8":85.7,"data_set_value_component_v9_variable_v9":2.0562445803,"data_set_value_component_v9_variable_k_9":80.0,"data_set_value_component_glucose_influx_rate_variable_Jo":50.0,"data_set_value_component_S6_flux_rate_across_the_plasma_membrane_variable_J":20.5564833156,"data_set_value_component_S6_flux_rate_across_the_plasma_membrane_variable_k":375.0},{"data_set_value_component_environment_variable_time":0.5,"data_set_value_component_S1_variable_S1":1.2487376289,"data_set_value_component_S2_variable_S2":4.7960012556,"data_set_value_component_S3_variable_S3":0.5766887422,"data_set_value_component_S4_variable_S4":0.8343285536,"data_set_value_component_S5_variable_S5":8.2386888059,"data_set_value_component_S6_variable_S6":0.0778591545,"data_set_value_component_S6_ex_variable_S6_ex":0.0242316479,"data_set_value_component_S6_ex_variable_phi":0.1,"data_set_value_component_A3_variable_A3":2.9868749364,"data_set_value_component_A_variable_A":4.0,"data_set_value_component_A_variable_A2":1.0131250636,"data_set_value_component_N2_variable_N2":0.3827662925,"data_set_value_component_N_variable_N":1.0,"data_set_value_component_N_variable_N1":0.6172337075,"data_set_value_component_v1_variable_v1":25.4542462395,"data_set_value_component_v1_variable_K_i":1.0,"data_set_value_component_v1_variable_k_1":550.0,"data_set_value_component_v1_variable_n":4.0,"data_set_value_component_v1_variable_f_A3":0.0124082151,"data_set_value_component_v2_variable_v2":47.0008123049,"data_set_value_component_v2_variable_k_2":9.8,"data_set_value_component_v3_variable_v3":76.5000703233,"data_set_value_component_v3_variable_k_GAPDH_plus":323.8,"data_set_value_component_v3_variable_k_GAPDH_minus":57823.1,"data_set_value_component_v3_variable_k_PGK_plus":76411.1,"data_set_value_component_v3_variable_k_PGK_minus":23.7,"data_set_value_component_v4_variable_v4":67.6223335169,"data_set_value_component_v4_variable_k_4":80.0,"data_set_value_component_v5_variable_v5":79.9152814175,"data_set_value_component_v5_variable_k_5":9.7,"data_set_value_component_v6_variable_v6":59.6037198256,"data_set_value_component_v6_variable_k_6":2000.0,"data_set_value_component_v7_variable_v7":83.6324982189,"data_set_value_component_v7_variable_k_7":28.0,"data_set_value_component_v8_variable_v8":18.9171619088,"data_set_value_component_v8_variable_k_8":85.7,"data_set_value_component_v9_variable_v9":1.938531832,"data_set_value_component_v9_variable_k_9":80.0,"data_set_value_component_glucose_influx_rate_variable_Jo":50.0,"data_set_value_component_S6_flux_rate_across_the_plasma_membrane_variable_J":20.1103149844,"data_set_value_component_S6_flux_rate_across_the_plasma_membrane_variable_k":375.0},{"data_set_value_component_environment_variable_time":0.6,"data_set_value_component_S1_variable_S1":0.2511022088,"data_set_value_component_S2_variable_S2":5.8828065209,"data_set_value_component_S3_variable_S3":0.6182710472,"data_set_value_component_S4_variable_S4":0.4121349179,"data_set_value_component_S5_variable_S5":8.6216623619,"data_set_value_component_S6_variable_S6":0.0694034518,"data_set_value_component_S6_ex_variable_S6_ex":0.0223127515,"data_set_value_component_S6_ex_variable_phi":0.1,"data_set_value_component_A3_variable_A3":1.4950388957,"data_set_value_component_A_variable_A":4.0,"data_set_value_component_A_variable_A2":2.5049611043,"data_set_value_component_N2_variable_N2":0.4747426542,"data_set_value_component_N_variable_N":1.0,"data_set_value_component_N_variable_N1":0.5252573458,"data_set_value_component_v1_variable_v1":34.4361407649,"data_set_value_component_v1_variable_K_i":1.0,"data_set_value_component_v1_variable_k_1":550.0,"data_set_value_component_v1_variable_n":4.0,"data_set_value_component_v1_variable_f_A3":0.1667818398,"data_set_value_component_v2_variable_v2":57.6515039047,"data_set_value_component_v2_variable_k_2":9.8,"data_set_value_component_v3_variable_v3":90.1334709877,"data_set_value_component_v3_variable_k_GAPDH_plus":323.8,"data_set_value_component_v3_variable_k_GAPDH_minus":57823.1,"data_set_value_component_v3_variable_k_PGK_plus":76411.1,"data_set_value_component_v3_variable_k_PGK_minus":23.7,"data_set_value_component_v4_variable_v4":82.590555119,"data_set_value_component_v4_variable_k_4":80.0,"data_set_value_component_v5_variable_v5":83.6301249103,"data_set_value_component_v5_variable_k_5":9.7,"data_set_value_component_v6_variable_v6":65.8975577989,"data_set_value_component_v6_variable_k_6":2000.0,"data_set_value_component_v7_variable_v7":41.8610890802,"data_set_value_component_v7_variable_k_7":28.0,"data_set_value_component_v8_variable_v8":25.1546329739,"data_set_value_component_v8_variable_k_8":85.7,"data_set_value_component_v9_variable_v9":1.7850201209,"data_set_value_component_v9_variable_k_9":80.0,"data_set_value_component_glucose_influx_rate_variable_Jo":50.0,"data_set_value_component_S6_flux_rate_across_the_plasma_membrane_variable_J":17.6590125913,"data_set_value_component_S6_flux_rate_across_the_plasma_membrane_variable_k":375.0},{"data_set_value_component_environment_variable_time":0.7,"data_set_value_component_S1_variable_S1":1.7165691017,"data_set_value_component_S2_variable_S2":4.6804723612,"data_set_value_component_S3_variable_S3":0.4671178108,"data_set_value_component_S4_variable_S4":0.6398307481,"data_set_value_component_S5_variable_S5":8.1662367299,"data_set_value_component_S6_variable_S6":0.0786597294,"data_set_value_component_S6_ex_variable_S6_ex":0.0253989812,"data_set_value_component_S6_ex_variable_phi":0.1,"data_set_value_component_A3_variable_A3":2.2087684288,"data_set_value_component_A_variable_A":4.0,"data_set_value_component_A_variable_A2":1.7912315712,"data_set_value_component_N2_variable_N2":0.3776777347,"data_set_value_component_N_variable_N":1.0,"data_set_value_component_N_variable_N1":0.6223222653,"data_set_value_component_v1_variable_v1":84.0813464304,"data_set_value_component_v1_variable_K_i":1.0,"data_set_value_component_v1_variable_k_1":550.0,"data_set_value_component_v1_variable_n":4.0,"data_set_value_component_v1_variable_f_A3":0.0403204612,"data_set_value_component_v2_variable_v2":45.8686291401,"data_set_value_component_v2_variable_k_2":9.8,"data_set_value_component_v3_variable_v3":76.5670372496,"data_set_value_component_v3_variable_k_GAPDH_plus":323.8,"data_set_value_component_v3_variable_k_GAPDH_minus":57823.1,"data_set_value_component_v3_variable_k_PGK_plus":76411.1,"data_set_value_component_v3_variable_k_PGK_minus":23.7,"data_set_value_component_v4_variable_v4":91.6868028924,"data_set_value_component_v4_variable_k_4":80.0,"data_set_value_component_v5_variable_v5":79.2124962801,"data_set_value_component_v5_variable_k_5":9.7,"data_set_value_component_v6_variable_v6":59.4160568156,"data_set_value_component_v6_variable_k_6":2000.0,"data_set_value_component_v7_variable_v7":61.8455160072,"data_set_value_component_v7_variable_k_7":28.0,"data_set_value_component_v8_variable_v8":15.1191937116,"data_set_value_component_v8_variable_k_8":85.7,"data_set_value_component_v9_variable_v9":2.0319184936,"data_set_value_component_v9_variable_k_9":80.0,"data_set_value_component_glucose_influx_rate_variable_Jo":50.0,"data_set_value_component_S6_flux_rate_across_the_plasma_membrane_variable_J":19.9727805826,"data_set_value_component_S6_flux_rate_across_the_plasma_membrane_variable_k":375.0},{"data_set_value_component_environment_variable_time":0.8,"data_set_value_component_S1_variable_S1":1.6513902248,"data_set_value_component_S2_variable_S2":4.4813323668,"data_set_value_component_S3_variable_S3":0.5421121777,"data_set_value_component_S4_variable_S4":0.9328361128,"data_set_value_component_S5_variable_S5":8.0614956801,"data_set_value_component_S6_variable_S6":0.0803364462,"data_set_value_component_S6_ex_variable_S6_ex":0.0253082671,"data_set_value_component_S6_ex_variable_phi":0.1,"data_set_value_component_A3_variable_A3":3.0316275397,"data_set_value_component_A_variable_A":4.0,"data_set_value_component_A_variable_A2":0.9683724603,"data_set_value_component_N2_variable_N2":0.3578384127,"data_set_value_component_N_variable_N":1.0,"data_set_value_component_N_variable_N1":0.6421615873,"data_set_value_component_v1_variable_v1":32.2161522275,"data_set_value_component_v1_variable_K_i":1.0,"data_set_value_component_v1_variable_k_1":550.0,"data_set_value_component_v1_variable_n":4.0,"data_set_value_component_v1_variable_f_A3":0.0116999883,"data_set_value_component_v2_variable_v2":43.9170571951,"data_set_value_component_v2_variable_k_2":9.8,"data_set_value_component_v3_variable_v3":73.4431252217,"data_set_value_component_v3_variable_k_GAPDH_plus":323.8,"data_set_value_component_v3_variable_k_GAPDH_minus":57823.1,"data_set_value_component_v3_variable_k_PGK_plus":76411.1,"data_set_value_component_v3_variable_k_PGK_minus":23.7,"data_set_value_component_v4_variable_v4":72.2666241317,"data_set_value_component_v4_variable_k_4":80.0,"data_set_value_component_v5_variable_v5":78.1965080967,"data_set_value_component_v5_variable_k_5":9.7,"data_set_value_component_v6_variable_v6":57.4949327645,"data_set_value_component_v6_variable_k_6":2000.0,"data_set_value_component_v7_variable_v7":84.8855711115,"data_set_value_component_v7_variable_k_7":28.0,"data_set_value_component_v8_variable_v8":16.6248196926,"data_set_value_component_v8_variable_k_8":85.7,"data_set_value_component_v9_variable_v9":2.0246613675,"data_set_value_component_v9_variable_k_9":80.0,"data_set_value_component_glucose_influx_rate_variable_Jo":50.0,"data_set_value_component_S6_flux_rate_across_the_plasma_membrane_variable_J":20.635567155,"data_set_value_component_S6_flux_rate_across_the_plasma_membrane_variable_k":375.0},{"data_set_value_component_environment_variable_time":0.9,"data_set_value_component_S1_variable_S1":0.6752110891,"data_set_value_component_S2_variable_S2":5.3615755578,"data_set_value_component_S3_variable_S3":0.6026363649,"data_set_value_component_S4_variable_S4":0.5958540871,"data_set_value_component_S5_variable_S5":8.5103353359,"data_set_value_component_S6_variable_S6":0.0725683971,"data_set_value_component_S6_ex_variable_S6_ex":0.0227044038,"data_set_value_component_S6_ex_variable_phi":0.1,"data_set_value_component_A3_variable_A3":2.4858124149,"data_set_value_component_A_variable_A":4.0,"data_set_value_component_A_variable_A2":1.5141875851,"data_set_value_component_N2_variable_N2":0.438294397,"data_set_value_component_N_variable_N":1.0,"data_set_value_component_N_variable_N1":0.561705603,"data_set_value_component_v1_variable_v1":23.5596940728,"data_set_value_component_v1_variable_K_i":1.0,"data_set_value_component_v1_variable_k_1":550.0,"data_set_value_component_v1_variable_n":4.0,"data_set_value_component_v1_variable_f_A3":0.0255210794,"data_set_value_component_v2_variable_v2":52.5434404668,"data_set_value_component_v2_variable_k_2":9.8,"data_set_value_component_v3_variable_v3":83.6051518243,"data_set_value_component_v3_variable_k_GAPDH_plus":323.8,"data_set_value_component_v3_variable_k_GAPDH_minus":57823.1,"data_set_value_component_v3_variable_k_PGK_plus":76411.1,"data_set_value_component_v3_variable_k_PGK_minus":23.7,"data_set_value_component_v4_variable_v4":72.1787888995,"data_set_value_component_v4_variable_k_4":80.0,"data_set_value_component_v5_variable_v5":82.5502527583,"data_set_value_component_v5_variable_k_5":9.7,"data_set_value_component_v6_variable_v6":63.6126437128,"data_set_value_component_v6_variable_k_6":2000.0,"data_set_value_component_v7_variable_v7":69.6027476175,"data_set_value_component_v7_variable_k_7":28.0,"data_set_value_component_v8_variable_v8":22.6361245871,"data_set_value_component_v8_variable_k_8":85.7,"data_set_value_component_v9_variable_v9":1.8163523012,"data_set_value_component_v9_variable_k_9":80.0,"data_set_value_component_glucose_influx_rate_variable_Jo":50.0,"data_set_value_component_S6_flux_rate_across_the_plasma_membrane_variable_J":18.6989975051,"data_set_value_component_S6_flux_rate_across_the_plasma_membrane_variable_k":375.0},{"data_set_value_component_environment_variable_time":1.0,"data_set_value_component_S1_variable_S1":0.305868306,"data_set_value_component_S2_variable_S2":6.0253530806,"data_set_value_component_S3_variable_S3":0.5622925013,"data_set_value_component_S4_variable_S4":0.3193447677,"data_set_value_component_S5_variable_S5":8.5441823661,"data_set_value_component_S6_variable_S6":0.071937581,"data_set_value_component_S6_ex_variable_S6_ex":0.0239657892,"data_set_value_component_S6_ex_variable_phi":0.1,"data_set_value_component_A3_variable_A3":0.4448041284,"data_set_value_component_A_variable_A":4.0,"data_set_value_component_A_variable_A2":3.5551958716,"data_set_value_component_N2_variable_N2":0.4535730347,"data_set_value_component_N_variable_N":1.0,"data_set_value_component_N_variable_N1":0.5464269653,"data_set_value_component_v1_variable_v1":72.0095114569,"data_set_value_component_v1_variable_K_i":1.0,"data_set_value_component_v1_variable_k_1":550.0,"data_set_value_component_v1_variable_n":4.0,"data_set_value_component_v1_variable_f_A3":0.9623296959,"data_set_value_component_v2_variable_v2":59.04846019,"data_set_value_component_v2_variable_k_2":9.8,"data_set_value_component_v3_variable_v3":90.4323442944,"data_set_value_component_v3_variable_k_GAPDH_plus":323.8,"data_set_value_component_v3_variable_k_GAPDH_minus":57823.1,"data_set_value_component_v3_variable_k_PGK_plus":76411.1,"data_set_value_component_v3_variable_k_PGK_minus":23.7,"data_set_value_component_v4_variable_v4":90.8266559917,"data_set_value_component_v4_variable_k_4":80.0,"data_set_value_component_v5_variable_v5":82.8785689513,"data_set_value_component_v5_variable_k_5":9.7,"data_set_value_component_v6_variable_v6":65.2578938536,"data_set_value_component_v6_variable_k_6":2000.0,"data_set_value_component_v7_variable_v7":12.4545155962,"data_set_value_component_v7_variable_k_7":28.0,"data_set_value_component_v8_variable_v8":21.8569893756,"data_set_value_component_v8_variable_k_8":85.7,"data_set_value_component_v9_variable_v9":1.9172631324,"data_set_value_component_v9_variable_k_9":80.0,"data_set_value_component_glucose_influx_rate_variable_Jo":50.0,"data_set_value_component_S6_flux_rate_across_the_plasma_membrane_variable_J":17.9894219478,"data_set_value_component_S6_flux_rate_across_the_plasma_membrane_variable_k":375.0}]