<?xml version="1.0"?>
<rdf:RDF xmlns:rdf="http://www.w3.org/1999/02/22-rdf-syntax-ns#"><rdf:Description rdf:nodeID="n1"><variable xmlns="http://www.cellml.org/metadata/graphs/1.0#"><rdf:Description rdf:about="wolf_passarge_somsen_snoep_heinrich_westerhoff_2000.cellml#environment_time"/></variable></rdf:Description><rdf:Description rdf:nodeID="n2"><variable xmlns="http://www.cellml.org/metadata/graphs/1.0#"><rdf:Description rdf:about="wolf_passarge_somsen_snoep_heinrich_westerhoff_2000.cellml#environment_time"/></variable></rdf:Description><rdf:Description rdf:nodeID="n3"><variable xmlns="http://www.cellml.org/metadata/graphs/1.0#"><rdf:Description rdf:about="wolf_passarge_somsen_snoep_heinrich_westerhoff_2000.cellml#environment_time"/></variable></rdf:Description><rdf:Description rdf:nodeID="n4"><rdf:first><rdf:Description rdf:nodeID="n5"/></rdf:first><rdf:rest><rdf:Description rdf:nodeID="n6"/></rdf:rest></rdf:Description><rdf:Description rdf:nodeID="n7"><colour xmlns="http://www.cellml.org/metadata/graphs/1.0#" xml:lang="en">#1fbc7b</colour><variable xmlns="http://www.cellml.org/metadata/graphs/1.0#x-"><rdf:Description rdf:nodeID="n8"/></variable><variable xmlns="http://www.cellml.org/metadata/graphs/1.0#y-"><rdf:Description rdf:nodeID="n9"/></variable><type xmlns="http://www.cellml.org/metadata/graphs/1.0#"><rdf:Description rdf:about="http://www.cellml.org/metadata/graphs/1.0#line"/></type></rdf:Description><rdf:Description rdf:about="http://www.cellml.org/tools/pcenv/modlayoutsplit"><splitterState_prevWidth xmlns="http://www.cellml.org/tools/pcenv/" xml:lang="en">61</splitterState_prevWidth><splitterState_collapsedBefore xmlns="http://www.cellml.org/tools/pcenv/" xml:lang="en">true</splitterState_collapsedBefore></rdf:Description><rdf:Description rdf:nodeID="n5"><colour xmlns="http://www.cellml.org/metadata/graphs/1.0#" xml:lang="en">#105ee9</colour><variable xmlns="http://www.cellml.org/metadata/graphs/1.0#x-"><rdf:Description rdf:nodeID="n10"/></variable><variable xmlns="http://www.cellml.org/metadata/graphs/1.0#y-"><rdf:Description rdf:nodeID="n11"/></variable><type xmlns="http://www.cellml.org/metadata/graphs/1.0#"><rdf:Description rdf:about="http://www.cellml.org/metadata/graphs/1.0#line"/></type></rdf:Description><rdf:Description rdf:about="http://www.cellml.org/tools/opencell/loadedModels"><rdf:_1><rdf:Description rdf:about="wolf_passarge_somsen_snoep_heinrich_westerhoff_2000.cellml"/></rdf:_1></rdf:Description><rdf:Description rdf:nodeID="n12"><colour xmlns="http://www.cellml.org/metadata/graphs/1.0#" xml:lang="en">#099999</colour><variable xmlns="http://www.cellml.org/metadata/graphs/1.0#x-"><rdf:Description rdf:nodeID="n13"/></variable><variable xmlns="http://www.cellml.org/metadata/graphs/1.0#y-"><rdf:Description rdf:nodeID="n14"/></variable><type xmlns="http://www.cellml.org/metadata/graphs/1.0#"><rdf:Description rdf:about="http://www.cellml.org/metadata/graphs/1.0#line"/></type></rdf:Description><rdf:Description rdf:nodeID="n15"><rdf:first><rdf:Description rdf:nodeID="n16"/></rdf:first><rdf:rest><rdf:Description rdf:nodeID="n17"/></rdf:rest></rdf:Description><rdf:Description rdf:nodeID="n8"><variable xmlns="http://www.cellml.org/metadata/graphs/1.0#"><rdf:Description rdf:about="wolf_passarge_somsen_snoep_heinrich_westerhoff_2000.cellml#environment_time"/></variable></rdf:Description><rdf:Description rdf:nodeID="n18"><variable xmlns="http://www.cellml.org/metadata/graphs/1.0#"><rdf:Description rdf:about="wolf_passarge_somsen_snoep_heinrich_westerhoff_2000.cellml#S5_S5"/></variable></rdf:Description><rdf:Description rdf:about="http://www.cellml.org/tools/pcenv/splitter/intergraph2"><splitterState_collapsedAfter xmlns="http://www.cellml.org/tools/pcenv/" xml:lang="en">true</splitterState_collapsedAfter></rdf:Description><rdf:Description rdf:nodeID="n19"><rdf:first><rdf:Description rdf:nodeID="n20"/></rdf:first><rdf:rest><rdf:Description rdf:nodeID="n21"/></rdf:rest></rdf:Description><rdf:Description rdf:nodeID="n22"><rdf:first><rdf:Description rdf:nodeID="n23"/></rdf:first><rdf:rest><rdf:Description rdf:nodeID="n24"/></rdf:rest></rdf:Description><rdf:Description rdf:nodeID="n25"><colour xmlns="http://www.cellml.org/metadata/graphs/1.0#" xml:lang="en">#a1003b</colour><variable xmlns="http://www.cellml.org/metadata/graphs/1.0#x-"><rdf:Description rdf:nodeID="n26"/></variable><variable xmlns="http://www.cellml.org/metadata/graphs/1.0#y-"><rdf:Description rdf:nodeID="n27"/></variable><type xmlns="http://www.cellml.org/metadata/graphs/1.0#"><rdf:Description rdf:about="http://www.cellml.org/metadata/graphs/1.0#line"/></type></rdf:Description><rdf:Description rdf:nodeID="n28"><rdf:first><rdf:Description rdf:nodeID="n29"/></rdf:first><rdf:rest><rdf:Description rdf:nodeID="n30"/></rdf:rest></rdf:Description><rdf:Description rdf:nodeID="n6"><rdf:first><rdf:Description rdf:nodeID="n25"/></rdf:first><rdf:rest><rdf:Description rdf:nodeID="n28"/></rdf:rest></rdf:Description><rdf:Description rdf:about="http://www.cellml.org/tools/opencell/modlayoutsplit"><splitterState_prevWidth xmlns="http://www.cellml.org/tools/opencell/" xml:lang="en">61</splitterState_prevWidth><splitterState_collapsedBefore xmlns="http://www.cellml.org/tools/opencell/" xml:lang="en">true</splitterState_collapsedBefore><splitterState_nextWidth xmlns="http://www.cellml.org/tools/pcenv/" xml:lang="en">1197</splitterState_nextWidth><splitterState_nextWidth xmlns="http://www.cellml.org/tools/opencell/" xml:lang="en">1197</splitterState_nextWidth></rdf:Description><rdf:Description rdf:nodeID="n9"><variable xmlns="http://www.cellml.org/metadata/graphs/1.0#"><rdf:Description rdf:about="wolf_passarge_somsen_snoep_heinrich_westerhoff_2000.cellml#S2_S2"/></variable></rdf:Description><rdf:Description rdf:nodeID="n31"><variable xmlns="http://www.cellml.org/metadata/graphs/1.0#"><rdf:Description rdf:about="wolf_passarge_somsen_snoep_heinrich_westerhoff_2000.cellml#environment_time"/></variable></rdf:Description><rdf:Description rdf:nodeID="n32"><variable xmlns="http://www.cellml.org/metadata/graphs/1.0#"><rdf:Description rdf:about="wolf_passarge_somsen_snoep_heinrich_westerhoff_2000.cellml#environment_time"/></variable></rdf:Description><rdf:Description rdf:nodeID="n33"><rdf:first><rdf:Description rdf:nodeID="n34"/></rdf:first><rdf:rest><rdf:Description rdf:nodeID="n35"/></rdf:rest></rdf:Description><rdf:Description rdf:nodeID="n36"><variable xmlns="http://www.cellml.org/metadata/graphs/1.0#"><rdf:Description rdf:about="wolf_passarge_somsen_snoep_heinrich_westerhoff_2000.cellml#v3_v3"/></variable></rdf:Description><rdf:Description rdf:nodeID="n37"><variable xmlns="http://www.cellml.org/metadata/graphs/1.0#"><rdf:Description rdf:about="wolf_passarge_somsen_snoep_heinrich_westerhoff_2000.cellml#A3_A3"/></variable></rdf:Description><rdf:Description rdf:nodeID="n26"><variable xmlns="http://www.cellml.org/metadata/graphs/1.0#"><rdf:Description rdf:about="wolf_passarge_somsen_snoep_heinrich_westerhoff_2000.cellml#environment_time"/></variable></rdf:Description><rdf:Description rdf:nodeID="n38"><rdf:first><rdf:Description rdf:nodeID="n12"/></rdf:first><rdf:rest><rdf:Description rdf:about="http://www.w3.org/1999/02/22-rdf-syntax-ns#nil"/></rdf:rest></rdf:Description><rdf:Description rdf:nodeID="n39"><rdf:first><rdf:Description rdf:nodeID="n40"/></rdf:first><rdf:rest><rdf:Description rdf:nodeID="n41"/></rdf:rest></rdf:Description><rdf:Description rdf:nodeID="n42"><variable xmlns="http://www.cellml.org/metadata/graphs/1.0#"><rdf:Description rdf:about="wolf_passarge_somsen_snoep_heinrich_westerhoff_2000.cellml#environment_time"/></variable></rdf:Description><rdf:Description rdf:nodeID="n43"><rdf:first><rdf:Description rdf:nodeID="n44"/></rdf:first></rdf:Description><rdf:Description rdf:nodeID="n45"><rdf:first><rdf:Description rdf:nodeID="n46"/></rdf:first><rdf:rest><rdf:Description rdf:nodeID="n47"/></rdf:rest></rdf:Description><rdf:Description rdf:about="http://www.cellml.org/tools/pcenv/splitter/graph_sel_graph3"><activegraph xmlns="http://www.cellml.org/tools/pcenv/"><rdf:Description rdf:nodeID="n48"/></activegraph></rdf:Description><rdf:Description rdf:nodeID="n49"><variable xmlns="http://www.cellml.org/metadata/graphs/1.0#"><rdf:Description rdf:about="wolf_passarge_somsen_snoep_heinrich_westerhoff_2000.cellml#v5_v5"/></variable></rdf:Description><rdf:Description rdf:nodeID="n50"><variable xmlns="http://www.cellml.org/metadata/graphs/1.0#"><rdf:Description rdf:about="wolf_passarge_somsen_snoep_heinrich_westerhoff_2000.cellml#environment_time"/></variable></rdf:Description><rdf:Description rdf:nodeID="n35"><rdf:first><rdf:Description rdf:nodeID="n51"/></rdf:first><rdf:rest><rdf:Description rdf:nodeID="n52"/></rdf:rest></rdf:Description><rdf:Description rdf:nodeID="n17"><rdf:first><rdf:Description rdf:nodeID="n53"/></rdf:first><rdf:rest><rdf:Description rdf:nodeID="n54"/></rdf:rest></rdf:Description><rdf:Description rdf:nodeID="n55"><variable xmlns="http://www.cellml.org/metadata/graphs/1.0#"><rdf:Description rdf:about="wolf_passarge_somsen_snoep_heinrich_westerhoff_2000.cellml#N_N1"/></variable></rdf:Description><rdf:Description rdf:nodeID="n56"><variable xmlns="http://www.cellml.org/metadata/graphs/1.0#"><rdf:Description rdf:about="wolf_passarge_somsen_snoep_heinrich_westerhoff_2000.cellml#S6_ex_S6_ex"/></variable></rdf:Description><rdf:Description rdf:nodeID="n57"><variable xmlns="http://www.cellml.org/metadata/graphs/1.0#"><rdf:Description rdf:about="wolf_passarge_somsen_snoep_heinrich_westerhoff_2000.cellml#v9_v9"/></variable></rdf:Description><rdf:Description rdf:nodeID="n58"><variable xmlns="http://www.cellml.org/metadata/graphs/1.0#"><rdf:Description rdf:about="wolf_passarge_somsen_snoep_heinrich_westerhoff_2000.cellml#environment_time"/></variable></rdf:Description><rdf:Description rdf:nodeID="n59"><scaling xmlns="http://www.cellml.org/metadata/graphs/1.0#x-"><rdf:Description rdf:about="http://www.cellml.org/metadata/graphs/1.0#identity"/></scaling><decoration xmlns="http://www.cellml.org/metadata/graphs/1.0#"><rdf:Description rdf:about="http://www.cellml.org/metadata/graphs/1.0#none"/></decoration><scaling xmlns="http://www.cellml.org/metadata/graphs/1.0#y-"><rdf:Description rdf:about="http://www.cellml.org/metadata/graphs/1.0#identity"/></scaling><graphname xmlns="http://www.cellml.org/tools/pcenv/" xml:lang="en">Clickable elements against time (minutes)</graphname><graphname xmlns="http://www.cellml.org/tools/opencell/" xml:lang="en">Clickable elements against time (minutes)</graphname>
<traces xmlns="http://www.cellml.org/metadata/graphs/1.0#"><rdf:Description rdf:nodeID="n60"/></traces></rdf:Description><rdf:Description rdf:nodeID="n61"><rdf:first><rdf:Description rdf:nodeID="n62"/></rdf:first><rdf:rest><rdf:Description rdf:nodeID="n15"/></rdf:rest></rdf:Description><rdf:Description rdf:nodeID="n63"><variable xmlns="http://www.cellml.org/metadata/graphs/1.0#"><rdf:Description rdf:about="wolf_passarge_somsen_snoep_heinrich_westerhoff_2000.cellml#environment_time"/></variable></rdf:Description><rdf:Description rdf:nodeID="n60"><rdf:first><rdf:Description rdf:nodeID="n19"/></rdf:first></rdf:Description><rdf:Description rdf:nodeID="n46"><colour xmlns="http://www.cellml.org/metadata/graphs/1.0#" xml:lang="en">#c4a1bf</colour><variable xmlns="http://www.cellml.org/metadata/graphs/1.0#x-"><rdf:Description rdf:nodeID="n64"/></variable><variable xmlns="http://www.cellml.org/metadata/graphs/1.0#y-"><rdf:Description rdf:nodeID="n65"/></variable><type xmlns="http://www.cellml.org/metadata/graphs/1.0#"><rdf:Description rdf:about="http://www.cellml.org/metadata/graphs/1.0#line"/></type></rdf:Description><rdf:Description rdf:nodeID="n29"><colour xmlns="http://www.cellml.org/metadata/graphs/1.0#" xml:lang="en">#08a60a</colour><variable xmlns="http://www.cellml.org/metadata/graphs/1.0#x-"><rdf:Description rdf:nodeID="n66"/></variable><variable xmlns="http://www.cellml.org/metadata/graphs/1.0#y-"><rdf:Description rdf:nodeID="n67"/></variable><type xmlns="http://www.cellml.org/metadata/graphs/1.0#"><rdf:Description rdf:about="http://www.cellml.org/metadata/graphs/1.0#line"/></type></rdf:Description><rdf:Description rdf:about="http://www.cellml.org/tools/opencell/splitter/graph_key_graph2"><splitterState_collapsedAfter xmlns="http://www.cellml.org/tools/opencell/" xml:lang="en">true</splitterState_collapsedAfter><splitterState_nextHeight xmlns="http://www.cellml.org/tools/opencell/" xml:lang="en">0</splitterState_nextHeight></rdf:Description><rdf:Description rdf:nodeID="n62"><colour xmlns="http://www.cellml.org/metadata/graphs/1.0#" xml:lang="en">#2f7aa7</colour><variable xmlns="http://www.cellml.org/metadata/graphs/1.0#x-"><rdf:Description rdf:nodeID="n42"/></variable><variable xmlns="http://www.cellml.org/metadata/graphs/1.0#y-"><rdf:Description rdf:nodeID="n68"/></variable><type xmlns="http://www.cellml.org/metadata/graphs/1.0#"><rdf:Description rdf:about="http://www.cellml.org/metadata/graphs/1.0#line"/></type></rdf:Description><rdf:Description rdf:nodeID="n69"><colour xmlns="http://www.cellml.org/metadata/graphs/1.0#" xml:lang="en">#a700b4</colour><variable xmlns="http://www.cellml.org/metadata/graphs/1.0#x-"><rdf:Description rdf:nodeID="n3"/></variable><variable xmlns="http://www.cellml.org/metadata/graphs/1.0#y-"><rdf:Description rdf:nodeID="n70"/></variable><type xmlns="http://www.cellml.org/metadata/graphs/1.0#"><rdf:Description rdf:about="http://www.cellml.org/metadata/graphs/1.0#line"/></type></rdf:Description><rdf:Description rdf:about="http://www.cellml.org/tools/pcenv/splitter/graph_key_graph2"><splitterState_collapsedAfter xmlns="http://www.cellml.org/tools/pcenv/" xml:lang="en">true</splitterState_collapsedAfter><splitterState_nextHeight xmlns="http://www.cellml.org/tools/pcenv/" xml:lang="en">0</splitterState_nextHeight></rdf:Description><rdf:Description rdf:nodeID="n44"><rdf:first><rdf:Description rdf:nodeID="n71"/></rdf:first><rdf:rest><rdf:Description rdf:about="http://www.w3.org/1999/02/22-rdf-syntax-ns#nil"/></rdf:rest></rdf:Description><rdf:Description rdf:about="wolf_passarge_somsen_snoep_heinrich_westerhoff_2000.cellml"><derivedmodels xmlns="http://www.cellml.org/tools/pcenv/"><rdf:Description rdf:nodeID="n72"/></derivedmodels><derivedmodels xmlns="http://www.cellml.org/tools/opencell/"><rdf:Description rdf:nodeID="n72"/></derivedmodels><modelfrozen xmlns="http://www.cellml.org/tools/opencell/" xml:lang="en">true</modelfrozen><modelfrozen xmlns="http://www.cellml.org/tools/pcenv/" xml:lang="en">true</modelfrozen><modelname xmlns="http://www.cellml.org/tools/pcenv/" xml:lang="en">wolf_2000</modelname><modelname xmlns="http://www.cellml.org/tools/opencell/" xml:lang="en">wolf_2000</modelname></rdf:Description><rdf:Description rdf:nodeID="n73"><variable xmlns="http://www.cellml.org/metadata/graphs/1.0#"><rdf:Description rdf:about="wolf_passarge_somsen_snoep_heinrich_westerhoff_2000.cellml#environment_time"/></variable></rdf:Description><rdf:Description rdf:nodeID="n74"><rdf:first><rdf:Description rdf:nodeID="n38"/></rdf:first></rdf:Description><rdf:Description rdf:nodeID="n23"><colour xmlns="http://www.cellml.org/metadata/graphs/1.0#" xml:lang="en">#1c5c21</colour><variable xmlns="http://www.cellml.org/metadata/graphs/1.0#x-"><rdf:Description rdf:nodeID="n50"/></variable><variable xmlns="http://www.cellml.org/metadata/graphs/1.0#y-"><rdf:Description rdf:nodeID="n75"/></variable><type xmlns="http://www.cellml.org/metadata/graphs/1.0#"><rdf:Description rdf:about="http://www.cellml.org/metadata/graphs/1.0#line"/></type></rdf:Description><rdf:Description rdf:about="http://www.cellml.org/tools/pcenv/splitter/graph_key_graph3"><splitterState_collapsedAfter xmlns="http://www.cellml.org/tools/pcenv/" xml:lang="en">true</splitterState_collapsedAfter><splitterState_nextHeight xmlns="http://www.cellml.org/tools/pcenv/" xml:lang="en">0</splitterState_nextHeight></rdf:Description><rdf:Description rdf:about="http://www.cellml.org/tools/opencell/splitter/graph_key_graph3"><splitterState_collapsedAfter xmlns="http://www.cellml.org/tools/opencell/" xml:lang="en">true</splitterState_collapsedAfter><splitterState_nextHeight xmlns="http://www.cellml.org/tools/opencell/" xml:lang="en">0</splitterState_nextHeight></rdf:Description><rdf:Description rdf:about="http://www.cellml.org/tools/pcenv/displayGraphs"><rdf:first><rdf:Description rdf:nodeID="n76"/></rdf:first></rdf:Description><rdf:Description rdf:about="http://www.cellml.org/tools/opencell/displayGraphs"><rdf:first><rdf:Description rdf:nodeID="n76"/></rdf:first></rdf:Description><rdf:Description rdf:nodeID="n30"><rdf:first><rdf:Description rdf:nodeID="n77"/></rdf:first><rdf:rest><rdf:Description rdf:nodeID="n78"/></rdf:rest></rdf:Description><rdf:Description rdf:about="http://www.cellml.org/tools/opencell/splitter/graph_sel_graph3"><activegraph xmlns="http://www.cellml.org/tools/opencell/"><rdf:Description rdf:nodeID="n48"/></activegraph></rdf:Description><rdf:Description rdf:nodeID="n65"><variable xmlns="http://www.cellml.org/metadata/graphs/1.0#"><rdf:Description rdf:about="wolf_passarge_somsen_snoep_heinrich_westerhoff_2000.cellml#A_A2"/></variable></rdf:Description><rdf:Description rdf:nodeID="n79"><rdf:first><rdf:Description rdf:nodeID="n80"/></rdf:first><rdf:rest><rdf:Description rdf:nodeID="n45"/></rdf:rest></rdf:Description><rdf:Description rdf:nodeID="n10"><variable xmlns="http://www.cellml.org/metadata/graphs/1.0#"><rdf:Description rdf:about="wolf_passarge_somsen_snoep_heinrich_westerhoff_2000.cellml#environment_time"/></variable></rdf:Description><rdf:Description rdf:nodeID="n81"><variable xmlns="http://www.cellml.org/metadata/graphs/1.0#"><rdf:Description rdf:about="wolf_passarge_somsen_snoep_heinrich_westerhoff_2000.cellml#S1_S1"/></variable></rdf:Description><rdf:Description rdf:nodeID="n82"><variable xmlns="http://www.cellml.org/metadata/graphs/1.0#"><rdf:Description rdf:about="wolf_passarge_somsen_snoep_heinrich_westerhoff_2000.cellml#environment_time"/></variable></rdf:Description><rdf:Description rdf:about="http://www.cellml.org/tools/pcenv/splitter/graphedit"><splitterState_prevWidth xmlns="http://www.cellml.org/tools/pcenv/" xml:lang="en">417</splitterState_prevWidth></rdf:Description><rdf:Description rdf:nodeID="n67"><variable xmlns="http://www.cellml.org/metadata/graphs/1.0#"><rdf:Description rdf:about="wolf_passarge_somsen_snoep_heinrich_westerhoff_2000.cellml#v1_v1"/></variable></rdf:Description><rdf:Description rdf:nodeID="n83"><rdf:first><rdf:Description rdf:nodeID="n84"/></rdf:first><rdf:rest><rdf:Description rdf:nodeID="n33"/></rdf:rest></rdf:Description><rdf:Description rdf:nodeID="n85"><variable xmlns="http://www.cellml.org/metadata/graphs/1.0#"><rdf:Description rdf:about="wolf_passarge_somsen_snoep_heinrich_westerhoff_2000.cellml#v7_v7"/></variable></rdf:Description><rdf:Description rdf:nodeID="n53"><colour xmlns="http://www.cellml.org/metadata/graphs/1.0#" xml:lang="en">#294060</colour><variable xmlns="http://www.cellml.org/metadata/graphs/1.0#x-"><rdf:Description rdf:nodeID="n86"/></variable><variable xmlns="http://www.cellml.org/metadata/graphs/1.0#y-"><rdf:Description rdf:nodeID="n18"/></variable><type xmlns="http://www.cellml.org/metadata/graphs/1.0#"><rdf:Description rdf:about="http://www.cellml.org/metadata/graphs/1.0#line"/></type></rdf:Description><rdf:Description rdf:nodeID="n52"><rdf:first><rdf:Description rdf:nodeID="n87"/></rdf:first><rdf:rest><rdf:Description rdf:nodeID="n88"/></rdf:rest></rdf:Description><rdf:Description rdf:nodeID="n54"><rdf:first><rdf:Description rdf:nodeID="n89"/></rdf:first><rdf:rest><rdf:Description rdf:nodeID="n79"/></rdf:rest></rdf:Description><rdf:Description rdf:nodeID="n80"><colour xmlns="http://www.cellml.org/metadata/graphs/1.0#" xml:lang="en">#12d617</colour><variable xmlns="http://www.cellml.org/metadata/graphs/1.0#x-"><rdf:Description rdf:nodeID="n63"/></variable><variable xmlns="http://www.cellml.org/metadata/graphs/1.0#y-"><rdf:Description rdf:nodeID="n56"/></variable><type xmlns="http://www.cellml.org/metadata/graphs/1.0#"><rdf:Description rdf:about="http://www.cellml.org/metadata/graphs/1.0#line"/></type></rdf:Description><rdf:Description rdf:nodeID="n90"><variable xmlns="http://www.cellml.org/metadata/graphs/1.0#"><rdf:Description rdf:about="wolf_passarge_somsen_snoep_heinrich_westerhoff_2000.cellml#v4_v4"/></variable></rdf:Description><rdf:Description rdf:nodeID="n70"><variable xmlns="http://www.cellml.org/metadata/graphs/1.0#"><rdf:Description rdf:about="wolf_passarge_somsen_snoep_heinrich_westerhoff_2000.cellml#glucose_influx_rate_Jo"/></variable></rdf:Description><rdf:Description rdf:nodeID="n91"><colour xmlns="http://www.cellml.org/metadata/graphs/1.0#" xml:lang="en">#09ae54</colour><variable xmlns="http://www.cellml.org/metadata/graphs/1.0#x-"><rdf:Description rdf:nodeID="n92"/></variable><variable xmlns="http://www.cellml.org/metadata/graphs/1.0#y-"><rdf:Description rdf:nodeID="n37"/></variable><type xmlns="http://www.cellml.org/metadata/graphs/1.0#"><rdf:Description rdf:about="http://www.cellml.org/metadata/graphs/1.0#line"/></type></rdf:Description><rdf:Description rdf:about="http://www.cellml.org/tools/pcenv/splitter/graph_sel_graph1"><activegraph xmlns="http://www.cellml.org/tools/pcenv/"><rdf:Description rdf:nodeID="n59"/></activegraph></rdf:Description><rdf:Description rdf:nodeID="n84"><colour xmlns="http://www.cellml.org/metadata/graphs/1.0#" xml:lang="en">#aa4b6d</colour><variable xmlns="http://www.cellml.org/metadata/graphs/1.0#x-"><rdf:Description rdf:nodeID="n2"/></variable><variable xmlns="http://www.cellml.org/metadata/graphs/1.0#y-"><rdf:Description rdf:nodeID="n90"/></variable><type xmlns="http://www.cellml.org/metadata/graphs/1.0#"><rdf:Description rdf:about="http://www.cellml.org/metadata/graphs/1.0#line"/></type></rdf:Description><rdf:Description rdf:nodeID="n48"><scaling xmlns="http://www.cellml.org/metadata/graphs/1.0#x-"><rdf:Description rdf:about="http://www.cellml.org/metadata/graphs/1.0#identity"/></scaling><decoration xmlns="http://www.cellml.org/metadata/graphs/1.0#"><rdf:Description rdf:about="http://www.cellml.org/metadata/graphs/1.0#none"/></decoration><scaling xmlns="http://www.cellml.org/metadata/graphs/1.0#y-"><rdf:Description rdf:about="http://www.cellml.org/metadata/graphs/1.0#identity"/></scaling><graphname xmlns="http://www.cellml.org/tools/pcenv/" xml:lang="en">Untitled</graphname><graphname xmlns="http://www.cellml.org/tools/opencell/" xml:lang="en">Untitled</graphname><traces xmlns="http://www.cellml.org/metadata/graphs/1.0#"><rdf:Description rdf:nodeID="n43"/></traces></rdf:Description><rdf:Description rdf:nodeID="n76"><rdf:first><rdf:Description rdf:nodeID="n48"/></rdf:first><rdf:rest><rdf:Description rdf:nodeID="n39"/></rdf:rest></rdf:Description><rdf:Description rdf:nodeID="n87"><colour xmlns="http://www.cellml.org/metadata/graphs/1.0#" xml:lang="en">#5542ba</colour><variable xmlns="http://www.cellml.org/metadata/graphs/1.0#x-"><rdf:Description rdf:nodeID="n93"/></variable><variable xmlns="http://www.cellml.org/metadata/graphs/1.0#y-"><rdf:Description rdf:nodeID="n85"/></variable><type xmlns="http://www.cellml.org/metadata/graphs/1.0#"><rdf:Description rdf:about="http://www.cellml.org/metadata/graphs/1.0#line"/></type></rdf:Description><rdf:Description rdf:nodeID="n94"><variable xmlns="http://www.cellml.org/metadata/graphs/1.0#"><rdf:Description rdf:about="wolf_passarge_somsen_snoep_heinrich_westerhoff_2000.cellml#environment_time"/></variable></rdf:Description><rdf:Description rdf:nodeID="n95"><variable xmlns="http://www.cellml.org/metadata/graphs/1.0#"><rdf:Description rdf:about="wolf_passarge_somsen_snoep_heinrich_westerhoff_2000.cellml#environment_time"/></variable></rdf:Description><rdf:Description rdf:nodeID="n47"><rdf:first><rdf:Description rdf:nodeID="n91"/></rdf:first><rdf:rest><rdf:Description rdf:nodeID="n96"/></rdf:rest></rdf:Description><rdf:Description rdf:nodeID="n97"><variable xmlns="http://www.cellml.org/metadata/graphs/1.0#"><rdf:Description rdf:about="wolf_passarge_somsen_snoep_heinrich_westerhoff_2000.cellml#v2_v2"/></variable></rdf:Description><rdf:Description rdf:nodeID="n96"><rdf:first><rdf:Description rdf:nodeID="n98"/></rdf:first><rdf:rest><rdf:Description rdf:nodeID="n4"/></rdf:rest></rdf:Description><rdf:Description rdf:nodeID="n21"><rdf:first><rdf:Description rdf:nodeID="n7"/></rdf:first><rdf:rest><rdf:Description rdf:nodeID="n61"/></rdf:rest></rdf:Description><rdf:Description rdf:nodeID="n93"><variable xmlns="http://www.cellml.org/metadata/graphs/1.0#"><rdf:Description rdf:about="wolf_passarge_somsen_snoep_heinrich_westerhoff_2000.cellml#environment_time"/></variable></rdf:Description><rdf:Description rdf:nodeID="n24"><rdf:first><rdf:Description rdf:nodeID="n69"/></rdf:first><rdf:rest><rdf:Description rdf:about="http://www.w3.org/1999/02/22-rdf-syntax-ns#nil"/></rdf:rest></rdf:Description><rdf:Description rdf:nodeID="n99"><variable xmlns="http://www.cellml.org/metadata/graphs/1.0#"><rdf:Description rdf:about="wolf_passarge_somsen_snoep_heinrich_westerhoff_2000.cellml#v6_v6"/></variable></rdf:Description><rdf:Description rdf:nodeID="n89"><colour xmlns="http://www.cellml.org/metadata/graphs/1.0#" xml:lang="en">#9f8887</colour><variable xmlns="http://www.cellml.org/metadata/graphs/1.0#x-"><rdf:Description rdf:nodeID="n32"/></variable><variable xmlns="http://www.cellml.org/metadata/graphs/1.0#y-"><rdf:Description rdf:nodeID="n100"/></variable><type xmlns="http://www.cellml.org/metadata/graphs/1.0#"><rdf:Description rdf:about="http://www.cellml.org/metadata/graphs/1.0#line"/></type></rdf:Description><rdf:Description rdf:nodeID="n78"><rdf:first><rdf:Description rdf:nodeID="n101"/></rdf:first><rdf:rest><rdf:Description rdf:nodeID="n83"/></rdf:rest></rdf:Description><rdf:Description rdf:about="http://www.cellml.org/tools/opencell/splitter/graph_sel_graph2"><activegraph xmlns="http://www.cellml.org/tools/opencell/"><rdf:Description rdf:nodeID="n40"/></activegraph></rdf:Description><rdf:Description rdf:nodeID="n16"><colour xmlns="http://www.cellml.org/metadata/graphs/1.0#" xml:lang="en">#4f33af</colour><variable xmlns="http://www.cellml.org/metadata/graphs/1.0#x-"><rdf:Description rdf:nodeID="n58"/></variable><variable xmlns="http://www.cellml.org/metadata/graphs/1.0#y-"><rdf:Description rdf:nodeID="n102"/></variable><type xmlns="http://www.cellml.org/metadata/graphs/1.0#"><rdf:Description rdf:about="http://www.cellml.org/metadata/graphs/1.0#line"/></type></rdf:Description><rdf:Description rdf:about="http://www.cellml.org/tools/opencell/splitter/intergraph2"><splitterState_collapsedAfter xmlns="http://www.cellml.org/tools/opencell/" xml:lang="en">true</splitterState_collapsedAfter></rdf:Description><rdf:Description rdf:nodeID="n66"><variable xmlns="http://www.cellml.org/metadata/graphs/1.0#"><rdf:Description rdf:about="wolf_passarge_somsen_snoep_heinrich_westerhoff_2000.cellml#environment_time"/></variable></rdf:Description><rdf:Description rdf:nodeID="n41"><rdf:first><rdf:Description rdf:nodeID="n59"/></rdf:first><rdf:rest><rdf:Description rdf:about="http://www.w3.org/1999/02/22-rdf-syntax-ns#nil"/></rdf:rest></rdf:Description><rdf:Description rdf:about="http://www.cellml.org/tools/opencell/splitter/graph_key_graph1"><splitterState_collapsedAfter xmlns="http://www.cellml.org/tools/opencell/" xml:lang="en">true</splitterState_collapsedAfter><splitterState_prevHeight xmlns="http://www.cellml.org/tools/opencell/" xml:lang="en">154</splitterState_prevHeight><splitterState_nextHeight xmlns="http://www.cellml.org/tools/opencell/" xml:lang="en">0</splitterState_nextHeight></rdf:Description><rdf:Description rdf:nodeID="n27"><variable xmlns="http://www.cellml.org/metadata/graphs/1.0#"><rdf:Description rdf:about="wolf_passarge_somsen_snoep_heinrich_westerhoff_2000.cellml#v8_v8"/></variable></rdf:Description><rdf:Description rdf:nodeID="n75"><variable xmlns="http://www.cellml.org/metadata/graphs/1.0#"><rdf:Description rdf:about="wolf_passarge_somsen_snoep_heinrich_westerhoff_2000.cellml#S6_flux_rate_across_the_plasma_membrane_J"/></variable></rdf:Description><rdf:Description rdf:nodeID="n103"><colour xmlns="http://www.cellml.org/metadata/graphs/1.0#" xml:lang="en">#f9f1d9</colour><variable xmlns="http://www.cellml.org/metadata/graphs/1.0#x-"><rdf:Description rdf:nodeID="n73"/></variable><variable xmlns="http://www.cellml.org/metadata/graphs/1.0#y-"><rdf:Description rdf:nodeID="n57"/></variable><type xmlns="http://www.cellml.org/metadata/graphs/1.0#"><rdf:Description rdf:about="http://www.cellml.org/metadata/graphs/1.0#line"/></type></rdf:Description><rdf:Description rdf:about="http://www.cellml.org/tools/pcenv/splitter/graph_key_graph1"><splitterState_collapsedAfter xmlns="http://www.cellml.org/tools/pcenv/" xml:lang="en">true</splitterState_collapsedAfter><splitterState_prevHeight xmlns="http://www.cellml.org/tools/pcenv/" xml:lang="en">154</splitterState_prevHeight><splitterState_nextHeight xmlns="http://www.cellml.org/tools/pcenv/" xml:lang="en">0</splitterState_nextHeight></rdf:Description><rdf:Description rdf:nodeID="n68"><variable xmlns="http://www.cellml.org/metadata/graphs/1.0#"><rdf:Description rdf:about="wolf_passarge_somsen_snoep_heinrich_westerhoff_2000.cellml#S3_S3"/></variable></rdf:Description><rdf:Description rdf:nodeID="n86"><variable xmlns="http://www.cellml.org/metadata/graphs/1.0#"><rdf:Description rdf:about="wolf_passarge_somsen_snoep_heinrich_westerhoff_2000.cellml#environment_time"/></variable></rdf:Description><rdf:Description rdf:nodeID="n101"><colour xmlns="http://www.cellml.org/metadata/graphs/1.0#" xml:lang="en">#79a4be</colour><variable xmlns="http://www.cellml.org/metadata/graphs/1.0#x-"><rdf:Description rdf:nodeID="n95"/></variable><variable xmlns="http://www.cellml.org/metadata/graphs/1.0#y-"><rdf:Description rdf:nodeID="n36"/></variable><type xmlns="http://www.cellml.org/metadata/graphs/1.0#"><rdf:Description rdf:about="http://www.cellml.org/metadata/graphs/1.0#line"/></type></rdf:Description><rdf:Description rdf:nodeID="n20"><colour xmlns="http://www.cellml.org/metadata/graphs/1.0#" xml:lang="en">#099999</colour><variable xmlns="http://www.cellml.org/metadata/graphs/1.0#x-"><rdf:Description rdf:nodeID="n94"/></variable><variable xmlns="http://www.cellml.org/metadata/graphs/1.0#y-"><rdf:Description rdf:nodeID="n81"/></variable><type xmlns="http://www.cellml.org/metadata/graphs/1.0#"><rdf:Description rdf:about="http://www.cellml.org/metadata/graphs/1.0#line"/></type></rdf:Description><rdf:Description rdf:nodeID="n77"><colour xmlns="http://www.cellml.org/metadata/graphs/1.0#" xml:lang="en">#a1842b</colour><variable xmlns="http://www.cellml.org/metadata/graphs/1.0#x-"><rdf:Description rdf:nodeID="n82"/></variable><variable xmlns="http://www.cellml.org/metadata/graphs/1.0#y-"><rdf:Description rdf:nodeID="n97"/></variable><type xmlns="http://www.cellml.org/metadata/graphs/1.0#"><rdf:Description rdf:about="http://www.cellml.org/metadata/graphs/1.0#line"/></type></rdf:Description><rdf:Description rdf:nodeID="n92"><variable xmlns="http://www.cellml.org/metadata/graphs/1.0#"><rdf:Description rdf:about="wolf_passarge_somsen_snoep_heinrich_westerhoff_2000.cellml#environment_time"/></variable></rdf:Description><rdf:Description rdf:nodeID="n71"><colour xmlns="http://www.cellml.org/metadata/graphs/1.0#" xml:lang="en">#099999</colour><variable xmlns="http://www.cellml.org/metadata/graphs/1.0#x-"><rdf:Description rdf:nodeID="n104"/></variable><variable xmlns="http://www.cellml.org/metadata/graphs/1.0#y-"><rdf:Description rdf:nodeID="n105"/></variable><type xmlns="http://www.cellml.org/metadata/graphs/1.0#"><rdf:Description rdf:about="http://www.cellml.org/metadata/graphs/1.0#line"/></type></rdf:Description><rdf:Description rdf:nodeID="n11"><variable xmlns="http://www.cellml.org/metadata/graphs/1.0#"><rdf:Description rdf:about="wolf_passarge_somsen_snoep_heinrich_westerhoff_2000.cellml#N2_N2"/></variable></rdf:Description><rdf:Description rdf:nodeID="n88"><rdf:first><rdf:Description rdf:nodeID="n103"/></rdf:first><rdf:rest><rdf:Description rdf:nodeID="n22"/></rdf:rest></rdf:Description><rdf:Description rdf:nodeID="n100"><variable xmlns="http://www.cellml.org/metadata/graphs/1.0#"><rdf:Description rdf:about="wolf_passarge_somsen_snoep_heinrich_westerhoff_2000.cellml#S6_S6"/></variable></rdf:Description><rdf:Description rdf:nodeID="n34"><colour xmlns="http://www.cellml.org/metadata/graphs/1.0#" xml:lang="en">#1c0a50</colour><variable xmlns="http://www.cellml.org/metadata/graphs/1.0#x-"><rdf:Description rdf:nodeID="n31"/></variable><variable xmlns="http://www.cellml.org/metadata/graphs/1.0#y-"><rdf:Description rdf:nodeID="n49"/></variable><type xmlns="http://www.cellml.org/metadata/graphs/1.0#"><rdf:Description rdf:about="http://www.cellml.org/metadata/graphs/1.0#line"/></type></rdf:Description><rdf:Description rdf:about="http://www.cellml.org/tools/opencell/splitter/graph_sel_graph1"><activegraph xmlns="http://www.cellml.org/tools/opencell/"><rdf:Description rdf:nodeID="n59"/></activegraph></rdf:Description><rdf:Description rdf:nodeID="n40"><scaling xmlns="http://www.cellml.org/metadata/graphs/1.0#x-"><rdf:Description rdf:about="http://www.cellml.org/metadata/graphs/1.0#identity"/></scaling><decoration xmlns="http://www.cellml.org/metadata/graphs/1.0#"><rdf:Description rdf:about="http://www.cellml.org/metadata/graphs/1.0#none"/></decoration><scaling xmlns="http://www.cellml.org/metadata/graphs/1.0#y-"><rdf:Description rdf:about="http://www.cellml.org/metadata/graphs/1.0#identity"/></scaling><graphname xmlns="http://www.cellml.org/tools/pcenv/" xml:lang="en">Clickable Diagram: Click elements below to toggle traces above</graphname><graphname xmlns="http://www.cellml.org/tools/opencell/" xml:lang="en">Clickable Diagram: Click elements below to toggle traces above</graphname>
<externalurl xmlns="http://www.cellml.org/tools/pcenv/" xml:lang="en">wolf_passarge_2000.xul</externalurl>
<externalurl xmlns="http://www.cellml.org/tools/opencell/" xml:lang="en">wolf_passarge_2000.xul</externalurl><traces xmlns="http://www.cellml.org/metadata/graphs/1.0#"><rdf:Description rdf:nodeID="n74"/></traces></rdf:Description><rdf:Description rdf:nodeID="n102"><variable xmlns="http://www.cellml.org/metadata/graphs/1.0#"><rdf:Description rdf:about="wolf_passarge_somsen_snoep_heinrich_westerhoff_2000.cellml#S4_S4"/></variable></rdf:Description><rdf:Description rdf:about="http://www.cellml.org/tools/opencell/splitter/graphedit"><splitterState_prevWidth xmlns="http://www.cellml.org/tools/opencell/" xml:lang="en">417</splitterState_prevWidth><splitterState_nextWidth xmlns="http://www.cellml.org/tools/pcenv/" xml:lang="en">844</splitterState_nextWidth><splitterState_nextWidth xmlns="http://www.cellml.org/tools/opencell/" xml:lang="en">844</splitterState_nextWidth></rdf:Description><rdf:Description rdf:nodeID="n98"><colour xmlns="http://www.cellml.org/metadata/graphs/1.0#" xml:lang="en">#d84880</colour><variable xmlns="http://www.cellml.org/metadata/graphs/1.0#x-"><rdf:Description rdf:nodeID="n106"/></variable><variable xmlns="http://www.cellml.org/metadata/graphs/1.0#y-"><rdf:Description rdf:nodeID="n55"/></variable><type xmlns="http://www.cellml.org/metadata/graphs/1.0#"><rdf:Description rdf:about="http://www.cellml.org/metadata/graphs/1.0#line"/></type></rdf:Description><rdf:Description rdf:about="http://www.cellml.org/tools/pcenv/splitter/graph_sel_graph2"><activegraph xmlns="http://www.cellml.org/tools/pcenv/"><rdf:Description rdf:nodeID="n40"/></activegraph></rdf:Description><rdf:Description rdf:nodeID="n64"><variable xmlns="http://www.cellml.org/metadata/graphs/1.0#"><rdf:Description rdf:about="wolf_passarge_somsen_snoep_heinrich_westerhoff_2000.cellml#environment_time"/></variable></rdf:Description><rdf:Description rdf:about="http://www.cellml.org/tools/pcenv/loadedModels"><rdf:_2><rdf:Description rdf:about="wolf_passarge_somsen_snoep_heinrich_westerhoff_2000.cellml"/></rdf:_2></rdf:Description><rdf:Description rdf:nodeID="n51"><colour xmlns="http://www.cellml.org/metadata/graphs/1.0#" xml:lang="en">#69fd1b</colour><variable xmlns="http://www.cellml.org/metadata/graphs/1.0#x-"><rdf:Description rdf:nodeID="n1"/></variable><variable xmlns="http://www.cellml.org/metadata/graphs/1.0#y-"><rdf:Description rdf:nodeID="n99"/></variable><type xmlns="http://www.cellml.org/metadata/graphs/1.0#"><rdf:Description rdf:about="http://www.cellml.org/metadata/graphs/1.0#line"/></type></rdf:Description><rdf:Description rdf:nodeID="n106"><variable xmlns="http://www.cellml.org/metadata/graphs/1.0#"><rdf:Description rdf:about="wolf_passarge_somsen_snoep_heinrich_westerhoff_2000.cellml#environment_time"/></variable></rdf:Description></rdf:RDF>