[{"data_set_value_component_environment_variable_time":0.0,"data_set_value_component_MP_variable_MP":0.1,"data_set_value_component_MP_variable_vsP":2.4,"data_set_value_component_MP_variable_vmP":2.2,"data_set_value_component_MP_variable_kdmp":0.02,"data_set_value_component_MP_variable_KAP":0.6,"data_set_value_component_MP_variable_KmP":0.3,"data_set_value_component_MC_variable_MC":1.2,"data_set_value_component_MC_variable_vsC":2.2,"data_set_value_component_MC_variable_vmC":2.0,"data_set_value_component_MC_variable_kdmc":0.02,"data_set_value_component_MC_variable_KAC":0.6,"data_set_value_component_MC_variable_KmC":0.4,"data_set_value_component_MB_variable_MB":9.0,"data_set_value_component_MB_variable_vsB":1.8,"data_set_value_component_MB_variable_vmB":1.3,"data_set_value_component_MB_variable_kdmb":0.02,"data_set_value_component_MB_variable_KIB":2.2,"data_set_value_component_MB_variable_KmB":0.4,"data_set_value_component_MR_variable_MR":1.5,"data_set_value_component_MR_variable_vsR":1.6,"data_set_value_component_MR_variable_vmR":1.6,"data_set_value_component_MR_variable_kdmr":0.02,"data_set_value_component_MR_variable_KAR":0.6,"data_set_value_component_MR_variable_KmR":0.4,"data_set_value_component_PC_variable_PC":0.1,"data_set_value_component_CC_variable_CC":0.1,"data_set_value_component_RC_variable_RC":0.1,"data_set_value_component_PCP_variable_PCP":0.1,"data_set_value_component_CCP_variable_CCP":0.1,"data_set_value_component_PCC_variable_PCC":0.1,"data_set_value_component_PCN_variable_PCN":0.1,"data_set_value_component_RN_variable_RN":0.1,"data_set_value_component_PCCP_variable_PCCP":0.1,"data_set_value_component_PCNP_variable_PCNP":0.1,"data_set_value_component_BC_variable_BC":0.1,"data_set_value_component_BCP_variable_BCP":0.1,"data_set_value_component_BN_variable_BN":0.1,"data_set_value_component_BNP_variable_BNP":0.1,"data_set_value_component_IN_variable_IN":0.1,"data_set_value_component_model_parameters_variable_k1":0.8,"data_set_value_component_model_parameters_variable_k2":0.4,"data_set_value_component_model_parameters_variable_k3":0.8,"data_set_value_component_model_parameters_variable_k4":0.4,"data_set_value_component_model_parameters_variable_k5":0.8,"data_set_value_component_model_parameters_variable_k6":0.4,"data_set_value_component_model_parameters_variable_k7":1.0,"data_set_value_component_model_parameters_variable_k8":0.2,"data_set_value_component_model_parameters_variable_k9":0.8,"data_set_value_component_model_parameters_variable_k10":0.4,"data_set_value_component_model_parameters_variable_kdnc":0.02,"data_set_value_component_model_parameters_variable_kdn":0.02,"data_set_value_component_model_parameters_variable_ksB":0.32,"data_set_value_component_model_parameters_variable_ksC":3.2,"data_set_value_component_model_parameters_variable_ksP":1.2,"data_set_value_component_model_parameters_variable_ksR":1.7,"data_set_value_component_model_parameters_variable_m":2.0,"data_set_value_component_model_parameters_variable_n":2.0,"data_set_value_component_model_parameters_variable_h":2.0,"data_set_value_component_model_parameters_variable_Kd":0.3,"data_set_value_component_model_parameters_variable_Kdp":0.1,"data_set_value_component_model_parameters_variable_Kp":1.006,"data_set_value_component_model_parameters_variable_V1B":1.4,"data_set_value_component_model_parameters_variable_V1C":1.2,"data_set_value_component_model_parameters_variable_V1P":9.6,"data_set_value_component_model_parameters_variable_V1PC":2.4,"data_set_value_component_model_parameters_variable_V2B":0.2,"data_set_value_component_model_parameters_variable_V2C":0.2,"data_set_value_component_model_parameters_variable_V2P":0.6,"data_set_value_component_model_parameters_variable_V2PC":0.2,"data_set_value_component_model_parameters_variable_V3B":1.4,"data_set_value_component_model_parameters_variable_V3PC":2.4,"data_set_value_component_model_parameters_variable_V4B":0.4,"data_set_value_component_model_parameters_variable_V4PC":0.2,"data_set_value_component_model_parameters_variable_vdBC":3.0,"data_set_value_component_model_parameters_variable_vdBN":3.0,"data_set_value_component_model_parameters_variable_vdCC":1.4,"data_set_value_component_model_parameters_variable_vdIN":1.6,"data_set_value_component_model_parameters_variable_vdPC":3.4,"data_set_value_component_model_parameters_variable_vdPCC":1.4,"data_set_value_component_model_parameters_variable_vdPCN":1.4,"data_set_value_component_model_parameters_variable_vdRC":4.4,"data_set_value_component_model_parameters_variable_vdRN":0.8},{"data_set_value_component_environment_variable_time":0.1,"data_set_value_component_MP_variable_MP":0.0615837436,"data_set_value_component_MP_variable_vsP":2.4,"data_set_value_component_MP_variable_vmP":2.2,"data_set_value_component_MP_variable_kdmp":0.02,"data_set_value_component_MP_variable_KAP":0.6,"data_set_value_component_MP_variable_KmP":0.3,"data_set_value_component_MC_variable_MC":1.0570262673,"data_set_value_component_MC_variable_vsC":2.2,"data_set_value_component_MC_variable_vmC":2.0,"data_set_value_component_MC_variable_kdmc":0.02,"data_set_value_component_MC_variable_KAC":0.6,"data_set_value_component_MC_variable_KmC":0.4,"data_set_value_component_MB_variable_MB":9.0371567923,"data_set_value_component_MB_variable_vsB":1.8,"data_set_value_component_MB_variable_vmB":1.3,"data_set_value_component_MB_variable_kdmb":0.02,"data_set_value_component_MB_variable_KIB":2.2,"data_set_value_component_MB_variable_KmB":0.4,"data_set_value_component_MR_variable_MR":1.3769615028,"data_set_value_component_MR_variable_vsR":1.6,"data_set_value_component_MR_variable_vmR":1.6,"data_set_value_component_MR_variable_kdmr":0.02,"data_set_value_component_MR_variable_KAR":0.6,"data_set_value_component_MR_variable_KmR":0.4,"data_set_value_component_PC_variable_PC":0.0664596964,"data_set_value_component_CC_variable_CC":0.4462001961,"data_set_value_component_RC_variable_RC":0.1889905104,"data_set_value_component_PCP_variable_PCP":0.0697306255,"data_set_value_component_CCP_variable_CCP":0.0837917031,"data_set_value_component_PCC_variable_PCC":0.0838424418,"data_set_value_component_PCN_variable_PCN":0.0923269164,"data_set_value_component_RN_variable_RN":0.0891412241,"data_set_value_component_PCCP_variable_PCCP":0.078451294,"data_set_value_component_PCNP_variable_PCNP":0.0793031446,"data_set_value_component_BC_variable_BC":0.3565267217,"data_set_value_component_BCP_variable_BCP":0.0577826838,"data_set_value_component_BN_variable_BN":0.1169816265,"data_set_value_component_BNP_variable_BNP":0.0429168191,"data_set_value_component_IN_variable_IN":0.0651353194,"data_set_value_component_model_parameters_variable_k1":0.8,"data_set_value_component_model_parameters_variable_k2":0.4,"data_set_value_component_model_parameters_variable_k3":0.8,"data_set_value_component_model_parameters_variable_k4":0.4,"data_set_value_component_model_parameters_variable_k5":0.8,"data_set_value_component_model_parameters_variable_k6":0.4,"data_set_value_component_model_parameters_variable_k7":1.0,"data_set_value_component_model_parameters_variable_k8":0.2,"data_set_value_component_model_parameters_variable_k9":0.8,"data_set_value_component_model_parameters_variable_k10":0.4,"data_set_value_component_model_parameters_variable_kdnc":0.02,"data_set_value_component_model_parameters_variable_kdn":0.02,"data_set_value_component_model_parameters_variable_ksB":0.32,"data_set_value_component_model_parameters_variable_ksC":3.2,"data_set_value_component_model_parameters_variable_ksP":1.2,"data_set_value_component_model_parameters_variable_ksR":1.7,"data_set_value_component_model_parameters_variable_m":2.0,"data_set_value_component_model_parameters_variable_n":2.0,"data_set_value_component_model_parameters_variable_h":2.0,"data_set_value_component_model_parameters_variable_Kd":0.3,"data_set_value_component_model_parameters_variable_Kdp":0.1,"data_set_value_component_model_parameters_variable_Kp":1.006,"data_set_value_component_model_parameters_variable_V1B":1.4,"data_set_value_component_model_parameters_variable_V1C":1.2,"data_set_value_component_model_parameters_variable_V1P":9.6,"data_set_value_component_model_parameters_variable_V1PC":2.4,"data_set_value_component_model_parameters_variable_V2B":0.2,"data_set_value_component_model_parameters_variable_V2C":0.2,"data_set_value_component_model_parameters_variable_V2P":0.6,"data_set_value_component_model_parameters_variable_V2PC":0.2,"data_set_value_component_model_parameters_variable_V3B":1.4,"data_set_value_component_model_parameters_variable_V3PC":2.4,"data_set_value_component_model_parameters_variable_V4B":0.4,"data_set_value_component_model_parameters_variable_V4PC":0.2,"data_set_value_component_model_parameters_variable_vdBC":3.0,"data_set_value_component_model_parameters_variable_vdBN":3.0,"data_set_value_component_model_parameters_variable_vdCC":1.4,"data_set_value_component_model_parameters_variable_vdIN":1.6,"data_set_value_component_model_parameters_variable_vdPC":3.4,"data_set_value_component_model_parameters_variable_vdPCC":1.4,"data_set_value_component_model_parameters_variable_vdPCN":1.4,"data_set_value_component_model_parameters_variable_vdRC":4.4,"data_set_value_component_model_parameters_variable_vdRN":0.8},{"data_set_value_component_environment_variable_time":0.2,"data_set_value_component_MP_variable_MP":0.0407801489,"data_set_value_component_MP_variable_vsP":2.4,"data_set_value_component_MP_variable_vmP":2.2,"data_set_value_component_MP_variable_kdmp":0.02,"data_set_value_component_MP_variable_KAP":0.6,"data_set_value_component_MP_variable_KmP":0.3,"data_set_value_component_MC_variable_MC":0.9224311562,"data_set_value_component_MC_variable_vsC":2.2,"data_set_value_component_MC_variable_vmC":2.0,"data_set_value_component_MC_variable_kdmc":0.02,"data_set_value_component_MC_variable_KAC":0.6,"data_set_value_component_MC_variable_KmC":0.4,"data_set_value_component_MB_variable_MB":9.0742674186,"data_set_value_component_MB_variable_vsB":1.8,"data_set_value_component_MB_variable_vmB":1.3,"data_set_value_component_MB_variable_kdmb":0.02,"data_set_value_component_MB_variable_KIB":2.2,"data_set_value_component_MB_variable_KmB":0.4,"data_set_value_component_MR_variable_MR":1.2586910967,"data_set_value_component_MR_variable_vsR":1.6,"data_set_value_component_MR_variable_vmR":1.6,"data_set_value_component_MR_variable_kdmr":0.02,"data_set_value_component_MR_variable_KAR":0.6,"data_set_value_component_MR_variable_KmR":0.4,"data_set_value_component_PC_variable_PC":0.0447803186,"data_set_value_component_CC_variable_CC":0.726967964,"data_set_value_component_RC_variable_RC":0.2195772916,"data_set_value_component_PCP_variable_PCP":0.0441625145,"data_set_value_component_CCP_variable_CCP":0.087819198,"data_set_value_component_PCC_variable_PCC":0.0715007443,"data_set_value_component_PCN_variable_PCN":0.0837165864,"data_set_value_component_RN_variable_RN":0.0842232852,"data_set_value_component_PCCP_variable_PCCP":0.0610060739,"data_set_value_component_PCNP_variable_PCNP":0.0634069387,"data_set_value_component_BC_variable_BC":0.5756078198,"data_set_value_component_BCP_variable_BCP":0.0504635599,"data_set_value_component_BN_variable_BN":0.1423283797,"data_set_value_component_BNP_variable_BNP":0.0219790021,"data_set_value_component_IN_variable_IN":0.0413632278,"data_set_value_component_model_parameters_variable_k1":0.8,"data_set_value_component_model_parameters_variable_k2":0.4,"data_set_value_component_model_parameters_variable_k3":0.8,"data_set_value_component_model_parameters_variable_k4":0.4,"data_set_value_component_model_parameters_variable_k5":0.8,"data_set_value_component_model_parameters_variable_k6":0.4,"data_set_value_component_model_parameters_variable_k7":1.0,"data_set_value_component_model_parameters_variable_k8":0.2,"data_set_value_component_model_parameters_variable_k9":0.8,"data_set_value_component_model_parameters_variable_k10":0.4,"data_set_value_component_model_parameters_variable_kdnc":0.02,"data_set_value_component_model_parameters_variable_kdn":0.02,"data_set_value_component_model_parameters_variable_ksB":0.32,"data_set_value_component_model_parameters_variable_ksC":3.2,"data_set_value_component_model_parameters_variable_ksP":1.2,"data_set_value_component_model_parameters_variable_ksR":1.7,"data_set_value_component_model_parameters_variable_m":2.0,"data_set_value_component_model_parameters_variable_n":2.0,"data_set_value_component_model_parameters_variable_h":2.0,"data_set_value_component_model_parameters_variable_Kd":0.3,"data_set_value_component_model_parameters_variable_Kdp":0.1,"data_set_value_component_model_parameters_variable_Kp":1.006,"data_set_value_component_model_parameters_variable_V1B":1.4,"data_set_value_component_model_parameters_variable_V1C":1.2,"data_set_value_component_model_parameters_variable_V1P":9.6,"data_set_value_component_model_parameters_variable_V1PC":2.4,"data_set_value_component_model_parameters_variable_V2B":0.2,"data_set_value_component_model_parameters_variable_V2C":0.2,"data_set_value_component_model_parameters_variable_V2P":0.6,"data_set_value_component_model_parameters_variable_V2PC":0.2,"data_set_value_component_model_parameters_variable_V3B":1.4,"data_set_value_component_model_parameters_variable_V3PC":2.4,"data_set_value_component_model_parameters_variable_V4B":0.4,"data_set_value_component_model_parameters_variable_V4PC":0.2,"data_set_value_component_model_parameters_variable_vdBC":3.0,"data_set_value_component_model_parameters_variable_vdBN":3.0,"data_set_value_component_model_parameters_variable_vdCC":1.4,"data_set_value_component_model_parameters_variable_vdIN":1.6,"data_set_value_component_model_parameters_variable_vdPC":3.4,"data_set_value_component_model_parameters_variable_vdPCC":1.4,"data_set_value_component_model_parameters_variable_vdPCN":1.4,"data_set_value_component_model_parameters_variable_vdRC":4.4,"data_set_value_component_model_parameters_variable_vdRN":0.8},{"data_set_value_component_environment_variable_time":0.3,"data_set_value_component_MP_variable_MP":0.0328939633,"data_set_value_component_MP_variable_vsP":2.4,"data_set_value_component_MP_variable_vmP":2.2,"data_set_value_component_MP_variable_kdmp":0.02,"data_set_value_component_MP_variable_KAP":0.6,"data_set_value_component_MP_variable_KmP":0.3,"data_set_value_component_MC_variable_MC":0.7986783182,"data_set_value_component_MC_variable_vsC":2.2,"data_set_value_component_MC_variable_vmC":2.0,"data_set_value_component_MC_variable_kdmc":0.02,"data_set_value_component_MC_variable_KAC":0.6,"data_set_value_component_MC_variable_KmC":0.4,"data_set_value_component_MB_variable_MB":9.1113058077,"data_set_value_component_MB_variable_vsB":1.8,"data_set_value_component_MB_variable_vmB":1.3,"data_set_value_component_MB_variable_kdmb":0.02,"data_set_value_component_MB_variable_KIB":2.2,"data_set_value_component_MB_variable_KmB":0.4,"data_set_value_component_MR_variable_MR":1.1467229335,"data_set_value_component_MR_variable_vsR":1.6,"data_set_value_component_MR_variable_vmR":1.6,"data_set_value_component_MR_variable_kdmr":0.02,"data_set_value_component_MR_variable_KAR":0.6,"data_set_value_component_MR_variable_KmR":0.4,"data_set_value_component_PC_variable_PC":0.0305159839,"data_set_value_component_CC_variable_CC":0.9554344561,"data_set_value_component_RC_variable_RC":0.2217217413,"data_set_value_component_PCP_variable_PCP":0.0272696306,"data_set_value_component_CCP_variable_CCP":0.0994837934,"data_set_value_component_PCC_variable_PCC":0.061252004,"data_set_value_component_PCN_variable_PCN":0.0748226738,"data_set_value_component_RN_variable_RN":0.0812545303,"data_set_value_component_PCCP_variable_PCCP":0.0474142888,"data_set_value_component_PCNP_variable_PCNP":0.0512089952,"data_set_value_component_BC_variable_BC":0.7684543135,"data_set_value_component_BCP_variable_BCP":0.0550515793,"data_set_value_component_BN_variable_BN":0.1762468155,"data_set_value_component_BNP_variable_BNP":0.0170407616,"data_set_value_component_IN_variable_IN":0.0260158634,"data_set_value_component_model_parameters_variable_k1":0.8,"data_set_value_component_model_parameters_variable_k2":0.4,"data_set_value_component_model_parameters_variable_k3":0.8,"data_set_value_component_model_parameters_variable_k4":0.4,"data_set_value_component_model_parameters_variable_k5":0.8,"data_set_value_component_model_parameters_variable_k6":0.4,"data_set_value_component_model_parameters_variable_k7":1.0,"data_set_value_component_model_parameters_variable_k8":0.2,"data_set_value_component_model_parameters_variable_k9":0.8,"data_set_value_component_model_parameters_variable_k10":0.4,"data_set_value_component_model_parameters_variable_kdnc":0.02,"data_set_value_component_model_parameters_variable_kdn":0.02,"data_set_value_component_model_parameters_variable_ksB":0.32,"data_set_value_component_model_parameters_variable_ksC":3.2,"data_set_value_component_model_parameters_variable_ksP":1.2,"data_set_value_component_model_parameters_variable_ksR":1.7,"data_set_value_component_model_parameters_variable_m":2.0,"data_set_value_component_model_parameters_variable_n":2.0,"data_set_value_component_model_parameters_variable_h":2.0,"data_set_value_component_model_parameters_variable_Kd":0.3,"data_set_value_component_model_parameters_variable_Kdp":0.1,"data_set_value_component_model_parameters_variable_Kp":1.006,"data_set_value_component_model_parameters_variable_V1B":1.4,"data_set_value_component_model_parameters_variable_V1C":1.2,"data_set_value_component_model_parameters_variable_V1P":9.6,"data_set_value_component_model_parameters_variable_V1PC":2.4,"data_set_value_component_model_parameters_variable_V2B":0.2,"data_set_value_component_model_parameters_variable_V2C":0.2,"data_set_value_component_model_parameters_variable_V2P":0.6,"data_set_value_component_model_parameters_variable_V2PC":0.2,"data_set_value_component_model_parameters_variable_V3B":1.4,"data_set_value_component_model_parameters_variable_V3PC":2.4,"data_set_value_component_model_parameters_variable_V4B":0.4,"data_set_value_component_model_parameters_variable_V4PC":0.2,"data_set_value_component_model_parameters_variable_vdBC":3.0,"data_set_value_component_model_parameters_variable_vdBN":3.0,"data_set_value_component_model_parameters_variable_vdCC":1.4,"data_set_value_component_model_parameters_variable_vdIN":1.6,"data_set_value_component_model_parameters_variable_vdPC":3.4,"data_set_value_component_model_parameters_variable_vdPCC":1.4,"data_set_value_component_model_parameters_variable_vdPCN":1.4,"data_set_value_component_model_parameters_variable_vdRC":4.4,"data_set_value_component_model_parameters_variable_vdRN":0.8},{"data_set_value_component_environment_variable_time":0.4,"data_set_value_component_MP_variable_MP":0.0343915259,"data_set_value_component_MP_variable_vsP":2.4,"data_set_value_component_MP_variable_vmP":2.2,"data_set_value_component_MP_variable_kdmp":0.02,"data_set_value_component_MP_variable_KAP":0.6,"data_set_value_component_MP_variable_KmP":0.3,"data_set_value_component_MC_variable_MC":0.6886743598,"data_set_value_component_MC_variable_vsC":2.2,"data_set_value_component_MC_variable_vmC":2.0,"data_set_value_component_MC_variable_kdmc":0.02,"data_set_value_component_MC_variable_KAC":0.6,"data_set_value_component_MC_variable_KmC":0.4,"data_set_value_component_MB_variable_MB":9.1482659487,"data_set_value_component_MB_variable_vsB":1.8,"data_set_value_component_MB_variable_vmB":1.3,"data_set_value_component_MB_variable_kdmb":0.02,"data_set_value_component_MB_variable_KIB":2.2,"data_set_value_component_MB_variable_KmB":0.4,"data_set_value_component_MR_variable_MR":1.0429509522,"data_set_value_component_MR_variable_vsR":1.6,"data_set_value_component_MR_variable_vmR":1.6,"data_set_value_component_MR_variable_kdmr":0.02,"data_set_value_component_MR_variable_KAR":0.6,"data_set_value_component_MR_variable_KmR":0.4,"data_set_value_component_PC_variable_PC":0.021441946,"data_set_value_component_CC_variable_CC":1.1400612719,"data_set_value_component_RC_variable_RC":0.2089202505,"data_set_value_component_PCP_variable_PCP":0.0173023334,"data_set_value_component_CCP_variable_CCP":0.1135821628,"data_set_value_component_PCC_variable_PCC":0.0523914929,"data_set_value_component_PCN_variable_PCN":0.0660633133,"data_set_value_component_RN_variable_RN":0.0783776841,"data_set_value_component_PCCP_variable_PCCP":0.0370490448,"data_set_value_component_PCNP_variable_PCNP":0.0417815893,"data_set_value_component_BC_variable_BC":0.9413348887,"data_set_value_component_BCP_variable_BCP":0.0627042486,"data_set_value_component_BN_variable_BN":0.2185015556,"data_set_value_component_BNP_variable_BNP":0.0178034201,"data_set_value_component_IN_variable_IN":0.0165370909,"data_set_value_component_model_parameters_variable_k1":0.8,"data_set_value_component_model_parameters_variable_k2":0.4,"data_set_value_component_model_parameters_variable_k3":0.8,"data_set_value_component_model_parameters_variable_k4":0.4,"data_set_value_component_model_parameters_variable_k5":0.8,"data_set_value_component_model_parameters_variable_k6":0.4,"data_set_value_component_model_parameters_variable_k7":1.0,"data_set_value_component_model_parameters_variable_k8":0.2,"data_set_value_component_model_parameters_variable_k9":0.8,"data_set_value_component_model_parameters_variable_k10":0.4,"data_set_value_component_model_parameters_variable_kdnc":0.02,"data_set_value_component_model_parameters_variable_kdn":0.02,"data_set_value_component_model_parameters_variable_ksB":0.32,"data_set_value_component_model_parameters_variable_ksC":3.2,"data_set_value_component_model_parameters_variable_ksP":1.2,"data_set_value_component_model_parameters_variable_ksR":1.7,"data_set_value_component_model_parameters_variable_m":2.0,"data_set_value_component_model_parameters_variable_n":2.0,"data_set_value_component_model_parameters_variable_h":2.0,"data_set_value_component_model_parameters_variable_Kd":0.3,"data_set_value_component_model_parameters_variable_Kdp":0.1,"data_set_value_component_model_parameters_variable_Kp":1.006,"data_set_value_component_model_parameters_variable_V1B":1.4,"data_set_value_component_model_parameters_variable_V1C":1.2,"data_set_value_component_model_parameters_variable_V1P":9.6,"data_set_value_component_model_parameters_variable_V1PC":2.4,"data_set_value_component_model_parameters_variable_V2B":0.2,"data_set_value_component_model_parameters_variable_V2C":0.2,"data_set_value_component_model_parameters_variable_V2P":0.6,"data_set_value_component_model_parameters_variable_V2PC":0.2,"data_set_value_component_model_parameters_variable_V3B":1.4,"data_set_value_component_model_parameters_variable_V3PC":2.4,"data_set_value_component_model_parameters_variable_V4B":0.4,"data_set_value_component_model_parameters_variable_V4PC":0.2,"data_set_value_component_model_parameters_variable_vdBC":3.0,"data_set_value_component_model_parameters_variable_vdBN":3.0,"data_set_value_component_model_parameters_variable_vdCC":1.4,"data_set_value_component_model_parameters_variable_vdIN":1.6,"data_set_value_component_model_parameters_variable_vdPC":3.4,"data_set_value_component_model_parameters_variable_vdPCC":1.4,"data_set_value_component_model_parameters_variable_vdPCN":1.4,"data_set_value_component_model_parameters_variable_vdRC":4.4,"data_set_value_component_model_parameters_variable_vdRN":0.8},{"data_set_value_component_environment_variable_time":0.5,"data_set_value_component_MP_variable_MP":0.0432342948,"data_set_value_component_MP_variable_vsP":2.4,"data_set_value_component_MP_variable_vmP":2.2,"data_set_value_component_MP_variable_kdmp":0.02,"data_set_value_component_MP_variable_KAP":0.6,"data_set_value_component_MP_variable_KmP":0.3,"data_set_value_component_MC_variable_MC":0.5953045779,"data_set_value_component_MC_variable_vsC":2.2,"data_set_value_component_MC_variable_vmC":2.0,"data_set_value_component_MC_variable_kdmc":0.02,"data_set_value_component_MC_variable_KAC":0.6,"data_set_value_component_MC_variable_KmC":0.4,"data_set_value_component_MB_variable_MB":9.1851496486,"data_set_value_component_MB_variable_vsB":1.8,"data_set_value_component_MB_variable_vmB":1.3,"data_set_value_component_MB_variable_kdmb":0.02,"data_set_value_component_MB_variable_KIB":2.2,"data_set_value_component_MB_variable_KmB":0.4,"data_set_value_component_MR_variable_MR":0.9493740645,"data_set_value_component_MR_variable_vsR":1.6,"data_set_value_component_MR_variable_vmR":1.6,"data_set_value_component_MR_variable_kdmr":0.02,"data_set_value_component_MR_variable_KAR":0.6,"data_set_value_component_MR_variable_KmR":0.4,"data_set_value_component_PC_variable_PC":0.0162217693,"data_set_value_component_CC_variable_CC":1.2879907236,"data_set_value_component_RC_variable_RC":0.1891886796,"data_set_value_component_PCP_variable_PCP":0.0117727298,"data_set_value_component_CCP_variable_CCP":0.1278986611,"data_set_value_component_PCC_variable_PCC":0.044682799,"data_set_value_component_PCN_variable_PCN":0.0577121843,"data_set_value_component_RN_variable_RN":0.0748246947,"data_set_value_component_PCCP_variable_PCCP":0.0292088682,"data_set_value_component_PCNP_variable_PCNP":0.0343929297,"data_set_value_component_BC_variable_BC":1.0981730947,"data_set_value_component_BCP_variable_BCP":0.0705289753,"data_set_value_component_BN_variable_BN":0.2679750758,"data_set_value_component_BNP_variable_BNP":0.0205935407,"data_set_value_component_IN_variable_IN":0.0108736872,"data_set_value_component_model_parameters_variable_k1":0.8,"data_set_value_component_model_parameters_variable_k2":0.4,"data_set_value_component_model_parameters_variable_k3":0.8,"data_set_value_component_model_parameters_variable_k4":0.4,"data_set_value_component_model_parameters_variable_k5":0.8,"data_set_value_component_model_parameters_variable_k6":0.4,"data_set_value_component_model_parameters_variable_k7":1.0,"data_set_value_component_model_parameters_variable_k8":0.2,"data_set_value_component_model_parameters_variable_k9":0.8,"data_set_value_component_model_parameters_variable_k10":0.4,"data_set_value_component_model_parameters_variable_kdnc":0.02,"data_set_value_component_model_parameters_variable_kdn":0.02,"data_set_value_component_model_parameters_variable_ksB":0.32,"data_set_value_component_model_parameters_variable_ksC":3.2,"data_set_value_component_model_parameters_variable_ksP":1.2,"data_set_value_component_model_parameters_variable_ksR":1.7,"data_set_value_component_model_parameters_variable_m":2.0,"data_set_value_component_model_parameters_variable_n":2.0,"data_set_value_component_model_parameters_variable_h":2.0,"data_set_value_component_model_parameters_variable_Kd":0.3,"data_set_value_component_model_parameters_variable_Kdp":0.1,"data_set_value_component_model_parameters_variable_Kp":1.006,"data_set_value_component_model_parameters_variable_V1B":1.4,"data_set_value_component_model_parameters_variable_V1C":1.2,"data_set_value_component_model_parameters_variable_V1P":9.6,"data_set_value_component_model_parameters_variable_V1PC":2.4,"data_set_value_component_model_parameters_variable_V2B":0.2,"data_set_value_component_model_parameters_variable_V2C":0.2,"data_set_value_component_model_parameters_variable_V2P":0.6,"data_set_value_component_model_parameters_variable_V2PC":0.2,"data_set_value_component_model_parameters_variable_V3B":1.4,"data_set_value_component_model_parameters_variable_V3PC":2.4,"data_set_value_component_model_parameters_variable_V4B":0.4,"data_set_value_component_model_parameters_variable_V4PC":0.2,"data_set_value_component_model_parameters_variable_vdBC":3.0,"data_set_value_component_model_parameters_variable_vdBN":3.0,"data_set_value_component_model_parameters_variable_vdCC":1.4,"data_set_value_component_model_parameters_variable_vdIN":1.6,"data_set_value_component_model_parameters_variable_vdPC":3.4,"data_set_value_component_model_parameters_variable_vdPCC":1.4,"data_set_value_component_model_parameters_variable_vdPCN":1.4,"data_set_value_component_model_parameters_variable_vdRC":4.4,"data_set_value_component_model_parameters_variable_vdRN":0.8},{"data_set_value_component_environment_variable_time":0.6,"data_set_value_component_MP_variable_MP":0.0583767254,"data_set_value_component_MP_variable_vsP":2.4,"data_set_value_component_MP_variable_vmP":2.2,"data_set_value_component_MP_variable_kdmp":0.02,"data_set_value_component_MP_variable_KAP":0.6,"data_set_value_component_MP_variable_KmP":0.3,"data_set_value_component_MC_variable_MC":0.5207879244,"data_set_value_component_MC_variable_vsC":2.2,"data_set_value_component_MC_variable_vmC":2.0,"data_set_value_component_MC_variable_kdmc":0.02,"data_set_value_component_MC_variable_KAC":0.6,"data_set_value_component_MC_variable_KmC":0.4,"data_set_value_component_MB_variable_MB":9.2219607952,"data_set_value_component_MB_variable_vsB":1.8,"data_set_value_component_MB_variable_vmB":1.3,"data_set_value_component_MB_variable_kdmb":0.02,"data_set_value_component_MB_variable_KIB":2.2,"data_set_value_component_MB_variable_KmB":0.4,"data_set_value_component_MR_variable_MR":0.8677291026,"data_set_value_component_MR_variable_vsR":1.6,"data_set_value_component_MR_variable_vmR":1.6,"data_set_value_component_MR_variable_kdmr":0.02,"data_set_value_component_MR_variable_KAR":0.6,"data_set_value_component_MR_variable_KmR":0.4,"data_set_value_component_PC_variable_PC":0.0138733628,"data_set_value_component_CC_variable_CC":1.4061402308,"data_set_value_component_RC_variable_RC":0.1676904792,"data_set_value_component_PCP_variable_PCP":0.0089829965,"data_set_value_component_CCP_variable_CCP":0.1414931289,"data_set_value_component_PCC_variable_PCC":0.0380736793,"data_set_value_component_PCN_variable_PCN":0.0499465686,"data_set_value_component_RN_variable_RN":0.0704416012,"data_set_value_component_PCCP_variable_PCCP":0.0232761194,"data_set_value_component_PCNP_variable_PCNP":0.0284990626,"data_set_value_component_BC_variable_BC":1.2417131309,"data_set_value_component_BCP_variable_BCP":0.0776828807,"data_set_value_component_BN_variable_BN":0.3234049224,"data_set_value_component_BNP_variable_BNP":0.0241944686,"data_set_value_component_IN_variable_IN":0.0075645868,"data_set_value_component_model_parameters_variable_k1":0.8,"data_set_value_component_model_parameters_variable_k2":0.4,"data_set_value_component_model_parameters_variable_k3":0.8,"data_set_value_component_model_parameters_variable_k4":0.4,"data_set_value_component_model_parameters_variable_k5":0.8,"data_set_value_component_model_parameters_variable_k6":0.4,"data_set_value_component_model_parameters_variable_k7":1.0,"data_set_value_component_model_parameters_variable_k8":0.2,"data_set_value_component_model_parameters_variable_k9":0.8,"data_set_value_component_model_parameters_variable_k10":0.4,"data_set_value_component_model_parameters_variable_kdnc":0.02,"data_set_value_component_model_parameters_variable_kdn":0.02,"data_set_value_component_model_parameters_variable_ksB":0.32,"data_set_value_component_model_parameters_variable_ksC":3.2,"data_set_value_component_model_parameters_variable_ksP":1.2,"data_set_value_component_model_parameters_variable_ksR":1.7,"data_set_value_component_model_parameters_variable_m":2.0,"data_set_value_component_model_parameters_variable_n":2.0,"data_set_value_component_model_parameters_variable_h":2.0,"data_set_value_component_model_parameters_variable_Kd":0.3,"data_set_value_component_model_parameters_variable_Kdp":0.1,"data_set_value_component_model_parameters_variable_Kp":1.006,"data_set_value_component_model_parameters_variable_V1B":1.4,"data_set_value_component_model_parameters_variable_V1C":1.2,"data_set_value_component_model_parameters_variable_V1P":9.6,"data_set_value_component_model_parameters_variable_V1PC":2.4,"data_set_value_component_model_parameters_variable_V2B":0.2,"data_set_value_component_model_parameters_variable_V2C":0.2,"data_set_value_component_model_parameters_variable_V2P":0.6,"data_set_value_component_model_parameters_variable_V2PC":0.2,"data_set_value_component_model_parameters_variable_V3B":1.4,"data_set_value_component_model_parameters_variable_V3PC":2.4,"data_set_value_component_model_parameters_variable_V4B":0.4,"data_set_value_component_model_parameters_variable_V4PC":0.2,"data_set_value_component_model_parameters_variable_vdBC":3.0,"data_set_value_component_model_parameters_variable_vdBN":3.0,"data_set_value_component_model_parameters_variable_vdCC":1.4,"data_set_value_component_model_parameters_variable_vdIN":1.6,"data_set_value_component_model_parameters_variable_vdPC":3.4,"data_set_value_component_model_parameters_variable_vdPCC":1.4,"data_set_value_component_model_parameters_variable_vdPCN":1.4,"data_set_value_component_model_parameters_variable_vdRC":4.4,"data_set_value_component_model_parameters_variable_vdRN":0.8},{"data_set_value_component_environment_variable_time":0.7,"data_set_value_component_MP_variable_MP":0.0792244849,"data_set_value_component_MP_variable_vsP":2.4,"data_set_value_component_MP_variable_vmP":2.2,"data_set_value_component_MP_variable_kdmp":0.02,"data_set_value_component_MP_variable_KAP":0.6,"data_set_value_component_MP_variable_KmP":0.3,"data_set_value_component_MC_variable_MC":0.4661485035,"data_set_value_component_MC_variable_vsC":2.2,"data_set_value_component_MC_variable_vmC":2.0,"data_set_value_component_MC_variable_kdmc":0.02,"data_set_value_component_MC_variable_KAC":0.6,"data_set_value_component_MC_variable_KmC":0.4,"data_set_value_component_MB_variable_MB":9.2587024194,"data_set_value_component_MB_variable_vsB":1.8,"data_set_value_component_MB_variable_vmB":1.3,"data_set_value_component_MB_variable_kdmb":0.02,"data_set_value_component_MB_variable_KIB":2.2,"data_set_value_component_MB_variable_KmB":0.4,"data_set_value_component_MR_variable_MR":0.7991830225,"data_set_value_component_MR_variable_vsR":1.6,"data_set_value_component_MR_variable_vmR":1.6,"data_set_value_component_MR_variable_kdmr":0.02,"data_set_value_component_MR_variable_KAR":0.6,"data_set_value_component_MR_variable_KmR":0.4,"data_set_value_component_PC_variable_PC":0.0136729173,"data_set_value_component_CC_variable_CC":1.5014111126,"data_set_value_component_RC_variable_RC":0.147604367,"data_set_value_component_PCP_variable_PCP":0.0079571172,"data_set_value_component_CCP_variable_CCP":0.1540057025,"data_set_value_component_PCC_variable_PCC":0.0325555483,"data_set_value_component_PCN_variable_PCN":0.0428736307,"data_set_value_component_RN_variable_RN":0.0654067196,"data_set_value_component_PCCP_variable_PCCP":0.0187701468,"data_set_value_component_PCNP_variable_PCNP":0.0237142456,"data_set_value_component_BC_variable_BC":1.3740207951,"data_set_value_component_BCP_variable_BCP":0.083997582,"data_set_value_component_BN_variable_BN":0.3836951634,"data_set_value_component_BNP_variable_BNP":0.0281581172,"data_set_value_component_IN_variable_IN":0.0056512453,"data_set_value_component_model_parameters_variable_k1":0.8,"data_set_value_component_model_parameters_variable_k2":0.4,"data_set_value_component_model_parameters_variable_k3":0.8,"data_set_value_component_model_parameters_variable_k4":0.4,"data_set_value_component_model_parameters_variable_k5":0.8,"data_set_value_component_model_parameters_variable_k6":0.4,"data_set_value_component_model_parameters_variable_k7":1.0,"data_set_value_component_model_parameters_variable_k8":0.2,"data_set_value_component_model_parameters_variable_k9":0.8,"data_set_value_component_model_parameters_variable_k10":0.4,"data_set_value_component_model_parameters_variable_kdnc":0.02,"data_set_value_component_model_parameters_variable_kdn":0.02,"data_set_value_component_model_parameters_variable_ksB":0.32,"data_set_value_component_model_parameters_variable_ksC":3.2,"data_set_value_component_model_parameters_variable_ksP":1.2,"data_set_value_component_model_parameters_variable_ksR":1.7,"data_set_value_component_model_parameters_variable_m":2.0,"data_set_value_component_model_parameters_variable_n":2.0,"data_set_value_component_model_parameters_variable_h":2.0,"data_set_value_component_model_parameters_variable_Kd":0.3,"data_set_value_component_model_parameters_variable_Kdp":0.1,"data_set_value_component_model_parameters_variable_Kp":1.006,"data_set_value_component_model_parameters_variable_V1B":1.4,"data_set_value_component_model_parameters_variable_V1C":1.2,"data_set_value_component_model_parameters_variable_V1P":9.6,"data_set_value_component_model_parameters_variable_V1PC":2.4,"data_set_value_component_model_parameters_variable_V2B":0.2,"data_set_value_component_model_parameters_variable_V2C":0.2,"data_set_value_component_model_parameters_variable_V2P":0.6,"data_set_value_component_model_parameters_variable_V2PC":0.2,"data_set_value_component_model_parameters_variable_V3B":1.4,"data_set_value_component_model_parameters_variable_V3PC":2.4,"data_set_value_component_model_parameters_variable_V4B":0.4,"data_set_value_component_model_parameters_variable_V4PC":0.2,"data_set_value_component_model_parameters_variable_vdBC":3.0,"data_set_value_component_model_parameters_variable_vdBN":3.0,"data_set_value_component_model_parameters_variable_vdCC":1.4,"data_set_value_component_model_parameters_variable_vdIN":1.6,"data_set_value_component_model_parameters_variable_vdPC":3.4,"data_set_value_component_model_parameters_variable_vdPCC":1.4,"data_set_value_component_model_parameters_variable_vdPCN":1.4,"data_set_value_component_model_parameters_variable_vdRC":4.4,"data_set_value_component_model_parameters_variable_vdRN":0.8},{"data_set_value_component_environment_variable_time":0.8,"data_set_value_component_MP_variable_MP":0.1053014925,"data_set_value_component_MP_variable_vsP":2.4,"data_set_value_component_MP_variable_vmP":2.2,"data_set_value_component_MP_variable_kdmp":0.02,"data_set_value_component_MP_variable_KAP":0.6,"data_set_value_component_MP_variable_KmP":0.3,"data_set_value_component_MC_variable_MC":0.4310041235,"data_set_value_component_MC_variable_vsC":2.2,"data_set_value_component_MC_variable_vmC":2.0,"data_set_value_component_MC_variable_kdmc":0.02,"data_set_value_component_MC_variable_KAC":0.6,"data_set_value_component_MC_variable_KmC":0.4,"data_set_value_component_MB_variable_MB":9.2953755316,"data_set_value_component_MB_variable_vsB":1.8,"data_set_value_component_MB_variable_vmB":1.3,"data_set_value_component_MB_variable_kdmb":0.02,"data_set_value_component_MB_variable_KIB":2.2,"data_set_value_component_MB_variable_KmB":0.4,"data_set_value_component_MR_variable_MR":0.7441708827,"data_set_value_component_MR_variable_vsR":1.6,"data_set_value_component_MR_variable_vmR":1.6,"data_set_value_component_MR_variable_kdmr":0.02,"data_set_value_component_MR_variable_KAR":0.6,"data_set_value_component_MR_variable_KmR":0.4,"data_set_value_component_PC_variable_PC":0.0151123917,"data_set_value_component_CC_variable_CC":1.5804977097,"data_set_value_component_RC_variable_RC":0.1305827802,"data_set_value_component_PCP_variable_PCP":0.0081478879,"data_set_value_component_CCP_variable_CCP":0.1653580868,"data_set_value_component_PCC_variable_PCC":0.0281100958,"data_set_value_component_PCN_variable_PCN":0.0365478716,"data_set_value_component_RN_variable_RN":0.0600408542,"data_set_value_component_PCCP_variable_PCCP":0.0153418628,"data_set_value_component_PCNP_variable_PCNP":0.0197732375,"data_set_value_component_BC_variable_BC":1.4967232034,"data_set_value_component_BCP_variable_BCP":0.0895172934,"data_set_value_component_BN_variable_BN":0.447960557,"data_set_value_component_BNP_variable_BNP":0.032281759,"data_set_value_component_IN_variable_IN":0.00453802,"data_set_value_component_model_parameters_variable_k1":0.8,"data_set_value_component_model_parameters_variable_k2":0.4,"data_set_value_component_model_parameters_variable_k3":0.8,"data_set_value_component_model_parameters_variable_k4":0.4,"data_set_value_component_model_parameters_variable_k5":0.8,"data_set_value_component_model_parameters_variable_k6":0.4,"data_set_value_component_model_parameters_variable_k7":1.0,"data_set_value_component_model_parameters_variable_k8":0.2,"data_set_value_component_model_parameters_variable_k9":0.8,"data_set_value_component_model_parameters_variable_k10":0.4,"data_set_value_component_model_parameters_variable_kdnc":0.02,"data_set_value_component_model_parameters_variable_kdn":0.02,"data_set_value_component_model_parameters_variable_ksB":0.32,"data_set_value_component_model_parameters_variable_ksC":3.2,"data_set_value_component_model_parameters_variable_ksP":1.2,"data_set_value_component_model_parameters_variable_ksR":1.7,"data_set_value_component_model_parameters_variable_m":2.0,"data_set_value_component_model_parameters_variable_n":2.0,"data_set_value_component_model_parameters_variable_h":2.0,"data_set_value_component_model_parameters_variable_Kd":0.3,"data_set_value_component_model_parameters_variable_Kdp":0.1,"data_set_value_component_model_parameters_variable_Kp":1.006,"data_set_value_component_model_parameters_variable_V1B":1.4,"data_set_value_component_model_parameters_variable_V1C":1.2,"data_set_value_component_model_parameters_variable_V1P":9.6,"data_set_value_component_model_parameters_variable_V1PC":2.4,"data_set_value_component_model_parameters_variable_V2B":0.2,"data_set_value_component_model_parameters_variable_V2C":0.2,"data_set_value_component_model_parameters_variable_V2P":0.6,"data_set_value_component_model_parameters_variable_V2PC":0.2,"data_set_value_component_model_parameters_variable_V3B":1.4,"data_set_value_component_model_parameters_variable_V3PC":2.4,"data_set_value_component_model_parameters_variable_V4B":0.4,"data_set_value_component_model_parameters_variable_V4PC":0.2,"data_set_value_component_model_parameters_variable_vdBC":3.0,"data_set_value_component_model_parameters_variable_vdBN":3.0,"data_set_value_component_model_parameters_variable_vdCC":1.4,"data_set_value_component_model_parameters_variable_vdIN":1.6,"data_set_value_component_model_parameters_variable_vdPC":3.4,"data_set_value_component_model_parameters_variable_vdPCC":1.4,"data_set_value_component_model_parameters_variable_vdPCN":1.4,"data_set_value_component_model_parameters_variable_vdRC":4.4,"data_set_value_component_model_parameters_variable_vdRN":0.8},{"data_set_value_component_environment_variable_time":0.9,"data_set_value_component_MP_variable_MP":0.1361073222,"data_set_value_component_MP_variable_vsP":2.4,"data_set_value_component_MP_variable_vmP":2.2,"data_set_value_component_MP_variable_kdmp":0.02,"data_set_value_component_MP_variable_KAP":0.6,"data_set_value_component_MP_variable_KmP":0.3,"data_set_value_component_MC_variable_MC":0.4137390121,"data_set_value_component_MC_variable_vsC":2.2,"data_set_value_component_MC_variable_vmC":2.0,"data_set_value_component_MC_variable_kdmc":0.02,"data_set_value_component_MC_variable_KAC":0.6,"data_set_value_component_MC_variable_KmC":0.4,"data_set_value_component_MB_variable_MB":9.3319791303,"data_set_value_component_MB_variable_vsB":1.8,"data_set_value_component_MB_variable_vmB":1.3,"data_set_value_component_MB_variable_kdmb":0.02,"data_set_value_component_MB_variable_KIB":2.2,"data_set_value_component_MB_variable_KmB":0.4,"data_set_value_component_MR_variable_MR":0.7024017795,"data_set_value_component_MR_variable_vsR":1.6,"data_set_value_component_MR_variable_vmR":1.6,"data_set_value_component_MR_variable_kdmr":0.02,"data_set_value_component_MR_variable_KAR":0.6,"data_set_value_component_MR_variable_KmR":0.4,"data_set_value_component_PC_variable_PC":0.0178390823,"data_set_value_component_CC_variable_CC":1.6495703017,"data_set_value_component_RC_variable_RC":0.1171773673,"data_set_value_component_PCP_variable_PCP":0.0092405467,"data_set_value_component_CCP_variable_CCP":0.1756156448,"data_set_value_component_PCC_variable_PCC":0.024699303,"data_set_value_component_PCN_variable_PCN":0.0309846298,"data_set_value_component_RN_variable_RN":0.0546811828,"data_set_value_component_PCCP_variable_PCCP":0.0127462133,"data_set_value_component_PCNP_variable_PCNP":0.0164957034,"data_set_value_component_BC_variable_BC":1.6111396295,"data_set_value_component_BCP_variable_BCP":0.0943433477,"data_set_value_component_BN_variable_BN":0.5154963766,"data_set_value_component_BNP_variable_BNP":0.0364536176,"data_set_value_component_IN_variable_IN":0.0038688126,"data_set_value_component_model_parameters_variable_k1":0.8,"data_set_value_component_model_parameters_variable_k2":0.4,"data_set_value_component_model_parameters_variable_k3":0.8,"data_set_value_component_model_parameters_variable_k4":0.4,"data_set_value_component_model_parameters_variable_k5":0.8,"data_set_value_component_model_parameters_variable_k6":0.4,"data_set_value_component_model_parameters_variable_k7":1.0,"data_set_value_component_model_parameters_variable_k8":0.2,"data_set_value_component_model_parameters_variable_k9":0.8,"data_set_value_component_model_parameters_variable_k10":0.4,"data_set_value_component_model_parameters_variable_kdnc":0.02,"data_set_value_component_model_parameters_variable_kdn":0.02,"data_set_value_component_model_parameters_variable_ksB":0.32,"data_set_value_component_model_parameters_variable_ksC":3.2,"data_set_value_component_model_parameters_variable_ksP":1.2,"data_set_value_component_model_parameters_variable_ksR":1.7,"data_set_value_component_model_parameters_variable_m":2.0,"data_set_value_component_model_parameters_variable_n":2.0,"data_set_value_component_model_parameters_variable_h":2.0,"data_set_value_component_model_parameters_variable_Kd":0.3,"data_set_value_component_model_parameters_variable_Kdp":0.1,"data_set_value_component_model_parameters_variable_Kp":1.006,"data_set_value_component_model_parameters_variable_V1B":1.4,"data_set_value_component_model_parameters_variable_V1C":1.2,"data_set_value_component_model_parameters_variable_V1P":9.6,"data_set_value_component_model_parameters_variable_V1PC":2.4,"data_set_value_component_model_parameters_variable_V2B":0.2,"data_set_value_component_model_parameters_variable_V2C":0.2,"data_set_value_component_model_parameters_variable_V2P":0.6,"data_set_value_component_model_parameters_variable_V2PC":0.2,"data_set_value_component_model_parameters_variable_V3B":1.4,"data_set_value_component_model_parameters_variable_V3PC":2.4,"data_set_value_component_model_parameters_variable_V4B":0.4,"data_set_value_component_model_parameters_variable_V4PC":0.2,"data_set_value_component_model_parameters_variable_vdBC":3.0,"data_set_value_component_model_parameters_variable_vdBN":3.0,"data_set_value_component_model_parameters_variable_vdCC":1.4,"data_set_value_component_model_parameters_variable_vdIN":1.6,"data_set_value_component_model_parameters_variable_vdPC":3.4,"data_set_value_component_model_parameters_variable_vdPCC":1.4,"data_set_value_component_model_parameters_variable_vdPCN":1.4,"data_set_value_component_model_parameters_variable_vdRC":4.4,"data_set_value_component_model_parameters_variable_vdRN":0.8},{"data_set_value_component_environment_variable_time":1.0,"data_set_value_component_MP_variable_MP":0.1710878018,"data_set_value_component_MP_variable_vsP":2.4,"data_set_value_component_MP_variable_vmP":2.2,"data_set_value_component_MP_variable_kdmp":0.02,"data_set_value_component_MP_variable_KAP":0.6,"data_set_value_component_MP_variable_KmP":0.3,"data_set_value_component_MC_variable_MC":0.4119517439,"data_set_value_component_MC_variable_vsC":2.2,"data_set_value_component_MC_variable_vmC":2.0,"data_set_value_component_MC_variable_kdmc":0.02,"data_set_value_component_MC_variable_KAC":0.6,"data_set_value_component_MC_variable_KmC":0.4,"data_set_value_component_MB_variable_MB":9.3685108123,"data_set_value_component_MB_variable_vsB":1.8,"data_set_value_component_MB_variable_vmB":1.3,"data_set_value_component_MB_variable_kdmb":0.02,"data_set_value_component_MB_variable_KIB":2.2,"data_set_value_component_MB_variable_KmB":0.4,"data_set_value_component_MR_variable_MR":0.6729965022,"data_set_value_component_MR_variable_vsR":1.6,"data_set_value_component_MR_variable_vmR":1.6,"data_set_value_component_MR_variable_kdmr":0.02,"data_set_value_component_MR_variable_KAR":0.6,"data_set_value_component_MR_variable_KmR":0.4,"data_set_value_component_PC_variable_PC":0.0215984667,"data_set_value_component_CC_variable_CC":1.7140098663,"data_set_value_component_RC_variable_RC":0.1072688381,"data_set_value_component_PCP_variable_PCP":0.0110447802,"data_set_value_component_CCP_variable_CCP":0.1849175061,"data_set_value_component_PCC_variable_PCC":0.0222714239,"data_set_value_component_PCN_variable_PCN":0.0261710812,"data_set_value_component_RN_variable_RN":0.0496096415,"data_set_value_component_PCCP_variable_PCCP":0.0108127828,"data_set_value_component_PCNP_variable_PCNP":0.0137577241,"data_set_value_component_BC_variable_BC":1.7183609501,"data_set_value_component_BCP_variable_BCP":0.0985821598,"data_set_value_component_BN_variable_BN":0.5857391341,"data_set_value_component_BNP_variable_BNP":0.0406037616,"data_set_value_component_IN_variable_IN":0.0034378639,"data_set_value_component_model_parameters_variable_k1":0.8,"data_set_value_component_model_parameters_variable_k2":0.4,"data_set_value_component_model_parameters_variable_k3":0.8,"data_set_value_component_model_parameters_variable_k4":0.4,"data_set_value_component_model_parameters_variable_k5":0.8,"data_set_value_component_model_parameters_variable_k6":0.4,"data_set_value_component_model_parameters_variable_k7":1.0,"data_set_value_component_model_parameters_variable_k8":0.2,"data_set_value_component_model_parameters_variable_k9":0.8,"data_set_value_component_model_parameters_variable_k10":0.4,"data_set_value_component_model_parameters_variable_kdnc":0.02,"data_set_value_component_model_parameters_variable_kdn":0.02,"data_set_value_component_model_parameters_variable_ksB":0.32,"data_set_value_component_model_parameters_variable_ksC":3.2,"data_set_value_component_model_parameters_variable_ksP":1.2,"data_set_value_component_model_parameters_variable_ksR":1.7,"data_set_value_component_model_parameters_variable_m":2.0,"data_set_value_component_model_parameters_variable_n":2.0,"data_set_value_component_model_parameters_variable_h":2.0,"data_set_value_component_model_parameters_variable_Kd":0.3,"data_set_value_component_model_parameters_variable_Kdp":0.1,"data_set_value_component_model_parameters_variable_Kp":1.006,"data_set_value_component_model_parameters_variable_V1B":1.4,"data_set_value_component_model_parameters_variable_V1C":1.2,"data_set_value_component_model_parameters_variable_V1P":9.6,"data_set_value_component_model_parameters_variable_V1PC":2.4,"data_set_value_component_model_parameters_variable_V2B":0.2,"data_set_value_component_model_parameters_variable_V2C":0.2,"data_set_value_component_model_parameters_variable_V2P":0.6,"data_set_value_component_model_parameters_variable_V2PC":0.2,"data_set_value_component_model_parameters_variable_V3B":1.4,"data_set_value_component_model_parameters_variable_V3PC":2.4,"data_set_value_component_model_parameters_variable_V4B":0.4,"data_set_value_component_model_parameters_variable_V4PC":0.2,"data_set_value_component_model_parameters_variable_vdBC":3.0,"data_set_value_component_model_parameters_variable_vdBN":3.0,"data_set_value_component_model_parameters_variable_vdCC":1.4,"data_set_value_component_model_parameters_variable_vdIN":1.6,"data_set_value_component_model_parameters_variable_vdPC":3.4,"data_set_value_component_model_parameters_variable_vdPCC":1.4,"data_set_value_component_model_parameters_variable_vdPCN":1.4,"data_set_value_component_model_parameters_variable_vdRC":4.4,"data_set_value_component_model_parameters_variable_vdRN":0.8}]