[{"data_set_value_component_environment_variable_time":0.0,"data_set_value_component_wi_variable_wi":0.061,"data_set_value_component_wo_variable_wo":0.0269,"data_set_value_component_wo_variable_w_tot":0.0879,"data_set_value_component_N_Nai_variable_N_Nai":0.99796,"data_set_value_component_N_Nai_variable_dN_Nai_dt":0.0409049769,"data_set_value_component_N_Ki_variable_N_Ki":5.52782,"data_set_value_component_N_Ki_variable_dN_Ki_dt":-0.028198086,"data_set_value_component_N_HCO3i_variable_N_HCO3i":0.58804,"data_set_value_component_N_HCO3i_variable_dN_HCO3i_dt":0.0082853316,"data_set_value_component_N_Cli_variable_N_Cli":0.32879,"data_set_value_component_N_Nao_variable_N_Nao":4.301041,"data_set_value_component_N_Ko_variable_N_Ko":0.0807,"data_set_value_component_N_HCO3o_variable_N_HCO3o":0.432552,"data_set_value_component_N_Clo_variable_N_Clo":3.949189,"data_set_value_component_Nernst_potentials_variable_ENa":0.058934385,"data_set_value_component_Nernst_potentials_variable_EK":-0.0881066668,"data_set_value_component_Nernst_potentials_variable_ECl":-0.0854317479,"data_set_value_component_J_KCC1_variable_J_KCC1":0.0,"data_set_value_component_J_KCC1_variable_gKCC1":0.000001,"data_set_value_component_J_KCC1_variable_ft":0.0,"data_set_value_component_J_NBC_variable_J_NBC":0.0041426658,"data_set_value_component_J_NBC_variable_gNBC":0.0000903,"data_set_value_component_J_NKCC1_variable_J_NKCC1":0.0,"data_set_value_component_J_NKCC1_variable_gNKCC1":0.00000554,"data_set_value_component_J_NKCC1_variable_ft":0.0,"data_set_value_component_ENBC_variable_ENBC":-0.0853894329,"data_set_value_component_ENBC_variable_zNBC":-1.0,"data_set_value_component_membrane_variable_Vm":-0.0849467686,"data_set_value_component_J_NaKATPase_variable_J_NaKATPase":0.0000000001,"data_set_value_component_J_NaKATPase_variable_Pmax":0.0000000001,"data_set_value_component_J_NaKATPase_variable_K_Nai":10.0,"data_set_value_component_J_NaKATPase_variable_K_Ko":1.5,"data_set_value_component_I_K_variable_I_K":-0.0282378092,"data_set_value_component_I_Cl_variable_I_Cl":0.004427788,"data_set_value_component_I_Na_variable_I_Na":0.0409567646,"data_set_value_component_model_parameters_variable_Nai":16.36,"data_set_value_component_model_parameters_variable_Ki":90.62,"data_set_value_component_model_parameters_variable_Cli":5.39,"data_set_value_component_model_parameters_variable_HCO3i":9.64,"data_set_value_component_model_parameters_variable_Nao":159.89,"data_set_value_component_model_parameters_variable_Ko":3.0,"data_set_value_component_model_parameters_variable_Clo":146.81,"data_set_value_component_model_parameters_variable_HCO3o":16.08,"data_set_value_component_model_parameters_variable_R":8.315,"data_set_value_component_model_parameters_variable_F":96490.0,"data_set_value_component_model_parameters_variable_T":300.0,"data_set_value_component_model_parameters_variable_gNa":0.0001314,"data_set_value_component_model_parameters_variable_gK":0.004,"data_set_value_component_model_parameters_variable_gCl":0.00008797,"data_set_value_component_model_parameters_variable_elementary_charge":1.6e-19,"data_set_value_component_model_parameters_variable_nA":6.0221415e+23,"data_set_value_component_model_parameters_variable_Xi":12.41,"data_set_value_component_model_parameters_variable_kc":0.0735,"data_set_value_component_model_parameters_variable_theta_NBC":1.0,"data_set_value_component_model_parameters_variable_theta_NKCC1":1.0,"data_set_value_component_model_parameters_variable_theta_KCC1":1.0,"data_set_value_component_model_parameters_variable_Lp":0.00021,"data_set_value_component_model_parameters_variable_y":0.0,"data_set_value_component_model_parameters_variable_t0":10.0,"data_set_value_component_model_parameters_variable_t1":20.0,"data_set_value_component_model_parameters_variable_t2":30.0,"data_set_value_component_model_parameters_variable_alpha":2.0,"data_set_value_component_model_parameters_variable_beta":14.0,"data_set_value_component_model_parameters_variable_deltaT":10.0,"data_set_value_component_model_parameters_variable_gamma_alpha_beta":1307674368000.0,"data_set_value_component_model_parameters_variable_gamma_alpha":1.0,"data_set_value_component_model_parameters_variable_gamma_beta":6227020800.0},{"data_set_value_component_environment_variable_time":0.1,"data_set_value_component_wi_variable_wi":0.0609960715,"data_set_value_component_wo_variable_wo":0.0269039285,"data_set_value_component_wo_variable_w_tot":0.0879,"data_set_value_component_N_Nai_variable_N_Nai":1.0008909923,"data_set_value_component_N_Nai_variable_dN_Nai_dt":0.0215078024,"data_set_value_component_N_Ki_variable_N_Ki":5.5264606338,"data_set_value_component_N_Ki_variable_dN_Ki_dt":-0.0055119972,"data_set_value_component_N_HCO3i_variable_N_HCO3i":0.5890343127,"data_set_value_component_N_HCO3i_variable_dN_HCO3i_dt":0.0098476436,"data_set_value_component_N_Cli_variable_N_Cli":0.3313559387,"data_set_value_component_N_Nao_variable_N_Nao":4.2981100077,"data_set_value_component_N_Ko_variable_N_Ko":0.0820593662,"data_set_value_component_N_HCO3o_variable_N_HCO3o":0.4315576873,"data_set_value_component_N_Clo_variable_N_Clo":3.9486116867,"data_set_value_component_Nernst_potentials_variable_ENa":0.0588355045,"data_set_value_component_Nernst_potentials_variable_EK":-0.0876739,"data_set_value_component_Nernst_potentials_variable_ECl":-0.0852215542,"data_set_value_component_J_KCC1_variable_J_KCC1":0.0,"data_set_value_component_J_KCC1_variable_gKCC1":0.000001,"data_set_value_component_J_KCC1_variable_ft":0.0,"data_set_value_component_J_NBC_variable_J_NBC":0.0049238218,"data_set_value_component_J_NBC_variable_gNBC":0.0000903,"data_set_value_component_J_NKCC1_variable_J_NKCC1":0.0,"data_set_value_component_J_NKCC1_variable_gNKCC1":0.00000554,"data_set_value_component_J_NKCC1_variable_ft":0.0,"data_set_value_component_ENBC_variable_ENBC":-0.085073327,"data_set_value_component_ENBC_variable_zNBC":-1.0,"data_set_value_component_membrane_variable_Vm":-0.0845471924,"data_set_value_component_J_NaKATPase_variable_J_NaKATPase":0.0000000001,"data_set_value_component_J_NaKATPase_variable_Pmax":0.0000000001,"data_set_value_component_J_NaKATPase_variable_K_Nai":10.0,"data_set_value_component_J_NaKATPase_variable_K_Ko":1.5,"data_set_value_component_I_K_variable_I_K":-0.005519762,"data_set_value_component_I_Cl_variable_I_Cl":0.0061568226,"data_set_value_component_I_Na_variable_I_Na":0.0215311645,"data_set_value_component_model_parameters_variable_Nai":16.4091058296,"data_set_value_component_model_parameters_variable_Ki":90.6035503392,"data_set_value_component_model_parameters_variable_Cli":5.4324144269,"data_set_value_component_model_parameters_variable_HCO3i":9.6569221314,"data_set_value_component_model_parameters_variable_Nao":159.7577099637,"data_set_value_component_model_parameters_variable_Ko":3.0500886219,"data_set_value_component_model_parameters_variable_Clo":146.7671044862,"data_set_value_component_model_parameters_variable_HCO3o":16.0406940994,"data_set_value_component_model_parameters_variable_R":8.315,"data_set_value_component_model_parameters_variable_F":96490.0,"data_set_value_component_model_parameters_variable_T":300.0,"data_set_value_component_model_parameters_variable_gNa":0.0001314,"data_set_value_component_model_parameters_variable_gK":0.004,"data_set_value_component_model_parameters_variable_gCl":0.00008797,"data_set_value_component_model_parameters_variable_elementary_charge":1.6e-19,"data_set_value_component_model_parameters_variable_nA":6.0221415e+23,"data_set_value_component_model_parameters_variable_Xi":12.41,"data_set_value_component_model_parameters_variable_kc":0.0735,"data_set_value_component_model_parameters_variable_theta_NBC":1.0,"data_set_value_component_model_parameters_variable_theta_NKCC1":1.0,"data_set_value_component_model_parameters_variable_theta_KCC1":1.0,"data_set_value_component_model_parameters_variable_Lp":0.00021,"data_set_value_component_model_parameters_variable_y":0.0,"data_set_value_component_model_parameters_variable_t0":10.0,"data_set_value_component_model_parameters_variable_t1":20.0,"data_set_value_component_model_parameters_variable_t2":30.0,"data_set_value_component_model_parameters_variable_alpha":2.0,"data_set_value_component_model_parameters_variable_beta":14.0,"data_set_value_component_model_parameters_variable_deltaT":10.0,"data_set_value_component_model_parameters_variable_gamma_alpha_beta":1307674368000.0,"data_set_value_component_model_parameters_variable_gamma_alpha":1.0,"data_set_value_component_model_parameters_variable_gamma_beta":6227020800.0},{"data_set_value_component_environment_variable_time":0.2,"data_set_value_component_wi_variable_wi":0.0609968215,"data_set_value_component_wo_variable_wo":0.0269031785,"data_set_value_component_wo_variable_w_tot":0.0879,"data_set_value_component_N_Nai_variable_N_Nai":1.0026328704,"data_set_value_component_N_Nai_variable_dN_Nai_dt":0.0142204183,"data_set_value_component_N_Ki_variable_N_Ki":5.5261579681,"data_set_value_component_N_Ki_variable_dN_Ki_dt":-0.0015692601,"data_set_value_component_N_HCO3i_variable_N_HCO3i":0.5898941496,"data_set_value_component_N_HCO3i_variable_dN_HCO3i_dt":0.0072959915,"data_set_value_component_N_Cli_variable_N_Cli":0.3336549882,"data_set_value_component_N_Nao_variable_N_Nao":4.2963681296,"data_set_value_component_N_Ko_variable_N_Ko":0.0823620319,"data_set_value_component_N_HCO3o_variable_N_HCO3o":0.4306978504,"data_set_value_component_N_Clo_variable_N_Clo":3.9480323111,"data_set_value_component_Nernst_potentials_variable_ENa":0.0587811113,"data_set_value_component_Nernst_potentials_variable_EK":-0.0875762675,"data_set_value_component_Nernst_potentials_variable_ECl":-0.0850400466,"data_set_value_component_J_KCC1_variable_J_KCC1":0.0,"data_set_value_component_J_KCC1_variable_gKCC1":0.000001,"data_set_value_component_J_KCC1_variable_ft":0.0,"data_set_value_component_J_NBC_variable_J_NBC":0.0036479957,"data_set_value_component_J_NBC_variable_gNBC":0.0000903,"data_set_value_component_J_NKCC1_variable_J_NKCC1":0.0,"data_set_value_component_J_NKCC1_variable_gNKCC1":0.00000554,"data_set_value_component_J_NKCC1_variable_ft":0.0,"data_set_value_component_ENBC_variable_ENBC":-0.0848424709,"data_set_value_component_ENBC_variable_zNBC":-1.0,"data_set_value_component_membrane_variable_Vm":-0.0844526645,"data_set_value_component_J_NaKATPase_variable_J_NaKATPase":0.0000000001,"data_set_value_component_J_NaKATPase_variable_Pmax":0.0000000001,"data_set_value_component_J_NaKATPase_variable_K_Nai":10.0,"data_set_value_component_J_NaKATPase_variable_K_Ko":1.5,"data_set_value_component_I_K_variable_I_K":-0.0015714707,"data_set_value_component_I_Cl_variable_I_Cl":0.0053627107,"data_set_value_component_I_Na_variable_I_Na":0.0142353119,"data_set_value_component_model_parameters_variable_Nai":16.4374609232,"data_set_value_component_model_parameters_variable_Ki":90.5974742492,"data_set_value_component_model_parameters_variable_Cli":5.4700389264,"data_set_value_component_model_parameters_variable_HCO3i":9.6708998077,"data_set_value_component_model_parameters_variable_Nao":159.6974177202,"data_set_value_component_model_parameters_variable_Ko":3.0614238372,"data_set_value_component_model_parameters_variable_Clo":146.7496606759,"data_set_value_component_model_parameters_variable_HCO3o":16.0091808816,"data_set_value_component_model_parameters_variable_R":8.315,"data_set_value_component_model_parameters_variable_F":96490.0,"data_set_value_component_model_parameters_variable_T":300.0,"data_set_value_component_model_parameters_variable_gNa":0.0001314,"data_set_value_component_model_parameters_variable_gK":0.004,"data_set_value_component_model_parameters_variable_gCl":0.00008797,"data_set_value_component_model_parameters_variable_elementary_charge":1.6e-19,"data_set_value_component_model_parameters_variable_nA":6.0221415e+23,"data_set_value_component_model_parameters_variable_Xi":12.41,"data_set_value_component_model_parameters_variable_kc":0.0735,"data_set_value_component_model_parameters_variable_theta_NBC":1.0,"data_set_value_component_model_parameters_variable_theta_NKCC1":1.0,"data_set_value_component_model_parameters_variable_theta_KCC1":1.0,"data_set_value_component_model_parameters_variable_Lp":0.00021,"data_set_value_component_model_parameters_variable_y":0.0,"data_set_value_component_model_parameters_variable_t0":10.0,"data_set_value_component_model_parameters_variable_t1":20.0,"data_set_value_component_model_parameters_variable_t2":30.0,"data_set_value_component_model_parameters_variable_alpha":2.0,"data_set_value_component_model_parameters_variable_beta":14.0,"data_set_value_component_model_parameters_variable_deltaT":10.0,"data_set_value_component_model_parameters_variable_gamma_alpha_beta":1307674368000.0,"data_set_value_component_model_parameters_variable_gamma_alpha":1.0,"data_set_value_component_model_parameters_variable_gamma_beta":6227020800.0},{"data_set_value_component_environment_variable_time":0.3,"data_set_value_component_wi_variable_wi":0.0610001333,"data_set_value_component_wo_variable_wo":0.0268998667,"data_set_value_component_wo_variable_w_tot":0.0879,"data_set_value_component_N_Nai_variable_N_Nai":1.0038395456,"data_set_value_component_N_Nai_variable_dN_Nai_dt":0.0102478267,"data_set_value_component_N_Ki_variable_N_Ki":5.5260580991,"data_set_value_component_N_Ki_variable_dN_Ki_dt":-0.0006173036,"data_set_value_component_N_HCO3i_variable_N_HCO3i":0.5905098625,"data_set_value_component_N_HCO3i_variable_dN_HCO3i_dt":0.0051375212,"data_set_value_component_N_Cli_variable_N_Cli":0.3353775071,"data_set_value_component_N_Nao_variable_N_Nao":4.2951614544,"data_set_value_component_N_Ko_variable_N_Ko":0.0824619009,"data_set_value_component_N_HCO3o_variable_N_HCO3o":0.4300821375,"data_set_value_component_N_Clo_variable_N_Clo":3.9475412178,"data_set_value_component_Nernst_potentials_variable_ENa":0.0587473408,"data_set_value_component_Nernst_potentials_variable_EK":-0.0875398854,"data_set_value_component_Nernst_potentials_variable_ECl":-0.0849082952,"data_set_value_component_J_KCC1_variable_J_KCC1":0.0,"data_set_value_component_J_KCC1_variable_gKCC1":0.000001,"data_set_value_component_J_KCC1_variable_ft":0.0,"data_set_value_component_J_NBC_variable_J_NBC":0.0025687606,"data_set_value_component_J_NBC_variable_gNBC":0.0000903,"data_set_value_component_J_NKCC1_variable_J_NKCC1":0.0,"data_set_value_component_J_NKCC1_variable_gNKCC1":0.00000554,"data_set_value_component_J_NKCC1_variable_ft":0.0,"data_set_value_component_ENBC_variable_ENBC":-0.0846899644,"data_set_value_component_ENBC_variable_zNBC":-1.0,"data_set_value_component_membrane_variable_Vm":-0.0844154797,"data_set_value_component_J_NaKATPase_variable_J_NaKATPase":0.0000000001,"data_set_value_component_J_NaKATPase_variable_Pmax":0.0000000001,"data_set_value_component_J_NaKATPase_variable_K_Nai":10.0,"data_set_value_component_J_NaKATPase_variable_K_Ko":1.5,"data_set_value_component_I_K_variable_I_K":-0.0006181732,"data_set_value_component_I_Cl_variable_I_Cl":0.0044993313,"data_set_value_component_I_Na_variable_I_Na":0.0102586443,"data_set_value_component_model_parameters_variable_Nai":16.4563500303,"data_set_value_component_model_parameters_variable_Ki":90.5909184043,"data_set_value_component_model_parameters_variable_Cli":5.4979799051,"data_set_value_component_model_parameters_variable_HCO3i":9.6804683932,"data_set_value_component_model_parameters_variable_Nao":159.6722208123,"data_set_value_component_model_parameters_variable_Ko":3.0655133672,"data_set_value_component_model_parameters_variable_Clo":146.7494713954,"data_set_value_component_model_parameters_variable_HCO3o":15.9882627841,"data_set_value_component_model_parameters_variable_R":8.315,"data_set_value_component_model_parameters_variable_F":96490.0,"data_set_value_component_model_parameters_variable_T":300.0,"data_set_value_component_model_parameters_variable_gNa":0.0001314,"data_set_value_component_model_parameters_variable_gK":0.004,"data_set_value_component_model_parameters_variable_gCl":0.00008797,"data_set_value_component_model_parameters_variable_elementary_charge":1.6e-19,"data_set_value_component_model_parameters_variable_nA":6.0221415e+23,"data_set_value_component_model_parameters_variable_Xi":12.41,"data_set_value_component_model_parameters_variable_kc":0.0735,"data_set_value_component_model_parameters_variable_theta_NBC":1.0,"data_set_value_component_model_parameters_variable_theta_NKCC1":1.0,"data_set_value_component_model_parameters_variable_theta_KCC1":1.0,"data_set_value_component_model_parameters_variable_Lp":0.00021,"data_set_value_component_model_parameters_variable_y":0.0,"data_set_value_component_model_parameters_variable_t0":10.0,"data_set_value_component_model_parameters_variable_t1":20.0,"data_set_value_component_model_parameters_variable_t2":30.0,"data_set_value_component_model_parameters_variable_alpha":2.0,"data_set_value_component_model_parameters_variable_beta":14.0,"data_set_value_component_model_parameters_variable_deltaT":10.0,"data_set_value_component_model_parameters_variable_gamma_alpha_beta":1307674368000.0,"data_set_value_component_model_parameters_variable_gamma_alpha":1.0,"data_set_value_component_model_parameters_variable_gamma_beta":6227020800.0},{"data_set_value_component_environment_variable_time":0.4,"data_set_value_component_wi_variable_wi":0.0610045382,"data_set_value_component_wo_variable_wo":0.0268954618,"data_set_value_component_wo_variable_w_tot":0.0879,"data_set_value_component_N_Nai_variable_N_Nai":1.0047296873,"data_set_value_component_N_Nai_variable_dN_Nai_dt":0.0077281652,"data_set_value_component_N_Ki_variable_N_Ki":5.5260160243,"data_set_value_component_N_Ki_variable_dN_Ki_dt":-0.0002698195,"data_set_value_component_N_HCO3i_variable_N_HCO3i":0.5909441848,"data_set_value_component_N_HCO3i_variable_dN_HCO3i_dt":0.0036464691,"data_set_value_component_N_Cli_variable_N_Cli":0.3366598964,"data_set_value_component_N_Nao_variable_N_Nao":4.2942713127,"data_set_value_component_N_Ko_variable_N_Ko":0.0825039757,"data_set_value_component_N_HCO3o_variable_N_HCO3o":0.4296478152,"data_set_value_component_N_Clo_variable_N_Clo":3.9471274732,"data_set_value_component_Nernst_potentials_variable_ENa":0.0587251689,"data_set_value_component_Nernst_potentials_variable_EK":-0.0875204006,"data_set_value_component_Nernst_potentials_variable_ECl":-0.0848130221,"data_set_value_component_J_KCC1_variable_J_KCC1":0.0,"data_set_value_component_J_KCC1_variable_gKCC1":0.000001,"data_set_value_component_J_KCC1_variable_ft":0.0,"data_set_value_component_J_NBC_variable_J_NBC":0.0018232345,"data_set_value_component_J_NBC_variable_gNBC":0.0000903,"data_set_value_component_J_NKCC1_variable_J_NKCC1":0.0,"data_set_value_component_J_NKCC1_variable_gNKCC1":0.00000554,"data_set_value_component_J_NKCC1_variable_ft":0.0,"data_set_value_component_ENBC_variable_ENBC":-0.0845897375,"data_set_value_component_ENBC_variable_zNBC":-1.0,"data_set_value_component_membrane_variable_Vm":-0.0843949159,"data_set_value_component_J_NaKATPase_variable_J_NaKATPase":0.0000000001,"data_set_value_component_J_NaKATPase_variable_Pmax":0.0000000001,"data_set_value_component_J_NaKATPase_variable_K_Nai":10.0,"data_set_value_component_J_NaKATPase_variable_K_Ko":1.5,"data_set_value_component_I_K_variable_I_K":-0.0002701996,"data_set_value_component_I_Cl_variable_I_Cl":0.0038172465,"data_set_value_component_I_Na_variable_I_Na":0.0077364836,"data_set_value_component_model_parameters_variable_Nai":16.4697531732,"data_set_value_component_model_parameters_variable_Ki":90.5836874313,"data_set_value_component_model_parameters_variable_Cli":5.5186041246,"data_set_value_component_model_parameters_variable_HCO3i":9.6868889068,"data_set_value_component_model_parameters_variable_Nao":159.6652755677,"data_set_value_component_model_parameters_variable_Ko":3.0675798205,"data_set_value_component_model_parameters_variable_Clo":146.7581225828,"data_set_value_component_model_parameters_variable_HCO3o":15.9747328053,"data_set_value_component_model_parameters_variable_R":8.315,"data_set_value_component_model_parameters_variable_F":96490.0,"data_set_value_component_model_parameters_variable_T":300.0,"data_set_value_component_model_parameters_variable_gNa":0.0001314,"data_set_value_component_model_parameters_variable_gK":0.004,"data_set_value_component_model_parameters_variable_gCl":0.00008797,"data_set_value_component_model_parameters_variable_elementary_charge":1.6e-19,"data_set_value_component_model_parameters_variable_nA":6.0221415e+23,"data_set_value_component_model_parameters_variable_Xi":12.41,"data_set_value_component_model_parameters_variable_kc":0.0735,"data_set_value_component_model_parameters_variable_theta_NBC":1.0,"data_set_value_component_model_parameters_variable_theta_NKCC1":1.0,"data_set_value_component_model_parameters_variable_theta_KCC1":1.0,"data_set_value_component_model_parameters_variable_Lp":0.00021,"data_set_value_component_model_parameters_variable_y":0.0,"data_set_value_component_model_parameters_variable_t0":10.0,"data_set_value_component_model_parameters_variable_t1":20.0,"data_set_value_component_model_parameters_variable_t2":30.0,"data_set_value_component_model_parameters_variable_alpha":2.0,"data_set_value_component_model_parameters_variable_beta":14.0,"data_set_value_component_model_parameters_variable_deltaT":10.0,"data_set_value_component_model_parameters_variable_gamma_alpha_beta":1307674368000.0,"data_set_value_component_model_parameters_variable_gamma_alpha":1.0,"data_set_value_component_model_parameters_variable_gamma_beta":6227020800.0},{"data_set_value_component_environment_variable_time":0.5,"data_set_value_component_wi_variable_wi":0.0610092067,"data_set_value_component_wo_variable_wo":0.0268907933,"data_set_value_component_wo_variable_w_tot":0.0879,"data_set_value_component_N_Nai_variable_N_Nai":1.0054123096,"data_set_value_component_N_Nai_variable_dN_Nai_dt":0.0060267754,"data_set_value_component_N_Ki_variable_N_Ki":5.5259982116,"data_set_value_component_N_Ki_variable_dN_Ki_dt":-0.0001024501,"data_set_value_component_N_HCO3i_variable_N_HCO3i":0.5912551872,"data_set_value_component_N_HCO3i_variable_dN_HCO3i_dt":0.0026379803,"data_set_value_component_N_Cli_variable_N_Cli":0.3376357084,"data_set_value_component_N_Nao_variable_N_Nao":4.2935886904,"data_set_value_component_N_Ko_variable_N_Ko":0.0825217884,"data_set_value_component_N_HCO3o_variable_N_HCO3o":0.4293368128,"data_set_value_component_N_Clo_variable_N_Clo":3.946773666,"data_set_value_component_Nernst_potentials_variable_ENa":0.0587099667,"data_set_value_component_Nernst_potentials_variable_EK":-0.0875082702,"data_set_value_component_Nernst_potentials_variable_ECl":-0.0847423456,"data_set_value_component_J_KCC1_variable_J_KCC1":0.0,"data_set_value_component_J_KCC1_variable_gKCC1":0.000001,"data_set_value_component_J_KCC1_variable_ft":0.0,"data_set_value_component_J_NBC_variable_J_NBC":0.0013189902,"data_set_value_component_J_NBC_variable_gNBC":0.0000903,"data_set_value_component_J_NKCC1_variable_J_NKCC1":0.0,"data_set_value_component_J_NKCC1_variable_gNKCC1":0.00000554,"data_set_value_component_J_NKCC1_variable_ft":0.0,"data_set_value_component_ENBC_variable_ENBC":-0.0845228231,"data_set_value_component_ENBC_variable_zNBC":-1.0,"data_set_value_component_membrane_variable_Vm":-0.0843818825,"data_set_value_component_J_NaKATPase_variable_J_NaKATPase":0.0000000001,"data_set_value_component_J_NaKATPase_variable_Pmax":0.0000000001,"data_set_value_component_J_NaKATPase_variable_K_Nai":10.0,"data_set_value_component_J_NaKATPase_variable_K_Ko":1.5,"data_set_value_component_I_K_variable_I_K":-0.0001025944,"data_set_value_component_I_Cl_variable_I_Cl":0.0032909745,"data_set_value_component_I_Na_variable_I_Na":0.0060334073,"data_set_value_component_model_parameters_variable_Nai":16.479681747,"data_set_value_component_model_parameters_variable_Ki":90.576464,"data_set_value_component_model_parameters_variable_Cli":5.5341763447,"data_set_value_component_model_parameters_variable_HCO3i":9.6912452966,"data_set_value_component_model_parameters_variable_Nao":159.6676095703,"data_set_value_component_model_parameters_variable_Ko":3.0687747799,"data_set_value_component_model_parameters_variable_Clo":146.7704436082,"data_set_value_component_model_parameters_variable_HCO3o":15.965940742,"data_set_value_component_model_parameters_variable_R":8.315,"data_set_value_component_model_parameters_variable_F":96490.0,"data_set_value_component_model_parameters_variable_T":300.0,"data_set_value_component_model_parameters_variable_gNa":0.0001314,"data_set_value_component_model_parameters_variable_gK":0.004,"data_set_value_component_model_parameters_variable_gCl":0.00008797,"data_set_value_component_model_parameters_variable_elementary_charge":1.6e-19,"data_set_value_component_model_parameters_variable_nA":6.0221415e+23,"data_set_value_component_model_parameters_variable_Xi":12.41,"data_set_value_component_model_parameters_variable_kc":0.0735,"data_set_value_component_model_parameters_variable_theta_NBC":1.0,"data_set_value_component_model_parameters_variable_theta_NKCC1":1.0,"data_set_value_component_model_parameters_variable_theta_KCC1":1.0,"data_set_value_component_model_parameters_variable_Lp":0.00021,"data_set_value_component_model_parameters_variable_y":0.0,"data_set_value_component_model_parameters_variable_t0":10.0,"data_set_value_component_model_parameters_variable_t1":20.0,"data_set_value_component_model_parameters_variable_t2":30.0,"data_set_value_component_model_parameters_variable_alpha":2.0,"data_set_value_component_model_parameters_variable_beta":14.0,"data_set_value_component_model_parameters_variable_deltaT":10.0,"data_set_value_component_model_parameters_variable_gamma_alpha_beta":1307674368000.0,"data_set_value_component_model_parameters_variable_gamma_alpha":1.0,"data_set_value_component_model_parameters_variable_gamma_beta":6227020800.0},{"data_set_value_component_environment_variable_time":0.6,"data_set_value_component_wi_variable_wi":0.0610137114,"data_set_value_component_wo_variable_wo":0.0268862886,"data_set_value_component_wo_variable_w_tot":0.0879,"data_set_value_component_N_Nai_variable_N_Nai":1.0059519993,"data_set_value_component_N_Nai_variable_dN_Nai_dt":0.0048330749,"data_set_value_component_N_Ki_variable_N_Ki":5.5259928366,"data_set_value_component_N_Ki_variable_dN_Ki_dt":-0.0000137295,"data_set_value_component_N_HCO3i_variable_N_HCO3i":0.591482315,"data_set_value_component_N_HCO3i_variable_dN_HCO3i_dt":0.0019463587,"data_set_value_component_N_Cli_variable_N_Cli":0.3383971508,"data_set_value_component_N_Nao_variable_N_Nao":4.2930490007,"data_set_value_component_N_Ko_variable_N_Ko":0.0825271634,"data_set_value_component_N_HCO3o_variable_N_HCO3o":0.429109685,"data_set_value_component_N_Clo_variable_N_Clo":3.9464664791,"data_set_value_component_Nernst_potentials_variable_ENa":0.0586990835,"data_set_value_component_Nernst_potentials_variable_EK":-0.0875003213,"data_set_value_component_Nernst_potentials_variable_ECl":-0.0846883361,"data_set_value_component_J_KCC1_variable_J_KCC1":0.0,"data_set_value_component_J_KCC1_variable_gKCC1":0.000001,"data_set_value_component_J_KCC1_variable_ft":0.0,"data_set_value_component_J_NBC_variable_J_NBC":0.0009731793,"data_set_value_component_J_NBC_variable_gNBC":0.0000903,"data_set_value_component_J_NKCC1_variable_J_NKCC1":0.0,"data_set_value_component_J_NKCC1_variable_gNKCC1":0.00000554,"data_set_value_component_J_NKCC1_variable_ft":0.0,"data_set_value_component_ENBC_variable_ENBC":-0.0844772012,"data_set_value_component_ENBC_variable_zNBC":-1.0,"data_set_value_component_membrane_variable_Vm":-0.0843732122,"data_set_value_component_J_NaKATPase_variable_J_NaKATPase":0.0000000001,"data_set_value_component_J_NaKATPase_variable_Pmax":0.0000000001,"data_set_value_component_J_NaKATPase_variable_K_Nai":10.0,"data_set_value_component_J_NaKATPase_variable_K_Ko":1.5,"data_set_value_component_I_K_variable_I_K":-0.0000137489,"data_set_value_component_I_Cl_variable_I_Cl":0.0028770339,"data_set_value_component_I_Na_variable_I_Na":0.0048385124,"data_set_value_component_model_parameters_variable_Nai":16.4873104097,"data_set_value_component_model_parameters_variable_Ki":90.5696884957,"data_set_value_component_model_parameters_variable_Cli":5.5462476057,"data_set_value_component_model_parameters_variable_HCO3i":9.6942523453,"data_set_value_component_model_parameters_variable_Nao":159.6742885019,"data_set_value_component_model_parameters_variable_Ko":3.0694888643,"data_set_value_component_model_parameters_variable_Clo":146.7836092811,"data_set_value_component_model_parameters_variable_HCO3o":15.9601680852,"data_set_value_component_model_parameters_variable_R":8.315,"data_set_value_component_model_parameters_variable_F":96490.0,"data_set_value_component_model_parameters_variable_T":300.0,"data_set_value_component_model_parameters_variable_gNa":0.0001314,"data_set_value_component_model_parameters_variable_gK":0.004,"data_set_value_component_model_parameters_variable_gCl":0.00008797,"data_set_value_component_model_parameters_variable_elementary_charge":1.6e-19,"data_set_value_component_model_parameters_variable_nA":6.0221415e+23,"data_set_value_component_model_parameters_variable_Xi":12.41,"data_set_value_component_model_parameters_variable_kc":0.0735,"data_set_value_component_model_parameters_variable_theta_NBC":1.0,"data_set_value_component_model_parameters_variable_theta_NKCC1":1.0,"data_set_value_component_model_parameters_variable_theta_KCC1":1.0,"data_set_value_component_model_parameters_variable_Lp":0.00021,"data_set_value_component_model_parameters_variable_y":0.0,"data_set_value_component_model_parameters_variable_t0":10.0,"data_set_value_component_model_parameters_variable_t1":20.0,"data_set_value_component_model_parameters_variable_t2":30.0,"data_set_value_component_model_parameters_variable_alpha":2.0,"data_set_value_component_model_parameters_variable_beta":14.0,"data_set_value_component_model_parameters_variable_deltaT":10.0,"data_set_value_component_model_parameters_variable_gamma_alpha_beta":1307674368000.0,"data_set_value_component_model_parameters_variable_gamma_alpha":1.0,"data_set_value_component_model_parameters_variable_gamma_beta":6227020800.0},{"data_set_value_component_environment_variable_time":0.7,"data_set_value_component_wi_variable_wi":0.0610178535,"data_set_value_component_wo_variable_wo":0.0268821465,"data_set_value_component_wo_variable_w_tot":0.0879,"data_set_value_component_N_Nai_variable_N_Nai":1.0063898724,"data_set_value_component_N_Nai_variable_dN_Nai_dt":0.003966837,"data_set_value_component_N_Ki_variable_N_Ki":5.5259940999,"data_set_value_component_N_Ki_variable_dN_Ki_dt":0.0000344973,"data_set_value_component_N_HCO3i_variable_N_HCO3i":0.5916513638,"data_set_value_component_N_HCO3i_variable_dN_HCO3i_dt":0.0014614617,"data_set_value_component_N_Cli_variable_N_Cli":0.339005336,"data_set_value_component_N_Nao_variable_N_Nao":4.2926111276,"data_set_value_component_N_Ko_variable_N_Ko":0.0825259001,"data_set_value_component_N_HCO3o_variable_N_HCO3o":0.4289406362,"data_set_value_component_N_Clo_variable_N_Clo":3.9461963915,"data_set_value_component_Nernst_potentials_variable_ENa":0.0586909339,"data_set_value_component_Nernst_potentials_variable_EK":-0.0874949849,"data_set_value_component_Nernst_potentials_variable_ECl":-0.0846458832,"data_set_value_component_J_KCC1_variable_J_KCC1":0.0,"data_set_value_component_J_KCC1_variable_gKCC1":0.000001,"data_set_value_component_J_KCC1_variable_ft":0.0,"data_set_value_component_J_NBC_variable_J_NBC":0.0007307309,"data_set_value_component_J_NBC_variable_gNBC":0.0000903,"data_set_value_component_J_NKCC1_variable_J_NKCC1":0.0,"data_set_value_component_J_NKCC1_variable_gNKCC1":0.00000554,"data_set_value_component_J_NKCC1_variable_ft":0.0,"data_set_value_component_ENBC_variable_ENBC":-0.0844453792,"data_set_value_component_ENBC_variable_zNBC":-1.0,"data_set_value_component_membrane_variable_Vm":-0.084367297,"data_set_value_component_J_NaKATPase_variable_J_NaKATPase":0.0000000001,"data_set_value_component_J_NaKATPase_variable_Pmax":0.0000000001,"data_set_value_component_J_NaKATPase_variable_K_Nai":10.0,"data_set_value_component_J_NaKATPase_variable_K_Ko":1.5,"data_set_value_component_I_K_variable_I_K":0.0000345459,"data_set_value_component_I_Cl_variable_I_Cl":0.0025434505,"data_set_value_component_I_Na_variable_I_Na":0.0039713957,"data_set_value_component_model_parameters_variable_Nai":16.4933673518,"data_set_value_component_model_parameters_variable_Ki":90.5635610787,"data_set_value_component_model_parameters_variable_Cli":5.5558384428,"data_set_value_component_model_parameters_variable_HCO3i":9.6963647537,"data_set_value_component_model_parameters_variable_Nao":159.6826028516,"data_set_value_component_model_parameters_variable_Ko":3.0699148229,"data_set_value_component_model_parameters_variable_Clo":146.7961789273,"data_set_value_component_model_parameters_variable_HCO3o":15.9563387473,"data_set_value_component_model_parameters_variable_R":8.315,"data_set_value_component_model_parameters_variable_F":96490.0,"data_set_value_component_model_parameters_variable_T":300.0,"data_set_value_component_model_parameters_variable_gNa":0.0001314,"data_set_value_component_model_parameters_variable_gK":0.004,"data_set_value_component_model_parameters_variable_gCl":0.00008797,"data_set_value_component_model_parameters_variable_elementary_charge":1.6e-19,"data_set_value_component_model_parameters_variable_nA":6.0221415e+23,"data_set_value_component_model_parameters_variable_Xi":12.41,"data_set_value_component_model_parameters_variable_kc":0.0735,"data_set_value_component_model_parameters_variable_theta_NBC":1.0,"data_set_value_component_model_parameters_variable_theta_NKCC1":1.0,"data_set_value_component_model_parameters_variable_theta_KCC1":1.0,"data_set_value_component_model_parameters_variable_Lp":0.00021,"data_set_value_component_model_parameters_variable_y":0.0,"data_set_value_component_model_parameters_variable_t0":10.0,"data_set_value_component_model_parameters_variable_t1":20.0,"data_set_value_component_model_parameters_variable_t2":30.0,"data_set_value_component_model_parameters_variable_alpha":2.0,"data_set_value_component_model_parameters_variable_beta":14.0,"data_set_value_component_model_parameters_variable_deltaT":10.0,"data_set_value_component_model_parameters_variable_gamma_alpha_beta":1307674368000.0,"data_set_value_component_model_parameters_variable_gamma_alpha":1.0,"data_set_value_component_model_parameters_variable_gamma_beta":6227020800.0},{"data_set_value_component_environment_variable_time":0.8,"data_set_value_component_wi_variable_wi":0.0610215621,"data_set_value_component_wo_variable_wo":0.0268784379,"data_set_value_component_wo_variable_w_tot":0.0879,"data_set_value_component_N_Nai_variable_N_Nai":1.0067527761,"data_set_value_component_N_Nai_variable_dN_Nai_dt":0.0033192024,"data_set_value_component_N_Ki_variable_N_Ki":5.5259989141,"data_set_value_component_N_Ki_variable_dN_Ki_dt":0.0000593912,"data_set_value_component_N_HCO3i_variable_N_HCO3i":0.5917792294,"data_set_value_component_N_HCO3i_variable_dN_HCO3i_dt":0.0011133137,"data_set_value_component_N_Cli_variable_N_Cli":0.3395009195,"data_set_value_component_N_Nao_variable_N_Nao":4.2922482239,"data_set_value_component_N_Ko_variable_N_Ko":0.0825210859,"data_set_value_component_N_HCO3o_variable_N_HCO3o":0.4288127706,"data_set_value_component_N_Clo_variable_N_Clo":3.9459565392,"data_set_value_component_Nernst_potentials_variable_ENa":0.0586845656,"data_set_value_component_Nernst_potentials_variable_EK":-0.0874913775,"data_set_value_component_Nernst_potentials_variable_ECl":-0.0846116845,"data_set_value_component_J_KCC1_variable_J_KCC1":0.0,"data_set_value_component_J_KCC1_variable_gKCC1":0.000001,"data_set_value_component_J_KCC1_variable_ft":0.0,"data_set_value_component_J_NBC_variable_J_NBC":0.0005566569,"data_set_value_component_J_NBC_variable_gNBC":0.0000903,"data_set_value_component_J_NKCC1_variable_J_NKCC1":0.0,"data_set_value_component_J_NKCC1_variable_gNKCC1":0.00000554,"data_set_value_component_J_NKCC1_variable_ft":0.0,"data_set_value_component_ENBC_variable_ENBC":-0.0844226985,"data_set_value_component_ENBC_variable_zNBC":-1.0,"data_set_value_component_membrane_variable_Vm":-0.084363217,"data_set_value_component_J_NaKATPase_variable_J_NaKATPase":0.0000000001,"data_set_value_component_J_NaKATPase_variable_Pmax":0.0000000001,"data_set_value_component_J_NaKATPase_variable_K_Nai":10.0,"data_set_value_component_J_NaKATPase_variable_K_Ko":1.5,"data_set_value_component_I_K_variable_I_K":0.0000594748,"data_set_value_component_I_Cl_variable_I_Cl":0.002268471,"data_set_value_component_I_Na_variable_I_Na":0.0033230941,"data_set_value_component_model_parameters_variable_Nai":16.4983121029,"data_set_value_component_model_parameters_variable_Ki":90.5581359508,"data_set_value_component_model_parameters_variable_Cli":5.5636222348,"data_set_value_component_model_parameters_variable_HCO3i":9.6978708721,"data_set_value_component_model_parameters_variable_Nao":159.6911336692,"data_set_value_component_model_parameters_variable_Ko":3.0701592906,"data_set_value_component_model_parameters_variable_Clo":146.8075097913,"data_set_value_component_model_parameters_variable_HCO3o":15.9537831685,"data_set_value_component_model_parameters_variable_R":8.315,"data_set_value_component_model_parameters_variable_F":96490.0,"data_set_value_component_model_parameters_variable_T":300.0,"data_set_value_component_model_parameters_variable_gNa":0.0001314,"data_set_value_component_model_parameters_variable_gK":0.004,"data_set_value_component_model_parameters_variable_gCl":0.00008797,"data_set_value_component_model_parameters_variable_elementary_charge":1.6e-19,"data_set_value_component_model_parameters_variable_nA":6.0221415e+23,"data_set_value_component_model_parameters_variable_Xi":12.41,"data_set_value_component_model_parameters_variable_kc":0.0735,"data_set_value_component_model_parameters_variable_theta_NBC":1.0,"data_set_value_component_model_parameters_variable_theta_NKCC1":1.0,"data_set_value_component_model_parameters_variable_theta_KCC1":1.0,"data_set_value_component_model_parameters_variable_Lp":0.00021,"data_set_value_component_model_parameters_variable_y":0.0,"data_set_value_component_model_parameters_variable_t0":10.0,"data_set_value_component_model_parameters_variable_t1":20.0,"data_set_value_component_model_parameters_variable_t2":30.0,"data_set_value_component_model_parameters_variable_alpha":2.0,"data_set_value_component_model_parameters_variable_beta":14.0,"data_set_value_component_model_parameters_variable_deltaT":10.0,"data_set_value_component_model_parameters_variable_gamma_alpha_beta":1307674368000.0,"data_set_value_component_model_parameters_variable_gamma_alpha":1.0,"data_set_value_component_model_parameters_variable_gamma_beta":6227020800.0},{"data_set_value_component_environment_variable_time":0.9,"data_set_value_component_wi_variable_wi":0.0610248338,"data_set_value_component_wo_variable_wo":0.0268751662,"data_set_value_component_wo_variable_w_tot":0.0879,"data_set_value_component_N_Nai_variable_N_Nai":1.007058777,"data_set_value_component_N_Nai_variable_dN_Nai_dt":0.0028219401,"data_set_value_component_N_Ki_variable_N_Ki":5.5260055131,"data_set_value_component_N_Ki_variable_dN_Ki_dt":0.0000708528,"data_set_value_component_N_HCO3i_variable_N_HCO3i":0.5918771517,"data_set_value_component_N_HCO3i_variable_dN_HCO3i_dt":0.0008580682,"data_set_value_component_N_Cli_variable_N_Cli":0.3399114418,"data_set_value_component_N_Nao_variable_N_Nao":4.291942223,"data_set_value_component_N_Ko_variable_N_Ko":0.0825144869,"data_set_value_component_N_HCO3o_variable_N_HCO3o":0.4287148483,"data_set_value_component_N_Clo_variable_N_Clo":3.9457418616,"data_set_value_component_Nernst_potentials_variable_ENa":0.058679399,"data_set_value_component_Nernst_potentials_variable_EK":-0.0874889427,"data_set_value_component_Nernst_potentials_variable_ECl":-0.0845835694,"data_set_value_component_J_KCC1_variable_J_KCC1":0.0,"data_set_value_component_J_KCC1_variable_gKCC1":0.000001,"data_set_value_component_J_KCC1_variable_ft":0.0,"data_set_value_component_J_NBC_variable_J_NBC":0.0004290341,"data_set_value_component_J_NBC_variable_gNBC":0.0000903,"data_set_value_component_J_NKCC1_variable_J_NKCC1":0.0,"data_set_value_component_J_NKCC1_variable_gNKCC1":0.00000554,"data_set_value_component_J_NKCC1_variable_ft":0.0,"data_set_value_component_ENBC_variable_ENBC":-0.0844062348,"data_set_value_component_ENBC_variable_zNBC":-1.0,"data_set_value_component_membrane_variable_Vm":-0.0843603904,"data_set_value_component_J_NaKATPase_variable_J_NaKATPase":0.0000000001,"data_set_value_component_J_NaKATPase_variable_Pmax":0.0000000001,"data_set_value_component_J_NaKATPase_variable_K_Nai":10.0,"data_set_value_component_J_NaKATPase_variable_K_Ko":1.5,"data_set_value_component_I_K_variable_I_K":0.0000709527,"data_set_value_component_I_Cl_variable_I_Cl":0.002037591,"data_set_value_component_I_Na_variable_I_Na":0.002825311,"data_set_value_component_model_parameters_variable_Nai":16.5024419328,"data_set_value_component_model_parameters_variable_Ki":90.5533889226,"data_set_value_component_model_parameters_variable_Cli":5.5700510817,"data_set_value_component_model_parameters_variable_HCO3i":9.6989555625,"data_set_value_component_model_parameters_variable_Nao":159.6991883985,"data_set_value_component_model_parameters_variable_Ko":3.0702875068,"data_set_value_component_model_parameters_variable_Clo":146.8173941262,"data_set_value_component_model_parameters_variable_HCO3o":15.9520817791,"data_set_value_component_model_parameters_variable_R":8.315,"data_set_value_component_model_parameters_variable_F":96490.0,"data_set_value_component_model_parameters_variable_T":300.0,"data_set_value_component_model_parameters_variable_gNa":0.0001314,"data_set_value_component_model_parameters_variable_gK":0.004,"data_set_value_component_model_parameters_variable_gCl":0.00008797,"data_set_value_component_model_parameters_variable_elementary_charge":1.6e-19,"data_set_value_component_model_parameters_variable_nA":6.0221415e+23,"data_set_value_component_model_parameters_variable_Xi":12.41,"data_set_value_component_model_parameters_variable_kc":0.0735,"data_set_value_component_model_parameters_variable_theta_NBC":1.0,"data_set_value_component_model_parameters_variable_theta_NKCC1":1.0,"data_set_value_component_model_parameters_variable_theta_KCC1":1.0,"data_set_value_component_model_parameters_variable_Lp":0.00021,"data_set_value_component_model_parameters_variable_y":0.0,"data_set_value_component_model_parameters_variable_t0":10.0,"data_set_value_component_model_parameters_variable_t1":20.0,"data_set_value_component_model_parameters_variable_t2":30.0,"data_set_value_component_model_parameters_variable_alpha":2.0,"data_set_value_component_model_parameters_variable_beta":14.0,"data_set_value_component_model_parameters_variable_deltaT":10.0,"data_set_value_component_model_parameters_variable_gamma_alpha_beta":1307674368000.0,"data_set_value_component_model_parameters_variable_gamma_alpha":1.0,"data_set_value_component_model_parameters_variable_gamma_beta":6227020800.0},{"data_set_value_component_environment_variable_time":1.0,"data_set_value_component_wi_variable_wi":0.0610276953,"data_set_value_component_wo_variable_wo":0.0268723047,"data_set_value_component_wo_variable_w_tot":0.0879,"data_set_value_component_N_Nai_variable_N_Nai":1.007320625,"data_set_value_component_N_Nai_variable_dN_Nai_dt":0.0024301992,"data_set_value_component_N_Ki_variable_N_Ki":5.5260128503,"data_set_value_component_N_Ki_variable_dN_Ki_dt":0.0000749415,"data_set_value_component_N_HCO3i_variable_N_HCO3i":0.5919529481,"data_set_value_component_N_HCO3i_variable_dN_HCO3i_dt":0.0006670379,"data_set_value_component_N_Cli_variable_N_Cli":0.3402564234,"data_set_value_component_N_Nao_variable_N_Nao":4.291680375,"data_set_value_component_N_Ko_variable_N_Ko":0.0825071497,"data_set_value_component_N_HCO3o_variable_N_HCO3o":0.4286390519,"data_set_value_component_N_Clo_variable_N_Clo":3.9455484729,"data_set_value_component_Nernst_potentials_variable_ENa":0.0586750656,"data_set_value_component_Nernst_potentials_variable_EK":-0.0874873109,"data_set_value_component_Nernst_potentials_variable_ECl":-0.0845600425,"data_set_value_component_J_KCC1_variable_J_KCC1":0.0,"data_set_value_component_J_KCC1_variable_gKCC1":0.000001,"data_set_value_component_J_KCC1_variable_ft":0.0,"data_set_value_component_J_NBC_variable_J_NBC":0.0003335189,"data_set_value_component_J_NBC_variable_gNBC":0.0000903,"data_set_value_component_J_NKCC1_variable_J_NKCC1":0.0,"data_set_value_component_J_NKCC1_variable_gNKCC1":0.00000554,"data_set_value_component_J_NKCC1_variable_ft":0.0,"data_set_value_component_ENBC_variable_ENBC":-0.0843940681,"data_set_value_component_ENBC_variable_zNBC":-1.0,"data_set_value_component_membrane_variable_Vm":-0.08435843,"data_set_value_component_J_NaKATPase_variable_J_NaKATPase":0.0000000001,"data_set_value_component_J_NaKATPase_variable_Pmax":0.0000000001,"data_set_value_component_J_NaKATPase_variable_K_Nai":10.0,"data_set_value_component_J_NaKATPase_variable_K_Ko":1.5,"data_set_value_component_I_K_variable_I_K":0.0000750471,"data_set_value_component_I_Cl_variable_I_Cl":0.0018406923,"data_set_value_component_I_Na_variable_I_Na":0.0024331528,"data_set_value_component_model_parameters_variable_Nai":16.5059588034,"data_set_value_component_model_parameters_variable_Ki":90.5492632521,"data_set_value_component_model_parameters_variable_Cli":5.5754427815,"data_set_value_component_model_parameters_variable_HCO3i":9.6997427959,"data_set_value_component_model_parameters_variable_Nao":159.706449743,"data_set_value_component_model_parameters_variable_Ko":3.0703414078,"data_set_value_component_model_parameters_variable_Clo":146.8258313375,"data_set_value_component_model_parameters_variable_HCO3o":15.9509598133,"data_set_value_component_model_parameters_variable_R":8.315,"data_set_value_component_model_parameters_variable_F":96490.0,"data_set_value_component_model_parameters_variable_T":300.0,"data_set_value_component_model_parameters_variable_gNa":0.0001314,"data_set_value_component_model_parameters_variable_gK":0.004,"data_set_value_component_model_parameters_variable_gCl":0.00008797,"data_set_value_component_model_parameters_variable_elementary_charge":1.6e-19,"data_set_value_component_model_parameters_variable_nA":6.0221415e+23,"data_set_value_component_model_parameters_variable_Xi":12.41,"data_set_value_component_model_parameters_variable_kc":0.0735,"data_set_value_component_model_parameters_variable_theta_NBC":1.0,"data_set_value_component_model_parameters_variable_theta_NKCC1":1.0,"data_set_value_component_model_parameters_variable_theta_KCC1":1.0,"data_set_value_component_model_parameters_variable_Lp":0.00021,"data_set_value_component_model_parameters_variable_y":0.0,"data_set_value_component_model_parameters_variable_t0":10.0,"data_set_value_component_model_parameters_variable_t1":20.0,"data_set_value_component_model_parameters_variable_t2":30.0,"data_set_value_component_model_parameters_variable_alpha":2.0,"data_set_value_component_model_parameters_variable_beta":14.0,"data_set_value_component_model_parameters_variable_deltaT":10.0,"data_set_value_component_model_parameters_variable_gamma_alpha_beta":1307674368000.0,"data_set_value_component_model_parameters_variable_gamma_alpha":1.0,"data_set_value_component_model_parameters_variable_gamma_beta":6227020800.0}]