[{"data_generator_TSEC":0.0,"data_generator_V":-60.0},{"data_generator_TSEC":0.079999998,"data_generator_V":-54.554443},{"data_generator_TSEC":0.16,"data_generator_V":-46.365067},{"data_generator_TSEC":0.23999999,"data_generator_V":-61.261208},{"data_generator_TSEC":0.31999999,"data_generator_V":-60.519173},{"data_generator_TSEC":0.40000001,"data_generator_V":-58.069855},{"data_generator_TSEC":0.47999999,"data_generator_V":-48.152771},{"data_generator_TSEC":0.56,"data_generator_V":-60.170544},{"data_generator_TSEC":0.63999999,"data_generator_V":-63.278522},{"data_generator_TSEC":0.72000003,"data_generator_V":-62.086224},{"data_generator_TSEC":0.80000001,"data_generator_V":-60.05006},{"data_generator_TSEC":0.88,"data_generator_V":-56.089443},{"data_generator_TSEC":0.95999998,"data_generator_V":-13.785648},{"data_generator_TSEC":1.04,"data_generator_V":-62.734596},{"data_generator_TSEC":1.12,"data_generator_V":-62.698334},{"data_generator_TSEC":1.2,"data_generator_V":-61.156719},{"data_generator_TSEC":1.28,"data_generator_V":-58.590534},{"data_generator_TSEC":1.36,"data_generator_V":-50.626575},{"data_generator_TSEC":1.4400001,"data_generator_V":-58.127682},{"data_generator_TSEC":1.52,"data_generator_V":-63.135342},{"data_generator_TSEC":1.6,"data_generator_V":-62.131252},{"data_generator_TSEC":1.6799999,"data_generator_V":-60.229687},{"data_generator_TSEC":1.76,"data_generator_V":-56.671017},{"data_generator_TSEC":1.84,"data_generator_V":-7.9509206},{"data_generator_TSEC":1.92,"data_generator_V":-62.510838},{"data_generator_TSEC":2.0,"data_generator_V":-62.883213},{"data_generator_TSEC":2.0799999,"data_generator_V":-61.459446},{"data_generator_TSEC":2.1600001,"data_generator_V":-59.14645},{"data_generator_TSEC":2.24,"data_generator_V":-53.378201},{"data_generator_TSEC":2.3199999,"data_generator_V":-51.389816},{"data_generator_TSEC":2.4000001,"data_generator_V":-63.1632},{"data_generator_TSEC":2.48,"data_generator_V":-62.439148},{"data_generator_TSEC":2.5599999,"data_generator_V":-60.719494},{"data_generator_TSEC":2.6400001,"data_generator_V":-57.786602},{"data_generator_TSEC":2.72,"data_generator_V":-44.010124},{"data_generator_TSEC":2.8,"data_generator_V":-61.187443},{"data_generator_TSEC":2.8800001,"data_generator_V":-63.108181},{"data_generator_TSEC":2.96,"data_generator_V":-61.907955},{"data_generator_TSEC":3.04,"data_generator_V":-59.892876},{"data_generator_TSEC":3.1199999,"data_generator_V":-55.864319},{"data_generator_TSEC":3.2,"data_generator_V":-18.555193},{"data_generator_TSEC":3.28,"data_generator_V":-62.894444},{"data_generator_TSEC":3.3599999,"data_generator_V":-62.816063},{"data_generator_TSEC":3.4400001,"data_generator_V":-61.322926},{"data_generator_TSEC":3.52,"data_generator_V":-58.933407},{"data_generator_TSEC":3.5999999,"data_generator_V":-52.563385},{"data_generator_TSEC":3.6800001,"data_generator_V":-54.493496},{"data_generator_TSEC":3.76,"data_generator_V":-63.22636},{"data_generator_TSEC":3.8399999,"data_generator_V":-62.419239},{"data_generator_TSEC":3.9200001,"data_generator_V":-60.68927},{"data_generator_TSEC":4.0,"data_generator_V":-57.753754},{"data_generator_TSEC":4.0799999,"data_generator_V":-43.807674},{"data_generator_TSEC":4.1599998,"data_generator_V":-61.254776},{"data_generator_TSEC":4.2399998,"data_generator_V":-63.155144},{"data_generator_TSEC":4.3200002,"data_generator_V":-61.968414},{"data_generator_TSEC":4.4000001,"data_generator_V":-59.996914},{"data_generator_TSEC":4.48,"data_generator_V":-56.179871},{"data_generator_TSEC":4.5599999,"data_generator_V":-9.8592224},{"data_generator_TSEC":4.6399999,"data_generator_V":-62.820362},{"data_generator_TSEC":4.7199998,"data_generator_V":-62.919437},{"data_generator_TSEC":4.8000002,"data_generator_V":-61.484417},{"data_generator_TSEC":4.8800001,"data_generator_V":-59.223492},{"data_generator_TSEC":4.96,"data_generator_V":-53.805466},{"data_generator_TSEC":5.04,"data_generator_V":-48.854809},{"data_generator_TSEC":5.1199999,"data_generator_V":-63.234226},{"data_generator_TSEC":5.1999998,"data_generator_V":-62.605553},{"data_generator_TSEC":5.2800002,"data_generator_V":-60.974308},{"data_generator_TSEC":5.3600001,"data_generator_V":-58.331238},{"data_generator_TSEC":5.4400001,"data_generator_V":-49.355133},{"data_generator_TSEC":5.52,"data_generator_V":-59.339413},{"data_generator_TSEC":5.5999999,"data_generator_V":-63.269226},{"data_generator_TSEC":5.6799998,"data_generator_V":-62.252632},{"data_generator_TSEC":5.7600002,"data_generator_V":-60.437893},{"data_generator_TSEC":5.8400002,"data_generator_V":-57.257591},{"data_generator_TSEC":5.9200001,"data_generator_V":-34.749962},{"data_generator_TSEC":6.0,"data_generator_V":-62.07098},{"data_generator_TSEC":6.0799999,"data_generator_V":-63.143024},{"data_generator_TSEC":6.1599998,"data_generator_V":-61.880043},{"data_generator_TSEC":6.2399998,"data_generator_V":-59.87035},{"data_generator_TSEC":6.3200002,"data_generator_V":-55.892384},{"data_generator_TSEC":6.4000001,"data_generator_V":-16.977209},{"data_generator_TSEC":6.48,"data_generator_V":-62.968075},{"data_generator_TSEC":6.5599999,"data_generator_V":-62.939449},{"data_generator_TSEC":6.6399999,"data_generator_V":-61.497894},{"data_generator_TSEC":6.7199998,"data_generator_V":-59.263641},{"data_generator_TSEC":6.8000002,"data_generator_V":-54.021133},{"data_generator_TSEC":6.8800001,"data_generator_V":-47.221436},{"data_generator_TSEC":6.96,"data_generator_V":-63.274918},{"data_generator_TSEC":7.04,"data_generator_V":-62.698288},{"data_generator_TSEC":7.1199999,"data_generator_V":-61.111485},{"data_generator_TSEC":7.1999998,"data_generator_V":-58.606537},{"data_generator_TSEC":7.2800002,"data_generator_V":-51.150822},{"data_generator_TSEC":7.3600001,"data_generator_V":-57.505173},{"data_generator_TSEC":7.4400001,"data_generator_V":-63.341476},{"data_generator_TSEC":7.52,"data_generator_V":-62.441128},{"data_generator_TSEC":7.5999999,"data_generator_V":-60.723892},{"data_generator_TSEC":7.6799998,"data_generator_V":-57.884674},{"data_generator_TSEC":7.7600002,"data_generator_V":-45.780754},{"data_generator_TSEC":7.8400002,"data_generator_V":-60.93272},{"data_generator_TSEC":7.9200001,"data_generator_V":-63.294495},{"data_generator_TSEC":8.0,"data_generator_V":-62.180431},{"data_generator_TSEC":8.0799999,"data_generator_V":-60.337067},{"data_generator_TSEC":8.1599998,"data_generator_V":-57.079601},{"data_generator_TSEC":8.2399998,"data_generator_V":-29.665157},{"data_generator_TSEC":8.3199997,"data_generator_V":-62.30146},{"data_generator_TSEC":8.3999996,"data_generator_V":-63.19091},{"data_generator_TSEC":8.4799995,"data_generator_V":-61.924057},{"data_generator_TSEC":8.5600004,"data_generator_V":-59.952942},{"data_generator_TSEC":8.6400003,"data_generator_V":-56.168209},{"data_generator_TSEC":8.7200003,"data_generator_V":-9.2633104},{"data_generator_TSEC":8.8000002,"data_generator_V":-62.921188},{"data_generator_TSEC":8.8800001,"data_generator_V":-63.060387},{"data_generator_TSEC":8.96,"data_generator_V":-61.677364},{"data_generator_TSEC":9.04,"data_generator_V":-59.573936},{"data_generator_TSEC":9.1199999,"data_generator_V":-55.121719},{"data_generator_TSEC":9.1999998,"data_generator_V":-33.8218},{"data_generator_TSEC":9.2799997,"data_generator_V":-63.218102},{"data_generator_TSEC":9.3599997,"data_generator_V":-62.920033},{"data_generator_TSEC":9.4399996,"data_generator_V":-61.444332},{"data_generator_TSEC":9.5200005,"data_generator_V":-59.203362},{"data_generator_TSEC":9.6000004,"data_generator_V":-53.904465},{"data_generator_TSEC":9.6800003,"data_generator_V":-47.975197},{"data_generator_TSEC":9.7600002,"data_generator_V":-63.358326},{"data_generator_TSEC":9.8400002,"data_generator_V":-62.780521},{"data_generator_TSEC":9.9200001,"data_generator_V":-61.228245},{"data_generator_TSEC":10.0,"data_generator_V":-58.845745},{"data_generator_TSEC":10.08,"data_generator_V":-52.474262},{"data_generator_TSEC":10.16,"data_generator_V":-54.732738},{"data_generator_TSEC":10.24,"data_generator_V":-63.416927},{"data_generator_TSEC":10.32,"data_generator_V":-62.648827},{"data_generator_TSEC":10.4,"data_generator_V":-61.032005},{"data_generator_TSEC":10.48,"data_generator_V":-58.50705},{"data_generator_TSEC":10.56,"data_generator_V":-50.784615},{"data_generator_TSEC":10.64,"data_generator_V":-58.042736},{"data_generator_TSEC":10.72,"data_generator_V":-63.432388},{"data_generator_TSEC":10.8,"data_generator_V":-62.529774},{"data_generator_TSEC":10.88,"data_generator_V":-60.858376},{"data_generator_TSEC":10.96,"data_generator_V":-58.194767},{"data_generator_TSEC":11.04,"data_generator_V":-48.795292},{"data_generator_TSEC":11.12,"data_generator_V":-59.803646},{"data_generator_TSEC":11.2,"data_generator_V":-63.426083},{"data_generator_TSEC":11.28,"data_generator_V":-62.426628},{"data_generator_TSEC":11.36,"data_generator_V":-60.70985},{"data_generator_TSEC":11.44,"data_generator_V":-57.917477},{"data_generator_TSEC":11.52,"data_generator_V":-46.49683},{"data_generator_TSEC":11.6,"data_generator_V":-60.80827},{"data_generator_TSEC":11.68,"data_generator_V":-63.411095},{"data_generator_TSEC":11.76,"data_generator_V":-62.341869},{"data_generator_TSEC":11.84,"data_generator_V":-60.588791},{"data_generator_TSEC":11.92,"data_generator_V":-57.684498},{"data_generator_TSEC":12.0,"data_generator_V":-43.965546},{"data_generator_TSEC":12.08,"data_generator_V":-61.405922},{"data_generator_TSEC":12.16,"data_generator_V":-63.395462},{"data_generator_TSEC":12.24,"data_generator_V":-62.277195},{"data_generator_TSEC":12.32,"data_generator_V":-60.4972},{"data_generator_TSEC":12.4,"data_generator_V":-57.504913},{"data_generator_TSEC":12.48,"data_generator_V":-41.448147},{"data_generator_TSEC":12.56,"data_generator_V":-61.762894},{"data_generator_TSEC":12.64,"data_generator_V":-63.384331},{"data_generator_TSEC":12.72,"data_generator_V":-62.233799},{"data_generator_TSEC":12.8,"data_generator_V":-60.436634},{"data_generator_TSEC":12.88,"data_generator_V":-57.386551},{"data_generator_TSEC":12.96,"data_generator_V":-39.419865},{"data_generator_TSEC":13.04,"data_generator_V":-61.962067},{"data_generator_TSEC":13.12,"data_generator_V":-63.380928},{"data_generator_TSEC":13.2,"data_generator_V":-62.21244},{"data_generator_TSEC":13.28,"data_generator_V":-60.408119},{"data_generator_TSEC":13.36,"data_generator_V":-57.334869},{"data_generator_TSEC":13.44,"data_generator_V":-38.463566},{"data_generator_TSEC":13.52,"data_generator_V":-62.043404},{"data_generator_TSEC":13.6,"data_generator_V":-63.386936},{"data_generator_TSEC":13.68,"data_generator_V":-62.213413},{"data_generator_TSEC":13.76,"data_generator_V":-60.412006},{"data_generator_TSEC":13.84,"data_generator_V":-57.352093},{"data_generator_TSEC":13.92,"data_generator_V":-38.919506},{"data_generator_TSEC":14.0,"data_generator_V":-62.021023},{"data_generator_TSEC":14.08,"data_generator_V":-63.402988},{"data_generator_TSEC":14.16,"data_generator_V":-62.236706},{"data_generator_TSEC":14.24,"data_generator_V":-60.447979},{"data_generator_TSEC":14.32,"data_generator_V":-57.436882},{"data_generator_TSEC":14.4,"data_generator_V":-40.616211},{"data_generator_TSEC":14.48,"data_generator_V":-61.888386},{"data_generator_TSEC":14.56,"data_generator_V":-63.428642},{"data_generator_TSEC":14.64,"data_generator_V":-62.281929},{"data_generator_TSEC":14.72,"data_generator_V":-60.515076},{"data_generator_TSEC":14.8,"data_generator_V":-57.584469},{"data_generator_TSEC":14.88,"data_generator_V":-43.010311},{"data_generator_TSEC":14.96,"data_generator_V":-61.616302},{"data_generator_TSEC":15.04,"data_generator_V":-63.462425},{"data_generator_TSEC":15.12,"data_generator_V":-62.34837},{"data_generator_TSEC":15.2,"data_generator_V":-60.611782},{"data_generator_TSEC":15.28,"data_generator_V":-57.787464},{"data_generator_TSEC":15.36,"data_generator_V":-45.561535},{"data_generator_TSEC":15.44,"data_generator_V":-61.140942},{"data_generator_TSEC":15.52,"data_generator_V":-63.501518},{"data_generator_TSEC":15.6,"data_generator_V":-62.435009},{"data_generator_TSEC":15.68,"data_generator_V":-60.736092},{"data_generator_TSEC":15.76,"data_generator_V":-58.03688},{"data_generator_TSEC":15.84,"data_generator_V":-47.944096},{"data_generator_TSEC":15.92,"data_generator_V":-60.335732},{"data_generator_TSEC":16.0,"data_generator_V":-63.541576},{"data_generator_TSEC":16.08,"data_generator_V":-62.540478},{"data_generator_TSEC":16.16,"data_generator_V":-60.885803},{"data_generator_TSEC":16.24,"data_generator_V":-58.323242},{"data_generator_TSEC":16.32,"data_generator_V":-50.031372},{"data_generator_TSEC":16.4,"data_generator_V":-58.941677},{"data_generator_TSEC":16.48,"data_generator_V":-63.575611},{"data_generator_TSEC":16.559999,"data_generator_V":-62.662994},{"data_generator_TSEC":16.639999,"data_generator_V":-61.058514},{"data_generator_TSEC":16.719999,"data_generator_V":-58.637558},{"data_generator_TSEC":16.799999,"data_generator_V":-51.810017},{"data_generator_TSEC":16.879999,"data_generator_V":-56.393681},{"data_generator_TSEC":16.959999,"data_generator_V":-63.592987},{"data_generator_TSEC":17.040001,"data_generator_V":-62.800442},{"data_generator_TSEC":17.120001,"data_generator_V":-61.251816},{"data_generator_TSEC":17.200001,"data_generator_V":-58.971863},{"data_generator_TSEC":17.280001,"data_generator_V":-53.312805},{"data_generator_TSEC":17.360001,"data_generator_V":-51.366009},{"data_generator_TSEC":17.440001,"data_generator_V":-63.57616},{"data_generator_TSEC":17.52,"data_generator_V":-62.949806},{"data_generator_TSEC":17.6,"data_generator_V":-61.46331},{"data_generator_TSEC":17.68,"data_generator_V":-59.319653},{"data_generator_TSEC":17.76,"data_generator_V":-54.585178},{"data_generator_TSEC":17.84,"data_generator_V":-40.838844},{"data_generator_TSEC":17.92,"data_generator_V":-63.495422},{"data_generator_TSEC":18.0,"data_generator_V":-63.107208},{"data_generator_TSEC":18.08,"data_generator_V":-61.690754},{"data_generator_TSEC":18.16,"data_generator_V":-59.675999},{"data_generator_TSEC":18.24,"data_generator_V":-55.671211},{"data_generator_TSEC":18.32,"data_generator_V":-20.216373},{"data_generator_TSEC":18.4,"data_generator_V":-63.29501},{"data_generator_TSEC":18.48,"data_generator_V":-63.266968},{"data_generator_TSEC":18.559999,"data_generator_V":-61.931881},{"data_generator_TSEC":18.639999,"data_generator_V":-60.037365},{"data_generator_TSEC":18.719999,"data_generator_V":-56.608627},{"data_generator_TSEC":18.799999,"data_generator_V":-11.834258},{"data_generator_TSEC":18.879999,"data_generator_V":-62.859966},{"data_generator_TSEC":18.959999,"data_generator_V":-63.420738},{"data_generator_TSEC":19.040001,"data_generator_V":-62.184345},{"data_generator_TSEC":19.120001,"data_generator_V":-60.40147},{"data_generator_TSEC":19.200001,"data_generator_V":-57.428391},{"data_generator_TSEC":19.280001,"data_generator_V":-41.276535},{"data_generator_TSEC":19.360001,"data_generator_V":-61.918224},{"data_generator_TSEC":19.440001,"data_generator_V":-63.55526},{"data_generator_TSEC":19.52,"data_generator_V":-62.445385},{"data_generator_TSEC":19.6,"data_generator_V":-60.766975},{"data_generator_TSEC":19.68,"data_generator_V":-58.15551},{"data_generator_TSEC":19.76,"data_generator_V":-49.138039},{"data_generator_TSEC":19.84,"data_generator_V":-59.713886},{"data_generator_TSEC":19.92,"data_generator_V":-63.648182},{"data_generator_TSEC":20.0,"data_generator_V":-62.71122},{"data_generator_TSEC":20.08,"data_generator_V":-61.133083},{"data_generator_TSEC":20.16,"data_generator_V":-58.809807},{"data_generator_TSEC":20.24,"data_generator_V":-52.760971},{"data_generator_TSEC":20.32,"data_generator_V":-53.71579},{"data_generator_TSEC":20.4,"data_generator_V":-63.658974},{"data_generator_TSEC":20.48,"data_generator_V":-62.976379},{"data_generator_TSEC":20.559999,"data_generator_V":-61.499428},{"data_generator_TSEC":20.639999,"data_generator_V":-59.40728},{"data_generator_TSEC":20.719999,"data_generator_V":-54.954464},{"data_generator_TSEC":20.799999,"data_generator_V":-35.154102},{"data_generator_TSEC":20.879999,"data_generator_V":-63.504688},{"data_generator_TSEC":20.959999,"data_generator_V":-63.232071},{"data_generator_TSEC":21.040001,"data_generator_V":-61.865509},{"data_generator_TSEC":21.120001,"data_generator_V":-59.960793},{"data_generator_TSEC":21.200001,"data_generator_V":-56.47892},{"data_generator_TSEC":21.280001,"data_generator_V":-8.0125313},{"data_generator_TSEC":21.360001,"data_generator_V":-62.983715},{"data_generator_TSEC":21.440001,"data_generator_V":-63.46307},{"data_generator_TSEC":21.52,"data_generator_V":-62.230038},{"data_generator_TSEC":21.6,"data_generator_V":-60.480595},{"data_generator_TSEC":21.68,"data_generator_V":-57.634136},{"data_generator_TSEC":21.76,"data_generator_V":-44.518959},{"data_generator_TSEC":21.84,"data_generator_V":-61.487331},{"data_generator_TSEC":21.92,"data_generator_V":-63.64204},{"data_generator_TSEC":22.0,"data_generator_V":-62.590118},{"data_generator_TSEC":22.08,"data_generator_V":-60.974815},{"data_generator_TSEC":22.16,"data_generator_V":-58.564964},{"data_generator_TSEC":22.24,"data_generator_V":-51.712395},{"data_generator_TSEC":22.32,"data_generator_V":-56.609566},{"data_generator_TSEC":22.4,"data_generator_V":-63.715393},{"data_generator_TSEC":22.48,"data_generator_V":-62.939659},{"data_generator_TSEC":22.559999,"data_generator_V":-61.449657},{"data_generator_TSEC":22.639999,"data_generator_V":-59.350967},{"data_generator_TSEC":22.719999,"data_generator_V":-54.837585},{"data_generator_TSEC":22.799999,"data_generator_V":-36.805416},{"data_generator_TSEC":22.879999,"data_generator_V":-63.562084},{"data_generator_TSEC":22.959999,"data_generator_V":-63.26638},{"data_generator_TSEC":23.040001,"data_generator_V":-61.909142},{"data_generator_TSEC":23.120001,"data_generator_V":-60.040096},{"data_generator_TSEC":23.200001,"data_generator_V":-56.710171},{"data_generator_TSEC":23.280001,"data_generator_V":-18.973574},{"data_generator_TSEC":23.360001,"data_generator_V":-62.838463},{"data_generator_TSEC":23.440001,"data_generator_V":-63.545925},{"data_generator_TSEC":23.52,"data_generator_V":-62.354458},{"data_generator_TSEC":23.6,"data_generator_V":-60.663006},{"data_generator_TSEC":23.68,"data_generator_V":-58.022194},{"data_generator_TSEC":23.76,"data_generator_V":-48.436306},{"data_generator_TSEC":23.84,"data_generator_V":-60.203518},{"data_generator_TSEC":23.92,"data_generator_V":-63.728176},{"data_generator_TSEC":24.0,"data_generator_V":-62.782291},{"data_generator_TSEC":24.08,"data_generator_V":-61.239925},{"data_generator_TSEC":24.16,"data_generator_V":-59.035107},{"data_generator_TSEC":24.24,"data_generator_V":-53.811344},{"data_generator_TSEC":24.32,"data_generator_V":-48.042801},{"data_generator_TSEC":24.4,"data_generator_V":-63.697754},{"data_generator_TSEC":24.48,"data_generator_V":-63.181358},{"data_generator_TSEC":24.559999,"data_generator_V":-61.783749},{"data_generator_TSEC":24.639999,"data_generator_V":-59.872116},{"data_generator_TSEC":24.719999,"data_generator_V":-56.339775},{"data_generator_TSEC":24.799999,"data_generator_V":-6.1762848},{"data_generator_TSEC":24.879999,"data_generator_V":-63.118458},{"data_generator_TSEC":24.959999,"data_generator_V":-63.524925},{"data_generator_TSEC":25.040001,"data_generator_V":-62.301109},{"data_generator_TSEC":25.120001,"data_generator_V":-60.599461},{"data_generator_TSEC":25.200001,"data_generator_V":-57.925274},{"data_generator_TSEC":25.280001,"data_generator_V":-47.771393},{"data_generator_TSEC":25.360001,"data_generator_V":-60.558201},{"data_generator_TSEC":25.440001,"data_generator_V":-63.752316},{"data_generator_TSEC":25.52,"data_generator_V":-62.790981},{"data_generator_TSEC":25.6,"data_generator_V":-61.255848},{"data_generator_TSEC":25.68,"data_generator_V":-59.078625},{"data_generator_TSEC":25.76,"data_generator_V":-54.020905},{"data_generator_TSEC":25.84,"data_generator_V":-46.268085},{"data_generator_TSEC":25.92,"data_generator_V":-63.711525},{"data_generator_TSEC":26.0,"data_generator_V":-63.239872},{"data_generator_TSEC":26.08,"data_generator_V":-61.863991},{"data_generator_TSEC":26.16,"data_generator_V":-60.00061},{"data_generator_TSEC":26.24,"data_generator_V":-56.681137},{"data_generator_TSEC":26.32,"data_generator_V":-18.843571},{"data_generator_TSEC":26.4,"data_generator_V":-62.896023},{"data_generator_TSEC":26.48,"data_generator_V":-63.610153},{"data_generator_TSEC":26.559999,"data_generator_V":-62.434673},{"data_generator_TSEC":26.639999,"data_generator_V":-60.787605},{"data_generator_TSEC":26.719999,"data_generator_V":-58.29726},{"data_generator_TSEC":26.799999,"data_generator_V":-50.488338},{"data_generator_TSEC":26.879999,"data_generator_V":-58.559139},{"data_generator_TSEC":26.959999,"data_generator_V":-63.807117},{"data_generator_TSEC":27.040001,"data_generator_V":-62.965504},{"data_generator_TSEC":27.120001,"data_generator_V":-61.491161},{"data_generator_TSEC":27.200001,"data_generator_V":-59.46241},{"data_generator_TSEC":27.280001,"data_generator_V":-55.303135},{"data_generator_TSEC":27.360001,"data_generator_V":-27.497934},{"data_generator_TSEC":27.440001,"data_generator_V":-63.553909},{"data_generator_TSEC":27.52,"data_generator_V":-63.432697},{"data_generator_TSEC":27.6,"data_generator_V":-62.138741},{"data_generator_TSEC":27.68,"data_generator_V":-60.39534},{"data_generator_TSEC":27.76,"data_generator_V":-57.566128},{"data_generator_TSEC":27.84,"data_generator_V":-44.373993},{"data_generator_TSEC":27.92,"data_generator_V":-61.613781},{"data_generator_TSEC":28.0,"data_generator_V":-63.76685},{"data_generator_TSEC":28.08,"data_generator_V":-62.739613},{"data_generator_TSEC":28.16,"data_generator_V":-61.196686},{"data_generator_TSEC":28.24,"data_generator_V":-59.013386},{"data_generator_TSEC":28.32,"data_generator_V":-53.870907},{"data_generator_TSEC":28.4,"data_generator_V":-47.40588},{"data_generator_TSEC":28.48,"data_generator_V":-63.769665},{"data_generator_TSEC":28.559999,"data_generator_V":-63.28035},{"data_generator_TSEC":28.639999,"data_generator_V":-61.917404},{"data_generator_TSEC":28.719999,"data_generator_V":-60.097164},{"data_generator_TSEC":28.799999,"data_generator_V":-56.952454},{"data_generator_TSEC":28.879999,"data_generator_V":-32.009335},{"data_generator_TSEC":28.959999,"data_generator_V":-62.649464},{"data_generator_TSEC":29.040001,"data_generator_V":-63.704636},{"data_generator_TSEC":29.120001,"data_generator_V":-62.579865},{"data_generator_TSEC":29.200001,"data_generator_V":-60.992203},{"data_generator_TSEC":29.280001,"data_generator_V":-58.688744},{"data_generator_TSEC":29.360001,"data_generator_V":-52.607979},{"data_generator_TSEC":29.440001,"data_generator_V":-54.171371},{"data_generator_TSEC":29.52,"data_generator_V":-63.843227},{"data_generator_TSEC":29.6,"data_generator_V":-63.179295},{"data_generator_TSEC":29.68,"data_generator_V":-61.77935},{"data_generator_TSEC":29.76,"data_generator_V":-59.910683},{"data_generator_TSEC":29.84,"data_generator_V":-56.543518},{"data_generator_TSEC":29.92,"data_generator_V":-13.3041},{"data_generator_TSEC":30.0,"data_generator_V":-63.043385},{"data_generator_TSEC":30.08,"data_generator_V":-65.114731},{"data_generator_TSEC":30.16,"data_generator_V":-64.761108},{"data_generator_TSEC":30.24,"data_generator_V":-64.196938},{"data_generator_TSEC":30.32,"data_generator_V":-63.718494},{"data_generator_TSEC":30.4,"data_generator_V":-63.352955},{"data_generator_TSEC":30.48,"data_generator_V":-63.08334},{"data_generator_TSEC":30.559999,"data_generator_V":-62.888714},{"data_generator_TSEC":30.639999,"data_generator_V":-62.751034},{"data_generator_TSEC":30.719999,"data_generator_V":-62.655697},{"data_generator_TSEC":30.799999,"data_generator_V":-62.591145},{"data_generator_TSEC":30.879999,"data_generator_V":-62.548344},{"data_generator_TSEC":30.959999,"data_generator_V":-62.520489},{"data_generator_TSEC":31.040001,"data_generator_V":-62.50251},{"data_generator_TSEC":31.120001,"data_generator_V":-62.490841},{"data_generator_TSEC":31.200001,"data_generator_V":-62.482986},{"data_generator_TSEC":31.280001,"data_generator_V":-62.477341},{"data_generator_TSEC":31.360001,"data_generator_V":-62.472862},{"data_generator_TSEC":31.440001,"data_generator_V":-62.468922},{"data_generator_TSEC":31.52,"data_generator_V":-62.465199},{"data_generator_TSEC":31.6,"data_generator_V":-62.461483},{"data_generator_TSEC":31.68,"data_generator_V":-62.457691},{"data_generator_TSEC":31.76,"data_generator_V":-62.4538},{"data_generator_TSEC":31.84,"data_generator_V":-62.44981},{"data_generator_TSEC":31.92,"data_generator_V":-62.445732},{"data_generator_TSEC":32.0,"data_generator_V":-62.441582},{"data_generator_TSEC":32.080002,"data_generator_V":-62.43737},{"data_generator_TSEC":32.16,"data_generator_V":-62.433117},{"data_generator_TSEC":32.240002,"data_generator_V":-62.428822},{"data_generator_TSEC":32.32,"data_generator_V":-62.4245},{"data_generator_TSEC":32.400002,"data_generator_V":-62.420155},{"data_generator_TSEC":32.48,"data_generator_V":-62.415787},{"data_generator_TSEC":32.560001,"data_generator_V":-62.411404},{"data_generator_TSEC":32.639999,"data_generator_V":-62.407001},{"data_generator_TSEC":32.720001,"data_generator_V":-62.402584},{"data_generator_TSEC":32.799999,"data_generator_V":-62.398151},{"data_generator_TSEC":32.880001,"data_generator_V":-62.393703},{"data_generator_TSEC":32.959999,"data_generator_V":-62.389244},{"data_generator_TSEC":33.040001,"data_generator_V":-62.384769},{"data_generator_TSEC":33.119999,"data_generator_V":-62.380283},{"data_generator_TSEC":33.200001,"data_generator_V":-62.375786},{"data_generator_TSEC":33.279999,"data_generator_V":-62.371273},{"data_generator_TSEC":33.360001,"data_generator_V":-62.366749},{"data_generator_TSEC":33.439999,"data_generator_V":-62.362213},{"data_generator_TSEC":33.52,"data_generator_V":-62.357662},{"data_generator_TSEC":33.599998,"data_generator_V":-62.353104},{"data_generator_TSEC":33.68,"data_generator_V":-62.34853},{"data_generator_TSEC":33.759998,"data_generator_V":-62.343945},{"data_generator_TSEC":33.84,"data_generator_V":-62.339348},{"data_generator_TSEC":33.919998,"data_generator_V":-62.33474},{"data_generator_TSEC":34.0,"data_generator_V":-62.33012},{"data_generator_TSEC":34.080002,"data_generator_V":-62.325489},{"data_generator_TSEC":34.16,"data_generator_V":-62.320847},{"data_generator_TSEC":34.240002,"data_generator_V":-62.316189},{"data_generator_TSEC":34.32,"data_generator_V":-62.311523},{"data_generator_TSEC":34.400002,"data_generator_V":-62.306843},{"data_generator_TSEC":34.48,"data_generator_V":-62.302155},{"data_generator_TSEC":34.560001,"data_generator_V":-62.297451},{"data_generator_TSEC":34.639999,"data_generator_V":-62.292736},{"data_generator_TSEC":34.720001,"data_generator_V":-62.28801},{"data_generator_TSEC":34.799999,"data_generator_V":-62.283268},{"data_generator_TSEC":34.880001,"data_generator_V":-62.278519},{"data_generator_TSEC":34.959999,"data_generator_V":-62.273754},{"data_generator_TSEC":35.040001,"data_generator_V":-62.268978},{"data_generator_TSEC":35.119999,"data_generator_V":-62.264191},{"data_generator_TSEC":35.200001,"data_generator_V":-62.259392},{"data_generator_TSEC":35.279999,"data_generator_V":-62.254578},{"data_generator_TSEC":35.360001,"data_generator_V":-62.249752},{"data_generator_TSEC":35.439999,"data_generator_V":-62.244915},{"data_generator_TSEC":35.52,"data_generator_V":-62.240063},{"data_generator_TSEC":35.599998,"data_generator_V":-62.235199},{"data_generator_TSEC":35.68,"data_generator_V":-62.230324},{"data_generator_TSEC":35.759998,"data_generator_V":-62.225433},{"data_generator_TSEC":35.84,"data_generator_V":-62.220531},{"data_generator_TSEC":35.919998,"data_generator_V":-62.215614},{"data_generator_TSEC":36.0,"data_generator_V":-62.210686},{"data_generator_TSEC":36.080002,"data_generator_V":-62.205742},{"data_generator_TSEC":36.16,"data_generator_V":-62.200787},{"data_generator_TSEC":36.240002,"data_generator_V":-62.195816},{"data_generator_TSEC":36.32,"data_generator_V":-62.19083},{"data_generator_TSEC":36.400002,"data_generator_V":-62.185833},{"data_generator_TSEC":36.48,"data_generator_V":-62.18082},{"data_generator_TSEC":36.560001,"data_generator_V":-62.175793},{"data_generator_TSEC":36.639999,"data_generator_V":-62.170753},{"data_generator_TSEC":36.720001,"data_generator_V":-62.165699},{"data_generator_TSEC":36.799999,"data_generator_V":-62.160629},{"data_generator_TSEC":36.880001,"data_generator_V":-62.155544},{"data_generator_TSEC":36.959999,"data_generator_V":-62.150444},{"data_generator_TSEC":37.040001,"data_generator_V":-62.145332},{"data_generator_TSEC":37.119999,"data_generator_V":-62.140202},{"data_generator_TSEC":37.200001,"data_generator_V":-62.135059},{"data_generator_TSEC":37.279999,"data_generator_V":-62.129898},{"data_generator_TSEC":37.360001,"data_generator_V":-62.124725},{"data_generator_TSEC":37.439999,"data_generator_V":-62.119534},{"data_generator_TSEC":37.52,"data_generator_V":-62.114326},{"data_generator_TSEC":37.599998,"data_generator_V":-62.109104},{"data_generator_TSEC":37.68,"data_generator_V":-62.103867},{"data_generator_TSEC":37.759998,"data_generator_V":-62.09861},{"data_generator_TSEC":37.84,"data_generator_V":-62.093338},{"data_generator_TSEC":37.919998,"data_generator_V":-62.088051},{"data_generator_TSEC":38.0,"data_generator_V":-62.082748},{"data_generator_TSEC":38.080002,"data_generator_V":-62.077427},{"data_generator_TSEC":38.16,"data_generator_V":-62.072086},{"data_generator_TSEC":38.240002,"data_generator_V":-62.06673},{"data_generator_TSEC":38.32,"data_generator_V":-62.061359},{"data_generator_TSEC":38.400002,"data_generator_V":-62.055965},{"data_generator_TSEC":38.48,"data_generator_V":-62.05056},{"data_generator_TSEC":38.560001,"data_generator_V":-62.045132},{"data_generator_TSEC":38.639999,"data_generator_V":-62.039688},{"data_generator_TSEC":38.720001,"data_generator_V":-62.034225},{"data_generator_TSEC":38.799999,"data_generator_V":-62.028744},{"data_generator_TSEC":38.880001,"data_generator_V":-62.023243},{"data_generator_TSEC":38.959999,"data_generator_V":-62.017727},{"data_generator_TSEC":39.040001,"data_generator_V":-62.012188},{"data_generator_TSEC":39.119999,"data_generator_V":-62.00663},{"data_generator_TSEC":39.200001,"data_generator_V":-62.001053},{"data_generator_TSEC":39.279999,"data_generator_V":-61.995457},{"data_generator_TSEC":39.360001,"data_generator_V":-61.989841},{"data_generator_TSEC":39.439999,"data_generator_V":-61.984203},{"data_generator_TSEC":39.52,"data_generator_V":-61.978546},{"data_generator_TSEC":39.599998,"data_generator_V":-61.97287},{"data_generator_TSEC":39.68,"data_generator_V":-61.967171},{"data_generator_TSEC":39.759998,"data_generator_V":-61.961452},{"data_generator_TSEC":39.84,"data_generator_V":-61.955711},{"data_generator_TSEC":39.919998,"data_generator_V":-61.949947},{"data_generator_TSEC":40.0,"data_generator_V":-61.944164},{"data_generator_TSEC":40.080002,"data_generator_V":-61.938358},{"data_generator_TSEC":40.16,"data_generator_V":-61.932529},{"data_generator_TSEC":40.240002,"data_generator_V":-61.926678},{"data_generator_TSEC":40.32,"data_generator_V":-61.920803},{"data_generator_TSEC":40.400002,"data_generator_V":-61.914906},{"data_generator_TSEC":40.48,"data_generator_V":-61.908985},{"data_generator_TSEC":40.560001,"data_generator_V":-61.903042},{"data_generator_TSEC":40.639999,"data_generator_V":-61.897072},{"data_generator_TSEC":40.720001,"data_generator_V":-61.891083},{"data_generator_TSEC":40.799999,"data_generator_V":-61.885067},{"data_generator_TSEC":40.880001,"data_generator_V":-61.879025},{"data_generator_TSEC":40.959999,"data_generator_V":-61.872959},{"data_generator_TSEC":41.040001,"data_generator_V":-61.866867},{"data_generator_TSEC":41.119999,"data_generator_V":-61.860752},{"data_generator_TSEC":41.200001,"data_generator_V":-61.85461},{"data_generator_TSEC":41.279999,"data_generator_V":-61.848442},{"data_generator_TSEC":41.360001,"data_generator_V":-61.842247},{"data_generator_TSEC":41.439999,"data_generator_V":-61.836025},{"data_generator_TSEC":41.52,"data_generator_V":-61.829773},{"data_generator_TSEC":41.599998,"data_generator_V":-61.823498},{"data_generator_TSEC":41.68,"data_generator_V":-61.817192},{"data_generator_TSEC":41.759998,"data_generator_V":-61.81086},{"data_generator_TSEC":41.84,"data_generator_V":-61.804501},{"data_generator_TSEC":41.919998,"data_generator_V":-61.798107},{"data_generator_TSEC":42.0,"data_generator_V":-61.791687},{"data_generator_TSEC":42.080002,"data_generator_V":-61.785236},{"data_generator_TSEC":42.16,"data_generator_V":-61.778755},{"data_generator_TSEC":42.240002,"data_generator_V":-61.772243},{"data_generator_TSEC":42.32,"data_generator_V":-61.765701},{"data_generator_TSEC":42.400002,"data_generator_V":-61.759125},{"data_generator_TSEC":42.48,"data_generator_V":-61.752514},{"data_generator_TSEC":42.560001,"data_generator_V":-61.745872},{"data_generator_TSEC":42.639999,"data_generator_V":-61.739197},{"data_generator_TSEC":42.720001,"data_generator_V":-61.732487},{"data_generator_TSEC":42.799999,"data_generator_V":-61.725739},{"data_generator_TSEC":42.880001,"data_generator_V":-61.71896},{"data_generator_TSEC":42.959999,"data_generator_V":-61.712143},{"data_generator_TSEC":43.040001,"data_generator_V":-61.705288},{"data_generator_TSEC":43.119999,"data_generator_V":-61.698395},{"data_generator_TSEC":43.200001,"data_generator_V":-61.691467},{"data_generator_TSEC":43.279999,"data_generator_V":-61.684498},{"data_generator_TSEC":43.360001,"data_generator_V":-61.67749},{"data_generator_TSEC":43.439999,"data_generator_V":-61.670444},{"data_generator_TSEC":43.52,"data_generator_V":-61.663353},{"data_generator_TSEC":43.599998,"data_generator_V":-61.656223},{"data_generator_TSEC":43.68,"data_generator_V":-61.649052},{"data_generator_TSEC":43.759998,"data_generator_V":-61.641838},{"data_generator_TSEC":43.84,"data_generator_V":-61.634583},{"data_generator_TSEC":43.919998,"data_generator_V":-61.627285},{"data_generator_TSEC":44.0,"data_generator_V":-61.619942},{"data_generator_TSEC":44.080002,"data_generator_V":-61.612553},{"data_generator_TSEC":44.16,"data_generator_V":-61.605122},{"data_generator_TSEC":44.240002,"data_generator_V":-61.597641},{"data_generator_TSEC":44.32,"data_generator_V":-61.590118},{"data_generator_TSEC":44.400002,"data_generator_V":-61.582546},{"data_generator_TSEC":44.48,"data_generator_V":-61.574928},{"data_generator_TSEC":44.560001,"data_generator_V":-61.567257},{"data_generator_TSEC":44.639999,"data_generator_V":-61.559536},{"data_generator_TSEC":44.720001,"data_generator_V":-61.551765},{"data_generator_TSEC":44.799999,"data_generator_V":-61.543941},{"data_generator_TSEC":44.880001,"data_generator_V":-61.536068},{"data_generator_TSEC":44.959999,"data_generator_V":-61.528137},{"data_generator_TSEC":45.040001,"data_generator_V":-61.520149},{"data_generator_TSEC":45.119999,"data_generator_V":-61.512104},{"data_generator_TSEC":45.200001,"data_generator_V":-61.504002},{"data_generator_TSEC":45.279999,"data_generator_V":-61.495838},{"data_generator_TSEC":45.360001,"data_generator_V":-61.48761},{"data_generator_TSEC":45.439999,"data_generator_V":-61.479321},{"data_generator_TSEC":45.52,"data_generator_V":-61.470963},{"data_generator_TSEC":45.599998,"data_generator_V":-61.462536},{"data_generator_TSEC":45.68,"data_generator_V":-61.454041},{"data_generator_TSEC":45.759998,"data_generator_V":-61.445477},{"data_generator_TSEC":45.84,"data_generator_V":-61.43684},{"data_generator_TSEC":45.919998,"data_generator_V":-61.428127},{"data_generator_TSEC":46.0,"data_generator_V":-61.419338},{"data_generator_TSEC":46.080002,"data_generator_V":-61.410469},{"data_generator_TSEC":46.16,"data_generator_V":-61.40152},{"data_generator_TSEC":46.240002,"data_generator_V":-61.392487},{"data_generator_TSEC":46.32,"data_generator_V":-61.383369},{"data_generator_TSEC":46.400002,"data_generator_V":-61.374168},{"data_generator_TSEC":46.48,"data_generator_V":-61.36488},{"data_generator_TSEC":46.560001,"data_generator_V":-61.355499},{"data_generator_TSEC":46.639999,"data_generator_V":-61.346027},{"data_generator_TSEC":46.720001,"data_generator_V":-61.336468},{"data_generator_TSEC":46.799999,"data_generator_V":-61.326809},{"data_generator_TSEC":46.880001,"data_generator_V":-61.317055},{"data_generator_TSEC":46.959999,"data_generator_V":-61.307198},{"data_generator_TSEC":47.040001,"data_generator_V":-61.297237},{"data_generator_TSEC":47.119999,"data_generator_V":-61.287167},{"data_generator_TSEC":47.200001,"data_generator_V":-61.276993},{"data_generator_TSEC":47.279999,"data_generator_V":-61.266701},{"data_generator_TSEC":47.360001,"data_generator_V":-61.25629},{"data_generator_TSEC":47.439999,"data_generator_V":-61.245754},{"data_generator_TSEC":47.52,"data_generator_V":-61.235088},{"data_generator_TSEC":47.599998,"data_generator_V":-61.224285},{"data_generator_TSEC":47.68,"data_generator_V":-61.213341},{"data_generator_TSEC":47.759998,"data_generator_V":-61.202248},{"data_generator_TSEC":47.84,"data_generator_V":-61.191006},{"data_generator_TSEC":47.919998,"data_generator_V":-61.179604},{"data_generator_TSEC":48.0,"data_generator_V":-61.16803},{"data_generator_TSEC":48.080002,"data_generator_V":-61.156284},{"data_generator_TSEC":48.16,"data_generator_V":-61.144356},{"data_generator_TSEC":48.240002,"data_generator_V":-61.132244},{"data_generator_TSEC":48.32,"data_generator_V":-61.119942},{"data_generator_TSEC":48.400002,"data_generator_V":-61.107433},{"data_generator_TSEC":48.48,"data_generator_V":-61.094723},{"data_generator_TSEC":48.560001,"data_generator_V":-61.081795},{"data_generator_TSEC":48.639999,"data_generator_V":-61.068638},{"data_generator_TSEC":48.720001,"data_generator_V":-61.055248},{"data_generator_TSEC":48.799999,"data_generator_V":-61.041611},{"data_generator_TSEC":48.880001,"data_generator_V":-61.027718},{"data_generator_TSEC":48.959999,"data_generator_V":-61.013546},{"data_generator_TSEC":49.040001,"data_generator_V":-60.999081},{"data_generator_TSEC":49.119999,"data_generator_V":-60.984303},{"data_generator_TSEC":49.200001,"data_generator_V":-60.969196},{"data_generator_TSEC":49.279999,"data_generator_V":-60.953735},{"data_generator_TSEC":49.360001,"data_generator_V":-60.937904},{"data_generator_TSEC":49.439999,"data_generator_V":-60.921669},{"data_generator_TSEC":49.52,"data_generator_V":-60.905006},{"data_generator_TSEC":49.599998,"data_generator_V":-60.887886},{"data_generator_TSEC":49.68,"data_generator_V":-60.870277},{"data_generator_TSEC":49.759998,"data_generator_V":-60.852142},{"data_generator_TSEC":49.84,"data_generator_V":-60.833447},{"data_generator_TSEC":49.919998,"data_generator_V":-60.814133},{"data_generator_TSEC":50.0,"data_generator_V":-60.794163},{"data_generator_TSEC":50.080002,"data_generator_V":-60.773479},{"data_generator_TSEC":50.16,"data_generator_V":-60.752022},{"data_generator_TSEC":50.240002,"data_generator_V":-60.729702},{"data_generator_TSEC":50.32,"data_generator_V":-60.706432},{"data_generator_TSEC":50.400002,"data_generator_V":-60.682114},{"data_generator_TSEC":50.48,"data_generator_V":-60.656631},{"data_generator_TSEC":50.560001,"data_generator_V":-60.629845},{"data_generator_TSEC":50.639999,"data_generator_V":-60.601589},{"data_generator_TSEC":50.720001,"data_generator_V":-60.571693},{"data_generator_TSEC":50.799999,"data_generator_V":-60.539925},{"data_generator_TSEC":50.880001,"data_generator_V":-60.506008},{"data_generator_TSEC":50.959999,"data_generator_V":-60.469601},{"data_generator_TSEC":51.040001,"data_generator_V":-60.430294},{"data_generator_TSEC":51.119999,"data_generator_V":-60.387558},{"data_generator_TSEC":51.200001,"data_generator_V":-60.340748},{"data_generator_TSEC":51.279999,"data_generator_V":-60.289013},{"data_generator_TSEC":51.360001,"data_generator_V":-60.231228},{"data_generator_TSEC":51.439999,"data_generator_V":-60.165894},{"data_generator_TSEC":51.52,"data_generator_V":-60.090977},{"data_generator_TSEC":51.599998,"data_generator_V":-60.003532},{"data_generator_TSEC":51.68,"data_generator_V":-59.899269},{"data_generator_TSEC":51.759998,"data_generator_V":-59.771679},{"data_generator_TSEC":51.84,"data_generator_V":-59.610241},{"data_generator_TSEC":51.919998,"data_generator_V":-59.396835},{"data_generator_TSEC":52.0,"data_generator_V":-59.097305},{"data_generator_TSEC":52.080002,"data_generator_V":-58.638561},{"data_generator_TSEC":52.16,"data_generator_V":-57.829311},{"data_generator_TSEC":52.240002,"data_generator_V":-55.94714},{"data_generator_TSEC":52.32,"data_generator_V":-44.277248},{"data_generator_TSEC":52.400002,"data_generator_V":-62.117722},{"data_generator_TSEC":52.48,"data_generator_V":-64.95813},{"data_generator_TSEC":52.560001,"data_generator_V":-64.485069},{"data_generator_TSEC":52.639999,"data_generator_V":-63.808319},{"data_generator_TSEC":52.720001,"data_generator_V":-63.219696},{"data_generator_TSEC":52.799999,"data_generator_V":-62.741043},{"data_generator_TSEC":52.880001,"data_generator_V":-62.353924},{"data_generator_TSEC":52.959999,"data_generator_V":-62.038158},{"data_generator_TSEC":53.040001,"data_generator_V":-61.777496},{"data_generator_TSEC":53.119999,"data_generator_V":-61.559452},{"data_generator_TSEC":53.200001,"data_generator_V":-61.374386},{"data_generator_TSEC":53.279999,"data_generator_V":-61.214817},{"data_generator_TSEC":53.360001,"data_generator_V":-61.074718},{"data_generator_TSEC":53.439999,"data_generator_V":-60.949238},{"data_generator_TSEC":53.52,"data_generator_V":-60.83429},{"data_generator_TSEC":53.599998,"data_generator_V":-60.726391},{"data_generator_TSEC":53.68,"data_generator_V":-60.62244},{"data_generator_TSEC":53.759998,"data_generator_V":-60.519485},{"data_generator_TSEC":53.84,"data_generator_V":-60.414532},{"data_generator_TSEC":53.919998,"data_generator_V":-60.304256},{"data_generator_TSEC":54.0,"data_generator_V":-60.18465},{"data_generator_TSEC":54.080002,"data_generator_V":-60.050407},{"data_generator_TSEC":54.16,"data_generator_V":-59.893826},{"data_generator_TSEC":54.240002,"data_generator_V":-59.70295},{"data_generator_TSEC":54.32,"data_generator_V":-59.457203},{"data_generator_TSEC":54.400002,"data_generator_V":-59.117641},{"data_generator_TSEC":54.48,"data_generator_V":-58.598804},{"data_generator_TSEC":54.560001,"data_generator_V":-57.666866},{"data_generator_TSEC":54.639999,"data_generator_V":-55.343777},{"data_generator_TSEC":54.720001,"data_generator_V":-25.704052},{"data_generator_TSEC":54.799999,"data_generator_V":-63.484753},{"data_generator_TSEC":54.880001,"data_generator_V":-64.883278},{"data_generator_TSEC":54.959999,"data_generator_V":-64.324432},{"data_generator_TSEC":55.040001,"data_generator_V":-63.656322},{"data_generator_TSEC":55.119999,"data_generator_V":-63.083874},{"data_generator_TSEC":55.200001,"data_generator_V":-62.61644},{"data_generator_TSEC":55.279999,"data_generator_V":-62.234722},{"data_generator_TSEC":55.360001,"data_generator_V":-61.919247},{"data_generator_TSEC":55.439999,"data_generator_V":-61.654449},{"data_generator_TSEC":55.52,"data_generator_V":-61.428288},{"data_generator_TSEC":55.599998,"data_generator_V":-61.231339},{"data_generator_TSEC":55.68,"data_generator_V":-61.056019},{"data_generator_TSEC":55.759998,"data_generator_V":-60.895985},{"data_generator_TSEC":55.84,"data_generator_V":-60.745724},{"data_generator_TSEC":55.919998,"data_generator_V":-60.600143},{"data_generator_TSEC":56.0,"data_generator_V":-60.454128},{"data_generator_TSEC":56.080002,"data_generator_V":-60.302025},{"data_generator_TSEC":56.16,"data_generator_V":-60.136841},{"data_generator_TSEC":56.240002,"data_generator_V":-59.94891},{"data_generator_TSEC":56.32,"data_generator_V":-59.723305},{"data_generator_TSEC":56.400002,"data_generator_V":-59.434284},{"data_generator_TSEC":56.48,"data_generator_V":-59.031372},{"data_generator_TSEC":56.560001,"data_generator_V":-58.397293},{"data_generator_TSEC":56.639999,"data_generator_V":-57.174717},{"data_generator_TSEC":56.720001,"data_generator_V":-53.407803},{"data_generator_TSEC":56.799999,"data_generator_V":-40.886833},{"data_generator_TSEC":56.880001,"data_generator_V":-64.550545},{"data_generator_TSEC":56.959999,"data_generator_V":-64.706772},{"data_generator_TSEC":57.040001,"data_generator_V":-64.058151},{"data_generator_TSEC":57.119999,"data_generator_V":-63.415264},{"data_generator_TSEC":57.200001,"data_generator_V":-62.876289},{"data_generator_TSEC":57.279999,"data_generator_V":-62.434574},{"data_generator_TSEC":57.360001,"data_generator_V":-62.069778},{"data_generator_TSEC":57.439999,"data_generator_V":-61.763721},{"data_generator_TSEC":57.52,"data_generator_V":-61.501987},{"data_generator_TSEC":57.599998,"data_generator_V":-61.273239},{"data_generator_TSEC":57.68,"data_generator_V":-61.068298},{"data_generator_TSEC":57.759998,"data_generator_V":-60.879383},{"data_generator_TSEC":57.84,"data_generator_V":-60.699482},{"data_generator_TSEC":57.919998,"data_generator_V":-60.521702},{"data_generator_TSEC":58.0,"data_generator_V":-60.338516},{"data_generator_TSEC":58.080002,"data_generator_V":-60.140648},{"data_generator_TSEC":58.16,"data_generator_V":-59.915047},{"data_generator_TSEC":58.240002,"data_generator_V":-59.640903},{"data_generator_TSEC":58.32,"data_generator_V":-59.280346},{"data_generator_TSEC":58.400002,"data_generator_V":-58.752693},{"data_generator_TSEC":58.48,"data_generator_V":-57.843483},{"data_generator_TSEC":58.560001,"data_generator_V":-55.70034},{"data_generator_TSEC":58.639999,"data_generator_V":-37.746223},{"data_generator_TSEC":58.720001,"data_generator_V":-62.87582},{"data_generator_TSEC":58.799999,"data_generator_V":-64.827927},{"data_generator_TSEC":58.880001,"data_generator_V":-64.317764},{"data_generator_TSEC":58.959999,"data_generator_V":-63.646347},{"data_generator_TSEC":59.040001,"data_generator_V":-63.059593},{"data_generator_TSEC":59.119999,"data_generator_V":-62.574753},{"data_generator_TSEC":59.200001,"data_generator_V":-62.17379},{"data_generator_TSEC":59.279999,"data_generator_V":-61.83712},{"data_generator_TSEC":59.360001,"data_generator_V":-61.548634},{"data_generator_TSEC":59.439999,"data_generator_V":-61.295513},{"data_generator_TSEC":59.52,"data_generator_V":-61.067265},{"data_generator_TSEC":59.599998,"data_generator_V":-60.854809},{"data_generator_TSEC":59.68,"data_generator_V":-60.649719},{"data_generator_TSEC":59.759998,"data_generator_V":-60.443123},{"data_generator_TSEC":59.84,"data_generator_V":-60.224651},{"data_generator_TSEC":59.919998,"data_generator_V":-59.980122},{"data_generator_TSEC":60.0,"data_generator_V":-59.687431},{"data_generator_TSEC":60.080002,"data_generator_V":-59.306564},{"data_generator_TSEC":60.16,"data_generator_V":-58.751904},{"data_generator_TSEC":60.240002,"data_generator_V":-57.792721},{"data_generator_TSEC":60.32,"data_generator_V":-55.477032},{"data_generator_TSEC":60.400002,"data_generator_V":-29.067656},{"data_generator_TSEC":60.48,"data_generator_V":-63.266197},{"data_generator_TSEC":60.560001,"data_generator_V":-64.787537},{"data_generator_TSEC":60.639999,"data_generator_V":-64.250488},{"data_generator_TSEC":60.720001,"data_generator_V":-63.581635},{"data_generator_TSEC":60.799999,"data_generator_V":-62.998886},{"data_generator_TSEC":60.880001,"data_generator_V":-62.515514},{"data_generator_TSEC":60.959999,"data_generator_V":-62.113224},{"data_generator_TSEC":61.040001,"data_generator_V":-61.772549},{"data_generator_TSEC":61.119999,"data_generator_V":-61.477386},{"data_generator_TSEC":61.200001,"data_generator_V":-61.214691},{"data_generator_TSEC":61.279999,"data_generator_V":-60.973446},{"data_generator_TSEC":61.360001,"data_generator_V":-60.743607},{"data_generator_TSEC":61.439999,"data_generator_V":-60.515076},{"data_generator_TSEC":61.52,"data_generator_V":-60.276131},{"data_generator_TSEC":61.599998,"data_generator_V":-60.01096},{"data_generator_TSEC":61.68,"data_generator_V":-59.695084},{"data_generator_TSEC":61.759998,"data_generator_V":-59.283596},{"data_generator_TSEC":61.84,"data_generator_V":-58.678497},{"data_generator_TSEC":61.919998,"data_generator_V":-57.603554},{"data_generator_TSEC":62.0,"data_generator_V":-54.796009},{"data_generator_TSEC":62.080002,"data_generator_V":-8.8132343},{"data_generator_TSEC":62.16,"data_generator_V":-63.933338},{"data_generator_TSEC":62.240002,"data_generator_V":-64.717239},{"data_generator_TSEC":62.32,"data_generator_V":-64.125359},{"data_generator_TSEC":62.400002,"data_generator_V":-63.464157},{"data_generator_TSEC":62.48,"data_generator_V":-62.894321},{"data_generator_TSEC":62.560001,"data_generator_V":-62.420174},{"data_generator_TSEC":62.639999,"data_generator_V":-62.022564},{"data_generator_TSEC":62.720001,"data_generator_V":-61.682343},{"data_generator_TSEC":62.799999,"data_generator_V":-61.383648},{"data_generator_TSEC":62.880001,"data_generator_V":-61.113285},{"data_generator_TSEC":62.959999,"data_generator_V":-60.859646},{"data_generator_TSEC":63.040001,"data_generator_V":-60.611374},{"data_generator_TSEC":63.119999,"data_generator_V":-60.355808},{"data_generator_TSEC":63.200001,"data_generator_V":-60.076519},{"data_generator_TSEC":63.279999,"data_generator_V":-59.748379},{"data_generator_TSEC":63.360001,"data_generator_V":-59.32608},{"data_generator_TSEC":63.439999,"data_generator_V":-58.711147},{"data_generator_TSEC":63.52,"data_generator_V":-57.6269},{"data_generator_TSEC":63.599998,"data_generator_V":-54.809486},{"data_generator_TSEC":63.68,"data_generator_V":-8.8297348},{"data_generator_TSEC":63.759998,"data_generator_V":-63.904968},{"data_generator_TSEC":63.84,"data_generator_V":-64.693825},{"data_generator_TSEC":63.919998,"data_generator_V":-64.104546},{"data_generator_TSEC":64.0,"data_generator_V":-63.442772},{"data_generator_TSEC":64.080002,"data_generator_V":-62.870373},{"data_generator_TSEC":64.160004,"data_generator_V":-62.392124},{"data_generator_TSEC":64.239998,"data_generator_V":-61.989002},{"data_generator_TSEC":64.32,"data_generator_V":-61.641727},{"data_generator_TSEC":64.400002,"data_generator_V":-61.334091},{"data_generator_TSEC":64.480003,"data_generator_V":-61.052338},{"data_generator_TSEC":64.559998,"data_generator_V":-60.78381},{"data_generator_TSEC":64.639999,"data_generator_V":-60.515572},{"data_generator_TSEC":64.720001,"data_generator_V":-60.231888},{"data_generator_TSEC":64.800003,"data_generator_V":-59.910587},{"data_generator_TSEC":64.879997,"data_generator_V":-59.514133},{"data_generator_TSEC":64.959999,"data_generator_V":-58.966434},{"data_generator_TSEC":65.040001,"data_generator_V":-58.073578},{"data_generator_TSEC":65.120003,"data_generator_V":-56.109604},{"data_generator_TSEC":65.199997,"data_generator_V":-44.348869},{"data_generator_TSEC":65.279999,"data_generator_V":-61.844959},{"data_generator_TSEC":65.360001,"data_generator_V":-64.728691},{"data_generator_TSEC":65.440002,"data_generator_V":-64.294334},{"data_generator_TSEC":65.519997,"data_generator_V":-63.621548},{"data_generator_TSEC":65.599998,"data_generator_V":-63.016102},{"data_generator_TSEC":65.68,"data_generator_V":-62.506809},{"data_generator_TSEC":65.760002,"data_generator_V":-62.077648},{"data_generator_TSEC":65.839996,"data_generator_V":-61.708553},{"data_generator_TSEC":65.919998,"data_generator_V":-61.38205},{"data_generator_TSEC":66.0,"data_generator_V":-61.083187},{"data_generator_TSEC":66.080002,"data_generator_V":-60.798164},{"data_generator_TSEC":66.160004,"data_generator_V":-60.512623},{"data_generator_TSEC":66.239998,"data_generator_V":-60.208973},{"data_generator_TSEC":66.32,"data_generator_V":-59.861557},{"data_generator_TSEC":66.400002,"data_generator_V":-59.425549},{"data_generator_TSEC":66.480003,"data_generator_V":-58.805622},{"data_generator_TSEC":66.559998,"data_generator_V":-57.739235},{"data_generator_TSEC":66.639999,"data_generator_V":-55.06908},{"data_generator_TSEC":66.720001,"data_generator_V":-6.8023996},{"data_generator_TSEC":66.800003,"data_generator_V":-63.678352},{"data_generator_TSEC":66.879997,"data_generator_V":-64.66729},{"data_generator_TSEC":66.959999,"data_generator_V":-64.098541},{"data_generator_TSEC":67.040001,"data_generator_V":-63.433117},{"data_generator_TSEC":67.120003,"data_generator_V":-62.851303},{"data_generator_TSEC":67.199997,"data_generator_V":-62.361488},{"data_generator_TSEC":67.279999,"data_generator_V":-61.944984},{"data_generator_TSEC":67.360001,"data_generator_V":-61.582165},{"data_generator_TSEC":67.440002,"data_generator_V":-61.255871},{"data_generator_TSEC":67.519997,"data_generator_V":-60.950817},{"data_generator_TSEC":67.599998,"data_generator_V":-60.652046},{"data_generator_TSEC":67.68,"data_generator_V":-60.342342},{"data_generator_TSEC":67.760002,"data_generator_V":-59.997993},{"data_generator_TSEC":67.839996,"data_generator_V":-59.580204},{"data_generator_TSEC":67.919998,"data_generator_V":-59.010754},{"data_generator_TSEC":68.0,"data_generator_V":-58.090206},{"data_generator_TSEC":68.080002,"data_generator_V":-56.064777},{"data_generator_TSEC":68.160004,"data_generator_V":-43.244789},{"data_generator_TSEC":68.239998,"data_generator_V":-62.037003},{"data_generator_TSEC":68.32,"data_generator_V":-64.687508},{"data_generator_TSEC":68.400002,"data_generator_V":-64.244118},{"data_generator_TSEC":68.480003,"data_generator_V":-63.571461},{"data_generator_TSEC":68.559998,"data_generator_V":-62.964287},{"data_generator_TSEC":68.639999,"data_generator_V":-62.450279},{"data_generator_TSEC":68.720001,"data_generator_V":-62.013309},{"data_generator_TSEC":68.800003,"data_generator_V":-61.633144},{"data_generator_TSEC":68.879997,"data_generator_V":-61.291569},{"data_generator_TSEC":68.959999,"data_generator_V":-60.972282},{"data_generator_TSEC":69.040001,"data_generator_V":-60.659317},{"data_generator_TSEC":69.120003,"data_generator_V":-60.333824},{"data_generator_TSEC":69.199997,"data_generator_V":-59.969891},{"data_generator_TSEC":69.279999,"data_generator_V":-59.523403},{"data_generator_TSEC":69.360001,"data_generator_V":-58.903061},{"data_generator_TSEC":69.440002,"data_generator_V":-57.863163},{"data_generator_TSEC":69.519997,"data_generator_V":-55.365322},{"data_generator_TSEC":69.599998,"data_generator_V":-17.934811},{"data_generator_TSEC":69.68,"data_generator_V":-63.364735},{"data_generator_TSEC":69.760002,"data_generator_V":-64.646118},{"data_generator_TSEC":69.839996,"data_generator_V":-64.105011},{"data_generator_TSEC":69.919998,"data_generator_V":-63.436035},{"data_generator_TSEC":70.0,"data_generator_V":-62.844135},{"data_generator_TSEC":70.080002,"data_generator_V":-62.342411},{"data_generator_TSEC":70.160004,"data_generator_V":-61.912666},{"data_generator_TSEC":70.239998,"data_generator_V":-61.534649},{"data_generator_TSEC":70.32,"data_generator_V":-61.190174},{"data_generator_TSEC":70.400002,"data_generator_V":-60.86232},{"data_generator_TSEC":70.480003,"data_generator_V":-60.533173},{"data_generator_TSEC":70.559998,"data_generator_V":-60.180187},{"data_generator_TSEC":70.639999,"data_generator_V":-59.768856},{"data_generator_TSEC":70.720001,"data_generator_V":-59.234264},{"data_generator_TSEC":70.800003,"data_generator_V":-58.423134},{"data_generator_TSEC":70.879997,"data_generator_V":-56.827316},{"data_generator_TSEC":70.959999,"data_generator_V":-50.698898},{"data_generator_TSEC":71.040001,"data_generator_V":-57.151878},{"data_generator_TSEC":71.120003,"data_generator_V":-64.577957},{"data_generator_TSEC":71.199997,"data_generator_V":-64.373596},{"data_generator_TSEC":71.279999,"data_generator_V":-63.709293},{"data_generator_TSEC":71.360001,"data_generator_V":-63.075878},{"data_generator_TSEC":71.440002,"data_generator_V":-62.533314},{"data_generator_TSEC":71.519997,"data_generator_V":-62.070446},{"data_generator_TSEC":71.599998,"data_generator_V":-61.666641},{"data_generator_TSEC":71.68,"data_generator_V":-61.302391},{"data_generator_TSEC":71.760002,"data_generator_V":-60.959713},{"data_generator_TSEC":71.839996,"data_generator_V":-60.620155},{"data_generator_TSEC":71.919998,"data_generator_V":-60.261395},{"data_generator_TSEC":72.0,"data_generator_V":-59.850193},{"data_generator_TSEC":72.080002,"data_generator_V":-59.325993},{"data_generator_TSEC":72.160004,"data_generator_V":-58.55032},{"data_generator_TSEC":72.239998,"data_generator_V":-57.084911},{"data_generator_TSEC":72.32,"data_generator_V":-52.13427},{"data_generator_TSEC":72.400002,"data_generator_V":-52.62096},{"data_generator_TSEC":72.480003,"data_generator_V":-64.477211},{"data_generator_TSEC":72.559998,"data_generator_V":-64.419312},{"data_generator_TSEC":72.639999,"data_generator_V":-63.765415},{"data_generator_TSEC":72.720001,"data_generator_V":-63.122131},{"data_generator_TSEC":72.800003,"data_generator_V":-62.567551},{"data_generator_TSEC":72.879997,"data_generator_V":-62.093468},{"data_generator_TSEC":72.959999,"data_generator_V":-61.679287},{"data_generator_TSEC":73.040001,"data_generator_V":-61.304913},{"data_generator_TSEC":73.120003,"data_generator_V":-60.951542},{"data_generator_TSEC":73.199997,"data_generator_V":-60.59959},{"data_generator_TSEC":73.279999,"data_generator_V":-60.224709},{"data_generator_TSEC":73.360001,"data_generator_V":-59.789761},{"data_generator_TSEC":73.440002,"data_generator_V":-59.224632},{"data_generator_TSEC":73.519997,"data_generator_V":-58.360611},{"data_generator_TSEC":73.599998,"data_generator_V":-56.615158},{"data_generator_TSEC":73.68,"data_generator_V":-48.976109},{"data_generator_TSEC":73.760002,"data_generator_V":-59.515709},{"data_generator_TSEC":73.839996,"data_generator_V":-64.587402},{"data_generator_TSEC":73.919998,"data_generator_V":-64.288704},{"data_generator_TSEC":74.0,"data_generator_V":-63.619358},{"data_generator_TSEC":74.080002,"data_generator_V":-62.990585},{"data_generator_TSEC":74.160004,"data_generator_V":-62.450378},{"data_generator_TSEC":74.239998,"data_generator_V":-61.985733},{"data_generator_TSEC":74.32,"data_generator_V":-61.575546},{"data_generator_TSEC":74.400002,"data_generator_V":-61.199581},{"data_generator_TSEC":74.480003,"data_generator_V":-60.838238},{"data_generator_TSEC":74.559998,"data_generator_V":-60.469727},{"data_generator_TSEC":74.639999,"data_generator_V":-60.064667},{"data_generator_TSEC":74.720001,"data_generator_V":-59.574062},{"data_generator_TSEC":74.800003,"data_generator_V":-58.895336},{"data_generator_TSEC":74.879997,"data_generator_V":-57.744007},{"data_generator_TSEC":74.959999,"data_generator_V":-54.813572},{"data_generator_TSEC":75.040001,"data_generator_V":-10.90181},{"data_generator_TSEC":75.120003,"data_generator_V":-63.78595},{"data_generator_TSEC":75.199997,"data_generator_V":-64.547272},{"data_generator_TSEC":75.279999,"data_generator_V":-63.966652},{"data_generator_TSEC":75.360001,"data_generator_V":-63.299995},{"data_generator_TSEC":75.440002,"data_generator_V":-62.710644},{"data_generator_TSEC":75.519997,"data_generator_V":-62.205128},{"data_generator_TSEC":75.599998,"data_generator_V":-61.764118},{"data_generator_TSEC":75.68,"data_generator_V":-61.366352},{"data_generator_TSEC":75.760002,"data_generator_V":-60.99144},{"data_generator_TSEC":75.839996,"data_generator_V":-60.617996},{"data_generator_TSEC":75.919998,"data_generator_V":-60.219051},{"data_generator_TSEC":76.0,"data_generator_V":-59.752792},{"data_generator_TSEC":76.080002,"data_generator_V":-59.137684},{"data_generator_TSEC":76.160004,"data_generator_V":-58.167873},{"data_generator_TSEC":76.239998,"data_generator_V":-56.0606},{"data_generator_TSEC":76.32,"data_generator_V":-42.042393},{"data_generator_TSEC":76.400002,"data_generator_V":-62.132664},{"data_generator_TSEC":76.480003,"data_generator_V":-64.588005},{"data_generator_TSEC":76.559998,"data_generator_V":-64.143616},{"data_generator_TSEC":76.639999,"data_generator_V":-63.469604},{"data_generator_TSEC":76.720001,"data_generator_V":-62.853394},{"data_generator_TSEC":76.800003,"data_generator_V":-62.322865},{"data_generator_TSEC":76.879997,"data_generator_V":-61.861744},{"data_generator_TSEC":76.959999,"data_generator_V":-61.44833},{"data_generator_TSEC":77.040001,"data_generator_V":-61.06155},{"data_generator_TSEC":77.120003,"data_generator_V":-60.679443},{"data_generator_TSEC":77.199997,"data_generator_V":-60.27512},{"data_generator_TSEC":77.279999,"data_generator_V":-59.807568},{"data_generator_TSEC":77.360001,"data_generator_V":-59.198486},{"data_generator_TSEC":77.440002,"data_generator_V":-58.25362},{"data_generator_TSEC":77.519997,"data_generator_V":-56.258221},{"data_generator_TSEC":77.599998,"data_generator_V":-44.942146},{"data_generator_TSEC":77.68,"data_generator_V":-61.529922},{"data_generator_TSEC":77.760002,"data_generator_V":-64.571541},{"data_generator_TSEC":77.839996,"data_generator_V":-64.167488},{"data_generator_TSEC":77.919998,"data_generator_V":-63.493683},{"data_generator_TSEC":78.0,"data_generator_V":-62.87104},{"data_generator_TSEC":78.080002,"data_generator_V":-62.333298},{"data_generator_TSEC":78.160004,"data_generator_V":-61.86496},{"data_generator_TSEC":78.239998,"data_generator_V":-61.444218},{"data_generator_TSEC":78.32,"data_generator_V":-61.049179},{"data_generator_TSEC":78.400002,"data_generator_V":-60.656971},{"data_generator_TSEC":78.480003,"data_generator_V":-60.238903},{"data_generator_TSEC":78.559998,"data_generator_V":-59.749859},{"data_generator_TSEC":78.639999,"data_generator_V":-59.101223},{"data_generator_TSEC":78.720001,"data_generator_V":-58.062706},{"data_generator_TSEC":78.800003,"data_generator_V":-55.707111},{"data_generator_TSEC":78.879997,"data_generator_V":-32.21233},{"data_generator_TSEC":78.959999,"data_generator_V":-62.873127},{"data_generator_TSEC":79.040001,"data_generator_V":-64.553596},{"data_generator_TSEC":79.120003,"data_generator_V":-64.054291},{"data_generator_TSEC":79.199997,"data_generator_V":-63.379948},{"data_generator_TSEC":79.279999,"data_generator_V":-62.768608},{"data_generator_TSEC":79.360001,"data_generator_V":-62.240017},{"data_generator_TSEC":79.440002,"data_generator_V":-61.77644},{"data_generator_TSEC":79.519997,"data_generator_V":-61.355515},{"data_generator_TSEC":79.599998,"data_generator_V":-60.954796},{"data_generator_TSEC":79.68,"data_generator_V":-60.549522},{"data_generator_TSEC":79.760002,"data_generator_V":-60.106499},{"data_generator_TSEC":79.839996,"data_generator_V":-59.569977},{"data_generator_TSEC":79.919998,"data_generator_V":-58.820198},{"data_generator_TSEC":80.0,"data_generator_V":-57.506886}]