<?xml version='1.0' encoding='utf-8'?>
<RDF:RDF xmlns:NS2="http://www.cellml.org/metadata/graphs/1.0#" xmlns:NS1="http://www.cellml.org/tools/pcenv/" xmlns:NC="http://home.netscape.com/NC-rdf#" xmlns:RDF="http://www.w3.org/1999/02/22-rdf-syntax-ns#">
  <RDF:Description RDF:about="rdf:#$tC+8P1" NS1:graphname="Na+-K+ exchanger (white, picoA) &amp; sarc. Ca++ pump (yellow, picoA) &amp; Na+Ca++ exchanger (purple, picoA)">
    <NS2:traces RDF:resource="rdf:#$NJ+8P1"/>
  </RDF:Description>
  <RDF:Description RDF:about="http://www.cellml.org/tools/pcenv/splitter/graph_key_graph2" NS1:splitterState_collapsedAfter="true" NS1:splitterState_prevHeight="251" NS1:splitterState_nextHeight="0"/>
  <RDF:Description RDF:about="rdf:#$.J+8P1">
    <RDF:first RDF:resource="rdf:#$uC+8P1"/>
    <RDF:rest RDF:resource="rdf:#$8K+8P1"/>
  </RDF:Description>
  <RDF:Description RDF:about="rdf:#$MJ+8P1">
    <RDF:first RDF:resource="rdf:#$tC+8P1"/>
    <RDF:rest RDF:resource="rdf:#$.J+8P1"/>
  </RDF:Description>
  <RDF:Description RDF:about="rdf:#$WJ+8P1">
    <RDF:first RDF:resource="rdf:#$XJ+8P1"/>
    <RDF:rest RDF:resource="http://www.w3.org/1999/02/22-rdf-syntax-ns#nil"/>
  </RDF:Description>
  <RDF:Description RDF:about="rdf:#$bK+8P1" NS2:colour="#ff0000">
    <NS2:type RDF:resource="http://www.cellml.org/metadata/graphs/1.0#line"/>
    <NS2:x-variable RDF:resource="rdf:#$cK+8P1"/>
    <NS2:y-variable RDF:resource="rdf:#$dK+8P1"/>
  </RDF:Description>
  <RDF:Description RDF:about="http://www.cellml.org/tools/pcenv/splitter/graph_sel_graph2">
    <NS1:activegraph RDF:resource="rdf:#$uC+8P1"/>
  </RDF:Description>
  <RDF:Description RDF:about="http://www.cellml.org/tools/pcenv/splitter/graph_key_graph3" NS1:splitterState_collapsedAfter="true" NS1:splitterState_nextHeight="0"/>
  <RDF:Description RDF:about="rdf:#$+J+8P1">
    <RDF:first RDF:resource="rdf:#$0K+8P1"/>
  </RDF:Description>
  <RDF:Description RDF:about="http://www.cellml.org/tools/pcenv/displayGraphs">
    <RDF:first RDF:resource="rdf:#$MJ+8P1"/>
  </RDF:Description>
  <RDF:Description RDF:about="rdf:#$OJ+8P1">
    <RDF:first RDF:resource="rdf:#$PJ+8P1"/>
    <RDF:rest RDF:resource="rdf:#$SJ+8P1"/>
  </RDF:Description>
  <RDF:Description RDF:about="rdf:#$2K+8P1">
    <NS2:variable RDF:resource="courtemanche_ramirez_nattel_1998.cellml#environment_time"/>
  </RDF:Description>
  <RDF:Description RDF:about="rdf:#$7K+8P1">
    <NS2:variable RDF:resource="courtemanche_ramirez_nattel_1998.cellml#slow_delayed_rectifier_K_current_i_Ks"/>
  </RDF:Description>
  <RDF:Description RDF:about="rdf:#$aK+8P1">
    <RDF:first RDF:resource="rdf:#$bK+8P1"/>
    <RDF:rest RDF:resource="http://www.w3.org/1999/02/22-rdf-syntax-ns#nil"/>
  </RDF:Description>
  <RDF:Description RDF:about="rdf:#$vC+8P1" NS1:graphname="Membrane Potential (mV)">
    <NS2:traces RDF:resource="rdf:#$9K+8P1"/>
  </RDF:Description>
  <RDF:Description RDF:about="rdf:#$9K+8P1">
    <RDF:first RDF:resource="rdf:#$aK+8P1"/>
  </RDF:Description>
  <RDF:Description RDF:about="rdf:#$dK+8P1">
    <NS2:variable RDF:resource="courtemanche_ramirez_nattel_1998.cellml#membrane_V"/>
  </RDF:Description>
  <RDF:Description RDF:about="rdf:#$ZJ+8P1">
    <NS2:variable RDF:resource="courtemanche_ramirez_nattel_1998.cellml#Na_Ca_exchanger_current_i_NaCa"/>
  </RDF:Description>
  <RDF:Description RDF:about="rdf:#$TJ+8P1" NS2:colour="#ffff00">
    <NS2:type RDF:resource="http://www.cellml.org/metadata/graphs/1.0#line"/>
    <NS2:x-variable RDF:resource="rdf:#$UJ+8P1"/>
    <NS2:y-variable RDF:resource="rdf:#$VJ+8P1"/>
  </RDF:Description>
  <RDF:Description RDF:about="rdf:#$cK+8P1">
    <NS2:variable RDF:resource="courtemanche_ramirez_nattel_1998.cellml#environment_time"/>
  </RDF:Description>
  <RDF:Description RDF:about="rdf:#$YJ+8P1">
    <NS2:variable RDF:resource="courtemanche_ramirez_nattel_1998.cellml#environment_time"/>
  </RDF:Description>
  <RDF:Seq RDF:about="http://www.cellml.org/tools/pcenv/loadedModels">
    <RDF:li RDF:resource="courtemanche_ramirez_nattel_1998.cellml"/>
  </RDF:Seq>
  <RDF:Seq RDF:about="rdf:#$LJ+8P1">
  </RDF:Seq>
  <RDF:Description RDF:about="rdf:#$6K+8P1">
    <NS2:variable RDF:resource="courtemanche_ramirez_nattel_1998.cellml#environment_time"/>
  </RDF:Description>
  <RDF:Description RDF:about="http://www.cellml.org/tools/pcenv/splitter/graph_key_graph1" NS1:splitterState_collapsedAfter="true" NS1:splitterState_nextHeight="0"/>
  <RDF:Description RDF:about="rdf:#$NJ+8P1">
    <RDF:first RDF:resource="rdf:#$OJ+8P1"/>
  </RDF:Description>
  <RDF:Description RDF:about="rdf:#$1K+8P1" NS2:colour="#3333ff">
    <NS2:type RDF:resource="http://www.cellml.org/metadata/graphs/1.0#line"/>
    <NS2:x-variable RDF:resource="rdf:#$2K+8P1"/>
    <NS2:y-variable RDF:resource="rdf:#$3K+8P1"/>
  </RDF:Description>
  <RDF:Description RDF:about="rdf:#$SJ+8P1">
    <RDF:first RDF:resource="rdf:#$TJ+8P1"/>
    <RDF:rest RDF:resource="rdf:#$WJ+8P1"/>
  </RDF:Description>
  <RDF:Description RDF:about="http://www.cellml.org/tools/pcenv/splitter/intergraph2" NS1:splitterState_prevHeight="261" NS1:splitterState_nextHeight="316"/>
  <RDF:Description RDF:about="http://www.cellml.org/tools/pcenv/splitter/intergraph1" NS1:splitterState_prevHeight="279" NS1:splitterState_nextHeight="261"/>
  <RDF:Description RDF:about="http://www.cellml.org/tools/pcenv/splitter/graph_sel_graph3">
    <NS1:activegraph RDF:resource="rdf:#$tC+8P1"/>
  </RDF:Description>
  <RDF:Description RDF:about="rdf:#$uC+8P1" NS1:graphname="L-type Ca++ channel current (blue, picoA) &amp; slow rectifier K+ channel current (green, picoA)">
    <NS2:traces RDF:resource="rdf:#$+J+8P1"/>
  </RDF:Description>
  <RDF:Description RDF:about="http://www.cellml.org/tools/pcenv/splitter/graphedit" NS1:splitterState_prevWidth="468" NS1:splitterState_nextWidth="799"/>
  <RDF:Description RDF:about="rdf:#$VJ+8P1">
    <NS2:variable RDF:resource="courtemanche_ramirez_nattel_1998.cellml#sarcolemmal_calcium_pump_current_i_CaP"/>
  </RDF:Description>
  <RDF:Description RDF:about="http://www.cellml.org/tools/pcenv/modlayoutsplit" NS1:splitterState_collapsedBefore="true" NS1:splitterState_prevWidth="196" NS1:splitterState_nextWidth="1068"/>
  <RDF:Description RDF:about="courtemanche_ramirez_nattel_1998.cellml" NS1:modelname="courtemanche_1998" NS1:modelfrozen="true">
    <NS1:derivedmodels RDF:resource="rdf:#$LJ+8P1"/>
  </RDF:Description>
  <RDF:Description RDF:about="rdf:#$8K+8P1">
    <RDF:first RDF:resource="rdf:#$vC+8P1"/>
    <RDF:rest RDF:resource="http://www.w3.org/1999/02/22-rdf-syntax-ns#nil"/>
  </RDF:Description>
  <RDF:Description RDF:about="rdf:#$0K+8P1">
    <RDF:first RDF:resource="rdf:#$1K+8P1"/>
    <RDF:rest RDF:resource="rdf:#$4K+8P1"/>
  </RDF:Description>
  <RDF:Description RDF:about="rdf:#$4K+8P1">
    <RDF:first RDF:resource="rdf:#$5K+8P1"/>
    <RDF:rest RDF:resource="http://www.w3.org/1999/02/22-rdf-syntax-ns#nil"/>
  </RDF:Description>
  <RDF:Description RDF:about="rdf:#$QJ+8P1">
    <NS2:variable RDF:resource="courtemanche_ramirez_nattel_1998.cellml#environment_time"/>
  </RDF:Description>
  <RDF:Description RDF:about="http://www.cellml.org/tools/pcenv/splitter/graph_sel_graph1">
    <NS1:activegraph RDF:resource="rdf:#$vC+8P1"/>
  </RDF:Description>
  <RDF:Description RDF:about="rdf:#$PJ+8P1" NS2:colour="#ffffff">
    <NS2:type RDF:resource="http://www.cellml.org/metadata/graphs/1.0#line"/>
    <NS2:x-variable RDF:resource="rdf:#$QJ+8P1"/>
    <NS2:y-variable RDF:resource="rdf:#$RJ+8P1"/>
  </RDF:Description>
  <RDF:Description RDF:about="rdf:#$5K+8P1" NS2:colour="#33ff33">
    <NS2:type RDF:resource="http://www.cellml.org/metadata/graphs/1.0#line"/>
    <NS2:x-variable RDF:resource="rdf:#$6K+8P1"/>
    <NS2:y-variable RDF:resource="rdf:#$7K+8P1"/>
  </RDF:Description>
  <RDF:Description RDF:about="rdf:#$3K+8P1">
    <NS2:variable RDF:resource="courtemanche_ramirez_nattel_1998.cellml#L_type_Ca_channel_i_Ca_L"/>
  </RDF:Description>
  <RDF:Description RDF:about="rdf:#$UJ+8P1">
    <NS2:variable RDF:resource="courtemanche_ramirez_nattel_1998.cellml#environment_time"/>
  </RDF:Description>
  <RDF:Description RDF:about="rdf:#$RJ+8P1">
    <NS2:variable RDF:resource="courtemanche_ramirez_nattel_1998.cellml#sodium_potassium_pump_i_NaK"/>
  </RDF:Description>
  <RDF:Description RDF:about="rdf:#$XJ+8P1" NS2:colour="#6600cc">
    <NS2:type RDF:resource="http://www.cellml.org/metadata/graphs/1.0#line"/>
    <NS2:x-variable RDF:resource="rdf:#$YJ+8P1"/>
    <NS2:y-variable RDF:resource="rdf:#$ZJ+8P1"/>
  </RDF:Description>
</RDF:RDF>