[{"data_set_value_component_environment_variable_time":0.0,"data_set_value_component_PI3K_variable_kf1":0.0012,"data_set_value_component_PI3K_variable_kb1":0.00076,"data_set_value_component_PI3K_variable_kf2":0.01,"data_set_value_component_PI3K_variable_kb2":0.1,"data_set_value_component_PI3K_variable_kf3":1.0,"data_set_value_component_PI3K_variable_kb3":0.01,"data_set_value_component_PI3K_variable_kf34":0.001,"data_set_value_component_PI3K_variable_kb34":0.0,"data_set_value_component_PI3K_variable_V4":62.5,"data_set_value_component_PI3K_variable_k4":50.0,"data_set_value_component_PI3K_variable_kf5":0.1,"data_set_value_component_PI3K_variable_kb5":1.0,"data_set_value_component_PI3K_variable_kf6":20.0,"data_set_value_component_PI3K_variable_kb6":5.0,"data_set_value_component_PI3K_variable_kf7":60.0,"data_set_value_component_PI3K_variable_kb7":546.0,"data_set_value_component_PI3K_variable_kf8":2040.0,"data_set_value_component_PI3K_variable_kb8":15700.0,"data_set_value_component_PI3K_variable_kf9":40.8,"data_set_value_component_PI3K_variable_kb9":0.0,"data_set_value_component_PI3K_variable_V10":0.0154,"data_set_value_component_PI3K_variable_k10":340.0,"data_set_value_component_PI3K_variable_kf23":0.1,"data_set_value_component_PI3K_variable_kb23":2.0,"data_set_value_component_PI3K_variable_kf24":9.85,"data_set_value_component_PI3K_variable_kb24":0.0985,"data_set_value_component_PI3K_variable_kf25":45.8,"data_set_value_component_PI3K_variable_kb25":0.047,"data_set_value_component_PI3K_variable_V26":2620.0,"data_set_value_component_PI3K_variable_k26":3680.0,"data_set_value_component_PI3K_variable_R":80.0,"data_set_value_component_PI3K_variable_Shc":1000.0,"data_set_value_component_PI3K_variable_PI3K":10.0,"data_set_value_component_PI3K_variable_HRG":10.0,"data_set_value_component_PI3K_variable_R_HRG":0.0,"data_set_value_component_PI3K_variable_R_HRG2":0.0,"data_set_value_component_PI3K_variable_Internalisation":0.0,"data_set_value_component_PI3K_variable_RP":0.0,"data_set_value_component_PI3K_variable_R_Shc":0.0,"data_set_value_component_PI3K_variable_R_ShP":0.0,"data_set_value_component_PI3K_variable_ShP":0.0,"data_set_value_component_PI3K_variable_R_ShGS":0.0,"data_set_value_component_PI3K_variable_ShGS":0.0,"data_set_value_component_PI3K_variable_GS":10.0,"data_set_value_component_PI3K_variable_R_PI3K":0.0,"data_set_value_component_PI3K_variable_R_PI3Kstar":0.0,"data_set_value_component_PI3K_variable_PI3Kstar":0.0,"data_set_value_component_PI3K_variable_two":2.0,"data_set_value_component_RasGDPtoRasGTP_variable_RasGTP":0.0,"data_set_value_component_RasGDPtoRasGTP_variable_kf11":0.222,"data_set_value_component_RasGDPtoRasGTP_variable_k11":0.181,"data_set_value_component_RasGDPtoRasGTP_variable_V12":0.289,"data_set_value_component_RasGDPtoRasGTP_variable_k12":0.0571,"data_set_value_component_RasGDPtoRasGTP_variable_RasGDP":120.0,"data_set_value_component_RAF_variable_RAF_star":100.0,"data_set_value_component_RAF_variable_kf13":1.53,"data_set_value_component_RAF_variable_k13":11.7,"data_set_value_component_RAF_variable_kf14":0.00673,"data_set_value_component_RAF_variable_k14":8.07,"data_set_value_component_RAF_variable_E":7.0,"data_set_value_component_RAF_variable_RAF":0.0,"data_set_value_component_Akt_variable_Akt_PIPP":0.0,"data_set_value_component_Akt_variable_kf27":16.9,"data_set_value_component_Akt_variable_k27":39.1,"data_set_value_component_Akt_variable_V28":17000.0,"data_set_value_component_Akt_variable_k28":9.02,"data_set_value_component_Akt_variable_kf29":507.0,"data_set_value_component_Akt_variable_kb29":234.0,"data_set_value_component_Akt_variable_V30":20000.0,"data_set_value_component_Akt_variable_k30":80000.0,"data_set_value_component_Akt_variable_kf31":0.107,"data_set_value_component_Akt_variable_k31":4.35,"data_set_value_component_Akt_variable_V32":20000.0,"data_set_value_component_Akt_variable_k32":80000.0,"data_set_value_component_Akt_variable_kf33":0.211,"data_set_value_component_Akt_variable_k33":12.0,"data_set_value_component_Akt_variable_k16":2200.0,"data_set_value_component_Akt_variable_k18":60.0,"data_set_value_component_Akt_variable_P":800.0,"data_set_value_component_Akt_variable_PIP3":0.0,"data_set_value_component_Akt_variable_Akt":10.0,"data_set_value_component_Akt_variable_Akt_PIP3":0.0,"data_set_value_component_Akt_variable_Akt_PIP":0.0,"data_set_value_component_Akt_variable_PP2A":11.4,"data_set_value_component_Akt_variable_one":1.0,"data_set_value_component_MEK_variable_MEKPP":0.0,"data_set_value_component_MEK_variable_PP2A":11.4,"data_set_value_component_MEK_variable_MEKP":0.0,"data_set_value_component_MEK_variable_MEK":120.0,"data_set_value_component_MEK_variable_kf15":3.5,"data_set_value_component_MEK_variable_k15":317.0,"data_set_value_component_MEK_variable_kf16":0.058,"data_set_value_component_MEK_variable_k16":2200.0,"data_set_value_component_MEK_variable_kf17":2.9,"data_set_value_component_MEK_variable_k17":317.0,"data_set_value_component_MEK_variable_kf18":0.058,"data_set_value_component_MEK_variable_k18":60.0,"data_set_value_component_MEK_variable_k31":4.35,"data_set_value_component_MEK_variable_k33":12.0,"data_set_value_component_MEK_variable_one":1.0,"data_set_value_component_ERK_variable_MKP3":2.4,"data_set_value_component_ERK_variable_ERK":1000.0,"data_set_value_component_ERK_variable_ERKP":0.0,"data_set_value_component_ERK_variable_ERKPP":0.0,"data_set_value_component_ERK_variable_kf19":9.5,"data_set_value_component_ERK_variable_k19":146000.0,"data_set_value_component_ERK_variable_kf20":0.3,"data_set_value_component_ERK_variable_k20":160.0,"data_set_value_component_ERK_variable_kf21":16.0,"data_set_value_component_ERK_variable_k21":146000.0,"data_set_value_component_ERK_variable_kf22":0.27,"data_set_value_component_ERK_variable_k22":60.0,"data_set_value_component_ERK_variable_one":1.0},{"data_set_value_component_environment_variable_time":0.1,"data_set_value_component_PI3K_variable_kf1":0.0012,"data_set_value_component_PI3K_variable_kb1":0.00076,"data_set_value_component_PI3K_variable_kf2":0.01,"data_set_value_component_PI3K_variable_kb2":0.1,"data_set_value_component_PI3K_variable_kf3":1.0,"data_set_value_component_PI3K_variable_kb3":0.01,"data_set_value_component_PI3K_variable_kf34":0.001,"data_set_value_component_PI3K_variable_kb34":0.0,"data_set_value_component_PI3K_variable_V4":62.5,"data_set_value_component_PI3K_variable_k4":50.0,"data_set_value_component_PI3K_variable_kf5":0.1,"data_set_value_component_PI3K_variable_kb5":1.0,"data_set_value_component_PI3K_variable_kf6":20.0,"data_set_value_component_PI3K_variable_kb6":5.0,"data_set_value_component_PI3K_variable_kf7":60.0,"data_set_value_component_PI3K_variable_kb7":546.0,"data_set_value_component_PI3K_variable_kf8":2040.0,"data_set_value_component_PI3K_variable_kb8":15700.0,"data_set_value_component_PI3K_variable_kf9":40.8,"data_set_value_component_PI3K_variable_kb9":0.0,"data_set_value_component_PI3K_variable_V10":0.0154,"data_set_value_component_PI3K_variable_k10":340.0,"data_set_value_component_PI3K_variable_kf23":0.1,"data_set_value_component_PI3K_variable_kb23":2.0,"data_set_value_component_PI3K_variable_kf24":9.85,"data_set_value_component_PI3K_variable_kb24":0.0985,"data_set_value_component_PI3K_variable_kf25":45.8,"data_set_value_component_PI3K_variable_kb25":0.047,"data_set_value_component_PI3K_variable_V26":2620.0,"data_set_value_component_PI3K_variable_k26":3680.0,"data_set_value_component_PI3K_variable_R":79.9045197956,"data_set_value_component_PI3K_variable_Shc":999.9999999371,"data_set_value_component_PI3K_variable_PI3K":9.9999999994,"data_set_value_component_PI3K_variable_HRG":9.9045197956,"data_set_value_component_PI3K_variable_R_HRG":0.095474125,"data_set_value_component_PI3K_variable_R_HRG2":0.0000029658,"data_set_value_component_PI3K_variable_Internalisation":0.0,"data_set_value_component_PI3K_variable_RP":0.0000000289,"data_set_value_component_PI3K_variable_R_Shc":0.0000000456,"data_set_value_component_PI3K_variable_R_ShP":0.0000000005,"data_set_value_component_PI3K_variable_ShP":0.0000000076,"data_set_value_component_PI3K_variable_R_ShGS":-0.0000000016,"data_set_value_component_PI3K_variable_ShGS":0.0000000108,"data_set_value_component_PI3K_variable_GS":9.9999999908,"data_set_value_component_PI3K_variable_R_PI3K":0.0000000005,"data_set_value_component_PI3K_variable_R_PI3Kstar":0.0000000001,"data_set_value_component_PI3K_variable_PI3Kstar":0.0,"data_set_value_component_PI3K_variable_two":2.0,"data_set_value_component_RasGDPtoRasGTP_variable_RasGTP":0.0,"data_set_value_component_RasGDPtoRasGTP_variable_kf11":0.222,"data_set_value_component_RasGDPtoRasGTP_variable_k11":0.181,"data_set_value_component_RasGDPtoRasGTP_variable_V12":0.289,"data_set_value_component_RasGDPtoRasGTP_variable_k12":0.0571,"data_set_value_component_RasGDPtoRasGTP_variable_RasGDP":120.0,"data_set_value_component_RAF_variable_RAF_star":99.9956407955,"data_set_value_component_RAF_variable_kf13":1.53,"data_set_value_component_RAF_variable_k13":11.7,"data_set_value_component_RAF_variable_kf14":0.00673,"data_set_value_component_RAF_variable_k14":8.07,"data_set_value_component_RAF_variable_E":7.0,"data_set_value_component_RAF_variable_RAF":0.0043592045,"data_set_value_component_Akt_variable_Akt_PIPP":3.852419956e-17,"data_set_value_component_Akt_variable_kf27":16.9,"data_set_value_component_Akt_variable_k27":39.1,"data_set_value_component_Akt_variable_V28":17000.0,"data_set_value_component_Akt_variable_k28":9.02,"data_set_value_component_Akt_variable_kf29":507.0,"data_set_value_component_Akt_variable_kb29":234.0,"data_set_value_component_Akt_variable_V30":20000.0,"data_set_value_component_Akt_variable_k30":80000.0,"data_set_value_component_Akt_variable_kf31":0.107,"data_set_value_component_Akt_variable_k31":4.35,"data_set_value_component_Akt_variable_V32":20000.0,"data_set_value_component_Akt_variable_k32":80000.0,"data_set_value_component_Akt_variable_kf33":0.211,"data_set_value_component_Akt_variable_k33":12.0,"data_set_value_component_Akt_variable_k16":2200.0,"data_set_value_component_Akt_variable_k18":60.0,"data_set_value_component_Akt_variable_P":800.0,"data_set_value_component_Akt_variable_PIP3":0.0,"data_set_value_component_Akt_variable_Akt":10.0,"data_set_value_component_Akt_variable_Akt_PIP3":0.0,"data_set_value_component_Akt_variable_Akt_PIP":0.0,"data_set_value_component_Akt_variable_PP2A":11.4,"data_set_value_component_Akt_variable_one":1.0,"data_set_value_component_MEK_variable_MEKPP":0.3037639178,"data_set_value_component_MEK_variable_PP2A":11.4,"data_set_value_component_MEK_variable_MEKP":8.9341693409,"data_set_value_component_MEK_variable_MEK":110.7620667364,"data_set_value_component_MEK_variable_kf15":3.5,"data_set_value_component_MEK_variable_k15":317.0,"data_set_value_component_MEK_variable_kf16":0.058,"data_set_value_component_MEK_variable_k16":2200.0,"data_set_value_component_MEK_variable_kf17":2.9,"data_set_value_component_MEK_variable_k17":317.0,"data_set_value_component_MEK_variable_kf18":0.058,"data_set_value_component_MEK_variable_k18":60.0,"data_set_value_component_MEK_variable_k31":4.35,"data_set_value_component_MEK_variable_k33":12.0,"data_set_value_component_MEK_variable_one":1.0,"data_set_value_component_ERK_variable_MKP3":2.4,"data_set_value_component_ERK_variable_ERK":999.9993376754,"data_set_value_component_ERK_variable_ERKP":0.0006623242,"data_set_value_component_ERK_variable_ERKPP":0.0000000004,"data_set_value_component_ERK_variable_kf19":9.5,"data_set_value_component_ERK_variable_k19":146000.0,"data_set_value_component_ERK_variable_kf20":0.3,"data_set_value_component_ERK_variable_k20":160.0,"data_set_value_component_ERK_variable_kf21":16.0,"data_set_value_component_ERK_variable_k21":146000.0,"data_set_value_component_ERK_variable_kf22":0.27,"data_set_value_component_ERK_variable_k22":60.0,"data_set_value_component_ERK_variable_one":1.0},{"data_set_value_component_environment_variable_time":0.2,"data_set_value_component_PI3K_variable_kf1":0.0012,"data_set_value_component_PI3K_variable_kb1":0.00076,"data_set_value_component_PI3K_variable_kf2":0.01,"data_set_value_component_PI3K_variable_kb2":0.1,"data_set_value_component_PI3K_variable_kf3":1.0,"data_set_value_component_PI3K_variable_kb3":0.01,"data_set_value_component_PI3K_variable_kf34":0.001,"data_set_value_component_PI3K_variable_kb34":0.0,"data_set_value_component_PI3K_variable_V4":62.5,"data_set_value_component_PI3K_variable_k4":50.0,"data_set_value_component_PI3K_variable_kf5":0.1,"data_set_value_component_PI3K_variable_kb5":1.0,"data_set_value_component_PI3K_variable_kf6":20.0,"data_set_value_component_PI3K_variable_kb6":5.0,"data_set_value_component_PI3K_variable_kf7":60.0,"data_set_value_component_PI3K_variable_kb7":546.0,"data_set_value_component_PI3K_variable_kf8":2040.0,"data_set_value_component_PI3K_variable_kb8":15700.0,"data_set_value_component_PI3K_variable_kf9":40.8,"data_set_value_component_PI3K_variable_kb9":0.0,"data_set_value_component_PI3K_variable_V10":0.0154,"data_set_value_component_PI3K_variable_k10":340.0,"data_set_value_component_PI3K_variable_kf23":0.1,"data_set_value_component_PI3K_variable_kb23":2.0,"data_set_value_component_PI3K_variable_kf24":9.85,"data_set_value_component_PI3K_variable_kb24":0.0985,"data_set_value_component_PI3K_variable_kf25":45.8,"data_set_value_component_PI3K_variable_kb25":0.047,"data_set_value_component_PI3K_variable_V26":2620.0,"data_set_value_component_PI3K_variable_k26":3680.0,"data_set_value_component_PI3K_variable_R":79.8100702454,"data_set_value_component_PI3K_variable_Shc":999.9999985504,"data_set_value_component_PI3K_variable_PI3K":9.999999986,"data_set_value_component_PI3K_variable_HRG":9.8100702454,"data_set_value_component_PI3K_variable_R_HRG":0.1898816419,"data_set_value_component_PI3K_variable_R_HRG2":0.0000229132,"data_set_value_component_PI3K_variable_Internalisation":0.0,"data_set_value_component_PI3K_variable_RP":0.0000003371,"data_set_value_component_PI3K_variable_R_Shc":0.0000008147,"data_set_value_component_PI3K_variable_R_ShP":0.0000000082,"data_set_value_component_PI3K_variable_ShP":0.0000003909,"data_set_value_component_PI3K_variable_R_ShGS":-0.0000000286,"data_set_value_component_PI3K_variable_ShGS":0.0000002644,"data_set_value_component_PI3K_variable_GS":9.9999997641,"data_set_value_component_PI3K_variable_R_PI3K":0.0000000102,"data_set_value_component_PI3K_variable_R_PI3Kstar":0.0000000015,"data_set_value_component_PI3K_variable_PI3Kstar":0.0000000023,"data_set_value_component_PI3K_variable_two":2.0,"data_set_value_component_RasGDPtoRasGTP_variable_RasGTP":0.0000000018,"data_set_value_component_RasGDPtoRasGTP_variable_kf11":0.222,"data_set_value_component_RasGDPtoRasGTP_variable_k11":0.181,"data_set_value_component_RasGDPtoRasGTP_variable_V12":0.289,"data_set_value_component_RasGDPtoRasGTP_variable_k12":0.0571,"data_set_value_component_RasGDPtoRasGTP_variable_RasGDP":119.9999999982,"data_set_value_component_RAF_variable_RAF_star":99.9912816051,"data_set_value_component_RAF_variable_kf13":1.53,"data_set_value_component_RAF_variable_k13":11.7,"data_set_value_component_RAF_variable_kf14":0.00673,"data_set_value_component_RAF_variable_k14":8.07,"data_set_value_component_RAF_variable_E":7.0,"data_set_value_component_RAF_variable_RAF":0.0087183949,"data_set_value_component_Akt_variable_Akt_PIPP":0.0,"data_set_value_component_Akt_variable_kf27":16.9,"data_set_value_component_Akt_variable_k27":39.1,"data_set_value_component_Akt_variable_V28":17000.0,"data_set_value_component_Akt_variable_k28":9.02,"data_set_value_component_Akt_variable_kf29":507.0,"data_set_value_component_Akt_variable_kb29":234.0,"data_set_value_component_Akt_variable_V30":20000.0,"data_set_value_component_Akt_variable_k30":80000.0,"data_set_value_component_Akt_variable_kf31":0.107,"data_set_value_component_Akt_variable_k31":4.35,"data_set_value_component_Akt_variable_V32":20000.0,"data_set_value_component_Akt_variable_k32":80000.0,"data_set_value_component_Akt_variable_kf33":0.211,"data_set_value_component_Akt_variable_k33":12.0,"data_set_value_component_Akt_variable_k16":2200.0,"data_set_value_component_Akt_variable_k18":60.0,"data_set_value_component_Akt_variable_P":799.9999999997,"data_set_value_component_Akt_variable_PIP3":0.0,"data_set_value_component_Akt_variable_Akt":9.9999999997,"data_set_value_component_Akt_variable_Akt_PIP3":0.0000000003,"data_set_value_component_Akt_variable_Akt_PIP":0.0,"data_set_value_component_Akt_variable_PP2A":11.4,"data_set_value_component_Akt_variable_one":1.0,"data_set_value_component_MEK_variable_MEKPP":1.1587047745,"data_set_value_component_MEK_variable_PP2A":11.4,"data_set_value_component_MEK_variable_MEKP":16.6164027275,"data_set_value_component_MEK_variable_MEK":102.224892559,"data_set_value_component_MEK_variable_kf15":3.5,"data_set_value_component_MEK_variable_k15":317.0,"data_set_value_component_MEK_variable_kf16":0.058,"data_set_value_component_MEK_variable_k16":2200.0,"data_set_value_component_MEK_variable_kf17":2.9,"data_set_value_component_MEK_variable_k17":317.0,"data_set_value_component_MEK_variable_kf18":0.058,"data_set_value_component_MEK_variable_k18":60.0,"data_set_value_component_MEK_variable_k31":4.35,"data_set_value_component_MEK_variable_k33":12.0,"data_set_value_component_MEK_variable_one":1.0,"data_set_value_component_ERK_variable_MKP3":2.4,"data_set_value_component_ERK_variable_ERK":999.9948883829,"data_set_value_component_ERK_variable_ERKP":0.005111595,"data_set_value_component_ERK_variable_ERKPP":0.0000000221,"data_set_value_component_ERK_variable_kf19":9.5,"data_set_value_component_ERK_variable_k19":146000.0,"data_set_value_component_ERK_variable_kf20":0.3,"data_set_value_component_ERK_variable_k20":160.0,"data_set_value_component_ERK_variable_kf21":16.0,"data_set_value_component_ERK_variable_k21":146000.0,"data_set_value_component_ERK_variable_kf22":0.27,"data_set_value_component_ERK_variable_k22":60.0,"data_set_value_component_ERK_variable_one":1.0},{"data_set_value_component_environment_variable_time":0.3,"data_set_value_component_PI3K_variable_kf1":0.0012,"data_set_value_component_PI3K_variable_kb1":0.00076,"data_set_value_component_PI3K_variable_kf2":0.01,"data_set_value_component_PI3K_variable_kb2":0.1,"data_set_value_component_PI3K_variable_kf3":1.0,"data_set_value_component_PI3K_variable_kb3":0.01,"data_set_value_component_PI3K_variable_kf34":0.001,"data_set_value_component_PI3K_variable_kb34":0.0,"data_set_value_component_PI3K_variable_V4":62.5,"data_set_value_component_PI3K_variable_k4":50.0,"data_set_value_component_PI3K_variable_kf5":0.1,"data_set_value_component_PI3K_variable_kb5":1.0,"data_set_value_component_PI3K_variable_kf6":20.0,"data_set_value_component_PI3K_variable_kb6":5.0,"data_set_value_component_PI3K_variable_kf7":60.0,"data_set_value_component_PI3K_variable_kb7":546.0,"data_set_value_component_PI3K_variable_kf8":2040.0,"data_set_value_component_PI3K_variable_kb8":15700.0,"data_set_value_component_PI3K_variable_kf9":40.8,"data_set_value_component_PI3K_variable_kb9":0.0,"data_set_value_component_PI3K_variable_V10":0.0154,"data_set_value_component_PI3K_variable_k10":340.0,"data_set_value_component_PI3K_variable_kf23":0.1,"data_set_value_component_PI3K_variable_kb23":2.0,"data_set_value_component_PI3K_variable_kf24":9.85,"data_set_value_component_PI3K_variable_kb24":0.0985,"data_set_value_component_PI3K_variable_kf25":45.8,"data_set_value_component_PI3K_variable_kb25":0.047,"data_set_value_component_PI3K_variable_V26":2620.0,"data_set_value_component_PI3K_variable_k26":3680.0,"data_set_value_component_PI3K_variable_R":79.716638102,"data_set_value_component_PI3K_variable_Shc":999.999990811,"data_set_value_component_PI3K_variable_PI3K":9.9999999128,"data_set_value_component_PI3K_variable_HRG":9.716638102,"data_set_value_component_PI3K_variable_R_HRG":0.2832012555,"data_set_value_component_PI3K_variable_R_HRG2":0.0000747188,"data_set_value_component_PI3K_variable_Internalisation":0.0000000001,"data_set_value_component_PI3K_variable_RP":0.0000014415,"data_set_value_component_PI3K_variable_R_Shc":0.0000042018,"data_set_value_component_PI3K_variable_R_ShP":0.0000000418,"data_set_value_component_PI3K_variable_ShP":0.0000035446,"data_set_value_component_PI3K_variable_R_ShGS":-0.0000001479,"data_set_value_component_PI3K_variable_ShGS":0.0000015488,"data_set_value_component_PI3K_variable_GS":9.9999985992,"data_set_value_component_PI3K_variable_R_PI3K":0.0000000561,"data_set_value_component_PI3K_variable_R_PI3Kstar":0.0000000091,"data_set_value_component_PI3K_variable_PI3Kstar":0.000000022,"data_set_value_component_PI3K_variable_two":2.0,"data_set_value_component_RasGDPtoRasGTP_variable_RasGTP":0.0000000155,"data_set_value_component_RasGDPtoRasGTP_variable_kf11":0.222,"data_set_value_component_RasGDPtoRasGTP_variable_k11":0.181,"data_set_value_component_RasGDPtoRasGTP_variable_V12":0.289,"data_set_value_component_RasGDPtoRasGTP_variable_k12":0.0571,"data_set_value_component_RasGDPtoRasGTP_variable_RasGDP":119.9999999845,"data_set_value_component_RAF_variable_RAF_star":99.986922429,"data_set_value_component_RAF_variable_kf13":1.53,"data_set_value_component_RAF_variable_k13":11.7,"data_set_value_component_RAF_variable_kf14":0.00673,"data_set_value_component_RAF_variable_k14":8.07,"data_set_value_component_RAF_variable_E":7.0,"data_set_value_component_RAF_variable_RAF":0.013077571,"data_set_value_component_Akt_variable_Akt_PIPP":0.0,"data_set_value_component_Akt_variable_kf27":16.9,"data_set_value_component_Akt_variable_k27":39.1,"data_set_value_component_Akt_variable_V28":17000.0,"data_set_value_component_Akt_variable_k28":9.02,"data_set_value_component_Akt_variable_kf29":507.0,"data_set_value_component_Akt_variable_kb29":234.0,"data_set_value_component_Akt_variable_V30":20000.0,"data_set_value_component_Akt_variable_k30":80000.0,"data_set_value_component_Akt_variable_kf31":0.107,"data_set_value_component_Akt_variable_k31":4.35,"data_set_value_component_Akt_variable_V32":20000.0,"data_set_value_component_Akt_variable_k32":80000.0,"data_set_value_component_Akt_variable_kf33":0.211,"data_set_value_component_Akt_variable_k33":12.0,"data_set_value_component_Akt_variable_k16":2200.0,"data_set_value_component_Akt_variable_k18":60.0,"data_set_value_component_Akt_variable_P":799.9999999967,"data_set_value_component_Akt_variable_PIP3":0.0000000002,"data_set_value_component_Akt_variable_Akt":9.9999999969,"data_set_value_component_Akt_variable_Akt_PIP3":0.0000000031,"data_set_value_component_Akt_variable_Akt_PIP":0.0,"data_set_value_component_Akt_variable_PP2A":11.4,"data_set_value_component_Akt_variable_one":1.0,"data_set_value_component_MEK_variable_MEKPP":2.4886512305,"data_set_value_component_MEK_variable_PP2A":11.4,"data_set_value_component_MEK_variable_MEKP":23.1841657715,"data_set_value_component_MEK_variable_MEK":94.3271831961,"data_set_value_component_MEK_variable_kf15":3.5,"data_set_value_component_MEK_variable_k15":317.0,"data_set_value_component_MEK_variable_kf16":0.058,"data_set_value_component_MEK_variable_k16":2200.0,"data_set_value_component_MEK_variable_kf17":2.9,"data_set_value_component_MEK_variable_k17":317.0,"data_set_value_component_MEK_variable_kf18":0.058,"data_set_value_component_MEK_variable_k18":60.0,"data_set_value_component_MEK_variable_k31":4.35,"data_set_value_component_MEK_variable_k33":12.0,"data_set_value_component_MEK_variable_one":1.0,"data_set_value_component_ERK_variable_MKP3":2.4,"data_set_value_component_ERK_variable_ERK":999.9833443808,"data_set_value_component_ERK_variable_ERKP":0.0166553852,"data_set_value_component_ERK_variable_ERKPP":0.000000234,"data_set_value_component_ERK_variable_kf19":9.5,"data_set_value_component_ERK_variable_k19":146000.0,"data_set_value_component_ERK_variable_kf20":0.3,"data_set_value_component_ERK_variable_k20":160.0,"data_set_value_component_ERK_variable_kf21":16.0,"data_set_value_component_ERK_variable_k21":146000.0,"data_set_value_component_ERK_variable_kf22":0.27,"data_set_value_component_ERK_variable_k22":60.0,"data_set_value_component_ERK_variable_one":1.0},{"data_set_value_component_environment_variable_time":0.4,"data_set_value_component_PI3K_variable_kf1":0.0012,"data_set_value_component_PI3K_variable_kb1":0.00076,"data_set_value_component_PI3K_variable_kf2":0.01,"data_set_value_component_PI3K_variable_kb2":0.1,"data_set_value_component_PI3K_variable_kf3":1.0,"data_set_value_component_PI3K_variable_kb3":0.01,"data_set_value_component_PI3K_variable_kf34":0.001,"data_set_value_component_PI3K_variable_kb34":0.0,"data_set_value_component_PI3K_variable_V4":62.5,"data_set_value_component_PI3K_variable_k4":50.0,"data_set_value_component_PI3K_variable_kf5":0.1,"data_set_value_component_PI3K_variable_kb5":1.0,"data_set_value_component_PI3K_variable_kf6":20.0,"data_set_value_component_PI3K_variable_kb6":5.0,"data_set_value_component_PI3K_variable_kf7":60.0,"data_set_value_component_PI3K_variable_kb7":546.0,"data_set_value_component_PI3K_variable_kf8":2040.0,"data_set_value_component_PI3K_variable_kb8":15700.0,"data_set_value_component_PI3K_variable_kf9":40.8,"data_set_value_component_PI3K_variable_kb9":0.0,"data_set_value_component_PI3K_variable_V10":0.0154,"data_set_value_component_PI3K_variable_k10":340.0,"data_set_value_component_PI3K_variable_kf23":0.1,"data_set_value_component_PI3K_variable_kb23":2.0,"data_set_value_component_PI3K_variable_kf24":9.85,"data_set_value_component_PI3K_variable_kb24":0.0985,"data_set_value_component_PI3K_variable_kf25":45.8,"data_set_value_component_PI3K_variable_kb25":0.047,"data_set_value_component_PI3K_variable_V26":2620.0,"data_set_value_component_PI3K_variable_k26":3680.0,"data_set_value_component_PI3K_variable_R":79.6242103266,"data_set_value_component_PI3K_variable_Shc":999.9999656867,"data_set_value_component_PI3K_variable_PI3K":9.9999996796,"data_set_value_component_PI3K_variable_HRG":9.6242103266,"data_set_value_component_PI3K_variable_R_HRG":0.3754129797,"data_set_value_component_PI3K_variable_R_HRG2":0.0001711961,"data_set_value_component_PI3K_variable_Internalisation":0.0000000004,"data_set_value_component_PI3K_variable_RP":0.0000040692,"data_set_value_component_PI3K_variable_R_Shc":0.0000131997,"data_set_value_component_PI3K_variable_R_ShP":0.0000001309,"data_set_value_component_PI3K_variable_ShP":0.0000162401,"data_set_value_component_PI3K_variable_R_ShGS":-0.0000004656,"data_set_value_component_PI3K_variable_ShGS":0.0000052082,"data_set_value_component_PI3K_variable_GS":9.9999952574,"data_set_value_component_PI3K_variable_R_PI3K":0.0000001842,"data_set_value_component_PI3K_variable_R_PI3Kstar":0.000000032,"data_set_value_component_PI3K_variable_PI3Kstar":0.0000001042,"data_set_value_component_PI3K_variable_two":2.0,"data_set_value_component_RasGDPtoRasGTP_variable_RasGTP":0.0000000661,"data_set_value_component_RasGDPtoRasGTP_variable_kf11":0.222,"data_set_value_component_RasGDPtoRasGTP_variable_k11":0.181,"data_set_value_component_RasGDPtoRasGTP_variable_V12":0.289,"data_set_value_component_RasGDPtoRasGTP_variable_k12":0.0571,"data_set_value_component_RasGDPtoRasGTP_variable_RasGDP":119.9999999339,"data_set_value_component_RAF_variable_RAF_star":99.9825632671,"data_set_value_component_RAF_variable_kf13":1.53,"data_set_value_component_RAF_variable_k13":11.7,"data_set_value_component_RAF_variable_kf14":0.00673,"data_set_value_component_RAF_variable_k14":8.07,"data_set_value_component_RAF_variable_E":7.0,"data_set_value_component_RAF_variable_RAF":0.0174367329,"data_set_value_component_Akt_variable_Akt_PIPP":0.0,"data_set_value_component_Akt_variable_kf27":16.9,"data_set_value_component_Akt_variable_k27":39.1,"data_set_value_component_Akt_variable_V28":17000.0,"data_set_value_component_Akt_variable_k28":9.02,"data_set_value_component_Akt_variable_kf29":507.0,"data_set_value_component_Akt_variable_kb29":234.0,"data_set_value_component_Akt_variable_V30":20000.0,"data_set_value_component_Akt_variable_k30":80000.0,"data_set_value_component_Akt_variable_kf31":0.107,"data_set_value_component_Akt_variable_k31":4.35,"data_set_value_component_Akt_variable_V32":20000.0,"data_set_value_component_Akt_variable_k32":80000.0,"data_set_value_component_Akt_variable_kf33":0.211,"data_set_value_component_Akt_variable_k33":12.0,"data_set_value_component_Akt_variable_k16":2200.0,"data_set_value_component_Akt_variable_k18":60.0,"data_set_value_component_Akt_variable_P":799.9999999833,"data_set_value_component_Akt_variable_PIP3":0.0000000008,"data_set_value_component_Akt_variable_Akt":9.9999999841,"data_set_value_component_Akt_variable_Akt_PIP3":0.0000000157,"data_set_value_component_Akt_variable_Akt_PIP":0.0000000002,"data_set_value_component_Akt_variable_PP2A":11.4,"data_set_value_component_Akt_variable_one":1.0,"data_set_value_component_MEK_variable_MEKPP":4.2270029433,"data_set_value_component_MEK_variable_PP2A":11.4,"data_set_value_component_MEK_variable_MEKP":28.75770581,"data_set_value_component_MEK_variable_MEK":87.0152917385,"data_set_value_component_MEK_variable_kf15":3.5,"data_set_value_component_MEK_variable_k15":317.0,"data_set_value_component_MEK_variable_kf16":0.058,"data_set_value_component_MEK_variable_k16":2200.0,"data_set_value_component_MEK_variable_kf17":2.9,"data_set_value_component_MEK_variable_k17":317.0,"data_set_value_component_MEK_variable_kf18":0.058,"data_set_value_component_MEK_variable_k18":60.0,"data_set_value_component_MEK_variable_k31":4.35,"data_set_value_component_MEK_variable_k33":12.0,"data_set_value_component_MEK_variable_one":1.0,"data_set_value_component_ERK_variable_MKP3":2.4,"data_set_value_component_ERK_variable_ERK":999.9618600572,"data_set_value_component_ERK_variable_ERKP":0.0381387174,"data_set_value_component_ERK_variable_ERKPP":0.0000012254,"data_set_value_component_ERK_variable_kf19":9.5,"data_set_value_component_ERK_variable_k19":146000.0,"data_set_value_component_ERK_variable_kf20":0.3,"data_set_value_component_ERK_variable_k20":160.0,"data_set_value_component_ERK_variable_kf21":16.0,"data_set_value_component_ERK_variable_k21":146000.0,"data_set_value_component_ERK_variable_kf22":0.27,"data_set_value_component_ERK_variable_k22":60.0,"data_set_value_component_ERK_variable_one":1.0},{"data_set_value_component_environment_variable_time":0.5,"data_set_value_component_PI3K_variable_kf1":0.0012,"data_set_value_component_PI3K_variable_kb1":0.00076,"data_set_value_component_PI3K_variable_kf2":0.01,"data_set_value_component_PI3K_variable_kb2":0.1,"data_set_value_component_PI3K_variable_kf3":1.0,"data_set_value_component_PI3K_variable_kb3":0.01,"data_set_value_component_PI3K_variable_kf34":0.001,"data_set_value_component_PI3K_variable_kb34":0.0,"data_set_value_component_PI3K_variable_V4":62.5,"data_set_value_component_PI3K_variable_k4":50.0,"data_set_value_component_PI3K_variable_kf5":0.1,"data_set_value_component_PI3K_variable_kb5":1.0,"data_set_value_component_PI3K_variable_kf6":20.0,"data_set_value_component_PI3K_variable_kb6":5.0,"data_set_value_component_PI3K_variable_kf7":60.0,"data_set_value_component_PI3K_variable_kb7":546.0,"data_set_value_component_PI3K_variable_kf8":2040.0,"data_set_value_component_PI3K_variable_kb8":15700.0,"data_set_value_component_PI3K_variable_kf9":40.8,"data_set_value_component_PI3K_variable_kb9":0.0,"data_set_value_component_PI3K_variable_V10":0.0154,"data_set_value_component_PI3K_variable_k10":340.0,"data_set_value_component_PI3K_variable_kf23":0.1,"data_set_value_component_PI3K_variable_kb23":2.0,"data_set_value_component_PI3K_variable_kf24":9.85,"data_set_value_component_PI3K_variable_kb24":0.0985,"data_set_value_component_PI3K_variable_kf25":45.8,"data_set_value_component_PI3K_variable_kb25":0.047,"data_set_value_component_PI3K_variable_V26":2620.0,"data_set_value_component_PI3K_variable_k26":3680.0,"data_set_value_component_PI3K_variable_R":79.5327740851,"data_set_value_component_PI3K_variable_Shc":999.9999043182,"data_set_value_component_PI3K_variable_PI3K":9.9999991201,"data_set_value_component_PI3K_variable_HRG":9.5327740851,"data_set_value_component_PI3K_variable_R_HRG":0.4664981161,"data_set_value_component_PI3K_variable_R_HRG2":0.0003233279,"data_set_value_component_PI3K_variable_Internalisation":0.000000001,"data_set_value_component_PI3K_variable_RP":0.0000091213,"data_set_value_component_PI3K_variable_R_Shc":0.0000317143,"data_set_value_component_PI3K_variable_R_ShP":0.0000003142,"data_set_value_component_PI3K_variable_ShP":0.0000517193,"data_set_value_component_PI3K_variable_R_ShGS":-0.0000011198,"data_set_value_component_PI3K_variable_ShGS":0.0000130538,"data_set_value_component_PI3K_variable_GS":9.999988066,"data_set_value_component_PI3K_variable_R_PI3K":0.0000004576,"data_set_value_component_PI3K_variable_R_PI3Kstar":0.0000000829,"data_set_value_component_PI3K_variable_PI3Kstar":0.0000003394,"data_set_value_component_PI3K_variable_two":2.0,"data_set_value_component_RasGDPtoRasGTP_variable_RasGTP":0.0000001969,"data_set_value_component_RasGDPtoRasGTP_variable_kf11":0.222,"data_set_value_component_RasGDPtoRasGTP_variable_k11":0.181,"data_set_value_component_RasGDPtoRasGTP_variable_V12":0.289,"data_set_value_component_RasGDPtoRasGTP_variable_k12":0.0571,"data_set_value_component_RasGDPtoRasGTP_variable_RasGDP":119.9999998031,"data_set_value_component_RAF_variable_RAF_star":99.9782041193,"data_set_value_component_RAF_variable_kf13":1.53,"data_set_value_component_RAF_variable_k13":11.7,"data_set_value_component_RAF_variable_kf14":0.00673,"data_set_value_component_RAF_variable_k14":8.07,"data_set_value_component_RAF_variable_E":7.0,"data_set_value_component_RAF_variable_RAF":0.0217958807,"data_set_value_component_Akt_variable_Akt_PIPP":0.0,"data_set_value_component_Akt_variable_kf27":16.9,"data_set_value_component_Akt_variable_k27":39.1,"data_set_value_component_Akt_variable_V28":17000.0,"data_set_value_component_Akt_variable_k28":9.02,"data_set_value_component_Akt_variable_kf29":507.0,"data_set_value_component_Akt_variable_kb29":234.0,"data_set_value_component_Akt_variable_V30":20000.0,"data_set_value_component_Akt_variable_k30":80000.0,"data_set_value_component_Akt_variable_kf31":0.107,"data_set_value_component_Akt_variable_k31":4.35,"data_set_value_component_Akt_variable_V32":20000.0,"data_set_value_component_Akt_variable_k32":80000.0,"data_set_value_component_Akt_variable_kf33":0.211,"data_set_value_component_Akt_variable_k33":12.0,"data_set_value_component_Akt_variable_k16":2200.0,"data_set_value_component_Akt_variable_k18":60.0,"data_set_value_component_Akt_variable_P":799.9999999432,"data_set_value_component_Akt_variable_PIP3":0.0000000026,"data_set_value_component_Akt_variable_Akt":9.9999999457,"data_set_value_component_Akt_variable_Akt_PIP3":0.0000000533,"data_set_value_component_Akt_variable_Akt_PIP":0.000000001,"data_set_value_component_Akt_variable_PP2A":11.4,"data_set_value_component_Akt_variable_one":1.0,"data_set_value_component_MEK_variable_MEKPP":6.3151147407,"data_set_value_component_MEK_variable_PP2A":11.4,"data_set_value_component_MEK_variable_MEKP":33.4430143499,"data_set_value_component_MEK_variable_MEK":80.2418712897,"data_set_value_component_MEK_variable_kf15":3.5,"data_set_value_component_MEK_variable_k15":317.0,"data_set_value_component_MEK_variable_kf16":0.058,"data_set_value_component_MEK_variable_k16":2200.0,"data_set_value_component_MEK_variable_kf17":2.9,"data_set_value_component_MEK_variable_k17":317.0,"data_set_value_component_MEK_variable_kf18":0.058,"data_set_value_component_MEK_variable_k18":60.0,"data_set_value_component_MEK_variable_k31":4.35,"data_set_value_component_MEK_variable_k33":12.0,"data_set_value_component_MEK_variable_one":1.0,"data_set_value_component_ERK_variable_MKP3":2.4,"data_set_value_component_ERK_variable_ERK":999.9279952921,"data_set_value_component_ERK_variable_ERKP":0.0720003419,"data_set_value_component_ERK_variable_ERKPP":0.000004366,"data_set_value_component_ERK_variable_kf19":9.5,"data_set_value_component_ERK_variable_k19":146000.0,"data_set_value_component_ERK_variable_kf20":0.3,"data_set_value_component_ERK_variable_k20":160.0,"data_set_value_component_ERK_variable_kf21":16.0,"data_set_value_component_ERK_variable_k21":146000.0,"data_set_value_component_ERK_variable_kf22":0.27,"data_set_value_component_ERK_variable_k22":60.0,"data_set_value_component_ERK_variable_one":1.0},{"data_set_value_component_environment_variable_time":0.6,"data_set_value_component_PI3K_variable_kf1":0.0012,"data_set_value_component_PI3K_variable_kb1":0.00076,"data_set_value_component_PI3K_variable_kf2":0.01,"data_set_value_component_PI3K_variable_kb2":0.1,"data_set_value_component_PI3K_variable_kf3":1.0,"data_set_value_component_PI3K_variable_kb3":0.01,"data_set_value_component_PI3K_variable_kf34":0.001,"data_set_value_component_PI3K_variable_kb34":0.0,"data_set_value_component_PI3K_variable_V4":62.5,"data_set_value_component_PI3K_variable_k4":50.0,"data_set_value_component_PI3K_variable_kf5":0.1,"data_set_value_component_PI3K_variable_kb5":1.0,"data_set_value_component_PI3K_variable_kf6":20.0,"data_set_value_component_PI3K_variable_kb6":5.0,"data_set_value_component_PI3K_variable_kf7":60.0,"data_set_value_component_PI3K_variable_kb7":546.0,"data_set_value_component_PI3K_variable_kf8":2040.0,"data_set_value_component_PI3K_variable_kb8":15700.0,"data_set_value_component_PI3K_variable_kf9":40.8,"data_set_value_component_PI3K_variable_kb9":0.0,"data_set_value_component_PI3K_variable_V10":0.0154,"data_set_value_component_PI3K_variable_k10":340.0,"data_set_value_component_PI3K_variable_kf23":0.1,"data_set_value_component_PI3K_variable_kb23":2.0,"data_set_value_component_PI3K_variable_kf24":9.85,"data_set_value_component_PI3K_variable_kb24":0.0985,"data_set_value_component_PI3K_variable_kf25":45.8,"data_set_value_component_PI3K_variable_kb25":0.047,"data_set_value_component_PI3K_variable_V26":2620.0,"data_set_value_component_PI3K_variable_k26":3680.0,"data_set_value_component_PI3K_variable_R":79.4423167439,"data_set_value_component_PI3K_variable_Shc":999.9997785346,"data_set_value_component_PI3K_variable_PI3K":9.9999979932,"data_set_value_component_PI3K_variable_HRG":9.4423167439,"data_set_value_component_PI3K_variable_R_HRG":0.5564392347,"data_set_value_component_PI3K_variable_R_HRG2":0.0005404697,"data_set_value_component_PI3K_variable_Internalisation":0.0000000023,"data_set_value_component_PI3K_variable_RP":0.0000176413,"data_set_value_component_PI3K_variable_R_Shc":0.0000644029,"data_set_value_component_PI3K_variable_R_ShP":0.0000006387,"data_set_value_component_PI3K_variable_ShP":0.0001314179,"data_set_value_component_PI3K_variable_R_ShGS":-0.0000022755,"data_set_value_component_PI3K_variable_ShGS":0.0000272815,"data_set_value_component_PI3K_variable_GS":9.999974994,"data_set_value_component_PI3K_variable_R_PI3K":0.0000009535,"data_set_value_component_PI3K_variable_R_PI3Kstar":0.0000001778,"data_set_value_component_PI3K_variable_PI3Kstar":0.0000008755,"data_set_value_component_PI3K_variable_two":2.0,"data_set_value_component_RasGDPtoRasGTP_variable_RasGTP":0.0000004689,"data_set_value_component_RasGDPtoRasGTP_variable_kf11":0.222,"data_set_value_component_RasGDPtoRasGTP_variable_k11":0.181,"data_set_value_component_RasGDPtoRasGTP_variable_V12":0.289,"data_set_value_component_RasGDPtoRasGTP_variable_k12":0.0571,"data_set_value_component_RasGDPtoRasGTP_variable_RasGDP":119.9999995311,"data_set_value_component_RAF_variable_RAF_star":99.9738449859,"data_set_value_component_RAF_variable_kf13":1.53,"data_set_value_component_RAF_variable_k13":11.7,"data_set_value_component_RAF_variable_kf14":0.00673,"data_set_value_component_RAF_variable_k14":8.07,"data_set_value_component_RAF_variable_E":7.0,"data_set_value_component_RAF_variable_RAF":0.0261550141,"data_set_value_component_Akt_variable_Akt_PIPP":0.0000000001,"data_set_value_component_Akt_variable_kf27":16.9,"data_set_value_component_Akt_variable_k27":39.1,"data_set_value_component_Akt_variable_V28":17000.0,"data_set_value_component_Akt_variable_k28":9.02,"data_set_value_component_Akt_variable_kf29":507.0,"data_set_value_component_Akt_variable_kb29":234.0,"data_set_value_component_Akt_variable_V30":20000.0,"data_set_value_component_Akt_variable_k30":80000.0,"data_set_value_component_Akt_variable_kf31":0.107,"data_set_value_component_Akt_variable_k31":4.35,"data_set_value_component_Akt_variable_V32":20000.0,"data_set_value_component_Akt_variable_k32":80000.0,"data_set_value_component_Akt_variable_kf33":0.211,"data_set_value_component_Akt_variable_k33":12.0,"data_set_value_component_Akt_variable_k16":2200.0,"data_set_value_component_Akt_variable_k18":60.0,"data_set_value_component_Akt_variable_P":799.9999998487,"data_set_value_component_Akt_variable_PIP3":0.0000000068,"data_set_value_component_Akt_variable_Akt":9.9999998555,"data_set_value_component_Akt_variable_Akt_PIP3":0.0000001413,"data_set_value_component_Akt_variable_Akt_PIP":0.0000000032,"data_set_value_component_Akt_variable_PP2A":11.4,"data_set_value_component_Akt_variable_one":1.0,"data_set_value_component_MEK_variable_MEKPP":8.7010388523,"data_set_value_component_MEK_variable_PP2A":11.4,"data_set_value_component_MEK_variable_MEKP":37.3341351783,"data_set_value_component_MEK_variable_MEK":73.9648265796,"data_set_value_component_MEK_variable_kf15":3.5,"data_set_value_component_MEK_variable_k15":317.0,"data_set_value_component_MEK_variable_kf16":0.058,"data_set_value_component_MEK_variable_k16":2200.0,"data_set_value_component_MEK_variable_kf17":2.9,"data_set_value_component_MEK_variable_k17":317.0,"data_set_value_component_MEK_variable_kf18":0.058,"data_set_value_component_MEK_variable_k18":60.0,"data_set_value_component_MEK_variable_k31":4.35,"data_set_value_component_MEK_variable_k33":12.0,"data_set_value_component_MEK_variable_one":1.0,"data_set_value_component_ERK_variable_MKP3":2.4,"data_set_value_component_ERK_variable_ERK":999.8796685355,"data_set_value_component_ERK_variable_ERKP":0.1203192721,"data_set_value_component_ERK_variable_ERKPP":0.0000121924,"data_set_value_component_ERK_variable_kf19":9.5,"data_set_value_component_ERK_variable_k19":146000.0,"data_set_value_component_ERK_variable_kf20":0.3,"data_set_value_component_ERK_variable_k20":160.0,"data_set_value_component_ERK_variable_kf21":16.0,"data_set_value_component_ERK_variable_k21":146000.0,"data_set_value_component_ERK_variable_kf22":0.27,"data_set_value_component_ERK_variable_k22":60.0,"data_set_value_component_ERK_variable_one":1.0},{"data_set_value_component_environment_variable_time":0.7,"data_set_value_component_PI3K_variable_kf1":0.0012,"data_set_value_component_PI3K_variable_kb1":0.00076,"data_set_value_component_PI3K_variable_kf2":0.01,"data_set_value_component_PI3K_variable_kb2":0.1,"data_set_value_component_PI3K_variable_kf3":1.0,"data_set_value_component_PI3K_variable_kb3":0.01,"data_set_value_component_PI3K_variable_kf34":0.001,"data_set_value_component_PI3K_variable_kb34":0.0,"data_set_value_component_PI3K_variable_V4":62.5,"data_set_value_component_PI3K_variable_k4":50.0,"data_set_value_component_PI3K_variable_kf5":0.1,"data_set_value_component_PI3K_variable_kb5":1.0,"data_set_value_component_PI3K_variable_kf6":20.0,"data_set_value_component_PI3K_variable_kb6":5.0,"data_set_value_component_PI3K_variable_kf7":60.0,"data_set_value_component_PI3K_variable_kb7":546.0,"data_set_value_component_PI3K_variable_kf8":2040.0,"data_set_value_component_PI3K_variable_kb8":15700.0,"data_set_value_component_PI3K_variable_kf9":40.8,"data_set_value_component_PI3K_variable_kb9":0.0,"data_set_value_component_PI3K_variable_V10":0.0154,"data_set_value_component_PI3K_variable_k10":340.0,"data_set_value_component_PI3K_variable_kf23":0.1,"data_set_value_component_PI3K_variable_kb23":2.0,"data_set_value_component_PI3K_variable_kf24":9.85,"data_set_value_component_PI3K_variable_kb24":0.0985,"data_set_value_component_PI3K_variable_kf25":45.8,"data_set_value_component_PI3K_variable_kb25":0.047,"data_set_value_component_PI3K_variable_V26":2620.0,"data_set_value_component_PI3K_variable_k26":3680.0,"data_set_value_component_PI3K_variable_R":79.3528258665,"data_set_value_component_PI3K_variable_Shc":999.9995496295,"data_set_value_component_PI3K_variable_PI3K":9.9999959769,"data_set_value_component_PI3K_variable_HRG":9.3528258665,"data_set_value_component_PI3K_variable_R_HRG":0.6452201544,"data_set_value_component_PI3K_variable_R_HRG2":0.0008305311,"data_set_value_component_PI3K_variable_Internalisation":0.0000000047,"data_set_value_component_PI3K_variable_RP":0.0000307863,"data_set_value_component_PI3K_variable_R_Shc":0.0001165306,"data_set_value_component_PI3K_variable_R_ShP":0.0000011595,"data_set_value_component_PI3K_variable_ShP":0.0002863995,"data_set_value_component_PI3K_variable_R_ShGS":-0.0000041188,"data_set_value_component_PI3K_variable_ShGS":0.0000503998,"data_set_value_component_PI3K_variable_GS":9.999953719,"data_set_value_component_PI3K_variable_R_PI3K":0.0000017609,"data_set_value_component_PI3K_variable_R_PI3Kstar":0.0000003353,"data_set_value_component_PI3K_variable_PI3Kstar":0.0000019268,"data_set_value_component_PI3K_variable_two":2.0,"data_set_value_component_RasGDPtoRasGTP_variable_RasGTP":0.0000009603,"data_set_value_component_RasGDPtoRasGTP_variable_kf11":0.222,"data_set_value_component_RasGDPtoRasGTP_variable_k11":0.181,"data_set_value_component_RasGDPtoRasGTP_variable_V12":0.289,"data_set_value_component_RasGDPtoRasGTP_variable_k12":0.0571,"data_set_value_component_RasGDPtoRasGTP_variable_RasGDP":119.9999990397,"data_set_value_component_RAF_variable_RAF_star":99.9694858668,"data_set_value_component_RAF_variable_kf13":1.53,"data_set_value_component_RAF_variable_k13":11.7,"data_set_value_component_RAF_variable_kf14":0.00673,"data_set_value_component_RAF_variable_k14":8.07,"data_set_value_component_RAF_variable_E":7.0,"data_set_value_component_RAF_variable_RAF":0.0305141332,"data_set_value_component_Akt_variable_Akt_PIPP":0.0000000002,"data_set_value_component_Akt_variable_kf27":16.9,"data_set_value_component_Akt_variable_k27":39.1,"data_set_value_component_Akt_variable_V28":17000.0,"data_set_value_component_Akt_variable_k28":9.02,"data_set_value_component_Akt_variable_kf29":507.0,"data_set_value_component_Akt_variable_kb29":234.0,"data_set_value_component_Akt_variable_V30":20000.0,"data_set_value_component_Akt_variable_k30":80000.0,"data_set_value_component_Akt_variable_kf31":0.107,"data_set_value_component_Akt_variable_k31":4.35,"data_set_value_component_Akt_variable_V32":20000.0,"data_set_value_component_Akt_variable_k32":80000.0,"data_set_value_component_Akt_variable_kf33":0.211,"data_set_value_component_Akt_variable_k33":12.0,"data_set_value_component_Akt_variable_k16":2200.0,"data_set_value_component_Akt_variable_k18":60.0,"data_set_value_component_Akt_variable_P":799.999999659,"data_set_value_component_Akt_variable_PIP3":0.0000000151,"data_set_value_component_Akt_variable_Akt":9.9999996741,"data_set_value_component_Akt_variable_Akt_PIP3":0.0000003172,"data_set_value_component_Akt_variable_Akt_PIP":0.0000000084,"data_set_value_component_Akt_variable_PP2A":11.4,"data_set_value_component_Akt_variable_one":1.0,"data_set_value_component_MEK_variable_MEKPP":11.338508024,"data_set_value_component_MEK_variable_PP2A":11.4,"data_set_value_component_MEK_variable_MEKP":40.5150252862,"data_set_value_component_MEK_variable_MEK":68.1464673797,"data_set_value_component_MEK_variable_kf15":3.5,"data_set_value_component_MEK_variable_k15":317.0,"data_set_value_component_MEK_variable_kf16":0.058,"data_set_value_component_MEK_variable_k16":2200.0,"data_set_value_component_MEK_variable_kf17":2.9,"data_set_value_component_MEK_variable_k17":317.0,"data_set_value_component_MEK_variable_kf18":0.058,"data_set_value_component_MEK_variable_k18":60.0,"data_set_value_component_MEK_variable_k31":4.35,"data_set_value_component_MEK_variable_k33":12.0,"data_set_value_component_MEK_variable_one":1.0,"data_set_value_component_ERK_variable_MKP3":2.4,"data_set_value_component_ERK_variable_ERK":999.8151167665,"data_set_value_component_ERK_variable_ERKP":0.1848544533,"data_set_value_component_ERK_variable_ERKPP":0.0000287802,"data_set_value_component_ERK_variable_kf19":9.5,"data_set_value_component_ERK_variable_k19":146000.0,"data_set_value_component_ERK_variable_kf20":0.3,"data_set_value_component_ERK_variable_k20":160.0,"data_set_value_component_ERK_variable_kf21":16.0,"data_set_value_component_ERK_variable_k21":146000.0,"data_set_value_component_ERK_variable_kf22":0.27,"data_set_value_component_ERK_variable_k22":60.0,"data_set_value_component_ERK_variable_one":1.0},{"data_set_value_component_environment_variable_time":0.8,"data_set_value_component_PI3K_variable_kf1":0.0012,"data_set_value_component_PI3K_variable_kb1":0.00076,"data_set_value_component_PI3K_variable_kf2":0.01,"data_set_value_component_PI3K_variable_kb2":0.1,"data_set_value_component_PI3K_variable_kf3":1.0,"data_set_value_component_PI3K_variable_kb3":0.01,"data_set_value_component_PI3K_variable_kf34":0.001,"data_set_value_component_PI3K_variable_kb34":0.0,"data_set_value_component_PI3K_variable_V4":62.5,"data_set_value_component_PI3K_variable_k4":50.0,"data_set_value_component_PI3K_variable_kf5":0.1,"data_set_value_component_PI3K_variable_kb5":1.0,"data_set_value_component_PI3K_variable_kf6":20.0,"data_set_value_component_PI3K_variable_kb6":5.0,"data_set_value_component_PI3K_variable_kf7":60.0,"data_set_value_component_PI3K_variable_kb7":546.0,"data_set_value_component_PI3K_variable_kf8":2040.0,"data_set_value_component_PI3K_variable_kb8":15700.0,"data_set_value_component_PI3K_variable_kf9":40.8,"data_set_value_component_PI3K_variable_kb9":0.0,"data_set_value_component_PI3K_variable_V10":0.0154,"data_set_value_component_PI3K_variable_k10":340.0,"data_set_value_component_PI3K_variable_kf23":0.1,"data_set_value_component_PI3K_variable_kb23":2.0,"data_set_value_component_PI3K_variable_kf24":9.85,"data_set_value_component_PI3K_variable_kb24":0.0985,"data_set_value_component_PI3K_variable_kf25":45.8,"data_set_value_component_PI3K_variable_kb25":0.047,"data_set_value_component_PI3K_variable_V26":2620.0,"data_set_value_component_PI3K_variable_k26":3680.0,"data_set_value_component_PI3K_variable_R":79.264289209,"data_set_value_component_PI3K_variable_Shc":999.9991674083,"data_set_value_component_PI3K_variable_PI3K":9.9999926655,"data_set_value_component_PI3K_variable_HRG":9.264289209,"data_set_value_component_PI3K_variable_R_HRG":0.732825925,"data_set_value_component_PI3K_variable_R_HRG2":0.0012001368,"data_set_value_component_PI3K_variable_Internalisation":0.0000000086,"data_set_value_component_PI3K_variable_RP":0.0000498022,"data_set_value_component_PI3K_variable_R_Shc":0.000193844,"data_set_value_component_PI3K_variable_R_ShP":0.0000019397,"data_set_value_component_PI3K_variable_ShP":0.0005584949,"data_set_value_component_PI3K_variable_R_ShGS":-0.0000068525,"data_set_value_component_PI3K_variable_ShGS":0.0000851656,"data_set_value_component_PI3K_variable_GS":9.9999216869,"data_set_value_component_PI3K_variable_R_PI3K":0.0000029781,"data_set_value_component_PI3K_variable_R_PI3Kstar":0.000000576,"data_set_value_component_PI3K_variable_PI3Kstar":0.0000037804,"data_set_value_component_PI3K_variable_two":2.0,"data_set_value_component_RasGDPtoRasGTP_variable_RasGTP":0.0000017645,"data_set_value_component_RasGDPtoRasGTP_variable_kf11":0.222,"data_set_value_component_RasGDPtoRasGTP_variable_k11":0.181,"data_set_value_component_RasGDPtoRasGTP_variable_V12":0.289,"data_set_value_component_RasGDPtoRasGTP_variable_k12":0.0571,"data_set_value_component_RasGDPtoRasGTP_variable_RasGDP":119.9999982355,"data_set_value_component_RAF_variable_RAF_star":99.9651267622,"data_set_value_component_RAF_variable_kf13":1.53,"data_set_value_component_RAF_variable_k13":11.7,"data_set_value_component_RAF_variable_kf14":0.00673,"data_set_value_component_RAF_variable_k14":8.07,"data_set_value_component_RAF_variable_E":7.0,"data_set_value_component_RAF_variable_RAF":0.0348732378,"data_set_value_component_Akt_variable_Akt_PIPP":0.0000000005,"data_set_value_component_Akt_variable_kf27":16.9,"data_set_value_component_Akt_variable_k27":39.1,"data_set_value_component_Akt_variable_V28":17000.0,"data_set_value_component_Akt_variable_k28":9.02,"data_set_value_component_Akt_variable_kf29":507.0,"data_set_value_component_Akt_variable_kb29":234.0,"data_set_value_component_Akt_variable_V30":20000.0,"data_set_value_component_Akt_variable_k30":80000.0,"data_set_value_component_Akt_variable_kf31":0.107,"data_set_value_component_Akt_variable_k31":4.35,"data_set_value_component_Akt_variable_V32":20000.0,"data_set_value_component_Akt_variable_k32":80000.0,"data_set_value_component_Akt_variable_kf33":0.211,"data_set_value_component_Akt_variable_k33":12.0,"data_set_value_component_Akt_variable_k16":2200.0,"data_set_value_component_Akt_variable_k18":60.0,"data_set_value_component_Akt_variable_P":799.9999993183,"data_set_value_component_Akt_variable_PIP3":0.00000003,"data_set_value_component_Akt_variable_Akt":9.9999993483,"data_set_value_component_Akt_variable_Akt_PIP3":0.0000006319,"data_set_value_component_Akt_variable_Akt_PIP":0.0000000193,"data_set_value_component_Akt_variable_PP2A":11.4,"data_set_value_component_Akt_variable_one":1.0,"data_set_value_component_MEK_variable_MEKPP":14.1861344316,"data_set_value_component_MEK_variable_PP2A":11.4,"data_set_value_component_MEK_variable_MEKP":43.0610253112,"data_set_value_component_MEK_variable_MEK":62.7528389012,"data_set_value_component_MEK_variable_kf15":3.5,"data_set_value_component_MEK_variable_k15":317.0,"data_set_value_component_MEK_variable_kf16":0.058,"data_set_value_component_MEK_variable_k16":2200.0,"data_set_value_component_MEK_variable_kf17":2.9,"data_set_value_component_MEK_variable_k17":317.0,"data_set_value_component_MEK_variable_kf18":0.058,"data_set_value_component_MEK_variable_k18":60.0,"data_set_value_component_MEK_variable_k31":4.35,"data_set_value_component_MEK_variable_k33":12.0,"data_set_value_component_MEK_variable_one":1.0,"data_set_value_component_ERK_variable_MKP3":2.4,"data_set_value_component_ERK_variable_ERK":999.7328615334,"data_set_value_component_ERK_variable_ERKP":0.2670783839,"data_set_value_component_ERK_variable_ERKPP":0.0000600827,"data_set_value_component_ERK_variable_kf19":9.5,"data_set_value_component_ERK_variable_k19":146000.0,"data_set_value_component_ERK_variable_kf20":0.3,"data_set_value_component_ERK_variable_k20":160.0,"data_set_value_component_ERK_variable_kf21":16.0,"data_set_value_component_ERK_variable_k21":146000.0,"data_set_value_component_ERK_variable_kf22":0.27,"data_set_value_component_ERK_variable_k22":60.0,"data_set_value_component_ERK_variable_one":1.0},{"data_set_value_component_environment_variable_time":0.9,"data_set_value_component_PI3K_variable_kf1":0.0012,"data_set_value_component_PI3K_variable_kb1":0.00076,"data_set_value_component_PI3K_variable_kf2":0.01,"data_set_value_component_PI3K_variable_kb2":0.1,"data_set_value_component_PI3K_variable_kf3":1.0,"data_set_value_component_PI3K_variable_kb3":0.01,"data_set_value_component_PI3K_variable_kf34":0.001,"data_set_value_component_PI3K_variable_kb34":0.0,"data_set_value_component_PI3K_variable_V4":62.5,"data_set_value_component_PI3K_variable_k4":50.0,"data_set_value_component_PI3K_variable_kf5":0.1,"data_set_value_component_PI3K_variable_kb5":1.0,"data_set_value_component_PI3K_variable_kf6":20.0,"data_set_value_component_PI3K_variable_kb6":5.0,"data_set_value_component_PI3K_variable_kf7":60.0,"data_set_value_component_PI3K_variable_kb7":546.0,"data_set_value_component_PI3K_variable_kf8":2040.0,"data_set_value_component_PI3K_variable_kb8":15700.0,"data_set_value_component_PI3K_variable_kf9":40.8,"data_set_value_component_PI3K_variable_kb9":0.0,"data_set_value_component_PI3K_variable_V10":0.0154,"data_set_value_component_PI3K_variable_k10":340.0,"data_set_value_component_PI3K_variable_kf23":0.1,"data_set_value_component_PI3K_variable_kb23":2.0,"data_set_value_component_PI3K_variable_kf24":9.85,"data_set_value_component_PI3K_variable_kb24":0.0985,"data_set_value_component_PI3K_variable_kf25":45.8,"data_set_value_component_PI3K_variable_kb25":0.047,"data_set_value_component_PI3K_variable_V26":2620.0,"data_set_value_component_PI3K_variable_k26":3680.0,"data_set_value_component_PI3K_variable_R":79.1766947173,"data_set_value_component_PI3K_variable_Shc":999.9985694703,"data_set_value_component_PI3K_variable_PI3K":9.9999875686,"data_set_value_component_PI3K_variable_HRG":9.1766947173,"data_set_value_component_PI3K_variable_R_HRG":0.8192428074,"data_set_value_component_PI3K_variable_R_HRG2":0.0016547676,"data_set_value_component_PI3K_variable_Internalisation":0.0000000149,"data_set_value_component_PI3K_variable_RP":0.0000760019,"data_set_value_component_PI3K_variable_R_Shc":0.00030246,"data_set_value_component_PI3K_variable_R_ShP":0.000003052,"data_set_value_component_PI3K_variable_ShP":0.0010011817,"data_set_value_component_PI3K_variable_R_ShGS":-0.0000106919,"data_set_value_component_PI3K_variable_ShGS":0.0001345279,"data_set_value_component_PI3K_variable_GS":9.999876164,"data_set_value_component_PI3K_variable_R_PI3K":0.0000047108,"data_set_value_component_PI3K_variable_R_PI3Kstar":0.0000009223,"data_set_value_component_PI3K_variable_PI3Kstar":0.0000067983,"data_set_value_component_PI3K_variable_two":2.0,"data_set_value_component_RasGDPtoRasGTP_variable_RasGTP":0.0000029872,"data_set_value_component_RasGDPtoRasGTP_variable_kf11":0.222,"data_set_value_component_RasGDPtoRasGTP_variable_k11":0.181,"data_set_value_component_RasGDPtoRasGTP_variable_V12":0.289,"data_set_value_component_RasGDPtoRasGTP_variable_k12":0.0571,"data_set_value_component_RasGDPtoRasGTP_variable_RasGDP":119.9999970128,"data_set_value_component_RAF_variable_RAF_star":99.9607676723,"data_set_value_component_RAF_variable_kf13":1.53,"data_set_value_component_RAF_variable_k13":11.7,"data_set_value_component_RAF_variable_kf14":0.00673,"data_set_value_component_RAF_variable_k14":8.07,"data_set_value_component_RAF_variable_E":7.0,"data_set_value_component_RAF_variable_RAF":0.0392323277,"data_set_value_component_Akt_variable_Akt_PIPP":0.0000000012,"data_set_value_component_Akt_variable_kf27":16.9,"data_set_value_component_Akt_variable_k27":39.1,"data_set_value_component_Akt_variable_V28":17000.0,"data_set_value_component_Akt_variable_k28":9.02,"data_set_value_component_Akt_variable_kf29":507.0,"data_set_value_component_Akt_variable_kb29":234.0,"data_set_value_component_Akt_variable_V30":20000.0,"data_set_value_component_Akt_variable_k30":80000.0,"data_set_value_component_Akt_variable_kf31":0.107,"data_set_value_component_Akt_variable_k31":4.35,"data_set_value_component_Akt_variable_V32":20000.0,"data_set_value_component_Akt_variable_k32":80000.0,"data_set_value_component_Akt_variable_kf33":0.211,"data_set_value_component_Akt_variable_k33":12.0,"data_set_value_component_Akt_variable_k16":2200.0,"data_set_value_component_Akt_variable_k18":60.0,"data_set_value_component_Akt_variable_P":799.9999987549,"data_set_value_component_Akt_variable_PIP3":0.0000000544,"data_set_value_component_Akt_variable_Akt":9.9999988093,"data_set_value_component_Akt_variable_Akt_PIP3":0.0000011497,"data_set_value_component_Akt_variable_Akt_PIP":0.0000000398,"data_set_value_component_Akt_variable_PP2A":11.4,"data_set_value_component_Akt_variable_one":1.0,"data_set_value_component_MEK_variable_MEKPP":17.2067745062,"data_set_value_component_MEK_variable_PP2A":11.4,"data_set_value_component_MEK_variable_MEKP":45.0400363505,"data_set_value_component_MEK_variable_MEK":57.7531863622,"data_set_value_component_MEK_variable_kf15":3.5,"data_set_value_component_MEK_variable_k15":317.0,"data_set_value_component_MEK_variable_kf16":0.058,"data_set_value_component_MEK_variable_k16":2200.0,"data_set_value_component_MEK_variable_kf17":2.9,"data_set_value_component_MEK_variable_k17":317.0,"data_set_value_component_MEK_variable_kf18":0.058,"data_set_value_component_MEK_variable_k18":60.0,"data_set_value_component_MEK_variable_k31":4.35,"data_set_value_component_MEK_variable_k33":12.0,"data_set_value_component_MEK_variable_one":1.0,"data_set_value_component_ERK_variable_MKP3":2.4,"data_set_value_component_ERK_variable_ERK":999.6316798858,"data_set_value_component_ERK_variable_ERKP":0.3682059007,"data_set_value_component_ERK_variable_ERKPP":0.0001142135,"data_set_value_component_ERK_variable_kf19":9.5,"data_set_value_component_ERK_variable_k19":146000.0,"data_set_value_component_ERK_variable_kf20":0.3,"data_set_value_component_ERK_variable_k20":160.0,"data_set_value_component_ERK_variable_kf21":16.0,"data_set_value_component_ERK_variable_k21":146000.0,"data_set_value_component_ERK_variable_kf22":0.27,"data_set_value_component_ERK_variable_k22":60.0,"data_set_value_component_ERK_variable_one":1.0},{"data_set_value_component_environment_variable_time":1.0,"data_set_value_component_PI3K_variable_kf1":0.0012,"data_set_value_component_PI3K_variable_kb1":0.00076,"data_set_value_component_PI3K_variable_kf2":0.01,"data_set_value_component_PI3K_variable_kb2":0.1,"data_set_value_component_PI3K_variable_kf3":1.0,"data_set_value_component_PI3K_variable_kb3":0.01,"data_set_value_component_PI3K_variable_kf34":0.001,"data_set_value_component_PI3K_variable_kb34":0.0,"data_set_value_component_PI3K_variable_V4":62.5,"data_set_value_component_PI3K_variable_k4":50.0,"data_set_value_component_PI3K_variable_kf5":0.1,"data_set_value_component_PI3K_variable_kb5":1.0,"data_set_value_component_PI3K_variable_kf6":20.0,"data_set_value_component_PI3K_variable_kb6":5.0,"data_set_value_component_PI3K_variable_kf7":60.0,"data_set_value_component_PI3K_variable_kb7":546.0,"data_set_value_component_PI3K_variable_kf8":2040.0,"data_set_value_component_PI3K_variable_kb8":15700.0,"data_set_value_component_PI3K_variable_kf9":40.8,"data_set_value_component_PI3K_variable_kb9":0.0,"data_set_value_component_PI3K_variable_V10":0.0154,"data_set_value_component_PI3K_variable_k10":340.0,"data_set_value_component_PI3K_variable_kf23":0.1,"data_set_value_component_PI3K_variable_kb23":2.0,"data_set_value_component_PI3K_variable_kf24":9.85,"data_set_value_component_PI3K_variable_kb24":0.0985,"data_set_value_component_PI3K_variable_kf25":45.8,"data_set_value_component_PI3K_variable_kb25":0.047,"data_set_value_component_PI3K_variable_V26":2620.0,"data_set_value_component_PI3K_variable_k26":3680.0,"data_set_value_component_PI3K_variable_R":79.0900305229,"data_set_value_component_PI3K_variable_Shc":999.9976806627,"data_set_value_component_PI3K_variable_PI3K":9.9999801125,"data_set_value_component_PI3K_variable_HRG":9.0900305229,"data_set_value_component_PI3K_variable_R_HRG":0.9044582562,"data_set_value_component_PI3K_variable_R_HRG2":0.0021988873,"data_set_value_component_PI3K_variable_Internalisation":0.0000000241,"data_set_value_component_PI3K_variable_RP":0.0001107452,"data_set_value_component_PI3K_variable_R_Shc":0.0004487662,"data_set_value_component_PI3K_variable_R_ShP":0.0000045805,"data_set_value_component_PI3K_variable_ShP":0.0016802741,"data_set_value_component_PI3K_variable_R_ShGS":-0.0000158606,"data_set_value_component_PI3K_variable_ShGS":0.0002015771,"data_set_value_component_PI3K_variable_GS":9.9998142835,"data_set_value_component_PI3K_variable_R_PI3K":0.0000070699,"data_set_value_component_PI3K_variable_R_PI3Kstar":0.0000013978,"data_set_value_component_PI3K_variable_PI3Kstar":0.0000114198,"data_set_value_component_PI3K_variable_two":2.0,"data_set_value_component_RasGDPtoRasGTP_variable_RasGTP":0.0000047452,"data_set_value_component_RasGDPtoRasGTP_variable_kf11":0.222,"data_set_value_component_RasGDPtoRasGTP_variable_k11":0.181,"data_set_value_component_RasGDPtoRasGTP_variable_V12":0.289,"data_set_value_component_RasGDPtoRasGTP_variable_k12":0.0571,"data_set_value_component_RasGDPtoRasGTP_variable_RasGDP":119.9999952548,"data_set_value_component_RAF_variable_RAF_star":99.9564085976,"data_set_value_component_RAF_variable_kf13":1.53,"data_set_value_component_RAF_variable_k13":11.7,"data_set_value_component_RAF_variable_kf14":0.00673,"data_set_value_component_RAF_variable_k14":8.07,"data_set_value_component_RAF_variable_E":7.0,"data_set_value_component_RAF_variable_RAF":0.0435914024,"data_set_value_component_Akt_variable_Akt_PIPP":0.0000000026,"data_set_value_component_Akt_variable_kf27":16.9,"data_set_value_component_Akt_variable_k27":39.1,"data_set_value_component_Akt_variable_V28":17000.0,"data_set_value_component_Akt_variable_k28":9.02,"data_set_value_component_Akt_variable_kf29":507.0,"data_set_value_component_Akt_variable_kb29":234.0,"data_set_value_component_Akt_variable_V30":20000.0,"data_set_value_component_Akt_variable_k30":80000.0,"data_set_value_component_Akt_variable_kf31":0.107,"data_set_value_component_Akt_variable_k31":4.35,"data_set_value_component_Akt_variable_V32":20000.0,"data_set_value_component_Akt_variable_k32":80000.0,"data_set_value_component_Akt_variable_kf33":0.211,"data_set_value_component_Akt_variable_k33":12.0,"data_set_value_component_Akt_variable_k16":2200.0,"data_set_value_component_Akt_variable_k18":60.0,"data_set_value_component_Akt_variable_P":799.9999978806,"data_set_value_component_Akt_variable_PIP3":0.000000092,"data_set_value_component_Akt_variable_Akt":9.9999979726,"data_set_value_component_Akt_variable_Akt_PIP3":0.0000019496,"data_set_value_component_Akt_variable_Akt_PIP":0.0000000753,"data_set_value_component_Akt_variable_PP2A":11.4,"data_set_value_component_Akt_variable_one":1.0,"data_set_value_component_MEK_variable_MEKPP":20.3669914055,"data_set_value_component_MEK_variable_PP2A":11.4,"data_set_value_component_MEK_variable_MEKP":46.5135019369,"data_set_value_component_MEK_variable_MEK":53.1195030665,"data_set_value_component_MEK_variable_kf15":3.5,"data_set_value_component_MEK_variable_k15":317.0,"data_set_value_component_MEK_variable_kf16":0.058,"data_set_value_component_MEK_variable_k16":2200.0,"data_set_value_component_MEK_variable_kf17":2.9,"data_set_value_component_MEK_variable_k17":317.0,"data_set_value_component_MEK_variable_kf18":0.058,"data_set_value_component_MEK_variable_k18":60.0,"data_set_value_component_MEK_variable_k31":4.35,"data_set_value_component_MEK_variable_k33":12.0,"data_set_value_component_MEK_variable_one":1.0,"data_set_value_component_ERK_variable_MKP3":2.4,"data_set_value_component_ERK_variable_ERK":999.5105785687,"data_set_value_component_ERK_variable_ERKP":0.4892197686,"data_set_value_component_ERK_variable_ERKPP":0.0002016627,"data_set_value_component_ERK_variable_kf19":9.5,"data_set_value_component_ERK_variable_k19":146000.0,"data_set_value_component_ERK_variable_kf20":0.3,"data_set_value_component_ERK_variable_k20":160.0,"data_set_value_component_ERK_variable_kf21":16.0,"data_set_value_component_ERK_variable_k21":146000.0,"data_set_value_component_ERK_variable_kf22":0.27,"data_set_value_component_ERK_variable_k22":60.0,"data_set_value_component_ERK_variable_one":1.0}]