[{"data_set_value_component_environment_variable_time":0.0,"data_set_value_component_environment_variable_Metin":200.0,"data_set_value_component_Met_variable_Met":53.5,"data_set_value_component_AdoMet_variable_AdoMet":137.6,"data_set_value_component_AdoHcy_variable_AdoHcy":13.2,"data_set_value_component_Hcy_variable_Hcy":0.88,"data_set_value_component_V_MATI_variable_V_MATI":144.7605772384,"data_set_value_component_V_MATI_variable_V_MATImax":561.0,"data_set_value_component_V_MATI_variable_Km_MATI":41.0,"data_set_value_component_V_MATI_variable_Ki_MATI":50.0,"data_set_value_component_V_MATIII_variable_V_MATIII":256.2959734282,"data_set_value_component_V_MATIII_variable_V_MATIIImax":22870.0,"data_set_value_component_V_MATIII_variable_Km1_MATIII":16689.3750623336,"data_set_value_component_V_MATIII_variable_Km2_MATIII":21.1,"data_set_value_component_V_GNMT_variable_V_GNMT":2.0964706395,"data_set_value_component_V_GNMT_variable_V_GNMTmax":10600.0,"data_set_value_component_V_GNMT_variable_Km_GNMT":4500.0,"data_set_value_component_V_GNMT_variable_Ki_GNMT":20.0,"data_set_value_component_V_METH_variable_V_METH":398.5454545455,"data_set_value_component_V_METH_variable_V_METHmax":4521.0,"data_set_value_component_V_METH_variable_Km1_METH":4.3,"data_set_value_component_V_METH_variable_Km2_METH_A":10.0,"data_set_value_component_V_MS_variable_V_MS":84.1300191205,"data_set_value_component_V_MS_variable_five_mTHF":5.2,"data_set_value_component_V_MS_variable_V_MSmax":500.0,"data_set_value_component_V_MS_variable_Kd_MS":1.0,"data_set_value_component_V_MS_variable_Km_Hcy_MS":0.1,"data_set_value_component_V_MS_variable_Km_five_mTHF_MS":25.0,"data_set_value_component_V_AH_variable_V_AH":440.0,"data_set_value_component_V_AH_variable_alpha1":100.0,"data_set_value_component_V_AH_variable_alpha2":10.0,"data_set_value_component_V_CBS_variable_V_CBS":199.1968,"data_set_value_component_V_CBS_variable_beta1":1.7,"data_set_value_component_V_CBS_variable_beta2":30.0,"data_set_value_component_V_BHMT_variable_V_BHMT":116.149068323,"data_set_value_component_V_BHMT_variable_V_BHMTmax":2500.0,"data_set_value_component_V_BHMT_variable_Km_BHMT":12.0},{"data_set_value_component_environment_variable_time":0.1,"data_set_value_component_environment_variable_Metin":200.0,"data_set_value_component_Met_variable_Met":53.5890425859,"data_set_value_component_AdoMet_variable_AdoMet":137.6896820495,"data_set_value_component_AdoHcy_variable_AdoHcy":12.859717251,"data_set_value_component_Hcy_variable_Hcy":0.8843300396,"data_set_value_component_V_MATI_variable_V_MATI":144.8878935549,"data_set_value_component_V_MATI_variable_V_MATImax":561.0,"data_set_value_component_V_MATI_variable_Km_MATI":41.0,"data_set_value_component_V_MATI_variable_Ki_MATI":50.0,"data_set_value_component_V_MATIII_variable_V_MATIII":257.0653371776,"data_set_value_component_V_MATIII_variable_V_MATIIImax":22870.0,"data_set_value_component_V_MATIII_variable_Km1_MATIII":16686.4458317926,"data_set_value_component_V_MATIII_variable_Km2_MATIII":21.1,"data_set_value_component_V_GNMT_variable_V_GNMT":2.1213564442,"data_set_value_component_V_GNMT_variable_V_GNMTmax":10600.0,"data_set_value_component_V_GNMT_variable_Km_GNMT":4500.0,"data_set_value_component_V_GNMT_variable_Ki_GNMT":20.0,"data_set_value_component_V_METH_variable_V_METH":398.7922505061,"data_set_value_component_V_METH_variable_V_METHmax":4521.0,"data_set_value_component_V_METH_variable_Km1_METH":4.2149293127,"data_set_value_component_V_METH_variable_Km2_METH_A":10.0,"data_set_value_component_V_MS_variable_V_MS":84.1394112401,"data_set_value_component_V_MS_variable_five_mTHF":5.2,"data_set_value_component_V_MS_variable_V_MSmax":500.0,"data_set_value_component_V_MS_variable_Kd_MS":1.0,"data_set_value_component_V_MS_variable_Km_Hcy_MS":0.1,"data_set_value_component_V_MS_variable_Km_five_mTHF_MS":25.0,"data_set_value_component_V_AH_variable_V_AH":401.6416855088,"data_set_value_component_V_AH_variable_alpha1":100.0,"data_set_value_component_V_AH_variable_alpha2":10.0,"data_set_value_component_V_CBS_variable_V_CBS":199.8002044257,"data_set_value_component_V_CBS_variable_beta1":1.7,"data_set_value_component_V_CBS_variable_beta2":30.0,"data_set_value_component_V_BHMT_variable_V_BHMT":117.7563692131,"data_set_value_component_V_BHMT_variable_V_BHMTmax":2500.0,"data_set_value_component_V_BHMT_variable_Km_BHMT":12.0},{"data_set_value_component_environment_variable_time":0.2,"data_set_value_component_environment_variable_Metin":200.0,"data_set_value_component_Met_variable_Met":53.5651501017,"data_set_value_component_AdoMet_variable_AdoMet":137.7811338736,"data_set_value_component_AdoHcy_variable_AdoHcy":12.8367393902,"data_set_value_component_Hcy_variable_Hcy":0.8827303536,"data_set_value_component_V_MATI_variable_V_MATI":144.7876401219,"data_set_value_component_V_MATI_variable_V_MATImax":561.0,"data_set_value_component_V_MATI_variable_Km_MATI":41.0,"data_set_value_component_V_MATI_variable_Ki_MATI":50.0,"data_set_value_component_V_MATIII_variable_V_MATIII":256.9162103183,"data_set_value_component_V_MATIII_variable_V_MATIIImax":22870.0,"data_set_value_component_V_MATIII_variable_Km1_MATIII":16683.4589906202,"data_set_value_component_V_MATIII_variable_Km2_MATIII":21.1,"data_set_value_component_V_GNMT_variable_V_GNMT":2.126084138,"data_set_value_component_V_GNMT_variable_V_GNMTmax":10600.0,"data_set_value_component_V_GNMT_variable_Km_GNMT":4500.0,"data_set_value_component_V_GNMT_variable_Ki_GNMT":20.0,"data_set_value_component_V_METH_variable_V_METH":398.8162469954,"data_set_value_component_V_METH_variable_V_METHmax":4521.0,"data_set_value_component_V_METH_variable_Km1_METH":4.2091848475,"data_set_value_component_V_METH_variable_Km2_METH_A":10.0,"data_set_value_component_V_MS_variable_V_MS":84.1359519122,"data_set_value_component_V_MS_variable_five_mTHF":5.2,"data_set_value_component_V_MS_variable_V_MSmax":500.0,"data_set_value_component_V_MS_variable_Kd_MS":1.0,"data_set_value_component_V_MS_variable_Km_Hcy_MS":0.1,"data_set_value_component_V_MS_variable_Km_five_mTHF_MS":25.0,"data_set_value_component_V_AH_variable_V_AH":400.9435854406,"data_set_value_component_V_AH_variable_alpha1":100.0,"data_set_value_component_V_AH_variable_alpha2":10.0,"data_set_value_component_V_CBS_variable_V_CBS":199.5415358781,"data_set_value_component_V_CBS_variable_beta1":1.7,"data_set_value_component_V_CBS_variable_beta2":30.0,"data_set_value_component_V_BHMT_variable_V_BHMT":117.2647109351,"data_set_value_component_V_BHMT_variable_V_BHMTmax":2500.0,"data_set_value_component_V_BHMT_variable_Km_BHMT":12.0},{"data_set_value_component_environment_variable_time":0.3,"data_set_value_component_environment_variable_Metin":200.0,"data_set_value_component_Met_variable_Met":53.5372454437,"data_set_value_component_AdoMet_variable_AdoMet":137.8420483147,"data_set_value_component_AdoHcy_variable_AdoHcy":12.8401701853,"data_set_value_component_Hcy_variable_Hcy":0.8831143788,"data_set_value_component_V_MATI_variable_V_MATI":144.6968438132,"data_set_value_component_V_MATI_variable_V_MATImax":561.0,"data_set_value_component_V_MATI_variable_Km_MATI":41.0,"data_set_value_component_V_MATI_variable_Ki_MATI":50.0,"data_set_value_component_V_MATIII_variable_V_MATIII":256.7192503875,"data_set_value_component_V_MATIII_variable_V_MATIIImax":22870.0,"data_set_value_component_V_MATIII_variable_Km1_MATIII":16681.4696181677,"data_set_value_component_V_MATIII_variable_Km2_MATIII":21.1,"data_set_value_component_V_GNMT_variable_V_GNMT":2.1280236256,"data_set_value_component_V_GNMT_variable_V_GNMTmax":10600.0,"data_set_value_component_V_GNMT_variable_Km_GNMT":4500.0,"data_set_value_component_V_GNMT_variable_Ki_GNMT":20.0,"data_set_value_component_V_METH_variable_V_METH":398.819063584,"data_set_value_component_V_METH_variable_V_METHmax":4521.0,"data_set_value_component_V_METH_variable_Km1_METH":4.2100425463,"data_set_value_component_V_METH_variable_Km2_METH_A":10.0,"data_set_value_component_V_MS_variable_V_MS":84.1367834855,"data_set_value_component_V_MS_variable_five_mTHF":5.2,"data_set_value_component_V_MS_variable_V_MSmax":500.0,"data_set_value_component_V_MS_variable_Kd_MS":1.0,"data_set_value_component_V_MS_variable_Km_Hcy_MS":0.1,"data_set_value_component_V_MS_variable_Km_five_mTHF_MS":25.0,"data_set_value_component_V_AH_variable_V_AH":400.9026397794,"data_set_value_component_V_AH_variable_alpha1":100.0,"data_set_value_component_V_AH_variable_alpha2":10.0,"data_set_value_component_V_CBS_variable_V_CBS":199.7249460624,"data_set_value_component_V_CBS_variable_beta1":1.7,"data_set_value_component_V_CBS_variable_beta2":30.0,"data_set_value_component_V_BHMT_variable_V_BHMT":117.03655716,"data_set_value_component_V_BHMT_variable_V_BHMTmax":2500.0,"data_set_value_component_V_BHMT_variable_Km_BHMT":12.0},{"data_set_value_component_environment_variable_time":0.4,"data_set_value_component_environment_variable_Metin":200.0,"data_set_value_component_Met_variable_Met":53.5171706937,"data_set_value_component_AdoMet_variable_AdoMet":137.8778334044,"data_set_value_component_AdoHcy_variable_AdoHcy":12.8439554272,"data_set_value_component_Hcy_variable_Hcy":0.8834770234,"data_set_value_component_V_MATI_variable_V_MATI":144.6361283507,"data_set_value_component_V_MATI_variable_V_MATImax":561.0,"data_set_value_component_V_MATI_variable_Km_MATI":41.0,"data_set_value_component_V_MATI_variable_Ki_MATI":50.0,"data_set_value_component_V_MATIII_variable_V_MATIII":256.573593657,"data_set_value_component_V_MATIII_variable_V_MATIIImax":22870.0,"data_set_value_component_V_MATIII_variable_Km1_MATIII":16680.3009729237,"data_set_value_component_V_MATIII_variable_Km2_MATIII":21.1,"data_set_value_component_V_GNMT_variable_V_GNMT":2.1290486676,"data_set_value_component_V_GNMT_variable_V_GNMTmax":10600.0,"data_set_value_component_V_GNMT_variable_Km_GNMT":4500.0,"data_set_value_component_V_GNMT_variable_Ki_GNMT":20.0,"data_set_value_component_V_METH_variable_V_METH":398.8194752226,"data_set_value_component_V_METH_variable_V_METHmax":4521.0,"data_set_value_component_V_METH_variable_Km1_METH":4.2109888568,"data_set_value_component_V_METH_variable_Km2_METH_A":10.0,"data_set_value_component_V_MS_variable_V_MS":84.1375681125,"data_set_value_component_V_MS_variable_five_mTHF":5.2,"data_set_value_component_V_MS_variable_V_MSmax":500.0,"data_set_value_component_V_MS_variable_Kd_MS":1.0,"data_set_value_component_V_MS_variable_Km_Hcy_MS":0.1,"data_set_value_component_V_MS_variable_Km_five_mTHF_MS":25.0,"data_set_value_component_V_AH_variable_V_AH":400.9185192983,"data_set_value_component_V_AH_variable_alpha1":100.0,"data_set_value_component_V_AH_variable_alpha2":10.0,"data_set_value_component_V_CBS_variable_V_CBS":199.866392813,"data_set_value_component_V_CBS_variable_beta1":1.7,"data_set_value_component_V_CBS_variable_beta2":30.0,"data_set_value_component_V_BHMT_variable_V_BHMT":116.9117271467,"data_set_value_component_V_BHMT_variable_V_BHMTmax":2500.0,"data_set_value_component_V_BHMT_variable_Km_BHMT":12.0},{"data_set_value_component_environment_variable_time":0.5,"data_set_value_component_environment_variable_Metin":200.0,"data_set_value_component_Met_variable_Met":53.5045470833,"data_set_value_component_AdoMet_variable_AdoMet":137.8968908294,"data_set_value_component_AdoHcy_variable_AdoHcy":12.8462308499,"data_set_value_component_Hcy_variable_Hcy":0.8836902894,"data_set_value_component_V_MATI_variable_V_MATI":144.5999193857,"data_set_value_component_V_MATI_variable_V_MATImax":561.0,"data_set_value_component_V_MATI_variable_Km_MATI":41.0,"data_set_value_component_V_MATI_variable_Ki_MATI":50.0,"data_set_value_component_V_MATIII_variable_V_MATIII":256.4803041874,"data_set_value_component_V_MATIII_variable_V_MATIIImax":22870.0,"data_set_value_component_V_MATIII_variable_Km1_MATIII":16679.6786208599,"data_set_value_component_V_MATIII_variable_Km2_MATIII":21.1,"data_set_value_component_V_GNMT_variable_V_GNMT":2.1295778039,"data_set_value_component_V_GNMT_variable_V_GNMTmax":10600.0,"data_set_value_component_V_GNMT_variable_Km_GNMT":4500.0,"data_set_value_component_V_GNMT_variable_Ki_GNMT":20.0,"data_set_value_component_V_METH_variable_V_METH":398.8195122276,"data_set_value_component_V_METH_variable_V_METHmax":4521.0,"data_set_value_component_V_METH_variable_Km1_METH":4.2115577125,"data_set_value_component_V_METH_variable_Km2_METH_A":10.0,"data_set_value_component_V_MS_variable_V_MS":84.1380292462,"data_set_value_component_V_MS_variable_five_mTHF":5.2,"data_set_value_component_V_MS_variable_V_MSmax":500.0,"data_set_value_component_V_MS_variable_Kd_MS":1.0,"data_set_value_component_V_MS_variable_Km_Hcy_MS":0.1,"data_set_value_component_V_MS_variable_Km_five_mTHF_MS":25.0,"data_set_value_component_V_AH_variable_V_AH":400.932795581,"data_set_value_component_V_AH_variable_alpha1":100.0,"data_set_value_component_V_AH_variable_alpha2":10.0,"data_set_value_component_V_CBS_variable_V_CBS":199.9466871162,"data_set_value_component_V_CBS_variable_beta1":1.7,"data_set_value_component_V_CBS_variable_beta2":30.0,"data_set_value_component_V_BHMT_variable_V_BHMT":116.8465621575,"data_set_value_component_V_BHMT_variable_V_BHMTmax":2500.0,"data_set_value_component_V_BHMT_variable_Km_BHMT":12.0},{"data_set_value_component_environment_variable_time":0.6,"data_set_value_component_environment_variable_Metin":200.0,"data_set_value_component_Met_variable_Met":53.4973300686,"data_set_value_component_AdoMet_variable_AdoMet":137.9059249564,"data_set_value_component_AdoHcy_variable_AdoHcy":12.8473968701,"data_set_value_component_Hcy_variable_Hcy":0.8837981721,"data_set_value_component_V_MATI_variable_V_MATI":144.5802818689,"data_set_value_component_V_MATI_variable_V_MATImax":561.0,"data_set_value_component_V_MATI_variable_Km_MATI":41.0,"data_set_value_component_V_MATI_variable_Ki_MATI":50.0,"data_set_value_component_V_MATIII_variable_V_MATIII":256.4260515293,"data_set_value_component_V_MATIII_variable_V_MATIIImax":22870.0,"data_set_value_component_V_MATIII_variable_Km1_MATIII":16679.3835993688,"data_set_value_component_V_MATIII_variable_Km2_MATIII":21.1,"data_set_value_component_V_GNMT_variable_V_GNMT":2.129822992,"data_set_value_component_V_GNMT_variable_V_GNMTmax":10600.0,"data_set_value_component_V_GNMT_variable_Km_GNMT":4500.0,"data_set_value_component_V_GNMT_variable_Ki_GNMT":20.0,"data_set_value_component_V_METH_variable_V_METH":398.8194684763,"data_set_value_component_V_METH_variable_V_METHmax":4521.0,"data_set_value_component_V_METH_variable_Km1_METH":4.2118492175,"data_set_value_component_V_METH_variable_Km2_METH_A":10.0,"data_set_value_component_V_MS_variable_V_MS":84.1382624324,"data_set_value_component_V_MS_variable_five_mTHF":5.2,"data_set_value_component_V_MS_variable_V_MSmax":500.0,"data_set_value_component_V_MS_variable_Kd_MS":1.0,"data_set_value_component_V_MS_variable_Km_Hcy_MS":0.1,"data_set_value_component_V_MS_variable_Km_five_mTHF_MS":25.0,"data_set_value_component_V_AH_variable_V_AH":400.9415149254,"data_set_value_component_V_AH_variable_alpha1":100.0,"data_set_value_component_V_AH_variable_alpha2":10.0,"data_set_value_component_V_CBS_variable_V_CBS":199.9864222895,"data_set_value_component_V_CBS_variable_beta1":1.7,"data_set_value_component_V_CBS_variable_beta2":30.0,"data_set_value_component_V_BHMT_variable_V_BHMT":116.8161168562,"data_set_value_component_V_BHMT_variable_V_BHMTmax":2500.0,"data_set_value_component_V_BHMT_variable_Km_BHMT":12.0},{"data_set_value_component_environment_variable_time":0.7,"data_set_value_component_environment_variable_Metin":200.0,"data_set_value_component_Met_variable_Met":53.4935843122,"data_set_value_component_AdoMet_variable_AdoMet":137.909487942,"data_set_value_component_AdoHcy_variable_AdoHcy":12.847914935,"data_set_value_component_Hcy_variable_Hcy":0.8838452372,"data_set_value_component_V_MATI_variable_V_MATI":144.5707326561,"data_set_value_component_V_MATI_variable_V_MATImax":561.0,"data_set_value_component_V_MATI_variable_Km_MATI":41.0,"data_set_value_component_V_MATI_variable_Ki_MATI":50.0,"data_set_value_component_V_MATIII_variable_V_MATIII":256.397336338,"data_set_value_component_V_MATIII_variable_V_MATIIImax":22870.0,"data_set_value_component_V_MATIII_variable_Km1_MATIII":16679.2672458446,"data_set_value_component_V_MATIII_variable_Km2_MATIII":21.1,"data_set_value_component_V_GNMT_variable_V_GNMT":2.1299159214,"data_set_value_component_V_GNMT_variable_V_GNMTmax":10600.0,"data_set_value_component_V_GNMT_variable_Km_GNMT":4500.0,"data_set_value_component_V_GNMT_variable_Ki_GNMT":20.0,"data_set_value_component_V_METH_variable_V_METH":398.8194103955,"data_set_value_component_V_METH_variable_V_METHmax":4521.0,"data_set_value_component_V_METH_variable_Km1_METH":4.2119787338,"data_set_value_component_V_METH_variable_Km2_METH_A":10.0,"data_set_value_component_V_MS_variable_V_MS":84.1383641453,"data_set_value_component_V_MS_variable_five_mTHF":5.2,"data_set_value_component_V_MS_variable_V_MSmax":500.0,"data_set_value_component_V_MS_variable_Kd_MS":1.0,"data_set_value_component_V_MS_variable_Km_Hcy_MS":0.1,"data_set_value_component_V_MS_variable_Km_five_mTHF_MS":25.0,"data_set_value_component_V_AH_variable_V_AH":400.9462562859,"data_set_value_component_V_AH_variable_alpha1":100.0,"data_set_value_component_V_AH_variable_alpha2":10.0,"data_set_value_component_V_CBS_variable_V_CBS":200.0032041466,"data_set_value_component_V_CBS_variable_beta1":1.7,"data_set_value_component_V_CBS_variable_beta2":30.0,"data_set_value_component_V_BHMT_variable_V_BHMT":116.804413168,"data_set_value_component_V_BHMT_variable_V_BHMTmax":2500.0,"data_set_value_component_V_BHMT_variable_Km_BHMT":12.0},{"data_set_value_component_environment_variable_time":0.8,"data_set_value_component_environment_variable_Metin":200.0,"data_set_value_component_Met_variable_Met":53.4918713923,"data_set_value_component_AdoMet_variable_AdoMet":137.9103663895,"data_set_value_component_AdoHcy_variable_AdoHcy":12.84809231,"data_set_value_component_Hcy_variable_Hcy":0.8838606946,"data_set_value_component_V_MATI_variable_V_MATI":144.5667946341,"data_set_value_component_V_MATI_variable_V_MATImax":561.0,"data_set_value_component_V_MATI_variable_Km_MATI":41.0,"data_set_value_component_V_MATI_variable_Ki_MATI":50.0,"data_set_value_component_V_MATIII_variable_V_MATIII":256.3838327249,"data_set_value_component_V_MATIII_variable_V_MATIIImax":22870.0,"data_set_value_component_V_MATIII_variable_Km1_MATIII":16679.2385591455,"data_set_value_component_V_MATIII_variable_Km2_MATIII":21.1,"data_set_value_component_V_GNMT_variable_V_GNMT":2.1299356139,"data_set_value_component_V_GNMT_variable_V_GNMTmax":10600.0,"data_set_value_component_V_GNMT_variable_Km_GNMT":4500.0,"data_set_value_component_V_GNMT_variable_Ki_GNMT":20.0,"data_set_value_component_V_METH_variable_V_METH":398.8193612467,"data_set_value_component_V_METH_variable_V_METHmax":4521.0,"data_set_value_component_V_METH_variable_Km1_METH":4.2120230775,"data_set_value_component_V_METH_variable_Km2_METH_A":10.0,"data_set_value_component_V_MS_variable_V_MS":84.138397548,"data_set_value_component_V_MS_variable_five_mTHF":5.2,"data_set_value_component_V_MS_variable_V_MSmax":500.0,"data_set_value_component_V_MS_variable_Kd_MS":1.0,"data_set_value_component_V_MS_variable_Km_Hcy_MS":0.1,"data_set_value_component_V_MS_variable_Km_five_mTHF_MS":25.0,"data_set_value_component_V_AH_variable_V_AH":400.9485364261,"data_set_value_component_V_AH_variable_alpha1":100.0,"data_set_value_component_V_AH_variable_alpha2":10.0,"data_set_value_component_V_CBS_variable_V_CBS":200.008288395,"data_set_value_component_V_CBS_variable_beta1":1.7,"data_set_value_component_V_CBS_variable_beta2":30.0,"data_set_value_component_V_BHMT_variable_V_BHMT":116.8017888129,"data_set_value_component_V_BHMT_variable_V_BHMTmax":2500.0,"data_set_value_component_V_BHMT_variable_Km_BHMT":12.0},{"data_set_value_component_environment_variable_time":0.9,"data_set_value_component_environment_variable_Metin":200.0,"data_set_value_component_Met_variable_Met":53.4912451871,"data_set_value_component_AdoMet_variable_AdoMet":137.9101203441,"data_set_value_component_AdoHcy_variable_AdoHcy":12.8481120685,"data_set_value_component_Hcy_variable_Hcy":0.8838617544,"data_set_value_component_V_MATI_variable_V_MATI":144.5656788813,"data_set_value_component_V_MATI_variable_V_MATImax":561.0,"data_set_value_component_V_MATI_variable_Km_MATI":41.0,"data_set_value_component_V_MATI_variable_Ki_MATI":50.0,"data_set_value_component_V_MATIII_variable_V_MATIII":256.3786146697,"data_set_value_component_V_MATIII_variable_V_MATIIImax":22870.0,"data_set_value_component_V_MATIII_variable_Km1_MATIII":16679.2465940373,"data_set_value_component_V_MATIII_variable_Km2_MATIII":21.1,"data_set_value_component_V_GNMT_variable_V_GNMT":2.1299255956,"data_set_value_component_V_GNMT_variable_V_GNMTmax":10600.0,"data_set_value_component_V_GNMT_variable_Km_GNMT":4500.0,"data_set_value_component_V_GNMT_variable_Ki_GNMT":20.0,"data_set_value_component_V_METH_variable_V_METH":398.8193262979,"data_set_value_component_V_METH_variable_V_METHmax":4521.0,"data_set_value_component_V_METH_variable_Km1_METH":4.2120280171,"data_set_value_component_V_METH_variable_Km2_METH_A":10.0,"data_set_value_component_V_MS_variable_V_MS":84.1383998383,"data_set_value_component_V_MS_variable_five_mTHF":5.2,"data_set_value_component_V_MS_variable_V_MSmax":500.0,"data_set_value_component_V_MS_variable_Kd_MS":1.0,"data_set_value_component_V_MS_variable_Km_Hcy_MS":0.1,"data_set_value_component_V_MS_variable_Km_five_mTHF_MS":25.0,"data_set_value_component_V_AH_variable_V_AH":400.9494524147,"data_set_value_component_V_AH_variable_alpha1":100.0,"data_set_value_component_V_AH_variable_alpha2":10.0,"data_set_value_component_V_CBS_variable_V_CBS":200.008188219,"data_set_value_component_V_CBS_variable_beta1":1.7,"data_set_value_component_V_CBS_variable_beta2":30.0,"data_set_value_component_V_BHMT_variable_V_BHMT":116.8028895015,"data_set_value_component_V_BHMT_variable_V_BHMTmax":2500.0,"data_set_value_component_V_BHMT_variable_Km_BHMT":12.0},{"data_set_value_component_environment_variable_time":1.0,"data_set_value_component_environment_variable_Metin":200.0,"data_set_value_component_Met_variable_Met":53.4911317655,"data_set_value_component_AdoMet_variable_AdoMet":137.9095427437,"data_set_value_component_AdoHcy_variable_AdoHcy":12.8480737027,"data_set_value_component_Hcy_variable_Hcy":0.8838576648,"data_set_value_component_V_MATI_variable_V_MATI":144.5657811967,"data_set_value_component_V_MATI_variable_V_MATImax":561.0,"data_set_value_component_V_MATI_variable_Km_MATI":41.0,"data_set_value_component_V_MATI_variable_Ki_MATI":50.0,"data_set_value_component_V_MATIII_variable_V_MATIII":256.3774049908,"data_set_value_component_V_MATIII_variable_V_MATIIImax":22870.0,"data_set_value_component_V_MATIII_variable_Km1_MATIII":16679.2654562349,"data_set_value_component_V_MATIII_variable_Km2_MATIII":21.1,"data_set_value_component_V_GNMT_variable_V_GNMT":2.1299075727,"data_set_value_component_V_GNMT_variable_V_GNMTmax":10600.0,"data_set_value_component_V_GNMT_variable_Km_GNMT":4500.0,"data_set_value_component_V_GNMT_variable_Ki_GNMT":20.0,"data_set_value_component_V_METH_variable_V_METH":398.8193037094,"data_set_value_component_V_METH_variable_V_METHmax":4521.0,"data_set_value_component_V_METH_variable_Km1_METH":4.2120184257,"data_set_value_component_V_METH_variable_Km2_METH_A":10.0,"data_set_value_component_V_MS_variable_V_MS":84.1383910009,"data_set_value_component_V_MS_variable_five_mTHF":5.2,"data_set_value_component_V_MS_variable_V_MSmax":500.0,"data_set_value_component_V_MS_variable_Kd_MS":1.0,"data_set_value_component_V_MS_variable_Km_Hcy_MS":0.1,"data_set_value_component_V_MS_variable_Km_five_mTHF_MS":25.0,"data_set_value_component_V_AH_variable_V_AH":400.9497054648,"data_set_value_component_V_AH_variable_alpha1":100.0,"data_set_value_component_V_AH_variable_alpha2":10.0,"data_set_value_component_V_CBS_variable_V_CBS":200.0063372561,"data_set_value_component_V_CBS_variable_beta1":1.7,"data_set_value_component_V_CBS_variable_beta2":30.0,"data_set_value_component_V_BHMT_variable_V_BHMT":116.8050271601,"data_set_value_component_V_BHMT_variable_V_BHMTmax":2500.0,"data_set_value_component_V_BHMT_variable_Km_BHMT":12.0}]