[{"data_generator_XX":0.0,"data_generator_YY":0.0},{"data_generator_XX":0.017999999,"data_generator_YY":0.00000648},{"data_generator_XX":0.035999987,"data_generator_YY":0.00002592},{"data_generator_XX":0.053999957,"data_generator_YY":0.0000583199},{"data_generator_XX":0.0719999,"data_generator_YY":0.0001036797},{"data_generator_XX":0.089999802,"data_generator_YY":0.0001619993},{"data_generator_XX":0.10799967,"data_generator_YY":0.0002332786},{"data_generator_XX":0.12599947,"data_generator_YY":0.0003175173},{"data_generator_XX":0.1439992,"data_generator_YY":0.0004147154},{"data_generator_XX":0.16199887,"data_generator_YY":0.0005248727},{"data_generator_XX":0.17999844,"data_generator_YY":0.0006479888},{"data_generator_XX":0.19799793,"data_generator_YY":0.0007840636},{"data_generator_XX":0.21599731,"data_generator_YY":0.0009330968},{"data_generator_XX":0.23399659,"data_generator_YY":0.001095088},{"data_generator_XX":0.25199574,"data_generator_YY":0.001270037},{"data_generator_XX":0.26999477,"data_generator_YY":0.0014579433},{"data_generator_XX":0.28799364,"data_generator_YY":0.0016588066},{"data_generator_XX":0.30599236,"data_generator_YY":0.0018726265},{"data_generator_XX":0.32399094,"data_generator_YY":0.0020994025},{"data_generator_XX":0.34198934,"data_generator_YY":0.002339134},{"data_generator_XX":0.35998756,"data_generator_YY":0.0025918209},{"data_generator_XX":0.3779856,"data_generator_YY":0.0028574623},{"data_generator_XX":0.39598346,"data_generator_YY":0.0031360576},{"data_generator_XX":0.41398108,"data_generator_YY":0.0034276068},{"data_generator_XX":0.43197849,"data_generator_YY":0.0037321085},{"data_generator_XX":0.4499757,"data_generator_YY":0.0040495628},{"data_generator_XX":0.46797267,"data_generator_YY":0.0043799686},{"data_generator_XX":0.48596939,"data_generator_YY":0.0047233249},{"data_generator_XX":0.50396585,"data_generator_YY":0.0050796322},{"data_generator_XX":0.52196211,"data_generator_YY":0.0054488881},{"data_generator_XX":0.539958,"data_generator_YY":0.0058310935},{"data_generator_XX":0.55795366,"data_generator_YY":0.0062262462},{"data_generator_XX":0.57594907,"data_generator_YY":0.0066343462},{"data_generator_XX":0.59394413,"data_generator_YY":0.0070553925},{"data_generator_XX":0.61193889,"data_generator_YY":0.0074893842},{"data_generator_XX":0.62993336,"data_generator_YY":0.0079363203},{"data_generator_XX":0.64792746,"data_generator_YY":0.0083961999},{"data_generator_XX":0.66592127,"data_generator_YY":0.0088690221},{"data_generator_XX":0.68391472,"data_generator_YY":0.009354786},{"data_generator_XX":0.70190781,"data_generator_YY":0.0098534906},{"data_generator_XX":0.71990055,"data_generator_YY":0.010365135},{"data_generator_XX":0.73789287,"data_generator_YY":0.010889718},{"data_generator_XX":0.75588483,"data_generator_YY":0.011427238},{"data_generator_XX":0.77387643,"data_generator_YY":0.011977695},{"data_generator_XX":0.79186761,"data_generator_YY":0.012541086},{"data_generator_XX":0.80985838,"data_generator_YY":0.013117412},{"data_generator_XX":0.82784873,"data_generator_YY":0.01370667},{"data_generator_XX":0.84583867,"data_generator_YY":0.014308861},{"data_generator_XX":0.86382812,"data_generator_YY":0.014923981},{"data_generator_XX":0.88181716,"data_generator_YY":0.015552031},{"data_generator_XX":0.89980578,"data_generator_YY":0.016193008},{"data_generator_XX":0.91779387,"data_generator_YY":0.016846912},{"data_generator_XX":0.93578154,"data_generator_YY":0.017513741},{"data_generator_XX":0.95376867,"data_generator_YY":0.018193495},{"data_generator_XX":0.97175533,"data_generator_YY":0.018886169},{"data_generator_XX":0.9897415,"data_generator_YY":0.019591765},{"data_generator_XX":1.0077271,"data_generator_YY":0.020310281},{"data_generator_XX":1.0257123,"data_generator_YY":0.021041714},{"data_generator_XX":1.0436969,"data_generator_YY":0.021786064},{"data_generator_XX":1.0616809,"data_generator_YY":0.02254333},{"data_generator_XX":1.0796645,"data_generator_YY":0.023313507},{"data_generator_XX":1.0976474,"data_generator_YY":0.024096599},{"data_generator_XX":1.1156298,"data_generator_YY":0.024892598},{"data_generator_XX":1.1336117,"data_generator_YY":0.025701508},{"data_generator_XX":1.1515929,"data_generator_YY":0.026523324},{"data_generator_XX":1.1695735,"data_generator_YY":0.027358044},{"data_generator_XX":1.1875535,"data_generator_YY":0.028205669},{"data_generator_XX":1.2055329,"data_generator_YY":0.029066194},{"data_generator_XX":1.2235118,"data_generator_YY":0.02993962},{"data_generator_XX":1.2414899,"data_generator_YY":0.030825945},{"data_generator_XX":1.2594675,"data_generator_YY":0.031725165},{"data_generator_XX":1.2774444,"data_generator_YY":0.032637279},{"data_generator_XX":1.2954205,"data_generator_YY":0.033562288},{"data_generator_XX":1.3133961,"data_generator_YY":0.034500185},{"data_generator_XX":1.3313709,"data_generator_YY":0.035450973},{"data_generator_XX":1.3493451,"data_generator_YY":0.036414646},{"data_generator_XX":1.3673186,"data_generator_YY":0.037391204},{"data_generator_XX":1.3852915,"data_generator_YY":0.038380645},{"data_generator_XX":1.4032634,"data_generator_YY":0.039382968},{"data_generator_XX":1.4212348,"data_generator_YY":0.040398169},{"data_generator_XX":1.4392054,"data_generator_YY":0.041426245},{"data_generator_XX":1.4571754,"data_generator_YY":0.042467199},{"data_generator_XX":1.4751445,"data_generator_YY":0.043521024},{"data_generator_XX":1.4931128,"data_generator_YY":0.044587716},{"data_generator_XX":1.5110804,"data_generator_YY":0.04566728},{"data_generator_XX":1.5290473,"data_generator_YY":0.04675971},{"data_generator_XX":1.5470133,"data_generator_YY":0.047865},{"data_generator_XX":1.5649785,"data_generator_YY":0.048983153},{"data_generator_XX":1.582943,"data_generator_YY":0.050114166},{"data_generator_XX":1.6009065,"data_generator_YY":0.051258035},{"data_generator_XX":1.6188693,"data_generator_YY":0.05241476},{"data_generator_XX":1.6368313,"data_generator_YY":0.053584334},{"data_generator_XX":1.6547924,"data_generator_YY":0.054766759},{"data_generator_XX":1.6727527,"data_generator_YY":0.05596203},{"data_generator_XX":1.6907121,"data_generator_YY":0.057170149},{"data_generator_XX":1.7086706,"data_generator_YY":0.058391109},{"data_generator_XX":1.7266283,"data_generator_YY":0.059624907},{"data_generator_XX":1.744585,"data_generator_YY":0.060871542},{"data_generator_XX":1.7625409,"data_generator_YY":0.062131014},{"data_generator_XX":1.780496,"data_generator_YY":0.063403316},{"data_generator_XX":1.79845,"data_generator_YY":0.064688452},{"data_generator_XX":1.8164032,"data_generator_YY":0.06598641},{"data_generator_XX":1.8343554,"data_generator_YY":0.06729719},{"data_generator_XX":1.8523066,"data_generator_YY":0.068620801},{"data_generator_XX":1.8702569,"data_generator_YY":0.069957219},{"data_generator_XX":1.8882064,"data_generator_YY":0.07130646},{"data_generator_XX":1.9061548,"data_generator_YY":0.072668515},{"data_generator_XX":1.9241021,"data_generator_YY":0.074043378},{"data_generator_XX":1.9420485,"data_generator_YY":0.075431049},{"data_generator_XX":1.959994,"data_generator_YY":0.076831527},{"data_generator_XX":1.9779384,"data_generator_YY":0.078244805},{"data_generator_XX":1.9958818,"data_generator_YY":0.079670884},{"data_generator_XX":2.0138242,"data_generator_YY":0.081109762},{"data_generator_XX":2.0317657,"data_generator_YY":0.082561426},{"data_generator_XX":2.049706,"data_generator_YY":0.08402589},{"data_generator_XX":2.0676453,"data_generator_YY":0.085503131},{"data_generator_XX":2.0855834,"data_generator_YY":0.086993165},{"data_generator_XX":2.1035206,"data_generator_YY":0.088495977},{"data_generator_XX":2.1214566,"data_generator_YY":0.090011567},{"data_generator_XX":2.1393917,"data_generator_YY":0.091539934},{"data_generator_XX":2.1573255,"data_generator_YY":0.093081072},{"data_generator_XX":2.1752584,"data_generator_YY":0.09463498},{"data_generator_XX":2.1931901,"data_generator_YY":0.096201651},{"data_generator_XX":2.2111206,"data_generator_YY":0.097781092},{"data_generator_XX":2.2290502,"data_generator_YY":0.099373281},{"data_generator_XX":2.2469783,"data_generator_YY":0.10097823},{"data_generator_XX":2.2649055,"data_generator_YY":0.10259594},{"data_generator_XX":2.2828314,"data_generator_YY":0.1042264},{"data_generator_XX":2.3007565,"data_generator_YY":0.1058696},{"data_generator_XX":2.31868,"data_generator_YY":0.10752554},{"data_generator_XX":2.3366024,"data_generator_YY":0.10919423},{"data_generator_XX":2.3545239,"data_generator_YY":0.11087565},{"data_generator_XX":2.3724439,"data_generator_YY":0.1125698},{"data_generator_XX":2.3903627,"data_generator_YY":0.11427668},{"data_generator_XX":2.4082804,"data_generator_YY":0.11599629},{"data_generator_XX":2.4261968,"data_generator_YY":0.11772863},{"data_generator_XX":2.4441121,"data_generator_YY":0.11947368},{"data_generator_XX":2.4620261,"data_generator_YY":0.12123145},{"data_generator_XX":2.4799387,"data_generator_YY":0.12300193},{"data_generator_XX":2.4978502,"data_generator_YY":0.12478512},{"data_generator_XX":2.5157604,"data_generator_YY":0.12658101},{"data_generator_XX":2.5336695,"data_generator_YY":0.12838961},{"data_generator_XX":2.5515771,"data_generator_YY":0.13021091},{"data_generator_XX":2.5694833,"data_generator_YY":0.1320449},{"data_generator_XX":2.5873883,"data_generator_YY":0.13389157},{"data_generator_XX":2.6052921,"data_generator_YY":0.13575093},{"data_generator_XX":2.6231945,"data_generator_YY":0.13762298},{"data_generator_XX":2.6410954,"data_generator_YY":0.13950771},{"data_generator_XX":2.6589952,"data_generator_YY":0.14140511},{"data_generator_XX":2.6768935,"data_generator_YY":0.14331518},{"data_generator_XX":2.6947906,"data_generator_YY":0.14523792},{"data_generator_XX":2.7126863,"data_generator_YY":0.14717333},{"data_generator_XX":2.7305806,"data_generator_YY":0.1491214},{"data_generator_XX":2.7484734,"data_generator_YY":0.15108211},{"data_generator_XX":2.7663648,"data_generator_YY":0.15305549},{"data_generator_XX":2.784255,"data_generator_YY":0.15504152},{"data_generator_XX":2.8021436,"data_generator_YY":0.15704018},{"data_generator_XX":2.8200309,"data_generator_YY":0.15905149},{"data_generator_XX":2.8379169,"data_generator_YY":0.16107544},{"data_generator_XX":2.8558013,"data_generator_YY":0.16311201},{"data_generator_XX":2.8736842,"data_generator_YY":0.16516122},{"data_generator_XX":2.8915658,"data_generator_YY":0.16722305},{"data_generator_XX":2.9094458,"data_generator_YY":0.1692975},{"data_generator_XX":2.9273243,"data_generator_YY":0.17138456},{"data_generator_XX":2.9452014,"data_generator_YY":0.17348424},{"data_generator_XX":2.9630771,"data_generator_YY":0.17559652},{"data_generator_XX":2.9809513,"data_generator_YY":0.17772141},{"data_generator_XX":2.9988239,"data_generator_YY":0.17985889},{"data_generator_XX":3.016695,"data_generator_YY":0.18200898},{"data_generator_XX":3.0345647,"data_generator_YY":0.18417165},{"data_generator_XX":3.0524328,"data_generator_YY":0.1863469},{"data_generator_XX":3.0702991,"data_generator_YY":0.18853475},{"data_generator_XX":3.0881643,"data_generator_YY":0.19073518},{"data_generator_XX":3.1060276,"data_generator_YY":0.19294816},{"data_generator_XX":3.1238897,"data_generator_YY":0.19517373},{"data_generator_XX":3.1417499,"data_generator_YY":0.19741185},{"data_generator_XX":3.1596086,"data_generator_YY":0.19966254},{"data_generator_XX":3.1774657,"data_generator_YY":0.20192577},{"data_generator_XX":3.1953213,"data_generator_YY":0.20420156},{"data_generator_XX":3.2131753,"data_generator_YY":0.20648991},{"data_generator_XX":3.2310276,"data_generator_YY":0.20879079},{"data_generator_XX":3.2488782,"data_generator_YY":0.21110421},{"data_generator_XX":3.2667274,"data_generator_YY":0.21343017},{"data_generator_XX":3.284575,"data_generator_YY":0.21576864},{"data_generator_XX":3.3024206,"data_generator_YY":0.21811965},{"data_generator_XX":3.3202648,"data_generator_YY":0.22048317},{"data_generator_XX":3.3381073,"data_generator_YY":0.2228592},{"data_generator_XX":3.3559482,"data_generator_YY":0.22524776},{"data_generator_XX":3.3737872,"data_generator_YY":0.22764881},{"data_generator_XX":3.3916247,"data_generator_YY":0.23006237},{"data_generator_XX":3.4094605,"data_generator_YY":0.23248842},{"data_generator_XX":3.4272945,"data_generator_YY":0.23492695},{"data_generator_XX":3.4451268,"data_generator_YY":0.23737799},{"data_generator_XX":3.4629576,"data_generator_YY":0.23984149},{"data_generator_XX":3.4807863,"data_generator_YY":0.24231748},{"data_generator_XX":3.4986136,"data_generator_YY":0.24480593},{"data_generator_XX":3.516439,"data_generator_YY":0.24730687},{"data_generator_XX":3.5342627,"data_generator_YY":0.24982025},{"data_generator_XX":3.5520844,"data_generator_YY":0.2523461},{"data_generator_XX":3.5699046,"data_generator_YY":0.25488439},{"data_generator_XX":3.587723,"data_generator_YY":0.25743514},{"data_generator_XX":3.6055396,"data_generator_YY":0.25999832},{"data_generator_XX":3.6233544,"data_generator_YY":0.26257393},{"data_generator_XX":3.6411674,"data_generator_YY":0.26516199},{"data_generator_XX":3.6589785,"data_generator_YY":0.26776248},{"data_generator_XX":3.6767879,"data_generator_YY":0.27037537},{"data_generator_XX":3.6945953,"data_generator_YY":0.27300069},{"data_generator_XX":3.7124012,"data_generator_YY":0.27563843},{"data_generator_XX":3.7302048,"data_generator_YY":0.27828857},{"data_generator_XX":3.7480068,"data_generator_YY":0.28095111},{"data_generator_XX":3.7658069,"data_generator_YY":0.28362605},{"data_generator_XX":3.7836053,"data_generator_YY":0.28631338},{"data_generator_XX":3.8014016,"data_generator_YY":0.28901309},{"data_generator_XX":3.8191962,"data_generator_YY":0.29172519},{"data_generator_XX":3.8369887,"data_generator_YY":0.29444966},{"data_generator_XX":3.8547795,"data_generator_YY":0.29718649},{"data_generator_XX":3.8725684,"data_generator_YY":0.2999357},{"data_generator_XX":3.8903551,"data_generator_YY":0.30269727},{"data_generator_XX":3.9081402,"data_generator_YY":0.30547118},{"data_generator_XX":3.9259233,"data_generator_YY":0.30825746},{"data_generator_XX":3.9437044,"data_generator_YY":0.31105608},{"data_generator_XX":3.9614835,"data_generator_YY":0.31386703},{"data_generator_XX":3.9792607,"data_generator_YY":0.31669033},{"data_generator_XX":3.997036,"data_generator_YY":0.31952593},{"data_generator_XX":4.0148091,"data_generator_YY":0.32237387},{"data_generator_XX":4.0325804,"data_generator_YY":0.32523412},{"data_generator_XX":4.0503497,"data_generator_YY":0.32810667},{"data_generator_XX":4.0681171,"data_generator_YY":0.33099154},{"data_generator_XX":4.0858827,"data_generator_YY":0.33388871},{"data_generator_XX":4.1036458,"data_generator_YY":0.33679816},{"data_generator_XX":4.121407,"data_generator_YY":0.33971992},{"data_generator_XX":4.1391664,"data_generator_YY":0.34265396},{"data_generator_XX":4.1569238,"data_generator_YY":0.34560028},{"data_generator_XX":4.1746788,"data_generator_YY":0.34855884},{"data_generator_XX":4.1924319,"data_generator_YY":0.35152969},{"data_generator_XX":4.2101831,"data_generator_YY":0.35451281},{"data_generator_XX":4.227932,"data_generator_YY":0.35750818},{"data_generator_XX":4.2456789,"data_generator_YY":0.3605158},{"data_generator_XX":4.2634239,"data_generator_YY":0.36353564},{"data_generator_XX":4.2811666,"data_generator_YY":0.36656776},{"data_generator_XX":4.2989073,"data_generator_YY":0.36961207},{"data_generator_XX":4.3166461,"data_generator_YY":0.37266862},{"data_generator_XX":4.3343825,"data_generator_YY":0.3757374},{"data_generator_XX":4.3521166,"data_generator_YY":0.37881839},{"data_generator_XX":4.3698487,"data_generator_YY":0.38191161},{"data_generator_XX":4.387579,"data_generator_YY":0.38501701},{"data_generator_XX":4.4053068,"data_generator_YY":0.3881346},{"data_generator_XX":4.4230328,"data_generator_YY":0.39126438},{"data_generator_XX":4.4407563,"data_generator_YY":0.39440635},{"data_generator_XX":4.458478,"data_generator_YY":0.39756051},{"data_generator_XX":4.4761972,"data_generator_YY":0.40072685},{"data_generator_XX":4.4939146,"data_generator_YY":0.40390533},{"data_generator_XX":4.5116296,"data_generator_YY":0.407096},{"data_generator_XX":4.5293422,"data_generator_YY":0.41029879},{"data_generator_XX":4.5470529,"data_generator_YY":0.41351378},{"data_generator_XX":4.5647612,"data_generator_YY":0.41674086},{"data_generator_XX":4.5824671,"data_generator_YY":0.41998011},{"data_generator_XX":4.6001711,"data_generator_YY":0.42323148},{"data_generator_XX":4.6178727,"data_generator_YY":0.42649499},{"data_generator_XX":4.6355724,"data_generator_YY":0.42977059},{"data_generator_XX":4.6532693,"data_generator_YY":0.43305832},{"data_generator_XX":4.6709642,"data_generator_YY":0.43635815},{"data_generator_XX":4.6886573,"data_generator_YY":0.43967012},{"data_generator_XX":4.7063475,"data_generator_YY":0.44299412},{"data_generator_XX":4.7240357,"data_generator_YY":0.44633025},{"data_generator_XX":4.7417216,"data_generator_YY":0.44967845},{"data_generator_XX":4.7594051,"data_generator_YY":0.45303872},{"data_generator_XX":4.7770863,"data_generator_YY":0.45641106},{"data_generator_XX":4.7947655,"data_generator_YY":0.45979548},{"data_generator_XX":4.8124418,"data_generator_YY":0.46319196},{"data_generator_XX":4.8301163,"data_generator_YY":0.46660045},{"data_generator_XX":4.8477883,"data_generator_YY":0.47002101},{"data_generator_XX":4.865458,"data_generator_YY":0.47345361},{"data_generator_XX":4.8831253,"data_generator_YY":0.47689825},{"data_generator_XX":4.9007902,"data_generator_YY":0.48035491},{"data_generator_XX":4.9184527,"data_generator_YY":0.48382357},{"data_generator_XX":4.9361134,"data_generator_YY":0.48730427},{"data_generator_XX":4.9537711,"data_generator_YY":0.49079695},{"data_generator_XX":4.9714265,"data_generator_YY":0.49430165},{"data_generator_XX":4.9890795,"data_generator_YY":0.49781832},{"data_generator_XX":5.0067306,"data_generator_YY":0.50134701},{"data_generator_XX":5.0243788,"data_generator_YY":0.50488764},{"data_generator_XX":5.0420246,"data_generator_YY":0.50844026},{"data_generator_XX":5.0596681,"data_generator_YY":0.51200485},{"data_generator_XX":5.0773091,"data_generator_YY":0.51558137},{"data_generator_XX":5.0949478,"data_generator_YY":0.51916987},{"data_generator_XX":5.1125841,"data_generator_YY":0.52277035},{"data_generator_XX":5.130218,"data_generator_YY":0.52638274},{"data_generator_XX":5.1478491,"data_generator_YY":0.53000706},{"data_generator_XX":5.1654782,"data_generator_YY":0.53364331},{"data_generator_XX":5.1831045,"data_generator_YY":0.53729147},{"data_generator_XX":5.2007284,"data_generator_YY":0.54095155},{"data_generator_XX":5.2183499,"data_generator_YY":0.54462355},{"data_generator_XX":5.2359691,"data_generator_YY":0.54830742},{"data_generator_XX":5.2535853,"data_generator_YY":0.5520032},{"data_generator_XX":5.2711997,"data_generator_YY":0.55571091},{"data_generator_XX":5.2888112,"data_generator_YY":0.55943042},{"data_generator_XX":5.3064198,"data_generator_YY":0.56316185},{"data_generator_XX":5.3240266,"data_generator_YY":0.56690514},{"data_generator_XX":5.3416305,"data_generator_YY":0.57066029},{"data_generator_XX":5.3592319,"data_generator_YY":0.57442731},{"data_generator_XX":5.3768306,"data_generator_YY":0.57820618},{"data_generator_XX":5.3944273,"data_generator_YY":0.58199686},{"data_generator_XX":5.4120207,"data_generator_YY":0.5857994},{"data_generator_XX":5.4296122,"data_generator_YY":0.58961374},{"data_generator_XX":5.4472008,"data_generator_YY":0.59343994},{"data_generator_XX":5.464787,"data_generator_YY":0.59727788},{"data_generator_XX":5.4823704,"data_generator_YY":0.60112768},{"data_generator_XX":5.4999514,"data_generator_YY":0.60498923},{"data_generator_XX":5.5175295,"data_generator_YY":0.60886264},{"data_generator_XX":5.5351052,"data_generator_YY":0.61274779},{"data_generator_XX":5.5526781,"data_generator_YY":0.61664474},{"data_generator_XX":5.5702486,"data_generator_YY":0.62055343},{"data_generator_XX":5.5878167,"data_generator_YY":0.62447387},{"data_generator_XX":5.605382,"data_generator_YY":0.62840611},{"data_generator_XX":5.6229444,"data_generator_YY":0.63235009},{"data_generator_XX":5.6405044,"data_generator_YY":0.63630581},{"data_generator_XX":5.658062,"data_generator_YY":0.64027327},{"data_generator_XX":5.6756163,"data_generator_YY":0.64425242},{"data_generator_XX":5.6931686,"data_generator_YY":0.64824331},{"data_generator_XX":5.7107177,"data_generator_YY":0.65224594},{"data_generator_XX":5.7282643,"data_generator_YY":0.65626025},{"data_generator_XX":5.7458086,"data_generator_YY":0.66028631},{"data_generator_XX":5.7633495,"data_generator_YY":0.66432399},{"data_generator_XX":5.7808881,"data_generator_YY":0.66837341},{"data_generator_XX":5.7984242,"data_generator_YY":0.67243445},{"data_generator_XX":5.8159575,"data_generator_YY":0.67650717},{"data_generator_XX":5.833488,"data_generator_YY":0.68059158},{"data_generator_XX":5.8510156,"data_generator_YY":0.68468767},{"data_generator_XX":5.8685408,"data_generator_YY":0.68879539},{"data_generator_XX":5.8860631,"data_generator_YY":0.69291472},{"data_generator_XX":5.9035826,"data_generator_YY":0.69704574},{"data_generator_XX":5.9210992,"data_generator_YY":0.70118833},{"data_generator_XX":5.9386134,"data_generator_YY":0.70534259},{"data_generator_XX":5.9561248,"data_generator_YY":0.70950842},{"data_generator_XX":5.9736333,"data_generator_YY":0.71368587},{"data_generator_XX":5.9911389,"data_generator_YY":0.71787494},{"data_generator_XX":6.0086417,"data_generator_YY":0.72207558},{"data_generator_XX":6.0261421,"data_generator_YY":0.72628778},{"data_generator_XX":6.0436397,"data_generator_YY":0.73051161},{"data_generator_XX":6.0611343,"data_generator_YY":0.73474693},{"data_generator_XX":6.0786262,"data_generator_YY":0.73899388},{"data_generator_XX":6.0961151,"data_generator_YY":0.74325234},{"data_generator_XX":6.1136012,"data_generator_YY":0.74752241},{"data_generator_XX":6.1310844,"data_generator_YY":0.75180393},{"data_generator_XX":6.1485653,"data_generator_YY":0.75609708},{"data_generator_XX":6.1660428,"data_generator_YY":0.76040167},{"data_generator_XX":6.1835175,"data_generator_YY":0.76471782},{"data_generator_XX":6.2009897,"data_generator_YY":0.76904547},{"data_generator_XX":6.2184587,"data_generator_YY":0.77338463},{"data_generator_XX":6.2359252,"data_generator_YY":0.77773523},{"data_generator_XX":6.2533884,"data_generator_YY":0.7820974},{"data_generator_XX":6.2708492,"data_generator_YY":0.78647101},{"data_generator_XX":6.2883067,"data_generator_YY":0.79085606},{"data_generator_XX":6.3057618,"data_generator_YY":0.79525262},{"data_generator_XX":6.3232136,"data_generator_YY":0.79966062},{"data_generator_XX":6.3406625,"data_generator_YY":0.80408007},{"data_generator_XX":6.358109,"data_generator_YY":0.80851096},{"data_generator_XX":6.3755522,"data_generator_YY":0.81295323},{"data_generator_XX":6.3929925,"data_generator_YY":0.81740701},{"data_generator_XX":6.4104295,"data_generator_YY":0.82187217},{"data_generator_XX":6.4278641,"data_generator_YY":0.82634872},{"data_generator_XX":6.4452958,"data_generator_YY":0.83083671},{"data_generator_XX":6.4627242,"data_generator_YY":0.83533609},{"data_generator_XX":6.4801497,"data_generator_YY":0.83984685},{"data_generator_XX":6.4975724,"data_generator_YY":0.84436899},{"data_generator_XX":6.5149922,"data_generator_YY":0.84890252},{"data_generator_XX":6.5324092,"data_generator_YY":0.85344738},{"data_generator_XX":6.5498228,"data_generator_YY":0.85800362},{"data_generator_XX":6.5672336,"data_generator_YY":0.86257118},{"data_generator_XX":6.5846415,"data_generator_YY":0.86715007},{"data_generator_XX":6.6020465,"data_generator_YY":0.87174034},{"data_generator_XX":6.6194482,"data_generator_YY":0.87634194},{"data_generator_XX":6.636847,"data_generator_YY":0.8809548},{"data_generator_XX":6.654243,"data_generator_YY":0.88557905},{"data_generator_XX":6.6716361,"data_generator_YY":0.89021456},{"data_generator_XX":6.6890259,"data_generator_YY":0.89486134},{"data_generator_XX":6.7064128,"data_generator_YY":0.89951944},{"data_generator_XX":6.7237964,"data_generator_YY":0.90418881},{"data_generator_XX":6.7411771,"data_generator_YY":0.90886945},{"data_generator_XX":6.7585549,"data_generator_YY":0.91356134},{"data_generator_XX":6.7759299,"data_generator_YY":0.91826445},{"data_generator_XX":6.7933016,"data_generator_YY":0.92297888},{"data_generator_XX":6.8106699,"data_generator_YY":0.92770451},{"data_generator_XX":6.8280354,"data_generator_YY":0.93244135},{"data_generator_XX":6.8453979,"data_generator_YY":0.93718946},{"data_generator_XX":6.8627572,"data_generator_YY":0.94194877},{"data_generator_XX":6.8801136,"data_generator_YY":0.94671929},{"data_generator_XX":6.8974671,"data_generator_YY":0.95150101},{"data_generator_XX":6.9148173,"data_generator_YY":0.95629394},{"data_generator_XX":6.9321642,"data_generator_YY":0.96109802},{"data_generator_XX":6.9495082,"data_generator_YY":0.9659133},{"data_generator_XX":6.9668489,"data_generator_YY":0.97073972},{"data_generator_XX":6.9841866,"data_generator_YY":0.97557729},{"data_generator_XX":7.0015216,"data_generator_YY":0.98042607},{"data_generator_XX":7.0188532,"data_generator_YY":0.98528594},{"data_generator_XX":7.0361814,"data_generator_YY":0.99015695},{"data_generator_XX":7.0535064,"data_generator_YY":0.99503911},{"data_generator_XX":7.0708289,"data_generator_YY":0.99993235},{"data_generator_XX":7.0881476,"data_generator_YY":1.0048368},{"data_generator_XX":7.1054635,"data_generator_YY":1.0097523},{"data_generator_XX":7.122776,"data_generator_YY":1.0146788},{"data_generator_XX":7.1400857,"data_generator_YY":1.0196165},{"data_generator_XX":7.157392,"data_generator_YY":1.0245652},{"data_generator_XX":7.1746955,"data_generator_YY":1.029525},{"data_generator_XX":7.1919951,"data_generator_YY":1.0344959},{"data_generator_XX":7.2092919,"data_generator_YY":1.0394778},{"data_generator_XX":7.2265859,"data_generator_YY":1.0444708},{"data_generator_XX":7.243876,"data_generator_YY":1.0494748},{"data_generator_XX":7.2611632,"data_generator_YY":1.0544899},{"data_generator_XX":7.2784476,"data_generator_YY":1.059516},{"data_generator_XX":7.2957282,"data_generator_YY":1.064553},{"data_generator_XX":7.3130059,"data_generator_YY":1.0696012},{"data_generator_XX":7.3302803,"data_generator_YY":1.0746602},{"data_generator_XX":7.3475518,"data_generator_YY":1.0797303},{"data_generator_XX":7.3648195,"data_generator_YY":1.0848113},{"data_generator_XX":7.3820844,"data_generator_YY":1.0899034},{"data_generator_XX":7.3993459,"data_generator_YY":1.0950063},{"data_generator_XX":7.416604,"data_generator_YY":1.1001203},{"data_generator_XX":7.4338593,"data_generator_YY":1.1052452},{"data_generator_XX":7.4511108,"data_generator_YY":1.110381},{"data_generator_XX":7.4683595,"data_generator_YY":1.1155279},{"data_generator_XX":7.4856048,"data_generator_YY":1.1206856},{"data_generator_XX":7.5028467,"data_generator_YY":1.1258541},{"data_generator_XX":7.5200853,"data_generator_YY":1.1310337},{"data_generator_XX":7.5373206,"data_generator_YY":1.136224},{"data_generator_XX":7.554553,"data_generator_YY":1.1414254},{"data_generator_XX":7.5717816,"data_generator_YY":1.1466376},{"data_generator_XX":7.5890074,"data_generator_YY":1.1518606},{"data_generator_XX":7.6062293,"data_generator_YY":1.1570945},{"data_generator_XX":7.6234484,"data_generator_YY":1.1623393},{"data_generator_XX":7.6406641,"data_generator_YY":1.1675949},{"data_generator_XX":7.6578765,"data_generator_YY":1.1728615},{"data_generator_XX":7.6750855,"data_generator_YY":1.1781387},{"data_generator_XX":7.6922913,"data_generator_YY":1.1834269},{"data_generator_XX":7.7094936,"data_generator_YY":1.1887258},{"data_generator_XX":7.7266927,"data_generator_YY":1.1940355},{"data_generator_XX":7.7438884,"data_generator_YY":1.1993561},{"data_generator_XX":7.7610807,"data_generator_YY":1.2046875},{"data_generator_XX":7.7782693,"data_generator_YY":1.2100295},{"data_generator_XX":7.795455,"data_generator_YY":1.2153825},{"data_generator_XX":7.8126373,"data_generator_YY":1.220746},{"data_generator_XX":7.8298163,"data_generator_YY":1.2261205},{"data_generator_XX":7.846992,"data_generator_YY":1.2315056},{"data_generator_XX":7.8641644,"data_generator_YY":1.2369015},{"data_generator_XX":7.8813329,"data_generator_YY":1.2423081},{"data_generator_XX":7.8984985,"data_generator_YY":1.2477255},{"data_generator_XX":7.9156604,"data_generator_YY":1.2531536},{"data_generator_XX":7.9328194,"data_generator_YY":1.2585924},{"data_generator_XX":7.9499745,"data_generator_YY":1.2640419},{"data_generator_XX":7.9671264,"data_generator_YY":1.269502},{"data_generator_XX":7.9842749,"data_generator_YY":1.2749729},{"data_generator_XX":8.00142,"data_generator_YY":1.2804544},{"data_generator_XX":8.0185614,"data_generator_YY":1.2859466},{"data_generator_XX":8.0356998,"data_generator_YY":1.2914494},{"data_generator_XX":8.0528345,"data_generator_YY":1.2969629},{"data_generator_XX":8.0699663,"data_generator_YY":1.302487},{"data_generator_XX":8.0870934,"data_generator_YY":1.3080217},{"data_generator_XX":8.1042185,"data_generator_YY":1.313567},{"data_generator_XX":8.1213398,"data_generator_YY":1.319123},{"data_generator_XX":8.1384573,"data_generator_YY":1.3246896},{"data_generator_XX":8.155571,"data_generator_YY":1.3302668},{"data_generator_XX":8.1726818,"data_generator_YY":1.3358546},{"data_generator_XX":8.1897888,"data_generator_YY":1.341453},{"data_generator_XX":8.206893,"data_generator_YY":1.3470619},{"data_generator_XX":8.2239933,"data_generator_YY":1.3526813},{"data_generator_XX":8.2410898,"data_generator_YY":1.3583113},{"data_generator_XX":8.2581835,"data_generator_YY":1.3639519},{"data_generator_XX":8.2752733,"data_generator_YY":1.369603},{"data_generator_XX":8.2923603,"data_generator_YY":1.3752646},{"data_generator_XX":8.3094425,"data_generator_YY":1.3809369},{"data_generator_XX":8.3265219,"data_generator_YY":1.3866194},{"data_generator_XX":8.3435984,"data_generator_YY":1.3923126},{"data_generator_XX":8.360671,"data_generator_YY":1.3980163},{"data_generator_XX":8.3777399,"data_generator_YY":1.4037304},{"data_generator_XX":8.394805,"data_generator_YY":1.4094551},{"data_generator_XX":8.4118671,"data_generator_YY":1.4151901},{"data_generator_XX":8.4289255,"data_generator_YY":1.4209356},{"data_generator_XX":8.4459801,"data_generator_YY":1.4266917},{"data_generator_XX":8.4630318,"data_generator_YY":1.432458},{"data_generator_XX":8.4800797,"data_generator_YY":1.4382349},{"data_generator_XX":8.4971237,"data_generator_YY":1.4440222},{"data_generator_XX":8.514164,"data_generator_YY":1.4498199},{"data_generator_XX":8.5312014,"data_generator_YY":1.455628},{"data_generator_XX":8.5482349,"data_generator_YY":1.4614465},{"data_generator_XX":8.5652657,"data_generator_YY":1.4672754},{"data_generator_XX":8.5822916,"data_generator_YY":1.4731146},{"data_generator_XX":8.5993147,"data_generator_YY":1.4789643},{"data_generator_XX":8.616334,"data_generator_YY":1.4848243},{"data_generator_XX":8.6333504,"data_generator_YY":1.4906946},{"data_generator_XX":8.650362,"data_generator_YY":1.4965754},{"data_generator_XX":8.6673708,"data_generator_YY":1.5024664},{"data_generator_XX":8.6843758,"data_generator_YY":1.5083678},{"data_generator_XX":8.7013779,"data_generator_YY":1.5142795},{"data_generator_XX":8.7183752,"data_generator_YY":1.5202014},{"data_generator_XX":8.7353697,"data_generator_YY":1.5261338},{"data_generator_XX":8.7523603,"data_generator_YY":1.5320764},{"data_generator_XX":8.7693481,"data_generator_YY":1.5380292},{"data_generator_XX":8.7863312,"data_generator_YY":1.5439924},{"data_generator_XX":8.8033113,"data_generator_YY":1.5499659},{"data_generator_XX":8.8202877,"data_generator_YY":1.5559494},{"data_generator_XX":8.8372602,"data_generator_YY":1.5619434},{"data_generator_XX":8.8542299,"data_generator_YY":1.5679476},{"data_generator_XX":8.8711948,"data_generator_YY":1.573962},{"data_generator_XX":8.8881569,"data_generator_YY":1.5799866},{"data_generator_XX":8.9051151,"data_generator_YY":1.5860214},{"data_generator_XX":8.9220695,"data_generator_YY":1.5920665},{"data_generator_XX":8.9390202,"data_generator_YY":1.5981218},{"data_generator_XX":8.9559679,"data_generator_YY":1.6041871},{"data_generator_XX":8.9729118,"data_generator_YY":1.6102628},{"data_generator_XX":8.989851,"data_generator_YY":1.6163485},{"data_generator_XX":9.0067873,"data_generator_YY":1.6224445},{"data_generator_XX":9.0237207,"data_generator_YY":1.6285506},{"data_generator_XX":9.0406494,"data_generator_YY":1.6346668},{"data_generator_XX":9.0575752,"data_generator_YY":1.6407932},{"data_generator_XX":9.0744963,"data_generator_YY":1.6469297},{"data_generator_XX":9.0914145,"data_generator_YY":1.6530763},{"data_generator_XX":9.1083288,"data_generator_YY":1.6592331},{"data_generator_XX":9.1252394,"data_generator_YY":1.6653999},{"data_generator_XX":9.1421461,"data_generator_YY":1.6715769},{"data_generator_XX":9.15905,"data_generator_YY":1.6777638},{"data_generator_XX":9.1759491,"data_generator_YY":1.6839609},{"data_generator_XX":9.1928453,"data_generator_YY":1.690168},{"data_generator_XX":9.2097378,"data_generator_YY":1.6963853},{"data_generator_XX":9.2266254,"data_generator_YY":1.7026125},{"data_generator_XX":9.2435102,"data_generator_YY":1.7088498},{"data_generator_XX":9.2603922,"data_generator_YY":1.7150971},{"data_generator_XX":9.2772694,"data_generator_YY":1.7213545},{"data_generator_XX":9.2941427,"data_generator_YY":1.7276218},{"data_generator_XX":9.3110123,"data_generator_YY":1.7338991},{"data_generator_XX":9.327879,"data_generator_YY":1.7401865},{"data_generator_XX":9.3447418,"data_generator_YY":1.7464838},{"data_generator_XX":9.3615999,"data_generator_YY":1.7527912},{"data_generator_XX":9.3784552,"data_generator_YY":1.7591084},{"data_generator_XX":9.3953066,"data_generator_YY":1.7654357},{"data_generator_XX":9.4121542,"data_generator_YY":1.7717729},{"data_generator_XX":9.428998,"data_generator_YY":1.77812},{"data_generator_XX":9.445838,"data_generator_YY":1.7844771},{"data_generator_XX":9.4626741,"data_generator_YY":1.7908441},{"data_generator_XX":9.4795065,"data_generator_YY":1.7972209},{"data_generator_XX":9.496336,"data_generator_YY":1.8036078},{"data_generator_XX":9.5131607,"data_generator_YY":1.8100045},{"data_generator_XX":9.5299816,"data_generator_YY":1.8164111},{"data_generator_XX":9.5467997,"data_generator_YY":1.8228276},{"data_generator_XX":9.5636129,"data_generator_YY":1.8292539},{"data_generator_XX":9.5804234,"data_generator_YY":1.8356901},{"data_generator_XX":9.597229,"data_generator_YY":1.8421363},{"data_generator_XX":9.6140318,"data_generator_YY":1.8485922},{"data_generator_XX":9.6308308,"data_generator_YY":1.8550578},{"data_generator_XX":9.647625,"data_generator_YY":1.8615334},{"data_generator_XX":9.6644163,"data_generator_YY":1.8680189},{"data_generator_XX":9.6812038,"data_generator_YY":1.8745141},{"data_generator_XX":9.6979866,"data_generator_YY":1.881019},{"data_generator_XX":9.7147665,"data_generator_YY":1.8875339},{"data_generator_XX":9.7315426,"data_generator_YY":1.8940585},{"data_generator_XX":9.7483149,"data_generator_YY":1.9005928},{"data_generator_XX":9.7650833,"data_generator_YY":1.9071369},{"data_generator_XX":9.781847,"data_generator_YY":1.9136908},{"data_generator_XX":9.7986078,"data_generator_YY":1.9202543},{"data_generator_XX":9.8153648,"data_generator_YY":1.9268278},{"data_generator_XX":9.832118,"data_generator_YY":1.9334108},{"data_generator_XX":9.8488674,"data_generator_YY":1.9400036},{"data_generator_XX":9.865612,"data_generator_YY":1.9466062},{"data_generator_XX":9.8823538,"data_generator_YY":1.9532183},{"data_generator_XX":9.8990917,"data_generator_YY":1.9598403},{"data_generator_XX":9.9158258,"data_generator_YY":1.9664719},{"data_generator_XX":9.9325552,"data_generator_YY":1.9731132},{"data_generator_XX":9.9492817,"data_generator_YY":1.9797641},{"data_generator_XX":9.9660044,"data_generator_YY":1.9864247},{"data_generator_XX":9.9827223,"data_generator_YY":1.9930949},{"data_generator_XX":9.9994373,"data_generator_YY":1.9997748},{"data_generator_XX":10.016148,"data_generator_YY":2.0064642},{"data_generator_XX":10.032855,"data_generator_YY":2.0131636},{"data_generator_XX":10.049558,"data_generator_YY":2.0198722},{"data_generator_XX":10.066257,"data_generator_YY":2.0265906},{"data_generator_XX":10.082952,"data_generator_YY":2.0333185},{"data_generator_XX":10.099644,"data_generator_YY":2.0400562},{"data_generator_XX":10.116331,"data_generator_YY":2.0468032},{"data_generator_XX":10.133016,"data_generator_YY":2.05356},{"data_generator_XX":10.149695,"data_generator_YY":2.0603261},{"data_generator_XX":10.166371,"data_generator_YY":2.067102},{"data_generator_XX":10.183043,"data_generator_YY":2.0738873},{"data_generator_XX":10.199712,"data_generator_YY":2.0806823},{"data_generator_XX":10.216375,"data_generator_YY":2.0874867},{"data_generator_XX":10.233036,"data_generator_YY":2.0943005},{"data_generator_XX":10.249693,"data_generator_YY":2.101124},{"data_generator_XX":10.266345,"data_generator_YY":2.1079569},{"data_generator_XX":10.282994,"data_generator_YY":2.1147993},{"data_generator_XX":10.299639,"data_generator_YY":2.1216512},{"data_generator_XX":10.31628,"data_generator_YY":2.1285126},{"data_generator_XX":10.332917,"data_generator_YY":2.1353834},{"data_generator_XX":10.34955,"data_generator_YY":2.1422637},{"data_generator_XX":10.366179,"data_generator_YY":2.1491535},{"data_generator_XX":10.382805,"data_generator_YY":2.1560526},{"data_generator_XX":10.399426,"data_generator_YY":2.1629612},{"data_generator_XX":10.416043,"data_generator_YY":2.1698792},{"data_generator_XX":10.432657,"data_generator_YY":2.1768067},{"data_generator_XX":10.449266,"data_generator_YY":2.1837435},{"data_generator_XX":10.465873,"data_generator_YY":2.1906898},{"data_generator_XX":10.482474,"data_generator_YY":2.1976454},{"data_generator_XX":10.499072,"data_generator_YY":2.2046103},{"data_generator_XX":10.515666,"data_generator_YY":2.2115848},{"data_generator_XX":10.532256,"data_generator_YY":2.2185683},{"data_generator_XX":10.548842,"data_generator_YY":2.2255614},{"data_generator_XX":10.565424,"data_generator_YY":2.2325637},{"data_generator_XX":10.582003,"data_generator_YY":2.2395756},{"data_generator_XX":10.598577,"data_generator_YY":2.2465966},{"data_generator_XX":10.615147,"data_generator_YY":2.2536268},{"data_generator_XX":10.631713,"data_generator_YY":2.2606666},{"data_generator_XX":10.648275,"data_generator_YY":2.2677155},{"data_generator_XX":10.664834,"data_generator_YY":2.2747738},{"data_generator_XX":10.681389,"data_generator_YY":2.2818413},{"data_generator_XX":10.697939,"data_generator_YY":2.288918},{"data_generator_XX":10.714486,"data_generator_YY":2.2960041},{"data_generator_XX":10.731029,"data_generator_YY":2.3030994},{"data_generator_XX":10.747567,"data_generator_YY":2.3102038},{"data_generator_XX":10.764101,"data_generator_YY":2.3173177},{"data_generator_XX":10.780632,"data_generator_YY":2.3244405},{"data_generator_XX":10.797159,"data_generator_YY":2.3315728},{"data_generator_XX":10.813682,"data_generator_YY":2.3387141},{"data_generator_XX":10.8302,"data_generator_YY":2.3458648},{"data_generator_XX":10.846715,"data_generator_YY":2.3530245},{"data_generator_XX":10.863226,"data_generator_YY":2.3601935},{"data_generator_XX":10.879733,"data_generator_YY":2.3673716},{"data_generator_XX":10.896235,"data_generator_YY":2.3745589},{"data_generator_XX":10.912734,"data_generator_YY":2.3817554},{"data_generator_XX":10.929229,"data_generator_YY":2.3889611},{"data_generator_XX":10.94572,"data_generator_YY":2.3961756},{"data_generator_XX":10.962207,"data_generator_YY":2.4033995},{"data_generator_XX":10.97869,"data_generator_YY":2.4106326},{"data_generator_XX":10.995169,"data_generator_YY":2.4178746},{"data_generator_XX":11.011643,"data_generator_YY":2.4251258},{"data_generator_XX":11.028114,"data_generator_YY":2.4323862},{"data_generator_XX":11.044581,"data_generator_YY":2.4396553},{"data_generator_XX":11.061044,"data_generator_YY":2.4469337},{"data_generator_XX":11.077502,"data_generator_YY":2.4542212},{"data_generator_XX":11.093958,"data_generator_YY":2.4615178},{"data_generator_XX":11.110408,"data_generator_YY":2.4688234},{"data_generator_XX":11.126855,"data_generator_YY":2.4761381},{"data_generator_XX":11.143298,"data_generator_YY":2.4834616},{"data_generator_XX":11.159737,"data_generator_YY":2.4907944},{"data_generator_XX":11.176171,"data_generator_YY":2.498136},{"data_generator_XX":11.192602,"data_generator_YY":2.5054867},{"data_generator_XX":11.209028,"data_generator_YY":2.5128465},{"data_generator_XX":11.225451,"data_generator_YY":2.520215},{"data_generator_XX":11.24187,"data_generator_YY":2.5275927},{"data_generator_XX":11.258285,"data_generator_YY":2.5349793},{"data_generator_XX":11.274694,"data_generator_YY":2.5423748},{"data_generator_XX":11.291101,"data_generator_YY":2.5497794},{"data_generator_XX":11.307504,"data_generator_YY":2.5571928},{"data_generator_XX":11.323902,"data_generator_YY":2.5646152},{"data_generator_XX":11.340297,"data_generator_YY":2.5720465},{"data_generator_XX":11.356687,"data_generator_YY":2.5794868},{"data_generator_XX":11.373074,"data_generator_YY":2.586936},{"data_generator_XX":11.389456,"data_generator_YY":2.594394},{"data_generator_XX":11.405833,"data_generator_YY":2.6018608},{"data_generator_XX":11.422208,"data_generator_YY":2.6093366},{"data_generator_XX":11.438578,"data_generator_YY":2.6168213},{"data_generator_XX":11.454944,"data_generator_YY":2.6243148},{"data_generator_XX":11.471306,"data_generator_YY":2.6318171},{"data_generator_XX":11.487664,"data_generator_YY":2.6393285},{"data_generator_XX":11.504018,"data_generator_YY":2.6468484},{"data_generator_XX":11.520368,"data_generator_YY":2.6543775},{"data_generator_XX":11.536714,"data_generator_YY":2.6619151},{"data_generator_XX":11.553055,"data_generator_YY":2.6694615},{"data_generator_XX":11.569392,"data_generator_YY":2.677017},{"data_generator_XX":11.585726,"data_generator_YY":2.684581},{"data_generator_XX":11.602056,"data_generator_YY":2.6921539},{"data_generator_XX":11.618381,"data_generator_YY":2.6997354},{"data_generator_XX":11.634703,"data_generator_YY":2.7073259},{"data_generator_XX":11.651019,"data_generator_YY":2.7149251},{"data_generator_XX":11.667333,"data_generator_YY":2.722533},{"data_generator_XX":11.683641,"data_generator_YY":2.7301497},{"data_generator_XX":11.699946,"data_generator_YY":2.7377751},{"data_generator_XX":11.716248,"data_generator_YY":2.7454093},{"data_generator_XX":11.732545,"data_generator_YY":2.753052},{"data_generator_XX":11.748837,"data_generator_YY":2.7607036},{"data_generator_XX":11.765126,"data_generator_YY":2.7683637},{"data_generator_XX":11.78141,"data_generator_YY":2.7760327},{"data_generator_XX":11.797691,"data_generator_YY":2.7837102},{"data_generator_XX":11.813968,"data_generator_YY":2.7913966},{"data_generator_XX":11.83024,"data_generator_YY":2.7990916},{"data_generator_XX":11.846508,"data_generator_YY":2.8067951},{"data_generator_XX":11.862772,"data_generator_YY":2.8145072},{"data_generator_XX":11.879032,"data_generator_YY":2.8222282},{"data_generator_XX":11.895288,"data_generator_YY":2.8299575},{"data_generator_XX":11.91154,"data_generator_YY":2.8376956},{"data_generator_XX":11.927788,"data_generator_YY":2.8454423},{"data_generator_XX":11.944032,"data_generator_YY":2.8531976},{"data_generator_XX":11.960271,"data_generator_YY":2.8609614},{"data_generator_XX":11.976506,"data_generator_YY":2.8687341},{"data_generator_XX":11.992738,"data_generator_YY":2.8765152},{"data_generator_XX":12.008965,"data_generator_YY":2.8843048},{"data_generator_XX":12.025187,"data_generator_YY":2.892103},{"data_generator_XX":12.041407,"data_generator_YY":2.8999095},{"data_generator_XX":12.057622,"data_generator_YY":2.9077249},{"data_generator_XX":12.073833,"data_generator_YY":2.9155486},{"data_generator_XX":12.090039,"data_generator_YY":2.9233809},{"data_generator_XX":12.106241,"data_generator_YY":2.9312217},{"data_generator_XX":12.12244,"data_generator_YY":2.9390709},{"data_generator_XX":12.138635,"data_generator_YY":2.9469287},{"data_generator_XX":12.154824,"data_generator_YY":2.9547951},{"data_generator_XX":12.17101,"data_generator_YY":2.9626698},{"data_generator_XX":12.187192,"data_generator_YY":2.9705532},{"data_generator_XX":12.20337,"data_generator_YY":2.9784448},{"data_generator_XX":12.219543,"data_generator_YY":2.9863451},{"data_generator_XX":12.235713,"data_generator_YY":2.9942536},{"data_generator_XX":12.251879,"data_generator_YY":3.0021706},{"data_generator_XX":12.26804,"data_generator_YY":3.0100961},{"data_generator_XX":12.284197,"data_generator_YY":3.0180299},{"data_generator_XX":12.30035,"data_generator_YY":3.0259724},{"data_generator_XX":12.316499,"data_generator_YY":3.0339229},{"data_generator_XX":12.332644,"data_generator_YY":3.041882},{"data_generator_XX":12.348784,"data_generator_YY":3.0498495},{"data_generator_XX":12.364921,"data_generator_YY":3.0578253},{"data_generator_XX":12.381053,"data_generator_YY":3.0658097},{"data_generator_XX":12.397182,"data_generator_YY":3.0738022},{"data_generator_XX":12.413305,"data_generator_YY":3.0818031},{"data_generator_XX":12.429425,"data_generator_YY":3.0898123},{"data_generator_XX":12.445541,"data_generator_YY":3.0978298},{"data_generator_XX":12.461653,"data_generator_YY":3.1058559},{"data_generator_XX":12.47776,"data_generator_YY":3.1138902},{"data_generator_XX":12.493864,"data_generator_YY":3.1219325},{"data_generator_XX":12.509963,"data_generator_YY":3.1299834},{"data_generator_XX":12.526058,"data_generator_YY":3.1380424},{"data_generator_XX":12.542149,"data_generator_YY":3.1461101},{"data_generator_XX":12.558235,"data_generator_YY":3.1541855},{"data_generator_XX":12.574318,"data_generator_YY":3.1622696},{"data_generator_XX":12.590397,"data_generator_YY":3.1703618},{"data_generator_XX":12.606471,"data_generator_YY":3.1784623},{"data_generator_XX":12.622541,"data_generator_YY":3.1865709},{"data_generator_XX":12.638607,"data_generator_YY":3.1946878},{"data_generator_XX":12.654669,"data_generator_YY":3.2028129},{"data_generator_XX":12.670727,"data_generator_YY":3.2109463},{"data_generator_XX":12.68678,"data_generator_YY":3.2190878},{"data_generator_XX":12.702829,"data_generator_YY":3.2272375},{"data_generator_XX":12.718875,"data_generator_YY":3.2353954},{"data_generator_XX":12.734916,"data_generator_YY":3.2435615},{"data_generator_XX":12.750953,"data_generator_YY":3.2517359},{"data_generator_XX":12.766985,"data_generator_YY":3.2599182},{"data_generator_XX":12.783013,"data_generator_YY":3.2681088},{"data_generator_XX":12.799038,"data_generator_YY":3.2763076},{"data_generator_XX":12.815059,"data_generator_YY":3.2845144},{"data_generator_XX":12.831075,"data_generator_YY":3.2927294},{"data_generator_XX":12.847086,"data_generator_YY":3.3009524},{"data_generator_XX":12.863094,"data_generator_YY":3.3091838},{"data_generator_XX":12.879098,"data_generator_YY":3.3174231},{"data_generator_XX":12.895097,"data_generator_YY":3.3256705},{"data_generator_XX":12.911092,"data_generator_YY":3.333926},{"data_generator_XX":12.927083,"data_generator_YY":3.3421896},{"data_generator_XX":12.94307,"data_generator_YY":3.3504612},{"data_generator_XX":12.959053,"data_generator_YY":3.358741},{"data_generator_XX":12.975031,"data_generator_YY":3.3670287},{"data_generator_XX":12.991006,"data_generator_YY":3.3753245},{"data_generator_XX":13.006976,"data_generator_YY":3.3836284},{"data_generator_XX":13.022942,"data_generator_YY":3.3919404},{"data_generator_XX":13.038903,"data_generator_YY":3.4002602},{"data_generator_XX":13.054861,"data_generator_YY":3.4085879},{"data_generator_XX":13.070815,"data_generator_YY":3.416924},{"data_generator_XX":13.086764,"data_generator_YY":3.4252677},{"data_generator_XX":13.102709,"data_generator_YY":3.4336197},{"data_generator_XX":13.11865,"data_generator_YY":3.4419796},{"data_generator_XX":13.134586,"data_generator_YY":3.4503474},{"data_generator_XX":13.150519,"data_generator_YY":3.4587231},{"data_generator_XX":13.166448,"data_generator_YY":3.4671068},{"data_generator_XX":13.182372,"data_generator_YY":3.4754984},{"data_generator_XX":13.198292,"data_generator_YY":3.4838982},{"data_generator_XX":13.214208,"data_generator_YY":3.4923058},{"data_generator_XX":13.23012,"data_generator_YY":3.5007212},{"data_generator_XX":13.246027,"data_generator_YY":3.5091445},{"data_generator_XX":13.26193,"data_generator_YY":3.5175757},{"data_generator_XX":13.277829,"data_generator_YY":3.5260148},{"data_generator_XX":13.293724,"data_generator_YY":3.534462},{"data_generator_XX":13.309615,"data_generator_YY":3.5429168},{"data_generator_XX":13.325501,"data_generator_YY":3.5513797},{"data_generator_XX":13.341384,"data_generator_YY":3.5598502},{"data_generator_XX":13.357262,"data_generator_YY":3.5683289},{"data_generator_XX":13.373136,"data_generator_YY":3.5768151},{"data_generator_XX":13.389006,"data_generator_YY":3.5853093},{"data_generator_XX":13.404871,"data_generator_YY":3.5938113},{"data_generator_XX":13.420732,"data_generator_YY":3.6023211},{"data_generator_XX":13.436589,"data_generator_YY":3.6108387},{"data_generator_XX":13.452442,"data_generator_YY":3.6193643},{"data_generator_XX":13.468291,"data_generator_YY":3.6278973},{"data_generator_XX":13.484136,"data_generator_YY":3.6364384},{"data_generator_XX":13.499976,"data_generator_YY":3.6449871},{"data_generator_XX":13.515813,"data_generator_YY":3.6535437},{"data_generator_XX":13.531645,"data_generator_YY":3.6621079},{"data_generator_XX":13.547472,"data_generator_YY":3.67068},{"data_generator_XX":13.563296,"data_generator_YY":3.6792598},{"data_generator_XX":13.579115,"data_generator_YY":3.6878474},{"data_generator_XX":13.594931,"data_generator_YY":3.6964426},{"data_generator_XX":13.610742,"data_generator_YY":3.7050457},{"data_generator_XX":13.626549,"data_generator_YY":3.7136564},{"data_generator_XX":13.642351,"data_generator_YY":3.7222748},{"data_generator_XX":13.65815,"data_generator_YY":3.730901},{"data_generator_XX":13.673944,"data_generator_YY":3.7395346},{"data_generator_XX":13.689734,"data_generator_YY":3.7481761},{"data_generator_XX":13.70552,"data_generator_YY":3.7568252},{"data_generator_XX":13.721301,"data_generator_YY":3.7654822},{"data_generator_XX":13.737079,"data_generator_YY":3.7741466},{"data_generator_XX":13.752851,"data_generator_YY":3.7828186},{"data_generator_XX":13.76862,"data_generator_YY":3.7914984},{"data_generator_XX":13.784386,"data_generator_YY":3.8001857},{"data_generator_XX":13.800146,"data_generator_YY":3.8088808},{"data_generator_XX":13.815903,"data_generator_YY":3.8175833},{"data_generator_XX":13.831655,"data_generator_YY":3.8262935},{"data_generator_XX":13.847403,"data_generator_YY":3.8350112},{"data_generator_XX":13.863147,"data_generator_YY":3.8437366},{"data_generator_XX":13.878886,"data_generator_YY":3.8524697},{"data_generator_XX":13.894622,"data_generator_YY":3.8612103},{"data_generator_XX":13.910353,"data_generator_YY":3.8699584},{"data_generator_XX":13.92608,"data_generator_YY":3.8787141},{"data_generator_XX":13.941803,"data_generator_YY":3.8874772},{"data_generator_XX":13.957521,"data_generator_YY":3.8962481},{"data_generator_XX":13.973236,"data_generator_YY":3.9050262},{"data_generator_XX":13.988946,"data_generator_YY":3.9138122},{"data_generator_XX":14.004652,"data_generator_YY":3.9226055},{"data_generator_XX":14.020353,"data_generator_YY":3.9314063},{"data_generator_XX":14.036051,"data_generator_YY":3.9402146},{"data_generator_XX":14.051744,"data_generator_YY":3.9490304},{"data_generator_XX":14.067433,"data_generator_YY":3.9578538},{"data_generator_XX":14.083118,"data_generator_YY":3.9666846},{"data_generator_XX":14.0988,"data_generator_YY":3.9755228},{"data_generator_XX":14.114476,"data_generator_YY":3.9843686},{"data_generator_XX":14.130148,"data_generator_YY":3.9932218},{"data_generator_XX":14.145816,"data_generator_YY":4.0020823},{"data_generator_XX":14.16148,"data_generator_YY":4.0109506},{"data_generator_XX":14.17714,"data_generator_YY":4.0198259},{"data_generator_XX":14.192795,"data_generator_YY":4.0287089},{"data_generator_XX":14.208447,"data_generator_YY":4.0375991},{"data_generator_XX":14.224093,"data_generator_YY":4.0464969},{"data_generator_XX":14.239737,"data_generator_YY":4.0554018},{"data_generator_XX":14.255375,"data_generator_YY":4.0643144},{"data_generator_XX":14.271009,"data_generator_YY":4.0732341},{"data_generator_XX":14.28664,"data_generator_YY":4.0821614},{"data_generator_XX":14.302266,"data_generator_YY":4.0910959},{"data_generator_XX":14.317887,"data_generator_YY":4.1000381},{"data_generator_XX":14.333506,"data_generator_YY":4.1089873},{"data_generator_XX":14.349118,"data_generator_YY":4.1179442},{"data_generator_XX":14.364728,"data_generator_YY":4.1269083},{"data_generator_XX":14.380333,"data_generator_YY":4.1358795},{"data_generator_XX":14.395933,"data_generator_YY":4.1448579},{"data_generator_XX":14.41153,"data_generator_YY":4.1538439},{"data_generator_XX":14.427122,"data_generator_YY":4.162837},{"data_generator_XX":14.442711,"data_generator_YY":4.1718378},{"data_generator_XX":14.458295,"data_generator_YY":4.1808457},{"data_generator_XX":14.473874,"data_generator_YY":4.1898608},{"data_generator_XX":14.48945,"data_generator_YY":4.1988831},{"data_generator_XX":14.505021,"data_generator_YY":4.2079129},{"data_generator_XX":14.520588,"data_generator_YY":4.2169495},{"data_generator_XX":14.536151,"data_generator_YY":4.2259936},{"data_generator_XX":14.55171,"data_generator_YY":4.235045},{"data_generator_XX":14.567265,"data_generator_YY":4.2441039},{"data_generator_XX":14.582814,"data_generator_YY":4.2531695},{"data_generator_XX":14.598361,"data_generator_YY":4.2622428},{"data_generator_XX":14.613902,"data_generator_YY":4.2713227},{"data_generator_XX":14.62944,"data_generator_YY":4.2804103},{"data_generator_XX":14.644974,"data_generator_YY":4.289505},{"data_generator_XX":14.660502,"data_generator_YY":4.2986069},{"data_generator_XX":14.676027,"data_generator_YY":4.3077159},{"data_generator_XX":14.691548,"data_generator_YY":4.3168321},{"data_generator_XX":14.707066,"data_generator_YY":4.3259554},{"data_generator_XX":14.722577,"data_generator_YY":4.3350859},{"data_generator_XX":14.738086,"data_generator_YY":4.3442235},{"data_generator_XX":14.75359,"data_generator_YY":4.3533683},{"data_generator_XX":14.76909,"data_generator_YY":4.3625202},{"data_generator_XX":14.784585,"data_generator_YY":4.3716793},{"data_generator_XX":14.800076,"data_generator_YY":4.3808451},{"data_generator_XX":14.815563,"data_generator_YY":4.3900185},{"data_generator_XX":14.831046,"data_generator_YY":4.399199},{"data_generator_XX":14.846525,"data_generator_YY":4.4083862},{"data_generator_XX":14.862,"data_generator_YY":4.4175806},{"data_generator_XX":14.87747,"data_generator_YY":4.4267821},{"data_generator_XX":14.892936,"data_generator_YY":4.4359908},{"data_generator_XX":14.908398,"data_generator_YY":4.4452066},{"data_generator_XX":14.923856,"data_generator_YY":4.4544296},{"data_generator_XX":14.939309,"data_generator_YY":4.4636593},{"data_generator_XX":14.954759,"data_generator_YY":4.4728961},{"data_generator_XX":14.970203,"data_generator_YY":4.4821401},{"data_generator_XX":14.985644,"data_generator_YY":4.4913907},{"data_generator_XX":15.001081,"data_generator_YY":4.500649},{"data_generator_XX":15.016514,"data_generator_YY":4.5099134},{"data_generator_XX":15.031942,"data_generator_YY":4.5191855},{"data_generator_XX":15.047366,"data_generator_YY":4.5284643},{"data_generator_XX":15.062786,"data_generator_YY":4.5377502},{"data_generator_XX":15.078201,"data_generator_YY":4.5470433},{"data_generator_XX":15.093613,"data_generator_YY":4.5563431},{"data_generator_XX":15.10902,"data_generator_YY":4.56565},{"data_generator_XX":15.124423,"data_generator_YY":4.5749636},{"data_generator_XX":15.139822,"data_generator_YY":4.5842843},{"data_generator_XX":15.155217,"data_generator_YY":4.5936117},{"data_generator_XX":15.170608,"data_generator_YY":4.6029463},{"data_generator_XX":15.185993,"data_generator_YY":4.612288},{"data_generator_XX":15.201376,"data_generator_YY":4.6216364},{"data_generator_XX":15.216753,"data_generator_YY":4.6309919},{"data_generator_XX":15.232127,"data_generator_YY":4.6403537},{"data_generator_XX":15.247497,"data_generator_YY":4.6497231},{"data_generator_XX":15.262862,"data_generator_YY":4.6590991},{"data_generator_XX":15.278223,"data_generator_YY":4.6684818},{"data_generator_XX":15.29358,"data_generator_YY":4.6778717},{"data_generator_XX":15.308932,"data_generator_YY":4.6872683},{"data_generator_XX":15.324281,"data_generator_YY":4.6966715},{"data_generator_XX":15.339625,"data_generator_YY":4.7060819},{"data_generator_XX":15.354965,"data_generator_YY":4.7154989},{"data_generator_XX":15.370301,"data_generator_YY":4.7249231},{"data_generator_XX":15.385633,"data_generator_YY":4.734354},{"data_generator_XX":15.40096,"data_generator_YY":4.7437916},{"data_generator_XX":15.416284,"data_generator_YY":4.7532358},{"data_generator_XX":15.431602,"data_generator_YY":4.7626872},{"data_generator_XX":15.446918,"data_generator_YY":4.7721453},{"data_generator_XX":15.462228,"data_generator_YY":4.78161},{"data_generator_XX":15.477534,"data_generator_YY":4.7910814},{"data_generator_XX":15.492837,"data_generator_YY":4.80056},{"data_generator_XX":15.508135,"data_generator_YY":4.8100452},{"data_generator_XX":15.523429,"data_generator_YY":4.8195367},{"data_generator_XX":15.538718,"data_generator_YY":4.8290358},{"data_generator_XX":15.554004,"data_generator_YY":4.838541},{"data_generator_XX":15.569285,"data_generator_YY":4.848053},{"data_generator_XX":15.584562,"data_generator_YY":4.8575721},{"data_generator_XX":15.599835,"data_generator_YY":4.8670974},{"data_generator_XX":15.615105,"data_generator_YY":4.8766298},{"data_generator_XX":15.630369,"data_generator_YY":4.886169},{"data_generator_XX":15.64563,"data_generator_YY":4.8957143},{"data_generator_XX":15.660886,"data_generator_YY":4.9052668},{"data_generator_XX":15.676138,"data_generator_YY":4.9148259},{"data_generator_XX":15.691385,"data_generator_YY":4.9243917},{"data_generator_XX":15.706629,"data_generator_YY":4.9339638},{"data_generator_XX":15.721869,"data_generator_YY":4.943543},{"data_generator_XX":15.737103,"data_generator_YY":4.9531288},{"data_generator_XX":15.752335,"data_generator_YY":4.9627213},{"data_generator_XX":15.767562,"data_generator_YY":4.9723201},{"data_generator_XX":15.782784,"data_generator_YY":4.981926},{"data_generator_XX":15.798003,"data_generator_YY":4.991538},{"data_generator_XX":15.813217,"data_generator_YY":5.0011568},{"data_generator_XX":15.828427,"data_generator_YY":5.0107827},{"data_generator_XX":15.843634,"data_generator_YY":5.0204148},{"data_generator_XX":15.858835,"data_generator_YY":5.0300531},{"data_generator_XX":15.874033,"data_generator_YY":5.0396986},{"data_generator_XX":15.889227,"data_generator_YY":5.0493503},{"data_generator_XX":15.904416,"data_generator_YY":5.0590091},{"data_generator_XX":15.919601,"data_generator_YY":5.0686741},{"data_generator_XX":15.934782,"data_generator_YY":5.0783458},{"data_generator_XX":15.949959,"data_generator_YY":5.0880237},{"data_generator_XX":15.965132,"data_generator_YY":5.0977082},{"data_generator_XX":15.9803,"data_generator_YY":5.1073995},{"data_generator_XX":15.995464,"data_generator_YY":5.1170974},{"data_generator_XX":16.010624,"data_generator_YY":5.1268015},{"data_generator_XX":16.02578,"data_generator_YY":5.1365123},{"data_generator_XX":16.040932,"data_generator_YY":5.1462297},{"data_generator_XX":16.05608,"data_generator_YY":5.1559534},{"data_generator_XX":16.071222,"data_generator_YY":5.1656837},{"data_generator_XX":16.086361,"data_generator_YY":5.1754208},{"data_generator_XX":16.101496,"data_generator_YY":5.185164},{"data_generator_XX":16.116627,"data_generator_YY":5.1949134},{"data_generator_XX":16.131754,"data_generator_YY":5.20467},{"data_generator_XX":16.146877,"data_generator_YY":5.2144327},{"data_generator_XX":16.161995,"data_generator_YY":5.2242017},{"data_generator_XX":16.177109,"data_generator_YY":5.2339773},{"data_generator_XX":16.192219,"data_generator_YY":5.2437592},{"data_generator_XX":16.207325,"data_generator_YY":5.2535477},{"data_generator_XX":16.222427,"data_generator_YY":5.2633424},{"data_generator_XX":16.237524,"data_generator_YY":5.2731438},{"data_generator_XX":16.252617,"data_generator_YY":5.2829514},{"data_generator_XX":16.267706,"data_generator_YY":5.2927656},{"data_generator_XX":16.282791,"data_generator_YY":5.3025861},{"data_generator_XX":16.297873,"data_generator_YY":5.3124132},{"data_generator_XX":16.31295,"data_generator_YY":5.3222461},{"data_generator_XX":16.328022,"data_generator_YY":5.3320861},{"data_generator_XX":16.34309,"data_generator_YY":5.3419318},{"data_generator_XX":16.358154,"data_generator_YY":5.3517842},{"data_generator_XX":16.373215,"data_generator_YY":5.3616428},{"data_generator_XX":16.388271,"data_generator_YY":5.3715081},{"data_generator_XX":16.403322,"data_generator_YY":5.3813796},{"data_generator_XX":16.418369,"data_generator_YY":5.3912573},{"data_generator_XX":16.433413,"data_generator_YY":5.4011412},{"data_generator_XX":16.448452,"data_generator_YY":5.4110317},{"data_generator_XX":16.463488,"data_generator_YY":5.4209285},{"data_generator_XX":16.478519,"data_generator_YY":5.4308314},{"data_generator_XX":16.493546,"data_generator_YY":5.4407406},{"data_generator_XX":16.508568,"data_generator_YY":5.4506564},{"data_generator_XX":16.523586,"data_generator_YY":5.4605784},{"data_generator_XX":16.538601,"data_generator_YY":5.4705067},{"data_generator_XX":16.553612,"data_generator_YY":5.4804411},{"data_generator_XX":16.568617,"data_generator_YY":5.4903817},{"data_generator_XX":16.58362,"data_generator_YY":5.5003285},{"data_generator_XX":16.598618,"data_generator_YY":5.5102816},{"data_generator_XX":16.613611,"data_generator_YY":5.5202413},{"data_generator_XX":16.628601,"data_generator_YY":5.5302067},{"data_generator_XX":16.643585,"data_generator_YY":5.5401788},{"data_generator_XX":16.658567,"data_generator_YY":5.5501571},{"data_generator_XX":16.673544,"data_generator_YY":5.5601411},{"data_generator_XX":16.688517,"data_generator_YY":5.5701318},{"data_generator_XX":16.703485,"data_generator_YY":5.5801287},{"data_generator_XX":16.718451,"data_generator_YY":5.5901318},{"data_generator_XX":16.73341,"data_generator_YY":5.6001406},{"data_generator_XX":16.748367,"data_generator_YY":5.6101561},{"data_generator_XX":16.763319,"data_generator_YY":5.6201773},{"data_generator_XX":16.778267,"data_generator_YY":5.6302052},{"data_generator_XX":16.793211,"data_generator_YY":5.6402388},{"data_generator_XX":16.808151,"data_generator_YY":5.650279}]