[{"data_set_value_component_environment_variable_time":0.0,"data_set_value_component_constants_variable_R":8314.472,"data_set_value_component_constants_variable_T":310.0,"data_set_value_component_constants_variable_F":96485.3415,"data_set_value_component_membrane_variable_E":-64.9,"data_set_value_component_membrane_variable_C":0.000032,"data_set_value_component_membrane_variable_i_tot":0.0001236736,"data_set_value_component_reversal_potentials_variable_E_Ca":146.691900742,"data_set_value_component_reversal_potentials_variable_E_Na":78.1849982828,"data_set_value_component_reversal_potentials_variable_E_K":-86.8412455616,"data_set_value_component_L_type_calcium_current_variable_i_CaL":-0.00018008,"data_set_value_component_L_type_calcium_current_variable_g_CaL":0.4,"data_set_value_component_L_type_calcium_current_d_gate_variable_dL":0.0001,"data_set_value_component_L_type_calcium_current_d_gate_variable_dL_infinity":0.0001457702,"data_set_value_component_L_type_calcium_current_d_gate_variable_tau_dL":0.002,"data_set_value_component_L_type_calcium_current_f_gate_variable_fL":0.1505,"data_set_value_component_L_type_calcium_current_f_gate_variable_fL_infinity":0.9987076502,"data_set_value_component_L_type_calcium_current_f_gate_variable_tau_fL":0.9977655932,"data_set_value_component_L_type_calcium_current_f2_gate_variable_fL2":0.219,"data_set_value_component_L_type_calcium_current_f2_gate_variable_alpha_fL2":3.0,"data_set_value_component_L_type_calcium_current_f2_gate_variable_beta_fL2":40000.0,"data_set_value_component_T_type_calcium_current_variable_i_CaT":-0.0015418494,"data_set_value_component_T_type_calcium_current_variable_g_CaT":0.085,"data_set_value_component_T_type_calcium_current_d_gate_variable_dT":0.001,"data_set_value_component_T_type_calcium_current_d_gate_variable_dT_infinity":0.0010385897,"data_set_value_component_T_type_calcium_current_d_gate_variable_tau_dT":0.0019967069,"data_set_value_component_T_type_calcium_current_f_gate_variable_fT":0.1328,"data_set_value_component_T_type_calcium_current_f_gate_variable_fT_infinity":0.1779493532,"data_set_value_component_T_type_calcium_current_f_gate_variable_tau_fT":0.0209200004,"data_set_value_component_fast_sodium_current_variable_i_Na":-0.0000008358,"data_set_value_component_fast_sodium_current_variable_g_Na":0.25,"data_set_value_component_fast_sodium_current_m_gate_variable_m":0.0139,"data_set_value_component_fast_sodium_current_m_gate_variable_alpha_m":416.1756960886,"data_set_value_component_fast_sodium_current_m_gate_variable_beta_m":29501.5127496402,"data_set_value_component_fast_sodium_current_h_gate_variable_h":0.0087,"data_set_value_component_fast_sodium_current_h_gate_variable_alpha_h":0.5993907375,"data_set_value_component_fast_sodium_current_h_gate_variable_beta_h":48.7876406117,"data_set_value_component_delayed_rectifying_potassium_current_variable_i_K":0.0092397844,"data_set_value_component_delayed_rectifying_potassium_current_variable_i_KK":0.0314196104,"data_set_value_component_delayed_rectifying_potassium_current_variable_i_KNa":-0.0221798259,"data_set_value_component_delayed_rectifying_potassium_current_variable_Kk":0.00026,"data_set_value_component_delayed_rectifying_potassium_current_variable_P_KNa":0.035,"data_set_value_component_delayed_rectifying_potassium_current_x_gate_variable_x":0.5682,"data_set_value_component_delayed_rectifying_potassium_current_x_gate_variable_x_infinity":0.004594097,"data_set_value_component_delayed_rectifying_potassium_current_x_gate_variable_tau_x":0.1416038,"data_set_value_component_hyperpolarising_activated_current_variable_i_f":-0.0058493275,"data_set_value_component_hyperpolarising_activated_current_variable_i_fNa":-0.0078574957,"data_set_value_component_hyperpolarising_activated_current_variable_i_fK":0.0020081682,"data_set_value_component_hyperpolarising_activated_current_variable_Kmf":10.3,"data_set_value_component_hyperpolarising_activated_current_variable_g_fNa":0.0081,"data_set_value_component_hyperpolarising_activated_current_variable_g_fK":0.0135,"data_set_value_component_hyperpolarising_activated_current_y_gate_variable_y":0.0287,"data_set_value_component_hyperpolarising_activated_current_y_gate_variable_alpha_y":0.2152849313,"data_set_value_component_hyperpolarising_activated_current_y_gate_variable_beta_y":1.2544896109,"data_set_value_component_sodium_potassium_pump_variable_i_p":0.0226811369,"data_set_value_component_sodium_potassium_pump_variable_KmNa":40.0,"data_set_value_component_sodium_potassium_pump_variable_KmK":1.0,"data_set_value_component_sodium_potassium_pump_variable_i_pmax":0.226,"data_set_value_component_sodium_calcium_exchange_current_variable_i_NaCa":-0.0008657681,"data_set_value_component_sodium_calcium_exchange_current_variable_kNaCa":4.0,"data_set_value_component_sodium_calcium_exchange_current_variable_x1":1.1770220175,"data_set_value_component_sodium_calcium_exchange_current_variable_x2":0.0113440143,"data_set_value_component_sodium_calcium_exchange_current_variable_x3":0.0071230787,"data_set_value_component_sodium_calcium_exchange_current_variable_x4":0.0299967689,"data_set_value_component_sodium_calcium_exchange_current_variable_k41":1.6890325176,"data_set_value_component_sodium_calcium_exchange_current_variable_k34":0.967764882,"data_set_value_component_sodium_calcium_exchange_current_variable_k23":0.3951423439,"data_set_value_component_sodium_calcium_exchange_current_variable_k21":0.1920611568,"data_set_value_component_sodium_calcium_exchange_current_variable_k32":0.5920549128,"data_set_value_component_sodium_calcium_exchange_current_variable_k43":0.2209644248,"data_set_value_component_sodium_calcium_exchange_current_variable_k12":0.0020764192,"data_set_value_component_sodium_calcium_exchange_current_variable_k14":0.0428201603,"data_set_value_component_sodium_calcium_exchange_current_variable_Qci":0.1369,"data_set_value_component_sodium_calcium_exchange_current_variable_Qn":0.4315,"data_set_value_component_sodium_calcium_exchange_current_variable_Qco":0.0,"data_set_value_component_sodium_calcium_exchange_current_variable_K3ni":26.44,"data_set_value_component_sodium_calcium_exchange_current_variable_Kci":0.0207,"data_set_value_component_sodium_calcium_exchange_current_variable_K1ni":395.3,"data_set_value_component_sodium_calcium_exchange_current_variable_K2ni":2.289,"data_set_value_component_sodium_calcium_exchange_current_variable_Kcni":26.44,"data_set_value_component_sodium_calcium_exchange_current_variable_K3no":4.663,"data_set_value_component_sodium_calcium_exchange_current_variable_K1no":1628.0,"data_set_value_component_sodium_calcium_exchange_current_variable_K2no":561.4,"data_set_value_component_sodium_calcium_exchange_current_variable_Kco":3.663,"data_set_value_component_sodium_calcium_exchange_current_variable_do":2.8434158953,"data_set_value_component_sodium_calcium_exchange_current_variable_di":1.1031557668,"data_set_value_component_background_sodium_current_variable_i_bNa":-0.0343403996,"data_set_value_component_background_sodium_current_variable_g_Nab":0.00024,"data_set_value_component_background_potassium_current_variable_i_bK":0.0109810126,"data_set_value_component_background_potassium_current_variable_KbK":0.00007,"data_set_value_component_sarcoplasmic_reticulum_kinetics_variable_i_up":0.0000975776,"data_set_value_component_sarcoplasmic_reticulum_kinetics_variable_i_tr":0.0042202688,"data_set_value_component_sarcoplasmic_reticulum_kinetics_variable_i_rel":0.0000735963,"data_set_value_component_sarcoplasmic_reticulum_kinetics_variable_V_rel":0.000000015,"data_set_value_component_sarcoplasmic_reticulum_kinetics_variable_V_up":0.000000035,"data_set_value_component_sarcoplasmic_reticulum_kinetics_variable_i_up_max":0.0212,"data_set_value_component_sarcoplasmic_reticulum_kinetics_variable_KmCaup":0.0005,"data_set_value_component_sarcoplasmic_reticulum_kinetics_variable_KmCarel":0.001,"data_set_value_component_sarcoplasmic_reticulum_kinetics_variable_tau_rel":0.005,"data_set_value_component_sarcoplasmic_reticulum_kinetics_variable_tau_tr":0.4,"data_set_value_component_ion_concentrations_variable_Cai":0.000034,"data_set_value_component_ion_concentrations_variable_Cao":2.0004,"data_set_value_component_ion_concentrations_variable_Caup":0.5832,"data_set_value_component_ion_concentrations_variable_Carel":0.1101,"data_set_value_component_ion_concentrations_variable_Nai":7.4994,"data_set_value_component_ion_concentrations_variable_Nao":139.9929,"data_set_value_component_ion_concentrations_variable_Ki":140.0073,"data_set_value_component_ion_concentrations_variable_Ko":5.4243,"data_set_value_component_ion_concentrations_variable_V_i":0.0000025,"data_set_value_component_ion_concentrations_variable_V_e":0.0000005,"data_set_value_component_ion_concentrations_variable_tau_b":0.1,"data_set_value_component_ion_concentrations_variable_Nab":140.0,"data_set_value_component_ion_concentrations_variable_Cab":2.0,"data_set_value_component_ion_concentrations_variable_Kb":5.4},{"data_set_value_component_environment_variable_time":0.1,"data_set_value_component_constants_variable_R":8314.472,"data_set_value_component_constants_variable_T":310.0,"data_set_value_component_constants_variable_F":96485.3415,"data_set_value_component_membrane_variable_E":-60.0279414171,"data_set_value_component_membrane_variable_C":0.000032,"data_set_value_component_membrane_variable_i_tot":-0.0019096691,"data_set_value_component_reversal_potentials_variable_E_Ca":141.7493560623,"data_set_value_component_reversal_potentials_variable_E_Na":78.1962428332,"data_set_value_component_reversal_potentials_variable_E_K":-86.9713255175,"data_set_value_component_L_type_calcium_current_variable_i_CaL":-0.0013264003,"data_set_value_component_L_type_calcium_current_variable_g_CaL":0.4,"data_set_value_component_L_type_calcium_current_d_gate_variable_dL":0.0002995385,"data_set_value_component_L_type_calcium_current_d_gate_variable_dL_infinity":0.0003049241,"data_set_value_component_L_type_calcium_current_d_gate_variable_tau_dL":0.002,"data_set_value_component_L_type_calcium_current_f_gate_variable_fL":0.2321328379,"data_set_value_component_L_type_calcium_current_f_gate_variable_fL_infinity":0.9970937762,"data_set_value_component_L_type_calcium_current_f_gate_variable_tau_fL":0.9719708991,"data_set_value_component_L_type_calcium_current_f2_gate_variable_fL2":0.3761697546,"data_set_value_component_L_type_calcium_current_f2_gate_variable_alpha_fL2":3.0,"data_set_value_component_L_type_calcium_current_f2_gate_variable_beta_fL2":40000.0,"data_set_value_component_T_type_calcium_current_variable_i_CaT":-0.0026418293,"data_set_value_component_T_type_calcium_current_variable_g_CaT":0.085,"data_set_value_component_T_type_calcium_current_d_gate_variable_dT":0.0022647164,"data_set_value_component_T_type_calcium_current_d_gate_variable_dT_infinity":0.002305489,"data_set_value_component_T_type_calcium_current_d_gate_variable_tau_dT":0.0018507716,"data_set_value_component_T_type_calcium_current_f_gate_variable_fT":0.10825065,"data_set_value_component_T_type_calcium_current_f_gate_variable_fT_infinity":0.0937661282,"data_set_value_component_T_type_calcium_current_f_gate_variable_tau_fT":0.0170739806,"data_set_value_component_fast_sodium_current_variable_i_Na":-0.0000110077,"data_set_value_component_fast_sodium_current_variable_g_Na":0.25,"data_set_value_component_fast_sodium_current_m_gate_variable_m":0.0381282475,"data_set_value_component_fast_sodium_current_m_gate_variable_alpha_m":563.5828836869,"data_set_value_component_fast_sodium_current_m_gate_variable_beta_m":14205.5502973277,"data_set_value_component_fast_sodium_current_h_gate_variable_h":0.0057468763,"data_set_value_component_fast_sodium_current_h_gate_variable_alpha_h":0.3030280878,"data_set_value_component_fast_sodium_current_h_gate_variable_beta_h":63.86076412,"data_set_value_component_delayed_rectifying_potassium_current_variable_i_K":0.0089447463,"data_set_value_component_delayed_rectifying_potassium_current_variable_i_KK":0.0185665837,"data_set_value_component_delayed_rectifying_potassium_current_variable_i_KNa":-0.0096218373,"data_set_value_component_delayed_rectifying_potassium_current_variable_Kk":0.00026,"data_set_value_component_delayed_rectifying_potassium_current_variable_P_KNa":0.035,"data_set_value_component_delayed_rectifying_potassium_current_x_gate_variable_x":0.2969066388,"data_set_value_component_delayed_rectifying_potassium_current_x_gate_variable_x_infinity":0.0088364698,"data_set_value_component_delayed_rectifying_potassium_current_x_gate_variable_tau_x":0.1648636022,"data_set_value_component_hyperpolarising_activated_current_variable_i_f":-0.0074553475,"data_set_value_component_hyperpolarising_activated_current_variable_i_fNa":-0.0110429211,"data_set_value_component_hyperpolarising_activated_current_variable_i_fK":0.0035875737,"data_set_value_component_hyperpolarising_activated_current_variable_Kmf":10.3,"data_set_value_component_hyperpolarising_activated_current_variable_g_fNa":0.0081,"data_set_value_component_hyperpolarising_activated_current_variable_g_fK":0.0135,"data_set_value_component_hyperpolarising_activated_current_y_gate_variable_y":0.0420375426,"data_set_value_component_hyperpolarising_activated_current_y_gate_variable_alpha_y":0.1661426827,"data_set_value_component_hyperpolarising_activated_current_y_gate_variable_beta_y":1.6823992868,"data_set_value_component_sodium_potassium_pump_variable_i_p":0.023332706,"data_set_value_component_sodium_potassium_pump_variable_KmNa":40.0,"data_set_value_component_sodium_potassium_pump_variable_KmK":1.0,"data_set_value_component_sodium_potassium_pump_variable_i_pmax":0.226,"data_set_value_component_sodium_calcium_exchange_current_variable_i_NaCa":-0.0020076657,"data_set_value_component_sodium_calcium_exchange_current_variable_kNaCa":4.0,"data_set_value_component_sodium_calcium_exchange_current_variable_x1":1.1171107946,"data_set_value_component_sodium_calcium_exchange_current_variable_x2":0.0139692529,"data_set_value_component_sodium_calcium_exchange_current_variable_x3":0.0076665478,"data_set_value_component_sodium_calcium_exchange_current_variable_x4":0.0309284941,"data_set_value_component_sodium_calcium_exchange_current_variable_k41":1.6238621931,"data_set_value_component_sodium_calcium_exchange_current_variable_k34":0.9677678299,"data_set_value_component_sodium_calcium_exchange_current_variable_k23":0.3799960135,"data_set_value_component_sodium_calcium_exchange_current_variable_k21":0.1920322293,"data_set_value_component_sodium_calcium_exchange_current_variable_k32":0.6158158027,"data_set_value_component_sodium_calcium_exchange_current_variable_k43":0.220908239,"data_set_value_component_sodium_calcium_exchange_current_variable_k12":0.0029268591,"data_set_value_component_sodium_calcium_exchange_current_variable_k14":0.0444329546,"data_set_value_component_sodium_calcium_exchange_current_variable_Qci":0.1369,"data_set_value_component_sodium_calcium_exchange_current_variable_Qn":0.4315,"data_set_value_component_sodium_calcium_exchange_current_variable_Qco":0.0,"data_set_value_component_sodium_calcium_exchange_current_variable_K3ni":26.44,"data_set_value_component_sodium_calcium_exchange_current_variable_Kci":0.0207,"data_set_value_component_sodium_calcium_exchange_current_variable_K1ni":395.3,"data_set_value_component_sodium_calcium_exchange_current_variable_K2ni":2.289,"data_set_value_component_sodium_calcium_exchange_current_variable_Kcni":26.44,"data_set_value_component_sodium_calcium_exchange_current_variable_K3no":4.663,"data_set_value_component_sodium_calcium_exchange_current_variable_K1no":1628.0,"data_set_value_component_sodium_calcium_exchange_current_variable_K2no":561.4,"data_set_value_component_sodium_calcium_exchange_current_variable_Kco":3.663,"data_set_value_component_sodium_calcium_exchange_current_variable_do":2.8434649364,"data_set_value_component_sodium_calcium_exchange_current_variable_di":1.1049787436,"data_set_value_component_background_sodium_current_variable_i_bNa":-0.0331738042,"data_set_value_component_background_sodium_current_variable_g_Nab":0.00024,"data_set_value_component_background_potassium_current_variable_i_bK":0.0124289332,"data_set_value_component_background_potassium_current_variable_KbK":0.00007,"data_set_value_component_sarcoplasmic_reticulum_kinetics_variable_i_up":0.0002034512,"data_set_value_component_sarcoplasmic_reticulum_kinetics_variable_i_tr":0.0038063668,"data_set_value_component_sarcoplasmic_reticulum_kinetics_variable_i_rel":0.0003387914,"data_set_value_component_sarcoplasmic_reticulum_kinetics_variable_V_rel":0.000000015,"data_set_value_component_sarcoplasmic_reticulum_kinetics_variable_V_up":0.000000035,"data_set_value_component_sarcoplasmic_reticulum_kinetics_variable_i_up_max":0.0212,"data_set_value_component_sarcoplasmic_reticulum_kinetics_variable_KmCaup":0.0005,"data_set_value_component_sarcoplasmic_reticulum_kinetics_variable_KmCarel":0.001,"data_set_value_component_sarcoplasmic_reticulum_kinetics_variable_tau_rel":0.005,"data_set_value_component_sarcoplasmic_reticulum_kinetics_variable_tau_tr":0.4,"data_set_value_component_ion_concentrations_variable_Cai":0.0000492183,"data_set_value_component_ion_concentrations_variable_Cao":2.0001332042,"data_set_value_component_ion_concentrations_variable_Caup":0.5260027684,"data_set_value_component_ion_concentrations_variable_Carel":0.2421687993,"data_set_value_component_ion_concentrations_variable_Nai":7.4969523894,"data_set_value_component_ion_concentrations_variable_Nao":140.0061299266,"data_set_value_component_ion_concentrations_variable_Ki":140.0103802112,"data_set_value_component_ion_concentrations_variable_Ko":5.3980698803,"data_set_value_component_ion_concentrations_variable_V_i":0.0000025,"data_set_value_component_ion_concentrations_variable_V_e":0.0000005,"data_set_value_component_ion_concentrations_variable_tau_b":0.1,"data_set_value_component_ion_concentrations_variable_Nab":140.0,"data_set_value_component_ion_concentrations_variable_Cab":2.0,"data_set_value_component_ion_concentrations_variable_Kb":5.4},{"data_set_value_component_environment_variable_time":0.2,"data_set_value_component_constants_variable_R":8314.472,"data_set_value_component_constants_variable_T":310.0,"data_set_value_component_constants_variable_F":96485.3415,"data_set_value_component_membrane_variable_E":-51.9255035507,"data_set_value_component_membrane_variable_C":0.000032,"data_set_value_component_membrane_variable_i_tot":-0.0042951153,"data_set_value_component_reversal_potentials_variable_E_Ca":134.1103282774,"data_set_value_component_reversal_potentials_variable_E_Na":78.2162005347,"data_set_value_component_reversal_potentials_variable_E_K":-87.0646136881,"data_set_value_component_L_type_calcium_current_variable_i_CaL":-0.0061016047,"data_set_value_component_L_type_calcium_current_variable_g_CaL":0.4,"data_set_value_component_L_type_calcium_current_d_gate_variable_dL":0.0010007844,"data_set_value_component_L_type_calcium_current_d_gate_variable_dL_infinity":0.0010399932,"data_set_value_component_L_type_calcium_current_d_gate_variable_tau_dL":0.002,"data_set_value_component_L_type_calcium_current_f_gate_variable_fL":0.3090960977,"data_set_value_component_L_type_calcium_current_f_gate_variable_fL_infinity":0.988877319,"data_set_value_component_L_type_calcium_current_f_gate_variable_tau_fL":0.8852810766,"data_set_value_component_L_type_calcium_current_f2_gate_variable_fL2":0.4441062319,"data_set_value_component_L_type_calcium_current_f2_gate_variable_alpha_fL2":3.0,"data_set_value_component_L_type_calcium_current_f2_gate_variable_beta_fL2":40000.0,"data_set_value_component_T_type_calcium_current_variable_i_CaT":-0.0028874322,"data_set_value_component_T_type_calcium_current_variable_g_CaT":0.085,"data_set_value_component_T_type_calcium_current_d_gate_variable_dT":0.0083570883,"data_set_value_component_T_type_calcium_current_d_gate_variable_dT_infinity":0.0086467635,"data_set_value_component_T_type_calcium_current_d_gate_variable_tau_dT":0.0016324773,"data_set_value_component_T_type_calcium_current_f_gate_variable_fT":0.0366078928,"data_set_value_component_T_type_calcium_current_f_gate_variable_fT_infinity":0.0294223784,"data_set_value_component_T_type_calcium_current_f_gate_variable_tau_fT":0.011400068,"data_set_value_component_fast_sodium_current_variable_i_Na":-0.0002301766,"data_set_value_component_fast_sodium_current_variable_g_Na":0.25,"data_set_value_component_fast_sodium_current_m_gate_variable_m":0.1763887259,"data_set_value_component_fast_sodium_current_m_gate_variable_alpha_m":907.2180494665,"data_set_value_component_fast_sodium_current_m_gate_variable_beta_m":4213.3879984584,"data_set_value_component_fast_sodium_current_h_gate_variable_h":0.0012891167,"data_set_value_component_fast_sodium_current_h_gate_variable_alpha_h":0.0974641091,"data_set_value_component_fast_sodium_current_h_gate_variable_beta_h":98.2972122156,"data_set_value_component_delayed_rectifying_potassium_current_variable_i_K":0.0084700904,"data_set_value_component_delayed_rectifying_potassium_current_variable_i_KK":0.0126721425,"data_set_value_component_delayed_rectifying_potassium_current_variable_i_KNa":-0.0042020521,"data_set_value_component_delayed_rectifying_potassium_current_variable_Kk":0.00026,"data_set_value_component_delayed_rectifying_potassium_current_variable_P_KNa":0.035,"data_set_value_component_delayed_rectifying_potassium_current_x_gate_variable_x":0.176306412,"data_set_value_component_delayed_rectifying_potassium_current_x_gate_variable_x_infinity":0.0259556368,"data_set_value_component_delayed_rectifying_potassium_current_x_gate_variable_tau_x":0.1947980303,"data_set_value_component_hyperpolarising_activated_current_variable_i_f":-0.0062530829,"data_set_value_component_hyperpolarising_activated_current_variable_i_fNa":-0.0113694667,"data_set_value_component_hyperpolarising_activated_current_variable_i_fK":0.0051163838,"data_set_value_component_hyperpolarising_activated_current_variable_Kmf":10.3,"data_set_value_component_hyperpolarising_activated_current_variable_g_fNa":0.0081,"data_set_value_component_hyperpolarising_activated_current_variable_g_fK":0.0135,"data_set_value_component_hyperpolarising_activated_current_y_gate_variable_y":0.0461913019,"data_set_value_component_hyperpolarising_activated_current_y_gate_variable_alpha_y":0.107204249,"data_set_value_component_hyperpolarising_activated_current_y_gate_variable_beta_y":2.4521234714,"data_set_value_component_sodium_potassium_pump_variable_i_p":0.0243573665,"data_set_value_component_sodium_potassium_pump_variable_KmNa":40.0,"data_set_value_component_sodium_potassium_pump_variable_KmK":1.0,"data_set_value_component_sodium_potassium_pump_variable_i_pmax":0.226,"data_set_value_component_sodium_calcium_exchange_current_variable_i_NaCa":-0.0047109087,"data_set_value_component_sodium_calcium_exchange_current_variable_kNaCa":4.0,"data_set_value_component_sodium_calcium_exchange_current_variable_x1":1.0265651995,"data_set_value_component_sodium_calcium_exchange_current_variable_x2":0.0198150804,"data_set_value_component_sodium_calcium_exchange_current_variable_x3":0.0087804148,"data_set_value_component_sodium_calcium_exchange_current_variable_x4":0.0326830849,"data_set_value_component_sodium_calcium_exchange_current_variable_k41":1.5210017455,"data_set_value_component_sodium_calcium_exchange_current_variable_k34":0.9677705042,"data_set_value_component_sodium_calcium_exchange_current_variable_k23":0.3559898419,"data_set_value_component_sodium_calcium_exchange_current_variable_k21":0.192024192,"data_set_value_component_sodium_calcium_exchange_current_variable_k32":0.6574614414,"data_set_value_component_sodium_calcium_exchange_current_variable_k43":0.220794435,"data_set_value_component_sodium_calcium_exchange_current_variable_k12":0.0049545397,"data_set_value_component_sodium_calcium_exchange_current_variable_k14":0.0471765904,"data_set_value_component_sodium_calcium_exchange_current_variable_Qci":0.1369,"data_set_value_component_sodium_calcium_exchange_current_variable_Qn":0.4315,"data_set_value_component_sodium_calcium_exchange_current_variable_Qco":0.0,"data_set_value_component_sodium_calcium_exchange_current_variable_K3ni":26.44,"data_set_value_component_sodium_calcium_exchange_current_variable_Kci":0.0207,"data_set_value_component_sodium_calcium_exchange_current_variable_K1ni":395.3,"data_set_value_component_sodium_calcium_exchange_current_variable_K2ni":2.289,"data_set_value_component_sodium_calcium_exchange_current_variable_Kcni":26.44,"data_set_value_component_sodium_calcium_exchange_current_variable_K3no":4.663,"data_set_value_component_sodium_calcium_exchange_current_variable_K1no":1628.0,"data_set_value_component_sodium_calcium_exchange_current_variable_K2no":561.4,"data_set_value_component_sodium_calcium_exchange_current_variable_Kco":3.663,"data_set_value_component_sodium_calcium_exchange_current_variable_do":2.8436776034,"data_set_value_component_sodium_calcium_exchange_current_variable_di":1.1094663681,"data_set_value_component_background_sodium_current_variable_i_bNa":-0.031234009,"data_set_value_component_background_sodium_current_variable_g_Nab":0.00024,"data_set_value_component_background_potassium_current_variable_i_bK":0.0142946419,"data_set_value_component_background_potassium_current_variable_KbK":0.00007,"data_set_value_component_sarcoplasmic_reticulum_kinetics_variable_i_up":0.0006257849,"data_set_value_component_sarcoplasmic_reticulum_kinetics_variable_i_tr":0.0034547382,"data_set_value_component_sarcoplasmic_reticulum_kinetics_variable_i_rel":0.0014958007,"data_set_value_component_sarcoplasmic_reticulum_kinetics_variable_V_rel":0.000000015,"data_set_value_component_sarcoplasmic_reticulum_kinetics_variable_V_up":0.000000035,"data_set_value_component_sarcoplasmic_reticulum_kinetics_variable_i_up_max":0.0212,"data_set_value_component_sarcoplasmic_reticulum_kinetics_variable_KmCaup":0.0005,"data_set_value_component_sarcoplasmic_reticulum_kinetics_variable_KmCarel":0.001,"data_set_value_component_sarcoplasmic_reticulum_kinetics_variable_tau_rel":0.005,"data_set_value_component_sarcoplasmic_reticulum_kinetics_variable_tau_tr":0.4,"data_set_value_component_ion_concentrations_variable_Cai":0.0000872009,"data_set_value_component_ion_concentrations_variable_Cao":2.0001990775,"data_set_value_component_ion_concentrations_variable_Caup":0.4774111316,"data_set_value_component_ion_concentrations_variable_Carel":0.3423806582,"data_set_value_component_ion_concentrations_variable_Nai":7.4919958544,"data_set_value_component_ion_concentrations_variable_Nao":140.018133977,"data_set_value_component_ion_concentrations_variable_Ki":140.0164936952,"data_set_value_component_ion_concentrations_variable_Ko":5.3794868278,"data_set_value_component_ion_concentrations_variable_V_i":0.0000025,"data_set_value_component_ion_concentrations_variable_V_e":0.0000005,"data_set_value_component_ion_concentrations_variable_tau_b":0.1,"data_set_value_component_ion_concentrations_variable_Nab":140.0,"data_set_value_component_ion_concentrations_variable_Cab":2.0,"data_set_value_component_ion_concentrations_variable_Kb":5.4},{"data_set_value_component_environment_variable_time":0.3,"data_set_value_component_constants_variable_R":8314.472,"data_set_value_component_constants_variable_T":310.0,"data_set_value_component_constants_variable_F":96485.3415,"data_set_value_component_membrane_variable_E":1.2823017854,"data_set_value_component_membrane_variable_C":0.000032,"data_set_value_component_membrane_variable_i_tot":0.0207035819,"data_set_value_component_reversal_potentials_variable_E_Ca":102.7553262228,"data_set_value_component_reversal_potentials_variable_E_Na":78.182465284,"data_set_value_component_reversal_potentials_variable_E_K":-86.9465162312,"data_set_value_component_L_type_calcium_current_variable_i_CaL":-0.0563113748,"data_set_value_component_L_type_calcium_current_variable_g_CaL":0.4,"data_set_value_component_L_type_calcium_current_d_gate_variable_dL":0.7980774953,"data_set_value_component_L_type_calcium_current_d_gate_variable_dL_infinity":0.7675071189,"data_set_value_component_L_type_calcium_current_d_gate_variable_tau_dL":0.002,"data_set_value_component_L_type_calcium_current_f_gate_variable_fL":0.0888262413,"data_set_value_component_L_type_calcium_current_f_gate_variable_fL_infinity":0.0123657286,"data_set_value_component_L_type_calcium_current_f_gate_variable_tau_fL":0.0391602708,"data_set_value_component_L_type_calcium_current_f2_gate_variable_fL2":0.0750146745,"data_set_value_component_L_type_calcium_current_f2_gate_variable_alpha_fL2":3.0,"data_set_value_component_L_type_calcium_current_f2_gate_variable_beta_fL2":40000.0,"data_set_value_component_T_type_calcium_current_variable_i_CaT":-0.0000189767,"data_set_value_component_T_type_calcium_current_variable_g_CaT":0.085,"data_set_value_component_T_type_calcium_current_d_gate_variable_dT":0.9831342,"data_set_value_component_T_type_calcium_current_d_gate_variable_dT_infinity":0.9816698033,"data_set_value_component_T_type_calcium_current_d_gate_variable_tau_dT":0.0008468767,"data_set_value_component_T_type_calcium_current_f_gate_variable_fT":0.000008578,"data_set_value_component_T_type_calcium_current_f_gate_variable_fT_infinity":0.0000095599,"data_set_value_component_T_type_calcium_current_f_gate_variable_tau_fT":0.0011981619,"data_set_value_component_fast_sodium_current_variable_i_Na":-0.0000016522,"data_set_value_component_fast_sodium_current_variable_g_Na":0.25,"data_set_value_component_fast_sodium_current_m_gate_variable_m":0.9998087813,"data_set_value_component_fast_sodium_current_m_gate_variable_alpha_m":7418.1119510609,"data_set_value_component_fast_sodium_current_m_gate_variable_beta_m":1.4403001838,"data_set_value_component_fast_sodium_current_h_gate_variable_h":0.000000086,"data_set_value_component_fast_sodium_current_h_gate_variable_alpha_h":0.0000567211,"data_set_value_component_fast_sodium_current_h_gate_variable_beta_h":564.866972561,"data_set_value_component_delayed_rectifying_potassium_current_variable_i_K":0.0698365775,"data_set_value_component_delayed_rectifying_potassium_current_variable_i_KK":0.0721958224,"data_set_value_component_delayed_rectifying_potassium_current_variable_i_KNa":-0.0023592449,"data_set_value_component_delayed_rectifying_potassium_current_variable_Kk":0.00026,"data_set_value_component_delayed_rectifying_potassium_current_variable_P_KNa":0.035,"data_set_value_component_delayed_rectifying_potassium_current_x_gate_variable_x":0.7609735818,"data_set_value_component_delayed_rectifying_potassium_current_x_gate_variable_x_infinity":0.9724864068,"data_set_value_component_delayed_rectifying_potassium_current_x_gate_variable_tau_x":0.0552859782,"data_set_value_component_hyperpolarising_activated_current_variable_i_f":0.0037398748,"data_set_value_component_hyperpolarising_activated_current_variable_i_fNa":-0.0040998678,"data_set_value_component_hyperpolarising_activated_current_variable_i_fK":0.0078397426,"data_set_value_component_hyperpolarising_activated_current_variable_Kmf":10.3,"data_set_value_component_hyperpolarising_activated_current_variable_g_fNa":0.0081,"data_set_value_component_hyperpolarising_activated_current_variable_g_fK":0.0135,"data_set_value_component_hyperpolarising_activated_current_y_gate_variable_y":0.0280151283,"data_set_value_component_hyperpolarising_activated_current_y_gate_variable_alpha_y":0.0051646695,"data_set_value_component_hyperpolarising_activated_current_y_gate_variable_beta_y":7.7582308303,"data_set_value_component_sodium_potassium_pump_variable_i_p":0.0290955861,"data_set_value_component_sodium_potassium_pump_variable_KmNa":40.0,"data_set_value_component_sodium_potassium_pump_variable_KmK":1.0,"data_set_value_component_sodium_potassium_pump_variable_i_pmax":0.226,"data_set_value_component_sodium_calcium_exchange_current_variable_i_NaCa":-0.026033773,"data_set_value_component_sodium_calcium_exchange_current_variable_kNaCa":4.0,"data_set_value_component_sodium_calcium_exchange_current_variable_x1":0.6405310201,"data_set_value_component_sodium_calcium_exchange_current_variable_x2":0.0945899389,"data_set_value_component_sodium_calcium_exchange_current_variable_x3":0.0165201805,"data_set_value_component_sodium_calcium_exchange_current_variable_x4":0.0487776189,"data_set_value_component_sodium_calcium_exchange_current_variable_k41":0.9896971088,"data_set_value_component_sodium_calcium_exchange_current_variable_k34":0.9677619361,"data_set_value_component_sodium_calcium_exchange_current_variable_k23":0.2315429983,"data_set_value_component_sodium_calcium_exchange_current_variable_k21":0.1919992815,"data_set_value_component_sodium_calcium_exchange_current_variable_k32":1.0104101458,"data_set_value_component_sodium_calcium_exchange_current_variable_k43":0.2209644923,"data_set_value_component_sodium_calcium_exchange_current_variable_k12":0.0364864146,"data_set_value_component_sodium_calcium_exchange_current_variable_k14":0.0672341963,"data_set_value_component_sodium_calcium_exchange_current_variable_Qci":0.1369,"data_set_value_component_sodium_calcium_exchange_current_variable_Qn":0.4315,"data_set_value_component_sodium_calcium_exchange_current_variable_Qco":0.0,"data_set_value_component_sodium_calcium_exchange_current_variable_K3ni":26.44,"data_set_value_component_sodium_calcium_exchange_current_variable_Kci":0.0207,"data_set_value_component_sodium_calcium_exchange_current_variable_K1ni":395.3,"data_set_value_component_sodium_calcium_exchange_current_variable_K2ni":2.289,"data_set_value_component_sodium_calcium_exchange_current_variable_Kcni":26.44,"data_set_value_component_sodium_calcium_exchange_current_variable_K3no":4.663,"data_set_value_component_sodium_calcium_exchange_current_variable_K1no":1628.0,"data_set_value_component_sodium_calcium_exchange_current_variable_K2no":561.4,"data_set_value_component_sodium_calcium_exchange_current_variable_Kco":3.663,"data_set_value_component_sodium_calcium_exchange_current_variable_do":2.8425289091,"data_set_value_component_sodium_calcium_exchange_current_variable_di":1.1990326203,"data_set_value_component_background_sodium_current_variable_i_bNa":-0.0184560392,"data_set_value_component_background_sodium_current_variable_g_Nab":0.00024,"data_set_value_component_background_potassium_current_variable_i_bK":0.0188533596,"data_set_value_component_background_potassium_current_variable_KbK":0.00007,"data_set_value_component_sarcoplasmic_reticulum_kinetics_variable_i_up":0.0162968884,"data_set_value_component_sarcoplasmic_reticulum_kinetics_variable_i_tr":0.0041953244,"data_set_value_component_sarcoplasmic_reticulum_kinetics_variable_i_rel":0.0036398868,"data_set_value_component_sarcoplasmic_reticulum_kinetics_variable_V_rel":0.000000015,"data_set_value_component_sarcoplasmic_reticulum_kinetics_variable_V_up":0.000000035,"data_set_value_component_sarcoplasmic_reticulum_kinetics_variable_i_up_max":0.0212,"data_set_value_component_sarcoplasmic_reticulum_kinetics_variable_KmCaup":0.0005,"data_set_value_component_sarcoplasmic_reticulum_kinetics_variable_KmCarel":0.001,"data_set_value_component_sarcoplasmic_reticulum_kinetics_variable_tau_rel":0.005,"data_set_value_component_sarcoplasmic_reticulum_kinetics_variable_tau_tr":0.4,"data_set_value_component_ion_concentrations_variable_Cai":0.0009115625,"data_set_value_component_ion_concentrations_variable_Cao":1.9991317301,"data_set_value_component_ion_concentrations_variable_Caup":0.5797529171,"data_set_value_component_ion_concentrations_variable_Carel":0.0138540885,"data_set_value_component_ion_concentrations_variable_Nai":7.4994029416,"data_set_value_component_ion_concentrations_variable_Nao":139.9796814089,"data_set_value_component_ion_concentrations_variable_Ki":140.0155733214,"data_set_value_component_ion_concentrations_variable_Ko":5.4032858455,"data_set_value_component_ion_concentrations_variable_V_i":0.0000025,"data_set_value_component_ion_concentrations_variable_V_e":0.0000005,"data_set_value_component_ion_concentrations_variable_tau_b":0.1,"data_set_value_component_ion_concentrations_variable_Nab":140.0,"data_set_value_component_ion_concentrations_variable_Cab":2.0,"data_set_value_component_ion_concentrations_variable_Kb":5.4},{"data_set_value_component_environment_variable_time":0.4,"data_set_value_component_constants_variable_R":8314.472,"data_set_value_component_constants_variable_T":310.0,"data_set_value_component_constants_variable_F":96485.3415,"data_set_value_component_membrane_variable_E":-64.5544021465,"data_set_value_component_membrane_variable_C":0.000032,"data_set_value_component_membrane_variable_i_tot":-0.001196098,"data_set_value_component_reversal_potentials_variable_E_Ca":145.8772540335,"data_set_value_component_reversal_potentials_variable_E_Na":78.1862595564,"data_set_value_component_reversal_potentials_variable_E_K":-86.8624367304,"data_set_value_component_L_type_calcium_current_variable_i_CaL":-0.0003314287,"data_set_value_component_L_type_calcium_current_variable_g_CaL":0.4,"data_set_value_component_L_type_calcium_current_d_gate_variable_dL":0.0001520213,"data_set_value_component_L_type_calcium_current_d_gate_variable_dL_infinity":0.0001536054,"data_set_value_component_L_type_calcium_current_d_gate_variable_tau_dL":0.002,"data_set_value_component_L_type_calcium_current_f_gate_variable_fL":0.1622641372,"data_set_value_component_L_type_calcium_current_f_gate_variable_fL_infinity":0.9986311306,"data_set_value_component_L_type_calcium_current_f_gate_variable_tau_fL":0.9963670874,"data_set_value_component_L_type_calcium_current_f2_gate_variable_fL2":0.2480178406,"data_set_value_component_L_type_calcium_current_f2_gate_variable_alpha_fL2":3.0,"data_set_value_component_L_type_calcium_current_f2_gate_variable_beta_fL2":40000.0,"data_set_value_component_T_type_calcium_current_variable_i_CaT":-0.0019303416,"data_set_value_component_T_type_calcium_current_variable_g_CaT":0.085,"data_set_value_component_T_type_calcium_current_d_gate_variable_dT":0.0010868872,"data_set_value_component_T_type_calcium_current_d_gate_variable_dT_infinity":0.0010990636,"data_set_value_component_T_type_calcium_current_d_gate_variable_tau_dT":0.0019859984,"data_set_value_component_T_type_calcium_current_f_gate_variable_fT":0.1542803389,"data_set_value_component_T_type_calcium_current_f_gate_variable_fT_infinity":0.1704181945,"data_set_value_component_T_type_calcium_current_f_gate_variable_tau_fT":0.0206435595,"data_set_value_component_fast_sodium_current_variable_i_Na":-0.0000012295,"data_set_value_component_fast_sodium_current_variable_g_Na":0.25,"data_set_value_component_fast_sodium_current_m_gate_variable_m":0.0149551191,"data_set_value_component_fast_sodium_current_m_gate_variable_alpha_m":425.3888545834,"data_set_value_component_fast_sodium_current_m_gate_variable_beta_m":28011.1281080899,"data_set_value_component_fast_sodium_current_h_gate_variable_h":0.0103004999,"data_set_value_component_fast_sodium_current_h_gate_variable_alpha_h":0.5710803983,"data_set_value_component_fast_sodium_current_h_gate_variable_beta_h":49.7381454532,"data_set_value_component_delayed_rectifying_potassium_current_variable_i_K":0.0089048372,"data_set_value_component_delayed_rectifying_potassium_current_variable_i_KK":0.0286726297,"data_set_value_component_delayed_rectifying_potassium_current_variable_i_KNa":-0.0197677926,"data_set_value_component_delayed_rectifying_potassium_current_variable_Kk":0.00026,"data_set_value_component_delayed_rectifying_potassium_current_variable_P_KNa":0.035,"data_set_value_component_delayed_rectifying_potassium_current_x_gate_variable_x":0.5132678766,"data_set_value_component_delayed_rectifying_potassium_current_x_gate_variable_x_infinity":0.0048126844,"data_set_value_component_delayed_rectifying_potassium_current_x_gate_variable_tau_x":0.1432910686,"data_set_value_component_hyperpolarising_activated_current_variable_i_f":-0.0063108333,"data_set_value_component_hyperpolarising_activated_current_variable_i_fNa":-0.0085336052,"data_set_value_component_hyperpolarising_activated_current_variable_i_fK":0.0022227719,"data_set_value_component_hyperpolarising_activated_current_variable_Kmf":10.3,"data_set_value_component_hyperpolarising_activated_current_variable_g_fNa":0.0081,"data_set_value_component_hyperpolarising_activated_current_variable_g_fK":0.0135,"data_set_value_component_hyperpolarising_activated_current_y_gate_variable_y":0.0312792848,"data_set_value_component_hyperpolarising_activated_current_y_gate_variable_alpha_y":0.211388461,"data_set_value_component_hyperpolarising_activated_current_y_gate_variable_beta_y":1.2834965726,"data_set_value_component_sodium_potassium_pump_variable_i_p":0.022726641,"data_set_value_component_sodium_potassium_pump_variable_KmNa":40.0,"data_set_value_component_sodium_potassium_pump_variable_KmK":1.0,"data_set_value_component_sodium_potassium_pump_variable_i_pmax":0.226,"data_set_value_component_sodium_calcium_exchange_current_variable_i_NaCa":-0.0010910043,"data_set_value_component_sodium_calcium_exchange_current_variable_kNaCa":4.0,"data_set_value_component_sodium_calcium_exchange_current_variable_x1":1.1726330469,"data_set_value_component_sodium_calcium_exchange_current_variable_x2":0.0117129965,"data_set_value_component_sodium_calcium_exchange_current_variable_x3":0.0072128299,"data_set_value_component_sodium_calcium_exchange_current_variable_x4":0.0300831523,"data_set_value_component_sodium_calcium_exchange_current_variable_k41":1.6843247083,"data_set_value_component_sodium_calcium_exchange_current_variable_k34":0.9677652436,"data_set_value_component_sodium_calcium_exchange_current_variable_k23":0.394052164,"data_set_value_component_sodium_calcium_exchange_current_variable_k21":0.1920588024,"data_set_value_component_sodium_calcium_exchange_current_variable_k32":0.5937097491,"data_set_value_component_sodium_calcium_exchange_current_variable_k43":0.2209582924,"data_set_value_component_sodium_calcium_exchange_current_variable_k12":0.0022025546,"data_set_value_component_sodium_calcium_exchange_current_variable_k14":0.0429261248,"data_set_value_component_sodium_calcium_exchange_current_variable_Qci":0.1369,"data_set_value_component_sodium_calcium_exchange_current_variable_Qn":0.4315,"data_set_value_component_sodium_calcium_exchange_current_variable_Qco":0.0,"data_set_value_component_sodium_calcium_exchange_current_variable_K3ni":26.44,"data_set_value_component_sodium_calcium_exchange_current_variable_Kci":0.0207,"data_set_value_component_sodium_calcium_exchange_current_variable_K1ni":395.3,"data_set_value_component_sodium_calcium_exchange_current_variable_K2ni":2.289,"data_set_value_component_sodium_calcium_exchange_current_variable_Kcni":26.44,"data_set_value_component_sodium_calcium_exchange_current_variable_K3no":4.663,"data_set_value_component_sodium_calcium_exchange_current_variable_K1no":1628.0,"data_set_value_component_sodium_calcium_exchange_current_variable_K2no":561.4,"data_set_value_component_sodium_calcium_exchange_current_variable_Kco":3.663,"data_set_value_component_sodium_calcium_exchange_current_variable_do":2.8434329224,"data_set_value_component_sodium_calcium_exchange_current_variable_di":1.1034210729,"data_set_value_component_background_sodium_current_variable_i_bNa":-0.0342577588,"data_set_value_component_background_sodium_current_variable_g_Nab":0.00024,"data_set_value_component_background_potassium_current_variable_i_bK":0.01109502,"data_set_value_component_background_potassium_current_variable_KbK":0.00007,"data_set_value_component_sarcoplasmic_reticulum_kinetics_variable_i_up":0.0001101695,"data_set_value_component_sarcoplasmic_reticulum_kinetics_variable_i_tr":0.0041465429,"data_set_value_component_sarcoplasmic_reticulum_kinetics_variable_i_rel":0.0000989471,"data_set_value_component_sarcoplasmic_reticulum_kinetics_variable_V_rel":0.000000015,"data_set_value_component_sarcoplasmic_reticulum_kinetics_variable_V_up":0.000000035,"data_set_value_component_sarcoplasmic_reticulum_kinetics_variable_i_up_max":0.0212,"data_set_value_component_sarcoplasmic_reticulum_kinetics_variable_KmCaup":0.0005,"data_set_value_component_sarcoplasmic_reticulum_kinetics_variable_KmCarel":0.001,"data_set_value_component_sarcoplasmic_reticulum_kinetics_variable_tau_rel":0.005,"data_set_value_component_sarcoplasmic_reticulum_kinetics_variable_tau_tr":0.4,"data_set_value_component_ion_concentrations_variable_Cai":0.000036138,"data_set_value_component_ion_concentrations_variable_Cao":2.0003874563,"data_set_value_component_ion_concentrations_variable_Caup":0.5730118008,"data_set_value_component_ion_concentrations_variable_Carel":0.1310475771,"data_set_value_component_ion_concentrations_variable_Nai":7.4991328368,"data_set_value_component_ion_concentrations_variable_Nao":139.9945224051,"data_set_value_component_ion_concentrations_variable_Ki":140.0076426338,"data_set_value_component_ion_concentrations_variable_Ko":5.4200120473,"data_set_value_component_ion_concentrations_variable_V_i":0.0000025,"data_set_value_component_ion_concentrations_variable_V_e":0.0000005,"data_set_value_component_ion_concentrations_variable_tau_b":0.1,"data_set_value_component_ion_concentrations_variable_Nab":140.0,"data_set_value_component_ion_concentrations_variable_Cab":2.0,"data_set_value_component_ion_concentrations_variable_Kb":5.4},{"data_set_value_component_environment_variable_time":0.5,"data_set_value_component_constants_variable_R":8314.472,"data_set_value_component_constants_variable_T":310.0,"data_set_value_component_constants_variable_F":96485.3415,"data_set_value_component_membrane_variable_E":-59.130460775,"data_set_value_component_membrane_variable_C":0.000032,"data_set_value_component_membrane_variable_i_tot":-0.0020010794,"data_set_value_component_reversal_potentials_variable_E_Ca":140.9980233815,"data_set_value_component_reversal_potentials_variable_E_Na":78.199504784,"data_set_value_component_reversal_potentials_variable_E_K":-86.9882263328,"data_set_value_component_L_type_calcium_current_variable_i_CaL":-0.0016348192,"data_set_value_component_L_type_calcium_current_variable_g_CaL":0.4,"data_set_value_component_L_type_calcium_current_d_gate_variable_dL":0.0003428742,"data_set_value_component_L_type_calcium_current_d_gate_variable_dL_infinity":0.0003493242,"data_set_value_component_L_type_calcium_current_d_gate_variable_tau_dL":0.002,"data_set_value_component_L_type_calcium_current_f_gate_variable_fL":0.243066353,"data_set_value_component_L_type_calcium_current_f_gate_variable_fL_infinity":0.996626449,"data_set_value_component_L_type_calcium_current_f_gate_variable_tau_fL":0.9655073505,"data_set_value_component_L_type_calcium_current_f2_gate_variable_fL2":0.3919168391,"data_set_value_component_L_type_calcium_current_f2_gate_variable_alpha_fL2":3.0,"data_set_value_component_L_type_calcium_current_f2_gate_variable_beta_fL2":40000.0,"data_set_value_component_T_type_calcium_current_variable_i_CaT":-0.0026779646,"data_set_value_component_T_type_calcium_current_variable_g_CaT":0.085,"data_set_value_component_T_type_calcium_current_d_gate_variable_dT":0.0026212522,"data_set_value_component_T_type_calcium_current_d_gate_variable_dT_infinity":0.0026699384,"data_set_value_component_T_type_calcium_current_d_gate_variable_tau_dT":0.0018250827,"data_set_value_component_T_type_calcium_current_f_gate_variable_fT":0.0960552081,"data_set_value_component_T_type_calcium_current_f_gate_variable_fT_infinity":0.0828320426,"data_set_value_component_T_type_calcium_current_f_gate_variable_tau_fT":0.0163887859,"data_set_value_component_fast_sodium_current_variable_i_Na":-0.000015839,"data_set_value_component_fast_sodium_current_variable_g_Na":0.25,"data_set_value_component_fast_sodium_current_m_gate_variable_m":0.0456974238,"data_set_value_component_fast_sodium_current_m_gate_variable_alpha_m":595.1645474008,"data_set_value_component_fast_sodium_current_m_gate_variable_beta_m":12416.306610571,"data_set_value_component_fast_sodium_current_h_gate_variable_h":0.0048344467,"data_set_value_component_fast_sodium_current_h_gate_variable_alpha_h":0.2672483057,"data_set_value_component_fast_sodium_current_h_gate_variable_beta_h":67.0596920764,"data_set_value_component_delayed_rectifying_potassium_current_variable_i_K":0.0088420153,"data_set_value_component_delayed_rectifying_potassium_current_variable_i_KK":0.017389247,"data_set_value_component_delayed_rectifying_potassium_current_variable_i_KNa":-0.0085472317,"data_set_value_component_delayed_rectifying_potassium_current_variable_Kk":0.00026,"data_set_value_component_delayed_rectifying_potassium_current_variable_P_KNa":0.035,"data_set_value_component_delayed_rectifying_potassium_current_x_gate_variable_x":0.2729076774,"data_set_value_component_delayed_rectifying_potassium_current_x_gate_variable_x_infinity":0.0099645109,"data_set_value_component_delayed_rectifying_potassium_current_x_gate_variable_tau_x":0.1688990708,"data_set_value_component_hyperpolarising_activated_current_variable_i_f":-0.0074749649,"data_set_value_component_hyperpolarising_activated_current_variable_i_fNa":-0.0112929884,"data_set_value_component_hyperpolarising_activated_current_variable_i_fK":0.0038180235,"data_set_value_component_hyperpolarising_activated_current_variable_Kmf":10.3,"data_set_value_component_hyperpolarising_activated_current_variable_g_fNa":0.0081,"data_set_value_component_hyperpolarising_activated_current_variable_g_fK":0.0135,"data_set_value_component_hyperpolarising_activated_current_y_gate_variable_y":0.0433073583,"data_set_value_component_hyperpolarising_activated_current_y_gate_variable_alpha_y":0.158340188,"data_set_value_component_hyperpolarising_activated_current_y_gate_variable_beta_y":1.7649083338,"data_set_value_component_sodium_potassium_pump_variable_i_p":0.0234491388,"data_set_value_component_sodium_potassium_pump_variable_KmNa":40.0,"data_set_value_component_sodium_potassium_pump_variable_KmK":1.0,"data_set_value_component_sodium_potassium_pump_variable_i_pmax":0.226,"data_set_value_component_sodium_calcium_exchange_current_variable_i_NaCa":-0.002195344,"data_set_value_component_sodium_calcium_exchange_current_variable_kNaCa":4.0,"data_set_value_component_sodium_calcium_exchange_current_variable_x1":1.1065402333,"data_set_value_component_sodium_calcium_exchange_current_variable_x2":0.0144394405,"data_set_value_component_sodium_calcium_exchange_current_variable_x3":0.0077558551,"data_set_value_component_sodium_calcium_exchange_current_variable_x4":0.0310983516,"data_set_value_component_sodium_calcium_exchange_current_variable_k41":1.6121343805,"data_set_value_component_sodium_calcium_exchange_current_variable_k34":0.9677683175,"data_set_value_component_sodium_calcium_exchange_current_variable_k23":0.3772640632,"data_set_value_component_sodium_calcium_exchange_current_variable_k21":0.1920306902,"data_set_value_component_sodium_calcium_exchange_current_variable_k32":0.6202956851,"data_set_value_component_sodium_calcium_exchange_current_variable_k43":0.2208899138,"data_set_value_component_sodium_calcium_exchange_current_variable_k12":0.0030811119,"data_set_value_component_sodium_calcium_exchange_current_variable_k14":0.0447323665,"data_set_value_component_sodium_calcium_exchange_current_variable_Qci":0.1369,"data_set_value_component_sodium_calcium_exchange_current_variable_Qn":0.4315,"data_set_value_component_sodium_calcium_exchange_current_variable_Qco":0.0,"data_set_value_component_sodium_calcium_exchange_current_variable_K3ni":26.44,"data_set_value_component_sodium_calcium_exchange_current_variable_Kci":0.0207,"data_set_value_component_sodium_calcium_exchange_current_variable_K1ni":395.3,"data_set_value_component_sodium_calcium_exchange_current_variable_K2ni":2.289,"data_set_value_component_sodium_calcium_exchange_current_variable_Kcni":26.44,"data_set_value_component_sodium_calcium_exchange_current_variable_K3no":4.663,"data_set_value_component_sodium_calcium_exchange_current_variable_K1no":1628.0,"data_set_value_component_sodium_calcium_exchange_current_variable_K2no":561.4,"data_set_value_component_sodium_calcium_exchange_current_variable_Kco":3.663,"data_set_value_component_sodium_calcium_exchange_current_variable_do":2.843503017,"data_set_value_component_sodium_calcium_exchange_current_variable_di":1.1053058583,"data_set_value_component_background_sodium_current_variable_i_bNa":-0.0329591917,"data_set_value_component_background_sodium_current_variable_g_Nab":0.00024,"data_set_value_component_background_potassium_current_variable_i_bK":0.0126658899,"data_set_value_component_background_potassium_current_variable_KbK":0.00007,"data_set_value_component_sarcoplasmic_reticulum_kinetics_variable_i_up":0.0002274194,"data_set_value_component_sarcoplasmic_reticulum_kinetics_variable_i_tr":0.0037418072,"data_set_value_component_sarcoplasmic_reticulum_kinetics_variable_i_rel":0.0004058078,"data_set_value_component_sarcoplasmic_reticulum_kinetics_variable_V_rel":0.000000015,"data_set_value_component_sarcoplasmic_reticulum_kinetics_variable_V_up":0.000000035,"data_set_value_component_sarcoplasmic_reticulum_kinetics_variable_i_up_max":0.0212,"data_set_value_component_sarcoplasmic_reticulum_kinetics_variable_KmCaup":0.0005,"data_set_value_component_sarcoplasmic_reticulum_kinetics_variable_KmCarel":0.001,"data_set_value_component_sarcoplasmic_reticulum_kinetics_variable_tau_rel":0.005,"data_set_value_component_sarcoplasmic_reticulum_kinetics_variable_tau_tr":0.4,"data_set_value_component_ion_concentrations_variable_Cai":0.0000520664,"data_set_value_component_ion_concentrations_variable_Cao":2.0001439589,"data_set_value_component_ion_concentrations_variable_Caup":0.5170812732,"data_set_value_component_ion_concentrations_variable_Carel":0.2592793169,"data_set_value_component_ion_concentrations_variable_Nai":7.4961541696,"data_set_value_component_ion_concentrations_variable_Nao":140.0083181388,"data_set_value_component_ion_concentrations_variable_Ki":140.0113362723,"data_set_value_component_ion_concentrations_variable_Ko":5.3946926372,"data_set_value_component_ion_concentrations_variable_V_i":0.0000025,"data_set_value_component_ion_concentrations_variable_V_e":0.0000005,"data_set_value_component_ion_concentrations_variable_tau_b":0.1,"data_set_value_component_ion_concentrations_variable_Nab":140.0,"data_set_value_component_ion_concentrations_variable_Cab":2.0,"data_set_value_component_ion_concentrations_variable_Kb":5.4},{"data_set_value_component_environment_variable_time":0.6,"data_set_value_component_constants_variable_R":8314.472,"data_set_value_component_constants_variable_T":310.0,"data_set_value_component_constants_variable_F":96485.3415,"data_set_value_component_membrane_variable_E":-49.5919789736,"data_set_value_component_membrane_variable_C":0.000032,"data_set_value_component_membrane_variable_i_tot":-0.0062046657,"data_set_value_component_reversal_potentials_variable_E_Ca":131.6718731,"data_set_value_component_reversal_potentials_variable_E_Na":78.219288141,"data_set_value_component_reversal_potentials_variable_E_K":-87.0745253149,"data_set_value_component_L_type_calcium_current_variable_i_CaL":-0.0084665961,"data_set_value_component_L_type_calcium_current_variable_g_CaL":0.4,"data_set_value_component_L_type_calcium_current_d_gate_variable_dL":0.0014025649,"data_set_value_component_L_type_calcium_current_d_gate_variable_dL_infinity":0.0014804373,"data_set_value_component_L_type_calcium_current_d_gate_variable_tau_dL":0.002,"data_set_value_component_L_type_calcium_current_f_gate_variable_fL":0.3199562112,"data_set_value_component_L_type_calcium_current_f_gate_variable_fL_infinity":0.9836760483,"data_set_value_component_L_type_calcium_current_f_gate_variable_tau_fL":0.8456467668,"data_set_value_component_L_type_calcium_current_f2_gate_variable_fL2":0.4438638614,"data_set_value_component_L_type_calcium_current_f2_gate_variable_alpha_fL2":3.0,"data_set_value_component_L_type_calcium_current_f2_gate_variable_beta_fL2":40000.0,"data_set_value_component_T_type_calcium_current_variable_i_CaT":-0.0029747562,"data_set_value_component_T_type_calcium_current_variable_g_CaT":0.085,"data_set_value_component_T_type_calcium_current_d_gate_variable_dT":0.0120528771,"data_set_value_component_T_type_calcium_current_d_gate_variable_dT_infinity":0.0126253754,"data_set_value_component_T_type_calcium_current_d_gate_variable_tau_dT":0.0015752776,"data_set_value_component_T_type_calcium_current_f_gate_variable_fT":0.027324748,"data_set_value_component_T_type_calcium_current_f_gate_variable_fT_infinity":0.0208424629,"data_set_value_component_T_type_calcium_current_f_gate_variable_tau_fT":0.0100287762,"data_set_value_component_fast_sodium_current_variable_i_Na":-0.0004723522,"data_set_value_component_fast_sodium_current_variable_g_Na":0.25,"data_set_value_component_fast_sodium_current_m_gate_variable_m":0.2562840285,"data_set_value_component_fast_sodium_current_m_gate_variable_alpha_m":1033.1947115042,"data_set_value_component_fast_sodium_current_m_gate_variable_beta_m":2969.0391671046,"data_set_value_component_fast_sodium_current_h_gate_variable_h":0.0008781974,"data_set_value_component_fast_sodium_current_h_gate_variable_alpha_h":0.0703013328,"data_set_value_component_fast_sodium_current_h_gate_variable_beta_h":110.7621541299,"data_set_value_component_delayed_rectifying_potassium_current_variable_i_K":0.0086709358,"data_set_value_component_delayed_rectifying_potassium_current_variable_i_KK":0.0122917183,"data_set_value_component_delayed_rectifying_potassium_current_variable_i_KNa":-0.0036207825,"data_set_value_component_delayed_rectifying_potassium_current_variable_Kk":0.00026,"data_set_value_component_delayed_rectifying_potassium_current_variable_P_KNa":0.035,"data_set_value_component_delayed_rectifying_potassium_current_x_gate_variable_x":0.1659367123,"data_set_value_component_delayed_rectifying_potassium_current_x_gate_variable_x_infinity":0.0352390031,"data_set_value_component_delayed_rectifying_potassium_current_x_gate_variable_tau_x":0.1996599788,"data_set_value_component_hyperpolarising_activated_current_variable_i_f":-0.0056736202,"data_set_value_component_hyperpolarising_activated_current_variable_i_fNa":-0.0110980813,"data_set_value_component_hyperpolarising_activated_current_variable_i_fK":0.0054244611,"data_set_value_component_hyperpolarising_activated_current_variable_Kmf":10.3,"data_set_value_component_hyperpolarising_activated_current_variable_g_fNa":0.0081,"data_set_value_component_hyperpolarising_activated_current_variable_g_fK":0.0135,"data_set_value_component_hyperpolarising_activated_current_y_gate_variable_y":0.0459342012,"data_set_value_component_hyperpolarising_activated_current_y_gate_variable_alpha_y":0.0943526556,"data_set_value_component_hyperpolarising_activated_current_y_gate_variable_beta_y":2.6806289909,"data_set_value_component_sodium_potassium_pump_variable_i_p":0.0246396942,"data_set_value_component_sodium_potassium_pump_variable_KmNa":40.0,"data_set_value_component_sodium_potassium_pump_variable_KmK":1.0,"data_set_value_component_sodium_potassium_pump_variable_i_pmax":0.226,"data_set_value_component_sodium_calcium_exchange_current_variable_i_NaCa":-0.0059862195,"data_set_value_component_sodium_calcium_exchange_current_variable_kNaCa":4.0,"data_set_value_component_sodium_calcium_exchange_current_variable_x1":1.0024386749,"data_set_value_component_sodium_calcium_exchange_current_variable_x2":0.0223009983,"data_set_value_component_sodium_calcium_exchange_current_variable_x3":0.0092444328,"data_set_value_component_sodium_calcium_exchange_current_variable_x4":0.0332883992,"data_set_value_component_sodium_calcium_exchange_current_variable_k41":1.4926047853,"data_set_value_component_sodium_calcium_exchange_current_variable_k34":0.9677706544,"data_set_value_component_sodium_calcium_exchange_current_variable_k23":0.3493440865,"data_set_value_component_sodium_calcium_exchange_current_variable_k21":0.1920263704,"data_set_value_component_sodium_calcium_exchange_current_variable_k32":0.6699697132,"data_set_value_component_sodium_calcium_exchange_current_variable_k43":0.220775379,"data_set_value_component_sodium_calcium_exchange_current_variable_k12":0.005865308,"data_set_value_component_sodium_calcium_exchange_current_variable_k14":0.0479722034,"data_set_value_component_sodium_calcium_exchange_current_variable_Qci":0.1369,"data_set_value_component_sodium_calcium_exchange_current_variable_Qn":0.4315,"data_set_value_component_sodium_calcium_exchange_current_variable_Qco":0.0,"data_set_value_component_sodium_calcium_exchange_current_variable_K3ni":26.44,"data_set_value_component_sodium_calcium_exchange_current_variable_Kci":0.0207,"data_set_value_component_sodium_calcium_exchange_current_variable_K1ni":395.3,"data_set_value_component_sodium_calcium_exchange_current_variable_K2ni":2.289,"data_set_value_component_sodium_calcium_exchange_current_variable_Kcni":26.44,"data_set_value_component_sodium_calcium_exchange_current_variable_K3no":4.663,"data_set_value_component_sodium_calcium_exchange_current_variable_K1no":1628.0,"data_set_value_component_sodium_calcium_exchange_current_variable_K2no":561.4,"data_set_value_component_sodium_calcium_exchange_current_variable_Kco":3.663,"data_set_value_component_sodium_calcium_exchange_current_variable_do":2.8437138304,"data_set_value_component_sodium_calcium_exchange_current_variable_di":1.1115501891,"data_set_value_component_background_sodium_current_variable_i_bNa":-0.0306747041,"data_set_value_component_background_sodium_current_variable_g_Nab":0.00024,"data_set_value_component_background_potassium_current_variable_i_bK":0.0147329526,"data_set_value_component_background_potassium_current_variable_KbK":0.00007,"data_set_value_component_sarcoplasmic_reticulum_kinetics_variable_i_up":0.000890027,"data_set_value_component_sarcoplasmic_reticulum_kinetics_variable_i_tr":0.0034046932,"data_set_value_component_sarcoplasmic_reticulum_kinetics_variable_i_rel":0.0021974249,"data_set_value_component_sarcoplasmic_reticulum_kinetics_variable_V_rel":0.000000015,"data_set_value_component_sarcoplasmic_reticulum_kinetics_variable_V_up":0.000000035,"data_set_value_component_sarcoplasmic_reticulum_kinetics_variable_i_up_max":0.0212,"data_set_value_component_sarcoplasmic_reticulum_kinetics_variable_KmCaup":0.0005,"data_set_value_component_sarcoplasmic_reticulum_kinetics_variable_KmCarel":0.001,"data_set_value_component_sarcoplasmic_reticulum_kinetics_variable_tau_rel":0.005,"data_set_value_component_sarcoplasmic_reticulum_kinetics_variable_tau_tr":0.4,"data_set_value_component_ion_concentrations_variable_Cai":0.0001046687,"data_set_value_component_ion_concentrations_variable_Cao":2.0002472497,"data_set_value_component_ion_concentrations_variable_Caup":0.4704953964,"data_set_value_component_ion_concentrations_variable_Carel":0.3502673707,"data_set_value_component_ion_concentrations_variable_Nai":7.491166041,"data_set_value_component_ion_concentrations_variable_Nao":140.018808165,"data_set_value_component_ion_concentrations_variable_Ki":140.0176971445,"data_set_value_component_ion_concentrations_variable_Ko":5.3775374628,"data_set_value_component_ion_concentrations_variable_V_i":0.0000025,"data_set_value_component_ion_concentrations_variable_V_e":0.0000005,"data_set_value_component_ion_concentrations_variable_tau_b":0.1,"data_set_value_component_ion_concentrations_variable_Nab":140.0,"data_set_value_component_ion_concentrations_variable_Cab":2.0,"data_set_value_component_ion_concentrations_variable_Kb":5.4},{"data_set_value_component_environment_variable_time":0.7,"data_set_value_component_constants_variable_R":8314.472,"data_set_value_component_constants_variable_T":310.0,"data_set_value_component_constants_variable_F":96485.3415,"data_set_value_component_membrane_variable_E":-9.8388834814,"data_set_value_component_membrane_variable_C":0.000032,"data_set_value_component_membrane_variable_i_tot":0.0300416634,"data_set_value_component_reversal_potentials_variable_E_Ca":107.7193027595,"data_set_value_component_reversal_potentials_variable_E_Na":78.1795222084,"data_set_value_component_reversal_potentials_variable_E_K":-86.8905106168,"data_set_value_component_L_type_calcium_current_variable_i_CaL":-0.0449356298,"data_set_value_component_L_type_calcium_current_variable_g_CaL":0.4,"data_set_value_component_L_type_calcium_current_d_gate_variable_dL":0.4445184455,"data_set_value_component_L_type_calcium_current_d_gate_variable_dL_infinity":0.3797192766,"data_set_value_component_L_type_calcium_current_d_gate_variable_tau_dL":0.002,"data_set_value_component_L_type_calcium_current_f_gate_variable_fL":0.0736521097,"data_set_value_component_L_type_calcium_current_f_gate_variable_fL_infinity":0.0739970116,"data_set_value_component_L_type_calcium_current_f_gate_variable_tau_fL":0.0624531312,"data_set_value_component_L_type_calcium_current_f2_gate_variable_fL2":0.0806255616,"data_set_value_component_L_type_calcium_current_f2_gate_variable_alpha_fL2":3.0,"data_set_value_component_L_type_calcium_current_f2_gate_variable_beta_fL2":40000.0,"data_set_value_component_T_type_calcium_current_variable_i_CaT":-0.0001414832,"data_set_value_component_T_type_calcium_current_variable_g_CaT":0.085,"data_set_value_component_T_type_calcium_current_d_gate_variable_dT":0.9079919839,"data_set_value_component_T_type_calcium_current_d_gate_variable_dT_infinity":0.896373128,"data_set_value_component_T_type_calcium_current_d_gate_variable_tau_dT":0.0009385192,"data_set_value_component_T_type_calcium_current_f_gate_variable_fT":0.0000430746,"data_set_value_component_T_type_calcium_current_f_gate_variable_fT_infinity":0.0000515505,"data_set_value_component_T_type_calcium_current_f_gate_variable_tau_fT":0.0014789988,"data_set_value_component_fast_sodium_current_variable_i_Na":-0.0000096485,"data_set_value_component_fast_sodium_current_variable_g_Na":0.25,"data_set_value_component_fast_sodium_current_m_gate_variable_m":0.9986542355,"data_set_value_component_fast_sodium_current_m_gate_variable_alpha_m":5500.8173690481,"data_set_value_component_fast_sodium_current_m_gate_variable_beta_m":7.6371870092,"data_set_value_component_fast_sodium_current_h_gate_variable_h":0.0000004403,"data_set_value_component_fast_sodium_current_h_gate_variable_alpha_h":0.000269108,"data_set_value_component_fast_sodium_current_h_gate_variable_beta_h":473.5222488948,"data_set_value_component_delayed_rectifying_potassium_current_variable_i_K":0.0703206154,"data_set_value_component_delayed_rectifying_potassium_current_variable_i_KK":0.0741450485,"data_set_value_component_delayed_rectifying_potassium_current_variable_i_KNa":-0.0038244331,"data_set_value_component_delayed_rectifying_potassium_current_variable_Kk":0.00026,"data_set_value_component_delayed_rectifying_potassium_current_variable_P_KNa":0.035,"data_set_value_component_delayed_rectifying_potassium_current_x_gate_variable_x":0.7963732052,"data_set_value_component_delayed_rectifying_potassium_current_x_gate_variable_x_infinity":0.8871858831,"data_set_value_component_delayed_rectifying_potassium_current_x_gate_variable_tau_x":0.0844579643,"data_set_value_component_hyperpolarising_activated_current_variable_i_f":0.001954236,"data_set_value_component_hyperpolarising_activated_current_variable_i_fNa":-0.0042575394,"data_set_value_component_hyperpolarising_activated_current_variable_i_fK":0.0062117753,"data_set_value_component_hyperpolarising_activated_current_variable_Kmf":10.3,"data_set_value_component_hyperpolarising_activated_current_variable_g_fNa":0.0081,"data_set_value_component_hyperpolarising_activated_current_variable_g_fK":0.0135,"data_set_value_component_hyperpolarising_activated_current_y_gate_variable_y":0.0253437629,"data_set_value_component_hyperpolarising_activated_current_y_gate_variable_alpha_y":0.0099007616,"data_set_value_component_hyperpolarising_activated_current_y_gate_variable_beta_y":6.6461174221,"data_set_value_component_sodium_potassium_pump_variable_i_p":0.0284411488,"data_set_value_component_sodium_potassium_pump_variable_KmNa":40.0,"data_set_value_component_sodium_potassium_pump_variable_KmK":1.0,"data_set_value_component_sodium_potassium_pump_variable_i_pmax":0.226,"data_set_value_component_sodium_calcium_exchange_current_variable_i_NaCa":-0.0229579383,"data_set_value_component_sodium_calcium_exchange_current_variable_kNaCa":4.0,"data_set_value_component_sodium_calcium_exchange_current_variable_x1":0.6977564397,"data_set_value_component_sodium_calcium_exchange_current_variable_x2":0.0743438549,"data_set_value_component_sodium_calcium_exchange_current_variable_x3":0.0152168517,"data_set_value_component_sodium_calcium_exchange_current_variable_x4":0.0450222251,"data_set_value_component_sodium_calcium_exchange_current_variable_k41":1.0827048319,"data_set_value_component_sodium_calcium_exchange_current_variable_k34":0.96776161,"data_set_value_component_sodium_calcium_exchange_current_variable_k23":0.2533050978,"data_set_value_component_sodium_calcium_exchange_current_variable_k21":0.1919903184,"data_set_value_component_sodium_calcium_exchange_current_variable_k32":0.9236127618,"data_set_value_component_sodium_calcium_exchange_current_variable_k43":0.2209816579,"data_set_value_component_sodium_calcium_exchange_current_variable_k12":0.027302506,"data_set_value_component_sodium_calcium_exchange_current_variable_k14":0.0630142255,"data_set_value_component_sodium_calcium_exchange_current_variable_Qci":0.1369,"data_set_value_component_sodium_calcium_exchange_current_variable_Qn":0.4315,"data_set_value_component_sodium_calcium_exchange_current_variable_Qco":0.0,"data_set_value_component_sodium_calcium_exchange_current_variable_K3ni":26.44,"data_set_value_component_sodium_calcium_exchange_current_variable_Kci":0.0207,"data_set_value_component_sodium_calcium_exchange_current_variable_K1ni":395.3,"data_set_value_component_sodium_calcium_exchange_current_variable_K2ni":2.289,"data_set_value_component_sodium_calcium_exchange_current_variable_Kcni":26.44,"data_set_value_component_sodium_calcium_exchange_current_variable_K3no":4.663,"data_set_value_component_sodium_calcium_exchange_current_variable_K1no":1628.0,"data_set_value_component_sodium_calcium_exchange_current_variable_K2no":561.4,"data_set_value_component_sodium_calcium_exchange_current_variable_Kco":3.663,"data_set_value_component_sodium_calcium_exchange_current_variable_do":2.8424112387,"data_set_value_component_sodium_calcium_exchange_current_variable_di":1.1696906597,"data_set_value_component_background_sodium_current_variable_i_bNa":-0.0211244174,"data_set_value_component_background_sodium_current_variable_g_Nab":0.00024,"data_set_value_component_background_potassium_current_variable_i_bK":0.0184947805,"data_set_value_component_background_potassium_current_variable_KbK":0.00007,"data_set_value_component_sarcoplasmic_reticulum_kinetics_variable_i_up":0.0129840494,"data_set_value_component_sarcoplasmic_reticulum_kinetics_variable_i_tr":0.004353026,"data_set_value_component_sarcoplasmic_reticulum_kinetics_variable_i_rel":0.0030043754,"data_set_value_component_sarcoplasmic_reticulum_kinetics_variable_V_rel":0.000000015,"data_set_value_component_sarcoplasmic_reticulum_kinetics_variable_V_up":0.000000035,"data_set_value_component_sarcoplasmic_reticulum_kinetics_variable_i_up_max":0.0212,"data_set_value_component_sarcoplasmic_reticulum_kinetics_variable_KmCaup":0.0005,"data_set_value_component_sarcoplasmic_reticulum_kinetics_variable_KmCarel":0.001,"data_set_value_component_sarcoplasmic_reticulum_kinetics_variable_tau_rel":0.005,"data_set_value_component_sarcoplasmic_reticulum_kinetics_variable_tau_tr":0.4,"data_set_value_component_ion_concentrations_variable_Cai":0.0006285592,"data_set_value_component_ion_concentrations_variable_Cao":1.9989556523,"data_set_value_component_ion_concentrations_variable_Caup":0.6015457428,"data_set_value_component_ion_concentrations_variable_Carel":0.0183252721,"data_set_value_component_ion_concentrations_variable_Nai":7.5001507914,"data_set_value_component_ion_concentrations_variable_Nao":139.9782179983,"data_set_value_component_ion_concentrations_variable_Ki":140.0132522592,"data_set_value_component_ion_concentrations_variable_Ko":5.4145360015,"data_set_value_component_ion_concentrations_variable_V_i":0.0000025,"data_set_value_component_ion_concentrations_variable_V_e":0.0000005,"data_set_value_component_ion_concentrations_variable_tau_b":0.1,"data_set_value_component_ion_concentrations_variable_Nab":140.0,"data_set_value_component_ion_concentrations_variable_Cab":2.0,"data_set_value_component_ion_concentrations_variable_Kb":5.4},{"data_set_value_component_environment_variable_time":0.8,"data_set_value_component_constants_variable_R":8314.472,"data_set_value_component_constants_variable_T":310.0,"data_set_value_component_constants_variable_F":96485.3415,"data_set_value_component_membrane_variable_E":-63.9122529902,"data_set_value_component_membrane_variable_C":0.000032,"data_set_value_component_membrane_variable_i_tot":-0.0015547938,"data_set_value_component_reversal_potentials_variable_E_Ca":145.1135025929,"data_set_value_component_reversal_potentials_variable_E_Na":78.1878264829,"data_set_value_component_reversal_potentials_variable_E_K":-86.8821189358,"data_set_value_component_L_type_calcium_current_variable_i_CaL":-0.0004284055,"data_set_value_component_L_type_calcium_current_variable_g_CaL":0.4,"data_set_value_component_L_type_calcium_current_d_gate_variable_dL":0.0001668923,"data_set_value_component_L_type_calcium_current_d_gate_variable_dL_infinity":0.000169299,"data_set_value_component_L_type_calcium_current_d_gate_variable_tau_dL":0.002,"data_set_value_component_L_type_calcium_current_f_gate_variable_fL":0.1743727352,"data_set_value_component_L_type_calcium_current_f_gate_variable_fL_infinity":0.9984767361,"data_set_value_component_L_type_calcium_current_f_gate_variable_tau_fL":0.9936165226,"data_set_value_component_L_type_calcium_current_f2_gate_variable_fL2":0.2745946332,"data_set_value_component_L_type_calcium_current_f2_gate_variable_alpha_fL2":3.0,"data_set_value_component_L_type_calcium_current_f2_gate_variable_beta_fL2":40000.0,"data_set_value_component_T_type_calcium_current_variable_i_CaT":-0.0021749057,"data_set_value_component_T_type_calcium_current_variable_g_CaT":0.085,"data_set_value_component_T_type_calcium_current_d_gate_variable_dT":0.0012024631,"data_set_value_component_T_type_calcium_current_d_gate_variable_dT_infinity":0.0012209227,"data_set_value_component_T_type_calcium_current_d_gate_variable_tau_dT":0.0019662442,"data_set_value_component_T_type_calcium_current_f_gate_variable_fT":0.1587674543,"data_set_value_component_T_type_calcium_current_f_gate_variable_fT_infinity":0.1571005447,"data_set_value_component_T_type_calcium_current_f_gate_variable_tau_fT":0.0201303511,"data_set_value_component_fast_sodium_current_variable_i_Na":-0.0000018614,"data_set_value_component_fast_sodium_current_variable_g_Na":0.25,"data_set_value_component_fast_sodium_current_m_gate_variable_m":0.0171089053,"data_set_value_component_fast_sodium_current_m_gate_variable_alpha_m":442.9846507951,"data_set_value_component_fast_sodium_current_m_gate_variable_beta_m":25438.8997880688,"data_set_value_component_fast_sodium_current_h_gate_variable_h":0.0104626666,"data_set_value_component_fast_sodium_current_h_gate_variable_alpha_h":0.5219799204,"data_set_value_component_fast_sodium_current_h_gate_variable_beta_h":51.5498470517,"data_set_value_component_delayed_rectifying_potassium_current_variable_i_K":0.0089715121,"data_set_value_component_delayed_rectifying_potassium_current_variable_i_KK":0.0264331145,"data_set_value_component_delayed_rectifying_potassium_current_variable_i_KNa":-0.0174616024,"data_set_value_component_delayed_rectifying_potassium_current_variable_Kk":0.00026,"data_set_value_component_delayed_rectifying_potassium_current_variable_P_KNa":0.035,"data_set_value_component_delayed_rectifying_potassium_current_x_gate_variable_x":0.4646683951,"data_set_value_component_delayed_rectifying_potassium_current_x_gate_variable_x_infinity":0.0052466812,"data_set_value_component_delayed_rectifying_potassium_current_x_gate_variable_tau_x":0.1464212745,"data_set_value_component_hyperpolarising_activated_current_variable_i_f":-0.0066622531,"data_set_value_component_hyperpolarising_activated_current_variable_i_fNa":-0.0091189976,"data_set_value_component_hyperpolarising_activated_current_variable_i_fK":0.0024567445,"data_set_value_component_hyperpolarising_activated_current_variable_Kmf":10.3,"data_set_value_component_hyperpolarising_activated_current_variable_g_fNa":0.0081,"data_set_value_component_hyperpolarising_activated_current_variable_g_fK":0.0135,"data_set_value_component_hyperpolarising_activated_current_y_gate_variable_y":0.0336101313,"data_set_value_component_hyperpolarising_activated_current_y_gate_variable_alpha_y":0.2043250065,"data_set_value_component_hyperpolarising_activated_current_y_gate_variable_beta_y":1.3380119352,"data_set_value_component_sodium_potassium_pump_variable_i_p":0.0228137052,"data_set_value_component_sodium_potassium_pump_variable_KmNa":40.0,"data_set_value_component_sodium_potassium_pump_variable_KmK":1.0,"data_set_value_component_sodium_potassium_pump_variable_i_pmax":0.226,"data_set_value_component_sodium_calcium_exchange_current_variable_i_NaCa":-0.0012682735,"data_set_value_component_sodium_calcium_exchange_current_variable_kNaCa":4.0,"data_set_value_component_sodium_calcium_exchange_current_variable_x1":1.1645256271,"data_set_value_component_sodium_calcium_exchange_current_variable_x2":0.0120865949,"data_set_value_component_sodium_calcium_exchange_current_variable_x3":0.0072945052,"data_set_value_component_sodium_calcium_exchange_current_variable_x4":0.0302077747,"data_set_value_component_sodium_calcium_exchange_current_variable_k41":1.6756120271,"data_set_value_component_sodium_calcium_exchange_current_variable_k34":0.9677656076,"data_set_value_component_sodium_calcium_exchange_current_variable_k23":0.3920289537,"data_set_value_component_sodium_calcium_exchange_current_variable_k21":0.1920533428,"data_set_value_component_sodium_calcium_exchange_current_variable_k32":0.5967968622,"data_set_value_component_sodium_calcium_exchange_current_variable_k43":0.2209502043,"data_set_value_component_sodium_calcium_exchange_current_variable_k12":0.002323889,"data_set_value_component_sodium_calcium_exchange_current_variable_k14":0.0431347771,"data_set_value_component_sodium_calcium_exchange_current_variable_Qci":0.1369,"data_set_value_component_sodium_calcium_exchange_current_variable_Qn":0.4315,"data_set_value_component_sodium_calcium_exchange_current_variable_Qco":0.0,"data_set_value_component_sodium_calcium_exchange_current_variable_K3ni":26.44,"data_set_value_component_sodium_calcium_exchange_current_variable_Kci":0.0207,"data_set_value_component_sodium_calcium_exchange_current_variable_K1ni":395.3,"data_set_value_component_sodium_calcium_exchange_current_variable_K2ni":2.289,"data_set_value_component_sodium_calcium_exchange_current_variable_Kcni":26.44,"data_set_value_component_sodium_calcium_exchange_current_variable_K3no":4.663,"data_set_value_component_sodium_calcium_exchange_current_variable_K1no":1628.0,"data_set_value_component_sodium_calcium_exchange_current_variable_K2no":561.4,"data_set_value_component_sodium_calcium_exchange_current_variable_Kco":3.663,"data_set_value_component_sodium_calcium_exchange_current_variable_do":2.8434215447,"data_set_value_component_sodium_calcium_exchange_current_variable_di":1.1036781081,"data_set_value_component_background_sodium_current_variable_i_bNa":-0.0341040191,"data_set_value_component_background_sodium_current_variable_g_Nab":0.00024,"data_set_value_component_background_potassium_current_variable_i_bK":0.0112997071,"data_set_value_component_background_potassium_current_variable_KbK":0.00007,"data_set_value_component_sarcoplasmic_reticulum_kinetics_variable_i_up":0.0001234316,"data_set_value_component_sarcoplasmic_reticulum_kinetics_variable_i_tr":0.0040773231,"data_set_value_component_sarcoplasmic_reticulum_kinetics_variable_i_rel":0.0001277162,"data_set_value_component_sarcoplasmic_reticulum_kinetics_variable_V_rel":0.000000015,"data_set_value_component_sarcoplasmic_reticulum_kinetics_variable_V_up":0.000000035,"data_set_value_component_sarcoplasmic_reticulum_kinetics_variable_i_up_max":0.0212,"data_set_value_component_sarcoplasmic_reticulum_kinetics_variable_KmCaup":0.0005,"data_set_value_component_sarcoplasmic_reticulum_kinetics_variable_KmCarel":0.001,"data_set_value_component_sarcoplasmic_reticulum_kinetics_variable_tau_rel":0.005,"data_set_value_component_sarcoplasmic_reticulum_kinetics_variable_tau_tr":0.4,"data_set_value_component_ion_concentrations_variable_Cai":0.0000382634,"data_set_value_component_ion_concentrations_variable_Cao":2.000322588,"data_set_value_component_ion_concentrations_variable_Caup":0.5634462863,"data_set_value_component_ion_concentrations_variable_Carel":0.1509045852,"data_set_value_component_ion_concentrations_variable_Nai":7.4987804791,"data_set_value_component_ion_concentrations_variable_Nao":139.9961559548,"data_set_value_component_ion_concentrations_variable_Ki":140.0081054802,"data_set_value_component_ion_concentrations_variable_Ko":5.4160380579,"data_set_value_component_ion_concentrations_variable_V_i":0.0000025,"data_set_value_component_ion_concentrations_variable_V_e":0.0000005,"data_set_value_component_ion_concentrations_variable_tau_b":0.1,"data_set_value_component_ion_concentrations_variable_Nab":140.0,"data_set_value_component_ion_concentrations_variable_Cab":2.0,"data_set_value_component_ion_concentrations_variable_Kb":5.4},{"data_set_value_component_environment_variable_time":0.9,"data_set_value_component_constants_variable_R":8314.472,"data_set_value_component_constants_variable_T":310.0,"data_set_value_component_constants_variable_F":96485.3415,"data_set_value_component_membrane_variable_E":-58.1917026364,"data_set_value_component_membrane_variable_C":0.000032,"data_set_value_component_membrane_variable_i_tot":-0.0021246751,"data_set_value_component_reversal_potentials_variable_E_Ca":140.1847979828,"data_set_value_component_reversal_potentials_variable_E_Na":78.2028984308,"data_set_value_component_reversal_potentials_variable_E_K":-87.0035562075,"data_set_value_component_L_type_calcium_current_variable_i_CaL":-0.002010591,"data_set_value_component_L_type_calcium_current_variable_g_CaL":0.4,"data_set_value_component_L_type_calcium_current_d_gate_variable_dL":0.000394825,"data_set_value_component_L_type_calcium_current_d_gate_variable_dL_infinity":0.0004026965,"data_set_value_component_L_type_calcium_current_d_gate_variable_tau_dL":0.002,"data_set_value_component_L_type_calcium_current_f_gate_variable_fL":0.2543484096,"data_set_value_component_L_type_calcium_current_f_gate_variable_fL_infinity":0.9960573449,"data_set_value_component_L_type_calcium_current_f_gate_variable_tau_fL":0.958046773,"data_set_value_component_L_type_calcium_current_f2_gate_variable_fL2":0.4056930824,"data_set_value_component_L_type_calcium_current_f2_gate_variable_alpha_fL2":3.0,"data_set_value_component_L_type_calcium_current_f2_gate_variable_beta_fL2":40000.0,"data_set_value_component_T_type_calcium_current_variable_i_CaT":-0.002709348,"data_set_value_component_T_type_calcium_current_variable_g_CaT":0.085,"data_set_value_component_T_type_calcium_current_d_gate_variable_dT":0.0030535159,"data_set_value_component_T_type_calcium_current_d_gate_variable_dT_infinity":0.0031127485,"data_set_value_component_T_type_calcium_current_d_gate_variable_tau_dT":0.0017986137,"data_set_value_component_T_type_calcium_current_f_gate_variable_fT":0.084608352,"data_set_value_component_T_type_calcium_current_f_gate_variable_fT_infinity":0.0726477057,"data_set_value_component_T_type_calcium_current_f_gate_variable_tau_fT":0.0156841334,"data_set_value_component_fast_sodium_current_variable_i_Na":-0.0000230311,"data_set_value_component_fast_sodium_current_variable_g_Na":0.25,"data_set_value_component_fast_sodium_current_m_gate_variable_m":0.055108003,"data_set_value_component_fast_sodium_current_m_gate_variable_alpha_m":629.8036043457,"data_set_value_component_fast_sodium_current_m_gate_variable_beta_m":10785.4384978376,"data_set_value_component_fast_sodium_current_h_gate_variable_h":0.0040358316,"data_set_value_component_fast_sodium_current_h_gate_variable_alpha_h":0.2343350833,"data_set_value_component_fast_sodium_current_h_gate_variable_beta_h":70.5585771238,"data_set_value_component_delayed_rectifying_potassium_current_variable_i_K":0.0087255559,"data_set_value_component_delayed_rectifying_potassium_current_variable_i_KK":0.0163266715,"data_set_value_component_delayed_rectifying_potassium_current_variable_i_KNa":-0.0076011156,"data_set_value_component_delayed_rectifying_potassium_current_variable_Kk":0.00026,"data_set_value_component_delayed_rectifying_potassium_current_variable_P_KNa":0.035,"data_set_value_component_delayed_rectifying_potassium_current_x_gate_variable_x":0.2515123437,"data_set_value_component_delayed_rectifying_potassium_current_x_gate_variable_x_infinity":0.0112970566,"data_set_value_component_delayed_rectifying_potassium_current_x_gate_variable_tau_x":0.1729816865,"data_set_value_component_hyperpolarising_activated_current_variable_i_f":-0.0074310747,"data_set_value_component_hyperpolarising_activated_current_variable_i_fNa":-0.0114688571,"data_set_value_component_hyperpolarising_activated_current_variable_i_fK":0.0040377824,"data_set_value_component_hyperpolarising_activated_current_variable_Kmf":10.3,"data_set_value_component_hyperpolarising_activated_current_variable_g_fNa":0.0081,"data_set_value_component_hyperpolarising_activated_current_variable_g_fK":0.0135,"data_set_value_component_hyperpolarising_activated_current_y_gate_variable_y":0.0443185897,"data_set_value_component_hyperpolarising_activated_current_y_gate_variable_alpha_y":0.150552857,"data_set_value_component_hyperpolarising_activated_current_y_gate_variable_beta_y":1.8521502931,"data_set_value_component_sodium_potassium_pump_variable_i_p":0.0235700162,"data_set_value_component_sodium_potassium_pump_variable_KmNa":40.0,"data_set_value_component_sodium_potassium_pump_variable_KmK":1.0,"data_set_value_component_sodium_potassium_pump_variable_i_pmax":0.226,"data_set_value_component_sodium_calcium_exchange_current_variable_i_NaCa":-0.0024163594,"data_set_value_component_sodium_calcium_exchange_current_variable_kNaCa":4.0,"data_set_value_component_sodium_calcium_exchange_current_variable_x1":1.0956309872,"data_set_value_component_sodium_calcium_exchange_current_variable_x2":0.014970114,"data_set_value_component_sodium_calcium_exchange_current_variable_x3":0.0078568714,"data_set_value_component_sodium_calcium_exchange_current_variable_x4":0.0312811671,"data_set_value_component_sodium_calcium_exchange_current_variable_k41":1.5999577981,"data_set_value_component_sodium_calcium_exchange_current_variable_k34":0.9677687731,"data_set_value_component_sodium_calcium_exchange_current_variable_k23":0.3744273378,"data_set_value_component_sodium_calcium_exchange_current_variable_k21":0.1920282346,"data_set_value_component_sodium_calcium_exchange_current_variable_k32":0.6250164856,"data_set_value_component_sodium_calcium_exchange_current_variable_k43":0.2208705653,"data_set_value_component_sodium_calcium_exchange_current_variable_k12":0.0032576938,"data_set_value_component_sodium_calcium_exchange_current_variable_k14":0.0450461899,"data_set_value_component_sodium_calcium_exchange_current_variable_Qci":0.1369,"data_set_value_component_sodium_calcium_exchange_current_variable_Qn":0.4315,"data_set_value_component_sodium_calcium_exchange_current_variable_Qco":0.0,"data_set_value_component_sodium_calcium_exchange_current_variable_K3ni":26.44,"data_set_value_component_sodium_calcium_exchange_current_variable_Kci":0.0207,"data_set_value_component_sodium_calcium_exchange_current_variable_K1ni":395.3,"data_set_value_component_sodium_calcium_exchange_current_variable_K2ni":2.289,"data_set_value_component_sodium_calcium_exchange_current_variable_Kcni":26.44,"data_set_value_component_sodium_calcium_exchange_current_variable_K3no":4.663,"data_set_value_component_sodium_calcium_exchange_current_variable_K1no":1628.0,"data_set_value_component_sodium_calcium_exchange_current_variable_K2no":561.4,"data_set_value_component_sodium_calcium_exchange_current_variable_Kco":3.663,"data_set_value_component_sodium_calcium_exchange_current_variable_do":2.8435292163,"data_set_value_component_sodium_calcium_exchange_current_variable_di":1.1056828002,"data_set_value_component_background_sodium_current_variable_i_bNa":-0.0327347043,"data_set_value_component_background_sodium_current_variable_g_Nab":0.00024,"data_set_value_component_background_potassium_current_variable_i_bK":0.0129048612,"data_set_value_component_background_potassium_current_variable_KbK":0.00007,"data_set_value_component_sarcoplasmic_reticulum_kinetics_variable_i_up":0.0002565105,"data_set_value_component_sarcoplasmic_reticulum_kinetics_variable_i_tr":0.0036814776,"data_set_value_component_sarcoplasmic_reticulum_kinetics_variable_i_rel":0.0004864061,"data_set_value_component_sarcoplasmic_reticulum_kinetics_variable_V_rel":0.000000015,"data_set_value_component_sarcoplasmic_reticulum_kinetics_variable_V_up":0.000000035,"data_set_value_component_sarcoplasmic_reticulum_kinetics_variable_i_up_max":0.0212,"data_set_value_component_sarcoplasmic_reticulum_kinetics_variable_KmCaup":0.0005,"data_set_value_component_sarcoplasmic_reticulum_kinetics_variable_KmCarel":0.001,"data_set_value_component_sarcoplasmic_reticulum_kinetics_variable_tau_rel":0.005,"data_set_value_component_sarcoplasmic_reticulum_kinetics_variable_tau_tr":0.4,"data_set_value_component_ion_concentrations_variable_Cai":0.0000553348,"data_set_value_component_ion_concentrations_variable_Cao":2.0001368113,"data_set_value_component_ion_concentrations_variable_Caup":0.5087443014,"data_set_value_component_ion_concentrations_variable_Carel":0.2752441745,"data_set_value_component_ion_concentrations_variable_Nai":7.4953114171,"data_set_value_component_ion_concentrations_variable_Nao":140.0103631761,"data_set_value_component_ion_concentrations_variable_Ki":140.0123388833,"data_set_value_component_ion_concentrations_variable_Ko":5.3916363528,"data_set_value_component_ion_concentrations_variable_V_i":0.0000025,"data_set_value_component_ion_concentrations_variable_V_e":0.0000005,"data_set_value_component_ion_concentrations_variable_tau_b":0.1,"data_set_value_component_ion_concentrations_variable_Nab":140.0,"data_set_value_component_ion_concentrations_variable_Cab":2.0,"data_set_value_component_ion_concentrations_variable_Kb":5.4},{"data_set_value_component_environment_variable_time":1.0,"data_set_value_component_constants_variable_R":8314.472,"data_set_value_component_constants_variable_T":310.0,"data_set_value_component_constants_variable_F":96485.3415,"data_set_value_component_membrane_variable_E":-45.8067577399,"data_set_value_component_membrane_variable_C":0.000032,"data_set_value_component_membrane_variable_i_tot":-0.011453865,"data_set_value_component_reversal_potentials_variable_E_Ca":127.6329661334,"data_set_value_component_reversal_potentials_variable_E_Na":78.2215115189,"data_set_value_component_reversal_potentials_variable_E_K":-87.0830759317,"data_set_value_component_L_type_calcium_current_variable_i_CaL":-0.0136397261,"data_set_value_component_L_type_calcium_current_variable_g_CaL":0.4,"data_set_value_component_L_type_calcium_current_d_gate_variable_dL":0.0023881384,"data_set_value_component_L_type_calcium_current_d_gate_variable_dL_infinity":0.0026240265,"data_set_value_component_L_type_calcium_current_d_gate_variable_tau_dL":0.002,"data_set_value_component_L_type_calcium_current_f_gate_variable_fL":0.3316436719,"data_set_value_component_L_type_calcium_current_f_gate_variable_fL_infinity":0.9697573574,"data_set_value_component_L_type_calcium_current_f_gate_variable_tau_fL":0.7646420128,"data_set_value_component_L_type_calcium_current_f2_gate_variable_fL2":0.437365049,"data_set_value_component_L_type_calcium_current_f2_gate_variable_alpha_fL2":3.0,"data_set_value_component_L_type_calcium_current_f2_gate_variable_beta_fL2":40000.0,"data_set_value_component_T_type_calcium_current_variable_i_CaT":-0.0031587781,"data_set_value_component_T_type_calcium_current_variable_g_CaT":0.085,"data_set_value_component_T_type_calcium_current_d_gate_variable_dT":0.0215076738,"data_set_value_component_T_type_calcium_current_d_gate_variable_dT_infinity":0.023229862,"data_set_value_component_T_type_calcium_current_d_gate_variable_tau_dT":0.0014877973,"data_set_value_component_T_type_calcium_current_f_gate_variable_fT":0.0175523941,"data_set_value_component_T_type_calcium_current_f_gate_variable_fT_infinity":0.0118533742,"data_set_value_component_T_type_calcium_current_f_gate_variable_tau_fT":0.0080878527,"data_set_value_component_fast_sodium_current_variable_i_Na":-0.0011735955,"data_set_value_component_fast_sodium_current_variable_g_Na":0.25,"data_set_value_component_fast_sodium_current_m_gate_variable_m":0.4236092248,"data_set_value_component_fast_sodium_current_m_gate_variable_alpha_m":1266.6928746027,"data_set_value_component_fast_sodium_current_m_gate_variable_beta_m":1682.79348745,"data_set_value_component_fast_sodium_current_h_gate_variable_h":0.0004979222,"data_set_value_component_fast_sodium_current_h_gate_variable_alpha_h":0.0413825703,"data_set_value_component_fast_sodium_current_h_gate_variable_beta_h":133.6786477306,"data_set_value_component_delayed_rectifying_potassium_current_variable_i_K":0.0091891442,"data_set_value_component_delayed_rectifying_potassium_current_variable_i_KK":0.0121671943,"data_set_value_component_delayed_rectifying_potassium_current_variable_i_KNa":-0.0029780501,"data_set_value_component_delayed_rectifying_potassium_current_variable_Kk":0.00026,"data_set_value_component_delayed_rectifying_potassium_current_variable_P_KNa":0.035,"data_set_value_component_delayed_rectifying_potassium_current_x_gate_variable_x":0.1574880948,"data_set_value_component_delayed_rectifying_potassium_current_x_gate_variable_x_infinity":0.0574209535,"data_set_value_component_delayed_rectifying_potassium_current_x_gate_variable_tau_x":0.2029262008,"data_set_value_component_hyperpolarising_activated_current_variable_i_f":-0.0047225088,"data_set_value_component_hyperpolarising_activated_current_variable_i_fNa":-0.0106043432,"data_set_value_component_hyperpolarising_activated_current_variable_i_fK":0.0058818344,"data_set_value_component_hyperpolarising_activated_current_variable_Kmf":10.3,"data_set_value_component_hyperpolarising_activated_current_variable_g_fNa":0.0081,"data_set_value_component_hyperpolarising_activated_current_variable_g_fK":0.0135,"data_set_value_component_hyperpolarising_activated_current_y_gate_variable_y":0.0452491359,"data_set_value_component_hyperpolarising_activated_current_y_gate_variable_alpha_y":0.0765983406,"data_set_value_component_hyperpolarising_activated_current_y_gate_variable_beta_y":3.0543811146,"data_set_value_component_sodium_potassium_pump_variable_i_p":0.0250849186,"data_set_value_component_sodium_potassium_pump_variable_KmNa":40.0,"data_set_value_component_sodium_potassium_pump_variable_KmK":1.0,"data_set_value_component_sodium_potassium_pump_variable_i_pmax":0.226,"data_set_value_component_sodium_calcium_exchange_current_variable_i_NaCa":-0.0086334513,"data_set_value_component_sodium_calcium_exchange_current_variable_kNaCa":4.0,"data_set_value_component_sodium_calcium_exchange_current_variable_x1":0.9650381682,"data_set_value_component_sodium_calcium_exchange_current_variable_x2":0.0273091419,"data_set_value_component_sodium_calcium_exchange_current_variable_x3":0.0101553045,"data_set_value_component_sodium_calcium_exchange_current_variable_x4":0.0343812772,"data_set_value_component_sodium_calcium_exchange_current_variable_k41":1.44766506,"data_set_value_component_sodium_calcium_exchange_current_variable_k34":0.9677705809,"data_set_value_component_sodium_calcium_exchange_current_variable_k23":0.338821563,"data_set_value_component_sodium_calcium_exchange_current_variable_k21":0.1920290545,"data_set_value_component_sodium_calcium_exchange_current_variable_k32":0.6907675177,"data_set_value_component_sodium_calcium_exchange_current_variable_k43":0.2207606557,"data_set_value_component_sodium_calcium_exchange_current_variable_k12":0.0077531859,"data_set_value_component_sodium_calcium_exchange_current_variable_k14":0.0492567068,"data_set_value_component_sodium_calcium_exchange_current_variable_Qci":0.1369,"data_set_value_component_sodium_calcium_exchange_current_variable_Qn":0.4315,"data_set_value_component_sodium_calcium_exchange_current_variable_Qco":0.0,"data_set_value_component_sodium_calcium_exchange_current_variable_K3ni":26.44,"data_set_value_component_sodium_calcium_exchange_current_variable_Kci":0.0207,"data_set_value_component_sodium_calcium_exchange_current_variable_K1ni":395.3,"data_set_value_component_sodium_calcium_exchange_current_variable_K2ni":2.289,"data_set_value_component_sodium_calcium_exchange_current_variable_Kcni":26.44,"data_set_value_component_sodium_calcium_exchange_current_variable_K3no":4.663,"data_set_value_component_sodium_calcium_exchange_current_variable_K1no":1628.0,"data_set_value_component_sodium_calcium_exchange_current_variable_K2no":561.4,"data_set_value_component_sodium_calcium_exchange_current_variable_Kco":3.663,"data_set_value_component_sodium_calcium_exchange_current_variable_do":2.8437307306,"data_set_value_component_sodium_calcium_exchange_current_variable_di":1.1159572632,"data_set_value_component_background_sodium_current_variable_i_bNa":-0.0297667846,"data_set_value_component_background_sodium_current_variable_g_Nab":0.00024,"data_set_value_component_background_potassium_current_variable_i_bK":0.0153669166,"data_set_value_component_background_potassium_current_variable_KbK":0.00007,"data_set_value_component_sarcoplasmic_reticulum_kinetics_variable_i_up":0.0015746228,"data_set_value_component_sarcoplasmic_reticulum_kinetics_variable_i_tr":0.0033645274,"data_set_value_component_sarcoplasmic_reticulum_kinetics_variable_i_rel":0.0040067108,"data_set_value_component_sarcoplasmic_reticulum_kinetics_variable_V_rel":0.000000015,"data_set_value_component_sarcoplasmic_reticulum_kinetics_variable_V_up":0.000000035,"data_set_value_component_sarcoplasmic_reticulum_kinetics_variable_i_up_max":0.0212,"data_set_value_component_sarcoplasmic_reticulum_kinetics_variable_KmCaup":0.0005,"data_set_value_component_sarcoplasmic_reticulum_kinetics_variable_KmCarel":0.001,"data_set_value_component_sarcoplasmic_reticulum_kinetics_variable_tau_rel":0.005,"data_set_value_component_sarcoplasmic_reticulum_kinetics_variable_tau_tr":0.4,"data_set_value_component_ion_concentrations_variable_Cai":0.000141628,"data_set_value_component_ion_concentrations_variable_Cao":2.0002870966,"data_set_value_component_ion_concentrations_variable_Caup":0.4649448752,"data_set_value_component_ion_concentrations_variable_Carel":0.351967002,"data_set_value_component_ion_concentrations_variable_Nai":7.4905249321,"data_set_value_component_ion_concentrations_variable_Nao":140.018478285,"data_set_value_component_ion_concentrations_variable_Ki":140.0189015112,"data_set_value_component_ion_concentrations_variable_Ko":5.3758627209,"data_set_value_component_ion_concentrations_variable_V_i":0.0000025,"data_set_value_component_ion_concentrations_variable_V_e":0.0000005,"data_set_value_component_ion_concentrations_variable_tau_b":0.1,"data_set_value_component_ion_concentrations_variable_Nab":140.0,"data_set_value_component_ion_concentrations_variable_Cab":2.0,"data_set_value_component_ion_concentrations_variable_Kb":5.4}]