[{"data_generator_IK":0.1028681,"data_generator_T":0.0},{"data_generator_IK":0.068765469,"data_generator_T":0.80000001},{"data_generator_IK":0.055512894,"data_generator_T":1.6},{"data_generator_IK":0.050294608,"data_generator_T":2.4000001},{"data_generator_IK":0.048173301,"data_generator_T":3.2},{"data_generator_IK":0.04724687,"data_generator_T":4.0},{"data_generator_IK":0.046782523,"data_generator_T":4.8000002},{"data_generator_IK":0.046497948,"data_generator_T":5.5999999},{"data_generator_IK":0.046284366,"data_generator_T":6.4000001},{"data_generator_IK":0.046099856,"data_generator_T":7.1999998},{"data_generator_IK":0.045928247,"data_generator_T":8.0},{"data_generator_IK":0.045763303,"data_generator_T":8.8000002},{"data_generator_IK":0.045602605,"data_generator_T":9.6000004},{"data_generator_IK":0.0454452,"data_generator_T":10.4},{"data_generator_IK":0.045290709,"data_generator_T":11.2},{"data_generator_IK":0.045138977,"data_generator_T":12.0},{"data_generator_IK":0.044989921,"data_generator_T":12.8},{"data_generator_IK":0.044843506,"data_generator_T":13.6},{"data_generator_IK":0.044699691,"data_generator_T":14.4},{"data_generator_IK":0.044558454,"data_generator_T":15.2},{"data_generator_IK":0.044419773,"data_generator_T":16.0},{"data_generator_IK":0.044283621,"data_generator_T":16.799999},{"data_generator_IK":0.044149976,"data_generator_T":17.6},{"data_generator_IK":0.04401882,"data_generator_T":18.4},{"data_generator_IK":0.043890126,"data_generator_T":19.200001},{"data_generator_IK":0.043763872,"data_generator_T":20.0},{"data_generator_IK":0.043640036,"data_generator_T":20.799999},{"data_generator_IK":0.043518599,"data_generator_T":21.6},{"data_generator_IK":0.043399539,"data_generator_T":22.4},{"data_generator_IK":0.043282833,"data_generator_T":23.200001},{"data_generator_IK":0.043168459,"data_generator_T":24.0},{"data_generator_IK":0.043056395,"data_generator_T":24.799999},{"data_generator_IK":0.042946626,"data_generator_T":25.6},{"data_generator_IK":0.042839125,"data_generator_T":26.4},{"data_generator_IK":0.042733874,"data_generator_T":27.200001},{"data_generator_IK":0.042630851,"data_generator_T":28.0},{"data_generator_IK":0.042530041,"data_generator_T":28.799999},{"data_generator_IK":0.042431418,"data_generator_T":29.6},{"data_generator_IK":0.042334963,"data_generator_T":30.4},{"data_generator_IK":0.042240653,"data_generator_T":31.200001},{"data_generator_IK":0.042148478,"data_generator_T":32.0},{"data_generator_IK":0.042058412,"data_generator_T":32.799999},{"data_generator_IK":0.041970432,"data_generator_T":33.599998},{"data_generator_IK":0.041884527,"data_generator_T":34.400002},{"data_generator_IK":0.041800674,"data_generator_T":35.200001},{"data_generator_IK":0.041718852,"data_generator_T":36.0},{"data_generator_IK":0.041639045,"data_generator_T":36.799999},{"data_generator_IK":0.041561235,"data_generator_T":37.599998},{"data_generator_IK":0.041485399,"data_generator_T":38.400002},{"data_generator_IK":0.041411527,"data_generator_T":39.200001},{"data_generator_IK":0.041339591,"data_generator_T":40.0},{"data_generator_IK":0.041269578,"data_generator_T":40.799999},{"data_generator_IK":0.041201469,"data_generator_T":41.599998},{"data_generator_IK":0.041135248,"data_generator_T":42.400002},{"data_generator_IK":0.041070893,"data_generator_T":43.200001},{"data_generator_IK":0.041008394,"data_generator_T":44.0},{"data_generator_IK":0.040947724,"data_generator_T":44.799999},{"data_generator_IK":0.040888876,"data_generator_T":45.599998},{"data_generator_IK":0.040831823,"data_generator_T":46.400002},{"data_generator_IK":0.040776554,"data_generator_T":47.200001},{"data_generator_IK":0.040723052,"data_generator_T":48.0},{"data_generator_IK":0.040671296,"data_generator_T":48.799999},{"data_generator_IK":0.040621277,"data_generator_T":49.599998},{"data_generator_IK":0.065825529,"data_generator_T":50.400002},{"data_generator_IK":0.05504252,"data_generator_T":51.200001},{"data_generator_IK":0.050400548,"data_generator_T":52.0},{"data_generator_IK":0.048899408,"data_generator_T":52.799999},{"data_generator_IK":0.049028456,"data_generator_T":53.599998},{"data_generator_IK":0.05002797,"data_generator_T":54.400002},{"data_generator_IK":0.051514994,"data_generator_T":55.200001},{"data_generator_IK":0.05329556,"data_generator_T":56.0},{"data_generator_IK":0.055270534,"data_generator_T":56.799999},{"data_generator_IK":0.057388365,"data_generator_T":57.599998},{"data_generator_IK":0.059621446,"data_generator_T":58.400002},{"data_generator_IK":0.061954189,"data_generator_T":59.200001},{"data_generator_IK":0.064377107,"data_generator_T":60.0},{"data_generator_IK":0.066883817,"data_generator_T":60.799999},{"data_generator_IK":0.069469512,"data_generator_T":61.599998},{"data_generator_IK":0.072130263,"data_generator_T":62.400002},{"data_generator_IK":0.074862577,"data_generator_T":63.200001},{"data_generator_IK":0.077663258,"data_generator_T":64.0},{"data_generator_IK":0.080529287,"data_generator_T":64.800003},{"data_generator_IK":0.083457768,"data_generator_T":65.599998},{"data_generator_IK":0.086445913,"data_generator_T":66.400002},{"data_generator_IK":0.089491025,"data_generator_T":67.199997},{"data_generator_IK":0.092590481,"data_generator_T":68.0},{"data_generator_IK":0.095741749,"data_generator_T":68.800003},{"data_generator_IK":0.098942369,"data_generator_T":69.599998},{"data_generator_IK":0.10218994,"data_generator_T":70.400002},{"data_generator_IK":0.10548212,"data_generator_T":71.199997},{"data_generator_IK":0.10881669,"data_generator_T":72.0},{"data_generator_IK":0.11219142,"data_generator_T":72.800003},{"data_generator_IK":0.11560421,"data_generator_T":73.599998},{"data_generator_IK":0.11905298,"data_generator_T":74.400002},{"data_generator_IK":0.12253573,"data_generator_T":75.199997},{"data_generator_IK":0.1260505,"data_generator_T":76.0},{"data_generator_IK":0.12959541,"data_generator_T":76.800003},{"data_generator_IK":0.13316862,"data_generator_T":77.599998},{"data_generator_IK":0.13676837,"data_generator_T":78.400002},{"data_generator_IK":0.1403929,"data_generator_T":79.199997},{"data_generator_IK":0.14404057,"data_generator_T":80.0},{"data_generator_IK":0.14770973,"data_generator_T":80.800003},{"data_generator_IK":0.15139881,"data_generator_T":81.599998},{"data_generator_IK":0.15510629,"data_generator_T":82.400002},{"data_generator_IK":0.15883069,"data_generator_T":83.199997},{"data_generator_IK":0.16257057,"data_generator_T":84.0},{"data_generator_IK":0.16632453,"data_generator_T":84.800003},{"data_generator_IK":0.17009123,"data_generator_T":85.599998},{"data_generator_IK":0.17386937,"data_generator_T":86.400002},{"data_generator_IK":0.17765768,"data_generator_T":87.199997},{"data_generator_IK":0.18145493,"data_generator_T":88.0},{"data_generator_IK":0.18525992,"data_generator_T":88.800003},{"data_generator_IK":0.18907154,"data_generator_T":89.599998},{"data_generator_IK":0.19288863,"data_generator_T":90.400002},{"data_generator_IK":0.19671014,"data_generator_T":91.199997},{"data_generator_IK":0.20053503,"data_generator_T":92.0},{"data_generator_IK":0.20436229,"data_generator_T":92.800003},{"data_generator_IK":0.20819093,"data_generator_T":93.599998},{"data_generator_IK":0.21202002,"data_generator_T":94.400002},{"data_generator_IK":0.21584865,"data_generator_T":95.199997},{"data_generator_IK":0.21967593,"data_generator_T":96.0},{"data_generator_IK":0.22350103,"data_generator_T":96.800003},{"data_generator_IK":0.22732309,"data_generator_T":97.599998},{"data_generator_IK":0.23114134,"data_generator_T":98.400002},{"data_generator_IK":0.23495501,"data_generator_T":99.199997},{"data_generator_IK":0.23876336,"data_generator_T":100.0},{"data_generator_IK":0.24256568,"data_generator_T":100.8},{"data_generator_IK":0.24636127,"data_generator_T":101.6},{"data_generator_IK":0.25014946,"data_generator_T":102.4},{"data_generator_IK":0.25392964,"data_generator_T":103.2},{"data_generator_IK":0.25770116,"data_generator_T":104.0},{"data_generator_IK":0.26146343,"data_generator_T":104.8},{"data_generator_IK":0.26521587,"data_generator_T":105.6},{"data_generator_IK":0.26895797,"data_generator_T":106.4},{"data_generator_IK":0.27268913,"data_generator_T":107.2},{"data_generator_IK":0.27640891,"data_generator_T":108.0},{"data_generator_IK":0.2801168,"data_generator_T":108.8},{"data_generator_IK":0.28381228,"data_generator_T":109.6},{"data_generator_IK":0.28749496,"data_generator_T":110.4},{"data_generator_IK":0.29116437,"data_generator_T":111.2},{"data_generator_IK":0.2948201,"data_generator_T":112.0},{"data_generator_IK":0.29846174,"data_generator_T":112.8},{"data_generator_IK":0.30208892,"data_generator_T":113.6},{"data_generator_IK":0.30570129,"data_generator_T":114.4},{"data_generator_IK":0.30929846,"data_generator_T":115.2},{"data_generator_IK":0.3128801,"data_generator_T":116.0},{"data_generator_IK":0.31644589,"data_generator_T":116.8},{"data_generator_IK":0.31999555,"data_generator_T":117.6},{"data_generator_IK":0.32352877,"data_generator_T":118.4},{"data_generator_IK":0.32704523,"data_generator_T":119.2},{"data_generator_IK":0.33054474,"data_generator_T":120.0},{"data_generator_IK":0.33402699,"data_generator_T":120.8},{"data_generator_IK":0.33749178,"data_generator_T":121.6},{"data_generator_IK":0.34093884,"data_generator_T":122.4},{"data_generator_IK":0.34436795,"data_generator_T":123.2},{"data_generator_IK":0.34777895,"data_generator_T":124.0},{"data_generator_IK":0.35117158,"data_generator_T":124.8},{"data_generator_IK":0.35454574,"data_generator_T":125.6},{"data_generator_IK":0.35790119,"data_generator_T":126.4},{"data_generator_IK":0.36123779,"data_generator_T":127.2},{"data_generator_IK":0.36455539,"data_generator_T":128.0},{"data_generator_IK":0.36785382,"data_generator_T":128.8},{"data_generator_IK":0.371133,"data_generator_T":129.60001},{"data_generator_IK":0.37439275,"data_generator_T":130.39999},{"data_generator_IK":0.37763298,"data_generator_T":131.2},{"data_generator_IK":0.38085356,"data_generator_T":132.0},{"data_generator_IK":0.38405442,"data_generator_T":132.8},{"data_generator_IK":0.38723543,"data_generator_T":133.60001},{"data_generator_IK":0.39039657,"data_generator_T":134.39999},{"data_generator_IK":0.39353767,"data_generator_T":135.2},{"data_generator_IK":0.39665875,"data_generator_T":136.0},{"data_generator_IK":0.39975968,"data_generator_T":136.8},{"data_generator_IK":0.40284047,"data_generator_T":137.60001},{"data_generator_IK":0.40590099,"data_generator_T":138.39999},{"data_generator_IK":0.40894127,"data_generator_T":139.2},{"data_generator_IK":0.41196123,"data_generator_T":140.0},{"data_generator_IK":0.41496086,"data_generator_T":140.8},{"data_generator_IK":0.41794011,"data_generator_T":141.60001},{"data_generator_IK":0.42089897,"data_generator_T":142.39999},{"data_generator_IK":0.42383748,"data_generator_T":143.2},{"data_generator_IK":0.42675555,"data_generator_T":144.0},{"data_generator_IK":0.4296532,"data_generator_T":144.8},{"data_generator_IK":0.43253046,"data_generator_T":145.60001},{"data_generator_IK":0.43538731,"data_generator_T":146.39999},{"data_generator_IK":0.43822378,"data_generator_T":147.2},{"data_generator_IK":0.44103989,"data_generator_T":148.0},{"data_generator_IK":0.44383562,"data_generator_T":148.8},{"data_generator_IK":0.44661102,"data_generator_T":149.60001},{"data_generator_IK":0.44936609,"data_generator_T":150.39999},{"data_generator_IK":0.4521009,"data_generator_T":151.2},{"data_generator_IK":0.45481548,"data_generator_T":152.0},{"data_generator_IK":0.45750985,"data_generator_T":152.8},{"data_generator_IK":0.46018407,"data_generator_T":153.60001},{"data_generator_IK":0.46283817,"data_generator_T":154.39999},{"data_generator_IK":0.46547219,"data_generator_T":155.2},{"data_generator_IK":0.46808621,"data_generator_T":156.0},{"data_generator_IK":0.47068027,"data_generator_T":156.8},{"data_generator_IK":0.47325441,"data_generator_T":157.60001},{"data_generator_IK":0.47580871,"data_generator_T":158.39999},{"data_generator_IK":0.47834325,"data_generator_T":159.2},{"data_generator_IK":0.48085806,"data_generator_T":160.0},{"data_generator_IK":0.48335323,"data_generator_T":160.8},{"data_generator_IK":0.48582882,"data_generator_T":161.60001},{"data_generator_IK":0.48828489,"data_generator_T":162.39999},{"data_generator_IK":0.49072152,"data_generator_T":163.2},{"data_generator_IK":0.49313882,"data_generator_T":164.0},{"data_generator_IK":0.49553686,"data_generator_T":164.8},{"data_generator_IK":0.49791569,"data_generator_T":165.60001},{"data_generator_IK":0.50027537,"data_generator_T":166.39999},{"data_generator_IK":0.50261605,"data_generator_T":167.2},{"data_generator_IK":0.50493783,"data_generator_T":168.0},{"data_generator_IK":0.50724071,"data_generator_T":168.8},{"data_generator_IK":0.50952482,"data_generator_T":169.60001},{"data_generator_IK":0.51179028,"data_generator_T":170.39999},{"data_generator_IK":0.51403713,"data_generator_T":171.2},{"data_generator_IK":0.51626545,"data_generator_T":172.0},{"data_generator_IK":0.51847541,"data_generator_T":172.8},{"data_generator_IK":0.52066708,"data_generator_T":173.60001},{"data_generator_IK":0.52284056,"data_generator_T":174.39999},{"data_generator_IK":0.52499586,"data_generator_T":175.2},{"data_generator_IK":0.52713323,"data_generator_T":176.0},{"data_generator_IK":0.52925265,"data_generator_T":176.8},{"data_generator_IK":0.53135425,"data_generator_T":177.60001},{"data_generator_IK":0.53343815,"data_generator_T":178.39999},{"data_generator_IK":0.5355044,"data_generator_T":179.2},{"data_generator_IK":0.53755319,"data_generator_T":180.0},{"data_generator_IK":0.53958458,"data_generator_T":180.8},{"data_generator_IK":0.54159868,"data_generator_T":181.60001},{"data_generator_IK":0.54359555,"data_generator_T":182.39999},{"data_generator_IK":0.54557538,"data_generator_T":183.2},{"data_generator_IK":0.54753816,"data_generator_T":184.0},{"data_generator_IK":0.54948407,"data_generator_T":184.8},{"data_generator_IK":0.55141324,"data_generator_T":185.60001},{"data_generator_IK":0.55332577,"data_generator_T":186.39999},{"data_generator_IK":0.55522174,"data_generator_T":187.2},{"data_generator_IK":0.55710119,"data_generator_T":188.0},{"data_generator_IK":0.55896437,"data_generator_T":188.8},{"data_generator_IK":0.56081128,"data_generator_T":189.60001},{"data_generator_IK":0.56264204,"data_generator_T":190.39999},{"data_generator_IK":0.56445682,"data_generator_T":191.2},{"data_generator_IK":0.56625569,"data_generator_T":192.0},{"data_generator_IK":0.56803876,"data_generator_T":192.8},{"data_generator_IK":0.56980616,"data_generator_T":193.60001},{"data_generator_IK":0.57155794,"data_generator_T":194.39999},{"data_generator_IK":0.57329422,"data_generator_T":195.2},{"data_generator_IK":0.57501519,"data_generator_T":196.0},{"data_generator_IK":0.57672089,"data_generator_T":196.8},{"data_generator_IK":0.57841146,"data_generator_T":197.60001},{"data_generator_IK":0.58008695,"data_generator_T":198.39999},{"data_generator_IK":0.58174753,"data_generator_T":199.2},{"data_generator_IK":0.58339328,"data_generator_T":200.0},{"data_generator_IK":0.5850243,"data_generator_T":200.8},{"data_generator_IK":0.58664078,"data_generator_T":201.60001},{"data_generator_IK":0.58824271,"data_generator_T":202.39999},{"data_generator_IK":0.58983022,"data_generator_T":203.2},{"data_generator_IK":0.59140348,"data_generator_T":204.0},{"data_generator_IK":0.59296256,"data_generator_T":204.8},{"data_generator_IK":0.59450763,"data_generator_T":205.60001},{"data_generator_IK":0.59603864,"data_generator_T":206.39999},{"data_generator_IK":0.59755588,"data_generator_T":207.2},{"data_generator_IK":0.59905934,"data_generator_T":208.0},{"data_generator_IK":0.6005491,"data_generator_T":208.8},{"data_generator_IK":0.60202539,"data_generator_T":209.60001},{"data_generator_IK":0.60348827,"data_generator_T":210.39999},{"data_generator_IK":0.60493773,"data_generator_T":211.2},{"data_generator_IK":0.60637403,"data_generator_T":212.0},{"data_generator_IK":0.60779721,"data_generator_T":212.8},{"data_generator_IK":0.60920739,"data_generator_T":213.60001},{"data_generator_IK":0.61060458,"data_generator_T":214.39999},{"data_generator_IK":0.61198902,"data_generator_T":215.2},{"data_generator_IK":0.61336076,"data_generator_T":216.0},{"data_generator_IK":0.61471987,"data_generator_T":216.8},{"data_generator_IK":0.61606652,"data_generator_T":217.60001},{"data_generator_IK":0.61740071,"data_generator_T":218.39999},{"data_generator_IK":0.61872262,"data_generator_T":219.2},{"data_generator_IK":0.62003237,"data_generator_T":220.0},{"data_generator_IK":0.62132996,"data_generator_T":220.8},{"data_generator_IK":0.62261558,"data_generator_T":221.60001},{"data_generator_IK":0.62388927,"data_generator_T":222.39999},{"data_generator_IK":0.62515116,"data_generator_T":223.2},{"data_generator_IK":0.62640136,"data_generator_T":224.0},{"data_generator_IK":0.62763995,"data_generator_T":224.8},{"data_generator_IK":0.62886703,"data_generator_T":225.60001},{"data_generator_IK":0.63008267,"data_generator_T":226.39999},{"data_generator_IK":0.63128698,"data_generator_T":227.2},{"data_generator_IK":0.63248008,"data_generator_T":228.0},{"data_generator_IK":0.63366205,"data_generator_T":228.8},{"data_generator_IK":0.63483298,"data_generator_T":229.60001},{"data_generator_IK":0.63599294,"data_generator_T":230.39999},{"data_generator_IK":0.63714206,"data_generator_T":231.2},{"data_generator_IK":0.63828045,"data_generator_T":232.0},{"data_generator_IK":0.63940817,"data_generator_T":232.8},{"data_generator_IK":0.64052528,"data_generator_T":233.60001},{"data_generator_IK":0.6416319,"data_generator_T":234.39999},{"data_generator_IK":0.64272815,"data_generator_T":235.2},{"data_generator_IK":0.64381409,"data_generator_T":236.0},{"data_generator_IK":0.64488983,"data_generator_T":236.8},{"data_generator_IK":0.64595538,"data_generator_T":237.60001},{"data_generator_IK":0.64701092,"data_generator_T":238.39999},{"data_generator_IK":0.64805651,"data_generator_T":239.2},{"data_generator_IK":0.64909226,"data_generator_T":240.0},{"data_generator_IK":0.65011817,"data_generator_T":240.8},{"data_generator_IK":0.65113443,"data_generator_T":241.60001},{"data_generator_IK":0.65214109,"data_generator_T":242.39999},{"data_generator_IK":0.65313816,"data_generator_T":243.2},{"data_generator_IK":0.65412587,"data_generator_T":244.0},{"data_generator_IK":0.65510416,"data_generator_T":244.8},{"data_generator_IK":0.65607321,"data_generator_T":245.60001},{"data_generator_IK":0.65703303,"data_generator_T":246.39999},{"data_generator_IK":0.65798372,"data_generator_T":247.2},{"data_generator_IK":0.65892541,"data_generator_T":248.0},{"data_generator_IK":0.65985817,"data_generator_T":248.8},{"data_generator_IK":0.66078204,"data_generator_T":249.60001},{"data_generator_IK":0.66169709,"data_generator_T":250.39999},{"data_generator_IK":0.66260344,"data_generator_T":251.2},{"data_generator_IK":0.6635012,"data_generator_T":252.0},{"data_generator_IK":0.66439033,"data_generator_T":252.8},{"data_generator_IK":0.66527104,"data_generator_T":253.60001},{"data_generator_IK":0.6661433,"data_generator_T":254.39999},{"data_generator_IK":0.66700727,"data_generator_T":255.2},{"data_generator_IK":0.66786295,"data_generator_T":256.0},{"data_generator_IK":0.66871041,"data_generator_T":256.79999},{"data_generator_IK":0.66954982,"data_generator_T":257.60001},{"data_generator_IK":0.67038119,"data_generator_T":258.39999},{"data_generator_IK":0.67120463,"data_generator_T":259.20001},{"data_generator_IK":0.67202014,"data_generator_T":260.0},{"data_generator_IK":0.67282784,"data_generator_T":260.79999},{"data_generator_IK":0.67362779,"data_generator_T":261.60001},{"data_generator_IK":0.67442006,"data_generator_T":262.39999},{"data_generator_IK":0.67520475,"data_generator_T":263.20001},{"data_generator_IK":0.67598188,"data_generator_T":264.0},{"data_generator_IK":0.67675155,"data_generator_T":264.79999},{"data_generator_IK":0.67751384,"data_generator_T":265.60001},{"data_generator_IK":0.67826879,"data_generator_T":266.39999},{"data_generator_IK":0.67901647,"data_generator_T":267.20001},{"data_generator_IK":0.67975694,"data_generator_T":268.0},{"data_generator_IK":0.68049031,"data_generator_T":268.79999},{"data_generator_IK":0.6812166,"data_generator_T":269.60001},{"data_generator_IK":0.68193591,"data_generator_T":270.39999},{"data_generator_IK":0.6826483,"data_generator_T":271.20001},{"data_generator_IK":0.68335378,"data_generator_T":272.0},{"data_generator_IK":0.68405247,"data_generator_T":272.79999},{"data_generator_IK":0.68474442,"data_generator_T":273.60001},{"data_generator_IK":0.68542969,"data_generator_T":274.39999},{"data_generator_IK":0.68610835,"data_generator_T":275.20001},{"data_generator_IK":0.68678045,"data_generator_T":276.0},{"data_generator_IK":0.68744606,"data_generator_T":276.79999},{"data_generator_IK":0.68810517,"data_generator_T":277.60001},{"data_generator_IK":0.68875796,"data_generator_T":278.39999},{"data_generator_IK":0.68940443,"data_generator_T":279.20001},{"data_generator_IK":0.69004464,"data_generator_T":280.0},{"data_generator_IK":0.69067866,"data_generator_T":280.79999},{"data_generator_IK":0.69130653,"data_generator_T":281.60001},{"data_generator_IK":0.69192833,"data_generator_T":282.39999},{"data_generator_IK":0.6925441,"data_generator_T":283.20001},{"data_generator_IK":0.69315392,"data_generator_T":284.0},{"data_generator_IK":0.69375777,"data_generator_T":284.79999},{"data_generator_IK":0.69435579,"data_generator_T":285.60001},{"data_generator_IK":0.69494802,"data_generator_T":286.39999},{"data_generator_IK":0.69553447,"data_generator_T":287.20001},{"data_generator_IK":0.69611526,"data_generator_T":288.0},{"data_generator_IK":0.69669044,"data_generator_T":288.79999},{"data_generator_IK":0.69725996,"data_generator_T":289.60001},{"data_generator_IK":0.697824,"data_generator_T":290.39999},{"data_generator_IK":0.6983825,"data_generator_T":291.20001},{"data_generator_IK":0.69893563,"data_generator_T":292.0},{"data_generator_IK":0.69948334,"data_generator_T":292.79999},{"data_generator_IK":0.70002574,"data_generator_T":293.60001},{"data_generator_IK":0.70056283,"data_generator_T":294.39999},{"data_generator_IK":0.70109475,"data_generator_T":295.20001},{"data_generator_IK":0.70162147,"data_generator_T":296.0},{"data_generator_IK":0.70214301,"data_generator_T":296.79999},{"data_generator_IK":0.70265955,"data_generator_T":297.60001},{"data_generator_IK":0.70317101,"data_generator_T":298.39999},{"data_generator_IK":0.70367748,"data_generator_T":299.20001},{"data_generator_IK":0.70417905,"data_generator_T":300.0},{"data_generator_IK":0.56837738,"data_generator_T":300.79999},{"data_generator_IK":0.65544653,"data_generator_T":301.60001},{"data_generator_IK":0.68731749,"data_generator_T":302.39999},{"data_generator_IK":0.69793177,"data_generator_T":303.20001},{"data_generator_IK":0.70036525,"data_generator_T":304.0},{"data_generator_IK":0.69965529,"data_generator_T":304.79999},{"data_generator_IK":0.69774234,"data_generator_T":305.60001},{"data_generator_IK":0.69537407,"data_generator_T":306.39999},{"data_generator_IK":0.69283837,"data_generator_T":307.20001},{"data_generator_IK":0.69024616,"data_generator_T":308.0},{"data_generator_IK":0.68764007,"data_generator_T":308.79999},{"data_generator_IK":0.68503654,"data_generator_T":309.60001},{"data_generator_IK":0.68244183,"data_generator_T":310.39999},{"data_generator_IK":0.67985827,"data_generator_T":311.20001},{"data_generator_IK":0.6772868,"data_generator_T":312.0},{"data_generator_IK":0.67472768,"data_generator_T":312.79999},{"data_generator_IK":0.67218101,"data_generator_T":313.60001},{"data_generator_IK":0.66964668,"data_generator_T":314.39999},{"data_generator_IK":0.66712475,"data_generator_T":315.20001},{"data_generator_IK":0.66461515,"data_generator_T":316.0},{"data_generator_IK":0.66211778,"data_generator_T":316.79999},{"data_generator_IK":0.65963256,"data_generator_T":317.60001},{"data_generator_IK":0.65715945,"data_generator_T":318.39999},{"data_generator_IK":0.65469843,"data_generator_T":319.20001},{"data_generator_IK":0.65224934,"data_generator_T":320.0},{"data_generator_IK":0.64981216,"data_generator_T":320.79999},{"data_generator_IK":0.64738685,"data_generator_T":321.60001},{"data_generator_IK":0.64497334,"data_generator_T":322.39999},{"data_generator_IK":0.64257151,"data_generator_T":323.20001},{"data_generator_IK":0.64018136,"data_generator_T":324.0},{"data_generator_IK":0.63780278,"data_generator_T":324.79999},{"data_generator_IK":0.63543576,"data_generator_T":325.60001},{"data_generator_IK":0.63308018,"data_generator_T":326.39999},{"data_generator_IK":0.63073605,"data_generator_T":327.20001},{"data_generator_IK":0.62840325,"data_generator_T":328.0},{"data_generator_IK":0.62608171,"data_generator_T":328.79999},{"data_generator_IK":0.62377143,"data_generator_T":329.60001},{"data_generator_IK":0.6214723,"data_generator_T":330.39999},{"data_generator_IK":0.61918426,"data_generator_T":331.20001},{"data_generator_IK":0.61690724,"data_generator_T":332.0},{"data_generator_IK":0.61464125,"data_generator_T":332.79999},{"data_generator_IK":0.61238617,"data_generator_T":333.60001},{"data_generator_IK":0.61014193,"data_generator_T":334.39999},{"data_generator_IK":0.60790855,"data_generator_T":335.20001},{"data_generator_IK":0.60568589,"data_generator_T":336.0},{"data_generator_IK":0.6034739,"data_generator_T":336.79999},{"data_generator_IK":0.60127252,"data_generator_T":337.60001},{"data_generator_IK":0.59908181,"data_generator_T":338.39999},{"data_generator_IK":0.59690154,"data_generator_T":339.20001},{"data_generator_IK":0.59473175,"data_generator_T":340.0},{"data_generator_IK":0.59257239,"data_generator_T":340.79999},{"data_generator_IK":0.59042335,"data_generator_T":341.60001},{"data_generator_IK":0.58828467,"data_generator_T":342.39999},{"data_generator_IK":0.58615619,"data_generator_T":343.20001},{"data_generator_IK":0.58403784,"data_generator_T":344.0},{"data_generator_IK":0.58192968,"data_generator_T":344.79999},{"data_generator_IK":0.5798316,"data_generator_T":345.60001},{"data_generator_IK":0.57774353,"data_generator_T":346.39999},{"data_generator_IK":0.57566547,"data_generator_T":347.20001},{"data_generator_IK":0.57359725,"data_generator_T":348.0},{"data_generator_IK":0.57153898,"data_generator_T":348.79999},{"data_generator_IK":0.56949049,"data_generator_T":349.60001},{"data_generator_IK":0.56745172,"data_generator_T":350.39999},{"data_generator_IK":0.56542271,"data_generator_T":351.20001},{"data_generator_IK":0.56340331,"data_generator_T":352.0},{"data_generator_IK":0.56139356,"data_generator_T":352.79999},{"data_generator_IK":0.55939335,"data_generator_T":353.60001},{"data_generator_IK":0.55740261,"data_generator_T":354.39999},{"data_generator_IK":0.55542135,"data_generator_T":355.20001},{"data_generator_IK":0.55344951,"data_generator_T":356.0},{"data_generator_IK":0.55148697,"data_generator_T":356.79999},{"data_generator_IK":0.54953378,"data_generator_T":357.60001},{"data_generator_IK":0.54758984,"data_generator_T":358.39999},{"data_generator_IK":0.54565507,"data_generator_T":359.20001},{"data_generator_IK":0.54372948,"data_generator_T":360.0},{"data_generator_IK":0.54181302,"data_generator_T":360.79999},{"data_generator_IK":0.53990561,"data_generator_T":361.60001},{"data_generator_IK":0.5380072,"data_generator_T":362.39999},{"data_generator_IK":0.53611773,"data_generator_T":363.20001},{"data_generator_IK":0.53423721,"data_generator_T":364.0},{"data_generator_IK":0.53236556,"data_generator_T":364.79999},{"data_generator_IK":0.53050268,"data_generator_T":365.60001},{"data_generator_IK":0.52864861,"data_generator_T":366.39999},{"data_generator_IK":0.52680331,"data_generator_T":367.20001},{"data_generator_IK":0.52496666,"data_generator_T":368.0},{"data_generator_IK":0.52313864,"data_generator_T":368.79999},{"data_generator_IK":0.52131921,"data_generator_T":369.60001},{"data_generator_IK":0.51950836,"data_generator_T":370.39999},{"data_generator_IK":0.51770598,"data_generator_T":371.20001},{"data_generator_IK":0.51591212,"data_generator_T":372.0},{"data_generator_IK":0.5141266,"data_generator_T":372.79999},{"data_generator_IK":0.51234949,"data_generator_T":373.60001},{"data_generator_IK":0.51058066,"data_generator_T":374.39999},{"data_generator_IK":0.50882018,"data_generator_T":375.20001},{"data_generator_IK":0.50706786,"data_generator_T":376.0},{"data_generator_IK":0.50532377,"data_generator_T":376.79999},{"data_generator_IK":0.50358784,"data_generator_T":377.60001},{"data_generator_IK":0.50186002,"data_generator_T":378.39999},{"data_generator_IK":0.50014031,"data_generator_T":379.20001},{"data_generator_IK":0.49842855,"data_generator_T":380.0},{"data_generator_IK":0.49672481,"data_generator_T":380.79999},{"data_generator_IK":0.49502903,"data_generator_T":381.60001},{"data_generator_IK":0.49334112,"data_generator_T":382.39999},{"data_generator_IK":0.49166107,"data_generator_T":383.20001},{"data_generator_IK":0.48998886,"data_generator_T":384.0},{"data_generator_IK":0.48832443,"data_generator_T":384.79999},{"data_generator_IK":0.48666772,"data_generator_T":385.60001},{"data_generator_IK":0.4850187,"data_generator_T":386.39999},{"data_generator_IK":0.48337734,"data_generator_T":387.20001},{"data_generator_IK":0.4817436,"data_generator_T":388.0},{"data_generator_IK":0.48011747,"data_generator_T":388.79999},{"data_generator_IK":0.47849885,"data_generator_T":389.60001},{"data_generator_IK":0.47688773,"data_generator_T":390.39999},{"data_generator_IK":0.47528407,"data_generator_T":391.20001},{"data_generator_IK":0.47368783,"data_generator_T":392.0},{"data_generator_IK":0.47209898,"data_generator_T":392.79999},{"data_generator_IK":0.47051746,"data_generator_T":393.60001},{"data_generator_IK":0.46894327,"data_generator_T":394.39999},{"data_generator_IK":0.46737632,"data_generator_T":395.20001},{"data_generator_IK":0.46581662,"data_generator_T":396.0},{"data_generator_IK":0.46426412,"data_generator_T":396.79999},{"data_generator_IK":0.46271878,"data_generator_T":397.60001},{"data_generator_IK":0.46118054,"data_generator_T":398.39999},{"data_generator_IK":0.45964941,"data_generator_T":399.20001},{"data_generator_IK":0.45812532,"data_generator_T":400.0},{"data_generator_IK":0.45660824,"data_generator_T":400.79999},{"data_generator_IK":0.45509812,"data_generator_T":401.60001},{"data_generator_IK":0.45359495,"data_generator_T":402.39999},{"data_generator_IK":0.45209867,"data_generator_T":403.20001},{"data_generator_IK":0.45060927,"data_generator_T":404.0},{"data_generator_IK":0.44912669,"data_generator_T":404.79999},{"data_generator_IK":0.44765094,"data_generator_T":405.60001},{"data_generator_IK":0.44618192,"data_generator_T":406.39999},{"data_generator_IK":0.44471964,"data_generator_T":407.20001},{"data_generator_IK":0.44326404,"data_generator_T":408.0},{"data_generator_IK":0.44181511,"data_generator_T":408.79999},{"data_generator_IK":0.44037282,"data_generator_T":409.60001},{"data_generator_IK":0.4389371,"data_generator_T":410.39999},{"data_generator_IK":0.43750796,"data_generator_T":411.20001},{"data_generator_IK":0.43608531,"data_generator_T":412.0},{"data_generator_IK":0.43466917,"data_generator_T":412.79999},{"data_generator_IK":0.43325949,"data_generator_T":413.60001},{"data_generator_IK":0.43185624,"data_generator_T":414.39999},{"data_generator_IK":0.43045938,"data_generator_T":415.20001},{"data_generator_IK":0.42906886,"data_generator_T":416.0},{"data_generator_IK":0.42768466,"data_generator_T":416.79999},{"data_generator_IK":0.42630678,"data_generator_T":417.60001},{"data_generator_IK":0.42493516,"data_generator_T":418.39999},{"data_generator_IK":0.42356977,"data_generator_T":419.20001},{"data_generator_IK":0.42221057,"data_generator_T":420.0},{"data_generator_IK":0.42085755,"data_generator_T":420.79999},{"data_generator_IK":0.41951066,"data_generator_T":421.60001},{"data_generator_IK":0.41816986,"data_generator_T":422.39999},{"data_generator_IK":0.41683516,"data_generator_T":423.20001},{"data_generator_IK":0.41550648,"data_generator_T":424.0},{"data_generator_IK":0.41418383,"data_generator_T":424.79999},{"data_generator_IK":0.41286716,"data_generator_T":425.60001},{"data_generator_IK":0.41155642,"data_generator_T":426.39999},{"data_generator_IK":0.41025162,"data_generator_T":427.20001},{"data_generator_IK":0.40895271,"data_generator_T":428.0},{"data_generator_IK":0.40765965,"data_generator_T":428.79999},{"data_generator_IK":0.40637243,"data_generator_T":429.60001},{"data_generator_IK":0.40509102,"data_generator_T":430.39999},{"data_generator_IK":0.40381539,"data_generator_T":431.20001},{"data_generator_IK":0.40254548,"data_generator_T":432.0},{"data_generator_IK":0.40128133,"data_generator_T":432.79999},{"data_generator_IK":0.40002283,"data_generator_T":433.60001},{"data_generator_IK":0.39876997,"data_generator_T":434.39999},{"data_generator_IK":0.39752278,"data_generator_T":435.20001},{"data_generator_IK":0.39628118,"data_generator_T":436.0},{"data_generator_IK":0.39504516,"data_generator_T":436.79999},{"data_generator_IK":0.39381465,"data_generator_T":437.60001},{"data_generator_IK":0.39258969,"data_generator_T":438.39999},{"data_generator_IK":0.39137021,"data_generator_T":439.20001},{"data_generator_IK":0.39015621,"data_generator_T":440.0},{"data_generator_IK":0.38894761,"data_generator_T":440.79999},{"data_generator_IK":0.38774446,"data_generator_T":441.60001},{"data_generator_IK":0.38654664,"data_generator_T":442.39999},{"data_generator_IK":0.38535422,"data_generator_T":443.20001},{"data_generator_IK":0.3841671,"data_generator_T":444.0},{"data_generator_IK":0.38298529,"data_generator_T":444.79999},{"data_generator_IK":0.38180876,"data_generator_T":445.60001},{"data_generator_IK":0.38063747,"data_generator_T":446.39999},{"data_generator_IK":0.37947139,"data_generator_T":447.20001},{"data_generator_IK":0.3783105,"data_generator_T":448.0},{"data_generator_IK":0.3771548,"data_generator_T":448.79999},{"data_generator_IK":0.37600425,"data_generator_T":449.60001},{"data_generator_IK":0.3748588,"data_generator_T":450.39999},{"data_generator_IK":0.37371844,"data_generator_T":451.20001},{"data_generator_IK":0.37258318,"data_generator_T":452.0},{"data_generator_IK":0.37145293,"data_generator_T":452.79999},{"data_generator_IK":0.37032771,"data_generator_T":453.60001},{"data_generator_IK":0.36920747,"data_generator_T":454.39999},{"data_generator_IK":0.36809221,"data_generator_T":455.20001},{"data_generator_IK":0.36698189,"data_generator_T":456.0},{"data_generator_IK":0.36587647,"data_generator_T":456.79999},{"data_generator_IK":0.36477596,"data_generator_T":457.60001},{"data_generator_IK":0.36368033,"data_generator_T":458.39999},{"data_generator_IK":0.36258954,"data_generator_T":459.20001},{"data_generator_IK":0.36150354,"data_generator_T":460.0},{"data_generator_IK":0.36042237,"data_generator_T":460.79999},{"data_generator_IK":0.35934597,"data_generator_T":461.60001},{"data_generator_IK":0.35827431,"data_generator_T":462.39999},{"data_generator_IK":0.35720739,"data_generator_T":463.20001},{"data_generator_IK":0.35614517,"data_generator_T":464.0},{"data_generator_IK":0.35508764,"data_generator_T":464.79999},{"data_generator_IK":0.35403475,"data_generator_T":465.60001},{"data_generator_IK":0.35298648,"data_generator_T":466.39999},{"data_generator_IK":0.35194287,"data_generator_T":467.20001},{"data_generator_IK":0.35090381,"data_generator_T":468.0},{"data_generator_IK":0.34986934,"data_generator_T":468.79999},{"data_generator_IK":0.3488394,"data_generator_T":469.60001},{"data_generator_IK":0.34781396,"data_generator_T":470.39999},{"data_generator_IK":0.34679306,"data_generator_T":471.20001},{"data_generator_IK":0.34577662,"data_generator_T":472.0},{"data_generator_IK":0.34476462,"data_generator_T":472.79999},{"data_generator_IK":0.34375709,"data_generator_T":473.60001},{"data_generator_IK":0.34275395,"data_generator_T":474.39999},{"data_generator_IK":0.34175521,"data_generator_T":475.20001},{"data_generator_IK":0.34076083,"data_generator_T":476.0},{"data_generator_IK":0.33977079,"data_generator_T":476.79999},{"data_generator_IK":0.33878508,"data_generator_T":477.60001},{"data_generator_IK":0.33780369,"data_generator_T":478.39999},{"data_generator_IK":0.33682656,"data_generator_T":479.20001},{"data_generator_IK":0.33585373,"data_generator_T":480.0},{"data_generator_IK":0.33488512,"data_generator_T":480.79999},{"data_generator_IK":0.33392072,"data_generator_T":481.60001},{"data_generator_IK":0.33296055,"data_generator_T":482.39999},{"data_generator_IK":0.33200452,"data_generator_T":483.20001},{"data_generator_IK":0.33105269,"data_generator_T":484.0},{"data_generator_IK":0.33010498,"data_generator_T":484.79999},{"data_generator_IK":0.32916141,"data_generator_T":485.60001},{"data_generator_IK":0.32822192,"data_generator_T":486.39999},{"data_generator_IK":0.32728651,"data_generator_T":487.20001},{"data_generator_IK":0.32635516,"data_generator_T":488.0},{"data_generator_IK":0.32542786,"data_generator_T":488.79999},{"data_generator_IK":0.32450458,"data_generator_T":489.60001},{"data_generator_IK":0.3235853,"data_generator_T":490.39999},{"data_generator_IK":0.32267001,"data_generator_T":491.20001},{"data_generator_IK":0.32175869,"data_generator_T":492.0},{"data_generator_IK":0.3208513,"data_generator_T":492.79999},{"data_generator_IK":0.31994784,"data_generator_T":493.60001},{"data_generator_IK":0.31904826,"data_generator_T":494.39999},{"data_generator_IK":0.31815261,"data_generator_T":495.20001},{"data_generator_IK":0.3172608,"data_generator_T":496.0},{"data_generator_IK":0.31637284,"data_generator_T":496.79999},{"data_generator_IK":0.31548873,"data_generator_T":497.60001},{"data_generator_IK":0.31460842,"data_generator_T":498.39999},{"data_generator_IK":0.31373191,"data_generator_T":499.20001},{"data_generator_IK":0.31285918,"data_generator_T":500.0},{"data_generator_IK":0.3119902,"data_generator_T":500.79999},{"data_generator_IK":0.31112495,"data_generator_T":501.60001},{"data_generator_IK":0.31026343,"data_generator_T":502.39999},{"data_generator_IK":0.30940562,"data_generator_T":503.20001},{"data_generator_IK":0.30855149,"data_generator_T":504.0},{"data_generator_IK":0.30770105,"data_generator_T":504.79999},{"data_generator_IK":0.30685425,"data_generator_T":505.60001},{"data_generator_IK":0.30601105,"data_generator_T":506.39999},{"data_generator_IK":0.30517152,"data_generator_T":507.20001},{"data_generator_IK":0.30433556,"data_generator_T":508.0},{"data_generator_IK":0.30350319,"data_generator_T":508.79999},{"data_generator_IK":0.30267438,"data_generator_T":509.60001},{"data_generator_IK":0.3018491,"data_generator_T":510.39999},{"data_generator_IK":0.30102739,"data_generator_T":511.20001},{"data_generator_IK":0.30020916,"data_generator_T":512.0},{"data_generator_IK":0.29939443,"data_generator_T":512.79999},{"data_generator_IK":0.29858321,"data_generator_T":513.59998},{"data_generator_IK":0.29777542,"data_generator_T":514.40002},{"data_generator_IK":0.29697111,"data_generator_T":515.20001},{"data_generator_IK":0.2961702,"data_generator_T":516.0},{"data_generator_IK":0.29537272,"data_generator_T":516.79999},{"data_generator_IK":0.29457864,"data_generator_T":517.59998},{"data_generator_IK":0.29378796,"data_generator_T":518.40002},{"data_generator_IK":0.29300061,"data_generator_T":519.20001},{"data_generator_IK":0.29221663,"data_generator_T":520.0},{"data_generator_IK":0.29143599,"data_generator_T":520.79999},{"data_generator_IK":0.29065865,"data_generator_T":521.59998},{"data_generator_IK":0.28988463,"data_generator_T":522.40002},{"data_generator_IK":0.28911391,"data_generator_T":523.20001},{"data_generator_IK":0.28834644,"data_generator_T":524.0},{"data_generator_IK":0.28758222,"data_generator_T":524.79999},{"data_generator_IK":0.28682125,"data_generator_T":525.59998},{"data_generator_IK":0.28606352,"data_generator_T":526.40002},{"data_generator_IK":0.28530899,"data_generator_T":527.20001},{"data_generator_IK":0.28455764,"data_generator_T":528.0},{"data_generator_IK":0.28380948,"data_generator_T":528.79999},{"data_generator_IK":0.28306448,"data_generator_T":529.59998},{"data_generator_IK":0.28232265,"data_generator_T":530.40002},{"data_generator_IK":0.28158396,"data_generator_T":531.20001},{"data_generator_IK":0.28084838,"data_generator_T":532.0},{"data_generator_IK":0.2801159,"data_generator_T":532.79999},{"data_generator_IK":0.27938652,"data_generator_T":533.59998},{"data_generator_IK":0.27866021,"data_generator_T":534.40002},{"data_generator_IK":0.27793697,"data_generator_T":535.20001},{"data_generator_IK":0.27721676,"data_generator_T":536.0},{"data_generator_IK":0.2764996,"data_generator_T":536.79999},{"data_generator_IK":0.27578548,"data_generator_T":537.59998},{"data_generator_IK":0.27507433,"data_generator_T":538.40002},{"data_generator_IK":0.27436617,"data_generator_T":539.20001},{"data_generator_IK":0.27366102,"data_generator_T":540.0},{"data_generator_IK":0.27295882,"data_generator_T":540.79999},{"data_generator_IK":0.27225956,"data_generator_T":541.59998},{"data_generator_IK":0.27156323,"data_generator_T":542.40002},{"data_generator_IK":0.27086985,"data_generator_T":543.20001},{"data_generator_IK":0.27017936,"data_generator_T":544.0},{"data_generator_IK":0.26949179,"data_generator_T":544.79999},{"data_generator_IK":0.26880708,"data_generator_T":545.59998},{"data_generator_IK":0.26812524,"data_generator_T":546.40002},{"data_generator_IK":0.26744625,"data_generator_T":547.20001},{"data_generator_IK":0.26677009,"data_generator_T":548.0},{"data_generator_IK":0.2660968,"data_generator_T":548.79999},{"data_generator_IK":0.26542631,"data_generator_T":549.59998},{"data_generator_IK":0.26475859,"data_generator_T":550.40002},{"data_generator_IK":0.2640937,"data_generator_T":551.20001},{"data_generator_IK":0.26343158,"data_generator_T":552.0},{"data_generator_IK":0.2627722,"data_generator_T":552.79999},{"data_generator_IK":0.2621156,"data_generator_T":553.59998},{"data_generator_IK":0.2614617,"data_generator_T":554.40002},{"data_generator_IK":0.26081055,"data_generator_T":555.20001},{"data_generator_IK":0.26016212,"data_generator_T":556.0},{"data_generator_IK":0.25951639,"data_generator_T":556.79999},{"data_generator_IK":0.25887334,"data_generator_T":557.59998},{"data_generator_IK":0.25823295,"data_generator_T":558.40002},{"data_generator_IK":0.25759524,"data_generator_T":559.20001},{"data_generator_IK":0.25696018,"data_generator_T":560.0},{"data_generator_IK":0.25632778,"data_generator_T":560.79999},{"data_generator_IK":0.25569797,"data_generator_T":561.59998},{"data_generator_IK":0.25507078,"data_generator_T":562.40002},{"data_generator_IK":0.25444621,"data_generator_T":563.20001},{"data_generator_IK":0.25382423,"data_generator_T":564.0},{"data_generator_IK":0.25320482,"data_generator_T":564.79999},{"data_generator_IK":0.25258797,"data_generator_T":565.59998},{"data_generator_IK":0.25197369,"data_generator_T":566.40002},{"data_generator_IK":0.25136194,"data_generator_T":567.20001},{"data_generator_IK":0.25075272,"data_generator_T":568.0},{"data_generator_IK":0.25014603,"data_generator_T":568.79999},{"data_generator_IK":0.24954183,"data_generator_T":569.59998},{"data_generator_IK":0.24894015,"data_generator_T":570.40002},{"data_generator_IK":0.24834095,"data_generator_T":571.20001},{"data_generator_IK":0.24774422,"data_generator_T":572.0},{"data_generator_IK":0.24714994,"data_generator_T":572.79999},{"data_generator_IK":0.24655813,"data_generator_T":573.59998},{"data_generator_IK":0.24596876,"data_generator_T":574.40002},{"data_generator_IK":0.24538182,"data_generator_T":575.20001},{"data_generator_IK":0.24479729,"data_generator_T":576.0},{"data_generator_IK":0.24421516,"data_generator_T":576.79999},{"data_generator_IK":0.24363543,"data_generator_T":577.59998},{"data_generator_IK":0.2430581,"data_generator_T":578.40002},{"data_generator_IK":0.24248312,"data_generator_T":579.20001},{"data_generator_IK":0.24191053,"data_generator_T":580.0},{"data_generator_IK":0.24134028,"data_generator_T":580.79999},{"data_generator_IK":0.24077237,"data_generator_T":581.59998},{"data_generator_IK":0.24020679,"data_generator_T":582.40002},{"data_generator_IK":0.23964354,"data_generator_T":583.20001},{"data_generator_IK":0.2390826,"data_generator_T":584.0},{"data_generator_IK":0.23852396,"data_generator_T":584.79999},{"data_generator_IK":0.2379676,"data_generator_T":585.59998},{"data_generator_IK":0.23741353,"data_generator_T":586.40002},{"data_generator_IK":0.23686172,"data_generator_T":587.20001},{"data_generator_IK":0.23631217,"data_generator_T":588.0},{"data_generator_IK":0.23576486,"data_generator_T":588.79999},{"data_generator_IK":0.23521981,"data_generator_T":589.59998},{"data_generator_IK":0.23467697,"data_generator_T":590.40002},{"data_generator_IK":0.23413636,"data_generator_T":591.20001},{"data_generator_IK":0.23359795,"data_generator_T":592.0},{"data_generator_IK":0.23306173,"data_generator_T":592.79999},{"data_generator_IK":0.23252772,"data_generator_T":593.59998},{"data_generator_IK":0.23199587,"data_generator_T":594.40002},{"data_generator_IK":0.23146619,"data_generator_T":595.20001},{"data_generator_IK":0.23093867,"data_generator_T":596.0},{"data_generator_IK":0.2304133,"data_generator_T":596.79999},{"data_generator_IK":0.22989008,"data_generator_T":597.59998},{"data_generator_IK":0.22936898,"data_generator_T":598.40002},{"data_generator_IK":0.22885001,"data_generator_T":599.20001},{"data_generator_IK":0.22833313,"data_generator_T":600.0},{"data_generator_IK":0.22781837,"data_generator_T":600.79999},{"data_generator_IK":0.2273057,"data_generator_T":601.59998},{"data_generator_IK":0.22679509,"data_generator_T":602.40002},{"data_generator_IK":0.22628658,"data_generator_T":603.20001},{"data_generator_IK":0.22578011,"data_generator_T":604.0},{"data_generator_IK":0.22527573,"data_generator_T":604.79999},{"data_generator_IK":0.22477336,"data_generator_T":605.59998},{"data_generator_IK":0.22427304,"data_generator_T":606.40002},{"data_generator_IK":0.22377475,"data_generator_T":607.20001},{"data_generator_IK":0.22327848,"data_generator_T":608.0},{"data_generator_IK":0.22278421,"data_generator_T":608.79999},{"data_generator_IK":0.22229195,"data_generator_T":609.59998},{"data_generator_IK":0.22180167,"data_generator_T":610.40002},{"data_generator_IK":0.22131337,"data_generator_T":611.20001},{"data_generator_IK":0.22082706,"data_generator_T":612.0},{"data_generator_IK":0.22034271,"data_generator_T":612.79999},{"data_generator_IK":0.21986032,"data_generator_T":613.59998},{"data_generator_IK":0.21937986,"data_generator_T":614.40002},{"data_generator_IK":0.21890135,"data_generator_T":615.20001},{"data_generator_IK":0.21842477,"data_generator_T":616.0},{"data_generator_IK":0.21795011,"data_generator_T":616.79999},{"data_generator_IK":0.21747735,"data_generator_T":617.59998},{"data_generator_IK":0.21700652,"data_generator_T":618.40002},{"data_generator_IK":0.21653756,"data_generator_T":619.20001},{"data_generator_IK":0.2160705,"data_generator_T":620.0},{"data_generator_IK":0.21560533,"data_generator_T":620.79999},{"data_generator_IK":0.21514203,"data_generator_T":621.59998},{"data_generator_IK":0.21468057,"data_generator_T":622.40002},{"data_generator_IK":0.21422099,"data_generator_T":623.20001},{"data_generator_IK":0.21376324,"data_generator_T":624.0},{"data_generator_IK":0.21330734,"data_generator_T":624.79999},{"data_generator_IK":0.21285325,"data_generator_T":625.59998},{"data_generator_IK":0.212401,"data_generator_T":626.40002},{"data_generator_IK":0.21195056,"data_generator_T":627.20001},{"data_generator_IK":0.21150193,"data_generator_T":628.0},{"data_generator_IK":0.21105509,"data_generator_T":628.79999},{"data_generator_IK":0.21061003,"data_generator_T":629.59998},{"data_generator_IK":0.21016677,"data_generator_T":630.40002},{"data_generator_IK":0.20972528,"data_generator_T":631.20001},{"data_generator_IK":0.20928556,"data_generator_T":632.0},{"data_generator_IK":0.2088476,"data_generator_T":632.79999},{"data_generator_IK":0.20841138,"data_generator_T":633.59998},{"data_generator_IK":0.20797691,"data_generator_T":634.40002},{"data_generator_IK":0.20754418,"data_generator_T":635.20001},{"data_generator_IK":0.20711316,"data_generator_T":636.0},{"data_generator_IK":0.20668389,"data_generator_T":636.79999},{"data_generator_IK":0.20625632,"data_generator_T":637.59998},{"data_generator_IK":0.20583044,"data_generator_T":638.40002},{"data_generator_IK":0.20540628,"data_generator_T":639.20001},{"data_generator_IK":0.2049838,"data_generator_T":640.0},{"data_generator_IK":0.20456299,"data_generator_T":640.79999},{"data_generator_IK":0.20414388,"data_generator_T":641.59998},{"data_generator_IK":0.20372643,"data_generator_T":642.40002},{"data_generator_IK":0.20331064,"data_generator_T":643.20001},{"data_generator_IK":0.20289651,"data_generator_T":644.0},{"data_generator_IK":0.20248401,"data_generator_T":644.79999},{"data_generator_IK":0.20207317,"data_generator_T":645.59998},{"data_generator_IK":0.20166396,"data_generator_T":646.40002},{"data_generator_IK":0.20125636,"data_generator_T":647.20001},{"data_generator_IK":0.2008504,"data_generator_T":648.0},{"data_generator_IK":0.20044602,"data_generator_T":648.79999},{"data_generator_IK":0.20004328,"data_generator_T":649.59998},{"data_generator_IK":0.19964212,"data_generator_T":650.40002},{"data_generator_IK":0.19924255,"data_generator_T":651.20001},{"data_generator_IK":0.19884457,"data_generator_T":652.0},{"data_generator_IK":0.19844815,"data_generator_T":652.79999},{"data_generator_IK":0.19805332,"data_generator_T":653.59998},{"data_generator_IK":0.19766004,"data_generator_T":654.40002},{"data_generator_IK":0.19726832,"data_generator_T":655.20001},{"data_generator_IK":0.19687815,"data_generator_T":656.0},{"data_generator_IK":0.19648953,"data_generator_T":656.79999},{"data_generator_IK":0.19610244,"data_generator_T":657.59998},{"data_generator_IK":0.19571689,"data_generator_T":658.40002},{"data_generator_IK":0.19533284,"data_generator_T":659.20001},{"data_generator_IK":0.19495033,"data_generator_T":660.0},{"data_generator_IK":0.19456932,"data_generator_T":660.79999},{"data_generator_IK":0.1941898,"data_generator_T":661.59998},{"data_generator_IK":0.19381179,"data_generator_T":662.40002},{"data_generator_IK":0.19343528,"data_generator_T":663.20001},{"data_generator_IK":0.19306023,"data_generator_T":664.0},{"data_generator_IK":0.19268668,"data_generator_T":664.79999},{"data_generator_IK":0.19231459,"data_generator_T":665.59998},{"data_generator_IK":0.19194397,"data_generator_T":666.40002},{"data_generator_IK":0.19157481,"data_generator_T":667.20001},{"data_generator_IK":0.1912071,"data_generator_T":668.0},{"data_generator_IK":0.19084084,"data_generator_T":668.79999},{"data_generator_IK":0.19047602,"data_generator_T":669.59998},{"data_generator_IK":0.19011262,"data_generator_T":670.40002},{"data_generator_IK":0.18975066,"data_generator_T":671.20001},{"data_generator_IK":0.18939012,"data_generator_T":672.0},{"data_generator_IK":0.18903099,"data_generator_T":672.79999},{"data_generator_IK":0.18867327,"data_generator_T":673.59998},{"data_generator_IK":0.18831696,"data_generator_T":674.40002},{"data_generator_IK":0.18796204,"data_generator_T":675.20001},{"data_generator_IK":0.18760853,"data_generator_T":676.0},{"data_generator_IK":0.18725638,"data_generator_T":676.79999},{"data_generator_IK":0.18690562,"data_generator_T":677.59998},{"data_generator_IK":0.18655623,"data_generator_T":678.40002},{"data_generator_IK":0.18620822,"data_generator_T":679.20001},{"data_generator_IK":0.18586156,"data_generator_T":680.0},{"data_generator_IK":0.18551627,"data_generator_T":680.79999},{"data_generator_IK":0.18517232,"data_generator_T":681.59998},{"data_generator_IK":0.18482971,"data_generator_T":682.40002},{"data_generator_IK":0.18448845,"data_generator_T":683.20001},{"data_generator_IK":0.18414851,"data_generator_T":684.0},{"data_generator_IK":0.18380991,"data_generator_T":684.79999},{"data_generator_IK":0.18347262,"data_generator_T":685.59998},{"data_generator_IK":0.18313666,"data_generator_T":686.40002},{"data_generator_IK":0.18280201,"data_generator_T":687.20001},{"data_generator_IK":0.18246865,"data_generator_T":688.0},{"data_generator_IK":0.1821366,"data_generator_T":688.79999},{"data_generator_IK":0.18180585,"data_generator_T":689.59998},{"data_generator_IK":0.18147637,"data_generator_T":690.40002},{"data_generator_IK":0.18114819,"data_generator_T":691.20001},{"data_generator_IK":0.18082128,"data_generator_T":692.0},{"data_generator_IK":0.18049565,"data_generator_T":692.79999},{"data_generator_IK":0.18017128,"data_generator_T":693.59998},{"data_generator_IK":0.17984816,"data_generator_T":694.40002},{"data_generator_IK":0.17952633,"data_generator_T":695.20001},{"data_generator_IK":0.17920572,"data_generator_T":696.0},{"data_generator_IK":0.17888637,"data_generator_T":696.79999},{"data_generator_IK":0.17856826,"data_generator_T":697.59998},{"data_generator_IK":0.17825139,"data_generator_T":698.40002},{"data_generator_IK":0.17793573,"data_generator_T":699.20001},{"data_generator_IK":0.1776213,"data_generator_T":700.0},{"data_generator_IK":0.17730811,"data_generator_T":700.79999},{"data_generator_IK":0.17699611,"data_generator_T":701.59998},{"data_generator_IK":0.17668533,"data_generator_T":702.40002},{"data_generator_IK":0.17637576,"data_generator_T":703.20001},{"data_generator_IK":0.17606738,"data_generator_T":704.0},{"data_generator_IK":0.17576021,"data_generator_T":704.79999},{"data_generator_IK":0.17545421,"data_generator_T":705.59998},{"data_generator_IK":0.17514941,"data_generator_T":706.40002},{"data_generator_IK":0.17484578,"data_generator_T":707.20001},{"data_generator_IK":0.17454332,"data_generator_T":708.0},{"data_generator_IK":0.17424203,"data_generator_T":708.79999},{"data_generator_IK":0.17394193,"data_generator_T":709.59998},{"data_generator_IK":0.17364296,"data_generator_T":710.40002},{"data_generator_IK":0.17334515,"data_generator_T":711.20001},{"data_generator_IK":0.1730485,"data_generator_T":712.0},{"data_generator_IK":0.17275299,"data_generator_T":712.79999},{"data_generator_IK":0.17245862,"data_generator_T":713.59998},{"data_generator_IK":0.17216538,"data_generator_T":714.40002},{"data_generator_IK":0.17187329,"data_generator_T":715.20001},{"data_generator_IK":0.17158231,"data_generator_T":716.0},{"data_generator_IK":0.17129245,"data_generator_T":716.79999},{"data_generator_IK":0.17100371,"data_generator_T":717.59998},{"data_generator_IK":0.17071608,"data_generator_T":718.40002},{"data_generator_IK":0.17042956,"data_generator_T":719.20001},{"data_generator_IK":0.17014414,"data_generator_T":720.0},{"data_generator_IK":0.16985983,"data_generator_T":720.79999},{"data_generator_IK":0.1695766,"data_generator_T":721.59998},{"data_generator_IK":0.16929448,"data_generator_T":722.40002},{"data_generator_IK":0.16901343,"data_generator_T":723.20001},{"data_generator_IK":0.16873345,"data_generator_T":724.0},{"data_generator_IK":0.16845456,"data_generator_T":724.79999},{"data_generator_IK":0.16817673,"data_generator_T":725.59998},{"data_generator_IK":0.16789998,"data_generator_T":726.40002},{"data_generator_IK":0.16762428,"data_generator_T":727.20001},{"data_generator_IK":0.16734964,"data_generator_T":728.0},{"data_generator_IK":0.16707607,"data_generator_T":728.79999},{"data_generator_IK":0.16680352,"data_generator_T":729.59998},{"data_generator_IK":0.16653204,"data_generator_T":730.40002},{"data_generator_IK":0.16626158,"data_generator_T":731.20001},{"data_generator_IK":0.16599219,"data_generator_T":732.0},{"data_generator_IK":0.1657238,"data_generator_T":732.79999},{"data_generator_IK":0.16545644,"data_generator_T":733.59998},{"data_generator_IK":0.16519012,"data_generator_T":734.40002},{"data_generator_IK":0.16492482,"data_generator_T":735.20001},{"data_generator_IK":0.16466051,"data_generator_T":736.0},{"data_generator_IK":0.16439722,"data_generator_T":736.79999},{"data_generator_IK":0.16413495,"data_generator_T":737.59998},{"data_generator_IK":0.16387367,"data_generator_T":738.40002},{"data_generator_IK":0.16361341,"data_generator_T":739.20001},{"data_generator_IK":0.16335411,"data_generator_T":740.0},{"data_generator_IK":0.16309583,"data_generator_T":740.79999},{"data_generator_IK":0.16283852,"data_generator_T":741.59998},{"data_generator_IK":0.1625822,"data_generator_T":742.40002},{"data_generator_IK":0.16232686,"data_generator_T":743.20001},{"data_generator_IK":0.16207248,"data_generator_T":744.0},{"data_generator_IK":0.16181909,"data_generator_T":744.79999},{"data_generator_IK":0.16156664,"data_generator_T":745.59998},{"data_generator_IK":0.16131517,"data_generator_T":746.40002},{"data_generator_IK":0.16106465,"data_generator_T":747.20001},{"data_generator_IK":0.16081509,"data_generator_T":748.0},{"data_generator_IK":0.16056648,"data_generator_T":748.79999},{"data_generator_IK":0.16031882,"data_generator_T":749.59998},{"data_generator_IK":0.1600721,"data_generator_T":750.40002},{"data_generator_IK":0.15982631,"data_generator_T":751.20001},{"data_generator_IK":0.15958147,"data_generator_T":752.0},{"data_generator_IK":0.15933755,"data_generator_T":752.79999},{"data_generator_IK":0.15909456,"data_generator_T":753.59998},{"data_generator_IK":0.15885249,"data_generator_T":754.40002},{"data_generator_IK":0.15861134,"data_generator_T":755.20001},{"data_generator_IK":0.15837112,"data_generator_T":756.0},{"data_generator_IK":0.15813179,"data_generator_T":756.79999},{"data_generator_IK":0.15789339,"data_generator_T":757.59998},{"data_generator_IK":0.15765588,"data_generator_T":758.40002},{"data_generator_IK":0.15741928,"data_generator_T":759.20001},{"data_generator_IK":0.15718357,"data_generator_T":760.0},{"data_generator_IK":0.15694875,"data_generator_T":760.79999},{"data_generator_IK":0.15671483,"data_generator_T":761.59998},{"data_generator_IK":0.15648179,"data_generator_T":762.40002},{"data_generator_IK":0.15624964,"data_generator_T":763.20001},{"data_generator_IK":0.15601836,"data_generator_T":764.0},{"data_generator_IK":0.15578796,"data_generator_T":764.79999},{"data_generator_IK":0.15555844,"data_generator_T":765.59998},{"data_generator_IK":0.15532978,"data_generator_T":766.40002},{"data_generator_IK":0.15510198,"data_generator_T":767.20001},{"data_generator_IK":0.15487505,"data_generator_T":768.0},{"data_generator_IK":0.15464897,"data_generator_T":768.79999},{"data_generator_IK":0.15442376,"data_generator_T":769.59998},{"data_generator_IK":0.15419939,"data_generator_T":770.40002},{"data_generator_IK":0.15397587,"data_generator_T":771.20001},{"data_generator_IK":0.15375319,"data_generator_T":772.0},{"data_generator_IK":0.15353136,"data_generator_T":772.79999},{"data_generator_IK":0.15331036,"data_generator_T":773.59998},{"data_generator_IK":0.15309019,"data_generator_T":774.40002},{"data_generator_IK":0.15287086,"data_generator_T":775.20001},{"data_generator_IK":0.15265235,"data_generator_T":776.0},{"data_generator_IK":0.15243468,"data_generator_T":776.79999},{"data_generator_IK":0.15221781,"data_generator_T":777.59998},{"data_generator_IK":0.15200177,"data_generator_T":778.40002},{"data_generator_IK":0.15178654,"data_generator_T":779.20001},{"data_generator_IK":0.15157212,"data_generator_T":780.0},{"data_generator_IK":0.1513585,"data_generator_T":780.79999},{"data_generator_IK":0.1511457,"data_generator_T":781.59998},{"data_generator_IK":0.1509337,"data_generator_T":782.40002},{"data_generator_IK":0.15072249,"data_generator_T":783.20001},{"data_generator_IK":0.15051207,"data_generator_T":784.0},{"data_generator_IK":0.15030244,"data_generator_T":784.79999},{"data_generator_IK":0.15009362,"data_generator_T":785.59998},{"data_generator_IK":0.14988557,"data_generator_T":786.40002},{"data_generator_IK":0.14967829,"data_generator_T":787.20001},{"data_generator_IK":0.1494718,"data_generator_T":788.0},{"data_generator_IK":0.14926609,"data_generator_T":788.79999},{"data_generator_IK":0.14906116,"data_generator_T":789.59998},{"data_generator_IK":0.14885698,"data_generator_T":790.40002},{"data_generator_IK":0.14865358,"data_generator_T":791.20001},{"data_generator_IK":0.14845094,"data_generator_T":792.0},{"data_generator_IK":0.14824906,"data_generator_T":792.79999},{"data_generator_IK":0.14804792,"data_generator_T":793.59998},{"data_generator_IK":0.14784756,"data_generator_T":794.40002},{"data_generator_IK":0.14764795,"data_generator_T":795.20001},{"data_generator_IK":0.14744908,"data_generator_T":796.0},{"data_generator_IK":0.14725095,"data_generator_T":796.79999},{"data_generator_IK":0.14705357,"data_generator_T":797.59998},{"data_generator_IK":0.14685692,"data_generator_T":798.40002},{"data_generator_IK":0.14666101,"data_generator_T":799.20001},{"data_generator_IK":0.14646584,"data_generator_T":800.0}]