[{"data_set_value_component_environment_variable_time":0.0,"data_set_value_component_B0_variable_B0":3.0,"data_set_value_component_B1_variable_B1":0.0,"data_set_value_component_B2_variable_B2":0.0,"data_set_value_component_B3_variable_B3":0.0,"data_set_value_component_B4_variable_B4":0.0,"data_set_value_component_B5_variable_B5":0.0,"data_set_value_component_B6_variable_B6":0.0,"data_set_value_component_B7_variable_B7":0.0,"data_set_value_component_B8_variable_B8":0.0,"data_set_value_component_B9_variable_B9":0.0,"data_set_value_component_B10_variable_B10":0.0,"data_set_value_component_centroblasts_sum_variable_B_sum":0.0,"data_set_value_component_C_variable_C":0.0,"data_set_value_component_C_variable_d":2.0,"data_set_value_component_C_star_variable_C_star":0.0,"data_set_value_component_centrocytes_sum_variable_C_starsum":0.0,"data_set_value_component_M_variable_M":0.0,"data_set_value_component_A_variable_A":500.0,"data_set_value_component_A_variable_z":0.02,"data_set_value_component_A_variable_u":0.15,"data_set_value_component_A_variable_log_A":2.6989700043,"data_set_value_component_T_variable_T":0.0,"data_set_value_component_T_variable_p":2.0,"data_set_value_component_T_variable_sigma":5.0,"data_set_value_component_T_variable_delta_T":0.8,"data_set_value_component_CA_variable_CA":0.0,"data_set_value_component_CA_variable_SA":500.0,"data_set_value_component_CT_star_variable_CT_star":0.0,"data_set_value_component_CT_star_variable_ST":50.0,"data_set_value_component_alpha_B_variable_alpha_B":1.0,"data_set_value_component_alpha_B_variable_KB":10000.0,"data_set_value_component_alpha_T_variable_alpha_T":1.0,"data_set_value_component_alpha_T_variable_KT":100.0,"data_set_value_component_total_variable_total":0.0,"data_set_value_component_total_variable_log_total":-12.0,"data_set_value_component_kinetic_parameters_variable_rho":4.0,"data_set_value_component_kinetic_parameters_variable_mu":3.0,"data_set_value_component_kinetic_parameters_variable_delta_B":0.8,"data_set_value_component_kinetic_parameters_variable_pr":0.15},{"data_set_value_component_environment_variable_time":0.1,"data_set_value_component_B0_variable_B0":1.8563501657,"data_set_value_component_B1_variable_B1":1.4849459781,"data_set_value_component_B2_variable_B2":0.5939249814,"data_set_value_component_B3_variable_B3":0.1583651592,"data_set_value_component_B4_variable_B4":0.0316708067,"data_set_value_component_B5_variable_B5":0.0050664718,"data_set_value_component_B6_variable_B6":0.0006755334,"data_set_value_component_B7_variable_B7":0.0000773015,"data_set_value_component_B8_variable_B8":0.0000077642,"data_set_value_component_B9_variable_B9":0.0000006971,"data_set_value_component_B10_variable_B10":0.0000000568,"data_set_value_component_centroblasts_sum_variable_B_sum":3.1664312803,"data_set_value_component_C_variable_C":0.0000000043,"data_set_value_component_C_variable_d":2.0,"data_set_value_component_C_star_variable_C_star":0.0000000001,"data_set_value_component_centrocytes_sum_variable_C_starsum":0.0000000044,"data_set_value_component_M_variable_M":0.0,"data_set_value_component_A_variable_A":499.0009993337,"data_set_value_component_A_variable_z":0.02,"data_set_value_component_A_variable_u":0.15,"data_set_value_component_A_variable_log_A":2.6981014154,"data_set_value_component_T_variable_T":0.4805228347,"data_set_value_component_T_variable_p":2.0,"data_set_value_component_T_variable_sigma":5.0,"data_set_value_component_T_variable_delta_T":0.8,"data_set_value_component_CA_variable_CA":0.0000000022,"data_set_value_component_CA_variable_SA":500.0,"data_set_value_component_CT_star_variable_CT_star":0.0,"data_set_value_component_CT_star_variable_ST":50.0,"data_set_value_component_alpha_B_variable_alpha_B":0.9996834571,"data_set_value_component_alpha_B_variable_KB":10000.0,"data_set_value_component_alpha_T_variable_alpha_T":0.9952177514,"data_set_value_component_alpha_T_variable_KT":100.0,"data_set_value_component_total_variable_total":3.1664312847,"data_set_value_component_total_variable_log_total":0.5005700678,"data_set_value_component_kinetic_parameters_variable_rho":4.0,"data_set_value_component_kinetic_parameters_variable_mu":3.0,"data_set_value_component_kinetic_parameters_variable_delta_B":0.8,"data_set_value_component_kinetic_parameters_variable_pr":0.15},{"data_set_value_component_environment_variable_time":0.2,"data_set_value_component_B0_variable_B0":1.1486786632,"data_set_value_component_B1_variable_B1":1.8376153141,"data_set_value_component_B2_variable_B2":1.4698765546,"data_set_value_component_B3_variable_B3":0.7838178701,"data_set_value_component_B4_variable_B4":0.3134817236,"data_set_value_component_B5_variable_B5":0.1002994138,"data_set_value_component_B6_variable_B6":0.0267423641,"data_set_value_component_B7_variable_B7":0.0061116394,"data_set_value_component_B8_variable_B8":0.0012222336,"data_set_value_component_B9_variable_B9":0.000217313,"data_set_value_component_B10_variable_B10":0.000034789,"data_set_value_component_centroblasts_sum_variable_B_sum":4.9339003388,"data_set_value_component_C_variable_C":0.0000052246,"data_set_value_component_C_variable_d":2.0,"data_set_value_component_C_star_variable_C_star":0.0000001341,"data_set_value_component_centrocytes_sum_variable_C_starsum":0.0000053587,"data_set_value_component_M_variable_M":0.0000000001,"data_set_value_component_A_variable_A":498.003994665,"data_set_value_component_A_variable_z":0.02,"data_set_value_component_A_variable_u":0.15,"data_set_value_component_A_variable_log_A":2.6972328264,"data_set_value_component_T_variable_T":0.9241013187,"data_set_value_component_T_variable_p":2.0,"data_set_value_component_T_variable_sigma":5.0,"data_set_value_component_T_variable_delta_T":0.8,"data_set_value_component_CA_variable_CA":0.0000026071,"data_set_value_component_CA_variable_SA":500.0,"data_set_value_component_CT_star_variable_CT_star":0.0000000025,"data_set_value_component_CT_star_variable_ST":50.0,"data_set_value_component_alpha_B_variable_alpha_B":0.9995068533,"data_set_value_component_alpha_B_variable_KB":10000.0,"data_set_value_component_alpha_T_variable_alpha_T":0.9908436012,"data_set_value_component_alpha_T_variable_KT":100.0,"data_set_value_component_total_variable_total":4.9339056975,"data_set_value_component_total_variable_log_total":0.6931908445,"data_set_value_component_kinetic_parameters_variable_rho":4.0,"data_set_value_component_kinetic_parameters_variable_mu":3.0,"data_set_value_component_kinetic_parameters_variable_delta_B":0.8,"data_set_value_component_kinetic_parameters_variable_pr":0.15},{"data_set_value_component_environment_variable_time":0.3,"data_set_value_component_B0_variable_B0":0.7107832898,"data_set_value_component_B1_variable_B1":1.7055451806,"data_set_value_component_B2_variable_B2":2.0462534351,"data_set_value_component_B3_variable_B3":1.6366810258,"data_set_value_component_B4_variable_B4":0.9818162399,"data_set_value_component_B5_variable_B5":0.4711797208,"data_set_value_component_B6_variable_B6":0.1884348599,"data_set_value_component_B7_variable_B7":0.0645934251,"data_set_value_component_B8_variable_B8":0.0193742231,"data_set_value_component_B9_variable_B9":0.0051655217,"data_set_value_component_B10_variable_B10":0.0012395509,"data_set_value_component_centroblasts_sum_variable_B_sum":6.9680097883,"data_set_value_component_C_variable_C":0.0002832234,"data_set_value_component_C_variable_d":2.0,"data_set_value_component_C_star_variable_C_star":0.0000110129,"data_set_value_component_centrocytes_sum_variable_C_starsum":0.0002942363,"data_set_value_component_M_variable_M":0.0000000178,"data_set_value_component_A_variable_A":497.0089814345,"data_set_value_component_A_variable_z":0.02,"data_set_value_component_A_variable_u":0.15,"data_set_value_component_A_variable_log_A":2.6963642369,"data_set_value_component_T_variable_T":1.3335758816,"data_set_value_component_T_variable_p":2.0,"data_set_value_component_T_variable_sigma":5.0,"data_set_value_component_T_variable_delta_T":0.8,"data_set_value_component_CA_variable_CA":0.0001411869,"data_set_value_component_CA_variable_SA":500.0,"data_set_value_component_CT_star_variable_CT_star":0.0000002937,"data_set_value_component_CT_star_variable_ST":50.0,"data_set_value_component_alpha_B_variable_alpha_B":0.9993036842,"data_set_value_component_alpha_B_variable_KB":10000.0,"data_set_value_component_alpha_T_variable_alpha_T":0.9868397432,"data_set_value_component_alpha_T_variable_KT":100.0,"data_set_value_component_total_variable_total":6.9683040246,"data_set_value_component_total_variable_log_total":0.8431270905,"data_set_value_component_kinetic_parameters_variable_rho":4.0,"data_set_value_component_kinetic_parameters_variable_mu":3.0,"data_set_value_component_kinetic_parameters_variable_delta_B":0.8,"data_set_value_component_kinetic_parameters_variable_pr":0.15},{"data_set_value_component_environment_variable_time":0.4,"data_set_value_component_B0_variable_B0":0.4398210277,"data_set_value_component_B1_variable_B1":1.4070712039,"data_set_value_component_B2_variable_B2":2.2507468904,"data_set_value_component_B3_variable_B3":2.4001893823,"data_set_value_component_B4_variable_B4":1.9196663547,"data_set_value_component_B5_variable_B5":1.2282772645,"data_set_value_component_B6_variable_B6":0.6549163134,"data_set_value_component_B7_variable_B7":0.2993143981,"data_set_value_component_B8_variable_B8":0.1196951219,"data_set_value_component_B9_variable_B9":0.0425474279,"data_set_value_component_B10_variable_B10":0.0136118691,"data_set_value_component_centroblasts_sum_variable_B_sum":10.1472768531,"data_set_value_component_C_variable_C":0.004212349,"data_set_value_component_C_variable_d":2.0,"data_set_value_component_C_star_variable_C_star":0.0002210327,"data_set_value_component_centrocytes_sum_variable_C_starsum":0.0044333817,"data_set_value_component_M_variable_M":0.0000006336,"data_set_value_component_A_variable_A":496.0159452052,"data_set_value_component_A_variable_z":0.02,"data_set_value_component_A_variable_u":0.15,"data_set_value_component_A_variable_log_A":2.6954956378,"data_set_value_component_T_variable_T":1.7115689956,"data_set_value_component_T_variable_p":2.0,"data_set_value_component_T_variable_sigma":5.0,"data_set_value_component_T_variable_delta_T":0.8,"data_set_value_component_CA_variable_CA":0.0020977498,"data_set_value_component_CA_variable_SA":500.0,"data_set_value_component_CT_star_variable_CT_star":0.0000075662,"data_set_value_component_CT_star_variable_ST":50.0,"data_set_value_component_alpha_B_variable_alpha_B":0.9989863009,"data_set_value_component_alpha_B_variable_KB":10000.0,"data_set_value_component_alpha_T_variable_alpha_T":0.9831723273,"data_set_value_component_alpha_T_variable_KT":100.0,"data_set_value_component_total_variable_total":10.1517102348,"data_set_value_component_total_variable_log_total":1.006539213,"data_set_value_component_kinetic_parameters_variable_rho":4.0,"data_set_value_component_kinetic_parameters_variable_mu":3.0,"data_set_value_component_kinetic_parameters_variable_delta_B":0.8,"data_set_value_component_kinetic_parameters_variable_pr":0.15},{"data_set_value_component_environment_variable_time":0.5,"data_set_value_component_B0_variable_B0":0.2721552701,"data_set_value_component_B1_variable_B1":1.088260652,"data_set_value_component_B2_variable_B2":2.1758125452,"data_set_value_component_B3_variable_B3":2.9001371134,"data_set_value_component_B4_variable_B4":2.8991908024,"data_set_value_component_B5_variable_B5":2.3185972471,"data_set_value_component_B6_variable_B6":1.5452287935,"data_set_value_component_B7_variable_B7":0.88270029,"data_set_value_component_B8_variable_B8":0.4412057319,"data_set_value_component_B9_variable_B9":0.1960269965,"data_set_value_component_B10_variable_B10":0.0783851253,"data_set_value_component_centroblasts_sum_variable_B_sum":14.9832221976,"data_set_value_component_C_variable_C":0.0308102125,"data_set_value_component_C_variable_d":2.0,"data_set_value_component_C_star_variable_C_star":0.0020458399,"data_set_value_component_centrocytes_sum_variable_C_starsum":0.0328560524,"data_set_value_component_M_variable_M":0.0000091566,"data_set_value_component_A_variable_A":495.0248006426,"data_set_value_component_A_variable_z":0.02,"data_set_value_component_A_variable_u":0.15,"data_set_value_component_A_variable_log_A":2.6946269575,"data_set_value_component_T_variable_T":2.0605065452,"data_set_value_component_T_variable_p":2.0,"data_set_value_component_T_variable_sigma":5.0,"data_set_value_component_T_variable_delta_T":0.8,"data_set_value_component_CA_variable_CA":0.0153280796,"data_set_value_component_CA_variable_SA":500.0,"data_set_value_component_CT_star_variable_CT_star":0.0000843059,"data_set_value_component_CT_star_variable_ST":50.0,"data_set_value_component_alpha_B_variable_alpha_B":0.9985039194,"data_set_value_component_alpha_B_variable_KB":10000.0,"data_set_value_component_alpha_T_variable_alpha_T":0.9798109316,"data_set_value_component_alpha_T_variable_KT":100.0,"data_set_value_component_total_variable_total":15.01607825,"data_set_value_component_total_variable_log_total":1.1765565228,"data_set_value_component_kinetic_parameters_variable_rho":4.0,"data_set_value_component_kinetic_parameters_variable_mu":3.0,"data_set_value_component_kinetic_parameters_variable_delta_B":0.8,"data_set_value_component_kinetic_parameters_variable_pr":0.15},{"data_set_value_component_environment_variable_time":0.6,"data_set_value_component_B0_variable_B0":0.1684150381,"data_set_value_component_B1_variable_B1":0.8080018012,"data_set_value_component_B2_variable_B2":1.9383777061,"data_set_value_component_B3_variable_B3":3.1000909575,"data_set_value_component_B4_variable_B4":3.7185340307,"data_set_value_component_B5_variable_B5":3.5682822835,"data_set_value_component_B6_variable_B6":2.8534192961,"data_set_value_component_B7_variable_B7":1.9558035627,"data_set_value_component_B8_variable_B8":1.1729855816,"data_set_value_component_B9_variable_B9":0.6253269177,"data_set_value_component_B10_variable_B10":0.3000293611,"data_set_value_component_centroblasts_sum_variable_B_sum":21.7638948893,"data_set_value_component_C_variable_C":0.1438409948,"data_set_value_component_C_variable_d":2.0,"data_set_value_component_C_star_variable_C_star":0.0116057293,"data_set_value_component_centrocytes_sum_variable_C_starsum":0.1554467241,"data_set_value_component_M_variable_M":0.0000748756,"data_set_value_component_A_variable_A":494.0351776051,"data_set_value_component_A_variable_z":0.02,"data_set_value_component_A_variable_u":0.15,"data_set_value_component_A_variable_log_A":2.6937578738,"data_set_value_component_T_variable_T":2.3826591117,"data_set_value_component_T_variable_p":2.0,"data_set_value_component_T_variable_sigma":5.0,"data_set_value_component_T_variable_delta_T":0.8,"data_set_value_component_CA_variable_CA":0.0714889302,"data_set_value_component_CA_variable_SA":500.0,"data_set_value_component_CT_star_variable_CT_star":0.0005529216,"data_set_value_component_CT_star_variable_ST":50.0,"data_set_value_component_alpha_B_variable_alpha_B":0.9978283369,"data_set_value_component_alpha_B_variable_KB":10000.0,"data_set_value_component_alpha_T_variable_alpha_T":0.9767279036,"data_set_value_component_alpha_T_variable_KT":100.0,"data_set_value_component_total_variable_total":21.9193416134,"data_set_value_component_total_variable_log_total":1.3408275052,"data_set_value_component_kinetic_parameters_variable_rho":4.0,"data_set_value_component_kinetic_parameters_variable_mu":3.0,"data_set_value_component_kinetic_parameters_variable_delta_B":0.8,"data_set_value_component_kinetic_parameters_variable_pr":0.15},{"data_set_value_component_environment_variable_time":0.7,"data_set_value_component_B0_variable_B0":0.1042626453,"data_set_value_component_B1_variable_B1":0.5832537099,"data_set_value_component_B2_variable_B2":1.63216414,"data_set_value_component_B3_variable_B3":3.0450259855,"data_set_value_component_B4_variable_B4":4.2606971738,"data_set_value_component_B5_variable_B5":4.7693649091,"data_set_value_component_B6_variable_B6":4.4489687397,"data_set_value_component_B7_variable_B7":3.5572261264,"data_set_value_component_B8_variable_B8":2.4886945667,"data_set_value_component_B9_variable_B9":1.5476721649,"data_set_value_component_B10_variable_B10":0.8662206496,"data_set_value_component_centroblasts_sum_variable_B_sum":30.5993464752,"data_set_value_component_C_variable_C":0.4926032553,"data_set_value_component_C_variable_d":2.0,"data_set_value_component_C_star_variable_C_star":0.0469618354,"data_set_value_component_centrocytes_sum_variable_C_starsum":0.5395650906,"data_set_value_component_M_variable_M":0.0004134246,"data_set_value_component_A_variable_A":493.0459403942,"data_set_value_component_A_variable_z":0.02,"data_set_value_component_A_variable_u":0.15,"data_set_value_component_A_variable_log_A":2.6928873873,"data_set_value_component_T_variable_T":2.6802455978,"data_set_value_component_T_variable_p":2.0,"data_set_value_component_T_variable_sigma":5.0,"data_set_value_component_T_variable_delta_T":0.8,"data_set_value_component_CA_variable_CA":0.2445768371,"data_set_value_component_CA_variable_SA":500.0,"data_set_value_component_CT_star_variable_CT_star":0.0025150228,"data_set_value_component_CT_star_variable_ST":50.0,"data_set_value_component_alpha_B_variable_alpha_B":0.9969494,"data_set_value_component_alpha_B_variable_KB":10000.0,"data_set_value_component_alpha_T_variable_alpha_T":0.9738971641,"data_set_value_component_alpha_T_variable_KT":100.0,"data_set_value_component_total_variable_total":31.1389115659,"data_set_value_component_total_variable_log_total":1.4933034281,"data_set_value_component_kinetic_parameters_variable_rho":4.0,"data_set_value_component_kinetic_parameters_variable_mu":3.0,"data_set_value_component_kinetic_parameters_variable_delta_B":0.8,"data_set_value_component_kinetic_parameters_variable_pr":0.15},{"data_set_value_component_environment_variable_time":0.8,"data_set_value_component_B0_variable_B0":0.0647068979,"data_set_value_component_B1_variable_B1":0.4124837487,"data_set_value_component_B2_variable_B2":1.3187503341,"data_set_value_component_B3_variable_B3":2.8112895603,"data_set_value_component_B4_variable_B4":4.4948839387,"data_set_value_component_B5_variable_B5":5.749402704,"data_set_value_component_B6_variable_B6":6.1283854077,"data_set_value_component_B7_variable_B7":5.5991586808,"data_set_value_component_B8_variable_B8":4.4761804147,"data_set_value_component_B9_variable_B9":3.1808250869,"data_set_value_component_B10_variable_B10":2.03429677,"data_set_value_component_centroblasts_sum_variable_B_sum":41.4277754682,"data_set_value_component_C_variable_C":1.3446338806,"data_set_value_component_C_variable_d":2.0,"data_set_value_component_C_star_variable_C_star":0.1483982122,"data_set_value_component_centrocytes_sum_variable_C_starsum":1.4930320928,"data_set_value_component_M_variable_M":0.0017125799,"data_set_value_component_A_variable_A":492.0544218805,"data_set_value_component_A_variable_z":0.02,"data_set_value_component_A_variable_u":0.15,"data_set_value_component_A_variable_log_A":2.692013139,"data_set_value_component_T_variable_T":2.9556611469,"data_set_value_component_T_variable_p":2.0,"data_set_value_component_T_variable_sigma":5.0,"data_set_value_component_T_variable_delta_T":0.8,"data_set_value_component_CA_variable_CA":0.6669322087,"data_set_value_component_CA_variable_SA":500.0,"data_set_value_component_CT_star_variable_CT_star":0.0087463378,"data_set_value_component_CT_star_variable_ST":50.0,"data_set_value_component_alpha_B_variable_alpha_B":0.9958743143,"data_set_value_component_alpha_B_variable_KB":10000.0,"data_set_value_component_alpha_T_variable_alpha_T":0.9712919026,"data_set_value_component_alpha_T_variable_KT":100.0,"data_set_value_component_total_variable_total":42.920807561,"data_set_value_component_total_variable_log_total":1.6326678847,"data_set_value_component_kinetic_parameters_variable_rho":4.0,"data_set_value_component_kinetic_parameters_variable_mu":3.0,"data_set_value_component_kinetic_parameters_variable_delta_B":0.8,"data_set_value_component_kinetic_parameters_variable_pr":0.15},{"data_set_value_component_environment_variable_time":0.9,"data_set_value_component_B0_variable_B0":0.0406203722,"data_set_value_component_B1_variable_B1":0.2873693919,"data_set_value_component_B2_variable_B2":1.032520036,"data_set_value_component_B3_variable_B3":2.4755397939,"data_set_value_component_B4_variable_B4":4.4519230145,"data_set_value_component_B5_variable_B5":6.4050491096,"data_set_value_component_B6_variable_B6":7.6792267633,"data_set_value_component_B7_variable_B7":7.8916195226,"data_set_value_component_B8_variable_B8":7.0961532199,"data_set_value_component_B9_variable_B9":5.6718838007,"data_set_value_component_B10_variable_B10":4.0801308042,"data_set_value_component_centroblasts_sum_variable_B_sum":54.0054915759,"data_set_value_component_C_variable_C":3.0865333167,"data_set_value_component_C_variable_d":2.0,"data_set_value_component_C_star_variable_C_star":0.3882423332,"data_set_value_component_centrocytes_sum_variable_C_starsum":3.4747756499,"data_set_value_component_M_variable_M":0.0056945394,"data_set_value_component_A_variable_A":491.0555258046,"data_set_value_component_A_variable_z":0.02,"data_set_value_component_A_variable_u":0.15,"data_set_value_component_A_variable_log_A":2.6911306025,"data_set_value_component_T_variable_T":3.2118726372,"data_set_value_component_T_variable_p":2.0,"data_set_value_component_T_variable_sigma":5.0,"data_set_value_component_T_variable_delta_T":0.8,"data_set_value_component_CA_variable_CA":1.5293383683,"data_set_value_component_CA_variable_SA":500.0,"data_set_value_component_CT_star_variable_CT_star":0.0247475377,"data_set_value_component_CT_star_variable_ST":50.0,"data_set_value_component_alpha_B_variable_alpha_B":0.9946284601,"data_set_value_component_alpha_B_variable_KB":10000.0,"data_set_value_component_alpha_T_variable_alpha_T":0.9688807832,"data_set_value_component_alpha_T_variable_KT":100.0,"data_set_value_component_total_variable_total":57.4802672258,"data_set_value_component_total_variable_log_total":1.7595187785,"data_set_value_component_kinetic_parameters_variable_rho":4.0,"data_set_value_component_kinetic_parameters_variable_mu":3.0,"data_set_value_component_kinetic_parameters_variable_delta_B":0.8,"data_set_value_component_kinetic_parameters_variable_pr":0.15},{"data_set_value_component_environment_variable_time":1.0,"data_set_value_component_B0_variable_B0":0.0266163327,"data_set_value_component_B1_variable_B1":0.1983284039,"data_set_value_component_B2_variable_B2":0.7888337618,"data_set_value_component_B3_variable_B3":2.100105812,"data_set_value_component_B4_variable_B4":4.1952065103,"data_set_value_component_B5_variable_B5":6.7048080227,"data_set_value_component_B6_variable_B6":8.9298530753,"data_set_value_component_B7_variable_B7":10.1942917395,"data_set_value_component_B8_variable_B8":10.1830613883,"data_set_value_component_B9_variable_B9":9.041641935,"data_set_value_component_B10_variable_B10":7.2253471447,"data_set_value_component_centroblasts_sum_variable_B_sum":67.900825511,"data_set_value_component_C_variable_C":6.1800346726,"data_set_value_component_C_variable_d":2.0,"data_set_value_component_C_star_variable_C_star":0.8751851328,"data_set_value_component_centrocytes_sum_variable_C_starsum":7.0552198054,"data_set_value_component_M_variable_M":0.0159102481,"data_set_value_component_A_variable_A":490.0409934282,"data_set_value_component_A_variable_z":0.02,"data_set_value_component_A_variable_u":0.15,"data_set_value_component_A_variable_log_A":2.6902324116,"data_set_value_component_T_variable_T":3.4529481677,"data_set_value_component_T_variable_p":2.0,"data_set_value_component_T_variable_sigma":5.0,"data_set_value_component_T_variable_delta_T":0.8,"data_set_value_component_CA_variable_CA":3.058934277,"data_set_value_component_CA_variable_SA":500.0,"data_set_value_component_CT_star_variable_CT_star":0.059399664,"data_set_value_component_CT_star_variable_ST":50.0,"data_set_value_component_alpha_B_variable_alpha_B":0.9932557117,"data_set_value_component_alpha_B_variable_KB":10000.0,"data_set_value_component_alpha_T_variable_alpha_T":0.9666230085,"data_set_value_component_alpha_T_variable_KT":100.0,"data_set_value_component_total_variable_total":74.9560453164,"data_set_value_component_total_variable_log_total":1.8748066651,"data_set_value_component_kinetic_parameters_variable_rho":4.0,"data_set_value_component_kinetic_parameters_variable_mu":3.0,"data_set_value_component_kinetic_parameters_variable_delta_B":0.8,"data_set_value_component_kinetic_parameters_variable_pr":0.15}]