[{"data_set_value_component_environment_variable_time":0.0,"data_set_value_component_parameters_variable_k0_12":80000.0,"data_set_value_component_parameters_variable_k0_21":500.0,"data_set_value_component_parameters_variable_k0_23":100000.0,"data_set_value_component_parameters_variable_k0_32":20.0,"data_set_value_component_parameters_variable_k0_34":50.0,"data_set_value_component_parameters_variable_k0_43":50.0,"data_set_value_component_parameters_variable_k0_45":800.0,"data_set_value_component_parameters_variable_k0_54":18300000.0,"data_set_value_component_parameters_variable_k0_25":0.3,"data_set_value_component_parameters_variable_k0_52":1.37,"data_set_value_component_parameters_variable_k0_56":10.0,"data_set_value_component_parameters_variable_k0_65":50.0,"data_set_value_component_parameters_variable_k0_61":5.0,"data_set_value_component_parameters_variable_k0_16":35.0,"data_set_value_component_parameters_variable_delta":0.7,"data_set_value_component_parameters_variable_alpha_p":0.3,"data_set_value_component_parameters_variable_alpha_pp":0.0,"data_set_value_component_parameters_variable_N_C":60000000000.0,"data_set_value_component_parameters_variable_N_Avo":6.022e+23,"data_set_value_component_parameters_variable_area":1000000.0,"data_set_value_component_parameters_variable_C_T":0.0000000996,"data_set_value_component_parameters_variable_n":2.0,"data_set_value_component_parameters_variable_z_c":-2.0,"data_set_value_component_parameters_variable_z_Na":1.0,"data_set_value_component_parameters_variable_F":96485.34,"data_set_value_component_parameters_variable_R":8.314,"data_set_value_component_parameters_variable_T":310.0,"data_set_value_component_parameters_variable_mu":-1.8718007713,"data_set_value_component_ion_concentrations_variable_V":-0.05,"data_set_value_component_ion_concentrations_variable_Na_i":0.02,"data_set_value_component_ion_concentrations_variable_Na_o":0.1,"data_set_value_component_ion_concentrations_variable_glucose_i":0.00001,"data_set_value_component_ion_concentrations_variable_glucose_o":0.0,"data_set_value_component_rate_constants_variable_k_12":1402.696814954,"data_set_value_component_rate_constants_variable_k_21":285.1649734537,"data_set_value_component_rate_constants_variable_k_23":0.0,"data_set_value_component_rate_constants_variable_k_32":20.0,"data_set_value_component_rate_constants_variable_k_34":50.0,"data_set_value_component_rate_constants_variable_k_43":50.0,"data_set_value_component_rate_constants_variable_k_45":800.0,"data_set_value_component_rate_constants_variable_k_54":182.8571428571,"data_set_value_component_rate_constants_variable_k_25":0.3,"data_set_value_component_rate_constants_variable_k_52":1.3714285714,"data_set_value_component_rate_constants_variable_k_56":10.0,"data_set_value_component_rate_constants_variable_k_65":0.02,"data_set_value_component_rate_constants_variable_k_61":18.5356972214,"data_set_value_component_rate_constants_variable_k_16":9.4412418324,"data_set_value_component_rate_constants_variable_ks_12":140269.6814953981,"data_set_value_component_rate_constants_variable_k0_54_temp":18285714.2857142873,"data_set_value_component_rate_constants_variable_k_52_temp":1.37,"data_set_value_component_kinetic_equations_variable_C_1":0.000000015,"data_set_value_component_kinetic_equations_variable_C_2":0.000000074,"data_set_value_component_kinetic_equations_variable_C_3":0.0000000002,"data_set_value_component_kinetic_equations_variable_C_4":0.0000000003,"data_set_value_component_kinetic_equations_variable_C_5":0.0000000015,"data_set_value_component_kinetic_equations_variable_C_6":0.0000000085,"data_set_value_component_kinetic_equations_variable_C_6_temp":0.0000000085,"data_set_value_component_king_altman_states_variable_C1_sum":4397252313.8924303055,"data_set_value_component_king_altman_states_variable_C2_sum":21614084655.1032104492,"data_set_value_component_king_altman_states_variable_C3_sum":71883959.7209779918,"data_set_value_component_king_altman_states_variable_C4_sum":100637543.6093692034,"data_set_value_component_king_altman_states_variable_C5_sum":448151561.3854720592,"data_set_value_component_king_altman_states_variable_C6_sum":2478863367.8839049339,"data_set_value_component_king_altman_states_variable_C_sum":29110873401.5953674316,"data_set_value_component_king_altman_states_variable_C1":0.0000000151,"data_set_value_component_king_altman_states_variable_C2":0.000000074,"data_set_value_component_king_altman_states_variable_C3":0.0000000002,"data_set_value_component_king_altman_states_variable_C4":0.0000000003,"data_set_value_component_king_altman_states_variable_C5":0.0000000015,"data_set_value_component_king_altman_states_variable_C6":0.0000000085,"data_set_value_component_NBC_current_variable_I_NaGl_pSS":-0.0029309236,"data_set_value_component_NBC_current_variable_I_NaGl_SS":-0.0029271185,"data_set_value_component_phenomonological_constants_variable_epsilon":-4.4363504042,"data_set_value_component_phenomonological_constants_variable_lambda":2.344265992e+16,"data_set_value_component_phenomonological_constants_variable_chi":0.0000958522,"data_set_value_component_phenomonological_constants_variable_alpha":0.0000002833,"data_set_value_component_phenomonological_constants_variable_beta":0.0000477847,"data_set_value_component_phenomonological_constants_variable_gamma":0.0000000006,"data_set_value_component_phenomonological_constants_variable_phi":-0.0000189654,"data_set_value_component_phenomonological_constants_variable_Imax_Na":-0.0038041841,"data_set_value_component_phenomonological_constants_variable_Imax_gluc":-0.0848901587,"data_set_value_component_phenomonological_constants_variable_Khalf_Na_sq":0.0029552586,"data_set_value_component_phenomonological_constants_variable_Khalf_Na":0.0543622906,"data_set_value_component_phenomonological_constants_variable_Khalf_gluc":0.0001235885},{"data_set_value_component_environment_variable_time":0.1,"data_set_value_component_parameters_variable_k0_12":80000.0,"data_set_value_component_parameters_variable_k0_21":500.0,"data_set_value_component_parameters_variable_k0_23":100000.0,"data_set_value_component_parameters_variable_k0_32":20.0,"data_set_value_component_parameters_variable_k0_34":50.0,"data_set_value_component_parameters_variable_k0_43":50.0,"data_set_value_component_parameters_variable_k0_45":800.0,"data_set_value_component_parameters_variable_k0_54":18300000.0,"data_set_value_component_parameters_variable_k0_25":0.3,"data_set_value_component_parameters_variable_k0_52":1.37,"data_set_value_component_parameters_variable_k0_56":10.0,"data_set_value_component_parameters_variable_k0_65":50.0,"data_set_value_component_parameters_variable_k0_61":5.0,"data_set_value_component_parameters_variable_k0_16":35.0,"data_set_value_component_parameters_variable_delta":0.7,"data_set_value_component_parameters_variable_alpha_p":0.3,"data_set_value_component_parameters_variable_alpha_pp":0.0,"data_set_value_component_parameters_variable_N_C":60000000000.0,"data_set_value_component_parameters_variable_N_Avo":6.022e+23,"data_set_value_component_parameters_variable_area":1000000.0,"data_set_value_component_parameters_variable_C_T":0.0000000996,"data_set_value_component_parameters_variable_n":2.0,"data_set_value_component_parameters_variable_z_c":-2.0,"data_set_value_component_parameters_variable_z_Na":1.0,"data_set_value_component_parameters_variable_F":96485.34,"data_set_value_component_parameters_variable_R":8.314,"data_set_value_component_parameters_variable_T":310.0,"data_set_value_component_parameters_variable_mu":-1.8718007713,"data_set_value_component_ion_concentrations_variable_V":-0.05,"data_set_value_component_ion_concentrations_variable_Na_i":0.02,"data_set_value_component_ion_concentrations_variable_Na_o":0.1,"data_set_value_component_ion_concentrations_variable_glucose_i":0.00001,"data_set_value_component_ion_concentrations_variable_glucose_o":0.0,"data_set_value_component_rate_constants_variable_k_12":1402.696814954,"data_set_value_component_rate_constants_variable_k_21":285.1649734537,"data_set_value_component_rate_constants_variable_k_23":0.0,"data_set_value_component_rate_constants_variable_k_32":20.0,"data_set_value_component_rate_constants_variable_k_34":50.0,"data_set_value_component_rate_constants_variable_k_43":50.0,"data_set_value_component_rate_constants_variable_k_45":800.0,"data_set_value_component_rate_constants_variable_k_54":182.8571428571,"data_set_value_component_rate_constants_variable_k_25":0.3,"data_set_value_component_rate_constants_variable_k_52":1.3714285714,"data_set_value_component_rate_constants_variable_k_56":10.0,"data_set_value_component_rate_constants_variable_k_65":0.02,"data_set_value_component_rate_constants_variable_k_61":18.5356972214,"data_set_value_component_rate_constants_variable_k_16":9.4412418324,"data_set_value_component_rate_constants_variable_ks_12":140269.6814953981,"data_set_value_component_rate_constants_variable_k0_54_temp":18285714.2857142873,"data_set_value_component_rate_constants_variable_k_52_temp":1.37,"data_set_value_component_kinetic_equations_variable_C_1":0.000000015,"data_set_value_component_kinetic_equations_variable_C_2":0.000000074,"data_set_value_component_kinetic_equations_variable_C_3":0.0000000002,"data_set_value_component_kinetic_equations_variable_C_4":0.0000000003,"data_set_value_component_kinetic_equations_variable_C_5":0.0000000015,"data_set_value_component_kinetic_equations_variable_C_6":0.0000000085,"data_set_value_component_kinetic_equations_variable_C_6_temp":0.0000000085,"data_set_value_component_king_altman_states_variable_C1_sum":4397252313.8924303055,"data_set_value_component_king_altman_states_variable_C2_sum":21614084655.1032104492,"data_set_value_component_king_altman_states_variable_C3_sum":71883959.7209779918,"data_set_value_component_king_altman_states_variable_C4_sum":100637543.6093692034,"data_set_value_component_king_altman_states_variable_C5_sum":448151561.3854720592,"data_set_value_component_king_altman_states_variable_C6_sum":2478863367.8839049339,"data_set_value_component_king_altman_states_variable_C_sum":29110873401.5953674316,"data_set_value_component_king_altman_states_variable_C1":0.0000000151,"data_set_value_component_king_altman_states_variable_C2":0.000000074,"data_set_value_component_king_altman_states_variable_C3":0.0000000002,"data_set_value_component_king_altman_states_variable_C4":0.0000000003,"data_set_value_component_king_altman_states_variable_C5":0.0000000015,"data_set_value_component_king_altman_states_variable_C6":0.0000000085,"data_set_value_component_NBC_current_variable_I_NaGl_pSS":-0.0029276139,"data_set_value_component_NBC_current_variable_I_NaGl_SS":-0.0029271185,"data_set_value_component_phenomonological_constants_variable_epsilon":-4.4363504042,"data_set_value_component_phenomonological_constants_variable_lambda":2.344265992e+16,"data_set_value_component_phenomonological_constants_variable_chi":0.0000958522,"data_set_value_component_phenomonological_constants_variable_alpha":0.0000002833,"data_set_value_component_phenomonological_constants_variable_beta":0.0000477847,"data_set_value_component_phenomonological_constants_variable_gamma":0.0000000006,"data_set_value_component_phenomonological_constants_variable_phi":-0.0000189654,"data_set_value_component_phenomonological_constants_variable_Imax_Na":-0.0038041841,"data_set_value_component_phenomonological_constants_variable_Imax_gluc":-0.0848901587,"data_set_value_component_phenomonological_constants_variable_Khalf_Na_sq":0.0029552586,"data_set_value_component_phenomonological_constants_variable_Khalf_Na":0.0543622906,"data_set_value_component_phenomonological_constants_variable_Khalf_gluc":0.0001235885},{"data_set_value_component_environment_variable_time":0.2,"data_set_value_component_parameters_variable_k0_12":80000.0,"data_set_value_component_parameters_variable_k0_21":500.0,"data_set_value_component_parameters_variable_k0_23":100000.0,"data_set_value_component_parameters_variable_k0_32":20.0,"data_set_value_component_parameters_variable_k0_34":50.0,"data_set_value_component_parameters_variable_k0_43":50.0,"data_set_value_component_parameters_variable_k0_45":800.0,"data_set_value_component_parameters_variable_k0_54":18300000.0,"data_set_value_component_parameters_variable_k0_25":0.3,"data_set_value_component_parameters_variable_k0_52":1.37,"data_set_value_component_parameters_variable_k0_56":10.0,"data_set_value_component_parameters_variable_k0_65":50.0,"data_set_value_component_parameters_variable_k0_61":5.0,"data_set_value_component_parameters_variable_k0_16":35.0,"data_set_value_component_parameters_variable_delta":0.7,"data_set_value_component_parameters_variable_alpha_p":0.3,"data_set_value_component_parameters_variable_alpha_pp":0.0,"data_set_value_component_parameters_variable_N_C":60000000000.0,"data_set_value_component_parameters_variable_N_Avo":6.022e+23,"data_set_value_component_parameters_variable_area":1000000.0,"data_set_value_component_parameters_variable_C_T":0.0000000996,"data_set_value_component_parameters_variable_n":2.0,"data_set_value_component_parameters_variable_z_c":-2.0,"data_set_value_component_parameters_variable_z_Na":1.0,"data_set_value_component_parameters_variable_F":96485.34,"data_set_value_component_parameters_variable_R":8.314,"data_set_value_component_parameters_variable_T":310.0,"data_set_value_component_parameters_variable_mu":-1.8718007713,"data_set_value_component_ion_concentrations_variable_V":-0.05,"data_set_value_component_ion_concentrations_variable_Na_i":0.02,"data_set_value_component_ion_concentrations_variable_Na_o":0.1,"data_set_value_component_ion_concentrations_variable_glucose_i":0.00001,"data_set_value_component_ion_concentrations_variable_glucose_o":0.0,"data_set_value_component_rate_constants_variable_k_12":1402.696814954,"data_set_value_component_rate_constants_variable_k_21":285.1649734537,"data_set_value_component_rate_constants_variable_k_23":0.0,"data_set_value_component_rate_constants_variable_k_32":20.0,"data_set_value_component_rate_constants_variable_k_34":50.0,"data_set_value_component_rate_constants_variable_k_43":50.0,"data_set_value_component_rate_constants_variable_k_45":800.0,"data_set_value_component_rate_constants_variable_k_54":182.8571428571,"data_set_value_component_rate_constants_variable_k_25":0.3,"data_set_value_component_rate_constants_variable_k_52":1.3714285714,"data_set_value_component_rate_constants_variable_k_56":10.0,"data_set_value_component_rate_constants_variable_k_65":0.02,"data_set_value_component_rate_constants_variable_k_61":18.5356972214,"data_set_value_component_rate_constants_variable_k_16":9.4412418324,"data_set_value_component_rate_constants_variable_ks_12":140269.6814953981,"data_set_value_component_rate_constants_variable_k0_54_temp":18285714.2857142873,"data_set_value_component_rate_constants_variable_k_52_temp":1.37,"data_set_value_component_kinetic_equations_variable_C_1":0.000000015,"data_set_value_component_kinetic_equations_variable_C_2":0.000000074,"data_set_value_component_kinetic_equations_variable_C_3":0.0000000002,"data_set_value_component_kinetic_equations_variable_C_4":0.0000000003,"data_set_value_component_kinetic_equations_variable_C_5":0.0000000015,"data_set_value_component_kinetic_equations_variable_C_6":0.0000000085,"data_set_value_component_kinetic_equations_variable_C_6_temp":0.0000000085,"data_set_value_component_king_altman_states_variable_C1_sum":4397252313.8924303055,"data_set_value_component_king_altman_states_variable_C2_sum":21614084655.1032104492,"data_set_value_component_king_altman_states_variable_C3_sum":71883959.7209779918,"data_set_value_component_king_altman_states_variable_C4_sum":100637543.6093692034,"data_set_value_component_king_altman_states_variable_C5_sum":448151561.3854720592,"data_set_value_component_king_altman_states_variable_C6_sum":2478863367.8839049339,"data_set_value_component_king_altman_states_variable_C_sum":29110873401.5953674316,"data_set_value_component_king_altman_states_variable_C1":0.0000000151,"data_set_value_component_king_altman_states_variable_C2":0.000000074,"data_set_value_component_king_altman_states_variable_C3":0.0000000002,"data_set_value_component_king_altman_states_variable_C4":0.0000000003,"data_set_value_component_king_altman_states_variable_C5":0.0000000015,"data_set_value_component_king_altman_states_variable_C6":0.0000000085,"data_set_value_component_NBC_current_variable_I_NaGl_pSS":-0.0029274581,"data_set_value_component_NBC_current_variable_I_NaGl_SS":-0.0029271185,"data_set_value_component_phenomonological_constants_variable_epsilon":-4.4363504042,"data_set_value_component_phenomonological_constants_variable_lambda":2.344265992e+16,"data_set_value_component_phenomonological_constants_variable_chi":0.0000958522,"data_set_value_component_phenomonological_constants_variable_alpha":0.0000002833,"data_set_value_component_phenomonological_constants_variable_beta":0.0000477847,"data_set_value_component_phenomonological_constants_variable_gamma":0.0000000006,"data_set_value_component_phenomonological_constants_variable_phi":-0.0000189654,"data_set_value_component_phenomonological_constants_variable_Imax_Na":-0.0038041841,"data_set_value_component_phenomonological_constants_variable_Imax_gluc":-0.0848901587,"data_set_value_component_phenomonological_constants_variable_Khalf_Na_sq":0.0029552586,"data_set_value_component_phenomonological_constants_variable_Khalf_Na":0.0543622906,"data_set_value_component_phenomonological_constants_variable_Khalf_gluc":0.0001235885},{"data_set_value_component_environment_variable_time":0.3,"data_set_value_component_parameters_variable_k0_12":80000.0,"data_set_value_component_parameters_variable_k0_21":500.0,"data_set_value_component_parameters_variable_k0_23":100000.0,"data_set_value_component_parameters_variable_k0_32":20.0,"data_set_value_component_parameters_variable_k0_34":50.0,"data_set_value_component_parameters_variable_k0_43":50.0,"data_set_value_component_parameters_variable_k0_45":800.0,"data_set_value_component_parameters_variable_k0_54":18300000.0,"data_set_value_component_parameters_variable_k0_25":0.3,"data_set_value_component_parameters_variable_k0_52":1.37,"data_set_value_component_parameters_variable_k0_56":10.0,"data_set_value_component_parameters_variable_k0_65":50.0,"data_set_value_component_parameters_variable_k0_61":5.0,"data_set_value_component_parameters_variable_k0_16":35.0,"data_set_value_component_parameters_variable_delta":0.7,"data_set_value_component_parameters_variable_alpha_p":0.3,"data_set_value_component_parameters_variable_alpha_pp":0.0,"data_set_value_component_parameters_variable_N_C":60000000000.0,"data_set_value_component_parameters_variable_N_Avo":6.022e+23,"data_set_value_component_parameters_variable_area":1000000.0,"data_set_value_component_parameters_variable_C_T":0.0000000996,"data_set_value_component_parameters_variable_n":2.0,"data_set_value_component_parameters_variable_z_c":-2.0,"data_set_value_component_parameters_variable_z_Na":1.0,"data_set_value_component_parameters_variable_F":96485.34,"data_set_value_component_parameters_variable_R":8.314,"data_set_value_component_parameters_variable_T":310.0,"data_set_value_component_parameters_variable_mu":-1.8718007713,"data_set_value_component_ion_concentrations_variable_V":-0.05,"data_set_value_component_ion_concentrations_variable_Na_i":0.02,"data_set_value_component_ion_concentrations_variable_Na_o":0.1,"data_set_value_component_ion_concentrations_variable_glucose_i":0.00001,"data_set_value_component_ion_concentrations_variable_glucose_o":0.0,"data_set_value_component_rate_constants_variable_k_12":1402.696814954,"data_set_value_component_rate_constants_variable_k_21":285.1649734537,"data_set_value_component_rate_constants_variable_k_23":0.0,"data_set_value_component_rate_constants_variable_k_32":20.0,"data_set_value_component_rate_constants_variable_k_34":50.0,"data_set_value_component_rate_constants_variable_k_43":50.0,"data_set_value_component_rate_constants_variable_k_45":800.0,"data_set_value_component_rate_constants_variable_k_54":182.8571428571,"data_set_value_component_rate_constants_variable_k_25":0.3,"data_set_value_component_rate_constants_variable_k_52":1.3714285714,"data_set_value_component_rate_constants_variable_k_56":10.0,"data_set_value_component_rate_constants_variable_k_65":0.02,"data_set_value_component_rate_constants_variable_k_61":18.5356972214,"data_set_value_component_rate_constants_variable_k_16":9.4412418324,"data_set_value_component_rate_constants_variable_ks_12":140269.6814953981,"data_set_value_component_rate_constants_variable_k0_54_temp":18285714.2857142873,"data_set_value_component_rate_constants_variable_k_52_temp":1.37,"data_set_value_component_kinetic_equations_variable_C_1":0.000000015,"data_set_value_component_kinetic_equations_variable_C_2":0.000000074,"data_set_value_component_kinetic_equations_variable_C_3":0.0000000002,"data_set_value_component_kinetic_equations_variable_C_4":0.0000000003,"data_set_value_component_kinetic_equations_variable_C_5":0.0000000015,"data_set_value_component_kinetic_equations_variable_C_6":0.0000000085,"data_set_value_component_kinetic_equations_variable_C_6_temp":0.0000000085,"data_set_value_component_king_altman_states_variable_C1_sum":4397252313.8924303055,"data_set_value_component_king_altman_states_variable_C2_sum":21614084655.1032104492,"data_set_value_component_king_altman_states_variable_C3_sum":71883959.7209779918,"data_set_value_component_king_altman_states_variable_C4_sum":100637543.6093692034,"data_set_value_component_king_altman_states_variable_C5_sum":448151561.3854720592,"data_set_value_component_king_altman_states_variable_C6_sum":2478863367.8839049339,"data_set_value_component_king_altman_states_variable_C_sum":29110873401.5953674316,"data_set_value_component_king_altman_states_variable_C1":0.0000000151,"data_set_value_component_king_altman_states_variable_C2":0.000000074,"data_set_value_component_king_altman_states_variable_C3":0.0000000002,"data_set_value_component_king_altman_states_variable_C4":0.0000000003,"data_set_value_component_king_altman_states_variable_C5":0.0000000015,"data_set_value_component_king_altman_states_variable_C6":0.0000000085,"data_set_value_component_NBC_current_variable_I_NaGl_pSS":-0.0029273023,"data_set_value_component_NBC_current_variable_I_NaGl_SS":-0.0029271185,"data_set_value_component_phenomonological_constants_variable_epsilon":-4.4363504042,"data_set_value_component_phenomonological_constants_variable_lambda":2.344265992e+16,"data_set_value_component_phenomonological_constants_variable_chi":0.0000958522,"data_set_value_component_phenomonological_constants_variable_alpha":0.0000002833,"data_set_value_component_phenomonological_constants_variable_beta":0.0000477847,"data_set_value_component_phenomonological_constants_variable_gamma":0.0000000006,"data_set_value_component_phenomonological_constants_variable_phi":-0.0000189654,"data_set_value_component_phenomonological_constants_variable_Imax_Na":-0.0038041841,"data_set_value_component_phenomonological_constants_variable_Imax_gluc":-0.0848901587,"data_set_value_component_phenomonological_constants_variable_Khalf_Na_sq":0.0029552586,"data_set_value_component_phenomonological_constants_variable_Khalf_Na":0.0543622906,"data_set_value_component_phenomonological_constants_variable_Khalf_gluc":0.0001235885},{"data_set_value_component_environment_variable_time":0.4,"data_set_value_component_parameters_variable_k0_12":80000.0,"data_set_value_component_parameters_variable_k0_21":500.0,"data_set_value_component_parameters_variable_k0_23":100000.0,"data_set_value_component_parameters_variable_k0_32":20.0,"data_set_value_component_parameters_variable_k0_34":50.0,"data_set_value_component_parameters_variable_k0_43":50.0,"data_set_value_component_parameters_variable_k0_45":800.0,"data_set_value_component_parameters_variable_k0_54":18300000.0,"data_set_value_component_parameters_variable_k0_25":0.3,"data_set_value_component_parameters_variable_k0_52":1.37,"data_set_value_component_parameters_variable_k0_56":10.0,"data_set_value_component_parameters_variable_k0_65":50.0,"data_set_value_component_parameters_variable_k0_61":5.0,"data_set_value_component_parameters_variable_k0_16":35.0,"data_set_value_component_parameters_variable_delta":0.7,"data_set_value_component_parameters_variable_alpha_p":0.3,"data_set_value_component_parameters_variable_alpha_pp":0.0,"data_set_value_component_parameters_variable_N_C":60000000000.0,"data_set_value_component_parameters_variable_N_Avo":6.022e+23,"data_set_value_component_parameters_variable_area":1000000.0,"data_set_value_component_parameters_variable_C_T":0.0000000996,"data_set_value_component_parameters_variable_n":2.0,"data_set_value_component_parameters_variable_z_c":-2.0,"data_set_value_component_parameters_variable_z_Na":1.0,"data_set_value_component_parameters_variable_F":96485.34,"data_set_value_component_parameters_variable_R":8.314,"data_set_value_component_parameters_variable_T":310.0,"data_set_value_component_parameters_variable_mu":-1.8718007713,"data_set_value_component_ion_concentrations_variable_V":-0.05,"data_set_value_component_ion_concentrations_variable_Na_i":0.02,"data_set_value_component_ion_concentrations_variable_Na_o":0.1,"data_set_value_component_ion_concentrations_variable_glucose_i":0.00001,"data_set_value_component_ion_concentrations_variable_glucose_o":0.0,"data_set_value_component_rate_constants_variable_k_12":1402.696814954,"data_set_value_component_rate_constants_variable_k_21":285.1649734537,"data_set_value_component_rate_constants_variable_k_23":0.0,"data_set_value_component_rate_constants_variable_k_32":20.0,"data_set_value_component_rate_constants_variable_k_34":50.0,"data_set_value_component_rate_constants_variable_k_43":50.0,"data_set_value_component_rate_constants_variable_k_45":800.0,"data_set_value_component_rate_constants_variable_k_54":182.8571428571,"data_set_value_component_rate_constants_variable_k_25":0.3,"data_set_value_component_rate_constants_variable_k_52":1.3714285714,"data_set_value_component_rate_constants_variable_k_56":10.0,"data_set_value_component_rate_constants_variable_k_65":0.02,"data_set_value_component_rate_constants_variable_k_61":18.5356972214,"data_set_value_component_rate_constants_variable_k_16":9.4412418324,"data_set_value_component_rate_constants_variable_ks_12":140269.6814953981,"data_set_value_component_rate_constants_variable_k0_54_temp":18285714.2857142873,"data_set_value_component_rate_constants_variable_k_52_temp":1.37,"data_set_value_component_kinetic_equations_variable_C_1":0.0000000151,"data_set_value_component_kinetic_equations_variable_C_2":0.000000074,"data_set_value_component_kinetic_equations_variable_C_3":0.0000000002,"data_set_value_component_kinetic_equations_variable_C_4":0.0000000003,"data_set_value_component_kinetic_equations_variable_C_5":0.0000000015,"data_set_value_component_kinetic_equations_variable_C_6":0.0000000085,"data_set_value_component_kinetic_equations_variable_C_6_temp":0.0000000085,"data_set_value_component_king_altman_states_variable_C1_sum":4397252313.8924303055,"data_set_value_component_king_altman_states_variable_C2_sum":21614084655.1032104492,"data_set_value_component_king_altman_states_variable_C3_sum":71883959.7209779918,"data_set_value_component_king_altman_states_variable_C4_sum":100637543.6093692034,"data_set_value_component_king_altman_states_variable_C5_sum":448151561.3854720592,"data_set_value_component_king_altman_states_variable_C6_sum":2478863367.8839049339,"data_set_value_component_king_altman_states_variable_C_sum":29110873401.5953674316,"data_set_value_component_king_altman_states_variable_C1":0.0000000151,"data_set_value_component_king_altman_states_variable_C2":0.000000074,"data_set_value_component_king_altman_states_variable_C3":0.0000000002,"data_set_value_component_king_altman_states_variable_C4":0.0000000003,"data_set_value_component_king_altman_states_variable_C5":0.0000000015,"data_set_value_component_king_altman_states_variable_C6":0.0000000085,"data_set_value_component_NBC_current_variable_I_NaGl_pSS":-0.002927181,"data_set_value_component_NBC_current_variable_I_NaGl_SS":-0.0029271185,"data_set_value_component_phenomonological_constants_variable_epsilon":-4.4363504042,"data_set_value_component_phenomonological_constants_variable_lambda":2.344265992e+16,"data_set_value_component_phenomonological_constants_variable_chi":0.0000958522,"data_set_value_component_phenomonological_constants_variable_alpha":0.0000002833,"data_set_value_component_phenomonological_constants_variable_beta":0.0000477847,"data_set_value_component_phenomonological_constants_variable_gamma":0.0000000006,"data_set_value_component_phenomonological_constants_variable_phi":-0.0000189654,"data_set_value_component_phenomonological_constants_variable_Imax_Na":-0.0038041841,"data_set_value_component_phenomonological_constants_variable_Imax_gluc":-0.0848901587,"data_set_value_component_phenomonological_constants_variable_Khalf_Na_sq":0.0029552586,"data_set_value_component_phenomonological_constants_variable_Khalf_Na":0.0543622906,"data_set_value_component_phenomonological_constants_variable_Khalf_gluc":0.0001235885},{"data_set_value_component_environment_variable_time":0.5,"data_set_value_component_parameters_variable_k0_12":80000.0,"data_set_value_component_parameters_variable_k0_21":500.0,"data_set_value_component_parameters_variable_k0_23":100000.0,"data_set_value_component_parameters_variable_k0_32":20.0,"data_set_value_component_parameters_variable_k0_34":50.0,"data_set_value_component_parameters_variable_k0_43":50.0,"data_set_value_component_parameters_variable_k0_45":800.0,"data_set_value_component_parameters_variable_k0_54":18300000.0,"data_set_value_component_parameters_variable_k0_25":0.3,"data_set_value_component_parameters_variable_k0_52":1.37,"data_set_value_component_parameters_variable_k0_56":10.0,"data_set_value_component_parameters_variable_k0_65":50.0,"data_set_value_component_parameters_variable_k0_61":5.0,"data_set_value_component_parameters_variable_k0_16":35.0,"data_set_value_component_parameters_variable_delta":0.7,"data_set_value_component_parameters_variable_alpha_p":0.3,"data_set_value_component_parameters_variable_alpha_pp":0.0,"data_set_value_component_parameters_variable_N_C":60000000000.0,"data_set_value_component_parameters_variable_N_Avo":6.022e+23,"data_set_value_component_parameters_variable_area":1000000.0,"data_set_value_component_parameters_variable_C_T":0.0000000996,"data_set_value_component_parameters_variable_n":2.0,"data_set_value_component_parameters_variable_z_c":-2.0,"data_set_value_component_parameters_variable_z_Na":1.0,"data_set_value_component_parameters_variable_F":96485.34,"data_set_value_component_parameters_variable_R":8.314,"data_set_value_component_parameters_variable_T":310.0,"data_set_value_component_parameters_variable_mu":-1.8718007713,"data_set_value_component_ion_concentrations_variable_V":-0.05,"data_set_value_component_ion_concentrations_variable_Na_i":0.02,"data_set_value_component_ion_concentrations_variable_Na_o":0.1,"data_set_value_component_ion_concentrations_variable_glucose_i":0.00001,"data_set_value_component_ion_concentrations_variable_glucose_o":0.0,"data_set_value_component_rate_constants_variable_k_12":1402.696814954,"data_set_value_component_rate_constants_variable_k_21":285.1649734537,"data_set_value_component_rate_constants_variable_k_23":0.0,"data_set_value_component_rate_constants_variable_k_32":20.0,"data_set_value_component_rate_constants_variable_k_34":50.0,"data_set_value_component_rate_constants_variable_k_43":50.0,"data_set_value_component_rate_constants_variable_k_45":800.0,"data_set_value_component_rate_constants_variable_k_54":182.8571428571,"data_set_value_component_rate_constants_variable_k_25":0.3,"data_set_value_component_rate_constants_variable_k_52":1.3714285714,"data_set_value_component_rate_constants_variable_k_56":10.0,"data_set_value_component_rate_constants_variable_k_65":0.02,"data_set_value_component_rate_constants_variable_k_61":18.5356972214,"data_set_value_component_rate_constants_variable_k_16":9.4412418324,"data_set_value_component_rate_constants_variable_ks_12":140269.6814953981,"data_set_value_component_rate_constants_variable_k0_54_temp":18285714.2857142873,"data_set_value_component_rate_constants_variable_k_52_temp":1.37,"data_set_value_component_kinetic_equations_variable_C_1":0.0000000151,"data_set_value_component_kinetic_equations_variable_C_2":0.000000074,"data_set_value_component_kinetic_equations_variable_C_3":0.0000000002,"data_set_value_component_kinetic_equations_variable_C_4":0.0000000003,"data_set_value_component_kinetic_equations_variable_C_5":0.0000000015,"data_set_value_component_kinetic_equations_variable_C_6":0.0000000085,"data_set_value_component_kinetic_equations_variable_C_6_temp":0.0000000085,"data_set_value_component_king_altman_states_variable_C1_sum":4397252313.8924303055,"data_set_value_component_king_altman_states_variable_C2_sum":21614084655.1032104492,"data_set_value_component_king_altman_states_variable_C3_sum":71883959.7209779918,"data_set_value_component_king_altman_states_variable_C4_sum":100637543.6093692034,"data_set_value_component_king_altman_states_variable_C5_sum":448151561.3854720592,"data_set_value_component_king_altman_states_variable_C6_sum":2478863367.8839049339,"data_set_value_component_king_altman_states_variable_C_sum":29110873401.5953674316,"data_set_value_component_king_altman_states_variable_C1":0.0000000151,"data_set_value_component_king_altman_states_variable_C2":0.000000074,"data_set_value_component_king_altman_states_variable_C3":0.0000000002,"data_set_value_component_king_altman_states_variable_C4":0.0000000003,"data_set_value_component_king_altman_states_variable_C5":0.0000000015,"data_set_value_component_king_altman_states_variable_C6":0.0000000085,"data_set_value_component_NBC_current_variable_I_NaGl_pSS":-0.0029271792,"data_set_value_component_NBC_current_variable_I_NaGl_SS":-0.0029271185,"data_set_value_component_phenomonological_constants_variable_epsilon":-4.4363504042,"data_set_value_component_phenomonological_constants_variable_lambda":2.344265992e+16,"data_set_value_component_phenomonological_constants_variable_chi":0.0000958522,"data_set_value_component_phenomonological_constants_variable_alpha":0.0000002833,"data_set_value_component_phenomonological_constants_variable_beta":0.0000477847,"data_set_value_component_phenomonological_constants_variable_gamma":0.0000000006,"data_set_value_component_phenomonological_constants_variable_phi":-0.0000189654,"data_set_value_component_phenomonological_constants_variable_Imax_Na":-0.0038041841,"data_set_value_component_phenomonological_constants_variable_Imax_gluc":-0.0848901587,"data_set_value_component_phenomonological_constants_variable_Khalf_Na_sq":0.0029552586,"data_set_value_component_phenomonological_constants_variable_Khalf_Na":0.0543622906,"data_set_value_component_phenomonological_constants_variable_Khalf_gluc":0.0001235885},{"data_set_value_component_environment_variable_time":0.6,"data_set_value_component_parameters_variable_k0_12":80000.0,"data_set_value_component_parameters_variable_k0_21":500.0,"data_set_value_component_parameters_variable_k0_23":100000.0,"data_set_value_component_parameters_variable_k0_32":20.0,"data_set_value_component_parameters_variable_k0_34":50.0,"data_set_value_component_parameters_variable_k0_43":50.0,"data_set_value_component_parameters_variable_k0_45":800.0,"data_set_value_component_parameters_variable_k0_54":18300000.0,"data_set_value_component_parameters_variable_k0_25":0.3,"data_set_value_component_parameters_variable_k0_52":1.37,"data_set_value_component_parameters_variable_k0_56":10.0,"data_set_value_component_parameters_variable_k0_65":50.0,"data_set_value_component_parameters_variable_k0_61":5.0,"data_set_value_component_parameters_variable_k0_16":35.0,"data_set_value_component_parameters_variable_delta":0.7,"data_set_value_component_parameters_variable_alpha_p":0.3,"data_set_value_component_parameters_variable_alpha_pp":0.0,"data_set_value_component_parameters_variable_N_C":60000000000.0,"data_set_value_component_parameters_variable_N_Avo":6.022e+23,"data_set_value_component_parameters_variable_area":1000000.0,"data_set_value_component_parameters_variable_C_T":0.0000000996,"data_set_value_component_parameters_variable_n":2.0,"data_set_value_component_parameters_variable_z_c":-2.0,"data_set_value_component_parameters_variable_z_Na":1.0,"data_set_value_component_parameters_variable_F":96485.34,"data_set_value_component_parameters_variable_R":8.314,"data_set_value_component_parameters_variable_T":310.0,"data_set_value_component_parameters_variable_mu":-1.8718007713,"data_set_value_component_ion_concentrations_variable_V":-0.05,"data_set_value_component_ion_concentrations_variable_Na_i":0.02,"data_set_value_component_ion_concentrations_variable_Na_o":0.1,"data_set_value_component_ion_concentrations_variable_glucose_i":0.00001,"data_set_value_component_ion_concentrations_variable_glucose_o":0.0,"data_set_value_component_rate_constants_variable_k_12":1402.696814954,"data_set_value_component_rate_constants_variable_k_21":285.1649734537,"data_set_value_component_rate_constants_variable_k_23":0.0,"data_set_value_component_rate_constants_variable_k_32":20.0,"data_set_value_component_rate_constants_variable_k_34":50.0,"data_set_value_component_rate_constants_variable_k_43":50.0,"data_set_value_component_rate_constants_variable_k_45":800.0,"data_set_value_component_rate_constants_variable_k_54":182.8571428571,"data_set_value_component_rate_constants_variable_k_25":0.3,"data_set_value_component_rate_constants_variable_k_52":1.3714285714,"data_set_value_component_rate_constants_variable_k_56":10.0,"data_set_value_component_rate_constants_variable_k_65":0.02,"data_set_value_component_rate_constants_variable_k_61":18.5356972214,"data_set_value_component_rate_constants_variable_k_16":9.4412418324,"data_set_value_component_rate_constants_variable_ks_12":140269.6814953981,"data_set_value_component_rate_constants_variable_k0_54_temp":18285714.2857142873,"data_set_value_component_rate_constants_variable_k_52_temp":1.37,"data_set_value_component_kinetic_equations_variable_C_1":0.0000000151,"data_set_value_component_kinetic_equations_variable_C_2":0.000000074,"data_set_value_component_kinetic_equations_variable_C_3":0.0000000002,"data_set_value_component_kinetic_equations_variable_C_4":0.0000000003,"data_set_value_component_kinetic_equations_variable_C_5":0.0000000015,"data_set_value_component_kinetic_equations_variable_C_6":0.0000000085,"data_set_value_component_kinetic_equations_variable_C_6_temp":0.0000000085,"data_set_value_component_king_altman_states_variable_C1_sum":4397252313.8924303055,"data_set_value_component_king_altman_states_variable_C2_sum":21614084655.1032104492,"data_set_value_component_king_altman_states_variable_C3_sum":71883959.7209779918,"data_set_value_component_king_altman_states_variable_C4_sum":100637543.6093692034,"data_set_value_component_king_altman_states_variable_C5_sum":448151561.3854720592,"data_set_value_component_king_altman_states_variable_C6_sum":2478863367.8839049339,"data_set_value_component_king_altman_states_variable_C_sum":29110873401.5953674316,"data_set_value_component_king_altman_states_variable_C1":0.0000000151,"data_set_value_component_king_altman_states_variable_C2":0.000000074,"data_set_value_component_king_altman_states_variable_C3":0.0000000002,"data_set_value_component_king_altman_states_variable_C4":0.0000000003,"data_set_value_component_king_altman_states_variable_C5":0.0000000015,"data_set_value_component_king_altman_states_variable_C6":0.0000000085,"data_set_value_component_NBC_current_variable_I_NaGl_pSS":-0.0029271774,"data_set_value_component_NBC_current_variable_I_NaGl_SS":-0.0029271185,"data_set_value_component_phenomonological_constants_variable_epsilon":-4.4363504042,"data_set_value_component_phenomonological_constants_variable_lambda":2.344265992e+16,"data_set_value_component_phenomonological_constants_variable_chi":0.0000958522,"data_set_value_component_phenomonological_constants_variable_alpha":0.0000002833,"data_set_value_component_phenomonological_constants_variable_beta":0.0000477847,"data_set_value_component_phenomonological_constants_variable_gamma":0.0000000006,"data_set_value_component_phenomonological_constants_variable_phi":-0.0000189654,"data_set_value_component_phenomonological_constants_variable_Imax_Na":-0.0038041841,"data_set_value_component_phenomonological_constants_variable_Imax_gluc":-0.0848901587,"data_set_value_component_phenomonological_constants_variable_Khalf_Na_sq":0.0029552586,"data_set_value_component_phenomonological_constants_variable_Khalf_Na":0.0543622906,"data_set_value_component_phenomonological_constants_variable_Khalf_gluc":0.0001235885},{"data_set_value_component_environment_variable_time":0.7,"data_set_value_component_parameters_variable_k0_12":80000.0,"data_set_value_component_parameters_variable_k0_21":500.0,"data_set_value_component_parameters_variable_k0_23":100000.0,"data_set_value_component_parameters_variable_k0_32":20.0,"data_set_value_component_parameters_variable_k0_34":50.0,"data_set_value_component_parameters_variable_k0_43":50.0,"data_set_value_component_parameters_variable_k0_45":800.0,"data_set_value_component_parameters_variable_k0_54":18300000.0,"data_set_value_component_parameters_variable_k0_25":0.3,"data_set_value_component_parameters_variable_k0_52":1.37,"data_set_value_component_parameters_variable_k0_56":10.0,"data_set_value_component_parameters_variable_k0_65":50.0,"data_set_value_component_parameters_variable_k0_61":5.0,"data_set_value_component_parameters_variable_k0_16":35.0,"data_set_value_component_parameters_variable_delta":0.7,"data_set_value_component_parameters_variable_alpha_p":0.3,"data_set_value_component_parameters_variable_alpha_pp":0.0,"data_set_value_component_parameters_variable_N_C":60000000000.0,"data_set_value_component_parameters_variable_N_Avo":6.022e+23,"data_set_value_component_parameters_variable_area":1000000.0,"data_set_value_component_parameters_variable_C_T":0.0000000996,"data_set_value_component_parameters_variable_n":2.0,"data_set_value_component_parameters_variable_z_c":-2.0,"data_set_value_component_parameters_variable_z_Na":1.0,"data_set_value_component_parameters_variable_F":96485.34,"data_set_value_component_parameters_variable_R":8.314,"data_set_value_component_parameters_variable_T":310.0,"data_set_value_component_parameters_variable_mu":-1.8718007713,"data_set_value_component_ion_concentrations_variable_V":-0.05,"data_set_value_component_ion_concentrations_variable_Na_i":0.02,"data_set_value_component_ion_concentrations_variable_Na_o":0.1,"data_set_value_component_ion_concentrations_variable_glucose_i":0.00001,"data_set_value_component_ion_concentrations_variable_glucose_o":0.0,"data_set_value_component_rate_constants_variable_k_12":1402.696814954,"data_set_value_component_rate_constants_variable_k_21":285.1649734537,"data_set_value_component_rate_constants_variable_k_23":0.0,"data_set_value_component_rate_constants_variable_k_32":20.0,"data_set_value_component_rate_constants_variable_k_34":50.0,"data_set_value_component_rate_constants_variable_k_43":50.0,"data_set_value_component_rate_constants_variable_k_45":800.0,"data_set_value_component_rate_constants_variable_k_54":182.8571428571,"data_set_value_component_rate_constants_variable_k_25":0.3,"data_set_value_component_rate_constants_variable_k_52":1.3714285714,"data_set_value_component_rate_constants_variable_k_56":10.0,"data_set_value_component_rate_constants_variable_k_65":0.02,"data_set_value_component_rate_constants_variable_k_61":18.5356972214,"data_set_value_component_rate_constants_variable_k_16":9.4412418324,"data_set_value_component_rate_constants_variable_ks_12":140269.6814953981,"data_set_value_component_rate_constants_variable_k0_54_temp":18285714.2857142873,"data_set_value_component_rate_constants_variable_k_52_temp":1.37,"data_set_value_component_kinetic_equations_variable_C_1":0.0000000151,"data_set_value_component_kinetic_equations_variable_C_2":0.000000074,"data_set_value_component_kinetic_equations_variable_C_3":0.0000000002,"data_set_value_component_kinetic_equations_variable_C_4":0.0000000003,"data_set_value_component_kinetic_equations_variable_C_5":0.0000000015,"data_set_value_component_kinetic_equations_variable_C_6":0.0000000085,"data_set_value_component_kinetic_equations_variable_C_6_temp":0.0000000085,"data_set_value_component_king_altman_states_variable_C1_sum":4397252313.8924303055,"data_set_value_component_king_altman_states_variable_C2_sum":21614084655.1032104492,"data_set_value_component_king_altman_states_variable_C3_sum":71883959.7209779918,"data_set_value_component_king_altman_states_variable_C4_sum":100637543.6093692034,"data_set_value_component_king_altman_states_variable_C5_sum":448151561.3854720592,"data_set_value_component_king_altman_states_variable_C6_sum":2478863367.8839049339,"data_set_value_component_king_altman_states_variable_C_sum":29110873401.5953674316,"data_set_value_component_king_altman_states_variable_C1":0.0000000151,"data_set_value_component_king_altman_states_variable_C2":0.000000074,"data_set_value_component_king_altman_states_variable_C3":0.0000000002,"data_set_value_component_king_altman_states_variable_C4":0.0000000003,"data_set_value_component_king_altman_states_variable_C5":0.0000000015,"data_set_value_component_king_altman_states_variable_C6":0.0000000085,"data_set_value_component_NBC_current_variable_I_NaGl_pSS":-0.0029271756,"data_set_value_component_NBC_current_variable_I_NaGl_SS":-0.0029271185,"data_set_value_component_phenomonological_constants_variable_epsilon":-4.4363504042,"data_set_value_component_phenomonological_constants_variable_lambda":2.344265992e+16,"data_set_value_component_phenomonological_constants_variable_chi":0.0000958522,"data_set_value_component_phenomonological_constants_variable_alpha":0.0000002833,"data_set_value_component_phenomonological_constants_variable_beta":0.0000477847,"data_set_value_component_phenomonological_constants_variable_gamma":0.0000000006,"data_set_value_component_phenomonological_constants_variable_phi":-0.0000189654,"data_set_value_component_phenomonological_constants_variable_Imax_Na":-0.0038041841,"data_set_value_component_phenomonological_constants_variable_Imax_gluc":-0.0848901587,"data_set_value_component_phenomonological_constants_variable_Khalf_Na_sq":0.0029552586,"data_set_value_component_phenomonological_constants_variable_Khalf_Na":0.0543622906,"data_set_value_component_phenomonological_constants_variable_Khalf_gluc":0.0001235885},{"data_set_value_component_environment_variable_time":0.8,"data_set_value_component_parameters_variable_k0_12":80000.0,"data_set_value_component_parameters_variable_k0_21":500.0,"data_set_value_component_parameters_variable_k0_23":100000.0,"data_set_value_component_parameters_variable_k0_32":20.0,"data_set_value_component_parameters_variable_k0_34":50.0,"data_set_value_component_parameters_variable_k0_43":50.0,"data_set_value_component_parameters_variable_k0_45":800.0,"data_set_value_component_parameters_variable_k0_54":18300000.0,"data_set_value_component_parameters_variable_k0_25":0.3,"data_set_value_component_parameters_variable_k0_52":1.37,"data_set_value_component_parameters_variable_k0_56":10.0,"data_set_value_component_parameters_variable_k0_65":50.0,"data_set_value_component_parameters_variable_k0_61":5.0,"data_set_value_component_parameters_variable_k0_16":35.0,"data_set_value_component_parameters_variable_delta":0.7,"data_set_value_component_parameters_variable_alpha_p":0.3,"data_set_value_component_parameters_variable_alpha_pp":0.0,"data_set_value_component_parameters_variable_N_C":60000000000.0,"data_set_value_component_parameters_variable_N_Avo":6.022e+23,"data_set_value_component_parameters_variable_area":1000000.0,"data_set_value_component_parameters_variable_C_T":0.0000000996,"data_set_value_component_parameters_variable_n":2.0,"data_set_value_component_parameters_variable_z_c":-2.0,"data_set_value_component_parameters_variable_z_Na":1.0,"data_set_value_component_parameters_variable_F":96485.34,"data_set_value_component_parameters_variable_R":8.314,"data_set_value_component_parameters_variable_T":310.0,"data_set_value_component_parameters_variable_mu":-1.8718007713,"data_set_value_component_ion_concentrations_variable_V":-0.05,"data_set_value_component_ion_concentrations_variable_Na_i":0.02,"data_set_value_component_ion_concentrations_variable_Na_o":0.1,"data_set_value_component_ion_concentrations_variable_glucose_i":0.00001,"data_set_value_component_ion_concentrations_variable_glucose_o":0.0,"data_set_value_component_rate_constants_variable_k_12":1402.696814954,"data_set_value_component_rate_constants_variable_k_21":285.1649734537,"data_set_value_component_rate_constants_variable_k_23":0.0,"data_set_value_component_rate_constants_variable_k_32":20.0,"data_set_value_component_rate_constants_variable_k_34":50.0,"data_set_value_component_rate_constants_variable_k_43":50.0,"data_set_value_component_rate_constants_variable_k_45":800.0,"data_set_value_component_rate_constants_variable_k_54":182.8571428571,"data_set_value_component_rate_constants_variable_k_25":0.3,"data_set_value_component_rate_constants_variable_k_52":1.3714285714,"data_set_value_component_rate_constants_variable_k_56":10.0,"data_set_value_component_rate_constants_variable_k_65":0.02,"data_set_value_component_rate_constants_variable_k_61":18.5356972214,"data_set_value_component_rate_constants_variable_k_16":9.4412418324,"data_set_value_component_rate_constants_variable_ks_12":140269.6814953981,"data_set_value_component_rate_constants_variable_k0_54_temp":18285714.2857142873,"data_set_value_component_rate_constants_variable_k_52_temp":1.37,"data_set_value_component_kinetic_equations_variable_C_1":0.0000000151,"data_set_value_component_kinetic_equations_variable_C_2":0.000000074,"data_set_value_component_kinetic_equations_variable_C_3":0.0000000002,"data_set_value_component_kinetic_equations_variable_C_4":0.0000000003,"data_set_value_component_kinetic_equations_variable_C_5":0.0000000015,"data_set_value_component_kinetic_equations_variable_C_6":0.0000000085,"data_set_value_component_kinetic_equations_variable_C_6_temp":0.0000000085,"data_set_value_component_king_altman_states_variable_C1_sum":4397252313.8924303055,"data_set_value_component_king_altman_states_variable_C2_sum":21614084655.1032104492,"data_set_value_component_king_altman_states_variable_C3_sum":71883959.7209779918,"data_set_value_component_king_altman_states_variable_C4_sum":100637543.6093692034,"data_set_value_component_king_altman_states_variable_C5_sum":448151561.3854720592,"data_set_value_component_king_altman_states_variable_C6_sum":2478863367.8839049339,"data_set_value_component_king_altman_states_variable_C_sum":29110873401.5953674316,"data_set_value_component_king_altman_states_variable_C1":0.0000000151,"data_set_value_component_king_altman_states_variable_C2":0.000000074,"data_set_value_component_king_altman_states_variable_C3":0.0000000002,"data_set_value_component_king_altman_states_variable_C4":0.0000000003,"data_set_value_component_king_altman_states_variable_C5":0.0000000015,"data_set_value_component_king_altman_states_variable_C6":0.0000000085,"data_set_value_component_NBC_current_variable_I_NaGl_pSS":-0.0029271738,"data_set_value_component_NBC_current_variable_I_NaGl_SS":-0.0029271185,"data_set_value_component_phenomonological_constants_variable_epsilon":-4.4363504042,"data_set_value_component_phenomonological_constants_variable_lambda":2.344265992e+16,"data_set_value_component_phenomonological_constants_variable_chi":0.0000958522,"data_set_value_component_phenomonological_constants_variable_alpha":0.0000002833,"data_set_value_component_phenomonological_constants_variable_beta":0.0000477847,"data_set_value_component_phenomonological_constants_variable_gamma":0.0000000006,"data_set_value_component_phenomonological_constants_variable_phi":-0.0000189654,"data_set_value_component_phenomonological_constants_variable_Imax_Na":-0.0038041841,"data_set_value_component_phenomonological_constants_variable_Imax_gluc":-0.0848901587,"data_set_value_component_phenomonological_constants_variable_Khalf_Na_sq":0.0029552586,"data_set_value_component_phenomonological_constants_variable_Khalf_Na":0.0543622906,"data_set_value_component_phenomonological_constants_variable_Khalf_gluc":0.0001235885},{"data_set_value_component_environment_variable_time":0.9,"data_set_value_component_parameters_variable_k0_12":80000.0,"data_set_value_component_parameters_variable_k0_21":500.0,"data_set_value_component_parameters_variable_k0_23":100000.0,"data_set_value_component_parameters_variable_k0_32":20.0,"data_set_value_component_parameters_variable_k0_34":50.0,"data_set_value_component_parameters_variable_k0_43":50.0,"data_set_value_component_parameters_variable_k0_45":800.0,"data_set_value_component_parameters_variable_k0_54":18300000.0,"data_set_value_component_parameters_variable_k0_25":0.3,"data_set_value_component_parameters_variable_k0_52":1.37,"data_set_value_component_parameters_variable_k0_56":10.0,"data_set_value_component_parameters_variable_k0_65":50.0,"data_set_value_component_parameters_variable_k0_61":5.0,"data_set_value_component_parameters_variable_k0_16":35.0,"data_set_value_component_parameters_variable_delta":0.7,"data_set_value_component_parameters_variable_alpha_p":0.3,"data_set_value_component_parameters_variable_alpha_pp":0.0,"data_set_value_component_parameters_variable_N_C":60000000000.0,"data_set_value_component_parameters_variable_N_Avo":6.022e+23,"data_set_value_component_parameters_variable_area":1000000.0,"data_set_value_component_parameters_variable_C_T":0.0000000996,"data_set_value_component_parameters_variable_n":2.0,"data_set_value_component_parameters_variable_z_c":-2.0,"data_set_value_component_parameters_variable_z_Na":1.0,"data_set_value_component_parameters_variable_F":96485.34,"data_set_value_component_parameters_variable_R":8.314,"data_set_value_component_parameters_variable_T":310.0,"data_set_value_component_parameters_variable_mu":-1.8718007713,"data_set_value_component_ion_concentrations_variable_V":-0.05,"data_set_value_component_ion_concentrations_variable_Na_i":0.02,"data_set_value_component_ion_concentrations_variable_Na_o":0.1,"data_set_value_component_ion_concentrations_variable_glucose_i":0.00001,"data_set_value_component_ion_concentrations_variable_glucose_o":0.0,"data_set_value_component_rate_constants_variable_k_12":1402.696814954,"data_set_value_component_rate_constants_variable_k_21":285.1649734537,"data_set_value_component_rate_constants_variable_k_23":0.0,"data_set_value_component_rate_constants_variable_k_32":20.0,"data_set_value_component_rate_constants_variable_k_34":50.0,"data_set_value_component_rate_constants_variable_k_43":50.0,"data_set_value_component_rate_constants_variable_k_45":800.0,"data_set_value_component_rate_constants_variable_k_54":182.8571428571,"data_set_value_component_rate_constants_variable_k_25":0.3,"data_set_value_component_rate_constants_variable_k_52":1.3714285714,"data_set_value_component_rate_constants_variable_k_56":10.0,"data_set_value_component_rate_constants_variable_k_65":0.02,"data_set_value_component_rate_constants_variable_k_61":18.5356972214,"data_set_value_component_rate_constants_variable_k_16":9.4412418324,"data_set_value_component_rate_constants_variable_ks_12":140269.6814953981,"data_set_value_component_rate_constants_variable_k0_54_temp":18285714.2857142873,"data_set_value_component_rate_constants_variable_k_52_temp":1.37,"data_set_value_component_kinetic_equations_variable_C_1":0.0000000151,"data_set_value_component_kinetic_equations_variable_C_2":0.000000074,"data_set_value_component_kinetic_equations_variable_C_3":0.0000000002,"data_set_value_component_kinetic_equations_variable_C_4":0.0000000003,"data_set_value_component_kinetic_equations_variable_C_5":0.0000000015,"data_set_value_component_kinetic_equations_variable_C_6":0.0000000085,"data_set_value_component_kinetic_equations_variable_C_6_temp":0.0000000085,"data_set_value_component_king_altman_states_variable_C1_sum":4397252313.8924303055,"data_set_value_component_king_altman_states_variable_C2_sum":21614084655.1032104492,"data_set_value_component_king_altman_states_variable_C3_sum":71883959.7209779918,"data_set_value_component_king_altman_states_variable_C4_sum":100637543.6093692034,"data_set_value_component_king_altman_states_variable_C5_sum":448151561.3854720592,"data_set_value_component_king_altman_states_variable_C6_sum":2478863367.8839049339,"data_set_value_component_king_altman_states_variable_C_sum":29110873401.5953674316,"data_set_value_component_king_altman_states_variable_C1":0.0000000151,"data_set_value_component_king_altman_states_variable_C2":0.000000074,"data_set_value_component_king_altman_states_variable_C3":0.0000000002,"data_set_value_component_king_altman_states_variable_C4":0.0000000003,"data_set_value_component_king_altman_states_variable_C5":0.0000000015,"data_set_value_component_king_altman_states_variable_C6":0.0000000085,"data_set_value_component_NBC_current_variable_I_NaGl_pSS":-0.002927172,"data_set_value_component_NBC_current_variable_I_NaGl_SS":-0.0029271185,"data_set_value_component_phenomonological_constants_variable_epsilon":-4.4363504042,"data_set_value_component_phenomonological_constants_variable_lambda":2.344265992e+16,"data_set_value_component_phenomonological_constants_variable_chi":0.0000958522,"data_set_value_component_phenomonological_constants_variable_alpha":0.0000002833,"data_set_value_component_phenomonological_constants_variable_beta":0.0000477847,"data_set_value_component_phenomonological_constants_variable_gamma":0.0000000006,"data_set_value_component_phenomonological_constants_variable_phi":-0.0000189654,"data_set_value_component_phenomonological_constants_variable_Imax_Na":-0.0038041841,"data_set_value_component_phenomonological_constants_variable_Imax_gluc":-0.0848901587,"data_set_value_component_phenomonological_constants_variable_Khalf_Na_sq":0.0029552586,"data_set_value_component_phenomonological_constants_variable_Khalf_Na":0.0543622906,"data_set_value_component_phenomonological_constants_variable_Khalf_gluc":0.0001235885},{"data_set_value_component_environment_variable_time":1.0,"data_set_value_component_parameters_variable_k0_12":80000.0,"data_set_value_component_parameters_variable_k0_21":500.0,"data_set_value_component_parameters_variable_k0_23":100000.0,"data_set_value_component_parameters_variable_k0_32":20.0,"data_set_value_component_parameters_variable_k0_34":50.0,"data_set_value_component_parameters_variable_k0_43":50.0,"data_set_value_component_parameters_variable_k0_45":800.0,"data_set_value_component_parameters_variable_k0_54":18300000.0,"data_set_value_component_parameters_variable_k0_25":0.3,"data_set_value_component_parameters_variable_k0_52":1.37,"data_set_value_component_parameters_variable_k0_56":10.0,"data_set_value_component_parameters_variable_k0_65":50.0,"data_set_value_component_parameters_variable_k0_61":5.0,"data_set_value_component_parameters_variable_k0_16":35.0,"data_set_value_component_parameters_variable_delta":0.7,"data_set_value_component_parameters_variable_alpha_p":0.3,"data_set_value_component_parameters_variable_alpha_pp":0.0,"data_set_value_component_parameters_variable_N_C":60000000000.0,"data_set_value_component_parameters_variable_N_Avo":6.022e+23,"data_set_value_component_parameters_variable_area":1000000.0,"data_set_value_component_parameters_variable_C_T":0.0000000996,"data_set_value_component_parameters_variable_n":2.0,"data_set_value_component_parameters_variable_z_c":-2.0,"data_set_value_component_parameters_variable_z_Na":1.0,"data_set_value_component_parameters_variable_F":96485.34,"data_set_value_component_parameters_variable_R":8.314,"data_set_value_component_parameters_variable_T":310.0,"data_set_value_component_parameters_variable_mu":-1.8718007713,"data_set_value_component_ion_concentrations_variable_V":-0.05,"data_set_value_component_ion_concentrations_variable_Na_i":0.02,"data_set_value_component_ion_concentrations_variable_Na_o":0.1,"data_set_value_component_ion_concentrations_variable_glucose_i":0.00001,"data_set_value_component_ion_concentrations_variable_glucose_o":0.0,"data_set_value_component_rate_constants_variable_k_12":1402.696814954,"data_set_value_component_rate_constants_variable_k_21":285.1649734537,"data_set_value_component_rate_constants_variable_k_23":0.0,"data_set_value_component_rate_constants_variable_k_32":20.0,"data_set_value_component_rate_constants_variable_k_34":50.0,"data_set_value_component_rate_constants_variable_k_43":50.0,"data_set_value_component_rate_constants_variable_k_45":800.0,"data_set_value_component_rate_constants_variable_k_54":182.8571428571,"data_set_value_component_rate_constants_variable_k_25":0.3,"data_set_value_component_rate_constants_variable_k_52":1.3714285714,"data_set_value_component_rate_constants_variable_k_56":10.0,"data_set_value_component_rate_constants_variable_k_65":0.02,"data_set_value_component_rate_constants_variable_k_61":18.5356972214,"data_set_value_component_rate_constants_variable_k_16":9.4412418324,"data_set_value_component_rate_constants_variable_ks_12":140269.6814953981,"data_set_value_component_rate_constants_variable_k0_54_temp":18285714.2857142873,"data_set_value_component_rate_constants_variable_k_52_temp":1.37,"data_set_value_component_kinetic_equations_variable_C_1":0.0000000151,"data_set_value_component_kinetic_equations_variable_C_2":0.000000074,"data_set_value_component_kinetic_equations_variable_C_3":0.0000000002,"data_set_value_component_kinetic_equations_variable_C_4":0.0000000003,"data_set_value_component_kinetic_equations_variable_C_5":0.0000000015,"data_set_value_component_kinetic_equations_variable_C_6":0.0000000085,"data_set_value_component_kinetic_equations_variable_C_6_temp":0.0000000085,"data_set_value_component_king_altman_states_variable_C1_sum":4397252313.8924303055,"data_set_value_component_king_altman_states_variable_C2_sum":21614084655.1032104492,"data_set_value_component_king_altman_states_variable_C3_sum":71883959.7209779918,"data_set_value_component_king_altman_states_variable_C4_sum":100637543.6093692034,"data_set_value_component_king_altman_states_variable_C5_sum":448151561.3854720592,"data_set_value_component_king_altman_states_variable_C6_sum":2478863367.8839049339,"data_set_value_component_king_altman_states_variable_C_sum":29110873401.5953674316,"data_set_value_component_king_altman_states_variable_C1":0.0000000151,"data_set_value_component_king_altman_states_variable_C2":0.000000074,"data_set_value_component_king_altman_states_variable_C3":0.0000000002,"data_set_value_component_king_altman_states_variable_C4":0.0000000003,"data_set_value_component_king_altman_states_variable_C5":0.0000000015,"data_set_value_component_king_altman_states_variable_C6":0.0000000085,"data_set_value_component_NBC_current_variable_I_NaGl_pSS":-0.0029271702,"data_set_value_component_NBC_current_variable_I_NaGl_SS":-0.0029271185,"data_set_value_component_phenomonological_constants_variable_epsilon":-4.4363504042,"data_set_value_component_phenomonological_constants_variable_lambda":2.344265992e+16,"data_set_value_component_phenomonological_constants_variable_chi":0.0000958522,"data_set_value_component_phenomonological_constants_variable_alpha":0.0000002833,"data_set_value_component_phenomonological_constants_variable_beta":0.0000477847,"data_set_value_component_phenomonological_constants_variable_gamma":0.0000000006,"data_set_value_component_phenomonological_constants_variable_phi":-0.0000189654,"data_set_value_component_phenomonological_constants_variable_Imax_Na":-0.0038041841,"data_set_value_component_phenomonological_constants_variable_Imax_gluc":-0.0848901587,"data_set_value_component_phenomonological_constants_variable_Khalf_Na_sq":0.0029552586,"data_set_value_component_phenomonological_constants_variable_Khalf_Na":0.0543622906,"data_set_value_component_phenomonological_constants_variable_Khalf_gluc":0.0001235885}]