[{"data_generator_MDM2":5.0,"data_generator_MDM2_mRNA":10.0,"data_generator_time":0.0},{"data_generator_MDM2":8.0,"data_generator_MDM2_mRNA":10.0,"data_generator_time":1.0},{"data_generator_MDM2":9.0,"data_generator_MDM2_mRNA":10.0,"data_generator_time":2.0},{"data_generator_MDM2":14.0,"data_generator_MDM2_mRNA":10.0,"data_generator_time":3.0},{"data_generator_MDM2":15.0,"data_generator_MDM2_mRNA":9.0,"data_generator_time":4.0},{"data_generator_MDM2":16.0,"data_generator_MDM2_mRNA":9.0,"data_generator_time":5.0},{"data_generator_MDM2":20.0,"data_generator_MDM2_mRNA":9.0,"data_generator_time":6.0},{"data_generator_MDM2":19.0,"data_generator_MDM2_mRNA":9.0,"data_generator_time":7.0},{"data_generator_MDM2":19.0,"data_generator_MDM2_mRNA":9.0,"data_generator_time":8.0},{"data_generator_MDM2":18.0,"data_generator_MDM2_mRNA":9.0,"data_generator_time":9.0},{"data_generator_MDM2":16.0,"data_generator_MDM2_mRNA":9.0,"data_generator_time":10.0},{"data_generator_MDM2":13.0,"data_generator_MDM2_mRNA":9.0,"data_generator_time":11.0},{"data_generator_MDM2":14.0,"data_generator_MDM2_mRNA":9.0,"data_generator_time":12.0},{"data_generator_MDM2":15.0,"data_generator_MDM2_mRNA":9.0,"data_generator_time":13.0},{"data_generator_MDM2":15.0,"data_generator_MDM2_mRNA":9.0,"data_generator_time":14.0},{"data_generator_MDM2":17.0,"data_generator_MDM2_mRNA":9.0,"data_generator_time":15.0},{"data_generator_MDM2":15.0,"data_generator_MDM2_mRNA":9.0,"data_generator_time":16.0},{"data_generator_MDM2":16.0,"data_generator_MDM2_mRNA":9.0,"data_generator_time":17.0},{"data_generator_MDM2":16.0,"data_generator_MDM2_mRNA":9.0,"data_generator_time":18.0},{"data_generator_MDM2":13.0,"data_generator_MDM2_mRNA":9.0,"data_generator_time":19.0},{"data_generator_MDM2":10.0,"data_generator_MDM2_mRNA":9.0,"data_generator_time":20.0},{"data_generator_MDM2":10.0,"data_generator_MDM2_mRNA":9.0,"data_generator_time":21.0},{"data_generator_MDM2":6.0,"data_generator_MDM2_mRNA":9.0,"data_generator_time":22.0},{"data_generator_MDM2":6.0,"data_generator_MDM2_mRNA":9.0,"data_generator_time":23.0},{"data_generator_MDM2":6.0,"data_generator_MDM2_mRNA":9.0,"data_generator_time":24.0},{"data_generator_MDM2":4.0,"data_generator_MDM2_mRNA":9.0,"data_generator_time":25.0},{"data_generator_MDM2":10.0,"data_generator_MDM2_mRNA":9.0,"data_generator_time":26.0},{"data_generator_MDM2":6.0,"data_generator_MDM2_mRNA":9.0,"data_generator_time":27.0},{"data_generator_MDM2":12.0,"data_generator_MDM2_mRNA":8.0,"data_generator_time":28.0},{"data_generator_MDM2":11.0,"data_generator_MDM2_mRNA":8.0,"data_generator_time":29.0},{"data_generator_MDM2":14.0,"data_generator_MDM2_mRNA":9.0,"data_generator_time":30.0},{"data_generator_MDM2":16.0,"data_generator_MDM2_mRNA":9.0,"data_generator_time":31.0},{"data_generator_MDM2":15.0,"data_generator_MDM2_mRNA":9.0,"data_generator_time":32.0},{"data_generator_MDM2":14.0,"data_generator_MDM2_mRNA":9.0,"data_generator_time":33.0},{"data_generator_MDM2":15.0,"data_generator_MDM2_mRNA":9.0,"data_generator_time":34.0},{"data_generator_MDM2":15.0,"data_generator_MDM2_mRNA":9.0,"data_generator_time":35.0},{"data_generator_MDM2":17.0,"data_generator_MDM2_mRNA":9.0,"data_generator_time":36.0},{"data_generator_MDM2":18.0,"data_generator_MDM2_mRNA":9.0,"data_generator_time":37.0},{"data_generator_MDM2":18.0,"data_generator_MDM2_mRNA":9.0,"data_generator_time":38.0},{"data_generator_MDM2":21.0,"data_generator_MDM2_mRNA":9.0,"data_generator_time":39.0},{"data_generator_MDM2":23.0,"data_generator_MDM2_mRNA":9.0,"data_generator_time":40.0},{"data_generator_MDM2":21.0,"data_generator_MDM2_mRNA":9.0,"data_generator_time":41.0},{"data_generator_MDM2":22.0,"data_generator_MDM2_mRNA":9.0,"data_generator_time":42.0},{"data_generator_MDM2":23.0,"data_generator_MDM2_mRNA":9.0,"data_generator_time":43.0},{"data_generator_MDM2":22.0,"data_generator_MDM2_mRNA":9.0,"data_generator_time":44.0},{"data_generator_MDM2":20.0,"data_generator_MDM2_mRNA":9.0,"data_generator_time":45.0},{"data_generator_MDM2":18.0,"data_generator_MDM2_mRNA":9.0,"data_generator_time":46.0},{"data_generator_MDM2":18.0,"data_generator_MDM2_mRNA":9.0,"data_generator_time":47.0},{"data_generator_MDM2":18.0,"data_generator_MDM2_mRNA":9.0,"data_generator_time":48.0},{"data_generator_MDM2":17.0,"data_generator_MDM2_mRNA":9.0,"data_generator_time":49.0},{"data_generator_MDM2":20.0,"data_generator_MDM2_mRNA":9.0,"data_generator_time":50.0},{"data_generator_MDM2":22.0,"data_generator_MDM2_mRNA":9.0,"data_generator_time":51.0},{"data_generator_MDM2":26.0,"data_generator_MDM2_mRNA":9.0,"data_generator_time":52.0},{"data_generator_MDM2":25.0,"data_generator_MDM2_mRNA":9.0,"data_generator_time":53.0},{"data_generator_MDM2":26.0,"data_generator_MDM2_mRNA":9.0,"data_generator_time":54.0},{"data_generator_MDM2":26.0,"data_generator_MDM2_mRNA":9.0,"data_generator_time":55.0},{"data_generator_MDM2":28.0,"data_generator_MDM2_mRNA":9.0,"data_generator_time":56.0},{"data_generator_MDM2":24.0,"data_generator_MDM2_mRNA":9.0,"data_generator_time":57.0},{"data_generator_MDM2":25.0,"data_generator_MDM2_mRNA":9.0,"data_generator_time":58.0},{"data_generator_MDM2":28.0,"data_generator_MDM2_mRNA":9.0,"data_generator_time":59.0},{"data_generator_MDM2":31.0,"data_generator_MDM2_mRNA":9.0,"data_generator_time":60.0},{"data_generator_MDM2":30.0,"data_generator_MDM2_mRNA":9.0,"data_generator_time":61.0},{"data_generator_MDM2":28.0,"data_generator_MDM2_mRNA":8.0,"data_generator_time":62.0},{"data_generator_MDM2":32.0,"data_generator_MDM2_mRNA":8.0,"data_generator_time":63.0},{"data_generator_MDM2":32.0,"data_generator_MDM2_mRNA":8.0,"data_generator_time":64.0},{"data_generator_MDM2":31.0,"data_generator_MDM2_mRNA":8.0,"data_generator_time":65.0},{"data_generator_MDM2":32.0,"data_generator_MDM2_mRNA":8.0,"data_generator_time":66.0},{"data_generator_MDM2":36.0,"data_generator_MDM2_mRNA":8.0,"data_generator_time":67.0},{"data_generator_MDM2":34.0,"data_generator_MDM2_mRNA":8.0,"data_generator_time":68.0},{"data_generator_MDM2":28.0,"data_generator_MDM2_mRNA":8.0,"data_generator_time":69.0},{"data_generator_MDM2":31.0,"data_generator_MDM2_mRNA":8.0,"data_generator_time":70.0},{"data_generator_MDM2":33.0,"data_generator_MDM2_mRNA":8.0,"data_generator_time":71.0},{"data_generator_MDM2":33.0,"data_generator_MDM2_mRNA":8.0,"data_generator_time":72.0},{"data_generator_MDM2":30.0,"data_generator_MDM2_mRNA":8.0,"data_generator_time":73.0},{"data_generator_MDM2":34.0,"data_generator_MDM2_mRNA":8.0,"data_generator_time":74.0},{"data_generator_MDM2":32.0,"data_generator_MDM2_mRNA":8.0,"data_generator_time":75.0},{"data_generator_MDM2":28.0,"data_generator_MDM2_mRNA":8.0,"data_generator_time":76.0},{"data_generator_MDM2":23.0,"data_generator_MDM2_mRNA":8.0,"data_generator_time":77.0},{"data_generator_MDM2":20.0,"data_generator_MDM2_mRNA":8.0,"data_generator_time":78.0},{"data_generator_MDM2":19.0,"data_generator_MDM2_mRNA":8.0,"data_generator_time":79.0},{"data_generator_MDM2":21.0,"data_generator_MDM2_mRNA":8.0,"data_generator_time":80.0},{"data_generator_MDM2":20.0,"data_generator_MDM2_mRNA":8.0,"data_generator_time":81.0},{"data_generator_MDM2":21.0,"data_generator_MDM2_mRNA":8.0,"data_generator_time":82.0},{"data_generator_MDM2":23.0,"data_generator_MDM2_mRNA":7.0,"data_generator_time":83.0},{"data_generator_MDM2":24.0,"data_generator_MDM2_mRNA":7.0,"data_generator_time":84.0},{"data_generator_MDM2":18.0,"data_generator_MDM2_mRNA":7.0,"data_generator_time":85.0},{"data_generator_MDM2":19.0,"data_generator_MDM2_mRNA":7.0,"data_generator_time":86.0},{"data_generator_MDM2":15.0,"data_generator_MDM2_mRNA":7.0,"data_generator_time":87.0},{"data_generator_MDM2":16.0,"data_generator_MDM2_mRNA":7.0,"data_generator_time":88.0},{"data_generator_MDM2":17.0,"data_generator_MDM2_mRNA":7.0,"data_generator_time":89.0},{"data_generator_MDM2":17.0,"data_generator_MDM2_mRNA":7.0,"data_generator_time":90.0},{"data_generator_MDM2":18.0,"data_generator_MDM2_mRNA":7.0,"data_generator_time":91.0},{"data_generator_MDM2":24.0,"data_generator_MDM2_mRNA":7.0,"data_generator_time":92.0},{"data_generator_MDM2":25.0,"data_generator_MDM2_mRNA":7.0,"data_generator_time":93.0},{"data_generator_MDM2":23.0,"data_generator_MDM2_mRNA":7.0,"data_generator_time":94.0},{"data_generator_MDM2":22.0,"data_generator_MDM2_mRNA":7.0,"data_generator_time":95.0},{"data_generator_MDM2":20.0,"data_generator_MDM2_mRNA":7.0,"data_generator_time":96.0},{"data_generator_MDM2":17.0,"data_generator_MDM2_mRNA":7.0,"data_generator_time":97.0},{"data_generator_MDM2":18.0,"data_generator_MDM2_mRNA":7.0,"data_generator_time":98.0},{"data_generator_MDM2":17.0,"data_generator_MDM2_mRNA":7.0,"data_generator_time":99.0},{"data_generator_MDM2":12.0,"data_generator_MDM2_mRNA":7.0,"data_generator_time":100.0}]