[{"time":0.0,"MDM2_mRNA":10.0,"MDM2":5.0},{"time":1.0,"MDM2_mRNA":10.0,"MDM2":8.0},{"time":2.0,"MDM2_mRNA":10.0,"MDM2":9.0},{"time":3.0,"MDM2_mRNA":10.0,"MDM2":14.0},{"time":4.0,"MDM2_mRNA":9.0,"MDM2":15.0},{"time":5.0,"MDM2_mRNA":9.0,"MDM2":16.0},{"time":6.0,"MDM2_mRNA":9.0,"MDM2":20.0},{"time":7.0,"MDM2_mRNA":9.0,"MDM2":19.0},{"time":8.0,"MDM2_mRNA":9.0,"MDM2":19.0},{"time":9.0,"MDM2_mRNA":9.0,"MDM2":18.0},{"time":10.0,"MDM2_mRNA":9.0,"MDM2":16.0},{"time":11.0,"MDM2_mRNA":9.0,"MDM2":13.0},{"time":12.0,"MDM2_mRNA":9.0,"MDM2":14.0},{"time":13.0,"MDM2_mRNA":9.0,"MDM2":15.0},{"time":14.0,"MDM2_mRNA":9.0,"MDM2":15.0},{"time":15.0,"MDM2_mRNA":9.0,"MDM2":17.0},{"time":16.0,"MDM2_mRNA":9.0,"MDM2":15.0},{"time":17.0,"MDM2_mRNA":9.0,"MDM2":16.0},{"time":18.0,"MDM2_mRNA":9.0,"MDM2":16.0},{"time":19.0,"MDM2_mRNA":9.0,"MDM2":13.0},{"time":20.0,"MDM2_mRNA":9.0,"MDM2":10.0},{"time":21.0,"MDM2_mRNA":9.0,"MDM2":10.0},{"time":22.0,"MDM2_mRNA":9.0,"MDM2":6.0},{"time":23.0,"MDM2_mRNA":9.0,"MDM2":6.0},{"time":24.0,"MDM2_mRNA":9.0,"MDM2":6.0},{"time":25.0,"MDM2_mRNA":9.0,"MDM2":4.0},{"time":26.0,"MDM2_mRNA":9.0,"MDM2":10.0},{"time":27.0,"MDM2_mRNA":9.0,"MDM2":6.0},{"time":28.0,"MDM2_mRNA":8.0,"MDM2":12.0},{"time":29.0,"MDM2_mRNA":8.0,"MDM2":11.0},{"time":30.0,"MDM2_mRNA":9.0,"MDM2":14.0},{"time":31.0,"MDM2_mRNA":9.0,"MDM2":16.0},{"time":32.0,"MDM2_mRNA":9.0,"MDM2":15.0},{"time":33.0,"MDM2_mRNA":9.0,"MDM2":14.0},{"time":34.0,"MDM2_mRNA":9.0,"MDM2":15.0},{"time":35.0,"MDM2_mRNA":9.0,"MDM2":15.0},{"time":36.0,"MDM2_mRNA":9.0,"MDM2":17.0},{"time":37.0,"MDM2_mRNA":9.0,"MDM2":18.0},{"time":38.0,"MDM2_mRNA":9.0,"MDM2":18.0},{"time":39.0,"MDM2_mRNA":9.0,"MDM2":21.0},{"time":40.0,"MDM2_mRNA":9.0,"MDM2":23.0},{"time":41.0,"MDM2_mRNA":9.0,"MDM2":21.0},{"time":42.0,"MDM2_mRNA":9.0,"MDM2":22.0},{"time":43.0,"MDM2_mRNA":9.0,"MDM2":23.0},{"time":44.0,"MDM2_mRNA":9.0,"MDM2":22.0},{"time":45.0,"MDM2_mRNA":9.0,"MDM2":20.0},{"time":46.0,"MDM2_mRNA":9.0,"MDM2":18.0},{"time":47.0,"MDM2_mRNA":9.0,"MDM2":18.0},{"time":48.0,"MDM2_mRNA":9.0,"MDM2":18.0},{"time":49.0,"MDM2_mRNA":9.0,"MDM2":17.0},{"time":50.0,"MDM2_mRNA":9.0,"MDM2":20.0},{"time":51.0,"MDM2_mRNA":9.0,"MDM2":22.0},{"time":52.0,"MDM2_mRNA":9.0,"MDM2":26.0},{"time":53.0,"MDM2_mRNA":9.0,"MDM2":25.0},{"time":54.0,"MDM2_mRNA":9.0,"MDM2":26.0},{"time":55.0,"MDM2_mRNA":9.0,"MDM2":26.0},{"time":56.0,"MDM2_mRNA":9.0,"MDM2":28.0},{"time":57.0,"MDM2_mRNA":9.0,"MDM2":24.0},{"time":58.0,"MDM2_mRNA":9.0,"MDM2":25.0},{"time":59.0,"MDM2_mRNA":9.0,"MDM2":28.0},{"time":60.0,"MDM2_mRNA":9.0,"MDM2":31.0},{"time":61.0,"MDM2_mRNA":9.0,"MDM2":30.0},{"time":62.0,"MDM2_mRNA":8.0,"MDM2":28.0},{"time":63.0,"MDM2_mRNA":8.0,"MDM2":32.0},{"time":64.0,"MDM2_mRNA":8.0,"MDM2":32.0},{"time":65.0,"MDM2_mRNA":8.0,"MDM2":31.0},{"time":66.0,"MDM2_mRNA":8.0,"MDM2":32.0},{"time":67.0,"MDM2_mRNA":8.0,"MDM2":36.0},{"time":68.0,"MDM2_mRNA":8.0,"MDM2":34.0},{"time":69.0,"MDM2_mRNA":8.0,"MDM2":28.0},{"time":70.0,"MDM2_mRNA":8.0,"MDM2":31.0},{"time":71.0,"MDM2_mRNA":8.0,"MDM2":33.0},{"time":72.0,"MDM2_mRNA":8.0,"MDM2":33.0},{"time":73.0,"MDM2_mRNA":8.0,"MDM2":30.0},{"time":74.0,"MDM2_mRNA":8.0,"MDM2":34.0},{"time":75.0,"MDM2_mRNA":8.0,"MDM2":32.0},{"time":76.0,"MDM2_mRNA":8.0,"MDM2":28.0},{"time":77.0,"MDM2_mRNA":8.0,"MDM2":23.0},{"time":78.0,"MDM2_mRNA":8.0,"MDM2":20.0},{"time":79.0,"MDM2_mRNA":8.0,"MDM2":19.0},{"time":80.0,"MDM2_mRNA":8.0,"MDM2":21.0},{"time":81.0,"MDM2_mRNA":8.0,"MDM2":20.0},{"time":82.0,"MDM2_mRNA":8.0,"MDM2":21.0},{"time":83.0,"MDM2_mRNA":7.0,"MDM2":23.0},{"time":84.0,"MDM2_mRNA":7.0,"MDM2":24.0},{"time":85.0,"MDM2_mRNA":7.0,"MDM2":18.0},{"time":86.0,"MDM2_mRNA":7.0,"MDM2":19.0},{"time":87.0,"MDM2_mRNA":7.0,"MDM2":15.0},{"time":88.0,"MDM2_mRNA":7.0,"MDM2":16.0},{"time":89.0,"MDM2_mRNA":7.0,"MDM2":17.0},{"time":90.0,"MDM2_mRNA":7.0,"MDM2":17.0},{"time":91.0,"MDM2_mRNA":7.0,"MDM2":18.0},{"time":92.0,"MDM2_mRNA":7.0,"MDM2":24.0},{"time":93.0,"MDM2_mRNA":7.0,"MDM2":25.0},{"time":94.0,"MDM2_mRNA":7.0,"MDM2":23.0},{"time":95.0,"MDM2_mRNA":7.0,"MDM2":22.0},{"time":96.0,"MDM2_mRNA":7.0,"MDM2":20.0},{"time":97.0,"MDM2_mRNA":7.0,"MDM2":17.0},{"time":98.0,"MDM2_mRNA":7.0,"MDM2":18.0},{"time":99.0,"MDM2_mRNA":7.0,"MDM2":17.0},{"time":100.0,"MDM2_mRNA":7.0,"MDM2":12.0}]