[{"file": "exp-axon-tail2-chans-axon-last.ses"}, {"file": "neuron-CB-ext-axon-2pieces-chans-ext-axon-70um.ses"}, {"file": "vclamp_-85_to_-25mV.ses"}, {"file": "exp-axon-tail2-chans-ext-axon-70um-mimic-synapses-v-change.ses"}, {"file": "neuron-CB-pas-electrode-embed-fit-pas.ses"}, {"file": "neuron-CB-ext-axon-2pieces-chans-ext-axon-50um-onlyNa.ses"}, {"file": "lincir-vclamp.ses"}, {"file": "neuron-CB-act-electrode-embed-IClamp.ses"}, {"file": "neuron-CB-ext-axon-2pieces-chans-ext-axon-70um-10alphasynapses.ses"}, {"file": "configure.ac"}, {"file": "exp-axon-tail2-chans-ext-axon-70um-10x-mimic-sustained-random.ses"}, {"file": "exp-axon-tail2-chans-ext-axon-70um-tomasz.ses"}, {"file": "data-axon-tail2-chans-axon_11_lines_dt_0.025000ms.bin"}, {"file": "neuron-CB-ext-axon-2pieces-chans-ext-axon-70um-10x-mimic-sustained.ses"}, {"file": "I-range_-6.5_53.5_by-12-gaxon=1.3-gaKf=200-gaKs=700-gNa=180-gNaP=.01-gleak=.05-zi=2.1-eleak=-55-ealeak=-55-Ca=1.8-Cm=10-Ihold=-6.5.dat"}, {"file": "neuron-CB-ext-axon-2pieces-chans-ext-axon-70um-mimic-synapses.ses"}, {"file": "isopotential.sedml"}, {"file": "neuron-CB-pas-electrode-embed-fit-pas-VClamp.ses"}, {"file": "README.dist"}, {"file": "inc-first.ses"}, {"file": "data-syn-dend-513_2_lines_dt_0.025000ms.bin"}, {"file": "SkeletonTree_ORR_aCC_48h1_NL.hoc"}, {"file": "report.csv"}, {"file": "current-inj-50pA-read-mV_dt_0.025ms.bin"}, {"file": "configure"}, {"file": "neuron-Import3D-CellBuilder.ses"}, {"file": "shape-plot.ses"}, {"file": "data-syn-dend-520_2_lines_dt_0.025000ms.bin"}, {"file": "data-axon-tail2-chans-ext-axon-70um_11_lines_dt_0.025000ms.bin"}, {"file": "exp-axon-tail2-chans-ext-axon-70um-10x-mimic-sustained.ses"}, {"file": "pcbi.1004189.g002.jpg"}, {"file": "exp-axon-tail2.ses"}, {"file": "Makefile"}, {"file": "neuron-PointProcessMgr-ext-axon-2pieces-chans-ext-axon-70um-10alphasynapses.ses"}, {"file": "pcbi.1004189.g003.jpg"}, {"file": "I-range_-6_36-by-2-gaxon=1.2-gKf=1-gaKf=1000-gKs=1-gaKs=50-gNa=85-gNaP=.93-gleak=.3-richard-panel-B.dat"}, {"file": "data-axon-tail2-axon-70um-vc-noKdr-long-back-85mV-Na-5xNaT_4_lines_dt_0.025000ms.bin"}, {"file": "Ic_dt_0.025000ms_dy_1e-9nA_vclamp_-70_to_-90_mV.bin"}, {"file": "exp-axon-tail2-chans-in-all.ses"}, {"file": "pcbi.1004189.g001.jpg"}, {"file": "exp-axon-tail2-chans-ext-axon-70um.ses"}, {"file": "data-v-syn-10dends-20-EPSCs-10x-10ms-noVC_6_lines_dt_0.025000ms.bin"}, {"file": "exp-axon-tail2-chans-ext-axon-70um-10alphasynapses.ses"}, {"file": "chan-DmKA-Marley.hoc"}, {"file": "vclamp_soma_-60mV.ses"}, {"file": "chan-DmNaP-DmNav10.hoc"}, {"file": "neuron-CB-ext-axon-2pieces-chans-in-all.ses"}, {"file": "pcbi.1004189.g004.jpg"}, {"file": "v-graph-bigger.ses"}, {"file": "exp-axon-tail2-chans-ext-axon-70um-onlyNa.ses"}, {"file": "NaP_NaT_data.csv"}, {"file": "pcbi.1004189.g005.jpg"}, {"file": "electrode-ReCe-soma.nrn"}, {"file": "v-graph-bigger-axon-2pieces.ses"}, {"file": "Kfs.mat"}, {"file": "pcbi.1004189.g007.jpg"}, {"file": "README.html"}, {"file": "aCC-L3-neuron.hoc"}, {"file": "neuron-CB-pas-electrode-embed.ses"}, {"file": "pcbi.1004189.g006.jpg"}, {"file": "neuron-CB-ext-axon-2pieces-chans-axon.ses"}, {"file": "nrn-fit-cap-02_dt_0.025000ms_dy_1e-9nA.bin"}, {"file": "exp-axon-tail2-chans-ext-axon-70um-mimic-synapses.ses"}, {"file": "TODO"}, {"file": "v-graph.ses"}, {"file": "TAGS"}, {"file": "fitfuncs.hoc"}, {"file": "ball-and-stick.sedml"}, {"file": "iclamp-50pA.ses"}, {"file": "data-i-vclamp-syn-dend-513-180-EPSCs-10x-1ms-saturating_2_lines_dt_0.025000ms.bin"}, {"file": "exp-axon-tail2-chans-botdend.ses"}, {"file": "COPYING"}, {"file": "neuron-CB-pas-electrode-embed-test-axon-hh-chans.ses"}, {"file": "neuron-NL-CellBuilder-pas-Na.ses"}, {"file": "chan-DmKdr-Marley.hoc"}, {"file": "aCC-L3-neuron-swc.hoc"}, {"file": "neuron-CB-ext-axon-2pieces-chans-axon-last.ses"}, {"file": "I-range_-12_42-by-13-gKs=50-gKf=24-gNa=100-gNaP=.8-c=4-gL=6.8.dat"}, {"file": "exp-axon-tail2-chans-axon.ses"}, {"file": "vclamp_soma_-60mV_syni.ses"}, {"file": "neuron-CB-ext-axon-2pieces-chans-botdend.ses"}, {"file": "neuron-NL-CellBuilder-pas.ses"}, {"file": "data-v-syn-dend-513-180-EPSCs-10x-1ms-saturating-noVC_5_lines_dt_0.025000ms.bin"}, {"file": "neuron-CB-ext-axon.ses"}, {"file": "neuron-CB-ext-axon-2pieces.ses"}, {"file": "neuron-CB+electrode.hoc"}, {"file": "update_tags"}, {"file": "exp-axon-tail2-chans-ext-axon-50um-onlyNa.ses"}, {"file": "calc-impedance.hoc"}, {"file": "vclamp-family.ses"}, {"file": "Ic_dt_0.025000ms_dy_1e-9nA_vclamp_-70_to_-50_mV.bin"}, {"file": "neuron-CB-pas-electrode-embed-IClamp.ses"}, {"file": "neuron-CB.ses"}, {"file": "IClamp-steps.ses"}, {"file": "neuron-NL-CellBuilder-pas-electrode.ses"}, {"file": "data-axon-tail2-axon-70um-vc-noKdr-long-back-85mV-Na-5xNaP_4_lines_dt_0.025000ms.bin"}, {"file": "soma-vclamp-testbed.ses"}, {"file": "data-axon-tail2-chans-botdend_11_lines_dt_0.025000ms.bin"}, {"file": "data-i-syn-10syns-20-EPSCs-10x-10ms-VC-60mV_6_lines_dt_0.025000ms.bin"}, {"file": "neuron-CB-ext-axon-2pieces-chans-ext-axon-70um-onlyNa.ses"}, {"file": "data-axon-tail2-axon-50um-vc-noKdr-long-back-85mV-Na_4_lines_dt_0.025000ms.bin"}, {"file": "data-v-syn-4dends-50-EPSCs-10x-10ms-noVC_6_lines_dt_0.025000ms.bin"}, {"file": "data-axon-tail2-chans-in-all_11_lines_dt_0.025000ms.bin"}, {"file": "neuron-CB-ext-axon-2pieces-chans-ext-axon-70um-mimic-synapses-v-change.ses"}, {"file": "stats.hoc"}, {"file": "exp-axon-tail2-chans-ext-axon-70um-mimic-synapses-sustained-currents.ses"}, {"file": "mosinit.hoc"}, {"file": "vclamp_soma_-60mV_syn1234.ses"}, {"file": "data-axon-tail2-axon-70um-vc-noKdr-long-back-85mV-Na_4_lines_dt_0.025000ms.bin"}, {"file": "data-syn-dend-357_2_lines_dt_0.025000ms.bin"}, {"file": "graph-i-vc-ext-axon.ses"}, {"file": "data-i-syn-4dends-50-EPSCs-10x-10ms-VC-60mV_5_lines_dt_0.025000ms.bin"}, {"file": "Makefile.in"}, {"file": "data-axon-tail2-chans-axon-last_11_lines_dt_0.025000ms.bin"}, {"file": "chan-DmNaT-ODowd.hoc"}, {"file": "collapse-neuron-tree.hoc"}, {"file": "lincir-vclamp.hoc"}, {"file": "data-v-syn-dend-685-AP_3_lines_dt_0.025000ms.bin"}, {"file": "data-syn-dend-685_2_lines_dt_0.025000ms.bin"}, {"file": "data-axon-tail2-axon-70um-vc-noKdr-long-back-85mV-passive_4_lines_dt_0.025000ms.bin"}, {"file": "neuron-NL-CellBuilder.ses"}]