[{"R_SK_5mta_c":0.0015988475,"R_SK_apoACP_c":-0.0006386254,"R_SK_gcald_c":0.0114203396,"R_SK_pap_c":0.0006386254,"R_ACt2r":-8.2324954043,"R_ADCL":0.0114203396,"R_ADCS":0.0114203396,"R_CO2t":-8.9429725467,"R_BIOMASS_Ecoli_TM":0.228406792,"R_ALAR":0.0126080549,"R_DM_dip_d_d_c":0.0,"R_DM_pydx5p_c":0.0,"R_ARBabc":0.0,"R_ACGK":0.0737753938,"R_ACCOAC":0.0431072139,"R_ALCD19":0.0015965635,"R_ACALD":0.0,"R_ACGS":0.0,"R_CRTNsyn":0.0,"R_ACKr":-8.642812903,"R_CSNt2":0.0,"R_ACOATA":0.0065459103,"R_ACLS":0.1902297388,"R_ACHBS":0.0630402746,"R_ACYP_2":0.0,"R_DCYTD":0.0,"R_DM_sprm_c":0.0,"R_DM_thmpp_c":0.0,"R_ADAPAT":0.0807646417,"R_ADA":0.0,"R_ADK1":1.8860247743,"R_EX_ac_e":8.2324954043,"R_DHNPA":0.0114203396,"R_EX_ala__L_e":0.0,"R_ADK3":-0.796589929,"R_EX_amylose300_e":0.0,"R_EX_arab__L_e":0.0,"R_EX_cell4_e":0.0,"R_EX_cell500_e":0.0,"R_EX_cell6_e":0.0,"R_CYTD":0.0,"R_DHPPDA":0.0000022841,"R_ADMDC":0.0015988475,"R_CHORM":0.0701208852,"R_EX_cellb_e":0.0,"R_ADPT":0.0,"R_BACCL":0.0,"R_ADSL2r":0.1113951345,"R_EX_co2_e":8.9429725467,"R_EX_csn_e":0.0,"R_EX_fe2_e":0.0,"R_ADSL1r":0.0683610108,"R_EX_fe3_e":0.0,"R_ATPS1":1.1627763804,"R_EX_fru_e":0.0,"R_BGLA1":0.0,"R_ADSS":0.0683610108,"R_BGLA":0.0,"R_EX_gal_e":0.0,"R_AGDC":0.0,"R_EX_galman4_e":0.0,"R_EX_galman6_e":0.0,"R_BTS3r":0.0,"R_AGPAT160":0.0006386254,"R_AGPR":-0.0737753938,"R_CDPMEK":0.0035124396,"R_EX_galman600_e":0.0,"R_EX_glc__D_e":0.0,"R_AHCi":0.0,"R_EX_glcman4_e":0.0,"R_BUTKr":0.0,"R_EX_glcman6_e":0.0,"R_AHCYSNS":0.0,"R_EX_glcman600_e":0.0,"R_EX_glucan1500_e":0.0,"R_EX_glucan4_e":0.0,"R_EX_glucan6_e":0.0,"R_EX_glyc_e":0.0,"R_CBPS":0.1354680684,"R_CEL6abc":0.0,"R_CEPA":0.0,"R_CELabc":0.0,"R_CELASE2":0.0,"R_CELASE1":0.0,"R_EX_glyc3p_e":0.0,"R_EX_glycogen1500_e":0.0,"R_AHEXASE3":0.0,"R_EX_h_e":10.382458388,"R_EX_h2_e":17.2923893878,"R_AHMMPS":0.0,"R_EX_h2o_e":-7.3498611943,"R_EX_h2s_e":0.7864228575,"R_CELLBabc":0.0,"R_CHORS":0.0938751915,"R_AHSERL2":0.0,"R_CRTNh":0.0,"R_EX_hco3_e":0.0,"R_CS":0.2536685832,"R_AICART":0.1319517458,"R_CTPS2":0.0287792558,"R_EX_ile__L_e":0.0,"R_EX_inost_e":0.0,"R_CYSS":0.0205234923,"R_EX_k_e":0.0,"R_CYSTRS":0.0,"R_ALKP":0.0,"R_CYTDK2":0.0,"R_EX_lac__L_e":0.0,"R_AIRCr":0.1113951345,"R_EX_lcts_e":0.0,"R_EX_leu__L_e":0.0,"R_EX_lmn30_e":0.0,"R_EX_lmn2_e":0.0,"R_EX_malt_e":-2.794,"R_CYTK1":0.0044838537,"R_CYTK2":0.0058015325,"R_DAPDA":0.0807646417,"R_DAPDC":0.0807646417,"R_DAPE":0.0807646417,"R_DASYN160":0.0003193127,"R_EX_malttr_e":0.0,"R_EX_maltttr_e":0.0,"R_DB4PS":0.0000045681,"R_AKP1":0.0,"R_DCMPDA":-0.0058015325,"R_EX_man_e":0.0,"R_EX_manb_e":0.0,"R_EX_mantr_e":0.0,"R_EX_manttr_e":0.0,"R_DDGLK":0.0,"R_EX_melib_e":0.0,"R_ALAALAr":0.0063040275,"R_DDPA":0.0938751915,"R_ALATRS":0.0,"R_EX_mg2_e":0.0,"R_EX_na1_e":0.0,"R_EX_nh4_e":-2.3688262547,"R_ALAabc":0.0,"R_ALR2":0.0,"R_EX_oxa_e":0.0,"R_DDPGA":0.0,"R_DHAD1":0.1902297388,"R_DHAD2":0.0630402746,"R_EX_pi_e":-0.1755911475,"R_EX_ptrc_e":0.0,"R_AMYLe":0.0,"R_EX_pullulan1200_e":0.0,"R_DHDPRx_r":0.0807646417,"R_DHDPS":0.0807646417,"R_DHFR":0.0114203396,"R_DHFS":0.0114203396,"R_EX_raffin_e":0.0,"R_EX_rib__D_e":0.0,"R_EX_rmn_e":0.0,"R_DHORTS":-0.0712857598,"R_APRAUR":0.0000022841,"R_DHORD_NAD":0.0712857598,"R_DHQTi":0.0938751915,"R_EX_s_e":-0.841892589,"R_EX_spmd_e":0.0,"R_EX_starch1200_e":0.0,"R_DHQS":0.0938751915,"R_AMYe":0.0,"R_DMATT":0.0003193127,"R_EX_sucr_e":0.0,"R_EX_thr__L_e":0.0,"R_EX_tre_e":0.0,"R_DNMPPA":0.0114203396,"R_ARAI":0.0,"R_DNTPPA":0.0114203396,"R_DPCOAK":0.0006521014,"R_EX_ura_e":0.0,"R_EX_val__L_e":0.0,"R_EX_xan_e":0.0,"R_DPR":0.0006521014,"R_EX_xtsn_e":0.0,"R_ANPRT":0.0123339668,"R_EX_xyl__D_e":0.0,"R_DRBK":0.0,"R_DRPA":0.6646381832,"R_EX_xyl3_e":0.0,"R_ANS":0.0123339668,"R_EX_xylan12_e":0.0,"R_DTMPK":0.0056416478,"R_ARGSL":0.0641823086,"R_DURIK1":0.0,"R_DUTPDP":0.0,"R_EX_xylan4_e":0.0,"R_EX_xylan8_e":0.0,"R_EX_xylb_e":0.0,"R_EX_zn2_e":0.0,"R_ARGSS":0.0641823086,"R_DM_4hba_c":0.0,"R_FASC300":0.0003193127,"R_FASC320":0.0003193127,"R_FERIRDe":0.0,"R_ARGTRS":0.0,"R_FRUabc":0.0,"R_AROH":0.0,"R_ASAD":0.4308409909,"R_GDH1":0.0,"R_GLCURT":0.0,"R_ASNTRAT":0.0,"R_ASP1DC":0.0006521014,"R_G3PAT160":0.0006386254,"R_ASPCT":0.0712857598,"R_ASPO2":0.0006235505,"R_GLUR":-0.0063040275,"R_ASPK":-0.4308409909,"R_G5SADs":0.0479654263,"R_ASPTA6":-0.1303745969,"R_EDA":0.7320723193,"R_FPGS_tm":0.0,"R_DXPRIi":0.0035124396,"R_ASPTRS_Asn":0.0,"R_DXPS":0.0035124396,"R_H2Ot":7.3498611943,"R_ASPTRS":0.0,"R_FE3abc":0.0,"R_ASPT":-0.2439377687,"R_EGLUCe":0.0,"R_ENO":9.4190278041,"R_H2St1":0.7864228575,"R_FBA":4.184838376,"R_ATPPRT":0.0205566113,"R_FBA2":0.0015965635,"R_FBA3":0.0,"R_H2td":17.2923893878,"R_FBP":0.0,"R_HEX4":0.0,"R_FCI":0.0,"R_FMETTRS":0.0,"R_FMNAT":0.0000022841,"R_FOLD3":0.0114203396,"R_FRUK":-0.0015965635,"R_GALM2":0.0,"R_HCO3E":0.1785752822,"R_GLYCOe":0.0,"R_GLNTRAT":0.0,"R_GLU5K":0.0479654263,"R_GTPCII":0.0000022841,"R_IMPCT2":0.0,"R_GRTT":0.0003193127,"R_FTCD":0.0,"R_FTHFLi":0.0114271918,"R_GalMr":0.0,"R_FUCASE2":0.0,"R_IPDDI":0.0003193127,"R_FUCASE":0.0,"R_FUM":0.0,"R_G1PACT":0.0126080549,"R_GALS3":0.0,"R_GLS3e":0.0,"R_GLSe":0.0,"R_GLCMAN4":0.0,"R_G3PD1ir":0.0009579381,"R_G5SD":0.0479654263,"R_G6PDA":-0.0126080549,"R_GLCMAN6abc":0.0,"R_GLCMAN4abc":0.0,"R_GLCMAN6":0.0,"R_GALUi":0.003193127,"R_G6PDH2r":0.7320723193,"R_GALKr":0.0,"R_GALM1":0.0,"R_GALMAN6abc":0.0,"R_GALMAN4abc":0.0,"R_GALMAN4":0.0,"R_GALT":0.0,"R_L_LACt2r":0.0,"R_GALMAN6":0.0,"R_GALMAN600b_e":0.0,"R_LCADi":0.0,"R_GALMAN600c_e":0.0,"R_GALMAN600a_e":0.0,"R_GALabc":0.0,"R_KAS14":0.0065459103,"R_GLCabc":0.0,"R_IMPC":-0.1319517458,"R_GAPD":9.4190278041,"R_GARFT":0.1113951345,"R_MANabc":0.0,"R_LEUabc":0.0,"R_GF6PTA":0.0,"R_GHMT2r":0.5967730436,"R_GLCAASE3":0.0,"R_GLCS1":0.035174646,"R_ILEabc":0.0,"R_HSDy":0.5116056326,"R_LMNe":0.0,"R_LMN2":0.0,"R_KARA2":0.0630402746,"R_KARA1":-0.1902297388,"R_IMP":0.0,"R_GLNS":0.5520409438,"R_GLCURS1":0.0,"R_GLGC":0.035174646,"R_GLNSP2":0.0,"R_NADHPO":0.0,"R_NAt":0.0,"R_GLS":0.0,"R_MANA2":0.0,"R_GLUCAN2abc":0.0,"R_GLUCANabc":0.0,"R_GluForTx":0.0,"R_MANA3":0.0,"R_GLUFT":0.0,"R_NDPK2":0.0756437614,"R_NDPK3":0.0044838537,"R_GLUPRT":0.1113951345,"R_MANA1":0.0,"R_GLUSy":0.0,"R_NDPK4":0.0056416478,"R_NDPK5":0.0,"R_LMN2abc":0.0,"R_NDPK7":0.0058015325,"R_NDPK8":0.0,"R_GLYC3Pabc":0.0,"R_NH3c":0.0,"R_GLYCDx":0.0,"R_MALTTRabc":0.0,"R_GLUTRS":0.0,"R_GLUTRS_Gln":0.0,"R_HCO3abc":0.0,"R_GLYCK2":0.0,"R_HEX1":0.7704400922,"R_MCOATA":0.0431072139,"R_HEX7":4.8175599078,"R_GLYCL_2":0.3121930271,"R_GLYCt":0.0,"R_NTPP1":0.6646381832,"R_NTPP2":0.0,"R_NTPP3":0.0,"R_HPYRRx":0.0,"R_GMPS2":0.063590735,"R_HISTD":0.0205566113,"R_GLYK":0.0,"R_GLYTRS":0.0,"R_GND":0.0,"R_NTPP4":0.0,"R_NTPP5":0.0,"R_MELIBabc":0.0,"R_MDH":0.0,"R_GNK":0.0,"R_MCLORi":0.0,"R_GPDDA1":0.0,"R_HISTP":0.0205566113,"R_GPDDA2":0.0,"R_GTPCI":0.0114203396,"R_ME1":0.0,"R_HISTRS":0.0,"R_GUI1":0.0,"R_HMPK1":0.0,"R_GUI2":0.0,"R_MECDPDH2":0.0035124396,"R_MECDPS":0.0035124396,"R_HPPK":0.0114203396,"R_MEPCT":0.0035124396,"R_HPROb":0.0,"R_METAT":0.0015988475,"R_METB1":-0.5116056326,"R_OMCDC":0.097758107,"R_HSERTA":-0.5116056326,"R_OXAt":0.0,"R_MHPGLUT":0.0,"R_HSK":0.0,"R_METS":0.0349462392,"R_METTRS":0.0,"R_MGSA":0.0,"R_MI1PS2":0.0,"R_PC":0.0,"R_PDIPS":0.0,"R_MGt5":0.0,"R_HSTPT":0.0205566113,"R_MLTG1":0.0,"R_PGMT":-0.0383677729,"R_MLTG2":0.0,"R_HXPRT":0.0,"R_MNLDH2":0.0,"R_MNLDHr":0.0,"R_PMDPHT":0.0000022841,"R_PPTGS_TM":0.0063040275,"R_HYDFDN":8.6461946939,"R_ORNTAC":0.0737753938,"R_MNNH":0.0,"R_MOHMT":0.0006521014,"R_ICDHyr":0.2536685832,"R_MTHFC":0.2319196885,"R_MTHFD":0.2319196885,"R_PPCOAC":0.0,"R_MTHFR2":0.0463665788,"R_IGPDH":0.0205566113,"R_ORNTA":0.0,"R_IG3PS":0.0205566113,"R_PULLe":0.0,"R_IGPS":0.0123339668,"R_PPNDH":0.0401995954,"R_MTRI":0.0,"R_ILETA":-0.0630402746,"R_NADHDH":0.0000006852,"R_NTPP6":0.0,"R_OAADC":0.0,"R_PMPK":0.0,"R_P5CR":0.0479654263,"R_NADK":0.0001210556,"R_EDD":0.7320723193,"R_OCBT":0.0641823086,"R_LEUTA":-0.097758107,"R_OCTDPS":0.0,"R_NH4t":2.3688262547,"R_NADS1":0.0006235505,"R_ILETRS":0.0,"R_IMPD":0.063590735,"R_PUNP1":0.0,"R_IPDPS":0.0035124396,"R_PNP":0.0,"R_NMNAT":0.0,"R_NNATr":0.0006235505,"R_OMPDC":0.0712857598,"R_INSTabc":0.0,"R_ORNDC":0.0095930853,"R_NNAM":0.0,"R_NNDPR":0.0006235505,"R_OOR2r":0.0,"R_IPMD":0.097758107,"R_ORPT":-0.0712857598,"R_NOX":0.0,"R_NP1":0.0,"R_LCTSabc":0.0,"R_NTD8":0.6646381832,"R_NTD1":0.0,"R_IPPS":0.097758107,"R_NTD3":0.0,"R_NTD7":0.0,"R_IPPMIa":-0.097758107,"R_NTD9":0.0,"R_IPPMIb":-0.097758107,"R_NT5C":0.0,"R_Kt1":0.0,"R_LACZ":0.0,"R_RBFK":0.0000022841,"R_LDH_L":0.0,"R_SPRMS":0.0,"R_LEUTRS":0.0,"R_LYSTRS":0.0,"R_MALT":2.794,"R_SUCOAS":0.0000006852,"R_SUCRabc":0.0,"R_MAN6PI":0.0,"R_SULFDH":0.841892589,"R_MANAO":0.0,"R_UDCPDP":0.0063040275,"R_St":0.841892589,"R_XANt2":0.0,"R_TMPK":0.0,"R_TMPPP":0.0,"R_TM_GL1":0.0007982817,"R_XTSNt2":0.0,"R_TM_GL2":0.0007982817,"R_GLUDxi":-0.6282100408,"R_TREH":0.0,"R_SPTc":0.0,"R_ASPTA":0.1232939863,"R_SHKK":0.0938751915,"R_CYSTA":0.0,"R_RBK":0.0,"R_UAAGLS2":0.0063040275,"R_TMDK1":0.0,"R_OXADC":0.0,"R_3SALATAi":0.0,"R_PANTS":0.0006521014,"R_PAPPT2":0.0063040275,"R_RAFFabc":0.0,"R_SHSL2r":0.0349462392,"R_SHSL4r":-0.5465518718,"R_TALA":-0.2623208609,"R_EHGLAT":0.0,"R_SUCR":0.0,"R_TPI":4.1848534509,"R_PBUTT":0.0,"R_PFK":2.2402030485,"R_PFK_ppi":1.946231891,"R_PGAMT":-0.0126080549,"R_PYK":9.2249733936,"R_PUNP2":0.0,"R_LCYSTAT":0.0,"R_PUNP3":0.0,"R_SPMDabc":0.0,"R_PYNP1":0.0,"R_TMDPP":0.0,"R_QULNS":0.0006235505,"R_THPAT":0.0807646417,"R_PGCD":0.0,"R_PGI":0.0,"R_PGK":-9.4190278041,"R_PGL":0.7320723193,"R_PGSA160":0.0003193127,"R_PGM":-9.4190278041,"R_PNTK":0.0006521014,"R_PHETRS":0.0,"R_RAFH":0.0,"R_RBK_L1":0.0,"R_TREabc":0.0,"R_RBP4E":0.0,"R_RBFSb":0.0000022841,"R_RBFSa":0.0000045681,"R_PIabc":0.0,"R_PIt2r":0.1755911475,"R_PLPS":0.0,"R_RMI":0.0,"R_RIBabc":0.0,"R_PPANA":0.0,"R_VALabc":0.0,"R_POR":8.6461946939,"R_PPNCL2":0.0006521014,"R_PPCDC":0.0006521014,"R_PPDK":0.0,"R_RMK":0.0,"R_RMNabc":0.0,"R_RMPA":0.0,"R_RNDR1":0.0,"R_RNDR2":0.0,"R_PPM":0.0,"R_RNDR3":0.0,"R_RNDR4":0.0114431803,"R_PPM2":0.6646381832,"R_FASC201ACP":0.0,"R_PPND":0.0299212898,"R_PRAGSr":0.1113951345,"R_PRAIi":0.0123339668,"R_RNTR4":0.0,"R_RNTR1":0.0056416478,"R_RNTR2":0.6704397158,"R_RNTR3":0.0,"R_PRAIS":0.1113951345,"R_PRATPP":0.0205566113,"R_PRAMPC":0.0205566113,"R_RPE":-0.6185169134,"R_PRASCSi":0.1113951345,"R_RPI":-0.6185123452,"R_XYLOS1":0.0,"R_SERAT":0.0205234923,"R_SERTRS":0.0,"R_PRFGS":0.1113951345,"R_PRMICI":0.0205566113,"R_THRD_L":0.6095921464,"R_URIK1":0.0,"R_SERD_L":-0.676453895,"R_SHK3Dr":0.0938751915,"R_SPMS":0.0015988475,"R_SUCD3":-0.0000006852,"R_SUCD1":-0.0000006852,"R_PROTRS":0.0,"R_PRPPS":0.8808332061,"R_PSCVT":0.0938751915,"R_PTAr":8.642812903,"R_PTHPS":0.0,"R_THRA2":0.0,"R_THRA":-0.6646381832,"R_URIK2":0.0,"R_THRS":0.0,"R_THRTRS":0.0,"R_PTPATi":0.0006521014,"R_PTRCabc":0.0,"R_URIDK2r":-0.0114431803,"R_THZPSN":0.0,"R_TKT2":-0.3561960524,"R_TKT1":-0.2623208609,"R_TMDS3":0.0056416478,"R_ACONT":0.2536685832,"R_TRDR":0.6875245438,"R_UMPK":0.0775897873,"R_UAGDP":0.0126080549,"R_GLS2e":0.0,"R_ACOTA":-0.0737753938,"R_ACPS1":0.0006386254,"R_GLCMAN600a_e":0.0,"R_TYRTA":-0.0299212898,"R_GLCMAN600b_e":0.0,"R_GLCMAN600c_e":0.0,"R_FASC181ACP":0.0,"R_GK1":0.7282289182,"R_GUAPRT":0.6646381832,"R_FASC220ACP":0.0,"R_FASC221ACP":0.0,"R_FASC240ACP":0.0,"R_MTAN":0.0,"R_FASC120ACP":0.0057476285,"R_FASC140ACP":0.0057476285,"R_ATPS10_3":0.0,"R_MALTTTRabc":0.0,"R_PHETA1":-0.0401995954,"R_MALTabc":2.794,"R_MANBabc":0.0,"R_PUNP4":0.6646381832,"R_THRabc":0.0,"R_ATPS4r":0.0,"R_PUNP5":0.0,"R_XPPT":0.0,"R_MANTRabc":0.0,"R_XYLOS2":0.0,"R_XYLOS3":0.0,"R_SHSL1":0.5116056326,"R_C100SN":0.0065459103,"R_MANTTRabc":0.0,"R_NTPP7":0.0,"R_VALTA":-0.0918195304,"R_NTPP8":0.0,"R_NTD5":0.0,"R_NTD6":0.0,"R_FASC160ACP":0.0054283158,"R_FASC141ACP":0.0,"R_FASC161ACP":0.0,"R_FASC180ACP":0.0,"R_FASC182ACP":0.0,"R_FASC200ACP":0.0,"R_GLS2":0.0,"R_NTD10":0.0,"R_NTD11":0.0,"R_NTD2":0.0,"R_NTD4":0.0,"R_NMNHYD":0.0,"R_KAS_HP":0.0,"R_TRPS2":0.0123339668,"R_KAS_HP2":0.0,"R_PPA":0.0,"R_TRPS3":0.0123339668,"R_UAGCVT":0.0063040275,"R_TRPS1":0.0,"R_TRPTRS":0.0,"R_TYRTRS":0.0,"R_UAGPT2":0.0063040275,"R_UAMAGS":0.0063040275,"R_UAMAS":0.0063040275,"R_UAPGR":0.0063040275,"R_UDCPDPS":0.0003193127,"R_UDPG4E":0.0,"R_UDPGD":0.0,"R_UGLDDS2":0.0063040275,"R_UPPRT":0.0,"R_URAt":0.0,"R_VALTRS":0.0,"R_XYLI1":0.0,"R_XYL3abc":0.0,"R_XYL2e":0.0,"R_XYLe":0.0,"R_XYLI2":4.8175599078,"R_XYLBabc":0.0,"R_XYLANabc":0.0,"R_XYLK":0.0,"R_XYLabc":0.0,"R_ZNabc":0.0}]