[{"data_set_value_component_environment_variable_time":0.0,"data_set_value_component_C_6PG_variable_C_6PG":0.25,"data_set_value_component_C_Ru5P_variable_C_Ru5P":0.033,"data_set_value_component_C_R5P_variable_C_R5P":0.118,"data_set_value_component_C_X5P_variable_C_X5P":0.041,"data_set_value_component_C_S7P_variable_C_S7P":0.082,"data_set_value_component_C_E4P_variable_C_E4P":0.029,"data_set_value_component_C_G6P_variable_C_G6P":0.9,"data_set_value_component_C_G6P_variable_dC_G6P_dt":0.91875,"data_set_value_component_C_NADP_variable_C_NADP":0.168,"data_set_value_component_C_NADPH_variable_C_NADPH":0.168,"data_set_value_component_C_MgATP_variable_C_MgATP":2.3,"data_set_value_component_rG6PDH_variable_rG6PDH":3.1528796542,"data_set_value_component_rG6PDH_variable_K_NADP_1":0.116,"data_set_value_component_rG6PDH_variable_Ki_NADPH_1":1.702,"data_set_value_component_rG6PDH_variable_Ki_MgATP_1":0.33,"data_set_value_component_rG6PDH_variable_I_NADPH_1":1.0987074031,"data_set_value_component_rG6PDH_variable_I_MgATP_1":7.9696969697,"data_set_value_component_rG6PDH_variable_rmax_G6PDH":44.19,"data_set_value_component_r6PGDH_variable_r6PGDH":0.0006489371,"data_set_value_component_r6PGDH_variable_K_NADP_2":1.848,"data_set_value_component_r6PGDH_variable_Ki_NADPH_2":0.055,"data_set_value_component_r6PGDH_variable_Ki_MgATP_2":0.109,"data_set_value_component_r6PGDH_variable_I_NADPH_2":4.0545454545,"data_set_value_component_r6PGDH_variable_I_MgATP_2":22.1009174312,"data_set_value_component_r6PGDH_variable_rmax_6PGDH":0.654,"data_set_value_component_rR5PI_variable_rR5PI":0.01881,"data_set_value_component_rR5PI_variable_rmax_R5PI":0.57,"data_set_value_component_rRu5PE_variable_rRu5PE":0.02805,"data_set_value_component_rRu5PE_variable_rmax_Ru5PE":0.85,"data_set_value_component_rTKL1_variable_rTKL1":0.01567512,"data_set_value_component_rTKL1_variable_rmax_TKL1":3.24,"data_set_value_component_rTAL_variable_rTAL":0.015744,"data_set_value_component_rTAL_variable_rmax_TAL":3.0,"data_set_value_component_rTKL2_variable_rTKL2":0.0124845,"data_set_value_component_rTKL2_variable_rmax_TKL2":10.5,"data_set_value_component_rPKDA_variable_rPKDA":0.0036024845,"data_set_value_component_rPKDA_variable_K_PKDA":0.0032,"data_set_value_component_rPKDA_variable_rmax_PKDA":0.004,"data_set_value_component_rRPPK_variable_rRPPK":0.0029159802,"data_set_value_component_rRPPK_variable_K_RPPK":0.0034,"data_set_value_component_rRPPK_variable_rmax_RPPK":0.003,"data_set_value_component_rHK_variable_rHK":0.546,"data_set_value_component_rPGI_variable_rPGI":-4.4256296542,"data_set_value_component_model_constants_variable_mu":1.0,"data_set_value_component_model_constants_variable_qs":0.546,"data_set_value_component_model_constants_variable_C_GAP":0.064},{"data_set_value_component_environment_variable_time":0.1,"data_set_value_component_C_6PG_variable_C_6PG":0.5149043203,"data_set_value_component_C_Ru5P_variable_C_Ru5P":0.0259606034,"data_set_value_component_C_R5P_variable_C_R5P":0.1067330957,"data_set_value_component_C_X5P_variable_C_X5P":0.0370435551,"data_set_value_component_C_S7P_variable_C_S7P":0.0741214947,"data_set_value_component_C_E4P_variable_C_E4P":0.0262489777,"data_set_value_component_C_G6P_variable_C_G6P":0.9918777222,"data_set_value_component_C_G6P_variable_dC_G6P_dt":0.9188314233,"data_set_value_component_C_NADP_variable_C_NADP":0.1542769551,"data_set_value_component_C_NADPH_variable_C_NADPH":0.1700289396,"data_set_value_component_C_MgATP_variable_C_MgATP":2.3958778689,"data_set_value_component_rG6PDH_variable_rG6PDH":2.9281343426,"data_set_value_component_rG6PDH_variable_K_NADP_1":0.116,"data_set_value_component_rG6PDH_variable_Ki_NADPH_1":1.702,"data_set_value_component_rG6PDH_variable_Ki_MgATP_1":0.33,"data_set_value_component_rG6PDH_variable_I_NADPH_1":1.0998994944,"data_set_value_component_rG6PDH_variable_I_MgATP_1":8.2602359663,"data_set_value_component_rG6PDH_variable_rmax_G6PDH":44.19,"data_set_value_component_r6PGDH_variable_r6PGDH":0.0005690741,"data_set_value_component_r6PGDH_variable_K_NADP_2":1.848,"data_set_value_component_r6PGDH_variable_Ki_NADPH_2":0.055,"data_set_value_component_r6PGDH_variable_Ki_MgATP_2":0.109,"data_set_value_component_r6PGDH_variable_I_NADPH_2":4.0914352646,"data_set_value_component_r6PGDH_variable_I_MgATP_2":22.980530907,"data_set_value_component_r6PGDH_variable_rmax_6PGDH":0.654,"data_set_value_component_rR5PI_variable_rR5PI":0.0147975439,"data_set_value_component_rR5PI_variable_rmax_R5PI":0.57,"data_set_value_component_rRu5PE_variable_rRu5PE":0.0220665129,"data_set_value_component_rRu5PE_variable_rmax_Ru5PE":0.85,"data_set_value_component_rTKL1_variable_rTKL1":0.0128102255,"data_set_value_component_rTKL1_variable_rmax_TKL1":3.24,"data_set_value_component_rTAL_variable_rTAL":0.014231327,"data_set_value_component_rTAL_variable_rmax_TAL":3.0,"data_set_value_component_rTKL2_variable_rTKL2":0.0102097322,"data_set_value_component_rTKL2_variable_rmax_TKL2":10.5,"data_set_value_component_rPKDA_variable_rPKDA":0.0035653499,"data_set_value_component_rPKDA_variable_K_PKDA":0.0032,"data_set_value_component_rPKDA_variable_rmax_PKDA":0.004,"data_set_value_component_rRPPK_variable_rRPPK":0.0029073848,"data_set_value_component_rRPPK_variable_K_RPPK":0.0034,"data_set_value_component_rRPPK_variable_rmax_RPPK":0.003,"data_set_value_component_rHK_variable_rHK":0.546,"data_set_value_component_rPGI_variable_rPGI":-4.2928434881,"data_set_value_component_model_constants_variable_mu":1.0,"data_set_value_component_model_constants_variable_qs":0.546,"data_set_value_component_model_constants_variable_C_GAP":0.064},{"data_set_value_component_environment_variable_time":0.2,"data_set_value_component_C_6PG_variable_C_6PG":0.7354788831,"data_set_value_component_C_Ru5P_variable_C_Ru5P":0.0204282435,"data_set_value_component_C_R5P_variable_C_R5P":0.0964487975,"data_set_value_component_C_X5P_variable_C_X5P":0.0334023039,"data_set_value_component_C_S7P_variable_C_S7P":0.0668824887,"data_set_value_component_C_E4P_variable_C_E4P":0.0238208975,"data_set_value_component_C_G6P_variable_C_G6P":1.0837716136,"data_set_value_component_C_G6P_variable_dC_G6P_dt":0.9190726431,"data_set_value_component_C_NADP_variable_C_NADP":0.1441469415,"data_set_value_component_C_NADPH_variable_C_NADPH":0.1720495994,"data_set_value_component_C_MgATP_variable_C_MgATP":2.4838180422,"data_set_value_component_rG6PDH_variable_rG6PDH":2.7477757223,"data_set_value_component_rG6PDH_variable_K_NADP_1":0.116,"data_set_value_component_rG6PDH_variable_Ki_NADPH_1":1.702,"data_set_value_component_rG6PDH_variable_Ki_MgATP_1":0.33,"data_set_value_component_rG6PDH_variable_I_NADPH_1":1.1010867212,"data_set_value_component_rG6PDH_variable_I_MgATP_1":8.5267213399,"data_set_value_component_rG6PDH_variable_rmax_G6PDH":44.19,"data_set_value_component_r6PGDH_variable_r6PGDH":0.0005098568,"data_set_value_component_r6PGDH_variable_K_NADP_2":1.848,"data_set_value_component_r6PGDH_variable_Ki_NADPH_2":0.055,"data_set_value_component_r6PGDH_variable_Ki_MgATP_2":0.109,"data_set_value_component_r6PGDH_variable_I_NADPH_2":4.1281745345,"data_set_value_component_r6PGDH_variable_I_MgATP_2":23.7873214878,"data_set_value_component_r6PGDH_variable_rmax_6PGDH":0.654,"data_set_value_component_rR5PI_variable_rR5PI":0.0116440988,"data_set_value_component_rR5PI_variable_rmax_R5PI":0.57,"data_set_value_component_rRu5PE_variable_rRu5PE":0.017364007,"data_set_value_component_rRu5PE_variable_rmax_Ru5PE":0.85,"data_set_value_component_rTKL1_variable_rTKL1":0.010438023,"data_set_value_component_rTKL1_variable_rmax_TKL1":3.24,"data_set_value_component_rTAL_variable_rTAL":0.0128414378,"data_set_value_component_rTAL_variable_rmax_TAL":3.0,"data_set_value_component_rTKL2_variable_rTKL2":0.008354565,"data_set_value_component_rTKL2_variable_rmax_TKL2":10.5,"data_set_value_component_rPKDA_variable_rPKDA":0.0035262926,"data_set_value_component_rPKDA_variable_K_PKDA":0.0032,"data_set_value_component_rPKDA_variable_rmax_PKDA":0.004,"data_set_value_component_rRPPK_variable_rRPPK":0.0028978455,"data_set_value_component_rRPPK_variable_K_RPPK":0.0034,"data_set_value_component_rRPPK_variable_rmax_RPPK":0.003,"data_set_value_component_rHK_variable_rHK":0.546,"data_set_value_component_rPGI_variable_rPGI":-4.2046199789,"data_set_value_component_model_constants_variable_mu":1.0,"data_set_value_component_model_constants_variable_qs":0.546,"data_set_value_component_model_constants_variable_C_GAP":0.064},{"data_set_value_component_environment_variable_time":0.3,"data_set_value_component_C_6PG_variable_C_6PG":0.9195584011,"data_set_value_component_C_Ru5P_variable_C_Ru5P":0.0160804066,"data_set_value_component_C_R5P_variable_C_R5P":0.0870828771,"data_set_value_component_C_X5P_variable_C_X5P":0.0300750658,"data_set_value_component_C_S7P_variable_C_S7P":0.0602540362,"data_set_value_component_C_E4P_variable_C_E4P":0.0216606384,"data_set_value_component_C_G6P_variable_C_G6P":1.1756974134,"data_set_value_component_C_G6P_variable_dC_G6P_dt":0.9194687295,"data_set_value_component_C_NADP_variable_C_NADP":0.1363833637,"data_set_value_component_C_NADPH_variable_C_NADPH":0.1740596567,"data_set_value_component_C_MgATP_variable_C_MgATP":2.5647593608,"data_set_value_component_rG6PDH_variable_rG6PDH":2.6000264216,"data_set_value_component_rG6PDH_variable_K_NADP_1":0.116,"data_set_value_component_rG6PDH_variable_Ki_NADPH_1":1.702,"data_set_value_component_rG6PDH_variable_Ki_MgATP_1":0.33,"data_set_value_component_rG6PDH_variable_I_NADPH_1":1.1022677184,"data_set_value_component_rG6PDH_variable_I_MgATP_1":8.7719980632,"data_set_value_component_rG6PDH_variable_rmax_G6PDH":44.19,"data_set_value_component_r6PGDH_variable_r6PGDH":0.0004642233,"data_set_value_component_r6PGDH_variable_K_NADP_2":1.848,"data_set_value_component_r6PGDH_variable_Ki_NADPH_2":0.055,"data_set_value_component_r6PGDH_variable_Ki_MgATP_2":0.109,"data_set_value_component_r6PGDH_variable_I_NADPH_2":4.1647210317,"data_set_value_component_r6PGDH_variable_I_MgATP_2":24.5299023931,"data_set_value_component_r6PGDH_variable_rmax_6PGDH":0.654,"data_set_value_component_rR5PI_variable_rR5PI":0.0091658317,"data_set_value_component_rR5PI_variable_rmax_R5PI":0.57,"data_set_value_component_rRu5PE_variable_rRu5PE":0.0136683456,"data_set_value_component_rRu5PE_variable_rmax_Ru5PE":0.85,"data_set_value_component_rTKL1_variable_rTKL1":0.0084856354,"data_set_value_component_rTKL1_variable_rmax_TKL1":3.24,"data_set_value_component_rTAL_variable_rTAL":0.011568775,"data_set_value_component_rTAL_variable_rmax_TAL":3.0,"data_set_value_component_rTKL2_variable_rTKL2":0.0068401738,"data_set_value_component_rTKL2_variable_rmax_TKL2":10.5,"data_set_value_component_rPKDA_variable_rPKDA":0.0034851299,"data_set_value_component_rPKDA_variable_K_PKDA":0.0032,"data_set_value_component_rPKDA_variable_rmax_PKDA":0.004,"data_set_value_component_rRPPK_variable_rRPPK":0.0028872715,"data_set_value_component_rRPPK_variable_K_RPPK":0.0034,"data_set_value_component_rRPPK_variable_rmax_RPPK":0.003,"data_set_value_component_rHK_variable_rHK":0.546,"data_set_value_component_rPGI_variable_rPGI":-4.1491925645,"data_set_value_component_model_constants_variable_mu":1.0,"data_set_value_component_model_constants_variable_qs":0.546,"data_set_value_component_model_constants_variable_C_GAP":0.064},{"data_set_value_component_environment_variable_time":0.4,"data_set_value_component_C_6PG_variable_C_6PG":1.0733086558,"data_set_value_component_C_Ru5P_variable_C_Ru5P":0.0126635048,"data_set_value_component_C_R5P_variable_C_R5P":0.0785683687,"data_set_value_component_C_X5P_variable_C_X5P":0.0270510522,"data_set_value_component_C_S7P_variable_C_S7P":0.0542038319,"data_set_value_component_C_E4P_variable_C_E4P":0.0197245652,"data_set_value_component_C_G6P_variable_C_G6P":1.2676703426,"data_set_value_component_C_G6P_variable_dC_G6P_dt":0.9200143002,"data_set_value_component_C_NADP_variable_C_NADP":0.1302611158,"data_set_value_component_C_NADPH_variable_C_NADPH":0.1760568347,"data_set_value_component_C_MgATP_variable_C_MgATP":2.6394980933,"data_set_value_component_rG6PDH_variable_rG6PDH":2.4769204107,"data_set_value_component_rG6PDH_variable_K_NADP_1":0.116,"data_set_value_component_rG6PDH_variable_Ki_NADPH_1":1.702,"data_set_value_component_rG6PDH_variable_Ki_MgATP_1":0.33,"data_set_value_component_rG6PDH_variable_I_NADPH_1":1.1034411485,"data_set_value_component_rG6PDH_variable_I_MgATP_1":8.9984790705,"data_set_value_component_rG6PDH_variable_rmax_G6PDH":44.19,"data_set_value_component_r6PGDH_variable_r6PGDH":0.0004279954,"data_set_value_component_r6PGDH_variable_K_NADP_2":1.848,"data_set_value_component_r6PGDH_variable_Ki_NADPH_2":0.055,"data_set_value_component_r6PGDH_variable_Ki_MgATP_2":0.109,"data_set_value_component_r6PGDH_variable_I_NADPH_2":4.2010333583,"data_set_value_component_r6PGDH_variable_I_MgATP_2":25.2155788374,"data_set_value_component_r6PGDH_variable_rmax_6PGDH":0.654,"data_set_value_component_rR5PI_variable_rR5PI":0.0072181977,"data_set_value_component_rR5PI_variable_rmax_R5PI":0.57,"data_set_value_component_rRu5PE_variable_rRu5PE":0.010763979,"data_set_value_component_rRu5PE_variable_rmax_Ru5PE":0.85,"data_set_value_component_rTKL1_variable_rTKL1":0.0068861568,"data_set_value_component_rTKL1_variable_rmax_TKL1":3.24,"data_set_value_component_rTAL_variable_rTAL":0.0104071357,"data_set_value_component_rTAL_variable_rmax_TAL":3.0,"data_set_value_component_rTKL2_variable_rTKL2":0.0056024875,"data_set_value_component_rTKL2_variable_rmax_TKL2":10.5,"data_set_value_component_rPKDA_variable_rPKDA":0.003441647,"data_set_value_component_rPKDA_variable_K_PKDA":0.0032,"data_set_value_component_rPKDA_variable_rmax_PKDA":0.004,"data_set_value_component_rRPPK_variable_rRPPK":0.0028755618,"data_set_value_component_rRPPK_variable_K_RPPK":0.0034,"data_set_value_component_rRPPK_variable_rmax_RPPK":0.003,"data_set_value_component_rHK_variable_rHK":0.546,"data_set_value_component_rPGI_variable_rPGI":-4.1186050535,"data_set_value_component_model_constants_variable_mu":1.0,"data_set_value_component_model_constants_variable_qs":0.546,"data_set_value_component_model_constants_variable_C_GAP":0.064},{"data_set_value_component_environment_variable_time":0.5,"data_set_value_component_C_6PG_variable_C_6PG":1.2016749302,"data_set_value_component_C_Ru5P_variable_C_Ru5P":0.0099781562,"data_set_value_component_C_R5P_variable_C_R5P":0.0708384854,"data_set_value_component_C_X5P_variable_C_X5P":0.0243137887,"data_set_value_component_C_S7P_variable_C_S7P":0.0486972581,"data_set_value_component_C_E4P_variable_C_E4P":0.0179780859,"data_set_value_component_C_G6P_variable_C_G6P":1.3597050629,"data_set_value_component_C_G6P_variable_dC_G6P_dt":0.9207035476,"data_set_value_component_C_NADP_variable_C_NADP":0.1253238225,"data_set_value_component_C_NADPH_variable_C_NADPH":0.1780389102,"data_set_value_component_C_MgATP_variable_C_MgATP":2.7087141532,"data_set_value_component_rG6PDH_variable_rG6PDH":2.3728789163,"data_set_value_component_rG6PDH_variable_K_NADP_1":0.116,"data_set_value_component_rG6PDH_variable_Ki_NADPH_1":1.702,"data_set_value_component_rG6PDH_variable_Ki_MgATP_1":0.33,"data_set_value_component_rG6PDH_variable_I_NADPH_1":1.1046057052,"data_set_value_component_rG6PDH_variable_I_MgATP_1":9.2082247066,"data_set_value_component_rG6PDH_variable_rmax_G6PDH":44.19,"data_set_value_component_r6PGDH_variable_r6PGDH":0.0003985449,"data_set_value_component_r6PGDH_variable_K_NADP_2":1.848,"data_set_value_component_r6PGDH_variable_Ki_NADPH_2":0.055,"data_set_value_component_r6PGDH_variable_Ki_MgATP_2":0.109,"data_set_value_component_r6PGDH_variable_I_NADPH_2":4.2370710943,"data_set_value_component_r6PGDH_variable_I_MgATP_2":25.8505885614,"data_set_value_component_r6PGDH_variable_rmax_6PGDH":0.654,"data_set_value_component_rR5PI_variable_rR5PI":0.005687549,"data_set_value_component_rR5PI_variable_rmax_R5PI":0.57,"data_set_value_component_rRu5PE_variable_rRu5PE":0.0084814328,"data_set_value_component_rRu5PE_variable_rmax_Ru5PE":0.85,"data_set_value_component_rTKL1_variable_rTKL1":0.0055804204,"data_set_value_component_rTKL1_variable_rmax_TKL1":3.24,"data_set_value_component_rTAL_variable_rTAL":0.0093498736,"data_set_value_component_rTAL_variable_rmax_TAL":3.0,"data_set_value_component_rTKL2_variable_rTKL2":0.0045897115,"data_set_value_component_rTKL2_variable_rmax_TKL2":10.5,"data_set_value_component_rPKDA_variable_rPKDA":0.0033956017,"data_set_value_component_rPKDA_variable_K_PKDA":0.0032,"data_set_value_component_rPKDA_variable_rmax_PKDA":0.004,"data_set_value_component_rRPPK_variable_rRPPK":0.002862605,"data_set_value_component_rRPPK_variable_K_RPPK":0.0034,"data_set_value_component_rRPPK_variable_rmax_RPPK":0.003,"data_set_value_component_rHK_variable_rHK":0.546,"data_set_value_component_rPGI_variable_rPGI":-4.1072875268,"data_set_value_component_model_constants_variable_mu":1.0,"data_set_value_component_model_constants_variable_qs":0.546,"data_set_value_component_model_constants_variable_C_GAP":0.064},{"data_set_value_component_environment_variable_time":0.6,"data_set_value_component_C_6PG_variable_C_6PG":1.3086821653,"data_set_value_component_C_Ru5P_variable_C_Ru5P":0.0078676253,"data_set_value_component_C_R5P_variable_C_R5P":0.0638284552,"data_set_value_component_C_X5P_variable_C_X5P":0.0218437343,"data_set_value_component_C_S7P_variable_C_S7P":0.0436984022,"data_set_value_component_C_E4P_variable_C_E4P":0.0163937036,"data_set_value_component_C_G6P_variable_C_G6P":1.4518156348,"data_set_value_component_C_G6P_variable_dC_G6P_dt":0.9215302677,"data_set_value_component_C_NADP_variable_C_NADP":0.1212695886,"data_set_value_component_C_NADPH_variable_C_NADPH":0.1800037218,"data_set_value_component_C_MgATP_variable_C_MgATP":2.7729916314,"data_set_value_component_rG6PDH_variable_rG6PDH":2.2838783361,"data_set_value_component_rG6PDH_variable_K_NADP_1":0.116,"data_set_value_component_rG6PDH_variable_Ki_NADPH_1":1.702,"data_set_value_component_rG6PDH_variable_Ki_MgATP_1":0.33,"data_set_value_component_rG6PDH_variable_I_NADPH_1":1.1057601186,"data_set_value_component_rG6PDH_variable_I_MgATP_1":9.4030049437,"data_set_value_component_rG6PDH_variable_rmax_G6PDH":44.19,"data_set_value_component_r6PGDH_variable_r6PGDH":0.0003741366,"data_set_value_component_r6PGDH_variable_K_NADP_2":1.848,"data_set_value_component_r6PGDH_variable_Ki_NADPH_2":0.055,"data_set_value_component_r6PGDH_variable_Ki_MgATP_2":0.109,"data_set_value_component_r6PGDH_variable_I_NADPH_2":4.2727949417,"data_set_value_component_r6PGDH_variable_I_MgATP_2":26.4402901967,"data_set_value_component_r6PGDH_variable_rmax_6PGDH":0.654,"data_set_value_component_rR5PI_variable_rR5PI":0.0044845464,"data_set_value_component_rR5PI_variable_rmax_R5PI":0.57,"data_set_value_component_rRu5PE_variable_rRu5PE":0.0066874815,"data_set_value_component_rRu5PE_variable_rmax_Ru5PE":0.85,"data_set_value_component_rTKL1_variable_rTKL1":0.0045173759,"data_set_value_component_rTKL1_variable_rmax_TKL1":3.24,"data_set_value_component_rTAL_variable_rTAL":0.0083900932,"data_set_value_component_rTAL_variable_rmax_TAL":3.0,"data_set_value_component_rTKL2_variable_rTKL2":0.0037600469,"data_set_value_component_rTKL2_variable_rmax_TKL2":10.5,"data_set_value_component_rPKDA_variable_rPKDA":0.0033467289,"data_set_value_component_rPKDA_variable_K_PKDA":0.0032,"data_set_value_component_rPKDA_variable_rmax_PKDA":0.004,"data_set_value_component_rRPPK_variable_rRPPK":0.0028482785,"data_set_value_component_rRPPK_variable_K_RPPK":0.0034,"data_set_value_component_rRPPK_variable_rmax_RPPK":0.003,"data_set_value_component_rHK_variable_rHK":0.546,"data_set_value_component_rPGI_variable_rPGI":-4.1112242386,"data_set_value_component_model_constants_variable_mu":1.0,"data_set_value_component_model_constants_variable_qs":0.546,"data_set_value_component_model_constants_variable_C_GAP":0.064},{"data_set_value_component_environment_variable_time":0.7,"data_set_value_component_C_6PG_variable_C_6PG":1.3976423944,"data_set_value_component_C_Ru5P_variable_C_Ru5P":0.0062087898,"data_set_value_component_C_R5P_variable_C_R5P":0.0574766164,"data_set_value_component_C_X5P_variable_C_X5P":0.0196200094,"data_set_value_component_C_S7P_variable_C_S7P":0.0391709457,"data_set_value_component_C_E4P_variable_C_E4P":0.0149494862,"data_set_value_component_C_G6P_variable_C_G6P":1.5440154801,"data_set_value_component_C_G6P_variable_dC_G6P_dt":0.9224878895,"data_set_value_component_C_NADP_variable_C_NADP":0.1178912597,"data_set_value_component_C_NADPH_variable_C_NADPH":0.1819491771,"data_set_value_component_C_MgATP_variable_C_MgATP":2.8328349661,"data_set_value_component_rG6PDH_variable_rG6PDH":2.2069508778,"data_set_value_component_rG6PDH_variable_K_NADP_1":0.116,"data_set_value_component_rG6PDH_variable_Ki_NADPH_1":1.702,"data_set_value_component_rG6PDH_variable_Ki_MgATP_1":0.33,"data_set_value_component_rG6PDH_variable_I_NADPH_1":1.1069031593,"data_set_value_component_rG6PDH_variable_I_MgATP_1":9.5843483821,"data_set_value_component_rG6PDH_variable_rmax_G6PDH":44.19,"data_set_value_component_r6PGDH_variable_r6PGDH":0.0003535813,"data_set_value_component_r6PGDH_variable_K_NADP_2":1.848,"data_set_value_component_r6PGDH_variable_Ki_NADPH_2":0.055,"data_set_value_component_r6PGDH_variable_Ki_MgATP_2":0.109,"data_set_value_component_r6PGDH_variable_I_NADPH_2":4.3081668568,"data_set_value_component_r6PGDH_variable_I_MgATP_2":26.9893116156,"data_set_value_component_r6PGDH_variable_rmax_6PGDH":0.654,"data_set_value_component_rR5PI_variable_rR5PI":0.0035390102,"data_set_value_component_rR5PI_variable_rmax_R5PI":0.57,"data_set_value_component_rRu5PE_variable_rRu5PE":0.0052774713,"data_set_value_component_rRu5PE_variable_rmax_Ru5PE":0.85,"data_set_value_component_rTKL1_variable_rTKL1":0.0036537213,"data_set_value_component_rTKL1_variable_rmax_TKL1":3.24,"data_set_value_component_rTAL_variable_rTAL":0.0075208216,"data_set_value_component_rTAL_variable_rmax_TAL":3.0,"data_set_value_component_rTKL2_variable_rTKL2":0.0030797451,"data_set_value_component_rTKL2_variable_rmax_TKL2":10.5,"data_set_value_component_rPKDA_variable_rPKDA":0.0032947459,"data_set_value_component_rPKDA_variable_K_PKDA":0.0032,"data_set_value_component_rPKDA_variable_rmax_PKDA":0.004,"data_set_value_component_rRPPK_variable_rRPPK":0.002832448,"data_set_value_component_rRPPK_variable_K_RPPK":0.0034,"data_set_value_component_rRPPK_variable_rmax_RPPK":0.003,"data_set_value_component_rHK_variable_rHK":0.546,"data_set_value_component_rPGI_variable_rPGI":-4.1274542475,"data_set_value_component_model_constants_variable_mu":1.0,"data_set_value_component_model_constants_variable_qs":0.546,"data_set_value_component_model_constants_variable_C_GAP":0.064},{"data_set_value_component_environment_variable_time":0.8,"data_set_value_component_C_6PG_variable_C_6PG":1.4713092091,"data_set_value_component_C_Ru5P_variable_C_Ru5P":0.0049048248,"data_set_value_component_C_R5P_variable_C_R5P":0.051725048,"data_set_value_component_C_X5P_variable_C_X5P":0.0176215642,"data_set_value_component_C_S7P_variable_C_S7P":0.0350789225,"data_set_value_component_C_E4P_variable_C_E4P":0.0136278293,"data_set_value_component_C_G6P_variable_C_G6P":1.6363173462,"data_set_value_component_C_G6P_variable_dC_G6P_dt":0.9235695062,"data_set_value_component_C_NADP_variable_C_NADP":0.1150412835,"data_set_value_component_C_NADPH_variable_C_NADPH":0.1838732597,"data_set_value_component_C_MgATP_variable_C_MgATP":2.8886822994,"data_set_value_component_rG6PDH_variable_rG6PDH":2.1398536473,"data_set_value_component_rG6PDH_variable_K_NADP_1":0.116,"data_set_value_component_rG6PDH_variable_Ki_NADPH_1":1.702,"data_set_value_component_rG6PDH_variable_Ki_MgATP_1":0.33,"data_set_value_component_rG6PDH_variable_I_NADPH_1":1.1080336426,"data_set_value_component_rG6PDH_variable_I_MgATP_1":9.7535827256,"data_set_value_component_rG6PDH_variable_rmax_G6PDH":44.19,"data_set_value_component_r6PGDH_variable_r6PGDH":0.0003360353,"data_set_value_component_r6PGDH_variable_K_NADP_2":1.848,"data_set_value_component_r6PGDH_variable_Ki_NADPH_2":0.055,"data_set_value_component_r6PGDH_variable_Ki_MgATP_2":0.109,"data_set_value_component_r6PGDH_variable_I_NADPH_2":4.3431501768,"data_set_value_component_r6PGDH_variable_I_MgATP_2":27.5016724719,"data_set_value_component_r6PGDH_variable_rmax_6PGDH":0.654,"data_set_value_component_rR5PI_variable_rR5PI":0.0027957502,"data_set_value_component_rR5PI_variable_rmax_R5PI":0.57,"data_set_value_component_rRu5PE_variable_rRu5PE":0.0041691011,"data_set_value_component_rRu5PE_variable_rmax_Ru5PE":0.85,"data_set_value_component_rTKL1_variable_rTKL1":0.0029531831,"data_set_value_component_rTKL1_variable_rmax_TKL1":3.24,"data_set_value_component_rTAL_variable_rTAL":0.0067351531,"data_set_value_component_rTAL_variable_rmax_TAL":3.0,"data_set_value_component_rTKL2_variable_rTKL2":0.0025215085,"data_set_value_component_rTKL2_variable_rmax_TKL2":10.5,"data_set_value_component_rPKDA_variable_rPKDA":0.0032393552,"data_set_value_component_rPKDA_variable_K_PKDA":0.0032,"data_set_value_component_rPKDA_variable_rmax_PKDA":0.004,"data_set_value_component_rRPPK_variable_rRPPK":0.0028149661,"data_set_value_component_rRPPK_variable_K_RPPK":0.0034,"data_set_value_component_rRPPK_variable_rmax_RPPK":0.003,"data_set_value_component_rHK_variable_rHK":0.546,"data_set_value_component_rPGI_variable_rPGI":-4.1537404998,"data_set_value_component_model_constants_variable_mu":1.0,"data_set_value_component_model_constants_variable_qs":0.546,"data_set_value_component_model_constants_variable_C_GAP":0.064},{"data_set_value_component_environment_variable_time":0.9,"data_set_value_component_C_6PG_variable_C_6PG":1.5319859972,"data_set_value_component_C_Ru5P_variable_C_Ru5P":0.0038797178,"data_set_value_component_C_R5P_variable_C_R5P":0.0465198354,"data_set_value_component_C_X5P_variable_C_X5P":0.0158278792,"data_set_value_component_C_S7P_variable_C_S7P":0.0313872846,"data_set_value_component_C_E4P_variable_C_E4P":0.0124145332,"data_set_value_component_C_G6P_variable_C_G6P":1.7287332745,"data_set_value_component_C_G6P_variable_dC_G6P_dt":0.9247679067,"data_set_value_component_C_NADP_variable_C_NADP":0.1126123777,"data_set_value_component_C_NADPH_variable_C_NADPH":0.1857740352,"data_set_value_component_C_MgATP_variable_C_MgATP":2.9409158,"data_set_value_component_rG6PDH_variable_rG6PDH":2.080867804,"data_set_value_component_rG6PDH_variable_K_NADP_1":0.116,"data_set_value_component_rG6PDH_variable_Ki_NADPH_1":1.702,"data_set_value_component_rG6PDH_variable_Ki_MgATP_1":0.33,"data_set_value_component_rG6PDH_variable_I_NADPH_1":1.109150432,"data_set_value_component_rG6PDH_variable_I_MgATP_1":9.9118660606,"data_set_value_component_rG6PDH_variable_rmax_G6PDH":44.19,"data_set_value_component_r6PGDH_variable_r6PGDH":0.0003208854,"data_set_value_component_r6PGDH_variable_K_NADP_2":1.848,"data_set_value_component_r6PGDH_variable_Ki_NADPH_2":0.055,"data_set_value_component_r6PGDH_variable_Ki_MgATP_2":0.109,"data_set_value_component_r6PGDH_variable_I_NADPH_2":4.3777097311,"data_set_value_component_r6PGDH_variable_I_MgATP_2":27.9808788991,"data_set_value_component_r6PGDH_variable_rmax_6PGDH":0.654,"data_set_value_component_rR5PI_variable_rR5PI":0.0022114392,"data_set_value_component_rR5PI_variable_rmax_R5PI":0.57,"data_set_value_component_rRu5PE_variable_rRu5PE":0.0032977602,"data_set_value_component_rRu5PE_variable_rmax_Ru5PE":0.85,"data_set_value_component_rTKL1_variable_rTKL1":0.0023856455,"data_set_value_component_rTKL1_variable_rmax_TKL1":3.24,"data_set_value_component_rTAL_variable_rTAL":0.0060263587,"data_set_value_component_rTAL_variable_rmax_TAL":3.0,"data_set_value_component_rTKL2_variable_rTKL2":0.0020632052,"data_set_value_component_rTKL2_variable_rmax_TKL2":10.5,"data_set_value_component_rPKDA_variable_rPKDA":0.0031802509,"data_set_value_component_rPKDA_variable_K_PKDA":0.0032,"data_set_value_component_rPKDA_variable_rmax_PKDA":0.004,"data_set_value_component_rRPPK_variable_rRPPK":0.0027956724,"data_set_value_component_rRPPK_variable_K_RPPK":0.0034,"data_set_value_component_rRPPK_variable_rmax_RPPK":0.003,"data_set_value_component_rHK_variable_rHK":0.546,"data_set_value_component_rPGI_variable_rPGI":-4.1883689852,"data_set_value_component_model_constants_variable_mu":1.0,"data_set_value_component_model_constants_variable_qs":0.546,"data_set_value_component_model_constants_variable_C_GAP":0.064},{"data_set_value_component_environment_variable_time":1.0,"data_set_value_component_C_6PG_variable_C_6PG":1.5816121682,"data_set_value_component_C_Ru5P_variable_C_Ru5P":0.0030737699,"data_set_value_component_C_R5P_variable_C_R5P":0.0418111563,"data_set_value_component_C_X5P_variable_C_X5P":0.0142194347,"data_set_value_component_C_S7P_variable_C_S7P":0.0280623405,"data_set_value_component_C_E4P_variable_C_E4P":0.0112980534,"data_set_value_component_C_G6P_variable_C_G6P":1.8212745716,"data_set_value_component_C_G6P_variable_dC_G6P_dt":0.9260756082,"data_set_value_component_C_NADP_variable_C_NADP":0.1105245811,"data_set_value_component_C_NADPH_variable_C_NADPH":0.1876496569,"data_set_value_component_C_MgATP_variable_C_MgATP":2.9898703596,"data_set_value_component_rG6PDH_variable_rG6PDH":2.0286533122,"data_set_value_component_rG6PDH_variable_K_NADP_1":0.116,"data_set_value_component_rG6PDH_variable_Ki_NADPH_1":1.702,"data_set_value_component_rG6PDH_variable_Ki_MgATP_1":0.33,"data_set_value_component_rG6PDH_variable_I_NADPH_1":1.1102524424,"data_set_value_component_rG6PDH_variable_I_MgATP_1":10.0602132109,"data_set_value_component_rG6PDH_variable_rmax_G6PDH":44.19,"data_set_value_component_r6PGDH_variable_r6PGDH":0.0003076755,"data_set_value_component_r6PGDH_variable_K_NADP_2":1.848,"data_set_value_component_r6PGDH_variable_Ki_NADPH_2":0.055,"data_set_value_component_r6PGDH_variable_Ki_MgATP_2":0.109,"data_set_value_component_r6PGDH_variable_I_NADPH_2":4.4118119437,"data_set_value_component_r6PGDH_variable_I_MgATP_2":28.4300032989,"data_set_value_component_r6PGDH_variable_rmax_6PGDH":0.654,"data_set_value_component_rR5PI_variable_rR5PI":0.0017520488,"data_set_value_component_rR5PI_variable_rmax_R5PI":0.57,"data_set_value_component_rRu5PE_variable_rRu5PE":0.0026127044,"data_set_value_component_rRu5PE_variable_rmax_Ru5PE":0.85,"data_set_value_component_rTKL1_variable_rTKL1":0.0019262805,"data_set_value_component_rTKL1_variable_rmax_TKL1":3.24,"data_set_value_component_rTAL_variable_rTAL":0.0053879694,"data_set_value_component_rTAL_variable_rmax_TAL":3.0,"data_set_value_component_rTKL2_variable_rTKL2":0.0016868453,"data_set_value_component_rTKL2_variable_rmax_TKL2":10.5,"data_set_value_component_rPKDA_variable_rPKDA":0.0031171229,"data_set_value_component_rPKDA_variable_K_PKDA":0.0032,"data_set_value_component_rPKDA_variable_rmax_PKDA":0.004,"data_set_value_component_rRPPK_variable_rRPPK":0.002774392,"data_set_value_component_rRPPK_variable_K_RPPK":0.0034,"data_set_value_component_rRPPK_variable_rmax_RPPK":0.003,"data_set_value_component_rHK_variable_rHK":0.546,"data_set_value_component_rPGI_variable_rPGI":-4.230003492,"data_set_value_component_model_constants_variable_mu":1.0,"data_set_value_component_model_constants_variable_qs":0.546,"data_set_value_component_model_constants_variable_C_GAP":0.064}]