[{"data_set_value_component_environment_variable_time":0.0,"data_set_value_component_actCycA_variable_actCycA":0.0945030823,"data_set_value_component_actCycB_variable_actCycB":0.1903585941,"data_set_value_component_actCycE_variable_actCycE":0.2092024386,"data_set_value_component_CycA_variable_CycA":0.0945030823,"data_set_value_component_CycB_variable_CycB":0.0945030823,"data_set_value_component_CycE_variable_CycE":0.0945030823,"data_set_value_component_CycD_variable_CycD":0.1445329227,"data_set_value_component_CycD_variable_CycD_0":0.108,"data_set_value_component_Cdc20_A_variable_Cdc20_A":0.3572723866,"data_set_value_component_Cdc20_A_variable_J_a20":1.0,"data_set_value_component_Cdc20_A_variable_J_i20":1.0,"data_set_value_component_Cdc20_T_variable_Cdc20_T":0.7702387571,"data_set_value_component_Cdc20_T_variable_n":1.0,"data_set_value_component_Cdc20_T_variable_J_20":10.0,"data_set_value_component_APCP_variable_APCP":0.0759140253,"data_set_value_component_APCP_variable_J_aAPC":0.1,"data_set_value_component_APCP_variable_J_iAPC":0.1,"data_set_value_component_Tri_A_variable_Tri_A":0.0,"data_set_value_component_Tri_E_variable_Tri_E":-0.1146993563,"data_set_value_component_freeCKI_variable_freeCKI":0.1146993563,"data_set_value_component_Cdh1_variable_Cdh1":0.718939364,"data_set_value_component_Cdh1_variable_J_ah1":0.03,"data_set_value_component_Cdh1_variable_J_ih1":0.03,"data_set_value_component_mass_variable_mass":1.3382678032,"data_set_value_component_mass_variable_mu":0.005776,"data_set_value_component_mass_variable_maxmass":10000.0,"data_set_value_component_V_atf_variable_V_atf":0.6548503184,"data_set_value_component_TF_E_variable_TF_E":0.00399095,"data_set_value_component_TF_E_variable_J_itf":0.01,"data_set_value_component_TF_E_variable_J_atf":0.01,"data_set_value_component_TF_E_variable_A1":0.6548503184,"data_set_value_component_TF_E_variable_A2":2.2728687525,"data_set_value_component_TF_E_variable_A3":0.01,"data_set_value_component_TF_E_variable_A4":0.01,"data_set_value_component_V_de_variable_V_de":0.12,"data_set_value_component_V_da_variable_V_da":0.0671635818,"data_set_value_component_TF_I_variable_TF_I":0.997273519,"data_set_value_component_TF_I_variable_Cdc14":0.3572723866,"data_set_value_component_TF_I_variable_J_ifi":2.0,"data_set_value_component_TF_I_variable_J_afi":1.0,"data_set_value_component_TF_I_variable_A1":2.1436343193,"data_set_value_component_TF_I_variable_A2":0.0175179297,"data_set_value_component_TF_I_variable_A3":1.0,"data_set_value_component_TF_I_variable_A4":2.0,"data_set_value_component_V_si_variable_V_si":0.1975092334,"data_set_value_component_V_di_variable_V_di":0.2148967133,"data_set_value_component_preMPF_variable_preMPF":0.01,"data_set_value_component_Tri_B_variable_Tri_B":0.01,"data_set_value_component_CKI_variable_CKI":0.01,"data_set_value_component_TF_B_variable_TF_B":0.7695655891,"data_set_value_component_TF_B_variable_J_ifb":0.1,"data_set_value_component_TF_B_variable_J_afb":0.1,"data_set_value_component_TF_B_variable_A1":0.1903585941,"data_set_value_component_TF_B_variable_A2":0.15,"data_set_value_component_TF_B_variable_A3":0.1,"data_set_value_component_TF_B_variable_A4":0.1,"data_set_value_component_V_sb_variable_V_sb":0.0347826236,"data_set_value_component_V_db_variable_V_db":0.3441666036,"data_set_value_component_Wee1_variable_Wee1":0.9243819353,"data_set_value_component_Wee1_variable_J_iwee":0.05,"data_set_value_component_Wee1_variable_J_awee":0.05,"data_set_value_component_Wee1_variable_A1":0.3,"data_set_value_component_Wee1_variable_A2":0.1903585941,"data_set_value_component_Wee1_variable_A3":0.05,"data_set_value_component_Wee1_variable_A4":0.05,"data_set_value_component_V_wee_variable_V_wee":0.2048763871,"data_set_value_component_Cdc25_variable_Cdc25":0.0,"data_set_value_component_Cdc25_variable_J_i25":0.1,"data_set_value_component_Cdc25_variable_J_a25":0.1,"data_set_value_component_Cdc25_variable_A1":0.0,"data_set_value_component_Cdc25_variable_A2":0.3,"data_set_value_component_Cdc25_variable_A3":0.1,"data_set_value_component_Cdc25_variable_A4":0.1,"data_set_value_component_V_25_variable_V_25":0.01,"data_set_value_component_kinetic_parameters_variable_k_25p":0.01,"data_set_value_component_kinetic_parameters_variable_k_25pp":5.0,"data_set_value_component_kinetic_parameters_variable_J_14di":12.0,"data_set_value_component_kinetic_parameters_variable_k_a20":1.0,"data_set_value_component_kinetic_parameters_variable_k_a25":0.0,"data_set_value_component_kinetic_parameters_variable_k_afb":1.0,"data_set_value_component_kinetic_parameters_variable_k_afi":6.0,"data_set_value_component_kinetic_parameters_variable_k_ah1p":0.02,"data_set_value_component_kinetic_parameters_variable_k_ah1pp":0.8,"data_set_value_component_kinetic_parameters_variable_k_aAPC":0.1,"data_set_value_component_kinetic_parameters_variable_k_asa":50.0,"data_set_value_component_kinetic_parameters_variable_k_asb":60.0,"data_set_value_component_kinetic_parameters_variable_k_ase":0.0,"data_set_value_component_kinetic_parameters_variable_k_atfp":0.0,"data_set_value_component_kinetic_parameters_variable_k_atfpp":1.5,"data_set_value_component_kinetic_parameters_variable_k_atfpppp":3.0,"data_set_value_component_kinetic_parameters_variable_k_atfppp":0.38,"data_set_value_component_kinetic_parameters_variable_k_aweep":0.3,"data_set_value_component_kinetic_parameters_variable_k_aweepp":0.0,"data_set_value_component_kinetic_parameters_variable_k_d20":0.05,"data_set_value_component_kinetic_parameters_variable_k_dap":0.01,"data_set_value_component_kinetic_parameters_variable_k_dapp":0.16,"data_set_value_component_kinetic_parameters_variable_k_dappp":0.0,"data_set_value_component_kinetic_parameters_variable_k_dbp":0.003,"data_set_value_component_kinetic_parameters_variable_k_dbpp":0.4,"data_set_value_component_kinetic_parameters_variable_k_dbppp":0.15,"data_set_value_component_kinetic_parameters_variable_k_dep":0.12,"data_set_value_component_kinetic_parameters_variable_k_deppp":0.0,"data_set_value_component_kinetic_parameters_variable_k_depppp":0.0,"data_set_value_component_kinetic_parameters_variable_k_depp":0.0,"data_set_value_component_kinetic_parameters_variable_k_dip":0.02,"data_set_value_component_kinetic_parameters_variable_k_dipp":0.1,"data_set_value_component_kinetic_parameters_variable_k_dippp":0.8,"data_set_value_component_kinetic_parameters_variable_k_dippppp":0.1,"data_set_value_component_kinetic_parameters_variable_k_dipppp":0.12,"data_set_value_component_kinetic_parameters_variable_k_die":0.0,"data_set_value_component_kinetic_parameters_variable_k_dib":0.05,"data_set_value_component_kinetic_parameters_variable_k_dia":0.06,"data_set_value_component_kinetic_parameters_variable_k_i20":0.16,"data_set_value_component_kinetic_parameters_variable_k_i25p":0.3,"data_set_value_component_kinetic_parameters_variable_k_i25pp":0.0,"data_set_value_component_kinetic_parameters_variable_k_itfp":0.75,"data_set_value_component_kinetic_parameters_variable_k_itfppp":0.0,"data_set_value_component_kinetic_parameters_variable_k_itfpp":8.0,"data_set_value_component_kinetic_parameters_variable_k_ifb":0.15,"data_set_value_component_kinetic_parameters_variable_k_ifip":0.008,"data_set_value_component_kinetic_parameters_variable_k_ifipp":0.05,"data_set_value_component_kinetic_parameters_variable_k_ih1p":0.001,"data_set_value_component_kinetic_parameters_variable_k_ih1pp":0.35,"data_set_value_component_kinetic_parameters_variable_k_ih1ppp":0.1,"data_set_value_component_kinetic_parameters_variable_k_ih1ppppp":0.005,"data_set_value_component_kinetic_parameters_variable_k_ih1pppp":0.06,"data_set_value_component_kinetic_parameters_variable_k_iAPC":0.15,"data_set_value_component_kinetic_parameters_variable_k_s20p":0.001,"data_set_value_component_kinetic_parameters_variable_k_s20pp":1.0,"data_set_value_component_kinetic_parameters_variable_k_sbp":0.004,"data_set_value_component_kinetic_parameters_variable_k_sbpp":0.04,"data_set_value_component_kinetic_parameters_variable_k_sip":0.018,"data_set_value_component_kinetic_parameters_variable_k_sipp":0.18,"data_set_value_component_kinetic_parameters_variable_k_iwee":1.0,"data_set_value_component_kinetic_parameters_variable_k_weep":0.02,"data_set_value_component_kinetic_parameters_variable_k_weepp":0.2,"data_set_value_component_kinetic_parameters_variable_k_sap":0.0015,"data_set_value_component_kinetic_parameters_variable_k_sapp":0.01,"data_set_value_component_kinetic_parameters_variable_k_sep":0.0,"data_set_value_component_kinetic_parameters_variable_k_sepp":0.15},{"data_set_value_component_environment_variable_time":0.1,"data_set_value_component_actCycA_variable_actCycA":0.0619956003,"data_set_value_component_actCycB_variable_actCycB":0.1093100237,"data_set_value_component_actCycE_variable_actCycE":0.2048297852,"data_set_value_component_CycA_variable_CycA":0.0940800695,"data_set_value_component_CycB_variable_CycB":0.0940574953,"data_set_value_component_CycE_variable_CycE":0.0934743909,"data_set_value_component_CycD_variable_CycD":0.1446164179,"data_set_value_component_CycD_variable_CycD_0":0.108,"data_set_value_component_Cdc20_A_variable_Cdc20_A":0.3534490793,"data_set_value_component_Cdc20_A_variable_J_a20":1.0,"data_set_value_component_Cdc20_A_variable_J_i20":1.0,"data_set_value_component_Cdc20_T_variable_Cdc20_T":0.7678105718,"data_set_value_component_Cdc20_T_variable_n":1.0,"data_set_value_component_Cdc20_T_variable_J_20":10.0,"data_set_value_component_APCP_variable_APCP":0.0708529571,"data_set_value_component_APCP_variable_J_aAPC":0.1,"data_set_value_component_APCP_variable_J_iAPC":0.1,"data_set_value_component_Tri_A_variable_Tri_A":0.0320844692,"data_set_value_component_Tri_E_variable_Tri_E":-0.1113553942,"data_set_value_component_freeCKI_variable_freeCKI":0.0663749279,"data_set_value_component_Cdh1_variable_Cdh1":0.7410562799,"data_set_value_component_Cdh1_variable_J_ah1":0.03,"data_set_value_component_Cdh1_variable_J_ih1":0.03,"data_set_value_component_mass_variable_mass":1.3390409064,"data_set_value_component_mass_variable_mu":0.005776,"data_set_value_component_mass_variable_maxmass":10000.0,"data_set_value_component_V_atf_variable_V_atf":0.6046779724,"data_set_value_component_TF_E_variable_TF_E":0.0058358579,"data_set_value_component_TF_E_variable_J_itf":0.01,"data_set_value_component_TF_E_variable_J_atf":0.01,"data_set_value_component_TF_E_variable_A1":0.6046779724,"data_set_value_component_TF_E_variable_A2":1.6244801896,"data_set_value_component_TF_E_variable_A3":0.01,"data_set_value_component_TF_E_variable_A4":0.01,"data_set_value_component_V_de_variable_V_de":0.12,"data_set_value_component_V_da_variable_V_da":0.0665518527,"data_set_value_component_TF_I_variable_TF_I":0.9978819903,"data_set_value_component_TF_I_variable_Cdc14":0.3534490793,"data_set_value_component_TF_I_variable_J_ifi":2.0,"data_set_value_component_TF_I_variable_J_afi":1.0,"data_set_value_component_TF_I_variable_A1":2.120694476,"data_set_value_component_TF_I_variable_A2":0.0134655012,"data_set_value_component_TF_I_variable_A3":1.0,"data_set_value_component_TF_I_variable_A4":2.0,"data_set_value_component_V_si_variable_V_si":0.1976187583,"data_set_value_component_V_di_variable_V_di":0.1483201597,"data_set_value_component_preMPF_variable_preMPF":0.0113895844,"data_set_value_component_Tri_B_variable_Tri_B":0.0423168513,"data_set_value_component_CKI_variable_CKI":0.0294208541,"data_set_value_component_TF_B_variable_TF_B":0.1849754833,"data_set_value_component_TF_B_variable_J_ifb":0.1,"data_set_value_component_TF_B_variable_J_afb":0.1,"data_set_value_component_TF_B_variable_A1":0.1093100237,"data_set_value_component_TF_B_variable_A2":0.15,"data_set_value_component_TF_B_variable_A3":0.1,"data_set_value_component_TF_B_variable_A4":0.1,"data_set_value_component_V_sb_variable_V_sb":0.0113990193,"data_set_value_component_V_db_variable_V_db":0.3524398738,"data_set_value_component_Wee1_variable_Wee1":0.9734811333,"data_set_value_component_Wee1_variable_J_iwee":0.05,"data_set_value_component_Wee1_variable_J_awee":0.05,"data_set_value_component_Wee1_variable_A1":0.3,"data_set_value_component_Wee1_variable_A2":0.1093100237,"data_set_value_component_Wee1_variable_A3":0.05,"data_set_value_component_Wee1_variable_A4":0.05,"data_set_value_component_V_wee_variable_V_wee":0.2146962267,"data_set_value_component_Cdc25_variable_Cdc25":0.0,"data_set_value_component_Cdc25_variable_J_i25":0.1,"data_set_value_component_Cdc25_variable_J_a25":0.1,"data_set_value_component_Cdc25_variable_A1":0.0,"data_set_value_component_Cdc25_variable_A2":0.3,"data_set_value_component_Cdc25_variable_A3":0.1,"data_set_value_component_Cdc25_variable_A4":0.1,"data_set_value_component_V_25_variable_V_25":0.01,"data_set_value_component_kinetic_parameters_variable_k_25p":0.01,"data_set_value_component_kinetic_parameters_variable_k_25pp":5.0,"data_set_value_component_kinetic_parameters_variable_J_14di":12.0,"data_set_value_component_kinetic_parameters_variable_k_a20":1.0,"data_set_value_component_kinetic_parameters_variable_k_a25":0.0,"data_set_value_component_kinetic_parameters_variable_k_afb":1.0,"data_set_value_component_kinetic_parameters_variable_k_afi":6.0,"data_set_value_component_kinetic_parameters_variable_k_ah1p":0.02,"data_set_value_component_kinetic_parameters_variable_k_ah1pp":0.8,"data_set_value_component_kinetic_parameters_variable_k_aAPC":0.1,"data_set_value_component_kinetic_parameters_variable_k_asa":50.0,"data_set_value_component_kinetic_parameters_variable_k_asb":60.0,"data_set_value_component_kinetic_parameters_variable_k_ase":0.0,"data_set_value_component_kinetic_parameters_variable_k_atfp":0.0,"data_set_value_component_kinetic_parameters_variable_k_atfpp":1.5,"data_set_value_component_kinetic_parameters_variable_k_atfpppp":3.0,"data_set_value_component_kinetic_parameters_variable_k_atfppp":0.38,"data_set_value_component_kinetic_parameters_variable_k_aweep":0.3,"data_set_value_component_kinetic_parameters_variable_k_aweepp":0.0,"data_set_value_component_kinetic_parameters_variable_k_d20":0.05,"data_set_value_component_kinetic_parameters_variable_k_dap":0.01,"data_set_value_component_kinetic_parameters_variable_k_dapp":0.16,"data_set_value_component_kinetic_parameters_variable_k_dappp":0.0,"data_set_value_component_kinetic_parameters_variable_k_dbp":0.003,"data_set_value_component_kinetic_parameters_variable_k_dbpp":0.4,"data_set_value_component_kinetic_parameters_variable_k_dbppp":0.15,"data_set_value_component_kinetic_parameters_variable_k_dep":0.12,"data_set_value_component_kinetic_parameters_variable_k_deppp":0.0,"data_set_value_component_kinetic_parameters_variable_k_depppp":0.0,"data_set_value_component_kinetic_parameters_variable_k_depp":0.0,"data_set_value_component_kinetic_parameters_variable_k_dip":0.02,"data_set_value_component_kinetic_parameters_variable_k_dipp":0.1,"data_set_value_component_kinetic_parameters_variable_k_dippp":0.8,"data_set_value_component_kinetic_parameters_variable_k_dippppp":0.1,"data_set_value_component_kinetic_parameters_variable_k_dipppp":0.12,"data_set_value_component_kinetic_parameters_variable_k_die":0.0,"data_set_value_component_kinetic_parameters_variable_k_dib":0.05,"data_set_value_component_kinetic_parameters_variable_k_dia":0.06,"data_set_value_component_kinetic_parameters_variable_k_i20":0.16,"data_set_value_component_kinetic_parameters_variable_k_i25p":0.3,"data_set_value_component_kinetic_parameters_variable_k_i25pp":0.0,"data_set_value_component_kinetic_parameters_variable_k_itfp":0.75,"data_set_value_component_kinetic_parameters_variable_k_itfppp":0.0,"data_set_value_component_kinetic_parameters_variable_k_itfpp":8.0,"data_set_value_component_kinetic_parameters_variable_k_ifb":0.15,"data_set_value_component_kinetic_parameters_variable_k_ifip":0.008,"data_set_value_component_kinetic_parameters_variable_k_ifipp":0.05,"data_set_value_component_kinetic_parameters_variable_k_ih1p":0.001,"data_set_value_component_kinetic_parameters_variable_k_ih1pp":0.35,"data_set_value_component_kinetic_parameters_variable_k_ih1ppp":0.1,"data_set_value_component_kinetic_parameters_variable_k_ih1ppppp":0.005,"data_set_value_component_kinetic_parameters_variable_k_ih1pppp":0.06,"data_set_value_component_kinetic_parameters_variable_k_iAPC":0.15,"data_set_value_component_kinetic_parameters_variable_k_s20p":0.001,"data_set_value_component_kinetic_parameters_variable_k_s20pp":1.0,"data_set_value_component_kinetic_parameters_variable_k_sbp":0.004,"data_set_value_component_kinetic_parameters_variable_k_sbpp":0.04,"data_set_value_component_kinetic_parameters_variable_k_sip":0.018,"data_set_value_component_kinetic_parameters_variable_k_sipp":0.18,"data_set_value_component_kinetic_parameters_variable_k_iwee":1.0,"data_set_value_component_kinetic_parameters_variable_k_weep":0.02,"data_set_value_component_kinetic_parameters_variable_k_weepp":0.2,"data_set_value_component_kinetic_parameters_variable_k_sap":0.0015,"data_set_value_component_kinetic_parameters_variable_k_sapp":0.01,"data_set_value_component_kinetic_parameters_variable_k_sep":0.0,"data_set_value_component_kinetic_parameters_variable_k_sepp":0.15},{"data_set_value_component_environment_variable_time":0.2,"data_set_value_component_actCycA_variable_actCycA":0.0466383766,"data_set_value_component_actCycB_variable_actCycB":0.0731246986,"data_set_value_component_actCycE_variable_actCycE":0.201078583,"data_set_value_component_CycA_variable_CycA":0.0936681392,"data_set_value_component_CycB_variable_CycB":0.0919129884,"data_set_value_component_CycE_variable_CycE":0.0924931929,"data_set_value_component_CycD_variable_CycD":0.1446999613,"data_set_value_component_CycD_variable_CycD_0":0.108,"data_set_value_component_Cdc20_A_variable_Cdc20_A":0.3495306398,"data_set_value_component_Cdc20_A_variable_J_a20":1.0,"data_set_value_component_Cdc20_A_variable_J_i20":1.0,"data_set_value_component_Cdc20_T_variable_Cdc20_T":0.7648753558,"data_set_value_component_Cdc20_T_variable_n":1.0,"data_set_value_component_Cdc20_T_variable_J_20":10.0,"data_set_value_component_APCP_variable_APCP":0.0655786471,"data_set_value_component_APCP_variable_J_aAPC":0.1,"data_set_value_component_APCP_variable_J_iAPC":0.1,"data_set_value_component_Tri_A_variable_Tri_A":0.0470297627,"data_set_value_component_Tri_E_variable_Tri_E":-0.10858539,"data_set_value_component_freeCKI_variable_freeCKI":0.0550112769,"data_set_value_component_Cdh1_variable_Cdh1":0.7639155606,"data_set_value_component_Cdh1_variable_J_ah1":0.03,"data_set_value_component_Cdh1_variable_J_ih1":0.03,"data_set_value_component_mass_variable_mass":1.3398144562,"data_set_value_component_mass_variable_mu":0.005776,"data_set_value_component_mass_variable_maxmass":10000.0,"data_set_value_component_V_atf_variable_V_atf":0.5804673102,"data_set_value_component_TF_E_variable_TF_E":0.007558346,"data_set_value_component_TF_E_variable_J_itf":0.01,"data_set_value_component_TF_E_variable_J_atf":0.01,"data_set_value_component_TF_E_variable_A1":0.5804673102,"data_set_value_component_TF_E_variable_A2":1.3349975891,"data_set_value_component_TF_E_variable_A3":0.01,"data_set_value_component_TF_E_variable_A4":0.01,"data_set_value_component_V_de_variable_V_de":0.12,"data_set_value_component_V_da_variable_V_da":0.0659249024,"data_set_value_component_TF_I_variable_TF_I":0.9981461803,"data_set_value_component_TF_I_variable_Cdc14":0.3495306398,"data_set_value_component_TF_I_variable_J_ifi":2.0,"data_set_value_component_TF_I_variable_J_afi":1.0,"data_set_value_component_TF_I_variable_A1":2.0971838387,"data_set_value_component_TF_I_variable_A2":0.0116562349,"data_set_value_component_TF_I_variable_A3":1.0,"data_set_value_component_TF_I_variable_A4":2.0,"data_set_value_component_V_si_variable_V_si":0.1976663125,"data_set_value_component_V_di_variable_V_di":0.1183167453,"data_set_value_component_preMPF_variable_preMPF":0.0126966313,"data_set_value_component_Tri_B_variable_Tri_B":0.0552192773,"data_set_value_component_CKI_variable_CKI":0.0486749269,"data_set_value_component_TF_B_variable_TF_B":0.0784994794,"data_set_value_component_TF_B_variable_J_ifb":0.1,"data_set_value_component_TF_B_variable_J_afb":0.1,"data_set_value_component_TF_B_variable_A1":0.0731246986,"data_set_value_component_TF_B_variable_A2":0.15,"data_set_value_component_TF_B_variable_A3":0.1,"data_set_value_component_TF_B_variable_A4":0.1,"data_set_value_component_V_sb_variable_V_sb":0.0071399792,"data_set_value_component_V_db_variable_V_db":0.3609958202,"data_set_value_component_Wee1_variable_Wee1":0.9848981625,"data_set_value_component_Wee1_variable_J_iwee":0.05,"data_set_value_component_Wee1_variable_J_awee":0.05,"data_set_value_component_Wee1_variable_A1":0.3,"data_set_value_component_Wee1_variable_A2":0.0731246986,"data_set_value_component_Wee1_variable_A3":0.05,"data_set_value_component_Wee1_variable_A4":0.05,"data_set_value_component_V_wee_variable_V_wee":0.2169796325,"data_set_value_component_Cdc25_variable_Cdc25":0.0,"data_set_value_component_Cdc25_variable_J_i25":0.1,"data_set_value_component_Cdc25_variable_J_a25":0.1,"data_set_value_component_Cdc25_variable_A1":0.0,"data_set_value_component_Cdc25_variable_A2":0.3,"data_set_value_component_Cdc25_variable_A3":0.1,"data_set_value_component_Cdc25_variable_A4":0.1,"data_set_value_component_V_25_variable_V_25":0.01,"data_set_value_component_kinetic_parameters_variable_k_25p":0.01,"data_set_value_component_kinetic_parameters_variable_k_25pp":5.0,"data_set_value_component_kinetic_parameters_variable_J_14di":12.0,"data_set_value_component_kinetic_parameters_variable_k_a20":1.0,"data_set_value_component_kinetic_parameters_variable_k_a25":0.0,"data_set_value_component_kinetic_parameters_variable_k_afb":1.0,"data_set_value_component_kinetic_parameters_variable_k_afi":6.0,"data_set_value_component_kinetic_parameters_variable_k_ah1p":0.02,"data_set_value_component_kinetic_parameters_variable_k_ah1pp":0.8,"data_set_value_component_kinetic_parameters_variable_k_aAPC":0.1,"data_set_value_component_kinetic_parameters_variable_k_asa":50.0,"data_set_value_component_kinetic_parameters_variable_k_asb":60.0,"data_set_value_component_kinetic_parameters_variable_k_ase":0.0,"data_set_value_component_kinetic_parameters_variable_k_atfp":0.0,"data_set_value_component_kinetic_parameters_variable_k_atfpp":1.5,"data_set_value_component_kinetic_parameters_variable_k_atfpppp":3.0,"data_set_value_component_kinetic_parameters_variable_k_atfppp":0.38,"data_set_value_component_kinetic_parameters_variable_k_aweep":0.3,"data_set_value_component_kinetic_parameters_variable_k_aweepp":0.0,"data_set_value_component_kinetic_parameters_variable_k_d20":0.05,"data_set_value_component_kinetic_parameters_variable_k_dap":0.01,"data_set_value_component_kinetic_parameters_variable_k_dapp":0.16,"data_set_value_component_kinetic_parameters_variable_k_dappp":0.0,"data_set_value_component_kinetic_parameters_variable_k_dbp":0.003,"data_set_value_component_kinetic_parameters_variable_k_dbpp":0.4,"data_set_value_component_kinetic_parameters_variable_k_dbppp":0.15,"data_set_value_component_kinetic_parameters_variable_k_dep":0.12,"data_set_value_component_kinetic_parameters_variable_k_deppp":0.0,"data_set_value_component_kinetic_parameters_variable_k_depppp":0.0,"data_set_value_component_kinetic_parameters_variable_k_depp":0.0,"data_set_value_component_kinetic_parameters_variable_k_dip":0.02,"data_set_value_component_kinetic_parameters_variable_k_dipp":0.1,"data_set_value_component_kinetic_parameters_variable_k_dippp":0.8,"data_set_value_component_kinetic_parameters_variable_k_dippppp":0.1,"data_set_value_component_kinetic_parameters_variable_k_dipppp":0.12,"data_set_value_component_kinetic_parameters_variable_k_die":0.0,"data_set_value_component_kinetic_parameters_variable_k_dib":0.05,"data_set_value_component_kinetic_parameters_variable_k_dia":0.06,"data_set_value_component_kinetic_parameters_variable_k_i20":0.16,"data_set_value_component_kinetic_parameters_variable_k_i25p":0.3,"data_set_value_component_kinetic_parameters_variable_k_i25pp":0.0,"data_set_value_component_kinetic_parameters_variable_k_itfp":0.75,"data_set_value_component_kinetic_parameters_variable_k_itfppp":0.0,"data_set_value_component_kinetic_parameters_variable_k_itfpp":8.0,"data_set_value_component_kinetic_parameters_variable_k_ifb":0.15,"data_set_value_component_kinetic_parameters_variable_k_ifip":0.008,"data_set_value_component_kinetic_parameters_variable_k_ifipp":0.05,"data_set_value_component_kinetic_parameters_variable_k_ih1p":0.001,"data_set_value_component_kinetic_parameters_variable_k_ih1pp":0.35,"data_set_value_component_kinetic_parameters_variable_k_ih1ppp":0.1,"data_set_value_component_kinetic_parameters_variable_k_ih1ppppp":0.005,"data_set_value_component_kinetic_parameters_variable_k_ih1pppp":0.06,"data_set_value_component_kinetic_parameters_variable_k_iAPC":0.15,"data_set_value_component_kinetic_parameters_variable_k_s20p":0.001,"data_set_value_component_kinetic_parameters_variable_k_s20pp":1.0,"data_set_value_component_kinetic_parameters_variable_k_sbp":0.004,"data_set_value_component_kinetic_parameters_variable_k_sbpp":0.04,"data_set_value_component_kinetic_parameters_variable_k_sip":0.018,"data_set_value_component_kinetic_parameters_variable_k_sipp":0.18,"data_set_value_component_kinetic_parameters_variable_k_iwee":1.0,"data_set_value_component_kinetic_parameters_variable_k_weep":0.02,"data_set_value_component_kinetic_parameters_variable_k_weepp":0.2,"data_set_value_component_kinetic_parameters_variable_k_sap":0.0015,"data_set_value_component_kinetic_parameters_variable_k_sapp":0.01,"data_set_value_component_kinetic_parameters_variable_k_sep":0.0,"data_set_value_component_kinetic_parameters_variable_k_sepp":0.15},{"data_set_value_component_environment_variable_time":0.3,"data_set_value_component_actCycA_variable_actCycA":0.0362833397,"data_set_value_component_actCycB_variable_actCycB":0.0507208586,"data_set_value_component_actCycE_variable_actCycE":0.1976927422,"data_set_value_component_CycA_variable_CycA":0.0932672925,"data_set_value_component_CycB_variable_CycB":0.0894524918,"data_set_value_component_CycE_variable_CycE":0.091558632,"data_set_value_component_CycD_variable_CycD":0.1447835529,"data_set_value_component_CycD_variable_CycD_0":0.108,"data_set_value_component_Cdc20_A_variable_Cdc20_A":0.3455151829,"data_set_value_component_Cdc20_A_variable_J_a20":1.0,"data_set_value_component_Cdc20_A_variable_J_i20":1.0,"data_set_value_component_Cdc20_T_variable_Cdc20_T":0.7616769851,"data_set_value_component_Cdc20_T_variable_n":1.0,"data_set_value_component_Cdc20_T_variable_J_20":10.0,"data_set_value_component_APCP_variable_APCP":0.0603376103,"data_set_value_component_APCP_variable_J_aAPC":0.1,"data_set_value_component_APCP_variable_J_iAPC":0.1,"data_set_value_component_Tri_A_variable_Tri_A":0.0569839528,"data_set_value_component_Tri_E_variable_Tri_E":-0.1061341103,"data_set_value_component_freeCKI_variable_freeCKI":0.0545594995,"data_set_value_component_Cdh1_variable_Cdh1":0.7869088613,"data_set_value_component_Cdh1_variable_J_ah1":0.03,"data_set_value_component_Cdh1_variable_J_ih1":0.03,"data_set_value_component_mass_variable_mass":1.3405884528,"data_set_value_component_mass_variable_mu":0.005776,"data_set_value_component_mass_variable_maxmass":10000.0,"data_set_value_component_V_atf_variable_V_atf":0.5638989103,"data_set_value_component_TF_E_variable_TF_E":0.0093432734,"data_set_value_component_TF_E_variable_J_itf":0.01,"data_set_value_component_TF_E_variable_J_atf":0.01,"data_set_value_component_TF_E_variable_A1":0.5638989103,"data_set_value_component_TF_E_variable_A2":1.1557668689,"data_set_value_component_TF_E_variable_A3":0.01,"data_set_value_component_TF_E_variable_A4":0.01,"data_set_value_component_V_de_variable_V_de":0.12,"data_set_value_component_V_da_variable_V_da":0.0652824293,"data_set_value_component_TF_I_variable_TF_I":0.9983049516,"data_set_value_component_TF_I_variable_Cdc14":0.3455151829,"data_set_value_component_TF_I_variable_J_ifi":2.0,"data_set_value_component_TF_I_variable_J_afi":1.0,"data_set_value_component_TF_I_variable_A1":2.0730910972,"data_set_value_component_TF_I_variable_A2":0.0105360429,"data_set_value_component_TF_I_variable_A3":1.0,"data_set_value_component_TF_I_variable_A4":2.0,"data_set_value_component_V_si_variable_V_si":0.1976948913,"data_set_value_component_V_di_variable_V_di":0.099540444,"data_set_value_component_preMPF_variable_preMPF":0.0138814137,"data_set_value_component_Tri_B_variable_Tri_B":0.0624056538,"data_set_value_component_CKI_variable_CKI":0.0678149959,"data_set_value_component_TF_B_variable_TF_B":0.0441160571,"data_set_value_component_TF_B_variable_J_ifb":0.1,"data_set_value_component_TF_B_variable_J_afb":0.1,"data_set_value_component_TF_B_variable_A1":0.0507208586,"data_set_value_component_TF_B_variable_A2":0.15,"data_set_value_component_TF_B_variable_A3":0.1,"data_set_value_component_TF_B_variable_A4":0.1,"data_set_value_component_V_sb_variable_V_sb":0.0057646423,"data_set_value_component_V_db_variable_V_db":0.369590822,"data_set_value_component_Wee1_variable_Wee1":0.9904091946,"data_set_value_component_Wee1_variable_J_iwee":0.05,"data_set_value_component_Wee1_variable_J_awee":0.05,"data_set_value_component_Wee1_variable_A1":0.3,"data_set_value_component_Wee1_variable_A2":0.0507208586,"data_set_value_component_Wee1_variable_A3":0.05,"data_set_value_component_Wee1_variable_A4":0.05,"data_set_value_component_V_wee_variable_V_wee":0.2180818389,"data_set_value_component_Cdc25_variable_Cdc25":0.0,"data_set_value_component_Cdc25_variable_J_i25":0.1,"data_set_value_component_Cdc25_variable_J_a25":0.1,"data_set_value_component_Cdc25_variable_A1":0.0,"data_set_value_component_Cdc25_variable_A2":0.3,"data_set_value_component_Cdc25_variable_A3":0.1,"data_set_value_component_Cdc25_variable_A4":0.1,"data_set_value_component_V_25_variable_V_25":0.01,"data_set_value_component_kinetic_parameters_variable_k_25p":0.01,"data_set_value_component_kinetic_parameters_variable_k_25pp":5.0,"data_set_value_component_kinetic_parameters_variable_J_14di":12.0,"data_set_value_component_kinetic_parameters_variable_k_a20":1.0,"data_set_value_component_kinetic_parameters_variable_k_a25":0.0,"data_set_value_component_kinetic_parameters_variable_k_afb":1.0,"data_set_value_component_kinetic_parameters_variable_k_afi":6.0,"data_set_value_component_kinetic_parameters_variable_k_ah1p":0.02,"data_set_value_component_kinetic_parameters_variable_k_ah1pp":0.8,"data_set_value_component_kinetic_parameters_variable_k_aAPC":0.1,"data_set_value_component_kinetic_parameters_variable_k_asa":50.0,"data_set_value_component_kinetic_parameters_variable_k_asb":60.0,"data_set_value_component_kinetic_parameters_variable_k_ase":0.0,"data_set_value_component_kinetic_parameters_variable_k_atfp":0.0,"data_set_value_component_kinetic_parameters_variable_k_atfpp":1.5,"data_set_value_component_kinetic_parameters_variable_k_atfpppp":3.0,"data_set_value_component_kinetic_parameters_variable_k_atfppp":0.38,"data_set_value_component_kinetic_parameters_variable_k_aweep":0.3,"data_set_value_component_kinetic_parameters_variable_k_aweepp":0.0,"data_set_value_component_kinetic_parameters_variable_k_d20":0.05,"data_set_value_component_kinetic_parameters_variable_k_dap":0.01,"data_set_value_component_kinetic_parameters_variable_k_dapp":0.16,"data_set_value_component_kinetic_parameters_variable_k_dappp":0.0,"data_set_value_component_kinetic_parameters_variable_k_dbp":0.003,"data_set_value_component_kinetic_parameters_variable_k_dbpp":0.4,"data_set_value_component_kinetic_parameters_variable_k_dbppp":0.15,"data_set_value_component_kinetic_parameters_variable_k_dep":0.12,"data_set_value_component_kinetic_parameters_variable_k_deppp":0.0,"data_set_value_component_kinetic_parameters_variable_k_depppp":0.0,"data_set_value_component_kinetic_parameters_variable_k_depp":0.0,"data_set_value_component_kinetic_parameters_variable_k_dip":0.02,"data_set_value_component_kinetic_parameters_variable_k_dipp":0.1,"data_set_value_component_kinetic_parameters_variable_k_dippp":0.8,"data_set_value_component_kinetic_parameters_variable_k_dippppp":0.1,"data_set_value_component_kinetic_parameters_variable_k_dipppp":0.12,"data_set_value_component_kinetic_parameters_variable_k_die":0.0,"data_set_value_component_kinetic_parameters_variable_k_dib":0.05,"data_set_value_component_kinetic_parameters_variable_k_dia":0.06,"data_set_value_component_kinetic_parameters_variable_k_i20":0.16,"data_set_value_component_kinetic_parameters_variable_k_i25p":0.3,"data_set_value_component_kinetic_parameters_variable_k_i25pp":0.0,"data_set_value_component_kinetic_parameters_variable_k_itfp":0.75,"data_set_value_component_kinetic_parameters_variable_k_itfppp":0.0,"data_set_value_component_kinetic_parameters_variable_k_itfpp":8.0,"data_set_value_component_kinetic_parameters_variable_k_ifb":0.15,"data_set_value_component_kinetic_parameters_variable_k_ifip":0.008,"data_set_value_component_kinetic_parameters_variable_k_ifipp":0.05,"data_set_value_component_kinetic_parameters_variable_k_ih1p":0.001,"data_set_value_component_kinetic_parameters_variable_k_ih1pp":0.35,"data_set_value_component_kinetic_parameters_variable_k_ih1ppp":0.1,"data_set_value_component_kinetic_parameters_variable_k_ih1ppppp":0.005,"data_set_value_component_kinetic_parameters_variable_k_ih1pppp":0.06,"data_set_value_component_kinetic_parameters_variable_k_iAPC":0.15,"data_set_value_component_kinetic_parameters_variable_k_s20p":0.001,"data_set_value_component_kinetic_parameters_variable_k_s20pp":1.0,"data_set_value_component_kinetic_parameters_variable_k_sbp":0.004,"data_set_value_component_kinetic_parameters_variable_k_sbpp":0.04,"data_set_value_component_kinetic_parameters_variable_k_sip":0.018,"data_set_value_component_kinetic_parameters_variable_k_sipp":0.18,"data_set_value_component_kinetic_parameters_variable_k_iwee":1.0,"data_set_value_component_kinetic_parameters_variable_k_weep":0.02,"data_set_value_component_kinetic_parameters_variable_k_weepp":0.2,"data_set_value_component_kinetic_parameters_variable_k_sap":0.0015,"data_set_value_component_kinetic_parameters_variable_k_sapp":0.01,"data_set_value_component_kinetic_parameters_variable_k_sep":0.0,"data_set_value_component_kinetic_parameters_variable_k_sepp":0.15},{"data_set_value_component_environment_variable_time":0.4,"data_set_value_component_actCycA_variable_actCycA":0.0281660915,"data_set_value_component_actCycB_variable_actCycB":0.0350002951,"data_set_value_component_actCycE_variable_actCycE":0.1945745093,"data_set_value_component_CycA_variable_CycA":0.0928776856,"data_set_value_component_CycB_variable_CycB":0.086878497,"data_set_value_component_CycE_variable_CycE":0.0906722099,"data_set_value_component_CycD_variable_CycD":0.1448671928,"data_set_value_component_CycD_variable_CycD_0":0.108,"data_set_value_component_Cdc20_A_variable_Cdc20_A":0.3414060453,"data_set_value_component_Cdc20_A_variable_J_a20":1.0,"data_set_value_component_Cdc20_A_variable_J_i20":1.0,"data_set_value_component_Cdc20_T_variable_Cdc20_T":0.7583094594,"data_set_value_component_Cdc20_T_variable_n":1.0,"data_set_value_component_Cdc20_T_variable_J_20":10.0,"data_set_value_component_APCP_variable_APCP":0.055229599,"data_set_value_component_APCP_variable_J_aAPC":0.1,"data_set_value_component_APCP_variable_J_iAPC":0.1,"data_set_value_component_Tri_A_variable_Tri_A":0.0647115941,"data_set_value_component_Tri_E_variable_Tri_E":-0.1039022994,"data_set_value_component_freeCKI_variable_freeCKI":0.0591100132,"data_set_value_component_Cdh1_variable_Cdh1":0.8097743539,"data_set_value_component_Cdh1_variable_J_ah1":0.03,"data_set_value_component_Cdh1_variable_J_ih1":0.03,"data_set_value_component_mass_variable_mass":1.3413628965,"data_set_value_component_mass_variable_mu":0.005776,"data_set_value_component_mass_variable_maxmass":10000.0,"data_set_value_component_V_atf_variable_V_atf":0.5507890292,"data_set_value_component_TF_E_variable_TF_E":0.0112490743,"data_set_value_component_TF_E_variable_J_itf":0.01,"data_set_value_component_TF_E_variable_J_atf":0.01,"data_set_value_component_TF_E_variable_A1":0.5507890292,"data_set_value_component_TF_E_variable_A2":1.0300023604,"data_set_value_component_TF_E_variable_A3":0.01,"data_set_value_component_TF_E_variable_A4":0.01,"data_set_value_component_V_de_variable_V_de":0.12,"data_set_value_component_V_da_variable_V_da":0.0646249673,"data_set_value_component_TF_I_variable_TF_I":0.9984125856,"data_set_value_component_TF_I_variable_Cdc14":0.3414060453,"data_set_value_component_TF_I_variable_J_ifi":2.0,"data_set_value_component_TF_I_variable_J_afi":1.0,"data_set_value_component_TF_I_variable_A1":2.0484362719,"data_set_value_component_TF_I_variable_A2":0.0097500148,"data_set_value_component_TF_I_variable_A3":1.0,"data_set_value_component_TF_I_variable_A4":2.0,"data_set_value_component_V_si_variable_V_si":0.1977142654,"data_set_value_component_V_di_variable_V_di":0.0862000702,"data_set_value_component_preMPF_variable_preMPF":0.0149387722,"data_set_value_component_Tri_B_variable_Tri_B":0.0669526476,"data_set_value_component_CKI_variable_CKI":0.0868719555,"data_set_value_component_TF_B_variable_TF_B":0.026837964,"data_set_value_component_TF_B_variable_J_ifb":0.1,"data_set_value_component_TF_B_variable_J_afb":0.1,"data_set_value_component_TF_B_variable_A1":0.0350002951,"data_set_value_component_TF_B_variable_A2":0.15,"data_set_value_component_TF_B_variable_A3":0.1,"data_set_value_component_TF_B_variable_A4":0.1,"data_set_value_component_V_sb_variable_V_sb":0.0050735186,"data_set_value_component_V_db_variable_V_db":0.3781206484,"data_set_value_component_Wee1_variable_Wee1":0.9937520451,"data_set_value_component_Wee1_variable_J_iwee":0.05,"data_set_value_component_Wee1_variable_J_awee":0.05,"data_set_value_component_Wee1_variable_A1":0.3,"data_set_value_component_Wee1_variable_A2":0.0350002951,"data_set_value_component_Wee1_variable_A3":0.05,"data_set_value_component_Wee1_variable_A4":0.05,"data_set_value_component_V_wee_variable_V_wee":0.218750409,"data_set_value_component_Cdc25_variable_Cdc25":0.0,"data_set_value_component_Cdc25_variable_J_i25":0.1,"data_set_value_component_Cdc25_variable_J_a25":0.1,"data_set_value_component_Cdc25_variable_A1":0.0,"data_set_value_component_Cdc25_variable_A2":0.3,"data_set_value_component_Cdc25_variable_A3":0.1,"data_set_value_component_Cdc25_variable_A4":0.1,"data_set_value_component_V_25_variable_V_25":0.01,"data_set_value_component_kinetic_parameters_variable_k_25p":0.01,"data_set_value_component_kinetic_parameters_variable_k_25pp":5.0,"data_set_value_component_kinetic_parameters_variable_J_14di":12.0,"data_set_value_component_kinetic_parameters_variable_k_a20":1.0,"data_set_value_component_kinetic_parameters_variable_k_a25":0.0,"data_set_value_component_kinetic_parameters_variable_k_afb":1.0,"data_set_value_component_kinetic_parameters_variable_k_afi":6.0,"data_set_value_component_kinetic_parameters_variable_k_ah1p":0.02,"data_set_value_component_kinetic_parameters_variable_k_ah1pp":0.8,"data_set_value_component_kinetic_parameters_variable_k_aAPC":0.1,"data_set_value_component_kinetic_parameters_variable_k_asa":50.0,"data_set_value_component_kinetic_parameters_variable_k_asb":60.0,"data_set_value_component_kinetic_parameters_variable_k_ase":0.0,"data_set_value_component_kinetic_parameters_variable_k_atfp":0.0,"data_set_value_component_kinetic_parameters_variable_k_atfpp":1.5,"data_set_value_component_kinetic_parameters_variable_k_atfpppp":3.0,"data_set_value_component_kinetic_parameters_variable_k_atfppp":0.38,"data_set_value_component_kinetic_parameters_variable_k_aweep":0.3,"data_set_value_component_kinetic_parameters_variable_k_aweepp":0.0,"data_set_value_component_kinetic_parameters_variable_k_d20":0.05,"data_set_value_component_kinetic_parameters_variable_k_dap":0.01,"data_set_value_component_kinetic_parameters_variable_k_dapp":0.16,"data_set_value_component_kinetic_parameters_variable_k_dappp":0.0,"data_set_value_component_kinetic_parameters_variable_k_dbp":0.003,"data_set_value_component_kinetic_parameters_variable_k_dbpp":0.4,"data_set_value_component_kinetic_parameters_variable_k_dbppp":0.15,"data_set_value_component_kinetic_parameters_variable_k_dep":0.12,"data_set_value_component_kinetic_parameters_variable_k_deppp":0.0,"data_set_value_component_kinetic_parameters_variable_k_depppp":0.0,"data_set_value_component_kinetic_parameters_variable_k_depp":0.0,"data_set_value_component_kinetic_parameters_variable_k_dip":0.02,"data_set_value_component_kinetic_parameters_variable_k_dipp":0.1,"data_set_value_component_kinetic_parameters_variable_k_dippp":0.8,"data_set_value_component_kinetic_parameters_variable_k_dippppp":0.1,"data_set_value_component_kinetic_parameters_variable_k_dipppp":0.12,"data_set_value_component_kinetic_parameters_variable_k_die":0.0,"data_set_value_component_kinetic_parameters_variable_k_dib":0.05,"data_set_value_component_kinetic_parameters_variable_k_dia":0.06,"data_set_value_component_kinetic_parameters_variable_k_i20":0.16,"data_set_value_component_kinetic_parameters_variable_k_i25p":0.3,"data_set_value_component_kinetic_parameters_variable_k_i25pp":0.0,"data_set_value_component_kinetic_parameters_variable_k_itfp":0.75,"data_set_value_component_kinetic_parameters_variable_k_itfppp":0.0,"data_set_value_component_kinetic_parameters_variable_k_itfpp":8.0,"data_set_value_component_kinetic_parameters_variable_k_ifb":0.15,"data_set_value_component_kinetic_parameters_variable_k_ifip":0.008,"data_set_value_component_kinetic_parameters_variable_k_ifipp":0.05,"data_set_value_component_kinetic_parameters_variable_k_ih1p":0.001,"data_set_value_component_kinetic_parameters_variable_k_ih1pp":0.35,"data_set_value_component_kinetic_parameters_variable_k_ih1ppp":0.1,"data_set_value_component_kinetic_parameters_variable_k_ih1ppppp":0.005,"data_set_value_component_kinetic_parameters_variable_k_ih1pppp":0.06,"data_set_value_component_kinetic_parameters_variable_k_iAPC":0.15,"data_set_value_component_kinetic_parameters_variable_k_s20p":0.001,"data_set_value_component_kinetic_parameters_variable_k_s20pp":1.0,"data_set_value_component_kinetic_parameters_variable_k_sbp":0.004,"data_set_value_component_kinetic_parameters_variable_k_sbpp":0.04,"data_set_value_component_kinetic_parameters_variable_k_sip":0.018,"data_set_value_component_kinetic_parameters_variable_k_sipp":0.18,"data_set_value_component_kinetic_parameters_variable_k_iwee":1.0,"data_set_value_component_kinetic_parameters_variable_k_weep":0.02,"data_set_value_component_kinetic_parameters_variable_k_weepp":0.2,"data_set_value_component_kinetic_parameters_variable_k_sap":0.0015,"data_set_value_component_kinetic_parameters_variable_k_sapp":0.01,"data_set_value_component_kinetic_parameters_variable_k_sep":0.0,"data_set_value_component_kinetic_parameters_variable_k_sepp":0.15},{"data_set_value_component_environment_variable_time":0.5,"data_set_value_component_actCycA_variable_actCycA":0.0214537995,"data_set_value_component_actCycB_variable_actCycB":0.0235700341,"data_set_value_component_actCycE_variable_actCycE":0.1916699005,"data_set_value_component_CycA_variable_CycA":0.0924994723,"data_set_value_component_CycB_variable_CycB":0.0842582129,"data_set_value_component_CycE_variable_CycE":0.0898354864,"data_set_value_component_CycD_variable_CycD":0.144950881,"data_set_value_component_CycD_variable_CycD_0":0.108,"data_set_value_component_Cdc20_A_variable_Cdc20_A":0.3372090037,"data_set_value_component_Cdc20_A_variable_J_a20":1.0,"data_set_value_component_Cdc20_A_variable_J_i20":1.0,"data_set_value_component_Cdc20_T_variable_Cdc20_T":0.7548255327,"data_set_value_component_Cdc20_T_variable_n":1.0,"data_set_value_component_Cdc20_T_variable_J_20":10.0,"data_set_value_component_APCP_variable_APCP":0.0503123559,"data_set_value_component_APCP_variable_J_aAPC":0.1,"data_set_value_component_APCP_variable_J_iAPC":0.1,"data_set_value_component_Tri_A_variable_Tri_A":0.0710456728,"data_set_value_component_Tri_E_variable_Tri_E":-0.1018344141,"data_set_value_component_freeCKI_variable_freeCKI":0.0668177987,"data_set_value_component_Cdh1_variable_Cdh1":0.8323325917,"data_set_value_component_Cdh1_variable_J_ah1":0.03,"data_set_value_component_Cdh1_variable_J_ih1":0.03,"data_set_value_component_mass_variable_mass":1.3421377875,"data_set_value_component_mass_variable_mu":0.005776,"data_set_value_component_mass_variable_maxmass":10000.0,"data_set_value_component_V_atf_variable_V_atf":0.5398679046,"data_set_value_component_TF_E_variable_TF_E":0.0132254514,"data_set_value_component_TF_E_variable_J_itf":0.01,"data_set_value_component_TF_E_variable_J_atf":0.01,"data_set_value_component_TF_E_variable_A1":0.5398679046,"data_set_value_component_TF_E_variable_A2":0.9385602729,"data_set_value_component_TF_E_variable_A3":0.01,"data_set_value_component_TF_E_variable_A4":0.01,"data_set_value_component_V_de_variable_V_de":0.12,"data_set_value_component_V_da_variable_V_da":0.0639534406,"data_set_value_component_TF_I_variable_TF_I":0.9984870722,"data_set_value_component_TF_I_variable_Cdc14":0.3372090037,"data_set_value_component_TF_I_variable_J_ifi":2.0,"data_set_value_component_TF_I_variable_J_afi":1.0,"data_set_value_component_TF_I_variable_A1":2.0232540223,"data_set_value_component_TF_I_variable_A2":0.0091785017,"data_set_value_component_TF_I_variable_A3":1.0,"data_set_value_component_TF_I_variable_A4":2.0,"data_set_value_component_V_si_variable_V_si":0.197727673,"data_set_value_component_V_di_variable_V_di":0.0763513531,"data_set_value_component_preMPF_variable_preMPF":0.0158702273,"data_set_value_component_Tri_B_variable_Tri_B":0.0698356924,"data_set_value_component_CKI_variable_CKI":0.1058647499,"data_set_value_component_TF_B_variable_TF_B":0.0166356683,"data_set_value_component_TF_B_variable_J_ifb":0.1,"data_set_value_component_TF_B_variable_J_afb":0.1,"data_set_value_component_TF_B_variable_A1":0.0235700341,"data_set_value_component_TF_B_variable_A2":0.15,"data_set_value_component_TF_B_variable_A3":0.1,"data_set_value_component_TF_B_variable_A4":0.1,"data_set_value_component_V_sb_variable_V_sb":0.0046654267,"data_set_value_component_V_db_variable_V_db":0.3865143872,"data_set_value_component_Wee1_variable_Wee1":0.9959569857,"data_set_value_component_Wee1_variable_J_iwee":0.05,"data_set_value_component_Wee1_variable_J_awee":0.05,"data_set_value_component_Wee1_variable_A1":0.3,"data_set_value_component_Wee1_variable_A2":0.0235700341,"data_set_value_component_Wee1_variable_A3":0.05,"data_set_value_component_Wee1_variable_A4":0.05,"data_set_value_component_V_wee_variable_V_wee":0.2191913971,"data_set_value_component_Cdc25_variable_Cdc25":0.0,"data_set_value_component_Cdc25_variable_J_i25":0.1,"data_set_value_component_Cdc25_variable_J_a25":0.1,"data_set_value_component_Cdc25_variable_A1":0.0,"data_set_value_component_Cdc25_variable_A2":0.3,"data_set_value_component_Cdc25_variable_A3":0.1,"data_set_value_component_Cdc25_variable_A4":0.1,"data_set_value_component_V_25_variable_V_25":0.01,"data_set_value_component_kinetic_parameters_variable_k_25p":0.01,"data_set_value_component_kinetic_parameters_variable_k_25pp":5.0,"data_set_value_component_kinetic_parameters_variable_J_14di":12.0,"data_set_value_component_kinetic_parameters_variable_k_a20":1.0,"data_set_value_component_kinetic_parameters_variable_k_a25":0.0,"data_set_value_component_kinetic_parameters_variable_k_afb":1.0,"data_set_value_component_kinetic_parameters_variable_k_afi":6.0,"data_set_value_component_kinetic_parameters_variable_k_ah1p":0.02,"data_set_value_component_kinetic_parameters_variable_k_ah1pp":0.8,"data_set_value_component_kinetic_parameters_variable_k_aAPC":0.1,"data_set_value_component_kinetic_parameters_variable_k_asa":50.0,"data_set_value_component_kinetic_parameters_variable_k_asb":60.0,"data_set_value_component_kinetic_parameters_variable_k_ase":0.0,"data_set_value_component_kinetic_parameters_variable_k_atfp":0.0,"data_set_value_component_kinetic_parameters_variable_k_atfpp":1.5,"data_set_value_component_kinetic_parameters_variable_k_atfpppp":3.0,"data_set_value_component_kinetic_parameters_variable_k_atfppp":0.38,"data_set_value_component_kinetic_parameters_variable_k_aweep":0.3,"data_set_value_component_kinetic_parameters_variable_k_aweepp":0.0,"data_set_value_component_kinetic_parameters_variable_k_d20":0.05,"data_set_value_component_kinetic_parameters_variable_k_dap":0.01,"data_set_value_component_kinetic_parameters_variable_k_dapp":0.16,"data_set_value_component_kinetic_parameters_variable_k_dappp":0.0,"data_set_value_component_kinetic_parameters_variable_k_dbp":0.003,"data_set_value_component_kinetic_parameters_variable_k_dbpp":0.4,"data_set_value_component_kinetic_parameters_variable_k_dbppp":0.15,"data_set_value_component_kinetic_parameters_variable_k_dep":0.12,"data_set_value_component_kinetic_parameters_variable_k_deppp":0.0,"data_set_value_component_kinetic_parameters_variable_k_depppp":0.0,"data_set_value_component_kinetic_parameters_variable_k_depp":0.0,"data_set_value_component_kinetic_parameters_variable_k_dip":0.02,"data_set_value_component_kinetic_parameters_variable_k_dipp":0.1,"data_set_value_component_kinetic_parameters_variable_k_dippp":0.8,"data_set_value_component_kinetic_parameters_variable_k_dippppp":0.1,"data_set_value_component_kinetic_parameters_variable_k_dipppp":0.12,"data_set_value_component_kinetic_parameters_variable_k_die":0.0,"data_set_value_component_kinetic_parameters_variable_k_dib":0.05,"data_set_value_component_kinetic_parameters_variable_k_dia":0.06,"data_set_value_component_kinetic_parameters_variable_k_i20":0.16,"data_set_value_component_kinetic_parameters_variable_k_i25p":0.3,"data_set_value_component_kinetic_parameters_variable_k_i25pp":0.0,"data_set_value_component_kinetic_parameters_variable_k_itfp":0.75,"data_set_value_component_kinetic_parameters_variable_k_itfppp":0.0,"data_set_value_component_kinetic_parameters_variable_k_itfpp":8.0,"data_set_value_component_kinetic_parameters_variable_k_ifb":0.15,"data_set_value_component_kinetic_parameters_variable_k_ifip":0.008,"data_set_value_component_kinetic_parameters_variable_k_ifipp":0.05,"data_set_value_component_kinetic_parameters_variable_k_ih1p":0.001,"data_set_value_component_kinetic_parameters_variable_k_ih1pp":0.35,"data_set_value_component_kinetic_parameters_variable_k_ih1ppp":0.1,"data_set_value_component_kinetic_parameters_variable_k_ih1ppppp":0.005,"data_set_value_component_kinetic_parameters_variable_k_ih1pppp":0.06,"data_set_value_component_kinetic_parameters_variable_k_iAPC":0.15,"data_set_value_component_kinetic_parameters_variable_k_s20p":0.001,"data_set_value_component_kinetic_parameters_variable_k_s20pp":1.0,"data_set_value_component_kinetic_parameters_variable_k_sbp":0.004,"data_set_value_component_kinetic_parameters_variable_k_sbpp":0.04,"data_set_value_component_kinetic_parameters_variable_k_sip":0.018,"data_set_value_component_kinetic_parameters_variable_k_sipp":0.18,"data_set_value_component_kinetic_parameters_variable_k_iwee":1.0,"data_set_value_component_kinetic_parameters_variable_k_weep":0.02,"data_set_value_component_kinetic_parameters_variable_k_weepp":0.2,"data_set_value_component_kinetic_parameters_variable_k_sap":0.0015,"data_set_value_component_kinetic_parameters_variable_k_sapp":0.01,"data_set_value_component_kinetic_parameters_variable_k_sep":0.0,"data_set_value_component_kinetic_parameters_variable_k_sepp":0.15},{"data_set_value_component_environment_variable_time":0.6,"data_set_value_component_actCycA_variable_actCycA":0.0158927224,"data_set_value_component_actCycB_variable_actCycB":0.0153487811,"data_set_value_component_actCycE_variable_actCycE":0.1889403769,"data_set_value_component_CycA_variable_CycA":0.0921326617,"data_set_value_component_CycB_variable_CycB":0.0816263088,"data_set_value_component_CycE_variable_CycE":0.0890479812,"data_set_value_component_CycD_variable_CycD":0.1450346176,"data_set_value_component_CycD_variable_CycD_0":0.108,"data_set_value_component_Cdc20_A_variable_Cdc20_A":0.332931316,"data_set_value_component_Cdc20_A_variable_J_a20":1.0,"data_set_value_component_Cdc20_A_variable_J_i20":1.0,"data_set_value_component_Cdc20_T_variable_Cdc20_T":0.7512621278,"data_set_value_component_Cdc20_T_variable_n":1.0,"data_set_value_component_Cdc20_T_variable_J_20":10.0,"data_set_value_component_APCP_variable_APCP":0.0456258256,"data_set_value_component_APCP_variable_J_aAPC":0.1,"data_set_value_component_APCP_variable_J_iAPC":0.1,"data_set_value_component_Tri_A_variable_Tri_A":0.0762399392,"data_set_value_component_Tri_E_variable_Tri_E":-0.0998923957,"data_set_value_component_freeCKI_variable_freeCKI":0.0770166673,"data_set_value_component_Cdh1_variable_Cdh1":0.8544193422,"data_set_value_component_Cdh1_variable_J_ah1":0.03,"data_set_value_component_Cdh1_variable_J_ih1":0.03,"data_set_value_component_mass_variable_mass":1.342913126,"data_set_value_component_mass_variable_mu":0.005776,"data_set_value_component_mass_variable_maxmass":10000.0,"data_set_value_component_V_atf_variable_V_atf":0.5307402797,"data_set_value_component_TF_E_variable_TF_E":0.0151246017,"data_set_value_component_TF_E_variable_J_itf":0.01,"data_set_value_component_TF_E_variable_J_atf":0.01,"data_set_value_component_TF_E_variable_A1":0.5307402797,"data_set_value_component_TF_E_variable_A2":0.8727902486,"data_set_value_component_TF_E_variable_A3":0.01,"data_set_value_component_TF_E_variable_A4":0.01,"data_set_value_component_V_de_variable_V_de":0.12,"data_set_value_component_V_da_variable_V_da":0.0632690106,"data_set_value_component_TF_I_variable_TF_I":0.9985362847,"data_set_value_component_TF_I_variable_Cdc14":0.332931316,"data_set_value_component_TF_I_variable_J_ifi":2.0,"data_set_value_component_TF_I_variable_J_afi":1.0,"data_set_value_component_TF_I_variable_A1":1.9975878963,"data_set_value_component_TF_I_variable_A2":0.0087674391,"data_set_value_component_TF_I_variable_A3":1.0,"data_set_value_component_TF_I_variable_A4":2.0,"data_set_value_component_V_si_variable_V_si":0.1977365312,"data_set_value_component_V_di_variable_V_di":0.0691267329,"data_set_value_component_preMPF_variable_preMPF":0.0166798593,"data_set_value_component_Tri_B_variable_Tri_B":0.0714382015,"data_set_value_component_CKI_variable_CKI":0.1248024123,"data_set_value_component_TF_B_variable_TF_B":0.010245738,"data_set_value_component_TF_B_variable_J_ifb":0.1,"data_set_value_component_TF_B_variable_J_afb":0.1,"data_set_value_component_TF_B_variable_A1":0.0153487811,"data_set_value_component_TF_B_variable_A2":0.15,"data_set_value_component_TF_B_variable_A3":0.1,"data_set_value_component_TF_B_variable_A4":0.1,"data_set_value_component_V_sb_variable_V_sb":0.0044098295,"data_set_value_component_V_db_variable_V_db":0.3947074343,"data_set_value_component_Wee1_variable_Wee1":0.9974392214,"data_set_value_component_Wee1_variable_J_iwee":0.05,"data_set_value_component_Wee1_variable_J_awee":0.05,"data_set_value_component_Wee1_variable_A1":0.3,"data_set_value_component_Wee1_variable_A2":0.0153487811,"data_set_value_component_Wee1_variable_A3":0.05,"data_set_value_component_Wee1_variable_A4":0.05,"data_set_value_component_V_wee_variable_V_wee":0.2194878443,"data_set_value_component_Cdc25_variable_Cdc25":0.0,"data_set_value_component_Cdc25_variable_J_i25":0.1,"data_set_value_component_Cdc25_variable_J_a25":0.1,"data_set_value_component_Cdc25_variable_A1":0.0,"data_set_value_component_Cdc25_variable_A2":0.3,"data_set_value_component_Cdc25_variable_A3":0.1,"data_set_value_component_Cdc25_variable_A4":0.1,"data_set_value_component_V_25_variable_V_25":0.01,"data_set_value_component_kinetic_parameters_variable_k_25p":0.01,"data_set_value_component_kinetic_parameters_variable_k_25pp":5.0,"data_set_value_component_kinetic_parameters_variable_J_14di":12.0,"data_set_value_component_kinetic_parameters_variable_k_a20":1.0,"data_set_value_component_kinetic_parameters_variable_k_a25":0.0,"data_set_value_component_kinetic_parameters_variable_k_afb":1.0,"data_set_value_component_kinetic_parameters_variable_k_afi":6.0,"data_set_value_component_kinetic_parameters_variable_k_ah1p":0.02,"data_set_value_component_kinetic_parameters_variable_k_ah1pp":0.8,"data_set_value_component_kinetic_parameters_variable_k_aAPC":0.1,"data_set_value_component_kinetic_parameters_variable_k_asa":50.0,"data_set_value_component_kinetic_parameters_variable_k_asb":60.0,"data_set_value_component_kinetic_parameters_variable_k_ase":0.0,"data_set_value_component_kinetic_parameters_variable_k_atfp":0.0,"data_set_value_component_kinetic_parameters_variable_k_atfpp":1.5,"data_set_value_component_kinetic_parameters_variable_k_atfpppp":3.0,"data_set_value_component_kinetic_parameters_variable_k_atfppp":0.38,"data_set_value_component_kinetic_parameters_variable_k_aweep":0.3,"data_set_value_component_kinetic_parameters_variable_k_aweepp":0.0,"data_set_value_component_kinetic_parameters_variable_k_d20":0.05,"data_set_value_component_kinetic_parameters_variable_k_dap":0.01,"data_set_value_component_kinetic_parameters_variable_k_dapp":0.16,"data_set_value_component_kinetic_parameters_variable_k_dappp":0.0,"data_set_value_component_kinetic_parameters_variable_k_dbp":0.003,"data_set_value_component_kinetic_parameters_variable_k_dbpp":0.4,"data_set_value_component_kinetic_parameters_variable_k_dbppp":0.15,"data_set_value_component_kinetic_parameters_variable_k_dep":0.12,"data_set_value_component_kinetic_parameters_variable_k_deppp":0.0,"data_set_value_component_kinetic_parameters_variable_k_depppp":0.0,"data_set_value_component_kinetic_parameters_variable_k_depp":0.0,"data_set_value_component_kinetic_parameters_variable_k_dip":0.02,"data_set_value_component_kinetic_parameters_variable_k_dipp":0.1,"data_set_value_component_kinetic_parameters_variable_k_dippp":0.8,"data_set_value_component_kinetic_parameters_variable_k_dippppp":0.1,"data_set_value_component_kinetic_parameters_variable_k_dipppp":0.12,"data_set_value_component_kinetic_parameters_variable_k_die":0.0,"data_set_value_component_kinetic_parameters_variable_k_dib":0.05,"data_set_value_component_kinetic_parameters_variable_k_dia":0.06,"data_set_value_component_kinetic_parameters_variable_k_i20":0.16,"data_set_value_component_kinetic_parameters_variable_k_i25p":0.3,"data_set_value_component_kinetic_parameters_variable_k_i25pp":0.0,"data_set_value_component_kinetic_parameters_variable_k_itfp":0.75,"data_set_value_component_kinetic_parameters_variable_k_itfppp":0.0,"data_set_value_component_kinetic_parameters_variable_k_itfpp":8.0,"data_set_value_component_kinetic_parameters_variable_k_ifb":0.15,"data_set_value_component_kinetic_parameters_variable_k_ifip":0.008,"data_set_value_component_kinetic_parameters_variable_k_ifipp":0.05,"data_set_value_component_kinetic_parameters_variable_k_ih1p":0.001,"data_set_value_component_kinetic_parameters_variable_k_ih1pp":0.35,"data_set_value_component_kinetic_parameters_variable_k_ih1ppp":0.1,"data_set_value_component_kinetic_parameters_variable_k_ih1ppppp":0.005,"data_set_value_component_kinetic_parameters_variable_k_ih1pppp":0.06,"data_set_value_component_kinetic_parameters_variable_k_iAPC":0.15,"data_set_value_component_kinetic_parameters_variable_k_s20p":0.001,"data_set_value_component_kinetic_parameters_variable_k_s20pp":1.0,"data_set_value_component_kinetic_parameters_variable_k_sbp":0.004,"data_set_value_component_kinetic_parameters_variable_k_sbpp":0.04,"data_set_value_component_kinetic_parameters_variable_k_sip":0.018,"data_set_value_component_kinetic_parameters_variable_k_sipp":0.18,"data_set_value_component_kinetic_parameters_variable_k_iwee":1.0,"data_set_value_component_kinetic_parameters_variable_k_weep":0.02,"data_set_value_component_kinetic_parameters_variable_k_weepp":0.2,"data_set_value_component_kinetic_parameters_variable_k_sap":0.0015,"data_set_value_component_kinetic_parameters_variable_k_sapp":0.01,"data_set_value_component_kinetic_parameters_variable_k_sep":0.0,"data_set_value_component_kinetic_parameters_variable_k_sepp":0.15},{"data_set_value_component_environment_variable_time":0.7,"data_set_value_component_actCycA_variable_actCycA":0.0114123369,"data_set_value_component_actCycB_variable_actCycB":0.0096563512,"data_set_value_component_actCycE_variable_actCycE":0.1863532789,"data_set_value_component_CycA_variable_CycA":0.0917770138,"data_set_value_component_CycB_variable_CycB":0.079005104,"data_set_value_component_CycE_variable_CycE":0.0883056628,"data_set_value_component_CycD_variable_CycD":0.1451184025,"data_set_value_component_CycD_variable_CycD_0":0.108,"data_set_value_component_Cdc20_A_variable_Cdc20_A":0.3285812439,"data_set_value_component_Cdc20_A_variable_J_a20":1.0,"data_set_value_component_Cdc20_A_variable_J_i20":1.0,"data_set_value_component_Cdc20_T_variable_Cdc20_T":0.7476478343,"data_set_value_component_Cdc20_T_variable_n":1.0,"data_set_value_component_Cdc20_T_variable_J_20":10.0,"data_set_value_component_APCP_variable_APCP":0.0411991531,"data_set_value_component_APCP_variable_J_aAPC":0.1,"data_set_value_component_APCP_variable_J_iAPC":0.1,"data_set_value_component_Tri_A_variable_Tri_A":0.0803646769,"data_set_value_component_Tri_E_variable_Tri_E":-0.0980476161,"data_set_value_component_freeCKI_variable_freeCKI":0.0893985863,"data_set_value_component_Cdh1_variable_Cdh1":0.8758598977,"data_set_value_component_Cdh1_variable_J_ah1":0.03,"data_set_value_component_Cdh1_variable_J_ih1":0.03,"data_set_value_component_mass_variable_mass":1.3436889124,"data_set_value_component_mass_variable_mu":0.005776,"data_set_value_component_mass_variable_maxmass":10000.0,"data_set_value_component_V_atf_variable_V_atf":0.523287959,"data_set_value_component_TF_E_variable_TF_E":0.0167518458,"data_set_value_component_TF_E_variable_J_itf":0.01,"data_set_value_component_TF_E_variable_J_atf":0.01,"data_set_value_component_TF_E_variable_A1":0.523287959,"data_set_value_component_TF_E_variable_A2":0.8272508094,"data_set_value_component_TF_E_variable_A3":0.01,"data_set_value_component_TF_E_variable_A4":0.01,"data_set_value_component_V_de_variable_V_de":0.12,"data_set_value_component_V_da_variable_V_da":0.062572999,"data_set_value_component_TF_I_variable_TF_I":0.9985650666,"data_set_value_component_TF_I_variable_Cdc14":0.3285812439,"data_set_value_component_TF_I_variable_J_ifi":2.0,"data_set_value_component_TF_I_variable_J_afi":1.0,"data_set_value_component_TF_I_variable_A1":1.9714874632,"data_set_value_component_TF_I_variable_A2":0.0084828176,"data_set_value_component_TF_I_variable_A3":1.0,"data_set_value_component_TF_I_variable_A4":2.0,"data_set_value_component_V_si_variable_V_si":0.197741712,"data_set_value_component_V_di_variable_V_di":0.0639884318,"data_set_value_component_preMPF_variable_preMPF":0.0173731005,"data_set_value_component_Tri_B_variable_Tri_B":0.0719700682,"data_set_value_component_CKI_variable_CKI":0.1436857152,"data_set_value_component_TF_B_variable_TF_B":0.0062123724,"data_set_value_component_TF_B_variable_J_ifb":0.1,"data_set_value_component_TF_B_variable_J_afb":0.1,"data_set_value_component_TF_B_variable_A1":0.0096563512,"data_set_value_component_TF_B_variable_A2":0.15,"data_set_value_component_TF_B_variable_A3":0.1,"data_set_value_component_TF_B_variable_A4":0.1,"data_set_value_component_V_sb_variable_V_sb":0.0042484949,"data_set_value_component_V_db_variable_V_db":0.4026311456,"data_set_value_component_Wee1_variable_Wee1":0.9984188962,"data_set_value_component_Wee1_variable_J_iwee":0.05,"data_set_value_component_Wee1_variable_J_awee":0.05,"data_set_value_component_Wee1_variable_A1":0.3,"data_set_value_component_Wee1_variable_A2":0.0096563512,"data_set_value_component_Wee1_variable_A3":0.05,"data_set_value_component_Wee1_variable_A4":0.05,"data_set_value_component_V_wee_variable_V_wee":0.2196837792,"data_set_value_component_Cdc25_variable_Cdc25":0.0,"data_set_value_component_Cdc25_variable_J_i25":0.1,"data_set_value_component_Cdc25_variable_J_a25":0.1,"data_set_value_component_Cdc25_variable_A1":0.0,"data_set_value_component_Cdc25_variable_A2":0.3,"data_set_value_component_Cdc25_variable_A3":0.1,"data_set_value_component_Cdc25_variable_A4":0.1,"data_set_value_component_V_25_variable_V_25":0.01,"data_set_value_component_kinetic_parameters_variable_k_25p":0.01,"data_set_value_component_kinetic_parameters_variable_k_25pp":5.0,"data_set_value_component_kinetic_parameters_variable_J_14di":12.0,"data_set_value_component_kinetic_parameters_variable_k_a20":1.0,"data_set_value_component_kinetic_parameters_variable_k_a25":0.0,"data_set_value_component_kinetic_parameters_variable_k_afb":1.0,"data_set_value_component_kinetic_parameters_variable_k_afi":6.0,"data_set_value_component_kinetic_parameters_variable_k_ah1p":0.02,"data_set_value_component_kinetic_parameters_variable_k_ah1pp":0.8,"data_set_value_component_kinetic_parameters_variable_k_aAPC":0.1,"data_set_value_component_kinetic_parameters_variable_k_asa":50.0,"data_set_value_component_kinetic_parameters_variable_k_asb":60.0,"data_set_value_component_kinetic_parameters_variable_k_ase":0.0,"data_set_value_component_kinetic_parameters_variable_k_atfp":0.0,"data_set_value_component_kinetic_parameters_variable_k_atfpp":1.5,"data_set_value_component_kinetic_parameters_variable_k_atfpppp":3.0,"data_set_value_component_kinetic_parameters_variable_k_atfppp":0.38,"data_set_value_component_kinetic_parameters_variable_k_aweep":0.3,"data_set_value_component_kinetic_parameters_variable_k_aweepp":0.0,"data_set_value_component_kinetic_parameters_variable_k_d20":0.05,"data_set_value_component_kinetic_parameters_variable_k_dap":0.01,"data_set_value_component_kinetic_parameters_variable_k_dapp":0.16,"data_set_value_component_kinetic_parameters_variable_k_dappp":0.0,"data_set_value_component_kinetic_parameters_variable_k_dbp":0.003,"data_set_value_component_kinetic_parameters_variable_k_dbpp":0.4,"data_set_value_component_kinetic_parameters_variable_k_dbppp":0.15,"data_set_value_component_kinetic_parameters_variable_k_dep":0.12,"data_set_value_component_kinetic_parameters_variable_k_deppp":0.0,"data_set_value_component_kinetic_parameters_variable_k_depppp":0.0,"data_set_value_component_kinetic_parameters_variable_k_depp":0.0,"data_set_value_component_kinetic_parameters_variable_k_dip":0.02,"data_set_value_component_kinetic_parameters_variable_k_dipp":0.1,"data_set_value_component_kinetic_parameters_variable_k_dippp":0.8,"data_set_value_component_kinetic_parameters_variable_k_dippppp":0.1,"data_set_value_component_kinetic_parameters_variable_k_dipppp":0.12,"data_set_value_component_kinetic_parameters_variable_k_die":0.0,"data_set_value_component_kinetic_parameters_variable_k_dib":0.05,"data_set_value_component_kinetic_parameters_variable_k_dia":0.06,"data_set_value_component_kinetic_parameters_variable_k_i20":0.16,"data_set_value_component_kinetic_parameters_variable_k_i25p":0.3,"data_set_value_component_kinetic_parameters_variable_k_i25pp":0.0,"data_set_value_component_kinetic_parameters_variable_k_itfp":0.75,"data_set_value_component_kinetic_parameters_variable_k_itfppp":0.0,"data_set_value_component_kinetic_parameters_variable_k_itfpp":8.0,"data_set_value_component_kinetic_parameters_variable_k_ifb":0.15,"data_set_value_component_kinetic_parameters_variable_k_ifip":0.008,"data_set_value_component_kinetic_parameters_variable_k_ifipp":0.05,"data_set_value_component_kinetic_parameters_variable_k_ih1p":0.001,"data_set_value_component_kinetic_parameters_variable_k_ih1pp":0.35,"data_set_value_component_kinetic_parameters_variable_k_ih1ppp":0.1,"data_set_value_component_kinetic_parameters_variable_k_ih1ppppp":0.005,"data_set_value_component_kinetic_parameters_variable_k_ih1pppp":0.06,"data_set_value_component_kinetic_parameters_variable_k_iAPC":0.15,"data_set_value_component_kinetic_parameters_variable_k_s20p":0.001,"data_set_value_component_kinetic_parameters_variable_k_s20pp":1.0,"data_set_value_component_kinetic_parameters_variable_k_sbp":0.004,"data_set_value_component_kinetic_parameters_variable_k_sbpp":0.04,"data_set_value_component_kinetic_parameters_variable_k_sip":0.018,"data_set_value_component_kinetic_parameters_variable_k_sipp":0.18,"data_set_value_component_kinetic_parameters_variable_k_iwee":1.0,"data_set_value_component_kinetic_parameters_variable_k_weep":0.02,"data_set_value_component_kinetic_parameters_variable_k_weepp":0.2,"data_set_value_component_kinetic_parameters_variable_k_sap":0.0015,"data_set_value_component_kinetic_parameters_variable_k_sapp":0.01,"data_set_value_component_kinetic_parameters_variable_k_sep":0.0,"data_set_value_component_kinetic_parameters_variable_k_sepp":0.15},{"data_set_value_component_environment_variable_time":0.8,"data_set_value_component_actCycA_variable_actCycA":0.0079685493,"data_set_value_component_actCycB_variable_actCycB":0.0059278797,"data_set_value_component_actCycE_variable_actCycE":0.183879067,"data_set_value_component_CycA_variable_CycA":0.0914320378,"data_set_value_component_CycB_variable_CycB":0.0764107151,"data_set_value_component_CycE_variable_CycE":0.0876009387,"data_set_value_component_CycD_variable_CycD":0.1452022359,"data_set_value_component_CycD_variable_CycD_0":0.108,"data_set_value_component_Cdc20_A_variable_Cdc20_A":0.3241677252,"data_set_value_component_Cdc20_A_variable_J_a20":1.0,"data_set_value_component_Cdc20_A_variable_J_i20":1.0,"data_set_value_component_Cdc20_T_variable_Cdc20_T":0.7440051355,"data_set_value_component_Cdc20_T_variable_n":1.0,"data_set_value_component_Cdc20_T_variable_J_20":10.0,"data_set_value_component_APCP_variable_APCP":0.0370527057,"data_set_value_component_APCP_variable_J_aAPC":0.1,"data_set_value_component_APCP_variable_J_iAPC":0.1,"data_set_value_component_Tri_A_variable_Tri_A":0.0834634885,"data_set_value_component_Tri_E_variable_Tri_E":-0.0962781282,"data_set_value_component_freeCKI_variable_freeCKI":0.1037134847,"data_set_value_component_Cdh1_variable_Cdh1":0.8964546542,"data_set_value_component_Cdh1_variable_J_ah1":0.03,"data_set_value_component_Cdh1_variable_J_ih1":0.03,"data_set_value_component_mass_variable_mass":1.344465147,"data_set_value_component_mass_variable_mu":0.005776,"data_set_value_component_mass_variable_maxmass":10000.0,"data_set_value_component_V_atf_variable_V_atf":0.517433577,"data_set_value_component_TF_E_variable_TF_E":0.0179596137,"data_set_value_component_TF_E_variable_J_itf":0.01,"data_set_value_component_TF_E_variable_J_atf":0.01,"data_set_value_component_TF_E_variable_A1":0.517433577,"data_set_value_component_TF_E_variable_A2":0.7974230378,"data_set_value_component_TF_E_variable_A3":0.01,"data_set_value_component_TF_E_variable_A4":0.01,"data_set_value_component_V_de_variable_V_de":0.12,"data_set_value_component_V_da_variable_V_da":0.061866836,"data_set_value_component_TF_I_variable_TF_I":0.9985775003,"data_set_value_component_TF_I_variable_Cdc14":0.3241677252,"data_set_value_component_TF_I_variable_J_ifi":2.0,"data_set_value_component_TF_I_variable_J_afi":1.0,"data_set_value_component_TF_I_variable_A1":1.9450063514,"data_set_value_component_TF_I_variable_A2":0.008296394,"data_set_value_component_TF_I_variable_A3":1.0,"data_set_value_component_TF_I_variable_A4":2.0,"data_set_value_component_V_si_variable_V_si":0.1977439501,"data_set_value_component_V_di_variable_V_di":0.0604907739,"data_set_value_component_preMPF_variable_preMPF":0.0179562407,"data_set_value_component_Tri_B_variable_Tri_B":0.0716106373,"data_set_value_component_CKI_variable_CKI":0.1625094822,"data_set_value_component_TF_B_variable_TF_B":0.0037252225,"data_set_value_component_TF_B_variable_J_ifb":0.1,"data_set_value_component_TF_B_variable_J_afb":0.1,"data_set_value_component_TF_B_variable_A1":0.0059278797,"data_set_value_component_TF_B_variable_A2":0.15,"data_set_value_component_TF_B_variable_A3":0.1,"data_set_value_component_TF_B_variable_A4":0.1,"data_set_value_component_V_sb_variable_V_sb":0.0041490089,"data_set_value_component_V_db_variable_V_db":0.4102070205,"data_set_value_component_Wee1_variable_Wee1":0.9990410647,"data_set_value_component_Wee1_variable_J_iwee":0.05,"data_set_value_component_Wee1_variable_J_awee":0.05,"data_set_value_component_Wee1_variable_A1":0.3,"data_set_value_component_Wee1_variable_A2":0.0059278797,"data_set_value_component_Wee1_variable_A3":0.05,"data_set_value_component_Wee1_variable_A4":0.05,"data_set_value_component_V_wee_variable_V_wee":0.2198082129,"data_set_value_component_Cdc25_variable_Cdc25":0.0,"data_set_value_component_Cdc25_variable_J_i25":0.1,"data_set_value_component_Cdc25_variable_J_a25":0.1,"data_set_value_component_Cdc25_variable_A1":0.0,"data_set_value_component_Cdc25_variable_A2":0.3,"data_set_value_component_Cdc25_variable_A3":0.1,"data_set_value_component_Cdc25_variable_A4":0.1,"data_set_value_component_V_25_variable_V_25":0.01,"data_set_value_component_kinetic_parameters_variable_k_25p":0.01,"data_set_value_component_kinetic_parameters_variable_k_25pp":5.0,"data_set_value_component_kinetic_parameters_variable_J_14di":12.0,"data_set_value_component_kinetic_parameters_variable_k_a20":1.0,"data_set_value_component_kinetic_parameters_variable_k_a25":0.0,"data_set_value_component_kinetic_parameters_variable_k_afb":1.0,"data_set_value_component_kinetic_parameters_variable_k_afi":6.0,"data_set_value_component_kinetic_parameters_variable_k_ah1p":0.02,"data_set_value_component_kinetic_parameters_variable_k_ah1pp":0.8,"data_set_value_component_kinetic_parameters_variable_k_aAPC":0.1,"data_set_value_component_kinetic_parameters_variable_k_asa":50.0,"data_set_value_component_kinetic_parameters_variable_k_asb":60.0,"data_set_value_component_kinetic_parameters_variable_k_ase":0.0,"data_set_value_component_kinetic_parameters_variable_k_atfp":0.0,"data_set_value_component_kinetic_parameters_variable_k_atfpp":1.5,"data_set_value_component_kinetic_parameters_variable_k_atfpppp":3.0,"data_set_value_component_kinetic_parameters_variable_k_atfppp":0.38,"data_set_value_component_kinetic_parameters_variable_k_aweep":0.3,"data_set_value_component_kinetic_parameters_variable_k_aweepp":0.0,"data_set_value_component_kinetic_parameters_variable_k_d20":0.05,"data_set_value_component_kinetic_parameters_variable_k_dap":0.01,"data_set_value_component_kinetic_parameters_variable_k_dapp":0.16,"data_set_value_component_kinetic_parameters_variable_k_dappp":0.0,"data_set_value_component_kinetic_parameters_variable_k_dbp":0.003,"data_set_value_component_kinetic_parameters_variable_k_dbpp":0.4,"data_set_value_component_kinetic_parameters_variable_k_dbppp":0.15,"data_set_value_component_kinetic_parameters_variable_k_dep":0.12,"data_set_value_component_kinetic_parameters_variable_k_deppp":0.0,"data_set_value_component_kinetic_parameters_variable_k_depppp":0.0,"data_set_value_component_kinetic_parameters_variable_k_depp":0.0,"data_set_value_component_kinetic_parameters_variable_k_dip":0.02,"data_set_value_component_kinetic_parameters_variable_k_dipp":0.1,"data_set_value_component_kinetic_parameters_variable_k_dippp":0.8,"data_set_value_component_kinetic_parameters_variable_k_dippppp":0.1,"data_set_value_component_kinetic_parameters_variable_k_dipppp":0.12,"data_set_value_component_kinetic_parameters_variable_k_die":0.0,"data_set_value_component_kinetic_parameters_variable_k_dib":0.05,"data_set_value_component_kinetic_parameters_variable_k_dia":0.06,"data_set_value_component_kinetic_parameters_variable_k_i20":0.16,"data_set_value_component_kinetic_parameters_variable_k_i25p":0.3,"data_set_value_component_kinetic_parameters_variable_k_i25pp":0.0,"data_set_value_component_kinetic_parameters_variable_k_itfp":0.75,"data_set_value_component_kinetic_parameters_variable_k_itfppp":0.0,"data_set_value_component_kinetic_parameters_variable_k_itfpp":8.0,"data_set_value_component_kinetic_parameters_variable_k_ifb":0.15,"data_set_value_component_kinetic_parameters_variable_k_ifip":0.008,"data_set_value_component_kinetic_parameters_variable_k_ifipp":0.05,"data_set_value_component_kinetic_parameters_variable_k_ih1p":0.001,"data_set_value_component_kinetic_parameters_variable_k_ih1pp":0.35,"data_set_value_component_kinetic_parameters_variable_k_ih1ppp":0.1,"data_set_value_component_kinetic_parameters_variable_k_ih1ppppp":0.005,"data_set_value_component_kinetic_parameters_variable_k_ih1pppp":0.06,"data_set_value_component_kinetic_parameters_variable_k_iAPC":0.15,"data_set_value_component_kinetic_parameters_variable_k_s20p":0.001,"data_set_value_component_kinetic_parameters_variable_k_s20pp":1.0,"data_set_value_component_kinetic_parameters_variable_k_sbp":0.004,"data_set_value_component_kinetic_parameters_variable_k_sbpp":0.04,"data_set_value_component_kinetic_parameters_variable_k_sip":0.018,"data_set_value_component_kinetic_parameters_variable_k_sipp":0.18,"data_set_value_component_kinetic_parameters_variable_k_iwee":1.0,"data_set_value_component_kinetic_parameters_variable_k_weep":0.02,"data_set_value_component_kinetic_parameters_variable_k_weepp":0.2,"data_set_value_component_kinetic_parameters_variable_k_sap":0.0015,"data_set_value_component_kinetic_parameters_variable_k_sapp":0.01,"data_set_value_component_kinetic_parameters_variable_k_sep":0.0,"data_set_value_component_kinetic_parameters_variable_k_sepp":0.15},{"data_set_value_component_environment_variable_time":0.9,"data_set_value_component_actCycA_variable_actCycA":0.0054722033,"data_set_value_component_actCycB_variable_actCycB":0.0036380594,"data_set_value_component_actCycE_variable_actCycE":0.1814920576,"data_set_value_component_CycA_variable_CycA":0.0910971127,"data_set_value_component_CycB_variable_CycB":0.0738555576,"data_set_value_component_CycE_variable_CycE":0.0869245058,"data_set_value_component_CycD_variable_CycD":0.1452861176,"data_set_value_component_CycD_variable_CycD_0":0.108,"data_set_value_component_Cdc20_A_variable_Cdc20_A":0.3197000935,"data_set_value_component_Cdc20_A_variable_J_a20":1.0,"data_set_value_component_Cdc20_A_variable_J_i20":1.0,"data_set_value_component_Cdc20_T_variable_Cdc20_T":0.7403510547,"data_set_value_component_Cdc20_T_variable_n":1.0,"data_set_value_component_Cdc20_T_variable_J_20":10.0,"data_set_value_component_APCP_variable_APCP":0.0331987005,"data_set_value_component_APCP_variable_J_aAPC":0.1,"data_set_value_component_APCP_variable_J_iAPC":0.1,"data_set_value_component_Tri_A_variable_Tri_A":0.0856249094,"data_set_value_component_Tri_E_variable_Tri_E":-0.0945675518,"data_set_value_component_freeCKI_variable_freeCKI":0.1196543128,"data_set_value_component_Cdh1_variable_Cdh1":0.915966405,"data_set_value_component_Cdh1_variable_J_ah1":0.03,"data_set_value_component_Cdh1_variable_J_ih1":0.03,"data_set_value_component_mass_variable_mass":1.3452418299,"data_set_value_component_mass_variable_mu":0.005776,"data_set_value_component_mass_variable_maxmass":10000.0,"data_set_value_component_V_atf_variable_V_atf":0.5130336397,"data_set_value_component_TF_E_variable_TF_E":0.0187231355,"data_set_value_component_TF_E_variable_J_itf":0.01,"data_set_value_component_TF_E_variable_J_atf":0.01,"data_set_value_component_TF_E_variable_A1":0.5130336397,"data_set_value_component_TF_E_variable_A2":0.7791044749,"data_set_value_component_TF_E_variable_A3":0.01,"data_set_value_component_TF_E_variable_A4":0.01,"data_set_value_component_V_de_variable_V_de":0.12,"data_set_value_component_V_da_variable_V_da":0.061152015,"data_set_value_component_TF_I_variable_TF_I":0.9985775266,"data_set_value_component_TF_I_variable_Cdc14":0.3197000935,"data_set_value_component_TF_I_variable_J_ifi":2.0,"data_set_value_component_TF_I_variable_J_afi":1.0,"data_set_value_component_TF_I_variable_A1":1.9182005609,"data_set_value_component_TF_I_variable_A2":0.008181903,"data_set_value_component_TF_I_variable_A3":1.0,"data_set_value_component_TF_I_variable_A4":2.0,"data_set_value_component_V_si_variable_V_si":0.1977439548,"data_set_value_component_V_di_variable_V_di":0.0582143975,"data_set_value_component_preMPF_variable_preMPF":0.018436164,"data_set_value_component_Tri_B_variable_Tri_B":0.070553808,"data_set_value_component_CKI_variable_CKI":0.1812654784,"data_set_value_component_TF_B_variable_TF_B":0.0022541223,"data_set_value_component_TF_B_variable_J_ifb":0.1,"data_set_value_component_TF_B_variable_J_afb":0.1,"data_set_value_component_TF_B_variable_A1":0.0036380594,"data_set_value_component_TF_B_variable_A2":0.15,"data_set_value_component_TF_B_variable_A3":0.1,"data_set_value_component_TF_B_variable_A4":0.1,"data_set_value_component_V_sb_variable_V_sb":0.0040901649,"data_set_value_component_V_db_variable_V_db":0.417341576,"data_set_value_component_Wee1_variable_Wee1":0.9994157994,"data_set_value_component_Wee1_variable_J_iwee":0.05,"data_set_value_component_Wee1_variable_J_awee":0.05,"data_set_value_component_Wee1_variable_A1":0.3,"data_set_value_component_Wee1_variable_A2":0.0036380594,"data_set_value_component_Wee1_variable_A3":0.05,"data_set_value_component_Wee1_variable_A4":0.05,"data_set_value_component_V_wee_variable_V_wee":0.2198831599,"data_set_value_component_Cdc25_variable_Cdc25":0.0,"data_set_value_component_Cdc25_variable_J_i25":0.1,"data_set_value_component_Cdc25_variable_J_a25":0.1,"data_set_value_component_Cdc25_variable_A1":0.0,"data_set_value_component_Cdc25_variable_A2":0.3,"data_set_value_component_Cdc25_variable_A3":0.1,"data_set_value_component_Cdc25_variable_A4":0.1,"data_set_value_component_V_25_variable_V_25":0.01,"data_set_value_component_kinetic_parameters_variable_k_25p":0.01,"data_set_value_component_kinetic_parameters_variable_k_25pp":5.0,"data_set_value_component_kinetic_parameters_variable_J_14di":12.0,"data_set_value_component_kinetic_parameters_variable_k_a20":1.0,"data_set_value_component_kinetic_parameters_variable_k_a25":0.0,"data_set_value_component_kinetic_parameters_variable_k_afb":1.0,"data_set_value_component_kinetic_parameters_variable_k_afi":6.0,"data_set_value_component_kinetic_parameters_variable_k_ah1p":0.02,"data_set_value_component_kinetic_parameters_variable_k_ah1pp":0.8,"data_set_value_component_kinetic_parameters_variable_k_aAPC":0.1,"data_set_value_component_kinetic_parameters_variable_k_asa":50.0,"data_set_value_component_kinetic_parameters_variable_k_asb":60.0,"data_set_value_component_kinetic_parameters_variable_k_ase":0.0,"data_set_value_component_kinetic_parameters_variable_k_atfp":0.0,"data_set_value_component_kinetic_parameters_variable_k_atfpp":1.5,"data_set_value_component_kinetic_parameters_variable_k_atfpppp":3.0,"data_set_value_component_kinetic_parameters_variable_k_atfppp":0.38,"data_set_value_component_kinetic_parameters_variable_k_aweep":0.3,"data_set_value_component_kinetic_parameters_variable_k_aweepp":0.0,"data_set_value_component_kinetic_parameters_variable_k_d20":0.05,"data_set_value_component_kinetic_parameters_variable_k_dap":0.01,"data_set_value_component_kinetic_parameters_variable_k_dapp":0.16,"data_set_value_component_kinetic_parameters_variable_k_dappp":0.0,"data_set_value_component_kinetic_parameters_variable_k_dbp":0.003,"data_set_value_component_kinetic_parameters_variable_k_dbpp":0.4,"data_set_value_component_kinetic_parameters_variable_k_dbppp":0.15,"data_set_value_component_kinetic_parameters_variable_k_dep":0.12,"data_set_value_component_kinetic_parameters_variable_k_deppp":0.0,"data_set_value_component_kinetic_parameters_variable_k_depppp":0.0,"data_set_value_component_kinetic_parameters_variable_k_depp":0.0,"data_set_value_component_kinetic_parameters_variable_k_dip":0.02,"data_set_value_component_kinetic_parameters_variable_k_dipp":0.1,"data_set_value_component_kinetic_parameters_variable_k_dippp":0.8,"data_set_value_component_kinetic_parameters_variable_k_dippppp":0.1,"data_set_value_component_kinetic_parameters_variable_k_dipppp":0.12,"data_set_value_component_kinetic_parameters_variable_k_die":0.0,"data_set_value_component_kinetic_parameters_variable_k_dib":0.05,"data_set_value_component_kinetic_parameters_variable_k_dia":0.06,"data_set_value_component_kinetic_parameters_variable_k_i20":0.16,"data_set_value_component_kinetic_parameters_variable_k_i25p":0.3,"data_set_value_component_kinetic_parameters_variable_k_i25pp":0.0,"data_set_value_component_kinetic_parameters_variable_k_itfp":0.75,"data_set_value_component_kinetic_parameters_variable_k_itfppp":0.0,"data_set_value_component_kinetic_parameters_variable_k_itfpp":8.0,"data_set_value_component_kinetic_parameters_variable_k_ifb":0.15,"data_set_value_component_kinetic_parameters_variable_k_ifip":0.008,"data_set_value_component_kinetic_parameters_variable_k_ifipp":0.05,"data_set_value_component_kinetic_parameters_variable_k_ih1p":0.001,"data_set_value_component_kinetic_parameters_variable_k_ih1pp":0.35,"data_set_value_component_kinetic_parameters_variable_k_ih1ppp":0.1,"data_set_value_component_kinetic_parameters_variable_k_ih1ppppp":0.005,"data_set_value_component_kinetic_parameters_variable_k_ih1pppp":0.06,"data_set_value_component_kinetic_parameters_variable_k_iAPC":0.15,"data_set_value_component_kinetic_parameters_variable_k_s20p":0.001,"data_set_value_component_kinetic_parameters_variable_k_s20pp":1.0,"data_set_value_component_kinetic_parameters_variable_k_sbp":0.004,"data_set_value_component_kinetic_parameters_variable_k_sbpp":0.04,"data_set_value_component_kinetic_parameters_variable_k_sip":0.018,"data_set_value_component_kinetic_parameters_variable_k_sipp":0.18,"data_set_value_component_kinetic_parameters_variable_k_iwee":1.0,"data_set_value_component_kinetic_parameters_variable_k_weep":0.02,"data_set_value_component_kinetic_parameters_variable_k_weepp":0.2,"data_set_value_component_kinetic_parameters_variable_k_sap":0.0015,"data_set_value_component_kinetic_parameters_variable_k_sapp":0.01,"data_set_value_component_kinetic_parameters_variable_k_sep":0.0,"data_set_value_component_kinetic_parameters_variable_k_sepp":0.15},{"data_set_value_component_environment_variable_time":1.0,"data_set_value_component_actCycA_variable_actCycA":0.0037736293,"data_set_value_component_actCycB_variable_actCycB":0.0023177993,"data_set_value_component_actCycE_variable_actCycE":0.1791722201,"data_set_value_component_CycA_variable_CycA":0.0907716564,"data_set_value_component_CycB_variable_CycB":0.0713495491,"data_set_value_component_CycE_variable_CycE":0.0862678799,"data_set_value_component_CycD_variable_CycD":0.1453700478,"data_set_value_component_CycD_variable_CycD_0":0.108,"data_set_value_component_Cdc20_A_variable_Cdc20_A":0.3151878278,"data_set_value_component_Cdc20_A_variable_J_a20":1.0,"data_set_value_component_Cdc20_A_variable_J_i20":1.0,"data_set_value_component_Cdc20_T_variable_Cdc20_T":0.7366975689,"data_set_value_component_Cdc20_T_variable_n":1.0,"data_set_value_component_Cdc20_T_variable_J_20":10.0,"data_set_value_component_APCP_variable_APCP":0.029641735,"data_set_value_component_APCP_variable_J_aAPC":0.1,"data_set_value_component_APCP_variable_J_iAPC":0.1,"data_set_value_component_Tri_A_variable_Tri_A":0.0869980271,"data_set_value_component_Tri_E_variable_Tri_E":-0.0929043402,"data_set_value_component_freeCKI_variable_freeCKI":0.1368493898,"data_set_value_component_Cdh1_variable_Cdh1":0.9341062502,"data_set_value_component_Cdh1_variable_J_ah1":0.03,"data_set_value_component_Cdh1_variable_J_ih1":0.03,"data_set_value_component_mass_variable_mass":1.3460189614,"data_set_value_component_mass_variable_mu":0.005776,"data_set_value_component_mass_variable_maxmass":10000.0,"data_set_value_component_V_atf_variable_V_atf":0.5098560311,"data_set_value_component_TF_E_variable_TF_E":0.0191300024,"data_set_value_component_TF_E_variable_J_itf":0.01,"data_set_value_component_TF_E_variable_J_atf":0.01,"data_set_value_component_TF_E_variable_A1":0.5098560311,"data_set_value_component_TF_E_variable_A2":0.7685423943,"data_set_value_component_TF_E_variable_A3":0.01,"data_set_value_component_TF_E_variable_A4":0.01,"data_set_value_component_V_de_variable_V_de":0.12,"data_set_value_component_V_da_variable_V_da":0.0604300525,"data_set_value_component_TF_I_variable_TF_I":0.9985687992,"data_set_value_component_TF_I_variable_Cdc14":0.3151878278,"data_set_value_component_TF_I_variable_J_ifi":2.0,"data_set_value_component_TF_I_variable_J_afi":1.0,"data_set_value_component_TF_I_variable_A1":1.8911269669,"data_set_value_component_TF_I_variable_A2":0.00811589,"data_set_value_component_TF_I_variable_A3":1.0,"data_set_value_component_TF_I_variable_A4":2.0,"data_set_value_component_V_si_variable_V_si":0.1977423839,"data_set_value_component_V_di_variable_V_di":0.0567779633,"data_set_value_component_preMPF_variable_preMPF":0.018820193,"data_set_value_component_Tri_B_variable_Tri_B":0.0690020656,"data_set_value_component_CKI_variable_CKI":0.1999451423,"data_set_value_component_TF_B_variable_TF_B":0.0014245532,"data_set_value_component_TF_B_variable_J_ifb":0.1,"data_set_value_component_TF_B_variable_J_afb":0.1,"data_set_value_component_TF_B_variable_A1":0.0023177993,"data_set_value_component_TF_B_variable_A2":0.15,"data_set_value_component_TF_B_variable_A3":0.1,"data_set_value_component_TF_B_variable_A4":0.1,"data_set_value_component_V_sb_variable_V_sb":0.0040569821,"data_set_value_component_V_db_variable_V_db":0.4239206742,"data_set_value_component_Wee1_variable_Wee1":0.9996293748,"data_set_value_component_Wee1_variable_J_iwee":0.05,"data_set_value_component_Wee1_variable_J_awee":0.05,"data_set_value_component_Wee1_variable_A1":0.3,"data_set_value_component_Wee1_variable_A2":0.0023177993,"data_set_value_component_Wee1_variable_A3":0.05,"data_set_value_component_Wee1_variable_A4":0.05,"data_set_value_component_V_wee_variable_V_wee":0.219925875,"data_set_value_component_Cdc25_variable_Cdc25":0.0,"data_set_value_component_Cdc25_variable_J_i25":0.1,"data_set_value_component_Cdc25_variable_J_a25":0.1,"data_set_value_component_Cdc25_variable_A1":0.0,"data_set_value_component_Cdc25_variable_A2":0.3,"data_set_value_component_Cdc25_variable_A3":0.1,"data_set_value_component_Cdc25_variable_A4":0.1,"data_set_value_component_V_25_variable_V_25":0.01,"data_set_value_component_kinetic_parameters_variable_k_25p":0.01,"data_set_value_component_kinetic_parameters_variable_k_25pp":5.0,"data_set_value_component_kinetic_parameters_variable_J_14di":12.0,"data_set_value_component_kinetic_parameters_variable_k_a20":1.0,"data_set_value_component_kinetic_parameters_variable_k_a25":0.0,"data_set_value_component_kinetic_parameters_variable_k_afb":1.0,"data_set_value_component_kinetic_parameters_variable_k_afi":6.0,"data_set_value_component_kinetic_parameters_variable_k_ah1p":0.02,"data_set_value_component_kinetic_parameters_variable_k_ah1pp":0.8,"data_set_value_component_kinetic_parameters_variable_k_aAPC":0.1,"data_set_value_component_kinetic_parameters_variable_k_asa":50.0,"data_set_value_component_kinetic_parameters_variable_k_asb":60.0,"data_set_value_component_kinetic_parameters_variable_k_ase":0.0,"data_set_value_component_kinetic_parameters_variable_k_atfp":0.0,"data_set_value_component_kinetic_parameters_variable_k_atfpp":1.5,"data_set_value_component_kinetic_parameters_variable_k_atfpppp":3.0,"data_set_value_component_kinetic_parameters_variable_k_atfppp":0.38,"data_set_value_component_kinetic_parameters_variable_k_aweep":0.3,"data_set_value_component_kinetic_parameters_variable_k_aweepp":0.0,"data_set_value_component_kinetic_parameters_variable_k_d20":0.05,"data_set_value_component_kinetic_parameters_variable_k_dap":0.01,"data_set_value_component_kinetic_parameters_variable_k_dapp":0.16,"data_set_value_component_kinetic_parameters_variable_k_dappp":0.0,"data_set_value_component_kinetic_parameters_variable_k_dbp":0.003,"data_set_value_component_kinetic_parameters_variable_k_dbpp":0.4,"data_set_value_component_kinetic_parameters_variable_k_dbppp":0.15,"data_set_value_component_kinetic_parameters_variable_k_dep":0.12,"data_set_value_component_kinetic_parameters_variable_k_deppp":0.0,"data_set_value_component_kinetic_parameters_variable_k_depppp":0.0,"data_set_value_component_kinetic_parameters_variable_k_depp":0.0,"data_set_value_component_kinetic_parameters_variable_k_dip":0.02,"data_set_value_component_kinetic_parameters_variable_k_dipp":0.1,"data_set_value_component_kinetic_parameters_variable_k_dippp":0.8,"data_set_value_component_kinetic_parameters_variable_k_dippppp":0.1,"data_set_value_component_kinetic_parameters_variable_k_dipppp":0.12,"data_set_value_component_kinetic_parameters_variable_k_die":0.0,"data_set_value_component_kinetic_parameters_variable_k_dib":0.05,"data_set_value_component_kinetic_parameters_variable_k_dia":0.06,"data_set_value_component_kinetic_parameters_variable_k_i20":0.16,"data_set_value_component_kinetic_parameters_variable_k_i25p":0.3,"data_set_value_component_kinetic_parameters_variable_k_i25pp":0.0,"data_set_value_component_kinetic_parameters_variable_k_itfp":0.75,"data_set_value_component_kinetic_parameters_variable_k_itfppp":0.0,"data_set_value_component_kinetic_parameters_variable_k_itfpp":8.0,"data_set_value_component_kinetic_parameters_variable_k_ifb":0.15,"data_set_value_component_kinetic_parameters_variable_k_ifip":0.008,"data_set_value_component_kinetic_parameters_variable_k_ifipp":0.05,"data_set_value_component_kinetic_parameters_variable_k_ih1p":0.001,"data_set_value_component_kinetic_parameters_variable_k_ih1pp":0.35,"data_set_value_component_kinetic_parameters_variable_k_ih1ppp":0.1,"data_set_value_component_kinetic_parameters_variable_k_ih1ppppp":0.005,"data_set_value_component_kinetic_parameters_variable_k_ih1pppp":0.06,"data_set_value_component_kinetic_parameters_variable_k_iAPC":0.15,"data_set_value_component_kinetic_parameters_variable_k_s20p":0.001,"data_set_value_component_kinetic_parameters_variable_k_s20pp":1.0,"data_set_value_component_kinetic_parameters_variable_k_sbp":0.004,"data_set_value_component_kinetic_parameters_variable_k_sbpp":0.04,"data_set_value_component_kinetic_parameters_variable_k_sip":0.018,"data_set_value_component_kinetic_parameters_variable_k_sipp":0.18,"data_set_value_component_kinetic_parameters_variable_k_iwee":1.0,"data_set_value_component_kinetic_parameters_variable_k_weep":0.02,"data_set_value_component_kinetic_parameters_variable_k_weepp":0.2,"data_set_value_component_kinetic_parameters_variable_k_sap":0.0015,"data_set_value_component_kinetic_parameters_variable_k_sapp":0.01,"data_set_value_component_kinetic_parameters_variable_k_sep":0.0,"data_set_value_component_kinetic_parameters_variable_k_sepp":0.15}]