<?xml version="1.0"?>
<rdf:RDF xmlns:rdf="http://www.w3.org/1999/02/22-rdf-syntax-ns#"><rdf:Description rdf:nodeID="n1"><colour xmlns="http://www.cellml.org/metadata/graphs/1.0#" xml:lang="en">#b2dace</colour><variable xmlns="http://www.cellml.org/metadata/graphs/1.0#y-"><rdf:Description rdf:nodeID="n2"/></variable><variable xmlns="http://www.cellml.org/metadata/graphs/1.0#x-"><rdf:Description rdf:nodeID="n3"/></variable><type xmlns="http://www.cellml.org/metadata/graphs/1.0#"><rdf:Description rdf:about="http://www.cellml.org/metadata/graphs/1.0#line"/></type></rdf:Description><rdf:Description rdf:nodeID="n4"><rdf:first><rdf:Description rdf:nodeID="n5"/></rdf:first></rdf:Description><rdf:Description rdf:nodeID="n6"><rdf:rest><rdf:Description rdf:about="http://www.w3.org/1999/02/22-rdf-syntax-ns#nil"/></rdf:rest><rdf:first><rdf:Description rdf:nodeID="n7"/></rdf:first></rdf:Description><rdf:Description rdf:about="http://www.cellml.org/tools/pcenv/splitter/graph_key_graph2"><splitterState_nextHeight xmlns="http://www.cellml.org/tools/pcenv/" xml:lang="en">0</splitterState_nextHeight><splitterState_collapsedAfter xmlns="http://www.cellml.org/tools/pcenv/" xml:lang="en">true</splitterState_collapsedAfter></rdf:Description><rdf:Description rdf:nodeID="n8"><rdf:rest><rdf:Description rdf:nodeID="n9"/></rdf:rest><rdf:first><rdf:Description rdf:nodeID="n10"/></rdf:first></rdf:Description><rdf:Description rdf:nodeID="n11"><variable xmlns="http://www.cellml.org/metadata/graphs/1.0#"><rdf:Description rdf:about="proctor_soti_boys_gillespie_shanley_wilkinson_kirkwood_2005.cellml#environment_time"/></variable></rdf:Description><rdf:Description rdf:about="http://www.cellml.org/tools/pcenv/splitter/intergraph2"><splitterState_collapsedAfter xmlns="http://www.cellml.org/tools/pcenv/" xml:lang="en">true</splitterState_collapsedAfter></rdf:Description><rdf:Description rdf:nodeID="n12"><colour xmlns="http://www.cellml.org/metadata/graphs/1.0#" xml:lang="en">#099999</colour><variable xmlns="http://www.cellml.org/metadata/graphs/1.0#y-"><rdf:Description rdf:nodeID="n13"/></variable><variable xmlns="http://www.cellml.org/metadata/graphs/1.0#x-"><rdf:Description rdf:nodeID="n14"/></variable><type xmlns="http://www.cellml.org/metadata/graphs/1.0#"><rdf:Description rdf:about="http://www.cellml.org/metadata/graphs/1.0#line"/></type></rdf:Description><rdf:Description rdf:nodeID="n15"><rdf:first><rdf:Description rdf:nodeID="n16"/></rdf:first></rdf:Description><rdf:Description rdf:nodeID="n17"><variable xmlns="http://www.cellml.org/metadata/graphs/1.0#"><rdf:Description rdf:about="proctor_soti_boys_gillespie_shanley_wilkinson_kirkwood_2005.cellml#environment_time"/></variable></rdf:Description><rdf:Description rdf:about="http://www.cellml.org/tools/opencell/displayGraphs"><rdf:first><rdf:Description rdf:nodeID="n18"/></rdf:first></rdf:Description><rdf:Description rdf:nodeID="n19"><variable xmlns="http://www.cellml.org/metadata/graphs/1.0#"><rdf:Description rdf:about="proctor_soti_boys_gillespie_shanley_wilkinson_kirkwood_2005.cellml#ATP_ATP"/></variable></rdf:Description><rdf:Description rdf:nodeID="n20"><variable xmlns="http://www.cellml.org/metadata/graphs/1.0#"><rdf:Description rdf:about="proctor_soti_boys_gillespie_shanley_wilkinson_kirkwood_2005.cellml#environment_time"/></variable></rdf:Description><rdf:Description rdf:nodeID="n7"><colour xmlns="http://www.cellml.org/metadata/graphs/1.0#" xml:lang="en">#d20497</colour><variable xmlns="http://www.cellml.org/metadata/graphs/1.0#y-"><rdf:Description rdf:nodeID="n21"/></variable><variable xmlns="http://www.cellml.org/metadata/graphs/1.0#x-"><rdf:Description rdf:nodeID="n22"/></variable><type xmlns="http://www.cellml.org/metadata/graphs/1.0#"><rdf:Description rdf:about="http://www.cellml.org/metadata/graphs/1.0#line"/></type></rdf:Description><rdf:Description rdf:about="http://www.cellml.org/tools/opencell/splitter/graph_sel_graph1"><activegraph xmlns="http://www.cellml.org/tools/opencell/"><rdf:Description rdf:nodeID="n23"/></activegraph></rdf:Description><rdf:Description rdf:nodeID="n24"><scaling xmlns="http://www.cellml.org/metadata/graphs/1.0#y-"><rdf:Description rdf:about="http://www.cellml.org/metadata/graphs/1.0#identity"/></scaling><scaling xmlns="http://www.cellml.org/metadata/graphs/1.0#x-"><rdf:Description rdf:about="http://www.cellml.org/metadata/graphs/1.0#identity"/></scaling><decoration xmlns="http://www.cellml.org/metadata/graphs/1.0#"><rdf:Description rdf:about="http://www.cellml.org/metadata/graphs/1.0#none"/></decoration><traces xmlns="http://www.cellml.org/metadata/graphs/1.0#"><rdf:Description rdf:nodeID="n4"/></traces><graphname xmlns="http://www.cellml.org/tools/pcenv/" xml:lang="en">Untitled</graphname><graphname xmlns="http://www.cellml.org/tools/opencell/" xml:lang="en">Untitled</graphname></rdf:Description><rdf:Description rdf:nodeID="n25"><colour xmlns="http://www.cellml.org/metadata/graphs/1.0#" xml:lang="en">#099999</colour><variable xmlns="http://www.cellml.org/metadata/graphs/1.0#y-"><rdf:Description rdf:nodeID="n19"/></variable><variable xmlns="http://www.cellml.org/metadata/graphs/1.0#x-"><rdf:Description rdf:nodeID="n17"/></variable><type xmlns="http://www.cellml.org/metadata/graphs/1.0#"><rdf:Description rdf:about="http://www.cellml.org/metadata/graphs/1.0#line"/></type></rdf:Description><rdf:Description rdf:about="http://www.cellml.org/tools/opencell/splitter/intergraph2"><splitterState_collapsedAfter xmlns="http://www.cellml.org/tools/opencell/" xml:lang="en">true</splitterState_collapsedAfter></rdf:Description><rdf:Description rdf:nodeID="n26"><variable xmlns="http://www.cellml.org/metadata/graphs/1.0#"><rdf:Description rdf:about="proctor_soti_boys_gillespie_shanley_wilkinson_kirkwood_2005.cellml#DiH_DiH"/></variable></rdf:Description><rdf:Description rdf:nodeID="n27"><colour xmlns="http://www.cellml.org/metadata/graphs/1.0#" xml:lang="en">#208a2a</colour><variable xmlns="http://www.cellml.org/metadata/graphs/1.0#y-"><rdf:Description rdf:nodeID="n28"/></variable><variable xmlns="http://www.cellml.org/metadata/graphs/1.0#x-"><rdf:Description rdf:nodeID="n20"/></variable><type xmlns="http://www.cellml.org/metadata/graphs/1.0#"><rdf:Description rdf:about="http://www.cellml.org/metadata/graphs/1.0#line"/></type></rdf:Description><rdf:Description rdf:nodeID="n29"><colour xmlns="http://www.cellml.org/metadata/graphs/1.0#" xml:lang="en">#ca78de</colour><variable xmlns="http://www.cellml.org/metadata/graphs/1.0#y-"><rdf:Description rdf:nodeID="n30"/></variable><variable xmlns="http://www.cellml.org/metadata/graphs/1.0#x-"><rdf:Description rdf:nodeID="n11"/></variable><type xmlns="http://www.cellml.org/metadata/graphs/1.0#"><rdf:Description rdf:about="http://www.cellml.org/metadata/graphs/1.0#line"/></type></rdf:Description><rdf:Description rdf:nodeID="n31"><variable xmlns="http://www.cellml.org/metadata/graphs/1.0#"><rdf:Description rdf:about="proctor_soti_boys_gillespie_shanley_wilkinson_kirkwood_2005.cellml#TriH_TriH"/></variable></rdf:Description><rdf:Description rdf:nodeID="n28"><variable xmlns="http://www.cellml.org/metadata/graphs/1.0#"><rdf:Description rdf:about="proctor_soti_boys_gillespie_shanley_wilkinson_kirkwood_2005.cellml#HSF1_HSF1"/></variable></rdf:Description><rdf:Description rdf:about="http://www.cellml.org/tools/opencell/splitter/graph_sel_graph2"><activegraph xmlns="http://www.cellml.org/tools/opencell/"><rdf:Description rdf:nodeID="n32"/></activegraph></rdf:Description><rdf:Description rdf:nodeID="n33"><rdf:first><rdf:Description rdf:nodeID="n34"/></rdf:first></rdf:Description><rdf:Description rdf:nodeID="n23"><scaling xmlns="http://www.cellml.org/metadata/graphs/1.0#y-"><rdf:Description rdf:about="http://www.cellml.org/metadata/graphs/1.0#identity"/></scaling><scaling xmlns="http://www.cellml.org/metadata/graphs/1.0#x-"><rdf:Description rdf:about="http://www.cellml.org/metadata/graphs/1.0#identity"/></scaling><decoration xmlns="http://www.cellml.org/metadata/graphs/1.0#"><rdf:Description rdf:about="http://www.cellml.org/metadata/graphs/1.0#none"/></decoration><traces xmlns="http://www.cellml.org/metadata/graphs/1.0#"><rdf:Description rdf:nodeID="n33"/></traces><graphname xmlns="http://www.cellml.org/tools/pcenv/" xml:lang="en">Traces: Clickable Elements against Time (s)</graphname><graphname xmlns="http://www.cellml.org/tools/opencell/" xml:lang="en">Traces: Clickable Elements against Time (s)</graphname></rdf:Description><rdf:Description rdf:nodeID="n35"><rdf:rest><rdf:Description rdf:nodeID="n36"/></rdf:rest><rdf:first><rdf:Description rdf:nodeID="n29"/></rdf:first></rdf:Description><rdf:Description rdf:nodeID="n37"><colour xmlns="http://www.cellml.org/metadata/graphs/1.0#" xml:lang="en">#099999</colour><variable xmlns="http://www.cellml.org/metadata/graphs/1.0#y-"><rdf:Description rdf:nodeID="n38"/></variable><variable xmlns="http://www.cellml.org/metadata/graphs/1.0#x-"><rdf:Description rdf:nodeID="n39"/></variable><type xmlns="http://www.cellml.org/metadata/graphs/1.0#"><rdf:Description rdf:about="http://www.cellml.org/metadata/graphs/1.0#line"/></type></rdf:Description><rdf:Description rdf:nodeID="n40"><variable xmlns="http://www.cellml.org/metadata/graphs/1.0#"><rdf:Description rdf:about="proctor_soti_boys_gillespie_shanley_wilkinson_kirkwood_2005.cellml#HSE_TriH_HSE_TriH"/></variable></rdf:Description><rdf:Description rdf:nodeID="n3"><variable xmlns="http://www.cellml.org/metadata/graphs/1.0#"><rdf:Description rdf:about="proctor_soti_boys_gillespie_shanley_wilkinson_kirkwood_2005.cellml#environment_time"/></variable></rdf:Description><rdf:Description rdf:about="http://www.cellml.org/tools/pcenv/splitter/graph_sel_graph1"><activegraph xmlns="http://www.cellml.org/tools/pcenv/"><rdf:Description rdf:nodeID="n23"/></activegraph></rdf:Description><rdf:Description rdf:nodeID="n41"><variable xmlns="http://www.cellml.org/metadata/graphs/1.0#"><rdf:Description rdf:about="proctor_soti_boys_gillespie_shanley_wilkinson_kirkwood_2005.cellml#HSE_HSE"/></variable></rdf:Description><rdf:Description rdf:about="http://www.cellml.org/tools/opencell/splitter/graph_key_graph1"><splitterState_nextHeight xmlns="http://www.cellml.org/tools/opencell/" xml:lang="en">0</splitterState_nextHeight><splitterState_collapsedAfter xmlns="http://www.cellml.org/tools/opencell/" xml:lang="en">true</splitterState_collapsedAfter></rdf:Description><rdf:Description rdf:about="http://www.cellml.org/tools/opencell/splitter/graph_key_graph3"><splitterState_nextHeight xmlns="http://www.cellml.org/tools/opencell/" xml:lang="en">0</splitterState_nextHeight><splitterState_collapsedAfter xmlns="http://www.cellml.org/tools/opencell/" xml:lang="en">true</splitterState_collapsedAfter></rdf:Description><rdf:Description rdf:about="http://www.cellml.org/tools/pcenv/splitter/graph_key_graph1"><splitterState_nextHeight xmlns="http://www.cellml.org/tools/pcenv/" xml:lang="en">0</splitterState_nextHeight><splitterState_collapsedAfter xmlns="http://www.cellml.org/tools/pcenv/" xml:lang="en">true</splitterState_collapsedAfter></rdf:Description><rdf:Description rdf:nodeID="n42"><variable xmlns="http://www.cellml.org/metadata/graphs/1.0#"><rdf:Description rdf:about="proctor_soti_boys_gillespie_shanley_wilkinson_kirkwood_2005.cellml#environment_time"/></variable></rdf:Description><rdf:Description rdf:about="http://www.cellml.org/tools/opencell/loadedModels"><rdf:_1><rdf:Description rdf:about="proctor_soti_boys_gillespie_shanley_wilkinson_kirkwood_2005.cellml"/></rdf:_1></rdf:Description><rdf:Description rdf:nodeID="n32"><scaling xmlns="http://www.cellml.org/metadata/graphs/1.0#y-"><rdf:Description rdf:about="http://www.cellml.org/metadata/graphs/1.0#identity"/></scaling><scaling xmlns="http://www.cellml.org/metadata/graphs/1.0#x-"><rdf:Description rdf:about="http://www.cellml.org/metadata/graphs/1.0#identity"/></scaling><decoration xmlns="http://www.cellml.org/metadata/graphs/1.0#"><rdf:Description rdf:about="http://www.cellml.org/metadata/graphs/1.0#none"/></decoration><traces xmlns="http://www.cellml.org/metadata/graphs/1.0#"><rdf:Description rdf:nodeID="n15"/></traces><graphname xmlns="http://www.cellml.org/tools/pcenv/" xml:lang="en">Clickable SVG: Click Elements Below to Toggle Traces Above</graphname>
<externalurl xmlns="http://www.cellml.org/tools/pcenv/" xml:lang="en">proctor_2005b.xul</externalurl>
<externalurl xmlns="http://www.cellml.org/tools/opencell/" xml:lang="en">proctor_2005b.xul</externalurl>
<graphname xmlns="http://www.cellml.org/tools/opencell/" xml:lang="en">Clickable SVG: Click Elements Below to Toggle Traces Above</graphname></rdf:Description><rdf:Description rdf:nodeID="n36"><rdf:rest><rdf:Description rdf:nodeID="n43"/></rdf:rest><rdf:first><rdf:Description rdf:nodeID="n44"/></rdf:first></rdf:Description><rdf:Description rdf:nodeID="n44"><colour xmlns="http://www.cellml.org/metadata/graphs/1.0#" xml:lang="en">#ab0f88</colour><variable xmlns="http://www.cellml.org/metadata/graphs/1.0#y-"><rdf:Description rdf:nodeID="n40"/></variable><variable xmlns="http://www.cellml.org/metadata/graphs/1.0#x-"><rdf:Description rdf:nodeID="n45"/></variable><type xmlns="http://www.cellml.org/metadata/graphs/1.0#"><rdf:Description rdf:about="http://www.cellml.org/metadata/graphs/1.0#line"/></type></rdf:Description><rdf:Description rdf:nodeID="n46"><variable xmlns="http://www.cellml.org/metadata/graphs/1.0#"><rdf:Description rdf:about="proctor_soti_boys_gillespie_shanley_wilkinson_kirkwood_2005.cellml#environment_time"/></variable></rdf:Description><rdf:Description rdf:about="http://www.cellml.org/tools/opencell/splitter/graph_key_graph2"><splitterState_nextHeight xmlns="http://www.cellml.org/tools/opencell/" xml:lang="en">0</splitterState_nextHeight><splitterState_collapsedAfter xmlns="http://www.cellml.org/tools/opencell/" xml:lang="en">true</splitterState_collapsedAfter></rdf:Description><rdf:Description rdf:nodeID="n30"><variable xmlns="http://www.cellml.org/metadata/graphs/1.0#"><rdf:Description rdf:about="proctor_soti_boys_gillespie_shanley_wilkinson_kirkwood_2005.cellml#Hsp90_Hsp90"/></variable></rdf:Description><rdf:Description rdf:about="http://www.cellml.org/tools/pcenv/splitter/graph_sel_graph3"><activegraph xmlns="http://www.cellml.org/tools/pcenv/"><rdf:Description rdf:nodeID="n24"/></activegraph></rdf:Description><rdf:Description rdf:about="http://www.cellml.org/tools/opencell/modlayoutsplit"><splitterState_nextWidth xmlns="http://www.cellml.org/tools/opencell/" xml:lang="en">1203</splitterState_nextWidth><splitterState_nextWidth xmlns="http://www.cellml.org/tools/pcenv/" xml:lang="en">1203</splitterState_nextWidth><splitterState_prevWidth xmlns="http://www.cellml.org/tools/opencell/" xml:lang="en">55</splitterState_prevWidth><splitterState_collapsedBefore xmlns="http://www.cellml.org/tools/opencell/" xml:lang="en">true</splitterState_collapsedBefore></rdf:Description><rdf:Description rdf:nodeID="n2"><variable xmlns="http://www.cellml.org/metadata/graphs/1.0#"><rdf:Description rdf:about="proctor_soti_boys_gillespie_shanley_wilkinson_kirkwood_2005.cellml#ADP_ADP"/></variable></rdf:Description><rdf:Description rdf:about="http://www.cellml.org/tools/pcenv/loadedModels"><rdf:_2><rdf:Description rdf:about="proctor_soti_boys_gillespie_shanley_wilkinson_kirkwood_2005.cellml"/></rdf:_2></rdf:Description><rdf:Description rdf:nodeID="n47"><variable xmlns="http://www.cellml.org/metadata/graphs/1.0#"><rdf:Description rdf:about="proctor_soti_boys_gillespie_shanley_wilkinson_kirkwood_2005.cellml#environment_time"/></variable></rdf:Description><rdf:Description rdf:nodeID="n48"><rdf:rest><rdf:Description rdf:nodeID="n35"/></rdf:rest><rdf:first><rdf:Description rdf:nodeID="n1"/></rdf:first></rdf:Description><rdf:Description rdf:nodeID="n49"><rdf:rest><rdf:Description rdf:about="http://www.w3.org/1999/02/22-rdf-syntax-ns#nil"/></rdf:rest><rdf:first><rdf:Description rdf:nodeID="n23"/></rdf:first></rdf:Description><rdf:Description rdf:nodeID="n45"><variable xmlns="http://www.cellml.org/metadata/graphs/1.0#"><rdf:Description rdf:about="proctor_soti_boys_gillespie_shanley_wilkinson_kirkwood_2005.cellml#environment_time"/></variable></rdf:Description><rdf:Description rdf:about="proctor_soti_boys_gillespie_shanley_wilkinson_kirkwood_2005.cellml"><derivedmodels xmlns="http://www.cellml.org/tools/pcenv/"><rdf:Description rdf:nodeID="n50"/></derivedmodels><modelname xmlns="http://www.cellml.org/tools/pcenv/" xml:lang="en">proctor_soti_boys_gillespie_shanley_wilkinson_kirkwood_2005</modelname><modelfrozen xmlns="http://www.cellml.org/tools/pcenv/" xml:lang="en">true</modelfrozen><derivedmodels xmlns="http://www.cellml.org/tools/opencell/"><rdf:Description rdf:nodeID="n50"/></derivedmodels><modelname xmlns="http://www.cellml.org/tools/opencell/" xml:lang="en">proctor_soti_boys_gillespie_shanley_wilkinson_kirkwood_2005</modelname><modelfrozen xmlns="http://www.cellml.org/tools/opencell/" xml:lang="en">true</modelfrozen></rdf:Description><rdf:Description rdf:nodeID="n16"><rdf:rest><rdf:Description rdf:about="http://www.w3.org/1999/02/22-rdf-syntax-ns#nil"/></rdf:rest><rdf:first><rdf:Description rdf:nodeID="n37"/></rdf:first></rdf:Description><rdf:Description rdf:nodeID="n51"><rdf:rest><rdf:Description rdf:nodeID="n8"/></rdf:rest><rdf:first><rdf:Description rdf:nodeID="n52"/></rdf:first></rdf:Description><rdf:Description rdf:about="http://www.cellml.org/tools/pcenv/modlayoutsplit"><splitterState_collapsedBefore xmlns="http://www.cellml.org/tools/pcenv/" xml:lang="en">true</splitterState_collapsedBefore><splitterState_prevWidth xmlns="http://www.cellml.org/tools/pcenv/" xml:lang="en">55</splitterState_prevWidth></rdf:Description><rdf:Description rdf:about="http://www.cellml.org/tools/pcenv/splitter/graph_key_graph3"><splitterState_nextHeight xmlns="http://www.cellml.org/tools/pcenv/" xml:lang="en">0</splitterState_nextHeight><splitterState_collapsedAfter xmlns="http://www.cellml.org/tools/pcenv/" xml:lang="en">true</splitterState_collapsedAfter></rdf:Description><rdf:Description rdf:nodeID="n53"><rdf:rest><rdf:Description rdf:nodeID="n49"/></rdf:rest><rdf:first><rdf:Description rdf:nodeID="n32"/></rdf:first></rdf:Description><rdf:Description rdf:nodeID="n52"><colour xmlns="http://www.cellml.org/metadata/graphs/1.0#" xml:lang="en">#16461e</colour><variable xmlns="http://www.cellml.org/metadata/graphs/1.0#y-"><rdf:Description rdf:nodeID="n31"/></variable><variable xmlns="http://www.cellml.org/metadata/graphs/1.0#x-"><rdf:Description rdf:nodeID="n47"/></variable><type xmlns="http://www.cellml.org/metadata/graphs/1.0#"><rdf:Description rdf:about="http://www.cellml.org/metadata/graphs/1.0#line"/></type></rdf:Description><rdf:Description rdf:nodeID="n22"><variable xmlns="http://www.cellml.org/metadata/graphs/1.0#"><rdf:Description rdf:about="proctor_soti_boys_gillespie_shanley_wilkinson_kirkwood_2005.cellml#environment_time"/></variable></rdf:Description><rdf:Description rdf:nodeID="n34"><rdf:rest><rdf:Description rdf:nodeID="n48"/></rdf:rest><rdf:first><rdf:Description rdf:nodeID="n25"/></rdf:first></rdf:Description><rdf:Description rdf:about="http://www.cellml.org/tools/opencell/splitter/graph_sel_graph3"><activegraph xmlns="http://www.cellml.org/tools/opencell/"><rdf:Description rdf:nodeID="n24"/></activegraph></rdf:Description><rdf:Description rdf:nodeID="n9"><rdf:rest><rdf:Description rdf:nodeID="n6"/></rdf:rest><rdf:first><rdf:Description rdf:nodeID="n27"/></rdf:first></rdf:Description><rdf:Description rdf:nodeID="n43"><rdf:rest><rdf:Description rdf:nodeID="n51"/></rdf:rest><rdf:first><rdf:Description rdf:nodeID="n54"/></rdf:first></rdf:Description><rdf:Description rdf:about="http://www.cellml.org/tools/pcenv/splitter/graph_sel_graph2"><activegraph xmlns="http://www.cellml.org/tools/pcenv/"><rdf:Description rdf:nodeID="n32"/></activegraph></rdf:Description><rdf:Description rdf:nodeID="n10"><colour xmlns="http://www.cellml.org/metadata/graphs/1.0#" xml:lang="en">#2eab95</colour><variable xmlns="http://www.cellml.org/metadata/graphs/1.0#y-"><rdf:Description rdf:nodeID="n26"/></variable><variable xmlns="http://www.cellml.org/metadata/graphs/1.0#x-"><rdf:Description rdf:nodeID="n46"/></variable><type xmlns="http://www.cellml.org/metadata/graphs/1.0#"><rdf:Description rdf:about="http://www.cellml.org/metadata/graphs/1.0#line"/></type></rdf:Description><rdf:Description rdf:about="http://www.cellml.org/tools/pcenv/displayGraphs"><rdf:first><rdf:Description rdf:nodeID="n18"/></rdf:first></rdf:Description><rdf:Description rdf:nodeID="n18"><rdf:rest><rdf:Description rdf:nodeID="n53"/></rdf:rest><rdf:first><rdf:Description rdf:nodeID="n24"/></rdf:first></rdf:Description><rdf:Description rdf:nodeID="n54"><colour xmlns="http://www.cellml.org/metadata/graphs/1.0#" xml:lang="en">#b71ae1</colour><variable xmlns="http://www.cellml.org/metadata/graphs/1.0#y-"><rdf:Description rdf:nodeID="n41"/></variable><variable xmlns="http://www.cellml.org/metadata/graphs/1.0#x-"><rdf:Description rdf:nodeID="n42"/></variable><type xmlns="http://www.cellml.org/metadata/graphs/1.0#"><rdf:Description rdf:about="http://www.cellml.org/metadata/graphs/1.0#line"/></type></rdf:Description><rdf:Description rdf:nodeID="n5"><rdf:rest><rdf:Description rdf:about="http://www.w3.org/1999/02/22-rdf-syntax-ns#nil"/></rdf:rest><rdf:first><rdf:Description rdf:nodeID="n12"/></rdf:first></rdf:Description></rdf:RDF>