[{"data_set_value_component_environment_variable_time":0.0,"data_set_value_component_NatP_variable_NatP":6000000.0,"data_set_value_component_MisP_variable_MisP":0.0,"data_set_value_component_MCom_variable_MCom":0.0,"data_set_value_component_Hsp90_variable_Hsp90":300000.0,"data_set_value_component_HCom_variable_HCom":5900.0,"data_set_value_component_HSF1_variable_HSF1":100.0,"data_set_value_component_DiH_variable_DiH":0.0,"data_set_value_component_TriH_variable_TriH":0.0,"data_set_value_component_HSE_TriH_variable_HSE_TriH":0.0,"data_set_value_component_HSE_variable_HSE":1.0,"data_set_value_component_AggP_variable_AggP":0.0,"data_set_value_component_ROS_variable_ROS":100.0,"data_set_value_component_ATP_variable_ATP":10000.0,"data_set_value_component_ADP_variable_ADP":1000.0,"data_set_value_component_v1_variable_v1":10.0,"data_set_value_component_v1_variable_k1":10.0,"data_set_value_component_v2_variable_v2":12000.0,"data_set_value_component_v2_variable_k2":0.00002,"data_set_value_component_v3_variable_v3":0.0,"data_set_value_component_v3_variable_k3":50.0,"data_set_value_component_v4_variable_v4":0.0,"data_set_value_component_v4_variable_k4":0.00001,"data_set_value_component_v5_variable_v5":0.0,"data_set_value_component_v5_variable_k5":0.000004,"data_set_value_component_v6_variable_v6":0.0,"data_set_value_component_v6_variable_k6":0.0000006,"data_set_value_component_v7_variable_v7":0.0,"data_set_value_component_v7_variable_k7":0.0000001,"data_set_value_component_v7b_variable_v7b":0.0,"data_set_value_component_v7b_variable_k7":0.0000001,"data_set_value_component_v8_variable_v8":15000000000.0,"data_set_value_component_v8_variable_k8":500.0,"data_set_value_component_v9_variable_v9":5900.0,"data_set_value_component_v9_variable_k9":1.0,"data_set_value_component_v10_variable_v10":100.0,"data_set_value_component_v10_variable_k10":0.01,"data_set_value_component_v11_variable_v11":0.0,"data_set_value_component_v11_variable_k11":100.0,"data_set_value_component_v12_variable_v12":0.0,"data_set_value_component_v12_variable_k12":0.5,"data_set_value_component_v13_variable_v13":0.0,"data_set_value_component_v13_variable_k13":0.5,"data_set_value_component_v14_variable_v14":0.0,"data_set_value_component_v14_variable_k14":0.05,"data_set_value_component_v15_variable_v15":0.0,"data_set_value_component_v15_variable_k15":0.08,"data_set_value_component_v16_variable_v16":0.0,"data_set_value_component_v16_variable_k16":1000.0,"data_set_value_component_v17_variable_v17":24.06,"data_set_value_component_v17_variable_k17":0.000000008,"data_set_value_component_v18_variable_v18":12000.0,"data_set_value_component_v18_variable_k18":12.0,"data_set_value_component_v19_variable_v19":200.0,"data_set_value_component_v19_variable_k19":0.02,"data_set_value_component_v20_variable_v20":0.1,"data_set_value_component_v20_variable_k20":0.1,"data_set_value_component_v21_variable_v21":0.001,"data_set_value_component_v21_variable_k21":0.00001},{"data_set_value_component_environment_variable_time":0.1,"data_set_value_component_NatP_variable_NatP":5998803.5815782063,"data_set_value_component_MisP_variable_MisP":0.0008034016,"data_set_value_component_MCom_variable_MCom":1197.4176178873,"data_set_value_component_Hsp90_variable_Hsp90":298700.0839223565,"data_set_value_component_HCom_variable_HCom":5999.9999591916,"data_set_value_component_HSF1_variable_HSF1":0.0000401741,"data_set_value_component_DiH_variable_DiH":0.000000317,"data_set_value_component_TriH_variable_TriH":0.0000000001,"data_set_value_component_HSE_TriH_variable_HSE_TriH":0.0,"data_set_value_component_HSE_variable_HSE":1.0,"data_set_value_component_AggP_variable_AggP":0.0,"data_set_value_component_ROS_variable_ROS":100.0098999951,"data_set_value_component_ATP_variable_ATP":10683.3848016325,"data_set_value_component_ADP_variable_ADP":316.6151983675,"data_set_value_component_v1_variable_v1":10.0,"data_set_value_component_v1_variable_k1":10.0,"data_set_value_component_v2_variable_v2":11998.7949256717,"data_set_value_component_v2_variable_k2":0.00002,"data_set_value_component_v3_variable_v3":11998.8068632899,"data_set_value_component_v3_variable_k3":50.0,"data_set_value_component_v4_variable_v4":0.0119741762,"data_set_value_component_v4_variable_k4":0.00001,"data_set_value_component_v5_variable_v5":51.1698927206,"data_set_value_component_v5_variable_k5":0.000004,"data_set_value_component_v6_variable_v6":0.0000051498,"data_set_value_component_v6_variable_k6":0.0000006,"data_set_value_component_v7_variable_v7":0.0,"data_set_value_component_v7_variable_k7":0.0000001,"data_set_value_component_v7b_variable_v7b":5.165363464e-25,"data_set_value_component_v7b_variable_k7":0.0000001,"data_set_value_component_v8_variable_v8":5999.9999578971,"data_set_value_component_v8_variable_k8":500.0,"data_set_value_component_v9_variable_v9":5999.9999591916,"data_set_value_component_v9_variable_k9":1.0,"data_set_value_component_v10_variable_v10":0.0,"data_set_value_component_v10_variable_k10":0.01,"data_set_value_component_v11_variable_v11":0.0000000013,"data_set_value_component_v11_variable_k11":100.0,"data_set_value_component_v12_variable_v12":0.0000000001,"data_set_value_component_v12_variable_k12":0.5,"data_set_value_component_v13_variable_v13":0.0000001585,"data_set_value_component_v13_variable_k13":0.5,"data_set_value_component_v14_variable_v14":0.0,"data_set_value_component_v14_variable_k14":0.05,"data_set_value_component_v15_variable_v15":0.0,"data_set_value_component_v15_variable_k15":0.08,"data_set_value_component_v16_variable_v16":0.0000000004,"data_set_value_component_v16_variable_k16":1000.0,"data_set_value_component_v17_variable_v17":25.5928460533,"data_set_value_component_v17_variable_k17":0.000000008,"data_set_value_component_v18_variable_v18":3799.3823804101,"data_set_value_component_v18_variable_k18":12.0,"data_set_value_component_v19_variable_v19":213.6676960326,"data_set_value_component_v19_variable_k19":0.02,"data_set_value_component_v20_variable_v20":0.1,"data_set_value_component_v20_variable_k20":0.1,"data_set_value_component_v21_variable_v21":0.001000099,"data_set_value_component_v21_variable_k21":0.00001},{"data_set_value_component_environment_variable_time":0.2,"data_set_value_component_NatP_variable_NatP":5997612.5228256173,"data_set_value_component_MisP_variable_MisP":0.0008065482,"data_set_value_component_MCom_variable_MCom":2389.4763668053,"data_set_value_component_Hsp90_variable_Hsp90":297505.4420055413,"data_set_value_component_HCom_variable_HCom":5999.999959061,"data_set_value_component_HSF1_variable_HSF1":0.0000403354,"data_set_value_component_DiH_variable_DiH":0.0000003014,"data_set_value_component_TriH_variable_TriH":0.0000000003,"data_set_value_component_HSE_TriH_variable_HSE_TriH":0.0,"data_set_value_component_HSE_variable_HSE":1.0,"data_set_value_component_AggP_variable_AggP":0.0,"data_set_value_component_ROS_variable_ROS":100.0197999802,"data_set_value_component_ATP_variable_ATP":10885.7052433776,"data_set_value_component_ADP_variable_ADP":114.2947566224,"data_set_value_component_v1_variable_v1":10.0,"data_set_value_component_v1_variable_k1":10.0,"data_set_value_component_v2_variable_v2":11997.6000978353,"data_set_value_component_v2_variable_k2":0.00002,"data_set_value_component_v3_variable_v3":11997.6239558085,"data_set_value_component_v3_variable_k3":50.0,"data_set_value_component_v4_variable_v4":0.0238947637,"data_set_value_component_v4_variable_k4":0.00001,"data_set_value_component_v5_variable_v5":104.0445416602,"data_set_value_component_v5_variable_k5":0.000004,"data_set_value_component_v6_variable_v6":0.0000052679,"data_set_value_component_v6_variable_k6":0.0000006,"data_set_value_component_v7_variable_v7":0.0,"data_set_value_component_v7_variable_k7":0.0000001,"data_set_value_component_v7b_variable_v7b":1.04118965e-24,"data_set_value_component_v7b_variable_k7":0.0000001,"data_set_value_component_v8_variable_v8":5999.9999577453,"data_set_value_component_v8_variable_k8":500.0,"data_set_value_component_v9_variable_v9":5999.999959061,"data_set_value_component_v9_variable_k9":1.0,"data_set_value_component_v10_variable_v10":0.0,"data_set_value_component_v10_variable_k10":0.01,"data_set_value_component_v11_variable_v11":0.0000000012,"data_set_value_component_v11_variable_k11":100.0,"data_set_value_component_v12_variable_v12":0.0000000001,"data_set_value_component_v12_variable_k12":0.5,"data_set_value_component_v13_variable_v13":0.0000001507,"data_set_value_component_v13_variable_k13":0.5,"data_set_value_component_v14_variable_v14":0.0,"data_set_value_component_v14_variable_k14":0.05,"data_set_value_component_v15_variable_v15":0.0,"data_set_value_component_v15_variable_k15":0.08,"data_set_value_component_v16_variable_v16":0.0000000014,"data_set_value_component_v16_variable_k16":1000.0,"data_set_value_component_v17_variable_v17":25.9732235308,"data_set_value_component_v17_variable_k17":0.000000008,"data_set_value_component_v18_variable_v18":1371.5370794685,"data_set_value_component_v18_variable_k18":12.0,"data_set_value_component_v19_variable_v19":217.7141048676,"data_set_value_component_v19_variable_k19":0.02,"data_set_value_component_v20_variable_v20":0.1,"data_set_value_component_v20_variable_k20":0.1,"data_set_value_component_v21_variable_v21":0.001000198,"data_set_value_component_v21_variable_k21":0.00001},{"data_set_value_component_environment_variable_time":0.3,"data_set_value_component_NatP_variable_NatP":5996426.8560000341,"data_set_value_component_MisP_variable_MisP":0.0008097061,"data_set_value_component_MCom_variable_MCom":3576.1431886996,"data_set_value_component_Hsp90_variable_Hsp90":296316.1747394826,"data_set_value_component_HCom_variable_HCom":5999.9999589284,"data_set_value_component_HSF1_variable_HSF1":0.0000404973,"data_set_value_component_DiH_variable_DiH":0.0000002866,"data_set_value_component_TriH_variable_TriH":0.0000000004,"data_set_value_component_HSE_TriH_variable_HSE_TriH":0.0,"data_set_value_component_HSE_variable_HSE":1.0,"data_set_value_component_AggP_variable_AggP":0.0,"data_set_value_component_ROS_variable_ROS":100.0296999555,"data_set_value_component_ATP_variable_ATP":10943.4468233542,"data_set_value_component_ADP_variable_ADP":56.5531766458,"data_set_value_component_v1_variable_v1":10.0,"data_set_value_component_v1_variable_k1":10.0,"data_set_value_component_v2_variable_v2":11996.4155842098,"data_set_value_component_v2_variable_k2":0.00002,"data_set_value_component_v3_variable_v3":11996.4513086887,"data_set_value_component_v3_variable_k3":50.0,"data_set_value_component_v4_variable_v4":0.0357614319,"data_set_value_component_v4_variable_k4":0.00001,"data_set_value_component_v5_variable_v5":156.5413312729,"data_set_value_component_v5_variable_k5":0.000004,"data_set_value_component_v6_variable_v6":0.0000053166,"data_set_value_component_v6_variable_k6":0.0000006,"data_set_value_component_v7_variable_v7":0.0,"data_set_value_component_v7_variable_k7":0.0000001,"data_set_value_component_v7b_variable_v7b":1.574060133e-24,"data_set_value_component_v7b_variable_k7":0.0000001,"data_set_value_component_v8_variable_v8":5999.9999575923,"data_set_value_component_v8_variable_k8":500.0,"data_set_value_component_v9_variable_v9":5999.9999589284,"data_set_value_component_v9_variable_k9":1.0,"data_set_value_component_v10_variable_v10":0.0,"data_set_value_component_v10_variable_k10":0.01,"data_set_value_component_v11_variable_v11":0.0000000012,"data_set_value_component_v11_variable_k11":100.0,"data_set_value_component_v12_variable_v12":0.0000000002,"data_set_value_component_v12_variable_k12":0.5,"data_set_value_component_v13_variable_v13":0.0000001433,"data_set_value_component_v13_variable_k13":0.5,"data_set_value_component_v14_variable_v14":0.0,"data_set_value_component_v14_variable_k14":0.05,"data_set_value_component_v15_variable_v15":0.0,"data_set_value_component_v15_variable_k15":0.08,"data_set_value_component_v16_variable_v16":0.0000000029,"data_set_value_component_v16_variable_k16":1000.0,"data_set_value_component_v17_variable_v17":26.0066168153,"data_set_value_component_v17_variable_k17":0.000000008,"data_set_value_component_v18_variable_v18":678.6381197499,"data_set_value_component_v18_variable_k18":12.0,"data_set_value_component_v19_variable_v19":218.8689364671,"data_set_value_component_v19_variable_k19":0.02,"data_set_value_component_v20_variable_v20":0.1,"data_set_value_component_v20_variable_k20":0.1,"data_set_value_component_v21_variable_v21":0.001000297,"data_set_value_component_v21_variable_k21":0.00001},{"data_set_value_component_environment_variable_time":0.4,"data_set_value_component_NatP_variable_NatP":5995246.5303919744,"data_set_value_component_MisP_variable_MisP":0.0008128755,"data_set_value_component_MCom_variable_MCom":4757.4687930573,"data_set_value_component_Hsp90_variable_Hsp90":295132.2515430788,"data_set_value_component_HCom_variable_HCom":5999.9999587938,"data_set_value_component_HSF1_variable_HSF1":0.0000406597,"data_set_value_component_DiH_variable_DiH":0.0000002725,"data_set_value_component_TriH_variable_TriH":0.0000000004,"data_set_value_component_HSE_TriH_variable_HSE_TriH":0.0,"data_set_value_component_HSE_variable_HSE":1.0,"data_set_value_component_AggP_variable_AggP":0.0,"data_set_value_component_ROS_variable_ROS":100.0395999208,"data_set_value_component_ATP_variable_ATP":10957.7692731778,"data_set_value_component_ADP_variable_ADP":42.2307268222,"data_set_value_component_v1_variable_v1":10.0,"data_set_value_component_v1_variable_k1":10.0,"data_set_value_component_v2_variable_v2":11995.2412865396,"data_set_value_component_v2_variable_k2":0.00002,"data_set_value_component_v3_variable_v3":11995.2888241322,"data_set_value_component_v3_variable_k3":50.0,"data_set_value_component_v4_variable_v4":0.0475746879,"data_set_value_component_v4_variable_k4":0.00001,"data_set_value_component_v5_variable_v5":208.5249814347,"data_set_value_component_v5_variable_k5":0.000004,"data_set_value_component_v6_variable_v6":0.0000053444,"data_set_value_component_v6_variable_k6":0.0000006,"data_set_value_component_v7_variable_v7":0.0,"data_set_value_component_v7_variable_k7":0.0000001,"data_set_value_component_v7b_variable_v7b":2.115249552e-24,"data_set_value_component_v7b_variable_k7":0.0000001,"data_set_value_component_v8_variable_v8":5999.9999574381,"data_set_value_component_v8_variable_k8":500.0,"data_set_value_component_v9_variable_v9":5999.9999587938,"data_set_value_component_v9_variable_k9":1.0,"data_set_value_component_v10_variable_v10":0.0,"data_set_value_component_v10_variable_k10":0.01,"data_set_value_component_v11_variable_v11":0.0000000011,"data_set_value_component_v11_variable_k11":100.0,"data_set_value_component_v12_variable_v12":0.0000000002,"data_set_value_component_v12_variable_k12":0.5,"data_set_value_component_v13_variable_v13":0.0000001363,"data_set_value_component_v13_variable_k13":0.5,"data_set_value_component_v14_variable_v14":0.0,"data_set_value_component_v14_variable_k14":0.05,"data_set_value_component_v15_variable_v15":0.0,"data_set_value_component_v15_variable_k15":0.08,"data_set_value_component_v16_variable_v16":0.0000000049,"data_set_value_component_v16_variable_k16":1000.0,"data_set_value_component_v17_variable_v17":25.9366087622,"data_set_value_component_v17_variable_k17":0.000000008,"data_set_value_component_v18_variable_v18":506.7687218658,"data_set_value_component_v18_variable_k18":12.0,"data_set_value_component_v19_variable_v19":219.1553854636,"data_set_value_component_v19_variable_k19":0.02,"data_set_value_component_v20_variable_v20":0.1,"data_set_value_component_v20_variable_k20":0.1,"data_set_value_component_v21_variable_v21":0.001000396,"data_set_value_component_v21_variable_k21":0.00001},{"data_set_value_component_environment_variable_time":0.5,"data_set_value_component_NatP_variable_NatP":5994071.498920762,"data_set_value_component_MisP_variable_MisP":0.0008160564,"data_set_value_component_MCom_variable_MCom":5933.5002605509,"data_set_value_component_Hsp90_variable_Hsp90":293953.6313151497,"data_set_value_component_HCom_variable_HCom":5999.9999586573,"data_set_value_component_HSF1_variable_HSF1":0.0000408228,"data_set_value_component_DiH_variable_DiH":0.0000002592,"data_set_value_component_TriH_variable_TriH":0.0000000005,"data_set_value_component_HSE_TriH_variable_HSE_TriH":0.0,"data_set_value_component_HSE_variable_HSE":1.0,"data_set_value_component_AggP_variable_AggP":0.0,"data_set_value_component_ROS_variable_ROS":100.0494998763,"data_set_value_component_ATP_variable_ATP":10959.0695339054,"data_set_value_component_ADP_variable_ADP":40.9304660946,"data_set_value_component_v1_variable_v1":10.0,"data_set_value_component_v1_variable_k1":10.0,"data_set_value_component_v2_variable_v2":11994.0771137902,"data_set_value_component_v2_variable_k2":0.00002,"data_set_value_component_v3_variable_v3":11994.1364115607,"data_set_value_component_v3_variable_k3":50.0,"data_set_value_component_v4_variable_v4":0.0593350026,"data_set_value_component_v4_variable_k4":0.00001,"data_set_value_component_v5_variable_v5":260.1025677393,"data_set_value_component_v5_variable_k5":0.000004,"data_set_value_component_v6_variable_v6":0.0000053659,"data_set_value_component_v6_variable_k6":0.0000006,"data_set_value_component_v7_variable_v7":0.0,"data_set_value_component_v7_variable_k7":0.0000001,"data_set_value_component_v7b_variable_v7b":2.664860974e-24,"data_set_value_component_v7b_variable_k7":0.0000001,"data_set_value_component_v8_variable_v8":5999.9999572825,"data_set_value_component_v8_variable_k8":500.0,"data_set_value_component_v9_variable_v9":5999.9999586573,"data_set_value_component_v9_variable_k9":1.0,"data_set_value_component_v10_variable_v10":0.0,"data_set_value_component_v10_variable_k10":0.01,"data_set_value_component_v11_variable_v11":0.0000000011,"data_set_value_component_v11_variable_k11":100.0,"data_set_value_component_v12_variable_v12":0.0000000003,"data_set_value_component_v12_variable_k12":0.5,"data_set_value_component_v13_variable_v13":0.0000001296,"data_set_value_component_v13_variable_k13":0.5,"data_set_value_component_v14_variable_v14":0.0,"data_set_value_component_v14_variable_k14":0.05,"data_set_value_component_v15_variable_v15":0.0,"data_set_value_component_v15_variable_k15":0.08,"data_set_value_component_v16_variable_v16":0.0000000073,"data_set_value_component_v16_variable_k16":1000.0,"data_set_value_component_v17_variable_v17":25.8360954483,"data_set_value_component_v17_variable_k17":0.000000008,"data_set_value_component_v18_variable_v18":491.1655931346,"data_set_value_component_v18_variable_k18":12.0,"data_set_value_component_v19_variable_v19":219.1813906781,"data_set_value_component_v19_variable_k19":0.02,"data_set_value_component_v20_variable_v20":0.1,"data_set_value_component_v20_variable_k20":0.1,"data_set_value_component_v21_variable_v21":0.001000495,"data_set_value_component_v21_variable_k21":0.00001},{"data_set_value_component_environment_variable_time":0.6,"data_set_value_component_NatP_variable_NatP":5992901.7242312757,"data_set_value_component_MisP_variable_MisP":0.0008192488,"data_set_value_component_MCom_variable_MCom":7104.2749463085,"data_set_value_component_Hsp90_variable_Hsp90":292780.2784467453,"data_set_value_component_HCom_variable_HCom":5999.9999585189,"data_set_value_component_HSF1_variable_HSF1":0.0000409864,"data_set_value_component_DiH_variable_DiH":0.0000002465,"data_set_value_component_TriH_variable_TriH":0.0000000006,"data_set_value_component_HSE_TriH_variable_HSE_TriH":0.0,"data_set_value_component_HSE_variable_HSE":1.0,"data_set_value_component_AggP_variable_AggP":0.0,"data_set_value_component_ROS_variable_ROS":100.0593998218,"data_set_value_component_ATP_variable_ATP":10956.4771487184,"data_set_value_component_ADP_variable_ADP":43.5228512816,"data_set_value_component_v1_variable_v1":10.0,"data_set_value_component_v1_variable_k1":10.0,"data_set_value_component_v2_variable_v2":11992.9229943523,"data_set_value_component_v2_variable_k2":0.00002,"data_set_value_component_v3_variable_v3":11992.9939997341,"data_set_value_component_v3_variable_k3":50.0,"data_set_value_component_v4_variable_v4":0.0710427495,"data_set_value_component_v4_variable_k4":0.00001,"data_set_value_component_v5_variable_v5":311.3513044298,"data_set_value_component_v5_variable_k5":0.000004,"data_set_value_component_v6_variable_v6":0.0000053856,"data_set_value_component_v6_variable_k6":0.0000006,"data_set_value_component_v7_variable_v7":0.0,"data_set_value_component_v7_variable_k7":0.0000001,"data_set_value_component_v7b_variable_v7b":3.222998725e-24,"data_set_value_component_v7b_variable_k7":0.0000001,"data_set_value_component_v8_variable_v8":5999.9999571257,"data_set_value_component_v8_variable_k8":500.0,"data_set_value_component_v9_variable_v9":5999.9999585189,"data_set_value_component_v9_variable_k9":1.0,"data_set_value_component_v10_variable_v10":0.0,"data_set_value_component_v10_variable_k10":0.01,"data_set_value_component_v11_variable_v11":0.000000001,"data_set_value_component_v11_variable_k11":100.0,"data_set_value_component_v12_variable_v12":0.0000000003,"data_set_value_component_v12_variable_k12":0.5,"data_set_value_component_v13_variable_v13":0.0000001232,"data_set_value_component_v13_variable_k13":0.5,"data_set_value_component_v14_variable_v14":0.0,"data_set_value_component_v14_variable_k14":0.05,"data_set_value_component_v15_variable_v15":0.0,"data_set_value_component_v15_variable_k15":0.08,"data_set_value_component_v16_variable_v16":0.00000001,"data_set_value_component_v16_variable_k16":1000.0,"data_set_value_component_v17_variable_v17":25.7268802518,"data_set_value_component_v17_variable_k17":0.000000008,"data_set_value_component_v18_variable_v18":522.2742153793,"data_set_value_component_v18_variable_k18":12.0,"data_set_value_component_v19_variable_v19":219.1295429744,"data_set_value_component_v19_variable_k19":0.02,"data_set_value_component_v20_variable_v20":0.1,"data_set_value_component_v20_variable_k20":0.1,"data_set_value_component_v21_variable_v21":0.001000594,"data_set_value_component_v21_variable_k21":0.00001},{"data_set_value_component_environment_variable_time":0.7,"data_set_value_component_NatP_variable_NatP":5991737.1745608812,"data_set_value_component_MisP_variable_MisP":0.0008224528,"data_set_value_component_MCom_variable_MCom":8269.8246129595,"data_set_value_component_Hsp90_variable_Hsp90":291612.1616555455,"data_set_value_component_HCom_variable_HCom":5999.9999583787,"data_set_value_component_HSF1_variable_HSF1":0.0000411505,"data_set_value_component_DiH_variable_DiH":0.0000002344,"data_set_value_component_TriH_variable_TriH":0.0000000007,"data_set_value_component_HSE_TriH_variable_HSE_TriH":0.0,"data_set_value_component_HSE_variable_HSE":1.0,"data_set_value_component_AggP_variable_AggP":0.0,"data_set_value_component_ROS_variable_ROS":100.0692997575,"data_set_value_component_ATP_variable_ATP":10952.7325766491,"data_set_value_component_ADP_variable_ADP":47.2674233509,"data_set_value_component_v1_variable_v1":10.0,"data_set_value_component_v1_variable_k1":10.0,"data_set_value_component_v2_variable_v2":11991.7788677799,"data_set_value_component_v2_variable_k2":0.00002,"data_set_value_component_v3_variable_v3":11991.8615285229,"data_set_value_component_v3_variable_k3":50.0,"data_set_value_component_v4_variable_v4":0.0826982461,"data_set_value_component_v4_variable_k4":0.00001,"data_set_value_component_v5_variable_v5":362.3087097661,"data_set_value_component_v5_variable_k5":0.000004,"data_set_value_component_v6_variable_v6":0.0000054049,"data_set_value_component_v6_variable_k6":0.0000006,"data_set_value_component_v7_variable_v7":0.0,"data_set_value_component_v7_variable_k7":0.0000001,"data_set_value_component_v7b_variable_v7b":3.789768364e-24,"data_set_value_component_v7b_variable_k7":0.0000001,"data_set_value_component_v8_variable_v8":5999.9999569677,"data_set_value_component_v8_variable_k8":500.0,"data_set_value_component_v9_variable_v9":5999.9999583787,"data_set_value_component_v9_variable_k9":1.0,"data_set_value_component_v10_variable_v10":0.0,"data_set_value_component_v10_variable_k10":0.01,"data_set_value_component_v11_variable_v11":0.000000001,"data_set_value_component_v11_variable_k11":100.0,"data_set_value_component_v12_variable_v12":0.0000000003,"data_set_value_component_v12_variable_k12":0.5,"data_set_value_component_v13_variable_v13":0.0000001172,"data_set_value_component_v13_variable_k13":0.5,"data_set_value_component_v14_variable_v14":0.0,"data_set_value_component_v14_variable_k14":0.05,"data_set_value_component_v15_variable_v15":0.0,"data_set_value_component_v15_variable_k15":0.08,"data_set_value_component_v16_variable_v16":0.0000000131,"data_set_value_component_v16_variable_k16":1000.0,"data_set_value_component_v17_variable_v17":25.6154791821,"data_set_value_component_v17_variable_k17":0.000000008,"data_set_value_component_v18_variable_v18":567.2090802113,"data_set_value_component_v18_variable_k18":12.0,"data_set_value_component_v19_variable_v19":219.054651533,"data_set_value_component_v19_variable_k19":0.02,"data_set_value_component_v20_variable_v20":0.1,"data_set_value_component_v20_variable_k20":0.1,"data_set_value_component_v21_variable_v21":0.001000693,"data_set_value_component_v21_variable_k21":0.00001},{"data_set_value_component_environment_variable_time":0.8,"data_set_value_component_NatP_variable_NatP":5990577.820713765,"data_set_value_component_MisP_variable_MisP":0.0008256684,"data_set_value_component_MCom_variable_MCom":9430.1784563182,"data_set_value_component_Hsp90_variable_Hsp90":290449.2518479382,"data_set_value_component_HCom_variable_HCom":5999.9999582367,"data_set_value_component_HSF1_variable_HSF1":0.0000413153,"data_set_value_component_DiH_variable_DiH":0.0000002229,"data_set_value_component_TriH_variable_TriH":0.0000000007,"data_set_value_component_HSE_TriH_variable_HSE_TriH":0.0,"data_set_value_component_HSE_variable_HSE":1.0,"data_set_value_component_AggP_variable_AggP":0.0,"data_set_value_component_ROS_variable_ROS":100.0791996832,"data_set_value_component_ATP_variable_ATP":10948.6580391792,"data_set_value_component_ADP_variable_ADP":51.3419608208,"data_set_value_component_v1_variable_v1":10.0,"data_set_value_component_v1_variable_k1":10.0,"data_set_value_component_v2_variable_v2":11990.6446787394,"data_set_value_component_v2_variable_k2":0.00002,"data_set_value_component_v3_variable_v3":11990.738942885,"data_set_value_component_v3_variable_k3":50.0,"data_set_value_component_v4_variable_v4":0.0943017846,"data_set_value_component_v4_variable_k4":0.00001,"data_set_value_component_v5_variable_v5":412.9911966667,"data_set_value_component_v5_variable_k5":0.000004,"data_set_value_component_v6_variable_v6":0.000005424,"data_set_value_component_v6_variable_k6":0.0000006,"data_set_value_component_v7_variable_v7":0.0,"data_set_value_component_v7_variable_k7":0.0000001,"data_set_value_component_v7b_variable_v7b":4.365276671e-24,"data_set_value_component_v7b_variable_k7":0.0000001,"data_set_value_component_v8_variable_v8":5999.9999568085,"data_set_value_component_v8_variable_k8":500.0,"data_set_value_component_v9_variable_v9":5999.9999582367,"data_set_value_component_v9_variable_k9":1.0,"data_set_value_component_v10_variable_v10":0.0,"data_set_value_component_v10_variable_k10":0.01,"data_set_value_component_v11_variable_v11":0.0000000009,"data_set_value_component_v11_variable_k11":100.0,"data_set_value_component_v12_variable_v12":0.0000000004,"data_set_value_component_v12_variable_k12":0.5,"data_set_value_component_v13_variable_v13":0.0000001114,"data_set_value_component_v13_variable_k13":0.5,"data_set_value_component_v14_variable_v14":0.0,"data_set_value_component_v14_variable_k14":0.05,"data_set_value_component_v15_variable_v15":0.0,"data_set_value_component_v15_variable_k15":0.08,"data_set_value_component_v16_variable_v16":0.0000000165,"data_set_value_component_v16_variable_k16":1000.0,"data_set_value_component_v17_variable_v17":25.5038368805,"data_set_value_component_v17_variable_k17":0.000000008,"data_set_value_component_v18_variable_v18":616.1035298493,"data_set_value_component_v18_variable_k18":12.0,"data_set_value_component_v19_variable_v19":218.9731607836,"data_set_value_component_v19_variable_k19":0.02,"data_set_value_component_v20_variable_v20":0.1,"data_set_value_component_v20_variable_k20":0.1,"data_set_value_component_v21_variable_v21":0.001000792,"data_set_value_component_v21_variable_k21":0.00001},{"data_set_value_component_environment_variable_time":0.9,"data_set_value_component_NatP_variable_NatP":5989423.6346188001,"data_set_value_component_MisP_variable_MisP":0.0008288958,"data_set_value_component_MCom_variable_MCom":10585.3645475115,"data_set_value_component_Hsp90_variable_Hsp90":289291.5209422887,"data_set_value_component_HCom_variable_HCom":5999.9999580931,"data_set_value_component_HSF1_variable_HSF1":0.0000414806,"data_set_value_component_DiH_variable_DiH":0.000000212,"data_set_value_component_TriH_variable_TriH":0.0000000008,"data_set_value_component_HSE_TriH_variable_HSE_TriH":0.0,"data_set_value_component_HSE_variable_HSE":1.0,"data_set_value_component_AggP_variable_AggP":0.0,"data_set_value_component_ROS_variable_ROS":100.0890995991,"data_set_value_component_ATP_variable_ATP":10944.5000218826,"data_set_value_component_ADP_variable_ADP":55.4999781174,"data_set_value_component_v1_variable_v1":10.0,"data_set_value_component_v1_variable_k1":10.0,"data_set_value_component_v2_variable_v2":11989.5203741255,"data_set_value_component_v2_variable_k2":0.00002,"data_set_value_component_v3_variable_v3":11989.6261899957,"data_set_value_component_v3_variable_k3":50.0,"data_set_value_component_v4_variable_v4":0.1058536455,"data_set_value_component_v4_variable_k4":0.00001,"data_set_value_component_v5_variable_v5":463.4060900875,"data_set_value_component_v5_variable_k5":0.000004,"data_set_value_component_v6_variable_v6":0.0000054431,"data_set_value_component_v6_variable_k6":0.0000006,"data_set_value_component_v7_variable_v7":0.0,"data_set_value_component_v7_variable_k7":0.0000001,"data_set_value_component_v7b_variable_v7b":4.949631666e-24,"data_set_value_component_v7b_variable_k7":0.0000001,"data_set_value_component_v8_variable_v8":5999.9999566482,"data_set_value_component_v8_variable_k8":500.0,"data_set_value_component_v9_variable_v9":5999.9999580931,"data_set_value_component_v9_variable_k9":1.0,"data_set_value_component_v10_variable_v10":0.0,"data_set_value_component_v10_variable_k10":0.01,"data_set_value_component_v11_variable_v11":0.0000000009,"data_set_value_component_v11_variable_k11":100.0,"data_set_value_component_v12_variable_v12":0.0000000004,"data_set_value_component_v12_variable_k12":0.5,"data_set_value_component_v13_variable_v13":0.000000106,"data_set_value_component_v13_variable_k13":0.5,"data_set_value_component_v14_variable_v14":0.0,"data_set_value_component_v14_variable_k14":0.05,"data_set_value_component_v15_variable_v15":0.0,"data_set_value_component_v15_variable_k15":0.08,"data_set_value_component_v16_variable_v16":0.0000000201,"data_set_value_component_v16_variable_k16":1000.0,"data_set_value_component_v17_variable_v17":25.3925314794,"data_set_value_component_v17_variable_k17":0.000000008,"data_set_value_component_v18_variable_v18":665.9997374092,"data_set_value_component_v18_variable_k18":12.0,"data_set_value_component_v19_variable_v19":218.8900004377,"data_set_value_component_v19_variable_k19":0.02,"data_set_value_component_v20_variable_v20":0.1,"data_set_value_component_v20_variable_k20":0.1,"data_set_value_component_v21_variable_v21":0.001000891,"data_set_value_component_v21_variable_k21":0.00001},{"data_set_value_component_environment_variable_time":1.0,"data_set_value_component_NatP_variable_NatP":5988274.5887364633,"data_set_value_component_MisP_variable_MisP":0.0008321349,"data_set_value_component_MCom_variable_MCom":11735.4104260652,"data_set_value_component_Hsp90_variable_Hsp90":288138.9413551757,"data_set_value_component_HCom_variable_HCom":5999.9999579477,"data_set_value_component_HSF1_variable_HSF1":0.0000416466,"data_set_value_component_DiH_variable_DiH":0.0000002016,"data_set_value_component_TriH_variable_TriH":0.0000000008,"data_set_value_component_HSE_TriH_variable_HSE_TriH":0.0,"data_set_value_component_HSE_variable_HSE":1.0,"data_set_value_component_AggP_variable_AggP":0.0,"data_set_value_component_ROS_variable_ROS":100.098999505,"data_set_value_component_ATP_variable_ATP":10940.3323113015,"data_set_value_component_ADP_variable_ADP":59.6676886985,"data_set_value_component_v1_variable_v1":10.0,"data_set_value_component_v1_variable_k1":10.0,"data_set_value_component_v2_variable_v2":11988.405901875,"data_set_value_component_v2_variable_k2":0.00002,"data_set_value_component_v3_variable_v3":11988.5232180672,"data_set_value_component_v3_variable_k3":50.0,"data_set_value_component_v4_variable_v4":0.1173541043,"data_set_value_component_v4_variable_k4":0.00001,"data_set_value_component_v5_variable_v5":513.5571594827,"data_set_value_component_v5_variable_k5":0.000004,"data_set_value_component_v6_variable_v6":0.0000054623,"data_set_value_component_v6_variable_k6":0.0000006,"data_set_value_component_v7_variable_v7":0.0,"data_set_value_component_v7_variable_k7":0.0000001,"data_set_value_component_v7b_variable_v7b":5.542942618e-24,"data_set_value_component_v7b_variable_k7":0.0000001,"data_set_value_component_v8_variable_v8":5999.9999564867,"data_set_value_component_v8_variable_k8":500.0,"data_set_value_component_v9_variable_v9":5999.9999579477,"data_set_value_component_v9_variable_k9":1.0,"data_set_value_component_v10_variable_v10":0.0,"data_set_value_component_v10_variable_k10":0.01,"data_set_value_component_v11_variable_v11":0.0000000008,"data_set_value_component_v11_variable_k11":100.0,"data_set_value_component_v12_variable_v12":0.0000000004,"data_set_value_component_v12_variable_k12":0.5,"data_set_value_component_v13_variable_v13":0.0000001008,"data_set_value_component_v13_variable_k13":0.5,"data_set_value_component_v14_variable_v14":0.0,"data_set_value_component_v14_variable_k14":0.05,"data_set_value_component_v15_variable_v15":0.0,"data_set_value_component_v15_variable_k15":0.08,"data_set_value_component_v16_variable_v16":0.0000000238,"data_set_value_component_v16_variable_k16":1000.0,"data_set_value_component_v17_variable_v17":25.2817328774,"data_set_value_component_v17_variable_k17":0.000000008,"data_set_value_component_v18_variable_v18":716.0122643823,"data_set_value_component_v18_variable_k18":12.0,"data_set_value_component_v19_variable_v19":218.806646226,"data_set_value_component_v19_variable_k19":0.02,"data_set_value_component_v20_variable_v20":0.1,"data_set_value_component_v20_variable_k20":0.1,"data_set_value_component_v21_variable_v21":0.00100099,"data_set_value_component_v21_variable_k21":0.00001}]