[{"data_set_value_component_environment_variable_time":0.0,"data_set_value_component_R_variable_R":1.0,"data_set_value_component_O_variable_O":1.0,"data_set_value_component_I_variable_I":1.0,"data_set_value_component_RI_variable_RI":1.0,"data_set_value_component_reaction_constants_variable_Ca":0.0001,"data_set_value_component_reaction_constants_variable_ki":0.5,"data_set_value_component_reaction_constants_variable_ko":35.0,"data_set_value_component_reaction_constants_variable_kim":0.005,"data_set_value_component_reaction_constants_variable_kom":0.06},{"data_set_value_component_environment_variable_time":0.1,"data_set_value_component_R_variable_R":1.0064796716,"data_set_value_component_O_variable_O":0.9945100757,"data_set_value_component_I_variable_I":0.9935263123,"data_set_value_component_RI_variable_RI":1.0054839404,"data_set_value_component_reaction_constants_variable_Ca":0.0001,"data_set_value_component_reaction_constants_variable_ki":0.5,"data_set_value_component_reaction_constants_variable_ko":35.0,"data_set_value_component_reaction_constants_variable_kim":0.005,"data_set_value_component_reaction_constants_variable_kom":0.06},{"data_set_value_component_environment_variable_time":0.2,"data_set_value_component_R_variable_R":1.012929402,"data_set_value_component_O_variable_O":0.9890495955,"data_set_value_component_I_variable_I":0.9870942291,"data_set_value_component_RI_variable_RI":1.0109267734,"data_set_value_component_reaction_constants_variable_Ca":0.0001,"data_set_value_component_reaction_constants_variable_ki":0.5,"data_set_value_component_reaction_constants_variable_ko":35.0,"data_set_value_component_reaction_constants_variable_kim":0.005,"data_set_value_component_reaction_constants_variable_kom":0.06},{"data_set_value_component_environment_variable_time":0.3,"data_set_value_component_R_variable_R":1.0193491526,"data_set_value_component_O_variable_O":0.9836185959,"data_set_value_component_I_variable_I":0.9807037671,"data_set_value_component_RI_variable_RI":1.0163284844,"data_set_value_component_reaction_constants_variable_Ca":0.0001,"data_set_value_component_reaction_constants_variable_ki":0.5,"data_set_value_component_reaction_constants_variable_ko":35.0,"data_set_value_component_reaction_constants_variable_kim":0.005,"data_set_value_component_reaction_constants_variable_kom":0.06},{"data_set_value_component_environment_variable_time":0.4,"data_set_value_component_R_variable_R":1.0257390998,"data_set_value_component_O_variable_O":0.9782169006,"data_set_value_component_I_variable_I":0.9743546202,"data_set_value_component_RI_variable_RI":1.0216893795,"data_set_value_component_reaction_constants_variable_Ca":0.0001,"data_set_value_component_reaction_constants_variable_ki":0.5,"data_set_value_component_reaction_constants_variable_ko":35.0,"data_set_value_component_reaction_constants_variable_kim":0.005,"data_set_value_component_reaction_constants_variable_kom":0.06},{"data_set_value_component_environment_variable_time":0.5,"data_set_value_component_R_variable_R":1.032099372,"data_set_value_component_O_variable_O":0.9728443812,"data_set_value_component_I_variable_I":0.9680465668,"data_set_value_component_RI_variable_RI":1.0270096799,"data_set_value_component_reaction_constants_variable_Ca":0.0001,"data_set_value_component_reaction_constants_variable_ki":0.5,"data_set_value_component_reaction_constants_variable_ko":35.0,"data_set_value_component_reaction_constants_variable_kim":0.005,"data_set_value_component_reaction_constants_variable_kom":0.06},{"data_set_value_component_environment_variable_time":0.6,"data_set_value_component_R_variable_R":1.0384300972,"data_set_value_component_O_variable_O":0.9675009104,"data_set_value_component_I_variable_I":0.9617793866,"data_set_value_component_RI_variable_RI":1.0322896059,"data_set_value_component_reaction_constants_variable_Ca":0.0001,"data_set_value_component_reaction_constants_variable_ki":0.5,"data_set_value_component_reaction_constants_variable_ko":35.0,"data_set_value_component_reaction_constants_variable_kim":0.005,"data_set_value_component_reaction_constants_variable_kom":0.06},{"data_set_value_component_environment_variable_time":0.7,"data_set_value_component_R_variable_R":1.0447314476,"data_set_value_component_O_variable_O":0.9621863157,"data_set_value_component_I_variable_I":0.9555527825,"data_set_value_component_RI_variable_RI":1.0375294542,"data_set_value_component_reaction_constants_variable_Ca":0.0001,"data_set_value_component_reaction_constants_variable_ki":0.5,"data_set_value_component_reaction_constants_variable_ko":35.0,"data_set_value_component_reaction_constants_variable_kim":0.005,"data_set_value_component_reaction_constants_variable_kom":0.06},{"data_set_value_component_environment_variable_time":0.8,"data_set_value_component_R_variable_R":1.0510036062,"data_set_value_component_O_variable_O":0.9569004148,"data_set_value_component_I_variable_I":0.9493664408,"data_set_value_component_RI_variable_RI":1.0427295382,"data_set_value_component_reaction_constants_variable_Ca":0.0001,"data_set_value_component_reaction_constants_variable_ki":0.5,"data_set_value_component_reaction_constants_variable_ko":35.0,"data_set_value_component_reaction_constants_variable_kim":0.005,"data_set_value_component_reaction_constants_variable_kom":0.06},{"data_set_value_component_environment_variable_time":0.9,"data_set_value_component_R_variable_R":1.057246642,"data_set_value_component_O_variable_O":0.9516431387,"data_set_value_component_I_variable_I":0.9432202429,"data_set_value_component_RI_variable_RI":1.0478899765,"data_set_value_component_reaction_constants_variable_Ca":0.0001,"data_set_value_component_reaction_constants_variable_ki":0.5,"data_set_value_component_reaction_constants_variable_ko":35.0,"data_set_value_component_reaction_constants_variable_kim":0.005,"data_set_value_component_reaction_constants_variable_kom":0.06},{"data_set_value_component_environment_variable_time":1.0,"data_set_value_component_R_variable_R":1.0634607406,"data_set_value_component_O_variable_O":0.946414302,"data_set_value_component_I_variable_I":0.9371138706,"data_set_value_component_RI_variable_RI":1.0530110868,"data_set_value_component_reaction_constants_variable_Ca":0.0001,"data_set_value_component_reaction_constants_variable_ki":0.5,"data_set_value_component_reaction_constants_variable_ko":35.0,"data_set_value_component_reaction_constants_variable_kim":0.005,"data_set_value_component_reaction_constants_variable_kom":0.06}]