[{"data_set_value_component_environment_variable_time":0.0,"data_set_value_component_membrane_variable_C":0.01,"data_set_value_component_membrane_variable_T":50.0,"data_set_value_component_membrane_variable_Y":0.07,"data_set_value_component_membrane_variable_Y_infinity_Vm":0.07,"data_set_value_component_membrane_variable_Vm":-78.6,"data_set_value_component_membrane_variable_I_ion":0.000068,"data_set_value_component_membrane_variable_i1_Vm":0.007,"data_set_value_component_membrane_variable_i0_Vm":-0.0006,"data_set_value_component_membrane_variable_f_Vm":-0.0076,"data_set_value_component_membrane_variable_af":0.0000383785,"data_set_value_component_membrane_variable_bf":0.00584649,"data_set_value_component_membrane_variable_cf":0.2531834,"data_set_value_component_membrane_variable_df":2.356256},{"data_set_value_component_environment_variable_time":0.1,"data_set_value_component_membrane_variable_C":0.01,"data_set_value_component_membrane_variable_T":50.0,"data_set_value_component_membrane_variable_Y":0.07,"data_set_value_component_membrane_variable_Y_infinity_Vm":0.07,"data_set_value_component_membrane_variable_Vm":-78.6,"data_set_value_component_membrane_variable_I_ion":0.000068,"data_set_value_component_membrane_variable_i1_Vm":0.007,"data_set_value_component_membrane_variable_i0_Vm":-0.0006,"data_set_value_component_membrane_variable_f_Vm":-0.0076,"data_set_value_component_membrane_variable_af":0.0000383785,"data_set_value_component_membrane_variable_bf":0.00584649,"data_set_value_component_membrane_variable_cf":0.2531834,"data_set_value_component_membrane_variable_df":2.356256},{"data_set_value_component_environment_variable_time":0.2,"data_set_value_component_membrane_variable_C":0.01,"data_set_value_component_membrane_variable_T":50.0,"data_set_value_component_membrane_variable_Y":0.07,"data_set_value_component_membrane_variable_Y_infinity_Vm":0.07,"data_set_value_component_membrane_variable_Vm":-78.6,"data_set_value_component_membrane_variable_I_ion":0.000068,"data_set_value_component_membrane_variable_i1_Vm":0.007,"data_set_value_component_membrane_variable_i0_Vm":-0.0006,"data_set_value_component_membrane_variable_f_Vm":-0.0076,"data_set_value_component_membrane_variable_af":0.0000383785,"data_set_value_component_membrane_variable_bf":0.00584649,"data_set_value_component_membrane_variable_cf":0.2531834,"data_set_value_component_membrane_variable_df":2.356256},{"data_set_value_component_environment_variable_time":0.3,"data_set_value_component_membrane_variable_C":0.01,"data_set_value_component_membrane_variable_T":50.0,"data_set_value_component_membrane_variable_Y":0.07,"data_set_value_component_membrane_variable_Y_infinity_Vm":0.07,"data_set_value_component_membrane_variable_Vm":-78.6,"data_set_value_component_membrane_variable_I_ion":0.000068,"data_set_value_component_membrane_variable_i1_Vm":0.007,"data_set_value_component_membrane_variable_i0_Vm":-0.0006,"data_set_value_component_membrane_variable_f_Vm":-0.0076,"data_set_value_component_membrane_variable_af":0.0000383785,"data_set_value_component_membrane_variable_bf":0.00584649,"data_set_value_component_membrane_variable_cf":0.2531834,"data_set_value_component_membrane_variable_df":2.356256},{"data_set_value_component_environment_variable_time":0.4,"data_set_value_component_membrane_variable_C":0.01,"data_set_value_component_membrane_variable_T":50.0,"data_set_value_component_membrane_variable_Y":0.07,"data_set_value_component_membrane_variable_Y_infinity_Vm":0.07,"data_set_value_component_membrane_variable_Vm":-78.6,"data_set_value_component_membrane_variable_I_ion":0.000068,"data_set_value_component_membrane_variable_i1_Vm":0.007,"data_set_value_component_membrane_variable_i0_Vm":-0.0006,"data_set_value_component_membrane_variable_f_Vm":-0.0076,"data_set_value_component_membrane_variable_af":0.0000383785,"data_set_value_component_membrane_variable_bf":0.00584649,"data_set_value_component_membrane_variable_cf":0.2531834,"data_set_value_component_membrane_variable_df":2.356256},{"data_set_value_component_environment_variable_time":0.5,"data_set_value_component_membrane_variable_C":0.01,"data_set_value_component_membrane_variable_T":50.0,"data_set_value_component_membrane_variable_Y":0.07,"data_set_value_component_membrane_variable_Y_infinity_Vm":0.07,"data_set_value_component_membrane_variable_Vm":-78.6,"data_set_value_component_membrane_variable_I_ion":0.000068,"data_set_value_component_membrane_variable_i1_Vm":0.007,"data_set_value_component_membrane_variable_i0_Vm":-0.0006,"data_set_value_component_membrane_variable_f_Vm":-0.0076,"data_set_value_component_membrane_variable_af":0.0000383785,"data_set_value_component_membrane_variable_bf":0.00584649,"data_set_value_component_membrane_variable_cf":0.2531834,"data_set_value_component_membrane_variable_df":2.356256},{"data_set_value_component_environment_variable_time":0.6,"data_set_value_component_membrane_variable_C":0.01,"data_set_value_component_membrane_variable_T":50.0,"data_set_value_component_membrane_variable_Y":0.07,"data_set_value_component_membrane_variable_Y_infinity_Vm":0.07,"data_set_value_component_membrane_variable_Vm":-78.6,"data_set_value_component_membrane_variable_I_ion":0.000068,"data_set_value_component_membrane_variable_i1_Vm":0.007,"data_set_value_component_membrane_variable_i0_Vm":-0.0006,"data_set_value_component_membrane_variable_f_Vm":-0.0076,"data_set_value_component_membrane_variable_af":0.0000383785,"data_set_value_component_membrane_variable_bf":0.00584649,"data_set_value_component_membrane_variable_cf":0.2531834,"data_set_value_component_membrane_variable_df":2.356256},{"data_set_value_component_environment_variable_time":0.7,"data_set_value_component_membrane_variable_C":0.01,"data_set_value_component_membrane_variable_T":50.0,"data_set_value_component_membrane_variable_Y":0.07,"data_set_value_component_membrane_variable_Y_infinity_Vm":0.07,"data_set_value_component_membrane_variable_Vm":-78.6,"data_set_value_component_membrane_variable_I_ion":0.000068,"data_set_value_component_membrane_variable_i1_Vm":0.007,"data_set_value_component_membrane_variable_i0_Vm":-0.0006,"data_set_value_component_membrane_variable_f_Vm":-0.0076,"data_set_value_component_membrane_variable_af":0.0000383785,"data_set_value_component_membrane_variable_bf":0.00584649,"data_set_value_component_membrane_variable_cf":0.2531834,"data_set_value_component_membrane_variable_df":2.356256},{"data_set_value_component_environment_variable_time":0.8,"data_set_value_component_membrane_variable_C":0.01,"data_set_value_component_membrane_variable_T":50.0,"data_set_value_component_membrane_variable_Y":0.07,"data_set_value_component_membrane_variable_Y_infinity_Vm":0.07,"data_set_value_component_membrane_variable_Vm":-78.6,"data_set_value_component_membrane_variable_I_ion":0.000068,"data_set_value_component_membrane_variable_i1_Vm":0.007,"data_set_value_component_membrane_variable_i0_Vm":-0.0006,"data_set_value_component_membrane_variable_f_Vm":-0.0076,"data_set_value_component_membrane_variable_af":0.0000383785,"data_set_value_component_membrane_variable_bf":0.00584649,"data_set_value_component_membrane_variable_cf":0.2531834,"data_set_value_component_membrane_variable_df":2.356256},{"data_set_value_component_environment_variable_time":0.9,"data_set_value_component_membrane_variable_C":0.01,"data_set_value_component_membrane_variable_T":50.0,"data_set_value_component_membrane_variable_Y":0.07,"data_set_value_component_membrane_variable_Y_infinity_Vm":0.07,"data_set_value_component_membrane_variable_Vm":-78.6,"data_set_value_component_membrane_variable_I_ion":0.000068,"data_set_value_component_membrane_variable_i1_Vm":0.007,"data_set_value_component_membrane_variable_i0_Vm":-0.0006,"data_set_value_component_membrane_variable_f_Vm":-0.0076,"data_set_value_component_membrane_variable_af":0.0000383785,"data_set_value_component_membrane_variable_bf":0.00584649,"data_set_value_component_membrane_variable_cf":0.2531834,"data_set_value_component_membrane_variable_df":2.356256},{"data_set_value_component_environment_variable_time":1.0,"data_set_value_component_membrane_variable_C":0.01,"data_set_value_component_membrane_variable_T":50.0,"data_set_value_component_membrane_variable_Y":0.07,"data_set_value_component_membrane_variable_Y_infinity_Vm":0.07,"data_set_value_component_membrane_variable_Vm":-78.6,"data_set_value_component_membrane_variable_I_ion":0.000068,"data_set_value_component_membrane_variable_i1_Vm":0.007,"data_set_value_component_membrane_variable_i0_Vm":-0.0006,"data_set_value_component_membrane_variable_f_Vm":-0.0076,"data_set_value_component_membrane_variable_af":0.0000383785,"data_set_value_component_membrane_variable_bf":0.00584649,"data_set_value_component_membrane_variable_cf":0.2531834,"data_set_value_component_membrane_variable_df":2.356256}]