[{"data_generator_T":0.0,"data_generator_V":-81.0},{"data_generator_T":2.0,"data_generator_V":-82.566467},{"data_generator_T":4.0,"data_generator_V":-83.492538},{"data_generator_T":6.0,"data_generator_V":-84.012688},{"data_generator_T":8.0,"data_generator_V":-84.294792},{"data_generator_T":10.0,"data_generator_V":-84.443565},{"data_generator_T":12.0,"data_generator_V":-84.519783},{"data_generator_T":14.0,"data_generator_V":-84.557304},{"data_generator_T":16.0,"data_generator_V":-84.574608},{"data_generator_T":18.0,"data_generator_V":-84.581581},{"data_generator_T":20.0,"data_generator_V":-84.583466},{"data_generator_T":22.0,"data_generator_V":-71.37262},{"data_generator_T":24.0,"data_generator_V":-59.12394},{"data_generator_T":26.0,"data_generator_V":38.779465},{"data_generator_T":28.0,"data_generator_V":28.757576},{"data_generator_T":30.0,"data_generator_V":21.359674},{"data_generator_T":32.0,"data_generator_V":16.207989},{"data_generator_T":34.0,"data_generator_V":12.867537},{"data_generator_T":36.0,"data_generator_V":10.86329},{"data_generator_T":38.0,"data_generator_V":9.7748613},{"data_generator_T":40.0,"data_generator_V":9.2852411},{"data_generator_T":42.0,"data_generator_V":9.1723719},{"data_generator_T":44.0,"data_generator_V":9.2852993},{"data_generator_T":46.0,"data_generator_V":9.5231676},{"data_generator_T":48.0,"data_generator_V":9.8198128},{"data_generator_T":50.0,"data_generator_V":10.132863},{"data_generator_T":52.0,"data_generator_V":10.436091},{"data_generator_T":54.0,"data_generator_V":10.714077},{"data_generator_T":56.0,"data_generator_V":10.958514},{"data_generator_T":58.0,"data_generator_V":11.165692},{"data_generator_T":60.0,"data_generator_V":11.334796},{"data_generator_T":62.0,"data_generator_V":11.466774},{"data_generator_T":64.0,"data_generator_V":11.563594},{"data_generator_T":66.0,"data_generator_V":11.627758},{"data_generator_T":68.0,"data_generator_V":11.661997},{"data_generator_T":70.0,"data_generator_V":11.669075},{"data_generator_T":72.0,"data_generator_V":11.651676},{"data_generator_T":74.0,"data_generator_V":11.612332},{"data_generator_T":76.0,"data_generator_V":11.553393},{"data_generator_T":78.0,"data_generator_V":11.477012},{"data_generator_T":80.0,"data_generator_V":11.385139},{"data_generator_T":82.0,"data_generator_V":11.279534},{"data_generator_T":84.0,"data_generator_V":11.161777},{"data_generator_T":86.0,"data_generator_V":11.033273},{"data_generator_T":88.0,"data_generator_V":10.895278},{"data_generator_T":90.0,"data_generator_V":10.748903},{"data_generator_T":92.0,"data_generator_V":10.595136},{"data_generator_T":94.0,"data_generator_V":10.434845},{"data_generator_T":96.0,"data_generator_V":10.268799},{"data_generator_T":98.0,"data_generator_V":10.097673},{"data_generator_T":100.0,"data_generator_V":9.9220638},{"data_generator_T":102.0,"data_generator_V":9.7424889},{"data_generator_T":104.0,"data_generator_V":9.5594053},{"data_generator_T":106.0,"data_generator_V":9.37321},{"data_generator_T":108.0,"data_generator_V":9.1842499},{"data_generator_T":110.0,"data_generator_V":8.9928246},{"data_generator_T":112.0,"data_generator_V":8.7991934},{"data_generator_T":114.0,"data_generator_V":8.6035805},{"data_generator_T":116.0,"data_generator_V":8.4061766},{"data_generator_T":118.0,"data_generator_V":8.2071438},{"data_generator_T":120.0,"data_generator_V":8.0066195},{"data_generator_T":122.0,"data_generator_V":7.804718},{"data_generator_T":124.0,"data_generator_V":7.6015344},{"data_generator_T":126.0,"data_generator_V":7.3971453},{"data_generator_T":128.0,"data_generator_V":7.1916103},{"data_generator_T":130.0,"data_generator_V":6.9849768},{"data_generator_T":132.0,"data_generator_V":6.777277},{"data_generator_T":134.0,"data_generator_V":6.5685344},{"data_generator_T":136.0,"data_generator_V":6.3587599},{"data_generator_T":138.0,"data_generator_V":6.1479568},{"data_generator_T":140.0,"data_generator_V":5.9361191},{"data_generator_T":142.0,"data_generator_V":5.7232337},{"data_generator_T":144.0,"data_generator_V":5.5092812},{"data_generator_T":146.0,"data_generator_V":5.2942352},{"data_generator_T":148.0,"data_generator_V":5.0780644},{"data_generator_T":150.0,"data_generator_V":4.8607321},{"data_generator_T":152.0,"data_generator_V":4.6421967},{"data_generator_T":154.0,"data_generator_V":4.4224129},{"data_generator_T":156.0,"data_generator_V":4.2013307},{"data_generator_T":158.0,"data_generator_V":3.9788966},{"data_generator_T":160.0,"data_generator_V":3.7550535},{"data_generator_T":162.0,"data_generator_V":3.5297415},{"data_generator_T":164.0,"data_generator_V":3.3028972},{"data_generator_T":166.0,"data_generator_V":3.0744541},{"data_generator_T":168.0,"data_generator_V":2.8443432},{"data_generator_T":170.0,"data_generator_V":2.6124926},{"data_generator_T":172.0,"data_generator_V":2.3788283},{"data_generator_T":174.0,"data_generator_V":2.1432734},{"data_generator_T":176.0,"data_generator_V":1.9057484},{"data_generator_T":178.0,"data_generator_V":1.6661723},{"data_generator_T":180.0,"data_generator_V":1.424461},{"data_generator_T":182.0,"data_generator_V":1.180529},{"data_generator_T":184.0,"data_generator_V":0.93428797},{"data_generator_T":186.0,"data_generator_V":0.6856482},{"data_generator_T":188.0,"data_generator_V":0.43451753},{"data_generator_T":190.0,"data_generator_V":0.18080215},{"data_generator_T":192.0,"data_generator_V":-0.075593643},{"data_generator_T":194.0,"data_generator_V":-0.33476731},{"data_generator_T":196.0,"data_generator_V":-0.59681797},{"data_generator_T":198.0,"data_generator_V":-0.86184633},{"data_generator_T":200.0,"data_generator_V":-1.1299545},{"data_generator_T":202.0,"data_generator_V":-1.4012461},{"data_generator_T":204.0,"data_generator_V":-1.6758257},{"data_generator_T":206.0,"data_generator_V":-1.9537995},{"data_generator_T":208.0,"data_generator_V":-2.2352738},{"data_generator_T":210.0,"data_generator_V":-2.5203567},{"data_generator_T":212.0,"data_generator_V":-2.8091557},{"data_generator_T":214.0,"data_generator_V":-3.1017799},{"data_generator_T":216.0,"data_generator_V":-3.3983374},{"data_generator_T":218.0,"data_generator_V":-3.6989369},{"data_generator_T":220.0,"data_generator_V":-4.0036864},{"data_generator_T":222.0,"data_generator_V":-4.3126931},{"data_generator_T":224.0,"data_generator_V":-4.6260638},{"data_generator_T":226.0,"data_generator_V":-4.9439025},{"data_generator_T":228.0,"data_generator_V":-5.2663131},{"data_generator_T":230.0,"data_generator_V":-5.5933962},{"data_generator_T":232.0,"data_generator_V":-5.9252501},{"data_generator_T":234.0,"data_generator_V":-6.2619696},{"data_generator_T":236.0,"data_generator_V":-6.6036463},{"data_generator_T":238.0,"data_generator_V":-6.950367},{"data_generator_T":240.0,"data_generator_V":-7.3022141},{"data_generator_T":242.0,"data_generator_V":-7.659265},{"data_generator_T":244.0,"data_generator_V":-8.0215902},{"data_generator_T":246.0,"data_generator_V":-8.3892536},{"data_generator_T":248.0,"data_generator_V":-8.762311},{"data_generator_T":250.0,"data_generator_V":-9.1408129},{"data_generator_T":252.0,"data_generator_V":-9.5247965},{"data_generator_T":254.0,"data_generator_V":-9.9142914},{"data_generator_T":256.0,"data_generator_V":-10.309319},{"data_generator_T":258.0,"data_generator_V":-10.709884},{"data_generator_T":260.0,"data_generator_V":-11.115982},{"data_generator_T":262.0,"data_generator_V":-11.527596},{"data_generator_T":264.0,"data_generator_V":-11.944696},{"data_generator_T":266.0,"data_generator_V":-12.367235},{"data_generator_T":268.0,"data_generator_V":-12.795154},{"data_generator_T":270.0,"data_generator_V":-13.228374},{"data_generator_T":272.0,"data_generator_V":-13.666804},{"data_generator_T":274.0,"data_generator_V":-14.110339},{"data_generator_T":276.0,"data_generator_V":-14.558854},{"data_generator_T":278.0,"data_generator_V":-15.012211},{"data_generator_T":280.0,"data_generator_V":-15.470258},{"data_generator_T":282.0,"data_generator_V":-15.932828},{"data_generator_T":284.0,"data_generator_V":-16.399744},{"data_generator_T":286.0,"data_generator_V":-16.870821},{"data_generator_T":288.0,"data_generator_V":-17.345863},{"data_generator_T":290.0,"data_generator_V":-17.824678},{"data_generator_T":292.0,"data_generator_V":-18.30707},{"data_generator_T":294.0,"data_generator_V":-18.79285},{"data_generator_T":296.0,"data_generator_V":-19.281845},{"data_generator_T":298.0,"data_generator_V":-19.773895},{"data_generator_T":300.0,"data_generator_V":-20.268869},{"data_generator_T":302.0,"data_generator_V":-20.76667},{"data_generator_T":304.0,"data_generator_V":-21.267241},{"data_generator_T":306.0,"data_generator_V":-21.770569},{"data_generator_T":308.0,"data_generator_V":-22.276712},{"data_generator_T":310.0,"data_generator_V":-22.785788},{"data_generator_T":312.0,"data_generator_V":-23.297991},{"data_generator_T":314.0,"data_generator_V":-23.813601},{"data_generator_T":316.0,"data_generator_V":-24.332994},{"data_generator_T":318.0,"data_generator_V":-24.856646},{"data_generator_T":320.0,"data_generator_V":-25.385134},{"data_generator_T":322.0,"data_generator_V":-25.919151},{"data_generator_T":324.0,"data_generator_V":-26.459513},{"data_generator_T":326.0,"data_generator_V":-27.007147},{"data_generator_T":328.0,"data_generator_V":-27.563108},{"data_generator_T":330.0,"data_generator_V":-28.128578},{"data_generator_T":332.0,"data_generator_V":-28.704861},{"data_generator_T":334.0,"data_generator_V":-29.293386},{"data_generator_T":336.0,"data_generator_V":-29.895716},{"data_generator_T":338.0,"data_generator_V":-30.513538},{"data_generator_T":340.0,"data_generator_V":-31.148682},{"data_generator_T":342.0,"data_generator_V":-31.803122},{"data_generator_T":344.0,"data_generator_V":-32.479},{"data_generator_T":346.0,"data_generator_V":-33.178658},{"data_generator_T":348.0,"data_generator_V":-33.904667},{"data_generator_T":350.0,"data_generator_V":-34.659897},{"data_generator_T":352.0,"data_generator_V":-35.447563},{"data_generator_T":354.0,"data_generator_V":-36.271347},{"data_generator_T":356.0,"data_generator_V":-37.135468},{"data_generator_T":358.0,"data_generator_V":-38.044819},{"data_generator_T":360.0,"data_generator_V":-39.005116},{"data_generator_T":362.0,"data_generator_V":-40.023033},{"data_generator_T":364.0,"data_generator_V":-41.106369},{"data_generator_T":366.0,"data_generator_V":-42.264179},{"data_generator_T":368.0,"data_generator_V":-43.50708},{"data_generator_T":370.0,"data_generator_V":-44.847507},{"data_generator_T":372.0,"data_generator_V":-46.299961},{"data_generator_T":374.0,"data_generator_V":-47.881222},{"data_generator_T":376.0,"data_generator_V":-49.610512},{"data_generator_T":378.0,"data_generator_V":-51.509289},{"data_generator_T":380.0,"data_generator_V":-53.600391},{"data_generator_T":382.0,"data_generator_V":-55.905796},{"data_generator_T":384.0,"data_generator_V":-58.441822},{"data_generator_T":386.0,"data_generator_V":-61.209969},{"data_generator_T":388.0,"data_generator_V":-64.181725},{"data_generator_T":390.0,"data_generator_V":-67.278702},{"data_generator_T":392.0,"data_generator_V":-70.35878},{"data_generator_T":394.0,"data_generator_V":-73.230942},{"data_generator_T":396.0,"data_generator_V":-75.712784},{"data_generator_T":398.0,"data_generator_V":-77.701111},{"data_generator_T":400.0,"data_generator_V":-79.198517},{"data_generator_T":402.0,"data_generator_V":-80.282005},{"data_generator_T":404.0,"data_generator_V":-81.052689},{"data_generator_T":406.0,"data_generator_V":-81.601761},{"data_generator_T":408.0,"data_generator_V":-81.998489},{"data_generator_T":410.0,"data_generator_V":-82.291016},{"data_generator_T":412.0,"data_generator_V":-82.511436},{"data_generator_T":414.0,"data_generator_V":-82.680878},{"data_generator_T":416.0,"data_generator_V":-82.813377},{"data_generator_T":418.0,"data_generator_V":-82.918465},{"data_generator_T":420.0,"data_generator_V":-83.002762},{"data_generator_T":422.0,"data_generator_V":-83.071053},{"data_generator_T":424.0,"data_generator_V":-83.126854},{"data_generator_T":426.0,"data_generator_V":-83.172813},{"data_generator_T":428.0,"data_generator_V":-83.210983},{"data_generator_T":430.0,"data_generator_V":-83.24295},{"data_generator_T":432.0,"data_generator_V":-83.269974},{"data_generator_T":434.0,"data_generator_V":-83.293037},{"data_generator_T":436.0,"data_generator_V":-83.312943},{"data_generator_T":438.0,"data_generator_V":-83.330315},{"data_generator_T":440.0,"data_generator_V":-83.345657},{"data_generator_T":442.0,"data_generator_V":-83.359383},{"data_generator_T":444.0,"data_generator_V":-83.371803},{"data_generator_T":446.0,"data_generator_V":-83.383202},{"data_generator_T":448.0,"data_generator_V":-83.393761},{"data_generator_T":450.0,"data_generator_V":-83.403671},{"data_generator_T":452.0,"data_generator_V":-83.413055},{"data_generator_T":454.0,"data_generator_V":-83.42202},{"data_generator_T":456.0,"data_generator_V":-83.430649},{"data_generator_T":458.0,"data_generator_V":-83.439011},{"data_generator_T":460.0,"data_generator_V":-83.447166},{"data_generator_T":462.0,"data_generator_V":-83.455147},{"data_generator_T":464.0,"data_generator_V":-83.462997},{"data_generator_T":466.0,"data_generator_V":-83.470734},{"data_generator_T":468.0,"data_generator_V":-83.478378},{"data_generator_T":470.0,"data_generator_V":-83.485947},{"data_generator_T":472.0,"data_generator_V":-83.493454},{"data_generator_T":474.0,"data_generator_V":-83.500908},{"data_generator_T":476.0,"data_generator_V":-83.508316},{"data_generator_T":478.0,"data_generator_V":-83.515671},{"data_generator_T":480.0,"data_generator_V":-83.522995},{"data_generator_T":482.0,"data_generator_V":-83.530281},{"data_generator_T":484.0,"data_generator_V":-83.537537},{"data_generator_T":486.0,"data_generator_V":-83.544754},{"data_generator_T":488.0,"data_generator_V":-83.551941},{"data_generator_T":490.0,"data_generator_V":-83.559097},{"data_generator_T":492.0,"data_generator_V":-83.566216},{"data_generator_T":494.0,"data_generator_V":-83.573303},{"data_generator_T":496.0,"data_generator_V":-83.58036},{"data_generator_T":498.0,"data_generator_V":-83.587387},{"data_generator_T":500.0,"data_generator_V":-83.594376},{"data_generator_T":502.0,"data_generator_V":-83.601334},{"data_generator_T":504.0,"data_generator_V":-83.608261},{"data_generator_T":506.0,"data_generator_V":-83.61515},{"data_generator_T":508.0,"data_generator_V":-83.622009},{"data_generator_T":510.0,"data_generator_V":-83.62883},{"data_generator_T":512.0,"data_generator_V":-83.635612},{"data_generator_T":514.0,"data_generator_V":-83.642365},{"data_generator_T":516.0,"data_generator_V":-83.649078},{"data_generator_T":518.0,"data_generator_V":-83.655762},{"data_generator_T":520.0,"data_generator_V":-83.662399},{"data_generator_T":522.0,"data_generator_V":-70.779327},{"data_generator_T":524.0,"data_generator_V":-59.227608},{"data_generator_T":526.0,"data_generator_V":38.229294},{"data_generator_T":528.0,"data_generator_V":26.544353},{"data_generator_T":530.0,"data_generator_V":17.820185},{"data_generator_T":532.0,"data_generator_V":11.763015},{"data_generator_T":534.0,"data_generator_V":7.8445125},{"data_generator_T":536.0,"data_generator_V":5.4286737},{"data_generator_T":538.0,"data_generator_V":4.0095997},{"data_generator_T":540.0,"data_generator_V":3.2466555},{"data_generator_T":542.0,"data_generator_V":2.9151776},{"data_generator_T":544.0,"data_generator_V":2.863992},{"data_generator_T":546.0,"data_generator_V":2.9893332},{"data_generator_T":548.0,"data_generator_V":3.2192917},{"data_generator_T":550.0,"data_generator_V":3.5041232},{"data_generator_T":552.0,"data_generator_V":3.8098457},{"data_generator_T":554.0,"data_generator_V":4.1137834},{"data_generator_T":556.0,"data_generator_V":4.401351},{"data_generator_T":558.0,"data_generator_V":4.6636949},{"data_generator_T":560.0,"data_generator_V":4.8959503},{"data_generator_T":562.0,"data_generator_V":5.0959692},{"data_generator_T":564.0,"data_generator_V":5.2634029},{"data_generator_T":566.0,"data_generator_V":5.3990483},{"data_generator_T":568.0,"data_generator_V":5.5043926},{"data_generator_T":570.0,"data_generator_V":5.581305},{"data_generator_T":572.0,"data_generator_V":5.6318264},{"data_generator_T":574.0,"data_generator_V":5.6580367},{"data_generator_T":576.0,"data_generator_V":5.6619692},{"data_generator_T":578.0,"data_generator_V":5.6455588},{"data_generator_T":580.0,"data_generator_V":5.6106157},{"data_generator_T":582.0,"data_generator_V":5.5588117},{"data_generator_T":584.0,"data_generator_V":5.4916763},{"data_generator_T":586.0,"data_generator_V":5.4106011},{"data_generator_T":588.0,"data_generator_V":5.3168445},{"data_generator_T":590.0,"data_generator_V":5.2115407},{"data_generator_T":592.0,"data_generator_V":5.0957079},{"data_generator_T":594.0,"data_generator_V":4.9702587},{"data_generator_T":596.0,"data_generator_V":4.8360085},{"data_generator_T":598.0,"data_generator_V":4.6936846},{"data_generator_T":600.0,"data_generator_V":4.5439348},{"data_generator_T":602.0,"data_generator_V":4.3873339},{"data_generator_T":604.0,"data_generator_V":4.224391},{"data_generator_T":606.0,"data_generator_V":4.0555563},{"data_generator_T":608.0,"data_generator_V":3.8812277},{"data_generator_T":610.0,"data_generator_V":3.7017536},{"data_generator_T":612.0,"data_generator_V":3.5174398},{"data_generator_T":614.0,"data_generator_V":3.3285525},{"data_generator_T":616.0,"data_generator_V":3.1353228},{"data_generator_T":618.0,"data_generator_V":2.9379497},{"data_generator_T":620.0,"data_generator_V":2.7366035},{"data_generator_T":622.0,"data_generator_V":2.5314281},{"data_generator_T":624.0,"data_generator_V":2.3225439},{"data_generator_T":626.0,"data_generator_V":2.11005},{"data_generator_T":628.0,"data_generator_V":1.8940256},{"data_generator_T":630.0,"data_generator_V":1.6745324},{"data_generator_T":632.0,"data_generator_V":1.4516162},{"data_generator_T":634.0,"data_generator_V":1.2253073},{"data_generator_T":636.0,"data_generator_V":0.99562359},{"data_generator_T":638.0,"data_generator_V":0.76256984},{"data_generator_T":640.0,"data_generator_V":0.52613997},{"data_generator_T":642.0,"data_generator_V":0.28631735},{"data_generator_T":644.0,"data_generator_V":0.04307596},{"data_generator_T":646.0,"data_generator_V":-0.20361897},{"data_generator_T":648.0,"data_generator_V":-0.4538103},{"data_generator_T":650.0,"data_generator_V":-0.70754832},{"data_generator_T":652.0,"data_generator_V":-0.96489006},{"data_generator_T":654.0,"data_generator_V":-1.225899},{"data_generator_T":656.0,"data_generator_V":-1.4906443},{"data_generator_T":658.0,"data_generator_V":-1.7592006},{"data_generator_T":660.0,"data_generator_V":-2.0316472},{"data_generator_T":662.0,"data_generator_V":-2.308068},{"data_generator_T":664.0,"data_generator_V":-2.5885515},{"data_generator_T":666.0,"data_generator_V":-2.8731887},{"data_generator_T":668.0,"data_generator_V":-3.162075},{"data_generator_T":670.0,"data_generator_V":-3.4553082},{"data_generator_T":672.0,"data_generator_V":-3.7529886},{"data_generator_T":674.0,"data_generator_V":-4.0552187},{"data_generator_T":676.0,"data_generator_V":-4.362103},{"data_generator_T":678.0,"data_generator_V":-4.6737466},{"data_generator_T":680.0,"data_generator_V":-4.9902563},{"data_generator_T":682.0,"data_generator_V":-5.311739},{"data_generator_T":684.0,"data_generator_V":-5.6383014},{"data_generator_T":686.0,"data_generator_V":-5.9700499},{"data_generator_T":688.0,"data_generator_V":-6.3070903},{"data_generator_T":690.0,"data_generator_V":-6.6495256},{"data_generator_T":692.0,"data_generator_V":-6.997458},{"data_generator_T":694.0,"data_generator_V":-7.3509865},{"data_generator_T":696.0,"data_generator_V":-7.710207},{"data_generator_T":698.0,"data_generator_V":-8.0752115},{"data_generator_T":700.0,"data_generator_V":-8.4460859},{"data_generator_T":702.0,"data_generator_V":-8.8229141},{"data_generator_T":704.0,"data_generator_V":-9.2057695},{"data_generator_T":706.0,"data_generator_V":-9.5947218},{"data_generator_T":708.0,"data_generator_V":-9.9898329},{"data_generator_T":710.0,"data_generator_V":-10.391154},{"data_generator_T":712.0,"data_generator_V":-10.798729},{"data_generator_T":714.0,"data_generator_V":-11.212591},{"data_generator_T":716.0,"data_generator_V":-11.632763},{"data_generator_T":718.0,"data_generator_V":-12.059254},{"data_generator_T":720.0,"data_generator_V":-12.492062},{"data_generator_T":722.0,"data_generator_V":-12.931173},{"data_generator_T":724.0,"data_generator_V":-13.376558},{"data_generator_T":726.0,"data_generator_V":-13.828176},{"data_generator_T":728.0,"data_generator_V":-14.285967},{"data_generator_T":730.0,"data_generator_V":-14.749864},{"data_generator_T":732.0,"data_generator_V":-15.219782},{"data_generator_T":734.0,"data_generator_V":-15.695624},{"data_generator_T":736.0,"data_generator_V":-16.177286},{"data_generator_T":738.0,"data_generator_V":-16.66465},{"data_generator_T":740.0,"data_generator_V":-17.157595},{"data_generator_T":742.0,"data_generator_V":-17.655996},{"data_generator_T":744.0,"data_generator_V":-18.159733},{"data_generator_T":746.0,"data_generator_V":-18.668688},{"data_generator_T":748.0,"data_generator_V":-19.18276},{"data_generator_T":750.0,"data_generator_V":-19.701872},{"data_generator_T":752.0,"data_generator_V":-20.225971},{"data_generator_T":754.0,"data_generator_V":-20.755049},{"data_generator_T":756.0,"data_generator_V":-21.289143},{"data_generator_T":758.0,"data_generator_V":-21.828358},{"data_generator_T":760.0,"data_generator_V":-22.372868},{"data_generator_T":762.0,"data_generator_V":-22.922935},{"data_generator_T":764.0,"data_generator_V":-23.478924},{"data_generator_T":766.0,"data_generator_V":-24.041307},{"data_generator_T":768.0,"data_generator_V":-24.610682},{"data_generator_T":770.0,"data_generator_V":-25.187782},{"data_generator_T":772.0,"data_generator_V":-25.773485},{"data_generator_T":774.0,"data_generator_V":-26.368818},{"data_generator_T":776.0,"data_generator_V":-26.974968},{"data_generator_T":778.0,"data_generator_V":-27.593275},{"data_generator_T":780.0,"data_generator_V":-28.225239},{"data_generator_T":782.0,"data_generator_V":-28.872517},{"data_generator_T":784.0,"data_generator_V":-29.536911},{"data_generator_T":786.0,"data_generator_V":-30.220367},{"data_generator_T":788.0,"data_generator_V":-30.924973},{"data_generator_T":790.0,"data_generator_V":-31.652964},{"data_generator_T":792.0,"data_generator_V":-32.406731},{"data_generator_T":794.0,"data_generator_V":-33.188862},{"data_generator_T":796.0,"data_generator_V":-34.002182},{"data_generator_T":798.0,"data_generator_V":-34.849831},{"data_generator_T":800.0,"data_generator_V":-35.735378},{"data_generator_T":802.0,"data_generator_V":-36.66293},{"data_generator_T":804.0,"data_generator_V":-37.637287},{"data_generator_T":806.0,"data_generator_V":-38.664131},{"data_generator_T":808.0,"data_generator_V":-39.750183},{"data_generator_T":810.0,"data_generator_V":-40.903416},{"data_generator_T":812.0,"data_generator_V":-42.133167},{"data_generator_T":814.0,"data_generator_V":-43.450466},{"data_generator_T":816.0,"data_generator_V":-44.868259},{"data_generator_T":818.0,"data_generator_V":-46.401669},{"data_generator_T":820.0,"data_generator_V":-48.068146},{"data_generator_T":822.0,"data_generator_V":-49.887486},{"data_generator_T":824.0,"data_generator_V":-51.881424},{"data_generator_T":826.0,"data_generator_V":-54.072357},{"data_generator_T":828.0,"data_generator_V":-56.480312},{"data_generator_T":830.0,"data_generator_V":-59.116863},{"data_generator_T":832.0,"data_generator_V":-61.974167},{"data_generator_T":834.0,"data_generator_V":-65.008057},{"data_generator_T":836.0,"data_generator_V":-68.119064},{"data_generator_T":838.0,"data_generator_V":-71.146301},{"data_generator_T":840.0,"data_generator_V":-73.896851},{"data_generator_T":842.0,"data_generator_V":-76.212219},{"data_generator_T":844.0,"data_generator_V":-78.02774},{"data_generator_T":846.0,"data_generator_V":-79.376961},{"data_generator_T":848.0,"data_generator_V":-80.349281},{"data_generator_T":850.0,"data_generator_V":-81.043671},{"data_generator_T":852.0,"data_generator_V":-81.543213},{"data_generator_T":854.0,"data_generator_V":-81.908798},{"data_generator_T":856.0,"data_generator_V":-82.18203},{"data_generator_T":858.0,"data_generator_V":-82.390549},{"data_generator_T":860.0,"data_generator_V":-82.552635},{"data_generator_T":862.0,"data_generator_V":-82.68058},{"data_generator_T":864.0,"data_generator_V":-82.782852},{"data_generator_T":866.0,"data_generator_V":-82.865448},{"data_generator_T":868.0,"data_generator_V":-82.932762},{"data_generator_T":870.0,"data_generator_V":-82.988068},{"data_generator_T":872.0,"data_generator_V":-83.033875},{"data_generator_T":874.0,"data_generator_V":-83.072128},{"data_generator_T":876.0,"data_generator_V":-83.104355},{"data_generator_T":878.0,"data_generator_V":-83.131752},{"data_generator_T":880.0,"data_generator_V":-83.155296},{"data_generator_T":882.0,"data_generator_V":-83.175743},{"data_generator_T":884.0,"data_generator_V":-83.19371},{"data_generator_T":886.0,"data_generator_V":-83.209694},{"data_generator_T":888.0,"data_generator_V":-83.224083},{"data_generator_T":890.0,"data_generator_V":-83.237198},{"data_generator_T":892.0,"data_generator_V":-83.249298},{"data_generator_T":894.0,"data_generator_V":-83.260574},{"data_generator_T":896.0,"data_generator_V":-83.27121},{"data_generator_T":898.0,"data_generator_V":-83.281326},{"data_generator_T":900.0,"data_generator_V":-83.291023},{"data_generator_T":902.0,"data_generator_V":-83.3004},{"data_generator_T":904.0,"data_generator_V":-83.309502},{"data_generator_T":906.0,"data_generator_V":-83.318398},{"data_generator_T":908.0,"data_generator_V":-83.327126},{"data_generator_T":910.0,"data_generator_V":-83.335716},{"data_generator_T":912.0,"data_generator_V":-83.344193},{"data_generator_T":914.0,"data_generator_V":-83.352577},{"data_generator_T":916.0,"data_generator_V":-83.360886},{"data_generator_T":918.0,"data_generator_V":-83.369133},{"data_generator_T":920.0,"data_generator_V":-83.377319},{"data_generator_T":922.0,"data_generator_V":-83.38546},{"data_generator_T":924.0,"data_generator_V":-83.393555},{"data_generator_T":926.0,"data_generator_V":-83.401611},{"data_generator_T":928.0,"data_generator_V":-83.40963},{"data_generator_T":930.0,"data_generator_V":-83.41761},{"data_generator_T":932.0,"data_generator_V":-83.425552},{"data_generator_T":934.0,"data_generator_V":-83.433464},{"data_generator_T":936.0,"data_generator_V":-83.441338},{"data_generator_T":938.0,"data_generator_V":-83.449181},{"data_generator_T":940.0,"data_generator_V":-83.456985},{"data_generator_T":942.0,"data_generator_V":-83.46476},{"data_generator_T":944.0,"data_generator_V":-83.472496},{"data_generator_T":946.0,"data_generator_V":-83.480194},{"data_generator_T":948.0,"data_generator_V":-83.487862},{"data_generator_T":950.0,"data_generator_V":-83.495491},{"data_generator_T":952.0,"data_generator_V":-83.503082},{"data_generator_T":954.0,"data_generator_V":-83.510643},{"data_generator_T":956.0,"data_generator_V":-83.518158},{"data_generator_T":958.0,"data_generator_V":-83.525642},{"data_generator_T":960.0,"data_generator_V":-83.533089},{"data_generator_T":962.0,"data_generator_V":-83.540497},{"data_generator_T":964.0,"data_generator_V":-83.547859},{"data_generator_T":966.0,"data_generator_V":-83.555191},{"data_generator_T":968.0,"data_generator_V":-83.562485},{"data_generator_T":970.0,"data_generator_V":-83.569733},{"data_generator_T":972.0,"data_generator_V":-83.576942},{"data_generator_T":974.0,"data_generator_V":-83.584122},{"data_generator_T":976.0,"data_generator_V":-83.591255},{"data_generator_T":978.0,"data_generator_V":-83.598343},{"data_generator_T":980.0,"data_generator_V":-83.6054},{"data_generator_T":982.0,"data_generator_V":-83.612411},{"data_generator_T":984.0,"data_generator_V":-83.619385},{"data_generator_T":986.0,"data_generator_V":-83.62632},{"data_generator_T":988.0,"data_generator_V":-83.633217},{"data_generator_T":990.0,"data_generator_V":-83.640068},{"data_generator_T":992.0,"data_generator_V":-83.646881},{"data_generator_T":994.0,"data_generator_V":-83.653656},{"data_generator_T":996.0,"data_generator_V":-83.660385},{"data_generator_T":998.0,"data_generator_V":-83.667076},{"data_generator_T":1000.0,"data_generator_V":-83.673729},{"data_generator_T":1002.0,"data_generator_V":-83.680344},{"data_generator_T":1004.0,"data_generator_V":-83.686913},{"data_generator_T":1006.0,"data_generator_V":-83.693443},{"data_generator_T":1008.0,"data_generator_V":-83.699936},{"data_generator_T":1010.0,"data_generator_V":-83.70639},{"data_generator_T":1012.0,"data_generator_V":-83.712799},{"data_generator_T":1014.0,"data_generator_V":-83.719177},{"data_generator_T":1016.0,"data_generator_V":-83.725502},{"data_generator_T":1018.0,"data_generator_V":-83.731796},{"data_generator_T":1020.0,"data_generator_V":-83.738052},{"data_generator_T":1022.0,"data_generator_V":-70.827095},{"data_generator_T":1024.0,"data_generator_V":-59.201088},{"data_generator_T":1026.0,"data_generator_V":38.294399},{"data_generator_T":1028.0,"data_generator_V":26.789906},{"data_generator_T":1030.0,"data_generator_V":18.22596},{"data_generator_T":1032.0,"data_generator_V":12.290332},{"data_generator_T":1034.0,"data_generator_V":8.4643545},{"data_generator_T":1036.0,"data_generator_V":6.1296549},{"data_generator_T":1038.0,"data_generator_V":4.7862391},{"data_generator_T":1040.0,"data_generator_V":4.0925274},{"data_generator_T":1042.0,"data_generator_V":3.8217027},{"data_generator_T":1044.0,"data_generator_V":3.8211184},{"data_generator_T":1046.0,"data_generator_V":3.9865375},{"data_generator_T":1048.0,"data_generator_V":4.2464356},{"data_generator_T":1050.0,"data_generator_V":4.5520515},{"data_generator_T":1052.0,"data_generator_V":4.870719},{"data_generator_T":1054.0,"data_generator_V":5.1811886},{"data_generator_T":1056.0,"data_generator_V":5.4702554},{"data_generator_T":1058.0,"data_generator_V":5.7302985},{"data_generator_T":1060.0,"data_generator_V":5.9574976},{"data_generator_T":1062.0,"data_generator_V":6.1505532},{"data_generator_T":1064.0,"data_generator_V":6.309782},{"data_generator_T":1066.0,"data_generator_V":6.4364896},{"data_generator_T":1068.0,"data_generator_V":6.5325475},{"data_generator_T":1070.0,"data_generator_V":6.6001058},{"data_generator_T":1072.0,"data_generator_V":6.6414108},{"data_generator_T":1074.0,"data_generator_V":6.6586905},{"data_generator_T":1076.0,"data_generator_V":6.6540804},{"data_generator_T":1078.0,"data_generator_V":6.6295886},{"data_generator_T":1080.0,"data_generator_V":6.5870743},{"data_generator_T":1082.0,"data_generator_V":6.5282412},{"data_generator_T":1084.0,"data_generator_V":6.4546385},{"data_generator_T":1086.0,"data_generator_V":6.3676686},{"data_generator_T":1088.0,"data_generator_V":6.2685938},{"data_generator_T":1090.0,"data_generator_V":6.1585484},{"data_generator_T":1092.0,"data_generator_V":6.0385475},{"data_generator_T":1094.0,"data_generator_V":5.9094977},{"data_generator_T":1096.0,"data_generator_V":5.7722073},{"data_generator_T":1098.0,"data_generator_V":5.6273961},{"data_generator_T":1100.0,"data_generator_V":5.4757018},{"data_generator_T":1102.0,"data_generator_V":5.3176918},{"data_generator_T":1104.0,"data_generator_V":5.1538653},{"data_generator_T":1106.0,"data_generator_V":4.9846659},{"data_generator_T":1108.0,"data_generator_V":4.8104811},{"data_generator_T":1110.0,"data_generator_V":4.6316528},{"data_generator_T":1112.0,"data_generator_V":4.4484792},{"data_generator_T":1114.0,"data_generator_V":4.2612205},{"data_generator_T":1116.0,"data_generator_V":4.0701017},{"data_generator_T":1118.0,"data_generator_V":3.8753164},{"data_generator_T":1120.0,"data_generator_V":3.6770303},{"data_generator_T":1122.0,"data_generator_V":3.4753838},{"data_generator_T":1124.0,"data_generator_V":3.270494},{"data_generator_T":1126.0,"data_generator_V":3.0624571},{"data_generator_T":1128.0,"data_generator_V":2.8513508},{"data_generator_T":1130.0,"data_generator_V":2.6372354},{"data_generator_T":1132.0,"data_generator_V":2.4201558},{"data_generator_T":1134.0,"data_generator_V":2.2001426},{"data_generator_T":1136.0,"data_generator_V":1.977214},{"data_generator_T":1138.0,"data_generator_V":1.7513756},{"data_generator_T":1140.0,"data_generator_V":1.5226228},{"data_generator_T":1142.0,"data_generator_V":1.2909409},{"data_generator_T":1144.0,"data_generator_V":1.0563062},{"data_generator_T":1146.0,"data_generator_V":0.81868643},{"data_generator_T":1148.0,"data_generator_V":0.57804167},{"data_generator_T":1150.0,"data_generator_V":0.33432493},{"data_generator_T":1152.0,"data_generator_V":0.087482423},{"data_generator_T":1154.0,"data_generator_V":-0.16254567},{"data_generator_T":1156.0,"data_generator_V":-0.41582489},{"data_generator_T":1158.0,"data_generator_V":-0.67242616},{"data_generator_T":1160.0,"data_generator_V":-0.93242526},{"data_generator_T":1162.0,"data_generator_V":-1.1959025},{"data_generator_T":1164.0,"data_generator_V":-1.4629425},{"data_generator_T":1166.0,"data_generator_V":-1.7336338},{"data_generator_T":1168.0,"data_generator_V":-2.0080686},{"data_generator_T":1170.0,"data_generator_V":-2.2863419},{"data_generator_T":1172.0,"data_generator_V":-2.5685527},{"data_generator_T":1174.0,"data_generator_V":-2.8548017},{"data_generator_T":1176.0,"data_generator_V":-3.1451926},{"data_generator_T":1178.0,"data_generator_V":-3.4398308},{"data_generator_T":1180.0,"data_generator_V":-3.7388239},{"data_generator_T":1182.0,"data_generator_V":-4.0422807},{"data_generator_T":1184.0,"data_generator_V":-4.3503108},{"data_generator_T":1186.0,"data_generator_V":-4.6630254},{"data_generator_T":1188.0,"data_generator_V":-4.980535},{"data_generator_T":1190.0,"data_generator_V":-5.3029504},{"data_generator_T":1192.0,"data_generator_V":-5.6303825},{"data_generator_T":1194.0,"data_generator_V":-5.9629407},{"data_generator_T":1196.0,"data_generator_V":-6.3007331},{"data_generator_T":1198.0,"data_generator_V":-6.6438656},{"data_generator_T":1200.0,"data_generator_V":-6.9924421},{"data_generator_T":1202.0,"data_generator_V":-7.3465638},{"data_generator_T":1204.0,"data_generator_V":-7.7063274},{"data_generator_T":1206.0,"data_generator_V":-8.071825},{"data_generator_T":1208.0,"data_generator_V":-8.4431467},{"data_generator_T":1210.0,"data_generator_V":-8.8203716},{"data_generator_T":1212.0,"data_generator_V":-9.203578},{"data_generator_T":1214.0,"data_generator_V":-9.5928345},{"data_generator_T":1216.0,"data_generator_V":-9.9882002},{"data_generator_T":1218.0,"data_generator_V":-10.389729},{"data_generator_T":1220.0,"data_generator_V":-10.797462},{"data_generator_T":1222.0,"data_generator_V":-11.211432},{"data_generator_T":1224.0,"data_generator_V":-11.63166},{"data_generator_T":1226.0,"data_generator_V":-12.058155},{"data_generator_T":1228.0,"data_generator_V":-12.490913},{"data_generator_T":1230.0,"data_generator_V":-12.929919},{"data_generator_T":1232.0,"data_generator_V":-13.37514},{"data_generator_T":1234.0,"data_generator_V":-13.826533},{"data_generator_T":1236.0,"data_generator_V":-14.284039},{"data_generator_T":1238.0,"data_generator_V":-14.747584},{"data_generator_T":1240.0,"data_generator_V":-15.217085},{"data_generator_T":1242.0,"data_generator_V":-15.692439},{"data_generator_T":1244.0,"data_generator_V":-16.17354},{"data_generator_T":1246.0,"data_generator_V":-16.660267},{"data_generator_T":1248.0,"data_generator_V":-17.152494},{"data_generator_T":1250.0,"data_generator_V":-17.650097},{"data_generator_T":1252.0,"data_generator_V":-18.152948},{"data_generator_T":1254.0,"data_generator_V":-18.660927},{"data_generator_T":1256.0,"data_generator_V":-19.173931},{"data_generator_T":1258.0,"data_generator_V":-19.691874},{"data_generator_T":1260.0,"data_generator_V":-20.214701},{"data_generator_T":1262.0,"data_generator_V":-20.742397},{"data_generator_T":1264.0,"data_generator_V":-21.274996},{"data_generator_T":1266.0,"data_generator_V":-21.812592},{"data_generator_T":1268.0,"data_generator_V":-22.355352},{"data_generator_T":1270.0,"data_generator_V":-22.903532},{"data_generator_T":1272.0,"data_generator_V":-23.457479},{"data_generator_T":1274.0,"data_generator_V":-24.017658},{"data_generator_T":1276.0,"data_generator_V":-24.58465},{"data_generator_T":1278.0,"data_generator_V":-25.159174},{"data_generator_T":1280.0,"data_generator_V":-25.742088},{"data_generator_T":1282.0,"data_generator_V":-26.3344},{"data_generator_T":1284.0,"data_generator_V":-26.937269},{"data_generator_T":1286.0,"data_generator_V":-27.552019},{"data_generator_T":1288.0,"data_generator_V":-28.18012},{"data_generator_T":1290.0,"data_generator_V":-28.823202},{"data_generator_T":1292.0,"data_generator_V":-29.483038},{"data_generator_T":1294.0,"data_generator_V":-30.161551},{"data_generator_T":1296.0,"data_generator_V":-30.860798},{"data_generator_T":1298.0,"data_generator_V":-31.582987},{"data_generator_T":1300.0,"data_generator_V":-32.330479},{"data_generator_T":1302.0,"data_generator_V":-33.105824},{"data_generator_T":1304.0,"data_generator_V":-33.911812},{"data_generator_T":1306.0,"data_generator_V":-34.751534},{"data_generator_T":1308.0,"data_generator_V":-35.62849},{"data_generator_T":1310.0,"data_generator_V":-36.546707},{"data_generator_T":1312.0,"data_generator_V":-37.510883},{"data_generator_T":1314.0,"data_generator_V":-38.526558},{"data_generator_T":1316.0,"data_generator_V":-39.600296},{"data_generator_T":1318.0,"data_generator_V":-40.739864},{"data_generator_T":1320.0,"data_generator_V":-41.954388},{"data_generator_T":1322.0,"data_generator_V":-43.254597},{"data_generator_T":1324.0,"data_generator_V":-44.653133},{"data_generator_T":1326.0,"data_generator_V":-46.164757},{"data_generator_T":1328.0,"data_generator_V":-47.806534},{"data_generator_T":1330.0,"data_generator_V":-49.597912},{"data_generator_T":1332.0,"data_generator_V":-51.560383},{"data_generator_T":1334.0,"data_generator_V":-53.7164},{"data_generator_T":1336.0,"data_generator_V":-56.08672},{"data_generator_T":1338.0,"data_generator_V":-58.684937},{"data_generator_T":1340.0,"data_generator_V":-61.507404},{"data_generator_T":1342.0,"data_generator_V":-64.517258},{"data_generator_T":1344.0,"data_generator_V":-67.625046},{"data_generator_T":1346.0,"data_generator_V":-70.67897},{"data_generator_T":1348.0,"data_generator_V":-73.48732},{"data_generator_T":1350.0,"data_generator_V":-75.880844},{"data_generator_T":1352.0,"data_generator_V":-77.777527},{"data_generator_T":1354.0,"data_generator_V":-79.19709},{"data_generator_T":1356.0,"data_generator_V":-80.223419},{"data_generator_T":1358.0,"data_generator_V":-80.956337},{"data_generator_T":1360.0,"data_generator_V":-81.482391},{"data_generator_T":1362.0,"data_generator_V":-81.866043},{"data_generator_T":1364.0,"data_generator_V":-82.151703},{"data_generator_T":1366.0,"data_generator_V":-82.368935},{"data_generator_T":1368.0,"data_generator_V":-82.537292},{"data_generator_T":1370.0,"data_generator_V":-82.669853},{"data_generator_T":1372.0,"data_generator_V":-82.775597},{"data_generator_T":1374.0,"data_generator_V":-82.860855},{"data_generator_T":1376.0,"data_generator_V":-82.930237},{"data_generator_T":1378.0,"data_generator_V":-82.987152},{"data_generator_T":1380.0,"data_generator_V":-83.034233},{"data_generator_T":1382.0,"data_generator_V":-83.073486},{"data_generator_T":1384.0,"data_generator_V":-83.106499},{"data_generator_T":1386.0,"data_generator_V":-83.134529},{"data_generator_T":1388.0,"data_generator_V":-83.158562},{"data_generator_T":1390.0,"data_generator_V":-83.179398},{"data_generator_T":1392.0,"data_generator_V":-83.19767},{"data_generator_T":1394.0,"data_generator_V":-83.21389},{"data_generator_T":1396.0,"data_generator_V":-83.228462},{"data_generator_T":1398.0,"data_generator_V":-83.241714},{"data_generator_T":1400.0,"data_generator_V":-83.253914},{"data_generator_T":1402.0,"data_generator_V":-83.265274},{"data_generator_T":1404.0,"data_generator_V":-83.275955},{"data_generator_T":1406.0,"data_generator_V":-83.28611},{"data_generator_T":1408.0,"data_generator_V":-83.29583},{"data_generator_T":1410.0,"data_generator_V":-83.305214},{"data_generator_T":1412.0,"data_generator_V":-83.314316},{"data_generator_T":1414.0,"data_generator_V":-83.323204},{"data_generator_T":1416.0,"data_generator_V":-83.331924},{"data_generator_T":1418.0,"data_generator_V":-83.340492},{"data_generator_T":1420.0,"data_generator_V":-83.348953},{"data_generator_T":1422.0,"data_generator_V":-83.357315},{"data_generator_T":1424.0,"data_generator_V":-83.365601},{"data_generator_T":1426.0,"data_generator_V":-83.373825},{"data_generator_T":1428.0,"data_generator_V":-83.381989},{"data_generator_T":1430.0,"data_generator_V":-83.390099},{"data_generator_T":1432.0,"data_generator_V":-83.398163},{"data_generator_T":1434.0,"data_generator_V":-83.406197},{"data_generator_T":1436.0,"data_generator_V":-83.414185},{"data_generator_T":1438.0,"data_generator_V":-83.422134},{"data_generator_T":1440.0,"data_generator_V":-83.430046},{"data_generator_T":1442.0,"data_generator_V":-83.437927},{"data_generator_T":1444.0,"data_generator_V":-83.445778},{"data_generator_T":1446.0,"data_generator_V":-83.45359},{"data_generator_T":1448.0,"data_generator_V":-83.461365},{"data_generator_T":1450.0,"data_generator_V":-83.469109},{"data_generator_T":1452.0,"data_generator_V":-83.476822},{"data_generator_T":1454.0,"data_generator_V":-83.484489},{"data_generator_T":1456.0,"data_generator_V":-83.492134},{"data_generator_T":1458.0,"data_generator_V":-83.499733},{"data_generator_T":1460.0,"data_generator_V":-83.507301},{"data_generator_T":1462.0,"data_generator_V":-83.514832},{"data_generator_T":1464.0,"data_generator_V":-83.522324},{"data_generator_T":1466.0,"data_generator_V":-83.529778},{"data_generator_T":1468.0,"data_generator_V":-83.537193},{"data_generator_T":1470.0,"data_generator_V":-83.544579},{"data_generator_T":1472.0,"data_generator_V":-83.551918},{"data_generator_T":1474.0,"data_generator_V":-83.559219},{"data_generator_T":1476.0,"data_generator_V":-83.566483},{"data_generator_T":1478.0,"data_generator_V":-83.573708},{"data_generator_T":1480.0,"data_generator_V":-83.580894},{"data_generator_T":1482.0,"data_generator_V":-83.588043},{"data_generator_T":1484.0,"data_generator_V":-83.595146},{"data_generator_T":1486.0,"data_generator_V":-83.602219},{"data_generator_T":1488.0,"data_generator_V":-83.609245},{"data_generator_T":1490.0,"data_generator_V":-83.616234},{"data_generator_T":1492.0,"data_generator_V":-83.623184},{"data_generator_T":1494.0,"data_generator_V":-83.630089},{"data_generator_T":1496.0,"data_generator_V":-83.636963},{"data_generator_T":1498.0,"data_generator_V":-83.643791},{"data_generator_T":1500.0,"data_generator_V":-83.650581},{"data_generator_T":1502.0,"data_generator_V":-83.657326},{"data_generator_T":1504.0,"data_generator_V":-83.664032},{"data_generator_T":1506.0,"data_generator_V":-83.6707},{"data_generator_T":1508.0,"data_generator_V":-83.67733},{"data_generator_T":1510.0,"data_generator_V":-83.683922},{"data_generator_T":1512.0,"data_generator_V":-83.690468},{"data_generator_T":1514.0,"data_generator_V":-83.696976},{"data_generator_T":1516.0,"data_generator_V":-83.703445},{"data_generator_T":1518.0,"data_generator_V":-83.709869},{"data_generator_T":1520.0,"data_generator_V":-83.716263},{"data_generator_T":1522.0,"data_generator_V":-70.812866},{"data_generator_T":1524.0,"data_generator_V":-59.206566},{"data_generator_T":1526.0,"data_generator_V":38.280537},{"data_generator_T":1528.0,"data_generator_V":26.730059},{"data_generator_T":1530.0,"data_generator_V":18.128592},{"data_generator_T":1532.0,"data_generator_V":12.166959},{"data_generator_T":1534.0,"data_generator_V":8.323102},{"data_generator_T":1536.0,"data_generator_V":5.9738026},{"data_generator_T":1538.0,"data_generator_V":4.6172514},{"data_generator_T":1540.0,"data_generator_V":3.9118114},{"data_generator_T":1542.0,"data_generator_V":3.6309838},{"data_generator_T":1544.0,"data_generator_V":3.6223454},{"data_generator_T":1546.0,"data_generator_V":3.7817018},{"data_generator_T":1548.0,"data_generator_V":4.0374136},{"data_generator_T":1550.0,"data_generator_V":4.3404994},{"data_generator_T":1552.0,"data_generator_V":4.6580195},{"data_generator_T":1554.0,"data_generator_V":4.968442},{"data_generator_T":1556.0,"data_generator_V":5.258297},{"data_generator_T":1558.0,"data_generator_V":5.5197349},{"data_generator_T":1560.0,"data_generator_V":5.7487459},{"data_generator_T":1562.0,"data_generator_V":5.943881},{"data_generator_T":1564.0,"data_generator_V":6.1053424},{"data_generator_T":1566.0,"data_generator_V":6.2343512},{"data_generator_T":1568.0,"data_generator_V":6.332715},{"data_generator_T":1570.0,"data_generator_V":6.4025412},{"data_generator_T":1572.0,"data_generator_V":6.4460444},{"data_generator_T":1574.0,"data_generator_V":6.4654303},{"data_generator_T":1576.0,"data_generator_V":6.4628205},{"data_generator_T":1578.0,"data_generator_V":6.4402146},{"data_generator_T":1580.0,"data_generator_V":6.3994646},{"data_generator_T":1582.0,"data_generator_V":6.3422718},{"data_generator_T":1584.0,"data_generator_V":6.270185},{"data_generator_T":1586.0,"data_generator_V":6.1846061},{"data_generator_T":1588.0,"data_generator_V":6.0867987},{"data_generator_T":1590.0,"data_generator_V":5.9778986},{"data_generator_T":1592.0,"data_generator_V":5.858923},{"data_generator_T":1594.0,"data_generator_V":5.7307811},{"data_generator_T":1596.0,"data_generator_V":5.5942831},{"data_generator_T":1598.0,"data_generator_V":5.4501514},{"data_generator_T":1600.0,"data_generator_V":5.2990274},{"data_generator_T":1602.0,"data_generator_V":5.141479},{"data_generator_T":1604.0,"data_generator_V":4.9780097},{"data_generator_T":1606.0,"data_generator_V":4.8090639},{"data_generator_T":1608.0,"data_generator_V":4.6350322},{"data_generator_T":1610.0,"data_generator_V":4.4562578},{"data_generator_T":1612.0,"data_generator_V":4.2730417},{"data_generator_T":1614.0,"data_generator_V":4.0856447},{"data_generator_T":1616.0,"data_generator_V":3.8942935},{"data_generator_T":1618.0,"data_generator_V":3.6991837},{"data_generator_T":1620.0,"data_generator_V":3.5004821},{"data_generator_T":1622.0,"data_generator_V":3.2983296},{"data_generator_T":1624.0,"data_generator_V":3.0928447},{"data_generator_T":1626.0,"data_generator_V":2.884124},{"data_generator_T":1628.0,"data_generator_V":2.672246},{"data_generator_T":1630.0,"data_generator_V":2.4572716},{"data_generator_T":1632.0,"data_generator_V":2.2392457},{"data_generator_T":1634.0,"data_generator_V":2.0181992},{"data_generator_T":1636.0,"data_generator_V":1.7941501},{"data_generator_T":1638.0,"data_generator_V":1.5671046},{"data_generator_T":1640.0,"data_generator_V":1.3370574},{"data_generator_T":1642.0,"data_generator_V":1.1039938},{"data_generator_T":1644.0,"data_generator_V":0.86788952},{"data_generator_T":1646.0,"data_generator_V":0.62871206},{"data_generator_T":1648.0,"data_generator_V":0.38642091},{"data_generator_T":1650.0,"data_generator_V":0.14096843},{"data_generator_T":1652.0,"data_generator_V":-0.10769977},{"data_generator_T":1654.0,"data_generator_V":-0.35964423},{"data_generator_T":1656.0,"data_generator_V":-0.61493129},{"data_generator_T":1658.0,"data_generator_V":-0.87363255},{"data_generator_T":1660.0,"data_generator_V":-1.1358247},{"data_generator_T":1662.0,"data_generator_V":-1.4015888},{"data_generator_T":1664.0,"data_generator_V":-1.6710103},{"data_generator_T":1666.0,"data_generator_V":-1.9441786},{"data_generator_T":1668.0,"data_generator_V":-2.2211864},{"data_generator_T":1670.0,"data_generator_V":-2.50213},{"data_generator_T":1672.0,"data_generator_V":-2.7871087},{"data_generator_T":1674.0,"data_generator_V":-3.0762239},{"data_generator_T":1676.0,"data_generator_V":-3.3695796},{"data_generator_T":1678.0,"data_generator_V":-3.6672821},{"data_generator_T":1680.0,"data_generator_V":-3.9694388},{"data_generator_T":1682.0,"data_generator_V":-4.2761588},{"data_generator_T":1684.0,"data_generator_V":-4.5875525},{"data_generator_T":1686.0,"data_generator_V":-4.9037294},{"data_generator_T":1688.0,"data_generator_V":-5.2248011},{"data_generator_T":1690.0,"data_generator_V":-5.5508771},{"data_generator_T":1692.0,"data_generator_V":-5.8820672},{"data_generator_T":1694.0,"data_generator_V":-6.2184806},{"data_generator_T":1696.0,"data_generator_V":-6.5602231},{"data_generator_T":1698.0,"data_generator_V":-6.9073997},{"data_generator_T":1700.0,"data_generator_V":-7.2601118},{"data_generator_T":1702.0,"data_generator_V":-7.6184578},{"data_generator_T":1704.0,"data_generator_V":-7.982532},{"data_generator_T":1706.0,"data_generator_V":-8.3524246},{"data_generator_T":1708.0,"data_generator_V":-8.7282181},{"data_generator_T":1710.0,"data_generator_V":-9.109992},{"data_generator_T":1712.0,"data_generator_V":-9.497818},{"data_generator_T":1714.0,"data_generator_V":-9.891758},{"data_generator_T":1716.0,"data_generator_V":-10.291868},{"data_generator_T":1718.0,"data_generator_V":-10.698194},{"data_generator_T":1720.0,"data_generator_V":-11.110771},{"data_generator_T":1722.0,"data_generator_V":-11.529624},{"data_generator_T":1724.0,"data_generator_V":-11.954767},{"data_generator_T":1726.0,"data_generator_V":-12.3862},{"data_generator_T":1728.0,"data_generator_V":-12.823911},{"data_generator_T":1730.0,"data_generator_V":-13.267874},{"data_generator_T":1732.0,"data_generator_V":-13.718049},{"data_generator_T":1734.0,"data_generator_V":-14.174382},{"data_generator_T":1736.0,"data_generator_V":-14.636806},{"data_generator_T":1738.0,"data_generator_V":-15.105239},{"data_generator_T":1740.0,"data_generator_V":-15.579587},{"data_generator_T":1742.0,"data_generator_V":-16.059746},{"data_generator_T":1744.0,"data_generator_V":-16.545597},{"data_generator_T":1746.0,"data_generator_V":-17.037022},{"data_generator_T":1748.0,"data_generator_V":-17.533894},{"data_generator_T":1750.0,"data_generator_V":-18.036087},{"data_generator_T":1752.0,"data_generator_V":-18.543486},{"data_generator_T":1754.0,"data_generator_V":-19.055981},{"data_generator_T":1756.0,"data_generator_V":-19.573484},{"data_generator_T":1758.0,"data_generator_V":-20.095938},{"data_generator_T":1760.0,"data_generator_V":-20.623316},{"data_generator_T":1762.0,"data_generator_V":-21.155647},{"data_generator_T":1764.0,"data_generator_V":-21.69301},{"data_generator_T":1766.0,"data_generator_V":-22.235563},{"data_generator_T":1768.0,"data_generator_V":-22.783539},{"data_generator_T":1770.0,"data_generator_V":-23.337273},{"data_generator_T":1772.0,"data_generator_V":-23.897205},{"data_generator_T":1774.0,"data_generator_V":-24.4639},{"data_generator_T":1776.0,"data_generator_V":-25.038046},{"data_generator_T":1778.0,"data_generator_V":-25.620481},{"data_generator_T":1780.0,"data_generator_V":-26.212189},{"data_generator_T":1782.0,"data_generator_V":-26.814304},{"data_generator_T":1784.0,"data_generator_V":-27.428125},{"data_generator_T":1786.0,"data_generator_V":-28.055103},{"data_generator_T":1788.0,"data_generator_V":-28.696844},{"data_generator_T":1790.0,"data_generator_V":-29.355104},{"data_generator_T":1792.0,"data_generator_V":-30.031786},{"data_generator_T":1794.0,"data_generator_V":-30.728931},{"data_generator_T":1796.0,"data_generator_V":-31.448729},{"data_generator_T":1798.0,"data_generator_V":-32.193516},{"data_generator_T":1800.0,"data_generator_V":-32.965813},{"data_generator_T":1802.0,"data_generator_V":-33.768372},{"data_generator_T":1804.0,"data_generator_V":-34.604229},{"data_generator_T":1806.0,"data_generator_V":-35.47681},{"data_generator_T":1808.0,"data_generator_V":-36.390053},{"data_generator_T":1810.0,"data_generator_V":-37.348534},{"data_generator_T":1812.0,"data_generator_V":-38.357655},{"data_generator_T":1814.0,"data_generator_V":-39.423805},{"data_generator_T":1816.0,"data_generator_V":-40.554562},{"data_generator_T":1818.0,"data_generator_V":-41.758831},{"data_generator_T":1820.0,"data_generator_V":-43.047092},{"data_generator_T":1822.0,"data_generator_V":-44.43169},{"data_generator_T":1824.0,"data_generator_V":-45.927055},{"data_generator_T":1826.0,"data_generator_V":-47.549911},{"data_generator_T":1828.0,"data_generator_V":-49.319363},{"data_generator_T":1830.0,"data_generator_V":-51.256641},{"data_generator_T":1832.0,"data_generator_V":-53.384167},{"data_generator_T":1834.0,"data_generator_V":-55.723175},{"data_generator_T":1836.0,"data_generator_V":-58.288761},{"data_generator_T":1838.0,"data_generator_V":-61.080589},{"data_generator_T":1840.0,"data_generator_V":-64.067757},{"data_generator_T":1842.0,"data_generator_V":-67.169441},{"data_generator_T":1844.0,"data_generator_V":-70.242508},{"data_generator_T":1846.0,"data_generator_V":-73.097992},{"data_generator_T":1848.0,"data_generator_V":-75.558891},{"data_generator_T":1850.0,"data_generator_V":-77.528214},{"data_generator_T":1852.0,"data_generator_V":-79.012505},{"data_generator_T":1854.0,"data_generator_V":-80.089554},{"data_generator_T":1856.0,"data_generator_V":-80.859222},{"data_generator_T":1858.0,"data_generator_V":-81.410881},{"data_generator_T":1860.0,"data_generator_V":-81.812172},{"data_generator_T":1862.0,"data_generator_V":-82.110085},{"data_generator_T":1864.0,"data_generator_V":-82.336006},{"data_generator_T":1866.0,"data_generator_V":-82.510666},{"data_generator_T":1868.0,"data_generator_V":-82.647926},{"data_generator_T":1870.0,"data_generator_V":-82.75724},{"data_generator_T":1872.0,"data_generator_V":-82.845253},{"data_generator_T":1874.0,"data_generator_V":-82.916794},{"data_generator_T":1876.0,"data_generator_V":-82.975418},{"data_generator_T":1878.0,"data_generator_V":-83.023857},{"data_generator_T":1880.0,"data_generator_V":-83.064201},{"data_generator_T":1882.0,"data_generator_V":-83.098083},{"data_generator_T":1884.0,"data_generator_V":-83.126816},{"data_generator_T":1886.0,"data_generator_V":-83.151421},{"data_generator_T":1888.0,"data_generator_V":-83.172714},{"data_generator_T":1890.0,"data_generator_V":-83.19136},{"data_generator_T":1892.0,"data_generator_V":-83.207878},{"data_generator_T":1894.0,"data_generator_V":-83.222694},{"data_generator_T":1896.0,"data_generator_V":-83.236153},{"data_generator_T":1898.0,"data_generator_V":-83.248512},{"data_generator_T":1900.0,"data_generator_V":-83.26001},{"data_generator_T":1902.0,"data_generator_V":-83.270805},{"data_generator_T":1904.0,"data_generator_V":-83.281052},{"data_generator_T":1906.0,"data_generator_V":-83.290855},{"data_generator_T":1908.0,"data_generator_V":-83.300301},{"data_generator_T":1910.0,"data_generator_V":-83.309464},{"data_generator_T":1912.0,"data_generator_V":-83.318405},{"data_generator_T":1914.0,"data_generator_V":-83.327164},{"data_generator_T":1916.0,"data_generator_V":-83.335777},{"data_generator_T":1918.0,"data_generator_V":-83.344269},{"data_generator_T":1920.0,"data_generator_V":-83.352669},{"data_generator_T":1922.0,"data_generator_V":-83.360985},{"data_generator_T":1924.0,"data_generator_V":-83.369232},{"data_generator_T":1926.0,"data_generator_V":-83.377419},{"data_generator_T":1928.0,"data_generator_V":-83.385559},{"data_generator_T":1930.0,"data_generator_V":-83.393654},{"data_generator_T":1932.0,"data_generator_V":-83.401703},{"data_generator_T":1934.0,"data_generator_V":-83.409721},{"data_generator_T":1936.0,"data_generator_V":-83.417694},{"data_generator_T":1938.0,"data_generator_V":-83.425636},{"data_generator_T":1940.0,"data_generator_V":-83.43354},{"data_generator_T":1942.0,"data_generator_V":-83.441414},{"data_generator_T":1944.0,"data_generator_V":-83.449249},{"data_generator_T":1946.0,"data_generator_V":-83.457047},{"data_generator_T":1948.0,"data_generator_V":-83.464821},{"data_generator_T":1950.0,"data_generator_V":-83.472549},{"data_generator_T":1952.0,"data_generator_V":-83.480247},{"data_generator_T":1954.0,"data_generator_V":-83.487907},{"data_generator_T":1956.0,"data_generator_V":-83.495537},{"data_generator_T":1958.0,"data_generator_V":-83.503128},{"data_generator_T":1960.0,"data_generator_V":-83.510681},{"data_generator_T":1962.0,"data_generator_V":-83.518196},{"data_generator_T":1964.0,"data_generator_V":-83.525681},{"data_generator_T":1966.0,"data_generator_V":-83.533119},{"data_generator_T":1968.0,"data_generator_V":-83.54052},{"data_generator_T":1970.0,"data_generator_V":-83.54789},{"data_generator_T":1972.0,"data_generator_V":-83.555214},{"data_generator_T":1974.0,"data_generator_V":-83.5625},{"data_generator_T":1976.0,"data_generator_V":-83.569756},{"data_generator_T":1978.0,"data_generator_V":-83.576965},{"data_generator_T":1980.0,"data_generator_V":-83.584137},{"data_generator_T":1982.0,"data_generator_V":-83.591263},{"data_generator_T":1984.0,"data_generator_V":-83.598358},{"data_generator_T":1986.0,"data_generator_V":-83.605408},{"data_generator_T":1988.0,"data_generator_V":-83.612419},{"data_generator_T":1990.0,"data_generator_V":-83.619392},{"data_generator_T":1992.0,"data_generator_V":-83.626328},{"data_generator_T":1994.0,"data_generator_V":-83.633217},{"data_generator_T":1996.0,"data_generator_V":-83.640068},{"data_generator_T":1998.0,"data_generator_V":-83.646881},{"data_generator_T":2000.0,"data_generator_V":-83.653656}]