[{"data_set_value_component_environment_variable_time":0.0,"data_set_value_component_x1_variable_x1":10.06066,"data_set_value_component_x2_variable_x2":212.132,"data_set_value_component_z_variable_z":100.0,"data_set_value_component_y1_variable_y1":8.9999998282,"data_set_value_component_y2_variable_y2":0.0,"data_set_value_component_x1_bar_variable_x1_bar":1.0606601718,"data_set_value_component_x2_bar_variable_x2_bar":212.132034356,"data_set_value_component_model_parameters_variable_alpha1":3.0,"data_set_value_component_model_parameters_variable_beta1":0.2,"data_set_value_component_model_parameters_variable_alpha2":4.0,"data_set_value_component_model_parameters_variable_beta2":0.02,"data_set_value_component_model_parameters_variable_k1":0.24,"data_set_value_component_model_parameters_variable_k2":0.0017,"data_set_value_component_model_parameters_variable_g11":0.5,"data_set_value_component_model_parameters_variable_g21":-0.5,"data_set_value_component_model_parameters_variable_g12":1.0,"data_set_value_component_model_parameters_variable_g22":0.0,"data_set_value_component_model_parameters_variable_gamma":-1.0},{"data_set_value_component_environment_variable_time":0.1,"data_set_value_component_x1_variable_x1":9.9256417846,"data_set_value_component_x2_variable_x2":215.7013247035,"data_set_value_component_z_variable_z":99.7859300927,"data_set_value_component_y1_variable_y1":8.8649816128,"data_set_value_component_y2_variable_y2":3.5692903475,"data_set_value_component_x1_bar_variable_x1_bar":1.0606601718,"data_set_value_component_x2_bar_variable_x2_bar":212.132034356,"data_set_value_component_model_parameters_variable_alpha1":3.0,"data_set_value_component_model_parameters_variable_beta1":0.2,"data_set_value_component_model_parameters_variable_alpha2":4.0,"data_set_value_component_model_parameters_variable_beta2":0.02,"data_set_value_component_model_parameters_variable_k1":0.24,"data_set_value_component_model_parameters_variable_k2":0.0017,"data_set_value_component_model_parameters_variable_g11":0.5,"data_set_value_component_model_parameters_variable_g21":-0.5,"data_set_value_component_model_parameters_variable_g12":1.0,"data_set_value_component_model_parameters_variable_g22":0.0,"data_set_value_component_model_parameters_variable_gamma":-1.0},{"data_set_value_component_environment_variable_time":0.2,"data_set_value_component_x1_variable_x1":9.7923423181,"data_set_value_component_x2_variable_x2":219.2099700926,"data_set_value_component_z_variable_z":99.5756776995,"data_set_value_component_y1_variable_y1":8.7316821463,"data_set_value_component_y2_variable_y2":7.0779357366,"data_set_value_component_x1_bar_variable_x1_bar":1.0606601718,"data_set_value_component_x2_bar_variable_x2_bar":212.132034356,"data_set_value_component_model_parameters_variable_alpha1":3.0,"data_set_value_component_model_parameters_variable_beta1":0.2,"data_set_value_component_model_parameters_variable_alpha2":4.0,"data_set_value_component_model_parameters_variable_beta2":0.02,"data_set_value_component_model_parameters_variable_k1":0.24,"data_set_value_component_model_parameters_variable_k2":0.0017,"data_set_value_component_model_parameters_variable_g11":0.5,"data_set_value_component_model_parameters_variable_g21":-0.5,"data_set_value_component_model_parameters_variable_g12":1.0,"data_set_value_component_model_parameters_variable_g22":0.0,"data_set_value_component_model_parameters_variable_gamma":-1.0},{"data_set_value_component_environment_variable_time":0.3,"data_set_value_component_x1_variable_x1":9.6607596627,"data_set_value_component_x2_variable_x2":222.6586659187,"data_set_value_component_z_variable_z":99.3691962715,"data_set_value_component_y1_variable_y1":8.600099491,"data_set_value_component_y2_variable_y2":10.5266315627,"data_set_value_component_x1_bar_variable_x1_bar":1.0606601718,"data_set_value_component_x2_bar_variable_x2_bar":212.132034356,"data_set_value_component_model_parameters_variable_alpha1":3.0,"data_set_value_component_model_parameters_variable_beta1":0.2,"data_set_value_component_model_parameters_variable_alpha2":4.0,"data_set_value_component_model_parameters_variable_beta2":0.02,"data_set_value_component_model_parameters_variable_k1":0.24,"data_set_value_component_model_parameters_variable_k2":0.0017,"data_set_value_component_model_parameters_variable_g11":0.5,"data_set_value_component_model_parameters_variable_g21":-0.5,"data_set_value_component_model_parameters_variable_g12":1.0,"data_set_value_component_model_parameters_variable_g22":0.0,"data_set_value_component_model_parameters_variable_gamma":-1.0},{"data_set_value_component_environment_variable_time":0.4,"data_set_value_component_x1_variable_x1":9.5308888102,"data_set_value_component_x2_variable_x2":226.0482204099,"data_set_value_component_z_variable_z":99.1664343256,"data_set_value_component_y1_variable_y1":8.4702286384,"data_set_value_component_y2_variable_y2":13.9161860539,"data_set_value_component_x1_bar_variable_x1_bar":1.0606601718,"data_set_value_component_x2_bar_variable_x2_bar":212.132034356,"data_set_value_component_model_parameters_variable_alpha1":3.0,"data_set_value_component_model_parameters_variable_beta1":0.2,"data_set_value_component_model_parameters_variable_alpha2":4.0,"data_set_value_component_model_parameters_variable_beta2":0.02,"data_set_value_component_model_parameters_variable_k1":0.24,"data_set_value_component_model_parameters_variable_k2":0.0017,"data_set_value_component_model_parameters_variable_g11":0.5,"data_set_value_component_model_parameters_variable_g21":-0.5,"data_set_value_component_model_parameters_variable_g12":1.0,"data_set_value_component_model_parameters_variable_g22":0.0,"data_set_value_component_model_parameters_variable_gamma":-1.0},{"data_set_value_component_environment_variable_time":0.5,"data_set_value_component_x1_variable_x1":9.4027232647,"data_set_value_component_x2_variable_x2":229.3794451676,"data_set_value_component_z_variable_z":98.96734019,"data_set_value_component_y1_variable_y1":8.3420630929,"data_set_value_component_y2_variable_y2":17.2474108116,"data_set_value_component_x1_bar_variable_x1_bar":1.0606601718,"data_set_value_component_x2_bar_variable_x2_bar":212.132034356,"data_set_value_component_model_parameters_variable_alpha1":3.0,"data_set_value_component_model_parameters_variable_beta1":0.2,"data_set_value_component_model_parameters_variable_alpha2":4.0,"data_set_value_component_model_parameters_variable_beta2":0.02,"data_set_value_component_model_parameters_variable_k1":0.24,"data_set_value_component_model_parameters_variable_k2":0.0017,"data_set_value_component_model_parameters_variable_g11":0.5,"data_set_value_component_model_parameters_variable_g21":-0.5,"data_set_value_component_model_parameters_variable_g12":1.0,"data_set_value_component_model_parameters_variable_g22":0.0,"data_set_value_component_model_parameters_variable_gamma":-1.0},{"data_set_value_component_environment_variable_time":0.6,"data_set_value_component_x1_variable_x1":9.2762553655,"data_set_value_component_x2_variable_x2":232.6531388701,"data_set_value_component_z_variable_z":98.7718630393,"data_set_value_component_y1_variable_y1":8.2155951937,"data_set_value_component_y2_variable_y2":20.5211045141,"data_set_value_component_x1_bar_variable_x1_bar":1.0606601718,"data_set_value_component_x2_bar_variable_x2_bar":212.132034356,"data_set_value_component_model_parameters_variable_alpha1":3.0,"data_set_value_component_model_parameters_variable_beta1":0.2,"data_set_value_component_model_parameters_variable_alpha2":4.0,"data_set_value_component_model_parameters_variable_beta2":0.02,"data_set_value_component_model_parameters_variable_k1":0.24,"data_set_value_component_model_parameters_variable_k2":0.0017,"data_set_value_component_model_parameters_variable_g11":0.5,"data_set_value_component_model_parameters_variable_g21":-0.5,"data_set_value_component_model_parameters_variable_g12":1.0,"data_set_value_component_model_parameters_variable_g22":0.0,"data_set_value_component_model_parameters_variable_gamma":-1.0},{"data_set_value_component_environment_variable_time":0.7,"data_set_value_component_x1_variable_x1":9.1514763073,"data_set_value_component_x2_variable_x2":235.8700927858,"data_set_value_component_z_variable_z":98.5799525413,"data_set_value_component_y1_variable_y1":8.0908161356,"data_set_value_component_y2_variable_y2":23.7380584299,"data_set_value_component_x1_bar_variable_x1_bar":1.0606601718,"data_set_value_component_x2_bar_variable_x2_bar":212.132034356,"data_set_value_component_model_parameters_variable_alpha1":3.0,"data_set_value_component_model_parameters_variable_beta1":0.2,"data_set_value_component_model_parameters_variable_alpha2":4.0,"data_set_value_component_model_parameters_variable_beta2":0.02,"data_set_value_component_model_parameters_variable_k1":0.24,"data_set_value_component_model_parameters_variable_k2":0.0017,"data_set_value_component_model_parameters_variable_g11":0.5,"data_set_value_component_model_parameters_variable_g21":-0.5,"data_set_value_component_model_parameters_variable_g12":1.0,"data_set_value_component_model_parameters_variable_g22":0.0,"data_set_value_component_model_parameters_variable_gamma":-1.0},{"data_set_value_component_environment_variable_time":0.8,"data_set_value_component_x1_variable_x1":9.0283763104,"data_set_value_component_x2_variable_x2":239.0310933097,"data_set_value_component_z_variable_z":98.3915586934,"data_set_value_component_y1_variable_y1":7.9677161386,"data_set_value_component_y2_variable_y2":26.8990589537,"data_set_value_component_x1_bar_variable_x1_bar":1.0606601718,"data_set_value_component_x2_bar_variable_x2_bar":212.132034356,"data_set_value_component_model_parameters_variable_alpha1":3.0,"data_set_value_component_model_parameters_variable_beta1":0.2,"data_set_value_component_model_parameters_variable_alpha2":4.0,"data_set_value_component_model_parameters_variable_beta2":0.02,"data_set_value_component_model_parameters_variable_k1":0.24,"data_set_value_component_model_parameters_variable_k2":0.0017,"data_set_value_component_model_parameters_variable_g11":0.5,"data_set_value_component_model_parameters_variable_g21":-0.5,"data_set_value_component_model_parameters_variable_g12":1.0,"data_set_value_component_model_parameters_variable_g22":0.0,"data_set_value_component_model_parameters_variable_gamma":-1.0},{"data_set_value_component_environment_variable_time":0.9,"data_set_value_component_x1_variable_x1":8.9069448924,"data_set_value_component_x2_variable_x2":242.1369229826,"data_set_value_component_z_variable_z":98.2066317522,"data_set_value_component_y1_variable_y1":7.8462847207,"data_set_value_component_y2_variable_y2":30.0048886267,"data_set_value_component_x1_bar_variable_x1_bar":1.0606601718,"data_set_value_component_x2_bar_variable_x2_bar":212.132034356,"data_set_value_component_model_parameters_variable_alpha1":3.0,"data_set_value_component_model_parameters_variable_beta1":0.2,"data_set_value_component_model_parameters_variable_alpha2":4.0,"data_set_value_component_model_parameters_variable_beta2":0.02,"data_set_value_component_model_parameters_variable_k1":0.24,"data_set_value_component_model_parameters_variable_k2":0.0017,"data_set_value_component_model_parameters_variable_g11":0.5,"data_set_value_component_model_parameters_variable_g21":-0.5,"data_set_value_component_model_parameters_variable_g12":1.0,"data_set_value_component_model_parameters_variable_g22":0.0,"data_set_value_component_model_parameters_variable_gamma":-1.0},{"data_set_value_component_environment_variable_time":1.0,"data_set_value_component_x1_variable_x1":8.7871702742,"data_set_value_component_x2_variable_x2":245.1883553921,"data_set_value_component_z_variable_z":98.0251225698,"data_set_value_component_y1_variable_y1":7.7265101024,"data_set_value_component_y2_variable_y2":33.0563210362,"data_set_value_component_x1_bar_variable_x1_bar":1.0606601718,"data_set_value_component_x2_bar_variable_x2_bar":212.132034356,"data_set_value_component_model_parameters_variable_alpha1":3.0,"data_set_value_component_model_parameters_variable_beta1":0.2,"data_set_value_component_model_parameters_variable_alpha2":4.0,"data_set_value_component_model_parameters_variable_beta2":0.02,"data_set_value_component_model_parameters_variable_k1":0.24,"data_set_value_component_model_parameters_variable_k2":0.0017,"data_set_value_component_model_parameters_variable_g11":0.5,"data_set_value_component_model_parameters_variable_g21":-0.5,"data_set_value_component_model_parameters_variable_g12":1.0,"data_set_value_component_model_parameters_variable_g22":0.0,"data_set_value_component_model_parameters_variable_gamma":-1.0}]