[{"data_set_value_component_environment_variable_time":0.0,"data_set_value_component_membrane_variable_Vm":-31.1,"data_set_value_component_membrane_variable_C":1.0,"data_set_value_component_IP3_variable_IP3":1.0,"data_set_value_component_IP3_variable_m3IP3":4.0,"data_set_value_component_IP3_variable_m4IP3":55.0,"data_set_value_component_IP3_variable_kIP3":0.1733,"data_set_value_component_IP3_variable_A":0.211,"data_set_value_component_Ca_variable_Ca":50.0,"data_set_value_component_Ca_variable_m3SR":1.1,"data_set_value_component_Ca_variable_m4SR":0.3,"data_set_value_component_Ca_variable_m3PMCA":-6.19,"data_set_value_component_Ca_variable_m4PMCA":0.39,"data_set_value_component_Ca_variable_kSR_rel":180.0,"data_set_value_component_Ca_variable_kPMCA":0.679,"data_set_value_component_Jcat_variable_Jcat":53.526,"data_set_value_component_Jcat_variable_ECa":50.0,"data_set_value_component_Jcat_variable_Gcat":0.66,"data_set_value_component_Jcat_variable_m3cat":-6.18,"data_set_value_component_Jcat_variable_m4cat":0.37,"data_set_value_component_potassium_current_variable_i_K":224552.017180482,"data_set_value_component_potassium_current_variable_Gtot":6927.0,"data_set_value_component_potassium_current_variable_PoBKCa":0.9073068395,"data_set_value_component_potassium_current_variable_PoSKCa":0.5,"data_set_value_component_potassium_current_variable_E_K":-80.0,"data_set_value_component_potassium_current_variable_a":53.3,"data_set_value_component_potassium_current_variable_b":-80.8,"data_set_value_component_potassium_current_variable_c":-6.4,"data_set_value_component_potassium_current_variable_m3":0.00132,"data_set_value_component_potassium_current_variable_m4":0.3,"data_set_value_component_repolarising_current_variable_i_R":0.0,"data_set_value_component_repolarising_current_variable_GR":955.0,"data_set_value_component_repolarising_current_variable_Vrest":-31.1},{"data_set_value_component_environment_variable_time":0.1,"data_set_value_component_membrane_variable_Vm":-69.8628278888,"data_set_value_component_membrane_variable_C":1.0,"data_set_value_component_IP3_variable_IP3":1.0052372061,"data_set_value_component_IP3_variable_m3IP3":4.0,"data_set_value_component_IP3_variable_m4IP3":55.0,"data_set_value_component_IP3_variable_kIP3":0.1733,"data_set_value_component_IP3_variable_A":0.211,"data_set_value_component_Ca_variable_Ca":56.1094662016,"data_set_value_component_Ca_variable_m3SR":1.1,"data_set_value_component_Ca_variable_m4SR":0.3,"data_set_value_component_Ca_variable_m3PMCA":-6.19,"data_set_value_component_Ca_variable_m4PMCA":0.39,"data_set_value_component_Ca_variable_kSR_rel":180.0,"data_set_value_component_Ca_variable_kPMCA":0.679,"data_set_value_component_Jcat_variable_Jcat":79.1094664066,"data_set_value_component_Jcat_variable_ECa":50.0,"data_set_value_component_Jcat_variable_Gcat":0.66,"data_set_value_component_Jcat_variable_m3cat":-6.18,"data_set_value_component_Jcat_variable_m4cat":0.37,"data_set_value_component_potassium_current_variable_i_K":37018.5124310862,"data_set_value_component_potassium_current_variable_Gtot":6927.0,"data_set_value_component_potassium_current_variable_PoBKCa":0.5679440198,"data_set_value_component_potassium_current_variable_PoSKCa":0.5,"data_set_value_component_potassium_current_variable_E_K":-80.0,"data_set_value_component_potassium_current_variable_a":53.3,"data_set_value_component_potassium_current_variable_b":-80.8,"data_set_value_component_potassium_current_variable_c":-6.4,"data_set_value_component_potassium_current_variable_m3":0.00132,"data_set_value_component_potassium_current_variable_m4":0.3,"data_set_value_component_repolarising_current_variable_i_R":-37018.5006337668,"data_set_value_component_repolarising_current_variable_GR":955.0,"data_set_value_component_repolarising_current_variable_Vrest":-31.1},{"data_set_value_component_environment_variable_time":0.2,"data_set_value_component_membrane_variable_Vm":-69.8639425294,"data_set_value_component_membrane_variable_C":1.0,"data_set_value_component_IP3_variable_IP3":1.0103465864,"data_set_value_component_IP3_variable_m3IP3":4.0,"data_set_value_component_IP3_variable_m4IP3":55.0,"data_set_value_component_IP3_variable_kIP3":0.1733,"data_set_value_component_IP3_variable_A":0.211,"data_set_value_component_Ca_variable_Ca":62.3596045985,"data_set_value_component_Ca_variable_m3SR":1.1,"data_set_value_component_Ca_variable_m4SR":0.3,"data_set_value_component_Ca_variable_m3PMCA":-6.19,"data_set_value_component_Ca_variable_m4PMCA":0.39,"data_set_value_component_Ca_variable_kSR_rel":180.0,"data_set_value_component_Ca_variable_kPMCA":0.679,"data_set_value_component_Jcat_variable_Jcat":79.1102020694,"data_set_value_component_Jcat_variable_ECa":50.0,"data_set_value_component_Jcat_variable_Gcat":0.66,"data_set_value_component_Jcat_variable_m3cat":-6.18,"data_set_value_component_Jcat_variable_m4cat":0.37,"data_set_value_component_potassium_current_variable_i_K":37019.5756218894,"data_set_value_component_potassium_current_variable_Gtot":6927.0,"data_set_value_component_potassium_current_variable_PoBKCa":0.5681268075,"data_set_value_component_potassium_current_variable_PoSKCa":0.5,"data_set_value_component_potassium_current_variable_E_K":-80.0,"data_set_value_component_potassium_current_variable_a":53.3,"data_set_value_component_potassium_current_variable_b":-80.8,"data_set_value_component_potassium_current_variable_c":-6.4,"data_set_value_component_potassium_current_variable_m3":0.00132,"data_set_value_component_potassium_current_variable_m4":0.3,"data_set_value_component_repolarising_current_variable_i_R":-37019.5651155781,"data_set_value_component_repolarising_current_variable_GR":955.0,"data_set_value_component_repolarising_current_variable_Vrest":-31.1},{"data_set_value_component_environment_variable_time":0.3,"data_set_value_component_membrane_variable_Vm":-69.8649310822,"data_set_value_component_membrane_variable_C":1.0,"data_set_value_component_IP3_variable_IP3":1.015330316,"data_set_value_component_IP3_variable_m3IP3":4.0,"data_set_value_component_IP3_variable_m4IP3":55.0,"data_set_value_component_IP3_variable_kIP3":0.1733,"data_set_value_component_IP3_variable_A":0.211,"data_set_value_component_Ca_variable_Ca":68.7483644978,"data_set_value_component_Ca_variable_m3SR":1.1,"data_set_value_component_Ca_variable_m4SR":0.3,"data_set_value_component_Ca_variable_m3PMCA":-6.19,"data_set_value_component_Ca_variable_m4PMCA":0.39,"data_set_value_component_Ca_variable_kSR_rel":180.0,"data_set_value_component_Ca_variable_kPMCA":0.679,"data_set_value_component_Jcat_variable_Jcat":79.1108545143,"data_set_value_component_Jcat_variable_ECa":50.0,"data_set_value_component_Jcat_variable_Gcat":0.66,"data_set_value_component_Jcat_variable_m3cat":-6.18,"data_set_value_component_Jcat_variable_m4cat":0.37,"data_set_value_component_potassium_current_variable_i_K":37020.5202333392,"data_set_value_component_potassium_current_variable_Gtot":6927.0,"data_set_value_component_potassium_current_variable_PoBKCa":0.568289012,"data_set_value_component_potassium_current_variable_PoSKCa":0.5,"data_set_value_component_potassium_current_variable_E_K":-80.0,"data_set_value_component_potassium_current_variable_a":53.3,"data_set_value_component_potassium_current_variable_b":-80.8,"data_set_value_component_potassium_current_variable_c":-6.4,"data_set_value_component_potassium_current_variable_m3":0.00132,"data_set_value_component_potassium_current_variable_m4":0.3,"data_set_value_component_repolarising_current_variable_i_R":-37020.5091835164,"data_set_value_component_repolarising_current_variable_GR":955.0,"data_set_value_component_repolarising_current_variable_Vrest":-31.1},{"data_set_value_component_environment_variable_time":0.4,"data_set_value_component_membrane_variable_Vm":-69.8658164152,"data_set_value_component_membrane_variable_C":1.0,"data_set_value_component_IP3_variable_IP3":1.0201905539,"data_set_value_component_IP3_variable_m3IP3":4.0,"data_set_value_component_IP3_variable_m4IP3":55.0,"data_set_value_component_IP3_variable_kIP3":0.1733,"data_set_value_component_IP3_variable_A":0.211,"data_set_value_component_Ca_variable_Ca":75.2735895658,"data_set_value_component_Ca_variable_m3SR":1.1,"data_set_value_component_Ca_variable_m4SR":0.3,"data_set_value_component_Ca_variable_m3PMCA":-6.19,"data_set_value_component_Ca_variable_m4PMCA":0.39,"data_set_value_component_Ca_variable_kSR_rel":180.0,"data_set_value_component_Ca_variable_kPMCA":0.679,"data_set_value_component_Jcat_variable_Jcat":79.111438834,"data_set_value_component_Jcat_variable_ECa":50.0,"data_set_value_component_Jcat_variable_Gcat":0.66,"data_set_value_component_Jcat_variable_m3cat":-6.18,"data_set_value_component_Jcat_variable_m4cat":0.37,"data_set_value_component_potassium_current_variable_i_K":37021.364851833,"data_set_value_component_potassium_current_variable_Gtot":6927.0,"data_set_value_component_potassium_current_variable_PoBKCa":0.5684342584,"data_set_value_component_potassium_current_variable_PoSKCa":0.5,"data_set_value_component_potassium_current_variable_E_K":-80.0,"data_set_value_component_potassium_current_variable_a":53.3,"data_set_value_component_potassium_current_variable_b":-80.8,"data_set_value_component_potassium_current_variable_c":-6.4,"data_set_value_component_potassium_current_variable_m3":0.00132,"data_set_value_component_potassium_current_variable_m4":0.3,"data_set_value_component_repolarising_current_variable_i_R":-37021.3546764856,"data_set_value_component_repolarising_current_variable_GR":955.0,"data_set_value_component_repolarising_current_variable_Vrest":-31.1},{"data_set_value_component_environment_variable_time":0.5,"data_set_value_component_membrane_variable_Vm":-69.8666156233,"data_set_value_component_membrane_variable_C":1.0,"data_set_value_component_IP3_variable_IP3":1.0249294256,"data_set_value_component_IP3_variable_m3IP3":4.0,"data_set_value_component_IP3_variable_m4IP3":55.0,"data_set_value_component_IP3_variable_kIP3":0.1733,"data_set_value_component_IP3_variable_A":0.211,"data_set_value_component_Ca_variable_Ca":81.9330606806,"data_set_value_component_Ca_variable_m3SR":1.1,"data_set_value_component_Ca_variable_m4SR":0.3,"data_set_value_component_Ca_variable_m3PMCA":-6.19,"data_set_value_component_Ca_variable_m4PMCA":0.39,"data_set_value_component_Ca_variable_kSR_rel":180.0,"data_set_value_component_Ca_variable_kPMCA":0.679,"data_set_value_component_Jcat_variable_Jcat":79.1119663114,"data_set_value_component_Jcat_variable_ECa":50.0,"data_set_value_component_Jcat_variable_Gcat":0.66,"data_set_value_component_Jcat_variable_m3cat":-6.18,"data_set_value_component_Jcat_variable_m4cat":0.37,"data_set_value_component_potassium_current_variable_i_K":37022.1251794843,"data_set_value_component_potassium_current_variable_Gtot":6927.0,"data_set_value_component_potassium_current_variable_PoBKCa":0.5685653213,"data_set_value_component_potassium_current_variable_PoSKCa":0.5,"data_set_value_component_potassium_current_variable_E_K":-80.0,"data_set_value_component_potassium_current_variable_a":53.3,"data_set_value_component_potassium_current_variable_b":-80.8,"data_set_value_component_potassium_current_variable_c":-6.4,"data_set_value_component_potassium_current_variable_m3":0.00132,"data_set_value_component_potassium_current_variable_m4":0.3,"data_set_value_component_repolarising_current_variable_i_R":-37022.1179202537,"data_set_value_component_repolarising_current_variable_GR":955.0,"data_set_value_component_repolarising_current_variable_Vrest":-31.1},{"data_set_value_component_environment_variable_time":0.6,"data_set_value_component_membrane_variable_Vm":-69.8673410041,"data_set_value_component_membrane_variable_C":1.0,"data_set_value_component_IP3_variable_IP3":1.0295490083,"data_set_value_component_IP3_variable_m3IP3":4.0,"data_set_value_component_IP3_variable_m4IP3":55.0,"data_set_value_component_IP3_variable_kIP3":0.1733,"data_set_value_component_IP3_variable_A":0.211,"data_set_value_component_Ca_variable_Ca":88.7244671731,"data_set_value_component_Ca_variable_m3SR":1.1,"data_set_value_component_Ca_variable_m4SR":0.3,"data_set_value_component_Ca_variable_m3PMCA":-6.19,"data_set_value_component_Ca_variable_m4PMCA":0.39,"data_set_value_component_Ca_variable_kSR_rel":180.0,"data_set_value_component_Ca_variable_kPMCA":0.679,"data_set_value_component_Jcat_variable_Jcat":79.1124450627,"data_set_value_component_Jcat_variable_ECa":50.0,"data_set_value_component_Jcat_variable_Gcat":0.66,"data_set_value_component_Jcat_variable_m3cat":-6.18,"data_set_value_component_Jcat_variable_m4cat":0.37,"data_set_value_component_potassium_current_variable_i_K":37022.8176331,"data_set_value_component_potassium_current_variable_Gtot":6927.0,"data_set_value_component_potassium_current_variable_PoBKCa":0.5686843791,"data_set_value_component_potassium_current_variable_PoSKCa":0.5,"data_set_value_component_potassium_current_variable_E_K":-80.0,"data_set_value_component_potassium_current_variable_a":53.3,"data_set_value_component_potassium_current_variable_b":-80.8,"data_set_value_component_potassium_current_variable_c":-6.4,"data_set_value_component_potassium_current_variable_m3":0.00132,"data_set_value_component_potassium_current_variable_m4":0.3,"data_set_value_component_repolarising_current_variable_i_R":-37022.8106589019,"data_set_value_component_repolarising_current_variable_GR":955.0,"data_set_value_component_repolarising_current_variable_Vrest":-31.1},{"data_set_value_component_environment_variable_time":0.7,"data_set_value_component_membrane_variable_Vm":-69.8680036313,"data_set_value_component_membrane_variable_C":1.0,"data_set_value_component_IP3_variable_IP3":1.0340513356,"data_set_value_component_IP3_variable_m3IP3":4.0,"data_set_value_component_IP3_variable_m4IP3":55.0,"data_set_value_component_IP3_variable_kIP3":0.1733,"data_set_value_component_IP3_variable_A":0.211,"data_set_value_component_Ca_variable_Ca":95.645411518,"data_set_value_component_Ca_variable_m3SR":1.1,"data_set_value_component_Ca_variable_m4SR":0.3,"data_set_value_component_Ca_variable_m3PMCA":-6.19,"data_set_value_component_Ca_variable_m4PMCA":0.39,"data_set_value_component_Ca_variable_kSR_rel":180.0,"data_set_value_component_Ca_variable_kPMCA":0.679,"data_set_value_component_Jcat_variable_Jcat":79.1128823966,"data_set_value_component_Jcat_variable_ECa":50.0,"data_set_value_component_Jcat_variable_Gcat":0.66,"data_set_value_component_Jcat_variable_m3cat":-6.18,"data_set_value_component_Jcat_variable_m4cat":0.37,"data_set_value_component_potassium_current_variable_i_K":37023.4498862786,"data_set_value_component_potassium_current_variable_Gtot":6927.0,"data_set_value_component_potassium_current_variable_PoBKCa":0.5687931416,"data_set_value_component_potassium_current_variable_PoSKCa":0.5,"data_set_value_component_potassium_current_variable_E_K":-80.0,"data_set_value_component_potassium_current_variable_a":53.3,"data_set_value_component_potassium_current_variable_b":-80.8,"data_set_value_component_potassium_current_variable_c":-6.4,"data_set_value_component_potassium_current_variable_m3":0.00132,"data_set_value_component_potassium_current_variable_m4":0.3,"data_set_value_component_repolarising_current_variable_i_R":-37023.4434678533,"data_set_value_component_repolarising_current_variable_GR":955.0,"data_set_value_component_repolarising_current_variable_Vrest":-31.1},{"data_set_value_component_environment_variable_time":0.8,"data_set_value_component_membrane_variable_Vm":-69.8686119107,"data_set_value_component_membrane_variable_C":1.0,"data_set_value_component_IP3_variable_IP3":1.0384384132,"data_set_value_component_IP3_variable_m3IP3":4.0,"data_set_value_component_IP3_variable_m4IP3":55.0,"data_set_value_component_IP3_variable_kIP3":0.1733,"data_set_value_component_IP3_variable_A":0.211,"data_set_value_component_Ca_variable_Ca":102.6934422072,"data_set_value_component_Ca_variable_m3SR":1.1,"data_set_value_component_Ca_variable_m4SR":0.3,"data_set_value_component_Ca_variable_m3PMCA":-6.19,"data_set_value_component_Ca_variable_m4PMCA":0.39,"data_set_value_component_Ca_variable_kSR_rel":180.0,"data_set_value_component_Ca_variable_kPMCA":0.679,"data_set_value_component_Jcat_variable_Jcat":79.113283861,"data_set_value_component_Jcat_variable_ECa":50.0,"data_set_value_component_Jcat_variable_Gcat":0.66,"data_set_value_component_Jcat_variable_m3cat":-6.18,"data_set_value_component_Jcat_variable_m4cat":0.37,"data_set_value_component_potassium_current_variable_i_K":37024.0302372989,"data_set_value_component_potassium_current_variable_Gtot":6927.0,"data_set_value_component_potassium_current_variable_PoBKCa":0.5688929943,"data_set_value_component_potassium_current_variable_PoSKCa":0.5,"data_set_value_component_potassium_current_variable_E_K":-80.0,"data_set_value_component_potassium_current_variable_a":53.3,"data_set_value_component_potassium_current_variable_b":-80.8,"data_set_value_component_potassium_current_variable_c":-6.4,"data_set_value_component_potassium_current_variable_m3":0.00132,"data_set_value_component_potassium_current_variable_m4":0.3,"data_set_value_component_repolarising_current_variable_i_R":-37024.0243746723,"data_set_value_component_repolarising_current_variable_GR":955.0,"data_set_value_component_repolarising_current_variable_Vrest":-31.1},{"data_set_value_component_environment_variable_time":0.9,"data_set_value_component_membrane_variable_Vm":-69.8691726413,"data_set_value_component_membrane_variable_C":1.0,"data_set_value_component_IP3_variable_IP3":1.0427122063,"data_set_value_component_IP3_variable_m3IP3":4.0,"data_set_value_component_IP3_variable_m4IP3":55.0,"data_set_value_component_IP3_variable_kIP3":0.1733,"data_set_value_component_IP3_variable_A":0.211,"data_set_value_component_Ca_variable_Ca":109.8660431054,"data_set_value_component_Ca_variable_m3SR":1.1,"data_set_value_component_Ca_variable_m4SR":0.3,"data_set_value_component_Ca_variable_m3PMCA":-6.19,"data_set_value_component_Ca_variable_m4PMCA":0.39,"data_set_value_component_Ca_variable_kSR_rel":180.0,"data_set_value_component_Ca_variable_kPMCA":0.679,"data_set_value_component_Jcat_variable_Jcat":79.1136539432,"data_set_value_component_Jcat_variable_ECa":50.0,"data_set_value_component_Jcat_variable_Gcat":0.66,"data_set_value_component_Jcat_variable_m3cat":-6.18,"data_set_value_component_Jcat_variable_m4cat":0.37,"data_set_value_component_potassium_current_variable_i_K":37024.5657363652,"data_set_value_component_potassium_current_variable_Gtot":6927.0,"data_set_value_component_potassium_current_variable_PoBKCa":0.5689850706,"data_set_value_component_potassium_current_variable_PoSKCa":0.5,"data_set_value_component_potassium_current_variable_E_K":-80.0,"data_set_value_component_potassium_current_variable_a":53.3,"data_set_value_component_potassium_current_variable_b":-80.8,"data_set_value_component_potassium_current_variable_c":-6.4,"data_set_value_component_potassium_current_variable_m3":0.00132,"data_set_value_component_potassium_current_variable_m4":0.3,"data_set_value_component_repolarising_current_variable_i_R":-37024.5598724212,"data_set_value_component_repolarising_current_variable_GR":955.0,"data_set_value_component_repolarising_current_variable_Vrest":-31.1},{"data_set_value_component_environment_variable_time":1.0,"data_set_value_component_membrane_variable_Vm":-69.8696917659,"data_set_value_component_membrane_variable_C":1.0,"data_set_value_component_IP3_variable_IP3":1.0468746576,"data_set_value_component_IP3_variable_m3IP3":4.0,"data_set_value_component_IP3_variable_m4IP3":55.0,"data_set_value_component_IP3_variable_kIP3":0.1733,"data_set_value_component_IP3_variable_A":0.211,"data_set_value_component_Ca_variable_Ca":117.1606687532,"data_set_value_component_Ca_variable_m3SR":1.1,"data_set_value_component_Ca_variable_m4SR":0.3,"data_set_value_component_Ca_variable_m3PMCA":-6.19,"data_set_value_component_Ca_variable_m4PMCA":0.39,"data_set_value_component_Ca_variable_kSR_rel":180.0,"data_set_value_component_Ca_variable_kPMCA":0.679,"data_set_value_component_Jcat_variable_Jcat":79.1139965655,"data_set_value_component_Jcat_variable_ECa":50.0,"data_set_value_component_Jcat_variable_Gcat":0.66,"data_set_value_component_Jcat_variable_m3cat":-6.18,"data_set_value_component_Jcat_variable_m4cat":0.37,"data_set_value_component_potassium_current_variable_i_K":37025.0609122342,"data_set_value_component_potassium_current_variable_Gtot":6927.0,"data_set_value_component_potassium_current_variable_PoBKCa":0.569070303,"data_set_value_component_potassium_current_variable_PoSKCa":0.5,"data_set_value_component_potassium_current_variable_E_K":-80.0,"data_set_value_component_potassium_current_variable_a":53.3,"data_set_value_component_potassium_current_variable_b":-80.8,"data_set_value_component_potassium_current_variable_c":-6.4,"data_set_value_component_potassium_current_variable_m3":0.00132,"data_set_value_component_potassium_current_variable_m4":0.3,"data_set_value_component_repolarising_current_variable_i_R":-37025.0556364716,"data_set_value_component_repolarising_current_variable_GR":955.0,"data_set_value_component_repolarising_current_variable_Vrest":-31.1}]