[{"data_set_value_component_environment_variable_time":0.0,"data_set_value_component_Concentrations_variable_HCO3_i":0.0,"data_set_value_component_Concentrations_variable_HCO3_e":26.0,"data_set_value_component_Concentrations_variable_Cl_i":29.0,"data_set_value_component_Concentrations_variable_Cl_e":114.0,"data_set_value_component_Concentrations_variable_x_Tmax":1.0,"data_set_value_component_Concentrations_variable_x_T":1.0,"data_set_value_component_AE1_rate_constants_variable_K_I":172.0,"data_set_value_component_AE1_rate_constants_variable_Kc_p":50.0,"data_set_value_component_AE1_rate_constants_variable_Kc_pp":50.0,"data_set_value_component_AE1_rate_constants_variable_Kb_p":198.0,"data_set_value_component_AE1_rate_constants_variable_Kb_pp":198.0,"data_set_value_component_AE1_rate_constants_variable_Pc_p":562.0,"data_set_value_component_AE1_rate_constants_variable_Pc_pp":61.0,"data_set_value_component_AE1_rate_constants_variable_Pb_p":1247.0,"data_set_value_component_AE1_rate_constants_variable_Pb_pp":135.0,"data_set_value_component_AE1_variable_beta_p":0.1313131313,"data_set_value_component_AE1_variable_beta_pp":0.0,"data_set_value_component_AE1_variable_gamma_p":2.28,"data_set_value_component_AE1_variable_gamma_pp":0.58,"data_set_value_component_AE1_variable_sigma":2403.9620686869,"data_set_value_component_AE1_variable_x_p":0.0147173703,"data_set_value_component_AE1_variable_x_pp":0.6011357224,"data_set_value_component_AE1_variable_J_HCO3":-2.4099322248,"data_set_value_component_AE1_variable_J_Cl":2.4099322248,"data_set_value_component_AE1_variable_Jb_influx":2.4099322248,"data_set_value_component_AE1_variable_Jc_influx":18.8582496332,"data_set_value_component_AE1_variable_Jo_bm":0.0,"data_set_value_component_AE1_variable_Ji_bm":69.850467588,"data_set_value_component_AE1_variable_Js_bm":121.8125904486,"data_set_value_component_AE1_variable_Jo_cm":21.5343860333,"data_set_value_component_AE1_variable_Ji_cm":52.7614753213,"data_set_value_component_AE1_variable_Js_cm":55.0272873194},{"data_set_value_component_environment_variable_time":0.1,"data_set_value_component_Concentrations_variable_HCO3_i":6.0,"data_set_value_component_Concentrations_variable_HCO3_e":26.0,"data_set_value_component_Concentrations_variable_Cl_i":29.0,"data_set_value_component_Concentrations_variable_Cl_e":114.0,"data_set_value_component_Concentrations_variable_x_Tmax":1.0,"data_set_value_component_Concentrations_variable_x_T":0.9662921348,"data_set_value_component_AE1_rate_constants_variable_K_I":172.0,"data_set_value_component_AE1_rate_constants_variable_Kc_p":50.0,"data_set_value_component_AE1_rate_constants_variable_Kc_pp":50.0,"data_set_value_component_AE1_rate_constants_variable_Kb_p":198.0,"data_set_value_component_AE1_rate_constants_variable_Kb_pp":198.0,"data_set_value_component_AE1_rate_constants_variable_Pc_p":562.0,"data_set_value_component_AE1_rate_constants_variable_Pc_pp":61.0,"data_set_value_component_AE1_rate_constants_variable_Pb_p":1247.0,"data_set_value_component_AE1_rate_constants_variable_Pb_pp":135.0,"data_set_value_component_AE1_variable_beta_p":0.1313131313,"data_set_value_component_AE1_variable_beta_pp":0.0303030303,"data_set_value_component_AE1_variable_gamma_p":2.28,"data_set_value_component_AE1_variable_gamma_pp":0.58,"data_set_value_component_AE1_variable_sigma":2461.7085761861,"data_set_value_component_AE1_variable_x_p":0.0154934785,"data_set_value_component_AE1_variable_x_pp":0.5672466678,"data_set_value_component_AE1_variable_J_HCO3":-0.2164634369,"data_set_value_component_AE1_variable_J_Cl":0.2164634369,"data_set_value_component_AE1_variable_Jb_influx":2.5370179868,"data_set_value_component_AE1_variable_Jc_influx":19.8527236684,"data_set_value_component_AE1_variable_Jo_bm":3.8245703204,"data_set_value_component_AE1_variable_Ji_bm":67.4959574446,"data_set_value_component_AE1_variable_Js_bm":117.706548074,"data_set_value_component_AE1_variable_Jo_cm":20.8085078524,"data_set_value_component_AE1_variable_Ji_cm":50.9829986251,"data_set_value_component_AE1_variable_Js_cm":53.1724349379},{"data_set_value_component_environment_variable_time":0.2,"data_set_value_component_Concentrations_variable_HCO3_i":12.0,"data_set_value_component_Concentrations_variable_HCO3_e":26.0,"data_set_value_component_Concentrations_variable_Cl_i":29.0,"data_set_value_component_Concentrations_variable_Cl_e":114.0,"data_set_value_component_Concentrations_variable_x_Tmax":1.0,"data_set_value_component_Concentrations_variable_x_T":0.9347826087,"data_set_value_component_AE1_rate_constants_variable_K_I":172.0,"data_set_value_component_AE1_rate_constants_variable_Kc_p":50.0,"data_set_value_component_AE1_rate_constants_variable_Kc_pp":50.0,"data_set_value_component_AE1_rate_constants_variable_Kb_p":198.0,"data_set_value_component_AE1_rate_constants_variable_Kb_pp":198.0,"data_set_value_component_AE1_rate_constants_variable_Pc_p":562.0,"data_set_value_component_AE1_rate_constants_variable_Pc_pp":61.0,"data_set_value_component_AE1_rate_constants_variable_Pb_p":1247.0,"data_set_value_component_AE1_rate_constants_variable_Pb_pp":135.0,"data_set_value_component_AE1_variable_beta_p":0.1313131313,"data_set_value_component_AE1_variable_beta_pp":0.0606060606,"data_set_value_component_AE1_variable_gamma_p":2.28,"data_set_value_component_AE1_variable_gamma_pp":0.58,"data_set_value_component_AE1_variable_sigma":2519.4550836853,"data_set_value_component_AE1_variable_x_p":0.0161625545,"data_set_value_component_AE1_variable_x_pp":0.5361720254,"data_set_value_component_AE1_variable_J_HCO3":1.740284545,"data_set_value_component_AE1_variable_J_Cl":-1.740284545,"data_set_value_component_AE1_variable_Jb_influx":2.6465774809,"data_set_value_component_AE1_variable_Jc_influx":20.7100508032,"data_set_value_component_AE1_variable_Jo_bm":7.1668440515,"data_set_value_component_AE1_variable_Ji_bm":65.2950023105,"data_set_value_component_AE1_variable_Js_bm":113.8682910715,"data_set_value_component_AE1_variable_Jo_cm":20.1299695529,"data_set_value_component_AE1_variable_Ji_cm":49.3205095395,"data_set_value_component_AE1_variable_Js_cm":51.4385511899},{"data_set_value_component_environment_variable_time":0.3,"data_set_value_component_Concentrations_variable_HCO3_i":18.0,"data_set_value_component_Concentrations_variable_HCO3_e":26.0,"data_set_value_component_Concentrations_variable_Cl_i":29.0,"data_set_value_component_Concentrations_variable_Cl_e":114.0,"data_set_value_component_Concentrations_variable_x_Tmax":1.0,"data_set_value_component_Concentrations_variable_x_T":0.9052631579,"data_set_value_component_AE1_rate_constants_variable_K_I":172.0,"data_set_value_component_AE1_rate_constants_variable_Kc_p":50.0,"data_set_value_component_AE1_rate_constants_variable_Kc_pp":50.0,"data_set_value_component_AE1_rate_constants_variable_Kb_p":198.0,"data_set_value_component_AE1_rate_constants_variable_Kb_pp":198.0,"data_set_value_component_AE1_rate_constants_variable_Pc_p":562.0,"data_set_value_component_AE1_rate_constants_variable_Pc_pp":61.0,"data_set_value_component_AE1_rate_constants_variable_Pb_p":1247.0,"data_set_value_component_AE1_rate_constants_variable_Pb_pp":135.0,"data_set_value_component_AE1_variable_beta_p":0.1313131313,"data_set_value_component_AE1_variable_beta_pp":0.0909090909,"data_set_value_component_AE1_variable_gamma_p":2.28,"data_set_value_component_AE1_variable_gamma_pp":0.58,"data_set_value_component_AE1_variable_sigma":2577.2015911846,"data_set_value_component_AE1_variable_x_p":0.0167384106,"data_set_value_component_AE1_variable_x_pp":0.5076058313,"data_set_value_component_AE1_variable_J_HCO3":3.4888354661,"data_set_value_component_AE1_variable_J_Cl":-3.4888354661,"data_set_value_component_AE1_variable_Jb_influx":2.7408724633,"data_set_value_component_AE1_variable_Jc_influx":21.4479297771,"data_set_value_component_AE1_variable_Jo_bm":10.0931536072,"data_set_value_component_AE1_variable_Ji_bm":63.2330548691,"data_set_value_component_AE1_variable_Js_bm":110.2724503009,"data_set_value_component_AE1_variable_Jo_cm":19.4942863038,"data_set_value_component_AE1_variable_Ji_cm":47.7630197646,"data_set_value_component_AE1_variable_Js_cm":49.8141758892},{"data_set_value_component_environment_variable_time":0.4,"data_set_value_component_Concentrations_variable_HCO3_i":24.0,"data_set_value_component_Concentrations_variable_HCO3_e":26.0,"data_set_value_component_Concentrations_variable_Cl_i":29.0,"data_set_value_component_Concentrations_variable_Cl_e":114.0,"data_set_value_component_Concentrations_variable_x_Tmax":1.0,"data_set_value_component_Concentrations_variable_x_T":0.8775510204,"data_set_value_component_AE1_rate_constants_variable_K_I":172.0,"data_set_value_component_AE1_rate_constants_variable_Kc_p":50.0,"data_set_value_component_AE1_rate_constants_variable_Kc_pp":50.0,"data_set_value_component_AE1_rate_constants_variable_Kb_p":198.0,"data_set_value_component_AE1_rate_constants_variable_Kb_pp":198.0,"data_set_value_component_AE1_rate_constants_variable_Pc_p":562.0,"data_set_value_component_AE1_rate_constants_variable_Pc_pp":61.0,"data_set_value_component_AE1_rate_constants_variable_Pb_p":1247.0,"data_set_value_component_AE1_rate_constants_variable_Pb_pp":135.0,"data_set_value_component_AE1_variable_beta_p":0.1313131313,"data_set_value_component_AE1_variable_beta_pp":0.1212121212,"data_set_value_component_AE1_variable_gamma_p":2.28,"data_set_value_component_AE1_variable_gamma_pp":0.58,"data_set_value_component_AE1_variable_sigma":2634.9480986838,"data_set_value_component_AE1_variable_x_p":0.0172328559,"data_set_value_component_AE1_variable_x_pp":0.4812829291,"data_set_value_component_AE1_variable_J_HCO3":5.053702204,"data_set_value_component_AE1_variable_J_Cl":-5.053702204,"data_set_value_component_AE1_variable_Jb_influx":2.8218366364,"data_set_value_component_AE1_variable_Jc_influx":22.081492237,"data_set_value_component_AE1_variable_Jo_bm":12.6593394486,"data_set_value_component_AE1_variable_Ji_bm":61.2973491078,"data_set_value_component_AE1_variable_Js_bm":106.8967630468,"data_set_value_component_AE1_variable_Jo_cm":18.8975224374,"data_set_value_component_AE1_variable_Ji_cm":46.3008865065,"data_set_value_component_AE1_variable_Js_cm":48.2892521375},{"data_set_value_component_environment_variable_time":0.5,"data_set_value_component_Concentrations_variable_HCO3_i":30.0,"data_set_value_component_Concentrations_variable_HCO3_e":26.0,"data_set_value_component_Concentrations_variable_Cl_i":29.0,"data_set_value_component_Concentrations_variable_Cl_e":114.0,"data_set_value_component_Concentrations_variable_x_Tmax":1.0,"data_set_value_component_Concentrations_variable_x_T":0.8514851485,"data_set_value_component_AE1_rate_constants_variable_K_I":172.0,"data_set_value_component_AE1_rate_constants_variable_Kc_p":50.0,"data_set_value_component_AE1_rate_constants_variable_Kc_pp":50.0,"data_set_value_component_AE1_rate_constants_variable_Kb_p":198.0,"data_set_value_component_AE1_rate_constants_variable_Kb_pp":198.0,"data_set_value_component_AE1_rate_constants_variable_Pc_p":562.0,"data_set_value_component_AE1_rate_constants_variable_Pc_pp":61.0,"data_set_value_component_AE1_rate_constants_variable_Pb_p":1247.0,"data_set_value_component_AE1_rate_constants_variable_Pb_pp":135.0,"data_set_value_component_AE1_variable_beta_p":0.1313131313,"data_set_value_component_AE1_variable_beta_pp":0.1515151515,"data_set_value_component_AE1_variable_gamma_p":2.28,"data_set_value_component_AE1_variable_gamma_pp":0.58,"data_set_value_component_AE1_variable_sigma":2692.694606183,"data_set_value_component_AE1_variable_x_p":0.0176560261,"data_set_value_component_AE1_variable_x_pp":0.456972562,"data_set_value_component_AE1_variable_J_HCO3":6.4560363531,"data_set_value_component_AE1_variable_J_Cl":-6.4560363531,"data_set_value_component_AE1_variable_Jb_influx":2.8911296869,"data_set_value_component_AE1_variable_Jc_influx":22.6237255952,"data_set_value_component_AE1_variable_Jo_bm":14.912638868,"data_set_value_component_AE1_variable_Ji_bm":59.476635768,"data_set_value_component_AE1_variable_Js_bm":103.7216116691,"data_set_value_component_AE1_variable_Jo_cm":18.3362098898,"data_set_value_component_AE1_variable_Ji_cm":44.9256126498,"data_set_value_component_AE1_variable_Js_cm":46.8549179155},{"data_set_value_component_environment_variable_time":0.6,"data_set_value_component_Concentrations_variable_HCO3_i":36.0,"data_set_value_component_Concentrations_variable_HCO3_e":26.0,"data_set_value_component_Concentrations_variable_Cl_i":29.0,"data_set_value_component_Concentrations_variable_Cl_e":114.0,"data_set_value_component_Concentrations_variable_x_Tmax":1.0,"data_set_value_component_Concentrations_variable_x_T":0.8269230769,"data_set_value_component_AE1_rate_constants_variable_K_I":172.0,"data_set_value_component_AE1_rate_constants_variable_Kc_p":50.0,"data_set_value_component_AE1_rate_constants_variable_Kc_pp":50.0,"data_set_value_component_AE1_rate_constants_variable_Kb_p":198.0,"data_set_value_component_AE1_rate_constants_variable_Kb_pp":198.0,"data_set_value_component_AE1_rate_constants_variable_Pc_p":562.0,"data_set_value_component_AE1_rate_constants_variable_Pc_pp":61.0,"data_set_value_component_AE1_rate_constants_variable_Pb_p":1247.0,"data_set_value_component_AE1_rate_constants_variable_Pb_pp":135.0,"data_set_value_component_AE1_variable_beta_p":0.1313131313,"data_set_value_component_AE1_variable_beta_pp":0.1818181818,"data_set_value_component_AE1_variable_gamma_p":2.28,"data_set_value_component_AE1_variable_gamma_pp":0.58,"data_set_value_component_AE1_variable_sigma":2750.4411136823,"data_set_value_component_AE1_variable_x_p":0.0180166523,"data_set_value_component_AE1_variable_x_pp":0.4344731154,"data_set_value_component_AE1_variable_J_HCO3":7.7141587863,"data_set_value_component_AE1_variable_J_Cl":-7.7141587863,"data_set_value_component_AE1_variable_Jb_influx":2.95018132,"data_set_value_component_AE1_variable_Jc_influx":23.0858176106,"data_set_value_component_AE1_variable_Jo_bm":16.8931940276,"data_set_value_component_AE1_variable_Ji_bm":57.7609635824,"data_set_value_component_AE1_variable_Js_bm":100.7296421017,"data_set_value_component_AE1_variable_Jo_cm":17.8072807583,"data_set_value_component_AE1_variable_Ji_cm":43.6296815157,"data_set_value_component_AE1_variable_Js_cm":45.5033337449},{"data_set_value_component_environment_variable_time":0.7,"data_set_value_component_Concentrations_variable_HCO3_i":42.0,"data_set_value_component_Concentrations_variable_HCO3_e":26.0,"data_set_value_component_Concentrations_variable_Cl_i":29.0,"data_set_value_component_Concentrations_variable_Cl_e":114.0,"data_set_value_component_Concentrations_variable_x_Tmax":1.0,"data_set_value_component_Concentrations_variable_x_T":0.8037383178,"data_set_value_component_AE1_rate_constants_variable_K_I":172.0,"data_set_value_component_AE1_rate_constants_variable_Kc_p":50.0,"data_set_value_component_AE1_rate_constants_variable_Kc_pp":50.0,"data_set_value_component_AE1_rate_constants_variable_Kb_p":198.0,"data_set_value_component_AE1_rate_constants_variable_Kb_pp":198.0,"data_set_value_component_AE1_rate_constants_variable_Pc_p":562.0,"data_set_value_component_AE1_rate_constants_variable_Pc_pp":61.0,"data_set_value_component_AE1_rate_constants_variable_Pb_p":1247.0,"data_set_value_component_AE1_rate_constants_variable_Pb_pp":135.0,"data_set_value_component_AE1_variable_beta_p":0.1313131313,"data_set_value_component_AE1_variable_beta_pp":0.2121212121,"data_set_value_component_AE1_variable_gamma_p":2.28,"data_set_value_component_AE1_variable_gamma_pp":0.58,"data_set_value_component_AE1_variable_sigma":2808.1876211815,"data_set_value_component_AE1_variable_x_p":0.0183222816,"data_set_value_component_AE1_variable_x_pp":0.413607781,"data_set_value_component_AE1_variable_J_HCO3":8.8439954748,"data_set_value_component_AE1_variable_J_Cl":-8.8439954748,"data_set_value_component_AE1_variable_Jb_influx":3.0002273458,"data_set_value_component_AE1_variable_Jc_influx":23.4774387679,"data_set_value_component_AE1_variable_Jo_bm":18.6352639394,"data_set_value_component_AE1_variable_Ji_bm":56.1414973137,"data_set_value_component_AE1_variable_Js_bm":97.9054465288,"data_set_value_component_AE1_variable_Jo_cm":17.3080112043,"data_set_value_component_AE1_variable_Ji_cm":42.4064194171,"data_set_value_component_AE1_variable_Js_cm":44.2275393408},{"data_set_value_component_environment_variable_time":0.8,"data_set_value_component_Concentrations_variable_HCO3_i":48.0,"data_set_value_component_Concentrations_variable_HCO3_e":26.0,"data_set_value_component_Concentrations_variable_Cl_i":29.0,"data_set_value_component_Concentrations_variable_Cl_e":114.0,"data_set_value_component_Concentrations_variable_x_Tmax":1.0,"data_set_value_component_Concentrations_variable_x_T":0.7818181818,"data_set_value_component_AE1_rate_constants_variable_K_I":172.0,"data_set_value_component_AE1_rate_constants_variable_Kc_p":50.0,"data_set_value_component_AE1_rate_constants_variable_Kc_pp":50.0,"data_set_value_component_AE1_rate_constants_variable_Kb_p":198.0,"data_set_value_component_AE1_rate_constants_variable_Kb_pp":198.0,"data_set_value_component_AE1_rate_constants_variable_Pc_p":562.0,"data_set_value_component_AE1_rate_constants_variable_Pc_pp":61.0,"data_set_value_component_AE1_rate_constants_variable_Pb_p":1247.0,"data_set_value_component_AE1_rate_constants_variable_Pb_pp":135.0,"data_set_value_component_AE1_variable_beta_p":0.1313131313,"data_set_value_component_AE1_variable_beta_pp":0.2424242424,"data_set_value_component_AE1_variable_gamma_p":2.28,"data_set_value_component_AE1_variable_gamma_pp":0.58,"data_set_value_component_AE1_variable_sigma":2865.9341286807,"data_set_value_component_AE1_variable_x_p":0.0185794585,"data_set_value_component_AE1_variable_x_pp":0.3942209582,"data_set_value_component_AE1_variable_J_HCO3":9.8594374076,"data_set_value_component_AE1_variable_J_Cl":-9.8594374076,"data_set_value_component_AE1_variable_Jb_influx":3.0423394072,"data_set_value_component_AE1_variable_Jc_influx":23.8069749099,"data_set_value_component_AE1_variable_Jo_bm":20.1682045424,"data_set_value_component_AE1_variable_Ji_bm":54.6103655688,"data_set_value_component_AE1_variable_Js_bm":95.2352979871,"data_set_value_component_AE1_variable_Jo_cm":16.8359745351,"data_set_value_component_AE1_variable_Ji_cm":41.2498807058,"data_set_value_component_AE1_variable_Js_cm":43.0213337225},{"data_set_value_component_environment_variable_time":0.9,"data_set_value_component_Concentrations_variable_HCO3_i":54.0,"data_set_value_component_Concentrations_variable_HCO3_e":26.0,"data_set_value_component_Concentrations_variable_Cl_i":29.0,"data_set_value_component_Concentrations_variable_Cl_e":114.0,"data_set_value_component_Concentrations_variable_x_Tmax":1.0,"data_set_value_component_Concentrations_variable_x_T":0.7610619469,"data_set_value_component_AE1_rate_constants_variable_K_I":172.0,"data_set_value_component_AE1_rate_constants_variable_Kc_p":50.0,"data_set_value_component_AE1_rate_constants_variable_Kc_pp":50.0,"data_set_value_component_AE1_rate_constants_variable_Kb_p":198.0,"data_set_value_component_AE1_rate_constants_variable_Kb_pp":198.0,"data_set_value_component_AE1_rate_constants_variable_Pc_p":562.0,"data_set_value_component_AE1_rate_constants_variable_Pc_pp":61.0,"data_set_value_component_AE1_rate_constants_variable_Pb_p":1247.0,"data_set_value_component_AE1_rate_constants_variable_Pb_pp":135.0,"data_set_value_component_AE1_variable_beta_p":0.1313131313,"data_set_value_component_AE1_variable_beta_pp":0.2727272727,"data_set_value_component_AE1_variable_gamma_p":2.28,"data_set_value_component_AE1_variable_gamma_pp":0.58,"data_set_value_component_AE1_variable_sigma":2923.68063618,"data_set_value_component_AE1_variable_x_p":0.0187938751,"data_set_value_component_AE1_variable_x_pp":0.3761752548,"data_set_value_component_AE1_variable_J_HCO3":10.7726393316,"data_set_value_component_AE1_variable_J_Cl":-10.7726393316,"data_set_value_component_AE1_variable_Jb_influx":3.0774495944,"data_set_value_component_AE1_variable_Jc_influx":24.0817198458,"data_set_value_component_AE1_variable_Jo_bm":21.5172658766,"data_set_value_component_AE1_variable_Ji_bm":53.1605328546,"data_set_value_component_AE1_variable_Js_bm":92.7069272441,"data_set_value_component_AE1_variable_Jo_cm":16.3890017599,"data_set_value_component_AE1_variable_Ji_cm":40.1547511295,"data_set_value_component_AE1_variable_Js_cm":41.8791744201},{"data_set_value_component_environment_variable_time":1.0,"data_set_value_component_Concentrations_variable_HCO3_i":60.0,"data_set_value_component_Concentrations_variable_HCO3_e":26.0,"data_set_value_component_Concentrations_variable_Cl_i":29.0,"data_set_value_component_Concentrations_variable_Cl_e":114.0,"data_set_value_component_Concentrations_variable_x_Tmax":1.0,"data_set_value_component_Concentrations_variable_x_T":0.7413793103,"data_set_value_component_AE1_rate_constants_variable_K_I":172.0,"data_set_value_component_AE1_rate_constants_variable_Kc_p":50.0,"data_set_value_component_AE1_rate_constants_variable_Kc_pp":50.0,"data_set_value_component_AE1_rate_constants_variable_Kb_p":198.0,"data_set_value_component_AE1_rate_constants_variable_Kb_pp":198.0,"data_set_value_component_AE1_rate_constants_variable_Pc_p":562.0,"data_set_value_component_AE1_rate_constants_variable_Pc_pp":61.0,"data_set_value_component_AE1_rate_constants_variable_Pb_p":1247.0,"data_set_value_component_AE1_rate_constants_variable_Pb_pp":135.0,"data_set_value_component_AE1_variable_beta_p":0.1313131313,"data_set_value_component_AE1_variable_beta_pp":0.303030303,"data_set_value_component_AE1_variable_gamma_p":2.28,"data_set_value_component_AE1_variable_gamma_pp":0.58,"data_set_value_component_AE1_variable_sigma":2981.4271436792,"data_set_value_component_AE1_variable_x_p":0.0189704966,"data_set_value_component_AE1_variable_x_pp":0.3593489733,"data_set_value_component_AE1_variable_J_HCO3":11.594268897,"data_set_value_component_AE1_variable_J_Cl":-11.594268897,"data_set_value_component_AE1_variable_Jb_influx":3.1063709191,"data_set_value_component_AE1_variable_Jc_influx":24.3080355718,"data_set_value_component_AE1_variable_Jo_bm":22.704244056,"data_set_value_component_AE1_variable_Ji_bm":51.7856914877,"data_set_value_component_AE1_variable_Js_bm":90.3093342981,"data_set_value_component_AE1_variable_Jo_cm":15.9651482661,"data_set_value_component_AE1_variable_Ji_cm":39.1162661865,"data_set_value_component_AE1_variable_Js_cm":40.796092323}]