[{"data_generator_T":0.0,"data_generator_V":-71.0},{"data_generator_T":0.02,"data_generator_V":-70.998596},{"data_generator_T":0.039999999,"data_generator_V":-70.997192},{"data_generator_T":0.059999999,"data_generator_V":-70.995789},{"data_generator_T":0.079999998,"data_generator_V":-70.994385},{"data_generator_T":0.1,"data_generator_V":-70.992981},{"data_generator_T":0.12,"data_generator_V":-70.991577},{"data_generator_T":0.14,"data_generator_V":-70.990173},{"data_generator_T":0.16,"data_generator_V":-70.988762},{"data_generator_T":0.18000001,"data_generator_V":-70.987358},{"data_generator_T":0.2,"data_generator_V":-70.985954},{"data_generator_T":0.22,"data_generator_V":-70.98455},{"data_generator_T":0.23999999,"data_generator_V":-70.983147},{"data_generator_T":0.25999999,"data_generator_V":-70.981735},{"data_generator_T":0.28,"data_generator_V":-70.980331},{"data_generator_T":0.30000001,"data_generator_V":-70.978928},{"data_generator_T":0.31999999,"data_generator_V":-70.977524},{"data_generator_T":0.34,"data_generator_V":-70.976112},{"data_generator_T":0.36000001,"data_generator_V":-70.974709},{"data_generator_T":0.38,"data_generator_V":-70.973305},{"data_generator_T":0.40000001,"data_generator_V":-70.971893},{"data_generator_T":0.41999999,"data_generator_V":-70.97049},{"data_generator_T":0.44,"data_generator_V":-70.969086},{"data_generator_T":0.46000001,"data_generator_V":-70.967674},{"data_generator_T":0.47999999,"data_generator_V":-70.96627},{"data_generator_T":0.5,"data_generator_V":-70.964859},{"data_generator_T":0.51999998,"data_generator_V":-70.963455},{"data_generator_T":0.54000002,"data_generator_V":-70.962051},{"data_generator_T":0.56,"data_generator_V":-70.96064},{"data_generator_T":0.57999998,"data_generator_V":-70.959236},{"data_generator_T":0.60000002,"data_generator_V":-70.957832},{"data_generator_T":0.62,"data_generator_V":-70.956421},{"data_generator_T":0.63999999,"data_generator_V":-70.955017},{"data_generator_T":0.66000003,"data_generator_V":-70.953606},{"data_generator_T":0.68000001,"data_generator_V":-70.952202},{"data_generator_T":0.69999999,"data_generator_V":-70.950798},{"data_generator_T":0.72000003,"data_generator_V":-70.949387},{"data_generator_T":0.74000001,"data_generator_V":-70.947983},{"data_generator_T":0.75999999,"data_generator_V":-70.946579},{"data_generator_T":0.77999997,"data_generator_V":-70.945168},{"data_generator_T":0.80000001,"data_generator_V":-70.943764},{"data_generator_T":0.81999999,"data_generator_V":-70.942352},{"data_generator_T":0.83999997,"data_generator_V":-70.940948},{"data_generator_T":0.86000001,"data_generator_V":-70.939545},{"data_generator_T":0.88,"data_generator_V":-70.938133},{"data_generator_T":0.89999998,"data_generator_V":-70.936729},{"data_generator_T":0.92000002,"data_generator_V":-70.935326},{"data_generator_T":0.94,"data_generator_V":-70.933922},{"data_generator_T":0.95999998,"data_generator_V":-70.93251},{"data_generator_T":0.98000002,"data_generator_V":-70.931107},{"data_generator_T":1.0,"data_generator_V":-70.929703},{"data_generator_T":1.02,"data_generator_V":-70.928299},{"data_generator_T":1.04,"data_generator_V":-70.926888},{"data_generator_T":1.0599999,"data_generator_V":-70.925484},{"data_generator_T":1.08,"data_generator_V":-70.92408},{"data_generator_T":1.1,"data_generator_V":-70.922676},{"data_generator_T":1.12,"data_generator_V":-70.921272},{"data_generator_T":1.14,"data_generator_V":-70.919861},{"data_generator_T":1.16,"data_generator_V":-70.918457},{"data_generator_T":1.1799999,"data_generator_V":-70.917053},{"data_generator_T":1.2,"data_generator_V":-70.915649},{"data_generator_T":1.22,"data_generator_V":-70.914246},{"data_generator_T":1.24,"data_generator_V":-70.912842},{"data_generator_T":1.26,"data_generator_V":-70.911438},{"data_generator_T":1.28,"data_generator_V":-70.910034},{"data_generator_T":1.3,"data_generator_V":-70.90863},{"data_generator_T":1.3200001,"data_generator_V":-70.907227},{"data_generator_T":1.34,"data_generator_V":-70.905823},{"data_generator_T":1.36,"data_generator_V":-70.904419},{"data_generator_T":1.38,"data_generator_V":-70.903015},{"data_generator_T":1.4,"data_generator_V":-70.901611},{"data_generator_T":1.42,"data_generator_V":-70.900215},{"data_generator_T":1.4400001,"data_generator_V":-70.898811},{"data_generator_T":1.46,"data_generator_V":-70.897408},{"data_generator_T":1.48,"data_generator_V":-70.896004},{"data_generator_T":1.5,"data_generator_V":-70.8946},{"data_generator_T":1.52,"data_generator_V":-70.893204},{"data_generator_T":1.54,"data_generator_V":-70.8918},{"data_generator_T":1.5599999,"data_generator_V":-70.890396},{"data_generator_T":1.58,"data_generator_V":-70.889},{"data_generator_T":1.6,"data_generator_V":-70.887596},{"data_generator_T":1.62,"data_generator_V":-70.886192},{"data_generator_T":1.64,"data_generator_V":-70.884796},{"data_generator_T":1.66,"data_generator_V":-70.883392},{"data_generator_T":1.6799999,"data_generator_V":-70.881996},{"data_generator_T":1.7,"data_generator_V":-70.880592},{"data_generator_T":1.72,"data_generator_V":-70.879196},{"data_generator_T":1.74,"data_generator_V":-70.877792},{"data_generator_T":1.76,"data_generator_V":-70.876396},{"data_generator_T":1.78,"data_generator_V":-70.874992},{"data_generator_T":1.8,"data_generator_V":-70.873596},{"data_generator_T":1.8200001,"data_generator_V":-70.8722},{"data_generator_T":1.84,"data_generator_V":-70.870796},{"data_generator_T":1.86,"data_generator_V":-70.8694},{"data_generator_T":1.88,"data_generator_V":-70.868004},{"data_generator_T":1.9,"data_generator_V":-70.8666},{"data_generator_T":1.92,"data_generator_V":-70.865204},{"data_generator_T":1.9400001,"data_generator_V":-70.863808},{"data_generator_T":1.96,"data_generator_V":-70.862411},{"data_generator_T":1.98,"data_generator_V":-70.861015},{"data_generator_T":2.0,"data_generator_V":-70.859619},{"data_generator_T":2.02,"data_generator_V":-70.858223},{"data_generator_T":2.04,"data_generator_V":-70.856827},{"data_generator_T":2.0599999,"data_generator_V":-70.855431},{"data_generator_T":2.0799999,"data_generator_V":-70.854034},{"data_generator_T":2.0999999,"data_generator_V":-70.852638},{"data_generator_T":2.1199999,"data_generator_V":-70.851242},{"data_generator_T":2.1400001,"data_generator_V":-70.849846},{"data_generator_T":2.1600001,"data_generator_V":-70.84845},{"data_generator_T":2.1800001,"data_generator_V":-70.847054},{"data_generator_T":2.2,"data_generator_V":-70.845657},{"data_generator_T":2.22,"data_generator_V":-70.844269},{"data_generator_T":2.24,"data_generator_V":-70.842873},{"data_generator_T":2.26,"data_generator_V":-70.841476},{"data_generator_T":2.28,"data_generator_V":-70.84008},{"data_generator_T":2.3,"data_generator_V":-70.838692},{"data_generator_T":2.3199999,"data_generator_V":-70.837296},{"data_generator_T":2.3399999,"data_generator_V":-70.835907},{"data_generator_T":2.3599999,"data_generator_V":-70.834511},{"data_generator_T":2.3800001,"data_generator_V":-70.833115},{"data_generator_T":2.4000001,"data_generator_V":-70.831726},{"data_generator_T":2.4200001,"data_generator_V":-70.830338},{"data_generator_T":2.4400001,"data_generator_V":-70.828941},{"data_generator_T":2.46,"data_generator_V":-70.827553},{"data_generator_T":2.48,"data_generator_V":-70.826157},{"data_generator_T":2.5,"data_generator_V":-70.824768},{"data_generator_T":2.52,"data_generator_V":-70.82338},{"data_generator_T":2.54,"data_generator_V":-70.821983},{"data_generator_T":2.5599999,"data_generator_V":-70.820595},{"data_generator_T":2.5799999,"data_generator_V":-70.819206},{"data_generator_T":2.5999999,"data_generator_V":-70.817818},{"data_generator_T":2.6199999,"data_generator_V":-70.816429},{"data_generator_T":2.6400001,"data_generator_V":-70.815041},{"data_generator_T":2.6600001,"data_generator_V":-70.813644},{"data_generator_T":2.6800001,"data_generator_V":-70.812256},{"data_generator_T":2.7,"data_generator_V":-70.810867},{"data_generator_T":2.72,"data_generator_V":-70.809479},{"data_generator_T":2.74,"data_generator_V":-70.80809},{"data_generator_T":2.76,"data_generator_V":-70.806709},{"data_generator_T":2.78,"data_generator_V":-70.805321},{"data_generator_T":2.8,"data_generator_V":-70.803932},{"data_generator_T":2.8199999,"data_generator_V":-70.802544},{"data_generator_T":2.8399999,"data_generator_V":-70.801155},{"data_generator_T":2.8599999,"data_generator_V":-70.799767},{"data_generator_T":2.8800001,"data_generator_V":-70.798386},{"data_generator_T":2.9000001,"data_generator_V":-70.796997},{"data_generator_T":2.9200001,"data_generator_V":-70.795609},{"data_generator_T":2.9400001,"data_generator_V":-70.794228},{"data_generator_T":2.96,"data_generator_V":-70.792839},{"data_generator_T":2.98,"data_generator_V":-70.791458},{"data_generator_T":3.0,"data_generator_V":-70.79007},{"data_generator_T":3.02,"data_generator_V":-70.388687},{"data_generator_T":3.04,"data_generator_V":-69.587418},{"data_generator_T":3.0599999,"data_generator_V":-68.786301},{"data_generator_T":3.0799999,"data_generator_V":-67.985344},{"data_generator_T":3.0999999,"data_generator_V":-67.18454},{"data_generator_T":3.1199999,"data_generator_V":-66.383888},{"data_generator_T":3.1400001,"data_generator_V":-65.583397},{"data_generator_T":3.1600001,"data_generator_V":-64.783051},{"data_generator_T":3.1800001,"data_generator_V":-63.982864},{"data_generator_T":3.2,"data_generator_V":-63.182831},{"data_generator_T":3.22,"data_generator_V":-62.38295},{"data_generator_T":3.24,"data_generator_V":-61.583221},{"data_generator_T":3.26,"data_generator_V":-60.783646},{"data_generator_T":3.28,"data_generator_V":-59.984222},{"data_generator_T":3.3,"data_generator_V":-59.184948},{"data_generator_T":3.3199999,"data_generator_V":-58.38583},{"data_generator_T":3.3399999,"data_generator_V":-57.586861},{"data_generator_T":3.3599999,"data_generator_V":-56.78804},{"data_generator_T":3.3800001,"data_generator_V":-55.989372},{"data_generator_T":3.4000001,"data_generator_V":-55.190853},{"data_generator_T":3.4200001,"data_generator_V":-54.392479},{"data_generator_T":3.4400001,"data_generator_V":-53.59425},{"data_generator_T":3.46,"data_generator_V":-52.796162},{"data_generator_T":3.48,"data_generator_V":-51.998215},{"data_generator_T":3.5,"data_generator_V":-51.200405},{"data_generator_T":3.52,"data_generator_V":-50.402721},{"data_generator_T":3.54,"data_generator_V":-49.605156},{"data_generator_T":3.5599999,"data_generator_V":-48.807701},{"data_generator_T":3.5799999,"data_generator_V":-48.010338},{"data_generator_T":3.5999999,"data_generator_V":-47.213043},{"data_generator_T":3.6199999,"data_generator_V":-46.415794},{"data_generator_T":3.6400001,"data_generator_V":-45.618546},{"data_generator_T":3.6600001,"data_generator_V":-44.821247},{"data_generator_T":3.6800001,"data_generator_V":-44.023827},{"data_generator_T":3.7,"data_generator_V":-43.226185},{"data_generator_T":3.72,"data_generator_V":-42.4282},{"data_generator_T":3.74,"data_generator_V":-41.6297},{"data_generator_T":3.76,"data_generator_V":-40.830467},{"data_generator_T":3.78,"data_generator_V":-40.03022},{"data_generator_T":3.8,"data_generator_V":-39.228588},{"data_generator_T":3.8199999,"data_generator_V":-38.425095},{"data_generator_T":3.8399999,"data_generator_V":-37.619144},{"data_generator_T":3.8599999,"data_generator_V":-36.809978},{"data_generator_T":3.8800001,"data_generator_V":-35.996647},{"data_generator_T":3.9000001,"data_generator_V":-35.177967},{"data_generator_T":3.9200001,"data_generator_V":-34.352486},{"data_generator_T":3.9400001,"data_generator_V":-33.518429},{"data_generator_T":3.96,"data_generator_V":-32.673634},{"data_generator_T":3.98,"data_generator_V":-31.815512},{"data_generator_T":4.0,"data_generator_V":-30.940962},{"data_generator_T":4.02,"data_generator_V":-30.44632},{"data_generator_T":4.04,"data_generator_V":-30.32637},{"data_generator_T":4.0599999,"data_generator_V":-30.177094},{"data_generator_T":4.0799999,"data_generator_V":-29.994818},{"data_generator_T":4.0999999,"data_generator_V":-29.775724},{"data_generator_T":4.1199999,"data_generator_V":-29.515833},{"data_generator_T":4.1399999,"data_generator_V":-29.210978},{"data_generator_T":4.1599998,"data_generator_V":-28.856783},{"data_generator_T":4.1799998,"data_generator_V":-28.448626},{"data_generator_T":4.1999998,"data_generator_V":-27.981598},{"data_generator_T":4.2199998,"data_generator_V":-27.45048},{"data_generator_T":4.2399998,"data_generator_V":-26.849688},{"data_generator_T":4.2600002,"data_generator_V":-26.173244},{"data_generator_T":4.2800002,"data_generator_V":-25.414755},{"data_generator_T":4.3000002,"data_generator_V":-24.567379},{"data_generator_T":4.3200002,"data_generator_V":-23.623844},{"data_generator_T":4.3400002,"data_generator_V":-22.576462},{"data_generator_T":4.3600001,"data_generator_V":-21.41721},{"data_generator_T":4.3800001,"data_generator_V":-20.137852},{"data_generator_T":4.4000001,"data_generator_V":-18.730131},{"data_generator_T":4.4200001,"data_generator_V":-17.18606},{"data_generator_T":4.4400001,"data_generator_V":-15.498316},{"data_generator_T":4.46,"data_generator_V":-13.660746},{"data_generator_T":4.48,"data_generator_V":-11.669019},{"data_generator_T":4.5,"data_generator_V":-9.5213776},{"data_generator_T":4.52,"data_generator_V":-7.2194843},{"data_generator_T":4.54,"data_generator_V":-4.7692804},{"data_generator_T":4.5599999,"data_generator_V":-2.1817842},{"data_generator_T":4.5799999,"data_generator_V":0.52631062},{"data_generator_T":4.5999999,"data_generator_V":3.332371},{"data_generator_T":4.6199999,"data_generator_V":6.2080374},{"data_generator_T":4.6399999,"data_generator_V":9.1200066},{"data_generator_T":4.6599998,"data_generator_V":12.031415},{"data_generator_T":4.6799998,"data_generator_V":14.903734},{"data_generator_T":4.6999998,"data_generator_V":17.699001},{"data_generator_T":4.7199998,"data_generator_V":20.38209},{"data_generator_T":4.7399998,"data_generator_V":22.922733},{"data_generator_T":4.7600002,"data_generator_V":25.297043},{"data_generator_T":4.7800002,"data_generator_V":27.488319},{"data_generator_T":4.8000002,"data_generator_V":29.487183},{"data_generator_T":4.8200002,"data_generator_V":31.29105},{"data_generator_T":4.8400002,"data_generator_V":32.90316},{"data_generator_T":4.8600001,"data_generator_V":34.331345},{"data_generator_T":4.8800001,"data_generator_V":35.586723},{"data_generator_T":4.9000001,"data_generator_V":36.682487},{"data_generator_T":4.9200001,"data_generator_V":37.632839},{"data_generator_T":4.9400001,"data_generator_V":38.452152},{"data_generator_T":4.96,"data_generator_V":39.154373},{"data_generator_T":4.98,"data_generator_V":39.752594},{"data_generator_T":5.0,"data_generator_V":40.258797},{"data_generator_T":5.02,"data_generator_V":40.683758},{"data_generator_T":5.04,"data_generator_V":41.037006},{"data_generator_T":5.0599999,"data_generator_V":41.326866},{"data_generator_T":5.0799999,"data_generator_V":41.560532},{"data_generator_T":5.0999999,"data_generator_V":41.744175},{"data_generator_T":5.1199999,"data_generator_V":41.883045},{"data_generator_T":5.1399999,"data_generator_V":41.981594},{"data_generator_T":5.1599998,"data_generator_V":42.043552},{"data_generator_T":5.1799998,"data_generator_V":42.072063},{"data_generator_T":5.1999998,"data_generator_V":42.069733},{"data_generator_T":5.2199998,"data_generator_V":42.038738},{"data_generator_T":5.2399998,"data_generator_V":41.980865},{"data_generator_T":5.2600002,"data_generator_V":41.897598},{"data_generator_T":5.2800002,"data_generator_V":41.790146},{"data_generator_T":5.3000002,"data_generator_V":41.659496},{"data_generator_T":5.3200002,"data_generator_V":41.506466},{"data_generator_T":5.3400002,"data_generator_V":41.331696},{"data_generator_T":5.3600001,"data_generator_V":41.135723},{"data_generator_T":5.3800001,"data_generator_V":40.918968},{"data_generator_T":5.4000001,"data_generator_V":40.681782},{"data_generator_T":5.4200001,"data_generator_V":40.424438},{"data_generator_T":5.4400001,"data_generator_V":40.147171},{"data_generator_T":5.46,"data_generator_V":39.850174},{"data_generator_T":5.48,"data_generator_V":39.533615},{"data_generator_T":5.5,"data_generator_V":39.197636},{"data_generator_T":5.52,"data_generator_V":38.842384},{"data_generator_T":5.54,"data_generator_V":38.467991},{"data_generator_T":5.5599999,"data_generator_V":38.0746},{"data_generator_T":5.5799999,"data_generator_V":37.662357},{"data_generator_T":5.5999999,"data_generator_V":37.231422},{"data_generator_T":5.6199999,"data_generator_V":36.781979},{"data_generator_T":5.6399999,"data_generator_V":36.314217},{"data_generator_T":5.6599998,"data_generator_V":35.828358},{"data_generator_T":5.6799998,"data_generator_V":35.324642},{"data_generator_T":5.6999998,"data_generator_V":34.803341},{"data_generator_T":5.7199998,"data_generator_V":34.264744},{"data_generator_T":5.7399998,"data_generator_V":33.709183},{"data_generator_T":5.7600002,"data_generator_V":33.137001},{"data_generator_T":5.7800002,"data_generator_V":32.548588},{"data_generator_T":5.8000002,"data_generator_V":31.944347},{"data_generator_T":5.8200002,"data_generator_V":31.324724},{"data_generator_T":5.8400002,"data_generator_V":30.690187},{"data_generator_T":5.8600001,"data_generator_V":30.041235},{"data_generator_T":5.8800001,"data_generator_V":29.378391},{"data_generator_T":5.9000001,"data_generator_V":28.702208},{"data_generator_T":5.9200001,"data_generator_V":28.013268},{"data_generator_T":5.9400001,"data_generator_V":27.312168},{"data_generator_T":5.96,"data_generator_V":26.599539},{"data_generator_T":5.98,"data_generator_V":25.876026},{"data_generator_T":6.0,"data_generator_V":25.1423},{"data_generator_T":6.02,"data_generator_V":24.39904},{"data_generator_T":6.04,"data_generator_V":23.646955},{"data_generator_T":6.0599999,"data_generator_V":22.886757},{"data_generator_T":6.0799999,"data_generator_V":22.119175},{"data_generator_T":6.0999999,"data_generator_V":21.344948},{"data_generator_T":6.1199999,"data_generator_V":20.564817},{"data_generator_T":6.1399999,"data_generator_V":19.779539},{"data_generator_T":6.1599998,"data_generator_V":18.989866},{"data_generator_T":6.1799998,"data_generator_V":18.196552},{"data_generator_T":6.1999998,"data_generator_V":17.400351},{"data_generator_T":6.2199998,"data_generator_V":16.602009},{"data_generator_T":6.2399998,"data_generator_V":15.802273},{"data_generator_T":6.2600002,"data_generator_V":15.001875},{"data_generator_T":6.2800002,"data_generator_V":14.201538},{"data_generator_T":6.3000002,"data_generator_V":13.401972},{"data_generator_T":6.3200002,"data_generator_V":12.603872},{"data_generator_T":6.3400002,"data_generator_V":11.807915},{"data_generator_T":6.3600001,"data_generator_V":11.014759},{"data_generator_T":6.3800001,"data_generator_V":10.225039},{"data_generator_T":6.4000001,"data_generator_V":9.4393721},{"data_generator_T":6.4200001,"data_generator_V":8.6583452},{"data_generator_T":6.4400001,"data_generator_V":7.8825216},{"data_generator_T":6.46,"data_generator_V":7.1124377},{"data_generator_T":6.48,"data_generator_V":6.3486009},{"data_generator_T":6.5,"data_generator_V":5.5914898},{"data_generator_T":6.52,"data_generator_V":4.8415518},{"data_generator_T":6.54,"data_generator_V":4.099205},{"data_generator_T":6.5599999,"data_generator_V":3.3648353},{"data_generator_T":6.5799999,"data_generator_V":2.6387973},{"data_generator_T":6.5999999,"data_generator_V":1.9214144},{"data_generator_T":6.6199999,"data_generator_V":1.2129784},{"data_generator_T":6.6399999,"data_generator_V":0.51374984},{"data_generator_T":6.6599998,"data_generator_V":-0.17604114},{"data_generator_T":6.6799998,"data_generator_V":-0.85619467},{"data_generator_T":6.6999998,"data_generator_V":-1.5265404},{"data_generator_T":6.7199998,"data_generator_V":-2.1869366},{"data_generator_T":6.7399998,"data_generator_V":-2.8372688},{"data_generator_T":6.7600002,"data_generator_V":-3.4774497},{"data_generator_T":6.7800002,"data_generator_V":-4.1074171},{"data_generator_T":6.8000002,"data_generator_V":-4.7271328},{"data_generator_T":6.8200002,"data_generator_V":-5.3365817},{"data_generator_T":6.8400002,"data_generator_V":-5.935771},{"data_generator_T":6.8600001,"data_generator_V":-6.5247278},{"data_generator_T":6.8800001,"data_generator_V":-7.103497},{"data_generator_T":6.9000001,"data_generator_V":-7.672143},{"data_generator_T":6.9200001,"data_generator_V":-8.2307453},{"data_generator_T":6.9400001,"data_generator_V":-8.779398},{"data_generator_T":6.96,"data_generator_V":-9.3182087},{"data_generator_T":6.98,"data_generator_V":-9.8472986},{"data_generator_T":7.0,"data_generator_V":-10.366797},{"data_generator_T":7.02,"data_generator_V":-10.876847},{"data_generator_T":7.04,"data_generator_V":-11.377597},{"data_generator_T":7.0599999,"data_generator_V":-11.869203},{"data_generator_T":7.0799999,"data_generator_V":-12.351828},{"data_generator_T":7.0999999,"data_generator_V":-12.825641},{"data_generator_T":7.1199999,"data_generator_V":-13.290814},{"data_generator_T":7.1399999,"data_generator_V":-13.747525},{"data_generator_T":7.1599998,"data_generator_V":-14.195951},{"data_generator_T":7.1799998,"data_generator_V":-14.636275},{"data_generator_T":7.1999998,"data_generator_V":-15.068677},{"data_generator_T":7.2199998,"data_generator_V":-15.493341},{"data_generator_T":7.2399998,"data_generator_V":-15.910449},{"data_generator_T":7.2600002,"data_generator_V":-16.320185},{"data_generator_T":7.2800002,"data_generator_V":-16.722727},{"data_generator_T":7.3000002,"data_generator_V":-17.118256},{"data_generator_T":7.3200002,"data_generator_V":-17.50695},{"data_generator_T":7.3400002,"data_generator_V":-17.888985},{"data_generator_T":7.3600001,"data_generator_V":-18.264532},{"data_generator_T":7.3800001,"data_generator_V":-18.633764},{"data_generator_T":7.4000001,"data_generator_V":-18.996847},{"data_generator_T":7.4200001,"data_generator_V":-19.353945},{"data_generator_T":7.4400001,"data_generator_V":-19.705219},{"data_generator_T":7.46,"data_generator_V":-20.050827},{"data_generator_T":7.48,"data_generator_V":-20.390921},{"data_generator_T":7.5,"data_generator_V":-20.725651},{"data_generator_T":7.52,"data_generator_V":-21.055164},{"data_generator_T":7.54,"data_generator_V":-21.379604},{"data_generator_T":7.5599999,"data_generator_V":-21.699108},{"data_generator_T":7.5799999,"data_generator_V":-22.013813},{"data_generator_T":7.5999999,"data_generator_V":-22.323851},{"data_generator_T":7.6199999,"data_generator_V":-22.629347},{"data_generator_T":7.6399999,"data_generator_V":-22.930426},{"data_generator_T":7.6599998,"data_generator_V":-23.227209},{"data_generator_T":7.6799998,"data_generator_V":-23.519814},{"data_generator_T":7.6999998,"data_generator_V":-23.808353},{"data_generator_T":7.7199998,"data_generator_V":-24.092939},{"data_generator_T":7.7399998,"data_generator_V":-24.373676},{"data_generator_T":7.7600002,"data_generator_V":-24.650667},{"data_generator_T":7.7800002,"data_generator_V":-24.924017},{"data_generator_T":7.8000002,"data_generator_V":-25.193819},{"data_generator_T":7.8200002,"data_generator_V":-25.460171},{"data_generator_T":7.8400002,"data_generator_V":-25.723164},{"data_generator_T":7.8600001,"data_generator_V":-25.982885},{"data_generator_T":7.8800001,"data_generator_V":-26.239422},{"data_generator_T":7.9000001,"data_generator_V":-26.492859},{"data_generator_T":7.9200001,"data_generator_V":-26.743279},{"data_generator_T":7.9400001,"data_generator_V":-26.990759},{"data_generator_T":7.96,"data_generator_V":-27.235376},{"data_generator_T":7.98,"data_generator_V":-27.477207},{"data_generator_T":8.0,"data_generator_V":-27.716322},{"data_generator_T":8.0200005,"data_generator_V":-27.952793},{"data_generator_T":8.04,"data_generator_V":-28.186691},{"data_generator_T":8.0600004,"data_generator_V":-28.418079},{"data_generator_T":8.0799999,"data_generator_V":-28.647026},{"data_generator_T":8.1000004,"data_generator_V":-28.873594},{"data_generator_T":8.1199999,"data_generator_V":-29.097847},{"data_generator_T":8.1400003,"data_generator_V":-29.319845},{"data_generator_T":8.1599998,"data_generator_V":-29.539646},{"data_generator_T":8.1800003,"data_generator_V":-29.757309},{"data_generator_T":8.1999998,"data_generator_V":-29.972893},{"data_generator_T":8.2200003,"data_generator_V":-30.186451},{"data_generator_T":8.2399998,"data_generator_V":-30.398039},{"data_generator_T":8.2600002,"data_generator_V":-30.60771},{"data_generator_T":8.2799997,"data_generator_V":-30.815517},{"data_generator_T":8.3000002,"data_generator_V":-31.021511},{"data_generator_T":8.3199997,"data_generator_V":-31.225744},{"data_generator_T":8.3400002,"data_generator_V":-31.428265},{"data_generator_T":8.3599997,"data_generator_V":-31.629122},{"data_generator_T":8.3800001,"data_generator_V":-31.828365},{"data_generator_T":8.3999996,"data_generator_V":-32.026043},{"data_generator_T":8.4200001,"data_generator_V":-32.222198},{"data_generator_T":8.4399996,"data_generator_V":-32.416882},{"data_generator_T":8.46,"data_generator_V":-32.610134},{"data_generator_T":8.4799995,"data_generator_V":-32.802006},{"data_generator_T":8.5,"data_generator_V":-32.992538},{"data_generator_T":8.5200005,"data_generator_V":-33.181778},{"data_generator_T":8.54,"data_generator_V":-33.369766},{"data_generator_T":8.5600004,"data_generator_V":-33.556549},{"data_generator_T":8.5799999,"data_generator_V":-33.742165},{"data_generator_T":8.6000004,"data_generator_V":-33.926659},{"data_generator_T":8.6199999,"data_generator_V":-34.110069},{"data_generator_T":8.6400003,"data_generator_V":-34.292442},{"data_generator_T":8.6599998,"data_generator_V":-34.473816},{"data_generator_T":8.6800003,"data_generator_V":-34.654232},{"data_generator_T":8.6999998,"data_generator_V":-34.833733},{"data_generator_T":8.7200003,"data_generator_V":-35.012356},{"data_generator_T":8.7399998,"data_generator_V":-35.19014},{"data_generator_T":8.7600002,"data_generator_V":-35.367126},{"data_generator_T":8.7799997,"data_generator_V":-35.543354},{"data_generator_T":8.8000002,"data_generator_V":-35.718861},{"data_generator_T":8.8199997,"data_generator_V":-35.893688},{"data_generator_T":8.8400002,"data_generator_V":-36.067867},{"data_generator_T":8.8599997,"data_generator_V":-36.241444},{"data_generator_T":8.8800001,"data_generator_V":-36.414448},{"data_generator_T":8.8999996,"data_generator_V":-36.586922},{"data_generator_T":8.9200001,"data_generator_V":-36.758904},{"data_generator_T":8.9399996,"data_generator_V":-36.930424},{"data_generator_T":8.96,"data_generator_V":-37.101524},{"data_generator_T":8.9799995,"data_generator_V":-37.27224},{"data_generator_T":9.0,"data_generator_V":-37.4426},{"data_generator_T":9.0200005,"data_generator_V":-37.612648},{"data_generator_T":9.04,"data_generator_V":-37.782413},{"data_generator_T":9.0600004,"data_generator_V":-37.951935},{"data_generator_T":9.0799999,"data_generator_V":-38.121243},{"data_generator_T":9.1000004,"data_generator_V":-38.290371},{"data_generator_T":9.1199999,"data_generator_V":-38.459351},{"data_generator_T":9.1400003,"data_generator_V":-38.62822},{"data_generator_T":9.1599998,"data_generator_V":-38.797009},{"data_generator_T":9.1800003,"data_generator_V":-38.965744},{"data_generator_T":9.1999998,"data_generator_V":-39.134464},{"data_generator_T":9.2200003,"data_generator_V":-39.303192},{"data_generator_T":9.2399998,"data_generator_V":-39.471966},{"data_generator_T":9.2600002,"data_generator_V":-39.640812},{"data_generator_T":9.2799997,"data_generator_V":-39.809753},{"data_generator_T":9.3000002,"data_generator_V":-39.978828},{"data_generator_T":9.3199997,"data_generator_V":-40.148056},{"data_generator_T":9.3400002,"data_generator_V":-40.317471},{"data_generator_T":9.3599997,"data_generator_V":-40.487091},{"data_generator_T":9.3800001,"data_generator_V":-40.656944},{"data_generator_T":9.3999996,"data_generator_V":-40.827061},{"data_generator_T":9.4200001,"data_generator_V":-40.997456},{"data_generator_T":9.4399996,"data_generator_V":-41.168159},{"data_generator_T":9.46,"data_generator_V":-41.339188},{"data_generator_T":9.4799995,"data_generator_V":-41.510563},{"data_generator_T":9.5,"data_generator_V":-41.682308},{"data_generator_T":9.5200005,"data_generator_V":-41.854443},{"data_generator_T":9.54,"data_generator_V":-42.026981},{"data_generator_T":9.5600004,"data_generator_V":-42.19994},{"data_generator_T":9.5799999,"data_generator_V":-42.373337},{"data_generator_T":9.6000004,"data_generator_V":-42.547188},{"data_generator_T":9.6199999,"data_generator_V":-42.721504},{"data_generator_T":9.6400003,"data_generator_V":-42.896297},{"data_generator_T":9.6599998,"data_generator_V":-43.071583},{"data_generator_T":9.6800003,"data_generator_V":-43.247364},{"data_generator_T":9.6999998,"data_generator_V":-43.423653},{"data_generator_T":9.7200003,"data_generator_V":-43.600452},{"data_generator_T":9.7399998,"data_generator_V":-43.777775},{"data_generator_T":9.7600002,"data_generator_V":-43.95562},{"data_generator_T":9.7799997,"data_generator_V":-44.133987},{"data_generator_T":9.8000002,"data_generator_V":-44.312881},{"data_generator_T":9.8199997,"data_generator_V":-44.492302},{"data_generator_T":9.8400002,"data_generator_V":-44.672249},{"data_generator_T":9.8599997,"data_generator_V":-44.852711},{"data_generator_T":9.8800001,"data_generator_V":-45.033688},{"data_generator_T":9.8999996,"data_generator_V":-45.215172},{"data_generator_T":9.9200001,"data_generator_V":-45.397156},{"data_generator_T":9.9399996,"data_generator_V":-45.579628},{"data_generator_T":9.96,"data_generator_V":-45.762573},{"data_generator_T":9.9799995,"data_generator_V":-45.94598},{"data_generator_T":10.0,"data_generator_V":-46.129837},{"data_generator_T":10.02,"data_generator_V":-46.314117},{"data_generator_T":10.04,"data_generator_V":-46.498814},{"data_generator_T":10.06,"data_generator_V":-46.683895},{"data_generator_T":10.08,"data_generator_V":-46.869343},{"data_generator_T":10.1,"data_generator_V":-47.055134},{"data_generator_T":10.12,"data_generator_V":-47.241245},{"data_generator_T":10.14,"data_generator_V":-47.427643},{"data_generator_T":10.16,"data_generator_V":-47.6143},{"data_generator_T":10.18,"data_generator_V":-47.801189},{"data_generator_T":10.2,"data_generator_V":-47.988274},{"data_generator_T":10.22,"data_generator_V":-48.175526},{"data_generator_T":10.24,"data_generator_V":-48.362904},{"data_generator_T":10.26,"data_generator_V":-48.550377},{"data_generator_T":10.28,"data_generator_V":-48.737904},{"data_generator_T":10.3,"data_generator_V":-48.925449},{"data_generator_T":10.32,"data_generator_V":-49.112968},{"data_generator_T":10.34,"data_generator_V":-49.300419},{"data_generator_T":10.36,"data_generator_V":-49.487766},{"data_generator_T":10.38,"data_generator_V":-49.674957},{"data_generator_T":10.4,"data_generator_V":-49.861954},{"data_generator_T":10.42,"data_generator_V":-50.04871},{"data_generator_T":10.44,"data_generator_V":-50.235176},{"data_generator_T":10.46,"data_generator_V":-50.42131},{"data_generator_T":10.48,"data_generator_V":-50.607067},{"data_generator_T":10.5,"data_generator_V":-50.792393},{"data_generator_T":10.52,"data_generator_V":-50.977242},{"data_generator_T":10.54,"data_generator_V":-51.161564},{"data_generator_T":10.56,"data_generator_V":-51.345314},{"data_generator_T":10.58,"data_generator_V":-51.528446},{"data_generator_T":10.6,"data_generator_V":-51.710907},{"data_generator_T":10.62,"data_generator_V":-51.892647},{"data_generator_T":10.64,"data_generator_V":-52.073624},{"data_generator_T":10.66,"data_generator_V":-52.253788},{"data_generator_T":10.68,"data_generator_V":-52.43309},{"data_generator_T":10.7,"data_generator_V":-52.611485},{"data_generator_T":10.72,"data_generator_V":-52.788925},{"data_generator_T":10.74,"data_generator_V":-52.96537},{"data_generator_T":10.76,"data_generator_V":-53.140766},{"data_generator_T":10.78,"data_generator_V":-53.315079},{"data_generator_T":10.8,"data_generator_V":-53.488262},{"data_generator_T":10.82,"data_generator_V":-53.660271},{"data_generator_T":10.84,"data_generator_V":-53.83107},{"data_generator_T":10.86,"data_generator_V":-54.000614},{"data_generator_T":10.88,"data_generator_V":-54.168869},{"data_generator_T":10.9,"data_generator_V":-54.335796},{"data_generator_T":10.92,"data_generator_V":-54.501362},{"data_generator_T":10.94,"data_generator_V":-54.665531},{"data_generator_T":10.96,"data_generator_V":-54.82827},{"data_generator_T":10.98,"data_generator_V":-54.989548},{"data_generator_T":11.0,"data_generator_V":-55.149334},{"data_generator_T":11.02,"data_generator_V":-55.307602},{"data_generator_T":11.04,"data_generator_V":-55.464325},{"data_generator_T":11.06,"data_generator_V":-55.619473},{"data_generator_T":11.08,"data_generator_V":-55.773029},{"data_generator_T":11.1,"data_generator_V":-55.924965},{"data_generator_T":11.12,"data_generator_V":-56.075268},{"data_generator_T":11.14,"data_generator_V":-56.223911},{"data_generator_T":11.16,"data_generator_V":-56.370884},{"data_generator_T":11.18,"data_generator_V":-56.516163},{"data_generator_T":11.2,"data_generator_V":-56.65974},{"data_generator_T":11.22,"data_generator_V":-56.801605},{"data_generator_T":11.24,"data_generator_V":-56.941738},{"data_generator_T":11.26,"data_generator_V":-57.080139},{"data_generator_T":11.28,"data_generator_V":-57.216793},{"data_generator_T":11.3,"data_generator_V":-57.351696},{"data_generator_T":11.32,"data_generator_V":-57.484844},{"data_generator_T":11.34,"data_generator_V":-57.61623},{"data_generator_T":11.36,"data_generator_V":-57.745853},{"data_generator_T":11.38,"data_generator_V":-57.873714},{"data_generator_T":11.4,"data_generator_V":-57.999813},{"data_generator_T":11.42,"data_generator_V":-58.124149},{"data_generator_T":11.44,"data_generator_V":-58.246723},{"data_generator_T":11.46,"data_generator_V":-58.367542},{"data_generator_T":11.48,"data_generator_V":-58.48661},{"data_generator_T":11.5,"data_generator_V":-58.603935},{"data_generator_T":11.52,"data_generator_V":-58.719517},{"data_generator_T":11.54,"data_generator_V":-58.83337},{"data_generator_T":11.56,"data_generator_V":-58.945503},{"data_generator_T":11.58,"data_generator_V":-59.055923},{"data_generator_T":11.6,"data_generator_V":-59.164642},{"data_generator_T":11.62,"data_generator_V":-59.271667},{"data_generator_T":11.64,"data_generator_V":-59.377018},{"data_generator_T":11.66,"data_generator_V":-59.480701},{"data_generator_T":11.68,"data_generator_V":-59.582729},{"data_generator_T":11.7,"data_generator_V":-59.683121},{"data_generator_T":11.72,"data_generator_V":-59.781887},{"data_generator_T":11.74,"data_generator_V":-59.879044},{"data_generator_T":11.76,"data_generator_V":-59.974609},{"data_generator_T":11.78,"data_generator_V":-60.068596},{"data_generator_T":11.8,"data_generator_V":-60.161018},{"data_generator_T":11.82,"data_generator_V":-60.2519},{"data_generator_T":11.84,"data_generator_V":-60.341251},{"data_generator_T":11.86,"data_generator_V":-60.429092},{"data_generator_T":11.88,"data_generator_V":-60.515438},{"data_generator_T":11.9,"data_generator_V":-60.600315},{"data_generator_T":11.92,"data_generator_V":-60.683731},{"data_generator_T":11.94,"data_generator_V":-60.765709},{"data_generator_T":11.96,"data_generator_V":-60.846268},{"data_generator_T":11.98,"data_generator_V":-60.925426},{"data_generator_T":12.0,"data_generator_V":-61.003201},{"data_generator_T":12.02,"data_generator_V":-61.079609},{"data_generator_T":12.04,"data_generator_V":-61.154675},{"data_generator_T":12.06,"data_generator_V":-61.228416},{"data_generator_T":12.08,"data_generator_V":-61.300846},{"data_generator_T":12.1,"data_generator_V":-61.37199},{"data_generator_T":12.12,"data_generator_V":-61.441864},{"data_generator_T":12.14,"data_generator_V":-61.510487},{"data_generator_T":12.16,"data_generator_V":-61.577877},{"data_generator_T":12.18,"data_generator_V":-61.644054},{"data_generator_T":12.2,"data_generator_V":-61.709038},{"data_generator_T":12.22,"data_generator_V":-61.772842},{"data_generator_T":12.24,"data_generator_V":-61.835491},{"data_generator_T":12.26,"data_generator_V":-61.896999},{"data_generator_T":12.28,"data_generator_V":-61.957386},{"data_generator_T":12.3,"data_generator_V":-62.01667},{"data_generator_T":12.32,"data_generator_V":-62.074871},{"data_generator_T":12.34,"data_generator_V":-62.132004},{"data_generator_T":12.36,"data_generator_V":-62.188084},{"data_generator_T":12.38,"data_generator_V":-62.24313},{"data_generator_T":12.4,"data_generator_V":-62.297165},{"data_generator_T":12.42,"data_generator_V":-62.350197},{"data_generator_T":12.44,"data_generator_V":-62.402252},{"data_generator_T":12.46,"data_generator_V":-62.453339},{"data_generator_T":12.48,"data_generator_V":-62.503479},{"data_generator_T":12.5,"data_generator_V":-62.552685},{"data_generator_T":12.52,"data_generator_V":-62.600979},{"data_generator_T":12.54,"data_generator_V":-62.648369},{"data_generator_T":12.56,"data_generator_V":-62.694874},{"data_generator_T":12.58,"data_generator_V":-62.740513},{"data_generator_T":12.6,"data_generator_V":-62.785294},{"data_generator_T":12.62,"data_generator_V":-62.829239},{"data_generator_T":12.64,"data_generator_V":-62.87236},{"data_generator_T":12.66,"data_generator_V":-62.914673},{"data_generator_T":12.68,"data_generator_V":-62.956188},{"data_generator_T":12.7,"data_generator_V":-62.996925},{"data_generator_T":12.72,"data_generator_V":-63.036892},{"data_generator_T":12.74,"data_generator_V":-63.076107},{"data_generator_T":12.76,"data_generator_V":-63.114586},{"data_generator_T":12.78,"data_generator_V":-63.152336},{"data_generator_T":12.8,"data_generator_V":-63.189373},{"data_generator_T":12.82,"data_generator_V":-63.225708},{"data_generator_T":12.84,"data_generator_V":-63.26136},{"data_generator_T":12.86,"data_generator_V":-63.296333},{"data_generator_T":12.88,"data_generator_V":-63.330647},{"data_generator_T":12.9,"data_generator_V":-63.364311},{"data_generator_T":12.92,"data_generator_V":-63.397335},{"data_generator_T":12.94,"data_generator_V":-63.429733},{"data_generator_T":12.96,"data_generator_V":-63.461514},{"data_generator_T":12.98,"data_generator_V":-63.492695},{"data_generator_T":13.0,"data_generator_V":-63.523281},{"data_generator_T":13.02,"data_generator_V":-63.553284},{"data_generator_T":13.04,"data_generator_V":-63.582718},{"data_generator_T":13.06,"data_generator_V":-63.611591},{"data_generator_T":13.08,"data_generator_V":-63.639912},{"data_generator_T":13.1,"data_generator_V":-63.667698},{"data_generator_T":13.12,"data_generator_V":-63.69495},{"data_generator_T":13.14,"data_generator_V":-63.721684},{"data_generator_T":13.16,"data_generator_V":-63.74791},{"data_generator_T":13.18,"data_generator_V":-63.773632},{"data_generator_T":13.2,"data_generator_V":-63.798862},{"data_generator_T":13.22,"data_generator_V":-63.823612},{"data_generator_T":13.24,"data_generator_V":-63.847889},{"data_generator_T":13.26,"data_generator_V":-63.8717},{"data_generator_T":13.28,"data_generator_V":-63.895058},{"data_generator_T":13.3,"data_generator_V":-63.917969},{"data_generator_T":13.32,"data_generator_V":-63.940437},{"data_generator_T":13.34,"data_generator_V":-63.962479},{"data_generator_T":13.36,"data_generator_V":-63.984097},{"data_generator_T":13.38,"data_generator_V":-64.005302},{"data_generator_T":13.4,"data_generator_V":-64.0261},{"data_generator_T":13.42,"data_generator_V":-64.046501},{"data_generator_T":13.44,"data_generator_V":-64.066505},{"data_generator_T":13.46,"data_generator_V":-64.086128},{"data_generator_T":13.48,"data_generator_V":-64.105377},{"data_generator_T":13.5,"data_generator_V":-64.124252},{"data_generator_T":13.52,"data_generator_V":-64.142769},{"data_generator_T":13.54,"data_generator_V":-64.160927},{"data_generator_T":13.56,"data_generator_V":-64.178734},{"data_generator_T":13.58,"data_generator_V":-64.196205},{"data_generator_T":13.6,"data_generator_V":-64.213333},{"data_generator_T":13.62,"data_generator_V":-64.230133},{"data_generator_T":13.64,"data_generator_V":-64.246613},{"data_generator_T":13.66,"data_generator_V":-64.262772},{"data_generator_T":13.68,"data_generator_V":-64.278618},{"data_generator_T":13.7,"data_generator_V":-64.294167},{"data_generator_T":13.72,"data_generator_V":-64.30941},{"data_generator_T":13.74,"data_generator_V":-64.324356},{"data_generator_T":13.76,"data_generator_V":-64.33902},{"data_generator_T":13.78,"data_generator_V":-64.353401},{"data_generator_T":13.8,"data_generator_V":-64.3675},{"data_generator_T":13.82,"data_generator_V":-64.381325},{"data_generator_T":13.84,"data_generator_V":-64.39489},{"data_generator_T":13.86,"data_generator_V":-64.408188},{"data_generator_T":13.88,"data_generator_V":-64.421227},{"data_generator_T":13.9,"data_generator_V":-64.434021},{"data_generator_T":13.92,"data_generator_V":-64.446564},{"data_generator_T":13.94,"data_generator_V":-64.458862},{"data_generator_T":13.96,"data_generator_V":-64.470924},{"data_generator_T":13.98,"data_generator_V":-64.48275},{"data_generator_T":14.0,"data_generator_V":-64.494347},{"data_generator_T":14.02,"data_generator_V":-64.505722},{"data_generator_T":14.04,"data_generator_V":-64.516876},{"data_generator_T":14.06,"data_generator_V":-64.527809},{"data_generator_T":14.08,"data_generator_V":-64.538536},{"data_generator_T":14.1,"data_generator_V":-64.549049},{"data_generator_T":14.12,"data_generator_V":-64.559364},{"data_generator_T":14.14,"data_generator_V":-64.569473},{"data_generator_T":14.16,"data_generator_V":-64.579384},{"data_generator_T":14.18,"data_generator_V":-64.589111},{"data_generator_T":14.2,"data_generator_V":-64.59864},{"data_generator_T":14.22,"data_generator_V":-64.607986},{"data_generator_T":14.24,"data_generator_V":-64.617149},{"data_generator_T":14.26,"data_generator_V":-64.626137},{"data_generator_T":14.28,"data_generator_V":-64.634949},{"data_generator_T":14.3,"data_generator_V":-64.643585},{"data_generator_T":14.32,"data_generator_V":-64.652054},{"data_generator_T":14.34,"data_generator_V":-64.660362},{"data_generator_T":14.36,"data_generator_V":-64.668503},{"data_generator_T":14.38,"data_generator_V":-64.676483},{"data_generator_T":14.4,"data_generator_V":-64.684311},{"data_generator_T":14.42,"data_generator_V":-64.691978},{"data_generator_T":14.44,"data_generator_V":-64.699501},{"data_generator_T":14.46,"data_generator_V":-64.706879},{"data_generator_T":14.48,"data_generator_V":-64.714111},{"data_generator_T":14.5,"data_generator_V":-64.721199},{"data_generator_T":14.52,"data_generator_V":-64.728149},{"data_generator_T":14.54,"data_generator_V":-64.734955},{"data_generator_T":14.56,"data_generator_V":-64.741638},{"data_generator_T":14.58,"data_generator_V":-64.748184},{"data_generator_T":14.6,"data_generator_V":-64.754601},{"data_generator_T":14.62,"data_generator_V":-64.760887},{"data_generator_T":14.64,"data_generator_V":-64.767059},{"data_generator_T":14.66,"data_generator_V":-64.773102},{"data_generator_T":14.68,"data_generator_V":-64.77903},{"data_generator_T":14.7,"data_generator_V":-64.784836},{"data_generator_T":14.72,"data_generator_V":-64.790527},{"data_generator_T":14.74,"data_generator_V":-64.796112},{"data_generator_T":14.76,"data_generator_V":-64.801582},{"data_generator_T":14.78,"data_generator_V":-64.806938},{"data_generator_T":14.8,"data_generator_V":-64.812195},{"data_generator_T":14.82,"data_generator_V":-64.817345},{"data_generator_T":14.84,"data_generator_V":-64.822388},{"data_generator_T":14.86,"data_generator_V":-64.827339},{"data_generator_T":14.88,"data_generator_V":-64.832184},{"data_generator_T":14.9,"data_generator_V":-64.836937},{"data_generator_T":14.92,"data_generator_V":-64.841591},{"data_generator_T":14.94,"data_generator_V":-64.846153},{"data_generator_T":14.96,"data_generator_V":-64.850624},{"data_generator_T":14.98,"data_generator_V":-64.855011},{"data_generator_T":15.0,"data_generator_V":-64.859306},{"data_generator_T":15.02,"data_generator_V":-64.86351},{"data_generator_T":15.04,"data_generator_V":-64.86763},{"data_generator_T":15.06,"data_generator_V":-64.871674},{"data_generator_T":15.08,"data_generator_V":-64.875633},{"data_generator_T":15.1,"data_generator_V":-64.879509},{"data_generator_T":15.12,"data_generator_V":-64.883308},{"data_generator_T":15.14,"data_generator_V":-64.887032},{"data_generator_T":15.16,"data_generator_V":-64.890678},{"data_generator_T":15.18,"data_generator_V":-64.894249},{"data_generator_T":15.2,"data_generator_V":-64.897751},{"data_generator_T":15.22,"data_generator_V":-64.901176},{"data_generator_T":15.24,"data_generator_V":-64.904541},{"data_generator_T":15.26,"data_generator_V":-64.907829},{"data_generator_T":15.28,"data_generator_V":-64.911049},{"data_generator_T":15.3,"data_generator_V":-64.914207},{"data_generator_T":15.32,"data_generator_V":-64.917297},{"data_generator_T":15.34,"data_generator_V":-64.920326},{"data_generator_T":15.36,"data_generator_V":-64.923294},{"data_generator_T":15.38,"data_generator_V":-64.926201},{"data_generator_T":15.4,"data_generator_V":-64.929039},{"data_generator_T":15.42,"data_generator_V":-64.931831},{"data_generator_T":15.44,"data_generator_V":-64.934555},{"data_generator_T":15.46,"data_generator_V":-64.937225},{"data_generator_T":15.48,"data_generator_V":-64.939842},{"data_generator_T":15.5,"data_generator_V":-64.942398},{"data_generator_T":15.52,"data_generator_V":-64.944908},{"data_generator_T":15.54,"data_generator_V":-64.947365},{"data_generator_T":15.56,"data_generator_V":-64.949768},{"data_generator_T":15.58,"data_generator_V":-64.952118},{"data_generator_T":15.6,"data_generator_V":-64.954422},{"data_generator_T":15.62,"data_generator_V":-64.956673},{"data_generator_T":15.64,"data_generator_V":-64.958878},{"data_generator_T":15.66,"data_generator_V":-64.961037},{"data_generator_T":15.68,"data_generator_V":-64.96315},{"data_generator_T":15.7,"data_generator_V":-64.965218},{"data_generator_T":15.72,"data_generator_V":-64.967239},{"data_generator_T":15.74,"data_generator_V":-64.969223},{"data_generator_T":15.76,"data_generator_V":-64.971153},{"data_generator_T":15.78,"data_generator_V":-64.973053},{"data_generator_T":15.8,"data_generator_V":-64.974907},{"data_generator_T":15.82,"data_generator_V":-64.976723},{"data_generator_T":15.84,"data_generator_V":-64.978493},{"data_generator_T":15.86,"data_generator_V":-64.980232},{"data_generator_T":15.88,"data_generator_V":-64.981926},{"data_generator_T":15.9,"data_generator_V":-64.983589},{"data_generator_T":15.92,"data_generator_V":-64.985207},{"data_generator_T":15.94,"data_generator_V":-64.986794},{"data_generator_T":15.96,"data_generator_V":-64.98835},{"data_generator_T":15.98,"data_generator_V":-64.989868},{"data_generator_T":16.0,"data_generator_V":-64.991348},{"data_generator_T":16.02,"data_generator_V":-64.992798},{"data_generator_T":16.040001,"data_generator_V":-64.994217},{"data_generator_T":16.059999,"data_generator_V":-64.995598},{"data_generator_T":16.08,"data_generator_V":-64.996956},{"data_generator_T":16.1,"data_generator_V":-64.998276},{"data_generator_T":16.120001,"data_generator_V":-64.999565},{"data_generator_T":16.139999,"data_generator_V":-65.000832},{"data_generator_T":16.16,"data_generator_V":-65.00206},{"data_generator_T":16.18,"data_generator_V":-65.003265},{"data_generator_T":16.200001,"data_generator_V":-65.00444},{"data_generator_T":16.219999,"data_generator_V":-65.005592},{"data_generator_T":16.24,"data_generator_V":-65.006714},{"data_generator_T":16.26,"data_generator_V":-65.007805},{"data_generator_T":16.280001,"data_generator_V":-65.008873},{"data_generator_T":16.299999,"data_generator_V":-65.009918},{"data_generator_T":16.32,"data_generator_V":-65.010941},{"data_generator_T":16.34,"data_generator_V":-65.011932},{"data_generator_T":16.360001,"data_generator_V":-65.012901},{"data_generator_T":16.379999,"data_generator_V":-65.013847},{"data_generator_T":16.4,"data_generator_V":-65.014771},{"data_generator_T":16.42,"data_generator_V":-65.015663},{"data_generator_T":16.440001,"data_generator_V":-65.016541},{"data_generator_T":16.459999,"data_generator_V":-65.017395},{"data_generator_T":16.48,"data_generator_V":-65.018234},{"data_generator_T":16.5,"data_generator_V":-65.019043},{"data_generator_T":16.52,"data_generator_V":-65.019836},{"data_generator_T":16.540001,"data_generator_V":-65.020607},{"data_generator_T":16.559999,"data_generator_V":-65.021355},{"data_generator_T":16.58,"data_generator_V":-65.022087},{"data_generator_T":16.6,"data_generator_V":-65.022797},{"data_generator_T":16.620001,"data_generator_V":-65.023491},{"data_generator_T":16.639999,"data_generator_V":-65.024162},{"data_generator_T":16.66,"data_generator_V":-65.024818},{"data_generator_T":16.68,"data_generator_V":-65.025459},{"data_generator_T":16.700001,"data_generator_V":-65.026077},{"data_generator_T":16.719999,"data_generator_V":-65.02668},{"data_generator_T":16.74,"data_generator_V":-65.027267},{"data_generator_T":16.76,"data_generator_V":-65.027832},{"data_generator_T":16.780001,"data_generator_V":-65.028389},{"data_generator_T":16.799999,"data_generator_V":-65.028923},{"data_generator_T":16.82,"data_generator_V":-65.029449},{"data_generator_T":16.84,"data_generator_V":-65.029953},{"data_generator_T":16.860001,"data_generator_V":-65.030441},{"data_generator_T":16.879999,"data_generator_V":-65.030922},{"data_generator_T":16.9,"data_generator_V":-65.03138},{"data_generator_T":16.92,"data_generator_V":-65.03183},{"data_generator_T":16.940001,"data_generator_V":-65.032257},{"data_generator_T":16.959999,"data_generator_V":-65.032677},{"data_generator_T":16.98,"data_generator_V":-65.033089},{"data_generator_T":17.0,"data_generator_V":-65.033478},{"data_generator_T":17.02,"data_generator_V":-65.033859},{"data_generator_T":17.040001,"data_generator_V":-65.034225},{"data_generator_T":17.059999,"data_generator_V":-65.034576},{"data_generator_T":17.08,"data_generator_V":-65.03492},{"data_generator_T":17.1,"data_generator_V":-65.035248},{"data_generator_T":17.120001,"data_generator_V":-65.035568},{"data_generator_T":17.139999,"data_generator_V":-65.035873},{"data_generator_T":17.16,"data_generator_V":-65.036163},{"data_generator_T":17.18,"data_generator_V":-65.036453},{"data_generator_T":17.200001,"data_generator_V":-65.03672},{"data_generator_T":17.219999,"data_generator_V":-65.036987},{"data_generator_T":17.24,"data_generator_V":-65.037231},{"data_generator_T":17.26,"data_generator_V":-65.037476},{"data_generator_T":17.280001,"data_generator_V":-65.037704},{"data_generator_T":17.299999,"data_generator_V":-65.037926},{"data_generator_T":17.32,"data_generator_V":-65.038132},{"data_generator_T":17.34,"data_generator_V":-65.038338},{"data_generator_T":17.360001,"data_generator_V":-65.038528},{"data_generator_T":17.379999,"data_generator_V":-65.038712},{"data_generator_T":17.4,"data_generator_V":-65.038879},{"data_generator_T":17.42,"data_generator_V":-65.039047},{"data_generator_T":17.440001,"data_generator_V":-65.0392},{"data_generator_T":17.459999,"data_generator_V":-65.039345},{"data_generator_T":17.48,"data_generator_V":-65.039482},{"data_generator_T":17.5,"data_generator_V":-65.039612},{"data_generator_T":17.52,"data_generator_V":-65.039734},{"data_generator_T":17.540001,"data_generator_V":-65.039848},{"data_generator_T":17.559999,"data_generator_V":-65.039955},{"data_generator_T":17.58,"data_generator_V":-65.040047},{"data_generator_T":17.6,"data_generator_V":-65.040138},{"data_generator_T":17.620001,"data_generator_V":-65.040222},{"data_generator_T":17.639999,"data_generator_V":-65.040298},{"data_generator_T":17.66,"data_generator_V":-65.040367},{"data_generator_T":17.68,"data_generator_V":-65.040428},{"data_generator_T":17.700001,"data_generator_V":-65.040482},{"data_generator_T":17.719999,"data_generator_V":-65.040527},{"data_generator_T":17.74,"data_generator_V":-65.040565},{"data_generator_T":17.76,"data_generator_V":-65.040604},{"data_generator_T":17.780001,"data_generator_V":-65.040627},{"data_generator_T":17.799999,"data_generator_V":-65.040649},{"data_generator_T":17.82,"data_generator_V":-65.040665},{"data_generator_T":17.84,"data_generator_V":-65.040672},{"data_generator_T":17.860001,"data_generator_V":-65.040672},{"data_generator_T":17.879999,"data_generator_V":-65.040672},{"data_generator_T":17.9,"data_generator_V":-65.040665},{"data_generator_T":17.92,"data_generator_V":-65.040649},{"data_generator_T":17.940001,"data_generator_V":-65.040627},{"data_generator_T":17.959999,"data_generator_V":-65.040604},{"data_generator_T":17.98,"data_generator_V":-65.040573},{"data_generator_T":18.0,"data_generator_V":-65.040535},{"data_generator_T":18.02,"data_generator_V":-65.040497},{"data_generator_T":18.040001,"data_generator_V":-65.040451},{"data_generator_T":18.059999,"data_generator_V":-65.040398},{"data_generator_T":18.08,"data_generator_V":-65.040344},{"data_generator_T":18.1,"data_generator_V":-65.040283},{"data_generator_T":18.120001,"data_generator_V":-65.040215},{"data_generator_T":18.139999,"data_generator_V":-65.040146},{"data_generator_T":18.16,"data_generator_V":-65.04007},{"data_generator_T":18.18,"data_generator_V":-65.039993},{"data_generator_T":18.200001,"data_generator_V":-65.039909},{"data_generator_T":18.219999,"data_generator_V":-65.039818},{"data_generator_T":18.24,"data_generator_V":-65.039726},{"data_generator_T":18.26,"data_generator_V":-65.039627},{"data_generator_T":18.280001,"data_generator_V":-65.039528},{"data_generator_T":18.299999,"data_generator_V":-65.039421},{"data_generator_T":18.32,"data_generator_V":-65.039314},{"data_generator_T":18.34,"data_generator_V":-65.039207},{"data_generator_T":18.360001,"data_generator_V":-65.039085},{"data_generator_T":18.379999,"data_generator_V":-65.038971},{"data_generator_T":18.4,"data_generator_V":-65.038849},{"data_generator_T":18.42,"data_generator_V":-65.038719},{"data_generator_T":18.440001,"data_generator_V":-65.038589},{"data_generator_T":18.459999,"data_generator_V":-65.038452},{"data_generator_T":18.48,"data_generator_V":-65.038315},{"data_generator_T":18.5,"data_generator_V":-65.038177},{"data_generator_T":18.52,"data_generator_V":-65.038033},{"data_generator_T":18.540001,"data_generator_V":-65.037888},{"data_generator_T":18.559999,"data_generator_V":-65.037735},{"data_generator_T":18.58,"data_generator_V":-65.037582},{"data_generator_T":18.6,"data_generator_V":-65.037422},{"data_generator_T":18.620001,"data_generator_V":-65.03727},{"data_generator_T":18.639999,"data_generator_V":-65.037102},{"data_generator_T":18.66,"data_generator_V":-65.036942},{"data_generator_T":18.68,"data_generator_V":-65.036774},{"data_generator_T":18.700001,"data_generator_V":-65.036598},{"data_generator_T":18.719999,"data_generator_V":-65.03643},{"data_generator_T":18.74,"data_generator_V":-65.036255},{"data_generator_T":18.76,"data_generator_V":-65.036072},{"data_generator_T":18.780001,"data_generator_V":-65.035889},{"data_generator_T":18.799999,"data_generator_V":-65.035706},{"data_generator_T":18.82,"data_generator_V":-65.035522},{"data_generator_T":18.84,"data_generator_V":-65.035332},{"data_generator_T":18.860001,"data_generator_V":-65.035141},{"data_generator_T":18.879999,"data_generator_V":-65.03495},{"data_generator_T":18.9,"data_generator_V":-65.034752},{"data_generator_T":18.92,"data_generator_V":-65.034554},{"data_generator_T":18.940001,"data_generator_V":-65.034355},{"data_generator_T":18.959999,"data_generator_V":-65.034149},{"data_generator_T":18.98,"data_generator_V":-65.033951},{"data_generator_T":19.0,"data_generator_V":-65.033745},{"data_generator_T":19.02,"data_generator_V":-65.033531},{"data_generator_T":19.040001,"data_generator_V":-65.033325},{"data_generator_T":19.059999,"data_generator_V":-65.033112},{"data_generator_T":19.08,"data_generator_V":-65.032898},{"data_generator_T":19.1,"data_generator_V":-65.032677},{"data_generator_T":19.120001,"data_generator_V":-65.032463},{"data_generator_T":19.139999,"data_generator_V":-65.032242},{"data_generator_T":19.16,"data_generator_V":-65.032021},{"data_generator_T":19.18,"data_generator_V":-65.031792},{"data_generator_T":19.200001,"data_generator_V":-65.03157},{"data_generator_T":19.219999,"data_generator_V":-65.031342},{"data_generator_T":19.24,"data_generator_V":-65.031113},{"data_generator_T":19.26,"data_generator_V":-65.030884},{"data_generator_T":19.280001,"data_generator_V":-65.030647},{"data_generator_T":19.299999,"data_generator_V":-65.030411},{"data_generator_T":19.32,"data_generator_V":-65.030182},{"data_generator_T":19.34,"data_generator_V":-65.029938},{"data_generator_T":19.360001,"data_generator_V":-65.029701},{"data_generator_T":19.379999,"data_generator_V":-65.029465},{"data_generator_T":19.4,"data_generator_V":-65.029221},{"data_generator_T":19.42,"data_generator_V":-65.028976},{"data_generator_T":19.440001,"data_generator_V":-65.028732},{"data_generator_T":19.459999,"data_generator_V":-65.028488},{"data_generator_T":19.48,"data_generator_V":-65.028244},{"data_generator_T":19.5,"data_generator_V":-65.027992},{"data_generator_T":19.52,"data_generator_V":-65.02774},{"data_generator_T":19.540001,"data_generator_V":-65.027489},{"data_generator_T":19.559999,"data_generator_V":-65.027237},{"data_generator_T":19.58,"data_generator_V":-65.026985},{"data_generator_T":19.6,"data_generator_V":-65.026733},{"data_generator_T":19.620001,"data_generator_V":-65.026474},{"data_generator_T":19.639999,"data_generator_V":-65.026215},{"data_generator_T":19.66,"data_generator_V":-65.025955},{"data_generator_T":19.68,"data_generator_V":-65.025696},{"data_generator_T":19.700001,"data_generator_V":-65.025436},{"data_generator_T":19.719999,"data_generator_V":-65.025177},{"data_generator_T":19.74,"data_generator_V":-65.024918},{"data_generator_T":19.76,"data_generator_V":-65.024651},{"data_generator_T":19.780001,"data_generator_V":-65.024384},{"data_generator_T":19.799999,"data_generator_V":-65.024117},{"data_generator_T":19.82,"data_generator_V":-65.023849},{"data_generator_T":19.84,"data_generator_V":-65.023582},{"data_generator_T":19.860001,"data_generator_V":-65.023315},{"data_generator_T":19.879999,"data_generator_V":-65.023048},{"data_generator_T":19.9,"data_generator_V":-65.022774},{"data_generator_T":19.92,"data_generator_V":-65.022507},{"data_generator_T":19.940001,"data_generator_V":-65.022232},{"data_generator_T":19.959999,"data_generator_V":-65.021957},{"data_generator_T":19.98,"data_generator_V":-65.021683},{"data_generator_T":20.0,"data_generator_V":-65.021408}]