[{"data_set_value_component_environment_variable_time":0.0,"data_set_value_component_RP_LH_variable_rel_LH_E2_P4_RP_LH":518.939074167,"data_set_value_component_RP_LH_variable_RP_LH":467.0,"data_set_value_component_RP_LH_variable_syn_LH_E2_P4":11493.9904763507,"data_set_value_component_RP_LH_variable_V0_LH":1400.0,"data_set_value_component_RP_LH_variable_V1_LH":95900.0,"data_set_value_component_RP_LH_variable_h":8.0,"data_set_value_component_RP_LH_variable_Km_LH":360.0,"data_set_value_component_RP_LH_variable_Ki_LHP":26.0,"data_set_value_component_RP_LH_variable_kLH_rel":3.0,"data_set_value_component_RP_LH_variable_CLH_P":0.024,"data_set_value_component_RP_LH_variable_CLH_E":0.008,"data_set_value_component_LH_variable_LH":40.0,"data_set_value_component_LH_variable_v_dis":2.5,"data_set_value_component_LH_variable_clear_LH":560.0,"data_set_value_component_LH_variable_kLH_cl":14.0,"data_set_value_component_RP_FSH_variable_rel_FSH_E2_P4_RP_FSH":0.0,"data_set_value_component_RP_FSH_variable_RP_FSH":0.0,"data_set_value_component_RP_FSH_variable_syn_FSH_Ih":3462.091252906,"data_set_value_component_RP_FSH_variable_V_FSH":4400.0,"data_set_value_component_RP_FSH_variable_Ki_FSH_Ih":1176.5,"data_set_value_component_RP_FSH_variable_kFSH_rel":45.0,"data_set_value_component_RP_FSH_variable_CFSH_P":3.0,"data_set_value_component_RP_FSH_variable_CFSH_E":0.005,"data_set_value_component_FSH_variable_FSH":150.0,"data_set_value_component_FSH_variable_v_dis":2.5,"data_set_value_component_FSH_variable_clear_FSH":1231.5,"data_set_value_component_FSH_variable_kFSH_cl":8.21,"data_set_value_component_E2_variable_E2":240.1495401546,"data_set_value_component_E2_dE_variable_E2_dE":275.8764954242,"data_set_value_component_E2_dE_variable_dE":0.42,"data_set_value_component_P4_variable_P4":3.4178834881,"data_set_value_component_P4_dP_variable_P4_dP":0.2245276804,"data_set_value_component_P4_dP_variable_dP":2.9,"data_set_value_component_Ih_variable_Ih":400.8855648091,"data_set_value_component_Ih_dIh_variable_Ih_dIh":318.7234420901,"data_set_value_component_Ih_dIh_variable_dIh":2.0},{"data_set_value_component_environment_variable_time":0.1,"data_set_value_component_RP_LH_variable_rel_LH_E2_P4_RP_LH":1616.671867998,"data_set_value_component_RP_LH_variable_RP_LH":1410.6078776273,"data_set_value_component_RP_LH_variable_syn_LH_E2_P4":9582.6304885096,"data_set_value_component_RP_LH_variable_V0_LH":1400.0,"data_set_value_component_RP_LH_variable_V1_LH":95900.0,"data_set_value_component_RP_LH_variable_h":8.0,"data_set_value_component_RP_LH_variable_Km_LH":360.0,"data_set_value_component_RP_LH_variable_Ki_LHP":26.0,"data_set_value_component_RP_LH_variable_kLH_rel":3.0,"data_set_value_component_RP_LH_variable_CLH_P":0.024,"data_set_value_component_RP_LH_variable_CLH_E":0.008,"data_set_value_component_LH_variable_LH":35.9920035849,"data_set_value_component_LH_variable_v_dis":2.5,"data_set_value_component_LH_variable_clear_LH":503.8880501884,"data_set_value_component_LH_variable_kLH_cl":14.0,"data_set_value_component_RP_FSH_variable_rel_FSH_E2_P4_RP_FSH":637.3859103414,"data_set_value_component_RP_FSH_variable_RP_FSH":314.6241031117,"data_set_value_component_RP_FSH_variable_syn_FSH_Ih":3457.8136667577,"data_set_value_component_RP_FSH_variable_V_FSH":4400.0,"data_set_value_component_RP_FSH_variable_Ki_FSH_Ih":1176.5,"data_set_value_component_RP_FSH_variable_kFSH_rel":45.0,"data_set_value_component_RP_FSH_variable_CFSH_P":3.0,"data_set_value_component_RP_FSH_variable_CFSH_E":0.005,"data_set_value_component_FSH_variable_FSH":75.7377079218,"data_set_value_component_FSH_variable_v_dis":2.5,"data_set_value_component_FSH_variable_clear_FSH":621.8065820382,"data_set_value_component_FSH_variable_kFSH_cl":8.21,"data_set_value_component_E2_variable_E2":231.19668927,"data_set_value_component_E2_dE_variable_E2_dE":268.0369497636,"data_set_value_component_E2_dE_variable_dE":0.42,"data_set_value_component_P4_variable_P4":3.6922783945,"data_set_value_component_P4_dP_variable_P4_dP":0.2504961227,"data_set_value_component_P4_dP_variable_dP":2.9,"data_set_value_component_Ih_variable_Ih":408.542819786,"data_set_value_component_Ih_dIh_variable_Ih_dIh":320.5731505188,"data_set_value_component_Ih_dIh_variable_dIh":2.0},{"data_set_value_component_environment_variable_time":0.2,"data_set_value_component_RP_LH_variable_rel_LH_E2_P4_RP_LH":2454.402114798,"data_set_value_component_RP_LH_variable_RP_LH":2075.1160517037,"data_set_value_component_RP_LH_variable_syn_LH_E2_P4":7857.1255635697,"data_set_value_component_RP_LH_variable_V0_LH":1400.0,"data_set_value_component_RP_LH_variable_V1_LH":95900.0,"data_set_value_component_RP_LH_variable_h":8.0,"data_set_value_component_RP_LH_variable_Km_LH":360.0,"data_set_value_component_RP_LH_variable_Ki_LHP":26.0,"data_set_value_component_RP_LH_variable_kLH_rel":3.0,"data_set_value_component_RP_LH_variable_CLH_P":0.024,"data_set_value_component_RP_LH_variable_CLH_E":0.008,"data_set_value_component_LH_variable_LH":55.1578096164,"data_set_value_component_LH_variable_v_dis":2.5,"data_set_value_component_LH_variable_clear_LH":772.2093346299,"data_set_value_component_LH_variable_kLH_cl":14.0,"data_set_value_component_RP_FSH_variable_rel_FSH_E2_P4_RP_FSH":1320.8502224298,"data_set_value_component_RP_FSH_variable_RP_FSH":562.5246883734,"data_set_value_component_RP_FSH_variable_syn_FSH_Ih":3453.18044881,"data_set_value_component_RP_FSH_variable_V_FSH":4400.0,"data_set_value_component_RP_FSH_variable_Ki_FSH_Ih":1176.5,"data_set_value_component_RP_FSH_variable_kFSH_rel":45.0,"data_set_value_component_RP_FSH_variable_CFSH_P":3.0,"data_set_value_component_RP_FSH_variable_CFSH_E":0.005,"data_set_value_component_FSH_variable_FSH":61.2311334934,"data_set_value_component_FSH_variable_v_dis":2.5,"data_set_value_component_FSH_variable_clear_FSH":502.707605981,"data_set_value_component_FSH_variable_kFSH_cl":8.21,"data_set_value_component_E2_variable_E2":222.3672759626,"data_set_value_component_E2_dE_variable_E2_dE":259.6390805193,"data_set_value_component_E2_dE_variable_dE":0.42,"data_set_value_component_P4_variable_P4":3.9842728734,"data_set_value_component_P4_dP_variable_P4_dP":0.2791576777,"data_set_value_component_P4_dP_variable_dP":2.9,"data_set_value_component_Ih_variable_Ih":416.6584005282,"data_set_value_component_Ih_dIh_variable_Ih_dIh":322.5818107359,"data_set_value_component_Ih_dIh_variable_dIh":2.0},{"data_set_value_component_environment_variable_time":0.3,"data_set_value_component_RP_LH_variable_rel_LH_E2_P4_RP_LH":3061.3838409739,"data_set_value_component_RP_LH_variable_RP_LH":2507.1049473676,"data_set_value_component_RP_LH_variable_syn_LH_E2_P4":6377.8496598212,"data_set_value_component_RP_LH_variable_V0_LH":1400.0,"data_set_value_component_RP_LH_variable_V1_LH":95900.0,"data_set_value_component_RP_LH_variable_h":8.0,"data_set_value_component_RP_LH_variable_Km_LH":360.0,"data_set_value_component_RP_LH_variable_Ki_LHP":26.0,"data_set_value_component_RP_LH_variable_kLH_rel":3.0,"data_set_value_component_RP_LH_variable_CLH_P":0.024,"data_set_value_component_RP_LH_variable_CLH_E":0.008,"data_set_value_component_LH_variable_LH":74.81509593,"data_set_value_component_LH_variable_v_dis":2.5,"data_set_value_component_LH_variable_clear_LH":1047.4113430202,"data_set_value_component_LH_variable_kLH_cl":14.0,"data_set_value_component_RP_FSH_variable_rel_FSH_E2_P4_RP_FSH":2016.6311019933,"data_set_value_component_RP_FSH_variable_RP_FSH":740.6569280608,"data_set_value_component_RP_FSH_variable_syn_FSH_Ih":3448.1690342728,"data_set_value_component_RP_FSH_variable_V_FSH":4400.0,"data_set_value_component_RP_FSH_variable_Ki_FSH_Ih":1176.5,"data_set_value_component_RP_FSH_variable_kFSH_rel":45.0,"data_set_value_component_RP_FSH_variable_CFSH_P":3.0,"data_set_value_component_RP_FSH_variable_CFSH_E":0.005,"data_set_value_component_FSH_variable_FSH":73.7746171004,"data_set_value_component_FSH_variable_v_dis":2.5,"data_set_value_component_FSH_variable_clear_FSH":605.6896063945,"data_set_value_component_FSH_variable_kFSH_cl":8.21,"data_set_value_component_E2_variable_E2":213.7576264294,"data_set_value_component_E2_dE_variable_E2_dE":250.8820350249,"data_set_value_component_E2_dE_variable_dE":0.42,"data_set_value_component_P4_variable_P4":4.294584583,"data_set_value_component_P4_dP_variable_P4_dP":0.3107531905,"data_set_value_component_P4_dP_variable_dP":2.9,"data_set_value_component_Ih_variable_Ih":425.2488605187,"data_set_value_component_Ih_dIh_variable_Ih_dIh":324.760509142,"data_set_value_component_Ih_dIh_variable_dIh":2.0},{"data_set_value_component_environment_variable_time":0.4,"data_set_value_component_RP_LH_variable_rel_LH_E2_P4_RP_LH":3471.9784244738,"data_set_value_component_RP_LH_variable_RP_LH":2753.8159400513,"data_set_value_component_RP_LH_variable_syn_LH_E2_P4":5163.3057532143,"data_set_value_component_RP_LH_variable_V0_LH":1400.0,"data_set_value_component_RP_LH_variable_V1_LH":95900.0,"data_set_value_component_RP_LH_variable_h":8.0,"data_set_value_component_RP_LH_variable_Km_LH":360.0,"data_set_value_component_RP_LH_variable_Ki_LHP":26.0,"data_set_value_component_RP_LH_variable_kLH_rel":3.0,"data_set_value_component_RP_LH_variable_CLH_P":0.024,"data_set_value_component_RP_LH_variable_CLH_E":0.008,"data_set_value_component_LH_variable_LH":90.0748349112,"data_set_value_component_LH_variable_v_dis":2.5,"data_set_value_component_LH_variable_clear_LH":1261.047688757,"data_set_value_component_LH_variable_kLH_cl":14.0,"data_set_value_component_RP_FSH_variable_rel_FSH_E2_P4_RP_FSH":2682.2977969067,"data_set_value_component_RP_FSH_variable_RP_FSH":849.8191995577,"data_set_value_component_RP_FSH_variable_syn_FSH_Ih":3442.7562075721,"data_set_value_component_RP_FSH_variable_V_FSH":4400.0,"data_set_value_component_RP_FSH_variable_Ki_FSH_Ih":1176.5,"data_set_value_component_RP_FSH_variable_kFSH_rel":45.0,"data_set_value_component_RP_FSH_variable_CFSH_P":3.0,"data_set_value_component_RP_FSH_variable_CFSH_E":0.005,"data_set_value_component_FSH_variable_FSH":97.9127646391,"data_set_value_component_FSH_variable_v_dis":2.5,"data_set_value_component_FSH_variable_clear_FSH":803.8637976869,"data_set_value_component_FSH_variable_kFSH_cl":8.21,"data_set_value_component_E2_variable_E2":205.4403888737,"data_set_value_component_E2_dE_variable_E2_dE":241.9446430311,"data_set_value_component_E2_dE_variable_dE":0.42,"data_set_value_component_P4_variable_P4":4.6239241079,"data_set_value_component_P4_dP_variable_P4_dP":0.3455405867,"data_set_value_component_P4_dP_variable_dP":2.9,"data_set_value_component_Ih_variable_Ih":434.3304275991,"data_set_value_component_Ih_dIh_variable_Ih_dIh":327.120845593,"data_set_value_component_Ih_dIh_variable_dIh":2.0},{"data_set_value_component_environment_variable_time":0.5,"data_set_value_component_RP_LH_variable_rel_LH_E2_P4_RP_LH":3721.7665968412,"data_set_value_component_RP_LH_variable_RP_LH":2859.1513759077,"data_set_value_component_RP_LH_variable_syn_LH_E2_P4":4200.8431200515,"data_set_value_component_RP_LH_variable_V0_LH":1400.0,"data_set_value_component_RP_LH_variable_V1_LH":95900.0,"data_set_value_component_RP_LH_variable_h":8.0,"data_set_value_component_RP_LH_variable_Km_LH":360.0,"data_set_value_component_RP_LH_variable_Ki_LHP":26.0,"data_set_value_component_RP_LH_variable_kLH_rel":3.0,"data_set_value_component_RP_LH_variable_CLH_P":0.024,"data_set_value_component_RP_LH_variable_CLH_E":0.008,"data_set_value_component_LH_variable_LH":100.4932694854,"data_set_value_component_LH_variable_v_dis":2.5,"data_set_value_component_LH_variable_clear_LH":1406.9057727958,"data_set_value_component_LH_variable_kLH_cl":14.0,"data_set_value_component_RP_FSH_variable_rel_FSH_E2_P4_RP_FSH":3272.5819701983,"data_set_value_component_RP_FSH_variable_RP_FSH":895.2530902543,"data_set_value_component_RP_FSH_variable_syn_FSH_Ih":3436.9181764385,"data_set_value_component_RP_FSH_variable_V_FSH":4400.0,"data_set_value_component_RP_FSH_variable_Ki_FSH_Ih":1176.5,"data_set_value_component_RP_FSH_variable_kFSH_rel":45.0,"data_set_value_component_RP_FSH_variable_CFSH_P":3.0,"data_set_value_component_RP_FSH_variable_CFSH_E":0.005,"data_set_value_component_FSH_variable_FSH":125.6272739806,"data_set_value_component_FSH_variable_v_dis":2.5,"data_set_value_component_FSH_variable_clear_FSH":1031.399919381,"data_set_value_component_FSH_variable_kFSH_cl":8.21,"data_set_value_component_E2_variable_E2":197.4674478251,"data_set_value_component_E2_dE_variable_E2_dE":232.9809114798,"data_set_value_component_E2_dE_variable_dE":0.42,"data_set_value_component_P4_variable_P4":4.9729911313,"data_set_value_component_P4_dP_variable_P4_dP":0.383795596,"data_set_value_component_P4_dP_variable_dP":2.9,"data_set_value_component_Ih_variable_Ih":443.9189092412,"data_set_value_component_Ih_dIh_variable_Ih_dIh":329.6749318002,"data_set_value_component_Ih_dIh_variable_dIh":2.0},{"data_set_value_component_environment_variable_time":0.6,"data_set_value_component_RP_LH_variable_rel_LH_E2_P4_RP_LH":3844.526857615,"data_set_value_component_RP_LH_variable_RP_LH":2861.2363579163,"data_set_value_component_RP_LH_variable_syn_LH_E2_P4":3459.3996570558,"data_set_value_component_RP_LH_variable_V0_LH":1400.0,"data_set_value_component_RP_LH_variable_V1_LH":95900.0,"data_set_value_component_RP_LH_variable_h":8.0,"data_set_value_component_RP_LH_variable_Km_LH":360.0,"data_set_value_component_RP_LH_variable_Ki_LHP":26.0,"data_set_value_component_RP_LH_variable_kLH_rel":3.0,"data_set_value_component_RP_LH_variable_CLH_P":0.024,"data_set_value_component_RP_LH_variable_CLH_E":0.008,"data_set_value_component_LH_variable_LH":106.7073022002,"data_set_value_component_LH_variable_v_dis":2.5,"data_set_value_component_LH_variable_clear_LH":1493.9022308025,"data_set_value_component_LH_variable_kLH_cl":14.0,"data_set_value_component_RP_FSH_variable_rel_FSH_E2_P4_RP_FSH":3747.6107504347,"data_set_value_component_RP_FSH_variable_RP_FSH":886.5292328885,"data_set_value_component_RP_FSH_variable_syn_FSH_Ih":3430.6306588263,"data_set_value_component_RP_FSH_variable_V_FSH":4400.0,"data_set_value_component_RP_FSH_variable_Ki_FSH_Ih":1176.5,"data_set_value_component_RP_FSH_variable_kFSH_rel":45.0,"data_set_value_component_RP_FSH_variable_CFSH_P":3.0,"data_set_value_component_RP_FSH_variable_CFSH_E":0.005,"data_set_value_component_FSH_variable_FSH":152.2184957828,"data_set_value_component_FSH_variable_v_dis":2.5,"data_set_value_component_FSH_variable_clear_FSH":1249.7138503765,"data_set_value_component_FSH_variable_kFSH_cl":8.21,"data_set_value_component_E2_variable_E2":189.8731465151,"data_set_value_component_E2_dE_variable_E2_dE":224.1183024138,"data_set_value_component_E2_dE_variable_dE":0.42,"data_set_value_component_P4_variable_P4":5.3424703749,"data_set_value_component_P4_dP_variable_P4_dP":0.4258124527,"data_set_value_component_P4_dP_variable_dP":2.9,"data_set_value_component_Ih_variable_Ih":454.0295931912,"data_set_value_component_Ih_dIh_variable_Ih_dIh":332.435386758,"data_set_value_component_Ih_dIh_variable_dIh":2.0},{"data_set_value_component_environment_variable_time":0.7,"data_set_value_component_RP_LH_variable_rel_LH_E2_P4_RP_LH":3870.348151028,"data_set_value_component_RP_LH_variable_RP_LH":2791.4362142551,"data_set_value_component_RP_LH_variable_syn_LH_E2_P4":2900.4974386663,"data_set_value_component_RP_LH_variable_V0_LH":1400.0,"data_set_value_component_RP_LH_variable_V1_LH":95900.0,"data_set_value_component_RP_LH_variable_h":8.0,"data_set_value_component_RP_LH_variable_Km_LH":360.0,"data_set_value_component_RP_LH_variable_Ki_LHP":26.0,"data_set_value_component_RP_LH_variable_kLH_rel":3.0,"data_set_value_component_RP_LH_variable_CLH_P":0.024,"data_set_value_component_RP_LH_variable_CLH_E":0.008,"data_set_value_component_LH_variable_LH":109.5547009425,"data_set_value_component_LH_variable_v_dis":2.5,"data_set_value_component_LH_variable_clear_LH":1533.7658131953,"data_set_value_component_LH_variable_kLH_cl":14.0,"data_set_value_component_RP_FSH_variable_rel_FSH_E2_P4_RP_FSH":4081.5718596105,"data_set_value_component_RP_FSH_variable_RP_FSH":836.5667055409,"data_set_value_component_RP_FSH_variable_syn_FSH_Ih":3423.8689831945,"data_set_value_component_RP_FSH_variable_V_FSH":4400.0,"data_set_value_component_RP_FSH_variable_Ki_FSH_Ih":1176.5,"data_set_value_component_RP_FSH_variable_kFSH_rel":45.0,"data_set_value_component_RP_FSH_variable_CFSH_P":3.0,"data_set_value_component_RP_FSH_variable_CFSH_E":0.005,"data_set_value_component_FSH_variable_FSH":174.7306260771,"data_set_value_component_FSH_variable_v_dis":2.5,"data_set_value_component_FSH_variable_clear_FSH":1434.5384400931,"data_set_value_component_FSH_variable_kFSH_cl":8.21,"data_set_value_component_E2_variable_E2":182.6774890729,"data_set_value_component_E2_dE_variable_E2_dE":215.4581692105,"data_set_value_component_E2_dE_variable_dE":0.42,"data_set_value_component_P4_variable_P4":5.7330273158,"data_set_value_component_P4_dP_variable_P4_dP":0.4719045664,"data_set_value_component_P4_dP_variable_dP":2.9,"data_set_value_component_Ih_variable_Ih":464.6771437972,"data_set_value_component_Ih_dIh_variable_Ih_dIh":335.4153289476,"data_set_value_component_Ih_dIh_variable_dIh":2.0},{"data_set_value_component_environment_variable_time":0.8,"data_set_value_component_RP_LH_variable_rel_LH_E2_P4_RP_LH":3824.7765924902,"data_set_value_component_RP_LH_variable_RP_LH":2674.4433134228,"data_set_value_component_RP_LH_variable_syn_LH_E2_P4":2485.8244840549,"data_set_value_component_RP_LH_variable_V0_LH":1400.0,"data_set_value_component_RP_LH_variable_V1_LH":95900.0,"data_set_value_component_RP_LH_variable_h":8.0,"data_set_value_component_RP_LH_variable_Km_LH":360.0,"data_set_value_component_RP_LH_variable_Ki_LHP":26.0,"data_set_value_component_RP_LH_variable_kLH_rel":3.0,"data_set_value_component_RP_LH_variable_CLH_P":0.024,"data_set_value_component_RP_LH_variable_CLH_E":0.008,"data_set_value_component_LH_variable_LH":109.8304747051,"data_set_value_component_LH_variable_v_dis":2.5,"data_set_value_component_LH_variable_clear_LH":1537.6266458717,"data_set_value_component_LH_variable_kLH_cl":14.0,"data_set_value_component_RP_FSH_variable_rel_FSH_E2_P4_RP_FSH":4268.9201224261,"data_set_value_component_RP_FSH_variable_RP_FSH":759.8836654148,"data_set_value_component_RP_FSH_variable_syn_FSH_Ih":3416.6082025564,"data_set_value_component_RP_FSH_variable_V_FSH":4400.0,"data_set_value_component_RP_FSH_variable_Ki_FSH_Ih":1176.5,"data_set_value_component_RP_FSH_variable_kFSH_rel":45.0,"data_set_value_component_RP_FSH_variable_CFSH_P":3.0,"data_set_value_component_RP_FSH_variable_CFSH_E":0.005,"data_set_value_component_FSH_variable_FSH":191.4638159387,"data_set_value_component_FSH_variable_v_dis":2.5,"data_set_value_component_FSH_variable_clear_FSH":1571.9179288566,"data_set_value_component_FSH_variable_kFSH_cl":8.21,"data_set_value_component_E2_variable_E2":175.8891139264,"data_set_value_component_E2_dE_variable_E2_dE":207.0776796569,"data_set_value_component_E2_dE_variable_dE":0.42,"data_set_value_component_P4_variable_P4":6.1453036935,"data_set_value_component_P4_dP_variable_P4_dP":0.522405153,"data_set_value_component_P4_dP_variable_dP":2.9,"data_set_value_component_Ih_variable_Ih":475.8754943931,"data_set_value_component_Ih_dIh_variable_Ih_dIh":338.628365063,"data_set_value_component_Ih_dIh_variable_dIh":2.0},{"data_set_value_component_environment_variable_time":0.9,"data_set_value_component_RP_LH_variable_rel_LH_E2_P4_RP_LH":3728.7186631696,"data_set_value_component_RP_LH_variable_RP_LH":2528.9926310607,"data_set_value_component_RP_LH_variable_syn_LH_E2_P4":2181.4185138212,"data_set_value_component_RP_LH_variable_V0_LH":1400.0,"data_set_value_component_RP_LH_variable_V1_LH":95900.0,"data_set_value_component_RP_LH_variable_h":8.0,"data_set_value_component_RP_LH_variable_Km_LH":360.0,"data_set_value_component_RP_LH_variable_Ki_LHP":26.0,"data_set_value_component_RP_LH_variable_kLH_rel":3.0,"data_set_value_component_RP_LH_variable_CLH_P":0.024,"data_set_value_component_RP_LH_variable_CLH_E":0.008,"data_set_value_component_LH_variable_LH":108.2190255295,"data_set_value_component_LH_variable_v_dis":2.5,"data_set_value_component_LH_variable_clear_LH":1515.0663574134,"data_set_value_component_LH_variable_kLH_cl":14.0,"data_set_value_component_RP_FSH_variable_rel_FSH_E2_P4_RP_FSH":4325.4414053943,"data_set_value_component_RP_FSH_variable_RP_FSH":670.4666243657,"data_set_value_component_RP_FSH_variable_syn_FSH_Ih":3408.8232225493,"data_set_value_component_RP_FSH_variable_V_FSH":4400.0,"data_set_value_component_RP_FSH_variable_Ki_FSH_Ih":1176.5,"data_set_value_component_RP_FSH_variable_kFSH_rel":45.0,"data_set_value_component_RP_FSH_variable_CFSH_P":3.0,"data_set_value_component_RP_FSH_variable_CFSH_E":0.005,"data_set_value_component_FSH_variable_FSH":201.8540691568,"data_set_value_component_FSH_variable_v_dis":2.5,"data_set_value_component_FSH_variable_clear_FSH":1657.2219077769,"data_set_value_component_FSH_variable_kFSH_cl":8.21,"data_set_value_component_E2_variable_E2":169.5079248966,"data_set_value_component_E2_dE_variable_E2_dE":199.0326175306,"data_set_value_component_E2_dE_variable_dE":0.42,"data_set_value_component_P4_variable_P4":6.5799128223,"data_set_value_component_P4_dP_variable_P4_dP":0.57766782,"data_set_value_component_P4_dP_variable_dP":2.9,"data_set_value_component_Ih_variable_Ih":487.6377361603,"data_set_value_component_Ih_dIh_variable_Ih_dIh":342.0885750123,"data_set_value_component_Ih_dIh_variable_dIh":2.0},{"data_set_value_component_environment_variable_time":1.0,"data_set_value_component_RP_LH_variable_rel_LH_E2_P4_RP_LH":3598.7983175018,"data_set_value_component_RP_LH_variable_RP_LH":2368.8438258594,"data_set_value_component_RP_LH_variable_syn_LH_E2_P4":1959.2947673999,"data_set_value_component_RP_LH_variable_V0_LH":1400.0,"data_set_value_component_RP_LH_variable_V1_LH":95900.0,"data_set_value_component_RP_LH_variable_h":8.0,"data_set_value_component_RP_LH_variable_Km_LH":360.0,"data_set_value_component_RP_LH_variable_Ki_LHP":26.0,"data_set_value_component_RP_LH_variable_kLH_rel":3.0,"data_set_value_component_RP_LH_variable_CLH_P":0.024,"data_set_value_component_RP_LH_variable_CLH_E":0.008,"data_set_value_component_LH_variable_LH":105.281761813,"data_set_value_component_LH_variable_v_dis":2.5,"data_set_value_component_LH_variable_clear_LH":1473.9446653815,"data_set_value_component_LH_variable_kLH_cl":14.0,"data_set_value_component_RP_FSH_variable_rel_FSH_E2_P4_RP_FSH":4283.2069073073,"data_set_value_component_RP_FSH_variable_RP_FSH":579.8415195534,"data_set_value_component_RP_FSH_variable_syn_FSH_Ih":3400.488943599,"data_set_value_component_RP_FSH_variable_V_FSH":4400.0,"data_set_value_component_RP_FSH_variable_Ki_FSH_Ih":1176.5,"data_set_value_component_RP_FSH_variable_kFSH_rel":45.0,"data_set_value_component_RP_FSH_variable_CFSH_P":3.0,"data_set_value_component_RP_FSH_variable_CFSH_E":0.005,"data_set_value_component_FSH_variable_FSH":206.3538931873,"data_set_value_component_FSH_variable_v_dis":2.5,"data_set_value_component_FSH_variable_clear_FSH":1694.1654630681,"data_set_value_component_FSH_variable_kFSH_cl":8.21,"data_set_value_component_E2_variable_E2":163.5273353335,"data_set_value_component_E2_dE_variable_E2_dE":191.3605738048,"data_set_value_component_E2_dE_variable_dE":0.42,"data_set_value_component_P4_variable_P4":7.0374347283,"data_set_value_component_P4_dP_variable_P4_dP":0.6380670948,"data_set_value_component_P4_dP_variable_dP":2.9,"data_set_value_component_Ih_variable_Ih":499.9760039521,"data_set_value_component_Ih_dIh_variable_Ih_dIh":345.8104929497,"data_set_value_component_Ih_dIh_variable_dIh":2.0}]