<?xml version="1.0"?>
<rdf:RDF xmlns:rdf="http://www.w3.org/1999/02/22-rdf-syntax-ns#"><rdf:Description rdf:nodeID="n1"><traces xmlns="http://www.cellml.org/metadata/graphs/1.0#"><rdf:Description rdf:nodeID="n2"/></traces><graphname xmlns="http://www.cellml.org/tools/pcenv/" xml:lang="en">Membrane Voltage (mV) against Time (ms)</graphname><scaling xmlns="http://www.cellml.org/metadata/graphs/1.0#x-"><rdf:Description rdf:about="http://www.cellml.org/metadata/graphs/1.0#identity"/></scaling><decoration xmlns="http://www.cellml.org/metadata/graphs/1.0#"><rdf:Description rdf:about="http://www.cellml.org/metadata/graphs/1.0#none"/></decoration><graphname xmlns="http://www.cellml.org/tools/opencell/" xml:lang="en">Membrane Voltage (mV) against Time (ms)</graphname><scaling xmlns="http://www.cellml.org/metadata/graphs/1.0#y-"><rdf:Description rdf:about="http://www.cellml.org/metadata/graphs/1.0#identity"/></scaling></rdf:Description><rdf:Description rdf:nodeID="n3"><colour xmlns="http://www.cellml.org/metadata/graphs/1.0#" xml:lang="en">#099999</colour><variable xmlns="http://www.cellml.org/metadata/graphs/1.0#y-"><rdf:Description rdf:nodeID="n4"/></variable><type xmlns="http://www.cellml.org/metadata/graphs/1.0#"><rdf:Description rdf:about="http://www.cellml.org/metadata/graphs/1.0#line"/></type><variable xmlns="http://www.cellml.org/metadata/graphs/1.0#x-"><rdf:Description rdf:nodeID="n5"/></variable></rdf:Description><rdf:Description rdf:about="http://www.cellml.org/tools/pcenv/splitter/graph_key_graph1"><splitterState_nextHeight xmlns="http://www.cellml.org/tools/pcenv/" xml:lang="en">0</splitterState_nextHeight><splitterState_collapsedAfter xmlns="http://www.cellml.org/tools/pcenv/" xml:lang="en">true</splitterState_collapsedAfter></rdf:Description><rdf:Description rdf:nodeID="n6"><rdf:first><rdf:Description rdf:nodeID="n7"/></rdf:first><rdf:rest><rdf:Description rdf:about="http://www.w3.org/1999/02/22-rdf-syntax-ns#nil"/></rdf:rest></rdf:Description><rdf:Description rdf:about="http://www.cellml.org/tools/opencell/splitter/graphedit"><splitterState_prevWidth xmlns="http://www.cellml.org/tools/opencell/" xml:lang="en">407</splitterState_prevWidth><splitterState_nextWidth xmlns="http://www.cellml.org/tools/pcenv/" xml:lang="en">854</splitterState_nextWidth><splitterState_nextWidth xmlns="http://www.cellml.org/tools/opencell/" xml:lang="en">854</splitterState_nextWidth></rdf:Description><rdf:Description rdf:nodeID="n8"><colour xmlns="http://www.cellml.org/metadata/graphs/1.0#" xml:lang="en">#203dc5</colour><variable xmlns="http://www.cellml.org/metadata/graphs/1.0#y-"><rdf:Description rdf:nodeID="n9"/></variable><type xmlns="http://www.cellml.org/metadata/graphs/1.0#"><rdf:Description rdf:about="http://www.cellml.org/metadata/graphs/1.0#line"/></type><variable xmlns="http://www.cellml.org/metadata/graphs/1.0#x-"><rdf:Description rdf:nodeID="n10"/></variable></rdf:Description><rdf:Description rdf:about="http://www.cellml.org/tools/opencell/splitter/graph_key_graph2"><splitterState_collapsedAfter xmlns="http://www.cellml.org/tools/opencell/" xml:lang="en">true</splitterState_collapsedAfter><splitterState_nextHeight xmlns="http://www.cellml.org/tools/opencell/" xml:lang="en">0</splitterState_nextHeight></rdf:Description><rdf:Description rdf:about="http://www.cellml.org/tools/pcenv/loadedModels"><rdf:_2><rdf:Description rdf:about="hodgkin_huxley_1952_variant01.cellml"/></rdf:_2></rdf:Description><rdf:Description rdf:about="hodgkin_huxley_1952_variant01.cellml"><modelname xmlns="http://www.cellml.org/tools/pcenv/" xml:lang="en">hodgkin_huxley_squid_axon_model_1952_original</modelname><derivedmodels xmlns="http://www.cellml.org/tools/opencell/"><rdf:Description rdf:nodeID="n11"/></derivedmodels><modelfrozen xmlns="http://www.cellml.org/tools/pcenv/" xml:lang="en">true</modelfrozen><modelfrozen xmlns="http://www.cellml.org/tools/opencell/" xml:lang="en">true</modelfrozen><modelname xmlns="http://www.cellml.org/tools/opencell/" xml:lang="en">hodgkin_huxley_squid_axon_model_1952_original</modelname><derivedmodels xmlns="http://www.cellml.org/tools/pcenv/"><rdf:Description rdf:nodeID="n11"/></derivedmodels></rdf:Description><rdf:Description rdf:nodeID="n12"><rdf:first><rdf:Description rdf:nodeID="n13"/></rdf:first></rdf:Description><rdf:Description rdf:nodeID="n14"><variable xmlns="http://www.cellml.org/metadata/graphs/1.0#"><rdf:Description rdf:about="hodgkin_huxley_1952_variant01.cellml#potassium_channel_i_K"/></variable></rdf:Description><rdf:Description rdf:nodeID="n15"><rdf:first><rdf:Description rdf:nodeID="n16"/></rdf:first><rdf:rest><rdf:Description rdf:about="http://www.w3.org/1999/02/22-rdf-syntax-ns#nil"/></rdf:rest></rdf:Description><rdf:Description rdf:nodeID="n17"><variable xmlns="http://www.cellml.org/metadata/graphs/1.0#"><rdf:Description rdf:about="hodgkin_huxley_1952_variant01.cellml#environment_time"/></variable></rdf:Description><rdf:Description rdf:about="http://www.cellml.org/tools/opencell/splitter/graph_key_graph1"><splitterState_collapsedAfter xmlns="http://www.cellml.org/tools/opencell/" xml:lang="en">true</splitterState_collapsedAfter><splitterState_nextHeight xmlns="http://www.cellml.org/tools/opencell/" xml:lang="en">0</splitterState_nextHeight></rdf:Description><rdf:Description rdf:nodeID="n10"><variable xmlns="http://www.cellml.org/metadata/graphs/1.0#"><rdf:Description rdf:about="hodgkin_huxley_1952_variant01.cellml#environment_time"/></variable></rdf:Description><rdf:Description rdf:about="http://www.cellml.org/tools/opencell/displayGraphs"><rdf:first><rdf:Description rdf:nodeID="n18"/></rdf:first></rdf:Description><rdf:Description rdf:nodeID="n5"><variable xmlns="http://www.cellml.org/metadata/graphs/1.0#"><rdf:Description rdf:about="hodgkin_huxley_1952_variant01.cellml#environment_time"/></variable></rdf:Description><rdf:Description rdf:nodeID="n9"><variable xmlns="http://www.cellml.org/metadata/graphs/1.0#"><rdf:Description rdf:about="hodgkin_huxley_1952_variant01.cellml#leakage_current_i_L"/></variable></rdf:Description><rdf:Description rdf:nodeID="n13"><rdf:first><rdf:Description rdf:nodeID="n3"/></rdf:first><rdf:rest><rdf:Description rdf:nodeID="n19"/></rdf:rest></rdf:Description><rdf:Description rdf:nodeID="n20"><rdf:first><rdf:Description rdf:nodeID="n6"/></rdf:first></rdf:Description><rdf:Description rdf:nodeID="n21"><variable xmlns="http://www.cellml.org/metadata/graphs/1.0#"><rdf:Description rdf:about="hodgkin_huxley_1952_variant01.cellml#environment_time"/></variable></rdf:Description><rdf:Description rdf:about="http://www.cellml.org/tools/pcenv/splitter/graph_key_graph3"><splitterState_nextHeight xmlns="http://www.cellml.org/tools/pcenv/" xml:lang="en">0</splitterState_nextHeight><splitterState_collapsedAfter xmlns="http://www.cellml.org/tools/pcenv/" xml:lang="en">true</splitterState_collapsedAfter></rdf:Description><rdf:Description rdf:about="http://www.cellml.org/tools/opencell/loadedModels"><rdf:_1><rdf:Description rdf:about="hodgkin_huxley_1952_variant01.cellml"/></rdf:_1></rdf:Description><rdf:Description rdf:nodeID="n19"><rdf:first><rdf:Description rdf:nodeID="n22"/></rdf:first><rdf:rest><rdf:Description rdf:nodeID="n23"/></rdf:rest></rdf:Description><rdf:Description rdf:nodeID="n24"><variable xmlns="http://www.cellml.org/metadata/graphs/1.0#"><rdf:Description rdf:about="hodgkin_huxley_1952_variant01.cellml#membrane_V"/></variable></rdf:Description><rdf:Description rdf:nodeID="n2"><rdf:first><rdf:Description rdf:nodeID="n15"/></rdf:first></rdf:Description><rdf:Description rdf:about="http://www.cellml.org/tools/opencell/splitter/graph_sel_graph1"><activegraph xmlns="http://www.cellml.org/tools/opencell/"><rdf:Description rdf:nodeID="n1"/></activegraph></rdf:Description><rdf:Description rdf:nodeID="n25"><traces xmlns="http://www.cellml.org/metadata/graphs/1.0#"><rdf:Description rdf:nodeID="n12"/></traces><graphname xmlns="http://www.cellml.org/tools/pcenv/" xml:lang="en">Traces: channel/ exchanger/ pump/ currents against Time</graphname><scaling xmlns="http://www.cellml.org/metadata/graphs/1.0#x-"><rdf:Description rdf:about="http://www.cellml.org/metadata/graphs/1.0#identity"/></scaling><decoration xmlns="http://www.cellml.org/metadata/graphs/1.0#"><rdf:Description rdf:about="http://www.cellml.org/metadata/graphs/1.0#none"/></decoration><graphname xmlns="http://www.cellml.org/tools/opencell/" xml:lang="en">Traces: channel/ exchanger/ pump/ currents against Time</graphname><scaling xmlns="http://www.cellml.org/metadata/graphs/1.0#y-"><rdf:Description rdf:about="http://www.cellml.org/metadata/graphs/1.0#identity"/></scaling></rdf:Description><rdf:Description rdf:nodeID="n22"><colour xmlns="http://www.cellml.org/metadata/graphs/1.0#" xml:lang="en">#3c87f0</colour><variable xmlns="http://www.cellml.org/metadata/graphs/1.0#y-"><rdf:Description rdf:nodeID="n14"/></variable><type xmlns="http://www.cellml.org/metadata/graphs/1.0#"><rdf:Description rdf:about="http://www.cellml.org/metadata/graphs/1.0#line"/></type><variable xmlns="http://www.cellml.org/metadata/graphs/1.0#x-"><rdf:Description rdf:nodeID="n17"/></variable></rdf:Description><rdf:Description rdf:nodeID="n7"><colour xmlns="http://www.cellml.org/metadata/graphs/1.0#" xml:lang="en">#099999</colour><variable xmlns="http://www.cellml.org/metadata/graphs/1.0#y-"><rdf:Description rdf:nodeID="n26"/></variable><type xmlns="http://www.cellml.org/metadata/graphs/1.0#"><rdf:Description rdf:about="http://www.cellml.org/metadata/graphs/1.0#line"/></type><variable xmlns="http://www.cellml.org/metadata/graphs/1.0#x-"><rdf:Description rdf:nodeID="n27"/></variable></rdf:Description><rdf:Description rdf:nodeID="n18"><rdf:first><rdf:Description rdf:nodeID="n28"/></rdf:first><rdf:rest><rdf:Description rdf:nodeID="n29"/></rdf:rest></rdf:Description><rdf:Description rdf:nodeID="n16"><colour xmlns="http://www.cellml.org/metadata/graphs/1.0#" xml:lang="en">#099999</colour><variable xmlns="http://www.cellml.org/metadata/graphs/1.0#y-"><rdf:Description rdf:nodeID="n24"/></variable><type xmlns="http://www.cellml.org/metadata/graphs/1.0#"><rdf:Description rdf:about="http://www.cellml.org/metadata/graphs/1.0#line"/></type><variable xmlns="http://www.cellml.org/metadata/graphs/1.0#x-"><rdf:Description rdf:nodeID="n21"/></variable></rdf:Description><rdf:Description rdf:about="http://www.cellml.org/tools/pcenv/splitter/graph_sel_graph3"><activegraph xmlns="http://www.cellml.org/tools/pcenv/"><rdf:Description rdf:nodeID="n28"/></activegraph></rdf:Description><rdf:Description rdf:nodeID="n23"><rdf:first><rdf:Description rdf:nodeID="n8"/></rdf:first><rdf:rest><rdf:Description rdf:about="http://www.w3.org/1999/02/22-rdf-syntax-ns#nil"/></rdf:rest></rdf:Description><rdf:Description rdf:about="http://www.cellml.org/tools/opencell/modlayoutsplit"><splitterState_collapsedBefore xmlns="http://www.cellml.org/tools/opencell/" xml:lang="en">true</splitterState_collapsedBefore><splitterState_prevWidth xmlns="http://www.cellml.org/tools/opencell/" xml:lang="en">61</splitterState_prevWidth><splitterState_nextWidth xmlns="http://www.cellml.org/tools/pcenv/" xml:lang="en">1197</splitterState_nextWidth><splitterState_nextWidth xmlns="http://www.cellml.org/tools/opencell/" xml:lang="en">1197</splitterState_nextWidth></rdf:Description><rdf:Description rdf:nodeID="n29"><rdf:first><rdf:Description rdf:nodeID="n25"/></rdf:first><rdf:rest><rdf:Description rdf:nodeID="n30"/></rdf:rest></rdf:Description><rdf:Description rdf:about="http://www.cellml.org/tools/pcenv/modlayoutsplit"><splitterState_prevWidth xmlns="http://www.cellml.org/tools/pcenv/" xml:lang="en">61</splitterState_prevWidth><splitterState_collapsedBefore xmlns="http://www.cellml.org/tools/pcenv/" xml:lang="en">true</splitterState_collapsedBefore></rdf:Description><rdf:Description rdf:nodeID="n30"><rdf:first><rdf:Description rdf:nodeID="n1"/></rdf:first><rdf:rest><rdf:Description rdf:about="http://www.w3.org/1999/02/22-rdf-syntax-ns#nil"/></rdf:rest></rdf:Description><rdf:Description rdf:about="http://www.cellml.org/tools/pcenv/splitter/graphedit"><splitterState_prevWidth xmlns="http://www.cellml.org/tools/pcenv/" xml:lang="en">407</splitterState_prevWidth></rdf:Description><rdf:Description rdf:nodeID="n28"><traces xmlns="http://www.cellml.org/metadata/graphs/1.0#"><rdf:Description rdf:nodeID="n20"/></traces><graphname xmlns="http://www.cellml.org/tools/pcenv/" xml:lang="en">Electrophysiological Cell Diagram: click channels to toggle display of graph traces above</graphname>
<externalurl xmlns="http://www.cellml.org/tools/pcenv/" xml:lang="en">hodgkin_1952.xul</externalurl>
<externalurl xmlns="http://www.cellml.org/tools/opencell/" xml:lang="en">hodgkin_1952.xul</externalurl><scaling xmlns="http://www.cellml.org/metadata/graphs/1.0#x-"><rdf:Description rdf:about="http://www.cellml.org/metadata/graphs/1.0#identity"/></scaling><decoration xmlns="http://www.cellml.org/metadata/graphs/1.0#"><rdf:Description rdf:about="http://www.cellml.org/metadata/graphs/1.0#none"/></decoration><graphname xmlns="http://www.cellml.org/tools/opencell/" xml:lang="en">Electrophysiological Cell Diagram: click channels to toggle display of graph traces above</graphname><scaling xmlns="http://www.cellml.org/metadata/graphs/1.0#y-"><rdf:Description rdf:about="http://www.cellml.org/metadata/graphs/1.0#identity"/></scaling></rdf:Description><rdf:Description rdf:about="http://www.cellml.org/tools/opencell/splitter/graph_sel_graph2"><activegraph xmlns="http://www.cellml.org/tools/opencell/"><rdf:Description rdf:nodeID="n25"/></activegraph></rdf:Description><rdf:Description rdf:nodeID="n4"><variable xmlns="http://www.cellml.org/metadata/graphs/1.0#"><rdf:Description rdf:about="hodgkin_huxley_1952_variant01.cellml#sodium_channel_i_Na"/></variable></rdf:Description><rdf:Description rdf:about="http://www.cellml.org/tools/pcenv/splitter/graph_sel_graph1"><activegraph xmlns="http://www.cellml.org/tools/pcenv/"><rdf:Description rdf:nodeID="n1"/></activegraph></rdf:Description><rdf:Description rdf:about="http://www.cellml.org/tools/pcenv/splitter/graph_sel_graph2"><activegraph xmlns="http://www.cellml.org/tools/pcenv/"><rdf:Description rdf:nodeID="n25"/></activegraph></rdf:Description><rdf:Description rdf:about="http://www.cellml.org/tools/opencell/splitter/graph_key_graph3"><splitterState_collapsedAfter xmlns="http://www.cellml.org/tools/opencell/" xml:lang="en">true</splitterState_collapsedAfter><splitterState_nextHeight xmlns="http://www.cellml.org/tools/opencell/" xml:lang="en">0</splitterState_nextHeight></rdf:Description><rdf:Description rdf:about="http://www.cellml.org/tools/pcenv/displayGraphs"><rdf:first><rdf:Description rdf:nodeID="n18"/></rdf:first></rdf:Description><rdf:Description rdf:about="http://www.cellml.org/tools/opencell/splitter/graph_sel_graph3"><activegraph xmlns="http://www.cellml.org/tools/opencell/"><rdf:Description rdf:nodeID="n28"/></activegraph></rdf:Description><rdf:Description rdf:about="http://www.cellml.org/tools/pcenv/splitter/graph_key_graph2"><splitterState_nextHeight xmlns="http://www.cellml.org/tools/pcenv/" xml:lang="en">0</splitterState_nextHeight><splitterState_collapsedAfter xmlns="http://www.cellml.org/tools/pcenv/" xml:lang="en">true</splitterState_collapsedAfter></rdf:Description></rdf:RDF>