[{"data_set_value_component_environment_variable_time":0.0,"data_set_value_component_membrane_variable_V":-75.0,"data_set_value_component_membrane_variable_E_R":-75.0,"data_set_value_component_membrane_variable_Cm":1.0,"data_set_value_component_membrane_variable_i_Stim":0.0,"data_set_value_component_sodium_channel_variable_i_Na":-1.035,"data_set_value_component_sodium_channel_variable_g_Na":120.0,"data_set_value_component_sodium_channel_variable_E_Na":40.0,"data_set_value_component_sodium_channel_m_gate_variable_m":0.05,"data_set_value_component_sodium_channel_m_gate_variable_alpha_m":0.2235637246,"data_set_value_component_sodium_channel_m_gate_variable_beta_m":4.0,"data_set_value_component_sodium_channel_h_gate_variable_h":0.6,"data_set_value_component_sodium_channel_h_gate_variable_alpha_h":0.07,"data_set_value_component_sodium_channel_h_gate_variable_beta_h":0.0474258732,"data_set_value_component_potassium_channel_variable_i_K":4.81966875,"data_set_value_component_potassium_channel_variable_g_K":36.0,"data_set_value_component_potassium_channel_variable_E_K":-87.0,"data_set_value_component_potassium_channel_n_gate_variable_n":0.325,"data_set_value_component_potassium_channel_n_gate_variable_alpha_n":0.0581976707,"data_set_value_component_potassium_channel_n_gate_variable_beta_n":0.125,"data_set_value_component_leakage_current_variable_i_L":-3.1839,"data_set_value_component_leakage_current_variable_g_L":0.3,"data_set_value_component_leakage_current_variable_E_L":-64.387},{"data_set_value_component_environment_variable_time":0.1,"data_set_value_component_membrane_variable_V":-75.0544169351,"data_set_value_component_membrane_variable_E_R":-75.0,"data_set_value_component_membrane_variable_Cm":1.0,"data_set_value_component_membrane_variable_i_Stim":0.0,"data_set_value_component_sodium_channel_variable_i_Na":-1.0953832179,"data_set_value_component_sodium_channel_variable_g_Na":120.0,"data_set_value_component_sodium_channel_variable_E_Na":40.0,"data_set_value_component_sodium_channel_m_gate_variable_m":0.050946957,"data_set_value_component_sodium_channel_m_gate_variable_alpha_m":0.2227263585,"data_set_value_component_sodium_channel_m_gate_variable_beta_m":4.0121109497,"data_set_value_component_sodium_channel_h_gate_variable_h":0.5999662111,"data_set_value_component_sodium_channel_h_gate_variable_alpha_h":0.0701907186,"data_set_value_component_sodium_channel_h_gate_variable_beta_h":0.0471806402,"data_set_value_component_potassium_channel_variable_i_K":4.7896750824,"data_set_value_component_potassium_channel_variable_g_K":36.0,"data_set_value_component_potassium_channel_variable_E_K":-87.0,"data_set_value_component_potassium_channel_n_gate_variable_n":0.3248621019,"data_set_value_component_potassium_channel_n_gate_variable_alpha_n":0.0580135856,"data_set_value_component_potassium_channel_n_gate_variable_beta_n":0.1249150025,"data_set_value_component_leakage_current_variable_i_L":-3.2002250805,"data_set_value_component_leakage_current_variable_g_L":0.3,"data_set_value_component_leakage_current_variable_E_L":-64.387},{"data_set_value_component_environment_variable_time":0.2,"data_set_value_component_membrane_variable_V":-75.0998872493,"data_set_value_component_membrane_variable_E_R":-75.0,"data_set_value_component_membrane_variable_Cm":1.0,"data_set_value_component_membrane_variable_i_Stim":0.0,"data_set_value_component_sodium_channel_variable_i_Na":-1.1294009252,"data_set_value_component_sodium_channel_variable_g_Na":120.0,"data_set_value_component_sodium_channel_variable_E_Na":40.0,"data_set_value_component_sodium_channel_m_gate_variable_m":0.0514625821,"data_set_value_component_sodium_channel_m_gate_variable_alpha_m":0.2220287534,"data_set_value_component_sodium_channel_m_gate_variable_beta_m":4.0222588699,"data_set_value_component_sodium_channel_h_gate_variable_h":0.5999530652,"data_set_value_component_sodium_channel_h_gate_variable_alpha_h":0.0703504799,"data_set_value_component_sodium_channel_h_gate_variable_beta_h":0.0469766505,"data_set_value_component_potassium_channel_variable_i_K":4.7629814304,"data_set_value_component_potassium_channel_variable_g_K":36.0,"data_set_value_component_potassium_channel_variable_E_K":-87.0,"data_set_value_component_potassium_channel_n_gate_variable_n":0.3247179734,"data_set_value_component_potassium_channel_n_gate_variable_alpha_n":0.0578601082,"data_set_value_component_potassium_channel_n_gate_variable_beta_n":0.1248440236,"data_set_value_component_leakage_current_variable_i_L":-3.2138661748,"data_set_value_component_leakage_current_variable_g_L":0.3,"data_set_value_component_leakage_current_variable_E_L":-64.387},{"data_set_value_component_environment_variable_time":0.3,"data_set_value_component_membrane_variable_V":-75.1390696557,"data_set_value_component_membrane_variable_E_R":-75.0,"data_set_value_component_membrane_variable_Cm":1.0,"data_set_value_component_membrane_variable_i_Stim":0.0,"data_set_value_component_sodium_channel_variable_i_Na":-1.1462425817,"data_set_value_component_sodium_channel_variable_g_Na":120.0,"data_set_value_component_sodium_channel_variable_E_Na":40.0,"data_set_value_component_sodium_channel_m_gate_variable_m":0.0517111382,"data_set_value_component_sodium_channel_m_gate_variable_alpha_m":0.2214291409,"data_set_value_component_sodium_channel_m_gate_variable_beta_m":4.031024061,"data_set_value_component_sodium_channel_h_gate_variable_h":0.5999572197,"data_set_value_component_sodium_channel_h_gate_variable_alpha_h":0.07048844,"data_set_value_component_sodium_channel_h_gate_variable_beta_h":0.0468015425,"data_set_value_component_potassium_channel_variable_i_K":4.7385966559,"data_set_value_component_potassium_channel_variable_g_K":36.0,"data_set_value_component_potassium_channel_variable_E_K":-87.0,"data_set_value_component_potassium_channel_n_gate_variable_n":0.3245690631,"data_set_value_component_potassium_channel_n_gate_variable_alpha_n":0.0577281045,"data_set_value_component_potassium_channel_n_gate_variable_beta_n":0.1247828924,"data_set_value_component_leakage_current_variable_i_L":-3.2256208967,"data_set_value_component_leakage_current_variable_g_L":0.3,"data_set_value_component_leakage_current_variable_E_L":-64.387},{"data_set_value_component_environment_variable_time":0.4,"data_set_value_component_membrane_variable_V":-75.1736981985,"data_set_value_component_membrane_variable_E_R":-75.0,"data_set_value_component_membrane_variable_Cm":1.0,"data_set_value_component_membrane_variable_i_Stim":0.0,"data_set_value_component_sodium_channel_variable_i_Na":-1.1522691836,"data_set_value_component_sodium_channel_variable_g_Na":120.0,"data_set_value_component_sodium_channel_variable_E_Na":40.0,"data_set_value_component_sodium_channel_m_gate_variable_m":0.0517958668,"data_set_value_component_sodium_channel_m_gate_variable_alpha_m":0.2209003886,"data_set_value_component_sodium_channel_m_gate_variable_beta_m":4.0387864413,"data_set_value_component_sodium_channel_h_gate_variable_h":0.5999762698,"data_set_value_component_sodium_channel_h_gate_variable_alpha_h":0.0706105913,"data_set_value_component_sodium_channel_h_gate_variable_beta_h":0.0466473028,"data_set_value_component_potassium_channel_variable_i_K":4.7158793422,"data_set_value_component_potassium_channel_variable_g_K":36.0,"data_set_value_component_potassium_channel_variable_E_K":-87.0,"data_set_value_component_potassium_channel_n_gate_variable_n":0.3244164044,"data_set_value_component_potassium_channel_n_gate_variable_alpha_n":0.0576116348,"data_set_value_component_potassium_channel_n_gate_variable_beta_n":0.124728891,"data_set_value_component_leakage_current_variable_i_L":-3.2360094596,"data_set_value_component_leakage_current_variable_g_L":0.3,"data_set_value_component_leakage_current_variable_E_L":-64.387},{"data_set_value_component_environment_variable_time":0.5,"data_set_value_component_membrane_variable_V":-75.2048893489,"data_set_value_component_membrane_variable_E_R":-75.0,"data_set_value_component_membrane_variable_Cm":1.0,"data_set_value_component_membrane_variable_i_Stim":0.0,"data_set_value_component_sodium_channel_variable_i_Na":-1.1516917697,"data_set_value_component_sodium_channel_variable_g_Na":120.0,"data_set_value_component_sodium_channel_variable_E_Na":40.0,"data_set_value_component_sodium_channel_m_gate_variable_m":0.0517816145,"data_set_value_component_sodium_channel_m_gate_variable_alpha_m":0.2204250625,"data_set_value_component_sodium_channel_m_gate_variable_beta_m":4.045791086,"data_set_value_component_sodium_channel_h_gate_variable_h":0.6000084194,"data_set_value_component_sodium_channel_h_gate_variable_alpha_h":0.0707207985,"data_set_value_component_sodium_channel_h_gate_variable_beta_h":0.0465087875,"data_set_value_component_potassium_channel_variable_i_K":4.6944218684,"data_set_value_component_potassium_channel_variable_g_K":36.0,"data_set_value_component_potassium_channel_variable_E_K":-87.0,"data_set_value_component_potassium_channel_n_gate_variable_n":0.3242607619,"data_set_value_component_potassium_channel_n_gate_variable_alpha_n":0.0575068809,"data_set_value_component_potassium_channel_n_gate_variable_beta_n":0.12468027,"data_set_value_component_leakage_current_variable_i_L":-3.2453668047,"data_set_value_component_leakage_current_variable_g_L":0.3,"data_set_value_component_leakage_current_variable_E_L":-64.387},{"data_set_value_component_environment_variable_time":0.6,"data_set_value_component_membrane_variable_V":-75.2333625847,"data_set_value_component_membrane_variable_E_R":-75.0,"data_set_value_component_membrane_variable_Cm":1.0,"data_set_value_component_membrane_variable_i_Stim":0.0,"data_set_value_component_sodium_channel_variable_i_Na":-1.1472423241,"data_set_value_component_sodium_channel_variable_g_Na":120.0,"data_set_value_component_sodium_channel_variable_E_Na":40.0,"data_set_value_component_sodium_channel_m_gate_variable_m":0.0517093249,"data_set_value_component_sodium_channel_m_gate_variable_alpha_m":0.2199919317,"data_set_value_component_sodium_channel_m_gate_variable_beta_m":4.0521959707,"data_set_value_component_sodium_channel_h_gate_variable_h":0.6000522601,"data_set_value_component_sodium_channel_h_gate_variable_alpha_h":0.0708215527,"data_set_value_component_sodium_channel_h_gate_variable_beta_h":0.0463826838,"data_set_value_component_potassium_channel_variable_i_K":4.673966744,"data_set_value_component_potassium_channel_variable_g_K":36.0,"data_set_value_component_potassium_channel_variable_E_K":-87.0,"data_set_value_component_potassium_channel_n_gate_variable_n":0.324102728,"data_set_value_component_potassium_channel_n_gate_variable_alpha_n":0.0574113827,"data_set_value_component_potassium_channel_n_gate_variable_beta_n":0.1246359023,"data_set_value_component_leakage_current_variable_i_L":-3.2539087754,"data_set_value_component_leakage_current_variable_g_L":0.3,"data_set_value_component_leakage_current_variable_E_L":-64.387},{"data_set_value_component_environment_variable_time":0.7,"data_set_value_component_membrane_variable_V":-75.2595785526,"data_set_value_component_membrane_variable_E_R":-75.0,"data_set_value_component_membrane_variable_Cm":1.0,"data_set_value_component_membrane_variable_i_Stim":0.0,"data_set_value_component_sodium_channel_variable_i_Na":-1.1406396568,"data_set_value_component_sodium_channel_variable_g_Na":120.0,"data_set_value_component_sodium_channel_variable_E_Na":40.0,"data_set_value_component_sodium_channel_m_gate_variable_m":0.0516044618,"data_set_value_component_sodium_channel_m_gate_variable_alpha_m":0.2195937928,"data_set_value_component_sodium_channel_m_gate_variable_beta_m":4.0581020617,"data_set_value_component_sodium_channel_h_gate_variable_h":0.6001066417,"data_set_value_component_sodium_channel_h_gate_variable_alpha_h":0.0709144464,"data_set_value_component_sodium_channel_h_gate_variable_beta_h":0.0462668649,"data_set_value_component_potassium_channel_variable_i_K":4.6543539845,"data_set_value_component_potassium_channel_variable_g_K":36.0,"data_set_value_component_potassium_channel_variable_E_K":-87.0,"data_set_value_component_potassium_channel_n_gate_variable_n":0.3239427805,"data_set_value_component_potassium_channel_n_gate_variable_alpha_n":0.057323563,"data_set_value_component_potassium_channel_n_gate_variable_beta_n":0.1245950658,"data_set_value_component_leakage_current_variable_i_L":-3.2617735658,"data_set_value_component_leakage_current_variable_g_L":0.3,"data_set_value_component_leakage_current_variable_E_L":-64.387},{"data_set_value_component_environment_variable_time":0.8,"data_set_value_component_membrane_variable_V":-75.2838342564,"data_set_value_component_membrane_variable_E_R":-75.0,"data_set_value_component_membrane_variable_Cm":1.0,"data_set_value_component_membrane_variable_i_Stim":0.0,"data_set_value_component_sodium_channel_variable_i_Na":-1.1329465855,"data_set_value_component_sodium_channel_variable_g_Na":120.0,"data_set_value_component_sodium_channel_variable_E_Na":40.0,"data_set_value_component_sodium_channel_m_gate_variable_m":0.0514827444,"data_set_value_component_sodium_channel_m_gate_variable_alpha_m":0.2192259824,"data_set_value_component_sodium_channel_m_gate_variable_beta_m":4.063574199,"data_set_value_component_sodium_channel_h_gate_variable_h":0.600170584,"data_set_value_component_sodium_channel_h_gate_variable_alpha_h":0.0710005025,"data_set_value_component_sodium_channel_h_gate_variable_beta_h":0.0461599513,"data_set_value_component_potassium_channel_variable_i_K":4.6354848973,"data_set_value_component_potassium_channel_variable_g_K":36.0,"data_set_value_component_potassium_channel_variable_E_K":-87.0,"data_set_value_component_potassium_channel_n_gate_variable_n":0.3237813211,"data_set_value_component_potassium_channel_n_gate_variable_alpha_n":0.0572424019,"data_set_value_component_potassium_channel_n_gate_variable_beta_n":0.1245572948,"data_set_value_component_leakage_current_variable_i_L":-3.2690502769,"data_set_value_component_leakage_current_variable_g_L":0.3,"data_set_value_component_leakage_current_variable_E_L":-64.387},{"data_set_value_component_environment_variable_time":0.9,"data_set_value_component_membrane_variable_V":-75.3063298624,"data_set_value_component_membrane_variable_E_R":-75.0,"data_set_value_component_membrane_variable_Cm":1.0,"data_set_value_component_membrane_variable_i_Stim":0.0,"data_set_value_component_sodium_channel_variable_i_Na":-1.124830571,"data_set_value_component_sodium_channel_variable_g_Na":120.0,"data_set_value_component_sodium_channel_variable_E_Na":40.0,"data_set_value_component_sodium_channel_m_gate_variable_m":0.0513541035,"data_set_value_component_sodium_channel_m_gate_variable_alpha_m":0.2188853409,"data_set_value_component_sodium_channel_m_gate_variable_beta_m":4.0686558495,"data_set_value_component_sodium_channel_h_gate_variable_h":0.6002432163,"data_set_value_component_sodium_channel_h_gate_variable_alpha_h":0.0710804074,"data_set_value_component_sodium_channel_h_gate_variable_beta_h":0.046061006,"data_set_value_component_potassium_channel_variable_i_K":4.6172967363,"data_set_value_component_potassium_channel_variable_g_K":36.0,"data_set_value_component_potassium_channel_variable_E_K":-87.0,"data_set_value_component_potassium_channel_n_gate_variable_n":0.323618702,"data_set_value_component_potassium_channel_n_gate_variable_alpha_n":0.057167209,"data_set_value_component_potassium_channel_n_gate_variable_beta_n":0.1245222748,"data_set_value_component_leakage_current_variable_i_L":-3.2757989587,"data_set_value_component_leakage_current_variable_g_L":0.3,"data_set_value_component_leakage_current_variable_E_L":-64.387},{"data_set_value_component_environment_variable_time":1.0,"data_set_value_component_membrane_variable_V":-75.3272041349,"data_set_value_component_membrane_variable_E_R":-75.0,"data_set_value_component_membrane_variable_Cm":1.0,"data_set_value_component_membrane_variable_i_Stim":0.0,"data_set_value_component_sodium_channel_variable_i_Na":-1.1167015023,"data_set_value_component_sodium_channel_variable_g_Na":120.0,"data_set_value_component_sodium_channel_variable_E_Na":40.0,"data_set_value_component_sodium_channel_m_gate_variable_m":0.0512247117,"data_set_value_component_sodium_channel_m_gate_variable_alpha_m":0.2185696626,"data_set_value_component_sodium_channel_m_gate_variable_beta_m":4.0733769326,"data_set_value_component_sodium_channel_h_gate_variable_h":0.6003237463,"data_set_value_component_sodium_channel_h_gate_variable_alpha_h":0.0711546337,"data_set_value_component_sodium_channel_h_gate_variable_beta_h":0.0459693726,"data_set_value_component_potassium_channel_variable_i_K":4.5997492172,"data_set_value_component_potassium_channel_variable_g_K":36.0,"data_set_value_component_potassium_channel_variable_E_K":-87.0,"data_set_value_component_potassium_channel_n_gate_variable_n":0.3234552397,"data_set_value_component_potassium_channel_n_gate_variable_alpha_n":0.0570975035,"data_set_value_component_potassium_channel_n_gate_variable_beta_n":0.1244897876,"data_set_value_component_leakage_current_variable_i_L":-3.2820612405,"data_set_value_component_leakage_current_variable_g_L":0.3,"data_set_value_component_leakage_current_variable_E_L":-64.387}]