[{"data_generator_V":-70.0,"data_generator_W":0.000025},{"data_generator_V":-69.936653,"data_generator_W":0.0000062225},{"data_generator_V":-69.936653,"data_generator_W":0.0000062225},{"data_generator_V":-69.936653,"data_generator_W":0.0000062225},{"data_generator_V":-69.936653,"data_generator_W":0.0000062225},{"data_generator_V":-69.936653,"data_generator_W":0.0000062225},{"data_generator_V":-69.936653,"data_generator_W":0.0000062225},{"data_generator_V":-69.936653,"data_generator_W":0.0000062225},{"data_generator_V":-69.936653,"data_generator_W":0.0000062225},{"data_generator_V":-69.936653,"data_generator_W":0.0000062225},{"data_generator_V":-69.936653,"data_generator_W":0.0000062225},{"data_generator_V":-69.936653,"data_generator_W":0.0000062225},{"data_generator_V":-69.936653,"data_generator_W":0.0000062225},{"data_generator_V":-69.936653,"data_generator_W":0.0000062225},{"data_generator_V":-69.936653,"data_generator_W":0.0000062225},{"data_generator_V":-69.936653,"data_generator_W":0.0000062225},{"data_generator_V":-69.936653,"data_generator_W":0.0000062225},{"data_generator_V":-69.936653,"data_generator_W":0.0000062225},{"data_generator_V":-69.936653,"data_generator_W":0.0000062225},{"data_generator_V":-69.936653,"data_generator_W":0.0000062225},{"data_generator_V":-69.936653,"data_generator_W":0.0000062225},{"data_generator_V":-69.936653,"data_generator_W":0.0000062225},{"data_generator_V":-69.936653,"data_generator_W":0.0000062225},{"data_generator_V":-69.936653,"data_generator_W":0.0000062225},{"data_generator_V":-69.936653,"data_generator_W":0.0000062225},{"data_generator_V":-69.936653,"data_generator_W":0.0000062225},{"data_generator_V":-69.936653,"data_generator_W":0.0000062225},{"data_generator_V":-69.936653,"data_generator_W":0.0000062225},{"data_generator_V":-69.936653,"data_generator_W":0.0000062225},{"data_generator_V":-69.936653,"data_generator_W":0.0000062225},{"data_generator_V":-69.936653,"data_generator_W":0.0000062225},{"data_generator_V":-69.936653,"data_generator_W":0.0000062225},{"data_generator_V":-69.936653,"data_generator_W":0.0000062225},{"data_generator_V":-69.936653,"data_generator_W":0.0000062225},{"data_generator_V":-69.936653,"data_generator_W":0.0000062225},{"data_generator_V":-69.936653,"data_generator_W":0.0000062225},{"data_generator_V":-69.936653,"data_generator_W":0.0000062225},{"data_generator_V":-69.936653,"data_generator_W":0.0000062225},{"data_generator_V":-69.936653,"data_generator_W":0.0000062225},{"data_generator_V":-69.936653,"data_generator_W":0.0000062225},{"data_generator_V":-69.936653,"data_generator_W":0.0000062225},{"data_generator_V":-69.936653,"data_generator_W":0.0000062225},{"data_generator_V":-69.936653,"data_generator_W":0.0000062225},{"data_generator_V":-69.936653,"data_generator_W":0.0000062225},{"data_generator_V":-69.936653,"data_generator_W":0.0000062225},{"data_generator_V":-69.936653,"data_generator_W":0.0000062225},{"data_generator_V":-69.936653,"data_generator_W":0.0000062225},{"data_generator_V":-69.936653,"data_generator_W":0.0000062225},{"data_generator_V":-69.936653,"data_generator_W":0.0000062225},{"data_generator_V":-69.936653,"data_generator_W":0.0000062225},{"data_generator_V":-69.936653,"data_generator_W":0.0000062225},{"data_generator_V":-69.936653,"data_generator_W":0.0000062225},{"data_generator_V":-69.936653,"data_generator_W":0.0000062225},{"data_generator_V":-69.936653,"data_generator_W":0.0000062225},{"data_generator_V":-69.936653,"data_generator_W":0.0000062225},{"data_generator_V":-69.936653,"data_generator_W":0.0000062225},{"data_generator_V":-69.936653,"data_generator_W":0.0000062225},{"data_generator_V":-69.936653,"data_generator_W":0.0000062225},{"data_generator_V":-69.936653,"data_generator_W":0.0000062225},{"data_generator_V":-69.936653,"data_generator_W":0.0000062225},{"data_generator_V":-69.936653,"data_generator_W":0.0000062225},{"data_generator_V":-69.936653,"data_generator_W":0.0000062225},{"data_generator_V":-69.936653,"data_generator_W":0.0000062225},{"data_generator_V":-69.936653,"data_generator_W":0.0000062225},{"data_generator_V":-69.936653,"data_generator_W":0.0000062225},{"data_generator_V":-69.936653,"data_generator_W":0.0000062225},{"data_generator_V":-69.936653,"data_generator_W":0.0000062225},{"data_generator_V":-69.936653,"data_generator_W":0.0000062225},{"data_generator_V":-69.936653,"data_generator_W":0.0000062225},{"data_generator_V":-69.936653,"data_generator_W":0.0000062225},{"data_generator_V":-69.936653,"data_generator_W":0.0000062225},{"data_generator_V":-69.936653,"data_generator_W":0.0000062225},{"data_generator_V":-69.936653,"data_generator_W":0.0000062225},{"data_generator_V":-69.936653,"data_generator_W":0.0000062225},{"data_generator_V":-69.936653,"data_generator_W":0.0000062225},{"data_generator_V":-69.936653,"data_generator_W":0.0000062225},{"data_generator_V":-69.936653,"data_generator_W":0.0000062225},{"data_generator_V":-69.936653,"data_generator_W":0.0000062225},{"data_generator_V":-69.936653,"data_generator_W":0.0000062225},{"data_generator_V":-69.936653,"data_generator_W":0.0000062225},{"data_generator_V":-69.936653,"data_generator_W":0.0000062225},{"data_generator_V":-69.936653,"data_generator_W":0.0000062225},{"data_generator_V":-69.936653,"data_generator_W":0.0000062225},{"data_generator_V":-69.936653,"data_generator_W":0.0000062225},{"data_generator_V":-69.936653,"data_generator_W":0.0000062225},{"data_generator_V":-69.936653,"data_generator_W":0.0000062225},{"data_generator_V":-69.936653,"data_generator_W":0.0000062225},{"data_generator_V":-69.936653,"data_generator_W":0.0000062225},{"data_generator_V":-69.936653,"data_generator_W":0.0000062225},{"data_generator_V":-69.936653,"data_generator_W":0.0000062225},{"data_generator_V":-69.936653,"data_generator_W":0.0000062225},{"data_generator_V":-69.936653,"data_generator_W":0.0000062225},{"data_generator_V":-69.936653,"data_generator_W":0.0000062225},{"data_generator_V":-69.936653,"data_generator_W":0.0000062225},{"data_generator_V":-69.936653,"data_generator_W":0.0000062225},{"data_generator_V":-69.936653,"data_generator_W":0.0000062225},{"data_generator_V":-69.936653,"data_generator_W":0.0000062225},{"data_generator_V":-69.936653,"data_generator_W":0.0000062225},{"data_generator_V":-69.936653,"data_generator_W":0.0000062225},{"data_generator_V":-69.936653,"data_generator_W":0.0000062225},{"data_generator_V":-69.936653,"data_generator_W":0.0000062225},{"data_generator_V":-69.936653,"data_generator_W":0.0000062225},{"data_generator_V":-69.936653,"data_generator_W":0.0000062225},{"data_generator_V":-69.936653,"data_generator_W":0.0000062225},{"data_generator_V":-69.936653,"data_generator_W":0.0000062225},{"data_generator_V":-69.936653,"data_generator_W":0.0000062225},{"data_generator_V":-69.936653,"data_generator_W":0.0000062225},{"data_generator_V":-69.936653,"data_generator_W":0.0000062225},{"data_generator_V":-69.936653,"data_generator_W":0.0000062225},{"data_generator_V":-69.936653,"data_generator_W":0.0000062225},{"data_generator_V":-69.936653,"data_generator_W":0.0000062225},{"data_generator_V":-69.936653,"data_generator_W":0.0000062225},{"data_generator_V":-69.936653,"data_generator_W":0.0000062225},{"data_generator_V":-69.936653,"data_generator_W":0.0000062225},{"data_generator_V":-69.936653,"data_generator_W":0.0000062225},{"data_generator_V":-69.936653,"data_generator_W":0.0000062225},{"data_generator_V":-69.936653,"data_generator_W":0.0000062225},{"data_generator_V":-69.936653,"data_generator_W":0.0000062225},{"data_generator_V":-69.936653,"data_generator_W":0.0000062225},{"data_generator_V":-69.936653,"data_generator_W":0.0000062225},{"data_generator_V":-69.936653,"data_generator_W":0.0000062225},{"data_generator_V":-69.936653,"data_generator_W":0.0000062225},{"data_generator_V":-69.936653,"data_generator_W":0.0000062225},{"data_generator_V":-69.936653,"data_generator_W":0.0000062225},{"data_generator_V":-69.936653,"data_generator_W":0.0000062225},{"data_generator_V":-69.936653,"data_generator_W":0.0000062225},{"data_generator_V":-69.936653,"data_generator_W":0.0000062225},{"data_generator_V":-69.936653,"data_generator_W":0.0000062225},{"data_generator_V":-69.936653,"data_generator_W":0.0000062225},{"data_generator_V":-69.936653,"data_generator_W":0.0000062225},{"data_generator_V":-69.936653,"data_generator_W":0.0000062225},{"data_generator_V":-69.936653,"data_generator_W":0.0000062225},{"data_generator_V":-69.936653,"data_generator_W":0.0000062225},{"data_generator_V":-69.936653,"data_generator_W":0.0000062225},{"data_generator_V":-69.936653,"data_generator_W":0.0000062225},{"data_generator_V":-69.936653,"data_generator_W":0.0000062225},{"data_generator_V":-69.936653,"data_generator_W":0.0000062225},{"data_generator_V":-69.936653,"data_generator_W":0.0000062225},{"data_generator_V":-69.936653,"data_generator_W":0.0000062225},{"data_generator_V":-69.936653,"data_generator_W":0.0000062225},{"data_generator_V":-69.936653,"data_generator_W":0.0000062225},{"data_generator_V":-69.936653,"data_generator_W":0.0000062225},{"data_generator_V":-69.936653,"data_generator_W":0.0000062225},{"data_generator_V":-69.936653,"data_generator_W":0.0000062225},{"data_generator_V":-69.936653,"data_generator_W":0.0000062225},{"data_generator_V":-69.936653,"data_generator_W":0.0000062225},{"data_generator_V":-69.936653,"data_generator_W":0.0000062225},{"data_generator_V":-69.936653,"data_generator_W":0.0000062225},{"data_generator_V":-69.936653,"data_generator_W":0.0000062225},{"data_generator_V":-69.936653,"data_generator_W":0.0000062225},{"data_generator_V":-69.936653,"data_generator_W":0.0000062225},{"data_generator_V":-69.936653,"data_generator_W":0.0000062225},{"data_generator_V":-69.936653,"data_generator_W":0.0000062225},{"data_generator_V":-69.936653,"data_generator_W":0.0000062225},{"data_generator_V":-69.936653,"data_generator_W":0.0000062225},{"data_generator_V":-69.936653,"data_generator_W":0.0000062225},{"data_generator_V":-69.936653,"data_generator_W":0.0000062225},{"data_generator_V":-69.936653,"data_generator_W":0.0000062225},{"data_generator_V":-69.936653,"data_generator_W":0.0000062225},{"data_generator_V":-69.936653,"data_generator_W":0.0000062225},{"data_generator_V":-69.936653,"data_generator_W":0.0000062225},{"data_generator_V":-69.936653,"data_generator_W":0.0000062225},{"data_generator_V":-69.936653,"data_generator_W":0.0000062225},{"data_generator_V":-69.936653,"data_generator_W":0.0000062225},{"data_generator_V":-69.936653,"data_generator_W":0.0000062225},{"data_generator_V":-69.936653,"data_generator_W":0.0000062225},{"data_generator_V":-69.936653,"data_generator_W":0.0000062225},{"data_generator_V":-69.936653,"data_generator_W":0.0000062225},{"data_generator_V":-69.936653,"data_generator_W":0.0000062225},{"data_generator_V":-69.936653,"data_generator_W":0.0000062225},{"data_generator_V":-69.936653,"data_generator_W":0.0000062225},{"data_generator_V":-69.936653,"data_generator_W":0.0000062225},{"data_generator_V":-69.936653,"data_generator_W":0.0000062225},{"data_generator_V":-69.936653,"data_generator_W":0.0000062225},{"data_generator_V":-69.936653,"data_generator_W":0.0000062225},{"data_generator_V":-69.936653,"data_generator_W":0.0000062225},{"data_generator_V":-69.936653,"data_generator_W":0.0000062225},{"data_generator_V":-69.936653,"data_generator_W":0.0000062225},{"data_generator_V":-69.936653,"data_generator_W":0.0000062225},{"data_generator_V":-69.936653,"data_generator_W":0.0000062225},{"data_generator_V":-69.936653,"data_generator_W":0.0000062225},{"data_generator_V":-69.936653,"data_generator_W":0.0000062225},{"data_generator_V":-69.936653,"data_generator_W":0.0000062225},{"data_generator_V":-69.936653,"data_generator_W":0.0000062225},{"data_generator_V":-69.936653,"data_generator_W":0.0000062225},{"data_generator_V":-69.936653,"data_generator_W":0.0000062225},{"data_generator_V":-69.936653,"data_generator_W":0.0000062225},{"data_generator_V":-69.936653,"data_generator_W":0.0000062225},{"data_generator_V":-69.936653,"data_generator_W":0.0000062225},{"data_generator_V":-69.936653,"data_generator_W":0.0000062225},{"data_generator_V":-69.936653,"data_generator_W":0.0000062225},{"data_generator_V":-69.936653,"data_generator_W":0.0000062225},{"data_generator_V":-69.936653,"data_generator_W":0.0000062225},{"data_generator_V":-69.936653,"data_generator_W":0.0000062225},{"data_generator_V":-69.936653,"data_generator_W":0.0000062225},{"data_generator_V":-69.936653,"data_generator_W":0.0000062225},{"data_generator_V":-69.936653,"data_generator_W":0.0000062225},{"data_generator_V":-69.936653,"data_generator_W":0.0000062225},{"data_generator_V":-69.936653,"data_generator_W":0.0000062225},{"data_generator_V":-69.936653,"data_generator_W":0.0000062225},{"data_generator_V":-69.936653,"data_generator_W":0.0000062225},{"data_generator_V":-69.936653,"data_generator_W":0.0000062225},{"data_generator_V":-69.936653,"data_generator_W":0.0000062225},{"data_generator_V":-69.936653,"data_generator_W":0.0000062225},{"data_generator_V":-69.936653,"data_generator_W":0.0000062225},{"data_generator_V":-69.936653,"data_generator_W":0.0000062225},{"data_generator_V":-69.936653,"data_generator_W":0.0000062225},{"data_generator_V":-69.936653,"data_generator_W":0.0000062225},{"data_generator_V":-69.936653,"data_generator_W":0.0000062225},{"data_generator_V":-69.936653,"data_generator_W":0.0000062225},{"data_generator_V":-69.936653,"data_generator_W":0.0000062225},{"data_generator_V":-69.936653,"data_generator_W":0.0000062225},{"data_generator_V":-69.936653,"data_generator_W":0.0000062225},{"data_generator_V":-69.936653,"data_generator_W":0.0000062225},{"data_generator_V":-69.936653,"data_generator_W":0.0000062225},{"data_generator_V":-69.936653,"data_generator_W":0.0000062225},{"data_generator_V":-69.936653,"data_generator_W":0.0000062225},{"data_generator_V":-69.936653,"data_generator_W":0.0000062225},{"data_generator_V":-69.936653,"data_generator_W":0.0000062225},{"data_generator_V":-69.936653,"data_generator_W":0.0000062225},{"data_generator_V":-69.936653,"data_generator_W":0.0000062225},{"data_generator_V":-69.936653,"data_generator_W":0.0000062225},{"data_generator_V":-69.936653,"data_generator_W":0.0000062225},{"data_generator_V":-69.936653,"data_generator_W":0.0000062225},{"data_generator_V":-69.936653,"data_generator_W":0.0000062225},{"data_generator_V":-69.936653,"data_generator_W":0.0000062225},{"data_generator_V":-69.936653,"data_generator_W":0.0000062225},{"data_generator_V":-69.936653,"data_generator_W":0.0000062225},{"data_generator_V":-69.936653,"data_generator_W":0.0000062225},{"data_generator_V":-69.936653,"data_generator_W":0.0000062225},{"data_generator_V":-69.936653,"data_generator_W":0.0000062225},{"data_generator_V":-69.936653,"data_generator_W":0.0000062225},{"data_generator_V":-69.936653,"data_generator_W":0.0000062225},{"data_generator_V":-69.936653,"data_generator_W":0.0000062225},{"data_generator_V":-69.936653,"data_generator_W":0.0000062225},{"data_generator_V":-69.936653,"data_generator_W":0.0000062225},{"data_generator_V":-69.936653,"data_generator_W":0.0000062225},{"data_generator_V":-69.936653,"data_generator_W":0.0000062225},{"data_generator_V":-69.936653,"data_generator_W":0.0000062225},{"data_generator_V":-69.936653,"data_generator_W":0.0000062225},{"data_generator_V":-69.936653,"data_generator_W":0.0000062225},{"data_generator_V":-69.936653,"data_generator_W":0.0000062225},{"data_generator_V":-69.936653,"data_generator_W":0.0000062225},{"data_generator_V":-69.936653,"data_generator_W":0.0000062225},{"data_generator_V":-69.936653,"data_generator_W":0.0000062225},{"data_generator_V":-69.936653,"data_generator_W":0.0000062225},{"data_generator_V":-69.936653,"data_generator_W":0.0000062225},{"data_generator_V":-69.936653,"data_generator_W":0.0000062225},{"data_generator_V":-69.936653,"data_generator_W":0.0000062225},{"data_generator_V":-69.936653,"data_generator_W":0.0000062225},{"data_generator_V":-69.936653,"data_generator_W":0.0000062225},{"data_generator_V":-69.936653,"data_generator_W":0.0000062225},{"data_generator_V":-69.936653,"data_generator_W":0.0000062225},{"data_generator_V":-69.936653,"data_generator_W":0.0000062225},{"data_generator_V":-69.936653,"data_generator_W":0.0000062225},{"data_generator_V":-69.936653,"data_generator_W":0.0000062225},{"data_generator_V":-69.936653,"data_generator_W":0.0000062225},{"data_generator_V":-69.936653,"data_generator_W":0.0000062225},{"data_generator_V":-69.936653,"data_generator_W":0.0000062225},{"data_generator_V":-69.936653,"data_generator_W":0.0000062225},{"data_generator_V":-69.936653,"data_generator_W":0.0000062225},{"data_generator_V":-69.936653,"data_generator_W":0.0000062225},{"data_generator_V":-69.936653,"data_generator_W":0.0000062225},{"data_generator_V":-69.936653,"data_generator_W":0.0000062225},{"data_generator_V":-69.936653,"data_generator_W":0.0000062225},{"data_generator_V":-69.936653,"data_generator_W":0.0000062225},{"data_generator_V":-69.936653,"data_generator_W":0.0000062225},{"data_generator_V":-69.936653,"data_generator_W":0.0000062225},{"data_generator_V":-69.936653,"data_generator_W":0.0000062225},{"data_generator_V":-69.936653,"data_generator_W":0.0000062225},{"data_generator_V":-69.936653,"data_generator_W":0.0000062225},{"data_generator_V":-69.936653,"data_generator_W":0.0000062225},{"data_generator_V":-69.936653,"data_generator_W":0.0000062225},{"data_generator_V":-69.936653,"data_generator_W":0.0000062225},{"data_generator_V":-69.936653,"data_generator_W":0.0000062225},{"data_generator_V":-69.936653,"data_generator_W":0.0000062225},{"data_generator_V":-69.936653,"data_generator_W":0.0000062225},{"data_generator_V":-69.936653,"data_generator_W":0.0000062225},{"data_generator_V":-69.936653,"data_generator_W":0.0000062225},{"data_generator_V":-69.936653,"data_generator_W":0.0000062225},{"data_generator_V":-69.936653,"data_generator_W":0.0000062225},{"data_generator_V":-69.936653,"data_generator_W":0.0000062225},{"data_generator_V":-69.936653,"data_generator_W":0.0000062225},{"data_generator_V":-69.936653,"data_generator_W":0.0000062225},{"data_generator_V":-69.936653,"data_generator_W":0.0000062225},{"data_generator_V":-69.936653,"data_generator_W":0.0000062225},{"data_generator_V":-69.936653,"data_generator_W":0.0000062225},{"data_generator_V":-69.936653,"data_generator_W":0.0000062225},{"data_generator_V":-69.936653,"data_generator_W":0.0000062225},{"data_generator_V":-69.936653,"data_generator_W":0.0000062225},{"data_generator_V":-69.936653,"data_generator_W":0.0000062225},{"data_generator_V":-69.936653,"data_generator_W":0.0000062225},{"data_generator_V":-69.936653,"data_generator_W":0.0000062225},{"data_generator_V":-69.936653,"data_generator_W":0.0000062225},{"data_generator_V":-69.936653,"data_generator_W":0.0000062225},{"data_generator_V":-69.936653,"data_generator_W":0.0000062225},{"data_generator_V":-69.936653,"data_generator_W":0.0000062225},{"data_generator_V":-69.936653,"data_generator_W":0.0000062225},{"data_generator_V":-69.936653,"data_generator_W":0.0000062225},{"data_generator_V":-69.936653,"data_generator_W":0.0000062225},{"data_generator_V":-69.936653,"data_generator_W":0.0000062225},{"data_generator_V":-69.936653,"data_generator_W":0.0000062225},{"data_generator_V":-69.936653,"data_generator_W":0.0000062225},{"data_generator_V":-69.936653,"data_generator_W":0.0000062225},{"data_generator_V":-69.936653,"data_generator_W":0.0000062225},{"data_generator_V":-69.936653,"data_generator_W":0.0000062225},{"data_generator_V":-69.936653,"data_generator_W":0.0000062225},{"data_generator_V":-69.936653,"data_generator_W":0.0000062225},{"data_generator_V":-69.936653,"data_generator_W":0.0000062225},{"data_generator_V":-69.936653,"data_generator_W":0.0000062225},{"data_generator_V":-69.936653,"data_generator_W":0.0000062225},{"data_generator_V":-69.936653,"data_generator_W":0.0000062225},{"data_generator_V":-69.936653,"data_generator_W":0.0000062225},{"data_generator_V":-69.936653,"data_generator_W":0.0000062225},{"data_generator_V":-69.936653,"data_generator_W":0.0000062225},{"data_generator_V":-69.936653,"data_generator_W":0.0000062225},{"data_generator_V":-69.936653,"data_generator_W":0.0000062225},{"data_generator_V":-69.936653,"data_generator_W":0.0000062225},{"data_generator_V":-69.936653,"data_generator_W":0.0000062225},{"data_generator_V":-69.936653,"data_generator_W":0.0000062225},{"data_generator_V":-69.936653,"data_generator_W":0.0000062225},{"data_generator_V":-69.936653,"data_generator_W":0.0000062225},{"data_generator_V":-69.936653,"data_generator_W":0.0000062225},{"data_generator_V":-69.936653,"data_generator_W":0.0000062225},{"data_generator_V":-69.936653,"data_generator_W":0.0000062225},{"data_generator_V":-69.936653,"data_generator_W":0.0000062225},{"data_generator_V":-69.936653,"data_generator_W":0.0000062225},{"data_generator_V":-69.936653,"data_generator_W":0.0000062225},{"data_generator_V":-69.936653,"data_generator_W":0.0000062225},{"data_generator_V":-69.936653,"data_generator_W":0.0000062225},{"data_generator_V":-69.936653,"data_generator_W":0.0000062225},{"data_generator_V":-69.936653,"data_generator_W":0.0000062225},{"data_generator_V":-69.936653,"data_generator_W":0.0000062225},{"data_generator_V":-69.936653,"data_generator_W":0.0000062225},{"data_generator_V":-69.936653,"data_generator_W":0.0000062225},{"data_generator_V":-69.936653,"data_generator_W":0.0000062225},{"data_generator_V":-69.936653,"data_generator_W":0.0000062225},{"data_generator_V":-69.936653,"data_generator_W":0.0000062225},{"data_generator_V":-69.936653,"data_generator_W":0.0000062225},{"data_generator_V":-69.936653,"data_generator_W":0.0000062225},{"data_generator_V":-69.936653,"data_generator_W":0.0000062225},{"data_generator_V":-69.936653,"data_generator_W":0.0000062225},{"data_generator_V":-69.936653,"data_generator_W":0.0000062225},{"data_generator_V":-69.936653,"data_generator_W":0.0000062225},{"data_generator_V":-69.936653,"data_generator_W":0.0000062225},{"data_generator_V":-69.936653,"data_generator_W":0.0000062225},{"data_generator_V":-69.936653,"data_generator_W":0.0000062225},{"data_generator_V":-69.936653,"data_generator_W":0.0000062225},{"data_generator_V":-69.936653,"data_generator_W":0.0000062225},{"data_generator_V":-69.936653,"data_generator_W":0.0000062225},{"data_generator_V":-69.936653,"data_generator_W":0.0000062225},{"data_generator_V":-69.936653,"data_generator_W":0.0000062225},{"data_generator_V":-69.936653,"data_generator_W":0.0000062225},{"data_generator_V":-69.936653,"data_generator_W":0.0000062225},{"data_generator_V":-69.936653,"data_generator_W":0.0000062225},{"data_generator_V":-69.936653,"data_generator_W":0.0000062225},{"data_generator_V":-69.936653,"data_generator_W":0.0000062225},{"data_generator_V":-69.936653,"data_generator_W":0.0000062225},{"data_generator_V":-69.936653,"data_generator_W":0.0000062225},{"data_generator_V":-69.936653,"data_generator_W":0.0000062225},{"data_generator_V":-69.936653,"data_generator_W":0.0000062225},{"data_generator_V":-69.936653,"data_generator_W":0.0000062225},{"data_generator_V":-69.936653,"data_generator_W":0.0000062225},{"data_generator_V":-69.936653,"data_generator_W":0.0000062225},{"data_generator_V":-69.936653,"data_generator_W":0.0000062225},{"data_generator_V":-69.936653,"data_generator_W":0.0000062225},{"data_generator_V":-69.936653,"data_generator_W":0.0000062225},{"data_generator_V":-69.936653,"data_generator_W":0.0000062225},{"data_generator_V":-69.936653,"data_generator_W":0.0000062225},{"data_generator_V":-69.936653,"data_generator_W":0.0000062225},{"data_generator_V":-69.936653,"data_generator_W":0.0000062225},{"data_generator_V":-69.936653,"data_generator_W":0.0000062225},{"data_generator_V":-69.936653,"data_generator_W":0.0000062225},{"data_generator_V":-69.936653,"data_generator_W":0.0000062225},{"data_generator_V":-69.936653,"data_generator_W":0.0000062225},{"data_generator_V":-69.936653,"data_generator_W":0.0000062225},{"data_generator_V":-69.936653,"data_generator_W":0.0000062225},{"data_generator_V":-69.936653,"data_generator_W":0.0000062225},{"data_generator_V":-69.936653,"data_generator_W":0.0000062225},{"data_generator_V":-69.936653,"data_generator_W":0.0000062225},{"data_generator_V":-69.936653,"data_generator_W":0.0000062225},{"data_generator_V":-69.936653,"data_generator_W":0.0000062225},{"data_generator_V":-69.936653,"data_generator_W":0.0000062225},{"data_generator_V":-69.936653,"data_generator_W":0.0000062225},{"data_generator_V":-69.936653,"data_generator_W":0.0000062225},{"data_generator_V":-69.936653,"data_generator_W":0.0000062225},{"data_generator_V":-69.936653,"data_generator_W":0.0000062225},{"data_generator_V":-69.936653,"data_generator_W":0.0000062225},{"data_generator_V":-69.936653,"data_generator_W":0.0000062225},{"data_generator_V":-69.936653,"data_generator_W":0.0000062225},{"data_generator_V":-69.936653,"data_generator_W":0.0000062225},{"data_generator_V":-69.936653,"data_generator_W":0.0000062225},{"data_generator_V":-69.936653,"data_generator_W":0.0000062225},{"data_generator_V":-69.936653,"data_generator_W":0.0000062225},{"data_generator_V":-69.936653,"data_generator_W":0.0000062225},{"data_generator_V":-69.936653,"data_generator_W":0.0000062225},{"data_generator_V":-69.936653,"data_generator_W":0.0000062225},{"data_generator_V":-69.936653,"data_generator_W":0.0000062225},{"data_generator_V":-69.936653,"data_generator_W":0.0000062225},{"data_generator_V":-69.936653,"data_generator_W":0.0000062225},{"data_generator_V":-69.936653,"data_generator_W":0.0000062225},{"data_generator_V":-69.936653,"data_generator_W":0.0000062225},{"data_generator_V":-69.936653,"data_generator_W":0.0000062225},{"data_generator_V":-69.936653,"data_generator_W":0.0000062225},{"data_generator_V":-69.936653,"data_generator_W":0.0000062225},{"data_generator_V":-69.936653,"data_generator_W":0.0000062225},{"data_generator_V":-69.936653,"data_generator_W":0.0000062225},{"data_generator_V":-69.936653,"data_generator_W":0.0000062225},{"data_generator_V":-69.936653,"data_generator_W":0.0000062225},{"data_generator_V":-69.936653,"data_generator_W":0.0000062225},{"data_generator_V":-69.936653,"data_generator_W":0.0000062225},{"data_generator_V":-69.936653,"data_generator_W":0.0000062225},{"data_generator_V":-69.936653,"data_generator_W":0.0000062225},{"data_generator_V":-69.936653,"data_generator_W":0.0000062225},{"data_generator_V":-69.936653,"data_generator_W":0.0000062225},{"data_generator_V":-69.936653,"data_generator_W":0.0000062225},{"data_generator_V":-69.936653,"data_generator_W":0.0000062225},{"data_generator_V":-69.936653,"data_generator_W":0.0000062225},{"data_generator_V":-69.936653,"data_generator_W":0.0000062225},{"data_generator_V":-69.936653,"data_generator_W":0.0000062225},{"data_generator_V":-69.936653,"data_generator_W":0.0000062225},{"data_generator_V":-69.936653,"data_generator_W":0.0000062225},{"data_generator_V":-69.936653,"data_generator_W":0.0000062225},{"data_generator_V":-69.936653,"data_generator_W":0.0000062225},{"data_generator_V":-69.936653,"data_generator_W":0.0000062225},{"data_generator_V":-69.936653,"data_generator_W":0.0000062225},{"data_generator_V":-69.936653,"data_generator_W":0.0000062225},{"data_generator_V":-69.936653,"data_generator_W":0.0000062225},{"data_generator_V":-69.936653,"data_generator_W":0.0000062225},{"data_generator_V":-69.936653,"data_generator_W":0.0000062225},{"data_generator_V":-69.936653,"data_generator_W":0.0000062225},{"data_generator_V":-69.936653,"data_generator_W":0.0000062225},{"data_generator_V":-69.936653,"data_generator_W":0.0000062225},{"data_generator_V":-69.936653,"data_generator_W":0.0000062225},{"data_generator_V":-69.936653,"data_generator_W":0.0000062225},{"data_generator_V":-69.936653,"data_generator_W":0.0000062225},{"data_generator_V":-69.936653,"data_generator_W":0.0000062225},{"data_generator_V":-69.936653,"data_generator_W":0.0000062225},{"data_generator_V":-69.936653,"data_generator_W":0.0000062225},{"data_generator_V":-69.936653,"data_generator_W":0.0000062225},{"data_generator_V":-69.936653,"data_generator_W":0.0000062225},{"data_generator_V":-69.936653,"data_generator_W":0.0000062225},{"data_generator_V":-69.936653,"data_generator_W":0.0000062225},{"data_generator_V":-69.936653,"data_generator_W":0.0000062225},{"data_generator_V":-69.936653,"data_generator_W":0.0000062225},{"data_generator_V":-69.936653,"data_generator_W":0.0000062225},{"data_generator_V":-69.936653,"data_generator_W":0.0000062225},{"data_generator_V":-69.936653,"data_generator_W":0.0000062225},{"data_generator_V":-69.936653,"data_generator_W":0.0000062225},{"data_generator_V":-69.936653,"data_generator_W":0.0000062225},{"data_generator_V":-69.936653,"data_generator_W":0.0000062225},{"data_generator_V":-69.936653,"data_generator_W":0.0000062225},{"data_generator_V":-69.936653,"data_generator_W":0.0000062225},{"data_generator_V":-69.936653,"data_generator_W":0.0000062225},{"data_generator_V":-69.936653,"data_generator_W":0.0000062225},{"data_generator_V":-69.936653,"data_generator_W":0.0000062225},{"data_generator_V":-69.936653,"data_generator_W":0.0000062225},{"data_generator_V":-69.936653,"data_generator_W":0.0000062225},{"data_generator_V":-69.936653,"data_generator_W":0.0000062225},{"data_generator_V":-69.936653,"data_generator_W":0.0000062225},{"data_generator_V":-69.936653,"data_generator_W":0.0000062225},{"data_generator_V":-69.936653,"data_generator_W":0.0000062225},{"data_generator_V":-69.936653,"data_generator_W":0.0000062225},{"data_generator_V":-69.936653,"data_generator_W":0.0000062225},{"data_generator_V":-69.936653,"data_generator_W":0.0000062225},{"data_generator_V":-69.936653,"data_generator_W":0.0000062225},{"data_generator_V":-69.936653,"data_generator_W":0.0000062225},{"data_generator_V":-69.936653,"data_generator_W":0.0000062225},{"data_generator_V":-69.936653,"data_generator_W":0.0000062225},{"data_generator_V":-69.936653,"data_generator_W":0.0000062225},{"data_generator_V":-69.936653,"data_generator_W":0.0000062225},{"data_generator_V":-69.936653,"data_generator_W":0.0000062225},{"data_generator_V":-69.936653,"data_generator_W":0.0000062225},{"data_generator_V":-69.936653,"data_generator_W":0.0000062225},{"data_generator_V":-69.936653,"data_generator_W":0.0000062225},{"data_generator_V":-69.936653,"data_generator_W":0.0000062225},{"data_generator_V":-69.936653,"data_generator_W":0.0000062225},{"data_generator_V":-69.936653,"data_generator_W":0.0000062225},{"data_generator_V":-69.936653,"data_generator_W":0.0000062225},{"data_generator_V":-69.936653,"data_generator_W":0.0000062225},{"data_generator_V":-69.936653,"data_generator_W":0.0000062225},{"data_generator_V":-69.936653,"data_generator_W":0.0000062225},{"data_generator_V":-69.936653,"data_generator_W":0.0000062225},{"data_generator_V":-69.936653,"data_generator_W":0.0000062225},{"data_generator_V":-69.936653,"data_generator_W":0.0000062225},{"data_generator_V":-69.936653,"data_generator_W":0.0000062225},{"data_generator_V":-69.936653,"data_generator_W":0.0000062225},{"data_generator_V":-69.936653,"data_generator_W":0.0000062225},{"data_generator_V":-69.936653,"data_generator_W":0.0000062225},{"data_generator_V":-69.936653,"data_generator_W":0.0000062225},{"data_generator_V":-69.936653,"data_generator_W":0.0000062225},{"data_generator_V":-69.936653,"data_generator_W":0.0000062225},{"data_generator_V":-69.936653,"data_generator_W":0.0000062225},{"data_generator_V":-69.936653,"data_generator_W":0.0000062225},{"data_generator_V":-69.936653,"data_generator_W":0.0000062225},{"data_generator_V":-69.936653,"data_generator_W":0.0000062225},{"data_generator_V":-69.936653,"data_generator_W":0.0000062225},{"data_generator_V":-69.936653,"data_generator_W":0.0000062225},{"data_generator_V":-69.936653,"data_generator_W":0.0000062225},{"data_generator_V":-69.936653,"data_generator_W":0.0000062225},{"data_generator_V":-69.936653,"data_generator_W":0.0000062225},{"data_generator_V":-69.936653,"data_generator_W":0.0000062225},{"data_generator_V":-69.936653,"data_generator_W":0.0000062225},{"data_generator_V":-69.936653,"data_generator_W":0.0000062225},{"data_generator_V":-69.936653,"data_generator_W":0.0000062225},{"data_generator_V":-69.936653,"data_generator_W":0.0000062225},{"data_generator_V":-69.936653,"data_generator_W":0.0000062225},{"data_generator_V":-69.936653,"data_generator_W":0.0000062225},{"data_generator_V":-69.936653,"data_generator_W":0.0000062225},{"data_generator_V":-69.936653,"data_generator_W":0.0000062225},{"data_generator_V":-69.936653,"data_generator_W":0.0000062225},{"data_generator_V":-69.936653,"data_generator_W":0.0000062225},{"data_generator_V":-69.936653,"data_generator_W":0.0000062225},{"data_generator_V":-69.936653,"data_generator_W":0.0000062225},{"data_generator_V":-69.936653,"data_generator_W":0.0000062225},{"data_generator_V":-69.936653,"data_generator_W":0.0000062225},{"data_generator_V":-69.936653,"data_generator_W":0.0000062225},{"data_generator_V":-69.936653,"data_generator_W":0.0000062225},{"data_generator_V":-69.936653,"data_generator_W":0.0000062225},{"data_generator_V":-69.936653,"data_generator_W":0.0000062225},{"data_generator_V":-69.936653,"data_generator_W":0.0000062225},{"data_generator_V":-69.936653,"data_generator_W":0.0000062225},{"data_generator_V":-69.936653,"data_generator_W":0.0000062225},{"data_generator_V":-69.936653,"data_generator_W":0.0000062225},{"data_generator_V":-69.936653,"data_generator_W":0.0000062225},{"data_generator_V":-69.936653,"data_generator_W":0.0000062225},{"data_generator_V":-69.936653,"data_generator_W":0.0000062225},{"data_generator_V":-69.936653,"data_generator_W":0.0000062225},{"data_generator_V":-69.936653,"data_generator_W":0.0000062225},{"data_generator_V":-69.936653,"data_generator_W":0.0000062225},{"data_generator_V":-69.936653,"data_generator_W":0.0000062225},{"data_generator_V":-69.936653,"data_generator_W":0.0000062225},{"data_generator_V":-69.936653,"data_generator_W":0.0000062225},{"data_generator_V":-69.936653,"data_generator_W":0.0000062225},{"data_generator_V":-69.936653,"data_generator_W":0.0000062225},{"data_generator_V":-69.936653,"data_generator_W":0.0000062225},{"data_generator_V":-69.936653,"data_generator_W":0.0000062225},{"data_generator_V":-69.936653,"data_generator_W":0.0000062225},{"data_generator_V":-69.936653,"data_generator_W":0.0000062225},{"data_generator_V":-69.936653,"data_generator_W":0.0000062225},{"data_generator_V":-69.936653,"data_generator_W":0.0000062225},{"data_generator_V":-69.936653,"data_generator_W":0.0000062225},{"data_generator_V":-69.936653,"data_generator_W":0.0000062225},{"data_generator_V":-69.936653,"data_generator_W":0.0000062225},{"data_generator_V":-69.936653,"data_generator_W":0.0000062225},{"data_generator_V":-69.936653,"data_generator_W":0.0000062225},{"data_generator_V":-69.936653,"data_generator_W":0.0000062225},{"data_generator_V":-69.936653,"data_generator_W":0.0000062225},{"data_generator_V":-69.936653,"data_generator_W":0.0000062225},{"data_generator_V":-69.936653,"data_generator_W":0.0000062225},{"data_generator_V":-69.936653,"data_generator_W":0.0000062225},{"data_generator_V":-69.936653,"data_generator_W":0.0000062225},{"data_generator_V":-69.936653,"data_generator_W":0.0000062225},{"data_generator_V":-69.936653,"data_generator_W":0.0000062225},{"data_generator_V":-69.936653,"data_generator_W":0.0000062225},{"data_generator_V":-69.936653,"data_generator_W":0.0000062225},{"data_generator_V":-69.936653,"data_generator_W":0.0000062225},{"data_generator_V":-69.936653,"data_generator_W":0.0000062225},{"data_generator_V":-69.936653,"data_generator_W":0.0000062225},{"data_generator_V":-69.936653,"data_generator_W":0.0000062225},{"data_generator_V":-69.936653,"data_generator_W":0.0000062225},{"data_generator_V":-69.936653,"data_generator_W":0.0000062225},{"data_generator_V":-69.936653,"data_generator_W":0.0000062225},{"data_generator_V":-69.936653,"data_generator_W":0.0000062225},{"data_generator_V":-69.936653,"data_generator_W":0.0000062225},{"data_generator_V":-69.936653,"data_generator_W":0.0000062225},{"data_generator_V":-69.936653,"data_generator_W":0.0000062225},{"data_generator_V":-69.936653,"data_generator_W":0.0000062225},{"data_generator_V":-69.936653,"data_generator_W":0.0000062225},{"data_generator_V":-69.936653,"data_generator_W":0.0000062225},{"data_generator_V":-69.936653,"data_generator_W":0.0000062225},{"data_generator_V":-69.936653,"data_generator_W":0.0000062225},{"data_generator_V":-69.936653,"data_generator_W":0.0000062225},{"data_generator_V":-69.936653,"data_generator_W":0.0000062225},{"data_generator_V":-69.936653,"data_generator_W":0.0000062225},{"data_generator_V":-69.936653,"data_generator_W":0.0000062225},{"data_generator_V":-69.936653,"data_generator_W":0.0000062225},{"data_generator_V":-69.936653,"data_generator_W":0.0000062225},{"data_generator_V":-69.936653,"data_generator_W":0.0000062225},{"data_generator_V":-69.936653,"data_generator_W":0.0000062225},{"data_generator_V":-69.936653,"data_generator_W":0.0000062225},{"data_generator_V":-69.936653,"data_generator_W":0.0000062225},{"data_generator_V":-69.936653,"data_generator_W":0.0000062225},{"data_generator_V":-69.936653,"data_generator_W":0.0000062225},{"data_generator_V":-69.936653,"data_generator_W":0.0000062225},{"data_generator_V":-69.936653,"data_generator_W":0.0000062225},{"data_generator_V":-69.936653,"data_generator_W":0.0000062225},{"data_generator_V":-69.936653,"data_generator_W":0.0000062225},{"data_generator_V":-69.936653,"data_generator_W":0.0000062225},{"data_generator_V":-69.936653,"data_generator_W":0.0000062225},{"data_generator_V":-69.936653,"data_generator_W":0.0000062225},{"data_generator_V":-69.936653,"data_generator_W":0.0000062225},{"data_generator_V":-69.936653,"data_generator_W":0.0000062225},{"data_generator_V":-69.936653,"data_generator_W":0.0000062225},{"data_generator_V":-69.936653,"data_generator_W":0.0000062225},{"data_generator_V":-69.936653,"data_generator_W":0.0000062225},{"data_generator_V":-69.936653,"data_generator_W":0.0000062225},{"data_generator_V":-69.936653,"data_generator_W":0.0000062225},{"data_generator_V":-69.936653,"data_generator_W":0.0000062225},{"data_generator_V":-69.936653,"data_generator_W":0.0000062225},{"data_generator_V":-69.936653,"data_generator_W":0.0000062225},{"data_generator_V":-69.936653,"data_generator_W":0.0000062225},{"data_generator_V":-69.936653,"data_generator_W":0.0000062225},{"data_generator_V":-69.936653,"data_generator_W":0.0000062225},{"data_generator_V":-69.936653,"data_generator_W":0.0000062225},{"data_generator_V":-69.936653,"data_generator_W":0.0000062225},{"data_generator_V":-69.936653,"data_generator_W":0.0000062225},{"data_generator_V":-69.936653,"data_generator_W":0.0000062225},{"data_generator_V":-69.936653,"data_generator_W":0.0000062225},{"data_generator_V":-69.936653,"data_generator_W":0.0000062225},{"data_generator_V":-69.936653,"data_generator_W":0.0000062225},{"data_generator_V":-69.936653,"data_generator_W":0.0000062225},{"data_generator_V":-69.936653,"data_generator_W":0.0000062225},{"data_generator_V":-69.936653,"data_generator_W":0.0000062225},{"data_generator_V":-69.936653,"data_generator_W":0.0000062225},{"data_generator_V":-69.936653,"data_generator_W":0.0000062225},{"data_generator_V":-69.936653,"data_generator_W":0.0000062225},{"data_generator_V":-69.936653,"data_generator_W":0.0000062225},{"data_generator_V":-69.936653,"data_generator_W":0.0000062225},{"data_generator_V":-69.936653,"data_generator_W":0.0000062225},{"data_generator_V":-69.936653,"data_generator_W":0.0000062225},{"data_generator_V":-69.936653,"data_generator_W":0.0000062225},{"data_generator_V":-69.936653,"data_generator_W":0.0000062225},{"data_generator_V":-69.936653,"data_generator_W":0.0000062225},{"data_generator_V":-69.936653,"data_generator_W":0.0000062225},{"data_generator_V":-69.936653,"data_generator_W":0.0000062225},{"data_generator_V":-69.936653,"data_generator_W":0.0000062225},{"data_generator_V":-69.936653,"data_generator_W":0.0000062225},{"data_generator_V":-69.936653,"data_generator_W":0.0000062225},{"data_generator_V":-69.936653,"data_generator_W":0.0000062225},{"data_generator_V":-69.936653,"data_generator_W":0.0000062225},{"data_generator_V":-69.936653,"data_generator_W":0.0000062225},{"data_generator_V":-69.936653,"data_generator_W":0.0000062225},{"data_generator_V":-69.936653,"data_generator_W":0.0000062225},{"data_generator_V":-69.936653,"data_generator_W":0.0000062225},{"data_generator_V":-69.936653,"data_generator_W":0.0000062225},{"data_generator_V":-69.936653,"data_generator_W":0.0000062225},{"data_generator_V":-69.936653,"data_generator_W":0.0000062225},{"data_generator_V":-69.936653,"data_generator_W":0.0000062225},{"data_generator_V":-69.936653,"data_generator_W":0.0000062225},{"data_generator_V":-69.936653,"data_generator_W":0.0000062225},{"data_generator_V":-69.936653,"data_generator_W":0.0000062225},{"data_generator_V":-69.936653,"data_generator_W":0.0000062225},{"data_generator_V":-69.936653,"data_generator_W":0.0000062225},{"data_generator_V":-69.936653,"data_generator_W":0.0000062225},{"data_generator_V":-69.936653,"data_generator_W":0.0000062225},{"data_generator_V":-69.936653,"data_generator_W":0.0000062225},{"data_generator_V":-69.936653,"data_generator_W":0.0000062225},{"data_generator_V":-69.936653,"data_generator_W":0.0000062225},{"data_generator_V":-69.936653,"data_generator_W":0.0000062225},{"data_generator_V":-69.936653,"data_generator_W":0.0000062225},{"data_generator_V":-69.936653,"data_generator_W":0.0000062225},{"data_generator_V":-69.936653,"data_generator_W":0.0000062225},{"data_generator_V":-69.936653,"data_generator_W":0.0000062225},{"data_generator_V":-69.936653,"data_generator_W":0.0000062225},{"data_generator_V":-69.936653,"data_generator_W":0.0000062225},{"data_generator_V":-69.936653,"data_generator_W":0.0000062225},{"data_generator_V":-69.936653,"data_generator_W":0.0000062225},{"data_generator_V":-69.936653,"data_generator_W":0.0000062225},{"data_generator_V":-69.936653,"data_generator_W":0.0000062225},{"data_generator_V":-69.936653,"data_generator_W":0.0000062225},{"data_generator_V":-69.936653,"data_generator_W":0.0000062225},{"data_generator_V":-69.936653,"data_generator_W":0.0000062225},{"data_generator_V":-69.936653,"data_generator_W":0.0000062225},{"data_generator_V":-69.936653,"data_generator_W":0.0000062225},{"data_generator_V":-69.936653,"data_generator_W":0.0000062225},{"data_generator_V":-69.936653,"data_generator_W":0.0000062225},{"data_generator_V":-69.936653,"data_generator_W":0.0000062225},{"data_generator_V":-69.936653,"data_generator_W":0.0000062225},{"data_generator_V":-69.936653,"data_generator_W":0.0000062225},{"data_generator_V":-69.936653,"data_generator_W":0.0000062225},{"data_generator_V":-69.936653,"data_generator_W":0.0000062225},{"data_generator_V":-69.936653,"data_generator_W":0.0000062225},{"data_generator_V":-69.936653,"data_generator_W":0.0000062225},{"data_generator_V":-69.936653,"data_generator_W":0.0000062225},{"data_generator_V":-69.936653,"data_generator_W":0.0000062225},{"data_generator_V":-69.936653,"data_generator_W":0.0000062225},{"data_generator_V":-69.936653,"data_generator_W":0.0000062225},{"data_generator_V":-69.936653,"data_generator_W":0.0000062225},{"data_generator_V":-69.936653,"data_generator_W":0.0000062225},{"data_generator_V":-69.936653,"data_generator_W":0.0000062225},{"data_generator_V":-69.936653,"data_generator_W":0.0000062225},{"data_generator_V":-69.936653,"data_generator_W":0.0000062225},{"data_generator_V":-69.936653,"data_generator_W":0.0000062225},{"data_generator_V":-69.936653,"data_generator_W":0.0000062225},{"data_generator_V":-69.936653,"data_generator_W":0.0000062225},{"data_generator_V":-69.936653,"data_generator_W":0.0000062225},{"data_generator_V":-69.936653,"data_generator_W":0.0000062225},{"data_generator_V":-69.936653,"data_generator_W":0.0000062225},{"data_generator_V":-69.936653,"data_generator_W":0.0000062225},{"data_generator_V":-69.936653,"data_generator_W":0.0000062225},{"data_generator_V":-69.936653,"data_generator_W":0.0000062225},{"data_generator_V":-69.936653,"data_generator_W":0.0000062225},{"data_generator_V":-69.936653,"data_generator_W":0.0000062225},{"data_generator_V":-69.936653,"data_generator_W":0.0000062225},{"data_generator_V":-69.936653,"data_generator_W":0.0000062225},{"data_generator_V":-69.936653,"data_generator_W":0.0000062225},{"data_generator_V":-69.936653,"data_generator_W":0.0000062225},{"data_generator_V":-69.936653,"data_generator_W":0.0000062225},{"data_generator_V":-69.936653,"data_generator_W":0.0000062225},{"data_generator_V":-69.936653,"data_generator_W":0.0000062225},{"data_generator_V":-69.936653,"data_generator_W":0.0000062225},{"data_generator_V":-69.936653,"data_generator_W":0.0000062225},{"data_generator_V":-69.936653,"data_generator_W":0.0000062225},{"data_generator_V":-69.936653,"data_generator_W":0.0000062225},{"data_generator_V":-69.936653,"data_generator_W":0.0000062225},{"data_generator_V":-69.936653,"data_generator_W":0.0000062225},{"data_generator_V":-69.936653,"data_generator_W":0.0000062225},{"data_generator_V":-69.936653,"data_generator_W":0.0000062225},{"data_generator_V":-69.936653,"data_generator_W":0.0000062225},{"data_generator_V":-69.936653,"data_generator_W":0.0000062225},{"data_generator_V":-69.936653,"data_generator_W":0.0000062225},{"data_generator_V":-69.936653,"data_generator_W":0.0000062225},{"data_generator_V":-69.936653,"data_generator_W":0.0000062225},{"data_generator_V":-69.936653,"data_generator_W":0.0000062225},{"data_generator_V":-69.936653,"data_generator_W":0.0000062225},{"data_generator_V":-69.936653,"data_generator_W":0.0000062225},{"data_generator_V":-69.936653,"data_generator_W":0.0000062225},{"data_generator_V":-69.936653,"data_generator_W":0.0000062225},{"data_generator_V":-69.936653,"data_generator_W":0.0000062225},{"data_generator_V":-69.936653,"data_generator_W":0.0000062225},{"data_generator_V":-69.936653,"data_generator_W":0.0000062225},{"data_generator_V":-69.936653,"data_generator_W":0.0000062225},{"data_generator_V":-69.936653,"data_generator_W":0.0000062225},{"data_generator_V":-69.936653,"data_generator_W":0.0000062225},{"data_generator_V":-69.936653,"data_generator_W":0.0000062225},{"data_generator_V":-69.936653,"data_generator_W":0.0000062225},{"data_generator_V":-69.936653,"data_generator_W":0.0000062225},{"data_generator_V":-69.936653,"data_generator_W":0.0000062225},{"data_generator_V":-69.936653,"data_generator_W":0.0000062225},{"data_generator_V":-69.936653,"data_generator_W":0.0000062225},{"data_generator_V":-69.936653,"data_generator_W":0.0000062225},{"data_generator_V":-69.936653,"data_generator_W":0.0000062225},{"data_generator_V":-69.936653,"data_generator_W":0.0000062225},{"data_generator_V":-69.936653,"data_generator_W":0.0000062225},{"data_generator_V":-69.936653,"data_generator_W":0.0000062225},{"data_generator_V":-69.936653,"data_generator_W":0.0000062225},{"data_generator_V":-69.936653,"data_generator_W":0.0000062225},{"data_generator_V":-69.936653,"data_generator_W":0.0000062225},{"data_generator_V":-69.936653,"data_generator_W":0.0000062225},{"data_generator_V":-69.936653,"data_generator_W":0.0000062225},{"data_generator_V":-69.936653,"data_generator_W":0.0000062225},{"data_generator_V":-69.936653,"data_generator_W":0.0000062225},{"data_generator_V":-69.936653,"data_generator_W":0.0000062225},{"data_generator_V":-69.936653,"data_generator_W":0.0000062225},{"data_generator_V":-69.936653,"data_generator_W":0.0000062225},{"data_generator_V":-69.936653,"data_generator_W":0.0000062225},{"data_generator_V":-69.936653,"data_generator_W":0.0000062225},{"data_generator_V":-69.936653,"data_generator_W":0.0000062225},{"data_generator_V":-69.936653,"data_generator_W":0.0000062225},{"data_generator_V":-69.936653,"data_generator_W":0.0000062225},{"data_generator_V":-69.936653,"data_generator_W":0.0000062225},{"data_generator_V":-69.936653,"data_generator_W":0.0000062225},{"data_generator_V":-69.936653,"data_generator_W":0.0000062225},{"data_generator_V":-69.936653,"data_generator_W":0.0000062225},{"data_generator_V":-69.936653,"data_generator_W":0.0000062225},{"data_generator_V":-69.936653,"data_generator_W":0.0000062225},{"data_generator_V":-69.936653,"data_generator_W":0.0000062225},{"data_generator_V":-69.936653,"data_generator_W":0.0000062225},{"data_generator_V":-69.936653,"data_generator_W":0.0000062225},{"data_generator_V":-69.936653,"data_generator_W":0.0000062225},{"data_generator_V":-69.936653,"data_generator_W":0.0000062225},{"data_generator_V":-69.936653,"data_generator_W":0.0000062225},{"data_generator_V":-69.936653,"data_generator_W":0.0000062225},{"data_generator_V":-69.936653,"data_generator_W":0.0000062225},{"data_generator_V":-69.936653,"data_generator_W":0.0000062225},{"data_generator_V":-69.936653,"data_generator_W":0.0000062225},{"data_generator_V":-69.936653,"data_generator_W":0.0000062225},{"data_generator_V":-69.936653,"data_generator_W":0.0000062225},{"data_generator_V":-69.936653,"data_generator_W":0.0000062225},{"data_generator_V":-69.936653,"data_generator_W":0.0000062225},{"data_generator_V":-69.936653,"data_generator_W":0.0000062225},{"data_generator_V":-69.936653,"data_generator_W":0.0000062225},{"data_generator_V":-69.936653,"data_generator_W":0.0000062225},{"data_generator_V":-69.936653,"data_generator_W":0.0000062225},{"data_generator_V":-69.936653,"data_generator_W":0.0000062225},{"data_generator_V":-69.936653,"data_generator_W":0.0000062225},{"data_generator_V":-69.936653,"data_generator_W":0.0000062225},{"data_generator_V":-69.936653,"data_generator_W":0.0000062225},{"data_generator_V":-69.936653,"data_generator_W":0.0000062225},{"data_generator_V":-69.936653,"data_generator_W":0.0000062225},{"data_generator_V":-69.936653,"data_generator_W":0.0000062225},{"data_generator_V":-69.936653,"data_generator_W":0.0000062225},{"data_generator_V":-69.936653,"data_generator_W":0.0000062225},{"data_generator_V":-69.936653,"data_generator_W":0.0000062225},{"data_generator_V":-69.936653,"data_generator_W":0.0000062225},{"data_generator_V":-69.936653,"data_generator_W":0.0000062225},{"data_generator_V":-69.936653,"data_generator_W":0.0000062225},{"data_generator_V":-69.936653,"data_generator_W":0.0000062225},{"data_generator_V":-69.936653,"data_generator_W":0.0000062225},{"data_generator_V":-69.936653,"data_generator_W":0.0000062225},{"data_generator_V":-69.936653,"data_generator_W":0.0000062225},{"data_generator_V":-69.936653,"data_generator_W":0.0000062225},{"data_generator_V":-69.936653,"data_generator_W":0.0000062225},{"data_generator_V":-69.936653,"data_generator_W":0.0000062225},{"data_generator_V":-69.936653,"data_generator_W":0.0000062225},{"data_generator_V":-69.936653,"data_generator_W":0.0000062225},{"data_generator_V":-69.936653,"data_generator_W":0.0000062225},{"data_generator_V":-69.936653,"data_generator_W":0.0000062225},{"data_generator_V":-69.936653,"data_generator_W":0.0000062225},{"data_generator_V":-69.936653,"data_generator_W":0.0000062225},{"data_generator_V":-69.936653,"data_generator_W":0.0000062225},{"data_generator_V":-69.936653,"data_generator_W":0.0000062225},{"data_generator_V":-69.936653,"data_generator_W":0.0000062225},{"data_generator_V":-69.936653,"data_generator_W":0.0000062225},{"data_generator_V":-69.936653,"data_generator_W":0.0000062225},{"data_generator_V":-69.936653,"data_generator_W":0.0000062225},{"data_generator_V":-69.936653,"data_generator_W":0.0000062225},{"data_generator_V":-69.936653,"data_generator_W":0.0000062225},{"data_generator_V":-69.936653,"data_generator_W":0.0000062225},{"data_generator_V":-69.936653,"data_generator_W":0.0000062225},{"data_generator_V":-69.936653,"data_generator_W":0.0000062225},{"data_generator_V":-69.936653,"data_generator_W":0.0000062225},{"data_generator_V":-69.936653,"data_generator_W":0.0000062225},{"data_generator_V":-69.936653,"data_generator_W":0.0000062225},{"data_generator_V":-69.936653,"data_generator_W":0.0000062225},{"data_generator_V":-69.936653,"data_generator_W":0.0000062225},{"data_generator_V":-69.936653,"data_generator_W":0.0000062225},{"data_generator_V":-69.936653,"data_generator_W":0.0000062225},{"data_generator_V":-69.936653,"data_generator_W":0.0000062225},{"data_generator_V":-69.936653,"data_generator_W":0.0000062225},{"data_generator_V":-69.936653,"data_generator_W":0.0000062225},{"data_generator_V":-69.936653,"data_generator_W":0.0000062225},{"data_generator_V":-69.936653,"data_generator_W":0.0000062225},{"data_generator_V":-69.936653,"data_generator_W":0.0000062225},{"data_generator_V":-69.936653,"data_generator_W":0.0000062225},{"data_generator_V":-69.936653,"data_generator_W":0.0000062225},{"data_generator_V":-69.936653,"data_generator_W":0.0000062225},{"data_generator_V":-69.936653,"data_generator_W":0.0000062225},{"data_generator_V":-69.936653,"data_generator_W":0.0000062225},{"data_generator_V":-69.936653,"data_generator_W":0.0000062225},{"data_generator_V":-69.936653,"data_generator_W":0.0000062225},{"data_generator_V":-69.936653,"data_generator_W":0.0000062225},{"data_generator_V":-69.936653,"data_generator_W":0.0000062225},{"data_generator_V":-69.936653,"data_generator_W":0.0000062225},{"data_generator_V":-69.936653,"data_generator_W":0.0000062225},{"data_generator_V":-69.936653,"data_generator_W":0.0000062225},{"data_generator_V":-69.936653,"data_generator_W":0.0000062225},{"data_generator_V":-69.936653,"data_generator_W":0.0000062225},{"data_generator_V":-69.936653,"data_generator_W":0.0000062225},{"data_generator_V":-69.936653,"data_generator_W":0.0000062225},{"data_generator_V":-69.936653,"data_generator_W":0.0000062225},{"data_generator_V":-69.936653,"data_generator_W":0.0000062225},{"data_generator_V":-69.936653,"data_generator_W":0.0000062225},{"data_generator_V":-69.936653,"data_generator_W":0.0000062225},{"data_generator_V":-69.936653,"data_generator_W":0.0000062225},{"data_generator_V":-69.936653,"data_generator_W":0.0000062225},{"data_generator_V":-69.936653,"data_generator_W":0.0000062225},{"data_generator_V":-69.936653,"data_generator_W":0.0000062225},{"data_generator_V":-69.936653,"data_generator_W":0.0000062225},{"data_generator_V":-69.936653,"data_generator_W":0.0000062225},{"data_generator_V":-69.936653,"data_generator_W":0.0000062225},{"data_generator_V":-69.936653,"data_generator_W":0.0000062225},{"data_generator_V":-69.936653,"data_generator_W":0.0000062225},{"data_generator_V":-69.936653,"data_generator_W":0.0000062225},{"data_generator_V":-69.936653,"data_generator_W":0.0000062225},{"data_generator_V":-69.936653,"data_generator_W":0.0000062225},{"data_generator_V":-69.936653,"data_generator_W":0.0000062225},{"data_generator_V":-69.936653,"data_generator_W":0.0000062225},{"data_generator_V":-69.936653,"data_generator_W":0.0000062225},{"data_generator_V":-69.936653,"data_generator_W":0.0000062225},{"data_generator_V":-69.936653,"data_generator_W":0.0000062225},{"data_generator_V":-69.936653,"data_generator_W":0.0000062225},{"data_generator_V":-69.936653,"data_generator_W":0.0000062225},{"data_generator_V":-69.936653,"data_generator_W":0.0000062225},{"data_generator_V":-69.936653,"data_generator_W":0.0000062225},{"data_generator_V":-69.936653,"data_generator_W":0.0000062225},{"data_generator_V":-69.936653,"data_generator_W":0.0000062225},{"data_generator_V":-69.936653,"data_generator_W":0.0000062225},{"data_generator_V":-69.936653,"data_generator_W":0.0000062225},{"data_generator_V":-69.936653,"data_generator_W":0.0000062225},{"data_generator_V":-69.936653,"data_generator_W":0.0000062225},{"data_generator_V":-69.936653,"data_generator_W":0.0000062225},{"data_generator_V":-69.936653,"data_generator_W":0.0000062225},{"data_generator_V":-69.936653,"data_generator_W":0.0000062225},{"data_generator_V":-69.936653,"data_generator_W":0.0000062225},{"data_generator_V":-69.936653,"data_generator_W":0.0000062225},{"data_generator_V":-69.936653,"data_generator_W":0.0000062225},{"data_generator_V":-69.936653,"data_generator_W":0.0000062225},{"data_generator_V":-69.936653,"data_generator_W":0.0000062225},{"data_generator_V":-69.936653,"data_generator_W":0.0000062225},{"data_generator_V":-69.936653,"data_generator_W":0.0000062225},{"data_generator_V":-69.936653,"data_generator_W":0.0000062225},{"data_generator_V":-69.936653,"data_generator_W":0.0000062225},{"data_generator_V":-69.936653,"data_generator_W":0.0000062225},{"data_generator_V":-69.936653,"data_generator_W":0.0000062225},{"data_generator_V":-69.936653,"data_generator_W":0.0000062225},{"data_generator_V":-69.936653,"data_generator_W":0.0000062225},{"data_generator_V":-69.936653,"data_generator_W":0.0000062225},{"data_generator_V":-69.936653,"data_generator_W":0.0000062225},{"data_generator_V":-69.936653,"data_generator_W":0.0000062225},{"data_generator_V":-69.936653,"data_generator_W":0.0000062225},{"data_generator_V":-69.936653,"data_generator_W":0.0000062225},{"data_generator_V":-69.936653,"data_generator_W":0.0000062225},{"data_generator_V":-69.936653,"data_generator_W":0.0000062225},{"data_generator_V":-69.936653,"data_generator_W":0.0000062225},{"data_generator_V":-69.936653,"data_generator_W":0.0000062225},{"data_generator_V":-69.936653,"data_generator_W":0.0000062225},{"data_generator_V":-69.936653,"data_generator_W":0.0000062225},{"data_generator_V":-69.936653,"data_generator_W":0.0000062225},{"data_generator_V":-69.936653,"data_generator_W":0.0000062225},{"data_generator_V":-69.936653,"data_generator_W":0.0000062225},{"data_generator_V":-69.936653,"data_generator_W":0.0000062225},{"data_generator_V":-69.936653,"data_generator_W":0.0000062225},{"data_generator_V":-69.936653,"data_generator_W":0.0000062225},{"data_generator_V":-69.936653,"data_generator_W":0.0000062225},{"data_generator_V":-69.936653,"data_generator_W":0.0000062225},{"data_generator_V":-69.936653,"data_generator_W":0.0000062225},{"data_generator_V":-69.936653,"data_generator_W":0.0000062225},{"data_generator_V":-69.936653,"data_generator_W":0.0000062225},{"data_generator_V":-69.936653,"data_generator_W":0.0000062225},{"data_generator_V":-69.936653,"data_generator_W":0.0000062225},{"data_generator_V":-69.936653,"data_generator_W":0.0000062225},{"data_generator_V":-69.936653,"data_generator_W":0.0000062225},{"data_generator_V":-69.936653,"data_generator_W":0.0000062225},{"data_generator_V":-69.936653,"data_generator_W":0.0000062225},{"data_generator_V":-69.936653,"data_generator_W":0.0000062225},{"data_generator_V":-69.936653,"data_generator_W":0.0000062225},{"data_generator_V":-69.936653,"data_generator_W":0.0000062225},{"data_generator_V":-69.936653,"data_generator_W":0.0000062225},{"data_generator_V":-69.936653,"data_generator_W":0.0000062225},{"data_generator_V":-69.936653,"data_generator_W":0.0000062225},{"data_generator_V":-69.936653,"data_generator_W":0.0000062225},{"data_generator_V":-69.936653,"data_generator_W":0.0000062225},{"data_generator_V":-69.936653,"data_generator_W":0.0000062225},{"data_generator_V":-69.936653,"data_generator_W":0.0000062225},{"data_generator_V":-69.936653,"data_generator_W":0.0000062225},{"data_generator_V":-69.936653,"data_generator_W":0.0000062225},{"data_generator_V":-69.936653,"data_generator_W":0.0000062225},{"data_generator_V":-69.936653,"data_generator_W":0.0000062225},{"data_generator_V":-69.936653,"data_generator_W":0.0000062225},{"data_generator_V":-69.936653,"data_generator_W":0.0000062225},{"data_generator_V":-69.936653,"data_generator_W":0.0000062225},{"data_generator_V":-69.936653,"data_generator_W":0.0000062225},{"data_generator_V":-69.936653,"data_generator_W":0.0000062225},{"data_generator_V":-69.936653,"data_generator_W":0.0000062225},{"data_generator_V":-69.936653,"data_generator_W":0.0000062225},{"data_generator_V":-69.936653,"data_generator_W":0.0000062225},{"data_generator_V":-69.936653,"data_generator_W":0.0000062225},{"data_generator_V":-69.936653,"data_generator_W":0.0000062225},{"data_generator_V":-69.936653,"data_generator_W":0.0000062225},{"data_generator_V":-69.936653,"data_generator_W":0.0000062225},{"data_generator_V":-69.936653,"data_generator_W":0.0000062225},{"data_generator_V":-69.936653,"data_generator_W":0.0000062225},{"data_generator_V":-69.936653,"data_generator_W":0.0000062225},{"data_generator_V":-69.936653,"data_generator_W":0.0000062225},{"data_generator_V":-69.936653,"data_generator_W":0.0000062225},{"data_generator_V":-69.936653,"data_generator_W":0.0000062225},{"data_generator_V":-69.936653,"data_generator_W":0.0000062225},{"data_generator_V":-69.936653,"data_generator_W":0.0000062225},{"data_generator_V":-69.936653,"data_generator_W":0.0000062225},{"data_generator_V":-69.936653,"data_generator_W":0.0000062225},{"data_generator_V":-69.936653,"data_generator_W":0.0000062225},{"data_generator_V":-69.936653,"data_generator_W":0.0000062225},{"data_generator_V":-69.936653,"data_generator_W":0.0000062225},{"data_generator_V":-69.936653,"data_generator_W":0.0000062225},{"data_generator_V":-69.936653,"data_generator_W":0.0000062225},{"data_generator_V":-69.936653,"data_generator_W":0.0000062225},{"data_generator_V":-69.936653,"data_generator_W":0.0000062225},{"data_generator_V":-69.936653,"data_generator_W":0.0000062225},{"data_generator_V":-69.936653,"data_generator_W":0.0000062225},{"data_generator_V":-69.936653,"data_generator_W":0.0000062225},{"data_generator_V":-69.936653,"data_generator_W":0.0000062225},{"data_generator_V":-69.936653,"data_generator_W":0.0000062225},{"data_generator_V":-69.936653,"data_generator_W":0.0000062225},{"data_generator_V":-69.936653,"data_generator_W":0.0000062225},{"data_generator_V":-69.936653,"data_generator_W":0.0000062225},{"data_generator_V":-69.936653,"data_generator_W":0.0000062225},{"data_generator_V":-69.936653,"data_generator_W":0.0000062225},{"data_generator_V":-69.936653,"data_generator_W":0.0000062225},{"data_generator_V":-69.936653,"data_generator_W":0.0000062225},{"data_generator_V":-69.936653,"data_generator_W":0.0000062225},{"data_generator_V":-69.936653,"data_generator_W":0.0000062225},{"data_generator_V":-69.936653,"data_generator_W":0.0000062225},{"data_generator_V":-69.936653,"data_generator_W":0.0000062225},{"data_generator_V":-69.936653,"data_generator_W":0.0000062225},{"data_generator_V":-69.936653,"data_generator_W":0.0000062225},{"data_generator_V":-69.936653,"data_generator_W":0.0000062225},{"data_generator_V":-69.936653,"data_generator_W":0.0000062225},{"data_generator_V":-69.936653,"data_generator_W":0.0000062225},{"data_generator_V":-69.936653,"data_generator_W":0.0000062225},{"data_generator_V":-69.936653,"data_generator_W":0.0000062225},{"data_generator_V":-69.936653,"data_generator_W":0.0000062225},{"data_generator_V":-69.936653,"data_generator_W":0.0000062225},{"data_generator_V":-69.936653,"data_generator_W":0.0000062225},{"data_generator_V":-69.936653,"data_generator_W":0.0000062225},{"data_generator_V":-69.936653,"data_generator_W":0.0000062225},{"data_generator_V":-69.936653,"data_generator_W":0.0000062225},{"data_generator_V":-69.936653,"data_generator_W":0.0000062225},{"data_generator_V":-69.936653,"data_generator_W":0.0000062225},{"data_generator_V":-69.936653,"data_generator_W":0.0000062225},{"data_generator_V":-69.936653,"data_generator_W":0.0000062225},{"data_generator_V":-69.936653,"data_generator_W":0.0000062225},{"data_generator_V":-69.936653,"data_generator_W":0.0000062225},{"data_generator_V":-69.936653,"data_generator_W":0.0000062225},{"data_generator_V":-69.936653,"data_generator_W":0.0000062225},{"data_generator_V":-69.936653,"data_generator_W":0.0000062225},{"data_generator_V":-69.936653,"data_generator_W":0.0000062225},{"data_generator_V":-69.936653,"data_generator_W":0.0000062225},{"data_generator_V":-69.936653,"data_generator_W":0.0000062225},{"data_generator_V":-69.936653,"data_generator_W":0.0000062225}]