[{"data_generator_T":0.0,"data_generator_VS":-63.144753},{"data_generator_T":1.0,"data_generator_VS":-63.618507},{"data_generator_T":2.0,"data_generator_VS":-64.054077},{"data_generator_T":3.0,"data_generator_VS":-64.469376},{"data_generator_T":4.0,"data_generator_VS":-64.860054},{"data_generator_T":5.0,"data_generator_VS":-65.224236},{"data_generator_T":6.0,"data_generator_VS":-65.561592},{"data_generator_T":7.0,"data_generator_VS":-65.872719},{"data_generator_T":8.0,"data_generator_VS":-66.15873},{"data_generator_T":9.0,"data_generator_VS":-66.421021},{"data_generator_T":10.0,"data_generator_VS":-66.661118},{"data_generator_T":11.0,"data_generator_VS":-66.880592},{"data_generator_T":12.0,"data_generator_VS":-67.080978},{"data_generator_T":13.0,"data_generator_VS":-67.263756},{"data_generator_T":14.0,"data_generator_VS":-67.430351},{"data_generator_T":15.0,"data_generator_VS":-67.582085},{"data_generator_T":16.0,"data_generator_VS":-67.7202},{"data_generator_T":17.0,"data_generator_VS":-67.845856},{"data_generator_T":18.0,"data_generator_VS":-67.960121},{"data_generator_T":19.0,"data_generator_VS":-68.063995},{"data_generator_T":20.0,"data_generator_VS":-68.158371},{"data_generator_T":21.0,"data_generator_VS":-68.244102},{"data_generator_T":22.0,"data_generator_VS":-68.321945},{"data_generator_T":23.0,"data_generator_VS":-68.392601},{"data_generator_T":24.0,"data_generator_VS":-68.456734},{"data_generator_T":25.0,"data_generator_VS":-68.514915},{"data_generator_T":26.0,"data_generator_VS":-68.567688},{"data_generator_T":27.0,"data_generator_VS":-68.615547},{"data_generator_T":28.0,"data_generator_VS":-68.658943},{"data_generator_T":29.0,"data_generator_VS":-68.698273},{"data_generator_T":30.0,"data_generator_VS":-68.733925},{"data_generator_T":31.0,"data_generator_VS":-68.766228},{"data_generator_T":32.0,"data_generator_VS":-68.795502},{"data_generator_T":33.0,"data_generator_VS":-68.822014},{"data_generator_T":34.0,"data_generator_VS":-68.846024},{"data_generator_T":35.0,"data_generator_VS":-68.867767},{"data_generator_T":36.0,"data_generator_VS":-68.887459},{"data_generator_T":37.0,"data_generator_VS":-68.905281},{"data_generator_T":38.0,"data_generator_VS":-68.92141},{"data_generator_T":39.0,"data_generator_VS":-68.936012},{"data_generator_T":40.0,"data_generator_VS":-68.949226},{"data_generator_T":41.0,"data_generator_VS":-68.961189},{"data_generator_T":42.0,"data_generator_VS":-68.972},{"data_generator_T":43.0,"data_generator_VS":-68.981789},{"data_generator_T":44.0,"data_generator_VS":-68.990639},{"data_generator_T":45.0,"data_generator_VS":-68.998642},{"data_generator_T":46.0,"data_generator_VS":-69.005882},{"data_generator_T":47.0,"data_generator_VS":-69.012428},{"data_generator_T":48.0,"data_generator_VS":-69.018349},{"data_generator_T":49.0,"data_generator_VS":-69.023697},{"data_generator_T":50.0,"data_generator_VS":-69.028534},{"data_generator_T":51.0,"data_generator_VS":-69.032906},{"data_generator_T":52.0,"data_generator_VS":-69.036858},{"data_generator_T":53.0,"data_generator_VS":-69.040428},{"data_generator_T":54.0,"data_generator_VS":-69.043648},{"data_generator_T":55.0,"data_generator_VS":-69.04657},{"data_generator_T":56.0,"data_generator_VS":-69.049202},{"data_generator_T":57.0,"data_generator_VS":-69.051575},{"data_generator_T":58.0,"data_generator_VS":-69.053726},{"data_generator_T":59.0,"data_generator_VS":-69.055664},{"data_generator_T":60.0,"data_generator_VS":-69.057419},{"data_generator_T":61.0,"data_generator_VS":-69.058998},{"data_generator_T":62.0,"data_generator_VS":-69.060432},{"data_generator_T":63.0,"data_generator_VS":-69.061722},{"data_generator_T":64.0,"data_generator_VS":-69.062889},{"data_generator_T":65.0,"data_generator_VS":-69.063934},{"data_generator_T":66.0,"data_generator_VS":-69.064888},{"data_generator_T":67.0,"data_generator_VS":-69.065742},{"data_generator_T":68.0,"data_generator_VS":-69.066513},{"data_generator_T":69.0,"data_generator_VS":-69.067215},{"data_generator_T":70.0,"data_generator_VS":-69.067841},{"data_generator_T":71.0,"data_generator_VS":-69.068413},{"data_generator_T":72.0,"data_generator_VS":-69.068924},{"data_generator_T":73.0,"data_generator_VS":-69.069389},{"data_generator_T":74.0,"data_generator_VS":-69.069801},{"data_generator_T":75.0,"data_generator_VS":-69.070183},{"data_generator_T":76.0,"data_generator_VS":-69.070518},{"data_generator_T":77.0,"data_generator_VS":-69.070824},{"data_generator_T":78.0,"data_generator_VS":-69.071098},{"data_generator_T":79.0,"data_generator_VS":-69.07135},{"data_generator_T":80.0,"data_generator_VS":-69.071579},{"data_generator_T":81.0,"data_generator_VS":-69.071777},{"data_generator_T":82.0,"data_generator_VS":-69.07196},{"data_generator_T":83.0,"data_generator_VS":-69.072128},{"data_generator_T":84.0,"data_generator_VS":-69.072273},{"data_generator_T":85.0,"data_generator_VS":-69.072403},{"data_generator_T":86.0,"data_generator_VS":-69.072525},{"data_generator_T":87.0,"data_generator_VS":-69.072639},{"data_generator_T":88.0,"data_generator_VS":-69.072731},{"data_generator_T":89.0,"data_generator_VS":-69.072823},{"data_generator_T":90.0,"data_generator_VS":-69.072899},{"data_generator_T":91.0,"data_generator_VS":-69.072975},{"data_generator_T":92.0,"data_generator_VS":-69.073036},{"data_generator_T":93.0,"data_generator_VS":-69.073097},{"data_generator_T":94.0,"data_generator_VS":-69.073151},{"data_generator_T":95.0,"data_generator_VS":-69.073196},{"data_generator_T":96.0,"data_generator_VS":-69.073235},{"data_generator_T":97.0,"data_generator_VS":-69.073273},{"data_generator_T":98.0,"data_generator_VS":-69.073311},{"data_generator_T":99.0,"data_generator_VS":-69.073341},{"data_generator_T":100.0,"data_generator_VS":-69.073372},{"data_generator_T":101.0,"data_generator_VS":-69.073395},{"data_generator_T":102.0,"data_generator_VS":-69.073418},{"data_generator_T":103.0,"data_generator_VS":-69.073441},{"data_generator_T":104.0,"data_generator_VS":-69.073456},{"data_generator_T":105.0,"data_generator_VS":-69.073471},{"data_generator_T":106.0,"data_generator_VS":-69.073486},{"data_generator_T":107.0,"data_generator_VS":-69.073502},{"data_generator_T":108.0,"data_generator_VS":-69.073517},{"data_generator_T":109.0,"data_generator_VS":-69.073524},{"data_generator_T":110.0,"data_generator_VS":-69.073532},{"data_generator_T":111.0,"data_generator_VS":-69.07354},{"data_generator_T":112.0,"data_generator_VS":-69.073547},{"data_generator_T":113.0,"data_generator_VS":-69.073555},{"data_generator_T":114.0,"data_generator_VS":-69.073563},{"data_generator_T":115.0,"data_generator_VS":-69.07357},{"data_generator_T":116.0,"data_generator_VS":-69.073578},{"data_generator_T":117.0,"data_generator_VS":-69.073578},{"data_generator_T":118.0,"data_generator_VS":-69.073586},{"data_generator_T":119.0,"data_generator_VS":-69.073586},{"data_generator_T":120.0,"data_generator_VS":-69.073593},{"data_generator_T":121.0,"data_generator_VS":-69.073593},{"data_generator_T":122.0,"data_generator_VS":-69.073593},{"data_generator_T":123.0,"data_generator_VS":-69.073601},{"data_generator_T":124.0,"data_generator_VS":-69.073601},{"data_generator_T":125.0,"data_generator_VS":-69.073601},{"data_generator_T":126.0,"data_generator_VS":-69.073608},{"data_generator_T":127.0,"data_generator_VS":-69.073608},{"data_generator_T":128.0,"data_generator_VS":-69.073608},{"data_generator_T":129.0,"data_generator_VS":-69.073608},{"data_generator_T":130.0,"data_generator_VS":-69.073608},{"data_generator_T":131.0,"data_generator_VS":-69.073608},{"data_generator_T":132.0,"data_generator_VS":-69.073616},{"data_generator_T":133.0,"data_generator_VS":-69.073616},{"data_generator_T":134.0,"data_generator_VS":-69.073616},{"data_generator_T":135.0,"data_generator_VS":-69.073616},{"data_generator_T":136.0,"data_generator_VS":-69.073616},{"data_generator_T":137.0,"data_generator_VS":-69.073616},{"data_generator_T":138.0,"data_generator_VS":-69.073616},{"data_generator_T":139.0,"data_generator_VS":-69.073616},{"data_generator_T":140.0,"data_generator_VS":-69.073616},{"data_generator_T":141.0,"data_generator_VS":-69.073616},{"data_generator_T":142.0,"data_generator_VS":-69.073616},{"data_generator_T":143.0,"data_generator_VS":-69.073616},{"data_generator_T":144.0,"data_generator_VS":-69.073616},{"data_generator_T":145.0,"data_generator_VS":-69.073616},{"data_generator_T":146.0,"data_generator_VS":-69.073616},{"data_generator_T":147.0,"data_generator_VS":-69.073616},{"data_generator_T":148.0,"data_generator_VS":-69.073616},{"data_generator_T":149.0,"data_generator_VS":-69.073624},{"data_generator_T":150.0,"data_generator_VS":-69.073624},{"data_generator_T":151.0,"data_generator_VS":-69.073624},{"data_generator_T":152.0,"data_generator_VS":-69.073624},{"data_generator_T":153.0,"data_generator_VS":-69.073624},{"data_generator_T":154.0,"data_generator_VS":-69.073624},{"data_generator_T":155.0,"data_generator_VS":-69.073624},{"data_generator_T":156.0,"data_generator_VS":-69.073624},{"data_generator_T":157.0,"data_generator_VS":-69.073624},{"data_generator_T":158.0,"data_generator_VS":-69.073624},{"data_generator_T":159.0,"data_generator_VS":-69.073624},{"data_generator_T":160.0,"data_generator_VS":-69.073624},{"data_generator_T":161.0,"data_generator_VS":-69.073624},{"data_generator_T":162.0,"data_generator_VS":-69.073624},{"data_generator_T":163.0,"data_generator_VS":-69.073624},{"data_generator_T":164.0,"data_generator_VS":-69.073624},{"data_generator_T":165.0,"data_generator_VS":-69.073624},{"data_generator_T":166.0,"data_generator_VS":-69.073624},{"data_generator_T":167.0,"data_generator_VS":-69.073624},{"data_generator_T":168.0,"data_generator_VS":-69.073624},{"data_generator_T":169.0,"data_generator_VS":-69.073624},{"data_generator_T":170.0,"data_generator_VS":-69.073624},{"data_generator_T":171.0,"data_generator_VS":-69.073624},{"data_generator_T":172.0,"data_generator_VS":-69.073624},{"data_generator_T":173.0,"data_generator_VS":-69.073624},{"data_generator_T":174.0,"data_generator_VS":-69.073624},{"data_generator_T":175.0,"data_generator_VS":-69.073624},{"data_generator_T":176.0,"data_generator_VS":-69.073624},{"data_generator_T":177.0,"data_generator_VS":-69.073624},{"data_generator_T":178.0,"data_generator_VS":-69.073624},{"data_generator_T":179.0,"data_generator_VS":-69.073624},{"data_generator_T":180.0,"data_generator_VS":-69.073624},{"data_generator_T":181.0,"data_generator_VS":-69.073624},{"data_generator_T":182.0,"data_generator_VS":-69.073624},{"data_generator_T":183.0,"data_generator_VS":-69.073624},{"data_generator_T":184.0,"data_generator_VS":-69.073624},{"data_generator_T":185.0,"data_generator_VS":-69.073624},{"data_generator_T":186.0,"data_generator_VS":-69.073624},{"data_generator_T":187.0,"data_generator_VS":-69.073624},{"data_generator_T":188.0,"data_generator_VS":-69.073624},{"data_generator_T":189.0,"data_generator_VS":-69.073624},{"data_generator_T":190.0,"data_generator_VS":-69.073624},{"data_generator_T":191.0,"data_generator_VS":-69.073624},{"data_generator_T":192.0,"data_generator_VS":-69.073624},{"data_generator_T":193.0,"data_generator_VS":-69.073624},{"data_generator_T":194.0,"data_generator_VS":-69.073624},{"data_generator_T":195.0,"data_generator_VS":-69.073624},{"data_generator_T":196.0,"data_generator_VS":-69.073624},{"data_generator_T":197.0,"data_generator_VS":-69.073624},{"data_generator_T":198.0,"data_generator_VS":-69.073624},{"data_generator_T":199.0,"data_generator_VS":-69.073624},{"data_generator_T":200.0,"data_generator_VS":-69.073624},{"data_generator_T":201.0,"data_generator_VS":-69.073624},{"data_generator_T":202.0,"data_generator_VS":-69.073624},{"data_generator_T":203.0,"data_generator_VS":-69.073624},{"data_generator_T":204.0,"data_generator_VS":-69.073624},{"data_generator_T":205.0,"data_generator_VS":-69.073624},{"data_generator_T":206.0,"data_generator_VS":-69.073624},{"data_generator_T":207.0,"data_generator_VS":-69.073624},{"data_generator_T":208.0,"data_generator_VS":-69.073624},{"data_generator_T":209.0,"data_generator_VS":-69.073624},{"data_generator_T":210.0,"data_generator_VS":-69.073624},{"data_generator_T":211.0,"data_generator_VS":-69.073624},{"data_generator_T":212.0,"data_generator_VS":-69.073624},{"data_generator_T":213.0,"data_generator_VS":-69.073624},{"data_generator_T":214.0,"data_generator_VS":-69.073624},{"data_generator_T":215.0,"data_generator_VS":-69.073624},{"data_generator_T":216.0,"data_generator_VS":-69.073624},{"data_generator_T":217.0,"data_generator_VS":-69.073624},{"data_generator_T":218.0,"data_generator_VS":-69.073624},{"data_generator_T":219.0,"data_generator_VS":-69.073624},{"data_generator_T":220.0,"data_generator_VS":-69.073624},{"data_generator_T":221.0,"data_generator_VS":-69.073624},{"data_generator_T":222.0,"data_generator_VS":-69.073624},{"data_generator_T":223.0,"data_generator_VS":-69.073624},{"data_generator_T":224.0,"data_generator_VS":-69.073624},{"data_generator_T":225.0,"data_generator_VS":-69.073624},{"data_generator_T":226.0,"data_generator_VS":-69.073624},{"data_generator_T":227.0,"data_generator_VS":-69.073624},{"data_generator_T":228.0,"data_generator_VS":-69.073624},{"data_generator_T":229.0,"data_generator_VS":-69.073624},{"data_generator_T":230.0,"data_generator_VS":-69.073624},{"data_generator_T":231.0,"data_generator_VS":-69.073624},{"data_generator_T":232.0,"data_generator_VS":-69.073624},{"data_generator_T":233.0,"data_generator_VS":-69.073624},{"data_generator_T":234.0,"data_generator_VS":-69.073624},{"data_generator_T":235.0,"data_generator_VS":-69.073624},{"data_generator_T":236.0,"data_generator_VS":-69.073624},{"data_generator_T":237.0,"data_generator_VS":-69.073624},{"data_generator_T":238.0,"data_generator_VS":-69.073624},{"data_generator_T":239.0,"data_generator_VS":-69.073624},{"data_generator_T":240.0,"data_generator_VS":-69.073624},{"data_generator_T":241.0,"data_generator_VS":-69.073624},{"data_generator_T":242.0,"data_generator_VS":-69.073624},{"data_generator_T":243.0,"data_generator_VS":-69.073624},{"data_generator_T":244.0,"data_generator_VS":-69.073624},{"data_generator_T":245.0,"data_generator_VS":-69.073624},{"data_generator_T":246.0,"data_generator_VS":-69.073624},{"data_generator_T":247.0,"data_generator_VS":-69.073624},{"data_generator_T":248.0,"data_generator_VS":-69.073624},{"data_generator_T":249.0,"data_generator_VS":-69.073624},{"data_generator_T":250.0,"data_generator_VS":-69.073624},{"data_generator_T":251.0,"data_generator_VS":-69.073624},{"data_generator_T":252.0,"data_generator_VS":-69.073624},{"data_generator_T":253.0,"data_generator_VS":-69.073624},{"data_generator_T":254.0,"data_generator_VS":-69.073624},{"data_generator_T":255.0,"data_generator_VS":-69.073624},{"data_generator_T":256.0,"data_generator_VS":-69.073624},{"data_generator_T":257.0,"data_generator_VS":-69.073624},{"data_generator_T":258.0,"data_generator_VS":-69.073624},{"data_generator_T":259.0,"data_generator_VS":-69.073624},{"data_generator_T":260.0,"data_generator_VS":-69.073624},{"data_generator_T":261.0,"data_generator_VS":-69.073624},{"data_generator_T":262.0,"data_generator_VS":-69.073624},{"data_generator_T":263.0,"data_generator_VS":-69.073624},{"data_generator_T":264.0,"data_generator_VS":-69.073624},{"data_generator_T":265.0,"data_generator_VS":-69.073624},{"data_generator_T":266.0,"data_generator_VS":-69.073624},{"data_generator_T":267.0,"data_generator_VS":-69.073624},{"data_generator_T":268.0,"data_generator_VS":-69.073624},{"data_generator_T":269.0,"data_generator_VS":-69.073624},{"data_generator_T":270.0,"data_generator_VS":-69.073624},{"data_generator_T":271.0,"data_generator_VS":-69.073624},{"data_generator_T":272.0,"data_generator_VS":-69.073624},{"data_generator_T":273.0,"data_generator_VS":-69.073624},{"data_generator_T":274.0,"data_generator_VS":-69.073624},{"data_generator_T":275.0,"data_generator_VS":-69.073624},{"data_generator_T":276.0,"data_generator_VS":-69.073624},{"data_generator_T":277.0,"data_generator_VS":-69.073624},{"data_generator_T":278.0,"data_generator_VS":-69.073624},{"data_generator_T":279.0,"data_generator_VS":-69.073624},{"data_generator_T":280.0,"data_generator_VS":-69.073624},{"data_generator_T":281.0,"data_generator_VS":-69.073624},{"data_generator_T":282.0,"data_generator_VS":-69.073624},{"data_generator_T":283.0,"data_generator_VS":-69.073624},{"data_generator_T":284.0,"data_generator_VS":-69.073624},{"data_generator_T":285.0,"data_generator_VS":-69.073624},{"data_generator_T":286.0,"data_generator_VS":-69.073624},{"data_generator_T":287.0,"data_generator_VS":-69.073624},{"data_generator_T":288.0,"data_generator_VS":-69.073624},{"data_generator_T":289.0,"data_generator_VS":-69.073624},{"data_generator_T":290.0,"data_generator_VS":-69.073624},{"data_generator_T":291.0,"data_generator_VS":-69.073624},{"data_generator_T":292.0,"data_generator_VS":-69.073624},{"data_generator_T":293.0,"data_generator_VS":-69.073624},{"data_generator_T":294.0,"data_generator_VS":-69.073624},{"data_generator_T":295.0,"data_generator_VS":-69.073624},{"data_generator_T":296.0,"data_generator_VS":-69.073624},{"data_generator_T":297.0,"data_generator_VS":-69.073624},{"data_generator_T":298.0,"data_generator_VS":-69.073624},{"data_generator_T":299.0,"data_generator_VS":-69.073624},{"data_generator_T":300.0,"data_generator_VS":-69.073624},{"data_generator_T":301.0,"data_generator_VS":-69.073624},{"data_generator_T":302.0,"data_generator_VS":-69.073624},{"data_generator_T":303.0,"data_generator_VS":-69.073624},{"data_generator_T":304.0,"data_generator_VS":-69.073624},{"data_generator_T":305.0,"data_generator_VS":-69.073624},{"data_generator_T":306.0,"data_generator_VS":-69.073624},{"data_generator_T":307.0,"data_generator_VS":-69.073624},{"data_generator_T":308.0,"data_generator_VS":-69.073624},{"data_generator_T":309.0,"data_generator_VS":-69.073624},{"data_generator_T":310.0,"data_generator_VS":-69.073624},{"data_generator_T":311.0,"data_generator_VS":-69.073624},{"data_generator_T":312.0,"data_generator_VS":-69.073624},{"data_generator_T":313.0,"data_generator_VS":-69.073624},{"data_generator_T":314.0,"data_generator_VS":-69.073624},{"data_generator_T":315.0,"data_generator_VS":-69.073624},{"data_generator_T":316.0,"data_generator_VS":-69.073624},{"data_generator_T":317.0,"data_generator_VS":-69.073624},{"data_generator_T":318.0,"data_generator_VS":-69.073624},{"data_generator_T":319.0,"data_generator_VS":-69.073624},{"data_generator_T":320.0,"data_generator_VS":-69.073624},{"data_generator_T":321.0,"data_generator_VS":-69.073624},{"data_generator_T":322.0,"data_generator_VS":-69.073624},{"data_generator_T":323.0,"data_generator_VS":-69.073624},{"data_generator_T":324.0,"data_generator_VS":-69.073624},{"data_generator_T":325.0,"data_generator_VS":-69.073624},{"data_generator_T":326.0,"data_generator_VS":-69.073624},{"data_generator_T":327.0,"data_generator_VS":-69.073624},{"data_generator_T":328.0,"data_generator_VS":-69.073624},{"data_generator_T":329.0,"data_generator_VS":-69.073624},{"data_generator_T":330.0,"data_generator_VS":-69.073624},{"data_generator_T":331.0,"data_generator_VS":-69.073624},{"data_generator_T":332.0,"data_generator_VS":-69.073624},{"data_generator_T":333.0,"data_generator_VS":-69.073624},{"data_generator_T":334.0,"data_generator_VS":-69.073624},{"data_generator_T":335.0,"data_generator_VS":-69.073624},{"data_generator_T":336.0,"data_generator_VS":-69.073624},{"data_generator_T":337.0,"data_generator_VS":-69.073624},{"data_generator_T":338.0,"data_generator_VS":-69.073624},{"data_generator_T":339.0,"data_generator_VS":-69.073624},{"data_generator_T":340.0,"data_generator_VS":-69.073624},{"data_generator_T":341.0,"data_generator_VS":-69.073624},{"data_generator_T":342.0,"data_generator_VS":-69.073624},{"data_generator_T":343.0,"data_generator_VS":-69.073624},{"data_generator_T":344.0,"data_generator_VS":-69.073624},{"data_generator_T":345.0,"data_generator_VS":-69.073624},{"data_generator_T":346.0,"data_generator_VS":-69.073624},{"data_generator_T":347.0,"data_generator_VS":-69.073624},{"data_generator_T":348.0,"data_generator_VS":-69.073624},{"data_generator_T":349.0,"data_generator_VS":-69.073624},{"data_generator_T":350.0,"data_generator_VS":-69.073624},{"data_generator_T":351.0,"data_generator_VS":-69.073624},{"data_generator_T":352.0,"data_generator_VS":-69.073624},{"data_generator_T":353.0,"data_generator_VS":-69.073624},{"data_generator_T":354.0,"data_generator_VS":-69.073624},{"data_generator_T":355.0,"data_generator_VS":-69.073624},{"data_generator_T":356.0,"data_generator_VS":-69.073624},{"data_generator_T":357.0,"data_generator_VS":-69.073624},{"data_generator_T":358.0,"data_generator_VS":-69.073624},{"data_generator_T":359.0,"data_generator_VS":-69.073624},{"data_generator_T":360.0,"data_generator_VS":-69.073624},{"data_generator_T":361.0,"data_generator_VS":-69.073624},{"data_generator_T":362.0,"data_generator_VS":-69.073624},{"data_generator_T":363.0,"data_generator_VS":-69.073624},{"data_generator_T":364.0,"data_generator_VS":-69.073624},{"data_generator_T":365.0,"data_generator_VS":-69.073624},{"data_generator_T":366.0,"data_generator_VS":-69.073624},{"data_generator_T":367.0,"data_generator_VS":-69.073624},{"data_generator_T":368.0,"data_generator_VS":-69.073624},{"data_generator_T":369.0,"data_generator_VS":-69.073624},{"data_generator_T":370.0,"data_generator_VS":-69.073624},{"data_generator_T":371.0,"data_generator_VS":-69.073624},{"data_generator_T":372.0,"data_generator_VS":-69.073624},{"data_generator_T":373.0,"data_generator_VS":-69.073624},{"data_generator_T":374.0,"data_generator_VS":-69.073624},{"data_generator_T":375.0,"data_generator_VS":-69.073624},{"data_generator_T":376.0,"data_generator_VS":-69.073624},{"data_generator_T":377.0,"data_generator_VS":-69.073624},{"data_generator_T":378.0,"data_generator_VS":-69.073624},{"data_generator_T":379.0,"data_generator_VS":-69.073624},{"data_generator_T":380.0,"data_generator_VS":-69.073624},{"data_generator_T":381.0,"data_generator_VS":-69.073624},{"data_generator_T":382.0,"data_generator_VS":-69.073624},{"data_generator_T":383.0,"data_generator_VS":-69.073624},{"data_generator_T":384.0,"data_generator_VS":-69.073624},{"data_generator_T":385.0,"data_generator_VS":-69.073624},{"data_generator_T":386.0,"data_generator_VS":-69.073624},{"data_generator_T":387.0,"data_generator_VS":-69.073624},{"data_generator_T":388.0,"data_generator_VS":-69.073624},{"data_generator_T":389.0,"data_generator_VS":-69.073624},{"data_generator_T":390.0,"data_generator_VS":-69.073624},{"data_generator_T":391.0,"data_generator_VS":-69.073624},{"data_generator_T":392.0,"data_generator_VS":-69.073624},{"data_generator_T":393.0,"data_generator_VS":-69.073624},{"data_generator_T":394.0,"data_generator_VS":-69.073624},{"data_generator_T":395.0,"data_generator_VS":-69.073624},{"data_generator_T":396.0,"data_generator_VS":-69.073624},{"data_generator_T":397.0,"data_generator_VS":-69.073624},{"data_generator_T":398.0,"data_generator_VS":-69.073624},{"data_generator_T":399.0,"data_generator_VS":-69.073624},{"data_generator_T":400.0,"data_generator_VS":-69.073624},{"data_generator_T":401.0,"data_generator_VS":-69.073624},{"data_generator_T":402.0,"data_generator_VS":-69.073624},{"data_generator_T":403.0,"data_generator_VS":-69.073624},{"data_generator_T":404.0,"data_generator_VS":-69.073624},{"data_generator_T":405.0,"data_generator_VS":-69.073624},{"data_generator_T":406.0,"data_generator_VS":-69.073624},{"data_generator_T":407.0,"data_generator_VS":-69.073624},{"data_generator_T":408.0,"data_generator_VS":-69.073624},{"data_generator_T":409.0,"data_generator_VS":-69.073624},{"data_generator_T":410.0,"data_generator_VS":-69.073624},{"data_generator_T":411.0,"data_generator_VS":-69.073624},{"data_generator_T":412.0,"data_generator_VS":-69.073624},{"data_generator_T":413.0,"data_generator_VS":-69.073624},{"data_generator_T":414.0,"data_generator_VS":-69.073624},{"data_generator_T":415.0,"data_generator_VS":-69.073624},{"data_generator_T":416.0,"data_generator_VS":-69.073624},{"data_generator_T":417.0,"data_generator_VS":-69.073624},{"data_generator_T":418.0,"data_generator_VS":-69.073624},{"data_generator_T":419.0,"data_generator_VS":-69.073624},{"data_generator_T":420.0,"data_generator_VS":-69.073624},{"data_generator_T":421.0,"data_generator_VS":-69.073624},{"data_generator_T":422.0,"data_generator_VS":-69.073624},{"data_generator_T":423.0,"data_generator_VS":-69.073624},{"data_generator_T":424.0,"data_generator_VS":-69.073624},{"data_generator_T":425.0,"data_generator_VS":-69.073624},{"data_generator_T":426.0,"data_generator_VS":-69.073624},{"data_generator_T":427.0,"data_generator_VS":-69.073624},{"data_generator_T":428.0,"data_generator_VS":-69.073624},{"data_generator_T":429.0,"data_generator_VS":-69.073624},{"data_generator_T":430.0,"data_generator_VS":-69.073624},{"data_generator_T":431.0,"data_generator_VS":-69.073624},{"data_generator_T":432.0,"data_generator_VS":-69.073624},{"data_generator_T":433.0,"data_generator_VS":-69.073624},{"data_generator_T":434.0,"data_generator_VS":-69.073624},{"data_generator_T":435.0,"data_generator_VS":-69.073624},{"data_generator_T":436.0,"data_generator_VS":-69.073624},{"data_generator_T":437.0,"data_generator_VS":-69.073624},{"data_generator_T":438.0,"data_generator_VS":-69.073624},{"data_generator_T":439.0,"data_generator_VS":-69.073624},{"data_generator_T":440.0,"data_generator_VS":-69.073624},{"data_generator_T":441.0,"data_generator_VS":-69.073624},{"data_generator_T":442.0,"data_generator_VS":-69.073624},{"data_generator_T":443.0,"data_generator_VS":-69.073624},{"data_generator_T":444.0,"data_generator_VS":-69.073624},{"data_generator_T":445.0,"data_generator_VS":-69.073624},{"data_generator_T":446.0,"data_generator_VS":-69.073624},{"data_generator_T":447.0,"data_generator_VS":-69.073624},{"data_generator_T":448.0,"data_generator_VS":-69.073624},{"data_generator_T":449.0,"data_generator_VS":-69.073624},{"data_generator_T":450.0,"data_generator_VS":-69.073624},{"data_generator_T":451.0,"data_generator_VS":-69.073624},{"data_generator_T":452.0,"data_generator_VS":-69.073624},{"data_generator_T":453.0,"data_generator_VS":-69.073624},{"data_generator_T":454.0,"data_generator_VS":-69.073624},{"data_generator_T":455.0,"data_generator_VS":-69.073624},{"data_generator_T":456.0,"data_generator_VS":-69.073624},{"data_generator_T":457.0,"data_generator_VS":-69.073624},{"data_generator_T":458.0,"data_generator_VS":-69.073624},{"data_generator_T":459.0,"data_generator_VS":-69.073624},{"data_generator_T":460.0,"data_generator_VS":-69.073624},{"data_generator_T":461.0,"data_generator_VS":-69.073624},{"data_generator_T":462.0,"data_generator_VS":-69.073624},{"data_generator_T":463.0,"data_generator_VS":-69.073624},{"data_generator_T":464.0,"data_generator_VS":-69.073624},{"data_generator_T":465.0,"data_generator_VS":-69.073624},{"data_generator_T":466.0,"data_generator_VS":-69.073624},{"data_generator_T":467.0,"data_generator_VS":-69.073624},{"data_generator_T":468.0,"data_generator_VS":-69.073624},{"data_generator_T":469.0,"data_generator_VS":-69.073624},{"data_generator_T":470.0,"data_generator_VS":-69.073624},{"data_generator_T":471.0,"data_generator_VS":-69.073624},{"data_generator_T":472.0,"data_generator_VS":-69.073624},{"data_generator_T":473.0,"data_generator_VS":-69.073624},{"data_generator_T":474.0,"data_generator_VS":-69.073624},{"data_generator_T":475.0,"data_generator_VS":-69.073624},{"data_generator_T":476.0,"data_generator_VS":-69.073624},{"data_generator_T":477.0,"data_generator_VS":-69.073624},{"data_generator_T":478.0,"data_generator_VS":-69.073624},{"data_generator_T":479.0,"data_generator_VS":-69.073624},{"data_generator_T":480.0,"data_generator_VS":-69.073624},{"data_generator_T":481.0,"data_generator_VS":-69.073624},{"data_generator_T":482.0,"data_generator_VS":-69.073624},{"data_generator_T":483.0,"data_generator_VS":-69.073624},{"data_generator_T":484.0,"data_generator_VS":-69.073624},{"data_generator_T":485.0,"data_generator_VS":-69.073624},{"data_generator_T":486.0,"data_generator_VS":-69.073624},{"data_generator_T":487.0,"data_generator_VS":-69.073624},{"data_generator_T":488.0,"data_generator_VS":-69.073624},{"data_generator_T":489.0,"data_generator_VS":-69.073624},{"data_generator_T":490.0,"data_generator_VS":-69.073624},{"data_generator_T":491.0,"data_generator_VS":-69.073624},{"data_generator_T":492.0,"data_generator_VS":-69.073624},{"data_generator_T":493.0,"data_generator_VS":-69.073624},{"data_generator_T":494.0,"data_generator_VS":-69.073624},{"data_generator_T":495.0,"data_generator_VS":-69.073624},{"data_generator_T":496.0,"data_generator_VS":-69.073624},{"data_generator_T":497.0,"data_generator_VS":-69.073624},{"data_generator_T":498.0,"data_generator_VS":-69.073624},{"data_generator_T":499.0,"data_generator_VS":-69.073624},{"data_generator_T":500.0,"data_generator_VS":-69.073624},{"data_generator_T":501.0,"data_generator_VS":-69.073624},{"data_generator_T":502.0,"data_generator_VS":-69.073624},{"data_generator_T":503.0,"data_generator_VS":-69.073624},{"data_generator_T":504.0,"data_generator_VS":-69.073624},{"data_generator_T":505.0,"data_generator_VS":-69.073624},{"data_generator_T":506.0,"data_generator_VS":-69.073624},{"data_generator_T":507.0,"data_generator_VS":-69.073624},{"data_generator_T":508.0,"data_generator_VS":-69.073624},{"data_generator_T":509.0,"data_generator_VS":-69.073624},{"data_generator_T":510.0,"data_generator_VS":-69.073624},{"data_generator_T":511.0,"data_generator_VS":-69.073624},{"data_generator_T":512.0,"data_generator_VS":-69.073624},{"data_generator_T":513.0,"data_generator_VS":-69.073624},{"data_generator_T":514.0,"data_generator_VS":-69.073624},{"data_generator_T":515.0,"data_generator_VS":-69.073624},{"data_generator_T":516.0,"data_generator_VS":-69.073624},{"data_generator_T":517.0,"data_generator_VS":-69.073624},{"data_generator_T":518.0,"data_generator_VS":-69.073624},{"data_generator_T":519.0,"data_generator_VS":-69.073624},{"data_generator_T":520.0,"data_generator_VS":-69.073624},{"data_generator_T":521.0,"data_generator_VS":-69.073624},{"data_generator_T":522.0,"data_generator_VS":-69.073624},{"data_generator_T":523.0,"data_generator_VS":-69.073624},{"data_generator_T":524.0,"data_generator_VS":-69.073624},{"data_generator_T":525.0,"data_generator_VS":-69.073624},{"data_generator_T":526.0,"data_generator_VS":-69.073624},{"data_generator_T":527.0,"data_generator_VS":-69.073624},{"data_generator_T":528.0,"data_generator_VS":-69.073624},{"data_generator_T":529.0,"data_generator_VS":-69.073624},{"data_generator_T":530.0,"data_generator_VS":-69.073624},{"data_generator_T":531.0,"data_generator_VS":-69.073624},{"data_generator_T":532.0,"data_generator_VS":-69.073624},{"data_generator_T":533.0,"data_generator_VS":-69.073624},{"data_generator_T":534.0,"data_generator_VS":-69.073624},{"data_generator_T":535.0,"data_generator_VS":-69.073624},{"data_generator_T":536.0,"data_generator_VS":-69.073624},{"data_generator_T":537.0,"data_generator_VS":-69.073624},{"data_generator_T":538.0,"data_generator_VS":-69.073624},{"data_generator_T":539.0,"data_generator_VS":-69.073624},{"data_generator_T":540.0,"data_generator_VS":-69.073624},{"data_generator_T":541.0,"data_generator_VS":-69.073624},{"data_generator_T":542.0,"data_generator_VS":-69.073624},{"data_generator_T":543.0,"data_generator_VS":-69.073624},{"data_generator_T":544.0,"data_generator_VS":-69.073624},{"data_generator_T":545.0,"data_generator_VS":-69.073624},{"data_generator_T":546.0,"data_generator_VS":-69.073624},{"data_generator_T":547.0,"data_generator_VS":-69.073624},{"data_generator_T":548.0,"data_generator_VS":-69.073624},{"data_generator_T":549.0,"data_generator_VS":-69.073624},{"data_generator_T":550.0,"data_generator_VS":-69.073624},{"data_generator_T":551.0,"data_generator_VS":-69.073624},{"data_generator_T":552.0,"data_generator_VS":-69.073624},{"data_generator_T":553.0,"data_generator_VS":-69.073624},{"data_generator_T":554.0,"data_generator_VS":-69.073624},{"data_generator_T":555.0,"data_generator_VS":-69.073624},{"data_generator_T":556.0,"data_generator_VS":-69.073624},{"data_generator_T":557.0,"data_generator_VS":-69.073624},{"data_generator_T":558.0,"data_generator_VS":-69.073624},{"data_generator_T":559.0,"data_generator_VS":-69.073624},{"data_generator_T":560.0,"data_generator_VS":-69.073624},{"data_generator_T":561.0,"data_generator_VS":-69.073624},{"data_generator_T":562.0,"data_generator_VS":-69.073624},{"data_generator_T":563.0,"data_generator_VS":-69.073624},{"data_generator_T":564.0,"data_generator_VS":-69.073624},{"data_generator_T":565.0,"data_generator_VS":-69.073624},{"data_generator_T":566.0,"data_generator_VS":-69.073624},{"data_generator_T":567.0,"data_generator_VS":-69.073624},{"data_generator_T":568.0,"data_generator_VS":-69.073624},{"data_generator_T":569.0,"data_generator_VS":-69.073624},{"data_generator_T":570.0,"data_generator_VS":-69.073624},{"data_generator_T":571.0,"data_generator_VS":-69.073624},{"data_generator_T":572.0,"data_generator_VS":-69.073624},{"data_generator_T":573.0,"data_generator_VS":-69.073624},{"data_generator_T":574.0,"data_generator_VS":-69.073624},{"data_generator_T":575.0,"data_generator_VS":-69.073624},{"data_generator_T":576.0,"data_generator_VS":-69.073624},{"data_generator_T":577.0,"data_generator_VS":-69.073624},{"data_generator_T":578.0,"data_generator_VS":-69.073624},{"data_generator_T":579.0,"data_generator_VS":-69.073624},{"data_generator_T":580.0,"data_generator_VS":-69.073624},{"data_generator_T":581.0,"data_generator_VS":-69.073624},{"data_generator_T":582.0,"data_generator_VS":-69.073624},{"data_generator_T":583.0,"data_generator_VS":-69.073624},{"data_generator_T":584.0,"data_generator_VS":-69.073624},{"data_generator_T":585.0,"data_generator_VS":-69.073624},{"data_generator_T":586.0,"data_generator_VS":-69.073624},{"data_generator_T":587.0,"data_generator_VS":-69.073624},{"data_generator_T":588.0,"data_generator_VS":-69.073624},{"data_generator_T":589.0,"data_generator_VS":-69.073624},{"data_generator_T":590.0,"data_generator_VS":-69.073624},{"data_generator_T":591.0,"data_generator_VS":-69.073624},{"data_generator_T":592.0,"data_generator_VS":-69.073624},{"data_generator_T":593.0,"data_generator_VS":-69.073624},{"data_generator_T":594.0,"data_generator_VS":-69.073624},{"data_generator_T":595.0,"data_generator_VS":-69.073624},{"data_generator_T":596.0,"data_generator_VS":-69.073624},{"data_generator_T":597.0,"data_generator_VS":-69.073624},{"data_generator_T":598.0,"data_generator_VS":-69.073624},{"data_generator_T":599.0,"data_generator_VS":-69.073624},{"data_generator_T":600.0,"data_generator_VS":-69.073624},{"data_generator_T":601.0,"data_generator_VS":-69.073624},{"data_generator_T":602.0,"data_generator_VS":-69.073624},{"data_generator_T":603.0,"data_generator_VS":-69.073624},{"data_generator_T":604.0,"data_generator_VS":-69.073624},{"data_generator_T":605.0,"data_generator_VS":-69.073624},{"data_generator_T":606.0,"data_generator_VS":-69.073624},{"data_generator_T":607.0,"data_generator_VS":-69.073624},{"data_generator_T":608.0,"data_generator_VS":-69.073624},{"data_generator_T":609.0,"data_generator_VS":-69.073624},{"data_generator_T":610.0,"data_generator_VS":-69.073624},{"data_generator_T":611.0,"data_generator_VS":-69.073624},{"data_generator_T":612.0,"data_generator_VS":-69.073624},{"data_generator_T":613.0,"data_generator_VS":-69.073624},{"data_generator_T":614.0,"data_generator_VS":-69.073624},{"data_generator_T":615.0,"data_generator_VS":-69.073624},{"data_generator_T":616.0,"data_generator_VS":-69.073624},{"data_generator_T":617.0,"data_generator_VS":-69.073624},{"data_generator_T":618.0,"data_generator_VS":-69.073624},{"data_generator_T":619.0,"data_generator_VS":-69.073624},{"data_generator_T":620.0,"data_generator_VS":-69.073624},{"data_generator_T":621.0,"data_generator_VS":-69.073624},{"data_generator_T":622.0,"data_generator_VS":-69.073624},{"data_generator_T":623.0,"data_generator_VS":-69.073624},{"data_generator_T":624.0,"data_generator_VS":-69.073624},{"data_generator_T":625.0,"data_generator_VS":-69.073624},{"data_generator_T":626.0,"data_generator_VS":-69.073624},{"data_generator_T":627.0,"data_generator_VS":-69.073624},{"data_generator_T":628.0,"data_generator_VS":-69.073624},{"data_generator_T":629.0,"data_generator_VS":-69.073624},{"data_generator_T":630.0,"data_generator_VS":-69.073624},{"data_generator_T":631.0,"data_generator_VS":-69.073624},{"data_generator_T":632.0,"data_generator_VS":-69.073624},{"data_generator_T":633.0,"data_generator_VS":-69.073624},{"data_generator_T":634.0,"data_generator_VS":-69.073624},{"data_generator_T":635.0,"data_generator_VS":-69.073624},{"data_generator_T":636.0,"data_generator_VS":-69.073624},{"data_generator_T":637.0,"data_generator_VS":-69.073624},{"data_generator_T":638.0,"data_generator_VS":-69.073624},{"data_generator_T":639.0,"data_generator_VS":-69.073624},{"data_generator_T":640.0,"data_generator_VS":-69.073624},{"data_generator_T":641.0,"data_generator_VS":-69.073624},{"data_generator_T":642.0,"data_generator_VS":-69.073624},{"data_generator_T":643.0,"data_generator_VS":-69.073624},{"data_generator_T":644.0,"data_generator_VS":-69.073624},{"data_generator_T":645.0,"data_generator_VS":-69.073624},{"data_generator_T":646.0,"data_generator_VS":-69.073624},{"data_generator_T":647.0,"data_generator_VS":-69.073624},{"data_generator_T":648.0,"data_generator_VS":-69.073624},{"data_generator_T":649.0,"data_generator_VS":-69.073624},{"data_generator_T":650.0,"data_generator_VS":-69.073624},{"data_generator_T":651.0,"data_generator_VS":-69.073624},{"data_generator_T":652.0,"data_generator_VS":-69.073624},{"data_generator_T":653.0,"data_generator_VS":-69.073624},{"data_generator_T":654.0,"data_generator_VS":-69.073624},{"data_generator_T":655.0,"data_generator_VS":-69.073624},{"data_generator_T":656.0,"data_generator_VS":-69.073624},{"data_generator_T":657.0,"data_generator_VS":-69.073624},{"data_generator_T":658.0,"data_generator_VS":-69.073624},{"data_generator_T":659.0,"data_generator_VS":-69.073624},{"data_generator_T":660.0,"data_generator_VS":-69.073624},{"data_generator_T":661.0,"data_generator_VS":-69.073624},{"data_generator_T":662.0,"data_generator_VS":-69.073624},{"data_generator_T":663.0,"data_generator_VS":-69.073624},{"data_generator_T":664.0,"data_generator_VS":-69.073624},{"data_generator_T":665.0,"data_generator_VS":-69.073624},{"data_generator_T":666.0,"data_generator_VS":-69.073624},{"data_generator_T":667.0,"data_generator_VS":-69.073624},{"data_generator_T":668.0,"data_generator_VS":-69.073624},{"data_generator_T":669.0,"data_generator_VS":-69.073624},{"data_generator_T":670.0,"data_generator_VS":-69.073624},{"data_generator_T":671.0,"data_generator_VS":-69.073624},{"data_generator_T":672.0,"data_generator_VS":-69.073624},{"data_generator_T":673.0,"data_generator_VS":-69.073624},{"data_generator_T":674.0,"data_generator_VS":-69.073624},{"data_generator_T":675.0,"data_generator_VS":-69.073624},{"data_generator_T":676.0,"data_generator_VS":-69.073624},{"data_generator_T":677.0,"data_generator_VS":-69.073624},{"data_generator_T":678.0,"data_generator_VS":-69.073624},{"data_generator_T":679.0,"data_generator_VS":-69.073624},{"data_generator_T":680.0,"data_generator_VS":-69.073624},{"data_generator_T":681.0,"data_generator_VS":-69.073624},{"data_generator_T":682.0,"data_generator_VS":-69.073624},{"data_generator_T":683.0,"data_generator_VS":-69.073624},{"data_generator_T":684.0,"data_generator_VS":-69.073624},{"data_generator_T":685.0,"data_generator_VS":-69.073624},{"data_generator_T":686.0,"data_generator_VS":-69.073624},{"data_generator_T":687.0,"data_generator_VS":-69.073624},{"data_generator_T":688.0,"data_generator_VS":-69.073624},{"data_generator_T":689.0,"data_generator_VS":-69.073624},{"data_generator_T":690.0,"data_generator_VS":-69.073624},{"data_generator_T":691.0,"data_generator_VS":-69.073624},{"data_generator_T":692.0,"data_generator_VS":-69.073624},{"data_generator_T":693.0,"data_generator_VS":-69.073624},{"data_generator_T":694.0,"data_generator_VS":-69.073624},{"data_generator_T":695.0,"data_generator_VS":-69.073624},{"data_generator_T":696.0,"data_generator_VS":-69.073624},{"data_generator_T":697.0,"data_generator_VS":-69.073624},{"data_generator_T":698.0,"data_generator_VS":-69.073624},{"data_generator_T":699.0,"data_generator_VS":-69.073624},{"data_generator_T":700.0,"data_generator_VS":-69.073624},{"data_generator_T":701.0,"data_generator_VS":-69.073624},{"data_generator_T":702.0,"data_generator_VS":-69.073624},{"data_generator_T":703.0,"data_generator_VS":-69.073624},{"data_generator_T":704.0,"data_generator_VS":-69.073624},{"data_generator_T":705.0,"data_generator_VS":-69.073624},{"data_generator_T":706.0,"data_generator_VS":-69.073624},{"data_generator_T":707.0,"data_generator_VS":-69.073624},{"data_generator_T":708.0,"data_generator_VS":-69.073624},{"data_generator_T":709.0,"data_generator_VS":-69.073624},{"data_generator_T":710.0,"data_generator_VS":-69.073624},{"data_generator_T":711.0,"data_generator_VS":-69.073624},{"data_generator_T":712.0,"data_generator_VS":-69.073624},{"data_generator_T":713.0,"data_generator_VS":-69.073624},{"data_generator_T":714.0,"data_generator_VS":-69.073624},{"data_generator_T":715.0,"data_generator_VS":-69.073624},{"data_generator_T":716.0,"data_generator_VS":-69.073624},{"data_generator_T":717.0,"data_generator_VS":-69.073624},{"data_generator_T":718.0,"data_generator_VS":-69.073624},{"data_generator_T":719.0,"data_generator_VS":-69.073624},{"data_generator_T":720.0,"data_generator_VS":-69.073624},{"data_generator_T":721.0,"data_generator_VS":-69.073624},{"data_generator_T":722.0,"data_generator_VS":-69.073624},{"data_generator_T":723.0,"data_generator_VS":-69.073624},{"data_generator_T":724.0,"data_generator_VS":-69.073624},{"data_generator_T":725.0,"data_generator_VS":-69.073624},{"data_generator_T":726.0,"data_generator_VS":-69.073624},{"data_generator_T":727.0,"data_generator_VS":-69.073624},{"data_generator_T":728.0,"data_generator_VS":-69.073624},{"data_generator_T":729.0,"data_generator_VS":-69.073624},{"data_generator_T":730.0,"data_generator_VS":-69.073624},{"data_generator_T":731.0,"data_generator_VS":-69.073624},{"data_generator_T":732.0,"data_generator_VS":-69.073624},{"data_generator_T":733.0,"data_generator_VS":-69.073624},{"data_generator_T":734.0,"data_generator_VS":-69.073624},{"data_generator_T":735.0,"data_generator_VS":-69.073624},{"data_generator_T":736.0,"data_generator_VS":-69.073624},{"data_generator_T":737.0,"data_generator_VS":-69.073624},{"data_generator_T":738.0,"data_generator_VS":-69.073624},{"data_generator_T":739.0,"data_generator_VS":-69.073624},{"data_generator_T":740.0,"data_generator_VS":-69.073624},{"data_generator_T":741.0,"data_generator_VS":-69.073624},{"data_generator_T":742.0,"data_generator_VS":-69.073624},{"data_generator_T":743.0,"data_generator_VS":-69.073624},{"data_generator_T":744.0,"data_generator_VS":-69.073624},{"data_generator_T":745.0,"data_generator_VS":-69.073624},{"data_generator_T":746.0,"data_generator_VS":-69.073624},{"data_generator_T":747.0,"data_generator_VS":-69.073624},{"data_generator_T":748.0,"data_generator_VS":-69.073624},{"data_generator_T":749.0,"data_generator_VS":-69.073624},{"data_generator_T":750.0,"data_generator_VS":-69.073624},{"data_generator_T":751.0,"data_generator_VS":-69.073624},{"data_generator_T":752.0,"data_generator_VS":-69.073624},{"data_generator_T":753.0,"data_generator_VS":-69.073624},{"data_generator_T":754.0,"data_generator_VS":-69.073624},{"data_generator_T":755.0,"data_generator_VS":-69.073624},{"data_generator_T":756.0,"data_generator_VS":-69.073624},{"data_generator_T":757.0,"data_generator_VS":-69.073624},{"data_generator_T":758.0,"data_generator_VS":-69.073624},{"data_generator_T":759.0,"data_generator_VS":-69.073624},{"data_generator_T":760.0,"data_generator_VS":-69.073624},{"data_generator_T":761.0,"data_generator_VS":-69.073624},{"data_generator_T":762.0,"data_generator_VS":-69.073624},{"data_generator_T":763.0,"data_generator_VS":-69.073624},{"data_generator_T":764.0,"data_generator_VS":-69.073624},{"data_generator_T":765.0,"data_generator_VS":-69.073624},{"data_generator_T":766.0,"data_generator_VS":-69.073624},{"data_generator_T":767.0,"data_generator_VS":-69.073624},{"data_generator_T":768.0,"data_generator_VS":-69.073624},{"data_generator_T":769.0,"data_generator_VS":-69.073624},{"data_generator_T":770.0,"data_generator_VS":-69.073624},{"data_generator_T":771.0,"data_generator_VS":-69.073624},{"data_generator_T":772.0,"data_generator_VS":-69.073624},{"data_generator_T":773.0,"data_generator_VS":-69.073624},{"data_generator_T":774.0,"data_generator_VS":-69.073624},{"data_generator_T":775.0,"data_generator_VS":-69.073624},{"data_generator_T":776.0,"data_generator_VS":-69.073624},{"data_generator_T":777.0,"data_generator_VS":-69.073624},{"data_generator_T":778.0,"data_generator_VS":-69.073624},{"data_generator_T":779.0,"data_generator_VS":-69.073624},{"data_generator_T":780.0,"data_generator_VS":-69.073624},{"data_generator_T":781.0,"data_generator_VS":-69.073624},{"data_generator_T":782.0,"data_generator_VS":-69.073624},{"data_generator_T":783.0,"data_generator_VS":-69.073624},{"data_generator_T":784.0,"data_generator_VS":-69.073624},{"data_generator_T":785.0,"data_generator_VS":-69.073624},{"data_generator_T":786.0,"data_generator_VS":-69.073624},{"data_generator_T":787.0,"data_generator_VS":-69.073624},{"data_generator_T":788.0,"data_generator_VS":-69.073624},{"data_generator_T":789.0,"data_generator_VS":-69.073624},{"data_generator_T":790.0,"data_generator_VS":-69.073624},{"data_generator_T":791.0,"data_generator_VS":-69.073624},{"data_generator_T":792.0,"data_generator_VS":-69.073624},{"data_generator_T":793.0,"data_generator_VS":-69.073624},{"data_generator_T":794.0,"data_generator_VS":-69.073624},{"data_generator_T":795.0,"data_generator_VS":-69.073624},{"data_generator_T":796.0,"data_generator_VS":-69.073624},{"data_generator_T":797.0,"data_generator_VS":-69.073624},{"data_generator_T":798.0,"data_generator_VS":-69.073624},{"data_generator_T":799.0,"data_generator_VS":-69.073624},{"data_generator_T":800.0,"data_generator_VS":-69.073624},{"data_generator_T":801.0,"data_generator_VS":-69.073624},{"data_generator_T":802.0,"data_generator_VS":-69.073624},{"data_generator_T":803.0,"data_generator_VS":-69.073624},{"data_generator_T":804.0,"data_generator_VS":-69.073624},{"data_generator_T":805.0,"data_generator_VS":-69.073624},{"data_generator_T":806.0,"data_generator_VS":-69.073624},{"data_generator_T":807.0,"data_generator_VS":-69.073624},{"data_generator_T":808.0,"data_generator_VS":-69.073624},{"data_generator_T":809.0,"data_generator_VS":-69.073624},{"data_generator_T":810.0,"data_generator_VS":-69.073624},{"data_generator_T":811.0,"data_generator_VS":-69.073624},{"data_generator_T":812.0,"data_generator_VS":-69.073624},{"data_generator_T":813.0,"data_generator_VS":-69.073624},{"data_generator_T":814.0,"data_generator_VS":-69.073624},{"data_generator_T":815.0,"data_generator_VS":-69.073624},{"data_generator_T":816.0,"data_generator_VS":-69.073624},{"data_generator_T":817.0,"data_generator_VS":-69.073624},{"data_generator_T":818.0,"data_generator_VS":-69.073624},{"data_generator_T":819.0,"data_generator_VS":-69.073624},{"data_generator_T":820.0,"data_generator_VS":-69.073624},{"data_generator_T":821.0,"data_generator_VS":-69.073624},{"data_generator_T":822.0,"data_generator_VS":-69.073624},{"data_generator_T":823.0,"data_generator_VS":-69.073624},{"data_generator_T":824.0,"data_generator_VS":-69.073624},{"data_generator_T":825.0,"data_generator_VS":-69.073624},{"data_generator_T":826.0,"data_generator_VS":-69.073624},{"data_generator_T":827.0,"data_generator_VS":-69.073624},{"data_generator_T":828.0,"data_generator_VS":-69.073624},{"data_generator_T":829.0,"data_generator_VS":-69.073624},{"data_generator_T":830.0,"data_generator_VS":-69.073624},{"data_generator_T":831.0,"data_generator_VS":-69.073624},{"data_generator_T":832.0,"data_generator_VS":-69.073624},{"data_generator_T":833.0,"data_generator_VS":-69.073624},{"data_generator_T":834.0,"data_generator_VS":-69.073624},{"data_generator_T":835.0,"data_generator_VS":-69.073624},{"data_generator_T":836.0,"data_generator_VS":-69.073624},{"data_generator_T":837.0,"data_generator_VS":-69.073624},{"data_generator_T":838.0,"data_generator_VS":-69.073624},{"data_generator_T":839.0,"data_generator_VS":-69.073624},{"data_generator_T":840.0,"data_generator_VS":-69.073624},{"data_generator_T":841.0,"data_generator_VS":-69.073624},{"data_generator_T":842.0,"data_generator_VS":-69.073624},{"data_generator_T":843.0,"data_generator_VS":-69.073624},{"data_generator_T":844.0,"data_generator_VS":-69.073624},{"data_generator_T":845.0,"data_generator_VS":-69.073624},{"data_generator_T":846.0,"data_generator_VS":-69.073624},{"data_generator_T":847.0,"data_generator_VS":-69.073624},{"data_generator_T":848.0,"data_generator_VS":-69.073624},{"data_generator_T":849.0,"data_generator_VS":-69.073624},{"data_generator_T":850.0,"data_generator_VS":-69.073624},{"data_generator_T":851.0,"data_generator_VS":-69.073624},{"data_generator_T":852.0,"data_generator_VS":-69.073624},{"data_generator_T":853.0,"data_generator_VS":-69.073624},{"data_generator_T":854.0,"data_generator_VS":-69.073624},{"data_generator_T":855.0,"data_generator_VS":-69.073624},{"data_generator_T":856.0,"data_generator_VS":-69.073624},{"data_generator_T":857.0,"data_generator_VS":-69.073624},{"data_generator_T":858.0,"data_generator_VS":-69.073624},{"data_generator_T":859.0,"data_generator_VS":-69.073624},{"data_generator_T":860.0,"data_generator_VS":-69.073624},{"data_generator_T":861.0,"data_generator_VS":-69.073624},{"data_generator_T":862.0,"data_generator_VS":-69.073624},{"data_generator_T":863.0,"data_generator_VS":-69.073624},{"data_generator_T":864.0,"data_generator_VS":-69.073624},{"data_generator_T":865.0,"data_generator_VS":-69.073624},{"data_generator_T":866.0,"data_generator_VS":-69.073624},{"data_generator_T":867.0,"data_generator_VS":-69.073624},{"data_generator_T":868.0,"data_generator_VS":-69.073624},{"data_generator_T":869.0,"data_generator_VS":-69.073624},{"data_generator_T":870.0,"data_generator_VS":-69.073624},{"data_generator_T":871.0,"data_generator_VS":-69.073624},{"data_generator_T":872.0,"data_generator_VS":-69.073624},{"data_generator_T":873.0,"data_generator_VS":-69.073624},{"data_generator_T":874.0,"data_generator_VS":-69.073624},{"data_generator_T":875.0,"data_generator_VS":-69.073624},{"data_generator_T":876.0,"data_generator_VS":-69.073624},{"data_generator_T":877.0,"data_generator_VS":-69.073624},{"data_generator_T":878.0,"data_generator_VS":-69.073624},{"data_generator_T":879.0,"data_generator_VS":-69.073624},{"data_generator_T":880.0,"data_generator_VS":-69.073624},{"data_generator_T":881.0,"data_generator_VS":-69.073624},{"data_generator_T":882.0,"data_generator_VS":-69.073624},{"data_generator_T":883.0,"data_generator_VS":-69.073624},{"data_generator_T":884.0,"data_generator_VS":-69.073624},{"data_generator_T":885.0,"data_generator_VS":-69.073624},{"data_generator_T":886.0,"data_generator_VS":-69.073624},{"data_generator_T":887.0,"data_generator_VS":-69.073624},{"data_generator_T":888.0,"data_generator_VS":-69.073624},{"data_generator_T":889.0,"data_generator_VS":-69.073624},{"data_generator_T":890.0,"data_generator_VS":-69.073624},{"data_generator_T":891.0,"data_generator_VS":-69.073624},{"data_generator_T":892.0,"data_generator_VS":-69.073624},{"data_generator_T":893.0,"data_generator_VS":-69.073624},{"data_generator_T":894.0,"data_generator_VS":-69.073624},{"data_generator_T":895.0,"data_generator_VS":-69.073624},{"data_generator_T":896.0,"data_generator_VS":-69.073624},{"data_generator_T":897.0,"data_generator_VS":-69.073624},{"data_generator_T":898.0,"data_generator_VS":-69.073624},{"data_generator_T":899.0,"data_generator_VS":-69.073624},{"data_generator_T":900.0,"data_generator_VS":-69.073624},{"data_generator_T":901.0,"data_generator_VS":-69.073624},{"data_generator_T":902.0,"data_generator_VS":-69.073624},{"data_generator_T":903.0,"data_generator_VS":-69.073624},{"data_generator_T":904.0,"data_generator_VS":-69.073624},{"data_generator_T":905.0,"data_generator_VS":-69.073624},{"data_generator_T":906.0,"data_generator_VS":-69.073624},{"data_generator_T":907.0,"data_generator_VS":-69.073624},{"data_generator_T":908.0,"data_generator_VS":-69.073624},{"data_generator_T":909.0,"data_generator_VS":-69.073624},{"data_generator_T":910.0,"data_generator_VS":-69.073624},{"data_generator_T":911.0,"data_generator_VS":-69.073624},{"data_generator_T":912.0,"data_generator_VS":-69.073624},{"data_generator_T":913.0,"data_generator_VS":-69.073624},{"data_generator_T":914.0,"data_generator_VS":-69.073624},{"data_generator_T":915.0,"data_generator_VS":-69.073624},{"data_generator_T":916.0,"data_generator_VS":-69.073624},{"data_generator_T":917.0,"data_generator_VS":-69.073624},{"data_generator_T":918.0,"data_generator_VS":-69.073624},{"data_generator_T":919.0,"data_generator_VS":-69.073624},{"data_generator_T":920.0,"data_generator_VS":-69.073624},{"data_generator_T":921.0,"data_generator_VS":-69.073624},{"data_generator_T":922.0,"data_generator_VS":-69.073624},{"data_generator_T":923.0,"data_generator_VS":-69.073624},{"data_generator_T":924.0,"data_generator_VS":-69.073624},{"data_generator_T":925.0,"data_generator_VS":-69.073624},{"data_generator_T":926.0,"data_generator_VS":-69.073624},{"data_generator_T":927.0,"data_generator_VS":-69.073624},{"data_generator_T":928.0,"data_generator_VS":-69.073624},{"data_generator_T":929.0,"data_generator_VS":-69.073624},{"data_generator_T":930.0,"data_generator_VS":-69.073624},{"data_generator_T":931.0,"data_generator_VS":-69.073624},{"data_generator_T":932.0,"data_generator_VS":-69.073624},{"data_generator_T":933.0,"data_generator_VS":-69.073624},{"data_generator_T":934.0,"data_generator_VS":-69.073624},{"data_generator_T":935.0,"data_generator_VS":-69.073624},{"data_generator_T":936.0,"data_generator_VS":-69.073624},{"data_generator_T":937.0,"data_generator_VS":-69.073624},{"data_generator_T":938.0,"data_generator_VS":-69.073624},{"data_generator_T":939.0,"data_generator_VS":-69.073624},{"data_generator_T":940.0,"data_generator_VS":-69.073624},{"data_generator_T":941.0,"data_generator_VS":-69.073624},{"data_generator_T":942.0,"data_generator_VS":-69.073624},{"data_generator_T":943.0,"data_generator_VS":-69.073624},{"data_generator_T":944.0,"data_generator_VS":-69.073624},{"data_generator_T":945.0,"data_generator_VS":-69.073624},{"data_generator_T":946.0,"data_generator_VS":-69.073624},{"data_generator_T":947.0,"data_generator_VS":-69.073624},{"data_generator_T":948.0,"data_generator_VS":-69.073624},{"data_generator_T":949.0,"data_generator_VS":-69.073624},{"data_generator_T":950.0,"data_generator_VS":-69.073624},{"data_generator_T":951.0,"data_generator_VS":-69.073624},{"data_generator_T":952.0,"data_generator_VS":-69.073624},{"data_generator_T":953.0,"data_generator_VS":-69.073624},{"data_generator_T":954.0,"data_generator_VS":-69.073624},{"data_generator_T":955.0,"data_generator_VS":-69.073624},{"data_generator_T":956.0,"data_generator_VS":-69.073624},{"data_generator_T":957.0,"data_generator_VS":-69.073624},{"data_generator_T":958.0,"data_generator_VS":-69.073624},{"data_generator_T":959.0,"data_generator_VS":-69.073624},{"data_generator_T":960.0,"data_generator_VS":-69.073624},{"data_generator_T":961.0,"data_generator_VS":-69.073624},{"data_generator_T":962.0,"data_generator_VS":-69.073624},{"data_generator_T":963.0,"data_generator_VS":-69.073624},{"data_generator_T":964.0,"data_generator_VS":-69.073624},{"data_generator_T":965.0,"data_generator_VS":-69.073624},{"data_generator_T":966.0,"data_generator_VS":-69.073624},{"data_generator_T":967.0,"data_generator_VS":-69.073624},{"data_generator_T":968.0,"data_generator_VS":-69.073624},{"data_generator_T":969.0,"data_generator_VS":-69.073624},{"data_generator_T":970.0,"data_generator_VS":-69.073624},{"data_generator_T":971.0,"data_generator_VS":-69.073624},{"data_generator_T":972.0,"data_generator_VS":-69.073624},{"data_generator_T":973.0,"data_generator_VS":-69.073624},{"data_generator_T":974.0,"data_generator_VS":-69.073624},{"data_generator_T":975.0,"data_generator_VS":-69.073624},{"data_generator_T":976.0,"data_generator_VS":-69.073624},{"data_generator_T":977.0,"data_generator_VS":-69.073624},{"data_generator_T":978.0,"data_generator_VS":-69.073624},{"data_generator_T":979.0,"data_generator_VS":-69.073624},{"data_generator_T":980.0,"data_generator_VS":-69.073624},{"data_generator_T":981.0,"data_generator_VS":-69.073624},{"data_generator_T":982.0,"data_generator_VS":-69.073624},{"data_generator_T":983.0,"data_generator_VS":-69.073624},{"data_generator_T":984.0,"data_generator_VS":-69.073624},{"data_generator_T":985.0,"data_generator_VS":-69.073624},{"data_generator_T":986.0,"data_generator_VS":-69.073624},{"data_generator_T":987.0,"data_generator_VS":-69.073624},{"data_generator_T":988.0,"data_generator_VS":-69.073624},{"data_generator_T":989.0,"data_generator_VS":-69.073624},{"data_generator_T":990.0,"data_generator_VS":-69.073624},{"data_generator_T":991.0,"data_generator_VS":-69.073624},{"data_generator_T":992.0,"data_generator_VS":-69.073624},{"data_generator_T":993.0,"data_generator_VS":-69.073624},{"data_generator_T":994.0,"data_generator_VS":-69.073624},{"data_generator_T":995.0,"data_generator_VS":-69.073624},{"data_generator_T":996.0,"data_generator_VS":-69.073624},{"data_generator_T":997.0,"data_generator_VS":-69.073624},{"data_generator_T":998.0,"data_generator_VS":-69.073624},{"data_generator_T":999.0,"data_generator_VS":-69.073624},{"data_generator_T":1000.0,"data_generator_VS":-69.073624}]