[{"data_generator_NK":0.061875999,"data_generator_V":-50.396141},{"data_generator_NK":0.061603568,"data_generator_V":-51.228954},{"data_generator_NK":0.060778975,"data_generator_V":-51.954586},{"data_generator_NK":0.059557576,"data_generator_V":-52.571072},{"data_generator_NK":0.05807801,"data_generator_V":-53.081608},{"data_generator_NK":0.056458227,"data_generator_V":-53.492775},{"data_generator_NK":0.05479404,"data_generator_V":-53.813194},{"data_generator_NK":0.05315971,"data_generator_V":-54.052536},{"data_generator_NK":0.051609863,"data_generator_V":-54.220806},{"data_generator_NK":0.050182153,"data_generator_V":-54.327888},{"data_generator_NK":0.048900187,"data_generator_V":-54.383217},{"data_generator_NK":0.047776382,"data_generator_V":-54.395588},{"data_generator_NK":0.046814557,"data_generator_V":-54.373066},{"data_generator_NK":0.046012152,"data_generator_V":-54.322918},{"data_generator_NK":0.045362074,"data_generator_V":-54.251595},{"data_generator_NK":0.044854142,"data_generator_V":-54.164768},{"data_generator_NK":0.044476237,"data_generator_V":-54.067345},{"data_generator_NK":0.044215169,"data_generator_V":-53.963516},{"data_generator_NK":0.044057321,"data_generator_V":-53.8568},{"data_generator_NK":0.043989133,"data_generator_V":-53.750103},{"data_generator_NK":0.043997429,"data_generator_V":-53.645782},{"data_generator_NK":0.044069689,"data_generator_V":-53.545681},{"data_generator_NK":0.044194177,"data_generator_V":-53.451202},{"data_generator_NK":0.04436009,"data_generator_V":-53.363354},{"data_generator_NK":0.044557597,"data_generator_V":-53.282799},{"data_generator_NK":0.044777881,"data_generator_V":-53.209919},{"data_generator_NK":0.045013152,"data_generator_V":-53.14484},{"data_generator_NK":0.045256615,"data_generator_V":-53.087494},{"data_generator_NK":0.045502454,"data_generator_V":-53.03764},{"data_generator_NK":0.045745786,"data_generator_V":-52.994926},{"data_generator_NK":0.045982596,"data_generator_V":-52.958893},{"data_generator_NK":0.046209674,"data_generator_V":-52.92902},{"data_generator_NK":0.046424564,"data_generator_V":-52.904751},{"data_generator_NK":0.046625458,"data_generator_V":-52.885498},{"data_generator_NK":0.046811152,"data_generator_V":-52.870686},{"data_generator_NK":0.046980951,"data_generator_V":-52.859737},{"data_generator_NK":0.047134604,"data_generator_V":-52.852104},{"data_generator_NK":0.047272228,"data_generator_V":-52.847275},{"data_generator_NK":0.047394242,"data_generator_V":-52.844769},{"data_generator_NK":0.047501307,"data_generator_V":-52.844147},{"data_generator_NK":0.047594268,"data_generator_V":-52.845016},{"data_generator_NK":0.047674097,"data_generator_V":-52.847031},{"data_generator_NK":0.047741856,"data_generator_V":-52.849884},{"data_generator_NK":0.047798656,"data_generator_V":-52.853317},{"data_generator_NK":0.047845621,"data_generator_V":-52.857101},{"data_generator_NK":0.047883864,"data_generator_V":-52.861061},{"data_generator_NK":0.047914464,"data_generator_V":-52.86504},{"data_generator_NK":0.047938447,"data_generator_V":-52.868919},{"data_generator_NK":0.047956772,"data_generator_V":-52.872608},{"data_generator_NK":0.047970336,"data_generator_V":-52.876038},{"data_generator_NK":0.047979943,"data_generator_V":-52.879158},{"data_generator_NK":0.047986332,"data_generator_V":-52.881947},{"data_generator_NK":0.047990154,"data_generator_V":-52.884384},{"data_generator_NK":0.047991972,"data_generator_V":-52.886463},{"data_generator_NK":0.047992293,"data_generator_V":-52.888199},{"data_generator_NK":0.047991529,"data_generator_V":-52.889599},{"data_generator_NK":0.047990046,"data_generator_V":-52.890682},{"data_generator_NK":0.047988135,"data_generator_V":-52.891476},{"data_generator_NK":0.047986038,"data_generator_V":-52.892002},{"data_generator_NK":0.047983952,"data_generator_V":-52.892292},{"data_generator_NK":0.047982018,"data_generator_V":-52.892368},{"data_generator_NK":0.04798035,"data_generator_V":-52.892262},{"data_generator_NK":0.047979027,"data_generator_V":-52.891994},{"data_generator_NK":0.047978103,"data_generator_V":-52.891594},{"data_generator_NK":0.0479776,"data_generator_V":-52.891087},{"data_generator_NK":0.047977537,"data_generator_V":-52.890488},{"data_generator_NK":0.047977906,"data_generator_V":-52.889816},{"data_generator_NK":0.047978688,"data_generator_V":-52.889091},{"data_generator_NK":0.047979865,"data_generator_V":-52.888329},{"data_generator_NK":0.047981407,"data_generator_V":-52.887535},{"data_generator_NK":0.047983278,"data_generator_V":-52.88673},{"data_generator_NK":0.047985446,"data_generator_V":-52.885914},{"data_generator_NK":0.047987867,"data_generator_V":-52.885098},{"data_generator_NK":0.047990516,"data_generator_V":-52.884289},{"data_generator_NK":0.047993351,"data_generator_V":-52.883492},{"data_generator_NK":0.047996342,"data_generator_V":-52.882706},{"data_generator_NK":0.047999457,"data_generator_V":-52.881935},{"data_generator_NK":0.048002671,"data_generator_V":-52.881184},{"data_generator_NK":0.048005957,"data_generator_V":-52.880447},{"data_generator_NK":0.048009299,"data_generator_V":-52.87973},{"data_generator_NK":0.048012674,"data_generator_V":-52.879032},{"data_generator_NK":0.048016064,"data_generator_V":-52.878349},{"data_generator_NK":0.048019458,"data_generator_V":-52.877682},{"data_generator_NK":0.048022848,"data_generator_V":-52.877033},{"data_generator_NK":0.048026219,"data_generator_V":-52.876396},{"data_generator_NK":0.048029572,"data_generator_V":-52.875771},{"data_generator_NK":0.048032895,"data_generator_V":-52.875156},{"data_generator_NK":0.048036192,"data_generator_V":-52.87455},{"data_generator_NK":0.048039455,"data_generator_V":-52.873955},{"data_generator_NK":0.048042681,"data_generator_V":-52.873367},{"data_generator_NK":0.048045881,"data_generator_V":-52.872784},{"data_generator_NK":0.048049044,"data_generator_V":-52.872204},{"data_generator_NK":0.048052177,"data_generator_V":-52.871632},{"data_generator_NK":0.048055284,"data_generator_V":-52.871059},{"data_generator_NK":0.048058361,"data_generator_V":-52.870491},{"data_generator_NK":0.048061412,"data_generator_V":-52.869926},{"data_generator_NK":0.04806444,"data_generator_V":-52.869358},{"data_generator_NK":0.048067447,"data_generator_V":-52.868793},{"data_generator_NK":0.048070438,"data_generator_V":-52.868233},{"data_generator_NK":0.048073411,"data_generator_V":-52.867668},{"data_generator_NK":0.048076373,"data_generator_V":-52.867104},{"data_generator_NK":0.048079319,"data_generator_V":-52.866539},{"data_generator_NK":0.048082255,"data_generator_V":-52.865978},{"data_generator_NK":0.048085183,"data_generator_V":-52.865414},{"data_generator_NK":0.048088107,"data_generator_V":-52.864849},{"data_generator_NK":0.04809102,"data_generator_V":-52.864285},{"data_generator_NK":0.04809393,"data_generator_V":-52.863716},{"data_generator_NK":0.048096836,"data_generator_V":-52.863152},{"data_generator_NK":0.048099738,"data_generator_V":-52.862587},{"data_generator_NK":0.048102636,"data_generator_V":-52.862019},{"data_generator_NK":0.04810553,"data_generator_V":-52.861454},{"data_generator_NK":0.048108425,"data_generator_V":-52.860889},{"data_generator_NK":0.048111316,"data_generator_V":-52.860321},{"data_generator_NK":0.04811421,"data_generator_V":-52.859756},{"data_generator_NK":0.048117097,"data_generator_V":-52.859192},{"data_generator_NK":0.048119988,"data_generator_V":-52.858624},{"data_generator_NK":0.048122875,"data_generator_V":-52.858059},{"data_generator_NK":0.048125759,"data_generator_V":-52.857494},{"data_generator_NK":0.048128646,"data_generator_V":-52.85693},{"data_generator_NK":0.048131529,"data_generator_V":-52.856365},{"data_generator_NK":0.048134409,"data_generator_V":-52.855801},{"data_generator_NK":0.048137289,"data_generator_V":-52.855236},{"data_generator_NK":0.048140168,"data_generator_V":-52.854675},{"data_generator_NK":0.048143044,"data_generator_V":-52.854111},{"data_generator_NK":0.04814592,"data_generator_V":-52.85355},{"data_generator_NK":0.048148792,"data_generator_V":-52.852989},{"data_generator_NK":0.048151664,"data_generator_V":-52.852428},{"data_generator_NK":0.048154533,"data_generator_V":-52.851868},{"data_generator_NK":0.048157398,"data_generator_V":-52.851311},{"data_generator_NK":0.048160262,"data_generator_V":-52.85075},{"data_generator_NK":0.048163123,"data_generator_V":-52.850193},{"data_generator_NK":0.048165984,"data_generator_V":-52.849636},{"data_generator_NK":0.048168842,"data_generator_V":-52.849075},{"data_generator_NK":0.048171695,"data_generator_V":-52.848522},{"data_generator_NK":0.048174545,"data_generator_V":-52.847965},{"data_generator_NK":0.048177395,"data_generator_V":-52.847408},{"data_generator_NK":0.048180241,"data_generator_V":-52.846855},{"data_generator_NK":0.048183084,"data_generator_V":-52.846302},{"data_generator_NK":0.048185926,"data_generator_V":-52.845745},{"data_generator_NK":0.048188765,"data_generator_V":-52.845192},{"data_generator_NK":0.0481916,"data_generator_V":-52.844643},{"data_generator_NK":0.048194434,"data_generator_V":-52.84409},{"data_generator_NK":0.048197262,"data_generator_V":-52.843536},{"data_generator_NK":0.048200089,"data_generator_V":-52.842987},{"data_generator_NK":0.048202917,"data_generator_V":-52.842438},{"data_generator_NK":0.048205737,"data_generator_V":-52.841885},{"data_generator_NK":0.048208557,"data_generator_V":-52.841335},{"data_generator_NK":0.048211377,"data_generator_V":-52.84079},{"data_generator_NK":0.04821419,"data_generator_V":-52.84024},{"data_generator_NK":0.048217002,"data_generator_V":-52.839691},{"data_generator_NK":0.048219811,"data_generator_V":-52.839146},{"data_generator_NK":0.048222616,"data_generator_V":-52.8386},{"data_generator_NK":0.048225421,"data_generator_V":-52.838055},{"data_generator_NK":0.048228223,"data_generator_V":-52.837509},{"data_generator_NK":0.048231021,"data_generator_V":-52.836964},{"data_generator_NK":0.048233818,"data_generator_V":-52.836418},{"data_generator_NK":0.048236612,"data_generator_V":-52.835873},{"data_generator_NK":0.048239402,"data_generator_V":-52.835331},{"data_generator_NK":0.048242189,"data_generator_V":-52.834789},{"data_generator_NK":0.048244976,"data_generator_V":-52.834244},{"data_generator_NK":0.048247758,"data_generator_V":-52.833702},{"data_generator_NK":0.048250541,"data_generator_V":-52.833164},{"data_generator_NK":0.048253316,"data_generator_V":-52.832623},{"data_generator_NK":0.048256092,"data_generator_V":-52.832081},{"data_generator_NK":0.048258867,"data_generator_V":-52.831543},{"data_generator_NK":0.048261635,"data_generator_V":-52.831001},{"data_generator_NK":0.048264403,"data_generator_V":-52.830463},{"data_generator_NK":0.048267171,"data_generator_V":-52.829926},{"data_generator_NK":0.048269931,"data_generator_V":-52.829388},{"data_generator_NK":0.048272692,"data_generator_V":-52.82885},{"data_generator_NK":0.048275448,"data_generator_V":-52.828316},{"data_generator_NK":0.048278205,"data_generator_V":-52.827778},{"data_generator_NK":0.048280958,"data_generator_V":-52.827244},{"data_generator_NK":0.048283707,"data_generator_V":-52.82671},{"data_generator_NK":0.048286453,"data_generator_V":-52.826176},{"data_generator_NK":0.048289198,"data_generator_V":-52.825642},{"data_generator_NK":0.04829194,"data_generator_V":-52.825108},{"data_generator_NK":0.048294682,"data_generator_V":-52.824574},{"data_generator_NK":0.048297416,"data_generator_V":-52.824043},{"data_generator_NK":0.048300151,"data_generator_V":-52.823509},{"data_generator_NK":0.048302885,"data_generator_V":-52.822979},{"data_generator_NK":0.048305612,"data_generator_V":-52.822449},{"data_generator_NK":0.048308339,"data_generator_V":-52.821918},{"data_generator_NK":0.048311066,"data_generator_V":-52.821388},{"data_generator_NK":0.048313785,"data_generator_V":-52.820858},{"data_generator_NK":0.048316505,"data_generator_V":-52.820332},{"data_generator_NK":0.048319221,"data_generator_V":-52.819801},{"data_generator_NK":0.048321936,"data_generator_V":-52.819275},{"data_generator_NK":0.048324648,"data_generator_V":-52.818748},{"data_generator_NK":0.048327357,"data_generator_V":-52.818222},{"data_generator_NK":0.048330065,"data_generator_V":-52.817696},{"data_generator_NK":0.048332766,"data_generator_V":-52.817169},{"data_generator_NK":0.04833547,"data_generator_V":-52.816647},{"data_generator_NK":0.048338167,"data_generator_V":-52.81612},{"data_generator_NK":0.048340864,"data_generator_V":-52.815598},{"data_generator_NK":0.048343558,"data_generator_V":-52.815075},{"data_generator_NK":0.048346248,"data_generator_V":-52.814552},{"data_generator_NK":0.048348937,"data_generator_V":-52.81403},{"data_generator_NK":0.048351623,"data_generator_V":-52.813507},{"data_generator_NK":0.048354309,"data_generator_V":-52.812984},{"data_generator_NK":0.048356988,"data_generator_V":-52.812466},{"data_generator_NK":0.048359666,"data_generator_V":-52.811947},{"data_generator_NK":0.048362345,"data_generator_V":-52.811424},{"data_generator_NK":0.048365016,"data_generator_V":-52.810905},{"data_generator_NK":0.048367687,"data_generator_V":-52.810387},{"data_generator_NK":0.048370358,"data_generator_V":-52.809868},{"data_generator_NK":0.048373021,"data_generator_V":-52.809353},{"data_generator_NK":0.048375685,"data_generator_V":-52.808834},{"data_generator_NK":0.048378348,"data_generator_V":-52.808319},{"data_generator_NK":0.048381004,"data_generator_V":-52.8078},{"data_generator_NK":0.048383661,"data_generator_V":-52.807285},{"data_generator_NK":0.048386317,"data_generator_V":-52.80677},{"data_generator_NK":0.048388965,"data_generator_V":-52.806255},{"data_generator_NK":0.048391614,"data_generator_V":-52.805744},{"data_generator_NK":0.048394259,"data_generator_V":-52.805229},{"data_generator_NK":0.048396904,"data_generator_V":-52.804718},{"data_generator_NK":0.048399545,"data_generator_V":-52.804203},{"data_generator_NK":0.048402183,"data_generator_V":-52.803692},{"data_generator_NK":0.04840482,"data_generator_V":-52.803181},{"data_generator_NK":0.04840745,"data_generator_V":-52.80267},{"data_generator_NK":0.048410084,"data_generator_V":-52.802158},{"data_generator_NK":0.04841271,"data_generator_V":-52.801651},{"data_generator_NK":0.048415337,"data_generator_V":-52.80114},{"data_generator_NK":0.048417959,"data_generator_V":-52.800632},{"data_generator_NK":0.048420582,"data_generator_V":-52.800121},{"data_generator_NK":0.048423201,"data_generator_V":-52.799614},{"data_generator_NK":0.048425816,"data_generator_V":-52.799107},{"data_generator_NK":0.048428427,"data_generator_V":-52.798599},{"data_generator_NK":0.048431039,"data_generator_V":-52.798096},{"data_generator_NK":0.048433647,"data_generator_V":-52.797588},{"data_generator_NK":0.048436254,"data_generator_V":-52.797085},{"data_generator_NK":0.048438858,"data_generator_V":-52.796577},{"data_generator_NK":0.048441458,"data_generator_V":-52.796074},{"data_generator_NK":0.048444059,"data_generator_V":-52.79557},{"data_generator_NK":0.048446652,"data_generator_V":-52.795067},{"data_generator_NK":0.048449248,"data_generator_V":-52.794563},{"data_generator_NK":0.048451837,"data_generator_V":-52.794064},{"data_generator_NK":0.048454426,"data_generator_V":-52.79356},{"data_generator_NK":0.048457012,"data_generator_V":-52.79306},{"data_generator_NK":0.048459597,"data_generator_V":-52.792557},{"data_generator_NK":0.048462179,"data_generator_V":-52.792057},{"data_generator_NK":0.048464756,"data_generator_V":-52.791557},{"data_generator_NK":0.048467331,"data_generator_V":-52.791058},{"data_generator_NK":0.048469905,"data_generator_V":-52.790562},{"data_generator_NK":0.048472475,"data_generator_V":-52.790062},{"data_generator_NK":0.048475046,"data_generator_V":-52.789566},{"data_generator_NK":0.048477612,"data_generator_V":-52.789066},{"data_generator_NK":0.048480175,"data_generator_V":-52.78857},{"data_generator_NK":0.048482738,"data_generator_V":-52.788074},{"data_generator_NK":0.048485298,"data_generator_V":-52.787579},{"data_generator_NK":0.048487853,"data_generator_V":-52.787083},{"data_generator_NK":0.048490405,"data_generator_V":-52.786591},{"data_generator_NK":0.048492957,"data_generator_V":-52.786095},{"data_generator_NK":0.048495509,"data_generator_V":-52.785603},{"data_generator_NK":0.048498053,"data_generator_V":-52.785107},{"data_generator_NK":0.048500597,"data_generator_V":-52.784615},{"data_generator_NK":0.048503138,"data_generator_V":-52.784122},{"data_generator_NK":0.048505679,"data_generator_V":-52.78363},{"data_generator_NK":0.048508216,"data_generator_V":-52.783138},{"data_generator_NK":0.048510749,"data_generator_V":-52.78265},{"data_generator_NK":0.048513282,"data_generator_V":-52.782158},{"data_generator_NK":0.048515812,"data_generator_V":-52.78167},{"data_generator_NK":0.048518337,"data_generator_V":-52.781181},{"data_generator_NK":0.048520863,"data_generator_V":-52.780693},{"data_generator_NK":0.048523385,"data_generator_V":-52.780205},{"data_generator_NK":0.048525903,"data_generator_V":-52.779716},{"data_generator_NK":0.048528422,"data_generator_V":-52.779228},{"data_generator_NK":0.048530936,"data_generator_V":-52.778744},{"data_generator_NK":0.048533451,"data_generator_V":-52.778255},{"data_generator_NK":0.048535958,"data_generator_V":-52.777771},{"data_generator_NK":0.048538465,"data_generator_V":-52.777287},{"data_generator_NK":0.048540972,"data_generator_V":-52.776802},{"data_generator_NK":0.048543476,"data_generator_V":-52.776318},{"data_generator_NK":0.048545975,"data_generator_V":-52.775833},{"data_generator_NK":0.048548471,"data_generator_V":-52.775349},{"data_generator_NK":0.048550967,"data_generator_V":-52.774868},{"data_generator_NK":0.048553459,"data_generator_V":-52.774384},{"data_generator_NK":0.048555952,"data_generator_V":-52.773903},{"data_generator_NK":0.04855844,"data_generator_V":-52.773422},{"data_generator_NK":0.048560925,"data_generator_V":-52.772942},{"data_generator_NK":0.04856341,"data_generator_V":-52.772461},{"data_generator_NK":0.048565891,"data_generator_V":-52.77198},{"data_generator_NK":0.048568368,"data_generator_V":-52.7715},{"data_generator_NK":0.048570845,"data_generator_V":-52.771023},{"data_generator_NK":0.048573319,"data_generator_V":-52.770546},{"data_generator_NK":0.048575789,"data_generator_V":-52.770065},{"data_generator_NK":0.048578259,"data_generator_V":-52.769588},{"data_generator_NK":0.048580725,"data_generator_V":-52.769112},{"data_generator_NK":0.048583187,"data_generator_V":-52.768635},{"data_generator_NK":0.04858565,"data_generator_V":-52.768162},{"data_generator_NK":0.048588108,"data_generator_V":-52.767685},{"data_generator_NK":0.048590563,"data_generator_V":-52.767208},{"data_generator_NK":0.048593018,"data_generator_V":-52.766735},{"data_generator_NK":0.048595469,"data_generator_V":-52.766262},{"data_generator_NK":0.048597921,"data_generator_V":-52.765789},{"data_generator_NK":0.048600368,"data_generator_V":-52.765316},{"data_generator_NK":0.048602812,"data_generator_V":-52.764843},{"data_generator_NK":0.048605256,"data_generator_V":-52.76437},{"data_generator_NK":0.048607696,"data_generator_V":-52.763901},{"data_generator_NK":0.048610132,"data_generator_V":-52.763428},{"data_generator_NK":0.048612569,"data_generator_V":-52.762959},{"data_generator_NK":0.048615001,"data_generator_V":-52.762489},{"data_generator_NK":0.04861743,"data_generator_V":-52.76202},{"data_generator_NK":0.048619859,"data_generator_V":-52.761551},{"data_generator_NK":0.048622284,"data_generator_V":-52.761082},{"data_generator_NK":0.048624709,"data_generator_V":-52.760612},{"data_generator_NK":0.048627127,"data_generator_V":-52.760147},{"data_generator_NK":0.048629548,"data_generator_V":-52.759678},{"data_generator_NK":0.048631962,"data_generator_V":-52.759212},{"data_generator_NK":0.048634376,"data_generator_V":-52.758747},{"data_generator_NK":0.048636787,"data_generator_V":-52.758282},{"data_generator_NK":0.048639197,"data_generator_V":-52.757816},{"data_generator_NK":0.048641603,"data_generator_V":-52.757351},{"data_generator_NK":0.048644006,"data_generator_V":-52.756886},{"data_generator_NK":0.048646409,"data_generator_V":-52.756424},{"data_generator_NK":0.048648808,"data_generator_V":-52.755959},{"data_generator_NK":0.048651207,"data_generator_V":-52.755497},{"data_generator_NK":0.048653599,"data_generator_V":-52.755035},{"data_generator_NK":0.048655994,"data_generator_V":-52.754574},{"data_generator_NK":0.048658382,"data_generator_V":-52.754112},{"data_generator_NK":0.04866077,"data_generator_V":-52.753651},{"data_generator_NK":0.048663154,"data_generator_V":-52.753189},{"data_generator_NK":0.048665538,"data_generator_V":-52.752731},{"data_generator_NK":0.048667919,"data_generator_V":-52.75227},{"data_generator_NK":0.048670299,"data_generator_V":-52.751812},{"data_generator_NK":0.048672672,"data_generator_V":-52.751354},{"data_generator_NK":0.048675045,"data_generator_V":-52.750896},{"data_generator_NK":0.048677418,"data_generator_V":-52.750439},{"data_generator_NK":0.048679788,"data_generator_V":-52.749981},{"data_generator_NK":0.048682153,"data_generator_V":-52.749523},{"data_generator_NK":0.048684519,"data_generator_V":-52.749069},{"data_generator_NK":0.048686881,"data_generator_V":-52.748611},{"data_generator_NK":0.048689239,"data_generator_V":-52.748158},{"data_generator_NK":0.048691597,"data_generator_V":-52.747704},{"data_generator_NK":0.048693951,"data_generator_V":-52.74725},{"data_generator_NK":0.048696302,"data_generator_V":-52.746796},{"data_generator_NK":0.048698653,"data_generator_V":-52.746342},{"data_generator_NK":0.048700999,"data_generator_V":-52.745888},{"data_generator_NK":0.048703346,"data_generator_V":-52.745438},{"data_generator_NK":0.04870569,"data_generator_V":-52.744984},{"data_generator_NK":0.048708029,"data_generator_V":-52.744534},{"data_generator_NK":0.048710369,"data_generator_V":-52.744083},{"data_generator_NK":0.048712704,"data_generator_V":-52.743633},{"data_generator_NK":0.048715036,"data_generator_V":-52.743183},{"data_generator_NK":0.048717368,"data_generator_V":-52.742733},{"data_generator_NK":0.048719697,"data_generator_V":-52.742283},{"data_generator_NK":0.048722025,"data_generator_V":-52.741837},{"data_generator_NK":0.04872435,"data_generator_V":-52.741386},{"data_generator_NK":0.04872667,"data_generator_V":-52.74094},{"data_generator_NK":0.048728991,"data_generator_V":-52.740494},{"data_generator_NK":0.048731308,"data_generator_V":-52.740047},{"data_generator_NK":0.048733622,"data_generator_V":-52.739601},{"data_generator_NK":0.048735935,"data_generator_V":-52.739155},{"data_generator_NK":0.048738245,"data_generator_V":-52.738708},{"data_generator_NK":0.048740555,"data_generator_V":-52.738266},{"data_generator_NK":0.048742861,"data_generator_V":-52.73782},{"data_generator_NK":0.048745163,"data_generator_V":-52.737377},{"data_generator_NK":0.048747465,"data_generator_V":-52.736935},{"data_generator_NK":0.048749764,"data_generator_V":-52.736492},{"data_generator_NK":0.048752058,"data_generator_V":-52.73605},{"data_generator_NK":0.048754353,"data_generator_V":-52.735607},{"data_generator_NK":0.048756648,"data_generator_V":-52.735165},{"data_generator_NK":0.048758935,"data_generator_V":-52.734722},{"data_generator_NK":0.048761223,"data_generator_V":-52.734283},{"data_generator_NK":0.04876351,"data_generator_V":-52.733841},{"data_generator_NK":0.04876579,"data_generator_V":-52.733402},{"data_generator_NK":0.048768073,"data_generator_V":-52.732964},{"data_generator_NK":0.048770349,"data_generator_V":-52.732525},{"data_generator_NK":0.048772626,"data_generator_V":-52.732086},{"data_generator_NK":0.048774898,"data_generator_V":-52.731647},{"data_generator_NK":0.04877717,"data_generator_V":-52.731213},{"data_generator_NK":0.048779439,"data_generator_V":-52.730774},{"data_generator_NK":0.048781708,"data_generator_V":-52.730339},{"data_generator_NK":0.048783969,"data_generator_V":-52.729904},{"data_generator_NK":0.048786234,"data_generator_V":-52.729465},{"data_generator_NK":0.048788492,"data_generator_V":-52.729031},{"data_generator_NK":0.048790749,"data_generator_V":-52.728596},{"data_generator_NK":0.048793007,"data_generator_V":-52.728165},{"data_generator_NK":0.04879526,"data_generator_V":-52.72773},{"data_generator_NK":0.048797511,"data_generator_V":-52.727295},{"data_generator_NK":0.048799757,"data_generator_V":-52.726864},{"data_generator_NK":0.048802003,"data_generator_V":-52.726433},{"data_generator_NK":0.04880425,"data_generator_V":-52.725998},{"data_generator_NK":0.048806489,"data_generator_V":-52.725567},{"data_generator_NK":0.048808731,"data_generator_V":-52.725136},{"data_generator_NK":0.048810966,"data_generator_V":-52.724709},{"data_generator_NK":0.048813201,"data_generator_V":-52.724277},{"data_generator_NK":0.048815433,"data_generator_V":-52.723846},{"data_generator_NK":0.048817664,"data_generator_V":-52.723419},{"data_generator_NK":0.048819892,"data_generator_V":-52.722988},{"data_generator_NK":0.04882212,"data_generator_V":-52.722561},{"data_generator_NK":0.04882434,"data_generator_V":-52.722134},{"data_generator_NK":0.048826564,"data_generator_V":-52.721706},{"data_generator_NK":0.048828781,"data_generator_V":-52.721279},{"data_generator_NK":0.048830997,"data_generator_V":-52.720852},{"data_generator_NK":0.048833214,"data_generator_V":-52.720428},{"data_generator_NK":0.048835427,"data_generator_V":-52.720001},{"data_generator_NK":0.048837636,"data_generator_V":-52.719578},{"data_generator_NK":0.048839845,"data_generator_V":-52.719154},{"data_generator_NK":0.04884205,"data_generator_V":-52.718727},{"data_generator_NK":0.048844252,"data_generator_V":-52.718304},{"data_generator_NK":0.048846453,"data_generator_V":-52.71788},{"data_generator_NK":0.048848651,"data_generator_V":-52.717461},{"data_generator_NK":0.048850849,"data_generator_V":-52.717037},{"data_generator_NK":0.048853043,"data_generator_V":-52.716614},{"data_generator_NK":0.048855234,"data_generator_V":-52.716194},{"data_generator_NK":0.048857424,"data_generator_V":-52.715771},{"data_generator_NK":0.048859611,"data_generator_V":-52.715351},{"data_generator_NK":0.048861798,"data_generator_V":-52.714931},{"data_generator_NK":0.048863981,"data_generator_V":-52.714512},{"data_generator_NK":0.04886616,"data_generator_V":-52.714092},{"data_generator_NK":0.04886834,"data_generator_V":-52.713673},{"data_generator_NK":0.048870519,"data_generator_V":-52.713257},{"data_generator_NK":0.048872691,"data_generator_V":-52.712837},{"data_generator_NK":0.048874862,"data_generator_V":-52.712421},{"data_generator_NK":0.048877034,"data_generator_V":-52.712006},{"data_generator_NK":0.048879202,"data_generator_V":-52.711586},{"data_generator_NK":0.048881367,"data_generator_V":-52.71117},{"data_generator_NK":0.048883528,"data_generator_V":-52.710754},{"data_generator_NK":0.048885688,"data_generator_V":-52.710342},{"data_generator_NK":0.048887849,"data_generator_V":-52.709927},{"data_generator_NK":0.048890006,"data_generator_V":-52.709511},{"data_generator_NK":0.048892159,"data_generator_V":-52.709099},{"data_generator_NK":0.048894312,"data_generator_V":-52.708683},{"data_generator_NK":0.048896462,"data_generator_V":-52.708271},{"data_generator_NK":0.048898607,"data_generator_V":-52.707859},{"data_generator_NK":0.048900753,"data_generator_V":-52.707447},{"data_generator_NK":0.048902899,"data_generator_V":-52.707035},{"data_generator_NK":0.048905037,"data_generator_V":-52.706623},{"data_generator_NK":0.048907176,"data_generator_V":-52.706215},{"data_generator_NK":0.048909314,"data_generator_V":-52.705803},{"data_generator_NK":0.048911449,"data_generator_V":-52.705395},{"data_generator_NK":0.048913579,"data_generator_V":-52.704983},{"data_generator_NK":0.04891571,"data_generator_V":-52.704575},{"data_generator_NK":0.048917837,"data_generator_V":-52.704166},{"data_generator_NK":0.048919965,"data_generator_V":-52.703758},{"data_generator_NK":0.048922088,"data_generator_V":-52.70335},{"data_generator_NK":0.048924208,"data_generator_V":-52.702946},{"data_generator_NK":0.048926327,"data_generator_V":-52.702538},{"data_generator_NK":0.048928443,"data_generator_V":-52.702129},{"data_generator_NK":0.048930559,"data_generator_V":-52.701725},{"data_generator_NK":0.048932672,"data_generator_V":-52.701321},{"data_generator_NK":0.048934784,"data_generator_V":-52.700916},{"data_generator_NK":0.048936889,"data_generator_V":-52.700512},{"data_generator_NK":0.048938997,"data_generator_V":-52.700108},{"data_generator_NK":0.048941098,"data_generator_V":-52.699703},{"data_generator_NK":0.048943203,"data_generator_V":-52.699299},{"data_generator_NK":0.0489453,"data_generator_V":-52.698895},{"data_generator_NK":0.048947398,"data_generator_V":-52.698494},{"data_generator_NK":0.048949495,"data_generator_V":-52.698093},{"data_generator_NK":0.048951585,"data_generator_V":-52.697689},{"data_generator_NK":0.048953678,"data_generator_V":-52.697289},{"data_generator_NK":0.048955765,"data_generator_V":-52.696888},{"data_generator_NK":0.048957851,"data_generator_V":-52.696487},{"data_generator_NK":0.048959937,"data_generator_V":-52.696087},{"data_generator_NK":0.048962019,"data_generator_V":-52.69569},{"data_generator_NK":0.048964098,"data_generator_V":-52.69529},{"data_generator_NK":0.048966177,"data_generator_V":-52.694893},{"data_generator_NK":0.048968252,"data_generator_V":-52.694492},{"data_generator_NK":0.048970323,"data_generator_V":-52.694096},{"data_generator_NK":0.048972394,"data_generator_V":-52.693699},{"data_generator_NK":0.048974466,"data_generator_V":-52.693302},{"data_generator_NK":0.048976533,"data_generator_V":-52.692905},{"data_generator_NK":0.048978597,"data_generator_V":-52.692509},{"data_generator_NK":0.048980661,"data_generator_V":-52.692116},{"data_generator_NK":0.048982721,"data_generator_V":-52.691719},{"data_generator_NK":0.048984777,"data_generator_V":-52.691326},{"data_generator_NK":0.048986834,"data_generator_V":-52.690929},{"data_generator_NK":0.04898889,"data_generator_V":-52.690536},{"data_generator_NK":0.048990943,"data_generator_V":-52.690144},{"data_generator_NK":0.048992991,"data_generator_V":-52.689751},{"data_generator_NK":0.048995037,"data_generator_V":-52.689358},{"data_generator_NK":0.048997086,"data_generator_V":-52.688965},{"data_generator_NK":0.048999127,"data_generator_V":-52.688576},{"data_generator_NK":0.049001168,"data_generator_V":-52.688183},{"data_generator_NK":0.049003206,"data_generator_V":-52.687794},{"data_generator_NK":0.049005244,"data_generator_V":-52.687401},{"data_generator_NK":0.049007278,"data_generator_V":-52.687012},{"data_generator_NK":0.049009312,"data_generator_V":-52.686623},{"data_generator_NK":0.049011342,"data_generator_V":-52.686234},{"data_generator_NK":0.049013373,"data_generator_V":-52.685844},{"data_generator_NK":0.049015399,"data_generator_V":-52.685455},{"data_generator_NK":0.049017422,"data_generator_V":-52.68507},{"data_generator_NK":0.049019445,"data_generator_V":-52.684681},{"data_generator_NK":0.049021464,"data_generator_V":-52.684296},{"data_generator_NK":0.049023483,"data_generator_V":-52.683907},{"data_generator_NK":0.049025498,"data_generator_V":-52.683521},{"data_generator_NK":0.04902751,"data_generator_V":-52.683136},{"data_generator_NK":0.049029522,"data_generator_V":-52.682751},{"data_generator_NK":0.049031533,"data_generator_V":-52.682365},{"data_generator_NK":0.049033541,"data_generator_V":-52.68198},{"data_generator_NK":0.049035545,"data_generator_V":-52.681599},{"data_generator_NK":0.04903755,"data_generator_V":-52.681213},{"data_generator_NK":0.04903955,"data_generator_V":-52.680832},{"data_generator_NK":0.049041547,"data_generator_V":-52.680447},{"data_generator_NK":0.049043544,"data_generator_V":-52.680065},{"data_generator_NK":0.04904554,"data_generator_V":-52.679684},{"data_generator_NK":0.049047533,"data_generator_V":-52.679302},{"data_generator_NK":0.049049523,"data_generator_V":-52.678921},{"data_generator_NK":0.049051512,"data_generator_V":-52.678539},{"data_generator_NK":0.049053498,"data_generator_V":-52.678158},{"data_generator_NK":0.049055483,"data_generator_V":-52.67778},{"data_generator_NK":0.049057465,"data_generator_V":-52.677399},{"data_generator_NK":0.049059443,"data_generator_V":-52.677021},{"data_generator_NK":0.049061421,"data_generator_V":-52.676643},{"data_generator_NK":0.049063396,"data_generator_V":-52.676266},{"data_generator_NK":0.04906537,"data_generator_V":-52.675888},{"data_generator_NK":0.049067345,"data_generator_V":-52.67551},{"data_generator_NK":0.049069311,"data_generator_V":-52.675133},{"data_generator_NK":0.049071278,"data_generator_V":-52.674755},{"data_generator_NK":0.049073245,"data_generator_V":-52.674381},{"data_generator_NK":0.049075209,"data_generator_V":-52.674004},{"data_generator_NK":0.049077172,"data_generator_V":-52.67363},{"data_generator_NK":0.049079128,"data_generator_V":-52.673252},{"data_generator_NK":0.049081087,"data_generator_V":-52.672878},{"data_generator_NK":0.049083043,"data_generator_V":-52.672504},{"data_generator_NK":0.049084995,"data_generator_V":-52.672131},{"data_generator_NK":0.049086947,"data_generator_V":-52.671757},{"data_generator_NK":0.049088895,"data_generator_V":-52.671387},{"data_generator_NK":0.04909084,"data_generator_V":-52.671013},{"data_generator_NK":0.049092785,"data_generator_V":-52.670639},{"data_generator_NK":0.049094729,"data_generator_V":-52.670269},{"data_generator_NK":0.04909667,"data_generator_V":-52.669899},{"data_generator_NK":0.049098607,"data_generator_V":-52.669529},{"data_generator_NK":0.049100544,"data_generator_V":-52.669155},{"data_generator_NK":0.049102478,"data_generator_V":-52.668785},{"data_generator_NK":0.049104411,"data_generator_V":-52.668419},{"data_generator_NK":0.049106341,"data_generator_V":-52.668049},{"data_generator_NK":0.049108271,"data_generator_V":-52.667679},{"data_generator_NK":0.049110197,"data_generator_V":-52.667313},{"data_generator_NK":0.049112119,"data_generator_V":-52.666943},{"data_generator_NK":0.049114041,"data_generator_V":-52.666576},{"data_generator_NK":0.049115963,"data_generator_V":-52.666206},{"data_generator_NK":0.049117882,"data_generator_V":-52.66584},{"data_generator_NK":0.049119797,"data_generator_V":-52.665474},{"data_generator_NK":0.049121711,"data_generator_V":-52.665108},{"data_generator_NK":0.049123622,"data_generator_V":-52.664745},{"data_generator_NK":0.049125534,"data_generator_V":-52.664379},{"data_generator_NK":0.049127441,"data_generator_V":-52.664013},{"data_generator_NK":0.049129345,"data_generator_V":-52.663651},{"data_generator_NK":0.049131252,"data_generator_V":-52.663284},{"data_generator_NK":0.049133152,"data_generator_V":-52.662922},{"data_generator_NK":0.049135052,"data_generator_V":-52.66256},{"data_generator_NK":0.049136948,"data_generator_V":-52.662197},{"data_generator_NK":0.049138844,"data_generator_V":-52.661835},{"data_generator_NK":0.04914074,"data_generator_V":-52.661472},{"data_generator_NK":0.049142629,"data_generator_V":-52.66111},{"data_generator_NK":0.049144521,"data_generator_V":-52.660751},{"data_generator_NK":0.049146406,"data_generator_V":-52.660389},{"data_generator_NK":0.049148291,"data_generator_V":-52.66003},{"data_generator_NK":0.049150176,"data_generator_V":-52.659668},{"data_generator_NK":0.049152058,"data_generator_V":-52.659309},{"data_generator_NK":0.049153939,"data_generator_V":-52.658951},{"data_generator_NK":0.049155816,"data_generator_V":-52.658592},{"data_generator_NK":0.04915769,"data_generator_V":-52.658234},{"data_generator_NK":0.049159564,"data_generator_V":-52.657875},{"data_generator_NK":0.049161434,"data_generator_V":-52.657516},{"data_generator_NK":0.049163304,"data_generator_V":-52.657162},{"data_generator_NK":0.049165174,"data_generator_V":-52.656803},{"data_generator_NK":0.049167037,"data_generator_V":-52.656448},{"data_generator_NK":0.049168903,"data_generator_V":-52.656094},{"data_generator_NK":0.049170762,"data_generator_V":-52.655735},{"data_generator_NK":0.049172621,"data_generator_V":-52.65538},{"data_generator_NK":0.04917448,"data_generator_V":-52.655025},{"data_generator_NK":0.049176335,"data_generator_V":-52.654671},{"data_generator_NK":0.049178191,"data_generator_V":-52.65432},{"data_generator_NK":0.049180042,"data_generator_V":-52.653965},{"data_generator_NK":0.04918189,"data_generator_V":-52.65361},{"data_generator_NK":0.049183737,"data_generator_V":-52.653259},{"data_generator_NK":0.049185582,"data_generator_V":-52.652905},{"data_generator_NK":0.049187426,"data_generator_V":-52.652554},{"data_generator_NK":0.04918927,"data_generator_V":-52.652203},{"data_generator_NK":0.049191106,"data_generator_V":-52.651852},{"data_generator_NK":0.049192946,"data_generator_V":-52.651501},{"data_generator_NK":0.049194779,"data_generator_V":-52.65115},{"data_generator_NK":0.049196616,"data_generator_V":-52.650799},{"data_generator_NK":0.049198445,"data_generator_V":-52.650452},{"data_generator_NK":0.049200278,"data_generator_V":-52.650101},{"data_generator_NK":0.049202103,"data_generator_V":-52.649754},{"data_generator_NK":0.049203929,"data_generator_V":-52.649403},{"data_generator_NK":0.049205754,"data_generator_V":-52.649055},{"data_generator_NK":0.049207576,"data_generator_V":-52.648708},{"data_generator_NK":0.049209394,"data_generator_V":-52.648361},{"data_generator_NK":0.049211212,"data_generator_V":-52.648014},{"data_generator_NK":0.049213029,"data_generator_V":-52.647667},{"data_generator_NK":0.049214844,"data_generator_V":-52.64732},{"data_generator_NK":0.049216654,"data_generator_V":-52.646976},{"data_generator_NK":0.049218465,"data_generator_V":-52.646629},{"data_generator_NK":0.049220271,"data_generator_V":-52.646286},{"data_generator_NK":0.049222078,"data_generator_V":-52.645943},{"data_generator_NK":0.049223881,"data_generator_V":-52.645596},{"data_generator_NK":0.049225684,"data_generator_V":-52.645252},{"data_generator_NK":0.049227484,"data_generator_V":-52.644909},{"data_generator_NK":0.049229283,"data_generator_V":-52.644566},{"data_generator_NK":0.049231078,"data_generator_V":-52.644222},{"data_generator_NK":0.049232874,"data_generator_V":-52.643883},{"data_generator_NK":0.049234666,"data_generator_V":-52.643539},{"data_generator_NK":0.049236458,"data_generator_V":-52.6432},{"data_generator_NK":0.049238246,"data_generator_V":-52.642857},{"data_generator_NK":0.049240034,"data_generator_V":-52.642517},{"data_generator_NK":0.049241818,"data_generator_V":-52.642178},{"data_generator_NK":0.049243599,"data_generator_V":-52.641834},{"data_generator_NK":0.04924538,"data_generator_V":-52.641495},{"data_generator_NK":0.049247161,"data_generator_V":-52.641155},{"data_generator_NK":0.049248938,"data_generator_V":-52.64082},{"data_generator_NK":0.049250711,"data_generator_V":-52.64048},{"data_generator_NK":0.049252484,"data_generator_V":-52.640141},{"data_generator_NK":0.049254257,"data_generator_V":-52.639805},{"data_generator_NK":0.049256023,"data_generator_V":-52.639465},{"data_generator_NK":0.049257793,"data_generator_V":-52.63913},{"data_generator_NK":0.049259558,"data_generator_V":-52.638794},{"data_generator_NK":0.04926132,"data_generator_V":-52.638458},{"data_generator_NK":0.049263082,"data_generator_V":-52.638123},{"data_generator_NK":0.049264841,"data_generator_V":-52.637787},{"data_generator_NK":0.049266599,"data_generator_V":-52.637451},{"data_generator_NK":0.049268354,"data_generator_V":-52.637115},{"data_generator_NK":0.049270108,"data_generator_V":-52.636784},{"data_generator_NK":0.049271863,"data_generator_V":-52.636448},{"data_generator_NK":0.04927361,"data_generator_V":-52.636116},{"data_generator_NK":0.049275361,"data_generator_V":-52.63578},{"data_generator_NK":0.049277104,"data_generator_V":-52.635448},{"data_generator_NK":0.049278852,"data_generator_V":-52.635117},{"data_generator_NK":0.049280591,"data_generator_V":-52.634785},{"data_generator_NK":0.049282331,"data_generator_V":-52.634453},{"data_generator_NK":0.049284071,"data_generator_V":-52.634121},{"data_generator_NK":0.049285807,"data_generator_V":-52.633789},{"data_generator_NK":0.049287543,"data_generator_V":-52.633461},{"data_generator_NK":0.049289275,"data_generator_V":-52.633129},{"data_generator_NK":0.049291007,"data_generator_V":-52.632801},{"data_generator_NK":0.049292736,"data_generator_V":-52.632469},{"data_generator_NK":0.049294464,"data_generator_V":-52.632141},{"data_generator_NK":0.049296189,"data_generator_V":-52.631813},{"data_generator_NK":0.04929791,"data_generator_V":-52.631485},{"data_generator_NK":0.049299635,"data_generator_V":-52.631157},{"data_generator_NK":0.049301352,"data_generator_V":-52.630829},{"data_generator_NK":0.04930307,"data_generator_V":-52.630501},{"data_generator_NK":0.049304787,"data_generator_V":-52.630177},{"data_generator_NK":0.049306501,"data_generator_V":-52.629848},{"data_generator_NK":0.049308214,"data_generator_V":-52.629524},{"data_generator_NK":0.049309924,"data_generator_V":-52.629196},{"data_generator_NK":0.04931163,"data_generator_V":-52.628872},{"data_generator_NK":0.049313337,"data_generator_V":-52.628548},{"data_generator_NK":0.049315043,"data_generator_V":-52.628223},{"data_generator_NK":0.049316745,"data_generator_V":-52.627899},{"data_generator_NK":0.049318444,"data_generator_V":-52.627575},{"data_generator_NK":0.049320146,"data_generator_V":-52.627251},{"data_generator_NK":0.049321841,"data_generator_V":-52.626926},{"data_generator_NK":0.049323536,"data_generator_V":-52.626606},{"data_generator_NK":0.049325231,"data_generator_V":-52.626282},{"data_generator_NK":0.049326923,"data_generator_V":-52.625961},{"data_generator_NK":0.04932861,"data_generator_V":-52.625637},{"data_generator_NK":0.049330298,"data_generator_V":-52.625317},{"data_generator_NK":0.049331985,"data_generator_V":-52.624996},{"data_generator_NK":0.049333669,"data_generator_V":-52.624676},{"data_generator_NK":0.049335353,"data_generator_V":-52.624355},{"data_generator_NK":0.049337033,"data_generator_V":-52.624035},{"data_generator_NK":0.04933871,"data_generator_V":-52.623714},{"data_generator_NK":0.049340386,"data_generator_V":-52.623398},{"data_generator_NK":0.049342062,"data_generator_V":-52.623077},{"data_generator_NK":0.049343735,"data_generator_V":-52.622761},{"data_generator_NK":0.049345408,"data_generator_V":-52.62244},{"data_generator_NK":0.049347077,"data_generator_V":-52.622124},{"data_generator_NK":0.049348742,"data_generator_V":-52.621807},{"data_generator_NK":0.049350407,"data_generator_V":-52.62149},{"data_generator_NK":0.049352072,"data_generator_V":-52.621174},{"data_generator_NK":0.049353734,"data_generator_V":-52.620857},{"data_generator_NK":0.049355395,"data_generator_V":-52.620541},{"data_generator_NK":0.049357053,"data_generator_V":-52.620224},{"data_generator_NK":0.049358707,"data_generator_V":-52.619911},{"data_generator_NK":0.049360365,"data_generator_V":-52.619595},{"data_generator_NK":0.049362015,"data_generator_V":-52.619282},{"data_generator_NK":0.049363665,"data_generator_V":-52.618969},{"data_generator_NK":0.049365316,"data_generator_V":-52.618652},{"data_generator_NK":0.049366962,"data_generator_V":-52.61834},{"data_generator_NK":0.049368609,"data_generator_V":-52.618027},{"data_generator_NK":0.049370252,"data_generator_V":-52.617714},{"data_generator_NK":0.049371894,"data_generator_V":-52.617401},{"data_generator_NK":0.049373534,"data_generator_V":-52.617092},{"data_generator_NK":0.049375173,"data_generator_V":-52.616779},{"data_generator_NK":0.049376808,"data_generator_V":-52.616467},{"data_generator_NK":0.049378444,"data_generator_V":-52.616158},{"data_generator_NK":0.049380075,"data_generator_V":-52.615845},{"data_generator_NK":0.049381707,"data_generator_V":-52.615536},{"data_generator_NK":0.049383335,"data_generator_V":-52.615227},{"data_generator_NK":0.049384963,"data_generator_V":-52.614918},{"data_generator_NK":0.049386587,"data_generator_V":-52.614609},{"data_generator_NK":0.049388211,"data_generator_V":-52.6143},{"data_generator_NK":0.049389835,"data_generator_V":-52.613991},{"data_generator_NK":0.049391452,"data_generator_V":-52.613682},{"data_generator_NK":0.049393073,"data_generator_V":-52.613377},{"data_generator_NK":0.04939469,"data_generator_V":-52.613068},{"data_generator_NK":0.049396303,"data_generator_V":-52.612762},{"data_generator_NK":0.049397916,"data_generator_V":-52.612453},{"data_generator_NK":0.049399525,"data_generator_V":-52.612148},{"data_generator_NK":0.049401134,"data_generator_V":-52.611843},{"data_generator_NK":0.049402744,"data_generator_V":-52.611538},{"data_generator_NK":0.049404349,"data_generator_V":-52.611233},{"data_generator_NK":0.049405951,"data_generator_V":-52.610928},{"data_generator_NK":0.049407557,"data_generator_V":-52.610622},{"data_generator_NK":0.049409155,"data_generator_V":-52.610317},{"data_generator_NK":0.049410753,"data_generator_V":-52.610016},{"data_generator_NK":0.049412351,"data_generator_V":-52.609711},{"data_generator_NK":0.049413946,"data_generator_V":-52.609409},{"data_generator_NK":0.04941554,"data_generator_V":-52.609104},{"data_generator_NK":0.049417131,"data_generator_V":-52.608803},{"data_generator_NK":0.049418718,"data_generator_V":-52.608501},{"data_generator_NK":0.049420308,"data_generator_V":-52.6082},{"data_generator_NK":0.049421892,"data_generator_V":-52.607899},{"data_generator_NK":0.049423479,"data_generator_V":-52.607597},{"data_generator_NK":0.049425062,"data_generator_V":-52.607296},{"data_generator_NK":0.049426641,"data_generator_V":-52.606995},{"data_generator_NK":0.049428221,"data_generator_V":-52.606697},{"data_generator_NK":0.049429797,"data_generator_V":-52.606396},{"data_generator_NK":0.049431372,"data_generator_V":-52.606098},{"data_generator_NK":0.049432945,"data_generator_V":-52.605797},{"data_generator_NK":0.049434517,"data_generator_V":-52.605499},{"data_generator_NK":0.049436089,"data_generator_V":-52.605202},{"data_generator_NK":0.049437657,"data_generator_V":-52.604904},{"data_generator_NK":0.049439222,"data_generator_V":-52.604607},{"data_generator_NK":0.049440786,"data_generator_V":-52.604309},{"data_generator_NK":0.049442351,"data_generator_V":-52.604012},{"data_generator_NK":0.049443912,"data_generator_V":-52.603714},{"data_generator_NK":0.049445473,"data_generator_V":-52.60342},{"data_generator_NK":0.04944703,"data_generator_V":-52.603123},{"data_generator_NK":0.049448587,"data_generator_V":-52.602829},{"data_generator_NK":0.04945014,"data_generator_V":-52.602531},{"data_generator_NK":0.049451694,"data_generator_V":-52.602238},{"data_generator_NK":0.049453244,"data_generator_V":-52.601944},{"data_generator_NK":0.049454793,"data_generator_V":-52.60165},{"data_generator_NK":0.049456339,"data_generator_V":-52.601357},{"data_generator_NK":0.049457885,"data_generator_V":-52.601063},{"data_generator_NK":0.049459431,"data_generator_V":-52.600769},{"data_generator_NK":0.04946097,"data_generator_V":-52.600475},{"data_generator_NK":0.049462512,"data_generator_V":-52.600182},{"data_generator_NK":0.049464051,"data_generator_V":-52.599892},{"data_generator_NK":0.049465589,"data_generator_V":-52.599598},{"data_generator_NK":0.049467124,"data_generator_V":-52.599308},{"data_generator_NK":0.049468655,"data_generator_V":-52.599018},{"data_generator_NK":0.04947019,"data_generator_V":-52.598724},{"data_generator_NK":0.049471717,"data_generator_V":-52.598434},{"data_generator_NK":0.049473245,"data_generator_V":-52.598145},{"data_generator_NK":0.049474772,"data_generator_V":-52.597855},{"data_generator_NK":0.049476299,"data_generator_V":-52.597565},{"data_generator_NK":0.049477819,"data_generator_V":-52.597279},{"data_generator_NK":0.049479343,"data_generator_V":-52.596989},{"data_generator_NK":0.049480863,"data_generator_V":-52.596699},{"data_generator_NK":0.049482379,"data_generator_V":-52.596413},{"data_generator_NK":0.049483895,"data_generator_V":-52.596123},{"data_generator_NK":0.049485411,"data_generator_V":-52.595837},{"data_generator_NK":0.049486924,"data_generator_V":-52.595551},{"data_generator_NK":0.049488436,"data_generator_V":-52.595264},{"data_generator_NK":0.049489945,"data_generator_V":-52.594975},{"data_generator_NK":0.049491454,"data_generator_V":-52.594692},{"data_generator_NK":0.049492959,"data_generator_V":-52.594406},{"data_generator_NK":0.049494464,"data_generator_V":-52.59412},{"data_generator_NK":0.049495965,"data_generator_V":-52.593834},{"data_generator_NK":0.049497467,"data_generator_V":-52.593548},{"data_generator_NK":0.049498964,"data_generator_V":-52.593266},{"data_generator_NK":0.049500462,"data_generator_V":-52.592979},{"data_generator_NK":0.049501959,"data_generator_V":-52.592697},{"data_generator_NK":0.049503453,"data_generator_V":-52.592415},{"data_generator_NK":0.049504947,"data_generator_V":-52.592129},{"data_generator_NK":0.049506437,"data_generator_V":-52.591846},{"data_generator_NK":0.049507923,"data_generator_V":-52.591564},{"data_generator_NK":0.049509414,"data_generator_V":-52.591282},{"data_generator_NK":0.0495109,"data_generator_V":-52.591003},{"data_generator_NK":0.049512383,"data_generator_V":-52.590721},{"data_generator_NK":0.049513865,"data_generator_V":-52.590439},{"data_generator_NK":0.049515344,"data_generator_V":-52.590157},{"data_generator_NK":0.049516823,"data_generator_V":-52.589878},{"data_generator_NK":0.049518302,"data_generator_V":-52.589596},{"data_generator_NK":0.049519777,"data_generator_V":-52.589317},{"data_generator_NK":0.049521253,"data_generator_V":-52.589039},{"data_generator_NK":0.049522724,"data_generator_V":-52.58876},{"data_generator_NK":0.049524195,"data_generator_V":-52.588482},{"data_generator_NK":0.049525663,"data_generator_V":-52.588203},{"data_generator_NK":0.049527131,"data_generator_V":-52.587925},{"data_generator_NK":0.049528595,"data_generator_V":-52.587646},{"data_generator_NK":0.049530059,"data_generator_V":-52.587368},{"data_generator_NK":0.049531523,"data_generator_V":-52.58709},{"data_generator_NK":0.049532983,"data_generator_V":-52.586815},{"data_generator_NK":0.04953444,"data_generator_V":-52.586536},{"data_generator_NK":0.049535897,"data_generator_V":-52.586262},{"data_generator_NK":0.049537353,"data_generator_V":-52.585987},{"data_generator_NK":0.049538806,"data_generator_V":-52.585709},{"data_generator_NK":0.049540259,"data_generator_V":-52.585434},{"data_generator_NK":0.049541712,"data_generator_V":-52.585159},{"data_generator_NK":0.049543161,"data_generator_V":-52.584885},{"data_generator_NK":0.049544606,"data_generator_V":-52.58461},{"data_generator_NK":0.049546052,"data_generator_V":-52.584335},{"data_generator_NK":0.049547497,"data_generator_V":-52.584064},{"data_generator_NK":0.049548939,"data_generator_V":-52.58379},{"data_generator_NK":0.049550381,"data_generator_V":-52.583515},{"data_generator_NK":0.049551819,"data_generator_V":-52.583244},{"data_generator_NK":0.049553256,"data_generator_V":-52.58297},{"data_generator_NK":0.049554691,"data_generator_V":-52.582699},{"data_generator_NK":0.049556125,"data_generator_V":-52.582428},{"data_generator_NK":0.049557559,"data_generator_V":-52.582157},{"data_generator_NK":0.04955899,"data_generator_V":-52.581886},{"data_generator_NK":0.04956042,"data_generator_V":-52.581615},{"data_generator_NK":0.049561847,"data_generator_V":-52.581345},{"data_generator_NK":0.049563274,"data_generator_V":-52.581074},{"data_generator_NK":0.049564697,"data_generator_V":-52.580803},{"data_generator_NK":0.04956612,"data_generator_V":-52.580536},{"data_generator_NK":0.049567539,"data_generator_V":-52.580265},{"data_generator_NK":0.049568959,"data_generator_V":-52.579998},{"data_generator_NK":0.049570378,"data_generator_V":-52.579727},{"data_generator_NK":0.049571794,"data_generator_V":-52.57946},{"data_generator_NK":0.049573209,"data_generator_V":-52.579193},{"data_generator_NK":0.049574621,"data_generator_V":-52.578922},{"data_generator_NK":0.049576033,"data_generator_V":-52.578655},{"data_generator_NK":0.049577441,"data_generator_V":-52.578388},{"data_generator_NK":0.049578849,"data_generator_V":-52.578121},{"data_generator_NK":0.049580257,"data_generator_V":-52.577858},{"data_generator_NK":0.049581662,"data_generator_V":-52.577591},{"data_generator_NK":0.049583066,"data_generator_V":-52.577324},{"data_generator_NK":0.049584467,"data_generator_V":-52.577061},{"data_generator_NK":0.049585868,"data_generator_V":-52.576794},{"data_generator_NK":0.049587265,"data_generator_V":-52.57653},{"data_generator_NK":0.049588662,"data_generator_V":-52.576263},{"data_generator_NK":0.049590059,"data_generator_V":-52.576},{"data_generator_NK":0.049591452,"data_generator_V":-52.575737},{"data_generator_NK":0.049592841,"data_generator_V":-52.575474},{"data_generator_NK":0.049594235,"data_generator_V":-52.575211},{"data_generator_NK":0.04959562,"data_generator_V":-52.574947},{"data_generator_NK":0.04959701,"data_generator_V":-52.574684},{"data_generator_NK":0.049598396,"data_generator_V":-52.574421},{"data_generator_NK":0.049599778,"data_generator_V":-52.574162},{"data_generator_NK":0.04960116,"data_generator_V":-52.573898},{"data_generator_NK":0.049602542,"data_generator_V":-52.573635},{"data_generator_NK":0.04960392,"data_generator_V":-52.573376},{"data_generator_NK":0.049605299,"data_generator_V":-52.573116},{"data_generator_NK":0.049606673,"data_generator_V":-52.572853},{"data_generator_NK":0.049608048,"data_generator_V":-52.572594},{"data_generator_NK":0.049609423,"data_generator_V":-52.572334},{"data_generator_NK":0.049610794,"data_generator_V":-52.572075},{"data_generator_NK":0.049612164,"data_generator_V":-52.571815},{"data_generator_NK":0.049613532,"data_generator_V":-52.571556},{"data_generator_NK":0.049614899,"data_generator_V":-52.571297},{"data_generator_NK":0.049616262,"data_generator_V":-52.571041},{"data_generator_NK":0.049617626,"data_generator_V":-52.570782},{"data_generator_NK":0.049618989,"data_generator_V":-52.570522},{"data_generator_NK":0.049620349,"data_generator_V":-52.570267},{"data_generator_NK":0.049621709,"data_generator_V":-52.570011},{"data_generator_NK":0.049623065,"data_generator_V":-52.569752},{"data_generator_NK":0.049624421,"data_generator_V":-52.569496},{"data_generator_NK":0.049625773,"data_generator_V":-52.569241},{"data_generator_NK":0.049627125,"data_generator_V":-52.568985},{"data_generator_NK":0.049628478,"data_generator_V":-52.568729},{"data_generator_NK":0.049629826,"data_generator_V":-52.568474},{"data_generator_NK":0.049631175,"data_generator_V":-52.568218},{"data_generator_NK":0.049632519,"data_generator_V":-52.567963},{"data_generator_NK":0.049633864,"data_generator_V":-52.567711},{"data_generator_NK":0.049635209,"data_generator_V":-52.567455},{"data_generator_NK":0.04963655,"data_generator_V":-52.5672},{"data_generator_NK":0.049637891,"data_generator_V":-52.566948},{"data_generator_NK":0.049639229,"data_generator_V":-52.566696},{"data_generator_NK":0.049640566,"data_generator_V":-52.566441},{"data_generator_NK":0.0496419,"data_generator_V":-52.566189},{"data_generator_NK":0.049643233,"data_generator_V":-52.565937},{"data_generator_NK":0.049644567,"data_generator_V":-52.565685},{"data_generator_NK":0.049645897,"data_generator_V":-52.565434},{"data_generator_NK":0.049647227,"data_generator_V":-52.565182},{"data_generator_NK":0.049648553,"data_generator_V":-52.56493},{"data_generator_NK":0.049649879,"data_generator_V":-52.564678},{"data_generator_NK":0.049651206,"data_generator_V":-52.56443},{"data_generator_NK":0.049652528,"data_generator_V":-52.564178},{"data_generator_NK":0.04965385,"data_generator_V":-52.563931},{"data_generator_NK":0.049655169,"data_generator_V":-52.563679},{"data_generator_NK":0.049656488,"data_generator_V":-52.563431},{"data_generator_NK":0.049657803,"data_generator_V":-52.563183},{"data_generator_NK":0.049659122,"data_generator_V":-52.562931},{"data_generator_NK":0.049660433,"data_generator_V":-52.562683},{"data_generator_NK":0.049661744,"data_generator_V":-52.562435},{"data_generator_NK":0.049663056,"data_generator_V":-52.562187},{"data_generator_NK":0.049664367,"data_generator_V":-52.561939},{"data_generator_NK":0.049665675,"data_generator_V":-52.561695},{"data_generator_NK":0.049666978,"data_generator_V":-52.561447},{"data_generator_NK":0.049668286,"data_generator_V":-52.561199},{"data_generator_NK":0.049669586,"data_generator_V":-52.560955},{"data_generator_NK":0.04967089,"data_generator_V":-52.560707},{"data_generator_NK":0.04967219,"data_generator_V":-52.560463},{"data_generator_NK":0.049673487,"data_generator_V":-52.560215},{"data_generator_NK":0.049674787,"data_generator_V":-52.559971},{"data_generator_NK":0.049676079,"data_generator_V":-52.559727},{"data_generator_NK":0.049677376,"data_generator_V":-52.559483},{"data_generator_NK":0.049678668,"data_generator_V":-52.559238},{"data_generator_NK":0.049679957,"data_generator_V":-52.558994},{"data_generator_NK":0.049681246,"data_generator_V":-52.55875},{"data_generator_NK":0.049682535,"data_generator_V":-52.558506},{"data_generator_NK":0.049683824,"data_generator_V":-52.558262},{"data_generator_NK":0.049685109,"data_generator_V":-52.558022},{"data_generator_NK":0.049686391,"data_generator_V":-52.557777},{"data_generator_NK":0.049687672,"data_generator_V":-52.557537},{"data_generator_NK":0.049688954,"data_generator_V":-52.557293},{"data_generator_NK":0.049690232,"data_generator_V":-52.557053},{"data_generator_NK":0.049691509,"data_generator_V":-52.556808},{"data_generator_NK":0.049692787,"data_generator_V":-52.556568},{"data_generator_NK":0.049694061,"data_generator_V":-52.556328},{"data_generator_NK":0.049695335,"data_generator_V":-52.556087},{"data_generator_NK":0.049696606,"data_generator_V":-52.555847},{"data_generator_NK":0.049697876,"data_generator_V":-52.555607},{"data_generator_NK":0.049699143,"data_generator_V":-52.555367},{"data_generator_NK":0.049700413,"data_generator_V":-52.55513},{"data_generator_NK":0.049701676,"data_generator_V":-52.55489},{"data_generator_NK":0.049702942,"data_generator_V":-52.554649},{"data_generator_NK":0.049704205,"data_generator_V":-52.554413},{"data_generator_NK":0.049705464,"data_generator_V":-52.554173},{"data_generator_NK":0.049706724,"data_generator_V":-52.553936},{"data_generator_NK":0.049707983,"data_generator_V":-52.553699},{"data_generator_NK":0.049709242,"data_generator_V":-52.553459},{"data_generator_NK":0.049710494,"data_generator_V":-52.553223},{"data_generator_NK":0.049711749,"data_generator_V":-52.552986},{"data_generator_NK":0.049713001,"data_generator_V":-52.55275},{"data_generator_NK":0.049714252,"data_generator_V":-52.552513},{"data_generator_NK":0.0497155,"data_generator_V":-52.552277},{"data_generator_NK":0.049716748,"data_generator_V":-52.552044},{"data_generator_NK":0.049717996,"data_generator_V":-52.551807},{"data_generator_NK":0.049719241,"data_generator_V":-52.551571},{"data_generator_NK":0.049720485,"data_generator_V":-52.551338},{"data_generator_NK":0.049721729,"data_generator_V":-52.551102},{"data_generator_NK":0.04972297,"data_generator_V":-52.550869},{"data_generator_NK":0.049724206,"data_generator_V":-52.550632},{"data_generator_NK":0.049725443,"data_generator_V":-52.5504},{"data_generator_NK":0.04972668,"data_generator_V":-52.550167},{"data_generator_NK":0.049727917,"data_generator_V":-52.549934},{"data_generator_NK":0.04972915,"data_generator_V":-52.549702},{"data_generator_NK":0.049730383,"data_generator_V":-52.549469},{"data_generator_NK":0.049731612,"data_generator_V":-52.549236},{"data_generator_NK":0.049732842,"data_generator_V":-52.549004},{"data_generator_NK":0.049734067,"data_generator_V":-52.548771},{"data_generator_NK":0.049735297,"data_generator_V":-52.548542},{"data_generator_NK":0.049736518,"data_generator_V":-52.548309},{"data_generator_NK":0.049737744,"data_generator_V":-52.548077},{"data_generator_NK":0.049738966,"data_generator_V":-52.547848},{"data_generator_NK":0.049740184,"data_generator_V":-52.547619},{"data_generator_NK":0.049741402,"data_generator_V":-52.547386},{"data_generator_NK":0.04974262,"data_generator_V":-52.547157},{"data_generator_NK":0.049743839,"data_generator_V":-52.546928},{"data_generator_NK":0.049745053,"data_generator_V":-52.5467},{"data_generator_NK":0.049746264,"data_generator_V":-52.546471},{"data_generator_NK":0.049747478,"data_generator_V":-52.546242},{"data_generator_NK":0.049748689,"data_generator_V":-52.546013},{"data_generator_NK":0.049749896,"data_generator_V":-52.545784},{"data_generator_NK":0.049751103,"data_generator_V":-52.545555},{"data_generator_NK":0.04975231,"data_generator_V":-52.54533},{"data_generator_NK":0.049753513,"data_generator_V":-52.545101},{"data_generator_NK":0.049754716,"data_generator_V":-52.544876},{"data_generator_NK":0.04975592,"data_generator_V":-52.544647},{"data_generator_NK":0.049757119,"data_generator_V":-52.544422},{"data_generator_NK":0.049758319,"data_generator_V":-52.544193},{"data_generator_NK":0.049759518,"data_generator_V":-52.543968},{"data_generator_NK":0.049760714,"data_generator_V":-52.543743},{"data_generator_NK":0.049761906,"data_generator_V":-52.543518},{"data_generator_NK":0.049763102,"data_generator_V":-52.543293},{"data_generator_NK":0.049764294,"data_generator_V":-52.543068},{"data_generator_NK":0.049765483,"data_generator_V":-52.542843},{"data_generator_NK":0.049766675,"data_generator_V":-52.542618},{"data_generator_NK":0.049767859,"data_generator_V":-52.542393},{"data_generator_NK":0.049769048,"data_generator_V":-52.542171},{"data_generator_NK":0.049770232,"data_generator_V":-52.541946},{"data_generator_NK":0.049771417,"data_generator_V":-52.541725},{"data_generator_NK":0.049772598,"data_generator_V":-52.5415},{"data_generator_NK":0.049773779,"data_generator_V":-52.541279},{"data_generator_NK":0.049774956,"data_generator_V":-52.541058},{"data_generator_NK":0.049776137,"data_generator_V":-52.540833},{"data_generator_NK":0.04977731,"data_generator_V":-52.540611},{"data_generator_NK":0.049778488,"data_generator_V":-52.54039},{"data_generator_NK":0.049779661,"data_generator_V":-52.540169},{"data_generator_NK":0.049780834,"data_generator_V":-52.539948},{"data_generator_NK":0.049782004,"data_generator_V":-52.539726},{"data_generator_NK":0.049783174,"data_generator_V":-52.539505},{"data_generator_NK":0.04978434,"data_generator_V":-52.539288},{"data_generator_NK":0.04978551,"data_generator_V":-52.539066},{"data_generator_NK":0.049786676,"data_generator_V":-52.538845},{"data_generator_NK":0.049787838,"data_generator_V":-52.538628},{"data_generator_NK":0.049789,"data_generator_V":-52.538406},{"data_generator_NK":0.049790163,"data_generator_V":-52.538189},{"data_generator_NK":0.049791321,"data_generator_V":-52.537968},{"data_generator_NK":0.04979248,"data_generator_V":-52.53775},{"data_generator_NK":0.049793638,"data_generator_V":-52.537533},{"data_generator_NK":0.049794793,"data_generator_V":-52.537315},{"data_generator_NK":0.049795948,"data_generator_V":-52.537098},{"data_generator_NK":0.049797099,"data_generator_V":-52.53688},{"data_generator_NK":0.049798254,"data_generator_V":-52.536663},{"data_generator_NK":0.049799401,"data_generator_V":-52.536446},{"data_generator_NK":0.049800552,"data_generator_V":-52.536228},{"data_generator_NK":0.0498017,"data_generator_V":-52.536015},{"data_generator_NK":0.049802843,"data_generator_V":-52.535797},{"data_generator_NK":0.049803991,"data_generator_V":-52.53558},{"data_generator_NK":0.049805135,"data_generator_V":-52.535366},{"data_generator_NK":0.049806274,"data_generator_V":-52.535149},{"data_generator_NK":0.049807414,"data_generator_V":-52.534935},{"data_generator_NK":0.049808554,"data_generator_V":-52.534721},{"data_generator_NK":0.049809694,"data_generator_V":-52.534504},{"data_generator_NK":0.049810831,"data_generator_V":-52.53429},{"data_generator_NK":0.049811967,"data_generator_V":-52.534077},{"data_generator_NK":0.049813099,"data_generator_V":-52.533863},{"data_generator_NK":0.049814232,"data_generator_V":-52.533649},{"data_generator_NK":0.049815364,"data_generator_V":-52.533436},{"data_generator_NK":0.049816493,"data_generator_V":-52.533222}]