[{"data_set_value_component_environment_variable_time":0.0,"data_set_value_component_x_variable_x":1.5,"data_set_value_component_x_variable_alpha":0.5,"data_set_value_component_x_variable_omega":2.0,"data_set_value_component_x_variable_D":0.8228,"data_set_value_component_x_variable_a":8.1252,"data_set_value_component_y_variable_y":0.95,"data_set_value_component_y_variable_beta":0.38,"data_set_value_component_z_variable_z":1.0,"data_set_value_component_z_variable_gamma":0.6,"data_set_value_component_model_constants_variable_b":1.091},{"data_set_value_component_environment_variable_time":0.1,"data_set_value_component_x_variable_x":1.5606933404,"data_set_value_component_x_variable_alpha":0.5,"data_set_value_component_x_variable_omega":2.0,"data_set_value_component_x_variable_D":0.8228,"data_set_value_component_x_variable_a":8.1252,"data_set_value_component_y_variable_y":0.9718214974,"data_set_value_component_y_variable_beta":0.38,"data_set_value_component_z_variable_z":0.9977214705,"data_set_value_component_z_variable_gamma":0.6,"data_set_value_component_model_constants_variable_b":1.091},{"data_set_value_component_environment_variable_time":0.2,"data_set_value_component_x_variable_x":1.6140116064,"data_set_value_component_x_variable_alpha":0.5,"data_set_value_component_x_variable_omega":2.0,"data_set_value_component_x_variable_D":0.8228,"data_set_value_component_x_variable_a":8.1252,"data_set_value_component_y_variable_y":0.9951734456,"data_set_value_component_y_variable_beta":0.38,"data_set_value_component_z_variable_z":0.9968937773,"data_set_value_component_z_variable_gamma":0.6,"data_set_value_component_model_constants_variable_b":1.091},{"data_set_value_component_environment_variable_time":0.3,"data_set_value_component_x_variable_x":1.6558992706,"data_set_value_component_x_variable_alpha":0.5,"data_set_value_component_x_variable_omega":2.0,"data_set_value_component_x_variable_D":0.8228,"data_set_value_component_x_variable_a":8.1252,"data_set_value_component_y_variable_y":1.0194640065,"data_set_value_component_y_variable_beta":0.38,"data_set_value_component_z_variable_z":0.997505053,"data_set_value_component_z_variable_gamma":0.6,"data_set_value_component_model_constants_variable_b":1.091},{"data_set_value_component_environment_variable_time":0.4,"data_set_value_component_x_variable_x":1.6830343586,"data_set_value_component_x_variable_alpha":0.5,"data_set_value_component_x_variable_omega":2.0,"data_set_value_component_x_variable_D":0.8228,"data_set_value_component_x_variable_a":8.1252,"data_set_value_component_y_variable_y":1.0439717884,"data_set_value_component_y_variable_beta":0.38,"data_set_value_component_z_variable_z":0.9995054248,"data_set_value_component_z_variable_gamma":0.6,"data_set_value_component_model_constants_variable_b":1.091},{"data_set_value_component_environment_variable_time":0.5,"data_set_value_component_x_variable_x":1.6929868065,"data_set_value_component_x_variable_alpha":0.5,"data_set_value_component_x_variable_omega":2.0,"data_set_value_component_x_variable_D":0.8228,"data_set_value_component_x_variable_a":8.1252,"data_set_value_component_y_variable_y":1.067897572,"data_set_value_component_y_variable_beta":0.38,"data_set_value_component_z_variable_z":1.0028034048,"data_set_value_component_z_variable_gamma":0.6,"data_set_value_component_model_constants_variable_b":1.091},{"data_set_value_component_environment_variable_time":0.6,"data_set_value_component_x_variable_x":1.6842929738,"data_set_value_component_x_variable_alpha":0.5,"data_set_value_component_x_variable_omega":2.0,"data_set_value_component_x_variable_D":0.8228,"data_set_value_component_x_variable_a":8.1252,"data_set_value_component_y_variable_y":1.0904220131,"data_set_value_component_y_variable_beta":0.38,"data_set_value_component_z_variable_z":1.0072653812,"data_set_value_component_z_variable_gamma":0.6,"data_set_value_component_model_constants_variable_b":1.091},{"data_set_value_component_environment_variable_time":0.7,"data_set_value_component_x_variable_x":1.6564442241,"data_set_value_component_x_variable_alpha":0.5,"data_set_value_component_x_variable_omega":2.0,"data_set_value_component_x_variable_D":0.8228,"data_set_value_component_x_variable_a":8.1252,"data_set_value_component_y_variable_y":1.1107604436,"data_set_value_component_y_variable_beta":0.38,"data_set_value_component_z_variable_z":1.0127185908,"data_set_value_component_z_variable_gamma":0.6,"data_set_value_component_model_constants_variable_b":1.091},{"data_set_value_component_environment_variable_time":0.8,"data_set_value_component_x_variable_x":1.6098170885,"data_set_value_component_x_variable_alpha":0.5,"data_set_value_component_x_variable_omega":2.0,"data_set_value_component_x_variable_D":0.8228,"data_set_value_component_x_variable_a":8.1252,"data_set_value_component_y_variable_y":1.1282101472,"data_set_value_component_y_variable_beta":0.38,"data_set_value_component_z_variable_z":1.0189568412,"data_set_value_component_z_variable_gamma":0.6,"data_set_value_component_model_constants_variable_b":1.091},{"data_set_value_component_environment_variable_time":0.9,"data_set_value_component_x_variable_x":1.5455701188,"data_set_value_component_x_variable_alpha":0.5,"data_set_value_component_x_variable_omega":2.0,"data_set_value_component_x_variable_D":0.8228,"data_set_value_component_x_variable_a":8.1252,"data_set_value_component_y_variable_y":1.1421866012,"data_set_value_component_y_variable_beta":0.38,"data_set_value_component_z_variable_z":1.025748359,"data_set_value_component_z_variable_gamma":0.6,"data_set_value_component_model_constants_variable_b":1.091},{"data_set_value_component_environment_variable_time":1.0,"data_set_value_component_x_variable_x":1.465527913,"data_set_value_component_x_variable_alpha":0.5,"data_set_value_component_x_variable_omega":2.0,"data_set_value_component_x_variable_D":0.8228,"data_set_value_component_x_variable_a":8.1252,"data_set_value_component_y_variable_y":1.1522465442,"data_set_value_component_y_variable_beta":0.38,"data_set_value_component_z_variable_z":1.0328449041,"data_set_value_component_z_variable_gamma":0.6,"data_set_value_component_model_constants_variable_b":1.091}]