[{"R_SK_pchol_hs_18_1_18_1_c":0.0,"R_SK_pchol_hs_18_1_18_2_c":0.0,"R_SK_pchol_hs_18_2_16_0_c":0.0,"R_SK_pchol_hs_18_2_18_1_c":0.0,"R_SK_pe_hs_16_0_16_0_c":0.0,"R_SK_pe_hs_16_0_18_1_c":0.0,"R_SK_pe_hs_16_0_18_2_c":0.0,"R_SK_pe_hs_18_1_18_1_c":0.0,"R_SK_pe_hs_18_1_18_2_c":0.0,"R_SK_pe_hs_18_2_16_0_c":0.0,"R_SK_pe_hs_18_2_18_1_c":0.0,"R_UNK3":0.0,"R_3MOXTYRESSte":0.0,"R_4PYRDX":0.0,"R_5AOPt2":0.0,"R_EX_ade_e":0.01,"R_EX_adn_e":-0.01,"R_ACALDt":0.0,"R_EX_35cgmp_e":0.0,"R_ACGAM2E":-0.0000374,"R_EX_adrnl_e":0.0,"R_ACGAMK":0.0000374,"R_EX_ala__L_e":0.0,"R_EX_arg__L_e":0.0,"R_ACNAM9PL":0.0,"R_EX_ascb__L_e":0.0,"R_EX_3moxtyr_e":0.0,"R_EX_4pyrdx_e":0.0,"R_ACNAMPH":0.0,"R_EX_bilglcur_e":0.0,"R_EX_ca2_e":0.0,"R_ACNAMt2":0.0000374,"R_EX_camp_e":0.0,"R_EX_chol_e":0.0,"R_EX_cl_e":0.0,"R_ACNML":0.0000374,"R_EX_co_e":0.0,"R_EX_co2_e":-5.1211229333,"R_ACP1_FMN":0.0,"R_EX_cys__L_e":0.0,"R_EX_dhdascb_e":0.0,"R_EX_dopa_e":0.0,"R_EX_5aop_e":0.0,"R_EX_etha_e":0.0,"R_ACt2r":-0.0000374,"R_EX_fe2_e":0.0,"R_ADA":0.0,"R_EX_fru_e":-0.0075,"R_EX_fum_e":-0.25,"R_EX_gal_e":-0.3169,"R_EX_ac_e":0.0000374,"R_EX_gam_e":-0.00001,"R_EX_acald_e":0.0,"R_ADEt":-0.01,"R_EX_acnam_e":-0.0000374,"R_EX_glc__D_e":-1.12,"R_ADK1":0.0,"R_EX_gln__L_e":0.0,"R_ADMDC":0.0,"R_ADNCYC":0.0,"R_EX_gluala_e":0.0,"R_ADNK1":0.0,"R_EX_gly_e":0.0,"R_EX_glyc_e":0.0,"R_C181CPT1":0.0,"R_ADNt":0.01,"R_C181CPT2rbc":0.0,"R_CA2t":0.0,"R_EX_gthox_e":0.0,"R_EX_h_e":8.0466844,"R_EX_h2o_e":0.0,"R_EX_h2o2_e":-5.3812077333,"R_ADPT":0.0,"R_CAATPS":0.0,"R_CAMPt":0.0,"R_ADRNLtu":0.0,"R_EX_hco3_e":5.8711229333,"R_AGDC":0.0000374,"R_AGPAT1_16_0_16_1":0.0,"R_CAT":2.3156038667,"R_AGPAT1_16_0_18_3":0.0,"R_EX_hcys__L_e":0.0,"R_AGPAT1_16_0_18_4":0.0,"R_EX_hdca_e":0.0,"R_EX_hxan_e":0.0,"R_CDIPTr_16_0_16_0":0.0,"R_EX_ins_e":0.0,"R_AGPAT1_18_1_18_3":0.0,"R_EX_k_e":0.0,"R_EX_lac__D_e":0.0,"R_CDIPTr_16_0_18_1":0.0,"R_CDIPTr_16_0_18_2":0.0,"R_EX_lac__L_e":2.9255614667,"R_AGPAT1_18_1_18_4":0.0,"R_EX_leuktrA4_e":0.0,"R_CDIPTr_18_1_18_1":0.0,"R_CDIPTr_18_1_18_2":0.0,"R_EX_leuktrB4_e":0.0,"R_AGPAT1_18_2_16_0":0.0,"R_EX_lnlc_e":0.0,"R_EX_mal__L_e":-0.5,"R_EX_man_e":-0.01,"R_CDIPTr_18_2_16_0":0.0,"R_CDIPTr_18_2_18_1":0.0,"R_CDS_16_0_16_0":0.0,"R_CDS_16_0_18_1":0.0,"R_CDS_16_0_18_2":0.0,"R_AGPAT1_18_2_18_1":0.0,"R_CDS_18_1_18_1":0.0,"R_CDS_18_1_18_2":0.0,"R_EX_mepi_e":0.0,"R_EX_met__L_e":0.0,"R_EX_na1_e":0.0,"R_CDS_18_2_16_0":0.0,"R_AHCi":0.0,"R_CDS_18_2_18_1":0.0,"R_CGMPt":0.0,"R_EX_nac_e":0.0,"R_ALAt4":0.0,"R_EX_ncam_e":0.0,"R_EX_nh4_e":0.0000474,"R_EX_normete__L_e":0.0,"R_EX_nrpphr_e":0.0,"R_CHLP":0.0,"R_CHLPCTD":0.0,"R_EX_o2_e":2.3156038667,"R_EX_ocdcea_e":0.0,"R_CHOLK":0.0,"R_ALDD2x":0.0,"R_CHOLt4":0.0,"R_CO2t":5.1211229333,"R_COt":0.0,"R_EX_orot_e":0.0,"R_EX_phe__L_e":0.0,"R_EX_pi_e":0.0,"R_EX_ptrc_e":0.0,"R_EX_pydam_e":0.0,"R_EX_pydx_e":0.0,"R_EX_pydxn_e":0.0,"R_EX_pyr_e":0.7500374,"R_CPPPGO":0.0,"R_AMANK":0.0,"R_CYStec":0.0,"R_AMPDA":0.0,"R_AP4AH1":0.0,"R_CYTK1":0.0,"R_EX_ribflv_e":0.0,"R_EX_spmd_e":0.0,"R_EX_sprm_e":0.0,"R_D_LACt2":0.0,"R_DAGK_hs_16_0_16_0":0.0,"R_ARGN":0.0,"R_EX_thm_e":0.0,"R_EX_thmmp_e":0.0,"R_DAGK_hs_16_0_18_1":0.0,"R_DAGK_hs_16_0_18_2":0.0,"R_ARGt5r":0.0,"R_DAGK_hs_18_1_18_1":0.0,"R_DAGK_hs_18_1_18_2":0.0,"R_CEPTE_16_0_16_0":0.0,"R_EX_urea_e":0.0,"R_EX_uri_e":0.0,"R_ASCBt":0.0,"R_DAGK_hs_18_2_16_0":0.0,"R_DAGK_hs_18_2_18_1":0.0,"R_BANDMT":0.0,"R_DGULND":0.0,"R_SK_adprbp_c":0.0,"R_DHAAt1r":0.0,"R_BILGLCURt":0.0,"R_DM_nadh":0.0,"R_SK_akg_c":0.0,"R_SK_band_c":0.0,"R_SK_bandmt_c":0.0,"R_BILIRBU":0.0,"R_SK_for_c":0.0,"R_SK_mi1345p_c":0.0,"R_SK_mi134p_c":0.0,"R_DOPAMT":0.0,"R_DOPAtu":0.0,"R_SK_mi145p_c":0.0,"R_BILIRED":0.0,"R_SK_mi14p_c":0.0,"R_SK_pchol_hs_16_0_16_0_c":0.0,"R_SK_pchol_hs_16_0_18_1_c":0.0,"R_SK_pchol_hs_16_0_18_2_c":0.0,"R_DPGM":0.0,"R_C160CPT1":0.0,"R_DPGase":0.0,"R_C160CPT2rbc":0.0,"R_ENO":2.9255614667,"R_GTHS":0.0,"R_GUACYC":0.0,"R_GUAPRT":0.0,"R_ETHAt":0.0,"R_ENOPH":0.0,"R_ETHP":0.0,"R_GULND":0.0,"R_NDPK1":0.0,"R_FACOAL160":0.0,"R_FACOAL181":0.0,"R_FACOAL1821":0.0,"R_H2O2t":5.3812077333,"R_FADDP":0.0,"R_NDPK2":0.0,"R_NDPK3":0.0,"R_NH4t3r":0.0000474,"R_FBA":1.4611140667,"R_FBP26":0.0,"R_H2Ot":0.0,"R_HCO3E":5.8711229333,"R_NICRNS":0.0,"R_HCO3_CLt":-5.8711229333,"R_HCYSte":0.0,"R_HDCAt":0.0,"R_FCLT":0.0,"R_FE2t":0.0,"R_FMNAT":0.0,"R_HEX1":1.12,"R_NMNAT":0.0,"R_HEX10":0.00001,"R_HEX4":0.01,"R_HEX7":0.0075,"R_HMBS":0.0,"R_FRUt1r":0.0075,"R_FUM":0.25,"R_FUMtr":0.25,"R_NNATr":0.0,"R_G6PDA":0.0000474,"R_G6PDH2r":0.0,"R_GALKr":0.3169,"R_HOXG":0.0,"R_HXPRT":0.0,"R_NORMETEVESSte":0.0,"R_NP1":0.0,"R_GALOR":0.0,"R_GALT":0.0,"R_HYXNt":0.0,"R_NRPPHRtu":0.0,"R_GALUi":0.0,"R_GALt1r":0.3169,"R_NT5C":0.0,"R_Ht":-4.3711329333,"R_GAMt1r":0.00001,"R_ICDHyr":0.0,"R_NTD11":0.0,"R_IMPD":0.0,"R_GAPD":2.9255614667,"R_NTD2":0.0,"R_NMNHYD":0.0,"R_GGLUCT":0.0,"R_GK1":0.0,"R_GLCt1":1.12,"R_INSt":0.0,"R_KCCt":-5.8711229333,"R_L_LACt2r":-2.9255614667,"R_GLNS":0.0,"R_GLNt4":0.0,"R_LDH_L":-2.9255614667,"R_GLUCYS":0.0,"R_NTD7":0.0,"R_GLYCt":0.0,"R_GLYK":0.0,"R_LEUKTRA4t":0.0,"R_LEUKTRB4t":0.0,"R_LGTHL":0.0,"R_GLYOX":0.0,"R_NTD9":0.0,"R_LNLCCPT1":0.0,"R_GLYt7_211_r":0.0,"R_LNLCCPT2rbc":0.0,"R_NaKt":2.9355614667,"R_LNLCt":0.0,"R_GMPR":0.0,"R_O2t":-2.3156038667,"R_GMPS2":0.0,"R_GND":0.0,"R_LTA4H":0.0,"R_MALt":0.5,"R_GPAM_hs_16_1":0.0,"R_OCDCEAt":0.0,"R_GPAM_hs_18_3":0.0,"R_MAN6PI":0.01,"R_MANt1r":0.01,"R_GPAM_hs_18_4":0.0,"R_OMPDC":0.0,"R_GPDDA1":0.0,"R_GTHDH":0.0,"R_MDH":0.0,"R_OPAH":0.0,"R_GTHOr":0.75,"R_GTHOXti2":0.0,"R_GTHPi":0.75,"R_MDRPD":0.0,"R_ME2":0.75,"R_ORNDC":0.0,"R_MEPIVESSte":0.0,"R_METAT":0.0,"R_OROATP":0.0,"R_METtec":0.0,"R_ORPT":0.0,"R_MGSA":0.0,"R_PDX5POi":0.0,"R_PDXPP":0.0,"R_MI1345PP":0.0,"R_MI145PK":0.0,"R_MI145PP":0.0,"R_MI1PP":0.0,"R_PI4P5K_16_0_18_4":0.0,"R_PI4P5K_18_1_18_3":0.0,"R_PI4P5K_18_1_18_4":0.0,"R_PETHCT":0.0,"R_PI4P5K_18_2_16_0":0.0,"R_MI1PS":0.0,"R_MTAP":0.0,"R_PI4P5K_18_2_18_1":0.0,"R_MTRI":0.0,"R_PFK":1.4611140667,"R_NACt":0.0,"R_NADK":0.0,"R_PI4PLC_16_0_16_0":0.0,"R_PI4PLC_16_0_18_1":0.0,"R_PI4PLC_16_0_18_2":0.0,"R_PI4PLC_18_1_18_1":0.0,"R_PI4PLC_18_1_18_2":0.0,"R_PI4PLC_18_2_16_0":0.0,"R_PI4PLC_18_2_18_1":0.0,"R_PI4PP_16_0_16_0":0.0,"R_NADPN":0.0,"R_PFK26":0.0,"R_PI4PP_16_0_18_1":0.0,"R_PI4PP_16_0_18_2":0.0,"R_NADS2":0.0,"R_PI4PP_18_1_18_1":0.0,"R_PGI":1.4369,"R_PI4PP_18_1_18_2":0.0,"R_PI4PP_18_2_16_0":0.0,"R_NAt":8.8066844,"R_NCAMUP":0.0,"R_PI4PP_18_2_18_1":0.0,"R_PGK":-2.9255614667,"R_PIK4_16_0_16_0":0.0,"R_PIK4_16_0_18_1":0.0,"R_PIK4_16_0_18_2":0.0,"R_GULN3D":0.0,"R_PGL":0.0,"R_PIK4_18_1_18_1":0.0,"R_PIK4_18_1_18_2":0.0,"R_PIK4_18_2_16_0":0.0,"R_PIK4_18_2_18_1":0.0,"R_PIPLC_16_0_16_0":0.0,"R_PPAP_18_1_18_1":0.0,"R_PPAP_18_1_18_2":0.0,"R_PPAP_18_2_16_0":0.0,"R_PIPLC_16_0_18_1":0.0,"R_PGM":-2.9255614667,"R_PIPLC_16_0_18_2":0.0,"R_PIPLC_18_1_18_1":0.0,"R_PPAP_18_2_18_1":0.0,"R_PIPLC_18_1_18_2":0.0,"R_PHETA1":0.0,"R_PIPLC_18_2_16_0":0.0,"R_PIPLC_18_2_18_1":0.0,"R_PPBNGS":0.0,"R_PPM":0.01,"R_PPPGO":0.0,"R_PHEtec":0.0,"R_PRPPS":0.0,"R_PIt":0.0,"R_PI45P5P_16_0_16_0":0.0,"R_PLA2_2_16_0_16_0":0.0,"R_PLA2_2_16_0_18_1":0.0,"R_PTRCtex2":0.0,"R_PI45P5P_16_0_18_1":0.0,"R_PLA2_2_16_0_18_2":0.0,"R_PLA2_2_18_1_18_1":0.0,"R_PLA2_2_18_1_18_2":0.0,"R_PUNP1":0.01,"R_PUNP3":0.0,"R_PUNP5":0.0,"R_PLA2_2_18_2_16_0":0.0,"R_PLA2_2_18_2_18_1":0.0,"R_PYAM5PO":0.0,"R_PI45P5P_16_0_18_2":0.0,"R_PYDAMK":0.0,"R_PNP":0.0,"R_PI45P5P_18_1_18_1":0.0,"R_PYDAMtr":0.0,"R_PI45P5P_18_1_18_2":0.0,"R_PYDXDH":0.0,"R_PYDXK":0.0,"R_PPA":0.0,"R_PI45P5P_18_2_16_0":0.0,"R_PPAP_16_0_16_0":0.0,"R_PYDXNK":0.0,"R_PPAP_16_0_18_1":0.0,"R_PI45P5P_18_2_18_1":0.0,"R_PPAP_16_0_18_2":0.0,"R_PYDXNtr":0.0,"R_PYDXPP":0.0,"R_PYDXtr":0.0,"R_PYK":2.9255614667,"R_CEPTE_18_1_18_2":0.0,"R_PI45PLC_16_0_16_0":0.0,"R_CEPTE_18_2_16_0":0.0,"R_PYRt2":-0.7500374,"R_CEPTE_18_2_18_1":0.0,"R_RBFK":0.0,"R_PI45PLC_16_0_18_1":0.0,"R_CEPTC_16_0_16_0":0.0,"R_CEPTC_16_0_18_1":0.0,"R_CEPTC_16_0_18_2":0.0,"R_CEPTC_18_1_18_1":0.0,"R_ETHAK":0.0,"R_RIBFLVt3":0.0,"R_RNMK":0.0,"R_RPE":0.0066666667,"R_LPASE_16_0":0.0,"R_LPASE_18_1":0.0,"R_RPI":0.0066666667,"R_PI45PLC_16_0_18_2":0.0,"R_LPASE_18_2":0.0,"R_SALMCOM":0.0,"R_PDE1":0.0,"R_PI45PLC_18_1_18_1":0.0,"R_PMANM":0.0,"R_SALMCOM2":0.0,"R_PI45PLC_18_1_18_2":0.0,"R_SBTD_D2":0.0,"R_SBTR":0.0,"R_PI45PLC_18_2_16_0":0.0,"R_SPMDtex2":0.0,"R_RIBFLVt3o":0.0,"R_PI45PLC_18_2_18_1":0.0,"R_SPMS":0.0,"R_PI4P5K_16_0_16_1":0.0,"R_SPRMS":0.0,"R_PI4P5K_16_0_18_3":0.0,"R_SPRMt2i":0.0,"R_TALA":0.0033333333,"R_PGMT":0.3169,"R_TDP":0.0,"R_THMMPtrbc":0.0,"R_THMTP":0.0,"R_THMtrbc":0.0,"R_TKT1":0.0033333333,"R_TKT2":0.0033333333,"R_TMDPK":0.0,"R_TMDPPK":0.0,"R_TPI":1.4611140667,"R_UDPG4E":-0.3169,"R_UDPGD":0.0,"R_UDPGNP":0.0,"R_UGLT":0.3169,"R_UMPK":0.0,"R_UPP3S":0.0,"R_UPPDC1":0.0,"R_UREAt":0.0,"R_URIt":0.0,"R_XYLK":0.0,"R_XYLTD_D":0.0,"R_XYLUR":0.0,"R_ARD":0.0,"R_CEPTC_18_1_18_2":0.0,"R_CEPTC_18_2_16_0":0.0,"R_CEPTC_18_2_18_1":0.0,"R_CEPTE_16_0_18_1":0.0,"R_CEPTE_16_0_18_2":0.0,"R_CEPTE_18_1_18_1":0.0}]