[{"data_set_value_component_environment_variable_time":0.0,"data_set_value_component_V1_variable_V_max1":1.0,"data_set_value_component_V1_variable_GEFt":4.0,"data_set_value_component_V1_variable_V_1":0.25,"data_set_value_component_V2_variable_Str":1.0,"data_set_value_component_V2_variable_V_max2":1.0,"data_set_value_component_V2_variable_V_2":0.25,"data_set_value_component_V3_variable_k_c3":3.5,"data_set_value_component_V3_variable_PKAt":0.3,"data_set_value_component_V3_variable_GAPt":1.5,"data_set_value_component_V3_variable_V_3":0.7,"data_set_value_component_V4_variable_V_max4":1.3,"data_set_value_component_V4_variable_V_4":0.8666666667,"data_set_value_component_V5_variable_k_gef":240.0,"data_set_value_component_V5_variable_RASt":250.0,"data_set_value_component_V5_variable_V_5":3.84,"data_set_value_component_V6_variable_k_gap":600.0,"data_set_value_component_V6_variable_V_6":3.6,"data_set_value_component_V7_variable_k_c7":3.333,"data_set_value_component_V7_variable_PDEt":0.5,"data_set_value_component_V7_variable_V_7":1.9998,"data_set_value_component_V8_variable_V_max8":1.5,"data_set_value_component_V8_variable_V_8":3.0,"data_set_value_component_VPKAact_variable_a":1.0,"data_set_value_component_VPKAact_variable_r":1.0,"data_set_value_component_VPKAact_variable_V_PKAact":0.455,"data_set_value_component_holoenzyme_R_cAMP_variable_R2cAMP2":0.5,"data_set_value_component_C_subunit_variable_C":1.0,"data_set_value_component_active_GEF_variable_K_1":0.05,"data_set_value_component_active_GEF_variable_K_2":0.05,"data_set_value_component_active_GEF_variable_GEFa":0.36,"data_set_value_component_active_GAP_variable_K_3":0.01,"data_set_value_component_active_GAP_variable_K_4":0.01,"data_set_value_component_active_GAP_variable_GAPa":0.5,"data_set_value_component_RAS_to_GTP_variable_K_5":0.001,"data_set_value_component_RAS_to_GTP_variable_K_6":0.001,"data_set_value_component_RAS_to_GTP_variable_RGTP":0.1,"data_set_value_component_adenylate_cyclase_variable_k_a":0.01,"data_set_value_component_adenylate_cyclase_variable_k_i":1.0,"data_set_value_component_adenylate_cyclase_variable_CYCLa":0.1,"data_set_value_component_active_PDE_variable_K_7":0.01,"data_set_value_component_active_PDE_variable_K_8":0.01,"data_set_value_component_active_PDE_variable_PDEa":0.5,"data_set_value_component_cyclic_AMP_variable_k_s":4.0,"data_set_value_component_cyclic_AMP_variable_k_d":100.0,"data_set_value_component_cyclic_AMP_variable_CYCLt":0.7,"data_set_value_component_cyclic_AMP_variable_K_md":20.0,"data_set_value_component_cyclic_AMP_variable_cAMP":1.0,"data_set_value_component_holoenzyme_R_C_variable_R2C2":0.5,"data_set_value_component_V9_variable_k_c9":3.333,"data_set_value_component_V9_variable_MSNt":1.0,"data_set_value_component_V9_variable_V_9":0.9999,"data_set_value_component_V10_variable_V_max10":0.6,"data_set_value_component_V10_variable_V_10":0.6,"data_set_value_component_V11_variable_k_c11":3.333,"data_set_value_component_V11_variable_V_11":0.9999,"data_set_value_component_V12_variable_V_max12":2.0,"data_set_value_component_V12_variable_V_12":2.0,"data_set_value_component_cytosol_variable_k_t1":10.0,"data_set_value_component_cytosol_variable_k_t2":0.001,"data_set_value_component_cytosol_variable_K_11":0.05,"data_set_value_component_cytosol_variable_K_12":0.05,"data_set_value_component_cytosol_variable_MC":0.25,"data_set_value_component_nucleus_variable_K_9":0.05,"data_set_value_component_nucleus_variable_K_10":0.05,"data_set_value_component_nucleus_variable_MN":0.25,"data_set_value_component_nucleus_phos_variable_k_t3":0.001,"data_set_value_component_nucleus_phos_variable_k_t4":10.0,"data_set_value_component_nucleus_phos_variable_MNP":0.25,"data_set_value_component_cytosol_phos_variable_MCP":0.25,"data_set_value_component_Mcyto_variable_M_cyto":0.5,"data_set_value_component_Mnucl_variable_M_nucl":0.5},{"data_set_value_component_environment_variable_time":0.1,"data_set_value_component_V1_variable_V_max1":1.0,"data_set_value_component_V1_variable_GEFt":4.0,"data_set_value_component_V1_variable_V_1":0.25,"data_set_value_component_V2_variable_Str":1.0,"data_set_value_component_V2_variable_V_max2":1.0,"data_set_value_component_V2_variable_V_2":0.25,"data_set_value_component_V3_variable_k_c3":3.5,"data_set_value_component_V3_variable_PKAt":0.3,"data_set_value_component_V3_variable_GAPt":1.5,"data_set_value_component_V3_variable_V_3":0.7,"data_set_value_component_V4_variable_V_max4":1.3,"data_set_value_component_V4_variable_V_4":0.8666666667,"data_set_value_component_V5_variable_k_gef":240.0,"data_set_value_component_V5_variable_RASt":250.0,"data_set_value_component_V5_variable_V_5":3.84,"data_set_value_component_V6_variable_k_gap":600.0,"data_set_value_component_V6_variable_V_6":3.6,"data_set_value_component_V7_variable_k_c7":3.333,"data_set_value_component_V7_variable_PDEt":0.5,"data_set_value_component_V7_variable_V_7":1.9998,"data_set_value_component_V8_variable_V_max8":1.5,"data_set_value_component_V8_variable_V_8":3.0,"data_set_value_component_VPKAact_variable_a":1.0,"data_set_value_component_VPKAact_variable_r":1.0,"data_set_value_component_VPKAact_variable_V_PKAact":0.324733165,"data_set_value_component_holoenzyme_R_cAMP_variable_R2cAMP2":0.5381713315,"data_set_value_component_C_subunit_variable_C":1.0763426631,"data_set_value_component_active_GEF_variable_K_1":0.05,"data_set_value_component_active_GEF_variable_K_2":0.05,"data_set_value_component_active_GEF_variable_GEFa":0.3612309903,"data_set_value_component_active_GAP_variable_K_3":0.01,"data_set_value_component_active_GAP_variable_K_4":0.01,"data_set_value_component_active_GAP_variable_GAPa":0.4864767436,"data_set_value_component_RAS_to_GTP_variable_K_5":0.001,"data_set_value_component_RAS_to_GTP_variable_K_6":0.001,"data_set_value_component_RAS_to_GTP_variable_RGTP":0.0631171417,"data_set_value_component_adenylate_cyclase_variable_k_a":0.01,"data_set_value_component_adenylate_cyclase_variable_k_i":1.0,"data_set_value_component_adenylate_cyclase_variable_CYCLa":0.1076849387,"data_set_value_component_active_PDE_variable_K_7":0.01,"data_set_value_component_active_PDE_variable_K_8":0.01,"data_set_value_component_active_PDE_variable_PDEa":0.4107969918,"data_set_value_component_cyclic_AMP_variable_k_s":4.0,"data_set_value_component_cyclic_AMP_variable_k_d":100.0,"data_set_value_component_cyclic_AMP_variable_CYCLt":0.7,"data_set_value_component_cyclic_AMP_variable_K_md":20.0,"data_set_value_component_cyclic_AMP_variable_cAMP":0.9033440586,"data_set_value_component_holoenzyme_R_C_variable_R2C2":0.4618286685,"data_set_value_component_V9_variable_k_c9":3.333,"data_set_value_component_V9_variable_MSNt":1.0,"data_set_value_component_V9_variable_V_9":0.9999,"data_set_value_component_V10_variable_V_max10":0.6,"data_set_value_component_V10_variable_V_10":0.6,"data_set_value_component_V11_variable_k_c11":3.333,"data_set_value_component_V11_variable_V_11":0.9999,"data_set_value_component_V12_variable_V_max12":2.0,"data_set_value_component_V12_variable_V_12":2.0,"data_set_value_component_cytosol_variable_k_t1":10.0,"data_set_value_component_cytosol_variable_k_t2":0.001,"data_set_value_component_cytosol_variable_K_11":0.05,"data_set_value_component_cytosol_variable_K_12":0.05,"data_set_value_component_cytosol_variable_MC":0.1490570918,"data_set_value_component_nucleus_variable_K_9":0.05,"data_set_value_component_nucleus_variable_K_10":0.05,"data_set_value_component_nucleus_variable_MN":0.3963434026,"data_set_value_component_nucleus_phos_variable_k_t3":0.001,"data_set_value_component_nucleus_phos_variable_k_t4":10.0,"data_set_value_component_nucleus_phos_variable_MNP":0.1208772267,"data_set_value_component_cytosol_phos_variable_MCP":0.3337222788,"data_set_value_component_Mcyto_variable_M_cyto":0.4827793707,"data_set_value_component_Mnucl_variable_M_nucl":0.5172206293},{"data_set_value_component_environment_variable_time":0.2,"data_set_value_component_V1_variable_V_max1":1.0,"data_set_value_component_V1_variable_GEFt":4.0,"data_set_value_component_V1_variable_V_1":0.25,"data_set_value_component_V2_variable_Str":1.0,"data_set_value_component_V2_variable_V_max2":1.0,"data_set_value_component_V2_variable_V_2":0.25,"data_set_value_component_V3_variable_k_c3":3.5,"data_set_value_component_V3_variable_PKAt":0.3,"data_set_value_component_V3_variable_GAPt":1.5,"data_set_value_component_V3_variable_V_3":0.7,"data_set_value_component_V4_variable_V_max4":1.3,"data_set_value_component_V4_variable_V_4":0.8666666667,"data_set_value_component_V5_variable_k_gef":240.0,"data_set_value_component_V5_variable_RASt":250.0,"data_set_value_component_V5_variable_V_5":3.84,"data_set_value_component_V6_variable_k_gap":600.0,"data_set_value_component_V6_variable_V_6":3.6,"data_set_value_component_V7_variable_k_c7":3.333,"data_set_value_component_V7_variable_PDEt":0.5,"data_set_value_component_V7_variable_V_7":1.9998,"data_set_value_component_V8_variable_V_max8":1.5,"data_set_value_component_V8_variable_V_8":3.0,"data_set_value_component_VPKAact_variable_a":1.0,"data_set_value_component_VPKAact_variable_r":1.0,"data_set_value_component_VPKAact_variable_V_PKAact":0.2479049835,"data_set_value_component_holoenzyme_R_cAMP_variable_R2cAMP2":0.5659108842,"data_set_value_component_C_subunit_variable_C":1.1318217683,"data_set_value_component_active_GEF_variable_K_1":0.05,"data_set_value_component_active_GEF_variable_K_2":0.05,"data_set_value_component_active_GEF_variable_GEFa":0.3624496997,"data_set_value_component_active_GAP_variable_K_3":0.01,"data_set_value_component_active_GAP_variable_K_4":0.01,"data_set_value_component_active_GAP_variable_GAPa":0.4774875091,"data_set_value_component_RAS_to_GTP_variable_K_5":0.001,"data_set_value_component_RAS_to_GTP_variable_K_6":0.001,"data_set_value_component_RAS_to_GTP_variable_RGTP":0.0322461219,"data_set_value_component_adenylate_cyclase_variable_k_a":0.01,"data_set_value_component_adenylate_cyclase_variable_k_i":1.0,"data_set_value_component_adenylate_cyclase_variable_CYCLa":0.107392663,"data_set_value_component_active_PDE_variable_K_7":0.01,"data_set_value_component_active_PDE_variable_K_8":0.01,"data_set_value_component_active_PDE_variable_PDEa":0.3362573942,"data_set_value_component_cyclic_AMP_variable_k_s":4.0,"data_set_value_component_cyclic_AMP_variable_k_d":100.0,"data_set_value_component_cyclic_AMP_variable_CYCLt":0.7,"data_set_value_component_cyclic_AMP_variable_K_md":20.0,"data_set_value_component_cyclic_AMP_variable_cAMP":0.8389814141,"data_set_value_component_holoenzyme_R_C_variable_R2C2":0.4340891158,"data_set_value_component_V9_variable_k_c9":3.333,"data_set_value_component_V9_variable_MSNt":1.0,"data_set_value_component_V9_variable_V_9":0.9999,"data_set_value_component_V10_variable_V_max10":0.6,"data_set_value_component_V10_variable_V_10":0.6,"data_set_value_component_V11_variable_k_c11":3.333,"data_set_value_component_V11_variable_V_11":0.9999,"data_set_value_component_V12_variable_V_max12":2.0,"data_set_value_component_V12_variable_V_12":2.0,"data_set_value_component_cytosol_variable_k_t1":10.0,"data_set_value_component_cytosol_variable_k_t2":0.001,"data_set_value_component_cytosol_variable_K_11":0.05,"data_set_value_component_cytosol_variable_K_12":0.05,"data_set_value_component_cytosol_variable_MC":0.1148302204,"data_set_value_component_nucleus_variable_K_9":0.05,"data_set_value_component_nucleus_variable_K_10":0.05,"data_set_value_component_nucleus_variable_MN":0.4657537559,"data_set_value_component_nucleus_phos_variable_k_t3":0.001,"data_set_value_component_nucleus_phos_variable_k_t4":10.0,"data_set_value_component_nucleus_phos_variable_MNP":0.0827204703,"data_set_value_component_cytosol_phos_variable_MCP":0.3366955534,"data_set_value_component_Mcyto_variable_M_cyto":0.4515257738,"data_set_value_component_Mnucl_variable_M_nucl":0.5484742262},{"data_set_value_component_environment_variable_time":0.3,"data_set_value_component_V1_variable_V_max1":1.0,"data_set_value_component_V1_variable_GEFt":4.0,"data_set_value_component_V1_variable_V_1":0.25,"data_set_value_component_V2_variable_Str":1.0,"data_set_value_component_V2_variable_V_max2":1.0,"data_set_value_component_V2_variable_V_2":0.25,"data_set_value_component_V3_variable_k_c3":3.5,"data_set_value_component_V3_variable_PKAt":0.3,"data_set_value_component_V3_variable_GAPt":1.5,"data_set_value_component_V3_variable_V_3":0.7,"data_set_value_component_V4_variable_V_max4":1.3,"data_set_value_component_V4_variable_V_4":0.8666666667,"data_set_value_component_V5_variable_k_gef":240.0,"data_set_value_component_V5_variable_RASt":250.0,"data_set_value_component_V5_variable_V_5":3.84,"data_set_value_component_V6_variable_k_gap":600.0,"data_set_value_component_V6_variable_V_6":3.6,"data_set_value_component_V7_variable_k_c7":3.333,"data_set_value_component_V7_variable_PDEt":0.5,"data_set_value_component_V7_variable_V_7":1.9998,"data_set_value_component_V8_variable_V_max8":1.5,"data_set_value_component_V8_variable_V_8":3.0,"data_set_value_component_VPKAact_variable_a":1.0,"data_set_value_component_VPKAact_variable_r":1.0,"data_set_value_component_VPKAact_variable_V_PKAact":0.1991238866,"data_set_value_component_holoenzyme_R_cAMP_variable_R2cAMP2":0.5871674922,"data_set_value_component_C_subunit_variable_C":1.1743349844,"data_set_value_component_active_GEF_variable_K_1":0.05,"data_set_value_component_active_GEF_variable_K_2":0.05,"data_set_value_component_active_GEF_variable_GEFa":0.3636562919,"data_set_value_component_active_GAP_variable_K_3":0.01,"data_set_value_component_active_GAP_variable_K_4":0.01,"data_set_value_component_active_GAP_variable_GAPa":0.4718776087,"data_set_value_component_RAS_to_GTP_variable_K_5":0.001,"data_set_value_component_RAS_to_GTP_variable_K_6":0.001,"data_set_value_component_RAS_to_GTP_variable_RGTP":0.0097704581,"data_set_value_component_adenylate_cyclase_variable_k_a":0.01,"data_set_value_component_adenylate_cyclase_variable_k_i":1.0,"data_set_value_component_adenylate_cyclase_variable_CYCLa":0.101380975,"data_set_value_component_active_PDE_variable_K_7":0.01,"data_set_value_component_active_PDE_variable_K_8":0.01,"data_set_value_component_active_PDE_variable_PDEa":0.273341876,"data_set_value_component_cyclic_AMP_variable_k_s":4.0,"data_set_value_component_cyclic_AMP_variable_k_d":100.0,"data_set_value_component_cyclic_AMP_variable_CYCLt":0.7,"data_set_value_component_cyclic_AMP_variable_K_md":20.0,"data_set_value_component_cyclic_AMP_variable_cAMP":0.7953978879,"data_set_value_component_holoenzyme_R_C_variable_R2C2":0.4128325078,"data_set_value_component_V9_variable_k_c9":3.333,"data_set_value_component_V9_variable_MSNt":1.0,"data_set_value_component_V9_variable_V_9":0.9999,"data_set_value_component_V10_variable_V_max10":0.6,"data_set_value_component_V10_variable_V_10":0.6,"data_set_value_component_V11_variable_k_c11":3.333,"data_set_value_component_V11_variable_V_11":0.9999,"data_set_value_component_V12_variable_V_max12":2.0,"data_set_value_component_V12_variable_V_12":2.0,"data_set_value_component_cytosol_variable_k_t1":10.0,"data_set_value_component_cytosol_variable_k_t2":0.001,"data_set_value_component_cytosol_variable_K_11":0.05,"data_set_value_component_cytosol_variable_K_12":0.05,"data_set_value_component_cytosol_variable_MC":0.1021513041,"data_set_value_component_nucleus_variable_K_9":0.05,"data_set_value_component_nucleus_variable_K_10":0.05,"data_set_value_component_nucleus_variable_MN":0.5050128513,"data_set_value_component_nucleus_phos_variable_k_t3":0.001,"data_set_value_component_nucleus_phos_variable_k_t4":10.0,"data_set_value_component_nucleus_phos_variable_MNP":0.0739122913,"data_set_value_component_cytosol_phos_variable_MCP":0.3189235533,"data_set_value_component_Mcyto_variable_M_cyto":0.4210748575,"data_set_value_component_Mnucl_variable_M_nucl":0.5789251425},{"data_set_value_component_environment_variable_time":0.4,"data_set_value_component_V1_variable_V_max1":1.0,"data_set_value_component_V1_variable_GEFt":4.0,"data_set_value_component_V1_variable_V_1":0.25,"data_set_value_component_V2_variable_Str":1.0,"data_set_value_component_V2_variable_V_max2":1.0,"data_set_value_component_V2_variable_V_2":0.25,"data_set_value_component_V3_variable_k_c3":3.5,"data_set_value_component_V3_variable_PKAt":0.3,"data_set_value_component_V3_variable_GAPt":1.5,"data_set_value_component_V3_variable_V_3":0.7,"data_set_value_component_V4_variable_V_max4":1.3,"data_set_value_component_V4_variable_V_4":0.8666666667,"data_set_value_component_V5_variable_k_gef":240.0,"data_set_value_component_V5_variable_RASt":250.0,"data_set_value_component_V5_variable_V_5":3.84,"data_set_value_component_V6_variable_k_gap":600.0,"data_set_value_component_V6_variable_V_6":3.6,"data_set_value_component_V7_variable_k_c7":3.333,"data_set_value_component_V7_variable_PDEt":0.5,"data_set_value_component_V7_variable_V_7":1.9998,"data_set_value_component_V8_variable_V_max8":1.5,"data_set_value_component_V8_variable_V_8":3.0,"data_set_value_component_VPKAact_variable_a":1.0,"data_set_value_component_VPKAact_variable_r":1.0,"data_set_value_component_VPKAact_variable_V_PKAact":0.1663168256,"data_set_value_component_holoenzyme_R_cAMP_variable_R2cAMP2":0.6041100162,"data_set_value_component_C_subunit_variable_C":1.2082200325,"data_set_value_component_active_GEF_variable_K_1":0.05,"data_set_value_component_active_GEF_variable_K_2":0.05,"data_set_value_component_active_GEF_variable_GEFa":0.3648509276,"data_set_value_component_active_GAP_variable_K_3":0.01,"data_set_value_component_active_GAP_variable_K_4":0.01,"data_set_value_component_active_GAP_variable_GAPa":0.4689011424,"data_set_value_component_RAS_to_GTP_variable_K_5":0.001,"data_set_value_component_RAS_to_GTP_variable_K_6":0.001,"data_set_value_component_RAS_to_GTP_variable_RGTP":0.0048764346,"data_set_value_component_adenylate_cyclase_variable_k_a":0.01,"data_set_value_component_adenylate_cyclase_variable_k_i":1.0,"data_set_value_component_adenylate_cyclase_variable_CYCLa":0.0930329766,"data_set_value_component_active_PDE_variable_K_7":0.01,"data_set_value_component_active_PDE_variable_K_8":0.01,"data_set_value_component_active_PDE_variable_PDEa":0.2203294182,"data_set_value_component_cyclic_AMP_variable_k_s":4.0,"data_set_value_component_cyclic_AMP_variable_k_d":100.0,"data_set_value_component_cyclic_AMP_variable_CYCLt":0.7,"data_set_value_component_cyclic_AMP_variable_K_md":20.0,"data_set_value_component_cyclic_AMP_variable_cAMP":0.7655329294,"data_set_value_component_holoenzyme_R_C_variable_R2C2":0.3958899838,"data_set_value_component_V9_variable_k_c9":3.333,"data_set_value_component_V9_variable_MSNt":1.0,"data_set_value_component_V9_variable_V_9":0.9999,"data_set_value_component_V10_variable_V_max10":0.6,"data_set_value_component_V10_variable_V_10":0.6,"data_set_value_component_V11_variable_k_c11":3.333,"data_set_value_component_V11_variable_V_11":0.9999,"data_set_value_component_V12_variable_V_max12":2.0,"data_set_value_component_V12_variable_V_12":2.0,"data_set_value_component_cytosol_variable_k_t1":10.0,"data_set_value_component_cytosol_variable_k_t2":0.001,"data_set_value_component_cytosol_variable_K_11":0.05,"data_set_value_component_cytosol_variable_K_12":0.05,"data_set_value_component_cytosol_variable_MC":0.0962738907,"data_set_value_component_nucleus_variable_K_9":0.05,"data_set_value_component_nucleus_variable_K_10":0.05,"data_set_value_component_nucleus_variable_MN":0.5308662668,"data_set_value_component_nucleus_phos_variable_k_t3":0.001,"data_set_value_component_nucleus_phos_variable_k_t4":10.0,"data_set_value_component_nucleus_phos_variable_MNP":0.0735456871,"data_set_value_component_cytosol_phos_variable_MCP":0.2993141553,"data_set_value_component_Mcyto_variable_M_cyto":0.3955880461,"data_set_value_component_Mnucl_variable_M_nucl":0.6044119539},{"data_set_value_component_environment_variable_time":0.5,"data_set_value_component_V1_variable_V_max1":1.0,"data_set_value_component_V1_variable_GEFt":4.0,"data_set_value_component_V1_variable_V_1":0.25,"data_set_value_component_V2_variable_Str":1.0,"data_set_value_component_V2_variable_V_max2":1.0,"data_set_value_component_V2_variable_V_2":0.25,"data_set_value_component_V3_variable_k_c3":3.5,"data_set_value_component_V3_variable_PKAt":0.3,"data_set_value_component_V3_variable_GAPt":1.5,"data_set_value_component_V3_variable_V_3":0.7,"data_set_value_component_V4_variable_V_max4":1.3,"data_set_value_component_V4_variable_V_4":0.8666666667,"data_set_value_component_V5_variable_k_gef":240.0,"data_set_value_component_V5_variable_RASt":250.0,"data_set_value_component_V5_variable_V_5":3.84,"data_set_value_component_V6_variable_k_gap":600.0,"data_set_value_component_V6_variable_V_6":3.6,"data_set_value_component_V7_variable_k_c7":3.333,"data_set_value_component_V7_variable_PDEt":0.5,"data_set_value_component_V7_variable_V_7":1.9998,"data_set_value_component_V8_variable_V_max8":1.5,"data_set_value_component_V8_variable_V_8":3.0,"data_set_value_component_VPKAact_variable_a":1.0,"data_set_value_component_VPKAact_variable_r":1.0,"data_set_value_component_VPKAact_variable_V_PKAact":0.1434053488,"data_set_value_component_holoenzyme_R_cAMP_variable_R2cAMP2":0.6180327008,"data_set_value_component_C_subunit_variable_C":1.2360654015,"data_set_value_component_active_GEF_variable_K_1":0.05,"data_set_value_component_active_GEF_variable_K_2":0.05,"data_set_value_component_active_GEF_variable_GEFa":0.3660337639,"data_set_value_component_active_GAP_variable_K_3":0.01,"data_set_value_component_active_GAP_variable_K_4":0.01,"data_set_value_component_active_GAP_variable_GAPa":0.468046157,"data_set_value_component_RAS_to_GTP_variable_K_5":0.001,"data_set_value_component_RAS_to_GTP_variable_K_6":0.001,"data_set_value_component_RAS_to_GTP_variable_RGTP":0.0049765846,"data_set_value_component_adenylate_cyclase_variable_k_a":0.01,"data_set_value_component_adenylate_cyclase_variable_k_i":1.0,"data_set_value_component_adenylate_cyclase_variable_CYCLa":0.0852451683,"data_set_value_component_active_PDE_variable_K_7":0.01,"data_set_value_component_active_PDE_variable_K_8":0.01,"data_set_value_component_active_PDE_variable_PDEa":0.1763139181,"data_set_value_component_cyclic_AMP_variable_k_s":4.0,"data_set_value_component_cyclic_AMP_variable_k_d":100.0,"data_set_value_component_cyclic_AMP_variable_CYCLt":0.7,"data_set_value_component_cyclic_AMP_variable_K_md":20.0,"data_set_value_component_cyclic_AMP_variable_cAMP":0.7452767634,"data_set_value_component_holoenzyme_R_C_variable_R2C2":0.3819672992,"data_set_value_component_V9_variable_k_c9":3.333,"data_set_value_component_V9_variable_MSNt":1.0,"data_set_value_component_V9_variable_V_9":0.9999,"data_set_value_component_V10_variable_V_max10":0.6,"data_set_value_component_V10_variable_V_10":0.6,"data_set_value_component_V11_variable_k_c11":3.333,"data_set_value_component_V11_variable_V_11":0.9999,"data_set_value_component_V12_variable_V_max12":2.0,"data_set_value_component_V12_variable_V_12":2.0,"data_set_value_component_cytosol_variable_k_t1":10.0,"data_set_value_component_cytosol_variable_k_t2":0.001,"data_set_value_component_cytosol_variable_K_11":0.05,"data_set_value_component_cytosol_variable_K_12":0.05,"data_set_value_component_cytosol_variable_MC":0.0926997066,"data_set_value_component_nucleus_variable_K_9":0.05,"data_set_value_component_nucleus_variable_K_10":0.05,"data_set_value_component_nucleus_variable_MN":0.5491632992,"data_set_value_component_nucleus_phos_variable_k_t3":0.001,"data_set_value_component_nucleus_phos_variable_k_t4":10.0,"data_set_value_component_nucleus_phos_variable_MNP":0.0752596997,"data_set_value_component_cytosol_phos_variable_MCP":0.2828772944,"data_set_value_component_Mcyto_variable_M_cyto":0.3755770011,"data_set_value_component_Mnucl_variable_M_nucl":0.6244229989},{"data_set_value_component_environment_variable_time":0.6,"data_set_value_component_V1_variable_V_max1":1.0,"data_set_value_component_V1_variable_GEFt":4.0,"data_set_value_component_V1_variable_V_1":0.25,"data_set_value_component_V2_variable_Str":1.0,"data_set_value_component_V2_variable_V_max2":1.0,"data_set_value_component_V2_variable_V_2":0.25,"data_set_value_component_V3_variable_k_c3":3.5,"data_set_value_component_V3_variable_PKAt":0.3,"data_set_value_component_V3_variable_GAPt":1.5,"data_set_value_component_V3_variable_V_3":0.7,"data_set_value_component_V4_variable_V_max4":1.3,"data_set_value_component_V4_variable_V_4":0.8666666667,"data_set_value_component_V5_variable_k_gef":240.0,"data_set_value_component_V5_variable_RASt":250.0,"data_set_value_component_V5_variable_V_5":3.84,"data_set_value_component_V6_variable_k_gap":600.0,"data_set_value_component_V6_variable_V_6":3.6,"data_set_value_component_V7_variable_k_c7":3.333,"data_set_value_component_V7_variable_PDEt":0.5,"data_set_value_component_V7_variable_V_7":1.9998,"data_set_value_component_V8_variable_V_max8":1.5,"data_set_value_component_V8_variable_V_8":3.0,"data_set_value_component_VPKAact_variable_a":1.0,"data_set_value_component_VPKAact_variable_r":1.0,"data_set_value_component_VPKAact_variable_V_PKAact":0.1269632872,"data_set_value_component_holoenzyme_R_cAMP_variable_R2cAMP2":0.6297678701,"data_set_value_component_C_subunit_variable_C":1.2595357402,"data_set_value_component_active_GEF_variable_K_1":0.05,"data_set_value_component_active_GEF_variable_K_2":0.05,"data_set_value_component_active_GEF_variable_GEFa":0.3672049549,"data_set_value_component_active_GAP_variable_K_3":0.01,"data_set_value_component_active_GAP_variable_K_4":0.01,"data_set_value_component_active_GAP_variable_GAPa":0.4689460459,"data_set_value_component_RAS_to_GTP_variable_K_5":0.001,"data_set_value_component_RAS_to_GTP_variable_K_6":0.001,"data_set_value_component_RAS_to_GTP_variable_RGTP":0.0050369398,"data_set_value_component_adenylate_cyclase_variable_k_a":0.01,"data_set_value_component_adenylate_cyclase_variable_k_i":1.0,"data_set_value_component_adenylate_cyclase_variable_CYCLa":0.078228946,"data_set_value_component_active_PDE_variable_K_7":0.01,"data_set_value_component_active_PDE_variable_K_8":0.01,"data_set_value_component_active_PDE_variable_PDEa":0.1409156467,"data_set_value_component_cyclic_AMP_variable_k_s":4.0,"data_set_value_component_cyclic_AMP_variable_k_d":100.0,"data_set_value_component_cyclic_AMP_variable_CYCLt":0.7,"data_set_value_component_cyclic_AMP_variable_K_md":20.0,"data_set_value_component_cyclic_AMP_variable_cAMP":0.7319509025,"data_set_value_component_holoenzyme_R_C_variable_R2C2":0.3702321299,"data_set_value_component_V9_variable_k_c9":3.333,"data_set_value_component_V9_variable_MSNt":1.0,"data_set_value_component_V9_variable_V_9":0.9999,"data_set_value_component_V10_variable_V_max10":0.6,"data_set_value_component_V10_variable_V_10":0.6,"data_set_value_component_V11_variable_k_c11":3.333,"data_set_value_component_V11_variable_V_11":0.9999,"data_set_value_component_V12_variable_V_max12":2.0,"data_set_value_component_V12_variable_V_12":2.0,"data_set_value_component_cytosol_variable_k_t1":10.0,"data_set_value_component_cytosol_variable_k_t2":0.001,"data_set_value_component_cytosol_variable_K_11":0.05,"data_set_value_component_cytosol_variable_K_12":0.05,"data_set_value_component_cytosol_variable_MC":0.0901107977,"data_set_value_component_nucleus_variable_K_9":0.05,"data_set_value_component_nucleus_variable_K_10":0.05,"data_set_value_component_nucleus_variable_MN":0.5621925422,"data_set_value_component_nucleus_phos_variable_k_t3":0.001,"data_set_value_component_nucleus_phos_variable_k_t4":10.0,"data_set_value_component_nucleus_phos_variable_MNP":0.077277447,"data_set_value_component_cytosol_phos_variable_MCP":0.2704192131,"data_set_value_component_Mcyto_variable_M_cyto":0.3605300108,"data_set_value_component_Mnucl_variable_M_nucl":0.6394699892},{"data_set_value_component_environment_variable_time":0.7,"data_set_value_component_V1_variable_V_max1":1.0,"data_set_value_component_V1_variable_GEFt":4.0,"data_set_value_component_V1_variable_V_1":0.25,"data_set_value_component_V2_variable_Str":1.0,"data_set_value_component_V2_variable_V_max2":1.0,"data_set_value_component_V2_variable_V_2":0.25,"data_set_value_component_V3_variable_k_c3":3.5,"data_set_value_component_V3_variable_PKAt":0.3,"data_set_value_component_V3_variable_GAPt":1.5,"data_set_value_component_V3_variable_V_3":0.7,"data_set_value_component_V4_variable_V_max4":1.3,"data_set_value_component_V4_variable_V_4":0.8666666667,"data_set_value_component_V5_variable_k_gef":240.0,"data_set_value_component_V5_variable_RASt":250.0,"data_set_value_component_V5_variable_V_5":3.84,"data_set_value_component_V6_variable_k_gap":600.0,"data_set_value_component_V6_variable_V_6":3.6,"data_set_value_component_V7_variable_k_c7":3.333,"data_set_value_component_V7_variable_PDEt":0.5,"data_set_value_component_V7_variable_V_7":1.9998,"data_set_value_component_V8_variable_V_max8":1.5,"data_set_value_component_V8_variable_V_8":3.0,"data_set_value_component_VPKAact_variable_a":1.0,"data_set_value_component_VPKAact_variable_r":1.0,"data_set_value_component_VPKAact_variable_V_PKAact":0.1147989742,"data_set_value_component_holoenzyme_R_cAMP_variable_R2cAMP2":0.6398686328,"data_set_value_component_C_subunit_variable_C":1.2797372657,"data_set_value_component_active_GEF_variable_K_1":0.05,"data_set_value_component_active_GEF_variable_K_2":0.05,"data_set_value_component_active_GEF_variable_GEFa":0.3683646516,"data_set_value_component_active_GAP_variable_K_3":0.01,"data_set_value_component_active_GAP_variable_K_4":0.01,"data_set_value_component_active_GAP_variable_GAPa":0.471329773,"data_set_value_component_RAS_to_GTP_variable_K_5":0.001,"data_set_value_component_RAS_to_GTP_variable_K_6":0.001,"data_set_value_component_RAS_to_GTP_variable_RGTP":0.0049986842,"data_set_value_component_adenylate_cyclase_variable_k_a":0.01,"data_set_value_component_adenylate_cyclase_variable_k_i":1.0,"data_set_value_component_adenylate_cyclase_variable_CYCLa":0.0718903818,"data_set_value_component_active_PDE_variable_K_7":0.01,"data_set_value_component_active_PDE_variable_K_8":0.01,"data_set_value_component_active_PDE_variable_PDEa":0.1139971402,"data_set_value_component_cyclic_AMP_variable_k_s":4.0,"data_set_value_component_cyclic_AMP_variable_k_d":100.0,"data_set_value_component_cyclic_AMP_variable_CYCLt":0.7,"data_set_value_component_cyclic_AMP_variable_K_md":20.0,"data_set_value_component_cyclic_AMP_variable_cAMP":0.7234714754,"data_set_value_component_holoenzyme_R_C_variable_R2C2":0.3601313672,"data_set_value_component_V9_variable_k_c9":3.333,"data_set_value_component_V9_variable_MSNt":1.0,"data_set_value_component_V9_variable_V_9":0.9999,"data_set_value_component_V10_variable_V_max10":0.6,"data_set_value_component_V10_variable_V_10":0.6,"data_set_value_component_V11_variable_k_c11":3.333,"data_set_value_component_V11_variable_V_11":0.9999,"data_set_value_component_V12_variable_V_max12":2.0,"data_set_value_component_V12_variable_V_12":2.0,"data_set_value_component_cytosol_variable_k_t1":10.0,"data_set_value_component_cytosol_variable_k_t2":0.001,"data_set_value_component_cytosol_variable_K_11":0.05,"data_set_value_component_cytosol_variable_K_12":0.05,"data_set_value_component_cytosol_variable_MC":0.0881052101,"data_set_value_component_nucleus_variable_K_9":0.05,"data_set_value_component_nucleus_variable_K_10":0.05,"data_set_value_component_nucleus_variable_MN":0.5711234997,"data_set_value_component_nucleus_phos_variable_k_t3":0.001,"data_set_value_component_nucleus_phos_variable_k_t4":10.0,"data_set_value_component_nucleus_phos_variable_MNP":0.0791514294,"data_set_value_component_cytosol_phos_variable_MCP":0.2616198607,"data_set_value_component_Mcyto_variable_M_cyto":0.3497250708,"data_set_value_component_Mnucl_variable_M_nucl":0.6502749292},{"data_set_value_component_environment_variable_time":0.8,"data_set_value_component_V1_variable_V_max1":1.0,"data_set_value_component_V1_variable_GEFt":4.0,"data_set_value_component_V1_variable_V_1":0.25,"data_set_value_component_V2_variable_Str":1.0,"data_set_value_component_V2_variable_V_max2":1.0,"data_set_value_component_V2_variable_V_2":0.25,"data_set_value_component_V3_variable_k_c3":3.5,"data_set_value_component_V3_variable_PKAt":0.3,"data_set_value_component_V3_variable_GAPt":1.5,"data_set_value_component_V3_variable_V_3":0.7,"data_set_value_component_V4_variable_V_max4":1.3,"data_set_value_component_V4_variable_V_4":0.8666666667,"data_set_value_component_V5_variable_k_gef":240.0,"data_set_value_component_V5_variable_RASt":250.0,"data_set_value_component_V5_variable_V_5":3.84,"data_set_value_component_V6_variable_k_gap":600.0,"data_set_value_component_V6_variable_V_6":3.6,"data_set_value_component_V7_variable_k_c7":3.333,"data_set_value_component_V7_variable_PDEt":0.5,"data_set_value_component_V7_variable_V_7":1.9998,"data_set_value_component_V8_variable_V_max8":1.5,"data_set_value_component_V8_variable_V_8":3.0,"data_set_value_component_VPKAact_variable_a":1.0,"data_set_value_component_VPKAact_variable_r":1.0,"data_set_value_component_VPKAact_variable_V_PKAact":0.1054096639,"data_set_value_component_holoenzyme_R_cAMP_variable_R2cAMP2":0.6487024127,"data_set_value_component_C_subunit_variable_C":1.2974048253,"data_set_value_component_active_GEF_variable_K_1":0.05,"data_set_value_component_active_GEF_variable_K_2":0.05,"data_set_value_component_active_GEF_variable_GEFa":0.3695130018,"data_set_value_component_active_GAP_variable_K_3":0.01,"data_set_value_component_active_GAP_variable_K_4":0.01,"data_set_value_component_active_GAP_variable_GAPa":0.4749902015,"data_set_value_component_RAS_to_GTP_variable_K_5":0.001,"data_set_value_component_RAS_to_GTP_variable_K_6":0.001,"data_set_value_component_RAS_to_GTP_variable_RGTP":0.0048780033,"data_set_value_component_adenylate_cyclase_variable_k_a":0.01,"data_set_value_component_adenylate_cyclase_variable_k_i":1.0,"data_set_value_component_adenylate_cyclase_variable_CYCLa":0.0661440936,"data_set_value_component_active_PDE_variable_K_7":0.01,"data_set_value_component_active_PDE_variable_K_8":0.01,"data_set_value_component_active_PDE_variable_PDEa":0.095259724,"data_set_value_component_cyclic_AMP_variable_k_s":4.0,"data_set_value_component_cyclic_AMP_variable_k_d":100.0,"data_set_value_component_cyclic_AMP_variable_CYCLt":0.7,"data_set_value_component_cyclic_AMP_variable_K_md":20.0,"data_set_value_component_cyclic_AMP_variable_cAMP":0.7181070248,"data_set_value_component_holoenzyme_R_C_variable_R2C2":0.3512975873,"data_set_value_component_V9_variable_k_c9":3.333,"data_set_value_component_V9_variable_MSNt":1.0,"data_set_value_component_V9_variable_V_9":0.9999,"data_set_value_component_V10_variable_V_max10":0.6,"data_set_value_component_V10_variable_V_10":0.6,"data_set_value_component_V11_variable_k_c11":3.333,"data_set_value_component_V11_variable_V_11":0.9999,"data_set_value_component_V12_variable_V_max12":2.0,"data_set_value_component_V12_variable_V_12":2.0,"data_set_value_component_cytosol_variable_k_t1":10.0,"data_set_value_component_cytosol_variable_k_t2":0.001,"data_set_value_component_cytosol_variable_K_11":0.05,"data_set_value_component_cytosol_variable_K_12":0.05,"data_set_value_component_cytosol_variable_MC":0.0865337943,"data_set_value_component_nucleus_variable_K_9":0.05,"data_set_value_component_nucleus_variable_K_10":0.05,"data_set_value_component_nucleus_variable_MN":0.576734657,"data_set_value_component_nucleus_phos_variable_k_t3":0.001,"data_set_value_component_nucleus_phos_variable_k_t4":10.0,"data_set_value_component_nucleus_phos_variable_MNP":0.0808008963,"data_set_value_component_cytosol_phos_variable_MCP":0.2559306523,"data_set_value_component_Mcyto_variable_M_cyto":0.3424644466,"data_set_value_component_Mnucl_variable_M_nucl":0.6575355534},{"data_set_value_component_environment_variable_time":0.9,"data_set_value_component_V1_variable_V_max1":1.0,"data_set_value_component_V1_variable_GEFt":4.0,"data_set_value_component_V1_variable_V_1":0.25,"data_set_value_component_V2_variable_Str":1.0,"data_set_value_component_V2_variable_V_max2":1.0,"data_set_value_component_V2_variable_V_2":0.25,"data_set_value_component_V3_variable_k_c3":3.5,"data_set_value_component_V3_variable_PKAt":0.3,"data_set_value_component_V3_variable_GAPt":1.5,"data_set_value_component_V3_variable_V_3":0.7,"data_set_value_component_V4_variable_V_max4":1.3,"data_set_value_component_V4_variable_V_4":0.8666666667,"data_set_value_component_V5_variable_k_gef":240.0,"data_set_value_component_V5_variable_RASt":250.0,"data_set_value_component_V5_variable_V_5":3.84,"data_set_value_component_V6_variable_k_gap":600.0,"data_set_value_component_V6_variable_V_6":3.6,"data_set_value_component_V7_variable_k_c7":3.333,"data_set_value_component_V7_variable_PDEt":0.5,"data_set_value_component_V7_variable_V_7":1.9998,"data_set_value_component_V8_variable_V_max8":1.5,"data_set_value_component_V8_variable_V_8":3.0,"data_set_value_component_VPKAact_variable_a":1.0,"data_set_value_component_VPKAact_variable_r":1.0,"data_set_value_component_VPKAact_variable_V_PKAact":0.0977342036,"data_set_value_component_holoenzyme_R_cAMP_variable_R2cAMP2":0.6565070167,"data_set_value_component_C_subunit_variable_C":1.3130140334,"data_set_value_component_active_GEF_variable_K_1":0.05,"data_set_value_component_active_GEF_variable_K_2":0.05,"data_set_value_component_active_GEF_variable_GEFa":0.3706501508,"data_set_value_component_active_GAP_variable_K_3":0.01,"data_set_value_component_active_GAP_variable_K_4":0.01,"data_set_value_component_active_GAP_variable_GAPa":0.4797624211,"data_set_value_component_RAS_to_GTP_variable_K_5":0.001,"data_set_value_component_RAS_to_GTP_variable_K_6":0.001,"data_set_value_component_RAS_to_GTP_variable_RGTP":0.004695963,"data_set_value_component_adenylate_cyclase_variable_k_a":0.01,"data_set_value_component_adenylate_cyclase_variable_k_i":1.0,"data_set_value_component_adenylate_cyclase_variable_CYCLa":0.0609168263,"data_set_value_component_active_PDE_variable_K_7":0.01,"data_set_value_component_active_PDE_variable_K_8":0.01,"data_set_value_component_active_PDE_variable_PDEa":0.0838139622,"data_set_value_component_cyclic_AMP_variable_k_s":4.0,"data_set_value_component_cyclic_AMP_variable_k_d":100.0,"data_set_value_component_cyclic_AMP_variable_CYCLt":0.7,"data_set_value_component_cyclic_AMP_variable_K_md":20.0,"data_set_value_component_cyclic_AMP_variable_cAMP":0.7144139773,"data_set_value_component_holoenzyme_R_C_variable_R2C2":0.3434929833,"data_set_value_component_V9_variable_k_c9":3.333,"data_set_value_component_V9_variable_MSNt":1.0,"data_set_value_component_V9_variable_V_9":0.9999,"data_set_value_component_V10_variable_V_max10":0.6,"data_set_value_component_V10_variable_V_10":0.6,"data_set_value_component_V11_variable_k_c11":3.333,"data_set_value_component_V11_variable_V_11":0.9999,"data_set_value_component_V12_variable_V_max12":2.0,"data_set_value_component_V12_variable_V_12":2.0,"data_set_value_component_cytosol_variable_k_t1":10.0,"data_set_value_component_cytosol_variable_k_t2":0.001,"data_set_value_component_cytosol_variable_K_11":0.05,"data_set_value_component_cytosol_variable_K_12":0.05,"data_set_value_component_cytosol_variable_MC":0.0853171563,"data_set_value_component_nucleus_variable_K_9":0.05,"data_set_value_component_nucleus_variable_K_10":0.05,"data_set_value_component_nucleus_variable_MN":0.5796295567,"data_set_value_component_nucleus_phos_variable_k_t3":0.001,"data_set_value_component_nucleus_phos_variable_k_t4":10.0,"data_set_value_component_nucleus_phos_variable_MNP":0.0822366106,"data_set_value_component_cytosol_phos_variable_MCP":0.2528166763,"data_set_value_component_Mcyto_variable_M_cyto":0.3381338326,"data_set_value_component_Mnucl_variable_M_nucl":0.6618661674},{"data_set_value_component_environment_variable_time":1.0,"data_set_value_component_V1_variable_V_max1":1.0,"data_set_value_component_V1_variable_GEFt":4.0,"data_set_value_component_V1_variable_V_1":0.25,"data_set_value_component_V2_variable_Str":1.0,"data_set_value_component_V2_variable_V_max2":1.0,"data_set_value_component_V2_variable_V_2":0.25,"data_set_value_component_V3_variable_k_c3":3.5,"data_set_value_component_V3_variable_PKAt":0.3,"data_set_value_component_V3_variable_GAPt":1.5,"data_set_value_component_V3_variable_V_3":0.7,"data_set_value_component_V4_variable_V_max4":1.3,"data_set_value_component_V4_variable_V_4":0.8666666667,"data_set_value_component_V5_variable_k_gef":240.0,"data_set_value_component_V5_variable_RASt":250.0,"data_set_value_component_V5_variable_V_5":3.84,"data_set_value_component_V6_variable_k_gap":600.0,"data_set_value_component_V6_variable_V_6":3.6,"data_set_value_component_V7_variable_k_c7":3.333,"data_set_value_component_V7_variable_PDEt":0.5,"data_set_value_component_V7_variable_V_7":1.9998,"data_set_value_component_V8_variable_V_max8":1.5,"data_set_value_component_V8_variable_V_8":3.0,"data_set_value_component_VPKAact_variable_a":1.0,"data_set_value_component_VPKAact_variable_r":1.0,"data_set_value_component_VPKAact_variable_V_PKAact":0.0910478421,"data_set_value_component_holoenzyme_R_cAMP_variable_R2cAMP2":0.6634299761,"data_set_value_component_C_subunit_variable_C":1.3268599521,"data_set_value_component_active_GEF_variable_K_1":0.05,"data_set_value_component_active_GEF_variable_K_2":0.05,"data_set_value_component_active_GEF_variable_GEFa":0.3717762408,"data_set_value_component_active_GAP_variable_K_3":0.01,"data_set_value_component_active_GAP_variable_K_4":0.01,"data_set_value_component_active_GAP_variable_GAPa":0.4855085647,"data_set_value_component_RAS_to_GTP_variable_K_5":0.001,"data_set_value_component_RAS_to_GTP_variable_K_6":0.001,"data_set_value_component_RAS_to_GTP_variable_RGTP":0.0044740958,"data_set_value_component_adenylate_cyclase_variable_k_a":0.01,"data_set_value_component_adenylate_cyclase_variable_k_i":1.0,"data_set_value_component_adenylate_cyclase_variable_CYCLa":0.0561469846,"data_set_value_component_active_PDE_variable_K_7":0.01,"data_set_value_component_active_PDE_variable_K_8":0.01,"data_set_value_component_active_PDE_variable_PDEa":0.0781021699,"data_set_value_component_cyclic_AMP_variable_k_s":4.0,"data_set_value_component_cyclic_AMP_variable_k_d":100.0,"data_set_value_component_cyclic_AMP_variable_CYCLt":0.7,"data_set_value_component_cyclic_AMP_variable_K_md":20.0,"data_set_value_component_cyclic_AMP_variable_cAMP":0.7112709602,"data_set_value_component_holoenzyme_R_C_variable_R2C2":0.3365700239,"data_set_value_component_V9_variable_k_c9":3.333,"data_set_value_component_V9_variable_MSNt":1.0,"data_set_value_component_V9_variable_V_9":0.9999,"data_set_value_component_V10_variable_V_max10":0.6,"data_set_value_component_V10_variable_V_10":0.6,"data_set_value_component_V11_variable_k_c11":3.333,"data_set_value_component_V11_variable_V_11":0.9999,"data_set_value_component_V12_variable_V_max12":2.0,"data_set_value_component_V12_variable_V_12":2.0,"data_set_value_component_cytosol_variable_k_t1":10.0,"data_set_value_component_cytosol_variable_k_t2":0.001,"data_set_value_component_cytosol_variable_K_11":0.05,"data_set_value_component_cytosol_variable_K_12":0.05,"data_set_value_component_cytosol_variable_MC":0.0843976642,"data_set_value_component_nucleus_variable_K_9":0.05,"data_set_value_component_nucleus_variable_K_10":0.05,"data_set_value_component_nucleus_variable_MN":0.5803077595,"data_set_value_component_nucleus_phos_variable_k_t3":0.001,"data_set_value_component_nucleus_phos_variable_k_t4":10.0,"data_set_value_component_nucleus_phos_variable_MNP":0.0834850065,"data_set_value_component_cytosol_phos_variable_MCP":0.2518095697,"data_set_value_component_Mcyto_variable_M_cyto":0.336207234,"data_set_value_component_Mnucl_variable_M_nucl":0.663792766}]