[{"data_set_value_component_environment_variable_time":0.0,"data_set_value_component_glucose_dynamics_variable_G":600.0,"data_set_value_component_glucose_dynamics_variable_R0":846.0,"data_set_value_component_glucose_dynamics_variable_SI":0.72,"data_set_value_component_glucose_dynamics_variable_EG0":1.44,"data_set_value_component_insulin_dynamics_variable_I":0.0,"data_set_value_component_insulin_dynamics_variable_alpha":2000.0,"data_set_value_component_insulin_dynamics_variable_sigma":43.2,"data_set_value_component_insulin_dynamics_variable_k":432.0,"data_set_value_component_beta_cell_dynamics_variable_beta":0.0,"data_set_value_component_beta_cell_dynamics_variable_d0":0.06,"data_set_value_component_beta_cell_dynamics_variable_r1":0.00084,"data_set_value_component_beta_cell_dynamics_variable_r2":0.0000024},{"data_set_value_component_environment_variable_time":0.1,"data_set_value_component_glucose_dynamics_variable_G":598.323506315,"data_set_value_component_glucose_dynamics_variable_R0":846.0,"data_set_value_component_glucose_dynamics_variable_SI":0.72,"data_set_value_component_glucose_dynamics_variable_EG0":1.44,"data_set_value_component_insulin_dynamics_variable_I":0.0,"data_set_value_component_insulin_dynamics_variable_alpha":2000.0,"data_set_value_component_insulin_dynamics_variable_sigma":43.2,"data_set_value_component_insulin_dynamics_variable_k":432.0,"data_set_value_component_beta_cell_dynamics_variable_beta":0.0,"data_set_value_component_beta_cell_dynamics_variable_d0":0.06,"data_set_value_component_beta_cell_dynamics_variable_r1":0.00084,"data_set_value_component_beta_cell_dynamics_variable_r2":0.0000024},{"data_set_value_component_environment_variable_time":0.2,"data_set_value_component_glucose_dynamics_variable_G":596.8718331227,"data_set_value_component_glucose_dynamics_variable_R0":846.0,"data_set_value_component_glucose_dynamics_variable_SI":0.72,"data_set_value_component_glucose_dynamics_variable_EG0":1.44,"data_set_value_component_insulin_dynamics_variable_I":0.0,"data_set_value_component_insulin_dynamics_variable_alpha":2000.0,"data_set_value_component_insulin_dynamics_variable_sigma":43.2,"data_set_value_component_insulin_dynamics_variable_k":432.0,"data_set_value_component_beta_cell_dynamics_variable_beta":0.0,"data_set_value_component_beta_cell_dynamics_variable_d0":0.06,"data_set_value_component_beta_cell_dynamics_variable_r1":0.00084,"data_set_value_component_beta_cell_dynamics_variable_r2":0.0000024},{"data_set_value_component_environment_variable_time":0.3,"data_set_value_component_glucose_dynamics_variable_G":595.6150275983,"data_set_value_component_glucose_dynamics_variable_R0":846.0,"data_set_value_component_glucose_dynamics_variable_SI":0.72,"data_set_value_component_glucose_dynamics_variable_EG0":1.44,"data_set_value_component_insulin_dynamics_variable_I":0.0,"data_set_value_component_insulin_dynamics_variable_alpha":2000.0,"data_set_value_component_insulin_dynamics_variable_sigma":43.2,"data_set_value_component_insulin_dynamics_variable_k":432.0,"data_set_value_component_beta_cell_dynamics_variable_beta":0.0,"data_set_value_component_beta_cell_dynamics_variable_d0":0.06,"data_set_value_component_beta_cell_dynamics_variable_r1":0.00084,"data_set_value_component_beta_cell_dynamics_variable_r2":0.0000024},{"data_set_value_component_environment_variable_time":0.4,"data_set_value_component_glucose_dynamics_variable_G":594.5267745419,"data_set_value_component_glucose_dynamics_variable_R0":846.0,"data_set_value_component_glucose_dynamics_variable_SI":0.72,"data_set_value_component_glucose_dynamics_variable_EG0":1.44,"data_set_value_component_insulin_dynamics_variable_I":0.0,"data_set_value_component_insulin_dynamics_variable_alpha":2000.0,"data_set_value_component_insulin_dynamics_variable_sigma":43.2,"data_set_value_component_insulin_dynamics_variable_k":432.0,"data_set_value_component_beta_cell_dynamics_variable_beta":0.0,"data_set_value_component_beta_cell_dynamics_variable_d0":0.06,"data_set_value_component_beta_cell_dynamics_variable_r1":0.00084,"data_set_value_component_beta_cell_dynamics_variable_r2":0.0000024},{"data_set_value_component_environment_variable_time":0.5,"data_set_value_component_glucose_dynamics_variable_G":593.5844676837,"data_set_value_component_glucose_dynamics_variable_R0":846.0,"data_set_value_component_glucose_dynamics_variable_SI":0.72,"data_set_value_component_glucose_dynamics_variable_EG0":1.44,"data_set_value_component_insulin_dynamics_variable_I":0.0,"data_set_value_component_insulin_dynamics_variable_alpha":2000.0,"data_set_value_component_insulin_dynamics_variable_sigma":43.2,"data_set_value_component_insulin_dynamics_variable_k":432.0,"data_set_value_component_beta_cell_dynamics_variable_beta":0.0,"data_set_value_component_beta_cell_dynamics_variable_d0":0.06,"data_set_value_component_beta_cell_dynamics_variable_r1":0.00084,"data_set_value_component_beta_cell_dynamics_variable_r2":0.0000024},{"data_set_value_component_environment_variable_time":0.6,"data_set_value_component_glucose_dynamics_variable_G":592.768546408,"data_set_value_component_glucose_dynamics_variable_R0":846.0,"data_set_value_component_glucose_dynamics_variable_SI":0.72,"data_set_value_component_glucose_dynamics_variable_EG0":1.44,"data_set_value_component_insulin_dynamics_variable_I":0.0,"data_set_value_component_insulin_dynamics_variable_alpha":2000.0,"data_set_value_component_insulin_dynamics_variable_sigma":43.2,"data_set_value_component_insulin_dynamics_variable_k":432.0,"data_set_value_component_beta_cell_dynamics_variable_beta":0.0,"data_set_value_component_beta_cell_dynamics_variable_d0":0.06,"data_set_value_component_beta_cell_dynamics_variable_r1":0.00084,"data_set_value_component_beta_cell_dynamics_variable_r2":0.0000024},{"data_set_value_component_environment_variable_time":0.7,"data_set_value_component_glucose_dynamics_variable_G":592.0619912504,"data_set_value_component_glucose_dynamics_variable_R0":846.0,"data_set_value_component_glucose_dynamics_variable_SI":0.72,"data_set_value_component_glucose_dynamics_variable_EG0":1.44,"data_set_value_component_insulin_dynamics_variable_I":0.0,"data_set_value_component_insulin_dynamics_variable_alpha":2000.0,"data_set_value_component_insulin_dynamics_variable_sigma":43.2,"data_set_value_component_insulin_dynamics_variable_k":432.0,"data_set_value_component_beta_cell_dynamics_variable_beta":0.0,"data_set_value_component_beta_cell_dynamics_variable_d0":0.06,"data_set_value_component_beta_cell_dynamics_variable_r1":0.00084,"data_set_value_component_beta_cell_dynamics_variable_r2":0.0000024},{"data_set_value_component_environment_variable_time":0.8,"data_set_value_component_glucose_dynamics_variable_G":591.4501100171,"data_set_value_component_glucose_dynamics_variable_R0":846.0,"data_set_value_component_glucose_dynamics_variable_SI":0.72,"data_set_value_component_glucose_dynamics_variable_EG0":1.44,"data_set_value_component_insulin_dynamics_variable_I":0.0,"data_set_value_component_insulin_dynamics_variable_alpha":2000.0,"data_set_value_component_insulin_dynamics_variable_sigma":43.2,"data_set_value_component_insulin_dynamics_variable_k":432.0,"data_set_value_component_beta_cell_dynamics_variable_beta":0.0,"data_set_value_component_beta_cell_dynamics_variable_d0":0.06,"data_set_value_component_beta_cell_dynamics_variable_r1":0.00084,"data_set_value_component_beta_cell_dynamics_variable_r2":0.0000024},{"data_set_value_component_environment_variable_time":0.9,"data_set_value_component_glucose_dynamics_variable_G":590.920226932,"data_set_value_component_glucose_dynamics_variable_R0":846.0,"data_set_value_component_glucose_dynamics_variable_SI":0.72,"data_set_value_component_glucose_dynamics_variable_EG0":1.44,"data_set_value_component_insulin_dynamics_variable_I":0.0,"data_set_value_component_insulin_dynamics_variable_alpha":2000.0,"data_set_value_component_insulin_dynamics_variable_sigma":43.2,"data_set_value_component_insulin_dynamics_variable_k":432.0,"data_set_value_component_beta_cell_dynamics_variable_beta":0.0,"data_set_value_component_beta_cell_dynamics_variable_d0":0.06,"data_set_value_component_beta_cell_dynamics_variable_r1":0.00084,"data_set_value_component_beta_cell_dynamics_variable_r2":0.0000024},{"data_set_value_component_environment_variable_time":1.0,"data_set_value_component_glucose_dynamics_variable_G":590.4613835574,"data_set_value_component_glucose_dynamics_variable_R0":846.0,"data_set_value_component_glucose_dynamics_variable_SI":0.72,"data_set_value_component_glucose_dynamics_variable_EG0":1.44,"data_set_value_component_insulin_dynamics_variable_I":0.0,"data_set_value_component_insulin_dynamics_variable_alpha":2000.0,"data_set_value_component_insulin_dynamics_variable_sigma":43.2,"data_set_value_component_insulin_dynamics_variable_k":432.0,"data_set_value_component_beta_cell_dynamics_variable_beta":0.0,"data_set_value_component_beta_cell_dynamics_variable_d0":0.06,"data_set_value_component_beta_cell_dynamics_variable_r1":0.00084,"data_set_value_component_beta_cell_dynamics_variable_r2":0.0000024}]