[{"data_set_value_component_environment_variable_time":0.0,"data_set_value_component_R_variable_R":1.0,"data_set_value_component_O_variable_O":0.0,"data_set_value_component_S_variable_S":0.0,"data_set_value_component_I_1_variable_I_1":0.0,"data_set_value_component_I_2_variable_I_2":0.0,"data_set_value_component_A_variable_A":0.0,"data_set_value_component_open_probability_variable_open_probability":0.0,"data_set_value_component_reaction_rate_constants_variable_phi_1":0.3001351351,"data_set_value_component_reaction_rate_constants_variable_phi_2":2.1364864865,"data_set_value_component_reaction_rate_constants_variable_phi_2b":3.8299820467,"data_set_value_component_reaction_rate_constants_variable_phi_3":0.1080251346,"data_set_value_component_reaction_rate_constants_variable_phi_4":88.434470377,"data_set_value_component_reaction_rate_constants_variable_phi_4b":1.2792857143,"data_set_value_component_reaction_rate_constants_variable_phi_5":1.5864285714,"data_set_value_component_reaction_rate_constants_variable_k_1a":0.64,"data_set_value_component_reaction_rate_constants_variable_k_1b":0.04,"data_set_value_component_reaction_rate_constants_variable_k_2a":37.4,"data_set_value_component_reaction_rate_constants_variable_k_2b":1.4,"data_set_value_component_reaction_rate_constants_variable_k_3a":0.11,"data_set_value_component_reaction_rate_constants_variable_k_3b":29.8,"data_set_value_component_reaction_rate_constants_variable_k_4a":4.0,"data_set_value_component_reaction_rate_constants_variable_k_4b":0.54,"data_set_value_component_reaction_rate_constants_variable_l_2a":1.7,"data_set_value_component_reaction_rate_constants_variable_l_2b":0.8,"data_set_value_component_reaction_rate_constants_variable_l_4a":1.7,"data_set_value_component_reaction_rate_constants_variable_l_4b":2.5,"data_set_value_component_reaction_rate_constants_variable_l_6a":4707.0,"data_set_value_component_reaction_rate_constants_variable_l_6b":11.4,"data_set_value_component_reaction_rate_constants_variable_L_1":0.12,"data_set_value_component_reaction_rate_constants_variable_L_3":0.025,"data_set_value_component_reaction_rate_constants_variable_L_5":54.7,"data_set_value_component_reaction_rate_constants_variable_p":10.0,"data_set_value_component_reaction_rate_constants_variable_c":1.0},{"data_set_value_component_environment_variable_time":0.1,"data_set_value_component_R_variable_R":0.1278716515,"data_set_value_component_O_variable_O":0.0477745422,"data_set_value_component_S_variable_S":0.0002665483,"data_set_value_component_I_1_variable_I_1":0.0119352351,"data_set_value_component_I_2_variable_I_2":0.069123906,"data_set_value_component_A_variable_A":0.7430281169,"data_set_value_component_open_probability_variable_open_probability":0.2057583732,"data_set_value_component_reaction_rate_constants_variable_phi_1":0.3001351351,"data_set_value_component_reaction_rate_constants_variable_phi_2":2.1364864865,"data_set_value_component_reaction_rate_constants_variable_phi_2b":3.8299820467,"data_set_value_component_reaction_rate_constants_variable_phi_3":0.1080251346,"data_set_value_component_reaction_rate_constants_variable_phi_4":88.434470377,"data_set_value_component_reaction_rate_constants_variable_phi_4b":1.2792857143,"data_set_value_component_reaction_rate_constants_variable_phi_5":1.5864285714,"data_set_value_component_reaction_rate_constants_variable_k_1a":0.64,"data_set_value_component_reaction_rate_constants_variable_k_1b":0.04,"data_set_value_component_reaction_rate_constants_variable_k_2a":37.4,"data_set_value_component_reaction_rate_constants_variable_k_2b":1.4,"data_set_value_component_reaction_rate_constants_variable_k_3a":0.11,"data_set_value_component_reaction_rate_constants_variable_k_3b":29.8,"data_set_value_component_reaction_rate_constants_variable_k_4a":4.0,"data_set_value_component_reaction_rate_constants_variable_k_4b":0.54,"data_set_value_component_reaction_rate_constants_variable_l_2a":1.7,"data_set_value_component_reaction_rate_constants_variable_l_2b":0.8,"data_set_value_component_reaction_rate_constants_variable_l_4a":1.7,"data_set_value_component_reaction_rate_constants_variable_l_4b":2.5,"data_set_value_component_reaction_rate_constants_variable_l_6a":4707.0,"data_set_value_component_reaction_rate_constants_variable_l_6b":11.4,"data_set_value_component_reaction_rate_constants_variable_L_1":0.12,"data_set_value_component_reaction_rate_constants_variable_L_3":0.025,"data_set_value_component_reaction_rate_constants_variable_L_5":54.7,"data_set_value_component_reaction_rate_constants_variable_p":10.0,"data_set_value_component_reaction_rate_constants_variable_c":1.0},{"data_set_value_component_environment_variable_time":0.2,"data_set_value_component_R_variable_R":0.018600867,"data_set_value_component_O_variable_O":0.0161482148,"data_set_value_component_S_variable_S":0.000086538,"data_set_value_component_I_1_variable_I_1":0.0125571117,"data_set_value_component_I_2_variable_I_2":0.1820096026,"data_set_value_component_A_variable_A":0.7705976658,"data_set_value_component_open_probability_variable_open_probability":0.2335182931,"data_set_value_component_reaction_rate_constants_variable_phi_1":0.3001351351,"data_set_value_component_reaction_rate_constants_variable_phi_2":2.1364864865,"data_set_value_component_reaction_rate_constants_variable_phi_2b":3.8299820467,"data_set_value_component_reaction_rate_constants_variable_phi_3":0.1080251346,"data_set_value_component_reaction_rate_constants_variable_phi_4":88.434470377,"data_set_value_component_reaction_rate_constants_variable_phi_4b":1.2792857143,"data_set_value_component_reaction_rate_constants_variable_phi_5":1.5864285714,"data_set_value_component_reaction_rate_constants_variable_k_1a":0.64,"data_set_value_component_reaction_rate_constants_variable_k_1b":0.04,"data_set_value_component_reaction_rate_constants_variable_k_2a":37.4,"data_set_value_component_reaction_rate_constants_variable_k_2b":1.4,"data_set_value_component_reaction_rate_constants_variable_k_3a":0.11,"data_set_value_component_reaction_rate_constants_variable_k_3b":29.8,"data_set_value_component_reaction_rate_constants_variable_k_4a":4.0,"data_set_value_component_reaction_rate_constants_variable_k_4b":0.54,"data_set_value_component_reaction_rate_constants_variable_l_2a":1.7,"data_set_value_component_reaction_rate_constants_variable_l_2b":0.8,"data_set_value_component_reaction_rate_constants_variable_l_4a":1.7,"data_set_value_component_reaction_rate_constants_variable_l_4b":2.5,"data_set_value_component_reaction_rate_constants_variable_l_6a":4707.0,"data_set_value_component_reaction_rate_constants_variable_l_6b":11.4,"data_set_value_component_reaction_rate_constants_variable_L_1":0.12,"data_set_value_component_reaction_rate_constants_variable_L_3":0.025,"data_set_value_component_reaction_rate_constants_variable_L_5":54.7,"data_set_value_component_reaction_rate_constants_variable_p":10.0,"data_set_value_component_reaction_rate_constants_variable_c":1.0},{"data_set_value_component_environment_variable_time":0.3,"data_set_value_component_R_variable_R":0.0044396317,"data_set_value_component_O_variable_O":0.010913263,"data_set_value_component_S_variable_S":0.0000452647,"data_set_value_component_I_1_variable_I_1":0.0118101407,"data_set_value_component_I_2_variable_I_2":0.2788594167,"data_set_value_component_A_variable_A":0.6939322832,"data_set_value_component_open_probability_variable_open_probability":0.1532044292,"data_set_value_component_reaction_rate_constants_variable_phi_1":0.3001351351,"data_set_value_component_reaction_rate_constants_variable_phi_2":2.1364864865,"data_set_value_component_reaction_rate_constants_variable_phi_2b":3.8299820467,"data_set_value_component_reaction_rate_constants_variable_phi_3":0.1080251346,"data_set_value_component_reaction_rate_constants_variable_phi_4":88.434470377,"data_set_value_component_reaction_rate_constants_variable_phi_4b":1.2792857143,"data_set_value_component_reaction_rate_constants_variable_phi_5":1.5864285714,"data_set_value_component_reaction_rate_constants_variable_k_1a":0.64,"data_set_value_component_reaction_rate_constants_variable_k_1b":0.04,"data_set_value_component_reaction_rate_constants_variable_k_2a":37.4,"data_set_value_component_reaction_rate_constants_variable_k_2b":1.4,"data_set_value_component_reaction_rate_constants_variable_k_3a":0.11,"data_set_value_component_reaction_rate_constants_variable_k_3b":29.8,"data_set_value_component_reaction_rate_constants_variable_k_4a":4.0,"data_set_value_component_reaction_rate_constants_variable_k_4b":0.54,"data_set_value_component_reaction_rate_constants_variable_l_2a":1.7,"data_set_value_component_reaction_rate_constants_variable_l_2b":0.8,"data_set_value_component_reaction_rate_constants_variable_l_4a":1.7,"data_set_value_component_reaction_rate_constants_variable_l_4b":2.5,"data_set_value_component_reaction_rate_constants_variable_l_6a":4707.0,"data_set_value_component_reaction_rate_constants_variable_l_6b":11.4,"data_set_value_component_reaction_rate_constants_variable_L_1":0.12,"data_set_value_component_reaction_rate_constants_variable_L_3":0.025,"data_set_value_component_reaction_rate_constants_variable_L_5":54.7,"data_set_value_component_reaction_rate_constants_variable_p":10.0,"data_set_value_component_reaction_rate_constants_variable_c":1.0},{"data_set_value_component_environment_variable_time":0.4,"data_set_value_component_R_variable_R":0.0024199432,"data_set_value_component_O_variable_O":0.009297309,"data_set_value_component_S_variable_S":0.0000355779,"data_set_value_component_I_1_variable_I_1":0.0109486828,"data_set_value_component_I_2_variable_I_2":0.3561944576,"data_set_value_component_A_variable_A":0.6211040296,"data_set_value_component_open_probability_variable_open_probability":0.0982911325,"data_set_value_component_reaction_rate_constants_variable_phi_1":0.3001351351,"data_set_value_component_reaction_rate_constants_variable_phi_2":2.1364864865,"data_set_value_component_reaction_rate_constants_variable_phi_2b":3.8299820467,"data_set_value_component_reaction_rate_constants_variable_phi_3":0.1080251346,"data_set_value_component_reaction_rate_constants_variable_phi_4":88.434470377,"data_set_value_component_reaction_rate_constants_variable_phi_4b":1.2792857143,"data_set_value_component_reaction_rate_constants_variable_phi_5":1.5864285714,"data_set_value_component_reaction_rate_constants_variable_k_1a":0.64,"data_set_value_component_reaction_rate_constants_variable_k_1b":0.04,"data_set_value_component_reaction_rate_constants_variable_k_2a":37.4,"data_set_value_component_reaction_rate_constants_variable_k_2b":1.4,"data_set_value_component_reaction_rate_constants_variable_k_3a":0.11,"data_set_value_component_reaction_rate_constants_variable_k_3b":29.8,"data_set_value_component_reaction_rate_constants_variable_k_4a":4.0,"data_set_value_component_reaction_rate_constants_variable_k_4b":0.54,"data_set_value_component_reaction_rate_constants_variable_l_2a":1.7,"data_set_value_component_reaction_rate_constants_variable_l_2b":0.8,"data_set_value_component_reaction_rate_constants_variable_l_4a":1.7,"data_set_value_component_reaction_rate_constants_variable_l_4b":2.5,"data_set_value_component_reaction_rate_constants_variable_l_6a":4707.0,"data_set_value_component_reaction_rate_constants_variable_l_6b":11.4,"data_set_value_component_reaction_rate_constants_variable_L_1":0.12,"data_set_value_component_reaction_rate_constants_variable_L_3":0.025,"data_set_value_component_reaction_rate_constants_variable_L_5":54.7,"data_set_value_component_reaction_rate_constants_variable_p":10.0,"data_set_value_component_reaction_rate_constants_variable_c":1.0},{"data_set_value_component_environment_variable_time":0.5,"data_set_value_component_R_variable_R":0.0019859459,"data_set_value_component_O_variable_O":0.008343327,"data_set_value_component_S_variable_S":0.0000313615,"data_set_value_component_I_1_variable_I_1":0.010128748,"data_set_value_component_I_2_variable_I_2":0.4172901258,"data_set_value_component_A_variable_A":0.5622204917,"data_set_value_component_open_probability_variable_open_probability":0.065987058,"data_set_value_component_reaction_rate_constants_variable_phi_1":0.3001351351,"data_set_value_component_reaction_rate_constants_variable_phi_2":2.1364864865,"data_set_value_component_reaction_rate_constants_variable_phi_2b":3.8299820467,"data_set_value_component_reaction_rate_constants_variable_phi_3":0.1080251346,"data_set_value_component_reaction_rate_constants_variable_phi_4":88.434470377,"data_set_value_component_reaction_rate_constants_variable_phi_4b":1.2792857143,"data_set_value_component_reaction_rate_constants_variable_phi_5":1.5864285714,"data_set_value_component_reaction_rate_constants_variable_k_1a":0.64,"data_set_value_component_reaction_rate_constants_variable_k_1b":0.04,"data_set_value_component_reaction_rate_constants_variable_k_2a":37.4,"data_set_value_component_reaction_rate_constants_variable_k_2b":1.4,"data_set_value_component_reaction_rate_constants_variable_k_3a":0.11,"data_set_value_component_reaction_rate_constants_variable_k_3b":29.8,"data_set_value_component_reaction_rate_constants_variable_k_4a":4.0,"data_set_value_component_reaction_rate_constants_variable_k_4b":0.54,"data_set_value_component_reaction_rate_constants_variable_l_2a":1.7,"data_set_value_component_reaction_rate_constants_variable_l_2b":0.8,"data_set_value_component_reaction_rate_constants_variable_l_4a":1.7,"data_set_value_component_reaction_rate_constants_variable_l_4b":2.5,"data_set_value_component_reaction_rate_constants_variable_l_6a":4707.0,"data_set_value_component_reaction_rate_constants_variable_l_6b":11.4,"data_set_value_component_reaction_rate_constants_variable_L_1":0.12,"data_set_value_component_reaction_rate_constants_variable_L_3":0.025,"data_set_value_component_reaction_rate_constants_variable_L_5":54.7,"data_set_value_component_reaction_rate_constants_variable_p":10.0,"data_set_value_component_reaction_rate_constants_variable_c":1.0},{"data_set_value_component_environment_variable_time":0.6,"data_set_value_component_R_variable_R":0.001787178,"data_set_value_component_O_variable_O":0.0076322304,"data_set_value_component_S_variable_S":0.0000284998,"data_set_value_component_I_1_variable_I_1":0.0093667367,"data_set_value_component_I_2_variable_I_2":0.4654888429,"data_set_value_component_A_variable_A":0.5156965122,"data_set_value_component_open_probability_variable_open_probability":0.0467090605,"data_set_value_component_reaction_rate_constants_variable_phi_1":0.3001351351,"data_set_value_component_reaction_rate_constants_variable_phi_2":2.1364864865,"data_set_value_component_reaction_rate_constants_variable_phi_2b":3.8299820467,"data_set_value_component_reaction_rate_constants_variable_phi_3":0.1080251346,"data_set_value_component_reaction_rate_constants_variable_phi_4":88.434470377,"data_set_value_component_reaction_rate_constants_variable_phi_4b":1.2792857143,"data_set_value_component_reaction_rate_constants_variable_phi_5":1.5864285714,"data_set_value_component_reaction_rate_constants_variable_k_1a":0.64,"data_set_value_component_reaction_rate_constants_variable_k_1b":0.04,"data_set_value_component_reaction_rate_constants_variable_k_2a":37.4,"data_set_value_component_reaction_rate_constants_variable_k_2b":1.4,"data_set_value_component_reaction_rate_constants_variable_k_3a":0.11,"data_set_value_component_reaction_rate_constants_variable_k_3b":29.8,"data_set_value_component_reaction_rate_constants_variable_k_4a":4.0,"data_set_value_component_reaction_rate_constants_variable_k_4b":0.54,"data_set_value_component_reaction_rate_constants_variable_l_2a":1.7,"data_set_value_component_reaction_rate_constants_variable_l_2b":0.8,"data_set_value_component_reaction_rate_constants_variable_l_4a":1.7,"data_set_value_component_reaction_rate_constants_variable_l_4b":2.5,"data_set_value_component_reaction_rate_constants_variable_l_6a":4707.0,"data_set_value_component_reaction_rate_constants_variable_l_6b":11.4,"data_set_value_component_reaction_rate_constants_variable_L_1":0.12,"data_set_value_component_reaction_rate_constants_variable_L_3":0.025,"data_set_value_component_reaction_rate_constants_variable_L_5":54.7,"data_set_value_component_reaction_rate_constants_variable_p":10.0,"data_set_value_component_reaction_rate_constants_variable_c":1.0},{"data_set_value_component_environment_variable_time":0.7,"data_set_value_component_R_variable_R":0.001645316,"data_set_value_component_O_variable_O":0.0070770031,"data_set_value_component_S_variable_S":0.0000263051,"data_set_value_component_I_1_variable_I_1":0.0086613538,"data_set_value_component_I_2_variable_I_2":0.503518108,"data_set_value_component_A_variable_A":0.479071914,"data_set_value_component_open_probability_variable_open_probability":0.0347873937,"data_set_value_component_reaction_rate_constants_variable_phi_1":0.3001351351,"data_set_value_component_reaction_rate_constants_variable_phi_2":2.1364864865,"data_set_value_component_reaction_rate_constants_variable_phi_2b":3.8299820467,"data_set_value_component_reaction_rate_constants_variable_phi_3":0.1080251346,"data_set_value_component_reaction_rate_constants_variable_phi_4":88.434470377,"data_set_value_component_reaction_rate_constants_variable_phi_4b":1.2792857143,"data_set_value_component_reaction_rate_constants_variable_phi_5":1.5864285714,"data_set_value_component_reaction_rate_constants_variable_k_1a":0.64,"data_set_value_component_reaction_rate_constants_variable_k_1b":0.04,"data_set_value_component_reaction_rate_constants_variable_k_2a":37.4,"data_set_value_component_reaction_rate_constants_variable_k_2b":1.4,"data_set_value_component_reaction_rate_constants_variable_k_3a":0.11,"data_set_value_component_reaction_rate_constants_variable_k_3b":29.8,"data_set_value_component_reaction_rate_constants_variable_k_4a":4.0,"data_set_value_component_reaction_rate_constants_variable_k_4b":0.54,"data_set_value_component_reaction_rate_constants_variable_l_2a":1.7,"data_set_value_component_reaction_rate_constants_variable_l_2b":0.8,"data_set_value_component_reaction_rate_constants_variable_l_4a":1.7,"data_set_value_component_reaction_rate_constants_variable_l_4b":2.5,"data_set_value_component_reaction_rate_constants_variable_l_6a":4707.0,"data_set_value_component_reaction_rate_constants_variable_l_6b":11.4,"data_set_value_component_reaction_rate_constants_variable_L_1":0.12,"data_set_value_component_reaction_rate_constants_variable_L_3":0.025,"data_set_value_component_reaction_rate_constants_variable_L_5":54.7,"data_set_value_component_reaction_rate_constants_variable_p":10.0,"data_set_value_component_reaction_rate_constants_variable_c":1.0},{"data_set_value_component_environment_variable_time":0.8,"data_set_value_component_R_variable_R":0.0015315676,"data_set_value_component_O_variable_O":0.0066398057,"data_set_value_component_S_variable_S":0.0000245813,"data_set_value_component_I_1_variable_I_1":0.0080091656,"data_set_value_component_I_2_variable_I_2":0.5335366843,"data_set_value_component_A_variable_A":0.4502581955,"data_set_value_component_open_probability_variable_open_probability":0.0271431728,"data_set_value_component_reaction_rate_constants_variable_phi_1":0.3001351351,"data_set_value_component_reaction_rate_constants_variable_phi_2":2.1364864865,"data_set_value_component_reaction_rate_constants_variable_phi_2b":3.8299820467,"data_set_value_component_reaction_rate_constants_variable_phi_3":0.1080251346,"data_set_value_component_reaction_rate_constants_variable_phi_4":88.434470377,"data_set_value_component_reaction_rate_constants_variable_phi_4b":1.2792857143,"data_set_value_component_reaction_rate_constants_variable_phi_5":1.5864285714,"data_set_value_component_reaction_rate_constants_variable_k_1a":0.64,"data_set_value_component_reaction_rate_constants_variable_k_1b":0.04,"data_set_value_component_reaction_rate_constants_variable_k_2a":37.4,"data_set_value_component_reaction_rate_constants_variable_k_2b":1.4,"data_set_value_component_reaction_rate_constants_variable_k_3a":0.11,"data_set_value_component_reaction_rate_constants_variable_k_3b":29.8,"data_set_value_component_reaction_rate_constants_variable_k_4a":4.0,"data_set_value_component_reaction_rate_constants_variable_k_4b":0.54,"data_set_value_component_reaction_rate_constants_variable_l_2a":1.7,"data_set_value_component_reaction_rate_constants_variable_l_2b":0.8,"data_set_value_component_reaction_rate_constants_variable_l_4a":1.7,"data_set_value_component_reaction_rate_constants_variable_l_4b":2.5,"data_set_value_component_reaction_rate_constants_variable_l_6a":4707.0,"data_set_value_component_reaction_rate_constants_variable_l_6b":11.4,"data_set_value_component_reaction_rate_constants_variable_L_1":0.12,"data_set_value_component_reaction_rate_constants_variable_L_3":0.025,"data_set_value_component_reaction_rate_constants_variable_L_5":54.7,"data_set_value_component_reaction_rate_constants_variable_p":10.0,"data_set_value_component_reaction_rate_constants_variable_c":1.0},{"data_set_value_component_environment_variable_time":0.9,"data_set_value_component_R_variable_R":0.00143878,"data_set_value_component_O_variable_O":0.0062951286,"data_set_value_component_S_variable_S":0.0000232235,"data_set_value_component_I_1_variable_I_1":0.0074065692,"data_set_value_component_I_2_variable_I_2":0.5572451767,"data_set_value_component_A_variable_A":0.427591122,"data_set_value_component_open_probability_variable_open_probability":0.0220761904,"data_set_value_component_reaction_rate_constants_variable_phi_1":0.3001351351,"data_set_value_component_reaction_rate_constants_variable_phi_2":2.1364864865,"data_set_value_component_reaction_rate_constants_variable_phi_2b":3.8299820467,"data_set_value_component_reaction_rate_constants_variable_phi_3":0.1080251346,"data_set_value_component_reaction_rate_constants_variable_phi_4":88.434470377,"data_set_value_component_reaction_rate_constants_variable_phi_4b":1.2792857143,"data_set_value_component_reaction_rate_constants_variable_phi_5":1.5864285714,"data_set_value_component_reaction_rate_constants_variable_k_1a":0.64,"data_set_value_component_reaction_rate_constants_variable_k_1b":0.04,"data_set_value_component_reaction_rate_constants_variable_k_2a":37.4,"data_set_value_component_reaction_rate_constants_variable_k_2b":1.4,"data_set_value_component_reaction_rate_constants_variable_k_3a":0.11,"data_set_value_component_reaction_rate_constants_variable_k_3b":29.8,"data_set_value_component_reaction_rate_constants_variable_k_4a":4.0,"data_set_value_component_reaction_rate_constants_variable_k_4b":0.54,"data_set_value_component_reaction_rate_constants_variable_l_2a":1.7,"data_set_value_component_reaction_rate_constants_variable_l_2b":0.8,"data_set_value_component_reaction_rate_constants_variable_l_4a":1.7,"data_set_value_component_reaction_rate_constants_variable_l_4b":2.5,"data_set_value_component_reaction_rate_constants_variable_l_6a":4707.0,"data_set_value_component_reaction_rate_constants_variable_l_6b":11.4,"data_set_value_component_reaction_rate_constants_variable_L_1":0.12,"data_set_value_component_reaction_rate_constants_variable_L_3":0.025,"data_set_value_component_reaction_rate_constants_variable_L_5":54.7,"data_set_value_component_reaction_rate_constants_variable_p":10.0,"data_set_value_component_reaction_rate_constants_variable_c":1.0},{"data_set_value_component_environment_variable_time":1.0,"data_set_value_component_R_variable_R":0.0013624077,"data_set_value_component_O_variable_O":0.0060232019,"data_set_value_component_S_variable_S":0.0000221526,"data_set_value_component_I_1_variable_I_1":0.0068501003,"data_set_value_component_I_2_variable_I_2":0.5759821948,"data_set_value_component_A_variable_A":0.4097599428,"data_set_value_component_open_probability_variable_open_probability":0.0186175697,"data_set_value_component_reaction_rate_constants_variable_phi_1":0.3001351351,"data_set_value_component_reaction_rate_constants_variable_phi_2":2.1364864865,"data_set_value_component_reaction_rate_constants_variable_phi_2b":3.8299820467,"data_set_value_component_reaction_rate_constants_variable_phi_3":0.1080251346,"data_set_value_component_reaction_rate_constants_variable_phi_4":88.434470377,"data_set_value_component_reaction_rate_constants_variable_phi_4b":1.2792857143,"data_set_value_component_reaction_rate_constants_variable_phi_5":1.5864285714,"data_set_value_component_reaction_rate_constants_variable_k_1a":0.64,"data_set_value_component_reaction_rate_constants_variable_k_1b":0.04,"data_set_value_component_reaction_rate_constants_variable_k_2a":37.4,"data_set_value_component_reaction_rate_constants_variable_k_2b":1.4,"data_set_value_component_reaction_rate_constants_variable_k_3a":0.11,"data_set_value_component_reaction_rate_constants_variable_k_3b":29.8,"data_set_value_component_reaction_rate_constants_variable_k_4a":4.0,"data_set_value_component_reaction_rate_constants_variable_k_4b":0.54,"data_set_value_component_reaction_rate_constants_variable_l_2a":1.7,"data_set_value_component_reaction_rate_constants_variable_l_2b":0.8,"data_set_value_component_reaction_rate_constants_variable_l_4a":1.7,"data_set_value_component_reaction_rate_constants_variable_l_4b":2.5,"data_set_value_component_reaction_rate_constants_variable_l_6a":4707.0,"data_set_value_component_reaction_rate_constants_variable_l_6b":11.4,"data_set_value_component_reaction_rate_constants_variable_L_1":0.12,"data_set_value_component_reaction_rate_constants_variable_L_3":0.025,"data_set_value_component_reaction_rate_constants_variable_L_5":54.7,"data_set_value_component_reaction_rate_constants_variable_p":10.0,"data_set_value_component_reaction_rate_constants_variable_c":1.0}]