[{"data_set_value_component_environment_variable_time":0.0,"data_set_value_component_intracellular_ion_concentrations_variable_Ca_i":0.00018433,"data_set_value_component_intracellular_ion_concentrations_variable_Ca_b":0.0024068601,"data_set_value_component_intracellular_ion_concentrations_variable_TRPN":0.0675931399,"data_set_value_component_tropomyosin_variable_z":0.0144179378,"data_set_value_component_tropomyosin_variable_z_max":0.967883801,"data_set_value_component_tropomyosin_variable_alpha_0":0.008,"data_set_value_component_tropomyosin_variable_alpha_r1":0.002,"data_set_value_component_tropomyosin_variable_alpha_r2":0.00175,"data_set_value_component_tropomyosin_variable_n_Rel":3.0,"data_set_value_component_tropomyosin_variable_K_z":0.15,"data_set_value_component_tropomyosin_variable_n_Hill":3.0,"data_set_value_component_tropomyosin_variable_Ca_50ref":0.00105,"data_set_value_component_tropomyosin_variable_z_p":0.85,"data_set_value_component_tropomyosin_variable_beta_1":-4.0,"data_set_value_component_tropomyosin_variable_Ca_50":0.00105,"data_set_value_component_tropomyosin_variable_Ca_TRPN_50":0.0288235294,"data_set_value_component_tropomyosin_variable_K_2":0.0017118977,"data_set_value_component_tropomyosin_variable_K_1":0.0000335735,"data_set_value_component_tropomyosin_variable_alpha_Tm":0.000004658,"data_set_value_component_tropomyosin_variable_beta_Tm":0.0021076924,"data_set_value_component_troponin_variable_J_TRPN":-0.0007681577,"data_set_value_component_troponin_variable_Ca_TRPN_Max":0.07,"data_set_value_component_troponin_variable_k_off":0.1985103648,"data_set_value_component_troponin_variable_k_on":100.0,"data_set_value_component_troponin_variable_k_Ref_off":0.2,"data_set_value_component_troponin_variable_gamma_trpn":2.0,"data_set_value_component_Myofilaments_variable_lambda":1.0,"data_set_value_component_Myofilaments_variable_ExtensionRatio":1.0,"data_set_value_component_Myofilaments_variable_dExtensionRatiodt":0.0,"data_set_value_component_Myofilaments_variable_lambda_prev":1.0,"data_set_value_component_filament_overlap_variable_overlap":1.0,"data_set_value_component_filament_overlap_variable_beta_0":4.9,"data_set_value_component_length_independent_tension_variable_T_ref":56.2,"data_set_value_component_length_independent_tension_variable_T_Base":0.8371749849,"data_set_value_component_isometric_tension_variable_T_0":0.8371749849,"data_set_value_component_Cross_Bridges_variable_Q":0.0,"data_set_value_component_Cross_Bridges_variable_a":0.35,"data_set_value_component_Cross_Bridges_variable_Q_1":0.0,"data_set_value_component_Cross_Bridges_variable_Q_2":0.0,"data_set_value_component_Cross_Bridges_variable_Q_3":0.0,"data_set_value_component_Cross_Bridges_variable_A_1":-29.0,"data_set_value_component_Cross_Bridges_variable_A_2":138.0,"data_set_value_component_Cross_Bridges_variable_A_3":129.0,"data_set_value_component_Cross_Bridges_variable_alpha_1":0.03,"data_set_value_component_Cross_Bridges_variable_alpha_2":0.13,"data_set_value_component_Cross_Bridges_variable_alpha_3":0.625,"data_set_value_component_Cross_Bridges_variable_Tension":0.8371749849},{"data_set_value_component_environment_variable_time":0.1,"data_set_value_component_intracellular_ion_concentrations_variable_Ca_i":0.00018433,"data_set_value_component_intracellular_ion_concentrations_variable_Ca_b":0.0024826915,"data_set_value_component_intracellular_ion_concentrations_variable_TRPN":0.0675173085,"data_set_value_component_tropomyosin_variable_z":0.0144153851,"data_set_value_component_tropomyosin_variable_z_max":0.967883801,"data_set_value_component_tropomyosin_variable_alpha_0":0.008,"data_set_value_component_tropomyosin_variable_alpha_r1":0.002,"data_set_value_component_tropomyosin_variable_alpha_r2":0.00175,"data_set_value_component_tropomyosin_variable_n_Rel":3.0,"data_set_value_component_tropomyosin_variable_K_z":0.15,"data_set_value_component_tropomyosin_variable_n_Hill":3.0,"data_set_value_component_tropomyosin_variable_Ca_50ref":0.00105,"data_set_value_component_tropomyosin_variable_z_p":0.85,"data_set_value_component_tropomyosin_variable_beta_1":-4.0,"data_set_value_component_tropomyosin_variable_Ca_50":0.00105,"data_set_value_component_tropomyosin_variable_Ca_TRPN_50":0.0288235294,"data_set_value_component_tropomyosin_variable_K_2":0.0017118977,"data_set_value_component_tropomyosin_variable_K_1":0.0000335735,"data_set_value_component_tropomyosin_variable_alpha_Tm":0.0000051123,"data_set_value_component_tropomyosin_variable_beta_Tm":0.0021076543,"data_set_value_component_troponin_variable_J_TRPN":-0.0007517059,"data_set_value_component_troponin_variable_Ca_TRPN_Max":0.07,"data_set_value_component_troponin_variable_k_off":0.1985106285,"data_set_value_component_troponin_variable_k_on":100.0,"data_set_value_component_troponin_variable_k_Ref_off":0.2,"data_set_value_component_troponin_variable_gamma_trpn":2.0,"data_set_value_component_Myofilaments_variable_lambda":1.0,"data_set_value_component_Myofilaments_variable_ExtensionRatio":1.0,"data_set_value_component_Myofilaments_variable_dExtensionRatiodt":0.0,"data_set_value_component_Myofilaments_variable_lambda_prev":1.0,"data_set_value_component_filament_overlap_variable_overlap":1.0,"data_set_value_component_filament_overlap_variable_beta_0":4.9,"data_set_value_component_length_independent_tension_variable_T_ref":56.2,"data_set_value_component_length_independent_tension_variable_T_Base":0.8370267594,"data_set_value_component_isometric_tension_variable_T_0":0.8370267594,"data_set_value_component_Cross_Bridges_variable_Q":0.0,"data_set_value_component_Cross_Bridges_variable_a":0.35,"data_set_value_component_Cross_Bridges_variable_Q_1":0.0,"data_set_value_component_Cross_Bridges_variable_Q_2":0.0,"data_set_value_component_Cross_Bridges_variable_Q_3":0.0,"data_set_value_component_Cross_Bridges_variable_A_1":-29.0,"data_set_value_component_Cross_Bridges_variable_A_2":138.0,"data_set_value_component_Cross_Bridges_variable_A_3":129.0,"data_set_value_component_Cross_Bridges_variable_alpha_1":0.03,"data_set_value_component_Cross_Bridges_variable_alpha_2":0.13,"data_set_value_component_Cross_Bridges_variable_alpha_3":0.625,"data_set_value_component_Cross_Bridges_variable_Tension":0.8370267594},{"data_set_value_component_environment_variable_time":0.2,"data_set_value_component_intracellular_ion_concentrations_variable_Ca_i":0.00018433,"data_set_value_component_intracellular_ion_concentrations_variable_Ca_b":0.0025570259,"data_set_value_component_intracellular_ion_concentrations_variable_TRPN":0.0674429741,"data_set_value_component_tropomyosin_variable_z":0.0144128752,"data_set_value_component_tropomyosin_variable_z_max":0.967883801,"data_set_value_component_tropomyosin_variable_alpha_0":0.008,"data_set_value_component_tropomyosin_variable_alpha_r1":0.002,"data_set_value_component_tropomyosin_variable_alpha_r2":0.00175,"data_set_value_component_tropomyosin_variable_n_Rel":3.0,"data_set_value_component_tropomyosin_variable_K_z":0.15,"data_set_value_component_tropomyosin_variable_n_Hill":3.0,"data_set_value_component_tropomyosin_variable_Ca_50ref":0.00105,"data_set_value_component_tropomyosin_variable_z_p":0.85,"data_set_value_component_tropomyosin_variable_beta_1":-4.0,"data_set_value_component_tropomyosin_variable_Ca_50":0.00105,"data_set_value_component_tropomyosin_variable_Ca_TRPN_50":0.0288235294,"data_set_value_component_tropomyosin_variable_K_2":0.0017118977,"data_set_value_component_tropomyosin_variable_K_1":0.0000335735,"data_set_value_component_tropomyosin_variable_alpha_Tm":0.0000055854,"data_set_value_component_tropomyosin_variable_beta_Tm":0.0021076169,"data_set_value_component_troponin_variable_J_TRPN":-0.0007355789,"data_set_value_component_troponin_variable_Ca_TRPN_Max":0.07,"data_set_value_component_troponin_variable_k_off":0.1985108879,"data_set_value_component_troponin_variable_k_on":100.0,"data_set_value_component_troponin_variable_k_Ref_off":0.2,"data_set_value_component_troponin_variable_gamma_trpn":2.0,"data_set_value_component_Myofilaments_variable_lambda":1.0,"data_set_value_component_Myofilaments_variable_ExtensionRatio":1.0,"data_set_value_component_Myofilaments_variable_dExtensionRatiodt":0.0,"data_set_value_component_Myofilaments_variable_lambda_prev":1.0,"data_set_value_component_filament_overlap_variable_overlap":1.0,"data_set_value_component_filament_overlap_variable_beta_0":4.9,"data_set_value_component_length_independent_tension_variable_T_ref":56.2,"data_set_value_component_length_independent_tension_variable_T_Base":0.8368810226,"data_set_value_component_isometric_tension_variable_T_0":0.8368810226,"data_set_value_component_Cross_Bridges_variable_Q":0.0,"data_set_value_component_Cross_Bridges_variable_a":0.35,"data_set_value_component_Cross_Bridges_variable_Q_1":0.0,"data_set_value_component_Cross_Bridges_variable_Q_2":0.0,"data_set_value_component_Cross_Bridges_variable_Q_3":0.0,"data_set_value_component_Cross_Bridges_variable_A_1":-29.0,"data_set_value_component_Cross_Bridges_variable_A_2":138.0,"data_set_value_component_Cross_Bridges_variable_A_3":129.0,"data_set_value_component_Cross_Bridges_variable_alpha_1":0.03,"data_set_value_component_Cross_Bridges_variable_alpha_2":0.13,"data_set_value_component_Cross_Bridges_variable_alpha_3":0.625,"data_set_value_component_Cross_Bridges_variable_Tension":0.8368810226},{"data_set_value_component_environment_variable_time":0.3,"data_set_value_component_intracellular_ion_concentrations_variable_Ca_i":0.00018433,"data_set_value_component_intracellular_ion_concentrations_variable_Ca_b":0.0026297903,"data_set_value_component_intracellular_ion_concentrations_variable_TRPN":0.0673702097,"data_set_value_component_tropomyosin_variable_z":0.0144104131,"data_set_value_component_tropomyosin_variable_z_max":0.967883801,"data_set_value_component_tropomyosin_variable_alpha_0":0.008,"data_set_value_component_tropomyosin_variable_alpha_r1":0.002,"data_set_value_component_tropomyosin_variable_alpha_r2":0.00175,"data_set_value_component_tropomyosin_variable_n_Rel":3.0,"data_set_value_component_tropomyosin_variable_K_z":0.15,"data_set_value_component_tropomyosin_variable_n_Hill":3.0,"data_set_value_component_tropomyosin_variable_Ca_50ref":0.00105,"data_set_value_component_tropomyosin_variable_z_p":0.85,"data_set_value_component_tropomyosin_variable_beta_1":-4.0,"data_set_value_component_tropomyosin_variable_Ca_50":0.00105,"data_set_value_component_tropomyosin_variable_Ca_TRPN_50":0.0288235294,"data_set_value_component_tropomyosin_variable_K_2":0.0017118977,"data_set_value_component_tropomyosin_variable_K_1":0.0000335735,"data_set_value_component_tropomyosin_variable_alpha_Tm":0.0000060759,"data_set_value_component_tropomyosin_variable_beta_Tm":0.0021075802,"data_set_value_component_troponin_variable_J_TRPN":-0.0007197924,"data_set_value_component_troponin_variable_Ca_TRPN_Max":0.07,"data_set_value_component_troponin_variable_k_off":0.1985111422,"data_set_value_component_troponin_variable_k_on":100.0,"data_set_value_component_troponin_variable_k_Ref_off":0.2,"data_set_value_component_troponin_variable_gamma_trpn":2.0,"data_set_value_component_Myofilaments_variable_lambda":1.0,"data_set_value_component_Myofilaments_variable_ExtensionRatio":1.0,"data_set_value_component_Myofilaments_variable_dExtensionRatiodt":0.0,"data_set_value_component_Myofilaments_variable_lambda_prev":1.0,"data_set_value_component_filament_overlap_variable_overlap":1.0,"data_set_value_component_filament_overlap_variable_beta_0":4.9,"data_set_value_component_length_independent_tension_variable_T_ref":56.2,"data_set_value_component_length_independent_tension_variable_T_Base":0.8367380611,"data_set_value_component_isometric_tension_variable_T_0":0.8367380611,"data_set_value_component_Cross_Bridges_variable_Q":0.0,"data_set_value_component_Cross_Bridges_variable_a":0.35,"data_set_value_component_Cross_Bridges_variable_Q_1":0.0,"data_set_value_component_Cross_Bridges_variable_Q_2":0.0,"data_set_value_component_Cross_Bridges_variable_Q_3":0.0,"data_set_value_component_Cross_Bridges_variable_A_1":-29.0,"data_set_value_component_Cross_Bridges_variable_A_2":138.0,"data_set_value_component_Cross_Bridges_variable_A_3":129.0,"data_set_value_component_Cross_Bridges_variable_alpha_1":0.03,"data_set_value_component_Cross_Bridges_variable_alpha_2":0.13,"data_set_value_component_Cross_Bridges_variable_alpha_3":0.625,"data_set_value_component_Cross_Bridges_variable_Tension":0.8367380611},{"data_set_value_component_environment_variable_time":0.4,"data_set_value_component_intracellular_ion_concentrations_variable_Ca_i":0.00018433,"data_set_value_component_intracellular_ion_concentrations_variable_Ca_b":0.0027010294,"data_set_value_component_intracellular_ion_concentrations_variable_TRPN":0.0672989706,"data_set_value_component_tropomyosin_variable_z":0.0144080025,"data_set_value_component_tropomyosin_variable_z_max":0.967883801,"data_set_value_component_tropomyosin_variable_alpha_0":0.008,"data_set_value_component_tropomyosin_variable_alpha_r1":0.002,"data_set_value_component_tropomyosin_variable_alpha_r2":0.00175,"data_set_value_component_tropomyosin_variable_n_Rel":3.0,"data_set_value_component_tropomyosin_variable_K_z":0.15,"data_set_value_component_tropomyosin_variable_n_Hill":3.0,"data_set_value_component_tropomyosin_variable_Ca_50ref":0.00105,"data_set_value_component_tropomyosin_variable_z_p":0.85,"data_set_value_component_tropomyosin_variable_beta_1":-4.0,"data_set_value_component_tropomyosin_variable_Ca_50":0.00105,"data_set_value_component_tropomyosin_variable_Ca_TRPN_50":0.0288235294,"data_set_value_component_tropomyosin_variable_K_2":0.0017118977,"data_set_value_component_tropomyosin_variable_K_1":0.0000335735,"data_set_value_component_tropomyosin_variable_alpha_Tm":0.0000065832,"data_set_value_component_tropomyosin_variable_beta_Tm":0.0021075442,"data_set_value_component_troponin_variable_J_TRPN":-0.0007043368,"data_set_value_component_troponin_variable_Ca_TRPN_Max":0.07,"data_set_value_component_troponin_variable_k_off":0.1985113913,"data_set_value_component_troponin_variable_k_on":100.0,"data_set_value_component_troponin_variable_k_Ref_off":0.2,"data_set_value_component_troponin_variable_gamma_trpn":2.0,"data_set_value_component_Myofilaments_variable_lambda":1.0,"data_set_value_component_Myofilaments_variable_ExtensionRatio":1.0,"data_set_value_component_Myofilaments_variable_dExtensionRatiodt":0.0,"data_set_value_component_Myofilaments_variable_lambda_prev":1.0,"data_set_value_component_filament_overlap_variable_overlap":1.0,"data_set_value_component_filament_overlap_variable_beta_0":4.9,"data_set_value_component_length_independent_tension_variable_T_ref":56.2,"data_set_value_component_length_independent_tension_variable_T_Base":0.8365980895,"data_set_value_component_isometric_tension_variable_T_0":0.8365980895,"data_set_value_component_Cross_Bridges_variable_Q":0.0,"data_set_value_component_Cross_Bridges_variable_a":0.35,"data_set_value_component_Cross_Bridges_variable_Q_1":0.0,"data_set_value_component_Cross_Bridges_variable_Q_2":0.0,"data_set_value_component_Cross_Bridges_variable_Q_3":0.0,"data_set_value_component_Cross_Bridges_variable_A_1":-29.0,"data_set_value_component_Cross_Bridges_variable_A_2":138.0,"data_set_value_component_Cross_Bridges_variable_A_3":129.0,"data_set_value_component_Cross_Bridges_variable_alpha_1":0.03,"data_set_value_component_Cross_Bridges_variable_alpha_2":0.13,"data_set_value_component_Cross_Bridges_variable_alpha_3":0.625,"data_set_value_component_Cross_Bridges_variable_Tension":0.8365980895},{"data_set_value_component_environment_variable_time":0.5,"data_set_value_component_intracellular_ion_concentrations_variable_Ca_i":0.00018433,"data_set_value_component_intracellular_ion_concentrations_variable_Ca_b":0.0027707346,"data_set_value_component_intracellular_ion_concentrations_variable_TRPN":0.0672292654,"data_set_value_component_tropomyosin_variable_z":0.0144056425,"data_set_value_component_tropomyosin_variable_z_max":0.967883801,"data_set_value_component_tropomyosin_variable_alpha_0":0.008,"data_set_value_component_tropomyosin_variable_alpha_r1":0.002,"data_set_value_component_tropomyosin_variable_alpha_r2":0.00175,"data_set_value_component_tropomyosin_variable_n_Rel":3.0,"data_set_value_component_tropomyosin_variable_K_z":0.15,"data_set_value_component_tropomyosin_variable_n_Hill":3.0,"data_set_value_component_tropomyosin_variable_Ca_50ref":0.00105,"data_set_value_component_tropomyosin_variable_z_p":0.85,"data_set_value_component_tropomyosin_variable_beta_1":-4.0,"data_set_value_component_tropomyosin_variable_Ca_50":0.00105,"data_set_value_component_tropomyosin_variable_Ca_TRPN_50":0.0288235294,"data_set_value_component_tropomyosin_variable_K_2":0.0017118977,"data_set_value_component_tropomyosin_variable_K_1":0.0000335735,"data_set_value_component_tropomyosin_variable_alpha_Tm":0.0000071061,"data_set_value_component_tropomyosin_variable_beta_Tm":0.002107509,"data_set_value_component_troponin_variable_J_TRPN":-0.000689214,"data_set_value_component_troponin_variable_Ca_TRPN_Max":0.07,"data_set_value_component_troponin_variable_k_off":0.1985116351,"data_set_value_component_troponin_variable_k_on":100.0,"data_set_value_component_troponin_variable_k_Ref_off":0.2,"data_set_value_component_troponin_variable_gamma_trpn":2.0,"data_set_value_component_Myofilaments_variable_lambda":1.0,"data_set_value_component_Myofilaments_variable_ExtensionRatio":1.0,"data_set_value_component_Myofilaments_variable_dExtensionRatiodt":0.0,"data_set_value_component_Myofilaments_variable_lambda_prev":1.0,"data_set_value_component_filament_overlap_variable_overlap":1.0,"data_set_value_component_filament_overlap_variable_beta_0":4.9,"data_set_value_component_length_independent_tension_variable_T_ref":56.2,"data_set_value_component_length_independent_tension_variable_T_Base":0.8364610591,"data_set_value_component_isometric_tension_variable_T_0":0.8364610591,"data_set_value_component_Cross_Bridges_variable_Q":0.0,"data_set_value_component_Cross_Bridges_variable_a":0.35,"data_set_value_component_Cross_Bridges_variable_Q_1":0.0,"data_set_value_component_Cross_Bridges_variable_Q_2":0.0,"data_set_value_component_Cross_Bridges_variable_Q_3":0.0,"data_set_value_component_Cross_Bridges_variable_A_1":-29.0,"data_set_value_component_Cross_Bridges_variable_A_2":138.0,"data_set_value_component_Cross_Bridges_variable_A_3":129.0,"data_set_value_component_Cross_Bridges_variable_alpha_1":0.03,"data_set_value_component_Cross_Bridges_variable_alpha_2":0.13,"data_set_value_component_Cross_Bridges_variable_alpha_3":0.625,"data_set_value_component_Cross_Bridges_variable_Tension":0.8364610591},{"data_set_value_component_environment_variable_time":0.6,"data_set_value_component_intracellular_ion_concentrations_variable_Ca_i":0.00018433,"data_set_value_component_intracellular_ion_concentrations_variable_Ca_b":0.0028389593,"data_set_value_component_intracellular_ion_concentrations_variable_TRPN":0.0671610407,"data_set_value_component_tropomyosin_variable_z":0.0144033358,"data_set_value_component_tropomyosin_variable_z_max":0.967883801,"data_set_value_component_tropomyosin_variable_alpha_0":0.008,"data_set_value_component_tropomyosin_variable_alpha_r1":0.002,"data_set_value_component_tropomyosin_variable_alpha_r2":0.00175,"data_set_value_component_tropomyosin_variable_n_Rel":3.0,"data_set_value_component_tropomyosin_variable_K_z":0.15,"data_set_value_component_tropomyosin_variable_n_Hill":3.0,"data_set_value_component_tropomyosin_variable_Ca_50ref":0.00105,"data_set_value_component_tropomyosin_variable_z_p":0.85,"data_set_value_component_tropomyosin_variable_beta_1":-4.0,"data_set_value_component_tropomyosin_variable_Ca_50":0.00105,"data_set_value_component_tropomyosin_variable_Ca_TRPN_50":0.0288235294,"data_set_value_component_tropomyosin_variable_K_2":0.0017118977,"data_set_value_component_tropomyosin_variable_K_1":0.0000335735,"data_set_value_component_tropomyosin_variable_alpha_Tm":0.0000076441,"data_set_value_component_tropomyosin_variable_beta_Tm":0.0021074747,"data_set_value_component_troponin_variable_J_TRPN":-0.0006744123,"data_set_value_component_troponin_variable_Ca_TRPN_Max":0.07,"data_set_value_component_troponin_variable_k_off":0.1985118734,"data_set_value_component_troponin_variable_k_on":100.0,"data_set_value_component_troponin_variable_k_Ref_off":0.2,"data_set_value_component_troponin_variable_gamma_trpn":2.0,"data_set_value_component_Myofilaments_variable_lambda":1.0,"data_set_value_component_Myofilaments_variable_ExtensionRatio":1.0,"data_set_value_component_Myofilaments_variable_dExtensionRatiodt":0.0,"data_set_value_component_Myofilaments_variable_lambda_prev":1.0,"data_set_value_component_filament_overlap_variable_overlap":1.0,"data_set_value_component_filament_overlap_variable_beta_0":4.9,"data_set_value_component_length_independent_tension_variable_T_ref":56.2,"data_set_value_component_length_independent_tension_variable_T_Base":0.8363271218,"data_set_value_component_isometric_tension_variable_T_0":0.8363271218,"data_set_value_component_Cross_Bridges_variable_Q":0.0,"data_set_value_component_Cross_Bridges_variable_a":0.35,"data_set_value_component_Cross_Bridges_variable_Q_1":0.0,"data_set_value_component_Cross_Bridges_variable_Q_2":0.0,"data_set_value_component_Cross_Bridges_variable_Q_3":0.0,"data_set_value_component_Cross_Bridges_variable_A_1":-29.0,"data_set_value_component_Cross_Bridges_variable_A_2":138.0,"data_set_value_component_Cross_Bridges_variable_A_3":129.0,"data_set_value_component_Cross_Bridges_variable_alpha_1":0.03,"data_set_value_component_Cross_Bridges_variable_alpha_2":0.13,"data_set_value_component_Cross_Bridges_variable_alpha_3":0.625,"data_set_value_component_Cross_Bridges_variable_Tension":0.8363271218},{"data_set_value_component_environment_variable_time":0.7,"data_set_value_component_intracellular_ion_concentrations_variable_Ca_i":0.00018433,"data_set_value_component_intracellular_ion_concentrations_variable_Ca_b":0.0029057223,"data_set_value_component_intracellular_ion_concentrations_variable_TRPN":0.0670942777,"data_set_value_component_tropomyosin_variable_z":0.0144010834,"data_set_value_component_tropomyosin_variable_z_max":0.967883801,"data_set_value_component_tropomyosin_variable_alpha_0":0.008,"data_set_value_component_tropomyosin_variable_alpha_r1":0.002,"data_set_value_component_tropomyosin_variable_alpha_r2":0.00175,"data_set_value_component_tropomyosin_variable_n_Rel":3.0,"data_set_value_component_tropomyosin_variable_K_z":0.15,"data_set_value_component_tropomyosin_variable_n_Hill":3.0,"data_set_value_component_tropomyosin_variable_Ca_50ref":0.00105,"data_set_value_component_tropomyosin_variable_z_p":0.85,"data_set_value_component_tropomyosin_variable_beta_1":-4.0,"data_set_value_component_tropomyosin_variable_Ca_50":0.00105,"data_set_value_component_tropomyosin_variable_Ca_TRPN_50":0.0288235294,"data_set_value_component_tropomyosin_variable_K_2":0.0017118977,"data_set_value_component_tropomyosin_variable_K_1":0.0000335735,"data_set_value_component_tropomyosin_variable_alpha_Tm":0.0000081962,"data_set_value_component_tropomyosin_variable_beta_Tm":0.0021074411,"data_set_value_component_troponin_variable_J_TRPN":-0.0006599278,"data_set_value_component_troponin_variable_Ca_TRPN_Max":0.07,"data_set_value_component_troponin_variable_k_off":0.1985121062,"data_set_value_component_troponin_variable_k_on":100.0,"data_set_value_component_troponin_variable_k_Ref_off":0.2,"data_set_value_component_troponin_variable_gamma_trpn":2.0,"data_set_value_component_Myofilaments_variable_lambda":1.0,"data_set_value_component_Myofilaments_variable_ExtensionRatio":1.0,"data_set_value_component_Myofilaments_variable_dExtensionRatiodt":0.0,"data_set_value_component_Myofilaments_variable_lambda_prev":1.0,"data_set_value_component_filament_overlap_variable_overlap":1.0,"data_set_value_component_filament_overlap_variable_beta_0":4.9,"data_set_value_component_length_independent_tension_variable_T_ref":56.2,"data_set_value_component_length_independent_tension_variable_T_Base":0.8361963336,"data_set_value_component_isometric_tension_variable_T_0":0.8361963336,"data_set_value_component_Cross_Bridges_variable_Q":0.0,"data_set_value_component_Cross_Bridges_variable_a":0.35,"data_set_value_component_Cross_Bridges_variable_Q_1":0.0,"data_set_value_component_Cross_Bridges_variable_Q_2":0.0,"data_set_value_component_Cross_Bridges_variable_Q_3":0.0,"data_set_value_component_Cross_Bridges_variable_A_1":-29.0,"data_set_value_component_Cross_Bridges_variable_A_2":138.0,"data_set_value_component_Cross_Bridges_variable_A_3":129.0,"data_set_value_component_Cross_Bridges_variable_alpha_1":0.03,"data_set_value_component_Cross_Bridges_variable_alpha_2":0.13,"data_set_value_component_Cross_Bridges_variable_alpha_3":0.625,"data_set_value_component_Cross_Bridges_variable_Tension":0.8361963336},{"data_set_value_component_environment_variable_time":0.8,"data_set_value_component_intracellular_ion_concentrations_variable_Ca_i":0.00018433,"data_set_value_component_intracellular_ion_concentrations_variable_Ca_b":0.0029710451,"data_set_value_component_intracellular_ion_concentrations_variable_TRPN":0.0670289549,"data_set_value_component_tropomyosin_variable_z":0.014398886,"data_set_value_component_tropomyosin_variable_z_max":0.967883801,"data_set_value_component_tropomyosin_variable_alpha_0":0.008,"data_set_value_component_tropomyosin_variable_alpha_r1":0.002,"data_set_value_component_tropomyosin_variable_alpha_r2":0.00175,"data_set_value_component_tropomyosin_variable_n_Rel":3.0,"data_set_value_component_tropomyosin_variable_K_z":0.15,"data_set_value_component_tropomyosin_variable_n_Hill":3.0,"data_set_value_component_tropomyosin_variable_Ca_50ref":0.00105,"data_set_value_component_tropomyosin_variable_z_p":0.85,"data_set_value_component_tropomyosin_variable_beta_1":-4.0,"data_set_value_component_tropomyosin_variable_Ca_50":0.00105,"data_set_value_component_tropomyosin_variable_Ca_TRPN_50":0.0288235294,"data_set_value_component_tropomyosin_variable_K_2":0.0017118977,"data_set_value_component_tropomyosin_variable_K_1":0.0000335735,"data_set_value_component_tropomyosin_variable_alpha_Tm":0.0000087615,"data_set_value_component_tropomyosin_variable_beta_Tm":0.0021074084,"data_set_value_component_troponin_variable_J_TRPN":-0.0006457556,"data_set_value_component_troponin_variable_Ca_TRPN_Max":0.07,"data_set_value_component_troponin_variable_k_off":0.1985123332,"data_set_value_component_troponin_variable_k_on":100.0,"data_set_value_component_troponin_variable_k_Ref_off":0.2,"data_set_value_component_troponin_variable_gamma_trpn":2.0,"data_set_value_component_Myofilaments_variable_lambda":1.0,"data_set_value_component_Myofilaments_variable_ExtensionRatio":1.0,"data_set_value_component_Myofilaments_variable_dExtensionRatiodt":0.0,"data_set_value_component_Myofilaments_variable_lambda_prev":1.0,"data_set_value_component_filament_overlap_variable_overlap":1.0,"data_set_value_component_filament_overlap_variable_beta_0":4.9,"data_set_value_component_length_independent_tension_variable_T_ref":56.2,"data_set_value_component_length_independent_tension_variable_T_Base":0.8360687419,"data_set_value_component_isometric_tension_variable_T_0":0.8360687419,"data_set_value_component_Cross_Bridges_variable_Q":0.0,"data_set_value_component_Cross_Bridges_variable_a":0.35,"data_set_value_component_Cross_Bridges_variable_Q_1":0.0,"data_set_value_component_Cross_Bridges_variable_Q_2":0.0,"data_set_value_component_Cross_Bridges_variable_Q_3":0.0,"data_set_value_component_Cross_Bridges_variable_A_1":-29.0,"data_set_value_component_Cross_Bridges_variable_A_2":138.0,"data_set_value_component_Cross_Bridges_variable_A_3":129.0,"data_set_value_component_Cross_Bridges_variable_alpha_1":0.03,"data_set_value_component_Cross_Bridges_variable_alpha_2":0.13,"data_set_value_component_Cross_Bridges_variable_alpha_3":0.625,"data_set_value_component_Cross_Bridges_variable_Tension":0.8360687419},{"data_set_value_component_environment_variable_time":0.9,"data_set_value_component_intracellular_ion_concentrations_variable_Ca_i":0.00018433,"data_set_value_component_intracellular_ion_concentrations_variable_Ca_b":0.0030349831,"data_set_value_component_intracellular_ion_concentrations_variable_TRPN":0.0669650169,"data_set_value_component_tropomyosin_variable_z":0.0143967461,"data_set_value_component_tropomyosin_variable_z_max":0.967883801,"data_set_value_component_tropomyosin_variable_alpha_0":0.008,"data_set_value_component_tropomyosin_variable_alpha_r1":0.002,"data_set_value_component_tropomyosin_variable_alpha_r2":0.00175,"data_set_value_component_tropomyosin_variable_n_Rel":3.0,"data_set_value_component_tropomyosin_variable_K_z":0.15,"data_set_value_component_tropomyosin_variable_n_Hill":3.0,"data_set_value_component_tropomyosin_variable_Ca_50ref":0.00105,"data_set_value_component_tropomyosin_variable_z_p":0.85,"data_set_value_component_tropomyosin_variable_beta_1":-4.0,"data_set_value_component_tropomyosin_variable_Ca_50":0.00105,"data_set_value_component_tropomyosin_variable_Ca_TRPN_50":0.0288235294,"data_set_value_component_tropomyosin_variable_K_2":0.0017118977,"data_set_value_component_tropomyosin_variable_K_1":0.0000335735,"data_set_value_component_tropomyosin_variable_alpha_Tm":0.0000093394,"data_set_value_component_tropomyosin_variable_beta_Tm":0.0021073765,"data_set_value_component_troponin_variable_J_TRPN":-0.0006318839,"data_set_value_component_troponin_variable_Ca_TRPN_Max":0.07,"data_set_value_component_troponin_variable_k_off":0.1985125543,"data_set_value_component_troponin_variable_k_on":100.0,"data_set_value_component_troponin_variable_k_Ref_off":0.2,"data_set_value_component_troponin_variable_gamma_trpn":2.0,"data_set_value_component_Myofilaments_variable_lambda":1.0,"data_set_value_component_Myofilaments_variable_ExtensionRatio":1.0,"data_set_value_component_Myofilaments_variable_dExtensionRatiodt":0.0,"data_set_value_component_Myofilaments_variable_lambda_prev":1.0,"data_set_value_component_filament_overlap_variable_overlap":1.0,"data_set_value_component_filament_overlap_variable_beta_0":4.9,"data_set_value_component_length_independent_tension_variable_T_ref":56.2,"data_set_value_component_length_independent_tension_variable_T_Base":0.8359444884,"data_set_value_component_isometric_tension_variable_T_0":0.8359444884,"data_set_value_component_Cross_Bridges_variable_Q":0.0,"data_set_value_component_Cross_Bridges_variable_a":0.35,"data_set_value_component_Cross_Bridges_variable_Q_1":0.0,"data_set_value_component_Cross_Bridges_variable_Q_2":0.0,"data_set_value_component_Cross_Bridges_variable_Q_3":0.0,"data_set_value_component_Cross_Bridges_variable_A_1":-29.0,"data_set_value_component_Cross_Bridges_variable_A_2":138.0,"data_set_value_component_Cross_Bridges_variable_A_3":129.0,"data_set_value_component_Cross_Bridges_variable_alpha_1":0.03,"data_set_value_component_Cross_Bridges_variable_alpha_2":0.13,"data_set_value_component_Cross_Bridges_variable_alpha_3":0.625,"data_set_value_component_Cross_Bridges_variable_Tension":0.8359444884},{"data_set_value_component_environment_variable_time":1.0,"data_set_value_component_intracellular_ion_concentrations_variable_Ca_i":0.00012148,"data_set_value_component_intracellular_ion_concentrations_variable_Ca_b":0.0030973904,"data_set_value_component_intracellular_ion_concentrations_variable_TRPN":0.0669026096,"data_set_value_component_tropomyosin_variable_z":0.0143946624,"data_set_value_component_tropomyosin_variable_z_max":0.967883801,"data_set_value_component_tropomyosin_variable_alpha_0":0.008,"data_set_value_component_tropomyosin_variable_alpha_r1":0.002,"data_set_value_component_tropomyosin_variable_alpha_r2":0.00175,"data_set_value_component_tropomyosin_variable_n_Rel":3.0,"data_set_value_component_tropomyosin_variable_K_z":0.15,"data_set_value_component_tropomyosin_variable_n_Hill":3.0,"data_set_value_component_tropomyosin_variable_Ca_50ref":0.00105,"data_set_value_component_tropomyosin_variable_z_p":0.85,"data_set_value_component_tropomyosin_variable_beta_1":-4.0,"data_set_value_component_tropomyosin_variable_Ca_50":0.00105,"data_set_value_component_tropomyosin_variable_Ca_TRPN_50":0.0288235294,"data_set_value_component_tropomyosin_variable_K_2":0.0017118977,"data_set_value_component_tropomyosin_variable_K_1":0.0000335735,"data_set_value_component_tropomyosin_variable_alpha_Tm":0.0000099274,"data_set_value_component_tropomyosin_variable_beta_Tm":0.0021073454,"data_set_value_component_troponin_variable_J_TRPN":-0.0001978614,"data_set_value_component_troponin_variable_Ca_TRPN_Max":0.07,"data_set_value_component_troponin_variable_k_off":0.1985127696,"data_set_value_component_troponin_variable_k_on":100.0,"data_set_value_component_troponin_variable_k_Ref_off":0.2,"data_set_value_component_troponin_variable_gamma_trpn":2.0,"data_set_value_component_Myofilaments_variable_lambda":1.0,"data_set_value_component_Myofilaments_variable_ExtensionRatio":1.0,"data_set_value_component_Myofilaments_variable_dExtensionRatiodt":0.0,"data_set_value_component_Myofilaments_variable_lambda_prev":1.0,"data_set_value_component_filament_overlap_variable_overlap":1.0,"data_set_value_component_filament_overlap_variable_beta_0":4.9,"data_set_value_component_length_independent_tension_variable_T_ref":56.2,"data_set_value_component_length_independent_tension_variable_T_Base":0.8358235027,"data_set_value_component_isometric_tension_variable_T_0":0.8358235027,"data_set_value_component_Cross_Bridges_variable_Q":0.0,"data_set_value_component_Cross_Bridges_variable_a":0.35,"data_set_value_component_Cross_Bridges_variable_Q_1":0.0,"data_set_value_component_Cross_Bridges_variable_Q_2":0.0,"data_set_value_component_Cross_Bridges_variable_Q_3":0.0,"data_set_value_component_Cross_Bridges_variable_A_1":-29.0,"data_set_value_component_Cross_Bridges_variable_A_2":138.0,"data_set_value_component_Cross_Bridges_variable_A_3":129.0,"data_set_value_component_Cross_Bridges_variable_alpha_1":0.03,"data_set_value_component_Cross_Bridges_variable_alpha_2":0.13,"data_set_value_component_Cross_Bridges_variable_alpha_3":0.625,"data_set_value_component_Cross_Bridges_variable_Tension":0.8358235027}]