[{"data_set_value_component_environment_variable_time":0.0,"data_set_value_component_C1_variable_C1":0.125,"data_set_value_component_C2_variable_C2":0.125,"data_set_value_component_C3_variable_C3":0.125,"data_set_value_component_C4_variable_C4":0.125,"data_set_value_component_C5_variable_C5":0.125,"data_set_value_component_O1_variable_O1":0.125,"data_set_value_component_O2_variable_O2":0.125,"data_set_value_component_O3_variable_O3":0.125,"data_set_value_component_reaction_constants_variable_C1C2":2.5,"data_set_value_component_reaction_constants_variable_C2C1":13.3,"data_set_value_component_reaction_constants_variable_C2C3":68.0,"data_set_value_component_reaction_constants_variable_C3C2":8000.0,"data_set_value_component_reaction_constants_variable_C3O2":17.0,"data_set_value_component_reaction_constants_variable_O2C3":92.0,"data_set_value_component_reaction_constants_variable_O2C4":1900.0,"data_set_value_component_reaction_constants_variable_C4O2":520.0,"data_set_value_component_reaction_constants_variable_C3O3":14.0,"data_set_value_component_reaction_constants_variable_O3C3":138.0,"data_set_value_component_reaction_constants_variable_O3C4":300.0,"data_set_value_component_reaction_constants_variable_C4O3":46.0,"data_set_value_component_reaction_constants_variable_C3O1":1100.0,"data_set_value_component_reaction_constants_variable_O1C3":3400.0,"data_set_value_component_reaction_constants_variable_C2C5":0.13,"data_set_value_component_reaction_constants_variable_C5C2":3.6,"data_set_value_component_reaction_constants_variable_Ca":20.0},{"data_set_value_component_environment_variable_time":0.1,"data_set_value_component_C1_variable_C1":-0.0300548972,"data_set_value_component_C2_variable_C2":-0.2663920054,"data_set_value_component_C3_variable_C3":-0.0452152083,"data_set_value_component_C4_variable_C4":0.0001612179,"data_set_value_component_C5_variable_C5":0.087393837,"data_set_value_component_O1_variable_O1":-0.0146733257,"data_set_value_component_O2_variable_O2":-0.0002269795,"data_set_value_component_O3_variable_O3":-0.0012224912,"data_set_value_component_reaction_constants_variable_C1C2":2.5,"data_set_value_component_reaction_constants_variable_C2C1":13.3,"data_set_value_component_reaction_constants_variable_C2C3":68.0,"data_set_value_component_reaction_constants_variable_C3C2":8000.0,"data_set_value_component_reaction_constants_variable_C3O2":17.0,"data_set_value_component_reaction_constants_variable_O2C3":92.0,"data_set_value_component_reaction_constants_variable_O2C4":1900.0,"data_set_value_component_reaction_constants_variable_C4O2":520.0,"data_set_value_component_reaction_constants_variable_C3O3":14.0,"data_set_value_component_reaction_constants_variable_O3C3":138.0,"data_set_value_component_reaction_constants_variable_O3C4":300.0,"data_set_value_component_reaction_constants_variable_C4O3":46.0,"data_set_value_component_reaction_constants_variable_C3O1":1100.0,"data_set_value_component_reaction_constants_variable_O1C3":3400.0,"data_set_value_component_reaction_constants_variable_C2C5":0.13,"data_set_value_component_reaction_constants_variable_C5C2":3.6,"data_set_value_component_reaction_constants_variable_Ca":20.0},{"data_set_value_component_environment_variable_time":0.2,"data_set_value_component_C1_variable_C1":-0.0676145874,"data_set_value_component_C2_variable_C2":0.1054184369,"data_set_value_component_C3_variable_C3":0.0180175373,"data_set_value_component_C4_variable_C4":0.0100466139,"data_set_value_component_C5_variable_C5":0.061232051,"data_set_value_component_O1_variable_O1":0.0058897496,"data_set_value_component_O2_variable_O2":0.0027690114,"data_set_value_component_O3_variable_O3":0.0016500806,"data_set_value_component_reaction_constants_variable_C1C2":2.5,"data_set_value_component_reaction_constants_variable_C2C1":13.3,"data_set_value_component_reaction_constants_variable_C2C3":68.0,"data_set_value_component_reaction_constants_variable_C3C2":8000.0,"data_set_value_component_reaction_constants_variable_C3O2":17.0,"data_set_value_component_reaction_constants_variable_O2C3":92.0,"data_set_value_component_reaction_constants_variable_O2C4":1900.0,"data_set_value_component_reaction_constants_variable_C4O2":520.0,"data_set_value_component_reaction_constants_variable_C3O3":14.0,"data_set_value_component_reaction_constants_variable_O3C3":138.0,"data_set_value_component_reaction_constants_variable_O3C4":300.0,"data_set_value_component_reaction_constants_variable_C4O3":46.0,"data_set_value_component_reaction_constants_variable_C3O1":1100.0,"data_set_value_component_reaction_constants_variable_O1C3":3400.0,"data_set_value_component_reaction_constants_variable_C2C5":0.13,"data_set_value_component_reaction_constants_variable_C5C2":3.6,"data_set_value_component_reaction_constants_variable_Ca":20.0},{"data_set_value_component_environment_variable_time":0.3,"data_set_value_component_C1_variable_C1":0.0564811787,"data_set_value_component_C2_variable_C2":-0.0237374085,"data_set_value_component_C3_variable_C3":-0.004121613,"data_set_value_component_C4_variable_C4":-0.0053170849,"data_set_value_component_C5_variable_C5":0.0423067,"data_set_value_component_O1_variable_O1":-0.0013754923,"data_set_value_component_O2_variable_O2":-0.0014332686,"data_set_value_component_O3_variable_O3":-0.0007341463,"data_set_value_component_reaction_constants_variable_C1C2":2.5,"data_set_value_component_reaction_constants_variable_C2C1":13.3,"data_set_value_component_reaction_constants_variable_C2C3":68.0,"data_set_value_component_reaction_constants_variable_C3C2":8000.0,"data_set_value_component_reaction_constants_variable_C3O2":17.0,"data_set_value_component_reaction_constants_variable_O2C3":92.0,"data_set_value_component_reaction_constants_variable_O2C4":1900.0,"data_set_value_component_reaction_constants_variable_C4O2":520.0,"data_set_value_component_reaction_constants_variable_C3O3":14.0,"data_set_value_component_reaction_constants_variable_O3C3":138.0,"data_set_value_component_reaction_constants_variable_O3C4":300.0,"data_set_value_component_reaction_constants_variable_C4O3":46.0,"data_set_value_component_reaction_constants_variable_C3O1":1100.0,"data_set_value_component_reaction_constants_variable_O1C3":3400.0,"data_set_value_component_reaction_constants_variable_C2C5":0.13,"data_set_value_component_reaction_constants_variable_C5C2":3.6,"data_set_value_component_reaction_constants_variable_Ca":20.0},{"data_set_value_component_environment_variable_time":0.4,"data_set_value_component_C1_variable_C1":-0.0376467923,"data_set_value_component_C2_variable_C2":-0.0081457137,"data_set_value_component_C3_variable_C3":-0.0013341968,"data_set_value_component_C4_variable_C4":0.0020651207,"data_set_value_component_C5_variable_C5":0.0297962045,"data_set_value_component_O1_variable_O1":-0.0004110797,"data_set_value_component_O2_variable_O2":0.0005392063,"data_set_value_component_O3_variable_O3":0.0002089763,"data_set_value_component_reaction_constants_variable_C1C2":2.5,"data_set_value_component_reaction_constants_variable_C2C1":13.3,"data_set_value_component_reaction_constants_variable_C2C3":68.0,"data_set_value_component_reaction_constants_variable_C3C2":8000.0,"data_set_value_component_reaction_constants_variable_C3O2":17.0,"data_set_value_component_reaction_constants_variable_O2C3":92.0,"data_set_value_component_reaction_constants_variable_O2C4":1900.0,"data_set_value_component_reaction_constants_variable_C4O2":520.0,"data_set_value_component_reaction_constants_variable_C3O3":14.0,"data_set_value_component_reaction_constants_variable_O3C3":138.0,"data_set_value_component_reaction_constants_variable_O3C4":300.0,"data_set_value_component_reaction_constants_variable_C4O3":46.0,"data_set_value_component_reaction_constants_variable_C3O1":1100.0,"data_set_value_component_reaction_constants_variable_O1C3":3400.0,"data_set_value_component_reaction_constants_variable_C2C5":0.13,"data_set_value_component_reaction_constants_variable_C5C2":3.6,"data_set_value_component_reaction_constants_variable_Ca":20.0},{"data_set_value_component_environment_variable_time":0.5,"data_set_value_component_C1_variable_C1":0.0136282081,"data_set_value_component_C2_variable_C2":0.0131023598,"data_set_value_component_C3_variable_C3":0.0022061144,"data_set_value_component_C4_variable_C4":-0.0004322553,"data_set_value_component_C5_variable_C5":0.0206477144,"data_set_value_component_O1_variable_O1":0.0007069374,"data_set_value_component_O2_variable_O2":-0.0001013942,"data_set_value_component_O3_variable_O3":0.0000064249,"data_set_value_component_reaction_constants_variable_C1C2":2.5,"data_set_value_component_reaction_constants_variable_C2C1":13.3,"data_set_value_component_reaction_constants_variable_C2C3":68.0,"data_set_value_component_reaction_constants_variable_C3C2":8000.0,"data_set_value_component_reaction_constants_variable_C3O2":17.0,"data_set_value_component_reaction_constants_variable_O2C3":92.0,"data_set_value_component_reaction_constants_variable_O2C4":1900.0,"data_set_value_component_reaction_constants_variable_C4O2":520.0,"data_set_value_component_reaction_constants_variable_C3O3":14.0,"data_set_value_component_reaction_constants_variable_O3C3":138.0,"data_set_value_component_reaction_constants_variable_O3C4":300.0,"data_set_value_component_reaction_constants_variable_C4O3":46.0,"data_set_value_component_reaction_constants_variable_C3O1":1100.0,"data_set_value_component_reaction_constants_variable_O1C3":3400.0,"data_set_value_component_reaction_constants_variable_C2C5":0.13,"data_set_value_component_reaction_constants_variable_C5C2":3.6,"data_set_value_component_reaction_constants_variable_Ca":20.0},{"data_set_value_component_environment_variable_time":0.6,"data_set_value_component_C1_variable_C1":-0.0048298273,"data_set_value_component_C2_variable_C2":-0.0096089733,"data_set_value_component_C3_variable_C3":-0.0016284644,"data_set_value_component_C4_variable_C4":-0.0002125661,"data_set_value_component_C5_variable_C5":0.0144497646,"data_set_value_component_O1_variable_O1":-0.0005264206,"data_set_value_component_O2_variable_O2":-0.0000660094,"data_set_value_component_O3_variable_O3":-0.0000673311,"data_set_value_component_reaction_constants_variable_C1C2":2.5,"data_set_value_component_reaction_constants_variable_C2C1":13.3,"data_set_value_component_reaction_constants_variable_C2C3":68.0,"data_set_value_component_reaction_constants_variable_C3C2":8000.0,"data_set_value_component_reaction_constants_variable_C3O2":17.0,"data_set_value_component_reaction_constants_variable_O2C3":92.0,"data_set_value_component_reaction_constants_variable_O2C4":1900.0,"data_set_value_component_reaction_constants_variable_C4O2":520.0,"data_set_value_component_reaction_constants_variable_C3O3":14.0,"data_set_value_component_reaction_constants_variable_O3C3":138.0,"data_set_value_component_reaction_constants_variable_O3C4":300.0,"data_set_value_component_reaction_constants_variable_C4O3":46.0,"data_set_value_component_reaction_constants_variable_C3O1":1100.0,"data_set_value_component_reaction_constants_variable_O1C3":3400.0,"data_set_value_component_reaction_constants_variable_C2C5":0.13,"data_set_value_component_reaction_constants_variable_C5C2":3.6,"data_set_value_component_reaction_constants_variable_Ca":20.0},{"data_set_value_component_environment_variable_time":0.7,"data_set_value_component_C1_variable_C1":-0.00148999,"data_set_value_component_C2_variable_C2":0.0047161488,"data_set_value_component_C3_variable_C3":0.0008029786,"data_set_value_component_C4_variable_C4":0.0002761301,"data_set_value_component_C5_variable_C5":0.0100773699,"data_set_value_component_O1_variable_O1":0.0002612199,"data_set_value_component_O2_variable_O2":0.0000779387,"data_set_value_component_O3_variable_O3":0.0000534669,"data_set_value_component_reaction_constants_variable_C1C2":2.5,"data_set_value_component_reaction_constants_variable_C2C1":13.3,"data_set_value_component_reaction_constants_variable_C2C3":68.0,"data_set_value_component_reaction_constants_variable_C3C2":8000.0,"data_set_value_component_reaction_constants_variable_C3O2":17.0,"data_set_value_component_reaction_constants_variable_O2C3":92.0,"data_set_value_component_reaction_constants_variable_O2C4":1900.0,"data_set_value_component_reaction_constants_variable_C4O2":520.0,"data_set_value_component_reaction_constants_variable_C3O3":14.0,"data_set_value_component_reaction_constants_variable_O3C3":138.0,"data_set_value_component_reaction_constants_variable_O3C4":300.0,"data_set_value_component_reaction_constants_variable_C4O3":46.0,"data_set_value_component_reaction_constants_variable_C3O1":1100.0,"data_set_value_component_reaction_constants_variable_O1C3":3400.0,"data_set_value_component_reaction_constants_variable_C2C5":0.13,"data_set_value_component_reaction_constants_variable_C5C2":3.6,"data_set_value_component_reaction_constants_variable_Ca":20.0},{"data_set_value_component_environment_variable_time":0.8,"data_set_value_component_C1_variable_C1":0.001158943,"data_set_value_component_C2_variable_C2":-0.0017030243,"data_set_value_component_C3_variable_C3":-0.0002919814,"data_set_value_component_C4_variable_C4":-0.0002038844,"data_set_value_component_C5_variable_C5":0.0070204102,"data_set_value_component_O1_variable_O1":-0.0000958474,"data_set_value_component_O2_variable_O2":-0.0000557557,"data_set_value_component_O3_variable_O3":-0.0000316059,"data_set_value_component_reaction_constants_variable_C1C2":2.5,"data_set_value_component_reaction_constants_variable_C2C1":13.3,"data_set_value_component_reaction_constants_variable_C2C3":68.0,"data_set_value_component_reaction_constants_variable_C3C2":8000.0,"data_set_value_component_reaction_constants_variable_C3O2":17.0,"data_set_value_component_reaction_constants_variable_O2C3":92.0,"data_set_value_component_reaction_constants_variable_O2C4":1900.0,"data_set_value_component_reaction_constants_variable_C4O2":520.0,"data_set_value_component_reaction_constants_variable_C3O3":14.0,"data_set_value_component_reaction_constants_variable_O3C3":138.0,"data_set_value_component_reaction_constants_variable_O3C4":300.0,"data_set_value_component_reaction_constants_variable_C4O3":46.0,"data_set_value_component_reaction_constants_variable_C3O1":1100.0,"data_set_value_component_reaction_constants_variable_O1C3":3400.0,"data_set_value_component_reaction_constants_variable_C2C5":0.13,"data_set_value_component_reaction_constants_variable_C5C2":3.6,"data_set_value_component_reaction_constants_variable_Ca":20.0},{"data_set_value_component_environment_variable_time":0.9,"data_set_value_component_C1_variable_C1":-0.0016254922,"data_set_value_component_C2_variable_C2":0.0001306771,"data_set_value_component_C3_variable_C3":0.0000240313,"data_set_value_component_C4_variable_C4":0.0000919424,"data_set_value_component_C5_variable_C5":0.0049068009,"data_set_value_component_O1_variable_O1":0.0000085984,"data_set_value_component_O2_variable_O2":0.000024503,"data_set_value_component_O3_variable_O3":0.0000114854,"data_set_value_component_reaction_constants_variable_C1C2":2.5,"data_set_value_component_reaction_constants_variable_C2C1":13.3,"data_set_value_component_reaction_constants_variable_C2C3":68.0,"data_set_value_component_reaction_constants_variable_C3C2":8000.0,"data_set_value_component_reaction_constants_variable_C3O2":17.0,"data_set_value_component_reaction_constants_variable_O2C3":92.0,"data_set_value_component_reaction_constants_variable_O2C4":1900.0,"data_set_value_component_reaction_constants_variable_C4O2":520.0,"data_set_value_component_reaction_constants_variable_C3O3":14.0,"data_set_value_component_reaction_constants_variable_O3C3":138.0,"data_set_value_component_reaction_constants_variable_O3C4":300.0,"data_set_value_component_reaction_constants_variable_C4O3":46.0,"data_set_value_component_reaction_constants_variable_C3O1":1100.0,"data_set_value_component_reaction_constants_variable_O1C3":3400.0,"data_set_value_component_reaction_constants_variable_C2C5":0.13,"data_set_value_component_reaction_constants_variable_C5C2":3.6,"data_set_value_component_reaction_constants_variable_Ca":20.0},{"data_set_value_component_environment_variable_time":1.0,"data_set_value_component_C1_variable_C1":0.0004126847,"data_set_value_component_C2_variable_C2":0.0002730938,"data_set_value_component_C3_variable_C3":0.0000454808,"data_set_value_component_C4_variable_C4":-0.0000350338,"data_set_value_component_C5_variable_C5":0.0034174858,"data_set_value_component_O1_variable_O1":0.0000143583,"data_set_value_component_O2_variable_O2":-0.0000090112,"data_set_value_component_O3_variable_O3":-0.0000029372,"data_set_value_component_reaction_constants_variable_C1C2":2.5,"data_set_value_component_reaction_constants_variable_C2C1":13.3,"data_set_value_component_reaction_constants_variable_C2C3":68.0,"data_set_value_component_reaction_constants_variable_C3C2":8000.0,"data_set_value_component_reaction_constants_variable_C3O2":17.0,"data_set_value_component_reaction_constants_variable_O2C3":92.0,"data_set_value_component_reaction_constants_variable_O2C4":1900.0,"data_set_value_component_reaction_constants_variable_C4O2":520.0,"data_set_value_component_reaction_constants_variable_C3O3":14.0,"data_set_value_component_reaction_constants_variable_O3C3":138.0,"data_set_value_component_reaction_constants_variable_O3C4":300.0,"data_set_value_component_reaction_constants_variable_C4O3":46.0,"data_set_value_component_reaction_constants_variable_C3O1":1100.0,"data_set_value_component_reaction_constants_variable_O1C3":3400.0,"data_set_value_component_reaction_constants_variable_C2C5":0.13,"data_set_value_component_reaction_constants_variable_C5C2":3.6,"data_set_value_component_reaction_constants_variable_Ca":20.0}]