[{"data_generator_U":50.0,"data_generator_V":-60.0},{"data_generator_U":50.01088,"data_generator_V":-55.733833},{"data_generator_U":50.034328,"data_generator_V":-50.14502},{"data_generator_U":51.325516,"data_generator_V":-32.165577},{"data_generator_U":61.165165,"data_generator_V":11.138277},{"data_generator_U":71.324463,"data_generator_V":3.0834732},{"data_generator_U":82.362556,"data_generator_V":-3.2161734},{"data_generator_U":93.68586,"data_generator_V":-9.2012939},{"data_generator_U":104.72839,"data_generator_V":-17.022306},{"data_generator_U":113.30607,"data_generator_V":-35.271889},{"data_generator_U":113.58991,"data_generator_V":-73.986382},{"data_generator_U":113.36571,"data_generator_V":-82.52858},{"data_generator_U":113.15105,"data_generator_V":-83.961975},{"data_generator_U":112.93873,"data_generator_V":-84.159866},{"data_generator_U":112.72746,"data_generator_V":-84.141487},{"data_generator_U":112.51704,"data_generator_V":-84.08493},{"data_generator_U":112.30742,"data_generator_V":-84.021553},{"data_generator_U":112.09859,"data_generator_V":-83.956825},{"data_generator_U":111.89053,"data_generator_V":-83.891762},{"data_generator_U":111.68326,"data_generator_V":-83.826523},{"data_generator_U":111.47676,"data_generator_V":-83.761131},{"data_generator_U":111.27103,"data_generator_V":-83.695618},{"data_generator_U":111.06607,"data_generator_V":-83.629974},{"data_generator_U":110.86188,"data_generator_V":-83.564194},{"data_generator_U":110.65844,"data_generator_V":-83.498291},{"data_generator_U":110.45576,"data_generator_V":-83.432259},{"data_generator_U":110.25384,"data_generator_V":-83.366104},{"data_generator_U":110.05266,"data_generator_V":-83.299828},{"data_generator_U":109.85223,"data_generator_V":-83.233421},{"data_generator_U":109.65254,"data_generator_V":-83.166901},{"data_generator_U":109.45359,"data_generator_V":-83.100266},{"data_generator_U":109.25537,"data_generator_V":-83.033508},{"data_generator_U":109.05789,"data_generator_V":-82.966637},{"data_generator_U":108.86114,"data_generator_V":-82.899651},{"data_generator_U":108.66511,"data_generator_V":-82.83255},{"data_generator_U":108.4698,"data_generator_V":-82.765335},{"data_generator_U":108.27521,"data_generator_V":-82.698013},{"data_generator_U":108.08134,"data_generator_V":-82.630585},{"data_generator_U":107.88817,"data_generator_V":-82.563049},{"data_generator_U":107.69571,"data_generator_V":-82.495407},{"data_generator_U":107.50396,"data_generator_V":-82.427666},{"data_generator_U":107.31291,"data_generator_V":-82.359818},{"data_generator_U":107.12256,"data_generator_V":-82.291862},{"data_generator_U":106.9329,"data_generator_V":-82.223816},{"data_generator_U":106.74393,"data_generator_V":-82.15567},{"data_generator_U":106.55565,"data_generator_V":-82.087433},{"data_generator_U":106.36806,"data_generator_V":-82.019089},{"data_generator_U":106.18114,"data_generator_V":-81.950661},{"data_generator_U":105.9949,"data_generator_V":-81.882133},{"data_generator_U":105.80935,"data_generator_V":-81.813522},{"data_generator_U":105.62446,"data_generator_V":-81.74482},{"data_generator_U":105.44024,"data_generator_V":-81.676025},{"data_generator_U":105.25668,"data_generator_V":-81.607147},{"data_generator_U":105.07379,"data_generator_V":-81.538185},{"data_generator_U":104.89156,"data_generator_V":-81.469139},{"data_generator_U":104.70999,"data_generator_V":-81.400009},{"data_generator_U":104.52907,"data_generator_V":-81.330803},{"data_generator_U":104.34879,"data_generator_V":-81.261513},{"data_generator_U":104.16917,"data_generator_V":-81.192146},{"data_generator_U":103.99019,"data_generator_V":-81.122704},{"data_generator_U":103.81185,"data_generator_V":-81.053185},{"data_generator_U":103.63415,"data_generator_V":-80.983589},{"data_generator_U":103.45708,"data_generator_V":-80.913925},{"data_generator_U":103.28065,"data_generator_V":-80.844193},{"data_generator_U":103.10485,"data_generator_V":-80.774391},{"data_generator_U":102.92967,"data_generator_V":-80.704514},{"data_generator_U":102.75512,"data_generator_V":-80.634575},{"data_generator_U":102.58118,"data_generator_V":-80.564568},{"data_generator_U":102.40787,"data_generator_V":-80.494499},{"data_generator_U":102.23517,"data_generator_V":-80.42437},{"data_generator_U":102.06308,"data_generator_V":-80.354172},{"data_generator_U":101.89159,"data_generator_V":-80.28392},{"data_generator_U":101.72073,"data_generator_V":-80.213608},{"data_generator_U":101.55045,"data_generator_V":-80.143234},{"data_generator_U":101.38078,"data_generator_V":-80.072807},{"data_generator_U":101.21172,"data_generator_V":-80.002327},{"data_generator_U":101.04324,"data_generator_V":-79.931786},{"data_generator_U":100.87535,"data_generator_V":-79.861198},{"data_generator_U":100.70806,"data_generator_V":-79.790558},{"data_generator_U":100.54135,"data_generator_V":-79.719864},{"data_generator_U":100.37523,"data_generator_V":-79.649124},{"data_generator_U":100.20969,"data_generator_V":-79.578339},{"data_generator_U":100.04472,"data_generator_V":-79.507507},{"data_generator_U":99.880341,"data_generator_V":-79.436623},{"data_generator_U":99.71653,"data_generator_V":-79.3657},{"data_generator_U":99.553291,"data_generator_V":-79.294739},{"data_generator_U":99.390617,"data_generator_V":-79.223732},{"data_generator_U":99.228508,"data_generator_V":-79.152679},{"data_generator_U":99.066971,"data_generator_V":-79.081596},{"data_generator_U":98.905983,"data_generator_V":-79.010468},{"data_generator_U":98.74556,"data_generator_V":-78.939308},{"data_generator_U":98.585693,"data_generator_V":-78.868111},{"data_generator_U":98.426376,"data_generator_V":-78.796875},{"data_generator_U":98.267616,"data_generator_V":-78.725601},{"data_generator_U":98.109398,"data_generator_V":-78.654305},{"data_generator_U":97.951729,"data_generator_V":-78.58297},{"data_generator_U":97.794601,"data_generator_V":-78.511612},{"data_generator_U":97.638008,"data_generator_V":-78.440216},{"data_generator_U":97.481964,"data_generator_V":-78.368797},{"data_generator_U":97.326447,"data_generator_V":-78.297348},{"data_generator_U":97.171471,"data_generator_V":-78.225876},{"data_generator_U":97.017021,"data_generator_V":-78.154373},{"data_generator_U":96.863098,"data_generator_V":-78.082848},{"data_generator_U":96.709709,"data_generator_V":-78.011299},{"data_generator_U":96.556839,"data_generator_V":-77.939735},{"data_generator_U":96.404488,"data_generator_V":-77.868141},{"data_generator_U":96.252655,"data_generator_V":-77.796532},{"data_generator_U":96.101341,"data_generator_V":-77.724899},{"data_generator_U":95.950546,"data_generator_V":-77.653244},{"data_generator_U":95.800262,"data_generator_V":-77.581581},{"data_generator_U":95.650482,"data_generator_V":-77.509895},{"data_generator_U":95.501213,"data_generator_V":-77.438194},{"data_generator_U":95.352448,"data_generator_V":-77.366478},{"data_generator_U":95.204193,"data_generator_V":-77.294746},{"data_generator_U":95.056427,"data_generator_V":-77.223007},{"data_generator_U":94.909164,"data_generator_V":-77.151253},{"data_generator_U":94.762405,"data_generator_V":-77.079483},{"data_generator_U":94.616135,"data_generator_V":-77.007706},{"data_generator_U":94.470352,"data_generator_V":-76.935921},{"data_generator_U":94.325066,"data_generator_V":-76.86412},{"data_generator_U":94.18026,"data_generator_V":-76.792313},{"data_generator_U":94.035942,"data_generator_V":-76.720505},{"data_generator_U":93.892113,"data_generator_V":-76.648682},{"data_generator_U":93.748756,"data_generator_V":-76.576851},{"data_generator_U":93.605888,"data_generator_V":-76.50502},{"data_generator_U":93.463486,"data_generator_V":-76.433182},{"data_generator_U":93.321564,"data_generator_V":-76.361343},{"data_generator_U":93.180115,"data_generator_V":-76.289497},{"data_generator_U":93.039139,"data_generator_V":-76.217651},{"data_generator_U":92.898628,"data_generator_V":-76.145805},{"data_generator_U":92.758583,"data_generator_V":-76.073952},{"data_generator_U":92.619003,"data_generator_V":-76.002106},{"data_generator_U":92.479881,"data_generator_V":-75.930252},{"data_generator_U":92.341225,"data_generator_V":-75.858406},{"data_generator_U":92.203026,"data_generator_V":-75.786552},{"data_generator_U":92.065285,"data_generator_V":-75.714706},{"data_generator_U":91.927994,"data_generator_V":-75.64286},{"data_generator_U":91.791161,"data_generator_V":-75.571022},{"data_generator_U":91.65477,"data_generator_V":-75.499176},{"data_generator_U":91.518829,"data_generator_V":-75.427345},{"data_generator_U":91.383339,"data_generator_V":-75.355515},{"data_generator_U":91.248291,"data_generator_V":-75.283684},{"data_generator_U":91.113686,"data_generator_V":-75.211868},{"data_generator_U":90.979515,"data_generator_V":-75.140053},{"data_generator_U":90.845787,"data_generator_V":-75.068245},{"data_generator_U":90.712502,"data_generator_V":-74.996437},{"data_generator_U":90.579643,"data_generator_V":-74.924644},{"data_generator_U":90.44722,"data_generator_V":-74.852859},{"data_generator_U":90.315224,"data_generator_V":-74.781075},{"data_generator_U":90.183662,"data_generator_V":-74.709305},{"data_generator_U":90.052521,"data_generator_V":-74.637543},{"data_generator_U":89.921814,"data_generator_V":-74.565788},{"data_generator_U":89.791519,"data_generator_V":-74.494049},{"data_generator_U":89.661659,"data_generator_V":-74.42231},{"data_generator_U":89.532211,"data_generator_V":-74.350586},{"data_generator_U":89.403175,"data_generator_V":-74.27887},{"data_generator_U":89.274567,"data_generator_V":-74.207169},{"data_generator_U":89.146362,"data_generator_V":-74.135475},{"data_generator_U":89.018578,"data_generator_V":-74.063789},{"data_generator_U":88.891197,"data_generator_V":-73.992119},{"data_generator_U":88.764229,"data_generator_V":-73.920456},{"data_generator_U":88.637672,"data_generator_V":-73.848808},{"data_generator_U":88.511513,"data_generator_V":-73.777168},{"data_generator_U":88.385757,"data_generator_V":-73.705544},{"data_generator_U":88.260406,"data_generator_V":-73.633934},{"data_generator_U":88.13546,"data_generator_V":-73.562332},{"data_generator_U":88.01091,"data_generator_V":-73.490746},{"data_generator_U":87.886749,"data_generator_V":-73.419167},{"data_generator_U":87.762985,"data_generator_V":-73.347603},{"data_generator_U":87.639618,"data_generator_V":-73.276047},{"data_generator_U":87.51664,"data_generator_V":-73.204506},{"data_generator_U":87.394058,"data_generator_V":-73.13298},{"data_generator_U":87.271858,"data_generator_V":-73.061462},{"data_generator_U":87.15004,"data_generator_V":-72.98996},{"data_generator_U":87.02861,"data_generator_V":-72.918472},{"data_generator_U":86.90757,"data_generator_V":-72.846992},{"data_generator_U":86.786903,"data_generator_V":-72.77552},{"data_generator_U":86.666618,"data_generator_V":-72.704071},{"data_generator_U":86.546707,"data_generator_V":-72.632622},{"data_generator_U":86.427177,"data_generator_V":-72.561195},{"data_generator_U":86.308022,"data_generator_V":-72.489777},{"data_generator_U":86.18924,"data_generator_V":-72.418365},{"data_generator_U":86.070824,"data_generator_V":-72.34697},{"data_generator_U":85.952782,"data_generator_V":-72.275581},{"data_generator_U":85.835106,"data_generator_V":-72.204208},{"data_generator_U":85.717804,"data_generator_V":-72.132835},{"data_generator_U":85.600861,"data_generator_V":-72.061485},{"data_generator_U":85.484283,"data_generator_V":-71.990135},{"data_generator_U":85.368065,"data_generator_V":-71.9188},{"data_generator_U":85.252205,"data_generator_V":-71.847473},{"data_generator_U":85.136703,"data_generator_V":-71.776154},{"data_generator_U":85.021568,"data_generator_V":-71.704842},{"data_generator_U":84.906776,"data_generator_V":-71.633537},{"data_generator_U":84.792343,"data_generator_V":-71.562248},{"data_generator_U":84.678268,"data_generator_V":-71.490959},{"data_generator_U":84.564537,"data_generator_V":-71.41967},{"data_generator_U":84.451157,"data_generator_V":-71.348396},{"data_generator_U":84.338127,"data_generator_V":-71.277122},{"data_generator_U":84.225441,"data_generator_V":-71.205856},{"data_generator_U":84.113098,"data_generator_V":-71.134598},{"data_generator_U":84.001106,"data_generator_V":-71.063332},{"data_generator_U":83.88945,"data_generator_V":-70.992081},{"data_generator_U":83.778137,"data_generator_V":-70.920822},{"data_generator_U":83.66716,"data_generator_V":-70.849571},{"data_generator_U":83.556519,"data_generator_V":-70.77832},{"data_generator_U":83.446213,"data_generator_V":-70.707062},{"data_generator_U":83.336243,"data_generator_V":-70.635811},{"data_generator_U":83.226608,"data_generator_V":-70.564552},{"data_generator_U":83.117302,"data_generator_V":-70.493294},{"data_generator_U":83.008331,"data_generator_V":-70.422035},{"data_generator_U":82.899681,"data_generator_V":-70.350769},{"data_generator_U":82.791359,"data_generator_V":-70.279495},{"data_generator_U":82.683365,"data_generator_V":-70.208221},{"data_generator_U":82.575699,"data_generator_V":-70.136932},{"data_generator_U":82.468346,"data_generator_V":-70.065636},{"data_generator_U":82.36132,"data_generator_V":-69.994331},{"data_generator_U":82.254616,"data_generator_V":-69.923019},{"data_generator_U":82.148224,"data_generator_V":-69.851692},{"data_generator_U":82.042152,"data_generator_V":-69.780357},{"data_generator_U":81.936401,"data_generator_V":-69.709},{"data_generator_U":81.830956,"data_generator_V":-69.637634},{"data_generator_U":81.725822,"data_generator_V":-69.566246},{"data_generator_U":81.62101,"data_generator_V":-69.494843},{"data_generator_U":81.516495,"data_generator_V":-69.423416},{"data_generator_U":81.4123,"data_generator_V":-69.351974},{"data_generator_U":81.308403,"data_generator_V":-69.280502},{"data_generator_U":81.204811,"data_generator_V":-69.209015},{"data_generator_U":81.101532,"data_generator_V":-69.137497},{"data_generator_U":80.99855,"data_generator_V":-69.065948},{"data_generator_U":80.895866,"data_generator_V":-68.994377},{"data_generator_U":80.793488,"data_generator_V":-68.922775},{"data_generator_U":80.691406,"data_generator_V":-68.851135},{"data_generator_U":80.589622,"data_generator_V":-68.779472},{"data_generator_U":80.488136,"data_generator_V":-68.707764},{"data_generator_U":80.38694,"data_generator_V":-68.636017},{"data_generator_U":80.286034,"data_generator_V":-68.56424},{"data_generator_U":80.185425,"data_generator_V":-68.492409},{"data_generator_U":80.085106,"data_generator_V":-68.42054},{"data_generator_U":79.985077,"data_generator_V":-68.348625},{"data_generator_U":79.88533,"data_generator_V":-68.276665},{"data_generator_U":79.785873,"data_generator_V":-68.204651},{"data_generator_U":79.686707,"data_generator_V":-68.132584},{"data_generator_U":79.587814,"data_generator_V":-68.060463},{"data_generator_U":79.489204,"data_generator_V":-67.988289},{"data_generator_U":79.390884,"data_generator_V":-67.916054},{"data_generator_U":79.292831,"data_generator_V":-67.84375},{"data_generator_U":79.195061,"data_generator_V":-67.771385},{"data_generator_U":79.097572,"data_generator_V":-67.698952},{"data_generator_U":79.000351,"data_generator_V":-67.62645},{"data_generator_U":78.903412,"data_generator_V":-67.553871},{"data_generator_U":78.80674,"data_generator_V":-67.481216},{"data_generator_U":78.710335,"data_generator_V":-67.408485},{"data_generator_U":78.614204,"data_generator_V":-67.33567},{"data_generator_U":78.518341,"data_generator_V":-67.262772},{"data_generator_U":78.422752,"data_generator_V":-67.189781},{"data_generator_U":78.327415,"data_generator_V":-67.116699},{"data_generator_U":78.232353,"data_generator_V":-67.043518},{"data_generator_U":78.13755,"data_generator_V":-66.970245},{"data_generator_U":78.043007,"data_generator_V":-66.896866},{"data_generator_U":77.948723,"data_generator_V":-66.82338},{"data_generator_U":77.854706,"data_generator_V":-66.749779},{"data_generator_U":77.760941,"data_generator_V":-66.676064},{"data_generator_U":77.667427,"data_generator_V":-66.602234},{"data_generator_U":77.574173,"data_generator_V":-66.528282},{"data_generator_U":77.481171,"data_generator_V":-66.454201},{"data_generator_U":77.38842,"data_generator_V":-66.379982},{"data_generator_U":77.295921,"data_generator_V":-66.305634},{"data_generator_U":77.203667,"data_generator_V":-66.23114},{"data_generator_U":77.111664,"data_generator_V":-66.156502},{"data_generator_U":77.019905,"data_generator_V":-66.081711},{"data_generator_U":76.928398,"data_generator_V":-66.006767},{"data_generator_U":76.837128,"data_generator_V":-65.931656},{"data_generator_U":76.746101,"data_generator_V":-65.856384},{"data_generator_U":76.655312,"data_generator_V":-65.780937},{"data_generator_U":76.564766,"data_generator_V":-65.705307},{"data_generator_U":76.474457,"data_generator_V":-65.629494},{"data_generator_U":76.384377,"data_generator_V":-65.55349},{"data_generator_U":76.29454,"data_generator_V":-65.47728},{"data_generator_U":76.204933,"data_generator_V":-65.400871},{"data_generator_U":76.115555,"data_generator_V":-65.324249},{"data_generator_U":76.026413,"data_generator_V":-65.247414},{"data_generator_U":75.937492,"data_generator_V":-65.170341},{"data_generator_U":75.848808,"data_generator_V":-65.09304},{"data_generator_U":75.760345,"data_generator_V":-65.015495},{"data_generator_U":75.672104,"data_generator_V":-64.937706},{"data_generator_U":75.584091,"data_generator_V":-64.85965},{"data_generator_U":75.496292,"data_generator_V":-64.781326},{"data_generator_U":75.408714,"data_generator_V":-64.702728},{"data_generator_U":75.321358,"data_generator_V":-64.62384},{"data_generator_U":75.234215,"data_generator_V":-64.544662},{"data_generator_U":75.147293,"data_generator_V":-64.465172},{"data_generator_U":75.060577,"data_generator_V":-64.385361},{"data_generator_U":74.974075,"data_generator_V":-64.305222},{"data_generator_U":74.887787,"data_generator_V":-64.224747},{"data_generator_U":74.801704,"data_generator_V":-64.143913},{"data_generator_U":74.71582,"data_generator_V":-64.062721},{"data_generator_U":74.63015,"data_generator_V":-63.981152},{"data_generator_U":74.544685,"data_generator_V":-63.899185},{"data_generator_U":74.459412,"data_generator_V":-63.816814},{"data_generator_U":74.374344,"data_generator_V":-63.734028},{"data_generator_U":74.289474,"data_generator_V":-63.650803},{"data_generator_U":74.204803,"data_generator_V":-63.567123},{"data_generator_U":74.120323,"data_generator_V":-63.482979},{"data_generator_U":74.036034,"data_generator_V":-63.39835},{"data_generator_U":73.951935,"data_generator_V":-63.313217},{"data_generator_U":73.868027,"data_generator_V":-63.227558},{"data_generator_U":73.784302,"data_generator_V":-63.141357},{"data_generator_U":73.700768,"data_generator_V":-63.054592},{"data_generator_U":73.617409,"data_generator_V":-62.967239},{"data_generator_U":73.534241,"data_generator_V":-62.87928},{"data_generator_U":73.451241,"data_generator_V":-62.790684},{"data_generator_U":73.368423,"data_generator_V":-62.701431},{"data_generator_U":73.285774,"data_generator_V":-62.611492},{"data_generator_U":73.2033,"data_generator_V":-62.520836},{"data_generator_U":73.120995,"data_generator_V":-62.429436},{"data_generator_U":73.038857,"data_generator_V":-62.337261},{"data_generator_U":72.956886,"data_generator_V":-62.244278},{"data_generator_U":72.875069,"data_generator_V":-62.150448},{"data_generator_U":72.793419,"data_generator_V":-62.055737},{"data_generator_U":72.711929,"data_generator_V":-61.960102},{"data_generator_U":72.630585,"data_generator_V":-61.863503},{"data_generator_U":72.5494,"data_generator_V":-61.7659},{"data_generator_U":72.468361,"data_generator_V":-61.667236},{"data_generator_U":72.387466,"data_generator_V":-61.567467},{"data_generator_U":72.306717,"data_generator_V":-61.466534},{"data_generator_U":72.226112,"data_generator_V":-61.364388},{"data_generator_U":72.145638,"data_generator_V":-61.260956},{"data_generator_U":72.0653,"data_generator_V":-61.156178},{"data_generator_U":71.985092,"data_generator_V":-61.04998},{"data_generator_U":71.905006,"data_generator_V":-60.942291},{"data_generator_U":71.82505,"data_generator_V":-60.833023},{"data_generator_U":71.745209,"data_generator_V":-60.722092},{"data_generator_U":71.665489,"data_generator_V":-60.609394},{"data_generator_U":71.585876,"data_generator_V":-60.494831},{"data_generator_U":71.506371,"data_generator_V":-60.378288},{"data_generator_U":71.426971,"data_generator_V":-60.25964},{"data_generator_U":71.347664,"data_generator_V":-60.138752},{"data_generator_U":71.268456,"data_generator_V":-60.015476},{"data_generator_U":71.189331,"data_generator_V":-59.889656},{"data_generator_U":71.110298,"data_generator_V":-59.761108},{"data_generator_U":71.031334,"data_generator_V":-59.629639},{"data_generator_U":70.952446,"data_generator_V":-59.495029},{"data_generator_U":70.873619,"data_generator_V":-59.35704},{"data_generator_U":70.794861,"data_generator_V":-59.215401},{"data_generator_U":70.716148,"data_generator_V":-59.069809},{"data_generator_U":70.637489,"data_generator_V":-58.91993},{"data_generator_U":70.558868,"data_generator_V":-58.765373},{"data_generator_U":70.480278,"data_generator_V":-58.605713},{"data_generator_U":70.401718,"data_generator_V":-58.440449},{"data_generator_U":70.323174,"data_generator_V":-58.26902},{"data_generator_U":70.244637,"data_generator_V":-58.090767},{"data_generator_U":70.166107,"data_generator_V":-57.904934},{"data_generator_U":70.08757,"data_generator_V":-57.710629},{"data_generator_U":70.009026,"data_generator_V":-57.506813},{"data_generator_U":69.930473,"data_generator_V":-57.29224},{"data_generator_U":69.851898,"data_generator_V":-57.065418},{"data_generator_U":69.773323,"data_generator_V":-56.824543},{"data_generator_U":69.69474,"data_generator_V":-56.567394},{"data_generator_U":69.616173,"data_generator_V":-56.291218},{"data_generator_U":69.537674,"data_generator_V":-55.992531},{"data_generator_U":69.459297,"data_generator_V":-55.666866},{"data_generator_U":69.381157,"data_generator_V":-55.30835},{"data_generator_U":69.303467,"data_generator_V":-54.909073},{"data_generator_U":69.226562,"data_generator_V":-54.458046},{"data_generator_U":69.151085,"data_generator_V":-53.939415},{"data_generator_U":69.078232,"data_generator_V":-53.328976},{"data_generator_U":69.01046,"data_generator_V":-52.58709},{"data_generator_U":68.9533,"data_generator_V":-51.641445},{"data_generator_U":68.921387,"data_generator_V":-50.335735},{"data_generator_U":68.96611,"data_generator_V":-48.212524},{"data_generator_U":69.439857,"data_generator_V":-42.56826},{"data_generator_U":72.135704,"data_generator_V":47.411915},{"data_generator_U":74.02356,"data_generator_V":35.707298},{"data_generator_U":79.919868,"data_generator_V":17.66436},{"data_generator_U":89.751747,"data_generator_V":-0.7157234},{"data_generator_U":100.98851,"data_generator_V":-12.977768},{"data_generator_U":111.05466,"data_generator_V":-26.133287},{"data_generator_U":113.5831,"data_generator_V":-64.960175},{"data_generator_U":113.34763,"data_generator_V":-79.297569},{"data_generator_U":113.12736,"data_generator_V":-81.612183},{"data_generator_U":112.91029,"data_generator_V":-81.942017},{"data_generator_U":112.69443,"data_generator_V":-81.943993},{"data_generator_U":112.47945,"data_generator_V":-81.891914},{"data_generator_U":112.2653,"data_generator_V":-81.83065},{"data_generator_U":112.05197,"data_generator_V":-81.767754},{"data_generator_U":111.83944,"data_generator_V":-81.704445},{"data_generator_U":111.62771,"data_generator_V":-81.640961},{"data_generator_U":111.41678,"data_generator_V":-81.577332},{"data_generator_U":111.20664,"data_generator_V":-81.513565},{"data_generator_U":110.9973,"data_generator_V":-81.449661},{"data_generator_U":110.78874,"data_generator_V":-81.385628},{"data_generator_U":110.58097,"data_generator_V":-81.321457},{"data_generator_U":110.37397,"data_generator_V":-81.257156},{"data_generator_U":110.16776,"data_generator_V":-81.192734},{"data_generator_U":109.9623,"data_generator_V":-81.128174},{"data_generator_U":109.75763,"data_generator_V":-81.063492},{"data_generator_U":109.55371,"data_generator_V":-80.998688},{"data_generator_U":109.35056,"data_generator_V":-80.933754},{"data_generator_U":109.14816,"data_generator_V":-80.868698},{"data_generator_U":108.94653,"data_generator_V":-80.803528},{"data_generator_U":108.74563,"data_generator_V":-80.738235},{"data_generator_U":108.54549,"data_generator_V":-80.672813},{"data_generator_U":108.34608,"data_generator_V":-80.607285},{"data_generator_U":108.14742,"data_generator_V":-80.541641},{"data_generator_U":107.94949,"data_generator_V":-80.475876},{"data_generator_U":107.7523,"data_generator_V":-80.410004},{"data_generator_U":107.55584,"data_generator_V":-80.344017},{"data_generator_U":107.3601,"data_generator_V":-80.277924},{"data_generator_U":107.16508,"data_generator_V":-80.211716},{"data_generator_U":106.97079,"data_generator_V":-80.145401},{"data_generator_U":106.77721,"data_generator_V":-80.078987},{"data_generator_U":106.58434,"data_generator_V":-80.012459},{"data_generator_U":106.39217,"data_generator_V":-79.945839},{"data_generator_U":106.20072,"data_generator_V":-79.879105},{"data_generator_U":106.00996,"data_generator_V":-79.812279},{"data_generator_U":105.81991,"data_generator_V":-79.745346},{"data_generator_U":105.63055,"data_generator_V":-79.678322},{"data_generator_U":105.44188,"data_generator_V":-79.611198},{"data_generator_U":105.25391,"data_generator_V":-79.543983},{"data_generator_U":105.06661,"data_generator_V":-79.476669},{"data_generator_U":104.88,"data_generator_V":-79.409256},{"data_generator_U":104.69407,"data_generator_V":-79.341759},{"data_generator_U":104.50881,"data_generator_V":-79.274178},{"data_generator_U":104.32423,"data_generator_V":-79.206497},{"data_generator_U":104.14032,"data_generator_V":-79.138741},{"data_generator_U":103.95707,"data_generator_V":-79.070885},{"data_generator_U":103.77449,"data_generator_V":-79.002953},{"data_generator_U":103.59257,"data_generator_V":-78.934937},{"data_generator_U":103.4113,"data_generator_V":-78.866837},{"data_generator_U":103.23069,"data_generator_V":-78.798653},{"data_generator_U":103.05073,"data_generator_V":-78.730392},{"data_generator_U":102.87141,"data_generator_V":-78.662048},{"data_generator_U":102.69275,"data_generator_V":-78.593636},{"data_generator_U":102.51472,"data_generator_V":-78.525139},{"data_generator_U":102.33733,"data_generator_V":-78.456573},{"data_generator_U":102.16058,"data_generator_V":-78.387932},{"data_generator_U":101.98447,"data_generator_V":-78.319221},{"data_generator_U":101.80898,"data_generator_V":-78.250435},{"data_generator_U":101.63412,"data_generator_V":-78.18158},{"data_generator_U":101.45988,"data_generator_V":-78.112663},{"data_generator_U":101.28627,"data_generator_V":-78.043671},{"data_generator_U":101.11327,"data_generator_V":-77.974617},{"data_generator_U":100.9409,"data_generator_V":-77.905495},{"data_generator_U":100.76913,"data_generator_V":-77.836304},{"data_generator_U":100.59797,"data_generator_V":-77.767059},{"data_generator_U":100.42741,"data_generator_V":-77.697754},{"data_generator_U":100.25747,"data_generator_V":-77.62838},{"data_generator_U":100.08813,"data_generator_V":-77.558952},{"data_generator_U":99.91938,"data_generator_V":-77.489464},{"data_generator_U":99.751228,"data_generator_V":-77.419922},{"data_generator_U":99.583672,"data_generator_V":-77.350319},{"data_generator_U":99.416702,"data_generator_V":-77.28067},{"data_generator_U":99.25032,"data_generator_V":-77.21096},{"data_generator_U":99.084526,"data_generator_V":-77.141197},{"data_generator_U":98.919319,"data_generator_V":-77.071388},{"data_generator_U":98.754684,"data_generator_V":-77.001526},{"data_generator_U":98.59063,"data_generator_V":-76.93161},{"data_generator_U":98.427147,"data_generator_V":-76.861649},{"data_generator_U":98.264244,"data_generator_V":-76.791649},{"data_generator_U":98.101898,"data_generator_V":-76.721588},{"data_generator_U":97.940125,"data_generator_V":-76.651489},{"data_generator_U":97.778915,"data_generator_V":-76.581345},{"data_generator_U":97.618271,"data_generator_V":-76.511162},{"data_generator_U":97.458176,"data_generator_V":-76.440933},{"data_generator_U":97.298645,"data_generator_V":-76.370659},{"data_generator_U":97.139664,"data_generator_V":-76.300346},{"data_generator_U":96.981239,"data_generator_V":-76.230003},{"data_generator_U":96.823357,"data_generator_V":-76.159615},{"data_generator_U":96.666023,"data_generator_V":-76.089188},{"data_generator_U":96.509232,"data_generator_V":-76.018723},{"data_generator_U":96.352982,"data_generator_V":-75.948219},{"data_generator_U":96.197273,"data_generator_V":-75.877686},{"data_generator_U":96.042091,"data_generator_V":-75.807121},{"data_generator_U":95.887451,"data_generator_V":-75.736519},{"data_generator_U":95.733345,"data_generator_V":-75.665886},{"data_generator_U":95.579765,"data_generator_V":-75.595215},{"data_generator_U":95.426712,"data_generator_V":-75.524521},{"data_generator_U":95.274178,"data_generator_V":-75.453796},{"data_generator_U":95.122169,"data_generator_V":-75.383041},{"data_generator_U":94.97068,"data_generator_V":-75.312256},{"data_generator_U":94.81971,"data_generator_V":-75.241447},{"data_generator_U":94.66925,"data_generator_V":-75.170609},{"data_generator_U":94.51931,"data_generator_V":-75.099739},{"data_generator_U":94.369873,"data_generator_V":-75.028854},{"data_generator_U":94.220947,"data_generator_V":-74.957939},{"data_generator_U":94.072525,"data_generator_V":-74.887001},{"data_generator_U":93.924606,"data_generator_V":-74.81604},{"data_generator_U":93.777184,"data_generator_V":-74.745056},{"data_generator_U":93.630264,"data_generator_V":-74.674049},{"data_generator_U":93.483841,"data_generator_V":-74.60302},{"data_generator_U":93.337914,"data_generator_V":-74.531967},{"data_generator_U":93.192474,"data_generator_V":-74.460899},{"data_generator_U":93.047531,"data_generator_V":-74.389809},{"data_generator_U":92.903069,"data_generator_V":-74.318703},{"data_generator_U":92.759094,"data_generator_V":-74.247574},{"data_generator_U":92.615608,"data_generator_V":-74.17643},{"data_generator_U":92.472595,"data_generator_V":-74.10527},{"data_generator_U":92.330063,"data_generator_V":-74.034088},{"data_generator_U":92.188011,"data_generator_V":-73.962891},{"data_generator_U":92.046432,"data_generator_V":-73.891685},{"data_generator_U":91.905319,"data_generator_V":-73.820457},{"data_generator_U":91.764687,"data_generator_V":-73.749214},{"data_generator_U":91.624512,"data_generator_V":-73.677956},{"data_generator_U":91.48481,"data_generator_V":-73.606682},{"data_generator_U":91.345573,"data_generator_V":-73.5354},{"data_generator_U":91.206795,"data_generator_V":-73.464104},{"data_generator_U":91.068481,"data_generator_V":-73.392792},{"data_generator_U":90.930618,"data_generator_V":-73.321465},{"data_generator_U":90.793213,"data_generator_V":-73.25013},{"data_generator_U":90.656265,"data_generator_V":-73.17878},{"data_generator_U":90.519768,"data_generator_V":-73.107414},{"data_generator_U":90.383713,"data_generator_V":-73.036041},{"data_generator_U":90.248116,"data_generator_V":-72.964653},{"data_generator_U":90.112961,"data_generator_V":-72.893257},{"data_generator_U":89.978249,"data_generator_V":-72.821854},{"data_generator_U":89.843979,"data_generator_V":-72.750435},{"data_generator_U":89.710144,"data_generator_V":-72.679001},{"data_generator_U":89.576752,"data_generator_V":-72.607567},{"data_generator_U":89.443794,"data_generator_V":-72.536118},{"data_generator_U":89.311272,"data_generator_V":-72.464653},{"data_generator_U":89.179176,"data_generator_V":-72.393181},{"data_generator_U":89.047516,"data_generator_V":-72.321701},{"data_generator_U":88.916283,"data_generator_V":-72.250206},{"data_generator_U":88.785477,"data_generator_V":-72.178703},{"data_generator_U":88.65509,"data_generator_V":-72.107193},{"data_generator_U":88.525131,"data_generator_V":-72.035675},{"data_generator_U":88.395592,"data_generator_V":-71.964142},{"data_generator_U":88.266472,"data_generator_V":-71.892593},{"data_generator_U":88.137764,"data_generator_V":-71.821037},{"data_generator_U":88.009476,"data_generator_V":-71.749474},{"data_generator_U":87.881599,"data_generator_V":-71.677902},{"data_generator_U":87.754135,"data_generator_V":-71.606316},{"data_generator_U":87.627075,"data_generator_V":-71.534714},{"data_generator_U":87.500427,"data_generator_V":-71.463104},{"data_generator_U":87.374184,"data_generator_V":-71.391487},{"data_generator_U":87.248344,"data_generator_V":-71.319855},{"data_generator_U":87.122902,"data_generator_V":-71.248207},{"data_generator_U":86.997864,"data_generator_V":-71.176552},{"data_generator_U":86.87323,"data_generator_V":-71.104881},{"data_generator_U":86.748985,"data_generator_V":-71.033195},{"data_generator_U":86.625137,"data_generator_V":-70.961494},{"data_generator_U":86.501678,"data_generator_V":-70.889786},{"data_generator_U":86.378616,"data_generator_V":-70.818062},{"data_generator_U":86.255943,"data_generator_V":-70.746315},{"data_generator_U":86.133659,"data_generator_V":-70.674561},{"data_generator_U":86.011757,"data_generator_V":-70.602783},{"data_generator_U":85.890244,"data_generator_V":-70.530998},{"data_generator_U":85.769112,"data_generator_V":-70.45919},{"data_generator_U":85.648361,"data_generator_V":-70.38736},{"data_generator_U":85.527985,"data_generator_V":-70.315514},{"data_generator_U":85.40799,"data_generator_V":-70.243652},{"data_generator_U":85.288368,"data_generator_V":-70.171768},{"data_generator_U":85.169121,"data_generator_V":-70.099861},{"data_generator_U":85.050247,"data_generator_V":-70.027939},{"data_generator_U":84.931747,"data_generator_V":-69.955986},{"data_generator_U":84.813614,"data_generator_V":-69.88401},{"data_generator_U":84.695847,"data_generator_V":-69.812012},{"data_generator_U":84.578445,"data_generator_V":-69.73999},{"data_generator_U":84.461411,"data_generator_V":-69.667938},{"data_generator_U":84.344734,"data_generator_V":-69.595863},{"data_generator_U":84.228416,"data_generator_V":-69.523758},{"data_generator_U":84.112465,"data_generator_V":-69.451622},{"data_generator_U":83.996864,"data_generator_V":-69.379456},{"data_generator_U":83.881622,"data_generator_V":-69.307259},{"data_generator_U":83.766739,"data_generator_V":-69.235031},{"data_generator_U":83.652199,"data_generator_V":-69.162766},{"data_generator_U":83.538017,"data_generator_V":-69.090462},{"data_generator_U":83.424179,"data_generator_V":-69.01812},{"data_generator_U":83.310692,"data_generator_V":-68.945747},{"data_generator_U":83.197548,"data_generator_V":-68.873329},{"data_generator_U":83.084747,"data_generator_V":-68.800873},{"data_generator_U":82.972298,"data_generator_V":-68.728371},{"data_generator_U":82.860176,"data_generator_V":-68.655823},{"data_generator_U":82.748405,"data_generator_V":-68.583229},{"data_generator_U":82.636971,"data_generator_V":-68.51059},{"data_generator_U":82.525864,"data_generator_V":-68.437897},{"data_generator_U":82.4151,"data_generator_V":-68.365158},{"data_generator_U":82.304665,"data_generator_V":-68.292358},{"data_generator_U":82.194565,"data_generator_V":-68.219513},{"data_generator_U":82.084793,"data_generator_V":-68.146599},{"data_generator_U":81.975349,"data_generator_V":-68.073631},{"data_generator_U":81.866234,"data_generator_V":-68.000603},{"data_generator_U":81.757439,"data_generator_V":-67.927505},{"data_generator_U":81.648972,"data_generator_V":-67.854347},{"data_generator_U":81.540825,"data_generator_V":-67.78112},{"data_generator_U":81.432999,"data_generator_V":-67.707817},{"data_generator_U":81.325493,"data_generator_V":-67.634445},{"data_generator_U":81.218307,"data_generator_V":-67.560997},{"data_generator_U":81.111435,"data_generator_V":-67.487473},{"data_generator_U":81.004875,"data_generator_V":-67.413864},{"data_generator_U":80.898628,"data_generator_V":-67.340172},{"data_generator_U":80.792686,"data_generator_V":-67.266396},{"data_generator_U":80.687065,"data_generator_V":-67.192528},{"data_generator_U":80.581749,"data_generator_V":-67.118568},{"data_generator_U":80.47673,"data_generator_V":-67.04451},{"data_generator_U":80.372025,"data_generator_V":-66.970352},{"data_generator_U":80.267624,"data_generator_V":-66.896095},{"data_generator_U":80.163521,"data_generator_V":-66.821732},{"data_generator_U":80.059715,"data_generator_V":-66.747253},{"data_generator_U":79.956215,"data_generator_V":-66.672668},{"data_generator_U":79.853012,"data_generator_V":-66.597969},{"data_generator_U":79.750099,"data_generator_V":-66.52314},{"data_generator_U":79.647484,"data_generator_V":-66.448196},{"data_generator_U":79.545158,"data_generator_V":-66.373116},{"data_generator_U":79.443123,"data_generator_V":-66.297905},{"data_generator_U":79.341377,"data_generator_V":-66.222557},{"data_generator_U":79.239922,"data_generator_V":-66.147072},{"data_generator_U":79.138748,"data_generator_V":-66.071434},{"data_generator_U":79.037865,"data_generator_V":-65.995651},{"data_generator_U":78.937256,"data_generator_V":-65.919708},{"data_generator_U":78.836937,"data_generator_V":-65.843605},{"data_generator_U":78.736893,"data_generator_V":-65.767334},{"data_generator_U":78.637131,"data_generator_V":-65.690895},{"data_generator_U":78.537643,"data_generator_V":-65.614281},{"data_generator_U":78.438431,"data_generator_V":-65.537476},{"data_generator_U":78.339485,"data_generator_V":-65.460487},{"data_generator_U":78.240822,"data_generator_V":-65.383301},{"data_generator_U":78.142418,"data_generator_V":-65.305916},{"data_generator_U":78.044289,"data_generator_V":-65.228317},{"data_generator_U":77.946426,"data_generator_V":-65.150505},{"data_generator_U":77.848831,"data_generator_V":-65.072479},{"data_generator_U":77.751495,"data_generator_V":-64.994217},{"data_generator_U":77.654419,"data_generator_V":-64.915718},{"data_generator_U":77.55761,"data_generator_V":-64.836975},{"data_generator_U":77.461052,"data_generator_V":-64.75798},{"data_generator_U":77.364754,"data_generator_V":-64.678726},{"data_generator_U":77.268715,"data_generator_V":-64.599197},{"data_generator_U":77.172928,"data_generator_V":-64.519394},{"data_generator_U":77.077385,"data_generator_V":-64.439301},{"data_generator_U":76.982101,"data_generator_V":-64.35891},{"data_generator_U":76.887062,"data_generator_V":-64.278214},{"data_generator_U":76.792267,"data_generator_V":-64.197205},{"data_generator_U":76.697716,"data_generator_V":-64.11586},{"data_generator_U":76.603416,"data_generator_V":-64.034172},{"data_generator_U":76.509346,"data_generator_V":-63.952137},{"data_generator_U":76.415527,"data_generator_V":-63.86974},{"data_generator_U":76.321938,"data_generator_V":-63.786964},{"data_generator_U":76.228584,"data_generator_V":-63.703796},{"data_generator_U":76.135468,"data_generator_V":-63.620228},{"data_generator_U":76.04258,"data_generator_V":-63.53624},{"data_generator_U":75.949921,"data_generator_V":-63.45182},{"data_generator_U":75.857491,"data_generator_V":-63.366951},{"data_generator_U":75.765289,"data_generator_V":-63.28162},{"data_generator_U":75.673309,"data_generator_V":-63.195805},{"data_generator_U":75.581551,"data_generator_V":-63.109489},{"data_generator_U":75.490013,"data_generator_V":-63.022659},{"data_generator_U":75.398697,"data_generator_V":-62.935291},{"data_generator_U":75.307587,"data_generator_V":-62.847366},{"data_generator_U":75.216698,"data_generator_V":-62.758858},{"data_generator_U":75.126015,"data_generator_V":-62.669754},{"data_generator_U":75.035545,"data_generator_V":-62.580021},{"data_generator_U":74.945282,"data_generator_V":-62.489639},{"data_generator_U":74.855225,"data_generator_V":-62.398582},{"data_generator_U":74.765366,"data_generator_V":-62.306824},{"data_generator_U":74.675713,"data_generator_V":-62.214333},{"data_generator_U":74.58625,"data_generator_V":-62.121078},{"data_generator_U":74.496986,"data_generator_V":-62.027031},{"data_generator_U":74.407913,"data_generator_V":-61.932152},{"data_generator_U":74.319031,"data_generator_V":-61.836414},{"data_generator_U":74.230331,"data_generator_V":-61.739769},{"data_generator_U":74.141823,"data_generator_V":-61.642185},{"data_generator_U":74.05349,"data_generator_V":-61.543613},{"data_generator_U":73.96534,"data_generator_V":-61.444016},{"data_generator_U":73.877365,"data_generator_V":-61.343338},{"data_generator_U":73.789558,"data_generator_V":-61.241531},{"data_generator_U":73.701927,"data_generator_V":-61.138538},{"data_generator_U":73.614464,"data_generator_V":-61.034302},{"data_generator_U":73.527153,"data_generator_V":-60.928761},{"data_generator_U":73.44001,"data_generator_V":-60.821842},{"data_generator_U":73.353027,"data_generator_V":-60.713482},{"data_generator_U":73.26619,"data_generator_V":-60.6036},{"data_generator_U":73.179504,"data_generator_V":-60.492111},{"data_generator_U":73.092964,"data_generator_V":-60.378929},{"data_generator_U":73.006569,"data_generator_V":-60.26395},{"data_generator_U":72.920303,"data_generator_V":-60.147076},{"data_generator_U":72.834175,"data_generator_V":-60.028187},{"data_generator_U":72.748177,"data_generator_V":-59.907162},{"data_generator_U":72.6623,"data_generator_V":-59.783867},{"data_generator_U":72.576546,"data_generator_V":-59.65815},{"data_generator_U":72.490898,"data_generator_V":-59.52985},{"data_generator_U":72.405365,"data_generator_V":-59.398788},{"data_generator_U":72.319939,"data_generator_V":-59.264771},{"data_generator_U":72.234612,"data_generator_V":-59.127575},{"data_generator_U":72.149368,"data_generator_V":-58.986961},{"data_generator_U":72.064224,"data_generator_V":-58.842663},{"data_generator_U":71.979156,"data_generator_V":-58.694374},{"data_generator_U":71.894165,"data_generator_V":-58.541763},{"data_generator_U":71.809242,"data_generator_V":-58.384441},{"data_generator_U":71.724388,"data_generator_V":-58.221989},{"data_generator_U":71.639587,"data_generator_V":-58.053905},{"data_generator_U":71.55484,"data_generator_V":-57.879635},{"data_generator_U":71.470146,"data_generator_V":-57.698528},{"data_generator_U":71.38549,"data_generator_V":-57.509834},{"data_generator_U":71.30088,"data_generator_V":-57.312683},{"data_generator_U":71.216309,"data_generator_V":-57.106041},{"data_generator_U":71.131783,"data_generator_V":-56.888691},{"data_generator_U":71.04731,"data_generator_V":-56.659168},{"data_generator_U":70.962906,"data_generator_V":-56.415714},{"data_generator_U":70.878593,"data_generator_V":-56.156155},{"data_generator_U":70.794411,"data_generator_V":-55.8778},{"data_generator_U":70.710442,"data_generator_V":-55.577271},{"data_generator_U":70.626778,"data_generator_V":-55.250202},{"data_generator_U":70.54361,"data_generator_V":-54.890869},{"data_generator_U":70.46122,"data_generator_V":-54.491558},{"data_generator_U":70.380096,"data_generator_V":-54.041508},{"data_generator_U":70.301079,"data_generator_V":-53.525074},{"data_generator_U":70.225746,"data_generator_V":-52.918171},{"data_generator_U":70.157173,"data_generator_V":-52.180737},{"data_generator_U":70.102196,"data_generator_V":-51.238117},{"data_generator_U":70.078552,"data_generator_V":-49.923729},{"data_generator_U":70.148659,"data_generator_V":-47.725357},{"data_generator_U":70.772598,"data_generator_V":-41.250175},{"data_generator_U":73.428551,"data_generator_V":46.493412},{"data_generator_U":75.688148,"data_generator_V":33.88522},{"data_generator_U":82.110573,"data_generator_V":15.198421},{"data_generator_U":92.308739,"data_generator_V":-3.1014695},{"data_generator_U":103.50143,"data_generator_V":-15.169045},{"data_generator_U":112.73419,"data_generator_V":-31.561985},{"data_generator_U":113.61826,"data_generator_V":-70.355415},{"data_generator_U":113.38744,"data_generator_V":-79.758934},{"data_generator_U":113.16682,"data_generator_V":-81.224907},{"data_generator_U":112.94855,"data_generator_V":-81.410439},{"data_generator_U":112.73136,"data_generator_V":-81.388374},{"data_generator_U":112.51503,"data_generator_V":-81.332298},{"data_generator_U":112.29952,"data_generator_V":-81.270508},{"data_generator_U":112.08484,"data_generator_V":-81.207642},{"data_generator_U":111.87096,"data_generator_V":-81.144493},{"data_generator_U":111.6579,"data_generator_V":-81.081161},{"data_generator_U":111.44563,"data_generator_V":-81.0177},{"data_generator_U":111.23418,"data_generator_V":-80.954094},{"data_generator_U":111.02351,"data_generator_V":-80.890358},{"data_generator_U":110.81364,"data_generator_V":-80.826485},{"data_generator_U":110.60456,"data_generator_V":-80.762482},{"data_generator_U":110.39626,"data_generator_V":-80.698341},{"data_generator_U":110.18875,"data_generator_V":-80.634079},{"data_generator_U":109.98202,"data_generator_V":-80.569679},{"data_generator_U":109.77605,"data_generator_V":-80.505157},{"data_generator_U":109.57086,"data_generator_V":-80.440506},{"data_generator_U":109.36644,"data_generator_V":-80.375732},{"data_generator_U":109.16278,"data_generator_V":-80.310837},{"data_generator_U":108.95988,"data_generator_V":-80.245819},{"data_generator_U":108.75774,"data_generator_V":-80.180679},{"data_generator_U":108.55634,"data_generator_V":-80.115417},{"data_generator_U":108.3557,"data_generator_V":-80.050049},{"data_generator_U":108.1558,"data_generator_V":-79.98455},{"data_generator_U":107.95665,"data_generator_V":-79.918938},{"data_generator_U":107.75823,"data_generator_V":-79.853218},{"data_generator_U":107.56055,"data_generator_V":-79.787384},{"data_generator_U":107.3636,"data_generator_V":-79.721436},{"data_generator_U":107.16737,"data_generator_V":-79.655373},{"data_generator_U":106.97188,"data_generator_V":-79.589211},{"data_generator_U":106.7771,"data_generator_V":-79.522934},{"data_generator_U":106.58304,"data_generator_V":-79.456558},{"data_generator_U":106.38969,"data_generator_V":-79.390076},{"data_generator_U":106.19706,"data_generator_V":-79.323486},{"data_generator_U":106.00513,"data_generator_V":-79.256798},{"data_generator_U":105.81391,"data_generator_V":-79.19001},{"data_generator_U":105.62339,"data_generator_V":-79.123123},{"data_generator_U":105.43356,"data_generator_V":-79.056137},{"data_generator_U":105.24444,"data_generator_V":-78.989052},{"data_generator_U":105.056,"data_generator_V":-78.921875},{"data_generator_U":104.86825,"data_generator_V":-78.854599},{"data_generator_U":104.68118,"data_generator_V":-78.787231},{"data_generator_U":104.49479,"data_generator_V":-78.71978},{"data_generator_U":104.30908,"data_generator_V":-78.652229},{"data_generator_U":104.12405,"data_generator_V":-78.584595},{"data_generator_U":103.93969,"data_generator_V":-78.516869},{"data_generator_U":103.756,"data_generator_V":-78.449059},{"data_generator_U":103.57298,"data_generator_V":-78.381165},{"data_generator_U":103.39061,"data_generator_V":-78.313179},{"data_generator_U":103.2089,"data_generator_V":-78.245125},{"data_generator_U":103.02785,"data_generator_V":-78.176979},{"data_generator_U":102.84746,"data_generator_V":-78.108749},{"data_generator_U":102.66771,"data_generator_V":-78.040451},{"data_generator_U":102.48861,"data_generator_V":-77.972069},{"data_generator_U":102.31016,"data_generator_V":-77.90361},{"data_generator_U":102.13235,"data_generator_V":-77.835083},{"data_generator_U":101.95517,"data_generator_V":-77.766472},{"data_generator_U":101.77863,"data_generator_V":-77.6978},{"data_generator_U":101.60271,"data_generator_V":-77.629044},{"data_generator_U":101.42744,"data_generator_V":-77.560226},{"data_generator_U":101.25278,"data_generator_V":-77.491333},{"data_generator_U":101.07875,"data_generator_V":-77.422379},{"data_generator_U":100.90534,"data_generator_V":-77.353355},{"data_generator_U":100.73255,"data_generator_V":-77.284264},{"data_generator_U":100.56037,"data_generator_V":-77.215103},{"data_generator_U":100.38881,"data_generator_V":-77.145889},{"data_generator_U":100.21785,"data_generator_V":-77.076607},{"data_generator_U":100.0475,"data_generator_V":-77.007263},{"data_generator_U":99.877747,"data_generator_V":-76.937859},{"data_generator_U":99.708603,"data_generator_V":-76.868393},{"data_generator_U":99.540054,"data_generator_V":-76.798874},{"data_generator_U":99.372101,"data_generator_V":-76.729301},{"data_generator_U":99.204735,"data_generator_V":-76.659668},{"data_generator_U":99.037964,"data_generator_V":-76.589973},{"data_generator_U":98.871773,"data_generator_V":-76.520233},{"data_generator_U":98.706177,"data_generator_V":-76.450439},{"data_generator_U":98.541153,"data_generator_V":-76.380592},{"data_generator_U":98.376709,"data_generator_V":-76.310692},{"data_generator_U":98.212845,"data_generator_V":-76.240746},{"data_generator_U":98.049553,"data_generator_V":-76.170753},{"data_generator_U":97.886833,"data_generator_V":-76.100708},{"data_generator_U":97.724678,"data_generator_V":-76.030617},{"data_generator_U":97.563087,"data_generator_V":-75.96048},{"data_generator_U":97.402069,"data_generator_V":-75.890305},{"data_generator_U":97.2416,"data_generator_V":-75.820076},{"data_generator_U":97.081696,"data_generator_V":-75.749809},{"data_generator_U":96.92234,"data_generator_V":-75.679497},{"data_generator_U":96.763542,"data_generator_V":-75.609146},{"data_generator_U":96.605293,"data_generator_V":-75.538757},{"data_generator_U":96.447594,"data_generator_V":-75.468323},{"data_generator_U":96.290436,"data_generator_V":-75.39785},{"data_generator_U":96.133827,"data_generator_V":-75.327347},{"data_generator_U":95.977753,"data_generator_V":-75.256798},{"data_generator_U":95.82222,"data_generator_V":-75.186218},{"data_generator_U":95.667221,"data_generator_V":-75.115601},{"data_generator_U":95.512749,"data_generator_V":-75.044945},{"data_generator_U":95.358818,"data_generator_V":-74.974266},{"data_generator_U":95.205406,"data_generator_V":-74.903542},{"data_generator_U":95.052521,"data_generator_V":-74.832794},{"data_generator_U":94.900162,"data_generator_V":-74.762009},{"data_generator_U":94.748322,"data_generator_V":-74.6912},{"data_generator_U":94.597008,"data_generator_V":-74.620354},{"data_generator_U":94.446198,"data_generator_V":-74.549484},{"data_generator_U":94.295914,"data_generator_V":-74.478577},{"data_generator_U":94.146133,"data_generator_V":-74.407646},{"data_generator_U":93.996864,"data_generator_V":-74.336693},{"data_generator_U":93.848099,"data_generator_V":-74.265709},{"data_generator_U":93.699844,"data_generator_V":-74.194695},{"data_generator_U":93.552086,"data_generator_V":-74.123665},{"data_generator_U":93.404831,"data_generator_V":-74.052597},{"data_generator_U":93.258072,"data_generator_V":-73.981514},{"data_generator_U":93.111809,"data_generator_V":-73.9104},{"data_generator_U":92.966042,"data_generator_V":-73.839272},{"data_generator_U":92.820763,"data_generator_V":-73.768112},{"data_generator_U":92.675972,"data_generator_V":-73.69693},{"data_generator_U":92.53167,"data_generator_V":-73.625732},{"data_generator_U":92.387848,"data_generator_V":-73.554512},{"data_generator_U":92.244514,"data_generator_V":-73.483269},{"data_generator_U":92.101654,"data_generator_V":-73.412003},{"data_generator_U":91.959274,"data_generator_V":-73.340714},{"data_generator_U":91.817375,"data_generator_V":-73.269409},{"data_generator_U":91.675949,"data_generator_V":-73.19809},{"data_generator_U":91.534988,"data_generator_V":-73.126747},{"data_generator_U":91.394501,"data_generator_V":-73.055382},{"data_generator_U":91.254478,"data_generator_V":-72.984001},{"data_generator_U":91.114922,"data_generator_V":-72.912605},{"data_generator_U":90.97583,"data_generator_V":-72.841187},{"data_generator_U":90.837196,"data_generator_V":-72.769753},{"data_generator_U":90.699028,"data_generator_V":-72.698296},{"data_generator_U":90.56131,"data_generator_V":-72.626831},{"data_generator_U":90.424049,"data_generator_V":-72.555344},{"data_generator_U":90.287239,"data_generator_V":-72.483841},{"data_generator_U":90.150887,"data_generator_V":-72.412323},{"data_generator_U":90.014977,"data_generator_V":-72.340782},{"data_generator_U":89.879509,"data_generator_V":-72.269226},{"data_generator_U":89.744492,"data_generator_V":-72.197662},{"data_generator_U":89.609917,"data_generator_V":-72.126076},{"data_generator_U":89.475784,"data_generator_V":-72.054474},{"data_generator_U":89.342087,"data_generator_V":-71.982849},{"data_generator_U":89.208832,"data_generator_V":-71.911217},{"data_generator_U":89.076004,"data_generator_V":-71.839569},{"data_generator_U":88.943611,"data_generator_V":-71.767899},{"data_generator_U":88.811653,"data_generator_V":-71.696213},{"data_generator_U":88.680122,"data_generator_V":-71.624512},{"data_generator_U":88.549019,"data_generator_V":-71.552795},{"data_generator_U":88.418335,"data_generator_V":-71.481064},{"data_generator_U":88.288078,"data_generator_V":-71.409309},{"data_generator_U":88.158241,"data_generator_V":-71.337547},{"data_generator_U":88.028831,"data_generator_V":-71.265762},{"data_generator_U":87.899834,"data_generator_V":-71.193954},{"data_generator_U":87.771248,"data_generator_V":-71.122131},{"data_generator_U":87.643082,"data_generator_V":-71.050293},{"data_generator_U":87.51532,"data_generator_V":-70.978439},{"data_generator_U":87.38797,"data_generator_V":-70.906563},{"data_generator_U":87.261032,"data_generator_V":-70.834663},{"data_generator_U":87.134499,"data_generator_V":-70.762749},{"data_generator_U":87.008377,"data_generator_V":-70.690811},{"data_generator_U":86.882645,"data_generator_V":-70.618858},{"data_generator_U":86.757324,"data_generator_V":-70.546883},{"data_generator_U":86.632401,"data_generator_V":-70.474884},{"data_generator_U":86.507866,"data_generator_V":-70.402863},{"data_generator_U":86.383736,"data_generator_V":-70.330818},{"data_generator_U":86.259995,"data_generator_V":-70.258751},{"data_generator_U":86.13665,"data_generator_V":-70.186653},{"data_generator_U":86.013687,"data_generator_V":-70.11454},{"data_generator_U":85.891121,"data_generator_V":-70.042397},{"data_generator_U":85.768936,"data_generator_V":-69.97023},{"data_generator_U":85.647141,"data_generator_V":-69.898033},{"data_generator_U":85.525726,"data_generator_V":-69.825813},{"data_generator_U":85.404686,"data_generator_V":-69.753555},{"data_generator_U":85.284035,"data_generator_V":-69.681274},{"data_generator_U":85.163757,"data_generator_V":-69.608963},{"data_generator_U":85.043854,"data_generator_V":-69.536621},{"data_generator_U":84.924332,"data_generator_V":-69.464241},{"data_generator_U":84.805176,"data_generator_V":-69.39183},{"data_generator_U":84.686394,"data_generator_V":-69.319382},{"data_generator_U":84.567978,"data_generator_V":-69.246902},{"data_generator_U":84.449928,"data_generator_V":-69.174385},{"data_generator_U":84.332253,"data_generator_V":-69.10183},{"data_generator_U":84.214935,"data_generator_V":-69.029228},{"data_generator_U":84.097977,"data_generator_V":-68.956589},{"data_generator_U":83.981384,"data_generator_V":-68.883911},{"data_generator_U":83.86515,"data_generator_V":-68.811188},{"data_generator_U":83.749268,"data_generator_V":-68.738411},{"data_generator_U":83.633751,"data_generator_V":-68.665596},{"data_generator_U":83.518578,"data_generator_V":-68.592735},{"data_generator_U":83.403763,"data_generator_V":-68.519814},{"data_generator_U":83.289299,"data_generator_V":-68.446846},{"data_generator_U":83.175179,"data_generator_V":-68.373825},{"data_generator_U":83.061409,"data_generator_V":-68.300751},{"data_generator_U":82.94799,"data_generator_V":-68.227615},{"data_generator_U":82.834908,"data_generator_V":-68.154427},{"data_generator_U":82.722168,"data_generator_V":-68.081177},{"data_generator_U":82.609772,"data_generator_V":-68.007858},{"data_generator_U":82.497711,"data_generator_V":-67.934479},{"data_generator_U":82.385994,"data_generator_V":-67.861023},{"data_generator_U":82.274612,"data_generator_V":-67.787506},{"data_generator_U":82.163559,"data_generator_V":-67.713921},{"data_generator_U":82.052841,"data_generator_V":-67.640251},{"data_generator_U":81.942451,"data_generator_V":-67.566513},{"data_generator_U":81.832397,"data_generator_V":-67.492691},{"data_generator_U":81.722664,"data_generator_V":-67.418793},{"data_generator_U":81.613258,"data_generator_V":-67.344803},{"data_generator_U":81.504181,"data_generator_V":-67.270729},{"data_generator_U":81.395424,"data_generator_V":-67.196564},{"data_generator_U":81.286987,"data_generator_V":-67.122307},{"data_generator_U":81.178871,"data_generator_V":-67.047951},{"data_generator_U":81.071075,"data_generator_V":-66.973503},{"data_generator_U":80.963593,"data_generator_V":-66.898949},{"data_generator_U":80.856422,"data_generator_V":-66.824287},{"data_generator_U":80.749565,"data_generator_V":-66.749519},{"data_generator_U":80.643021,"data_generator_V":-66.674637},{"data_generator_U":80.536789,"data_generator_V":-66.59964},{"data_generator_U":80.430862,"data_generator_V":-66.524521},{"data_generator_U":80.325249,"data_generator_V":-66.44928},{"data_generator_U":80.219933,"data_generator_V":-66.373909},{"data_generator_U":80.114922,"data_generator_V":-66.298409},{"data_generator_U":80.010216,"data_generator_V":-66.222771},{"data_generator_U":79.905807,"data_generator_V":-66.146996},{"data_generator_U":79.801697,"data_generator_V":-66.071068},{"data_generator_U":79.697884,"data_generator_V":-65.995003},{"data_generator_U":79.59436,"data_generator_V":-65.91877},{"data_generator_U":79.491135,"data_generator_V":-65.842384},{"data_generator_U":79.388206,"data_generator_V":-65.765839},{"data_generator_U":79.285561,"data_generator_V":-65.689117},{"data_generator_U":79.183205,"data_generator_V":-65.612221},{"data_generator_U":79.081139,"data_generator_V":-65.535149},{"data_generator_U":78.979355,"data_generator_V":-65.457886},{"data_generator_U":78.877861,"data_generator_V":-65.380432},{"data_generator_U":78.776642,"data_generator_V":-65.30278},{"data_generator_U":78.675705,"data_generator_V":-65.224922},{"data_generator_U":78.57505,"data_generator_V":-65.146851},{"data_generator_U":78.47467,"data_generator_V":-65.068565},{"data_generator_U":78.374565,"data_generator_V":-64.990051},{"data_generator_U":78.274734,"data_generator_V":-64.911308},{"data_generator_U":78.175171,"data_generator_V":-64.832321},{"data_generator_U":78.075882,"data_generator_V":-64.75309},{"data_generator_U":77.97686,"data_generator_V":-64.673599},{"data_generator_U":77.878105,"data_generator_V":-64.593842},{"data_generator_U":77.779617,"data_generator_V":-64.513817},{"data_generator_U":77.681389,"data_generator_V":-64.433502},{"data_generator_U":77.58342,"data_generator_V":-64.352905},{"data_generator_U":77.485718,"data_generator_V":-64.271996},{"data_generator_U":77.388268,"data_generator_V":-64.190781},{"data_generator_U":77.291077,"data_generator_V":-64.109245},{"data_generator_U":77.194138,"data_generator_V":-64.027374},{"data_generator_U":77.09745,"data_generator_V":-63.94516},{"data_generator_U":77.001015,"data_generator_V":-63.862587},{"data_generator_U":76.904823,"data_generator_V":-63.779648},{"data_generator_U":76.808884,"data_generator_V":-63.696327},{"data_generator_U":76.713188,"data_generator_V":-63.612614},{"data_generator_U":76.617737,"data_generator_V":-63.528488},{"data_generator_U":76.522522,"data_generator_V":-63.443943},{"data_generator_U":76.427551,"data_generator_V":-63.358959},{"data_generator_U":76.332817,"data_generator_V":-63.273521},{"data_generator_U":76.238312,"data_generator_V":-63.187614},{"data_generator_U":76.144043,"data_generator_V":-63.101223},{"data_generator_U":76.050003,"data_generator_V":-63.014324},{"data_generator_U":75.9562,"data_generator_V":-62.926903},{"data_generator_U":75.862617,"data_generator_V":-62.838936},{"data_generator_U":75.769257,"data_generator_V":-62.750408},{"data_generator_U":75.676117,"data_generator_V":-62.661297},{"data_generator_U":75.583206,"data_generator_V":-62.571575},{"data_generator_U":75.490501,"data_generator_V":-62.48122},{"data_generator_U":75.398018,"data_generator_V":-62.390209},{"data_generator_U":75.305748,"data_generator_V":-62.298519},{"data_generator_U":75.213692,"data_generator_V":-62.206116},{"data_generator_U":75.121841,"data_generator_V":-62.112972},{"data_generator_U":75.03019,"data_generator_V":-62.019062},{"data_generator_U":74.938751,"data_generator_V":-61.924347},{"data_generator_U":74.847504,"data_generator_V":-61.828796},{"data_generator_U":74.756462,"data_generator_V":-61.732376},{"data_generator_U":74.665611,"data_generator_V":-61.63504},{"data_generator_U":74.574959,"data_generator_V":-61.536755},{"data_generator_U":74.484489,"data_generator_V":-61.437477},{"data_generator_U":74.394211,"data_generator_V":-61.337154},{"data_generator_U":74.304115,"data_generator_V":-61.235744},{"data_generator_U":74.214195,"data_generator_V":-61.133194},{"data_generator_U":74.124458,"data_generator_V":-61.029446},{"data_generator_U":74.034897,"data_generator_V":-60.924446}]