T,ACT,C,V
0.0,0.0,0.0,-70.0
0.029999999,3.5227017e-06,0.00017613509,-69.379135
0.059999999,7.5380599e-06,0.00037690299,-68.690392
0.090000004,1.2221698e-05,0.00061108492,-67.906525
0.12,1.7855866e-05,0.00089279329,-66.982796
0.15000001,2.4932186e-05,0.0012466093,-65.839783
0.18000001,3.440752e-05,0.001720376,-64.321259
0.20999999,4.8416361e-05,0.002420818,-62.083626
0.23999999,7.2125506e-05,0.0036062752,-58.397797
0.27000001,0.00011516497,0.0057582483,-52.838589
0.30000001,0.00018791015,0.0093955072,-47.627838
0.33000001,0.00028407093,0.014203547,-45.847706
0.36000001,0.00038037848,0.019018924,-46.43581
0.38999999,0.00046592404,0.023296202,-47.778423
0.41999999,0.00053760031,0.026880017,-49.482487
0.44999999,0.00059464807,0.029732404,-51.473488
0.47999999,0.00063752278,0.031876139,-53.722252
0.50999999,0.0006671325,0.033356626,-56.258522
0.54000002,0.00068352727,0.034176361,-59.284557
0.56999999,0.00068565551,0.034282774,-63.117958
0.60000002,0.00067552703,0.03377635,-67.37056
0.63,0.00065958349,0.032979175,-70.964569
0.66000003,0.00064197858,0.032098927,-73.550163
0.69,0.00062411994,0.031205997,-75.310204
0.72000003,0.00060645951,0.030322976,-76.489029
0.75,0.00058915943,0.029457973,-77.276047
0.77999997,0.00057228218,0.028614108,-77.801239
0.81,0.00055585208,0.027792603,-78.151543
0.83999997,0.00053987576,0.026993789,-78.384293
0.87,0.00052435201,0.0262176,-78.537422
0.89999998,0.00050927477,0.025463739,-78.636215
0.93000001,0.00049463549,0.024731776,-78.69754
0.95999998,0.00048042438,0.024021218,-78.732773
0.99000001,0.00046663082,0.02333154,-78.749611
1.02,0.00045324396,0.022662198,-78.753296
1.05,0.00044025289,0.022012644,-78.747414
1.08,0.00042764659,0.02138233,-78.734512
1.11,0.0004154144,0.020770719,-78.716385
1.14,0.00040354603,0.020177301,-78.694305
1.17,0.00039203092,0.019601546,-78.669174
1.2,0.00038085858,0.01904293,-78.641609
1.23,0.00037001885,0.018500943,-78.612022
1.26,0.00035950198,0.017975099,-78.580681
1.29,0.00034929853,0.017464926,-78.547806
1.3200001,0.00033940023,0.016970012,-78.51368
1.35,0.00032979815,0.016489906,-78.478394
1.38,0.00032048396,0.016024198,-78.442093
1.41,0.00031144908,0.015572454,-78.404808
1.4400001,0.00030268502,0.015134251,-78.366562
1.47,0.00029418396,0.014709199,-78.327385
1.5,0.00028593821,0.014296911,-78.287292
1.53,0.00027794033,0.013897016,-78.2463
1.5599999,0.00027018302,0.013509152,-78.204414
1.59,0.00026265948,0.013132974,-78.161659
1.62,0.00025536297,0.012768148,-78.118042
1.65,0.00024828693,0.012414346,-78.07357
1.6799999,0.00024142509,0.012071255,-78.028244
1.71,0.00023477107,0.011738554,-77.982063
1.74,0.00022831898,0.011415949,-77.935028
1.77,0.0002220631,0.011103155,-77.887138
1.8,0.00021599706,0.010799853,-77.838379
1.83,0.00021011522,0.010505761,-77.788734
1.86,0.00020441253,0.010220626,-77.73822
1.89,0.00019888414,0.009944207,-77.686821
1.92,0.00019352566,0.0096762823,-77.634544
1.95,0.00018833323,0.0094166612,-77.581413
1.98,0.00018329985,0.0091649927,-77.527367
2.01,0.00017842223,0.008921111,-77.472443
2.04,0.00017369648,0.0086848242,-77.416634
2.0699999,0.00016911872,0.0084559359,-77.359947
2.0999999,0.00016468385,0.0082341926,-77.302361
2.1300001,0.00016038827,0.0080194138,-77.243889
2.1600001,0.00015622789,0.007811395,-77.184525
2.1900001,0.00015219874,0.0076099373,-77.12426
2.22,0.00014829775,0.0074148877,-77.063095
2.25,0.00014452083,0.007226042,-77.001022
2.28,0.00014086436,0.0070432178,-76.938026
2.3099999,0.00013732488,0.0068662441,-76.8741
2.3399999,0.00013389971,0.0066949851,-76.809265
2.3699999,0.00013058542,0.0065292711,-76.7435
2.4000001,0.00012737907,0.0063689533,-76.676811
2.4300001,0.00012427775,0.0062138876,-76.609184
2.46,0.00012127866,0.006063933,-76.540642
2.49,0.00011837923,0.0059189619,-76.471176
2.52,0.000115577,0.0057788501,-76.400795
2.55,0.00011286942,0.0056434711,-76.329498
2.5799999,0.0001102539,0.0055126948,-76.257278
2.6099999,0.00010772827,0.0053864135,-76.184151
2.6400001,0.0001052903,0.0052645151,-76.110107
2.6700001,0.00010293779,0.0051468895,-76.035149
2.7,0.00010066861,0.0050334302,-75.959267
2.73,9.8480683e-05,0.0049240342,-75.882462
2.76,9.6372001e-05,0.0048186001,-75.804718
2.79,9.4340758e-05,0.004717038,-75.726044
2.8199999,9.2385148e-05,0.0046192571,-75.646431
2.8499999,9.050333e-05,0.0045251665,-75.56588
2.8800001,8.8693596e-05,0.0044346801,-75.484375
2.9100001,8.6954409e-05,0.0043477206,-75.401924
2.9400001,8.5284228e-05,0.0042642113,-75.318535
2.97,8.3681545e-05,0.004184077,-75.234192
3.0,8.2144972e-05,0.0041072485,-75.148918
3.03,8.0673133e-05,0.0040336568,-75.062698
3.0599999,7.926477e-05,0.0039632386,-74.975533
3.0899999,7.7918667e-05,0.0038959333,-74.887436
3.1199999,7.6633689e-05,0.0038316844,-74.798416
3.1500001,7.5408687e-05,0.0037704343,-74.708435
3.1800001,7.4242649e-05,0.0037121323,-74.617508
3.21,7.3134586e-05,0.0036567291,-74.52562
3.24,7.2083574e-05,0.0036041788,-74.43277
3.27,7.1088776e-05,0.0035544389,-74.338936
3.3,7.0149385e-05,0.0035074691,-74.244102
3.3299999,6.9264635e-05,0.0034632317,-74.148254
3.3599999,6.8433852e-05,0.0034216924,-74.051369
3.3900001,6.765643e-05,0.0033828216,-73.953476
3.4200001,6.6931789e-05,0.0033465896,-73.854538
3.45,6.625941e-05,0.0033129705,-73.754539
3.48,6.5638829e-05,0.0032819414,-73.653458
3.51,6.5069667e-05,0.0032534832,-73.551277
3.54,6.4551699e-05,0.003227585,-73.447983
3.5699999,6.4084619e-05,0.0032042309,-73.343559
3.5999999,6.3668216e-05,0.0031834107,-73.237968
3.6300001,6.3302359e-05,0.0031651179,-73.131187
3.6600001,6.2987012e-05,0.0031493504,-73.023186
3.6900001,6.2722334e-05,0.0031361168,-72.913933
3.72,6.2508356e-05,0.0031254177,-72.803391
3.75,6.2345251e-05,0.0031172626,-72.691521
3.78,6.2233281e-05,0.003111664,-72.578278
3.8099999,6.217281e-05,0.0031086407,-72.463608
3.8399999,6.2164501e-05,0.0031082251,-72.347458
3.8699999,6.2208805e-05,0.0031104404,-72.229759
3.9000001,6.230639e-05,0.0031153194,-72.110458
3.9300001,6.2458006e-05,0.0031229004,-71.989471
3.96,6.26646e-05,0.0031332299,-71.86673
3.99,6.2927582e-05,0.0031463793,-71.742104
4.02,6.3247986e-05,0.0031623994,-71.615501
4.0500002,6.3627172e-05,0.0031813586,-71.486824
4.0799999,6.406664e-05,0.0032033322,-71.355934
4.1100001,6.4568128e-05,0.0032284062,-71.222702
4.1399999,6.5134023e-05,0.0032567009,-71.086929
4.1700001,6.576642e-05,0.003288321,-70.948448
4.1999998,6.6467866e-05,0.0033233934,-70.807045
4.23,6.7241446e-05,0.0033620724,-70.662468
4.2600002,6.8090681e-05,0.003404534,-70.514427
4.29,6.9019188e-05,0.0034509592,-70.36261
4.3200002,7.0031136e-05,0.0035015568,-70.206673
4.3499999,7.1132177e-05,0.0035566087,-70.046104
4.3800001,7.2327646e-05,0.0036163821,-69.88044
4.4099998,7.3623771e-05,0.0036811884,-69.709129
4.4400001,7.50279e-05,0.0037513948,-69.531494
4.4699998,7.6549753e-05,0.0038274876,-69.346596
4.5,7.8199802e-05,0.0039099902,-69.153412
4.5300002,7.9991005e-05,0.0039995499,-68.950645
4.5599999,8.193824e-05,0.0040969118,-68.736778
4.5900002,8.4060346e-05,0.0042030173,-68.509827
4.6199999,8.638006e-05,0.0043190029,-68.267342
4.6500001,8.892647e-05,0.0044463235,-68.006065
4.6799998,9.173638e-05,0.0045868186,-67.721794
4.71,9.4857118e-05,0.0047428561,-67.408943
4.7399998,9.835331e-05,0.0049176654,-67.059654
4.77,0.00010231444,0.0051157218,-66.662682
4.8000002,0.00010686847,0.0053434232,-66.2015
4.8299999,0.00011220446,0.0056102229,-65.651009
4.8600001,0.00011862409,0.0059312047,-64.970039
4.8899999,0.0001266374,0.0063318703,-64.087517
4.9200001,0.00013718201,0.0068591004,-62.871914
4.9499998,0.00015212639,0.0076063201,-61.069752
4.98,0.0001752181,0.0087609049,-58.260029
5.0100002,0.00021223996,0.010611998,-54.31295
5.04,0.00026838592,0.013419296,-50.381313
5.0700002,0.0003426561,0.017132806,-48.157902
5.0999999,0.0004228265,0.021141326,-47.988098
5.1300001,0.0004970507,0.024852535,-48.992531
5.1599998,0.00055986928,0.027993463,-50.585255
5.1900001,0.00060962414,0.030481208,-52.549007
5.2199998,0.0006464108,0.03232054,-54.813408
5.25,0.0006705721,0.033528604,-57.443253
5.2800002,0.00068140548,0.034070276,-60.710567
5.3099999,0.00067824044,0.033912022,-64.779297
5.3400002,0.00066527486,0.033263743,-68.8479
5.3699999,0.00064855657,0.032427829,-72.03511
5.4000001,0.00063090667,0.031545334,-74.269867
5.4299998,0.0006132265,0.030661324,-75.782639
5.46,0.00059581961,0.029790981,-76.796288
5.4899998,0.00057879963,0.028939981,-77.474648
5.52,0.00056220783,0.028110391,-77.928589
5.5500002,0.0005460605,0.027303025,-78.231743
5.5799999,0.00053036504,0.026518252,-78.433128
5.6100001,0.00051511743,0.025755871,-78.565292
5.6399999,0.00050031021,0.025015511,-78.649895
5.6700001,0.00048593449,0.024296725,-78.701508
5.6999998,0.00047198014,0.023599006,-78.729996
5.73,0.00045843652,0.022921825,-78.742096
5.7600002,0.00044529283,0.022264641,-78.742401
5.79,0.00043253799,0.021626899,-78.734085
5.8200002,0.00042016117,0.021008059,-78.719383
5.8499999,0.0004081518,0.020407589,-78.69989
5.8800001,0.00039649941,0.019824971,-78.67672
5.9099998,0.00038519382,0.019259691,-78.65065
5.9400001,0.00037422503,0.018711252,-78.622223
5.9699998,0.00036358327,0.018179163,-78.591873
6.0,0.00035325903,0.017662952,-78.559891
6.0300002,0.00034324313,0.017162157,-78.526497
6.0599999,0.00033352658,0.016676329,-78.491859
6.0900002,0.00032410075,0.016205037,-78.456085
6.1199999,0.00031495714,0.015747858,-78.419243
6.1500001,0.00030608763,0.015304381,-78.381386
6.1799998,0.00029748419,0.01487421,-78.342567
6.21,0.00028913913,0.014456956,-78.302811
6.2399998,0.00028104495,0.014052248,-78.262123
6.27,0.00027319434,0.013659718,-78.220566
6.3000002,0.00026558022,0.013279011,-78.178169
6.3299999,0.00025819577,0.012909789,-78.134918
6.3600001,0.0002510343,0.012551715,-78.090843
6.3899999,0.00024408937,0.012204468,-78.045914
6.4200001,0.00023735478,0.011867738,-78.000122
6.4499998,0.00023082443,0.011541221,-77.953468
6.48,0.00022449247,0.011224624,-77.905914
6.5100002,0.00021835321,0.01091766,-77.857483
6.54,0.00021240109,0.010620055,-77.808189
6.5700002,0.00020663078,0.010331539,-77.758018
6.5999999,0.00020103707,0.010051853,-77.707016
6.6300001,0.00019561489,0.009780745,-77.655151
6.6599998,0.00019035938,0.0095179696,-77.602425
6.6900001,0.0001852658,0.0092632901,-77.54882
6.7199998,0.00018032957,0.0090164784,-77.494301
6.75,0.00017554624,0.008777312,-77.438873
6.7800002,0.00017091153,0.0085455766,-77.382523
6.8099999,0.00016642123,0.0083210617,-77.325256
6.8400002,0.00016207132,0.0081035653,-77.26709
6.8699999,0.00015785785,0.0078928927,-77.208054
6.9000001,0.00015377706,0.007688853,-77.14814
6.9299998,0.00014982524,0.0074912622,-77.087357
6.96,0.00014599884,0.007299942,-77.025673
6.9899998,0.0001422944,0.0071147201,-76.963066
7.02,0.00013870862,0.0069354307,-76.899529
7.0500002,0.00013523825,0.0067619127,-76.835014
7.0799999,0.00013188018,0.0065940092,-76.769562
7.1100001,0.00012863141,0.0064315703,-76.703186
7.1399999,0.00012548896,0.0062744482,-76.635887
7.1700001,0.00012245003,0.0061225016,-76.567726
7.1999998,0.00011951187,0.0059755938,-76.498688
7.23,0.00011667184,0.0058335918,-76.428764
7.2600002,0.00011392736,0.0056963679,-76.357933
7.29,0.000111276,0.0055638002,-76.286148
7.3200002,0.00010871538,0.005435769,-76.213394
7.3499999,0.00010624319,0.0053121597,-76.139687
7.3800001,0.00010385723,0.0051928614,-76.065025
7.4099998,0.00010155536,0.0050777677,-75.989441
7.4400001,9.9335492e-05,0.0049667745,-75.912964
7.4699998,9.719564e-05,0.0048597823,-75.835587
7.5,9.5133895e-05,0.0047566947,-75.757324
7.5300002,9.314841e-05,0.0046574203,-75.678139
7.5599999,9.1237423e-05,0.0045618713,-75.598
7.5900002,8.939924e-05,0.0044699619,-75.516914
7.6199999,8.7632237e-05,0.0043816119,-75.434853
7.6500001,8.5934858e-05,0.0042967428,-75.351822
7.6799998,8.4305597e-05,0.0042152801,-75.267845
7.71,8.2743019e-05,0.0041371509,-75.182922
7.7399998,8.1245737e-05,0.004062287,-75.097092
7.77,7.9812438e-05,0.0039906218,-75.010361
7.8000002,7.8441859e-05,0.0039220927,-74.922707
7.8299999,7.7132812e-05,0.0038566408,-74.834122
7.8600001,7.5884207e-05,0.0037942103,-74.744568
7.8899999,7.4694974e-05,0.0037347488,-74.653999
7.9200001,7.3564137e-05,0.0036782071,-74.562416
7.9499998,7.2490766e-05,0.0036245384,-74.469795
7.98,7.1473958e-05,0.0035736978,-74.376183
8.0100002,7.0512862e-05,0.0035256431,-74.281609
8.04,6.9606693e-05,0.0034803345,-74.186073
8.0699997,6.8754678e-05,0.003437734,-74.089638
8.1000004,6.79562e-05,0.00339781,-73.992226
8.1300001,6.7210654e-05,0.0033605327,-73.893799
8.1599998,6.6517539e-05,0.003325877,-73.794312
8.1899996,6.5876462e-05,0.0032938232,-73.693657
8.2200003,6.5287e-05,0.0032643499,-73.591858
8.25,6.4748805e-05,0.0032374405,-73.488922
8.2799997,6.42616e-05,0.0032130799,-73.384865
8.3100004,6.3825108e-05,0.0031912555,-73.279716
8.3400002,6.3439184e-05,0.003171959,-73.17347
8.3699999,6.3103791e-05,0.0031551893,-73.066032
8.3999996,6.2818945e-05,0.0031409471,-72.957352
8.4300003,6.2584775e-05,0.0031292387,-72.847351
8.46,6.2401501e-05,0.003120075,-72.735939
8.4899998,6.2269297e-05,0.0031134649,-72.623146
8.5200005,6.2188505e-05,0.0031094253,-72.508965
8.5500002,6.2159503e-05,0.0031079752,-72.393356
8.5799999,6.2182749e-05,0.0031091375,-72.276352
8.6099997,6.2258958e-05,0.003112948,-72.157791
8.6400003,6.2388906e-05,0.0031194454,-72.037575
8.6700001,6.2573527e-05,0.0031286764,-71.915604
8.6999998,6.2813961e-05,0.003140698,-71.791695
8.7299995,6.3111329e-05,0.0031555665,-71.665794
8.7600002,6.3466934e-05,0.0031733469,-71.537857
8.79,6.3882297e-05,0.0031941149,-71.407761
8.8199997,6.4359083e-05,0.003217954,-71.275414
8.8500004,6.4899214e-05,0.0032449604,-71.140678
8.8800001,6.5504937e-05,0.0032752468,-71.003319
8.9099998,6.6178727e-05,0.0033089365,-70.863129
8.9399996,6.6923414e-05,0.0033461708,-70.719879
8.9700003,6.7742192e-05,0.0033871096,-70.573273
9.0,6.8638714e-05,0.0034319358,-70.423004
9.0299997,6.961709e-05,0.0034808547,-70.268738
9.0600004,7.0682079e-05,0.003534104,-70.110046
9.0900002,7.1839007e-05,0.0035919503,-69.946495
9.1199999,7.3094227e-05,0.0036547112,-69.777496
9.1499996,7.4454816e-05,0.0037227406,-69.602417
9.1800003,7.5929449e-05,0.0037964724,-69.420425
9.21,7.7527846e-05,0.003876392,-69.230598
9.2399998,7.9262114e-05,0.0039631058,-69.031723
9.2700005,8.1146136e-05,0.0040573068,-68.822395
9.3000002,8.319741e-05,0.0041598706,-68.600792
9.3299999,8.5436783e-05,0.0042718388,-68.364677
9.3599997,8.7889988e-05,0.0043944996,-68.111244
9.3900003,9.0590969e-05,0.0045295488,-67.836624
9.4200001,9.358301e-05,0.0046791504,-67.535759
9.4499998,9.6923985e-05,0.0048461989,-67.201683
9.4799995,0.000100691,0.0050345501,-66.82486
9.5100002,0.00010499416,0.005249708,-66.391235
9.54,0.0001099958,0.0054997895,-65.879463
9.5699997,0.00011594447,0.0057972237,-65.255989
9.6000004,0.00012325302,0.0061626509,-64.463669
9.6300001,0.00013265201,0.0066326009,-63.400028
9.6599998,0.00014555592,0.007277796,-61.868851
9.6899996,0.00016485373,0.0082426872,-59.507645
9.7200003,0.00019569948,0.0097849742,-55.950401
9.75,0.00024393121,0.01219656,-51.799561
9.7799997,0.00031204236,0.015602117,-48.754917
9.8100004,0.00039165691,0.019582845,-47.863884
9.8400002,0.00046917101,0.02345855,-48.508755
9.8699999,0.0005367985,0.026839927,-49.909882
9.8999996,0.00059171923,0.029585963,-51.742538
9.9300003,0.00063351978,0.031675991,-53.890705
9.96,0.00066262536,0.033131268,-56.357468
9.9899998,0.00067884132,0.033942066,-59.331772
10.02,0.00068101555,0.034050778,-63.117508
10.05,0.00067106623,0.033553313,-67.331062
10.08,0.00065530109,0.032765057,-70.909042
10.11,0.00063784781,0.031892393,-73.494438
10.14,0.00062012533,0.031006267,-75.260208
10.17,0.00060259318,0.030129658,-76.446045
10.2,0.00058541639,0.029270818,-77.239677
10.23,0.00056865637,0.02843282,-77.770805
10.26,0.00055233826,0.027616912,-78.126038
10.29,0.00053646963,0.026823482,-78.362808
10.32,0.00052104943,0.026052473,-78.519188
10.35,0.00050607166,0.025303582,-78.620522
10.38,0.00049152842,0.024576422,-78.6838
10.41,0.00047741045,0.023870522,-78.720589
10.44,0.00046370717,0.023185357,-78.738716
10.47,0.00045040785,0.022520393,-78.743416
10.5,0.00043750161,0.02187508,-78.738274
10.53,0.00042497762,0.021248881,-78.725876
10.56,0.0004128252,0.02064126,-78.708115
10.59,0.00040103382,0.020051692,-78.686279
10.62,0.00038959319,0.01947966,-78.661278
10.65,0.00037849322,0.018924661,-78.633743
10.68,0.00036772407,0.018386204,-78.604134
10.71,0.00035727621,0.01786381,-78.572754
10.74,0.00034714025,0.017357012,-78.539848
10.77,0.00033730717,0.016865358,-78.505646
10.8,0.00032776818,0.016388409,-78.470215
10.83,0.00031851474,0.015925737,-78.433701
10.86,0.00030953853,0.015476927,-78.396202
10.89,0.00030083154,0.015041577,-78.357773
10.92,0.0002923859,0.014619295,-78.318451
10.95,0.00028419404,0.014209702,-78.278221
10.98,0.00027624858,0.013812428,-78.237083
11.01,0.00026854235,0.013427118,-78.195038
11.04,0.00026106846,0.013053424,-78.152107
11.07,0.00025382018,0.01269101,-78.108315
11.1,0.00024679099,0.01233955,-78.063698
11.13,0.00023997456,0.011998728,-78.018242
11.16,0.00023336473,0.011668236,-77.971939
11.19,0.00022695556,0.011347778,-77.924759
11.22,0.00022074129,0.011037065,-77.87674
11.25,0.00021471632,0.010735816,-77.827835
11.28,0.00020887522,0.010443761,-77.778061
11.31,0.00020321274,0.010160637,-77.727425
11.34,0.00019772377,0.0098861884,-77.675873
11.37,0.00019240339,0.0096201692,-77.623436
11.4,0.00018724678,0.009362339,-77.570061
11.43,0.00018224934,0.0091124661,-77.515747
11.46,0.00017740653,0.0088703269,-77.460533
11.49,0.00017271402,0.0086357007,-77.404419
11.52,0.00016816756,0.0084083779,-77.347427
11.55,0.00016376306,0.0081881527,-77.289604
11.58,0.00015949653,0.0079748267,-77.230965
11.61,0.00015536412,0.0077682063,-77.171478
11.64,0.0001513621,0.0075681051,-77.11116
11.67,0.00014748688,0.0073743435,-77.049957
11.7,0.00014373494,0.0071867472,-76.987808
11.73,0.00014010294,0.0070051472,-76.92466
11.76,0.00013658761,0.0068293805,-76.860535
11.79,0.00013318582,0.0066592912,-76.795372
11.82,0.0001298945,0.0064947251,-76.72921
11.85,0.00012671069,0.0063355346,-76.662117
11.88,0.00012363153,0.0061815763,-76.594162
11.91,0.00012065422,0.0060327114,-76.525307
11.94,0.00011777608,0.0058888039,-76.455643
11.97,0.00011499449,0.0057497248,-76.38517
12.0,0.00011230696,0.005615348,-76.313843
12.03,0.00010971102,0.0054855514,-76.241646
12.06,0.0001072044,0.0053602201,-76.168526
12.09,0.00010478484,0.0052392422,-76.094376
12.12,0.0001024502,0.0051225103,-76.019157
12.15,0.00010019838,0.0050099189,-75.942978
12.18,9.8027376e-05,0.0049013686,-75.865852
12.21,9.5935233e-05,0.0047967616,-75.787842
12.24,9.3920076e-05,0.0046960036,-75.708977
12.27,9.1980073e-05,0.0045990036,-75.62925
12.3,9.0113528e-05,0.0045056762,-75.548622
12.33,8.8318782e-05,0.0044159391,-75.466988
12.36,8.6594264e-05,0.0043297131,-75.384346
12.39,8.4938496e-05,0.0042469245,-75.300644
12.42,8.3349987e-05,0.0041674995,-75.215965
12.45,8.1827326e-05,0.0040913662,-75.130402
12.48,8.0369136e-05,0.0040184571,-75.044006
12.51,7.897411e-05,0.0039487053,-74.956825
12.54,7.7641031e-05,0.0038820514,-74.868767
12.57,7.6368771e-05,0.0038184386,-74.779747
12.6,7.5156328e-05,0.0037578163,-74.689621
12.63,7.4002659e-05,0.0037001329,-74.598404
12.66,7.2906805e-05,0.0036453404,-74.506172
12.69,7.1867835e-05,0.0035933917,-74.412964
12.72,7.0884817e-05,0.003544241,-74.318924
12.75,6.9957016e-05,0.0034978508,-74.223923
12.78,6.9083697e-05,0.0034541849,-74.12793
12.81,6.8264235e-05,0.0034132118,-74.030853
12.84,6.7498055e-05,0.0033749028,-73.932602
12.87,6.678456e-05,0.003339228,-73.83329
12.9,6.6123226e-05,0.0033061614,-73.732941
12.93,6.5513566e-05,0.0032756783,-73.631622
12.96,6.4955195e-05,0.0032477598,-73.52932
12.99,6.4447879e-05,0.0032223938,-73.425896
13.02,6.3991407e-05,0.0031995701,-73.321304
13.05,6.3585714e-05,0.0031792857,-73.215378
13.08,6.3230647e-05,0.0031615323,-73.108192
13.11,6.2926149e-05,0.0031463075,-72.999809
13.14,6.2672269e-05,0.0031336136,-72.890167
13.17,6.246908e-05,0.0031234541,-72.779335
13.2,6.2316853e-05,0.0031158426,-72.667175
13.23,6.2215862e-05,0.003110793,-72.55365
13.26,6.2166502e-05,0.0031083252,-72.438698
13.29,6.2169282e-05,0.0031084639,-72.322243
13.32,6.222479e-05,0.0031112395,-72.204231
13.35,6.2333762e-05,0.003116688,-72.084579
13.38,6.2497013e-05,0.0031248506,-71.963234
13.41,6.2715582e-05,0.0031357789,-71.84008
13.44,6.2990541e-05,0.0031495271,-71.715042
13.47,6.3323147e-05,0.0031661573,-71.58802
13.5,6.3714957e-05,0.0031857477,-71.458878
13.53,6.4167478e-05,0.0032083739,-71.327499
13.56,6.4682594e-05,0.0032341299,-71.193726
13.59,6.5262575e-05,0.0032631287,-71.057381
13.62,6.590956e-05,0.0032954782,-70.918282
13.65,6.6626402e-05,0.0033313199,-70.776207
13.68,6.7416157e-05,0.0033708077,-70.63089
13.71,6.8281945e-05,0.0034140972,-70.482079
13.74,6.9228248e-05,0.0034614126,-70.329391
13.77,7.0259222e-05,0.0035129613,-70.17247
13.8,7.1379582e-05,0.003568979,-70.01091
13.83,7.2595707e-05,0.0036297855,-69.844124
13.86,7.3914234e-05,0.003695712,-69.671524
13.89,7.5343312e-05,0.0037671658,-69.49234
13.92,7.6892153e-05,0.0038446076,-69.305695
13.95,7.8572033e-05,0.0039286017,-69.110481
13.98,8.0396043e-05,0.004019802,-68.905396
14.01,8.2379855e-05,0.0041189925,-68.688828
14.04,8.4542487e-05,0.0042271242,-68.458763
14.07,8.6908512e-05,0.0043454254,-68.212517
14.1,8.9508365e-05,0.0044754185,-67.946678
14.13,9.238116e-05,0.0046190582,-67.656731
14.16,9.5577496e-05,0.0047788746,-67.336678
14.19,9.9166202e-05,0.0049583102,-66.978081
14.22,0.00010324355,0.0051621771,-66.568787
14.25,0.0001079479,0.0053973952,-66.090813
14.28,0.00011348802,0.0056744008,-65.516266
14.31,0.00012020044,0.006010022,-64.798973
14.34,0.00012866137,0.0064330683,-63.858402
14.37,0.00013995453,0.0069977269,-62.542759
14.4,0.000156266,0.0078133,-60.561363
14.43,0.00018185872,0.0090929363,-57.483044
14.46,0.00022267424,0.011133712,-53.395302
14.49,0.00028325053,0.014162527,-49.708862
14.52,0.00036006709,0.018003354,-47.972366
14.55,0.00043971706,0.021985853,-48.135334
14.58,0.00051175203,0.0255876,-49.299324
14.61,0.00057179038,0.028589521,-50.983959
14.64,0.00061869062,0.030934529,-53.015301
14.67,0.00065272814,0.032636408,-55.346954
14.7,0.00067410577,0.03370529,-58.085251
14.73,0.00068186619,0.034093309,-61.534824
14.76,0.00067601609,0.033800807,-65.705093
14.79,0.00066182239,0.03309112,-69.626686
14.82,0.00064476597,0.032238297,-72.593826
14.85,0.00062706828,0.031353414,-74.650581
14.88,0.00060943299,0.030471649,-76.038055
14.91,0.00059210457,0.029605228,-76.967361
14.94,0.00057517644,0.028758822,-77.589355
14.97,0.0005586815,0.027934074,-78.005203
15.0,0.00054263487,0.027131744,-78.282738
15.03,0.00052703841,0.026351921,-78.466782
15.06,0.00051188772,0.025594385,-78.587074
15.09,0.00049717526,0.024858763,-78.663521
15.12,0.0004828918,0.02414459,-78.709419
15.15,0.00046902717,0.02345136,-78.733841
15.18,0.00045557081,0.022778541,-78.743027
15.21,0.00044251181,0.022125591,-78.741226
15.24,0.0004298393,0.021491965,-78.731354
15.27,0.00041754259,0.020877128,-78.7155
15.3,0.000405611,0.020280551,-78.695114
15.33,0.0003940342,0.01970171,-78.671272
15.36,0.00038280198,0.019140098,-78.644676
15.39,0.0003719044,0.018595219,-78.615829
15.42,0.00036133177,0.018066589,-78.585106
15.45,0.0003510747,0.017553734,-78.55278
15.48,0.00034112402,0.017056201,-78.519051
15.51,0.00033147086,0.016573543,-78.484093
15.54,0.00032210656,0.016105328,-78.448029
15.57,0.00031302273,0.015651137,-78.410957
15.6,0.00030421125,0.015210562,-78.372978
15.63,0.00029566418,0.014783208,-78.334099
15.66,0.00028737381,0.014368691,-78.294289
15.69,0.00027933269,0.013966634,-78.253548
15.72,0.00027153353,0.013576677,-78.211823
15.75,0.00026396941,0.01319847,-78.169174
15.78,0.00025663347,0.012831674,-78.125641
15.81,0.00024951919,0.012475959,-78.081276
15.84,0.00024262012,0.012131006,-78.036148
15.87,0.0002359301,0.011796505,-77.990227
15.9,0.00022944305,0.011472153,-77.943481
15.93,0.00022315313,0.011157656,-77.895821
15.96,0.00021705464,0.010852732,-77.847214
15.99,0.00021114209,0.010557105,-77.797646
16.02,0.00020541021,0.010270511,-77.747154
16.049999,0.00019985385,0.0099926926,-77.695839
16.08,0.000194468,0.0097233998,-77.643723
16.110001,0.00018924783,0.009462391,-77.590874
16.139999,0.00018418861,0.0092094308,-77.537216
16.17,0.00017928574,0.0089642871,-77.482635
16.200001,0.00017453481,0.0087267403,-77.427086
16.23,0.00016993152,0.008496576,-77.370453
16.26,0.00016547175,0.0082735876,-77.31282
16.290001,0.00016115153,0.0080575766,-77.254272
16.32,0.00015696697,0.0078483485,-77.194931
16.35,0.00015291433,0.0076457164,-77.134895
16.379999,0.0001489899,0.0074494951,-77.074112
16.41,0.00014519015,0.0072595072,-77.012505
16.440001,0.00014151157,0.0070755789,-76.949837
16.469999,0.00013795089,0.006897545,-76.886086
16.5,0.00013450492,0.0067252461,-76.821114
16.530001,0.00013117059,0.0065585296,-76.755096
16.559999,0.00012794496,0.0063972482,-76.688278
16.59,0.00012482514,0.0062412568,-76.620758
16.620001,0.00012180827,0.0060904133,-76.552528
16.65,0.00011889157,0.0059445784,-76.483391
16.68,0.00011607241,0.0058036204,-76.413246
16.709999,0.00011334827,0.0056674136,-76.342087
16.74,0.00011071674,0.0055358368,-76.269981
16.77,0.00010817545,0.0054087727,-76.19706
16.799999,0.00010572211,0.0052861054,-76.123314
16.83,0.0001033545,0.005167725,-76.048637
16.860001,0.00010107049,0.0050535249,-75.972977
16.889999,9.8868048e-05,0.0049434025,-75.896324
16.92,9.67452e-05,0.0048372601,-75.81871
16.950001,9.4700066e-05,0.0047350037,-75.740158
16.98,9.2730836e-05,0.0046365419,-75.660683
17.01,9.0835747e-05,0.0045417873,-75.580292
17.040001,8.9013105e-05,0.0044506555,-75.498985
17.07,8.7261295e-05,0.0043630647,-75.41674
17.1,8.5578751e-05,0.0042789378,-75.333549
17.129999,8.3964005e-05,0.0041982001,-75.249413
17.16,8.2415623e-05,0.0041207811,-75.164337
17.190001,8.0932252e-05,0.0040466129,-75.0783
17.219999,7.9512611e-05,0.0039756303,-74.991325
17.25,7.8155448e-05,0.0039077722,-74.903404
17.280001,7.68596e-05,0.0038429799,-74.814522
17.309999,7.5623946e-05,0.0037811976,-74.724701
17.34,7.4447446e-05,0.0037223725,-74.633911
17.370001,7.3329102e-05,0.0036664549,-74.54216
17.4,7.2267976e-05,0.0036133989,-74.44944
17.43,7.1263203e-05,0.0035631603,-74.355736
17.459999,7.0313967e-05,0.0035156982,-74.26104
17.49,6.9419511e-05,0.0034709754,-74.165337
17.52,6.8579138e-05,0.0034289567,-74.068619
17.549999,6.7792207e-05,0.0033896102,-73.970879
17.58,6.7058143e-05,0.003352907,-73.872101
17.610001,6.6376422e-05,0.0033188213,-73.772263
17.639999,6.5746601e-05,0.00328733,-73.671356
17.67,6.5168279e-05,0.0032584139,-73.569366
17.700001,6.4641128e-05,0.0032320565,-73.46627
17.73,6.4164902e-05,0.0032082449,-73.362045
17.76,6.373939e-05,0.0031869696,-73.256668
17.790001,6.3364481e-05,0.0031682241,-73.150108
17.82,6.3040126e-05,0.0031520063,-73.042336
17.85,6.2766347e-05,0.0031383175,-72.933311
17.879999,6.2543237e-05,0.0031271619,-72.823013
17.91,6.2370986e-05,0.003118549,-72.711388
17.940001,6.2249885e-05,0.0031124945,-72.598404
17.969999,6.2180283e-05,0.0031090141,-72.483994
18.0,6.2162602e-05,0.0031081303,-72.368118
18.030001,6.2197396e-05,0.0031098698,-72.25071
18.059999,6.2285428e-05,0.0031142717,-72.131699
18.09,6.2427425e-05,0.0031213714,-72.011024
18.120001,6.2624262e-05,0.0031312131,-71.888588
18.15,6.2876941e-05,0.003143847,-71.76432
18.18,6.3186904e-05,0.0031593451,-71.638084
18.209999,6.3555388e-05,0.0031777695,-71.509796
18.24,6.398392e-05,0.003199196,-71.379318
18.27,6.4474167e-05,0.0032237084,-71.246521
18.299999,6.5028522e-05,0.0032514262,-71.111206
18.33,6.5649045e-05,0.0032824522,-70.973206
18.360001,6.6338202e-05,0.0033169102,-70.832321
18.389999,6.7098736e-05,0.0033549368,-70.688332
18.42,6.7934219e-05,0.0033967108,-70.540939
18.450001,6.8848261e-05,0.0034424129,-70.389832
18.48,6.9844973e-05,0.0034922485,-70.234665
18.51,7.0929527e-05,0.0035464761,-70.074989
18.540001,7.2107388e-05,0.0036053695,-69.910309
18.57,7.3384785e-05,0.0036692393,-69.740082
18.6,7.4769829e-05,0.0037384916,-69.56353
18.629999,7.6271026e-05,0.0038135513,-69.37986
18.66,7.7898098e-05,0.0038949051,-69.188156
18.690001,7.9663609e-05,0.0039831805,-68.987152
18.719999,8.158214e-05,0.0040791067,-68.775368
18.75,8.3672043e-05,0.0041836025,-68.550873
18.780001,8.5955086e-05,0.0042977543,-68.311325
18.809999,8.8459936e-05,0.0044229967,-68.053528
18.84,9.1220551e-05,0.0045610275,-67.773643
18.870001,9.4282819e-05,0.0047141411,-67.466263
18.9,9.7708114e-05,0.0048854058,-67.12397
18.93,0.0001015806,0.0050790301,-66.736244
18.959999,0.00010601813,0.0053009065,-66.288002
18.99,0.00011119847,0.0055599236,-65.755684
19.02,0.00011739935,0.0058699674,-65.10154
19.049999,0.00012508129,0.0062540649,-64.26165
19.08,0.00013508291,0.0067541455,-63.118275
19.110001,0.00014905086,0.0074525434,-61.44529
19.139999,0.00017033244,0.0085166218,-58.844109
19.17,0.00020447728,0.010223865,-55.054138
19.200001,0.00025703927,0.012851963,-50.988289
19.23,0.00032876874,0.016438436,-48.382259
19.26,0.00040894572,0.020447286,-47.907951
19.290001,0.00048476094,0.024238048,-48.763863
19.32,0.00054977392,0.027488697,-50.275276
19.35,0.00060184463,0.030092232,-52.182041
19.379999,0.0006408692,0.032043461,-54.39365
19.41,0.00066725747,0.033362873,-56.945839
19.440001,0.00068053394,0.034026697,-60.075111
19.469999,0.00067970238,0.033985119,-64.02948
19.5,0.00066795258,0.03339763,-68.184448
19.530001,0.00065160409,0.032580204,-71.549492
19.559999,0.00063402235,0.031701118,-73.936974
19.59,0.00061631744,0.030815873,-75.558601
19.620001,0.00059885072,0.029942535,-76.646469
19.65,0.00058175682,0.029087842,-77.374321
19.68,0.00056508905,0.028254451,-77.861282
19.709999,0.0005488664,0.02744332,-78.186707
19.74,0.00053309469,0.026654735,-78.403244
19.77,0.000517771,0.025888551,-78.545784
19.799999,0.00050288823,0.025144411,-78.637566
19.83,0.00048843829,0.024421914,-78.694191
19.860001,0.00047441106,0.023720553,-78.726227
19.889999,0.00046079615,0.023039807,-78.740822
19.92,0.00044758286,0.022379143,-78.742882
19.950001,0.00043476041,0.021738021,-78.735847
19.98,0.00042231785,0.021115892,-78.722137
20.01,0.00041024445,0.020512223,-78.703438
20.040001,0.00039852978,0.01992649,-78.680901
20.07,0.00038716369,0.019358184,-78.655296
20.1,0.00037613607,0.018806804,-78.627197
20.129999,0.00036543724,0.018271862,-78.59713
20.16,0.00035505762,0.01775288,-78.565414
20.190001,0.00034498796,0.017249398,-78.53231
20.219999,0.00033521926,0.016760962,-78.497955
20.25,0.00032574276,0.016287139,-78.46241
20.280001,0.00031654999,0.015827499,-78.425751
20.309999,0.0003076327,0.015381635,-78.388054
20.34,0.00029898289,0.014949145,-78.349411
20.370001,0.00029059275,0.014529638,-78.309868
20.4,0.0002824548,0.01412274,-78.269432
20.43,0.00027456167,0.013728084,-78.228096
20.459999,0.00026690628,0.013345315,-78.185867
20.49,0.00025948178,0.012974088,-78.142754
20.52,0.00025228143,0.012614071,-78.098785
20.549999,0.00024529875,0.012264938,-78.053986
20.58,0.00023852753,0.011926376,-78.008324
20.610001,0.0002319616,0.011598079,-77.961807
20.639999,0.00022559507,0.011279753,-77.914406
20.67,0.00021942222,0.010971111,-77.866142
20.700001,0.00021343748,0.010671875,-77.817017
20.73,0.00020763547,0.010381774,-77.767029
20.76,0.00020201095,0.010100548,-77.716179
20.790001,0.00019655887,0.0098279435,-77.664459
20.82,0.00019127432,0.0095637152,-77.611893
20.85,0.00018615251,0.0093076248,-77.558472
20.879999,0.00018118884,0.0090594422,-77.504128
20.91,0.00017637885,0.0088189421,-77.448883
20.940001,0.0001717182,0.0085859103,-77.392731
20.969999,0.00016720271,0.0083601354,-77.335632
21.0,0.00016282829,0.0081414152,-77.277618
21.030001,0.00015859104,0.0079295523,-77.218689
21.059999,0.0001544871,0.007724355,-77.158875
21.09,0.00015051279,0.0075256396,-77.098198
21.120001,0.00014666452,0.0073332265,-77.036644
21.15,0.00014293882,0.007146941,-76.974213
21.18,0.00013933233,0.006966617,-76.910873
21.209999,0.00013584182,0.0067920913,-76.846588
21.24,0.00013246415,0.0066232071,-76.781395
21.27,0.00012919625,0.0064598126,-76.715256
21.299999,0.00012603521,0.0063017611,-76.648163
21.33,0.00012297821,0.0061489101,-76.580139
21.360001,0.00012002245,0.0060011228,-76.511162
21.389999,0.00011716532,0.0058582663,-76.441231
21.42,0.00011440424,0.0057202117,-76.370384
21.450001,0.00011173671,0.0055868356,-76.298615
21.48,0.00010916035,0.0054580173,-76.225937
21.51,0.00010667282,0.0053336411,-76.152359
21.540001,0.00010427189,0.0052135945,-76.077904
21.57,0.00010195539,0.0050977692,-76.002563
21.6,9.9721248e-05,0.0049860626,-75.926315
21.629999,9.7567463e-05,0.0048783729,-75.849152
21.66,9.5492105e-05,0.0047746054,-75.771049
21.690001,9.3493349e-05,0.0046746675,-75.692001
21.719999,9.1569418e-05,0.0045784707,-75.611969
21.75,8.9718582e-05,0.0044859289,-75.530983
21.780001,8.793921e-05,0.0043969606,-75.449043
21.809999,8.6229731e-05,0.0043114866,-75.366173
21.84,8.4588617e-05,0.004229431,-75.282372
21.870001,8.301442e-05,0.0041507208,-75.197662
21.9,8.1505728e-05,0.0040752864,-75.112076
21.93,8.0061232e-05,0.0040030614,-75.025566
21.959999,7.8679652e-05,0.0039339825,-74.938156
21.99,7.7359793e-05,0.0038679896,-74.849823
22.02,7.6100543e-05,0.0038050273,-74.760521
22.049999,7.4900847e-05,0.0037450423,-74.670204
22.08,7.3759686e-05,0.0036879841,-74.578865
22.110001,7.2676106e-05,0.0036338053,-74.486526
22.139999,7.1649243e-05,0.003582462,-74.393158
22.17,7.0678245e-05,0.0035339121,-74.298775
22.200001,6.9762325e-05,0.0034881162,-74.203377
22.23,6.8900757e-05,0.0034450379,-74.107018
22.26,6.8092893e-05,0.0034046448,-74.009628
22.290001,6.7338115e-05,0.0033669057,-73.91124
22.32,6.6635861e-05,0.003331793,-73.811844
22.35,6.5985667e-05,0.0032992833,-73.711403
22.379999,6.538711e-05,0.0032693555,-73.609894
22.41,6.4839835e-05,0.0032419916,-73.507263
22.440001,6.4343585e-05,0.0032171791,-73.403511
22.469999,6.3898158e-05,0.0031949079,-73.298553
22.5,6.3503416e-05,0.0031751709,-73.192368
22.530001,6.3159292e-05,0.0031579644,-73.084953
22.559999,6.2865794e-05,0.0031432896,-72.976273
22.59,6.2622967e-05,0.0031311484,-72.86631
22.620001,6.2430932e-05,0.0031215467,-72.755066
22.65,6.2289881e-05,0.0031144938,-72.642548
22.68,6.2200153e-05,0.0031100076,-72.528679
22.709999,6.2162144e-05,0.003108107,-72.413399
22.74,6.2176325e-05,0.0031088165,-72.296646
22.77,6.2243387e-05,0.0031121694,-72.17836
22.799999,6.2364066e-05,0.0031182033,-72.058411
22.83,6.2539242e-05,0.0031269621,-71.936699
22.860001,6.2769919e-05,0.0031384958,-71.813164
22.889999,6.3057261e-05,0.0031528631,-71.687691
22.92,6.3402593e-05,0.0031701296,-71.560173
22.950001,6.3807398e-05,0.00319037,-71.430504
22.98,6.4273328e-05,0.0032136666,-71.298584
23.01,6.4802305e-05,0.003240115,-71.164261
23.040001,6.5396496e-05,0.0032698249,-71.027336
23.07,6.6058252e-05,0.0033029127,-70.88765
23.1,6.6790388e-05,0.0033395195,-70.744965
23.129999,6.7596011e-05,0.0033798004,-70.599022
23.16,6.8478526e-05,0.0034239262,-70.449516
23.190001,6.9442205e-05,0.0034721103,-70.296082
23.219999,7.0491551e-05,0.0035245777,-70.138306
23.25,7.1631745e-05,0.0035815875,-69.975731
23.280001,7.2869239e-05,0.0036434622,-69.807777
23.309999,7.4210817e-05,0.0037105407,-69.633835
23.34,7.5664466e-05,0.0037832232,-69.453171
23.370001,7.7240191e-05,0.0038620094,-69.264809
23.4,7.8949204e-05,0.0039474606,-69.067665
23.43,8.0805534e-05,0.0040402766,-68.860321
23.459999,8.2825427e-05,0.0041412716,-68.64109
23.49,8.5029948e-05,0.0042514973,-68.407722
23.52,8.7443404e-05,0.0043721702,-68.157562
23.549999,9.0097972e-05,0.0045048986,-67.886993
23.58,9.3034847e-05,0.0046517425,-67.591217
23.610001,9.6308642e-05,0.0048154322,-67.263702
23.639999,9.9993027e-05,0.0049996511,-66.895386
23.67,0.00010419057,0.0052095288,-66.473228
23.700001,0.00010905255,0.0054526273,-65.977455
23.73,0.00011480969,0.0057404842,-65.377022
23.76,0.00012183506,0.006091753,-64.620544
23.790001,0.00013078652,0.0065393257,-63.615845
23.82,0.00014291191,0.0071455957,-62.188873
23.85,0.000160761,0.0080380496,-60.009575
23.879999,0.00018910077,0.0094550392,-56.665154
23.91,0.00023388099,0.011694049,-52.50983
23.940001,0.00029868275,0.014934137,-49.145031
23.969999,0.00037731428,0.018865714,-47.880394
24.0,0.00045596727,0.022798363,-48.324047
24.030001,0.00052565587,0.026282791,-49.624069
24.059999,0.00058291218,0.02914561,-51.391773
24.09,0.00062701962,0.031350981,-53.487328
24.120001,0.00065836293,0.032918148,-55.89003
24.15,0.00067695044,0.033847522,-58.749969
24.18,0.00068165926,0.03408296,-62.384201
24.209999,0.00067344541,0.033672269,-66.602058
24.24,0.00065830123,0.032915063,-70.345924
24.27,0.00064099533,0.032049768,-73.101875
24.299999,0.00062327337,0.031163668,-74.995155
24.33,0.00060568977,0.030284489,-76.269135
24.360001,0.00058843993,0.029421996,-77.121925
24.389999,0.00057160063,0.028580032,-77.692451
24.42,0.00055520138,0.027760068,-78.074051
24.450001,0.00053925219,0.026962608,-78.328423
24.48,0.00052375253,0.026187627,-78.496552
24.51,0.00050869631,0.025434814,-78.606094
24.540001,0.00049407646,0.024703823,-78.675156
24.57,0.00047988369,0.023994185,-78.715866
24.6,0.00046610838,0.023305418,-78.736641
24.629999,0.00045273837,0.022636918,-78.74324
24.66,0.00043976272,0.021988137,-78.739555
24.690001,0.00042717101,0.02135855,-78.728294
24.719999,0.00041495293,0.020747647,-78.711395
24.75,0.00040309815,0.020154908,-78.690216
24.780001,0.0003915962,0.019579809,-78.665733
24.809999,0.0003804366,0.01902183,-78.638611
24.84,0.00036960948,0.018480474,-78.609344
24.870001,0.0003591053,0.017955264,-78.578285
24.9,0.00034891471,0.017445736,-78.545692
24.93,0.00033902863,0.016951432,-78.511757
24.959999,0.00032943819,0.016471909,-78.476608
24.99,0.0003201348,0.01600674,-78.440361
25.02,0.00031111034,0.015555517,-78.403046
25.049999,0.00030235676,0.015117838,-78.364708
25.08,0.00029386592,0.014693296,-78.325447
25.110001,0.00028563,0.0142815,-78.285294
25.139999,0.00027764178,0.013882089,-78.244263
25.17,0.00026989376,0.013494688,-78.2024
25.200001,0.00026237912,0.013118956,-78.159691
25.23,0.00025509117,0.01275456,-78.116135
25.26,0.00024802337,0.012401167,-78.071716
25.290001,0.00024116949,0.012058474,-78.026398
25.32,0.00023452334,0.011726167,-77.980202
25.35,0.00022807898,0.011403949,-77.933121
25.379999,0.0002218306,0.01109153,-77.885162
25.41,0.0002157725,0.010788625,-77.836372
25.440001,0.00020989924,0.010494961,-77.786736
25.469999,0.00020420547,0.010210273,-77.736252
25.5,0.00019868606,0.0099343034,-77.684921
25.530001,0.00019333608,0.0096668042,-77.63269
25.559999,0.00018815069,0.0094075343,-77.579567
25.59,0.00018312526,0.0091562634,-77.525513
25.620001,0.00017825529,0.0089127645,-77.470551
25.65,0.00017353635,0.0086768176,-77.41468
25.68,0.00016896422,0.0084482115,-77.357941
25.709999,0.00016453477,0.0082267383,-77.300323
25.74,0.00016024397,0.0080121988,-77.241852
25.77,0.00015608799,0.0078043994,-77.182495
25.799999,0.00015206305,0.0076031522,-77.122238
25.83,0.00014816553,0.0074082771,-77.061058
25.860001,0.00014439198,0.0072195986,-76.998917
25.889999,0.00014073894,0.0070369467,-76.935829
25.92,0.00013720317,0.0068601584,-76.871811
25.950001,0.00013378146,0.0066890731,-76.806862
25.98,0.00013047074,0.0065235365,-76.741051
26.01,0.00012726801,0.0063634003,-76.674355
26.040001,0.00012417037,0.0062085185,-76.606789
26.07,0.00012117505,0.0060587525,-76.538322
26.1,0.00011827935,0.0059139677,-76.46891
26.129999,0.00011548068,0.0057740342,-76.398544
26.16,0.00011277655,0.0056388276,-76.327194
26.190001,0.00011016451,0.0055082254,-76.25486
26.219999,0.00010764223,0.0053821118,-76.181602
26.25,0.00010520744,0.0052603716,-76.10743
26.280001,0.00010285791,0.0051428955,-76.032394
26.309999,0.00010059155,0.0050295778,-75.956505
26.34,9.8406344e-05,0.0049203173,-75.879692
26.370001,9.6300319e-05,0.0048150159,-75.801949
26.4,9.4271607e-05,0.0047135805,-75.723267
26.43,9.2318398e-05,0.0046159201,-75.643616
26.459999,9.0438953e-05,0.0045219478,-75.563034
26.49,8.8631605e-05,0.0044315802,-75.481499
26.52,8.6894746e-05,0.0043447376,-75.399017
26.549999,8.5226857e-05,0.0042613428,-75.315605
26.58,8.3626444e-05,0.0041813222,-75.231255
26.610001,8.2092105e-05,0.0041046054,-75.145981
26.639999,8.0622493e-05,0.0040311245,-75.059769
26.67,7.9216326e-05,0.0039608162,-74.972626
26.700001,7.7872377e-05,0.0038936189,-74.884537
26.73,7.6589502e-05,0.003829475,-74.795494
26.76,7.5366588e-05,0.0037683295,-74.705482
26.790001,7.4202602e-05,0.00371013,-74.61451
26.82,7.3096555e-05,0.0036548276,-74.52256
26.85,7.2047536e-05,0.0036023767,-74.429634
26.879999,7.1054696e-05,0.0035527349,-74.335701
26.91,7.0117225e-05,0.0035058612,-74.240776
26.940001,6.923436e-05,0.0034617181,-74.144852
26.969999,6.8405447e-05,0.0034202724,-74.047905
27.0,6.7629866e-05,0.0033814935,-73.949921
27.030001,6.6907058e-05,0.0033453528,-73.850891
27.059999,6.6236498e-05,0.003311825,-73.750801
27.09,6.5617773e-05,0.0032808885,-73.649628
27.120001,6.5050488e-05,0.0032525246,-73.547363
27.15,6.4534346e-05,0.0032267175,-73.443993
27.18,6.4069107e-05,0.0032034551,-73.339478
27.209999,6.3654559e-05,0.0031827281,-73.23381
27.24,6.3290587e-05,0.0031645293,-73.126968
27.27,6.2977168e-05,0.0031488584,-73.018913
27.299999,6.2714433e-05,0.0031357217,-72.909592
27.33,6.2502426e-05,0.0031251211,-72.798988
27.360001,6.23413e-05,0.0031170649,-72.687057
27.389999,6.2231295e-05,0.0031115648,-72.573753
27.42,6.2173021e-05,0.0031086509,-72.459015
27.450001,6.2166895e-05,0.0031083447,-72.342789
27.48,6.2213396e-05,0.0031106698,-72.225021
27.51,6.2313135e-05,0.0031156568,-72.105652
27.540001,6.2466941e-05,0.0031233469,-71.984596
27.57,6.2676241e-05,0.003133812,-71.86174
27.6,6.2941748e-05,0.0031470875,-71.737015
27.629999,6.3264597e-05,0.0031632299,-71.610329
27.66,6.3646025e-05,0.0031823011,-71.481583
27.690001,6.4087806e-05,0.0032043904,-71.350624
27.719999,6.4591906e-05,0.0032295953,-71.217293
27.75,6.5160166e-05,0.0032580083,-71.081444
27.780001,6.5795153e-05,0.0032897575,-70.942863
27.809999,6.6499422e-05,0.0033249711,-70.801346
27.84,6.727576e-05,0.0033637879,-70.65667
27.870001,6.8128094e-05,0.0034064045,-70.508484
27.9,6.9059883e-05,0.0034529942,-70.356514
27.93,7.0075323e-05,0.0035037661,-70.200401
27.959999,7.1180162e-05,0.0035590082,-70.039635
27.99,7.2379415e-05,0.0036189707,-69.873779
28.02,7.3679294e-05,0.0036839647,-69.702278
28.049999,7.5088159e-05,0.0037544079,-69.524345
28.08,7.6614982e-05,0.0038307491,-69.339127
28.110001,7.8270445e-05,0.0039135222,-69.145576
28.139999,8.0067744e-05,0.0040033874,-68.942383
28.17,8.2021812e-05,0.0041010906,-68.728012
28.200001,8.415179e-05,0.0042075897,-68.50045
28.23,8.6479704e-05,0.004323985,-68.257332
28.26,8.9035369e-05,0.0044517685,-67.9953
28.290001,9.1856127e-05,0.0045928061,-67.710091
28.32,9.4990792e-05,0.0047495398,-67.395905
28.35,9.8503871e-05,0.0049251937,-67.044922
28.379999,0.00010248554,0.005124277,-66.645805
28.41,0.00010706585,0.0053532929,-66.181732
28.440001,0.00011243796,0.005621898,-65.627029
28.469999,0.00011890806,0.0059454027,-64.939865
28.5,0.00012699941,0.0063499701,-64.047279
28.530001,0.0001376718,0.0068835896,-62.814606
28.559999,0.00015284942,0.0076424708,-60.981491
28.59,0.00017637172,0.0088185854,-58.124088
28.620001,0.00021405891,0.010702945,-54.147072
28.65,0.00027100457,0.013550228,-50.252846
28.68,0.00034578386,0.017289193,-48.117012
28.709999,0.00042590275,0.021295138,-48.011261
28.74,0.00049974571,0.024987286,-49.046303
28.77,0.00056206447,0.028103223,-50.655968
28.799999,0.00061130384,0.030565193,-52.632339
28.83,0.00064759114,0.032379556,-54.908199
28.860001,0.00067125476,0.033562738,-57.556576
28.889999,0.00068153843,0.034076922,-60.855713
28.92,0.00067787274,0.033893637,-64.946396
28.950001,0.00066466432,0.033233214,-68.99173
28.98,0.00064787781,0.032393888,-72.138939
29.01,0.00063021778,0.03151089,-74.340599
29.040001,0.00061254756,0.030627379,-75.830002
29.07,0.00059515261,0.02975763,-76.828033
29.1,0.00057814631,0.028907318,-77.495789
29.129999,0.00056157151,0.028078575,-77.942482
29.16,0.00054544338,0.027272169,-78.240715
29.190001,0.00052976538,0.026488269,-78.438728
29.219999,0.00051453593,0.025726795,-78.568718
29.25,0.00049974694,0.024987346,-78.651917
29.280001,0.00048538827,0.024269413,-78.70256
29.309999,0.00047145021,0.02357251,-78.73037
29.34,0.00045792243,0.022896122,-78.741997
29.370001,0.00044479402,0.0222397,-78.741966
29.4,0.00043205393,0.021602696,-78.733414
29.43,0.00041969147,0.020984573,-78.718559
29.459999,0.00040769606,0.020384803,-78.698952
29.49,0.00039605729,0.019802865,-78.675667
29.52,0.00038476489,0.019238245,-78.64949
29.549999,0.0003738089,0.018690445,-78.620979
29.58,0.00036317957,0.01815898,-78.590569
29.610001,0.00035286741,0.017643372,-78.558578
29.639999,0.0003428632,0.01714316,-78.5252
29.67,0.00033315804,0.016657902,-78.490547
29.700001,0.00032374321,0.016187161,-78.45472
29.73,0.00031461034,0.015730517,-78.417809
29.76,0.00030575119,0.015287559,-78.379906
29.790001,0.00029715785,0.014857892,-78.341064
29.82,0.00028882257,0.014441128,-78.301323
29.85,0.00028073785,0.014036892,-78.260674
29.879999,0.0002728964,0.01364482,-78.219139
29.91,0.00026529119,0.01326456,-78.17672
29.940001,0.00025791541,0.012895769,-78.133423
29.969999,0.00025076236,0.012538117,-78.089264
30.0,0.00024382563,0.012191282,-78.044235
