[{"data_set_value_component_environment_variable_time":0.0,"data_set_value_component_membrane_variable_V":-50.0,"data_set_value_component_membrane_variable_C":21.0,"data_set_value_component_membrane_variable_i_app":0.0,"data_set_value_component_fast_sodium_current_variable_i_Na":-0.1665373552,"data_set_value_component_fast_sodium_current_variable_E_Na":50.0,"data_set_value_component_fast_sodium_current_variable_g_Na":28.0,"data_set_value_component_fast_sodium_current_m_gate_variable_m_infinity":0.0391657228,"data_set_value_component_fast_sodium_current_m_gate_variable_theta_m":-34.0,"data_set_value_component_fast_sodium_current_m_gate_variable_sigma_m":-5.0,"data_set_value_component_fast_sodium_current_n_gate_variable_n":0.01,"data_set_value_component_fast_sodium_current_n_gate_variable_n_infinity":0.0052201257,"data_set_value_component_fast_sodium_current_n_gate_variable_tau_n":1.4412322479,"data_set_value_component_fast_sodium_current_n_gate_variable_tau_n_max":10.0,"data_set_value_component_fast_sodium_current_n_gate_variable_theta_n":-29.0,"data_set_value_component_fast_sodium_current_n_gate_variable_sigma_n":-4.0,"data_set_value_component_potassium_current_variable_i_K":0.00000392,"data_set_value_component_potassium_current_variable_g_K":11.2,"data_set_value_component_potassium_current_variable_E_K":-85.0,"data_set_value_component_potassium_current_n_gate_variable_n":0.01,"data_set_value_component_potassium_current_n_gate_variable_n_infinity":0.0052201257,"data_set_value_component_potassium_current_n_gate_variable_tau_n":1.4412322479,"data_set_value_component_potassium_current_n_gate_variable_tau_n_max":10.0,"data_set_value_component_potassium_current_n_gate_variable_theta_n":-29.0,"data_set_value_component_potassium_current_n_gate_variable_sigma_n":-4.0,"data_set_value_component_persistent_sodium_current_variable_i_NaP":-20.4623407087,"data_set_value_component_persistent_sodium_current_variable_g_NaP":2.8,"data_set_value_component_persistent_sodium_current_m_gate_variable_m_infinity":0.1588691049,"data_set_value_component_persistent_sodium_current_m_gate_variable_theta_m":-40.0,"data_set_value_component_persistent_sodium_current_m_gate_variable_sigma_m":-6.0,"data_set_value_component_persistent_sodium_current_h_gate_variable_h":0.46,"data_set_value_component_persistent_sodium_current_h_gate_variable_h_infinity":0.5825702065,"data_set_value_component_persistent_sodium_current_h_gate_variable_tau_h":9862.700664722,"data_set_value_component_persistent_sodium_current_h_gate_variable_tau_h_max":10000.0,"data_set_value_component_persistent_sodium_current_h_gate_variable_theta_h":-48.0,"data_set_value_component_persistent_sodium_current_h_gate_variable_sigma_h":6.0,"data_set_value_component_leakage_current_variable_i_L":21.0,"data_set_value_component_leakage_current_variable_g_L":2.8,"data_set_value_component_leakage_current_variable_E_L":-57.5,"data_set_value_component_tonic_current_variable_i_tonic_e":0.0,"data_set_value_component_tonic_current_variable_g_tonic_e":0.0,"data_set_value_component_tonic_current_variable_E_syn_e":0.0},{"data_set_value_component_environment_variable_time":0.1,"data_set_value_component_membrane_variable_V":-50.0017668222,"data_set_value_component_membrane_variable_C":21.0,"data_set_value_component_membrane_variable_i_app":0.0,"data_set_value_component_fast_sodium_current_variable_i_Na":-0.166424596,"data_set_value_component_fast_sodium_current_variable_E_Na":50.0,"data_set_value_component_fast_sodium_current_variable_g_Na":28.0,"data_set_value_component_fast_sodium_current_m_gate_variable_m_infinity":0.0391524272,"data_set_value_component_fast_sodium_current_m_gate_variable_theta_m":-34.0,"data_set_value_component_fast_sodium_current_m_gate_variable_sigma_m":-5.0,"data_set_value_component_fast_sodium_current_n_gate_variable_n":0.0096795813,"data_set_value_component_fast_sodium_current_n_gate_variable_n_infinity":0.0052178325,"data_set_value_component_fast_sodium_current_n_gate_variable_tau_n":1.4409173046,"data_set_value_component_fast_sodium_current_n_gate_variable_tau_n_max":10.0,"data_set_value_component_fast_sodium_current_n_gate_variable_theta_n":-29.0,"data_set_value_component_fast_sodium_current_n_gate_variable_sigma_n":-4.0,"data_set_value_component_potassium_current_variable_i_K":0.000003441,"data_set_value_component_potassium_current_variable_g_K":11.2,"data_set_value_component_potassium_current_variable_E_K":-85.0,"data_set_value_component_potassium_current_n_gate_variable_n":0.0096795813,"data_set_value_component_potassium_current_n_gate_variable_n_infinity":0.0052178325,"data_set_value_component_potassium_current_n_gate_variable_tau_n":1.4409173046,"data_set_value_component_potassium_current_n_gate_variable_tau_n_max":10.0,"data_set_value_component_potassium_current_n_gate_variable_theta_n":-29.0,"data_set_value_component_potassium_current_n_gate_variable_sigma_n":-4.0,"data_set_value_component_persistent_sodium_current_variable_i_NaP":-20.457689669,"data_set_value_component_persistent_sodium_current_variable_g_NaP":2.8,"data_set_value_component_persistent_sodium_current_m_gate_variable_m_infinity":0.1588297588,"data_set_value_component_persistent_sodium_current_m_gate_variable_theta_m":-40.0,"data_set_value_component_persistent_sodium_current_m_gate_variable_sigma_m":-6.0,"data_set_value_component_persistent_sodium_current_h_gate_variable_h":0.4600012431,"data_set_value_component_persistent_sodium_current_h_gate_variable_h_infinity":0.5826418147,"data_set_value_component_persistent_sodium_current_h_gate_variable_tau_h":9862.4607572233,"data_set_value_component_persistent_sodium_current_h_gate_variable_tau_h_max":10000.0,"data_set_value_component_persistent_sodium_current_h_gate_variable_theta_h":-48.0,"data_set_value_component_persistent_sodium_current_h_gate_variable_sigma_h":6.0,"data_set_value_component_leakage_current_variable_i_L":20.9950528978,"data_set_value_component_leakage_current_variable_g_L":2.8,"data_set_value_component_leakage_current_variable_E_L":-57.5,"data_set_value_component_tonic_current_variable_i_tonic_e":0.0,"data_set_value_component_tonic_current_variable_g_tonic_e":0.0,"data_set_value_component_tonic_current_variable_E_syn_e":0.0},{"data_set_value_component_environment_variable_time":0.2,"data_set_value_component_membrane_variable_V":-50.0035327815,"data_set_value_component_membrane_variable_C":21.0,"data_set_value_component_membrane_variable_i_app":0.0,"data_set_value_component_fast_sodium_current_variable_i_Na":-0.1663084333,"data_set_value_component_fast_sodium_current_variable_E_Na":50.0,"data_set_value_component_fast_sodium_current_variable_g_Na":28.0,"data_set_value_component_fast_sodium_current_m_gate_variable_m_infinity":0.0391391425,"data_set_value_component_fast_sodium_current_m_gate_variable_theta_m":-34.0,"data_set_value_component_fast_sodium_current_m_gate_variable_sigma_m":-5.0,"data_set_value_component_fast_sodium_current_n_gate_variable_n":0.0093802564,"data_set_value_component_fast_sodium_current_n_gate_variable_n_infinity":0.0052155414,"data_set_value_component_fast_sodium_current_n_gate_variable_tau_n":1.4406025824,"data_set_value_component_fast_sodium_current_n_gate_variable_tau_n_max":10.0,"data_set_value_component_fast_sodium_current_n_gate_variable_theta_n":-29.0,"data_set_value_component_fast_sodium_current_n_gate_variable_sigma_n":-4.0,"data_set_value_component_potassium_current_variable_i_K":0.0000030346,"data_set_value_component_potassium_current_variable_g_K":11.2,"data_set_value_component_potassium_current_variable_E_K":-85.0,"data_set_value_component_potassium_current_n_gate_variable_n":0.0093802564,"data_set_value_component_potassium_current_n_gate_variable_n_infinity":0.0052155414,"data_set_value_component_potassium_current_n_gate_variable_tau_n":1.4406025824,"data_set_value_component_potassium_current_n_gate_variable_tau_n_max":10.0,"data_set_value_component_potassium_current_n_gate_variable_theta_n":-29.0,"data_set_value_component_potassium_current_n_gate_variable_sigma_n":-4.0,"data_set_value_component_persistent_sodium_current_variable_i_NaP":-20.4530417739,"data_set_value_component_persistent_sodium_current_variable_g_NaP":2.8,"data_set_value_component_persistent_sodium_current_m_gate_variable_m_infinity":0.1587904399,"data_set_value_component_persistent_sodium_current_m_gate_variable_theta_m":-40.0,"data_set_value_component_persistent_sodium_current_m_gate_variable_sigma_m":-6.0,"data_set_value_component_persistent_sodium_current_h_gate_variable_h":0.460002487,"data_set_value_component_persistent_sodium_current_h_gate_variable_h_infinity":0.5827133844,"data_set_value_component_persistent_sodium_current_h_gate_variable_tau_h":9862.220764929,"data_set_value_component_persistent_sodium_current_h_gate_variable_tau_h_max":10000.0,"data_set_value_component_persistent_sodium_current_h_gate_variable_theta_h":-48.0,"data_set_value_component_persistent_sodium_current_h_gate_variable_sigma_h":6.0,"data_set_value_component_leakage_current_variable_i_L":20.9901082118,"data_set_value_component_leakage_current_variable_g_L":2.8,"data_set_value_component_leakage_current_variable_E_L":-57.5,"data_set_value_component_tonic_current_variable_i_tonic_e":0.0,"data_set_value_component_tonic_current_variable_g_tonic_e":0.0,"data_set_value_component_tonic_current_variable_E_syn_e":0.0},{"data_set_value_component_environment_variable_time":0.3,"data_set_value_component_membrane_variable_V":-50.0052978849,"data_set_value_component_membrane_variable_C":21.0,"data_set_value_component_membrane_variable_i_app":0.0,"data_set_value_component_fast_sodium_current_variable_i_Na":-0.1661890841,"data_set_value_component_fast_sodium_current_variable_E_Na":50.0,"data_set_value_component_fast_sodium_current_variable_g_Na":28.0,"data_set_value_component_fast_sodium_current_m_gate_variable_m_infinity":0.0391258685,"data_set_value_component_fast_sodium_current_m_gate_variable_theta_m":-34.0,"data_set_value_component_fast_sodium_current_m_gate_variable_sigma_m":-5.0,"data_set_value_component_fast_sodium_current_n_gate_variable_n":0.0091007901,"data_set_value_component_fast_sodium_current_n_gate_variable_n_infinity":0.0052132524,"data_set_value_component_fast_sodium_current_n_gate_variable_tau_n":1.44028808,"data_set_value_component_fast_sodium_current_n_gate_variable_tau_n_max":10.0,"data_set_value_component_fast_sodium_current_n_gate_variable_theta_n":-29.0,"data_set_value_component_fast_sodium_current_n_gate_variable_sigma_n":-4.0,"data_set_value_component_potassium_current_variable_i_K":0.0000026887,"data_set_value_component_potassium_current_variable_g_K":11.2,"data_set_value_component_potassium_current_variable_E_K":-85.0,"data_set_value_component_potassium_current_n_gate_variable_n":0.0091007901,"data_set_value_component_potassium_current_n_gate_variable_n_infinity":0.0052132524,"data_set_value_component_potassium_current_n_gate_variable_tau_n":1.44028808,"data_set_value_component_potassium_current_n_gate_variable_tau_n_max":10.0,"data_set_value_component_potassium_current_n_gate_variable_theta_n":-29.0,"data_set_value_component_potassium_current_n_gate_variable_sigma_n":-4.0,"data_set_value_component_persistent_sodium_current_variable_i_NaP":-20.4483970035,"data_set_value_component_persistent_sodium_current_variable_g_NaP":2.8,"data_set_value_component_persistent_sodium_current_m_gate_variable_m_infinity":0.1587511479,"data_set_value_component_persistent_sodium_current_m_gate_variable_theta_m":-40.0,"data_set_value_component_persistent_sodium_current_m_gate_variable_sigma_m":-6.0,"data_set_value_component_persistent_sodium_current_h_gate_variable_h":0.4600037316,"data_set_value_component_persistent_sodium_current_h_gate_variable_h_infinity":0.582784916,"data_set_value_component_persistent_sodium_current_h_gate_variable_tau_h":9861.9806871986,"data_set_value_component_persistent_sodium_current_h_gate_variable_tau_h_max":10000.0,"data_set_value_component_persistent_sodium_current_h_gate_variable_theta_h":-48.0,"data_set_value_component_persistent_sodium_current_h_gate_variable_sigma_h":6.0,"data_set_value_component_leakage_current_variable_i_L":20.9851659223,"data_set_value_component_leakage_current_variable_g_L":2.8,"data_set_value_component_leakage_current_variable_E_L":-57.5,"data_set_value_component_tonic_current_variable_i_tonic_e":0.0,"data_set_value_component_tonic_current_variable_g_tonic_e":0.0,"data_set_value_component_tonic_current_variable_E_syn_e":0.0},{"data_set_value_component_environment_variable_time":0.4,"data_set_value_component_membrane_variable_V":-50.0070621432,"data_set_value_component_membrane_variable_C":21.0,"data_set_value_component_membrane_variable_i_app":0.0,"data_set_value_component_fast_sodium_current_variable_i_Na":-0.1660667693,"data_set_value_component_fast_sodium_current_variable_E_Na":50.0,"data_set_value_component_fast_sodium_current_variable_g_Na":28.0,"data_set_value_component_fast_sodium_current_m_gate_variable_m_infinity":0.0391126052,"data_set_value_component_fast_sodium_current_m_gate_variable_theta_m":-34.0,"data_set_value_component_fast_sodium_current_m_gate_variable_sigma_m":-5.0,"data_set_value_component_fast_sodium_current_n_gate_variable_n":0.0088399165,"data_set_value_component_fast_sodium_current_n_gate_variable_n_infinity":0.0052109655,"data_set_value_component_fast_sodium_current_n_gate_variable_tau_n":1.4399737953,"data_set_value_component_fast_sodium_current_n_gate_variable_tau_n_max":10.0,"data_set_value_component_fast_sodium_current_n_gate_variable_theta_n":-29.0,"data_set_value_component_fast_sodium_current_n_gate_variable_sigma_n":-4.0,"data_set_value_component_potassium_current_variable_i_K":0.0000023933,"data_set_value_component_potassium_current_variable_g_K":11.2,"data_set_value_component_potassium_current_variable_E_K":-85.0,"data_set_value_component_potassium_current_n_gate_variable_n":0.0088399165,"data_set_value_component_potassium_current_n_gate_variable_n_infinity":0.0052109655,"data_set_value_component_potassium_current_n_gate_variable_tau_n":1.4399737953,"data_set_value_component_potassium_current_n_gate_variable_tau_n_max":10.0,"data_set_value_component_potassium_current_n_gate_variable_theta_n":-29.0,"data_set_value_component_potassium_current_n_gate_variable_sigma_n":-4.0,"data_set_value_component_persistent_sodium_current_variable_i_NaP":-20.4437553278,"data_set_value_component_persistent_sodium_current_variable_g_NaP":2.8,"data_set_value_component_persistent_sodium_current_m_gate_variable_m_infinity":0.1587118827,"data_set_value_component_persistent_sodium_current_m_gate_variable_theta_m":-40.0,"data_set_value_component_persistent_sodium_current_m_gate_variable_sigma_m":-6.0,"data_set_value_component_persistent_sodium_current_h_gate_variable_h":0.460004977,"data_set_value_component_persistent_sodium_current_h_gate_variable_h_infinity":0.5828564098,"data_set_value_component_persistent_sodium_current_h_gate_variable_tau_h":9861.7405228781,"data_set_value_component_persistent_sodium_current_h_gate_variable_tau_h_max":10000.0,"data_set_value_component_persistent_sodium_current_h_gate_variable_theta_h":-48.0,"data_set_value_component_persistent_sodium_current_h_gate_variable_sigma_h":6.0,"data_set_value_component_leakage_current_variable_i_L":20.980225999,"data_set_value_component_leakage_current_variable_g_L":2.8,"data_set_value_component_leakage_current_variable_E_L":-57.5,"data_set_value_component_tonic_current_variable_i_tonic_e":0.0,"data_set_value_component_tonic_current_variable_g_tonic_e":0.0,"data_set_value_component_tonic_current_variable_E_syn_e":0.0},{"data_set_value_component_environment_variable_time":0.5,"data_set_value_component_membrane_variable_V":-50.008825567,"data_set_value_component_membrane_variable_C":21.0,"data_set_value_component_membrane_variable_i_app":0.0,"data_set_value_component_fast_sodium_current_variable_i_Na":-0.1659417088,"data_set_value_component_fast_sodium_current_variable_E_Na":50.0,"data_set_value_component_fast_sodium_current_variable_g_Na":28.0,"data_set_value_component_fast_sodium_current_m_gate_variable_m_infinity":0.0390993525,"data_set_value_component_fast_sodium_current_m_gate_variable_theta_m":-34.0,"data_set_value_component_fast_sodium_current_m_gate_variable_sigma_m":-5.0,"data_set_value_component_fast_sodium_current_n_gate_variable_n":0.0085963704,"data_set_value_component_fast_sodium_current_n_gate_variable_n_infinity":0.0052086807,"data_set_value_component_fast_sodium_current_n_gate_variable_tau_n":1.4396597264,"data_set_value_component_fast_sodium_current_n_gate_variable_tau_n_max":10.0,"data_set_value_component_fast_sodium_current_n_gate_variable_theta_n":-29.0,"data_set_value_component_fast_sodium_current_n_gate_variable_sigma_n":-4.0,"data_set_value_component_potassium_current_variable_i_K":0.0000021401,"data_set_value_component_potassium_current_variable_g_K":11.2,"data_set_value_component_potassium_current_variable_E_K":-85.0,"data_set_value_component_potassium_current_n_gate_variable_n":0.0085963704,"data_set_value_component_potassium_current_n_gate_variable_n_infinity":0.0052086807,"data_set_value_component_potassium_current_n_gate_variable_tau_n":1.4396597264,"data_set_value_component_potassium_current_n_gate_variable_tau_n_max":10.0,"data_set_value_component_potassium_current_n_gate_variable_theta_n":-29.0,"data_set_value_component_potassium_current_n_gate_variable_sigma_n":-4.0,"data_set_value_component_persistent_sodium_current_variable_i_NaP":-20.4391167174,"data_set_value_component_persistent_sodium_current_variable_g_NaP":2.8,"data_set_value_component_persistent_sodium_current_m_gate_variable_m_infinity":0.1586726438,"data_set_value_component_persistent_sodium_current_m_gate_variable_theta_m":-40.0,"data_set_value_component_persistent_sodium_current_m_gate_variable_sigma_m":-6.0,"data_set_value_component_persistent_sodium_current_h_gate_variable_h":0.4600062231,"data_set_value_component_persistent_sodium_current_h_gate_variable_h_infinity":0.5829278664,"data_set_value_component_persistent_sodium_current_h_gate_variable_tau_h":9861.5002708462,"data_set_value_component_persistent_sodium_current_h_gate_variable_tau_h_max":10000.0,"data_set_value_component_persistent_sodium_current_h_gate_variable_theta_h":-48.0,"data_set_value_component_persistent_sodium_current_h_gate_variable_sigma_h":6.0,"data_set_value_component_leakage_current_variable_i_L":20.9752884124,"data_set_value_component_leakage_current_variable_g_L":2.8,"data_set_value_component_leakage_current_variable_E_L":-57.5,"data_set_value_component_tonic_current_variable_i_tonic_e":0.0,"data_set_value_component_tonic_current_variable_g_tonic_e":0.0,"data_set_value_component_tonic_current_variable_E_syn_e":0.0},{"data_set_value_component_environment_variable_time":0.6,"data_set_value_component_membrane_variable_V":-50.0105881655,"data_set_value_component_membrane_variable_C":21.0,"data_set_value_component_membrane_variable_i_app":0.0,"data_set_value_component_fast_sodium_current_variable_i_Na":-0.1658141039,"data_set_value_component_fast_sodium_current_variable_E_Na":50.0,"data_set_value_component_fast_sodium_current_variable_g_Na":28.0,"data_set_value_component_fast_sodium_current_m_gate_variable_m_infinity":0.0390861102,"data_set_value_component_fast_sodium_current_m_gate_variable_theta_m":-34.0,"data_set_value_component_fast_sodium_current_m_gate_variable_sigma_m":-5.0,"data_set_value_component_fast_sodium_current_n_gate_variable_n":0.0083689936,"data_set_value_component_fast_sodium_current_n_gate_variable_n_infinity":0.0052063979,"data_set_value_component_fast_sodium_current_n_gate_variable_tau_n":1.4393458714,"data_set_value_component_fast_sodium_current_n_gate_variable_tau_n_max":10.0,"data_set_value_component_fast_sodium_current_n_gate_variable_theta_n":-29.0,"data_set_value_component_fast_sodium_current_n_gate_variable_sigma_n":-4.0,"data_set_value_component_potassium_current_variable_i_K":0.0000019224,"data_set_value_component_potassium_current_variable_g_K":11.2,"data_set_value_component_potassium_current_variable_E_K":-85.0,"data_set_value_component_potassium_current_n_gate_variable_n":0.0083689936,"data_set_value_component_potassium_current_n_gate_variable_n_infinity":0.0052063979,"data_set_value_component_potassium_current_n_gate_variable_tau_n":1.4393458714,"data_set_value_component_potassium_current_n_gate_variable_tau_n_max":10.0,"data_set_value_component_potassium_current_n_gate_variable_theta_n":-29.0,"data_set_value_component_potassium_current_n_gate_variable_sigma_n":-4.0,"data_set_value_component_persistent_sodium_current_variable_i_NaP":-20.4344811465,"data_set_value_component_persistent_sodium_current_variable_g_NaP":2.8,"data_set_value_component_persistent_sodium_current_m_gate_variable_m_infinity":0.1586334312,"data_set_value_component_persistent_sodium_current_m_gate_variable_theta_m":-40.0,"data_set_value_component_persistent_sodium_current_m_gate_variable_sigma_m":-6.0,"data_set_value_component_persistent_sodium_current_h_gate_variable_h":0.46000747,"data_set_value_component_persistent_sodium_current_h_gate_variable_h_infinity":0.582999286,"data_set_value_component_persistent_sodium_current_h_gate_variable_tau_h":9861.2599301457,"data_set_value_component_persistent_sodium_current_h_gate_variable_tau_h_max":10000.0,"data_set_value_component_persistent_sodium_current_h_gate_variable_theta_h":-48.0,"data_set_value_component_persistent_sodium_current_h_gate_variable_sigma_h":6.0,"data_set_value_component_leakage_current_variable_i_L":20.9703531365,"data_set_value_component_leakage_current_variable_g_L":2.8,"data_set_value_component_leakage_current_variable_E_L":-57.5,"data_set_value_component_tonic_current_variable_i_tonic_e":0.0,"data_set_value_component_tonic_current_variable_g_tonic_e":0.0,"data_set_value_component_tonic_current_variable_E_syn_e":0.0},{"data_set_value_component_environment_variable_time":0.7,"data_set_value_component_membrane_variable_V":-50.0123499472,"data_set_value_component_membrane_variable_C":21.0,"data_set_value_component_membrane_variable_i_app":0.0,"data_set_value_component_fast_sodium_current_variable_i_Na":-0.1656841423,"data_set_value_component_fast_sodium_current_variable_E_Na":50.0,"data_set_value_component_fast_sodium_current_variable_g_Na":28.0,"data_set_value_component_fast_sodium_current_m_gate_variable_m_infinity":0.0390728785,"data_set_value_component_fast_sodium_current_m_gate_variable_theta_m":-34.0,"data_set_value_component_fast_sodium_current_m_gate_variable_sigma_m":-5.0,"data_set_value_component_fast_sodium_current_n_gate_variable_n":0.0081567056,"data_set_value_component_fast_sodium_current_n_gate_variable_n_infinity":0.0052041172,"data_set_value_component_fast_sodium_current_n_gate_variable_tau_n":1.4390322288,"data_set_value_component_fast_sodium_current_n_gate_variable_tau_n_max":10.0,"data_set_value_component_fast_sodium_current_n_gate_variable_theta_n":-29.0,"data_set_value_component_fast_sodium_current_n_gate_variable_sigma_n":-4.0,"data_set_value_component_potassium_current_variable_i_K":0.0000017346,"data_set_value_component_potassium_current_variable_g_K":11.2,"data_set_value_component_potassium_current_variable_E_K":-85.0,"data_set_value_component_potassium_current_n_gate_variable_n":0.0081567056,"data_set_value_component_potassium_current_n_gate_variable_n_infinity":0.0052041172,"data_set_value_component_potassium_current_n_gate_variable_tau_n":1.4390322288,"data_set_value_component_potassium_current_n_gate_variable_tau_n_max":10.0,"data_set_value_component_potassium_current_n_gate_variable_theta_n":-29.0,"data_set_value_component_potassium_current_n_gate_variable_sigma_n":-4.0,"data_set_value_component_persistent_sodium_current_variable_i_NaP":-20.4298485915,"data_set_value_component_persistent_sodium_current_variable_g_NaP":2.8,"data_set_value_component_persistent_sodium_current_m_gate_variable_m_infinity":0.1585942447,"data_set_value_component_persistent_sodium_current_m_gate_variable_theta_m":-40.0,"data_set_value_component_persistent_sodium_current_m_gate_variable_sigma_m":-6.0,"data_set_value_component_persistent_sodium_current_h_gate_variable_h":0.4600087176,"data_set_value_component_persistent_sodium_current_h_gate_variable_h_infinity":0.583070669,"data_set_value_component_persistent_sodium_current_h_gate_variable_tau_h":9861.0194999438,"data_set_value_component_persistent_sodium_current_h_gate_variable_tau_h_max":10000.0,"data_set_value_component_persistent_sodium_current_h_gate_variable_theta_h":-48.0,"data_set_value_component_persistent_sodium_current_h_gate_variable_sigma_h":6.0,"data_set_value_component_leakage_current_variable_i_L":20.9654201478,"data_set_value_component_leakage_current_variable_g_L":2.8,"data_set_value_component_leakage_current_variable_E_L":-57.5,"data_set_value_component_tonic_current_variable_i_tonic_e":0.0,"data_set_value_component_tonic_current_variable_g_tonic_e":0.0,"data_set_value_component_tonic_current_variable_E_syn_e":0.0},{"data_set_value_component_environment_variable_time":0.8,"data_set_value_component_membrane_variable_V":-50.01411092,"data_set_value_component_membrane_variable_C":21.0,"data_set_value_component_membrane_variable_i_app":0.0,"data_set_value_component_fast_sodium_current_variable_i_Na":-0.1655520057,"data_set_value_component_fast_sodium_current_variable_E_Na":50.0,"data_set_value_component_fast_sodium_current_variable_g_Na":28.0,"data_set_value_component_fast_sodium_current_m_gate_variable_m_infinity":0.039059657,"data_set_value_component_fast_sodium_current_m_gate_variable_theta_m":-34.0,"data_set_value_component_fast_sodium_current_m_gate_variable_sigma_m":-5.0,"data_set_value_component_fast_sodium_current_n_gate_variable_n":0.0079584557,"data_set_value_component_fast_sodium_current_n_gate_variable_n_infinity":0.0052018386,"data_set_value_component_fast_sodium_current_n_gate_variable_tau_n":1.4387187971,"data_set_value_component_fast_sodium_current_n_gate_variable_tau_n_max":10.0,"data_set_value_component_fast_sodium_current_n_gate_variable_theta_n":-29.0,"data_set_value_component_fast_sodium_current_n_gate_variable_sigma_n":-4.0,"data_set_value_component_potassium_current_variable_i_K":0.0000015719,"data_set_value_component_potassium_current_variable_g_K":11.2,"data_set_value_component_potassium_current_variable_E_K":-85.0,"data_set_value_component_potassium_current_n_gate_variable_n":0.0079584557,"data_set_value_component_potassium_current_n_gate_variable_n_infinity":0.0052018386,"data_set_value_component_potassium_current_n_gate_variable_tau_n":1.4387187971,"data_set_value_component_potassium_current_n_gate_variable_tau_n_max":10.0,"data_set_value_component_potassium_current_n_gate_variable_theta_n":-29.0,"data_set_value_component_potassium_current_n_gate_variable_sigma_n":-4.0,"data_set_value_component_persistent_sodium_current_variable_i_NaP":-20.42521903,"data_set_value_component_persistent_sodium_current_variable_g_NaP":2.8,"data_set_value_component_persistent_sodium_current_m_gate_variable_m_infinity":0.1585550839,"data_set_value_component_persistent_sodium_current_m_gate_variable_theta_m":-40.0,"data_set_value_component_persistent_sodium_current_m_gate_variable_sigma_m":-6.0,"data_set_value_component_persistent_sodium_current_h_gate_variable_h":0.4600099659,"data_set_value_component_persistent_sodium_current_h_gate_variable_h_infinity":0.5831420158,"data_set_value_component_persistent_sodium_current_h_gate_variable_tau_h":9860.7789794528,"data_set_value_component_persistent_sodium_current_h_gate_variable_tau_h_max":10000.0,"data_set_value_component_persistent_sodium_current_h_gate_variable_theta_h":-48.0,"data_set_value_component_persistent_sodium_current_h_gate_variable_sigma_h":6.0,"data_set_value_component_leakage_current_variable_i_L":20.9604894241,"data_set_value_component_leakage_current_variable_g_L":2.8,"data_set_value_component_leakage_current_variable_E_L":-57.5,"data_set_value_component_tonic_current_variable_i_tonic_e":0.0,"data_set_value_component_tonic_current_variable_g_tonic_e":0.0,"data_set_value_component_tonic_current_variable_E_syn_e":0.0},{"data_set_value_component_environment_variable_time":0.9,"data_set_value_component_membrane_variable_V":-50.0158710902,"data_set_value_component_membrane_variable_C":21.0,"data_set_value_component_membrane_variable_i_app":0.0,"data_set_value_component_fast_sodium_current_variable_i_Na":-0.165417853,"data_set_value_component_fast_sodium_current_variable_E_Na":50.0,"data_set_value_component_fast_sodium_current_variable_g_Na":28.0,"data_set_value_component_fast_sodium_current_m_gate_variable_m_infinity":0.0390464459,"data_set_value_component_fast_sodium_current_m_gate_variable_theta_m":-34.0,"data_set_value_component_fast_sodium_current_m_gate_variable_sigma_m":-5.0,"data_set_value_component_fast_sodium_current_n_gate_variable_n":0.0077733282,"data_set_value_component_fast_sodium_current_n_gate_variable_n_infinity":0.0051995619,"data_set_value_component_fast_sodium_current_n_gate_variable_tau_n":1.438405575,"data_set_value_component_fast_sodium_current_n_gate_variable_tau_n_max":10.0,"data_set_value_component_fast_sodium_current_n_gate_variable_theta_n":-29.0,"data_set_value_component_fast_sodium_current_n_gate_variable_sigma_n":-4.0,"data_set_value_component_potassium_current_variable_i_K":0.0000014306,"data_set_value_component_potassium_current_variable_g_K":11.2,"data_set_value_component_potassium_current_variable_E_K":-85.0,"data_set_value_component_potassium_current_n_gate_variable_n":0.0077733282,"data_set_value_component_potassium_current_n_gate_variable_n_infinity":0.0051995619,"data_set_value_component_potassium_current_n_gate_variable_tau_n":1.438405575,"data_set_value_component_potassium_current_n_gate_variable_tau_n_max":10.0,"data_set_value_component_potassium_current_n_gate_variable_theta_n":-29.0,"data_set_value_component_potassium_current_n_gate_variable_sigma_n":-4.0,"data_set_value_component_persistent_sodium_current_variable_i_NaP":-20.4205924438,"data_set_value_component_persistent_sodium_current_variable_g_NaP":2.8,"data_set_value_component_persistent_sodium_current_m_gate_variable_m_infinity":0.1585159489,"data_set_value_component_persistent_sodium_current_m_gate_variable_theta_m":-40.0,"data_set_value_component_persistent_sodium_current_m_gate_variable_sigma_m":-6.0,"data_set_value_component_persistent_sodium_current_h_gate_variable_h":0.460011215,"data_set_value_component_persistent_sodium_current_h_gate_variable_h_infinity":0.5832133266,"data_set_value_component_persistent_sodium_current_h_gate_variable_tau_h":9860.5383681044,"data_set_value_component_persistent_sodium_current_h_gate_variable_tau_h_max":10000.0,"data_set_value_component_persistent_sodium_current_h_gate_variable_theta_h":-48.0,"data_set_value_component_persistent_sodium_current_h_gate_variable_sigma_h":6.0,"data_set_value_component_leakage_current_variable_i_L":20.9555609474,"data_set_value_component_leakage_current_variable_g_L":2.8,"data_set_value_component_leakage_current_variable_E_L":-57.5,"data_set_value_component_tonic_current_variable_i_tonic_e":0.0,"data_set_value_component_tonic_current_variable_g_tonic_e":0.0,"data_set_value_component_tonic_current_variable_E_syn_e":0.0},{"data_set_value_component_environment_variable_time":1.0,"data_set_value_component_membrane_variable_V":-50.0176304638,"data_set_value_component_membrane_variable_C":21.0,"data_set_value_component_membrane_variable_i_app":0.0,"data_set_value_component_fast_sodium_current_variable_i_Na":-0.1652818367,"data_set_value_component_fast_sodium_current_variable_E_Na":50.0,"data_set_value_component_fast_sodium_current_variable_g_Na":28.0,"data_set_value_component_fast_sodium_current_m_gate_variable_m_infinity":0.0390332451,"data_set_value_component_fast_sodium_current_m_gate_variable_theta_m":-34.0,"data_set_value_component_fast_sodium_current_m_gate_variable_sigma_m":-5.0,"data_set_value_component_fast_sodium_current_n_gate_variable_n":0.0076004426,"data_set_value_component_fast_sodium_current_n_gate_variable_n_infinity":0.0051972873,"data_set_value_component_fast_sodium_current_n_gate_variable_tau_n":1.4380925614,"data_set_value_component_fast_sodium_current_n_gate_variable_tau_n_max":10.0,"data_set_value_component_fast_sodium_current_n_gate_variable_theta_n":-29.0,"data_set_value_component_fast_sodium_current_n_gate_variable_sigma_n":-4.0,"data_set_value_component_potassium_current_variable_i_K":0.0000013074,"data_set_value_component_potassium_current_variable_g_K":11.2,"data_set_value_component_potassium_current_variable_E_K":-85.0,"data_set_value_component_potassium_current_n_gate_variable_n":0.0076004426,"data_set_value_component_potassium_current_n_gate_variable_n_infinity":0.0051972873,"data_set_value_component_potassium_current_n_gate_variable_tau_n":1.4380925614,"data_set_value_component_potassium_current_n_gate_variable_tau_n_max":10.0,"data_set_value_component_potassium_current_n_gate_variable_theta_n":-29.0,"data_set_value_component_potassium_current_n_gate_variable_sigma_n":-4.0,"data_set_value_component_persistent_sodium_current_variable_i_NaP":-20.4159688162,"data_set_value_component_persistent_sodium_current_variable_g_NaP":2.8,"data_set_value_component_persistent_sodium_current_m_gate_variable_m_infinity":0.1584768394,"data_set_value_component_persistent_sodium_current_m_gate_variable_theta_m":-40.0,"data_set_value_component_persistent_sodium_current_m_gate_variable_sigma_m":-6.0,"data_set_value_component_persistent_sodium_current_h_gate_variable_h":0.4600124648,"data_set_value_component_persistent_sodium_current_h_gate_variable_h_infinity":0.5832846017,"data_set_value_component_persistent_sodium_current_h_gate_variable_tau_h":9860.2976653871,"data_set_value_component_persistent_sodium_current_h_gate_variable_tau_h_max":10000.0,"data_set_value_component_persistent_sodium_current_h_gate_variable_theta_h":-48.0,"data_set_value_component_persistent_sodium_current_h_gate_variable_sigma_h":6.0,"data_set_value_component_leakage_current_variable_i_L":20.9506347012,"data_set_value_component_leakage_current_variable_g_L":2.8,"data_set_value_component_leakage_current_variable_E_L":-57.5,"data_set_value_component_tonic_current_variable_i_tonic_e":0.0,"data_set_value_component_tonic_current_variable_g_tonic_e":0.0,"data_set_value_component_tonic_current_variable_E_syn_e":0.0}]