[{"data_set_value_component_environment_variable_time":0.0,"data_set_value_component_rate_constants_variable_k1":0.1,"data_set_value_component_rate_constants_variable_k1_":0.5,"data_set_value_component_rate_constants_variable_k1__":0.5,"data_set_value_component_rate_constants_variable_kn1":0.001,"data_set_value_component_rate_constants_variable_k2":0.1,"data_set_value_component_rate_constants_variable_kn2":1.0,"data_set_value_component_rate_constants_variable_k3":1.42,"data_set_value_component_rate_constants_variable_k3_":0.0,"data_set_value_component_rate_constants_variable_kn4":0.016,"data_set_value_component_rate_constants_variable_k5":0.02,"data_set_value_component_rate_constants_variable_kn6":5.0,"data_set_value_component_rate_constants_variable_k8":2.0,"data_set_value_component_rate_constants_variable_k9":2.0,"data_set_value_component_rate_constants_variable_k10":0.035,"data_set_value_component_rate_constants_variable_k17":3.5,"data_set_value_component_rate_constants_variable_k18":0.0001,"data_set_value_component_rate_constants_variable_k19":0.05,"data_set_value_component_rate_constants_variable_k20":0.01,"data_set_value_component_rate_constants_variable_k21":0.1,"data_set_value_component_rate_constants_variable_k22":0.001,"data_set_value_component_rate_constants_variable_k24":0.1,"data_set_value_component_rate_constants_variable_k25":0.01,"data_set_value_component_rate_constants_variable_k25_":0.02,"data_set_value_component_rate_constants_variable_k26":0.01,"data_set_value_component_rate_constants_variable_k26_":0.1,"data_set_value_component_rate_constants_variable_k28":0.01,"data_set_value_component_rate_constants_variable_k29":0.001,"data_set_value_component_a_CyclinE_Cdk2_variable_a_CyclinE_Cdk2":0.0,"data_set_value_component_i_CyclinE_Cdk2_variable_i_CyclinE_Cdk2":0.01,"data_set_value_component_pRB_E2F_variable_pRB_E2F":1.95,"data_set_value_component_E2F_variable_E2F":0.0,"data_set_value_component_E2F_variable_V_4":0.000001,"data_set_value_component_pRB_variable_pRB":0.05,"data_set_value_component_pRB_variable_V_27":0.01,"data_set_value_component_CycD_Cdk4_variable_CycD_Cdk4":0.0,"data_set_value_component_CycD_Cdk4_variable_V_6":0.018,"data_set_value_component_p27_variable_p27":5.0,"data_set_value_component_p27_variable_V_7":0.0001,"data_set_value_component_CycE_Cdk2_p27_variable_CycE_Cdk2_p27":1.0,"data_set_value_component_CycD_Cdk4_p27_variable_CycD_Cdk4_p27":0.0,"data_set_value_component_p16_variable_p16":5.0,"data_set_value_component_p16_variable_V_23":0.2,"data_set_value_component_pRB_P_variable_pRB_P":0.01,"data_set_value_component_V_1_variable_V_1":0.0,"data_set_value_component_V_n1_variable_V_n1":0.001,"data_set_value_component_V_2_variable_V_2":0.0,"data_set_value_component_V_n2_variable_V_n2":0.0,"data_set_value_component_V_3_variable_V_3":0.0,"data_set_value_component_V_n4_variable_V_n4":0.0,"data_set_value_component_V_5_variable_V_5":0.0002,"data_set_value_component_V_n6_variable_V_n6":0.0,"data_set_value_component_V_8_variable_V_8":0.0,"data_set_value_component_V_9_variable_V_9":0.0,"data_set_value_component_V_10_variable_V_10":0.035,"data_set_value_component_V_17_variable_V_17":0.0,"data_set_value_component_V_18_variable_V_18":0.0,"data_set_value_component_V_19_variable_V_19":0.0,"data_set_value_component_V_20_variable_V_20":0.0,"data_set_value_component_V_21_variable_V_21":0.0,"data_set_value_component_V_22_variable_V_22":0.005,"data_set_value_component_V_24_variable_V_24":0.5,"data_set_value_component_V_25_variable_V_25":0.00999001,"data_set_value_component_V_26_variable_V_26":0.0066666667,"data_set_value_component_V_28_variable_V_28":0.0005,"data_set_value_component_V_29_variable_V_29":0.00001},{"data_set_value_component_environment_variable_time":0.1,"data_set_value_component_rate_constants_variable_k1":0.1,"data_set_value_component_rate_constants_variable_k1_":0.5,"data_set_value_component_rate_constants_variable_k1__":0.5,"data_set_value_component_rate_constants_variable_kn1":0.001,"data_set_value_component_rate_constants_variable_k2":0.1,"data_set_value_component_rate_constants_variable_kn2":1.0,"data_set_value_component_rate_constants_variable_k3":1.42,"data_set_value_component_rate_constants_variable_k3_":0.0,"data_set_value_component_rate_constants_variable_kn4":0.016,"data_set_value_component_rate_constants_variable_k5":0.02,"data_set_value_component_rate_constants_variable_kn6":5.0,"data_set_value_component_rate_constants_variable_k8":2.0,"data_set_value_component_rate_constants_variable_k9":2.0,"data_set_value_component_rate_constants_variable_k10":0.035,"data_set_value_component_rate_constants_variable_k17":3.5,"data_set_value_component_rate_constants_variable_k18":0.0001,"data_set_value_component_rate_constants_variable_k19":0.05,"data_set_value_component_rate_constants_variable_k20":0.01,"data_set_value_component_rate_constants_variable_k21":0.1,"data_set_value_component_rate_constants_variable_k22":0.001,"data_set_value_component_rate_constants_variable_k24":0.1,"data_set_value_component_rate_constants_variable_k25":0.01,"data_set_value_component_rate_constants_variable_k25_":0.02,"data_set_value_component_rate_constants_variable_k26":0.01,"data_set_value_component_rate_constants_variable_k26_":0.1,"data_set_value_component_rate_constants_variable_k28":0.01,"data_set_value_component_rate_constants_variable_k29":0.001,"data_set_value_component_a_CyclinE_Cdk2_variable_a_CyclinE_Cdk2":0.0021197752,"data_set_value_component_i_CyclinE_Cdk2_variable_i_CyclinE_Cdk2":0.0101016059,"data_set_value_component_pRB_E2F_variable_pRB_E2F":1.9500283959,"data_set_value_component_E2F_variable_E2F":-0.0000282567,"data_set_value_component_E2F_variable_V_4":0.000001,"data_set_value_component_pRB_variable_pRB":0.051517568,"data_set_value_component_pRB_variable_V_27":0.01,"data_set_value_component_CycD_Cdk4_variable_CycD_Cdk4":0.0007118531,"data_set_value_component_CycD_Cdk4_variable_V_6":0.018,"data_set_value_component_p27_variable_p27":5.0004919292,"data_set_value_component_p27_variable_V_7":0.0001,"data_set_value_component_CycE_Cdk2_p27_variable_CycE_Cdk2_p27":0.9977552653,"data_set_value_component_CycD_Cdk4_p27_variable_CycD_Cdk4_p27":0.0000119883,"data_set_value_component_p16_variable_p16":4.9703107279,"data_set_value_component_p16_variable_V_23":0.2,"data_set_value_component_pRB_P_variable_pRB_P":0.0100706011,"data_set_value_component_V_1_variable_V_1":0.0011191179,"data_set_value_component_V_n1_variable_V_n1":0.001,"data_set_value_component_V_2_variable_V_2":0.0000021413,"data_set_value_component_V_n2_variable_V_n2":0.0021197752,"data_set_value_component_V_3_variable_V_3":-0.0000401245,"data_set_value_component_V_n4_variable_V_n4":-0.0000004521,"data_set_value_component_V_5_variable_V_5":0.0002020321,"data_set_value_component_V_n6_variable_V_n6":0.0035592656,"data_set_value_component_V_8_variable_V_8":0.0211998376,"data_set_value_component_V_9_variable_V_9":0.0211998376,"data_set_value_component_V_10_variable_V_10":0.0349214343,"data_set_value_component_V_17_variable_V_17":0.0123834592,"data_set_value_component_V_18_variable_V_18":-0.0000000028,"data_set_value_component_V_19_variable_V_19":0.0001779808,"data_set_value_component_V_20_variable_V_20":0.0000001199,"data_set_value_component_V_21_variable_V_21":0.0000004493,"data_set_value_component_V_22_variable_V_22":0.0050004919,"data_set_value_component_V_24_variable_V_24":0.4970310728,"data_set_value_component_V_25_variable_V_25":0.0099897071,"data_set_value_component_V_26_variable_V_26":0.0066798881,"data_set_value_component_V_28_variable_V_28":0.0005151757,"data_set_value_component_V_29_variable_V_29":0.0000100706},{"data_set_value_component_environment_variable_time":0.2,"data_set_value_component_rate_constants_variable_k1":0.1,"data_set_value_component_rate_constants_variable_k1_":0.5,"data_set_value_component_rate_constants_variable_k1__":0.5,"data_set_value_component_rate_constants_variable_kn1":0.001,"data_set_value_component_rate_constants_variable_k2":0.1,"data_set_value_component_rate_constants_variable_kn2":1.0,"data_set_value_component_rate_constants_variable_k3":1.42,"data_set_value_component_rate_constants_variable_k3_":0.0,"data_set_value_component_rate_constants_variable_kn4":0.016,"data_set_value_component_rate_constants_variable_k5":0.02,"data_set_value_component_rate_constants_variable_kn6":5.0,"data_set_value_component_rate_constants_variable_k8":2.0,"data_set_value_component_rate_constants_variable_k9":2.0,"data_set_value_component_rate_constants_variable_k10":0.035,"data_set_value_component_rate_constants_variable_k17":3.5,"data_set_value_component_rate_constants_variable_k18":0.0001,"data_set_value_component_rate_constants_variable_k19":0.05,"data_set_value_component_rate_constants_variable_k20":0.01,"data_set_value_component_rate_constants_variable_k21":0.1,"data_set_value_component_rate_constants_variable_k22":0.001,"data_set_value_component_rate_constants_variable_k24":0.1,"data_set_value_component_rate_constants_variable_k25":0.01,"data_set_value_component_rate_constants_variable_k25_":0.02,"data_set_value_component_rate_constants_variable_k26":0.01,"data_set_value_component_rate_constants_variable_k26_":0.1,"data_set_value_component_rate_constants_variable_k28":0.01,"data_set_value_component_rate_constants_variable_k29":0.001,"data_set_value_component_a_CyclinE_Cdk2_variable_a_CyclinE_Cdk2":0.0028222779,"data_set_value_component_i_CyclinE_Cdk2_variable_i_CyclinE_Cdk2":0.0103319713,"data_set_value_component_pRB_E2F_variable_pRB_E2F":1.9500025028,"data_set_value_component_E2F_variable_E2F":-0.0000022384,"data_set_value_component_E2F_variable_V_4":0.000001,"data_set_value_component_pRB_variable_pRB":0.0530349618,"data_set_value_component_pRB_variable_V_27":0.01,"data_set_value_component_CycD_Cdk4_variable_CycD_Cdk4":0.0007882991,"data_set_value_component_CycD_Cdk4_variable_V_6":0.018,"data_set_value_component_p27_variable_p27":4.9984042175,"data_set_value_component_p27_variable_V_7":0.0001,"data_set_value_component_CycE_Cdk2_p27_variable_CycE_Cdk2_p27":0.9967994929,"data_set_value_component_CycD_Cdk4_p27_variable_CycD_Cdk4_p27":0.0000310372,"data_set_value_component_p16_variable_p16":4.9404328558,"data_set_value_component_p16_variable_V_23":0.2,"data_set_value_component_pRB_P_variable_pRB_P":0.0101954811,"data_set_value_component_V_1_variable_V_1":0.0013491989,"data_set_value_component_V_n1_variable_V_n1":0.001,"data_set_value_component_V_2_variable_V_2":0.000002916,"data_set_value_component_V_n2_variable_V_n2":0.0028222779,"data_set_value_component_V_3_variable_V_3":-0.0000031785,"data_set_value_component_V_n4_variable_V_n4":-0.0000000358,"data_set_value_component_V_5_variable_V_5":0.0002066394,"data_set_value_component_V_n6_variable_V_n6":0.0039414956,"data_set_value_component_V_8_variable_V_8":0.0282137719,"data_set_value_component_V_9_variable_V_9":0.0282137719,"data_set_value_component_V_10_variable_V_10":0.0348879823,"data_set_value_component_V_17_variable_V_17":0.0136308861,"data_set_value_component_V_18_variable_V_18":-0.0000000002,"data_set_value_component_V_19_variable_V_19":0.0001970119,"data_set_value_component_V_20_variable_V_20":0.0000003104,"data_set_value_component_V_21_variable_V_21":0.0000007965,"data_set_value_component_V_22_variable_V_22":0.0049984042,"data_set_value_component_V_24_variable_V_24":0.4940432856,"data_set_value_component_V_25_variable_V_25":0.0099894042,"data_set_value_component_V_26_variable_V_26":0.0066932465,"data_set_value_component_V_28_variable_V_28":0.0005303496,"data_set_value_component_V_29_variable_V_29":0.0000101955},{"data_set_value_component_environment_variable_time":0.3,"data_set_value_component_rate_constants_variable_k1":0.1,"data_set_value_component_rate_constants_variable_k1_":0.5,"data_set_value_component_rate_constants_variable_k1__":0.5,"data_set_value_component_rate_constants_variable_kn1":0.001,"data_set_value_component_rate_constants_variable_k2":0.1,"data_set_value_component_rate_constants_variable_kn2":1.0,"data_set_value_component_rate_constants_variable_k3":1.42,"data_set_value_component_rate_constants_variable_k3_":0.0,"data_set_value_component_rate_constants_variable_kn4":0.016,"data_set_value_component_rate_constants_variable_k5":0.02,"data_set_value_component_rate_constants_variable_kn6":5.0,"data_set_value_component_rate_constants_variable_k8":2.0,"data_set_value_component_rate_constants_variable_k9":2.0,"data_set_value_component_rate_constants_variable_k10":0.035,"data_set_value_component_rate_constants_variable_k17":3.5,"data_set_value_component_rate_constants_variable_k18":0.0001,"data_set_value_component_rate_constants_variable_k19":0.05,"data_set_value_component_rate_constants_variable_k20":0.01,"data_set_value_component_rate_constants_variable_k21":0.1,"data_set_value_component_rate_constants_variable_k22":0.001,"data_set_value_component_rate_constants_variable_k24":0.1,"data_set_value_component_rate_constants_variable_k25":0.01,"data_set_value_component_rate_constants_variable_k25_":0.02,"data_set_value_component_rate_constants_variable_k26":0.01,"data_set_value_component_rate_constants_variable_k26_":0.1,"data_set_value_component_rate_constants_variable_k28":0.01,"data_set_value_component_rate_constants_variable_k29":0.001,"data_set_value_component_a_CyclinE_Cdk2_variable_a_CyclinE_Cdk2":0.0030560501,"data_set_value_component_i_CyclinE_Cdk2_variable_i_CyclinE_Cdk2":0.0106091159,"data_set_value_component_pRB_E2F_variable_pRB_E2F":1.9499632491,"data_set_value_component_E2F_variable_E2F":0.0000370912,"data_set_value_component_E2F_variable_V_4":0.000001,"data_set_value_component_pRB_variable_pRB":0.0545521849,"data_set_value_component_pRB_variable_V_27":0.01,"data_set_value_component_CycD_Cdk4_variable_CycD_Cdk4":0.0007997248,"data_set_value_component_CycD_Cdk4_variable_V_6":0.018,"data_set_value_component_p27_variable_p27":4.9954659902,"data_set_value_component_p27_variable_V_7":0.0001,"data_set_value_component_CycE_Cdk2_p27_variable_CycE_Cdk2_p27":0.9962699277,"data_set_value_component_CycD_Cdk4_p27_variable_CycD_Cdk4_p27":0.0000508673,"data_set_value_component_p16_variable_p16":4.9108050412,"data_set_value_component_p16_variable_V_23":0.2,"data_set_value_component_pRB_P_variable_pRB_P":0.0103337082,"data_set_value_component_V_1_variable_V_1":0.0014252302,"data_set_value_component_V_n1_variable_V_n1":0.001,"data_set_value_component_V_2_variable_V_2":0.0000032422,"data_set_value_component_V_n2_variable_V_n2":0.0030560501,"data_set_value_component_V_3_variable_V_3":0.0000526695,"data_set_value_component_V_n4_variable_V_n4":0.0000005935,"data_set_value_component_V_5_variable_V_5":0.0002121823,"data_set_value_component_V_n6_variable_V_n6":0.0039986241,"data_set_value_component_V_8_variable_V_8":0.0305327883,"data_set_value_component_V_9_variable_V_9":0.0305327883,"data_set_value_component_V_10_variable_V_10":0.0348694475,"data_set_value_component_V_17_variable_V_17":0.0137455243,"data_set_value_component_V_18_variable_V_18":0.0000000037,"data_set_value_component_V_19_variable_V_19":0.0001997499,"data_set_value_component_V_20_variable_V_20":0.0000005087,"data_set_value_component_V_21_variable_V_21":0.0000009339,"data_set_value_component_V_22_variable_V_22":0.004995466,"data_set_value_component_V_24_variable_V_24":0.4910805041,"data_set_value_component_V_25_variable_V_25":0.0099891015,"data_set_value_component_V_26_variable_V_26":0.006706546,"data_set_value_component_V_28_variable_V_28":0.0005455218,"data_set_value_component_V_29_variable_V_29":0.0000103337},{"data_set_value_component_environment_variable_time":0.4,"data_set_value_component_rate_constants_variable_k1":0.1,"data_set_value_component_rate_constants_variable_k1_":0.5,"data_set_value_component_rate_constants_variable_k1__":0.5,"data_set_value_component_rate_constants_variable_kn1":0.001,"data_set_value_component_rate_constants_variable_k2":0.1,"data_set_value_component_rate_constants_variable_kn2":1.0,"data_set_value_component_rate_constants_variable_k3":1.42,"data_set_value_component_rate_constants_variable_k3_":0.0,"data_set_value_component_rate_constants_variable_kn4":0.016,"data_set_value_component_rate_constants_variable_k5":0.02,"data_set_value_component_rate_constants_variable_kn6":5.0,"data_set_value_component_rate_constants_variable_k8":2.0,"data_set_value_component_rate_constants_variable_k9":2.0,"data_set_value_component_rate_constants_variable_k10":0.035,"data_set_value_component_rate_constants_variable_k17":3.5,"data_set_value_component_rate_constants_variable_k18":0.0001,"data_set_value_component_rate_constants_variable_k19":0.05,"data_set_value_component_rate_constants_variable_k20":0.01,"data_set_value_component_rate_constants_variable_k21":0.1,"data_set_value_component_rate_constants_variable_k22":0.001,"data_set_value_component_rate_constants_variable_k24":0.1,"data_set_value_component_rate_constants_variable_k25":0.01,"data_set_value_component_rate_constants_variable_k25_":0.02,"data_set_value_component_rate_constants_variable_k26":0.01,"data_set_value_component_rate_constants_variable_k26_":0.1,"data_set_value_component_rate_constants_variable_k28":0.01,"data_set_value_component_rate_constants_variable_k29":0.001,"data_set_value_component_a_CyclinE_Cdk2_variable_a_CyclinE_Cdk2":0.0031342884,"data_set_value_component_i_CyclinE_Cdk2_variable_i_CyclinE_Cdk2":0.0109058451,"data_set_value_component_pRB_E2F_variable_pRB_E2F":1.9499186332,"data_set_value_component_E2F_variable_E2F":0.0000817146,"data_set_value_component_E2F_variable_V_4":0.000001,"data_set_value_component_pRB_variable_pRB":0.056069231,"data_set_value_component_pRB_variable_V_27":0.01,"data_set_value_component_CycD_Cdk4_variable_CycD_Cdk4":0.0008042533,"data_set_value_component_CycD_Cdk4_variable_V_6":0.018,"data_set_value_component_p27_variable_p27":4.9922467843,"data_set_value_component_p27_variable_V_7":0.0001,"data_set_value_component_CycE_Cdk2_p27_variable_CycE_Cdk2_p27":0.9958817288,"data_set_value_component_CycD_Cdk4_p27_variable_CycD_Cdk4_p27":0.0000708338,"data_set_value_component_p16_variable_p16":4.8814684199,"data_set_value_component_p16_variable_V_23":0.2,"data_set_value_component_pRB_P_variable_pRB_P":0.0104772839,"data_set_value_component_V_1_variable_V_1":0.001464335,"data_set_value_component_V_n1_variable_V_n1":0.001,"data_set_value_component_V_2_variable_V_2":0.0000034182,"data_set_value_component_V_n2_variable_V_n2":0.0031342884,"data_set_value_component_V_3_variable_V_3":0.0001160348,"data_set_value_component_V_n4_variable_V_n4":0.0000013074,"data_set_value_component_V_5_variable_V_5":0.0002181169,"data_set_value_component_V_n6_variable_V_n6":0.0040212663,"data_set_value_component_V_8_variable_V_8":0.0312942819,"data_set_value_component_V_9_variable_V_9":0.0312942819,"data_set_value_component_V_10_variable_V_10":0.0348558605,"data_set_value_component_V_17_variable_V_17":0.013740779,"data_set_value_component_V_18_variable_V_18":0.0000000082,"data_set_value_component_V_19_variable_V_19":0.0002007515,"data_set_value_component_V_20_variable_V_20":0.0000007083,"data_set_value_component_V_21_variable_V_21":0.0000009824,"data_set_value_component_V_22_variable_V_22":0.0049922468,"data_set_value_component_V_24_variable_V_24":0.488146842,"data_set_value_component_V_25_variable_V_25":0.0099887987,"data_set_value_component_V_26_variable_V_26":0.006719767,"data_set_value_component_V_28_variable_V_28":0.0005606923,"data_set_value_component_V_29_variable_V_29":0.0000104773},{"data_set_value_component_environment_variable_time":0.5,"data_set_value_component_rate_constants_variable_k1":0.1,"data_set_value_component_rate_constants_variable_k1_":0.5,"data_set_value_component_rate_constants_variable_k1__":0.5,"data_set_value_component_rate_constants_variable_kn1":0.001,"data_set_value_component_rate_constants_variable_k2":0.1,"data_set_value_component_rate_constants_variable_kn2":1.0,"data_set_value_component_rate_constants_variable_k3":1.42,"data_set_value_component_rate_constants_variable_k3_":0.0,"data_set_value_component_rate_constants_variable_kn4":0.016,"data_set_value_component_rate_constants_variable_k5":0.02,"data_set_value_component_rate_constants_variable_kn6":5.0,"data_set_value_component_rate_constants_variable_k8":2.0,"data_set_value_component_rate_constants_variable_k9":2.0,"data_set_value_component_rate_constants_variable_k10":0.035,"data_set_value_component_rate_constants_variable_k17":3.5,"data_set_value_component_rate_constants_variable_k18":0.0001,"data_set_value_component_rate_constants_variable_k19":0.05,"data_set_value_component_rate_constants_variable_k20":0.01,"data_set_value_component_rate_constants_variable_k21":0.1,"data_set_value_component_rate_constants_variable_k22":0.001,"data_set_value_component_rate_constants_variable_k24":0.1,"data_set_value_component_rate_constants_variable_k25":0.01,"data_set_value_component_rate_constants_variable_k25_":0.02,"data_set_value_component_rate_constants_variable_k26":0.01,"data_set_value_component_rate_constants_variable_k26_":0.1,"data_set_value_component_rate_constants_variable_k28":0.01,"data_set_value_component_rate_constants_variable_k29":0.001,"data_set_value_component_a_CyclinE_Cdk2_variable_a_CyclinE_Cdk2":0.0031606277,"data_set_value_component_i_CyclinE_Cdk2_variable_i_CyclinE_Cdk2":0.0112133269,"data_set_value_component_pRB_E2F_variable_pRB_E2F":1.9498707402,"data_set_value_component_E2F_variable_E2F":0.0001295414,"data_set_value_component_E2F_variable_V_4":0.000001,"data_set_value_component_pRB_variable_pRB":0.0575860928,"data_set_value_component_pRB_variable_V_27":0.01,"data_set_value_component_CycD_Cdk4_variable_CycD_Cdk4":0.0008079762,"data_set_value_component_CycD_Cdk4_variable_V_6":0.018,"data_set_value_component_p27_variable_p27":4.9889348729,"data_set_value_component_p27_variable_V_7":0.0001,"data_set_value_component_CycE_Cdk2_p27_variable_CycE_Cdk2_p27":0.9955406442,"data_set_value_component_CycD_Cdk4_p27_variable_CycD_Cdk4_p27":0.0000908682,"data_set_value_component_p16_variable_p16":4.8524249415,"data_set_value_component_p16_variable_V_23":0.2,"data_set_value_component_pRB_P_variable_pRB_P":0.0106241223,"data_set_value_component_V_1_variable_V_1":0.0014925968,"data_set_value_component_V_n1_variable_V_n1":0.001,"data_set_value_component_V_2_variable_V_2":0.0000035441,"data_set_value_component_V_n2_variable_V_n2":0.0031606277,"data_set_value_component_V_3_variable_V_3":0.0001839488,"data_set_value_component_V_n4_variable_V_n4":0.0000020727,"data_set_value_component_V_5_variable_V_5":0.0002242665,"data_set_value_component_V_n6_variable_V_n6":0.0040398812,"data_set_value_component_V_8_variable_V_8":0.0315363316,"data_set_value_component_V_9_variable_V_9":0.0315363316,"data_set_value_component_V_10_variable_V_10":0.0348439225,"data_set_value_component_V_17_variable_V_17":0.0137222543,"data_set_value_component_V_18_variable_V_18":0.000000013,"data_set_value_component_V_19_variable_V_19":0.000201547,"data_set_value_component_V_20_variable_V_20":0.0000009087,"data_set_value_component_V_21_variable_V_21":0.000000999,"data_set_value_component_V_22_variable_V_22":0.0049889349,"data_set_value_component_V_24_variable_V_24":0.4852424941,"data_set_value_component_V_25_variable_V_25":0.009988496,"data_set_value_component_V_26_variable_V_26":0.0067329073,"data_set_value_component_V_28_variable_V_28":0.0005758609,"data_set_value_component_V_29_variable_V_29":0.0000106241},{"data_set_value_component_environment_variable_time":0.6,"data_set_value_component_rate_constants_variable_k1":0.1,"data_set_value_component_rate_constants_variable_k1_":0.5,"data_set_value_component_rate_constants_variable_k1__":0.5,"data_set_value_component_rate_constants_variable_kn1":0.001,"data_set_value_component_rate_constants_variable_k2":0.1,"data_set_value_component_rate_constants_variable_kn2":1.0,"data_set_value_component_rate_constants_variable_k3":1.42,"data_set_value_component_rate_constants_variable_k3_":0.0,"data_set_value_component_rate_constants_variable_kn4":0.016,"data_set_value_component_rate_constants_variable_k5":0.02,"data_set_value_component_rate_constants_variable_kn6":5.0,"data_set_value_component_rate_constants_variable_k8":2.0,"data_set_value_component_rate_constants_variable_k9":2.0,"data_set_value_component_rate_constants_variable_k10":0.035,"data_set_value_component_rate_constants_variable_k17":3.5,"data_set_value_component_rate_constants_variable_k18":0.0001,"data_set_value_component_rate_constants_variable_k19":0.05,"data_set_value_component_rate_constants_variable_k20":0.01,"data_set_value_component_rate_constants_variable_k21":0.1,"data_set_value_component_rate_constants_variable_k22":0.001,"data_set_value_component_rate_constants_variable_k24":0.1,"data_set_value_component_rate_constants_variable_k25":0.01,"data_set_value_component_rate_constants_variable_k25_":0.02,"data_set_value_component_rate_constants_variable_k26":0.01,"data_set_value_component_rate_constants_variable_k26_":0.1,"data_set_value_component_rate_constants_variable_k28":0.01,"data_set_value_component_rate_constants_variable_k29":0.001,"data_set_value_component_a_CyclinE_Cdk2_variable_a_CyclinE_Cdk2":0.0031700911,"data_set_value_component_i_CyclinE_Cdk2_variable_i_CyclinE_Cdk2":0.0115287785,"data_set_value_component_pRB_E2F_variable_pRB_E2F":1.9498202161,"data_set_value_component_E2F_variable_E2F":0.0001799189,"data_set_value_component_E2F_variable_V_4":0.000001,"data_set_value_component_pRB_variable_pRB":0.0591027625,"data_set_value_component_pRB_variable_V_27":0.01,"data_set_value_component_CycD_Cdk4_variable_CycD_Cdk4":0.0008116893,"data_set_value_component_CycD_Cdk4_variable_V_6":0.018,"data_set_value_component_p27_variable_p27":4.9855938344,"data_set_value_component_p27_variable_V_7":0.0001,"data_set_value_component_CycE_Cdk2_p27_variable_CycE_Cdk2_p27":0.9952148434,"data_set_value_component_CycD_Cdk4_p27_variable_CycD_Cdk4_p27":0.0001109614,"data_set_value_component_p16_variable_p16":4.823672256,"data_set_value_component_p16_variable_V_23":0.2,"data_set_value_component_pRB_P_variable_pRB_P":0.010773576,"data_set_value_component_V_1_variable_V_1":0.0015176123,"data_set_value_component_V_n1_variable_V_n1":0.001,"data_set_value_component_V_2_variable_V_2":0.0000036547,"data_set_value_component_V_n2_variable_V_n2":0.0031700911,"data_set_value_component_V_3_variable_V_3":0.0002554849,"data_set_value_component_V_n4_variable_V_n4":0.0000028787,"data_set_value_component_V_5_variable_V_5":0.0002305756,"data_set_value_component_V_n6_variable_V_n6":0.0040584465,"data_set_value_component_V_8_variable_V_8":0.0316095736,"data_set_value_component_V_9_variable_V_9":0.0316095736,"data_set_value_component_V_10_variable_V_10":0.0348325195,"data_set_value_component_V_17_variable_V_17":0.0137036311,"data_set_value_component_V_18_variable_V_18":0.000000018,"data_set_value_component_V_19_variable_V_19":0.0002023377,"data_set_value_component_V_20_variable_V_20":0.0000011096,"data_set_value_component_V_21_variable_V_21":0.0000010049,"data_set_value_component_V_22_variable_V_22":0.0049855938,"data_set_value_component_V_24_variable_V_24":0.4823672256,"data_set_value_component_V_25_variable_V_25":0.0099881934,"data_set_value_component_V_26_variable_V_26":0.0067459667,"data_set_value_component_V_28_variable_V_28":0.0005910276,"data_set_value_component_V_29_variable_V_29":0.0000107736},{"data_set_value_component_environment_variable_time":0.7,"data_set_value_component_rate_constants_variable_k1":0.1,"data_set_value_component_rate_constants_variable_k1_":0.5,"data_set_value_component_rate_constants_variable_k1__":0.5,"data_set_value_component_rate_constants_variable_kn1":0.001,"data_set_value_component_rate_constants_variable_k2":0.1,"data_set_value_component_rate_constants_variable_kn2":1.0,"data_set_value_component_rate_constants_variable_k3":1.42,"data_set_value_component_rate_constants_variable_k3_":0.0,"data_set_value_component_rate_constants_variable_kn4":0.016,"data_set_value_component_rate_constants_variable_k5":0.02,"data_set_value_component_rate_constants_variable_kn6":5.0,"data_set_value_component_rate_constants_variable_k8":2.0,"data_set_value_component_rate_constants_variable_k9":2.0,"data_set_value_component_rate_constants_variable_k10":0.035,"data_set_value_component_rate_constants_variable_k17":3.5,"data_set_value_component_rate_constants_variable_k18":0.0001,"data_set_value_component_rate_constants_variable_k19":0.05,"data_set_value_component_rate_constants_variable_k20":0.01,"data_set_value_component_rate_constants_variable_k21":0.1,"data_set_value_component_rate_constants_variable_k22":0.001,"data_set_value_component_rate_constants_variable_k24":0.1,"data_set_value_component_rate_constants_variable_k25":0.01,"data_set_value_component_rate_constants_variable_k25_":0.02,"data_set_value_component_rate_constants_variable_k26":0.01,"data_set_value_component_rate_constants_variable_k26_":0.1,"data_set_value_component_rate_constants_variable_k28":0.01,"data_set_value_component_rate_constants_variable_k29":0.001,"data_set_value_component_a_CyclinE_Cdk2_variable_a_CyclinE_Cdk2":0.0031737846,"data_set_value_component_i_CyclinE_Cdk2_variable_i_CyclinE_Cdk2":0.0118515188,"data_set_value_component_pRB_E2F_variable_pRB_E2F":1.949767254,"data_set_value_component_E2F_variable_E2F":0.000232654,"data_set_value_component_E2F_variable_V_4":0.000001,"data_set_value_component_pRB_variable_pRB":0.0606192327,"data_set_value_component_pRB_variable_V_27":0.01,"data_set_value_component_CycD_Cdk4_variable_CycD_Cdk4":0.0008153769,"data_set_value_component_CycD_Cdk4_variable_V_6":0.018,"data_set_value_component_p27_variable_p27":4.9822438781,"data_set_value_component_p27_variable_V_7":0.0001,"data_set_value_component_CycE_Cdk2_p27_variable_CycE_Cdk2_p27":0.9948941988,"data_set_value_component_CycD_Cdk4_p27_variable_CycD_Cdk4_p27":0.0001311131,"data_set_value_component_p16_variable_p16":4.7952076414,"data_set_value_component_p16_variable_V_23":0.2,"data_set_value_component_pRB_P_variable_pRB_P":0.0109254527,"data_set_value_component_V_1_variable_V_1":0.0015415317,"data_set_value_component_V_n1_variable_V_n1":0.001,"data_set_value_component_V_2_variable_V_2":0.0000037614,"data_set_value_component_V_n2_variable_V_n2":0.0031737846,"data_set_value_component_V_3_variable_V_3":0.0003303686,"data_set_value_component_V_n4_variable_V_n4":0.0000037225,"data_set_value_component_V_5_variable_V_5":0.0002370304,"data_set_value_component_V_n6_variable_V_n6":0.0040768843,"data_set_value_component_V_8_variable_V_8":0.0316251376,"data_set_value_component_V_9_variable_V_9":0.0316251376,"data_set_value_component_V_10_variable_V_10":0.034821297,"data_set_value_component_V_17_variable_V_17":0.0136846548,"data_set_value_component_V_18_variable_V_18":0.0000000233,"data_set_value_component_V_19_variable_V_19":0.0002031203,"data_set_value_component_V_20_variable_V_20":0.0000013111,"data_set_value_component_V_21_variable_V_21":0.0000010073,"data_set_value_component_V_22_variable_V_22":0.0049822439,"data_set_value_component_V_24_variable_V_24":0.4795207641,"data_set_value_component_V_25_variable_V_25":0.0099878908,"data_set_value_component_V_26_variable_V_26":0.0067589454,"data_set_value_component_V_28_variable_V_28":0.0006061923,"data_set_value_component_V_29_variable_V_29":0.0000109255},{"data_set_value_component_environment_variable_time":0.8,"data_set_value_component_rate_constants_variable_k1":0.1,"data_set_value_component_rate_constants_variable_k1_":0.5,"data_set_value_component_rate_constants_variable_k1__":0.5,"data_set_value_component_rate_constants_variable_kn1":0.001,"data_set_value_component_rate_constants_variable_k2":0.1,"data_set_value_component_rate_constants_variable_kn2":1.0,"data_set_value_component_rate_constants_variable_k3":1.42,"data_set_value_component_rate_constants_variable_k3_":0.0,"data_set_value_component_rate_constants_variable_kn4":0.016,"data_set_value_component_rate_constants_variable_k5":0.02,"data_set_value_component_rate_constants_variable_kn6":5.0,"data_set_value_component_rate_constants_variable_k8":2.0,"data_set_value_component_rate_constants_variable_k9":2.0,"data_set_value_component_rate_constants_variable_k10":0.035,"data_set_value_component_rate_constants_variable_k17":3.5,"data_set_value_component_rate_constants_variable_k18":0.0001,"data_set_value_component_rate_constants_variable_k19":0.05,"data_set_value_component_rate_constants_variable_k20":0.01,"data_set_value_component_rate_constants_variable_k21":0.1,"data_set_value_component_rate_constants_variable_k22":0.001,"data_set_value_component_rate_constants_variable_k24":0.1,"data_set_value_component_rate_constants_variable_k25":0.01,"data_set_value_component_rate_constants_variable_k25_":0.02,"data_set_value_component_rate_constants_variable_k26":0.01,"data_set_value_component_rate_constants_variable_k26_":0.1,"data_set_value_component_rate_constants_variable_k28":0.01,"data_set_value_component_rate_constants_variable_k29":0.001,"data_set_value_component_a_CyclinE_Cdk2_variable_a_CyclinE_Cdk2":0.0031756663,"data_set_value_component_i_CyclinE_Cdk2_variable_i_CyclinE_Cdk2":0.0121815087,"data_set_value_component_pRB_E2F_variable_pRB_E2F":1.9497119174,"data_set_value_component_E2F_variable_E2F":0.0002876757,"data_set_value_component_E2F_variable_V_4":0.000001,"data_set_value_component_pRB_variable_pRB":0.0621354957,"data_set_value_component_pRB_variable_V_27":0.01,"data_set_value_component_CycD_Cdk4_variable_CycD_Cdk4":0.0008190538,"data_set_value_component_CycD_Cdk4_variable_V_6":0.018,"data_set_value_component_p27_variable_p27":4.9788921618,"data_set_value_component_p27_variable_V_7":0.0001,"data_set_value_component_CycE_Cdk2_p27_variable_CycE_Cdk2_p27":0.9945751365,"data_set_value_component_CycD_Cdk4_p27_variable_CycD_Cdk4_p27":0.0001513228,"data_set_value_component_p16_variable_p16":4.7670280083,"data_set_value_component_p16_variable_V_23":0.2,"data_set_value_component_pRB_P_variable_pRB_P":0.0110796881,"data_set_value_component_V_1_variable_V_1":0.0015651408,"data_set_value_component_V_n1_variable_V_n1":0.001,"data_set_value_component_V_2_variable_V_2":0.0000038684,"data_set_value_component_V_n2_variable_V_n2":0.0031756663,"data_set_value_component_V_3_variable_V_3":0.0004084994,"data_set_value_component_V_n4_variable_V_n4":0.0000046028,"data_set_value_component_V_5_variable_V_5":0.0002436302,"data_set_value_component_V_n6_variable_V_n6":0.0040952688,"data_set_value_component_V_8_variable_V_8":0.0316226002,"data_set_value_component_V_9_variable_V_9":0.0316226002,"data_set_value_component_V_10_variable_V_10":0.0348101298,"data_set_value_component_V_17_variable_V_17":0.0136655826,"data_set_value_component_V_18_variable_V_18":0.0000000288,"data_set_value_component_V_19_variable_V_19":0.000203899,"data_set_value_component_V_20_variable_V_20":0.0000015132,"data_set_value_component_V_21_variable_V_21":0.0000010085,"data_set_value_component_V_22_variable_V_22":0.0049788922,"data_set_value_component_V_24_variable_V_24":0.4767028008,"data_set_value_component_V_25_variable_V_25":0.0099875883,"data_set_value_component_V_26_variable_V_26":0.0067718433,"data_set_value_component_V_28_variable_V_28":0.000621355,"data_set_value_component_V_29_variable_V_29":0.0000110797},{"data_set_value_component_environment_variable_time":0.9,"data_set_value_component_rate_constants_variable_k1":0.1,"data_set_value_component_rate_constants_variable_k1_":0.5,"data_set_value_component_rate_constants_variable_k1__":0.5,"data_set_value_component_rate_constants_variable_kn1":0.001,"data_set_value_component_rate_constants_variable_k2":0.1,"data_set_value_component_rate_constants_variable_kn2":1.0,"data_set_value_component_rate_constants_variable_k3":1.42,"data_set_value_component_rate_constants_variable_k3_":0.0,"data_set_value_component_rate_constants_variable_kn4":0.016,"data_set_value_component_rate_constants_variable_k5":0.02,"data_set_value_component_rate_constants_variable_kn6":5.0,"data_set_value_component_rate_constants_variable_k8":2.0,"data_set_value_component_rate_constants_variable_k9":2.0,"data_set_value_component_rate_constants_variable_k10":0.035,"data_set_value_component_rate_constants_variable_k17":3.5,"data_set_value_component_rate_constants_variable_k18":0.0001,"data_set_value_component_rate_constants_variable_k19":0.05,"data_set_value_component_rate_constants_variable_k20":0.01,"data_set_value_component_rate_constants_variable_k21":0.1,"data_set_value_component_rate_constants_variable_k22":0.001,"data_set_value_component_rate_constants_variable_k24":0.1,"data_set_value_component_rate_constants_variable_k25":0.01,"data_set_value_component_rate_constants_variable_k25_":0.02,"data_set_value_component_rate_constants_variable_k26":0.01,"data_set_value_component_rate_constants_variable_k26_":0.1,"data_set_value_component_rate_constants_variable_k28":0.01,"data_set_value_component_rate_constants_variable_k29":0.001,"data_set_value_component_a_CyclinE_Cdk2_variable_a_CyclinE_Cdk2":0.0031769251,"data_set_value_component_i_CyclinE_Cdk2_variable_i_CyclinE_Cdk2":0.0125189415,"data_set_value_component_pRB_E2F_variable_pRB_E2F":1.9496542257,"data_set_value_component_E2F_variable_E2F":0.0003449645,"data_set_value_component_E2F_variable_V_4":0.000001,"data_set_value_component_pRB_variable_pRB":0.0636515438,"data_set_value_component_pRB_variable_V_27":0.01,"data_set_value_component_CycD_Cdk4_variable_CycD_Cdk4":0.0008227307,"data_set_value_component_CycD_Cdk4_variable_V_6":0.018,"data_set_value_component_p27_variable_p27":4.975540908,"data_set_value_component_p27_variable_V_7":0.0001,"data_set_value_component_CycE_Cdk2_p27_variable_CycE_Cdk2_p27":0.9942565401,"data_set_value_component_CycD_Cdk4_p27_variable_CycD_Cdk4_p27":0.0001715901,"data_set_value_component_p16_variable_p16":4.7391306094,"data_set_value_component_p16_variable_V_23":0.2,"data_set_value_component_pRB_P_variable_pRB_P":0.0112362637,"data_set_value_component_V_1_variable_V_1":0.0015886814,"data_set_value_component_V_n1_variable_V_n1":0.001,"data_set_value_component_V_2_variable_V_2":0.0000039772,"data_set_value_component_V_n2_variable_V_n2":0.0031769251,"data_set_value_component_V_3_variable_V_3":0.0004898496,"data_set_value_component_V_n4_variable_V_n4":0.0000055194,"data_set_value_component_V_5_variable_V_5":0.0002503788,"data_set_value_component_V_n6_variable_V_n6":0.0041136537,"data_set_value_component_V_8_variable_V_8":0.0316138414,"data_set_value_component_V_9_variable_V_9":0.0316138414,"data_set_value_component_V_10_variable_V_10":0.0347989789,"data_set_value_component_V_17_variable_V_17":0.0136465994,"data_set_value_component_V_18_variable_V_18":0.0000000345,"data_set_value_component_V_19_variable_V_19":0.0002046765,"data_set_value_component_V_20_variable_V_20":0.0000017159,"data_set_value_component_V_21_variable_V_21":0.0000010093,"data_set_value_component_V_22_variable_V_22":0.0049755409,"data_set_value_component_V_24_variable_V_24":0.4739130609,"data_set_value_component_V_25_variable_V_25":0.0099872859,"data_set_value_component_V_26_variable_V_26":0.0067846607,"data_set_value_component_V_28_variable_V_28":0.0006365154,"data_set_value_component_V_29_variable_V_29":0.0000112363},{"data_set_value_component_environment_variable_time":1.0,"data_set_value_component_rate_constants_variable_k1":0.1,"data_set_value_component_rate_constants_variable_k1_":0.5,"data_set_value_component_rate_constants_variable_k1__":0.5,"data_set_value_component_rate_constants_variable_kn1":0.001,"data_set_value_component_rate_constants_variable_k2":0.1,"data_set_value_component_rate_constants_variable_kn2":1.0,"data_set_value_component_rate_constants_variable_k3":1.42,"data_set_value_component_rate_constants_variable_k3_":0.0,"data_set_value_component_rate_constants_variable_kn4":0.016,"data_set_value_component_rate_constants_variable_k5":0.02,"data_set_value_component_rate_constants_variable_kn6":5.0,"data_set_value_component_rate_constants_variable_k8":2.0,"data_set_value_component_rate_constants_variable_k9":2.0,"data_set_value_component_rate_constants_variable_k10":0.035,"data_set_value_component_rate_constants_variable_k17":3.5,"data_set_value_component_rate_constants_variable_k18":0.0001,"data_set_value_component_rate_constants_variable_k19":0.05,"data_set_value_component_rate_constants_variable_k20":0.01,"data_set_value_component_rate_constants_variable_k21":0.1,"data_set_value_component_rate_constants_variable_k22":0.001,"data_set_value_component_rate_constants_variable_k24":0.1,"data_set_value_component_rate_constants_variable_k25":0.01,"data_set_value_component_rate_constants_variable_k25_":0.02,"data_set_value_component_rate_constants_variable_k26":0.01,"data_set_value_component_rate_constants_variable_k26_":0.1,"data_set_value_component_rate_constants_variable_k28":0.01,"data_set_value_component_rate_constants_variable_k29":0.001,"data_set_value_component_a_CyclinE_Cdk2_variable_a_CyclinE_Cdk2":0.0031778922,"data_set_value_component_i_CyclinE_Cdk2_variable_i_CyclinE_Cdk2":0.0128640922,"data_set_value_component_pRB_E2F_variable_pRB_E2F":1.9495941802,"data_set_value_component_E2F_variable_E2F":0.0004045165,"data_set_value_component_E2F_variable_V_4":0.000001,"data_set_value_component_pRB_variable_pRB":0.0651673695,"data_set_value_component_pRB_variable_V_27":0.01,"data_set_value_component_CycD_Cdk4_variable_CycD_Cdk4":0.0008264065,"data_set_value_component_CycD_Cdk4_variable_V_6":0.018,"data_set_value_component_p27_variable_p27":4.9721907211,"data_set_value_component_p27_variable_V_7":0.0001,"data_set_value_component_CycE_Cdk2_p27_variable_CycE_Cdk2_p27":0.9939381041,"data_set_value_component_CycD_Cdk4_p27_variable_CycD_Cdk4_p27":0.0001919148,"data_set_value_component_p16_variable_p16":4.7115127079,"data_set_value_component_p16_variable_V_23":0.2,"data_set_value_component_pRB_P_variable_pRB_P":0.0113951783,"data_set_value_component_V_1_variable_V_1":0.0016122167,"data_set_value_component_V_n1_variable_V_n1":0.001,"data_set_value_component_V_2_variable_V_2":0.0000040881,"data_set_value_component_V_n2_variable_V_n2":0.0031778922,"data_set_value_component_V_3_variable_V_3":0.0005744135,"data_set_value_component_V_n4_variable_V_n4":0.0000064723,"data_set_value_component_V_5_variable_V_5":0.0002572818,"data_set_value_component_V_n6_variable_V_n6":0.0041320324,"data_set_value_component_V_8_variable_V_8":0.0316021723,"data_set_value_component_V_9_variable_V_9":0.0316021723,"data_set_value_component_V_10_variable_V_10":0.0347878336,"data_set_value_component_V_17_variable_V_17":0.0136276861,"data_set_value_component_V_18_variable_V_18":0.0000000405,"data_set_value_component_V_19_variable_V_19":0.0002054525,"data_set_value_component_V_20_variable_V_20":0.0000019191,"data_set_value_component_V_21_variable_V_21":0.0000010099,"data_set_value_component_V_22_variable_V_22":0.0049721907,"data_set_value_component_V_24_variable_V_24":0.4711512708,"data_set_value_component_V_25_variable_V_25":0.0099869835,"data_set_value_component_V_26_variable_V_26":0.0067973975,"data_set_value_component_V_28_variable_V_28":0.0006516737,"data_set_value_component_V_29_variable_V_29":0.0000113952}]