[{"data_set_value_component_environment_variable_time":0.0,"data_set_value_component_rate_constants_variable_kappa_L1":0.000005,"data_set_value_component_rate_constants_variable_kappa_P1":0.132,"data_set_value_component_rate_constants_variable_kappa_L2":0.055012073,"data_set_value_component_rate_constants_variable_kappa_P2":3.78,"data_set_value_component_rate_constants_variable_kappa_L2_0":0.054,"data_set_value_component_rate_constants_variable_kappa_L2_1":2.4,"data_set_value_component_rate_constants_variable_Kd_Ca":1000.0,"data_set_value_component_rate_constants_variable_n":3.0,"data_set_value_component_cytosolic_calcium_variable_Ca_i":75.0,"data_set_value_component_cytosolic_calcium_variable_Ca_o":2000000.0,"data_set_value_component_cytosolic_calcium_variable_Ca_i_ss":75.7547062611,"data_set_value_component_cytosolic_calcium_variable_gamma":0.24,"data_set_value_component_subspace_calcium_variable_Ca_s":5300.0,"data_set_value_component_subspace_calcium_variable_Ca_s_ss":5281.026456375},{"data_set_value_component_environment_variable_time":0.1,"data_set_value_component_rate_constants_variable_kappa_L1":0.000005,"data_set_value_component_rate_constants_variable_kappa_P1":0.132,"data_set_value_component_rate_constants_variable_kappa_L2":0.0550160916,"data_set_value_component_rate_constants_variable_kappa_P2":3.78,"data_set_value_component_rate_constants_variable_kappa_L2_0":0.054,"data_set_value_component_rate_constants_variable_kappa_L2_1":2.4,"data_set_value_component_rate_constants_variable_Kd_Ca":1000.0,"data_set_value_component_rate_constants_variable_n":3.0,"data_set_value_component_cytosolic_calcium_variable_Ca_i":75.0991758889,"data_set_value_component_cytosolic_calcium_variable_Ca_o":2000000.0,"data_set_value_component_cytosolic_calcium_variable_Ca_i_ss":75.7547062611,"data_set_value_component_cytosolic_calcium_variable_gamma":0.24,"data_set_value_component_subspace_calcium_variable_Ca_s":5299.6255047788,"data_set_value_component_subspace_calcium_variable_Ca_s_ss":5280.6462478304},{"data_set_value_component_environment_variable_time":0.2,"data_set_value_component_rate_constants_variable_kappa_L1":0.000005,"data_set_value_component_rate_constants_variable_kappa_P1":0.132,"data_set_value_component_rate_constants_variable_kappa_L2":0.0550197185,"data_set_value_component_rate_constants_variable_kappa_P2":3.78,"data_set_value_component_rate_constants_variable_kappa_L2_0":0.054,"data_set_value_component_rate_constants_variable_kappa_L2_1":2.4,"data_set_value_component_rate_constants_variable_Kd_Ca":1000.0,"data_set_value_component_rate_constants_variable_n":3.0,"data_set_value_component_cytosolic_calcium_variable_Ca_i":75.1884639847,"data_set_value_component_cytosolic_calcium_variable_Ca_o":2000000.0,"data_set_value_component_cytosolic_calcium_variable_Ca_i_ss":75.7547062611,"data_set_value_component_cytosolic_calcium_variable_gamma":0.24,"data_set_value_component_subspace_calcium_variable_Ca_s":5299.2870365216,"data_set_value_component_subspace_calcium_variable_Ca_s_ss":5280.3031345757},{"data_set_value_component_environment_variable_time":0.3,"data_set_value_component_rate_constants_variable_kappa_L1":0.000005,"data_set_value_component_rate_constants_variable_kappa_P1":0.132,"data_set_value_component_rate_constants_variable_kappa_L2":0.0550229903,"data_set_value_component_rate_constants_variable_kappa_P2":3.78,"data_set_value_component_rate_constants_variable_kappa_L2_0":0.054,"data_set_value_component_rate_constants_variable_kappa_L2_1":2.4,"data_set_value_component_rate_constants_variable_Kd_Ca":1000.0,"data_set_value_component_rate_constants_variable_n":3.0,"data_set_value_component_cytosolic_calcium_variable_Ca_i":75.2688256388,"data_set_value_component_cytosolic_calcium_variable_Ca_o":2000000.0,"data_set_value_component_cytosolic_calcium_variable_Ca_i_ss":75.7547062611,"data_set_value_component_cytosolic_calcium_variable_gamma":0.24,"data_set_value_component_subspace_calcium_variable_Ca_s":5298.9810928686,"data_set_value_component_subspace_calcium_variable_Ca_s_ss":5279.9936656641},{"data_set_value_component_environment_variable_time":0.4,"data_set_value_component_rate_constants_variable_kappa_L1":0.000005,"data_set_value_component_rate_constants_variable_kappa_P1":0.132,"data_set_value_component_rate_constants_variable_kappa_L2":0.0550259408,"data_set_value_component_rate_constants_variable_kappa_P2":3.78,"data_set_value_component_rate_constants_variable_kappa_L2_0":0.054,"data_set_value_component_rate_constants_variable_kappa_L2_1":2.4,"data_set_value_component_rate_constants_variable_Kd_Ca":1000.0,"data_set_value_component_rate_constants_variable_n":3.0,"data_set_value_component_cytosolic_calcium_variable_Ca_i":75.34115069,"data_set_value_component_cytosolic_calcium_variable_Ca_o":2000000.0,"data_set_value_component_cytosolic_calcium_variable_Ca_i_ss":75.7547062611,"data_set_value_component_cytosolic_calcium_variable_gamma":0.24,"data_set_value_component_subspace_calcium_variable_Ca_s":5298.7044320866,"data_set_value_component_subspace_calcium_variable_Ca_s_ss":5279.7146120341},{"data_set_value_component_environment_variable_time":0.5,"data_set_value_component_rate_constants_variable_kappa_L1":0.000005,"data_set_value_component_rate_constants_variable_kappa_P1":0.132,"data_set_value_component_rate_constants_variable_kappa_L2":0.0550286013,"data_set_value_component_rate_constants_variable_kappa_P2":3.78,"data_set_value_component_rate_constants_variable_kappa_L2_0":0.054,"data_set_value_component_rate_constants_variable_kappa_L2_1":2.4,"data_set_value_component_rate_constants_variable_Kd_Ca":1000.0,"data_set_value_component_rate_constants_variable_n":3.0,"data_set_value_component_cytosolic_calcium_variable_Ca_i":75.4062484108,"data_set_value_component_cytosolic_calcium_variable_Ca_o":2000000.0,"data_set_value_component_cytosolic_calcium_variable_Ca_i_ss":75.7547062611,"data_set_value_component_cytosolic_calcium_variable_gamma":0.24,"data_set_value_component_subspace_calcium_variable_Ca_s":5298.4541060183,"data_set_value_component_subspace_calcium_variable_Ca_s_ss":5279.4630114891},{"data_set_value_component_environment_variable_time":0.6,"data_set_value_component_rate_constants_variable_kappa_L1":0.000005,"data_set_value_component_rate_constants_variable_kappa_P1":0.132,"data_set_value_component_rate_constants_variable_kappa_L2":0.0550310001,"data_set_value_component_rate_constants_variable_kappa_P2":3.78,"data_set_value_component_rate_constants_variable_kappa_L2_0":0.054,"data_set_value_component_rate_constants_variable_kappa_L2_1":2.4,"data_set_value_component_rate_constants_variable_Kd_Ca":1000.0,"data_set_value_component_rate_constants_variable_n":3.0,"data_set_value_component_cytosolic_calcium_variable_Ca_i":75.4648468504,"data_set_value_component_cytosolic_calcium_variable_Ca_o":2000000.0,"data_set_value_component_cytosolic_calcium_variable_Ca_i_ss":75.7547062611,"data_set_value_component_cytosolic_calcium_variable_gamma":0.24,"data_set_value_component_subspace_calcium_variable_Ca_s":5298.2274624586,"data_set_value_component_subspace_calcium_variable_Ca_s_ss":5279.2361799574},{"data_set_value_component_environment_variable_time":0.7,"data_set_value_component_rate_constants_variable_kappa_L1":0.000005,"data_set_value_component_rate_constants_variable_kappa_P1":0.132,"data_set_value_component_rate_constants_variable_kappa_L2":0.0550331626,"data_set_value_component_rate_constants_variable_kappa_P2":3.78,"data_set_value_component_rate_constants_variable_kappa_L2_0":0.054,"data_set_value_component_rate_constants_variable_kappa_L2_1":2.4,"data_set_value_component_rate_constants_variable_Kd_Ca":1000.0,"data_set_value_component_rate_constants_variable_n":3.0,"data_set_value_component_cytosolic_calcium_variable_Ca_i":75.5175950426,"data_set_value_component_cytosolic_calcium_variable_Ca_o":2000000.0,"data_set_value_component_cytosolic_calcium_variable_Ca_i_ss":75.7547062611,"data_set_value_component_cytosolic_calcium_variable_gamma":0.24,"data_set_value_component_subspace_calcium_variable_Ca_s":5298.0221371034,"data_set_value_component_subspace_calcium_variable_Ca_s_ss":5279.0317102708},{"data_set_value_component_environment_variable_time":0.8,"data_set_value_component_rate_constants_variable_kappa_L1":0.000005,"data_set_value_component_rate_constants_variable_kappa_P1":0.132,"data_set_value_component_rate_constants_variable_kappa_L2":0.0550351118,"data_set_value_component_rate_constants_variable_kappa_P2":3.78,"data_set_value_component_rate_constants_variable_kappa_L2_0":0.054,"data_set_value_component_rate_constants_variable_kappa_L2_1":2.4,"data_set_value_component_rate_constants_variable_Kd_Ca":1000.0,"data_set_value_component_rate_constants_variable_n":3.0,"data_set_value_component_cytosolic_calcium_variable_Ca_i":75.5650753758,"data_set_value_component_cytosolic_calcium_variable_Ca_o":2000000.0,"data_set_value_component_cytosolic_calcium_variable_Ca_i_ss":75.7547062611,"data_set_value_component_cytosolic_calcium_variable_gamma":0.24,"data_set_value_component_subspace_calcium_variable_Ca_s":5297.8360084685,"data_set_value_component_subspace_calcium_variable_Ca_s_ss":5278.8474302177},{"data_set_value_component_environment_variable_time":0.9,"data_set_value_component_rate_constants_variable_kappa_L1":0.000005,"data_set_value_component_rate_constants_variable_kappa_P1":0.132,"data_set_value_component_rate_constants_variable_kappa_L2":0.0550368683,"data_set_value_component_rate_constants_variable_kappa_P2":3.78,"data_set_value_component_rate_constants_variable_kappa_L2_0":0.054,"data_set_value_component_rate_constants_variable_kappa_L2_1":2.4,"data_set_value_component_rate_constants_variable_Kd_Ca":1000.0,"data_set_value_component_rate_constants_variable_n":3.0,"data_set_value_component_cytosolic_calcium_variable_Ca_i":75.6078121267,"data_set_value_component_cytosolic_calcium_variable_Ca_o":2000000.0,"data_set_value_component_cytosolic_calcium_variable_Ca_i_ss":75.7547062611,"data_set_value_component_cytosolic_calcium_variable_gamma":0.24,"data_set_value_component_subspace_calcium_variable_Ca_s":5297.6671667875,"data_set_value_component_subspace_calcium_variable_Ca_s_ss":5278.6813741808},{"data_set_value_component_environment_variable_time":1.0,"data_set_value_component_rate_constants_variable_kappa_L1":0.000005,"data_set_value_component_rate_constants_variable_kappa_P1":0.132,"data_set_value_component_rate_constants_variable_kappa_L2":0.0550384509,"data_set_value_component_rate_constants_variable_kappa_P2":3.78,"data_set_value_component_rate_constants_variable_kappa_L2_0":0.054,"data_set_value_component_rate_constants_variable_kappa_L2_1":2.4,"data_set_value_component_rate_constants_variable_Kd_Ca":1000.0,"data_set_value_component_rate_constants_variable_n":3.0,"data_set_value_component_cytosolic_calcium_variable_Ca_i":75.6462775943,"data_set_value_component_cytosolic_calcium_variable_Ca_o":2000000.0,"data_set_value_component_cytosolic_calcium_variable_Ca_i_ss":75.7547062611,"data_set_value_component_cytosolic_calcium_variable_gamma":0.24,"data_set_value_component_subspace_calcium_variable_Ca_s":5297.5138916576,"data_set_value_component_subspace_calcium_variable_Ca_s_ss":5278.5317631335}]