[{"R_ACALDt":0.0,"R_ACMANApts":0.0,"R_ACTNdiff":0.0,"R_ACt2r":-1.1587658561,"R_ADEt2":0.0047503477,"R_ADPTA":0.0,"R_AKGt2r":0.0,"R_ALAt2r_copy2":0.0,"R_ALOX":0.0,"R_AMALT1":0.0,"R_AMALT2":0.0,"R_AMALT3":0.0,"R_AMALT4":0.0,"R_ACGAMT":0.0,"R_ARGt2r":0.02,"R_ACGK":0.0252241781,"R_ASNt2r":0.0,"R_ACHBS":0.0,"R_BIOMASS_LLA":0.0426346054,"R_ACOATA":0.0,"R_BIOMASS_LLA_noATPnoH":0.0,"R_ASPt2r":0.01,"R_ACLS":0.0,"R_2H3MBt":0.0369251176,"R_2H3MPt":0.0,"R_ACLDC":0.0,"R_2HXICt_copy1":0.0,"R_2MBALDH":0.0,"R_ATPM":0.0,"R_ACODA_1":0.0,"R_ACONT":0.0,"R_BTDt_RR":0.0,"R_2MBALDt":0.0396117373,"R_2MBAt6":0.0,"R_2MPAt6":0.0,"R_ACKILE":0.0,"R_2HXICt_copy2":0.0053732393,"R_3MBALt":0.0,"R_3MBAt6":0.0,"R_3MOPDC":0.0396117373,"R_BZALt":0.0,"R_CBMKr_copy1":0.0,"R_ACKLEU":0.0,"R_2S6HCCi":0.0,"R_ACKVAL":0.0,"R_AALDH":0.0,"R_ACKr":-1.1587658561,"R_ACOTA":-0.0252241781,"R_CH4St":0.0,"R_ACTD":0.0,"R_CITt2r":0.0,"R_AB6PGH":0.0,"R_ACACT1r":0.0000937961,"R_CITt3":0.0,"R_ACPS2":0.0,"R_ACPSc":0.0,"R_ADADir":0.0,"R_CO2t":-0.0686718361,"R_ADA":0.0,"R_CPSS_LLA":0.0002728615,"R_ADK2":0.0,"R_CYSt2r":0.0087848178,"R_ADK1":0.2214035525,"R_ADCL":0.0,"R_ADCS":0.0,"R_ADPDS":0.0,"R_ADPT":0.0054254241,"R_ADPRDP":0.0,"R_ADSL1r":0.0,"R_CSND":0.0,"R_DAPE":0.0,"R_ADSL2r":0.0,"R_DADA":0.0,"R_ADSS":0.0,"R_DHAt":-1.1616779524,"R_DIACTt":0.0,"R_DNAS_LLA":0.0031549608,"R_DRIBt2":0.0,"R_AGAT_LLA":0.0025964475,"R_CYTDK1":0.0,"R_AEPabc":0.0,"R_CYTDK2":0.0,"R_DADK":0.0,"R_ASPTRS_1":0.0084180749,"R_ETOHt":-1.02,"R_EX_2aeppn_e":0.0,"R_EX_2h3mb_e":0.0369251176,"R_AGDC":0.0,"R_EX_2h3mp_e":0.0,"R_EX_2hxic__L_e":0.0053732393,"R_EX_2mba_e":0.0,"R_ATPPRT":0.0,"R_ARGSL":0.0,"R_ARGSS":0.0,"R_EX_2mbald_e":0.0396117373,"R_ARGTRS_1":0.0075225351,"R_AGPR":-0.0252241781,"R_EX_2mpa_e":0.0,"R_EX_3mba_e":0.0,"R_AHCYSNS":0.0006750763,"R_ARGabc":0.0,"R_ASAD":0.0,"R_EX_3mbal_e":0.0,"R_AICART":0.0,"R_ASNN":0.0,"R_AHMMPS_1":0.0,"R_TRPTA":0.0,"R_AIRCr":0.0,"R_ASNTRS_1":0.0084180749,"R_EX_4abut_e":0.0,"R_ASNS1":0.0084180749,"R_ASPCT":0.0,"R_ALAALAr":0.005073518,"R_ASPK":0.0,"R_EX_4abz_e":-0.0000004263,"R_EX_ac_e":1.1587658561,"R_EX_acald_e":0.0,"R_EX_acgala_e":0.0,"R_ALAR":0.0139841506,"R_ALATA_L":-0.0346400627,"R_EX_acgam_e":0.0,"R_EX_acmana_e":0.0,"R_ASPR":0.0,"R_ASPTA":-0.0068361499,"R_ASPTA2":0.0,"R_ALATRS_1":0.015582394,"R_ALCD19":0.0,"R_BG_CELLB":0.0,"R_ATPS3r":-0.0732826763,"R_EX_actn__R_e":0.0,"R_EX_ade_e":-0.0047503477,"R_BTDD_RR":0.0,"R_BTMAT1":0.0051928949,"R_EX_akg_e":0.0,"R_ALKP":1.1616779524,"R_CARORSr":0.0,"R_DALAt2r":0.0,"R_CFAS180":0.0006750763,"R_CBMKr_copy2":-0.0124774649,"R_EX_ala__D_e":0.0,"R_EX_ala__L_e":0.0,"R_EX_arg__L_e":-0.02,"R_CBPS":0.0,"R_CGPT":0.0,"R_ALAt2r_copy1":0.0,"R_CHITN1":0.0,"R_CHORM":0.0163516502,"R_EX_asn__L_e":0.0,"R_EX_asp__L_e":-0.01,"R_EX_btd_RR_e":0.0,"R_AMANAPEr":0.0,"R_CHLabc":0.0,"R_CHORS":0.017784514,"R_CLPNS_LLA":0.0005883576,"R_AMMQT8_2":0.0,"R_CPPPGO":0.0,"R_EX_bzal_e":0.0,"R_ANPRT":0.0014328638,"R_CMLDC":0.0,"R_APATi":0.0,"R_CRPT_25":0.0,"R_CS":0.0,"R_EX_cellb_e":0.0,"R_EX_ch4s_e":0.0,"R_CTPS1":0.00337325,"R_EX_chol_e":0.0,"R_ANS":0.0014328638,"R_EX_cit_e":0.0,"R_CTPS2":0.0,"R_CYSTGL":0.0,"R_APRAUR":0.0,"R_CYSS":0.0,"R_DHPPDA":0.0,"R_CYSTL":0.0,"R_DHDPRy":0.0,"R_CYSTRS_1":0.0087762909,"R_ARGDI_1":0.0124774649,"R_CYTD":0.0,"R_CYTB_B2":0.0,"R_DDMAT5":0.0051928949,"R_DEMAT4":0.0051928949,"R_CYTK2":0.0,"R_ARGORNt3":0.0,"R_CYTK1":0.0117245165,"R_DAGK_LLA":0.009128069,"R_DCYTD":0.0,"R_DAPDC":0.0,"R_EX_co2_e":0.0686718361,"R_DGNSK":0.0,"R_DINSK":0.0,"R_DASYN_LLA":0.0117245165,"R_DB4PS":0.0,"R_DADNK":0.0,"R_DAGGT_LLA":0.0010488113,"R_DDPA":0.017784514,"R_DALTAL_LLA":0.0006395191,"R_DCMPDA_1":0.0,"R_EX_cys__L_e":-0.0087848178,"R_DHAD1":0.0,"R_DHAD2":0.0,"R_DHAPT":0.0,"R_FOLt":0.0,"R_FORt2":-2.2233641262,"R_DHDPS":0.0,"R_EX_dha_e":1.1616779524,"R_DHFR":0.0000004263,"R_FOLR2":0.0,"R_EX_diact_e":0.0,"R_DHFS":0.0000004263,"R_DHNAOT_1":0.0,"R_G5SADs":0.0,"R_EX_drib_e":0.0,"R_EX_etoh_e":1.02,"R_ABUTt2r":0.05,"R_GALTAL":0.0006395191,"R_DHNPA_1":0.0000004263,"R_GAT1_LLA":0.0025964475,"R_EX_fe2_e":0.0,"R_DHORDi":0.0,"R_DHORTS":0.0,"R_FOLD3":0.0000004263,"R_GCALDt":-0.0000004263,"R_EX_fe3_e":0.0,"R_GLYt2r_copy1":0.0,"R_FE2abc":0.0,"R_DHQTi":0.017784514,"R_DHQS":0.017784514,"R_EX_fol_e":0.0,"R_DMATT":0.0000085269,"R_DPCOAK":0.0000085269,"R_GLYt2r_copy2":0.0,"R_EX_for_e":2.2233641262,"R_GLUabc":0.0,"R_DPMVD":0.0000937961,"R_DRBK":0.0,"R_DRPA":0.0,"R_GLYBabc":0.0,"R_EX_fru_e":0.0,"R_FE3abc":0.0,"R_DTMPK":0.0010095875,"R_EX_gal_e":0.0,"R_DURIK1":0.0,"R_DURIPP":0.0,"R_EX_galt_e":0.0,"R_DXPS":0.0,"R_DUTPDP":0.0,"R_EDA":0.0,"R_FLVR_1":0.0,"R_FMETDF":0.0,"R_FMETTRS_1":0.0,"R_ENO":2.9733511297,"R_EX_gcald_e":0.0000004263,"R_FMNAT":0.0,"R_FRDx":0.0,"R_EX_glc__D_e":-2.12,"R_HEX7":0.0,"R_FTHFCL_1":0.0,"R_FTHFLi":0.0,"R_G1PACT":0.0101470361,"R_G1PTMT":0.0002728615,"R_H2Ot":0.6901430178,"R_H2St1":0.0,"R_G3PCT":0.0,"R_EX_glcn__D_e":0.0,"R_G3PD1ir":0.103964965,"R_G3PD2":0.0902323586,"R_HCO3E":0.0457049685,"R_EX_gln__L_e":0.0,"R_HISt2r":0.0032239436,"R_G3PD":0.0,"R_EX_glu__L_e":-0.05,"R_G3PD4":0.0,"R_G5SD":0.0,"R_ILEt2r_copy1":0.0,"R_INSt2":0.0,"R_EX_gly_e":0.0,"R_G6PDA":0.0,"R_EX_glyb_e":0.0,"R_G6PDH2r":0.0,"R_G6PI":0.0,"R_GALK2":0.0,"R_GALM":0.0,"R_kaasIII":0.0051928949,"R_LCTSt":0.0,"R_HDMAT7":0.0045437831,"R_GALT":0.0,"R_EX_glyc3p_e":0.0,"R_EX_glyc_e":0.0,"R_GALUi":0.009238919,"R_GALt2":0.0,"R_GTPCII":0.0,"R_EX_gua_e":-0.0050568906,"R_GRTT":0.0000085269,"R_GARFT":0.0,"R_GAPD":2.9733511297,"R_GF6PTA":0.0101470361,"R_GHMT2r":0.0006750763,"R_EX_h2o_e":-0.6901430178,"R_GK1":0.0050568906,"R_GK2":0.0,"R_KARA1":0.0,"R_GTHPi":0.0,"R_EX_h2s_e":0.0,"R_GTHOr":0.0,"R_GPDDA4":0.0,"R_GLCNt2ir":0.0,"R_GTPCI":0.0000004263,"R_EX_h_e":4.0026921693,"R_GLNS":0.0199979749,"R_GLCP":0.0,"R_EX_his__L_e":-0.0032239436,"R_GLCS1":0.0,"R_GLGC":0.0,"R_HPPK":0.0000004263,"R_GLNTRS2":0.0098509388,"R_EX_hxan_e":0.0,"R_GLU5K":0.0,"R_GUAt2r":0.0050568906,"R_GTPDPK":0.0,"R_EX_ile__L_e":-0.05,"R_HXANt2r":0.0,"R_HXPRT":0.0,"R_GLNabc":0.0,"R_GLUABUTt7":0.05,"R_EX_ins_e":0.0,"R_GLUDC":0.0,"R_GLUPRT":0.0,"R_GLUR":-0.005073518,"R_GUAPRT":0.0050568906,"R_GUI1":0.0,"R_GUI2":0.0,"R_HARAAT":0.0,"R_HDDR5":0.0051928949,"R_HDER4":0.0051928949,"R_HDEHL4":0.0051928949,"R_GLUTRS_2":0.0098509388,"R_GLUSy":0.0,"R_GLUTRS2":0.0098509388,"R_GLYC3Pt6":0.0,"R_HHDHL7":0.0046995699,"R_HHDR7":0.0046995699,"R_EX_lac__L_e":0.7666262242,"R_HHYR2":0.0051928949,"R_HOCR3":0.0051928949,"R_HODR8":0.0030118791,"R_HBUR1":0.0051928949,"R_GLYCt":0.0,"R_HTDR6":0.0051928949,"R_EX_lcts_e":0.0,"R_HCYSMT":0.0,"R_HETZK":0.0,"R_GMPR":0.0,"R_GLYK":0.0005883576,"R_EX_leu__L_e":-0.0211347413,"R_GLYTRS_1":0.0105673707,"R_GMPS2":0.0,"R_HEX1":0.0,"R_HIBD":0.0,"R_EX_lys__L_e":-0.0151589898,"R_HISTD":0.0,"R_GNKr":0.0,"R_GPDDA1":0.0,"R_GPDDA2":0.0,"R_HISTP":0.0,"R_EX_mal__L_e":0.0,"R_HMGCOAR":-0.0000937961,"R_HISTRS_1":0.0032239436,"R_HMGCOAS":-0.0000937961,"R_HSERTA":0.0,"R_HMPK1":0.0,"R_LEUt2r_copy1":0.0,"R_EX_malt_e":0.0,"R_LPGS_LLA":0.000055425,"R_LTAS_LLA":0.0006395191,"R_HSST":0.0,"R_EX_man_e":0.0,"R_HSDy":0.0,"R_HSK":0.0,"R_L_LACt2r":-0.7666262242,"R_EX_met__D_e":0.0,"R_METS":0.0006750763,"R_HSTPTr":0.0,"R_ICDHyr":0.0,"R_EX_met__L_e":-0.0035821595,"R_ICHORS":0.0,"R_METt2r":0.0035821595,"R_IGPDH_1":0.0,"R_NACt":0.0000852692,"R_IG3PS_1":0.0,"R_EX_mn2_e":0.0,"R_IGPS":0.0014328638,"R_EX_mnl_e":0.0,"R_NADN":0.0,"R_EX_nac_e":-0.0000852692,"R_EX_nh4_e":0.1266738293,"R_LEUTA":0.0,"R_EX_nmn_e":0.0,"R_ILETA":0.0396117373,"R_ILETRS_1":0.0103882627,"R_NDPK2":0.0258450978,"R_NDPK4":0.0012824489,"R_NDPK5":0.0,"R_EX_o2_e":0.0,"R_NDPK6":0.0,"R_NDPK7":0.0,"R_NDPK8":0.0010095875,"R_NH3c":0.050179108,"R_MTAN":0.0,"R_ILEt2r_copy2":0.05,"R_IMPD":0.0,"R_IPDDI":0.0000085269,"R_LACZ":0.0,"R_LDH_L":-0.7666262242,"R_IPPMIa":0.0,"R_IPPMIb":0.0,"R_ARAT":0.0,"R_EX_orn__L_e":0.0,"R_METGL":0.0,"R_LEUt2r_copy2":0.0211347413,"R_LEUTRS_1":0.015761502,"R_EX_orot_e":-0.00439,"R_LYSTRS_1":0.0100854717,"R_O2t":0.0,"R_EX_pacald_e":0.0011419466,"R_OROATP":0.00439,"R_M1PD":0.0,"R_LYSt2r":0.0151589898,"R_MACPMT":0.0388688186,"R_4ABZt":-0.0000004263,"R_EX_pea_e":0.0,"R_PACALDt":0.0011419466,"R_MALLAC":0.0,"R_EX_phe__L_e":0.0026721452,"R_MALT":0.0,"R_MPL":0.0,"R_PAP_LLA":0.0,"R_PEAt":0.0,"R_PGPP_LLA":0.0117245165,"R_MALTabc":0.0,"R_MALTATr":0.0,"R_PHEt2r":-0.0026721452,"R_MALt2r":0.0,"R_MAN6PI":0.0,"R_MANAO":0.0,"R_PHPYROX":0.0,"R_PNTOt2":0.0000085269,"R_EX_pi_e":-0.0293931497,"R_PROTS_LLA":0.0,"R_PROTS_LLA_v2":0.0,"R_MCMAT2":0.0051928949,"R_MCMAT3":0.0051928949,"R_AHSERL2":0.0,"R_PROTS_LLA_v3":0.1791079775,"R_EX_pnto__R_e":-0.0000085269,"R_OCDMAT8":0.0000519289,"R_METAT":0.0006750763,"R_MTHFR3":0.0006750763,"R_METabc":0.0,"R_EX_ppi_e":0.0,"R_METTRS_1":0.0035821595,"R_MEVK1":0.0000937961,"R_PFK_2":0.0,"R_EX_pro__L_e":0.03,"R_PGI":2.1104882195,"R_MI1PP":0.0,"R_MNNH":0.0,"R_MTHFC":0.0,"R_MTHFD":0.0,"R_EX_ptrc_e":0.0,"R_MNabc":0.0,"R_MHPGLUT":0.0,"R_PHETA1_copy2":-0.0098364643,"R_EX_pyr_e":0.0,"R_PROabc":0.0,"R_NADK":0.0,"R_NADH4":0.0,"R_PMPK":0.0,"R_OHPBAT":0.0,"R_NADS1":0.0000852692,"R_NAPRT":0.0000852692,"R_NDPK1":0.3632728455,"R_OCBT_1":-0.0124774649,"R_EX_rib__D_e":0.0,"R_OMPDC":0.00439,"R_ORNCD_1":0.037701643,"R_ORNTAC_1":0.0252241781,"R_NDPK3":0.0117330434,"R_NH4t":-0.1266738293,"R_NMNP":0.0,"R_NNAM":0.0,"R_NMNAT":0.0,"R_ORPT":-0.00439,"R_P5CR":0.0,"R_NNATr":0.0000852692,"R_EX_ribflv_e":0.0,"R_EX_sbt__D_e":0.0,"R_NPHS":0.0,"R_PAPPT1":0.005073518,"R_PC":0.0068361499,"R_EX_ser__D_e":0.0,"R_PFK":2.0825566694,"R_NOX":0.0,"R_NOX2":0.0,"R_PGAMT":-0.0101470361,"R_EX_ser__L_e":-0.11,"R_PFL":2.2233636998,"R_PGMT":-0.0095117805,"R_PGK":-2.9733511297,"R_NADHPO":0.0,"R_EX_so4_e":0.0,"R_PROt3":0.03,"R_PGCD":0.0,"R_EX_spmd_e":0.0,"R_PYRt2":0.0,"R_EX_succ_e":0.0,"R_RHCYS":0.0006750763,"R_RIBFLVt2":0.0,"R_RIBt2":0.0,"R_RNAS_LLA":0.0140267852,"R_GND":0.0,"R_PGGT2":0.005073518,"R_PGL":0.0,"R_PGM":-2.9733511297,"R_SERt2r":0.11,"R_EX_sucr_e":0.0,"R_SPP":0.0,"R_PGMT_B":0.0,"R_PGSA_LLA":0.0117245165,"R_PPYRDC":0.0011419466,"R_SUCCt2r":0.0,"R_PHETRS_1":0.0071643191,"R_EX_thm_e":-0.0000004263,"R_PMEVK":0.0000937961,"R_araphe1":0.0,"R_SBTpts":0.0,"R_PNTK":0.0000085269,"R_EX_thr__L_e":-0.0217134208,"R_PPIabc":0.0,"R_PIabc":0.0293931497,"R_EX_thymd_e":-0.0010095875,"R_EX_tre_e":0.0,"R_POR":0.0,"R_RBK":0.0006750763,"R_PPA":0.2653973492,"R_DSERt2":0.0,"R_EX_trp__L_e":0.0,"R_PYNP2r":0.0,"R_PPNCL":0.0000085269,"R_RBFK":0.0,"R_EX_tyr__L_e":0.0,"R_SUCR":0.0,"R_PYK":0.8127085836,"R_PSCVT":0.017784514,"R_PPCDC":0.0000085269,"R_PPM2":0.0,"R_PPM":0.0,"R_PPND":0.0053732393,"R_PPNDH":0.0109784109,"R_PRAGSr":0.0,"R_PRPPS":0.0184595904,"R_PSP_L":0.0,"R_PTAILE":0.0,"R_PRAIi":0.0014328638,"R_EX_ura_e":-0.0020691427,"R_PRAIS_1":0.0,"R_PRATPP":0.0,"R_PRAMPC_1":0.0,"R_PTALEU":0.0,"R_PTAVAL":0.0,"R_PTAr":1.1587658561,"R_PTPATi":0.0000085269,"R_PUNP1":0.0,"R_PRASCSi":0.0,"R_PREN":0.0,"R_PRFGS_1":0.0,"R_PUNP2":0.0,"R_PRMICI":0.0,"R_EX_val__L_e":-0.05,"R_PROTRS_1":0.007701643,"R_PTRCabc":0.0,"R_PUNP3":0.0,"R_EX_xan_e":0.0,"R_PUNP4":0.0,"R_PYNP4":0.0,"R_EX_zn2_e":0.0,"R_PYNP1_copy1":0.0,"R_PYNP1_copy2":0.0,"R_PYROX_1":0.0,"R_RBFSa":0.0,"R_RBFSb":0.0,"R_THMDt2":0.0010095875,"R_THMabc":0.0000004263,"R_THRt2r_copy1":0.0,"R_THRt2r_copy2":0.0217134208,"R_RIBabc":0.0,"R_S7PI_1":0.0,"R_FABM":0.0000259645,"R_RPE":-0.017784514,"R_RPI":-0.017784514,"R_TMDS_copy1":0.0,"R_SERAT":0.0,"R_FABM1":0.0001557868,"R_RNDR4":0.0,"R_TMPK":0.0,"R_FABM2":0.0029599501,"R_TRPt2r":0.0,"R_RNDR1":0.0010095875,"R_RNDR2":0.0,"R_RNDR3":0.0,"R_TYRt2r":0.0,"R_FBA":2.0825566694,"R_RNTR1":0.0,"R_RNTR2":0.0005678929,"R_UDCPDP":0.005073518,"R_FBP":0.0,"R_unkFol":0.0000004263,"R_VALt2r_copy1":0.0,"R_RNTR3":0.0005678929,"R_RNTR4":0.0,"R_SERTRS_1":0.0105673707,"R_SERD_L":0.0973246892,"R_THRD_L":0.0,"R_URIK1":0.0,"R_URIK2":0.0,"R_SHK3Dr":0.017784514,"R_SHKK":0.017784514,"R_SHSL1":0.0,"R_2H3MBDH":0.0369251176,"R_METB1":0.0,"R_URIK3":0.0,"R_THDPS":0.0,"R_TDMAT6":0.0051669305,"R_2H3MPDH":0.0,"R_CYSDS":0.0,"R_SO4t2":0.0,"R_SPODM":0.0,"R_THFGLUS":0.0,"R_SPMDAT1":0.0,"R_DPR_copy2":0.0,"R_SPMDAT2":0.0,"R_SUCBZL":0.0,"R_SUCBZS":0.0,"R_TMDK2":0.0,"R_TMDK1":0.0010095875,"R_UAGDP":0.0101470361,"R_2HXICDH":0.0053732393,"R_THRA":0.0098922943,"R_TYRTA_copy2":0.0,"R_SUCD1":0.0,"R_S6PG":0.0,"R_VALTA":0.0369251176,"R_ACALD":-1.0101077057,"R_VALt2r_copy2":0.05,"R_TMDPP":0.0,"R_OIVD1r":0.0,"R_OIVD2":0.0,"R_OIVD3":0.0,"R_YUMPS_copy2":0.0,"R_TDPDRE":0.0002728615,"R_TDPDRR_1":-0.0002728615,"R_TDPGDH_1":0.0002728615,"R_PDH":0.0,"R_YUMPS_copy1":0.0,"R_SPMDabc":0.0,"R_PUNP5":0.0,"R_THRS":0.0,"R_THRTRS_1":0.0118211265,"R_TKT1":0.0,"R_PUNP6":0.0,"R_PUNP7":0.0,"R_TKT2":-0.017784514,"R_ACGApts":0.0,"R_TMDPK":0.0000004263,"R_TMDS_copy2":0.0,"R_TRPS2":0.0,"R_TMN":0.0,"R_ITCY":0.0,"R_TMPPP":0.0,"R_TPI":0.9071461106,"R_XYLI2":0.0,"R_IMPC":0.0,"R_TRE6PH":0.0,"R_TRDR":0.0021453733,"R_araphe2":0.0,"R_TRPTRS_1":0.0014328638,"R_TRPS1":0.0014328638,"R_ACCOAC":0.0388688186,"R_TYRTRS_1":0.0053732393,"R_GALTpts":0.0,"R_UAAGDS":0.0,"R_UAGPT1":0.005073518,"R_UAAGLS1_1":0.005073518,"R_UAGCVT":0.005073518,"R_UGT1_LLA":0.000055425,"R_UGT2_LLA":0.0,"R_TREpts":0.0,"R_UAMAGS":0.005073518,"R_UAMAS":0.005073518,"R_GPDDA3":0.0,"R_UAPGR":0.005073518,"R_UDCPKr":0.0,"R_UDCPDPS":0.0000085269,"R_UDPG4E":0.0065401485,"R_MNLpts":0.0,"R_UDPGALM":0.0,"R_UDPGD":0.0,"R_GPDDA5":0.0,"R_UGLDDS1":0.005073518,"R_UPPRT":0.0020691427,"R_ACGALpts":0.0,"R_URAt2":0.0020691427,"R_UMPK":0.0118055222,"R_araphe3":0.0,"R_URIDK2r":0.0,"R_VALTRS_1":0.0130748824,"R_aratry1":0.0,"R_XANt2":0.0,"R_aratry2":0.0,"R_XPPT":0.0,"R_aratyr1":-0.0053732393,"R_XYLI1":0.0,"R_aratyr2":0.0,"R_ZNabc":0.0,"R_aratyr3":0.0,"R_aratyr4":0.0,"R_ALCD2x":-1.02,"R_ASPTA4":0.0,"R_TYRTA_copy1":0.0,"R_PHETA1_copy1":0.0,"R_HEMAT2":0.0051928949,"R_OCMAT3":0.0051928949,"R_GLCpts":2.12,"R_MANpts":0.0,"R_CELBpts":0.0,"R_DHORD6":0.0,"R_DPR_copy1":0.0,"R_KARA2":0.0,"R_FRUK":0.0,"R_FRUpts":0.0,"R_HHYHL2":0.0051928949,"R_HOCHL3":0.0051928949,"R_HODHL8":0.0030118791,"R_HBUHL1":0.0051928949,"R_HTDHL6":0.0051928949,"R_HDDHL5":0.0051928949,"R_MCMAT4":0.0051928949,"R_MCMAT5":0.0051928949,"R_MCMAT6":0.0051928949,"R_MCMAT7":0.0046995699,"R_MCMAT8":0.0030118791,"R_METDabc":0.0,"R_PSERT":0.0,"R_BGLA1":0.0,"R_SUCpts":0.0}]