[{"data_set_value_component_environment_variable_time":0.0,"data_set_value_component_T_variable_T":80.7493540052,"data_set_value_component_I_variable_I":0.1,"data_set_value_component_I_variable_I_0":775.1937984496,"data_set_value_component_VI_variable_VI":200000.0,"data_set_value_component_VI_variable_VI_0":200000.0,"data_set_value_component_VNI_variable_VNI":0.0,"data_set_value_component_virus_total_variable_V":200000.0,"data_set_value_component_E1_variable_E1":0.0,"data_set_value_component_E2_variable_E2":0.0,"data_set_value_component_E3_variable_E3":0.0,"data_set_value_component_E4_variable_E4":0.0,"data_set_value_component_Heavyside_function_variable_h":1.0,"data_set_value_component_Heavyside_function_variable_tau_p":0.0,"data_set_value_component_kinetic_parameters_variable_c":3.0,"data_set_value_component_kinetic_parameters_variable_delta":0.5,"data_set_value_component_kinetic_parameters_variable_p":774.0,"data_set_value_component_kinetic_parameters_variable_b_":0.2493765586,"data_set_value_component_kinetic_parameters_variable_k_":0.0000237615,"data_set_value_component_kinetic_parameters_variable_k":0.000024,"data_set_value_component_kinetic_parameters_variable_b":0.25,"data_set_value_component_kinetic_parameters_variable_m":0.01,"data_set_value_component_kinetic_parameters_variable_n":4.0},{"data_set_value_component_environment_variable_time":0.1,"data_set_value_component_T_variable_T":80.7493540052,"data_set_value_component_I_variable_I":0.101100525,"data_set_value_component_I_variable_I_0":775.1937984496,"data_set_value_component_VI_variable_VI":148163.6441369728,"data_set_value_component_VI_variable_VI_0":200000.0,"data_set_value_component_VNI_variable_VNI":6.5917018814,"data_set_value_component_virus_total_variable_V":148170.2358388542,"data_set_value_component_E1_variable_E1":56511.7465576091,"data_set_value_component_E2_variable_E2":11139.9057862473,"data_set_value_component_E3_variable_E3":1476.4176613514,"data_set_value_component_E4_variable_E4":147.2571534005,"data_set_value_component_Heavyside_function_variable_h":1.0,"data_set_value_component_Heavyside_function_variable_tau_p":0.0,"data_set_value_component_kinetic_parameters_variable_c":3.0,"data_set_value_component_kinetic_parameters_variable_delta":0.5,"data_set_value_component_kinetic_parameters_variable_p":774.0,"data_set_value_component_kinetic_parameters_variable_b_":0.2493765586,"data_set_value_component_kinetic_parameters_variable_k_":0.0000237615,"data_set_value_component_kinetic_parameters_variable_k":0.000024,"data_set_value_component_kinetic_parameters_variable_b":0.25,"data_set_value_component_kinetic_parameters_variable_m":0.01,"data_set_value_component_kinetic_parameters_variable_n":4.0},{"data_set_value_component_environment_variable_time":0.2,"data_set_value_component_T_variable_T":80.7493540052,"data_set_value_component_I_variable_I":0.2291085246,"data_set_value_component_I_variable_I_0":775.1937984496,"data_set_value_component_VI_variable_VI":109762.3272291126,"data_set_value_component_VI_variable_VI_0":200000.0,"data_set_value_component_VNI_variable_VNI":14.6210053213,"data_set_value_component_virus_total_variable_V":109776.9482344338,"data_set_value_component_E1_variable_E1":79708.0259268901,"data_set_value_component_E2_variable_E2":30887.5650471291,"data_set_value_component_E3_variable_E3":8116.438874262,"data_set_value_component_E4_variable_E4":1610.6331110154,"data_set_value_component_Heavyside_function_variable_h":1.0,"data_set_value_component_Heavyside_function_variable_tau_p":0.0,"data_set_value_component_kinetic_parameters_variable_c":3.0,"data_set_value_component_kinetic_parameters_variable_delta":0.5,"data_set_value_component_kinetic_parameters_variable_p":774.0,"data_set_value_component_kinetic_parameters_variable_b_":0.2493765586,"data_set_value_component_kinetic_parameters_variable_k_":0.0000237615,"data_set_value_component_kinetic_parameters_variable_k":0.000024,"data_set_value_component_kinetic_parameters_variable_b":0.25,"data_set_value_component_kinetic_parameters_variable_m":0.01,"data_set_value_component_kinetic_parameters_variable_n":4.0},{"data_set_value_component_environment_variable_time":0.3,"data_set_value_component_T_variable_T":80.7493540052,"data_set_value_component_I_variable_I":0.8509508205,"data_set_value_component_I_variable_I_0":775.1937984496,"data_set_value_component_VI_variable_VI":81313.9320038338,"data_set_value_component_VI_variable_VI_0":200000.0,"data_set_value_component_VNI_variable_VNI":43.9043285282,"data_set_value_component_virus_total_variable_V":81357.8363323621,"data_set_value_component_E1_variable_E1":84390.7878920025,"data_set_value_component_E2_variable_E2":48201.5414854377,"data_set_value_component_E3_variable_E3":18831.1714823219,"data_set_value_component_E4_variable_E4":5575.5045291742,"data_set_value_component_Heavyside_function_variable_h":1.0,"data_set_value_component_Heavyside_function_variable_tau_p":0.0,"data_set_value_component_kinetic_parameters_variable_c":3.0,"data_set_value_component_kinetic_parameters_variable_delta":0.5,"data_set_value_component_kinetic_parameters_variable_p":774.0,"data_set_value_component_kinetic_parameters_variable_b_":0.2493765586,"data_set_value_component_kinetic_parameters_variable_k_":0.0000237615,"data_set_value_component_kinetic_parameters_variable_k":0.000024,"data_set_value_component_kinetic_parameters_variable_b":0.25,"data_set_value_component_kinetic_parameters_variable_m":0.01,"data_set_value_component_kinetic_parameters_variable_n":4.0},{"data_set_value_component_environment_variable_time":0.4,"data_set_value_component_T_variable_T":80.7493540052,"data_set_value_component_I_variable_I":2.4302541341,"data_set_value_component_I_variable_I_0":775.1937984496,"data_set_value_component_VI_variable_VI":60238.8425097904,"data_set_value_component_VI_variable_VI_0":200000.0,"data_set_value_component_VNI_variable_VNI":138.361875949,"data_set_value_component_virus_total_variable_V":60377.2043857394,"data_set_value_component_E1_variable_E1":79488.2568642706,"data_set_value_component_E2_variable_E2":59468.745731465,"data_set_value_component_E3_variable_E3":30697.7216179214,"data_set_value_component_E4_variable_E4":12052.7459765564,"data_set_value_component_Heavyside_function_variable_h":1.0,"data_set_value_component_Heavyside_function_variable_tau_p":0.0,"data_set_value_component_kinetic_parameters_variable_c":3.0,"data_set_value_component_kinetic_parameters_variable_delta":0.5,"data_set_value_component_kinetic_parameters_variable_p":774.0,"data_set_value_component_kinetic_parameters_variable_b_":0.2493765586,"data_set_value_component_kinetic_parameters_variable_k_":0.0000237615,"data_set_value_component_kinetic_parameters_variable_k":0.000024,"data_set_value_component_kinetic_parameters_variable_b":0.25,"data_set_value_component_kinetic_parameters_variable_m":0.01,"data_set_value_component_kinetic_parameters_variable_n":4.0},{"data_set_value_component_environment_variable_time":0.5,"data_set_value_component_T_variable_T":80.7493540052,"data_set_value_component_I_variable_I":5.3143887896,"data_set_value_component_I_variable_I_0":775.1937984496,"data_set_value_component_VI_variable_VI":44626.0325663693,"data_set_value_component_VI_variable_VI_0":200000.0,"data_set_value_component_VNI_variable_VNI":358.4027107692,"data_set_value_component_virus_total_variable_V":44984.4352771385,"data_set_value_component_E1_variable_E1":70250.3225694425,"data_set_value_component_E2_variable_E2":64523.4880686086,"data_set_value_component_E3_variable_E3":41250.2032412631,"data_set_value_component_E4_variable_E4":20132.5786286532,"data_set_value_component_Heavyside_function_variable_h":1.0,"data_set_value_component_Heavyside_function_variable_tau_p":0.0,"data_set_value_component_kinetic_parameters_variable_c":3.0,"data_set_value_component_kinetic_parameters_variable_delta":0.5,"data_set_value_component_kinetic_parameters_variable_p":774.0,"data_set_value_component_kinetic_parameters_variable_b_":0.2493765586,"data_set_value_component_kinetic_parameters_variable_k_":0.0000237615,"data_set_value_component_kinetic_parameters_variable_k":0.000024,"data_set_value_component_kinetic_parameters_variable_b":0.25,"data_set_value_component_kinetic_parameters_variable_m":0.01,"data_set_value_component_kinetic_parameters_variable_n":4.0},{"data_set_value_component_environment_variable_time":0.6,"data_set_value_component_T_variable_T":80.7493540052,"data_set_value_component_I_variable_I":9.6233519603,"data_set_value_component_I_variable_I_0":775.1937984496,"data_set_value_component_VI_variable_VI":33059.778330928,"data_set_value_component_VI_variable_VI_0":200000.0,"data_set_value_component_VNI_variable_VNI":764.3123516892,"data_set_value_component_virus_total_variable_V":33824.0906826171,"data_set_value_component_E1_variable_E1":59652.6054727529,"data_set_value_component_E2_variable_E2":64558.106591718,"data_set_value_component_E3_variable_E3":49061.3970695906,"data_set_value_component_E4_variable_E4":28571.0652214802,"data_set_value_component_Heavyside_function_variable_h":1.0,"data_set_value_component_Heavyside_function_variable_tau_p":0.0,"data_set_value_component_kinetic_parameters_variable_c":3.0,"data_set_value_component_kinetic_parameters_variable_delta":0.5,"data_set_value_component_kinetic_parameters_variable_p":774.0,"data_set_value_component_kinetic_parameters_variable_b_":0.2493765586,"data_set_value_component_kinetic_parameters_variable_k_":0.0000237615,"data_set_value_component_kinetic_parameters_variable_k":0.000024,"data_set_value_component_kinetic_parameters_variable_b":0.25,"data_set_value_component_kinetic_parameters_variable_m":0.01,"data_set_value_component_kinetic_parameters_variable_n":4.0},{"data_set_value_component_environment_variable_time":0.7,"data_set_value_component_T_variable_T":80.7493540052,"data_set_value_component_I_variable_I":15.24389761,"data_set_value_component_I_variable_I_0":775.1937984496,"data_set_value_component_VI_variable_VI":24491.2863719121,"data_set_value_component_VI_variable_VI_0":200000.0,"data_set_value_component_VNI_variable_VNI":1400.3968608568,"data_set_value_component_virus_total_variable_V":25891.6832327689,"data_set_value_component_E1_variable_E1":49287.6983627283,"data_set_value_component_E2_variable_E2":61091.2505773015,"data_set_value_component_E3_variable_E3":53645.4941177896,"data_set_value_component_E4_variable_E4":36236.5163778384,"data_set_value_component_Heavyside_function_variable_h":1.0,"data_set_value_component_Heavyside_function_variable_tau_p":0.0,"data_set_value_component_kinetic_parameters_variable_c":3.0,"data_set_value_component_kinetic_parameters_variable_delta":0.5,"data_set_value_component_kinetic_parameters_variable_p":774.0,"data_set_value_component_kinetic_parameters_variable_b_":0.2493765586,"data_set_value_component_kinetic_parameters_variable_k_":0.0000237615,"data_set_value_component_kinetic_parameters_variable_k":0.000024,"data_set_value_component_kinetic_parameters_variable_b":0.25,"data_set_value_component_kinetic_parameters_variable_m":0.01,"data_set_value_component_kinetic_parameters_variable_n":4.0},{"data_set_value_component_environment_variable_time":0.8,"data_set_value_component_T_variable_T":80.7493540052,"data_set_value_component_I_variable_I":21.8862723916,"data_set_value_component_I_variable_I_0":775.1937984496,"data_set_value_component_VI_variable_VI":18143.5916724008,"data_set_value_component_VI_variable_VI_0":200000.0,"data_set_value_component_VNI_variable_VNI":2285.2989917735,"data_set_value_component_virus_total_variable_V":20428.8906641743,"data_set_value_component_E1_variable_E1":39925.7339096835,"data_set_value_component_E2_variable_E2":55509.1248504164,"data_set_value_component_E3_variable_E3":55162.9811876508,"data_set_value_component_E4_variable_E4":42333.0941576588,"data_set_value_component_Heavyside_function_variable_h":1.0,"data_set_value_component_Heavyside_function_variable_tau_p":0.0,"data_set_value_component_kinetic_parameters_variable_c":3.0,"data_set_value_component_kinetic_parameters_variable_delta":0.5,"data_set_value_component_kinetic_parameters_variable_p":774.0,"data_set_value_component_kinetic_parameters_variable_b_":0.2493765586,"data_set_value_component_kinetic_parameters_variable_k_":0.0000237615,"data_set_value_component_kinetic_parameters_variable_k":0.000024,"data_set_value_component_kinetic_parameters_variable_b":0.25,"data_set_value_component_kinetic_parameters_variable_m":0.01,"data_set_value_component_kinetic_parameters_variable_n":4.0},{"data_set_value_component_environment_variable_time":0.9,"data_set_value_component_T_variable_T":80.7493540052,"data_set_value_component_I_variable_I":29.1625044882,"data_set_value_component_I_variable_I_0":775.1937984496,"data_set_value_component_VI_variable_VI":13441.1044241804,"data_set_value_component_VI_variable_VI_0":200000.0,"data_set_value_component_VNI_variable_VNI":3409.5657297514,"data_set_value_component_virus_total_variable_V":16850.6701539318,"data_set_value_component_E1_variable_E1":31862.8940966613,"data_set_value_component_E2_variable_E2":48903.5255170925,"data_set_value_component_E3_variable_E3":54129.2954856842,"data_set_value_component_E4_variable_E4":46450.567363514,"data_set_value_component_Heavyside_function_variable_h":1.0,"data_set_value_component_Heavyside_function_variable_tau_p":0.0,"data_set_value_component_kinetic_parameters_variable_c":3.0,"data_set_value_component_kinetic_parameters_variable_delta":0.5,"data_set_value_component_kinetic_parameters_variable_p":774.0,"data_set_value_component_kinetic_parameters_variable_b_":0.2493765586,"data_set_value_component_kinetic_parameters_variable_k_":0.0000237615,"data_set_value_component_kinetic_parameters_variable_k":0.000024,"data_set_value_component_kinetic_parameters_variable_b":0.25,"data_set_value_component_kinetic_parameters_variable_m":0.01,"data_set_value_component_kinetic_parameters_variable_n":4.0},{"data_set_value_component_environment_variable_time":1.0,"data_set_value_component_T_variable_T":80.7493540052,"data_set_value_component_I_variable_I":36.6595876849,"data_set_value_component_I_variable_I_0":775.1937984496,"data_set_value_component_VI_variable_VI":9957.4158249692,"data_set_value_component_VI_variable_VI_0":200000.0,"data_set_value_component_VNI_variable_VNI":4739.0076083499,"data_set_value_component_virus_total_variable_V":14696.4234333191,"data_set_value_component_E1_variable_E1":25134.8868268073,"data_set_value_component_E2_variable_E2":42053.04486393,"data_set_value_component_E3_variable_E3":51194.4667614341,"data_set_value_component_E4_variable_E4":48513.126229679,"data_set_value_component_Heavyside_function_variable_h":1.0,"data_set_value_component_Heavyside_function_variable_tau_p":0.0,"data_set_value_component_kinetic_parameters_variable_c":3.0,"data_set_value_component_kinetic_parameters_variable_delta":0.5,"data_set_value_component_kinetic_parameters_variable_p":774.0,"data_set_value_component_kinetic_parameters_variable_b_":0.2493765586,"data_set_value_component_kinetic_parameters_variable_k_":0.0000237615,"data_set_value_component_kinetic_parameters_variable_k":0.000024,"data_set_value_component_kinetic_parameters_variable_b":0.25,"data_set_value_component_kinetic_parameters_variable_m":0.01,"data_set_value_component_kinetic_parameters_variable_n":4.0}]