[{"data_set_value_component_environment_variable_time":0.0,"data_set_value_component_cAMP_variable_cAMP":0.95,"data_set_value_component_cAMP_variable_Ko":0.013,"data_set_value_component_cAMP_variable_Ka":10.0,"data_set_value_component_cAMP_variable_Kb":1000000.0,"data_set_value_component_cAMP_variable_Kdsm":10.0,"data_set_value_component_cAMP_variable_Vmsm":6.0,"data_set_value_component_cAMP_variable_Vdsm":10.0,"data_set_value_component_cAMP_variable_ACTH":0.000012,"data_set_value_component_IS_variable_IS":9.4729761408,"data_set_value_component_IS_variable_Crpt":3.0,"data_set_value_component_IS_variable_K":80.0,"data_set_value_component_IS_variable_Kd":2.11,"data_set_value_component_IS_variable_n":4.0,"data_set_value_component_V_variable_V":11.3,"data_set_value_component_V_variable_P":0.052,"data_set_value_component_V_variable_Q":0.042,"data_set_value_component_W_variable_W":10.0,"data_set_value_component_W_variable_T":8.0,"data_set_value_component_W_variable_U":0.0015,"data_set_value_component_CHOC_variable_CHOC":532.0,"data_set_value_component_CHOM_variable_CHOM":139.0,"data_set_value_component_CHOL_variable_CHOL":3000.0,"data_set_value_component_Kmtr_variable_Kmtr":0.446,"data_set_value_component_Kmtr_variable_C":6.25,"data_set_value_component_Kmtr_variable_D":125.0,"data_set_value_component_Kfor_variable_Kfor":0.37,"data_set_value_component_Kfor_variable_R":3.0,"data_set_value_component_Kfor_variable_S":76.0,"data_set_value_component_CHON_variable_CHON":3.03,"data_set_value_component_PREG_variable_PREG":6.56,"data_set_value_component_PRO_variable_PRO":0.64,"data_set_value_component_PRO_variable_HA":0.5,"data_set_value_component_HYPR_variable_HYPR":0.64,"data_set_value_component_CORT_variable_CORT":5.2,"data_set_value_component_CORT_variable_LH":0.724,"data_set_value_component_model_parameters_variable_Lmtr":1.65,"data_set_value_component_model_parameters_variable_Kbac":10.0,"data_set_value_component_model_parameters_variable_Kcb":0.01,"data_set_value_component_model_parameters_variable_Kcf":0.00033,"data_set_value_component_model_parameters_variable_Vm":1890.0,"data_set_value_component_model_parameters_variable_Km":270.0,"data_set_value_component_model_parameters_variable_Vmptr":500.0,"data_set_value_component_model_parameters_variable_Kmptr":150.0,"data_set_value_component_model_parameters_variable_AH":16.4,"data_set_value_component_model_parameters_variable_HY":16.4},{"data_set_value_component_environment_variable_time":0.1,"data_set_value_component_cAMP_variable_cAMP":0.9499749684,"data_set_value_component_cAMP_variable_Ko":0.013,"data_set_value_component_cAMP_variable_Ka":10.0,"data_set_value_component_cAMP_variable_Kb":1000000.0,"data_set_value_component_cAMP_variable_Kdsm":10.0,"data_set_value_component_cAMP_variable_Vmsm":6.0,"data_set_value_component_cAMP_variable_Vdsm":10.0,"data_set_value_component_cAMP_variable_ACTH":0.000012,"data_set_value_component_IS_variable_IS":9.4720171667,"data_set_value_component_IS_variable_Crpt":3.0,"data_set_value_component_IS_variable_K":80.0,"data_set_value_component_IS_variable_Kd":2.11,"data_set_value_component_IS_variable_n":4.0,"data_set_value_component_V_variable_V":11.3017931779,"data_set_value_component_V_variable_P":0.052,"data_set_value_component_V_variable_Q":0.042,"data_set_value_component_W_variable_W":10.0000036595,"data_set_value_component_W_variable_T":8.0,"data_set_value_component_W_variable_U":0.0015,"data_set_value_component_CHOC_variable_CHOC":531.9741106587,"data_set_value_component_CHOM_variable_CHOM":138.9754852663,"data_set_value_component_CHOL_variable_CHOL":3000.0399388577,"data_set_value_component_Kmtr_variable_Kmtr":0.4736042358,"data_set_value_component_Kmtr_variable_C":6.25,"data_set_value_component_Kmtr_variable_D":125.0,"data_set_value_component_Kfor_variable_Kfor":0.3738982361,"data_set_value_component_Kfor_variable_R":3.0,"data_set_value_component_Kfor_variable_S":76.0,"data_set_value_component_CHON_variable_CHON":3.0611404985,"data_set_value_component_PREG_variable_PREG":6.5728747465,"data_set_value_component_PRO_variable_PRO":0.6394823723,"data_set_value_component_PRO_variable_HA":0.5,"data_set_value_component_HYPR_variable_HYPR":0.639557249,"data_set_value_component_CORT_variable_CORT":5.848969078,"data_set_value_component_CORT_variable_LH":0.724,"data_set_value_component_model_parameters_variable_Lmtr":1.65,"data_set_value_component_model_parameters_variable_Kbac":10.0,"data_set_value_component_model_parameters_variable_Kcb":0.01,"data_set_value_component_model_parameters_variable_Kcf":0.00033,"data_set_value_component_model_parameters_variable_Vm":1890.0,"data_set_value_component_model_parameters_variable_Km":270.0,"data_set_value_component_model_parameters_variable_Vmptr":500.0,"data_set_value_component_model_parameters_variable_Kmptr":150.0,"data_set_value_component_model_parameters_variable_AH":16.4,"data_set_value_component_model_parameters_variable_HY":16.4},{"data_set_value_component_environment_variable_time":0.2,"data_set_value_component_cAMP_variable_cAMP":0.9499519398,"data_set_value_component_cAMP_variable_Ko":0.013,"data_set_value_component_cAMP_variable_Ka":10.0,"data_set_value_component_cAMP_variable_Kb":1000000.0,"data_set_value_component_cAMP_variable_Kdsm":10.0,"data_set_value_component_cAMP_variable_Vmsm":6.0,"data_set_value_component_cAMP_variable_Vdsm":10.0,"data_set_value_component_cAMP_variable_ACTH":0.000012,"data_set_value_component_IS_variable_IS":9.4711349881,"data_set_value_component_IS_variable_Crpt":3.0,"data_set_value_component_IS_variable_K":80.0,"data_set_value_component_IS_variable_Kd":2.11,"data_set_value_component_IS_variable_n":4.0,"data_set_value_component_V_variable_V":11.3035740661,"data_set_value_component_V_variable_P":0.052,"data_set_value_component_V_variable_Q":0.042,"data_set_value_component_W_variable_W":10.0000076691,"data_set_value_component_W_variable_T":8.0,"data_set_value_component_W_variable_U":0.0015,"data_set_value_component_CHOC_variable_CHOC":531.8519027186,"data_set_value_component_CHOM_variable_CHOM":139.0568006289,"data_set_value_component_CHOL_variable_CHOL":3000.0799543407,"data_set_value_component_Kmtr_variable_Kmtr":0.4735601464,"data_set_value_component_Kmtr_variable_C":6.25,"data_set_value_component_Kmtr_variable_D":125.0,"data_set_value_component_Kfor_variable_Kfor":0.3738650366,"data_set_value_component_Kfor_variable_R":3.0,"data_set_value_component_Kfor_variable_S":76.0,"data_set_value_component_CHON_variable_CHON":3.0698638036,"data_set_value_component_PREG_variable_PREG":6.5931942871,"data_set_value_component_PRO_variable_PRO":0.6408140256,"data_set_value_component_PRO_variable_HA":0.5,"data_set_value_component_HYPR_variable_HYPR":0.6401188243,"data_set_value_component_CORT_variable_CORT":6.4525543899,"data_set_value_component_CORT_variable_LH":0.724,"data_set_value_component_model_parameters_variable_Lmtr":1.65,"data_set_value_component_model_parameters_variable_Kbac":10.0,"data_set_value_component_model_parameters_variable_Kcb":0.01,"data_set_value_component_model_parameters_variable_Kcf":0.00033,"data_set_value_component_model_parameters_variable_Vm":1890.0,"data_set_value_component_model_parameters_variable_Km":270.0,"data_set_value_component_model_parameters_variable_Vmptr":500.0,"data_set_value_component_model_parameters_variable_Kmptr":150.0,"data_set_value_component_model_parameters_variable_AH":16.4,"data_set_value_component_model_parameters_variable_HY":16.4},{"data_set_value_component_environment_variable_time":0.3,"data_set_value_component_cAMP_variable_cAMP":0.9499307539,"data_set_value_component_cAMP_variable_Ko":0.013,"data_set_value_component_cAMP_variable_Ka":10.0,"data_set_value_component_cAMP_variable_Kb":1000000.0,"data_set_value_component_cAMP_variable_Kdsm":10.0,"data_set_value_component_cAMP_variable_Vmsm":6.0,"data_set_value_component_cAMP_variable_Vdsm":10.0,"data_set_value_component_cAMP_variable_ACTH":0.000012,"data_set_value_component_IS_variable_IS":9.4703234508,"data_set_value_component_IS_variable_Crpt":3.0,"data_set_value_component_IS_variable_K":80.0,"data_set_value_component_IS_variable_Kd":2.11,"data_set_value_component_IS_variable_n":4.0,"data_set_value_component_V_variable_V":11.3053430986,"data_set_value_component_V_variable_P":0.052,"data_set_value_component_V_variable_Q":0.042,"data_set_value_component_W_variable_W":10.0000119948,"data_set_value_component_W_variable_T":8.0,"data_set_value_component_W_variable_U":0.0015,"data_set_value_component_CHOC_variable_CHOC":531.7494722172,"data_set_value_component_CHOM_variable_CHOM":139.1211190615,"data_set_value_component_CHOL_variable_CHOL":3000.1200414206,"data_set_value_component_Kmtr_variable_Kmtr":0.4735193047,"data_set_value_component_Kmtr_variable_C":6.25,"data_set_value_component_Kmtr_variable_D":125.0,"data_set_value_component_Kfor_variable_Kfor":0.3738326445,"data_set_value_component_Kfor_variable_R":3.0,"data_set_value_component_Kfor_variable_S":76.0,"data_set_value_component_CHON_variable_CHON":3.0725360686,"data_set_value_component_PREG_variable_PREG":6.6109823266,"data_set_value_component_PRO_variable_PRO":0.6424972349,"data_set_value_component_PRO_variable_HA":0.5,"data_set_value_component_HYPR_variable_HYPR":0.641539335,"data_set_value_component_CORT_variable_CORT":7.0156748362,"data_set_value_component_CORT_variable_LH":0.724,"data_set_value_component_model_parameters_variable_Lmtr":1.65,"data_set_value_component_model_parameters_variable_Kbac":10.0,"data_set_value_component_model_parameters_variable_Kcb":0.01,"data_set_value_component_model_parameters_variable_Kcf":0.00033,"data_set_value_component_model_parameters_variable_Vm":1890.0,"data_set_value_component_model_parameters_variable_Km":270.0,"data_set_value_component_model_parameters_variable_Vmptr":500.0,"data_set_value_component_model_parameters_variable_Kmptr":150.0,"data_set_value_component_model_parameters_variable_AH":16.4,"data_set_value_component_model_parameters_variable_HY":16.4},{"data_set_value_component_environment_variable_time":0.4,"data_set_value_component_cAMP_variable_cAMP":0.9499112632,"data_set_value_component_cAMP_variable_Ko":0.013,"data_set_value_component_cAMP_variable_Ka":10.0,"data_set_value_component_cAMP_variable_Kb":1000000.0,"data_set_value_component_cAMP_variable_Kdsm":10.0,"data_set_value_component_cAMP_variable_Vmsm":6.0,"data_set_value_component_cAMP_variable_Vdsm":10.0,"data_set_value_component_cAMP_variable_ACTH":0.000012,"data_set_value_component_IS_variable_IS":9.4695768947,"data_set_value_component_IS_variable_Crpt":3.0,"data_set_value_component_IS_variable_K":80.0,"data_set_value_component_IS_variable_Kd":2.11,"data_set_value_component_IS_variable_n":4.0,"data_set_value_component_V_variable_V":11.3071006766,"data_set_value_component_V_variable_P":0.052,"data_set_value_component_V_variable_Q":0.042,"data_set_value_component_W_variable_W":10.0000165862,"data_set_value_component_W_variable_T":8.0,"data_set_value_component_W_variable_U":0.0015,"data_set_value_component_CHOC_variable_CHOC":531.6630381301,"data_set_value_component_CHOM_variable_CHOM":139.1697192797,"data_set_value_component_CHOL_variable_CHOL":3000.1601834071,"data_set_value_component_Kmtr_variable_Kmtr":0.4734817264,"data_set_value_component_Kmtr_variable_C":6.25,"data_set_value_component_Kmtr_variable_D":125.0,"data_set_value_component_Kfor_variable_Kfor":0.373802848,"data_set_value_component_Kfor_variable_R":3.0,"data_set_value_component_Kfor_variable_S":76.0,"data_set_value_component_CHON_variable_CHON":3.0738023316,"data_set_value_component_PREG_variable_PREG":6.6251405906,"data_set_value_component_PRO_variable_PRO":0.6439871045,"data_set_value_component_PRO_variable_HA":0.5,"data_set_value_component_HYPR_variable_HYPR":0.6430873326,"data_set_value_component_CORT_variable_CORT":7.5418843788,"data_set_value_component_CORT_variable_LH":0.724,"data_set_value_component_model_parameters_variable_Lmtr":1.65,"data_set_value_component_model_parameters_variable_Kbac":10.0,"data_set_value_component_model_parameters_variable_Kcb":0.01,"data_set_value_component_model_parameters_variable_Kcf":0.00033,"data_set_value_component_model_parameters_variable_Vm":1890.0,"data_set_value_component_model_parameters_variable_Km":270.0,"data_set_value_component_model_parameters_variable_Vmptr":500.0,"data_set_value_component_model_parameters_variable_Kmptr":150.0,"data_set_value_component_model_parameters_variable_AH":16.4,"data_set_value_component_model_parameters_variable_HY":16.4},{"data_set_value_component_environment_variable_time":0.5,"data_set_value_component_cAMP_variable_cAMP":0.9498933322,"data_set_value_component_cAMP_variable_Ko":0.013,"data_set_value_component_cAMP_variable_Ka":10.0,"data_set_value_component_cAMP_variable_Kb":1000000.0,"data_set_value_component_cAMP_variable_Kdsm":10.0,"data_set_value_component_cAMP_variable_Vmsm":6.0,"data_set_value_component_cAMP_variable_Vdsm":10.0,"data_set_value_component_cAMP_variable_ACTH":0.000012,"data_set_value_component_IS_variable_IS":9.4688901138,"data_set_value_component_IS_variable_Crpt":3.0,"data_set_value_component_IS_variable_K":80.0,"data_set_value_component_IS_variable_Kd":2.11,"data_set_value_component_IS_variable_n":4.0,"data_set_value_component_V_variable_V":11.3088471717,"data_set_value_component_V_variable_P":0.052,"data_set_value_component_V_variable_Q":0.042,"data_set_value_component_W_variable_W":10.0000214027,"data_set_value_component_W_variable_T":8.0,"data_set_value_component_W_variable_U":0.0015,"data_set_value_component_CHOC_variable_CHOC":531.5893954275,"data_set_value_component_CHOM_variable_CHOM":139.205481605,"data_set_value_component_CHOL_variable_CHOL":3000.2003660111,"data_set_value_component_Kmtr_variable_Kmtr":0.4734471569,"data_set_value_component_Kmtr_variable_C":6.25,"data_set_value_component_Kmtr_variable_D":125.0,"data_set_value_component_Kfor_variable_Kfor":0.3737754366,"data_set_value_component_Kfor_variable_R":3.0,"data_set_value_component_Kfor_variable_S":76.0,"data_set_value_component_CHON_variable_CHON":3.0745737353,"data_set_value_component_PREG_variable_PREG":6.6361449504,"data_set_value_component_PRO_variable_PRO":0.6451865789,"data_set_value_component_PRO_variable_HA":0.5,"data_set_value_component_HYPR_variable_HYPR":0.6444409075,"data_set_value_component_CORT_variable_CORT":8.0336560357,"data_set_value_component_CORT_variable_LH":0.724,"data_set_value_component_model_parameters_variable_Lmtr":1.65,"data_set_value_component_model_parameters_variable_Kbac":10.0,"data_set_value_component_model_parameters_variable_Kcb":0.01,"data_set_value_component_model_parameters_variable_Kcf":0.00033,"data_set_value_component_model_parameters_variable_Vm":1890.0,"data_set_value_component_model_parameters_variable_Km":270.0,"data_set_value_component_model_parameters_variable_Vmptr":500.0,"data_set_value_component_model_parameters_variable_Kmptr":150.0,"data_set_value_component_model_parameters_variable_AH":16.4,"data_set_value_component_model_parameters_variable_HY":16.4},{"data_set_value_component_environment_variable_time":0.6,"data_set_value_component_cAMP_variable_cAMP":0.949876836,"data_set_value_component_cAMP_variable_Ko":0.013,"data_set_value_component_cAMP_variable_Ka":10.0,"data_set_value_component_cAMP_variable_Kb":1000000.0,"data_set_value_component_cAMP_variable_Kdsm":10.0,"data_set_value_component_cAMP_variable_Vmsm":6.0,"data_set_value_component_cAMP_variable_Vdsm":10.0,"data_set_value_component_cAMP_variable_ACTH":0.000012,"data_set_value_component_IS_variable_IS":9.4682583194,"data_set_value_component_IS_variable_Crpt":3.0,"data_set_value_component_IS_variable_K":80.0,"data_set_value_component_IS_variable_Kd":2.11,"data_set_value_component_IS_variable_n":4.0,"data_set_value_component_V_variable_V":11.3105829279,"data_set_value_component_V_variable_P":0.052,"data_set_value_component_V_variable_Q":0.042,"data_set_value_component_W_variable_W":10.000026412,"data_set_value_component_W_variable_T":8.0,"data_set_value_component_W_variable_U":0.0015,"data_set_value_component_CHOC_variable_CHOC":531.5259525264,"data_set_value_component_CHOM_variable_CHOM":139.2310400648,"data_set_value_component_CHOL_variable_CHOL":3000.2405777496,"data_set_value_component_Kmtr_variable_Kmtr":0.4734153552,"data_set_value_component_Kmtr_variable_C":6.25,"data_set_value_component_Kmtr_variable_D":125.0,"data_set_value_component_Kfor_variable_Kfor":0.3737502204,"data_set_value_component_Kfor_variable_R":3.0,"data_set_value_component_Kfor_variable_S":76.0,"data_set_value_component_CHON_variable_CHON":3.0750683692,"data_set_value_component_PREG_variable_PREG":6.6446140363,"data_set_value_component_PRO_variable_PRO":0.6461221464,"data_set_value_component_PRO_variable_HA":0.5,"data_set_value_component_HYPR_variable_HYPR":0.6455330858,"data_set_value_component_CORT_variable_CORT":8.4930144563,"data_set_value_component_CORT_variable_LH":0.724,"data_set_value_component_model_parameters_variable_Lmtr":1.65,"data_set_value_component_model_parameters_variable_Kbac":10.0,"data_set_value_component_model_parameters_variable_Kcb":0.01,"data_set_value_component_model_parameters_variable_Kcf":0.00033,"data_set_value_component_model_parameters_variable_Vm":1890.0,"data_set_value_component_model_parameters_variable_Km":270.0,"data_set_value_component_model_parameters_variable_Vmptr":500.0,"data_set_value_component_model_parameters_variable_Kmptr":150.0,"data_set_value_component_model_parameters_variable_AH":16.4,"data_set_value_component_model_parameters_variable_HY":16.4},{"data_set_value_component_environment_variable_time":0.7,"data_set_value_component_cAMP_variable_cAMP":0.9498616599,"data_set_value_component_cAMP_variable_Ko":0.013,"data_set_value_component_cAMP_variable_Ka":10.0,"data_set_value_component_cAMP_variable_Kb":1000000.0,"data_set_value_component_cAMP_variable_Kdsm":10.0,"data_set_value_component_cAMP_variable_Vmsm":6.0,"data_set_value_component_cAMP_variable_Vdsm":10.0,"data_set_value_component_cAMP_variable_ACTH":0.000012,"data_set_value_component_IS_variable_IS":9.4676771069,"data_set_value_component_IS_variable_Crpt":3.0,"data_set_value_component_IS_variable_K":80.0,"data_set_value_component_IS_variable_Kd":2.11,"data_set_value_component_IS_variable_n":4.0,"data_set_value_component_V_variable_V":11.3123082639,"data_set_value_component_V_variable_P":0.052,"data_set_value_component_V_variable_Q":0.042,"data_set_value_component_W_variable_W":10.0000315882,"data_set_value_component_W_variable_T":8.0,"data_set_value_component_W_variable_U":0.0015,"data_set_value_component_CHOC_variable_CHOC":531.4706358129,"data_set_value_component_CHOM_variable_CHOM":139.2485550282,"data_set_value_component_CHOL_variable_CHOL":3000.2808095366,"data_set_value_component_Kmtr_variable_Kmtr":0.4733860995,"data_set_value_component_Kmtr_variable_C":6.25,"data_set_value_component_Kmtr_variable_D":125.0,"data_set_value_component_Kfor_variable_Kfor":0.373727023,"data_set_value_component_Kfor_variable_R":3.0,"data_set_value_component_Kfor_variable_S":76.0,"data_set_value_component_CHON_variable_CHON":3.0753660688,"data_set_value_component_PREG_variable_PREG":6.6510804694,"data_set_value_component_PRO_variable_PRO":0.6468419907,"data_set_value_component_PRO_variable_HA":0.5,"data_set_value_component_HYPR_variable_HYPR":0.6463862503,"data_set_value_component_CORT_variable_CORT":8.9218221839,"data_set_value_component_CORT_variable_LH":0.724,"data_set_value_component_model_parameters_variable_Lmtr":1.65,"data_set_value_component_model_parameters_variable_Kbac":10.0,"data_set_value_component_model_parameters_variable_Kcb":0.01,"data_set_value_component_model_parameters_variable_Kcf":0.00033,"data_set_value_component_model_parameters_variable_Vm":1890.0,"data_set_value_component_model_parameters_variable_Km":270.0,"data_set_value_component_model_parameters_variable_Vmptr":500.0,"data_set_value_component_model_parameters_variable_Kmptr":150.0,"data_set_value_component_model_parameters_variable_AH":16.4,"data_set_value_component_model_parameters_variable_HY":16.4},{"data_set_value_component_environment_variable_time":0.8,"data_set_value_component_cAMP_variable_cAMP":0.9498476981,"data_set_value_component_cAMP_variable_Ko":0.013,"data_set_value_component_cAMP_variable_Ka":10.0,"data_set_value_component_cAMP_variable_Kb":1000000.0,"data_set_value_component_cAMP_variable_Kdsm":10.0,"data_set_value_component_cAMP_variable_Vmsm":6.0,"data_set_value_component_cAMP_variable_Vdsm":10.0,"data_set_value_component_cAMP_variable_ACTH":0.000012,"data_set_value_component_IS_variable_IS":9.4671424251,"data_set_value_component_IS_variable_Crpt":3.0,"data_set_value_component_IS_variable_K":80.0,"data_set_value_component_IS_variable_Kd":2.11,"data_set_value_component_IS_variable_n":4.0,"data_set_value_component_V_variable_V":11.3140234752,"data_set_value_component_V_variable_P":0.052,"data_set_value_component_V_variable_Q":0.042,"data_set_value_component_W_variable_W":10.0000369108,"data_set_value_component_W_variable_T":8.0,"data_set_value_component_W_variable_U":0.0015,"data_set_value_component_CHOC_variable_CHOC":531.421791016,"data_set_value_component_CHOM_variable_CHOM":139.2597557405,"data_set_value_component_CHOL_variable_CHOL":3000.3210542258,"data_set_value_component_Kmtr_variable_Kmtr":0.4733591853,"data_set_value_component_Kmtr_variable_C":6.25,"data_set_value_component_Kmtr_variable_D":125.0,"data_set_value_component_Kfor_variable_Kfor":0.373705683,"data_set_value_component_Kfor_variable_R":3.0,"data_set_value_component_Kfor_variable_S":76.0,"data_set_value_component_CHON_variable_CHON":3.0755152488,"data_set_value_component_PREG_variable_PREG":6.6559714285,"data_set_value_component_PRO_variable_PRO":0.6473903554,"data_set_value_component_PRO_variable_HA":0.5,"data_set_value_component_HYPR_variable_HYPR":0.6470422164,"data_set_value_component_CORT_variable_CORT":9.3218677081,"data_set_value_component_CORT_variable_LH":0.724,"data_set_value_component_model_parameters_variable_Lmtr":1.65,"data_set_value_component_model_parameters_variable_Kbac":10.0,"data_set_value_component_model_parameters_variable_Kcb":0.01,"data_set_value_component_model_parameters_variable_Kcf":0.00033,"data_set_value_component_model_parameters_variable_Vm":1890.0,"data_set_value_component_model_parameters_variable_Km":270.0,"data_set_value_component_model_parameters_variable_Vmptr":500.0,"data_set_value_component_model_parameters_variable_Kmptr":150.0,"data_set_value_component_model_parameters_variable_AH":16.4,"data_set_value_component_model_parameters_variable_HY":16.4},{"data_set_value_component_environment_variable_time":0.9,"data_set_value_component_cAMP_variable_cAMP":0.9498348536,"data_set_value_component_cAMP_variable_Ko":0.013,"data_set_value_component_cAMP_variable_Ka":10.0,"data_set_value_component_cAMP_variable_Kb":1000000.0,"data_set_value_component_cAMP_variable_Kdsm":10.0,"data_set_value_component_cAMP_variable_Vmsm":6.0,"data_set_value_component_cAMP_variable_Vdsm":10.0,"data_set_value_component_cAMP_variable_ACTH":0.000012,"data_set_value_component_IS_variable_IS":9.4666505472,"data_set_value_component_IS_variable_Crpt":3.0,"data_set_value_component_IS_variable_K":80.0,"data_set_value_component_IS_variable_Kd":2.11,"data_set_value_component_IS_variable_n":4.0,"data_set_value_component_V_variable_V":11.3157288359,"data_set_value_component_V_variable_P":0.052,"data_set_value_component_V_variable_Q":0.042,"data_set_value_component_W_variable_W":10.0000423634,"data_set_value_component_W_variable_T":8.0,"data_set_value_component_W_variable_U":0.0015,"data_set_value_component_CHOC_variable_CHOC":531.3780995979,"data_set_value_component_CHOM_variable_CHOM":139.2660197251,"data_set_value_component_CHOL_variable_CHOL":3000.3613062175,"data_set_value_component_Kmtr_variable_Kmtr":0.4733344266,"data_set_value_component_Kmtr_variable_C":6.25,"data_set_value_component_Kmtr_variable_D":125.0,"data_set_value_component_Kfor_variable_Kfor":0.3736860511,"data_set_value_component_Kfor_variable_R":3.0,"data_set_value_component_Kfor_variable_S":76.0,"data_set_value_component_CHON_variable_CHON":3.0755505865,"data_set_value_component_PREG_variable_PREG":6.6596257034,"data_set_value_component_PRO_variable_PRO":0.6478036634,"data_set_value_component_PRO_variable_HA":0.5,"data_set_value_component_HYPR_variable_HYPR":0.6475406961,"data_set_value_component_CORT_variable_CORT":9.6948803903,"data_set_value_component_CORT_variable_LH":0.724,"data_set_value_component_model_parameters_variable_Lmtr":1.65,"data_set_value_component_model_parameters_variable_Kbac":10.0,"data_set_value_component_model_parameters_variable_Kcb":0.01,"data_set_value_component_model_parameters_variable_Kcf":0.00033,"data_set_value_component_model_parameters_variable_Vm":1890.0,"data_set_value_component_model_parameters_variable_Km":270.0,"data_set_value_component_model_parameters_variable_Vmptr":500.0,"data_set_value_component_model_parameters_variable_Kmptr":150.0,"data_set_value_component_model_parameters_variable_AH":16.4,"data_set_value_component_model_parameters_variable_HY":16.4},{"data_set_value_component_environment_variable_time":1.0,"data_set_value_component_cAMP_variable_cAMP":0.9498230369,"data_set_value_component_cAMP_variable_Ko":0.013,"data_set_value_component_cAMP_variable_Ka":10.0,"data_set_value_component_cAMP_variable_Kb":1000000.0,"data_set_value_component_cAMP_variable_Kdsm":10.0,"data_set_value_component_cAMP_variable_Vmsm":6.0,"data_set_value_component_cAMP_variable_Vdsm":10.0,"data_set_value_component_cAMP_variable_ACTH":0.000012,"data_set_value_component_IS_variable_IS":9.4661980452,"data_set_value_component_IS_variable_Crpt":3.0,"data_set_value_component_IS_variable_K":80.0,"data_set_value_component_IS_variable_Kd":2.11,"data_set_value_component_IS_variable_n":4.0,"data_set_value_component_V_variable_V":11.3174246003,"data_set_value_component_V_variable_P":0.052,"data_set_value_component_V_variable_Q":0.042,"data_set_value_component_W_variable_W":10.0000479329,"data_set_value_component_W_variable_T":8.0,"data_set_value_component_W_variable_U":0.0015,"data_set_value_component_CHOC_variable_CHOC":531.3385114433,"data_set_value_component_CHOM_variable_CHOM":139.268441338,"data_set_value_component_CHOL_variable_CHOL":3000.4015611422,"data_set_value_component_Kmtr_variable_Kmtr":0.4733116494,"data_set_value_component_Kmtr_variable_C":6.25,"data_set_value_component_Kmtr_variable_D":125.0,"data_set_value_component_Kfor_variable_Kfor":0.3736679909,"data_set_value_component_Kfor_variable_R":3.0,"data_set_value_component_Kfor_variable_S":76.0,"data_set_value_component_CHON_variable_CHON":3.0754994397,"data_set_value_component_PREG_variable_PREG":6.6623106827,"data_set_value_component_PRO_variable_PRO":0.6481109178,"data_set_value_component_PRO_variable_HA":0.5,"data_set_value_component_HYPR_variable_HYPR":0.6479148722,"data_set_value_component_CORT_variable_CORT":10.042526707,"data_set_value_component_CORT_variable_LH":0.724,"data_set_value_component_model_parameters_variable_Lmtr":1.65,"data_set_value_component_model_parameters_variable_Kbac":10.0,"data_set_value_component_model_parameters_variable_Kcb":0.01,"data_set_value_component_model_parameters_variable_Kcf":0.00033,"data_set_value_component_model_parameters_variable_Vm":1890.0,"data_set_value_component_model_parameters_variable_Km":270.0,"data_set_value_component_model_parameters_variable_Vmptr":500.0,"data_set_value_component_model_parameters_variable_Kmptr":150.0,"data_set_value_component_model_parameters_variable_AH":16.4,"data_set_value_component_model_parameters_variable_HY":16.4}]