T,C,CA_ER,C_T,H
0.0,0.086540997,196.7798,36.490841,0.625512
1.0,0.086541496,196.7798,36.490841,0.625512
2.0,0.086541496,196.7798,36.490841,0.625512
3.0,0.086541496,196.7798,36.490841,0.625512
4.0,0.086541496,196.7798,36.490841,0.625512
5.0,0.086541496,196.7798,36.490841,0.625512
6.0,0.086541496,196.7798,36.490841,0.625512
7.0,0.086541496,196.7798,36.490841,0.625512
8.0,0.086541496,196.7798,36.490841,0.62551206
9.0,0.086541496,196.7798,36.490841,0.62551206
10.0,0.086541496,196.7798,36.490841,0.62551206
11.0,0.086541496,196.7798,36.490841,0.62551206
12.0,0.086541496,196.7798,36.490841,0.62551206
13.0,0.086541496,196.7798,36.490841,0.62551206
14.0,0.086541496,196.7798,36.490841,0.62551206
15.0,0.086541496,196.7798,36.490841,0.62551206
16.0,0.086541496,196.7798,36.490841,0.62551206
17.0,0.086541496,196.7798,36.490841,0.62551206
18.0,0.086541496,196.7798,36.490841,0.62551206
19.0,0.086541496,196.7798,36.490841,0.62551206
20.0,0.086541496,196.7798,36.490841,0.62551206
21.0,0.086541496,196.7798,36.490841,0.62551206
22.0,0.086541496,196.7798,36.490841,0.62551206
23.0,0.086541496,196.7798,36.490841,0.62551206
24.0,0.086541496,196.7798,36.490841,0.62551206
25.0,0.086541496,196.7798,36.490841,0.62551212
26.0,0.086541496,196.7798,36.490841,0.62551212
27.0,0.086541496,196.7798,36.490841,0.62551212
28.0,0.086541496,196.7798,36.490841,0.62551212
29.0,0.086541496,196.7798,36.490841,0.62551212
30.0,0.086541496,196.7798,36.490841,0.62551212
31.0,0.086541496,196.7798,36.490841,0.62551212
32.0,0.086541496,196.7798,36.490841,0.62551212
33.0,0.086541496,196.7798,36.490841,0.62551212
34.0,0.086541496,196.7798,36.490841,0.62551212
35.0,0.086541496,196.7798,36.490841,0.62551212
36.0,0.086541496,196.7798,36.490841,0.62551212
37.0,0.086541496,196.7798,36.490841,0.62551212
38.0,0.086541496,196.7798,36.490841,0.62551212
39.0,0.086541496,196.7798,36.490841,0.62551212
40.0,0.086541496,196.7798,36.490841,0.62551212
41.0,0.086541496,196.7798,36.490841,0.62551212
42.0,0.086541496,196.7798,36.490841,0.62551212
43.0,0.086541496,196.7798,36.490841,0.62551212
44.0,0.086541496,196.7798,36.490841,0.62551212
45.0,0.086541496,196.7798,36.490841,0.62551218
46.0,0.086541496,196.7798,36.490841,0.62551218
47.0,0.086541496,196.7798,36.490841,0.62551218
48.0,0.086541496,196.7798,36.490841,0.62551218
49.0,0.086541496,196.7798,36.490841,0.62551218
50.0,0.086541496,196.7798,36.490841,0.62551218
51.0,0.086541496,196.7798,36.490841,0.62551218
52.0,0.086541496,196.7798,36.490841,0.62551218
53.0,0.086541496,196.7798,36.490841,0.62551218
54.0,0.086541496,196.7798,36.490841,0.62551218
55.0,0.086541496,196.7798,36.490841,0.62551218
56.0,0.086541496,196.7798,36.490841,0.62551218
57.0,0.086541496,196.7798,36.490841,0.62551218
58.0,0.086541496,196.7798,36.490841,0.62551218
59.0,0.086541496,196.7798,36.490841,0.62551218
60.0,0.086541496,196.7798,36.490841,0.62551218
61.0,0.086541496,196.7798,36.490841,0.62551218
62.0,0.086541496,196.7798,36.490841,0.62551218
63.0,0.086541496,196.7798,36.490841,0.62551218
64.0,0.086541496,196.7798,36.490841,0.62551218
65.0,0.086541496,196.7798,36.490841,0.62551218
66.0,0.086541496,196.7798,36.490841,0.62551218
67.0,0.086541496,196.7798,36.490841,0.62551218
68.0,0.086541496,196.7798,36.490841,0.62551218
69.0,0.086541496,196.7798,36.490841,0.62551218
70.0,0.086541496,196.7798,36.490841,0.62551224
71.0,0.086541496,196.7798,36.490841,0.62551224
72.0,0.086541496,196.7798,36.490841,0.62551224
73.0,0.086541496,196.7798,36.490841,0.62551224
74.0,0.086541496,196.7798,36.490841,0.62551224
75.0,0.086541496,196.7798,36.490841,0.62551224
76.0,0.086541496,196.7798,36.490841,0.62551224
77.0,0.086541496,196.7798,36.490841,0.62551224
78.0,0.086541496,196.7798,36.490841,0.62551224
79.0,0.086541496,196.7798,36.490841,0.62551224
80.0,0.086541496,196.7798,36.490841,0.62551224
81.0,0.086541496,196.7798,36.490841,0.62551224
82.0,0.086541496,196.7798,36.490841,0.62551224
83.0,0.086541496,196.7798,36.490841,0.62551224
84.0,0.086541496,196.7798,36.490841,0.62551224
85.0,0.086541496,196.7798,36.490841,0.62551224
86.0,0.086541496,196.7798,36.490841,0.62551224
87.0,0.086541496,196.7798,36.490841,0.62551224
88.0,0.086541496,196.7798,36.490841,0.62551224
89.0,0.086541496,196.7798,36.490841,0.62551224
90.0,0.086541496,196.7798,36.490841,0.62551224
91.0,0.086541496,196.7798,36.490841,0.62551224
92.0,0.086541496,196.7798,36.490841,0.62551224
93.0,0.086541496,196.7798,36.490841,0.62551224
94.0,0.086541496,196.7798,36.490841,0.62551224
95.0,0.086541496,196.7798,36.490841,0.62551224
96.0,0.086541496,196.7798,36.490841,0.62551224
97.0,0.086541496,196.7798,36.490841,0.62551224
98.0,0.086541496,196.7798,36.490841,0.62551224
99.0,0.086541496,196.7798,36.490841,0.62551224
100.0,0.086541496,196.7798,36.490841,0.62551224
101.0,0.086541496,196.7798,36.490841,0.62551224
102.0,0.086541496,196.7798,36.490841,0.6255123
103.0,0.086541496,196.7798,36.490841,0.6255123
104.0,0.086541496,196.7798,36.490841,0.6255123
105.0,0.086541496,196.7798,36.490841,0.6255123
106.0,0.086541496,196.7798,36.490841,0.6255123
107.0,0.086541496,196.7798,36.490841,0.6255123
108.0,0.086541496,196.7798,36.490841,0.6255123
109.0,0.086541496,196.7798,36.490841,0.6255123
110.0,0.086541496,196.7798,36.490841,0.6255123
111.0,0.086541496,196.7798,36.490841,0.6255123
112.0,0.086541496,196.7798,36.490841,0.6255123
113.0,0.086541496,196.7798,36.490841,0.6255123
114.0,0.086541496,196.7798,36.490841,0.6255123
115.0,0.086541496,196.7798,36.490841,0.6255123
116.0,0.086541496,196.7798,36.490841,0.6255123
117.0,0.086541496,196.7798,36.490841,0.6255123
118.0,0.086541496,196.7798,36.490841,0.6255123
119.0,0.086541496,196.7798,36.490841,0.6255123
120.0,0.086541496,196.7798,36.490841,0.6255123
121.0,0.086541496,196.7798,36.490841,0.6255123
122.0,0.086541496,196.7798,36.490841,0.6255123
123.0,0.086541496,196.7798,36.490841,0.6255123
124.0,0.086541496,196.7798,36.490841,0.6255123
125.0,0.086541496,196.7798,36.490841,0.6255123
126.0,0.086541496,196.7798,36.490841,0.6255123
127.0,0.086541496,196.7798,36.490841,0.6255123
128.0,0.086541496,196.7798,36.490841,0.6255123
129.0,0.086541496,196.7798,36.490841,0.6255123
130.0,0.086541496,196.7798,36.490841,0.6255123
131.0,0.086541496,196.7798,36.490841,0.6255123
132.0,0.086541496,196.7798,36.490841,0.6255123
133.0,0.086541496,196.7798,36.490841,0.6255123
134.0,0.086541496,196.7798,36.490841,0.6255123
135.0,0.086541496,196.7798,36.490841,0.6255123
136.0,0.086541496,196.7798,36.490841,0.6255123
137.0,0.086541496,196.7798,36.490841,0.6255123
138.0,0.086541496,196.7798,36.490841,0.6255123
139.0,0.086541496,196.7798,36.490841,0.6255123
140.0,0.086541496,196.7798,36.490841,0.6255123
141.0,0.086541496,196.7798,36.490841,0.6255123
142.0,0.086541496,196.7798,36.490841,0.6255123
143.0,0.086541496,196.7798,36.490841,0.6255123
144.0,0.086541496,196.7798,36.490841,0.6255123
145.0,0.086541496,196.7798,36.490841,0.6255123
146.0,0.086541496,196.7798,36.490841,0.6255123
147.0,0.086541496,196.7798,36.490841,0.6255123
148.0,0.086541496,196.7798,36.490841,0.62551236
149.0,0.086541496,196.7798,36.490841,0.62551236
150.0,0.086541496,196.7798,36.490841,0.62551236
151.0,0.086541496,196.7798,36.490841,0.62551236
152.0,0.086541496,196.7798,36.490841,0.62551236
153.0,0.086541496,196.7798,36.490841,0.62551236
154.0,0.086541496,196.7798,36.490841,0.62551236
155.0,0.086541496,196.7798,36.490841,0.62551236
156.0,0.086541496,196.7798,36.490841,0.62551236
157.0,0.086541496,196.7798,36.490841,0.62551236
158.0,0.086541496,196.7798,36.490841,0.62551236
159.0,0.086541496,196.7798,36.490841,0.62551236
160.0,0.086541496,196.7798,36.490841,0.62551236
161.0,0.086541496,196.7798,36.490841,0.62551236
162.0,0.086541496,196.7798,36.490841,0.62551236
163.0,0.086541496,196.7798,36.490841,0.62551236
164.0,0.086541496,196.7798,36.490841,0.62551236
165.0,0.086541496,196.7798,36.490841,0.62551236
166.0,0.086541496,196.7798,36.490841,0.62551236
167.0,0.086541496,196.7798,36.490841,0.62551236
168.0,0.086541496,196.7798,36.490841,0.62551236
169.0,0.086541496,196.7798,36.490841,0.62551236
170.0,0.086541496,196.7798,36.490841,0.62551236
171.0,0.086541496,196.7798,36.490841,0.62551236
172.0,0.086541496,196.7798,36.490841,0.62551236
173.0,0.086541496,196.7798,36.490841,0.62551236
174.0,0.086541496,196.7798,36.490841,0.62551236
175.0,0.086541496,196.7798,36.490841,0.62551236
176.0,0.086541496,196.7798,36.490841,0.62551236
177.0,0.086541496,196.7798,36.490841,0.62551236
178.0,0.086541496,196.7798,36.490841,0.62551236
179.0,0.086541496,196.7798,36.490841,0.62551236
180.0,0.086541496,196.7798,36.490841,0.62551236
181.0,0.086541496,196.7798,36.490841,0.62551236
182.0,0.086541496,196.7798,36.490841,0.62551236
183.0,0.086541496,196.7798,36.490841,0.62551236
184.0,0.086541496,196.7798,36.490841,0.62551236
185.0,0.086541496,196.7798,36.490841,0.62551236
186.0,0.086541496,196.7798,36.490841,0.62551236
187.0,0.086541496,196.7798,36.490841,0.62551236
188.0,0.086541496,196.7798,36.490841,0.62551236
189.0,0.086541496,196.7798,36.490841,0.62551236
190.0,0.086541496,196.7798,36.490841,0.62551236
191.0,0.086541496,196.7798,36.490841,0.62551236
192.0,0.086541496,196.7798,36.490841,0.62551236
193.0,0.086541496,196.7798,36.490841,0.62551236
194.0,0.086541496,196.7798,36.490841,0.62551236
195.0,0.086541496,196.7798,36.490841,0.62551236
196.0,0.086541496,196.7798,36.490841,0.62551236
197.0,0.086541496,196.7798,36.490841,0.62551236
198.0,0.086541496,196.7798,36.490841,0.62551236
199.0,0.086541496,196.7798,36.490841,0.62551236
200.0,0.086541496,196.7798,36.490841,0.62551236
201.0,0.086541496,196.7798,36.490841,0.62551236
202.0,0.086541496,196.7798,36.490841,0.62551236
203.0,0.086541496,196.7798,36.490841,0.62551236
204.0,0.086541496,196.7798,36.490841,0.62551236
205.0,0.086541496,196.7798,36.490841,0.62551236
206.0,0.086541496,196.7798,36.490841,0.62551236
207.0,0.086541496,196.7798,36.490841,0.62551236
208.0,0.086541496,196.7798,36.490841,0.62551236
209.0,0.086541496,196.7798,36.490841,0.62551236
210.0,0.086541496,196.7798,36.490841,0.62551236
211.0,0.086541496,196.7798,36.490841,0.62551236
212.0,0.086541496,196.7798,36.490841,0.62551236
213.0,0.086541496,196.7798,36.490841,0.62551236
214.0,0.086541496,196.7798,36.490841,0.62551236
215.0,0.086541496,196.7798,36.490841,0.62551236
216.0,0.086541496,196.7798,36.490841,0.62551236
217.0,0.086541496,196.7798,36.490841,0.62551236
218.0,0.086541496,196.7798,36.490841,0.62551236
219.0,0.086541496,196.7798,36.490841,0.62551236
220.0,0.086541496,196.7798,36.490841,0.62551236
221.0,0.086541496,196.7798,36.490841,0.62551236
222.0,0.086541496,196.7798,36.490841,0.62551236
223.0,0.086541496,196.7798,36.490841,0.62551236
224.0,0.086541496,196.7798,36.490841,0.62551236
225.0,0.086541496,196.7798,36.490841,0.62551236
226.0,0.086541496,196.7798,36.490841,0.62551236
227.0,0.086541496,196.7798,36.490841,0.62551236
228.0,0.086541496,196.7798,36.490841,0.62551236
229.0,0.086541496,196.7798,36.490841,0.62551242
230.0,0.086541496,196.7798,36.490841,0.62551242
231.0,0.086541496,196.7798,36.490841,0.62551242
232.0,0.086541496,196.7798,36.490841,0.62551242
233.0,0.086541496,196.7798,36.490841,0.62551242
234.0,0.086541496,196.7798,36.490841,0.62551242
235.0,0.086541496,196.7798,36.490841,0.62551242
236.0,0.086541496,196.7798,36.490841,0.62551242
237.0,0.086541496,196.7798,36.490841,0.62551242
238.0,0.086541496,196.7798,36.490841,0.62551242
239.0,0.086541496,196.7798,36.490841,0.62551242
240.0,0.086541496,196.7798,36.490841,0.62551242
241.0,0.086541496,196.7798,36.490841,0.62551242
242.0,0.086541496,196.7798,36.490841,0.62551242
243.0,0.086541496,196.7798,36.490841,0.62551242
244.0,0.086541496,196.7798,36.490841,0.62551242
245.0,0.086541496,196.7798,36.490841,0.62551242
246.0,0.086541496,196.7798,36.490841,0.62551242
247.0,0.086541496,196.7798,36.490841,0.62551242
248.0,0.086541496,196.7798,36.490841,0.62551242
249.0,0.086541496,196.7798,36.490841,0.62551242
250.0,0.086541496,196.7798,36.490841,0.62551242
251.0,0.086541496,196.7798,36.490841,0.62551242
252.0,0.086541496,196.7798,36.490841,0.62551242
253.0,0.086541496,196.7798,36.490841,0.62551242
254.0,0.086541496,196.7798,36.490841,0.62551242
255.0,0.086541496,196.7798,36.490841,0.62551242
256.0,0.086541496,196.7798,36.490841,0.62551242
257.0,0.086541496,196.7798,36.490841,0.62551242
258.0,0.086541496,196.7798,36.490841,0.62551242
259.0,0.086541496,196.7798,36.490841,0.62551242
260.0,0.086541496,196.7798,36.490841,0.62551242
261.0,0.086541496,196.7798,36.490841,0.62551242
262.0,0.086541496,196.7798,36.490841,0.62551242
263.0,0.086541496,196.7798,36.490841,0.62551242
264.0,0.086541496,196.7798,36.490841,0.62551242
265.0,0.086541496,196.7798,36.490841,0.62551242
266.0,0.086541496,196.7798,36.490841,0.62551242
267.0,0.086541496,196.7798,36.490841,0.62551242
268.0,0.086541496,196.7798,36.490841,0.62551242
269.0,0.086541496,196.7798,36.490841,0.62551242
270.0,0.086541496,196.7798,36.490841,0.62551242
271.0,0.086541496,196.7798,36.490841,0.62551242
272.0,0.086541496,196.7798,36.490841,0.62551242
273.0,0.086541496,196.7798,36.490841,0.62551242
274.0,0.086541496,196.7798,36.490841,0.62551242
275.0,0.086541496,196.7798,36.490841,0.62551242
276.0,0.086541496,196.7798,36.490841,0.62551242
277.0,0.086541496,196.7798,36.490841,0.62551242
278.0,0.086541496,196.7798,36.490841,0.62551242
279.0,0.086541496,196.7798,36.490841,0.62551242
280.0,0.086541496,196.7798,36.490841,0.62551242
281.0,0.086541496,196.7798,36.490841,0.62551242
282.0,0.086541496,196.7798,36.490841,0.62551242
283.0,0.086541496,196.7798,36.490841,0.62551242
284.0,0.086541496,196.7798,36.490841,0.62551242
285.0,0.086541496,196.7798,36.490841,0.62551242
286.0,0.086541496,196.7798,36.490841,0.62551242
287.0,0.086541496,196.7798,36.490841,0.62551242
288.0,0.086541496,196.7798,36.490841,0.62551242
289.0,0.086541496,196.7798,36.490841,0.62551242
290.0,0.086541496,196.7798,36.490841,0.62551242
291.0,0.086541496,196.7798,36.490841,0.62551242
292.0,0.086541496,196.7798,36.490841,0.62551242
293.0,0.086541496,196.7798,36.490841,0.62551242
294.0,0.086541496,196.7798,36.490841,0.62551242
295.0,0.086541496,196.7798,36.490841,0.62551242
296.0,0.086541496,196.7798,36.490841,0.62551242
297.0,0.086541496,196.7798,36.490841,0.62551242
298.0,0.086541496,196.7798,36.490841,0.62551242
299.0,0.086541496,196.7798,36.490841,0.62551242
300.0,0.086541496,196.7798,36.490841,0.62551242
301.0,0.086541496,196.7798,36.490841,0.62551242
302.0,0.086541496,196.7798,36.490841,0.62551242
303.0,0.086541496,196.7798,36.490841,0.62551242
304.0,0.086541496,196.7798,36.490841,0.62551242
305.0,0.086541496,196.7798,36.490841,0.62551242
306.0,0.086541496,196.7798,36.490841,0.62551242
307.0,0.086541496,196.7798,36.490841,0.62551242
308.0,0.086541496,196.7798,36.490841,0.62551242
309.0,0.086541496,196.7798,36.490841,0.62551242
310.0,0.086541496,196.7798,36.490841,0.62551242
311.0,0.086541496,196.7798,36.490841,0.62551242
312.0,0.086541496,196.7798,36.490841,0.62551242
313.0,0.086541496,196.7798,36.490841,0.62551242
314.0,0.086541496,196.7798,36.490841,0.62551242
315.0,0.086541496,196.7798,36.490841,0.62551242
316.0,0.086541496,196.7798,36.490841,0.62551242
317.0,0.086541496,196.7798,36.490841,0.62551242
318.0,0.086541496,196.7798,36.490841,0.62551242
319.0,0.086541496,196.7798,36.490841,0.62551242
320.0,0.086541496,196.7798,36.490841,0.62551242
321.0,0.086541496,196.7798,36.490841,0.62551242
322.0,0.086541496,196.7798,36.490841,0.62551242
323.0,0.086541496,196.7798,36.490841,0.62551242
324.0,0.086541496,196.7798,36.490841,0.62551242
325.0,0.086541496,196.7798,36.490841,0.62551242
326.0,0.086541496,196.7798,36.490841,0.62551242
327.0,0.086541496,196.7798,36.490841,0.62551242
328.0,0.086541496,196.7798,36.490841,0.62551242
329.0,0.086541496,196.7798,36.490841,0.62551242
330.0,0.086541496,196.7798,36.490841,0.62551242
331.0,0.086541496,196.7798,36.490841,0.62551242
332.0,0.086541496,196.7798,36.490841,0.62551242
333.0,0.086541496,196.7798,36.490841,0.62551242
334.0,0.086541496,196.7798,36.490841,0.62551242
335.0,0.086541496,196.7798,36.490841,0.62551242
336.0,0.086541496,196.7798,36.490841,0.62551242
337.0,0.086541496,196.7798,36.490841,0.62551242
338.0,0.086541496,196.7798,36.490841,0.62551242
339.0,0.086541496,196.7798,36.490841,0.62551242
340.0,0.086541496,196.7798,36.490841,0.62551242
341.0,0.086541496,196.7798,36.490841,0.62551242
342.0,0.086541496,196.7798,36.490841,0.62551242
343.0,0.086541496,196.7798,36.490841,0.62551242
344.0,0.086541496,196.7798,36.490841,0.62551242
345.0,0.086541496,196.7798,36.490841,0.62551242
346.0,0.086541496,196.7798,36.490841,0.62551242
347.0,0.086541496,196.7798,36.490841,0.62551242
348.0,0.086541496,196.7798,36.490841,0.62551242
349.0,0.086541496,196.7798,36.490841,0.62551242
350.0,0.086541496,196.7798,36.490841,0.62551242
351.0,0.086541496,196.7798,36.490841,0.62551242
352.0,0.086541496,196.7798,36.490841,0.62551242
353.0,0.086541496,196.7798,36.490841,0.62551242
354.0,0.086541496,196.7798,36.490841,0.62551242
355.0,0.086541496,196.7798,36.490841,0.62551242
356.0,0.086541496,196.7798,36.490841,0.62551242
357.0,0.086541496,196.7798,36.490841,0.62551242
358.0,0.086541496,196.7798,36.490841,0.62551242
359.0,0.086541496,196.7798,36.490841,0.62551242
360.0,0.086541496,196.7798,36.490841,0.62551242
361.0,0.086541496,196.7798,36.490841,0.62551242
362.0,0.086541496,196.7798,36.490841,0.62551242
363.0,0.086541496,196.7798,36.490841,0.62551242
364.0,0.086541496,196.7798,36.490841,0.62551242
365.0,0.086541496,196.7798,36.490841,0.62551242
366.0,0.086541496,196.7798,36.490841,0.62551242
367.0,0.086541496,196.7798,36.490841,0.62551242
368.0,0.086541496,196.7798,36.490841,0.62551242
369.0,0.086541496,196.7798,36.490841,0.62551242
370.0,0.086541496,196.7798,36.490841,0.62551242
371.0,0.086541496,196.7798,36.490841,0.62551242
372.0,0.086541496,196.7798,36.490841,0.62551242
373.0,0.086541496,196.7798,36.490841,0.62551242
374.0,0.086541496,196.7798,36.490841,0.62551242
375.0,0.086541496,196.7798,36.490841,0.62551242
376.0,0.086541496,196.7798,36.490841,0.62551242
377.0,0.086541496,196.7798,36.490841,0.62551242
378.0,0.086541496,196.7798,36.490841,0.62551242
379.0,0.086541496,196.7798,36.490841,0.62551242
380.0,0.086541496,196.7798,36.490841,0.62551242
381.0,0.086541496,196.7798,36.490841,0.62551242
382.0,0.086541496,196.7798,36.490841,0.62551242
383.0,0.086541496,196.7798,36.490841,0.62551242
384.0,0.086541496,196.7798,36.490841,0.62551242
385.0,0.086541496,196.7798,36.490841,0.62551242
386.0,0.086541496,196.7798,36.490841,0.62551242
387.0,0.086541496,196.7798,36.490841,0.62551242
388.0,0.086541496,196.7798,36.490841,0.62551242
389.0,0.086541496,196.7798,36.490841,0.62551242
390.0,0.086541496,196.7798,36.490841,0.62551242
391.0,0.086541496,196.7798,36.490841,0.62551242
392.0,0.086541496,196.7798,36.490841,0.62551242
393.0,0.086541496,196.7798,36.490841,0.62551242
394.0,0.086541496,196.7798,36.490841,0.62551242
395.0,0.086541496,196.7798,36.490841,0.62551242
396.0,0.086541496,196.7798,36.490841,0.62551242
397.0,0.086541496,196.7798,36.490841,0.62551242
398.0,0.086541496,196.7798,36.490841,0.62551242
399.0,0.086541496,196.7798,36.490841,0.62551242
400.0,0.086541496,196.7798,36.490841,0.62551242
401.0,0.086541496,196.7798,36.490841,0.62551242
402.0,0.086541496,196.7798,36.490841,0.62551242
403.0,0.086541496,196.7798,36.490841,0.62551242
404.0,0.086541496,196.7798,36.490841,0.62551242
405.0,0.086541496,196.7798,36.490841,0.62551242
406.0,0.086541496,196.7798,36.490841,0.62551242
407.0,0.086541496,196.7798,36.490841,0.62551242
408.0,0.086541496,196.7798,36.490841,0.62551242
409.0,0.086541496,196.7798,36.490841,0.62551242
410.0,0.086541496,196.7798,36.490841,0.62551242
411.0,0.086541496,196.7798,36.490841,0.62551242
412.0,0.086541496,196.7798,36.490841,0.62551242
413.0,0.086541496,196.7798,36.490841,0.62551242
414.0,0.086541496,196.7798,36.490841,0.62551242
415.0,0.086541496,196.7798,36.490841,0.62551242
416.0,0.086541496,196.7798,36.490841,0.62551242
417.0,0.086541496,196.7798,36.490841,0.62551242
418.0,0.086541496,196.7798,36.490841,0.62551242
419.0,0.086541496,196.7798,36.490841,0.62551242
420.0,0.086541496,196.7798,36.490841,0.62551242
421.0,0.086541496,196.7798,36.490841,0.62551242
422.0,0.086541496,196.7798,36.490841,0.62551242
423.0,0.086541496,196.7798,36.490841,0.62551242
424.0,0.086541496,196.7798,36.490841,0.62551242
425.0,0.086541496,196.7798,36.490841,0.62551242
426.0,0.086541496,196.7798,36.490841,0.62551242
427.0,0.086541496,196.7798,36.490841,0.62551242
428.0,0.086541496,196.7798,36.490841,0.62551242
429.0,0.086541496,196.7798,36.490841,0.62551242
430.0,0.086541496,196.7798,36.490841,0.62551242
431.0,0.086541496,196.7798,36.490841,0.62551242
432.0,0.086541496,196.7798,36.490841,0.62551242
433.0,0.086541496,196.7798,36.490841,0.62551242
434.0,0.086541496,196.7798,36.490841,0.62551242
435.0,0.086541496,196.7798,36.490841,0.62551242
436.0,0.086541496,196.7798,36.490841,0.62551242
437.0,0.086541496,196.7798,36.490841,0.62551242
438.0,0.086541496,196.7798,36.490841,0.62551242
439.0,0.086541496,196.7798,36.490841,0.62551242
440.0,0.086541496,196.7798,36.490841,0.62551242
441.0,0.086541496,196.7798,36.490841,0.62551242
442.0,0.086541496,196.7798,36.490841,0.62551242
443.0,0.086541496,196.7798,36.490841,0.62551242
444.0,0.086541496,196.7798,36.490841,0.62551242
445.0,0.086541496,196.7798,36.490841,0.62551242
446.0,0.086541496,196.7798,36.490841,0.62551242
447.0,0.086541496,196.7798,36.490841,0.62551242
448.0,0.086541496,196.7798,36.490841,0.62551242
449.0,0.086541496,196.7798,36.490841,0.62551242
450.0,0.086541496,196.7798,36.490841,0.62551242
451.0,0.086541496,196.7798,36.490841,0.62551242
452.0,0.086541496,196.7798,36.490841,0.62551242
453.0,0.086541496,196.7798,36.490841,0.62551242
454.0,0.086541496,196.7798,36.490841,0.62551242
455.0,0.086541496,196.7798,36.490841,0.62551242
456.0,0.086541496,196.7798,36.490841,0.62551242
457.0,0.086541496,196.7798,36.490841,0.62551242
458.0,0.086541496,196.7798,36.490841,0.62551242
459.0,0.086541496,196.7798,36.490841,0.62551242
460.0,0.086541496,196.7798,36.490841,0.62551242
461.0,0.086541496,196.7798,36.490841,0.62551242
462.0,0.086541496,196.7798,36.490841,0.62551242
463.0,0.086541496,196.7798,36.490841,0.62551242
464.0,0.086541496,196.7798,36.490841,0.62551242
465.0,0.086541496,196.7798,36.490841,0.62551242
466.0,0.086541496,196.7798,36.490841,0.62551242
467.0,0.086541496,196.7798,36.490841,0.62551242
468.0,0.086541496,196.7798,36.490841,0.62551242
469.0,0.086541496,196.7798,36.490841,0.62551242
470.0,0.086541496,196.7798,36.490841,0.62551242
471.0,0.086541496,196.7798,36.490841,0.62551242
472.0,0.086541496,196.7798,36.490841,0.62551242
473.0,0.086541496,196.7798,36.490841,0.62551242
474.0,0.086541496,196.7798,36.490841,0.62551242
475.0,0.086541496,196.7798,36.490841,0.62551242
476.0,0.086541496,196.7798,36.490841,0.62551242
477.0,0.086541496,196.7798,36.490841,0.62551242
478.0,0.086541496,196.7798,36.490841,0.62551242
479.0,0.086541496,196.7798,36.490841,0.62551242
480.0,0.086541496,196.7798,36.490841,0.62551242
481.0,0.086541496,196.7798,36.490841,0.62551242
482.0,0.086541496,196.7798,36.490841,0.62551242
483.0,0.086541496,196.7798,36.490841,0.62551242
484.0,0.086541496,196.7798,36.490841,0.62551242
485.0,0.086541496,196.7798,36.490841,0.62551242
486.0,0.086541496,196.7798,36.490841,0.62551242
487.0,0.086541496,196.7798,36.490841,0.62551242
488.0,0.086541496,196.7798,36.490841,0.62551242
489.0,0.086541496,196.7798,36.490841,0.62551242
490.0,0.086541496,196.7798,36.490841,0.62551242
491.0,0.086541496,196.7798,36.490841,0.62551242
492.0,0.086541496,196.7798,36.490841,0.62551242
493.0,0.086541496,196.7798,36.490841,0.62551242
494.0,0.086541496,196.7798,36.490841,0.62551242
495.0,0.086541496,196.7798,36.490841,0.62551242
496.0,0.086541496,196.7798,36.490841,0.62551242
497.0,0.086541496,196.7798,36.490841,0.62551242
498.0,0.086541496,196.7798,36.490841,0.62551242
499.0,0.086541496,196.7798,36.490841,0.62551242
500.0,0.086541496,196.7798,36.490841,0.62551242
501.0,0.086541496,196.7798,36.490841,0.62551242
502.0,0.086541496,196.7798,36.490841,0.62551242
503.0,0.086541496,196.7798,36.490841,0.62551242
504.0,0.086541496,196.7798,36.490841,0.62551242
505.0,0.086541496,196.7798,36.490841,0.62551242
506.0,0.086541496,196.7798,36.490841,0.62551242
507.0,0.086541496,196.7798,36.490841,0.62551242
508.0,0.086541496,196.7798,36.490841,0.62551242
509.0,0.086541496,196.7798,36.490841,0.62551242
510.0,0.086541496,196.7798,36.490841,0.62551242
511.0,0.086541496,196.7798,36.490841,0.62551242
512.0,0.086541496,196.7798,36.490841,0.62551242
513.0,0.086541496,196.7798,36.490841,0.62551242
514.0,0.086541496,196.7798,36.490841,0.62551242
515.0,0.086541496,196.7798,36.490841,0.62551242
516.0,0.086541496,196.7798,36.490841,0.62551242
517.0,0.086541496,196.7798,36.490841,0.62551242
518.0,0.086541496,196.7798,36.490841,0.62551242
519.0,0.086541496,196.7798,36.490841,0.62551242
520.0,0.086541496,196.7798,36.490841,0.62551242
521.0,0.086541496,196.7798,36.490841,0.62551242
522.0,0.086541496,196.7798,36.490841,0.62551242
523.0,0.086541496,196.7798,36.490841,0.62551242
524.0,0.086541496,196.7798,36.490841,0.62551242
525.0,0.086541496,196.7798,36.490841,0.62551242
526.0,0.086541496,196.7798,36.490841,0.62551242
527.0,0.086541496,196.7798,36.490841,0.62551242
528.0,0.086541496,196.7798,36.490841,0.62551242
529.0,0.086541496,196.7798,36.490841,0.62551242
530.0,0.086541496,196.7798,36.490841,0.62551242
531.0,0.086541496,196.7798,36.490841,0.62551242
532.0,0.086541496,196.7798,36.490841,0.62551242
533.0,0.086541496,196.7798,36.490841,0.62551242
534.0,0.086541496,196.7798,36.490841,0.62551242
535.0,0.086541496,196.7798,36.490841,0.62551242
536.0,0.086541496,196.7798,36.490841,0.62551242
537.0,0.086541496,196.7798,36.490841,0.62551242
538.0,0.086541496,196.7798,36.490841,0.62551242
539.0,0.086541496,196.7798,36.490841,0.62551242
540.0,0.086541496,196.7798,36.490841,0.62551242
541.0,0.086541496,196.7798,36.490841,0.62551242
542.0,0.086541496,196.7798,36.490841,0.62551242
543.0,0.086541496,196.7798,36.490841,0.62551242
544.0,0.086541496,196.7798,36.490841,0.62551242
545.0,0.086541496,196.7798,36.490841,0.62551242
546.0,0.086541496,196.7798,36.490841,0.62551242
547.0,0.086541496,196.7798,36.490841,0.62551242
548.0,0.086541496,196.7798,36.490841,0.62551242
549.0,0.086541496,196.7798,36.490841,0.62551242
550.0,0.086541496,196.7798,36.490841,0.62551242
551.0,0.086541496,196.7798,36.490841,0.62551242
552.0,0.086541496,196.7798,36.490841,0.62551242
553.0,0.086541496,196.7798,36.490841,0.62551242
554.0,0.086541496,196.7798,36.490841,0.62551242
555.0,0.086541496,196.7798,36.490841,0.62551242
556.0,0.086541496,196.7798,36.490841,0.62551242
557.0,0.086541496,196.7798,36.490841,0.62551242
558.0,0.086541496,196.7798,36.490841,0.62551242
559.0,0.086541496,196.7798,36.490841,0.62551242
560.0,0.086541496,196.7798,36.490841,0.62551242
561.0,0.086541496,196.7798,36.490841,0.62551242
562.0,0.086541496,196.7798,36.490841,0.62551242
563.0,0.086541496,196.7798,36.490841,0.62551242
564.0,0.086541496,196.7798,36.490841,0.62551242
565.0,0.086541496,196.7798,36.490841,0.62551242
566.0,0.086541496,196.7798,36.490841,0.62551242
567.0,0.086541496,196.7798,36.490841,0.62551242
568.0,0.086541496,196.7798,36.490841,0.62551242
569.0,0.086541496,196.7798,36.490841,0.62551242
570.0,0.086541496,196.7798,36.490841,0.62551242
571.0,0.086541496,196.7798,36.490841,0.62551242
572.0,0.086541496,196.7798,36.490841,0.62551242
573.0,0.086541496,196.7798,36.490841,0.62551242
574.0,0.086541496,196.7798,36.490841,0.62551242
575.0,0.086541496,196.7798,36.490841,0.62551242
576.0,0.086541496,196.7798,36.490841,0.62551242
577.0,0.086541496,196.7798,36.490841,0.62551242
578.0,0.086541496,196.7798,36.490841,0.62551242
579.0,0.086541496,196.7798,36.490841,0.62551242
580.0,0.086541496,196.7798,36.490841,0.62551242
581.0,0.086541496,196.7798,36.490841,0.62551242
582.0,0.086541496,196.7798,36.490841,0.62551242
583.0,0.086541496,196.7798,36.490841,0.62551242
584.0,0.086541496,196.7798,36.490841,0.62551242
585.0,0.086541496,196.7798,36.490841,0.62551242
586.0,0.086541496,196.7798,36.490841,0.62551242
587.0,0.086541496,196.7798,36.490841,0.62551242
588.0,0.086541496,196.7798,36.490841,0.62551242
589.0,0.086541496,196.7798,36.490841,0.62551242
590.0,0.086541496,196.7798,36.490841,0.62551242
591.0,0.086541496,196.7798,36.490841,0.62551242
592.0,0.086541496,196.7798,36.490841,0.62551242
593.0,0.086541496,196.7798,36.490841,0.62551242
594.0,0.086541496,196.7798,36.490841,0.62551242
595.0,0.086541496,196.7798,36.490841,0.62551242
596.0,0.086541496,196.7798,36.490841,0.62551242
597.0,0.086541496,196.7798,36.490841,0.62551242
598.0,0.086541496,196.7798,36.490841,0.62551242
599.0,0.086541496,196.7798,36.490841,0.62551242
600.0,0.086541496,196.7798,36.490841,0.62551242
601.0,0.086541496,196.7798,36.490841,0.62551242
602.0,0.086541496,196.7798,36.490841,0.62551242
603.0,0.086541496,196.7798,36.490841,0.62551242
604.0,0.086541496,196.7798,36.490841,0.62551242
605.0,0.086541496,196.7798,36.490841,0.62551242
606.0,0.086541496,196.7798,36.490841,0.62551242
607.0,0.086541496,196.7798,36.490841,0.62551242
608.0,0.086541496,196.7798,36.490841,0.62551242
609.0,0.086541496,196.7798,36.490841,0.62551242
610.0,0.086541496,196.7798,36.490841,0.62551242
611.0,0.086541496,196.7798,36.490841,0.62551242
612.0,0.086541496,196.7798,36.490841,0.62551242
613.0,0.086541496,196.7798,36.490841,0.62551242
614.0,0.086541496,196.7798,36.490841,0.62551242
615.0,0.086541496,196.7798,36.490841,0.62551242
616.0,0.086541496,196.7798,36.490841,0.62551242
617.0,0.086541496,196.7798,36.490841,0.62551242
618.0,0.086541496,196.7798,36.490841,0.62551242
619.0,0.086541496,196.7798,36.490841,0.62551242
620.0,0.086541496,196.7798,36.490841,0.62551242
621.0,0.086541496,196.7798,36.490841,0.62551242
622.0,0.086541496,196.7798,36.490841,0.62551242
623.0,0.086541496,196.7798,36.490841,0.62551242
624.0,0.086541496,196.7798,36.490841,0.62551242
625.0,0.086541496,196.7798,36.490841,0.62551242
626.0,0.086541496,196.7798,36.490841,0.62551242
627.0,0.086541496,196.7798,36.490841,0.62551242
628.0,0.086541496,196.7798,36.490841,0.62551242
629.0,0.086541496,196.7798,36.490841,0.62551242
630.0,0.086541496,196.7798,36.490841,0.62551242
631.0,0.086541496,196.7798,36.490841,0.62551242
632.0,0.086541496,196.7798,36.490841,0.62551242
633.0,0.086541496,196.7798,36.490841,0.62551242
634.0,0.086541496,196.7798,36.490841,0.62551242
635.0,0.086541496,196.7798,36.490841,0.62551242
636.0,0.086541496,196.7798,36.490841,0.62551242
637.0,0.086541496,196.7798,36.490841,0.62551242
638.0,0.086541496,196.7798,36.490841,0.62551242
639.0,0.086541496,196.7798,36.490841,0.62551242
640.0,0.086541496,196.7798,36.490841,0.62551242
641.0,0.086541496,196.7798,36.490841,0.62551242
642.0,0.086541496,196.7798,36.490841,0.62551242
643.0,0.086541496,196.7798,36.490841,0.62551242
644.0,0.086541496,196.7798,36.490841,0.62551242
645.0,0.086541496,196.7798,36.490841,0.62551242
646.0,0.086541496,196.7798,36.490841,0.62551242
647.0,0.086541496,196.7798,36.490841,0.62551242
648.0,0.086541496,196.7798,36.490841,0.62551242
649.0,0.086541496,196.7798,36.490841,0.62551242
650.0,0.086541496,196.7798,36.490841,0.62551242
651.0,0.086541496,196.7798,36.490841,0.62551242
652.0,0.086541496,196.7798,36.490841,0.62551242
653.0,0.086541496,196.7798,36.490841,0.62551242
654.0,0.086541496,196.7798,36.490841,0.62551242
655.0,0.086541496,196.7798,36.490841,0.62551242
656.0,0.086541496,196.7798,36.490841,0.62551242
657.0,0.086541496,196.7798,36.490841,0.62551242
658.0,0.086541496,196.7798,36.490841,0.62551242
659.0,0.086541496,196.7798,36.490841,0.62551242
660.0,0.086541496,196.7798,36.490841,0.62551242
661.0,0.086541496,196.7798,36.490841,0.62551242
662.0,0.086541496,196.7798,36.490841,0.62551242
663.0,0.086541496,196.7798,36.490841,0.62551242
664.0,0.086541496,196.7798,36.490841,0.62551242
665.0,0.086541496,196.7798,36.490841,0.62551242
666.0,0.086541496,196.7798,36.490841,0.62551242
667.0,0.086541496,196.7798,36.490841,0.62551242
668.0,0.086541496,196.7798,36.490841,0.62551242
669.0,0.086541496,196.7798,36.490841,0.62551242
670.0,0.086541496,196.7798,36.490841,0.62551242
671.0,0.086541496,196.7798,36.490841,0.62551242
672.0,0.086541496,196.7798,36.490841,0.62551242
673.0,0.086541496,196.7798,36.490841,0.62551242
674.0,0.086541496,196.7798,36.490841,0.62551242
675.0,0.086541496,196.7798,36.490841,0.62551242
676.0,0.086541496,196.7798,36.490841,0.62551242
677.0,0.086541496,196.7798,36.490841,0.62551242
678.0,0.086541496,196.7798,36.490841,0.62551242
679.0,0.086541496,196.7798,36.490841,0.62551242
680.0,0.086541496,196.7798,36.490841,0.62551242
681.0,0.086541496,196.7798,36.490841,0.62551242
682.0,0.086541496,196.7798,36.490841,0.62551242
683.0,0.086541496,196.7798,36.490841,0.62551242
684.0,0.086541496,196.7798,36.490841,0.62551242
685.0,0.086541496,196.7798,36.490841,0.62551242
686.0,0.086541496,196.7798,36.490841,0.62551242
687.0,0.086541496,196.7798,36.490841,0.62551242
688.0,0.086541496,196.7798,36.490841,0.62551242
689.0,0.086541496,196.7798,36.490841,0.62551242
690.0,0.086541496,196.7798,36.490841,0.62551242
691.0,0.086541496,196.7798,36.490841,0.62551242
692.0,0.086541496,196.7798,36.490841,0.62551242
693.0,0.086541496,196.7798,36.490841,0.62551242
694.0,0.086541496,196.7798,36.490841,0.62551242
695.0,0.086541496,196.7798,36.490841,0.62551242
696.0,0.086541496,196.7798,36.490841,0.62551242
697.0,0.086541496,196.7798,36.490841,0.62551242
698.0,0.086541496,196.7798,36.490841,0.62551242
699.0,0.086541496,196.7798,36.490841,0.62551242
700.0,0.086541496,196.7798,36.490841,0.62551242
701.0,0.086541496,196.7798,36.490841,0.62551242
702.0,0.086541496,196.7798,36.490841,0.62551242
703.0,0.086541496,196.7798,36.490841,0.62551242
704.0,0.086541496,196.7798,36.490841,0.62551242
705.0,0.086541496,196.7798,36.490841,0.62551242
706.0,0.086541496,196.7798,36.490841,0.62551242
707.0,0.086541496,196.7798,36.490841,0.62551242
708.0,0.086541496,196.7798,36.490841,0.62551242
709.0,0.086541496,196.7798,36.490841,0.62551242
710.0,0.086541496,196.7798,36.490841,0.62551242
711.0,0.086541496,196.7798,36.490841,0.62551242
712.0,0.086541496,196.7798,36.490841,0.62551242
713.0,0.086541496,196.7798,36.490841,0.62551242
714.0,0.086541496,196.7798,36.490841,0.62551242
715.0,0.086541496,196.7798,36.490841,0.62551242
716.0,0.086541496,196.7798,36.490841,0.62551242
717.0,0.086541496,196.7798,36.490841,0.62551242
718.0,0.086541496,196.7798,36.490841,0.62551242
719.0,0.086541496,196.7798,36.490841,0.62551242
720.0,0.086541496,196.7798,36.490841,0.62551242
721.0,0.086541496,196.7798,36.490841,0.62551242
722.0,0.086541496,196.7798,36.490841,0.62551242
723.0,0.086541496,196.7798,36.490841,0.62551242
724.0,0.086541496,196.7798,36.490841,0.62551242
725.0,0.086541496,196.7798,36.490841,0.62551242
726.0,0.086541496,196.7798,36.490841,0.62551242
727.0,0.086541496,196.7798,36.490841,0.62551242
728.0,0.086541496,196.7798,36.490841,0.62551242
729.0,0.086541496,196.7798,36.490841,0.62551242
730.0,0.086541496,196.7798,36.490841,0.62551242
731.0,0.086541496,196.7798,36.490841,0.62551242
732.0,0.086541496,196.7798,36.490841,0.62551242
733.0,0.086541496,196.7798,36.490841,0.62551242
734.0,0.086541496,196.7798,36.490841,0.62551242
735.0,0.086541496,196.7798,36.490841,0.62551242
736.0,0.086541496,196.7798,36.490841,0.62551242
737.0,0.086541496,196.7798,36.490841,0.62551242
738.0,0.086541496,196.7798,36.490841,0.62551242
739.0,0.086541496,196.7798,36.490841,0.62551242
740.0,0.086541496,196.7798,36.490841,0.62551242
741.0,0.086541496,196.7798,36.490841,0.62551242
742.0,0.086541496,196.7798,36.490841,0.62551242
743.0,0.086541496,196.7798,36.490841,0.62551242
744.0,0.086541496,196.7798,36.490841,0.62551242
745.0,0.086541496,196.7798,36.490841,0.62551242
746.0,0.086541496,196.7798,36.490841,0.62551242
747.0,0.086541496,196.7798,36.490841,0.62551242
748.0,0.086541496,196.7798,36.490841,0.62551242
749.0,0.086541496,196.7798,36.490841,0.62551242
750.0,0.086541496,196.7798,36.490841,0.62551242
751.0,0.086541496,196.7798,36.490841,0.62551242
752.0,0.086541496,196.7798,36.490841,0.62551242
753.0,0.086541496,196.7798,36.490841,0.62551242
754.0,0.086541496,196.7798,36.490841,0.62551242
755.0,0.086541496,196.7798,36.490841,0.62551242
756.0,0.086541496,196.7798,36.490841,0.62551242
757.0,0.086541496,196.7798,36.490841,0.62551242
758.0,0.086541496,196.7798,36.490841,0.62551242
759.0,0.086541496,196.7798,36.490841,0.62551242
760.0,0.086541496,196.7798,36.490841,0.62551242
761.0,0.086541496,196.7798,36.490841,0.62551242
762.0,0.086541496,196.7798,36.490841,0.62551242
763.0,0.086541496,196.7798,36.490841,0.62551242
764.0,0.086541496,196.7798,36.490841,0.62551242
765.0,0.086541496,196.7798,36.490841,0.62551242
766.0,0.086541496,196.7798,36.490841,0.62551242
767.0,0.086541496,196.7798,36.490841,0.62551242
768.0,0.086541496,196.7798,36.490841,0.62551242
769.0,0.086541496,196.7798,36.490841,0.62551242
770.0,0.086541496,196.7798,36.490841,0.62551242
771.0,0.086541496,196.7798,36.490841,0.62551242
772.0,0.086541496,196.7798,36.490841,0.62551242
773.0,0.086541496,196.7798,36.490841,0.62551242
774.0,0.086541496,196.7798,36.490841,0.62551242
775.0,0.086541496,196.7798,36.490841,0.62551242
776.0,0.086541496,196.7798,36.490841,0.62551242
777.0,0.086541496,196.7798,36.490841,0.62551242
778.0,0.086541496,196.7798,36.490841,0.62551242
779.0,0.086541496,196.7798,36.490841,0.62551242
780.0,0.086541496,196.7798,36.490841,0.62551242
781.0,0.086541496,196.7798,36.490841,0.62551242
782.0,0.086541496,196.7798,36.490841,0.62551242
783.0,0.086541496,196.7798,36.490841,0.62551242
784.0,0.086541496,196.7798,36.490841,0.62551242
785.0,0.086541496,196.7798,36.490841,0.62551242
786.0,0.086541496,196.7798,36.490841,0.62551242
787.0,0.086541496,196.7798,36.490841,0.62551242
788.0,0.086541496,196.7798,36.490841,0.62551242
789.0,0.086541496,196.7798,36.490841,0.62551242
790.0,0.086541496,196.7798,36.490841,0.62551242
791.0,0.086541496,196.7798,36.490841,0.62551242
792.0,0.086541496,196.7798,36.490841,0.62551242
793.0,0.086541496,196.7798,36.490841,0.62551242
794.0,0.086541496,196.7798,36.490841,0.62551242
795.0,0.086541496,196.7798,36.490841,0.62551242
796.0,0.086541496,196.7798,36.490841,0.62551242
797.0,0.086541496,196.7798,36.490841,0.62551242
798.0,0.086541496,196.7798,36.490841,0.62551242
799.0,0.086541496,196.7798,36.490841,0.62551242
800.0,0.086541496,196.7798,36.490841,0.62551242
801.0,0.086541496,196.7798,36.490841,0.62551242
802.0,0.086541496,196.7798,36.490841,0.62551242
803.0,0.086541496,196.7798,36.490841,0.62551242
804.0,0.086541496,196.7798,36.490841,0.62551242
805.0,0.086541496,196.7798,36.490841,0.62551242
806.0,0.086541496,196.7798,36.490841,0.62551242
807.0,0.086541496,196.7798,36.490841,0.62551242
808.0,0.086541496,196.7798,36.490841,0.62551242
809.0,0.086541496,196.7798,36.490841,0.62551242
810.0,0.086541496,196.7798,36.490841,0.62551242
811.0,0.086541496,196.7798,36.490841,0.62551242
812.0,0.086541496,196.7798,36.490841,0.62551242
813.0,0.086541496,196.7798,36.490841,0.62551242
814.0,0.086541496,196.7798,36.490841,0.62551242
815.0,0.086541496,196.7798,36.490841,0.62551242
816.0,0.086541496,196.7798,36.490841,0.62551242
817.0,0.086541496,196.7798,36.490841,0.62551242
818.0,0.086541496,196.7798,36.490841,0.62551242
819.0,0.086541496,196.7798,36.490841,0.62551242
820.0,0.086541496,196.7798,36.490841,0.62551242
821.0,0.086541496,196.7798,36.490841,0.62551242
822.0,0.086541496,196.7798,36.490841,0.62551242
823.0,0.086541496,196.7798,36.490841,0.62551242
824.0,0.086541496,196.7798,36.490841,0.62551242
825.0,0.086541496,196.7798,36.490841,0.62551242
826.0,0.086541496,196.7798,36.490841,0.62551242
827.0,0.086541496,196.7798,36.490841,0.62551242
828.0,0.086541496,196.7798,36.490841,0.62551242
829.0,0.086541496,196.7798,36.490841,0.62551242
830.0,0.086541496,196.7798,36.490841,0.62551242
831.0,0.086541496,196.7798,36.490841,0.62551242
832.0,0.086541496,196.7798,36.490841,0.62551242
833.0,0.086541496,196.7798,36.490841,0.62551242
834.0,0.086541496,196.7798,36.490841,0.62551242
835.0,0.086541496,196.7798,36.490841,0.62551242
836.0,0.086541496,196.7798,36.490841,0.62551242
837.0,0.086541496,196.7798,36.490841,0.62551242
838.0,0.086541496,196.7798,36.490841,0.62551242
839.0,0.086541496,196.7798,36.490841,0.62551242
840.0,0.086541496,196.7798,36.490841,0.62551242
841.0,0.086541496,196.7798,36.490841,0.62551242
842.0,0.086541496,196.7798,36.490841,0.62551242
843.0,0.086541496,196.7798,36.490841,0.62551242
844.0,0.086541496,196.7798,36.490841,0.62551242
845.0,0.086541496,196.7798,36.490841,0.62551242
846.0,0.086541496,196.7798,36.490841,0.62551242
847.0,0.086541496,196.7798,36.490841,0.62551242
848.0,0.086541496,196.7798,36.490841,0.62551242
849.0,0.086541496,196.7798,36.490841,0.62551242
850.0,0.086541496,196.7798,36.490841,0.62551242
851.0,0.086541496,196.7798,36.490841,0.62551242
852.0,0.086541496,196.7798,36.490841,0.62551242
853.0,0.086541496,196.7798,36.490841,0.62551242
854.0,0.086541496,196.7798,36.490841,0.62551242
855.0,0.086541496,196.7798,36.490841,0.62551242
856.0,0.086541496,196.7798,36.490841,0.62551242
857.0,0.086541496,196.7798,36.490841,0.62551242
858.0,0.086541496,196.7798,36.490841,0.62551242
859.0,0.086541496,196.7798,36.490841,0.62551242
860.0,0.086541496,196.7798,36.490841,0.62551242
861.0,0.086541496,196.7798,36.490841,0.62551242
862.0,0.086541496,196.7798,36.490841,0.62551242
863.0,0.086541496,196.7798,36.490841,0.62551242
864.0,0.086541496,196.7798,36.490841,0.62551242
865.0,0.086541496,196.7798,36.490841,0.62551242
866.0,0.086541496,196.7798,36.490841,0.62551242
867.0,0.086541496,196.7798,36.490841,0.62551242
868.0,0.086541496,196.7798,36.490841,0.62551242
869.0,0.086541496,196.7798,36.490841,0.62551242
870.0,0.086541496,196.7798,36.490841,0.62551242
871.0,0.086541496,196.7798,36.490841,0.62551242
872.0,0.086541496,196.7798,36.490841,0.62551242
873.0,0.086541496,196.7798,36.490841,0.62551242
874.0,0.086541496,196.7798,36.490841,0.62551242
875.0,0.086541496,196.7798,36.490841,0.62551242
876.0,0.086541496,196.7798,36.490841,0.62551242
877.0,0.086541496,196.7798,36.490841,0.62551242
878.0,0.086541496,196.7798,36.490841,0.62551242
879.0,0.086541496,196.7798,36.490841,0.62551242
880.0,0.086541496,196.7798,36.490841,0.62551242
881.0,0.086541496,196.7798,36.490841,0.62551242
882.0,0.086541496,196.7798,36.490841,0.62551242
883.0,0.086541496,196.7798,36.490841,0.62551242
884.0,0.086541496,196.7798,36.490841,0.62551242
885.0,0.086541496,196.7798,36.490841,0.62551242
886.0,0.086541496,196.7798,36.490841,0.62551242
887.0,0.086541496,196.7798,36.490841,0.62551242
888.0,0.086541496,196.7798,36.490841,0.62551242
889.0,0.086541496,196.7798,36.490841,0.62551242
890.0,0.086541496,196.7798,36.490841,0.62551242
891.0,0.086541496,196.7798,36.490841,0.62551242
892.0,0.086541496,196.7798,36.490841,0.62551242
893.0,0.086541496,196.7798,36.490841,0.62551242
894.0,0.086541496,196.7798,36.490841,0.62551242
895.0,0.086541496,196.7798,36.490841,0.62551242
896.0,0.086541496,196.7798,36.490841,0.62551242
897.0,0.086541496,196.7798,36.490841,0.62551242
898.0,0.086541496,196.7798,36.490841,0.62551242
899.0,0.086541496,196.7798,36.490841,0.62551242
900.0,0.086541496,196.7798,36.490841,0.62551242
901.0,0.086541496,196.7798,36.490841,0.62551242
902.0,0.086541496,196.7798,36.490841,0.62551242
903.0,0.086541496,196.7798,36.490841,0.62551242
904.0,0.086541496,196.7798,36.490841,0.62551242
905.0,0.086541496,196.7798,36.490841,0.62551242
906.0,0.086541496,196.7798,36.490841,0.62551242
907.0,0.086541496,196.7798,36.490841,0.62551242
908.0,0.086541496,196.7798,36.490841,0.62551242
909.0,0.086541496,196.7798,36.490841,0.62551242
910.0,0.086541496,196.7798,36.490841,0.62551242
911.0,0.086541496,196.7798,36.490841,0.62551242
912.0,0.086541496,196.7798,36.490841,0.62551242
913.0,0.086541496,196.7798,36.490841,0.62551242
914.0,0.086541496,196.7798,36.490841,0.62551242
915.0,0.086541496,196.7798,36.490841,0.62551242
916.0,0.086541496,196.7798,36.490841,0.62551242
917.0,0.086541496,196.7798,36.490841,0.62551242
918.0,0.086541496,196.7798,36.490841,0.62551242
919.0,0.086541496,196.7798,36.490841,0.62551242
920.0,0.086541496,196.7798,36.490841,0.62551242
921.0,0.086541496,196.7798,36.490841,0.62551242
922.0,0.086541496,196.7798,36.490841,0.62551242
923.0,0.086541496,196.7798,36.490841,0.62551242
924.0,0.086541496,196.7798,36.490841,0.62551242
925.0,0.086541496,196.7798,36.490841,0.62551242
926.0,0.086541496,196.7798,36.490841,0.62551242
927.0,0.086541496,196.7798,36.490841,0.62551242
928.0,0.086541496,196.7798,36.490841,0.62551242
929.0,0.086541496,196.7798,36.490841,0.62551242
930.0,0.086541496,196.7798,36.490841,0.62551242
931.0,0.086541496,196.7798,36.490841,0.62551242
932.0,0.086541496,196.7798,36.490841,0.62551242
933.0,0.086541496,196.7798,36.490841,0.62551242
934.0,0.086541496,196.7798,36.490841,0.62551242
935.0,0.086541496,196.7798,36.490841,0.62551242
936.0,0.086541496,196.7798,36.490841,0.62551242
937.0,0.086541496,196.7798,36.490841,0.62551242
938.0,0.086541496,196.7798,36.490841,0.62551242
939.0,0.086541496,196.7798,36.490841,0.62551242
940.0,0.086541496,196.7798,36.490841,0.62551242
941.0,0.086541496,196.7798,36.490841,0.62551242
942.0,0.086541496,196.7798,36.490841,0.62551242
943.0,0.086541496,196.7798,36.490841,0.62551242
944.0,0.086541496,196.7798,36.490841,0.62551242
945.0,0.086541496,196.7798,36.490841,0.62551242
946.0,0.086541496,196.7798,36.490841,0.62551242
947.0,0.086541496,196.7798,36.490841,0.62551242
948.0,0.086541496,196.7798,36.490841,0.62551242
949.0,0.086541496,196.7798,36.490841,0.62551242
950.0,0.086541496,196.7798,36.490841,0.62551242
951.0,0.086541496,196.7798,36.490841,0.62551242
952.0,0.086541496,196.7798,36.490841,0.62551242
953.0,0.086541496,196.7798,36.490841,0.62551242
954.0,0.086541496,196.7798,36.490841,0.62551242
955.0,0.086541496,196.7798,36.490841,0.62551242
956.0,0.086541496,196.7798,36.490841,0.62551242
957.0,0.086541496,196.7798,36.490841,0.62551242
958.0,0.086541496,196.7798,36.490841,0.62551242
959.0,0.086541496,196.7798,36.490841,0.62551242
960.0,0.086541496,196.7798,36.490841,0.62551242
961.0,0.086541496,196.7798,36.490841,0.62551242
962.0,0.086541496,196.7798,36.490841,0.62551242
963.0,0.086541496,196.7798,36.490841,0.62551242
964.0,0.086541496,196.7798,36.490841,0.62551242
965.0,0.086541496,196.7798,36.490841,0.62551242
966.0,0.086541496,196.7798,36.490841,0.62551242
967.0,0.086541496,196.7798,36.490841,0.62551242
968.0,0.086541496,196.7798,36.490841,0.62551242
969.0,0.086541496,196.7798,36.490841,0.62551242
970.0,0.086541496,196.7798,36.490841,0.62551242
971.0,0.086541496,196.7798,36.490841,0.62551242
972.0,0.086541496,196.7798,36.490841,0.62551242
973.0,0.086541496,196.7798,36.490841,0.62551242
974.0,0.086541496,196.7798,36.490841,0.62551242
975.0,0.086541496,196.7798,36.490841,0.62551242
976.0,0.086541496,196.7798,36.490841,0.62551242
977.0,0.086541496,196.7798,36.490841,0.62551242
978.0,0.086541496,196.7798,36.490841,0.62551242
979.0,0.086541496,196.7798,36.490841,0.62551242
980.0,0.086541496,196.7798,36.490841,0.62551242
981.0,0.086541496,196.7798,36.490841,0.62551242
982.0,0.086541496,196.7798,36.490841,0.62551242
983.0,0.086541496,196.7798,36.490841,0.62551242
984.0,0.086541496,196.7798,36.490841,0.62551242
985.0,0.086541496,196.7798,36.490841,0.62551242
986.0,0.086541496,196.7798,36.490841,0.62551242
987.0,0.086541496,196.7798,36.490841,0.62551242
988.0,0.086541496,196.7798,36.490841,0.62551242
989.0,0.086541496,196.7798,36.490841,0.62551242
990.0,0.086541496,196.7798,36.490841,0.62551242
991.0,0.086541496,196.7798,36.490841,0.62551242
992.0,0.086541496,196.7798,36.490841,0.62551242
993.0,0.086541496,196.7798,36.490841,0.62551242
994.0,0.086541496,196.7798,36.490841,0.62551242
995.0,0.086541496,196.7798,36.490841,0.62551242
996.0,0.086541496,196.7798,36.490841,0.62551242
997.0,0.086541496,196.7798,36.490841,0.62551242
998.0,0.086541496,196.7798,36.490841,0.62551242
999.0,0.086541496,196.7798,36.490841,0.62551242
1000.0,0.086541496,196.7798,36.490841,0.62551242
