[{"R_CYTDK2":0.0,"R_XPPT":0.0,"R_HXPRT":0.0,"R_NDPK5":0.0,"R_SHK3Dr":0.3342403014,"R_NDPK6":0.0,"R_NDPK8":0.0,"R_DHORTS":-0.2901062935,"R_OMPDC":0.2901062935,"R_PYNP2r":0.0,"R_G5SD":0.1938646192,"R_CS":6.9130031109,"R_ICDHyr":6.9130031109,"R_ALATA_L2":0.0,"R_DURIPP":0.0,"R_ACALD":0.0,"R_PTRCTA":0.0,"R_ACS":0.0,"R_CYSDS":0.0,"R_MAN6PI":0.0,"R_PPA":3.0708609971,"R_APRAUR":0.0003911408,"R_TRPAS2":-0.0498511527,"R_PPCK":0.0,"R_ME1":0.0,"R_DB4PS":0.0007822815,"R_ALAR":0.0365549979,"R_RBFK":0.0001955704,"R_ALATA_L":0.0,"R_XYLK":0.0,"R_RBK":0.0,"R_GLYK":0.0,"R_PPM":-0.0005902191,"R_ASPTA":-2.5676926153,"R_ACP1_FMN":0.0,"R_RBFSb":0.0003911408,"R_NDP3":0.0,"R_CDPPH":0.0,"R_NDP7":0.0,"R_FBP":0.0,"R_EX_pi_e":-0.845956775,"R_GLGC":0.0,"R_ALATA_D2":0.0,"R_PYK":0.0,"R_SHCHD2":0.0001955704,"R_EX_co2_e":24.003293273,"R_A5PISO":0.0341257156,"R_PMDPHT":0.0003911408,"R_CPPPGO":0.0001955704,"R_EX_met__L_e":0.0,"R_GTHOr":0.0,"R_ILETA":-0.2547931237,"R_DHORD5":0.0,"R_EX_metsox_S__L_e":0.0,"R_GLYCTO2":0.0,"R_VALTA":-0.8813874625,"R_GLYCTO3":0.0,"R_IPPMIb":-0.395114432,"R_GLYCTO4":0.0,"R_ORPT":-0.2901062935,"R_RBFSa":0.0007822815,"R_ACHBS":0.2547931237,"R_PFK_3":0.0,"R_DHAD2":0.2547931237,"R_ACLS":0.7668174234,"R_TRPS2":0.0,"R_PSCVT":0.3342403014,"R_G3PD5":0.0,"R_G1PP":0.0,"R_PFL":0.0,"R_EX_acgam_e":0.0,"R_ANS":0.0498511527,"R_FRD2":0.0,"R_FRD3":0.0,"R_ANPRT":0.0498511527,"R_POX":0.0,"R_CHORM":0.2836068672,"R_PTAr":-0.5105755003,"R_CHORS":0.3342403014,"R_IGPS":0.0498511527,"R_ACKr":0.5105755003,"R_EX_cellb_e":0.0,"R_EX_crn_e":0.0,"R_EX_hxan_e":0.0,"R_EX_ile__L_e":0.0,"R_EX_chol_e":0.0,"R_EX_fe3_e":8.058200328,"R_LEUTAi":0.395114432,"R_EX_lac__L_e":0.0,"R_EX_leu__L_e":0.0,"R_EX_glcn_e":0.0,"R_EX_no3_e":0.0,"R_EX_h_e":0.0,"R_DMATT":0.0002438052,"R_EX_orn_e":0.0,"R_GRTT":0.0002438052,"R_EX_gln__L_e":0.0,"R_UPP3S":0.0003911408,"R_EX_pro__L_e":0.0,"R_EX_glyc_e":0.0,"R_UPPDC1":0.0001955704,"R_EX_man_e":0.0,"R_TMDPP":0.0,"R_EX_ade_e":0.0,"R_EX_mn2_e":-0.0006060051,"R_EX_4abut_e":0.0,"R_EX_ac_e":0.0,"R_EX_akg_e":0.0,"R_EX_ala__L_e":0.0,"R_EX_arg__L_e":0.0,"R_EX_asp__L_e":0.0,"R_EX_pyr_e":0.0,"R_EX_succ_e":0.0,"R_EX_thymd_e":0.0,"R_EX_rib__D_e":0.0,"R_EX_tyr__L_e":0.0,"R_EX_cytd_e":0.0,"R_EX_dcyt_e":0.0,"R_MOAT":0.0170628578,"R_EX_fum_e":0.0,"R_EX_sbt__D_e":0.0,"R_EX_glu__L_e":0.0,"R_UDCPDPS":0.0000482348,"R_ECOAH6":0.2438543375,"R_USHD":0.0170628578,"R_EX_gua_e":0.0,"R_ENO":15.5988975322,"R_FBA":8.4517637703,"R_HCO3E":0.4609707838,"R_MGSA":0.0,"R_IMPC":-0.4757990527,"R_IMPD":0.2133102785,"R_PPS":0.0,"R_ECOAH4":0.3121057687,"R_LPADSS":0.0170628578,"R_GLUTRS":0.0031291261,"R_TDSK":0.0170628578,"R_PGI":7.6446337802,"R_TMPPP":0.0001955704,"R_EX_btn_e":0.0,"R_PGK":-17.1054336036,"R_EX_ptrc_e":0.0,"R_EDA":0.0,"R_EX_spmd_e":0.0,"R_EX_thym_e":0.0,"R_EX_xtsn_e":0.0,"R_NTPP1":0.0,"R_URIK1":0.0,"R_URIK2":0.0,"R_NTPP2":0.0,"R_PGL":2.3553662198,"R_NTPTP1":0.0,"R_NTPTP2":0.0,"R_CYTDK1":0.0,"R_RPE":0.8899957028,"R_DHQTi":0.3342403014,"R_IPMD":0.395114432,"R_AIRC3":-0.3927140906,"R_TALA":0.6119224317,"R_PUNP1":-0.0005902191,"R_PUNP2":0.0,"R_PUNP3":0.0,"R_ADSL2r":0.3927140906,"R_TKT1":0.6119224317,"R_EX_fe2_e":-8.0722857803,"R_PUNP5":0.0,"R_PUNP6":0.0,"R_PUNP7":0.0,"R_G6PDA":0.0,"R_RNDR1":0.0,"R_ALCD2x":0.0,"R_RNDR3":0.0,"R_RNDR4":0.0,"R_ALDD2y":0.0,"R_TMDS":0.0229475091,"R_RMI":0.0,"R_TMDK1":0.0,"R_LYSAM":0.0,"R_PPCDC":0.0005910961,"R_FTHFD":0.0,"R_EX_glc__D_e":-10.0,"R_DHAD1":0.7668174234,"R_IPPMIa":-0.395114432,"R_EX_alltn_e":0.0,"R_G3PD7":0.0,"R_EDD":0.0,"R_EX_ura_e":0.0,"R_NADH9":0.0,"R_EX_val__L_e":0.0,"R_NADH10":0.0,"R_ADK4":0.0,"R_INSK":0.0,"R_MDH":6.8845884011,"R_ABTA":0.0,"R_EX_xan_e":0.0,"R_FUM":6.8845884011,"R_FMNAT":0.0001955704,"R_PYDXNK":0.0,"R_PYAM5PO":0.0,"R_SSALx":0.0,"R_ASPT":0.0,"R_OHPBAT":-0.0003911408,"R_SERD_L":0.0,"R_EX_dgsn_e":0.0,"R_NADDP":0.0,"R_EX_arab__L_e":0.0,"R_EX_fru_e":0.0,"R_THRD":0.0,"R_HEX4":0.0,"R_EX_gal_e":0.0,"R_NMNAT":0.0,"R_EX_xyl__D_e":0.0,"R_KARA1":-0.7668174234,"R_HMPK1":0.0,"R_KARA2":0.2547931237,"R_EX_duri_e":0.0,"R_EX_for_e":0.0,"R_EX_gly_e":0.0,"R_EX_h2_e":0.0,"R_EX_lys__L_e":0.0,"R_ACCOAC":0.0682566932,"R_NADK":0.0003920178,"R_GLXCL":0.0,"R_ICHORS_copy2":0.0,"R_SUCBZS":0.0,"R_DHBD":0.0,"R_ICHORT":0.0,"R_EX_ser__L_e":0.0,"R_EX_thm_e":0.0,"R_EX_trp__L_e":0.0,"R_GLUTRR":0.0031291261,"R_GLCS1":0.0,"R_GLCP":0.0,"R_EX_din_e":0.0,"R_RBK_L1":0.0,"R_RBP4E":0.0,"R_TARTD":0.0,"R_NTD2":0.0,"R_GLCRAL":0.0,"R_NTD4":0.0,"R_NTD5":0.0,"R_EX_fmn_e":0.0,"R_EX_gthox_e":0.0,"R_KAS14":0.0,"R_HEMEOS":0.0,"R_ADMDC":0.0,"R_AGMT":0.0,"R_NTD6":0.0,"R_LGTHL":0.0,"R_PYDXPP":0.0,"R_PDXPP":0.0,"R_ARGDC":0.0,"R_HACD6":0.2438543375,"R_ECOAH1":0.3121057687,"R_ECOAH2":0.3121057687,"R_ARGSS":0.25940876,"R_AGPR":-0.25940876,"R_SPMS":0.0,"R_G1SAT":0.0031291261,"R_KDOCT2":0.0341257156,"R_ECOAH3":0.3121057687,"R_UGLT":0.0,"R_EDTXS1":0.0,"R_DXPS":0.0024862871,"R_OAADC":0.0,"R_MNNH":0.0,"R_CDPMEK":0.0020951463,"R_EDTXS2":0.0,"R_ALTRH":0.0,"R_MECDPS":0.0020951463,"R_GUI1":0.0,"R_EDTXS3":0.0,"R_PGAMT":-0.0828657128,"R_DDGLK":0.0,"R_EDTXS4":0.0,"R_XYLI2":0.0,"R_PMANM":0.0,"R_ICL":0.0,"R_UAGDP":0.0828657128,"R_UAGCVT":0.0243699986,"R_GLUR":-0.0243699986,"R_EX_tmao_e":0.0,"R_UAG2E":0.0,"R_EX_acald_e":0.0,"R_GLYCL":0.0475407035,"R_CMPN":0.0,"R_NNDPR":0.0019977997,"R_HCYSMT":0.0,"R_EX_melib_e":0.0,"R_MACPD":0.0,"R_DMQMT":0.0,"R_UDPG4E":0.0,"R_LACZ":0.0,"R_TRE6PH":0.0,"R_XYLI1":0.0,"R_PPC":2.5961073251,"R_ICHORS_copy1":0.0,"R_EX_sucr_e":0.0,"R_ALDD4":0.0,"R_HACD4":0.3121057687,"R_G3PT":0.0,"R_CINNDO":0.0,"R_DHPPD":0.0,"R_EX_tre_e":0.0,"R_EX_zn2_e":-0.0002990561,"R_HACD5":0.3121057687,"R_DHCIND":0.0,"R_HACD7":0.2438543375,"R_CITL":0.0,"R_GOFUCR":0.0,"R_PYDXK":0.0,"R_DNMPPA":0.0005867111,"R_HPPK2":0.0005867111,"R_PTPATi":0.0005910961,"R_HEX7":0.0,"R_DXPRIi":0.0020951463,"R_GTPCII2":0.0003911408,"R_URIC":0.0,"R_SADT2":0.2170410246,"R_OPHBDC":0.0001955704,"R_AACPS1":0.0,"R_OHPHM":0.0,"R_GHMT2r":0.9783188951,"R_DHORD2":0.0,"R_LCARS":0.0,"R_ALCD19":0.0,"R_RMPA":0.0,"R_SBTPD":0.0,"R_PFK_2":0.0,"R_GLTPD":0.0,"R_EX_hdcea_e":0.0,"R_ACACCT":0.0,"R_SDPDS":0.3253212397,"R_BUTCT":0.0,"R_TGBPA":0.0,"R_MANAO":0.0,"R_TAGURr":0.0,"R_DMSOR1":0.0,"R_PGLYCP":0.0,"R_2DGULRx":0.0,"R_DKGLCNR2y":0.0,"R_G1PTT":0.0,"R_TDPGDH":0.0,"R_ADCS":0.0005867111,"R_ADCL":0.0005867111,"R_2DGULRy":0.0,"R_DHAPT":0.0,"R_EX_lac__D_e":0.0,"R_UDPGALM":0.0,"R_TDPDRE":0.0,"R_TDPDRR":0.0,"R_UMPK":0.3315391499,"R_RZ5PP":0.0,"R_DDPGALA":0.0,"R_DURIK1":0.0,"R_G3PD6":0.0,"R_ALLTN":0.0,"R_UAPGR":0.0243699986,"R_UPPRT":0.0,"R_NTD9":0.0,"R_CTPS2":0.1407799778,"R_NTD1":0.0,"R_NTD7":0.0,"R_PAPPT3":0.0243699986,"R_UAGPT3":0.0243699986,"R_NDPK7":0.0,"R_AOBUTDs":0.0,"R_GLYAT":0.0,"R_ADNUC":0.0,"R_GMHEPPA":0.0,"R_S7PI":0.0,"R_TRPS3":0.0498511527,"R_EX_ttdcea_e":0.0,"R_F6PA":0.0,"R_AGMHE":0.0,"R_CRNBTCT":0.0,"R_CRNCBCT":0.0,"R_NTD10":0.0,"R_CRNCDH":0.0,"R_GMHEPAT":0.0,"R_EX_h2s_e":0.0,"R_ADPT":0.0,"R_EX_gthrd_e":0.0,"R_IDOND":0.0,"R_IDOND2":0.0,"R_FADRx":1.917019441,"R_GTPDPK":0.0,"R_NADN":0.0,"R_GLYCLTDx":0.0,"R_ADK1":0.7178257482,"R_NDPK2":0.3729720063,"R_NDPK3":0.1587391268,"R_HPYRRy":0.0,"R_NDPK4":0.0229475091,"R_ACODA":0.25940876,"R_ADA":0.0,"R_DADA":0.0,"R_ADD":0.0,"R_FCLT":0.0001955704,"R_HBZOPT":0.0001955704,"R_PNTK":0.0005910961,"R_ADSS":0.2624887743,"R_AGDC":0.0,"R_OCTDPS":0.0001955704,"R_ASNN":0.0,"R_DPCOAK":0.0005910961,"R_HETZK":0.0,"R_ASNS2":0.2114045635,"R_ASPCT":0.2901062935,"R_KDOPS":0.0341257156,"R_KDOPP":0.0341257156,"R_DMPPS":0.0,"R_EX_26dap__M_e":0.0,"R_MCOATA":0.0682549392,"R_IPDPS":0.0020951463,"R_AST":0.0,"R_SGDS":0.0,"R_CYNTAH":0.0,"R_DAPE":0.3253212397,"R_DHDPRy":0.3253212397,"R_EX_acnam_e":0.0,"R_HSK":0.477275916,"R_SDPTA":-0.3253212397,"R_GSPMDA":0.0,"R_GSPMDS":0.0,"R_GUAD":0.0,"R_THRS":0.477275916,"R_EX_amp_e":0.0,"R_HSST":0.1349795183,"R_PPNDH":0.1624768889,"R_TMAOR1":0.0,"R_TMAOR2":0.0,"R_DGK1":0.0,"R_DTMPK":0.0229475091,"R_NDPK1":0.0,"R_TRDR":0.2170410246,"R_DDPA":0.3342403014,"R_NMNDA":0.0,"R_NNAM":0.0,"R_P5CD":0.0,"R_PGMT":0.0,"R_FRUK":0.0,"R_SPMDAT1":0.0,"R_RHCCE":0.0003928948,"R_EX_dha_e":0.0,"R_KG6PDC":0.0,"R_SPMDAT2":0.0,"R_TDPADGAT":0.0,"R_MALS":0.0,"R_X5PL3E":0.0,"R_DOGULNR":0.0,"R_TRE6PP":0.0,"R_EX_fuc__L_e":0.0,"R_EX_met__D_e":0.0,"R_EX_tartr__L_e":0.0,"R_BETALDHx":0.0,"R_BETALDHy":0.0,"R_MLTG3":0.0,"R_EX_taur_e":0.0,"R_EX_maltpt_e":0.0,"R_EX_glyald_e":0.0,"R_EX_glcur_e":0.0,"R_ADPRDP":0.0,"R_DKGLCNR1":0.0,"R_NADTRHD":0.0,"R_AACPS2":0.0,"R_FMNRx2":0.0,"R_ACPS1":0.0,"R_EX_nmn_e":0.0,"R_EX_urea_e":0.0,"R_ARAI":0.0,"R_M1PD":0.0,"R_G3PD2":-0.1219271687,"R_GALS3":0.0,"R_FCI":0.0,"R_FCLK":0.0,"R_FCLPA":0.0,"R_GMPS2":0.0,"R_AMPN":0.0,"R_GSNK":0.0,"R_ACCOAL":0.0,"R_GALUi":0.0,"R_AACPS3":0.1119294005,"R_U23GAAT":0.0341257156,"R_EX_f6p_e":0.0,"R_UAAGDS":0.0243699986,"R_AACPS4":0.131924937,"R_UAMAS":0.0243699986,"R_UAMAGS":0.0243699986,"R_UGLYCH":0.0,"R_NTPP3":0.0,"R_NTPP6":0.0,"R_NTPP7":0.0,"R_OP4ENH":0.0,"R_EX_rmn_e":0.0,"R_HOPNTAL":0.0,"R_NTPP8":0.0,"R_P5CR":0.1938646192,"R_CYANST":0.0,"R_EX_ttdca_e":0.0,"R_DHPPDA2":0.0003911408,"R_3HPPPNH":0.0,"R_G5SADs":0.1938646192,"R_GMAND":0.0,"R_PPCSCT":0.0,"R_CYTD":0.0,"R_AKGDH":5.9700627219,"R_HPYRRx":0.0,"R_GLYCDx":0.0,"R_ASP1DC":0.0005910961,"R_UGMDDS":0.0243699986,"R_DCYTD":0.0,"R_DBTS":0.000001754,"R_DCTPD":0.0,"R_UHGADA":0.0341257156,"R_AMANK":0.0,"R_UAGAAT":0.0341257156,"R_ATPPRT":0.0830849621,"R_HISTD":0.0830849621,"R_DHDPS":0.3253212397,"R_G1PACT":0.0828657128,"R_GART":0.0,"R_CSND":0.0,"R_GF6PTA":0.0828657128,"R_IGPDH":0.0830849621,"R_EX_glyclt_e":0.0,"R_PRPPS":0.817949869,"R_H2SO":0.0,"R_GLUCYS":0.0,"R_PRATPP":0.0830849621,"R_GLUN":0.0,"R_PRMICI":0.0830849621,"R_GLUPRT":0.392909661,"R_EX_g6p_e":0.0,"R_GMPR":0.0,"R_SERAT":0.2170410246,"R_CYSS":0.2170410246,"R_NADS1":0.0019977997,"R_BPNT":0.2170410246,"R_EX_2ddglcn_e":0.0,"R_PAPSR":0.2170410246,"R_ASPK":0.937576674,"R_ASAD":-0.937576674,"R_DAPDC":0.3009512411,"R_EX_mmet_e":0.0,"R_NTRIR2x":0.0,"R_OCBT":0.25940876,"R_GARFT":0.392909661,"R_GPDDA1":0.0,"R_GPDDA2":0.0,"R_PHETA1":-0.1624768889,"R_PPND":0.1211299783,"R_METAT":0.0007875435,"R_ASCBPL":0.0,"R_ACBIPGT":0.0,"R_TRPS1":0.0,"R_PRAMPC":0.0830849621,"R_ADOCBLS":0.0,"R_EX_galct__D_e":0.0,"R_ADOCBIK":0.0,"R_TMPK":0.0001955704,"R_HPPPNDO":0.0,"R_MCITL2":0.0,"R_DXYLK":0.0,"R_MDH3":0.0,"R_SOTA":0.0,"R_DHCINDO":0.0,"R_SGSAD":0.0,"R_HKNDDH":0.0,"R_EX_idon__L_e":0.0,"R_HKNTDH":0.0,"R_GLYCK2":0.0,"R_PTA2":0.0,"R_MDH2":0.0,"R_EX_indole_e":0.0,"R_ACOTA":-0.25940876,"R_GPDDA5":0.0,"R_PDX5PS":0.0001955704,"R_PPBNGS":0.001564563,"R_ENTCS":0.0,"R_SULR":0.2170410246,"R_MANPGH":0.0,"R_URDGLYCD":0.0,"R_CBMKr":0.5495150536,"R_PPNCL2":0.0005910961,"R_PRAGSr":0.392909661,"R_PRFGS":0.392909661,"R_AMANAPEr":0.0,"R_EX_3hcinnm_e":0.0,"R_ACM6PH":0.0,"R_NNATr":0.0019977997,"R_CYTDH":0.0,"R_EX_acac_e":0.0,"R_ETHAAL":0.0,"R_MAN1PT2":0.0,"R_PSERT":1.5065360713,"R_AP4AH":0.0,"R_EX_acmana_e":0.0,"R_AP5AH":0.0,"R_ADNCYC":0.0,"R_AIRC2":0.3927140906,"R_GAPD":17.1054336036,"R_MI1PP":0.0,"R_EX_galur_e":0.0,"R_MCITS":0.0,"R_PPAKr":0.0,"R_HEX1":0.0,"R_GND":2.3553662198,"R_TAUDO":0.0,"R_DM_amob_c":0.000001754,"R_NTP3":0.0,"R_PPM2":0.0,"R_MOAT2":0.0170628578,"R_EX_adn_e":0.0,"R_EX_ins_e":0.0,"R_G6PDH2r":2.3553662198,"R_ME2":0.0,"R_ARGSL":0.25940876,"R_CBPS":0.0,"R_GLU5K":0.1938646192,"R_IPPS":0.395114432,"R_EX_mg2_e":-0.0076079508,"R_ACOATA":0.0,"R_NADH5":0.0,"R_MOHMT":0.0005910961,"R_EX_glyc3p_e":0.0,"R_MLTG2":0.0,"R_EX_but_e":0.0,"R_MLTG1":0.0,"R_AMALT3":0.0,"R_MLTP3":0.0,"R_EX_lcts_e":0.0,"R_EX_ocdca_e":0.0,"R_EX_cbl1_e":0.0,"R_SPODM":0.0014259975,"R_AHCYSNS":0.0003928948,"R_ACNML":0.0,"R_TMK":0.0,"R_NTPP4":0.0,"R_GMPS":0.2133102785,"R_CAT":0.0,"R_FTHFLi":0.0021512742,"R_EX_nac_e":0.0,"R_UDPGD":0.0,"R_SERASr":0.0,"R_GLCRD":0.0,"R_PPPNDO":0.0,"R_26DAHtex":0.0,"R_HCINNMtex":0.0,"R_HPPPNtex":0.0,"R_ACtex":0.0,"R_ACALDtex":0.0,"R_CHRPL":0.0001955704,"R_TDPAGTA":0.0,"R_UACMAMO":0.0,"R_FBA3":0.0,"R_PMPK":0.0001955704,"R_LCADi":0.0,"R_ACMANAtex":0.0,"R_ACMUMtex":0.0,"R_ACACT7r":0.2438543375,"R_PSP_L":1.5065360713,"R_ADK3":1.5829738128,"R_GLUDC":0.0,"R_ACACT2r":0.3121057687,"R_BSORy":0.0,"R_DMSOR2":0.0,"R_ADSK":0.2170410246,"R_ACACT3r":0.3121057687,"R_ACACT4r":0.3121057687,"R_SUCCt2_2pp":0.0,"R_SUCFUMtpp":0.0,"R_HSDy":-0.6122554343,"R_CYSTL":0.1349795183,"R_ACMAMUT":0.0,"R_SHSL1":0.1349795183,"R_SSALy":0.0,"R_SUCptspp":0.0,"R_SULabcpp":0.0,"R_TSULabcpp":0.0,"R_TARTRt7pp":0.0,"R_EX_dad_2_e":0.0,"R_EX_ser__D_e":0.0,"R_DDGALK":0.0,"R_EX_gam6p_e":0.0,"R_EX_15dap_e":0.0,"R_AB6PGH":0.0,"R_EX_ocdcea_e":0.0,"R_EX_cynt_e":0.0,"R_EX_galctn__D_e":0.0,"R_AMALT1":0.0,"R_EX_glyb_e":0.0,"R_AHGDx":0.0,"R_MLTP2":0.0,"R_TAURabcpp":0.0,"R_THMDt2pp_copy1":0.0,"R_3HCINNMH":0.0,"R_BSORx":0.0,"R_PACCOAL":0.0,"R_NMNt7pp":0.0,"R_EX_ca2_e":-0.0045647705,"R_EX_so3_e":0.0,"R_GLUtex":0.0,"R_Kt2pp":0.1711837173,"R_GLYtex":0.0,"R_GP4GH":0.0,"R_GLYALDtex":0.0,"R_AKGt2rpp":0.0,"R_ACGAMT":0.0,"R_XYLt2pp":0.0,"R_EX_ascb__L_e":0.0,"R_GLYBtex":0.0,"R_GLYCtex":0.0,"R_GLYC3Ptex":0.0,"R_GLYCLTtex":0.0,"R_GTPtex":0.0,"R_GUAtex":0.0,"R_Htex":0.0,"R_EX_ala_B_e":0.0,"R_EX_agm_e":0.0,"R_EX_minohp_e":0.0,"R_EX_ppt_e":0.0,"R_EX_hxa_e":0.0,"R_H2tex":0.0,"R_H2Otex":-51.1914649727,"R_AADDGT":0.0,"R_FACOAL160t2pp":0.0,"R_FACOAL180t2pp":0.0,"R_SPODMpp":0.0,"R_EX_lyx__L_e":0.0,"R_EX_acmum_e":0.0,"R_EX_dca_e":0.0,"R_EX_all__D_e":0.0,"R_NO3R1bpp":0.0,"R_O2tpp":22.1317632389,"R_EX_octa_e":0.0,"R_PHYTSpp":0.0,"R_EX_gbbtn_e":0.0,"R_PPTHpp":0.0,"R_PYRt2rpp":0.0,"R_NO3R2pp":0.0,"R_EX_xylu__L_e":0.0,"R_EX_gdp_e":0.0,"R_EX_gtp_e":0.0,"R_NTP3pp":0.0,"R_NO3R2bpp":0.0,"R_THMabcpp":0.0,"R_THMDt2pp_copy2":0.0,"R_THRabcpp":0.0,"R_TREptspp":0.0,"R_THD2pp":0.0,"R_TMAOR1pp":0.0,"R_TMAOR2pp":0.0,"R_XANtpp":0.0,"R_DAPtex":0.0,"R_TRPt2rpp":0.0,"R_TYRt2rpp":0.0,"R_EX_tma_e":0.0,"R_URIt2pp_copy1":0.0,"R_URIt2pp_copy2":0.0,"R_VALabcpp":0.0,"R_12PPDStex":0.0,"R_DDGLCNtex":0.0,"R_XTSNt2rpp":0.0,"R_XYLabcpp":0.0,"R_GMHEPK":0.0,"R_XYLUt2pp":0.0,"R_THRt4pp":0.0,"R_GALURtex":0.0,"R_GTPCI":0.0005867111,"R_FDMO":0.0,"R_FEOXAMabcpp":0.0,"R_EX_fruur_e":0.0,"R_GALtex":0.0,"R_CBL1abcpp":0.0,"R_EX_malttr_e":0.0,"R_ACACt2pp":0.0,"R_ACGAptspp":0.0,"R_ACMANAptspp":0.0,"R_ACNAMt2pp":0.0,"R_GALCTtex":0.0,"R_GALCTNtex":0.0,"R_GALTtex":0.0,"R_EX_cbi_e":0.0,"R_CHOLD":0.0,"R_TRE6PS":0.0,"R_DRPA":0.0,"R_TKT2":0.2780732711,"R_EX_arbtn_fe3_e":0.0,"R_UDCPDP":0.0243699986,"R_EX_cpgn_e":0.0,"R_EX_ch4_e":0.0,"R_FEENTERabcpp":0.0,"R_EX_adocbl_e":0.0,"R_FECRMabcpp":0.0,"R_TREH":0.0,"R_GAMtex":0.0,"R_GBBTNtex":0.0,"R_ATPS4rpp":70.4324936623,"R_INDOLEtex":0.0,"R_ARBt2rpp":0.0,"R_CYTK1":0.1587391268,"R_DAPabcpp":0.0,"R_L_LACtex":0.0,"R_ACt4pp":0.0,"R_ADEt2rpp":0.0,"R_CO2tpp":-24.003293273,"R_DHAtpp":0.0,"R_DMSOR1pp":0.0,"R_ARGabcpp":0.0,"R_ADNt2pp_copy1":0.0,"R_ADNt2pp_copy2":0.0,"R_ALAabcpp":0.0,"R_ALLabcpp":0.0,"R_ALLTNt2rpp":0.0,"R_ARBabcpp":0.0,"R_ARGAGMt7pp":0.0,"R_ASCBptspp":0.0,"R_CYTK2":0.0,"R_ASNt2rpp":0.0,"R_ASPabcpp":0.0,"R_ASPt2pp":0.0,"R_ECOAH8":0.0,"R_GLCDpp":0.0,"R_GUAtpp":0.0,"R_ASPt2_2pp":0.0,"R_HYD2pp":0.0,"R_GK1":0.2133102785,"R_HYXNtpp":0.0,"R_NACtpp":0.0,"R_ASPt2_3pp":0.0,"R_HIStex":0.0,"R_FE3DCITabcpp":0.0,"R_HXAtex":0.0,"R_HACD1":0.3121057687,"R_HYXNtex":0.0,"R_IDONtex":0.0,"R_ILEtex":0.0,"R_INSTtex":0.0,"R_INStex":0.0,"R_Ktex":0.1711837173,"R_CPGNtonex":0.0,"R_GLCRtex":0.0,"R_GLCNtex":0.0,"R_GLCURtex":0.0,"R_GLNtex":0.0,"R_O2tex":24.146313321,"R_EX_ppa_e":0.0,"R_HACD2":0.3121057687,"R_OCTAtex":0.0,"R_D_LACtex":0.0,"R_NTD8pp":0.0,"R_ORNtex":0.0,"R_FRULYStex":0.0,"R_MALTtexi":0.0,"R_ECOAH5":0.3121057687,"R_DHFS":0.0005867111,"R_CITt7pp":0.0,"R_CRNt7pp":0.0,"R_EX_ni2_e":-0.0002832701,"R_GLCtex_copy1":10.0,"R_EX_no_e":0.0,"R_CHLabcpp":0.0,"R_DGSNt2pp":0.0,"R_FE3DCITtonex":0.0,"R_DINSt2pp":0.0,"R_DURIt2pp":0.0,"R_FE2abcpp":0.0,"R_FRUptspp":0.0,"R_FUCtpp":0.0,"R_EX_fad_e":0.0,"R_GALCTt2rpp":0.0,"R_GALt2pp":0.0,"R_ASPtex":0.0,"R_ABUTt2pp":0.0,"R_FUMt2_2pp":0.0,"R_FUMt2_3pp":0.0,"R_PHEtex":0.0,"R_FEENTERtonex":0.0,"R_CSNt2pp":0.0,"R_CYNTt2pp":0.0,"R_CYSabcpp":0.0,"R_SBTptspp":0.0,"R_PItex":0.845956775,"R_TREHpp":0.0,"R_CYTBDpp":0.0,"R_CYTDt2pp_copy1":0.0,"R_CYTDt2pp_copy2":0.0,"R_DADNt2pp":0.0,"R_DCYTt2pp":0.0,"R_CYTBD2pp":0.0,"R_ACGAMK":0.0,"R_ACALDtpp":0.0,"R_ACt2rpp":0.0,"R_DDGLCNt2rpp":0.0,"R_RMNtex":0.0,"R_EX_meoh_e":0.000001754,"R_EX_fe3dcit_e":0.0,"R_EX_fe3hox_e":0.0,"R_EX_fecrm_e":0.0,"R_EX_feenter_e":0.0,"R_EX_feoxam_e":0.0,"R_MALTTRtexi":0.0,"R_MALTTTRtexi":0.0,"R_MALTPTtexi":0.0,"R_METS":0.135372413,"R_ASPO3":0.0,"R_ASPO5":0.0,"R_ASPO4":0.0,"R_EX_3amp_e":0.0,"R_EX_3gmp_e":0.0,"R_EX_3ump_e":0.0,"R_ASPO6":0.0019977997,"R_EX_cu2_e":-0.000621791,"R_LCTStex":0.0,"R_LEUtex":0.0,"R_LYStex":0.0,"R_EX_glyc__R_e":0.0,"R_EX_eca4colipa_e":0.0,"R_GLYOX3":0.0,"R_FDMO3":0.0,"R_LYXtex":0.0,"R_MANtex":0.0,"R_MAN6Ptex":0.0,"R_FDMO4":0.0,"R_CYSabc2pp":0.0,"R_BUTSO3abcpp":0.0,"R_ETHSO3abcpp":0.0,"R_MELIBtex":0.0,"R_DMSOtex":0.0,"R_DURItex":0.0,"R_EX_mal__D_e":0.0,"R_FRUtex":0.0,"R_FUCtex":0.0,"R_EX_sel_e":0.0,"R_EX_hg2_e":0.0,"R_O16GLCT1":0.0,"R_O16AP2pp":0.0,"R_O16AP3pp":0.0,"R_FUMtex":0.0,"R_ACACT5r":0.3121057687,"R_O16A4Lpp":0.0,"R_PRASCSi":0.3927140906,"R_MALTATr":0.0,"R_DHBSH":0.0,"R_MALDDH":0.0,"R_FE2tex":8.0722857803,"R_NMNtex":0.0,"R_ENTERES":0.0,"R_NO2tex":0.0,"R_TRSARr":0.0,"R_DHPS2":0.0005867111,"R_FEOXAMUtex":0.0,"R_ARBTNtpp":0.0,"R_MTHFC":0.86675301,"R_ARBTNtex":0.0,"R_MTHFD":0.86675301,"R_LYXI":0.0,"R_BUTt2rpp":0.0,"R_CADVtpp":0.0,"R_QULNS":0.0019977997,"R_23CAMPtex":0.0,"R_23CCMPtex":0.0,"R_23CUMPtex":0.0,"R_23CGMPtex":0.0,"R_3AMPtex":0.0,"R_3CMPtex":0.0,"R_LADGMDH":0.0,"R_ALKP":0.0,"R_GDPtex":0.0,"R_EX_cobalt2_e":-0.0000219249,"R_ALAGLUE":0.0,"R_FEENTERtpp":0.0,"R_TMAtex":0.0,"R_EX_pheme_e":0.0,"R_TMAOtex":0.0,"R_TREtex":0.0,"R_L_LACD3":0.0,"R_FEENTERtex":0.0,"R_FE3HOXUtpp":0.0,"R_FEOXAMUtpp":0.0,"R_FECRMUtpp":0.0,"R_FE3HOXR2":0.0,"R_L_LACD2":0.0,"R_ACACT6r":0.2438543375,"R_TRPtex":0.0,"R_PTRCt2pp":0.0,"R_GGGABAH":0.0,"R_PNTOtex":0.0,"R_FRULYSK":0.0,"R_FDMO6":0.0,"R_TSULtex":0.0,"R_TYRtex":0.0,"R_URAtex":0.0,"R_UREAtex":0.0,"R_URItex":0.0,"R_SULFACabcpp":0.0,"R_ETHSO3tex":0.0,"R_BUTSO3tex":0.0,"R_LIPOtex":0.0,"R_CYANSTpp":0.0,"R_VALtex":0.0,"R_XANtex":0.0,"R_MCPST":0.0,"R_XYLtex":0.0,"R_PPPNtex":0.0,"R_ABUTtex":0.0,"R_FORtppi":0.0,"R_PHEMEabcpp":0.0,"R_METSOX1abcpp":0.0,"R_PPTtex":0.0,"R_GALBDtex":0.0,"R_LIPAHT2ex":0.0,"R_DATPHs":0.0,"R_GLCTR1":0.0,"R_LIPAabcpp":0.0,"R_LIPAHTex":0.0,"R_LIPACabcpp":0.0,"R_ECAP1pp":0.0,"R_PTRCtex":0.0,"R_UDCPDPpp":0.0,"R_GGGABADr":0.0,"R_EX_mso3_e":0.0,"R_EX_23camp_e":0.0,"R_EX_23cgmp_e":0.0,"R_EX_23cump_e":0.0,"R_ECAP2pp":0.0,"R_ECA4OALpp":0.0,"R_FE3Ri":0.0,"R_FE3HOXR3":0.0,"R_FEENTERR1":0.0,"R_NODOy":0.0,"R_PYRtex":0.0,"R_GALM2pp":0.0,"R_CU1abcpp":0.0,"R_HG2abcpp":0.0,"R_FEENTERR3":0.0,"R_SULFACtex":0.0,"R_EX_sulfac_e":0.0,"R_EX_butso3_e":0.0,"R_GLCTR3":0.0,"R_HEPT4":0.0,"R_EX_ethso3_e":0.0,"R_DSERtex":0.0,"R_LA4NTpp":0.0,"R_NODOx":0.0,"R_SERtex":0.0,"R_NOtex":0.0,"R_NOtpp":0.0,"R_NHFRBO":0.0,"R_N2Otpp":0.0,"R_N2Otex":0.0,"R_CRNt8pp":0.0,"R_CRNt2rpp":0.0,"R_CRNDt2rpp":0.0,"R_CTBTt2rpp":0.0,"R_42A12BOOXpp":0.0,"R_TYROXDApp":0.0,"R_PACALDt2rpp":0.0,"R_PEAMNtex":0.0,"R_PACALDtex":0.0,"R_LIPOt2pp":0.0,"R_AGM4PA":0.0,"R_RNDR3b":0.0,"R_RNDR4b":0.0,"R_ACGAL1Ptex":0.0,"R_ACGALtex":0.0,"R_GLCUR1Ptex":0.0,"R_UDPGLCURtex":0.0,"R_UDPGALPpp":0.0,"R_UACGAMPpp":0.0,"R_UACGALPpp":0.0,"R_UGLCURPpp":0.0,"R_FEROpp":2.014550082,"R_ISETACabcpp":0.0,"R_ISETACtex":0.0,"R_GUR1PPpp":0.0,"R_UDPGtex":0.0,"R_ACGAL1PPpp":0.0,"R_UDPGALtex":0.0,"R_ACGAM1Ptex":0.0,"R_UACGAMtex":0.0,"R_UDPACGALtex":0.0,"R_AM4PCP":0.0,"R_AM3PA":0.0,"R_UM4PCP":0.0,"R_CBLAT":0.0,"R_NTRIR4pp":0.0,"R_NTRIR3pp":0.0,"R_INOSTt4pp":0.0,"R_PHEMEtiex":0.0,"R_AGM3PA":0.0,"R_CYANtex":0.0,"R_SO3tex":0.0,"R_TCYNTtex":0.0,"R_ACANTHAT":0.0,"R_METSOX2abcpp":0.0,"R_METSOX1tex":0.0,"R_METSOX2tex":0.0,"R_3UMPtex":0.0,"R_MSO3abcpp":0.0,"R_MSO3tex":0.0,"R_FECRMR1":0.0,"R_FECRMR2":0.0,"R_TDP":0.0,"R_3PEPTabcpp":0.0,"R_4PEPTabcpp":0.0,"R_3GMPtex":0.0,"R_FALDtpp":0.0,"R_EX_tym_e":0.0,"R_AGM3Pt2pp":0.0,"R_SO4tex":0.2208454385,"R_AGM4Pt2pp":0.0,"R_AGMt2pp":0.0,"R_FECRMexs":0.0,"R_ARBTNR1":0.0,"R_ARBTNR2":0.0,"R_METSOXR1":0.0,"R_METSOXR2":0.0,"R_DAPAL":0.0,"R_AMPTASECG":0.0,"R_EX_imp_e":0.0,"R_DOPAtex":0.0,"R_4HOXPACDtex":0.0,"R_ARBTNR3":0.0,"R_ARBTNexs":0.0,"R_FEOXAMexs":0.0,"R_LACZpp":0.0,"R_SPMDtex":0.0,"R_GPDDA1pp":0.0,"R_GPDDA5pp":0.0,"R_ETHAtex":0.0,"R_G3PStex":0.0,"R_FEOXAMR1":0.0,"R_FEOXAMR2":0.0,"R_FEOXAMR3":0.0,"R_PTHRpp":0.0,"R_FEENTERR2":0.0,"R_FLVR":0.0,"R_SUCCtex":0.0,"R_FE3HOXR1":0.0,"R_FEENTERexs":0.0,"R_SUCRtex":0.0,"R_FE3HOXexs":0.0,"R_FECRMR3":0.0,"R_FDMO2":0.0,"R_LALGP":0.0,"R_AGM4PApp":0.0,"R_ARABDI":0.0,"R_AGt3":0.0,"R_CD2t3pp":0.0,"R_ZNabcpp":0.0,"R_SKMt2pp":0.0,"R_FE2t2pp":0.0,"R_GLYC2Ptex":0.0,"R_PSERtex":0.0,"R_TARTRtex":0.0,"R_R5Ptex":0.0,"R_THRPtex":0.0,"R_TYRPtex":0.0,"R_R5PPpp":0.0,"R_PSP_Lpp":0.0,"R_TYRPpp":0.0,"R_R1PK":0.0,"R_PAPSR2":0.0,"R_GRXR":0.0,"R_RNDR1b":0.0,"R_R15BPK":0.0,"R_Kabcpp":0.0,"R_RNDR2b":0.0,"R_TAURtex":0.0,"R_FACOAE181":0.0,"R_FACOAE160":0.1119294005,"R_FACOAE140":0.0,"R_LEUabcpp":0.0,"R_L_LACt2rpp":0.0,"R_MALt2_2pp":0.0,"R_CPGNR1":0.0,"R_CPGNR2":0.0,"R_THRtex":0.0,"R_CPGNR3":0.0,"R_CPGNUtpp":0.0,"R_CPGNUtex":0.0,"R_MALt2_3pp":0.0,"R_MALTabcpp":0.0,"R_MALTHXabcpp":0.0,"R_MALTPTabcpp":0.0,"R_AAMYL":0.0,"R_AAMYLpp":0.0,"R_MALTTRabcpp":0.0,"R_THMDtex":0.0,"R_MALTTTRabcpp":0.0,"R_MAN6Pt6_2pp":0.0,"R_FACOAL80t2pp":0.0,"R_PPGPPDP":0.0,"R_CPGNabcpp":0.0,"R_CPGNexs":0.0,"R_MANGLYCptspp":0.0,"R_MELIBt2pp":0.0,"R_CBIuabcpp":0.0,"R_METabcpp":0.0,"R_CITtex":0.0,"R_ACGAtex":0.0,"R_DDCAtexi":0.0,"R_TTDCAtexi":0.0,"R_HDCAtexi":0.0,"R_GUACYC":0.0,"R_EX_fe3hox_un_e":0.0,"R_GGPTRCS":0.0,"R_EX_23dappa_e":0.0,"R_RMNtpp":0.0,"R_23PDE2pp":0.0,"R_23PDE4pp":0.0,"R_23PDE9pp":0.0,"R_SERt4pp":0.0,"R_METDtex":0.0,"R_SUCCt2_3pp":0.0,"R_MNLptspp":0.0,"R_NAt3_1p5pp":0.0,"R_ATPHs":0.0,"R_SARCOX":0.0,"R_GTPHs":0.0,"R_MN6PP":0.0,"R_NAt3_2pp":0.0,"R_NH4tpp":9.471495371,"R_3KGK":0.0,"R_METtex":0.0,"R_EX_cd2_e":0.0,"R_F6PP":0.0,"R_NMNPtpp":0.0,"R_NO2t2rpp":0.0,"R_NO3t7pp":0.0,"R_ORNabcpp":0.0,"R_PIuabcpp":0.0,"R_PNTOt4pp":0.0,"R_FRULYSDG":0.0,"R_METDabcpp":0.0,"R_GDPMNH":0.0,"R_FACOAL60t2pp":0.0,"R_IDONt2rpp":0.0,"R_ILEabcpp":0.0,"R_INDOLEt2pp":0.0,"R_INSt2pp":0.0,"R_PROabcpp":0.0,"R_PROt2rpp":0.0,"R_MNLtex":0.0,"R_PROt4pp":0.0,"R_PTRCabcpp":0.0,"R_LYXt2pp":0.0,"R_GDPDPK":0.0,"R_OCDCAtexi":0.0,"R_OCDCEAtexi":0.0,"R_ASNNpp":0.0,"R_GLUNpp":0.0,"R_G6Ptex":0.0,"R_NTD12":0.0,"R_TUNGSabcpp":0.0,"R_NAtex":0.0,"R_MOBDabcpp":0.000006139,"R_MOBDtex":0.000006139,"R_NI2uabcpp":0.0,"R_FECRMtonex":0.0,"R_ARBTNtonex":0.0,"R_ADOCBLabcpp":0.0,"R_EX_enter_e":0.0,"R_EX_fecrm_un_e":0.0,"R_EX_cgly_e":0.0,"R_NI2tex":0.0002832701,"R_NTD10pp":0.0,"R_NTD1pp":0.0,"R_EX_chtbs_e":0.0,"R_EX_gmp_e":0.0,"R_NTD2pp":0.0,"R_NACtex":0.0,"R_NTD3pp":0.0,"R_NTD4pp":0.0,"R_NTD5pp":0.0,"R_EX_h2o2_e":0.0,"R_EX_ump_e":0.0,"R_EX_pydam_e":0.0,"R_CRNabcpp":0.0,"R_CRNDabcpp":0.0,"R_DNTPPA":0.0005867111,"R_NTD6pp":0.0,"R_NTD7pp":0.0,"R_CTBTabcpp":0.0,"R_NTD9pp":0.0,"R_NH4tex":9.471495371,"R_PEAMNOpp":0.0,"R_GAL1PPpp":0.0,"R_NTPP9":0.0,"R_NTPP10":0.0,"R_NTPP11":0.0,"R_H2O2tex":0.0,"R_ARGDCpp":0.0,"R_URIH":0.0,"R_ALLPI":0.0,"R_ALLK":0.0,"R_ALLULPE":0.0,"R_ADEtex":0.0,"R_ADNtex":0.0,"R_NADPHQR2":0.0,"R_NADPHQR3":0.0,"R_NADPHQR4":0.0,"R_GLBRAN2":0.0,"R_ASR":0.0,"R_ASO3tex":0.0,"R_AGMtex":0.0,"R_ALAtex":0.0,"R_BALAtex":0.0,"R_DALAtex":0.0,"R_MANGLYCtex":0.0,"R_EX_frulys_e":0.0,"R_AMPtex":0.0,"R_METOX1s":0.0,"R_XTSNH":0.0,"R_METOX2s":0.0,"R_FRUURt2rpp":0.0,"R_FRUURtex":0.0,"R_ARBtex":0.0,"R_ARGtex":0.0,"R_INSH":0.0,"R_ASCBtex":0.0,"R_FACOAL100t2pp":0.0,"R_RIBabcpp":0.0,"R_ECAtpp":0.0,"R_O16AT":0.0,"R_O16GALFT":0.0,"R_O16GLCT2":0.0,"R_O16AUNDtpp":0.0,"R_O16AP1pp":0.0,"R_GPDDA3pp":0.0,"R_GPDDA4pp":0.0,"R_GPDDA2pp":0.0,"R_FACOAL120t2pp":0.0,"R_GLYCAt2rpp":0.0,"R_GLYCAtex":0.0,"R_FACOAL140t2pp":0.0,"R_EX_enlipa_e":0.0,"R_BUTtex":0.0,"R_EX_hacolipa_e":0.0,"R_AGM4PCP":0.0,"R_4PCP":0.0,"R_FE3HOXtonex":0.0,"R_CU2abcpp":0.0,"R_COBALT2abcpp":0.0,"R_NI2abcpp":0.0,"R_MG2uabcpp":0.0,"R_4PCPpp":0.0,"R_HCYSMT2":0.0,"R_FALDH2":0.0,"R_CHLtex":0.0,"R_GLYBabcpp":0.0,"R_GLYC3Pt6pp":0.0,"R_MMETtex":0.0,"R_FE3tex":-8.058200328,"R_MG2tex":0.0076079508,"R_Zn2tex":0.0002990561,"R_MMETt2pp":0.0,"R_CD2tex":0.0,"R_GLYCLTt4pp":0.0045647705,"R_GLYCtpp":0.0,"R_H2Otpp":-47.1623648087,"R_GLNabcpp":0.0,"R_CO2tex":-24.003293273,"R_GLUabcpp":0.0,"R_GLUABUTt7pp":0.0,"R_GLUt2rpp":0.0,"R_HCINNMt2rpp":0.0,"R_HISabcpp":0.0,"R_HISt2rpp":0.0,"R_CBIAT":0.0,"R_GLUt4pp":0.0,"R_GLYALDtpp":0.0,"R_CRNtex":0.0,"R_EX_etha_e":0.0,"R_ACGK":0.25940876,"R_LYSabcpp":0.0,"R_COBALT2tex":0.0000219249,"R_LCTSt3ipp":0.0,"R_PPK2":0.0,"R_ARBt3ipp":0.0,"R_14GLUCANabcpp":0.0,"R_14GLUCANtexi":0.0,"R_DINStex":0.0,"R_DHPTPE":0.0,"R_PPDOy":0.0,"R_FALGTHLs":0.0,"R_NTD12pp":0.0,"R_PPA2":0.0,"R_DIMPtex":0.0,"R_EX_hdca_e":0.0,"R_EX_glcr_e":0.0,"R_GNK":0.0,"R_HMBS":0.0003911408,"R_3NTD7pp":0.0,"R_DMStex":0.0,"R_3NTD4pp":0.0,"R_3NTD2pp":0.0,"R_3NTD9pp":0.0,"R_RMK":0.0,"R_FHL":0.0,"R_HYPOE":0.0,"R_MEPCT":0.0020951463,"R_GLUDy":-7.4994947821,"R_23PDE7pp":0.0,"R_GALTptspp":0.0,"R_GALURt2rpp":0.0,"R_ZN2abcpp":0.0,"R_CSNtex":0.0,"R_GLYCLTDy":0.0,"R_LYSDC":0.0,"R_DAAD":0.0,"R_GLCNt2rpp":0.0,"R_GLCptspp":10.0,"R_GLCRt2rpp":0.0,"R_GLCt2pp":0.0,"R_UREAtpp":0.0,"R_XANt2pp":0.0,"R_GLYC3Pabcpp":0.0,"R_PPPNt2rpp":0.0,"R_PTRCORNt7pp":0.0,"R_GLCURt2rpp":0.0,"R_ACMUMptspp":0.0,"R_EX_h2o_e":51.1914649727,"R_EX_ala__D_e":0.0,"R_HSTPT":0.0830849621,"R_SPMDabcpp":0.0,"R_CYNTtex":0.0,"R_HG2tex":0.0,"R_NTPP5":0.0,"R_THDPS":0.3253212397,"R_ACONMT":0.0,"R_XTSNtex":0.0,"R_ATPM":6.86,"R_CYStex":0.0,"R_NADPPPS":0.0,"R_EX_mnl_e":0.0,"R_THRD_L":0.2547931237,"R_EX_malt_e":0.0,"R_NTD3":0.0,"R_CYTDtex":0.0,"R_GLYOX":0.0,"R_DADNtex":0.0,"R_4PEPTtex":0.0,"R_NAMNPP":0.0,"R_EX_pnto__R_e":0.0,"R_SELNPS":0.0,"R_DHAtex":0.0,"R_ETOHtex":0.0,"R_MTRPOX":0.0,"R_AGM4PCPpp":0.0,"R_GTPDPDP":0.0,"R_CRNCAR":0.0,"R_GALabcpp":0.0,"R_GLYCLTt2rpp":-0.0045647705,"R_GUAt2pp":0.0,"R_HPPPNt2rpp":0.0,"R_RNDR2":0.0,"R_EX_asn__L_e":0.0,"R_ANHMK":0.0,"R_DCAtex":0.0,"R_DHFR":0.0235342202,"R_EX_cit_e":0.0,"R_PRAIi":0.0498511527,"R_EX_mal__L_e":0.0,"R_NMNN":0.0,"R_XAND":0.0,"R_EX_no2_e":0.0,"R_HACD3":0.3121057687,"R_TYRTA":-0.1211299783,"R_SHKK":0.3342403014,"R_DCYTtex":0.0,"R_EX_gam_e":0.0,"R_ACACtex":0.0,"R_ACNAMtex":0.0,"R_ARBTNabcpp":0.0,"R_EX_inost_e":0.0,"R_EX_mobd_e":-0.000006139,"R_NNDMBRT":0.0,"R_DGSNtex":0.0,"R_THRA2":0.0,"R_ASO3t8pp":0.0,"R_H2Stex":0.0,"R_PPK":0.0,"R_EX_so4_e":-0.2208454385,"R_SADH":0.0,"R_GLUSy":0.0,"R_GUAPRT":0.0,"R_EX_phe__L_e":0.0,"R_EX_thr__L_e":0.0,"R_EX_uri_e":0.0,"R_OMCDC":0.395114432,"R_ABUTD":0.0,"R_E4PD":-0.0003911408,"R_IG3PS":0.0830849621,"R_PDH":9.6896867934,"R_MTHFR2":0.135372413,"R_DMSOR2pp":0.0,"R_H2St1pp":0.0,"R_EX_nh4_e":-9.471495371,"R_DADK":0.0,"R_DUTPDP":0.0229475091,"R_EX_ddca_e":0.0,"R_HYD3pp":0.0,"R_NO3R1pp":0.0,"R_NTP5":0.0,"R_CELBpts":0.0,"R_FORt2pp":0.0,"R_EX_r5p_e":0.0,"R_EX_glyc2p_e":0.0,"R_MTAN":0.0,"R_DPR":0.0005910961,"R_EX_halipa_e":0.0,"R_AACPS5":0.0,"R_MANptspp":0.0,"R_EX_cmp_e":0.0,"R_NTD8":0.0,"R_GALCTD":0.0,"R_EX_malthx_e":0.0,"R_MLTG4":0.0,"R_UDPGDC":0.0,"R_PUNP4":0.0,"R_AMAOTr":0.000001754,"R_EX_csn_e":0.0,"R_EX_etoh_e":0.0,"R_G6PP":0.0,"R_MMCD":0.0,"R_GLNS":1.3737784255,"R_TYMtex":0.0,"R_GTHS":0.0,"R_EX_g3pe_e":0.0,"R_EX_pacald_e":0.0,"R_EX_his__L_e":0.0,"R_EX_k_e":-0.1711837173,"R_EX_na1_e":0.0,"R_ACACT1r":0.3121057687,"R_ARGORNt7pp":0.0,"R_EX_dmso_e":0.0,"R_CMPtex":0.0,"R_DUMPtex":0.0,"R_XMPtex":0.0,"R_3PEPTtex":0.0,"R_EX_12ppd__S_e":0.0,"R_EX_pppn_e":0.0,"R_ANHGMtex":0.0,"R_MALTptspp":0.0,"R_UDPKAAT":0.0,"R_ULA4NFT":0.0,"R_EX_acgam1p_e":0.0,"R_NTD11pp":0.0,"R_EX_galt_e":0.0,"R_DKGLCNR2x":0.0,"R_ACGS":0.25940876,"R_PDE1":0.0,"R_UPLA4FNT":0.0,"R_UPLA4FNF":0.0,"R_ULA4Ntppi":0.0,"R_HEPT1":0.0,"R_FALDtex":0.0,"R_MCITD":0.0,"R_CU2tex":0.000621791,"R_EX_glcur1p_e":0.0,"R_GLCATr":0.0,"R_ALR2":0.0,"R_AMALT2":0.0,"R_MLTP1":0.0,"R_HEPT2":0.0,"R_FECRMUtex":0.0,"R_ALAALAr":0.0243699986,"R_EX_thrp_e":0.0,"R_CLtex":0.0045647705,"R_CYSDtex":0.0,"R_CYSDabcpp":0.0,"R_HXAND":0.0,"R_EX_fald_e":0.0,"R_EX_pydxn_e":0.0,"R_EX_acgal_e":0.0,"R_EX_so2_e":0.0,"R_EX_dms_e":0.0,"R_GMPtex":0.0,"R_IMPtex":0.0,"R_G3PItex":0.0,"R_CD2abcpp":0.0,"R_G3PGtex":0.0,"R_G3PEtex":0.0,"R_G3PCtex":0.0,"R_MOAT3C":0.0,"R_UMPtex":0.0,"R_G1Ptex":0.0,"R_ADNK1":0.0005902191,"R_CUt3":0.0,"R_ZN2t3pp":0.0,"R_SKMtex":0.0,"R_MNt2pp":0.0,"R_RHAT1":0.0,"R_GLCabcpp":0.0,"R_GALT1":0.0,"R_MNtex":0.0006060051,"R_GAL1Ptex":0.0,"R_GLCTR2":0.0,"R_G2PPpp":0.0,"R_UDPGPpp":0.0,"R_EX_acgal1p_e":0.0,"R_EX_cyan_e":0.0,"R_EX_tyrp_e":0.0,"R_O2Stex":0.0,"R_HEPK1":0.0,"R_HEPT3":0.0,"R_HEPK2":0.0,"R_ALDD3y":0.0,"R_EX_uacgam_e":0.0,"R_Kt3pp":0.0,"R_EX_udpacgal_e":0.0,"R_EX_udpg_e":0.0,"R_EX_udpgal_e":0.0,"R_EX_udpglcur_e":0.0,"R_EX_14glucan_e":0.0,"R_EX_pser__L_e":0.0,"R_R5PP":0.0,"R_EX_xmp_e":0.0,"R_EX_damp_e":0.0,"R_CYSSADS":0.0,"R_EX_dimp_e":0.0,"R_CPPPGO2":0.0,"R_EX_isetac_e":0.0,"R_AGM3PH":0.0,"R_HOMt2pp":0.0,"R_EX_aso3_e":0.0,"R_EX_tcynt_e":0.0,"R_EX_fe3dhbzs_e":0.0,"R_AGM3PApp":0.0,"R_PPPGO":0.0,"R_EX_feoxam_un_e":0.0,"R_HOMtex":0.0,"R_SO2tex":0.0,"R_SO2tpp":0.0,"R_LDH_D2":0.0,"R_EX_g3pc_e":0.0,"R_EX_g3pg_e":0.0,"R_EX_g3pi_e":0.0,"R_SHCHF":0.0001955704,"R_SUCOAS":-5.5096760182,"R_SUCBZL":0.0,"R_CYSDDS":0.0,"R_CYStpp":0.0,"R_EX_g3ps_e":0.0,"R_EX_peamn_e":0.0,"R_EX_34dhpac_e":0.0,"R_NTP1":0.0,"R_DAMPtex":0.0,"R_DCMPtex":0.0,"R_DGMPtex":0.0,"R_DTMPtex":0.0,"R_ACSERtpp":0.0,"R_ACSERtex":0.0,"R_LALDO3":0.0,"R_NTP10":0.0,"R_PRAIS":0.392909661,"R_GDMANE":0.0,"R_GPDDA4":0.0,"R_LPLIPAL2ATG120":0.0,"R_PLIPA1E140pp":0.0,"R_LPLIPAL2E140":0.0,"R_PLIPA1E160pp":0.0,"R_GALKr":0.0,"R_PLIPA1E161pp":0.0,"R_AACPS8":0.0,"R_AACPS9":0.0,"R_LPLIPAL2E180":0.0,"R_LPLIPAL2G161":0.0,"R_LPLIPAL2G181":0.0,"R_2AGPE120tipp":0.0,"R_HXCT":0.0,"R_AACPS6":0.0,"R_2AGPEAT160":0.0,"R_AACPS7":0.0682514312,"R_PANTS":0.0005910961,"R_G3PGabcpp":0.0,"R_G3PIabcpp":0.0,"R_DURADx":0.0,"R_ECOAH7":0.2438543375,"R_G1PPpp":0.0,"R_GALCTND":0.0,"R_GCALDD":0.0,"R_HISTP":0.0830849621,"R_G3PSabcpp":0.0,"R_QMO2":0.0014259975,"R_QMO3":0.0,"R_LPLIPAL2E141":0.0,"R_LPLIPAL2E161":0.0,"R_LDH_D":0.0,"R_AMALT4":0.0,"R_NTD11":0.0,"R_LPLIPAL2E181":0.0,"R_YUMPS":0.0,"R_LPLIPAL2G180":0.0,"R_LPLIPAL2G141":0.0,"R_2AGPA120tipp":0.0,"R_2AGPG180tipp":0.0,"R_IPDDI":0.0002438052,"R_ORNDC":0.0,"R_UPP3MT":0.0001955704,"R_KAS15":0.0,"R_ALAALAtex":0.0,"R_FACOAL181t2pp":0.0,"R_T2DECAI":0.0,"R_2AGPGAT180":0.0,"R_2AGPGAT181":0.0,"R_3OAS161":0.0,"R_DHQS":0.3342403014,"R_EAR141y":0.0,"R_EAR161x":0.0,"R_2AGPG141tipp":0.0,"R_2AGPG161tipp":0.0,"R_2AGPG181tipp":0.0,"R_2AGPEAT140":0.0,"R_2AGPEAT120":0.0,"R_DASYN160":0.0559647002,"R_DASYN161":0.0659624685,"R_DASYN181":0.0,"R_CDAPPA161":0.0,"R_2AGPEAT161":0.0,"R_2AGPEAT141":0.0,"R_2AGPGAT160":0.0,"R_PGSA180":0.0,"R_PGCD":1.5065360713,"R_PSSA140":0.0,"R_2AGPGAT141":0.0,"R_FACOAE180":0.0,"R_LPLIPAL2ATG140":0.0,"R_LPLIPAL2ATG141":0.0,"R_LPLIPAL2ATG160":0.0,"R_LPLIPAL2ATG180":0.0,"R_LPLIPAL2ATG161":0.0,"R_LPLIPAL2ATG181":0.0,"R_FACOAE100":0.0,"R_FACOAE80":0.0,"R_FACOAE60":0.0,"R_CLPNS180pp":0.0,"R_PLIPA1E120pp":0.0,"R_CLPNS181pp":0.0,"R_EX_cys__L_e":0.0,"R_PG161abcpp":0.0,"R_PGP120abcpp":0.0,"R_MALtex":0.0,"R_NO3tex":0.0,"R_3OAS141":0.0,"R_3OAR121":0.0,"R_CFAS160G":0.0,"R_PGP161abcpp":0.0,"R_PGP181abcpp":0.0,"R_PA120abcpp":0.0,"R_PLIPA1G120pp":0.0,"R_URAt2pp":0.0,"R_FACOAE141":0.0,"R_CLPNS120pp":0.0,"R_ALPATE160pp":0.0,"R_FACOAE161":0.131924937,"R_EX_gsn_e":0.0,"R_TTDCEAtexi":0.0,"R_HDCEAtexi":0.0,"R_ALPATG160pp":0.0,"R_2AGPGAT120":0.0,"R_LPLIPAL2ATE120":0.0,"R_ALAALAD":0.0,"R_2AGPEAT180":0.0,"R_LPLIPAL2ATE140":0.0,"R_EX_orot_e":0.0,"R_LPLIPAL2ATE160":0.0,"R_LPLIPAL2ATE180":0.0,"R_LPLIPAL2ATE141":0.0,"R_2AGPEAT181":0.0,"R_2AGPGAT140":0.0,"R_PLIPA1E181pp":0.0,"R_PLIPA1G180pp":0.0,"R_LPLIPAL2ATE161":0.0,"R_LPLIPAL2ATE181":0.0,"R_FACOAL141t2pp":0.0,"R_FACOAL161t2pp":0.0,"R_PA160abcpp":0.0,"R_PLIPA1G181pp":0.0,"R_ALAALAabcpp":0.0,"R_HEXt2rpp":0.0,"R_G3PEabcpp":0.0,"R_G3PCabcpp":0.0,"R_2AGPGAT161":0.0,"R_PA181abcpp":0.0,"R_12DGR141tipp":0.0,"R_AMPTASEPG":0.0,"R_ADSL1r":0.2624887743,"R_PROGLYabcpp":0.0,"R_GTHRDabcpp":0.0,"R_PGPP140pp":0.0,"R_PGPP141pp":0.0,"R_PGPP160pp":0.0,"R_2AGPG140tipp":0.0,"R_PGPP180pp":0.0,"R_2AGPG160tipp":0.0,"R_SERD_D":0.0,"R_CLPNH141pp":0.0,"R_CLPNH160pp":0.0,"R_CLPNH161pp":0.0,"R_AICART":0.4757990527,"R_CLPNH181pp":0.0,"R_D_LACt2pp":0.0,"R_PLIPA1E180pp":0.0,"R_RIBtex":0.0,"R_FLVRx":0.0,"R_THMtex":0.0,"R_XYLUtex":0.0,"R_PLIPA1G140pp":0.0,"R_PLIPA1G161pp":0.0,"R_CLPNS160pp":0.0,"R_CLPNS161pp":0.0,"R_EX_manglyc_e":0.0,"R_ALLtex":0.0,"R_PG160abcpp":0.0,"R_FRUpts2pp":0.0,"R_PGP140abcpp":0.0,"R_PAPA120pp":0.0,"R_PAPA140pp":0.0,"R_GGPTRCO":0.0,"R_EX_metsox_R__L_e":0.0,"R_PAPA141pp":0.0,"R_34dhpactex":0.0,"R_PAPA160pp":0.0,"R_G6Pt6_2pp":0.0,"R_PAPA161pp":0.0,"R_MALTHXtexi":0.0,"R_12PPDStpp":0.0,"R_PAPA180pp":0.0,"R_PROtex":0.0,"R_HPYRI":0.0,"R_FE3HOXUtex":0.0,"R_HYD1pp":0.0,"R_EX_cl_e":-0.0045647705,"R_FE3DHBZStonex":0.0,"R_AACTOOR":0.0,"R_H2tpp":0.0,"R_23DAPPAtex":0.0,"R_ECAP3pp":0.0,"R_FEOXAMtonex":0.0,"R_TPRDCOAS":0.0,"R_ACGAM1PPpp":0.0,"R_EX_dgmp_e":0.0,"R_GAMptspp":0.0,"R_GSNt2pp":0.0,"R_EX_4hoxpacd_e":0.0,"R_FMNRx":0.0,"R_EX_3hpppn_e":0.0,"R_EX_man6p_e":0.0,"R_GSNtex":0.0,"R_SBTtex":0.0,"R_FORtex":0.0,"R_EX_tsul_e":0.0,"R_PHEt2rpp":0.0,"R_DHBS":0.0,"R_THIORDXi":0.0,"R_EX_n2o_e":0.0,"R_PPPGO3":0.0001955704,"R_PFK":8.4517637703,"R_PDX5POi":0.0,"R_PDX5PO2":0.0001955704,"R_MDDCP1pp":0.0,"R_GUI2":0.0,"R_OMBZLM":0.0,"R_PLIPA1A181pp":0.0,"R_PGM":-15.5988975322,"R_LPLIPAL2A141":0.0,"R_HG2t3pp":0.0,"R_CYTBO3_4pp":44.2562877429,"R_EX_maltttr_e":0.0,"R_GLYCK":0.0,"R_MLTG5":0.0,"R_GPDDA3":0.0,"R_EAR141x":0.0,"R_EAR181x":0.0,"R_TPI":8.3282316966,"R_EAR181y":0.0,"R_G3PAT141":0.0,"R_2DOXG6PP":0.0,"R_OXAMTC":0.0,"R_UDCPPtppi":0.0,"R_AGMH":0.0,"R_G3PAT181":0.0,"R_DASYN140":0.0,"R_MPTG":0.0121849993,"R_DASYN180":0.0,"R_MPTG2":0.0,"R_DASYN141":0.0,"R_RPI":-1.4304625198,"R_MCTP1App":0.0121849993,"R_MCTP2App":0.0,"R_CDAPPA160":0.0,"R_CDAPPA141":0.0,"R_MCTP1Bpp":0.0,"R_PERD":-0.0003911408,"R_MELIBt3ipp":0.0,"R_PGSA141":0.0,"R_EX_alaala_e":0.0,"R_EX_dtmp_e":0.0,"R_5DOAN":0.0001973244,"R_DM_5drib_c":0.0001973244,"R_EX_lipoate_e":0.0,"R_EX_pydx_e":0.0,"R_EX_g1p_e":0.0,"R_GLCtex_copy2":0.0,"R_NAt3pp":0.0,"R_MINOHPtexi":0.0,"R_12PPDRtpp":0.0,"R_SFGTHi":0.0,"R_PYDAMK":0.0,"R_DHORDfum":0.2901062935,"R_K2L4Aabcpp":0.0170628578,"R_FACOAE120":0.0682514312,"R_3OAR120":0.0,"R_3HAD80":0.0,"R_3HAD120":0.0,"R_DSBCGT":0.0,"R_DSBGGT":0.0,"R_EAR180x":0.0,"R_AKGtex":0.0,"R_SO4t2pp":0.2208454385,"R_EAR180y":0.0,"R_AGPAT120":0.0,"R_DHNAOT4":0.0,"R_AMPMS2":0.0001955704,"R_DM_oxam_c":0.0,"R_ALR4x":0.0,"R_PGPP120":0.0,"R_DAGK120":0.0,"R_ALLTNtex":0.0,"R_PSSA180":0.0,"R_ASNtex":0.0,"R_PSSA161":0.0659624685,"R_PSSA141":0.0,"R_PSD160":0.0559647002,"R_PSD161":0.0659624685,"R_PSD180":0.0,"R_COLIPAabcpp":0.0,"R_LPLIPAL1G141pp":0.0,"R_LPLIPAL1G180pp":0.0,"R_LPLIPAL1G181pp":0.0,"R_ACONIs":0.0,"R_ACONTb":6.9130031109,"R_GLCP2":0.0,"R_F6Pt6_2pp":0.0,"R_PPALtpp":0.0,"R_PLIPA2A140pp":0.0,"R_PLIPA2A141pp":0.0,"R_PLIPA2A180pp":0.0,"R_GAM6Pt6_2pp":0.0,"R_PLIPA2E141pp":0.0,"R_FE3HOXabcpp":0.0,"R_PLIPA2E181pp":0.0,"R_PLIPA2G140pp":0.0,"R_PPALtex":0.0,"R_CA2tex":0.0045647705,"R_CUtex":0.0,"R_3HAD161":0.0,"R_PLIPA2G160pp":0.0,"R_CU1Opp":0.0,"R_PLIPA2G181pp":0.0,"R_SUCDi":6.2606697809,"R_FADRx2":0.0,"R_LPLIPAL1E141pp":0.0,"R_LALDO2x":0.0,"R_12PPDRtex":0.0,"R_LPLIPAL1E160pp":0.0,"R_LPLIPAL1E180pp":0.0,"R_ASNS1":0.0,"R_EAR80y":0.0,"R_EAR120y":0.0,"R_3OAR181":0.0,"R_3HAD121":0.0,"R_EAR121y":0.0,"R_LPLIPAL1E181pp":0.0,"R_LPLIPAL1G160pp":0.0,"R_LPLIPAL1G161pp":0.0,"R_GTHRDHpp":0.0,"R_EX_o2_e":-24.146313321,"R_PROGLYtex":0.0,"R_EX_progly_e":0.0,"R_MDDCP2pp":0.0,"R_LPLIPAL1G120pp":0.0,"R_PLIPA2E140pp":0.0,"R_PLIPA2E160pp":0.0,"R_PLIPA2A161pp":0.0,"R_PLIPA2A181pp":0.0,"R_F6Ptex":0.0,"R_MDDCP3pp":0.0,"R_EAR140x":0.0,"R_EAR40y":0.0,"R_GAMAN6Ptex":0.0,"R_EX_gal_bD_e":0.0,"R_3OAS181":0.0,"R_EAR161y":0.0,"R_G3PAT140":0.0,"R_G3PAT160":0.0,"R_G3PAT161":0.0,"R_AGPAT160":0.0559647002,"R_AGPAT140":0.0,"R_PGSA160":0.0,"R_MLDCP2Bpp":0.0,"R_3OAS140":0.0682514312,"R_3OAR140":0.0682514312,"R_CDAPPA140":0.0,"R_MLDCP1App":0.0,"R_EAR160y":0.0,"R_3OAR160":0.0,"R_PDE4":0.0,"R_PGSA161":0.0,"R_3HAD181":0.0,"R_PGPP160":0.0,"R_EAR100y":0.0,"R_3OAR141":0.0,"R_3OAR161":0.0,"R_3HAD141":0.0,"R_EAR121x":0.0,"R_PGPP180":0.0,"R_PGPP161":0.0,"R_PGPP181":0.0,"R_PSD140":0.0,"R_MICITDr":0.0,"R_CDAPPA180":0.0,"R_AGM4PH":0.0,"R_NTP12":0.0,"R_PE141abcpp":0.0,"R_CDAPPA181":0.0,"R_PGSA140":0.0,"R_LPLIPAL1A141pp":0.0,"R_LPLIPAL1A180pp":0.0,"R_LPLIPAL1E140pp":0.0,"R_LPLIPAL1E161pp":0.0,"R_LPLIPAL1G140pp":0.0,"R_PE160abcpp":0.0559647002,"R_PE161abcpp":0.0659624685,"R_PSD141":0.0,"R_PG140abcpp":0.0,"R_PG141abcpp":0.0,"R_ACONTa":6.9130031109,"R_MLDCP2App":0.0,"R_12DGR140tipp":0.0,"R_PG180abcpp":0.0,"R_12DGR160tipp":0.0,"R_PG181abcpp":0.0,"R_AM4PA":0.0,"R_PGP141abcpp":0.0,"R_PGP160abcpp":0.0,"R_12DGR180tipp":0.0,"R_PGPP120pp":0.0,"R_PGPP181pp":0.0,"R_CLPNH120pp":0.0,"R_PGP180abcpp":0.0,"R_EX_dump_e":0.0,"R_PAPA181pp":0.0,"R_PA140abcpp":0.0,"R_CLPNH140pp":0.0,"R_EX_12ppd__R_e":0.0,"R_PGSA181":0.0,"R_PGPP140":0.0,"R_PGPP141":0.0,"R_MDDCP5pp":0.0,"R_MLTGY3pp":0.0,"R_12DGR120tipp":0.0,"R_MDDCP4pp":0.0,"R_CLPNS140pp":0.0,"R_CLPNS141pp":0.0,"R_G3PAT180":0.0,"R_EX_o2s_e":0.0,"R_PLIPA1G160pp":0.0,"R_PG120abcpp":0.0,"R_EX_gal1p_e":0.0,"R_PE140abcpp":0.0,"R_CFAS160E":0.0,"R_PLIPA1G141pp":0.0,"R_LPLIPAL2E160":0.0,"R_LPLIPAL2G140":0.0,"R_LPLIPAL2G160":0.0,"R_CFAS180E":0.0,"R_EX_dcmp_e":0.0,"R_CFAS180G":0.0,"R_PAPA160":0.0,"R_2AGPE140tipp":0.0,"R_2AGPE160tipp":0.0,"R_2AGPE180tipp":0.0,"R_PAPA180":0.0,"R_PAPA181":0.0,"R_2AGPE141tipp":0.0,"R_2AGPE161tipp":0.0,"R_EX_23ccmp_e":0.0,"R_2AGPA161tipp":0.0,"R_2AGPA181tipp":0.0,"R_2AGPG120tipp":0.0,"R_LPLIPAL2G120":0.0,"R_PA141abcpp":0.0,"R_PETNT161pp":0.0,"R_PSSA160":0.0559647002,"R_PSSA181":0.0,"R_DAGK140":0.0,"R_DAGK160":0.0,"R_DAGK141":0.0,"R_DAGK161":0.0,"R_AGPAT181":0.0,"R_PA161abcpp":0.0,"R_PA180abcpp":0.0,"R_PGPP161pp":0.0,"R_PE120abcpp":0.0,"R_MDDEP3pp":0.0,"R_MDDEP4pp":0.0,"R_PE180abcpp":0.0,"R_PAPA140":0.0,"R_MLTGY1pp":0.0,"R_EX_3cmp_e":0.0,"R_CGLYtex":0.0,"R_3HAD40":0.0,"R_PLIPA1E141pp":0.0,"R_3OAS60":0.0,"R_3OAS160":0.0,"R_PAPA141":0.0,"R_PAPA161":0.0,"R_GTHOXtex":0.0,"R_DSBAO1":0.0,"R_DSBAO2":0.0,"R_DSBDR":0.0,"R_TDSR1":0.0,"R_CGLYabcpp":0.0,"R_PLIPA2A120pp":0.0,"R_PLIPA2A160pp":0.0,"R_CLPNH180pp":0.0,"R_3OAR60":0.0,"R_3OAR80":0.0,"R_MLDCP3App":0.0,"R_MLDCP1Bpp":0.0,"R_2AGPE181tipp":0.0,"R_2AGPA140tipp":0.0,"R_LPLIPAL2E120":0.0,"R_EAR100x":0.0,"R_EAR120x":0.0,"R_EAR160x":0.0,"R_2AGPA160tipp":0.0,"R_ATHRDHr":0.0,"R_2AGPA180tipp":0.0,"R_2AGPA141tipp":0.0,"R_EAR140y":0.0,"R_3OAS121":0.0,"R_3OAS80":0.0,"R_3OAS100":0.0,"R_3OAS120":0.0,"R_LSERDHr":0.0,"R_3OAR40":0.0,"R_3OAR100":0.0,"R_DSERDHr":0.0,"R_3HAD60":0.0,"R_3HAD100":0.0,"R_3HAD140":0.0,"R_3HAD160":0.0,"R_EX_urate_e":0.0,"R_PSD120":0.0,"R_AGPAT180":0.0,"R_AGPAT141":0.0,"R_PAPA120":0.0,"R_EX_skm_e":0.0,"R_EX_cpgn_un_e":0.0,"R_MDDEP1pp":0.0,"R_MDDEP2pp":0.0,"R_AGPAT161":0.0659624685,"R_DASYN120":0.0,"R_EAR40x":0.0,"R_EAR60y":0.0,"R_MLDEP1pp":0.0,"R_PSD181":0.0,"R_DAGK180":0.0,"R_DAGK181":0.0,"R_MLDEP2pp":0.0,"R_EX_ag_e":0.0,"R_MLTGY2pp":0.0,"R_PLIPA2E120pp":0.0,"R_PLIPA2G141pp":0.0,"R_MLTGY4pp":0.0,"R_EAR60x":0.0,"R_PLIPA2G161pp":0.0,"R_EX_cys__D_e":0.0,"R_LPLIPAL1A120pp":0.0,"R_LPLIPAL1A140pp":0.0,"R_EAR80x":0.0,"R_PE181abcpp":0.0,"R_12DGR161tipp":0.0,"R_12DGR181tipp":0.0,"R_NTP11":0.0,"R_LPLIPAL1A181pp":0.0,"R_LPLIPAL1E120pp":0.0,"R_3OAR180":0.0,"R_G3PAT120":0.0,"R_PGSA120":0.0,"R_3OAS180":0.0,"R_3HAD180":0.0,"R_CDAPPA120":0.0,"R_TDSR2":0.0,"R_EX_acser_e":0.0,"R_GTHRDtex":0.0,"R_GTHRDabc2pp":0.0,"R_OMMBLHX3":0.0,"R_PSSA120":0.0,"R_UM4PL":0.0,"R_2MAHMP":0.0,"R_EX_cu_e":0.0,"R_ZN2tpp":0.0002990561,"R_NI2tpp":0.0002832701,"R_EX_arbtn_e":0.0,"R_COBALT2t3pp":0.0,"R_23DAPPAt2pp":0.0,"R_NADHPO":0.0,"R_ACOAD7f":-0.1119294005,"R_ACOAD8f":0.0,"R_PLIPA1A120pp":0.0,"R_ACOAD5f":-0.3121057687,"R_PLIPA1A140pp":0.0,"R_EX_dopa_e":0.0,"R_PLIPA1A141pp":0.0,"R_PLIPA1A160pp":0.0,"R_PLIPA1A161pp":0.0,"R_PLIPA1A180pp":0.0,"R_LPLIPAL2A120":0.0,"R_CAt6pp":-0.0045647705,"R_ACOAD3f":-0.3121057687,"R_ACOAD2f":-0.3121057687,"R_ACOAD4f":-0.3121057687,"R_ACOAD6f":-0.2438543375,"R_NADH16pp":37.9970439595,"R_NADH18pp":0.0,"R_EX_tartr__D_e":0.0,"R_GLYBt2pp":0.0,"R_5DGLCNt2rpp":0.0,"R_GALCTNt2pp":0.0,"R_GALCTNLtex":0.0,"R_EX_galctn__L_e":0.0,"R_DSERt2pp":0.0,"R_EX_hom__L_e":0.0,"R_ALAt4pp":0.0,"R_LYSt3pp":0.0,"R_KDUI":0.0,"R_EX_tungs_e":0.0,"R_CA2t3pp":0.0,"R_CTBTCAL2":0.0,"R_OBTFL":0.0,"R_NADH17pp":0.0,"R_FA161ACPHi":0.0,"R_BGLA1":0.0,"R_FA141ACPHi":0.0,"R_THRt2pp":0.0,"R_ARGt3pp":0.0,"R_FA160ACPHi":0.0,"R_MALDtex":0.0,"R_OROTtex":0.0,"R_EX_crn__D_e":0.0,"R_GDPMNP":0.0,"R_OPHHX3":0.0001955704,"R_AMMQLT8":0.0,"R_FA120ACPHi":0.0,"R_FA80ACPHi":0.0,"R_FA140ACPHi":0.0,"R_PPAt4pp":0.0,"R_OROTt2_2pp":0.0,"R_MALDt2_2pp":0.0,"R_FA100ACPHi":0.0,"R_CRNDCAL2":0.0,"R_5DGLCNtex":0.0,"R_EX_LalaDgluMdapDala_e":0.0,"R_EX_5dglcn_e":0.0,"R_DTARTD":0.0,"R_CRNCAL2":0.0,"R_CHLt2pp":0.0,"R_GLYt4pp":0.0,"R_PLIPA2E161pp":0.0,"R_PLIPA2E180pp":0.0,"R_FRULYSE":0.0,"R_FRULYSt2pp":0.0,"R_EX_LalaDgluMdap_e":0.0,"R_EX_psclys_e":0.0,"R_TUNGStex":0.0,"R_PLIPA2G120pp":0.0,"R_PLIPA2G180pp":0.0,"R_LPLIPAL1A161pp":0.0,"R_LPLIPAL1A160pp":0.0,"R_PSCLYSt2pp":0.0,"R_LYSt2pp":0.0,"R_COBALT2tpp":0.0000219249,"R_OXCDC":0.0,"R_LPLIPAL2A140":0.0,"R_LPLIPAL2A160":0.0,"R_LPLIPAL2A161":0.0,"R_LPLIPAL2A180":0.0,"R_GLYt2pp":0.0,"R_ALAt2pp":0.0,"R_EX_anhgm_e":0.0,"R_BALAt2pp":0.0,"R_DALAt2pp":0.0121849993,"R_FE2tpp":0.0140854523,"R_LPLIPAL2A181":0.0,"R_DM_aacald_c":0.0,"R_UM3PL":0.0,"R_MN2tpp":0.0006060051,"R_MG2tpp":0.0,"R_5MTRtex":0.0,"R_NI2t3pp":0.0,"R_PPAtex":0.0,"R_GALCTNLt2pp":0.0,"R_GALCTLO":0.0,"R_THYMt3pp":0.0,"R_CLt3_2pp":0.0022823853,"R_EX_ppal_e":0.0,"R_POR5":0.0953778321,"R_HACD8":0.0,"R_CTECOAI8":0.0,"R_CTECOAI6":0.0,"R_MTHTHFSs":0.0,"R_SELGTHR":0.0,"R_SELGTHR3":0.0,"R_EX_slnt_e":0.0,"R_MALCOAMT":0.000001754,"R_PSCLYStex":0.0,"R_THYMtex":0.0,"R_CU2tpp":0.000621791,"R_FE2t3pp":0.0,"R_MN2t3pp":0.0,"R_MG2t3_2pp":0.0076079508,"R_CD2tpp":0.0,"R_ETHAt2pp":0.0,"R_FE3abcpp":0.0,"R_THRA":0.0,"R_OGMEACPS":0.000001754,"R_OGMEACPR":0.000001754,"R_OPMEACPS":0.000001754,"R_LIPAabctex":0.0,"R_DGUNC":0.0,"R_XYLK2":0.0,"R_GLDBRAN2":0.0,"R_LALADGLUtex":0.0,"R_S2FE2SR":0.0,"R_CDGUNPD":0.0,"R_ACACT8r":0.0,"R_LALALGLUtpp":0.0,"R_CTECOAI7":-0.131924937,"R_CLIPAabctex":0.0,"R_3AMACHYD":0.0,"R_K2L4Aabctex":0.0170628578,"R_FDH4pp":0.0,"R_FDH5pp":0.0,"R_ACPPAT140":0.0,"R_APG3PAT140":0.0,"R_LDGUNPD":0.0,"R_MPTAT":0.0,"R_APG3PAT141":0.0,"R_MOADSUx":0.0,"R_3HPPtex":0.0,"R_CMtpp":0.0,"R_FUSAtpp":0.0,"R_APG3PAT181":0.0,"R_APH140":0.0,"R_APH160":0.0,"R_OPMEACPD":0.000001754,"R_EPMEACPR":0.000001754,"R_RFAMPtex":0.0,"R_MINCYCtex":0.0,"R_AOXSr2":0.000001754,"R_MINCYCtpp":0.0,"R_MEOHtrpp":-0.000001754,"R_EX_LalaDglu_e":0.0,"R_SCYSDS":0.0,"R_DOXRBCNtex":0.0,"R_DOXRBCNtpp":0.0,"R_S2FE2SS":0.0,"R_S4FE4SR":0.0,"R_CCGS":0.0,"R_SELtex":0.0,"R_SELR":0.0,"R_OGMEACPD":0.000001754,"R_EGMEACPR":0.000001754,"R_OPMEACPR":0.000001754,"R_PMEACPE":0.000001754,"R_ETOHtrpp":0.0,"R_REPHACCOAI":0.0,"R_ACPPAT141":0.0,"R_ACPPAT161":0.0659624685,"R_ACPPAT180":0.0,"R_APG3PAT160":0.0559647002,"R_APG3PAT161":0.0659624685,"R_MEOHtex":-0.000001754,"R_EX_5mtr_e":0.0,"R_APG3PAT180":0.0,"R_ICYSDS":0.0011550053,"R_MECDPDH5":0.0020951463,"R_CDGR":0.0,"R_RNTR1c2":0.0229475091,"R_RNTR2c2":0.0236938337,"R_I4FE4SR":0.0002280193,"R_S2FE2ST":0.0,"R_BMOCOS":0.0,"R_BWCOS":0.0,"R_RNTR3c2":0.0236938337,"R_RNTR4c2":0.0229475091,"R_BWCOGDS1":0.0,"R_BWCOGDS2":0.0,"R_FLDR2":0.0,"R_CDGS":0.0,"R_5MTRtpp":0.0,"R_TTRCYCtex":0.0,"R_DHNPTE":0.0,"R_DHMPTR":0.0,"R_NOVBCNtpp":0.0,"R_CMtex":0.0,"R_TTRCYCtpp":0.0,"R_LALALGLUtex":0.0,"R_CBMD":0.0,"R_LALADGLUtpp":0.0,"R_I2FE2SS":0.0002508212,"R_I2FE2ST":0.0000245559,"R_FESR":0.0068475943,"R_OXCOAHDH":0.0,"R_DHACOAH":0.0,"R_I2FE2SS2":0.0002280193,"R_MSAR":0.0,"R_I4FE4ST":0.0002280193,"R_S4FE4ST":0.0,"R_THFAT":0.0,"R_FOMETRi":0.0,"R_SLNTtex":0.0,"R_S2FE2SS2":0.0,"R_BTS5":0.000001754,"R_SELGTHR2":0.0,"R_EX_LalaLglu_e":0.0,"R_GDPTPDP":0.0,"R_LIPOS":0.0,"R_COLIPAKpp":0.0,"R_ACPPAT120":0.0,"R_3HPPtpp":0.0,"R_MPTSS":0.0,"R_CPMPS":0.0,"R_LIPOCT":0.0,"R_LIPATPT":0.0,"R_LIPAMPL":0.0,"R_ALDD19xr":0.0,"R_MMM":0.0,"R_MOGDS":0.0,"R_CPH4S":0.0,"R_WCOS":0.0,"R_RFAMPtpp":0.0,"R_SHCHCS3":0.0,"R_VPAMTr":-0.5102755672,"R_ACOLIPAabctex":0.0,"R_PYK4":0.0,"R_NADPHXD":0.0,"R_NADHHR":0.0,"R_ECA4COLIPAabctex":0.0,"R_EX_ttrcyc_e":0.0,"R_COLIPAPabctex":0.0,"R_NADPHXE":0.0,"R_ALAtpp":0.0,"R_CH4tex":0.0,"R_EX_mincyc_e":0.0,"R_TARTRDtex":0.0,"R_DM_4crsol_c":0.0001955704,"R_3OXCOAT":0.0,"R_BTNt2ipp":0.0,"R_URACPAH":0.0,"R_BTNtex":0.0,"R_DHBSZ3FEabcpp":0.0,"R_FE3DHBZS3R":0.0,"R_DXYLONtpp":0.0,"R_DXYLTD":0.0,"R_2DDARAA":0.0,"R_2DGLCptspp":0.0,"R_2DGULRGx":0.0,"R_2DGULRGy":0.0,"R_AP4AS":0.0,"R_ARBTptspp":0.0,"R_ARBTtex":0.0,"R_EX_arbt_e":0.0,"R_GNP":0.0,"R_ALLTAMH2":0.0,"R_UGCIAMH":0.0,"R_DMSOtpp":0.0,"R_POAACR":0.0,"R_PYDXtex":0.0,"R_PYDXtpp":0.0,"R_SUCASPtpp":0.0,"R_METGLCUR":0.0,"R_ACOAD1fr":0.3121057687,"R_23DOGULNt4pp":0.0,"R_FE3DCITexs":0.0,"R_SUCMALtpp":0.0,"R_PYDXNtex":0.0,"R_FEENTERES":0.0,"R_PYDXNtpp":0.0,"R_FEENTERR4":0.0,"R_ACPPAT160":0.0559647002,"R_DXYLONtex":0.0,"R_PYDAMtex":0.0,"R_PYDAMtpp":0.0,"R_PSURItex":0.0,"R_ALR2x":0.0,"R_OMPHHXy":0.0,"R_CHLt3pp":0.0,"R_13PPDH2":0.0,"R_TARTt2_3pp":0.0,"R_SUCTARTtpp":0.0,"R_APCS":0.0,"R_CHTBSptspp":0.0,"R_GLYBt3pp":0.0,"R_AI2tpp":0.0,"R_ACPPAT181":0.0,"R_Ftpp":0.0,"R_SQVOSI":0.0,"R_6D6SPA":0.0,"R_CHTBStex":0.0,"R_TRPtipp":0.0,"R_TYRtipp":0.0,"R_ThDPAT":0.0,"R_GHBDHx":0.0,"R_DHPStr":0.0,"R_SQtr":0.0,"R_DHPStex":0.0,"R_APPLDHr":0.0,"R_SPMDt3pp":0.0,"R_FMNtex":0.0,"R_APH141":0.0,"R_EX_dxylnt_e":0.0,"R_AI2K":0.0003928948,"R_PHEtipp":0.0,"R_G2PP":0.0,"R_MALt3pp":0.0,"R_CITt3pp":0.0,"R_APH161":0.0,"R_DHNPA2r":0.0005867111,"R_QUIN2tpp":0.0,"R_GLYC2Pabcpp":0.0,"R_CRNDtex":0.0,"R_SHGO":0.0,"R_CLBtex":0.0,"R_ACOXT":0.0,"R_EX_mththf_e":0.0,"R_2HESR":0.0,"R_CHOLID":0.0,"R_CHOLATEtpp":0.0,"R_NADHXD":0.0,"R_NADPHHR":0.0,"R_NADPHHS":0.0,"R_4ABZGLUH":0.0,"R_4ABZGLUtr":0.0,"R_NADHHS":0.0,"R_APH180":0.0,"R_NADHXE":0.0,"R_SELabcpp":0.0,"R_PHDA":0.0,"R_TEO2M":0.0,"R_PACOAT":0.0,"R_CYSItpp":0.0,"R_PYK2":0.0,"R_PYK3":2.2758138902,"R_APH181":0.0,"R_DHPTDNR":0.0,"R_DHPTDNRN":0.0,"R_GTHPi":0.0,"R_SEPHCHCS":0.0,"R_DHNCOAS":0.0,"R_PCNO":0.0,"R_PYK6":0.0,"R_DHNCOAT":0.0,"R_FADt":0.0,"R_HPACOAT":0.0,"R_PUACGAMtr":0.0,"R_DC6PDA":0.0,"R_5DGLCNR":0.0,"R_PIt2rpp":0.845956775,"R_FADtex":0.0,"R_AI2abcpp":0.0,"R_PAI2I":0.0003928948,"R_4HBZt3pp":0.0,"R_CURR":0.0,"R_LKDRA":0.0,"R_LEUt2rpp":0.0,"R_LCTStpp":0.0,"R_ILEt3pp":0.0,"R_METNA":0.0,"R_METt3pp":0.0,"R_FESD1s":0.0034237971,"R_GSNt3pp":0.0,"R_CLtipp":0.0,"R_5DKGR":0.0,"R_XYHDL":0.0,"R_2DGLCtex":0.0,"R_E4PP":0.0,"R_PUACGAMS":0.0,"R_PItpp":0.0,"R_RU5PP":0.0,"R_EX_doxrbcn_e":0.0,"R_6D6SFK":0.0,"R_3SLAR":0.0,"R_LEUt3pp":0.0,"R_INSt3pp":0.0,"R_INDOLEt2rpp":0.0,"R_SQtex":0.0,"R_ILEt2rpp":0.0,"R_GLYtpp":0.0,"R_EX_dhps_e":0.0,"R_MOX":0.0,"R_URATEtex":0.0,"R_EX_cs1_e":0.0,"R_EX_fusa_e":0.0,"R_CBL1tonex":0.0,"R_CBItonex":0.0,"R_ARHGDx":0.0,"R_CPL":0.0,"R_EX_mepn_e":0.0,"R_PSURItpp":0.0,"R_CYSTA":0.0,"R_FE3DCITR5":0.0,"R_CH4t2pp":0.0,"R_EX_cm_e":0.0,"R_4HTHRA":-0.0005867111,"R_EX_novbcn_e":0.0,"R_I2FE2SR":0.000001754,"R_GAPP":0.0,"R_TYRL":0.0001955704,"R_METGLCURt2pp":0.0,"R_METGLCURtex":0.0,"R_INOSTO":0.0,"R_THZPSN3":0.0001955704,"R_HPYRP":0.0,"R_PSURIK":0.0,"R_FMNt":0.0,"R_AI2tex":0.0,"R_PAI2T":0.0003928948,"R_CUt2pp":0.0,"R_Ftex":0.0,"R_APG3PAT120":0.0,"R_CYSItex":0.0,"R_SERtpp":0.0,"R_QUINDHyi":0.0,"R_DHCURR":0.0,"R_RHMND":0.0,"R_3HBZCT":0.0,"R_CXSAMS":0.0,"R_EX_2dglc_e":0.0,"R_THRt2rpp":0.0,"R_SERt2rpp":0.0,"R_DHGLYH":0.0,"R_PNSPA":0.0,"R_4HTHRK":0.0005867111,"R_ACOAD1f":0.0,"R_AMPNTAT":0.0,"R_EX_sq_e":0.0,"R_APH120":0.0,"R_URATEtpp":0.0,"R_CS1tex":0.0,"R_ADOCBLtonex":0.0,"R_SQGH":0.0,"R_URAtpp":0.0,"R_ASPtpp":0.0,"R_FUMt1pp":0.0,"R_SUCCt1pp":0.0,"R_QUINDH":0.0,"R_PETNT181pp":0.0,"R_ARMEPNS":0.0,"R_LCARSyi":0.0,"R_MOCDS":0.0,"R_BIOMASS_Ec_iML1515_core_75p37M":0.8769972144,"R_BIOMASS_Ec_iML1515_WT_75p37M":0.0,"R_RPNTPH":0.0,"R_PRCPD":0.0,"R_FUSAtex":0.0,"R_MEPNtex":0.0,"R_UDPGPT":0.0,"R_MEPNabcpp":0.0,"R_OMMBLHXy":0.0,"R_OPHHXy":0.0,"R_PROD3":0.0,"R_NOVBCNtex":0.0,"R_F1PP":0.0,"R_ACP1p":0.0,"R_EX_4abzglu_e":0.0,"R_EX_rfamp_e":0.0,"R_3HPADHi":0.0,"R_4ABZGLUtex":0.0,"R_QUIN2tex":0.0,"R_2HPTCOAT":0.0,"R_EX_metglcur_e":0.0,"R_EX_quin_e":0.0,"R_MC6PH":0.0,"R_FORCT":0.0,"R_SLNTabcpp":0.0,"R_VALt2rpp":0.0,"R_DHPTDCs2":0.0,"R_VALt3pp":0.0,"R_MN2tipp":0.0,"R_EX_3hpp_e":0.0,"R_PACCOAE":0.0,"R_OXDHCOAT":0.0,"R_HADPCOADH3":0.0,"R_O16A4COLIPAabctex":0.0,"R_COLIPAabctex":0.0,"R_ENLIPAabctex":0.0,"R_DM_mththf_c":0.0,"R_PYROX":0.0,"R_BMOGDS1":0.0,"R_MPTS":0.0,"R_MOCOS":0.0,"R_BMOGDS2":0.0,"R_FESD2s":0.0,"R_OCTNLL":0.0}]