[{"data_set_value_component_environment_variable_time":0.0,"data_set_value_component_PYR_variable_PYR":1.0,"data_set_value_component_ACP_variable_ACP":0.03145,"data_set_value_component_ACAL_variable_ACAL":0.11,"data_set_value_component_ACLAC_variable_ACLAC":0.00001,"data_set_value_component_ACET_variable_ACET":0.00001,"data_set_value_component_ATP_variable_ATP":0.1,"data_set_value_component_ADP_variable_ADP":4.9,"data_set_value_component_ADP_variable_A_tot":5.0,"data_set_value_component_NADH_variable_NADH":3.67,"data_set_value_component_NAD_variable_NAD":6.33,"data_set_value_component_NAD_variable_NAD_tot":10.0,"data_set_value_component_ACCOA_variable_ACCOA":0.11,"data_set_value_component_COA_variable_COA":0.89,"data_set_value_component_COA_variable_C_tot":1.0,"data_set_value_component_AC_variable_AC":0.01,"data_set_value_component_BUT_variable_BUT":0.01,"data_set_value_component_ETOH_variable_ETOH":0.1,"data_set_value_component_GLC_variable_GLC":15.0,"data_set_value_component_LAC_variable_LAC":0.1,"data_set_value_component_O_variable_O":0.2,"data_set_value_component_P_variable_P":10.0,"data_set_value_component_V_GLYC_variable_V_GLYC":1158.5796612071,"data_set_value_component_V_GLYC_variable_V_GLYC_temp":1158.5796612071,"data_set_value_component_V_GLYC_variable_Km_GLC":0.1,"data_set_value_component_V_GLYC_variable_Km_NAD":0.1412,"data_set_value_component_V_GLYC_variable_Km_ADP":0.04699,"data_set_value_component_V_GLYC_variable_Km_PYR":2.5,"data_set_value_component_V_GLYC_variable_Km_NADH":0.08999,"data_set_value_component_V_GLYC_variable_Km_ATP":0.01867,"data_set_value_component_V_GLYC_variable_V_GLYC_max":2397.0,"data_set_value_component_V_LDH_variable_V_LDH":1895.6469198924,"data_set_value_component_V_LDH_variable_V_LDH_temp":1895.6469198924,"data_set_value_component_V_LDH_variable_Keq":21120.69,"data_set_value_component_V_LDH_variable_Km_LAC":100.0,"data_set_value_component_V_LDH_variable_Km_NAD":2.4,"data_set_value_component_V_LDH_variable_Km_PYR":1.5,"data_set_value_component_V_LDH_variable_Km_NADH":0.08,"data_set_value_component_V_LDH_variable_V_LDH_max":5118.0,"data_set_value_component_V_PDH_variable_V_PDH":1.1134314031,"data_set_value_component_V_PDH_variable_V_PDH_temp":1.1134314031,"data_set_value_component_V_PDH_variable_Ki":46.4159,"data_set_value_component_V_PDH_variable_Km_NAD":0.4,"data_set_value_component_V_PDH_variable_Km_COA":0.014,"data_set_value_component_V_PDH_variable_Km_PYR":1.0,"data_set_value_component_V_PDH_variable_Km_NADH":0.1,"data_set_value_component_V_PDH_variable_Km_ACCOA":0.008,"data_set_value_component_V_PDH_variable_V_PDH_max":259.0,"data_set_value_component_V_PTA_variable_V_PTA":-6.5169219888,"data_set_value_component_V_PTA_variable_V_PTA_temp":-6.5169219888,"data_set_value_component_V_PTA_variable_Keq":0.0065,"data_set_value_component_V_PTA_variable_Km_P":2.6,"data_set_value_component_V_PTA_variable_Ki_P":2.6,"data_set_value_component_V_PTA_variable_Ki_COA":0.029,"data_set_value_component_V_PTA_variable_Km_ACP":0.7,"data_set_value_component_V_PTA_variable_Ki_ACP":0.2,"data_set_value_component_V_PTA_variable_Ki_ACCOA":0.2,"data_set_value_component_V_PTA_variable_V_PTA_max":42.0,"data_set_value_component_V_ACK_variable_V_ACK":355.0136277988,"data_set_value_component_V_ACK_variable_V_ACK_temp":355.0136277988,"data_set_value_component_V_ACK_variable_Keq":174.217,"data_set_value_component_V_ACK_variable_Km_AC":7.0,"data_set_value_component_V_ACK_variable_Km_ATP":0.07,"data_set_value_component_V_ACK_variable_Km_ADP":0.5,"data_set_value_component_V_ACK_variable_Km_ACP":0.16,"data_set_value_component_V_ACK_variable_V_ACK_max":2700.0,"data_set_value_component_V_ACALDH_variable_V_ACALDH":-4.0783006102,"data_set_value_component_V_ACALDH_variable_V_ACALDH_temp":-4.0783006102,"data_set_value_component_V_ACALDH_variable_Keq":1.0,"data_set_value_component_V_ACALDH_variable_Km_NAD":0.08,"data_set_value_component_V_ACALDH_variable_Km_NADH":0.025,"data_set_value_component_V_ACALDH_variable_Km_COA":0.008,"data_set_value_component_V_ACALDH_variable_Km_ACCOA":0.007,"data_set_value_component_V_ACALDH_variable_Km_ACAL":10.0,"data_set_value_component_V_ACALDH_variable_V_ACALDH_max":97.0,"data_set_value_component_V_ADH_variable_V_ADH":59.5708085841,"data_set_value_component_V_ADH_variable_V_ADH_temp":59.5708085841,"data_set_value_component_V_ADH_variable_Keq":12354.9,"data_set_value_component_V_ADH_variable_Km_NAD":0.08,"data_set_value_component_V_ADH_variable_Km_NADH":0.05,"data_set_value_component_V_ADH_variable_Km_ETOH":1.0,"data_set_value_component_V_ADH_variable_Km_ACAL":0.03,"data_set_value_component_V_ADH_variable_V_ADH_max":162.0,"data_set_value_component_V_ALS_variable_V_ALS":0.0501868516,"data_set_value_component_V_ALS_variable_V_ALS_temp":0.0501868516,"data_set_value_component_V_ALS_variable_N":2.4,"data_set_value_component_V_ALS_variable_Keq":9000000000000.0,"data_set_value_component_V_ALS_variable_Km_ACLAC":100.0,"data_set_value_component_V_ALS_variable_Km_PYR":50.0,"data_set_value_component_V_ALS_variable_V_ALS_max":600.0,"data_set_value_component_V_ALDC_variable_V_ALDC":0.0001059999,"data_set_value_component_V_ALDC_variable_V_ALDC_temp":0.0001059999,"data_set_value_component_V_ALDC_variable_Km_ACLAC":10.0,"data_set_value_component_V_ALDC_variable_Km_ACET":100.0,"data_set_value_component_V_ALDC_variable_V_ALDC_max":106.0,"data_set_value_component_V_ACETEFF_variable_V_ACETEFF":0.0003999992,"data_set_value_component_V_ACETEFF_variable_V_ACETEFF_temp":0.0003999992,"data_set_value_component_V_ACETEFF_variable_Km_ACET":5.0,"data_set_value_component_V_ACETEFF_variable_V_ACETEFF_max":200.0,"data_set_value_component_V_ACETDH_variable_V_ACETDH":-0.003311676,"data_set_value_component_V_ACETDH_variable_V_ACETDH_temp":-0.003311676,"data_set_value_component_V_ACETDH_variable_Keq":1400.0,"data_set_value_component_V_ACETDH_variable_Km_NAD":0.16,"data_set_value_component_V_ACETDH_variable_Km_NADH":0.02,"data_set_value_component_V_ACETDH_variable_Km_BUT":2.6,"data_set_value_component_V_ACETDH_variable_Km_ACET":0.06,"data_set_value_component_V_ACETDH_variable_V_ACETDH_max":105.0,"data_set_value_component_V_ATPase_variable_V_ATPase":0.0003547227,"data_set_value_component_V_ATPase_variable_V_ATPase_temp":0.0003547227,"data_set_value_component_V_ATPase_variable_N":2.58,"data_set_value_component_V_ATPase_variable_Km_ATP":6.196,"data_set_value_component_V_ATPase_variable_V_ATPase_max":900.0,"data_set_value_component_V_NOX_variable_V_NOX":54.5342813176,"data_set_value_component_V_NOX_variable_V_NOX_temp":54.5342813176,"data_set_value_component_V_NOX_variable_Km_NAD":1.0,"data_set_value_component_V_NOX_variable_Km_NADH":0.041,"data_set_value_component_V_NOX_variable_Km_O":0.2,"data_set_value_component_V_NOX_variable_V_NOX_max":118.0,"data_set_value_component_V_NEALC_variable_V_NEALC":0.000000003,"data_set_value_component_V_NEALC_variable_k":0.0003},{"data_set_value_component_environment_variable_time":0.1,"data_set_value_component_PYR_variable_PYR":0.1875258118,"data_set_value_component_ACP_variable_ACP":0.0093751528,"data_set_value_component_ACAL_variable_ACAL":0.0063211555,"data_set_value_component_ACLAC_variable_ACLAC":0.0000227327,"data_set_value_component_ACET_variable_ACET":0.000275875,"data_set_value_component_ATP_variable_ATP":3.9854958375,"data_set_value_component_ADP_variable_ADP":1.0145041625,"data_set_value_component_ADP_variable_A_tot":5.0,"data_set_value_component_NADH_variable_NADH":0.2160987056,"data_set_value_component_NAD_variable_NAD":9.7839012944,"data_set_value_component_NAD_variable_NAD_tot":10.0,"data_set_value_component_ACCOA_variable_ACCOA":0.3252146993,"data_set_value_component_COA_variable_COA":0.6747853007,"data_set_value_component_COA_variable_C_tot":1.0,"data_set_value_component_AC_variable_AC":0.01,"data_set_value_component_BUT_variable_BUT":0.01,"data_set_value_component_ETOH_variable_ETOH":0.1,"data_set_value_component_GLC_variable_GLC":15.0,"data_set_value_component_LAC_variable_LAC":0.1,"data_set_value_component_O_variable_O":0.2,"data_set_value_component_P_variable_P":10.0,"data_set_value_component_V_GLYC_variable_V_GLYC":207.4818069168,"data_set_value_component_V_GLYC_variable_V_GLYC_temp":207.4818069168,"data_set_value_component_V_GLYC_variable_Km_GLC":0.1,"data_set_value_component_V_GLYC_variable_Km_NAD":0.1412,"data_set_value_component_V_GLYC_variable_Km_ADP":0.04699,"data_set_value_component_V_GLYC_variable_Km_PYR":2.5,"data_set_value_component_V_GLYC_variable_Km_NADH":0.08999,"data_set_value_component_V_GLYC_variable_Km_ATP":0.01867,"data_set_value_component_V_GLYC_variable_V_GLYC_max":2397.0,"data_set_value_component_V_LDH_variable_V_LDH":197.1198719845,"data_set_value_component_V_LDH_variable_V_LDH_temp":197.1198719845,"data_set_value_component_V_LDH_variable_Keq":21120.69,"data_set_value_component_V_LDH_variable_Km_LAC":100.0,"data_set_value_component_V_LDH_variable_Km_NAD":2.4,"data_set_value_component_V_LDH_variable_Km_PYR":1.5,"data_set_value_component_V_LDH_variable_Km_NADH":0.08,"data_set_value_component_V_LDH_variable_V_LDH_max":5118.0,"data_set_value_component_V_PDH_variable_V_PDH":9.5936342821,"data_set_value_component_V_PDH_variable_V_PDH_temp":9.5936342821,"data_set_value_component_V_PDH_variable_Ki":46.4159,"data_set_value_component_V_PDH_variable_Km_NAD":0.4,"data_set_value_component_V_PDH_variable_Km_COA":0.014,"data_set_value_component_V_PDH_variable_Km_PYR":1.0,"data_set_value_component_V_PDH_variable_Km_NADH":0.1,"data_set_value_component_V_PDH_variable_Km_ACCOA":0.008,"data_set_value_component_V_PDH_variable_V_PDH_max":259.0,"data_set_value_component_V_PTA_variable_V_PTA":5.0631854319,"data_set_value_component_V_PTA_variable_V_PTA_temp":5.0631854319,"data_set_value_component_V_PTA_variable_Keq":0.0065,"data_set_value_component_V_PTA_variable_Km_P":2.6,"data_set_value_component_V_PTA_variable_Ki_P":2.6,"data_set_value_component_V_PTA_variable_Ki_COA":0.029,"data_set_value_component_V_PTA_variable_Km_ACP":0.7,"data_set_value_component_V_PTA_variable_Ki_ACP":0.2,"data_set_value_component_V_PTA_variable_Ki_ACCOA":0.2,"data_set_value_component_V_PTA_variable_V_PTA_max":42.0,"data_set_value_component_V_ACK_variable_V_ACK":4.9285780326,"data_set_value_component_V_ACK_variable_V_ACK_temp":4.9285780326,"data_set_value_component_V_ACK_variable_Keq":174.217,"data_set_value_component_V_ACK_variable_Km_AC":7.0,"data_set_value_component_V_ACK_variable_Km_ATP":0.07,"data_set_value_component_V_ACK_variable_Km_ADP":0.5,"data_set_value_component_V_ACK_variable_Km_ACP":0.16,"data_set_value_component_V_ACK_variable_V_ACK_max":2700.0,"data_set_value_component_V_ACALDH_variable_V_ACALDH":0.9092415702,"data_set_value_component_V_ACALDH_variable_V_ACALDH_temp":0.9092415702,"data_set_value_component_V_ACALDH_variable_Keq":1.0,"data_set_value_component_V_ACALDH_variable_Km_NAD":0.08,"data_set_value_component_V_ACALDH_variable_Km_NADH":0.025,"data_set_value_component_V_ACALDH_variable_Km_COA":0.008,"data_set_value_component_V_ACALDH_variable_Km_ACCOA":0.007,"data_set_value_component_V_ACALDH_variable_Km_ACAL":10.0,"data_set_value_component_V_ACALDH_variable_V_ACALDH_max":97.0,"data_set_value_component_V_ADH_variable_V_ADH":0.8308250166,"data_set_value_component_V_ADH_variable_V_ADH_temp":0.8308250166,"data_set_value_component_V_ADH_variable_Keq":12354.9,"data_set_value_component_V_ADH_variable_Km_NAD":0.08,"data_set_value_component_V_ADH_variable_Km_NADH":0.05,"data_set_value_component_V_ADH_variable_Km_ETOH":1.0,"data_set_value_component_V_ADH_variable_Km_ACAL":0.03,"data_set_value_component_V_ADH_variable_V_ADH_max":162.0,"data_set_value_component_V_ALS_variable_V_ALS":0.0009036619,"data_set_value_component_V_ALS_variable_V_ALS_temp":0.0009036619,"data_set_value_component_V_ALS_variable_N":2.4,"data_set_value_component_V_ALS_variable_Keq":9000000000000.0,"data_set_value_component_V_ALS_variable_Km_ACLAC":100.0,"data_set_value_component_V_ALS_variable_Km_PYR":50.0,"data_set_value_component_V_ALS_variable_V_ALS_max":600.0,"data_set_value_component_V_ALDC_variable_V_ALDC":0.0002409657,"data_set_value_component_V_ALDC_variable_V_ALDC_temp":0.0002409657,"data_set_value_component_V_ALDC_variable_Km_ACLAC":10.0,"data_set_value_component_V_ALDC_variable_Km_ACET":100.0,"data_set_value_component_V_ALDC_variable_V_ALDC_max":106.0,"data_set_value_component_V_ACETEFF_variable_V_ACETEFF":0.0110343903,"data_set_value_component_V_ACETEFF_variable_V_ACETEFF_temp":0.0110343903,"data_set_value_component_V_ACETEFF_variable_Km_ACET":5.0,"data_set_value_component_V_ACETEFF_variable_V_ACETEFF_max":200.0,"data_set_value_component_V_ACETDH_variable_V_ACETDH":-0.0122130529,"data_set_value_component_V_ACETDH_variable_V_ACETDH_temp":-0.0122130529,"data_set_value_component_V_ACETDH_variable_Keq":1400.0,"data_set_value_component_V_ACETDH_variable_Km_NAD":0.16,"data_set_value_component_V_ACETDH_variable_Km_NADH":0.02,"data_set_value_component_V_ACETDH_variable_Km_BUT":2.6,"data_set_value_component_V_ACETDH_variable_Km_ACET":0.06,"data_set_value_component_V_ACETDH_variable_V_ACETDH_max":105.0,"data_set_value_component_V_ATPase_variable_V_ATPase":212.2668301097,"data_set_value_component_V_ATPase_variable_V_ATPase_temp":212.2668301097,"data_set_value_component_V_ATPase_variable_N":2.58,"data_set_value_component_V_ATPase_variable_Km_ATP":6.196,"data_set_value_component_V_ATPase_variable_V_ATPase_max":900.0,"data_set_value_component_V_NOX_variable_V_NOX":19.369606238,"data_set_value_component_V_NOX_variable_V_NOX_temp":19.369606238,"data_set_value_component_V_NOX_variable_Km_NAD":1.0,"data_set_value_component_V_NOX_variable_Km_NADH":0.041,"data_set_value_component_V_NOX_variable_Km_O":0.2,"data_set_value_component_V_NOX_variable_V_NOX_max":118.0,"data_set_value_component_V_NEALC_variable_V_NEALC":0.0000000068,"data_set_value_component_V_NEALC_variable_k":0.0003},{"data_set_value_component_environment_variable_time":0.2,"data_set_value_component_PYR_variable_PYR":0.2236891838,"data_set_value_component_ACP_variable_ACP":0.015381183,"data_set_value_component_ACAL_variable_ACAL":0.0096489677,"data_set_value_component_ACLAC_variable_ACLAC":0.0000461975,"data_set_value_component_ACET_variable_ACET":0.0003407157,"data_set_value_component_ATP_variable_ATP":3.9913119702,"data_set_value_component_ADP_variable_ADP":1.0086880298,"data_set_value_component_ADP_variable_A_tot":5.0,"data_set_value_component_NADH_variable_NADH":0.1738823105,"data_set_value_component_NAD_variable_NAD":9.8261176895,"data_set_value_component_NAD_variable_NAD_tot":10.0,"data_set_value_component_ACCOA_variable_ACCOA":0.4664959102,"data_set_value_component_COA_variable_COA":0.5335040898,"data_set_value_component_COA_variable_C_tot":1.0,"data_set_value_component_AC_variable_AC":0.01,"data_set_value_component_BUT_variable_BUT":0.01,"data_set_value_component_ETOH_variable_ETOH":0.1,"data_set_value_component_GLC_variable_GLC":15.0,"data_set_value_component_LAC_variable_LAC":0.1,"data_set_value_component_O_variable_O":0.2,"data_set_value_component_P_variable_P":10.0,"data_set_value_component_V_GLYC_variable_V_GLYC":207.4836003615,"data_set_value_component_V_GLYC_variable_V_GLYC_temp":207.4836003615,"data_set_value_component_V_GLYC_variable_Km_GLC":0.1,"data_set_value_component_V_GLYC_variable_Km_NAD":0.1412,"data_set_value_component_V_GLYC_variable_Km_ADP":0.04699,"data_set_value_component_V_GLYC_variable_Km_PYR":2.5,"data_set_value_component_V_GLYC_variable_Km_NADH":0.08999,"data_set_value_component_V_GLYC_variable_Km_ATP":0.01867,"data_set_value_component_V_GLYC_variable_V_GLYC_max":2397.0,"data_set_value_component_V_LDH_variable_V_LDH":198.2232174827,"data_set_value_component_V_LDH_variable_V_LDH_temp":198.2232174827,"data_set_value_component_V_LDH_variable_Keq":21120.69,"data_set_value_component_V_LDH_variable_Km_LAC":100.0,"data_set_value_component_V_LDH_variable_Km_NAD":2.4,"data_set_value_component_V_LDH_variable_Km_PYR":1.5,"data_set_value_component_V_LDH_variable_Km_NADH":0.08,"data_set_value_component_V_LDH_variable_V_LDH_max":5118.0,"data_set_value_component_V_PDH_variable_V_PDH":9.1481402882,"data_set_value_component_V_PDH_variable_V_PDH_temp":9.1481402882,"data_set_value_component_V_PDH_variable_Ki":46.4159,"data_set_value_component_V_PDH_variable_Km_NAD":0.4,"data_set_value_component_V_PDH_variable_Km_COA":0.014,"data_set_value_component_V_PDH_variable_Km_PYR":1.0,"data_set_value_component_V_PDH_variable_Km_NADH":0.1,"data_set_value_component_V_PDH_variable_Km_ACCOA":0.008,"data_set_value_component_V_PDH_variable_V_PDH_max":259.0,"data_set_value_component_V_PTA_variable_V_PTA":7.8457709223,"data_set_value_component_V_PTA_variable_V_PTA_temp":7.8457709223,"data_set_value_component_V_PTA_variable_Keq":0.0065,"data_set_value_component_V_PTA_variable_Km_P":2.6,"data_set_value_component_V_PTA_variable_Ki_P":2.6,"data_set_value_component_V_PTA_variable_Ki_COA":0.029,"data_set_value_component_V_PTA_variable_Km_ACP":0.7,"data_set_value_component_V_PTA_variable_Ki_ACP":0.2,"data_set_value_component_V_PTA_variable_Ki_ACCOA":0.2,"data_set_value_component_V_PTA_variable_V_PTA_max":42.0,"data_set_value_component_V_ACK_variable_V_ACK":7.829216113,"data_set_value_component_V_ACK_variable_V_ACK_temp":7.829216113,"data_set_value_component_V_ACK_variable_Keq":174.217,"data_set_value_component_V_ACK_variable_Km_AC":7.0,"data_set_value_component_V_ACK_variable_Km_ATP":0.07,"data_set_value_component_V_ACK_variable_Km_ADP":0.5,"data_set_value_component_V_ACK_variable_Km_ACP":0.16,"data_set_value_component_V_ACK_variable_V_ACK_max":2700.0,"data_set_value_component_V_ACALDH_variable_V_ACALDH":0.9624122134,"data_set_value_component_V_ACALDH_variable_V_ACALDH_temp":0.9624122134,"data_set_value_component_V_ACALDH_variable_Keq":1.0,"data_set_value_component_V_ACALDH_variable_Km_NAD":0.08,"data_set_value_component_V_ACALDH_variable_Km_NADH":0.025,"data_set_value_component_V_ACALDH_variable_Km_COA":0.008,"data_set_value_component_V_ACALDH_variable_Km_ACCOA":0.007,"data_set_value_component_V_ACALDH_variable_Km_ACAL":10.0,"data_set_value_component_V_ACALDH_variable_V_ACALDH_max":97.0,"data_set_value_component_V_ADH_variable_V_ADH":0.9537607967,"data_set_value_component_V_ADH_variable_V_ADH_temp":0.9537607967,"data_set_value_component_V_ADH_variable_Keq":12354.9,"data_set_value_component_V_ADH_variable_Km_NAD":0.08,"data_set_value_component_V_ADH_variable_Km_NADH":0.05,"data_set_value_component_V_ADH_variable_Km_ETOH":1.0,"data_set_value_component_V_ADH_variable_Km_ACAL":0.03,"data_set_value_component_V_ADH_variable_V_ADH_max":162.0,"data_set_value_component_V_ALS_variable_V_ALS":0.0013798535,"data_set_value_component_V_ALS_variable_V_ALS_temp":0.0013798535,"data_set_value_component_V_ALS_variable_N":2.4,"data_set_value_component_V_ALS_variable_Keq":9000000000000.0,"data_set_value_component_V_ALS_variable_Km_ACLAC":100.0,"data_set_value_component_V_ALS_variable_Km_PYR":50.0,"data_set_value_component_V_ALS_variable_V_ALS_max":600.0,"data_set_value_component_V_ALDC_variable_V_ALDC":0.0004896892,"data_set_value_component_V_ALDC_variable_V_ALDC_temp":0.0004896892,"data_set_value_component_V_ALDC_variable_Km_ACLAC":10.0,"data_set_value_component_V_ALDC_variable_Km_ACET":100.0,"data_set_value_component_V_ALDC_variable_V_ALDC_max":106.0,"data_set_value_component_V_ACETEFF_variable_V_ACETEFF":0.0136276993,"data_set_value_component_V_ACETEFF_variable_V_ACETEFF_temp":0.0136276993,"data_set_value_component_V_ACETEFF_variable_Km_ACET":5.0,"data_set_value_component_V_ACETEFF_variable_V_ACETEFF_max":200.0,"data_set_value_component_V_ACETDH_variable_V_ACETDH":-0.013337614,"data_set_value_component_V_ACETDH_variable_V_ACETDH_temp":-0.013337614,"data_set_value_component_V_ACETDH_variable_Keq":1400.0,"data_set_value_component_V_ACETDH_variable_Km_NAD":0.16,"data_set_value_component_V_ACETDH_variable_Km_NADH":0.02,"data_set_value_component_V_ACETDH_variable_Km_BUT":2.6,"data_set_value_component_V_ACETDH_variable_Km_ACET":0.06,"data_set_value_component_V_ACETDH_variable_V_ACETDH_max":105.0,"data_set_value_component_V_ATPase_variable_V_ATPase":215.2979580888,"data_set_value_component_V_ATPase_variable_V_ATPase_temp":215.2979580888,"data_set_value_component_V_ATPase_variable_N":2.58,"data_set_value_component_V_ATPase_variable_Km_ATP":6.196,"data_set_value_component_V_ATPase_variable_V_ATPase_max":900.0,"data_set_value_component_V_NOX_variable_V_NOX":16.6070485502,"data_set_value_component_V_NOX_variable_V_NOX_temp":16.6070485502,"data_set_value_component_V_NOX_variable_Km_NAD":1.0,"data_set_value_component_V_NOX_variable_Km_NADH":0.041,"data_set_value_component_V_NOX_variable_Km_O":0.2,"data_set_value_component_V_NOX_variable_V_NOX_max":118.0,"data_set_value_component_V_NEALC_variable_V_NEALC":0.0000000139,"data_set_value_component_V_NEALC_variable_k":0.0003},{"data_set_value_component_environment_variable_time":0.3,"data_set_value_component_PYR_variable_PYR":0.2279828645,"data_set_value_component_ACP_variable_ACP":0.0160117047,"data_set_value_component_ACAL_variable_ACAL":0.009976028,"data_set_value_component_ACLAC_variable_ACLAC":0.0000600438,"data_set_value_component_ACET_variable_ACET":0.0003487108,"data_set_value_component_ATP_variable_ATP":3.991874502,"data_set_value_component_ADP_variable_ADP":1.008125498,"data_set_value_component_ADP_variable_A_tot":5.0,"data_set_value_component_NADH_variable_NADH":0.1700552735,"data_set_value_component_NAD_variable_NAD":9.8299447265,"data_set_value_component_NAD_variable_NAD_tot":10.0,"data_set_value_component_ACCOA_variable_ACCOA":0.4792722168,"data_set_value_component_COA_variable_COA":0.5207277832,"data_set_value_component_COA_variable_C_tot":1.0,"data_set_value_component_AC_variable_AC":0.01,"data_set_value_component_BUT_variable_BUT":0.01,"data_set_value_component_ETOH_variable_ETOH":0.1,"data_set_value_component_GLC_variable_GLC":15.0,"data_set_value_component_LAC_variable_LAC":0.1,"data_set_value_component_O_variable_O":0.2,"data_set_value_component_P_variable_P":10.0,"data_set_value_component_V_GLYC_variable_V_GLYC":207.4744770366,"data_set_value_component_V_GLYC_variable_V_GLYC_temp":207.4744770366,"data_set_value_component_V_GLYC_variable_Km_GLC":0.1,"data_set_value_component_V_GLYC_variable_Km_NAD":0.1412,"data_set_value_component_V_GLYC_variable_Km_ADP":0.04699,"data_set_value_component_V_GLYC_variable_Km_PYR":2.5,"data_set_value_component_V_GLYC_variable_Km_NADH":0.08999,"data_set_value_component_V_GLYC_variable_Km_ATP":0.01867,"data_set_value_component_V_GLYC_variable_V_GLYC_max":2397.0,"data_set_value_component_V_LDH_variable_V_LDH":198.3522733517,"data_set_value_component_V_LDH_variable_V_LDH_temp":198.3522733517,"data_set_value_component_V_LDH_variable_Keq":21120.69,"data_set_value_component_V_LDH_variable_Km_LAC":100.0,"data_set_value_component_V_LDH_variable_Km_NAD":2.4,"data_set_value_component_V_LDH_variable_Km_PYR":1.5,"data_set_value_component_V_LDH_variable_Km_NADH":0.08,"data_set_value_component_V_LDH_variable_V_LDH_max":5118.0,"data_set_value_component_V_PDH_variable_V_PDH":9.1103398808,"data_set_value_component_V_PDH_variable_V_PDH_temp":9.1103398808,"data_set_value_component_V_PDH_variable_Ki":46.4159,"data_set_value_component_V_PDH_variable_Km_NAD":0.4,"data_set_value_component_V_PDH_variable_Km_COA":0.014,"data_set_value_component_V_PDH_variable_Km_PYR":1.0,"data_set_value_component_V_PDH_variable_Km_NADH":0.1,"data_set_value_component_V_PDH_variable_Km_ACCOA":0.008,"data_set_value_component_V_PDH_variable_V_PDH_max":259.0,"data_set_value_component_V_PTA_variable_V_PTA":8.121749382,"data_set_value_component_V_PTA_variable_V_PTA_temp":8.121749382,"data_set_value_component_V_PTA_variable_Keq":0.0065,"data_set_value_component_V_PTA_variable_Km_P":2.6,"data_set_value_component_V_PTA_variable_Ki_P":2.6,"data_set_value_component_V_PTA_variable_Ki_COA":0.029,"data_set_value_component_V_PTA_variable_Km_ACP":0.7,"data_set_value_component_V_PTA_variable_Ki_ACP":0.2,"data_set_value_component_V_PTA_variable_Ki_ACCOA":0.2,"data_set_value_component_V_PTA_variable_V_PTA_max":42.0,"data_set_value_component_V_ACK_variable_V_ACK":8.1202463187,"data_set_value_component_V_ACK_variable_V_ACK_temp":8.1202463187,"data_set_value_component_V_ACK_variable_Keq":174.217,"data_set_value_component_V_ACK_variable_Km_AC":7.0,"data_set_value_component_V_ACK_variable_Km_ATP":0.07,"data_set_value_component_V_ACK_variable_Km_ADP":0.5,"data_set_value_component_V_ACK_variable_Km_ACP":0.16,"data_set_value_component_V_ACK_variable_V_ACK_max":2700.0,"data_set_value_component_V_ACALDH_variable_V_ACALDH":0.9585426338,"data_set_value_component_V_ACALDH_variable_V_ACALDH_temp":0.9585426338,"data_set_value_component_V_ACALDH_variable_Keq":1.0,"data_set_value_component_V_ACALDH_variable_Km_NAD":0.08,"data_set_value_component_V_ACALDH_variable_Km_NADH":0.025,"data_set_value_component_V_ACALDH_variable_Km_COA":0.008,"data_set_value_component_V_ACALDH_variable_Km_ACCOA":0.007,"data_set_value_component_V_ACALDH_variable_Km_ACAL":10.0,"data_set_value_component_V_ACALDH_variable_V_ACALDH_max":97.0,"data_set_value_component_V_ADH_variable_V_ADH":0.9577692261,"data_set_value_component_V_ADH_variable_V_ADH_temp":0.9577692261,"data_set_value_component_V_ADH_variable_Keq":12354.9,"data_set_value_component_V_ADH_variable_Km_NAD":0.08,"data_set_value_component_V_ADH_variable_Km_NADH":0.05,"data_set_value_component_V_ADH_variable_Km_ETOH":1.0,"data_set_value_component_V_ADH_variable_Km_ACAL":0.03,"data_set_value_component_V_ADH_variable_V_ADH_max":162.0,"data_set_value_component_V_ALS_variable_V_ALS":0.0014443337,"data_set_value_component_V_ALS_variable_V_ALS_temp":0.0014443337,"data_set_value_component_V_ALS_variable_N":2.4,"data_set_value_component_V_ALS_variable_Keq":9000000000000.0,"data_set_value_component_V_ALS_variable_Km_ACLAC":100.0,"data_set_value_component_V_ALS_variable_Km_PYR":50.0,"data_set_value_component_V_ALS_variable_V_ALS_max":600.0,"data_set_value_component_V_ALDC_variable_V_ALDC":0.0006364579,"data_set_value_component_V_ALDC_variable_V_ALDC_temp":0.0006364579,"data_set_value_component_V_ALDC_variable_Km_ACLAC":10.0,"data_set_value_component_V_ALDC_variable_Km_ACET":100.0,"data_set_value_component_V_ALDC_variable_V_ALDC_max":106.0,"data_set_value_component_V_ACETEFF_variable_V_ACETEFF":0.0139474603,"data_set_value_component_V_ACETEFF_variable_V_ACETEFF_temp":0.0139474603,"data_set_value_component_V_ACETEFF_variable_Km_ACET":5.0,"data_set_value_component_V_ACETEFF_variable_V_ACETEFF_max":200.0,"data_set_value_component_V_ACETDH_variable_V_ACETDH":-0.0133327001,"data_set_value_component_V_ACETDH_variable_V_ACETDH_temp":-0.0133327001,"data_set_value_component_V_ACETDH_variable_Keq":1400.0,"data_set_value_component_V_ACETDH_variable_Km_NAD":0.16,"data_set_value_component_V_ACETDH_variable_Km_NADH":0.02,"data_set_value_component_V_ACETDH_variable_Km_BUT":2.6,"data_set_value_component_V_ACETDH_variable_Km_ACET":0.06,"data_set_value_component_V_ACETDH_variable_V_ACETDH_max":105.0,"data_set_value_component_V_ATPase_variable_V_ATPase":215.5933903426,"data_set_value_component_V_ATPase_variable_V_ATPase_temp":215.5933903426,"data_set_value_component_V_ATPase_variable_N":2.58,"data_set_value_component_V_ATPase_variable_Km_ATP":6.196,"data_set_value_component_V_ATPase_variable_V_ATPase_max":900.0,"data_set_value_component_V_NOX_variable_V_NOX":16.3386073492,"data_set_value_component_V_NOX_variable_V_NOX_temp":16.3386073492,"data_set_value_component_V_NOX_variable_Km_NAD":1.0,"data_set_value_component_V_NOX_variable_Km_NADH":0.041,"data_set_value_component_V_NOX_variable_Km_O":0.2,"data_set_value_component_V_NOX_variable_V_NOX_max":118.0,"data_set_value_component_V_NEALC_variable_V_NEALC":0.000000018,"data_set_value_component_V_NEALC_variable_k":0.0003},{"data_set_value_component_environment_variable_time":0.4,"data_set_value_component_PYR_variable_PYR":0.2283754944,"data_set_value_component_ACP_variable_ACP":0.0160682605,"data_set_value_component_ACAL_variable_ACAL":0.0100051064,"data_set_value_component_ACLAC_variable_ACLAC":0.0000654676,"data_set_value_component_ACET_variable_ACET":0.0003496277,"data_set_value_component_ATP_variable_ATP":3.9919246407,"data_set_value_component_ADP_variable_ADP":1.0080753593,"data_set_value_component_ADP_variable_A_tot":5.0,"data_set_value_component_NADH_variable_NADH":0.1697149484,"data_set_value_component_NAD_variable_NAD":9.8302850516,"data_set_value_component_NAD_variable_NAD_tot":10.0,"data_set_value_component_ACCOA_variable_ACCOA":0.4804015831,"data_set_value_component_COA_variable_COA":0.5195984169,"data_set_value_component_COA_variable_C_tot":1.0,"data_set_value_component_AC_variable_AC":0.01,"data_set_value_component_BUT_variable_BUT":0.01,"data_set_value_component_ETOH_variable_ETOH":0.1,"data_set_value_component_GLC_variable_GLC":15.0,"data_set_value_component_LAC_variable_LAC":0.1,"data_set_value_component_O_variable_O":0.2,"data_set_value_component_P_variable_P":10.0,"data_set_value_component_V_GLYC_variable_V_GLYC":207.4736288235,"data_set_value_component_V_GLYC_variable_V_GLYC_temp":207.4736288235,"data_set_value_component_V_GLYC_variable_Km_GLC":0.1,"data_set_value_component_V_GLYC_variable_Km_NAD":0.1412,"data_set_value_component_V_GLYC_variable_Km_ADP":0.04699,"data_set_value_component_V_GLYC_variable_Km_PYR":2.5,"data_set_value_component_V_GLYC_variable_Km_NADH":0.08999,"data_set_value_component_V_GLYC_variable_Km_ATP":0.01867,"data_set_value_component_V_GLYC_variable_V_GLYC_max":2397.0,"data_set_value_component_V_LDH_variable_V_LDH":198.3641101959,"data_set_value_component_V_LDH_variable_V_LDH_temp":198.3641101959,"data_set_value_component_V_LDH_variable_Keq":21120.69,"data_set_value_component_V_LDH_variable_Km_LAC":100.0,"data_set_value_component_V_LDH_variable_Km_NAD":2.4,"data_set_value_component_V_LDH_variable_Km_PYR":1.5,"data_set_value_component_V_LDH_variable_Km_NADH":0.08,"data_set_value_component_V_LDH_variable_V_LDH_max":5118.0,"data_set_value_component_V_PDH_variable_V_PDH":9.1071392312,"data_set_value_component_V_PDH_variable_V_PDH_temp":9.1071392312,"data_set_value_component_V_PDH_variable_Ki":46.4159,"data_set_value_component_V_PDH_variable_Km_NAD":0.4,"data_set_value_component_V_PDH_variable_Km_COA":0.014,"data_set_value_component_V_PDH_variable_Km_PYR":1.0,"data_set_value_component_V_PDH_variable_Km_NADH":0.1,"data_set_value_component_V_PDH_variable_Km_ACCOA":0.008,"data_set_value_component_V_PDH_variable_V_PDH_max":259.0,"data_set_value_component_V_PTA_variable_V_PTA":8.1463641358,"data_set_value_component_V_PTA_variable_V_PTA_temp":8.1463641358,"data_set_value_component_V_PTA_variable_Keq":0.0065,"data_set_value_component_V_PTA_variable_Km_P":2.6,"data_set_value_component_V_PTA_variable_Ki_P":2.6,"data_set_value_component_V_PTA_variable_Ki_COA":0.029,"data_set_value_component_V_PTA_variable_Km_ACP":0.7,"data_set_value_component_V_PTA_variable_Ki_ACP":0.2,"data_set_value_component_V_PTA_variable_Ki_ACCOA":0.2,"data_set_value_component_V_PTA_variable_V_PTA_max":42.0,"data_set_value_component_V_ACK_variable_V_ACK":8.1462309294,"data_set_value_component_V_ACK_variable_V_ACK_temp":8.1462309294,"data_set_value_component_V_ACK_variable_Keq":174.217,"data_set_value_component_V_ACK_variable_Km_AC":7.0,"data_set_value_component_V_ACK_variable_Km_ATP":0.07,"data_set_value_component_V_ACK_variable_Km_ADP":0.5,"data_set_value_component_V_ACK_variable_Km_ACP":0.16,"data_set_value_component_V_ACK_variable_V_ACK_max":2700.0,"data_set_value_component_V_ACALDH_variable_V_ACALDH":0.9581191379,"data_set_value_component_V_ACALDH_variable_V_ACALDH_temp":0.9581191379,"data_set_value_component_V_ACALDH_variable_Keq":1.0,"data_set_value_component_V_ACALDH_variable_Km_NAD":0.08,"data_set_value_component_V_ACALDH_variable_Km_NADH":0.025,"data_set_value_component_V_ACALDH_variable_Km_COA":0.008,"data_set_value_component_V_ACALDH_variable_Km_ACCOA":0.007,"data_set_value_component_V_ACALDH_variable_Km_ACAL":10.0,"data_set_value_component_V_ACALDH_variable_V_ACALDH_max":97.0,"data_set_value_component_V_ADH_variable_V_ADH":0.9580507653,"data_set_value_component_V_ADH_variable_V_ADH_temp":0.9580507653,"data_set_value_component_V_ADH_variable_Keq":12354.9,"data_set_value_component_V_ADH_variable_Km_NAD":0.08,"data_set_value_component_V_ADH_variable_Km_NADH":0.05,"data_set_value_component_V_ADH_variable_Km_ETOH":1.0,"data_set_value_component_V_ADH_variable_Km_ACAL":0.03,"data_set_value_component_V_ADH_variable_V_ADH_max":162.0,"data_set_value_component_V_ALS_variable_V_ALS":0.0014503344,"data_set_value_component_V_ALS_variable_V_ALS_temp":0.0014503344,"data_set_value_component_V_ALS_variable_N":2.4,"data_set_value_component_V_ALS_variable_Keq":9000000000000.0,"data_set_value_component_V_ALS_variable_Km_ACLAC":100.0,"data_set_value_component_V_ALS_variable_Km_PYR":50.0,"data_set_value_component_V_ALS_variable_V_ALS_max":600.0,"data_set_value_component_V_ALDC_variable_V_ALDC":0.0006939495,"data_set_value_component_V_ALDC_variable_V_ALDC_temp":0.0006939495,"data_set_value_component_V_ALDC_variable_Km_ACLAC":10.0,"data_set_value_component_V_ALDC_variable_Km_ACET":100.0,"data_set_value_component_V_ALDC_variable_V_ALDC_max":106.0,"data_set_value_component_V_ACETEFF_variable_V_ACETEFF":0.0139841289,"data_set_value_component_V_ACETEFF_variable_V_ACETEFF_temp":0.0139841289,"data_set_value_component_V_ACETEFF_variable_Km_ACET":5.0,"data_set_value_component_V_ACETEFF_variable_V_ACETEFF_max":200.0,"data_set_value_component_V_ACETDH_variable_V_ACETDH":-0.0132931477,"data_set_value_component_V_ACETDH_variable_V_ACETDH_temp":-0.0132931477,"data_set_value_component_V_ACETDH_variable_Keq":1400.0,"data_set_value_component_V_ACETDH_variable_Km_NAD":0.16,"data_set_value_component_V_ACETDH_variable_Km_NADH":0.02,"data_set_value_component_V_ACETDH_variable_Km_BUT":2.6,"data_set_value_component_V_ACETDH_variable_Km_ACET":0.06,"data_set_value_component_V_ACETDH_variable_V_ACETDH_max":105.0,"data_set_value_component_V_ATPase_variable_V_ATPase":215.6197417993,"data_set_value_component_V_ATPase_variable_V_ATPase_temp":215.6197417993,"data_set_value_component_V_ATPase_variable_N":2.58,"data_set_value_component_V_ATPase_variable_Km_ATP":6.196,"data_set_value_component_V_ATPase_variable_V_ATPase_max":900.0,"data_set_value_component_V_NOX_variable_V_NOX":16.3145803641,"data_set_value_component_V_NOX_variable_V_NOX_temp":16.3145803641,"data_set_value_component_V_NOX_variable_Km_NAD":1.0,"data_set_value_component_V_NOX_variable_Km_NADH":0.041,"data_set_value_component_V_NOX_variable_Km_O":0.2,"data_set_value_component_V_NOX_variable_V_NOX_max":118.0,"data_set_value_component_V_NEALC_variable_V_NEALC":0.0000000196,"data_set_value_component_V_NEALC_variable_k":0.0003},{"data_set_value_component_environment_variable_time":0.5,"data_set_value_component_PYR_variable_PYR":0.2284103911,"data_set_value_component_ACP_variable_ACP":0.016073269,"data_set_value_component_ACAL_variable_ACAL":0.0100076768,"data_set_value_component_ACLAC_variable_ACLAC":0.0000674037,"data_set_value_component_ACET_variable_ACET":0.0003497742,"data_set_value_component_ATP_variable_ATP":3.9919290806,"data_set_value_component_ADP_variable_ADP":1.0080709194,"data_set_value_component_ADP_variable_A_tot":5.0,"data_set_value_component_NADH_variable_NADH":0.1696847733,"data_set_value_component_NAD_variable_NAD":9.8303152267,"data_set_value_component_NAD_variable_NAD_tot":10.0,"data_set_value_component_ACCOA_variable_ACCOA":0.4805014737,"data_set_value_component_COA_variable_COA":0.5194985263,"data_set_value_component_COA_variable_C_tot":1.0,"data_set_value_component_AC_variable_AC":0.01,"data_set_value_component_BUT_variable_BUT":0.01,"data_set_value_component_ETOH_variable_ETOH":0.1,"data_set_value_component_GLC_variable_GLC":15.0,"data_set_value_component_LAC_variable_LAC":0.1,"data_set_value_component_O_variable_O":0.2,"data_set_value_component_P_variable_P":10.0,"data_set_value_component_V_GLYC_variable_V_GLYC":207.473554856,"data_set_value_component_V_GLYC_variable_V_GLYC_temp":207.473554856,"data_set_value_component_V_GLYC_variable_Km_GLC":0.1,"data_set_value_component_V_GLYC_variable_Km_NAD":0.1412,"data_set_value_component_V_GLYC_variable_Km_ADP":0.04699,"data_set_value_component_V_GLYC_variable_Km_PYR":2.5,"data_set_value_component_V_GLYC_variable_Km_NADH":0.08999,"data_set_value_component_V_GLYC_variable_Km_ATP":0.01867,"data_set_value_component_V_GLYC_variable_V_GLYC_max":2397.0,"data_set_value_component_V_LDH_variable_V_LDH":198.3651599462,"data_set_value_component_V_LDH_variable_V_LDH_temp":198.3651599462,"data_set_value_component_V_LDH_variable_Keq":21120.69,"data_set_value_component_V_LDH_variable_Km_LAC":100.0,"data_set_value_component_V_LDH_variable_Km_NAD":2.4,"data_set_value_component_V_LDH_variable_Km_PYR":1.5,"data_set_value_component_V_LDH_variable_Km_NADH":0.08,"data_set_value_component_V_LDH_variable_V_LDH_max":5118.0,"data_set_value_component_V_PDH_variable_V_PDH":9.1068609161,"data_set_value_component_V_PDH_variable_V_PDH_temp":9.1068609161,"data_set_value_component_V_PDH_variable_Ki":46.4159,"data_set_value_component_V_PDH_variable_Km_NAD":0.4,"data_set_value_component_V_PDH_variable_Km_COA":0.014,"data_set_value_component_V_PDH_variable_Km_PYR":1.0,"data_set_value_component_V_PDH_variable_Km_NADH":0.1,"data_set_value_component_V_PDH_variable_Km_ACCOA":0.008,"data_set_value_component_V_PDH_variable_V_PDH_max":259.0,"data_set_value_component_V_PTA_variable_V_PTA":8.148543048,"data_set_value_component_V_PTA_variable_V_PTA_temp":8.148543048,"data_set_value_component_V_PTA_variable_Keq":0.0065,"data_set_value_component_V_PTA_variable_Km_P":2.6,"data_set_value_component_V_PTA_variable_Ki_P":2.6,"data_set_value_component_V_PTA_variable_Ki_COA":0.029,"data_set_value_component_V_PTA_variable_Km_ACP":0.7,"data_set_value_component_V_PTA_variable_Ki_ACP":0.2,"data_set_value_component_V_PTA_variable_Ki_ACCOA":0.2,"data_set_value_component_V_PTA_variable_V_PTA_max":42.0,"data_set_value_component_V_ACK_variable_V_ACK":8.1485311541,"data_set_value_component_V_ACK_variable_V_ACK_temp":8.1485311541,"data_set_value_component_V_ACK_variable_Keq":174.217,"data_set_value_component_V_ACK_variable_Km_AC":7.0,"data_set_value_component_V_ACK_variable_Km_ATP":0.07,"data_set_value_component_V_ACK_variable_Km_ADP":0.5,"data_set_value_component_V_ACK_variable_Km_ACP":0.16,"data_set_value_component_V_ACK_variable_V_ACK_max":2700.0,"data_set_value_component_V_ACALDH_variable_V_ACALDH":0.9580806264,"data_set_value_component_V_ACALDH_variable_V_ACALDH_temp":0.9580806264,"data_set_value_component_V_ACALDH_variable_Keq":1.0,"data_set_value_component_V_ACALDH_variable_Km_NAD":0.08,"data_set_value_component_V_ACALDH_variable_Km_NADH":0.025,"data_set_value_component_V_ACALDH_variable_Km_COA":0.008,"data_set_value_component_V_ACALDH_variable_Km_ACCOA":0.007,"data_set_value_component_V_ACALDH_variable_Km_ACAL":10.0,"data_set_value_component_V_ACALDH_variable_V_ACALDH_max":97.0,"data_set_value_component_V_ADH_variable_V_ADH":0.9580745331,"data_set_value_component_V_ADH_variable_V_ADH_temp":0.9580745331,"data_set_value_component_V_ADH_variable_Keq":12354.9,"data_set_value_component_V_ADH_variable_Km_NAD":0.08,"data_set_value_component_V_ADH_variable_Km_NADH":0.05,"data_set_value_component_V_ADH_variable_Km_ETOH":1.0,"data_set_value_component_V_ADH_variable_Km_ACAL":0.03,"data_set_value_component_V_ADH_variable_V_ADH_max":162.0,"data_set_value_component_V_ALS_variable_V_ALS":0.0014508749,"data_set_value_component_V_ALS_variable_V_ALS_temp":0.0014508749,"data_set_value_component_V_ALS_variable_N":2.4,"data_set_value_component_V_ALS_variable_Keq":9000000000000.0,"data_set_value_component_V_ALS_variable_Km_ACLAC":100.0,"data_set_value_component_V_ALS_variable_Km_PYR":50.0,"data_set_value_component_V_ALS_variable_V_ALS_max":600.0,"data_set_value_component_V_ALDC_variable_V_ALDC":0.0007144723,"data_set_value_component_V_ALDC_variable_V_ALDC_temp":0.0007144723,"data_set_value_component_V_ALDC_variable_Km_ACLAC":10.0,"data_set_value_component_V_ALDC_variable_Km_ACET":100.0,"data_set_value_component_V_ALDC_variable_V_ALDC_max":106.0,"data_set_value_component_V_ACETEFF_variable_V_ACETEFF":0.0139899904,"data_set_value_component_V_ACETEFF_variable_V_ACETEFF_temp":0.0139899904,"data_set_value_component_V_ACETEFF_variable_Km_ACET":5.0,"data_set_value_component_V_ACETEFF_variable_V_ACETEFF_max":200.0,"data_set_value_component_V_ACETDH_variable_V_ACETDH":-0.0132761303,"data_set_value_component_V_ACETDH_variable_V_ACETDH_temp":-0.0132761303,"data_set_value_component_V_ACETDH_variable_Keq":1400.0,"data_set_value_component_V_ACETDH_variable_Km_NAD":0.16,"data_set_value_component_V_ACETDH_variable_Km_NADH":0.02,"data_set_value_component_V_ACETDH_variable_Km_BUT":2.6,"data_set_value_component_V_ACETDH_variable_Km_ACET":0.06,"data_set_value_component_V_ACETDH_variable_V_ACETDH_max":105.0,"data_set_value_component_V_ATPase_variable_V_ATPase":215.622075454,"data_set_value_component_V_ATPase_variable_V_ATPase_temp":215.622075454,"data_set_value_component_V_ATPase_variable_N":2.58,"data_set_value_component_V_ATPase_variable_Km_ATP":6.196,"data_set_value_component_V_ATPase_variable_V_ATPase_max":900.0,"data_set_value_component_V_NOX_variable_V_NOX":16.3124487707,"data_set_value_component_V_NOX_variable_V_NOX_temp":16.3124487707,"data_set_value_component_V_NOX_variable_Km_NAD":1.0,"data_set_value_component_V_NOX_variable_Km_NADH":0.041,"data_set_value_component_V_NOX_variable_Km_O":0.2,"data_set_value_component_V_NOX_variable_V_NOX_max":118.0,"data_set_value_component_V_NEALC_variable_V_NEALC":0.0000000202,"data_set_value_component_V_NEALC_variable_k":0.0003},{"data_set_value_component_environment_variable_time":0.6,"data_set_value_component_PYR_variable_PYR":0.2284132856,"data_set_value_component_ACP_variable_ACP":0.0160736809,"data_set_value_component_ACAL_variable_ACAL":0.0100078871,"data_set_value_component_ACLAC_variable_ACLAC":0.0000680793,"data_set_value_component_ACET_variable_ACET":0.0003498094,"data_set_value_component_ATP_variable_ATP":3.9919294462,"data_set_value_component_ADP_variable_ADP":1.0080705538,"data_set_value_component_ADP_variable_A_tot":5.0,"data_set_value_component_NADH_variable_NADH":0.1696822749,"data_set_value_component_NAD_variable_NAD":9.8303177251,"data_set_value_component_NAD_variable_NAD_tot":10.0,"data_set_value_component_ACCOA_variable_ACCOA":0.4805096786,"data_set_value_component_COA_variable_COA":0.5194903214,"data_set_value_component_COA_variable_C_tot":1.0,"data_set_value_component_AC_variable_AC":0.01,"data_set_value_component_BUT_variable_BUT":0.01,"data_set_value_component_ETOH_variable_ETOH":0.1,"data_set_value_component_GLC_variable_GLC":15.0,"data_set_value_component_LAC_variable_LAC":0.1,"data_set_value_component_O_variable_O":0.2,"data_set_value_component_P_variable_P":10.0,"data_set_value_component_V_GLYC_variable_V_GLYC":207.4735492062,"data_set_value_component_V_GLYC_variable_V_GLYC_temp":207.4735492062,"data_set_value_component_V_GLYC_variable_Km_GLC":0.1,"data_set_value_component_V_GLYC_variable_Km_NAD":0.1412,"data_set_value_component_V_GLYC_variable_Km_ADP":0.04699,"data_set_value_component_V_GLYC_variable_Km_PYR":2.5,"data_set_value_component_V_GLYC_variable_Km_NADH":0.08999,"data_set_value_component_V_GLYC_variable_Km_ATP":0.01867,"data_set_value_component_V_GLYC_variable_V_GLYC_max":2397.0,"data_set_value_component_V_LDH_variable_V_LDH":198.3652502637,"data_set_value_component_V_LDH_variable_V_LDH_temp":198.3652502637,"data_set_value_component_V_LDH_variable_Keq":21120.69,"data_set_value_component_V_LDH_variable_Km_LAC":100.0,"data_set_value_component_V_LDH_variable_Km_NAD":2.4,"data_set_value_component_V_LDH_variable_Km_PYR":1.5,"data_set_value_component_V_LDH_variable_Km_NADH":0.08,"data_set_value_component_V_LDH_variable_V_LDH_max":5118.0,"data_set_value_component_V_PDH_variable_V_PDH":9.1068395014,"data_set_value_component_V_PDH_variable_V_PDH_temp":9.1068395014,"data_set_value_component_V_PDH_variable_Ki":46.4159,"data_set_value_component_V_PDH_variable_Km_NAD":0.4,"data_set_value_component_V_PDH_variable_Km_COA":0.014,"data_set_value_component_V_PDH_variable_Km_PYR":1.0,"data_set_value_component_V_PDH_variable_Km_NADH":0.1,"data_set_value_component_V_PDH_variable_Km_ACCOA":0.008,"data_set_value_component_V_PDH_variable_V_PDH_max":259.0,"data_set_value_component_V_PTA_variable_V_PTA":8.1487219583,"data_set_value_component_V_PTA_variable_V_PTA_temp":8.1487219583,"data_set_value_component_V_PTA_variable_Keq":0.0065,"data_set_value_component_V_PTA_variable_Km_P":2.6,"data_set_value_component_V_PTA_variable_Ki_P":2.6,"data_set_value_component_V_PTA_variable_Ki_COA":0.029,"data_set_value_component_V_PTA_variable_Km_ACP":0.7,"data_set_value_component_V_PTA_variable_Ki_ACP":0.2,"data_set_value_component_V_PTA_variable_Ki_ACCOA":0.2,"data_set_value_component_V_PTA_variable_V_PTA_max":42.0,"data_set_value_component_V_ACK_variable_V_ACK":8.1487202823,"data_set_value_component_V_ACK_variable_V_ACK_temp":8.1487202823,"data_set_value_component_V_ACK_variable_Keq":174.217,"data_set_value_component_V_ACK_variable_Km_AC":7.0,"data_set_value_component_V_ACK_variable_Km_ATP":0.07,"data_set_value_component_V_ACK_variable_Km_ADP":0.5,"data_set_value_component_V_ACK_variable_Km_ACP":0.16,"data_set_value_component_V_ACK_variable_V_ACK_max":2700.0,"data_set_value_component_V_ACALDH_variable_V_ACALDH":0.9580772987,"data_set_value_component_V_ACALDH_variable_V_ACALDH_temp":0.9580772987,"data_set_value_component_V_ACALDH_variable_Keq":1.0,"data_set_value_component_V_ACALDH_variable_Km_NAD":0.08,"data_set_value_component_V_ACALDH_variable_Km_NADH":0.025,"data_set_value_component_V_ACALDH_variable_Km_COA":0.008,"data_set_value_component_V_ACALDH_variable_Km_ACCOA":0.007,"data_set_value_component_V_ACALDH_variable_Km_ACAL":10.0,"data_set_value_component_V_ACALDH_variable_V_ACALDH_max":97.0,"data_set_value_component_V_ADH_variable_V_ADH":0.9580762973,"data_set_value_component_V_ADH_variable_V_ADH_temp":0.9580762973,"data_set_value_component_V_ADH_variable_Keq":12354.9,"data_set_value_component_V_ADH_variable_Km_NAD":0.08,"data_set_value_component_V_ADH_variable_Km_NADH":0.05,"data_set_value_component_V_ADH_variable_Km_ETOH":1.0,"data_set_value_component_V_ADH_variable_Km_ACAL":0.03,"data_set_value_component_V_ADH_variable_V_ADH_max":162.0,"data_set_value_component_V_ALS_variable_V_ALS":0.001450922,"data_set_value_component_V_ALS_variable_V_ALS_temp":0.001450922,"data_set_value_component_V_ALS_variable_N":2.4,"data_set_value_component_V_ALS_variable_Keq":9000000000000.0,"data_set_value_component_V_ALS_variable_Km_ACLAC":100.0,"data_set_value_component_V_ALS_variable_Km_PYR":50.0,"data_set_value_component_V_ALS_variable_V_ALS_max":600.0,"data_set_value_component_V_ALDC_variable_V_ALDC":0.0007216331,"data_set_value_component_V_ALDC_variable_V_ALDC_temp":0.0007216331,"data_set_value_component_V_ALDC_variable_Km_ACLAC":10.0,"data_set_value_component_V_ALDC_variable_Km_ACET":100.0,"data_set_value_component_V_ALDC_variable_V_ALDC_max":106.0,"data_set_value_component_V_ACETEFF_variable_V_ACETEFF":0.0139913979,"data_set_value_component_V_ACETEFF_variable_V_ACETEFF_temp":0.0139913979,"data_set_value_component_V_ACETEFF_variable_Km_ACET":5.0,"data_set_value_component_V_ACETEFF_variable_V_ACETEFF_max":200.0,"data_set_value_component_V_ACETDH_variable_V_ACETDH":-0.013269936,"data_set_value_component_V_ACETDH_variable_V_ACETDH_temp":-0.013269936,"data_set_value_component_V_ACETDH_variable_Keq":1400.0,"data_set_value_component_V_ACETDH_variable_Km_NAD":0.16,"data_set_value_component_V_ACETDH_variable_Km_NADH":0.02,"data_set_value_component_V_ACETDH_variable_Km_BUT":2.6,"data_set_value_component_V_ACETDH_variable_Km_ACET":0.06,"data_set_value_component_V_ACETDH_variable_V_ACETDH_max":105.0,"data_set_value_component_V_ATPase_variable_V_ATPase":215.6222676071,"data_set_value_component_V_ATPase_variable_V_ATPase_temp":215.6222676071,"data_set_value_component_V_ATPase_variable_N":2.58,"data_set_value_component_V_ATPase_variable_Km_ATP":6.196,"data_set_value_component_V_ATPase_variable_V_ATPase_max":900.0,"data_set_value_component_V_NOX_variable_V_NOX":16.3122722679,"data_set_value_component_V_NOX_variable_V_NOX_temp":16.3122722679,"data_set_value_component_V_NOX_variable_Km_NAD":1.0,"data_set_value_component_V_NOX_variable_Km_NADH":0.041,"data_set_value_component_V_NOX_variable_Km_O":0.2,"data_set_value_component_V_NOX_variable_V_NOX_max":118.0,"data_set_value_component_V_NEALC_variable_V_NEALC":0.0000000204,"data_set_value_component_V_NEALC_variable_k":0.0003},{"data_set_value_component_environment_variable_time":0.7,"data_set_value_component_PYR_variable_PYR":0.2284138198,"data_set_value_component_ACP_variable_ACP":0.0160737568,"data_set_value_component_ACAL_variable_ACAL":0.0100079258,"data_set_value_component_ACLAC_variable_ACLAC":0.0000683141,"data_set_value_component_ACET_variable_ACET":0.0003498208,"data_set_value_component_ATP_variable_ATP":3.9919295141,"data_set_value_component_ADP_variable_ADP":1.0080704859,"data_set_value_component_ADP_variable_A_tot":5.0,"data_set_value_component_NADH_variable_NADH":0.1696818055,"data_set_value_component_NAD_variable_NAD":9.8303181945,"data_set_value_component_NAD_variable_NAD_tot":10.0,"data_set_value_component_ACCOA_variable_ACCOA":0.4805112036,"data_set_value_component_COA_variable_COA":0.5194887964,"data_set_value_component_COA_variable_C_tot":1.0,"data_set_value_component_AC_variable_AC":0.01,"data_set_value_component_BUT_variable_BUT":0.01,"data_set_value_component_ETOH_variable_ETOH":0.1,"data_set_value_component_GLC_variable_GLC":15.0,"data_set_value_component_LAC_variable_LAC":0.1,"data_set_value_component_O_variable_O":0.2,"data_set_value_component_P_variable_P":10.0,"data_set_value_component_V_GLYC_variable_V_GLYC":207.4735483304,"data_set_value_component_V_GLYC_variable_V_GLYC_temp":207.4735483304,"data_set_value_component_V_GLYC_variable_Km_GLC":0.1,"data_set_value_component_V_GLYC_variable_Km_NAD":0.1412,"data_set_value_component_V_GLYC_variable_Km_ADP":0.04699,"data_set_value_component_V_GLYC_variable_Km_PYR":2.5,"data_set_value_component_V_GLYC_variable_Km_NADH":0.08999,"data_set_value_component_V_GLYC_variable_Km_ATP":0.01867,"data_set_value_component_V_GLYC_variable_V_GLYC_max":2397.0,"data_set_value_component_V_LDH_variable_V_LDH":198.3652600114,"data_set_value_component_V_LDH_variable_V_LDH_temp":198.3652600114,"data_set_value_component_V_LDH_variable_Keq":21120.69,"data_set_value_component_V_LDH_variable_Km_LAC":100.0,"data_set_value_component_V_LDH_variable_Km_NAD":2.4,"data_set_value_component_V_LDH_variable_Km_PYR":1.5,"data_set_value_component_V_LDH_variable_Km_NADH":0.08,"data_set_value_component_V_LDH_variable_V_LDH_max":5118.0,"data_set_value_component_V_PDH_variable_V_PDH":9.1068355361,"data_set_value_component_V_PDH_variable_V_PDH_temp":9.1068355361,"data_set_value_component_V_PDH_variable_Ki":46.4159,"data_set_value_component_V_PDH_variable_Km_NAD":0.4,"data_set_value_component_V_PDH_variable_Km_COA":0.014,"data_set_value_component_V_PDH_variable_Km_PYR":1.0,"data_set_value_component_V_PDH_variable_Km_NADH":0.1,"data_set_value_component_V_PDH_variable_Km_ACCOA":0.008,"data_set_value_component_V_PDH_variable_V_PDH_max":259.0,"data_set_value_component_V_PTA_variable_V_PTA":8.1487553358,"data_set_value_component_V_PTA_variable_V_PTA_temp":8.1487553358,"data_set_value_component_V_PTA_variable_Keq":0.0065,"data_set_value_component_V_PTA_variable_Km_P":2.6,"data_set_value_component_V_PTA_variable_Ki_P":2.6,"data_set_value_component_V_PTA_variable_Ki_COA":0.029,"data_set_value_component_V_PTA_variable_Km_ACP":0.7,"data_set_value_component_V_PTA_variable_Ki_ACP":0.2,"data_set_value_component_V_PTA_variable_Ki_ACCOA":0.2,"data_set_value_component_V_PTA_variable_V_PTA_max":42.0,"data_set_value_component_V_ACK_variable_V_ACK":8.1487551318,"data_set_value_component_V_ACK_variable_V_ACK_temp":8.1487551318,"data_set_value_component_V_ACK_variable_Keq":174.217,"data_set_value_component_V_ACK_variable_Km_AC":7.0,"data_set_value_component_V_ACK_variable_Km_ATP":0.07,"data_set_value_component_V_ACK_variable_Km_ADP":0.5,"data_set_value_component_V_ACK_variable_Km_ACP":0.16,"data_set_value_component_V_ACK_variable_V_ACK_max":2700.0,"data_set_value_component_V_ACALDH_variable_V_ACALDH":0.9580766643,"data_set_value_component_V_ACALDH_variable_V_ACALDH_temp":0.9580766643,"data_set_value_component_V_ACALDH_variable_Keq":1.0,"data_set_value_component_V_ACALDH_variable_Km_NAD":0.08,"data_set_value_component_V_ACALDH_variable_Km_NADH":0.025,"data_set_value_component_V_ACALDH_variable_Km_COA":0.008,"data_set_value_component_V_ACALDH_variable_Km_ACCOA":0.007,"data_set_value_component_V_ACALDH_variable_Km_ACAL":10.0,"data_set_value_component_V_ACALDH_variable_V_ACALDH_max":97.0,"data_set_value_component_V_ADH_variable_V_ADH":0.9580765671,"data_set_value_component_V_ADH_variable_V_ADH_temp":0.9580765671,"data_set_value_component_V_ADH_variable_Keq":12354.9,"data_set_value_component_V_ADH_variable_Km_NAD":0.08,"data_set_value_component_V_ADH_variable_Km_NADH":0.05,"data_set_value_component_V_ADH_variable_Km_ETOH":1.0,"data_set_value_component_V_ADH_variable_Km_ACAL":0.03,"data_set_value_component_V_ADH_variable_V_ADH_max":162.0,"data_set_value_component_V_ALS_variable_V_ALS":0.0014509312,"data_set_value_component_V_ALS_variable_V_ALS_temp":0.0014509312,"data_set_value_component_V_ALS_variable_N":2.4,"data_set_value_component_V_ALS_variable_Keq":9000000000000.0,"data_set_value_component_V_ALS_variable_Km_ACLAC":100.0,"data_set_value_component_V_ALS_variable_Km_PYR":50.0,"data_set_value_component_V_ALS_variable_V_ALS_max":600.0,"data_set_value_component_V_ALDC_variable_V_ALDC":0.0007241217,"data_set_value_component_V_ALDC_variable_V_ALDC_temp":0.0007241217,"data_set_value_component_V_ALDC_variable_Km_ACLAC":10.0,"data_set_value_component_V_ALDC_variable_Km_ACET":100.0,"data_set_value_component_V_ALDC_variable_V_ALDC_max":106.0,"data_set_value_component_V_ACETEFF_variable_V_ACETEFF":0.0139918546,"data_set_value_component_V_ACETEFF_variable_V_ACETEFF_temp":0.0139918546,"data_set_value_component_V_ACETEFF_variable_Km_ACET":5.0,"data_set_value_component_V_ACETEFF_variable_V_ACETEFF_max":200.0,"data_set_value_component_V_ACETDH_variable_V_ACETDH":-0.0132677743,"data_set_value_component_V_ACETDH_variable_V_ACETDH_temp":-0.0132677743,"data_set_value_component_V_ACETDH_variable_Keq":1400.0,"data_set_value_component_V_ACETDH_variable_Km_NAD":0.16,"data_set_value_component_V_ACETDH_variable_Km_NADH":0.02,"data_set_value_component_V_ACETDH_variable_Km_BUT":2.6,"data_set_value_component_V_ACETDH_variable_Km_ACET":0.06,"data_set_value_component_V_ACETDH_variable_V_ACETDH_max":105.0,"data_set_value_component_V_ATPase_variable_V_ATPase":215.6223032997,"data_set_value_component_V_ATPase_variable_V_ATPase_temp":215.6223032997,"data_set_value_component_V_ATPase_variable_N":2.58,"data_set_value_component_V_ATPase_variable_Km_ATP":6.196,"data_set_value_component_V_ATPase_variable_V_ATPase_max":900.0,"data_set_value_component_V_NOX_variable_V_NOX":16.3122391105,"data_set_value_component_V_NOX_variable_V_NOX_temp":16.3122391105,"data_set_value_component_V_NOX_variable_Km_NAD":1.0,"data_set_value_component_V_NOX_variable_Km_NADH":0.041,"data_set_value_component_V_NOX_variable_Km_O":0.2,"data_set_value_component_V_NOX_variable_V_NOX_max":118.0,"data_set_value_component_V_NEALC_variable_V_NEALC":0.0000000205,"data_set_value_component_V_NEALC_variable_k":0.0003},{"data_set_value_component_environment_variable_time":0.8,"data_set_value_component_PYR_variable_PYR":0.2284137339,"data_set_value_component_ACP_variable_ACP":0.0160737437,"data_set_value_component_ACAL_variable_ACAL":0.0100079189,"data_set_value_component_ACLAC_variable_ACLAC":0.0000683952,"data_set_value_component_ACET_variable_ACET":0.0003498243,"data_set_value_component_ATP_variable_ATP":3.9919295028,"data_set_value_component_ADP_variable_ADP":1.0080704972,"data_set_value_component_ADP_variable_A_tot":5.0,"data_set_value_component_NADH_variable_NADH":0.1696818785,"data_set_value_component_NAD_variable_NAD":9.8303181215,"data_set_value_component_NAD_variable_NAD_tot":10.0,"data_set_value_component_ACCOA_variable_ACCOA":0.4805109459,"data_set_value_component_COA_variable_COA":0.5194890541,"data_set_value_component_COA_variable_C_tot":1.0,"data_set_value_component_AC_variable_AC":0.01,"data_set_value_component_BUT_variable_BUT":0.01,"data_set_value_component_ETOH_variable_ETOH":0.1,"data_set_value_component_GLC_variable_GLC":15.0,"data_set_value_component_LAC_variable_LAC":0.1,"data_set_value_component_O_variable_O":0.2,"data_set_value_component_P_variable_P":10.0,"data_set_value_component_V_GLYC_variable_V_GLYC":207.4735486395,"data_set_value_component_V_GLYC_variable_V_GLYC_temp":207.4735486395,"data_set_value_component_V_GLYC_variable_Km_GLC":0.1,"data_set_value_component_V_GLYC_variable_Km_NAD":0.1412,"data_set_value_component_V_GLYC_variable_Km_ADP":0.04699,"data_set_value_component_V_GLYC_variable_Km_PYR":2.5,"data_set_value_component_V_GLYC_variable_Km_NADH":0.08999,"data_set_value_component_V_GLYC_variable_Km_ATP":0.01867,"data_set_value_component_V_GLYC_variable_V_GLYC_max":2397.0,"data_set_value_component_V_LDH_variable_V_LDH":198.3652564195,"data_set_value_component_V_LDH_variable_V_LDH_temp":198.3652564195,"data_set_value_component_V_LDH_variable_Keq":21120.69,"data_set_value_component_V_LDH_variable_Km_LAC":100.0,"data_set_value_component_V_LDH_variable_Km_NAD":2.4,"data_set_value_component_V_LDH_variable_Km_PYR":1.5,"data_set_value_component_V_LDH_variable_Km_NADH":0.08,"data_set_value_component_V_LDH_variable_V_LDH_max":5118.0,"data_set_value_component_V_PDH_variable_V_PDH":9.1068365224,"data_set_value_component_V_PDH_variable_V_PDH_temp":9.1068365224,"data_set_value_component_V_PDH_variable_Ki":46.4159,"data_set_value_component_V_PDH_variable_Km_NAD":0.4,"data_set_value_component_V_PDH_variable_Km_COA":0.014,"data_set_value_component_V_PDH_variable_Km_PYR":1.0,"data_set_value_component_V_PDH_variable_Km_NADH":0.1,"data_set_value_component_V_PDH_variable_Km_ACCOA":0.008,"data_set_value_component_V_PDH_variable_V_PDH_max":259.0,"data_set_value_component_V_PTA_variable_V_PTA":8.1487497378,"data_set_value_component_V_PTA_variable_V_PTA_temp":8.1487497378,"data_set_value_component_V_PTA_variable_Keq":0.0065,"data_set_value_component_V_PTA_variable_Km_P":2.6,"data_set_value_component_V_PTA_variable_Ki_P":2.6,"data_set_value_component_V_PTA_variable_Ki_COA":0.029,"data_set_value_component_V_PTA_variable_Km_ACP":0.7,"data_set_value_component_V_PTA_variable_Ki_ACP":0.2,"data_set_value_component_V_PTA_variable_Ki_ACCOA":0.2,"data_set_value_component_V_PTA_variable_V_PTA_max":42.0,"data_set_value_component_V_ACK_variable_V_ACK":8.1487491415,"data_set_value_component_V_ACK_variable_V_ACK_temp":8.1487491415,"data_set_value_component_V_ACK_variable_Keq":174.217,"data_set_value_component_V_ACK_variable_Km_AC":7.0,"data_set_value_component_V_ACK_variable_Km_ATP":0.07,"data_set_value_component_V_ACK_variable_Km_ADP":0.5,"data_set_value_component_V_ACK_variable_Km_ACP":0.16,"data_set_value_component_V_ACK_variable_V_ACK_max":2700.0,"data_set_value_component_V_ACALDH_variable_V_ACALDH":0.958076728,"data_set_value_component_V_ACALDH_variable_V_ACALDH_temp":0.958076728,"data_set_value_component_V_ACALDH_variable_Keq":1.0,"data_set_value_component_V_ACALDH_variable_Km_NAD":0.08,"data_set_value_component_V_ACALDH_variable_Km_NADH":0.025,"data_set_value_component_V_ACALDH_variable_Km_COA":0.008,"data_set_value_component_V_ACALDH_variable_Km_ACCOA":0.007,"data_set_value_component_V_ACALDH_variable_Km_ACAL":10.0,"data_set_value_component_V_ACALDH_variable_V_ACALDH_max":97.0,"data_set_value_component_V_ADH_variable_V_ADH":0.9580764598,"data_set_value_component_V_ADH_variable_V_ADH_temp":0.9580764598,"data_set_value_component_V_ADH_variable_Keq":12354.9,"data_set_value_component_V_ADH_variable_Km_NAD":0.08,"data_set_value_component_V_ADH_variable_Km_NADH":0.05,"data_set_value_component_V_ADH_variable_Km_ETOH":1.0,"data_set_value_component_V_ADH_variable_Km_ACAL":0.03,"data_set_value_component_V_ADH_variable_V_ADH_max":162.0,"data_set_value_component_V_ALS_variable_V_ALS":0.0014509302,"data_set_value_component_V_ALS_variable_V_ALS_temp":0.0014509302,"data_set_value_component_V_ALS_variable_N":2.4,"data_set_value_component_V_ALS_variable_Keq":9000000000000.0,"data_set_value_component_V_ALS_variable_Km_ACLAC":100.0,"data_set_value_component_V_ALS_variable_Km_PYR":50.0,"data_set_value_component_V_ALS_variable_V_ALS_max":600.0,"data_set_value_component_V_ALDC_variable_V_ALDC":0.0007249814,"data_set_value_component_V_ALDC_variable_V_ALDC_temp":0.0007249814,"data_set_value_component_V_ALDC_variable_Km_ACLAC":10.0,"data_set_value_component_V_ALDC_variable_Km_ACET":100.0,"data_set_value_component_V_ALDC_variable_V_ALDC_max":106.0,"data_set_value_component_V_ACETEFF_variable_V_ACETEFF":0.0139919939,"data_set_value_component_V_ACETEFF_variable_V_ACETEFF_temp":0.0139919939,"data_set_value_component_V_ACETEFF_variable_Km_ACET":5.0,"data_set_value_component_V_ACETEFF_variable_V_ACETEFF_max":200.0,"data_set_value_component_V_ACETDH_variable_V_ACETDH":-0.0132670191,"data_set_value_component_V_ACETDH_variable_V_ACETDH_temp":-0.0132670191,"data_set_value_component_V_ACETDH_variable_Keq":1400.0,"data_set_value_component_V_ACETDH_variable_Km_NAD":0.16,"data_set_value_component_V_ACETDH_variable_Km_NADH":0.02,"data_set_value_component_V_ACETDH_variable_Km_BUT":2.6,"data_set_value_component_V_ACETDH_variable_Km_ACET":0.06,"data_set_value_component_V_ACETDH_variable_V_ACETDH_max":105.0,"data_set_value_component_V_ATPase_variable_V_ATPase":215.6222973618,"data_set_value_component_V_ATPase_variable_V_ATPase_temp":215.6222973618,"data_set_value_component_V_ATPase_variable_N":2.58,"data_set_value_component_V_ATPase_variable_Km_ATP":6.196,"data_set_value_component_V_ATPase_variable_V_ATPase_max":900.0,"data_set_value_component_V_NOX_variable_V_NOX":16.3122442694,"data_set_value_component_V_NOX_variable_V_NOX_temp":16.3122442694,"data_set_value_component_V_NOX_variable_Km_NAD":1.0,"data_set_value_component_V_NOX_variable_Km_NADH":0.041,"data_set_value_component_V_NOX_variable_Km_O":0.2,"data_set_value_component_V_NOX_variable_V_NOX_max":118.0,"data_set_value_component_V_NEALC_variable_V_NEALC":0.0000000205,"data_set_value_component_V_NEALC_variable_k":0.0003},{"data_set_value_component_environment_variable_time":0.9,"data_set_value_component_PYR_variable_PYR":0.2284139,"data_set_value_component_ACP_variable_ACP":0.0160737675,"data_set_value_component_ACAL_variable_ACAL":0.0100079311,"data_set_value_component_ACLAC_variable_ACLAC":0.0000684238,"data_set_value_component_ACET_variable_ACET":0.0003498259,"data_set_value_component_ATP_variable_ATP":3.9919295239,"data_set_value_component_ADP_variable_ADP":1.0080704761,"data_set_value_component_ADP_variable_A_tot":5.0,"data_set_value_component_NADH_variable_NADH":0.1696817345,"data_set_value_component_NAD_variable_NAD":9.8303182655,"data_set_value_component_NAD_variable_NAD_tot":10.0,"data_set_value_component_ACCOA_variable_ACCOA":0.4805114209,"data_set_value_component_COA_variable_COA":0.5194885791,"data_set_value_component_COA_variable_C_tot":1.0,"data_set_value_component_AC_variable_AC":0.01,"data_set_value_component_BUT_variable_BUT":0.01,"data_set_value_component_ETOH_variable_ETOH":0.1,"data_set_value_component_GLC_variable_GLC":15.0,"data_set_value_component_LAC_variable_LAC":0.1,"data_set_value_component_O_variable_O":0.2,"data_set_value_component_P_variable_P":10.0,"data_set_value_component_V_GLYC_variable_V_GLYC":207.4735483008,"data_set_value_component_V_GLYC_variable_V_GLYC_temp":207.4735483008,"data_set_value_component_V_GLYC_variable_Km_GLC":0.1,"data_set_value_component_V_GLYC_variable_Km_NAD":0.1412,"data_set_value_component_V_GLYC_variable_Km_ADP":0.04699,"data_set_value_component_V_GLYC_variable_Km_PYR":2.5,"data_set_value_component_V_GLYC_variable_Km_NADH":0.08999,"data_set_value_component_V_GLYC_variable_Km_ATP":0.01867,"data_set_value_component_V_GLYC_variable_V_GLYC_max":2397.0,"data_set_value_component_V_LDH_variable_V_LDH":198.3652610085,"data_set_value_component_V_LDH_variable_V_LDH_temp":198.3652610085,"data_set_value_component_V_LDH_variable_Keq":21120.69,"data_set_value_component_V_LDH_variable_Km_LAC":100.0,"data_set_value_component_V_LDH_variable_Km_NAD":2.4,"data_set_value_component_V_LDH_variable_Km_PYR":1.5,"data_set_value_component_V_LDH_variable_Km_NADH":0.08,"data_set_value_component_V_LDH_variable_V_LDH_max":5118.0,"data_set_value_component_V_PDH_variable_V_PDH":9.106835215,"data_set_value_component_V_PDH_variable_V_PDH_temp":9.106835215,"data_set_value_component_V_PDH_variable_Ki":46.4159,"data_set_value_component_V_PDH_variable_Km_NAD":0.4,"data_set_value_component_V_PDH_variable_Km_COA":0.014,"data_set_value_component_V_PDH_variable_Km_PYR":1.0,"data_set_value_component_V_PDH_variable_Km_NADH":0.1,"data_set_value_component_V_PDH_variable_Km_ACCOA":0.008,"data_set_value_component_V_PDH_variable_V_PDH_max":259.0,"data_set_value_component_V_PTA_variable_V_PTA":8.1487601043,"data_set_value_component_V_PTA_variable_V_PTA_temp":8.1487601043,"data_set_value_component_V_PTA_variable_Keq":0.0065,"data_set_value_component_V_PTA_variable_Km_P":2.6,"data_set_value_component_V_PTA_variable_Ki_P":2.6,"data_set_value_component_V_PTA_variable_Ki_COA":0.029,"data_set_value_component_V_PTA_variable_Km_ACP":0.7,"data_set_value_component_V_PTA_variable_Ki_ACP":0.2,"data_set_value_component_V_PTA_variable_Ki_ACCOA":0.2,"data_set_value_component_V_PTA_variable_V_PTA_max":42.0,"data_set_value_component_V_ACK_variable_V_ACK":8.1487600686,"data_set_value_component_V_ACK_variable_V_ACK_temp":8.1487600686,"data_set_value_component_V_ACK_variable_Keq":174.217,"data_set_value_component_V_ACK_variable_Km_AC":7.0,"data_set_value_component_V_ACK_variable_Km_ATP":0.07,"data_set_value_component_V_ACK_variable_Km_ADP":0.5,"data_set_value_component_V_ACK_variable_Km_ACP":0.16,"data_set_value_component_V_ACK_variable_V_ACK_max":2700.0,"data_set_value_component_V_ACALDH_variable_V_ACALDH":0.9580765372,"data_set_value_component_V_ACALDH_variable_V_ACALDH_temp":0.9580765372,"data_set_value_component_V_ACALDH_variable_Keq":1.0,"data_set_value_component_V_ACALDH_variable_Km_NAD":0.08,"data_set_value_component_V_ACALDH_variable_Km_NADH":0.025,"data_set_value_component_V_ACALDH_variable_Km_COA":0.008,"data_set_value_component_V_ACALDH_variable_Km_ACCOA":0.007,"data_set_value_component_V_ACALDH_variable_Km_ACAL":10.0,"data_set_value_component_V_ACALDH_variable_V_ACALDH_max":97.0,"data_set_value_component_V_ADH_variable_V_ADH":0.9580765694,"data_set_value_component_V_ADH_variable_V_ADH_temp":0.9580765694,"data_set_value_component_V_ADH_variable_Keq":12354.9,"data_set_value_component_V_ADH_variable_Km_NAD":0.08,"data_set_value_component_V_ADH_variable_Km_NADH":0.05,"data_set_value_component_V_ADH_variable_Km_ETOH":1.0,"data_set_value_component_V_ADH_variable_Km_ACAL":0.03,"data_set_value_component_V_ADH_variable_V_ADH_max":162.0,"data_set_value_component_V_ALS_variable_V_ALS":0.0014509329,"data_set_value_component_V_ALS_variable_V_ALS_temp":0.0014509329,"data_set_value_component_V_ALS_variable_N":2.4,"data_set_value_component_V_ALS_variable_Keq":9000000000000.0,"data_set_value_component_V_ALS_variable_Km_ACLAC":100.0,"data_set_value_component_V_ALS_variable_Km_PYR":50.0,"data_set_value_component_V_ALS_variable_V_ALS_max":600.0,"data_set_value_component_V_ALDC_variable_V_ALDC":0.0007252851,"data_set_value_component_V_ALDC_variable_V_ALDC_temp":0.0007252851,"data_set_value_component_V_ALDC_variable_Km_ACLAC":10.0,"data_set_value_component_V_ALDC_variable_Km_ACET":100.0,"data_set_value_component_V_ALDC_variable_V_ALDC_max":106.0,"data_set_value_component_V_ACETEFF_variable_V_ACETEFF":0.0139920566,"data_set_value_component_V_ACETEFF_variable_V_ACETEFF_temp":0.0139920566,"data_set_value_component_V_ACETEFF_variable_Km_ACET":5.0,"data_set_value_component_V_ACETEFF_variable_V_ACETEFF_max":200.0,"data_set_value_component_V_ACETDH_variable_V_ACETDH":-0.0132667579,"data_set_value_component_V_ACETDH_variable_V_ACETDH_temp":-0.0132667579,"data_set_value_component_V_ACETDH_variable_Keq":1400.0,"data_set_value_component_V_ACETDH_variable_Km_NAD":0.16,"data_set_value_component_V_ACETDH_variable_Km_NADH":0.02,"data_set_value_component_V_ACETDH_variable_Km_BUT":2.6,"data_set_value_component_V_ACETDH_variable_Km_ACET":0.06,"data_set_value_component_V_ACETDH_variable_V_ACETDH_max":105.0,"data_set_value_component_V_ATPase_variable_V_ATPase":215.6223084674,"data_set_value_component_V_ATPase_variable_V_ATPase_temp":215.6223084674,"data_set_value_component_V_ATPase_variable_N":2.58,"data_set_value_component_V_ATPase_variable_Km_ATP":6.196,"data_set_value_component_V_ATPase_variable_V_ATPase_max":900.0,"data_set_value_component_V_NOX_variable_V_NOX":16.312234096,"data_set_value_component_V_NOX_variable_V_NOX_temp":16.312234096,"data_set_value_component_V_NOX_variable_Km_NAD":1.0,"data_set_value_component_V_NOX_variable_Km_NADH":0.041,"data_set_value_component_V_NOX_variable_Km_O":0.2,"data_set_value_component_V_NOX_variable_V_NOX_max":118.0,"data_set_value_component_V_NEALC_variable_V_NEALC":0.0000000205,"data_set_value_component_V_NEALC_variable_k":0.0003},{"data_set_value_component_environment_variable_time":1.0,"data_set_value_component_PYR_variable_PYR":0.2284138344,"data_set_value_component_ACP_variable_ACP":0.0160737581,"data_set_value_component_ACAL_variable_ACAL":0.0100079262,"data_set_value_component_ACLAC_variable_ACLAC":0.0000684336,"data_set_value_component_ACET_variable_ACET":0.0003498262,"data_set_value_component_ATP_variable_ATP":3.9919295152,"data_set_value_component_ADP_variable_ADP":1.0080704848,"data_set_value_component_ADP_variable_A_tot":5.0,"data_set_value_component_NADH_variable_NADH":0.1696817965,"data_set_value_component_NAD_variable_NAD":9.8303182035,"data_set_value_component_NAD_variable_NAD_tot":10.0,"data_set_value_component_ACCOA_variable_ACCOA":0.4805112239,"data_set_value_component_COA_variable_COA":0.5194887761,"data_set_value_component_COA_variable_C_tot":1.0,"data_set_value_component_AC_variable_AC":0.01,"data_set_value_component_BUT_variable_BUT":0.01,"data_set_value_component_ETOH_variable_ETOH":0.1,"data_set_value_component_GLC_variable_GLC":15.0,"data_set_value_component_LAC_variable_LAC":0.1,"data_set_value_component_O_variable_O":0.2,"data_set_value_component_P_variable_P":10.0,"data_set_value_component_V_GLYC_variable_V_GLYC":207.4735483582,"data_set_value_component_V_GLYC_variable_V_GLYC_temp":207.4735483582,"data_set_value_component_V_GLYC_variable_Km_GLC":0.1,"data_set_value_component_V_GLYC_variable_Km_NAD":0.1412,"data_set_value_component_V_GLYC_variable_Km_ADP":0.04699,"data_set_value_component_V_GLYC_variable_Km_PYR":2.5,"data_set_value_component_V_GLYC_variable_Km_NADH":0.08999,"data_set_value_component_V_GLYC_variable_Km_ATP":0.01867,"data_set_value_component_V_GLYC_variable_V_GLYC_max":2397.0,"data_set_value_component_V_LDH_variable_V_LDH":198.3652634737,"data_set_value_component_V_LDH_variable_V_LDH_temp":198.3652634737,"data_set_value_component_V_LDH_variable_Keq":21120.69,"data_set_value_component_V_LDH_variable_Km_LAC":100.0,"data_set_value_component_V_LDH_variable_Km_NAD":2.4,"data_set_value_component_V_LDH_variable_Km_PYR":1.5,"data_set_value_component_V_LDH_variable_Km_NADH":0.08,"data_set_value_component_V_LDH_variable_V_LDH_max":5118.0,"data_set_value_component_V_PDH_variable_V_PDH":9.1068358057,"data_set_value_component_V_PDH_variable_V_PDH_temp":9.1068358057,"data_set_value_component_V_PDH_variable_Ki":46.4159,"data_set_value_component_V_PDH_variable_Km_NAD":0.4,"data_set_value_component_V_PDH_variable_Km_COA":0.014,"data_set_value_component_V_PDH_variable_Km_PYR":1.0,"data_set_value_component_V_PDH_variable_Km_NADH":0.1,"data_set_value_component_V_PDH_variable_Km_ACCOA":0.008,"data_set_value_component_V_PDH_variable_V_PDH_max":259.0,"data_set_value_component_V_PTA_variable_V_PTA":8.1487557138,"data_set_value_component_V_PTA_variable_V_PTA_temp":8.1487557138,"data_set_value_component_V_PTA_variable_Keq":0.0065,"data_set_value_component_V_PTA_variable_Km_P":2.6,"data_set_value_component_V_PTA_variable_Ki_P":2.6,"data_set_value_component_V_PTA_variable_Ki_COA":0.029,"data_set_value_component_V_PTA_variable_Km_ACP":0.7,"data_set_value_component_V_PTA_variable_Ki_ACP":0.2,"data_set_value_component_V_PTA_variable_Ki_ACCOA":0.2,"data_set_value_component_V_PTA_variable_V_PTA_max":42.0,"data_set_value_component_V_ACK_variable_V_ACK":8.1487557524,"data_set_value_component_V_ACK_variable_V_ACK_temp":8.1487557524,"data_set_value_component_V_ACK_variable_Keq":174.217,"data_set_value_component_V_ACK_variable_Km_AC":7.0,"data_set_value_component_V_ACK_variable_Km_ATP":0.07,"data_set_value_component_V_ACK_variable_Km_ADP":0.5,"data_set_value_component_V_ACK_variable_Km_ACP":0.16,"data_set_value_component_V_ACK_variable_V_ACK_max":2700.0,"data_set_value_component_V_ACALDH_variable_V_ACALDH":0.958076629,"data_set_value_component_V_ACALDH_variable_V_ACALDH_temp":0.958076629,"data_set_value_component_V_ACALDH_variable_Keq":1.0,"data_set_value_component_V_ACALDH_variable_Km_NAD":0.08,"data_set_value_component_V_ACALDH_variable_Km_NADH":0.025,"data_set_value_component_V_ACALDH_variable_Km_COA":0.008,"data_set_value_component_V_ACALDH_variable_Km_ACCOA":0.007,"data_set_value_component_V_ACALDH_variable_Km_ACAL":10.0,"data_set_value_component_V_ACALDH_variable_V_ACALDH_max":97.0,"data_set_value_component_V_ADH_variable_V_ADH":0.9580765467,"data_set_value_component_V_ADH_variable_V_ADH_temp":0.9580765467,"data_set_value_component_V_ADH_variable_Keq":12354.9,"data_set_value_component_V_ADH_variable_Km_NAD":0.08,"data_set_value_component_V_ADH_variable_Km_NADH":0.05,"data_set_value_component_V_ADH_variable_Km_ETOH":1.0,"data_set_value_component_V_ADH_variable_Km_ACAL":0.03,"data_set_value_component_V_ADH_variable_V_ADH_max":162.0,"data_set_value_component_V_ALS_variable_V_ALS":0.0014509319,"data_set_value_component_V_ALS_variable_V_ALS_temp":0.0014509319,"data_set_value_component_V_ALS_variable_N":2.4,"data_set_value_component_V_ALS_variable_Keq":9000000000000.0,"data_set_value_component_V_ALS_variable_Km_ACLAC":100.0,"data_set_value_component_V_ALS_variable_Km_PYR":50.0,"data_set_value_component_V_ALS_variable_V_ALS_max":600.0,"data_set_value_component_V_ALDC_variable_V_ALDC":0.0007253881,"data_set_value_component_V_ALDC_variable_V_ALDC_temp":0.0007253881,"data_set_value_component_V_ALDC_variable_Km_ACLAC":10.0,"data_set_value_component_V_ALDC_variable_Km_ACET":100.0,"data_set_value_component_V_ALDC_variable_V_ALDC_max":106.0,"data_set_value_component_V_ACETEFF_variable_V_ACETEFF":0.0139920693,"data_set_value_component_V_ACETEFF_variable_V_ACETEFF_temp":0.0139920693,"data_set_value_component_V_ACETEFF_variable_Km_ACET":5.0,"data_set_value_component_V_ACETEFF_variable_V_ACETEFF_max":200.0,"data_set_value_component_V_ACETDH_variable_V_ACETDH":-0.0132666643,"data_set_value_component_V_ACETDH_variable_V_ACETDH_temp":-0.0132666643,"data_set_value_component_V_ACETDH_variable_Keq":1400.0,"data_set_value_component_V_ACETDH_variable_Km_NAD":0.16,"data_set_value_component_V_ACETDH_variable_Km_NADH":0.02,"data_set_value_component_V_ACETDH_variable_Km_BUT":2.6,"data_set_value_component_V_ACETDH_variable_Km_ACET":0.06,"data_set_value_component_V_ACETDH_variable_V_ACETDH_max":105.0,"data_set_value_component_V_ATPase_variable_V_ATPase":215.6223038817,"data_set_value_component_V_ATPase_variable_V_ATPase_temp":215.6223038817,"data_set_value_component_V_ATPase_variable_N":2.58,"data_set_value_component_V_ATPase_variable_Km_ATP":6.196,"data_set_value_component_V_ATPase_variable_V_ATPase_max":900.0,"data_set_value_component_V_NOX_variable_V_NOX":16.3122384716,"data_set_value_component_V_NOX_variable_V_NOX_temp":16.3122384716,"data_set_value_component_V_NOX_variable_Km_NAD":1.0,"data_set_value_component_V_NOX_variable_Km_NADH":0.041,"data_set_value_component_V_NOX_variable_Km_O":0.2,"data_set_value_component_V_NOX_variable_V_NOX_max":118.0,"data_set_value_component_V_NEALC_variable_V_NEALC":0.0000000205,"data_set_value_component_V_NEALC_variable_k":0.0003}]