[{"data_set_value_component_environment_variable_time":0.0,"data_set_value_component_Constants_variable_k_0":0.0001,"data_set_value_component_Constants_variable_k_1":3.4,"data_set_value_component_Constants_variable_k_2":4.0,"data_set_value_component_Constants_variable_k_3":4.5,"data_set_value_component_Constants_variable_k_4":1.2,"data_set_value_component_Constants_variable_k_5":0.12,"data_set_value_component_Constants_variable_k_6":14.0,"data_set_value_component_Constants_variable_k_7":2.0,"data_set_value_component_Constants_variable_k_8":10.5,"data_set_value_component_Constants_variable_k_9":0.6,"data_set_value_component_Constants_variable_k_10":3.0,"data_set_value_component_Constants_variable_k_11":0.26,"data_set_value_component_Constants_variable_C_PLC_T":0.01,"data_set_value_component_Constants_variable_K_D":0.01,"data_set_value_component_Constants_variable_K_P":0.004,"data_set_value_component_Constants_variable_K_R":0.2,"data_set_value_component_Constants_variable_K_G":0.025,"data_set_value_component_Constants_variable_K_S":0.025,"data_set_value_component_Constants_variable_K_ER":0.075,"data_set_value_component_Constants_variable_K_C1":1.0,"data_set_value_component_Constants_variable_K_C2":2.0,"data_set_value_component_Constants_variable_beta":0.05,"data_set_value_component_Constants_variable_lambda":0.001,"data_set_value_component_Constants_variable_rho":0.2,"data_set_value_component_Constants_variable_n":4.0,"data_set_value_component_Constants_variable_m":2.0,"data_set_value_component_Constants_variable_w":3.0,"data_set_value_component_R_values_variable_R_APLC":0.2,"data_set_value_component_R_values_variable_R_PKC":0.0454545455,"data_set_value_component_R_values_variable_R_G":0.00000256,"data_set_value_component_R_values_variable_R_DG":0.0099009901,"data_set_value_component_R_values_variable_R_IP_3":0.0000639959,"data_set_value_component_R_values_variable_R_Cyt1":0.1666666667,"data_set_value_component_R_values_variable_R_Cyt2":0.0909090909,"data_set_value_component_R_values_variable_R_ER":0.9995783029,"data_set_value_component_G_GTP_variable_G":0.001,"data_set_value_component_APLC_variable_APLC":0.001,"data_set_value_component_APLC_variable_PLC":0.009,"data_set_value_component_IP_3_variable_IP_3":0.001,"data_set_value_component_DG_variable_DG":0.001,"data_set_value_component_C_cyt_variable_C_cyt":0.2,"data_set_value_component_C_ER_variable_C_ER":1.0},{"data_set_value_component_environment_variable_time":0.1,"data_set_value_component_Constants_variable_k_0":0.0001,"data_set_value_component_Constants_variable_k_1":3.4,"data_set_value_component_Constants_variable_k_2":4.0,"data_set_value_component_Constants_variable_k_3":4.5,"data_set_value_component_Constants_variable_k_4":1.2,"data_set_value_component_Constants_variable_k_5":0.12,"data_set_value_component_Constants_variable_k_6":14.0,"data_set_value_component_Constants_variable_k_7":2.0,"data_set_value_component_Constants_variable_k_8":10.5,"data_set_value_component_Constants_variable_k_9":0.6,"data_set_value_component_Constants_variable_k_10":3.0,"data_set_value_component_Constants_variable_k_11":0.26,"data_set_value_component_Constants_variable_C_PLC_T":0.01,"data_set_value_component_Constants_variable_K_D":0.01,"data_set_value_component_Constants_variable_K_P":0.004,"data_set_value_component_Constants_variable_K_R":0.2,"data_set_value_component_Constants_variable_K_G":0.025,"data_set_value_component_Constants_variable_K_S":0.025,"data_set_value_component_Constants_variable_K_ER":0.075,"data_set_value_component_Constants_variable_K_C1":1.0,"data_set_value_component_Constants_variable_K_C2":2.0,"data_set_value_component_Constants_variable_beta":0.05,"data_set_value_component_Constants_variable_lambda":0.001,"data_set_value_component_Constants_variable_rho":0.2,"data_set_value_component_Constants_variable_n":4.0,"data_set_value_component_Constants_variable_m":2.0,"data_set_value_component_Constants_variable_w":3.0,"data_set_value_component_R_values_variable_R_APLC":0.1980869544,"data_set_value_component_R_values_variable_R_PKC":0.0860508028,"data_set_value_component_R_values_variable_R_G":0.0000066631,"data_set_value_component_R_values_variable_R_DG":0.0414615745,"data_set_value_component_R_values_variable_R_IP_3":0.0005754193,"data_set_value_component_R_values_variable_R_Cyt1":0.16655539,"data_set_value_component_R_values_variable_R_Cyt2":0.0908428807,"data_set_value_component_R_values_variable_R_ER":0.9995783152,"data_set_value_component_G_GTP_variable_G":0.0012701638,"data_set_value_component_APLC_variable_APLC":0.000988072,"data_set_value_component_APLC_variable_PLC":0.009011928,"data_set_value_component_IP_3_variable_IP_3":0.0020797835,"data_set_value_component_DG_variable_DG":0.0020797835,"data_set_value_component_C_cyt_variable_C_cyt":0.199839783,"data_set_value_component_C_ER_variable_C_ER":1.0000097081},{"data_set_value_component_environment_variable_time":0.2,"data_set_value_component_Constants_variable_k_0":0.0001,"data_set_value_component_Constants_variable_k_1":3.4,"data_set_value_component_Constants_variable_k_2":4.0,"data_set_value_component_Constants_variable_k_3":4.5,"data_set_value_component_Constants_variable_k_4":1.2,"data_set_value_component_Constants_variable_k_5":0.12,"data_set_value_component_Constants_variable_k_6":14.0,"data_set_value_component_Constants_variable_k_7":2.0,"data_set_value_component_Constants_variable_k_8":10.5,"data_set_value_component_Constants_variable_k_9":0.6,"data_set_value_component_Constants_variable_k_10":3.0,"data_set_value_component_Constants_variable_k_11":0.26,"data_set_value_component_Constants_variable_C_PLC_T":0.01,"data_set_value_component_Constants_variable_K_D":0.01,"data_set_value_component_Constants_variable_K_P":0.004,"data_set_value_component_Constants_variable_K_R":0.2,"data_set_value_component_Constants_variable_K_G":0.025,"data_set_value_component_Constants_variable_K_S":0.025,"data_set_value_component_Constants_variable_K_ER":0.075,"data_set_value_component_Constants_variable_K_C1":1.0,"data_set_value_component_Constants_variable_K_C2":2.0,"data_set_value_component_Constants_variable_beta":0.05,"data_set_value_component_Constants_variable_lambda":0.001,"data_set_value_component_Constants_variable_rho":0.2,"data_set_value_component_Constants_variable_n":4.0,"data_set_value_component_Constants_variable_m":2.0,"data_set_value_component_Constants_variable_w":3.0,"data_set_value_component_R_values_variable_R_APLC":0.1961877967,"data_set_value_component_R_values_variable_R_PKC":0.1137743636,"data_set_value_component_R_values_variable_R_G":0.00001625,"data_set_value_component_R_values_variable_R_DG":0.0799966397,"data_set_value_component_R_values_variable_R_IP_3":0.0016382923,"data_set_value_component_R_values_variable_R_Cyt1":0.1664505624,"data_set_value_component_R_values_variable_R_Cyt2":0.0907805151,"data_set_value_component_R_values_variable_R_ER":0.9995783264,"data_set_value_component_G_GTP_variable_G":0.0015872851,"data_set_value_component_APLC_variable_APLC":0.0009762867,"data_set_value_component_APLC_variable_PLC":0.0090237133,"data_set_value_component_IP_3_variable_IP_3":0.0029487718,"data_set_value_component_DG_variable_DG":0.0029487718,"data_set_value_component_C_cyt_variable_C_cyt":0.1996888905,"data_set_value_component_C_ER_variable_C_ER":1.0000185804},{"data_set_value_component_environment_variable_time":0.3,"data_set_value_component_Constants_variable_k_0":0.0001,"data_set_value_component_Constants_variable_k_1":3.4,"data_set_value_component_Constants_variable_k_2":4.0,"data_set_value_component_Constants_variable_k_3":4.5,"data_set_value_component_Constants_variable_k_4":1.2,"data_set_value_component_Constants_variable_k_5":0.12,"data_set_value_component_Constants_variable_k_6":14.0,"data_set_value_component_Constants_variable_k_7":2.0,"data_set_value_component_Constants_variable_k_8":10.5,"data_set_value_component_Constants_variable_k_9":0.6,"data_set_value_component_Constants_variable_k_10":3.0,"data_set_value_component_Constants_variable_k_11":0.26,"data_set_value_component_Constants_variable_C_PLC_T":0.01,"data_set_value_component_Constants_variable_K_D":0.01,"data_set_value_component_Constants_variable_K_P":0.004,"data_set_value_component_Constants_variable_K_R":0.2,"data_set_value_component_Constants_variable_K_G":0.025,"data_set_value_component_Constants_variable_K_S":0.025,"data_set_value_component_Constants_variable_K_ER":0.075,"data_set_value_component_Constants_variable_K_C1":1.0,"data_set_value_component_Constants_variable_K_C2":2.0,"data_set_value_component_Constants_variable_beta":0.05,"data_set_value_component_Constants_variable_lambda":0.001,"data_set_value_component_Constants_variable_rho":0.2,"data_set_value_component_Constants_variable_n":4.0,"data_set_value_component_Constants_variable_m":2.0,"data_set_value_component_Constants_variable_w":3.0,"data_set_value_component_R_values_variable_R_APLC":0.1943027823,"data_set_value_component_R_values_variable_R_PKC":0.1334205427,"data_set_value_component_R_values_variable_R_G":0.0000379035,"data_set_value_component_R_values_variable_R_DG":0.1172887572,"data_set_value_component_R_values_variable_R_IP_3":0.0030902414,"data_set_value_component_R_values_variable_R_Cyt1":0.1663556318,"data_set_value_component_R_values_variable_R_Cyt2":0.0907240437,"data_set_value_component_R_values_variable_R_ER":0.9995783359,"data_set_value_component_G_GTP_variable_G":0.0019616157,"data_set_value_component_APLC_variable_APLC":0.0009646442,"data_set_value_component_APLC_variable_PLC":0.0090353558,"data_set_value_component_IP_3_variable_IP_3":0.003645179,"data_set_value_component_DG_variable_DG":0.003645179,"data_set_value_component_C_cyt_variable_C_cyt":0.1995522769,"data_set_value_component_C_ER_variable_C_ER":1.0000261141},{"data_set_value_component_environment_variable_time":0.4,"data_set_value_component_Constants_variable_k_0":0.0001,"data_set_value_component_Constants_variable_k_1":3.4,"data_set_value_component_Constants_variable_k_2":4.0,"data_set_value_component_Constants_variable_k_3":4.5,"data_set_value_component_Constants_variable_k_4":1.2,"data_set_value_component_Constants_variable_k_5":0.12,"data_set_value_component_Constants_variable_k_6":14.0,"data_set_value_component_Constants_variable_k_7":2.0,"data_set_value_component_Constants_variable_k_8":10.5,"data_set_value_component_Constants_variable_k_9":0.6,"data_set_value_component_Constants_variable_k_10":3.0,"data_set_value_component_Constants_variable_k_11":0.26,"data_set_value_component_Constants_variable_C_PLC_T":0.01,"data_set_value_component_Constants_variable_K_D":0.01,"data_set_value_component_Constants_variable_K_P":0.004,"data_set_value_component_Constants_variable_K_R":0.2,"data_set_value_component_Constants_variable_K_G":0.025,"data_set_value_component_Constants_variable_K_S":0.025,"data_set_value_component_Constants_variable_K_ER":0.075,"data_set_value_component_Constants_variable_K_C1":1.0,"data_set_value_component_Constants_variable_K_C2":2.0,"data_set_value_component_Constants_variable_beta":0.05,"data_set_value_component_Constants_variable_lambda":0.001,"data_set_value_component_Constants_variable_rho":0.2,"data_set_value_component_Constants_variable_n":4.0,"data_set_value_component_Constants_variable_m":2.0,"data_set_value_component_Constants_variable_w":3.0,"data_set_value_component_R_values_variable_R_APLC":0.1924325137,"data_set_value_component_R_values_variable_R_PKC":0.1476950174,"data_set_value_component_R_values_variable_R_G":0.0000856715,"data_set_value_component_R_values_variable_R_DG":0.1499923086,"data_set_value_component_R_values_variable_R_IP_3":0.0047216494,"data_set_value_component_R_values_variable_R_Cyt1":0.1662726439,"data_set_value_component_R_values_variable_R_Cyt2":0.0906746815,"data_set_value_component_R_values_variable_R_ER":0.9995783434,"data_set_value_component_G_GTP_variable_G":0.0024052399,"data_set_value_component_APLC_variable_APLC":0.0009531464,"data_set_value_component_APLC_variable_PLC":0.0090468536,"data_set_value_component_IP_3_variable_IP_3":0.0042007135,"data_set_value_component_DG_variable_DG":0.0042007135,"data_set_value_component_C_cyt_variable_C_cyt":0.1994328754,"data_set_value_component_C_ER_variable_C_ER":1.0000320061},{"data_set_value_component_environment_variable_time":0.5,"data_set_value_component_Constants_variable_k_0":0.0001,"data_set_value_component_Constants_variable_k_1":3.4,"data_set_value_component_Constants_variable_k_2":4.0,"data_set_value_component_Constants_variable_k_3":4.5,"data_set_value_component_Constants_variable_k_4":1.2,"data_set_value_component_Constants_variable_k_5":0.12,"data_set_value_component_Constants_variable_k_6":14.0,"data_set_value_component_Constants_variable_k_7":2.0,"data_set_value_component_Constants_variable_k_8":10.5,"data_set_value_component_Constants_variable_k_9":0.6,"data_set_value_component_Constants_variable_k_10":3.0,"data_set_value_component_Constants_variable_k_11":0.26,"data_set_value_component_Constants_variable_C_PLC_T":0.01,"data_set_value_component_Constants_variable_K_D":0.01,"data_set_value_component_Constants_variable_K_P":0.004,"data_set_value_component_Constants_variable_K_R":0.2,"data_set_value_component_Constants_variable_K_G":0.025,"data_set_value_component_Constants_variable_K_S":0.025,"data_set_value_component_Constants_variable_K_ER":0.075,"data_set_value_component_Constants_variable_K_C1":1.0,"data_set_value_component_Constants_variable_K_C2":2.0,"data_set_value_component_Constants_variable_beta":0.05,"data_set_value_component_Constants_variable_lambda":0.001,"data_set_value_component_Constants_variable_rho":0.2,"data_set_value_component_Constants_variable_n":4.0,"data_set_value_component_Constants_variable_m":2.0,"data_set_value_component_Constants_variable_w":3.0,"data_set_value_component_R_values_variable_R_APLC":0.1905784657,"data_set_value_component_R_values_variable_R_PKC":0.1582302263,"data_set_value_component_R_values_variable_R_G":0.0001893183,"data_set_value_component_R_values_variable_R_DG":0.1772241825,"data_set_value_component_R_values_variable_R_IP_3":0.0063572958,"data_set_value_component_R_values_variable_R_Cyt1":0.1662021702,"data_set_value_component_R_values_variable_R_Cyt2":0.0906327664,"data_set_value_component_R_values_variable_R_ER":0.9995783486,"data_set_value_component_G_GTP_variable_G":0.0029326398,"data_set_value_component_APLC_variable_APLC":0.0009418008,"data_set_value_component_APLC_variable_PLC":0.0090581992,"data_set_value_component_IP_3_variable_IP_3":0.0046410979,"data_set_value_component_DG_variable_DG":0.0046410979,"data_set_value_component_C_cyt_variable_C_cyt":0.1993314978,"data_set_value_component_C_ER_variable_C_ER":1.0000361642},{"data_set_value_component_environment_variable_time":0.6,"data_set_value_component_Constants_variable_k_0":0.0001,"data_set_value_component_Constants_variable_k_1":3.4,"data_set_value_component_Constants_variable_k_2":4.0,"data_set_value_component_Constants_variable_k_3":4.5,"data_set_value_component_Constants_variable_k_4":1.2,"data_set_value_component_Constants_variable_k_5":0.12,"data_set_value_component_Constants_variable_k_6":14.0,"data_set_value_component_Constants_variable_k_7":2.0,"data_set_value_component_Constants_variable_k_8":10.5,"data_set_value_component_Constants_variable_k_9":0.6,"data_set_value_component_Constants_variable_k_10":3.0,"data_set_value_component_Constants_variable_k_11":0.26,"data_set_value_component_Constants_variable_C_PLC_T":0.01,"data_set_value_component_Constants_variable_K_D":0.01,"data_set_value_component_Constants_variable_K_P":0.004,"data_set_value_component_Constants_variable_K_R":0.2,"data_set_value_component_Constants_variable_K_G":0.025,"data_set_value_component_Constants_variable_K_S":0.025,"data_set_value_component_Constants_variable_K_ER":0.075,"data_set_value_component_Constants_variable_K_C1":1.0,"data_set_value_component_Constants_variable_K_C2":2.0,"data_set_value_component_Constants_variable_beta":0.05,"data_set_value_component_Constants_variable_lambda":0.001,"data_set_value_component_Constants_variable_rho":0.2,"data_set_value_component_Constants_variable_n":4.0,"data_set_value_component_Constants_variable_m":2.0,"data_set_value_component_Constants_variable_w":3.0,"data_set_value_component_R_values_variable_R_APLC":0.1887440516,"data_set_value_component_R_values_variable_R_PKC":0.1660726082,"data_set_value_component_R_values_variable_R_G":0.0004116093,"data_set_value_component_R_values_variable_R_DG":0.1991933053,"data_set_value_component_R_values_variable_R_IP_3":0.0078770938,"data_set_value_component_R_values_variable_R_Cyt1":0.1661436939,"data_set_value_component_R_values_variable_R_Cyt2":0.0905979892,"data_set_value_component_R_values_variable_R_ER":0.9995783518,"data_set_value_component_G_GTP_variable_G":0.003561279,"data_set_value_component_APLC_variable_APLC":0.0009306264,"data_set_value_component_APLC_variable_PLC":0.0090693736,"data_set_value_component_IP_3_variable_IP_3":0.0049873922,"data_set_value_component_DG_variable_DG":0.0049873922,"data_set_value_component_C_cyt_variable_C_cyt":0.1992473915,"data_set_value_component_C_ER_variable_C_ER":1.0000386527},{"data_set_value_component_environment_variable_time":0.7,"data_set_value_component_Constants_variable_k_0":0.0001,"data_set_value_component_Constants_variable_k_1":3.4,"data_set_value_component_Constants_variable_k_2":4.0,"data_set_value_component_Constants_variable_k_3":4.5,"data_set_value_component_Constants_variable_k_4":1.2,"data_set_value_component_Constants_variable_k_5":0.12,"data_set_value_component_Constants_variable_k_6":14.0,"data_set_value_component_Constants_variable_k_7":2.0,"data_set_value_component_Constants_variable_k_8":10.5,"data_set_value_component_Constants_variable_k_9":0.6,"data_set_value_component_Constants_variable_k_10":3.0,"data_set_value_component_Constants_variable_k_11":0.26,"data_set_value_component_Constants_variable_C_PLC_T":0.01,"data_set_value_component_Constants_variable_K_D":0.01,"data_set_value_component_Constants_variable_K_P":0.004,"data_set_value_component_Constants_variable_K_R":0.2,"data_set_value_component_Constants_variable_K_G":0.025,"data_set_value_component_Constants_variable_K_S":0.025,"data_set_value_component_Constants_variable_K_ER":0.075,"data_set_value_component_Constants_variable_K_C1":1.0,"data_set_value_component_Constants_variable_K_C2":2.0,"data_set_value_component_Constants_variable_beta":0.05,"data_set_value_component_Constants_variable_lambda":0.001,"data_set_value_component_Constants_variable_rho":0.2,"data_set_value_component_Constants_variable_n":4.0,"data_set_value_component_Constants_variable_m":2.0,"data_set_value_component_Constants_variable_w":3.0,"data_set_value_component_R_values_variable_R_APLC":0.1869369204,"data_set_value_component_R_values_variable_R_PKC":0.1719248069,"data_set_value_component_R_values_variable_R_G":0.0008844575,"data_set_value_component_R_values_variable_R_DG":0.2165151855,"data_set_value_component_R_values_variable_R_IP_3":0.0092118623,"data_set_value_component_R_values_variable_R_Cyt1":0.166096016,"data_set_value_component_R_values_variable_R_Cyt2":0.0905696358,"data_set_value_component_R_values_variable_R_ER":0.999578353,"data_set_value_component_G_GTP_variable_G":0.0043122638,"data_set_value_component_APLC_variable_APLC":0.0009196675,"data_set_value_component_APLC_variable_PLC":0.0090803325,"data_set_value_component_IP_3_variable_IP_3":0.00525689,"data_set_value_component_DG_variable_DG":0.00525689,"data_set_value_component_C_cyt_variable_C_cyt":0.1991788253,"data_set_value_component_C_ER_variable_C_ER":1.0000396343},{"data_set_value_component_environment_variable_time":0.8,"data_set_value_component_Constants_variable_k_0":0.0001,"data_set_value_component_Constants_variable_k_1":3.4,"data_set_value_component_Constants_variable_k_2":4.0,"data_set_value_component_Constants_variable_k_3":4.5,"data_set_value_component_Constants_variable_k_4":1.2,"data_set_value_component_Constants_variable_k_5":0.12,"data_set_value_component_Constants_variable_k_6":14.0,"data_set_value_component_Constants_variable_k_7":2.0,"data_set_value_component_Constants_variable_k_8":10.5,"data_set_value_component_Constants_variable_k_9":0.6,"data_set_value_component_Constants_variable_k_10":3.0,"data_set_value_component_Constants_variable_k_11":0.26,"data_set_value_component_Constants_variable_C_PLC_T":0.01,"data_set_value_component_Constants_variable_K_D":0.01,"data_set_value_component_Constants_variable_K_P":0.004,"data_set_value_component_Constants_variable_K_R":0.2,"data_set_value_component_Constants_variable_K_G":0.025,"data_set_value_component_Constants_variable_K_S":0.025,"data_set_value_component_Constants_variable_K_ER":0.075,"data_set_value_component_Constants_variable_K_C1":1.0,"data_set_value_component_Constants_variable_K_C2":2.0,"data_set_value_component_Constants_variable_beta":0.05,"data_set_value_component_Constants_variable_lambda":0.001,"data_set_value_component_Constants_variable_rho":0.2,"data_set_value_component_Constants_variable_n":4.0,"data_set_value_component_Constants_variable_m":2.0,"data_set_value_component_Constants_variable_w":3.0,"data_set_value_component_R_values_variable_R_APLC":0.185173852,"data_set_value_component_R_values_variable_R_PKC":0.1762771115,"data_set_value_component_R_values_variable_R_G":0.0018843043,"data_set_value_component_R_values_variable_R_DG":0.2299016772,"data_set_value_component_R_values_variable_R_IP_3":0.0103315067,"data_set_value_component_R_values_variable_R_Cyt1":0.1660575901,"data_set_value_component_R_values_variable_R_Cyt2":0.0905467855,"data_set_value_component_R_values_variable_R_ER":0.9995783526,"data_set_value_component_G_GTP_variable_G":0.0052111377,"data_set_value_component_APLC_variable_APLC":0.0009090226,"data_set_value_component_APLC_variable_PLC":0.0090909774,"data_set_value_component_IP_3_variable_IP_3":0.0054638401,"data_set_value_component_DG_variable_DG":0.0054638401,"data_set_value_component_C_cyt_variable_C_cyt":0.1991235703,"data_set_value_component_C_ER_variable_C_ER":1.0000393232},{"data_set_value_component_environment_variable_time":0.9,"data_set_value_component_Constants_variable_k_0":0.0001,"data_set_value_component_Constants_variable_k_1":3.4,"data_set_value_component_Constants_variable_k_2":4.0,"data_set_value_component_Constants_variable_k_3":4.5,"data_set_value_component_Constants_variable_k_4":1.2,"data_set_value_component_Constants_variable_k_5":0.12,"data_set_value_component_Constants_variable_k_6":14.0,"data_set_value_component_Constants_variable_k_7":2.0,"data_set_value_component_Constants_variable_k_8":10.5,"data_set_value_component_Constants_variable_k_9":0.6,"data_set_value_component_Constants_variable_k_10":3.0,"data_set_value_component_Constants_variable_k_11":0.26,"data_set_value_component_Constants_variable_C_PLC_T":0.01,"data_set_value_component_Constants_variable_K_D":0.01,"data_set_value_component_Constants_variable_K_P":0.004,"data_set_value_component_Constants_variable_K_R":0.2,"data_set_value_component_Constants_variable_K_G":0.025,"data_set_value_component_Constants_variable_K_S":0.025,"data_set_value_component_Constants_variable_K_ER":0.075,"data_set_value_component_Constants_variable_K_C1":1.0,"data_set_value_component_Constants_variable_K_C2":2.0,"data_set_value_component_Constants_variable_beta":0.05,"data_set_value_component_Constants_variable_lambda":0.001,"data_set_value_component_Constants_variable_rho":0.2,"data_set_value_component_Constants_variable_n":4.0,"data_set_value_component_Constants_variable_m":2.0,"data_set_value_component_Constants_variable_w":3.0,"data_set_value_component_R_values_variable_R_APLC":0.1834910845,"data_set_value_component_R_values_variable_R_PKC":0.1794845858,"data_set_value_component_R_values_variable_R_G":0.0039882118,"data_set_value_component_R_values_variable_R_DG":0.2400380833,"data_set_value_component_R_values_variable_R_IP_3":0.0112332726,"data_set_value_component_R_values_variable_R_Cyt1":0.1660267662,"data_set_value_component_R_values_variable_R_Cyt2":0.0905284565,"data_set_value_component_R_values_variable_R_ER":0.9995783509,"data_set_value_component_G_GTP_variable_G":0.0062888095,"data_set_value_component_APLC_variable_APLC":0.0008989055,"data_set_value_component_APLC_variable_PLC":0.0091010945,"data_set_value_component_IP_3_variable_IP_3":0.0056201015,"data_set_value_component_DG_variable_DG":0.0056201015,"data_set_value_component_C_cyt_variable_C_cyt":0.1990792503,"data_set_value_component_C_ER_variable_C_ER":1.0000379493},{"data_set_value_component_environment_variable_time":1.0,"data_set_value_component_Constants_variable_k_0":0.0001,"data_set_value_component_Constants_variable_k_1":3.4,"data_set_value_component_Constants_variable_k_2":4.0,"data_set_value_component_Constants_variable_k_3":4.5,"data_set_value_component_Constants_variable_k_4":1.2,"data_set_value_component_Constants_variable_k_5":0.12,"data_set_value_component_Constants_variable_k_6":14.0,"data_set_value_component_Constants_variable_k_7":2.0,"data_set_value_component_Constants_variable_k_8":10.5,"data_set_value_component_Constants_variable_k_9":0.6,"data_set_value_component_Constants_variable_k_10":3.0,"data_set_value_component_Constants_variable_k_11":0.26,"data_set_value_component_Constants_variable_C_PLC_T":0.01,"data_set_value_component_Constants_variable_K_D":0.01,"data_set_value_component_Constants_variable_K_P":0.004,"data_set_value_component_Constants_variable_K_R":0.2,"data_set_value_component_Constants_variable_K_G":0.025,"data_set_value_component_Constants_variable_K_S":0.025,"data_set_value_component_Constants_variable_K_ER":0.075,"data_set_value_component_Constants_variable_K_C1":1.0,"data_set_value_component_Constants_variable_K_C2":2.0,"data_set_value_component_Constants_variable_beta":0.05,"data_set_value_component_Constants_variable_lambda":0.001,"data_set_value_component_Constants_variable_rho":0.2,"data_set_value_component_Constants_variable_n":4.0,"data_set_value_component_Constants_variable_m":2.0,"data_set_value_component_Constants_variable_w":3.0,"data_set_value_component_R_values_variable_R_APLC":0.1819658168,"data_set_value_component_R_values_variable_R_PKC":0.1818163361,"data_set_value_component_R_values_variable_R_G":0.008391673,"data_set_value_component_R_values_variable_R_DG":0.2475510059,"data_set_value_component_R_values_variable_R_IP_3":0.0119329504,"data_set_value_component_R_values_variable_R_Cyt1":0.1660019566,"data_set_value_component_R_values_variable_R_Cyt2":0.0905137043,"data_set_value_component_R_values_variable_R_ER":0.9995783481,"data_set_value_component_G_GTP_variable_G":0.0075825818,"data_set_value_component_APLC_variable_APLC":0.0008897712,"data_set_value_component_APLC_variable_PLC":0.0091102288,"data_set_value_component_IP_3_variable_IP_3":0.0057357976,"data_set_value_component_DG_variable_DG":0.0057357976,"data_set_value_component_C_cyt_variable_C_cyt":0.1990435804,"data_set_value_component_C_ER_variable_C_ER":1.0000357351}]