[{"file": "shorten_2007b.png"}, {"file": "shorten_2007c.png"}, {"file": "simulation_1.sedml"}, {"file": "shorten_2007a.png"}, {"file": "shorten_2007.png"}, {"file": "shorten_2007a.xul"}, {"file": "shorten_2007d.png"}, {"file": "report.csv"}, {"file": "simulation_0.sedml"}, {"file": "shorten_2007b.ai"}, {"file": "shorten_2007.ai"}, {"file": "shorten_2007c.ai"}, {"file": "shorten_2007.svg"}, {"file": "shorten_2007a.svg"}, {"file": "shorten_ocallaghan_davidson_soboleva_2007_variant01.cellml"}, {"file": "shorten_2007c.svg"}, {"file": "shorten_2007b.svg"}, {"file": "shorten_ocallaghan_davidson_soboleva_2007.cellml"}, {"file": "shorten_2007a.ai"}]