[{"data_set_value_component_environment_variable_time":0.0,"data_set_value_component_A_B_variable_A_B":3.0865439078,"data_set_value_component_r_B_variable_r_B":0.9912,"data_set_value_component_r_B_variable_X_c":0.0009127,"data_set_value_component_r_B_variable_X_b":0.0007282,"data_set_value_component_r_B_variable_X_y":0.0073,"data_set_value_component_r_B_variable_k_rB":1.0,"data_set_value_component_r_B_variable_k_for":0.001,"data_set_value_component_r_B_variable_k_res":0.01,"data_set_value_component_xy_variable_xy":0.0073,"data_set_value_component_xy_variable_X_bss":0.0007282,"data_set_value_component_xy_variable_X_yss":0.0073,"data_set_value_component_xy_variable_k_byp":0.1,"data_set_value_component_xy_variable_k_yd":1.0,"data_set_value_component_F_sti_variable_F_sti":0.2365104861,"data_set_value_component_F_sti_variable_k_Fs":1.0,"data_set_value_component_F_sti_variable_k_y":1.0,"data_set_value_component_F_s_variable_F_s":32.3986967257,"data_set_value_component_F_s_variable_F_a":100.0,"data_set_value_component_x_no_variable_x_no":0.02,"data_set_value_component_x_no_variable_X_noe":0.0,"data_set_value_component_x_no_variable_k_yno":20000.0,"data_set_value_component_x_no_variable_k_nod":1000.0,"data_set_value_component_x_pge_variable_x_pge":0.01,"data_set_value_component_x_pge_variable_X_pgex":0.0,"data_set_value_component_x_pge_variable_k_pged":100.0,"data_set_value_component_x_pge_variable_k_nopge":1.0,"data_set_value_component_x_pge_variable_k_ypge":100.0,"data_set_value_component_x_opg_variable_x_opg":0.01,"data_set_value_component_x_opg_variable_k_opgd":0.35,"data_set_value_component_x_opg_variable_k_nopg":10.0,"data_set_value_component_x_kl_variable_x_kl":0.01,"data_set_value_component_x_kl_variable_pi_L":0.0598227528,"data_set_value_component_x_kl_variable_K_l_p":3000000.0,"data_set_value_component_x_kl_variable_K":10.0,"data_set_value_component_x_kl_variable_k_nokl":100.0,"data_set_value_component_x_kl_variable_Il":0.0,"data_set_value_component_x_kl_variable_rl":1000.0,"data_set_value_component_x_kl_variable_k1":0.01,"data_set_value_component_x_kl_variable_k2":10.0,"data_set_value_component_x_kl_variable_k3":0.00058,"data_set_value_component_x_kl_variable_k4":0.017,"data_set_value_component_x_kl_variable_ko":0.35,"data_set_value_component_xr_variable_xr":0.0007734,"data_set_value_component_xr_variable_D_R":0.0007,"data_set_value_component_xr_variable_k_pger":0.0001,"data_set_value_component_xb_variable_xb":0.0007282,"data_set_value_component_xb_variable_k_B":0.189,"data_set_value_component_xc_variable_xc":0.0009127,"data_set_value_component_xc_variable_D_C":0.189,"data_set_value_component_xc_variable_D_A":0.7,"data_set_value_component_model_parameters_variable_D_B":0.035,"data_set_value_component_model_parameters_variable_pi_c":0.196644511,"data_set_value_component_model_parameters_variable_pi_p":0.019379845,"data_set_value_component_model_parameters_variable_K_o_p":200000.0,"data_set_value_component_model_parameters_variable_Io":0.0,"data_set_value_component_model_parameters_variable_f0":0.05,"data_set_value_component_model_parameters_variable_dB":0.7,"data_set_value_component_model_parameters_variable_C_s":0.005,"data_set_value_component_model_parameters_variable_P":0.0,"data_set_value_component_model_parameters_variable_P_0":2.9069767442,"data_set_value_component_model_parameters_variable_P_s":150.0,"data_set_value_component_model_parameters_variable_SP":250.0,"data_set_value_component_model_parameters_variable_k5":0.02,"data_set_value_component_model_parameters_variable_k6":3.0,"data_set_value_component_model_parameters_variable_IP":0.0,"data_set_value_component_model_parameters_variable_kP":86.0},{"data_set_value_component_environment_variable_time":0.1,"data_set_value_component_A_B_variable_A_B":3.0827804622,"data_set_value_component_r_B_variable_r_B":0.990595527,"data_set_value_component_r_B_variable_X_c":0.0009127,"data_set_value_component_r_B_variable_X_b":0.0007282,"data_set_value_component_r_B_variable_X_y":0.0073,"data_set_value_component_r_B_variable_k_rB":1.0,"data_set_value_component_r_B_variable_k_for":0.001,"data_set_value_component_r_B_variable_k_res":0.01,"data_set_value_component_xy_variable_xy":0.0072999884,"data_set_value_component_xy_variable_X_bss":0.0007282,"data_set_value_component_xy_variable_X_yss":0.0073,"data_set_value_component_xy_variable_k_byp":0.1,"data_set_value_component_xy_variable_k_yd":1.0,"data_set_value_component_F_sti_variable_F_sti":0.2367988394,"data_set_value_component_F_sti_variable_k_Fs":1.0,"data_set_value_component_F_sti_variable_k_y":1.0,"data_set_value_component_F_s_variable_F_s":32.4382489205,"data_set_value_component_F_s_variable_F_a":100.0,"data_set_value_component_x_no_variable_x_no":4.7358670359,"data_set_value_component_x_no_variable_X_noe":0.0,"data_set_value_component_x_no_variable_k_yno":20000.0,"data_set_value_component_x_no_variable_k_nod":1000.0,"data_set_value_component_x_pge_variable_x_pge":0.2840845741,"data_set_value_component_x_pge_variable_X_pgex":0.0,"data_set_value_component_x_pge_variable_k_pged":100.0,"data_set_value_component_x_pge_variable_k_nopge":1.0,"data_set_value_component_x_pge_variable_k_ypge":100.0,"data_set_value_component_x_opg_variable_x_opg":8.648163754,"data_set_value_component_x_opg_variable_k_opgd":0.35,"data_set_value_component_x_opg_variable_k_nopg":10.0,"data_set_value_component_x_kl_variable_x_kl":15.8389803533,"data_set_value_component_x_kl_variable_pi_L":0.0588061794,"data_set_value_component_x_kl_variable_K_l_p":3000000.0,"data_set_value_component_x_kl_variable_K":10.0,"data_set_value_component_x_kl_variable_k_nokl":100.0,"data_set_value_component_x_kl_variable_Il":0.0,"data_set_value_component_x_kl_variable_rl":1000.0,"data_set_value_component_x_kl_variable_k1":0.01,"data_set_value_component_x_kl_variable_k2":10.0,"data_set_value_component_x_kl_variable_k3":0.00058,"data_set_value_component_x_kl_variable_k4":0.017,"data_set_value_component_x_kl_variable_ko":0.35,"data_set_value_component_xr_variable_xr":0.0007838788,"data_set_value_component_xr_variable_D_R":0.0007,"data_set_value_component_xr_variable_k_pger":0.0001,"data_set_value_component_xb_variable_xb":0.0007249856,"data_set_value_component_xb_variable_k_B":0.189,"data_set_value_component_xc_variable_xc":0.0020082362,"data_set_value_component_xc_variable_D_C":0.189,"data_set_value_component_xc_variable_D_A":0.7,"data_set_value_component_model_parameters_variable_D_B":0.035,"data_set_value_component_model_parameters_variable_pi_c":0.3222260383,"data_set_value_component_model_parameters_variable_pi_p":0.019379845,"data_set_value_component_model_parameters_variable_K_o_p":200000.0,"data_set_value_component_model_parameters_variable_Io":0.0,"data_set_value_component_model_parameters_variable_f0":0.05,"data_set_value_component_model_parameters_variable_dB":0.7,"data_set_value_component_model_parameters_variable_C_s":0.005,"data_set_value_component_model_parameters_variable_P":0.0,"data_set_value_component_model_parameters_variable_P_0":2.9069767442,"data_set_value_component_model_parameters_variable_P_s":150.0,"data_set_value_component_model_parameters_variable_SP":250.0,"data_set_value_component_model_parameters_variable_k5":0.02,"data_set_value_component_model_parameters_variable_k6":3.0,"data_set_value_component_model_parameters_variable_IP":0.0,"data_set_value_component_model_parameters_variable_kP":86.0},{"data_set_value_component_environment_variable_time":0.2,"data_set_value_component_A_B_variable_A_B":3.0724764057,"data_set_value_component_r_B_variable_r_B":0.9889386306,"data_set_value_component_r_B_variable_X_c":0.0009127,"data_set_value_component_r_B_variable_X_b":0.0007282,"data_set_value_component_r_B_variable_X_y":0.0073,"data_set_value_component_r_B_variable_k_rB":1.0,"data_set_value_component_r_B_variable_k_for":0.001,"data_set_value_component_r_B_variable_k_res":0.01,"data_set_value_component_xy_variable_xy":0.0072999307,"data_set_value_component_xy_variable_X_bss":0.0007282,"data_set_value_component_xy_variable_X_yss":0.0073,"data_set_value_component_xy_variable_k_byp":0.1,"data_set_value_component_xy_variable_k_yd":1.0,"data_set_value_component_F_sti_variable_F_sti":0.2375911066,"data_set_value_component_F_sti_variable_k_Fs":1.0,"data_set_value_component_F_sti_variable_k_y":1.0,"data_set_value_component_F_s_variable_F_s":32.5470359394,"data_set_value_component_F_s_variable_F_a":100.0,"data_set_value_component_x_no_variable_x_no":4.7516195099,"data_set_value_component_x_no_variable_X_noe":0.0,"data_set_value_component_x_no_variable_k_yno":20000.0,"data_set_value_component_x_no_variable_k_nod":1000.0,"data_set_value_component_x_pge_variable_x_pge":0.2849904858,"data_set_value_component_x_pge_variable_X_pgex":0.0,"data_set_value_component_x_pge_variable_k_pged":100.0,"data_set_value_component_x_pge_variable_k_nopge":1.0,"data_set_value_component_x_pge_variable_k_ypge":100.0,"data_set_value_component_x_opg_variable_x_opg":18.7618615662,"data_set_value_component_x_opg_variable_k_opgd":0.35,"data_set_value_component_x_opg_variable_k_nopg":10.0,"data_set_value_component_x_kl_variable_x_kl":16.2028595529,"data_set_value_component_x_kl_variable_pi_L":0.0568715135,"data_set_value_component_x_kl_variable_K_l_p":3000000.0,"data_set_value_component_x_kl_variable_K":10.0,"data_set_value_component_x_kl_variable_k_nokl":100.0,"data_set_value_component_x_kl_variable_Il":0.0,"data_set_value_component_x_kl_variable_rl":1000.0,"data_set_value_component_x_kl_variable_k1":0.01,"data_set_value_component_x_kl_variable_k2":10.0,"data_set_value_component_x_kl_variable_k3":0.00058,"data_set_value_component_x_kl_variable_k4":0.017,"data_set_value_component_x_kl_variable_ko":0.35,"data_set_value_component_xr_variable_xr":0.0008049135,"data_set_value_component_xr_variable_D_R":0.0007,"data_set_value_component_xr_variable_k_pger":0.0001,"data_set_value_component_xb_variable_xb":0.0007189168,"data_set_value_component_xb_variable_k_B":0.189,"data_set_value_component_xc_variable_xc":0.0030365714,"data_set_value_component_xc_variable_D_C":0.189,"data_set_value_component_xc_variable_D_A":0.7,"data_set_value_component_model_parameters_variable_D_B":0.035,"data_set_value_component_model_parameters_variable_pi_c":0.4089519331,"data_set_value_component_model_parameters_variable_pi_p":0.019379845,"data_set_value_component_model_parameters_variable_K_o_p":200000.0,"data_set_value_component_model_parameters_variable_Io":0.0,"data_set_value_component_model_parameters_variable_f0":0.05,"data_set_value_component_model_parameters_variable_dB":0.7,"data_set_value_component_model_parameters_variable_C_s":0.005,"data_set_value_component_model_parameters_variable_P":0.0,"data_set_value_component_model_parameters_variable_P_0":2.9069767442,"data_set_value_component_model_parameters_variable_P_s":150.0,"data_set_value_component_model_parameters_variable_SP":250.0,"data_set_value_component_model_parameters_variable_k5":0.02,"data_set_value_component_model_parameters_variable_k6":3.0,"data_set_value_component_model_parameters_variable_IP":0.0,"data_set_value_component_model_parameters_variable_kP":86.0},{"data_set_value_component_environment_variable_time":0.3,"data_set_value_component_A_B_variable_A_B":3.0567774398,"data_set_value_component_r_B_variable_r_B":0.9864088802,"data_set_value_component_r_B_variable_X_c":0.0009127,"data_set_value_component_r_B_variable_X_b":0.0007282,"data_set_value_component_r_B_variable_X_y":0.0073,"data_set_value_component_r_B_variable_k_rB":1.0,"data_set_value_component_r_B_variable_k_for":0.001,"data_set_value_component_r_B_variable_k_res":0.01,"data_set_value_component_xy_variable_xy":0.0072998154,"data_set_value_component_xy_variable_X_bss":0.0007282,"data_set_value_component_xy_variable_X_yss":0.0073,"data_set_value_component_xy_variable_k_byp":0.1,"data_set_value_component_xy_variable_k_yd":1.0,"data_set_value_component_F_sti_variable_F_sti":0.2388075523,"data_set_value_component_F_sti_variable_k_Fs":1.0,"data_set_value_component_F_sti_variable_k_y":1.0,"data_set_value_component_F_s_variable_F_s":32.7141906696,"data_set_value_component_F_s_variable_F_a":100.0,"data_set_value_component_x_no_variable_x_no":4.7758711426,"data_set_value_component_x_no_variable_X_noe":0.0,"data_set_value_component_x_no_variable_k_yno":20000.0,"data_set_value_component_x_no_variable_k_nod":1000.0,"data_set_value_component_x_pge_variable_x_pge":0.2864022442,"data_set_value_component_x_pge_variable_X_pgex":0.0,"data_set_value_component_x_pge_variable_k_pged":100.0,"data_set_value_component_x_pge_variable_k_nopge":1.0,"data_set_value_component_x_pge_variable_k_ypge":100.0,"data_set_value_component_x_opg_variable_x_opg":29.9054270945,"data_set_value_component_x_opg_variable_k_opgd":0.35,"data_set_value_component_x_opg_variable_k_nopg":10.0,"data_set_value_component_x_kl_variable_x_kl":15.8806801313,"data_set_value_component_x_kl_variable_pi_L":0.0545648995,"data_set_value_component_x_kl_variable_K_l_p":3000000.0,"data_set_value_component_x_kl_variable_K":10.0,"data_set_value_component_x_kl_variable_k_nokl":100.0,"data_set_value_component_x_kl_variable_Il":0.0,"data_set_value_component_x_kl_variable_rl":1000.0,"data_set_value_component_x_kl_variable_k1":0.01,"data_set_value_component_x_kl_variable_k2":10.0,"data_set_value_component_x_kl_variable_k3":0.00058,"data_set_value_component_x_kl_variable_k4":0.017,"data_set_value_component_x_kl_variable_ko":0.35,"data_set_value_component_xr_variable_xr":0.0008321946,"data_set_value_component_xr_variable_D_R":0.0007,"data_set_value_component_xr_variable_k_pger":0.0001,"data_set_value_component_xb_variable_xb":0.0007118864,"data_set_value_component_xb_variable_k_B":0.189,"data_set_value_component_xc_variable_xc":0.003980953,"data_set_value_component_xc_variable_D_C":0.189,"data_set_value_component_xc_variable_D_A":0.7,"data_set_value_component_model_parameters_variable_D_B":0.035,"data_set_value_component_model_parameters_variable_pi_c":0.4711029016,"data_set_value_component_model_parameters_variable_pi_p":0.019379845,"data_set_value_component_model_parameters_variable_K_o_p":200000.0,"data_set_value_component_model_parameters_variable_Io":0.0,"data_set_value_component_model_parameters_variable_f0":0.05,"data_set_value_component_model_parameters_variable_dB":0.7,"data_set_value_component_model_parameters_variable_C_s":0.005,"data_set_value_component_model_parameters_variable_P":0.0,"data_set_value_component_model_parameters_variable_P_0":2.9069767442,"data_set_value_component_model_parameters_variable_P_s":150.0,"data_set_value_component_model_parameters_variable_SP":250.0,"data_set_value_component_model_parameters_variable_k5":0.02,"data_set_value_component_model_parameters_variable_k6":3.0,"data_set_value_component_model_parameters_variable_IP":0.0,"data_set_value_component_model_parameters_variable_kP":86.0},{"data_set_value_component_environment_variable_time":0.4,"data_set_value_component_A_B_variable_A_B":3.0367956816,"data_set_value_component_r_B_variable_r_B":0.9831795806,"data_set_value_component_r_B_variable_X_c":0.0009127,"data_set_value_component_r_B_variable_X_b":0.0007282,"data_set_value_component_r_B_variable_X_y":0.0073,"data_set_value_component_r_B_variable_k_rB":1.0,"data_set_value_component_r_B_variable_k_for":0.001,"data_set_value_component_r_B_variable_k_res":0.01,"data_set_value_component_xy_variable_xy":0.0072996421,"data_set_value_component_xy_variable_X_bss":0.0007282,"data_set_value_component_xy_variable_X_yss":0.0073,"data_set_value_component_xy_variable_k_byp":0.1,"data_set_value_component_xy_variable_k_yd":1.0,"data_set_value_component_F_sti_variable_F_sti":0.240373172,"data_set_value_component_F_sti_variable_k_Fs":1.0,"data_set_value_component_F_sti_variable_k_y":1.0,"data_set_value_component_F_s_variable_F_s":32.9294461944,"data_set_value_component_F_s_variable_F_a":100.0,"data_set_value_component_x_no_variable_x_no":4.8071206383,"data_set_value_component_x_no_variable_X_noe":0.0,"data_set_value_component_x_no_variable_k_yno":20000.0,"data_set_value_component_x_no_variable_k_nod":1000.0,"data_set_value_component_x_pge_variable_x_pge":0.2882418585,"data_set_value_component_x_pge_variable_X_pgex":0.0,"data_set_value_component_x_pge_variable_k_pged":100.0,"data_set_value_component_x_pge_variable_k_nopge":1.0,"data_set_value_component_x_pge_variable_k_ypge":100.0,"data_set_value_component_x_opg_variable_x_opg":41.8404451382,"data_set_value_component_x_opg_variable_k_opgd":0.35,"data_set_value_component_x_opg_variable_k_nopg":10.0,"data_set_value_component_x_kl_variable_x_kl":15.4967195926,"data_set_value_component_x_kl_variable_pi_L":0.0521250929,"data_set_value_component_x_kl_variable_K_l_p":3000000.0,"data_set_value_component_x_kl_variable_K":10.0,"data_set_value_component_x_kl_variable_k_nokl":100.0,"data_set_value_component_x_kl_variable_Il":0.0,"data_set_value_component_x_kl_variable_rl":1000.0,"data_set_value_component_x_kl_variable_k1":0.01,"data_set_value_component_x_kl_variable_k2":10.0,"data_set_value_component_x_kl_variable_k3":0.00058,"data_set_value_component_x_kl_variable_k4":0.017,"data_set_value_component_x_kl_variable_ko":0.35,"data_set_value_component_xr_variable_xr":0.0008637369,"data_set_value_component_xr_variable_D_R":0.0007,"data_set_value_component_xr_variable_k_pger":0.0001,"data_set_value_component_xb_variable_xb":0.0007044952,"data_set_value_component_xb_variable_k_B":0.189,"data_set_value_component_xc_variable_xc":0.0048359603,"data_set_value_component_xc_variable_D_C":0.189,"data_set_value_component_xc_variable_D_A":0.7,"data_set_value_component_model_parameters_variable_D_B":0.035,"data_set_value_component_model_parameters_variable_pi_c":0.5170781638,"data_set_value_component_model_parameters_variable_pi_p":0.019379845,"data_set_value_component_model_parameters_variable_K_o_p":200000.0,"data_set_value_component_model_parameters_variable_Io":0.0,"data_set_value_component_model_parameters_variable_f0":0.05,"data_set_value_component_model_parameters_variable_dB":0.7,"data_set_value_component_model_parameters_variable_C_s":0.005,"data_set_value_component_model_parameters_variable_P":0.0,"data_set_value_component_model_parameters_variable_P_0":2.9069767442,"data_set_value_component_model_parameters_variable_P_s":150.0,"data_set_value_component_model_parameters_variable_SP":250.0,"data_set_value_component_model_parameters_variable_k5":0.02,"data_set_value_component_model_parameters_variable_k6":3.0,"data_set_value_component_model_parameters_variable_IP":0.0,"data_set_value_component_model_parameters_variable_kP":86.0},{"data_set_value_component_environment_variable_time":0.5,"data_set_value_component_A_B_variable_A_B":3.0135530282,"data_set_value_component_r_B_variable_r_B":0.9794098843,"data_set_value_component_r_B_variable_X_c":0.0009127,"data_set_value_component_r_B_variable_X_b":0.0007282,"data_set_value_component_r_B_variable_X_y":0.0073,"data_set_value_component_r_B_variable_k_rB":1.0,"data_set_value_component_r_B_variable_k_for":0.001,"data_set_value_component_r_B_variable_k_res":0.01,"data_set_value_component_xy_variable_xy":0.0072994144,"data_set_value_component_xy_variable_X_bss":0.0007282,"data_set_value_component_xy_variable_X_yss":0.0073,"data_set_value_component_xy_variable_k_byp":0.1,"data_set_value_component_xy_variable_k_yd":1.0,"data_set_value_component_F_sti_variable_F_sti":0.2422195434,"data_set_value_component_F_sti_variable_k_Fs":1.0,"data_set_value_component_F_sti_variable_k_y":1.0,"data_set_value_component_F_s_variable_F_s":33.1834213845,"data_set_value_component_F_s_variable_F_a":100.0,"data_set_value_component_x_no_variable_x_no":4.8439981702,"data_set_value_component_x_no_variable_X_noe":0.0,"data_set_value_component_x_no_variable_k_yno":20000.0,"data_set_value_component_x_no_variable_k_nod":1000.0,"data_set_value_component_x_pge_variable_x_pge":0.290426383,"data_set_value_component_x_pge_variable_X_pgex":0.0,"data_set_value_component_x_pge_variable_k_pged":100.0,"data_set_value_component_x_pge_variable_k_nopge":1.0,"data_set_value_component_x_pge_variable_k_ypge":100.0,"data_set_value_component_x_opg_variable_x_opg":54.4147671742,"data_set_value_component_x_opg_variable_k_opgd":0.35,"data_set_value_component_x_opg_variable_k_nopg":10.0,"data_set_value_component_x_kl_variable_x_kl":15.0911783895,"data_set_value_component_x_kl_variable_pi_L":0.0496805801,"data_set_value_component_x_kl_variable_K_l_p":3000000.0,"data_set_value_component_x_kl_variable_K":10.0,"data_set_value_component_x_kl_variable_k_nokl":100.0,"data_set_value_component_x_kl_variable_Il":0.0,"data_set_value_component_x_kl_variable_rl":1000.0,"data_set_value_component_x_kl_variable_k1":0.01,"data_set_value_component_x_kl_variable_k2":10.0,"data_set_value_component_x_kl_variable_k3":0.00058,"data_set_value_component_x_kl_variable_k4":0.017,"data_set_value_component_x_kl_variable_ko":0.35,"data_set_value_component_xr_variable_xr":0.0008983404,"data_set_value_component_xr_variable_D_R":0.0007,"data_set_value_component_xr_variable_k_pger":0.0001,"data_set_value_component_xb_variable_xb":0.000697011,"data_set_value_component_xb_variable_k_B":0.189,"data_set_value_component_xc_variable_xc":0.0056019764,"data_set_value_component_xc_variable_D_C":0.189,"data_set_value_component_xc_variable_D_A":0.7,"data_set_value_component_model_parameters_variable_D_B":0.035,"data_set_value_component_model_parameters_variable_pi_c":0.5519703305,"data_set_value_component_model_parameters_variable_pi_p":0.019379845,"data_set_value_component_model_parameters_variable_K_o_p":200000.0,"data_set_value_component_model_parameters_variable_Io":0.0,"data_set_value_component_model_parameters_variable_f0":0.05,"data_set_value_component_model_parameters_variable_dB":0.7,"data_set_value_component_model_parameters_variable_C_s":0.005,"data_set_value_component_model_parameters_variable_P":0.0,"data_set_value_component_model_parameters_variable_P_0":2.9069767442,"data_set_value_component_model_parameters_variable_P_s":150.0,"data_set_value_component_model_parameters_variable_SP":250.0,"data_set_value_component_model_parameters_variable_k5":0.02,"data_set_value_component_model_parameters_variable_k6":3.0,"data_set_value_component_model_parameters_variable_IP":0.0,"data_set_value_component_model_parameters_variable_kP":86.0},{"data_set_value_component_environment_variable_time":0.6,"data_set_value_component_A_B_variable_A_B":2.9879571584,"data_set_value_component_r_B_variable_r_B":0.9752416639,"data_set_value_component_r_B_variable_X_c":0.0009127,"data_set_value_component_r_B_variable_X_b":0.0007282,"data_set_value_component_r_B_variable_X_y":0.0073,"data_set_value_component_r_B_variable_k_rB":1.0,"data_set_value_component_r_B_variable_k_for":0.001,"data_set_value_component_r_B_variable_k_res":0.01,"data_set_value_component_xy_variable_xy":0.0072991373,"data_set_value_component_xy_variable_X_bss":0.0007282,"data_set_value_component_xy_variable_X_yss":0.0073,"data_set_value_component_xy_variable_k_byp":0.1,"data_set_value_component_xy_variable_k_yd":1.0,"data_set_value_component_F_sti_variable_F_sti":0.2442852049,"data_set_value_component_F_sti_variable_k_Fs":1.0,"data_set_value_component_F_sti_variable_k_y":1.0,"data_set_value_component_F_s_variable_F_s":33.4676819974,"data_set_value_component_F_s_variable_F_a":100.0,"data_set_value_component_x_no_variable_x_no":4.885273122,"data_set_value_component_x_no_variable_X_noe":0.0,"data_set_value_component_x_no_variable_k_yno":20000.0,"data_set_value_component_x_no_variable_k_nod":1000.0,"data_set_value_component_x_pge_variable_x_pge":0.292881218,"data_set_value_component_x_pge_variable_X_pgex":0.0,"data_set_value_component_x_pge_variable_k_pged":100.0,"data_set_value_component_x_pge_variable_k_nopge":1.0,"data_set_value_component_x_pge_variable_k_ypge":100.0,"data_set_value_component_x_opg_variable_x_opg":67.5249697837,"data_set_value_component_x_opg_variable_k_opgd":0.35,"data_set_value_component_x_opg_variable_k_nopg":10.0,"data_set_value_component_x_kl_variable_x_kl":14.6754907777,"data_set_value_component_x_kl_variable_pi_L":0.0473027246,"data_set_value_component_x_kl_variable_K_l_p":3000000.0,"data_set_value_component_x_kl_variable_K":10.0,"data_set_value_component_x_kl_variable_k_nokl":100.0,"data_set_value_component_x_kl_variable_Il":0.0,"data_set_value_component_x_kl_variable_rl":1000.0,"data_set_value_component_x_kl_variable_k1":0.01,"data_set_value_component_x_kl_variable_k2":10.0,"data_set_value_component_x_kl_variable_k3":0.00058,"data_set_value_component_x_kl_variable_k4":0.017,"data_set_value_component_x_kl_variable_ko":0.35,"data_set_value_component_xr_variable_xr":0.0009352114,"data_set_value_component_xr_variable_D_R":0.0007,"data_set_value_component_xr_variable_k_pger":0.0001,"data_set_value_component_xb_variable_xb":0.0006895758,"data_set_value_component_xb_variable_k_B":0.189,"data_set_value_component_xc_variable_xc":0.0062824969,"data_set_value_component_xc_variable_D_C":0.189,"data_set_value_component_xc_variable_D_A":0.7,"data_set_value_component_model_parameters_variable_D_B":0.035,"data_set_value_component_model_parameters_variable_pi_c":0.5789939029,"data_set_value_component_model_parameters_variable_pi_p":0.019379845,"data_set_value_component_model_parameters_variable_K_o_p":200000.0,"data_set_value_component_model_parameters_variable_Io":0.0,"data_set_value_component_model_parameters_variable_f0":0.05,"data_set_value_component_model_parameters_variable_dB":0.7,"data_set_value_component_model_parameters_variable_C_s":0.005,"data_set_value_component_model_parameters_variable_P":0.0,"data_set_value_component_model_parameters_variable_P_0":2.9069767442,"data_set_value_component_model_parameters_variable_P_s":150.0,"data_set_value_component_model_parameters_variable_SP":250.0,"data_set_value_component_model_parameters_variable_k5":0.02,"data_set_value_component_model_parameters_variable_k6":3.0,"data_set_value_component_model_parameters_variable_IP":0.0,"data_set_value_component_model_parameters_variable_kP":86.0},{"data_set_value_component_environment_variable_time":0.7,"data_set_value_component_A_B_variable_A_B":2.9607948255,"data_set_value_component_r_B_variable_r_B":0.9707987762,"data_set_value_component_r_B_variable_X_c":0.0009127,"data_set_value_component_r_B_variable_X_b":0.0007282,"data_set_value_component_r_B_variable_X_y":0.0073,"data_set_value_component_r_B_variable_k_rB":1.0,"data_set_value_component_r_B_variable_k_for":0.001,"data_set_value_component_r_B_variable_k_res":0.01,"data_set_value_component_xy_variable_xy":0.0072988164,"data_set_value_component_xy_variable_X_bss":0.0007282,"data_set_value_component_xy_variable_X_yss":0.0073,"data_set_value_component_xy_variable_k_byp":0.1,"data_set_value_component_xy_variable_k_yd":1.0,"data_set_value_component_F_sti_variable_F_sti":0.2465154387,"data_set_value_component_F_sti_variable_k_Fs":1.0,"data_set_value_component_F_sti_variable_k_y":1.0,"data_set_value_component_F_s_variable_F_s":33.7747145253,"data_set_value_component_F_s_variable_F_a":100.0,"data_set_value_component_x_no_variable_x_no":4.9298498315,"data_set_value_component_x_no_variable_X_noe":0.0,"data_set_value_component_x_no_variable_k_yno":20000.0,"data_set_value_component_x_no_variable_k_nod":1000.0,"data_set_value_component_x_pge_variable_x_pge":0.2955398986,"data_set_value_component_x_pge_variable_X_pgex":0.0,"data_set_value_component_x_pge_variable_k_pged":100.0,"data_set_value_component_x_pge_variable_k_nopge":1.0,"data_set_value_component_x_pge_variable_k_ypge":100.0,"data_set_value_component_x_opg_variable_x_opg":81.0964297808,"data_set_value_component_x_opg_variable_k_opgd":0.35,"data_set_value_component_x_opg_variable_k_nopg":10.0,"data_set_value_component_x_kl_variable_x_kl":14.2571143025,"data_set_value_component_x_kl_variable_pi_L":0.0450301774,"data_set_value_component_x_kl_variable_K_l_p":3000000.0,"data_set_value_component_x_kl_variable_K":10.0,"data_set_value_component_x_kl_variable_k_nokl":100.0,"data_set_value_component_x_kl_variable_Il":0.0,"data_set_value_component_x_kl_variable_rl":1000.0,"data_set_value_component_x_kl_variable_k1":0.01,"data_set_value_component_x_kl_variable_k2":10.0,"data_set_value_component_x_kl_variable_k3":0.00058,"data_set_value_component_x_kl_variable_k4":0.017,"data_set_value_component_x_kl_variable_ko":0.35,"data_set_value_component_xr_variable_xr":0.0009737948,"data_set_value_component_xr_variable_D_R":0.0007,"data_set_value_component_xr_variable_k_pger":0.0001,"data_set_value_component_xb_variable_xb":0.0006822733,"data_set_value_component_xb_variable_k_B":0.189,"data_set_value_component_xc_variable_xc":0.0068826381,"data_set_value_component_xc_variable_D_C":0.189,"data_set_value_component_xc_variable_D_A":0.7,"data_set_value_component_model_parameters_variable_D_B":0.035,"data_set_value_component_model_parameters_variable_pi_c":0.6002571191,"data_set_value_component_model_parameters_variable_pi_p":0.019379845,"data_set_value_component_model_parameters_variable_K_o_p":200000.0,"data_set_value_component_model_parameters_variable_Io":0.0,"data_set_value_component_model_parameters_variable_f0":0.05,"data_set_value_component_model_parameters_variable_dB":0.7,"data_set_value_component_model_parameters_variable_C_s":0.005,"data_set_value_component_model_parameters_variable_P":0.0,"data_set_value_component_model_parameters_variable_P_0":2.9069767442,"data_set_value_component_model_parameters_variable_P_s":150.0,"data_set_value_component_model_parameters_variable_SP":250.0,"data_set_value_component_model_parameters_variable_k5":0.02,"data_set_value_component_model_parameters_variable_k6":3.0,"data_set_value_component_model_parameters_variable_IP":0.0,"data_set_value_component_model_parameters_variable_kP":86.0},{"data_set_value_component_environment_variable_time":0.8,"data_set_value_component_A_B_variable_A_B":2.9327347084,"data_set_value_component_r_B_variable_r_B":0.966187586,"data_set_value_component_r_B_variable_X_c":0.0009127,"data_set_value_component_r_B_variable_X_b":0.0007282,"data_set_value_component_r_B_variable_X_y":0.0073,"data_set_value_component_r_B_variable_k_rB":1.0,"data_set_value_component_r_B_variable_k_for":0.001,"data_set_value_component_r_B_variable_k_res":0.01,"data_set_value_component_xy_variable_xy":0.0072984573,"data_set_value_component_xy_variable_X_bss":0.0007282,"data_set_value_component_xy_variable_X_yss":0.0073,"data_set_value_component_xy_variable_k_byp":0.1,"data_set_value_component_xy_variable_k_yd":1.0,"data_set_value_component_F_sti_variable_F_sti":0.2488618329,"data_set_value_component_F_sti_variable_k_Fs":1.0,"data_set_value_component_F_sti_variable_k_y":1.0,"data_set_value_component_F_s_variable_F_s":34.0978676703,"data_set_value_component_F_s_variable_F_a":100.0,"data_set_value_component_x_no_variable_x_no":4.9767588495,"data_set_value_component_x_no_variable_X_noe":0.0,"data_set_value_component_x_no_variable_k_yno":20000.0,"data_set_value_component_x_no_variable_k_nod":1000.0,"data_set_value_component_x_pge_variable_x_pge":0.298343585,"data_set_value_component_x_pge_variable_X_pgex":0.0,"data_set_value_component_x_pge_variable_k_pged":100.0,"data_set_value_component_x_pge_variable_k_nopge":1.0,"data_set_value_component_x_pge_variable_k_ypge":100.0,"data_set_value_component_x_opg_variable_x_opg":95.0721954493,"data_set_value_component_x_opg_variable_k_opgd":0.35,"data_set_value_component_x_opg_variable_k_nopg":10.0,"data_set_value_component_x_kl_variable_x_kl":13.8415236996,"data_set_value_component_x_kl_variable_pi_L":0.042882151,"data_set_value_component_x_kl_variable_K_l_p":3000000.0,"data_set_value_component_x_kl_variable_K":10.0,"data_set_value_component_x_kl_variable_k_nokl":100.0,"data_set_value_component_x_kl_variable_Il":0.0,"data_set_value_component_x_kl_variable_rl":1000.0,"data_set_value_component_x_kl_variable_k1":0.01,"data_set_value_component_x_kl_variable_k2":10.0,"data_set_value_component_x_kl_variable_k3":0.00058,"data_set_value_component_x_kl_variable_k4":0.017,"data_set_value_component_x_kl_variable_ko":0.35,"data_set_value_component_xr_variable_xr":0.0010136865,"data_set_value_component_xr_variable_D_R":0.0007,"data_set_value_component_xr_variable_k_pger":0.0001,"data_set_value_component_xb_variable_xb":0.000675156,"data_set_value_component_xb_variable_k_B":0.189,"data_set_value_component_xc_variable_xc":0.0074082683,"data_set_value_component_xc_variable_D_C":0.189,"data_set_value_component_xc_variable_D_A":0.7,"data_set_value_component_model_parameters_variable_D_B":0.035,"data_set_value_component_model_parameters_variable_pi_c":0.6171907402,"data_set_value_component_model_parameters_variable_pi_p":0.019379845,"data_set_value_component_model_parameters_variable_K_o_p":200000.0,"data_set_value_component_model_parameters_variable_Io":0.0,"data_set_value_component_model_parameters_variable_f0":0.05,"data_set_value_component_model_parameters_variable_dB":0.7,"data_set_value_component_model_parameters_variable_C_s":0.005,"data_set_value_component_model_parameters_variable_P":0.0,"data_set_value_component_model_parameters_variable_P_0":2.9069767442,"data_set_value_component_model_parameters_variable_P_s":150.0,"data_set_value_component_model_parameters_variable_SP":250.0,"data_set_value_component_model_parameters_variable_k5":0.02,"data_set_value_component_model_parameters_variable_k6":3.0,"data_set_value_component_model_parameters_variable_IP":0.0,"data_set_value_component_model_parameters_variable_kP":86.0},{"data_set_value_component_environment_variable_time":0.9,"data_set_value_component_A_B_variable_A_B":2.9043353319,"data_set_value_component_r_B_variable_r_B":0.9614981274,"data_set_value_component_r_B_variable_X_c":0.0009127,"data_set_value_component_r_B_variable_X_b":0.0007282,"data_set_value_component_r_B_variable_X_y":0.0073,"data_set_value_component_r_B_variable_k_rB":1.0,"data_set_value_component_r_B_variable_k_for":0.001,"data_set_value_component_r_B_variable_k_res":0.01,"data_set_value_component_xy_variable_xy":0.0072980658,"data_set_value_component_xy_variable_X_bss":0.0007282,"data_set_value_component_xy_variable_X_yss":0.0073,"data_set_value_component_xy_variable_k_byp":0.1,"data_set_value_component_xy_variable_k_yd":1.0,"data_set_value_component_F_sti_variable_F_sti":0.2512817904,"data_set_value_component_F_sti_variable_k_Fs":1.0,"data_set_value_component_F_sti_variable_k_y":1.0,"data_set_value_component_F_s_variable_F_s":34.4312858447,"data_set_value_component_F_s_variable_F_a":100.0,"data_set_value_component_x_no_variable_x_no":5.0251471115,"data_set_value_component_x_no_variable_X_noe":0.0,"data_set_value_component_x_no_variable_k_yno":20000.0,"data_set_value_component_x_no_variable_k_nod":1000.0,"data_set_value_component_x_pge_variable_x_pge":0.3012404755,"data_set_value_component_x_pge_variable_X_pgex":0.0,"data_set_value_component_x_pge_variable_k_pged":100.0,"data_set_value_component_x_pge_variable_k_nopge":1.0,"data_set_value_component_x_pge_variable_k_ypge":100.0,"data_set_value_component_x_opg_variable_x_opg":109.4065768284,"data_set_value_component_x_opg_variable_k_opgd":0.35,"data_set_value_component_x_opg_variable_k_nopg":10.0,"data_set_value_component_x_kl_variable_x_kl":13.4328332094,"data_set_value_component_x_kl_variable_pi_L":0.0408661533,"data_set_value_component_x_kl_variable_K_l_p":3000000.0,"data_set_value_component_x_kl_variable_K":10.0,"data_set_value_component_x_kl_variable_k_nokl":100.0,"data_set_value_component_x_kl_variable_Il":0.0,"data_set_value_component_x_kl_variable_rl":1000.0,"data_set_value_component_x_kl_variable_k1":0.01,"data_set_value_component_x_kl_variable_k2":10.0,"data_set_value_component_x_kl_variable_k3":0.00058,"data_set_value_component_x_kl_variable_k4":0.017,"data_set_value_component_x_kl_variable_ko":0.35,"data_set_value_component_xr_variable_xr":0.0010545832,"data_set_value_component_xr_variable_D_R":0.0007,"data_set_value_component_xr_variable_k_pger":0.0001,"data_set_value_component_xb_variable_xb":0.0006682588,"data_set_value_component_xb_variable_k_B":0.189,"data_set_value_component_xc_variable_xc":0.0078654993,"data_set_value_component_xc_variable_D_C":0.189,"data_set_value_component_xc_variable_D_A":0.7,"data_set_value_component_model_parameters_variable_D_B":0.035,"data_set_value_component_model_parameters_variable_pi_c":0.6307955191,"data_set_value_component_model_parameters_variable_pi_p":0.019379845,"data_set_value_component_model_parameters_variable_K_o_p":200000.0,"data_set_value_component_model_parameters_variable_Io":0.0,"data_set_value_component_model_parameters_variable_f0":0.05,"data_set_value_component_model_parameters_variable_dB":0.7,"data_set_value_component_model_parameters_variable_C_s":0.005,"data_set_value_component_model_parameters_variable_P":0.0,"data_set_value_component_model_parameters_variable_P_0":2.9069767442,"data_set_value_component_model_parameters_variable_P_s":150.0,"data_set_value_component_model_parameters_variable_SP":250.0,"data_set_value_component_model_parameters_variable_k5":0.02,"data_set_value_component_model_parameters_variable_k6":3.0,"data_set_value_component_model_parameters_variable_IP":0.0,"data_set_value_component_model_parameters_variable_kP":86.0},{"data_set_value_component_environment_variable_time":1.0,"data_set_value_component_A_B_variable_A_B":2.8760555614,"data_set_value_component_r_B_variable_r_B":0.9568055803,"data_set_value_component_r_B_variable_X_c":0.0009127,"data_set_value_component_r_B_variable_X_b":0.0007282,"data_set_value_component_r_B_variable_X_y":0.0073,"data_set_value_component_r_B_variable_k_rB":1.0,"data_set_value_component_r_B_variable_k_for":0.001,"data_set_value_component_r_B_variable_k_res":0.01,"data_set_value_component_xy_variable_xy":0.0072976471,"data_set_value_component_xy_variable_X_bss":0.0007282,"data_set_value_component_xy_variable_X_yss":0.0073,"data_set_value_component_xy_variable_k_byp":0.1,"data_set_value_component_xy_variable_k_yd":1.0,"data_set_value_component_F_sti_variable_F_sti":0.2537380424,"data_set_value_component_F_sti_variable_k_Fs":1.0,"data_set_value_component_F_sti_variable_k_y":1.0,"data_set_value_component_F_s_variable_F_s":34.7698428855,"data_set_value_component_F_s_variable_F_a":100.0,"data_set_value_component_x_no_variable_x_no":5.0742682103,"data_set_value_component_x_no_variable_X_noe":0.0,"data_set_value_component_x_no_variable_k_yno":20000.0,"data_set_value_component_x_no_variable_k_nod":1000.0,"data_set_value_component_x_pge_variable_x_pge":0.304185219,"data_set_value_component_x_pge_variable_X_pgex":0.0,"data_set_value_component_x_pge_variable_k_pged":100.0,"data_set_value_component_x_pge_variable_k_nopge":1.0,"data_set_value_component_x_pge_variable_k_ypge":100.0,"data_set_value_component_x_opg_variable_x_opg":124.0612643947,"data_set_value_component_x_opg_variable_k_opgd":0.35,"data_set_value_component_x_opg_variable_k_nopg":10.0,"data_set_value_component_x_kl_variable_x_kl":13.0341550548,"data_set_value_component_x_kl_variable_pi_L":0.0389826889,"data_set_value_component_x_kl_variable_K_l_p":3000000.0,"data_set_value_component_x_kl_variable_K":10.0,"data_set_value_component_x_kl_variable_k_nokl":100.0,"data_set_value_component_x_kl_variable_Il":0.0,"data_set_value_component_x_kl_variable_rl":1000.0,"data_set_value_component_x_kl_variable_k1":0.01,"data_set_value_component_x_kl_variable_k2":10.0,"data_set_value_component_x_kl_variable_k3":0.00058,"data_set_value_component_x_kl_variable_k4":0.017,"data_set_value_component_x_kl_variable_ko":0.35,"data_set_value_component_xr_variable_xr":0.0010962512,"data_set_value_component_xr_variable_D_R":0.0007,"data_set_value_component_xr_variable_k_pger":0.0001,"data_set_value_component_xb_variable_xb":0.0006616051,"data_set_value_component_xb_variable_k_B":0.189,"data_set_value_component_xc_variable_xc":0.0082603824,"data_set_value_component_xc_variable_D_C":0.189,"data_set_value_component_xc_variable_D_A":0.7,"data_set_value_component_model_parameters_variable_D_B":0.035,"data_set_value_component_model_parameters_variable_pi_c":0.6417901187,"data_set_value_component_model_parameters_variable_pi_p":0.019379845,"data_set_value_component_model_parameters_variable_K_o_p":200000.0,"data_set_value_component_model_parameters_variable_Io":0.0,"data_set_value_component_model_parameters_variable_f0":0.05,"data_set_value_component_model_parameters_variable_dB":0.7,"data_set_value_component_model_parameters_variable_C_s":0.005,"data_set_value_component_model_parameters_variable_P":0.0,"data_set_value_component_model_parameters_variable_P_0":2.9069767442,"data_set_value_component_model_parameters_variable_P_s":150.0,"data_set_value_component_model_parameters_variable_SP":250.0,"data_set_value_component_model_parameters_variable_k5":0.02,"data_set_value_component_model_parameters_variable_k6":3.0,"data_set_value_component_model_parameters_variable_IP":0.0,"data_set_value_component_model_parameters_variable_kP":86.0}]