[{"file": "simulation_3.sedml"}, {"file": "documentation.html"}, {"file": "simulation_1.sedml"}, {"file": "simulation_5.sedml"}, {"file": "report.csv"}, {"file": "Weinstein_1995_NHE3_Fig5.cellml"}, {"file": "simulation_0.sedml"}, {"file": "simulation_2.sedml"}, {"file": "simulation_6.sedml"}, {"file": "Weinstein_1995_NHE3_Fig4b.cellml"}, {"file": "Weinstein_1995_NHE3_Fig3.cellml"}, {"file": "simulation_4.sedml"}, {"file": "documentation-fig5.html"}, {"file": "documentation-model.html"}, {"file": "Weinstein_1995_NHE3.cellml"}, {"file": "documentation-fig4b.html"}, {"file": "Weinstein_1995_NHE3_Fig4.cellml"}, {"file": "weinstein_1995.png"}, {"file": "documentation-fig4.html"}, {"file": "weinstein_1995.svg"}, {"file": "documentation-fig3.html"}, {"file": "documentation-fig3b.html"}, {"file": "documentation-fig2.html"}, {"file": "Weinstein_1995_NHE3_Fig3b.cellml"}, {"file": "weinstein_1995.ai"}, {"file": "Weinstein_1995_NHE3_Fig2.cellml"}]