[{"data_set_value_component_environment_variable_time":0.0,"data_set_value_component_r_variable_r":0.0,"data_set_value_component_r_variable_ract":1.0,"data_set_value_component_r_variable_hr":1.0,"data_set_value_component_r_variable_Ir":0.0,"data_set_value_component_r_variable_Ir2":0.0,"data_set_value_component_r_variable_k6":5.0,"data_set_value_component_r_variable_n1":4.0,"data_set_value_component_r_variable_theta_1":1.0,"data_set_value_component_r_variable_n3":5.0,"data_set_value_component_r_variable_theta_3":30.0,"data_set_value_component_s_variable_s":0.0,"data_set_value_component_s_variable_Is2":50.0,"data_set_value_component_se_variable_se":0.0,"data_set_value_component_se_variable_Ise":10.0,"data_set_value_component_f_variable_f":0.3,"data_set_value_component_f_variable_k1":0.1,"data_set_value_component_f_variable_k2":0.002,"data_set_value_component_f_variable_k3":0.018,"data_set_value_component_f_variable_phi_b_s":0.0,"data_set_value_component_f_variable_sb":0.029,"data_set_value_component_f_variable_delta_b":0.3,"data_set_value_component_h_variable_h":0.0,"data_set_value_component_h_variable_k4":0.5,"data_set_value_component_h_variable_k5":71.0,"data_set_value_component_h_variable_phi_r_s":0.0,"data_set_value_component_h_variable_sr":-0.56,"data_set_value_component_h_variable_delta_r":0.2,"data_set_value_component_g_variable_g":2.0,"data_set_value_component_g_variable_g1":1.0,"data_set_value_component_g_variable_gmax":5.0,"data_set_value_component_g_variable_g2":0.008,"data_set_value_component_g_variable_hact":0.0,"data_set_value_component_g_variable_n2":2.0,"data_set_value_component_g_variable_theta_2":30.0,"data_set_value_component_hh_variable_hh":0.0,"data_set_value_component_hh_variable_Ih":50.0,"data_set_value_component_model_parameters_variable_h_delta":0.0,"data_set_value_component_model_parameters_variable_h_delta1":0.0,"data_set_value_component_model_parameters_variable_j1":10.0,"data_set_value_component_model_parameters_variable_k7":5.0,"data_set_value_component_model_parameters_variable_Is":0.0,"data_set_value_component_model_parameters_variable_k8":0.07,"data_set_value_component_model_parameters_variable_c":0.01,"data_set_value_component_model_parameters_variable_delta":60.0,"data_set_value_component_model_parameters_variable_delta1":15.0},{"data_set_value_component_environment_variable_time":0.1,"data_set_value_component_r_variable_r":0.0,"data_set_value_component_r_variable_ract":0.0010749994,"data_set_value_component_r_variable_hr":0.0120248661,"data_set_value_component_r_variable_Ir":0.0,"data_set_value_component_r_variable_Ir2":0.0,"data_set_value_component_r_variable_k6":5.0,"data_set_value_component_r_variable_n1":4.0,"data_set_value_component_r_variable_theta_1":1.0,"data_set_value_component_r_variable_n3":5.0,"data_set_value_component_r_variable_theta_3":30.0,"data_set_value_component_s_variable_s":5.5211705718,"data_set_value_component_s_variable_Is2":50.0,"data_set_value_component_se_variable_se":0.7869386786,"data_set_value_component_se_variable_Ise":10.0,"data_set_value_component_f_variable_f":0.3010549524,"data_set_value_component_f_variable_k1":0.1,"data_set_value_component_f_variable_k2":0.002,"data_set_value_component_f_variable_k3":0.018,"data_set_value_component_f_variable_phi_b_s":0.9288835047,"data_set_value_component_f_variable_sb":0.029,"data_set_value_component_f_variable_delta_b":0.3,"data_set_value_component_h_variable_h":0.011652877,"data_set_value_component_h_variable_k4":0.5,"data_set_value_component_h_variable_k5":71.0,"data_set_value_component_h_variable_phi_r_s":0.9988869038,"data_set_value_component_h_variable_sr":-0.56,"data_set_value_component_h_variable_delta_r":0.2,"data_set_value_component_g_variable_g":2.0347111741,"data_set_value_component_g_variable_g1":1.0,"data_set_value_component_g_variable_gmax":5.0,"data_set_value_component_g_variable_g2":0.008,"data_set_value_component_g_variable_hact":0.9893980739,"data_set_value_component_g_variable_n2":2.0,"data_set_value_component_g_variable_theta_2":30.0,"data_set_value_component_hh_variable_hh":48.2901286238,"data_set_value_component_hh_variable_Ih":50.0,"data_set_value_component_model_parameters_variable_h_delta":2898.1068900512,"data_set_value_component_model_parameters_variable_h_delta1":724.5267225128,"data_set_value_component_model_parameters_variable_j1":10.0,"data_set_value_component_model_parameters_variable_k7":5.0,"data_set_value_component_model_parameters_variable_Is":10.0,"data_set_value_component_model_parameters_variable_k8":0.07,"data_set_value_component_model_parameters_variable_c":0.01,"data_set_value_component_model_parameters_variable_delta":60.0,"data_set_value_component_model_parameters_variable_delta1":15.0},{"data_set_value_component_environment_variable_time":0.2,"data_set_value_component_r_variable_r":0.0,"data_set_value_component_r_variable_ract":0.0001591679,"data_set_value_component_r_variable_hr":0.0004517456,"data_set_value_component_r_variable_Ir":0.0,"data_set_value_component_r_variable_Ir2":0.0,"data_set_value_component_r_variable_k6":5.0,"data_set_value_component_r_variable_n1":4.0,"data_set_value_component_r_variable_theta_1":1.0,"data_set_value_component_r_variable_n3":5.0,"data_set_value_component_r_variable_theta_3":30.0,"data_set_value_component_s_variable_s":8.902640606,"data_set_value_component_s_variable_Is2":50.0,"data_set_value_component_se_variable_se":1.264240944,"data_set_value_component_se_variable_Ise":10.0,"data_set_value_component_f_variable_f":0.3023590204,"data_set_value_component_f_variable_k1":0.1,"data_set_value_component_f_variable_k2":0.002,"data_set_value_component_f_variable_k3":0.018,"data_set_value_component_f_variable_phi_b_s":0.9630530671,"data_set_value_component_f_variable_sb":0.029,"data_set_value_component_f_variable_delta_b":0.3,"data_set_value_component_h_variable_h":0.0124531603,"data_set_value_component_h_variable_k4":0.5,"data_set_value_component_h_variable_k5":71.0,"data_set_value_component_h_variable_phi_r_s":0.9996048851,"data_set_value_component_h_variable_sr":-0.56,"data_set_value_component_h_variable_delta_r":0.2,"data_set_value_component_g_variable_g":2.0768257384,"data_set_value_component_g_variable_g1":1.0,"data_set_value_component_g_variable_gmax":5.0,"data_set_value_component_g_variable_g2":0.008,"data_set_value_component_g_variable_hact":0.9971379886,"data_set_value_component_g_variable_n2":2.0,"data_set_value_component_g_variable_theta_2":30.0,"data_set_value_component_hh_variable_hh":93.315546129,"data_set_value_component_hh_variable_Ih":50.0,"data_set_value_component_model_parameters_variable_h_delta":5599.679957359,"data_set_value_component_model_parameters_variable_h_delta1":1399.9199893397,"data_set_value_component_model_parameters_variable_j1":10.0,"data_set_value_component_model_parameters_variable_k7":5.0,"data_set_value_component_model_parameters_variable_Is":10.0,"data_set_value_component_model_parameters_variable_k8":0.07,"data_set_value_component_model_parameters_variable_c":0.01,"data_set_value_component_model_parameters_variable_delta":60.0,"data_set_value_component_model_parameters_variable_delta1":15.0},{"data_set_value_component_environment_variable_time":0.3,"data_set_value_component_r_variable_r":0.0,"data_set_value_component_r_variable_ract":0.0000686365,"data_set_value_component_r_variable_hr":0.0000705453,"data_set_value_component_r_variable_Ir":0.0,"data_set_value_component_r_variable_Ir2":0.0,"data_set_value_component_r_variable_k6":5.0,"data_set_value_component_r_variable_n1":4.0,"data_set_value_component_r_variable_theta_1":1.0,"data_set_value_component_r_variable_n3":5.0,"data_set_value_component_r_variable_theta_3":30.0,"data_set_value_component_s_variable_s":10.9863577098,"data_set_value_component_s_variable_Is2":50.0,"data_set_value_component_se_variable_se":1.5537393177,"data_set_value_component_se_variable_Ise":10.0,"data_set_value_component_f_variable_f":0.3036831831,"data_set_value_component_f_variable_k1":0.1,"data_set_value_component_f_variable_k2":0.002,"data_set_value_component_f_variable_k3":0.018,"data_set_value_component_f_variable_phi_b_s":0.9724639332,"data_set_value_component_f_variable_sb":0.029,"data_set_value_component_f_variable_delta_b":0.3,"data_set_value_component_h_variable_h":0.0131386934,"data_set_value_component_h_variable_k4":0.5,"data_set_value_component_h_variable_k5":71.0,"data_set_value_component_h_variable_phi_r_s":0.9997494257,"data_set_value_component_h_variable_sr":-0.56,"data_set_value_component_h_variable_delta_r":0.2,"data_set_value_component_g_variable_g":2.1179816108,"data_set_value_component_g_variable_g1":1.0,"data_set_value_component_g_variable_gmax":5.0,"data_set_value_component_g_variable_g2":0.008,"data_set_value_component_g_variable_hact":0.9986364002,"data_set_value_component_g_variable_n2":2.0,"data_set_value_component_g_variable_theta_2":30.0,"data_set_value_component_hh_variable_hh":135.2969671483,"data_set_value_component_hh_variable_Ih":50.0,"data_set_value_component_model_parameters_variable_h_delta":8118.6063505025,"data_set_value_component_model_parameters_variable_h_delta1":2029.6515876256,"data_set_value_component_model_parameters_variable_j1":10.0,"data_set_value_component_model_parameters_variable_k7":5.0,"data_set_value_component_model_parameters_variable_Is":10.0,"data_set_value_component_model_parameters_variable_k8":0.07,"data_set_value_component_model_parameters_variable_c":0.01,"data_set_value_component_model_parameters_variable_delta":60.0,"data_set_value_component_model_parameters_variable_delta1":15.0},{"data_set_value_component_environment_variable_time":0.4,"data_set_value_component_r_variable_r":0.0,"data_set_value_component_r_variable_ract":0.0000439427,"data_set_value_component_r_variable_hr":0.0000198033,"data_set_value_component_r_variable_Ir":0.0,"data_set_value_component_r_variable_Ir2":0.0,"data_set_value_component_r_variable_k6":5.0,"data_set_value_component_r_variable_n1":4.0,"data_set_value_component_r_variable_theta_1":1.0,"data_set_value_component_r_variable_n3":5.0,"data_set_value_component_r_variable_theta_3":30.0,"data_set_value_component_s_variable_s":12.2821238898,"data_set_value_component_s_variable_Is2":50.0,"data_set_value_component_se_variable_se":1.7293290689,"data_set_value_component_se_variable_Ise":10.0,"data_set_value_component_f_variable_f":0.3050123749,"data_set_value_component_f_variable_k1":0.1,"data_set_value_component_f_variable_k2":0.002,"data_set_value_component_f_variable_k3":0.018,"data_set_value_component_f_variable_phi_b_s":0.9764533613,"data_set_value_component_f_variable_sb":0.029,"data_set_value_component_f_variable_delta_b":0.3,"data_set_value_component_h_variable_h":0.0137660376,"data_set_value_component_h_variable_k4":0.5,"data_set_value_component_h_variable_k5":71.0,"data_set_value_component_h_variable_phi_r_s":0.9998030603,"data_set_value_component_h_variable_sr":-0.56,"data_set_value_component_h_variable_delta_r":0.2,"data_set_value_component_g_variable_g":2.1580541682,"data_set_value_component_g_variable_g1":1.0,"data_set_value_component_g_variable_gmax":5.0,"data_set_value_component_g_variable_g2":0.008,"data_set_value_component_g_variable_hact":0.9991792294,"data_set_value_component_g_variable_n2":2.0,"data_set_value_component_g_variable_theta_2":30.0,"data_set_value_component_hh_variable_hh":174.4401846579,"data_set_value_component_hh_variable_Ih":50.0,"data_set_value_component_model_parameters_variable_h_delta":10467.2370417305,"data_set_value_component_model_parameters_variable_h_delta1":2616.8092604326,"data_set_value_component_model_parameters_variable_j1":10.0,"data_set_value_component_model_parameters_variable_k7":5.0,"data_set_value_component_model_parameters_variable_Is":10.0,"data_set_value_component_model_parameters_variable_k8":0.07,"data_set_value_component_model_parameters_variable_c":0.01,"data_set_value_component_model_parameters_variable_delta":60.0,"data_set_value_component_model_parameters_variable_delta1":15.0},{"data_set_value_component_environment_variable_time":0.5,"data_set_value_component_r_variable_r":0.0,"data_set_value_component_r_variable_ract":0.0000339639,"data_set_value_component_r_variable_hr":0.0000076601,"data_set_value_component_r_variable_Ir":0.0,"data_set_value_component_r_variable_Ir2":0.0,"data_set_value_component_r_variable_k6":5.0,"data_set_value_component_r_variable_n1":4.0,"data_set_value_component_r_variable_theta_1":1.0,"data_set_value_component_r_variable_n3":5.0,"data_set_value_component_r_variable_theta_3":30.0,"data_set_value_component_s_variable_s":13.0991177266,"data_set_value_component_s_variable_Is2":50.0,"data_set_value_component_se_variable_se":1.8358296941,"data_set_value_component_se_variable_Ise":10.0,"data_set_value_component_f_variable_f":0.306342423,"data_set_value_component_f_variable_k1":0.1,"data_set_value_component_f_variable_k2":0.002,"data_set_value_component_f_variable_k3":0.018,"data_set_value_component_f_variable_phi_b_s":0.9784869066,"data_set_value_component_f_variable_sb":0.029,"data_set_value_component_f_variable_delta_b":0.3,"data_set_value_component_h_variable_h":0.0143498127,"data_set_value_component_h_variable_k4":0.5,"data_set_value_component_h_variable_k5":71.0,"data_set_value_component_h_variable_phi_r_s":0.999828545,"data_set_value_component_h_variable_sr":-0.56,"data_set_value_component_h_variable_delta_r":0.2,"data_set_value_component_g_variable_g":2.1970420592,"data_set_value_component_g_variable_g1":1.0,"data_set_value_component_g_variable_gmax":5.0,"data_set_value_component_g_variable_g2":0.008,"data_set_value_component_g_variable_hact":0.9994385241,"data_set_value_component_g_variable_n2":2.0,"data_set_value_component_g_variable_theta_2":30.0,"data_set_value_component_hh_variable_hh":210.9370787551,"data_set_value_component_hh_variable_Ih":50.0,"data_set_value_component_model_parameters_variable_h_delta":12657.085714071,"data_set_value_component_model_parameters_variable_h_delta1":3164.2714285177,"data_set_value_component_model_parameters_variable_j1":10.0,"data_set_value_component_model_parameters_variable_k7":5.0,"data_set_value_component_model_parameters_variable_Is":10.0,"data_set_value_component_model_parameters_variable_k8":0.07,"data_set_value_component_model_parameters_variable_c":0.01,"data_set_value_component_model_parameters_variable_delta":60.0,"data_set_value_component_model_parameters_variable_delta1":15.0},{"data_set_value_component_environment_variable_time":0.6,"data_set_value_component_r_variable_r":0.0,"data_set_value_component_r_variable_ract":0.0000290173,"data_set_value_component_r_variable_hr":0.0000036265,"data_set_value_component_r_variable_Ir":0.0,"data_set_value_component_r_variable_Ir2":0.0,"data_set_value_component_r_variable_k6":5.0,"data_set_value_component_r_variable_n1":4.0,"data_set_value_component_r_variable_theta_1":1.0,"data_set_value_component_r_variable_n3":5.0,"data_set_value_component_r_variable_theta_3":30.0,"data_set_value_component_s_variable_s":13.6248731001,"data_set_value_component_s_variable_Is2":50.0,"data_set_value_component_se_variable_se":1.9004252928,"data_set_value_component_se_variable_Ise":10.0,"data_set_value_component_f_variable_f":0.3076716526,"data_set_value_component_f_variable_k1":0.1,"data_set_value_component_f_variable_k2":0.002,"data_set_value_component_f_variable_k3":0.018,"data_set_value_component_f_variable_phi_b_s":0.9796370789,"data_set_value_component_f_variable_sb":0.029,"data_set_value_component_f_variable_delta_b":0.3,"data_set_value_component_h_variable_h":0.0148967454,"data_set_value_component_h_variable_k4":0.5,"data_set_value_component_h_variable_k5":71.0,"data_set_value_component_h_variable_phi_r_s":0.9998423853,"data_set_value_component_h_variable_sr":-0.56,"data_set_value_component_h_variable_delta_r":0.2,"data_set_value_component_g_variable_g":2.2349646234,"data_set_value_component_g_variable_g1":1.0,"data_set_value_component_g_variable_gmax":5.0,"data_set_value_component_g_variable_g2":0.008,"data_set_value_component_g_variable_hact":0.9995836173,"data_set_value_component_g_variable_n2":2.0,"data_set_value_component_g_variable_theta_2":30.0,"data_set_value_component_hh_variable_hh":244.9665572486,"data_set_value_component_hh_variable_Ih":50.0,"data_set_value_component_model_parameters_variable_h_delta":14698.8872396411,"data_set_value_component_model_parameters_variable_h_delta1":3674.7218099103,"data_set_value_component_model_parameters_variable_j1":10.0,"data_set_value_component_model_parameters_variable_k7":5.0,"data_set_value_component_model_parameters_variable_Is":10.0,"data_set_value_component_model_parameters_variable_k8":0.07,"data_set_value_component_model_parameters_variable_c":0.01,"data_set_value_component_model_parameters_variable_delta":60.0,"data_set_value_component_model_parameters_variable_delta1":15.0},{"data_set_value_component_environment_variable_time":0.7,"data_set_value_component_r_variable_r":0.0,"data_set_value_component_r_variable_ract":0.0000262307,"data_set_value_component_r_variable_hr":0.0000019725,"data_set_value_component_r_variable_Ir":0.0,"data_set_value_component_r_variable_Ir2":0.0,"data_set_value_component_r_variable_k6":5.0,"data_set_value_component_r_variable_n1":4.0,"data_set_value_component_r_variable_theta_1":1.0,"data_set_value_component_r_variable_n3":5.0,"data_set_value_component_r_variable_theta_3":30.0,"data_set_value_component_s_variable_s":13.9731582193,"data_set_value_component_s_variable_Is2":50.0,"data_set_value_component_se_variable_se":1.9396046094,"data_set_value_component_se_variable_Ise":10.0,"data_set_value_component_f_variable_f":0.3089992642,"data_set_value_component_f_variable_k1":0.1,"data_set_value_component_f_variable_k2":0.002,"data_set_value_component_f_variable_k3":0.018,"data_set_value_component_f_variable_phi_b_s":0.9803368896,"data_set_value_component_f_variable_sb":0.029,"data_set_value_component_f_variable_delta_b":0.3,"data_set_value_component_h_variable_h":0.0154110171,"data_set_value_component_h_variable_k4":0.5,"data_set_value_component_h_variable_k5":71.0,"data_set_value_component_h_variable_phi_r_s":0.9998505991,"data_set_value_component_h_variable_sr":-0.56,"data_set_value_component_h_variable_delta_r":0.2,"data_set_value_component_g_variable_g":2.2718466417,"data_set_value_component_g_variable_g1":1.0,"data_set_value_component_g_variable_gmax":5.0,"data_set_value_component_g_variable_g2":0.008,"data_set_value_component_g_variable_hact":0.9996736032,"data_set_value_component_g_variable_n2":2.0,"data_set_value_component_g_variable_theta_2":30.0,"data_set_value_component_hh_variable_hh":276.6954326888,"data_set_value_component_hh_variable_Ih":50.0,"data_set_value_component_model_parameters_variable_h_delta":16602.6506223531,"data_set_value_component_model_parameters_variable_h_delta1":4150.6626555883,"data_set_value_component_model_parameters_variable_j1":10.0,"data_set_value_component_model_parameters_variable_k7":5.0,"data_set_value_component_model_parameters_variable_Is":10.0,"data_set_value_component_model_parameters_variable_k8":0.07,"data_set_value_component_model_parameters_variable_c":0.01,"data_set_value_component_model_parameters_variable_delta":60.0,"data_set_value_component_model_parameters_variable_delta1":15.0},{"data_set_value_component_environment_variable_time":0.8,"data_set_value_component_r_variable_r":0.0,"data_set_value_component_r_variable_ract":0.0000245046,"data_set_value_component_r_variable_hr":0.000001187,"data_set_value_component_r_variable_Ir":0.0,"data_set_value_component_r_variable_Ir2":0.0,"data_set_value_component_r_variable_k6":5.0,"data_set_value_component_r_variable_n1":4.0,"data_set_value_component_r_variable_theta_1":1.0,"data_set_value_component_r_variable_n3":5.0,"data_set_value_component_r_variable_theta_3":30.0,"data_set_value_component_s_variable_s":14.2129945543,"data_set_value_component_s_variable_Is2":50.0,"data_set_value_component_se_variable_se":1.9633681748,"data_set_value_component_se_variable_Ise":10.0,"data_set_value_component_f_variable_f":0.3103248399,"data_set_value_component_f_variable_k1":0.1,"data_set_value_component_f_variable_k2":0.002,"data_set_value_component_f_variable_k3":0.018,"data_set_value_component_f_variable_phi_b_s":0.980790167,"data_set_value_component_f_variable_sb":0.029,"data_set_value_component_f_variable_delta_b":0.3,"data_set_value_component_h_variable_h":0.0158956675,"data_set_value_component_h_variable_k4":0.5,"data_set_value_component_h_variable_k5":71.0,"data_set_value_component_h_variable_phi_r_s":0.9998558345,"data_set_value_component_h_variable_sr":-0.56,"data_set_value_component_h_variable_delta_r":0.2,"data_set_value_component_g_variable_g":2.3077144828,"data_set_value_component_g_variable_g1":1.0,"data_set_value_component_g_variable_gmax":5.0,"data_set_value_component_g_variable_g2":0.008,"data_set_value_component_g_variable_hact":0.9997335939,"data_set_value_component_g_variable_n2":2.0,"data_set_value_component_g_variable_theta_2":30.0,"data_set_value_component_hh_variable_hh":306.2792400629,"data_set_value_component_hh_variable_Ih":50.0,"data_set_value_component_model_parameters_variable_h_delta":18377.7081438267,"data_set_value_component_model_parameters_variable_h_delta1":4594.4270359567,"data_set_value_component_model_parameters_variable_j1":10.0,"data_set_value_component_model_parameters_variable_k7":5.0,"data_set_value_component_model_parameters_variable_Is":10.0,"data_set_value_component_model_parameters_variable_k8":0.07,"data_set_value_component_model_parameters_variable_c":0.01,"data_set_value_component_model_parameters_variable_delta":60.0,"data_set_value_component_model_parameters_variable_delta1":15.0},{"data_set_value_component_environment_variable_time":0.9,"data_set_value_component_r_variable_r":0.0,"data_set_value_component_r_variable_ract":0.0000233452,"data_set_value_component_r_variable_hr":0.0000007713,"data_set_value_component_r_variable_Ir":0.0,"data_set_value_component_r_variable_Ir2":0.0,"data_set_value_component_r_variable_k6":5.0,"data_set_value_component_r_variable_n1":4.0,"data_set_value_component_r_variable_theta_1":1.0,"data_set_value_component_r_variable_n3":5.0,"data_set_value_component_r_variable_theta_3":30.0,"data_set_value_component_s_variable_s":14.3862663761,"data_set_value_component_s_variable_Is2":50.0,"data_set_value_component_se_variable_se":1.9777815751,"data_set_value_component_se_variable_Ise":10.0,"data_set_value_component_f_variable_f":0.3116481476,"data_set_value_component_f_variable_k1":0.1,"data_set_value_component_f_variable_k2":0.002,"data_set_value_component_f_variable_k3":0.018,"data_set_value_component_f_variable_phi_b_s":0.981102287,"data_set_value_component_f_variable_sb":0.029,"data_set_value_component_f_variable_delta_b":0.3,"data_set_value_component_h_variable_h":0.0163531586,"data_set_value_component_h_variable_k4":0.5,"data_set_value_component_h_variable_k5":71.0,"data_set_value_component_h_variable_phi_r_s":0.9998594004,"data_set_value_component_h_variable_sr":-0.56,"data_set_value_component_h_variable_delta_r":0.2,"data_set_value_component_g_variable_g":2.3425948159,"data_set_value_component_g_variable_g1":1.0,"data_set_value_component_g_variable_gmax":5.0,"data_set_value_component_g_variable_g2":0.008,"data_set_value_component_g_variable_hact":0.9997757856,"data_set_value_component_g_variable_n2":2.0,"data_set_value_component_g_variable_theta_2":30.0,"data_set_value_component_hh_variable_hh":333.8629992289,"data_set_value_component_hh_variable_Ih":50.0,"data_set_value_component_model_parameters_variable_h_delta":20032.7611432468,"data_set_value_component_model_parameters_variable_h_delta1":5008.1902858117,"data_set_value_component_model_parameters_variable_j1":10.0,"data_set_value_component_model_parameters_variable_k7":5.0,"data_set_value_component_model_parameters_variable_Is":10.0,"data_set_value_component_model_parameters_variable_k8":0.07,"data_set_value_component_model_parameters_variable_c":0.01,"data_set_value_component_model_parameters_variable_delta":60.0,"data_set_value_component_model_parameters_variable_delta1":15.0},{"data_set_value_component_environment_variable_time":1.0,"data_set_value_component_r_variable_r":0.0,"data_set_value_component_r_variable_ract":0.0000225069,"data_set_value_component_r_variable_hr":0.0000005322,"data_set_value_component_r_variable_Ir":0.0,"data_set_value_component_r_variable_Ir2":0.0,"data_set_value_component_r_variable_k6":5.0,"data_set_value_component_r_variable_n1":4.0,"data_set_value_component_r_variable_theta_1":1.0,"data_set_value_component_r_variable_n3":5.0,"data_set_value_component_r_variable_theta_3":30.0,"data_set_value_component_s_variable_s":14.5183987617,"data_set_value_component_s_variable_Is2":50.0,"data_set_value_component_se_variable_se":1.9865237837,"data_set_value_component_se_variable_Ise":10.0,"data_set_value_component_f_variable_f":0.3129690546,"data_set_value_component_f_variable_k1":0.1,"data_set_value_component_f_variable_k2":0.002,"data_set_value_component_f_variable_k3":0.018,"data_set_value_component_f_variable_phi_b_s":0.9813309917,"data_set_value_component_f_variable_sb":0.029,"data_set_value_component_f_variable_delta_b":0.3,"data_set_value_component_h_variable_h":0.0167855835,"data_set_value_component_h_variable_k4":0.5,"data_set_value_component_h_variable_k5":71.0,"data_set_value_component_h_variable_phi_r_s":0.9998619929,"data_set_value_component_h_variable_sr":-0.56,"data_set_value_component_h_variable_delta_r":0.2,"data_set_value_component_g_variable_g":2.3765140935,"data_set_value_component_g_variable_g1":1.0,"data_set_value_component_g_variable_gmax":5.0,"data_set_value_component_g_variable_g2":0.008,"data_set_value_component_g_variable_hact":0.9998067054,"data_set_value_component_g_variable_n2":2.0,"data_set_value_component_g_variable_theta_2":30.0,"data_set_value_component_hh_variable_hh":359.5819258055,"data_set_value_component_hh_variable_Ih":50.0,"data_set_value_component_model_parameters_variable_h_delta":21575.9226833386,"data_set_value_component_model_parameters_variable_h_delta1":5393.9806708347,"data_set_value_component_model_parameters_variable_j1":10.0,"data_set_value_component_model_parameters_variable_k7":5.0,"data_set_value_component_model_parameters_variable_Is":10.0,"data_set_value_component_model_parameters_variable_k8":0.07,"data_set_value_component_model_parameters_variable_c":0.01,"data_set_value_component_model_parameters_variable_delta":60.0,"data_set_value_component_model_parameters_variable_delta1":15.0}]