[{"data_set_value_component_environment_variable_time":0.0,"data_set_value_component_T_variable_T":1.0,"data_set_value_component_T_variable_s":10.0,"data_set_value_component_T_variable_dT":0.01,"data_set_value_component_I_variable_I":1.0,"data_set_value_component_I_variable_p":0.05,"data_set_value_component_I_variable_dI":0.3,"data_set_value_component_E_variable_E":1.0,"data_set_value_component_E_variable_c":0.3,"data_set_value_component_E_variable_dE":0.1,"data_set_value_component_kinetic_parameters_variable_b":0.001},{"data_set_value_component_environment_variable_time":0.1,"data_set_value_component_T_variable_T":1.9983534646,"data_set_value_component_T_variable_s":10.0,"data_set_value_component_T_variable_dT":0.01,"data_set_value_component_I_variable_I":0.9657028624,"data_set_value_component_I_variable_p":0.05,"data_set_value_component_I_variable_dI":0.3,"data_set_value_component_E_variable_E":1.0193847572,"data_set_value_component_E_variable_c":0.3,"data_set_value_component_E_variable_dE":0.1,"data_set_value_component_kinetic_parameters_variable_b":0.001},{"data_set_value_component_environment_variable_time":0.2,"data_set_value_component_T_variable_T":2.9956197476,"data_set_value_component_T_variable_s":10.0,"data_set_value_component_T_variable_dT":0.01,"data_set_value_component_I_variable_I":0.9325872124,"data_set_value_component_I_variable_p":0.05,"data_set_value_component_I_variable_dI":0.3,"data_set_value_component_E_variable_E":1.0375708721,"data_set_value_component_E_variable_c":0.3,"data_set_value_component_E_variable_dE":0.1,"data_set_value_component_kinetic_parameters_variable_b":0.001},{"data_set_value_component_environment_variable_time":0.3,"data_set_value_component_T_variable_T":3.9918059697,"data_set_value_component_T_variable_s":10.0,"data_set_value_component_T_variable_dT":0.01,"data_set_value_component_I_variable_I":0.9006180434,"data_set_value_component_I_variable_p":0.05,"data_set_value_component_I_variable_dI":0.3,"data_set_value_component_E_variable_E":1.0546041533,"data_set_value_component_E_variable_c":0.3,"data_set_value_component_E_variable_dE":0.1,"data_set_value_component_kinetic_parameters_variable_b":0.001},{"data_set_value_component_environment_variable_time":0.4,"data_set_value_component_T_variable_T":4.9869193339,"data_set_value_component_T_variable_s":10.0,"data_set_value_component_T_variable_dT":0.01,"data_set_value_component_I_variable_I":0.8697598483,"data_set_value_component_I_variable_p":0.05,"data_set_value_component_I_variable_dI":0.3,"data_set_value_component_E_variable_E":1.0705301129,"data_set_value_component_E_variable_c":0.3,"data_set_value_component_E_variable_dE":0.1,"data_set_value_component_kinetic_parameters_variable_b":0.001},{"data_set_value_component_environment_variable_time":0.5,"data_set_value_component_T_variable_T":5.9809667049,"data_set_value_component_T_variable_s":10.0,"data_set_value_component_T_variable_dT":0.01,"data_set_value_component_I_variable_I":0.8399778417,"data_set_value_component_I_variable_p":0.05,"data_set_value_component_I_variable_dI":0.3,"data_set_value_component_E_variable_E":1.0853926646,"data_set_value_component_E_variable_c":0.3,"data_set_value_component_E_variable_dE":0.1,"data_set_value_component_kinetic_parameters_variable_b":0.001},{"data_set_value_component_environment_variable_time":0.6,"data_set_value_component_T_variable_T":6.9739545901,"data_set_value_component_T_variable_s":10.0,"data_set_value_component_T_variable_dT":0.01,"data_set_value_component_I_variable_I":0.8112379868,"data_set_value_component_I_variable_p":0.05,"data_set_value_component_I_variable_dI":0.3,"data_set_value_component_E_variable_E":1.0992340523,"data_set_value_component_E_variable_c":0.3,"data_set_value_component_E_variable_dE":0.1,"data_set_value_component_kinetic_parameters_variable_b":0.001},{"data_set_value_component_environment_variable_time":0.7,"data_set_value_component_T_variable_T":7.9658891747,"data_set_value_component_T_variable_s":10.0,"data_set_value_component_T_variable_dT":0.01,"data_set_value_component_I_variable_I":0.7835069264,"data_set_value_component_I_variable_p":0.05,"data_set_value_component_I_variable_dI":0.3,"data_set_value_component_E_variable_E":1.1120950206,"data_set_value_component_E_variable_c":0.3,"data_set_value_component_E_variable_dE":0.1,"data_set_value_component_kinetic_parameters_variable_b":0.001},{"data_set_value_component_environment_variable_time":0.8,"data_set_value_component_T_variable_T":8.9567763508,"data_set_value_component_T_variable_s":10.0,"data_set_value_component_T_variable_dT":0.01,"data_set_value_component_I_variable_I":0.7567519726,"data_set_value_component_I_variable_p":0.05,"data_set_value_component_I_variable_dI":0.3,"data_set_value_component_E_variable_E":1.1240149265,"data_set_value_component_E_variable_c":0.3,"data_set_value_component_E_variable_dE":0.1,"data_set_value_component_kinetic_parameters_variable_b":0.001},{"data_set_value_component_environment_variable_time":0.9,"data_set_value_component_T_variable_T":9.9466217318,"data_set_value_component_T_variable_s":10.0,"data_set_value_component_T_variable_dT":0.01,"data_set_value_component_I_variable_I":0.7309411362,"data_set_value_component_I_variable_p":0.05,"data_set_value_component_I_variable_dI":0.3,"data_set_value_component_E_variable_E":1.1350317769,"data_set_value_component_E_variable_c":0.3,"data_set_value_component_E_variable_dE":0.1,"data_set_value_component_kinetic_parameters_variable_b":0.001},{"data_set_value_component_environment_variable_time":1.0,"data_set_value_component_T_variable_T":10.9354306656,"data_set_value_component_T_variable_s":10.0,"data_set_value_component_T_variable_dT":0.01,"data_set_value_component_I_variable_I":0.7060431531,"data_set_value_component_I_variable_p":0.05,"data_set_value_component_I_variable_dI":0.3,"data_set_value_component_E_variable_E":1.1451822606,"data_set_value_component_E_variable_c":0.3,"data_set_value_component_E_variable_dE":0.1,"data_set_value_component_kinetic_parameters_variable_b":0.001}]