[{"data_set_value_component_environment_variable_time":0.0,"data_set_value_component_cortisol_variable_cortisol":0.0,"data_set_value_component_cortisol_variable_k1":500000.0,"data_set_value_component_cortisol_variable_k2":0.01,"data_set_value_component_cortisol_variable_k3":0.01,"data_set_value_component_ACTH_variable_ACTH":0.0,"data_set_value_component_ACTH_variable_k4":10.0,"data_set_value_component_ACTH_variable_k5":0.004,"data_set_value_component_ACTH_variable_k6":0.035,"data_set_value_component_ACTH_variable_Kd":0.004,"data_set_value_component_ACTH_variable_Imax":0.99,"data_set_value_component_CRH_variable_CRH":50.0,"data_set_value_component_CRH_variable_k7":0.000001,"data_set_value_component_CRH_variable_k8":0.01,"data_set_value_component_CRH_variable_pulse":50.0},{"data_set_value_component_environment_variable_time":0.1,"data_set_value_component_cortisol_variable_cortisol":13279.2062759571,"data_set_value_component_cortisol_variable_k1":500000.0,"data_set_value_component_cortisol_variable_k2":0.01,"data_set_value_component_cortisol_variable_k3":0.01,"data_set_value_component_ACTH_variable_ACTH":0.5316104769,"data_set_value_component_ACTH_variable_k4":10.0,"data_set_value_component_ACTH_variable_k5":0.004,"data_set_value_component_ACTH_variable_k6":0.035,"data_set_value_component_ACTH_variable_Kd":0.004,"data_set_value_component_ACTH_variable_Imax":0.99,"data_set_value_component_CRH_variable_CRH":54.9475259247,"data_set_value_component_CRH_variable_k7":0.000001,"data_set_value_component_CRH_variable_k8":0.01,"data_set_value_component_CRH_variable_pulse":50.0},{"data_set_value_component_environment_variable_time":0.2,"data_set_value_component_cortisol_variable_cortisol":53914.8954505663,"data_set_value_component_cortisol_variable_k1":500000.0,"data_set_value_component_cortisol_variable_k2":0.01,"data_set_value_component_cortisol_variable_k3":0.01,"data_set_value_component_ACTH_variable_ACTH":1.1029684926,"data_set_value_component_ACTH_variable_k4":10.0,"data_set_value_component_ACTH_variable_k5":0.004,"data_set_value_component_ACTH_variable_k6":0.035,"data_set_value_component_ACTH_variable_Kd":0.004,"data_set_value_component_ACTH_variable_Imax":0.99,"data_set_value_component_CRH_variable_CRH":59.8901067965,"data_set_value_component_CRH_variable_k7":0.000001,"data_set_value_component_CRH_variable_k8":0.01,"data_set_value_component_CRH_variable_pulse":50.0},{"data_set_value_component_environment_variable_time":0.3,"data_set_value_component_cortisol_variable_cortisol":124246.8913588505,"data_set_value_component_cortisol_variable_k1":500000.0,"data_set_value_component_cortisol_variable_k2":0.01,"data_set_value_component_cortisol_variable_k3":0.01,"data_set_value_component_ACTH_variable_ACTH":1.7216398025,"data_set_value_component_ACTH_variable_k4":10.0,"data_set_value_component_ACTH_variable_k5":0.004,"data_set_value_component_ACTH_variable_k6":0.035,"data_set_value_component_ACTH_variable_Kd":0.004,"data_set_value_component_ACTH_variable_Imax":0.99,"data_set_value_component_CRH_variable_CRH":64.8277475579,"data_set_value_component_CRH_variable_k7":0.000001,"data_set_value_component_CRH_variable_k8":0.01,"data_set_value_component_CRH_variable_pulse":50.0},{"data_set_value_component_environment_variable_time":0.4,"data_set_value_component_cortisol_variable_cortisol":226604.7473928373,"data_set_value_component_cortisol_variable_k1":500000.0,"data_set_value_component_cortisol_variable_k2":0.01,"data_set_value_component_cortisol_variable_k3":0.01,"data_set_value_component_ACTH_variable_ACTH":2.3874134431,"data_set_value_component_ACTH_variable_k4":10.0,"data_set_value_component_ACTH_variable_k5":0.004,"data_set_value_component_ACTH_variable_k6":0.035,"data_set_value_component_ACTH_variable_Kd":0.004,"data_set_value_component_ACTH_variable_Imax":0.99,"data_set_value_component_CRH_variable_CRH":69.7604531464,"data_set_value_component_CRH_variable_k7":0.000001,"data_set_value_component_CRH_variable_k8":0.01,"data_set_value_component_CRH_variable_pulse":50.0},{"data_set_value_component_environment_variable_time":0.5,"data_set_value_component_cortisol_variable_cortisol":363305.0717933461,"data_set_value_component_cortisol_variable_k1":500000.0,"data_set_value_component_cortisol_variable_k2":0.01,"data_set_value_component_cortisol_variable_k3":0.01,"data_set_value_component_ACTH_variable_ACTH":3.1000763372,"data_set_value_component_ACTH_variable_k4":10.0,"data_set_value_component_ACTH_variable_k5":0.004,"data_set_value_component_ACTH_variable_k6":0.035,"data_set_value_component_ACTH_variable_Kd":0.004,"data_set_value_component_ACTH_variable_Imax":0.99,"data_set_value_component_CRH_variable_CRH":74.688228495,"data_set_value_component_CRH_variable_k7":0.000001,"data_set_value_component_CRH_variable_k8":0.01,"data_set_value_component_CRH_variable_pulse":50.0},{"data_set_value_component_environment_variable_time":0.6,"data_set_value_component_cortisol_variable_cortisol":536651.5191609632,"data_set_value_component_cortisol_variable_k1":500000.0,"data_set_value_component_cortisol_variable_k2":0.01,"data_set_value_component_cortisol_variable_k3":0.01,"data_set_value_component_ACTH_variable_ACTH":3.8594158526,"data_set_value_component_ACTH_variable_k4":10.0,"data_set_value_component_ACTH_variable_k5":0.004,"data_set_value_component_ACTH_variable_k6":0.035,"data_set_value_component_ACTH_variable_Kd":0.004,"data_set_value_component_ACTH_variable_Imax":0.99,"data_set_value_component_CRH_variable_CRH":79.6110785312,"data_set_value_component_CRH_variable_k7":0.000001,"data_set_value_component_CRH_variable_k8":0.01,"data_set_value_component_CRH_variable_pulse":50.0},{"data_set_value_component_environment_variable_time":0.7,"data_set_value_component_cortisol_variable_cortisol":748934.822727275,"data_set_value_component_cortisol_variable_k1":500000.0,"data_set_value_component_cortisol_variable_k2":0.01,"data_set_value_component_cortisol_variable_k3":0.01,"data_set_value_component_ACTH_variable_ACTH":4.665220068,"data_set_value_component_ACTH_variable_k4":10.0,"data_set_value_component_ACTH_variable_k5":0.004,"data_set_value_component_ACTH_variable_k6":0.035,"data_set_value_component_ACTH_variable_Kd":0.004,"data_set_value_component_ACTH_variable_Imax":0.99,"data_set_value_component_CRH_variable_CRH":84.529008178,"data_set_value_component_CRH_variable_k7":0.000001,"data_set_value_component_CRH_variable_k8":0.01,"data_set_value_component_CRH_variable_pulse":50.0},{"data_set_value_component_environment_variable_time":0.8,"data_set_value_component_cortisol_variable_cortisol":1002432.8498597664,"data_set_value_component_cortisol_variable_k1":500000.0,"data_set_value_component_cortisol_variable_k2":0.01,"data_set_value_component_cortisol_variable_k3":0.01,"data_set_value_component_ACTH_variable_ACTH":5.517277683,"data_set_value_component_ACTH_variable_k4":10.0,"data_set_value_component_ACTH_variable_k5":0.004,"data_set_value_component_ACTH_variable_k6":0.035,"data_set_value_component_ACTH_variable_Kd":0.004,"data_set_value_component_ACTH_variable_Imax":0.99,"data_set_value_component_CRH_variable_CRH":89.4420223534,"data_set_value_component_CRH_variable_k7":0.000001,"data_set_value_component_CRH_variable_k8":0.01,"data_set_value_component_CRH_variable_pulse":50.0},{"data_set_value_component_environment_variable_time":0.9,"data_set_value_component_cortisol_variable_cortisol":1299410.6515526909,"data_set_value_component_cortisol_variable_k1":500000.0,"data_set_value_component_cortisol_variable_k2":0.01,"data_set_value_component_cortisol_variable_k3":0.01,"data_set_value_component_ACTH_variable_ACTH":6.4153780671,"data_set_value_component_ACTH_variable_k4":10.0,"data_set_value_component_ACTH_variable_k5":0.004,"data_set_value_component_ACTH_variable_k6":0.035,"data_set_value_component_ACTH_variable_Kd":0.004,"data_set_value_component_ACTH_variable_Imax":0.99,"data_set_value_component_CRH_variable_CRH":94.3501259702,"data_set_value_component_CRH_variable_k7":0.000001,"data_set_value_component_CRH_variable_k8":0.01,"data_set_value_component_CRH_variable_pulse":50.0},{"data_set_value_component_environment_variable_time":1.0,"data_set_value_component_cortisol_variable_cortisol":1642120.5092281883,"data_set_value_component_cortisol_variable_k1":500000.0,"data_set_value_component_cortisol_variable_k2":0.01,"data_set_value_component_cortisol_variable_k3":0.01,"data_set_value_component_ACTH_variable_ACTH":7.3593113239,"data_set_value_component_ACTH_variable_k4":10.0,"data_set_value_component_ACTH_variable_k5":0.004,"data_set_value_component_ACTH_variable_k6":0.035,"data_set_value_component_ACTH_variable_Kd":0.004,"data_set_value_component_ACTH_variable_Imax":0.99,"data_set_value_component_CRH_variable_CRH":99.2533239366,"data_set_value_component_CRH_variable_k7":0.000001,"data_set_value_component_CRH_variable_k8":0.01,"data_set_value_component_CRH_variable_pulse":50.0}]