[{"data_generator_T":0.0,"data_generator_V":-65.0},{"data_generator_T":0.1,"data_generator_V":-64.729813},{"data_generator_T":0.2,"data_generator_V":-64.460617},{"data_generator_T":0.30000001,"data_generator_V":-64.192368},{"data_generator_T":0.40000001,"data_generator_V":-63.925003},{"data_generator_T":0.5,"data_generator_V":-63.658485},{"data_generator_T":0.60000002,"data_generator_V":-63.392757},{"data_generator_T":0.69999999,"data_generator_V":-63.127762},{"data_generator_T":0.80000001,"data_generator_V":-62.863441},{"data_generator_T":0.89999998,"data_generator_V":-62.599739},{"data_generator_T":1.0,"data_generator_V":-62.336586},{"data_generator_T":1.1,"data_generator_V":-62.073917},{"data_generator_T":1.2,"data_generator_V":-61.811665},{"data_generator_T":1.3,"data_generator_V":-61.549751},{"data_generator_T":1.4,"data_generator_V":-61.288097},{"data_generator_T":1.5,"data_generator_V":-61.026619},{"data_generator_T":1.6,"data_generator_V":-60.765224},{"data_generator_T":1.7,"data_generator_V":-60.503826},{"data_generator_T":1.8,"data_generator_V":-60.242313},{"data_generator_T":1.9,"data_generator_V":-59.980587},{"data_generator_T":2.0,"data_generator_V":-59.718536},{"data_generator_T":2.0999999,"data_generator_V":-59.456039},{"data_generator_T":2.2,"data_generator_V":-59.192974},{"data_generator_T":2.3,"data_generator_V":-58.929192},{"data_generator_T":2.4000001,"data_generator_V":-58.664543},{"data_generator_T":2.5,"data_generator_V":-58.398869},{"data_generator_T":2.5999999,"data_generator_V":-58.131989},{"data_generator_T":2.7,"data_generator_V":-57.863708},{"data_generator_T":2.8,"data_generator_V":-57.593822},{"data_generator_T":2.9000001,"data_generator_V":-57.322102},{"data_generator_T":3.0,"data_generator_V":-57.048302},{"data_generator_T":3.0999999,"data_generator_V":-56.772148},{"data_generator_T":3.2,"data_generator_V":-56.493347},{"data_generator_T":3.3,"data_generator_V":-56.211559},{"data_generator_T":3.4000001,"data_generator_V":-55.92635},{"data_generator_T":3.5,"data_generator_V":-55.635498},{"data_generator_T":3.5999999,"data_generator_V":-55.337498},{"data_generator_T":3.7,"data_generator_V":-55.031361},{"data_generator_T":3.8,"data_generator_V":-54.715939},{"data_generator_T":3.9000001,"data_generator_V":-54.389904},{"data_generator_T":4.0,"data_generator_V":-54.051678},{"data_generator_T":4.0999999,"data_generator_V":-53.699398},{"data_generator_T":4.1999998,"data_generator_V":-53.330826},{"data_generator_T":4.3000002,"data_generator_V":-52.943233},{"data_generator_T":4.4000001,"data_generator_V":-52.533268},{"data_generator_T":4.5,"data_generator_V":-52.096718},{"data_generator_T":4.5999999,"data_generator_V":-51.628189},{"data_generator_T":4.6999998,"data_generator_V":-51.120583},{"data_generator_T":4.8000002,"data_generator_V":-50.564297},{"data_generator_T":4.9000001,"data_generator_V":-49.94577},{"data_generator_T":5.0,"data_generator_V":-49.244858},{"data_generator_T":5.0999999,"data_generator_V":-48.566414},{"data_generator_T":5.1999998,"data_generator_V":-47.74667},{"data_generator_T":5.3000002,"data_generator_V":-46.708439},{"data_generator_T":5.4000001,"data_generator_V":-45.275314},{"data_generator_T":5.5,"data_generator_V":-42.843079},{"data_generator_T":5.5999999,"data_generator_V":48.94746},{"data_generator_T":5.6999998,"data_generator_V":40.708115},{"data_generator_T":5.8000002,"data_generator_V":29.489922},{"data_generator_T":5.9000001,"data_generator_V":18.375706},{"data_generator_T":6.0,"data_generator_V":6.9546924},{"data_generator_T":6.0999999,"data_generator_V":-6.394721},{"data_generator_T":6.1999998,"data_generator_V":-78.881905},{"data_generator_T":6.3000002,"data_generator_V":-82.200348},{"data_generator_T":6.4000001,"data_generator_V":-78.866043},{"data_generator_T":6.5,"data_generator_V":-75.386955},{"data_generator_T":6.5999999,"data_generator_V":-72.044106},{"data_generator_T":6.6999998,"data_generator_V":-68.854836},{"data_generator_T":6.8000002,"data_generator_V":-65.81015},{"data_generator_T":6.9000001,"data_generator_V":-62.897263},{"data_generator_T":7.0,"data_generator_V":-60.102665},{"data_generator_T":7.0999999,"data_generator_V":-57.412693},{"data_generator_T":7.1999998,"data_generator_V":-54.816189},{"data_generator_T":7.3000002,"data_generator_V":-52.318081},{"data_generator_T":7.4000001,"data_generator_V":-49.876381},{"data_generator_T":7.5,"data_generator_V":-47.394958},{"data_generator_T":7.5999999,"data_generator_V":-44.650753},{"data_generator_T":7.6999998,"data_generator_V":-40.833447},{"data_generator_T":7.8000002,"data_generator_V":48.946487},{"data_generator_T":7.9000001,"data_generator_V":34.134098},{"data_generator_T":8.0,"data_generator_V":19.867046},{"data_generator_T":8.1000004,"data_generator_V":7.2104225},{"data_generator_T":8.1999998,"data_generator_V":-6.4367194},{"data_generator_T":8.3000002,"data_generator_V":-70.13504},{"data_generator_T":8.3999996,"data_generator_V":-80.065155},{"data_generator_T":8.5,"data_generator_V":-76.314262},{"data_generator_T":8.6000004,"data_generator_V":-71.707603},{"data_generator_T":8.6999998,"data_generator_V":-67.178665},{"data_generator_T":8.8000002,"data_generator_V":-62.853085},{"data_generator_T":8.8999996,"data_generator_V":-58.742847},{"data_generator_T":9.0,"data_generator_V":-54.836723},{"data_generator_T":9.1000004,"data_generator_V":-51.15144},{"data_generator_T":9.1999998,"data_generator_V":-47.609291},{"data_generator_T":9.3000002,"data_generator_V":-43.92506},{"data_generator_T":9.3999996,"data_generator_V":-38.749908},{"data_generator_T":9.5,"data_generator_V":47.211662},{"data_generator_T":9.6000004,"data_generator_V":27.955492},{"data_generator_T":9.6999998,"data_generator_V":13.747856},{"data_generator_T":9.8000002,"data_generator_V":0.88013792},{"data_generator_T":9.8999996,"data_generator_V":-26.104782},{"data_generator_T":10.0,"data_generator_V":-77.678841},{"data_generator_T":10.1,"data_generator_V":-77.586754},{"data_generator_T":10.2,"data_generator_V":-72.891357},{"data_generator_T":10.3,"data_generator_V":-67.86483},{"data_generator_T":10.4,"data_generator_V":-63.01115},{"data_generator_T":10.5,"data_generator_V":-58.417095},{"data_generator_T":10.6,"data_generator_V":-54.069527},{"data_generator_T":10.7,"data_generator_V":-49.784473},{"data_generator_T":10.8,"data_generator_V":-45.681576},{"data_generator_T":10.9,"data_generator_V":-41.105835},{"data_generator_T":11.0,"data_generator_V":25.745848},{"data_generator_T":11.1,"data_generator_V":33.836758},{"data_generator_T":11.2,"data_generator_V":17.981213},{"data_generator_T":11.3,"data_generator_V":4.8028951},{"data_generator_T":11.4,"data_generator_V":-10.512033},{"data_generator_T":11.5,"data_generator_V":-71.676987},{"data_generator_T":11.6,"data_generator_V":-78.25164},{"data_generator_T":11.7,"data_generator_V":-74.038246},{"data_generator_T":11.8,"data_generator_V":-68.899857},{"data_generator_T":11.9,"data_generator_V":-63.862881},{"data_generator_T":12.0,"data_generator_V":-59.101032},{"data_generator_T":12.1,"data_generator_V":-54.642998},{"data_generator_T":12.2,"data_generator_V":-50.531719},{"data_generator_T":12.3,"data_generator_V":-46.674892},{"data_generator_T":12.4,"data_generator_V":-42.684536},{"data_generator_T":12.5,"data_generator_V":-36.118954},{"data_generator_T":12.6,"data_generator_V":41.938271},{"data_generator_T":12.7,"data_generator_V":23.207867},{"data_generator_T":12.8,"data_generator_V":9.3495407},{"data_generator_T":12.9,"data_generator_V":-3.9799495},{"data_generator_T":13.0,"data_generator_V":-55.587223},{"data_generator_T":13.1,"data_generator_V":-78.231567},{"data_generator_T":13.2,"data_generator_V":-75.546051},{"data_generator_T":13.3,"data_generator_V":-70.668419},{"data_generator_T":13.4,"data_generator_V":-65.668739},{"data_generator_T":13.5,"data_generator_V":-60.906281},{"data_generator_T":13.6,"data_generator_V":-56.448105},{"data_generator_T":13.7,"data_generator_V":-52.329193},{"data_generator_T":13.8,"data_generator_V":-48.548256},{"data_generator_T":13.9,"data_generator_V":-44.908978},{"data_generator_T":14.0,"data_generator_V":-40.739586},{"data_generator_T":14.1,"data_generator_V":19.022322},{"data_generator_T":14.2,"data_generator_V":33.68166},{"data_generator_T":14.3,"data_generator_V":17.628025},{"data_generator_T":14.4,"data_generator_V":4.3821754},{"data_generator_T":14.5,"data_generator_V":-11.343204},{"data_generator_T":14.6,"data_generator_V":-71.860237},{"data_generator_T":14.7,"data_generator_V":-77.924133},{"data_generator_T":14.8,"data_generator_V":-73.65152},{"data_generator_T":14.9,"data_generator_V":-68.786751},{"data_generator_T":15.0,"data_generator_V":-64.040833},{"data_generator_T":15.1,"data_generator_V":-59.56868},{"data_generator_T":15.2,"data_generator_V":-55.402477},{"data_generator_T":15.3,"data_generator_V":-51.585758},{"data_generator_T":15.4,"data_generator_V":-48.080952},{"data_generator_T":15.5,"data_generator_V":-44.682964},{"data_generator_T":15.6,"data_generator_V":-40.740379},{"data_generator_T":15.7,"data_generator_V":5.7848763},{"data_generator_T":15.8,"data_generator_V":34.247074},{"data_generator_T":15.9,"data_generator_V":18.037523},{"data_generator_T":16.0,"data_generator_V":4.7545962},{"data_generator_T":16.1,"data_generator_V":-10.619818},{"data_generator_T":16.200001,"data_generator_V":-71.214302},{"data_generator_T":16.299999,"data_generator_V":-78.149025},{"data_generator_T":16.4,"data_generator_V":-74.305443},{"data_generator_T":16.5,"data_generator_V":-69.602539},{"data_generator_T":16.6,"data_generator_V":-64.985283},{"data_generator_T":16.700001,"data_generator_V":-60.64315},{"data_generator_T":16.799999,"data_generator_V":-56.604671},{"data_generator_T":16.9,"data_generator_V":-52.88776},{"data_generator_T":17.0,"data_generator_V":-49.502331},{"data_generator_T":17.1,"data_generator_V":-46.321339},{"data_generator_T":17.200001,"data_generator_V":-43.022385},{"data_generator_T":17.299999,"data_generator_V":-38.232822},{"data_generator_T":17.4,"data_generator_V":46.804817},{"data_generator_T":17.5,"data_generator_V":26.957783},{"data_generator_T":17.6,"data_generator_V":12.531805},{"data_generator_T":17.700001,"data_generator_V":-0.50984025},{"data_generator_T":17.799999,"data_generator_V":-35.744774},{"data_generator_T":17.9,"data_generator_V":-77.780296},{"data_generator_T":18.0,"data_generator_V":-77.397377},{"data_generator_T":18.1,"data_generator_V":-73.054436},{"data_generator_T":18.200001,"data_generator_V":-68.472214},{"data_generator_T":18.299999,"data_generator_V":-64.112694},{"data_generator_T":18.4,"data_generator_V":-60.052246},{"data_generator_T":18.5,"data_generator_V":-56.289761},{"data_generator_T":18.6,"data_generator_V":-52.837627},{"data_generator_T":18.700001,"data_generator_V":-49.696102},{"data_generator_T":18.799999,"data_generator_V":-46.752628},{"data_generator_T":18.9,"data_generator_V":-43.755024},{"data_generator_T":19.0,"data_generator_V":-39.870449},{"data_generator_T":19.1,"data_generator_V":45.12067},{"data_generator_T":19.200001,"data_generator_V":31.737041},{"data_generator_T":19.299999,"data_generator_V":16.4228},{"data_generator_T":19.4,"data_generator_V":3.3388214},{"data_generator_T":19.5,"data_generator_V":-13.936851},{"data_generator_T":19.6,"data_generator_V":-74.61673},{"data_generator_T":19.700001,"data_generator_V":-78.606926},{"data_generator_T":19.799999,"data_generator_V":-74.79184},{"data_generator_T":19.9,"data_generator_V":-70.404762},{"data_generator_T":20.0,"data_generator_V":-66.186897},{"data_generator_T":20.1,"data_generator_V":-62.253616},{"data_generator_T":20.200001,"data_generator_V":-58.612762},{"data_generator_T":20.299999,"data_generator_V":-55.247608},{"data_generator_T":20.4,"data_generator_V":-52.18288},{"data_generator_T":20.5,"data_generator_V":-49.38744},{"data_generator_T":20.6,"data_generator_V":-46.753761},{"data_generator_T":20.700001,"data_generator_V":-44.065376},{"data_generator_T":20.799999,"data_generator_V":-40.412834},{"data_generator_T":20.9,"data_generator_V":33.218216},{"data_generator_T":21.0,"data_generator_V":33.836002},{"data_generator_T":21.1,"data_generator_V":18.146292},{"data_generator_T":21.200001,"data_generator_V":4.9879575},{"data_generator_T":21.299999,"data_generator_V":-10.246911},{"data_generator_T":21.4,"data_generator_V":-72.14238},{"data_generator_T":21.5,"data_generator_V":-79.175827},{"data_generator_T":21.6,"data_generator_V":-75.769714},{"data_generator_T":21.700001,"data_generator_V":-71.611816},{"data_generator_T":21.799999,"data_generator_V":-67.596764},{"data_generator_T":21.9,"data_generator_V":-63.854286},{"data_generator_T":22.0,"data_generator_V":-60.39492},{"data_generator_T":22.1,"data_generator_V":-57.201534},{"data_generator_T":22.200001,"data_generator_V":-54.262386},{"data_generator_T":22.299999,"data_generator_V":-51.599689},{"data_generator_T":22.4,"data_generator_V":-49.052124},{"data_generator_T":22.5,"data_generator_V":-46.490028},{"data_generator_T":22.6,"data_generator_V":-43.834545},{"data_generator_T":22.700001,"data_generator_V":-40.400421},{"data_generator_T":22.799999,"data_generator_V":27.559669},{"data_generator_T":22.9,"data_generator_V":34.585285},{"data_generator_T":23.0,"data_generator_V":18.859144},{"data_generator_T":23.1,"data_generator_V":5.7092423},{"data_generator_T":23.200001,"data_generator_V":-8.9702005},{"data_generator_T":23.299999,"data_generator_V":-71.044182},{"data_generator_T":23.4,"data_generator_V":-79.554718},{"data_generator_T":23.5,"data_generator_V":-76.419998},{"data_generator_T":23.6,"data_generator_V":-72.489136},{"data_generator_T":23.700001,"data_generator_V":-68.694923},{"data_generator_T":23.799999,"data_generator_V":-65.164223},{"data_generator_T":23.9,"data_generator_V":-61.906261},{"data_generator_T":24.0,"data_generator_V":-58.90451},{"data_generator_T":24.1,"data_generator_V":-56.086643},{"data_generator_T":24.200001,"data_generator_V":-53.284431},{"data_generator_T":24.299999,"data_generator_V":-50.747025},{"data_generator_T":24.4,"data_generator_V":-48.405422},{"data_generator_T":24.5,"data_generator_V":-46.329174},{"data_generator_T":24.6,"data_generator_V":-44.218113},{"data_generator_T":24.700001,"data_generator_V":-41.597214},{"data_generator_T":24.799999,"data_generator_V":-35.785},{"data_generator_T":24.9,"data_generator_V":42.04192},{"data_generator_T":25.0,"data_generator_V":24.158699},{"data_generator_T":25.1,"data_generator_V":10.481646},{"data_generator_T":25.200001,"data_generator_V":-2.6210535},{"data_generator_T":25.299999,"data_generator_V":-52.033195},{"data_generator_T":25.4,"data_generator_V":-79.680023},{"data_generator_T":25.5,"data_generator_V":-78.146667},{"data_generator_T":25.6,"data_generator_V":-74.515694},{"data_generator_T":25.700001,"data_generator_V":-70.880234},{"data_generator_T":25.799999,"data_generator_V":-67.479385},{"data_generator_T":25.9,"data_generator_V":-64.317726},{"data_generator_T":26.0,"data_generator_V":-61.118511},{"data_generator_T":26.1,"data_generator_V":-58.182472},{"data_generator_T":26.200001,"data_generator_V":-55.483639},{"data_generator_T":26.299999,"data_generator_V":-53.203205},{"data_generator_T":26.4,"data_generator_V":-51.242558},{"data_generator_T":26.5,"data_generator_V":-49.446537},{"data_generator_T":26.6,"data_generator_V":-47.756191},{"data_generator_T":26.700001,"data_generator_V":-46.089718},{"data_generator_T":26.799999,"data_generator_V":-44.314659},{"data_generator_T":26.9,"data_generator_V":-42.136871},{"data_generator_T":27.0,"data_generator_V":-38.268162},{"data_generator_T":27.1,"data_generator_V":47.549339},{"data_generator_T":27.200001,"data_generator_V":28.4112},{"data_generator_T":27.299999,"data_generator_V":14.061314},{"data_generator_T":27.4,"data_generator_V":1.1292351},{"data_generator_T":27.5,"data_generator_V":-24.733736},{"data_generator_T":27.6,"data_generator_V":-78.189621},{"data_generator_T":27.700001,"data_generator_V":-79.28804},{"data_generator_T":27.799999,"data_generator_V":-76.055359},{"data_generator_T":27.9,"data_generator_V":-72.281029},{"data_generator_T":28.0,"data_generator_V":-68.745308},{"data_generator_T":28.1,"data_generator_V":-65.490158},{"data_generator_T":28.200001,"data_generator_V":-62.683907},{"data_generator_T":28.299999,"data_generator_V":-60.242702},{"data_generator_T":28.4,"data_generator_V":-57.997211},{"data_generator_T":28.5,"data_generator_V":-55.92778},{"data_generator_T":28.6,"data_generator_V":-54.045292},{"data_generator_T":28.700001,"data_generator_V":-52.353024},{"data_generator_T":28.799999,"data_generator_V":-50.82151},{"data_generator_T":28.9,"data_generator_V":-49.41552},{"data_generator_T":29.0,"data_generator_V":-48.093754},{"data_generator_T":29.1,"data_generator_V":-46.806145},{"data_generator_T":29.200001,"data_generator_V":-45.48542},{"data_generator_T":29.299999,"data_generator_V":-44.022472},{"data_generator_T":29.4,"data_generator_V":-42.17831},{"data_generator_T":29.5,"data_generator_V":-39.035675},{"data_generator_T":29.6,"data_generator_V":48.262669},{"data_generator_T":29.700001,"data_generator_V":31.065113},{"data_generator_T":29.799999,"data_generator_V":16.085054},{"data_generator_T":29.9,"data_generator_V":3.0525649},{"data_generator_T":30.0,"data_generator_V":-15.009655},{"data_generator_T":30.1,"data_generator_V":-75.996544},{"data_generator_T":30.200001,"data_generator_V":-79.659889},{"data_generator_T":30.299999,"data_generator_V":-76.972961},{"data_generator_T":30.4,"data_generator_V":-73.869057},{"data_generator_T":30.5,"data_generator_V":-70.914879},{"data_generator_T":30.6,"data_generator_V":-68.18309},{"data_generator_T":30.700001,"data_generator_V":-65.673935},{"data_generator_T":30.799999,"data_generator_V":-63.37307},{"data_generator_T":30.9,"data_generator_V":-61.263092},{"data_generator_T":31.0,"data_generator_V":-59.326347},{"data_generator_T":31.1,"data_generator_V":-57.545879},{"data_generator_T":31.200001,"data_generator_V":-55.905834},{"data_generator_T":31.299999,"data_generator_V":-54.418137},{"data_generator_T":31.4,"data_generator_V":-53.087246},{"data_generator_T":31.5,"data_generator_V":-51.893028},{"data_generator_T":31.6,"data_generator_V":-50.81385},{"data_generator_T":31.700001,"data_generator_V":-49.827236},{"data_generator_T":31.799999,"data_generator_V":-48.910175},{"data_generator_T":31.9,"data_generator_V":-48.038872},{"data_generator_T":32.0,"data_generator_V":-47.187706},{"data_generator_T":32.099998,"data_generator_V":-46.222713},{"data_generator_T":32.200001,"data_generator_V":-45.045853},{"data_generator_T":32.299999,"data_generator_V":-43.688152},{"data_generator_T":32.400002,"data_generator_V":-41.899944},{"data_generator_T":32.5,"data_generator_V":-38.927433},{"data_generator_T":32.599998,"data_generator_V":48.411091},{"data_generator_T":32.700001,"data_generator_V":31.18107},{"data_generator_T":32.799999,"data_generator_V":16.22876},{"data_generator_T":32.900002,"data_generator_V":3.206718},{"data_generator_T":33.0,"data_generator_V":-14.639878},{"data_generator_T":33.099998,"data_generator_V":-76.222237},{"data_generator_T":33.200001,"data_generator_V":-80.239166},{"data_generator_T":33.299999,"data_generator_V":-77.77124},{"data_generator_T":33.400002,"data_generator_V":-74.963982},{"data_generator_T":33.5,"data_generator_V":-72.310936},{"data_generator_T":33.599998,"data_generator_V":-69.866188},{"data_generator_T":33.700001,"data_generator_V":-67.625854},{"data_generator_T":33.799999,"data_generator_V":-65.575722},{"data_generator_T":33.900002,"data_generator_V":-63.699993},{"data_generator_T":34.0,"data_generator_V":-61.983299},{"data_generator_T":34.099998,"data_generator_V":-60.411156},{"data_generator_T":34.200001,"data_generator_V":-58.969963},{"data_generator_T":34.299999,"data_generator_V":-57.647217},{"data_generator_T":34.400002,"data_generator_V":-56.431503},{"data_generator_T":34.5,"data_generator_V":-55.320011},{"data_generator_T":34.599998,"data_generator_V":-54.259129},{"data_generator_T":34.700001,"data_generator_V":-53.115124},{"data_generator_T":34.799999,"data_generator_V":-52.086002},{"data_generator_T":34.900002,"data_generator_V":-51.155128},{"data_generator_T":35.0,"data_generator_V":-50.502548},{"data_generator_T":35.099998,"data_generator_V":-49.970478},{"data_generator_T":35.200001,"data_generator_V":-49.48629},{"data_generator_T":35.299999,"data_generator_V":-49.041519},{"data_generator_T":35.400002,"data_generator_V":-48.628571},{"data_generator_T":35.5,"data_generator_V":-48.240582},{"data_generator_T":35.599998,"data_generator_V":-47.871258},{"data_generator_T":35.700001,"data_generator_V":-47.514671},{"data_generator_T":35.799999,"data_generator_V":-47.165089},{"data_generator_T":35.900002,"data_generator_V":-46.81673},{"data_generator_T":36.0,"data_generator_V":-46.463512},{"data_generator_T":36.099998,"data_generator_V":-46.09869},{"data_generator_T":36.200001,"data_generator_V":-45.714375},{"data_generator_T":36.299999,"data_generator_V":-45.300774},{"data_generator_T":36.400002,"data_generator_V":-44.844955},{"data_generator_T":36.5,"data_generator_V":-44.328629},{"data_generator_T":36.599998,"data_generator_V":-43.723751},{"data_generator_T":36.700001,"data_generator_V":-42.982716},{"data_generator_T":36.799999,"data_generator_V":-42.012199},{"data_generator_T":36.900002,"data_generator_V":-40.581318},{"data_generator_T":37.0,"data_generator_V":-37.746143},{"data_generator_T":37.099998,"data_generator_V":45.837212},{"data_generator_T":37.200001,"data_generator_V":29.244717},{"data_generator_T":37.299999,"data_generator_V":12.954173},{"data_generator_T":37.400002,"data_generator_V":-0.67127669},{"data_generator_T":37.5,"data_generator_V":-33.082909},{"data_generator_T":37.599998,"data_generator_V":-76.766335},{"data_generator_T":37.700001,"data_generator_V":-79.070831},{"data_generator_T":37.799999,"data_generator_V":-76.767159},{"data_generator_T":37.900002,"data_generator_V":-74.123901},{"data_generator_T":38.0,"data_generator_V":-71.87558},{"data_generator_T":38.099998,"data_generator_V":-69.877739},{"data_generator_T":38.200001,"data_generator_V":-68.041954},{"data_generator_T":38.299999,"data_generator_V":-66.360809},{"data_generator_T":38.400002,"data_generator_V":-64.823486},{"data_generator_T":38.5,"data_generator_V":-63.418694},{"data_generator_T":38.599998,"data_generator_V":-62.135502},{"data_generator_T":38.700001,"data_generator_V":-60.963623},{"data_generator_T":38.799999,"data_generator_V":-59.893456},{"data_generator_T":38.900002,"data_generator_V":-58.91589},{"data_generator_T":39.0,"data_generator_V":-58.022785},{"data_generator_T":39.099998,"data_generator_V":-57.206844},{"data_generator_T":39.200001,"data_generator_V":-56.461323},{"data_generator_T":39.299999,"data_generator_V":-55.781822},{"data_generator_T":39.400002,"data_generator_V":-55.185852},{"data_generator_T":39.5,"data_generator_V":-54.673351},{"data_generator_T":39.599998,"data_generator_V":-54.23711},{"data_generator_T":39.700001,"data_generator_V":-53.870445},{"data_generator_T":39.799999,"data_generator_V":-53.567261},{"data_generator_T":39.900002,"data_generator_V":-53.322048},{"data_generator_T":40.0,"data_generator_V":-53.129883},{"data_generator_T":40.099998,"data_generator_V":-52.98637},{"data_generator_T":40.200001,"data_generator_V":-52.887608},{"data_generator_T":40.299999,"data_generator_V":-52.830128},{"data_generator_T":40.400002,"data_generator_V":-52.810829},{"data_generator_T":40.5,"data_generator_V":-52.826927},{"data_generator_T":40.599998,"data_generator_V":-52.875916},{"data_generator_T":40.700001,"data_generator_V":-52.955517},{"data_generator_T":40.799999,"data_generator_V":-53.063633},{"data_generator_T":40.900002,"data_generator_V":-53.198353},{"data_generator_T":41.0,"data_generator_V":-53.357883},{"data_generator_T":41.099998,"data_generator_V":-53.540558},{"data_generator_T":41.200001,"data_generator_V":-53.744816},{"data_generator_T":41.299999,"data_generator_V":-53.969177},{"data_generator_T":41.400002,"data_generator_V":-54.212246},{"data_generator_T":41.5,"data_generator_V":-54.472691},{"data_generator_T":41.599998,"data_generator_V":-54.749237},{"data_generator_T":41.700001,"data_generator_V":-55.040672},{"data_generator_T":41.799999,"data_generator_V":-55.345825},{"data_generator_T":41.900002,"data_generator_V":-55.663567},{"data_generator_T":42.0,"data_generator_V":-55.992802},{"data_generator_T":42.099998,"data_generator_V":-56.254417},{"data_generator_T":42.200001,"data_generator_V":-56.302807},{"data_generator_T":42.299999,"data_generator_V":-56.360058},{"data_generator_T":42.400002,"data_generator_V":-56.447639},{"data_generator_T":42.5,"data_generator_V":-56.797676},{"data_generator_T":42.599998,"data_generator_V":-57.152462},{"data_generator_T":42.700001,"data_generator_V":-57.503399},{"data_generator_T":42.799999,"data_generator_V":-57.850796},{"data_generator_T":42.900002,"data_generator_V":-58.194946},{"data_generator_T":43.0,"data_generator_V":-58.536129},{"data_generator_T":43.099998,"data_generator_V":-58.874603},{"data_generator_T":43.200001,"data_generator_V":-59.210606},{"data_generator_T":43.299999,"data_generator_V":-59.544357},{"data_generator_T":43.400002,"data_generator_V":-59.876053},{"data_generator_T":43.5,"data_generator_V":-60.205925},{"data_generator_T":43.599998,"data_generator_V":-60.534309},{"data_generator_T":43.700001,"data_generator_V":-60.861382},{"data_generator_T":43.799999,"data_generator_V":-61.187283},{"data_generator_T":43.900002,"data_generator_V":-61.512138},{"data_generator_T":44.0,"data_generator_V":-61.836044},{"data_generator_T":44.099998,"data_generator_V":-62.159084},{"data_generator_T":44.200001,"data_generator_V":-62.481335},{"data_generator_T":44.299999,"data_generator_V":-62.802845},{"data_generator_T":44.400002,"data_generator_V":-63.12365},{"data_generator_T":44.5,"data_generator_V":-63.443783},{"data_generator_T":44.599998,"data_generator_V":-63.763252},{"data_generator_T":44.700001,"data_generator_V":-64.082062},{"data_generator_T":44.799999,"data_generator_V":-64.4002},{"data_generator_T":44.900002,"data_generator_V":-64.717667},{"data_generator_T":45.0,"data_generator_V":-65.034416},{"data_generator_T":45.099998,"data_generator_V":-65.350433},{"data_generator_T":45.200001,"data_generator_V":-65.665672},{"data_generator_T":45.299999,"data_generator_V":-65.980087},{"data_generator_T":45.400002,"data_generator_V":-66.293633},{"data_generator_T":45.5,"data_generator_V":-66.606255},{"data_generator_T":45.599998,"data_generator_V":-66.917892},{"data_generator_T":45.700001,"data_generator_V":-67.228477},{"data_generator_T":45.799999,"data_generator_V":-67.537949},{"data_generator_T":45.900002,"data_generator_V":-67.846245},{"data_generator_T":46.0,"data_generator_V":-68.15329},{"data_generator_T":46.099998,"data_generator_V":-68.459015},{"data_generator_T":46.200001,"data_generator_V":-68.763344},{"data_generator_T":46.299999,"data_generator_V":-69.066208},{"data_generator_T":46.400002,"data_generator_V":-69.367531},{"data_generator_T":46.5,"data_generator_V":-69.667236},{"data_generator_T":46.599998,"data_generator_V":-69.965256},{"data_generator_T":46.700001,"data_generator_V":-70.261513},{"data_generator_T":46.799999,"data_generator_V":-70.555931},{"data_generator_T":46.900002,"data_generator_V":-70.848442},{"data_generator_T":47.0,"data_generator_V":-71.138977},{"data_generator_T":47.099998,"data_generator_V":-71.42746},{"data_generator_T":47.200001,"data_generator_V":-71.713829},{"data_generator_T":47.299999,"data_generator_V":-71.998009},{"data_generator_T":47.400002,"data_generator_V":-72.279938},{"data_generator_T":47.5,"data_generator_V":-72.559555},{"data_generator_T":47.599998,"data_generator_V":-72.8368},{"data_generator_T":47.700001,"data_generator_V":-73.11161},{"data_generator_T":47.799999,"data_generator_V":-73.383926},{"data_generator_T":47.900002,"data_generator_V":-73.653694},{"data_generator_T":48.0,"data_generator_V":-73.92086},{"data_generator_T":48.099998,"data_generator_V":-74.185379},{"data_generator_T":48.200001,"data_generator_V":-74.447205},{"data_generator_T":48.299999,"data_generator_V":-74.706276},{"data_generator_T":48.400002,"data_generator_V":-74.962563},{"data_generator_T":48.5,"data_generator_V":-75.216026},{"data_generator_T":48.599998,"data_generator_V":-75.466614},{"data_generator_T":48.700001,"data_generator_V":-75.714302},{"data_generator_T":48.799999,"data_generator_V":-75.959045},{"data_generator_T":48.900002,"data_generator_V":-76.200829},{"data_generator_T":49.0,"data_generator_V":-76.439606},{"data_generator_T":49.099998,"data_generator_V":-76.675362},{"data_generator_T":49.200001,"data_generator_V":-76.908073},{"data_generator_T":49.299999,"data_generator_V":-77.137711},{"data_generator_T":49.400002,"data_generator_V":-77.364258},{"data_generator_T":49.5,"data_generator_V":-77.587692},{"data_generator_T":49.599998,"data_generator_V":-77.808014},{"data_generator_T":49.700001,"data_generator_V":-78.025192},{"data_generator_T":49.799999,"data_generator_V":-78.239227},{"data_generator_T":49.900002,"data_generator_V":-78.450111},{"data_generator_T":50.0,"data_generator_V":-78.657829},{"data_generator_T":50.099998,"data_generator_V":-78.862389},{"data_generator_T":50.200001,"data_generator_V":-79.063774},{"data_generator_T":50.299999,"data_generator_V":-79.261993},{"data_generator_T":50.400002,"data_generator_V":-79.457047},{"data_generator_T":50.5,"data_generator_V":-79.648941},{"data_generator_T":50.599998,"data_generator_V":-79.837677},{"data_generator_T":50.700001,"data_generator_V":-80.023254},{"data_generator_T":50.799999,"data_generator_V":-80.205696},{"data_generator_T":50.900002,"data_generator_V":-80.38501},{"data_generator_T":51.0,"data_generator_V":-80.561203},{"data_generator_T":51.099998,"data_generator_V":-80.734283},{"data_generator_T":51.200001,"data_generator_V":-80.904274},{"data_generator_T":51.299999,"data_generator_V":-81.071198},{"data_generator_T":51.400002,"data_generator_V":-81.235054},{"data_generator_T":51.5,"data_generator_V":-81.395874},{"data_generator_T":51.599998,"data_generator_V":-81.55368},{"data_generator_T":51.700001,"data_generator_V":-81.708488},{"data_generator_T":51.799999,"data_generator_V":-81.860329},{"data_generator_T":51.900002,"data_generator_V":-82.009216},{"data_generator_T":52.0,"data_generator_V":-82.155182},{"data_generator_T":52.099998,"data_generator_V":-82.298241},{"data_generator_T":52.200001,"data_generator_V":-82.438438},{"data_generator_T":52.299999,"data_generator_V":-82.57579},{"data_generator_T":52.400002,"data_generator_V":-82.710327},{"data_generator_T":52.5,"data_generator_V":-82.842079},{"data_generator_T":52.599998,"data_generator_V":-82.971085},{"data_generator_T":52.700001,"data_generator_V":-83.097359},{"data_generator_T":52.799999,"data_generator_V":-83.220947},{"data_generator_T":52.900002,"data_generator_V":-83.341873},{"data_generator_T":53.0,"data_generator_V":-83.460175},{"data_generator_T":53.099998,"data_generator_V":-83.57589},{"data_generator_T":53.200001,"data_generator_V":-83.689041},{"data_generator_T":53.299999,"data_generator_V":-83.799675},{"data_generator_T":53.400002,"data_generator_V":-83.907814},{"data_generator_T":53.5,"data_generator_V":-84.013504},{"data_generator_T":53.599998,"data_generator_V":-84.116783},{"data_generator_T":53.700001,"data_generator_V":-84.217674},{"data_generator_T":53.799999,"data_generator_V":-84.316223},{"data_generator_T":53.900002,"data_generator_V":-84.41246},{"data_generator_T":54.0,"data_generator_V":-84.506432},{"data_generator_T":54.099998,"data_generator_V":-84.598167},{"data_generator_T":54.200001,"data_generator_V":-84.687698},{"data_generator_T":54.299999,"data_generator_V":-84.775078},{"data_generator_T":54.400002,"data_generator_V":-84.860321},{"data_generator_T":54.5,"data_generator_V":-84.943489},{"data_generator_T":54.599998,"data_generator_V":-85.024597},{"data_generator_T":54.700001,"data_generator_V":-85.103691},{"data_generator_T":54.799999,"data_generator_V":-85.180809},{"data_generator_T":54.900002,"data_generator_V":-85.255989},{"data_generator_T":55.0,"data_generator_V":-85.329262},{"data_generator_T":55.099998,"data_generator_V":-85.400665},{"data_generator_T":55.200001,"data_generator_V":-85.470238},{"data_generator_T":55.299999,"data_generator_V":-85.538017},{"data_generator_T":55.400002,"data_generator_V":-85.604027},{"data_generator_T":55.5,"data_generator_V":-85.66832},{"data_generator_T":55.599998,"data_generator_V":-85.730911},{"data_generator_T":55.700001,"data_generator_V":-85.791855},{"data_generator_T":55.799999,"data_generator_V":-85.851173},{"data_generator_T":55.900002,"data_generator_V":-85.908905},{"data_generator_T":56.0,"data_generator_V":-85.96508},{"data_generator_T":56.099998,"data_generator_V":-86.019737},{"data_generator_T":56.200001,"data_generator_V":-86.072906},{"data_generator_T":56.299999,"data_generator_V":-86.124619},{"data_generator_T":56.400002,"data_generator_V":-86.174904},{"data_generator_T":56.5,"data_generator_V":-86.223801},{"data_generator_T":56.599998,"data_generator_V":-86.271339},{"data_generator_T":56.700001,"data_generator_V":-86.317543},{"data_generator_T":56.799999,"data_generator_V":-86.36245},{"data_generator_T":56.900002,"data_generator_V":-86.40609},{"data_generator_T":57.0,"data_generator_V":-86.448494},{"data_generator_T":57.099998,"data_generator_V":-86.489677},{"data_generator_T":57.200001,"data_generator_V":-86.529686},{"data_generator_T":57.299999,"data_generator_V":-86.568542},{"data_generator_T":57.400002,"data_generator_V":-86.60627},{"data_generator_T":57.5,"data_generator_V":-86.642899},{"data_generator_T":57.599998,"data_generator_V":-86.678452},{"data_generator_T":57.700001,"data_generator_V":-86.712967},{"data_generator_T":57.799999,"data_generator_V":-86.74646},{"data_generator_T":57.900002,"data_generator_V":-86.778954},{"data_generator_T":58.0,"data_generator_V":-86.810486},{"data_generator_T":58.099998,"data_generator_V":-86.841064},{"data_generator_T":58.200001,"data_generator_V":-86.870728},{"data_generator_T":58.299999,"data_generator_V":-86.89949},{"data_generator_T":58.400002,"data_generator_V":-86.927376},{"data_generator_T":58.5,"data_generator_V":-86.954414},{"data_generator_T":58.599998,"data_generator_V":-86.980621},{"data_generator_T":58.700001,"data_generator_V":-87.00602},{"data_generator_T":58.799999,"data_generator_V":-87.030632},{"data_generator_T":58.900002,"data_generator_V":-87.054474},{"data_generator_T":59.0,"data_generator_V":-87.077576},{"data_generator_T":59.099998,"data_generator_V":-87.099945},{"data_generator_T":59.200001,"data_generator_V":-87.121613},{"data_generator_T":59.299999,"data_generator_V":-87.142586},{"data_generator_T":59.400002,"data_generator_V":-87.162895},{"data_generator_T":59.5,"data_generator_V":-87.182556},{"data_generator_T":59.599998,"data_generator_V":-87.201576},{"data_generator_T":59.700001,"data_generator_V":-87.219986},{"data_generator_T":59.799999,"data_generator_V":-87.237793},{"data_generator_T":59.900002,"data_generator_V":-87.25502},{"data_generator_T":60.0,"data_generator_V":-87.271675},{"data_generator_T":60.099998,"data_generator_V":-87.287788},{"data_generator_T":60.200001,"data_generator_V":-87.30336},{"data_generator_T":60.299999,"data_generator_V":-87.318413},{"data_generator_T":60.400002,"data_generator_V":-87.332954},{"data_generator_T":60.5,"data_generator_V":-87.347008},{"data_generator_T":60.599998,"data_generator_V":-87.360588},{"data_generator_T":60.700001,"data_generator_V":-87.373703},{"data_generator_T":60.799999,"data_generator_V":-87.38636},{"data_generator_T":60.900002,"data_generator_V":-87.39859},{"data_generator_T":61.0,"data_generator_V":-87.410385},{"data_generator_T":61.099998,"data_generator_V":-87.421776},{"data_generator_T":61.200001,"data_generator_V":-87.432755},{"data_generator_T":61.299999,"data_generator_V":-87.443352},{"data_generator_T":61.400002,"data_generator_V":-87.453568},{"data_generator_T":61.5,"data_generator_V":-87.463417},{"data_generator_T":61.599998,"data_generator_V":-87.472916},{"data_generator_T":61.700001,"data_generator_V":-87.482063},{"data_generator_T":61.799999,"data_generator_V":-87.490875},{"data_generator_T":61.900002,"data_generator_V":-87.499359},{"data_generator_T":62.0,"data_generator_V":-87.507523},{"data_generator_T":62.099998,"data_generator_V":-87.515388},{"data_generator_T":62.200001,"data_generator_V":-87.522949},{"data_generator_T":62.299999,"data_generator_V":-87.530228},{"data_generator_T":62.400002,"data_generator_V":-87.537216},{"data_generator_T":62.5,"data_generator_V":-87.543945},{"data_generator_T":62.599998,"data_generator_V":-87.5504},{"data_generator_T":62.700001,"data_generator_V":-87.556602},{"data_generator_T":62.799999,"data_generator_V":-87.562553},{"data_generator_T":62.900002,"data_generator_V":-87.568268},{"data_generator_T":63.0,"data_generator_V":-87.573746},{"data_generator_T":63.099998,"data_generator_V":-87.579002},{"data_generator_T":63.200001,"data_generator_V":-87.584038},{"data_generator_T":63.299999,"data_generator_V":-87.58886},{"data_generator_T":63.400002,"data_generator_V":-87.593468},{"data_generator_T":63.5,"data_generator_V":-87.597885},{"data_generator_T":63.599998,"data_generator_V":-87.602104},{"data_generator_T":63.700001,"data_generator_V":-87.606133},{"data_generator_T":63.799999,"data_generator_V":-87.609985},{"data_generator_T":63.900002,"data_generator_V":-87.613655},{"data_generator_T":64.0,"data_generator_V":-87.617157},{"data_generator_T":64.099998,"data_generator_V":-87.620491},{"data_generator_T":64.199997,"data_generator_V":-87.623665},{"data_generator_T":64.300003,"data_generator_V":-87.626678},{"data_generator_T":64.400002,"data_generator_V":-87.629547},{"data_generator_T":64.5,"data_generator_V":-87.632263},{"data_generator_T":64.599998,"data_generator_V":-87.634842},{"data_generator_T":64.699997,"data_generator_V":-87.637283},{"data_generator_T":64.800003,"data_generator_V":-87.639587},{"data_generator_T":64.900002,"data_generator_V":-87.641769},{"data_generator_T":65.0,"data_generator_V":-87.643822},{"data_generator_T":65.099998,"data_generator_V":-87.645752},{"data_generator_T":65.199997,"data_generator_V":-87.64756},{"data_generator_T":65.300003,"data_generator_V":-87.649261},{"data_generator_T":65.400002,"data_generator_V":-87.650848},{"data_generator_T":65.5,"data_generator_V":-87.652336},{"data_generator_T":65.599998,"data_generator_V":-87.653709},{"data_generator_T":65.699997,"data_generator_V":-87.654991},{"data_generator_T":65.800003,"data_generator_V":-87.656174},{"data_generator_T":65.900002,"data_generator_V":-87.657257},{"data_generator_T":66.0,"data_generator_V":-87.658249},{"data_generator_T":66.099998,"data_generator_V":-87.659157},{"data_generator_T":66.199997,"data_generator_V":-87.659981},{"data_generator_T":66.300003,"data_generator_V":-87.660721},{"data_generator_T":66.400002,"data_generator_V":-87.661377},{"data_generator_T":66.5,"data_generator_V":-87.661957},{"data_generator_T":66.599998,"data_generator_V":-87.66246},{"data_generator_T":66.699997,"data_generator_V":-87.662895},{"data_generator_T":66.800003,"data_generator_V":-87.663254},{"data_generator_T":66.900002,"data_generator_V":-87.663551},{"data_generator_T":67.0,"data_generator_V":-87.663773},{"data_generator_T":67.099998,"data_generator_V":-87.663933},{"data_generator_T":67.199997,"data_generator_V":-87.664032},{"data_generator_T":67.300003,"data_generator_V":-87.664078},{"data_generator_T":67.400002,"data_generator_V":-87.664055},{"data_generator_T":67.5,"data_generator_V":-87.663979},{"data_generator_T":67.599998,"data_generator_V":-87.663849},{"data_generator_T":67.699997,"data_generator_V":-87.663666},{"data_generator_T":67.800003,"data_generator_V":-87.663429},{"data_generator_T":67.900002,"data_generator_V":-87.663139},{"data_generator_T":68.0,"data_generator_V":-87.662811},{"data_generator_T":68.099998,"data_generator_V":-87.66243},{"data_generator_T":68.199997,"data_generator_V":-87.662003},{"data_generator_T":68.300003,"data_generator_V":-87.66153},{"data_generator_T":68.400002,"data_generator_V":-87.661018},{"data_generator_T":68.5,"data_generator_V":-87.660461},{"data_generator_T":68.599998,"data_generator_V":-87.659874},{"data_generator_T":68.699997,"data_generator_V":-87.659241},{"data_generator_T":68.800003,"data_generator_V":-87.658569},{"data_generator_T":68.900002,"data_generator_V":-87.65786},{"data_generator_T":69.0,"data_generator_V":-87.65712},{"data_generator_T":69.099998,"data_generator_V":-87.656342},{"data_generator_T":69.199997,"data_generator_V":-87.655533},{"data_generator_T":69.300003,"data_generator_V":-87.654686},{"data_generator_T":69.400002,"data_generator_V":-87.653816},{"data_generator_T":69.5,"data_generator_V":-87.652908},{"data_generator_T":69.599998,"data_generator_V":-87.651978},{"data_generator_T":69.699997,"data_generator_V":-87.651016},{"data_generator_T":69.800003,"data_generator_V":-87.650024},{"data_generator_T":69.900002,"data_generator_V":-87.64901},{"data_generator_T":70.0,"data_generator_V":-87.647964},{"data_generator_T":70.099998,"data_generator_V":-87.646896},{"data_generator_T":70.199997,"data_generator_V":-87.645805},{"data_generator_T":70.300003,"data_generator_V":-87.644684},{"data_generator_T":70.400002,"data_generator_V":-87.643547},{"data_generator_T":70.5,"data_generator_V":-87.642387},{"data_generator_T":70.599998,"data_generator_V":-87.641205},{"data_generator_T":70.699997,"data_generator_V":-87.639999},{"data_generator_T":70.800003,"data_generator_V":-87.638771},{"data_generator_T":70.900002,"data_generator_V":-87.637527},{"data_generator_T":71.0,"data_generator_V":-87.636261},{"data_generator_T":71.099998,"data_generator_V":-87.634979},{"data_generator_T":71.199997,"data_generator_V":-87.633675},{"data_generator_T":71.300003,"data_generator_V":-87.632355},{"data_generator_T":71.400002,"data_generator_V":-87.63102},{"data_generator_T":71.5,"data_generator_V":-87.629662},{"data_generator_T":71.599998,"data_generator_V":-87.628288},{"data_generator_T":71.699997,"data_generator_V":-87.626907},{"data_generator_T":71.800003,"data_generator_V":-87.625504},{"data_generator_T":71.900002,"data_generator_V":-87.624084},{"data_generator_T":72.0,"data_generator_V":-87.62265},{"data_generator_T":72.099998,"data_generator_V":-87.621208},{"data_generator_T":72.199997,"data_generator_V":-87.619743},{"data_generator_T":72.300003,"data_generator_V":-87.618271},{"data_generator_T":72.400002,"data_generator_V":-87.616783},{"data_generator_T":72.5,"data_generator_V":-87.615288},{"data_generator_T":72.599998,"data_generator_V":-87.61377},{"data_generator_T":72.699997,"data_generator_V":-87.612244},{"data_generator_T":72.800003,"data_generator_V":-87.61071},{"data_generator_T":72.900002,"data_generator_V":-87.609161},{"data_generator_T":73.0,"data_generator_V":-87.607597},{"data_generator_T":73.099998,"data_generator_V":-87.606026},{"data_generator_T":73.199997,"data_generator_V":-87.604446},{"data_generator_T":73.300003,"data_generator_V":-87.602852},{"data_generator_T":73.400002,"data_generator_V":-87.60125},{"data_generator_T":73.5,"data_generator_V":-87.599632},{"data_generator_T":73.599998,"data_generator_V":-87.598015},{"data_generator_T":73.699997,"data_generator_V":-87.596375},{"data_generator_T":73.800003,"data_generator_V":-87.594734},{"data_generator_T":73.900002,"data_generator_V":-87.593086},{"data_generator_T":74.0,"data_generator_V":-87.591423},{"data_generator_T":74.099998,"data_generator_V":-87.589752},{"data_generator_T":74.199997,"data_generator_V":-87.588074},{"data_generator_T":74.300003,"data_generator_V":-87.586388},{"data_generator_T":74.400002,"data_generator_V":-87.584686},{"data_generator_T":74.5,"data_generator_V":-87.582985},{"data_generator_T":74.599998,"data_generator_V":-87.581276},{"data_generator_T":74.699997,"data_generator_V":-87.579552},{"data_generator_T":74.800003,"data_generator_V":-87.577827},{"data_generator_T":74.900002,"data_generator_V":-87.576088},{"data_generator_T":75.0,"data_generator_V":-87.574348},{"data_generator_T":75.099998,"data_generator_V":-87.572594},{"data_generator_T":75.199997,"data_generator_V":-87.570839},{"data_generator_T":75.300003,"data_generator_V":-87.569069},{"data_generator_T":75.400002,"data_generator_V":-87.567299},{"data_generator_T":75.5,"data_generator_V":-87.565521},{"data_generator_T":75.599998,"data_generator_V":-87.563736},{"data_generator_T":75.699997,"data_generator_V":-87.561943},{"data_generator_T":75.800003,"data_generator_V":-87.560143},{"data_generator_T":75.900002,"data_generator_V":-87.558334},{"data_generator_T":76.0,"data_generator_V":-87.556526},{"data_generator_T":76.099998,"data_generator_V":-87.55471},{"data_generator_T":76.199997,"data_generator_V":-87.552879},{"data_generator_T":76.300003,"data_generator_V":-87.551048},{"data_generator_T":76.400002,"data_generator_V":-87.549217},{"data_generator_T":76.5,"data_generator_V":-87.547371},{"data_generator_T":76.599998,"data_generator_V":-87.545525},{"data_generator_T":76.699997,"data_generator_V":-87.543663},{"data_generator_T":76.800003,"data_generator_V":-87.541809},{"data_generator_T":76.900002,"data_generator_V":-87.53994},{"data_generator_T":77.0,"data_generator_V":-87.538063},{"data_generator_T":77.099998,"data_generator_V":-87.536186},{"data_generator_T":77.199997,"data_generator_V":-87.534302},{"data_generator_T":77.300003,"data_generator_V":-87.532417},{"data_generator_T":77.400002,"data_generator_V":-87.530518},{"data_generator_T":77.5,"data_generator_V":-87.528618},{"data_generator_T":77.599998,"data_generator_V":-87.526718},{"data_generator_T":77.699997,"data_generator_V":-87.524803},{"data_generator_T":77.800003,"data_generator_V":-87.522888},{"data_generator_T":77.900002,"data_generator_V":-87.520966},{"data_generator_T":78.0,"data_generator_V":-87.519035},{"data_generator_T":78.099998,"data_generator_V":-87.517105},{"data_generator_T":78.199997,"data_generator_V":-87.515167},{"data_generator_T":78.300003,"data_generator_V":-87.513229},{"data_generator_T":78.400002,"data_generator_V":-87.511276},{"data_generator_T":78.5,"data_generator_V":-87.509323},{"data_generator_T":78.599998,"data_generator_V":-87.50737},{"data_generator_T":78.699997,"data_generator_V":-87.505402},{"data_generator_T":78.800003,"data_generator_V":-87.503441},{"data_generator_T":78.900002,"data_generator_V":-87.501465},{"data_generator_T":79.0,"data_generator_V":-87.499489},{"data_generator_T":79.099998,"data_generator_V":-87.497505},{"data_generator_T":79.199997,"data_generator_V":-87.495514},{"data_generator_T":79.300003,"data_generator_V":-87.493523},{"data_generator_T":79.400002,"data_generator_V":-87.491524},{"data_generator_T":79.5,"data_generator_V":-87.489525},{"data_generator_T":79.599998,"data_generator_V":-87.487518},{"data_generator_T":79.699997,"data_generator_V":-87.485504},{"data_generator_T":79.800003,"data_generator_V":-87.483482},{"data_generator_T":79.900002,"data_generator_V":-87.481461},{"data_generator_T":80.0,"data_generator_V":-87.479439},{"data_generator_T":80.099998,"data_generator_V":-87.477402},{"data_generator_T":80.199997,"data_generator_V":-87.475365},{"data_generator_T":80.300003,"data_generator_V":-87.473328},{"data_generator_T":80.400002,"data_generator_V":-87.471283},{"data_generator_T":80.5,"data_generator_V":-87.469231},{"data_generator_T":80.599998,"data_generator_V":-87.467171},{"data_generator_T":80.699997,"data_generator_V":-87.465111},{"data_generator_T":80.800003,"data_generator_V":-87.463051},{"data_generator_T":80.900002,"data_generator_V":-87.460976},{"data_generator_T":81.0,"data_generator_V":-87.4589},{"data_generator_T":81.099998,"data_generator_V":-87.456825},{"data_generator_T":81.199997,"data_generator_V":-87.454742},{"data_generator_T":81.300003,"data_generator_V":-87.452652},{"data_generator_T":81.400002,"data_generator_V":-87.450554},{"data_generator_T":81.5,"data_generator_V":-87.448456},{"data_generator_T":81.599998,"data_generator_V":-87.44635},{"data_generator_T":81.699997,"data_generator_V":-87.444244},{"data_generator_T":81.800003,"data_generator_V":-87.442131},{"data_generator_T":81.900002,"data_generator_V":-87.440018},{"data_generator_T":82.0,"data_generator_V":-87.437889},{"data_generator_T":82.099998,"data_generator_V":-87.435768},{"data_generator_T":82.199997,"data_generator_V":-87.433632},{"data_generator_T":82.300003,"data_generator_V":-87.431496},{"data_generator_T":82.400002,"data_generator_V":-87.429352},{"data_generator_T":82.5,"data_generator_V":-87.427208},{"data_generator_T":82.599998,"data_generator_V":-87.425056},{"data_generator_T":82.699997,"data_generator_V":-87.422897},{"data_generator_T":82.800003,"data_generator_V":-87.420738},{"data_generator_T":82.900002,"data_generator_V":-87.418571},{"data_generator_T":83.0,"data_generator_V":-87.416405},{"data_generator_T":83.099998,"data_generator_V":-87.41423},{"data_generator_T":83.199997,"data_generator_V":-87.412048},{"data_generator_T":83.300003,"data_generator_V":-87.409859},{"data_generator_T":83.400002,"data_generator_V":-87.407669},{"data_generator_T":83.5,"data_generator_V":-87.405479},{"data_generator_T":83.599998,"data_generator_V":-87.403275},{"data_generator_T":83.699997,"data_generator_V":-87.40107},{"data_generator_T":83.800003,"data_generator_V":-87.398865},{"data_generator_T":83.900002,"data_generator_V":-87.396645},{"data_generator_T":84.0,"data_generator_V":-87.394424},{"data_generator_T":84.099998,"data_generator_V":-87.392204},{"data_generator_T":84.199997,"data_generator_V":-87.389977},{"data_generator_T":84.300003,"data_generator_V":-87.387741},{"data_generator_T":84.400002,"data_generator_V":-87.385498},{"data_generator_T":84.5,"data_generator_V":-87.383255},{"data_generator_T":84.599998,"data_generator_V":-87.381004},{"data_generator_T":84.699997,"data_generator_V":-87.378754},{"data_generator_T":84.800003,"data_generator_V":-87.376495},{"data_generator_T":84.900002,"data_generator_V":-87.374229},{"data_generator_T":85.0,"data_generator_V":-87.371964},{"data_generator_T":85.099998,"data_generator_V":-87.369682},{"data_generator_T":85.199997,"data_generator_V":-87.367409},{"data_generator_T":85.300003,"data_generator_V":-87.36512},{"data_generator_T":85.400002,"data_generator_V":-87.362831},{"data_generator_T":85.5,"data_generator_V":-87.360535},{"data_generator_T":85.599998,"data_generator_V":-87.358238},{"data_generator_T":85.699997,"data_generator_V":-87.355934},{"data_generator_T":85.800003,"data_generator_V":-87.353622},{"data_generator_T":85.900002,"data_generator_V":-87.351311},{"data_generator_T":86.0,"data_generator_V":-87.348984},{"data_generator_T":86.099998,"data_generator_V":-87.346664},{"data_generator_T":86.199997,"data_generator_V":-87.34433},{"data_generator_T":86.300003,"data_generator_V":-87.341995},{"data_generator_T":86.400002,"data_generator_V":-87.339653},{"data_generator_T":86.5,"data_generator_V":-87.337311},{"data_generator_T":86.599998,"data_generator_V":-87.334953},{"data_generator_T":86.699997,"data_generator_V":-87.332596},{"data_generator_T":86.800003,"data_generator_V":-87.330238},{"data_generator_T":86.900002,"data_generator_V":-87.327873},{"data_generator_T":87.0,"data_generator_V":-87.3255},{"data_generator_T":87.099998,"data_generator_V":-87.32312},{"data_generator_T":87.199997,"data_generator_V":-87.320732},{"data_generator_T":87.300003,"data_generator_V":-87.318344},{"data_generator_T":87.400002,"data_generator_V":-87.315956},{"data_generator_T":87.5,"data_generator_V":-87.313553},{"data_generator_T":87.599998,"data_generator_V":-87.31115},{"data_generator_T":87.699997,"data_generator_V":-87.308739},{"data_generator_T":87.800003,"data_generator_V":-87.30632},{"data_generator_T":87.900002,"data_generator_V":-87.303902},{"data_generator_T":88.0,"data_generator_V":-87.301476},{"data_generator_T":88.099998,"data_generator_V":-87.299042},{"data_generator_T":88.199997,"data_generator_V":-87.296608},{"data_generator_T":88.300003,"data_generator_V":-87.294159},{"data_generator_T":88.400002,"data_generator_V":-87.291718},{"data_generator_T":88.5,"data_generator_V":-87.289261},{"data_generator_T":88.599998,"data_generator_V":-87.286797},{"data_generator_T":88.699997,"data_generator_V":-87.284332},{"data_generator_T":88.800003,"data_generator_V":-87.28186},{"data_generator_T":88.900002,"data_generator_V":-87.279388},{"data_generator_T":89.0,"data_generator_V":-87.276909},{"data_generator_T":89.099998,"data_generator_V":-87.274422},{"data_generator_T":89.199997,"data_generator_V":-87.271927},{"data_generator_T":89.300003,"data_generator_V":-87.269424},{"data_generator_T":89.400002,"data_generator_V":-87.266922},{"data_generator_T":89.5,"data_generator_V":-87.264412},{"data_generator_T":89.599998,"data_generator_V":-87.261894},{"data_generator_T":89.699997,"data_generator_V":-87.259377},{"data_generator_T":89.800003,"data_generator_V":-87.256844},{"data_generator_T":89.900002,"data_generator_V":-87.254311},{"data_generator_T":90.0,"data_generator_V":-87.25177},{"data_generator_T":90.099998,"data_generator_V":-87.249229},{"data_generator_T":90.199997,"data_generator_V":-87.246681},{"data_generator_T":90.300003,"data_generator_V":-87.244118},{"data_generator_T":90.400002,"data_generator_V":-87.241562},{"data_generator_T":90.5,"data_generator_V":-87.238991},{"data_generator_T":90.599998,"data_generator_V":-87.23642},{"data_generator_T":90.699997,"data_generator_V":-87.233833},{"data_generator_T":90.800003,"data_generator_V":-87.231247},{"data_generator_T":90.900002,"data_generator_V":-87.228661},{"data_generator_T":91.0,"data_generator_V":-87.226059},{"data_generator_T":91.099998,"data_generator_V":-87.223457},{"data_generator_T":91.199997,"data_generator_V":-87.220848},{"data_generator_T":91.300003,"data_generator_V":-87.218231},{"data_generator_T":91.400002,"data_generator_V":-87.215607},{"data_generator_T":91.5,"data_generator_V":-87.212982},{"data_generator_T":91.599998,"data_generator_V":-87.21035},{"data_generator_T":91.699997,"data_generator_V":-87.20771},{"data_generator_T":91.800003,"data_generator_V":-87.205063},{"data_generator_T":91.900002,"data_generator_V":-87.202408},{"data_generator_T":92.0,"data_generator_V":-87.199753},{"data_generator_T":92.099998,"data_generator_V":-87.197083},{"data_generator_T":92.199997,"data_generator_V":-87.194412},{"data_generator_T":92.300003,"data_generator_V":-87.191742},{"data_generator_T":92.400002,"data_generator_V":-87.189056},{"data_generator_T":92.5,"data_generator_V":-87.186363},{"data_generator_T":92.599998,"data_generator_V":-87.18367},{"data_generator_T":92.699997,"data_generator_V":-87.180969},{"data_generator_T":92.800003,"data_generator_V":-87.178261},{"data_generator_T":92.900002,"data_generator_V":-87.175545},{"data_generator_T":93.0,"data_generator_V":-87.172829},{"data_generator_T":93.099998,"data_generator_V":-87.170097},{"data_generator_T":93.199997,"data_generator_V":-87.167366},{"data_generator_T":93.300003,"data_generator_V":-87.164627},{"data_generator_T":93.400002,"data_generator_V":-87.16188},{"data_generator_T":93.5,"data_generator_V":-87.159126},{"data_generator_T":93.599998,"data_generator_V":-87.156364},{"data_generator_T":93.699997,"data_generator_V":-87.153603},{"data_generator_T":93.800003,"data_generator_V":-87.150833},{"data_generator_T":93.900002,"data_generator_V":-87.148048},{"data_generator_T":94.0,"data_generator_V":-87.145264},{"data_generator_T":94.099998,"data_generator_V":-87.142471},{"data_generator_T":94.199997,"data_generator_V":-87.139679},{"data_generator_T":94.300003,"data_generator_V":-87.136871},{"data_generator_T":94.400002,"data_generator_V":-87.134064},{"data_generator_T":94.5,"data_generator_V":-87.131241},{"data_generator_T":94.599998,"data_generator_V":-87.128418},{"data_generator_T":94.699997,"data_generator_V":-87.125587},{"data_generator_T":94.800003,"data_generator_V":-87.122749},{"data_generator_T":94.900002,"data_generator_V":-87.119904},{"data_generator_T":95.0,"data_generator_V":-87.117058},{"data_generator_T":95.099998,"data_generator_V":-87.114197},{"data_generator_T":95.199997,"data_generator_V":-87.111336},{"data_generator_T":95.300003,"data_generator_V":-87.108459},{"data_generator_T":95.400002,"data_generator_V":-87.105583},{"data_generator_T":95.5,"data_generator_V":-87.102699},{"data_generator_T":95.599998,"data_generator_V":-87.099808},{"data_generator_T":95.699997,"data_generator_V":-87.096909},{"data_generator_T":95.800003,"data_generator_V":-87.094002},{"data_generator_T":95.900002,"data_generator_V":-87.091095},{"data_generator_T":96.0,"data_generator_V":-87.088173},{"data_generator_T":96.099998,"data_generator_V":-87.085243},{"data_generator_T":96.199997,"data_generator_V":-87.082314},{"data_generator_T":96.300003,"data_generator_V":-87.079376},{"data_generator_T":96.400002,"data_generator_V":-87.076424},{"data_generator_T":96.5,"data_generator_V":-87.073471},{"data_generator_T":96.599998,"data_generator_V":-87.070511},{"data_generator_T":96.699997,"data_generator_V":-87.067543},{"data_generator_T":96.800003,"data_generator_V":-87.064568},{"data_generator_T":96.900002,"data_generator_V":-87.061584},{"data_generator_T":97.0,"data_generator_V":-87.058601},{"data_generator_T":97.099998,"data_generator_V":-87.055603},{"data_generator_T":97.199997,"data_generator_V":-87.052597},{"data_generator_T":97.300003,"data_generator_V":-87.049591},{"data_generator_T":97.400002,"data_generator_V":-87.04657},{"data_generator_T":97.5,"data_generator_V":-87.043549},{"data_generator_T":97.599998,"data_generator_V":-87.040512},{"data_generator_T":97.699997,"data_generator_V":-87.037476},{"data_generator_T":97.800003,"data_generator_V":-87.034431},{"data_generator_T":97.900002,"data_generator_V":-87.031372},{"data_generator_T":98.0,"data_generator_V":-87.028313},{"data_generator_T":98.099998,"data_generator_V":-87.025246},{"data_generator_T":98.199997,"data_generator_V":-87.022171},{"data_generator_T":98.300003,"data_generator_V":-87.019089},{"data_generator_T":98.400002,"data_generator_V":-87.015999},{"data_generator_T":98.5,"data_generator_V":-87.012901},{"data_generator_T":98.599998,"data_generator_V":-87.009796},{"data_generator_T":98.699997,"data_generator_V":-87.006683},{"data_generator_T":98.800003,"data_generator_V":-87.003563},{"data_generator_T":98.900002,"data_generator_V":-87.000435},{"data_generator_T":99.0,"data_generator_V":-86.997299},{"data_generator_T":99.099998,"data_generator_V":-86.994156},{"data_generator_T":99.199997,"data_generator_V":-86.991005},{"data_generator_T":99.300003,"data_generator_V":-86.987846},{"data_generator_T":99.400002,"data_generator_V":-86.98468},{"data_generator_T":99.5,"data_generator_V":-86.981506},{"data_generator_T":99.599998,"data_generator_V":-86.978325},{"data_generator_T":99.699997,"data_generator_V":-86.975143},{"data_generator_T":99.800003,"data_generator_V":-86.971947},{"data_generator_T":99.900002,"data_generator_V":-86.968742},{"data_generator_T":100.0,"data_generator_V":-86.96553}]