[{"data_set_value_component_environment_variable_time":0.0,"data_set_value_component_v_GK_variable_v_GK":0.0329808617,"data_set_value_component_v_GK_variable_V_GK_min":10.0,"data_set_value_component_v_GK_variable_V_GK":0.05555,"data_set_value_component_v_GK_variable_Sgk":8.0,"data_set_value_component_v_GK_variable_h_GK":1.7,"data_set_value_component_v_PFK_variable_v_PFK":0.0155572908,"data_set_value_component_v_PFK_variable_V_PFK_min":100.0,"data_set_value_component_v_PFK_variable_V_PFK":0.5555,"data_set_value_component_v_PFK_variable_Spfk":4.0,"data_set_value_component_v_PFK_variable_Sfba":0.005,"data_set_value_component_v_PFK_variable_Xpfk":0.01,"data_set_value_component_v_PFK_variable_hx":2.5,"data_set_value_component_v_PFK_variable_alpha":5.0,"data_set_value_component_v_PFK_variable_h_PFK":2.5,"data_set_value_component_v_PFK_variable_h_act":1.0,"data_set_value_component_v_FBA_variable_v_FBA":0.0155453645,"data_set_value_component_v_FBA_variable_V_FBA_min":25.0,"data_set_value_component_v_FBA_variable_V_FBA":0.138875,"data_set_value_component_v_FBA_variable_Qfba":0.275,"data_set_value_component_v_FBA_variable_Sfba":0.005,"data_set_value_component_v_FBA_variable_Pfba":0.5,"data_set_value_component_v_FBA_variable_Keq_FBA":0.1,"data_set_value_component_v_GAPDH_variable_v_GAPDH":0.0310463745,"data_set_value_component_v_GAPDH_variable_V_GAPDH_min":250.0,"data_set_value_component_v_GAPDH_variable_V_GAPDH":1.38875,"data_set_value_component_v_GAPDH_variable_Sgapdh":0.005,"data_set_value_component_Glc_variable_Glc":10.0,"data_set_value_component_G6P_F6P_variable_G6P_F6P":3.71728,"data_set_value_component_F6P_variable_F6P":0.8578338462,"data_set_value_component_F6P_variable_Keq_GPI":0.3,"data_set_value_component_FBP_variable_FBP":0.00063612,"data_set_value_component_DHAP_G3P_variable_DHAP_G3P":0.00262966,"data_set_value_component_DHAP_variable_DHAP":0.0025153259,"data_set_value_component_G3P_variable_G3P":0.0001143341,"data_set_value_component_G3P_variable_Keq_TPI":0.045455,"data_set_value_component_model_parameters_variable_min_to_sec":60.0,"data_set_value_component_model_parameters_variable_dw_per_ml":0.3333},{"data_set_value_component_environment_variable_time":0.1,"data_set_value_component_v_GK_variable_v_GK":0.0329808617,"data_set_value_component_v_GK_variable_V_GK_min":10.0,"data_set_value_component_v_GK_variable_V_GK":0.05555,"data_set_value_component_v_GK_variable_Sgk":8.0,"data_set_value_component_v_GK_variable_h_GK":1.7,"data_set_value_component_v_PFK_variable_v_PFK":0.0155829609,"data_set_value_component_v_PFK_variable_V_PFK_min":100.0,"data_set_value_component_v_PFK_variable_V_PFK":0.5555,"data_set_value_component_v_PFK_variable_Spfk":4.0,"data_set_value_component_v_PFK_variable_Sfba":0.005,"data_set_value_component_v_PFK_variable_Xpfk":0.01,"data_set_value_component_v_PFK_variable_hx":2.5,"data_set_value_component_v_PFK_variable_alpha":5.0,"data_set_value_component_v_PFK_variable_h_PFK":2.5,"data_set_value_component_v_PFK_variable_h_act":1.0,"data_set_value_component_v_FBA_variable_v_FBA":0.0155710313,"data_set_value_component_v_FBA_variable_V_FBA_min":25.0,"data_set_value_component_v_FBA_variable_V_FBA":0.138875,"data_set_value_component_v_FBA_variable_Qfba":0.275,"data_set_value_component_v_FBA_variable_Sfba":0.005,"data_set_value_component_v_FBA_variable_Pfba":0.5,"data_set_value_component_v_FBA_variable_Keq_FBA":0.1,"data_set_value_component_v_GAPDH_variable_v_GAPDH":0.0310976302,"data_set_value_component_v_GAPDH_variable_V_GAPDH_min":250.0,"data_set_value_component_v_GAPDH_variable_V_GAPDH":1.38875,"data_set_value_component_v_GAPDH_variable_Sgapdh":0.005,"data_set_value_component_Glc_variable_Glc":10.0,"data_set_value_component_G6P_F6P_variable_G6P_F6P":3.7190206303,"data_set_value_component_F6P_variable_F6P":0.8582355301,"data_set_value_component_F6P_variable_Keq_GPI":0.3,"data_set_value_component_FBP_variable_FBP":0.0006373129,"data_set_value_component_DHAP_G3P_variable_DHAP_G3P":0.0026341009,"data_set_value_component_DHAP_variable_DHAP":0.0025195736,"data_set_value_component_G3P_variable_G3P":0.0001145272,"data_set_value_component_G3P_variable_Keq_TPI":0.045455,"data_set_value_component_model_parameters_variable_min_to_sec":60.0,"data_set_value_component_model_parameters_variable_dw_per_ml":0.3333},{"data_set_value_component_environment_variable_time":0.2,"data_set_value_component_v_GK_variable_v_GK":0.0329808617,"data_set_value_component_v_GK_variable_V_GK_min":10.0,"data_set_value_component_v_GK_variable_V_GK":0.05555,"data_set_value_component_v_GK_variable_Sgk":8.0,"data_set_value_component_v_GK_variable_h_GK":1.7,"data_set_value_component_v_PFK_variable_v_PFK":0.0156086484,"data_set_value_component_v_PFK_variable_V_PFK_min":100.0,"data_set_value_component_v_PFK_variable_V_PFK":0.5555,"data_set_value_component_v_PFK_variable_Spfk":4.0,"data_set_value_component_v_PFK_variable_Sfba":0.005,"data_set_value_component_v_PFK_variable_Xpfk":0.01,"data_set_value_component_v_PFK_variable_hx":2.5,"data_set_value_component_v_PFK_variable_alpha":5.0,"data_set_value_component_v_PFK_variable_h_PFK":2.5,"data_set_value_component_v_PFK_variable_h_act":1.0,"data_set_value_component_v_FBA_variable_v_FBA":0.0155967055,"data_set_value_component_v_FBA_variable_V_FBA_min":25.0,"data_set_value_component_v_FBA_variable_V_FBA":0.138875,"data_set_value_component_v_FBA_variable_Qfba":0.275,"data_set_value_component_v_FBA_variable_Sfba":0.005,"data_set_value_component_v_FBA_variable_Pfba":0.5,"data_set_value_component_v_FBA_variable_Keq_FBA":0.1,"data_set_value_component_v_GAPDH_variable_v_GAPDH":0.0311489349,"data_set_value_component_v_GAPDH_variable_V_GAPDH_min":250.0,"data_set_value_component_v_GAPDH_variable_V_GAPDH":1.38875,"data_set_value_component_v_GAPDH_variable_Sgapdh":0.005,"data_set_value_component_Glc_variable_Glc":10.0,"data_set_value_component_G6P_F6P_variable_G6P_F6P":3.7207590115,"data_set_value_component_F6P_variable_F6P":0.858636695,"data_set_value_component_F6P_variable_Keq_GPI":0.3,"data_set_value_component_FBP_variable_FBP":0.0006385066,"data_set_value_component_DHAP_G3P_variable_DHAP_G3P":0.0026385463,"data_set_value_component_DHAP_variable_DHAP":0.0025238258,"data_set_value_component_G3P_variable_G3P":0.0001147205,"data_set_value_component_G3P_variable_Keq_TPI":0.045455,"data_set_value_component_model_parameters_variable_min_to_sec":60.0,"data_set_value_component_model_parameters_variable_dw_per_ml":0.3333},{"data_set_value_component_environment_variable_time":0.3,"data_set_value_component_v_GK_variable_v_GK":0.0329808617,"data_set_value_component_v_GK_variable_V_GK_min":10.0,"data_set_value_component_v_GK_variable_V_GK":0.05555,"data_set_value_component_v_GK_variable_Sgk":8.0,"data_set_value_component_v_GK_variable_h_GK":1.7,"data_set_value_component_v_PFK_variable_v_PFK":0.0156343541,"data_set_value_component_v_PFK_variable_V_PFK_min":100.0,"data_set_value_component_v_PFK_variable_V_PFK":0.5555,"data_set_value_component_v_PFK_variable_Spfk":4.0,"data_set_value_component_v_PFK_variable_Sfba":0.005,"data_set_value_component_v_PFK_variable_Xpfk":0.01,"data_set_value_component_v_PFK_variable_hx":2.5,"data_set_value_component_v_PFK_variable_alpha":5.0,"data_set_value_component_v_PFK_variable_h_PFK":2.5,"data_set_value_component_v_PFK_variable_h_act":1.0,"data_set_value_component_v_FBA_variable_v_FBA":0.0156223966,"data_set_value_component_v_FBA_variable_V_FBA_min":25.0,"data_set_value_component_v_FBA_variable_V_FBA":0.138875,"data_set_value_component_v_FBA_variable_Qfba":0.275,"data_set_value_component_v_FBA_variable_Sfba":0.005,"data_set_value_component_v_FBA_variable_Pfba":0.5,"data_set_value_component_v_FBA_variable_Keq_FBA":0.1,"data_set_value_component_v_GAPDH_variable_v_GAPDH":0.0312002807,"data_set_value_component_v_GAPDH_variable_V_GAPDH_min":250.0,"data_set_value_component_v_GAPDH_variable_V_GAPDH":1.38875,"data_set_value_component_v_GAPDH_variable_Sgapdh":0.005,"data_set_value_component_Glc_variable_Glc":10.0,"data_set_value_component_G6P_F6P_variable_G6P_F6P":3.7224949078,"data_set_value_component_F6P_variable_F6P":0.8590372864,"data_set_value_component_F6P_variable_Keq_GPI":0.3,"data_set_value_component_FBP_variable_FBP":0.0006397017,"data_set_value_component_DHAP_G3P_variable_DHAP_G3P":0.0026429956,"data_set_value_component_DHAP_variable_DHAP":0.0025280817,"data_set_value_component_G3P_variable_G3P":0.000114914,"data_set_value_component_G3P_variable_Keq_TPI":0.045455,"data_set_value_component_model_parameters_variable_min_to_sec":60.0,"data_set_value_component_model_parameters_variable_dw_per_ml":0.3333},{"data_set_value_component_environment_variable_time":0.4,"data_set_value_component_v_GK_variable_v_GK":0.0329808617,"data_set_value_component_v_GK_variable_V_GK_min":10.0,"data_set_value_component_v_GK_variable_V_GK":0.05555,"data_set_value_component_v_GK_variable_Sgk":8.0,"data_set_value_component_v_GK_variable_h_GK":1.7,"data_set_value_component_v_PFK_variable_v_PFK":0.0156600783,"data_set_value_component_v_PFK_variable_V_PFK_min":100.0,"data_set_value_component_v_PFK_variable_V_PFK":0.5555,"data_set_value_component_v_PFK_variable_Spfk":4.0,"data_set_value_component_v_PFK_variable_Sfba":0.005,"data_set_value_component_v_PFK_variable_Xpfk":0.01,"data_set_value_component_v_PFK_variable_hx":2.5,"data_set_value_component_v_PFK_variable_alpha":5.0,"data_set_value_component_v_PFK_variable_h_PFK":2.5,"data_set_value_component_v_PFK_variable_h_act":1.0,"data_set_value_component_v_FBA_variable_v_FBA":0.0156481065,"data_set_value_component_v_FBA_variable_V_FBA_min":25.0,"data_set_value_component_v_FBA_variable_V_FBA":0.138875,"data_set_value_component_v_FBA_variable_Qfba":0.275,"data_set_value_component_v_FBA_variable_Sfba":0.005,"data_set_value_component_v_FBA_variable_Pfba":0.5,"data_set_value_component_v_FBA_variable_Keq_FBA":0.1,"data_set_value_component_v_GAPDH_variable_v_GAPDH":0.0312516645,"data_set_value_component_v_GAPDH_variable_V_GAPDH_min":250.0,"data_set_value_component_v_GAPDH_variable_V_GAPDH":1.38875,"data_set_value_component_v_GAPDH_variable_Sgapdh":0.005,"data_set_value_component_Glc_variable_Glc":10.0,"data_set_value_component_G6P_F6P_variable_G6P_F6P":3.7242282444,"data_set_value_component_F6P_variable_F6P":0.8594372872,"data_set_value_component_F6P_variable_Keq_GPI":0.3,"data_set_value_component_FBP_variable_FBP":0.0006408982,"data_set_value_component_DHAP_G3P_variable_DHAP_G3P":0.0026474486,"data_set_value_component_DHAP_variable_DHAP":0.002532341,"data_set_value_component_G3P_variable_G3P":0.0001151076,"data_set_value_component_G3P_variable_Keq_TPI":0.045455,"data_set_value_component_model_parameters_variable_min_to_sec":60.0,"data_set_value_component_model_parameters_variable_dw_per_ml":0.3333},{"data_set_value_component_environment_variable_time":0.5,"data_set_value_component_v_GK_variable_v_GK":0.0329808617,"data_set_value_component_v_GK_variable_V_GK_min":10.0,"data_set_value_component_v_GK_variable_V_GK":0.05555,"data_set_value_component_v_GK_variable_Sgk":8.0,"data_set_value_component_v_GK_variable_h_GK":1.7,"data_set_value_component_v_PFK_variable_v_PFK":0.0156858205,"data_set_value_component_v_PFK_variable_V_PFK_min":100.0,"data_set_value_component_v_PFK_variable_V_PFK":0.5555,"data_set_value_component_v_PFK_variable_Spfk":4.0,"data_set_value_component_v_PFK_variable_Sfba":0.005,"data_set_value_component_v_PFK_variable_Xpfk":0.01,"data_set_value_component_v_PFK_variable_hx":2.5,"data_set_value_component_v_PFK_variable_alpha":5.0,"data_set_value_component_v_PFK_variable_h_PFK":2.5,"data_set_value_component_v_PFK_variable_h_act":1.0,"data_set_value_component_v_FBA_variable_v_FBA":0.0156738347,"data_set_value_component_v_FBA_variable_V_FBA_min":25.0,"data_set_value_component_v_FBA_variable_V_FBA":0.138875,"data_set_value_component_v_FBA_variable_Qfba":0.275,"data_set_value_component_v_FBA_variable_Sfba":0.005,"data_set_value_component_v_FBA_variable_Pfba":0.5,"data_set_value_component_v_FBA_variable_Keq_FBA":0.1,"data_set_value_component_v_GAPDH_variable_v_GAPDH":0.0313030855,"data_set_value_component_v_GAPDH_variable_V_GAPDH_min":250.0,"data_set_value_component_v_GAPDH_variable_V_GAPDH":1.38875,"data_set_value_component_v_GAPDH_variable_Sgapdh":0.005,"data_set_value_component_Glc_variable_Glc":10.0,"data_set_value_component_G6P_F6P_variable_G6P_F6P":3.7259590177,"data_set_value_component_F6P_variable_F6P":0.8598366964,"data_set_value_component_F6P_variable_Keq_GPI":0.3,"data_set_value_component_FBP_variable_FBP":0.0006420961,"data_set_value_component_DHAP_G3P_variable_DHAP_G3P":0.0026519051,"data_set_value_component_DHAP_variable_DHAP":0.0025366038,"data_set_value_component_G3P_variable_G3P":0.0001153013,"data_set_value_component_G3P_variable_Keq_TPI":0.045455,"data_set_value_component_model_parameters_variable_min_to_sec":60.0,"data_set_value_component_model_parameters_variable_dw_per_ml":0.3333},{"data_set_value_component_environment_variable_time":0.6,"data_set_value_component_v_GK_variable_v_GK":0.0329808617,"data_set_value_component_v_GK_variable_V_GK_min":10.0,"data_set_value_component_v_GK_variable_V_GK":0.05555,"data_set_value_component_v_GK_variable_Sgk":8.0,"data_set_value_component_v_GK_variable_h_GK":1.7,"data_set_value_component_v_PFK_variable_v_PFK":0.0157115809,"data_set_value_component_v_PFK_variable_V_PFK_min":100.0,"data_set_value_component_v_PFK_variable_V_PFK":0.5555,"data_set_value_component_v_PFK_variable_Spfk":4.0,"data_set_value_component_v_PFK_variable_Sfba":0.005,"data_set_value_component_v_PFK_variable_Xpfk":0.01,"data_set_value_component_v_PFK_variable_hx":2.5,"data_set_value_component_v_PFK_variable_alpha":5.0,"data_set_value_component_v_PFK_variable_h_PFK":2.5,"data_set_value_component_v_PFK_variable_h_act":1.0,"data_set_value_component_v_FBA_variable_v_FBA":0.0156995813,"data_set_value_component_v_FBA_variable_V_FBA_min":25.0,"data_set_value_component_v_FBA_variable_V_FBA":0.138875,"data_set_value_component_v_FBA_variable_Qfba":0.275,"data_set_value_component_v_FBA_variable_Sfba":0.005,"data_set_value_component_v_FBA_variable_Pfba":0.5,"data_set_value_component_v_FBA_variable_Keq_FBA":0.1,"data_set_value_component_v_GAPDH_variable_v_GAPDH":0.0313545434,"data_set_value_component_v_GAPDH_variable_V_GAPDH_min":250.0,"data_set_value_component_v_GAPDH_variable_V_GAPDH":1.38875,"data_set_value_component_v_GAPDH_variable_Sgapdh":0.005,"data_set_value_component_Glc_variable_Glc":10.0,"data_set_value_component_G6P_F6P_variable_G6P_F6P":3.7276872185,"data_set_value_component_F6P_variable_F6P":0.860235512,"data_set_value_component_F6P_variable_Keq_GPI":0.3,"data_set_value_component_FBP_variable_FBP":0.0006432954,"data_set_value_component_DHAP_G3P_variable_DHAP_G3P":0.0026563652,"data_set_value_component_DHAP_variable_DHAP":0.0025408699,"data_set_value_component_G3P_variable_G3P":0.0001154952,"data_set_value_component_G3P_variable_Keq_TPI":0.045455,"data_set_value_component_model_parameters_variable_min_to_sec":60.0,"data_set_value_component_model_parameters_variable_dw_per_ml":0.3333},{"data_set_value_component_environment_variable_time":0.7,"data_set_value_component_v_GK_variable_v_GK":0.0329808617,"data_set_value_component_v_GK_variable_V_GK_min":10.0,"data_set_value_component_v_GK_variable_V_GK":0.05555,"data_set_value_component_v_GK_variable_Sgk":8.0,"data_set_value_component_v_GK_variable_h_GK":1.7,"data_set_value_component_v_PFK_variable_v_PFK":0.0157373593,"data_set_value_component_v_PFK_variable_V_PFK_min":100.0,"data_set_value_component_v_PFK_variable_V_PFK":0.5555,"data_set_value_component_v_PFK_variable_Spfk":4.0,"data_set_value_component_v_PFK_variable_Sfba":0.005,"data_set_value_component_v_PFK_variable_Xpfk":0.01,"data_set_value_component_v_PFK_variable_hx":2.5,"data_set_value_component_v_PFK_variable_alpha":5.0,"data_set_value_component_v_PFK_variable_h_PFK":2.5,"data_set_value_component_v_PFK_variable_h_act":1.0,"data_set_value_component_v_FBA_variable_v_FBA":0.0157253459,"data_set_value_component_v_FBA_variable_V_FBA_min":25.0,"data_set_value_component_v_FBA_variable_V_FBA":0.138875,"data_set_value_component_v_FBA_variable_Qfba":0.275,"data_set_value_component_v_FBA_variable_Sfba":0.005,"data_set_value_component_v_FBA_variable_Pfba":0.5,"data_set_value_component_v_FBA_variable_Keq_FBA":0.1,"data_set_value_component_v_GAPDH_variable_v_GAPDH":0.0314060379,"data_set_value_component_v_GAPDH_variable_V_GAPDH_min":250.0,"data_set_value_component_v_GAPDH_variable_V_GAPDH":1.38875,"data_set_value_component_v_GAPDH_variable_Sgapdh":0.005,"data_set_value_component_Glc_variable_Glc":10.0,"data_set_value_component_G6P_F6P_variable_G6P_F6P":3.7294128476,"data_set_value_component_F6P_variable_F6P":0.8606337341,"data_set_value_component_F6P_variable_Keq_GPI":0.3,"data_set_value_component_FBP_variable_FBP":0.000644496,"data_set_value_component_DHAP_G3P_variable_DHAP_G3P":0.0026608287,"data_set_value_component_DHAP_variable_DHAP":0.0025451394,"data_set_value_component_G3P_variable_G3P":0.0001156893,"data_set_value_component_G3P_variable_Keq_TPI":0.045455,"data_set_value_component_model_parameters_variable_min_to_sec":60.0,"data_set_value_component_model_parameters_variable_dw_per_ml":0.3333},{"data_set_value_component_environment_variable_time":0.8,"data_set_value_component_v_GK_variable_v_GK":0.0329808617,"data_set_value_component_v_GK_variable_V_GK_min":10.0,"data_set_value_component_v_GK_variable_V_GK":0.05555,"data_set_value_component_v_GK_variable_Sgk":8.0,"data_set_value_component_v_GK_variable_h_GK":1.7,"data_set_value_component_v_PFK_variable_v_PFK":0.0157631555,"data_set_value_component_v_PFK_variable_V_PFK_min":100.0,"data_set_value_component_v_PFK_variable_V_PFK":0.5555,"data_set_value_component_v_PFK_variable_Spfk":4.0,"data_set_value_component_v_PFK_variable_Sfba":0.005,"data_set_value_component_v_PFK_variable_Xpfk":0.01,"data_set_value_component_v_PFK_variable_hx":2.5,"data_set_value_component_v_PFK_variable_alpha":5.0,"data_set_value_component_v_PFK_variable_h_PFK":2.5,"data_set_value_component_v_PFK_variable_h_act":1.0,"data_set_value_component_v_FBA_variable_v_FBA":0.0157511284,"data_set_value_component_v_FBA_variable_V_FBA_min":25.0,"data_set_value_component_v_FBA_variable_V_FBA":0.138875,"data_set_value_component_v_FBA_variable_Qfba":0.275,"data_set_value_component_v_FBA_variable_Sfba":0.005,"data_set_value_component_v_FBA_variable_Pfba":0.5,"data_set_value_component_v_FBA_variable_Keq_FBA":0.1,"data_set_value_component_v_GAPDH_variable_v_GAPDH":0.0314575679,"data_set_value_component_v_GAPDH_variable_V_GAPDH_min":250.0,"data_set_value_component_v_GAPDH_variable_V_GAPDH":1.38875,"data_set_value_component_v_GAPDH_variable_Sgapdh":0.005,"data_set_value_component_Glc_variable_Glc":10.0,"data_set_value_component_G6P_F6P_variable_G6P_F6P":3.7311358882,"data_set_value_component_F6P_variable_F6P":0.8610313588,"data_set_value_component_F6P_variable_Keq_GPI":0.3,"data_set_value_component_FBP_variable_FBP":0.000645698,"data_set_value_component_DHAP_G3P_variable_DHAP_G3P":0.0026652957,"data_set_value_component_DHAP_variable_DHAP":0.0025494122,"data_set_value_component_G3P_variable_G3P":0.0001158835,"data_set_value_component_G3P_variable_Keq_TPI":0.045455,"data_set_value_component_model_parameters_variable_min_to_sec":60.0,"data_set_value_component_model_parameters_variable_dw_per_ml":0.3333},{"data_set_value_component_environment_variable_time":0.9,"data_set_value_component_v_GK_variable_v_GK":0.0329808617,"data_set_value_component_v_GK_variable_V_GK_min":10.0,"data_set_value_component_v_GK_variable_V_GK":0.05555,"data_set_value_component_v_GK_variable_Sgk":8.0,"data_set_value_component_v_GK_variable_h_GK":1.7,"data_set_value_component_v_PFK_variable_v_PFK":0.0157889698,"data_set_value_component_v_PFK_variable_V_PFK_min":100.0,"data_set_value_component_v_PFK_variable_V_PFK":0.5555,"data_set_value_component_v_PFK_variable_Spfk":4.0,"data_set_value_component_v_PFK_variable_Sfba":0.005,"data_set_value_component_v_PFK_variable_Xpfk":0.01,"data_set_value_component_v_PFK_variable_hx":2.5,"data_set_value_component_v_PFK_variable_alpha":5.0,"data_set_value_component_v_PFK_variable_h_PFK":2.5,"data_set_value_component_v_PFK_variable_h_act":1.0,"data_set_value_component_v_FBA_variable_v_FBA":0.0157769289,"data_set_value_component_v_FBA_variable_V_FBA_min":25.0,"data_set_value_component_v_FBA_variable_V_FBA":0.138875,"data_set_value_component_v_FBA_variable_Qfba":0.275,"data_set_value_component_v_FBA_variable_Sfba":0.005,"data_set_value_component_v_FBA_variable_Pfba":0.5,"data_set_value_component_v_FBA_variable_Keq_FBA":0.1,"data_set_value_component_v_GAPDH_variable_v_GAPDH":0.0315091343,"data_set_value_component_v_GAPDH_variable_V_GAPDH_min":250.0,"data_set_value_component_v_GAPDH_variable_V_GAPDH":1.38875,"data_set_value_component_v_GAPDH_variable_Sgapdh":0.005,"data_set_value_component_Glc_variable_Glc":10.0,"data_set_value_component_G6P_F6P_variable_G6P_F6P":3.732856353,"data_set_value_component_F6P_variable_F6P":0.8614283891,"data_set_value_component_F6P_variable_Keq_GPI":0.3,"data_set_value_component_FBP_variable_FBP":0.0006469014,"data_set_value_component_DHAP_G3P_variable_DHAP_G3P":0.0026697662,"data_set_value_component_DHAP_variable_DHAP":0.0025536883,"data_set_value_component_G3P_variable_G3P":0.0001160779,"data_set_value_component_G3P_variable_Keq_TPI":0.045455,"data_set_value_component_model_parameters_variable_min_to_sec":60.0,"data_set_value_component_model_parameters_variable_dw_per_ml":0.3333},{"data_set_value_component_environment_variable_time":1.0,"data_set_value_component_v_GK_variable_v_GK":0.0329808617,"data_set_value_component_v_GK_variable_V_GK_min":10.0,"data_set_value_component_v_GK_variable_V_GK":0.05555,"data_set_value_component_v_GK_variable_Sgk":8.0,"data_set_value_component_v_GK_variable_h_GK":1.7,"data_set_value_component_v_PFK_variable_v_PFK":0.015814802,"data_set_value_component_v_PFK_variable_V_PFK_min":100.0,"data_set_value_component_v_PFK_variable_V_PFK":0.5555,"data_set_value_component_v_PFK_variable_Spfk":4.0,"data_set_value_component_v_PFK_variable_Sfba":0.005,"data_set_value_component_v_PFK_variable_Xpfk":0.01,"data_set_value_component_v_PFK_variable_hx":2.5,"data_set_value_component_v_PFK_variable_alpha":5.0,"data_set_value_component_v_PFK_variable_h_PFK":2.5,"data_set_value_component_v_PFK_variable_h_act":1.0,"data_set_value_component_v_FBA_variable_v_FBA":0.0158027474,"data_set_value_component_v_FBA_variable_V_FBA_min":25.0,"data_set_value_component_v_FBA_variable_V_FBA":0.138875,"data_set_value_component_v_FBA_variable_Qfba":0.275,"data_set_value_component_v_FBA_variable_Sfba":0.005,"data_set_value_component_v_FBA_variable_Pfba":0.5,"data_set_value_component_v_FBA_variable_Keq_FBA":0.1,"data_set_value_component_v_GAPDH_variable_v_GAPDH":0.0315607371,"data_set_value_component_v_GAPDH_variable_V_GAPDH_min":250.0,"data_set_value_component_v_GAPDH_variable_V_GAPDH":1.38875,"data_set_value_component_v_GAPDH_variable_Sgapdh":0.005,"data_set_value_component_Glc_variable_Glc":10.0,"data_set_value_component_G6P_F6P_variable_G6P_F6P":3.734574242,"data_set_value_component_F6P_variable_F6P":0.8618248251,"data_set_value_component_F6P_variable_Keq_GPI":0.3,"data_set_value_component_FBP_variable_FBP":0.0006481062,"data_set_value_component_DHAP_G3P_variable_DHAP_G3P":0.0026742402,"data_set_value_component_DHAP_variable_DHAP":0.0025579677,"data_set_value_component_G3P_variable_G3P":0.0001162724,"data_set_value_component_G3P_variable_Keq_TPI":0.045455,"data_set_value_component_model_parameters_variable_min_to_sec":60.0,"data_set_value_component_model_parameters_variable_dw_per_ml":0.3333}]