[{"data_set_value_component_N_x_variable_N_x":128.0,"data_set_value_component_F_DVR_v_variable_F_DVR_v":3.75,"data_set_value_component_F_DVR_GLU_variable_F_DVR_GLU":0.01,"data_set_value_component_F_DVR_LAC_variable_F_DVR_LAC":0.01,"data_set_value_component_F_AVR_v_variable_F_AVR_v":0.01,"data_set_value_component_F_AVR_GLU_variable_F_AVR_GLU":0.01,"data_set_value_component_F_AVR_LAC_variable_F_AVR_LAC":0.01,"data_set_value_component_JGLU_variable_JGLU":-153.1199,"data_set_value_component_JGLU_variable_PGLU":1.2,"data_set_value_component_JGLU_variable_sigma_GLU":0.5,"data_set_value_component_JLAC_variable_JLAC":-4331.38806,"data_set_value_component_JLAC_variable_PLAC":33.93,"data_set_value_component_JLAC_variable_sigma_LAC":0.5,"data_set_value_component_c_DVR_GLU_variable_c_DVR_GLU":0.0026666667,"data_set_value_component_c_AVR_GLU_variable_c_AVR_GLU":1.0,"data_set_value_component_c_DVR_LAC_variable_c_DVR_LAC":0.0026666667,"data_set_value_component_c_AVR_LAC_variable_c_AVR_LAC":1.0,"data_set_value_component_JGLY_variable_JGLY":1066.9540123104,"data_set_value_component_JGLY_variable_Vmax":9.1691360433,"data_set_value_component_JGLY_variable_Km":0.1,"data_set_value_component_JGLY_variable_GlyFract":0.2,"data_set_value_component_J_ABS_V_variable_J_ABS_V":176.0474120312,"data_set_value_component_kv_variable_kv":1.3753704065,"data_set_value_component_kv_variable_VolFract":0.3,"data_set_value_component_model_parameters_variable_ksh":1.213,"data_set_value_component_model_parameters_variable_L":4.0,"data_set_value_component_model_parameters_variable_N_0":128.0,"data_set_value_component_model_parameters_variable_x":0.0,"data_set_value_component_model_parameters_variable_F_DVR_G_0":4800.0,"data_set_value_component_model_parameters_variable_F_DVR_V_0":480.0,"data_set_value_component_model_parameters_variable_Jv":0.28125,"data_set_value_component_model_parameters_variable_c_DVR_GLU_0":10.0,"data_set_value_component_model_parameters_variable_x_L":0.0,"data_set_value_component_model_parameters_variable_b":4.0},{"data_set_value_component_N_x_variable_N_x":113.3783282269,"data_set_value_component_F_DVR_v_variable_F_DVR_v":3.2982527583,"data_set_value_component_F_DVR_GLU_variable_F_DVR_GLU":0.0001637801,"data_set_value_component_F_DVR_LAC_variable_F_DVR_LAC":0.0583054535,"data_set_value_component_F_AVR_v_variable_F_AVR_v":17.0406552406,"data_set_value_component_F_AVR_GLU_variable_F_AVR_GLU":0.0000118189,"data_set_value_component_F_AVR_LAC_variable_F_AVR_LAC":0.0013433485,"data_set_value_component_JGLU_variable_JGLU":0.0066643786,"data_set_value_component_JGLU_variable_PGLU":1.2,"data_set_value_component_JGLU_variable_sigma_GLU":0.5,"data_set_value_component_JLAC_variable_JLAC":-0.1122283699,"data_set_value_component_JLAC_variable_PLAC":33.93,"data_set_value_component_JLAC_variable_sigma_LAC":0.5,"data_set_value_component_c_DVR_GLU_variable_c_DVR_GLU":0.0000496566,"data_set_value_component_c_AVR_GLU_variable_c_AVR_GLU":0.0000006936,"data_set_value_component_c_DVR_LAC_variable_c_DVR_LAC":0.017677679,"data_set_value_component_c_AVR_LAC_variable_c_AVR_LAC":0.000078832,"data_set_value_component_JGLY_variable_JGLY":0.0072101515,"data_set_value_component_JGLY_variable_Vmax":9.1691360433,"data_set_value_component_JGLY_variable_Km":0.1,"data_set_value_component_JGLY_variable_GlyFract":0.2,"data_set_value_component_J_ABS_V_variable_J_ABS_V":155.937197381,"data_set_value_component_kv_variable_kv":1.3753704065,"data_set_value_component_kv_variable_VolFract":0.3,"data_set_value_component_model_parameters_variable_ksh":1.213,"data_set_value_component_model_parameters_variable_L":4.0,"data_set_value_component_model_parameters_variable_N_0":128.0,"data_set_value_component_model_parameters_variable_x":0.1,"data_set_value_component_model_parameters_variable_F_DVR_G_0":4800.0,"data_set_value_component_model_parameters_variable_F_DVR_V_0":480.0,"data_set_value_component_model_parameters_variable_Jv":0.219111553,"data_set_value_component_model_parameters_variable_c_DVR_GLU_0":10.0,"data_set_value_component_model_parameters_variable_x_L":0.025,"data_set_value_component_model_parameters_variable_b":4.0},{"data_set_value_component_N_x_variable_N_x":100.4269164963,"data_set_value_component_F_DVR_v_variable_F_DVR_v":2.903267145,"data_set_value_component_F_DVR_GLU_variable_F_DVR_GLU":0.0000024515,"data_set_value_component_F_DVR_LAC_variable_F_DVR_LAC":0.0593069642,"data_set_value_component_F_AVR_v_variable_F_AVR_v":32.1207096244,"data_set_value_component_F_AVR_GLU_variable_F_AVR_GLU":0.0000004317,"data_set_value_component_F_AVR_LAC_variable_F_AVR_LAC":0.0006872693,"data_set_value_component_JGLU_variable_JGLU":0.0001001778,"data_set_value_component_JGLU_variable_PGLU":1.2,"data_set_value_component_JGLU_variable_sigma_GLU":0.5,"data_set_value_component_JLAC_variable_JLAC":-0.0700298694,"data_set_value_component_JLAC_variable_PLAC":33.93,"data_set_value_component_JLAC_variable_sigma_LAC":0.5,"data_set_value_component_c_DVR_GLU_variable_c_DVR_GLU":0.0000008444,"data_set_value_component_c_AVR_GLU_variable_c_AVR_GLU":0.0000000134,"data_set_value_component_c_DVR_LAC_variable_c_DVR_LAC":0.0204276635,"data_set_value_component_c_AVR_LAC_variable_c_AVR_LAC":0.0000213965,"data_set_value_component_JGLY_variable_JGLY":0.0001237645,"data_set_value_component_JGLY_variable_Vmax":9.1691360433,"data_set_value_component_JGLY_variable_Km":0.1,"data_set_value_component_JGLY_variable_GlyFract":0.2,"data_set_value_component_J_ABS_V_variable_J_ABS_V":138.1242089644,"data_set_value_component_kv_variable_kv":1.3753704065,"data_set_value_component_kv_variable_VolFract":0.3,"data_set_value_component_model_parameters_variable_ksh":1.213,"data_set_value_component_model_parameters_variable_L":4.0,"data_set_value_component_model_parameters_variable_N_0":128.0,"data_set_value_component_model_parameters_variable_x":0.2,"data_set_value_component_model_parameters_variable_F_DVR_G_0":4800.0,"data_set_value_component_model_parameters_variable_F_DVR_V_0":480.0,"data_set_value_component_model_parameters_variable_Jv":0.1708395511,"data_set_value_component_model_parameters_variable_c_DVR_GLU_0":10.0,"data_set_value_component_model_parameters_variable_x_L":0.05,"data_set_value_component_model_parameters_variable_b":4.0},{"data_set_value_component_N_x_variable_N_x":88.9549679791,"data_set_value_component_F_DVR_v_variable_F_DVR_v":2.5574104412,"data_set_value_component_F_DVR_GLU_variable_F_DVR_GLU":0.0000000361,"data_set_value_component_F_DVR_LAC_variable_F_DVR_LAC":0.058979662,"data_set_value_component_F_AVR_v_variable_F_AVR_v":45.4741331028,"data_set_value_component_F_AVR_GLU_variable_F_AVR_GLU":0.0000000061,"data_set_value_component_F_AVR_LAC_variable_F_AVR_LAC":0.0010202537,"data_set_value_component_JGLU_variable_JGLU":0.0000014925,"data_set_value_component_JGLU_variable_PGLU":1.2,"data_set_value_component_JGLU_variable_sigma_GLU":0.5,"data_set_value_component_JLAC_variable_JLAC":-0.0676736741,"data_set_value_component_JLAC_variable_PLAC":33.93,"data_set_value_component_JLAC_variable_sigma_LAC":0.5,"data_set_value_component_c_DVR_GLU_variable_c_DVR_GLU":0.0000000141,"data_set_value_component_c_AVR_GLU_variable_c_AVR_GLU":0.0000000001,"data_set_value_component_c_DVR_LAC_variable_c_DVR_LAC":0.023062259,"data_set_value_component_c_AVR_LAC_variable_c_AVR_LAC":0.0000224359,"data_set_value_component_JGLY_variable_JGLY":0.0000010938,"data_set_value_component_JGLY_variable_Vmax":9.1691360433,"data_set_value_component_JGLY_variable_Km":0.1,"data_set_value_component_JGLY_variable_GlyFract":0.2,"data_set_value_component_J_ABS_V_variable_J_ABS_V":122.3460304691,"data_set_value_component_kv_variable_kv":1.3753704065,"data_set_value_component_kv_variable_VolFract":0.3,"data_set_value_component_model_parameters_variable_ksh":1.213,"data_set_value_component_model_parameters_variable_L":4.0,"data_set_value_component_model_parameters_variable_N_0":128.0,"data_set_value_component_model_parameters_variable_x":0.3,"data_set_value_component_model_parameters_variable_F_DVR_G_0":4800.0,"data_set_value_component_model_parameters_variable_F_DVR_V_0":480.0,"data_set_value_component_model_parameters_variable_Jv":0.1332974789,"data_set_value_component_model_parameters_variable_c_DVR_GLU_0":10.0,"data_set_value_component_model_parameters_variable_x_L":0.075,"data_set_value_component_model_parameters_variable_b":4.0},{"data_set_value_component_N_x_variable_N_x":78.7934809137,"data_set_value_component_F_DVR_v_variable_F_DVR_v":2.2541809945,"data_set_value_component_F_DVR_GLU_variable_F_DVR_GLU":0.0000000016,"data_set_value_component_F_DVR_LAC_variable_F_DVR_LAC":0.0585695866,"data_set_value_component_F_AVR_v_variable_F_AVR_v":57.299051423,"data_set_value_component_F_AVR_GLU_variable_F_AVR_GLU":-0.0000000846,"data_set_value_component_F_AVR_LAC_variable_F_AVR_LAC":0.0014305794,"data_set_value_component_JGLU_variable_JGLU":0.0000002088,"data_set_value_component_JGLU_variable_PGLU":1.2,"data_set_value_component_JGLU_variable_sigma_GLU":0.5,"data_set_value_component_JLAC_variable_JLAC":-0.0667454618,"data_set_value_component_JLAC_variable_PLAC":33.93,"data_set_value_component_JLAC_variable_sigma_LAC":0.5,"data_set_value_component_c_DVR_GLU_variable_c_DVR_GLU":0.0000000007,"data_set_value_component_c_AVR_GLU_variable_c_AVR_GLU":-0.0000000015,"data_set_value_component_c_DVR_LAC_variable_c_DVR_LAC":0.0259826459,"data_set_value_component_c_AVR_LAC_variable_c_AVR_LAC":0.0000249669,"data_set_value_component_JGLY_variable_JGLY":-0.0000106714,"data_set_value_component_JGLY_variable_Vmax":9.1691360433,"data_set_value_component_JGLY_variable_Km":0.1,"data_set_value_component_JGLY_variable_GlyFract":0.2,"data_set_value_component_J_ABS_V_variable_J_ABS_V":108.3702218733,"data_set_value_component_kv_variable_kv":1.3753704065,"data_set_value_component_kv_variable_VolFract":0.3,"data_set_value_component_model_parameters_variable_ksh":1.213,"data_set_value_component_model_parameters_variable_L":4.0,"data_set_value_component_model_parameters_variable_N_0":128.0,"data_set_value_component_model_parameters_variable_x":0.4,"data_set_value_component_model_parameters_variable_F_DVR_G_0":4800.0,"data_set_value_component_model_parameters_variable_F_DVR_V_0":480.0,"data_set_value_component_model_parameters_variable_Jv":0.1040711526,"data_set_value_component_model_parameters_variable_c_DVR_GLU_0":10.0,"data_set_value_component_model_parameters_variable_x_L":0.1,"data_set_value_component_model_parameters_variable_b":4.0},{"data_set_value_component_N_x_variable_N_x":69.7927589154,"data_set_value_component_F_DVR_v_variable_F_DVR_v":1.9880195235,"data_set_value_component_F_DVR_GLU_variable_F_DVR_GLU":0.0000000004,"data_set_value_component_F_DVR_LAC_variable_F_DVR_LAC":0.0581178909,"data_set_value_component_F_AVR_v_variable_F_AVR_v":67.7707583789,"data_set_value_component_F_AVR_GLU_variable_F_AVR_GLU":-0.0000000013,"data_set_value_component_F_AVR_LAC_variable_F_AVR_LAC":0.0018821107,"data_set_value_component_JGLU_variable_JGLU":0.0000000195,"data_set_value_component_JGLU_variable_PGLU":1.2,"data_set_value_component_JGLU_variable_sigma_GLU":0.5,"data_set_value_component_JLAC_variable_JLAC":-0.0657642636,"data_set_value_component_JLAC_variable_PLAC":33.93,"data_set_value_component_JLAC_variable_sigma_LAC":0.5,"data_set_value_component_c_DVR_GLU_variable_c_DVR_GLU":0.0000000002,"data_set_value_component_c_AVR_GLU_variable_c_AVR_GLU":-0.0,"data_set_value_component_c_DVR_LAC_variable_c_DVR_LAC":0.0292340645,"data_set_value_component_c_AVR_LAC_variable_c_AVR_LAC":0.0000277717,"data_set_value_component_JGLY_variable_JGLY":-0.0000001181,"data_set_value_component_JGLY_variable_Vmax":9.1691360433,"data_set_value_component_JGLY_variable_Km":0.1,"data_set_value_component_JGLY_variable_GlyFract":0.2,"data_set_value_component_J_ABS_V_variable_J_ABS_V":95.9908951998,"data_set_value_component_kv_variable_kv":1.3753704065,"data_set_value_component_kv_variable_VolFract":0.3,"data_set_value_component_model_parameters_variable_ksh":1.213,"data_set_value_component_model_parameters_variable_L":4.0,"data_set_value_component_model_parameters_variable_N_0":128.0,"data_set_value_component_model_parameters_variable_x":0.5,"data_set_value_component_model_parameters_variable_F_DVR_G_0":4800.0,"data_set_value_component_model_parameters_variable_F_DVR_V_0":480.0,"data_set_value_component_model_parameters_variable_Jv":0.0812984574,"data_set_value_component_model_parameters_variable_c_DVR_GLU_0":10.0,"data_set_value_component_model_parameters_variable_x_L":0.125,"data_set_value_component_model_parameters_variable_b":4.0},{"data_set_value_component_N_x_variable_N_x":61.8202056888,"data_set_value_component_F_DVR_v_variable_F_DVR_v":1.7541559502,"data_set_value_component_F_DVR_GLU_variable_F_DVR_GLU":-0.0000000004,"data_set_value_component_F_DVR_LAC_variable_F_DVR_LAC":0.0576228864,"data_set_value_component_F_AVR_v_variable_F_AVR_v":77.0443694971,"data_set_value_component_F_AVR_GLU_variable_F_AVR_GLU":0.0000001349,"data_set_value_component_F_AVR_LAC_variable_F_AVR_LAC":0.0023768444,"data_set_value_component_JGLU_variable_JGLU":-0.0000001448,"data_set_value_component_JGLU_variable_PGLU":1.2,"data_set_value_component_JGLU_variable_sigma_GLU":0.5,"data_set_value_component_JLAC_variable_JLAC":-0.0647103411,"data_set_value_component_JLAC_variable_PLAC":33.93,"data_set_value_component_JLAC_variable_sigma_LAC":0.5,"data_set_value_component_c_DVR_GLU_variable_c_DVR_GLU":-0.0000000002,"data_set_value_component_c_AVR_GLU_variable_c_AVR_GLU":0.0000000018,"data_set_value_component_c_DVR_LAC_variable_c_DVR_LAC":0.0328493521,"data_set_value_component_c_AVR_LAC_variable_c_AVR_LAC":0.0000308503,"data_set_value_component_JGLY_variable_JGLY":0.0000099266,"data_set_value_component_JGLY_variable_Vmax":9.1691360433,"data_set_value_component_JGLY_variable_Km":0.1,"data_set_value_component_JGLY_variable_GlyFract":0.2,"data_set_value_component_J_ABS_V_variable_J_ABS_V":85.0256814278,"data_set_value_component_kv_variable_kv":1.3753704065,"data_set_value_component_kv_variable_VolFract":0.3,"data_set_value_component_model_parameters_variable_ksh":1.213,"data_set_value_component_model_parameters_variable_L":4.0,"data_set_value_component_model_parameters_variable_N_0":128.0,"data_set_value_component_model_parameters_variable_x":0.6,"data_set_value_component_model_parameters_variable_F_DVR_G_0":4800.0,"data_set_value_component_model_parameters_variable_F_DVR_V_0":480.0,"data_set_value_component_model_parameters_variable_Jv":0.0635403994,"data_set_value_component_model_parameters_variable_c_DVR_GLU_0":10.0,"data_set_value_component_model_parameters_variable_x_L":0.15,"data_set_value_component_model_parameters_variable_b":4.0},{"data_set_value_component_N_x_variable_N_x":54.7583716534,"data_set_value_component_F_DVR_v_variable_F_DVR_v":1.5484843204,"data_set_value_component_F_DVR_GLU_variable_F_DVR_GLU":-0.0000000015,"data_set_value_component_F_DVR_LAC_variable_F_DVR_LAC":0.0570820235,"data_set_value_component_F_AVR_v_variable_F_AVR_v":85.2571619412,"data_set_value_component_F_AVR_GLU_variable_F_AVR_GLU":0.0000001948,"data_set_value_component_F_AVR_LAC_variable_F_AVR_LAC":0.0029175899,"data_set_value_component_JGLU_variable_JGLU":-0.000000215,"data_set_value_component_JGLU_variable_PGLU":1.2,"data_set_value_component_JGLU_variable_sigma_GLU":0.5,"data_set_value_component_JLAC_variable_JLAC":-0.0635824675,"data_set_value_component_JLAC_variable_PLAC":33.93,"data_set_value_component_JLAC_variable_sigma_LAC":0.5,"data_set_value_component_c_DVR_GLU_variable_c_DVR_GLU":-0.000000001,"data_set_value_component_c_AVR_GLU_variable_c_AVR_GLU":0.0000000023,"data_set_value_component_c_DVR_LAC_variable_c_DVR_LAC":0.0368631589,"data_set_value_component_c_AVR_LAC_variable_c_AVR_LAC":0.0000342211,"data_set_value_component_JGLY_variable_JGLY":0.0000114747,"data_set_value_component_JGLY_variable_Vmax":9.1691360433,"data_set_value_component_JGLY_variable_Km":0.1,"data_set_value_component_JGLY_variable_GlyFract":0.2,"data_set_value_component_J_ABS_V_variable_J_ABS_V":75.3130438799,"data_set_value_component_kv_variable_kv":1.3753704065,"data_set_value_component_kv_variable_VolFract":0.3,"data_set_value_component_model_parameters_variable_ksh":1.213,"data_set_value_component_model_parameters_variable_L":4.0,"data_set_value_component_model_parameters_variable_N_0":128.0,"data_set_value_component_model_parameters_variable_x":0.7,"data_set_value_component_model_parameters_variable_F_DVR_G_0":4800.0,"data_set_value_component_model_parameters_variable_F_DVR_V_0":480.0,"data_set_value_component_model_parameters_variable_Jv":0.0496830937,"data_set_value_component_model_parameters_variable_c_DVR_GLU_0":10.0,"data_set_value_component_model_parameters_variable_x_L":0.175,"data_set_value_component_model_parameters_variable_b":4.0},{"data_set_value_component_N_x_variable_N_x":48.503223707,"data_set_value_component_F_DVR_v_variable_F_DVR_v":1.3674600709,"data_set_value_component_F_DVR_GLU_variable_F_DVR_GLU":-0.0000000003,"data_set_value_component_F_DVR_LAC_variable_F_DVR_LAC":0.0564925979,"data_set_value_component_F_AVR_v_variable_F_AVR_v":92.5306391065,"data_set_value_component_F_AVR_GLU_variable_F_AVR_GLU":0.0000000613,"data_set_value_component_F_AVR_LAC_variable_F_AVR_LAC":0.00350728,"data_set_value_component_JGLU_variable_JGLU":-0.000000051,"data_set_value_component_JGLU_variable_PGLU":1.2,"data_set_value_component_JGLU_variable_sigma_GLU":0.5,"data_set_value_component_JLAC_variable_JLAC":-0.0623791176,"data_set_value_component_JLAC_variable_PLAC":33.93,"data_set_value_component_JLAC_variable_sigma_LAC":0.5,"data_set_value_component_c_DVR_GLU_variable_c_DVR_GLU":-0.0000000002,"data_set_value_component_c_AVR_GLU_variable_c_AVR_GLU":0.0000000007,"data_set_value_component_c_DVR_LAC_variable_c_DVR_LAC":0.041312064,"data_set_value_component_c_AVR_LAC_variable_c_AVR_LAC":0.000037904,"data_set_value_component_JGLY_variable_JGLY":0.0000029482,"data_set_value_component_JGLY_variable_Vmax":9.1691360433,"data_set_value_component_JGLY_variable_Km":0.1,"data_set_value_component_JGLY_variable_GlyFract":0.2,"data_set_value_component_J_ABS_V_variable_J_ABS_V":66.7098985061,"data_set_value_component_kv_variable_kv":1.3753704065,"data_set_value_component_kv_variable_VolFract":0.3,"data_set_value_component_model_parameters_variable_ksh":1.213,"data_set_value_component_model_parameters_variable_L":4.0,"data_set_value_component_model_parameters_variable_N_0":128.0,"data_set_value_component_model_parameters_variable_x":0.8,"data_set_value_component_model_parameters_variable_F_DVR_G_0":4800.0,"data_set_value_component_model_parameters_variable_F_DVR_V_0":480.0,"data_set_value_component_model_parameters_variable_Jv":0.0388630205,"data_set_value_component_model_parameters_variable_c_DVR_GLU_0":10.0,"data_set_value_component_model_parameters_variable_x_L":0.2,"data_set_value_component_model_parameters_variable_b":4.0},{"data_set_value_component_N_x_variable_N_x":42.9626126368,"data_set_value_component_F_DVR_v_variable_F_DVR_v":1.2080151843,"data_set_value_component_F_DVR_GLU_variable_F_DVR_GLU":0.0000000003,"data_set_value_component_F_DVR_LAC_variable_F_DVR_LAC":0.0558524232,"data_set_value_component_F_AVR_v_variable_F_AVR_v":98.9723532977,"data_set_value_component_F_AVR_GLU_variable_F_AVR_GLU":-0.0000000166,"data_set_value_component_F_AVR_LAC_variable_F_AVR_LAC":0.0041476094,"data_set_value_component_JGLU_variable_JGLU":0.0000000201,"data_set_value_component_JGLU_variable_PGLU":1.2,"data_set_value_component_JGLU_variable_sigma_GLU":0.5,"data_set_value_component_JLAC_variable_JLAC":-0.06108772,"data_set_value_component_JLAC_variable_PLAC":33.93,"data_set_value_component_JLAC_variable_sigma_LAC":0.5,"data_set_value_component_c_DVR_GLU_variable_c_DVR_GLU":0.0000000002,"data_set_value_component_c_AVR_GLU_variable_c_AVR_GLU":-0.0000000002,"data_set_value_component_c_DVR_LAC_variable_c_DVR_LAC":0.0462348685,"data_set_value_component_c_AVR_LAC_variable_c_AVR_LAC":0.0000419067,"data_set_value_component_JGLY_variable_JGLY":-0.00000066,"data_set_value_component_JGLY_variable_Vmax":9.1691360433,"data_set_value_component_JGLY_variable_Km":0.1,"data_set_value_component_JGLY_variable_GlyFract":0.2,"data_set_value_component_J_ABS_V_variable_J_ABS_V":59.0895060063,"data_set_value_component_kv_variable_kv":1.3753704065,"data_set_value_component_kv_variable_VolFract":0.3,"data_set_value_component_model_parameters_variable_ksh":1.213,"data_set_value_component_model_parameters_variable_L":4.0,"data_set_value_component_model_parameters_variable_N_0":128.0,"data_set_value_component_model_parameters_variable_x":0.9,"data_set_value_component_model_parameters_variable_F_DVR_G_0":4800.0,"data_set_value_component_model_parameters_variable_F_DVR_V_0":480.0,"data_set_value_component_model_parameters_variable_Jv":0.0304098565,"data_set_value_component_model_parameters_variable_c_DVR_GLU_0":10.0,"data_set_value_component_model_parameters_variable_x_L":0.225,"data_set_value_component_model_parameters_variable_b":4.0},{"data_set_value_component_N_x_variable_N_x":38.0549156017,"data_set_value_component_F_DVR_v_variable_F_DVR_v":1.0674876819,"data_set_value_component_F_DVR_GLU_variable_F_DVR_GLU":-0.0000000005,"data_set_value_component_F_DVR_LAC_variable_F_DVR_LAC":0.055159559,"data_set_value_component_F_AVR_v_variable_F_AVR_v":104.6775173512,"data_set_value_component_F_AVR_GLU_variable_F_AVR_GLU":0.0000000519,"data_set_value_component_F_AVR_LAC_variable_F_AVR_LAC":0.0048403381,"data_set_value_component_JGLU_variable_JGLU":-0.0000000426,"data_set_value_component_JGLU_variable_PGLU":1.2,"data_set_value_component_JGLU_variable_sigma_GLU":0.5,"data_set_value_component_JLAC_variable_JLAC":-0.0597061428,"data_set_value_component_JLAC_variable_PLAC":33.93,"data_set_value_component_JLAC_variable_sigma_LAC":0.5,"data_set_value_component_c_DVR_GLU_variable_c_DVR_GLU":-0.0000000004,"data_set_value_component_c_AVR_GLU_variable_c_AVR_GLU":0.0000000005,"data_set_value_component_c_DVR_LAC_variable_c_DVR_LAC":0.0516723143,"data_set_value_component_c_AVR_LAC_variable_c_AVR_LAC":0.0000462405,"data_set_value_component_JGLY_variable_JGLY":0.0000017294,"data_set_value_component_JGLY_variable_Vmax":9.1691360433,"data_set_value_component_JGLY_variable_Km":0.1,"data_set_value_component_JGLY_variable_GlyFract":0.2,"data_set_value_component_J_ABS_V_variable_J_ABS_V":52.3396047402,"data_set_value_component_kv_variable_kv":1.3753704065,"data_set_value_component_kv_variable_VolFract":0.3,"data_set_value_component_model_parameters_variable_ksh":1.213,"data_set_value_component_model_parameters_variable_L":4.0,"data_set_value_component_model_parameters_variable_N_0":128.0,"data_set_value_component_model_parameters_variable_x":1.0,"data_set_value_component_model_parameters_variable_F_DVR_G_0":4800.0,"data_set_value_component_model_parameters_variable_F_DVR_V_0":480.0,"data_set_value_component_model_parameters_variable_Jv":0.0238026291,"data_set_value_component_model_parameters_variable_c_DVR_GLU_0":10.0,"data_set_value_component_model_parameters_variable_x_L":0.25,"data_set_value_component_model_parameters_variable_b":4.0}]