[{"data_set_value_component_environment_variable_time":0.0,"data_set_value_component_membrane_variable_V":-38.34146,"data_set_value_component_membrane_variable_R":8314.0,"data_set_value_component_membrane_variable_T":310.0,"data_set_value_component_membrane_variable_F":96485.0,"data_set_value_component_membrane_variable_Cm":1.0,"data_set_value_component_fast_current_variable_i_fast":-96.6401171991,"data_set_value_component_fast_current_variable_g_fast":600.0,"data_set_value_component_fast_current_variable_V_fast":80.0,"data_set_value_component_fast_current_m_gate_variable_m_infinity":0.1850675332,"data_set_value_component_fast_current_m_gate_variable_Vm":-25.0,"data_set_value_component_fast_current_m_gate_variable_Sm":9.0,"data_set_value_component_fast_current_h_gate_variable_h":0.214723,"data_set_value_component_fast_current_h_gate_variable_lamda_h":12.5,"data_set_value_component_fast_current_h_gate_variable_tau_h":0.0320623805,"data_set_value_component_fast_current_h_gate_variable_h_infinity":0.2010424993,"data_set_value_component_fast_current_h_gate_variable_Vh":-48.0,"data_set_value_component_fast_current_h_gate_variable_Sh":-7.0,"data_set_value_component_calcium_current_variable_i_Ca":-28.450014916,"data_set_value_component_calcium_current_variable_K_Ca":1.0,"data_set_value_component_calcium_current_variable_P_Ca":2.0,"data_set_value_component_calcium_current_variable_Ca_o":2500.0,"data_set_value_component_calcium_current_d_gate_variable_d":0.0031711238,"data_set_value_component_calcium_current_d_gate_variable_lamda_d":2.5,"data_set_value_component_calcium_current_d_gate_variable_tau_d":0.0234265674,"data_set_value_component_calcium_current_d_gate_variable_d_infinity":0.0034418719,"data_set_value_component_calcium_current_d_gate_variable_Vd":-10.0,"data_set_value_component_calcium_current_d_gate_variable_Sd":5.0,"data_set_value_component_calcium_current_f_gate_variable_f_infinity":0.5896412069,"data_set_value_component_cationic_nonselective_inward_current_variable_i_NS":-6.2410701746,"data_set_value_component_cationic_nonselective_inward_current_variable_g_NS":5.0,"data_set_value_component_cationic_nonselective_inward_current_variable_K_NS":50.0,"data_set_value_component_cationic_nonselective_inward_current_variable_VNS":-20.0,"data_set_value_component_delayed_rectifier_K_channel_current_variable_i_K_dr":25.0148779918,"data_set_value_component_delayed_rectifier_K_channel_current_variable_V_K":-75.0,"data_set_value_component_delayed_rectifier_K_channel_current_variable_g_K_dr":600.0,"data_set_value_component_delayed_rectifier_K_channel_current_n_gate_variable_n":0.1836403,"data_set_value_component_delayed_rectifier_K_channel_current_n_gate_variable_lamda_n":12.5,"data_set_value_component_delayed_rectifier_K_channel_current_n_gate_variable_Vn":-18.0,"data_set_value_component_delayed_rectifier_K_channel_current_n_gate_variable_Sn":14.0,"data_set_value_component_delayed_rectifier_K_channel_current_n_gate_variable_n_infinity":0.1895462176,"data_set_value_component_delayed_rectifier_K_channel_current_n_gate_variable_tau_n":0.0313553516,"data_set_value_component_Ca_sensitive_K_current_variable_i_K_Ca":46.2079655277,"data_set_value_component_Ca_sensitive_K_current_variable_g_K_Ca":5.0,"data_set_value_component_ATP_sensitive_K_current_variable_i_K_ATP":73.31708,"data_set_value_component_ATP_sensitive_K_current_variable_g_K_ATP":2.0,"data_set_value_component_Na_leak_current_variable_i_NaL":-35.502438,"data_set_value_component_Na_leak_current_variable_g_NaL":0.3,"data_set_value_component_Na_leak_current_variable_V_Na":80.0,"data_set_value_component_cytosolic_calcium_variable_Ca_i":0.6959466,"data_set_value_component_cytosolic_calcium_variable_Ca_lum":102.686,"data_set_value_component_cytosolic_calcium_variable_k_rel":0.2,"data_set_value_component_cytosolic_calcium_variable_k_Ca":7.0,"data_set_value_component_cytosolic_calcium_variable_k_pump":30.0,"data_set_value_component_cytosolic_calcium_variable_omega":0.2},{"data_set_value_component_environment_variable_time":0.1,"data_set_value_component_membrane_variable_V":-34.3244776518,"data_set_value_component_membrane_variable_R":8314.0,"data_set_value_component_membrane_variable_T":310.0,"data_set_value_component_membrane_variable_F":96485.0,"data_set_value_component_membrane_variable_Cm":1.0,"data_set_value_component_fast_current_variable_i_fast":-184.4968281909,"data_set_value_component_fast_current_variable_g_fast":600.0,"data_set_value_component_fast_current_variable_V_fast":80.0,"data_set_value_component_fast_current_m_gate_variable_m_infinity":0.2619122739,"data_set_value_component_fast_current_m_gate_variable_Vm":-25.0,"data_set_value_component_fast_current_m_gate_variable_Sm":9.0,"data_set_value_component_fast_current_h_gate_variable_h":0.149703128,"data_set_value_component_fast_current_h_gate_variable_lamda_h":12.5,"data_set_value_component_fast_current_h_gate_variable_tau_h":0.0263807859,"data_set_value_component_fast_current_h_gate_variable_h_infinity":0.1241563375,"data_set_value_component_fast_current_h_gate_variable_Vh":-48.0,"data_set_value_component_fast_current_h_gate_variable_Sh":-7.0,"data_set_value_component_calcium_current_variable_i_Ca":-45.3585025126,"data_set_value_component_calcium_current_variable_K_Ca":1.0,"data_set_value_component_calcium_current_variable_P_Ca":2.0,"data_set_value_component_calcium_current_variable_Ca_o":2500.0,"data_set_value_component_calcium_current_d_gate_variable_d":0.005747944,"data_set_value_component_calcium_current_d_gate_variable_lamda_d":2.5,"data_set_value_component_calcium_current_d_gate_variable_tau_d":0.0348597803,"data_set_value_component_calcium_current_d_gate_variable_d_infinity":0.0076536044,"data_set_value_component_calcium_current_d_gate_variable_Vd":-10.0,"data_set_value_component_calcium_current_d_gate_variable_Sd":5.0,"data_set_value_component_calcium_current_f_gate_variable_f_infinity":0.5671293531,"data_set_value_component_cationic_nonselective_inward_current_variable_i_NS":-5.2676213342,"data_set_value_component_cationic_nonselective_inward_current_variable_g_NS":5.0,"data_set_value_component_cationic_nonselective_inward_current_variable_K_NS":50.0,"data_set_value_component_cationic_nonselective_inward_current_variable_VNS":-20.0,"data_set_value_component_delayed_rectifier_K_channel_current_variable_i_K_dr":54.4753392211,"data_set_value_component_delayed_rectifier_K_channel_current_variable_V_K":-75.0,"data_set_value_component_delayed_rectifier_K_channel_current_variable_g_K_dr":600.0,"data_set_value_component_delayed_rectifier_K_channel_current_n_gate_variable_n":0.2173596312,"data_set_value_component_delayed_rectifier_K_channel_current_n_gate_variable_lamda_n":12.5,"data_set_value_component_delayed_rectifier_K_channel_current_n_gate_variable_Vn":-18.0,"data_set_value_component_delayed_rectifier_K_channel_current_n_gate_variable_Sn":14.0,"data_set_value_component_delayed_rectifier_K_channel_current_n_gate_variable_n_infinity":0.237572584,"data_set_value_component_delayed_rectifier_K_channel_current_n_gate_variable_tau_n":0.0340476702,"data_set_value_component_Ca_sensitive_K_current_variable_i_K_Ca":62.5987322709,"data_set_value_component_Ca_sensitive_K_current_variable_g_K_Ca":5.0,"data_set_value_component_ATP_sensitive_K_current_variable_i_K_ATP":81.3510446964,"data_set_value_component_ATP_sensitive_K_current_variable_g_K_ATP":2.0,"data_set_value_component_Na_leak_current_variable_i_NaL":-34.2973432955,"data_set_value_component_Na_leak_current_variable_g_NaL":0.3,"data_set_value_component_Na_leak_current_variable_V_Na":80.0,"data_set_value_component_cytosolic_calcium_variable_Ca_i":0.7632661658,"data_set_value_component_cytosolic_calcium_variable_Ca_lum":102.8134011099,"data_set_value_component_cytosolic_calcium_variable_k_rel":0.2,"data_set_value_component_cytosolic_calcium_variable_k_Ca":7.0,"data_set_value_component_cytosolic_calcium_variable_k_pump":30.0,"data_set_value_component_cytosolic_calcium_variable_omega":0.2},{"data_set_value_component_environment_variable_time":0.2,"data_set_value_component_membrane_variable_V":-27.1867090054,"data_set_value_component_membrane_variable_R":8314.0,"data_set_value_component_membrane_variable_T":310.0,"data_set_value_component_membrane_variable_F":96485.0,"data_set_value_component_membrane_variable_Cm":1.0,"data_set_value_component_fast_current_variable_i_fast":-252.0815508467,"data_set_value_component_fast_current_variable_g_fast":600.0,"data_set_value_component_fast_current_variable_V_fast":80.0,"data_set_value_component_fast_current_m_gate_variable_m_infinity":0.4395551459,"data_set_value_component_fast_current_m_gate_variable_Vm":-25.0,"data_set_value_component_fast_current_m_gate_variable_Sm":9.0,"data_set_value_component_fast_current_h_gate_variable_h":0.0461539387,"data_set_value_component_fast_current_h_gate_variable_lamda_h":12.5,"data_set_value_component_fast_current_h_gate_variable_tau_h":0.0172100663,"data_set_value_component_fast_current_h_gate_variable_h_infinity":0.0486455077,"data_set_value_component_fast_current_h_gate_variable_Vh":-48.0,"data_set_value_component_fast_current_h_gate_variable_Sh":-7.0,"data_set_value_component_calcium_current_variable_i_Ca":-127.6933740891,"data_set_value_component_calcium_current_variable_K_Ca":1.0,"data_set_value_component_calcium_current_variable_P_Ca":2.0,"data_set_value_component_calcium_current_variable_Ca_o":2500.0,"data_set_value_component_calcium_current_d_gate_variable_d":0.0228261056,"data_set_value_component_calcium_current_d_gate_variable_lamda_d":2.5,"data_set_value_component_calcium_current_d_gate_variable_tau_d":0.0694876896,"data_set_value_component_calcium_current_d_gate_variable_d_infinity":0.0311486044,"data_set_value_component_calcium_current_d_gate_variable_Vd":-10.0,"data_set_value_component_calcium_current_d_gate_variable_Sd":5.0,"data_set_value_component_calcium_current_f_gate_variable_f_infinity":0.477892014,"data_set_value_component_cationic_nonselective_inward_current_variable_i_NS":-2.9994471411,"data_set_value_component_cationic_nonselective_inward_current_variable_g_NS":5.0,"data_set_value_component_cationic_nonselective_inward_current_variable_K_NS":50.0,"data_set_value_component_cationic_nonselective_inward_current_variable_VNS":-20.0,"data_set_value_component_delayed_rectifier_K_channel_current_variable_i_K_dr":331.9437631748,"data_set_value_component_delayed_rectifier_K_channel_current_variable_V_K":-75.0,"data_set_value_component_delayed_rectifier_K_channel_current_variable_g_K_dr":600.0,"data_set_value_component_delayed_rectifier_K_channel_current_n_gate_variable_n":0.3279753139,"data_set_value_component_delayed_rectifier_K_channel_current_n_gate_variable_lamda_n":12.5,"data_set_value_component_delayed_rectifier_K_channel_current_n_gate_variable_Vn":-18.0,"data_set_value_component_delayed_rectifier_K_channel_current_n_gate_variable_Sn":14.0,"data_set_value_component_delayed_rectifier_K_channel_current_n_gate_variable_n_infinity":0.3415952065,"data_set_value_component_delayed_rectifier_K_channel_current_n_gate_variable_tau_n":0.0379395664,"data_set_value_component_Ca_sensitive_K_current_variable_i_K_Ca":135.3068790985,"data_set_value_component_Ca_sensitive_K_current_variable_g_K_Ca":5.0,"data_set_value_component_ATP_sensitive_K_current_variable_i_K_ATP":95.6265819892,"data_set_value_component_ATP_sensitive_K_current_variable_g_K_ATP":2.0,"data_set_value_component_Na_leak_current_variable_i_NaL":-32.1560127016,"data_set_value_component_Na_leak_current_variable_g_NaL":0.3,"data_set_value_component_Na_leak_current_variable_V_Na":80.0,"data_set_value_component_cytosolic_calcium_variable_Ca_i":1.0925229357,"data_set_value_component_cytosolic_calcium_variable_Ca_lum":103.424522301,"data_set_value_component_cytosolic_calcium_variable_k_rel":0.2,"data_set_value_component_cytosolic_calcium_variable_k_Ca":7.0,"data_set_value_component_cytosolic_calcium_variable_k_pump":30.0,"data_set_value_component_cytosolic_calcium_variable_omega":0.2},{"data_set_value_component_environment_variable_time":0.3,"data_set_value_component_membrane_variable_V":-38.894485026,"data_set_value_component_membrane_variable_R":8314.0,"data_set_value_component_membrane_variable_T":310.0,"data_set_value_component_membrane_variable_F":96485.0,"data_set_value_component_membrane_variable_Cm":1.0,"data_set_value_component_fast_current_variable_i_fast":-66.2609870239,"data_set_value_component_fast_current_variable_g_fast":600.0,"data_set_value_component_fast_current_variable_V_fast":80.0,"data_set_value_component_fast_current_m_gate_variable_m_infinity":0.175978953,"data_set_value_component_fast_current_m_gate_variable_Vm":-25.0,"data_set_value_component_fast_current_m_gate_variable_Sm":9.0,"data_set_value_component_fast_current_h_gate_variable_h":0.1704365568,"data_set_value_component_fast_current_h_gate_variable_lamda_h":12.5,"data_set_value_component_fast_current_h_gate_variable_tau_h":0.0328119551,"data_set_value_component_fast_current_h_gate_variable_h_infinity":0.2140324524,"data_set_value_component_fast_current_h_gate_variable_Vh":-48.0,"data_set_value_component_fast_current_h_gate_variable_Sh":-7.0,"data_set_value_component_calcium_current_variable_i_Ca":-43.4791655577,"data_set_value_component_calcium_current_variable_K_Ca":1.0,"data_set_value_component_calcium_current_variable_P_Ca":2.0,"data_set_value_component_calcium_current_variable_Ca_o":2500.0,"data_set_value_component_calcium_current_d_gate_variable_d":0.0054548622,"data_set_value_component_calcium_current_d_gate_variable_lamda_d":2.5,"data_set_value_component_calcium_current_d_gate_variable_tau_d":0.0221741832,"data_set_value_component_calcium_current_d_gate_variable_d_infinity":0.0030825924,"data_set_value_component_calcium_current_d_gate_variable_Vd":-10.0,"data_set_value_component_calcium_current_d_gate_variable_Sd":5.0,"data_set_value_component_calcium_current_f_gate_variable_f_infinity":0.5176726753,"data_set_value_component_cationic_nonselective_inward_current_variable_i_NS":-6.1589603201,"data_set_value_component_cationic_nonselective_inward_current_variable_g_NS":5.0,"data_set_value_component_cationic_nonselective_inward_current_variable_K_NS":50.0,"data_set_value_component_cationic_nonselective_inward_current_variable_VNS":-20.0,"data_set_value_component_delayed_rectifier_K_channel_current_variable_i_K_dr":45.0809588281,"data_set_value_component_delayed_rectifier_K_channel_current_variable_V_K":-75.0,"data_set_value_component_delayed_rectifier_K_channel_current_variable_g_K_dr":600.0,"data_set_value_component_delayed_rectifier_K_channel_current_n_gate_variable_n":0.2135831993,"data_set_value_component_delayed_rectifier_K_channel_current_n_gate_variable_lamda_n":12.5,"data_set_value_component_delayed_rectifier_K_channel_current_n_gate_variable_Vn":-18.0,"data_set_value_component_delayed_rectifier_K_channel_current_n_gate_variable_Sn":14.0,"data_set_value_component_delayed_rectifier_K_channel_current_n_gate_variable_n_infinity":0.1835523,"data_set_value_component_delayed_rectifier_K_channel_current_n_gate_variable_tau_n":0.0309694924,"data_set_value_component_Ca_sensitive_K_current_variable_i_K_Ca":80.72433879,"data_set_value_component_Ca_sensitive_K_current_variable_g_K_Ca":5.0,"data_set_value_component_ATP_sensitive_K_current_variable_i_K_ATP":72.211029948,"data_set_value_component_ATP_sensitive_K_current_variable_g_K_ATP":2.0,"data_set_value_component_Na_leak_current_variable_i_NaL":-35.6683455078,"data_set_value_component_Na_leak_current_variable_g_NaL":0.3,"data_set_value_component_Na_leak_current_variable_V_Na":80.0,"data_set_value_component_cytosolic_calcium_variable_Ca_i":0.9317225881,"data_set_value_component_cytosolic_calcium_variable_Ca_lum":104.7235580214,"data_set_value_component_cytosolic_calcium_variable_k_rel":0.2,"data_set_value_component_cytosolic_calcium_variable_k_Ca":7.0,"data_set_value_component_cytosolic_calcium_variable_k_pump":30.0,"data_set_value_component_cytosolic_calcium_variable_omega":0.2},{"data_set_value_component_environment_variable_time":0.4,"data_set_value_component_membrane_variable_V":-40.9842940651,"data_set_value_component_membrane_variable_R":8314.0,"data_set_value_component_membrane_variable_T":310.0,"data_set_value_component_membrane_variable_F":96485.0,"data_set_value_component_membrane_variable_Cm":1.0,"data_set_value_component_fast_current_variable_i_fast":-55.9814913675,"data_set_value_component_fast_current_variable_g_fast":600.0,"data_set_value_component_fast_current_variable_V_fast":80.0,"data_set_value_component_fast_current_m_gate_variable_m_infinity":0.1447937101,"data_set_value_component_fast_current_m_gate_variable_Vm":-25.0,"data_set_value_component_fast_current_m_gate_variable_Sm":9.0,"data_set_value_component_fast_current_h_gate_variable_h":0.2540476194,"data_set_value_component_fast_current_h_gate_variable_lamda_h":12.5,"data_set_value_component_fast_current_h_gate_variable_tau_h":0.0354543525,"data_set_value_component_fast_current_h_gate_variable_h_infinity":0.268500511,"data_set_value_component_fast_current_h_gate_variable_Vh":-48.0,"data_set_value_component_fast_current_h_gate_variable_Sh":-7.0,"data_set_value_component_calcium_current_variable_i_Ca":-20.2476721557,"data_set_value_component_calcium_current_variable_K_Ca":1.0,"data_set_value_component_calcium_current_variable_P_Ca":2.0,"data_set_value_component_calcium_current_variable_Ca_o":2500.0,"data_set_value_component_calcium_current_d_gate_variable_d":0.0021273122,"data_set_value_component_calcium_current_d_gate_variable_lamda_d":2.5,"data_set_value_component_calcium_current_d_gate_variable_tau_d":0.018011337,"data_set_value_component_calcium_current_d_gate_variable_d_infinity":0.0020316794,"data_set_value_component_calcium_current_d_gate_variable_Vd":-10.0,"data_set_value_component_calcium_current_d_gate_variable_Sd":5.0,"data_set_value_component_calcium_current_f_gate_variable_f_infinity":0.5915210278,"data_set_value_component_cationic_nonselective_inward_current_variable_i_NS":-6.5349611114,"data_set_value_component_cationic_nonselective_inward_current_variable_g_NS":5.0,"data_set_value_component_cationic_nonselective_inward_current_variable_K_NS":50.0,"data_set_value_component_cationic_nonselective_inward_current_variable_VNS":-20.0,"data_set_value_component_delayed_rectifier_K_channel_current_variable_i_K_dr":15.8439815366,"data_set_value_component_delayed_rectifier_K_channel_current_variable_V_K":-75.0,"data_set_value_component_delayed_rectifier_K_channel_current_variable_g_K_dr":600.0,"data_set_value_component_delayed_rectifier_K_channel_current_n_gate_variable_n":0.1669200081,"data_set_value_component_delayed_rectifier_K_channel_current_n_gate_variable_lamda_n":12.5,"data_set_value_component_delayed_rectifier_K_channel_current_n_gate_variable_Vn":-18.0,"data_set_value_component_delayed_rectifier_K_channel_current_n_gate_variable_Sn":14.0,"data_set_value_component_delayed_rectifier_K_channel_current_n_gate_variable_n_infinity":0.1622290796,"data_set_value_component_delayed_rectifier_K_channel_current_n_gate_variable_tau_n":0.0294928662,"data_set_value_component_Ca_sensitive_K_current_variable_i_K_Ca":42.1330936932,"data_set_value_component_Ca_sensitive_K_current_variable_g_K_Ca":5.0,"data_set_value_component_ATP_sensitive_K_current_variable_i_K_ATP":68.0314118697,"data_set_value_component_ATP_sensitive_K_current_variable_g_K_ATP":2.0,"data_set_value_component_Na_leak_current_variable_i_NaL":-36.2952882195,"data_set_value_component_Na_leak_current_variable_g_NaL":0.3,"data_set_value_component_Na_leak_current_variable_V_Na":80.0,"data_set_value_component_cytosolic_calcium_variable_Ca_i":0.690556976,"data_set_value_component_cytosolic_calcium_variable_Ca_lum":104.9606615874,"data_set_value_component_cytosolic_calcium_variable_k_rel":0.2,"data_set_value_component_cytosolic_calcium_variable_k_Ca":7.0,"data_set_value_component_cytosolic_calcium_variable_k_pump":30.0,"data_set_value_component_cytosolic_calcium_variable_omega":0.2},{"data_set_value_component_environment_variable_time":0.5,"data_set_value_component_membrane_variable_V":-41.3683930998,"data_set_value_component_membrane_variable_R":8314.0,"data_set_value_component_membrane_variable_T":310.0,"data_set_value_component_membrane_variable_F":96485.0,"data_set_value_component_membrane_variable_Cm":1.0,"data_set_value_component_fast_current_variable_i_fast":-54.580499113,"data_set_value_component_fast_current_variable_g_fast":600.0,"data_set_value_component_fast_current_variable_V_fast":80.0,"data_set_value_component_fast_current_m_gate_variable_m_infinity":0.1395886934,"data_set_value_component_fast_current_m_gate_variable_Vm":-25.0,"data_set_value_component_fast_current_m_gate_variable_Sm":9.0,"data_set_value_component_fast_current_h_gate_variable_h":0.2755687234,"data_set_value_component_fast_current_h_gate_variable_lamda_h":12.5,"data_set_value_component_fast_current_h_gate_variable_tau_h":0.0358968853,"data_set_value_component_fast_current_h_gate_variable_h_infinity":0.2794135576,"data_set_value_component_fast_current_h_gate_variable_Vh":-48.0,"data_set_value_component_fast_current_h_gate_variable_Sh":-7.0,"data_set_value_component_calcium_current_variable_i_Ca":-18.5038098029,"data_set_value_component_calcium_current_variable_K_Ca":1.0,"data_set_value_component_calcium_current_variable_P_Ca":2.0,"data_set_value_component_calcium_current_variable_Ca_o":2500.0,"data_set_value_component_calcium_current_d_gate_variable_d":0.0019002184,"data_set_value_component_calcium_current_d_gate_variable_lamda_d":2.5,"data_set_value_component_calcium_current_d_gate_variable_tau_d":0.0173352453,"data_set_value_component_calcium_current_d_gate_variable_d_infinity":0.001881733,"data_set_value_component_calcium_current_d_gate_variable_Vd":-10.0,"data_set_value_component_calcium_current_d_gate_variable_Sd":5.0,"data_set_value_component_calcium_current_f_gate_variable_f_infinity":0.6003883153,"data_set_value_component_cationic_nonselective_inward_current_variable_i_NS":-6.6098746115,"data_set_value_component_cationic_nonselective_inward_current_variable_g_NS":5.0,"data_set_value_component_cationic_nonselective_inward_current_variable_K_NS":50.0,"data_set_value_component_cationic_nonselective_inward_current_variable_VNS":-20.0,"data_set_value_component_delayed_rectifier_K_channel_current_variable_i_K_dr":13.0595025925,"data_set_value_component_delayed_rectifier_K_channel_current_variable_V_K":-75.0,"data_set_value_component_delayed_rectifier_K_channel_current_variable_g_K_dr":600.0,"data_set_value_component_delayed_rectifier_K_channel_current_n_gate_variable_n":0.1594986244,"data_set_value_component_delayed_rectifier_K_channel_current_n_gate_variable_lamda_n":12.5,"data_set_value_component_delayed_rectifier_K_channel_current_n_gate_variable_Vn":-18.0,"data_set_value_component_delayed_rectifier_K_channel_current_n_gate_variable_Sn":14.0,"data_set_value_component_delayed_rectifier_K_channel_current_n_gate_variable_n_infinity":0.1585347459,"data_set_value_component_delayed_rectifier_K_channel_current_n_gate_variable_tau_n":0.0292193339,"data_set_value_component_Ca_sensitive_K_current_variable_i_K_Ca":38.2923657094,"data_set_value_component_Ca_sensitive_K_current_variable_g_K_Ca":5.0,"data_set_value_component_ATP_sensitive_K_current_variable_i_K_ATP":67.2632138004,"data_set_value_component_ATP_sensitive_K_current_variable_g_K_ATP":2.0,"data_set_value_component_Na_leak_current_variable_i_NaL":-36.4105179299,"data_set_value_component_Na_leak_current_variable_g_NaL":0.3,"data_set_value_component_Na_leak_current_variable_V_Na":80.0,"data_set_value_component_cytosolic_calcium_variable_Ca_i":0.6655887108,"data_set_value_component_cytosolic_calcium_variable_Ca_lum":104.8968906009,"data_set_value_component_cytosolic_calcium_variable_k_rel":0.2,"data_set_value_component_cytosolic_calcium_variable_k_Ca":7.0,"data_set_value_component_cytosolic_calcium_variable_k_pump":30.0,"data_set_value_component_cytosolic_calcium_variable_omega":0.2},{"data_set_value_component_environment_variable_time":0.6,"data_set_value_component_membrane_variable_V":-41.6267524681,"data_set_value_component_membrane_variable_R":8314.0,"data_set_value_component_membrane_variable_T":310.0,"data_set_value_component_membrane_variable_F":96485.0,"data_set_value_component_membrane_variable_Cm":1.0,"data_set_value_component_fast_current_variable_i_fast":-52.3399995604,"data_set_value_component_fast_current_variable_g_fast":600.0,"data_set_value_component_fast_current_variable_V_fast":80.0,"data_set_value_component_fast_current_m_gate_variable_m_infinity":0.1361764631,"data_set_value_component_fast_current_m_gate_variable_Vm":-25.0,"data_set_value_component_fast_current_m_gate_variable_Sm":9.0,"data_set_value_component_fast_current_h_gate_variable_h":0.2840188753,"data_set_value_component_fast_current_h_gate_variable_lamda_h":12.5,"data_set_value_component_fast_current_h_gate_variable_tau_h":0.0361853436,"data_set_value_component_fast_current_h_gate_variable_h_infinity":0.2869049116,"data_set_value_component_fast_current_h_gate_variable_Vh":-48.0,"data_set_value_component_fast_current_h_gate_variable_Sh":-7.0,"data_set_value_component_calcium_current_variable_i_Ca":-17.7203570071,"data_set_value_component_calcium_current_variable_K_Ca":1.0,"data_set_value_component_calcium_current_variable_P_Ca":2.0,"data_set_value_component_calcium_current_variable_Ca_o":2500.0,"data_set_value_component_calcium_current_d_gate_variable_d":0.0018040593,"data_set_value_component_calcium_current_d_gate_variable_lamda_d":2.5,"data_set_value_component_calcium_current_d_gate_variable_tau_d":0.0168947101,"data_set_value_component_calcium_current_d_gate_variable_d_infinity":0.0017871391,"data_set_value_component_calcium_current_d_gate_variable_Vd":-10.0,"data_set_value_component_calcium_current_d_gate_variable_Sd":5.0,"data_set_value_component_calcium_current_f_gate_variable_f_infinity":0.6024009578,"data_set_value_component_cationic_nonselective_inward_current_variable_i_NS":-6.6650176923,"data_set_value_component_cationic_nonselective_inward_current_variable_g_NS":5.0,"data_set_value_component_cationic_nonselective_inward_current_variable_K_NS":50.0,"data_set_value_component_cationic_nonselective_inward_current_variable_VNS":-20.0,"data_set_value_component_delayed_rectifier_K_channel_current_variable_i_K_dr":12.1162984441,"data_set_value_component_delayed_rectifier_K_channel_current_variable_V_K":-75.0,"data_set_value_component_delayed_rectifier_K_channel_current_variable_g_K_dr":600.0,"data_set_value_component_delayed_rectifier_K_channel_current_n_gate_variable_n":0.1568393597,"data_set_value_component_delayed_rectifier_K_channel_current_n_gate_variable_lamda_n":12.5,"data_set_value_component_delayed_rectifier_K_channel_current_n_gate_variable_Vn":-18.0,"data_set_value_component_delayed_rectifier_K_channel_current_n_gate_variable_Sn":14.0,"data_set_value_component_delayed_rectifier_K_channel_current_n_gate_variable_n_infinity":0.1560884079,"data_set_value_component_delayed_rectifier_K_channel_current_n_gate_variable_tau_n":0.0290351309,"data_set_value_component_Ca_sensitive_K_current_variable_i_K_Ca":37.2641370215,"data_set_value_component_Ca_sensitive_K_current_variable_g_K_Ca":5.0,"data_set_value_component_ATP_sensitive_K_current_variable_i_K_ATP":66.7464950639,"data_set_value_component_ATP_sensitive_K_current_variable_g_K_ATP":2.0,"data_set_value_component_Na_leak_current_variable_i_NaL":-36.4880257404,"data_set_value_component_Na_leak_current_variable_g_NaL":0.3,"data_set_value_component_Na_leak_current_variable_V_Na":80.0,"data_set_value_component_cytosolic_calcium_variable_Ca_i":0.660023921,"data_set_value_component_cytosolic_calcium_variable_Ca_lum":104.8008797093,"data_set_value_component_cytosolic_calcium_variable_k_rel":0.2,"data_set_value_component_cytosolic_calcium_variable_k_Ca":7.0,"data_set_value_component_cytosolic_calcium_variable_k_pump":30.0,"data_set_value_component_cytosolic_calcium_variable_omega":0.2},{"data_set_value_component_environment_variable_time":0.7,"data_set_value_component_membrane_variable_V":-41.9805942151,"data_set_value_component_membrane_variable_R":8314.0,"data_set_value_component_membrane_variable_T":310.0,"data_set_value_component_membrane_variable_F":96485.0,"data_set_value_component_membrane_variable_Cm":1.0,"data_set_value_component_fast_current_variable_i_fast":-48.9443958139,"data_set_value_component_fast_current_variable_g_fast":600.0,"data_set_value_component_fast_current_variable_V_fast":80.0,"data_set_value_component_fast_current_m_gate_variable_m_infinity":0.131617455,"data_set_value_component_fast_current_m_gate_variable_Vm":-25.0,"data_set_value_component_fast_current_m_gate_variable_Sm":9.0,"data_set_value_component_fast_current_h_gate_variable_h":0.2933057047,"data_set_value_component_fast_current_h_gate_variable_lamda_h":12.5,"data_set_value_component_fast_current_h_gate_variable_tau_h":0.0365676007,"data_set_value_component_fast_current_h_gate_variable_h_infinity":0.2973570815,"data_set_value_component_fast_current_h_gate_variable_Vh":-48.0,"data_set_value_component_fast_current_h_gate_variable_Sh":-7.0,"data_set_value_component_calcium_current_variable_i_Ca":-16.7500352191,"data_set_value_component_calcium_current_variable_K_Ca":1.0,"data_set_value_component_calcium_current_variable_P_Ca":2.0,"data_set_value_component_calcium_current_variable_Ca_o":2500.0,"data_set_value_component_calcium_current_d_gate_variable_d":0.0016874051,"data_set_value_component_calcium_current_d_gate_variable_lamda_d":2.5,"data_set_value_component_calcium_current_d_gate_variable_tau_d":0.0163093489,"data_set_value_component_calcium_current_d_gate_variable_d_infinity":0.0016652409,"data_set_value_component_calcium_current_d_gate_variable_Vd":-10.0,"data_set_value_component_calcium_current_d_gate_variable_Sd":5.0,"data_set_value_component_calcium_current_f_gate_variable_f_infinity":0.6043801591,"data_set_value_component_cationic_nonselective_inward_current_variable_i_NS":-6.7374205803,"data_set_value_component_cationic_nonselective_inward_current_variable_g_NS":5.0,"data_set_value_component_cationic_nonselective_inward_current_variable_K_NS":50.0,"data_set_value_component_cationic_nonselective_inward_current_variable_VNS":-20.0,"data_set_value_component_delayed_rectifier_K_channel_current_variable_i_K_dr":11.090460556,"data_set_value_component_delayed_rectifier_K_channel_current_variable_V_K":-75.0,"data_set_value_component_delayed_rectifier_K_channel_current_variable_g_K_dr":600.0,"data_set_value_component_delayed_rectifier_K_channel_current_n_gate_variable_n":0.1538180387,"data_set_value_component_delayed_rectifier_K_channel_current_n_gate_variable_lamda_n":12.5,"data_set_value_component_delayed_rectifier_K_channel_current_n_gate_variable_Vn":-18.0,"data_set_value_component_delayed_rectifier_K_channel_current_n_gate_variable_Sn":14.0,"data_set_value_component_delayed_rectifier_K_channel_current_n_gate_variable_n_infinity":0.1527880042,"data_set_value_component_delayed_rectifier_K_channel_current_n_gate_variable_tau_n":0.0287826425,"data_set_value_component_Ca_sensitive_K_current_variable_i_K_Ca":36.1634355673,"data_set_value_component_Ca_sensitive_K_current_variable_g_K_Ca":5.0,"data_set_value_component_ATP_sensitive_K_current_variable_i_K_ATP":66.0388115698,"data_set_value_component_ATP_sensitive_K_current_variable_g_K_ATP":2.0,"data_set_value_component_Na_leak_current_variable_i_NaL":-36.5941782645,"data_set_value_component_Na_leak_current_variable_g_NaL":0.3,"data_set_value_component_Na_leak_current_variable_V_Na":80.0,"data_set_value_component_cytosolic_calcium_variable_Ca_i":0.6545877373,"data_set_value_component_cytosolic_calcium_variable_Ca_lum":104.6913514599,"data_set_value_component_cytosolic_calcium_variable_k_rel":0.2,"data_set_value_component_cytosolic_calcium_variable_k_Ca":7.0,"data_set_value_component_cytosolic_calcium_variable_k_pump":30.0,"data_set_value_component_cytosolic_calcium_variable_omega":0.2},{"data_set_value_component_environment_variable_time":0.8,"data_set_value_component_membrane_variable_V":-42.4982794052,"data_set_value_component_membrane_variable_R":8314.0,"data_set_value_component_membrane_variable_T":310.0,"data_set_value_component_membrane_variable_F":96485.0,"data_set_value_component_membrane_variable_Cm":1.0,"data_set_value_component_fast_current_variable_i_fast":-44.2514686606,"data_set_value_component_fast_current_variable_g_fast":600.0,"data_set_value_component_fast_current_variable_V_fast":80.0,"data_set_value_component_fast_current_m_gate_variable_m_infinity":0.1251813341,"data_set_value_component_fast_current_m_gate_variable_Vm":-25.0,"data_set_value_component_fast_current_m_gate_variable_Sm":9.0,"data_set_value_component_fast_current_h_gate_variable_h":0.3069217906,"data_set_value_component_fast_current_h_gate_variable_lamda_h":12.5,"data_set_value_component_fast_current_h_gate_variable_tau_h":0.0370983344,"data_set_value_component_fast_current_h_gate_variable_h_infinity":0.3130367751,"data_set_value_component_fast_current_h_gate_variable_Vh":-48.0,"data_set_value_component_fast_current_h_gate_variable_Sh":-7.0,"data_set_value_component_calcium_current_variable_i_Ca":-15.412145553,"data_set_value_component_calcium_current_variable_K_Ca":1.0,"data_set_value_component_calcium_current_variable_P_Ca":2.0,"data_set_value_component_calcium_current_variable_Ca_o":2500.0,"data_set_value_component_calcium_current_d_gate_variable_d":0.0015295724,"data_set_value_component_calcium_current_d_gate_variable_lamda_d":2.5,"data_set_value_component_calcium_current_d_gate_variable_tau_d":0.0154890571,"data_set_value_component_calcium_current_d_gate_variable_d_infinity":0.0015016982,"data_set_value_component_calcium_current_d_gate_variable_Vd":-10.0,"data_set_value_component_calcium_current_d_gate_variable_Sd":5.0,"data_set_value_component_calcium_current_f_gate_variable_f_infinity":0.6070546313,"data_set_value_component_cationic_nonselective_inward_current_variable_i_NS":-6.8379486093,"data_set_value_component_cationic_nonselective_inward_current_variable_g_NS":5.0,"data_set_value_component_cationic_nonselective_inward_current_variable_K_NS":50.0,"data_set_value_component_cationic_nonselective_inward_current_variable_VNS":-20.0,"data_set_value_component_delayed_rectifier_K_channel_current_variable_i_K_dr":9.7443912112,"data_set_value_component_delayed_rectifier_K_channel_current_variable_V_K":-75.0,"data_set_value_component_delayed_rectifier_K_channel_current_variable_g_K_dr":600.0,"data_set_value_component_delayed_rectifier_K_channel_current_n_gate_variable_n":0.1495113893,"data_set_value_component_delayed_rectifier_K_channel_current_n_gate_variable_lamda_n":12.5,"data_set_value_component_delayed_rectifier_K_channel_current_n_gate_variable_Vn":-18.0,"data_set_value_component_delayed_rectifier_K_channel_current_n_gate_variable_Sn":14.0,"data_set_value_component_delayed_rectifier_K_channel_current_n_gate_variable_n_infinity":0.1480626999,"data_set_value_component_delayed_rectifier_K_channel_current_n_gate_variable_tau_n":0.0284129702,"data_set_value_component_Ca_sensitive_K_current_variable_i_K_Ca":34.6713418874,"data_set_value_component_Ca_sensitive_K_current_variable_g_K_Ca":5.0,"data_set_value_component_ATP_sensitive_K_current_variable_i_K_ATP":65.0034411896,"data_set_value_component_ATP_sensitive_K_current_variable_g_K_ATP":2.0,"data_set_value_component_Na_leak_current_variable_i_NaL":-36.7494838216,"data_set_value_component_Na_leak_current_variable_g_NaL":0.3,"data_set_value_component_Na_leak_current_variable_V_Na":80.0,"data_set_value_component_cytosolic_calcium_variable_Ca_i":0.6472981976,"data_set_value_component_cytosolic_calcium_variable_Ca_lum":104.5651489615,"data_set_value_component_cytosolic_calcium_variable_k_rel":0.2,"data_set_value_component_cytosolic_calcium_variable_k_Ca":7.0,"data_set_value_component_cytosolic_calcium_variable_k_pump":30.0,"data_set_value_component_cytosolic_calcium_variable_omega":0.2},{"data_set_value_component_environment_variable_time":0.9,"data_set_value_component_membrane_variable_V":-43.2271600388,"data_set_value_component_membrane_variable_R":8314.0,"data_set_value_component_membrane_variable_T":310.0,"data_set_value_component_membrane_variable_F":96485.0,"data_set_value_component_membrane_variable_Cm":1.0,"data_set_value_component_fast_current_variable_i_fast":-38.2921423285,"data_set_value_component_fast_current_variable_g_fast":600.0,"data_set_value_component_fast_current_variable_V_fast":80.0,"data_set_value_component_fast_current_m_gate_variable_m_infinity":0.1165782494,"data_set_value_component_fast_current_m_gate_variable_Vm":-25.0,"data_set_value_component_fast_current_m_gate_variable_Sm":9.0,"data_set_value_component_fast_current_h_gate_variable_h":0.3268883074,"data_set_value_component_fast_current_h_gate_variable_lamda_h":12.5,"data_set_value_component_fast_current_h_gate_variable_tau_h":0.0377829968,"data_set_value_component_fast_current_h_gate_variable_h_infinity":0.3358520333,"data_set_value_component_fast_current_h_gate_variable_Vh":-48.0,"data_set_value_component_fast_current_h_gate_variable_Sh":-7.0,"data_set_value_component_calcium_current_variable_i_Ca":-13.6748984652,"data_set_value_component_calcium_current_variable_K_Ca":1.0,"data_set_value_component_calcium_current_variable_P_Ca":2.0,"data_set_value_component_calcium_current_variable_Ca_o":2500.0,"data_set_value_component_calcium_current_d_gate_variable_d":0.001329598,"data_set_value_component_calcium_current_d_gate_variable_lamda_d":2.5,"data_set_value_component_calcium_current_d_gate_variable_tau_d":0.0144031861,"data_set_value_component_calcium_current_d_gate_variable_d_infinity":0.001298259,"data_set_value_component_calcium_current_d_gate_variable_Vd":-10.0,"data_set_value_component_calcium_current_d_gate_variable_Sd":5.0,"data_set_value_component_calcium_current_f_gate_variable_f_infinity":0.610591069,"data_set_value_component_cationic_nonselective_inward_current_variable_i_NS":-6.9726557553,"data_set_value_component_cationic_nonselective_inward_current_variable_g_NS":5.0,"data_set_value_component_cationic_nonselective_inward_current_variable_K_NS":50.0,"data_set_value_component_cationic_nonselective_inward_current_variable_VNS":-20.0,"data_set_value_component_delayed_rectifier_K_channel_current_variable_i_K_dr":8.091242216,"data_set_value_component_delayed_rectifier_K_channel_current_variable_V_K":-75.0,"data_set_value_component_delayed_rectifier_K_channel_current_variable_g_K_dr":600.0,"data_set_value_component_delayed_rectifier_K_channel_current_n_gate_variable_n":0.1435330717,"data_set_value_component_delayed_rectifier_K_channel_current_n_gate_variable_lamda_n":12.5,"data_set_value_component_delayed_rectifier_K_channel_current_n_gate_variable_Vn":-18.0,"data_set_value_component_delayed_rectifier_K_channel_current_n_gate_variable_Sn":14.0,"data_set_value_component_delayed_rectifier_K_channel_current_n_gate_variable_n_infinity":0.1416150737,"data_set_value_component_delayed_rectifier_K_channel_current_n_gate_variable_tau_n":0.0278923926,"data_set_value_component_Ca_sensitive_K_current_variable_i_K_Ca":32.7212186915,"data_set_value_component_Ca_sensitive_K_current_variable_g_K_Ca":5.0,"data_set_value_component_ATP_sensitive_K_current_variable_i_K_ATP":63.5456799224,"data_set_value_component_ATP_sensitive_K_current_variable_g_K_ATP":2.0,"data_set_value_component_Na_leak_current_variable_i_NaL":-36.9681480116,"data_set_value_component_Na_leak_current_variable_g_NaL":0.3,"data_set_value_component_Na_leak_current_variable_V_Na":80.0,"data_set_value_component_cytosolic_calcium_variable_Ca_i":0.6377573318,"data_set_value_component_cytosolic_calcium_variable_Ca_lum":104.4162898011,"data_set_value_component_cytosolic_calcium_variable_k_rel":0.2,"data_set_value_component_cytosolic_calcium_variable_k_Ca":7.0,"data_set_value_component_cytosolic_calcium_variable_k_pump":30.0,"data_set_value_component_cytosolic_calcium_variable_omega":0.2},{"data_set_value_component_environment_variable_time":1.0,"data_set_value_component_membrane_variable_V":-44.1893469358,"data_set_value_component_membrane_variable_R":8314.0,"data_set_value_component_membrane_variable_T":310.0,"data_set_value_component_membrane_variable_F":96485.0,"data_set_value_component_membrane_variable_Cm":1.0,"data_set_value_component_fast_current_variable_i_fast":-31.4949560477,"data_set_value_component_fast_current_variable_g_fast":600.0,"data_set_value_component_fast_current_variable_V_fast":80.0,"data_set_value_component_fast_current_m_gate_variable_m_infinity":0.1060110899,"data_set_value_component_fast_current_m_gate_variable_Vm":-25.0,"data_set_value_component_fast_current_m_gate_variable_Sm":9.0,"data_set_value_component_fast_current_h_gate_variable_h":0.3547737789,"data_set_value_component_fast_current_h_gate_variable_lamda_h":12.5,"data_set_value_component_fast_current_h_gate_variable_tau_h":0.0385626604,"data_set_value_component_fast_current_h_gate_variable_h_infinity":0.3671695024,"data_set_value_component_fast_current_h_gate_variable_Vh":-48.0,"data_set_value_component_fast_current_h_gate_variable_Sh":-7.0,"data_set_value_component_calcium_current_variable_i_Ca":-11.6328326867,"data_set_value_component_calcium_current_variable_K_Ca":1.0,"data_set_value_component_calcium_current_variable_P_Ca":2.0,"data_set_value_component_calcium_current_variable_Ca_o":2500.0,"data_set_value_component_calcium_current_d_gate_variable_d":0.0011017701,"data_set_value_component_calcium_current_d_gate_variable_lamda_d":2.5,"data_set_value_component_calcium_current_d_gate_variable_tau_d":0.0130848889,"data_set_value_component_calcium_current_d_gate_variable_d_infinity":0.001071237,"data_set_value_component_calcium_current_d_gate_variable_Vd":-10.0,"data_set_value_component_calcium_current_d_gate_variable_Sd":5.0,"data_set_value_component_calcium_current_f_gate_variable_f_infinity":0.6149121536,"data_set_value_component_cationic_nonselective_inward_current_variable_i_NS":-7.1417317749,"data_set_value_component_cationic_nonselective_inward_current_variable_g_NS":5.0,"data_set_value_component_cationic_nonselective_inward_current_variable_K_NS":50.0,"data_set_value_component_cationic_nonselective_inward_current_variable_VNS":-20.0,"data_set_value_component_delayed_rectifier_K_channel_current_variable_i_K_dr":6.2854690464,"data_set_value_component_delayed_rectifier_K_channel_current_variable_V_K":-75.0,"data_set_value_component_delayed_rectifier_K_channel_current_variable_g_K_dr":600.0,"data_set_value_component_delayed_rectifier_K_channel_current_n_gate_variable_n":0.1357911244,"data_set_value_component_delayed_rectifier_K_channel_current_n_gate_variable_lamda_n":12.5,"data_set_value_component_delayed_rectifier_K_channel_current_n_gate_variable_Vn":-18.0,"data_set_value_component_delayed_rectifier_K_channel_current_n_gate_variable_Sn":14.0,"data_set_value_component_delayed_rectifier_K_channel_current_n_gate_variable_n_infinity":0.1334644901,"data_set_value_component_delayed_rectifier_K_channel_current_n_gate_variable_tau_n":0.027206084,"data_set_value_component_Ca_sensitive_K_current_variable_i_K_Ca":30.3759716865,"data_set_value_component_Ca_sensitive_K_current_variable_g_K_Ca":5.0,"data_set_value_component_ATP_sensitive_K_current_variable_i_K_ATP":61.6213061284,"data_set_value_component_ATP_sensitive_K_current_variable_g_K_ATP":2.0,"data_set_value_component_Na_leak_current_variable_i_NaL":-37.2568040807,"data_set_value_component_Na_leak_current_variable_g_NaL":0.3,"data_set_value_component_Na_leak_current_variable_V_Na":80.0,"data_set_value_component_cytosolic_calcium_variable_Ca_i":0.6262485529,"data_set_value_component_cytosolic_calcium_variable_Ca_lum":104.2387367406,"data_set_value_component_cytosolic_calcium_variable_k_rel":0.2,"data_set_value_component_cytosolic_calcium_variable_k_Ca":7.0,"data_set_value_component_cytosolic_calcium_variable_k_pump":30.0,"data_set_value_component_cytosolic_calcium_variable_omega":0.2}]