[{"data_set_value_component_environment_variable_time":0.0,"data_set_value_component_parameters_variable_v0":1.0,"data_set_value_component_parameters_variable_v1":7.3,"data_set_value_component_parameters_variable_v2":13.8350125945,"data_set_value_component_parameters_variable_v3":8.9129008228,"data_set_value_component_parameters_variable_beta":0.6,"data_set_value_component_parameters_variable_VM2":65.0,"data_set_value_component_parameters_variable_VM3":500.0,"data_set_value_component_parameters_variable_KR":2.0,"data_set_value_component_parameters_variable_KA":0.9,"data_set_value_component_parameters_variable_kf":1.0,"data_set_value_component_parameters_variable_k":10.0,"data_set_value_component_parameters_variable_K2":1.0,"data_set_value_component_parameters_variable_n":2.0,"data_set_value_component_parameters_variable_m":2.0,"data_set_value_component_parameters_variable_p":4.0,"data_set_value_component_cytosol_variable_Z":0.52,"data_set_value_component_insensitive_pool_variable_Y":0.93},{"data_set_value_component_environment_variable_time":0.1,"data_set_value_component_parameters_variable_v0":1.0,"data_set_value_component_parameters_variable_v1":7.3,"data_set_value_component_parameters_variable_v2":6.2700849717,"data_set_value_component_parameters_variable_v3":2.4473408705,"data_set_value_component_parameters_variable_beta":0.6,"data_set_value_component_parameters_variable_VM2":65.0,"data_set_value_component_parameters_variable_VM3":500.0,"data_set_value_component_parameters_variable_KR":2.0,"data_set_value_component_parameters_variable_KA":0.9,"data_set_value_component_parameters_variable_kf":1.0,"data_set_value_component_parameters_variable_k":10.0,"data_set_value_component_parameters_variable_K2":1.0,"data_set_value_component_parameters_variable_n":2.0,"data_set_value_component_parameters_variable_m":2.0,"data_set_value_component_parameters_variable_p":4.0,"data_set_value_component_cytosol_variable_Z":0.3267435528,"data_set_value_component_insensitive_pool_variable_Y":1.2677998198},{"data_set_value_component_environment_variable_time":0.2,"data_set_value_component_parameters_variable_v0":1.0,"data_set_value_component_parameters_variable_v1":7.3,"data_set_value_component_parameters_variable_v2":6.3809555364,"data_set_value_component_parameters_variable_v3":3.139039737,"data_set_value_component_parameters_variable_beta":0.6,"data_set_value_component_parameters_variable_VM2":65.0,"data_set_value_component_parameters_variable_VM3":500.0,"data_set_value_component_parameters_variable_KR":2.0,"data_set_value_component_parameters_variable_KA":0.9,"data_set_value_component_parameters_variable_kf":1.0,"data_set_value_component_parameters_variable_k":10.0,"data_set_value_component_parameters_variable_K2":1.0,"data_set_value_component_parameters_variable_n":2.0,"data_set_value_component_parameters_variable_m":2.0,"data_set_value_component_parameters_variable_p":4.0,"data_set_value_component_cytosol_variable_Z":0.3299312799,"data_set_value_component_insensitive_pool_variable_Y":1.4801889472},{"data_set_value_component_environment_variable_time":0.3,"data_set_value_component_parameters_variable_v0":1.0,"data_set_value_component_parameters_variable_v1":7.3,"data_set_value_component_parameters_variable_v2":8.6692330936,"data_set_value_component_parameters_variable_v3":6.8046993575,"data_set_value_component_parameters_variable_beta":0.6,"data_set_value_component_parameters_variable_VM2":65.0,"data_set_value_component_parameters_variable_VM3":500.0,"data_set_value_component_parameters_variable_KR":2.0,"data_set_value_component_parameters_variable_KA":0.9,"data_set_value_component_parameters_variable_kf":1.0,"data_set_value_component_parameters_variable_k":10.0,"data_set_value_component_parameters_variable_K2":1.0,"data_set_value_component_parameters_variable_n":2.0,"data_set_value_component_parameters_variable_m":2.0,"data_set_value_component_parameters_variable_p":4.0,"data_set_value_component_cytosol_variable_Z":0.3922992774,"data_set_value_component_insensitive_pool_variable_Y":1.6012220351},{"data_set_value_component_environment_variable_time":0.4,"data_set_value_component_parameters_variable_v0":1.0,"data_set_value_component_parameters_variable_v1":7.3,"data_set_value_component_parameters_variable_v2":37.2654567865,"data_set_value_component_parameters_variable_v3":39.5925411631,"data_set_value_component_parameters_variable_beta":0.6,"data_set_value_component_parameters_variable_VM2":65.0,"data_set_value_component_parameters_variable_VM3":500.0,"data_set_value_component_parameters_variable_KR":2.0,"data_set_value_component_parameters_variable_KA":0.9,"data_set_value_component_parameters_variable_kf":1.0,"data_set_value_component_parameters_variable_k":10.0,"data_set_value_component_parameters_variable_K2":1.0,"data_set_value_component_parameters_variable_n":2.0,"data_set_value_component_parameters_variable_m":2.0,"data_set_value_component_parameters_variable_p":4.0,"data_set_value_component_cytosol_variable_Z":1.1591582106,"data_set_value_component_insensitive_pool_variable_Y":0.6957825308},{"data_set_value_component_environment_variable_time":0.5,"data_set_value_component_parameters_variable_v0":1.0,"data_set_value_component_parameters_variable_v1":7.3,"data_set_value_component_parameters_variable_v2":20.5945932696,"data_set_value_component_parameters_variable_v3":16.9005717997,"data_set_value_component_parameters_variable_beta":0.6,"data_set_value_component_parameters_variable_VM2":65.0,"data_set_value_component_parameters_variable_VM3":500.0,"data_set_value_component_parameters_variable_KR":2.0,"data_set_value_component_parameters_variable_KA":0.9,"data_set_value_component_parameters_variable_kf":1.0,"data_set_value_component_parameters_variable_k":10.0,"data_set_value_component_parameters_variable_K2":1.0,"data_set_value_component_parameters_variable_n":2.0,"data_set_value_component_parameters_variable_m":2.0,"data_set_value_component_parameters_variable_p":4.0,"data_set_value_component_cytosol_variable_Z":0.6810181452,"data_set_value_component_insensitive_pool_variable_Y":0.7965384919},{"data_set_value_component_environment_variable_time":0.6,"data_set_value_component_parameters_variable_v0":1.0,"data_set_value_component_parameters_variable_v1":7.3,"data_set_value_component_parameters_variable_v2":7.5252002794,"data_set_value_component_parameters_variable_v3":3.1983662408,"data_set_value_component_parameters_variable_beta":0.6,"data_set_value_component_parameters_variable_VM2":65.0,"data_set_value_component_parameters_variable_VM3":500.0,"data_set_value_component_parameters_variable_KR":2.0,"data_set_value_component_parameters_variable_KA":0.9,"data_set_value_component_parameters_variable_kf":1.0,"data_set_value_component_parameters_variable_k":10.0,"data_set_value_component_parameters_variable_K2":1.0,"data_set_value_component_parameters_variable_n":2.0,"data_set_value_component_parameters_variable_m":2.0,"data_set_value_component_parameters_variable_p":4.0,"data_set_value_component_cytosol_variable_Z":0.3618431023,"data_set_value_component_insensitive_pool_variable_Y":1.1584473554},{"data_set_value_component_environment_variable_time":0.7,"data_set_value_component_parameters_variable_v0":1.0,"data_set_value_component_parameters_variable_v1":7.3,"data_set_value_component_parameters_variable_v2":6.0872313737,"data_set_value_component_parameters_variable_v3":2.6513393761,"data_set_value_component_parameters_variable_beta":0.6,"data_set_value_component_parameters_variable_VM2":65.0,"data_set_value_component_parameters_variable_VM3":500.0,"data_set_value_component_parameters_variable_KR":2.0,"data_set_value_component_parameters_variable_KA":0.9,"data_set_value_component_parameters_variable_kf":1.0,"data_set_value_component_parameters_variable_k":10.0,"data_set_value_component_parameters_variable_K2":1.0,"data_set_value_component_parameters_variable_n":2.0,"data_set_value_component_parameters_variable_m":2.0,"data_set_value_component_parameters_variable_p":4.0,"data_set_value_component_cytosol_variable_Z":0.3214438997,"data_set_value_component_insensitive_pool_variable_Y":1.4073444555},{"data_set_value_component_environment_variable_time":0.8,"data_set_value_component_parameters_variable_v0":1.0,"data_set_value_component_parameters_variable_v1":7.3,"data_set_value_component_parameters_variable_v2":7.4193776467,"data_set_value_component_parameters_variable_v3":4.7112243154,"data_set_value_component_parameters_variable_beta":0.6,"data_set_value_component_parameters_variable_VM2":65.0,"data_set_value_component_parameters_variable_VM3":500.0,"data_set_value_component_parameters_variable_KR":2.0,"data_set_value_component_parameters_variable_KA":0.9,"data_set_value_component_parameters_variable_kf":1.0,"data_set_value_component_parameters_variable_k":10.0,"data_set_value_component_parameters_variable_K2":1.0,"data_set_value_component_parameters_variable_n":2.0,"data_set_value_component_parameters_variable_m":2.0,"data_set_value_component_parameters_variable_p":4.0,"data_set_value_component_cytosol_variable_Z":0.3589595907,"data_set_value_component_insensitive_pool_variable_Y":1.5716588319},{"data_set_value_component_environment_variable_time":0.9,"data_set_value_component_parameters_variable_v0":1.0,"data_set_value_component_parameters_variable_v1":7.3,"data_set_value_component_parameters_variable_v2":19.5449961491,"data_set_value_component_parameters_variable_v3":35.4647825258,"data_set_value_component_parameters_variable_beta":0.6,"data_set_value_component_parameters_variable_VM2":65.0,"data_set_value_component_parameters_variable_VM3":500.0,"data_set_value_component_parameters_variable_KR":2.0,"data_set_value_component_parameters_variable_KA":0.9,"data_set_value_component_parameters_variable_kf":1.0,"data_set_value_component_parameters_variable_k":10.0,"data_set_value_component_parameters_variable_K2":1.0,"data_set_value_component_parameters_variable_n":2.0,"data_set_value_component_parameters_variable_m":2.0,"data_set_value_component_parameters_variable_p":4.0,"data_set_value_component_cytosol_variable_Z":0.6557328564,"data_set_value_component_insensitive_pool_variable_Y":1.3802972046},{"data_set_value_component_environment_variable_time":1.0,"data_set_value_component_parameters_variable_v0":1.0,"data_set_value_component_parameters_variable_v1":7.3,"data_set_value_component_parameters_variable_v2":27.3574198668,"data_set_value_component_parameters_variable_v3":25.0701623887,"data_set_value_component_parameters_variable_beta":0.6,"data_set_value_component_parameters_variable_VM2":65.0,"data_set_value_component_parameters_variable_VM3":500.0,"data_set_value_component_parameters_variable_KR":2.0,"data_set_value_component_parameters_variable_KA":0.9,"data_set_value_component_parameters_variable_kf":1.0,"data_set_value_component_parameters_variable_k":10.0,"data_set_value_component_parameters_variable_K2":1.0,"data_set_value_component_parameters_variable_n":2.0,"data_set_value_component_parameters_variable_m":2.0,"data_set_value_component_parameters_variable_p":4.0,"data_set_value_component_cytosol_variable_Z":0.8525068477,"data_set_value_component_insensitive_pool_variable_Y":0.7117935808}]