[{"data_generator_T":0.0,"data_generator_Z":0.1},{"data_generator_T":0.02,"data_generator_Z":0.11311522},{"data_generator_T":0.039999999,"data_generator_Z":0.12098932},{"data_generator_T":0.059999999,"data_generator_Z":0.12559153},{"data_generator_T":0.079999998,"data_generator_Z":0.12820873},{"data_generator_T":0.1,"data_generator_Z":0.12964061},{"data_generator_T":0.12,"data_generator_Z":0.1303712},{"data_generator_T":0.14,"data_generator_Z":0.13068931},{"data_generator_T":0.16,"data_generator_Z":0.13076589},{"data_generator_T":0.18000001,"data_generator_Z":0.13070165},{"data_generator_T":0.2,"data_generator_Z":0.13055578},{"data_generator_T":0.22,"data_generator_Z":0.13036302},{"data_generator_T":0.23999999,"data_generator_Z":0.1301437},{"data_generator_T":0.25999999,"data_generator_Z":0.12990977},{"data_generator_T":0.28,"data_generator_Z":0.12966818},{"data_generator_T":0.30000001,"data_generator_Z":0.12942302},{"data_generator_T":0.31999999,"data_generator_Z":0.12917668},{"data_generator_T":0.34,"data_generator_Z":0.12893052},{"data_generator_T":0.36000001,"data_generator_Z":0.12868537},{"data_generator_T":0.38,"data_generator_Z":0.12844168},{"data_generator_T":0.40000001,"data_generator_Z":0.12819971},{"data_generator_T":0.41999999,"data_generator_Z":0.12795961},{"data_generator_T":0.44,"data_generator_Z":0.12772146},{"data_generator_T":0.46000001,"data_generator_Z":0.12748529},{"data_generator_T":0.47999999,"data_generator_Z":0.12725112},{"data_generator_T":0.5,"data_generator_Z":0.12701894},{"data_generator_T":0.51999998,"data_generator_Z":0.12678877},{"data_generator_T":0.54000002,"data_generator_Z":0.12656055},{"data_generator_T":0.56,"data_generator_Z":0.12633431},{"data_generator_T":0.57999998,"data_generator_Z":0.12611},{"data_generator_T":0.60000002,"data_generator_Z":0.12588763},{"data_generator_T":0.62,"data_generator_Z":0.12566717},{"data_generator_T":0.63999999,"data_generator_Z":0.12544858},{"data_generator_T":0.66000003,"data_generator_Z":0.12523189},{"data_generator_T":0.68000001,"data_generator_Z":0.12501705},{"data_generator_T":0.69999999,"data_generator_Z":0.12480406},{"data_generator_T":0.72000003,"data_generator_Z":0.12459288},{"data_generator_T":0.74000001,"data_generator_Z":0.12438351},{"data_generator_T":0.75999999,"data_generator_Z":0.12417593},{"data_generator_T":0.77999997,"data_generator_Z":0.12397012},{"data_generator_T":0.80000001,"data_generator_Z":0.12376606},{"data_generator_T":0.81999999,"data_generator_Z":0.12356375},{"data_generator_T":0.83999997,"data_generator_Z":0.12336317},{"data_generator_T":0.86000001,"data_generator_Z":0.12316429},{"data_generator_T":0.88,"data_generator_Z":0.1229671},{"data_generator_T":0.89999998,"data_generator_Z":0.1227716},{"data_generator_T":0.92000002,"data_generator_Z":0.12257775},{"data_generator_T":0.94,"data_generator_Z":0.12238555},{"data_generator_T":0.95999998,"data_generator_Z":0.12219499},{"data_generator_T":0.98000002,"data_generator_Z":0.12200604},{"data_generator_T":1.0,"data_generator_Z":0.1218187},{"data_generator_T":1.02,"data_generator_Z":0.12163295},{"data_generator_T":1.04,"data_generator_Z":0.12144876},{"data_generator_T":1.0599999,"data_generator_Z":0.12126615},{"data_generator_T":1.08,"data_generator_Z":0.12108508},{"data_generator_T":1.1,"data_generator_Z":0.12090553},{"data_generator_T":1.12,"data_generator_Z":0.12072752},{"data_generator_T":1.14,"data_generator_Z":0.12055101},{"data_generator_T":1.16,"data_generator_Z":0.12037598},{"data_generator_T":1.1799999,"data_generator_Z":0.12020244},{"data_generator_T":1.2,"data_generator_Z":0.12003037},{"data_generator_T":1.22,"data_generator_Z":0.11985975},{"data_generator_T":1.24,"data_generator_Z":0.11969057},{"data_generator_T":1.26,"data_generator_Z":0.11952282},{"data_generator_T":1.28,"data_generator_Z":0.11935648},{"data_generator_T":1.3,"data_generator_Z":0.11919156},{"data_generator_T":1.3200001,"data_generator_Z":0.11902802},{"data_generator_T":1.34,"data_generator_Z":0.11886586},{"data_generator_T":1.36,"data_generator_Z":0.11870506},{"data_generator_T":1.38,"data_generator_Z":0.11854563},{"data_generator_T":1.4,"data_generator_Z":0.11838754},{"data_generator_T":1.42,"data_generator_Z":0.11823077},{"data_generator_T":1.4400001,"data_generator_Z":0.11807533},{"data_generator_T":1.46,"data_generator_Z":0.1179212},{"data_generator_T":1.48,"data_generator_Z":0.11776837},{"data_generator_T":1.5,"data_generator_Z":0.11761682},{"data_generator_T":1.52,"data_generator_Z":0.11746656},{"data_generator_T":1.54,"data_generator_Z":0.11731756},{"data_generator_T":1.5599999,"data_generator_Z":0.1171698},{"data_generator_T":1.58,"data_generator_Z":0.1170233},{"data_generator_T":1.6,"data_generator_Z":0.11687803},{"data_generator_T":1.62,"data_generator_Z":0.11673398},{"data_generator_T":1.64,"data_generator_Z":0.11659114},{"data_generator_T":1.66,"data_generator_Z":0.11644951},{"data_generator_T":1.6799999,"data_generator_Z":0.11630906},{"data_generator_T":1.7,"data_generator_Z":0.1161698},{"data_generator_T":1.72,"data_generator_Z":0.11603171},{"data_generator_T":1.74,"data_generator_Z":0.11589478},{"data_generator_T":1.76,"data_generator_Z":0.11575901},{"data_generator_T":1.78,"data_generator_Z":0.11562437},{"data_generator_T":1.8,"data_generator_Z":0.11549087},{"data_generator_T":1.8200001,"data_generator_Z":0.11535849},{"data_generator_T":1.84,"data_generator_Z":0.11522722},{"data_generator_T":1.86,"data_generator_Z":0.11509706},{"data_generator_T":1.88,"data_generator_Z":0.11496799},{"data_generator_T":1.9,"data_generator_Z":0.11484002},{"data_generator_T":1.92,"data_generator_Z":0.11471311},{"data_generator_T":1.9400001,"data_generator_Z":0.11458727},{"data_generator_T":1.96,"data_generator_Z":0.11446249},{"data_generator_T":1.98,"data_generator_Z":0.11433876},{"data_generator_T":2.0,"data_generator_Z":0.11421607},{"data_generator_T":2.02,"data_generator_Z":0.11409442},{"data_generator_T":2.04,"data_generator_Z":0.11397379},{"data_generator_T":2.0599999,"data_generator_Z":0.11385417},{"data_generator_T":2.0799999,"data_generator_Z":0.11373556},{"data_generator_T":2.0999999,"data_generator_Z":0.11361795},{"data_generator_T":2.1199999,"data_generator_Z":0.11350133},{"data_generator_T":2.1400001,"data_generator_Z":0.11338568},{"data_generator_T":2.1600001,"data_generator_Z":0.11327101},{"data_generator_T":2.1800001,"data_generator_Z":0.11315732},{"data_generator_T":2.2,"data_generator_Z":0.11304457},{"data_generator_T":2.22,"data_generator_Z":0.11293277},{"data_generator_T":2.24,"data_generator_Z":0.11282192},{"data_generator_T":2.26,"data_generator_Z":0.112712},{"data_generator_T":2.28,"data_generator_Z":0.112603},{"data_generator_T":2.3,"data_generator_Z":0.11249492},{"data_generator_T":2.3199999,"data_generator_Z":0.11238776},{"data_generator_T":2.3399999,"data_generator_Z":0.11228149},{"data_generator_T":2.3599999,"data_generator_Z":0.11217613},{"data_generator_T":2.3800001,"data_generator_Z":0.11207165},{"data_generator_T":2.4000001,"data_generator_Z":0.11196805},{"data_generator_T":2.4200001,"data_generator_Z":0.11186532},{"data_generator_T":2.4400001,"data_generator_Z":0.11176346},{"data_generator_T":2.46,"data_generator_Z":0.11166246},{"data_generator_T":2.48,"data_generator_Z":0.11156231},{"data_generator_T":2.5,"data_generator_Z":0.11146301},{"data_generator_T":2.52,"data_generator_Z":0.11136454},{"data_generator_T":2.54,"data_generator_Z":0.1112669},{"data_generator_T":2.5599999,"data_generator_Z":0.11117009},{"data_generator_T":2.5799999,"data_generator_Z":0.1110741},{"data_generator_T":2.5999999,"data_generator_Z":0.11097891},{"data_generator_T":2.6199999,"data_generator_Z":0.11088453},{"data_generator_T":2.6400001,"data_generator_Z":0.11079095},{"data_generator_T":2.6600001,"data_generator_Z":0.11069815},{"data_generator_T":2.6800001,"data_generator_Z":0.11060614},{"data_generator_T":2.7,"data_generator_Z":0.11051491},{"data_generator_T":2.72,"data_generator_Z":0.11042444},{"data_generator_T":2.74,"data_generator_Z":0.11033475},{"data_generator_T":2.76,"data_generator_Z":0.11024581},{"data_generator_T":2.78,"data_generator_Z":0.11015762},{"data_generator_T":2.8,"data_generator_Z":0.11007018},{"data_generator_T":2.8199999,"data_generator_Z":0.10998348},{"data_generator_T":2.8399999,"data_generator_Z":0.10989751},{"data_generator_T":2.8599999,"data_generator_Z":0.10981227},{"data_generator_T":2.8800001,"data_generator_Z":0.10972775},{"data_generator_T":2.9000001,"data_generator_Z":0.10964394},{"data_generator_T":2.9200001,"data_generator_Z":0.10956085},{"data_generator_T":2.9400001,"data_generator_Z":0.10947846},{"data_generator_T":2.96,"data_generator_Z":0.10939676},{"data_generator_T":2.98,"data_generator_Z":0.10931576},{"data_generator_T":3.0,"data_generator_Z":0.10923545},{"data_generator_T":3.02,"data_generator_Z":0.10915581},{"data_generator_T":3.04,"data_generator_Z":0.10907685},{"data_generator_T":3.0599999,"data_generator_Z":0.10899856},{"data_generator_T":3.0799999,"data_generator_Z":0.10892093},{"data_generator_T":3.0999999,"data_generator_Z":0.10884397},{"data_generator_T":3.1199999,"data_generator_Z":0.10876765},{"data_generator_T":3.1400001,"data_generator_Z":0.10869198},{"data_generator_T":3.1600001,"data_generator_Z":0.10861696},{"data_generator_T":3.1800001,"data_generator_Z":0.10854256},{"data_generator_T":3.2,"data_generator_Z":0.10846881},{"data_generator_T":3.22,"data_generator_Z":0.10839567},{"data_generator_T":3.24,"data_generator_Z":0.10832316},{"data_generator_T":3.26,"data_generator_Z":0.10825127},{"data_generator_T":3.28,"data_generator_Z":0.10817999},{"data_generator_T":3.3,"data_generator_Z":0.1081093},{"data_generator_T":3.3199999,"data_generator_Z":0.10803923},{"data_generator_T":3.3399999,"data_generator_Z":0.10796975},{"data_generator_T":3.3599999,"data_generator_Z":0.10790086},{"data_generator_T":3.3800001,"data_generator_Z":0.10783255},{"data_generator_T":3.4000001,"data_generator_Z":0.10776483},{"data_generator_T":3.4200001,"data_generator_Z":0.10769768},{"data_generator_T":3.4400001,"data_generator_Z":0.1076311},{"data_generator_T":3.46,"data_generator_Z":0.10756509},{"data_generator_T":3.48,"data_generator_Z":0.10749964},{"data_generator_T":3.5,"data_generator_Z":0.10743475},{"data_generator_T":3.52,"data_generator_Z":0.10737041},{"data_generator_T":3.54,"data_generator_Z":0.10730662},{"data_generator_T":3.5599999,"data_generator_Z":0.10724337},{"data_generator_T":3.5799999,"data_generator_Z":0.10718067},{"data_generator_T":3.5999999,"data_generator_Z":0.10711849},{"data_generator_T":3.6199999,"data_generator_Z":0.10705686},{"data_generator_T":3.6400001,"data_generator_Z":0.10699574},{"data_generator_T":3.6600001,"data_generator_Z":0.10693514},{"data_generator_T":3.6800001,"data_generator_Z":0.10687506},{"data_generator_T":3.7,"data_generator_Z":0.10681549},{"data_generator_T":3.72,"data_generator_Z":0.10675644},{"data_generator_T":3.74,"data_generator_Z":0.10669789},{"data_generator_T":3.76,"data_generator_Z":0.10663983},{"data_generator_T":3.78,"data_generator_Z":0.10658227},{"data_generator_T":3.8,"data_generator_Z":0.10652521},{"data_generator_T":3.8199999,"data_generator_Z":0.10646863},{"data_generator_T":3.8399999,"data_generator_Z":0.10641253},{"data_generator_T":3.8599999,"data_generator_Z":0.10635692},{"data_generator_T":3.8800001,"data_generator_Z":0.10630178},{"data_generator_T":3.9000001,"data_generator_Z":0.1062471},{"data_generator_T":3.9200001,"data_generator_Z":0.1061929},{"data_generator_T":3.9400001,"data_generator_Z":0.10613917},{"data_generator_T":3.96,"data_generator_Z":0.10608589},{"data_generator_T":3.98,"data_generator_Z":0.10603306},{"data_generator_T":4.0,"data_generator_Z":0.10598069},{"data_generator_T":4.02,"data_generator_Z":0.17961809},{"data_generator_T":4.04,"data_generator_Z":0.23716544},{"data_generator_T":4.0599999,"data_generator_Z":0.26684308},{"data_generator_T":4.0799999,"data_generator_Z":0.28331169},{"data_generator_T":4.0999999,"data_generator_Z":0.29396445},{"data_generator_T":4.1199999,"data_generator_Z":0.30221233},{"data_generator_T":4.1399999,"data_generator_Z":0.30964234},{"data_generator_T":4.1599998,"data_generator_Z":0.31704634},{"data_generator_T":4.1799998,"data_generator_Z":0.32488567},{"data_generator_T":4.1999998,"data_generator_Z":0.33351052},{"data_generator_T":4.2199998,"data_generator_Z":0.34328321},{"data_generator_T":4.2399998,"data_generator_Z":0.35468173},{"data_generator_T":4.2600002,"data_generator_Z":0.36844212},{"data_generator_T":4.2800002,"data_generator_Z":0.3858355},{"data_generator_T":4.3000002,"data_generator_Z":0.40932944},{"data_generator_T":4.3200002,"data_generator_Z":0.44448906},{"data_generator_T":4.3400002,"data_generator_Z":0.50688207},{"data_generator_T":4.3600001,"data_generator_Z":0.65523559},{"data_generator_T":4.3800001,"data_generator_Z":1.043039},{"data_generator_T":4.4000001,"data_generator_Z":1.1466813},{"data_generator_T":4.4200001,"data_generator_Z":1.0559375},{"data_generator_T":4.4400001,"data_generator_Z":0.96253502},{"data_generator_T":4.46,"data_generator_Z":0.87778467},{"data_generator_T":4.48,"data_generator_Z":0.80044985},{"data_generator_T":4.5,"data_generator_Z":0.72880763},{"data_generator_T":4.52,"data_generator_Z":0.66161555},{"data_generator_T":4.54,"data_generator_Z":0.59845513},{"data_generator_T":4.5599999,"data_generator_Z":0.54008597},{"data_generator_T":4.5799999,"data_generator_Z":0.48844877},{"data_generator_T":4.5999999,"data_generator_Z":0.44581658},{"data_generator_T":4.6199999,"data_generator_Z":0.41347301},{"data_generator_T":4.6399999,"data_generator_Z":0.39110234},{"data_generator_T":4.6599998,"data_generator_Z":0.37726358},{"data_generator_T":4.6799998,"data_generator_Z":0.37021911},{"data_generator_T":4.6999998,"data_generator_Z":0.36849549},{"data_generator_T":4.7199998,"data_generator_Z":0.37111095},{"data_generator_T":4.7399998,"data_generator_Z":0.37764212},{"data_generator_T":4.7600002,"data_generator_Z":0.38830674},{"data_generator_T":4.7800002,"data_generator_Z":0.40424562},{"data_generator_T":4.8000002,"data_generator_Z":0.42839894},{"data_generator_T":4.8200002,"data_generator_Z":0.46837822},{"data_generator_T":4.8400002,"data_generator_Z":0.54803574},{"data_generator_T":4.8600001,"data_generator_Z":0.76291507},{"data_generator_T":4.8800001,"data_generator_Z":1.1239076},{"data_generator_T":4.9000001,"data_generator_Z":1.0974425},{"data_generator_T":4.9200001,"data_generator_Z":0.99481922},{"data_generator_T":4.9400001,"data_generator_Z":0.89677846},{"data_generator_T":4.96,"data_generator_Z":0.80603176},{"data_generator_T":4.98,"data_generator_Z":0.72044301},{"data_generator_T":5.0,"data_generator_Z":0.63830549},{"data_generator_T":5.02,"data_generator_Z":0.55978578},{"data_generator_T":5.04,"data_generator_Z":0.4880994},{"data_generator_T":5.0599999,"data_generator_Z":0.42849782},{"data_generator_T":5.0799999,"data_generator_Z":0.38442767},{"data_generator_T":5.0999999,"data_generator_Z":0.35524839},{"data_generator_T":5.1199999,"data_generator_Z":0.33774838},{"data_generator_T":5.1399999,"data_generator_Z":0.32843754},{"data_generator_T":5.1599998,"data_generator_Z":0.32460654},{"data_generator_T":5.1799998,"data_generator_Z":0.32444438},{"data_generator_T":5.1999998,"data_generator_Z":0.32684243},{"data_generator_T":5.2199998,"data_generator_Z":0.33118173},{"data_generator_T":5.2399998,"data_generator_Z":0.33718407},{"data_generator_T":5.2600002,"data_generator_Z":0.34483513},{"data_generator_T":5.2800002,"data_generator_Z":0.3543773},{"data_generator_T":5.3000002,"data_generator_Z":0.36639094},{"data_generator_T":5.3200002,"data_generator_Z":0.38203967},{"data_generator_T":5.3400002,"data_generator_Z":0.40373105},{"data_generator_T":5.3600001,"data_generator_Z":0.43711802},{"data_generator_T":5.3800001,"data_generator_Z":0.49878886},{"data_generator_T":5.4000001,"data_generator_Z":0.65782666},{"data_generator_T":5.4200001,"data_generator_Z":1.1175972},{"data_generator_T":5.4400001,"data_generator_Z":1.1796141},{"data_generator_T":5.46,"data_generator_Z":1.0606592},{"data_generator_T":5.48,"data_generator_Z":0.94565189},{"data_generator_T":5.5,"data_generator_Z":0.83967602},{"data_generator_T":5.52,"data_generator_Z":0.73934102},{"data_generator_T":5.54,"data_generator_Z":0.64184171},{"data_generator_T":5.5599999,"data_generator_Z":0.54749048},{"data_generator_T":5.5799999,"data_generator_Z":0.46223083},{"data_generator_T":5.5999999,"data_generator_Z":0.39483243},{"data_generator_T":5.6199999,"data_generator_Z":0.34882852},{"data_generator_T":5.6399999,"data_generator_Z":0.32082599},{"data_generator_T":5.6599998,"data_generator_Z":0.30521095},{"data_generator_T":5.6799998,"data_generator_Z":0.29735565},{"data_generator_T":5.6999998,"data_generator_Z":0.29420155},{"data_generator_T":5.7199998,"data_generator_Z":0.29389909},{"data_generator_T":5.7399998,"data_generator_Z":0.29537323},{"data_generator_T":5.7600002,"data_generator_Z":0.29801348},{"data_generator_T":5.7800002,"data_generator_Z":0.30148321},{"data_generator_T":5.8000002,"data_generator_Z":0.30560929},{"data_generator_T":5.8200002,"data_generator_Z":0.31032091},{"data_generator_T":5.8400002,"data_generator_Z":0.31561849},{"data_generator_T":5.8600001,"data_generator_Z":0.32156122},{"data_generator_T":5.8800001,"data_generator_Z":0.32826984},{"data_generator_T":5.9000001,"data_generator_Z":0.33594435},{"data_generator_T":5.9200001,"data_generator_Z":0.34490538},{"data_generator_T":5.9400001,"data_generator_Z":0.35567978},{"data_generator_T":5.96,"data_generator_Z":0.36918557},{"data_generator_T":5.98,"data_generator_Z":0.3871735},{"data_generator_T":6.0,"data_generator_Z":0.41345245},{"data_generator_T":6.02,"data_generator_Z":0.45813373},{"data_generator_T":6.04,"data_generator_Z":0.55824667},{"data_generator_T":6.0599999,"data_generator_Z":0.91112339},{"data_generator_T":6.0799999,"data_generator_Z":1.257157},{"data_generator_T":6.0999999,"data_generator_Z":1.1374019},{"data_generator_T":6.1199999,"data_generator_Z":1.0045983},{"data_generator_T":6.1399999,"data_generator_Z":0.88277036},{"data_generator_T":6.1599998,"data_generator_Z":0.76773107},{"data_generator_T":6.1799998,"data_generator_Z":0.65518534},{"data_generator_T":6.1999998,"data_generator_Z":0.54498595},{"data_generator_T":6.2199998,"data_generator_Z":0.44584075},{"data_generator_T":6.2399998,"data_generator_Z":0.37047166},{"data_generator_T":6.2600002,"data_generator_Z":0.32205209},{"data_generator_T":6.2800002,"data_generator_Z":0.29421142},{"data_generator_T":6.3000002,"data_generator_Z":0.27930877},{"data_generator_T":6.3200002,"data_generator_Z":0.27193323},{"data_generator_T":6.3400002,"data_generator_Z":0.26883256},{"data_generator_T":6.3600001,"data_generator_Z":0.26816007},{"data_generator_T":6.3800001,"data_generator_Z":0.26888692},{"data_generator_T":6.4000001,"data_generator_Z":0.27044258},{"data_generator_T":6.4200001,"data_generator_Z":0.27251065},{"data_generator_T":6.4400001,"data_generator_Z":0.27491593},{"data_generator_T":6.46,"data_generator_Z":0.27756244},{"data_generator_T":6.48,"data_generator_Z":0.28039938},{"data_generator_T":6.5,"data_generator_Z":0.28340253},{"data_generator_T":6.52,"data_generator_Z":0.28656408},{"data_generator_T":6.54,"data_generator_Z":0.28988728},{"data_generator_T":6.5599999,"data_generator_Z":0.29338369},{"data_generator_T":6.5799999,"data_generator_Z":0.29707232},{"data_generator_T":6.5999999,"data_generator_Z":0.30097985},{"data_generator_T":6.6199999,"data_generator_Z":0.30514196},{"data_generator_T":6.6399999,"data_generator_Z":0.30960587},{"data_generator_T":6.6599998,"data_generator_Z":0.31443453},{"data_generator_T":6.6799998,"data_generator_Z":0.31971332},{"data_generator_T":6.6999998,"data_generator_Z":0.32556081},{"data_generator_T":6.7199998,"data_generator_Z":0.33214703},{"data_generator_T":6.7399998,"data_generator_Z":0.33972573},{"data_generator_T":6.7600002,"data_generator_Z":0.34869492},{"data_generator_T":6.7800002,"data_generator_Z":0.35971954},{"data_generator_T":6.8000002,"data_generator_Z":0.37400666},{"data_generator_T":6.8200002,"data_generator_Z":0.3940106},{"data_generator_T":6.8400002,"data_generator_Z":0.42561349},{"data_generator_T":6.8600001,"data_generator_Z":0.48709378},{"data_generator_T":6.8800001,"data_generator_Z":0.66662782},{"data_generator_T":6.9000001,"data_generator_Z":1.2571843},{"data_generator_T":6.9200001,"data_generator_Z":1.2412986},{"data_generator_T":6.9400001,"data_generator_Z":1.0885675},{"data_generator_T":6.96,"data_generator_Z":0.94784874},{"data_generator_T":6.98,"data_generator_Z":0.81660694},{"data_generator_T":7.0,"data_generator_Z":0.68851423},{"data_generator_T":7.02,"data_generator_Z":0.56128794},{"data_generator_T":7.04,"data_generator_Z":0.4448047},{"data_generator_T":7.0599999,"data_generator_Z":0.35702738},{"data_generator_T":7.0799999,"data_generator_Z":0.30252695},{"data_generator_T":7.0999999,"data_generator_Z":0.27224997},{"data_generator_T":7.1199999,"data_generator_Z":0.25634816},{"data_generator_T":7.1399999,"data_generator_Z":0.24840723},{"data_generator_T":7.1599998,"data_generator_Z":0.24479677},{"data_generator_T":7.1799998,"data_generator_Z":0.24354118},{"data_generator_T":7.1999998,"data_generator_Z":0.24357472},{"data_generator_T":7.2199998,"data_generator_Z":0.24432176},{"data_generator_T":7.2399998,"data_generator_Z":0.24546979},{"data_generator_T":7.2600002,"data_generator_Z":0.24684811},{"data_generator_T":7.2800002,"data_generator_Z":0.24836271},{"data_generator_T":7.3000002,"data_generator_Z":0.2499615},{"data_generator_T":7.3200002,"data_generator_Z":0.25161546},{"data_generator_T":7.3400002,"data_generator_Z":0.25330839},{"data_generator_T":7.3600001,"data_generator_Z":0.25503126},{"data_generator_T":7.3800001,"data_generator_Z":0.2567791},{"data_generator_T":7.4000001,"data_generator_Z":0.25854948},{"data_generator_T":7.4200001,"data_generator_Z":0.2603412},{"data_generator_T":7.4400001,"data_generator_Z":0.26215401},{"data_generator_T":7.46,"data_generator_Z":0.26398829},{"data_generator_T":7.48,"data_generator_Z":0.26584467},{"data_generator_T":7.5,"data_generator_Z":0.26772419},{"data_generator_T":7.52,"data_generator_Z":0.26962805},{"data_generator_T":7.54,"data_generator_Z":0.27155769},{"data_generator_T":7.5599999,"data_generator_Z":0.27351484},{"data_generator_T":7.5799999,"data_generator_Z":0.27550137},{"data_generator_T":7.5999999,"data_generator_Z":0.27751943},{"data_generator_T":7.6199999,"data_generator_Z":0.2795715},{"data_generator_T":7.6399999,"data_generator_Z":0.28166035},{"data_generator_T":7.6599998,"data_generator_Z":0.2837891},{"data_generator_T":7.6799998,"data_generator_Z":0.28596133},{"data_generator_T":7.6999998,"data_generator_Z":0.28818116},{"data_generator_T":7.7199998,"data_generator_Z":0.29045326},{"data_generator_T":7.7399998,"data_generator_Z":0.29278314},{"data_generator_T":7.7600002,"data_generator_Z":0.29517713},{"data_generator_T":7.7800002,"data_generator_Z":0.29764271},{"data_generator_T":7.8000002,"data_generator_Z":0.30018869},{"data_generator_T":7.8200002,"data_generator_Z":0.30282569},{"data_generator_T":7.8400002,"data_generator_Z":0.30556643},{"data_generator_T":7.8600001,"data_generator_Z":0.30842656},{"data_generator_T":7.8800001,"data_generator_Z":0.31142533},{"data_generator_T":7.9000001,"data_generator_Z":0.31458703},{"data_generator_T":7.9200001,"data_generator_Z":0.31794256},{"data_generator_T":7.9400001,"data_generator_Z":0.32153213},{"data_generator_T":7.96,"data_generator_Z":0.32540902},{"data_generator_T":7.98,"data_generator_Z":0.32964575},{"data_generator_T":8.0,"data_generator_Z":0.33434352},{"data_generator_T":8.0200005,"data_generator_Z":0.33964843},{"data_generator_T":8.04,"data_generator_Z":0.34577984},{"data_generator_T":8.0600004,"data_generator_Z":0.3530831},{"data_generator_T":8.0799999,"data_generator_Z":0.36213577},{"data_generator_T":8.1000004,"data_generator_Z":0.37398222},{"data_generator_T":8.1199999,"data_generator_Z":0.39072257},{"data_generator_T":8.1400003,"data_generator_Z":0.41728118},{"data_generator_T":8.1599998,"data_generator_Z":0.46836823},{"data_generator_T":8.1800003,"data_generator_Z":0.61116379},{"data_generator_T":8.1999998,"data_generator_Z":1.21436},{"data_generator_T":8.2200003,"data_generator_Z":1.2950569},{"data_generator_T":8.2399998,"data_generator_Z":1.1238923},{"data_generator_T":8.2600002,"data_generator_Z":0.96531367},{"data_generator_T":8.2799997,"data_generator_Z":0.8169179},{"data_generator_T":8.3000002,"data_generator_Z":0.67037433},{"data_generator_T":8.3199997,"data_generator_Z":0.52464294},{"data_generator_T":8.3400002,"data_generator_Z":0.39837998},{"data_generator_T":8.3599997,"data_generator_Z":0.31291506},{"data_generator_T":8.3800001,"data_generator_Z":0.26452154},{"data_generator_T":8.3999996,"data_generator_Z":0.23897851},{"data_generator_T":8.4200001,"data_generator_Z":0.22584915},{"data_generator_T":8.4399996,"data_generator_Z":0.21928631},{"data_generator_T":8.46,"data_generator_Z":0.21619612},{"data_generator_T":8.4799995,"data_generator_Z":0.21495108},{"data_generator_T":8.5,"data_generator_Z":0.21469098},{"data_generator_T":8.5200005,"data_generator_Z":0.21495831},{"data_generator_T":8.54,"data_generator_Z":0.21550834},{"data_generator_T":8.5600004,"data_generator_Z":0.21620947},{"data_generator_T":8.5799999,"data_generator_Z":0.21699049},{"data_generator_T":8.6000004,"data_generator_Z":0.21781266},{"data_generator_T":8.6199999,"data_generator_Z":0.21865472},{"data_generator_T":8.6400003,"data_generator_Z":0.21950494},{"data_generator_T":8.6599998,"data_generator_Z":0.22035673},{"data_generator_T":8.6800003,"data_generator_Z":0.22120637},{"data_generator_T":8.6999998,"data_generator_Z":0.22205167},{"data_generator_T":8.7200003,"data_generator_Z":0.22289129},{"data_generator_T":8.7399998,"data_generator_Z":0.22372441},{"data_generator_T":8.7600002,"data_generator_Z":0.22455047},{"data_generator_T":8.7799997,"data_generator_Z":0.22536902},{"data_generator_T":8.8000002,"data_generator_Z":0.22617973},{"data_generator_T":8.8199997,"data_generator_Z":0.22698233},{"data_generator_T":8.8400002,"data_generator_Z":0.22777653},{"data_generator_T":8.8599997,"data_generator_Z":0.2285621},{"data_generator_T":8.8800001,"data_generator_Z":0.22933879},{"data_generator_T":8.8999996,"data_generator_Z":0.23010637},{"data_generator_T":8.9200001,"data_generator_Z":0.23086461},{"data_generator_T":8.9399996,"data_generator_Z":0.23161329},{"data_generator_T":8.96,"data_generator_Z":0.23235215},{"data_generator_T":8.9799995,"data_generator_Z":0.23308098},{"data_generator_T":9.0,"data_generator_Z":0.23379955},{"data_generator_T":9.0200005,"data_generator_Z":0.23450761},{"data_generator_T":9.04,"data_generator_Z":0.23520492},{"data_generator_T":9.0600004,"data_generator_Z":0.23589127},{"data_generator_T":9.0799999,"data_generator_Z":0.23656641},{"data_generator_T":9.1000004,"data_generator_Z":0.23723011},{"data_generator_T":9.1199999,"data_generator_Z":0.23788212},{"data_generator_T":9.1400003,"data_generator_Z":0.23852222},{"data_generator_T":9.1599998,"data_generator_Z":0.23915015},{"data_generator_T":9.1800003,"data_generator_Z":0.2397657},{"data_generator_T":9.1999998,"data_generator_Z":0.24036862},{"data_generator_T":9.2200003,"data_generator_Z":0.24095869},{"data_generator_T":9.2399998,"data_generator_Z":0.24153566},{"data_generator_T":9.2600002,"data_generator_Z":0.2420993},{"data_generator_T":9.2799997,"data_generator_Z":0.24264939},{"data_generator_T":9.3000002,"data_generator_Z":0.24318571},{"data_generator_T":9.3199997,"data_generator_Z":0.24370803},{"data_generator_T":9.3400002,"data_generator_Z":0.24421613},{"data_generator_T":9.3599997,"data_generator_Z":0.2447098},{"data_generator_T":9.3800001,"data_generator_Z":0.24518885},{"data_generator_T":9.3999996,"data_generator_Z":0.24565305},{"data_generator_T":9.4200001,"data_generator_Z":0.24610223},{"data_generator_T":9.4399996,"data_generator_Z":0.2465362},{"data_generator_T":9.46,"data_generator_Z":0.24695478},{"data_generator_T":9.4799995,"data_generator_Z":0.24735782},{"data_generator_T":9.5,"data_generator_Z":0.24774513},{"data_generator_T":9.5200005,"data_generator_Z":0.24811658},{"data_generator_T":9.54,"data_generator_Z":0.24847205},{"data_generator_T":9.5600004,"data_generator_Z":0.24881139},{"data_generator_T":9.5799999,"data_generator_Z":0.24913453},{"data_generator_T":9.6000004,"data_generator_Z":0.24944134},{"data_generator_T":9.6199999,"data_generator_Z":0.24973175},{"data_generator_T":9.6400003,"data_generator_Z":0.25000572},{"data_generator_T":9.6599998,"data_generator_Z":0.25026315},{"data_generator_T":9.6800003,"data_generator_Z":0.25050408},{"data_generator_T":9.6999998,"data_generator_Z":0.25072843},{"data_generator_T":9.7200003,"data_generator_Z":0.25093624},{"data_generator_T":9.7399998,"data_generator_Z":0.25112751},{"data_generator_T":9.7600002,"data_generator_Z":0.25130233},{"data_generator_T":9.7799997,"data_generator_Z":0.2514607},{"data_generator_T":9.8000002,"data_generator_Z":0.25160271},{"data_generator_T":9.8199997,"data_generator_Z":0.25172848},{"data_generator_T":9.8400002,"data_generator_Z":0.25183812},{"data_generator_T":9.8599997,"data_generator_Z":0.25193173},{"data_generator_T":9.8800001,"data_generator_Z":0.25200951},{"data_generator_T":9.8999996,"data_generator_Z":0.25207159},{"data_generator_T":9.9200001,"data_generator_Z":0.2521182},{"data_generator_T":9.9399996,"data_generator_Z":0.25214952},{"data_generator_T":9.96,"data_generator_Z":0.25216576},{"data_generator_T":9.9799995,"data_generator_Z":0.25216717},{"data_generator_T":10.0,"data_generator_Z":0.25215402},{"data_generator_T":10.02,"data_generator_Z":0.25212657},{"data_generator_T":10.04,"data_generator_Z":0.25208506},{"data_generator_T":10.06,"data_generator_Z":0.25202984},{"data_generator_T":10.08,"data_generator_Z":0.2519612},{"data_generator_T":10.1,"data_generator_Z":0.25187942},{"data_generator_T":10.12,"data_generator_Z":0.25178486},{"data_generator_T":10.14,"data_generator_Z":0.25167784},{"data_generator_T":10.16,"data_generator_Z":0.25155869},{"data_generator_T":10.18,"data_generator_Z":0.25142777},{"data_generator_T":10.2,"data_generator_Z":0.2512854},{"data_generator_T":10.22,"data_generator_Z":0.25113195},{"data_generator_T":10.24,"data_generator_Z":0.25096777},{"data_generator_T":10.26,"data_generator_Z":0.25079325},{"data_generator_T":10.28,"data_generator_Z":0.25060868},{"data_generator_T":10.3,"data_generator_Z":0.25041446},{"data_generator_T":10.32,"data_generator_Z":0.25021094},{"data_generator_T":10.34,"data_generator_Z":0.24999847},{"data_generator_T":10.36,"data_generator_Z":0.24977736},{"data_generator_T":10.38,"data_generator_Z":0.249548},{"data_generator_T":10.4,"data_generator_Z":0.2493107},{"data_generator_T":10.42,"data_generator_Z":0.2490658},{"data_generator_T":10.44,"data_generator_Z":0.24881363},{"data_generator_T":10.46,"data_generator_Z":0.2485545},{"data_generator_T":10.48,"data_generator_Z":0.24828874},{"data_generator_T":10.5,"data_generator_Z":0.24801663},{"data_generator_T":10.52,"data_generator_Z":0.24773848},{"data_generator_T":10.54,"data_generator_Z":0.24745457},{"data_generator_T":10.56,"data_generator_Z":0.24716519},{"data_generator_T":10.58,"data_generator_Z":0.24687062},{"data_generator_T":10.6,"data_generator_Z":0.24657111},{"data_generator_T":10.62,"data_generator_Z":0.2462669},{"data_generator_T":10.64,"data_generator_Z":0.24595827},{"data_generator_T":10.66,"data_generator_Z":0.24564542},{"data_generator_T":10.68,"data_generator_Z":0.24532862},{"data_generator_T":10.7,"data_generator_Z":0.24500805},{"data_generator_T":10.72,"data_generator_Z":0.24468395},{"data_generator_T":10.74,"data_generator_Z":0.24435651},{"data_generator_T":10.76,"data_generator_Z":0.24402593},{"data_generator_T":10.78,"data_generator_Z":0.2436924},{"data_generator_T":10.8,"data_generator_Z":0.24335608},{"data_generator_T":10.82,"data_generator_Z":0.24301717},{"data_generator_T":10.84,"data_generator_Z":0.24267583},{"data_generator_T":10.86,"data_generator_Z":0.24233219},{"data_generator_T":10.88,"data_generator_Z":0.24198642},{"data_generator_T":10.9,"data_generator_Z":0.24163868},{"data_generator_T":10.92,"data_generator_Z":0.24128906},{"data_generator_T":10.94,"data_generator_Z":0.24093774},{"data_generator_T":10.96,"data_generator_Z":0.24058484},{"data_generator_T":10.98,"data_generator_Z":0.24023044},{"data_generator_T":11.0,"data_generator_Z":0.23987469},{"data_generator_T":11.02,"data_generator_Z":0.23951769},{"data_generator_T":11.04,"data_generator_Z":0.23915954},{"data_generator_T":11.06,"data_generator_Z":0.23880033},{"data_generator_T":11.08,"data_generator_Z":0.23844017},{"data_generator_T":11.1,"data_generator_Z":0.23807915},{"data_generator_T":11.12,"data_generator_Z":0.23771733},{"data_generator_T":11.14,"data_generator_Z":0.23735482},{"data_generator_T":11.16,"data_generator_Z":0.23699167},{"data_generator_T":11.18,"data_generator_Z":0.23662798},{"data_generator_T":11.2,"data_generator_Z":0.2362638},{"data_generator_T":11.22,"data_generator_Z":0.23589921},{"data_generator_T":11.24,"data_generator_Z":0.23553425},{"data_generator_T":11.26,"data_generator_Z":0.23516901},{"data_generator_T":11.28,"data_generator_Z":0.23480353},{"data_generator_T":11.3,"data_generator_Z":0.23443787},{"data_generator_T":11.32,"data_generator_Z":0.23407206},{"data_generator_T":11.34,"data_generator_Z":0.23370619},{"data_generator_T":11.36,"data_generator_Z":0.23334026},{"data_generator_T":11.38,"data_generator_Z":0.23297435},{"data_generator_T":11.4,"data_generator_Z":0.23260848},{"data_generator_T":11.42,"data_generator_Z":0.2322427},{"data_generator_T":11.44,"data_generator_Z":0.23187706},{"data_generator_T":11.46,"data_generator_Z":0.23151158},{"data_generator_T":11.48,"data_generator_Z":0.23114628},{"data_generator_T":11.5,"data_generator_Z":0.23078121},{"data_generator_T":11.52,"data_generator_Z":0.23041642},{"data_generator_T":11.54,"data_generator_Z":0.2300519},{"data_generator_T":11.56,"data_generator_Z":0.22968771},{"data_generator_T":11.58,"data_generator_Z":0.22932385},{"data_generator_T":11.6,"data_generator_Z":0.22896035},{"data_generator_T":11.62,"data_generator_Z":0.22859725},{"data_generator_T":11.64,"data_generator_Z":0.22823457},{"data_generator_T":11.66,"data_generator_Z":0.22787233},{"data_generator_T":11.68,"data_generator_Z":0.22751053},{"data_generator_T":11.7,"data_generator_Z":0.22714922},{"data_generator_T":11.72,"data_generator_Z":0.22678839},{"data_generator_T":11.74,"data_generator_Z":0.22642808},{"data_generator_T":11.76,"data_generator_Z":0.22606829},{"data_generator_T":11.78,"data_generator_Z":0.22570904},{"data_generator_T":11.8,"data_generator_Z":0.22535035},{"data_generator_T":11.82,"data_generator_Z":0.22499223},{"data_generator_T":11.84,"data_generator_Z":0.22463471},{"data_generator_T":11.86,"data_generator_Z":0.22427776},{"data_generator_T":11.88,"data_generator_Z":0.22392143},{"data_generator_T":11.9,"data_generator_Z":0.22356573},{"data_generator_T":11.92,"data_generator_Z":0.22321065},{"data_generator_T":11.94,"data_generator_Z":0.22285621},{"data_generator_T":11.96,"data_generator_Z":0.22250243},{"data_generator_T":11.98,"data_generator_Z":0.2221493},{"data_generator_T":12.0,"data_generator_Z":0.22179684},{"data_generator_T":12.02,"data_generator_Z":0.22144505},{"data_generator_T":12.04,"data_generator_Z":0.22109394},{"data_generator_T":12.06,"data_generator_Z":0.22074354},{"data_generator_T":12.08,"data_generator_Z":0.22039382},{"data_generator_T":12.1,"data_generator_Z":0.22004481},{"data_generator_T":12.12,"data_generator_Z":0.21969649},{"data_generator_T":12.14,"data_generator_Z":0.21934891},{"data_generator_T":12.16,"data_generator_Z":0.21900204},{"data_generator_T":12.18,"data_generator_Z":0.21865588},{"data_generator_T":12.2,"data_generator_Z":0.21831048},{"data_generator_T":12.22,"data_generator_Z":0.21796578},{"data_generator_T":12.24,"data_generator_Z":0.21762183},{"data_generator_T":12.26,"data_generator_Z":0.21727863},{"data_generator_T":12.28,"data_generator_Z":0.21693617},{"data_generator_T":12.3,"data_generator_Z":0.21659446},{"data_generator_T":12.32,"data_generator_Z":0.2162535},{"data_generator_T":12.34,"data_generator_Z":0.2159133},{"data_generator_T":12.36,"data_generator_Z":0.21557383},{"data_generator_T":12.38,"data_generator_Z":0.21523514},{"data_generator_T":12.4,"data_generator_Z":0.21489722},{"data_generator_T":12.42,"data_generator_Z":0.21456003},{"data_generator_T":12.44,"data_generator_Z":0.21422364},{"data_generator_T":12.46,"data_generator_Z":0.21388799},{"data_generator_T":12.48,"data_generator_Z":0.21355312},{"data_generator_T":12.5,"data_generator_Z":0.21321902},{"data_generator_T":12.52,"data_generator_Z":0.21288568},{"data_generator_T":12.54,"data_generator_Z":0.21255311},{"data_generator_T":12.56,"data_generator_Z":0.21222132},{"data_generator_T":12.58,"data_generator_Z":0.21189031},{"data_generator_T":12.6,"data_generator_Z":0.21156007},{"data_generator_T":12.62,"data_generator_Z":0.21123059},{"data_generator_T":12.64,"data_generator_Z":0.2109019},{"data_generator_T":12.66,"data_generator_Z":0.21057399},{"data_generator_T":12.68,"data_generator_Z":0.21024683},{"data_generator_T":12.7,"data_generator_Z":0.20992047},{"data_generator_T":12.72,"data_generator_Z":0.20959488},{"data_generator_T":12.74,"data_generator_Z":0.20927006},{"data_generator_T":12.76,"data_generator_Z":0.208946},{"data_generator_T":12.78,"data_generator_Z":0.20862274},{"data_generator_T":12.8,"data_generator_Z":0.20830025},{"data_generator_T":12.82,"data_generator_Z":0.20797853},{"data_generator_T":12.84,"data_generator_Z":0.20765759},{"data_generator_T":12.86,"data_generator_Z":0.20733741},{"data_generator_T":12.88,"data_generator_Z":0.20701802},{"data_generator_T":12.9,"data_generator_Z":0.20669939},{"data_generator_T":12.92,"data_generator_Z":0.20638153},{"data_generator_T":12.94,"data_generator_Z":0.20606445},{"data_generator_T":12.96,"data_generator_Z":0.20574814},{"data_generator_T":12.98,"data_generator_Z":0.20543259},{"data_generator_T":13.0,"data_generator_Z":0.20511782},{"data_generator_T":13.02,"data_generator_Z":0.20480381},{"data_generator_T":13.04,"data_generator_Z":0.20449057},{"data_generator_T":13.06,"data_generator_Z":0.20417809},{"data_generator_T":13.08,"data_generator_Z":0.20386639},{"data_generator_T":13.1,"data_generator_Z":0.20355545},{"data_generator_T":13.12,"data_generator_Z":0.20324527},{"data_generator_T":13.14,"data_generator_Z":0.20293584},{"data_generator_T":13.16,"data_generator_Z":0.2026272},{"data_generator_T":13.18,"data_generator_Z":0.20231929},{"data_generator_T":13.2,"data_generator_Z":0.20201215},{"data_generator_T":13.22,"data_generator_Z":0.20170577},{"data_generator_T":13.24,"data_generator_Z":0.20140015},{"data_generator_T":13.26,"data_generator_Z":0.20109527},{"data_generator_T":13.28,"data_generator_Z":0.20079115},{"data_generator_T":13.3,"data_generator_Z":0.20048778},{"data_generator_T":13.32,"data_generator_Z":0.20018516},{"data_generator_T":13.34,"data_generator_Z":0.1998833},{"data_generator_T":13.36,"data_generator_Z":0.19958217},{"data_generator_T":13.38,"data_generator_Z":0.19928181},{"data_generator_T":13.4,"data_generator_Z":0.19898218},{"data_generator_T":13.42,"data_generator_Z":0.19868331},{"data_generator_T":13.44,"data_generator_Z":0.19838516},{"data_generator_T":13.46,"data_generator_Z":0.19808777},{"data_generator_T":13.48,"data_generator_Z":0.19779111},{"data_generator_T":13.5,"data_generator_Z":0.19749519},{"data_generator_T":13.52,"data_generator_Z":0.1972},{"data_generator_T":13.54,"data_generator_Z":0.19690555},{"data_generator_T":13.56,"data_generator_Z":0.19661185},{"data_generator_T":13.58,"data_generator_Z":0.19631886},{"data_generator_T":13.6,"data_generator_Z":0.19602662},{"data_generator_T":13.62,"data_generator_Z":0.1957351},{"data_generator_T":13.64,"data_generator_Z":0.19544432},{"data_generator_T":13.66,"data_generator_Z":0.19515425},{"data_generator_T":13.68,"data_generator_Z":0.19486491},{"data_generator_T":13.7,"data_generator_Z":0.19457629},{"data_generator_T":13.72,"data_generator_Z":0.1942884},{"data_generator_T":13.74,"data_generator_Z":0.19400123},{"data_generator_T":13.76,"data_generator_Z":0.19371478},{"data_generator_T":13.78,"data_generator_Z":0.19342904},{"data_generator_T":13.8,"data_generator_Z":0.19314402},{"data_generator_T":13.82,"data_generator_Z":0.19285972},{"data_generator_T":13.84,"data_generator_Z":0.19257613},{"data_generator_T":13.86,"data_generator_Z":0.19229326},{"data_generator_T":13.88,"data_generator_Z":0.19201109},{"data_generator_T":13.9,"data_generator_Z":0.19172962},{"data_generator_T":13.92,"data_generator_Z":0.19144887},{"data_generator_T":13.94,"data_generator_Z":0.19116883},{"data_generator_T":13.96,"data_generator_Z":0.19088948},{"data_generator_T":13.98,"data_generator_Z":0.19061084},{"data_generator_T":14.0,"data_generator_Z":0.1903329},{"data_generator_T":14.02,"data_generator_Z":0.19005565},{"data_generator_T":14.04,"data_generator_Z":0.18977912},{"data_generator_T":14.06,"data_generator_Z":0.18950327},{"data_generator_T":14.08,"data_generator_Z":0.18922812},{"data_generator_T":14.1,"data_generator_Z":0.18895367},{"data_generator_T":14.12,"data_generator_Z":0.1886799},{"data_generator_T":14.14,"data_generator_Z":0.18840683},{"data_generator_T":14.16,"data_generator_Z":0.18813445},{"data_generator_T":14.18,"data_generator_Z":0.18786275},{"data_generator_T":14.2,"data_generator_Z":0.18759175},{"data_generator_T":14.22,"data_generator_Z":0.18732141},{"data_generator_T":14.24,"data_generator_Z":0.18705177},{"data_generator_T":14.26,"data_generator_Z":0.18678281},{"data_generator_T":14.28,"data_generator_Z":0.18651453},{"data_generator_T":14.3,"data_generator_Z":0.18624693},{"data_generator_T":14.32,"data_generator_Z":0.18598001},{"data_generator_T":14.34,"data_generator_Z":0.18571375},{"data_generator_T":14.36,"data_generator_Z":0.18544818},{"data_generator_T":14.38,"data_generator_Z":0.18518327},{"data_generator_T":14.4,"data_generator_Z":0.18491904},{"data_generator_T":14.42,"data_generator_Z":0.18465549},{"data_generator_T":14.44,"data_generator_Z":0.1843926},{"data_generator_T":14.46,"data_generator_Z":0.18413037},{"data_generator_T":14.48,"data_generator_Z":0.18386881},{"data_generator_T":14.5,"data_generator_Z":0.18360792},{"data_generator_T":14.52,"data_generator_Z":0.18334769},{"data_generator_T":14.54,"data_generator_Z":0.18308812},{"data_generator_T":14.56,"data_generator_Z":0.1828292},{"data_generator_T":14.58,"data_generator_Z":0.18257095},{"data_generator_T":14.6,"data_generator_Z":0.18231337},{"data_generator_T":14.62,"data_generator_Z":0.18205643},{"data_generator_T":14.64,"data_generator_Z":0.18180014},{"data_generator_T":14.66,"data_generator_Z":0.18154451},{"data_generator_T":14.68,"data_generator_Z":0.18128952},{"data_generator_T":14.7,"data_generator_Z":0.18103521},{"data_generator_T":14.72,"data_generator_Z":0.18078151},{"data_generator_T":14.74,"data_generator_Z":0.18052849},{"data_generator_T":14.76,"data_generator_Z":0.1802761},{"data_generator_T":14.78,"data_generator_Z":0.18002436},{"data_generator_T":14.8,"data_generator_Z":0.17977326},{"data_generator_T":14.82,"data_generator_Z":0.1795228},{"data_generator_T":14.84,"data_generator_Z":0.17927299},{"data_generator_T":14.86,"data_generator_Z":0.17902382},{"data_generator_T":14.88,"data_generator_Z":0.17877528},{"data_generator_T":14.9,"data_generator_Z":0.17852737},{"data_generator_T":14.92,"data_generator_Z":0.1782801},{"data_generator_T":14.94,"data_generator_Z":0.17803347},{"data_generator_T":14.96,"data_generator_Z":0.17778747},{"data_generator_T":14.98,"data_generator_Z":0.17754211},{"data_generator_T":15.0,"data_generator_Z":0.17729737},{"data_generator_T":15.02,"data_generator_Z":0.17705326},{"data_generator_T":15.04,"data_generator_Z":0.17680977},{"data_generator_T":15.06,"data_generator_Z":0.17656691},{"data_generator_T":15.08,"data_generator_Z":0.1763247},{"data_generator_T":15.1,"data_generator_Z":0.17608309},{"data_generator_T":15.12,"data_generator_Z":0.17584209},{"data_generator_T":15.14,"data_generator_Z":0.17560174},{"data_generator_T":15.16,"data_generator_Z":0.17536199},{"data_generator_T":15.18,"data_generator_Z":0.17512286},{"data_generator_T":15.2,"data_generator_Z":0.17488435},{"data_generator_T":15.22,"data_generator_Z":0.17464647},{"data_generator_T":15.24,"data_generator_Z":0.17440918},{"data_generator_T":15.26,"data_generator_Z":0.17417252},{"data_generator_T":15.28,"data_generator_Z":0.17393647},{"data_generator_T":15.3,"data_generator_Z":0.17370103},{"data_generator_T":15.32,"data_generator_Z":0.17346619},{"data_generator_T":15.34,"data_generator_Z":0.17323197},{"data_generator_T":15.36,"data_generator_Z":0.17299835},{"data_generator_T":15.38,"data_generator_Z":0.17276534},{"data_generator_T":15.4,"data_generator_Z":0.17253295},{"data_generator_T":15.42,"data_generator_Z":0.17230114},{"data_generator_T":15.44,"data_generator_Z":0.17206994},{"data_generator_T":15.46,"data_generator_Z":0.17183934},{"data_generator_T":15.48,"data_generator_Z":0.17160934},{"data_generator_T":15.5,"data_generator_Z":0.17137995},{"data_generator_T":15.52,"data_generator_Z":0.17115115},{"data_generator_T":15.54,"data_generator_Z":0.17092295},{"data_generator_T":15.56,"data_generator_Z":0.17069533},{"data_generator_T":15.58,"data_generator_Z":0.17046832},{"data_generator_T":15.6,"data_generator_Z":0.17024189},{"data_generator_T":15.62,"data_generator_Z":0.17001607},{"data_generator_T":15.64,"data_generator_Z":0.16979082},{"data_generator_T":15.66,"data_generator_Z":0.16956617},{"data_generator_T":15.68,"data_generator_Z":0.1693421},{"data_generator_T":15.7,"data_generator_Z":0.16911863},{"data_generator_T":15.72,"data_generator_Z":0.16889574},{"data_generator_T":15.74,"data_generator_Z":0.16867344},{"data_generator_T":15.76,"data_generator_Z":0.16845171},{"data_generator_T":15.78,"data_generator_Z":0.16823058},{"data_generator_T":15.8,"data_generator_Z":0.16801001},{"data_generator_T":15.82,"data_generator_Z":0.16779004},{"data_generator_T":15.84,"data_generator_Z":0.16757064},{"data_generator_T":15.86,"data_generator_Z":0.16735181},{"data_generator_T":15.88,"data_generator_Z":0.16713357},{"data_generator_T":15.9,"data_generator_Z":0.16691589},{"data_generator_T":15.92,"data_generator_Z":0.1666988},{"data_generator_T":15.94,"data_generator_Z":0.16648228},{"data_generator_T":15.96,"data_generator_Z":0.16626634},{"data_generator_T":15.98,"data_generator_Z":0.16605096},{"data_generator_T":16.0,"data_generator_Z":0.16583614},{"data_generator_T":16.02,"data_generator_Z":0.16562191},{"data_generator_T":16.040001,"data_generator_Z":0.16540824},{"data_generator_T":16.059999,"data_generator_Z":0.16519514},{"data_generator_T":16.08,"data_generator_Z":0.16498259},{"data_generator_T":16.1,"data_generator_Z":0.16477062},{"data_generator_T":16.120001,"data_generator_Z":0.1645592},{"data_generator_T":16.139999,"data_generator_Z":0.16434836},{"data_generator_T":16.16,"data_generator_Z":0.16413806},{"data_generator_T":16.18,"data_generator_Z":0.16392834},{"data_generator_T":16.200001,"data_generator_Z":0.16371918},{"data_generator_T":16.219999,"data_generator_Z":0.16351056},{"data_generator_T":16.24,"data_generator_Z":0.16330251},{"data_generator_T":16.26,"data_generator_Z":0.16309501},{"data_generator_T":16.280001,"data_generator_Z":0.16288806},{"data_generator_T":16.299999,"data_generator_Z":0.16268168},{"data_generator_T":16.32,"data_generator_Z":0.16247584},{"data_generator_T":16.34,"data_generator_Z":0.16227056},{"data_generator_T":16.360001,"data_generator_Z":0.16206582},{"data_generator_T":16.379999,"data_generator_Z":0.16186164},{"data_generator_T":16.4,"data_generator_Z":0.161658},{"data_generator_T":16.42,"data_generator_Z":0.16145492},{"data_generator_T":16.440001,"data_generator_Z":0.16125236},{"data_generator_T":16.459999,"data_generator_Z":0.16105038},{"data_generator_T":16.48,"data_generator_Z":0.16084892},{"data_generator_T":16.5,"data_generator_Z":0.160648},{"data_generator_T":16.52,"data_generator_Z":0.16044764},{"data_generator_T":16.540001,"data_generator_Z":0.16024782},{"data_generator_T":16.559999,"data_generator_Z":0.16004853},{"data_generator_T":16.58,"data_generator_Z":0.15984978},{"data_generator_T":16.6,"data_generator_Z":0.15965158},{"data_generator_T":16.620001,"data_generator_Z":0.1594539},{"data_generator_T":16.639999,"data_generator_Z":0.15925677},{"data_generator_T":16.66,"data_generator_Z":0.15906017},{"data_generator_T":16.68,"data_generator_Z":0.1588641},{"data_generator_T":16.700001,"data_generator_Z":0.15866856},{"data_generator_T":16.719999,"data_generator_Z":0.15847357},{"data_generator_T":16.74,"data_generator_Z":0.15827909},{"data_generator_T":16.76,"data_generator_Z":0.15808515},{"data_generator_T":16.780001,"data_generator_Z":0.15789174},{"data_generator_T":16.799999,"data_generator_Z":0.15769885},{"data_generator_T":16.82,"data_generator_Z":0.1575065},{"data_generator_T":16.84,"data_generator_Z":0.15731467},{"data_generator_T":16.860001,"data_generator_Z":0.15712336},{"data_generator_T":16.879999,"data_generator_Z":0.15693258},{"data_generator_T":16.9,"data_generator_Z":0.15674232},{"data_generator_T":16.92,"data_generator_Z":0.15655258},{"data_generator_T":16.940001,"data_generator_Z":0.15636337},{"data_generator_T":16.959999,"data_generator_Z":0.15617467},{"data_generator_T":16.98,"data_generator_Z":0.1559865},{"data_generator_T":17.0,"data_generator_Z":0.15579884},{"data_generator_T":17.02,"data_generator_Z":0.15561169},{"data_generator_T":17.040001,"data_generator_Z":0.15542507},{"data_generator_T":17.059999,"data_generator_Z":0.15523896},{"data_generator_T":17.08,"data_generator_Z":0.15505336},{"data_generator_T":17.1,"data_generator_Z":0.15486827},{"data_generator_T":17.120001,"data_generator_Z":0.15468371},{"data_generator_T":17.139999,"data_generator_Z":0.15449965},{"data_generator_T":17.16,"data_generator_Z":0.1543161},{"data_generator_T":17.18,"data_generator_Z":0.15413307},{"data_generator_T":17.200001,"data_generator_Z":0.15395053},{"data_generator_T":17.219999,"data_generator_Z":0.15376851},{"data_generator_T":17.24,"data_generator_Z":0.15358698},{"data_generator_T":17.26,"data_generator_Z":0.15340598},{"data_generator_T":17.280001,"data_generator_Z":0.15322547},{"data_generator_T":17.299999,"data_generator_Z":0.15304546},{"data_generator_T":17.32,"data_generator_Z":0.15286596},{"data_generator_T":17.34,"data_generator_Z":0.15268695},{"data_generator_T":17.360001,"data_generator_Z":0.15250845},{"data_generator_T":17.379999,"data_generator_Z":0.15233046},{"data_generator_T":17.4,"data_generator_Z":0.15215296},{"data_generator_T":17.42,"data_generator_Z":0.15197594},{"data_generator_T":17.440001,"data_generator_Z":0.15179944},{"data_generator_T":17.459999,"data_generator_Z":0.15162343},{"data_generator_T":17.48,"data_generator_Z":0.15144791},{"data_generator_T":17.5,"data_generator_Z":0.15127289},{"data_generator_T":17.52,"data_generator_Z":0.15109836},{"data_generator_T":17.540001,"data_generator_Z":0.15092432},{"data_generator_T":17.559999,"data_generator_Z":0.15075077},{"data_generator_T":17.58,"data_generator_Z":0.15057772},{"data_generator_T":17.6,"data_generator_Z":0.15040515},{"data_generator_T":17.620001,"data_generator_Z":0.15023308},{"data_generator_T":17.639999,"data_generator_Z":0.15006149},{"data_generator_T":17.66,"data_generator_Z":0.14989038},{"data_generator_T":17.68,"data_generator_Z":0.14971976},{"data_generator_T":17.700001,"data_generator_Z":0.14954962},{"data_generator_T":17.719999,"data_generator_Z":0.14937997},{"data_generator_T":17.74,"data_generator_Z":0.1492108},{"data_generator_T":17.76,"data_generator_Z":0.14904211},{"data_generator_T":17.780001,"data_generator_Z":0.14887391},{"data_generator_T":17.799999,"data_generator_Z":0.14870618},{"data_generator_T":17.82,"data_generator_Z":0.14853893},{"data_generator_T":17.84,"data_generator_Z":0.14837217},{"data_generator_T":17.860001,"data_generator_Z":0.14820588},{"data_generator_T":17.879999,"data_generator_Z":0.14804006},{"data_generator_T":17.9,"data_generator_Z":0.14787471},{"data_generator_T":17.92,"data_generator_Z":0.14770986},{"data_generator_T":17.940001,"data_generator_Z":0.14754546},{"data_generator_T":17.959999,"data_generator_Z":0.14738154},{"data_generator_T":17.98,"data_generator_Z":0.14721809},{"data_generator_T":18.0,"data_generator_Z":0.14705512},{"data_generator_T":18.02,"data_generator_Z":0.14689261},{"data_generator_T":18.040001,"data_generator_Z":0.14673057},{"data_generator_T":18.059999,"data_generator_Z":0.146569},{"data_generator_T":18.08,"data_generator_Z":0.14640789},{"data_generator_T":18.1,"data_generator_Z":0.14624725},{"data_generator_T":18.120001,"data_generator_Z":0.14608708},{"data_generator_T":18.139999,"data_generator_Z":0.14592737},{"data_generator_T":18.16,"data_generator_Z":0.14576814},{"data_generator_T":18.18,"data_generator_Z":0.14560935},{"data_generator_T":18.200001,"data_generator_Z":0.14545102},{"data_generator_T":18.219999,"data_generator_Z":0.14529316},{"data_generator_T":18.24,"data_generator_Z":0.14513576},{"data_generator_T":18.26,"data_generator_Z":0.14497882},{"data_generator_T":18.280001,"data_generator_Z":0.14482234},{"data_generator_T":18.299999,"data_generator_Z":0.14466631},{"data_generator_T":18.32,"data_generator_Z":0.14451075},{"data_generator_T":18.34,"data_generator_Z":0.14435562},{"data_generator_T":18.360001,"data_generator_Z":0.14420097},{"data_generator_T":18.379999,"data_generator_Z":0.14404675},{"data_generator_T":18.4,"data_generator_Z":0.143893},{"data_generator_T":18.42,"data_generator_Z":0.1437397},{"data_generator_T":18.440001,"data_generator_Z":0.14358684},{"data_generator_T":18.459999,"data_generator_Z":0.14343445},{"data_generator_T":18.48,"data_generator_Z":0.14328249},{"data_generator_T":18.5,"data_generator_Z":0.14313099},{"data_generator_T":18.52,"data_generator_Z":0.14297992},{"data_generator_T":18.540001,"data_generator_Z":0.14282931},{"data_generator_T":18.559999,"data_generator_Z":0.14267914},{"data_generator_T":18.58,"data_generator_Z":0.14252943},{"data_generator_T":18.6,"data_generator_Z":0.14238015},{"data_generator_T":18.620001,"data_generator_Z":0.1422313},{"data_generator_T":18.639999,"data_generator_Z":0.14208291},{"data_generator_T":18.66,"data_generator_Z":0.14193496},{"data_generator_T":18.68,"data_generator_Z":0.14178744},{"data_generator_T":18.700001,"data_generator_Z":0.14164037},{"data_generator_T":18.719999,"data_generator_Z":0.14149372},{"data_generator_T":18.74,"data_generator_Z":0.14134753},{"data_generator_T":18.76,"data_generator_Z":0.14120176},{"data_generator_T":18.780001,"data_generator_Z":0.14105643},{"data_generator_T":18.799999,"data_generator_Z":0.14091155},{"data_generator_T":18.82,"data_generator_Z":0.14076708},{"data_generator_T":18.84,"data_generator_Z":0.14062306},{"data_generator_T":18.860001,"data_generator_Z":0.14047946},{"data_generator_T":18.879999,"data_generator_Z":0.1403363},{"data_generator_T":18.9,"data_generator_Z":0.14019357},{"data_generator_T":18.92,"data_generator_Z":0.14005126},{"data_generator_T":18.940001,"data_generator_Z":0.13990939},{"data_generator_T":18.959999,"data_generator_Z":0.13976794},{"data_generator_T":18.98,"data_generator_Z":0.13962692},{"data_generator_T":19.0,"data_generator_Z":0.13948633},{"data_generator_T":19.02,"data_generator_Z":0.13934615},{"data_generator_T":19.040001,"data_generator_Z":0.13920641},{"data_generator_T":19.059999,"data_generator_Z":0.13906708},{"data_generator_T":19.08,"data_generator_Z":0.13892817},{"data_generator_T":19.1,"data_generator_Z":0.1387897},{"data_generator_T":19.120001,"data_generator_Z":0.13865164},{"data_generator_T":19.139999,"data_generator_Z":0.138514},{"data_generator_T":19.16,"data_generator_Z":0.13837677},{"data_generator_T":19.18,"data_generator_Z":0.13823996},{"data_generator_T":19.200001,"data_generator_Z":0.13810359},{"data_generator_T":19.219999,"data_generator_Z":0.13796762},{"data_generator_T":19.24,"data_generator_Z":0.13783206},{"data_generator_T":19.26,"data_generator_Z":0.13769692},{"data_generator_T":19.280001,"data_generator_Z":0.13756219},{"data_generator_T":19.299999,"data_generator_Z":0.13742787},{"data_generator_T":19.32,"data_generator_Z":0.13729396},{"data_generator_T":19.34,"data_generator_Z":0.13716048},{"data_generator_T":19.360001,"data_generator_Z":0.1370274},{"data_generator_T":19.379999,"data_generator_Z":0.13689472},{"data_generator_T":19.4,"data_generator_Z":0.13676246},{"data_generator_T":19.42,"data_generator_Z":0.13663059},{"data_generator_T":19.440001,"data_generator_Z":0.13649915},{"data_generator_T":19.459999,"data_generator_Z":0.1363681},{"data_generator_T":19.48,"data_generator_Z":0.13623746},{"data_generator_T":19.5,"data_generator_Z":0.13610722},{"data_generator_T":19.52,"data_generator_Z":0.13597739},{"data_generator_T":19.540001,"data_generator_Z":0.13584796},{"data_generator_T":19.559999,"data_generator_Z":0.13571891},{"data_generator_T":19.58,"data_generator_Z":0.13559029},{"data_generator_T":19.6,"data_generator_Z":0.13546206},{"data_generator_T":19.620001,"data_generator_Z":0.13533422},{"data_generator_T":19.639999,"data_generator_Z":0.13520679},{"data_generator_T":19.66,"data_generator_Z":0.13507976},{"data_generator_T":19.68,"data_generator_Z":0.13495311},{"data_generator_T":19.700001,"data_generator_Z":0.13482685},{"data_generator_T":19.719999,"data_generator_Z":0.134701},{"data_generator_T":19.74,"data_generator_Z":0.13457555},{"data_generator_T":19.76,"data_generator_Z":0.13445048},{"data_generator_T":19.780001,"data_generator_Z":0.1343258},{"data_generator_T":19.799999,"data_generator_Z":0.13420151},{"data_generator_T":19.82,"data_generator_Z":0.13407762},{"data_generator_T":19.84,"data_generator_Z":0.13395412},{"data_generator_T":19.860001,"data_generator_Z":0.13383099},{"data_generator_T":19.879999,"data_generator_Z":0.13370827},{"data_generator_T":19.9,"data_generator_Z":0.13358593},{"data_generator_T":19.92,"data_generator_Z":0.13346396},{"data_generator_T":19.940001,"data_generator_Z":0.1333424},{"data_generator_T":19.959999,"data_generator_Z":0.13322121},{"data_generator_T":19.98,"data_generator_Z":0.13310039},{"data_generator_T":20.0,"data_generator_Z":0.13297997}]