[{"data_set_T":0.0,"data_set_B":0.0,"data_set_Y":1.4,"data_set_Z":0.1},{"data_set_T":0.02,"data_set_B":0.0,"data_set_Y":1.3858,"data_set_Z":0.11311522},{"data_set_T":0.039999999,"data_set_B":0.0,"data_set_Y":1.374648,"data_set_Z":0.12098932},{"data_set_T":0.059999999,"data_set_B":0.0,"data_set_Y":1.3654634,"data_set_Z":0.12559153},{"data_set_T":0.079999998,"data_set_B":0.0,"data_set_Y":1.3575079,"data_set_Z":0.12820873},{"data_set_T":0.1,"data_set_B":0.0,"data_set_Y":1.3503128,"data_set_Z":0.12964061},{"data_set_T":0.12,"data_set_B":0.0,"data_set_Y":1.3435911,"data_set_Z":0.1303712},{"data_set_T":0.14,"data_set_B":0.0,"data_set_Y":1.33717,"data_set_Z":0.13068931},{"data_set_T":0.16,"data_set_B":0.0,"data_set_Y":1.330947,"data_set_Z":0.13076589},{"data_set_T":0.18000001,"data_set_B":0.0,"data_set_Y":1.3248613,"data_set_Z":0.13070165},{"data_set_T":0.2,"data_set_B":0.0,"data_set_Y":1.3188767,"data_set_Z":0.13055578},{"data_set_T":0.22,"data_set_B":0.0,"data_set_Y":1.3129723,"data_set_Z":0.13036302},{"data_set_T":0.23999999,"data_set_B":0.0,"data_set_Y":1.3071352,"data_set_Z":0.1301437},{"data_set_T":0.25999999,"data_set_B":0.0,"data_set_Y":1.3013577,"data_set_Z":0.12990977},{"data_set_T":0.28,"data_set_B":0.0,"data_set_Y":1.2956355,"data_set_Z":0.12966818},{"data_set_T":0.30000001,"data_set_B":0.0,"data_set_Y":1.2899653,"data_set_Z":0.12942302},{"data_set_T":0.31999999,"data_set_B":0.0,"data_set_Y":1.2843455,"data_set_Z":0.12917668},{"data_set_T":0.34,"data_set_B":0.0,"data_set_Y":1.2787747,"data_set_Z":0.12893052},{"data_set_T":0.36000001,"data_set_B":0.0,"data_set_Y":1.2732522,"data_set_Z":0.12868537},{"data_set_T":0.38,"data_set_B":0.0,"data_set_Y":1.2677772,"data_set_Z":0.12844168},{"data_set_T":0.40000001,"data_set_B":0.0,"data_set_Y":1.262349,"data_set_Z":0.12819971},{"data_set_T":0.41999999,"data_set_B":0.0,"data_set_Y":1.2569672,"data_set_Z":0.12795961},{"data_set_T":0.44,"data_set_B":0.0,"data_set_Y":1.2516313,"data_set_Z":0.12772146},{"data_set_T":0.46000001,"data_set_B":0.0,"data_set_Y":1.2463409,"data_set_Z":0.12748529},{"data_set_T":0.47999999,"data_set_B":0.0,"data_set_Y":1.2410957,"data_set_Z":0.12725112},{"data_set_T":0.5,"data_set_B":0.0,"data_set_Y":1.235895,"data_set_Z":0.12701894},{"data_set_T":0.51999998,"data_set_B":0.0,"data_set_Y":1.2307388,"data_set_Z":0.12678877},{"data_set_T":0.54000002,"data_set_B":0.0,"data_set_Y":1.2256263,"data_set_Z":0.12656055},{"data_set_T":0.56,"data_set_B":0.0,"data_set_Y":1.2205575,"data_set_Z":0.12633431},{"data_set_T":0.57999998,"data_set_B":0.0,"data_set_Y":1.2155317,"data_set_Z":0.12611},{"data_set_T":0.60000002,"data_set_B":0.0,"data_set_Y":1.2105488,"data_set_Z":0.12588763},{"data_set_T":0.62,"data_set_B":0.0,"data_set_Y":1.2056084,"data_set_Z":0.12566717},{"data_set_T":0.63999999,"data_set_B":0.0,"data_set_Y":1.2007099,"data_set_Z":0.12544858},{"data_set_T":0.66000003,"data_set_B":0.0,"data_set_Y":1.1958531,"data_set_Z":0.12523189},{"data_set_T":0.68000001,"data_set_B":0.0,"data_set_Y":1.1910378,"data_set_Z":0.12501705},{"data_set_T":0.69999999,"data_set_B":0.0,"data_set_Y":1.1862633,"data_set_Z":0.12480406},{"data_set_T":0.72000003,"data_set_B":0.0,"data_set_Y":1.1815295,"data_set_Z":0.12459288},{"data_set_T":0.74000001,"data_set_B":0.0,"data_set_Y":1.1768361,"data_set_Z":0.12438351},{"data_set_T":0.75999999,"data_set_B":0.0,"data_set_Y":1.1721826,"data_set_Z":0.12417593},{"data_set_T":0.77999997,"data_set_B":0.0,"data_set_Y":1.1675687,"data_set_Z":0.12397012},{"data_set_T":0.80000001,"data_set_B":0.0,"data_set_Y":1.162994,"data_set_Z":0.12376606},{"data_set_T":0.81999999,"data_set_B":0.0,"data_set_Y":1.1584584,"data_set_Z":0.12356375},{"data_set_T":0.83999997,"data_set_B":0.0,"data_set_Y":1.1539612,"data_set_Z":0.12336317},{"data_set_T":0.86000001,"data_set_B":0.0,"data_set_Y":1.1495024,"data_set_Z":0.12316429},{"data_set_T":0.88,"data_set_B":0.0,"data_set_Y":1.1450815,"data_set_Z":0.1229671},{"data_set_T":0.89999998,"data_set_B":0.0,"data_set_Y":1.1406983,"data_set_Z":0.1227716},{"data_set_T":0.92000002,"data_set_B":0.0,"data_set_Y":1.1363524,"data_set_Z":0.12257775},{"data_set_T":0.94,"data_set_B":0.0,"data_set_Y":1.1320435,"data_set_Z":0.12238555},{"data_set_T":0.95999998,"data_set_B":0.0,"data_set_Y":1.1277713,"data_set_Z":0.12219499},{"data_set_T":0.98000002,"data_set_B":0.0,"data_set_Y":1.1235354,"data_set_Z":0.12200604},{"data_set_T":1.0,"data_set_B":0.0,"data_set_Y":1.1193357,"data_set_Z":0.1218187},{"data_set_T":1.02,"data_set_B":0.0,"data_set_Y":1.1151716,"data_set_Z":0.12163295},{"data_set_T":1.04,"data_set_B":0.0,"data_set_Y":1.111043,"data_set_Z":0.12144876},{"data_set_T":1.0599999,"data_set_B":0.0,"data_set_Y":1.1069496,"data_set_Z":0.12126615},{"data_set_T":1.08,"data_set_B":0.0,"data_set_Y":1.1028911,"data_set_Z":0.12108508},{"data_set_T":1.1,"data_set_B":0.0,"data_set_Y":1.0988671,"data_set_Z":0.12090553},{"data_set_T":1.12,"data_set_B":0.0,"data_set_Y":1.0948774,"data_set_Z":0.12072752},{"data_set_T":1.14,"data_set_B":0.0,"data_set_Y":1.0909216,"data_set_Z":0.12055101},{"data_set_T":1.16,"data_set_B":0.0,"data_set_Y":1.0869997,"data_set_Z":0.12037598},{"data_set_T":1.1799999,"data_set_B":0.0,"data_set_Y":1.083111,"data_set_Z":0.12020244},{"data_set_T":1.2,"data_set_B":0.0,"data_set_Y":1.0792555,"data_set_Z":0.12003037},{"data_set_T":1.22,"data_set_B":0.0,"data_set_Y":1.0754329,"data_set_Z":0.11985975},{"data_set_T":1.24,"data_set_B":0.0,"data_set_Y":1.0716428,"data_set_Z":0.11969057},{"data_set_T":1.26,"data_set_B":0.0,"data_set_Y":1.067885,"data_set_Z":0.11952282},{"data_set_T":1.28,"data_set_B":0.0,"data_set_Y":1.0641593,"data_set_Z":0.11935648},{"data_set_T":1.3,"data_set_B":0.0,"data_set_Y":1.0604653,"data_set_Z":0.11919156},{"data_set_T":1.3200001,"data_set_B":0.0,"data_set_Y":1.0568029,"data_set_Z":0.11902802},{"data_set_T":1.34,"data_set_B":0.0,"data_set_Y":1.0531716,"data_set_Z":0.11886586},{"data_set_T":1.36,"data_set_B":0.0,"data_set_Y":1.0495713,"data_set_Z":0.11870506},{"data_set_T":1.38,"data_set_B":0.0,"data_set_Y":1.0460017,"data_set_Z":0.11854563},{"data_set_T":1.4,"data_set_B":0.0,"data_set_Y":1.0424626,"data_set_Z":0.11838754},{"data_set_T":1.42,"data_set_B":0.0,"data_set_Y":1.0389535,"data_set_Z":0.11823077},{"data_set_T":1.4400001,"data_set_B":0.0,"data_set_Y":1.0354745,"data_set_Z":0.11807533},{"data_set_T":1.46,"data_set_B":0.0,"data_set_Y":1.0320252,"data_set_Z":0.1179212},{"data_set_T":1.48,"data_set_B":0.0,"data_set_Y":1.0286052,"data_set_Z":0.11776837},{"data_set_T":1.5,"data_set_B":0.0,"data_set_Y":1.0252146,"data_set_Z":0.11761682},{"data_set_T":1.52,"data_set_B":0.0,"data_set_Y":1.0218527,"data_set_Z":0.11746656},{"data_set_T":1.54,"data_set_B":0.0,"data_set_Y":1.0185196,"data_set_Z":0.11731756},{"data_set_T":1.5599999,"data_set_B":0.0,"data_set_Y":1.0152149,"data_set_Z":0.1171698},{"data_set_T":1.58,"data_set_B":0.0,"data_set_Y":1.0119385,"data_set_Z":0.1170233},{"data_set_T":1.6,"data_set_B":0.0,"data_set_Y":1.00869,"data_set_Z":0.11687803},{"data_set_T":1.62,"data_set_B":0.0,"data_set_Y":1.0054693,"data_set_Z":0.11673398},{"data_set_T":1.64,"data_set_B":0.0,"data_set_Y":1.0022761,"data_set_Z":0.11659114},{"data_set_T":1.66,"data_set_B":0.0,"data_set_Y":0.9991101,"data_set_Z":0.11644951},{"data_set_T":1.6799999,"data_set_B":0.0,"data_set_Y":0.9959712,"data_set_Z":0.11630906},{"data_set_T":1.7,"data_set_B":0.0,"data_set_Y":0.99285913,"data_set_Z":0.1161698},{"data_set_T":1.72,"data_set_B":0.0,"data_set_Y":0.98977363,"data_set_Z":0.11603171},{"data_set_T":1.74,"data_set_B":0.0,"data_set_Y":0.98671448,"data_set_Z":0.11589478},{"data_set_T":1.76,"data_set_B":0.0,"data_set_Y":0.9836815,"data_set_Z":0.11575901},{"data_set_T":1.78,"data_set_B":0.0,"data_set_Y":0.98067445,"data_set_Z":0.11562437},{"data_set_T":1.8,"data_set_B":0.0,"data_set_Y":0.97769314,"data_set_Z":0.11549087},{"data_set_T":1.8200001,"data_set_B":0.0,"data_set_Y":0.97473729,"data_set_Z":0.11535849},{"data_set_T":1.84,"data_set_B":0.0,"data_set_Y":0.9718067,"data_set_Z":0.11522722},{"data_set_T":1.86,"data_set_B":0.0,"data_set_Y":0.96890122,"data_set_Z":0.11509706},{"data_set_T":1.88,"data_set_B":0.0,"data_set_Y":0.96602052,"data_set_Z":0.11496799},{"data_set_T":1.9,"data_set_B":0.0,"data_set_Y":0.96316457,"data_set_Z":0.11484002},{"data_set_T":1.92,"data_set_B":0.0,"data_set_Y":0.96033299,"data_set_Z":0.11471311},{"data_set_T":1.9400001,"data_set_B":0.0,"data_set_Y":0.95752567,"data_set_Z":0.11458727},{"data_set_T":1.96,"data_set_B":0.0,"data_set_Y":0.95474237,"data_set_Z":0.11446249},{"data_set_T":1.98,"data_set_B":0.0,"data_set_Y":0.95198286,"data_set_Z":0.11433876},{"data_set_T":2.0,"data_set_B":0.0,"data_set_Y":0.949247,"data_set_Z":0.11421607},{"data_set_T":2.02,"data_set_B":0.0,"data_set_Y":0.94653463,"data_set_Z":0.11409442},{"data_set_T":2.04,"data_set_B":0.0,"data_set_Y":0.94384539,"data_set_Z":0.11397379},{"data_set_T":2.0599999,"data_set_B":0.0,"data_set_Y":0.94117928,"data_set_Z":0.11385417},{"data_set_T":2.0799999,"data_set_B":0.0,"data_set_Y":0.93853593,"data_set_Z":0.11373556},{"data_set_T":2.0999999,"data_set_B":0.0,"data_set_Y":0.93591529,"data_set_Z":0.11361795},{"data_set_T":2.1199999,"data_set_B":0.0,"data_set_Y":0.93331707,"data_set_Z":0.11350133},{"data_set_T":2.1400001,"data_set_B":0.0,"data_set_Y":0.93074113,"data_set_Z":0.11338568},{"data_set_T":2.1600001,"data_set_B":0.0,"data_set_Y":0.92818731,"data_set_Z":0.11327101},{"data_set_T":2.1800001,"data_set_B":0.0,"data_set_Y":0.92565536,"data_set_Z":0.11315732},{"data_set_T":2.2,"data_set_B":0.0,"data_set_Y":0.92314512,"data_set_Z":0.11304457},{"data_set_T":2.22,"data_set_B":0.0,"data_set_Y":0.92065638,"data_set_Z":0.11293277},{"data_set_T":2.24,"data_set_B":0.0,"data_set_Y":0.91818899,"data_set_Z":0.11282192},{"data_set_T":2.26,"data_set_B":0.0,"data_set_Y":0.91574281,"data_set_Z":0.112712},{"data_set_T":2.28,"data_set_B":0.0,"data_set_Y":0.91331756,"data_set_Z":0.112603},{"data_set_T":2.3,"data_set_B":0.0,"data_set_Y":0.91091317,"data_set_Z":0.11249492},{"data_set_T":2.3199999,"data_set_B":0.0,"data_set_Y":0.9085294,"data_set_Z":0.11238776},{"data_set_T":2.3399999,"data_set_B":0.0,"data_set_Y":0.90616608,"data_set_Z":0.11228149},{"data_set_T":2.3599999,"data_set_B":0.0,"data_set_Y":0.90382308,"data_set_Z":0.11217613},{"data_set_T":2.3800001,"data_set_B":0.0,"data_set_Y":0.90150017,"data_set_Z":0.11207165},{"data_set_T":2.4000001,"data_set_B":0.0,"data_set_Y":0.89919722,"data_set_Z":0.11196805},{"data_set_T":2.4200001,"data_set_B":0.0,"data_set_Y":0.89691406,"data_set_Z":0.11186532},{"data_set_T":2.4400001,"data_set_B":0.0,"data_set_Y":0.89465052,"data_set_Z":0.11176346},{"data_set_T":2.46,"data_set_B":0.0,"data_set_Y":0.8924064,"data_set_Z":0.11166246},{"data_set_T":2.48,"data_set_B":0.0,"data_set_Y":0.8901816,"data_set_Z":0.11156231},{"data_set_T":2.5,"data_set_B":0.0,"data_set_Y":0.88797593,"data_set_Z":0.11146301},{"data_set_T":2.52,"data_set_B":0.0,"data_set_Y":0.88578916,"data_set_Z":0.11136454},{"data_set_T":2.54,"data_set_B":0.0,"data_set_Y":0.88362122,"data_set_Z":0.1112669},{"data_set_T":2.5599999,"data_set_B":0.0,"data_set_Y":0.88147193,"data_set_Z":0.11117009},{"data_set_T":2.5799999,"data_set_B":0.0,"data_set_Y":0.87934113,"data_set_Z":0.1110741},{"data_set_T":2.5999999,"data_set_B":0.0,"data_set_Y":0.87722868,"data_set_Z":0.11097891},{"data_set_T":2.6199999,"data_set_B":0.0,"data_set_Y":0.87513435,"data_set_Z":0.11088453},{"data_set_T":2.6400001,"data_set_B":0.0,"data_set_Y":0.87305808,"data_set_Z":0.11079095},{"data_set_T":2.6600001,"data_set_B":0.0,"data_set_Y":0.87099963,"data_set_Z":0.11069815},{"data_set_T":2.6800001,"data_set_B":0.0,"data_set_Y":0.86895895,"data_set_Z":0.11060614},{"data_set_T":2.7,"data_set_B":0.0,"data_set_Y":0.86693579,"data_set_Z":0.11051491},{"data_set_T":2.72,"data_set_B":0.0,"data_set_Y":0.86493003,"data_set_Z":0.11042444},{"data_set_T":2.74,"data_set_B":0.0,"data_set_Y":0.86294162,"data_set_Z":0.11033475},{"data_set_T":2.76,"data_set_B":0.0,"data_set_Y":0.86097026,"data_set_Z":0.11024581},{"data_set_T":2.78,"data_set_B":0.0,"data_set_Y":0.85901594,"data_set_Z":0.11015762},{"data_set_T":2.8,"data_set_B":0.0,"data_set_Y":0.85707843,"data_set_Z":0.11007018},{"data_set_T":2.8199999,"data_set_B":0.0,"data_set_Y":0.85515761,"data_set_Z":0.10998348},{"data_set_T":2.8399999,"data_set_B":0.0,"data_set_Y":0.8532533,"data_set_Z":0.10989751},{"data_set_T":2.8599999,"data_set_B":0.0,"data_set_Y":0.85136545,"data_set_Z":0.10981227},{"data_set_T":2.8800001,"data_set_B":0.0,"data_set_Y":0.84949386,"data_set_Z":0.10972775},{"data_set_T":2.9000001,"data_set_B":0.0,"data_set_Y":0.84763843,"data_set_Z":0.10964394},{"data_set_T":2.9200001,"data_set_B":0.0,"data_set_Y":0.84579897,"data_set_Z":0.10956085},{"data_set_T":2.9400001,"data_set_B":0.0,"data_set_Y":0.84397542,"data_set_Z":0.10947846},{"data_set_T":2.96,"data_set_B":0.0,"data_set_Y":0.84216756,"data_set_Z":0.10939676},{"data_set_T":2.98,"data_set_B":0.0,"data_set_Y":0.84037524,"data_set_Z":0.10931576},{"data_set_T":3.0,"data_set_B":0.0,"data_set_Y":0.83859849,"data_set_Z":0.10923545},{"data_set_T":3.02,"data_set_B":0.0,"data_set_Y":0.83683699,"data_set_Z":0.10915581},{"data_set_T":3.04,"data_set_B":0.0,"data_set_Y":0.83509076,"data_set_Z":0.10907685},{"data_set_T":3.0599999,"data_set_B":0.0,"data_set_Y":0.83335954,"data_set_Z":0.10899856},{"data_set_T":3.0799999,"data_set_B":0.0,"data_set_Y":0.83164328,"data_set_Z":0.10892093},{"data_set_T":3.0999999,"data_set_B":0.0,"data_set_Y":0.82994187,"data_set_Z":0.10884397},{"data_set_T":3.1199999,"data_set_B":0.0,"data_set_Y":0.82825512,"data_set_Z":0.10876765},{"data_set_T":3.1400001,"data_set_B":0.0,"data_set_Y":0.82658291,"data_set_Z":0.10869198},{"data_set_T":3.1600001,"data_set_B":0.0,"data_set_Y":0.82492518,"data_set_Z":0.10861696},{"data_set_T":3.1800001,"data_set_B":0.0,"data_set_Y":0.82328176,"data_set_Z":0.10854256},{"data_set_T":3.2,"data_set_B":0.0,"data_set_Y":0.82165259,"data_set_Z":0.10846881},{"data_set_T":3.22,"data_set_B":0.0,"data_set_Y":0.82003742,"data_set_Z":0.10839567},{"data_set_T":3.24,"data_set_B":0.0,"data_set_Y":0.81843626,"data_set_Z":0.10832316},{"data_set_T":3.26,"data_set_B":0.0,"data_set_Y":0.81684893,"data_set_Z":0.10825127},{"data_set_T":3.28,"data_set_B":0.0,"data_set_Y":0.81527531,"data_set_Z":0.10817999},{"data_set_T":3.3,"data_set_B":0.0,"data_set_Y":0.81371528,"data_set_Z":0.1081093},{"data_set_T":3.3199999,"data_set_B":0.0,"data_set_Y":0.81216878,"data_set_Z":0.10803923},{"data_set_T":3.3399999,"data_set_B":0.0,"data_set_Y":0.81063563,"data_set_Z":0.10796975},{"data_set_T":3.3599999,"data_set_B":0.0,"data_set_Y":0.80911577,"data_set_Z":0.10790086},{"data_set_T":3.3800001,"data_set_B":0.0,"data_set_Y":0.80760902,"data_set_Z":0.10783255},{"data_set_T":3.4000001,"data_set_B":0.0,"data_set_Y":0.80611533,"data_set_Z":0.10776483},{"data_set_T":3.4200001,"data_set_B":0.0,"data_set_Y":0.80463457,"data_set_Z":0.10769768},{"data_set_T":3.4400001,"data_set_B":0.0,"data_set_Y":0.80316657,"data_set_Z":0.1076311},{"data_set_T":3.46,"data_set_B":0.0,"data_set_Y":0.80171132,"data_set_Z":0.10756509},{"data_set_T":3.48,"data_set_B":0.0,"data_set_Y":0.80026871,"data_set_Z":0.10749964},{"data_set_T":3.5,"data_set_B":0.0,"data_set_Y":0.79883856,"data_set_Z":0.10743475},{"data_set_T":3.52,"data_set_B":0.0,"data_set_Y":0.79742074,"data_set_Z":0.10737041},{"data_set_T":3.54,"data_set_B":0.0,"data_set_Y":0.79601526,"data_set_Z":0.10730662},{"data_set_T":3.5599999,"data_set_B":0.0,"data_set_Y":0.79462194,"data_set_Z":0.10724337},{"data_set_T":3.5799999,"data_set_B":0.0,"data_set_Y":0.79324067,"data_set_Z":0.10718067},{"data_set_T":3.5999999,"data_set_B":0.0,"data_set_Y":0.79187137,"data_set_Z":0.10711849},{"data_set_T":3.6199999,"data_set_B":0.0,"data_set_Y":0.79051393,"data_set_Z":0.10705686},{"data_set_T":3.6400001,"data_set_B":0.0,"data_set_Y":0.7891683,"data_set_Z":0.10699574},{"data_set_T":3.6600001,"data_set_B":0.0,"data_set_Y":0.78783429,"data_set_Z":0.10693514},{"data_set_T":3.6800001,"data_set_B":0.0,"data_set_Y":0.78651184,"data_set_Z":0.10687506},{"data_set_T":3.7,"data_set_B":0.0,"data_set_Y":0.78520089,"data_set_Z":0.10681549},{"data_set_T":3.72,"data_set_B":0.0,"data_set_Y":0.78390127,"data_set_Z":0.10675644},{"data_set_T":3.74,"data_set_B":0.0,"data_set_Y":0.78261292,"data_set_Z":0.10669789},{"data_set_T":3.76,"data_set_B":0.0,"data_set_Y":0.78133577,"data_set_Z":0.10663983},{"data_set_T":3.78,"data_set_B":0.0,"data_set_Y":0.78006971,"data_set_Z":0.10658227},{"data_set_T":3.8,"data_set_B":0.0,"data_set_Y":0.77881461,"data_set_Z":0.10652521},{"data_set_T":3.8199999,"data_set_B":0.0,"data_set_Y":0.77757037,"data_set_Z":0.10646863},{"data_set_T":3.8399999,"data_set_B":0.0,"data_set_Y":0.77633697,"data_set_Z":0.10641253},{"data_set_T":3.8599999,"data_set_B":0.0,"data_set_Y":0.77511424,"data_set_Z":0.10635692},{"data_set_T":3.8800001,"data_set_B":0.0,"data_set_Y":0.77390218,"data_set_Z":0.10630178},{"data_set_T":3.9000001,"data_set_B":0.0,"data_set_Y":0.77270061,"data_set_Z":0.1062471},{"data_set_T":3.9200001,"data_set_B":0.0,"data_set_Y":0.77150941,"data_set_Z":0.1061929},{"data_set_T":3.9400001,"data_set_B":0.0,"data_set_Y":0.77032864,"data_set_Z":0.10613917},{"data_set_T":3.96,"data_set_B":0.0,"data_set_Y":0.76915807,"data_set_Z":0.10608589},{"data_set_T":3.98,"data_set_B":0.0,"data_set_Y":0.76799768,"data_set_Z":0.10603306},{"data_set_T":4.0,"data_set_B":0.0,"data_set_Y":0.76684737,"data_set_Z":0.10598069},{"data_set_T":4.02,"data_set_B":0.76403773,"data_set_Y":0.77182418,"data_set_Z":0.17961809},{"data_set_T":4.04,"data_set_B":0.7609877,"data_set_Y":0.80482674,"data_set_Z":0.23716544},{"data_set_T":4.0599999,"data_set_B":0.75794983,"data_set_Y":0.85613245,"data_set_Z":0.26684308},{"data_set_T":4.0799999,"data_set_B":0.75492406,"data_set_Y":0.9154222,"data_set_Z":0.28331169},{"data_set_T":4.0999999,"data_set_B":0.75191039,"data_set_Y":0.97730523,"data_set_Z":0.29396445},{"data_set_T":4.1199999,"data_set_B":0.74890876,"data_set_Y":1.0392385,"data_set_Z":0.30221233},{"data_set_T":4.1399999,"data_set_B":0.74591911,"data_set_Y":1.0999804,"data_set_Z":0.30964234},{"data_set_T":4.1599998,"data_set_B":0.74294138,"data_set_Y":1.1588374,"data_set_Z":0.31704634},{"data_set_T":4.1799998,"data_set_B":0.73997557,"data_set_Y":1.2153174,"data_set_Z":0.32488567},{"data_set_T":4.1999998,"data_set_B":0.73702157,"data_set_Y":1.2689581,"data_set_Z":0.33351052},{"data_set_T":4.2199998,"data_set_B":0.73407936,"data_set_Y":1.3192154,"data_set_Z":0.34328321},{"data_set_T":4.2399998,"data_set_B":0.7311489,"data_set_Y":1.3653505,"data_set_Z":0.35468173},{"data_set_T":4.2600002,"data_set_B":0.72823018,"data_set_Y":1.4062543,"data_set_Z":0.36844212},{"data_set_T":4.2800002,"data_set_B":0.72532308,"data_set_Y":1.4401013,"data_set_Z":0.3858355},{"data_set_T":4.3000002,"data_set_B":0.72242755,"data_set_Y":1.4635417,"data_set_Z":0.40932944},{"data_set_T":4.3200002,"data_set_B":0.71954364,"data_set_Y":1.4694517,"data_set_Z":0.44448906},{"data_set_T":4.3400002,"data_set_B":0.71667123,"data_set_Y":1.439037,"data_set_Z":0.50688207},{"data_set_T":4.3600001,"data_set_B":0.71381027,"data_set_Y":1.3050121,"data_set_Z":0.65523559},{"data_set_T":4.3800001,"data_set_B":0.71096069,"data_set_Y":0.88459384,"data_set_Z":1.043039},{"data_set_T":4.4000001,"data_set_B":0.70812255,"data_set_Y":0.6807965,"data_set_Z":1.1466813},{"data_set_T":4.4200001,"data_set_B":0.70529574,"data_set_Y":0.67184824,"data_set_Z":1.0559375},{"data_set_T":4.4400001,"data_set_B":0.7024802,"data_set_Y":0.68401694,"data_set_Z":0.96253502},{"data_set_T":4.46,"data_set_B":0.69967586,"data_set_Y":0.70515513,"data_set_Z":0.87778467},{"data_set_T":4.48,"data_set_B":0.69688272,"data_set_Y":0.73483431,"data_set_Z":0.80044985},{"data_set_T":4.5,"data_set_B":0.6941008,"data_set_Y":0.77342957,"data_set_Z":0.72880763},{"data_set_T":4.52,"data_set_B":0.6913299,"data_set_Y":0.82114971,"data_set_Z":0.66161555},{"data_set_T":4.54,"data_set_B":0.68857014,"data_set_Y":0.87757218,"data_set_Z":0.59845513},{"data_set_T":4.5599999,"data_set_B":0.68582135,"data_set_Y":0.94109589,"data_set_Z":0.54008597},{"data_set_T":4.5799999,"data_set_B":0.68308353,"data_set_Y":1.0086925,"data_set_Z":0.48844877},{"data_set_T":4.5999999,"data_set_B":0.68035668,"data_set_Y":1.0765684,"data_set_Z":0.44581658},{"data_set_T":4.6199999,"data_set_B":0.67764068,"data_set_Y":1.1415203,"data_set_Z":0.41347301},{"data_set_T":4.6399999,"data_set_B":0.67493552,"data_set_Y":1.2018081,"data_set_Z":0.39110234},{"data_set_T":4.6599998,"data_set_B":0.67224115,"data_set_Y":1.2569767,"data_set_Z":0.37726358},{"data_set_T":4.6799998,"data_set_B":0.66955757,"data_set_Y":1.3071904,"data_set_Z":0.37021911},{"data_set_T":4.6999998,"data_set_B":0.66688472,"data_set_Y":1.3526824,"data_set_Z":0.36849549},{"data_set_T":4.7199998,"data_set_B":0.66422248,"data_set_Y":1.3934537,"data_set_Z":0.37111095},{"data_set_T":4.7399998,"data_set_B":0.66157091,"data_set_Y":1.4291025,"data_set_Z":0.37764212},{"data_set_T":4.7600002,"data_set_B":0.65892988,"data_set_Y":1.4586244,"data_set_Z":0.38830674},{"data_set_T":4.7800002,"data_set_B":0.65629947,"data_set_Y":1.4799864,"data_set_Z":0.40424562},{"data_set_T":4.8000002,"data_set_B":0.65367949,"data_set_Y":1.4890155,"data_set_Z":0.42839894},{"data_set_T":4.8200002,"data_set_B":0.65107,"data_set_Y":1.4760058,"data_set_Z":0.46837822},{"data_set_T":4.8400002,"data_set_B":0.64847094,"data_set_Y":1.4126099,"data_set_Z":0.54803574},{"data_set_T":4.8600001,"data_set_B":0.64588225,"data_set_Y":1.1902276,"data_set_Z":0.76291507},{"data_set_T":4.8800001,"data_set_B":0.64330387,"data_set_Y":0.76005745,"data_set_Z":1.1239076},{"data_set_T":4.9000001,"data_set_B":0.64073581,"data_set_Y":0.67414021,"data_set_Z":1.0974425},{"data_set_T":4.9200001,"data_set_B":0.63817793,"data_set_Y":0.67832893,"data_set_Z":0.99481922},{"data_set_T":4.9400001,"data_set_B":0.63563037,"data_set_Y":0.69791847,"data_set_Z":0.89677846},{"data_set_T":4.96,"data_set_B":0.63309288,"data_set_Y":0.72887689,"data_set_Z":0.80603176},{"data_set_T":4.98,"data_set_B":0.63056558,"data_set_Y":0.77203542,"data_set_Z":0.72044301},{"data_set_T":5.0,"data_set_B":0.62804836,"data_set_Y":0.82821703,"data_set_Z":0.63830549},{"data_set_T":5.02,"data_set_B":0.62554121,"data_set_Y":0.89659441,"data_set_Z":0.55978578},{"data_set_T":5.04,"data_set_B":0.62304401,"data_set_Y":0.97303891,"data_set_Z":0.4880994},{"data_set_T":5.0599999,"data_set_B":0.62055683,"data_set_Y":1.0505457,"data_set_Z":0.42849782},{"data_set_T":5.0799999,"data_set_B":0.61807954,"data_set_Y":1.122936,"data_set_Z":0.38442767},{"data_set_T":5.0999999,"data_set_B":0.61561215,"data_set_Y":1.1877337,"data_set_Z":0.35524839},{"data_set_T":5.1199999,"data_set_B":0.61315465,"data_set_Y":1.2453949,"data_set_Z":0.33774838},{"data_set_T":5.1399999,"data_set_B":0.61070693,"data_set_Y":1.2973449,"data_set_Z":0.32843754},{"data_set_T":5.1599998,"data_set_B":0.60826898,"data_set_Y":1.3448745,"data_set_Z":0.32460654},{"data_set_T":5.1799998,"data_set_B":0.60584074,"data_set_Y":1.3888487,"data_set_Z":0.32444438},{"data_set_T":5.1999998,"data_set_B":0.60342222,"data_set_Y":1.4297361,"data_set_Z":0.32684243},{"data_set_T":5.2199998,"data_set_B":0.60101336,"data_set_Y":1.4676979,"data_set_Z":0.33118173},{"data_set_T":5.2399998,"data_set_B":0.5986141,"data_set_Y":1.5026507,"data_set_Z":0.33718407},{"data_set_T":5.2600002,"data_set_B":0.59622443,"data_set_Y":1.5342826,"data_set_Z":0.34483513},{"data_set_T":5.2800002,"data_set_B":0.59384429,"data_set_Y":1.562009,"data_set_Z":0.3543773},{"data_set_T":5.3000002,"data_set_B":0.5914737,"data_set_Y":1.5848356,"data_set_Z":0.36639094},{"data_set_T":5.3200002,"data_set_B":0.58911252,"data_set_Y":1.6010313,"data_set_Z":0.38203967},{"data_set_T":5.3400002,"data_set_B":0.58676076,"data_set_Y":1.6073108,"data_set_Z":0.40373105},{"data_set_T":5.3600001,"data_set_B":0.58441842,"data_set_Y":1.5964713,"data_set_Z":0.43711802},{"data_set_T":5.3800001,"data_set_B":0.58208537,"data_set_Y":1.5486476,"data_set_Z":0.49878886},{"data_set_T":5.4000001,"data_set_B":0.57976168,"data_set_Y":1.3855704,"data_set_Z":0.65782666},{"data_set_T":5.4200001,"data_set_B":0.5774473,"data_set_Y":0.86827499,"data_set_Z":1.1175972},{"data_set_T":5.4400001,"data_set_B":0.57514215,"data_set_Y":0.67435187,"data_set_Z":1.1796141},{"data_set_T":5.46,"data_set_B":0.57284611,"data_set_Y":0.66997892,"data_set_Z":1.0606592},{"data_set_T":5.48,"data_set_B":0.57055932,"data_set_Y":0.68514985,"data_set_Z":0.94565189},{"data_set_T":5.5,"data_set_B":0.56828165,"data_set_Y":0.71323669,"data_set_Z":0.83967602},{"data_set_T":5.52,"data_set_B":0.5660131,"data_set_Y":0.75606781,"data_set_Z":0.73934102},{"data_set_T":5.54,"data_set_B":0.56375355,"data_set_Y":0.81555873,"data_set_Z":0.64184171},{"data_set_T":5.5599999,"data_set_B":0.56150305,"data_set_Y":0.89088076,"data_set_Z":0.54749048},{"data_set_T":5.5799999,"data_set_B":0.5592615,"data_set_Y":0.97510749,"data_set_Z":0.46223083},{"data_set_T":5.5999999,"data_set_B":0.55702895,"data_set_Y":1.0569752,"data_set_Z":0.39483243},{"data_set_T":5.6199999,"data_set_B":0.55480528,"data_set_Y":1.1289891,"data_set_Z":0.34882852},{"data_set_T":5.6399999,"data_set_B":0.55259049,"data_set_Y":1.1904434,"data_set_Z":0.32082599},{"data_set_T":5.6599998,"data_set_B":0.55038452,"data_set_Y":1.2437744,"data_set_Z":0.30521095},{"data_set_T":5.6799998,"data_set_B":0.54818738,"data_set_Y":1.2915056,"data_set_Z":0.29735565},{"data_set_T":5.6999998,"data_set_B":0.54599899,"data_set_Y":1.3353968,"data_set_Z":0.29420155},{"data_set_T":5.7199998,"data_set_B":0.54381937,"data_set_Y":1.3765124,"data_set_Z":0.29389909},{"data_set_T":5.7399998,"data_set_B":0.54164845,"data_set_Y":1.4154485,"data_set_Z":0.29537323},{"data_set_T":5.7600002,"data_set_B":0.53948617,"data_set_Y":1.4525129,"data_set_Z":0.29801348},{"data_set_T":5.7800002,"data_set_B":0.53733253,"data_set_Y":1.4878384,"data_set_Z":0.30148321},{"data_set_T":5.8000002,"data_set_B":0.53518748,"data_set_Y":1.5214487,"data_set_Z":0.30560929},{"data_set_T":5.8200002,"data_set_B":0.53305101,"data_set_Y":1.5532912,"data_set_Z":0.31032091},{"data_set_T":5.8400002,"data_set_B":0.53092307,"data_set_Y":1.5832504,"data_set_Z":0.31561849},{"data_set_T":5.8600001,"data_set_B":0.52880365,"data_set_Y":1.6111478,"data_set_Z":0.32156122},{"data_set_T":5.8800001,"data_set_B":0.52669263,"data_set_Y":1.6367266,"data_set_Z":0.32826984},{"data_set_T":5.9000001,"data_set_B":0.52459008,"data_set_Y":1.6596216,"data_set_Z":0.33594435},{"data_set_T":5.9200001,"data_set_B":0.52249593,"data_set_Y":1.6792985,"data_set_Z":0.34490538},{"data_set_T":5.9400001,"data_set_B":0.52041012,"data_set_Y":1.694939,"data_set_Z":0.35567978},{"data_set_T":5.96,"data_set_B":0.5183326,"data_set_Y":1.7052033,"data_set_Z":0.36918557},{"data_set_T":5.98,"data_set_B":0.51626343,"data_set_Y":1.7076832,"data_set_Z":0.3871735},{"data_set_T":6.0,"data_set_B":0.51420254,"data_set_Y":1.697439,"data_set_Z":0.41345245},{"data_set_T":6.02,"data_set_B":0.51214981,"data_set_Y":1.6621128,"data_set_Z":0.45813373},{"data_set_T":6.04,"data_set_B":0.51010531,"data_set_Y":1.5590435,"data_set_Z":0.55824667},{"data_set_T":6.0599999,"data_set_B":0.50806898,"data_set_Y":1.1699296,"data_set_Z":0.91112339},{"data_set_T":6.0799999,"data_set_B":0.50604075,"data_set_Y":0.69587833,"data_set_Z":1.257157},{"data_set_T":6.0999999,"data_set_B":0.50402063,"data_set_Y":0.66587389,"data_set_Z":1.1374019},{"data_set_T":6.1199999,"data_set_B":0.50200856,"data_set_Y":0.67481422,"data_set_Z":1.0045983},{"data_set_T":6.1399999,"data_set_B":0.50000453,"data_set_Y":0.69818848,"data_set_Z":0.88277036},{"data_set_T":6.1599998,"data_set_B":0.49800852,"data_set_Y":0.73826027,"data_set_Z":0.76773107},{"data_set_T":6.1799998,"data_set_B":0.49602047,"data_set_Y":0.79831922,"data_set_Z":0.65518534},{"data_set_T":6.1999998,"data_set_B":0.49404034,"data_set_Y":0.87813276,"data_set_Z":0.54498595},{"data_set_T":6.2199998,"data_set_B":0.49206811,"data_set_Y":0.96802068,"data_set_Z":0.44584075},{"data_set_T":6.2399998,"data_set_B":0.49010378,"data_set_Y":1.0520439,"data_set_Z":0.37047166},{"data_set_T":6.2600002,"data_set_B":0.48814729,"data_set_Y":1.121834,"data_set_Z":0.32205209},{"data_set_T":6.2800002,"data_set_B":0.4861986,"data_set_Y":1.1787721,"data_set_Z":0.29421142},{"data_set_T":6.3000002,"data_set_B":0.4842577,"data_set_Y":1.2269814,"data_set_Z":0.27930877},{"data_set_T":6.3200002,"data_set_B":0.48232451,"data_set_Y":1.2697312,"data_set_Z":0.27193323},{"data_set_T":6.3400002,"data_set_B":0.48039907,"data_set_Y":1.3090409,"data_set_Z":0.26883256},{"data_set_T":6.3600001,"data_set_B":0.47848132,"data_set_Y":1.3460587,"data_set_Z":0.26816007},{"data_set_T":6.3800001,"data_set_B":0.47657123,"data_set_Y":1.3814154,"data_set_Z":0.26888692},{"data_set_T":6.4000001,"data_set_B":0.47466874,"data_set_Y":1.4154507,"data_set_Z":0.27044258},{"data_set_T":6.4200001,"data_set_B":0.47277385,"data_set_Y":1.4483432,"data_set_Z":0.27251065},{"data_set_T":6.4400001,"data_set_B":0.47088653,"data_set_Y":1.4801813,"data_set_Z":0.27491593},{"data_set_T":6.46,"data_set_B":0.46900675,"data_set_Y":1.5110028,"data_set_Z":0.27756244},{"data_set_T":6.48,"data_set_B":0.46713448,"data_set_Y":1.5408157,"data_set_Z":0.28039938},{"data_set_T":6.5,"data_set_B":0.46526965,"data_set_Y":1.5696094,"data_set_Z":0.28340253},{"data_set_T":6.52,"data_set_B":0.46341231,"data_set_Y":1.5973604,"data_set_Z":0.28656408},{"data_set_T":6.54,"data_set_B":0.46156237,"data_set_Y":1.6240345,"data_set_Z":0.28988728},{"data_set_T":6.5599999,"data_set_B":0.45971981,"data_set_Y":1.6495883,"data_set_Z":0.29338369},{"data_set_T":6.5799999,"data_set_B":0.45788458,"data_set_Y":1.6739681,"data_set_Z":0.29707232},{"data_set_T":6.5999999,"data_set_B":0.45605671,"data_set_Y":1.6971077,"data_set_Z":0.30097985},{"data_set_T":6.6199999,"data_set_B":0.45423612,"data_set_Y":1.7189263,"data_set_Z":0.30514196},{"data_set_T":6.6399999,"data_set_B":0.45242283,"data_set_Y":1.7393235,"data_set_Z":0.30960587},{"data_set_T":6.6599998,"data_set_B":0.45061675,"data_set_Y":1.7581725,"data_set_Z":0.31443453},{"data_set_T":6.6799998,"data_set_B":0.44881788,"data_set_Y":1.7753103,"data_set_Z":0.31971332},{"data_set_T":6.6999998,"data_set_B":0.44702619,"data_set_Y":1.7905208,"data_set_Z":0.32556081},{"data_set_T":6.7199998,"data_set_B":0.44524166,"data_set_Y":1.8035097,"data_set_Z":0.33214703},{"data_set_T":6.7399998,"data_set_B":0.44346425,"data_set_Y":1.8138591,"data_set_Z":0.33972573},{"data_set_T":6.7600002,"data_set_B":0.44169393,"data_set_Y":1.8209468,"data_set_Z":0.34869492},{"data_set_T":6.7800002,"data_set_B":0.43993068,"data_set_Y":1.8237864,"data_set_Z":0.35971954},{"data_set_T":6.8000002,"data_set_B":0.43817449,"data_set_Y":1.8206824,"data_set_Z":0.37400666},{"data_set_T":6.8200002,"data_set_B":0.43642527,"data_set_Y":1.8083742,"data_set_Z":0.3940106},{"data_set_T":6.8400002,"data_set_B":0.43468305,"data_set_Y":1.7794837,"data_set_Z":0.42561349},{"data_set_T":6.8600001,"data_set_B":0.43294781,"data_set_Y":1.7123995,"data_set_Z":0.48709378},{"data_set_T":6.8800001,"data_set_B":0.43121946,"data_set_Y":1.5087147,"data_set_Z":0.66662782},{"data_set_T":6.9000001,"data_set_B":0.42949805,"data_set_Y":0.82721323,"data_set_Z":1.2571843},{"data_set_T":6.9200001,"data_set_B":0.42778349,"data_set_Y":0.6682809,"data_set_Z":1.2412986},{"data_set_T":6.9400001,"data_set_B":0.42607576,"data_set_Y":0.6666702,"data_set_Z":1.0885675},{"data_set_T":6.96,"data_set_B":0.42437485,"data_set_Y":0.68254143,"data_set_Z":0.94784874},{"data_set_T":6.98,"data_set_B":0.42268077,"data_set_Y":0.71601832,"data_set_Z":0.81660694},{"data_set_T":7.0,"data_set_B":0.42099342,"data_set_Y":0.77202475,"data_set_Z":0.68851423},{"data_set_T":7.02,"data_set_B":0.4193128,"data_set_Y":0.85250819,"data_set_Z":0.56128794},{"data_set_T":7.04,"data_set_B":0.4176389,"data_set_Y":0.94691426,"data_set_Z":0.4448047},{"data_set_T":7.0599999,"data_set_B":0.41597167,"data_set_Y":1.033741,"data_set_Z":0.35702738},{"data_set_T":7.0799999,"data_set_B":0.41431111,"data_set_Y":1.1020305,"data_set_Z":0.30252695},{"data_set_T":7.0999999,"data_set_B":0.41265717,"data_set_Y":1.1547643,"data_set_Z":0.27224997},{"data_set_T":7.1199999,"data_set_B":0.41100985,"data_set_Y":1.1977311,"data_set_Z":0.25634816},{"data_set_T":7.1399999,"data_set_B":0.40936908,"data_set_Y":1.2350054,"data_set_Z":0.24840723},{"data_set_T":7.1599998,"data_set_B":0.40773487,"data_set_Y":1.2689322,"data_set_Z":0.24479677},{"data_set_T":7.1799998,"data_set_B":0.40610722,"data_set_Y":1.3007894,"data_set_Z":0.24354118},{"data_set_T":7.1999998,"data_set_B":0.40448603,"data_set_Y":1.3312625,"data_set_Z":0.24357472},{"data_set_T":7.2199998,"data_set_B":0.40287131,"data_set_Y":1.3607192,"data_set_Z":0.24432176},{"data_set_T":7.2399998,"data_set_B":0.40126303,"data_set_Y":1.3893564,"data_set_Z":0.24546979},{"data_set_T":7.2600002,"data_set_B":0.39966118,"data_set_Y":1.4172801,"data_set_Z":0.24684811},{"data_set_T":7.2800002,"data_set_B":0.39806575,"data_set_Y":1.4445471,"data_set_Z":0.24836271},{"data_set_T":7.3000002,"data_set_B":0.39647666,"data_set_Y":1.4711874,"data_set_Z":0.2499615},{"data_set_T":7.3200002,"data_set_B":0.39489391,"data_set_Y":1.4972166,"data_set_Z":0.25161546},{"data_set_T":7.3400002,"data_set_B":0.39331749,"data_set_Y":1.5226423,"data_set_Z":0.25330839},{"data_set_T":7.3600001,"data_set_B":0.39174739,"data_set_Y":1.5474672,"data_set_Z":0.25503126},{"data_set_T":7.3800001,"data_set_B":0.39018351,"data_set_Y":1.5716919,"data_set_Z":0.2567791},{"data_set_T":7.4000001,"data_set_B":0.38862589,"data_set_Y":1.5953146,"data_set_Z":0.25854948},{"data_set_T":7.4200001,"data_set_B":0.3870745,"data_set_Y":1.6183333,"data_set_Z":0.2603412},{"data_set_T":7.4400001,"data_set_B":0.38552928,"data_set_Y":1.6407448,"data_set_Z":0.26215401},{"data_set_T":7.46,"data_set_B":0.38399026,"data_set_Y":1.6625456,"data_set_Z":0.26398829},{"data_set_T":7.48,"data_set_B":0.38245735,"data_set_Y":1.6837312,"data_set_Z":0.26584467},{"data_set_T":7.5,"data_set_B":0.38093057,"data_set_Y":1.7042972,"data_set_Z":0.26772419},{"data_set_T":7.52,"data_set_B":0.37940991,"data_set_Y":1.7242386,"data_set_Z":0.26962805},{"data_set_T":7.54,"data_set_B":0.3778953,"data_set_Y":1.7435499,"data_set_Z":0.27155769},{"data_set_T":7.5599999,"data_set_B":0.37638673,"data_set_Y":1.762225,"data_set_Z":0.27351484},{"data_set_T":7.5799999,"data_set_B":0.37488419,"data_set_Y":1.7802571,"data_set_Z":0.27550137},{"data_set_T":7.5999999,"data_set_B":0.37338766,"data_set_Y":1.797639,"data_set_Z":0.27751943},{"data_set_T":7.6199999,"data_set_B":0.3718971,"data_set_Y":1.8143626,"data_set_Z":0.2795715},{"data_set_T":7.6399999,"data_set_B":0.37041247,"data_set_Y":1.8304191,"data_set_Z":0.28166035},{"data_set_T":7.6599998,"data_set_B":0.36893377,"data_set_Y":1.8457984,"data_set_Z":0.2837891},{"data_set_T":7.6799998,"data_set_B":0.367461,"data_set_Y":1.8604897,"data_set_Z":0.28596133},{"data_set_T":7.6999998,"data_set_B":0.3659941,"data_set_Y":1.874481,"data_set_Z":0.28818116},{"data_set_T":7.7199998,"data_set_B":0.36453304,"data_set_Y":1.8877581,"data_set_Z":0.29045326},{"data_set_T":7.7399998,"data_set_B":0.36307782,"data_set_Y":1.9003059,"data_set_Z":0.29278314},{"data_set_T":7.7600002,"data_set_B":0.36162841,"data_set_Y":1.9121066,"data_set_Z":0.29517713},{"data_set_T":7.7800002,"data_set_B":0.36018479,"data_set_Y":1.9231406,"data_set_Z":0.29764271},{"data_set_T":7.8000002,"data_set_B":0.35874692,"data_set_Y":1.9333847,"data_set_Z":0.30018869},{"data_set_T":7.8200002,"data_set_B":0.3573148,"data_set_Y":1.9428122,"data_set_Z":0.30282569},{"data_set_T":7.8400002,"data_set_B":0.3558884,"data_set_Y":1.9513923,"data_set_Z":0.30556643},{"data_set_T":7.8600001,"data_set_B":0.35446769,"data_set_Y":1.9590882,"data_set_Z":0.30842656},{"data_set_T":7.8800001,"data_set_B":0.35305265,"data_set_Y":1.9658563,"data_set_Z":0.31142533},{"data_set_T":7.9000001,"data_set_B":0.35164326,"data_set_Y":1.9716437,"data_set_Z":0.31458703},{"data_set_T":7.9200001,"data_set_B":0.35023949,"data_set_Y":1.9763854,"data_set_Z":0.31794256},{"data_set_T":7.9400001,"data_set_B":0.34884134,"data_set_Y":1.9800005,"data_set_Z":0.32153213},{"data_set_T":7.96,"data_set_B":0.34744874,"data_set_Y":1.9823859,"data_set_Z":0.32540902},{"data_set_T":7.98,"data_set_B":0.34606174,"data_set_Y":1.9834074,"data_set_Z":0.32964575},{"data_set_T":8.0,"data_set_B":0.34468025,"data_set_Y":1.9828857,"data_set_Z":0.33434352},{"data_set_T":8.0200005,"data_set_B":0.34330428,"data_set_Y":1.9805731,"data_set_Z":0.33964843},{"data_set_T":8.04,"data_set_B":0.34193382,"data_set_Y":1.9761145,"data_set_Z":0.34577984},{"data_set_T":8.0600004,"data_set_B":0.34056881,"data_set_Y":1.9689771,"data_set_Z":0.3530831},{"data_set_T":8.0799999,"data_set_B":0.33920926,"data_set_Y":1.958311,"data_set_Z":0.36213577},{"data_set_T":8.1000004,"data_set_B":0.33785513,"data_set_Y":1.9426548,"data_set_Z":0.37398222},{"data_set_T":8.1199999,"data_set_B":0.3365064,"data_set_Y":1.9192177,"data_set_Z":0.39072257},{"data_set_T":8.1400003,"data_set_B":0.33516306,"data_set_Y":1.8817992,"data_set_Z":0.41728118},{"data_set_T":8.1599998,"data_set_B":0.33382508,"data_set_Y":1.8128996,"data_set_Z":0.46836823},{"data_set_T":8.1800003,"data_set_B":0.33249247,"data_set_Y":1.6371509,"data_set_Z":0.61116379},{"data_set_T":8.1999998,"data_set_B":0.33116513,"data_set_Y":0.94574594,"data_set_Z":1.21436},{"data_set_T":8.2200003,"data_set_B":0.32984313,"data_set_Y":0.67160249,"data_set_Z":1.2950569},{"data_set_T":8.2399998,"data_set_B":0.32852638,"data_set_Y":0.66472226,"data_set_Z":1.1238923},{"data_set_T":8.2600002,"data_set_B":0.3272149,"data_set_Y":0.67853403,"data_set_Z":0.96531367},{"data_set_T":8.2799997,"data_set_B":0.32590866,"data_set_Y":0.71278816,"data_set_Z":0.8169179},{"data_set_T":8.3000002,"data_set_B":0.32460764,"data_set_Y":0.77443027,"data_set_Z":0.67037433},{"data_set_T":8.3199997,"data_set_B":0.32331181,"data_set_Y":0.86443269,"data_set_Z":0.52464294},{"data_set_T":8.3400002,"data_set_B":0.32202113,"data_set_Y":0.9628973,"data_set_Z":0.39837998},{"data_set_T":8.3599997,"data_set_B":0.32073563,"data_set_Y":1.0427167,"data_set_Z":0.31291506},{"data_set_T":8.3800001,"data_set_B":0.31945524,"data_set_Y":1.0993797,"data_set_Z":0.26452154},{"data_set_T":8.3999996,"data_set_B":0.31817997,"data_set_Y":1.1407644,"data_set_Z":0.23897851},{"data_set_T":8.4200001,"data_set_B":0.31690979,"data_set_Y":1.1736053,"data_set_Z":0.22584915},{"data_set_T":8.4399996,"data_set_B":0.31564468,"data_set_Y":1.2017628,"data_set_Z":0.21928631},{"data_set_T":8.46,"data_set_B":0.31438464,"data_set_Y":1.2272812,"data_set_Z":0.21619612},{"data_set_T":8.4799995,"data_set_B":0.3131296,"data_set_Y":1.2512323,"data_set_Z":0.21495108},{"data_set_T":8.5,"data_set_B":0.31187958,"data_set_Y":1.2741811,"data_set_Z":0.21469098},{"data_set_T":8.5200005,"data_set_B":0.31063455,"data_set_Y":1.2964276,"data_set_Z":0.21495831},{"data_set_T":8.54,"data_set_B":0.30939451,"data_set_Y":1.3181325,"data_set_Z":0.21550834},{"data_set_T":8.5600004,"data_set_B":0.30815941,"data_set_Y":1.3393828,"data_set_Z":0.21620947},{"data_set_T":8.5799999,"data_set_B":0.30692923,"data_set_Y":1.360226,"data_set_Z":0.21699049},{"data_set_T":8.6000004,"data_set_B":0.30570397,"data_set_Y":1.380689,"data_set_Z":0.21781266},{"data_set_T":8.6199999,"data_set_B":0.30448359,"data_set_Y":1.4007875,"data_set_Z":0.21865472},{"data_set_T":8.6400003,"data_set_B":0.30326807,"data_set_Y":1.4205306,"data_set_Z":0.21950494},{"data_set_T":8.6599998,"data_set_B":0.30205745,"data_set_Y":1.4399247,"data_set_Z":0.22035673},{"data_set_T":8.6800003,"data_set_B":0.30085161,"data_set_Y":1.4589742,"data_set_Z":0.22120637},{"data_set_T":8.6999998,"data_set_B":0.29965061,"data_set_Y":1.4776827,"data_set_Z":0.22205167},{"data_set_T":8.7200003,"data_set_B":0.2984544,"data_set_Y":1.4960531,"data_set_Z":0.22289129},{"data_set_T":8.7399998,"data_set_B":0.29726297,"data_set_Y":1.5140883,"data_set_Z":0.22372441},{"data_set_T":8.7600002,"data_set_B":0.2960763,"data_set_Y":1.5317906,"data_set_Z":0.22455047},{"data_set_T":8.7799997,"data_set_B":0.29489437,"data_set_Y":1.5491627,"data_set_Z":0.22536902},{"data_set_T":8.8000002,"data_set_B":0.29371715,"data_set_Y":1.5662074,"data_set_Z":0.22617973},{"data_set_T":8.8199997,"data_set_B":0.2925446,"data_set_Y":1.582927,"data_set_Z":0.22698233},{"data_set_T":8.8400002,"data_set_B":0.29137677,"data_set_Y":1.5993242,"data_set_Z":0.22777653},{"data_set_T":8.8599997,"data_set_B":0.29021358,"data_set_Y":1.6154015,"data_set_Z":0.2285621},{"data_set_T":8.8800001,"data_set_B":0.28905505,"data_set_Y":1.6311617,"data_set_Z":0.22933879},{"data_set_T":8.8999996,"data_set_B":0.28790113,"data_set_Y":1.6466075,"data_set_Z":0.23010637},{"data_set_T":8.9200001,"data_set_B":0.28675184,"data_set_Y":1.6617415,"data_set_Z":0.23086461},{"data_set_T":8.9399996,"data_set_B":0.28560713,"data_set_Y":1.6765667,"data_set_Z":0.23161329},{"data_set_T":8.96,"data_set_B":0.28446698,"data_set_Y":1.6910857,"data_set_Z":0.23235215},{"data_set_T":8.9799995,"data_set_B":0.28333139,"data_set_Y":1.7053016,"data_set_Z":0.23308098},{"data_set_T":9.0,"data_set_B":0.28220031,"data_set_Y":1.7192172,"data_set_Z":0.23379955},{"data_set_T":9.0200005,"data_set_B":0.28107378,"data_set_Y":1.7328355,"data_set_Z":0.23450761},{"data_set_T":9.04,"data_set_B":0.27995172,"data_set_Y":1.7461594,"data_set_Z":0.23520492},{"data_set_T":9.0600004,"data_set_B":0.27883416,"data_set_Y":1.7591922,"data_set_Z":0.23589127},{"data_set_T":9.0799999,"data_set_B":0.27772105,"data_set_Y":1.7719368,"data_set_Z":0.23656641},{"data_set_T":9.1000004,"data_set_B":0.27661237,"data_set_Y":1.7843964,"data_set_Z":0.23723011},{"data_set_T":9.1199999,"data_set_B":0.27550814,"data_set_Y":1.7965741,"data_set_Z":0.23788212},{"data_set_T":9.1400003,"data_set_B":0.27440831,"data_set_Y":1.8084733,"data_set_Z":0.23852222},{"data_set_T":9.1599998,"data_set_B":0.27331287,"data_set_Y":1.8200973,"data_set_Z":0.23915015},{"data_set_T":9.1800003,"data_set_B":0.2722218,"data_set_Y":1.8314493,"data_set_Z":0.2397657},{"data_set_T":9.1999998,"data_set_B":0.27113509,"data_set_Y":1.8425326,"data_set_Z":0.24036862},{"data_set_T":9.2200003,"data_set_B":0.2700527,"data_set_Y":1.8533508,"data_set_Z":0.24095869},{"data_set_T":9.2399998,"data_set_B":0.26897466,"data_set_Y":1.8639072,"data_set_Z":0.24153566},{"data_set_T":9.2600002,"data_set_B":0.26790091,"data_set_Y":1.8742054,"data_set_Z":0.2420993},{"data_set_T":9.2799997,"data_set_B":0.26683146,"data_set_Y":1.8842489,"data_set_Z":0.24264939},{"data_set_T":9.3000002,"data_set_B":0.26576626,"data_set_Y":1.8940413,"data_set_Z":0.24318571},{"data_set_T":9.3199997,"data_set_B":0.2647053,"data_set_Y":1.9035861,"data_set_Z":0.24370803},{"data_set_T":9.3400002,"data_set_B":0.2636486,"data_set_Y":1.9128872,"data_set_Z":0.24421613},{"data_set_T":9.3599997,"data_set_B":0.26259613,"data_set_Y":1.9219481,"data_set_Z":0.2447098},{"data_set_T":9.3800001,"data_set_B":0.26154783,"data_set_Y":1.9307725,"data_set_Z":0.24518885},{"data_set_T":9.3999996,"data_set_B":0.26050374,"data_set_Y":1.9393642,"data_set_Z":0.24565305},{"data_set_T":9.4200001,"data_set_B":0.25946379,"data_set_Y":1.9477271,"data_set_Z":0.24610223},{"data_set_T":9.4399996,"data_set_B":0.25842801,"data_set_Y":1.9558649,"data_set_Z":0.2465362},{"data_set_T":9.46,"data_set_B":0.25739637,"data_set_Y":1.9637814,"data_set_Z":0.24695478},{"data_set_T":9.4799995,"data_set_B":0.25636885,"data_set_Y":1.9714805,"data_set_Z":0.24735782},{"data_set_T":9.5,"data_set_B":0.2553454,"data_set_Y":1.9789661,"data_set_Z":0.24774513},{"data_set_T":9.5200005,"data_set_B":0.25432608,"data_set_Y":1.9862421,"data_set_Z":0.24811658},{"data_set_T":9.54,"data_set_B":0.2533108,"data_set_Y":1.9933124,"data_set_Z":0.24847205},{"data_set_T":9.5600004,"data_set_B":0.25229958,"data_set_Y":2.0001807,"data_set_Z":0.24881139},{"data_set_T":9.5799999,"data_set_B":0.25129238,"data_set_Y":2.0068514,"data_set_Z":0.24913453},{"data_set_T":9.6000004,"data_set_B":0.25028923,"data_set_Y":2.0133283,"data_set_Z":0.24944134},{"data_set_T":9.6199999,"data_set_B":0.24929008,"data_set_Y":2.0196149,"data_set_Z":0.24973175},{"data_set_T":9.6400003,"data_set_B":0.2482949,"data_set_Y":2.0257156,"data_set_Z":0.25000572},{"data_set_T":9.6599998,"data_set_B":0.24730371,"data_set_Y":2.0316343,"data_set_Z":0.25026315},{"data_set_T":9.6800003,"data_set_B":0.24631646,"data_set_Y":2.0373747,"data_set_Z":0.25050408},{"data_set_T":9.6999998,"data_set_B":0.24533316,"data_set_Y":2.0429406,"data_set_Z":0.25072843},{"data_set_T":9.7200003,"data_set_B":0.2443538,"data_set_Y":2.0483363,"data_set_Z":0.25093624},{"data_set_T":9.7399998,"data_set_B":0.24337834,"data_set_Y":2.0535655,"data_set_Z":0.25112751},{"data_set_T":9.7600002,"data_set_B":0.24240677,"data_set_Y":2.0586317,"data_set_Z":0.25130233},{"data_set_T":9.7799997,"data_set_B":0.24143907,"data_set_Y":2.063539,"data_set_Z":0.2514607},{"data_set_T":9.8000002,"data_set_B":0.24047525,"data_set_Y":2.0682914,"data_set_Z":0.25160271},{"data_set_T":9.8199997,"data_set_B":0.23951527,"data_set_Y":2.0728922,"data_set_Z":0.25172848},{"data_set_T":9.8400002,"data_set_B":0.23855913,"data_set_Y":2.0773451,"data_set_Z":0.25183812},{"data_set_T":9.8599997,"data_set_B":0.23760679,"data_set_Y":2.0816541,"data_set_Z":0.25193173},{"data_set_T":9.8800001,"data_set_B":0.23665826,"data_set_Y":2.0858226,"data_set_Z":0.25200951},{"data_set_T":9.8999996,"data_set_B":0.23571353,"data_set_Y":2.089854,"data_set_Z":0.25207159},{"data_set_T":9.9200001,"data_set_B":0.23477255,"data_set_Y":2.0937519,"data_set_Z":0.2521182},{"data_set_T":9.9399996,"data_set_B":0.23383534,"data_set_Y":2.0975199,"data_set_Z":0.25214952},{"data_set_T":9.96,"data_set_B":0.23290186,"data_set_Y":2.101161,"data_set_Z":0.25216576},{"data_set_T":9.9799995,"data_set_B":0.23197211,"data_set_Y":2.1046789,"data_set_Z":0.25216717},{"data_set_T":10.0,"data_set_B":0.23104608,"data_set_Y":2.1080766,"data_set_Z":0.25215402},{"data_set_T":10.02,"data_set_B":0.23012374,"data_set_Y":2.1113572,"data_set_Z":0.25212657},{"data_set_T":10.04,"data_set_B":0.22920509,"data_set_Y":2.1145241,"data_set_Z":0.25208506},{"data_set_T":10.06,"data_set_B":0.2282901,"data_set_Y":2.1175799,"data_set_Z":0.25202984},{"data_set_T":10.08,"data_set_B":0.22737876,"data_set_Y":2.120528,"data_set_Z":0.2519612},{"data_set_T":10.1,"data_set_B":0.22647107,"data_set_Y":2.1233711,"data_set_Z":0.25187942},{"data_set_T":10.12,"data_set_B":0.22556698,"data_set_Y":2.1261117,"data_set_Z":0.25178486},{"data_set_T":10.14,"data_set_B":0.22466652,"data_set_Y":2.1287532,"data_set_Z":0.25167784},{"data_set_T":10.16,"data_set_B":0.22376965,"data_set_Y":2.1312976,"data_set_Z":0.25155869},{"data_set_T":10.18,"data_set_B":0.22287636,"data_set_Y":2.1337478,"data_set_Z":0.25142777},{"data_set_T":10.2,"data_set_B":0.22198664,"data_set_Y":2.1361065,"data_set_Z":0.2512854},{"data_set_T":10.22,"data_set_B":0.22110046,"data_set_Y":2.1383755,"data_set_Z":0.25113195},{"data_set_T":10.24,"data_set_B":0.22021782,"data_set_Y":2.1405578,"data_set_Z":0.25096777},{"data_set_T":10.26,"data_set_B":0.21933872,"data_set_Y":2.1426554,"data_set_Z":0.25079325},{"data_set_T":10.28,"data_set_B":0.21846311,"data_set_Y":2.1446705,"data_set_Z":0.25060868},{"data_set_T":10.3,"data_set_B":0.217591,"data_set_Y":2.1466053,"data_set_Z":0.25041446},{"data_set_T":10.32,"data_set_B":0.21672238,"data_set_Y":2.1484616,"data_set_Z":0.25021094},{"data_set_T":10.34,"data_set_B":0.21585722,"data_set_Y":2.1502419,"data_set_Z":0.24999847},{"data_set_T":10.36,"data_set_B":0.21499552,"data_set_Y":2.1519475,"data_set_Z":0.24977736},{"data_set_T":10.38,"data_set_B":0.21413726,"data_set_Y":2.1535809,"data_set_Z":0.249548},{"data_set_T":10.4,"data_set_B":0.21328241,"data_set_Y":2.1551435,"data_set_Z":0.2493107},{"data_set_T":10.42,"data_set_B":0.21243098,"data_set_Y":2.156637,"data_set_Z":0.2490658},{"data_set_T":10.44,"data_set_B":0.21158296,"data_set_Y":2.1580632,"data_set_Z":0.24881363},{"data_set_T":10.46,"data_set_B":0.21073832,"data_set_Y":2.1594238,"data_set_Z":0.2485545},{"data_set_T":10.48,"data_set_B":0.20989706,"data_set_Y":2.1607201,"data_set_Z":0.24828874},{"data_set_T":10.5,"data_set_B":0.20905913,"data_set_Y":2.1619539,"data_set_Z":0.24801663},{"data_set_T":10.52,"data_set_B":0.20822456,"data_set_Y":2.1631265,"data_set_Z":0.24773848},{"data_set_T":10.54,"data_set_B":0.20739333,"data_set_Y":2.1642392,"data_set_Z":0.24745457},{"data_set_T":10.56,"data_set_B":0.20656542,"data_set_Y":2.1652932,"data_set_Z":0.24716519},{"data_set_T":10.58,"data_set_B":0.20574081,"data_set_Y":2.1662903,"data_set_Z":0.24687062},{"data_set_T":10.6,"data_set_B":0.20491949,"data_set_Y":2.1672311,"data_set_Z":0.24657111},{"data_set_T":10.62,"data_set_B":0.20410144,"data_set_Y":2.1681173,"data_set_Z":0.2462669},{"data_set_T":10.64,"data_set_B":0.20328668,"data_set_Y":2.1689498,"data_set_Z":0.24595827},{"data_set_T":10.66,"data_set_B":0.20247515,"data_set_Y":2.1697297,"data_set_Z":0.24564542},{"data_set_T":10.68,"data_set_B":0.20166686,"data_set_Y":2.1704583,"data_set_Z":0.24532862},{"data_set_T":10.7,"data_set_B":0.20086181,"data_set_Y":2.1711364,"data_set_Z":0.24500805},{"data_set_T":10.72,"data_set_B":0.20005997,"data_set_Y":2.1717649,"data_set_Z":0.24468395},{"data_set_T":10.74,"data_set_B":0.19926132,"data_set_Y":2.1723452,"data_set_Z":0.24435651},{"data_set_T":10.76,"data_set_B":0.19846587,"data_set_Y":2.1728778,"data_set_Z":0.24402593},{"data_set_T":10.78,"data_set_B":0.1976736,"data_set_Y":2.1733637,"data_set_Z":0.2436924},{"data_set_T":10.8,"data_set_B":0.19688448,"data_set_Y":2.1738038,"data_set_Z":0.24335608},{"data_set_T":10.82,"data_set_B":0.19609852,"data_set_Y":2.1741989,"data_set_Z":0.24301717},{"data_set_T":10.84,"data_set_B":0.19531569,"data_set_Y":2.1745498,"data_set_Z":0.24267583},{"data_set_T":10.86,"data_set_B":0.19453599,"data_set_Y":2.1748574,"data_set_Z":0.24233219},{"data_set_T":10.88,"data_set_B":0.1937594,"data_set_Y":2.1751223,"data_set_Z":0.24198642},{"data_set_T":10.9,"data_set_B":0.19298591,"data_set_Y":2.1753454,"data_set_Z":0.24163868},{"data_set_T":10.92,"data_set_B":0.1922155,"data_set_Y":2.1755271,"data_set_Z":0.24128906},{"data_set_T":10.94,"data_set_B":0.19144818,"data_set_Y":2.1756685,"data_set_Z":0.24093774},{"data_set_T":10.96,"data_set_B":0.19068392,"data_set_Y":2.1757698,"data_set_Z":0.24058484},{"data_set_T":10.98,"data_set_B":0.18992271,"data_set_Y":2.1758318,"data_set_Z":0.24023044},{"data_set_T":11.0,"data_set_B":0.18916453,"data_set_Y":2.1758554,"data_set_Z":0.23987469},{"data_set_T":11.02,"data_set_B":0.18840939,"data_set_Y":2.1758409,"data_set_Z":0.23951769},{"data_set_T":11.04,"data_set_B":0.18765725,"data_set_Y":2.1757889,"data_set_Z":0.23915954},{"data_set_T":11.06,"data_set_B":0.18690813,"data_set_Y":2.1756999,"data_set_Z":0.23880033},{"data_set_T":11.08,"data_set_B":0.18616198,"data_set_Y":2.1755748,"data_set_Z":0.23844017},{"data_set_T":11.1,"data_set_B":0.18541883,"data_set_Y":2.1754138,"data_set_Z":0.23807915},{"data_set_T":11.12,"data_set_B":0.18467863,"data_set_Y":2.1752174,"data_set_Z":0.23771733},{"data_set_T":11.14,"data_set_B":0.18394139,"data_set_Y":2.1749864,"data_set_Z":0.23735482},{"data_set_T":11.16,"data_set_B":0.18320709,"data_set_Y":2.174721,"data_set_Z":0.23699167},{"data_set_T":11.18,"data_set_B":0.18247573,"data_set_Y":2.1744218,"data_set_Z":0.23662798},{"data_set_T":11.2,"data_set_B":0.18174729,"data_set_Y":2.1740892,"data_set_Z":0.2362638},{"data_set_T":11.22,"data_set_B":0.18102175,"data_set_Y":2.1737237,"data_set_Z":0.23589921},{"data_set_T":11.24,"data_set_B":0.1802991,"data_set_Y":2.1733258,"data_set_Z":0.23553425},{"data_set_T":11.26,"data_set_B":0.17957935,"data_set_Y":2.1728957,"data_set_Z":0.23516901},{"data_set_T":11.28,"data_set_B":0.17886247,"data_set_Y":2.1724341,"data_set_Z":0.23480353},{"data_set_T":11.3,"data_set_B":0.17814845,"data_set_Y":2.1719413,"data_set_Z":0.23443787},{"data_set_T":11.32,"data_set_B":0.17743728,"data_set_Y":2.1714177,"data_set_Z":0.23407206},{"data_set_T":11.34,"data_set_B":0.17672895,"data_set_Y":2.1708636,"data_set_Z":0.23370619},{"data_set_T":11.36,"data_set_B":0.17602344,"data_set_Y":2.1702795,"data_set_Z":0.23334026},{"data_set_T":11.38,"data_set_B":0.17532076,"data_set_Y":2.1696658,"data_set_Z":0.23297435},{"data_set_T":11.4,"data_set_B":0.17462087,"data_set_Y":2.1690226,"data_set_Z":0.23260848},{"data_set_T":11.42,"data_set_B":0.17392378,"data_set_Y":2.1683507,"data_set_Z":0.2322427},{"data_set_T":11.44,"data_set_B":0.17322947,"data_set_Y":2.16765,"data_set_Z":0.23187706},{"data_set_T":11.46,"data_set_B":0.17253794,"data_set_Y":2.1669211,"data_set_Z":0.23151158},{"data_set_T":11.48,"data_set_B":0.17184918,"data_set_Y":2.1661642,"data_set_Z":0.23114628},{"data_set_T":11.5,"data_set_B":0.17116314,"data_set_Y":2.1653798,"data_set_Z":0.23078121},{"data_set_T":11.52,"data_set_B":0.17047986,"data_set_Y":2.1645682,"data_set_Z":0.23041642},{"data_set_T":11.54,"data_set_B":0.1697993,"data_set_Y":2.1637294,"data_set_Z":0.2300519},{"data_set_T":11.56,"data_set_B":0.16912146,"data_set_Y":2.1628642,"data_set_Z":0.22968771},{"data_set_T":11.58,"data_set_B":0.16844633,"data_set_Y":2.1619725,"data_set_Z":0.22932385},{"data_set_T":11.6,"data_set_B":0.16777389,"data_set_Y":2.1610548,"data_set_Z":0.22896035},{"data_set_T":11.62,"data_set_B":0.16710414,"data_set_Y":2.1601114,"data_set_Z":0.22859725},{"data_set_T":11.64,"data_set_B":0.16643704,"data_set_Y":2.1591425,"data_set_Z":0.22823457},{"data_set_T":11.66,"data_set_B":0.16577263,"data_set_Y":2.1581483,"data_set_Z":0.22787233},{"data_set_T":11.68,"data_set_B":0.16511087,"data_set_Y":2.1571295,"data_set_Z":0.22751053},{"data_set_T":11.7,"data_set_B":0.16445175,"data_set_Y":2.1560857,"data_set_Z":0.22714922},{"data_set_T":11.72,"data_set_B":0.16379525,"data_set_Y":2.1550179,"data_set_Z":0.22678839},{"data_set_T":11.74,"data_set_B":0.16314138,"data_set_Y":2.1539257,"data_set_Z":0.22642808},{"data_set_T":11.76,"data_set_B":0.16249011,"data_set_Y":2.1528099,"data_set_Z":0.22606829},{"data_set_T":11.78,"data_set_B":0.16184145,"data_set_Y":2.1516705,"data_set_Z":0.22570904},{"data_set_T":11.8,"data_set_B":0.16119538,"data_set_Y":2.1505077,"data_set_Z":0.22535035},{"data_set_T":11.82,"data_set_B":0.16055189,"data_set_Y":2.1493218,"data_set_Z":0.22499223},{"data_set_T":11.84,"data_set_B":0.15991096,"data_set_Y":2.1481133,"data_set_Z":0.22463471},{"data_set_T":11.86,"data_set_B":0.1592726,"data_set_Y":2.1468821,"data_set_Z":0.22427776},{"data_set_T":11.88,"data_set_B":0.15863678,"data_set_Y":2.1456285,"data_set_Z":0.22392143},{"data_set_T":11.9,"data_set_B":0.15800349,"data_set_Y":2.1443529,"data_set_Z":0.22356573},{"data_set_T":11.92,"data_set_B":0.15737274,"data_set_Y":2.1430554,"data_set_Z":0.22321065},{"data_set_T":11.94,"data_set_B":0.15674451,"data_set_Y":2.1417363,"data_set_Z":0.22285621},{"data_set_T":11.96,"data_set_B":0.15611878,"data_set_Y":2.1403959,"data_set_Z":0.22250243},{"data_set_T":11.98,"data_set_B":0.15549555,"data_set_Y":2.139034,"data_set_Z":0.2221493},{"data_set_T":12.0,"data_set_B":0.15487482,"data_set_Y":2.1376514,"data_set_Z":0.22179684},{"data_set_T":12.02,"data_set_B":0.15425655,"data_set_Y":2.1362481,"data_set_Z":0.22144505},{"data_set_T":12.04,"data_set_B":0.15364076,"data_set_Y":2.1348243,"data_set_Z":0.22109394},{"data_set_T":12.06,"data_set_B":0.15302743,"data_set_Y":2.1333802,"data_set_Z":0.22074354},{"data_set_T":12.08,"data_set_B":0.15241654,"data_set_Y":2.131916,"data_set_Z":0.22039382},{"data_set_T":12.1,"data_set_B":0.1518081,"data_set_Y":2.1304319,"data_set_Z":0.22004481},{"data_set_T":12.12,"data_set_B":0.15120207,"data_set_Y":2.1289282,"data_set_Z":0.21969649},{"data_set_T":12.14,"data_set_B":0.15059847,"data_set_Y":2.1274049,"data_set_Z":0.21934891},{"data_set_T":12.16,"data_set_B":0.14999728,"data_set_Y":2.1258626,"data_set_Z":0.21900204},{"data_set_T":12.18,"data_set_B":0.14939849,"data_set_Y":2.124301,"data_set_Z":0.21865588},{"data_set_T":12.2,"data_set_B":0.14880209,"data_set_Y":2.1227207,"data_set_Z":0.21831048},{"data_set_T":12.22,"data_set_B":0.14820807,"data_set_Y":2.1211216,"data_set_Z":0.21796578},{"data_set_T":12.24,"data_set_B":0.14761642,"data_set_Y":2.1195042,"data_set_Z":0.21762183},{"data_set_T":12.26,"data_set_B":0.14702713,"data_set_Y":2.1178684,"data_set_Z":0.21727863},{"data_set_T":12.28,"data_set_B":0.14644021,"data_set_Y":2.1162148,"data_set_Z":0.21693617},{"data_set_T":12.3,"data_set_B":0.14585561,"data_set_Y":2.1145432,"data_set_Z":0.21659446},{"data_set_T":12.32,"data_set_B":0.14527336,"data_set_Y":2.1128538,"data_set_Z":0.2162535},{"data_set_T":12.34,"data_set_B":0.14469342,"data_set_Y":2.1111469,"data_set_Z":0.2159133},{"data_set_T":12.36,"data_set_B":0.14411581,"data_set_Y":2.1094227,"data_set_Z":0.21557383},{"data_set_T":12.38,"data_set_B":0.14354049,"data_set_Y":2.1076815,"data_set_Z":0.21523514},{"data_set_T":12.4,"data_set_B":0.14296748,"data_set_Y":2.1059232,"data_set_Z":0.21489722},{"data_set_T":12.42,"data_set_B":0.14239675,"data_set_Y":2.1041484,"data_set_Z":0.21456003},{"data_set_T":12.44,"data_set_B":0.1418283,"data_set_Y":2.1023567,"data_set_Z":0.21422364},{"data_set_T":12.46,"data_set_B":0.14126211,"data_set_Y":2.1005487,"data_set_Z":0.21388799},{"data_set_T":12.48,"data_set_B":0.14069819,"data_set_Y":2.0987246,"data_set_Z":0.21355312},{"data_set_T":12.5,"data_set_B":0.14013653,"data_set_Y":2.0968843,"data_set_Z":0.21321902},{"data_set_T":12.52,"data_set_B":0.13957711,"data_set_Y":2.0950279,"data_set_Z":0.21288568},{"data_set_T":12.54,"data_set_B":0.13901991,"data_set_Y":2.0931561,"data_set_Z":0.21255311},{"data_set_T":12.56,"data_set_B":0.13846494,"data_set_Y":2.0912688,"data_set_Z":0.21222132},{"data_set_T":12.58,"data_set_B":0.13791218,"data_set_Y":2.089366,"data_set_Z":0.21189031},{"data_set_T":12.6,"data_set_B":0.13736165,"data_set_Y":2.0874479,"data_set_Z":0.21156007},{"data_set_T":12.62,"data_set_B":0.1368133,"data_set_Y":2.0855148,"data_set_Z":0.21123059},{"data_set_T":12.64,"data_set_B":0.13626713,"data_set_Y":2.0835669,"data_set_Z":0.2109019},{"data_set_T":12.66,"data_set_B":0.13572316,"data_set_Y":2.0816042,"data_set_Z":0.21057399},{"data_set_T":12.68,"data_set_B":0.13518134,"data_set_Y":2.079627,"data_set_Z":0.21024683},{"data_set_T":12.7,"data_set_B":0.13464169,"data_set_Y":2.0776353,"data_set_Z":0.20992047},{"data_set_T":12.72,"data_set_B":0.13410421,"data_set_Y":2.0756295,"data_set_Z":0.20959488},{"data_set_T":12.74,"data_set_B":0.13356887,"data_set_Y":2.0736096,"data_set_Z":0.20927006},{"data_set_T":12.76,"data_set_B":0.13303566,"data_set_Y":2.0715759,"data_set_Z":0.208946},{"data_set_T":12.78,"data_set_B":0.13250457,"data_set_Y":2.0695283,"data_set_Z":0.20862274},{"data_set_T":12.8,"data_set_B":0.13197562,"data_set_Y":2.067467,"data_set_Z":0.20830025},{"data_set_T":12.82,"data_set_B":0.13144876,"data_set_Y":2.0653925,"data_set_Z":0.20797853},{"data_set_T":12.84,"data_set_B":0.13092402,"data_set_Y":2.0633044,"data_set_Z":0.20765759},{"data_set_T":12.86,"data_set_B":0.13040137,"data_set_Y":2.0612035,"data_set_Z":0.20733741},{"data_set_T":12.88,"data_set_B":0.12988082,"data_set_Y":2.0590894,"data_set_Z":0.20701802},{"data_set_T":12.9,"data_set_B":0.12936233,"data_set_Y":2.0569625,"data_set_Z":0.20669939},{"data_set_T":12.92,"data_set_B":0.1288459,"data_set_Y":2.0548229,"data_set_Z":0.20638153},{"data_set_T":12.94,"data_set_B":0.12833156,"data_set_Y":2.052671,"data_set_Z":0.20606445},{"data_set_T":12.96,"data_set_B":0.12781925,"data_set_Y":2.0505064,"data_set_Z":0.20574814},{"data_set_T":12.98,"data_set_B":0.12730899,"data_set_Y":2.0483296,"data_set_Z":0.20543259},{"data_set_T":13.0,"data_set_B":0.12680078,"data_set_Y":2.0461407,"data_set_Z":0.20511782},{"data_set_T":13.02,"data_set_B":0.12629458,"data_set_Y":2.0439398,"data_set_Z":0.20480381},{"data_set_T":13.04,"data_set_B":0.12579042,"data_set_Y":2.0417273,"data_set_Z":0.20449057},{"data_set_T":13.06,"data_set_B":0.12528826,"data_set_Y":2.0395031,"data_set_Z":0.20417809},{"data_set_T":13.08,"data_set_B":0.12478811,"data_set_Y":2.0372672,"data_set_Z":0.20386639},{"data_set_T":13.1,"data_set_B":0.12428995,"data_set_Y":2.0350199,"data_set_Z":0.20355545},{"data_set_T":13.12,"data_set_B":0.12379379,"data_set_Y":2.0327613,"data_set_Z":0.20324527},{"data_set_T":13.14,"data_set_B":0.1232996,"data_set_Y":2.0304918,"data_set_Z":0.20293584},{"data_set_T":13.16,"data_set_B":0.12280739,"data_set_Y":2.0282114,"data_set_Z":0.2026272},{"data_set_T":13.18,"data_set_B":0.12231714,"data_set_Y":2.0259199,"data_set_Z":0.20231929},{"data_set_T":13.2,"data_set_B":0.12182885,"data_set_Y":2.0236177,"data_set_Z":0.20201215},{"data_set_T":13.22,"data_set_B":0.1213425,"data_set_Y":2.0213051,"data_set_Z":0.20170577},{"data_set_T":13.24,"data_set_B":0.1208581,"data_set_Y":2.0189819,"data_set_Z":0.20140015},{"data_set_T":13.26,"data_set_B":0.12037564,"data_set_Y":2.0166485,"data_set_Z":0.20109527},{"data_set_T":13.28,"data_set_B":0.1198951,"data_set_Y":2.0143049,"data_set_Z":0.20079115},{"data_set_T":13.3,"data_set_B":0.11941648,"data_set_Y":2.0119512,"data_set_Z":0.20048778},{"data_set_T":13.32,"data_set_B":0.11893976,"data_set_Y":2.0095878,"data_set_Z":0.20018516},{"data_set_T":13.34,"data_set_B":0.11846495,"data_set_Y":2.0072143,"data_set_Z":0.1998833},{"data_set_T":13.36,"data_set_B":0.11799204,"data_set_Y":2.0048313,"data_set_Z":0.19958217},{"data_set_T":13.38,"data_set_B":0.11752102,"data_set_Y":2.0024388,"data_set_Z":0.19928181},{"data_set_T":13.4,"data_set_B":0.11705187,"data_set_Y":2.000037,"data_set_Z":0.19898218},{"data_set_T":13.42,"data_set_B":0.1165846,"data_set_Y":1.9976258,"data_set_Z":0.19868331},{"data_set_T":13.44,"data_set_B":0.11611919,"data_set_Y":1.9952055,"data_set_Z":0.19838516},{"data_set_T":13.46,"data_set_B":0.11565564,"data_set_Y":1.9927762,"data_set_Z":0.19808777},{"data_set_T":13.48,"data_set_B":0.11519394,"data_set_Y":1.990338,"data_set_Z":0.19779111},{"data_set_T":13.5,"data_set_B":0.11473409,"data_set_Y":1.987891,"data_set_Z":0.19749519},{"data_set_T":13.52,"data_set_B":0.11427607,"data_set_Y":1.9854354,"data_set_Z":0.1972},{"data_set_T":13.54,"data_set_B":0.11381987,"data_set_Y":1.9829712,"data_set_Z":0.19690555},{"data_set_T":13.56,"data_set_B":0.11336551,"data_set_Y":1.9804987,"data_set_Z":0.19661185},{"data_set_T":13.58,"data_set_B":0.11291295,"data_set_Y":1.9780178,"data_set_Z":0.19631886},{"data_set_T":13.6,"data_set_B":0.1124622,"data_set_Y":1.9755288,"data_set_Z":0.19602662},{"data_set_T":13.62,"data_set_B":0.11201325,"data_set_Y":1.9730318,"data_set_Z":0.1957351},{"data_set_T":13.64,"data_set_B":0.11156609,"data_set_Y":1.9705268,"data_set_Z":0.19544432},{"data_set_T":13.66,"data_set_B":0.11112072,"data_set_Y":1.968014,"data_set_Z":0.19515425},{"data_set_T":13.68,"data_set_B":0.11067712,"data_set_Y":1.9654936,"data_set_Z":0.19486491},{"data_set_T":13.7,"data_set_B":0.1102353,"data_set_Y":1.9629655,"data_set_Z":0.19457629},{"data_set_T":13.72,"data_set_B":0.10979524,"data_set_Y":1.9604299,"data_set_Z":0.1942884},{"data_set_T":13.74,"data_set_B":0.10935693,"data_set_Y":1.9578871,"data_set_Z":0.19400123},{"data_set_T":13.76,"data_set_B":0.10892038,"data_set_Y":1.9553369,"data_set_Z":0.19371478},{"data_set_T":13.78,"data_set_B":0.10848557,"data_set_Y":1.9527798,"data_set_Z":0.19342904},{"data_set_T":13.8,"data_set_B":0.10805249,"data_set_Y":1.9502155,"data_set_Z":0.19314402},{"data_set_T":13.82,"data_set_B":0.10762115,"data_set_Y":1.9476444,"data_set_Z":0.19285972},{"data_set_T":13.84,"data_set_B":0.10719153,"data_set_Y":1.9450665,"data_set_Z":0.19257613},{"data_set_T":13.86,"data_set_B":0.10676362,"data_set_Y":1.9424819,"data_set_Z":0.19229326},{"data_set_T":13.88,"data_set_B":0.10633741,"data_set_Y":1.9398906,"data_set_Z":0.19201109},{"data_set_T":13.9,"data_set_B":0.10591291,"data_set_Y":1.9372931,"data_set_Z":0.19172962},{"data_set_T":13.92,"data_set_B":0.1054901,"data_set_Y":1.934689,"data_set_Z":0.19144887},{"data_set_T":13.94,"data_set_B":0.10506899,"data_set_Y":1.9320788,"data_set_Z":0.19116883},{"data_set_T":13.96,"data_set_B":0.10464955,"data_set_Y":1.9294624,"data_set_Z":0.19088948},{"data_set_T":13.98,"data_set_B":0.10423179,"data_set_Y":1.9268401,"data_set_Z":0.19061084},{"data_set_T":14.0,"data_set_B":0.1038157,"data_set_Y":1.9242117,"data_set_Z":0.1903329},{"data_set_T":14.02,"data_set_B":0.10340127,"data_set_Y":1.9215776,"data_set_Z":0.19005565},{"data_set_T":14.04,"data_set_B":0.10298848,"data_set_Y":1.9189377,"data_set_Z":0.18977912},{"data_set_T":14.06,"data_set_B":0.10257735,"data_set_Y":1.9162922,"data_set_Z":0.18950327},{"data_set_T":14.08,"data_set_B":0.10216786,"data_set_Y":1.9136412,"data_set_Z":0.18922812},{"data_set_T":14.1,"data_set_B":0.10176001,"data_set_Y":1.9109848,"data_set_Z":0.18895367},{"data_set_T":14.12,"data_set_B":0.10135378,"data_set_Y":1.908323,"data_set_Z":0.1886799},{"data_set_T":14.14,"data_set_B":0.10094918,"data_set_Y":1.9056561,"data_set_Z":0.18840683},{"data_set_T":14.16,"data_set_B":0.10054618,"data_set_Y":1.902984,"data_set_Z":0.18813445},{"data_set_T":14.18,"data_set_B":0.1001448,"data_set_Y":1.9003069,"data_set_Z":0.18786275},{"data_set_T":14.2,"data_set_B":0.099745028,"data_set_Y":1.897625,"data_set_Z":0.18759175},{"data_set_T":14.22,"data_set_B":0.099346839,"data_set_Y":1.8949382,"data_set_Z":0.18732141},{"data_set_T":14.24,"data_set_B":0.098950244,"data_set_Y":1.8922467,"data_set_Z":0.18705177},{"data_set_T":14.26,"data_set_B":0.098555237,"data_set_Y":1.8895506,"data_set_Z":0.18678281},{"data_set_T":14.28,"data_set_B":0.098161802,"data_set_Y":1.88685,"data_set_Z":0.18651453},{"data_set_T":14.3,"data_set_B":0.097769938,"data_set_Y":1.8841449,"data_set_Z":0.18624693},{"data_set_T":14.32,"data_set_B":0.09737964,"data_set_Y":1.8814355,"data_set_Z":0.18598001},{"data_set_T":14.34,"data_set_B":0.096990898,"data_set_Y":1.8787218,"data_set_Z":0.18571375},{"data_set_T":14.36,"data_set_B":0.096603714,"data_set_Y":1.8760041,"data_set_Z":0.18544818},{"data_set_T":14.38,"data_set_B":0.096218072,"data_set_Y":1.8732822,"data_set_Z":0.18518327},{"data_set_T":14.4,"data_set_B":0.095833965,"data_set_Y":1.8705564,"data_set_Z":0.18491904},{"data_set_T":14.42,"data_set_B":0.095451392,"data_set_Y":1.8678267,"data_set_Z":0.18465549},{"data_set_T":14.44,"data_set_B":0.095070355,"data_set_Y":1.8650932,"data_set_Z":0.1843926},{"data_set_T":14.46,"data_set_B":0.09469083,"data_set_Y":1.8623562,"data_set_Z":0.18413037},{"data_set_T":14.48,"data_set_B":0.094312824,"data_set_Y":1.8596154,"data_set_Z":0.18386881},{"data_set_T":14.5,"data_set_B":0.093936324,"data_set_Y":1.8568711,"data_set_Z":0.18360792},{"data_set_T":14.52,"data_set_B":0.093561329,"data_set_Y":1.8541235,"data_set_Z":0.18334769},{"data_set_T":14.54,"data_set_B":0.093187831,"data_set_Y":1.8513725,"data_set_Z":0.18308812},{"data_set_T":14.56,"data_set_B":0.092815824,"data_set_Y":1.8486183,"data_set_Z":0.1828292},{"data_set_T":14.58,"data_set_B":0.092445306,"data_set_Y":1.8458608,"data_set_Z":0.18257095},{"data_set_T":14.6,"data_set_B":0.092076264,"data_set_Y":1.8431003,"data_set_Z":0.18231337},{"data_set_T":14.62,"data_set_B":0.09170869,"data_set_Y":1.8403369,"data_set_Z":0.18205643},{"data_set_T":14.64,"data_set_B":0.091342591,"data_set_Y":1.8375705,"data_set_Z":0.18180014},{"data_set_T":14.66,"data_set_B":0.090977952,"data_set_Y":1.8348013,"data_set_Z":0.18154451},{"data_set_T":14.68,"data_set_B":0.090614766,"data_set_Y":1.8320295,"data_set_Z":0.18128952},{"data_set_T":14.7,"data_set_B":0.090253033,"data_set_Y":1.8292549,"data_set_Z":0.18103521},{"data_set_T":14.72,"data_set_B":0.089892738,"data_set_Y":1.8264778,"data_set_Z":0.18078151},{"data_set_T":14.74,"data_set_B":0.089533888,"data_set_Y":1.8236982,"data_set_Z":0.18052849},{"data_set_T":14.76,"data_set_B":0.089176469,"data_set_Y":1.8209162,"data_set_Z":0.1802761},{"data_set_T":14.78,"data_set_B":0.088820472,"data_set_Y":1.8181318,"data_set_Z":0.18002436},{"data_set_T":14.8,"data_set_B":0.088465899,"data_set_Y":1.8153453,"data_set_Z":0.17977326},{"data_set_T":14.82,"data_set_B":0.088112742,"data_set_Y":1.8125565,"data_set_Z":0.1795228},{"data_set_T":14.84,"data_set_B":0.087761,"data_set_Y":1.8097657,"data_set_Z":0.17927299},{"data_set_T":14.86,"data_set_B":0.087410651,"data_set_Y":1.8069729,"data_set_Z":0.17902382},{"data_set_T":14.88,"data_set_B":0.087061711,"data_set_Y":1.8041781,"data_set_Z":0.17877528},{"data_set_T":14.9,"data_set_B":0.086714156,"data_set_Y":1.8013816,"data_set_Z":0.17852737},{"data_set_T":14.92,"data_set_B":0.086367995,"data_set_Y":1.7985833,"data_set_Z":0.1782801},{"data_set_T":14.94,"data_set_B":0.086023211,"data_set_Y":1.7957832,"data_set_Z":0.17803347},{"data_set_T":14.96,"data_set_B":0.085679807,"data_set_Y":1.7929815,"data_set_Z":0.17778747},{"data_set_T":14.98,"data_set_B":0.085337773,"data_set_Y":1.7901783,"data_set_Z":0.17754211},{"data_set_T":15.0,"data_set_B":0.084997103,"data_set_Y":1.7873737,"data_set_Z":0.17729737},{"data_set_T":15.02,"data_set_B":0.084657796,"data_set_Y":1.7845676,"data_set_Z":0.17705326},{"data_set_T":15.04,"data_set_B":0.084319837,"data_set_Y":1.7817602,"data_set_Z":0.17680977},{"data_set_T":15.06,"data_set_B":0.083983235,"data_set_Y":1.7789515,"data_set_Z":0.17656691},{"data_set_T":15.08,"data_set_B":0.083647974,"data_set_Y":1.7761418,"data_set_Z":0.1763247},{"data_set_T":15.1,"data_set_B":0.083314046,"data_set_Y":1.7733309,"data_set_Z":0.17608309},{"data_set_T":15.12,"data_set_B":0.08298146,"data_set_Y":1.7705189,"data_set_Z":0.17584209},{"data_set_T":15.14,"data_set_B":0.082650192,"data_set_Y":1.767706,"data_set_Z":0.17560174},{"data_set_T":15.16,"data_set_B":0.082320251,"data_set_Y":1.7648923,"data_set_Z":0.17536199},{"data_set_T":15.18,"data_set_B":0.081991628,"data_set_Y":1.7620777,"data_set_Z":0.17512286},{"data_set_T":15.2,"data_set_B":0.081664316,"data_set_Y":1.7592624,"data_set_Z":0.17488435},{"data_set_T":15.22,"data_set_B":0.081338316,"data_set_Y":1.7564464,"data_set_Z":0.17464647},{"data_set_T":15.24,"data_set_B":0.081013612,"data_set_Y":1.7536298,"data_set_Z":0.17440918},{"data_set_T":15.26,"data_set_B":0.080690205,"data_set_Y":1.7508126,"data_set_Z":0.17417252},{"data_set_T":15.28,"data_set_B":0.080368087,"data_set_Y":1.747995,"data_set_Z":0.17393647},{"data_set_T":15.3,"data_set_B":0.080047257,"data_set_Y":1.745177,"data_set_Z":0.17370103},{"data_set_T":15.32,"data_set_B":0.079727709,"data_set_Y":1.7423587,"data_set_Z":0.17346619},{"data_set_T":15.34,"data_set_B":0.079409435,"data_set_Y":1.73954,"data_set_Z":0.17323197},{"data_set_T":15.36,"data_set_B":0.079092428,"data_set_Y":1.7367212,"data_set_Z":0.17299835},{"data_set_T":15.38,"data_set_B":0.078776695,"data_set_Y":1.7339022,"data_set_Z":0.17276534},{"data_set_T":15.4,"data_set_B":0.078462213,"data_set_Y":1.7310832,"data_set_Z":0.17253295},{"data_set_T":15.42,"data_set_B":0.078148991,"data_set_Y":1.7282641,"data_set_Z":0.17230114},{"data_set_T":15.44,"data_set_B":0.07783702,"data_set_Y":1.725445,"data_set_Z":0.17206994},{"data_set_T":15.46,"data_set_B":0.077526294,"data_set_Y":1.7226261,"data_set_Z":0.17183934},{"data_set_T":15.48,"data_set_B":0.077216811,"data_set_Y":1.7198074,"data_set_Z":0.17160934},{"data_set_T":15.5,"data_set_B":0.076908559,"data_set_Y":1.7169889,"data_set_Z":0.17137995},{"data_set_T":15.52,"data_set_B":0.076601543,"data_set_Y":1.7141707,"data_set_Z":0.17115115},{"data_set_T":15.54,"data_set_B":0.076295748,"data_set_Y":1.7113528,"data_set_Z":0.17092295},{"data_set_T":15.56,"data_set_B":0.075991169,"data_set_Y":1.7085354,"data_set_Z":0.17069533},{"data_set_T":15.58,"data_set_B":0.075687811,"data_set_Y":1.7057185,"data_set_Z":0.17046832},{"data_set_T":15.6,"data_set_B":0.075385667,"data_set_Y":1.7029022,"data_set_Z":0.17024189},{"data_set_T":15.62,"data_set_B":0.075084724,"data_set_Y":1.7000864,"data_set_Z":0.17001607},{"data_set_T":15.64,"data_set_B":0.074784987,"data_set_Y":1.6972712,"data_set_Z":0.16979082},{"data_set_T":15.66,"data_set_B":0.074486442,"data_set_Y":1.6944568,"data_set_Z":0.16956617},{"data_set_T":15.68,"data_set_B":0.074189097,"data_set_Y":1.6916432,"data_set_Z":0.1693421},{"data_set_T":15.7,"data_set_B":0.073892929,"data_set_Y":1.6888304,"data_set_Z":0.16911863},{"data_set_T":15.72,"data_set_B":0.073597953,"data_set_Y":1.6860185,"data_set_Z":0.16889574},{"data_set_T":15.74,"data_set_B":0.073304147,"data_set_Y":1.6832075,"data_set_Z":0.16867344},{"data_set_T":15.76,"data_set_B":0.073011518,"data_set_Y":1.6803976,"data_set_Z":0.16845171},{"data_set_T":15.78,"data_set_B":0.072720051,"data_set_Y":1.6775887,"data_set_Z":0.16823058},{"data_set_T":15.8,"data_set_B":0.072429754,"data_set_Y":1.674781,"data_set_Z":0.16801001},{"data_set_T":15.82,"data_set_B":0.072140612,"data_set_Y":1.6719743,"data_set_Z":0.16779004},{"data_set_T":15.84,"data_set_B":0.071852624,"data_set_Y":1.6691689,"data_set_Z":0.16757064},{"data_set_T":15.86,"data_set_B":0.071565792,"data_set_Y":1.6663648,"data_set_Z":0.16735181},{"data_set_T":15.88,"data_set_B":0.071280099,"data_set_Y":1.6635619,"data_set_Z":0.16713357},{"data_set_T":15.9,"data_set_B":0.070995547,"data_set_Y":1.6607606,"data_set_Z":0.16691589},{"data_set_T":15.92,"data_set_B":0.070712134,"data_set_Y":1.6579607,"data_set_Z":0.1666988},{"data_set_T":15.94,"data_set_B":0.070429847,"data_set_Y":1.6551621,"data_set_Z":0.16648228},{"data_set_T":15.96,"data_set_B":0.070148692,"data_set_Y":1.6523652,"data_set_Z":0.16626634},{"data_set_T":15.98,"data_set_B":0.069868661,"data_set_Y":1.6495699,"data_set_Z":0.16605096},{"data_set_T":16.0,"data_set_B":0.069589742,"data_set_Y":1.6467761,"data_set_Z":0.16583614},{"data_set_T":16.02,"data_set_B":0.069311939,"data_set_Y":1.6439841,"data_set_Z":0.16562191},{"data_set_T":16.040001,"data_set_B":0.069035247,"data_set_Y":1.6411937,"data_set_Z":0.16540824},{"data_set_T":16.059999,"data_set_B":0.068759657,"data_set_Y":1.6384052,"data_set_Z":0.16519514},{"data_set_T":16.08,"data_set_B":0.068485163,"data_set_Y":1.6356186,"data_set_Z":0.16498259},{"data_set_T":16.1,"data_set_B":0.068211772,"data_set_Y":1.6328338,"data_set_Z":0.16477062},{"data_set_T":16.120001,"data_set_B":0.067939468,"data_set_Y":1.6300509,"data_set_Z":0.1645592},{"data_set_T":16.139999,"data_set_B":0.067668259,"data_set_Y":1.6272701,"data_set_Z":0.16434836},{"data_set_T":16.16,"data_set_B":0.067398123,"data_set_Y":1.6244912,"data_set_Z":0.16413806},{"data_set_T":16.18,"data_set_B":0.067129068,"data_set_Y":1.6217145,"data_set_Z":0.16392834},{"data_set_T":16.200001,"data_set_B":0.066861086,"data_set_Y":1.6189399,"data_set_Z":0.16371918},{"data_set_T":16.219999,"data_set_B":0.066594176,"data_set_Y":1.6161673,"data_set_Z":0.16351056},{"data_set_T":16.24,"data_set_B":0.066328332,"data_set_Y":1.6133971,"data_set_Z":0.16330251},{"data_set_T":16.26,"data_set_B":0.066063553,"data_set_Y":1.6106291,"data_set_Z":0.16309501},{"data_set_T":16.280001,"data_set_B":0.065799825,"data_set_Y":1.6078634,"data_set_Z":0.16288806},{"data_set_T":16.299999,"data_set_B":0.065537147,"data_set_Y":1.6051,"data_set_Z":0.16268168},{"data_set_T":16.32,"data_set_B":0.065275528,"data_set_Y":1.602339,"data_set_Z":0.16247584},{"data_set_T":16.34,"data_set_B":0.065014943,"data_set_Y":1.5995805,"data_set_Z":0.16227056},{"data_set_T":16.360001,"data_set_B":0.064755403,"data_set_Y":1.5968245,"data_set_Z":0.16206582},{"data_set_T":16.379999,"data_set_B":0.064496897,"data_set_Y":1.5940709,"data_set_Z":0.16186164},{"data_set_T":16.4,"data_set_B":0.064239427,"data_set_Y":1.59132,"data_set_Z":0.161658},{"data_set_T":16.42,"data_set_B":0.063982986,"data_set_Y":1.5885717,"data_set_Z":0.16145492},{"data_set_T":16.440001,"data_set_B":0.063727565,"data_set_Y":1.5858259,"data_set_Z":0.16125236},{"data_set_T":16.459999,"data_set_B":0.063473165,"data_set_Y":1.5830829,"data_set_Z":0.16105038},{"data_set_T":16.48,"data_set_B":0.063219778,"data_set_Y":1.5803425,"data_set_Z":0.16084892},{"data_set_T":16.5,"data_set_B":0.062967405,"data_set_Y":1.577605,"data_set_Z":0.160648},{"data_set_T":16.52,"data_set_B":0.062716037,"data_set_Y":1.5748702,"data_set_Z":0.16044764},{"data_set_T":16.540001,"data_set_B":0.062465671,"data_set_Y":1.5721384,"data_set_Z":0.16024782},{"data_set_T":16.559999,"data_set_B":0.062216308,"data_set_Y":1.5694094,"data_set_Z":0.16004853},{"data_set_T":16.58,"data_set_B":0.061967943,"data_set_Y":1.5666833,"data_set_Z":0.15984978},{"data_set_T":16.6,"data_set_B":0.061720565,"data_set_Y":1.5639602,"data_set_Z":0.15965158},{"data_set_T":16.620001,"data_set_B":0.061474174,"data_set_Y":1.5612401,"data_set_Z":0.1594539},{"data_set_T":16.639999,"data_set_B":0.061228771,"data_set_Y":1.5585231,"data_set_Z":0.15925677},{"data_set_T":16.66,"data_set_B":0.060984343,"data_set_Y":1.555809,"data_set_Z":0.15906017},{"data_set_T":16.68,"data_set_B":0.060740892,"data_set_Y":1.5530982,"data_set_Z":0.1588641},{"data_set_T":16.700001,"data_set_B":0.060498416,"data_set_Y":1.5503905,"data_set_Z":0.15866856},{"data_set_T":16.719999,"data_set_B":0.060256906,"data_set_Y":1.5476859,"data_set_Z":0.15847357},{"data_set_T":16.74,"data_set_B":0.06001636,"data_set_Y":1.5449846,"data_set_Z":0.15827909},{"data_set_T":16.76,"data_set_B":0.059776772,"data_set_Y":1.5422865,"data_set_Z":0.15808515},{"data_set_T":16.780001,"data_set_B":0.059538145,"data_set_Y":1.5395918,"data_set_Z":0.15789174},{"data_set_T":16.799999,"data_set_B":0.059300467,"data_set_Y":1.5369003,"data_set_Z":0.15769885},{"data_set_T":16.82,"data_set_B":0.05906374,"data_set_Y":1.5342122,"data_set_Z":0.1575065},{"data_set_T":16.84,"data_set_B":0.058827955,"data_set_Y":1.5315275,"data_set_Z":0.15731467},{"data_set_T":16.860001,"data_set_B":0.058593113,"data_set_Y":1.5288463,"data_set_Z":0.15712336},{"data_set_T":16.879999,"data_set_B":0.058359209,"data_set_Y":1.5261685,"data_set_Z":0.15693258},{"data_set_T":16.9,"data_set_B":0.058126237,"data_set_Y":1.5234941,"data_set_Z":0.15674232},{"data_set_T":16.92,"data_set_B":0.057894196,"data_set_Y":1.5208234,"data_set_Z":0.15655258},{"data_set_T":16.940001,"data_set_B":0.057663083,"data_set_Y":1.5181562,"data_set_Z":0.15636337},{"data_set_T":16.959999,"data_set_B":0.057432894,"data_set_Y":1.5154926,"data_set_Z":0.15617467},{"data_set_T":16.98,"data_set_B":0.057203621,"data_set_Y":1.5128325,"data_set_Z":0.1559865},{"data_set_T":17.0,"data_set_B":0.05697526,"data_set_Y":1.5101762,"data_set_Z":0.15579884},{"data_set_T":17.02,"data_set_B":0.056747817,"data_set_Y":1.5075235,"data_set_Z":0.15561169},{"data_set_T":17.040001,"data_set_B":0.056521278,"data_set_Y":1.5048746,"data_set_Z":0.15542507},{"data_set_T":17.059999,"data_set_B":0.056295644,"data_set_Y":1.5022295,"data_set_Z":0.15523896},{"data_set_T":17.08,"data_set_B":0.056070913,"data_set_Y":1.499588,"data_set_Z":0.15505336},{"data_set_T":17.1,"data_set_B":0.055847075,"data_set_Y":1.4969504,"data_set_Z":0.15486827},{"data_set_T":17.120001,"data_set_B":0.055624135,"data_set_Y":1.4943166,"data_set_Z":0.15468371},{"data_set_T":17.139999,"data_set_B":0.055402081,"data_set_Y":1.4916867,"data_set_Z":0.15449965},{"data_set_T":17.16,"data_set_B":0.055180915,"data_set_Y":1.4890606,"data_set_Z":0.1543161},{"data_set_T":17.18,"data_set_B":0.054960635,"data_set_Y":1.4864386,"data_set_Z":0.15413307},{"data_set_T":17.200001,"data_set_B":0.05474123,"data_set_Y":1.4838204,"data_set_Z":0.15395053},{"data_set_T":17.219999,"data_set_B":0.054522701,"data_set_Y":1.4812063,"data_set_Z":0.15376851},{"data_set_T":17.24,"data_set_B":0.054305047,"data_set_Y":1.4785961,"data_set_Z":0.15358698},{"data_set_T":17.26,"data_set_B":0.054088261,"data_set_Y":1.4759899,"data_set_Z":0.15340598},{"data_set_T":17.280001,"data_set_B":0.053872339,"data_set_Y":1.4733878,"data_set_Z":0.15322547},{"data_set_T":17.299999,"data_set_B":0.053657282,"data_set_Y":1.4707898,"data_set_Z":0.15304546},{"data_set_T":17.32,"data_set_B":0.053443082,"data_set_Y":1.4681959,"data_set_Z":0.15286596},{"data_set_T":17.34,"data_set_B":0.053229734,"data_set_Y":1.4656062,"data_set_Z":0.15268695},{"data_set_T":17.360001,"data_set_B":0.05301724,"data_set_Y":1.4630206,"data_set_Z":0.15250845},{"data_set_T":17.379999,"data_set_B":0.052805595,"data_set_Y":1.4604392,"data_set_Z":0.15233046},{"data_set_T":17.4,"data_set_B":0.052594796,"data_set_Y":1.457862,"data_set_Z":0.15215296},{"data_set_T":17.42,"data_set_B":0.052384835,"data_set_Y":1.455289,"data_set_Z":0.15197594},{"data_set_T":17.440001,"data_set_B":0.052175716,"data_set_Y":1.4527203,"data_set_Z":0.15179944},{"data_set_T":17.459999,"data_set_B":0.051967431,"data_set_Y":1.4501559,"data_set_Z":0.15162343},{"data_set_T":17.48,"data_set_B":0.051759977,"data_set_Y":1.4475957,"data_set_Z":0.15144791},{"data_set_T":17.5,"data_set_B":0.05155335,"data_set_Y":1.44504,"data_set_Z":0.15127289},{"data_set_T":17.52,"data_set_B":0.051347546,"data_set_Y":1.4424886,"data_set_Z":0.15109836},{"data_set_T":17.540001,"data_set_B":0.051142566,"data_set_Y":1.4399415,"data_set_Z":0.15092432},{"data_set_T":17.559999,"data_set_B":0.050938405,"data_set_Y":1.4373988,"data_set_Z":0.15075077},{"data_set_T":17.58,"data_set_B":0.05073506,"data_set_Y":1.4348606,"data_set_Z":0.15057772},{"data_set_T":17.6,"data_set_B":0.050532524,"data_set_Y":1.4323268,"data_set_Z":0.15040515},{"data_set_T":17.620001,"data_set_B":0.050330799,"data_set_Y":1.4297974,"data_set_Z":0.15023308},{"data_set_T":17.639999,"data_set_B":0.050129876,"data_set_Y":1.4272726,"data_set_Z":0.15006149},{"data_set_T":17.66,"data_set_B":0.049929757,"data_set_Y":1.4247522,"data_set_Z":0.14989038},{"data_set_T":17.68,"data_set_B":0.049730439,"data_set_Y":1.4222363,"data_set_Z":0.14971976},{"data_set_T":17.700001,"data_set_B":0.049531914,"data_set_Y":1.4197251,"data_set_Z":0.14954962},{"data_set_T":17.719999,"data_set_B":0.04933418,"data_set_Y":1.4172183,"data_set_Z":0.14937997},{"data_set_T":17.74,"data_set_B":0.049137238,"data_set_Y":1.4147162,"data_set_Z":0.1492108},{"data_set_T":17.76,"data_set_B":0.048941083,"data_set_Y":1.4122187,"data_set_Z":0.14904211},{"data_set_T":17.780001,"data_set_B":0.04874571,"data_set_Y":1.4097258,"data_set_Z":0.14887391},{"data_set_T":17.799999,"data_set_B":0.048551116,"data_set_Y":1.4072375,"data_set_Z":0.14870618},{"data_set_T":17.82,"data_set_B":0.0483573,"data_set_Y":1.4047539,"data_set_Z":0.14853893},{"data_set_T":17.84,"data_set_B":0.048164256,"data_set_Y":1.4022751,"data_set_Z":0.14837217},{"data_set_T":17.860001,"data_set_B":0.047971983,"data_set_Y":1.3998008,"data_set_Z":0.14820588},{"data_set_T":17.879999,"data_set_B":0.04778048,"data_set_Y":1.3973314,"data_set_Z":0.14804006},{"data_set_T":17.9,"data_set_B":0.047589738,"data_set_Y":1.3948666,"data_set_Z":0.14787471},{"data_set_T":17.92,"data_set_B":0.047399759,"data_set_Y":1.3924066,"data_set_Z":0.14770986},{"data_set_T":17.940001,"data_set_B":0.047210541,"data_set_Y":1.3899513,"data_set_Z":0.14754546},{"data_set_T":17.959999,"data_set_B":0.047022074,"data_set_Y":1.3875009,"data_set_Z":0.14738154},{"data_set_T":17.98,"data_set_B":0.046834361,"data_set_Y":1.3850552,"data_set_Z":0.14721809},{"data_set_T":18.0,"data_set_B":0.0466474,"data_set_Y":1.3826144,"data_set_Z":0.14705512},{"data_set_T":18.02,"data_set_B":0.046461184,"data_set_Y":1.3801783,"data_set_Z":0.14689261},{"data_set_T":18.040001,"data_set_B":0.046275709,"data_set_Y":1.3777472,"data_set_Z":0.14673057},{"data_set_T":18.059999,"data_set_B":0.046090975,"data_set_Y":1.3753209,"data_set_Z":0.146569},{"data_set_T":18.08,"data_set_B":0.04590698,"data_set_Y":1.3728995,"data_set_Z":0.14640789},{"data_set_T":18.1,"data_set_B":0.045723718,"data_set_Y":1.3704829,"data_set_Z":0.14624725},{"data_set_T":18.120001,"data_set_B":0.04554119,"data_set_Y":1.3680714,"data_set_Z":0.14608708},{"data_set_T":18.139999,"data_set_B":0.045359388,"data_set_Y":1.3656647,"data_set_Z":0.14592737},{"data_set_T":18.16,"data_set_B":0.045178313,"data_set_Y":1.363263,"data_set_Z":0.14576814},{"data_set_T":18.18,"data_set_B":0.04499796,"data_set_Y":1.3608662,"data_set_Z":0.14560935},{"data_set_T":18.200001,"data_set_B":0.044818327,"data_set_Y":1.3584744,"data_set_Z":0.14545102},{"data_set_T":18.219999,"data_set_B":0.044639412,"data_set_Y":1.3560876,"data_set_Z":0.14529316},{"data_set_T":18.24,"data_set_B":0.044461213,"data_set_Y":1.3537058,"data_set_Z":0.14513576},{"data_set_T":18.26,"data_set_B":0.044283722,"data_set_Y":1.351329,"data_set_Z":0.14497882},{"data_set_T":18.280001,"data_set_B":0.044106942,"data_set_Y":1.3489571,"data_set_Z":0.14482234},{"data_set_T":18.299999,"data_set_B":0.043930866,"data_set_Y":1.3465904,"data_set_Z":0.14466631},{"data_set_T":18.32,"data_set_B":0.043755494,"data_set_Y":1.3442286,"data_set_Z":0.14451075},{"data_set_T":18.34,"data_set_B":0.043580823,"data_set_Y":1.341872,"data_set_Z":0.14435562},{"data_set_T":18.360001,"data_set_B":0.043406848,"data_set_Y":1.3395203,"data_set_Z":0.14420097},{"data_set_T":18.379999,"data_set_B":0.043233566,"data_set_Y":1.3371738,"data_set_Z":0.14404675},{"data_set_T":18.4,"data_set_B":0.043060977,"data_set_Y":1.3348324,"data_set_Z":0.143893},{"data_set_T":18.42,"data_set_B":0.042889077,"data_set_Y":1.3324962,"data_set_Z":0.1437397},{"data_set_T":18.440001,"data_set_B":0.042717863,"data_set_Y":1.3301649,"data_set_Z":0.14358684},{"data_set_T":18.459999,"data_set_B":0.042547334,"data_set_Y":1.3278389,"data_set_Z":0.14343445},{"data_set_T":18.48,"data_set_B":0.042377483,"data_set_Y":1.325518,"data_set_Z":0.14328249},{"data_set_T":18.5,"data_set_B":0.042208314,"data_set_Y":1.3232021,"data_set_Z":0.14313099},{"data_set_T":18.52,"data_set_B":0.042039815,"data_set_Y":1.3208915,"data_set_Z":0.14297992},{"data_set_T":18.540001,"data_set_B":0.041871991,"data_set_Y":1.3185861,"data_set_Z":0.14282931},{"data_set_T":18.559999,"data_set_B":0.041704841,"data_set_Y":1.3162858,"data_set_Z":0.14267914},{"data_set_T":18.58,"data_set_B":0.041538354,"data_set_Y":1.3139907,"data_set_Z":0.14252943},{"data_set_T":18.6,"data_set_B":0.04137253,"data_set_Y":1.3117008,"data_set_Z":0.14238015},{"data_set_T":18.620001,"data_set_B":0.041207373,"data_set_Y":1.3094162,"data_set_Z":0.1422313},{"data_set_T":18.639999,"data_set_B":0.041042872,"data_set_Y":1.3071367,"data_set_Z":0.14208291},{"data_set_T":18.66,"data_set_B":0.04087903,"data_set_Y":1.3048625,"data_set_Z":0.14193496},{"data_set_T":18.68,"data_set_B":0.04071584,"data_set_Y":1.3025935,"data_set_Z":0.14178744},{"data_set_T":18.700001,"data_set_B":0.040553302,"data_set_Y":1.3003297,"data_set_Z":0.14164037},{"data_set_T":18.719999,"data_set_B":0.040391412,"data_set_Y":1.2980711,"data_set_Z":0.14149372},{"data_set_T":18.74,"data_set_B":0.04023017,"data_set_Y":1.2958179,"data_set_Z":0.14134753},{"data_set_T":18.76,"data_set_B":0.040069569,"data_set_Y":1.2935699,"data_set_Z":0.14120176},{"data_set_T":18.780001,"data_set_B":0.039909612,"data_set_Y":1.2913271,"data_set_Z":0.14105643},{"data_set_T":18.799999,"data_set_B":0.039750293,"data_set_Y":1.2890897,"data_set_Z":0.14091155},{"data_set_T":18.82,"data_set_B":0.039591607,"data_set_Y":1.2868576,"data_set_Z":0.14076708},{"data_set_T":18.84,"data_set_B":0.039433558,"data_set_Y":1.2846307,"data_set_Z":0.14062306},{"data_set_T":18.860001,"data_set_B":0.039276138,"data_set_Y":1.2824092,"data_set_Z":0.14047946},{"data_set_T":18.879999,"data_set_B":0.039119348,"data_set_Y":1.2801929,"data_set_Z":0.1403363},{"data_set_T":18.9,"data_set_B":0.038963184,"data_set_Y":1.2779819,"data_set_Z":0.14019357},{"data_set_T":18.92,"data_set_B":0.038807642,"data_set_Y":1.2757763,"data_set_Z":0.14005126},{"data_set_T":18.940001,"data_set_B":0.038652722,"data_set_Y":1.273576,"data_set_Z":0.13990939},{"data_set_T":18.959999,"data_set_B":0.03849842,"data_set_Y":1.271381,"data_set_Z":0.13976794},{"data_set_T":18.98,"data_set_B":0.038344733,"data_set_Y":1.2691914,"data_set_Z":0.13962692},{"data_set_T":19.0,"data_set_B":0.038191661,"data_set_Y":1.2670071,"data_set_Z":0.13948633},{"data_set_T":19.02,"data_set_B":0.0380392,"data_set_Y":1.2648282,"data_set_Z":0.13934615},{"data_set_T":19.040001,"data_set_B":0.037887346,"data_set_Y":1.2626545,"data_set_Z":0.13920641},{"data_set_T":19.059999,"data_set_B":0.037736099,"data_set_Y":1.2604864,"data_set_Z":0.13906708},{"data_set_T":19.08,"data_set_B":0.037585456,"data_set_Y":1.2583234,"data_set_Z":0.13892817},{"data_set_T":19.1,"data_set_B":0.037435416,"data_set_Y":1.256166,"data_set_Z":0.1387897},{"data_set_T":19.120001,"data_set_B":0.037285972,"data_set_Y":1.2540138,"data_set_Z":0.13865164},{"data_set_T":19.139999,"data_set_B":0.037137125,"data_set_Y":1.2518671,"data_set_Z":0.138514},{"data_set_T":19.16,"data_set_B":0.036988873,"data_set_Y":1.2497257,"data_set_Z":0.13837677},{"data_set_T":19.18,"data_set_B":0.036841214,"data_set_Y":1.2475897,"data_set_Z":0.13823996},{"data_set_T":19.200001,"data_set_B":0.036694143,"data_set_Y":1.2454591,"data_set_Z":0.13810359},{"data_set_T":19.219999,"data_set_B":0.036547661,"data_set_Y":1.2433338,"data_set_Z":0.13796762},{"data_set_T":19.24,"data_set_B":0.03640176,"data_set_Y":1.241214,"data_set_Z":0.13783206},{"data_set_T":19.26,"data_set_B":0.036256444,"data_set_Y":1.2390995,"data_set_Z":0.13769692},{"data_set_T":19.280001,"data_set_B":0.036111709,"data_set_Y":1.2369906,"data_set_Z":0.13756219},{"data_set_T":19.299999,"data_set_B":0.035967551,"data_set_Y":1.2348869,"data_set_Z":0.13742787},{"data_set_T":19.32,"data_set_B":0.035823967,"data_set_Y":1.2327887,"data_set_Z":0.13729396},{"data_set_T":19.34,"data_set_B":0.035680957,"data_set_Y":1.2306958,"data_set_Z":0.13716048},{"data_set_T":19.360001,"data_set_B":0.035538521,"data_set_Y":1.2286085,"data_set_Z":0.1370274},{"data_set_T":19.379999,"data_set_B":0.03539665,"data_set_Y":1.2265264,"data_set_Z":0.13689472},{"data_set_T":19.4,"data_set_B":0.035255346,"data_set_Y":1.2244499,"data_set_Z":0.13676246},{"data_set_T":19.42,"data_set_B":0.035114605,"data_set_Y":1.2223787,"data_set_Z":0.13663059},{"data_set_T":19.440001,"data_set_B":0.03497443,"data_set_Y":1.220313,"data_set_Z":0.13649915},{"data_set_T":19.459999,"data_set_B":0.03483481,"data_set_Y":1.2182527,"data_set_Z":0.1363681},{"data_set_T":19.48,"data_set_B":0.034695748,"data_set_Y":1.2161977,"data_set_Z":0.13623746},{"data_set_T":19.5,"data_set_B":0.034557242,"data_set_Y":1.2141482,"data_set_Z":0.13610722},{"data_set_T":19.52,"data_set_B":0.034419291,"data_set_Y":1.2121041,"data_set_Z":0.13597739},{"data_set_T":19.540001,"data_set_B":0.034281887,"data_set_Y":1.2100655,"data_set_Z":0.13584796},{"data_set_T":19.559999,"data_set_B":0.034145035,"data_set_Y":1.2080323,"data_set_Z":0.13571891},{"data_set_T":19.58,"data_set_B":0.034008726,"data_set_Y":1.2060045,"data_set_Z":0.13559029},{"data_set_T":19.6,"data_set_B":0.033872966,"data_set_Y":1.2039821,"data_set_Z":0.13546206},{"data_set_T":19.620001,"data_set_B":0.033737741,"data_set_Y":1.2019652,"data_set_Z":0.13533422},{"data_set_T":19.639999,"data_set_B":0.033603061,"data_set_Y":1.1999537,"data_set_Z":0.13520679},{"data_set_T":19.66,"data_set_B":0.033468917,"data_set_Y":1.1979476,"data_set_Z":0.13507976},{"data_set_T":19.68,"data_set_B":0.033335309,"data_set_Y":1.1959469,"data_set_Z":0.13495311},{"data_set_T":19.700001,"data_set_B":0.033202235,"data_set_Y":1.1939517,"data_set_Z":0.13482685},{"data_set_T":19.719999,"data_set_B":0.033069689,"data_set_Y":1.1919619,"data_set_Z":0.134701},{"data_set_T":19.74,"data_set_B":0.032937676,"data_set_Y":1.1899775,"data_set_Z":0.13457555},{"data_set_T":19.76,"data_set_B":0.032806188,"data_set_Y":1.1879985,"data_set_Z":0.13445048},{"data_set_T":19.780001,"data_set_B":0.032675225,"data_set_Y":1.186025,"data_set_Z":0.1343258},{"data_set_T":19.799999,"data_set_B":0.032544784,"data_set_Y":1.1840569,"data_set_Z":0.13420151},{"data_set_T":19.82,"data_set_B":0.032414868,"data_set_Y":1.1820942,"data_set_Z":0.13407762},{"data_set_T":19.84,"data_set_B":0.032285467,"data_set_Y":1.1801369,"data_set_Z":0.13395412},{"data_set_T":19.860001,"data_set_B":0.032156583,"data_set_Y":1.1781851,"data_set_Z":0.13383099},{"data_set_T":19.879999,"data_set_B":0.032028213,"data_set_Y":1.1762387,"data_set_Z":0.13370827},{"data_set_T":19.9,"data_set_B":0.031900357,"data_set_Y":1.1742976,"data_set_Z":0.13358593},{"data_set_T":19.92,"data_set_B":0.031773008,"data_set_Y":1.172362,"data_set_Z":0.13346396},{"data_set_T":19.940001,"data_set_B":0.03164617,"data_set_Y":1.1704319,"data_set_Z":0.1333424},{"data_set_T":19.959999,"data_set_B":0.031519838,"data_set_Y":1.1685071,"data_set_Z":0.13322121},{"data_set_T":19.98,"data_set_B":0.031394012,"data_set_Y":1.1665877,"data_set_Z":0.13310039},{"data_set_T":20.0,"data_set_B":0.031268686,"data_set_Y":1.1646737,"data_set_Z":0.13297997}]