[{"data_set_value_component_environment_variable_time":0.0,"data_set_value_component_M_variable_M":0.1,"data_set_value_component_M_variable_vs":1.6,"data_set_value_component_M_variable_vm":0.505,"data_set_value_component_M_variable_Km":0.5,"data_set_value_component_M_variable_KI":1.0,"data_set_value_component_M_variable_n":4.0,"data_set_value_component_FC_variable_FC":0.1,"data_set_value_component_FC_variable_Ft":0.2,"data_set_value_component_FC_variable_ks":0.5,"data_set_value_component_FC_variable_vd":1.4,"data_set_value_component_FC_variable_Kd":0.13,"data_set_value_component_FN_variable_FN":0.1,"data_set_value_component_parameters_variable_k1":0.5,"data_set_value_component_parameters_variable_k2":0.6},{"data_set_value_component_environment_variable_time":0.1,"data_set_value_component_M_variable_M":0.2470847406,"data_set_value_component_M_variable_vs":1.6,"data_set_value_component_M_variable_vm":0.505,"data_set_value_component_M_variable_Km":0.5,"data_set_value_component_M_variable_KI":1.0,"data_set_value_component_M_variable_n":4.0,"data_set_value_component_FC_variable_FC":0.0589048505,"data_set_value_component_FC_variable_Ft":0.1568197219,"data_set_value_component_FC_variable_ks":0.5,"data_set_value_component_FC_variable_vd":1.4,"data_set_value_component_FC_variable_Kd":0.13,"data_set_value_component_FN_variable_FN":0.0979148714,"data_set_value_component_parameters_variable_k1":0.5,"data_set_value_component_parameters_variable_k2":0.6},{"data_set_value_component_environment_variable_time":0.2,"data_set_value_component_M_variable_M":0.3875247819,"data_set_value_component_M_variable_vs":1.6,"data_set_value_component_M_variable_vm":0.505,"data_set_value_component_M_variable_Km":0.5,"data_set_value_component_M_variable_KI":1.0,"data_set_value_component_M_variable_n":4.0,"data_set_value_component_FC_variable_FC":0.0404175846,"data_set_value_component_FC_variable_Ft":0.134962365,"data_set_value_component_FC_variable_ks":0.5,"data_set_value_component_FC_variable_vd":1.4,"data_set_value_component_FC_variable_Kd":0.13,"data_set_value_component_FN_variable_FN":0.0945447804,"data_set_value_component_parameters_variable_k1":0.5,"data_set_value_component_parameters_variable_k2":0.6},{"data_set_value_component_environment_variable_time":0.3,"data_set_value_component_M_variable_M":0.5234749411,"data_set_value_component_M_variable_vs":1.6,"data_set_value_component_M_variable_vm":0.505,"data_set_value_component_M_variable_Km":0.5,"data_set_value_component_M_variable_KI":1.0,"data_set_value_component_M_variable_n":4.0,"data_set_value_component_FC_variable_FC":0.0357277977,"data_set_value_component_FC_variable_Ft":0.1265737765,"data_set_value_component_FC_variable_ks":0.5,"data_set_value_component_FC_variable_vd":1.4,"data_set_value_component_FC_variable_Kd":0.13,"data_set_value_component_FN_variable_FN":0.0908459788,"data_set_value_component_parameters_variable_k1":0.5,"data_set_value_component_parameters_variable_k2":0.6},{"data_set_value_component_environment_variable_time":0.4,"data_set_value_component_M_variable_M":0.6561575675,"data_set_value_component_M_variable_vs":1.6,"data_set_value_component_M_variable_vm":0.505,"data_set_value_component_M_variable_Km":0.5,"data_set_value_component_M_variable_KI":1.0,"data_set_value_component_M_variable_n":4.0,"data_set_value_component_FC_variable_FC":0.038060531,"data_set_value_component_FC_variable_Ft":0.1253879295,"data_set_value_component_FC_variable_ks":0.5,"data_set_value_component_FC_variable_vd":1.4,"data_set_value_component_FC_variable_Kd":0.13,"data_set_value_component_FN_variable_FN":0.0873273985,"data_set_value_component_parameters_variable_k1":0.5,"data_set_value_component_parameters_variable_k2":0.6},{"data_set_value_component_environment_variable_time":0.5,"data_set_value_component_M_variable_M":0.7863409182,"data_set_value_component_M_variable_vs":1.6,"data_set_value_component_M_variable_vm":0.505,"data_set_value_component_M_variable_Km":0.5,"data_set_value_component_M_variable_KI":1.0,"data_set_value_component_M_variable_n":4.0,"data_set_value_component_FC_variable_FC":0.0438390601,"data_set_value_component_FC_variable_Ft":0.1280597759,"data_set_value_component_FC_variable_ks":0.5,"data_set_value_component_FC_variable_vd":1.4,"data_set_value_component_FC_variable_Kd":0.13,"data_set_value_component_FN_variable_FN":0.0842207157,"data_set_value_component_parameters_variable_k1":0.5,"data_set_value_component_parameters_variable_k2":0.6},{"data_set_value_component_environment_variable_time":0.6,"data_set_value_component_M_variable_M":0.9145429247,"data_set_value_component_M_variable_vs":1.6,"data_set_value_component_M_variable_vm":0.505,"data_set_value_component_M_variable_Km":0.5,"data_set_value_component_M_variable_KI":1.0,"data_set_value_component_M_variable_n":4.0,"data_set_value_component_FC_variable_FC":0.0514905323,"data_set_value_component_FC_variable_Ft":0.1331157308,"data_set_value_component_FC_variable_ks":0.5,"data_set_value_component_FC_variable_vd":1.4,"data_set_value_component_FC_variable_Kd":0.13,"data_set_value_component_FN_variable_FN":0.0816251985,"data_set_value_component_parameters_variable_k1":0.5,"data_set_value_component_parameters_variable_k2":0.6},{"data_set_value_component_environment_variable_time":0.7,"data_set_value_component_M_variable_M":1.0411309966,"data_set_value_component_M_variable_vs":1.6,"data_set_value_component_M_variable_vm":0.505,"data_set_value_component_M_variable_Km":0.5,"data_set_value_component_M_variable_KI":1.0,"data_set_value_component_M_variable_n":4.0,"data_set_value_component_FC_variable_FC":0.0603795504,"data_set_value_component_FC_variable_Ft":0.13996356,"data_set_value_component_FC_variable_ks":0.5,"data_set_value_component_FC_variable_vd":1.4,"data_set_value_component_FC_variable_Kd":0.13,"data_set_value_component_FN_variable_FN":0.0795840096,"data_set_value_component_parameters_variable_k1":0.5,"data_set_value_component_parameters_variable_k2":0.6},{"data_set_value_component_environment_variable_time":0.8,"data_set_value_component_M_variable_M":1.1663761351,"data_set_value_component_M_variable_vs":1.6,"data_set_value_component_M_variable_vm":0.505,"data_set_value_component_M_variable_Km":0.5,"data_set_value_component_M_variable_KI":1.0,"data_set_value_component_M_variable_n":4.0,"data_set_value_component_FC_variable_FC":0.0702735281,"data_set_value_component_FC_variable_Ft":0.1483917282,"data_set_value_component_FC_variable_ks":0.5,"data_set_value_component_FC_variable_vd":1.4,"data_set_value_component_FC_variable_Kd":0.13,"data_set_value_component_FN_variable_FN":0.0781182001,"data_set_value_component_parameters_variable_k1":0.5,"data_set_value_component_parameters_variable_k2":0.6},{"data_set_value_component_environment_variable_time":0.9,"data_set_value_component_M_variable_M":1.2904844916,"data_set_value_component_M_variable_vs":1.6,"data_set_value_component_M_variable_vm":0.505,"data_set_value_component_M_variable_Km":0.5,"data_set_value_component_M_variable_KI":1.0,"data_set_value_component_M_variable_n":4.0,"data_set_value_component_FC_variable_FC":0.0811123309,"data_set_value_component_FC_variable_Ft":0.1583534335,"data_set_value_component_FC_variable_ks":0.5,"data_set_value_component_FC_variable_vd":1.4,"data_set_value_component_FC_variable_Kd":0.13,"data_set_value_component_FN_variable_FN":0.0772411025,"data_set_value_component_parameters_variable_k1":0.5,"data_set_value_component_parameters_variable_k2":0.6},{"data_set_value_component_environment_variable_time":1.0,"data_set_value_component_M_variable_M":1.4136168528,"data_set_value_component_M_variable_vs":1.6,"data_set_value_component_M_variable_vm":0.505,"data_set_value_component_M_variable_Km":0.5,"data_set_value_component_M_variable_KI":1.0,"data_set_value_component_M_variable_n":4.0,"data_set_value_component_FC_variable_FC":0.0929136445,"data_set_value_component_FC_variable_Ft":0.1698781537,"data_set_value_component_FC_variable_ks":0.5,"data_set_value_component_FC_variable_vd":1.4,"data_set_value_component_FC_variable_Kd":0.13,"data_set_value_component_FN_variable_FN":0.0769645092,"data_set_value_component_parameters_variable_k1":0.5,"data_set_value_component_parameters_variable_k2":0.6}]