[{"data_set_value_component_environment_variable_time":0.0,"data_set_value_component_S1_variable_S1":1.892468811,"data_set_value_component_S_variable_S":2.0,"data_set_value_component_S_variable_S2":0.107531189,"data_set_value_component_sul_variable_sul":0.012871557,"data_set_value_component_aps_variable_aps":0.053366179,"data_set_value_component_pap_variable_pap":0.082791522,"data_set_value_component_hyd_variable_hyd":0.159317029,"data_set_value_component_cys_variable_cys":0.805117739,"data_set_value_component_eth_variable_eth":10.25246999,"data_set_value_component_aco_variable_aco":1.139360412,"data_set_value_component_oxy_variable_oxy":6.146549084,"data_set_value_component_A3_c_variable_A3_c":1.570847601,"data_set_value_component_A3_m_variable_A3_m":1.835158493,"data_set_value_component_A_c_variable_A_c":2.0,"data_set_value_component_A_c_variable_A2_c":0.429152399,"data_set_value_component_A_m_variable_A_m":2.0,"data_set_value_component_A_m_variable_A2_m":0.164841507,"data_set_value_component_N2_variable_N2":1.933616149,"data_set_value_component_N_variable_N":2.0,"data_set_value_component_N_variable_N1":0.066383851,"data_set_value_component_oah_variable_oah":5.571685096,"data_set_value_component_v1_variable_v0":1.6,"data_set_value_component_v1_variable_f1":0.0002379354,"data_set_value_component_v1_variable_n":4.0,"data_set_value_component_v1_variable_Kc":0.1,"data_set_value_component_v1_variable_v1":0.0003806966,"data_set_value_component_v2_variable_k2":0.2,"data_set_value_component_v2_variable_v2":0.0040438509,"data_set_value_component_v3_variable_k3":0.2,"data_set_value_component_v3_variable_v3":0.0167660269,"data_set_value_component_v4_variable_k4":0.2,"data_set_value_component_v4_variable_v4":0.0320174048,"data_set_value_component_v5_variable_k5":0.1,"data_set_value_component_v5_variable_v5":0.0887664316,"data_set_value_component_v6_variable_k6":0.12,"data_set_value_component_v6_variable_v6":0.0966141287,"data_set_value_component_v7_variable_k7":10.0,"data_set_value_component_v7_variable_v7":6.805984402,"data_set_value_component_v8_variable_k8":10.0,"data_set_value_component_v8_variable_v8":1.225167798,"data_set_value_component_v9_variable_k9":10.0,"data_set_value_component_v9_variable_v9":1.2562936757,"data_set_value_component_v10_variable_v10":80.0,"data_set_value_component_v11A_variable_alpha":0.1,"data_set_value_component_v11A_variable_f2":0.9897973017,"data_set_value_component_v11A_variable_m":4.0,"data_set_value_component_v11A_variable_KH":0.5,"data_set_value_component_v11A_variable_k11":10.0,"data_set_value_component_v11A_variable_v11A":18.5551617046,"data_set_value_component_v11B_variable_KA":1.0,"data_set_value_component_v11B_variable_v11B":7.8774514807,"data_set_value_component_v12_variable_k12":5.0,"data_set_value_component_v12_variable_v12":7.854238005,"data_set_value_component_v13_variable_v13":4.0,"data_set_value_component_v14_variable_k14":10.0,"data_set_value_component_v14_variable_v14":61.46549084,"data_set_value_component_v15_variable_k15":5.0,"data_set_value_component_v15_variable_v15":5.69680206,"data_set_value_component_v16_variable_k16":10.0,"data_set_value_component_v16_variable_v16":7.8756266982,"data_set_value_component_v17_variable_k17":0.02,"data_set_value_component_v17_variable_v17":0.0031863406,"data_set_value_component_v18_variable_k18":1.0,"data_set_value_component_v18_variable_v18":5.571685096},{"data_set_value_component_environment_variable_time":0.1,"data_set_value_component_S1_variable_S1":1.8892803511,"data_set_value_component_S_variable_S":2.0,"data_set_value_component_S_variable_S2":0.1107196489,"data_set_value_component_sul_variable_sul":0.0125110146,"data_set_value_component_aps_variable_aps":0.052108089,"data_set_value_component_pap_variable_pap":0.0812770918,"data_set_value_component_hyd_variable_hyd":0.1534620076,"data_set_value_component_cys_variable_cys":0.8041752108,"data_set_value_component_eth_variable_eth":9.9740391372,"data_set_value_component_aco_variable_aco":1.1274052109,"data_set_value_component_oxy_variable_oxy":6.1447418152,"data_set_value_component_A3_c_variable_A3_c":1.5709014426,"data_set_value_component_A3_m_variable_A3_m":1.8353134659,"data_set_value_component_A_c_variable_A_c":2.0,"data_set_value_component_A_c_variable_A2_c":0.4290985574,"data_set_value_component_A_m_variable_A_m":2.0,"data_set_value_component_A_m_variable_A2_m":0.1646865341,"data_set_value_component_N2_variable_N2":1.9322013687,"data_set_value_component_N_variable_N":2.0,"data_set_value_component_N_variable_N1":0.0677986313,"data_set_value_component_oah_variable_oah":5.5724379426,"data_set_value_component_v1_variable_v0":1.6,"data_set_value_component_v1_variable_f1":0.0002390526,"data_set_value_component_v1_variable_n":4.0,"data_set_value_component_v1_variable_Kc":0.1,"data_set_value_component_v1_variable_v1":0.0003824841,"data_set_value_component_v2_variable_k2":0.2,"data_set_value_component_v2_variable_v2":0.0039307142,"data_set_value_component_v3_variable_k3":0.2,"data_set_value_component_v3_variable_v3":0.0163713344,"data_set_value_component_v4_variable_k4":0.2,"data_set_value_component_v4_variable_v4":0.0314087416,"data_set_value_component_v5_variable_k5":0.1,"data_set_value_component_v5_variable_v5":0.0855157514,"data_set_value_component_v6_variable_k6":0.12,"data_set_value_component_v6_variable_v6":0.0965010253,"data_set_value_component_v7_variable_k7":10.0,"data_set_value_component_v7_variable_v7":6.7622620158,"data_set_value_component_v8_variable_k8":10.0,"data_set_value_component_v8_variable_v8":1.2482590908,"data_set_value_component_v9_variable_k9":10.0,"data_set_value_component_v9_variable_v9":1.2809062186,"data_set_value_component_v10_variable_v10":80.0,"data_set_value_component_v11A_variable_alpha":0.1,"data_set_value_component_v11A_variable_f2":0.9912039737,"data_set_value_component_v11A_variable_m":4.0,"data_set_value_component_v11A_variable_KH":0.5,"data_set_value_component_v11A_variable_k11":10.0,"data_set_value_component_v11A_variable_v11A":18.5681840362,"data_set_value_component_v11B_variable_KA":1.0,"data_set_value_component_v11B_variable_v11B":7.8766168862,"data_set_value_component_v12_variable_k12":5.0,"data_set_value_component_v12_variable_v12":7.854507213,"data_set_value_component_v13_variable_v13":4.0,"data_set_value_component_v14_variable_k14":10.0,"data_set_value_component_v14_variable_v14":61.4474181516,"data_set_value_component_v15_variable_k15":5.0,"data_set_value_component_v15_variable_v15":5.6370260546,"data_set_value_component_v16_variable_k16":10.0,"data_set_value_component_v16_variable_v16":7.8753036056,"data_set_value_component_v17_variable_k17":0.02,"data_set_value_component_v17_variable_v17":0.0030692402,"data_set_value_component_v18_variable_k18":1.0,"data_set_value_component_v18_variable_v18":5.5724379426},{"data_set_value_component_environment_variable_time":0.2,"data_set_value_component_S1_variable_S1":1.885937572,"data_set_value_component_S_variable_S":2.0,"data_set_value_component_S_variable_S2":0.114062428,"data_set_value_component_sul_variable_sul":0.012161813,"data_set_value_component_aps_variable_aps":0.0508778875,"data_set_value_component_pap_variable_pap":0.0797840459,"data_set_value_component_hyd_variable_hyd":0.1478796228,"data_set_value_component_cys_variable_cys":0.8029242357,"data_set_value_component_eth_variable_eth":9.7001067228,"data_set_value_component_aco_variable_aco":1.1147787955,"data_set_value_component_oxy_variable_oxy":6.1434052482,"data_set_value_component_A3_c_variable_A3_c":1.570946631,"data_set_value_component_A3_m_variable_A3_m":1.8354245132,"data_set_value_component_A_c_variable_A_c":2.0,"data_set_value_component_A_c_variable_A2_c":0.429053369,"data_set_value_component_A_m_variable_A_m":2.0,"data_set_value_component_A_m_variable_A2_m":0.1645754868,"data_set_value_component_N2_variable_N2":1.9307633458,"data_set_value_component_N_variable_N":2.0,"data_set_value_component_N_variable_N1":0.0692366542,"data_set_value_component_oah_variable_oah":5.5675740247,"data_set_value_component_v1_variable_v0":1.6,"data_set_value_component_v1_variable_f1":0.0002405455,"data_set_value_component_v1_variable_n":4.0,"data_set_value_component_v1_variable_Kc":0.1,"data_set_value_component_v1_variable_v1":0.0003848728,"data_set_value_component_v2_variable_k2":0.2,"data_set_value_component_v2_variable_v2":0.0038211118,"data_set_value_component_v3_variable_k3":0.2,"data_set_value_component_v3_variable_v3":0.0159852892,"data_set_value_component_v4_variable_k4":0.2,"data_set_value_component_v4_variable_v4":0.0308088223,"data_set_value_component_v5_variable_k5":0.1,"data_set_value_component_v5_variable_v5":0.0823330747,"data_set_value_component_v6_variable_k6":0.12,"data_set_value_component_v6_variable_v6":0.0963509083,"data_set_value_component_v7_variable_k7":10.0,"data_set_value_component_v7_variable_v7":6.7160293496,"data_set_value_component_v8_variable_k8":10.0,"data_set_value_component_v8_variable_v8":1.2715437605,"data_set_value_component_v9_variable_k9":10.0,"data_set_value_component_v9_variable_v9":1.3057600754,"data_set_value_component_v10_variable_v10":80.0,"data_set_value_component_v11A_variable_alpha":0.1,"data_set_value_component_v11A_variable_f2":0.992406484,"data_set_value_component_v11A_variable_m":4.0,"data_set_value_component_v11A_variable_KH":0.5,"data_set_value_component_v11A_variable_k11":10.0,"data_set_value_component_v11A_variable_v11A":18.5771730237,"data_set_value_component_v11B_variable_KA":1.0,"data_set_value_component_v11B_variable_v11B":7.8758672015,"data_set_value_component_v12_variable_k12":5.0,"data_set_value_component_v12_variable_v12":7.8547331552,"data_set_value_component_v13_variable_v13":4.0,"data_set_value_component_v14_variable_k14":10.0,"data_set_value_component_v14_variable_v14":61.4340524819,"data_set_value_component_v15_variable_k15":5.0,"data_set_value_component_v15_variable_v15":5.5738939774,"data_set_value_component_v16_variable_k16":10.0,"data_set_value_component_v16_variable_v16":7.8749507086,"data_set_value_component_v17_variable_k17":0.02,"data_set_value_component_v17_variable_v17":0.0029575925,"data_set_value_component_v18_variable_k18":1.0,"data_set_value_component_v18_variable_v18":5.5675740247},{"data_set_value_component_environment_variable_time":0.3,"data_set_value_component_S1_variable_S1":1.8824353432,"data_set_value_component_S_variable_S":2.0,"data_set_value_component_S_variable_S2":0.1175646568,"data_set_value_component_sul_variable_sul":0.0118236698,"data_set_value_component_aps_variable_aps":0.0496750815,"data_set_value_component_pap_variable_pap":0.0783123774,"data_set_value_component_hyd_variable_hyd":0.142563133,"data_set_value_component_cys_variable_cys":0.8013754796,"data_set_value_component_eth_variable_eth":9.4309087714,"data_set_value_component_aco_variable_aco":1.1015440334,"data_set_value_component_oxy_variable_oxy":6.1424768978,"data_set_value_component_A3_c_variable_A3_c":1.5709840394,"data_set_value_component_A3_m_variable_A3_m":1.8354985355,"data_set_value_component_A_c_variable_A_c":2.0,"data_set_value_component_A_c_variable_A2_c":0.4290159606,"data_set_value_component_A_m_variable_A_m":2.0,"data_set_value_component_A_m_variable_A2_m":0.1645014645,"data_set_value_component_N2_variable_N2":1.9293009785,"data_set_value_component_N_variable_N":2.0,"data_set_value_component_N_variable_N1":0.0706990215,"data_set_value_component_oah_variable_oah":5.5573131274,"data_set_value_component_v1_variable_v0":1.6,"data_set_value_component_v1_variable_f1":0.00024241,"data_set_value_component_v1_variable_n":4.0,"data_set_value_component_v1_variable_Kc":0.1,"data_set_value_component_v1_variable_v1":0.000387856,"data_set_value_component_v2_variable_k2":0.2,"data_set_value_component_v2_variable_v2":0.0037149593,"data_set_value_component_v3_variable_k3":0.2,"data_set_value_component_v3_variable_v3":0.015607752,"data_set_value_component_v4_variable_k4":0.2,"data_set_value_component_v4_variable_v4":0.0302176293,"data_set_value_component_v5_variable_k5":0.1,"data_set_value_component_v5_variable_v5":0.079226797,"data_set_value_component_v6_variable_k6":0.12,"data_set_value_component_v6_variable_v6":0.0961650575,"data_set_value_component_v7_variable_k7":10.0,"data_set_value_component_v7_variable_v7":6.667560224,"data_set_value_component_v8_variable_k8":10.0,"data_set_value_component_v8_variable_v8":1.295026462,"data_set_value_component_v9_variable_k9":10.0,"data_set_value_component_v9_variable_v9":1.3308633688,"data_set_value_component_v10_variable_v10":80.0,"data_set_value_component_v11A_variable_alpha":0.1,"data_set_value_component_v11A_variable_f2":0.9934341945,"data_set_value_component_v11A_variable_m":4.0,"data_set_value_component_v11A_variable_KH":0.5,"data_set_value_component_v11A_variable_k11":10.0,"data_set_value_component_v11A_variable_v11A":18.5826694224,"data_set_value_component_v11B_variable_KA":1.0,"data_set_value_component_v11B_variable_v11B":7.875154548,"data_set_value_component_v12_variable_k12":5.0,"data_set_value_component_v12_variable_v12":7.8549201971,"data_set_value_component_v13_variable_v13":4.0,"data_set_value_component_v14_variable_k14":10.0,"data_set_value_component_v14_variable_v14":61.4247689783,"data_set_value_component_v15_variable_k15":5.0,"data_set_value_component_v15_variable_v15":5.5077201671,"data_set_value_component_v16_variable_k16":10.0,"data_set_value_component_v16_variable_v16":7.8745816732,"data_set_value_component_v17_variable_k17":0.02,"data_set_value_component_v17_variable_v17":0.0028512627,"data_set_value_component_v18_variable_k18":1.0,"data_set_value_component_v18_variable_v18":5.5573131274},{"data_set_value_component_environment_variable_time":0.4,"data_set_value_component_S1_variable_S1":1.8787684621,"data_set_value_component_S_variable_S":2.0,"data_set_value_component_S_variable_S2":0.1212315379,"data_set_value_component_sul_variable_sul":0.0114963008,"data_set_value_component_aps_variable_aps":0.0484991634,"data_set_value_component_pap_variable_pap":0.0768620582,"data_set_value_component_hyd_variable_hyd":0.1375048438,"data_set_value_component_cys_variable_cys":0.7995405247,"data_set_value_component_eth_variable_eth":9.1666593215,"data_set_value_component_aco_variable_aco":1.0877593229,"data_set_value_component_oxy_variable_oxy":6.141901407,"data_set_value_component_A3_c_variable_A3_c":1.571014675,"data_set_value_component_A3_m_variable_A3_m":1.8355405619,"data_set_value_component_A_c_variable_A_c":2.0,"data_set_value_component_A_c_variable_A2_c":0.428985325,"data_set_value_component_A_m_variable_A_m":2.0,"data_set_value_component_A_m_variable_A2_m":0.1644594381,"data_set_value_component_N2_variable_N2":1.9278135101,"data_set_value_component_N_variable_N":2.0,"data_set_value_component_N_variable_N1":0.0721864899,"data_set_value_component_oah_variable_oah":5.5418878997,"data_set_value_component_v1_variable_v0":1.6,"data_set_value_component_v1_variable_f1":0.0002446424,"data_set_value_component_v1_variable_n":4.0,"data_set_value_component_v1_variable_Kc":0.1,"data_set_value_component_v1_variable_v1":0.0003914279,"data_set_value_component_v2_variable_k2":0.2,"data_set_value_component_v2_variable_v2":0.0036121715,"data_set_value_component_v3_variable_k3":0.2,"data_set_value_component_v3_variable_v3":0.0152385795,"data_set_value_component_v4_variable_k4":0.2,"data_set_value_component_v4_variable_v4":0.0296351428,"data_set_value_component_v5_variable_k5":0.1,"data_set_value_component_v5_variable_v5":0.076203643,"data_set_value_component_v6_variable_k6":0.12,"data_set_value_component_v6_variable_v6":0.095944863,"data_set_value_component_v7_variable_k7":10.0,"data_set_value_component_v7_variable_v7":6.6170896012,"data_set_value_component_v8_variable_k8":10.0,"data_set_value_component_v8_variable_v8":1.3187073554,"data_set_value_component_v9_variable_k9":10.0,"data_set_value_component_v9_variable_v9":1.3562170053,"data_set_value_component_v10_variable_v10":80.0,"data_set_value_component_v11A_variable_alpha":0.1,"data_set_value_component_v11A_variable_f2":0.9943125851,"data_set_value_component_v11A_variable_m":4.0,"data_set_value_component_v11A_variable_KH":0.5,"data_set_value_component_v11A_variable_k11":10.0,"data_set_value_component_v11A_variable_v11A":18.5851438231,"data_set_value_component_v11B_variable_KA":1.0,"data_set_value_component_v11B_variable_v11B":7.8744751689,"data_set_value_component_v12_variable_k12":5.0,"data_set_value_component_v12_variable_v12":7.8550733751,"data_set_value_component_v13_variable_v13":4.0,"data_set_value_component_v14_variable_k14":10.0,"data_set_value_component_v14_variable_v14":61.4190140701,"data_set_value_component_v15_variable_k15":5.0,"data_set_value_component_v15_variable_v15":5.4387966145,"data_set_value_component_v16_variable_k16":10.0,"data_set_value_component_v16_variable_v16":7.8741996447,"data_set_value_component_v17_variable_k17":0.02,"data_set_value_component_v17_variable_v17":0.0027500969,"data_set_value_component_v18_variable_k18":1.0,"data_set_value_component_v18_variable_v18":5.5418878997},{"data_set_value_component_environment_variable_time":0.5,"data_set_value_component_S1_variable_S1":1.8749316156,"data_set_value_component_S_variable_S":2.0,"data_set_value_component_S_variable_S2":0.1250683844,"data_set_value_component_sul_variable_sul":0.0111794321,"data_set_value_component_aps_variable_aps":0.0473496361,"data_set_value_component_pap_variable_pap":0.0754330481,"data_set_value_component_hyd_variable_hyd":0.1326965424,"data_set_value_component_cys_variable_cys":0.7974313118,"data_set_value_component_eth_variable_eth":8.907548281,"data_set_value_component_aco_variable_aco":1.0734773685,"data_set_value_component_oxy_variable_oxy":6.1416314219,"data_set_value_component_A3_c_variable_A3_c":1.5710393931,"data_set_value_component_A3_m_variable_A3_m":1.8355549027,"data_set_value_component_A_c_variable_A_c":2.0,"data_set_value_component_A_c_variable_A2_c":0.4289606069,"data_set_value_component_A_m_variable_A_m":2.0,"data_set_value_component_A_m_variable_A2_m":0.1644450973,"data_set_value_component_N2_variable_N2":1.9263003914,"data_set_value_component_N_variable_N":2.0,"data_set_value_component_N_variable_N1":0.0736996086,"data_set_value_component_oah_variable_oah":5.5215328288,"data_set_value_component_v1_variable_v0":1.6,"data_set_value_component_v1_variable_f1":0.0002472404,"data_set_value_component_v1_variable_n":4.0,"data_set_value_component_v1_variable_Kc":0.1,"data_set_value_component_v1_variable_v1":0.0003955847,"data_set_value_component_v2_variable_k2":0.2,"data_set_value_component_v2_variable_v2":0.0035126657,"data_set_value_component_v3_variable_k3":0.2,"data_set_value_component_v3_variable_v3":0.0148776287,"data_set_value_component_v4_variable_k4":0.2,"data_set_value_component_v4_variable_v4":0.029061342,"data_set_value_component_v5_variable_k5":0.1,"data_set_value_component_v5_variable_v5":0.0732688315,"data_set_value_component_v6_variable_k6":0.12,"data_set_value_component_v6_variable_v6":0.0956917574,"data_set_value_component_v7_variable_k7":10.0,"data_set_value_component_v7_variable_v7":6.5648282234,"data_set_value_component_v8_variable_k8":10.0,"data_set_value_component_v8_variable_v8":1.3425808016,"data_set_value_component_v9_variable_k9":10.0,"data_set_value_component_v9_variable_v9":1.3818172632,"data_set_value_component_v10_variable_v10":80.0,"data_set_value_component_v11A_variable_alpha":0.1,"data_set_value_component_v11A_variable_f2":0.9950636124,"data_set_value_component_v11A_variable_m":4.0,"data_set_value_component_v11A_variable_KH":0.5,"data_set_value_component_v11A_variable_k11":10.0,"data_set_value_component_v11A_variable_v11A":18.5850024083,"data_set_value_component_v11B_variable_KA":1.0,"data_set_value_component_v11B_variable_v11B":7.8738255746,"data_set_value_component_v12_variable_k12":5.0,"data_set_value_component_v12_variable_v12":7.8551969653,"data_set_value_component_v13_variable_v13":4.0,"data_set_value_component_v14_variable_k14":10.0,"data_set_value_component_v14_variable_v14":61.4163142193,"data_set_value_component_v15_variable_k15":5.0,"data_set_value_component_v15_variable_v15":5.3673868427,"data_set_value_component_v16_variable_k16":10.0,"data_set_value_component_v16_variable_v16":7.8738074514,"data_set_value_component_v17_variable_k17":0.02,"data_set_value_component_v17_variable_v17":0.0026539308,"data_set_value_component_v18_variable_k18":1.0,"data_set_value_component_v18_variable_v18":5.5215328288},{"data_set_value_component_environment_variable_time":0.6,"data_set_value_component_S1_variable_S1":1.8709193166,"data_set_value_component_S_variable_S":2.0,"data_set_value_component_S_variable_S2":0.1290806834,"data_set_value_component_sul_variable_sul":0.0108727981,"data_set_value_component_aps_variable_aps":0.0462260089,"data_set_value_component_pap_variable_pap":0.0740252948,"data_set_value_component_hyd_variable_hyd":0.1281295734,"data_set_value_component_cys_variable_cys":0.7950600881,"data_set_value_component_eth_variable_eth":8.6537449146,"data_set_value_component_aco_variable_aco":1.0587464314,"data_set_value_component_oxy_variable_oxy":6.1416260722,"data_set_value_component_A3_c_variable_A3_c":1.5710589292,"data_set_value_component_A3_m_variable_A3_m":1.8355452515,"data_set_value_component_A_c_variable_A_c":2.0,"data_set_value_component_A_c_variable_A2_c":0.4289410708,"data_set_value_component_A_m_variable_A_m":2.0,"data_set_value_component_A_m_variable_A2_m":0.1644547485,"data_set_value_component_N2_variable_N2":1.9247612629,"data_set_value_component_N_variable_N":2.0,"data_set_value_component_N_variable_N1":0.0752387371,"data_set_value_component_oah_variable_oah":5.49648358,"data_set_value_component_v1_variable_v0":1.6,"data_set_value_component_v1_variable_f1":0.0002502024,"data_set_value_component_v1_variable_n":4.0,"data_set_value_component_v1_variable_Kc":0.1,"data_set_value_component_v1_variable_v1":0.0004003239,"data_set_value_component_v2_variable_k2":0.2,"data_set_value_component_v2_variable_v2":0.0034163613,"data_set_value_component_v3_variable_k3":0.2,"data_set_value_component_v3_variable_v3":0.0145247568,"data_set_value_component_v4_variable_k4":0.2,"data_set_value_component_v4_variable_v4":0.028496204,"data_set_value_component_v5_variable_k5":0.1,"data_set_value_component_v5_variable_v5":0.0704262096,"data_set_value_component_v6_variable_k6":0.12,"data_set_value_component_v6_variable_v6":0.0954072106,"data_set_value_component_v7_variable_k7":10.0,"data_set_value_component_v7_variable_v7":6.510968386,"data_set_value_component_v8_variable_k8":10.0,"data_set_value_component_v8_variable_v8":1.3666371293,"data_set_value_component_v9_variable_k9":10.0,"data_set_value_component_v9_variable_v9":1.407656066,"data_set_value_component_v10_variable_v10":80.0,"data_set_value_component_v11A_variable_alpha":0.1,"data_set_value_component_v11A_variable_f2":0.995706132,"data_set_value_component_v11A_variable_m":4.0,"data_set_value_component_v11A_variable_KH":0.5,"data_set_value_component_v11A_variable_k11":10.0,"data_set_value_component_v11A_variable_v11A":18.5825947687,"data_set_value_component_v11B_variable_KA":1.0,"data_set_value_component_v11B_variable_v11B":7.873202337,"data_set_value_component_v12_variable_k12":5.0,"data_set_value_component_v12_variable_v12":7.8552946459,"data_set_value_component_v13_variable_v13":4.0,"data_set_value_component_v14_variable_k14":10.0,"data_set_value_component_v14_variable_v14":61.4162607221,"data_set_value_component_v15_variable_k15":5.0,"data_set_value_component_v15_variable_v15":5.2937321568,"data_set_value_component_v16_variable_k16":10.0,"data_set_value_component_v16_variable_v16":7.8734074572,"data_set_value_component_v17_variable_k17":0.02,"data_set_value_component_v17_variable_v17":0.0025625915,"data_set_value_component_v18_variable_k18":1.0,"data_set_value_component_v18_variable_v18":5.49648358},{"data_set_value_component_environment_variable_time":0.7,"data_set_value_component_S1_variable_S1":1.8667259416,"data_set_value_component_S_variable_S":2.0,"data_set_value_component_S_variable_S2":0.1332740584,"data_set_value_component_sul_variable_sul":0.010576141,"data_set_value_component_aps_variable_aps":0.0451277974,"data_set_value_component_pap_variable_pap":0.0726387337,"data_set_value_component_hyd_variable_hyd":0.1237949626,"data_set_value_component_cys_variable_cys":0.7924392858,"data_set_value_component_eth_variable_eth":8.4053996871,"data_set_value_component_aco_variable_aco":1.0436110756,"data_set_value_component_oxy_variable_oxy":6.141850122,"data_set_value_component_A3_c_variable_A3_c":1.5710739143,"data_set_value_component_A3_m_variable_A3_m":1.835514764,"data_set_value_component_A_c_variable_A_c":2.0,"data_set_value_component_A_c_variable_A2_c":0.4289260857,"data_set_value_component_A_m_variable_A_m":2.0,"data_set_value_component_A_m_variable_A2_m":0.164485236,"data_set_value_component_N2_variable_N2":1.9231959627,"data_set_value_component_N_variable_N":2.0,"data_set_value_component_N_variable_N1":0.0768040373,"data_set_value_component_oah_variable_oah":5.4669752073,"data_set_value_component_v1_variable_v0":1.6,"data_set_value_component_v1_variable_f1":0.000253528,"data_set_value_component_v1_variable_n":4.0,"data_set_value_component_v1_variable_Kc":0.1,"data_set_value_component_v1_variable_v1":0.0004056448,"data_set_value_component_v2_variable_k2":0.2,"data_set_value_component_v2_variable_v2":0.0033231798,"data_set_value_component_v3_variable_k3":0.2,"data_set_value_component_v3_variable_v3":0.0141798211,"data_set_value_component_v4_variable_k4":0.2,"data_set_value_component_v4_variable_v4":0.0279397039,"data_set_value_component_v5_variable_k5":0.1,"data_set_value_component_v5_variable_v5":0.0676783992,"data_set_value_component_v6_variable_k6":0.12,"data_set_value_component_v6_variable_v6":0.0950927143,"data_set_value_component_v7_variable_k7":10.0,"data_set_value_component_v7_variable_v7":6.455686313,"data_set_value_component_v8_variable_k8":10.0,"data_set_value_component_v8_variable_v8":1.3908628345,"data_set_value_component_v9_variable_k9":10.0,"data_set_value_component_v9_variable_v9":1.4337208889,"data_set_value_component_v10_variable_v10":80.0,"data_set_value_component_v11A_variable_alpha":0.1,"data_set_value_component_v11A_variable_f2":0.9962562835,"data_set_value_component_v11A_variable_m":4.0,"data_set_value_component_v11A_variable_KH":0.5,"data_set_value_component_v11A_variable_k11":10.0,"data_set_value_component_v11A_variable_v11A":18.5782212545,"data_set_value_component_v11B_variable_KA":1.0,"data_set_value_component_v11B_variable_v11B":7.8726024507,"data_set_value_component_v12_variable_k12":5.0,"data_set_value_component_v12_variable_v12":7.8553695716,"data_set_value_component_v13_variable_v13":4.0,"data_set_value_component_v14_variable_k14":10.0,"data_set_value_component_v14_variable_v14":61.4185012204,"data_set_value_component_v15_variable_k15":5.0,"data_set_value_component_v15_variable_v15":5.2180553779,"data_set_value_component_v16_variable_k16":10.0,"data_set_value_component_v16_variable_v16":7.8730016292,"data_set_value_component_v17_variable_k17":0.02,"data_set_value_component_v17_variable_v17":0.0024758993,"data_set_value_component_v18_variable_k18":1.0,"data_set_value_component_v18_variable_v18":5.4669752073},{"data_set_value_component_environment_variable_time":0.8,"data_set_value_component_S1_variable_S1":1.8623458207,"data_set_value_component_S_variable_S":2.0,"data_set_value_component_S_variable_S2":0.1376541793,"data_set_value_component_sul_variable_sul":0.01028921,"data_set_value_component_aps_variable_aps":0.0440545232,"data_set_value_component_pap_variable_pap":0.0712732894,"data_set_value_component_hyd_variable_hyd":0.119683562,"data_set_value_component_cys_variable_cys":0.7895813865,"data_set_value_component_eth_variable_eth":8.1626474468,"data_set_value_component_aco_variable_aco":1.0281130616,"data_set_value_component_oxy_variable_oxy":6.1422729351,"data_set_value_component_A3_c_variable_A3_c":1.5710848941,"data_set_value_component_A3_m_variable_A3_m":1.8354661499,"data_set_value_component_A_c_variable_A_c":2.0,"data_set_value_component_A_c_variable_A2_c":0.4289151059,"data_set_value_component_A_m_variable_A_m":2.0,"data_set_value_component_A_m_variable_A2_m":0.1645338501,"data_set_value_component_N2_variable_N2":1.9216045205,"data_set_value_component_N_variable_N":2.0,"data_set_value_component_N_variable_N1":0.0783954795,"data_set_value_component_oah_variable_oah":5.4332408124,"data_set_value_component_v1_variable_v0":1.6,"data_set_value_component_v1_variable_f1":0.0002572176,"data_set_value_component_v1_variable_n":4.0,"data_set_value_component_v1_variable_Kc":0.1,"data_set_value_component_v1_variable_v1":0.0004115481,"data_set_value_component_v2_variable_k2":0.2,"data_set_value_component_v2_variable_v2":0.0032330445,"data_set_value_component_v3_variable_k3":0.2,"data_set_value_component_v3_variable_v3":0.0138426792,"data_set_value_component_v4_variable_k4":0.2,"data_set_value_component_v4_variable_v4":0.027391815,"data_set_value_component_v5_variable_k5":0.1,"data_set_value_component_v5_variable_v5":0.0650269614,"data_set_value_component_v6_variable_k6":0.12,"data_set_value_component_v6_variable_v6":0.0947497664,"data_set_value_component_v7_variable_k7":10.0,"data_set_value_component_v7_variable_v7":6.3991466067,"data_set_value_component_v8_variable_k8":10.0,"data_set_value_component_v8_variable_v8":1.4152405968,"data_set_value_component_v9_variable_k9":10.0,"data_set_value_component_v9_variable_v9":1.4599949363,"data_set_value_component_v10_variable_v10":80.0,"data_set_value_component_v11A_variable_alpha":0.1,"data_set_value_component_v11A_variable_f2":0.9967278395,"data_set_value_component_v11A_variable_m":4.0,"data_set_value_component_v11A_variable_KH":0.5,"data_set_value_component_v11A_variable_k11":10.0,"data_set_value_component_v11A_variable_v11A":18.5721395196,"data_set_value_component_v11B_variable_KA":1.0,"data_set_value_component_v11B_variable_v11B":7.8720226633,"data_set_value_component_v12_variable_k12":5.0,"data_set_value_component_v12_variable_v12":7.8554244706,"data_set_value_component_v13_variable_v13":4.0,"data_set_value_component_v14_variable_k14":10.0,"data_set_value_component_v14_variable_v14":61.4227293514,"data_set_value_component_v15_variable_k15":5.0,"data_set_value_component_v15_variable_v15":5.1405653081,"data_set_value_component_v16_variable_k16":10.0,"data_set_value_component_v16_variable_v16":7.8725915802,"data_set_value_component_v17_variable_k17":0.02,"data_set_value_component_v17_variable_v17":0.0023936712,"data_set_value_component_v18_variable_k18":1.0,"data_set_value_component_v18_variable_v18":5.4332408124},{"data_set_value_component_environment_variable_time":0.9,"data_set_value_component_S1_variable_S1":1.857773244,"data_set_value_component_S_variable_S":2.0,"data_set_value_component_S_variable_S2":0.142226756,"data_set_value_component_sul_variable_sul":0.0100117627,"data_set_value_component_aps_variable_aps":0.0430057149,"data_set_value_component_pap_variable_pap":0.0699288748,"data_set_value_component_hyd_variable_hyd":0.1157861167,"data_set_value_component_cys_variable_cys":0.7864988404,"data_set_value_component_eth_variable_eth":7.9256064826,"data_set_value_component_aco_variable_aco":1.0122916061,"data_set_value_component_oxy_variable_oxy":6.1428685033,"data_set_value_component_A3_c_variable_A3_c":1.5710923289,"data_set_value_component_A3_m_variable_A3_m":1.8354016949,"data_set_value_component_A_c_variable_A_c":2.0,"data_set_value_component_A_c_variable_A2_c":0.4289076711,"data_set_value_component_A_m_variable_A_m":2.0,"data_set_value_component_A_m_variable_A2_m":0.1645983051,"data_set_value_component_N2_variable_N2":1.9199871896,"data_set_value_component_N_variable_N":2.0,"data_set_value_component_N_variable_N1":0.0800128104,"data_set_value_component_oah_variable_oah":5.3955104506,"data_set_value_component_v1_variable_v0":1.6,"data_set_value_component_v1_variable_f1":0.0002612728,"data_set_value_component_v1_variable_n":4.0,"data_set_value_component_v1_variable_Kc":0.1,"data_set_value_component_v1_variable_v1":0.0004180365,"data_set_value_component_v2_variable_k2":0.2,"data_set_value_component_v2_variable_v2":0.0031458807,"data_set_value_component_v3_variable_k3":0.2,"data_set_value_component_v3_variable_v3":0.0135131897,"data_set_value_component_v4_variable_k4":0.2,"data_set_value_component_v4_variable_v4":0.0268525088,"data_set_value_component_v5_variable_k5":0.1,"data_set_value_component_v5_variable_v5":0.0624725202,"data_set_value_component_v6_variable_k6":0.12,"data_set_value_component_v6_variable_v6":0.0943798609,"data_set_value_component_v7_variable_k7":10.0,"data_set_value_component_v7_variable_v7":6.3415004877,"data_set_value_component_v8_variable_k8":10.0,"data_set_value_component_v8_variable_v8":1.4397495124,"data_set_value_component_v9_variable_k9":10.0,"data_set_value_component_v9_variable_v9":1.4864565833,"data_set_value_component_v10_variable_v10":80.0,"data_set_value_component_v11A_variable_alpha":0.1,"data_set_value_component_v11A_variable_f2":0.9971325304,"data_set_value_component_v11A_variable_m":4.0,"data_set_value_component_v11A_variable_KH":0.5,"data_set_value_component_v11A_variable_k11":10.0,"data_set_value_component_v11A_variable_v11A":18.564571014,"data_set_value_component_v11B_variable_KA":1.0,"data_set_value_component_v11B_variable_v11B":7.8714615438,"data_set_value_component_v12_variable_k12":5.0,"data_set_value_component_v12_variable_v12":7.8554616444,"data_set_value_component_v13_variable_v13":4.0,"data_set_value_component_v14_variable_k14":10.0,"data_set_value_component_v14_variable_v14":61.4286850329,"data_set_value_component_v15_variable_k15":5.0,"data_set_value_component_v15_variable_v15":5.0614580307,"data_set_value_component_v16_variable_k16":10.0,"data_set_value_component_v16_variable_v16":7.8721786654,"data_set_value_component_v17_variable_k17":0.02,"data_set_value_component_v17_variable_v17":0.0023157223,"data_set_value_component_v18_variable_k18":1.0,"data_set_value_component_v18_variable_v18":5.3955104506},{"data_set_value_component_environment_variable_time":1.0,"data_set_value_component_S1_variable_S1":1.8530025473,"data_set_value_component_S_variable_S":2.0,"data_set_value_component_S_variable_S2":0.1469974527,"data_set_value_component_sul_variable_sul":0.0097435642,"data_set_value_component_aps_variable_aps":0.0419809077,"data_set_value_component_pap_variable_pap":0.068605391,"data_set_value_component_hyd_variable_hyd":0.1120933578,"data_set_value_component_cys_variable_cys":0.7832039729,"data_set_value_component_eth_variable_eth":7.6943794564,"data_set_value_component_aco_variable_aco":0.9961839278,"data_set_value_component_oxy_variable_oxy":6.1436146111,"data_set_value_component_A3_c_variable_A3_c":1.5710966113,"data_set_value_component_A3_m_variable_A3_m":1.8353233648,"data_set_value_component_A_c_variable_A_c":2.0,"data_set_value_component_A_c_variable_A2_c":0.4289033887,"data_set_value_component_A_m_variable_A_m":2.0,"data_set_value_component_A_m_variable_A2_m":0.1646766352,"data_set_value_component_N2_variable_N2":1.9183443603,"data_set_value_component_N_variable_N":2.0,"data_set_value_component_N_variable_N1":0.0816556397,"data_set_value_component_oah_variable_oah":5.3540103471,"data_set_value_component_v1_variable_v0":1.6,"data_set_value_component_v1_variable_f1":0.000265696,"data_set_value_component_v1_variable_n":4.0,"data_set_value_component_v1_variable_Kc":0.1,"data_set_value_component_v1_variable_v1":0.0004251136,"data_set_value_component_v2_variable_k2":0.2,"data_set_value_component_v2_variable_v2":0.0030616161,"data_set_value_component_v3_variable_k3":0.2,"data_set_value_component_v3_variable_v3":0.0131912124,"data_set_value_component_v4_variable_k4":0.2,"data_set_value_component_v4_variable_v4":0.026321753,"data_set_value_component_v5_variable_k5":0.1,"data_set_value_component_v5_variable_v5":0.0600148998,"data_set_value_component_v6_variable_k6":0.12,"data_set_value_component_v6_variable_v6":0.0939844767,"data_set_value_component_v7_variable_k7":10.0,"data_set_value_component_v7_variable_v7":6.2828947626,"data_set_value_component_v8_variable_k8":10.0,"data_set_value_component_v8_variable_v8":1.4643649976,"data_set_value_component_v9_variable_k9":10.0,"data_set_value_component_v9_variable_v9":1.5130810829,"data_set_value_component_v10_variable_v10":80.0,"data_set_value_component_v11A_variable_alpha":0.1,"data_set_value_component_v11A_variable_f2":0.997480329,"data_set_value_component_v11A_variable_m":4.0,"data_set_value_component_v11A_variable_KH":0.5,"data_set_value_component_v11A_variable_k11":10.0,"data_set_value_component_v11A_variable_v11A":18.5557055212,"data_set_value_component_v11B_variable_KA":1.0,"data_set_value_component_v11B_variable_v11B":7.8709172756,"data_set_value_component_v12_variable_k12":5.0,"data_set_value_component_v12_variable_v12":7.8554830566,"data_set_value_component_v13_variable_v13":4.0,"data_set_value_component_v14_variable_k14":10.0,"data_set_value_component_v14_variable_v14":61.4361461112,"data_set_value_component_v15_variable_k15":5.0,"data_set_value_component_v15_variable_v15":4.9809196388,"data_set_value_component_v16_variable_k16":10.0,"data_set_value_component_v16_variable_v16":7.8717641045,"data_set_value_component_v17_variable_k17":0.02,"data_set_value_component_v17_variable_v17":0.0022418672,"data_set_value_component_v18_variable_k18":1.0,"data_set_value_component_v18_variable_v18":5.3540103471}]