[{"data_generator_T":0.0,"data_generator_V":-70.0},{"data_generator_T":4.0,"data_generator_V":-62.032234},{"data_generator_T":8.0,"data_generator_V":-61.320042},{"data_generator_T":12.0,"data_generator_V":-61.295654},{"data_generator_T":16.0,"data_generator_V":-61.294895},{"data_generator_T":20.0,"data_generator_V":-61.294792},{"data_generator_T":24.0,"data_generator_V":-61.294701},{"data_generator_T":28.0,"data_generator_V":-61.294613},{"data_generator_T":32.0,"data_generator_V":-61.294521},{"data_generator_T":36.0,"data_generator_V":-61.29443},{"data_generator_T":40.0,"data_generator_V":-61.294338},{"data_generator_T":44.0,"data_generator_V":-61.294247},{"data_generator_T":48.0,"data_generator_V":-61.294151},{"data_generator_T":52.0,"data_generator_V":-61.294056},{"data_generator_T":56.0,"data_generator_V":-61.293961},{"data_generator_T":60.0,"data_generator_V":-61.293865},{"data_generator_T":64.0,"data_generator_V":-61.293766},{"data_generator_T":68.0,"data_generator_V":-61.293671},{"data_generator_T":72.0,"data_generator_V":-61.293571},{"data_generator_T":76.0,"data_generator_V":-61.293472},{"data_generator_T":80.0,"data_generator_V":-61.293373},{"data_generator_T":84.0,"data_generator_V":-61.29327},{"data_generator_T":88.0,"data_generator_V":-61.293171},{"data_generator_T":92.0,"data_generator_V":-61.293068},{"data_generator_T":96.0,"data_generator_V":-61.292965},{"data_generator_T":100.0,"data_generator_V":-61.292862},{"data_generator_T":104.0,"data_generator_V":-61.292759},{"data_generator_T":108.0,"data_generator_V":-61.292656},{"data_generator_T":112.0,"data_generator_V":-61.292553},{"data_generator_T":116.0,"data_generator_V":-61.292446},{"data_generator_T":120.0,"data_generator_V":-61.292339},{"data_generator_T":124.0,"data_generator_V":-61.292233},{"data_generator_T":128.0,"data_generator_V":-61.29213},{"data_generator_T":132.0,"data_generator_V":-61.292019},{"data_generator_T":136.0,"data_generator_V":-61.291912},{"data_generator_T":140.0,"data_generator_V":-61.291805},{"data_generator_T":144.0,"data_generator_V":-61.291698},{"data_generator_T":148.0,"data_generator_V":-61.291588},{"data_generator_T":152.0,"data_generator_V":-61.291477},{"data_generator_T":156.0,"data_generator_V":-61.29137},{"data_generator_T":160.0,"data_generator_V":-61.29126},{"data_generator_T":164.0,"data_generator_V":-61.291149},{"data_generator_T":168.0,"data_generator_V":-61.291039},{"data_generator_T":172.0,"data_generator_V":-61.290928},{"data_generator_T":176.0,"data_generator_V":-61.290817},{"data_generator_T":180.0,"data_generator_V":-61.290703},{"data_generator_T":184.0,"data_generator_V":-61.290592},{"data_generator_T":188.0,"data_generator_V":-61.290482},{"data_generator_T":192.0,"data_generator_V":-61.290367},{"data_generator_T":196.0,"data_generator_V":-61.290257},{"data_generator_T":200.0,"data_generator_V":-61.290142},{"data_generator_T":204.0,"data_generator_V":-61.290028},{"data_generator_T":208.0,"data_generator_V":-61.289917},{"data_generator_T":212.0,"data_generator_V":-61.289803},{"data_generator_T":216.0,"data_generator_V":-61.289688},{"data_generator_T":220.0,"data_generator_V":-61.289574},{"data_generator_T":224.0,"data_generator_V":-61.289459},{"data_generator_T":228.0,"data_generator_V":-61.289345},{"data_generator_T":232.0,"data_generator_V":-61.28923},{"data_generator_T":236.0,"data_generator_V":-61.289116},{"data_generator_T":240.0,"data_generator_V":-61.289001},{"data_generator_T":244.0,"data_generator_V":-61.288883},{"data_generator_T":248.0,"data_generator_V":-61.288769},{"data_generator_T":252.0,"data_generator_V":-61.288654},{"data_generator_T":256.0,"data_generator_V":-61.28854},{"data_generator_T":260.0,"data_generator_V":-61.288422},{"data_generator_T":264.0,"data_generator_V":-61.288307},{"data_generator_T":268.0,"data_generator_V":-61.288189},{"data_generator_T":272.0,"data_generator_V":-61.288074},{"data_generator_T":276.0,"data_generator_V":-61.28796},{"data_generator_T":280.0,"data_generator_V":-61.287842},{"data_generator_T":284.0,"data_generator_V":-61.287727},{"data_generator_T":288.0,"data_generator_V":-61.287609},{"data_generator_T":292.0,"data_generator_V":-61.287491},{"data_generator_T":296.0,"data_generator_V":-61.287376},{"data_generator_T":300.0,"data_generator_V":-61.287258},{"data_generator_T":304.0,"data_generator_V":-61.287144},{"data_generator_T":308.0,"data_generator_V":-61.287025},{"data_generator_T":312.0,"data_generator_V":-61.286907},{"data_generator_T":316.0,"data_generator_V":-61.286793},{"data_generator_T":320.0,"data_generator_V":-61.286674},{"data_generator_T":324.0,"data_generator_V":-61.28656},{"data_generator_T":328.0,"data_generator_V":-61.286442},{"data_generator_T":332.0,"data_generator_V":-61.286324},{"data_generator_T":336.0,"data_generator_V":-61.286209},{"data_generator_T":340.0,"data_generator_V":-61.286091},{"data_generator_T":344.0,"data_generator_V":-61.285973},{"data_generator_T":348.0,"data_generator_V":-61.285858},{"data_generator_T":352.0,"data_generator_V":-61.28574},{"data_generator_T":356.0,"data_generator_V":-61.285622},{"data_generator_T":360.0,"data_generator_V":-61.285507},{"data_generator_T":364.0,"data_generator_V":-61.285389},{"data_generator_T":368.0,"data_generator_V":-61.285271},{"data_generator_T":372.0,"data_generator_V":-61.285156},{"data_generator_T":376.0,"data_generator_V":-61.285038},{"data_generator_T":380.0,"data_generator_V":-61.28492},{"data_generator_T":384.0,"data_generator_V":-61.284805},{"data_generator_T":388.0,"data_generator_V":-61.284687},{"data_generator_T":392.0,"data_generator_V":-61.284573},{"data_generator_T":396.0,"data_generator_V":-61.284454},{"data_generator_T":400.0,"data_generator_V":-61.284336},{"data_generator_T":404.0,"data_generator_V":-61.284222},{"data_generator_T":408.0,"data_generator_V":-61.284103},{"data_generator_T":412.0,"data_generator_V":-61.283989},{"data_generator_T":416.0,"data_generator_V":-61.283871},{"data_generator_T":420.0,"data_generator_V":-61.283756},{"data_generator_T":424.0,"data_generator_V":-61.283638},{"data_generator_T":428.0,"data_generator_V":-61.283524},{"data_generator_T":432.0,"data_generator_V":-61.283409},{"data_generator_T":436.0,"data_generator_V":-61.283291},{"data_generator_T":440.0,"data_generator_V":-61.283176},{"data_generator_T":444.0,"data_generator_V":-61.283058},{"data_generator_T":448.0,"data_generator_V":-61.282944},{"data_generator_T":452.0,"data_generator_V":-61.282829},{"data_generator_T":456.0,"data_generator_V":-61.282711},{"data_generator_T":460.0,"data_generator_V":-61.282597},{"data_generator_T":464.0,"data_generator_V":-61.282482},{"data_generator_T":468.0,"data_generator_V":-61.282368},{"data_generator_T":472.0,"data_generator_V":-61.282253},{"data_generator_T":476.0,"data_generator_V":-61.282135},{"data_generator_T":480.0,"data_generator_V":-61.282021},{"data_generator_T":484.0,"data_generator_V":-61.281906},{"data_generator_T":488.0,"data_generator_V":-61.281792},{"data_generator_T":492.0,"data_generator_V":-61.281677},{"data_generator_T":496.0,"data_generator_V":-61.281563},{"data_generator_T":500.0,"data_generator_V":-61.281448},{"data_generator_T":504.0,"data_generator_V":-61.281334},{"data_generator_T":508.0,"data_generator_V":-61.281219},{"data_generator_T":512.0,"data_generator_V":-61.281105},{"data_generator_T":516.0,"data_generator_V":-61.280991},{"data_generator_T":520.0,"data_generator_V":-61.28088},{"data_generator_T":524.0,"data_generator_V":-61.280766},{"data_generator_T":528.0,"data_generator_V":-61.280651},{"data_generator_T":532.0,"data_generator_V":-61.280537},{"data_generator_T":536.0,"data_generator_V":-61.280426},{"data_generator_T":540.0,"data_generator_V":-61.280312},{"data_generator_T":544.0,"data_generator_V":-61.280197},{"data_generator_T":548.0,"data_generator_V":-61.280087},{"data_generator_T":552.0,"data_generator_V":-61.279972},{"data_generator_T":556.0,"data_generator_V":-61.279861},{"data_generator_T":560.0,"data_generator_V":-61.279747},{"data_generator_T":564.0,"data_generator_V":-61.279636},{"data_generator_T":568.0,"data_generator_V":-61.279526},{"data_generator_T":572.0,"data_generator_V":-61.279411},{"data_generator_T":576.0,"data_generator_V":-61.279301},{"data_generator_T":580.0,"data_generator_V":-61.27919},{"data_generator_T":584.0,"data_generator_V":-61.279076},{"data_generator_T":588.0,"data_generator_V":-61.278965},{"data_generator_T":592.0,"data_generator_V":-61.278854},{"data_generator_T":596.0,"data_generator_V":-61.278744},{"data_generator_T":600.0,"data_generator_V":-61.278633},{"data_generator_T":604.0,"data_generator_V":-61.278522},{"data_generator_T":608.0,"data_generator_V":-61.278412},{"data_generator_T":612.0,"data_generator_V":-61.278301},{"data_generator_T":616.0,"data_generator_V":-61.278191},{"data_generator_T":620.0,"data_generator_V":-61.27808},{"data_generator_T":624.0,"data_generator_V":-61.277969},{"data_generator_T":628.0,"data_generator_V":-61.277863},{"data_generator_T":632.0,"data_generator_V":-61.277752},{"data_generator_T":636.0,"data_generator_V":-61.277641},{"data_generator_T":640.0,"data_generator_V":-61.277531},{"data_generator_T":644.0,"data_generator_V":-61.277424},{"data_generator_T":648.0,"data_generator_V":-61.277313},{"data_generator_T":652.0,"data_generator_V":-61.277206},{"data_generator_T":656.0,"data_generator_V":-61.277096},{"data_generator_T":660.0,"data_generator_V":-61.276989},{"data_generator_T":664.0,"data_generator_V":-61.276878},{"data_generator_T":668.0,"data_generator_V":-61.276772},{"data_generator_T":672.0,"data_generator_V":-61.276665},{"data_generator_T":676.0,"data_generator_V":-61.276554},{"data_generator_T":680.0,"data_generator_V":-61.276447},{"data_generator_T":684.0,"data_generator_V":-61.27634},{"data_generator_T":688.0,"data_generator_V":-61.276234},{"data_generator_T":692.0,"data_generator_V":-61.276127},{"data_generator_T":696.0,"data_generator_V":-61.27602},{"data_generator_T":700.0,"data_generator_V":-61.275913},{"data_generator_T":704.0,"data_generator_V":-61.275806},{"data_generator_T":708.0,"data_generator_V":-61.2757},{"data_generator_T":712.0,"data_generator_V":-61.275593},{"data_generator_T":716.0,"data_generator_V":-61.275486},{"data_generator_T":720.0,"data_generator_V":-61.275379},{"data_generator_T":724.0,"data_generator_V":-61.275276},{"data_generator_T":728.0,"data_generator_V":-61.275169},{"data_generator_T":732.0,"data_generator_V":-61.275063},{"data_generator_T":736.0,"data_generator_V":-61.27496},{"data_generator_T":740.0,"data_generator_V":-61.274853},{"data_generator_T":744.0,"data_generator_V":-61.27475},{"data_generator_T":748.0,"data_generator_V":-61.274643},{"data_generator_T":752.0,"data_generator_V":-61.27454},{"data_generator_T":756.0,"data_generator_V":-61.274433},{"data_generator_T":760.0,"data_generator_V":-61.27433},{"data_generator_T":764.0,"data_generator_V":-61.274227},{"data_generator_T":768.0,"data_generator_V":-61.274124},{"data_generator_T":772.0,"data_generator_V":-61.274017},{"data_generator_T":776.0,"data_generator_V":-61.273914},{"data_generator_T":780.0,"data_generator_V":-61.273811},{"data_generator_T":784.0,"data_generator_V":-61.273708},{"data_generator_T":788.0,"data_generator_V":-61.273605},{"data_generator_T":792.0,"data_generator_V":-61.273502},{"data_generator_T":796.0,"data_generator_V":-61.273399},{"data_generator_T":800.0,"data_generator_V":-61.273296},{"data_generator_T":804.0,"data_generator_V":-61.273197},{"data_generator_T":808.0,"data_generator_V":-61.273094},{"data_generator_T":812.0,"data_generator_V":-61.272991},{"data_generator_T":816.0,"data_generator_V":-61.272888},{"data_generator_T":820.0,"data_generator_V":-61.272789},{"data_generator_T":824.0,"data_generator_V":-61.272686},{"data_generator_T":828.0,"data_generator_V":-61.272587},{"data_generator_T":832.0,"data_generator_V":-61.272484},{"data_generator_T":836.0,"data_generator_V":-61.272385},{"data_generator_T":840.0,"data_generator_V":-61.272282},{"data_generator_T":844.0,"data_generator_V":-61.272182},{"data_generator_T":848.0,"data_generator_V":-61.272083},{"data_generator_T":852.0,"data_generator_V":-61.27198},{"data_generator_T":856.0,"data_generator_V":-61.271881},{"data_generator_T":860.0,"data_generator_V":-61.271782},{"data_generator_T":864.0,"data_generator_V":-61.271683},{"data_generator_T":868.0,"data_generator_V":-61.271584},{"data_generator_T":872.0,"data_generator_V":-61.271484},{"data_generator_T":876.0,"data_generator_V":-61.271385},{"data_generator_T":880.0,"data_generator_V":-61.271286},{"data_generator_T":884.0,"data_generator_V":-61.271187},{"data_generator_T":888.0,"data_generator_V":-61.271088},{"data_generator_T":892.0,"data_generator_V":-61.270988},{"data_generator_T":896.0,"data_generator_V":-61.270893},{"data_generator_T":900.0,"data_generator_V":-61.270794},{"data_generator_T":904.0,"data_generator_V":-61.270695},{"data_generator_T":908.0,"data_generator_V":-61.270599},{"data_generator_T":912.0,"data_generator_V":-61.2705},{"data_generator_T":916.0,"data_generator_V":-61.270405},{"data_generator_T":920.0,"data_generator_V":-61.270306},{"data_generator_T":924.0,"data_generator_V":-61.27021},{"data_generator_T":928.0,"data_generator_V":-61.270111},{"data_generator_T":932.0,"data_generator_V":-61.270016},{"data_generator_T":936.0,"data_generator_V":-61.26992},{"data_generator_T":940.0,"data_generator_V":-61.269825},{"data_generator_T":944.0,"data_generator_V":-61.269726},{"data_generator_T":948.0,"data_generator_V":-61.26963},{"data_generator_T":952.0,"data_generator_V":-61.269535},{"data_generator_T":956.0,"data_generator_V":-61.26944},{"data_generator_T":960.0,"data_generator_V":-61.269344},{"data_generator_T":964.0,"data_generator_V":-61.269249},{"data_generator_T":968.0,"data_generator_V":-61.269154},{"data_generator_T":972.0,"data_generator_V":-61.269058},{"data_generator_T":976.0,"data_generator_V":-61.268967},{"data_generator_T":980.0,"data_generator_V":-61.268871},{"data_generator_T":984.0,"data_generator_V":-61.268776},{"data_generator_T":988.0,"data_generator_V":-61.268681},{"data_generator_T":992.0,"data_generator_V":-61.268589},{"data_generator_T":996.0,"data_generator_V":-61.268494},{"data_generator_T":1000.0,"data_generator_V":-61.268402},{"data_generator_T":1004.0,"data_generator_V":-61.268307},{"data_generator_T":1008.0,"data_generator_V":-61.268215},{"data_generator_T":1012.0,"data_generator_V":-61.26812},{"data_generator_T":1016.0,"data_generator_V":-61.268028},{"data_generator_T":1020.0,"data_generator_V":-61.267937},{"data_generator_T":1024.0,"data_generator_V":-61.267841},{"data_generator_T":1028.0,"data_generator_V":-61.26775},{"data_generator_T":1032.0,"data_generator_V":-61.267658},{"data_generator_T":1036.0,"data_generator_V":-61.267567},{"data_generator_T":1040.0,"data_generator_V":-61.267475},{"data_generator_T":1044.0,"data_generator_V":-61.267384},{"data_generator_T":1048.0,"data_generator_V":-61.267292},{"data_generator_T":1052.0,"data_generator_V":-61.2672},{"data_generator_T":1056.0,"data_generator_V":-61.267109},{"data_generator_T":1060.0,"data_generator_V":-61.267017},{"data_generator_T":1064.0,"data_generator_V":-61.266926},{"data_generator_T":1068.0,"data_generator_V":-61.266838},{"data_generator_T":1072.0,"data_generator_V":-61.266747},{"data_generator_T":1076.0,"data_generator_V":-61.266655},{"data_generator_T":1080.0,"data_generator_V":-61.266567},{"data_generator_T":1084.0,"data_generator_V":-61.266476},{"data_generator_T":1088.0,"data_generator_V":-61.266384},{"data_generator_T":1092.0,"data_generator_V":-61.266296},{"data_generator_T":1096.0,"data_generator_V":-61.266205},{"data_generator_T":1100.0,"data_generator_V":-60.516117},{"data_generator_T":1104.0,"data_generator_V":-58.053684},{"data_generator_T":1108.0,"data_generator_V":-56.473598},{"data_generator_T":1112.0,"data_generator_V":-55.278957},{"data_generator_T":1116.0,"data_generator_V":-55.169472},{"data_generator_T":1120.0,"data_generator_V":-55.096569},{"data_generator_T":1124.0,"data_generator_V":-55.02581},{"data_generator_T":1128.0,"data_generator_V":-54.956337},{"data_generator_T":1132.0,"data_generator_V":-54.888123},{"data_generator_T":1136.0,"data_generator_V":-54.821159},{"data_generator_T":1140.0,"data_generator_V":-54.755436},{"data_generator_T":1144.0,"data_generator_V":-54.690945},{"data_generator_T":1148.0,"data_generator_V":-54.627674},{"data_generator_T":1152.0,"data_generator_V":-54.565613},{"data_generator_T":1156.0,"data_generator_V":-54.504753},{"data_generator_T":1160.0,"data_generator_V":-54.445084},{"data_generator_T":1164.0,"data_generator_V":-54.3866},{"data_generator_T":1168.0,"data_generator_V":-54.329285},{"data_generator_T":1172.0,"data_generator_V":-54.273132},{"data_generator_T":1176.0,"data_generator_V":-54.218128},{"data_generator_T":1180.0,"data_generator_V":-54.164265},{"data_generator_T":1184.0,"data_generator_V":-54.11153},{"data_generator_T":1188.0,"data_generator_V":-54.059917},{"data_generator_T":1192.0,"data_generator_V":-54.009411},{"data_generator_T":1196.0,"data_generator_V":-53.959999},{"data_generator_T":1200.0,"data_generator_V":-53.161678},{"data_generator_T":1204.0,"data_generator_V":-51.401737},{"data_generator_T":1208.0,"data_generator_V":-49.06826},{"data_generator_T":1212.0,"data_generator_V":-47.208416},{"data_generator_T":1216.0,"data_generator_V":-46.987144},{"data_generator_T":1220.0,"data_generator_V":-46.843975},{"data_generator_T":1224.0,"data_generator_V":-46.705029},{"data_generator_T":1228.0,"data_generator_V":-46.56744},{"data_generator_T":1232.0,"data_generator_V":-46.431091},{"data_generator_T":1236.0,"data_generator_V":-46.295967},{"data_generator_T":1240.0,"data_generator_V":-46.162067},{"data_generator_T":1244.0,"data_generator_V":-46.029377},{"data_generator_T":1248.0,"data_generator_V":-45.897888},{"data_generator_T":1252.0,"data_generator_V":-45.767601},{"data_generator_T":1256.0,"data_generator_V":-45.6385},{"data_generator_T":1260.0,"data_generator_V":-45.510578},{"data_generator_T":1264.0,"data_generator_V":-45.383835},{"data_generator_T":1268.0,"data_generator_V":-45.258251},{"data_generator_T":1272.0,"data_generator_V":-45.133827},{"data_generator_T":1276.0,"data_generator_V":-45.010551},{"data_generator_T":1280.0,"data_generator_V":-44.888416},{"data_generator_T":1284.0,"data_generator_V":-44.767414},{"data_generator_T":1288.0,"data_generator_V":-44.647533},{"data_generator_T":1292.0,"data_generator_V":-44.52877},{"data_generator_T":1296.0,"data_generator_V":-44.41111},{"data_generator_T":1300.0,"data_generator_V":-44.294552},{"data_generator_T":1304.0,"data_generator_V":-44.785694},{"data_generator_T":1308.0,"data_generator_V":-45.198963},{"data_generator_T":1312.0,"data_generator_V":-42.761101},{"data_generator_T":1316.0,"data_generator_V":-42.356457},{"data_generator_T":1320.0,"data_generator_V":-42.120735},{"data_generator_T":1324.0,"data_generator_V":-41.896938},{"data_generator_T":1328.0,"data_generator_V":-41.673054},{"data_generator_T":1332.0,"data_generator_V":-41.447998},{"data_generator_T":1336.0,"data_generator_V":-41.221508},{"data_generator_T":1340.0,"data_generator_V":-40.993362},{"data_generator_T":1344.0,"data_generator_V":-40.763325},{"data_generator_T":1348.0,"data_generator_V":-40.531124},{"data_generator_T":1352.0,"data_generator_V":-40.296459},{"data_generator_T":1356.0,"data_generator_V":-40.058983},{"data_generator_T":1360.0,"data_generator_V":-39.818302},{"data_generator_T":1364.0,"data_generator_V":-39.573959},{"data_generator_T":1368.0,"data_generator_V":-39.325436},{"data_generator_T":1372.0,"data_generator_V":-39.072102},{"data_generator_T":1376.0,"data_generator_V":-38.813232},{"data_generator_T":1380.0,"data_generator_V":-38.547935},{"data_generator_T":1384.0,"data_generator_V":-38.275143},{"data_generator_T":1388.0,"data_generator_V":-37.993526},{"data_generator_T":1392.0,"data_generator_V":-37.701408},{"data_generator_T":1396.0,"data_generator_V":-37.396626},{"data_generator_T":1400.0,"data_generator_V":-37.076313},{"data_generator_T":1404.0,"data_generator_V":-41.472084},{"data_generator_T":1408.0,"data_generator_V":-44.099041},{"data_generator_T":1412.0,"data_generator_V":-41.544819},{"data_generator_T":1416.0,"data_generator_V":-41.058613},{"data_generator_T":1420.0,"data_generator_V":-40.772545},{"data_generator_T":1424.0,"data_generator_V":-40.501869},{"data_generator_T":1428.0,"data_generator_V":-40.229721},{"data_generator_T":1432.0,"data_generator_V":-39.954208},{"data_generator_T":1436.0,"data_generator_V":-39.674713},{"data_generator_T":1440.0,"data_generator_V":-39.390678},{"data_generator_T":1444.0,"data_generator_V":-39.101452},{"data_generator_T":1448.0,"data_generator_V":-38.806274},{"data_generator_T":1452.0,"data_generator_V":-38.504238},{"data_generator_T":1456.0,"data_generator_V":-38.194241},{"data_generator_T":1460.0,"data_generator_V":-37.874928},{"data_generator_T":1464.0,"data_generator_V":-37.544605},{"data_generator_T":1468.0,"data_generator_V":-37.201099},{"data_generator_T":1472.0,"data_generator_V":-36.841576},{"data_generator_T":1476.0,"data_generator_V":-36.462173},{"data_generator_T":1480.0,"data_generator_V":-36.057468},{"data_generator_T":1484.0,"data_generator_V":-35.619419},{"data_generator_T":1488.0,"data_generator_V":-35.135242},{"data_generator_T":1492.0,"data_generator_V":-34.582626},{"data_generator_T":1496.0,"data_generator_V":-33.916534},{"data_generator_T":1500.0,"data_generator_V":-33.021523},{"data_generator_T":1504.0,"data_generator_V":-40.28373},{"data_generator_T":1508.0,"data_generator_V":-44.039188},{"data_generator_T":1512.0,"data_generator_V":-41.616848},{"data_generator_T":1516.0,"data_generator_V":-41.138771},{"data_generator_T":1520.0,"data_generator_V":-40.84457},{"data_generator_T":1524.0,"data_generator_V":-40.564156},{"data_generator_T":1528.0,"data_generator_V":-40.282085},{"data_generator_T":1532.0,"data_generator_V":-39.996605},{"data_generator_T":1536.0,"data_generator_V":-39.707115},{"data_generator_T":1540.0,"data_generator_V":-39.413067},{"data_generator_T":1544.0,"data_generator_V":-39.113827},{"data_generator_T":1548.0,"data_generator_V":-38.808647},{"data_generator_T":1552.0,"data_generator_V":-38.496647},{"data_generator_T":1556.0,"data_generator_V":-38.176758},{"data_generator_T":1560.0,"data_generator_V":-37.847668},{"data_generator_T":1564.0,"data_generator_V":-37.507759},{"data_generator_T":1568.0,"data_generator_V":-37.154957},{"data_generator_T":1572.0,"data_generator_V":-36.786572},{"data_generator_T":1576.0,"data_generator_V":-36.398991},{"data_generator_T":1580.0,"data_generator_V":-35.987194},{"data_generator_T":1584.0,"data_generator_V":-35.543831},{"data_generator_T":1588.0,"data_generator_V":-35.05748},{"data_generator_T":1592.0,"data_generator_V":-34.50872},{"data_generator_T":1596.0,"data_generator_V":-33.860008},{"data_generator_T":1600.0,"data_generator_V":-33.021709},{"data_generator_T":1604.0,"data_generator_V":-40.336296},{"data_generator_T":1608.0,"data_generator_V":-44.229439},{"data_generator_T":1612.0,"data_generator_V":-41.953819},{"data_generator_T":1616.0,"data_generator_V":-41.501057},{"data_generator_T":1620.0,"data_generator_V":-41.211292},{"data_generator_T":1624.0,"data_generator_V":-40.933258},{"data_generator_T":1628.0,"data_generator_V":-40.653797},{"data_generator_T":1632.0,"data_generator_V":-40.37146},{"data_generator_T":1636.0,"data_generator_V":-40.085766},{"data_generator_T":1640.0,"data_generator_V":-39.796268},{"data_generator_T":1644.0,"data_generator_V":-39.50246},{"data_generator_T":1648.0,"data_generator_V":-39.203762},{"data_generator_T":1652.0,"data_generator_V":-38.89949},{"data_generator_T":1656.0,"data_generator_V":-38.588837},{"data_generator_T":1660.0,"data_generator_V":-38.270836},{"data_generator_T":1664.0,"data_generator_V":-37.944305},{"data_generator_T":1668.0,"data_generator_V":-37.607807},{"data_generator_T":1672.0,"data_generator_V":-37.259514},{"data_generator_T":1676.0,"data_generator_V":-36.897095},{"data_generator_T":1680.0,"data_generator_V":-36.517464},{"data_generator_T":1684.0,"data_generator_V":-36.116421},{"data_generator_T":1688.0,"data_generator_V":-35.687981},{"data_generator_T":1692.0,"data_generator_V":-35.223179},{"data_generator_T":1696.0,"data_generator_V":-34.7075},{"data_generator_T":1700.0,"data_generator_V":-34.114922},{"data_generator_T":1704.0,"data_generator_V":-33.390522},{"data_generator_T":1708.0,"data_generator_V":-32.381088},{"data_generator_T":1712.0,"data_generator_V":-30.280699},{"data_generator_T":1716.0,"data_generator_V":4.5041347},{"data_generator_T":1720.0,"data_generator_V":-44.328602},{"data_generator_T":1724.0,"data_generator_V":-41.32217},{"data_generator_T":1728.0,"data_generator_V":-40.788086},{"data_generator_T":1732.0,"data_generator_V":-40.48452},{"data_generator_T":1736.0,"data_generator_V":-40.199459},{"data_generator_T":1740.0,"data_generator_V":-39.912899},{"data_generator_T":1744.0,"data_generator_V":-39.622551},{"data_generator_T":1748.0,"data_generator_V":-39.327713},{"data_generator_T":1752.0,"data_generator_V":-39.027752},{"data_generator_T":1756.0,"data_generator_V":-38.721947},{"data_generator_T":1760.0,"data_generator_V":-38.409439},{"data_generator_T":1764.0,"data_generator_V":-38.089188},{"data_generator_T":1768.0,"data_generator_V":-37.759941},{"data_generator_T":1772.0,"data_generator_V":-37.420132},{"data_generator_T":1776.0,"data_generator_V":-37.067776},{"data_generator_T":1780.0,"data_generator_V":-36.70031},{"data_generator_T":1784.0,"data_generator_V":-36.314308},{"data_generator_T":1788.0,"data_generator_V":-35.905033},{"data_generator_T":1792.0,"data_generator_V":-35.465618},{"data_generator_T":1796.0,"data_generator_V":-34.985516},{"data_generator_T":1800.0,"data_generator_V":-34.447071},{"data_generator_T":1804.0,"data_generator_V":-33.816948},{"data_generator_T":1808.0,"data_generator_V":-33.0187},{"data_generator_T":1812.0,"data_generator_V":-31.800741},{"data_generator_T":1816.0,"data_generator_V":-27.83197},{"data_generator_T":1820.0,"data_generator_V":-56.352802},{"data_generator_T":1824.0,"data_generator_V":-42.508293},{"data_generator_T":1828.0,"data_generator_V":-41.106129},{"data_generator_T":1832.0,"data_generator_V":-40.725498},{"data_generator_T":1836.0,"data_generator_V":-40.438087},{"data_generator_T":1840.0,"data_generator_V":-40.156441},{"data_generator_T":1844.0,"data_generator_V":-39.872166},{"data_generator_T":1848.0,"data_generator_V":-39.584061},{"data_generator_T":1852.0,"data_generator_V":-39.291542},{"data_generator_T":1856.0,"data_generator_V":-38.993999},{"data_generator_T":1860.0,"data_generator_V":-38.690723},{"data_generator_T":1864.0,"data_generator_V":-38.380882},{"data_generator_T":1868.0,"data_generator_V":-38.063469},{"data_generator_T":1872.0,"data_generator_V":-37.737259},{"data_generator_T":1876.0,"data_generator_V":-37.400738},{"data_generator_T":1880.0,"data_generator_V":-37.051987},{"data_generator_T":1884.0,"data_generator_V":-36.68853},{"data_generator_T":1888.0,"data_generator_V":-36.307083},{"data_generator_T":1892.0,"data_generator_V":-35.903103},{"data_generator_T":1896.0,"data_generator_V":-35.470074},{"data_generator_T":1900.0,"data_generator_V":-34.99802},{"data_generator_T":1904.0,"data_generator_V":-34.470463},{"data_generator_T":1908.0,"data_generator_V":-33.856758},{"data_generator_T":1912.0,"data_generator_V":-33.088497},{"data_generator_T":1916.0,"data_generator_V":-31.952675},{"data_generator_T":1920.0,"data_generator_V":-28.866091},{"data_generator_T":1924.0,"data_generator_V":-59.17403},{"data_generator_T":1928.0,"data_generator_V":-42.937286},{"data_generator_T":1932.0,"data_generator_V":-41.198612},{"data_generator_T":1936.0,"data_generator_V":-40.789627},{"data_generator_T":1940.0,"data_generator_V":-40.502846},{"data_generator_T":1944.0,"data_generator_V":-40.224648},{"data_generator_T":1948.0,"data_generator_V":-39.944286},{"data_generator_T":1952.0,"data_generator_V":-39.660385},{"data_generator_T":1956.0,"data_generator_V":-39.372368},{"data_generator_T":1960.0,"data_generator_V":-39.079685},{"data_generator_T":1964.0,"data_generator_V":-38.781681},{"data_generator_T":1968.0,"data_generator_V":-38.477604},{"data_generator_T":1972.0,"data_generator_V":-38.166538},{"data_generator_T":1976.0,"data_generator_V":-37.847397},{"data_generator_T":1980.0,"data_generator_V":-37.518829},{"data_generator_T":1984.0,"data_generator_V":-37.179153},{"data_generator_T":1988.0,"data_generator_V":-36.826225},{"data_generator_T":1992.0,"data_generator_V":-36.45723},{"data_generator_T":1996.0,"data_generator_V":-36.068367},{"data_generator_T":2000.0,"data_generator_V":-35.654305},{"data_generator_T":2004.0,"data_generator_V":-35.207142},{"data_generator_T":2008.0,"data_generator_V":-34.714394},{"data_generator_T":2012.0,"data_generator_V":-34.15432},{"data_generator_T":2016.0,"data_generator_V":-33.483257},{"data_generator_T":2020.0,"data_generator_V":-32.58987},{"data_generator_T":2024.0,"data_generator_V":-31.011093},{"data_generator_T":2028.0,"data_generator_V":21.937838},{"data_generator_T":2032.0,"data_generator_V":-47.161133},{"data_generator_T":2036.0,"data_generator_V":-41.720387},{"data_generator_T":2040.0,"data_generator_V":-40.984344},{"data_generator_T":2044.0,"data_generator_V":-40.671417},{"data_generator_T":2048.0,"data_generator_V":-40.395153},{"data_generator_T":2052.0,"data_generator_V":-40.11961},{"data_generator_T":2056.0,"data_generator_V":-39.841156},{"data_generator_T":2060.0,"data_generator_V":-39.559074},{"data_generator_T":2064.0,"data_generator_V":-39.272846},{"data_generator_T":2068.0,"data_generator_V":-38.981918},{"data_generator_T":2072.0,"data_generator_V":-38.685635},{"data_generator_T":2076.0,"data_generator_V":-38.383232},{"data_generator_T":2080.0,"data_generator_V":-38.073788},{"data_generator_T":2084.0,"data_generator_V":-37.756195},{"data_generator_T":2088.0,"data_generator_V":-37.429081},{"data_generator_T":2092.0,"data_generator_V":-37.090736},{"data_generator_T":2096.0,"data_generator_V":-36.738972},{"data_generator_T":2100.0,"data_generator_V":-36.370903},{"data_generator_T":2104.0,"data_generator_V":-35.982635},{"data_generator_T":2108.0,"data_generator_V":-35.568649},{"data_generator_T":2112.0,"data_generator_V":-35.120739},{"data_generator_T":2116.0,"data_generator_V":-34.625816},{"data_generator_T":2120.0,"data_generator_V":-34.060787},{"data_generator_T":2124.0,"data_generator_V":-33.378372},{"data_generator_T":2128.0,"data_generator_V":-32.453674},{"data_generator_T":2132.0,"data_generator_V":-30.72098},{"data_generator_T":2136.0,"data_generator_V":19.687092},{"data_generator_T":2140.0,"data_generator_V":-45.834846},{"data_generator_T":2144.0,"data_generator_V":-41.592503},{"data_generator_T":2148.0,"data_generator_V":-40.962273},{"data_generator_T":2152.0,"data_generator_V":-40.661697},{"data_generator_T":2156.0,"data_generator_V":-40.389122},{"data_generator_T":2160.0,"data_generator_V":-40.11657},{"data_generator_T":2164.0,"data_generator_V":-39.841156},{"data_generator_T":2168.0,"data_generator_V":-39.562237},{"data_generator_T":2172.0,"data_generator_V":-39.279335},{"data_generator_T":2176.0,"data_generator_V":-38.991913},{"data_generator_T":2180.0,"data_generator_V":-38.699348},{"data_generator_T":2184.0,"data_generator_V":-38.400909},{"data_generator_T":2188.0,"data_generator_V":-38.095734},{"data_generator_T":2192.0,"data_generator_V":-37.782761},{"data_generator_T":2196.0,"data_generator_V":-37.460712},{"data_generator_T":2200.0,"data_generator_V":-37.127983},{"data_generator_T":2204.0,"data_generator_V":-36.782536},{"data_generator_T":2208.0,"data_generator_V":-36.421703},{"data_generator_T":2212.0,"data_generator_V":-36.04192},{"data_generator_T":2216.0,"data_generator_V":-35.63818},{"data_generator_T":2220.0,"data_generator_V":-35.203159},{"data_generator_T":2224.0,"data_generator_V":-34.725395},{"data_generator_T":2228.0,"data_generator_V":-34.185246},{"data_generator_T":2232.0,"data_generator_V":-33.544243},{"data_generator_T":2236.0,"data_generator_V":-32.708569},{"data_generator_T":2240.0,"data_generator_V":-31.326841},{"data_generator_T":2244.0,"data_generator_V":-22.483234},{"data_generator_T":2248.0,"data_generator_V":-49.970169},{"data_generator_T":2252.0,"data_generator_V":-42.004601},{"data_generator_T":2256.0,"data_generator_V":-41.072811},{"data_generator_T":2260.0,"data_generator_V":-40.747334},{"data_generator_T":2264.0,"data_generator_V":-40.475712},{"data_generator_T":2268.0,"data_generator_V":-40.20665},{"data_generator_T":2272.0,"data_generator_V":-39.935181},{"data_generator_T":2276.0,"data_generator_V":-39.660492},{"data_generator_T":2280.0,"data_generator_V":-39.382126},{"data_generator_T":2284.0,"data_generator_V":-39.099594},{"data_generator_T":2288.0,"data_generator_V":-38.812332},{"data_generator_T":2292.0,"data_generator_V":-38.519684},{"data_generator_T":2296.0,"data_generator_V":-38.220867},{"data_generator_T":2300.0,"data_generator_V":-37.914955},{"data_generator_T":2304.0,"data_generator_V":-37.600811},{"data_generator_T":2308.0,"data_generator_V":-37.277042},{"data_generator_T":2312.0,"data_generator_V":-36.941902},{"data_generator_T":2316.0,"data_generator_V":-36.593128},{"data_generator_T":2320.0,"data_generator_V":-36.227757},{"data_generator_T":2324.0,"data_generator_V":-35.841728},{"data_generator_T":2328.0,"data_generator_V":-35.429279},{"data_generator_T":2332.0,"data_generator_V":-34.981739},{"data_generator_T":2336.0,"data_generator_V":-34.485073},{"data_generator_T":2340.0,"data_generator_V":-33.914062},{"data_generator_T":2344.0,"data_generator_V":-33.215416},{"data_generator_T":2348.0,"data_generator_V":-32.240189},{"data_generator_T":2352.0,"data_generator_V":-30.206882},{"data_generator_T":2356.0,"data_generator_V":5.5698566},{"data_generator_T":2360.0,"data_generator_V":-44.451691},{"data_generator_T":2364.0,"data_generator_V":-41.450706},{"data_generator_T":2368.0,"data_generator_V":-40.936691},{"data_generator_T":2372.0,"data_generator_V":-40.65155},{"data_generator_T":2376.0,"data_generator_V":-40.385201},{"data_generator_T":2380.0,"data_generator_V":-40.118214},{"data_generator_T":2384.0,"data_generator_V":-39.848507},{"data_generator_T":2388.0,"data_generator_V":-39.57555},{"data_generator_T":2392.0,"data_generator_V":-39.298904},{"data_generator_T":2396.0,"data_generator_V":-39.018078},{"data_generator_T":2400.0,"data_generator_V":-38.732502},{"data_generator_T":2404.0,"data_generator_V":-38.441525},{"data_generator_T":2408.0,"data_generator_V":-38.144352},{"data_generator_T":2412.0,"data_generator_V":-37.84005},{"data_generator_T":2416.0,"data_generator_V":-37.527473},{"data_generator_T":2420.0,"data_generator_V":-37.205212},{"data_generator_T":2424.0,"data_generator_V":-36.871494},{"data_generator_T":2428.0,"data_generator_V":-36.524036},{"data_generator_T":2432.0,"data_generator_V":-36.159813},{"data_generator_T":2436.0,"data_generator_V":-35.774689},{"data_generator_T":2440.0,"data_generator_V":-35.362755},{"data_generator_T":2444.0,"data_generator_V":-34.915089},{"data_generator_T":2448.0,"data_generator_V":-34.417137},{"data_generator_T":2452.0,"data_generator_V":-33.842484},{"data_generator_T":2456.0,"data_generator_V":-33.134354},{"data_generator_T":2460.0,"data_generator_V":-32.12907},{"data_generator_T":2464.0,"data_generator_V":-29.889465},{"data_generator_T":2468.0,"data_generator_V":-12.486272},{"data_generator_T":2472.0,"data_generator_V":-43.928265},{"data_generator_T":2476.0,"data_generator_V":-41.392944},{"data_generator_T":2480.0,"data_generator_V":-40.923885},{"data_generator_T":2484.0,"data_generator_V":-40.645},{"data_generator_T":2488.0,"data_generator_V":-40.381401},{"data_generator_T":2492.0,"data_generator_V":-40.116924},{"data_generator_T":2496.0,"data_generator_V":-39.8498},{"data_generator_T":2500.0,"data_generator_V":-39.579529},{"data_generator_T":2504.0,"data_generator_V":-39.305698},{"data_generator_T":2508.0,"data_generator_V":-39.027832},{"data_generator_T":2512.0,"data_generator_V":-38.745392},{"data_generator_T":2516.0,"data_generator_V":-38.457741},{"data_generator_T":2520.0,"data_generator_V":-38.164135},{"data_generator_T":2524.0,"data_generator_V":-37.863674},{"data_generator_T":2528.0,"data_generator_V":-37.555279},{"data_generator_T":2532.0,"data_generator_V":-37.237617},{"data_generator_T":2536.0,"data_generator_V":-36.909019},{"data_generator_T":2540.0,"data_generator_V":-36.567352},{"data_generator_T":2544.0,"data_generator_V":-36.209805},{"data_generator_T":2548.0,"data_generator_V":-35.832573},{"data_generator_T":2552.0,"data_generator_V":-35.430275},{"data_generator_T":2556.0,"data_generator_V":-34.994896},{"data_generator_T":2560.0,"data_generator_V":-34.51363},{"data_generator_T":2564.0,"data_generator_V":-33.963886},{"data_generator_T":2568.0,"data_generator_V":-33.299347},{"data_generator_T":2572.0,"data_generator_V":-32.397587},{"data_generator_T":2576.0,"data_generator_V":-30.705748},{"data_generator_T":2580.0,"data_generator_V":20.490746},{"data_generator_T":2584.0,"data_generator_V":-45.945721},{"data_generator_T":2588.0,"data_generator_V":-41.634571},{"data_generator_T":2592.0,"data_generator_V":-41.009098},{"data_generator_T":2596.0,"data_generator_V":-40.718407},{"data_generator_T":2600.0,"data_generator_V":-40.456394},{"data_generator_T":2604.0,"data_generator_V":-40.194866},{"data_generator_T":2608.0,"data_generator_V":-39.930988},{"data_generator_T":2612.0,"data_generator_V":-39.664188},{"data_generator_T":2616.0,"data_generator_V":-39.39407},{"data_generator_T":2620.0,"data_generator_V":-39.120193},{"data_generator_T":2624.0,"data_generator_V":-38.84206},{"data_generator_T":2628.0,"data_generator_V":-38.559093},{"data_generator_T":2632.0,"data_generator_V":-38.270611},{"data_generator_T":2636.0,"data_generator_V":-37.975803},{"data_generator_T":2640.0,"data_generator_V":-37.673702},{"data_generator_T":2644.0,"data_generator_V":-37.363117},{"data_generator_T":2648.0,"data_generator_V":-37.04258},{"data_generator_T":2652.0,"data_generator_V":-36.710228},{"data_generator_T":2656.0,"data_generator_V":-36.363655},{"data_generator_T":2660.0,"data_generator_V":-35.999645},{"data_generator_T":2664.0,"data_generator_V":-35.613762},{"data_generator_T":2668.0,"data_generator_V":-35.199585},{"data_generator_T":2672.0,"data_generator_V":-34.747246},{"data_generator_T":2676.0,"data_generator_V":-34.240299},{"data_generator_T":2680.0,"data_generator_V":-33.647827},{"data_generator_T":2684.0,"data_generator_V":-32.899609},{"data_generator_T":2688.0,"data_generator_V":-31.769966},{"data_generator_T":2692.0,"data_generator_V":-28.404129},{"data_generator_T":2696.0,"data_generator_V":-58.309422},{"data_generator_T":2700.0,"data_generator_V":-42.787823},{"data_generator_T":2704.0,"data_generator_V":-41.24556},{"data_generator_T":2708.0,"data_generator_V":-40.87254},{"data_generator_T":2712.0,"data_generator_V":-40.606064},{"data_generator_T":2716.0,"data_generator_V":-40.347332},{"data_generator_T":2720.0,"data_generator_V":-40.087151},{"data_generator_T":2724.0,"data_generator_V":-39.824394},{"data_generator_T":2728.0,"data_generator_V":-39.558647},{"data_generator_T":2732.0,"data_generator_V":-39.28952},{"data_generator_T":2736.0,"data_generator_V":-39.016567},{"data_generator_T":2740.0,"data_generator_V":-38.739281},{"data_generator_T":2744.0,"data_generator_V":-38.457062},{"data_generator_T":2748.0,"data_generator_V":-38.169216},{"data_generator_T":2752.0,"data_generator_V":-37.874908},{"data_generator_T":2756.0,"data_generator_V":-37.573135},{"data_generator_T":2760.0,"data_generator_V":-37.262672},{"data_generator_T":2764.0,"data_generator_V":-36.941986},{"data_generator_T":2768.0,"data_generator_V":-36.609142},{"data_generator_T":2772.0,"data_generator_V":-36.261604},{"data_generator_T":2776.0,"data_generator_V":-35.895988},{"data_generator_T":2780.0,"data_generator_V":-35.507565},{"data_generator_T":2784.0,"data_generator_V":-35.089424},{"data_generator_T":2788.0,"data_generator_V":-34.630817},{"data_generator_T":2792.0,"data_generator_V":-34.113441},{"data_generator_T":2796.0,"data_generator_V":-33.501862},{"data_generator_T":2800.0,"data_generator_V":-32.711433},{"data_generator_T":2804.0,"data_generator_V":-31.440208},{"data_generator_T":2808.0,"data_generator_V":-25.623581},{"data_generator_T":2812.0,"data_generator_V":-52.183678},{"data_generator_T":2816.0,"data_generator_V":-42.226353},{"data_generator_T":2820.0,"data_generator_V":-41.157803},{"data_generator_T":2824.0,"data_generator_V":-40.830521},{"data_generator_T":2828.0,"data_generator_V":-40.569714},{"data_generator_T":2832.0,"data_generator_V":-40.313038},{"data_generator_T":2836.0,"data_generator_V":-40.054615},{"data_generator_T":2840.0,"data_generator_V":-39.793629},{"data_generator_T":2844.0,"data_generator_V":-39.529694},{"data_generator_T":2848.0,"data_generator_V":-39.262428},{"data_generator_T":2852.0,"data_generator_V":-38.991394},{"data_generator_T":2856.0,"data_generator_V":-38.716095},{"data_generator_T":2860.0,"data_generator_V":-38.43594},{"data_generator_T":2864.0,"data_generator_V":-38.150249},{"data_generator_T":2868.0,"data_generator_V":-37.858204},{"data_generator_T":2872.0,"data_generator_V":-37.558819},{"data_generator_T":2876.0,"data_generator_V":-37.250893},{"data_generator_T":2880.0,"data_generator_V":-36.932938},{"data_generator_T":2884.0,"data_generator_V":-36.603058},{"data_generator_T":2888.0,"data_generator_V":-36.258793},{"data_generator_T":2892.0,"data_generator_V":-35.896851},{"data_generator_T":2896.0,"data_generator_V":-35.512657},{"data_generator_T":2900.0,"data_generator_V":-35.099556},{"data_generator_T":2904.0,"data_generator_V":-34.647247},{"data_generator_T":2908.0,"data_generator_V":-34.138332},{"data_generator_T":2912.0,"data_generator_V":-33.539547},{"data_generator_T":2916.0,"data_generator_V":-32.773102},{"data_generator_T":2920.0,"data_generator_V":-31.573872},{"data_generator_T":2924.0,"data_generator_V":-27.151894},{"data_generator_T":2928.0,"data_generator_V":-54.722084},{"data_generator_T":2932.0,"data_generator_V":-42.443657},{"data_generator_T":2936.0,"data_generator_V":-41.202747},{"data_generator_T":2940.0,"data_generator_V":-40.861282},{"data_generator_T":2944.0,"data_generator_V":-40.601051},{"data_generator_T":2948.0,"data_generator_V":-40.346367},{"data_generator_T":2952.0,"data_generator_V":-40.090157},{"data_generator_T":2956.0,"data_generator_V":-39.831505},{"data_generator_T":2960.0,"data_generator_V":-39.570038},{"data_generator_T":2964.0,"data_generator_V":-39.305389},{"data_generator_T":2968.0,"data_generator_V":-39.037144},{"data_generator_T":2972.0,"data_generator_V":-38.764824},{"data_generator_T":2976.0,"data_generator_V":-38.487877},{"data_generator_T":2980.0,"data_generator_V":-38.205662},{"data_generator_T":2984.0,"data_generator_V":-37.917408},{"data_generator_T":2988.0,"data_generator_V":-37.6222},{"data_generator_T":2992.0,"data_generator_V":-37.318916},{"data_generator_T":2996.0,"data_generator_V":-37.006184},{"data_generator_T":3000.0,"data_generator_V":-36.682262},{"data_generator_T":3004.0,"data_generator_V":-36.344913},{"data_generator_T":3008.0,"data_generator_V":-35.991173},{"data_generator_T":3012.0,"data_generator_V":-35.616978},{"data_generator_T":3016.0,"data_generator_V":-35.216507},{"data_generator_T":3020.0,"data_generator_V":-34.780964},{"data_generator_T":3024.0,"data_generator_V":-34.295944},{"data_generator_T":3028.0,"data_generator_V":-33.735188},{"data_generator_T":3032.0,"data_generator_V":-33.04192},{"data_generator_T":3036.0,"data_generator_V":-32.050812},{"data_generator_T":3040.0,"data_generator_V":-29.793402},{"data_generator_T":3044.0,"data_generator_V":-20.314594},{"data_generator_T":3048.0,"data_generator_V":-43.854012},{"data_generator_T":3052.0,"data_generator_V":-41.413025},{"data_generator_T":3056.0,"data_generator_V":-40.962402},{"data_generator_T":3060.0,"data_generator_V":-40.694397},{"data_generator_T":3064.0,"data_generator_V":-40.44125},{"data_generator_T":3068.0,"data_generator_V":-40.187561},{"data_generator_T":3072.0,"data_generator_V":-39.931686},{"data_generator_T":3076.0,"data_generator_V":-39.673203},{"data_generator_T":3080.0,"data_generator_V":-39.411758},{"data_generator_T":3084.0,"data_generator_V":-39.146976},{"data_generator_T":3088.0,"data_generator_V":-38.878414},{"data_generator_T":3092.0,"data_generator_V":-38.605572},{"data_generator_T":3096.0,"data_generator_V":-38.327862},{"data_generator_T":3100.0,"data_generator_V":-38.044586},{"data_generator_T":3104.0,"data_generator_V":-37.754929},{"data_generator_T":3108.0,"data_generator_V":-37.45789},{"data_generator_T":3112.0,"data_generator_V":-37.152256},{"data_generator_T":3116.0,"data_generator_V":-36.836514},{"data_generator_T":3120.0,"data_generator_V":-36.508739},{"data_generator_T":3124.0,"data_generator_V":-36.166424},{"data_generator_T":3128.0,"data_generator_V":-35.806198},{"data_generator_T":3132.0,"data_generator_V":-35.423355},{"data_generator_T":3136.0,"data_generator_V":-35.011021},{"data_generator_T":3140.0,"data_generator_V":-34.558453},{"data_generator_T":3144.0,"data_generator_V":-34.047321},{"data_generator_T":3148.0,"data_generator_V":-33.441978},{"data_generator_T":3152.0,"data_generator_V":-32.6567},{"data_generator_T":3156.0,"data_generator_V":-31.381578},{"data_generator_T":3160.0,"data_generator_V":-25.142733},{"data_generator_T":3164.0,"data_generator_V":-51.682087},{"data_generator_T":3168.0,"data_generator_V":-42.196247},{"data_generator_T":3172.0,"data_generator_V":-41.169067},{"data_generator_T":3176.0,"data_generator_V":-40.850388},{"data_generator_T":3180.0,"data_generator_V":-40.595119},{"data_generator_T":3184.0,"data_generator_V":-40.343872},{"data_generator_T":3188.0,"data_generator_V":-40.091061},{"data_generator_T":3192.0,"data_generator_V":-39.835926},{"data_generator_T":3196.0,"data_generator_V":-39.578121},{"data_generator_T":3200.0,"data_generator_V":-39.317295},{"data_generator_T":3204.0,"data_generator_V":-39.053059},{"data_generator_T":3208.0,"data_generator_V":-38.784966},{"data_generator_T":3212.0,"data_generator_V":-38.512497},{"data_generator_T":3216.0,"data_generator_V":-38.235046},{"data_generator_T":3220.0,"data_generator_V":-37.951904},{"data_generator_T":3224.0,"data_generator_V":-37.662216},{"data_generator_T":3228.0,"data_generator_V":-37.364952},{"data_generator_T":3232.0,"data_generator_V":-37.058849},{"data_generator_T":3236.0,"data_generator_V":-36.742329},{"data_generator_T":3240.0,"data_generator_V":-36.413368},{"data_generator_T":3244.0,"data_generator_V":-36.069321},{"data_generator_T":3248.0,"data_generator_V":-35.706604},{"data_generator_T":3252.0,"data_generator_V":-35.320179},{"data_generator_T":3256.0,"data_generator_V":-34.902576},{"data_generator_T":3260.0,"data_generator_V":-34.441956},{"data_generator_T":3264.0,"data_generator_V":-33.917641},{"data_generator_T":3268.0,"data_generator_V":-33.287987},{"data_generator_T":3272.0,"data_generator_V":-32.446522},{"data_generator_T":3276.0,"data_generator_V":-30.951679},{"data_generator_T":3280.0,"data_generator_V":14.115104},{"data_generator_T":3284.0,"data_generator_V":-47.454014},{"data_generator_T":3288.0,"data_generator_V":-41.82037},{"data_generator_T":3292.0,"data_generator_V":-41.094864},{"data_generator_T":3296.0,"data_generator_V":-40.805107},{"data_generator_T":3300.0,"data_generator_V":-40.553497},{"data_generator_T":3304.0,"data_generator_V":-40.303635},{"data_generator_T":3308.0,"data_generator_V":-40.05201},{"data_generator_T":3312.0,"data_generator_V":-39.79805},{"data_generator_T":3316.0,"data_generator_V":-39.541435},{"data_generator_T":3320.0,"data_generator_V":-39.281815},{"data_generator_T":3324.0,"data_generator_V":-39.018803},{"data_generator_T":3328.0,"data_generator_V":-38.751953},{"data_generator_T":3332.0,"data_generator_V":-38.480751},{"data_generator_T":3336.0,"data_generator_V":-38.204594},{"data_generator_T":3340.0,"data_generator_V":-37.922771},{"data_generator_T":3344.0,"data_generator_V":-37.634441},{"data_generator_T":3348.0,"data_generator_V":-37.338573},{"data_generator_T":3352.0,"data_generator_V":-37.033916},{"data_generator_T":3356.0,"data_generator_V":-36.718891},{"data_generator_T":3360.0,"data_generator_V":-36.391499},{"data_generator_T":3364.0,"data_generator_V":-36.049107},{"data_generator_T":3368.0,"data_generator_V":-35.688148},{"data_generator_T":3372.0,"data_generator_V":-35.303627},{"data_generator_T":3376.0,"data_generator_V":-34.888119},{"data_generator_T":3380.0,"data_generator_V":-34.429871},{"data_generator_T":3384.0,"data_generator_V":-33.908379},{"data_generator_T":3388.0,"data_generator_V":-33.282394},{"data_generator_T":3392.0,"data_generator_V":-32.446709},{"data_generator_T":3396.0,"data_generator_V":-30.967785},{"data_generator_T":3400.0,"data_generator_V":7.8007307},{"data_generator_T":3404.0,"data_generator_V":-47.603615},{"data_generator_T":3408.0,"data_generator_V":-41.837276},{"data_generator_T":3412.0,"data_generator_V":-41.102245},{"data_generator_T":3416.0,"data_generator_V":-40.812862},{"data_generator_T":3420.0,"data_generator_V":-40.562557},{"data_generator_T":3424.0,"data_generator_V":-40.314125},{"data_generator_T":3428.0,"data_generator_V":-40.063999},{"data_generator_T":3432.0,"data_generator_V":-39.811607},{"data_generator_T":3436.0,"data_generator_V":-39.556629},{"data_generator_T":3440.0,"data_generator_V":-39.298733},{"data_generator_T":3444.0,"data_generator_V":-39.037537},{"data_generator_T":3448.0,"data_generator_V":-38.77261},{"data_generator_T":3452.0,"data_generator_V":-38.503456},{"data_generator_T":3456.0,"data_generator_V":-38.229496},{"data_generator_T":3460.0,"data_generator_V":-37.950043},{"data_generator_T":3464.0,"data_generator_V":-37.664284},{"data_generator_T":3468.0,"data_generator_V":-37.371239},{"data_generator_T":3472.0,"data_generator_V":-37.06971},{"data_generator_T":3476.0,"data_generator_V":-36.758198},{"data_generator_T":3480.0,"data_generator_V":-36.434799},{"data_generator_T":3484.0,"data_generator_V":-36.097042},{"data_generator_T":3488.0,"data_generator_V":-35.741592},{"data_generator_T":3492.0,"data_generator_V":-35.363808},{"data_generator_T":3496.0,"data_generator_V":-34.956882},{"data_generator_T":3500.0,"data_generator_V":-34.510204},{"data_generator_T":3504.0,"data_generator_V":-34.005642},{"data_generator_T":3508.0,"data_generator_V":-33.407948},{"data_generator_T":3512.0,"data_generator_V":-32.632359},{"data_generator_T":3516.0,"data_generator_V":-31.37307},{"data_generator_T":3520.0,"data_generator_V":-25.310507},{"data_generator_T":3524.0,"data_generator_V":-51.859077},{"data_generator_T":3528.0,"data_generator_V":-42.220261},{"data_generator_T":3532.0,"data_generator_V":-41.18642},{"data_generator_T":3536.0,"data_generator_V":-40.870911},{"data_generator_T":3540.0,"data_generator_V":-40.61972},{"data_generator_T":3544.0,"data_generator_V":-40.372757},{"data_generator_T":3548.0,"data_generator_V":-40.124401},{"data_generator_T":3552.0,"data_generator_V":-39.873913},{"data_generator_T":3556.0,"data_generator_V":-39.620968},{"data_generator_T":3560.0,"data_generator_V":-39.365242},{"data_generator_T":3564.0,"data_generator_V":-39.10638},{"data_generator_T":3568.0,"data_generator_V":-38.843975},{"data_generator_T":3572.0,"data_generator_V":-38.577557},{"data_generator_T":3576.0,"data_generator_V":-38.306583},{"data_generator_T":3580.0,"data_generator_V":-38.030411},{"data_generator_T":3584.0,"data_generator_V":-37.748283},{"data_generator_T":3588.0,"data_generator_V":-37.459297},{"data_generator_T":3592.0,"data_generator_V":-37.162342},{"data_generator_T":3596.0,"data_generator_V":-36.856052},{"data_generator_T":3600.0,"data_generator_V":-36.538708},{"data_generator_T":3604.0,"data_generator_V":-36.20808},{"data_generator_T":3608.0,"data_generator_V":-35.861225},{"data_generator_T":3612.0,"data_generator_V":-35.49408},{"data_generator_T":3616.0,"data_generator_V":-35.100834},{"data_generator_T":3620.0,"data_generator_V":-34.672642},{"data_generator_T":3624.0,"data_generator_V":-34.194973},{"data_generator_T":3628.0,"data_generator_V":-33.641125},{"data_generator_T":3632.0,"data_generator_V":-32.952713},{"data_generator_T":3636.0,"data_generator_V":-31.956276},{"data_generator_T":3640.0,"data_generator_V":-29.576813},{"data_generator_T":3644.0,"data_generator_V":-41.986164},{"data_generator_T":3648.0,"data_generator_V":-43.627953},{"data_generator_T":3652.0,"data_generator_V":-41.406044},{"data_generator_T":3656.0,"data_generator_V":-40.982204},{"data_generator_T":3660.0,"data_generator_V":-40.722866},{"data_generator_T":3664.0,"data_generator_V":-40.476891},{"data_generator_T":3668.0,"data_generator_V":-40.230476},{"data_generator_T":3672.0,"data_generator_V":-39.982155},{"data_generator_T":3676.0,"data_generator_V":-39.731548},{"data_generator_T":3680.0,"data_generator_V":-39.478355},{"data_generator_T":3684.0,"data_generator_V":-39.222244},{"data_generator_T":3688.0,"data_generator_V":-38.962837},{"data_generator_T":3692.0,"data_generator_V":-38.699699},{"data_generator_T":3696.0,"data_generator_V":-38.432335},{"data_generator_T":3700.0,"data_generator_V":-38.160164},{"data_generator_T":3704.0,"data_generator_V":-37.882496},{"data_generator_T":3708.0,"data_generator_V":-37.598522},{"data_generator_T":3712.0,"data_generator_V":-37.307251},{"data_generator_T":3716.0,"data_generator_V":-37.007481},{"data_generator_T":3720.0,"data_generator_V":-36.697708},{"data_generator_T":3724.0,"data_generator_V":-36.376015},{"data_generator_T":3728.0,"data_generator_V":-36.039902},{"data_generator_T":3732.0,"data_generator_V":-35.686008},{"data_generator_T":3736.0,"data_generator_V":-35.309624},{"data_generator_T":3740.0,"data_generator_V":-34.903839},{"data_generator_T":3744.0,"data_generator_V":-34.457813},{"data_generator_T":3748.0,"data_generator_V":-33.952942},{"data_generator_T":3752.0,"data_generator_V":-33.352703},{"data_generator_T":3756.0,"data_generator_V":-32.567921},{"data_generator_T":3760.0,"data_generator_V":-31.266212},{"data_generator_T":3764.0,"data_generator_V":-23.603426},{"data_generator_T":3768.0,"data_generator_V":-50.53904},{"data_generator_T":3772.0,"data_generator_V":-42.113544},{"data_generator_T":3776.0,"data_generator_V":-41.173534},{"data_generator_T":3780.0,"data_generator_V":-40.868683},{"data_generator_T":3784.0,"data_generator_V":-40.620438},{"data_generator_T":3788.0,"data_generator_V":-40.375782},{"data_generator_T":3792.0,"data_generator_V":-40.129749},{"data_generator_T":3796.0,"data_generator_V":-39.88166},{"data_generator_T":3800.0,"data_generator_V":-39.63121},{"data_generator_T":3804.0,"data_generator_V":-39.378094},{"data_generator_T":3808.0,"data_generator_V":-39.121964},{"data_generator_T":3812.0,"data_generator_V":-38.862434},{"data_generator_T":3816.0,"data_generator_V":-38.599056},{"data_generator_T":3820.0,"data_generator_V":-38.331306},{"data_generator_T":3824.0,"data_generator_V":-38.058586},{"data_generator_T":3828.0,"data_generator_V":-37.78017},{"data_generator_T":3832.0,"data_generator_V":-37.495209},{"data_generator_T":3836.0,"data_generator_V":-37.20266},{"data_generator_T":3840.0,"data_generator_V":-36.901253},{"data_generator_T":3844.0,"data_generator_V":-36.589378},{"data_generator_T":3848.0,"data_generator_V":-36.264988},{"data_generator_T":3852.0,"data_generator_V":-35.925381},{"data_generator_T":3856.0,"data_generator_V":-35.566883},{"data_generator_T":3860.0,"data_generator_V":-35.184296},{"data_generator_T":3864.0,"data_generator_V":-34.769848},{"data_generator_T":3868.0,"data_generator_V":-34.311092},{"data_generator_T":3872.0,"data_generator_V":-33.785934},{"data_generator_T":3876.0,"data_generator_V":-33.148792},{"data_generator_T":3880.0,"data_generator_V":-32.278038},{"data_generator_T":3884.0,"data_generator_V":-30.615564},{"data_generator_T":3888.0,"data_generator_V":19.650932},{"data_generator_T":3892.0,"data_generator_V":-45.864334},{"data_generator_T":3896.0,"data_generator_V":-41.674316},{"data_generator_T":3900.0,"data_generator_V":-41.076801},{"data_generator_T":3904.0,"data_generator_V":-40.80394},{"data_generator_T":3908.0,"data_generator_V":-40.55909},{"data_generator_T":3912.0,"data_generator_V":-40.315239},{"data_generator_T":3916.0,"data_generator_V":-40.069752},{"data_generator_T":3920.0,"data_generator_V":-39.822166},{"data_generator_T":3924.0,"data_generator_V":-39.572182},{"data_generator_T":3928.0,"data_generator_V":-39.3195},{"data_generator_T":3932.0,"data_generator_V":-39.063766},{"data_generator_T":3936.0,"data_generator_V":-38.804588},{"data_generator_T":3940.0,"data_generator_V":-38.541512},{"data_generator_T":3944.0,"data_generator_V":-38.274006},{"data_generator_T":3948.0,"data_generator_V":-38.001453},{"data_generator_T":3952.0,"data_generator_V":-37.723129},{"data_generator_T":3956.0,"data_generator_V":-37.438152},{"data_generator_T":3960.0,"data_generator_V":-37.145466},{"data_generator_T":3964.0,"data_generator_V":-36.843758},{"data_generator_T":3968.0,"data_generator_V":-36.531384},{"data_generator_T":3972.0,"data_generator_V":-36.206226},{"data_generator_T":3976.0,"data_generator_V":-35.86549},{"data_generator_T":3980.0,"data_generator_V":-35.505356},{"data_generator_T":3984.0,"data_generator_V":-35.12038},{"data_generator_T":3988.0,"data_generator_V":-34.702374},{"data_generator_T":3992.0,"data_generator_V":-34.238056},{"data_generator_T":3996.0,"data_generator_V":-33.703495},{"data_generator_T":4000.0,"data_generator_V":-33.04805}]