[{"data_set_value_component_environment_variable_time":0.0,"data_set_value_component_Ca_variable_Ca":0.05,"data_set_value_component_ATP_variable_ATP":8000.0,"data_set_value_component_CaATP_variable_CaATP":1.0,"data_set_value_component_reaction_constants_variable_k1":15660000.0,"data_set_value_component_reaction_constants_variable_k1_":34461.0},{"data_set_value_component_environment_variable_time":0.1,"data_set_value_component_Ca_variable_Ca":0.0000002888,"data_set_value_component_ATP_variable_ATP":7999.9500002888,"data_set_value_component_CaATP_variable_CaATP":1.0499997112,"data_set_value_component_reaction_constants_variable_k1":15660000.0,"data_set_value_component_reaction_constants_variable_k1_":34461.0},{"data_set_value_component_environment_variable_time":0.2,"data_set_value_component_Ca_variable_Ca":0.0000002888,"data_set_value_component_ATP_variable_ATP":7999.9500002888,"data_set_value_component_CaATP_variable_CaATP":1.0499997112,"data_set_value_component_reaction_constants_variable_k1":15660000.0,"data_set_value_component_reaction_constants_variable_k1_":34461.0},{"data_set_value_component_environment_variable_time":0.3,"data_set_value_component_Ca_variable_Ca":0.0000002888,"data_set_value_component_ATP_variable_ATP":7999.9500002888,"data_set_value_component_CaATP_variable_CaATP":1.0499997112,"data_set_value_component_reaction_constants_variable_k1":15660000.0,"data_set_value_component_reaction_constants_variable_k1_":34461.0},{"data_set_value_component_environment_variable_time":0.4,"data_set_value_component_Ca_variable_Ca":0.0000002888,"data_set_value_component_ATP_variable_ATP":7999.9500002888,"data_set_value_component_CaATP_variable_CaATP":1.0499997112,"data_set_value_component_reaction_constants_variable_k1":15660000.0,"data_set_value_component_reaction_constants_variable_k1_":34461.0},{"data_set_value_component_environment_variable_time":0.5,"data_set_value_component_Ca_variable_Ca":0.0000002888,"data_set_value_component_ATP_variable_ATP":7999.9500002888,"data_set_value_component_CaATP_variable_CaATP":1.0499997112,"data_set_value_component_reaction_constants_variable_k1":15660000.0,"data_set_value_component_reaction_constants_variable_k1_":34461.0},{"data_set_value_component_environment_variable_time":0.6,"data_set_value_component_Ca_variable_Ca":0.0000002888,"data_set_value_component_ATP_variable_ATP":7999.9500002888,"data_set_value_component_CaATP_variable_CaATP":1.0499997112,"data_set_value_component_reaction_constants_variable_k1":15660000.0,"data_set_value_component_reaction_constants_variable_k1_":34461.0},{"data_set_value_component_environment_variable_time":0.7,"data_set_value_component_Ca_variable_Ca":0.0000002888,"data_set_value_component_ATP_variable_ATP":7999.9500002888,"data_set_value_component_CaATP_variable_CaATP":1.0499997112,"data_set_value_component_reaction_constants_variable_k1":15660000.0,"data_set_value_component_reaction_constants_variable_k1_":34461.0},{"data_set_value_component_environment_variable_time":0.8,"data_set_value_component_Ca_variable_Ca":0.0000002888,"data_set_value_component_ATP_variable_ATP":7999.9500002888,"data_set_value_component_CaATP_variable_CaATP":1.0499997112,"data_set_value_component_reaction_constants_variable_k1":15660000.0,"data_set_value_component_reaction_constants_variable_k1_":34461.0},{"data_set_value_component_environment_variable_time":0.9,"data_set_value_component_Ca_variable_Ca":0.0000002888,"data_set_value_component_ATP_variable_ATP":7999.9500002888,"data_set_value_component_CaATP_variable_CaATP":1.0499997112,"data_set_value_component_reaction_constants_variable_k1":15660000.0,"data_set_value_component_reaction_constants_variable_k1_":34461.0},{"data_set_value_component_environment_variable_time":1.0,"data_set_value_component_Ca_variable_Ca":0.0000002888,"data_set_value_component_ATP_variable_ATP":7999.9500002888,"data_set_value_component_CaATP_variable_CaATP":1.0499997112,"data_set_value_component_reaction_constants_variable_k1":15660000.0,"data_set_value_component_reaction_constants_variable_k1_":34461.0}]