[{"file": "simulation_3.sedml"}, {"file": "clancy_rudy_2002_2.png"}, {"file": "simulation_1.sedml"}, {"file": "clancy_rudy_2002_1.png"}, {"file": "simulation_5.sedml"}, {"file": "report.csv"}, {"file": "simulation_0.sedml"}, {"file": "clancy_rudy_2002_WT_Endo_seconds_flooristim.cellml"}, {"file": "simulation_2.sedml"}, {"file": "clancy_rudy_2002_1.ai"}, {"file": "simulation_4.sedml"}, {"file": "cell_diagram.gif"}, {"file": "Clancy_Rudy_Mutations.pdf"}, {"file": "clancy_rudy_2002_2.ai"}, {"file": "CR.RTF"}, {"file": "clancy_rudy_2002_INa1795insD_Endo_seconds_flooristim.cellml"}, {"file": "clancy_rudy_2002_INa1795insD_Epi_seconds_flooristim.cellml"}, {"file": "clancy_rudy_2002_WT_Mcell_seconds_flooristim.cellml"}, {"file": "clancy_rudy_2002_INa1795insD_Mcell_seconds_flooristim.cellml"}, {"file": "clancy_2002b.png"}, {"file": "clancy_2002a.png"}, {"file": "clancy_rudy_2002.cellml"}]