[{"data_set_value_component_environment_variable_time":0.0,"data_set_value_component_membrane_variable_V":-61.0,"data_set_value_component_membrane_variable_Cm":6158.0,"data_set_value_component_K_current_variable_i_K":17.55,"data_set_value_component_K_current_variable_V_K":-70.0,"data_set_value_component_K_current_variable_g_K":3900.0,"data_set_value_component_K_channel_n_gate_variable_n":0.0005,"data_set_value_component_K_channel_n_gate_variable_n_infinity":0.0004679567,"data_set_value_component_K_channel_n_gate_variable_tau_n":9.0857462734,"data_set_value_component_K_channel_n_gate_variable_Vn":-15.0,"data_set_value_component_K_channel_n_gate_variable_Sn":6.0,"data_set_value_component_K_channel_n_gate_variable_lambda_n":1.85,"data_set_value_component_K_ATP_current_variable_i_K_ATP":1350.0,"data_set_value_component_K_ATP_current_variable_g_K_ATP":150.0,"data_set_value_component_fast_Ca_current_variable_i_Ca_f":-548.7020358916,"data_set_value_component_fast_Ca_current_variable_V_Ca":100.0,"data_set_value_component_fast_Ca_current_variable_g_Ca_f":810.0,"data_set_value_component_fast_Ca_channel_m_gate_variable_m_f_infinity":0.004207515,"data_set_value_component_fast_Ca_channel_m_gate_variable_Vm_f":-20.0,"data_set_value_component_fast_Ca_channel_m_gate_variable_Sm_f":7.5,"data_set_value_component_slow_Ca_current_variable_i_Ca_s":-793.8813162702,"data_set_value_component_slow_Ca_current_variable_g_Ca_s":510.0,"data_set_value_component_slow_Ca_channel_m_gate_variable_m_s_infinity":0.0109869426,"data_set_value_component_slow_Ca_channel_m_gate_variable_Vm_s":-16.0,"data_set_value_component_slow_Ca_channel_m_gate_variable_Sm_s":10.0,"data_set_value_component_slow_Ca_channel_j_gate_variable_jm":0.12,"data_set_value_component_slow_Ca_channel_j_gate_variable_j":0.88,"data_set_value_component_slow_Ca_channel_j_gate_variable_jm_infinity":0.01798621,"data_set_value_component_slow_Ca_channel_j_gate_variable_Vj":-53.0,"data_set_value_component_slow_Ca_channel_j_gate_variable_tau_j":8145.055720852,"data_set_value_component_slow_Ca_channel_j_gate_variable_Sj":2.0,"data_set_value_component_Ca_current_total_variable_i_Ca":-1342.5833521618,"data_set_value_component_K_Ca_current_variable_i_K_Ca":3.4548944338,"data_set_value_component_K_Ca_current_variable_g_K_Ca":1200.0,"data_set_value_component_K_Ca_current_variable_kdkca":0.55,"data_set_value_component_CRAC_current_variable_i_CRAC":-11.3122509416,"data_set_value_component_CRAC_current_variable_g_CRAC":75.0,"data_set_value_component_CRAC_current_variable_V_CRAC":0.0,"data_set_value_component_CRAC_r_gate_variable_r_infinity":0.0024726232,"data_set_value_component_CRAC_r_gate_variable_Ca_er_bar":3.0,"data_set_value_component_leak_current_variable_i_leak":0.0,"data_set_value_component_leak_current_variable_g_leak":0.0,"data_set_value_component_ER_parameters_variable_J_er_p":0.1314027149,"data_set_value_component_ER_parameters_variable_IP3":0.0,"data_set_value_component_ER_parameters_variable_kerp":0.1,"data_set_value_component_ER_parameters_variable_verp":0.24,"data_set_value_component_ER_parameters_variable_dact":0.1,"data_set_value_component_ER_parameters_variable_dinh":0.4,"data_set_value_component_ER_parameters_variable_dip3":0.2,"data_set_value_component_ER_parameters_variable_a_infinity":0.5238095238,"data_set_value_component_ER_parameters_variable_b_infinity":0.0,"data_set_value_component_ER_parameters_variable_h_infinity":0.7843137255,"data_set_value_component_ER_parameters_variable_O":0.0,"data_set_value_component_Ca_equations_variable_Ca_er":9.0,"data_set_value_component_Ca_equations_variable_Ca_i":0.11,"data_set_value_component_Ca_equations_variable_J_er_tot":0.0463972851,"data_set_value_component_Ca_equations_variable_J_er_IP3":0.0,"data_set_value_component_Ca_equations_variable_J_er_leak":0.1778,"data_set_value_component_Ca_equations_variable_perl":0.02,"data_set_value_component_Ca_equations_variable_lambda_er":250.0,"data_set_value_component_Ca_equations_variable_sigma_er":5.0,"data_set_value_component_Ca_membrane_flux_variable_k_Ca":0.07,"data_set_value_component_Ca_membrane_flux_variable_gamma":0.000003607,"data_set_value_component_Ca_membrane_flux_variable_J_mem_tot":-0.000028573,"data_set_value_component_Ca_membrane_flux_variable_f":0.01},{"data_set_value_component_environment_variable_time":0.1,"data_set_value_component_membrane_variable_V":-61.0002773683,"data_set_value_component_membrane_variable_Cm":6158.0,"data_set_value_component_K_current_variable_i_K":17.527095412,"data_set_value_component_K_current_variable_V_K":-70.0,"data_set_value_component_K_current_variable_g_K":3900.0,"data_set_value_component_K_channel_n_gate_variable_n":0.0004993628,"data_set_value_component_K_channel_n_gate_variable_n_infinity":0.0004679351,"data_set_value_component_K_channel_n_gate_variable_tau_n":9.0857464699,"data_set_value_component_K_channel_n_gate_variable_Vn":-15.0,"data_set_value_component_K_channel_n_gate_variable_Sn":6.0,"data_set_value_component_K_channel_n_gate_variable_lambda_n":1.85,"data_set_value_component_K_ATP_current_variable_i_K_ATP":1349.9583947493,"data_set_value_component_K_ATP_current_variable_g_K_ATP":150.0,"data_set_value_component_fast_Ca_current_variable_i_Ca_f":-548.6827745602,"data_set_value_component_fast_Ca_current_variable_V_Ca":100.0,"data_set_value_component_fast_Ca_current_variable_g_Ca_f":810.0,"data_set_value_component_fast_Ca_channel_m_gate_variable_m_f_infinity":0.0042073601,"data_set_value_component_fast_Ca_channel_m_gate_variable_Vm_f":-20.0,"data_set_value_component_fast_Ca_channel_m_gate_variable_Sm_f":7.5,"data_set_value_component_slow_Ca_current_variable_i_Ca_s":-793.862036348,"data_set_value_component_slow_Ca_current_variable_g_Ca_s":510.0,"data_set_value_component_slow_Ca_channel_m_gate_variable_m_s_infinity":0.0109866412,"data_set_value_component_slow_Ca_channel_m_gate_variable_Vm_s":-16.0,"data_set_value_component_slow_Ca_channel_m_gate_variable_Sm_s":10.0,"data_set_value_component_slow_Ca_channel_j_gate_variable_jm":0.1199987474,"data_set_value_component_slow_Ca_channel_j_gate_variable_j":0.8800012526,"data_set_value_component_slow_Ca_channel_j_gate_variable_jm_infinity":0.0179837606,"data_set_value_component_slow_Ca_channel_j_gate_variable_Vj":-53.0,"data_set_value_component_slow_Ca_channel_j_gate_variable_tau_j":8144.6115279993,"data_set_value_component_slow_Ca_channel_j_gate_variable_Sj":2.0,"data_set_value_component_Ca_current_total_variable_i_Ca":-1342.5448109082,"data_set_value_component_K_Ca_current_variable_i_K_Ca":3.4572519986,"data_set_value_component_K_Ca_current_variable_g_K_Ca":1200.0,"data_set_value_component_K_Ca_current_variable_kdkca":0.55,"data_set_value_component_CRAC_current_variable_i_CRAC":-11.3123442443,"data_set_value_component_CRAC_current_variable_g_CRAC":75.0,"data_set_value_component_CRAC_current_variable_V_CRAC":0.0,"data_set_value_component_CRAC_r_gate_variable_r_infinity":0.0024726323,"data_set_value_component_CRAC_r_gate_variable_Ca_er_bar":3.0,"data_set_value_component_leak_current_variable_i_leak":0.0,"data_set_value_component_leak_current_variable_g_leak":0.0,"data_set_value_component_ER_parameters_variable_J_er_p":0.1314196769,"data_set_value_component_ER_parameters_variable_IP3":0.0,"data_set_value_component_ER_parameters_variable_kerp":0.1,"data_set_value_component_ER_parameters_variable_verp":0.24,"data_set_value_component_ER_parameters_variable_dact":0.1,"data_set_value_component_ER_parameters_variable_dinh":0.4,"data_set_value_component_ER_parameters_variable_dip3":0.2,"data_set_value_component_ER_parameters_variable_a_infinity":0.5238451028,"data_set_value_component_ER_parameters_variable_b_infinity":0.0,"data_set_value_component_ER_parameters_variable_h_infinity":0.7842895948,"data_set_value_component_ER_parameters_variable_O":0.0,"data_set_value_component_Ca_equations_variable_Ca_er":8.9999962899,"data_set_value_component_Ca_equations_variable_Ca_i":0.1100156915,"data_set_value_component_Ca_equations_variable_J_er_tot":0.046379935,"data_set_value_component_Ca_equations_variable_J_er_IP3":0.0,"data_set_value_component_Ca_equations_variable_J_er_leak":0.177799612,"data_set_value_component_Ca_equations_variable_perl":0.02,"data_set_value_component_Ca_equations_variable_lambda_er":250.0,"data_set_value_component_Ca_equations_variable_sigma_er":5.0,"data_set_value_component_Ca_membrane_flux_variable_k_Ca":0.07,"data_set_value_component_Ca_membrane_flux_variable_gamma":0.000003607,"data_set_value_component_Ca_membrane_flux_variable_J_mem_tot":-0.0000285854,"data_set_value_component_Ca_membrane_flux_variable_f":0.01},{"data_set_value_component_environment_variable_time":0.2,"data_set_value_component_membrane_variable_V":-61.000554354,"data_set_value_component_membrane_variable_Cm":6158.0,"data_set_value_component_K_current_variable_i_K":17.5046293457,"data_set_value_component_K_current_variable_V_K":-70.0,"data_set_value_component_K_current_variable_g_K":3900.0,"data_set_value_component_K_channel_n_gate_variable_n":0.0004987381,"data_set_value_component_K_channel_n_gate_variable_n_infinity":0.0004679135,"data_set_value_component_K_channel_n_gate_variable_tau_n":9.0857466662,"data_set_value_component_K_channel_n_gate_variable_Vn":-15.0,"data_set_value_component_K_channel_n_gate_variable_Sn":6.0,"data_set_value_component_K_channel_n_gate_variable_lambda_n":1.85,"data_set_value_component_K_ATP_current_variable_i_K_ATP":1349.9168469066,"data_set_value_component_K_ATP_current_variable_g_K_ATP":150.0,"data_set_value_component_fast_Ca_current_variable_i_Ca_f":-548.663540476,"data_set_value_component_fast_Ca_current_variable_V_Ca":100.0,"data_set_value_component_fast_Ca_current_variable_g_Ca_f":810.0,"data_set_value_component_fast_Ca_channel_m_gate_variable_m_f_infinity":0.0042072054,"data_set_value_component_fast_Ca_channel_m_gate_variable_Vm_f":-20.0,"data_set_value_component_fast_Ca_channel_m_gate_variable_Sm_f":7.5,"data_set_value_component_slow_Ca_current_variable_i_Ca_s":-793.8427851207,"data_set_value_component_slow_Ca_current_variable_g_Ca_s":510.0,"data_set_value_component_slow_Ca_channel_m_gate_variable_m_s_infinity":0.0109863403,"data_set_value_component_slow_Ca_channel_m_gate_variable_Vm_s":-16.0,"data_set_value_component_slow_Ca_channel_m_gate_variable_Sm_s":10.0,"data_set_value_component_slow_Ca_channel_j_gate_variable_jm":0.1199974948,"data_set_value_component_slow_Ca_channel_j_gate_variable_j":0.8800025052,"data_set_value_component_slow_Ca_channel_j_gate_variable_jm_infinity":0.0179813149,"data_set_value_component_slow_Ca_channel_j_gate_variable_Vj":-53.0,"data_set_value_component_slow_Ca_channel_j_gate_variable_tau_j":8144.1679754335,"data_set_value_component_slow_Ca_channel_j_gate_variable_Sj":2.0,"data_set_value_component_Ca_current_total_variable_i_Ca":-1342.5063255967,"data_set_value_component_K_Ca_current_variable_i_K_Ca":3.4596096538,"data_set_value_component_K_Ca_current_variable_g_K_Ca":1200.0,"data_set_value_component_K_Ca_current_variable_kdkca":0.55,"data_set_value_component_CRAC_current_variable_i_CRAC":-11.3124374607,"data_set_value_component_CRAC_current_variable_g_CRAC":75.0,"data_set_value_component_CRAC_current_variable_V_CRAC":0.0,"data_set_value_component_CRAC_r_gate_variable_r_infinity":0.0024726415,"data_set_value_component_CRAC_r_gate_variable_Ca_er_bar":3.0,"data_set_value_component_leak_current_variable_i_leak":0.0,"data_set_value_component_leak_current_variable_g_leak":0.0,"data_set_value_component_ER_parameters_variable_J_er_p":0.131436627,"data_set_value_component_ER_parameters_variable_IP3":0.0,"data_set_value_component_ER_parameters_variable_kerp":0.1,"data_set_value_component_ER_parameters_variable_verp":0.24,"data_set_value_component_ER_parameters_variable_dact":0.1,"data_set_value_component_ER_parameters_variable_dinh":0.4,"data_set_value_component_ER_parameters_variable_dip3":0.2,"data_set_value_component_ER_parameters_variable_a_infinity":0.5238806575,"data_set_value_component_ER_parameters_variable_b_infinity":0.0,"data_set_value_component_ER_parameters_variable_h_infinity":0.7842654783,"data_set_value_component_ER_parameters_variable_O":0.0,"data_set_value_component_Ca_equations_variable_Ca_er":8.9999925813,"data_set_value_component_Ca_equations_variable_Ca_i":0.1100313746,"data_set_value_component_Ca_equations_variable_J_er_tot":0.0463625971,"data_set_value_component_Ca_equations_variable_J_er_IP3":0.0,"data_set_value_component_Ca_equations_variable_J_er_leak":0.1777992241,"data_set_value_component_Ca_equations_variable_perl":0.02,"data_set_value_component_Ca_equations_variable_lambda_er":250.0,"data_set_value_component_Ca_equations_variable_sigma_er":5.0,"data_set_value_component_Ca_membrane_flux_variable_k_Ca":0.07,"data_set_value_component_Ca_membrane_flux_variable_gamma":0.000003607,"data_set_value_component_Ca_membrane_flux_variable_J_mem_tot":-0.0000285978,"data_set_value_component_Ca_membrane_flux_variable_f":0.01},{"data_set_value_component_environment_variable_time":0.3,"data_set_value_component_membrane_variable_V":-61.0008310895,"data_set_value_component_membrane_variable_Cm":6158.0,"data_set_value_component_K_current_variable_i_K":17.4824503,"data_set_value_component_K_current_variable_V_K":-70.0,"data_set_value_component_K_current_variable_g_K":3900.0,"data_set_value_component_K_channel_n_gate_variable_n":0.0004981215,"data_set_value_component_K_channel_n_gate_variable_n_infinity":0.0004678919,"data_set_value_component_K_channel_n_gate_variable_tau_n":9.0857468623,"data_set_value_component_K_channel_n_gate_variable_Vn":-15.0,"data_set_value_component_K_channel_n_gate_variable_Sn":6.0,"data_set_value_component_K_channel_n_gate_variable_lambda_n":1.85,"data_set_value_component_K_ATP_current_variable_i_K_ATP":1349.8753365809,"data_set_value_component_K_ATP_current_variable_g_K_ATP":150.0,"data_set_value_component_fast_Ca_current_variable_i_Ca_f":-548.6443244285,"data_set_value_component_fast_Ca_current_variable_V_Ca":100.0,"data_set_value_component_fast_Ca_current_variable_g_Ca_f":810.0,"data_set_value_component_fast_Ca_channel_m_gate_variable_m_f_infinity":0.0042070508,"data_set_value_component_fast_Ca_channel_m_gate_variable_Vm_f":-20.0,"data_set_value_component_fast_Ca_channel_m_gate_variable_Sm_f":7.5,"data_set_value_component_slow_Ca_current_variable_i_Ca_s":-793.8235528027,"data_set_value_component_slow_Ca_current_variable_g_Ca_s":510.0,"data_set_value_component_slow_Ca_channel_m_gate_variable_m_s_infinity":0.0109860396,"data_set_value_component_slow_Ca_channel_m_gate_variable_Vm_s":-16.0,"data_set_value_component_slow_Ca_channel_m_gate_variable_Sm_s":10.0,"data_set_value_component_slow_Ca_channel_j_gate_variable_jm":0.1199962421,"data_set_value_component_slow_Ca_channel_j_gate_variable_j":0.8800037579,"data_set_value_component_slow_Ca_channel_j_gate_variable_jm_infinity":0.0179788718,"data_set_value_component_slow_Ca_channel_j_gate_variable_Vj":-53.0,"data_set_value_component_slow_Ca_channel_j_gate_variable_tau_j":8143.7248507101,"data_set_value_component_slow_Ca_channel_j_gate_variable_Sj":2.0,"data_set_value_component_Ca_current_total_variable_i_Ca":-1342.4678772312,"data_set_value_component_K_Ca_current_variable_i_K_Ca":3.4619678013,"data_set_value_component_K_Ca_current_variable_g_K_Ca":1200.0,"data_set_value_component_K_Ca_current_variable_kdkca":0.55,"data_set_value_component_CRAC_current_variable_i_CRAC":-11.3125306207,"data_set_value_component_CRAC_current_variable_g_CRAC":75.0,"data_set_value_component_CRAC_current_variable_V_CRAC":0.0,"data_set_value_component_CRAC_r_gate_variable_r_infinity":0.0024726506,"data_set_value_component_CRAC_r_gate_variable_Ca_er_bar":3.0,"data_set_value_component_leak_current_variable_i_leak":0.0,"data_set_value_component_leak_current_variable_g_leak":0.0,"data_set_value_component_ER_parameters_variable_J_er_p":0.1314535684,"data_set_value_component_ER_parameters_variable_IP3":0.0,"data_set_value_component_ER_parameters_variable_kerp":0.1,"data_set_value_component_ER_parameters_variable_verp":0.24,"data_set_value_component_ER_parameters_variable_dact":0.1,"data_set_value_component_ER_parameters_variable_dinh":0.4,"data_set_value_component_ER_parameters_variable_dip3":0.2,"data_set_value_component_ER_parameters_variable_a_infinity":0.5239161946,"data_set_value_component_ER_parameters_variable_b_infinity":0.0,"data_set_value_component_ER_parameters_variable_h_infinity":0.7842413718,"data_set_value_component_ER_parameters_variable_O":0.0,"data_set_value_component_Ca_equations_variable_Ca_er":8.9999888736,"data_set_value_component_Ca_equations_variable_Ca_i":0.1100470524,"data_set_value_component_Ca_equations_variable_J_er_tot":0.0463452681,"data_set_value_component_Ca_equations_variable_J_er_IP3":0.0,"data_set_value_component_Ca_equations_variable_J_er_leak":0.1777988364,"data_set_value_component_Ca_equations_variable_perl":0.02,"data_set_value_component_Ca_equations_variable_lambda_er":250.0,"data_set_value_component_Ca_equations_variable_sigma_er":5.0,"data_set_value_component_Ca_membrane_flux_variable_k_Ca":0.07,"data_set_value_component_Ca_membrane_flux_variable_gamma":0.000003607,"data_set_value_component_Ca_membrane_flux_variable_J_mem_tot":-0.0000286101,"data_set_value_component_Ca_membrane_flux_variable_f":0.01},{"data_set_value_component_environment_variable_time":0.4,"data_set_value_component_membrane_variable_V":-61.0011075462,"data_set_value_component_membrane_variable_Cm":6158.0,"data_set_value_component_K_current_variable_i_K":17.460590387,"data_set_value_component_K_current_variable_V_K":-70.0,"data_set_value_component_K_current_variable_g_K":3900.0,"data_set_value_component_K_channel_n_gate_variable_n":0.0004975139,"data_set_value_component_K_channel_n_gate_variable_n_infinity":0.0004678704,"data_set_value_component_K_channel_n_gate_variable_tau_n":9.0857470581,"data_set_value_component_K_channel_n_gate_variable_Vn":-15.0,"data_set_value_component_K_channel_n_gate_variable_Sn":6.0,"data_set_value_component_K_channel_n_gate_variable_lambda_n":1.85,"data_set_value_component_K_ATP_current_variable_i_K_ATP":1349.8338680662,"data_set_value_component_K_ATP_current_variable_g_K_ATP":150.0,"data_set_value_component_fast_Ca_current_variable_i_Ca_f":-548.6251284036,"data_set_value_component_fast_Ca_current_variable_V_Ca":100.0,"data_set_value_component_fast_Ca_current_variable_g_Ca_f":810.0,"data_set_value_component_fast_Ca_channel_m_gate_variable_m_f_infinity":0.0042068964,"data_set_value_component_fast_Ca_channel_m_gate_variable_Vm_f":-20.0,"data_set_value_component_fast_Ca_channel_m_gate_variable_Sm_f":7.5,"data_set_value_component_slow_Ca_current_variable_i_Ca_s":-793.8043415057,"data_set_value_component_slow_Ca_current_variable_g_Ca_s":510.0,"data_set_value_component_slow_Ca_channel_m_gate_variable_m_s_infinity":0.0109857392,"data_set_value_component_slow_Ca_channel_m_gate_variable_Vm_s":-16.0,"data_set_value_component_slow_Ca_channel_m_gate_variable_Sm_s":10.0,"data_set_value_component_slow_Ca_channel_j_gate_variable_jm":0.1199949893,"data_set_value_component_slow_Ca_channel_j_gate_variable_j":0.8800050107,"data_set_value_component_slow_Ca_channel_j_gate_variable_jm_infinity":0.0179764314,"data_set_value_component_slow_Ca_channel_j_gate_variable_Vj":-53.0,"data_set_value_component_slow_Ca_channel_j_gate_variable_tau_j":8143.2821995884,"data_set_value_component_slow_Ca_channel_j_gate_variable_Sj":2.0,"data_set_value_component_Ca_current_total_variable_i_Ca":-1342.4294699093,"data_set_value_component_K_Ca_current_variable_i_K_Ca":3.4643263349,"data_set_value_component_K_Ca_current_variable_g_K_Ca":1200.0,"data_set_value_component_K_Ca_current_variable_kdkca":0.55,"data_set_value_component_CRAC_current_variable_i_CRAC":-11.3126237178,"data_set_value_component_CRAC_current_variable_g_CRAC":75.0,"data_set_value_component_CRAC_current_variable_V_CRAC":0.0,"data_set_value_component_CRAC_r_gate_variable_r_infinity":0.0024726597,"data_set_value_component_CRAC_r_gate_variable_Ca_er_bar":3.0,"data_set_value_component_leak_current_variable_i_leak":0.0,"data_set_value_component_leak_current_variable_g_leak":0.0,"data_set_value_component_ER_parameters_variable_J_er_p":0.1314705001,"data_set_value_component_ER_parameters_variable_IP3":0.0,"data_set_value_component_ER_parameters_variable_kerp":0.1,"data_set_value_component_ER_parameters_variable_verp":0.24,"data_set_value_component_ER_parameters_variable_dact":0.1,"data_set_value_component_ER_parameters_variable_dinh":0.4,"data_set_value_component_ER_parameters_variable_dip3":0.2,"data_set_value_component_ER_parameters_variable_a_infinity":0.5239517124,"data_set_value_component_ER_parameters_variable_b_infinity":0.0,"data_set_value_component_ER_parameters_variable_h_infinity":0.7842172762,"data_set_value_component_ER_parameters_variable_O":0.0,"data_set_value_component_Ca_equations_variable_Ca_er":8.9999851669,"data_set_value_component_Ca_equations_variable_Ca_i":0.1100627239,"data_set_value_component_Ca_equations_variable_J_er_tot":0.0463279487,"data_set_value_component_Ca_equations_variable_J_er_IP3":0.0,"data_set_value_component_Ca_equations_variable_J_er_leak":0.1777984489,"data_set_value_component_Ca_equations_variable_perl":0.02,"data_set_value_component_Ca_equations_variable_lambda_er":250.0,"data_set_value_component_Ca_equations_variable_sigma_er":5.0,"data_set_value_component_Ca_membrane_flux_variable_k_Ca":0.07,"data_set_value_component_Ca_membrane_flux_variable_gamma":0.000003607,"data_set_value_component_Ca_membrane_flux_variable_J_mem_tot":-0.0000286225,"data_set_value_component_Ca_membrane_flux_variable_f":0.01},{"data_set_value_component_environment_variable_time":0.5,"data_set_value_component_membrane_variable_V":-61.0013836113,"data_set_value_component_membrane_variable_Cm":6158.0,"data_set_value_component_K_current_variable_i_K":17.4391764096,"data_set_value_component_K_current_variable_V_K":-70.0,"data_set_value_component_K_current_variable_g_K":3900.0,"data_set_value_component_K_channel_n_gate_variable_n":0.000496919,"data_set_value_component_K_channel_n_gate_variable_n_infinity":0.0004678489,"data_set_value_component_K_channel_n_gate_variable_tau_n":9.0857472537,"data_set_value_component_K_channel_n_gate_variable_Vn":-15.0,"data_set_value_component_K_channel_n_gate_variable_Sn":6.0,"data_set_value_component_K_channel_n_gate_variable_lambda_n":1.85,"data_set_value_component_K_ATP_current_variable_i_K_ATP":1349.7924583086,"data_set_value_component_K_ATP_current_variable_g_K_ATP":150.0,"data_set_value_component_fast_Ca_current_variable_i_Ca_f":-548.605960243,"data_set_value_component_fast_Ca_current_variable_V_Ca":100.0,"data_set_value_component_fast_Ca_current_variable_g_Ca_f":810.0,"data_set_value_component_fast_Ca_channel_m_gate_variable_m_f_infinity":0.0042067422,"data_set_value_component_fast_Ca_channel_m_gate_variable_Vm_f":-20.0,"data_set_value_component_fast_Ca_channel_m_gate_variable_Sm_f":7.5,"data_set_value_component_slow_Ca_current_variable_i_Ca_s":-793.785159567,"data_set_value_component_slow_Ca_current_variable_g_Ca_s":510.0,"data_set_value_component_slow_Ca_channel_m_gate_variable_m_s_infinity":0.0109854393,"data_set_value_component_slow_Ca_channel_m_gate_variable_Vm_s":-16.0,"data_set_value_component_slow_Ca_channel_m_gate_variable_Sm_s":10.0,"data_set_value_component_slow_Ca_channel_j_gate_variable_jm":0.1199937365,"data_set_value_component_slow_Ca_channel_j_gate_variable_j":0.8800062635,"data_set_value_component_slow_Ca_channel_j_gate_variable_jm_infinity":0.0179739949,"data_set_value_component_slow_Ca_channel_j_gate_variable_Vj":-53.0,"data_set_value_component_slow_Ca_channel_j_gate_variable_tau_j":8142.8402028558,"data_set_value_component_slow_Ca_channel_j_gate_variable_Sj":2.0,"data_set_value_component_Ca_current_total_variable_i_Ca":-1342.39111981,"data_set_value_component_K_Ca_current_variable_i_K_Ca":3.4666848371,"data_set_value_component_K_Ca_current_variable_g_K_Ca":1200.0,"data_set_value_component_K_Ca_current_variable_kdkca":0.55,"data_set_value_component_CRAC_current_variable_i_CRAC":-11.3127167252,"data_set_value_component_CRAC_current_variable_g_CRAC":75.0,"data_set_value_component_CRAC_current_variable_V_CRAC":0.0,"data_set_value_component_CRAC_r_gate_variable_r_infinity":0.0024726689,"data_set_value_component_CRAC_r_gate_variable_Ca_er_bar":3.0,"data_set_value_component_leak_current_variable_i_leak":0.0,"data_set_value_component_leak_current_variable_g_leak":0.0,"data_set_value_component_ER_parameters_variable_J_er_p":0.1314874192,"data_set_value_component_ER_parameters_variable_IP3":0.0,"data_set_value_component_ER_parameters_variable_kerp":0.1,"data_set_value_component_ER_parameters_variable_verp":0.24,"data_set_value_component_ER_parameters_variable_dact":0.1,"data_set_value_component_ER_parameters_variable_dinh":0.4,"data_set_value_component_ER_parameters_variable_dip3":0.2,"data_set_value_component_ER_parameters_variable_a_infinity":0.5239872042,"data_set_value_component_ER_parameters_variable_b_infinity":0.0,"data_set_value_component_ER_parameters_variable_h_infinity":0.7841931961,"data_set_value_component_ER_parameters_variable_O":0.0,"data_set_value_component_Ca_equations_variable_Ca_er":8.9999814618,"data_set_value_component_Ca_equations_variable_Ca_i":0.1100783863,"data_set_value_component_Ca_equations_variable_J_er_tot":0.0463106423,"data_set_value_component_Ca_equations_variable_J_er_IP3":0.0,"data_set_value_component_Ca_equations_variable_J_er_leak":0.1777980615,"data_set_value_component_Ca_equations_variable_perl":0.02,"data_set_value_component_Ca_equations_variable_lambda_er":250.0,"data_set_value_component_Ca_equations_variable_sigma_er":5.0,"data_set_value_component_Ca_membrane_flux_variable_k_Ca":0.07,"data_set_value_component_Ca_membrane_flux_variable_gamma":0.000003607,"data_set_value_component_Ca_membrane_flux_variable_J_mem_tot":-0.0000286348,"data_set_value_component_Ca_membrane_flux_variable_f":0.01},{"data_set_value_component_environment_variable_time":0.6,"data_set_value_component_membrane_variable_V":-61.0016593565,"data_set_value_component_membrane_variable_Cm":6158.0,"data_set_value_component_K_current_variable_i_K":17.4181276587,"data_set_value_component_K_current_variable_V_K":-70.0,"data_set_value_component_K_current_variable_g_K":3900.0,"data_set_value_component_K_channel_n_gate_variable_n":0.0004963345,"data_set_value_component_K_channel_n_gate_variable_n_infinity":0.0004678274,"data_set_value_component_K_channel_n_gate_variable_tau_n":9.0857474491,"data_set_value_component_K_channel_n_gate_variable_Vn":-15.0,"data_set_value_component_K_channel_n_gate_variable_Sn":6.0,"data_set_value_component_K_channel_n_gate_variable_lambda_n":1.85,"data_set_value_component_K_ATP_current_variable_i_K_ATP":1349.7510965301,"data_set_value_component_K_ATP_current_variable_g_K_ATP":150.0,"data_set_value_component_fast_Ca_current_variable_i_Ca_f":-548.5868149554,"data_set_value_component_fast_Ca_current_variable_V_Ca":100.0,"data_set_value_component_fast_Ca_current_variable_g_Ca_f":810.0,"data_set_value_component_fast_Ca_channel_m_gate_variable_m_f_infinity":0.0042065882,"data_set_value_component_fast_Ca_channel_m_gate_variable_Vm_f":-20.0,"data_set_value_component_fast_Ca_channel_m_gate_variable_Sm_f":7.5,"data_set_value_component_slow_Ca_current_variable_i_Ca_s":-793.766001681,"data_set_value_component_slow_Ca_current_variable_g_Ca_s":510.0,"data_set_value_component_slow_Ca_channel_m_gate_variable_m_s_infinity":0.0109851397,"data_set_value_component_slow_Ca_channel_m_gate_variable_Vm_s":-16.0,"data_set_value_component_slow_Ca_channel_m_gate_variable_Sm_s":10.0,"data_set_value_component_slow_Ca_channel_j_gate_variable_jm":0.1199924835,"data_set_value_component_slow_Ca_channel_j_gate_variable_j":0.8800075165,"data_set_value_component_slow_Ca_channel_j_gate_variable_jm_infinity":0.0179715615,"data_set_value_component_slow_Ca_channel_j_gate_variable_Vj":-53.0,"data_set_value_component_slow_Ca_channel_j_gate_variable_tau_j":8142.3987453663,"data_set_value_component_slow_Ca_channel_j_gate_variable_Sj":2.0,"data_set_value_component_Ca_current_total_variable_i_Ca":-1342.3528166364,"data_set_value_component_K_Ca_current_variable_i_K_Ca":3.4690435715,"data_set_value_component_K_Ca_current_variable_g_K_Ca":1200.0,"data_set_value_component_K_Ca_current_variable_kdkca":0.55,"data_set_value_component_CRAC_current_variable_i_CRAC":-11.3128096601,"data_set_value_component_CRAC_current_variable_g_CRAC":75.0,"data_set_value_component_CRAC_current_variable_V_CRAC":0.0,"data_set_value_component_CRAC_r_gate_variable_r_infinity":0.002472678,"data_set_value_component_CRAC_r_gate_variable_Ca_er_bar":3.0,"data_set_value_component_leak_current_variable_i_leak":0.0,"data_set_value_component_leak_current_variable_g_leak":0.0,"data_set_value_component_ER_parameters_variable_J_er_p":0.1315043276,"data_set_value_component_ER_parameters_variable_IP3":0.0,"data_set_value_component_ER_parameters_variable_kerp":0.1,"data_set_value_component_ER_parameters_variable_verp":0.24,"data_set_value_component_ER_parameters_variable_dact":0.1,"data_set_value_component_ER_parameters_variable_dinh":0.4,"data_set_value_component_ER_parameters_variable_dip3":0.2,"data_set_value_component_ER_parameters_variable_a_infinity":0.5240226743,"data_set_value_component_ER_parameters_variable_b_infinity":0.0,"data_set_value_component_ER_parameters_variable_h_infinity":0.7841691286,"data_set_value_component_ER_parameters_variable_O":0.0,"data_set_value_component_Ca_equations_variable_Ca_er":8.9999777579,"data_set_value_component_Ca_equations_variable_Ca_i":0.1100940415,"data_set_value_component_Ca_equations_variable_J_er_tot":0.0462933467,"data_set_value_component_Ca_equations_variable_J_er_IP3":0.0,"data_set_value_component_Ca_equations_variable_J_er_leak":0.1777976743,"data_set_value_component_Ca_equations_variable_perl":0.02,"data_set_value_component_Ca_equations_variable_lambda_er":250.0,"data_set_value_component_Ca_equations_variable_sigma_er":5.0,"data_set_value_component_Ca_membrane_flux_variable_k_Ca":0.07,"data_set_value_component_Ca_membrane_flux_variable_gamma":0.000003607,"data_set_value_component_Ca_membrane_flux_variable_J_mem_tot":-0.0000286472,"data_set_value_component_Ca_membrane_flux_variable_f":0.01},{"data_set_value_component_environment_variable_time":0.7,"data_set_value_component_membrane_variable_V":-61.0019347818,"data_set_value_component_membrane_variable_Cm":6158.0,"data_set_value_component_K_current_variable_i_K":17.3974440988,"data_set_value_component_K_current_variable_V_K":-70.0,"data_set_value_component_K_current_variable_g_K":3900.0,"data_set_value_component_K_channel_n_gate_variable_n":0.0004957603,"data_set_value_component_K_channel_n_gate_variable_n_infinity":0.0004678059,"data_set_value_component_K_channel_n_gate_variable_tau_n":9.0857476442,"data_set_value_component_K_channel_n_gate_variable_Vn":-15.0,"data_set_value_component_K_channel_n_gate_variable_Sn":6.0,"data_set_value_component_K_channel_n_gate_variable_lambda_n":1.85,"data_set_value_component_K_ATP_current_variable_i_K_ATP":1349.7097827307,"data_set_value_component_K_ATP_current_variable_g_K_ATP":150.0,"data_set_value_component_fast_Ca_current_variable_i_Ca_f":-548.5676925383,"data_set_value_component_fast_Ca_current_variable_V_Ca":100.0,"data_set_value_component_fast_Ca_current_variable_g_Ca_f":810.0,"data_set_value_component_fast_Ca_channel_m_gate_variable_m_f_infinity":0.0042064343,"data_set_value_component_fast_Ca_channel_m_gate_variable_Vm_f":-20.0,"data_set_value_component_fast_Ca_channel_m_gate_variable_Sm_f":7.5,"data_set_value_component_slow_Ca_current_variable_i_Ca_s":-793.7468678461,"data_set_value_component_slow_Ca_current_variable_g_Ca_s":510.0,"data_set_value_component_slow_Ca_channel_m_gate_variable_m_s_infinity":0.0109848405,"data_set_value_component_slow_Ca_channel_m_gate_variable_Vm_s":-16.0,"data_set_value_component_slow_Ca_channel_m_gate_variable_Sm_s":10.0,"data_set_value_component_slow_Ca_channel_j_gate_variable_jm":0.1199912305,"data_set_value_component_slow_Ca_channel_j_gate_variable_j":0.8800087695,"data_set_value_component_slow_Ca_channel_j_gate_variable_jm_infinity":0.0179691312,"data_set_value_component_slow_Ca_channel_j_gate_variable_Vj":-53.0,"data_set_value_component_slow_Ca_channel_j_gate_variable_tau_j":8141.9578270243,"data_set_value_component_slow_Ca_channel_j_gate_variable_Sj":2.0,"data_set_value_component_Ca_current_total_variable_i_Ca":-1342.3145603844,"data_set_value_component_K_Ca_current_variable_i_K_Ca":3.4714025371,"data_set_value_component_K_Ca_current_variable_g_K_Ca":1200.0,"data_set_value_component_K_Ca_current_variable_kdkca":0.55,"data_set_value_component_CRAC_current_variable_i_CRAC":-11.3129025222,"data_set_value_component_CRAC_current_variable_g_CRAC":75.0,"data_set_value_component_CRAC_current_variable_V_CRAC":0.0,"data_set_value_component_CRAC_r_gate_variable_r_infinity":0.0024726872,"data_set_value_component_CRAC_r_gate_variable_Ca_er_bar":3.0,"data_set_value_component_leak_current_variable_i_leak":0.0,"data_set_value_component_leak_current_variable_g_leak":0.0,"data_set_value_component_ER_parameters_variable_J_er_p":0.1315212253,"data_set_value_component_ER_parameters_variable_IP3":0.0,"data_set_value_component_ER_parameters_variable_kerp":0.1,"data_set_value_component_ER_parameters_variable_verp":0.24,"data_set_value_component_ER_parameters_variable_dact":0.1,"data_set_value_component_ER_parameters_variable_dinh":0.4,"data_set_value_component_ER_parameters_variable_dip3":0.2,"data_set_value_component_ER_parameters_variable_a_infinity":0.5240581227,"data_set_value_component_ER_parameters_variable_b_infinity":0.0,"data_set_value_component_ER_parameters_variable_h_infinity":0.7841450738,"data_set_value_component_ER_parameters_variable_O":0.0,"data_set_value_component_Ca_equations_variable_Ca_er":8.9999740552,"data_set_value_component_Ca_equations_variable_Ca_i":0.1101096894,"data_set_value_component_Ca_equations_variable_J_er_tot":0.046276062,"data_set_value_component_Ca_equations_variable_J_er_IP3":0.0,"data_set_value_component_Ca_equations_variable_J_er_leak":0.1777972873,"data_set_value_component_Ca_equations_variable_perl":0.02,"data_set_value_component_Ca_equations_variable_lambda_er":250.0,"data_set_value_component_Ca_equations_variable_sigma_er":5.0,"data_set_value_component_Ca_membrane_flux_variable_k_Ca":0.07,"data_set_value_component_Ca_membrane_flux_variable_gamma":0.000003607,"data_set_value_component_Ca_membrane_flux_variable_J_mem_tot":-0.0000286595,"data_set_value_component_Ca_membrane_flux_variable_f":0.01},{"data_set_value_component_environment_variable_time":0.8,"data_set_value_component_membrane_variable_V":-61.0022098748,"data_set_value_component_membrane_variable_Cm":6158.0,"data_set_value_component_K_current_variable_i_K":17.3771339058,"data_set_value_component_K_current_variable_V_K":-70.0,"data_set_value_component_K_current_variable_g_K":3900.0,"data_set_value_component_K_channel_n_gate_variable_n":0.0004951966,"data_set_value_component_K_channel_n_gate_variable_n_infinity":0.0004677845,"data_set_value_component_K_channel_n_gate_variable_tau_n":9.085747839,"data_set_value_component_K_channel_n_gate_variable_Vn":-15.0,"data_set_value_component_K_channel_n_gate_variable_Sn":6.0,"data_set_value_component_K_channel_n_gate_variable_lambda_n":1.85,"data_set_value_component_K_ATP_current_variable_i_K_ATP":1349.6685187765,"data_set_value_component_K_ATP_current_variable_g_K_ATP":150.0,"data_set_value_component_fast_Ca_current_variable_i_Ca_f":-548.548593853,"data_set_value_component_fast_Ca_current_variable_V_Ca":100.0,"data_set_value_component_fast_Ca_current_variable_g_Ca_f":810.0,"data_set_value_component_fast_Ca_channel_m_gate_variable_m_f_infinity":0.0042062807,"data_set_value_component_fast_Ca_channel_m_gate_variable_Vm_f":-20.0,"data_set_value_component_fast_Ca_channel_m_gate_variable_Sm_f":7.5,"data_set_value_component_slow_Ca_current_variable_i_Ca_s":-793.7277589892,"data_set_value_component_slow_Ca_current_variable_g_Ca_s":510.0,"data_set_value_component_slow_Ca_channel_m_gate_variable_m_s_infinity":0.0109845416,"data_set_value_component_slow_Ca_channel_m_gate_variable_Vm_s":-16.0,"data_set_value_component_slow_Ca_channel_m_gate_variable_Sm_s":10.0,"data_set_value_component_slow_Ca_channel_j_gate_variable_jm":0.1199899774,"data_set_value_component_slow_Ca_channel_j_gate_variable_j":0.8800100226,"data_set_value_component_slow_Ca_channel_j_gate_variable_jm_infinity":0.0179667042,"data_set_value_component_slow_Ca_channel_j_gate_variable_Vj":-53.0,"data_set_value_component_slow_Ca_channel_j_gate_variable_tau_j":8141.5174676464,"data_set_value_component_slow_Ca_channel_j_gate_variable_Sj":2.0,"data_set_value_component_Ca_current_total_variable_i_Ca":-1342.2763528423,"data_set_value_component_K_Ca_current_variable_i_K_Ca":3.4737614973,"data_set_value_component_K_Ca_current_variable_g_K_Ca":1200.0,"data_set_value_component_K_Ca_current_variable_kdkca":0.55,"data_set_value_component_CRAC_current_variable_i_CRAC":-11.3129953064,"data_set_value_component_CRAC_current_variable_g_CRAC":75.0,"data_set_value_component_CRAC_current_variable_V_CRAC":0.0,"data_set_value_component_CRAC_r_gate_variable_r_infinity":0.0024726963,"data_set_value_component_CRAC_r_gate_variable_Ca_er_bar":3.0,"data_set_value_component_leak_current_variable_i_leak":0.0,"data_set_value_component_leak_current_variable_g_leak":0.0,"data_set_value_component_ER_parameters_variable_J_er_p":0.1315381106,"data_set_value_component_ER_parameters_variable_IP3":0.0,"data_set_value_component_ER_parameters_variable_kerp":0.1,"data_set_value_component_ER_parameters_variable_verp":0.24,"data_set_value_component_ER_parameters_variable_dact":0.1,"data_set_value_component_ER_parameters_variable_dinh":0.4,"data_set_value_component_ER_parameters_variable_dip3":0.2,"data_set_value_component_ER_parameters_variable_a_infinity":0.524093546,"data_set_value_component_ER_parameters_variable_b_infinity":0.0,"data_set_value_component_ER_parameters_variable_h_infinity":0.7841210339,"data_set_value_component_ER_parameters_variable_O":0.0,"data_set_value_component_Ca_equations_variable_Ca_er":8.999970354,"data_set_value_component_Ca_equations_variable_Ca_i":0.1101253285,"data_set_value_component_Ca_equations_variable_J_er_tot":0.0462587899,"data_set_value_component_Ca_equations_variable_J_er_IP3":0.0,"data_set_value_component_Ca_equations_variable_J_er_leak":0.1777969005,"data_set_value_component_Ca_equations_variable_perl":0.02,"data_set_value_component_Ca_equations_variable_lambda_er":250.0,"data_set_value_component_Ca_equations_variable_sigma_er":5.0,"data_set_value_component_Ca_membrane_flux_variable_k_Ca":0.07,"data_set_value_component_Ca_membrane_flux_variable_gamma":0.000003607,"data_set_value_component_Ca_membrane_flux_variable_J_mem_tot":-0.0000286718,"data_set_value_component_Ca_membrane_flux_variable_f":0.01},{"data_set_value_component_environment_variable_time":0.9,"data_set_value_component_membrane_variable_V":-61.0024846404,"data_set_value_component_membrane_variable_Cm":6158.0,"data_set_value_component_K_current_variable_i_K":17.3571938113,"data_set_value_component_K_current_variable_V_K":-70.0,"data_set_value_component_K_current_variable_g_K":3900.0,"data_set_value_component_K_channel_n_gate_variable_n":0.0004946435,"data_set_value_component_K_channel_n_gate_variable_n_infinity":0.0004677631,"data_set_value_component_K_channel_n_gate_variable_tau_n":9.0857480337,"data_set_value_component_K_channel_n_gate_variable_Vn":-15.0,"data_set_value_component_K_channel_n_gate_variable_Sn":6.0,"data_set_value_component_K_channel_n_gate_variable_lambda_n":1.85,"data_set_value_component_K_ATP_current_variable_i_K_ATP":1349.6273039328,"data_set_value_component_K_ATP_current_variable_g_K_ATP":150.0,"data_set_value_component_fast_Ca_current_variable_i_Ca_f":-548.5295185573,"data_set_value_component_fast_Ca_current_variable_V_Ca":100.0,"data_set_value_component_fast_Ca_current_variable_g_Ca_f":810.0,"data_set_value_component_fast_Ca_channel_m_gate_variable_m_f_infinity":0.0042061272,"data_set_value_component_fast_Ca_channel_m_gate_variable_Vm_f":-20.0,"data_set_value_component_fast_Ca_channel_m_gate_variable_Sm_f":7.5,"data_set_value_component_slow_Ca_current_variable_i_Ca_s":-793.708674743,"data_set_value_component_slow_Ca_current_variable_g_Ca_s":510.0,"data_set_value_component_slow_Ca_channel_m_gate_variable_m_s_infinity":0.0109842431,"data_set_value_component_slow_Ca_channel_m_gate_variable_Vm_s":-16.0,"data_set_value_component_slow_Ca_channel_m_gate_variable_Sm_s":10.0,"data_set_value_component_slow_Ca_channel_j_gate_variable_jm":0.1199887242,"data_set_value_component_slow_Ca_channel_j_gate_variable_j":0.8800112758,"data_set_value_component_slow_Ca_channel_j_gate_variable_jm_infinity":0.0179642804,"data_set_value_component_slow_Ca_channel_j_gate_variable_Vj":-53.0,"data_set_value_component_slow_Ca_channel_j_gate_variable_tau_j":8141.0776592962,"data_set_value_component_slow_Ca_channel_j_gate_variable_Sj":2.0,"data_set_value_component_Ca_current_total_variable_i_Ca":-1342.2381933003,"data_set_value_component_K_Ca_current_variable_i_K_Ca":3.4761205433,"data_set_value_component_K_Ca_current_variable_g_K_Ca":1200.0,"data_set_value_component_K_Ca_current_variable_kdkca":0.55,"data_set_value_component_CRAC_current_variable_i_CRAC":-11.3130880148,"data_set_value_component_CRAC_current_variable_g_CRAC":75.0,"data_set_value_component_CRAC_current_variable_V_CRAC":0.0,"data_set_value_component_CRAC_r_gate_variable_r_infinity":0.0024727054,"data_set_value_component_CRAC_r_gate_variable_Ca_er_bar":3.0,"data_set_value_component_leak_current_variable_i_leak":0.0,"data_set_value_component_leak_current_variable_g_leak":0.0,"data_set_value_component_ER_parameters_variable_J_er_p":0.1315549843,"data_set_value_component_ER_parameters_variable_IP3":0.0,"data_set_value_component_ER_parameters_variable_kerp":0.1,"data_set_value_component_ER_parameters_variable_verp":0.24,"data_set_value_component_ER_parameters_variable_dact":0.1,"data_set_value_component_ER_parameters_variable_dinh":0.4,"data_set_value_component_ER_parameters_variable_dip3":0.2,"data_set_value_component_ER_parameters_variable_a_infinity":0.5241289454,"data_set_value_component_ER_parameters_variable_b_infinity":0.0,"data_set_value_component_ER_parameters_variable_h_infinity":0.784097008,"data_set_value_component_ER_parameters_variable_O":0.0,"data_set_value_component_Ca_equations_variable_Ca_er":8.9999666542,"data_set_value_component_Ca_equations_variable_Ca_i":0.1101409595,"data_set_value_component_Ca_equations_variable_J_er_tot":0.0462415296,"data_set_value_component_Ca_equations_variable_J_er_IP3":0.0,"data_set_value_component_Ca_equations_variable_J_er_leak":0.1777965139,"data_set_value_component_Ca_equations_variable_perl":0.02,"data_set_value_component_Ca_equations_variable_lambda_er":250.0,"data_set_value_component_Ca_equations_variable_sigma_er":5.0,"data_set_value_component_Ca_membrane_flux_variable_k_Ca":0.07,"data_set_value_component_Ca_membrane_flux_variable_gamma":0.000003607,"data_set_value_component_Ca_membrane_flux_variable_J_mem_tot":-0.0000286841,"data_set_value_component_Ca_membrane_flux_variable_f":0.01},{"data_set_value_component_environment_variable_time":1.0,"data_set_value_component_membrane_variable_V":-61.0027590814,"data_set_value_component_membrane_variable_Cm":6158.0,"data_set_value_component_K_current_variable_i_K":17.3376219534,"data_set_value_component_K_current_variable_V_K":-70.0,"data_set_value_component_K_current_variable_g_K":3900.0,"data_set_value_component_K_channel_n_gate_variable_n":0.0004941008,"data_set_value_component_K_channel_n_gate_variable_n_infinity":0.0004677417,"data_set_value_component_K_channel_n_gate_variable_tau_n":9.0857482281,"data_set_value_component_K_channel_n_gate_variable_Vn":-15.0,"data_set_value_component_K_channel_n_gate_variable_Sn":6.0,"data_set_value_component_K_channel_n_gate_variable_lambda_n":1.85,"data_set_value_component_K_ATP_current_variable_i_K_ATP":1349.5861377848,"data_set_value_component_K_ATP_current_variable_g_K_ATP":150.0,"data_set_value_component_fast_Ca_current_variable_i_Ca_f":-548.5104664567,"data_set_value_component_fast_Ca_current_variable_V_Ca":100.0,"data_set_value_component_fast_Ca_current_variable_g_Ca_f":810.0,"data_set_value_component_fast_Ca_channel_m_gate_variable_m_f_infinity":0.004205974,"data_set_value_component_fast_Ca_channel_m_gate_variable_Vm_f":-20.0,"data_set_value_component_fast_Ca_channel_m_gate_variable_Sm_f":7.5,"data_set_value_component_slow_Ca_current_variable_i_Ca_s":-793.6896148993,"data_set_value_component_slow_Ca_current_variable_g_Ca_s":510.0,"data_set_value_component_slow_Ca_channel_m_gate_variable_m_s_infinity":0.010983945,"data_set_value_component_slow_Ca_channel_m_gate_variable_Vm_s":-16.0,"data_set_value_component_slow_Ca_channel_m_gate_variable_Sm_s":10.0,"data_set_value_component_slow_Ca_channel_j_gate_variable_jm":0.119987471,"data_set_value_component_slow_Ca_channel_j_gate_variable_j":0.880012529,"data_set_value_component_slow_Ca_channel_j_gate_variable_jm_infinity":0.0179618597,"data_set_value_component_slow_Ca_channel_j_gate_variable_Vj":-53.0,"data_set_value_component_slow_Ca_channel_j_gate_variable_tau_j":8140.6383974487,"data_set_value_component_slow_Ca_channel_j_gate_variable_Sj":2.0,"data_set_value_component_Ca_current_total_variable_i_Ca":-1342.200081356,"data_set_value_component_K_Ca_current_variable_i_K_Ca":3.4784797263,"data_set_value_component_K_Ca_current_variable_g_K_Ca":1200.0,"data_set_value_component_K_Ca_current_variable_kdkca":0.55,"data_set_value_component_CRAC_current_variable_i_CRAC":-11.3131806486,"data_set_value_component_CRAC_current_variable_g_CRAC":75.0,"data_set_value_component_CRAC_current_variable_V_CRAC":0.0,"data_set_value_component_CRAC_r_gate_variable_r_infinity":0.0024727145,"data_set_value_component_CRAC_r_gate_variable_Ca_er_bar":3.0,"data_set_value_component_leak_current_variable_i_leak":0.0,"data_set_value_component_leak_current_variable_g_leak":0.0,"data_set_value_component_ER_parameters_variable_J_er_p":0.1315718466,"data_set_value_component_ER_parameters_variable_IP3":0.0,"data_set_value_component_ER_parameters_variable_kerp":0.1,"data_set_value_component_ER_parameters_variable_verp":0.24,"data_set_value_component_ER_parameters_variable_dact":0.1,"data_set_value_component_ER_parameters_variable_dinh":0.4,"data_set_value_component_ER_parameters_variable_dip3":0.2,"data_set_value_component_ER_parameters_variable_a_infinity":0.5241643219,"data_set_value_component_ER_parameters_variable_b_infinity":0.0,"data_set_value_component_ER_parameters_variable_h_infinity":0.7840729957,"data_set_value_component_ER_parameters_variable_O":0.0,"data_set_value_component_Ca_equations_variable_Ca_er":8.9999629557,"data_set_value_component_Ca_equations_variable_Ca_i":0.1101565826,"data_set_value_component_Ca_equations_variable_J_er_tot":0.0462242808,"data_set_value_component_Ca_equations_variable_J_er_IP3":0.0,"data_set_value_component_Ca_equations_variable_J_er_leak":0.1777961275,"data_set_value_component_Ca_equations_variable_perl":0.02,"data_set_value_component_Ca_equations_variable_lambda_er":250.0,"data_set_value_component_Ca_equations_variable_sigma_er":5.0,"data_set_value_component_Ca_membrane_flux_variable_k_Ca":0.07,"data_set_value_component_Ca_membrane_flux_variable_gamma":0.000003607,"data_set_value_component_Ca_membrane_flux_variable_J_mem_tot":-0.0000286965,"data_set_value_component_Ca_membrane_flux_variable_f":0.01}]