[{"data_generator_T":0.0,"data_generator_X":0.1},{"data_generator_T":0.60000002,"data_generator_X":0.30029622},{"data_generator_T":1.2,"data_generator_X":0.30175501},{"data_generator_T":1.8,"data_generator_X":0.30028164},{"data_generator_T":2.4000001,"data_generator_X":0.29658225},{"data_generator_T":3.0,"data_generator_X":0.2912336},{"data_generator_T":3.5999999,"data_generator_X":0.28469136},{"data_generator_T":4.1999998,"data_generator_X":0.27730986},{"data_generator_T":4.8000002,"data_generator_X":0.2693626},{"data_generator_T":5.4000001,"data_generator_X":0.2610606},{"data_generator_T":6.0,"data_generator_X":0.25256687},{"data_generator_T":6.5999999,"data_generator_X":0.24400763},{"data_generator_T":7.1999998,"data_generator_X":0.23548089},{"data_generator_T":7.8000002,"data_generator_X":0.22706273},{"data_generator_T":8.3999996,"data_generator_X":0.21881209},{"data_generator_T":9.0,"data_generator_X":0.21077439},{"data_generator_T":9.6000004,"data_generator_X":0.20298412},{"data_generator_T":10.2,"data_generator_X":0.19546704},{"data_generator_T":10.8,"data_generator_X":0.18824163},{"data_generator_T":11.4,"data_generator_X":0.18132044},{"data_generator_T":12.0,"data_generator_X":0.17471103},{"data_generator_T":12.6,"data_generator_X":0.16841674},{"data_generator_T":13.2,"data_generator_X":0.16243739},{"data_generator_T":13.8,"data_generator_X":0.15676975},{"data_generator_T":14.4,"data_generator_X":0.15140808},{"data_generator_T":15.0,"data_generator_X":0.14634441},{"data_generator_T":15.6,"data_generator_X":0.14156902},{"data_generator_T":16.200001,"data_generator_X":0.13707061},{"data_generator_T":16.799999,"data_generator_X":0.13283661},{"data_generator_T":17.4,"data_generator_X":0.12885347},{"data_generator_T":18.0,"data_generator_X":0.1251068},{"data_generator_T":18.6,"data_generator_X":0.12158158},{"data_generator_T":19.200001,"data_generator_X":0.1182624},{"data_generator_T":19.799999,"data_generator_X":0.11513349},{"data_generator_T":20.4,"data_generator_X":0.11217897},{"data_generator_T":21.0,"data_generator_X":0.10938289},{"data_generator_T":21.6,"data_generator_X":0.10672933},{"data_generator_T":22.200001,"data_generator_X":0.10420246},{"data_generator_T":22.799999,"data_generator_X":0.10178659},{"data_generator_T":23.4,"data_generator_X":0.09946616},{"data_generator_T":24.0,"data_generator_X":0.097225718},{"data_generator_T":24.6,"data_generator_X":0.09504988},{"data_generator_T":25.200001,"data_generator_X":0.092923261},{"data_generator_T":25.799999,"data_generator_X":0.090830341},{"data_generator_T":26.4,"data_generator_X":0.088755339},{"data_generator_T":27.0,"data_generator_X":0.086682051},{"data_generator_T":27.6,"data_generator_X":0.084593639},{"data_generator_T":28.200001,"data_generator_X":0.082472414},{"data_generator_T":28.799999,"data_generator_X":0.080299653},{"data_generator_T":29.4,"data_generator_X":0.078055412},{"data_generator_T":30.0,"data_generator_X":0.075718492},{"data_generator_T":30.6,"data_generator_X":0.073266655},{"data_generator_T":31.200001,"data_generator_X":0.070677437},{"data_generator_T":31.799999,"data_generator_X":0.067929797},{"data_generator_T":32.400002,"data_generator_X":0.065007485},{"data_generator_T":33.0,"data_generator_X":0.061904676},{"data_generator_T":33.599998,"data_generator_X":0.058634173},{"data_generator_T":34.200001,"data_generator_X":0.055237003},{"data_generator_T":34.799999,"data_generator_X":0.051788494},{"data_generator_T":35.400002,"data_generator_X":0.048393458},{"data_generator_T":36.0,"data_generator_X":0.045165937},{"data_generator_T":36.599998,"data_generator_X":0.042200904},{"data_generator_T":37.200001,"data_generator_X":0.039554153},{"data_generator_T":37.799999,"data_generator_X":0.037240122},{"data_generator_T":38.400002,"data_generator_X":0.035243135},{"data_generator_T":39.0,"data_generator_X":0.033531617},{"data_generator_T":39.599998,"data_generator_X":0.032068845},{"data_generator_T":40.200001,"data_generator_X":0.030819109},{"data_generator_T":40.799999,"data_generator_X":0.029750444},{"data_generator_T":41.400002,"data_generator_X":0.02883541},{"data_generator_T":42.0,"data_generator_X":0.028050939},{"data_generator_T":42.599998,"data_generator_X":0.027377816},{"data_generator_T":43.200001,"data_generator_X":0.026800087},{"data_generator_T":43.799999,"data_generator_X":0.026304487},{"data_generator_T":44.400002,"data_generator_X":0.025879949},{"data_generator_T":45.0,"data_generator_X":0.025517199},{"data_generator_T":45.599998,"data_generator_X":0.025208425},{"data_generator_T":46.200001,"data_generator_X":0.02494701},{"data_generator_T":46.799999,"data_generator_X":0.024727313},{"data_generator_T":47.400002,"data_generator_X":0.024544507},{"data_generator_T":48.0,"data_generator_X":0.024394432},{"data_generator_T":48.599998,"data_generator_X":0.024273491},{"data_generator_T":49.200001,"data_generator_X":0.02417855},{"data_generator_T":49.799999,"data_generator_X":0.024106877},{"data_generator_T":50.400002,"data_generator_X":0.024056071},{"data_generator_T":51.0,"data_generator_X":0.024024019},{"data_generator_T":51.599998,"data_generator_X":0.024008848},{"data_generator_T":52.200001,"data_generator_X":0.024008904},{"data_generator_T":52.799999,"data_generator_X":0.024022704},{"data_generator_T":53.400002,"data_generator_X":0.024048934},{"data_generator_T":54.0,"data_generator_X":0.02408641},{"data_generator_T":54.599998,"data_generator_X":0.024134073},{"data_generator_T":55.200001,"data_generator_X":0.024190968},{"data_generator_T":55.799999,"data_generator_X":0.024256235},{"data_generator_T":56.400002,"data_generator_X":0.024329098},{"data_generator_T":57.0,"data_generator_X":0.024408851},{"data_generator_T":57.599998,"data_generator_X":0.024494857},{"data_generator_T":58.200001,"data_generator_X":0.024586536},{"data_generator_T":58.799999,"data_generator_X":0.024683362},{"data_generator_T":59.400002,"data_generator_X":0.024784856},{"data_generator_T":60.0,"data_generator_X":0.024890581},{"data_generator_T":60.599998,"data_generator_X":0.02500014},{"data_generator_T":61.200001,"data_generator_X":0.025113167},{"data_generator_T":61.799999,"data_generator_X":0.025229333},{"data_generator_T":62.400002,"data_generator_X":0.025348336},{"data_generator_T":63.0,"data_generator_X":0.025469895},{"data_generator_T":63.599998,"data_generator_X":0.025593759},{"data_generator_T":64.199997,"data_generator_X":0.0257197},{"data_generator_T":64.800003,"data_generator_X":0.025847502},{"data_generator_T":65.400002,"data_generator_X":0.025976975},{"data_generator_T":66.0,"data_generator_X":0.026107939},{"data_generator_T":66.599998,"data_generator_X":0.026240235},{"data_generator_T":67.199997,"data_generator_X":0.026373716},{"data_generator_T":67.800003,"data_generator_X":0.026508246},{"data_generator_T":68.400002,"data_generator_X":0.026643703},{"data_generator_T":69.0,"data_generator_X":0.026779976},{"data_generator_T":69.599998,"data_generator_X":0.02691696},{"data_generator_T":70.199997,"data_generator_X":0.027054565},{"data_generator_T":70.800003,"data_generator_X":0.027192704},{"data_generator_T":71.400002,"data_generator_X":0.027331304},{"data_generator_T":72.0,"data_generator_X":0.027470293},{"data_generator_T":72.599998,"data_generator_X":0.027609607},{"data_generator_T":73.199997,"data_generator_X":0.02774919},{"data_generator_T":73.800003,"data_generator_X":0.027888993},{"data_generator_T":74.400002,"data_generator_X":0.028028965},{"data_generator_T":75.0,"data_generator_X":0.028169069},{"data_generator_T":75.599998,"data_generator_X":0.028309265},{"data_generator_T":76.199997,"data_generator_X":0.02844952},{"data_generator_T":76.800003,"data_generator_X":0.028589806},{"data_generator_T":77.400002,"data_generator_X":0.028730096},{"data_generator_T":78.0,"data_generator_X":0.028870367},{"data_generator_T":78.599998,"data_generator_X":0.029010598},{"data_generator_T":79.199997,"data_generator_X":0.029150773},{"data_generator_T":79.800003,"data_generator_X":0.029290875},{"data_generator_T":80.400002,"data_generator_X":0.029430894},{"data_generator_T":81.0,"data_generator_X":0.029570816},{"data_generator_T":81.599998,"data_generator_X":0.029710636},{"data_generator_T":82.199997,"data_generator_X":0.029850341},{"data_generator_T":82.800003,"data_generator_X":0.029989932},{"data_generator_T":83.400002,"data_generator_X":0.030129401},{"data_generator_T":84.0,"data_generator_X":0.030268747},{"data_generator_T":84.599998,"data_generator_X":0.030407969},{"data_generator_T":85.199997,"data_generator_X":0.030547066},{"data_generator_T":85.800003,"data_generator_X":0.030686039},{"data_generator_T":86.400002,"data_generator_X":0.030824888},{"data_generator_T":87.0,"data_generator_X":0.03096362},{"data_generator_T":87.599998,"data_generator_X":0.031102236},{"data_generator_T":88.199997,"data_generator_X":0.031240741},{"data_generator_T":88.800003,"data_generator_X":0.031379141},{"data_generator_T":89.400002,"data_generator_X":0.031517439},{"data_generator_T":90.0,"data_generator_X":0.031655647},{"data_generator_T":90.599998,"data_generator_X":0.031793766},{"data_generator_T":91.199997,"data_generator_X":0.03193181},{"data_generator_T":91.800003,"data_generator_X":0.03206978},{"data_generator_T":92.400002,"data_generator_X":0.03220769},{"data_generator_T":93.0,"data_generator_X":0.032345548},{"data_generator_T":93.599998,"data_generator_X":0.032483365},{"data_generator_T":94.199997,"data_generator_X":0.032621149},{"data_generator_T":94.800003,"data_generator_X":0.03275891},{"data_generator_T":95.400002,"data_generator_X":0.032896664},{"data_generator_T":96.0,"data_generator_X":0.033034414},{"data_generator_T":96.599998,"data_generator_X":0.033172179},{"data_generator_T":97.199997,"data_generator_X":0.033309966},{"data_generator_T":97.800003,"data_generator_X":0.033447791},{"data_generator_T":98.400002,"data_generator_X":0.033585668},{"data_generator_T":99.0,"data_generator_X":0.033723604},{"data_generator_T":99.599998,"data_generator_X":0.033861615},{"data_generator_T":100.2,"data_generator_X":0.033999719},{"data_generator_T":100.8,"data_generator_X":0.034137923},{"data_generator_T":101.4,"data_generator_X":0.034276251},{"data_generator_T":102.0,"data_generator_X":0.034414709},{"data_generator_T":102.6,"data_generator_X":0.034553315},{"data_generator_T":103.2,"data_generator_X":0.034692086},{"data_generator_T":103.8,"data_generator_X":0.034831036},{"data_generator_T":104.4,"data_generator_X":0.034970183},{"data_generator_T":105.0,"data_generator_X":0.035109542},{"data_generator_T":105.6,"data_generator_X":0.035249133},{"data_generator_T":106.2,"data_generator_X":0.035388973},{"data_generator_T":106.8,"data_generator_X":0.035529077},{"data_generator_T":107.4,"data_generator_X":0.035669465},{"data_generator_T":108.0,"data_generator_X":0.035810158},{"data_generator_T":108.6,"data_generator_X":0.035951175},{"data_generator_T":109.2,"data_generator_X":0.036092535},{"data_generator_T":109.8,"data_generator_X":0.03623426},{"data_generator_T":110.4,"data_generator_X":0.036376368},{"data_generator_T":111.0,"data_generator_X":0.036518887},{"data_generator_T":111.6,"data_generator_X":0.036661834},{"data_generator_T":112.2,"data_generator_X":0.036805231},{"data_generator_T":112.8,"data_generator_X":0.036949109},{"data_generator_T":113.4,"data_generator_X":0.037093487},{"data_generator_T":114.0,"data_generator_X":0.037238393},{"data_generator_T":114.6,"data_generator_X":0.037383851},{"data_generator_T":115.2,"data_generator_X":0.037529889},{"data_generator_T":115.8,"data_generator_X":0.037676536},{"data_generator_T":116.4,"data_generator_X":0.037823822},{"data_generator_T":117.0,"data_generator_X":0.037971776},{"data_generator_T":117.6,"data_generator_X":0.03812043},{"data_generator_T":118.2,"data_generator_X":0.038269814},{"data_generator_T":118.8,"data_generator_X":0.038419962},{"data_generator_T":119.4,"data_generator_X":0.038570911},{"data_generator_T":120.0,"data_generator_X":0.038722698},{"data_generator_T":120.6,"data_generator_X":0.03887536},{"data_generator_T":121.2,"data_generator_X":0.039028931},{"data_generator_T":121.8,"data_generator_X":0.03918346},{"data_generator_T":122.4,"data_generator_X":0.039338987},{"data_generator_T":123.0,"data_generator_X":0.039495554},{"data_generator_T":123.6,"data_generator_X":0.039653208},{"data_generator_T":124.2,"data_generator_X":0.039812002},{"data_generator_T":124.8,"data_generator_X":0.039971985},{"data_generator_T":125.4,"data_generator_X":0.040133208},{"data_generator_T":126.0,"data_generator_X":0.040295731},{"data_generator_T":126.6,"data_generator_X":0.040459607},{"data_generator_T":127.2,"data_generator_X":0.040624905},{"data_generator_T":127.8,"data_generator_X":0.040791683},{"data_generator_T":128.39999,"data_generator_X":0.040960014},{"data_generator_T":129.0,"data_generator_X":0.041129969},{"data_generator_T":129.60001,"data_generator_X":0.041301627},{"data_generator_T":130.2,"data_generator_X":0.041475061},{"data_generator_T":130.8,"data_generator_X":0.041650359},{"data_generator_T":131.39999,"data_generator_X":0.041827615},{"data_generator_T":132.0,"data_generator_X":0.042006917},{"data_generator_T":132.60001,"data_generator_X":0.042188372},{"data_generator_T":133.2,"data_generator_X":0.042372085},{"data_generator_T":133.8,"data_generator_X":0.042558171},{"data_generator_T":134.39999,"data_generator_X":0.042746753},{"data_generator_T":135.0,"data_generator_X":0.042937953},{"data_generator_T":135.60001,"data_generator_X":0.043131918},{"data_generator_T":136.2,"data_generator_X":0.043328796},{"data_generator_T":136.8,"data_generator_X":0.043528739},{"data_generator_T":137.39999,"data_generator_X":0.043731924},{"data_generator_T":138.0,"data_generator_X":0.043938532},{"data_generator_T":138.60001,"data_generator_X":0.044148762},{"data_generator_T":139.2,"data_generator_X":0.044362824},{"data_generator_T":139.8,"data_generator_X":0.044580955},{"data_generator_T":140.39999,"data_generator_X":0.0448034},{"data_generator_T":141.0,"data_generator_X":0.045030426},{"data_generator_T":141.60001,"data_generator_X":0.045262337},{"data_generator_T":142.2,"data_generator_X":0.045499448},{"data_generator_T":142.8,"data_generator_X":0.045742117},{"data_generator_T":143.39999,"data_generator_X":0.045990724},{"data_generator_T":144.0,"data_generator_X":0.046245698},{"data_generator_T":144.60001,"data_generator_X":0.046507504},{"data_generator_T":145.2,"data_generator_X":0.046776656},{"data_generator_T":145.8,"data_generator_X":0.047053736},{"data_generator_T":146.39999,"data_generator_X":0.047339372},{"data_generator_T":147.0,"data_generator_X":0.047634285},{"data_generator_T":147.60001,"data_generator_X":0.047939267},{"data_generator_T":148.2,"data_generator_X":0.048255228},{"data_generator_T":148.8,"data_generator_X":0.048583176},{"data_generator_T":149.39999,"data_generator_X":0.048924275},{"data_generator_T":150.0,"data_generator_X":0.049279846},{"data_generator_T":150.60001,"data_generator_X":0.04965141},{"data_generator_T":151.2,"data_generator_X":0.050040718},{"data_generator_T":151.8,"data_generator_X":0.050449811},{"data_generator_T":152.39999,"data_generator_X":0.050881088},{"data_generator_T":153.0,"data_generator_X":0.051337365},{"data_generator_T":153.60001,"data_generator_X":0.051822014},{"data_generator_T":154.2,"data_generator_X":0.05233907},{"data_generator_T":154.8,"data_generator_X":0.052893456},{"data_generator_T":155.39999,"data_generator_X":0.053491209},{"data_generator_T":156.0,"data_generator_X":0.054139864},{"data_generator_T":156.60001,"data_generator_X":0.05484895},{"data_generator_T":157.2,"data_generator_X":0.055630729},{"data_generator_T":157.8,"data_generator_X":0.05650131},{"data_generator_T":158.39999,"data_generator_X":0.057482366},{"data_generator_T":159.0,"data_generator_X":0.058603838},{"data_generator_T":159.60001,"data_generator_X":0.059908535},{"data_generator_T":160.2,"data_generator_X":0.061460197},{"data_generator_T":160.8,"data_generator_X":0.063358679},{"data_generator_T":161.39999,"data_generator_X":0.065771006},{"data_generator_T":162.0,"data_generator_X":0.069001675},{"data_generator_T":162.60001,"data_generator_X":0.073674954},{"data_generator_T":163.2,"data_generator_X":0.081297137},{"data_generator_T":163.8,"data_generator_X":0.096326634},{"data_generator_T":164.39999,"data_generator_X":0.13230544},{"data_generator_T":165.0,"data_generator_X":0.20632455},{"data_generator_T":165.60001,"data_generator_X":0.31387198},{"data_generator_T":166.2,"data_generator_X":0.42902511},{"data_generator_T":166.8,"data_generator_X":0.52328789},{"data_generator_T":167.39999,"data_generator_X":0.587156},{"data_generator_T":168.0,"data_generator_X":0.62484348},{"data_generator_T":168.60001,"data_generator_X":0.64374042},{"data_generator_T":169.2,"data_generator_X":0.65002298},{"data_generator_T":169.8,"data_generator_X":0.64799213},{"data_generator_T":170.39999,"data_generator_X":0.64047563},{"data_generator_T":171.0,"data_generator_X":0.62931305},{"data_generator_T":171.60001,"data_generator_X":0.61571217},{"data_generator_T":172.2,"data_generator_X":0.60048044},{"data_generator_T":172.8,"data_generator_X":0.58416885},{"data_generator_T":173.39999,"data_generator_X":0.5671618},{"data_generator_T":174.0,"data_generator_X":0.54973334},{"data_generator_T":174.60001,"data_generator_X":0.53208315},{"data_generator_T":175.2,"data_generator_X":0.51435935},{"data_generator_T":175.8,"data_generator_X":0.49667454},{"data_generator_T":176.39999,"data_generator_X":0.4791154},{"data_generator_T":177.0,"data_generator_X":0.46175033},{"data_generator_T":177.60001,"data_generator_X":0.44463405},{"data_generator_T":178.2,"data_generator_X":0.42781115},{"data_generator_T":178.8,"data_generator_X":0.41131848},{"data_generator_T":179.39999,"data_generator_X":0.39518696},{"data_generator_T":180.0,"data_generator_X":0.37944275},{"data_generator_T":180.60001,"data_generator_X":0.36410823},{"data_generator_T":181.2,"data_generator_X":0.3492026},{"data_generator_T":181.8,"data_generator_X":0.33474237},{"data_generator_T":182.39999,"data_generator_X":0.32074159},{"data_generator_T":183.0,"data_generator_X":0.30721217},{"data_generator_T":183.60001,"data_generator_X":0.29416394},{"data_generator_T":184.2,"data_generator_X":0.28160471},{"data_generator_T":184.8,"data_generator_X":0.26954046},{"data_generator_T":185.39999,"data_generator_X":0.25797513},{"data_generator_T":186.0,"data_generator_X":0.24691087},{"data_generator_T":186.60001,"data_generator_X":0.23634787},{"data_generator_T":187.2,"data_generator_X":0.22628449},{"data_generator_T":187.8,"data_generator_X":0.21671721},{"data_generator_T":188.39999,"data_generator_X":0.20764069},{"data_generator_T":189.0,"data_generator_X":0.19904785},{"data_generator_T":189.60001,"data_generator_X":0.19092986},{"data_generator_T":190.2,"data_generator_X":0.18327633},{"data_generator_T":190.8,"data_generator_X":0.17607529},{"data_generator_T":191.39999,"data_generator_X":0.16931342},{"data_generator_T":192.0,"data_generator_X":0.16297603},{"data_generator_T":192.60001,"data_generator_X":0.15704732},{"data_generator_T":193.2,"data_generator_X":0.15151042},{"data_generator_T":193.8,"data_generator_X":0.14634758},{"data_generator_T":194.39999,"data_generator_X":0.14154033},{"data_generator_T":195.0,"data_generator_X":0.1370696},{"data_generator_T":195.60001,"data_generator_X":0.13291587},{"data_generator_T":196.2,"data_generator_X":0.12905939},{"data_generator_T":196.8,"data_generator_X":0.12548025},{"data_generator_T":197.39999,"data_generator_X":0.12215861},{"data_generator_T":198.0,"data_generator_X":0.1190748},{"data_generator_T":198.60001,"data_generator_X":0.11620948},{"data_generator_T":199.2,"data_generator_X":0.11354373},{"data_generator_T":199.8,"data_generator_X":0.11105917},{"data_generator_T":200.39999,"data_generator_X":0.10873806},{"data_generator_T":201.0,"data_generator_X":0.10656332},{"data_generator_T":201.60001,"data_generator_X":0.10451863},{"data_generator_T":202.2,"data_generator_X":0.10258839},{"data_generator_T":202.8,"data_generator_X":0.10075777},{"data_generator_T":203.39999,"data_generator_X":0.099012673},{"data_generator_T":204.0,"data_generator_X":0.097339682},{"data_generator_T":204.60001,"data_generator_X":0.095726043},{"data_generator_T":205.2,"data_generator_X":0.094159588},{"data_generator_T":205.8,"data_generator_X":0.092628621},{"data_generator_T":206.39999,"data_generator_X":0.091121867},{"data_generator_T":207.0,"data_generator_X":0.089628309},{"data_generator_T":207.60001,"data_generator_X":0.08813712},{"data_generator_T":208.2,"data_generator_X":0.086637482},{"data_generator_T":208.8,"data_generator_X":0.085118443},{"data_generator_T":209.39999,"data_generator_X":0.083568737},{"data_generator_T":210.0,"data_generator_X":0.081976622},{"data_generator_T":210.60001,"data_generator_X":0.080329634},{"data_generator_T":211.2,"data_generator_X":0.078614458},{"data_generator_T":211.8,"data_generator_X":0.076816663},{"data_generator_T":212.39999,"data_generator_X":0.074920632},{"data_generator_T":213.0,"data_generator_X":0.072909519},{"data_generator_T":213.60001,"data_generator_X":0.07076554},{"data_generator_T":214.2,"data_generator_X":0.068470657},{"data_generator_T":214.8,"data_generator_X":0.066008173},{"data_generator_T":215.39999,"data_generator_X":0.063365579},{"data_generator_T":216.0,"data_generator_X":0.060539376},{"data_generator_T":216.60001,"data_generator_X":0.057541948},{"data_generator_T":217.2,"data_generator_X":0.054409426},{"data_generator_T":217.8,"data_generator_X":0.051207125},{"data_generator_T":218.39999,"data_generator_X":0.048026577},{"data_generator_T":219.0,"data_generator_X":0.044970386},{"data_generator_T":219.60001,"data_generator_X":0.04212914},{"data_generator_T":220.2,"data_generator_X":0.039562568},{"data_generator_T":220.8,"data_generator_X":0.037294269},{"data_generator_T":221.39999,"data_generator_X":0.035318743},{"data_generator_T":222.0,"data_generator_X":0.033612985},{"data_generator_T":222.60001,"data_generator_X":0.032146513},{"data_generator_T":223.2,"data_generator_X":0.030887773},{"data_generator_T":223.8,"data_generator_X":0.02980742},{"data_generator_T":224.39999,"data_generator_X":0.028879611},{"data_generator_T":225.0,"data_generator_X":0.028082214},{"data_generator_T":225.60001,"data_generator_X":0.027396549},{"data_generator_T":226.2,"data_generator_X":0.026806947},{"data_generator_T":226.8,"data_generator_X":0.026300278},{"data_generator_T":227.39999,"data_generator_X":0.025865521},{"data_generator_T":228.0,"data_generator_X":0.0254934},{"data_generator_T":228.60001,"data_generator_X":0.025176071},{"data_generator_T":229.2,"data_generator_X":0.024906863},{"data_generator_T":229.8,"data_generator_X":0.024680085},{"data_generator_T":230.39999,"data_generator_X":0.024490856},{"data_generator_T":231.0,"data_generator_X":0.02433496},{"data_generator_T":231.60001,"data_generator_X":0.024208745},{"data_generator_T":232.2,"data_generator_X":0.024109032},{"data_generator_T":232.8,"data_generator_X":0.024033044},{"data_generator_T":233.39999,"data_generator_X":0.023978338},{"data_generator_T":234.0,"data_generator_X":0.023942763},{"data_generator_T":234.60001,"data_generator_X":0.023924418},{"data_generator_T":235.2,"data_generator_X":0.023921609},{"data_generator_T":235.8,"data_generator_X":0.023932833},{"data_generator_T":236.39999,"data_generator_X":0.023956746},{"data_generator_T":237.0,"data_generator_X":0.023992145},{"data_generator_T":237.60001,"data_generator_X":0.02403795},{"data_generator_T":238.2,"data_generator_X":0.024093185},{"data_generator_T":238.8,"data_generator_X":0.024156973},{"data_generator_T":239.39999,"data_generator_X":0.024228523},{"data_generator_T":240.0,"data_generator_X":0.024307115},{"data_generator_T":240.60001,"data_generator_X":0.0243921},{"data_generator_T":241.2,"data_generator_X":0.024482887},{"data_generator_T":241.8,"data_generator_X":0.024578936},{"data_generator_T":242.39999,"data_generator_X":0.02467976},{"data_generator_T":243.0,"data_generator_X":0.024784913},{"data_generator_T":243.60001,"data_generator_X":0.024893988},{"data_generator_T":244.2,"data_generator_X":0.025006613},{"data_generator_T":244.8,"data_generator_X":0.025122453},{"data_generator_T":245.39999,"data_generator_X":0.025241194},{"data_generator_T":246.0,"data_generator_X":0.025362555},{"data_generator_T":246.60001,"data_generator_X":0.025486279},{"data_generator_T":247.2,"data_generator_X":0.025612127},{"data_generator_T":247.8,"data_generator_X":0.025739884},{"data_generator_T":248.39999,"data_generator_X":0.025869353},{"data_generator_T":249.0,"data_generator_X":0.026000353},{"data_generator_T":249.60001,"data_generator_X":0.026132718},{"data_generator_T":250.2,"data_generator_X":0.026266299},{"data_generator_T":250.8,"data_generator_X":0.026400955},{"data_generator_T":251.39999,"data_generator_X":0.026536563},{"data_generator_T":252.0,"data_generator_X":0.026673008},{"data_generator_T":252.60001,"data_generator_X":0.026810186},{"data_generator_T":253.2,"data_generator_X":0.026947999},{"data_generator_T":253.8,"data_generator_X":0.027086362},{"data_generator_T":254.39999,"data_generator_X":0.027225196},{"data_generator_T":255.0,"data_generator_X":0.027364433},{"data_generator_T":255.60001,"data_generator_X":0.027504003},{"data_generator_T":256.20001,"data_generator_X":0.02764385},{"data_generator_T":256.79999,"data_generator_X":0.027783921},{"data_generator_T":257.39999,"data_generator_X":0.027924169},{"data_generator_T":258.0,"data_generator_X":0.028064549},{"data_generator_T":258.60001,"data_generator_X":0.028205026},{"data_generator_T":259.20001,"data_generator_X":0.028345563},{"data_generator_T":259.79999,"data_generator_X":0.028486131},{"data_generator_T":260.39999,"data_generator_X":0.028626701},{"data_generator_T":261.0,"data_generator_X":0.02876725},{"data_generator_T":261.60001,"data_generator_X":0.028907761},{"data_generator_T":262.20001,"data_generator_X":0.02904821},{"data_generator_T":262.79999,"data_generator_X":0.029188585},{"data_generator_T":263.39999,"data_generator_X":0.029328872},{"data_generator_T":264.0,"data_generator_X":0.029469058},{"data_generator_T":264.60001,"data_generator_X":0.029609134},{"data_generator_T":265.20001,"data_generator_X":0.029749094},{"data_generator_T":265.79999,"data_generator_X":0.029888932},{"data_generator_T":266.39999,"data_generator_X":0.030028643},{"data_generator_T":267.0,"data_generator_X":0.030168224},{"data_generator_T":267.60001,"data_generator_X":0.030307673},{"data_generator_T":268.20001,"data_generator_X":0.030446991},{"data_generator_T":268.79999,"data_generator_X":0.030586176},{"data_generator_T":269.39999,"data_generator_X":0.030725233},{"data_generator_T":270.0,"data_generator_X":0.030864162},{"data_generator_T":270.60001,"data_generator_X":0.031002969},{"data_generator_T":271.20001,"data_generator_X":0.031141654},{"data_generator_T":271.79999,"data_generator_X":0.031280227},{"data_generator_T":272.39999,"data_generator_X":0.031418689},{"data_generator_T":273.0,"data_generator_X":0.031557053},{"data_generator_T":273.60001,"data_generator_X":0.031695317},{"data_generator_T":274.20001,"data_generator_X":0.0318335},{"data_generator_T":274.79999,"data_generator_X":0.031971596},{"data_generator_T":275.39999,"data_generator_X":0.032109626},{"data_generator_T":276.0,"data_generator_X":0.032247595},{"data_generator_T":276.60001,"data_generator_X":0.032385509},{"data_generator_T":277.20001,"data_generator_X":0.032523386},{"data_generator_T":277.79999,"data_generator_X":0.032661226},{"data_generator_T":278.39999,"data_generator_X":0.032799046},{"data_generator_T":279.0,"data_generator_X":0.03293686},{"data_generator_T":279.60001,"data_generator_X":0.033074673},{"data_generator_T":280.20001,"data_generator_X":0.033212498},{"data_generator_T":280.79999,"data_generator_X":0.033350352},{"data_generator_T":281.39999,"data_generator_X":0.033488244},{"data_generator_T":282.0,"data_generator_X":0.033626188},{"data_generator_T":282.60001,"data_generator_X":0.033764195},{"data_generator_T":283.20001,"data_generator_X":0.033902284},{"data_generator_T":283.79999,"data_generator_X":0.034040462},{"data_generator_T":284.39999,"data_generator_X":0.034178749},{"data_generator_T":285.0,"data_generator_X":0.034317154},{"data_generator_T":285.60001,"data_generator_X":0.034455698},{"data_generator_T":286.20001,"data_generator_X":0.034594394},{"data_generator_T":286.79999,"data_generator_X":0.034733258},{"data_generator_T":287.39999,"data_generator_X":0.034872305},{"data_generator_T":288.0,"data_generator_X":0.035011552},{"data_generator_T":288.60001,"data_generator_X":0.03515102},{"data_generator_T":289.20001,"data_generator_X":0.035290718},{"data_generator_T":289.79999,"data_generator_X":0.03543067},{"data_generator_T":290.39999,"data_generator_X":0.035570893},{"data_generator_T":291.0,"data_generator_X":0.035711404},{"data_generator_T":291.60001,"data_generator_X":0.035852227},{"data_generator_T":292.20001,"data_generator_X":0.035993375},{"data_generator_T":292.79999,"data_generator_X":0.036134876},{"data_generator_T":293.39999,"data_generator_X":0.036276743},{"data_generator_T":294.0,"data_generator_X":0.036419004},{"data_generator_T":294.60001,"data_generator_X":0.036561675},{"data_generator_T":295.20001,"data_generator_X":0.036704786},{"data_generator_T":295.79999,"data_generator_X":0.036848355},{"data_generator_T":296.39999,"data_generator_X":0.036992408},{"data_generator_T":297.0,"data_generator_X":0.037136968},{"data_generator_T":297.60001,"data_generator_X":0.037282065},{"data_generator_T":298.20001,"data_generator_X":0.03742772},{"data_generator_T":298.79999,"data_generator_X":0.037573963},{"data_generator_T":299.39999,"data_generator_X":0.037720826},{"data_generator_T":300.0,"data_generator_X":0.037868336},{"data_generator_T":300.60001,"data_generator_X":0.03801652},{"data_generator_T":301.20001,"data_generator_X":0.038165413},{"data_generator_T":301.79999,"data_generator_X":0.038315047},{"data_generator_T":302.39999,"data_generator_X":0.038465459},{"data_generator_T":303.0,"data_generator_X":0.03861668},{"data_generator_T":303.60001,"data_generator_X":0.038768746},{"data_generator_T":304.20001,"data_generator_X":0.038921699},{"data_generator_T":304.79999,"data_generator_X":0.039075579},{"data_generator_T":305.39999,"data_generator_X":0.039230425},{"data_generator_T":306.0,"data_generator_X":0.039386284},{"data_generator_T":306.60001,"data_generator_X":0.039543193},{"data_generator_T":307.20001,"data_generator_X":0.039701208},{"data_generator_T":307.79999,"data_generator_X":0.039860375},{"data_generator_T":308.39999,"data_generator_X":0.040020749},{"data_generator_T":309.0,"data_generator_X":0.040182378},{"data_generator_T":309.60001,"data_generator_X":0.040345322},{"data_generator_T":310.20001,"data_generator_X":0.040509641},{"data_generator_T":310.79999,"data_generator_X":0.040675398},{"data_generator_T":311.39999,"data_generator_X":0.04084266},{"data_generator_T":312.0,"data_generator_X":0.041011494},{"data_generator_T":312.60001,"data_generator_X":0.041181974},{"data_generator_T":313.20001,"data_generator_X":0.041354179},{"data_generator_T":313.79999,"data_generator_X":0.041528188},{"data_generator_T":314.39999,"data_generator_X":0.041704088},{"data_generator_T":315.0,"data_generator_X":0.041881971},{"data_generator_T":315.60001,"data_generator_X":0.042061936},{"data_generator_T":316.20001,"data_generator_X":0.04224408},{"data_generator_T":316.79999,"data_generator_X":0.04242852},{"data_generator_T":317.39999,"data_generator_X":0.042615365},{"data_generator_T":318.0,"data_generator_X":0.042804744},{"data_generator_T":318.60001,"data_generator_X":0.04299679},{"data_generator_T":319.20001,"data_generator_X":0.043191638},{"data_generator_T":319.79999,"data_generator_X":0.043389447},{"data_generator_T":320.39999,"data_generator_X":0.043590378},{"data_generator_T":321.0,"data_generator_X":0.043794598},{"data_generator_T":321.60001,"data_generator_X":0.044002306},{"data_generator_T":322.20001,"data_generator_X":0.044213694},{"data_generator_T":322.79999,"data_generator_X":0.044428986},{"data_generator_T":323.39999,"data_generator_X":0.04464842},{"data_generator_T":324.0,"data_generator_X":0.044872247},{"data_generator_T":324.60001,"data_generator_X":0.045100745},{"data_generator_T":325.20001,"data_generator_X":0.045334224},{"data_generator_T":325.79999,"data_generator_X":0.045573007},{"data_generator_T":326.39999,"data_generator_X":0.045817461},{"data_generator_T":327.0,"data_generator_X":0.046067979},{"data_generator_T":327.60001,"data_generator_X":0.046325002},{"data_generator_T":328.20001,"data_generator_X":0.046589009},{"data_generator_T":328.79999,"data_generator_X":0.046860535},{"data_generator_T":329.39999,"data_generator_X":0.04714017},{"data_generator_T":330.0,"data_generator_X":0.047428578},{"data_generator_T":330.60001,"data_generator_X":0.047726493},{"data_generator_T":331.20001,"data_generator_X":0.048034746},{"data_generator_T":331.79999,"data_generator_X":0.048354272},{"data_generator_T":332.39999,"data_generator_X":0.048686132},{"data_generator_T":333.0,"data_generator_X":0.049031522},{"data_generator_T":333.60001,"data_generator_X":0.049391828},{"data_generator_T":334.20001,"data_generator_X":0.049768638},{"data_generator_T":334.79999,"data_generator_X":0.050163787},{"data_generator_T":335.39999,"data_generator_X":0.05057941},{"data_generator_T":336.0,"data_generator_X":0.051018033},{"data_generator_T":336.60001,"data_generator_X":0.051482625},{"data_generator_T":337.20001,"data_generator_X":0.051976748},{"data_generator_T":337.79999,"data_generator_X":0.052504685},{"data_generator_T":338.39999,"data_generator_X":0.053071667},{"data_generator_T":339.0,"data_generator_X":0.053684145},{"data_generator_T":339.60001,"data_generator_X":0.054350205},{"data_generator_T":340.20001,"data_generator_X":0.05508012},{"data_generator_T":340.79999,"data_generator_X":0.055887196},{"data_generator_T":341.39999,"data_generator_X":0.056789026},{"data_generator_T":342.0,"data_generator_X":0.057809457},{"data_generator_T":342.60001,"data_generator_X":0.05898178},{"data_generator_T":343.20001,"data_generator_X":0.060354125},{"data_generator_T":343.79999,"data_generator_X":0.061999194},{"data_generator_T":344.39999,"data_generator_X":0.064033002},{"data_generator_T":345.0,"data_generator_X":0.066654257},{"data_generator_T":345.60001,"data_generator_X":0.070237011},{"data_generator_T":346.20001,"data_generator_X":0.075583003},{"data_generator_T":346.79999,"data_generator_X":0.084747173},{"data_generator_T":347.39999,"data_generator_X":0.10413727},{"data_generator_T":348.0,"data_generator_X":0.15068614},{"data_generator_T":348.60001,"data_generator_X":0.23654605},{"data_generator_T":349.20001,"data_generator_X":0.3499372},{"data_generator_T":349.79999,"data_generator_X":0.46098694},{"data_generator_T":350.39999,"data_generator_X":0.54605341},{"data_generator_T":351.0,"data_generator_X":0.60115111},{"data_generator_T":351.60001,"data_generator_X":0.63231301},{"data_generator_T":352.20001,"data_generator_X":0.64677727},{"data_generator_T":352.79999,"data_generator_X":0.65013313},{"data_generator_T":353.39999,"data_generator_X":0.64617455},{"data_generator_T":354.0,"data_generator_X":0.63737983},{"data_generator_T":354.60001,"data_generator_X":0.62536359},{"data_generator_T":355.20001,"data_generator_X":0.61119109},{"data_generator_T":355.79999,"data_generator_X":0.59557879},{"data_generator_T":356.39999,"data_generator_X":0.57901907},{"data_generator_T":357.0,"data_generator_X":0.5618577},{"data_generator_T":357.60001,"data_generator_X":0.54434276},{"data_generator_T":358.20001,"data_generator_X":0.52665603},{"data_generator_T":358.79999,"data_generator_X":0.50893354},{"data_generator_T":359.39999,"data_generator_X":0.49127889},{"data_generator_T":360.0,"data_generator_X":0.47377262},{"data_generator_T":360.60001,"data_generator_X":0.45647842},{"data_generator_T":361.20001,"data_generator_X":0.43944764},{"data_generator_T":361.79999,"data_generator_X":0.42272228},{"data_generator_T":362.39999,"data_generator_X":0.40633717},{"data_generator_T":363.0,"data_generator_X":0.39032167},{"data_generator_T":363.60001,"data_generator_X":0.37470073},{"data_generator_T":364.20001,"data_generator_X":0.35949567},{"data_generator_T":364.79999,"data_generator_X":0.34472486},{"data_generator_T":365.39999,"data_generator_X":0.33040395},{"data_generator_T":366.0,"data_generator_X":0.31654641},{"data_generator_T":366.60001,"data_generator_X":0.30316344},{"data_generator_T":367.20001,"data_generator_X":0.29026425},{"data_generator_T":367.79999,"data_generator_X":0.27785611},{"data_generator_T":368.39999,"data_generator_X":0.26594436},{"data_generator_T":369.0,"data_generator_X":0.2545324},{"data_generator_T":369.60001,"data_generator_X":0.24362175},{"data_generator_T":370.20001,"data_generator_X":0.23321208},{"data_generator_T":370.79999,"data_generator_X":0.22330113},{"data_generator_T":371.39999,"data_generator_X":0.21388483},{"data_generator_T":372.0,"data_generator_X":0.20495732},{"data_generator_T":372.60001,"data_generator_X":0.19651096},{"data_generator_T":373.20001,"data_generator_X":0.18853642},{"data_generator_T":373.79999,"data_generator_X":0.18102285},{"data_generator_T":374.39999,"data_generator_X":0.17395782},{"data_generator_T":375.0,"data_generator_X":0.1673276},{"data_generator_T":375.60001,"data_generator_X":0.16111714},{"data_generator_T":376.20001,"data_generator_X":0.15531029},{"data_generator_T":376.79999,"data_generator_X":0.1498899},{"data_generator_T":377.39999,"data_generator_X":0.14483801},{"data_generator_T":378.0,"data_generator_X":0.1401359},{"data_generator_T":378.60001,"data_generator_X":0.13576436},{"data_generator_T":379.20001,"data_generator_X":0.13170381},{"data_generator_T":379.79999,"data_generator_X":0.1279344},{"data_generator_T":380.39999,"data_generator_X":0.12443624},{"data_generator_T":381.0,"data_generator_X":0.12118954},{"data_generator_T":381.60001,"data_generator_X":0.1181747},{"data_generator_T":382.20001,"data_generator_X":0.11537251},{"data_generator_T":382.79999,"data_generator_X":0.11276419},{"data_generator_T":383.39999,"data_generator_X":0.11033156},{"data_generator_T":384.0,"data_generator_X":0.10805707},{"data_generator_T":384.60001,"data_generator_X":0.10592388},{"data_generator_T":385.20001,"data_generator_X":0.10391587},{"data_generator_T":385.79999,"data_generator_X":0.10201769},{"data_generator_T":386.39999,"data_generator_X":0.10021474},{"data_generator_T":387.0,"data_generator_X":0.098493122},{"data_generator_T":387.60001,"data_generator_X":0.096839644},{"data_generator_T":388.20001,"data_generator_X":0.095241733},{"data_generator_T":388.79999,"data_generator_X":0.093687378},{"data_generator_T":389.39999,"data_generator_X":0.092165008},{"data_generator_T":390.0,"data_generator_X":0.090663455},{"data_generator_T":390.60001,"data_generator_X":0.089171782},{"data_generator_T":391.20001,"data_generator_X":0.087679155},{"data_generator_T":391.79999,"data_generator_X":0.086174756},{"data_generator_T":392.39999,"data_generator_X":0.084647536},{"data_generator_T":393.0,"data_generator_X":0.083086118},{"data_generator_T":393.60001,"data_generator_X":0.081478558},{"data_generator_T":394.20001,"data_generator_X":0.079812154},{"data_generator_T":394.79999,"data_generator_X":0.078073256},{"data_generator_T":395.39999,"data_generator_X":0.076247089},{"data_generator_T":396.0,"data_generator_X":0.074317649},{"data_generator_T":396.60001,"data_generator_X":0.072267763},{"data_generator_T":397.20001,"data_generator_X":0.070079461},{"data_generator_T":397.79999,"data_generator_X":0.06773489},{"data_generator_T":398.39999,"data_generator_X":0.065218262},{"data_generator_T":399.0,"data_generator_X":0.062519215},{"data_generator_T":399.60001,"data_generator_X":0.05963831},{"data_generator_T":400.20001,"data_generator_X":0.056594368},{"data_generator_T":400.79999,"data_generator_X":0.053432163},{"data_generator_T":401.39999,"data_generator_X":0.05022588},{"data_generator_T":402.0,"data_generator_X":0.047072608},{"data_generator_T":402.60001,"data_generator_X":0.044073794},{"data_generator_T":403.20001,"data_generator_X":0.041312043},{"data_generator_T":403.79999,"data_generator_X":0.038835883},{"data_generator_T":404.39999,"data_generator_X":0.036658883},{"data_generator_T":405.0,"data_generator_X":0.034768943},{"data_generator_T":405.60001,"data_generator_X":0.033139858},{"data_generator_T":406.20001,"data_generator_X":0.031740308},{"data_generator_T":406.79999,"data_generator_X":0.030539177},{"data_generator_T":407.39999,"data_generator_X":0.029508121},{"data_generator_T":408.0,"data_generator_X":0.028622441},{"data_generator_T":408.60001,"data_generator_X":0.027861103},{"data_generator_T":409.20001,"data_generator_X":0.0272064},{"data_generator_T":409.79999,"data_generator_X":0.02664349},{"data_generator_T":410.39999,"data_generator_X":0.026159931},{"data_generator_T":411.0,"data_generator_X":0.025745274},{"data_generator_T":411.60001,"data_generator_X":0.025390711},{"data_generator_T":412.20001,"data_generator_X":0.02508878},{"data_generator_T":412.79999,"data_generator_X":0.024833133},{"data_generator_T":413.39999,"data_generator_X":0.024618343},{"data_generator_T":414.0,"data_generator_X":0.024439743},{"data_generator_T":414.60001,"data_generator_X":0.024293302},{"data_generator_T":415.20001,"data_generator_X":0.024175523},{"data_generator_T":415.79999,"data_generator_X":0.024083355},{"data_generator_T":416.39999,"data_generator_X":0.024014132},{"data_generator_T":417.0,"data_generator_X":0.023965502},{"data_generator_T":417.60001,"data_generator_X":0.023935396},{"data_generator_T":418.20001,"data_generator_X":0.023921978},{"data_generator_T":418.79999,"data_generator_X":0.023923621},{"data_generator_T":419.39999,"data_generator_X":0.023938868},{"data_generator_T":420.0,"data_generator_X":0.02396642},{"data_generator_T":420.60001,"data_generator_X":0.024005117},{"data_generator_T":421.20001,"data_generator_X":0.024053907},{"data_generator_T":421.79999,"data_generator_X":0.024111852},{"data_generator_T":422.39999,"data_generator_X":0.024178099},{"data_generator_T":423.0,"data_generator_X":0.024251878},{"data_generator_T":423.60001,"data_generator_X":0.024332495},{"data_generator_T":424.20001,"data_generator_X":0.024419319},{"data_generator_T":424.79999,"data_generator_X":0.024511771},{"data_generator_T":425.39999,"data_generator_X":0.024609333},{"data_generator_T":426.0,"data_generator_X":0.024711529},{"data_generator_T":426.60001,"data_generator_X":0.024817923},{"data_generator_T":427.20001,"data_generator_X":0.024928125},{"data_generator_T":427.79999,"data_generator_X":0.025041768},{"data_generator_T":428.39999,"data_generator_X":0.025158528},{"data_generator_T":429.0,"data_generator_X":0.025278101},{"data_generator_T":429.60001,"data_generator_X":0.025400212},{"data_generator_T":430.20001,"data_generator_X":0.025524611},{"data_generator_T":430.79999,"data_generator_X":0.025651066},{"data_generator_T":431.39999,"data_generator_X":0.025779368},{"data_generator_T":432.0,"data_generator_X":0.025909323},{"data_generator_T":432.60001,"data_generator_X":0.026040759},{"data_generator_T":433.20001,"data_generator_X":0.026173512},{"data_generator_T":433.79999,"data_generator_X":0.026307436},{"data_generator_T":434.39999,"data_generator_X":0.026442397},{"data_generator_T":435.0,"data_generator_X":0.026578274},{"data_generator_T":435.60001,"data_generator_X":0.026714953},{"data_generator_T":436.20001,"data_generator_X":0.026852334},{"data_generator_T":436.79999,"data_generator_X":0.026990324},{"data_generator_T":437.39999,"data_generator_X":0.02712884},{"data_generator_T":438.0,"data_generator_X":0.027267804},{"data_generator_T":438.60001,"data_generator_X":0.027407149},{"data_generator_T":439.20001,"data_generator_X":0.02754681},{"data_generator_T":439.79999,"data_generator_X":0.027686732},{"data_generator_T":440.39999,"data_generator_X":0.027826862},{"data_generator_T":441.0,"data_generator_X":0.027967155},{"data_generator_T":441.60001,"data_generator_X":0.028107569},{"data_generator_T":442.20001,"data_generator_X":0.028248066},{"data_generator_T":442.79999,"data_generator_X":0.028388616},{"data_generator_T":443.39999,"data_generator_X":0.028529188},{"data_generator_T":444.0,"data_generator_X":0.028669754},{"data_generator_T":444.60001,"data_generator_X":0.028810294},{"data_generator_T":445.20001,"data_generator_X":0.028950788},{"data_generator_T":445.79999,"data_generator_X":0.029091217},{"data_generator_T":446.39999,"data_generator_X":0.029231565},{"data_generator_T":447.0,"data_generator_X":0.02937182},{"data_generator_T":447.60001,"data_generator_X":0.029511975},{"data_generator_T":448.20001,"data_generator_X":0.029652016},{"data_generator_T":448.79999,"data_generator_X":0.02979194},{"data_generator_T":449.39999,"data_generator_X":0.029931739},{"data_generator_T":450.0,"data_generator_X":0.030071409},{"data_generator_T":450.60001,"data_generator_X":0.030210951},{"data_generator_T":451.20001,"data_generator_X":0.030350359},{"data_generator_T":451.79999,"data_generator_X":0.030489637},{"data_generator_T":452.39999,"data_generator_X":0.030628784},{"data_generator_T":453.0,"data_generator_X":0.0307678},{"data_generator_T":453.60001,"data_generator_X":0.03090669},{"data_generator_T":454.20001,"data_generator_X":0.031045459},{"data_generator_T":454.79999,"data_generator_X":0.031184111},{"data_generator_T":455.39999,"data_generator_X":0.031322651},{"data_generator_T":456.0,"data_generator_X":0.031461082},{"data_generator_T":456.60001,"data_generator_X":0.031599414},{"data_generator_T":457.20001,"data_generator_X":0.031737652},{"data_generator_T":457.79999,"data_generator_X":0.031875808},{"data_generator_T":458.39999,"data_generator_X":0.032013882},{"data_generator_T":459.0,"data_generator_X":0.032151893},{"data_generator_T":459.60001,"data_generator_X":0.032289844},{"data_generator_T":460.20001,"data_generator_X":0.032427747},{"data_generator_T":460.79999,"data_generator_X":0.032565609},{"data_generator_T":461.39999,"data_generator_X":0.032703444},{"data_generator_T":462.0,"data_generator_X":0.032841258},{"data_generator_T":462.60001,"data_generator_X":0.032979071},{"data_generator_T":463.20001,"data_generator_X":0.033116888},{"data_generator_T":463.79999,"data_generator_X":0.03325472},{"data_generator_T":464.39999,"data_generator_X":0.033392586},{"data_generator_T":465.0,"data_generator_X":0.033530489},{"data_generator_T":465.60001,"data_generator_X":0.033668451},{"data_generator_T":466.20001,"data_generator_X":0.033806484},{"data_generator_T":466.79999,"data_generator_X":0.033944596},{"data_generator_T":467.39999,"data_generator_X":0.034082808},{"data_generator_T":468.0,"data_generator_X":0.034221128},{"data_generator_T":468.60001,"data_generator_X":0.034359574},{"data_generator_T":469.20001,"data_generator_X":0.034498166},{"data_generator_T":469.79999,"data_generator_X":0.034636911},{"data_generator_T":470.39999,"data_generator_X":0.034775827},{"data_generator_T":471.0,"data_generator_X":0.034914933},{"data_generator_T":471.60001,"data_generator_X":0.035054248},{"data_generator_T":472.20001,"data_generator_X":0.035193782},{"data_generator_T":472.79999,"data_generator_X":0.035333559},{"data_generator_T":473.39999,"data_generator_X":0.035473589},{"data_generator_T":474.0,"data_generator_X":0.035613902},{"data_generator_T":474.60001,"data_generator_X":0.035754506},{"data_generator_T":475.20001,"data_generator_X":0.035895426},{"data_generator_T":475.79999,"data_generator_X":0.036036681},{"data_generator_T":476.39999,"data_generator_X":0.036178291},{"data_generator_T":477.0,"data_generator_X":0.036320277},{"data_generator_T":477.60001,"data_generator_X":0.036462661},{"data_generator_T":478.20001,"data_generator_X":0.036605462},{"data_generator_T":478.79999,"data_generator_X":0.036748711},{"data_generator_T":479.39999,"data_generator_X":0.036892425},{"data_generator_T":480.0,"data_generator_X":0.037036631},{"data_generator_T":480.60001,"data_generator_X":0.037181351},{"data_generator_T":481.20001,"data_generator_X":0.037326619},{"data_generator_T":481.79999,"data_generator_X":0.037472449},{"data_generator_T":482.39999,"data_generator_X":0.037618883},{"data_generator_T":483.0,"data_generator_X":0.037765939},{"data_generator_T":483.60001,"data_generator_X":0.03791365},{"data_generator_T":484.20001,"data_generator_X":0.038062051},{"data_generator_T":484.79999,"data_generator_X":0.038211167},{"data_generator_T":485.39999,"data_generator_X":0.038361035},{"data_generator_T":486.0,"data_generator_X":0.03851169},{"data_generator_T":486.60001,"data_generator_X":0.038663164},{"data_generator_T":487.20001,"data_generator_X":0.038815502},{"data_generator_T":487.79999,"data_generator_X":0.038968734},{"data_generator_T":488.39999,"data_generator_X":0.039122906},{"data_generator_T":489.0,"data_generator_X":0.039278056},{"data_generator_T":489.60001,"data_generator_X":0.039434232},{"data_generator_T":490.20001,"data_generator_X":0.039591476},{"data_generator_T":490.79999,"data_generator_X":0.039749838},{"data_generator_T":491.39999,"data_generator_X":0.039909367},{"data_generator_T":492.0,"data_generator_X":0.04007012},{"data_generator_T":492.60001,"data_generator_X":0.040232144},{"data_generator_T":493.20001,"data_generator_X":0.040395506},{"data_generator_T":493.79999,"data_generator_X":0.040560257},{"data_generator_T":494.39999,"data_generator_X":0.040726468},{"data_generator_T":495.0,"data_generator_X":0.040894203},{"data_generator_T":495.60001,"data_generator_X":0.041063532},{"data_generator_T":496.20001,"data_generator_X":0.041234534},{"data_generator_T":496.79999,"data_generator_X":0.04140728},{"data_generator_T":497.39999,"data_generator_X":0.041581862},{"data_generator_T":498.0,"data_generator_X":0.041758358},{"data_generator_T":498.60001,"data_generator_X":0.041936867},{"data_generator_T":499.20001,"data_generator_X":0.042117488},{"data_generator_T":499.79999,"data_generator_X":0.042300325},{"data_generator_T":500.39999,"data_generator_X":0.042485487},{"data_generator_T":501.0,"data_generator_X":0.042673096},{"data_generator_T":501.60001,"data_generator_X":0.04286328},{"data_generator_T":502.20001,"data_generator_X":0.043056168},{"data_generator_T":502.79999,"data_generator_X":0.043251906},{"data_generator_T":503.39999,"data_generator_X":0.043450654},{"data_generator_T":504.0,"data_generator_X":0.043652572},{"data_generator_T":504.60001,"data_generator_X":0.043857839},{"data_generator_T":505.20001,"data_generator_X":0.044066653},{"data_generator_T":505.79999,"data_generator_X":0.044279214},{"data_generator_T":506.39999,"data_generator_X":0.044495746},{"data_generator_T":507.0,"data_generator_X":0.044716496},{"data_generator_T":507.60001,"data_generator_X":0.044941723},{"data_generator_T":508.20001,"data_generator_X":0.045171715},{"data_generator_T":508.79999,"data_generator_X":0.045406781},{"data_generator_T":509.39999,"data_generator_X":0.045647264},{"data_generator_T":510.0,"data_generator_X":0.045893531},{"data_generator_T":510.60001,"data_generator_X":0.04614599},{"data_generator_T":511.20001,"data_generator_X":0.046405099},{"data_generator_T":511.79999,"data_generator_X":0.046671353},{"data_generator_T":512.40002,"data_generator_X":0.046945296},{"data_generator_T":513.0,"data_generator_X":0.047227547},{"data_generator_T":513.59998,"data_generator_X":0.047518782},{"data_generator_T":514.20001,"data_generator_X":0.047819771},{"data_generator_T":514.79999,"data_generator_X":0.048131373},{"data_generator_T":515.40002,"data_generator_X":0.048454557},{"data_generator_T":516.0,"data_generator_X":0.048790425},{"data_generator_T":516.59998,"data_generator_X":0.04914023},{"data_generator_T":517.20001,"data_generator_X":0.049505413},{"data_generator_T":517.79999,"data_generator_X":0.049887631},{"data_generator_T":518.40002,"data_generator_X":0.050288808},{"data_generator_T":519.0,"data_generator_X":0.050711192},{"data_generator_T":519.59998,"data_generator_X":0.051157426},{"data_generator_T":520.20001,"data_generator_X":0.051630657},{"data_generator_T":520.79999,"data_generator_X":0.052134641},{"data_generator_T":521.40002,"data_generator_X":0.052673932},{"data_generator_T":522.0,"data_generator_X":0.053254094},{"data_generator_T":522.59998,"data_generator_X":0.05388204},{"data_generator_T":523.20001,"data_generator_X":0.054566447},{"data_generator_T":523.79999,"data_generator_X":0.055318415},{"data_generator_T":524.40002,"data_generator_X":0.0561524},{"data_generator_T":525.0,"data_generator_X":0.057087664},{"data_generator_T":525.59998,"data_generator_X":0.05815053},{"data_generator_T":526.20001,"data_generator_X":0.059378114},{"data_generator_T":526.79999,"data_generator_X":0.060824752},{"data_generator_T":527.40002,"data_generator_X":0.062573798},{"data_generator_T":528.0,"data_generator_X":0.064760901},{"data_generator_T":528.59998,"data_generator_X":0.067624517},{"data_generator_T":529.20001,"data_generator_X":0.071629681},{"data_generator_T":529.79999,"data_generator_X":0.077823311},{"data_generator_T":530.40002,"data_generator_X":0.08906585},{"data_generator_T":531.0,"data_generator_X":0.11449438},{"data_generator_T":531.59998,"data_generator_X":0.17292735},{"data_generator_T":532.20001,"data_generator_X":0.26950386},{"data_generator_T":532.79999,"data_generator_X":0.38568637},{"data_generator_T":533.40002,"data_generator_X":0.49032086},{"data_generator_T":534.0,"data_generator_X":0.5659216},{"data_generator_T":534.59998,"data_generator_X":0.61288381},{"data_generator_T":535.20001,"data_generator_X":0.63821995},{"data_generator_T":535.79999,"data_generator_X":0.6487785},{"data_generator_T":536.40002,"data_generator_X":0.64956188},{"data_generator_T":537.0,"data_generator_X":0.6439063},{"data_generator_T":537.59998,"data_generator_X":0.63398367},{"data_generator_T":538.20001,"data_generator_X":0.62121302},{"data_generator_T":538.79999,"data_generator_X":0.60653567},{"data_generator_T":539.40002,"data_generator_X":0.59058887},{"data_generator_T":540.0,"data_generator_X":0.57381344},{"data_generator_T":540.59998,"data_generator_X":0.55652094},{"data_generator_T":541.20001,"data_generator_X":0.5389365},{"data_generator_T":541.79999,"data_generator_X":0.52122611},{"data_generator_T":542.40002,"data_generator_X":0.50351459},{"data_generator_T":543.0,"data_generator_X":0.48589772},{"data_generator_T":543.59998,"data_generator_X":0.46845028},{"data_generator_T":544.20001,"data_generator_X":0.45123181},{"data_generator_T":544.79999,"data_generator_X":0.4342905},{"data_generator_T":545.40002,"data_generator_X":0.41766593},{"data_generator_T":546.0,"data_generator_X":0.40139112},{"data_generator_T":546.59998,"data_generator_X":0.38549402},{"data_generator_T":547.20001,"data_generator_X":0.36999834},{"data_generator_T":547.79999,"data_generator_X":0.35492447},{"data_generator_T":548.40002,"data_generator_X":0.34028989},{"data_generator_T":549.0,"data_generator_X":0.32610962},{"data_generator_T":549.59998,"data_generator_X":0.31239632},{"data_generator_T":550.20001,"data_generator_X":0.29916066},{"data_generator_T":550.79999,"data_generator_X":0.2864112},{"data_generator_T":551.40002,"data_generator_X":0.27415463},{"data_generator_T":552.0,"data_generator_X":0.26239568},{"data_generator_T":552.59998,"data_generator_X":0.2511372},{"data_generator_T":553.20001,"data_generator_X":0.24038012},{"data_generator_T":553.79999,"data_generator_X":0.23012352},{"data_generator_T":554.40002,"data_generator_X":0.2203646},{"data_generator_T":555.0,"data_generator_X":0.21109873},{"data_generator_T":555.59998,"data_generator_X":0.20231949},{"data_generator_T":556.20001,"data_generator_X":0.19401871},{"data_generator_T":556.79999,"data_generator_X":0.1861866},{"data_generator_T":557.40002,"data_generator_X":0.17881179},{"data_generator_T":558.0,"data_generator_X":0.17188147},{"data_generator_T":558.59998,"data_generator_X":0.16538148},{"data_generator_T":559.20001,"data_generator_X":0.15929641},{"data_generator_T":559.79999,"data_generator_X":0.15360978},{"data_generator_T":560.40002,"data_generator_X":0.14830422},{"data_generator_T":561.0,"data_generator_X":0.14336146},{"data_generator_T":561.59998,"data_generator_X":0.13876268},{"data_generator_T":562.20001,"data_generator_X":0.13448849},{"data_generator_T":562.79999,"data_generator_X":0.13051923},{"data_generator_T":563.40002,"data_generator_X":0.12683502},{"data_generator_T":564.0,"data_generator_X":0.12341598},{"data_generator_T":564.59998,"data_generator_X":0.12024236},{"data_generator_T":565.20001,"data_generator_X":0.11729468},{"data_generator_T":565.79999,"data_generator_X":0.11455384},{"data_generator_T":566.40002,"data_generator_X":0.11200123},{"data_generator_T":567.0,"data_generator_X":0.10961888},{"data_generator_T":567.59998,"data_generator_X":0.10738943},{"data_generator_T":568.20001,"data_generator_X":0.10529625},{"data_generator_T":568.79999,"data_generator_X":0.10332348},{"data_generator_T":569.40002,"data_generator_X":0.10145599},{"data_generator_T":570.0,"data_generator_X":0.099679388},{"data_generator_T":570.59998,"data_generator_X":0.097980015},{"data_generator_T":571.20001,"data_generator_X":0.096344866},{"data_generator_T":571.79999,"data_generator_X":0.09476155},{"data_generator_T":572.40002,"data_generator_X":0.0932182},{"data_generator_T":573.0,"data_generator_X":0.091703385},{"data_generator_T":573.59998,"data_generator_X":0.090206012},{"data_generator_T":574.20001,"data_generator_X":0.088715188},{"data_generator_T":574.79999,"data_generator_X":0.087220117},{"data_generator_T":575.40002,"data_generator_X":0.085709907},{"data_generator_T":576.0,"data_generator_X":0.084173448},{"data_generator_T":576.59998,"data_generator_X":0.0825992},{"data_generator_T":577.20001,"data_generator_X":0.080975004},{"data_generator_T":577.79999,"data_generator_X":0.079287887},{"data_generator_T":578.40002,"data_generator_X":0.077523887},{"data_generator_T":579.0,"data_generator_X":0.075667843},{"data_generator_T":579.59998,"data_generator_X":0.073703386},{"data_generator_T":580.20001,"data_generator_X":0.071613036},{"data_generator_T":580.79999,"data_generator_X":0.069378711},{"data_generator_T":581.40002,"data_generator_X":0.066982955},{"data_generator_T":582.0,"data_generator_X":0.064411171},{"data_generator_T":582.59998,"data_generator_X":0.061655678},{"data_generator_T":583.20001,"data_generator_X":0.05872177},{"data_generator_T":583.79999,"data_generator_X":0.05563549},{"data_generator_T":584.40002,"data_generator_X":0.052450594},{"data_generator_T":585.0,"data_generator_X":0.049249578},{"data_generator_T":585.59998,"data_generator_X":0.04613328},{"data_generator_T":586.20001,"data_generator_X":0.043199707},{"data_generator_T":586.79999,"data_generator_X":0.040522002},{"data_generator_T":587.40002,"data_generator_X":0.038137455},{"data_generator_T":588.0,"data_generator_X":0.036050532},{"data_generator_T":588.59998,"data_generator_X":0.034243651},{"data_generator_T":589.20001,"data_generator_X":0.032688268},{"data_generator_T":589.79999,"data_generator_X":0.031352699},{"data_generator_T":590.40002,"data_generator_X":0.030206513},{"data_generator_T":591.0,"data_generator_X":0.029222436},{"data_generator_T":591.59998,"data_generator_X":0.028376913},{"data_generator_T":592.20001,"data_generator_X":0.027649978},{"data_generator_T":592.79999,"data_generator_X":0.027024848},{"data_generator_T":593.40002,"data_generator_X":0.026487466},{"data_generator_T":594.0,"data_generator_X":0.026026038},{"data_generator_T":594.59998,"data_generator_X":0.025630657},{"data_generator_T":595.20001,"data_generator_X":0.025292952},{"data_generator_T":595.79999,"data_generator_X":0.025005825},{"data_generator_T":596.40002,"data_generator_X":0.024763232},{"data_generator_T":597.0,"data_generator_X":0.02455999},{"data_generator_T":597.59998,"data_generator_X":0.024391642},{"data_generator_T":598.20001,"data_generator_X":0.02425433},{"data_generator_T":598.79999,"data_generator_X":0.024144702},{"data_generator_T":599.40002,"data_generator_X":0.02405983},{"data_generator_T":600.0,"data_generator_X":0.023997148}]