[{"data_set_T":0.0,"data_set_X":0.1,"data_set_Y":1.5,"data_set_Z":0.1},{"data_set_T":0.60000002,"data_set_X":0.30029622,"data_set_Y":1.2414118,"data_set_Z":0.10965668},{"data_set_T":1.2,"data_set_X":0.30175501,"data_set_Y":1.1795659,"data_set_Z":0.11923005},{"data_set_T":1.8,"data_set_X":0.30028164,"data_set_Y":1.1206661,"data_set_Z":0.12835172},{"data_set_T":2.4000001,"data_set_X":0.29658225,"data_set_Y":1.0647789,"data_set_Z":0.13691716},{"data_set_T":3.0,"data_set_X":0.2912336,"data_set_Y":1.0119069,"data_set_Z":0.14485551},{"data_set_T":3.5999999,"data_set_X":0.28469136,"data_set_Y":0.96201897,"data_set_Z":0.15212116},{"data_set_T":4.1999998,"data_set_X":0.27730986,"data_set_Y":0.91506457,"data_set_Z":0.1586875},{"data_set_T":4.8000002,"data_set_X":0.2693626,"data_set_Y":0.87097985,"data_set_Z":0.16454251},{"data_set_T":5.4000001,"data_set_X":0.2610606,"data_set_Y":0.82969099,"data_set_Z":0.16968538},{"data_set_T":6.0,"data_set_X":0.25256687,"data_set_Y":0.7911163,"data_set_Z":0.17412421},{"data_set_T":6.5999999,"data_set_X":0.24400763,"data_set_Y":0.75516766,"data_set_Z":0.17787425},{"data_set_T":7.1999998,"data_set_X":0.23548089,"data_set_Y":0.72175169,"data_set_Z":0.18095645},{"data_set_T":7.8000002,"data_set_X":0.22706273,"data_set_Y":0.69077075,"data_set_Z":0.18339653},{"data_set_T":8.3999996,"data_set_X":0.21881209,"data_set_Y":0.66212434,"data_set_Z":0.18522392},{"data_set_T":9.0,"data_set_X":0.21077439,"data_set_Y":0.63570976,"data_set_Z":0.1864711},{"data_set_T":9.6000004,"data_set_X":0.20298412,"data_set_Y":0.61142331,"data_set_Z":0.18717286},{"data_set_T":10.2,"data_set_X":0.19546704,"data_set_Y":0.58916104,"data_set_Z":0.18736564},{"data_set_T":10.8,"data_set_X":0.18824163,"data_set_Y":0.56881958,"data_set_Z":0.18708698},{"data_set_T":11.4,"data_set_X":0.18132044,"data_set_Y":0.55029684,"data_set_Z":0.18637502},{"data_set_T":12.0,"data_set_X":0.17471103,"data_set_Y":0.53349286,"data_set_Z":0.1852679},{"data_set_T":12.6,"data_set_X":0.16841674,"data_set_Y":0.51831013,"data_set_Z":0.18380336},{"data_set_T":13.2,"data_set_X":0.16243739,"data_set_Y":0.50465429,"data_set_Z":0.18201835},{"data_set_T":13.8,"data_set_X":0.15676975,"data_set_Y":0.49243441,"data_set_Z":0.17994867},{"data_set_T":14.4,"data_set_X":0.15140808,"data_set_Y":0.48156357,"data_set_Z":0.17762865},{"data_set_T":15.0,"data_set_X":0.14634441,"data_set_Y":0.47195902,"data_set_Z":0.17509092},{"data_set_T":15.6,"data_set_X":0.14156902,"data_set_Y":0.46354252,"data_set_Z":0.17236625},{"data_set_T":16.200001,"data_set_X":0.13707061,"data_set_Y":0.45624053,"data_set_Z":0.16948335},{"data_set_T":16.799999,"data_set_X":0.13283661,"data_set_Y":0.44998428,"data_set_Z":0.16646887},{"data_set_T":17.4,"data_set_X":0.12885347,"data_set_Y":0.44471005,"data_set_Z":0.16334729},{"data_set_T":18.0,"data_set_X":0.1251068,"data_set_Y":0.44035906,"data_set_Z":0.1601409},{"data_set_T":18.6,"data_set_X":0.12158158,"data_set_Y":0.43687755,"data_set_Z":0.15686987},{"data_set_T":19.200001,"data_set_X":0.1182624,"data_set_Y":0.4342168,"data_set_Z":0.15355232},{"data_set_T":19.799999,"data_set_X":0.11513349,"data_set_Y":0.43233305,"data_set_Z":0.15020432},{"data_set_T":20.4,"data_set_X":0.11217897,"data_set_Y":0.43118748,"data_set_Z":0.14684004},{"data_set_T":21.0,"data_set_X":0.10938289,"data_set_Y":0.43074605,"data_set_Z":0.14347184},{"data_set_T":21.6,"data_set_X":0.10672933,"data_set_Y":0.43097949,"data_set_Z":0.14011036},{"data_set_T":22.200001,"data_set_X":0.10420246,"data_set_Y":0.43186325,"data_set_Z":0.13676466},{"data_set_T":22.799999,"data_set_X":0.10178659,"data_set_Y":0.4333773,"data_set_Z":0.13344231},{"data_set_T":23.4,"data_set_X":0.09946616,"data_set_Y":0.43550622,"data_set_Z":0.13014953},{"data_set_T":24.0,"data_set_X":0.097225718,"data_set_Y":0.43823907,"data_set_Z":0.12689127},{"data_set_T":24.6,"data_set_X":0.09504988,"data_set_Y":0.44156957,"data_set_Z":0.12367132},{"data_set_T":25.200001,"data_set_X":0.092923261,"data_set_Y":0.44549593,"data_set_Z":0.12049241},{"data_set_T":25.799999,"data_set_X":0.090830341,"data_set_Y":0.45002121,"data_set_Z":0.11735632},{"data_set_T":26.4,"data_set_X":0.088755339,"data_set_Y":0.45515344,"data_set_Z":0.11426388},{"data_set_T":27.0,"data_set_X":0.086682051,"data_set_Y":0.46090576,"data_set_Z":0.11121513},{"data_set_T":27.6,"data_set_X":0.084593639,"data_set_Y":0.46729702,"data_set_Z":0.10820935},{"data_set_T":28.200001,"data_set_X":0.082472414,"data_set_Y":0.47435197,"data_set_Z":0.10524508},{"data_set_T":28.799999,"data_set_X":0.080299653,"data_set_Y":0.48210195,"data_set_Z":0.10232021},{"data_set_T":29.4,"data_set_X":0.078055412,"data_set_Y":0.49058527,"data_set_Z":0.099432021},{"data_set_T":30.0,"data_set_X":0.075718492,"data_set_Y":0.49984768,"data_set_Z":0.096577235},{"data_set_T":30.6,"data_set_X":0.073266655,"data_set_Y":0.50994247,"data_set_Z":0.093752079},{"data_set_T":31.200001,"data_set_X":0.070677437,"data_set_Y":0.52092987,"data_set_Z":0.090952419},{"data_set_T":31.799999,"data_set_X":0.067929797,"data_set_Y":0.53287536,"data_set_Z":0.088173918},{"data_set_T":32.400002,"data_set_X":0.065007485,"data_set_Y":0.54584527,"data_set_Z":0.085412346},{"data_set_T":33.0,"data_set_X":0.061904676,"data_set_Y":0.55989903,"data_set_Z":0.082663991},{"data_set_T":33.599998,"data_set_X":0.058634173,"data_set_Y":0.5750767,"data_set_Z":0.079926312},{"data_set_T":34.200001,"data_set_X":0.055237003,"data_set_Y":0.59138232,"data_set_Z":0.077198789},{"data_set_T":34.799999,"data_set_X":0.051788494,"data_set_Y":0.60876834,"data_set_Z":0.07448373},{"data_set_T":35.400002,"data_set_X":0.048393458,"data_set_Y":0.62713039,"data_set_Z":0.071786799},{"data_set_T":36.0,"data_set_X":0.045165937,"data_set_Y":0.64632142,"data_set_Z":0.069116808},{"data_set_T":36.599998,"data_set_X":0.042200904,"data_set_Y":0.6661815,"data_set_Z":0.066484578},{"data_set_T":37.200001,"data_set_X":0.039554153,"data_set_Y":0.68656665,"data_set_Z":0.063901365},{"data_set_T":37.799999,"data_set_X":0.037240122,"data_set_Y":0.70736402,"data_set_Z":0.06137738},{"data_set_T":38.400002,"data_set_X":0.035243135,"data_set_Y":0.72849107,"data_set_Z":0.058920942},{"data_set_T":39.0,"data_set_X":0.033531617,"data_set_Y":0.74988878,"data_set_Z":0.056538224},{"data_set_T":39.599998,"data_set_X":0.032068845,"data_set_Y":0.77151358,"data_set_Z":0.054233387},{"data_set_T":40.200001,"data_set_X":0.030819109,"data_set_Y":0.79333192,"data_set_Z":0.052008919},{"data_set_T":40.799999,"data_set_X":0.029750444,"data_set_Y":0.81531662,"data_set_Z":0.049865961},{"data_set_T":41.400002,"data_set_X":0.02883541,"data_set_Y":0.83744502,"data_set_Z":0.047804635},{"data_set_T":42.0,"data_set_X":0.028050939,"data_set_Y":0.85969758,"data_set_Z":0.045824293},{"data_set_T":42.599998,"data_set_X":0.027377816,"data_set_Y":0.88205731,"data_set_Z":0.043923717},{"data_set_T":43.200001,"data_set_X":0.026800087,"data_set_Y":0.90450913,"data_set_Z":0.042101286},{"data_set_T":43.799999,"data_set_X":0.026304487,"data_set_Y":0.92703968,"data_set_Z":0.040355083},{"data_set_T":44.400002,"data_set_X":0.025879949,"data_set_Y":0.94963717,"data_set_Z":0.038682994},{"data_set_T":45.0,"data_set_X":0.025517199,"data_set_Y":0.97229087,"data_set_Z":0.037082769},{"data_set_T":45.599998,"data_set_X":0.025208425,"data_set_Y":0.9949913,"data_set_Z":0.03555207},{"data_set_T":46.200001,"data_set_X":0.02494701,"data_set_Y":1.0177299,"data_set_Z":0.034088526},{"data_set_T":46.799999,"data_set_X":0.024727313,"data_set_Y":1.0404989,"data_set_Z":0.03268975},{"data_set_T":47.400002,"data_set_X":0.024544507,"data_set_Y":1.0632913,"data_set_Z":0.031353358},{"data_set_T":48.0,"data_set_X":0.024394432,"data_set_Y":1.0861009,"data_set_Z":0.030076999},{"data_set_T":48.599998,"data_set_X":0.024273491,"data_set_Y":1.108922,"data_set_Z":0.02885836},{"data_set_T":49.200001,"data_set_X":0.02417855,"data_set_Y":1.1317495,"data_set_Z":0.027695173},{"data_set_T":49.799999,"data_set_X":0.024106877,"data_set_Y":1.1545788,"data_set_Z":0.026585229},{"data_set_T":50.400002,"data_set_X":0.024056071,"data_set_Y":1.1774055,"data_set_Z":0.025526376},{"data_set_T":51.0,"data_set_X":0.024024019,"data_set_Y":1.2002259,"data_set_Z":0.024516527},{"data_set_T":51.599998,"data_set_X":0.024008848,"data_set_Y":1.2230365,"data_set_Z":0.02355366},{"data_set_T":52.200001,"data_set_X":0.024008904,"data_set_Y":1.2458341,"data_set_Z":0.022635823},{"data_set_T":52.799999,"data_set_X":0.024022704,"data_set_Y":1.268616,"data_set_Z":0.021761125},{"data_set_T":53.400002,"data_set_X":0.024048934,"data_set_Y":1.2913793,"data_set_Z":0.020927746},{"data_set_T":54.0,"data_set_X":0.02408641,"data_set_Y":1.314122,"data_set_Z":0.020133933},{"data_set_T":54.599998,"data_set_X":0.024134073,"data_set_Y":1.3368416,"data_set_Z":0.019377999},{"data_set_T":55.200001,"data_set_X":0.024190968,"data_set_Y":1.3595363,"data_set_Z":0.018658316},{"data_set_T":55.799999,"data_set_X":0.024256235,"data_set_Y":1.3822043,"data_set_Z":0.017973326},{"data_set_T":56.400002,"data_set_X":0.024329098,"data_set_Y":1.4048439,"data_set_Z":0.017321531},{"data_set_T":57.0,"data_set_X":0.024408851,"data_set_Y":1.4274539,"data_set_Z":0.016701486},{"data_set_T":57.599998,"data_set_X":0.024494857,"data_set_Y":1.4500327,"data_set_Z":0.016111813},{"data_set_T":58.200001,"data_set_X":0.024586536,"data_set_Y":1.4725792,"data_set_Z":0.015551185},{"data_set_T":58.799999,"data_set_X":0.024683362,"data_set_Y":1.4950923,"data_set_Z":0.015018331},{"data_set_T":59.400002,"data_set_X":0.024784856,"data_set_Y":1.5175709,"data_set_Z":0.014512033},{"data_set_T":60.0,"data_set_X":0.024890581,"data_set_Y":1.5400141,"data_set_Z":0.014031122},{"data_set_T":60.599998,"data_set_X":0.02500014,"data_set_Y":1.5624214,"data_set_Z":0.013574479},{"data_set_T":61.200001,"data_set_X":0.025113167,"data_set_Y":1.5847918,"data_set_Z":0.013141033},{"data_set_T":61.799999,"data_set_X":0.025229333,"data_set_Y":1.6071246,"data_set_Z":0.012729757},{"data_set_T":62.400002,"data_set_X":0.025348336,"data_set_Y":1.6294193,"data_set_Z":0.012339669},{"data_set_T":63.0,"data_set_X":0.025469895,"data_set_Y":1.6516753,"data_set_Z":0.011969828},{"data_set_T":63.599998,"data_set_X":0.025593759,"data_set_Y":1.6738923,"data_set_Z":0.011619332},{"data_set_T":64.199997,"data_set_X":0.0257197,"data_set_Y":1.6960697,"data_set_Z":0.011287321},{"data_set_T":64.800003,"data_set_X":0.025847502,"data_set_Y":1.7182072,"data_set_Z":0.01097297},{"data_set_T":65.400002,"data_set_X":0.025976975,"data_set_Y":1.7403044,"data_set_Z":0.010675492},{"data_set_T":66.0,"data_set_X":0.026107939,"data_set_Y":1.762361,"data_set_Z":0.01039413},{"data_set_T":66.599998,"data_set_X":0.026240235,"data_set_Y":1.7843769,"data_set_Z":0.010128164},{"data_set_T":67.199997,"data_set_X":0.026373716,"data_set_Y":1.8063517,"data_set_Z":0.0098769041},{"data_set_T":67.800003,"data_set_X":0.026508246,"data_set_Y":1.8282852,"data_set_Z":0.0096396916},{"data_set_T":68.400002,"data_set_X":0.026643703,"data_set_Y":1.8501773,"data_set_Z":0.0094158938},{"data_set_T":69.0,"data_set_X":0.026779976,"data_set_Y":1.8720279,"data_set_Z":0.0092049101},{"data_set_T":69.599998,"data_set_X":0.02691696,"data_set_Y":1.8938367,"data_set_Z":0.0090061631},{"data_set_T":70.199997,"data_set_X":0.027054565,"data_set_Y":1.9156038,"data_set_Z":0.0088191023},{"data_set_T":70.800003,"data_set_X":0.027192704,"data_set_Y":1.9373288,"data_set_Z":0.0086432016},{"data_set_T":71.400002,"data_set_X":0.027331304,"data_set_Y":1.959012,"data_set_Z":0.0084779579},{"data_set_T":72.0,"data_set_X":0.027470293,"data_set_Y":1.9806532,"data_set_Z":0.0083228918},{"data_set_T":72.599998,"data_set_X":0.027609607,"data_set_Y":2.0022521,"data_set_Z":0.008177544},{"data_set_T":73.199997,"data_set_X":0.02774919,"data_set_Y":2.0238092,"data_set_Z":0.0080414759},{"data_set_T":73.800003,"data_set_X":0.027888993,"data_set_Y":2.0453241,"data_set_Z":0.0079142684},{"data_set_T":74.400002,"data_set_X":0.028028965,"data_set_Y":2.0667968,"data_set_Z":0.0077955225},{"data_set_T":75.0,"data_set_X":0.028169069,"data_set_Y":2.0882273,"data_set_Z":0.0076848557},{"data_set_T":75.599998,"data_set_X":0.028309265,"data_set_Y":2.1096156,"data_set_Z":0.0075819036},{"data_set_T":76.199997,"data_set_X":0.02844952,"data_set_Y":2.1309619,"data_set_Z":0.0074863178},{"data_set_T":76.800003,"data_set_X":0.028589806,"data_set_Y":2.152266,"data_set_Z":0.0073977658},{"data_set_T":77.400002,"data_set_X":0.028730096,"data_set_Y":2.1735282,"data_set_Z":0.0073159304},{"data_set_T":78.0,"data_set_X":0.028870367,"data_set_Y":2.1947482,"data_set_Z":0.0072405091},{"data_set_T":78.599998,"data_set_X":0.029010598,"data_set_Y":2.2159262,"data_set_Z":0.0071712122},{"data_set_T":79.199997,"data_set_X":0.029150773,"data_set_Y":2.237062,"data_set_Z":0.0071077636},{"data_set_T":79.800003,"data_set_X":0.029290875,"data_set_Y":2.2581561,"data_set_Z":0.0070499009},{"data_set_T":80.400002,"data_set_X":0.029430894,"data_set_Y":2.2792082,"data_set_Z":0.006997372},{"data_set_T":81.0,"data_set_X":0.029570816,"data_set_Y":2.3002183,"data_set_Z":0.0069499374},{"data_set_T":81.599998,"data_set_X":0.029710636,"data_set_Y":2.3211865,"data_set_Z":0.0069073685},{"data_set_T":82.199997,"data_set_X":0.029850341,"data_set_Y":2.342113,"data_set_Z":0.006869447},{"data_set_T":82.800003,"data_set_X":0.029989932,"data_set_Y":2.3629978,"data_set_Z":0.006835965},{"data_set_T":83.400002,"data_set_X":0.030129401,"data_set_Y":2.3838408,"data_set_Z":0.0068067238},{"data_set_T":84.0,"data_set_X":0.030268747,"data_set_Y":2.4046421,"data_set_Z":0.0067815343},{"data_set_T":84.599998,"data_set_X":0.030407969,"data_set_Y":2.4254017,"data_set_Z":0.0067602163},{"data_set_T":85.199997,"data_set_X":0.030547066,"data_set_Y":2.4461198,"data_set_Z":0.0067425971},{"data_set_T":85.800003,"data_set_X":0.030686039,"data_set_Y":2.4667962,"data_set_Z":0.0067285132},{"data_set_T":86.400002,"data_set_X":0.030824888,"data_set_Y":2.487431,"data_set_Z":0.0067178081},{"data_set_T":87.0,"data_set_X":0.03096362,"data_set_Y":2.5080242,"data_set_Z":0.0067103328},{"data_set_T":87.599998,"data_set_X":0.031102236,"data_set_Y":2.5285761,"data_set_Z":0.0067059454},{"data_set_T":88.199997,"data_set_X":0.031240741,"data_set_Y":2.5490866,"data_set_Z":0.0067045102},{"data_set_T":88.800003,"data_set_X":0.031379141,"data_set_Y":2.5695555,"data_set_Z":0.0067058993},{"data_set_T":89.400002,"data_set_X":0.031517439,"data_set_Y":2.589983,"data_set_Z":0.0067099887},{"data_set_T":90.0,"data_set_X":0.031655647,"data_set_Y":2.6103692,"data_set_Z":0.0067166626},{"data_set_T":90.599998,"data_set_X":0.031793766,"data_set_Y":2.6307139,"data_set_Z":0.0067258086},{"data_set_T":91.199997,"data_set_X":0.03193181,"data_set_Y":2.6510174,"data_set_Z":0.0067373216},{"data_set_T":91.800003,"data_set_X":0.03206978,"data_set_Y":2.6712797,"data_set_Z":0.0067511005},{"data_set_T":92.400002,"data_set_X":0.03220769,"data_set_Y":2.6915004,"data_set_Z":0.0067670494},{"data_set_T":93.0,"data_set_X":0.032345548,"data_set_Y":2.7116799,"data_set_Z":0.0067850766},{"data_set_T":93.599998,"data_set_X":0.032483365,"data_set_Y":2.7318182,"data_set_Z":0.0068050954},{"data_set_T":94.199997,"data_set_X":0.032621149,"data_set_Y":2.751915,"data_set_Z":0.0068270229},{"data_set_T":94.800003,"data_set_X":0.03275891,"data_set_Y":2.7719705,"data_set_Z":0.0068507809},{"data_set_T":95.400002,"data_set_X":0.032896664,"data_set_Y":2.7919848,"data_set_Z":0.006876295},{"data_set_T":96.0,"data_set_X":0.033034414,"data_set_Y":2.8119578,"data_set_Z":0.0069034938},{"data_set_T":96.599998,"data_set_X":0.033172179,"data_set_Y":2.8318894,"data_set_Z":0.0069323103},{"data_set_T":97.199997,"data_set_X":0.033309966,"data_set_Y":2.8517797,"data_set_Z":0.0069626803},{"data_set_T":97.800003,"data_set_X":0.033447791,"data_set_Y":2.8716285,"data_set_Z":0.0069945427},{"data_set_T":98.400002,"data_set_X":0.033585668,"data_set_Y":2.8914359,"data_set_Z":0.0070278407},{"data_set_T":99.0,"data_set_X":0.033723604,"data_set_Y":2.911202,"data_set_Z":0.007062519},{"data_set_T":99.599998,"data_set_X":0.033861615,"data_set_Y":2.9309266,"data_set_Z":0.0070985262},{"data_set_T":100.2,"data_set_X":0.033999719,"data_set_Y":2.9506094,"data_set_Z":0.0071358131},{"data_set_T":100.8,"data_set_X":0.034137923,"data_set_Y":2.9702511,"data_set_Z":0.0071743336},{"data_set_T":101.4,"data_set_X":0.034276251,"data_set_Y":2.989851,"data_set_Z":0.0072140433},{"data_set_T":102.0,"data_set_X":0.034414709,"data_set_Y":3.0094092,"data_set_Z":0.0072549009},{"data_set_T":102.6,"data_set_X":0.034553315,"data_set_Y":3.0289257,"data_set_Z":0.0072968672},{"data_set_T":103.2,"data_set_X":0.034692086,"data_set_Y":3.0484004,"data_set_Z":0.0073399055},{"data_set_T":103.8,"data_set_X":0.034831036,"data_set_Y":3.0678334,"data_set_Z":0.0073839803},{"data_set_T":104.4,"data_set_X":0.034970183,"data_set_Y":3.0872245,"data_set_Z":0.0074290591},{"data_set_T":105.0,"data_set_X":0.035109542,"data_set_Y":3.1065736,"data_set_Z":0.0074751107},{"data_set_T":105.6,"data_set_X":0.035249133,"data_set_Y":3.1258805,"data_set_Z":0.0075221062},{"data_set_T":106.2,"data_set_X":0.035388973,"data_set_Y":3.1451452,"data_set_Z":0.007570019},{"data_set_T":106.8,"data_set_X":0.035529077,"data_set_Y":3.1643677,"data_set_Z":0.0076188222},{"data_set_T":107.4,"data_set_X":0.035669465,"data_set_Y":3.183548,"data_set_Z":0.0076684933},{"data_set_T":108.0,"data_set_X":0.035810158,"data_set_Y":3.2026856,"data_set_Z":0.0077190092},{"data_set_T":108.6,"data_set_X":0.035951175,"data_set_Y":3.2217808,"data_set_Z":0.0077703497},{"data_set_T":109.2,"data_set_X":0.036092535,"data_set_Y":3.2408333,"data_set_Z":0.007822495},{"data_set_T":109.8,"data_set_X":0.03623426,"data_set_Y":3.2598429,"data_set_Z":0.0078754276},{"data_set_T":110.4,"data_set_X":0.036376368,"data_set_Y":3.2788095,"data_set_Z":0.0079291323},{"data_set_T":111.0,"data_set_X":0.036518887,"data_set_Y":3.2977331,"data_set_Z":0.0079835923},{"data_set_T":111.6,"data_set_X":0.036661834,"data_set_Y":3.3166134,"data_set_Z":0.0080387946},{"data_set_T":112.2,"data_set_X":0.036805231,"data_set_Y":3.3354504,"data_set_Z":0.0080947261},{"data_set_T":112.8,"data_set_X":0.036949109,"data_set_Y":3.3542438,"data_set_Z":0.0081513776},{"data_set_T":113.4,"data_set_X":0.037093487,"data_set_Y":3.3729932,"data_set_Z":0.0082087368},{"data_set_T":114.0,"data_set_X":0.037238393,"data_set_Y":3.3916991,"data_set_Z":0.0082667964},{"data_set_T":114.6,"data_set_X":0.037383851,"data_set_Y":3.4103606,"data_set_Z":0.0083255479},{"data_set_T":115.2,"data_set_X":0.037529889,"data_set_Y":3.428978,"data_set_Z":0.0083849849},{"data_set_T":115.8,"data_set_X":0.037676536,"data_set_Y":3.4475505,"data_set_Z":0.0084451027},{"data_set_T":116.4,"data_set_X":0.037823822,"data_set_Y":3.4660788,"data_set_Z":0.0085058957},{"data_set_T":117.0,"data_set_X":0.037971776,"data_set_Y":3.4845617,"data_set_Z":0.0085673621},{"data_set_T":117.6,"data_set_X":0.03812043,"data_set_Y":3.5029998,"data_set_Z":0.0086294981},{"data_set_T":118.2,"data_set_X":0.038269814,"data_set_Y":3.5213921,"data_set_Z":0.0086923027},{"data_set_T":118.8,"data_set_X":0.038419962,"data_set_Y":3.5397389,"data_set_Z":0.008755777},{"data_set_T":119.4,"data_set_X":0.038570911,"data_set_Y":3.5580397,"data_set_Z":0.0088199209},{"data_set_T":120.0,"data_set_X":0.038722698,"data_set_Y":3.5762944,"data_set_Z":0.0088847363},{"data_set_T":120.6,"data_set_X":0.03887536,"data_set_Y":3.5945024,"data_set_Z":0.008950226},{"data_set_T":121.2,"data_set_X":0.039028931,"data_set_Y":3.6126635,"data_set_Z":0.0090163946},{"data_set_T":121.8,"data_set_X":0.03918346,"data_set_Y":3.6307776,"data_set_Z":0.0090832459},{"data_set_T":122.4,"data_set_X":0.039338987,"data_set_Y":3.648844,"data_set_Z":0.0091507873},{"data_set_T":123.0,"data_set_X":0.039495554,"data_set_Y":3.6668627,"data_set_Z":0.0092190253},{"data_set_T":123.6,"data_set_X":0.039653208,"data_set_Y":3.6848333,"data_set_Z":0.0092879673},{"data_set_T":124.2,"data_set_X":0.039812002,"data_set_Y":3.702755,"data_set_Z":0.0093576238},{"data_set_T":124.8,"data_set_X":0.039971985,"data_set_Y":3.720628,"data_set_Z":0.0094280038},{"data_set_T":125.4,"data_set_X":0.040133208,"data_set_Y":3.7384512,"data_set_Z":0.0094991196},{"data_set_T":126.0,"data_set_X":0.040295731,"data_set_Y":3.7562249,"data_set_Z":0.0095709842},{"data_set_T":126.6,"data_set_X":0.040459607,"data_set_Y":3.7739482,"data_set_Z":0.0096436106},{"data_set_T":127.2,"data_set_X":0.040624905,"data_set_Y":3.7916207,"data_set_Z":0.0097170146},{"data_set_T":127.8,"data_set_X":0.040791683,"data_set_Y":3.8092418,"data_set_Z":0.0097912122},{"data_set_T":128.39999,"data_set_X":0.040960014,"data_set_Y":3.8268113,"data_set_Z":0.0098662218},{"data_set_T":129.0,"data_set_X":0.041129969,"data_set_Y":3.8443282,"data_set_Z":0.0099420613},{"data_set_T":129.60001,"data_set_X":0.041301627,"data_set_Y":3.8617923,"data_set_Z":0.010018753},{"data_set_T":130.2,"data_set_X":0.041475061,"data_set_Y":3.8792028,"data_set_Z":0.010096317},{"data_set_T":130.8,"data_set_X":0.041650359,"data_set_Y":3.8965592,"data_set_Z":0.010174779},{"data_set_T":131.39999,"data_set_X":0.041827615,"data_set_Y":3.9138608,"data_set_Z":0.010254163},{"data_set_T":132.0,"data_set_X":0.042006917,"data_set_Y":3.9311068,"data_set_Z":0.010334498},{"data_set_T":132.60001,"data_set_X":0.042188372,"data_set_Y":3.9482965,"data_set_Z":0.010415811},{"data_set_T":133.2,"data_set_X":0.042372085,"data_set_Y":3.9654293,"data_set_Z":0.010498135},{"data_set_T":133.8,"data_set_X":0.042558171,"data_set_Y":3.9825041,"data_set_Z":0.010581504},{"data_set_T":134.39999,"data_set_X":0.042746753,"data_set_Y":3.9995203,"data_set_Z":0.01066595},{"data_set_T":135.0,"data_set_X":0.042937953,"data_set_Y":4.0164771,"data_set_Z":0.010751516},{"data_set_T":135.60001,"data_set_X":0.043131918,"data_set_Y":4.0333734,"data_set_Z":0.010838239},{"data_set_T":136.2,"data_set_X":0.043328796,"data_set_Y":4.0502076,"data_set_Z":0.010926164},{"data_set_T":136.8,"data_set_X":0.043528739,"data_set_Y":4.0669799,"data_set_Z":0.011015337},{"data_set_T":137.39999,"data_set_X":0.043731924,"data_set_Y":4.0836883,"data_set_Z":0.011105809},{"data_set_T":138.0,"data_set_X":0.043938532,"data_set_Y":4.1003313,"data_set_Z":0.011197634},{"data_set_T":138.60001,"data_set_X":0.044148762,"data_set_Y":4.1169086,"data_set_Z":0.011290867},{"data_set_T":139.2,"data_set_X":0.044362824,"data_set_Y":4.1334186,"data_set_Z":0.011385571},{"data_set_T":139.8,"data_set_X":0.044580955,"data_set_Y":4.1498594,"data_set_Z":0.011481813},{"data_set_T":140.39999,"data_set_X":0.0448034,"data_set_Y":4.1662302,"data_set_Z":0.011579663},{"data_set_T":141.0,"data_set_X":0.045030426,"data_set_Y":4.1825285,"data_set_Z":0.011679197},{"data_set_T":141.60001,"data_set_X":0.045262337,"data_set_Y":4.1987534,"data_set_Z":0.011780499},{"data_set_T":142.2,"data_set_X":0.045499448,"data_set_Y":4.2149029,"data_set_Z":0.011883657},{"data_set_T":142.8,"data_set_X":0.045742117,"data_set_Y":4.2309747,"data_set_Z":0.011988769},{"data_set_T":143.39999,"data_set_X":0.045990724,"data_set_Y":4.2469668,"data_set_Z":0.012095939},{"data_set_T":144.0,"data_set_X":0.046245698,"data_set_Y":4.2628775,"data_set_Z":0.012205282},{"data_set_T":144.60001,"data_set_X":0.046507504,"data_set_Y":4.2787032,"data_set_Z":0.01231692},{"data_set_T":145.2,"data_set_X":0.046776656,"data_set_Y":4.2944427,"data_set_Z":0.012430988},{"data_set_T":145.8,"data_set_X":0.047053736,"data_set_Y":4.310092,"data_set_Z":0.012547635},{"data_set_T":146.39999,"data_set_X":0.047339372,"data_set_Y":4.3256483,"data_set_Z":0.012667023},{"data_set_T":147.0,"data_set_X":0.047634285,"data_set_Y":4.3411083,"data_set_Z":0.012789328},{"data_set_T":147.60001,"data_set_X":0.047939267,"data_set_Y":4.3564682,"data_set_Z":0.012914748},{"data_set_T":148.2,"data_set_X":0.048255228,"data_set_Y":4.3717241,"data_set_Z":0.0130435},{"data_set_T":148.8,"data_set_X":0.048583176,"data_set_Y":4.3868713,"data_set_Z":0.013175824},{"data_set_T":149.39999,"data_set_X":0.048924275,"data_set_Y":4.4019055,"data_set_Z":0.013311988},{"data_set_T":150.0,"data_set_X":0.049279846,"data_set_Y":4.4168205,"data_set_Z":0.013452293},{"data_set_T":150.60001,"data_set_X":0.04965141,"data_set_Y":4.4316106,"data_set_Z":0.013597076},{"data_set_T":151.2,"data_set_X":0.050040718,"data_set_Y":4.446269,"data_set_Z":0.013746718},{"data_set_T":151.8,"data_set_X":0.050449811,"data_set_Y":4.4607878,"data_set_Z":0.013901649},{"data_set_T":152.39999,"data_set_X":0.050881088,"data_set_Y":4.4751587,"data_set_Z":0.014062362},{"data_set_T":153.0,"data_set_X":0.051337365,"data_set_Y":4.4893713,"data_set_Z":0.014229422},{"data_set_T":153.60001,"data_set_X":0.051822014,"data_set_Y":4.5034146,"data_set_Z":0.014403484},{"data_set_T":154.2,"data_set_X":0.05233907,"data_set_Y":4.5172758,"data_set_Z":0.014585306},{"data_set_T":154.8,"data_set_X":0.052893456,"data_set_Y":4.5309386,"data_set_Z":0.014775781},{"data_set_T":155.39999,"data_set_X":0.053491209,"data_set_Y":4.5443859,"data_set_Z":0.014975967},{"data_set_T":156.0,"data_set_X":0.054139864,"data_set_Y":4.5575957,"data_set_Z":0.01518713},{"data_set_T":156.60001,"data_set_X":0.05484895,"data_set_Y":4.5705419,"data_set_Z":0.015410808},{"data_set_T":157.2,"data_set_X":0.055630729,"data_set_Y":4.5831919,"data_set_Z":0.015648883},{"data_set_T":157.8,"data_set_X":0.05650131,"data_set_Y":4.5955062,"data_set_Z":0.015903711},{"data_set_T":158.39999,"data_set_X":0.057482366,"data_set_Y":4.6074333,"data_set_Z":0.016178284},{"data_set_T":159.0,"data_set_X":0.058603838,"data_set_Y":4.6189055,"data_set_Z":0.016476488},{"data_set_T":159.60001,"data_set_X":0.059908535,"data_set_Y":4.6298323,"data_set_Z":0.016803509},{"data_set_T":160.2,"data_set_X":0.061460197,"data_set_Y":4.6400867,"data_set_Z":0.017166486},{"data_set_T":160.8,"data_set_X":0.063358679,"data_set_Y":4.6494803,"data_set_Z":0.017575659},{"data_set_T":161.39999,"data_set_X":0.065771006,"data_set_Y":4.6577206,"data_set_Z":0.018046496},{"data_set_T":162.0,"data_set_X":0.069001675,"data_set_Y":4.6643081,"data_set_Z":0.018604036},{"data_set_T":162.60001,"data_set_X":0.073674954,"data_set_Y":4.6682935,"data_set_Z":0.019292919},{"data_set_T":163.2,"data_set_X":0.081297137,"data_set_Y":4.6675515,"data_set_Z":0.020204749},{"data_set_T":163.8,"data_set_X":0.096326634,"data_set_Y":4.656209,"data_set_Z":0.021571282},{"data_set_T":164.39999,"data_set_X":0.13230544,"data_set_Y":4.6168194,"data_set_Z":0.024130419},{"data_set_T":165.0,"data_set_X":0.20632455,"data_set_Y":4.5231934,"data_set_Z":0.029851124},{"data_set_T":165.60001,"data_set_X":0.31387198,"data_set_Y":4.3684845,"data_set_Z":0.04081779},{"data_set_T":166.2,"data_set_X":0.42902511,"data_set_Y":4.1719537,"data_set_Z":0.056568675},{"data_set_T":166.8,"data_set_X":0.52328789,"data_set_Y":3.9643459,"data_set_Z":0.07490702},{"data_set_T":167.39999,"data_set_X":0.587156,"data_set_Y":3.7633309,"data_set_Z":0.094104514},{"data_set_T":168.0,"data_set_X":0.62484348,"data_set_Y":3.5733764,"data_set_Z":0.11325018},{"data_set_T":168.60001,"data_set_X":0.64374042,"data_set_Y":3.3938556,"data_set_Z":0.13190235},{"data_set_T":169.2,"data_set_X":0.65002298,"data_set_Y":3.2232709,"data_set_Z":0.1498449},{"data_set_T":169.8,"data_set_X":0.64799213,"data_set_Y":3.0604274,"data_set_Z":0.16697086},{"data_set_T":170.39999,"data_set_X":0.64047563,"data_set_Y":2.9045444,"data_set_Z":0.18322867},{"data_set_T":171.0,"data_set_X":0.62931305,"data_set_Y":2.755137,"data_set_Z":0.1985963},{"data_set_T":171.60001,"data_set_X":0.61571217,"data_set_Y":2.6119006,"data_set_Z":0.21306805},{"data_set_T":172.2,"data_set_X":0.60048044,"data_set_Y":2.4746325,"data_set_Z":0.22664753},{"data_set_T":172.8,"data_set_X":0.58416885,"data_set_Y":2.3431842,"data_set_Z":0.23934351},{"data_set_T":173.39999,"data_set_X":0.5671618,"data_set_Y":2.2174358,"data_set_Z":0.25116763},{"data_set_T":174.0,"data_set_X":0.54973334,"data_set_Y":2.0972786,"data_set_Z":0.262133},{"data_set_T":174.60001,"data_set_X":0.53208315,"data_set_Y":1.9826087,"data_set_Z":0.2722533},{"data_set_T":175.2,"data_set_X":0.51435935,"data_set_Y":1.8733214,"data_set_Z":0.28154224},{"data_set_T":175.8,"data_set_X":0.49667454,"data_set_Y":1.7693092,"data_set_Z":0.29001343},{"data_set_T":176.39999,"data_set_X":0.4791154,"data_set_Y":1.67046,"data_set_Z":0.29768002},{"data_set_T":177.0,"data_set_X":0.46175033,"data_set_Y":1.5766574,"data_set_Z":0.30455488},{"data_set_T":177.60001,"data_set_X":0.44463405,"data_set_Y":1.48778,"data_set_Z":0.31065065},{"data_set_T":178.2,"data_set_X":0.42781115,"data_set_Y":1.4037019,"data_set_Z":0.31597978},{"data_set_T":178.8,"data_set_X":0.41131848,"data_set_Y":1.3242925,"data_set_Z":0.32055479},{"data_set_T":179.39999,"data_set_X":0.39518696,"data_set_Y":1.2494173,"data_set_Z":0.3243885},{"data_set_T":180.0,"data_set_X":0.37944275,"data_set_Y":1.1789377,"data_set_Z":0.32749438},{"data_set_T":180.60001,"data_set_X":0.36410823,"data_set_Y":1.1127117,"data_set_Z":0.32988667},{"data_set_T":181.2,"data_set_X":0.3492026,"data_set_Y":1.0505943,"data_set_Z":0.33158076},{"data_set_T":181.8,"data_set_X":0.33474237,"data_set_Y":0.99243802,"data_set_Z":0.33259353},{"data_set_T":182.39999,"data_set_X":0.32074159,"data_set_Y":0.93809283,"data_set_Z":0.33294359},{"data_set_T":183.0,"data_set_X":0.30721217,"data_set_Y":0.8874073,"data_set_Z":0.33265147},{"data_set_T":183.60001,"data_set_X":0.29416394,"data_set_Y":0.84022862,"data_set_Z":0.33173987},{"data_set_T":184.2,"data_set_X":0.28160471,"data_set_Y":0.79640347,"data_set_Z":0.33023378},{"data_set_T":184.8,"data_set_X":0.26954046,"data_set_Y":0.75577819,"data_set_Z":0.32816058},{"data_set_T":185.39999,"data_set_X":0.25797513,"data_set_Y":0.71819979,"data_set_Z":0.3255499},{"data_set_T":186.0,"data_set_X":0.24691087,"data_set_Y":0.68351603,"data_set_Z":0.32243368},{"data_set_T":186.60001,"data_set_X":0.23634787,"data_set_Y":0.65157634,"data_set_Z":0.31884587},{"data_set_T":187.2,"data_set_X":0.22628449,"data_set_Y":0.62223214,"data_set_Z":0.3148222},{"data_set_T":187.8,"data_set_X":0.21671721,"data_set_Y":0.59533757,"data_set_Z":0.31039983},{"data_set_T":188.39999,"data_set_X":0.20764069,"data_set_Y":0.57074994,"data_set_Z":0.30561695},{"data_set_T":189.0,"data_set_X":0.19904785,"data_set_Y":0.54833001,"data_set_Z":0.30051243},{"data_set_T":189.60001,"data_set_X":0.19092986,"data_set_Y":0.52794278,"data_set_Z":0.29512522},{"data_set_T":190.2,"data_set_X":0.18327633,"data_set_Y":0.50945771,"data_set_Z":0.28949407},{"data_set_T":190.8,"data_set_X":0.17607529,"data_set_Y":0.49274912,"data_set_Z":0.28365695},{"data_set_T":191.39999,"data_set_X":0.16931342,"data_set_Y":0.4776966,"data_set_Z":0.27765071},{"data_set_T":192.0,"data_set_X":0.16297603,"data_set_Y":0.46418515,"data_set_Z":0.27151072},{"data_set_T":192.60001,"data_set_X":0.15704732,"data_set_Y":0.45210555,"data_set_Z":0.26527059},{"data_set_T":193.2,"data_set_X":0.15151042,"data_set_Y":0.44135451,"data_set_Z":0.25896186},{"data_set_T":193.8,"data_set_X":0.14634758,"data_set_Y":0.43183488,"data_set_Z":0.25261381},{"data_set_T":194.39999,"data_set_X":0.14154033,"data_set_Y":0.42345557,"data_set_Z":0.24625342},{"data_set_T":195.0,"data_set_X":0.1370696,"data_set_Y":0.41613179,"data_set_Z":0.23990515},{"data_set_T":195.60001,"data_set_X":0.13291587,"data_set_Y":0.409785,"data_set_Z":0.23359109},{"data_set_T":196.2,"data_set_X":0.12905939,"data_set_Y":0.40434274,"data_set_Z":0.22733082},{"data_set_T":196.8,"data_set_X":0.12548025,"data_set_Y":0.39973867,"data_set_Z":0.22114159},{"data_set_T":197.39999,"data_set_X":0.12215861,"data_set_Y":0.39591235,"data_set_Z":0.2150383},{"data_set_T":198.0,"data_set_X":0.1190748,"data_set_Y":0.39280915,"data_set_Z":0.20903371},{"data_set_T":198.60001,"data_set_X":0.11620948,"data_set_Y":0.39037988,"data_set_Z":0.20313852},{"data_set_T":199.2,"data_set_X":0.11354373,"data_set_Y":0.38858074,"data_set_Z":0.19736148},{"data_set_T":199.8,"data_set_X":0.11105917,"data_set_Y":0.38737297,"data_set_Z":0.19170965},{"data_set_T":200.39999,"data_set_X":0.10873806,"data_set_Y":0.38672256,"data_set_Z":0.18618841},{"data_set_T":201.0,"data_set_X":0.10656332,"data_set_Y":0.38660011,"data_set_Z":0.1808017},{"data_set_T":201.60001,"data_set_X":0.10451863,"data_set_Y":0.38698044,"data_set_Z":0.17555214},{"data_set_T":202.2,"data_set_X":0.10258839,"data_set_Y":0.38784248,"data_set_Z":0.17044115},{"data_set_T":202.8,"data_set_X":0.10075777,"data_set_Y":0.38916889,"data_set_Z":0.16546912},{"data_set_T":203.39999,"data_set_X":0.099012673,"data_set_Y":0.39094603,"data_set_Z":0.1606355},{"data_set_T":204.0,"data_set_X":0.097339682,"data_set_Y":0.39316362,"data_set_Z":0.15593894},{"data_set_T":204.60001,"data_set_X":0.095726043,"data_set_Y":0.39581469,"data_set_Z":0.15137732},{"data_set_T":205.2,"data_set_X":0.094159588,"data_set_Y":0.39889541,"data_set_Z":0.14694798},{"data_set_T":205.8,"data_set_X":0.092628621,"data_set_Y":0.40240508,"data_set_Z":0.14264764},{"data_set_T":206.39999,"data_set_X":0.091121867,"data_set_Y":0.40634596,"data_set_Z":0.13847259},{"data_set_T":207.0,"data_set_X":0.089628309,"data_set_Y":0.41072345,"data_set_Z":0.13441873},{"data_set_T":207.60001,"data_set_X":0.08813712,"data_set_Y":0.41554603,"data_set_Z":0.13048154},{"data_set_T":208.2,"data_set_X":0.086637482,"data_set_Y":0.42082536,"data_set_Z":0.12665628},{"data_set_T":208.8,"data_set_X":0.085118443,"data_set_Y":0.42657661,"data_set_Z":0.12293785},{"data_set_T":209.39999,"data_set_X":0.083568737,"data_set_Y":0.43281844,"data_set_Z":0.11932098},{"data_set_T":210.0,"data_set_X":0.081976622,"data_set_Y":0.43957356,"data_set_Z":0.11580012},{"data_set_T":210.60001,"data_set_X":0.080329634,"data_set_Y":0.44686896,"data_set_Z":0.11236954},{"data_set_T":211.2,"data_set_X":0.078614458,"data_set_Y":0.45473635,"data_set_Z":0.10902333},{"data_set_T":211.8,"data_set_X":0.076816663,"data_set_Y":0.46321273,"data_set_Z":0.10575534},{"data_set_T":212.39999,"data_set_X":0.074920632,"data_set_Y":0.47234076,"data_set_Z":0.10255931},{"data_set_T":213.0,"data_set_X":0.072909519,"data_set_Y":0.48216924,"data_set_Z":0.099428773},{"data_set_T":213.60001,"data_set_X":0.07076554,"data_set_Y":0.49275306,"data_set_Z":0.096357189},{"data_set_T":214.2,"data_set_X":0.068470657,"data_set_Y":0.50415277,"data_set_Z":0.093337961},{"data_set_T":214.8,"data_set_X":0.066008173,"data_set_Y":0.51643288,"data_set_Z":0.09036459},{"data_set_T":215.39999,"data_set_X":0.063365579,"data_set_Y":0.52965826,"data_set_Z":0.087430917},{"data_set_T":216.0,"data_set_X":0.060539376,"data_set_Y":0.54388708,"data_set_Z":0.084531464},{"data_set_T":216.60001,"data_set_X":0.057541948,"data_set_Y":0.55916089,"data_set_Z":0.081661984},{"data_set_T":217.2,"data_set_X":0.054409426,"data_set_Y":0.57549018,"data_set_Z":0.078820124},{"data_set_T":217.8,"data_set_X":0.051207125,"data_set_Y":0.59284127,"data_set_Z":0.076006114},{"data_set_T":218.39999,"data_set_X":0.048026577,"data_set_Y":0.61113065,"data_set_Z":0.07322327},{"data_set_T":219.0,"data_set_X":0.044970386,"data_set_Y":0.630234,"data_set_Z":0.070477851},{"data_set_T":219.60001,"data_set_X":0.04212914,"data_set_Y":0.65000951,"data_set_Z":0.067778245},{"data_set_T":220.2,"data_set_X":0.039562568,"data_set_Y":0.67032325,"data_set_Z":0.065133631},{"data_set_T":220.8,"data_set_X":0.037294269,"data_set_Y":0.69106483,"data_set_Z":0.062552683},{"data_set_T":221.39999,"data_set_X":0.035318743,"data_set_Y":0.71215051,"data_set_Z":0.060042661},{"data_set_T":222.0,"data_set_X":0.033612985,"data_set_Y":0.73351866,"data_set_Z":0.057609085},{"data_set_T":222.60001,"data_set_X":0.032146513,"data_set_Y":0.75512314,"data_set_Z":0.055255715},{"data_set_T":223.2,"data_set_X":0.030887773,"data_set_Y":0.77692837,"data_set_Z":0.052984789},{"data_set_T":223.8,"data_set_X":0.02980742,"data_set_Y":0.79890585,"data_set_Z":0.050797299},{"data_set_T":224.39999,"data_set_X":0.028879611,"data_set_Y":0.82103181,"data_set_Z":0.048693255},{"data_set_T":225.0,"data_set_X":0.028082214,"data_set_Y":0.84328598,"data_set_Z":0.046671938},{"data_set_T":225.60001,"data_set_X":0.027396549,"data_set_Y":0.86565065,"data_set_Z":0.044732064},{"data_set_T":226.2,"data_set_X":0.026806947,"data_set_Y":0.88811052,"data_set_Z":0.042871956},{"data_set_T":226.8,"data_set_X":0.026300278,"data_set_Y":0.91065174,"data_set_Z":0.041089647},{"data_set_T":227.39999,"data_set_X":0.025865521,"data_set_Y":0.93326223,"data_set_Z":0.039382961},{"data_set_T":228.0,"data_set_X":0.0254934,"data_set_Y":0.95593107,"data_set_Z":0.0377496},{"data_set_T":228.60001,"data_set_X":0.025176071,"data_set_Y":0.97864842,"data_set_Z":0.036187183},{"data_set_T":229.2,"data_set_X":0.024906863,"data_set_Y":1.0014057,"data_set_Z":0.034693278},{"data_set_T":229.8,"data_set_X":0.024680085,"data_set_Y":1.0241948,"data_set_Z":0.033265449},{"data_set_T":230.39999,"data_set_X":0.024490856,"data_set_Y":1.0470089,"data_set_Z":0.03190127},{"data_set_T":231.0,"data_set_X":0.02433496,"data_set_Y":1.0698413,"data_set_Z":0.030598335},{"data_set_T":231.60001,"data_set_X":0.024208745,"data_set_Y":1.0926863,"data_set_Z":0.029354282},{"data_set_T":232.2,"data_set_X":0.024109032,"data_set_Y":1.1155387,"data_set_Z":0.028166801},{"data_set_T":232.8,"data_set_X":0.024033044,"data_set_Y":1.1383938,"data_set_Z":0.027033633},{"data_set_T":233.39999,"data_set_X":0.023978338,"data_set_Y":1.1612471,"data_set_Z":0.025952585},{"data_set_T":234.0,"data_set_X":0.023942763,"data_set_Y":1.1840949,"data_set_Z":0.024921527},{"data_set_T":234.60001,"data_set_X":0.023924418,"data_set_Y":1.2069335,"data_set_Z":0.023938395},{"data_set_T":235.2,"data_set_X":0.023921609,"data_set_Y":1.2297598,"data_set_Z":0.023001196},{"data_set_T":235.8,"data_set_X":0.023932833,"data_set_Y":1.2525707,"data_set_Z":0.022108002},{"data_set_T":236.39999,"data_set_X":0.023956746,"data_set_Y":1.2753638,"data_set_Z":0.021256955},{"data_set_T":237.0,"data_set_X":0.023992145,"data_set_Y":1.2981364,"data_set_Z":0.020446269},{"data_set_T":237.60001,"data_set_X":0.02403795,"data_set_Y":1.3208865,"data_set_Z":0.019674217},{"data_set_T":238.2,"data_set_X":0.024093185,"data_set_Y":1.343612,"data_set_Z":0.018939145},{"data_set_T":238.8,"data_set_X":0.024156973,"data_set_Y":1.366311,"data_set_Z":0.018239457},{"data_set_T":239.39999,"data_set_X":0.024228523,"data_set_Y":1.3889819,"data_set_Z":0.017573627},{"data_set_T":240.0,"data_set_X":0.024307115,"data_set_Y":1.4116234,"data_set_Z":0.016940182},{"data_set_T":240.60001,"data_set_X":0.0243921,"data_set_Y":1.4342339,"data_set_Z":0.016337713},{"data_set_T":241.2,"data_set_X":0.024482887,"data_set_Y":1.4568121,"data_set_Z":0.01576487},{"data_set_T":241.8,"data_set_X":0.024578936,"data_set_Y":1.4793572,"data_set_Z":0.015220355},{"data_set_T":242.39999,"data_set_X":0.02467976,"data_set_Y":1.501868,"data_set_Z":0.014702924},{"data_set_T":243.0,"data_set_X":0.024784913,"data_set_Y":1.5243435,"data_set_Z":0.014211386},{"data_set_T":243.60001,"data_set_X":0.024893988,"data_set_Y":1.546783,"data_set_Z":0.013744597},{"data_set_T":244.2,"data_set_X":0.025006613,"data_set_Y":1.5691856,"data_set_Z":0.013301468},{"data_set_T":244.8,"data_set_X":0.025122453,"data_set_Y":1.5915507,"data_set_Z":0.012880949},{"data_set_T":245.39999,"data_set_X":0.025241194,"data_set_Y":1.6138779,"data_set_Z":0.012482039},{"data_set_T":246.0,"data_set_X":0.025362555,"data_set_Y":1.6361663,"data_set_Z":0.012103776},{"data_set_T":246.60001,"data_set_X":0.025486279,"data_set_Y":1.6584156,"data_set_Z":0.011745244},{"data_set_T":247.2,"data_set_X":0.025612127,"data_set_Y":1.6806253,"data_set_Z":0.011405563},{"data_set_T":247.8,"data_set_X":0.025739884,"data_set_Y":1.7027951,"data_set_Z":0.011083892},{"data_set_T":248.39999,"data_set_X":0.025869353,"data_set_Y":1.7249247,"data_set_Z":0.010779427},{"data_set_T":249.0,"data_set_X":0.026000353,"data_set_Y":1.7470136,"data_set_Z":0.010491398},{"data_set_T":249.60001,"data_set_X":0.026132718,"data_set_Y":1.7690616,"data_set_Z":0.01021907},{"data_set_T":250.2,"data_set_X":0.026266299,"data_set_Y":1.7910686,"data_set_Z":0.0099617392},{"data_set_T":250.8,"data_set_X":0.026400955,"data_set_Y":1.8130342,"data_set_Z":0.009718732},{"data_set_T":251.39999,"data_set_X":0.026536563,"data_set_Y":1.8349583,"data_set_Z":0.0094894059},{"data_set_T":252.0,"data_set_X":0.026673008,"data_set_Y":1.8568407,"data_set_Z":0.0092731463},{"data_set_T":252.60001,"data_set_X":0.026810186,"data_set_Y":1.8786814,"data_set_Z":0.0090693645},{"data_set_T":253.2,"data_set_X":0.026947999,"data_set_Y":1.9004803,"data_set_Z":0.008877499},{"data_set_T":253.8,"data_set_X":0.027086362,"data_set_Y":1.9222372,"data_set_Z":0.0086970143},{"data_set_T":254.39999,"data_set_X":0.027225196,"data_set_Y":1.943952,"data_set_Z":0.0085273972},{"data_set_T":255.0,"data_set_X":0.027364433,"data_set_Y":1.9656246,"data_set_Z":0.0083681569},{"data_set_T":255.60001,"data_set_X":0.027504003,"data_set_Y":1.9872551,"data_set_Z":0.0082188249},{"data_set_T":256.20001,"data_set_X":0.02764385,"data_set_Y":2.0088434,"data_set_Z":0.008078956},{"data_set_T":256.79999,"data_set_X":0.027783921,"data_set_Y":2.0303895,"data_set_Z":0.0079481211},{"data_set_T":257.39999,"data_set_X":0.027924169,"data_set_Y":2.0518935,"data_set_Z":0.0078259138},{"data_set_T":258.0,"data_set_X":0.028064549,"data_set_Y":2.0733552,"data_set_Z":0.0077119437},{"data_set_T":258.60001,"data_set_X":0.028205026,"data_set_Y":2.0947745,"data_set_Z":0.0076058391},{"data_set_T":259.20001,"data_set_X":0.028345563,"data_set_Y":2.1161518,"data_set_Z":0.0075072446},{"data_set_T":259.79999,"data_set_X":0.028486131,"data_set_Y":2.1374869,"data_set_Z":0.0074158213},{"data_set_T":260.39999,"data_set_X":0.028626701,"data_set_Y":2.1587796,"data_set_Z":0.0073312456},{"data_set_T":261.0,"data_set_X":0.02876725,"data_set_Y":2.1800303,"data_set_Z":0.0072532077},{"data_set_T":261.60001,"data_set_X":0.028907761,"data_set_Y":2.2012389,"data_set_Z":0.0071814139},{"data_set_T":262.20001,"data_set_X":0.02904821,"data_set_Y":2.2224054,"data_set_Z":0.007115582},{"data_set_T":262.79999,"data_set_X":0.029188585,"data_set_Y":2.24353,"data_set_Z":0.0070554432},{"data_set_T":263.39999,"data_set_X":0.029328872,"data_set_Y":2.2646124,"data_set_Z":0.0070007411},{"data_set_T":264.0,"data_set_X":0.029469058,"data_set_Y":2.2856529,"data_set_Z":0.006951232},{"data_set_T":264.60001,"data_set_X":0.029609134,"data_set_Y":2.3066514,"data_set_Z":0.0069066817},{"data_set_T":265.20001,"data_set_X":0.029749094,"data_set_Y":2.3276081,"data_set_Z":0.0068668677},{"data_set_T":265.79999,"data_set_X":0.029888932,"data_set_Y":2.3485229,"data_set_Z":0.0068315784},{"data_set_T":266.39999,"data_set_X":0.030028643,"data_set_Y":2.369396,"data_set_Z":0.0068006106},{"data_set_T":267.0,"data_set_X":0.030168224,"data_set_Y":2.3902271,"data_set_Z":0.0067737713},{"data_set_T":267.60001,"data_set_X":0.030307673,"data_set_Y":2.4110167,"data_set_Z":0.0067508761},{"data_set_T":268.20001,"data_set_X":0.030446991,"data_set_Y":2.4317644,"data_set_Z":0.0067317504},{"data_set_T":268.79999,"data_set_X":0.030586176,"data_set_Y":2.4524705,"data_set_Z":0.0067162258},{"data_set_T":269.39999,"data_set_X":0.030725233,"data_set_Y":2.4731352,"data_set_Z":0.0067041432},{"data_set_T":270.0,"data_set_X":0.030864162,"data_set_Y":2.4937582,"data_set_Z":0.0066953506},{"data_set_T":270.60001,"data_set_X":0.031002969,"data_set_Y":2.5143397,"data_set_Z":0.0066897031},{"data_set_T":271.20001,"data_set_X":0.031141654,"data_set_Y":2.5348797,"data_set_Z":0.0066870623},{"data_set_T":271.79999,"data_set_X":0.031280227,"data_set_Y":2.5553782,"data_set_Z":0.006687297},{"data_set_T":272.39999,"data_set_X":0.031418689,"data_set_Y":2.5758352,"data_set_Z":0.0066902814},{"data_set_T":273.0,"data_set_X":0.031557053,"data_set_Y":2.5962508,"data_set_Z":0.0066958969},{"data_set_T":273.60001,"data_set_X":0.031695317,"data_set_Y":2.6166251,"data_set_Z":0.0067040292},{"data_set_T":274.20001,"data_set_X":0.0318335,"data_set_Y":2.6369579,"data_set_Z":0.0067145703},{"data_set_T":274.79999,"data_set_X":0.031971596,"data_set_Y":2.6572492,"data_set_Z":0.0067274175},{"data_set_T":275.39999,"data_set_X":0.032109626,"data_set_Y":2.6774995,"data_set_Z":0.0067424723},{"data_set_T":276.0,"data_set_X":0.032247595,"data_set_Y":2.6977081,"data_set_Z":0.0067596417},{"data_set_T":276.60001,"data_set_X":0.032385509,"data_set_Y":2.7178757,"data_set_Z":0.0067788367},{"data_set_T":277.20001,"data_set_X":0.032523386,"data_set_Y":2.7380018,"data_set_Z":0.0067999735},{"data_set_T":277.79999,"data_set_X":0.032661226,"data_set_Y":2.7580867,"data_set_Z":0.0068229712},{"data_set_T":278.39999,"data_set_X":0.032799046,"data_set_Y":2.7781301,"data_set_Z":0.0068477537},{"data_set_T":279.0,"data_set_X":0.03293686,"data_set_Y":2.7981322,"data_set_Z":0.0068742484},{"data_set_T":279.60001,"data_set_X":0.033074673,"data_set_Y":2.8180931,"data_set_Z":0.0069023864},{"data_set_T":280.20001,"data_set_X":0.033212498,"data_set_Y":2.8380125,"data_set_Z":0.0069321031},{"data_set_T":280.79999,"data_set_X":0.033350352,"data_set_Y":2.8578906,"data_set_Z":0.0069633354},{"data_set_T":281.39999,"data_set_X":0.033488244,"data_set_Y":2.8777273,"data_set_Z":0.0069960249},{"data_set_T":282.0,"data_set_X":0.033626188,"data_set_Y":2.8975224,"data_set_Z":0.0070301159},{"data_set_T":282.60001,"data_set_X":0.033764195,"data_set_Y":2.9172764,"data_set_Z":0.0070655546},{"data_set_T":283.20001,"data_set_X":0.033902284,"data_set_Y":2.9369886,"data_set_Z":0.007102292},{"data_set_T":283.79999,"data_set_X":0.034040462,"data_set_Y":2.9566593,"data_set_Z":0.0071402797},{"data_set_T":284.39999,"data_set_X":0.034178749,"data_set_Y":2.9762886,"data_set_Z":0.0071794731},{"data_set_T":285.0,"data_set_X":0.034317154,"data_set_Y":2.9958761,"data_set_Z":0.0072198291},{"data_set_T":285.60001,"data_set_X":0.034455698,"data_set_Y":3.0154219,"data_set_Z":0.0072613084},{"data_set_T":286.20001,"data_set_X":0.034594394,"data_set_Y":3.0349262,"data_set_Z":0.0073038726},{"data_set_T":286.79999,"data_set_X":0.034733258,"data_set_Y":3.0543885,"data_set_Z":0.0073474855},{"data_set_T":287.39999,"data_set_X":0.034872305,"data_set_Y":3.0738089,"data_set_Z":0.007392114},{"data_set_T":288.0,"data_set_X":0.035011552,"data_set_Y":3.0931873,"data_set_Z":0.007437726},{"data_set_T":288.60001,"data_set_X":0.03515102,"data_set_Y":3.112524,"data_set_Z":0.0074842917},{"data_set_T":289.20001,"data_set_X":0.035290718,"data_set_Y":3.1318183,"data_set_Z":0.0075317831},{"data_set_T":289.79999,"data_set_X":0.03543067,"data_set_Y":3.1510706,"data_set_Z":0.0075801741},{"data_set_T":290.39999,"data_set_X":0.035570893,"data_set_Y":3.1702805,"data_set_Z":0.0076294397},{"data_set_T":291.0,"data_set_X":0.035711404,"data_set_Y":3.1894479,"data_set_Z":0.0076795574},{"data_set_T":291.60001,"data_set_X":0.035852227,"data_set_Y":3.2085729,"data_set_Z":0.0077305054},{"data_set_T":292.20001,"data_set_X":0.035993375,"data_set_Y":3.2276552,"data_set_Z":0.0077822641},{"data_set_T":292.79999,"data_set_X":0.036134876,"data_set_Y":3.2466948,"data_set_Z":0.0078348154},{"data_set_T":293.39999,"data_set_X":0.036276743,"data_set_Y":3.2656918,"data_set_Z":0.0078881411},{"data_set_T":294.0,"data_set_X":0.036419004,"data_set_Y":3.2846453,"data_set_Z":0.0079422267},{"data_set_T":294.60001,"data_set_X":0.036561675,"data_set_Y":3.303556,"data_set_Z":0.0079970583},{"data_set_T":295.20001,"data_set_X":0.036704786,"data_set_Y":3.3224232,"data_set_Z":0.008052621},{"data_set_T":295.79999,"data_set_X":0.036848355,"data_set_Y":3.3412471,"data_set_Z":0.0081089046},{"data_set_T":296.39999,"data_set_X":0.036992408,"data_set_Y":3.3600273,"data_set_Z":0.0081658987},{"data_set_T":297.0,"data_set_X":0.037136968,"data_set_Y":3.3787637,"data_set_Z":0.0082235923},{"data_set_T":297.60001,"data_set_X":0.037282065,"data_set_Y":3.3974562,"data_set_Z":0.0082819788},{"data_set_T":298.20001,"data_set_X":0.03742772,"data_set_Y":3.4161043,"data_set_Z":0.0083410507},{"data_set_T":298.79999,"data_set_X":0.037573963,"data_set_Y":3.4347084,"data_set_Z":0.0084008016},{"data_set_T":299.39999,"data_set_X":0.037720826,"data_set_Y":3.4532676,"data_set_Z":0.0084612267},{"data_set_T":300.0,"data_set_X":0.037868336,"data_set_Y":3.4717822,"data_set_Z":0.0085223224},{"data_set_T":300.60001,"data_set_X":0.03801652,"data_set_Y":3.4902515,"data_set_Z":0.0085840849},{"data_set_T":301.20001,"data_set_X":0.038165413,"data_set_Y":3.5086758,"data_set_Z":0.0086465143},{"data_set_T":301.79999,"data_set_X":0.038315047,"data_set_Y":3.5270545,"data_set_Z":0.0087096086},{"data_set_T":302.39999,"data_set_X":0.038465459,"data_set_Y":3.5453873,"data_set_Z":0.0087733688},{"data_set_T":303.0,"data_set_X":0.03861668,"data_set_Y":3.5636742,"data_set_Z":0.0088377949},{"data_set_T":303.60001,"data_set_X":0.038768746,"data_set_Y":3.5819147,"data_set_Z":0.0089028915},{"data_set_T":304.20001,"data_set_X":0.038921699,"data_set_Y":3.6001086,"data_set_Z":0.0089686597},{"data_set_T":304.79999,"data_set_X":0.039075579,"data_set_Y":3.6182556,"data_set_Z":0.0090351049},{"data_set_T":305.39999,"data_set_X":0.039230425,"data_set_Y":3.6363552,"data_set_Z":0.0091022318},{"data_set_T":306.0,"data_set_X":0.039386284,"data_set_Y":3.6544073,"data_set_Z":0.0091700489},{"data_set_T":306.60001,"data_set_X":0.039543193,"data_set_Y":3.6724114,"data_set_Z":0.0092385616},{"data_set_T":307.20001,"data_set_X":0.039701208,"data_set_Y":3.6903672,"data_set_Z":0.0093077784},{"data_set_T":307.79999,"data_set_X":0.039860375,"data_set_Y":3.7082741,"data_set_Z":0.0093777105},{"data_set_T":308.39999,"data_set_X":0.040020749,"data_set_Y":3.7261322,"data_set_Z":0.0094483681},{"data_set_T":309.0,"data_set_X":0.040182378,"data_set_Y":3.7439404,"data_set_Z":0.0095197624},{"data_set_T":309.60001,"data_set_X":0.040345322,"data_set_Y":3.7616987,"data_set_Z":0.0095919073},{"data_set_T":310.20001,"data_set_X":0.040509641,"data_set_Y":3.7794065,"data_set_Z":0.0096648177},{"data_set_T":310.79999,"data_set_X":0.040675398,"data_set_Y":3.7970636,"data_set_Z":0.0097385077},{"data_set_T":311.39999,"data_set_X":0.04084266,"data_set_Y":3.8146691,"data_set_Z":0.0098129949},{"data_set_T":312.0,"data_set_X":0.041011494,"data_set_Y":3.8322225,"data_set_Z":0.0098882979},{"data_set_T":312.60001,"data_set_X":0.041181974,"data_set_Y":3.8497236,"data_set_Z":0.0099644354},{"data_set_T":313.20001,"data_set_X":0.041354179,"data_set_Y":3.8671713,"data_set_Z":0.01004143},{"data_set_T":313.79999,"data_set_X":0.041528188,"data_set_Y":3.8845654,"data_set_Z":0.010119303},{"data_set_T":314.39999,"data_set_X":0.041704088,"data_set_Y":3.9019053,"data_set_Z":0.01019808},{"data_set_T":315.0,"data_set_X":0.041881971,"data_set_Y":3.9191899,"data_set_Z":0.010277786},{"data_set_T":315.60001,"data_set_X":0.042061936,"data_set_Y":3.9364188,"data_set_Z":0.01035845},{"data_set_T":316.20001,"data_set_X":0.04224408,"data_set_Y":3.9535913,"data_set_Z":0.010440101},{"data_set_T":316.79999,"data_set_X":0.04242852,"data_set_Y":3.9707065,"data_set_Z":0.010522772},{"data_set_T":317.39999,"data_set_X":0.042615365,"data_set_Y":3.9877636,"data_set_Z":0.010606495},{"data_set_T":318.0,"data_set_X":0.042804744,"data_set_Y":4.0047617,"data_set_Z":0.010691307},{"data_set_T":318.60001,"data_set_X":0.04299679,"data_set_Y":4.0216999,"data_set_Z":0.01077725},{"data_set_T":319.20001,"data_set_X":0.043191638,"data_set_Y":4.0385776,"data_set_Z":0.010864362},{"data_set_T":319.79999,"data_set_X":0.043389447,"data_set_Y":4.0553932,"data_set_Z":0.010952689},{"data_set_T":320.39999,"data_set_X":0.043590378,"data_set_Y":4.0721459,"data_set_Z":0.011042279},{"data_set_T":321.0,"data_set_X":0.043794598,"data_set_Y":4.0888343,"data_set_Z":0.011133182},{"data_set_T":321.60001,"data_set_X":0.044002306,"data_set_Y":4.1054578,"data_set_Z":0.011225454},{"data_set_T":322.20001,"data_set_X":0.044213694,"data_set_Y":4.1220145,"data_set_Z":0.011319152},{"data_set_T":322.79999,"data_set_X":0.044428986,"data_set_Y":4.1385036,"data_set_Z":0.011414341},{"data_set_T":323.39999,"data_set_X":0.04464842,"data_set_Y":4.154923,"data_set_Z":0.011511086},{"data_set_T":324.0,"data_set_X":0.044872247,"data_set_Y":4.1712718,"data_set_Z":0.011609463},{"data_set_T":324.60001,"data_set_X":0.045100745,"data_set_Y":4.1875482,"data_set_Z":0.011709549},{"data_set_T":325.20001,"data_set_X":0.045334224,"data_set_Y":4.2037501,"data_set_Z":0.011811427},{"data_set_T":325.79999,"data_set_X":0.045573007,"data_set_Y":4.2198758,"data_set_Z":0.01191519},{"data_set_T":326.39999,"data_set_X":0.045817461,"data_set_Y":4.2359238,"data_set_Z":0.012020938},{"data_set_T":327.0,"data_set_X":0.046067979,"data_set_Y":4.2518911,"data_set_Z":0.012128777},{"data_set_T":327.60001,"data_set_X":0.046325002,"data_set_Y":4.267776,"data_set_Z":0.012238824},{"data_set_T":328.20001,"data_set_X":0.046589009,"data_set_Y":4.2835755,"data_set_Z":0.012351207},{"data_set_T":328.79999,"data_set_X":0.046860535,"data_set_Y":4.2992878,"data_set_Z":0.012466063},{"data_set_T":329.39999,"data_set_X":0.04714017,"data_set_Y":4.314909,"data_set_Z":0.012583545},{"data_set_T":330.0,"data_set_X":0.047428578,"data_set_Y":4.3304362,"data_set_Z":0.01270382},{"data_set_T":330.60001,"data_set_X":0.047726493,"data_set_Y":4.3458657,"data_set_Z":0.012827071},{"data_set_T":331.20001,"data_set_X":0.048034746,"data_set_Y":4.3611946,"data_set_Z":0.0129535},{"data_set_T":331.79999,"data_set_X":0.048354272,"data_set_Y":4.3764176,"data_set_Z":0.013083332},{"data_set_T":332.39999,"data_set_X":0.048686132,"data_set_Y":4.391531,"data_set_Z":0.013216815},{"data_set_T":333.0,"data_set_X":0.049031522,"data_set_Y":4.4065289,"data_set_Z":0.013354226},{"data_set_T":333.60001,"data_set_X":0.049391828,"data_set_Y":4.4214067,"data_set_Z":0.013495876},{"data_set_T":334.20001,"data_set_X":0.049768638,"data_set_Y":4.4361572,"data_set_Z":0.013642116},{"data_set_T":334.79999,"data_set_X":0.050163787,"data_set_Y":4.4507737,"data_set_Z":0.01379334},{"data_set_T":335.39999,"data_set_X":0.05057941,"data_set_Y":4.4652481,"data_set_Z":0.013949998},{"data_set_T":336.0,"data_set_X":0.051018033,"data_set_Y":4.4795713,"data_set_Z":0.014112603},{"data_set_T":336.60001,"data_set_X":0.051482625,"data_set_Y":4.4937334,"data_set_Z":0.014281744},{"data_set_T":337.20001,"data_set_X":0.051976748,"data_set_Y":4.5077229,"data_set_Z":0.014458106},{"data_set_T":337.79999,"data_set_X":0.052504685,"data_set_Y":4.5215249,"data_set_Z":0.014642487},{"data_set_T":338.39999,"data_set_X":0.053071667,"data_set_Y":4.5351238,"data_set_Z":0.014835825},{"data_set_T":339.0,"data_set_X":0.053684145,"data_set_Y":4.5485005,"data_set_Z":0.015039239},{"data_set_T":339.60001,"data_set_X":0.054350205,"data_set_Y":4.5616326,"data_set_Z":0.015254068},{"data_set_T":340.20001,"data_set_X":0.05508012,"data_set_Y":4.5744915,"data_set_Z":0.015481947},{"data_set_T":340.79999,"data_set_X":0.055887196,"data_set_Y":4.5870438,"data_set_Z":0.01572489},{"data_set_T":341.39999,"data_set_X":0.056789026,"data_set_Y":4.5992451,"data_set_Z":0.015985424},{"data_set_T":342.0,"data_set_X":0.057809457,"data_set_Y":4.6110411,"data_set_Z":0.016266782},{"data_set_T":342.60001,"data_set_X":0.05898178,"data_set_Y":4.6223574,"data_set_Z":0.0165732},{"data_set_T":343.20001,"data_set_X":0.060354125,"data_set_Y":4.6330938,"data_set_Z":0.016910374},{"data_set_T":343.79999,"data_set_X":0.061999194,"data_set_Y":4.6431079,"data_set_Z":0.017286241},{"data_set_T":344.39999,"data_set_X":0.064033002,"data_set_Y":4.6521859,"data_set_Z":0.017712351},{"data_set_T":345.0,"data_set_X":0.066654257,"data_set_Y":4.659986,"data_set_Z":0.018206479},{"data_set_T":345.60001,"data_set_X":0.070237011,"data_set_Y":4.6659098,"data_set_Z":0.018798169},{"data_set_T":346.20001,"data_set_X":0.075583003,"data_set_Y":4.6687646,"data_set_Z":0.019542089},{"data_set_T":346.79999,"data_set_X":0.084747173,"data_set_Y":4.6657162,"data_set_Z":0.020556882},{"data_set_T":347.39999,"data_set_X":0.10413727,"data_set_Y":4.6484528,"data_set_Z":0.022166876},{"data_set_T":348.0,"data_set_X":0.15068614,"data_set_Y":4.594738,"data_set_Z":0.025424605},{"data_set_T":348.60001,"data_set_X":0.23654605,"data_set_Y":4.4819436,"data_set_Z":0.032614477},{"data_set_T":349.20001,"data_set_X":0.3499372,"data_set_Y":4.3112259,"data_set_Z":0.045231413},{"data_set_T":349.79999,"data_set_X":0.46098694,"data_set_Y":4.108367,"data_set_Z":0.062013511},{"data_set_T":350.39999,"data_set_X":0.54605341,"data_set_Y":3.9016826,"data_set_Z":0.080755189},{"data_set_T":351.0,"data_set_X":0.60115111,"data_set_Y":3.7039495,"data_set_Z":0.10000535},{"data_set_T":351.60001,"data_set_X":0.63231301,"data_set_Y":3.5173433,"data_set_Z":0.11903299},{"data_set_T":352.20001,"data_set_X":0.64677727,"data_set_Y":3.3407133,"data_set_Z":0.1374841},{"data_set_T":352.79999,"data_set_X":0.65013313,"data_set_Y":3.1726062,"data_set_Z":0.15518451},{"data_set_T":353.39999,"data_set_X":0.64617455,"data_set_Y":3.0119617,"data_set_Z":0.17204817},{"data_set_T":354.0,"data_set_X":0.63737983,"data_set_Y":2.8581038,"data_set_Z":0.18803455},{"data_set_T":354.60001,"data_set_X":0.62536359,"data_set_Y":2.7106133,"data_set_Z":0.20312768},{"data_set_T":355.20001,"data_set_X":0.61119109,"data_set_Y":2.5692234,"data_set_Z":0.2173253},{"data_set_T":355.79999,"data_set_X":0.59557879,"data_set_Y":2.4337521,"data_set_Z":0.2306329},{"data_set_T":356.39999,"data_set_X":0.57901907,"data_set_Y":2.3040619,"data_set_Z":0.24306037},{"data_set_T":357.0,"data_set_X":0.5618577,"data_set_Y":2.1800373,"data_set_Z":0.25461987},{"data_set_T":357.60001,"data_set_X":0.54434276,"data_set_Y":2.0615721,"data_set_Z":0.2653248},{"data_set_T":358.20001,"data_set_X":0.52665603,"data_set_Y":1.9485624,"data_set_Z":0.27518886},{"data_set_T":358.79999,"data_set_X":0.50893354,"data_set_Y":1.8409027,"data_set_Z":0.28422576},{"data_set_T":359.39999,"data_set_X":0.49127889,"data_set_Y":1.7384841,"data_set_Z":0.292449},{"data_set_T":360.0,"data_set_X":0.47377262,"data_set_Y":1.6411935,"data_set_Z":0.29987159},{"data_set_T":360.60001,"data_set_X":0.45647842,"data_set_Y":1.5489128,"data_set_Z":0.3065064},{"data_set_T":361.20001,"data_set_X":0.43944764,"data_set_Y":1.4615192,"data_set_Z":0.31236589},{"data_set_T":361.79999,"data_set_X":0.42272228,"data_set_Y":1.3788854,"data_set_Z":0.31746256},{"data_set_T":362.39999,"data_set_X":0.40633717,"data_set_Y":1.3008795,"data_set_Z":0.32180902},{"data_set_T":363.0,"data_set_X":0.39032167,"data_set_Y":1.2273657,"data_set_Z":0.32541826},{"data_set_T":363.60001,"data_set_X":0.37470073,"data_set_Y":1.1582043,"data_set_Z":0.32830387},{"data_set_T":364.20001,"data_set_X":0.35949567,"data_set_Y":1.0932525,"data_set_Z":0.33048052},{"data_set_T":364.79999,"data_set_X":0.34472486,"data_set_Y":1.0323645,"data_set_Z":0.33196396},{"data_set_T":365.39999,"data_set_X":0.33040395,"data_set_Y":0.97539163,"data_set_Z":0.3327716},{"data_set_T":366.0,"data_set_X":0.31654641,"data_set_Y":0.92218375,"data_set_Z":0.33292258},{"data_set_T":366.60001,"data_set_X":0.30316344,"data_set_Y":0.87258875,"data_set_Z":0.33243811},{"data_set_T":367.20001,"data_set_X":0.29026425,"data_set_Y":0.82645375,"data_set_Z":0.33134159},{"data_set_T":367.79999,"data_set_X":0.27785611,"data_set_Y":0.78362513,"data_set_Z":0.32965869},{"data_set_T":368.39999,"data_set_X":0.26594436,"data_set_Y":0.74394947,"data_set_Z":0.32741752},{"data_set_T":369.0,"data_set_X":0.2545324,"data_set_Y":0.70727396,"data_set_Z":0.32464844},{"data_set_T":369.60001,"data_set_X":0.24362175,"data_set_Y":0.67344671,"data_set_Z":0.32138401},{"data_set_T":370.20001,"data_set_X":0.23321208,"data_set_Y":0.64231777,"data_set_Z":0.31765878},{"data_set_T":370.79999,"data_set_X":0.22330113,"data_set_Y":0.61373943,"data_set_Z":0.3135089},{"data_set_T":371.39999,"data_set_X":0.21388483,"data_set_Y":0.58756655,"data_set_Z":0.30897194},{"data_set_T":372.0,"data_set_X":0.20495732,"data_set_Y":0.56365758,"data_set_Z":0.30408636},{"data_set_T":372.60001,"data_set_X":0.19651096,"data_set_Y":0.54187447,"data_set_Z":0.29889107},{"data_set_T":373.20001,"data_set_X":0.18853642,"data_set_Y":0.52208364,"data_set_Z":0.29342502},{"data_set_T":373.79999,"data_set_X":0.18102285,"data_set_Y":0.50415593,"data_set_Z":0.28772673},{"data_set_T":374.39999,"data_set_X":0.17395782,"data_set_Y":0.48796722,"data_set_Z":0.28183392},{"data_set_T":375.0,"data_set_X":0.1673276,"data_set_Y":0.47339875,"data_set_Z":0.275783},{"data_set_T":375.60001,"data_set_X":0.16111714,"data_set_Y":0.46033725,"data_set_Z":0.26960883},{"data_set_T":376.20001,"data_set_X":0.15531029,"data_set_Y":0.44867536,"data_set_Z":0.26334441},{"data_set_T":376.79999,"data_set_X":0.1498899,"data_set_Y":0.43831158,"data_set_Z":0.25702059},{"data_set_T":377.39999,"data_set_X":0.14483801,"data_set_Y":0.42915067,"data_set_Z":0.25066599},{"data_set_T":378.0,"data_set_X":0.1401359,"data_set_Y":0.42110342,"data_set_Z":0.24430679},{"data_set_T":378.60001,"data_set_X":0.13576436,"data_set_Y":0.414087,"data_set_Z":0.23796676},{"data_set_T":379.20001,"data_set_X":0.13170381,"data_set_Y":0.40802473,"data_set_Z":0.23166718},{"data_set_T":379.79999,"data_set_X":0.1279344,"data_set_Y":0.40284601,"data_set_Z":0.22542693},{"data_set_T":380.39999,"data_set_X":0.12443624,"data_set_Y":0.39848635,"data_set_Z":0.21926253},{"data_set_T":381.0,"data_set_X":0.12118954,"data_set_Y":0.39488709,"data_set_Z":0.21318819},{"data_set_T":381.60001,"data_set_X":0.1181747,"data_set_Y":0.39199531,"data_set_Z":0.20721605},{"data_set_T":382.20001,"data_set_X":0.11537251,"data_set_Y":0.3897635,"data_set_Z":0.20135619},{"data_set_T":382.79999,"data_set_X":0.11276419,"data_set_Y":0.38814941,"data_set_Z":0.19561684},{"data_set_T":383.39999,"data_set_X":0.11033156,"data_set_Y":0.38711578,"data_set_Z":0.1900045},{"data_set_T":384.0,"data_set_X":0.10805707,"data_set_Y":0.38663,"data_set_Z":0.18452409},{"data_set_T":384.60001,"data_set_X":0.10592388,"data_set_Y":0.38666406,"data_set_Z":0.17917916},{"data_set_T":385.20001,"data_set_X":0.10391587,"data_set_Y":0.38719401,"data_set_Z":0.17397194},{"data_set_T":385.79999,"data_set_X":0.10201769,"data_set_Y":0.38819996,"data_set_Z":0.16890351},{"data_set_T":386.39999,"data_set_X":0.10021474,"data_set_Y":0.38966575,"data_set_Z":0.16397397},{"data_set_T":387.0,"data_set_X":0.098493122,"data_set_Y":0.39157876,"data_set_Z":0.1591825},{"data_set_T":387.60001,"data_set_X":0.096839644,"data_set_Y":0.39392972,"data_set_Z":0.15452752},{"data_set_T":388.20001,"data_set_X":0.095241733,"data_set_Y":0.39671266,"data_set_Z":0.15000673},{"data_set_T":388.79999,"data_set_X":0.093687378,"data_set_Y":0.39992473,"data_set_Z":0.14561726},{"data_set_T":389.39999,"data_set_X":0.092165008,"data_set_Y":0.40356609,"data_set_Z":0.14135571},{"data_set_T":390.0,"data_set_X":0.090663455,"data_set_Y":0.40763998,"data_set_Z":0.13721824},{"data_set_T":390.60001,"data_set_X":0.089171782,"data_set_Y":0.41215277,"data_set_Z":0.1332006},{"data_set_T":391.20001,"data_set_X":0.087679155,"data_set_Y":0.41711387,"data_set_Z":0.12929821},{"data_set_T":391.79999,"data_set_X":0.086174756,"data_set_Y":0.42253599,"data_set_Z":0.12550622},{"data_set_T":392.39999,"data_set_X":0.084647536,"data_set_Y":0.42843533,"data_set_Z":0.12181948},{"data_set_T":393.0,"data_set_X":0.083086118,"data_set_Y":0.4348318,"data_set_Z":0.11823261},{"data_set_T":393.60001,"data_set_X":0.081478558,"data_set_Y":0.44174933,"data_set_Z":0.11474002},{"data_set_T":394.20001,"data_set_X":0.079812154,"data_set_Y":0.44921634,"data_set_Z":0.11133593},{"data_set_T":394.79999,"data_set_X":0.078073256,"data_set_Y":0.45726606,"data_set_Z":0.10801432},{"data_set_T":395.39999,"data_set_X":0.076247089,"data_set_Y":0.46593726,"data_set_Z":0.10476905},{"data_set_T":396.0,"data_set_X":0.074317649,"data_set_Y":0.47527435,"data_set_Z":0.10159377},{"data_set_T":396.60001,"data_set_X":0.072267763,"data_set_Y":0.48532808,"data_set_Z":0.09848199},{"data_set_T":397.20001,"data_set_X":0.070079461,"data_set_Y":0.49615514,"data_set_Z":0.095427141},{"data_set_T":397.79999,"data_set_X":0.06773489,"data_set_Y":0.50781757,"data_set_Z":0.092422642},{"data_set_T":398.39999,"data_set_X":0.065218262,"data_set_Y":0.5203805,"data_set_Z":0.089462057},{"data_set_T":399.0,"data_set_X":0.062519215,"data_set_Y":0.53390753,"data_set_Z":0.08653941},{"data_set_T":399.60001,"data_set_X":0.05963831,"data_set_Y":0.54845321,"data_set_Z":0.083649516},{"data_set_T":400.20001,"data_set_X":0.056594368,"data_set_Y":0.56405097,"data_set_Z":0.080788635},{"data_set_T":400.79999,"data_set_X":0.053432163,"data_set_Y":0.58069915,"data_set_Z":0.077955142},{"data_set_T":401.39999,"data_set_X":0.05022588,"data_set_Y":0.59834874,"data_set_Z":0.075150177},{"data_set_T":402.0,"data_set_X":0.047072608,"data_set_Y":0.61690199,"data_set_Z":0.072378017},{"data_set_T":402.60001,"data_set_X":0.044073794,"data_set_Y":0.63622636,"data_set_Z":0.069645673},{"data_set_T":403.20001,"data_set_X":0.041312043,"data_set_Y":0.65618002,"data_set_Z":0.066961937},{"data_set_T":403.79999,"data_set_X":0.038835883,"data_set_Y":0.67663527,"data_set_Z":0.064335957},{"data_set_T":404.39999,"data_set_X":0.036658883,"data_set_Y":0.69749004,"data_set_Z":0.061776035},{"data_set_T":405.0,"data_set_X":0.034768943,"data_set_Y":0.71866798,"data_set_Z":0.059288926},{"data_set_T":405.60001,"data_set_X":0.033139858,"data_set_Y":0.74011278,"data_set_Z":0.056879595},{"data_set_T":406.20001,"data_set_X":0.031740308,"data_set_Y":0.76178217,"data_set_Z":0.054551303},{"data_set_T":406.79999,"data_set_X":0.030539177,"data_set_Y":0.78364295,"data_set_Z":0.052305881},{"data_set_T":407.39999,"data_set_X":0.029508121,"data_set_Y":0.80566823,"data_set_Z":0.050143987},{"data_set_T":408.0,"data_set_X":0.028622441,"data_set_Y":0.8278355,"data_set_Z":0.048065387},{"data_set_T":408.60001,"data_set_X":0.027861103,"data_set_Y":0.85012525,"data_set_Z":0.046069171},{"data_set_T":409.20001,"data_set_X":0.0272064,"data_set_Y":0.87252069,"data_set_Z":0.044153925},{"data_set_T":409.79999,"data_set_X":0.02664349,"data_set_Y":0.89500684,"data_set_Z":0.042317867},{"data_set_T":410.39999,"data_set_X":0.026159931,"data_set_Y":0.91757053,"data_set_Z":0.040558957},{"data_set_T":411.0,"data_set_X":0.025745274,"data_set_Y":0.94019997,"data_set_Z":0.03887498},{"data_set_T":411.60001,"data_set_X":0.025390711,"data_set_Y":0.9628846,"data_set_Z":0.037263606},{"data_set_T":412.20001,"data_set_X":0.02508878,"data_set_Y":0.98561513,"data_set_Z":0.035722435},{"data_set_T":412.79999,"data_set_X":0.024833133,"data_set_Y":1.0083829,"data_set_Z":0.034249026},{"data_set_T":413.39999,"data_set_X":0.024618343,"data_set_Y":1.0311804,"data_set_Z":0.032840952},{"data_set_T":414.0,"data_set_X":0.024439743,"data_set_Y":1.0540007,"data_set_Z":0.031495783},{"data_set_T":414.60001,"data_set_X":0.024293302,"data_set_Y":1.0768375,"data_set_Z":0.030211132},{"data_set_T":415.20001,"data_set_X":0.024175523,"data_set_Y":1.0996854,"data_set_Z":0.028984651},{"data_set_T":415.79999,"data_set_X":0.024083355,"data_set_Y":1.1225392,"data_set_Z":0.027814042},{"data_set_T":416.39999,"data_set_X":0.024014132,"data_set_Y":1.1453941,"data_set_Z":0.026697069},{"data_set_T":417.0,"data_set_X":0.023965502,"data_set_Y":1.1682462,"data_set_Z":0.025631556},{"data_set_T":417.60001,"data_set_X":0.023935396,"data_set_Y":1.1910915,"data_set_Z":0.024615394},{"data_set_T":418.20001,"data_set_X":0.023921978,"data_set_Y":1.2139267,"data_set_Z":0.023646541},{"data_set_T":418.79999,"data_set_X":0.023923621,"data_set_Y":1.2367486,"data_set_Z":0.022723023},{"data_set_T":419.39999,"data_set_X":0.023938868,"data_set_Y":1.2595543,"data_set_Z":0.021842932},{"data_set_T":420.0,"data_set_X":0.02396642,"data_set_Y":1.2823412,"data_set_Z":0.021004435},{"data_set_T":420.60001,"data_set_X":0.024005117,"data_set_Y":1.3051072,"data_set_Z":0.020205762},{"data_set_T":421.20001,"data_set_X":0.024053907,"data_set_Y":1.32785,"data_set_Z":0.019445211},{"data_set_T":421.79999,"data_set_X":0.024111852,"data_set_Y":1.3505675,"data_set_Z":0.018721143},{"data_set_T":422.39999,"data_set_X":0.024178099,"data_set_Y":1.3732581,"data_set_Z":0.018031985},{"data_set_T":423.0,"data_set_X":0.024251878,"data_set_Y":1.3959202,"data_set_Z":0.017376227},{"data_set_T":423.60001,"data_set_X":0.024332495,"data_set_Y":1.4185523,"data_set_Z":0.016752418},{"data_set_T":424.20001,"data_set_X":0.024419319,"data_set_Y":1.441153,"data_set_Z":0.016159166},{"data_set_T":424.79999,"data_set_X":0.024511771,"data_set_Y":1.4637213,"data_set_Z":0.015595134},{"data_set_T":425.39999,"data_set_X":0.024609333,"data_set_Y":1.486256,"data_set_Z":0.015059045},{"data_set_T":426.0,"data_set_X":0.024711529,"data_set_Y":1.508756,"data_set_Z":0.014549668},{"data_set_T":426.60001,"data_set_X":0.024817923,"data_set_Y":1.5312206,"data_set_Z":0.01406583},{"data_set_T":427.20001,"data_set_X":0.024928125,"data_set_Y":1.5536488,"data_set_Z":0.013606403},{"data_set_T":427.79999,"data_set_X":0.025041768,"data_set_Y":1.57604,"data_set_Z":0.013170308},{"data_set_T":428.39999,"data_set_X":0.025158528,"data_set_Y":1.5983936,"data_set_Z":0.012756513},{"data_set_T":429.0,"data_set_X":0.025278101,"data_set_Y":1.6207089,"data_set_Z":0.012364026},{"data_set_T":429.60001,"data_set_X":0.025400212,"data_set_Y":1.6429855,"data_set_Z":0.011991903},{"data_set_T":430.20001,"data_set_X":0.025524611,"data_set_Y":1.6652226,"data_set_Z":0.011639236},{"data_set_T":430.79999,"data_set_X":0.025651066,"data_set_Y":1.6874202,"data_set_Z":0.011305159},{"data_set_T":431.39999,"data_set_X":0.025779368,"data_set_Y":1.7095777,"data_set_Z":0.010988843},{"data_set_T":432.0,"data_set_X":0.025909323,"data_set_Y":1.7316948,"data_set_Z":0.010689492},{"data_set_T":432.60001,"data_set_X":0.026040759,"data_set_Y":1.7537712,"data_set_Z":0.010406349},{"data_set_T":433.20001,"data_set_X":0.026173512,"data_set_Y":1.7758067,"data_set_Z":0.010138688},{"data_set_T":433.79999,"data_set_X":0.026307436,"data_set_Y":1.797801,"data_set_Z":0.009885814},{"data_set_T":434.39999,"data_set_X":0.026442397,"data_set_Y":1.8197539,"data_set_Z":0.0096470648},{"data_set_T":435.0,"data_set_X":0.026578274,"data_set_Y":1.8416653,"data_set_Z":0.0094218049},{"data_set_T":435.60001,"data_set_X":0.026714953,"data_set_Y":1.863535,"data_set_Z":0.009209428},{"data_set_T":436.20001,"data_set_X":0.026852334,"data_set_Y":1.8853629,"data_set_Z":0.0090093547},{"data_set_T":436.79999,"data_set_X":0.026990324,"data_set_Y":1.9071488,"data_set_Z":0.008821032},{"data_set_T":437.39999,"data_set_X":0.02712884,"data_set_Y":1.9288929,"data_set_Z":0.0086439289},{"data_set_T":438.0,"data_set_X":0.027267804,"data_set_Y":1.9505948,"data_set_Z":0.0084775407},{"data_set_T":438.60001,"data_set_X":0.027407149,"data_set_Y":1.9722545,"data_set_Z":0.0083213849},{"data_set_T":439.20001,"data_set_X":0.02754681,"data_set_Y":1.993872,"data_set_Z":0.0081749978},{"data_set_T":439.79999,"data_set_X":0.027686732,"data_set_Y":2.0154476,"data_set_Z":0.0080379406},{"data_set_T":440.39999,"data_set_X":0.027826862,"data_set_Y":2.0369806,"data_set_Z":0.0079097906},{"data_set_T":441.0,"data_set_X":0.027967155,"data_set_Y":2.0584717,"data_set_Z":0.0077901473},{"data_set_T":441.60001,"data_set_X":0.028107569,"data_set_Y":2.0799203,"data_set_Z":0.0076786252},{"data_set_T":442.20001,"data_set_X":0.028248066,"data_set_Y":2.1013269,"data_set_Z":0.0075748577},{"data_set_T":442.79999,"data_set_X":0.028388616,"data_set_Y":2.1226912,"data_set_Z":0.0074784951},{"data_set_T":443.39999,"data_set_X":0.028529188,"data_set_Y":2.1440134,"data_set_Z":0.0073892027},{"data_set_T":444.0,"data_set_X":0.028669754,"data_set_Y":2.1652932,"data_set_Z":0.0073066619},{"data_set_T":444.60001,"data_set_X":0.028810294,"data_set_Y":2.1865311,"data_set_Z":0.0072305673},{"data_set_T":445.20001,"data_set_X":0.028950788,"data_set_Y":2.2077267,"data_set_Z":0.0071606287},{"data_set_T":445.79999,"data_set_X":0.029091217,"data_set_Y":2.2288804,"data_set_Z":0.0070965686},{"data_set_T":446.39999,"data_set_X":0.029231565,"data_set_Y":2.2499919,"data_set_Z":0.0070381216},{"data_set_T":447.0,"data_set_X":0.02937182,"data_set_Y":2.2710614,"data_set_Z":0.0069850357},{"data_set_T":447.60001,"data_set_X":0.029511975,"data_set_Y":2.2920892,"data_set_Z":0.0069370698},{"data_set_T":448.20001,"data_set_X":0.029652016,"data_set_Y":2.3130748,"data_set_Z":0.0068939934},{"data_set_T":448.79999,"data_set_X":0.02979194,"data_set_Y":2.3340187,"data_set_Z":0.0068555875},{"data_set_T":449.39999,"data_set_X":0.029931739,"data_set_Y":2.3549206,"data_set_Z":0.0068216426},{"data_set_T":450.0,"data_set_X":0.030071409,"data_set_Y":2.3757808,"data_set_Z":0.0067919595},{"data_set_T":450.60001,"data_set_X":0.030210951,"data_set_Y":2.3965993,"data_set_Z":0.0067663477},{"data_set_T":451.20001,"data_set_X":0.030350359,"data_set_Y":2.417376,"data_set_Z":0.0067446255},{"data_set_T":451.79999,"data_set_X":0.030489637,"data_set_Y":2.4381111,"data_set_Z":0.0067266203},{"data_set_T":452.39999,"data_set_X":0.030628784,"data_set_Y":2.4588046,"data_set_Z":0.0067121666},{"data_set_T":453.0,"data_set_X":0.0307678,"data_set_Y":2.4794564,"data_set_Z":0.0067011076},{"data_set_T":453.60001,"data_set_X":0.03090669,"data_set_Y":2.5000668,"data_set_Z":0.0066932933},{"data_set_T":454.20001,"data_set_X":0.031045459,"data_set_Y":2.5206354,"data_set_Z":0.0066885808},{"data_set_T":454.79999,"data_set_X":0.031184111,"data_set_Y":2.5411627,"data_set_Z":0.0066868346},{"data_set_T":455.39999,"data_set_X":0.031322651,"data_set_Y":2.5616486,"data_set_Z":0.0066879247},{"data_set_T":456.0,"data_set_X":0.031461082,"data_set_Y":2.5820928,"data_set_Z":0.0066917273},{"data_set_T":456.60001,"data_set_X":0.031599414,"data_set_Y":2.6024959,"data_set_Z":0.0066981255},{"data_set_T":457.20001,"data_set_X":0.031737652,"data_set_Y":2.6228573,"data_set_Z":0.0067070071},{"data_set_T":457.79999,"data_set_X":0.031875808,"data_set_Y":2.6431775,"data_set_Z":0.0067182654},{"data_set_T":458.39999,"data_set_X":0.032013882,"data_set_Y":2.6634562,"data_set_Z":0.0067317989},{"data_set_T":459.0,"data_set_X":0.032151893,"data_set_Y":2.6836939,"data_set_Z":0.0067475107},{"data_set_T":459.60001,"data_set_X":0.032289844,"data_set_Y":2.7038898,"data_set_Z":0.0067653102},{"data_set_T":460.20001,"data_set_X":0.032427747,"data_set_Y":2.7240448,"data_set_Z":0.0067851087},{"data_set_T":460.79999,"data_set_X":0.032565609,"data_set_Y":2.7441583,"data_set_Z":0.0068068234},{"data_set_T":461.39999,"data_set_X":0.032703444,"data_set_Y":2.7642303,"data_set_Z":0.0068303756},{"data_set_T":462.0,"data_set_X":0.032841258,"data_set_Y":2.7842612,"data_set_Z":0.0068556899},{"data_set_T":462.60001,"data_set_X":0.032979071,"data_set_Y":2.8042507,"data_set_Z":0.0068826955},{"data_set_T":463.20001,"data_set_X":0.033116888,"data_set_Y":2.8241987,"data_set_Z":0.0069113239},{"data_set_T":463.79999,"data_set_X":0.03325472,"data_set_Y":2.8441055,"data_set_Z":0.0069415113},{"data_set_T":464.39999,"data_set_X":0.033392586,"data_set_Y":2.863971,"data_set_Z":0.0069731963},{"data_set_T":465.0,"data_set_X":0.033530489,"data_set_Y":2.883795,"data_set_Z":0.0070063206},{"data_set_T":465.60001,"data_set_X":0.033668451,"data_set_Y":2.9035776,"data_set_Z":0.0070408299},{"data_set_T":466.20001,"data_set_X":0.033806484,"data_set_Y":2.9233186,"data_set_Z":0.0070766718},{"data_set_T":466.79999,"data_set_X":0.033944596,"data_set_Y":2.9430182,"data_set_Z":0.0071137967},{"data_set_T":467.39999,"data_set_X":0.034082808,"data_set_Y":2.962676,"data_set_Z":0.0071521583},{"data_set_T":468.0,"data_set_X":0.034221128,"data_set_Y":2.9822927,"data_set_Z":0.0071917125},{"data_set_T":468.60001,"data_set_X":0.034359574,"data_set_Y":3.0018673,"data_set_Z":0.0072324169},{"data_set_T":469.20001,"data_set_X":0.034498166,"data_set_Y":3.0214005,"data_set_Z":0.0072742323},{"data_set_T":469.79999,"data_set_X":0.034636911,"data_set_Y":3.0408919,"data_set_Z":0.0073171211},{"data_set_T":470.39999,"data_set_X":0.034775827,"data_set_Y":3.0603414,"data_set_Z":0.0073610488},{"data_set_T":471.0,"data_set_X":0.034914933,"data_set_Y":3.0797489,"data_set_Z":0.0074059819},{"data_set_T":471.60001,"data_set_X":0.035054248,"data_set_Y":3.0991147,"data_set_Z":0.0074518891},{"data_set_T":472.20001,"data_set_X":0.035193782,"data_set_Y":3.1184382,"data_set_Z":0.0074987411},{"data_set_T":472.79999,"data_set_X":0.035333559,"data_set_Y":3.1377196,"data_set_Z":0.007546511},{"data_set_T":473.39999,"data_set_X":0.035473589,"data_set_Y":3.1569591,"data_set_Z":0.0075951722},{"data_set_T":474.0,"data_set_X":0.035613902,"data_set_Y":3.1761558,"data_set_Z":0.0076447013},{"data_set_T":474.60001,"data_set_X":0.035754506,"data_set_Y":3.1953104,"data_set_Z":0.0076950756},{"data_set_T":475.20001,"data_set_X":0.035895426,"data_set_Y":3.2144225,"data_set_Z":0.0077462741},{"data_set_T":475.79999,"data_set_X":0.036036681,"data_set_Y":3.2334917,"data_set_Z":0.0077982773},{"data_set_T":476.39999,"data_set_X":0.036178291,"data_set_Y":3.2525182,"data_set_Z":0.007851067},{"data_set_T":477.0,"data_set_X":0.036320277,"data_set_Y":3.2715018,"data_set_Z":0.0079046274},{"data_set_T":477.60001,"data_set_X":0.036462661,"data_set_Y":3.2904422,"data_set_Z":0.007958943},{"data_set_T":478.20001,"data_set_X":0.036605462,"data_set_Y":3.3093395,"data_set_Z":0.008014},{"data_set_T":478.79999,"data_set_X":0.036748711,"data_set_Y":3.3281937,"data_set_Z":0.0080697844},{"data_set_T":479.39999,"data_set_X":0.036892425,"data_set_Y":3.3470042,"data_set_Z":0.0081262868},{"data_set_T":480.0,"data_set_X":0.037036631,"data_set_Y":3.3657708,"data_set_Z":0.0081834961},{"data_set_T":480.60001,"data_set_X":0.037181351,"data_set_Y":3.3844938,"data_set_Z":0.0082414029},{"data_set_T":481.20001,"data_set_X":0.037326619,"data_set_Y":3.4031727,"data_set_Z":0.0082999999},{"data_set_T":481.79999,"data_set_X":0.037472449,"data_set_Y":3.4218075,"data_set_Z":0.0083592804},{"data_set_T":482.39999,"data_set_X":0.037618883,"data_set_Y":3.4403977,"data_set_Z":0.008419238},{"data_set_T":483.0,"data_set_X":0.037765939,"data_set_Y":3.4589434,"data_set_Z":0.008479869},{"data_set_T":483.60001,"data_set_X":0.03791365,"data_set_Y":3.4774442,"data_set_Z":0.0085411696},{"data_set_T":484.20001,"data_set_X":0.038062051,"data_set_Y":3.4958997,"data_set_Z":0.008603137},{"data_set_T":484.79999,"data_set_X":0.038211167,"data_set_Y":3.5143101,"data_set_Z":0.0086657694},{"data_set_T":485.39999,"data_set_X":0.038361035,"data_set_Y":3.5326748,"data_set_Z":0.0087290676},{"data_set_T":486.0,"data_set_X":0.03851169,"data_set_Y":3.5509934,"data_set_Z":0.0087930318},{"data_set_T":486.60001,"data_set_X":0.038663164,"data_set_Y":3.5692663,"data_set_Z":0.0088576628},{"data_set_T":487.20001,"data_set_X":0.038815502,"data_set_Y":3.5874925,"data_set_Z":0.0089229643},{"data_set_T":487.79999,"data_set_X":0.038968734,"data_set_Y":3.6056721,"data_set_Z":0.0089889392},{"data_set_T":488.39999,"data_set_X":0.039122906,"data_set_Y":3.6238046,"data_set_Z":0.0090555931},{"data_set_T":489.0,"data_set_X":0.039278056,"data_set_Y":3.6418896,"data_set_Z":0.0091229305},{"data_set_T":489.60001,"data_set_X":0.039434232,"data_set_Y":3.6599271,"data_set_Z":0.0091909599},{"data_set_T":490.20001,"data_set_X":0.039591476,"data_set_Y":3.6779163,"data_set_Z":0.0092596868},{"data_set_T":490.79999,"data_set_X":0.039749838,"data_set_Y":3.6958573,"data_set_Z":0.0093291225},{"data_set_T":491.39999,"data_set_X":0.039909367,"data_set_Y":3.7137492,"data_set_Z":0.0093992753},{"data_set_T":492.0,"data_set_X":0.04007012,"data_set_Y":3.7315919,"data_set_Z":0.0094701573},{"data_set_T":492.60001,"data_set_X":0.040232144,"data_set_Y":3.7493851,"data_set_Z":0.0095417807},{"data_set_T":493.20001,"data_set_X":0.040395506,"data_set_Y":3.767128,"data_set_Z":0.0096141584},{"data_set_T":493.79999,"data_set_X":0.040560257,"data_set_Y":3.7848203,"data_set_Z":0.0096873054},{"data_set_T":494.39999,"data_set_X":0.040726468,"data_set_Y":3.8024616,"data_set_Z":0.0097612375},{"data_set_T":495.0,"data_set_X":0.040894203,"data_set_Y":3.8200512,"data_set_Z":0.0098359725},{"data_set_T":495.60001,"data_set_X":0.041063532,"data_set_Y":3.8375888,"data_set_Z":0.0099115288},{"data_set_T":496.20001,"data_set_X":0.041234534,"data_set_Y":3.8550735,"data_set_Z":0.009987927},{"data_set_T":496.79999,"data_set_X":0.04140728,"data_set_Y":3.8725049,"data_set_Z":0.010065188},{"data_set_T":497.39999,"data_set_X":0.041581862,"data_set_Y":3.8898823,"data_set_Z":0.010143336},{"data_set_T":498.0,"data_set_X":0.041758358,"data_set_Y":3.9072053,"data_set_Z":0.010222394},{"data_set_T":498.60001,"data_set_X":0.041936867,"data_set_Y":3.924473,"data_set_Z":0.010302391},{"data_set_T":499.20001,"data_set_X":0.042117488,"data_set_Y":3.9416847,"data_set_Z":0.010383354},{"data_set_T":499.79999,"data_set_X":0.042300325,"data_set_Y":3.9588399,"data_set_Z":0.010465313},{"data_set_T":500.39999,"data_set_X":0.042485487,"data_set_Y":3.9759374,"data_set_Z":0.010548302},{"data_set_T":501.0,"data_set_X":0.042673096,"data_set_Y":3.9929764,"data_set_Z":0.010632356},{"data_set_T":501.60001,"data_set_X":0.04286328,"data_set_Y":4.0099564,"data_set_Z":0.01071751},{"data_set_T":502.20001,"data_set_X":0.043056168,"data_set_Y":4.026876,"data_set_Z":0.010803806},{"data_set_T":502.79999,"data_set_X":0.043251906,"data_set_Y":4.0437346,"data_set_Z":0.010891286},{"data_set_T":503.39999,"data_set_X":0.043450654,"data_set_Y":4.0605311,"data_set_Z":0.010979994},{"data_set_T":504.0,"data_set_X":0.043652572,"data_set_Y":4.0772643,"data_set_Z":0.01106998},{"data_set_T":504.60001,"data_set_X":0.043857839,"data_set_Y":4.0939331,"data_set_Z":0.011161297},{"data_set_T":505.20001,"data_set_X":0.044066653,"data_set_Y":4.1105361,"data_set_Z":0.011254},{"data_set_T":505.79999,"data_set_X":0.044279214,"data_set_Y":4.1270723,"data_set_Z":0.011348147},{"data_set_T":506.39999,"data_set_X":0.044495746,"data_set_Y":4.1435404,"data_set_Z":0.011443805},{"data_set_T":507.0,"data_set_X":0.044716496,"data_set_Y":4.1599383,"data_set_Z":0.011541042},{"data_set_T":507.60001,"data_set_X":0.044941723,"data_set_Y":4.1762652,"data_set_Z":0.011639934},{"data_set_T":508.20001,"data_set_X":0.045171715,"data_set_Y":4.1925187,"data_set_Z":0.011740559},{"data_set_T":508.79999,"data_set_X":0.045406781,"data_set_Y":4.2086978,"data_set_Z":0.011843005},{"data_set_T":509.39999,"data_set_X":0.045647264,"data_set_Y":4.2247996,"data_set_Z":0.011947365},{"data_set_T":510.0,"data_set_X":0.045893531,"data_set_Y":4.2408233,"data_set_Z":0.012053741},{"data_set_T":510.60001,"data_set_X":0.04614599,"data_set_Y":4.2567654,"data_set_Z":0.012162244},{"data_set_T":511.20001,"data_set_X":0.046405099,"data_set_Y":4.2726245,"data_set_Z":0.012272992},{"data_set_T":511.79999,"data_set_X":0.046671353,"data_set_Y":4.2883978,"data_set_Z":0.012386117},{"data_set_T":512.40002,"data_set_X":0.046945296,"data_set_Y":4.3040824,"data_set_Z":0.012501761},{"data_set_T":513.0,"data_set_X":0.047227547,"data_set_Y":4.319675,"data_set_Z":0.01262008},{"data_set_T":513.59998,"data_set_X":0.047518782,"data_set_Y":4.3351727,"data_set_Z":0.012741247},{"data_set_T":514.20001,"data_set_X":0.047819771,"data_set_Y":4.3505721,"data_set_Z":0.012865449},{"data_set_T":514.79999,"data_set_X":0.048131373,"data_set_Y":4.3658686,"data_set_Z":0.012992895},{"data_set_T":515.40002,"data_set_X":0.048454557,"data_set_Y":4.3810587,"data_set_Z":0.013123818},{"data_set_T":516.0,"data_set_X":0.048790425,"data_set_Y":4.3961372,"data_set_Z":0.013258472},{"data_set_T":516.59998,"data_set_X":0.04914023,"data_set_Y":4.411099,"data_set_Z":0.013397148},{"data_set_T":517.20001,"data_set_X":0.049505413,"data_set_Y":4.4259386,"data_set_Z":0.013540165},{"data_set_T":517.79999,"data_set_X":0.049887631,"data_set_Y":4.4406486,"data_set_Z":0.013687887},{"data_set_T":518.40002,"data_set_X":0.050288808,"data_set_Y":4.4552226,"data_set_Z":0.013840725},{"data_set_T":519.0,"data_set_X":0.050711192,"data_set_Y":4.4696517,"data_set_Z":0.013999146},{"data_set_T":519.59998,"data_set_X":0.051157426,"data_set_Y":4.4839268,"data_set_Z":0.014163686},{"data_set_T":520.20001,"data_set_X":0.051630657,"data_set_Y":4.4980373,"data_set_Z":0.014334962},{"data_set_T":520.79999,"data_set_X":0.052134641,"data_set_Y":4.511971,"data_set_Z":0.01451369},{"data_set_T":521.40002,"data_set_X":0.052673932,"data_set_Y":4.5257125,"data_set_Z":0.014700707},{"data_set_T":522.0,"data_set_X":0.053254094,"data_set_Y":4.5392456,"data_set_Z":0.014897004},{"data_set_T":522.59998,"data_set_X":0.05388204,"data_set_Y":4.5525503,"data_set_Z":0.015103759},{"data_set_T":523.20001,"data_set_X":0.054566447,"data_set_Y":4.5656018,"data_set_Z":0.015322397},{"data_set_T":523.79999,"data_set_X":0.055318415,"data_set_Y":4.5783706,"data_set_Z":0.015554654},{"data_set_T":524.40002,"data_set_X":0.0561524,"data_set_Y":4.5908203,"data_set_Z":0.015802689},{"data_set_T":525.0,"data_set_X":0.057087664,"data_set_Y":4.6029043,"data_set_Z":0.016069219},{"data_set_T":525.59998,"data_set_X":0.05815053,"data_set_Y":4.614562,"data_set_Z":0.016357746},{"data_set_T":526.20001,"data_set_X":0.059378114,"data_set_Y":4.6257129,"data_set_Z":0.016672894},{"data_set_T":526.79999,"data_set_X":0.060824752,"data_set_Y":4.6362457,"data_set_Z":0.017020945},{"data_set_T":527.40002,"data_set_X":0.062573798,"data_set_Y":4.6460004,"data_set_Z":0.017410753},{"data_set_T":528.0,"data_set_X":0.064760901,"data_set_Y":4.6547318,"data_set_Z":0.017855413},{"data_set_T":528.59998,"data_set_X":0.067624517,"data_set_Y":4.6620388,"data_set_Z":0.018375501},{"data_set_T":529.20001,"data_set_X":0.071629681,"data_set_Y":4.6671929,"data_set_Z":0.019006215},{"data_set_T":529.79999,"data_set_X":0.077823311,"data_set_Y":4.6686735,"data_set_Z":0.019815493},{"data_set_T":530.40002,"data_set_X":0.08906585,"data_set_Y":4.6626191,"data_set_Z":0.020960383},{"data_set_T":531.0,"data_set_X":0.11449438,"data_set_Y":4.6372876,"data_set_Z":0.022904392},{"data_set_T":531.59998,"data_set_X":0.17292735,"data_set_Y":4.5669022,"data_set_Z":0.027092425},{"data_set_T":532.20001,"data_set_X":0.26950386,"data_set_Y":4.4350252,"data_set_Z":0.035910819},{"data_set_T":532.79999,"data_set_X":0.38568637,"data_set_Y":4.2509508,"data_set_Z":0.050038148},{"data_set_T":533.40002,"data_set_X":0.49032086,"data_set_Y":4.0445666,"data_set_Z":0.067631222},{"data_set_T":534.0,"data_set_X":0.5659216,"data_set_Y":3.839942,"data_set_Z":0.086641796},{"data_set_T":534.59998,"data_set_X":0.61288381,"data_set_Y":3.6456401,"data_set_Z":0.10587853},{"data_set_T":535.20001,"data_set_X":0.63821995,"data_set_Y":3.4622545,"data_set_Z":0.12475628},{"data_set_T":535.79999,"data_set_X":0.6487785,"data_set_Y":3.2883744,"data_set_Z":0.14299068},{"data_set_T":536.40002,"data_set_X":0.64956188,"data_set_Y":3.1226459,"data_set_Z":0.16044125},{"data_set_T":537.0,"data_set_X":0.6439063,"data_set_Y":2.9641376,"data_set_Z":0.17703909},{"data_set_T":537.59998,"data_set_X":0.63398367,"data_set_Y":2.8122656,"data_set_Z":0.19275278},{"data_set_T":538.20001,"data_set_X":0.62121302,"data_set_Y":2.666667,"data_set_Z":0.2075714},{"data_set_T":538.79999,"data_set_X":0.60653567,"data_set_Y":2.5271068,"data_set_Z":0.22149558},{"data_set_T":539.40002,"data_set_X":0.59058887,"data_set_Y":2.3934195,"data_set_Z":0.2345324},{"data_set_T":540.0,"data_set_X":0.57381344,"data_set_Y":2.2654765,"data_set_Z":0.24669264},{"data_set_T":540.59998,"data_set_X":0.55652094,"data_set_Y":2.1431658,"data_set_Z":0.25798896},{"data_set_T":541.20001,"data_set_X":0.5389365,"data_set_Y":2.0263827,"data_set_Z":0.26843485},{"data_set_T":541.79999,"data_set_X":0.52122611,"data_set_Y":1.9150229,"data_set_Z":0.2780441},{"data_set_T":542.40002,"data_set_X":0.50351459,"data_set_Y":1.8089802,"data_set_Z":0.28683037},{"data_set_T":543.0,"data_set_X":0.48589772,"data_set_Y":1.7081447,"data_set_Z":0.29480699},{"data_set_T":543.59998,"data_set_X":0.46845028,"data_set_Y":1.6124012,"data_set_Z":0.30198693},{"data_set_T":544.20001,"data_set_X":0.45123181,"data_set_Y":1.5216308,"data_set_Z":0.30838293},{"data_set_T":544.79999,"data_set_X":0.4342905,"data_set_Y":1.4357089,"data_set_Z":0.31400746},{"data_set_T":545.40002,"data_set_X":0.41766593,"data_set_Y":1.3545067,"data_set_Z":0.31887299},{"data_set_T":546.0,"data_set_X":0.40139112,"data_set_Y":1.2778914,"data_set_Z":0.32299224},{"data_set_T":546.59998,"data_set_X":0.38549402,"data_set_Y":1.2057258,"data_set_Z":0.32637835},{"data_set_T":547.20001,"data_set_X":0.36999834,"data_set_Y":1.1378691,"data_set_Z":0.32904521},{"data_set_T":547.79999,"data_set_X":0.35492447,"data_set_Y":1.0741776,"data_set_Z":0.33100775},{"data_set_T":548.40002,"data_set_X":0.34028989,"data_set_Y":1.0145047,"data_set_Z":0.33228227},{"data_set_T":549.0,"data_set_X":0.32610962,"data_set_Y":0.95870113,"data_set_Z":0.33288667},{"data_set_T":549.59998,"data_set_X":0.31239632,"data_set_Y":0.90661603,"data_set_Z":0.33284068},{"data_set_T":550.20001,"data_set_X":0.29916066,"data_set_Y":0.85809714,"data_set_Z":0.33216614},{"data_set_T":550.79999,"data_set_X":0.2864112,"data_set_Y":0.8129912,"data_set_Z":0.33088717},{"data_set_T":551.40002,"data_set_X":0.27415463,"data_set_Y":0.77114463,"data_set_Z":0.32903019},{"data_set_T":552.0,"data_set_X":0.26239568,"data_set_Y":0.73240411,"data_set_Z":0.32662398},{"data_set_T":552.59998,"data_set_X":0.2511372,"data_set_Y":0.69661707,"data_set_Z":0.32369962},{"data_set_T":553.20001,"data_set_X":0.24038012,"data_set_Y":0.66363215,"data_set_Z":0.3202903},{"data_set_T":553.79999,"data_set_X":0.23012352,"data_set_Y":0.63330007,"data_set_Z":0.31643108},{"data_set_T":554.40002,"data_set_X":0.2203646,"data_set_Y":0.60547376,"data_set_Z":0.31215861},{"data_set_T":555.0,"data_set_X":0.21109873,"data_set_Y":0.58000922,"data_set_Z":0.30751073},{"data_set_T":555.59998,"data_set_X":0.20231949,"data_set_Y":0.55676585,"data_set_Z":0.30252615},{"data_set_T":556.20001,"data_set_X":0.19401871,"data_set_Y":0.53560698,"data_set_Z":0.29724377},{"data_set_T":556.79999,"data_set_X":0.1861866,"data_set_Y":0.51640028,"data_set_Z":0.29170254},{"data_set_T":557.40002,"data_set_X":0.17881179,"data_set_Y":0.49901816,"data_set_Z":0.28594071},{"data_set_T":558.0,"data_set_X":0.17188147,"data_set_Y":0.48333812,"data_set_Z":0.27999568},{"data_set_T":558.59998,"data_set_X":0.16538148,"data_set_Y":0.46924299,"data_set_Z":0.27390337},{"data_set_T":559.20001,"data_set_X":0.15929641,"data_set_Y":0.45662135,"data_set_Z":0.26769817},{"data_set_T":559.79999,"data_set_X":0.15360978,"data_set_Y":0.44536754,"data_set_Z":0.26141238},{"data_set_T":560.40002,"data_set_X":0.14830422,"data_set_Y":0.43538207,"data_set_Z":0.2550762},{"data_set_T":561.0,"data_set_X":0.14336146,"data_set_Y":0.42657143,"data_set_Z":0.24871752},{"data_set_T":561.59998,"data_set_X":0.13876268,"data_set_Y":0.41884845,"data_set_Z":0.24236177},{"data_set_T":562.20001,"data_set_X":0.13448849,"data_set_Y":0.41213214,"data_set_Z":0.23603198},{"data_set_T":562.79999,"data_set_X":0.13051923,"data_set_Y":0.40634772,"data_set_Z":0.22974868},{"data_set_T":563.40002,"data_set_X":0.12683502,"data_set_Y":0.40142646,"data_set_Z":0.22353001},{"data_set_T":564.0,"data_set_X":0.12341598,"data_set_Y":0.39730567,"data_set_Z":0.21739179},{"data_set_T":564.59998,"data_set_X":0.12024236,"data_set_Y":0.3939285,"data_set_Z":0.21134757},{"data_set_T":565.20001,"data_set_X":0.11729468,"data_set_Y":0.39124367,"data_set_Z":0.20540884},{"data_set_T":565.79999,"data_set_X":0.11455384,"data_set_Y":0.38920531,"data_set_Z":0.1995851},{"data_set_T":566.40002,"data_set_X":0.11200123,"data_set_Y":0.38777274,"data_set_Z":0.19388403},{"data_set_T":567.0,"data_set_X":0.10961888,"data_set_Y":0.38691017,"data_set_Z":0.18831164},{"data_set_T":567.59998,"data_set_X":0.10738943,"data_set_Y":0.3865864,"data_set_Z":0.18287243},{"data_set_T":568.20001,"data_set_X":0.10529625,"data_set_Y":0.38677469,"data_set_Z":0.17756949},{"data_set_T":568.79999,"data_set_X":0.10332348,"data_set_Y":0.38745239,"data_set_Z":0.17240471},{"data_set_T":569.40002,"data_set_X":0.10145599,"data_set_Y":0.38860074,"data_set_Z":0.16737886},{"data_set_T":570.0,"data_set_X":0.099679388,"data_set_Y":0.3902047,"data_set_Z":0.16249174},{"data_set_T":570.59998,"data_set_X":0.097980015,"data_set_Y":0.39225265,"data_set_Z":0.15774228},{"data_set_T":571.20001,"data_set_X":0.096344866,"data_set_Y":0.39473644,"data_set_Z":0.15312867},{"data_set_T":571.79999,"data_set_X":0.09476155,"data_set_Y":0.39765099,"data_set_Z":0.14864844},{"data_set_T":572.40002,"data_set_X":0.0932182,"data_set_Y":0.40099436,"data_set_Z":0.14429854},{"data_set_T":573.0,"data_set_X":0.091703385,"data_set_Y":0.40476772,"data_set_Z":0.14007542},{"data_set_T":573.59998,"data_set_X":0.090206012,"data_set_Y":0.40897524,"data_set_Z":0.13597511},{"data_set_T":574.20001,"data_set_X":0.088715188,"data_set_Y":0.4136242,"data_set_Z":0.13199328},{"data_set_T":574.79999,"data_set_X":0.087220117,"data_set_Y":0.41872498,"data_set_Z":0.12812524},{"data_set_T":575.40002,"data_set_X":0.085709907,"data_set_Y":0.4242914,"data_set_Z":0.12436604},{"data_set_T":576.0,"data_set_X":0.084173448,"data_set_Y":0.43034071,"data_set_Z":0.12071047},{"data_set_T":576.59998,"data_set_X":0.0825992,"data_set_Y":0.43689406,"data_set_Z":0.11715308},{"data_set_T":577.20001,"data_set_X":0.080975004,"data_set_Y":0.44397664,"data_set_Z":0.11368822},{"data_set_T":577.79999,"data_set_X":0.079287887,"data_set_Y":0.45161837,"data_set_Z":0.11031004},{"data_set_T":578.40002,"data_set_X":0.077523887,"data_set_Y":0.4598541,"data_set_Z":0.10701248},{"data_set_T":579.0,"data_set_X":0.075667843,"data_set_Y":0.46872422,"data_set_Z":0.10378933},{"data_set_T":579.59998,"data_set_X":0.073703386,"data_set_Y":0.47827518,"data_set_Z":0.10063419},{"data_set_T":580.20001,"data_set_X":0.071613036,"data_set_Y":0.48855945,"data_set_Z":0.09754055},{"data_set_T":580.79999,"data_set_X":0.069378711,"data_set_Y":0.49963561,"data_set_Z":0.094501816},{"data_set_T":581.40002,"data_set_X":0.066982955,"data_set_Y":0.51156688,"data_set_Z":0.091511436},{"data_set_T":582.0,"data_set_X":0.064411171,"data_set_Y":0.52441859,"data_set_Z":0.088563085},{"data_set_T":582.59998,"data_set_X":0.061655678,"data_set_Y":0.53825253,"data_set_Z":0.085650958},{"data_set_T":583.20001,"data_set_X":0.05872177,"data_set_Y":0.55311829,"data_set_Z":0.082770273},{"data_set_T":583.79999,"data_set_X":0.05563549,"data_set_Y":0.56904,"data_set_Z":0.079917833},{"data_set_T":584.40002,"data_set_X":0.052450594,"data_set_Y":0.58600241,"data_set_Z":0.077092811},{"data_set_T":585.0,"data_set_X":0.049249578,"data_set_Y":0.60394126,"data_set_Z":0.074297301},{"data_set_T":585.59998,"data_set_X":0.04613328,"data_set_Y":0.62274575,"data_set_Z":0.071536481},{"data_set_T":586.20001,"data_set_X":0.043199707,"data_set_Y":0.64227766,"data_set_Z":0.068818055},{"data_set_T":586.79999,"data_set_X":0.040522002,"data_set_Y":0.66239744,"data_set_Z":0.06615106},{"data_set_T":587.40002,"data_set_X":0.038137455,"data_set_Y":0.68298465,"data_set_Z":0.063544489},{"data_set_T":588.0,"data_set_X":0.036050532,"data_set_Y":0.7039454,"data_set_Z":0.061006237},{"data_set_T":588.59998,"data_set_X":0.034243651,"data_set_Y":0.72521031,"data_set_Z":0.058542505},{"data_set_T":589.20001,"data_set_X":0.032688268,"data_set_Y":0.74672794,"data_set_Z":0.056157719},{"data_set_T":589.79999,"data_set_X":0.031352699,"data_set_Y":0.76845914,"data_set_Z":0.053854678},{"data_set_T":590.40002,"data_set_X":0.030206513,"data_set_Y":0.79037291,"data_set_Z":0.051634815},{"data_set_T":591.0,"data_set_X":0.029222436,"data_set_Y":0.81244397,"data_set_Z":0.049498495},{"data_set_T":591.59998,"data_set_X":0.028376913,"data_set_Y":0.83465064,"data_set_Z":0.047445253},{"data_set_T":592.20001,"data_set_X":0.027649978,"data_set_Y":0.85697448,"data_set_Z":0.045474008},{"data_set_T":592.79999,"data_set_X":0.027024848,"data_set_Y":0.87939918,"data_set_Z":0.043583218},{"data_set_T":593.40002,"data_set_X":0.026487466,"data_set_Y":0.90191042,"data_set_Z":0.041771017},{"data_set_T":594.0,"data_set_X":0.026026038,"data_set_Y":0.9244954,"data_set_Z":0.0400353},{"data_set_T":594.59998,"data_set_X":0.025630657,"data_set_Y":0.94714284,"data_set_Z":0.038373813},{"data_set_T":595.20001,"data_set_X":0.025292952,"data_set_Y":0.96984249,"data_set_Z":0.036784198},{"data_set_T":595.79999,"data_set_X":0.025005825,"data_set_Y":0.9925853,"data_set_Z":0.035264041},{"data_set_T":596.40002,"data_set_X":0.024763232,"data_set_Y":1.015363,"data_set_Z":0.033810906},{"data_set_T":597.0,"data_set_X":0.02455999,"data_set_Y":1.0381682,"data_set_Z":0.032422356},{"data_set_T":597.59998,"data_set_X":0.024391642,"data_set_Y":1.0609941,"data_set_Z":0.031095976},{"data_set_T":598.20001,"data_set_X":0.02425433,"data_set_Y":1.0838349,"data_set_Z":0.02982939},{"data_set_T":598.79999,"data_set_X":0.024144702,"data_set_Y":1.106685,"data_set_Z":0.028620264},{"data_set_T":599.40002,"data_set_X":0.02405983,"data_set_Y":1.1295396,"data_set_Z":0.027466318},{"data_set_T":600.0,"data_set_X":0.023997148,"data_set_Y":1.1523942,"data_set_Z":0.026365336}]