[{"data_set_value_component_environment_variable_time":0.0,"data_set_value_component_membrane_variable_V":-76.0,"data_set_value_component_membrane_variable_Cm":5310.0,"data_set_value_component_rapidly_activating_K_current_variable_i_K":-270.0,"data_set_value_component_rapidly_activating_K_current_variable_V_K":-75.0,"data_set_value_component_rapidly_activating_K_current_variable_g_K":2700.0,"data_set_value_component_rapidly_activating_K_current_n_gate_variable_n":0.1,"data_set_value_component_rapidly_activating_K_current_n_gate_variable_n_infinity":0.0000185902,"data_set_value_component_rapidly_activating_K_current_n_gate_variable_lamda":0.85,"data_set_value_component_rapidly_activating_K_current_n_gate_variable_tau_n":2.9469487058,"data_set_value_component_rapidly_activating_K_current_n_gate_variable_V_n":-15.0,"data_set_value_component_rapidly_activating_K_current_n_gate_variable_S_n":5.6,"data_set_value_component_rapidly_activating_K_current_n_gate_variable_a":65.0,"data_set_value_component_rapidly_activating_K_current_n_gate_variable_b":20.0,"data_set_value_component_rapidly_activating_K_current_n_gate_variable_c":6.0,"data_set_value_component_rapidly_activating_K_current_n_gate_variable_V_":-75.0,"data_set_value_component_calcium_current_variable_i_Ca":-940.9118938517,"data_set_value_component_calcium_current_variable_V_Ca":25.0,"data_set_value_component_calcium_current_variable_g_Ca":1000.0,"data_set_value_component_calcium_current_m_gate_variable_m_infinity":0.0093159593,"data_set_value_component_calcium_current_m_gate_variable_V_m":-20.0,"data_set_value_component_calcium_current_m_gate_variable_S_m":12.0,"data_set_value_component_calcium_activated_K_current_variable_i_K_Ca":-221.2138400454,"data_set_value_component_calcium_activated_K_current_variable_g_K_Ca":30000.0,"data_set_value_component_calcium_activated_K_current_variable_K_d":70.0,"data_set_value_component_Na_Ca_exchanger_current_variable_i_Na_Ca":-1053.577259063,"data_set_value_component_Na_Ca_exchanger_current_variable_g_Na_Ca":1000.0,"data_set_value_component_Na_Ca_exchanger_current_variable_K_1_2":1.5,"data_set_value_component_Na_Ca_exchanger_current_variable_V_Na_Ca":135.4827583733,"data_set_value_component_Na_Ca_exchanger_current_variable_RT_F":26.54,"data_set_value_component_Na_Ca_exchanger_current_variable_nH":5.0,"data_set_value_component_ionic_concentrations_variable_Ca_i":0.52,"data_set_value_component_ionic_concentrations_variable_Ca_o":2600.0,"data_set_value_component_ionic_concentrations_variable_Na_i":10.0,"data_set_value_component_ionic_concentrations_variable_Na_o":140.0,"data_set_value_component_ionic_concentrations_variable_Ca_ret":0.7,"data_set_value_component_ionic_concentrations_variable_f":0.001,"data_set_value_component_ionic_concentrations_variable_k_Ca":0.64,"data_set_value_component_ionic_concentrations_variable_k_rel":0.0006,"data_set_value_component_ionic_concentrations_variable_k_pump":0.2,"data_set_value_component_ionic_concentrations_variable_alpha":0.00006},{"data_set_value_component_environment_variable_time":0.1,"data_set_value_component_membrane_variable_V":-75.9544526738,"data_set_value_component_membrane_variable_Cm":5310.0,"data_set_value_component_rapidly_activating_K_current_variable_i_K":-250.3799667143,"data_set_value_component_rapidly_activating_K_current_variable_V_K":-75.0,"data_set_value_component_rapidly_activating_K_current_variable_g_K":2700.0,"data_set_value_component_rapidly_activating_K_current_n_gate_variable_n":0.0971586371,"data_set_value_component_rapidly_activating_K_current_n_gate_variable_n_infinity":0.000018742,"data_set_value_component_rapidly_activating_K_current_n_gate_variable_lamda":0.85,"data_set_value_component_rapidly_activating_K_current_n_gate_variable_tau_n":2.9494130154,"data_set_value_component_rapidly_activating_K_current_n_gate_variable_V_n":-15.0,"data_set_value_component_rapidly_activating_K_current_n_gate_variable_S_n":5.6,"data_set_value_component_rapidly_activating_K_current_n_gate_variable_a":65.0,"data_set_value_component_rapidly_activating_K_current_n_gate_variable_b":20.0,"data_set_value_component_rapidly_activating_K_current_n_gate_variable_c":6.0,"data_set_value_component_rapidly_activating_K_current_n_gate_variable_V_":-75.0,"data_set_value_component_calcium_current_variable_i_Ca":-944.0306404539,"data_set_value_component_calcium_current_variable_V_Ca":25.0,"data_set_value_component_calcium_current_variable_g_Ca":1000.0,"data_set_value_component_calcium_current_m_gate_variable_m_infinity":0.009351055,"data_set_value_component_calcium_current_m_gate_variable_V_m":-20.0,"data_set_value_component_calcium_current_m_gate_variable_S_m":12.0,"data_set_value_component_calcium_activated_K_current_variable_i_K_Ca":-206.9765013277,"data_set_value_component_calcium_activated_K_current_variable_g_K_Ca":30000.0,"data_set_value_component_calcium_activated_K_current_variable_K_d":70.0,"data_set_value_component_Na_Ca_exchanger_current_variable_i_Na_Ca":-951.9923404754,"data_set_value_component_Na_Ca_exchanger_current_variable_g_Na_Ca":1000.0,"data_set_value_component_Na_Ca_exchanger_current_variable_K_1_2":1.5,"data_set_value_component_Na_Ca_exchanger_current_variable_V_Na_Ca":135.1910086274,"data_set_value_component_Na_Ca_exchanger_current_variable_RT_F":26.54,"data_set_value_component_Na_Ca_exchanger_current_variable_nH":5.0,"data_set_value_component_ionic_concentrations_variable_Ca_i":0.5096759092,"data_set_value_component_ionic_concentrations_variable_Ca_o":2600.0,"data_set_value_component_ionic_concentrations_variable_Na_i":10.0,"data_set_value_component_ionic_concentrations_variable_Na_o":140.0,"data_set_value_component_ionic_concentrations_variable_Ca_ret":0.7102847738,"data_set_value_component_ionic_concentrations_variable_f":0.001,"data_set_value_component_ionic_concentrations_variable_k_Ca":0.64,"data_set_value_component_ionic_concentrations_variable_k_rel":0.0006,"data_set_value_component_ionic_concentrations_variable_k_pump":0.2,"data_set_value_component_ionic_concentrations_variable_alpha":0.00006},{"data_set_value_component_environment_variable_time":0.2,"data_set_value_component_membrane_variable_V":-75.9112703018,"data_set_value_component_membrane_variable_Cm":5310.0,"data_set_value_component_rapidly_activating_K_current_variable_i_K":-232.2646458898,"data_set_value_component_rapidly_activating_K_current_variable_V_K":-75.0,"data_set_value_component_rapidly_activating_K_current_variable_g_K":2700.0,"data_set_value_component_rapidly_activating_K_current_n_gate_variable_n":0.094400029,"data_set_value_component_rapidly_activating_K_current_n_gate_variable_n_infinity":0.0000188871,"data_set_value_component_rapidly_activating_K_current_n_gate_variable_lamda":0.85,"data_set_value_component_rapidly_activating_K_current_n_gate_variable_tau_n":2.9517452356,"data_set_value_component_rapidly_activating_K_current_n_gate_variable_V_n":-15.0,"data_set_value_component_rapidly_activating_K_current_n_gate_variable_S_n":5.6,"data_set_value_component_rapidly_activating_K_current_n_gate_variable_a":65.0,"data_set_value_component_rapidly_activating_K_current_n_gate_variable_b":20.0,"data_set_value_component_rapidly_activating_K_current_n_gate_variable_c":6.0,"data_set_value_component_rapidly_activating_K_current_n_gate_variable_V_":-75.0,"data_set_value_component_calcium_current_variable_i_Ca":-946.9967032921,"data_set_value_component_calcium_current_variable_V_Ca":25.0,"data_set_value_component_calcium_current_variable_g_Ca":1000.0,"data_set_value_component_calcium_current_m_gate_variable_m_infinity":0.0093844493,"data_set_value_component_calcium_current_m_gate_variable_V_m":-20.0,"data_set_value_component_calcium_current_m_gate_variable_S_m":12.0,"data_set_value_component_calcium_activated_K_current_variable_i_K_Ca":-193.7174330362,"data_set_value_component_calcium_activated_K_current_variable_g_K_Ca":30000.0,"data_set_value_component_calcium_activated_K_current_variable_K_d":70.0,"data_set_value_component_Na_Ca_exchanger_current_variable_i_Na_Ca":-860.1840132537,"data_set_value_component_Na_Ca_exchanger_current_variable_g_Na_Ca":1000.0,"data_set_value_component_Na_Ca_exchanger_current_variable_K_1_2":1.5,"data_set_value_component_Na_Ca_exchanger_current_variable_V_Na_Ca":134.8982453181,"data_set_value_component_Na_Ca_exchanger_current_variable_RT_F":26.54,"data_set_value_component_Na_Ca_exchanger_current_variable_nH":5.0,"data_set_value_component_ionic_concentrations_variable_Ca_i":0.4995588224,"data_set_value_component_ionic_concentrations_variable_Ca_o":2600.0,"data_set_value_component_ionic_concentrations_variable_Na_i":10.0,"data_set_value_component_ionic_concentrations_variable_Na_o":140.0,"data_set_value_component_ionic_concentrations_variable_Ca_ret":0.7203643684,"data_set_value_component_ionic_concentrations_variable_f":0.001,"data_set_value_component_ionic_concentrations_variable_k_Ca":0.64,"data_set_value_component_ionic_concentrations_variable_k_rel":0.0006,"data_set_value_component_ionic_concentrations_variable_k_pump":0.2,"data_set_value_component_ionic_concentrations_variable_alpha":0.00006},{"data_set_value_component_environment_variable_time":0.3,"data_set_value_component_membrane_variable_V":-75.8702470236,"data_set_value_component_membrane_variable_Cm":5310.0,"data_set_value_component_rapidly_activating_K_current_variable_i_K":-215.5156448433,"data_set_value_component_rapidly_activating_K_current_variable_V_K":-75.0,"data_set_value_component_rapidly_activating_K_current_variable_g_K":2700.0,"data_set_value_component_rapidly_activating_K_current_n_gate_variable_n":0.0917217836,"data_set_value_component_rapidly_activating_K_current_n_gate_variable_n_infinity":0.000019026,"data_set_value_component_rapidly_activating_K_current_n_gate_variable_lamda":0.85,"data_set_value_component_rapidly_activating_K_current_n_gate_variable_tau_n":2.9539571061,"data_set_value_component_rapidly_activating_K_current_n_gate_variable_V_n":-15.0,"data_set_value_component_rapidly_activating_K_current_n_gate_variable_S_n":5.6,"data_set_value_component_rapidly_activating_K_current_n_gate_variable_a":65.0,"data_set_value_component_rapidly_activating_K_current_n_gate_variable_b":20.0,"data_set_value_component_rapidly_activating_K_current_n_gate_variable_c":6.0,"data_set_value_component_rapidly_activating_K_current_n_gate_variable_V_":-75.0,"data_set_value_component_calcium_current_variable_i_Ca":-949.8228290805,"data_set_value_component_calcium_current_variable_V_Ca":25.0,"data_set_value_component_calcium_current_variable_g_Ca":1000.0,"data_set_value_component_calcium_current_m_gate_variable_m_infinity":0.0094162834,"data_set_value_component_calcium_current_m_gate_variable_V_m":-20.0,"data_set_value_component_calcium_current_m_gate_variable_S_m":12.0,"data_set_value_component_calcium_activated_K_current_variable_i_K_Ca":-181.3509083266,"data_set_value_component_calcium_activated_K_current_variable_g_K_Ca":30000.0,"data_set_value_component_calcium_activated_K_current_variable_K_d":70.0,"data_set_value_component_Na_Ca_exchanger_current_variable_i_Na_Ca":-777.2187029387,"data_set_value_component_Na_Ca_exchanger_current_variable_g_Na_Ca":1000.0,"data_set_value_component_Na_Ca_exchanger_current_variable_K_1_2":1.5,"data_set_value_component_Na_Ca_exchanger_current_variable_V_Na_Ca":134.6044724316,"data_set_value_component_Na_Ca_exchanger_current_variable_RT_F":26.54,"data_set_value_component_Na_Ca_exchanger_current_variable_nH":5.0,"data_set_value_component_ionic_concentrations_variable_Ca_i":0.4896449241,"data_set_value_component_ionic_concentrations_variable_Ca_o":2600.0,"data_set_value_component_ionic_concentrations_variable_Na_i":10.0,"data_set_value_component_ionic_concentrations_variable_Na_o":140.0,"data_set_value_component_ionic_concentrations_variable_Ca_ret":0.7302424804,"data_set_value_component_ionic_concentrations_variable_f":0.001,"data_set_value_component_ionic_concentrations_variable_k_Ca":0.64,"data_set_value_component_ionic_concentrations_variable_k_rel":0.0006,"data_set_value_component_ionic_concentrations_variable_k_pump":0.2,"data_set_value_component_ionic_concentrations_variable_alpha":0.00006},{"data_set_value_component_environment_variable_time":0.4,"data_set_value_component_membrane_variable_V":-75.8311954251,"data_set_value_component_membrane_variable_Cm":5310.0,"data_set_value_component_rapidly_activating_K_current_variable_i_K":-200.008973793,"data_set_value_component_rapidly_activating_K_current_variable_V_K":-75.0,"data_set_value_component_rapidly_activating_K_current_variable_g_K":2700.0,"data_set_value_component_rapidly_activating_K_current_n_gate_variable_n":0.0891215176,"data_set_value_component_rapidly_activating_K_current_n_gate_variable_n_infinity":0.0000191591,"data_set_value_component_rapidly_activating_K_current_n_gate_variable_lamda":0.85,"data_set_value_component_rapidly_activating_K_current_n_gate_variable_tau_n":2.9560592727,"data_set_value_component_rapidly_activating_K_current_n_gate_variable_V_n":-15.0,"data_set_value_component_rapidly_activating_K_current_n_gate_variable_S_n":5.6,"data_set_value_component_rapidly_activating_K_current_n_gate_variable_a":65.0,"data_set_value_component_rapidly_activating_K_current_n_gate_variable_b":20.0,"data_set_value_component_rapidly_activating_K_current_n_gate_variable_c":6.0,"data_set_value_component_rapidly_activating_K_current_n_gate_variable_V_":-75.0,"data_set_value_component_calcium_current_variable_i_Ca":-952.5207168203,"data_set_value_component_calcium_current_variable_V_Ca":25.0,"data_set_value_component_calcium_current_variable_g_Ca":1000.0,"data_set_value_component_calcium_current_m_gate_variable_m_infinity":0.0094466867,"data_set_value_component_calcium_current_m_gate_variable_V_m":-20.0,"data_set_value_component_calcium_current_m_gate_variable_S_m":12.0,"data_set_value_component_calcium_activated_K_current_variable_i_K_Ca":-169.7997546479,"data_set_value_component_calcium_activated_K_current_variable_g_K_Ca":30000.0,"data_set_value_component_calcium_activated_K_current_variable_K_d":70.0,"data_set_value_component_Na_Ca_exchanger_current_variable_i_Na_Ca":-702.2489962454,"data_set_value_component_Na_Ca_exchanger_current_variable_g_Na_Ca":1000.0,"data_set_value_component_Na_Ca_exchanger_current_variable_K_1_2":1.5,"data_set_value_component_Na_Ca_exchanger_current_variable_V_Na_Ca":134.3096877716,"data_set_value_component_Na_Ca_exchanger_current_variable_RT_F":26.54,"data_set_value_component_Na_Ca_exchanger_current_variable_nH":5.0,"data_set_value_component_ionic_concentrations_variable_Ca_i":0.4799302508,"data_set_value_component_ionic_concentrations_variable_Ca_o":2600.0,"data_set_value_component_ionic_concentrations_variable_Na_i":10.0,"data_set_value_component_ionic_concentrations_variable_Na_o":140.0,"data_set_value_component_ionic_concentrations_variable_Ca_ret":0.7399229642,"data_set_value_component_ionic_concentrations_variable_f":0.001,"data_set_value_component_ionic_concentrations_variable_k_Ca":0.64,"data_set_value_component_ionic_concentrations_variable_k_rel":0.0006,"data_set_value_component_ionic_concentrations_variable_k_pump":0.2,"data_set_value_component_ionic_concentrations_variable_alpha":0.00006},{"data_set_value_component_environment_variable_time":0.5,"data_set_value_component_membrane_variable_V":-75.7939338169,"data_set_value_component_membrane_variable_Cm":5310.0,"data_set_value_component_rapidly_activating_K_current_variable_i_K":-185.6306888616,"data_set_value_component_rapidly_activating_K_current_variable_V_K":-75.0,"data_set_value_component_rapidly_activating_K_current_variable_g_K":2700.0,"data_set_value_component_rapidly_activating_K_current_n_gate_variable_n":0.0865967736,"data_set_value_component_rapidly_activating_K_current_n_gate_variable_n_infinity":0.000019287,"data_set_value_component_rapidly_activating_K_current_n_gate_variable_lamda":0.85,"data_set_value_component_rapidly_activating_K_current_n_gate_variable_tau_n":2.9580619863,"data_set_value_component_rapidly_activating_K_current_n_gate_variable_V_n":-15.0,"data_set_value_component_rapidly_activating_K_current_n_gate_variable_S_n":5.6,"data_set_value_component_rapidly_activating_K_current_n_gate_variable_a":65.0,"data_set_value_component_rapidly_activating_K_current_n_gate_variable_b":20.0,"data_set_value_component_rapidly_activating_K_current_n_gate_variable_c":6.0,"data_set_value_component_rapidly_activating_K_current_n_gate_variable_V_":-75.0,"data_set_value_component_calcium_current_variable_i_Ca":-955.1018648888,"data_set_value_component_calcium_current_variable_V_Ca":25.0,"data_set_value_component_calcium_current_variable_g_Ca":1000.0,"data_set_value_component_calcium_current_m_gate_variable_m_infinity":0.0094757872,"data_set_value_component_calcium_current_m_gate_variable_V_m":-20.0,"data_set_value_component_calcium_current_m_gate_variable_S_m":12.0,"data_set_value_component_calcium_activated_K_current_variable_i_K_Ca":-158.9922294719,"data_set_value_component_calcium_activated_K_current_variable_g_K_Ca":30000.0,"data_set_value_component_calcium_activated_K_current_variable_K_d":70.0,"data_set_value_component_Na_Ca_exchanger_current_variable_i_Na_Ca":-634.505954036,"data_set_value_component_Na_Ca_exchanger_current_variable_g_Na_Ca":1000.0,"data_set_value_component_Na_Ca_exchanger_current_variable_K_1_2":1.5,"data_set_value_component_Na_Ca_exchanger_current_variable_V_Na_Ca":134.0138809683,"data_set_value_component_Na_Ca_exchanger_current_variable_RT_F":26.54,"data_set_value_component_Na_Ca_exchanger_current_variable_nH":5.0,"data_set_value_component_ionic_concentrations_variable_Ca_i":0.4704106507,"data_set_value_component_ionic_concentrations_variable_Ca_o":2600.0,"data_set_value_component_ionic_concentrations_variable_Na_i":10.0,"data_set_value_component_ionic_concentrations_variable_Na_o":140.0,"data_set_value_component_ionic_concentrations_variable_Ca_ret":0.7494098647,"data_set_value_component_ionic_concentrations_variable_f":0.001,"data_set_value_component_ionic_concentrations_variable_k_Ca":0.64,"data_set_value_component_ionic_concentrations_variable_k_rel":0.0006,"data_set_value_component_ionic_concentrations_variable_k_pump":0.2,"data_set_value_component_ionic_concentrations_variable_alpha":0.00006},{"data_set_value_component_environment_variable_time":0.6,"data_set_value_component_membrane_variable_V":-75.7582970584,"data_set_value_component_membrane_variable_Cm":5310.0,"data_set_value_component_rapidly_activating_K_current_variable_i_K":-172.2790178194,"data_set_value_component_rapidly_activating_K_current_variable_V_K":-75.0,"data_set_value_component_rapidly_activating_K_current_variable_g_K":2700.0,"data_set_value_component_rapidly_activating_K_current_n_gate_variable_n":0.0841451815,"data_set_value_component_rapidly_activating_K_current_n_gate_variable_n_infinity":0.0000194101,"data_set_value_component_rapidly_activating_K_current_n_gate_variable_lamda":0.85,"data_set_value_component_rapidly_activating_K_current_n_gate_variable_tau_n":2.9599745313,"data_set_value_component_rapidly_activating_K_current_n_gate_variable_V_n":-15.0,"data_set_value_component_rapidly_activating_K_current_n_gate_variable_S_n":5.6,"data_set_value_component_rapidly_activating_K_current_n_gate_variable_a":65.0,"data_set_value_component_rapidly_activating_K_current_n_gate_variable_b":20.0,"data_set_value_component_rapidly_activating_K_current_n_gate_variable_c":6.0,"data_set_value_component_rapidly_activating_K_current_n_gate_variable_V_":-75.0,"data_set_value_component_calcium_current_variable_i_Ca":-957.5767978288,"data_set_value_component_calcium_current_variable_V_Ca":25.0,"data_set_value_component_calcium_current_variable_g_Ca":1000.0,"data_set_value_component_calcium_current_m_gate_variable_m_infinity":0.0095037017,"data_set_value_component_calcium_current_m_gate_variable_V_m":-20.0,"data_set_value_component_calcium_current_m_gate_variable_S_m":12.0,"data_set_value_component_calcium_activated_K_current_variable_i_K_Ca":-148.8639510529,"data_set_value_component_calcium_activated_K_current_variable_g_K_Ca":30000.0,"data_set_value_component_calcium_activated_K_current_variable_K_d":70.0,"data_set_value_component_Na_Ca_exchanger_current_variable_i_Na_Ca":-573.2941552026,"data_set_value_component_Na_Ca_exchanger_current_variable_g_Na_Ca":1000.0,"data_set_value_component_Na_Ca_exchanger_current_variable_K_1_2":1.5,"data_set_value_component_Na_Ca_exchanger_current_variable_V_Na_Ca":133.7170413877,"data_set_value_component_Na_Ca_exchanger_current_variable_RT_F":26.54,"data_set_value_component_Na_Ca_exchanger_current_variable_nH":5.0,"data_set_value_component_ionic_concentrations_variable_Ca_i":0.461082059,"data_set_value_component_ionic_concentrations_variable_Ca_o":2600.0,"data_set_value_component_ionic_concentrations_variable_Na_i":10.0,"data_set_value_component_ionic_concentrations_variable_Na_o":140.0,"data_set_value_component_ionic_concentrations_variable_Ca_ret":0.7587071488,"data_set_value_component_ionic_concentrations_variable_f":0.001,"data_set_value_component_ionic_concentrations_variable_k_Ca":0.64,"data_set_value_component_ionic_concentrations_variable_k_rel":0.0006,"data_set_value_component_ionic_concentrations_variable_k_pump":0.2,"data_set_value_component_ionic_concentrations_variable_alpha":0.00006},{"data_set_value_component_environment_variable_time":0.7,"data_set_value_component_membrane_variable_V":-75.7241376519,"data_set_value_component_membrane_variable_Cm":5310.0,"data_set_value_component_rapidly_activating_K_current_variable_i_K":-159.8636197843,"data_set_value_component_rapidly_activating_K_current_variable_V_K":-75.0,"data_set_value_component_rapidly_activating_K_current_variable_g_K":2700.0,"data_set_value_component_rapidly_activating_K_current_n_gate_variable_n":0.0817644931,"data_set_value_component_rapidly_activating_K_current_n_gate_variable_n_infinity":0.0000195289,"data_set_value_component_rapidly_activating_K_current_n_gate_variable_lamda":0.85,"data_set_value_component_rapidly_activating_K_current_n_gate_variable_tau_n":2.9618051795,"data_set_value_component_rapidly_activating_K_current_n_gate_variable_V_n":-15.0,"data_set_value_component_rapidly_activating_K_current_n_gate_variable_S_n":5.6,"data_set_value_component_rapidly_activating_K_current_n_gate_variable_a":65.0,"data_set_value_component_rapidly_activating_K_current_n_gate_variable_b":20.0,"data_set_value_component_rapidly_activating_K_current_n_gate_variable_c":6.0,"data_set_value_component_rapidly_activating_K_current_n_gate_variable_V_":-75.0,"data_set_value_component_calcium_current_variable_i_Ca":-959.9549625366,"data_set_value_component_calcium_current_variable_V_Ca":25.0,"data_set_value_component_calcium_current_variable_g_Ca":1000.0,"data_set_value_component_calcium_current_m_gate_variable_m_infinity":0.0095305354,"data_set_value_component_calcium_current_m_gate_variable_V_m":-20.0,"data_set_value_component_calcium_current_m_gate_variable_S_m":12.0,"data_set_value_component_calcium_activated_K_current_variable_i_K_Ca":-139.3576284699,"data_set_value_component_calcium_activated_K_current_variable_g_K_Ca":30000.0,"data_set_value_component_calcium_activated_K_current_variable_K_d":70.0,"data_set_value_component_Na_Ca_exchanger_current_variable_i_Na_Ca":-517.9851634798,"data_set_value_component_Na_Ca_exchanger_current_variable_g_Na_Ca":1000.0,"data_set_value_component_Na_Ca_exchanger_current_variable_K_1_2":1.5,"data_set_value_component_Na_Ca_exchanger_current_variable_V_Na_Ca":133.4191603491,"data_set_value_component_Na_Ca_exchanger_current_variable_RT_F":26.54,"data_set_value_component_Na_Ca_exchanger_current_variable_nH":5.0,"data_set_value_component_ionic_concentrations_variable_Ca_i":0.4519405637,"data_set_value_component_ionic_concentrations_variable_Ca_o":2600.0,"data_set_value_component_ionic_concentrations_variable_Na_i":10.0,"data_set_value_component_ionic_concentrations_variable_Na_o":140.0,"data_set_value_component_ionic_concentrations_variable_Ca_ret":0.7678186404,"data_set_value_component_ionic_concentrations_variable_f":0.001,"data_set_value_component_ionic_concentrations_variable_k_Ca":0.64,"data_set_value_component_ionic_concentrations_variable_k_rel":0.0006,"data_set_value_component_ionic_concentrations_variable_k_pump":0.2,"data_set_value_component_ionic_concentrations_variable_alpha":0.00006},{"data_set_value_component_environment_variable_time":0.8,"data_set_value_component_membrane_variable_V":-75.6913236499,"data_set_value_component_membrane_variable_Cm":5310.0,"data_set_value_component_rapidly_activating_K_current_variable_i_K":-148.3040647906,"data_set_value_component_rapidly_activating_K_current_variable_V_K":-75.0,"data_set_value_component_rapidly_activating_K_current_variable_g_K":2700.0,"data_set_value_component_rapidly_activating_K_current_n_gate_variable_n":0.0794525566,"data_set_value_component_rapidly_activating_K_current_n_gate_variable_n_infinity":0.0000196437,"data_set_value_component_rapidly_activating_K_current_n_gate_variable_lamda":0.85,"data_set_value_component_rapidly_activating_K_current_n_gate_variable_tau_n":2.9635613134,"data_set_value_component_rapidly_activating_K_current_n_gate_variable_V_n":-15.0,"data_set_value_component_rapidly_activating_K_current_n_gate_variable_S_n":5.6,"data_set_value_component_rapidly_activating_K_current_n_gate_variable_a":65.0,"data_set_value_component_rapidly_activating_K_current_n_gate_variable_b":20.0,"data_set_value_component_rapidly_activating_K_current_n_gate_variable_c":6.0,"data_set_value_component_rapidly_activating_K_current_n_gate_variable_V_":-75.0,"data_set_value_component_calcium_current_variable_i_Ca":-962.2448488647,"data_set_value_component_calcium_current_variable_V_Ca":25.0,"data_set_value_component_calcium_current_variable_g_Ca":1000.0,"data_set_value_component_calcium_current_m_gate_variable_m_infinity":0.009556383,"data_set_value_component_calcium_current_m_gate_variable_V_m":-20.0,"data_set_value_component_calcium_current_m_gate_variable_S_m":12.0,"data_set_value_component_calcium_activated_K_current_variable_i_K_Ca":-130.4221542443,"data_set_value_component_calcium_activated_K_current_variable_g_K_Ca":30000.0,"data_set_value_component_calcium_activated_K_current_variable_K_d":70.0,"data_set_value_component_Na_Ca_exchanger_current_variable_i_Na_Ca":-468.0108532486,"data_set_value_component_Na_Ca_exchanger_current_variable_g_Na_Ca":1000.0,"data_set_value_component_Na_Ca_exchanger_current_variable_K_1_2":1.5,"data_set_value_component_Na_Ca_exchanger_current_variable_V_Na_Ca":133.1202300007,"data_set_value_component_Na_Ca_exchanger_current_variable_RT_F":26.54,"data_set_value_component_Na_Ca_exchanger_current_variable_nH":5.0,"data_set_value_component_ionic_concentrations_variable_Ca_i":0.4429823625,"data_set_value_component_ionic_concentrations_variable_Ca_o":2600.0,"data_set_value_component_ionic_concentrations_variable_Na_i":10.0,"data_set_value_component_ionic_concentrations_variable_Na_o":140.0,"data_set_value_component_ionic_concentrations_variable_Ca_ret":0.776748062,"data_set_value_component_ionic_concentrations_variable_f":0.001,"data_set_value_component_ionic_concentrations_variable_k_Ca":0.64,"data_set_value_component_ionic_concentrations_variable_k_rel":0.0006,"data_set_value_component_ionic_concentrations_variable_k_pump":0.2,"data_set_value_component_ionic_concentrations_variable_alpha":0.00006},{"data_set_value_component_environment_variable_time":0.9,"data_set_value_component_membrane_variable_V":-75.6597356351,"data_set_value_component_membrane_variable_Cm":5310.0,"data_set_value_component_rapidly_activating_K_current_variable_i_K":-137.5282925364,"data_set_value_component_rapidly_activating_K_current_variable_V_K":-75.0,"data_set_value_component_rapidly_activating_K_current_variable_g_K":2700.0,"data_set_value_component_rapidly_activating_K_current_n_gate_variable_n":0.0772072963,"data_set_value_component_rapidly_activating_K_current_n_gate_variable_n_infinity":0.0000197548,"data_set_value_component_rapidly_activating_K_current_n_gate_variable_lamda":0.85,"data_set_value_component_rapidly_activating_K_current_n_gate_variable_tau_n":2.9652495968,"data_set_value_component_rapidly_activating_K_current_n_gate_variable_V_n":-15.0,"data_set_value_component_rapidly_activating_K_current_n_gate_variable_S_n":5.6,"data_set_value_component_rapidly_activating_K_current_n_gate_variable_a":65.0,"data_set_value_component_rapidly_activating_K_current_n_gate_variable_b":20.0,"data_set_value_component_rapidly_activating_K_current_n_gate_variable_c":6.0,"data_set_value_component_rapidly_activating_K_current_n_gate_variable_V_":-75.0,"data_set_value_component_calcium_current_variable_i_Ca":-964.454179749,"data_set_value_component_calcium_current_variable_V_Ca":25.0,"data_set_value_component_calcium_current_variable_g_Ca":1000.0,"data_set_value_component_calcium_current_m_gate_variable_m_infinity":0.0095813303,"data_set_value_component_calcium_current_m_gate_variable_V_m":-20.0,"data_set_value_component_calcium_current_m_gate_variable_S_m":12.0,"data_set_value_component_calcium_activated_K_current_variable_i_K_Ca":-122.0116063198,"data_set_value_component_calcium_activated_K_current_variable_g_K_Ca":30000.0,"data_set_value_component_calcium_activated_K_current_variable_K_d":70.0,"data_set_value_component_Na_Ca_exchanger_current_variable_i_Na_Ca":-422.8575325391,"data_set_value_component_Na_Ca_exchanger_current_variable_g_Na_Ca":1000.0,"data_set_value_component_Na_Ca_exchanger_current_variable_K_1_2":1.5,"data_set_value_component_Na_Ca_exchanger_current_variable_V_Na_Ca":132.820242577,"data_set_value_component_Na_Ca_exchanger_current_variable_RT_F":26.54,"data_set_value_component_Na_Ca_exchanger_current_variable_nH":5.0,"data_set_value_component_ionic_concentrations_variable_Ca_i":0.4342037366,"data_set_value_component_ionic_concentrations_variable_Ca_o":2600.0,"data_set_value_component_ionic_concentrations_variable_Na_i":10.0,"data_set_value_component_ionic_concentrations_variable_Na_o":140.0,"data_set_value_component_ionic_concentrations_variable_Ca_ret":0.7854990596,"data_set_value_component_ionic_concentrations_variable_f":0.001,"data_set_value_component_ionic_concentrations_variable_k_Ca":0.64,"data_set_value_component_ionic_concentrations_variable_k_rel":0.0006,"data_set_value_component_ionic_concentrations_variable_k_pump":0.2,"data_set_value_component_ionic_concentrations_variable_alpha":0.00006},{"data_set_value_component_environment_variable_time":1.0,"data_set_value_component_membrane_variable_V":-75.6292659278,"data_set_value_component_membrane_variable_Cm":5310.0,"data_set_value_component_rapidly_activating_K_current_variable_i_K":-127.4717332126,"data_set_value_component_rapidly_activating_K_current_variable_V_K":-75.0,"data_set_value_component_rapidly_activating_K_current_variable_g_K":2700.0,"data_set_value_component_rapidly_activating_K_current_n_gate_variable_n":0.0750267112,"data_set_value_component_rapidly_activating_K_current_n_gate_variable_n_infinity":0.0000198626,"data_set_value_component_rapidly_activating_K_current_n_gate_variable_lamda":0.85,"data_set_value_component_rapidly_activating_K_current_n_gate_variable_tau_n":2.9668760248,"data_set_value_component_rapidly_activating_K_current_n_gate_variable_V_n":-15.0,"data_set_value_component_rapidly_activating_K_current_n_gate_variable_S_n":5.6,"data_set_value_component_rapidly_activating_K_current_n_gate_variable_a":65.0,"data_set_value_component_rapidly_activating_K_current_n_gate_variable_b":20.0,"data_set_value_component_rapidly_activating_K_current_n_gate_variable_c":6.0,"data_set_value_component_rapidly_activating_K_current_n_gate_variable_V_":-75.0,"data_set_value_component_calcium_current_variable_i_Ca":-966.5899498183,"data_set_value_component_calcium_current_variable_V_Ca":25.0,"data_set_value_component_calcium_current_variable_g_Ca":1000.0,"data_set_value_component_calcium_current_m_gate_variable_m_infinity":0.0096054556,"data_set_value_component_calcium_current_m_gate_variable_V_m":-20.0,"data_set_value_component_calcium_current_m_gate_variable_S_m":12.0,"data_set_value_component_calcium_activated_K_current_variable_i_K_Ca":-114.0847514163,"data_set_value_component_calcium_activated_K_current_variable_g_K_Ca":30000.0,"data_set_value_component_calcium_activated_K_current_variable_K_d":70.0,"data_set_value_component_Na_Ca_exchanger_current_variable_i_Na_Ca":-382.060785596,"data_set_value_component_Na_Ca_exchanger_current_variable_g_Na_Ca":1000.0,"data_set_value_component_Na_Ca_exchanger_current_variable_K_1_2":1.5,"data_set_value_component_Na_Ca_exchanger_current_variable_V_Na_Ca":132.519190457,"data_set_value_component_Na_Ca_exchanger_current_variable_RT_F":26.54,"data_set_value_component_Na_Ca_exchanger_current_variable_nH":5.0,"data_set_value_component_ionic_concentrations_variable_Ca_i":0.4256010501,"data_set_value_component_ionic_concentrations_variable_Ca_o":2600.0,"data_set_value_component_ionic_concentrations_variable_Na_i":10.0,"data_set_value_component_ionic_concentrations_variable_Na_o":140.0,"data_set_value_component_ionic_concentrations_variable_Ca_ret":0.7940752027,"data_set_value_component_ionic_concentrations_variable_f":0.001,"data_set_value_component_ionic_concentrations_variable_k_Ca":0.64,"data_set_value_component_ionic_concentrations_variable_k_rel":0.0006,"data_set_value_component_ionic_concentrations_variable_k_pump":0.2,"data_set_value_component_ionic_concentrations_variable_alpha":0.00006}]