[{"data_generator_T":0.0,"data_generator_X1":0.5},{"data_generator_T":0.013,"data_generator_X1":7.2984848},{"data_generator_T":0.026000001,"data_generator_X1":4.4049072},{"data_generator_T":0.039000001,"data_generator_X1":2.3810506},{"data_generator_T":0.052000001,"data_generator_X1":1.9210932},{"data_generator_T":0.064999998,"data_generator_X1":1.8734013},{"data_generator_T":0.078000002,"data_generator_X1":1.8403858},{"data_generator_T":0.090999998,"data_generator_X1":1.8075421},{"data_generator_T":0.104,"data_generator_X1":1.785138},{"data_generator_T":0.117,"data_generator_X1":1.7714679},{"data_generator_T":0.13,"data_generator_X1":1.7693633},{"data_generator_T":0.14300001,"data_generator_X1":1.8125159},{"data_generator_T":0.156,"data_generator_X1":1.9797009},{"data_generator_T":0.169,"data_generator_X1":2.3482523},{"data_generator_T":0.182,"data_generator_X1":2.9363732},{"data_generator_T":0.19499999,"data_generator_X1":3.7428372},{"data_generator_T":0.208,"data_generator_X1":4.8791494},{"data_generator_T":0.221,"data_generator_X1":6.7208762},{"data_generator_T":0.234,"data_generator_X1":10.349051},{"data_generator_T":0.24699999,"data_generator_X1":19.706041},{"data_generator_T":0.25999999,"data_generator_X1":40.157249},{"data_generator_T":0.273,"data_generator_X1":38.712177},{"data_generator_T":0.28600001,"data_generator_X1":28.080925},{"data_generator_T":0.29899999,"data_generator_X1":46.223476},{"data_generator_T":0.31200001,"data_generator_X1":55.087513},{"data_generator_T":0.32499999,"data_generator_X1":39.951683},{"data_generator_T":0.338,"data_generator_X1":27.358757},{"data_generator_T":0.35100001,"data_generator_X1":18.667461},{"data_generator_T":0.36399999,"data_generator_X1":12.762301},{"data_generator_T":0.377,"data_generator_X1":8.8483706},{"data_generator_T":0.38999999,"data_generator_X1":6.2914629},{"data_generator_T":0.403,"data_generator_X1":4.6431007},{"data_generator_T":0.41600001,"data_generator_X1":3.5907068},{"data_generator_T":0.42899999,"data_generator_X1":2.9423065},{"data_generator_T":0.442,"data_generator_X1":2.6681197},{"data_generator_T":0.45500001,"data_generator_X1":2.8760023},{"data_generator_T":0.46799999,"data_generator_X1":3.5951178},{"data_generator_T":0.48100001,"data_generator_X1":4.7294416},{"data_generator_T":0.49399999,"data_generator_X1":6.4968376},{"data_generator_T":0.50700003,"data_generator_X1":9.9972897},{"data_generator_T":0.51999998,"data_generator_X1":19.005844},{"data_generator_T":0.53299999,"data_generator_X1":39.574207},{"data_generator_T":0.546,"data_generator_X1":39.273106},{"data_generator_T":0.55900002,"data_generator_X1":28.46995},{"data_generator_T":0.57200003,"data_generator_X1":44.086246},{"data_generator_T":0.58499998,"data_generator_X1":56.03706},{"data_generator_T":0.59799999,"data_generator_X1":40.781452},{"data_generator_T":0.611,"data_generator_X1":27.956936},{"data_generator_T":0.62400001,"data_generator_X1":19.078381},{"data_generator_T":0.63700002,"data_generator_X1":13.036839},{"data_generator_T":0.64999998,"data_generator_X1":9.0290384},{"data_generator_T":0.66299999,"data_generator_X1":6.4086161},{"data_generator_T":0.676,"data_generator_X1":4.7182264},{"data_generator_T":0.68900001,"data_generator_X1":3.6383839},{"data_generator_T":0.70200002,"data_generator_X1":2.9696302},{"data_generator_T":0.71499997,"data_generator_X1":2.6719308},{"data_generator_T":0.72799999,"data_generator_X1":2.8502178},{"data_generator_T":0.741,"data_generator_X1":3.5439055},{"data_generator_T":0.75400001,"data_generator_X1":4.6553888},{"data_generator_T":0.76700002,"data_generator_X1":6.3706956},{"data_generator_T":0.77999997,"data_generator_X1":9.7199631},{"data_generator_T":0.79299998,"data_generator_X1":18.220472},{"data_generator_T":0.80599999,"data_generator_X1":38.565971},{"data_generator_T":0.81900001,"data_generator_X1":39.876236},{"data_generator_T":0.83200002,"data_generator_X1":28.959566},{"data_generator_T":0.84500003,"data_generator_X1":41.444019},{"data_generator_T":0.85799998,"data_generator_X1":56.88953},{"data_generator_T":0.87099999,"data_generator_X1":41.577927},{"data_generator_T":0.884,"data_generator_X1":28.546999},{"data_generator_T":0.89700001,"data_generator_X1":19.484348},{"data_generator_T":0.91000003,"data_generator_X1":13.308569},{"data_generator_T":0.92299998,"data_generator_X1":9.2079906},{"data_generator_T":0.93599999,"data_generator_X1":6.524755},{"data_generator_T":0.949,"data_generator_X1":4.7927384},{"data_generator_T":0.96200001,"data_generator_X1":3.685725},{"data_generator_T":0.97500002,"data_generator_X1":2.997184},{"data_generator_T":0.98799998,"data_generator_X1":2.6770918},{"data_generator_T":1.001,"data_generator_X1":2.8265014},{"data_generator_T":1.0140001,"data_generator_X1":3.4943221},{"data_generator_T":1.027,"data_generator_X1":4.5831647},{"data_generator_T":1.04,"data_generator_X1":6.2492075},{"data_generator_T":1.053,"data_generator_X1":9.4562969},{"data_generator_T":1.066,"data_generator_X1":17.480915},{"data_generator_T":1.079,"data_generator_X1":37.465233},{"data_generator_T":1.092,"data_generator_X1":40.457108},{"data_generator_T":1.105,"data_generator_X1":29.471764},{"data_generator_T":1.118,"data_generator_X1":38.854275},{"data_generator_T":1.131,"data_generator_X1":57.689255},{"data_generator_T":1.1440001,"data_generator_X1":42.375969},{"data_generator_T":1.1569999,"data_generator_X1":29.149948},{"data_generator_T":1.17,"data_generator_X1":19.898933},{"data_generator_T":1.183,"data_generator_X1":13.586482},{"data_generator_T":1.196,"data_generator_X1":9.3911552},{"data_generator_T":1.209,"data_generator_X1":6.6437187},{"data_generator_T":1.222,"data_generator_X1":4.8691015},{"data_generator_T":1.235,"data_generator_X1":3.7342849},{"data_generator_T":1.248,"data_generator_X1":3.0257981},{"data_generator_T":1.261,"data_generator_X1":2.6836798},{"data_generator_T":1.274,"data_generator_X1":2.8044081},{"data_generator_T":1.2869999,"data_generator_X1":3.4459403},{"data_generator_T":1.3,"data_generator_X1":4.5124869},{"data_generator_T":1.313,"data_generator_X1":6.1319361},{"data_generator_T":1.326,"data_generator_X1":9.2052536},{"data_generator_T":1.339,"data_generator_X1":16.784916},{"data_generator_T":1.352,"data_generator_X1":36.288895},{"data_generator_T":1.365,"data_generator_X1":41.008518},{"data_generator_T":1.378,"data_generator_X1":30.002666},{"data_generator_T":1.391,"data_generator_X1":36.391644},{"data_generator_T":1.404,"data_generator_X1":58.414391},{"data_generator_T":1.4170001,"data_generator_X1":43.174599},{"data_generator_T":1.4299999,"data_generator_X1":29.766199},{"data_generator_T":1.443,"data_generator_X1":20.32226},{"data_generator_T":1.456,"data_generator_X1":13.870717},{"data_generator_T":1.469,"data_generator_X1":9.5786276},{"data_generator_T":1.482,"data_generator_X1":6.7655745},{"data_generator_T":1.495,"data_generator_X1":4.9473624},{"data_generator_T":1.508,"data_generator_X1":3.78409},{"data_generator_T":1.521,"data_generator_X1":3.0554652},{"data_generator_T":1.534,"data_generator_X1":2.6916695},{"data_generator_T":1.5470001,"data_generator_X1":2.7839463},{"data_generator_T":1.5599999,"data_generator_X1":3.3987813},{"data_generator_T":1.573,"data_generator_X1":4.4432869},{"data_generator_T":1.586,"data_generator_X1":6.0186453},{"data_generator_T":1.599,"data_generator_X1":8.9660339},{"data_generator_T":1.612,"data_generator_X1":16.130041},{"data_generator_T":1.625,"data_generator_X1":35.054916},{"data_generator_T":1.638,"data_generator_X1":41.52261},{"data_generator_T":1.651,"data_generator_X1":30.549532},{"data_generator_T":1.664,"data_generator_X1":34.12307},{"data_generator_T":1.677,"data_generator_X1":59.040985},{"data_generator_T":1.6900001,"data_generator_X1":43.973213},{"data_generator_T":1.7029999,"data_generator_X1":30.39613},{"data_generator_T":1.716,"data_generator_X1":20.754446},{"data_generator_T":1.729,"data_generator_X1":14.161407},{"data_generator_T":1.742,"data_generator_X1":9.7705002},{"data_generator_T":1.755,"data_generator_X1":6.890389},{"data_generator_T":1.768,"data_generator_X1":5.0275655},{"data_generator_T":1.781,"data_generator_X1":3.8351667},{"data_generator_T":1.794,"data_generator_X1":3.08618},{"data_generator_T":1.807,"data_generator_X1":2.7010357},{"data_generator_T":1.8200001,"data_generator_X1":2.7651215},{"data_generator_T":1.8329999,"data_generator_X1":3.3528683},{"data_generator_T":1.846,"data_generator_X1":4.3755035},{"data_generator_T":1.859,"data_generator_X1":5.9091139},{"data_generator_T":1.872,"data_generator_X1":8.7379007},{"data_generator_T":1.885,"data_generator_X1":15.51384},{"data_generator_T":1.898,"data_generator_X1":33.781601},{"data_generator_T":1.911,"data_generator_X1":41.990807},{"data_generator_T":1.924,"data_generator_X1":31.110332},{"data_generator_T":1.937,"data_generator_X1":32.105946},{"data_generator_T":1.95,"data_generator_X1":59.543427},{"data_generator_T":1.9630001,"data_generator_X1":44.771763},{"data_generator_T":1.976,"data_generator_X1":31.040066},{"data_generator_T":1.989,"data_generator_X1":21.19561},{"data_generator_T":2.0020001,"data_generator_X1":14.458686},{"data_generator_T":2.0150001,"data_generator_X1":9.9668665},{"data_generator_T":2.0280001,"data_generator_X1":7.0182281},{"data_generator_T":2.0409999,"data_generator_X1":5.1097579},{"data_generator_T":2.0539999,"data_generator_X1":3.8875427},{"data_generator_T":2.0669999,"data_generator_X1":3.1179388},{"data_generator_T":2.0799999,"data_generator_X1":2.7117538},{"data_generator_T":2.0929999,"data_generator_X1":2.7479372},{"data_generator_T":2.1059999,"data_generator_X1":3.3082271},{"data_generator_T":2.119,"data_generator_X1":4.3090816},{"data_generator_T":2.132,"data_generator_X1":5.803133},{"data_generator_T":2.145,"data_generator_X1":8.5201683},{"data_generator_T":2.158,"data_generator_X1":14.9339},{"data_generator_T":2.171,"data_generator_X1":32.486691},{"data_generator_T":2.184,"data_generator_X1":42.4039},{"data_generator_T":2.197,"data_generator_X1":31.683565},{"data_generator_T":2.21,"data_generator_X1":30.384888},{"data_generator_T":2.223,"data_generator_X1":59.894806},{"data_generator_T":2.2360001,"data_generator_X1":45.570839},{"data_generator_T":2.2490001,"data_generator_X1":31.698261},{"data_generator_T":2.2620001,"data_generator_X1":21.645876},{"data_generator_T":2.2750001,"data_generator_X1":14.762691},{"data_generator_T":2.2880001,"data_generator_X1":10.167823},{"data_generator_T":2.3010001,"data_generator_X1":7.1491609},{"data_generator_T":2.3139999,"data_generator_X1":5.1939864},{"data_generator_T":2.3269999,"data_generator_X1":3.9412467},{"data_generator_T":2.3399999,"data_generator_X1":3.1507392},{"data_generator_T":2.3529999,"data_generator_X1":2.7237985},{"data_generator_T":2.3659999,"data_generator_X1":2.7323945},{"data_generator_T":2.3789999,"data_generator_X1":3.2648838},{"data_generator_T":2.392,"data_generator_X1":4.2439737},{"data_generator_T":2.405,"data_generator_X1":5.7005048},{"data_generator_T":2.418,"data_generator_X1":8.3122034},{"data_generator_T":2.431,"data_generator_X1":14.38788},{"data_generator_T":2.444,"data_generator_X1":31.18656},{"data_generator_T":2.457,"data_generator_X1":42.752193},{"data_generator_T":2.47,"data_generator_X1":32.268093},{"data_generator_T":2.483,"data_generator_X1":28.987944},{"data_generator_T":2.4960001,"data_generator_X1":60.067276},{"data_generator_T":2.5090001,"data_generator_X1":46.371746},{"data_generator_T":2.5220001,"data_generator_X1":32.370865},{"data_generator_T":2.5350001,"data_generator_X1":22.105371},{"data_generator_T":2.5480001,"data_generator_X1":15.073562},{"data_generator_T":2.5610001,"data_generator_X1":10.373467},{"data_generator_T":2.5739999,"data_generator_X1":7.2832565},{"data_generator_T":2.5869999,"data_generator_X1":5.2803001},{"data_generator_T":2.5999999,"data_generator_X1":3.996309},{"data_generator_T":2.6129999,"data_generator_X1":3.1845822},{"data_generator_T":2.6259999,"data_generator_X1":2.7371452},{"data_generator_T":2.6389999,"data_generator_X1":2.7184913},{"data_generator_T":2.652,"data_generator_X1":3.2228661},{"data_generator_T":2.665,"data_generator_X1":4.1801372},{"data_generator_T":2.678,"data_generator_X1":5.6010432},{"data_generator_T":2.691,"data_generator_X1":8.1134167},{"data_generator_T":2.704,"data_generator_X1":13.873537},{"data_generator_T":2.717,"data_generator_X1":29.895708},{"data_generator_T":2.73,"data_generator_X1":43.025639},{"data_generator_T":2.743,"data_generator_X1":32.863003},{"data_generator_T":2.756,"data_generator_X1":27.923063},{"data_generator_T":2.7690001,"data_generator_X1":60.032516},{"data_generator_T":2.7820001,"data_generator_X1":47.176498},{"data_generator_T":2.7950001,"data_generator_X1":33.057903},{"data_generator_T":2.8080001,"data_generator_X1":22.574236},{"data_generator_T":2.8210001,"data_generator_X1":15.391436},{"data_generator_T":2.8340001,"data_generator_X1":10.583899},{"data_generator_T":2.8469999,"data_generator_X1":7.4205866},{"data_generator_T":2.8599999,"data_generator_X1":5.3687472},{"data_generator_T":2.8729999,"data_generator_X1":4.0527606},{"data_generator_T":2.8859999,"data_generator_X1":3.2194695},{"data_generator_T":2.8989999,"data_generator_X1":2.7517688},{"data_generator_T":2.9119999,"data_generator_X1":2.7062232},{"data_generator_T":2.925,"data_generator_X1":3.1822016},{"data_generator_T":2.938,"data_generator_X1":4.1175361},{"data_generator_T":2.951,"data_generator_X1":5.5045719},{"data_generator_T":2.964,"data_generator_X1":7.9232612},{"data_generator_T":2.977,"data_generator_X1":13.388736},{"data_generator_T":2.99,"data_generator_X1":28.626446},{"data_generator_T":3.003,"data_generator_X1":43.214085},{"data_generator_T":3.016,"data_generator_X1":33.46751},{"data_generator_T":3.029,"data_generator_X1":27.176533},{"data_generator_T":3.0420001,"data_generator_X1":59.762405},{"data_generator_T":3.0550001,"data_generator_X1":47.987747},{"data_generator_T":3.0680001,"data_generator_X1":33.759251},{"data_generator_T":3.0810001,"data_generator_X1":23.052624},{"data_generator_T":3.0940001,"data_generator_X1":15.716454},{"data_generator_T":3.1070001,"data_generator_X1":10.799222},{"data_generator_T":3.1199999,"data_generator_X1":7.5612235},{"data_generator_T":3.1329999,"data_generator_X1":5.4593792},{"data_generator_T":3.1459999,"data_generator_X1":4.1106339},{"data_generator_T":3.1589999,"data_generator_X1":3.2554054},{"data_generator_T":3.1719999,"data_generator_X1":2.7676458},{"data_generator_T":3.1849999,"data_generator_X1":2.6955838},{"data_generator_T":3.198,"data_generator_X1":3.1429193},{"data_generator_T":3.211,"data_generator_X1":4.0561404},{"data_generator_T":3.224,"data_generator_X1":5.4109244},{"data_generator_T":3.237,"data_generator_X1":7.7412271},{"data_generator_T":3.25,"data_generator_X1":12.931465},{"data_generator_T":3.263,"data_generator_X1":27.388803},{"data_generator_T":3.276,"data_generator_X1":43.307503},{"data_generator_T":3.289,"data_generator_X1":34.080833},{"data_generator_T":3.302,"data_generator_X1":26.715357},{"data_generator_T":3.3150001,"data_generator_X1":59.230103},{"data_generator_T":3.3280001,"data_generator_X1":48.808556},{"data_generator_T":3.3410001,"data_generator_X1":34.47459},{"data_generator_T":3.3540001,"data_generator_X1":23.540703},{"data_generator_T":3.3670001,"data_generator_X1":16.048756},{"data_generator_T":3.3800001,"data_generator_X1":11.019537},{"data_generator_T":3.3929999,"data_generator_X1":7.7052398},{"data_generator_T":3.4059999,"data_generator_X1":5.552247},{"data_generator_T":3.4189999,"data_generator_X1":4.1699624},{"data_generator_T":3.4319999,"data_generator_X1":3.2923958},{"data_generator_T":3.4449999,"data_generator_X1":2.7847528},{"data_generator_T":3.4579999,"data_generator_X1":2.6865637},{"data_generator_T":3.471,"data_generator_X1":3.105047},{"data_generator_T":3.484,"data_generator_X1":3.9959261},{"data_generator_T":3.497,"data_generator_X1":5.3199453},{"data_generator_T":3.51,"data_generator_X1":7.5668397},{"data_generator_T":3.523,"data_generator_X1":12.499838},{"data_generator_T":3.536,"data_generator_X1":26.19059},{"data_generator_T":3.549,"data_generator_X1":43.296341},{"data_generator_T":3.562,"data_generator_X1":34.702106},{"data_generator_T":3.575,"data_generator_X1":26.494116},{"data_generator_T":3.5880001,"data_generator_X1":58.411713},{"data_generator_T":3.6010001,"data_generator_X1":49.64204},{"data_generator_T":3.6140001,"data_generator_X1":35.203423},{"data_generator_T":3.6270001,"data_generator_X1":24.038664},{"data_generator_T":3.6400001,"data_generator_X1":16.388483},{"data_generator_T":3.6530001,"data_generator_X1":11.244952},{"data_generator_T":3.6659999,"data_generator_X1":7.8527117},{"data_generator_T":3.6789999,"data_generator_X1":5.6474037},{"data_generator_T":3.6919999,"data_generator_X1":4.2307796},{"data_generator_T":3.7049999,"data_generator_X1":3.3304491},{"data_generator_T":3.7179999,"data_generator_X1":2.8030674},{"data_generator_T":3.7309999,"data_generator_X1":2.6791515},{"data_generator_T":3.744,"data_generator_X1":3.0686126},{"data_generator_T":3.757,"data_generator_X1":3.9368739},{"data_generator_T":3.77,"data_generator_X1":5.2314868},{"data_generator_T":3.783,"data_generator_X1":7.3996553},{"data_generator_T":3.796,"data_generator_X1":12.092089},{"data_generator_T":3.809,"data_generator_X1":25.037565},{"data_generator_T":3.822,"data_generator_X1":43.171909},{"data_generator_T":3.835,"data_generator_X1":35.330254},{"data_generator_T":3.848,"data_generator_X1":26.464046},{"data_generator_T":3.8610001,"data_generator_X1":57.288769},{"data_generator_T":3.8740001,"data_generator_X1":50.490868},{"data_generator_T":3.8870001,"data_generator_X1":35.945026},{"data_generator_T":3.9000001,"data_generator_X1":24.546722},{"data_generator_T":3.9130001,"data_generator_X1":16.735775},{"data_generator_T":3.9260001,"data_generator_X1":11.475575},{"data_generator_T":3.9389999,"data_generator_X1":8.0037155},{"data_generator_T":3.9519999,"data_generator_X1":5.7449021},{"data_generator_T":3.9649999,"data_generator_X1":4.2931223},{"data_generator_T":3.9779999,"data_generator_X1":3.3695748},{"data_generator_T":3.9909999,"data_generator_X1":2.8225679},{"data_generator_T":4.0040002,"data_generator_X1":2.6733344},{"data_generator_T":4.0170002,"data_generator_X1":3.0336428},{"data_generator_T":4.0300002,"data_generator_X1":3.8789706},{"data_generator_T":4.0430002,"data_generator_X1":5.1454105},{"data_generator_T":4.0560002,"data_generator_X1":7.2392602},{"data_generator_T":4.0689998,"data_generator_X1":11.706576},{"data_generator_T":4.0819998,"data_generator_X1":23.933664},{"data_generator_T":4.0949998,"data_generator_X1":42.926826},{"data_generator_T":4.1079998,"data_generator_X1":35.963894},{"data_generator_T":4.1209998,"data_generator_X1":26.580605},{"data_generator_T":4.1339998,"data_generator_X1":55.851665},{"data_generator_T":4.1469998,"data_generator_X1":51.356613},{"data_generator_T":4.1599998,"data_generator_X1":36.698479},{"data_generator_T":4.1729999,"data_generator_X1":25.065117},{"data_generator_T":4.1859999,"data_generator_X1":17.090771},{"data_generator_T":4.1989999,"data_generator_X1":11.711517},{"data_generator_T":4.2119999,"data_generator_X1":8.1583281},{"data_generator_T":4.2249999,"data_generator_X1":5.8447981},{"data_generator_T":4.2379999,"data_generator_X1":4.3570256},{"data_generator_T":4.2509999,"data_generator_X1":3.409785},{"data_generator_T":4.2639999,"data_generator_X1":2.8432343},{"data_generator_T":4.277,"data_generator_X1":2.6690962},{"data_generator_T":4.29,"data_generator_X1":3.0001631},{"data_generator_T":4.303,"data_generator_X1":3.8222075},{"data_generator_T":4.316,"data_generator_X1":5.0615864},{"data_generator_T":4.329,"data_generator_X1":7.0852656},{"data_generator_T":4.342,"data_generator_X1":11.341779},{"data_generator_T":4.355,"data_generator_X1":22.88126},{"data_generator_T":4.368,"data_generator_X1":42.555565},{"data_generator_T":4.381,"data_generator_X1":36.601227},{"data_generator_T":4.3940001,"data_generator_X1":26.807333},{"data_generator_T":4.4070001,"data_generator_X1":54.103844},{"data_generator_T":4.4200001,"data_generator_X1":52.239063},{"data_generator_T":4.4330001,"data_generator_X1":37.462639},{"data_generator_T":4.4460001,"data_generator_X1":25.594118},{"data_generator_T":4.4590001,"data_generator_X1":17.453604},{"data_generator_T":4.4720001,"data_generator_X1":11.95289},{"data_generator_T":4.4850001,"data_generator_X1":8.3166304},{"data_generator_T":4.4980001,"data_generator_X1":5.9471469},{"data_generator_T":4.5110002,"data_generator_X1":4.4225278},{"data_generator_T":4.5240002,"data_generator_X1":3.4510932},{"data_generator_T":4.5370002,"data_generator_X1":2.865047},{"data_generator_T":4.5500002,"data_generator_X1":2.6664205},{"data_generator_T":4.5630002,"data_generator_X1":2.9681985},{"data_generator_T":4.5760002,"data_generator_X1":3.7665803},{"data_generator_T":4.5890002,"data_generator_X1":4.9798932},{"data_generator_T":4.6020002,"data_generator_X1":6.9373088},{"data_generator_T":4.6149998,"data_generator_X1":10.996284},{"data_generator_T":4.6279998,"data_generator_X1":21.881432},{"data_generator_T":4.6409998,"data_generator_X1":42.055004},{"data_generator_T":4.6539998,"data_generator_X1":37.239933},{"data_generator_T":4.6669998,"data_generator_X1":27.116419},{"data_generator_T":4.6799998,"data_generator_X1":52.065857},{"data_generator_T":4.6929998,"data_generator_X1":53.135544},{"data_generator_T":4.7059999,"data_generator_X1":38.236195},{"data_generator_T":4.7189999,"data_generator_X1":26.134026},{"data_generator_T":4.7319999,"data_generator_X1":17.824413},{"data_generator_T":4.7449999,"data_generator_X1":12.199811},{"data_generator_T":4.7579999,"data_generator_X1":8.4787016},{"data_generator_T":4.7709999,"data_generator_X1":6.0520058},{"data_generator_T":4.7839999,"data_generator_X1":4.4896669},{"data_generator_T":4.7969999,"data_generator_X1":3.4935148},{"data_generator_T":4.8099999,"data_generator_X1":2.8879886},{"data_generator_T":4.823,"data_generator_X1":2.6652882},{"data_generator_T":4.836,"data_generator_X1":2.9377716},{"data_generator_T":4.849,"data_generator_X1":3.71209},{"data_generator_T":4.862,"data_generator_X1":4.9002171},{"data_generator_T":4.875,"data_generator_X1":6.7950482},{"data_generator_T":4.888,"data_generator_X1":10.668784},{"data_generator_T":4.901,"data_generator_X1":20.934212},{"data_generator_T":4.914,"data_generator_X1":41.424934},{"data_generator_T":4.927,"data_generator_X1":37.877075},{"data_generator_T":4.9400001,"data_generator_X1":27.487444},{"data_generator_T":4.9530001,"data_generator_X1":49.77763},{"data_generator_T":4.9660001,"data_generator_X1":54.040348},{"data_generator_T":4.9790001,"data_generator_X1":39.017681},{"data_generator_T":4.9920001,"data_generator_X1":26.685175},{"data_generator_T":5.0050001,"data_generator_X1":18.203327},{"data_generator_T":5.0180001,"data_generator_X1":12.452397},{"data_generator_T":5.0310001,"data_generator_X1":8.6446247},{"data_generator_T":5.0440001,"data_generator_X1":6.1594329},{"data_generator_T":5.0570002,"data_generator_X1":4.5584822},{"data_generator_T":5.0700002,"data_generator_X1":3.5370667},{"data_generator_T":5.0830002,"data_generator_X1":2.9120421},{"data_generator_T":5.0960002,"data_generator_X1":2.6656795},{"data_generator_T":5.1090002,"data_generator_X1":2.9089031},{"data_generator_T":5.1220002,"data_generator_X1":3.6587415},{"data_generator_T":5.1350002,"data_generator_X1":4.8224521},{"data_generator_T":5.1479998,"data_generator_X1":6.658164},{"data_generator_T":5.1609998,"data_generator_X1":10.358075},{"data_generator_T":5.1739998,"data_generator_X1":20.038815},{"data_generator_T":5.1869998,"data_generator_X1":40.668518},{"data_generator_T":5.1999998,"data_generator_X1":38.509018},{"data_generator_T":5.2129998,"data_generator_X1":27.905685},{"data_generator_T":5.2259998,"data_generator_X1":47.297222},{"data_generator_T":5.2389998,"data_generator_X1":54.944412},{"data_generator_T":5.2519999,"data_generator_X1":39.805538},{"data_generator_T":5.2649999,"data_generator_X1":27.247925},{"data_generator_T":5.2779999,"data_generator_X1":18.590475},{"data_generator_T":5.2909999,"data_generator_X1":12.710768},{"data_generator_T":5.3039999,"data_generator_X1":8.8144836},{"data_generator_T":5.3169999,"data_generator_X1":6.2694874},{"data_generator_T":5.3299999,"data_generator_X1":4.629014},{"data_generator_T":5.3429999,"data_generator_X1":3.5817678},{"data_generator_T":5.3559999,"data_generator_X1":2.9371929},{"data_generator_T":5.369,"data_generator_X1":2.6675725},{"data_generator_T":5.382,"data_generator_X1":2.8816123},{"data_generator_T":5.395,"data_generator_X1":3.6065435},{"data_generator_T":5.408,"data_generator_X1":4.7465005},{"data_generator_T":5.421,"data_generator_X1":6.5263548},{"data_generator_T":5.434,"data_generator_X1":10.06304},{"data_generator_T":5.447,"data_generator_X1":19.193844},{"data_generator_T":5.46,"data_generator_X1":39.79253},{"data_generator_T":5.473,"data_generator_X1":39.131351},{"data_generator_T":5.4860001,"data_generator_X1":28.360567},{"data_generator_T":5.4990001,"data_generator_X1":44.695923},{"data_generator_T":5.5120001,"data_generator_X1":55.835201},{"data_generator_T":5.5250001,"data_generator_X1":40.598175},{"data_generator_T":5.5380001,"data_generator_X1":27.822662},{"data_generator_T":5.5510001,"data_generator_X1":18.985979},{"data_generator_T":5.5640001,"data_generator_X1":12.975047},{"data_generator_T":5.5770001,"data_generator_X1":8.9883633},{"data_generator_T":5.5900002,"data_generator_X1":6.3822303},{"data_generator_T":5.6030002,"data_generator_X1":4.701303},{"data_generator_T":5.6160002,"data_generator_X1":3.6276383},{"data_generator_T":5.6290002,"data_generator_X1":2.9634278},{"data_generator_T":5.6420002,"data_generator_X1":2.6709454},{"data_generator_T":5.6550002,"data_generator_X1":2.8559155},{"data_generator_T":5.6680002,"data_generator_X1":3.5555081},{"data_generator_T":5.6810002,"data_generator_X1":4.6722717},{"data_generator_T":5.6939998,"data_generator_X1":6.3993363},{"data_generator_T":5.7069998,"data_generator_X1":9.78265},{"data_generator_T":5.7199998,"data_generator_X1":18.397459},{"data_generator_T":5.7329998,"data_generator_X1":38.807308},{"data_generator_T":5.7459998,"data_generator_X1":39.738861},{"data_generator_T":5.7589998,"data_generator_X1":28.844467},{"data_generator_T":5.7719998,"data_generator_X1":42.051613},{"data_generator_T":5.7849998,"data_generator_X1":56.696873},{"data_generator_T":5.7979999,"data_generator_X1":41.394066},{"data_generator_T":5.8109999,"data_generator_X1":28.409794},{"data_generator_T":5.8239999,"data_generator_X1":19.389965},{"data_generator_T":5.8369999,"data_generator_X1":13.245359},{"data_generator_T":5.8499999,"data_generator_X1":9.1663513},{"data_generator_T":5.8629999,"data_generator_X1":6.4977231},{"data_generator_T":5.8759999,"data_generator_X1":4.7753921},{"data_generator_T":5.8889999,"data_generator_X1":3.6747},{"data_generator_T":5.902,"data_generator_X1":2.9907353},{"data_generator_T":5.915,"data_generator_X1":2.6757741},{"data_generator_T":5.928,"data_generator_X1":2.8318272},{"data_generator_T":5.941,"data_generator_X1":3.5056508},{"data_generator_T":5.954,"data_generator_X1":4.5996814},{"data_generator_T":5.967,"data_generator_X1":6.2768421},{"data_generator_T":5.98,"data_generator_X1":9.5159531},{"data_generator_T":5.993,"data_generator_X1":17.647518},{"data_generator_T":6.006,"data_generator_X1":37.726421},{"data_generator_T":6.0190001,"data_generator_X1":40.325489},{"data_generator_T":6.0320001,"data_generator_X1":29.351864},{"data_generator_T":6.0450001,"data_generator_X1":39.442837},{"data_generator_T":6.0580001,"data_generator_X1":57.510605},{"data_generator_T":6.0710001,"data_generator_X1":42.191845},{"data_generator_T":6.0840001,"data_generator_X1":29.009731},{"data_generator_T":6.0970001,"data_generator_X1":19.802551},{"data_generator_T":6.1100001,"data_generator_X1":13.521833},{"data_generator_T":6.1230001,"data_generator_X1":9.3485355},{"data_generator_T":6.1360002,"data_generator_X1":6.6160293},{"data_generator_T":6.1490002,"data_generator_X1":4.8513241},{"data_generator_T":6.1620002,"data_generator_X1":3.7229764},{"data_generator_T":6.1750002,"data_generator_X1":3.0191054},{"data_generator_T":6.1880002,"data_generator_X1":2.6820352},{"data_generator_T":6.2010002,"data_generator_X1":2.8093588},{"data_generator_T":6.2140002,"data_generator_X1":3.4569902},{"data_generator_T":6.2270002,"data_generator_X1":4.5286531},{"data_generator_T":6.2399998,"data_generator_X1":6.1586194},{"data_generator_T":6.2529998,"data_generator_X1":9.2620716},{"data_generator_T":6.2659998,"data_generator_X1":16.941689},{"data_generator_T":6.2789998,"data_generator_X1":36.56596},{"data_generator_T":6.2919998,"data_generator_X1":40.884365},{"data_generator_T":6.3049998,"data_generator_X1":29.878729},{"data_generator_T":6.3179998,"data_generator_X1":36.94466},{"data_generator_T":6.3309999,"data_generator_X1":58.255001},{"data_generator_T":6.3439999,"data_generator_X1":42.990406},{"data_generator_T":6.3569999,"data_generator_X1":29.622879},{"data_generator_T":6.3699999,"data_generator_X1":20.22385},{"data_generator_T":6.3829999,"data_generator_X1":13.8046},{"data_generator_T":6.3959999,"data_generator_X1":9.5350056},{"data_generator_T":6.4089999,"data_generator_X1":6.7372122},{"data_generator_T":6.4219999,"data_generator_X1":4.9291434},{"data_generator_T":6.4349999,"data_generator_X1":3.7724922},{"data_generator_T":6.448,"data_generator_X1":3.0485303},{"data_generator_T":6.461,"data_generator_X1":2.6897037},{"data_generator_T":6.474,"data_generator_X1":2.7885201},{"data_generator_T":6.487,"data_generator_X1":3.4095473},{"data_generator_T":6.5,"data_generator_X1":4.4591179},{"data_generator_T":6.513,"data_generator_X1":6.0444307},{"data_generator_T":6.526,"data_generator_X1":9.0201931},{"data_generator_T":6.539,"data_generator_X1":16.277548},{"data_generator_T":6.552,"data_generator_X1":35.343647},{"data_generator_T":6.5650001,"data_generator_X1":41.407799},{"data_generator_T":6.5780001,"data_generator_X1":30.422113},{"data_generator_T":6.5910001,"data_generator_X1":34.625847},{"data_generator_T":6.6040001,"data_generator_X1":58.90654},{"data_generator_T":6.6170001,"data_generator_X1":43.789051},{"data_generator_T":6.6300001,"data_generator_X1":30.249624},{"data_generator_T":6.6430001,"data_generator_X1":20.653984},{"data_generator_T":6.6560001,"data_generator_X1":14.093789},{"data_generator_T":6.6690001,"data_generator_X1":9.7258549},{"data_generator_T":6.6820002,"data_generator_X1":6.8613386},{"data_generator_T":6.6950002,"data_generator_X1":5.0088944},{"data_generator_T":6.7080002,"data_generator_X1":3.8232734},{"data_generator_T":6.7210002,"data_generator_X1":3.079004},{"data_generator_T":6.7340002,"data_generator_X1":2.6987548},{"data_generator_T":6.7470002,"data_generator_X1":2.7693172},{"data_generator_T":6.7600002,"data_generator_X1":3.3633449},{"data_generator_T":6.7729998,"data_generator_X1":4.3910131},{"data_generator_T":6.7859998,"data_generator_X1":5.9340515},{"data_generator_T":6.7989998,"data_generator_X1":8.7895651},{"data_generator_T":6.8119998,"data_generator_X1":15.652643},{"data_generator_T":6.8249998,"data_generator_X1":34.077797},{"data_generator_T":6.8379998,"data_generator_X1":41.887375},{"data_generator_T":6.8509998,"data_generator_X1":30.979851},{"data_generator_T":6.8639998,"data_generator_X1":32.546253},{"data_generator_T":6.8769999,"data_generator_X1":59.43996},{"data_generator_T":6.8899999,"data_generator_X1":44.587589},{"data_generator_T":6.9029999,"data_generator_X1":30.890305},{"data_generator_T":6.9159999,"data_generator_X1":21.093067},{"data_generator_T":6.9289999,"data_generator_X1":14.389536},{"data_generator_T":6.9419999,"data_generator_X1":9.9211769},{"data_generator_T":6.9549999,"data_generator_X1":6.9884739},{"data_generator_T":6.9679999,"data_generator_X1":5.0906239},{"data_generator_T":6.9809999,"data_generator_X1":3.8753471},{"data_generator_T":6.994,"data_generator_X1":3.110522},{"data_generator_T":7.007,"data_generator_X1":2.7091634},{"data_generator_T":7.02,"data_generator_X1":2.7517545},{"data_generator_T":7.033,"data_generator_X1":3.318408},{"data_generator_T":7.046,"data_generator_X1":4.3242817},{"data_generator_T":7.059,"data_generator_X1":5.82727},{"data_generator_T":7.072,"data_generator_X1":8.5694923},{"data_generator_T":7.085,"data_generator_X1":15.064551},{"data_generator_T":7.098,"data_generator_X1":32.78635},{"data_generator_T":7.1110001,"data_generator_X1":42.314022},{"data_generator_T":7.1240001,"data_generator_X1":31.550329},{"data_generator_T":7.1370001,"data_generator_X1":30.753761},{"data_generator_T":7.1500001,"data_generator_X1":59.828621},{"data_generator_T":7.1630001,"data_generator_X1":45.386456},{"data_generator_T":7.1760001,"data_generator_X1":31.545195},{"data_generator_T":7.1890001,"data_generator_X1":21.541222},{"data_generator_T":7.2020001,"data_generator_X1":14.691978},{"data_generator_T":7.2150002,"data_generator_X1":10.121066},{"data_generator_T":7.2280002,"data_generator_X1":7.1186872},{"data_generator_T":7.2410002,"data_generator_X1":5.1743789},{"data_generator_T":7.2540002,"data_generator_X1":3.9287424},{"data_generator_T":7.2670002,"data_generator_X1":3.1430824},{"data_generator_T":7.2800002,"data_generator_X1":2.7209046},{"data_generator_T":7.2930002,"data_generator_X1":2.7358334},{"data_generator_T":7.3060002,"data_generator_X1":3.2747629},{"data_generator_T":7.3189998,"data_generator_X1":4.2588744},{"data_generator_T":7.3319998,"data_generator_X1":5.7238855},{"data_generator_T":7.3449998,"data_generator_X1":8.3593292},{"data_generator_T":7.3579998,"data_generator_X1":14.510912},{"data_generator_T":7.3709998,"data_generator_X1":31.486065},{"data_generator_T":7.3839998,"data_generator_X1":42.678143},{"data_generator_T":7.3969998,"data_generator_X1":32.132339},{"data_generator_T":7.4099998,"data_generator_X1":29.280586},{"data_generator_T":7.4229999,"data_generator_X1":60.044853},{"data_generator_T":7.4359999,"data_generator_X1":46.186783},{"data_generator_T":7.4489999,"data_generator_X1":32.21447},{"data_generator_T":7.4619999,"data_generator_X1":21.998577},{"data_generator_T":7.4749999,"data_generator_X1":15.001253},{"data_generator_T":7.4879999,"data_generator_X1":10.325621},{"data_generator_T":7.5009999,"data_generator_X1":7.2520475},{"data_generator_T":7.5139999,"data_generator_X1":5.2602072},{"data_generator_T":7.527,"data_generator_X1":3.9834886},{"data_generator_T":7.54,"data_generator_X1":3.1766849},{"data_generator_T":7.553,"data_generator_X1":2.733953},{"data_generator_T":7.566,"data_generator_X1":2.7215524},{"data_generator_T":7.579,"data_generator_X1":3.2324369},{"data_generator_T":7.592,"data_generator_X1":4.1947479},{"data_generator_T":7.605,"data_generator_X1":5.6237092},{"data_generator_T":7.618,"data_generator_X1":8.1584759},{"data_generator_T":7.631,"data_generator_X1":13.989457},{"data_generator_T":7.6440001,"data_generator_X1":30.191898},{"data_generator_T":7.6570001,"data_generator_X1":42.969749},{"data_generator_T":7.6700001,"data_generator_X1":32.724926},{"data_generator_T":7.6830001,"data_generator_X1":28.139559},{"data_generator_T":7.6960001,"data_generator_X1":60.060402},{"data_generator_T":7.7090001,"data_generator_X1":46.990437},{"data_generator_T":7.7220001,"data_generator_X1":32.898186},{"data_generator_T":7.7350001,"data_generator_X1":22.465267},{"data_generator_T":7.7480001,"data_generator_X1":15.317499},{"data_generator_T":7.7610002,"data_generator_X1":10.53494},{"data_generator_T":7.7740002,"data_generator_X1":7.3886251},{"data_generator_T":7.7870002,"data_generator_X1":5.3481579},{"data_generator_T":7.8000002,"data_generator_X1":4.0396171},{"data_generator_T":7.8130002,"data_generator_X1":3.2113309},{"data_generator_T":7.8260002,"data_generator_X1":2.7482843},{"data_generator_T":7.8390002,"data_generator_X1":2.7089076},{"data_generator_T":7.8520002,"data_generator_X1":3.191458},{"data_generator_T":7.8649998,"data_generator_X1":4.131865},{"data_generator_T":7.8779998,"data_generator_X1":5.5265632},{"data_generator_T":7.8909998,"data_generator_X1":7.9663763},{"data_generator_T":7.9039998,"data_generator_X1":13.498026},{"data_generator_T":7.9169998,"data_generator_X1":28.916685},{"data_generator_T":7.9299998,"data_generator_X1":43.178696},{"data_generator_T":7.9429998,"data_generator_X1":33.32729},{"data_generator_T":7.9559999,"data_generator_X1":27.321918},{"data_generator_T":7.9689999,"data_generator_X1":59.847015},{"data_generator_T":7.9819999,"data_generator_X1":47.799927},{"data_generator_T":7.9949999,"data_generator_X1":33.596249},{"data_generator_T":8.0080004,"data_generator_X1":22.941444},{"data_generator_T":8.0209999,"data_generator_X1":15.640857},{"data_generator_T":8.0340004,"data_generator_X1":10.749125},{"data_generator_T":8.0469999,"data_generator_X1":7.5284929},{"data_generator_T":8.0600004,"data_generator_X1":5.4382815},{"data_generator_T":8.073,"data_generator_X1":4.0971594},{"data_generator_T":8.0860004,"data_generator_X1":3.2470245},{"data_generator_T":8.099,"data_generator_X1":2.7638743},{"data_generator_T":8.1120005,"data_generator_X1":2.6978934},{"data_generator_T":8.125,"data_generator_X1":3.1518545},{"data_generator_T":8.1379995,"data_generator_X1":4.0701938},{"data_generator_T":8.151,"data_generator_X1":5.4322791},{"data_generator_T":8.1639996,"data_generator_X1":7.7825127},{"data_generator_T":8.177,"data_generator_X1":13.034579},{"data_generator_T":8.1899996,"data_generator_X1":27.670979},{"data_generator_T":8.2030001,"data_generator_X1":43.294899},{"data_generator_T":8.2159996,"data_generator_X1":33.938652},{"data_generator_T":8.2290001,"data_generator_X1":26.798653},{"data_generator_T":8.2419996,"data_generator_X1":59.377438},{"data_generator_T":8.2550001,"data_generator_X1":48.618248},{"data_generator_T":8.2679996,"data_generator_X1":34.308399},{"data_generator_T":8.2810001,"data_generator_X1":23.427273},{"data_generator_T":8.2939997,"data_generator_X1":15.971467},{"data_generator_T":8.3070002,"data_generator_X1":10.96828},{"data_generator_T":8.3199997,"data_generator_X1":7.6717234},{"data_generator_T":8.3330002,"data_generator_X1":5.5306292},{"data_generator_T":8.3459997,"data_generator_X1":4.1561494},{"data_generator_T":8.3590002,"data_generator_X1":3.2837713},{"data_generator_T":8.3719997,"data_generator_X1":2.7806997},{"data_generator_T":8.3850002,"data_generator_X1":2.6885006},{"data_generator_T":8.3979998,"data_generator_X1":3.1136546},{"data_generator_T":8.4110003,"data_generator_X1":4.0097089},{"data_generator_T":8.4239998,"data_generator_X1":5.3406978},{"data_generator_T":8.4370003,"data_generator_X1":7.6064019},{"data_generator_T":8.4499998,"data_generator_X1":12.597198},{"data_generator_T":8.4630003,"data_generator_X1":26.463091},{"data_generator_T":8.4759998,"data_generator_X1":43.308666},{"data_generator_T":8.4890003,"data_generator_X1":34.558178},{"data_generator_T":8.5019999,"data_generator_X1":26.526428},{"data_generator_T":8.5150003,"data_generator_X1":58.626911},{"data_generator_T":8.5279999,"data_generator_X1":49.448547},{"data_generator_T":8.5410004,"data_generator_X1":35.034176},{"data_generator_T":8.5539999,"data_generator_X1":23.922937},{"data_generator_T":8.5670004,"data_generator_X1":16.309469},{"data_generator_T":8.5799999,"data_generator_X1":11.19251},{"data_generator_T":8.5930004,"data_generator_X1":7.8183918},{"data_generator_T":8.6059999,"data_generator_X1":5.6252527},{"data_generator_T":8.6190004,"data_generator_X1":4.21662},{"data_generator_T":8.632,"data_generator_X1":3.3215785},{"data_generator_T":8.6450005,"data_generator_X1":2.7987378},{"data_generator_T":8.658,"data_generator_X1":2.6807189},{"data_generator_T":8.6709995,"data_generator_X1":3.0768862},{"data_generator_T":8.684,"data_generator_X1":3.9503901},{"data_generator_T":8.6969995,"data_generator_X1":5.2516708},{"data_generator_T":8.71,"data_generator_X1":7.4375944},{"data_generator_T":8.7229996,"data_generator_X1":12.184093},{"data_generator_T":8.7360001,"data_generator_X1":25.299232},{"data_generator_T":8.7489996,"data_generator_X1":43.211067},{"data_generator_T":8.7620001,"data_generator_X1":35.184849},{"data_generator_T":8.7749996,"data_generator_X1":26.456469},{"data_generator_T":8.7880001,"data_generator_X1":57.575443},{"data_generator_T":8.8009996,"data_generator_X1":50.293644},{"data_generator_T":8.8140001,"data_generator_X1":35.772911},{"data_generator_T":8.8269997,"data_generator_X1":24.428646},{"data_generator_T":8.8400002,"data_generator_X1":16.655005},{"data_generator_T":8.8529997,"data_generator_X1":11.421922},{"data_generator_T":8.8660002,"data_generator_X1":7.968574},{"data_generator_T":8.8789997,"data_generator_X1":5.7222066},{"data_generator_T":8.8920002,"data_generator_X1":4.2786078},{"data_generator_T":8.9049997,"data_generator_X1":3.360456},{"data_generator_T":8.9180002,"data_generator_X1":2.8179667},{"data_generator_T":8.9309998,"data_generator_X1":2.674535},{"data_generator_T":8.9440002,"data_generator_X1":3.0415761},{"data_generator_T":8.9569998,"data_generator_X1":3.8922229},{"data_generator_T":8.9700003,"data_generator_X1":5.1650567},{"data_generator_T":8.9829998,"data_generator_X1":7.2756686},{"data_generator_T":8.9960003,"data_generator_X1":11.793591},{"data_generator_T":9.0089998,"data_generator_X1":24.183739},{"data_generator_T":9.0220003,"data_generator_X1":42.994373},{"data_generator_T":9.0349998,"data_generator_X1":35.817364},{"data_generator_T":9.0480003,"data_generator_X1":26.542767},{"data_generator_T":9.0609999,"data_generator_X1":56.211029},{"data_generator_T":9.0740004,"data_generator_X1":51.15543},{"data_generator_T":9.0869999,"data_generator_X1":36.523724},{"data_generator_T":9.1000004,"data_generator_X1":24.944635},{"data_generator_T":9.1129999,"data_generator_X1":17.008211},{"data_generator_T":9.1260004,"data_generator_X1":11.656627},{"data_generator_T":9.1389999,"data_generator_X1":8.1223478},{"data_generator_T":9.1520004,"data_generator_X1":5.8215446},{"data_generator_T":9.165,"data_generator_X1":4.3421478},{"data_generator_T":9.1780005,"data_generator_X1":3.4004149},{"data_generator_T":9.191,"data_generator_X1":2.8383658},{"data_generator_T":9.2040005,"data_generator_X1":2.6699343},{"data_generator_T":9.217,"data_generator_X1":3.0077507},{"data_generator_T":9.2299995,"data_generator_X1":3.8351972},{"data_generator_T":9.243,"data_generator_X1":5.0807242},{"data_generator_T":9.2559996,"data_generator_X1":7.1202312},{"data_generator_T":9.2690001,"data_generator_X1":11.424146},{"data_generator_T":9.2819996,"data_generator_X1":23.11932},{"data_generator_T":9.2950001,"data_generator_X1":42.652588},{"data_generator_T":9.3079996,"data_generator_X1":36.454029},{"data_generator_T":9.3210001,"data_generator_X1":26.746859},{"data_generator_T":9.3339996,"data_generator_X1":54.533718},{"data_generator_T":9.3470001,"data_generator_X1":52.034168},{"data_generator_T":9.3599997,"data_generator_X1":37.285526},{"data_generator_T":9.3730001,"data_generator_X1":25.471165},{"data_generator_T":9.3859997,"data_generator_X1":17.369226},{"data_generator_T":9.3990002,"data_generator_X1":11.896738},{"data_generator_T":9.4119997,"data_generator_X1":8.2797918},{"data_generator_T":9.4250002,"data_generator_X1":5.9233227},{"data_generator_T":9.4379997,"data_generator_X1":4.4072781},{"data_generator_T":9.4510002,"data_generator_X1":3.4414687},{"data_generator_T":9.4639997,"data_generator_X1":2.859916},{"data_generator_T":9.4770002,"data_generator_X1":2.6668999},{"data_generator_T":9.4899998,"data_generator_X1":2.9754345},{"data_generator_T":9.5030003,"data_generator_X1":3.7793081},{"data_generator_T":9.5159998,"data_generator_X1":4.9985499},{"data_generator_T":9.5290003,"data_generator_X1":6.9709129},{"data_generator_T":9.5419998,"data_generator_X1":11.074319},{"data_generator_T":9.5550003,"data_generator_X1":22.10733},{"data_generator_T":9.5679998,"data_generator_X1":42.181976},{"data_generator_T":9.5810003,"data_generator_X1":37.092655},{"data_generator_T":9.5939999,"data_generator_X1":27.039003},{"data_generator_T":9.6070004,"data_generator_X1":52.559822},{"data_generator_T":9.6199999,"data_generator_X1":52.927799},{"data_generator_T":9.6330004,"data_generator_X1":38.057041},{"data_generator_T":9.6459999,"data_generator_X1":26.008528},{"data_generator_T":9.6590004,"data_generator_X1":17.738184},{"data_generator_T":9.6719999,"data_generator_X1":12.142368},{"data_generator_T":9.6850004,"data_generator_X1":8.4409866},{"data_generator_T":9.698,"data_generator_X1":6.0275974},{"data_generator_T":9.7110004,"data_generator_X1":4.4740362},{"data_generator_T":9.724,"data_generator_X1":3.4836318},{"data_generator_T":9.7370005,"data_generator_X1":2.8825984},{"data_generator_T":9.75,"data_generator_X1":2.6654134},{"data_generator_T":9.7629995,"data_generator_X1":2.9446511},{"data_generator_T":9.776,"data_generator_X1":3.7245555},{"data_generator_T":9.7889996,"data_generator_X1":4.9184184},{"data_generator_T":9.802,"data_generator_X1":6.8273678},{"data_generator_T":9.8149996,"data_generator_X1":10.74278},{"data_generator_T":9.8280001,"data_generator_X1":21.14802},{"data_generator_T":9.8409996,"data_generator_X1":41.581619},{"data_generator_T":9.8540001,"data_generator_X1":37.730457},{"data_generator_T":9.8669996,"data_generator_X1":27.39723},{"data_generator_T":9.8800001,"data_generator_X1":50.324757},{"data_generator_T":9.8929996,"data_generator_X1":53.831364},{"data_generator_T":9.9060001,"data_generator_X1":38.836834},{"data_generator_T":9.9189997,"data_generator_X1":26.557055},{"data_generator_T":9.9320002,"data_generator_X1":18.115217},{"data_generator_T":9.9449997,"data_generator_X1":12.393638},{"data_generator_T":9.9580002,"data_generator_X1":8.6060143},{"data_generator_T":9.9709997,"data_generator_X1":6.1344271},{"data_generator_T":9.9840002,"data_generator_X1":4.5424614},{"data_generator_T":9.9969997,"data_generator_X1":3.5269215},{"data_generator_T":10.01,"data_generator_X1":2.9063969},{"data_generator_T":10.023,"data_generator_X1":2.6654551},{"data_generator_T":10.036,"data_generator_X1":2.9154215},{"data_generator_T":10.049,"data_generator_X1":3.670943},{"data_generator_T":10.062,"data_generator_X1":4.8402219},{"data_generator_T":10.075,"data_generator_X1":6.6892715},{"data_generator_T":10.088,"data_generator_X1":10.4283},{"data_generator_T":10.101,"data_generator_X1":20.240776},{"data_generator_T":10.114,"data_generator_X1":40.853874},{"data_generator_T":10.127,"data_generator_X1":38.36396},{"data_generator_T":10.14,"data_generator_X1":27.805651},{"data_generator_T":10.153,"data_generator_X1":47.882721},{"data_generator_T":10.166,"data_generator_X1":54.736584},{"data_generator_T":10.179,"data_generator_X1":39.62336},{"data_generator_T":10.192,"data_generator_X1":27.117096},{"data_generator_T":10.205,"data_generator_X1":18.500454},{"data_generator_T":10.218,"data_generator_X1":12.650663},{"data_generator_T":10.231,"data_generator_X1":8.7749577},{"data_generator_T":10.244,"data_generator_X1":6.2438703},{"data_generator_T":10.257,"data_generator_X1":4.6125937},{"data_generator_T":10.27,"data_generator_X1":3.5713558},{"data_generator_T":10.283,"data_generator_X1":2.9312961},{"data_generator_T":10.296,"data_generator_X1":2.6670039},{"data_generator_T":10.309,"data_generator_X1":2.8877652},{"data_generator_T":10.322,"data_generator_X1":3.6184785},{"data_generator_T":10.335,"data_generator_X1":4.7638607},{"data_generator_T":10.348,"data_generator_X1":6.5563173},{"data_generator_T":10.361,"data_generator_X1":10.129745},{"data_generator_T":10.374,"data_generator_X1":19.384327},{"data_generator_T":10.387,"data_generator_X1":40.004669},{"data_generator_T":10.4,"data_generator_X1":38.988941},{"data_generator_T":10.413,"data_generator_X1":28.252851},{"data_generator_T":10.426,"data_generator_X1":45.302528},{"data_generator_T":10.439,"data_generator_X1":55.631721},{"data_generator_T":10.452,"data_generator_X1":40.415035},{"data_generator_T":10.465,"data_generator_X1":27.689034},{"data_generator_T":10.478,"data_generator_X1":18.894022},{"data_generator_T":10.491,"data_generator_X1":12.913568},{"data_generator_T":10.504,"data_generator_X1":8.9479027},{"data_generator_T":10.517,"data_generator_X1":6.355988},{"data_generator_T":10.53,"data_generator_X1":4.6844735},{"data_generator_T":10.543,"data_generator_X1":3.6169548},{"data_generator_T":10.556,"data_generator_X1":2.9572821},{"data_generator_T":10.569,"data_generator_X1":2.6700375},{"data_generator_T":10.582,"data_generator_X1":2.8616993},{"data_generator_T":10.595,"data_generator_X1":3.5671737},{"data_generator_T":10.608,"data_generator_X1":4.6892419},{"data_generator_T":10.621,"data_generator_X1":6.4282184},{"data_generator_T":10.634,"data_generator_X1":9.8460646},{"data_generator_T":10.647,"data_generator_X1":18.57692},{"data_generator_T":10.66,"data_generator_X1":39.043549},{"data_generator_T":10.673,"data_generator_X1":39.600376},{"data_generator_T":10.686,"data_generator_X1":28.730614},{"data_generator_T":10.699,"data_generator_X1":42.661114},{"data_generator_T":10.712,"data_generator_X1":56.501678},{"data_generator_T":10.725,"data_generator_X1":41.210308},{"data_generator_T":10.738,"data_generator_X1":28.27327},{"data_generator_T":10.751,"data_generator_X1":19.296041},{"data_generator_T":10.764,"data_generator_X1":13.182479},{"data_generator_T":10.777,"data_generator_X1":9.1249352},{"data_generator_T":10.79,"data_generator_X1":6.4708409},{"data_generator_T":10.803,"data_generator_X1":4.7581439},{"data_generator_T":10.816,"data_generator_X1":3.6637399},{"data_generator_T":10.829,"data_generator_X1":2.9843431},{"data_generator_T":10.842,"data_generator_X1":2.6745327},{"data_generator_T":10.855,"data_generator_X1":2.837239},{"data_generator_T":10.868,"data_generator_X1":3.5170434},{"data_generator_T":10.881,"data_generator_X1":4.6162806},{"data_generator_T":10.894,"data_generator_X1":6.3047037},{"data_generator_T":10.907,"data_generator_X1":9.5762901},{"data_generator_T":10.92,"data_generator_X1":17.816467},{"data_generator_T":10.933,"data_generator_X1":37.983372},{"data_generator_T":10.946,"data_generator_X1":40.192402},{"data_generator_T":10.959,"data_generator_X1":29.232994},{"data_generator_T":10.972,"data_generator_X1":40.037304},{"data_generator_T":10.985,"data_generator_X1":57.328278},{"data_generator_T":10.998,"data_generator_X1":42.007759},{"data_generator_T":11.011,"data_generator_X1":28.870216},{"data_generator_T":11.024,"data_generator_X1":19.706633},{"data_generator_T":11.037,"data_generator_X1":13.45752},{"data_generator_T":11.05,"data_generator_X1":9.3061438},{"data_generator_T":11.063,"data_generator_X1":6.5884929},{"data_generator_T":11.076,"data_generator_X1":4.8336473},{"data_generator_T":11.089,"data_generator_X1":3.7117341},{"data_generator_T":11.102,"data_generator_X1":3.0124691},{"data_generator_T":11.115,"data_generator_X1":2.6804655},{"data_generator_T":11.128,"data_generator_X1":2.8143961},{"data_generator_T":11.141,"data_generator_X1":3.4681051},{"data_generator_T":11.154,"data_generator_X1":4.5448985},{"data_generator_T":11.167,"data_generator_X1":6.1855173},{"data_generator_T":11.18,"data_generator_X1":9.3195286},{"data_generator_T":11.193,"data_generator_X1":17.100677},{"data_generator_T":11.206,"data_generator_X1":36.839733},{"data_generator_T":11.219,"data_generator_X1":40.758331},{"data_generator_T":11.232,"data_generator_X1":29.755665},{"data_generator_T":11.245,"data_generator_X1":37.507252},{"data_generator_T":11.258,"data_generator_X1":58.090683},{"data_generator_T":11.271,"data_generator_X1":42.806217},{"data_generator_T":11.284,"data_generator_X1":29.480284},{"data_generator_T":11.297,"data_generator_X1":20.125912},{"data_generator_T":11.31,"data_generator_X1":13.738823},{"data_generator_T":11.323,"data_generator_X1":9.4916172},{"data_generator_T":11.336,"data_generator_X1":6.7090068},{"data_generator_T":11.349,"data_generator_X1":4.911027},{"data_generator_T":11.362,"data_generator_X1":3.7609618},{"data_generator_T":11.375,"data_generator_X1":3.0416512},{"data_generator_T":11.388,"data_generator_X1":2.6878116},{"data_generator_T":11.401,"data_generator_X1":2.7931809},{"data_generator_T":11.414,"data_generator_X1":3.4203794},{"data_generator_T":11.427,"data_generator_X1":4.4750252},{"data_generator_T":11.44,"data_generator_X1":6.0704188},{"data_generator_T":11.453,"data_generator_X1":9.0749502},{"data_generator_T":11.466,"data_generator_X1":16.427141},{"data_generator_T":11.479,"data_generator_X1":35.630066},{"data_generator_T":11.492,"data_generator_X1":41.290657},{"data_generator_T":11.505,"data_generator_X1":30.295458},{"data_generator_T":11.518,"data_generator_X1":35.141396},{"data_generator_T":11.531,"data_generator_X1":58.76582},{"data_generator_T":11.544,"data_generator_X1":43.604881},{"data_generator_T":11.557,"data_generator_X1":30.103861},{"data_generator_T":11.57,"data_generator_X1":20.553997},{"data_generator_T":11.583,"data_generator_X1":14.02652},{"data_generator_T":11.596,"data_generator_X1":9.6814489},{"data_generator_T":11.609,"data_generator_X1":6.832448},{"data_generator_T":11.622,"data_generator_X1":4.9903288},{"data_generator_T":11.635,"data_generator_X1":3.8114486},{"data_generator_T":11.648,"data_generator_X1":3.0718834},{"data_generator_T":11.661,"data_generator_X1":2.6965461},{"data_generator_T":11.674,"data_generator_X1":2.7736003},{"data_generator_T":11.687,"data_generator_X1":3.3738887},{"data_generator_T":11.7,"data_generator_X1":4.4065952},{"data_generator_T":11.713,"data_generator_X1":5.9591804},{"data_generator_T":11.726,"data_generator_X1":8.8417912},{"data_generator_T":11.739,"data_generator_X1":15.793405},{"data_generator_T":11.752,"data_generator_X1":34.372635},{"data_generator_T":11.765,"data_generator_X1":41.781132},{"data_generator_T":11.778,"data_generator_X1":30.850044},{"data_generator_T":11.791,"data_generator_X1":33.001892},{"data_generator_T":11.804,"data_generator_X1":59.328796},{"data_generator_T":11.817,"data_generator_X1":44.403431},{"data_generator_T":11.83,"data_generator_X1":30.741301},{"data_generator_T":11.843,"data_generator_X1":20.991007},{"data_generator_T":11.856,"data_generator_X1":14.320743},{"data_generator_T":11.869,"data_generator_X1":9.8757305},{"data_generator_T":11.882,"data_generator_X1":6.9588838},{"data_generator_T":11.895,"data_generator_X1":5.0715976},{"data_generator_T":11.908,"data_generator_X1":3.8632219},{"data_generator_T":11.921,"data_generator_X1":3.1031609},{"data_generator_T":11.934,"data_generator_X1":2.7066441},{"data_generator_T":11.947,"data_generator_X1":2.7556593},{"data_generator_T":11.96,"data_generator_X1":3.3286576},{"data_generator_T":11.973,"data_generator_X1":4.3395519},{"data_generator_T":11.986,"data_generator_X1":5.8515873},{"data_generator_T":11.999,"data_generator_X1":8.6193438},{"data_generator_T":12.012,"data_generator_X1":15.197036},{"data_generator_T":12.025,"data_generator_X1":33.085552},{"data_generator_T":12.038,"data_generator_X1":42.220821},{"data_generator_T":12.051,"data_generator_X1":31.417704},{"data_generator_T":12.064,"data_generator_X1":31.139698},{"data_generator_T":12.077,"data_generator_X1":59.753265},{"data_generator_T":12.09,"data_generator_X1":45.202145},{"data_generator_T":12.103,"data_generator_X1":31.392893},{"data_generator_T":12.116,"data_generator_X1":21.437057},{"data_generator_T":12.129,"data_generator_X1":14.621629},{"data_generator_T":12.142,"data_generator_X1":10.074557},{"data_generator_T":12.155,"data_generator_X1":7.0883808},{"data_generator_T":12.168,"data_generator_X1":5.154881},{"data_generator_T":12.181,"data_generator_X1":3.9163096},{"data_generator_T":12.194,"data_generator_X1":3.1354809},{"data_generator_T":12.207,"data_generator_X1":2.7180798},{"data_generator_T":12.22,"data_generator_X1":2.7393594},{"data_generator_T":12.233,"data_generator_X1":3.2847123},{"data_generator_T":12.246,"data_generator_X1":4.2738433},{"data_generator_T":12.259,"data_generator_X1":5.7474365},{"data_generator_T":12.272,"data_generator_X1":8.406949},{"data_generator_T":12.285,"data_generator_X1":14.635655},{"data_generator_T":12.298,"data_generator_X1":31.785904},{"data_generator_T":12.311,"data_generator_X1":42.600235},{"data_generator_T":12.324,"data_generator_X1":31.997147},{"data_generator_T":12.337,"data_generator_X1":29.590986},{"data_generator_T":12.35,"data_generator_X1":60.011757},{"data_generator_T":12.363,"data_generator_X1":46.001999},{"data_generator_T":12.376,"data_generator_X1":32.058842},{"data_generator_T":12.389,"data_generator_X1":21.892279},{"data_generator_T":12.402,"data_generator_X1":14.929316},{"data_generator_T":12.415,"data_generator_X1":10.278028},{"data_generator_T":12.428,"data_generator_X1":7.2210093},{"data_generator_T":12.441,"data_generator_X1":5.2402267},{"data_generator_T":12.454,"data_generator_X1":3.9707417},{"data_generator_T":12.467,"data_generator_X1":3.168843},{"data_generator_T":12.48,"data_generator_X1":2.730829},{"data_generator_T":12.493,"data_generator_X1":2.7247005},{"data_generator_T":12.506,"data_generator_X1":3.2420797},{"data_generator_T":12.519,"data_generator_X1":4.209425},{"data_generator_T":12.532,"data_generator_X1":5.6465368},{"data_generator_T":12.545,"data_generator_X1":8.2039995},{"data_generator_T":12.558,"data_generator_X1":14.106974},{"data_generator_T":12.571,"data_generator_X1":30.489107},{"data_generator_T":12.584,"data_generator_X1":42.909462},{"data_generator_T":12.597,"data_generator_X1":32.587368},{"data_generator_T":12.61,"data_generator_X1":28.373341},{"data_generator_T":12.623,"data_generator_X1":60.076103},{"data_generator_T":12.636,"data_generator_X1":46.804684},{"data_generator_T":12.649,"data_generator_X1":32.739227},{"data_generator_T":12.662,"data_generator_X1":22.356804},{"data_generator_T":12.675,"data_generator_X1":15.243941},{"data_generator_T":12.688,"data_generator_X1":10.486239},{"data_generator_T":12.701,"data_generator_X1":7.3568387},{"data_generator_T":12.714,"data_generator_X1":5.3276839},{"data_generator_T":12.727,"data_generator_X1":4.0265484},{"data_generator_T":12.74,"data_generator_X1":3.2032483},{"data_generator_T":12.753,"data_generator_X1":2.7448666},{"data_generator_T":12.766,"data_generator_X1":2.711679},{"data_generator_T":12.779,"data_generator_X1":3.2007875},{"data_generator_T":12.792,"data_generator_X1":4.1462584},{"data_generator_T":12.805,"data_generator_X1":5.548707},{"data_generator_T":12.818,"data_generator_X1":8.0099287},{"data_generator_T":12.831,"data_generator_X1":13.608805},{"data_generator_T":12.844,"data_generator_X1":29.208502},{"data_generator_T":12.857,"data_generator_X1":43.138374},{"data_generator_T":12.87,"data_generator_X1":33.187546},{"data_generator_T":12.883,"data_generator_X1":27.483021},{"data_generator_T":12.896,"data_generator_X1":59.917988},{"data_generator_T":12.909,"data_generator_X1":47.612572},{"data_generator_T":12.922,"data_generator_X1":33.434002},{"data_generator_T":12.935,"data_generator_X1":22.83078},{"data_generator_T":12.948,"data_generator_X1":15.565646},{"data_generator_T":12.961,"data_generator_X1":10.699293},{"data_generator_T":12.974,"data_generator_X1":7.4959412},{"data_generator_T":12.987,"data_generator_X1":5.4173017},{"data_generator_T":13.0,"data_generator_X1":4.0837622}]