[{"data_set_T":0.0,"data_set_KO":0.0,"data_set_NAI":0.0},{"data_set_T":1.0,"data_set_KO":3.0322165,"data_set_NAI":0.070679165},{"data_set_T":2.0,"data_set_KO":3.8129456,"data_set_NAI":0.14127508},{"data_set_T":3.0,"data_set_KO":4.0122919,"data_set_NAI":0.21181965},{"data_set_T":4.0,"data_set_KO":4.0628548,"data_set_NAI":0.28234473},{"data_set_T":5.0,"data_set_KO":4.0755968,"data_set_NAI":0.35286117},{"data_set_T":6.0,"data_set_KO":4.0787439,"data_set_NAI":0.42337191},{"data_set_T":7.0,"data_set_KO":4.0794587,"data_set_NAI":0.49387765},{"data_set_T":8.0,"data_set_KO":4.079556,"data_set_NAI":0.5643785},{"data_set_T":9.0,"data_set_KO":4.0794969,"data_set_NAI":0.63487434},{"data_set_T":10.0,"data_set_KO":4.0793977,"data_set_NAI":0.70536512},{"data_set_T":11.0,"data_set_KO":4.079288,"data_set_NAI":0.77585071},{"data_set_T":12.0,"data_set_KO":4.079175,"data_set_NAI":0.84633094},{"data_set_T":13.0,"data_set_KO":4.0790615,"data_set_NAI":0.9168058},{"data_set_T":14.0,"data_set_KO":4.0789466,"data_set_NAI":0.98727506},{"data_set_T":15.0,"data_set_KO":4.0788317,"data_set_NAI":1.0577387},{"data_set_T":16.0,"data_set_KO":4.0787163,"data_set_NAI":1.1281964},{"data_set_T":17.0,"data_set_KO":4.0786004,"data_set_NAI":1.1986482},{"data_set_T":18.0,"data_set_KO":4.0784836,"data_set_NAI":1.2690939},{"data_set_T":19.0,"data_set_KO":4.0783668,"data_set_NAI":1.3395332},{"data_set_T":20.0,"data_set_KO":4.078249,"data_set_NAI":1.4099662},{"data_set_T":21.0,"data_set_KO":4.0781307,"data_set_NAI":1.4803927},{"data_set_T":22.0,"data_set_KO":4.078012,"data_set_NAI":1.5508125},{"data_set_T":23.0,"data_set_KO":4.0778928,"data_set_NAI":1.6212254},{"data_set_T":24.0,"data_set_KO":4.0777731,"data_set_NAI":1.6916312},{"data_set_T":25.0,"data_set_KO":4.0776525,"data_set_NAI":1.7620299},{"data_set_T":26.0,"data_set_KO":4.0775313,"data_set_NAI":1.8324213},{"data_set_T":27.0,"data_set_KO":4.0774097,"data_set_NAI":1.9028051},{"data_set_T":28.0,"data_set_KO":4.0772872,"data_set_NAI":1.9731811},{"data_set_T":29.0,"data_set_KO":4.0771642,"data_set_NAI":2.0435493},{"data_set_T":30.0,"data_set_KO":4.0770407,"data_set_NAI":2.1139095},{"data_set_T":31.0,"data_set_KO":4.0769162,"data_set_NAI":2.1842613},{"data_set_T":32.0,"data_set_KO":4.0767913,"data_set_NAI":2.2546048},{"data_set_T":33.0,"data_set_KO":4.0766654,"data_set_NAI":2.3249395},{"data_set_T":34.0,"data_set_KO":4.076539,"data_set_NAI":2.3952653},{"data_set_T":35.0,"data_set_KO":4.0764117,"data_set_NAI":2.4655824},{"data_set_T":36.0,"data_set_KO":4.0762835,"data_set_NAI":2.5358899},{"data_set_T":37.0,"data_set_KO":4.0761547,"data_set_NAI":2.6061878},{"data_set_T":38.0,"data_set_KO":4.0760255,"data_set_NAI":2.6764762},{"data_set_T":39.0,"data_set_KO":4.0758948,"data_set_NAI":2.7467546},{"data_set_T":40.0,"data_set_KO":4.0757637,"data_set_NAI":2.8170228},{"data_set_T":41.0,"data_set_KO":4.0756316,"data_set_NAI":2.8872807},{"data_set_T":42.0,"data_set_KO":4.0754991,"data_set_NAI":2.9575279},{"data_set_T":43.0,"data_set_KO":4.0753651,"data_set_NAI":3.0277641},{"data_set_T":44.0,"data_set_KO":4.0752306,"data_set_NAI":3.0979891},{"data_set_T":45.0,"data_set_KO":4.0750952,"data_set_NAI":3.1682029},{"data_set_T":46.0,"data_set_KO":4.0749583,"data_set_NAI":3.2384048},{"data_set_T":47.0,"data_set_KO":4.074821,"data_set_NAI":3.3085949},{"data_set_T":48.0,"data_set_KO":4.0746827,"data_set_NAI":3.3787725},{"data_set_T":49.0,"data_set_KO":4.074543,"data_set_NAI":3.4489379},{"data_set_T":50.0,"data_set_KO":4.0744028,"data_set_NAI":3.5190904},{"data_set_T":51.0,"data_set_KO":4.0742612,"data_set_NAI":3.5892296},{"data_set_T":52.0,"data_set_KO":4.0741186,"data_set_NAI":3.6593554},{"data_set_T":53.0,"data_set_KO":4.0739751,"data_set_NAI":3.7294676},{"data_set_T":54.0,"data_set_KO":4.0738301,"data_set_NAI":3.7995658},{"data_set_T":55.0,"data_set_KO":4.0736847,"data_set_NAI":3.8696494},{"data_set_T":56.0,"data_set_KO":4.0735373,"data_set_NAI":3.9397185},{"data_set_T":57.0,"data_set_KO":4.0733891,"data_set_NAI":4.0097723},{"data_set_T":58.0,"data_set_KO":4.0732398,"data_set_NAI":4.0798111},{"data_set_T":59.0,"data_set_KO":4.0730891,"data_set_NAI":4.1498337},{"data_set_T":60.0,"data_set_KO":4.072937,"data_set_NAI":4.2198405},{"data_set_T":61.0,"data_set_KO":4.0727839,"data_set_NAI":4.2898307},{"data_set_T":62.0,"data_set_KO":4.0726295,"data_set_NAI":4.3598042},{"data_set_T":63.0,"data_set_KO":4.0724735,"data_set_NAI":4.42976},{"data_set_T":64.0,"data_set_KO":4.0723162,"data_set_NAI":4.4996986},{"data_set_T":65.0,"data_set_KO":4.0721574,"data_set_NAI":4.5696187},{"data_set_T":66.0,"data_set_KO":4.0719972,"data_set_NAI":4.6395206},{"data_set_T":67.0,"data_set_KO":4.071836,"data_set_NAI":4.7094035},{"data_set_T":68.0,"data_set_KO":4.0716729,"data_set_NAI":4.7792668},{"data_set_T":69.0,"data_set_KO":4.0715079,"data_set_NAI":4.8491106},{"data_set_T":70.0,"data_set_KO":4.071342,"data_set_NAI":4.9189339},{"data_set_T":71.0,"data_set_KO":4.0711741,"data_set_NAI":4.9887366},{"data_set_T":72.0,"data_set_KO":4.0710049,"data_set_NAI":5.0585184},{"data_set_T":73.0,"data_set_KO":4.0708337,"data_set_NAI":5.1282783},{"data_set_T":74.0,"data_set_KO":4.0706611,"data_set_NAI":5.1980157},{"data_set_T":75.0,"data_set_KO":4.0704865,"data_set_NAI":5.2677307},{"data_set_T":76.0,"data_set_KO":4.0703101,"data_set_NAI":5.3374224},{"data_set_T":77.0,"data_set_KO":4.0701318,"data_set_NAI":5.4070907},{"data_set_T":78.0,"data_set_KO":4.069952,"data_set_NAI":5.4767342},{"data_set_T":79.0,"data_set_KO":4.0697703,"data_set_NAI":5.5463533},{"data_set_T":80.0,"data_set_KO":4.0695863,"data_set_NAI":5.6159468},{"data_set_T":81.0,"data_set_KO":4.0694003,"data_set_NAI":5.685514},{"data_set_T":82.0,"data_set_KO":4.0692129,"data_set_NAI":5.755055},{"data_set_T":83.0,"data_set_KO":4.0690231,"data_set_NAI":5.8245687},{"data_set_T":84.0,"data_set_KO":4.068831,"data_set_NAI":5.8940544},{"data_set_T":85.0,"data_set_KO":4.0686369,"data_set_NAI":5.9635119},{"data_set_T":86.0,"data_set_KO":4.0684404,"data_set_NAI":6.0329404},{"data_set_T":87.0,"data_set_KO":4.0682421,"data_set_NAI":6.1023393},{"data_set_T":88.0,"data_set_KO":4.0680413,"data_set_NAI":6.1717076},{"data_set_T":89.0,"data_set_KO":4.0678382,"data_set_NAI":6.2410445},{"data_set_T":90.0,"data_set_KO":4.0676327,"data_set_NAI":6.3103499},{"data_set_T":91.0,"data_set_KO":4.0674248,"data_set_NAI":6.3796229},{"data_set_T":92.0,"data_set_KO":4.067214,"data_set_NAI":6.4488626},{"data_set_T":93.0,"data_set_KO":4.0670013,"data_set_NAI":6.5180683},{"data_set_T":94.0,"data_set_KO":4.0667858,"data_set_NAI":6.5872388},{"data_set_T":95.0,"data_set_KO":4.0665674,"data_set_NAI":6.6563745},{"data_set_T":96.0,"data_set_KO":4.0663466,"data_set_NAI":6.7254734},{"data_set_T":97.0,"data_set_KO":4.066123,"data_set_NAI":6.7945352},{"data_set_T":98.0,"data_set_KO":4.0658965,"data_set_NAI":6.8635588},{"data_set_T":99.0,"data_set_KO":4.0656672,"data_set_NAI":6.9325442},{"data_set_T":100.0,"data_set_KO":4.0654349,"data_set_NAI":7.0014892},{"data_set_T":101.0,"data_set_KO":4.0651999,"data_set_NAI":7.070394},{"data_set_T":102.0,"data_set_KO":4.0649614,"data_set_NAI":7.1392574},{"data_set_T":103.0,"data_set_KO":4.0647202,"data_set_NAI":7.2080784},{"data_set_T":104.0,"data_set_KO":4.0644755,"data_set_NAI":7.2768559},{"data_set_T":105.0,"data_set_KO":4.0642276,"data_set_NAI":7.3455892},{"data_set_T":106.0,"data_set_KO":4.0639768,"data_set_NAI":7.4142776},{"data_set_T":107.0,"data_set_KO":4.0637221,"data_set_NAI":7.4829192},{"data_set_T":108.0,"data_set_KO":4.0634646,"data_set_NAI":7.5515137},{"data_set_T":109.0,"data_set_KO":4.0632033,"data_set_NAI":7.62006},{"data_set_T":110.0,"data_set_KO":4.0629382,"data_set_NAI":7.6885567},{"data_set_T":111.0,"data_set_KO":4.0626698,"data_set_NAI":7.7570033},{"data_set_T":112.0,"data_set_KO":4.0623975,"data_set_NAI":7.825398},{"data_set_T":113.0,"data_set_KO":4.0621214,"data_set_NAI":7.8937402},{"data_set_T":114.0,"data_set_KO":4.0618415,"data_set_NAI":7.962029},{"data_set_T":115.0,"data_set_KO":4.0615578,"data_set_NAI":8.030262},{"data_set_T":116.0,"data_set_KO":4.0612702,"data_set_NAI":8.0984392},{"data_set_T":117.0,"data_set_KO":4.0609784,"data_set_NAI":8.1665592},{"data_set_T":118.0,"data_set_KO":4.0606823,"data_set_NAI":8.234621},{"data_set_T":119.0,"data_set_KO":4.0603824,"data_set_NAI":8.3026218},{"data_set_T":120.0,"data_set_KO":4.0600777,"data_set_NAI":8.3705626},{"data_set_T":121.0,"data_set_KO":4.0597687,"data_set_NAI":8.4384403},{"data_set_T":122.0,"data_set_KO":4.0594554,"data_set_NAI":8.5062542},{"data_set_T":123.0,"data_set_KO":4.0591373,"data_set_NAI":8.5740032},{"data_set_T":124.0,"data_set_KO":4.058815,"data_set_NAI":8.6416855},{"data_set_T":125.0,"data_set_KO":4.0584874,"data_set_NAI":8.7093},{"data_set_T":126.0,"data_set_KO":4.0581555,"data_set_NAI":8.776845},{"data_set_T":127.0,"data_set_KO":4.0578184,"data_set_NAI":8.8443184},{"data_set_T":128.0,"data_set_KO":4.0574765,"data_set_NAI":8.9117203},{"data_set_T":129.0,"data_set_KO":4.0571294,"data_set_NAI":8.9790487},{"data_set_T":130.0,"data_set_KO":4.0567775,"data_set_NAI":9.0463018},{"data_set_T":131.0,"data_set_KO":4.0564198,"data_set_NAI":9.1134768},{"data_set_T":132.0,"data_set_KO":4.056057,"data_set_NAI":9.1805744},{"data_set_T":133.0,"data_set_KO":4.0556889,"data_set_NAI":9.247591},{"data_set_T":134.0,"data_set_KO":4.055315,"data_set_NAI":9.3145266},{"data_set_T":135.0,"data_set_KO":4.0549359,"data_set_NAI":9.3813782},{"data_set_T":136.0,"data_set_KO":4.0545506,"data_set_NAI":9.4481449},{"data_set_T":137.0,"data_set_KO":4.0541596,"data_set_NAI":9.5148249},{"data_set_T":138.0,"data_set_KO":4.0537629,"data_set_NAI":9.5814161},{"data_set_T":139.0,"data_set_KO":4.0533605,"data_set_NAI":9.6479158},{"data_set_T":140.0,"data_set_KO":4.0529513,"data_set_NAI":9.714325},{"data_set_T":141.0,"data_set_KO":4.0525365,"data_set_NAI":9.7806387},{"data_set_T":142.0,"data_set_KO":4.052115,"data_set_NAI":9.8468561},{"data_set_T":143.0,"data_set_KO":4.0516872,"data_set_NAI":9.9129763},{"data_set_T":144.0,"data_set_KO":4.0512528,"data_set_NAI":9.9789972},{"data_set_T":145.0,"data_set_KO":4.0508118,"data_set_NAI":10.044915},{"data_set_T":146.0,"data_set_KO":4.0503645,"data_set_NAI":10.110729},{"data_set_T":147.0,"data_set_KO":4.0499101,"data_set_NAI":10.176438},{"data_set_T":148.0,"data_set_KO":4.049449,"data_set_NAI":10.242039},{"data_set_T":149.0,"data_set_KO":4.0489807,"data_set_NAI":10.307528},{"data_set_T":150.0,"data_set_KO":4.0485053,"data_set_NAI":10.372907},{"data_set_T":151.0,"data_set_KO":4.0480227,"data_set_NAI":10.438171},{"data_set_T":152.0,"data_set_KO":4.047533,"data_set_NAI":10.503319},{"data_set_T":153.0,"data_set_KO":4.0470357,"data_set_NAI":10.568347},{"data_set_T":154.0,"data_set_KO":4.0465312,"data_set_NAI":10.633255},{"data_set_T":155.0,"data_set_KO":4.0460186,"data_set_NAI":10.698039},{"data_set_T":156.0,"data_set_KO":4.0454984,"data_set_NAI":10.762697},{"data_set_T":157.0,"data_set_KO":4.044971,"data_set_NAI":10.827229},{"data_set_T":158.0,"data_set_KO":4.044435,"data_set_NAI":10.891629},{"data_set_T":159.0,"data_set_KO":4.0438914,"data_set_NAI":10.955896},{"data_set_T":160.0,"data_set_KO":4.0433393,"data_set_NAI":11.020029},{"data_set_T":161.0,"data_set_KO":4.0427794,"data_set_NAI":11.084024},{"data_set_T":162.0,"data_set_KO":4.0422111,"data_set_NAI":11.14788},{"data_set_T":163.0,"data_set_KO":4.0416346,"data_set_NAI":11.211592},{"data_set_T":164.0,"data_set_KO":4.0410495,"data_set_NAI":11.275159},{"data_set_T":165.0,"data_set_KO":4.0404553,"data_set_NAI":11.338578},{"data_set_T":166.0,"data_set_KO":4.0398531,"data_set_NAI":11.401848},{"data_set_T":167.0,"data_set_KO":4.0392418,"data_set_NAI":11.464964},{"data_set_T":168.0,"data_set_KO":4.0386219,"data_set_NAI":11.527925},{"data_set_T":169.0,"data_set_KO":4.037993,"data_set_NAI":11.590727},{"data_set_T":170.0,"data_set_KO":4.0373549,"data_set_NAI":11.653368},{"data_set_T":171.0,"data_set_KO":4.0367079,"data_set_NAI":11.715845},{"data_set_T":172.0,"data_set_KO":4.0360518,"data_set_NAI":11.778156},{"data_set_T":173.0,"data_set_KO":4.0353861,"data_set_NAI":11.840299},{"data_set_T":174.0,"data_set_KO":4.0347114,"data_set_NAI":11.902268},{"data_set_T":175.0,"data_set_KO":4.0340271,"data_set_NAI":11.964063},{"data_set_T":176.0,"data_set_KO":4.0333333,"data_set_NAI":12.02568},{"data_set_T":177.0,"data_set_KO":4.03263,"data_set_NAI":12.087116},{"data_set_T":178.0,"data_set_KO":4.0319171,"data_set_NAI":12.148369},{"data_set_T":179.0,"data_set_KO":4.0311947,"data_set_NAI":12.209435},{"data_set_T":180.0,"data_set_KO":4.0304623,"data_set_NAI":12.270311},{"data_set_T":181.0,"data_set_KO":4.0297203,"data_set_NAI":12.330997},{"data_set_T":182.0,"data_set_KO":4.0289683,"data_set_NAI":12.391485},{"data_set_T":183.0,"data_set_KO":4.0282063,"data_set_NAI":12.451777},{"data_set_T":184.0,"data_set_KO":4.0274343,"data_set_NAI":12.511866},{"data_set_T":185.0,"data_set_KO":4.0266523,"data_set_NAI":12.571751},{"data_set_T":186.0,"data_set_KO":4.0258608,"data_set_NAI":12.631429},{"data_set_T":187.0,"data_set_KO":4.0250587,"data_set_NAI":12.690896},{"data_set_T":188.0,"data_set_KO":4.0242467,"data_set_NAI":12.75015},{"data_set_T":189.0,"data_set_KO":4.0234241,"data_set_NAI":12.809187},{"data_set_T":190.0,"data_set_KO":4.0225921,"data_set_NAI":12.868005},{"data_set_T":191.0,"data_set_KO":4.0217495,"data_set_NAI":12.9266},{"data_set_T":192.0,"data_set_KO":4.0208964,"data_set_NAI":12.98497},{"data_set_T":193.0,"data_set_KO":4.0200338,"data_set_NAI":13.04311},{"data_set_T":194.0,"data_set_KO":4.0191607,"data_set_NAI":13.101019},{"data_set_T":195.0,"data_set_KO":4.0182772,"data_set_NAI":13.158692},{"data_set_T":196.0,"data_set_KO":4.0173836,"data_set_NAI":13.216128},{"data_set_T":197.0,"data_set_KO":4.01648,"data_set_NAI":13.273323},{"data_set_T":198.0,"data_set_KO":4.0155663,"data_set_NAI":13.330273},{"data_set_T":199.0,"data_set_KO":4.0146422,"data_set_NAI":13.386976},{"data_set_T":200.0,"data_set_KO":4.0137081,"data_set_NAI":13.443429},{"data_set_T":201.0,"data_set_KO":4.012764,"data_set_NAI":13.499628},{"data_set_T":202.0,"data_set_KO":4.0118093,"data_set_NAI":13.555571},{"data_set_T":203.0,"data_set_KO":4.0108452,"data_set_NAI":13.611254},{"data_set_T":204.0,"data_set_KO":4.009871,"data_set_NAI":13.666675},{"data_set_T":205.0,"data_set_KO":4.0088868,"data_set_NAI":13.721829},{"data_set_T":206.0,"data_set_KO":4.0078931,"data_set_NAI":13.776716},{"data_set_T":207.0,"data_set_KO":4.0068893,"data_set_NAI":13.831331},{"data_set_T":208.0,"data_set_KO":4.0058761,"data_set_NAI":13.885672},{"data_set_T":209.0,"data_set_KO":4.0048528,"data_set_NAI":13.939735},{"data_set_T":210.0,"data_set_KO":4.0038204,"data_set_NAI":13.993518},{"data_set_T":211.0,"data_set_KO":4.0027785,"data_set_NAI":14.047018},{"data_set_T":212.0,"data_set_KO":4.0017271,"data_set_NAI":14.100232},{"data_set_T":213.0,"data_set_KO":4.0006666,"data_set_NAI":14.153157},{"data_set_T":214.0,"data_set_KO":3.9995973,"data_set_NAI":14.205791},{"data_set_T":215.0,"data_set_KO":3.9985187,"data_set_NAI":14.25813},{"data_set_T":216.0,"data_set_KO":3.9974313,"data_set_NAI":14.310172},{"data_set_T":217.0,"data_set_KO":3.996335,"data_set_NAI":14.361915},{"data_set_T":218.0,"data_set_KO":3.9952302,"data_set_NAI":14.413355},{"data_set_T":219.0,"data_set_KO":3.994117,"data_set_NAI":14.46449},{"data_set_T":220.0,"data_set_KO":3.9929953,"data_set_NAI":14.515318},{"data_set_T":221.0,"data_set_KO":3.9918656,"data_set_NAI":14.565836},{"data_set_T":222.0,"data_set_KO":3.9907279,"data_set_NAI":14.616041},{"data_set_T":223.0,"data_set_KO":3.9895823,"data_set_NAI":14.665932},{"data_set_T":224.0,"data_set_KO":3.9884291,"data_set_NAI":14.715505},{"data_set_T":225.0,"data_set_KO":3.9872684,"data_set_NAI":14.764758},{"data_set_T":226.0,"data_set_KO":3.9861004,"data_set_NAI":14.81369},{"data_set_T":227.0,"data_set_KO":3.9849253,"data_set_NAI":14.862298},{"data_set_T":228.0,"data_set_KO":3.9837432,"data_set_NAI":14.91058},{"data_set_T":229.0,"data_set_KO":3.9825544,"data_set_NAI":14.958532},{"data_set_T":230.0,"data_set_KO":3.9813592,"data_set_NAI":15.006156},{"data_set_T":231.0,"data_set_KO":3.9801576,"data_set_NAI":15.053446},{"data_set_T":232.0,"data_set_KO":3.97895,"data_set_NAI":15.100403},{"data_set_T":233.0,"data_set_KO":3.9777365,"data_set_NAI":15.147023},{"data_set_T":234.0,"data_set_KO":3.9765172,"data_set_NAI":15.193306},{"data_set_T":235.0,"data_set_KO":3.9752924,"data_set_NAI":15.239249},{"data_set_T":236.0,"data_set_KO":3.9740627,"data_set_NAI":15.284851},{"data_set_T":237.0,"data_set_KO":3.9728277,"data_set_NAI":15.330111},{"data_set_T":238.0,"data_set_KO":3.9715881,"data_set_NAI":15.375025},{"data_set_T":239.0,"data_set_KO":3.9703441,"data_set_NAI":15.419594},{"data_set_T":240.0,"data_set_KO":3.9690957,"data_set_NAI":15.463816},{"data_set_T":241.0,"data_set_KO":3.9678433,"data_set_NAI":15.507689},{"data_set_T":242.0,"data_set_KO":3.9665873,"data_set_NAI":15.551214},{"data_set_T":243.0,"data_set_KO":3.9653277,"data_set_NAI":15.594387},{"data_set_T":244.0,"data_set_KO":3.9640648,"data_set_NAI":15.637208},{"data_set_T":245.0,"data_set_KO":3.9627991,"data_set_NAI":15.679677},{"data_set_T":246.0,"data_set_KO":3.9615304,"data_set_NAI":15.721791},{"data_set_T":247.0,"data_set_KO":3.9602592,"data_set_NAI":15.763552},{"data_set_T":248.0,"data_set_KO":3.958986,"data_set_NAI":15.804955},{"data_set_T":249.0,"data_set_KO":3.9577107,"data_set_NAI":15.846004},{"data_set_T":250.0,"data_set_KO":3.9564338,"data_set_NAI":15.886696},{"data_set_T":251.0,"data_set_KO":3.9551554,"data_set_NAI":15.92703},{"data_set_T":252.0,"data_set_KO":3.9538758,"data_set_NAI":15.967007},{"data_set_T":253.0,"data_set_KO":3.9525952,"data_set_NAI":16.006624},{"data_set_T":254.0,"data_set_KO":3.9513142,"data_set_NAI":16.045885},{"data_set_T":255.0,"data_set_KO":3.9500325,"data_set_NAI":16.084785},{"data_set_T":256.0,"data_set_KO":3.948751,"data_set_NAI":16.123327},{"data_set_T":257.0,"data_set_KO":3.9474695,"data_set_NAI":16.16151},{"data_set_T":258.0,"data_set_KO":3.9461882,"data_set_NAI":16.199335},{"data_set_T":259.0,"data_set_KO":3.9449079,"data_set_NAI":16.236799},{"data_set_T":260.0,"data_set_KO":3.9436283,"data_set_NAI":16.273905},{"data_set_T":261.0,"data_set_KO":3.9423499,"data_set_NAI":16.310652},{"data_set_T":262.0,"data_set_KO":3.9410729,"data_set_NAI":16.347042},{"data_set_T":263.0,"data_set_KO":3.9397976,"data_set_NAI":16.383072},{"data_set_T":264.0,"data_set_KO":3.9385242,"data_set_NAI":16.418747},{"data_set_T":265.0,"data_set_KO":3.9372532,"data_set_NAI":16.454063},{"data_set_T":266.0,"data_set_KO":3.9359844,"data_set_NAI":16.489023},{"data_set_T":267.0,"data_set_KO":3.9347184,"data_set_NAI":16.523626},{"data_set_T":268.0,"data_set_KO":3.933455,"data_set_NAI":16.557877},{"data_set_T":269.0,"data_set_KO":3.9321949,"data_set_NAI":16.59177},{"data_set_T":270.0,"data_set_KO":3.9309382,"data_set_NAI":16.625313},{"data_set_T":271.0,"data_set_KO":3.9296851,"data_set_NAI":16.658501},{"data_set_T":272.0,"data_set_KO":3.9284358,"data_set_NAI":16.691338},{"data_set_T":273.0,"data_set_KO":3.9271905,"data_set_NAI":16.723825},{"data_set_T":274.0,"data_set_KO":3.9259496,"data_set_NAI":16.755962},{"data_set_T":275.0,"data_set_KO":3.9247131,"data_set_NAI":16.78775},{"data_set_T":276.0,"data_set_KO":3.9234812,"data_set_NAI":16.819193},{"data_set_T":277.0,"data_set_KO":3.9222543,"data_set_NAI":16.85029},{"data_set_T":278.0,"data_set_KO":3.9210324,"data_set_NAI":16.881042},{"data_set_T":279.0,"data_set_KO":3.919816,"data_set_NAI":16.911451},{"data_set_T":280.0,"data_set_KO":3.9186049,"data_set_NAI":16.941519},{"data_set_T":281.0,"data_set_KO":3.9173994,"data_set_NAI":16.971247},{"data_set_T":282.0,"data_set_KO":3.9161997,"data_set_NAI":17.000637},{"data_set_T":283.0,"data_set_KO":3.9150062,"data_set_NAI":17.02969},{"data_set_T":284.0,"data_set_KO":3.9138188,"data_set_NAI":17.058407},{"data_set_T":285.0,"data_set_KO":3.9126377,"data_set_NAI":17.086792},{"data_set_T":286.0,"data_set_KO":3.9114633,"data_set_NAI":17.114845},{"data_set_T":287.0,"data_set_KO":3.9102955,"data_set_NAI":17.142569},{"data_set_T":288.0,"data_set_KO":3.9091346,"data_set_NAI":17.169966},{"data_set_T":289.0,"data_set_KO":3.9079807,"data_set_NAI":17.197035},{"data_set_T":290.0,"data_set_KO":3.9068336,"data_set_NAI":17.223782},{"data_set_T":291.0,"data_set_KO":3.9056942,"data_set_NAI":17.250206},{"data_set_T":292.0,"data_set_KO":3.904562,"data_set_NAI":17.276312},{"data_set_T":293.0,"data_set_KO":3.9034374,"data_set_NAI":17.302097},{"data_set_T":294.0,"data_set_KO":3.9023201,"data_set_NAI":17.32757},{"data_set_T":295.0,"data_set_KO":3.901211,"data_set_NAI":17.352728},{"data_set_T":296.0,"data_set_KO":3.9001095,"data_set_NAI":17.377573},{"data_set_T":297.0,"data_set_KO":3.8990161,"data_set_NAI":17.402111},{"data_set_T":298.0,"data_set_KO":3.8979309,"data_set_NAI":17.426342},{"data_set_T":299.0,"data_set_KO":3.8968537,"data_set_NAI":17.450268},{"data_set_T":300.0,"data_set_KO":3.8957849,"data_set_NAI":17.473892},{"data_set_T":301.0,"data_set_KO":3.8947244,"data_set_NAI":17.497215},{"data_set_T":302.0,"data_set_KO":3.8936725,"data_set_NAI":17.520243},{"data_set_T":303.0,"data_set_KO":3.8926289,"data_set_NAI":17.542973},{"data_set_T":304.0,"data_set_KO":3.8915939,"data_set_NAI":17.565411},{"data_set_T":305.0,"data_set_KO":3.8905678,"data_set_NAI":17.587559},{"data_set_T":306.0,"data_set_KO":3.8895502,"data_set_NAI":17.609419},{"data_set_T":307.0,"data_set_KO":3.8885415,"data_set_NAI":17.630995},{"data_set_T":308.0,"data_set_KO":3.8875415,"data_set_NAI":17.652287},{"data_set_T":309.0,"data_set_KO":3.8865504,"data_set_NAI":17.673298},{"data_set_T":310.0,"data_set_KO":3.8855684,"data_set_NAI":17.694031},{"data_set_T":311.0,"data_set_KO":3.8845954,"data_set_NAI":17.714487},{"data_set_T":312.0,"data_set_KO":3.8836312,"data_set_NAI":17.734673},{"data_set_T":313.0,"data_set_KO":3.8826764,"data_set_NAI":17.754587},{"data_set_T":314.0,"data_set_KO":3.8817303,"data_set_NAI":17.774233},{"data_set_T":315.0,"data_set_KO":3.8807936,"data_set_NAI":17.793615},{"data_set_T":316.0,"data_set_KO":3.8798659,"data_set_NAI":17.812733},{"data_set_T":317.0,"data_set_KO":3.8789473,"data_set_NAI":17.831591},{"data_set_T":318.0,"data_set_KO":3.8780379,"data_set_NAI":17.850193},{"data_set_T":319.0,"data_set_KO":3.8771377,"data_set_NAI":17.868538},{"data_set_T":320.0,"data_set_KO":3.8762467,"data_set_NAI":17.886631},{"data_set_T":321.0,"data_set_KO":3.8753648,"data_set_NAI":17.904474},{"data_set_T":322.0,"data_set_KO":3.8744922,"data_set_NAI":17.92207},{"data_set_T":323.0,"data_set_KO":3.8736286,"data_set_NAI":17.939423},{"data_set_T":324.0,"data_set_KO":3.8727744,"data_set_NAI":17.956532},{"data_set_T":325.0,"data_set_KO":3.8719292,"data_set_NAI":17.9734},{"data_set_T":326.0,"data_set_KO":3.871093,"data_set_NAI":17.990034},{"data_set_T":327.0,"data_set_KO":3.8702662,"data_set_NAI":18.006432},{"data_set_T":328.0,"data_set_KO":3.8694482,"data_set_NAI":18.022598},{"data_set_T":329.0,"data_set_KO":3.8686395,"data_set_NAI":18.038536},{"data_set_T":330.0,"data_set_KO":3.8678398,"data_set_NAI":18.054247},{"data_set_T":331.0,"data_set_KO":3.8670492,"data_set_NAI":18.069733},{"data_set_T":332.0,"data_set_KO":3.8662677,"data_set_NAI":18.084997},{"data_set_T":333.0,"data_set_KO":3.865495,"data_set_NAI":18.100044},{"data_set_T":334.0,"data_set_KO":3.8647313,"data_set_NAI":18.114874},{"data_set_T":335.0,"data_set_KO":3.8639767,"data_set_NAI":18.129488},{"data_set_T":336.0,"data_set_KO":3.8632307,"data_set_NAI":18.143892},{"data_set_T":337.0,"data_set_KO":3.8624938,"data_set_NAI":18.158087},{"data_set_T":338.0,"data_set_KO":3.8617654,"data_set_NAI":18.172075},{"data_set_T":339.0,"data_set_KO":3.8610458,"data_set_NAI":18.18586},{"data_set_T":340.0,"data_set_KO":3.8603349,"data_set_NAI":18.199442},{"data_set_T":341.0,"data_set_KO":3.8596327,"data_set_NAI":18.212826},{"data_set_T":342.0,"data_set_KO":3.8589392,"data_set_NAI":18.226011},{"data_set_T":343.0,"data_set_KO":3.8582542,"data_set_NAI":18.239004},{"data_set_T":344.0,"data_set_KO":3.8575776,"data_set_NAI":18.251804},{"data_set_T":345.0,"data_set_KO":3.8569095,"data_set_NAI":18.264416},{"data_set_T":346.0,"data_set_KO":3.8562496,"data_set_NAI":18.276838},{"data_set_T":347.0,"data_set_KO":3.8555982,"data_set_NAI":18.289078},{"data_set_T":348.0,"data_set_KO":3.8549552,"data_set_NAI":18.301134},{"data_set_T":349.0,"data_set_KO":3.8543203,"data_set_NAI":18.313009},{"data_set_T":350.0,"data_set_KO":3.8536935,"data_set_NAI":18.324709},{"data_set_T":351.0,"data_set_KO":3.8530748,"data_set_NAI":18.336231},{"data_set_T":352.0,"data_set_KO":3.852464,"data_set_NAI":18.34758},{"data_set_T":353.0,"data_set_KO":3.8518612,"data_set_NAI":18.358759},{"data_set_T":354.0,"data_set_KO":3.8512666,"data_set_NAI":18.369768},{"data_set_T":355.0,"data_set_KO":3.8506796,"data_set_NAI":18.380611},{"data_set_T":356.0,"data_set_KO":3.8501003,"data_set_NAI":18.391291},{"data_set_T":357.0,"data_set_KO":3.8495288,"data_set_NAI":18.401806},{"data_set_T":358.0,"data_set_KO":3.8489649,"data_set_NAI":18.412163},{"data_set_T":359.0,"data_set_KO":3.8484087,"data_set_NAI":18.422361},{"data_set_T":360.0,"data_set_KO":3.8478599,"data_set_NAI":18.432404},{"data_set_T":361.0,"data_set_KO":3.8473184,"data_set_NAI":18.442293},{"data_set_T":362.0,"data_set_KO":3.8467844,"data_set_NAI":18.45203},{"data_set_T":363.0,"data_set_KO":3.8462577,"data_set_NAI":18.461618},{"data_set_T":364.0,"data_set_KO":3.8457382,"data_set_NAI":18.471058},{"data_set_T":365.0,"data_set_KO":3.8452258,"data_set_NAI":18.480354},{"data_set_T":366.0,"data_set_KO":3.8447204,"data_set_NAI":18.489506},{"data_set_T":367.0,"data_set_KO":3.8442221,"data_set_NAI":18.498516},{"data_set_T":368.0,"data_set_KO":3.8437307,"data_set_NAI":18.507385},{"data_set_T":369.0,"data_set_KO":3.8432462,"data_set_NAI":18.516119},{"data_set_T":370.0,"data_set_KO":3.8427684,"data_set_NAI":18.524715},{"data_set_T":371.0,"data_set_KO":3.8422976,"data_set_NAI":18.53318},{"data_set_T":372.0,"data_set_KO":3.8418331,"data_set_NAI":18.541512},{"data_set_T":373.0,"data_set_KO":3.8413754,"data_set_NAI":18.549713},{"data_set_T":374.0,"data_set_KO":3.840924,"data_set_NAI":18.557787},{"data_set_T":375.0,"data_set_KO":3.8404794,"data_set_NAI":18.565735},{"data_set_T":376.0,"data_set_KO":3.8400409,"data_set_NAI":18.573557},{"data_set_T":377.0,"data_set_KO":3.8396087,"data_set_NAI":18.581257},{"data_set_T":378.0,"data_set_KO":3.8391826,"data_set_NAI":18.588837},{"data_set_T":379.0,"data_set_KO":3.838763,"data_set_NAI":18.596296},{"data_set_T":380.0,"data_set_KO":3.8383491,"data_set_NAI":18.60364},{"data_set_T":381.0,"data_set_KO":3.8379414,"data_set_NAI":18.610867},{"data_set_T":382.0,"data_set_KO":3.8375397,"data_set_NAI":18.617979},{"data_set_T":383.0,"data_set_KO":3.8371437,"data_set_NAI":18.624979},{"data_set_T":384.0,"data_set_KO":3.8367536,"data_set_NAI":18.631868},{"data_set_T":385.0,"data_set_KO":3.8363693,"data_set_NAI":18.638649},{"data_set_T":386.0,"data_set_KO":3.8359904,"data_set_NAI":18.645321},{"data_set_T":387.0,"data_set_KO":3.8356173,"data_set_NAI":18.651888},{"data_set_T":388.0,"data_set_KO":3.8352497,"data_set_NAI":18.65835},{"data_set_T":389.0,"data_set_KO":3.8348875,"data_set_NAI":18.664709},{"data_set_T":390.0,"data_set_KO":3.8345306,"data_set_NAI":18.670967},{"data_set_T":391.0,"data_set_KO":3.8341792,"data_set_NAI":18.677126},{"data_set_T":392.0,"data_set_KO":3.833833,"data_set_NAI":18.683186},{"data_set_T":393.0,"data_set_KO":3.833492,"data_set_NAI":18.689148},{"data_set_T":394.0,"data_set_KO":3.8331561,"data_set_NAI":18.695017},{"data_set_T":395.0,"data_set_KO":3.8328252,"data_set_NAI":18.70079},{"data_set_T":396.0,"data_set_KO":3.8324993,"data_set_NAI":18.70647},{"data_set_T":397.0,"data_set_KO":3.8321784,"data_set_NAI":18.712061},{"data_set_T":398.0,"data_set_KO":3.8318622,"data_set_NAI":18.717562},{"data_set_T":399.0,"data_set_KO":3.8315508,"data_set_NAI":18.722973},{"data_set_T":400.0,"data_set_KO":3.8312442,"data_set_NAI":18.728298},{"data_set_T":401.0,"data_set_KO":3.8309424,"data_set_NAI":18.733536},{"data_set_T":402.0,"data_set_KO":3.8306451,"data_set_NAI":18.738691},{"data_set_T":403.0,"data_set_KO":3.8303523,"data_set_NAI":18.743761},{"data_set_T":404.0,"data_set_KO":3.8300641,"data_set_NAI":18.748751},{"data_set_T":405.0,"data_set_KO":3.8297801,"data_set_NAI":18.75366},{"data_set_T":406.0,"data_set_KO":3.8295007,"data_set_NAI":18.75849},{"data_set_T":407.0,"data_set_KO":3.8292253,"data_set_NAI":18.763239},{"data_set_T":408.0,"data_set_KO":3.8289545,"data_set_NAI":18.767914},{"data_set_T":409.0,"data_set_KO":3.8286877,"data_set_NAI":18.772512},{"data_set_T":410.0,"data_set_KO":3.8284249,"data_set_NAI":18.777037},{"data_set_T":411.0,"data_set_KO":3.8281665,"data_set_NAI":18.781487},{"data_set_T":412.0,"data_set_KO":3.8279119,"data_set_NAI":18.785864},{"data_set_T":413.0,"data_set_KO":3.8276613,"data_set_NAI":18.790171},{"data_set_T":414.0,"data_set_KO":3.8274145,"data_set_NAI":18.794407},{"data_set_T":415.0,"data_set_KO":3.8271718,"data_set_NAI":18.798574},{"data_set_T":416.0,"data_set_KO":3.8269327,"data_set_NAI":18.802675},{"data_set_T":417.0,"data_set_KO":3.8266973,"data_set_NAI":18.806707},{"data_set_T":418.0,"data_set_KO":3.8264656,"data_set_NAI":18.810675},{"data_set_T":419.0,"data_set_KO":3.8262377,"data_set_NAI":18.814577},{"data_set_T":420.0,"data_set_KO":3.8260133,"data_set_NAI":18.818415},{"data_set_T":421.0,"data_set_KO":3.8257923,"data_set_NAI":18.822191},{"data_set_T":422.0,"data_set_KO":3.8255749,"data_set_NAI":18.825905},{"data_set_T":423.0,"data_set_KO":3.825361,"data_set_NAI":18.829557},{"data_set_T":424.0,"data_set_KO":3.8251503,"data_set_NAI":18.833151},{"data_set_T":425.0,"data_set_KO":3.8249431,"data_set_NAI":18.836685},{"data_set_T":426.0,"data_set_KO":3.824739,"data_set_NAI":18.840162},{"data_set_T":427.0,"data_set_KO":3.8245382,"data_set_NAI":18.84358},{"data_set_T":428.0,"data_set_KO":3.8243406,"data_set_NAI":18.846945},{"data_set_T":429.0,"data_set_KO":3.8241463,"data_set_NAI":18.850252},{"data_set_T":430.0,"data_set_KO":3.8239548,"data_set_NAI":18.853506},{"data_set_T":431.0,"data_set_KO":3.8237665,"data_set_NAI":18.856707},{"data_set_T":432.0,"data_set_KO":3.8235812,"data_set_NAI":18.859854},{"data_set_T":433.0,"data_set_KO":3.8233988,"data_set_NAI":18.862949},{"data_set_T":434.0,"data_set_KO":3.8232195,"data_set_NAI":18.865993},{"data_set_T":435.0,"data_set_KO":3.8230429,"data_set_NAI":18.868988},{"data_set_T":436.0,"data_set_KO":3.8228693,"data_set_NAI":18.871933},{"data_set_T":437.0,"data_set_KO":3.8226981,"data_set_NAI":18.87483},{"data_set_T":438.0,"data_set_KO":3.82253,"data_set_NAI":18.877678},{"data_set_T":439.0,"data_set_KO":3.8223646,"data_set_NAI":18.88048},{"data_set_T":440.0,"data_set_KO":3.8222017,"data_set_NAI":18.883236},{"data_set_T":441.0,"data_set_KO":3.8220415,"data_set_NAI":18.885946},{"data_set_T":442.0,"data_set_KO":3.8218837,"data_set_NAI":18.888611},{"data_set_T":443.0,"data_set_KO":3.8217287,"data_set_NAI":18.891232},{"data_set_T":444.0,"data_set_KO":3.8215761,"data_set_NAI":18.89381},{"data_set_T":445.0,"data_set_KO":3.8214259,"data_set_NAI":18.896345},{"data_set_T":446.0,"data_set_KO":3.8212781,"data_set_NAI":18.898838},{"data_set_T":447.0,"data_set_KO":3.8211329,"data_set_NAI":18.901289},{"data_set_T":448.0,"data_set_KO":3.8209898,"data_set_NAI":18.9037},{"data_set_T":449.0,"data_set_KO":3.8208492,"data_set_NAI":18.906071},{"data_set_T":450.0,"data_set_KO":3.8207107,"data_set_NAI":18.908403},{"data_set_T":451.0,"data_set_KO":3.8205745,"data_set_NAI":18.910696},{"data_set_T":452.0,"data_set_KO":3.8204408,"data_set_NAI":18.912951},{"data_set_T":453.0,"data_set_KO":3.8203089,"data_set_NAI":18.915169},{"data_set_T":454.0,"data_set_KO":3.8201792,"data_set_NAI":18.917349},{"data_set_T":455.0,"data_set_KO":3.8200519,"data_set_NAI":18.919495},{"data_set_T":456.0,"data_set_KO":3.8199263,"data_set_NAI":18.921602},{"data_set_T":457.0,"data_set_KO":3.819803,"data_set_NAI":18.923676},{"data_set_T":458.0,"data_set_KO":3.8196816,"data_set_NAI":18.925716},{"data_set_T":459.0,"data_set_KO":3.8195622,"data_set_NAI":18.927721},{"data_set_T":460.0,"data_set_KO":3.8194447,"data_set_NAI":18.929693},{"data_set_T":461.0,"data_set_KO":3.8193293,"data_set_NAI":18.931631},{"data_set_T":462.0,"data_set_KO":3.8192155,"data_set_NAI":18.933538},{"data_set_T":463.0,"data_set_KO":3.8191037,"data_set_NAI":18.935413},{"data_set_T":464.0,"data_set_KO":3.8189938,"data_set_NAI":18.937258},{"data_set_T":465.0,"data_set_KO":3.8188858,"data_set_NAI":18.939072},{"data_set_T":466.0,"data_set_KO":3.8187792,"data_set_NAI":18.940853},{"data_set_T":467.0,"data_set_KO":3.8186748,"data_set_NAI":18.942606},{"data_set_T":468.0,"data_set_KO":3.8185718,"data_set_NAI":18.94433},{"data_set_T":469.0,"data_set_KO":3.8184705,"data_set_NAI":18.946026},{"data_set_T":470.0,"data_set_KO":3.8183711,"data_set_NAI":18.947693},{"data_set_T":471.0,"data_set_KO":3.8182731,"data_set_NAI":18.949331},{"data_set_T":472.0,"data_set_KO":3.8181767,"data_set_NAI":18.950943},{"data_set_T":473.0,"data_set_KO":3.8180821,"data_set_NAI":18.952528},{"data_set_T":474.0,"data_set_KO":3.8179889,"data_set_NAI":18.954086},{"data_set_T":475.0,"data_set_KO":3.8178971,"data_set_NAI":18.955618},{"data_set_T":476.0,"data_set_KO":3.817807,"data_set_NAI":18.957125},{"data_set_T":477.0,"data_set_KO":3.8177185,"data_set_NAI":18.958607},{"data_set_T":478.0,"data_set_KO":3.8176312,"data_set_NAI":18.960062},{"data_set_T":479.0,"data_set_KO":3.8175454,"data_set_NAI":18.961494},{"data_set_T":480.0,"data_set_KO":3.8174613,"data_set_NAI":18.962904},{"data_set_T":481.0,"data_set_KO":3.8173783,"data_set_NAI":18.964287},{"data_set_T":482.0,"data_set_KO":3.8172967,"data_set_NAI":18.965649},{"data_set_T":483.0,"data_set_KO":3.8172164,"data_set_NAI":18.966988},{"data_set_T":484.0,"data_set_KO":3.8171375,"data_set_NAI":18.968304},{"data_set_T":485.0,"data_set_KO":3.81706,"data_set_NAI":18.969599},{"data_set_T":486.0,"data_set_KO":3.8169837,"data_set_NAI":18.970871},{"data_set_T":487.0,"data_set_KO":3.8169086,"data_set_NAI":18.972122},{"data_set_T":488.0,"data_set_KO":3.8168349,"data_set_NAI":18.973352},{"data_set_T":489.0,"data_set_KO":3.8167622,"data_set_NAI":18.974562},{"data_set_T":490.0,"data_set_KO":3.8166909,"data_set_NAI":18.975752},{"data_set_T":491.0,"data_set_KO":3.8166206,"data_set_NAI":18.976921},{"data_set_T":492.0,"data_set_KO":3.8165517,"data_set_NAI":18.978071},{"data_set_T":493.0,"data_set_KO":3.8164837,"data_set_NAI":18.9792},{"data_set_T":494.0,"data_set_KO":3.816417,"data_set_NAI":18.980312},{"data_set_T":495.0,"data_set_KO":3.8163514,"data_set_NAI":18.981405},{"data_set_T":496.0,"data_set_KO":3.8162868,"data_set_NAI":18.982479},{"data_set_T":497.0,"data_set_KO":3.8162234,"data_set_NAI":18.983536},{"data_set_T":498.0,"data_set_KO":3.8161609,"data_set_NAI":18.984575},{"data_set_T":499.0,"data_set_KO":3.8160996,"data_set_NAI":18.985596},{"data_set_T":500.0,"data_set_KO":3.8160393,"data_set_NAI":18.986601},{"data_set_T":501.0,"data_set_KO":3.81598,"data_set_NAI":18.987587},{"data_set_T":502.0,"data_set_KO":3.8159215,"data_set_NAI":18.988558},{"data_set_T":503.0,"data_set_KO":3.8158641,"data_set_NAI":18.989511},{"data_set_T":504.0,"data_set_KO":3.8158076,"data_set_NAI":18.99045},{"data_set_T":505.0,"data_set_KO":3.8157523,"data_set_NAI":18.991373},{"data_set_T":506.0,"data_set_KO":3.8156977,"data_set_NAI":18.992279},{"data_set_T":507.0,"data_set_KO":3.815644,"data_set_NAI":18.993172},{"data_set_T":508.0,"data_set_KO":3.8155911,"data_set_NAI":18.994049},{"data_set_T":509.0,"data_set_KO":3.8155394,"data_set_NAI":18.994911},{"data_set_T":510.0,"data_set_KO":3.8154883,"data_set_NAI":18.995758},{"data_set_T":511.0,"data_set_KO":3.815438,"data_set_NAI":18.996592},{"data_set_T":512.0,"data_set_KO":3.8153887,"data_set_NAI":18.99741},{"data_set_T":513.0,"data_set_KO":3.8153403,"data_set_NAI":18.998217},{"data_set_T":514.0,"data_set_KO":3.8152926,"data_set_NAI":18.999008},{"data_set_T":515.0,"data_set_KO":3.8152456,"data_set_NAI":18.999786},{"data_set_T":516.0,"data_set_KO":3.8151996,"data_set_NAI":19.000551},{"data_set_T":517.0,"data_set_KO":3.8151543,"data_set_NAI":19.001305},{"data_set_T":518.0,"data_set_KO":3.8151097,"data_set_NAI":19.002045},{"data_set_T":519.0,"data_set_KO":3.8150659,"data_set_NAI":19.002771},{"data_set_T":520.0,"data_set_KO":3.8150227,"data_set_NAI":19.003487},{"data_set_T":521.0,"data_set_KO":3.8149803,"data_set_NAI":19.00419},{"data_set_T":522.0,"data_set_KO":3.8149385,"data_set_NAI":19.004881},{"data_set_T":523.0,"data_set_KO":3.8148975,"data_set_NAI":19.00556},{"data_set_T":524.0,"data_set_KO":3.8148572,"data_set_NAI":19.006229},{"data_set_T":525.0,"data_set_KO":3.8148177,"data_set_NAI":19.006886},{"data_set_T":526.0,"data_set_KO":3.8147788,"data_set_NAI":19.007532},{"data_set_T":527.0,"data_set_KO":3.8147404,"data_set_NAI":19.008167},{"data_set_T":528.0,"data_set_KO":3.8147027,"data_set_NAI":19.008791},{"data_set_T":529.0,"data_set_KO":3.8146658,"data_set_NAI":19.009405},{"data_set_T":530.0,"data_set_KO":3.8146293,"data_set_NAI":19.010008},{"data_set_T":531.0,"data_set_KO":3.8145936,"data_set_NAI":19.010601},{"data_set_T":532.0,"data_set_KO":3.8145583,"data_set_NAI":19.011185},{"data_set_T":533.0,"data_set_KO":3.8145237,"data_set_NAI":19.011757},{"data_set_T":534.0,"data_set_KO":3.8144898,"data_set_NAI":19.012321},{"data_set_T":535.0,"data_set_KO":3.8144562,"data_set_NAI":19.012875},{"data_set_T":536.0,"data_set_KO":3.8144233,"data_set_NAI":19.01342},{"data_set_T":537.0,"data_set_KO":3.8143911,"data_set_NAI":19.013956},{"data_set_T":538.0,"data_set_KO":3.8143592,"data_set_NAI":19.014482},{"data_set_T":539.0,"data_set_KO":3.814328,"data_set_NAI":19.014999},{"data_set_T":540.0,"data_set_KO":3.8142972,"data_set_NAI":19.015509},{"data_set_T":541.0,"data_set_KO":3.8142669,"data_set_NAI":19.01601},{"data_set_T":542.0,"data_set_KO":3.8142374,"data_set_NAI":19.016502},{"data_set_T":543.0,"data_set_KO":3.814208,"data_set_NAI":19.016985},{"data_set_T":544.0,"data_set_KO":3.8141794,"data_set_NAI":19.01746},{"data_set_T":545.0,"data_set_KO":3.814151,"data_set_NAI":19.017927},{"data_set_T":546.0,"data_set_KO":3.8141234,"data_set_NAI":19.018387},{"data_set_T":547.0,"data_set_KO":3.814096,"data_set_NAI":19.018839},{"data_set_T":548.0,"data_set_KO":3.8140693,"data_set_NAI":19.019283},{"data_set_T":549.0,"data_set_KO":3.8140428,"data_set_NAI":19.01972},{"data_set_T":550.0,"data_set_KO":3.8140168,"data_set_NAI":19.020149},{"data_set_T":551.0,"data_set_KO":3.8139913,"data_set_NAI":19.020571},{"data_set_T":552.0,"data_set_KO":3.8139663,"data_set_NAI":19.020987},{"data_set_T":553.0,"data_set_KO":3.8139417,"data_set_NAI":19.021395},{"data_set_T":554.0,"data_set_KO":3.8139174,"data_set_NAI":19.021795},{"data_set_T":555.0,"data_set_KO":3.8138936,"data_set_NAI":19.02219},{"data_set_T":556.0,"data_set_KO":3.8138702,"data_set_NAI":19.022577},{"data_set_T":557.0,"data_set_KO":3.8138471,"data_set_NAI":19.022959},{"data_set_T":558.0,"data_set_KO":3.8138244,"data_set_NAI":19.023333},{"data_set_T":559.0,"data_set_KO":3.8138022,"data_set_NAI":19.023701},{"data_set_T":560.0,"data_set_KO":3.8137803,"data_set_NAI":19.024063},{"data_set_T":561.0,"data_set_KO":3.8137589,"data_set_NAI":19.024418},{"data_set_T":562.0,"data_set_KO":3.8137376,"data_set_NAI":19.024769},{"data_set_T":563.0,"data_set_KO":3.8137169,"data_set_NAI":19.025112},{"data_set_T":564.0,"data_set_KO":3.8136964,"data_set_NAI":19.025452},{"data_set_T":565.0,"data_set_KO":3.8136761,"data_set_NAI":19.025784},{"data_set_T":566.0,"data_set_KO":3.8136563,"data_set_NAI":19.02611},{"data_set_T":567.0,"data_set_KO":3.813637,"data_set_NAI":19.026432},{"data_set_T":568.0,"data_set_KO":3.8136179,"data_set_NAI":19.026747},{"data_set_T":569.0,"data_set_KO":3.8135991,"data_set_NAI":19.027058},{"data_set_T":570.0,"data_set_KO":3.8135808,"data_set_NAI":19.027363},{"data_set_T":571.0,"data_set_KO":3.8135624,"data_set_NAI":19.027662},{"data_set_T":572.0,"data_set_KO":3.8135445,"data_set_NAI":19.027958},{"data_set_T":573.0,"data_set_KO":3.8135271,"data_set_NAI":19.028248},{"data_set_T":574.0,"data_set_KO":3.8135097,"data_set_NAI":19.028534},{"data_set_T":575.0,"data_set_KO":3.8134928,"data_set_NAI":19.028814},{"data_set_T":576.0,"data_set_KO":3.8134761,"data_set_NAI":19.029089},{"data_set_T":577.0,"data_set_KO":3.8134599,"data_set_NAI":19.02936},{"data_set_T":578.0,"data_set_KO":3.8134437,"data_set_NAI":19.029627},{"data_set_T":579.0,"data_set_KO":3.8134277,"data_set_NAI":19.029888},{"data_set_T":580.0,"data_set_KO":3.8134122,"data_set_NAI":19.030146},{"data_set_T":581.0,"data_set_KO":3.8133969,"data_set_NAI":19.030399},{"data_set_T":582.0,"data_set_KO":3.8133819,"data_set_NAI":19.030647},{"data_set_T":583.0,"data_set_KO":3.8133671,"data_set_NAI":19.030891},{"data_set_T":584.0,"data_set_KO":3.8133526,"data_set_NAI":19.031132},{"data_set_T":585.0,"data_set_KO":3.813338,"data_set_NAI":19.031368},{"data_set_T":586.0,"data_set_KO":3.813324,"data_set_NAI":19.031601},{"data_set_T":587.0,"data_set_KO":3.8133101,"data_set_NAI":19.03183},{"data_set_T":588.0,"data_set_KO":3.8132966,"data_set_NAI":19.032055},{"data_set_T":589.0,"data_set_KO":3.8132832,"data_set_NAI":19.032274},{"data_set_T":590.0,"data_set_KO":3.8132701,"data_set_NAI":19.032492},{"data_set_T":591.0,"data_set_KO":3.8132572,"data_set_NAI":19.032705},{"data_set_T":592.0,"data_set_KO":3.8132446,"data_set_NAI":19.032915},{"data_set_T":593.0,"data_set_KO":3.8132319,"data_set_NAI":19.033121},{"data_set_T":594.0,"data_set_KO":3.8132198,"data_set_NAI":19.033323},{"data_set_T":595.0,"data_set_KO":3.8132076,"data_set_NAI":19.033524},{"data_set_T":596.0,"data_set_KO":3.8131959,"data_set_NAI":19.033718},{"data_set_T":597.0,"data_set_KO":3.8131843,"data_set_NAI":19.033911},{"data_set_T":598.0,"data_set_KO":3.8131726,"data_set_NAI":19.034101},{"data_set_T":599.0,"data_set_KO":3.8131614,"data_set_NAI":19.034286},{"data_set_T":600.0,"data_set_KO":3.8131504,"data_set_NAI":19.03447},{"data_set_T":601.0,"data_set_KO":3.8131394,"data_set_NAI":19.034651},{"data_set_T":602.0,"data_set_KO":3.8131287,"data_set_NAI":19.034826},{"data_set_T":603.0,"data_set_KO":3.8131182,"data_set_NAI":19.035},{"data_set_T":604.0,"data_set_KO":3.8131077,"data_set_NAI":19.035172},{"data_set_T":605.0,"data_set_KO":3.8130977,"data_set_NAI":19.035339},{"data_set_T":606.0,"data_set_KO":3.8130877,"data_set_NAI":19.035505},{"data_set_T":607.0,"data_set_KO":3.8130779,"data_set_NAI":19.035667},{"data_set_T":608.0,"data_set_KO":3.8130682,"data_set_NAI":19.035826},{"data_set_T":609.0,"data_set_KO":3.8130586,"data_set_NAI":19.035984},{"data_set_T":610.0,"data_set_KO":3.8130493,"data_set_NAI":19.036139},{"data_set_T":611.0,"data_set_KO":3.81304,"data_set_NAI":19.036289},{"data_set_T":612.0,"data_set_KO":3.813031,"data_set_NAI":19.036438},{"data_set_T":613.0,"data_set_KO":3.8130221,"data_set_NAI":19.036585},{"data_set_T":614.0,"data_set_KO":3.8130136,"data_set_NAI":19.03673},{"data_set_T":615.0,"data_set_KO":3.813005,"data_set_NAI":19.036871},{"data_set_T":616.0,"data_set_KO":3.8129964,"data_set_NAI":19.03701},{"data_set_T":617.0,"data_set_KO":3.812988,"data_set_NAI":19.037148},{"data_set_T":618.0,"data_set_KO":3.8129799,"data_set_NAI":19.037281},{"data_set_T":619.0,"data_set_KO":3.8129721,"data_set_NAI":19.037413},{"data_set_T":620.0,"data_set_KO":3.8129642,"data_set_NAI":19.037544},{"data_set_T":621.0,"data_set_KO":3.8129563,"data_set_NAI":19.037672},{"data_set_T":622.0,"data_set_KO":3.8129487,"data_set_NAI":19.037796},{"data_set_T":623.0,"data_set_KO":3.8129413,"data_set_NAI":19.03792},{"data_set_T":624.0,"data_set_KO":3.8129339,"data_set_NAI":19.038042},{"data_set_T":625.0,"data_set_KO":3.8129268,"data_set_NAI":19.038162},{"data_set_T":626.0,"data_set_KO":3.8129196,"data_set_NAI":19.038279},{"data_set_T":627.0,"data_set_KO":3.8129125,"data_set_NAI":19.038395},{"data_set_T":628.0,"data_set_KO":3.8129058,"data_set_NAI":19.038507},{"data_set_T":629.0,"data_set_KO":3.8128989,"data_set_NAI":19.038618},{"data_set_T":630.0,"data_set_KO":3.8128922,"data_set_NAI":19.038729},{"data_set_T":631.0,"data_set_KO":3.8128858,"data_set_NAI":19.038836},{"data_set_T":632.0,"data_set_KO":3.8128793,"data_set_NAI":19.038942},{"data_set_T":633.0,"data_set_KO":3.8128729,"data_set_NAI":19.039047},{"data_set_T":634.0,"data_set_KO":3.8128667,"data_set_NAI":19.039148},{"data_set_T":635.0,"data_set_KO":3.8128607,"data_set_NAI":19.039249},{"data_set_T":636.0,"data_set_KO":3.8128548,"data_set_NAI":19.039349},{"data_set_T":637.0,"data_set_KO":3.8128488,"data_set_NAI":19.039446},{"data_set_T":638.0,"data_set_KO":3.8128431,"data_set_NAI":19.039541},{"data_set_T":639.0,"data_set_KO":3.8128374,"data_set_NAI":19.039635},{"data_set_T":640.0,"data_set_KO":3.8128316,"data_set_NAI":19.039728},{"data_set_T":641.0,"data_set_KO":3.8128262,"data_set_NAI":19.039818},{"data_set_T":642.0,"data_set_KO":3.8128207,"data_set_NAI":19.039907},{"data_set_T":643.0,"data_set_KO":3.8128154,"data_set_NAI":19.039995},{"data_set_T":644.0,"data_set_KO":3.8128102,"data_set_NAI":19.040081},{"data_set_T":645.0,"data_set_KO":3.8128052,"data_set_NAI":19.040167},{"data_set_T":646.0,"data_set_KO":3.8127999,"data_set_NAI":19.040251},{"data_set_T":647.0,"data_set_KO":3.8127952,"data_set_NAI":19.040333},{"data_set_T":648.0,"data_set_KO":3.8127902,"data_set_NAI":19.040413},{"data_set_T":649.0,"data_set_KO":3.8127854,"data_set_NAI":19.040491},{"data_set_T":650.0,"data_set_KO":3.8127806,"data_set_NAI":19.040569},{"data_set_T":651.0,"data_set_KO":3.8127761,"data_set_NAI":19.040646},{"data_set_T":652.0,"data_set_KO":3.8127716,"data_set_NAI":19.040722},{"data_set_T":653.0,"data_set_KO":3.812767,"data_set_NAI":19.040796},{"data_set_T":654.0,"data_set_KO":3.8127625,"data_set_NAI":19.040869},{"data_set_T":655.0,"data_set_KO":3.8127582,"data_set_NAI":19.040939},{"data_set_T":656.0,"data_set_KO":3.8127539,"data_set_NAI":19.04101},{"data_set_T":657.0,"data_set_KO":3.8127499,"data_set_NAI":19.041079},{"data_set_T":658.0,"data_set_KO":3.8127456,"data_set_NAI":19.041147},{"data_set_T":659.0,"data_set_KO":3.8127415,"data_set_NAI":19.041214},{"data_set_T":660.0,"data_set_KO":3.8127377,"data_set_NAI":19.041279},{"data_set_T":661.0,"data_set_KO":3.8127337,"data_set_NAI":19.041344},{"data_set_T":662.0,"data_set_KO":3.8127298,"data_set_NAI":19.041407},{"data_set_T":663.0,"data_set_KO":3.812726,"data_set_NAI":19.04147},{"data_set_T":664.0,"data_set_KO":3.8127224,"data_set_NAI":19.041531},{"data_set_T":665.0,"data_set_KO":3.8127186,"data_set_NAI":19.041592},{"data_set_T":666.0,"data_set_KO":3.8127151,"data_set_NAI":19.041651},{"data_set_T":667.0,"data_set_KO":3.8127115,"data_set_NAI":19.041708},{"data_set_T":668.0,"data_set_KO":3.8127081,"data_set_NAI":19.041765},{"data_set_T":669.0,"data_set_KO":3.8127046,"data_set_NAI":19.041822},{"data_set_T":670.0,"data_set_KO":3.8127012,"data_set_NAI":19.041878},{"data_set_T":671.0,"data_set_KO":3.8126981,"data_set_NAI":19.041931},{"data_set_T":672.0,"data_set_KO":3.8126948,"data_set_NAI":19.041985},{"data_set_T":673.0,"data_set_KO":3.8126917,"data_set_NAI":19.042038},{"data_set_T":674.0,"data_set_KO":3.8126884,"data_set_NAI":19.042089},{"data_set_T":675.0,"data_set_KO":3.8126855,"data_set_NAI":19.042141},{"data_set_T":676.0,"data_set_KO":3.8126824,"data_set_NAI":19.042191},{"data_set_T":677.0,"data_set_KO":3.8126793,"data_set_NAI":19.04224},{"data_set_T":678.0,"data_set_KO":3.8126764,"data_set_NAI":19.042288},{"data_set_T":679.0,"data_set_KO":3.8126736,"data_set_NAI":19.042336},{"data_set_T":680.0,"data_set_KO":3.8126707,"data_set_NAI":19.042381},{"data_set_T":681.0,"data_set_KO":3.8126678,"data_set_NAI":19.042427},{"data_set_T":682.0,"data_set_KO":3.8126652,"data_set_NAI":19.042473},{"data_set_T":683.0,"data_set_KO":3.8126626,"data_set_NAI":19.042517},{"data_set_T":684.0,"data_set_KO":3.81266,"data_set_NAI":19.042561},{"data_set_T":685.0,"data_set_KO":3.8126574,"data_set_NAI":19.042603},{"data_set_T":686.0,"data_set_KO":3.8126547,"data_set_NAI":19.042646},{"data_set_T":687.0,"data_set_KO":3.8126523,"data_set_NAI":19.042686},{"data_set_T":688.0,"data_set_KO":3.8126497,"data_set_NAI":19.042728},{"data_set_T":689.0,"data_set_KO":3.8126473,"data_set_NAI":19.042768},{"data_set_T":690.0,"data_set_KO":3.812645,"data_set_NAI":19.042807},{"data_set_T":691.0,"data_set_KO":3.8126426,"data_set_NAI":19.042845},{"data_set_T":692.0,"data_set_KO":3.8126404,"data_set_NAI":19.042883},{"data_set_T":693.0,"data_set_KO":3.812638,"data_set_NAI":19.042921},{"data_set_T":694.0,"data_set_KO":3.8126359,"data_set_NAI":19.042957},{"data_set_T":695.0,"data_set_KO":3.8126335,"data_set_NAI":19.042994},{"data_set_T":696.0,"data_set_KO":3.8126314,"data_set_NAI":19.04303},{"data_set_T":697.0,"data_set_KO":3.8126295,"data_set_NAI":19.043064},{"data_set_T":698.0,"data_set_KO":3.8126273,"data_set_NAI":19.043098},{"data_set_T":699.0,"data_set_KO":3.8126252,"data_set_NAI":19.043133},{"data_set_T":700.0,"data_set_KO":3.8126233,"data_set_NAI":19.043165},{"data_set_T":701.0,"data_set_KO":3.8126214,"data_set_NAI":19.043198},{"data_set_T":702.0,"data_set_KO":3.8126192,"data_set_NAI":19.04323},{"data_set_T":703.0,"data_set_KO":3.8126173,"data_set_NAI":19.043261},{"data_set_T":704.0,"data_set_KO":3.8126156,"data_set_NAI":19.043293},{"data_set_T":705.0,"data_set_KO":3.8126137,"data_set_NAI":19.043322},{"data_set_T":706.0,"data_set_KO":3.8126118,"data_set_NAI":19.043352},{"data_set_T":707.0,"data_set_KO":3.8126101,"data_set_NAI":19.043383},{"data_set_T":708.0,"data_set_KO":3.8126082,"data_set_NAI":19.043411},{"data_set_T":709.0,"data_set_KO":3.8126066,"data_set_NAI":19.04344},{"data_set_T":710.0,"data_set_KO":3.8126049,"data_set_NAI":19.043467},{"data_set_T":711.0,"data_set_KO":3.8126032,"data_set_NAI":19.043495},{"data_set_T":712.0,"data_set_KO":3.8126016,"data_set_NAI":19.043522},{"data_set_T":713.0,"data_set_KO":3.8125999,"data_set_NAI":19.043549},{"data_set_T":714.0,"data_set_KO":3.8125985,"data_set_NAI":19.043573},{"data_set_T":715.0,"data_set_KO":3.8125968,"data_set_NAI":19.0436},{"data_set_T":716.0,"data_set_KO":3.8125954,"data_set_NAI":19.043625},{"data_set_T":717.0,"data_set_KO":3.8125939,"data_set_NAI":19.04365},{"data_set_T":718.0,"data_set_KO":3.8125923,"data_set_NAI":19.043674},{"data_set_T":719.0,"data_set_KO":3.8125908,"data_set_NAI":19.043697},{"data_set_T":720.0,"data_set_KO":3.8125894,"data_set_NAI":19.043722},{"data_set_T":721.0,"data_set_KO":3.812588,"data_set_NAI":19.043745},{"data_set_T":722.0,"data_set_KO":3.8125868,"data_set_NAI":19.043768},{"data_set_T":723.0,"data_set_KO":3.8125854,"data_set_NAI":19.043789},{"data_set_T":724.0,"data_set_KO":3.8125839,"data_set_NAI":19.043812},{"data_set_T":725.0,"data_set_KO":3.8125827,"data_set_NAI":19.043833},{"data_set_T":726.0,"data_set_KO":3.8125813,"data_set_NAI":19.043854},{"data_set_T":727.0,"data_set_KO":3.8125801,"data_set_NAI":19.043875},{"data_set_T":728.0,"data_set_KO":3.8125789,"data_set_NAI":19.043896},{"data_set_T":729.0,"data_set_KO":3.8125777,"data_set_NAI":19.043917},{"data_set_T":730.0,"data_set_KO":3.8125765,"data_set_NAI":19.043936},{"data_set_T":731.0,"data_set_KO":3.8125753,"data_set_NAI":19.043955},{"data_set_T":732.0,"data_set_KO":3.8125741,"data_set_NAI":19.043974},{"data_set_T":733.0,"data_set_KO":3.812573,"data_set_NAI":19.043993},{"data_set_T":734.0,"data_set_KO":3.8125718,"data_set_NAI":19.044012},{"data_set_T":735.0,"data_set_KO":3.8125708,"data_set_NAI":19.044031},{"data_set_T":736.0,"data_set_KO":3.8125696,"data_set_NAI":19.044048},{"data_set_T":737.0,"data_set_KO":3.8125687,"data_set_NAI":19.044065},{"data_set_T":738.0,"data_set_KO":3.8125675,"data_set_NAI":19.044083},{"data_set_T":739.0,"data_set_KO":3.8125665,"data_set_NAI":19.0441},{"data_set_T":740.0,"data_set_KO":3.8125656,"data_set_NAI":19.044117},{"data_set_T":741.0,"data_set_KO":3.8125646,"data_set_NAI":19.044134},{"data_set_T":742.0,"data_set_KO":3.8125634,"data_set_NAI":19.044149},{"data_set_T":743.0,"data_set_KO":3.8125625,"data_set_NAI":19.044165},{"data_set_T":744.0,"data_set_KO":3.8125615,"data_set_NAI":19.044182},{"data_set_T":745.0,"data_set_KO":3.8125606,"data_set_NAI":19.044197},{"data_set_T":746.0,"data_set_KO":3.8125598,"data_set_NAI":19.04421},{"data_set_T":747.0,"data_set_KO":3.8125589,"data_set_NAI":19.044226},{"data_set_T":748.0,"data_set_KO":3.8125579,"data_set_NAI":19.044241},{"data_set_T":749.0,"data_set_KO":3.812557,"data_set_NAI":19.044254},{"data_set_T":750.0,"data_set_KO":3.8125563,"data_set_NAI":19.04427},{"data_set_T":751.0,"data_set_KO":3.8125553,"data_set_NAI":19.044283},{"data_set_T":752.0,"data_set_KO":3.8125546,"data_set_NAI":19.044296},{"data_set_T":753.0,"data_set_KO":3.8125539,"data_set_NAI":19.04431},{"data_set_T":754.0,"data_set_KO":3.8125529,"data_set_NAI":19.044323},{"data_set_T":755.0,"data_set_KO":3.8125522,"data_set_NAI":19.044336},{"data_set_T":756.0,"data_set_KO":3.8125515,"data_set_NAI":19.04435},{"data_set_T":757.0,"data_set_KO":3.8125505,"data_set_NAI":19.044361},{"data_set_T":758.0,"data_set_KO":3.8125498,"data_set_NAI":19.044374},{"data_set_T":759.0,"data_set_KO":3.8125491,"data_set_NAI":19.044386},{"data_set_T":760.0,"data_set_KO":3.8125484,"data_set_NAI":19.044397},{"data_set_T":761.0,"data_set_KO":3.8125477,"data_set_NAI":19.044409},{"data_set_T":762.0,"data_set_KO":3.812547,"data_set_NAI":19.04442},{"data_set_T":763.0,"data_set_KO":3.8125463,"data_set_NAI":19.044432},{"data_set_T":764.0,"data_set_KO":3.8125458,"data_set_NAI":19.044443},{"data_set_T":765.0,"data_set_KO":3.8125451,"data_set_NAI":19.044455},{"data_set_T":766.0,"data_set_KO":3.8125443,"data_set_NAI":19.044464},{"data_set_T":767.0,"data_set_KO":3.8125436,"data_set_NAI":19.044476},{"data_set_T":768.0,"data_set_KO":3.8125432,"data_set_NAI":19.044485},{"data_set_T":769.0,"data_set_KO":3.8125424,"data_set_NAI":19.044497},{"data_set_T":770.0,"data_set_KO":3.812542,"data_set_NAI":19.044506},{"data_set_T":771.0,"data_set_KO":3.8125412,"data_set_NAI":19.044516},{"data_set_T":772.0,"data_set_KO":3.8125408,"data_set_NAI":19.044525},{"data_set_T":773.0,"data_set_KO":3.8125401,"data_set_NAI":19.044535},{"data_set_T":774.0,"data_set_KO":3.8125396,"data_set_NAI":19.044544},{"data_set_T":775.0,"data_set_KO":3.8125391,"data_set_NAI":19.044554},{"data_set_T":776.0,"data_set_KO":3.8125384,"data_set_NAI":19.044563},{"data_set_T":777.0,"data_set_KO":3.8125379,"data_set_NAI":19.044571},{"data_set_T":778.0,"data_set_KO":3.8125374,"data_set_NAI":19.04458},{"data_set_T":779.0,"data_set_KO":3.812537,"data_set_NAI":19.044588},{"data_set_T":780.0,"data_set_KO":3.8125362,"data_set_NAI":19.044598},{"data_set_T":781.0,"data_set_KO":3.8125358,"data_set_NAI":19.044605},{"data_set_T":782.0,"data_set_KO":3.8125353,"data_set_NAI":19.044613},{"data_set_T":783.0,"data_set_KO":3.8125348,"data_set_NAI":19.044622},{"data_set_T":784.0,"data_set_KO":3.8125343,"data_set_NAI":19.04463},{"data_set_T":785.0,"data_set_KO":3.8125339,"data_set_NAI":19.044638},{"data_set_T":786.0,"data_set_KO":3.8125334,"data_set_NAI":19.044645},{"data_set_T":787.0,"data_set_KO":3.8125329,"data_set_NAI":19.044653},{"data_set_T":788.0,"data_set_KO":3.8125327,"data_set_NAI":19.044659},{"data_set_T":789.0,"data_set_KO":3.8125322,"data_set_NAI":19.044666},{"data_set_T":790.0,"data_set_KO":3.8125317,"data_set_NAI":19.044674},{"data_set_T":791.0,"data_set_KO":3.8125312,"data_set_NAI":19.044682},{"data_set_T":792.0,"data_set_KO":3.8125308,"data_set_NAI":19.044687},{"data_set_T":793.0,"data_set_KO":3.8125305,"data_set_NAI":19.044695},{"data_set_T":794.0,"data_set_KO":3.81253,"data_set_NAI":19.044701},{"data_set_T":795.0,"data_set_KO":3.8125296,"data_set_NAI":19.044708},{"data_set_T":796.0,"data_set_KO":3.8125293,"data_set_NAI":19.044714},{"data_set_T":797.0,"data_set_KO":3.8125288,"data_set_NAI":19.04472},{"data_set_T":798.0,"data_set_KO":3.8125284,"data_set_NAI":19.044727},{"data_set_T":799.0,"data_set_KO":3.8125281,"data_set_NAI":19.044733},{"data_set_T":800.0,"data_set_KO":3.8125277,"data_set_NAI":19.044739},{"data_set_T":801.0,"data_set_KO":3.8125274,"data_set_NAI":19.044744},{"data_set_T":802.0,"data_set_KO":3.8125269,"data_set_NAI":19.04475},{"data_set_T":803.0,"data_set_KO":3.8125267,"data_set_NAI":19.044756},{"data_set_T":804.0,"data_set_KO":3.8125265,"data_set_NAI":19.044762},{"data_set_T":805.0,"data_set_KO":3.812526,"data_set_NAI":19.044767},{"data_set_T":806.0,"data_set_KO":3.8125257,"data_set_NAI":19.044773},{"data_set_T":807.0,"data_set_KO":3.8125253,"data_set_NAI":19.044779},{"data_set_T":808.0,"data_set_KO":3.812525,"data_set_NAI":19.044783},{"data_set_T":809.0,"data_set_KO":3.8125248,"data_set_NAI":19.044788},{"data_set_T":810.0,"data_set_KO":3.8125246,"data_set_NAI":19.044794},{"data_set_T":811.0,"data_set_KO":3.8125241,"data_set_NAI":19.044798},{"data_set_T":812.0,"data_set_KO":3.8125238,"data_set_NAI":19.044804},{"data_set_T":813.0,"data_set_KO":3.8125236,"data_set_NAI":19.044807},{"data_set_T":814.0,"data_set_KO":3.8125234,"data_set_NAI":19.044813},{"data_set_T":815.0,"data_set_KO":3.8125229,"data_set_NAI":19.044817},{"data_set_T":816.0,"data_set_KO":3.8125226,"data_set_NAI":19.044823},{"data_set_T":817.0,"data_set_KO":3.8125224,"data_set_NAI":19.044827},{"data_set_T":818.0,"data_set_KO":3.8125222,"data_set_NAI":19.04483},{"data_set_T":819.0,"data_set_KO":3.8125219,"data_set_NAI":19.044836},{"data_set_T":820.0,"data_set_KO":3.8125217,"data_set_NAI":19.04484},{"data_set_T":821.0,"data_set_KO":3.8125215,"data_set_NAI":19.044844},{"data_set_T":822.0,"data_set_KO":3.8125212,"data_set_NAI":19.044847},{"data_set_T":823.0,"data_set_KO":3.812521,"data_set_NAI":19.044851},{"data_set_T":824.0,"data_set_KO":3.8125207,"data_set_NAI":19.044855},{"data_set_T":825.0,"data_set_KO":3.8125205,"data_set_NAI":19.044859},{"data_set_T":826.0,"data_set_KO":3.8125203,"data_set_NAI":19.044863},{"data_set_T":827.0,"data_set_KO":3.81252,"data_set_NAI":19.044867},{"data_set_T":828.0,"data_set_KO":3.8125198,"data_set_NAI":19.04487},{"data_set_T":829.0,"data_set_KO":3.8125196,"data_set_NAI":19.044874},{"data_set_T":830.0,"data_set_KO":3.8125193,"data_set_NAI":19.044878},{"data_set_T":831.0,"data_set_KO":3.8125191,"data_set_NAI":19.044882},{"data_set_T":832.0,"data_set_KO":3.8125188,"data_set_NAI":19.044886},{"data_set_T":833.0,"data_set_KO":3.8125186,"data_set_NAI":19.044889},{"data_set_T":834.0,"data_set_KO":3.8125184,"data_set_NAI":19.044891},{"data_set_T":835.0,"data_set_KO":3.8125184,"data_set_NAI":19.044895},{"data_set_T":836.0,"data_set_KO":3.8125181,"data_set_NAI":19.044899},{"data_set_T":837.0,"data_set_KO":3.8125179,"data_set_NAI":19.044901},{"data_set_T":838.0,"data_set_KO":3.8125176,"data_set_NAI":19.044905},{"data_set_T":839.0,"data_set_KO":3.8125174,"data_set_NAI":19.044909},{"data_set_T":840.0,"data_set_KO":3.8125174,"data_set_NAI":19.04491},{"data_set_T":841.0,"data_set_KO":3.8125172,"data_set_NAI":19.044914},{"data_set_T":842.0,"data_set_KO":3.8125169,"data_set_NAI":19.044916},{"data_set_T":843.0,"data_set_KO":3.8125167,"data_set_NAI":19.04492},{"data_set_T":844.0,"data_set_KO":3.8125167,"data_set_NAI":19.044922},{"data_set_T":845.0,"data_set_KO":3.8125165,"data_set_NAI":19.044926},{"data_set_T":846.0,"data_set_KO":3.8125162,"data_set_NAI":19.044928},{"data_set_T":847.0,"data_set_KO":3.8125162,"data_set_NAI":19.044931},{"data_set_T":848.0,"data_set_KO":3.812516,"data_set_NAI":19.044933},{"data_set_T":849.0,"data_set_KO":3.8125157,"data_set_NAI":19.044935},{"data_set_T":850.0,"data_set_KO":3.8125157,"data_set_NAI":19.044939},{"data_set_T":851.0,"data_set_KO":3.8125155,"data_set_NAI":19.044941},{"data_set_T":852.0,"data_set_KO":3.8125153,"data_set_NAI":19.044943},{"data_set_T":853.0,"data_set_KO":3.8125153,"data_set_NAI":19.044947},{"data_set_T":854.0,"data_set_KO":3.812515,"data_set_NAI":19.044949},{"data_set_T":855.0,"data_set_KO":3.812515,"data_set_NAI":19.04495},{"data_set_T":856.0,"data_set_KO":3.8125148,"data_set_NAI":19.044952},{"data_set_T":857.0,"data_set_KO":3.8125145,"data_set_NAI":19.044954},{"data_set_T":858.0,"data_set_KO":3.8125145,"data_set_NAI":19.044958},{"data_set_T":859.0,"data_set_KO":3.8125143,"data_set_NAI":19.04496},{"data_set_T":860.0,"data_set_KO":3.8125143,"data_set_NAI":19.044962},{"data_set_T":861.0,"data_set_KO":3.8125141,"data_set_NAI":19.044964},{"data_set_T":862.0,"data_set_KO":3.8125141,"data_set_NAI":19.044966},{"data_set_T":863.0,"data_set_KO":3.8125138,"data_set_NAI":19.044968},{"data_set_T":864.0,"data_set_KO":3.8125138,"data_set_NAI":19.04497},{"data_set_T":865.0,"data_set_KO":3.8125136,"data_set_NAI":19.044971},{"data_set_T":866.0,"data_set_KO":3.8125136,"data_set_NAI":19.044973},{"data_set_T":867.0,"data_set_KO":3.8125134,"data_set_NAI":19.044975},{"data_set_T":868.0,"data_set_KO":3.8125134,"data_set_NAI":19.044977},{"data_set_T":869.0,"data_set_KO":3.8125131,"data_set_NAI":19.044979},{"data_set_T":870.0,"data_set_KO":3.8125131,"data_set_NAI":19.044981},{"data_set_T":871.0,"data_set_KO":3.8125129,"data_set_NAI":19.044983},{"data_set_T":872.0,"data_set_KO":3.8125129,"data_set_NAI":19.044985},{"data_set_T":873.0,"data_set_KO":3.8125126,"data_set_NAI":19.044987},{"data_set_T":874.0,"data_set_KO":3.8125126,"data_set_NAI":19.044989},{"data_set_T":875.0,"data_set_KO":3.8125126,"data_set_NAI":19.044991},{"data_set_T":876.0,"data_set_KO":3.8125124,"data_set_NAI":19.044991},{"data_set_T":877.0,"data_set_KO":3.8125124,"data_set_NAI":19.044992},{"data_set_T":878.0,"data_set_KO":3.8125122,"data_set_NAI":19.044994},{"data_set_T":879.0,"data_set_KO":3.8125122,"data_set_NAI":19.044996},{"data_set_T":880.0,"data_set_KO":3.8125122,"data_set_NAI":19.044998},{"data_set_T":881.0,"data_set_KO":3.8125119,"data_set_NAI":19.045},{"data_set_T":882.0,"data_set_KO":3.8125119,"data_set_NAI":19.045},{"data_set_T":883.0,"data_set_KO":3.8125117,"data_set_NAI":19.045002},{"data_set_T":884.0,"data_set_KO":3.8125117,"data_set_NAI":19.045004},{"data_set_T":885.0,"data_set_KO":3.8125117,"data_set_NAI":19.045006},{"data_set_T":886.0,"data_set_KO":3.8125114,"data_set_NAI":19.045006},{"data_set_T":887.0,"data_set_KO":3.8125114,"data_set_NAI":19.045008},{"data_set_T":888.0,"data_set_KO":3.8125114,"data_set_NAI":19.04501},{"data_set_T":889.0,"data_set_KO":3.8125112,"data_set_NAI":19.04501},{"data_set_T":890.0,"data_set_KO":3.8125112,"data_set_NAI":19.045012},{"data_set_T":891.0,"data_set_KO":3.8125112,"data_set_NAI":19.045013},{"data_set_T":892.0,"data_set_KO":3.812511,"data_set_NAI":19.045013},{"data_set_T":893.0,"data_set_KO":3.812511,"data_set_NAI":19.045015},{"data_set_T":894.0,"data_set_KO":3.812511,"data_set_NAI":19.045017},{"data_set_T":895.0,"data_set_KO":3.8125107,"data_set_NAI":19.045017},{"data_set_T":896.0,"data_set_KO":3.8125107,"data_set_NAI":19.045019},{"data_set_T":897.0,"data_set_KO":3.8125107,"data_set_NAI":19.045019},{"data_set_T":898.0,"data_set_KO":3.8125107,"data_set_NAI":19.045021},{"data_set_T":899.0,"data_set_KO":3.8125105,"data_set_NAI":19.045023},{"data_set_T":900.0,"data_set_KO":3.8125105,"data_set_NAI":19.045023},{"data_set_T":901.0,"data_set_KO":3.8125105,"data_set_NAI":19.045025},{"data_set_T":902.0,"data_set_KO":3.8125103,"data_set_NAI":19.045025},{"data_set_T":903.0,"data_set_KO":3.8125103,"data_set_NAI":19.045027},{"data_set_T":904.0,"data_set_KO":3.8125103,"data_set_NAI":19.045027},{"data_set_T":905.0,"data_set_KO":3.8125103,"data_set_NAI":19.045029},{"data_set_T":906.0,"data_set_KO":3.81251,"data_set_NAI":19.045029},{"data_set_T":907.0,"data_set_KO":3.81251,"data_set_NAI":19.045031},{"data_set_T":908.0,"data_set_KO":3.81251,"data_set_NAI":19.045031},{"data_set_T":909.0,"data_set_KO":3.81251,"data_set_NAI":19.045033},{"data_set_T":910.0,"data_set_KO":3.8125098,"data_set_NAI":19.045033},{"data_set_T":911.0,"data_set_KO":3.8125098,"data_set_NAI":19.045034},{"data_set_T":912.0,"data_set_KO":3.8125098,"data_set_NAI":19.045034},{"data_set_T":913.0,"data_set_KO":3.8125098,"data_set_NAI":19.045036},{"data_set_T":914.0,"data_set_KO":3.8125098,"data_set_NAI":19.045036},{"data_set_T":915.0,"data_set_KO":3.8125095,"data_set_NAI":19.045038},{"data_set_T":916.0,"data_set_KO":3.8125095,"data_set_NAI":19.045038},{"data_set_T":917.0,"data_set_KO":3.8125095,"data_set_NAI":19.045038},{"data_set_T":918.0,"data_set_KO":3.8125095,"data_set_NAI":19.04504},{"data_set_T":919.0,"data_set_KO":3.8125095,"data_set_NAI":19.04504},{"data_set_T":920.0,"data_set_KO":3.8125093,"data_set_NAI":19.045042},{"data_set_T":921.0,"data_set_KO":3.8125093,"data_set_NAI":19.045042},{"data_set_T":922.0,"data_set_KO":3.8125093,"data_set_NAI":19.045044},{"data_set_T":923.0,"data_set_KO":3.8125093,"data_set_NAI":19.045044},{"data_set_T":924.0,"data_set_KO":3.8125093,"data_set_NAI":19.045044},{"data_set_T":925.0,"data_set_KO":3.8125091,"data_set_NAI":19.045046},{"data_set_T":926.0,"data_set_KO":3.8125091,"data_set_NAI":19.045046},{"data_set_T":927.0,"data_set_KO":3.8125091,"data_set_NAI":19.045046},{"data_set_T":928.0,"data_set_KO":3.8125091,"data_set_NAI":19.045048},{"data_set_T":929.0,"data_set_KO":3.8125091,"data_set_NAI":19.045048},{"data_set_T":930.0,"data_set_KO":3.8125091,"data_set_NAI":19.045048},{"data_set_T":931.0,"data_set_KO":3.8125088,"data_set_NAI":19.04505},{"data_set_T":932.0,"data_set_KO":3.8125088,"data_set_NAI":19.04505},{"data_set_T":933.0,"data_set_KO":3.8125088,"data_set_NAI":19.04505},{"data_set_T":934.0,"data_set_KO":3.8125088,"data_set_NAI":19.045052},{"data_set_T":935.0,"data_set_KO":3.8125088,"data_set_NAI":19.045052},{"data_set_T":936.0,"data_set_KO":3.8125088,"data_set_NAI":19.045052},{"data_set_T":937.0,"data_set_KO":3.8125086,"data_set_NAI":19.045053},{"data_set_T":938.0,"data_set_KO":3.8125086,"data_set_NAI":19.045053},{"data_set_T":939.0,"data_set_KO":3.8125086,"data_set_NAI":19.045053},{"data_set_T":940.0,"data_set_KO":3.8125086,"data_set_NAI":19.045055},{"data_set_T":941.0,"data_set_KO":3.8125086,"data_set_NAI":19.045055},{"data_set_T":942.0,"data_set_KO":3.8125086,"data_set_NAI":19.045055},{"data_set_T":943.0,"data_set_KO":3.8125086,"data_set_NAI":19.045055},{"data_set_T":944.0,"data_set_KO":3.8125086,"data_set_NAI":19.045057},{"data_set_T":945.0,"data_set_KO":3.8125083,"data_set_NAI":19.045057},{"data_set_T":946.0,"data_set_KO":3.8125083,"data_set_NAI":19.045057},{"data_set_T":947.0,"data_set_KO":3.8125083,"data_set_NAI":19.045057},{"data_set_T":948.0,"data_set_KO":3.8125083,"data_set_NAI":19.045059},{"data_set_T":949.0,"data_set_KO":3.8125083,"data_set_NAI":19.045059},{"data_set_T":950.0,"data_set_KO":3.8125083,"data_set_NAI":19.045059},{"data_set_T":951.0,"data_set_KO":3.8125083,"data_set_NAI":19.045059},{"data_set_T":952.0,"data_set_KO":3.8125083,"data_set_NAI":19.045061},{"data_set_T":953.0,"data_set_KO":3.8125081,"data_set_NAI":19.045061},{"data_set_T":954.0,"data_set_KO":3.8125081,"data_set_NAI":19.045061},{"data_set_T":955.0,"data_set_KO":3.8125081,"data_set_NAI":19.045061},{"data_set_T":956.0,"data_set_KO":3.8125081,"data_set_NAI":19.045061},{"data_set_T":957.0,"data_set_KO":3.8125081,"data_set_NAI":19.045063},{"data_set_T":958.0,"data_set_KO":3.8125081,"data_set_NAI":19.045063},{"data_set_T":959.0,"data_set_KO":3.8125081,"data_set_NAI":19.045063},{"data_set_T":960.0,"data_set_KO":3.8125081,"data_set_NAI":19.045063},{"data_set_T":961.0,"data_set_KO":3.8125081,"data_set_NAI":19.045065},{"data_set_T":962.0,"data_set_KO":3.8125081,"data_set_NAI":19.045065},{"data_set_T":963.0,"data_set_KO":3.8125079,"data_set_NAI":19.045065},{"data_set_T":964.0,"data_set_KO":3.8125079,"data_set_NAI":19.045065},{"data_set_T":965.0,"data_set_KO":3.8125079,"data_set_NAI":19.045065},{"data_set_T":966.0,"data_set_KO":3.8125079,"data_set_NAI":19.045065},{"data_set_T":967.0,"data_set_KO":3.8125079,"data_set_NAI":19.045067},{"data_set_T":968.0,"data_set_KO":3.8125079,"data_set_NAI":19.045067},{"data_set_T":969.0,"data_set_KO":3.8125079,"data_set_NAI":19.045067},{"data_set_T":970.0,"data_set_KO":3.8125079,"data_set_NAI":19.045067},{"data_set_T":971.0,"data_set_KO":3.8125079,"data_set_NAI":19.045067},{"data_set_T":972.0,"data_set_KO":3.8125079,"data_set_NAI":19.045069},{"data_set_T":973.0,"data_set_KO":3.8125079,"data_set_NAI":19.045069},{"data_set_T":974.0,"data_set_KO":3.8125079,"data_set_NAI":19.045069},{"data_set_T":975.0,"data_set_KO":3.8125076,"data_set_NAI":19.045069},{"data_set_T":976.0,"data_set_KO":3.8125076,"data_set_NAI":19.045069},{"data_set_T":977.0,"data_set_KO":3.8125076,"data_set_NAI":19.045069},{"data_set_T":978.0,"data_set_KO":3.8125076,"data_set_NAI":19.045069},{"data_set_T":979.0,"data_set_KO":3.8125076,"data_set_NAI":19.045071},{"data_set_T":980.0,"data_set_KO":3.8125076,"data_set_NAI":19.045071},{"data_set_T":981.0,"data_set_KO":3.8125076,"data_set_NAI":19.045071},{"data_set_T":982.0,"data_set_KO":3.8125076,"data_set_NAI":19.045071},{"data_set_T":983.0,"data_set_KO":3.8125076,"data_set_NAI":19.045071},{"data_set_T":984.0,"data_set_KO":3.8125076,"data_set_NAI":19.045071},{"data_set_T":985.0,"data_set_KO":3.8125076,"data_set_NAI":19.045071},{"data_set_T":986.0,"data_set_KO":3.8125076,"data_set_NAI":19.045073},{"data_set_T":987.0,"data_set_KO":3.8125076,"data_set_NAI":19.045073},{"data_set_T":988.0,"data_set_KO":3.8125076,"data_set_NAI":19.045073},{"data_set_T":989.0,"data_set_KO":3.8125074,"data_set_NAI":19.045073},{"data_set_T":990.0,"data_set_KO":3.8125074,"data_set_NAI":19.045073},{"data_set_T":991.0,"data_set_KO":3.8125074,"data_set_NAI":19.045073},{"data_set_T":992.0,"data_set_KO":3.8125074,"data_set_NAI":19.045073},{"data_set_T":993.0,"data_set_KO":3.8125074,"data_set_NAI":19.045073},{"data_set_T":994.0,"data_set_KO":3.8125074,"data_set_NAI":19.045074},{"data_set_T":995.0,"data_set_KO":3.8125074,"data_set_NAI":19.045074},{"data_set_T":996.0,"data_set_KO":3.8125074,"data_set_NAI":19.045074},{"data_set_T":997.0,"data_set_KO":3.8125074,"data_set_NAI":19.045074},{"data_set_T":998.0,"data_set_KO":3.8125074,"data_set_NAI":19.045074},{"data_set_T":999.0,"data_set_KO":3.8125074,"data_set_NAI":19.045074},{"data_set_T":1000.0,"data_set_KO":3.8125074,"data_set_NAI":19.045074}]