[{"data_set_value_component_environment_variable_time":0.0,"data_set_value_component_S1_variable_S1":5.8,"data_set_value_component_S2_variable_S2":0.9,"data_set_value_component_S3_variable_S3":0.2,"data_set_value_component_S4_variable_S4":0.2,"data_set_value_component_S4_ex_variable_S4_ex":0.1,"data_set_value_component_S4_ex_variable_phi":0.1,"data_set_value_component_A3_variable_A3":2.4,"data_set_value_component_A2_variable_A":4.0,"data_set_value_component_A2_variable_A2":1.6,"data_set_value_component_N2_variable_N2":0.1,"data_set_value_component_N1_variable_N":1.0,"data_set_value_component_N1_variable_N1":0.9,"data_set_value_component_v1_variable_v1":3.0609173718,"data_set_value_component_v1_variable_K_I":0.52,"data_set_value_component_v1_variable_k_1":100.0,"data_set_value_component_v1_variable_q":4.0,"data_set_value_component_v1_variable_f_A3":0.0021989349,"data_set_value_component_v2_variable_v2":4.86,"data_set_value_component_v2_variable_k_2":6.0,"data_set_value_component_v3_variable_v3":5.12,"data_set_value_component_v3_variable_k_3":16.0,"data_set_value_component_v4_variable_v4":2.0,"data_set_value_component_v4_variable_k_4":100.0,"data_set_value_component_v5_variable_v5":3.072,"data_set_value_component_v5_variable_k_5":1.28,"data_set_value_component_v6_variable_v6":1.08,"data_set_value_component_v6_variable_k_6":12.0,"data_set_value_component_v7_variable_v7":0.13,"data_set_value_component_v7_variable_k":1.3,"data_set_value_component_glucose_influx_rate_variable_Jo":3.0,"data_set_value_component_S4_flux_rate_across_the_plasma_membrane_variable_J":1.3,"data_set_value_component_S4_flux_rate_across_the_plasma_membrane_variable_kappa":13.0},{"data_set_value_component_environment_variable_time":0.1,"data_set_value_component_S1_variable_S1":5.8071368329,"data_set_value_component_S2_variable_S2":0.8802766875,"data_set_value_component_S3_variable_S3":0.1871985233,"data_set_value_component_S4_variable_S4":0.2266469058,"data_set_value_component_S4_ex_variable_S4_ex":0.1029458646,"data_set_value_component_S4_ex_variable_phi":0.1,"data_set_value_component_A3_variable_A3":2.4619053495,"data_set_value_component_A2_variable_A":4.0,"data_set_value_component_A2_variable_A2":1.5380946505,"data_set_value_component_N2_variable_N2":0.1365667025,"data_set_value_component_N1_variable_N":1.0,"data_set_value_component_N1_variable_N1":0.8634332975,"data_set_value_component_v1_variable_v1":2.8398659586,"data_set_value_component_v1_variable_K_I":0.52,"data_set_value_component_v1_variable_k_1":100.0,"data_set_value_component_v1_variable_q":4.0,"data_set_value_component_v1_variable_f_A3":0.0019863896,"data_set_value_component_v2_variable_v2":4.5603612178,"data_set_value_component_v2_variable_k_2":6.0,"data_set_value_component_v3_variable_v3":4.6068647567,"data_set_value_component_v3_variable_k_3":16.0,"data_set_value_component_v4_variable_v4":3.0952420559,"data_set_value_component_v4_variable_k_4":100.0,"data_set_value_component_v5_variable_v5":3.1512388474,"data_set_value_component_v5_variable_k_5":1.28,"data_set_value_component_v6_variable_v6":1.4425978139,"data_set_value_component_v6_variable_k_6":12.0,"data_set_value_component_v7_variable_v7":0.133829624,"data_set_value_component_v7_variable_k":1.3,"data_set_value_component_glucose_influx_rate_variable_Jo":3.0,"data_set_value_component_S4_flux_rate_across_the_plasma_membrane_variable_J":1.6081135357,"data_set_value_component_S4_flux_rate_across_the_plasma_membrane_variable_kappa":13.0},{"data_set_value_component_environment_variable_time":0.2,"data_set_value_component_S1_variable_S1":5.8278986546,"data_set_value_component_S2_variable_S2":0.849120588,"data_set_value_component_S3_variable_S3":0.1833852383,"data_set_value_component_S4_variable_S4":0.2190755503,"data_set_value_component_S4_ex_variable_S4_ex":0.1048271782,"data_set_value_component_S4_ex_variable_phi":0.1,"data_set_value_component_A3_variable_A3":2.4889963015,"data_set_value_component_A2_variable_A":4.0,"data_set_value_component_A2_variable_A2":1.5110036985,"data_set_value_component_N2_variable_N2":0.1370880202,"data_set_value_component_N1_variable_N":1.0,"data_set_value_component_N1_variable_N1":0.8629119798,"data_set_value_component_v1_variable_v1":2.7582017329,"data_set_value_component_v1_variable_K_I":0.52,"data_set_value_component_v1_variable_k_1":100.0,"data_set_value_component_v1_variable_q":4.0,"data_set_value_component_v1_variable_f_A3":0.0019014713,"data_set_value_component_v2_variable_v2":4.3962979662,"data_set_value_component_v2_variable_k_2":6.0,"data_set_value_component_v3_variable_v3":4.4335323724,"data_set_value_component_v3_variable_k_3":16.0,"data_set_value_component_v4_variable_v4":3.0032633455,"data_set_value_component_v4_variable_k_4":100.0,"data_set_value_component_v5_variable_v5":3.185915266,"data_set_value_component_v5_variable_k_5":1.28,"data_set_value_component_v6_variable_v6":1.3968511235,"data_set_value_component_v6_variable_k_6":12.0,"data_set_value_component_v7_variable_v7":0.1362753316,"data_set_value_component_v7_variable_k":1.3,"data_set_value_component_glucose_influx_rate_variable_Jo":3.0,"data_set_value_component_S4_flux_rate_across_the_plasma_membrane_variable_J":1.4852288376,"data_set_value_component_S4_flux_rate_across_the_plasma_membrane_variable_kappa":13.0},{"data_set_value_component_environment_variable_time":0.3,"data_set_value_component_S1_variable_S1":5.8530466423,"data_set_value_component_S2_variable_S2":0.8277033644,"data_set_value_component_S3_variable_S3":0.1796029725,"data_set_value_component_S4_variable_S4":0.2148997859,"data_set_value_component_S4_ex_variable_S4_ex":0.105633559,"data_set_value_component_S4_ex_variable_phi":0.1,"data_set_value_component_A3_variable_A3":2.4949283316,"data_set_value_component_A2_variable_A":4.0,"data_set_value_component_A2_variable_A2":1.5050716684,"data_set_value_component_N2_variable_N2":0.1365862169,"data_set_value_component_N1_variable_N":1.0,"data_set_value_component_N1_variable_N1":0.8634137831,"data_set_value_component_v1_variable_v1":2.7504412737,"data_set_value_component_v1_variable_K_I":0.52,"data_set_value_component_v1_variable_k_1":100.0,"data_set_value_component_v1_variable_q":4.0,"data_set_value_component_v1_variable_f_A3":0.0018834857,"data_set_value_component_v2_variable_v2":4.2879029591,"data_set_value_component_v2_variable_k_2":6.0,"data_set_value_component_v3_variable_v3":4.3250455271,"data_set_value_component_v3_variable_k_3":16.0,"data_set_value_component_v4_variable_v4":2.9352348766,"data_set_value_component_v4_variable_k_4":100.0,"data_set_value_component_v5_variable_v5":3.1935082645,"data_set_value_component_v5_variable_k_5":1.28,"data_set_value_component_v6_variable_v6":1.3566344552,"data_set_value_component_v6_variable_k_6":12.0,"data_set_value_component_v7_variable_v7":0.1373236267,"data_set_value_component_v7_variable_k":1.3,"data_set_value_component_glucose_influx_rate_variable_Jo":3.0,"data_set_value_component_S4_flux_rate_across_the_plasma_membrane_variable_J":1.4204609497,"data_set_value_component_S4_flux_rate_across_the_plasma_membrane_variable_kappa":13.0},{"data_set_value_component_environment_variable_time":0.4,"data_set_value_component_S1_variable_S1":5.8756498757,"data_set_value_component_S2_variable_S2":0.8212041874,"data_set_value_component_S3_variable_S3":0.1762452318,"data_set_value_component_S4_variable_S4":0.2127864371,"data_set_value_component_S4_ex_variable_S4_ex":0.1059052144,"data_set_value_component_S4_ex_variable_phi":0.1,"data_set_value_component_A3_variable_A3":2.4811187479,"data_set_value_component_A2_variable_A":4.0,"data_set_value_component_A2_variable_A2":1.5188812521,"data_set_value_component_N2_variable_N2":0.1365403716,"data_set_value_component_N1_variable_N":1.0,"data_set_value_component_N1_variable_N1":0.8634596284,"data_set_value_component_v1_variable_v1":2.807304423,"data_set_value_component_v1_variable_K_I":0.52,"data_set_value_component_v1_variable_k_1":100.0,"data_set_value_component_v1_variable_q":4.0,"data_set_value_component_v1_variable_f_A3":0.0019256886,"data_set_value_component_v2_variable_v2":4.2544599748,"data_set_value_component_v2_variable_k_2":6.0,"data_set_value_component_v3_variable_v3":4.2831292539,"data_set_value_component_v3_variable_k_3":16.0,"data_set_value_component_v4_variable_v4":2.90539392,"data_set_value_component_v4_variable_k_4":100.0,"data_set_value_component_v5_variable_v5":3.1758319973,"data_set_value_component_v5_variable_k_5":1.28,"data_set_value_component_v6_variable_v6":1.3455302989,"data_set_value_component_v6_variable_k_6":12.0,"data_set_value_component_v7_variable_v7":0.1376767787,"data_set_value_component_v7_variable_k":1.3,"data_set_value_component_glucose_influx_rate_variable_Jo":3.0,"data_set_value_component_S4_flux_rate_across_the_plasma_membrane_variable_J":1.3894558958,"data_set_value_component_S4_flux_rate_across_the_plasma_membrane_variable_kappa":13.0},{"data_set_value_component_environment_variable_time":0.5,"data_set_value_component_S1_variable_S1":5.8898814846,"data_set_value_component_S2_variable_S2":0.8303276894,"data_set_value_component_S3_variable_S3":0.1740875287,"data_set_value_component_S4_variable_S4":0.2125704264,"data_set_value_component_S4_ex_variable_S4_ex":0.1059857333,"data_set_value_component_S4_ex_variable_phi":0.1,"data_set_value_component_A3_variable_A3":2.4520568493,"data_set_value_component_A2_variable_A":4.0,"data_set_value_component_A2_variable_A2":1.5479431507,"data_set_value_component_N2_variable_N2":0.137299099,"data_set_value_component_N1_variable_N":1.0,"data_set_value_component_N1_variable_N1":0.862700901,"data_set_value_component_v1_variable_v1":2.9150824794,"data_set_value_component_v1_variable_K_I":0.52,"data_set_value_component_v1_variable_k_1":100.0,"data_set_value_component_v1_variable_q":4.0,"data_set_value_component_v1_variable_f_A3":0.0020184303,"data_set_value_component_v2_variable_v2":4.2979466747,"data_set_value_component_v2_variable_k_2":6.0,"data_set_value_component_v3_variable_v3":4.3116415636,"data_set_value_component_v3_variable_k_3":16.0,"data_set_value_component_v4_variable_v4":2.9185728011,"data_set_value_component_v4_variable_k_4":100.0,"data_set_value_component_v5_variable_v5":3.1386327671,"data_set_value_component_v5_variable_k_5":1.28,"data_set_value_component_v6_variable_v6":1.3680389231,"data_set_value_component_v6_variable_k_6":12.0,"data_set_value_component_v7_variable_v7":0.1377814533,"data_set_value_component_v7_variable_k":1.3,"data_set_value_component_glucose_influx_rate_variable_Jo":3.0,"data_set_value_component_S4_flux_rate_across_the_plasma_membrane_variable_J":1.3856010105,"data_set_value_component_S4_flux_rate_across_the_plasma_membrane_variable_kappa":13.0},{"data_set_value_component_environment_variable_time":0.6,"data_set_value_component_S1_variable_S1":5.8916039895,"data_set_value_component_S2_variable_S2":0.8529044497,"data_set_value_component_S3_variable_S3":0.1735973289,"data_set_value_component_S4_variable_S4":0.2142628387,"data_set_value_component_S4_ex_variable_S4_ex":0.1061375854,"data_set_value_component_S4_ex_variable_phi":0.1,"data_set_value_component_A3_variable_A3":2.414573824,"data_set_value_component_A2_variable_A":4.0,"data_set_value_component_A2_variable_A2":1.585426176,"data_set_value_component_N2_variable_N2":0.1387040241,"data_set_value_component_N1_variable_N":1.0,"data_set_value_component_N1_variable_N1":0.8612959759,"data_set_value_component_v1_variable_v1":3.0534602427,"data_set_value_component_v1_variable_K_I":0.52,"data_set_value_component_v1_variable_k_1":100.0,"data_set_value_component_v1_variable_q":4.0,"data_set_value_component_v1_variable_f_A3":0.0021464374,"data_set_value_component_v2_variable_v2":4.4076190219,"data_set_value_component_v2_variable_k_2":6.0,"data_set_value_component_v3_variable_v3":4.4036119879,"data_set_value_component_v3_variable_k_3":16.0,"data_set_value_component_v4_variable_v4":2.9719117945,"data_set_value_component_v4_variable_k_4":100.0,"data_set_value_component_v5_variable_v5":3.0906544948,"data_set_value_component_v5_variable_k_5":1.28,"data_set_value_component_v6_variable_v6":1.4196153521,"data_set_value_component_v6_variable_k_6":12.0,"data_set_value_component_v7_variable_v7":0.1379788611,"data_set_value_component_v7_variable_k":1.3,"data_set_value_component_glucose_influx_rate_variable_Jo":3.0,"data_set_value_component_S4_flux_rate_across_the_plasma_membrane_variable_J":1.4056282926,"data_set_value_component_S4_flux_rate_across_the_plasma_membrane_variable_kappa":13.0},{"data_set_value_component_environment_variable_time":0.7,"data_set_value_component_S1_variable_S1":5.879113843,"data_set_value_component_S2_variable_S2":0.8843223848,"data_set_value_component_S3_variable_S3":0.1748459718,"data_set_value_component_S4_variable_S4":0.217664474,"data_set_value_component_S4_ex_variable_S4_ex":0.1065539478,"data_set_value_component_S4_ex_variable_phi":0.1,"data_set_value_component_A3_variable_A3":2.3768823394,"data_set_value_component_A2_variable_A":4.0,"data_set_value_component_A2_variable_A2":1.6231176606,"data_set_value_component_N2_variable_N2":0.1403660169,"data_set_value_component_N1_variable_N":1.0,"data_set_value_component_N1_variable_N1":0.8596339831,"data_set_value_component_v1_variable_v1":3.1938054634,"data_set_value_component_v1_variable_K_I":0.52,"data_set_value_component_v1_variable_k_1":100.0,"data_set_value_component_v1_variable_q":4.0,"data_set_value_component_v1_variable_f_A3":0.0022855404,"data_set_value_component_v2_variable_v2":4.561161444,"data_set_value_component_v2_variable_k_2":6.0,"data_set_value_component_v3_variable_v3":4.5407293554,"data_set_value_component_v3_variable_k_3":16.0,"data_set_value_component_v4_variable_v4":3.0552695233,"data_set_value_component_v4_variable_k_4":100.0,"data_set_value_component_v5_variable_v5":3.0424093945,"data_set_value_component_v5_variable_k_5":1.28,"data_set_value_component_v6_variable_v6":1.4895457299,"data_set_value_component_v6_variable_k_6":12.0,"data_set_value_component_v7_variable_v7":0.1385201321,"data_set_value_component_v7_variable_k":1.3,"data_set_value_component_glucose_influx_rate_variable_Jo":3.0,"data_set_value_component_S4_flux_rate_across_the_plasma_membrane_variable_J":1.4444368401,"data_set_value_component_S4_flux_rate_across_the_plasma_membrane_variable_kappa":13.0},{"data_set_value_component_environment_variable_time":0.8,"data_set_value_component_S1_variable_S1":5.8540000594,"data_set_value_component_S2_variable_S2":0.917557353,"data_set_value_component_S3_variable_S3":0.1775185768,"data_set_value_component_S4_variable_S4":0.2222074086,"data_set_value_component_S4_ex_variable_S4_ex":0.1073400048,"data_set_value_component_S4_ex_variable_phi":0.1,"data_set_value_component_A3_variable_A3":2.3478206008,"data_set_value_component_A2_variable_A":4.0,"data_set_value_component_A2_variable_A2":1.6521793992,"data_set_value_component_N2_variable_N2":0.1418149791,"data_set_value_component_N1_variable_N":1.0,"data_set_value_component_N1_variable_N1":0.8581850209,"data_set_value_component_v1_variable_v1":3.2993438043,"data_set_value_component_v1_variable_K_I":0.52,"data_set_value_component_v1_variable_k_1":100.0,"data_set_value_component_v1_variable_q":4.0,"data_set_value_component_v1_variable_f_A3":0.0024005455,"data_set_value_component_v2_variable_v2":4.7246038567,"data_set_value_component_v2_variable_k_2":6.0,"data_set_value_component_v3_variable_v3":4.692680569,"data_set_value_component_v3_variable_k_3":16.0,"data_set_value_component_v4_variable_v4":3.1512339009,"data_set_value_component_v4_variable_k_4":100.0,"data_set_value_component_v5_variable_v5":3.0052103691,"data_set_value_component_v5_variable_k_5":1.28,"data_set_value_component_v6_variable_v6":1.5614805223,"data_set_value_component_v6_variable_k_6":12.0,"data_set_value_component_v7_variable_v7":0.1395420063,"data_set_value_component_v7_variable_k":1.3,"data_set_value_component_glucose_influx_rate_variable_Jo":3.0,"data_set_value_component_S4_flux_rate_across_the_plasma_membrane_variable_J":1.4932762489,"data_set_value_component_S4_flux_rate_across_the_plasma_membrane_variable_kappa":13.0},{"data_set_value_component_environment_variable_time":0.9,"data_set_value_component_S1_variable_S1":5.8216684349,"data_set_value_component_S2_variable_S2":0.9437163549,"data_set_value_component_S3_variable_S3":0.1809673163,"data_set_value_component_S4_variable_S4":0.2269074754,"data_set_value_component_S4_ex_variable_S4_ex":0.1084867011,"data_set_value_component_S4_ex_variable_phi":0.1,"data_set_value_component_A3_variable_A3":2.3356094887,"data_set_value_component_A2_variable_A":4.0,"data_set_value_component_A2_variable_A2":1.6643905113,"data_set_value_component_N2_variable_N2":0.1426159874,"data_set_value_component_N1_variable_N":1.0,"data_set_value_component_N1_variable_N1":0.8573840126,"data_set_value_component_v1_variable_v1":3.3326858547,"data_set_value_component_v1_variable_K_I":0.52,"data_set_value_component_v1_variable_k_1":100.0,"data_set_value_component_v1_variable_q":4.0,"data_set_value_component_v1_variable_f_A3":0.002451019,"data_set_value_component_v2_variable_v2":4.8547638909,"data_set_value_component_v2_variable_k_2":6.0,"data_set_value_component_v3_variable_v3":4.8192045453,"data_set_value_component_v3_variable_k_3":16.0,"data_set_value_component_v4_variable_v4":3.2360633652,"data_set_value_component_v4_variable_k_4":100.0,"data_set_value_component_v5_variable_v5":2.9895801455,"data_set_value_component_v5_variable_k_5":1.28,"data_set_value_component_v6_variable_v6":1.6150684773,"data_set_value_component_v6_variable_k_6":12.0,"data_set_value_component_v7_variable_v7":0.1410327114,"data_set_value_component_v7_variable_k":1.3,"data_set_value_component_glucose_influx_rate_variable_Jo":3.0,"data_set_value_component_S4_flux_rate_across_the_plasma_membrane_variable_J":1.5394700665,"data_set_value_component_S4_flux_rate_across_the_plasma_membrane_variable_kappa":13.0},{"data_set_value_component_environment_variable_time":1.0,"data_set_value_component_S1_variable_S1":5.7905749277,"data_set_value_component_S2_variable_S2":0.9542217919,"data_set_value_component_S3_variable_S3":0.1843176043,"data_set_value_component_S4_variable_S4":0.2305175036,"data_set_value_component_S4_ex_variable_S4_ex":0.1098558642,"data_set_value_component_S4_ex_variable_phi":0.1,"data_set_value_component_A3_variable_A3":2.3453533931,"data_set_value_component_A2_variable_A":4.0,"data_set_value_component_A2_variable_A2":1.6546466069,"data_set_value_component_N2_variable_N2":0.142481699,"data_set_value_component_N1_variable_N":1.0,"data_set_value_component_N1_variable_N1":0.857518301,"data_set_value_component_v1_variable_v1":3.2738742764,"data_set_value_component_v1_variable_K_I":0.52,"data_set_value_component_v1_variable_k_1":100.0,"data_set_value_component_v1_variable_q":4.0,"data_set_value_component_v1_variable_f_A3":0.0024106381,"data_set_value_component_v2_variable_v2":4.9095758987,"data_set_value_component_v2_variable_k_2":6.0,"data_set_value_component_v3_variable_v3":4.8796879757,"data_set_value_component_v3_variable_k_3":16.0,"data_set_value_component_v4_variable_v4":3.2844525562,"data_set_value_component_v4_variable_k_4":100.0,"data_set_value_component_v5_variable_v5":3.0020523432,"data_set_value_component_v5_variable_k_5":1.28,"data_set_value_component_v6_variable_v6":1.6315097053,"data_set_value_component_v6_variable_k_6":12.0,"data_set_value_component_v7_variable_v7":0.1428126234,"data_set_value_component_v7_variable_k":1.3,"data_set_value_component_glucose_influx_rate_variable_Jo":3.0,"data_set_value_component_S4_flux_rate_across_the_plasma_membrane_variable_J":1.5686013128,"data_set_value_component_S4_flux_rate_across_the_plasma_membrane_variable_kappa":13.0}]