[{"R_EX_gm1lipb_e":0.0,"R_EX_gm2lipa_e":0.0,"R_EX_gua_e":0.0,"R_EX_h_e":53.8157450909,"R_EX_h2_e":0.0,"R_EX_h2o_e":-14.2760785479,"R_EX_hdca_e":0.0,"R_EX_hdcea_e":0.0,"R_EX_hxan_e":0.0,"R_EX_ibt_e":0.0,"R_EX_ile__L_e":0.0,"R_EX_isetac_e":0.0,"R_EX_k_e":-0.0087920242,"R_EX_gm1lipa_e":0.0,"R_EX_kdo2lipid4_e":0.0,"R_DM_5drib_c":0.0000950707,"R_DM_amob_c":0.0000000946,"R_EX_kdo2lipid4b_e":0.0,"R_3HAD100":0.0031249331,"R_3HAD120":0.0031249331,"R_EX_leu__L_e":0.0,"R_3HAD121":0.0,"R_EX_lipa_e":0.0,"R_3HAD140":0.0,"R_BIOMASS_Gm_GS15_WT_79p20M":0.0473223761,"R_BIOMASS_Gm_GS15_core_79p20M":0.0,"R_3HAD141":0.0,"R_3HAD160":0.0,"R_EX_2obut_e":0.0,"R_EX_lipb_e":0.0,"R_EX_3httdca_e":0.0,"R_EX_3mb_e":0.0,"R_EX_4crsol_e":0.0,"R_EX_4hba_e":0.0,"R_EX_4hbald_e":0.0,"R_3HAD161":0.0,"R_3HAD180":0.0,"R_3HAD181":0.0004200334,"R_3HAD40":0.0031249331,"R_3HAD60":0.0031249331,"R_3HAD80":0.0031249331,"R_3HOPCD":0.0000105529,"R_3MBt2pp":0.0,"R_3MBt4pp":0.0,"R_3MBtex":0.0,"R_3MMD":0.1342591649,"R_3OAR100":0.0031249331,"R_3OAR120":0.0031249331,"R_3OAR121":0.0,"R_3OAR140":0.0024999465,"R_EX_lys__L_e":0.0,"R_3OAR141":0.0,"R_3OAR160":0.0,"R_3OAR161":0.0,"R_EX_4hbz_e":0.0,"R_EX_meoh_e":0.0000000946,"R_EX_Lcyst_e":0.0,"R_3OAR180":0.0,"R_3OAR181":0.0004200334,"R_3OAR40":0.0031249331,"R_EX_mg2_e":-0.0003907409,"R_3OAR60":0.0031249331,"R_EX_ac_e":-8.88,"R_EX_aso4_e":0.0,"R_EX_btoh_e":0.0,"R_EX_but_e":0.0,"R_3OAR80":0.0031249331,"R_3OAS100":0.0031249331,"R_3OAS120":0.0031249331,"R_3OAS121":0.0,"R_3OAS140":0.0024999465,"R_EX_butso3_e":0.0,"R_3OAS141":0.0,"R_EX_mn2_e":-0.0000311381,"R_3OAS160":0.0,"R_3OAS161":0.0,"R_EX_bz_e":0.0,"R_EX_bzal_e":0.0,"R_EX_bzalc_e":0.0,"R_3OAS180":0.0,"R_EX_ca2_e":-0.0002344351,"R_3OAS181":0.0004200334,"R_3OAS60":0.0031249331,"R_EX_cd2_e":0.0,"R_EX_mn4_e":0.0,"R_EX_cl_e":-0.0002344351,"R_EX_co2_e":15.7516870076,"R_EX_cobalt2_e":-0.0000116886,"R_3OAS80":0.0031249331,"R_3PEPTabcpp":0.0,"R_4HBALDt2pp":0.0000105529,"R_4HBALDtex":0.0,"R_4HBAtex":0.0,"R_EX_cro4_e":0.0,"R_EX_cu_e":0.0,"R_EX_cu2_e":-0.0000319426,"R_4HBCOAH":0.0,"R_4HBZR":0.0000105529,"R_EX_ddca_e":0.0,"R_EX_mobd_e":-0.0000061519,"R_EX_elao_e":0.0,"R_EX_elar_e":0.0,"R_EX_elco_e":0.0,"R_UHBZ1t_pp":0.0,"R_EX_elcr_e":0.0,"R_EX_mso3_e":0.0,"R_EX_ethso3_e":0.0,"R_EX_etoh_e":0.0,"R_EX_fe2_e":62.307459506,"R_4HBZtex":0.0,"R_4PCP":0.0,"R_4PCPpp":0.0,"R_4PEPTabcpp":0.0,"R_EX_fe3_e":-62.3081945645,"R_EX_n2_e":0.0,"R_EX_for_e":0.0,"R_5DOAN":0.0000950707,"R_5HBZIDMT":0.0000105529,"R_EX_na1_e":0.0,"R_5HBZIDS2":0.0000105529,"R_EX_galur_e":0.0,"R_EX_nh4_e":-0.4607892857,"R_EX_glcur_e":0.0,"R_EX_glyc_e":0.0,"R_EX_ni2_e":-0.000014528,"R_CPH4S":0.0,"R_EX_no2_e":0.0,"R_EX_no3_e":0.0,"R_EX_ocdca_e":0.0,"R_EX_ocdcea_e":0.0,"R_EX_oxa_e":0.0,"R_EX_phenol_e":0.0,"R_EX_pi_e":-0.037487414,"R_EX_ppa_e":0.0,"R_A5PISO":0.0012499732,"R_EX_ppoh_e":0.0,"R_AACPS1":0.0030039771,"R_ACONTb":8.037547612,"R_EX_pta_e":0.0,"R_ACOTA":-0.0152682334,"R_AACPS2":0.0,"R_AACPS3":0.0071800348,"R_ACPPAT120":0.0,"R_AACPS4":0.0109340243,"R_ACPPAT140":0.0011894952,"R_EX_pyr_e":0.0,"R_ACPPAT141":0.0,"R_ACPPAT160":0.0035900174,"R_AACPS5":0.0,"R_AACPS6":0.0,"R_ACPPAT161":0.0052569954,"R_ACPPAT180":0.0,"R_AACPS7":0.0,"R_EX_so3_e":-0.011338394,"R_AACPS8":0.0,"R_AACPS9":0.0,"R_ACPPAT181":0.0002100167,"R_EX_so4_e":-0.0001953941,"R_ACACT1r":-0.0000105529,"R_ACACT2r":0.0211180362,"R_EX_sulfac_e":0.0,"R_ACACT3r":0.0211180362,"R_EX_taur_e":0.0,"R_ACACT4r":0.0211180362,"R_ACACT5r":0.0211180362,"R_ACACT6r":0.0211180362,"R_ACACT7r":0.0181140591,"R_ACACT8r":0.0,"R_EX_tc4_e":0.0,"R_ACAFDOR":0.0,"R_EX_tc7_e":0.0,"R_ACBIPGT":0.0000105529,"R_ACCOAC":0.0185463963,"R_EX_tol_e":0.0,"R_ACGAMK":0.0,"R_EX_tsul_e":0.0,"R_ACGAMT":0.0,"R_ACGK":0.0152682334,"R_ACGS":0.0,"R_ACHBS":0.0132881232,"R_ACPS":0.0,"R_ACPS1":0.0,"R_ACITL":0.0,"R_EX_ttdca_e":0.0,"R_ACKr":0.0,"R_ACLS":0.0611063431,"R_ACS":0.0,"R_EX_ttdcea_e":0.0,"R_ACS2":0.0,"R_ACNPLYS":0.0,"R_EX_tungs_e":0.0,"R_ACOAD1f":0.0,"R_ACOAD2f":-0.0211180362,"R_ACOAD3f":-0.0211180362,"R_ACOAD4f":-0.0211180362,"R_ACt2ipp":0.0,"R_ACt2rpp":8.88,"R_ACt4pp":0.0,"R_ACtex":8.88,"R_ADCL":0.0000422116,"R_ADCPS1":0.0,"R_ADCPS2":0.0000105529,"R_ACOAD5f":-0.0211180362,"R_ACOAD6f":-0.0211180362,"R_ACOAD7f":-0.0071800348,"R_ADCS":0.0000422116,"R_EX_u4_e":0.0,"R_ACOAD8f":0.0,"R_ACOATA":0.0031249331,"R_EX_u6_e":0.0,"R_ACONTa":8.037547612,"R_EX_v4_e":0.0,"R_ADCYRS":0.0000105529,"R_ADD":0.0,"R_ADK1":0.345362155,"R_EX_v5_e":0.0,"R_ALAD_L":0.0,"R_EX_val__L_e":0.0,"R_ALAGLUE":0.0,"R_ALAR":0.0013788321,"R_ALATA_L":-0.0263573804,"R_ALATRS":0.0,"R_ALCD1":0.0,"R_ALCD19":0.0000211058,"R_ALCD2x":0.0,"R_ALCD3ir":0.0,"R_ALCD4":0.0,"R_ALDD2x":0.0,"R_AM3PA":0.0,"R_AM4PA":0.0,"R_AM4PCP":0.0,"R_AMALT1":0.0,"R_AMALT2":0.0,"R_AMALT3":0.0,"R_AMALT4":0.0,"R_AMAOTr":0.0000000946,"R_AMMQLT8":0.0000105529,"R_AMPMS2":0.0000105529,"R_ANHMK":0.0,"R_ANPRT":0.002599844,"R_ANS":0.002599844,"R_AOXSr2":0.0000000946,"R_APG3PAT120":0.0,"R_APG3PAT140":0.0011894952,"R_APG3PAT141":0.0,"R_APG3PAT160":0.0035900174,"R_APG3PAT161":0.0052569954,"R_APG3PAT180":0.0,"R_APG3PAT181":0.0002100167,"R_APH120":0.0,"R_APH140":0.0,"R_APH141":0.0,"R_APH160":0.0,"R_APH161":0.0,"R_APH180":0.0,"R_APH181":0.0,"R_APRAUR":0.0000211058,"R_APSR":0.0,"R_ARGDC":0.0017392393,"R_ARGSL":0.0152682334,"R_ARGSS":0.0152682334,"R_ARGTRS":0.0,"R_ASAD":-0.0361916327,"R_ASNS1":0.0110251672,"R_ASNTRS":0.0,"R_ASO3t4pp":0.0,"R_ASO4rt2rpp":0.0,"R_ASO4t4pp":0.0,"R_ASO4tex":0.0,"R_ASP1DC":0.0000272577,"R_ASPCT":0.0111918839,"R_ASPK":0.0361916327,"R_ASPO2":0.0001078477,"R_ASPT":0.0,"R_ASPTA":-0.1099858619,"R_ASPTRS":0.0,"R_ASR2":0.0,"R_ATPM":0.81,"R_ATPPRT":0.0043331207,"R_ATPS10rpp":2.0842500643,"R_BACCL":0.0,"R_CDGS1":0.0,"R_ADK2":0.0,"R_ADK3":-0.0172826996,"R_ADK4":0.0,"R_ADNK1":0.0,"R_ADOCBIK":0.0,"R_ADOCBLS":0.0000105529,"R_ADPRDP":0.0,"R_ADPT":0.0002323529,"R_ADSL1r":0.0107020027,"R_ADSL2r":0.0144466696,"R_ADSS":0.0107020027,"R_AGM3PA":0.0,"R_AGM3PApp":0.0,"R_AGM3PH":0.0,"R_AGM3Pt2pp":0.0,"R_AGM4PA":0.0,"R_AGM4PApp":0.0,"R_AGM4PCP":0.0,"R_AGM4PCPpp":0.0,"R_AGM4PH":0.0,"R_AGM4Pt2pp":0.0,"R_AGMDA":0.0017392393,"R_AGMH":0.0,"R_AGMHE":0.0018749599,"R_AGMt2pp":0.0,"R_AGPAT120":0.0,"R_AGPAT140":0.0011894952,"R_AGPAT141":0.0,"R_AGPAT160":0.0035900174,"R_AGPAT161":0.0052569954,"R_AGPAT180":0.0,"R_AGPAT181":0.0002100167,"R_AGPR":-0.0152682334,"R_AHCi":0.0001372822,"R_AICART":0.0187797903,"R_AIRCr":0.0144466696,"R_AKGDH":7.9861501641,"R_ALAALAr":0.0013788321,"R_ALAALAD":0.0,"R_ALAALAabcpp":0.0001871127,"R_BCOALIG":0.0,"R_BCOALIG2":0.0,"R_BCR6pp":0.0000105529,"R_BZDH":0.0,"R_BMOCOS":0.0000054894,"R_BMOGDS1":0.0000054894,"R_BMOGDS2":0.0000054894,"R_BPNT":0.0,"R_BSCT":0.0,"R_BTOHt2rpp":0.0,"R_BTOHtex":0.0,"R_BTS5":0.0000000946,"R_BUTAFDOR":0.0,"R_BUTKr":0.0,"R_BUTSO3abcpp":0.0,"R_BUTSO3tex":0.0,"R_BUTt2rpp":0.0,"R_BUTt4pp":0.0,"R_BUTtex":0.0,"R_BWCOGDS1":0.0,"R_BWCOGDS2":0.0,"R_BWCOS":0.0,"R_BZALCt2pp":0.0,"R_BZALCtex":0.0,"R_BZALDH":0.0,"R_BZALt2pp":0.0,"R_BZALtex":0.0,"R_BZSCD":0.0,"R_BZSCT":0.0,"R_BZSS":0.0,"R_BZt1pp":0.0,"R_BZtex":0.0,"R_CA2abc1pp":0.0,"R_CA2abcpp":0.0002344351,"R_CA2tex":0.0002344351,"R_CAMPP":0.0,"R_CBIAT":0.0,"R_CBLAT":0.0,"R_CBMKr":0.0264601173,"R_CBPAH":0.0017392393,"R_CBPS":0.0,"R_CCGS":0.0,"R_CD2t4pp":0.0,"R_CD2tex":0.0,"R_CDGR":0.0,"R_CTECOAI7":-0.0109340243,"R_CTECOAI8":0.0,"R_CDGUNPD":0.0,"R_CDPMEK":0.0002291349,"R_CFAS160E":0.0,"R_CFAS160G":0.0,"R_CFAS180E":0.0,"R_CFAS180G":0.0,"R_CHDCCH":0.0000105529,"R_CHORM":0.0147913185,"R_CHORS":0.0174650327,"R_CITCIa":0.1342591649,"R_CITCIb":0.1342591649,"R_CITMS":0.1342591649,"R_CLPNS120pp":0.0,"R_CLPNS140pp":0.0000577333,"R_CLPNS141pp":0.0,"R_CLPNS160pp":0.0001742883,"R_CLPNS161pp":0.0002552096,"R_CLPNS180pp":0.0,"R_CLPNS181pp":0.0000101743,"R_CLt3_2pp":0.0001172175,"R_CLtex":0.0002344351,"R_CMPDAi":0.0,"R_CO2tex":-15.7516870076,"R_CO2tpp":-15.7509248334,"R_COBALT2tex":0.0000116886,"R_COBALTt4pp":0.0,"R_CODH4":0.0,"R_Cobalt2abcppI":0.0000116886,"R_CPC2MT":0.0000105529,"R_CPC3MT":0.0000105529,"R_CPC4MT":0.0000105529,"R_CPC5MT":0.0000105529,"R_CPC6MT":0.0000105529,"R_CPC6R":0.0000105529,"R_CTPS1":0.0073402211,"R_CTPS2":0.0,"R_CU2abcpp":0.0,"R_CU2tex":0.0000319426,"R_CUabcpp":0.0000319426,"R_CUtex":0.0,"R_CYOO2pp":0.0,"R_CYRDAAT":0.0000105529,"R_CYRDAR":0.0000052764,"R_CYRDAS":0.0000105529,"R_CYSLY3":0.0,"R_CPC8MM":0.0000105529,"R_CPMPS":0.00001131,"R_CPPPGOAN2":0.0000211058,"R_CRESt2ipp":0.0000105529,"R_CREStex":0.0,"R_CYSS":0.0042984807,"R_CYSTL":0.0,"R_CYSTRS":0.0,"R_CRO4abcpp":0.0,"R_EX_zn2_e":-0.0000153798,"R_CRO4t3pp":0.0,"R_CRO4tex":0.0,"R_CS":8.037547612,"R_CSND":0.0,"R_CYTBCYTC":0.0,"R_CYTBD2pp":0.0,"R_CYTBMQOR2pp":0.0,"R_CYTK1":0.011725633,"R_CYTK2":-0.0015290806,"R_CYTMQOR3pp":31.1540867293,"R_DADK":0.0,"R_DADNC":0.0,"R_DAGK120":0.0,"R_CSPMDDC":0.0002872468,"R_CSPMDDH":0.0002872468,"R_CTECOAI6":0.0,"R_DHFR":0.0015712922,"R_DAGK140":0.0,"R_DAGK141":0.0,"R_DAGK160":0.0,"R_DHFS":0.0000422116,"R_DAGK161":0.0,"R_13PPDH":0.0,"R_DAGK180":0.0,"R_DAGK181":0.0,"R_DALAt2pp":0.0013788321,"R_DHNAOT4":0.0000211058,"R_DHNAS":0.0000211058,"R_DHNPA2r":0.0000422116,"R_2AGPEAT120":0.0,"R_DHORD5":0.0111918839,"R_DHORTS":-0.0111918839,"R_DAPDC":0.0156954125,"R_DAPE":0.0172613572,"R_DASYN120":0.0,"R_DHPPDA2":0.0000211058,"R_DHPS2":0.0000422116,"R_DHQTi":0.0174650327,"R_DHQS":0.0174650327,"R_DASYN140":0.0011894952,"R_DASYN141":0.0,"R_DASYN160":0.0035900174,"R_DASYN161":0.0052569954,"R_DASYN180":0.0,"R_DHXFUTC":0.0000211058,"R_DLTO":0.0,"R_DASYN181":0.0002100167,"R_DMATT":0.0000342614,"R_2AGPEAT140":0.0,"R_DMPPS":0.0000342614,"R_DB4PS":0.0000422116,"R_DBTS":0.0000000946,"R_DNMPPA":0.0000422116,"R_2AGPEAT141":0.0,"R_DNTPPA":0.0000422116,"R_DCMPDA":0.0015290806,"R_2AGPEAT160":0.0,"R_DDCAtexi":0.0,"R_DPCOAK":0.0000272577,"R_DPLPTAT":0.0,"R_DDPA":0.0174650327,"R_2AGPEAT161":0.0,"R_DGK1":0.0,"R_DPR":0.0000272577,"R_2AGPEAT180":0.0,"R_DTMPK":0.0015290806,"R_DGUNC":0.0,"R_DHAD1":0.0611063431,"R_DHAD2":0.0132881232,"R_DHDPRy":0.0172613572,"R_DHDPS":0.0172613572,"R_DUTPDP":0.0,"R_DXPRIi":0.0002291349,"R_DXPS":0.0002502407,"R_E4PD":0.0000105529,"R_EAR100x":0.0,"R_EAR100y":0.0031249331,"R_2AGPEAT181":0.0,"R_EAR120x":0.0,"R_EAR120y":0.0031249331,"R_EAR121x":0.0,"R_EAR121y":0.0,"R_ECOAH5":0.0211180362,"R_ECOAH6":0.0211180362,"R_ECOAH7":0.0181140591,"R_ECOAH8":0.0,"R_EDTXS1":0.0006249866,"R_EAR140x":0.0,"R_EAR140y":0.0,"R_EDTXS1N":0.0,"R_EAR141x":0.0,"R_EDTXS2":0.0006249866,"R_2AGPGAT120":0.0,"R_EDTXS2N":0.0,"R_EGMEACPR":0.0000000946,"R_ELCYTI":0.0,"R_ELCYTO":0.0,"R_ENO":-0.1903648106,"R_EAR141y":0.0,"R_EAR160x":0.0,"R_EAR160y":0.0,"R_EAR161x":0.0,"R_EAR161y":0.0,"R_EAR180x":0.0,"R_EAR180y":0.0,"R_EAR181x":0.0,"R_EPMEACPR":0.0000000946,"R_ETHSO3abcpp":0.0,"R_ETHSO3tex":0.0,"R_ETOHtex":0.0,"R_EAR181y":0.0004200334,"R_EAR40x":0.0,"R_EAR40y":0.0031249331,"R_ETOHtrpp":0.0,"R_FA100ACPHi":0.0,"R_EAR60x":0.0,"R_2AGPGAT140":0.0,"R_EAR60y":0.0031249331,"R_EAR80x":0.0,"R_EAR80y":0.0031249331,"R_FA120ACPHi":0.0,"R_FA140ACPHi":0.0,"R_FA141ACPHi":0.0,"R_FA160ACPHi":0.0,"R_ECOAH1":-0.0000105529,"R_ECOAH2":0.0211180362,"R_ECOAH3":0.0211180362,"R_FA161ACPHi":0.0,"R_FA80ACPHi":0.0,"R_FACOAE140":0.0030039771,"R_FACOAE160":0.0071800348,"R_ECOAH4":0.0211180362,"R_2AGPGAT141":0.0,"R_FACOAE161":0.0109340243,"R_FACOAL100t2pp":0.0,"R_2AGPGAT160":0.0,"R_FACOAL120t2pp":0.0,"R_FACOAL140t2pp":0.0,"R_FACOAL141t2pp":0.0,"R_GLCP":0.0,"R_GLCS1":0.0087557753,"R_2AGPGAT161":0.0,"R_FACOAL160t2pp":0.0,"R_FADMQOR":0.0,"R_FACOAL161t2pp":0.0,"R_2AGPGAT180":0.0,"R_FACOAL180t2pp":0.0,"R_FACOAL181t2pp":0.0,"R_FACOAL40It2pp":0.0,"R_FACOAL40t2pp":0.0,"R_FBA":-0.0454590102,"R_FBP":0.0454590102,"R_FCLT":0.0000211058,"R_FDH5r2pp":0.0007621742,"R_FE2Gabcpp":0.0007350585,"R_FE2t4pp":0.0,"R_FE2tex":0.0007350585,"R_FACOAL50It2pp":0.0,"R_FACOAL50t2pp":0.0,"R_FACOAL60t2pp":0.0,"R_FE3Gabcpp":0.0,"R_2AGPGAT181":0.0,"R_FE3tex":0.0,"R_FERCYT":62.3081945645,"R_FACOAL80t2pp":0.0,"R_GLCTR4":0.0006249866,"R_GLCTR4N":0.0,"R_2OBUTt2ipp":0.0,"R_GLCURt2rpp":0.0,"R_GLCURtex":0.0,"R_FESD1s":0.0,"R_FESD2s":0.0,"R_FESR":0.0,"R_FLNDPR2r":-3.7122057304,"R_FMETTRS":0.0,"R_FMNAT":0.0000105529,"R_GLGC":0.0087557753,"R_GLNS":0.0714952609,"R_2OBUTtex":0.0,"R_GLNTRS":0.0,"R_GLU5K":0.0101105676,"R_GLUDy":-0.3600982009,"R_FOLR2":0.0,"R_FORt2pp":-0.0007621742,"R_FORtex":0.0,"R_GLUPRT":0.0144677754,"R_GLUR":-0.0015659447,"R_FRD2rpp":8.1071165682,"R_UM4PL":0.0,"R_FRDPPCR2":0.0,"R_FRNDPR2r":0.0,"R_HDR3":0.0,"R_FTHFCL":0.0,"R_FUM":8.1475334739,"R_GLUSx":0.0,"R_GLUSz":0.0,"R_GLUTCOADHc":0.0000105529,"R_GLUTRR":0.0003376925,"R_GLUTRS":0.0003376925,"R_FUTH":0.0000211058,"R_FUTS":0.0000211058,"R_GLYCLTDx":0.0,"R_G1PACT":0.0043818627,"R_G1PTT":0.0,"R_G1SAT":0.0003376925,"R_GLYCTO3":0.0000422116,"R_GLYCtex":0.0,"R_GLYCtpp":-0.0004974055,"R_GLYK":0.0005185113,"R_G3PD1ir":0.0125134559,"R_GLYTA":0.0000422116,"R_G3PD2":0.0,"R_HEMEOS":0.0000105529,"R_G3PD":0.0,"R_G5SADs":0.0101105676,"R_G5SD":0.0101105676,"R_G6PDH2r":0.0,"R_GLYTRS":0.0,"R_GM1LIPA3ODAex":0.0,"R_GM1LIPAabcpp":0.0006249866,"R_GM1LIPAabctex":0.0006249866,"R_GM2LIPAabcpp":0.0,"R_GM2LIPAabctex":0.0,"R_GMAND":0.0,"R_GMHEPAT":0.0018749599,"R_GALUi":0.0012499732,"R_GALURt2rpp":0.0,"R_GALURtex":0.0,"R_GAPD":-0.123588253,"R_GMHEPK":0.0018749599,"R_HEPT1":0.0006249866,"R_GMHEPPA":0.0018749599,"R_GMPS2":0.0080777876,"R_GARFT":0.0144677754,"R_GART":0.0,"R_GCALDD":0.0000422116,"R_GCCa":0.0000904331,"R_GCCb":0.0000904331,"R_GND":0.0,"R_GOFUCR":0.0,"R_GRTT":0.0000342614,"R_GTPCI":0.0000422116,"R_GCCc":0.0000904331,"R_GDMANE":0.0,"R_GTPCII2":0.0000211058,"R_GDPDPK":0.0,"R_GTPDPK":0.0,"R_HEPT1N":0.0,"R_GUAPRT":0.0,"R_GUAt2pp":0.0,"R_GUAtex":0.0,"R_GDPTPDP":0.0,"R_GF6PTA":0.0043818627,"R_GHBDHy":0.0,"R_GHMT2r":0.0425473117,"R_GK1":0.0080883405,"R_GUI1":0.0,"R_GUI2":0.0,"R_H2Otex":14.2760785479,"R_HEPT2":0.0006249866,"R_H2Otpp":14.2749221783,"R_HEPT2N":0.0,"R_H2tex":0.0,"R_HEPT5":0.0006249866,"R_H2tpp":0.0,"R_HACD1":-0.0000105529,"R_HACD2":0.0211180362,"R_HACD3":0.0211180362,"R_HACD4":0.0211180362,"R_HACD5":0.0211180362,"R_GLA":0.0,"R_IOR2b":0.0,"R_IOR3b":0.0,"R_IORb":0.0,"R_HACD6":0.0211180362,"R_HEPT5N":0.0,"R_HACD7":0.0181140591,"R_HACD8":0.0,"R_HCITS":0.0,"R_IPDPS":0.0001948735,"R_HCO3E":0.1377781988,"R_HEX1":0.0,"R_HDCAtexi":0.0,"R_IPMD":0.0206065287,"R_IPPMIa":-0.0206065287,"R_IPPMIb":-0.0206065287,"R_IPPS":0.0206065287,"R_HDCEAtexi":0.0,"R_MOATN":0.0,"R_ISETACabcpp":0.0,"R_HEX4":0.0,"R_ISETACtex":0.0,"R_K2L4A3ODAex":0.0,"R_K2L4Aabcpp":0.0,"R_MAN6PI":0.0,"R_K2L4Aabctex":0.0,"R_HEX7":0.0,"R_KARA1":-0.0611063431,"R_KARA2":0.0132881232,"R_KAS14":0.0031249331,"R_KAS15":0.0,"R_MBCOAi":0.0,"R_MCCC":0.0,"R_MCITD":0.0,"R_MCITL2":0.0,"R_MCITS":0.0,"R_MCOATA":0.0185448347,"R_KDOCT2":0.0012499732,"R_KDOPP":0.0012499732,"R_KDOPS":0.0012499732,"R_Kt2pp":0.46958131,"R_MCSNAH":0.0,"R_HGR":0.0,"R_MCTP1App":0.0006493103,"R_Kt3pp":0.0,"R_Ktex":0.0087920242,"R_MCTP1Bpp":0.0000763783,"R_MCTP2App":0.0000381892,"R_LA4NTGM1pp":0.0006249866,"R_LA4NTGM2pp":0.0,"R_HISTD":0.0043331207,"R_LACD":0.0,"R_MDDCP1pp":0.0003093937,"R_MDDCP2pp":0.0000381892,"R_MDDCP3pp":0.0,"R_MDDCP4pp":0.0003055606,"R_MDDCP5pp":0.0,"R_MDDEP1pp":0.0,"R_MDDEP2pp":0.0,"R_LADGMDH":0.0,"R_LALGP":0.0,"R_LCD":0.0,"R_LCYSTabcpp":0.0,"R_LCYSTtex":0.0,"R_MDDEP3pp":0.0003055606,"R_MDDEP4pp":0.0,"R_MDH":8.1475334739,"R_ME2":0.0,"R_LDAPAT":-0.0172613572,"R_LDGUNPD":0.0,"R_MECDPDH4":0.0002291349,"R_HISTP":0.0043331207,"R_HISTRS":0.0,"R_MECDPS":0.0002291349,"R_HKtpp":0.0,"R_MEOHtex":-0.0000000946,"R_MEOHtrpp":-0.0000000946,"R_HMBS":0.0000422116,"R_MEPCT":0.0002291349,"R_AHSERL2":0.0070399133,"R_LEUTA":-0.0206065287,"R_LEUTRS":0.0,"R_METAT":0.0002430004,"R_METOX1s":0.0,"R_LEUabcpp":0.0,"R_HMGL":0.0,"R_LEUtex":0.0,"R_LIPA3ODAex":0.0,"R_LIPAabcpp":0.0,"R_LIPAabctex":0.0,"R_METOX2s":0.0,"R_METS":0.0071771955,"R_METSOXR1":0.0,"R_METSOXR2":0.0,"R_METTRS":0.0,"R_LPADSS":0.0006249866,"R_LPADSSN":0.0,"R_MG2tex":0.0003907409,"R_MG2uabcpp":0.0,"R_LPD5":0.0,"R_HMPK1":0.0,"R_LYSTRS":0.0,"R_LYSt3pp":0.0,"R_LYStex":0.0,"R_MGCH":0.0,"R_MGt2pp":0.0003907409,"R_LacR":0.0,"R_MICITDr":0.0,"R_HMPK2":0.0,"R_MLDCP1App":0.000034356,"R_MLDCP1Bpp":0.0,"R_MLDCP2App":0.0,"R_MLDCP2Bpp":0.0,"R_MACPD":0.0,"R_MALCOAMT":0.0000000946,"R_MAN1PT":0.0,"R_MAN1PT2":0.0,"R_UM4PCP":0.0,"R_MLDCP3App":0.0000763783,"R_MLDEP1pp":0.0000763783,"R_MLDEP2pp":0.0,"R_MLTGY1pp":0.0,"R_MLTGY2pp":0.0,"R_MOBDabcpp":0.0000061519,"R_MLTGY3pp":0.0,"R_HMPK3":0.0,"R_MLTGY4pp":0.0,"R_MME":-0.1209710417,"R_MOBDtex":0.0000061519,"R_MOCOS":0.0000058207,"R_MOGDS":0.0000003313,"R_MOHMT":0.0000272577,"R_MOSDC":0.1342591649,"R_MOTH1":0.0,"R_MMM2":-0.1209710417,"R_MNCYT":0.0,"R_MNabc_1":0.0000311381,"R_MOTH2":0.0,"R_HMPK4":0.0,"R_MOTH3":0.0,"R_MOTH4":0.0,"R_MNtex":0.0000311381,"R_MOADSUx":0.0000226201,"R_MOAT":0.0006249866,"R_MOTS1":0.0,"R_MOTS2":0.0,"R_MOTS3":0.0,"R_MOTS4":0.0,"R_MOAT2":0.0006249866,"R_MOAT2N":0.0,"R_MPTAT":0.00001131,"R_HMPSCD":0.0,"R_MPTG":0.0007638778,"R_MPTG2":0.0000381892,"R_MPTS":0.00001131,"R_NH4t4pp":0.4607892857,"R_MPTSS":0.0000226201,"R_HOCCD":0.0000105529,"R_MSO3abcpp":0.0,"R_MSO3tex":0.0,"R_NH4tex":0.4607892857,"R_NI2t4pp":0.0,"R_MTAP":0.0,"R_MTHFC":0.0338831052,"R_NI2tex":0.000014528,"R_HP5CD":0.0,"R_NI2uabcpp":0.000014528,"R_NIT1b":0.0,"R_MTHFD":0.0338831052,"R_MTHFR":0.0,"R_MTHFR3":0.0071877484,"R_NNAM":0.0,"R_HPPK2":0.0000422116,"R_NNATr":0.0001078477,"R_NNDMBRT":0.0000105529,"R_NNDPR":0.0001078477,"R_NO2tex":0.0,"R_MTI":0.0,"R_MTRI":0.0,"R_N2OR":0.0,"R_N2tex":0.0,"R_NO3R2pp":0.0,"R_NO3R3pp":0.0,"R_N2trpp":0.0,"R_NO3t2pp":0.0,"R_NAD_H2":0.0,"R_HSDy":-0.0186430286,"R_NADFADOR":-0.1127327366,"R_NADH10":0.0,"R_NO3t7pp":0.0,"R_NO3tex":0.0,"R_NORRDX":0.0,"R_NADH17pp":23.0349633386,"R_NADK":0.0000211531,"R_HSERTA":0.0070399133,"R_NADPC":0.0,"R_NADPHQR3":0.0,"R_NORZpp":0.0,"R_NPPDO":0.0,"R_NTPP1":0.0,"R_NTPP10":0.0,"R_NTPP11":0.0,"R_NADS1":0.0001078477,"R_NAMNPP":0.0000105529,"R_NAt3_2pp":0.0,"R_NAtex":0.0,"R_NDPK1":0.0,"R_NTPP2":0.0,"R_NTPP3":0.0,"R_NTPP4":0.0,"R_NDPK2":0.0168237199,"R_HSTPT":0.0043331207,"R_NDPK3":0.007981108,"R_NDPK4":0.0015290806,"R_NTPP5":0.0,"R_NTPP6":0.0,"R_NTPP7":0.0,"R_NTPP8":0.0,"R_NDPK5":0.002242702,"R_NDPK6":0.0,"R_HVCD":0.0,"R_NDPK7":0.002242702,"R_NDPK8":0.0015290806,"R_NTPTP1":0.0,"R_NTRIR4pp":0.0,"R_NTRIRfcpp":0.0,"R_HXANt2pp":0.0,"R_OBDHc":0.1209710417,"R_OIVD3":0.0,"R_OMCDC":0.0206065287,"R_OCBT":0.0152682334,"R_OCDCAtexi":0.0,"R_OCDCEAtexi":0.0,"R_OCHCCH":0.0000105529,"R_OMCPPCI":0.0,"R_OMCPPCI2":0.0,"R_OCOAT1":0.0,"R_OMCPPCO":62.3081945645,"R_HXPRT":0.0000211058,"R_OMPDC":0.0111918839,"R_OCOAT2r":0.0,"R_OCOAT3r":0.0,"R_OCTDPS":0.0000211058,"R_OGCOAAT":0.0000105529,"R_OOR2r":0.0,"R_OPMEACPD":0.0000000946,"R_OPMEACPR":0.0000000946,"R_OGMEACPD":0.0000000946,"R_HYD4pp":0.0,"R_OGMEACPR":0.0000000946,"R_OGMEACPS":0.0000000946,"R_OHPBAT":0.0000105529,"R_OPMEACPS":0.0000000946,"R_ORNTAC":0.0152682334,"R_ORPT":-0.0111918839,"R_OIVD1r":0.0,"R_OXFOt4pp":0.0,"R_OXFOtex":0.0,"R_P5CD":0.0,"R_P5CR":0.0101105676,"R_OIVD2":0.1336427436,"R_PA120abcpp":0.0,"R_HYXNtex":0.0,"R_PA140abcpp":0.0,"R_PA141abcpp":0.0,"R_PA160abcpp":0.0,"R_PA161abcpp":0.0,"R_PGMT":-0.0100057485,"R_PGP120abcpp":0.0,"R_PGP140abcpp":0.0,"R_PGP141abcpp":0.0,"R_PA180abcpp":0.0,"R_PA181abcpp":0.0,"R_PACCOAL":0.0,"R_PGP160abcpp":0.0,"R_PGP161abcpp":0.0,"R_PACCOAL2":0.0,"R_Htex":-53.8157450909,"R_PACCOAL3":0.0,"R_PANTS":0.0000272577,"R_PGP180abcpp":0.0,"R_PGP181abcpp":0.0,"R_PAPPT3":0.0015659447,"R_PGPP120":0.0,"R_PBUTT":0.0,"R_PGPP120pp":0.0,"R_PGPP140":0.0003233538,"R_PGPP140pp":0.0,"R_PGPP141":0.0,"R_I2FE2SR":0.0000000946,"R_PGPP141pp":0.0,"R_PGPP160":0.0009759294,"R_PGPP160pp":0.0,"R_PC":0.0,"R_PCMEH2pp":0.0000105529,"R_PCMEH3pp":0.0000105529,"R_PGPP161":0.0014290884,"R_PDE1":0.0,"R_I2FE2SS":0.000012919,"R_PDH":3.1730869335,"R_PDX5PO2":0.0000105529,"R_PGPP161pp":0.0,"R_PGPP180":0.0,"R_PGPP180pp":0.0,"R_PDX5PS":0.0000105529,"R_PGPP181":0.0000570708,"R_I2FE2SS2":0.0000117359,"R_PGPP181pp":0.0,"R_PGSA120":0.0,"R_PE120abcpp":0.0,"R_PE140abcpp":0.0006236143,"R_PE141abcpp":0.0,"R_PGSA140":0.0003233538,"R_PGSA141":0.0,"R_PE160abcpp":0.0018821529,"R_PE161abcpp":0.0027561025,"R_PE180abcpp":0.0,"R_PE181abcpp":0.0000428268,"R_PGSA160":0.0009759294,"R_PGSA161":0.0014290884,"R_PGSA180":0.0,"R_PGSA181":0.0000570708,"R_PEPCK_re":0.0,"R_I2FE2ST":0.0000012777,"R_PERD":0.0000105529,"R_PFK":0.0,"R_VNDH_2":0.0000105529,"R_PHENOLt2pp":0.0,"R_PHENOLtex":0.0,"R_PG120abcpp":0.0,"R_I4FE4SR":0.0000117359,"R_PG140abcpp":0.0002111051,"R_PG141abcpp":0.0,"R_PHEPC":0.0,"R_I4FE4ST":0.0000117359,"R_PHEPS":0.0,"R_PG160abcpp":0.0006371485,"R_PG161abcpp":0.000933008,"R_PG180abcpp":0.0,"R_IBTMr":-0.0211180362,"R_PG181abcpp":0.0000401767,"R_PGAMT":-0.0043818627,"R_PHETA1":-0.0084736393,"R_PHETRS":0.0,"R_PICH":0.0,"R_PIt2rpp":0.037487414,"R_PIt7ipp":0.0,"R_PGCD":0.0667765575,"R_PGI":-0.0100057485,"R_PGK":0.123588253,"R_PGL":0.0,"R_PItex":0.037487414,"R_PIuabcpp":0.0,"R_PGLUSYN":0.0,"R_PMANM":0.0,"R_PGM":0.1903648106,"R_IBTtex":0.0,"R_PMDPHT":0.0000211058,"R_PMEACPE":0.0000000946,"R_PMPK":0.0000105529,"R_PNTK":0.0000272577,"R_PPCK":0.0,"R_POR":0.0,"R_ICDHyr":8.037547612,"R_POR3b":0.0,"R_POR5":-3.7121846246,"R_PPCOAC":0.1209710417,"R_PPCSCT":0.7854823519,"R_PPA":0.0,"R_PPA2":0.0,"R_PPDK":0.2281318998,"R_ICYSDS":0.0000825775,"R_PPGPPDP":0.0,"R_PPK2":-0.0000105529,"R_PPAAFDOR":0.0,"R_PPAKr":-0.7854823519,"R_PPA_1pp":0.0,"R_PPK":-0.3755955219,"R_PPM":0.0001372822,"R_PPNCL":0.0000272577,"R_PPAt2pp":0.0,"R_PPAt4pp":0.0,"R_PPAtex":0.0,"R_PPBNGS":0.0001688462,"R_PPND":0.0063176792,"R_PPNDH":0.0084736393,"R_PPC":0.0,"R_IG3PS":0.0043331207,"R_PPCCYTC1pp":62.3081734587,"R_PPCDC":0.0000272577,"R_PPOHt2pp":0.0,"R_PPOHtex":0.0,"R_PPPGO2":0.0,"R_PPPGO4":0.0000211058,"R_IGPDH":0.0043331207,"R_PPS":0.0,"R_IGPS":0.002599844,"R_PRAGSr":0.0144677754,"R_RBFSb":0.0000211058,"R_RBK":0.0,"R_RDXR":0.0,"R_PRAIi":0.002599844,"R_ILETA":-0.0132881232,"R_PRAIS":0.0144677754,"R_RNDR1":0.0015290806,"R_RNDR2":0.002242702,"R_ILETRS":0.0,"R_RNDR3":0.0037717827,"R_RNDR4":0.0,"R_PRAMPC":0.0043331207,"R_PRASCSi":0.0144466696,"R_ILEabcpp":0.0,"R_PRATPP":0.0043331207,"R_PRFGS":0.0144677754,"R_PRMICI":0.0043331207,"R_PRO1y":0.0,"R_ROO":0.0,"R_RPE":-0.029196439,"R_RPI":-0.0279042542,"R_RZ5PP":0.0000105529,"R_S7PI":0.0018749599,"R_SADT2":0.0,"R_SELCYSLY3":0.0,"R_PROTRS":0.0,"R_PRPPS":0.0329644832,"R_PS120abcpp":0.0,"R_PS140abcpp":0.0,"R_SELCYSS":0.0,"R_PS141abcpp":0.0,"R_SELNPS":0.0,"R_ILEtex":0.0,"R_SERAT":0.0042984807,"R_SERD_L":0.0,"R_SERTRS":0.0,"R_PS160abcpp":0.0,"R_PS161abcpp":0.0,"R_PS180abcpp":0.0,"R_PS181abcpp":0.0,"R_PSCVT":0.0174650327,"R_SHCHCC":0.0000105529,"R_SHCHD2":0.0000105529,"R_IMPC":-0.0187797903,"R_SHCHF":0.0000105529,"R_SHK3Dr":0.0174650327,"R_SHKK":0.0174650327,"R_SO3abcpp":0.011338394,"R_SO3tex":0.011338394,"R_PSD120":0.0,"R_PSD140":0.0008661414,"R_PSD141":0.0,"R_PSD160":0.0026140881,"R_PSD161":0.003827907,"R_PSD180":0.0,"R_PSD181":0.0001529459,"R_PSERT":0.0667765575,"R_SO4tex":0.0001953941,"R_SPMS":0.0,"R_PSP_L":0.0551628893,"R_IMPD":0.0080777876,"R_PSSA120":0.0,"R_PSSA140":0.0008661414,"R_SPODM":0.0,"R_PSSA141":0.0,"R_THRTRS":0.0,"R_PSSA160":0.0026140881,"R_PSSA161":0.003827907,"R_PSSA180":0.0,"R_PSSA181":0.0001529459,"R_SSALy":0.0,"R_SSCOARy":0.0,"R_STPT1":0.0116031154,"R_STPT2":0.0000105529,"R_SUCBZT1":0.0,"R_PTA2":-0.7854823519,"R_PTAr":0.0,"R_SUCBZT2":0.0000105529,"R_THZPSN3":0.0000105529,"R_SUCOAACTr":8.8925883672,"R_SUCOAS":0.0,"R_SULFACabcpp":0.0,"R_SULFACtex":0.0,"R_SULR2pp":0.0,"R_SULR3":0.0,"R_SULR":0.011338394,"R_SULRpp":0.0,"R_SULabcpp":0.0001953941,"R_PTAtex":0.0,"R_PTPATi":0.0000272577,"R_PUNP1":0.0001372822,"R_PUTA3":0.0,"R_PYK":0.0,"R_PYRt2rpp":0.0,"R_PYRt4pp":0.0,"R_PYRtex":0.0,"R_QULNS":0.0001078477,"R_RBFK":0.0000105529,"R_RBFSa":0.0000422116,"R_T2DECAI":0.0,"R_TALA":-0.0067979066,"R_TAURabcpp":0.0,"R_TAURtex":0.0,"R_TCFERCYT":0.0,"R_UPLA4FNF":0.0006249866,"R_UPLA4FNT":0.0006249866,"R_UPP3MT":0.0000211058,"R_UPP3S":0.0000422116,"R_UPPDC1":0.0000211058,"R_TCURCYT":0.0,"R_TDPDRE":0.0,"R_TDPDRR":0.0,"R_TDPGDH":0.0,"R_TDSK":0.0006249866,"R_UPPRT":0.0,"R_TDSKN":0.0,"R_TKT1":-0.0049229468,"R_THRA2":0.0,"R_THRA":-0.0000105529,"R_URCYT":0.0,"R_UMPK":0.0133828153,"R_USHD":0.0006249866,"R_THRD_L":0.0,"R_TKT2":-0.0242734923,"R_THRPDC":0.0000105529,"R_USHDN":0.0,"R_VACOAI":0.0,"R_THRS":0.0116031154,"R_TMDS":0.0015290806,"R_VALTA":-0.0193545206,"R_TMPK":0.0000105529,"R_VALTRS":0.0,"R_VALabcpp":0.0,"R_VALtex":0.0,"R_TMPPP":0.0000105529,"R_VANCYT":0.0,"R_VCACT":0.0,"R_TOLt2pp":0.0,"R_VCOAD":0.0,"R_VECOAH":0.0,"R_TOLtex":0.0,"R_VOR1b":0.0,"R_VOR2b":-0.1125247074,"R_VOR3b":0.0,"R_TPI":-0.0580803138,"R_WCOS":0.0,"R_TRDR":0.0075435653,"R_ZN2t4pp":0.0,"R_TRPS1":0.002599844,"R_ZNabcpp":0.0000153798,"R_Zn2tex":0.0000153798,"R_TRPTA":0.0,"R_TRPTRS":0.0,"R_TSULabcpp":0.0,"R_TSULtex":0.0,"R_TTDCAtexi":0.0,"R_TTDCEAtexi":0.0,"R_TUNGSabcpp":0.0,"R_TUNGStex":0.0,"R_TYRL":0.0000105529,"R_TYRTA":-0.0063176792,"R_TYRTRS":0.0,"R_U23GAAT":0.0012499732,"R_U23GAATN":0.0,"R_UAAGDS":0.0015659447,"R_UACGAMDH":0.0,"R_UACGAMOAT":0.0,"R_UACMAMO":0.0,"R_UAG2E":0.0,"R_UAGAAT":0.0012499732,"R_UAGAATN":0.0,"R_UAGCVT":0.0015659447,"R_UAGDP":0.0043818627,"R_UAGPT3":0.0015659447,"R_UAMAGS":0.0015659447,"R_UAMAS":0.0015659447,"R_UAPGR":0.0015659447,"R_UDCPDP":0.0015659447,"R_UDCPDPS":0.0000026027,"R_UDCPDPpp":0.0,"R_UDCPPtppi":0.0006249866,"R_UDPG4E":0.0,"R_UDPGD":0.0006249866,"R_UDPGDC":0.0006249866,"R_UDPGLDC":0.0,"R_UDPKAAT":0.0006249866,"R_UGLT":0.0,"R_UGMDDS":0.0015659447,"R_UHGADA":0.0012499732,"R_UHGADAN":0.0,"R_ULA4NFT":0.0006249866,"R_ULA4Ntppi":0.0006249866,"R_UM3PL":0.0}]