[{"data_set_value_component_environment_variable_time":0.0,"data_set_value_component_uninfected_CD4_variable_T":178.81,"data_set_value_component_uninfected_CD4_variable_s":0.0,"data_set_value_component_uninfected_CD4_variable_lambda":0.01,"data_set_value_component_uninfected_CD4_variable_Tmax":450.0,"data_set_value_component_uninfected_CD4_variable_mu":0.0014,"data_set_value_component_uninfected_long_lived_cells_variable_M":49.2,"data_set_value_component_uninfected_long_lived_cells_variable_lambda_M":2.0,"data_set_value_component_uninfected_long_lived_cells_variable_mu_M":0.04,"data_set_value_component_productively_infected_CD4_variable_T1_star":1.19,"data_set_value_component_productively_infected_CD4_variable_m11":1.0,"data_set_value_component_productively_infected_CD4_variable_k1":0.0000000343,"data_set_value_component_productively_infected_CD4_variable_m21":0.000034,"data_set_value_component_productively_infected_CD4_variable_k2":0.0000000343,"data_set_value_component_productively_infected_CD4_variable_delta1":0.69,"data_set_value_component_productively_infected_CD4_variable_T2_star":0.004,"data_set_value_component_productively_infected_CD4_variable_m22":1.0,"data_set_value_component_productively_infected_CD4_variable_m12":0.000034,"data_set_value_component_productively_infected_CD4_variable_delta2":0.69,"data_set_value_component_productively_infected_long_lived_cells_variable_M1_star":0.49,"data_set_value_component_productively_infected_long_lived_cells_variable_k1_M":0.0000000047,"data_set_value_component_productively_infected_long_lived_cells_variable_k2_M":0.0000000047,"data_set_value_component_productively_infected_long_lived_cells_variable_delta1_M":0.062,"data_set_value_component_productively_infected_long_lived_cells_variable_M2_star":0.0017,"data_set_value_component_productively_infected_long_lived_cells_variable_delta2_M":0.062,"data_set_value_component_virus_strain1_variable_V1_I":133500.0,"data_set_value_component_virus_strain1_variable_N1":480.1,"data_set_value_component_virus_strain1_variable_N1_M":534.4,"data_set_value_component_virus_strain1_variable_V1":133500.0,"data_set_value_component_virus_strain1_variable_c1":3.07,"data_set_value_component_virus_strain2_variable_V2_I":450.0,"data_set_value_component_virus_strain2_variable_N2":475.3,"data_set_value_component_virus_strain2_variable_N2_M":529.0,"data_set_value_component_virus_strain2_variable_c2":3.07,"data_set_value_component_virus_strain2_variable_V2":450.0,"data_set_value_component_drug_parameters_variable_r1":0.9,"data_set_value_component_drug_parameters_variable_r2":0.25,"data_set_value_component_drug_parameters_variable_p1":0.99,"data_set_value_component_drug_parameters_variable_p2":0.25},{"data_set_value_component_environment_variable_time":0.1,"data_set_value_component_uninfected_CD4_variable_T":178.8850378825,"data_set_value_component_uninfected_CD4_variable_s":0.0,"data_set_value_component_uninfected_CD4_variable_lambda":0.01,"data_set_value_component_uninfected_CD4_variable_Tmax":450.0,"data_set_value_component_uninfected_CD4_variable_mu":0.0014,"data_set_value_component_uninfected_long_lived_cells_variable_M":49.20292337,"data_set_value_component_uninfected_long_lived_cells_variable_lambda_M":2.0,"data_set_value_component_uninfected_long_lived_cells_variable_mu_M":0.04,"data_set_value_component_productively_infected_CD4_variable_T1_star":1.1174606875,"data_set_value_component_productively_infected_CD4_variable_m11":1.0,"data_set_value_component_productively_infected_CD4_variable_k1":0.0000000343,"data_set_value_component_productively_infected_CD4_variable_m21":0.000034,"data_set_value_component_productively_infected_CD4_variable_k2":0.0000000343,"data_set_value_component_productively_infected_CD4_variable_delta1":0.69,"data_set_value_component_productively_infected_CD4_variable_T2_star":0.0039055172,"data_set_value_component_productively_infected_CD4_variable_m22":1.0,"data_set_value_component_productively_infected_CD4_variable_m12":0.000034,"data_set_value_component_productively_infected_CD4_variable_delta2":0.69,"data_set_value_component_productively_infected_long_lived_cells_variable_M1_star":0.4872346687,"data_set_value_component_productively_infected_long_lived_cells_variable_k1_M":0.0000000047,"data_set_value_component_productively_infected_long_lived_cells_variable_k2_M":0.0000000047,"data_set_value_component_productively_infected_long_lived_cells_variable_delta1_M":0.062,"data_set_value_component_productively_infected_long_lived_cells_variable_M2_star":0.001696158,"data_set_value_component_productively_infected_long_lived_cells_variable_delta2_M":0.062,"data_set_value_component_virus_strain1_variable_V1_I":98209.7205445897,"data_set_value_component_virus_strain1_variable_N1":480.1,"data_set_value_component_virus_strain1_variable_N1_M":534.4,"data_set_value_component_virus_strain1_variable_V1":98243.6220756956,"data_set_value_component_virus_strain1_variable_c1":3.07,"data_set_value_component_virus_strain2_variable_V2_I":331.1301956866,"data_set_value_component_virus_strain2_variable_N2":475.3,"data_set_value_component_virus_strain2_variable_N2_M":529.0,"data_set_value_component_virus_strain2_variable_c2":3.07,"data_set_value_component_virus_strain2_variable_V2":331.159311734,"data_set_value_component_drug_parameters_variable_r1":0.9,"data_set_value_component_drug_parameters_variable_r2":0.25,"data_set_value_component_drug_parameters_variable_p1":0.99,"data_set_value_component_drug_parameters_variable_p2":0.25},{"data_set_value_component_environment_variable_time":0.2,"data_set_value_component_uninfected_CD4_variable_T":178.9620177149,"data_set_value_component_uninfected_CD4_variable_s":0.0,"data_set_value_component_uninfected_CD4_variable_lambda":0.01,"data_set_value_component_uninfected_CD4_variable_Tmax":450.0,"data_set_value_component_uninfected_CD4_variable_mu":0.0014,"data_set_value_component_uninfected_long_lived_cells_variable_M":49.2059064926,"data_set_value_component_uninfected_long_lived_cells_variable_lambda_M":2.0,"data_set_value_component_uninfected_long_lived_cells_variable_mu_M":0.04,"data_set_value_component_productively_infected_CD4_variable_T1_star":1.0479618794,"data_set_value_component_productively_infected_CD4_variable_m11":1.0,"data_set_value_component_productively_infected_CD4_variable_k1":0.0000000343,"data_set_value_component_productively_infected_CD4_variable_m21":0.000034,"data_set_value_component_productively_infected_CD4_variable_k2":0.0000000343,"data_set_value_component_productively_infected_CD4_variable_delta1":0.69,"data_set_value_component_productively_infected_CD4_variable_T2_star":0.0037719027,"data_set_value_component_productively_infected_CD4_variable_m22":1.0,"data_set_value_component_productively_infected_CD4_variable_m12":0.000034,"data_set_value_component_productively_infected_CD4_variable_delta2":0.69,"data_set_value_component_productively_infected_long_lived_cells_variable_M1_star":0.4844168468,"data_set_value_component_productively_infected_long_lived_cells_variable_k1_M":0.0000000047,"data_set_value_component_productively_infected_long_lived_cells_variable_k2_M":0.0000000047,"data_set_value_component_productively_infected_long_lived_cells_variable_delta1_M":0.062,"data_set_value_component_productively_infected_long_lived_cells_variable_M2_star":0.0016905796,"data_set_value_component_productively_infected_long_lived_cells_variable_delta2_M":0.062,"data_set_value_component_virus_strain1_variable_V1_I":72248.3205053934,"data_set_value_component_virus_strain1_variable_N1":480.1,"data_set_value_component_virus_strain1_variable_N1_M":534.4,"data_set_value_component_virus_strain1_variable_V1":72305.1497115869,"data_set_value_component_virus_strain1_variable_c1":3.07,"data_set_value_component_virus_strain2_variable_V2_I":243.6808586875,"data_set_value_component_virus_strain2_variable_N2":475.3,"data_set_value_component_virus_strain2_variable_N2_M":529.0,"data_set_value_component_virus_strain2_variable_c2":3.07,"data_set_value_component_virus_strain2_variable_V2":243.7305683552,"data_set_value_component_drug_parameters_variable_r1":0.9,"data_set_value_component_drug_parameters_variable_r2":0.25,"data_set_value_component_drug_parameters_variable_p1":0.99,"data_set_value_component_drug_parameters_variable_p2":0.25},{"data_set_value_component_environment_variable_time":0.3,"data_set_value_component_uninfected_CD4_variable_T":179.0404342996,"data_set_value_component_uninfected_CD4_variable_s":0.0,"data_set_value_component_uninfected_CD4_variable_lambda":0.01,"data_set_value_component_uninfected_CD4_variable_Tmax":450.0,"data_set_value_component_uninfected_CD4_variable_mu":0.0014,"data_set_value_component_uninfected_long_lived_cells_variable_M":49.2089302522,"data_set_value_component_uninfected_long_lived_cells_variable_lambda_M":2.0,"data_set_value_component_uninfected_long_lived_cells_variable_mu_M":0.04,"data_set_value_component_productively_infected_CD4_variable_T1_star":0.9817750722,"data_set_value_component_productively_infected_CD4_variable_m11":1.0,"data_set_value_component_productively_infected_CD4_variable_k1":0.0000000343,"data_set_value_component_productively_infected_CD4_variable_m21":0.000034,"data_set_value_component_productively_infected_CD4_variable_k2":0.0000000343,"data_set_value_component_productively_infected_CD4_variable_delta1":0.69,"data_set_value_component_productively_infected_CD4_variable_T2_star":0.0036137603,"data_set_value_component_productively_infected_CD4_variable_m22":1.0,"data_set_value_component_productively_infected_CD4_variable_m12":0.000034,"data_set_value_component_productively_infected_CD4_variable_delta2":0.69,"data_set_value_component_productively_infected_long_lived_cells_variable_M1_star":0.4815652497,"data_set_value_component_productively_infected_long_lived_cells_variable_k1_M":0.0000000047,"data_set_value_component_productively_infected_long_lived_cells_variable_k2_M":0.0000000047,"data_set_value_component_productively_infected_long_lived_cells_variable_delta1_M":0.062,"data_set_value_component_productively_infected_long_lived_cells_variable_M2_star":0.0016837406,"data_set_value_component_productively_infected_long_lived_cells_variable_delta2_M":0.062,"data_set_value_component_virus_strain1_variable_V1_I":53149.7778196207,"data_set_value_component_virus_strain1_variable_N1":480.1,"data_set_value_component_virus_strain1_variable_N1_M":534.4,"data_set_value_component_virus_strain1_variable_V1":53221.5518762678,"data_set_value_component_virus_strain1_variable_c1":3.07,"data_set_value_component_virus_strain2_variable_V2_I":179.3455509643,"data_set_value_component_virus_strain2_variable_N2":475.3,"data_set_value_component_virus_strain2_variable_N2_M":529.0,"data_set_value_component_virus_strain2_variable_c2":3.07,"data_set_value_component_virus_strain2_variable_V2":179.4093643991,"data_set_value_component_drug_parameters_variable_r1":0.9,"data_set_value_component_drug_parameters_variable_r2":0.25,"data_set_value_component_drug_parameters_variable_p1":0.99,"data_set_value_component_drug_parameters_variable_p2":0.25},{"data_set_value_component_environment_variable_time":0.4,"data_set_value_component_uninfected_CD4_variable_T":179.1199154295,"data_set_value_component_uninfected_CD4_variable_s":0.0,"data_set_value_component_uninfected_CD4_variable_lambda":0.01,"data_set_value_component_uninfected_CD4_variable_Tmax":450.0,"data_set_value_component_uninfected_CD4_variable_mu":0.0014,"data_set_value_component_uninfected_long_lived_cells_variable_M":49.2119805988,"data_set_value_component_uninfected_long_lived_cells_variable_lambda_M":2.0,"data_set_value_component_uninfected_long_lived_cells_variable_mu_M":0.04,"data_set_value_component_productively_infected_CD4_variable_T1_star":0.9190284298,"data_set_value_component_productively_infected_CD4_variable_m11":1.0,"data_set_value_component_productively_infected_CD4_variable_k1":0.0000000343,"data_set_value_component_productively_infected_CD4_variable_m21":0.000034,"data_set_value_component_productively_infected_CD4_variable_k2":0.0000000343,"data_set_value_component_productively_infected_CD4_variable_delta1":0.69,"data_set_value_component_productively_infected_CD4_variable_T2_star":0.0034415525,"data_set_value_component_productively_infected_CD4_variable_m22":1.0,"data_set_value_component_productively_infected_CD4_variable_m12":0.000034,"data_set_value_component_productively_infected_CD4_variable_delta2":0.69,"data_set_value_component_productively_infected_long_lived_cells_variable_M1_star":0.478693616,"data_set_value_component_productively_infected_long_lived_cells_variable_k1_M":0.0000000047,"data_set_value_component_productively_infected_long_lived_cells_variable_k2_M":0.0000000047,"data_set_value_component_productively_infected_long_lived_cells_variable_delta1_M":0.062,"data_set_value_component_productively_infected_long_lived_cells_variable_M2_star":0.0016759911,"data_set_value_component_productively_infected_long_lived_cells_variable_delta2_M":0.062,"data_set_value_component_virus_strain1_variable_V1_I":39099.9161958868,"data_set_value_component_virus_strain1_variable_N1":480.1,"data_set_value_component_virus_strain1_variable_N1_M":534.4,"data_set_value_component_virus_strain1_variable_V1":39180.8581528186,"data_set_value_component_virus_strain1_variable_c1":3.07,"data_set_value_component_virus_strain2_variable_V2_I":132.0137440663,"data_set_value_component_virus_strain2_variable_N2":475.3,"data_set_value_component_virus_strain2_variable_N2_M":529.0,"data_set_value_component_virus_strain2_variable_c2":3.07,"data_set_value_component_virus_strain2_variable_V2":132.0867539607,"data_set_value_component_drug_parameters_variable_r1":0.9,"data_set_value_component_drug_parameters_variable_r2":0.25,"data_set_value_component_drug_parameters_variable_p1":0.99,"data_set_value_component_drug_parameters_variable_p2":0.25},{"data_set_value_component_environment_variable_time":0.5,"data_set_value_component_uninfected_CD4_variable_T":179.2001867923,"data_set_value_component_uninfected_CD4_variable_s":0.0,"data_set_value_component_uninfected_CD4_variable_lambda":0.01,"data_set_value_component_uninfected_CD4_variable_Tmax":450.0,"data_set_value_component_uninfected_CD4_variable_mu":0.0014,"data_set_value_component_uninfected_long_lived_cells_variable_M":49.2150472088,"data_set_value_component_uninfected_long_lived_cells_variable_lambda_M":2.0,"data_set_value_component_uninfected_long_lived_cells_variable_mu_M":0.04,"data_set_value_component_productively_infected_CD4_variable_T1_star":0.8597494192,"data_set_value_component_productively_infected_CD4_variable_m11":1.0,"data_set_value_component_productively_infected_CD4_variable_k1":0.0000000343,"data_set_value_component_productively_infected_CD4_variable_m21":0.000034,"data_set_value_component_productively_infected_CD4_variable_k2":0.0000000343,"data_set_value_component_productively_infected_CD4_variable_delta1":0.69,"data_set_value_component_productively_infected_CD4_variable_T2_star":0.0032627132,"data_set_value_component_productively_infected_CD4_variable_m22":1.0,"data_set_value_component_productively_infected_CD4_variable_m12":0.000034,"data_set_value_component_productively_infected_CD4_variable_delta2":0.69,"data_set_value_component_productively_infected_long_lived_cells_variable_M1_star":0.4758120239,"data_set_value_component_productively_infected_long_lived_cells_variable_k1_M":0.0000000047,"data_set_value_component_productively_infected_long_lived_cells_variable_k2_M":0.0000000047,"data_set_value_component_productively_infected_long_lived_cells_variable_delta1_M":0.062,"data_set_value_component_productively_infected_long_lived_cells_variable_M2_star":0.0016675884,"data_set_value_component_productively_infected_long_lived_cells_variable_delta2_M":0.062,"data_set_value_component_virus_strain1_variable_V1_I":28764.1183973017,"data_set_value_component_virus_strain1_variable_N1":480.1,"data_set_value_component_virus_strain1_variable_N1_M":534.4,"data_set_value_component_virus_strain1_variable_V1":28850.0761509376,"data_set_value_component_virus_strain1_variable_c1":3.07,"data_set_value_component_virus_strain2_variable_V2_I":97.1903523605,"data_set_value_component_virus_strain2_variable_N2":475.3,"data_set_value_component_virus_strain2_variable_N2_M":529.0,"data_set_value_component_virus_strain2_variable_c2":3.07,"data_set_value_component_virus_strain2_variable_V2":97.2688778995,"data_set_value_component_drug_parameters_variable_r1":0.9,"data_set_value_component_drug_parameters_variable_r2":0.25,"data_set_value_component_drug_parameters_variable_p1":0.99,"data_set_value_component_drug_parameters_variable_p2":0.25},{"data_set_value_component_environment_variable_time":0.6,"data_set_value_component_uninfected_CD4_variable_T":179.2810461439,"data_set_value_component_uninfected_CD4_variable_s":0.0,"data_set_value_component_uninfected_CD4_variable_lambda":0.01,"data_set_value_component_uninfected_CD4_variable_Tmax":450.0,"data_set_value_component_uninfected_CD4_variable_mu":0.0014,"data_set_value_component_uninfected_long_lived_cells_variable_M":49.2181225005,"data_set_value_component_uninfected_long_lived_cells_variable_lambda_M":2.0,"data_set_value_component_uninfected_long_lived_cells_variable_mu_M":0.04,"data_set_value_component_productively_infected_CD4_variable_T1_star":0.8038958582,"data_set_value_component_productively_infected_CD4_variable_m11":1.0,"data_set_value_component_productively_infected_CD4_variable_k1":0.0000000343,"data_set_value_component_productively_infected_CD4_variable_m21":0.000034,"data_set_value_component_productively_infected_CD4_variable_k2":0.0000000343,"data_set_value_component_productively_infected_CD4_variable_delta1":0.69,"data_set_value_component_productively_infected_CD4_variable_T2_star":0.0030824652,"data_set_value_component_productively_infected_CD4_variable_m22":1.0,"data_set_value_component_productively_infected_CD4_variable_m12":0.000034,"data_set_value_component_productively_infected_CD4_variable_delta2":0.69,"data_set_value_component_productively_infected_long_lived_cells_variable_M1_star":0.472927858,"data_set_value_component_productively_infected_long_lived_cells_variable_k1_M":0.0000000047,"data_set_value_component_productively_infected_long_lived_cells_variable_k2_M":0.0000000047,"data_set_value_component_productively_infected_long_lived_cells_variable_delta1_M":0.062,"data_set_value_component_productively_infected_long_lived_cells_variable_M2_star":0.0016587219,"data_set_value_component_productively_infected_long_lived_cells_variable_delta2_M":0.062,"data_set_value_component_virus_strain1_variable_V1_I":21160.5727332886,"data_set_value_component_virus_strain1_variable_N1":480.1,"data_set_value_component_virus_strain1_variable_N1_M":534.4,"data_set_value_component_virus_strain1_variable_V1":21248.589203634,"data_set_value_component_virus_strain1_variable_c1":3.07,"data_set_value_component_virus_strain2_variable_V2_I":71.5686964362,"data_set_value_component_virus_strain2_variable_N2":475.3,"data_set_value_component_virus_strain2_variable_N2_M":529.0,"data_set_value_component_virus_strain2_variable_c2":3.07,"data_set_value_component_virus_strain2_variable_V2":71.6500031007,"data_set_value_component_drug_parameters_variable_r1":0.9,"data_set_value_component_drug_parameters_variable_r2":0.25,"data_set_value_component_drug_parameters_variable_p1":0.99,"data_set_value_component_drug_parameters_variable_p2":0.25},{"data_set_value_component_environment_variable_time":0.7,"data_set_value_component_uninfected_CD4_variable_T":179.3623442999,"data_set_value_component_uninfected_CD4_variable_s":0.0,"data_set_value_component_uninfected_CD4_variable_lambda":0.01,"data_set_value_component_uninfected_CD4_variable_Tmax":450.0,"data_set_value_component_uninfected_CD4_variable_mu":0.0014,"data_set_value_component_uninfected_long_lived_cells_variable_M":49.2212009091,"data_set_value_component_uninfected_long_lived_cells_variable_lambda_M":2.0,"data_set_value_component_uninfected_long_lived_cells_variable_mu_M":0.04,"data_set_value_component_productively_infected_CD4_variable_T1_star":0.7513784687,"data_set_value_component_productively_infected_CD4_variable_m11":1.0,"data_set_value_component_productively_infected_CD4_variable_k1":0.0000000343,"data_set_value_component_productively_infected_CD4_variable_m21":0.000034,"data_set_value_component_productively_infected_CD4_variable_k2":0.0000000343,"data_set_value_component_productively_infected_CD4_variable_delta1":0.69,"data_set_value_component_productively_infected_CD4_variable_T2_star":0.0029044209,"data_set_value_component_productively_infected_CD4_variable_m22":1.0,"data_set_value_component_productively_infected_CD4_variable_m12":0.000034,"data_set_value_component_productively_infected_CD4_variable_delta2":0.69,"data_set_value_component_productively_infected_long_lived_cells_variable_M1_star":0.470046522,"data_set_value_component_productively_infected_long_lived_cells_variable_k1_M":0.0000000047,"data_set_value_component_productively_infected_long_lived_cells_variable_k2_M":0.0000000047,"data_set_value_component_productively_infected_long_lived_cells_variable_delta1_M":0.062,"data_set_value_component_productively_infected_long_lived_cells_variable_M2_star":0.0016495306,"data_set_value_component_productively_infected_long_lived_cells_variable_delta2_M":0.062,"data_set_value_component_virus_strain1_variable_V1_I":15567.009209066,"data_set_value_component_virus_strain1_variable_N1":480.1,"data_set_value_component_virus_strain1_variable_N1_M":534.4,"data_set_value_component_virus_strain1_variable_V1":15655.0045183894,"data_set_value_component_virus_strain1_variable_c1":3.07,"data_set_value_component_virus_strain2_variable_V2_I":52.7163090292,"data_set_value_component_virus_strain2_variable_N2":475.3,"data_set_value_component_virus_strain2_variable_N2_M":529.0,"data_set_value_component_virus_strain2_variable_c2":3.07,"data_set_value_component_virus_strain2_variable_V2":52.7983891541,"data_set_value_component_drug_parameters_variable_r1":0.9,"data_set_value_component_drug_parameters_variable_r2":0.25,"data_set_value_component_drug_parameters_variable_p1":0.99,"data_set_value_component_drug_parameters_variable_p2":0.25},{"data_set_value_component_environment_variable_time":0.8,"data_set_value_component_uninfected_CD4_variable_T":179.4439711466,"data_set_value_component_uninfected_CD4_variable_s":0.0,"data_set_value_component_uninfected_CD4_variable_lambda":0.01,"data_set_value_component_uninfected_CD4_variable_Tmax":450.0,"data_set_value_component_uninfected_CD4_variable_mu":0.0014,"data_set_value_component_uninfected_long_lived_cells_variable_M":49.2242783537,"data_set_value_component_uninfected_long_lived_cells_variable_lambda_M":2.0,"data_set_value_component_uninfected_long_lived_cells_variable_mu_M":0.04,"data_set_value_component_productively_infected_CD4_variable_T1_star":0.7020771959,"data_set_value_component_productively_infected_CD4_variable_m11":1.0,"data_set_value_component_productively_infected_CD4_variable_k1":0.0000000343,"data_set_value_component_productively_infected_CD4_variable_m21":0.000034,"data_set_value_component_productively_infected_CD4_variable_k2":0.0000000343,"data_set_value_component_productively_infected_CD4_variable_delta1":0.69,"data_set_value_component_productively_infected_CD4_variable_T2_star":0.0027310228,"data_set_value_component_productively_infected_CD4_variable_m22":1.0,"data_set_value_component_productively_infected_CD4_variable_m12":0.000034,"data_set_value_component_productively_infected_CD4_variable_delta2":0.69,"data_set_value_component_productively_infected_long_lived_cells_variable_M1_star":0.4671719619,"data_set_value_component_productively_infected_long_lived_cells_variable_k1_M":0.0000000047,"data_set_value_component_productively_infected_long_lived_cells_variable_k2_M":0.0000000047,"data_set_value_component_productively_infected_long_lived_cells_variable_delta1_M":0.062,"data_set_value_component_productively_infected_long_lived_cells_variable_M2_star":0.0016401168,"data_set_value_component_productively_infected_long_lived_cells_variable_delta2_M":0.062,"data_set_value_component_virus_strain1_variable_V1_I":11452.089898088,"data_set_value_component_virus_strain1_variable_N1":480.1,"data_set_value_component_virus_strain1_variable_N1_M":534.4,"data_set_value_component_virus_strain1_variable_V1":11538.6264852739,"data_set_value_component_virus_strain1_variable_c1":3.07,"data_set_value_component_virus_strain2_variable_V2_I":38.8438087608,"data_set_value_component_virus_strain2_variable_N2":475.3,"data_set_value_component_virus_strain2_variable_N2_M":529.0,"data_set_value_component_virus_strain2_variable_c2":3.07,"data_set_value_component_virus_strain2_variable_V2":38.9252104177,"data_set_value_component_drug_parameters_variable_r1":0.9,"data_set_value_component_drug_parameters_variable_r2":0.25,"data_set_value_component_drug_parameters_variable_p1":0.99,"data_set_value_component_drug_parameters_variable_p2":0.25},{"data_set_value_component_environment_variable_time":0.9,"data_set_value_component_uninfected_CD4_variable_T":179.525845345,"data_set_value_component_uninfected_CD4_variable_s":0.0,"data_set_value_component_uninfected_CD4_variable_lambda":0.01,"data_set_value_component_uninfected_CD4_variable_Tmax":450.0,"data_set_value_component_uninfected_CD4_variable_mu":0.0014,"data_set_value_component_uninfected_long_lived_cells_variable_M":49.2273518449,"data_set_value_component_uninfected_long_lived_cells_variable_lambda_M":2.0,"data_set_value_component_uninfected_long_lived_cells_variable_mu_M":0.04,"data_set_value_component_productively_infected_CD4_variable_T1_star":0.6558529587,"data_set_value_component_productively_infected_CD4_variable_m11":1.0,"data_set_value_component_productively_infected_CD4_variable_k1":0.0000000343,"data_set_value_component_productively_infected_CD4_variable_m21":0.000034,"data_set_value_component_productively_infected_CD4_variable_k2":0.0000000343,"data_set_value_component_productively_infected_CD4_variable_delta1":0.69,"data_set_value_component_productively_infected_CD4_variable_T2_star":0.002563867,"data_set_value_component_productively_infected_CD4_variable_m22":1.0,"data_set_value_component_productively_infected_CD4_variable_m12":0.000034,"data_set_value_component_productively_infected_CD4_variable_delta2":0.69,"data_set_value_component_productively_infected_long_lived_cells_variable_M1_star":0.4643070519,"data_set_value_component_productively_infected_long_lived_cells_variable_k1_M":0.0000000047,"data_set_value_component_productively_infected_long_lived_cells_variable_k2_M":0.0000000047,"data_set_value_component_productively_infected_long_lived_cells_variable_delta1_M":0.062,"data_set_value_component_productively_infected_long_lived_cells_variable_M2_star":0.0016305556,"data_set_value_component_productively_infected_long_lived_cells_variable_delta2_M":0.062,"data_set_value_component_virus_strain1_variable_V1_I":8424.9360352137,"data_set_value_component_virus_strain1_variable_N1":480.1,"data_set_value_component_virus_strain1_variable_N1_M":534.4,"data_set_value_component_virus_strain1_variable_V1":8509.0451730027,"data_set_value_component_virus_strain1_variable_c1":3.07,"data_set_value_component_virus_strain2_variable_V2_I":28.6348792906,"data_set_value_component_virus_strain2_variable_N2":475.3,"data_set_value_component_virus_strain2_variable_N2_M":529.0,"data_set_value_component_virus_strain2_variable_c2":3.07,"data_set_value_component_virus_strain2_variable_V2":28.7145733822,"data_set_value_component_drug_parameters_variable_r1":0.9,"data_set_value_component_drug_parameters_variable_r2":0.25,"data_set_value_component_drug_parameters_variable_p1":0.99,"data_set_value_component_drug_parameters_variable_p2":0.25},{"data_set_value_component_environment_variable_time":1.0,"data_set_value_component_uninfected_CD4_variable_T":179.607906752,"data_set_value_component_uninfected_CD4_variable_s":0.0,"data_set_value_component_uninfected_CD4_variable_lambda":0.01,"data_set_value_component_uninfected_CD4_variable_Tmax":450.0,"data_set_value_component_uninfected_CD4_variable_mu":0.0014,"data_set_value_component_uninfected_long_lived_cells_variable_M":49.2304191966,"data_set_value_component_uninfected_long_lived_cells_variable_lambda_M":2.0,"data_set_value_component_uninfected_long_lived_cells_variable_mu_M":0.04,"data_set_value_component_productively_infected_CD4_variable_T1_star":0.6125560552,"data_set_value_component_productively_infected_CD4_variable_m11":1.0,"data_set_value_component_productively_infected_CD4_variable_k1":0.0000000343,"data_set_value_component_productively_infected_CD4_variable_m21":0.000034,"data_set_value_component_productively_infected_CD4_variable_k2":0.0000000343,"data_set_value_component_productively_infected_CD4_variable_delta1":0.69,"data_set_value_component_productively_infected_CD4_variable_T2_star":0.0024039398,"data_set_value_component_productively_infected_CD4_variable_m22":1.0,"data_set_value_component_productively_infected_CD4_variable_m12":0.000034,"data_set_value_component_productively_infected_CD4_variable_delta2":0.69,"data_set_value_component_productively_infected_long_lived_cells_variable_M1_star":0.4614538778,"data_set_value_component_productively_infected_long_lived_cells_variable_k1_M":0.0000000047,"data_set_value_component_productively_infected_long_lived_cells_variable_k2_M":0.0000000047,"data_set_value_component_productively_infected_long_lived_cells_variable_delta1_M":0.062,"data_set_value_component_productively_infected_long_lived_cells_variable_M2_star":0.0016209023,"data_set_value_component_productively_infected_long_lived_cells_variable_delta2_M":0.062,"data_set_value_component_virus_strain1_variable_V1_I":6197.9976292295,"data_set_value_component_virus_strain1_variable_N1":480.1,"data_set_value_component_virus_strain1_variable_N1_M":534.4,"data_set_value_component_virus_strain1_variable_V1":6279.0513931624,"data_set_value_component_virus_strain1_variable_c1":3.07,"data_set_value_component_virus_strain2_variable_V2_I":21.1211993489,"data_set_value_component_virus_strain2_variable_N2":475.3,"data_set_value_component_virus_strain2_variable_N2_M":529.0,"data_set_value_component_virus_strain2_variable_c2":3.07,"data_set_value_component_virus_strain2_variable_V2":21.1984767674,"data_set_value_component_drug_parameters_variable_r1":0.9,"data_set_value_component_drug_parameters_variable_r2":0.25,"data_set_value_component_drug_parameters_variable_p1":0.99,"data_set_value_component_drug_parameters_variable_p2":0.25}]