_1_task1,sucr_1_task1,trioseP_2_task1
0.0,0.7,1.1
0.2,0.7428722405777884,0.5727947606956345
0.4,0.6857155740318058,0.5569708868903913
0.6000000000000001,0.6995483522632354,0.5546938189638312
0.8,0.7429708599618393,0.5529189354626497
1.0,0.7980898223255426,0.5514420388657506
1.2000000000000002,0.8552342173363404,0.5503069197421013
1.4000000000000001,0.908168518942999,0.5495127001582945
1.6,0.9531891405742052,0.5490260050830238
1.8,0.9887197523172462,0.5487956380154543
2.0,1.0147024638346387,0.5487641882823926
2.2,1.0320299024874824,0.54887574842924
2.4000000000000004,1.0422301076245117,0.5490809230250339
2.6,1.046985453130131,0.5493396676505375
2.8000000000000003,1.047844662900681,0.549621718853148
3.0,1.0461036193266622,0.5499056118260095
3.2,1.0427758194857883,0.5501771848615233
3.4000000000000004,1.0386105878407588,0.550427920198685
3.6,1.0341325204012723,0.5506534571420567
3.8000000000000003,1.0296849149747032,0.5508523270271437
4.0,1.0254724749811248,0.5510249349684652
4.2,1.0215997714416976,0.551172787218682
4.4,1.0181037008753184,0.5512979369734872
4.6000000000000005,1.0149796307839956,0.5514026105206573
4.800000000000001,1.0122005115242698,0.5514889866473585
5.0,1.009729813115745,0.5515590769496019
5.2,1.0075306213274944,0.5516146723441326
5.4,1.005568009387765,0.5516573504394819
5.6000000000000005,1.003811261458345,0.5516884897616326
5.800000000000001,1.002234035046394,0.5517092908455443
6.0,1.0008134371486006,0.5517208009120828
6.2,0.9995293291661022,0.5517239349192966
6.4,0.9983639781625084,0.5517194920130278
6.6000000000000005,0.9973024700395339,0.5517081684504446
6.800000000000001,0.9963322807842787,0.5516905728700205
7.0,0.9954426622969254,0.5516672413155658
7.2,0.9946246337576728,0.5516386487336257
7.4,0.9938709048281903,0.5516052184610345
7.6000000000000005,0.9931752439733975,0.5515673308315654
7.800000000000001,0.9925319399511728,0.5515253294412925
8.0,0.9919358129127992,0.5514795247638358
8.200000000000001,0.9913823355465373,0.5514301970742747
8.4,0.990867669666142,0.5513775993237386
8.6,0.9903882002462663,0.5513219613916399
8.8,0.9899405611359223,0.5512634926145993
9.0,0.9895220139900093,0.5512023830889086
9.200000000000001,0.9891301874140276,0.5511388060745946
9.4,0.9887627189475349,0.551072920275332
9.600000000000001,0.9884176822060781,0.5510048712180761
9.8,0.9880934091483125,0.5509347932732469
10.0,0.9877881835504773,0.5508628098375192
10.200000000000001,0.9875002699433811,0.5507890351494169
10.4,0.98722887182358,0.5507135746934861
10.600000000000001,0.9869731161189312,0.5506365268935165
10.8,0.9867312011821,0.5505579826437624
11.0,0.9865019119966801,0.550478026369794
11.200000000000001,0.9862844345878475,0.550396734670185
11.4,0.9860781648307507,0.5503141797287924
11.600000000000001,0.9858832085374011,0.550230428547521
11.8,0.9856977759788975,0.5501455441313448
12.0,0.9855206409212744,0.5500595856255593
12.200000000000001,0.9853522529041093,0.5499726070940526
12.4,0.9851923253343632,0.5498846605560079
12.600000000000001,0.985040822799223,0.5497957962608044
12.8,0.9848968179200102,0.5497060609553435
13.0,0.984758057305742,0.5496154990676297
13.200000000000001,0.9846245995409756,0.5495241463811822
13.4,0.9844958336037453,0.549432035809941
13.600000000000001,0.984373764497539,0.5493392015877763
13.8,0.9842596848994792,0.5492456764025563
14.0,0.9841516374149831,0.549151503256904
14.200000000000001,0.9840479075588433,0.5490567209448914
14.4,0.9839452025778475,0.5489613580527067
14.600000000000001,0.98384467795686,0.5488654245847435
14.8,0.9837496608166026,0.5487689334193881
15.0,0.9836614441714029,0.54867191114441
15.200000000000001,0.9835785445601777,0.5485743968940949
15.4,0.9834958315546211,0.5484764268261407
15.600000000000001,0.9834135078096443,0.5483780099077934
15.8,0.9833350730133459,0.548279149388534
16.0,0.983262320957466,0.5481798587998624
16.2,0.9831944893113506,0.5480801657771098
16.400000000000002,0.9831264880924012,0.5479801055858382
16.6,0.983058657101381,0.5478796883688922
16.8,0.9829940426841247,0.5477789170656601
17.0,0.9829340039444969,0.5476777999696342
17.2,0.9828771846248431,0.5475763563354586
17.400000000000002,0.982819574021697,0.5474746122269569
17.6,0.9827631212612347,0.5473725750604033
17.8,0.9827101724851728,0.5472702509156011
18.0,0.982660857751884,0.5471676492899159
18.2,0.9826121777875353,0.547064786938991
18.400000000000002,0.9825624808978267,0.5469616779506347
18.6,0.9825156160029753,0.5468583251293729
18.8,0.9824722410776012,0.5467547374062653
19.0,0.9824309383557229,0.5466509263026563
19.200000000000003,0.9823880813498849,0.5465469072135282
19.400000000000002,0.9823462398606266,0.5464426848202967
19.6,0.9823068475475584,0.5463382594660866
19.8,0.9822706178908799,0.5462336415687729
20.0,0.9822354594095488,0.5461288436650802
20.200000000000003,0.9821980035530694,0.546023878271429
20.400000000000002,0.982162632752729,0.5459187446834458
20.6,0.9821310161598268,0.5458134468432083
20.8,0.9820998039833727,0.5457079938840702
21.0,0.9820668552674034,0.5456023943066978
21.200000000000003,0.982034586984451,0.5454966523697032
21.400000000000002,0.9820076227694334,0.545390770784825
21.6,0.9819803623005797,0.5452847605495553
21.8,0.9819512344752968,0.5451786269830389
22.0,0.9819216251097499,0.5450723730691447
22.200000000000003,0.9818982446280741,0.5449659988231975
22.400000000000002,0.9818746590391637,0.5448595157176743
22.6,0.9818478136943187,0.5447529332989071
22.8,0.981822109399058,0.5446462443933943
23.0,0.9818004357281281,0.5445394452981622
23.200000000000003,0.9817798628731393,0.544432556482551
23.400000000000002,0.9817565073743721,0.5443255914208018
23.6,0.9817354734591704,0.5442185415572561
23.8,0.9817154311010085,0.5441114033150756
24.0,0.981693372475897,0.5440041845088464
24.200000000000003,0.9816744213563485,0.543896889674633
24.400000000000002,0.9816576536355511,0.5437895256496236
24.6,0.9816374168275548,0.5436820991307447
24.8,0.9816185124817866,0.543574606235153
25.0,0.9816034506490523,0.5434670457452779
25.200000000000003,0.9815850112178176,0.5433594280904618
25.400000000000002,0.9815670675708519,0.5432517566629027
25.6,0.9815544300716678,0.5431440304863969
25.8,0.981537694272771,0.5430362564907903
26.0,0.9815195903677275,0.5429284344567352
26.200000000000003,0.9815076125220257,0.5428205611849648
26.400000000000002,0.9814945453213683,0.5427126489271109
26.6,0.9814778802079334,0.5426047039586454
26.8,0.9814626499969488,0.542496712770768
27.0,0.981452601518738,0.5423886748121517
27.200000000000003,0.9814415849244312,0.5422806148892946
27.400000000000002,0.981425260518418,0.5421725371381353
27.6,0.9814116308013375,0.5420644130121187
27.8,0.9814037704652391,0.5419562509489151
28.0,0.9813912739184806,0.5418480859730113
28.200000000000003,0.9813772179871628,0.5417398920221687
28.400000000000002,0.9813692526785287,0.5416316586641702
28.6,0.9813589142315953,0.5415234229356509
28.8,0.9813454377169585,0.5414151728929135
29.0,0.9813371422333983,0.541306887126588
29.200000000000003,0.9813286320499917,0.5411985958785142
29.400000000000002,0.9813166106077239,0.5410903006645046
29.6,0.9813079985368476,0.5409819783182716
29.8,0.981300286462335,0.5408736486733227
30.0,0.9812897554465105,0.5407653207952482
30.200000000000003,0.9812812858970362,0.5406569750877472
30.400000000000002,0.9812742981452307,0.5405486222228433
30.6,0.9812648011855719,0.5404402735942239
30.8,0.9812565499954806,0.5403319143492158
31.0,0.9812503161407489,0.5402235503965686
31.200000000000003,0.9812419971650541,0.5401151946166349
31.400000000000002,0.9812341539224466,0.5400068353502663
31.6,0.9812279145310884,0.5398984727112289
31.8,0.9812206298288145,0.539790118630823
32.0,0.9812137204549405,0.5396817675107672
32.2,0.9812074957539586,0.5395734180987127
32.4,0.98120087577551,0.539465077425106
32.6,0.9811945541250232,0.5393567444668592
32.800000000000004,0.9811884641057319,0.5392484178722883
33.0,0.9811829491448628,0.5391400996464871
33.2,0.9811773099366942,0.5390317920795856
33.4,0.9811715565774133,0.5389234959857462
33.6,0.9811661698295573,0.5388152115035363
33.800000000000004,0.9811610917589899,0.5387069395883837
34.0,0.9811560155075405,0.5385986815385457
34.2,0.9811511337337571,0.5384904380954468
34.4,0.9811462773434677,0.5383822103347943
34.6,0.9811415949193313,0.5382739986144005
34.800000000000004,0.981137055224068,0.5381658038517039
35.0,0.9811327067344943,0.5380576268168907
35.2,0.9811284880866233,0.5379494684174936
35.4,0.9811243981587737,0.5378413294108112
35.6,0.9811204313380187,0.5377332104382728
35.800000000000004,0.9811165727716044,0.5376251123596738
36.0,0.9811128169748091,0.5375170359070127
36.2,0.9811091898385954,0.5374089814892623
36.4,0.9811056725890903,0.5373009499752387
36.6,0.9811022627826723,0.5371929420662253
36.800000000000004,0.9810989783490047,0.5370849582649788
37.0,0.9810958120310975,0.5369769993196865
37.2,0.981092764766279,0.5368690658986861
37.4,0.9810898128160862,0.5367611584492238
37.6,0.9810869584053193,0.5366532776511729
37.800000000000004,0.9810841982927065,0.5365454241354317
38.0,0.9810815413615117,0.5364375983801527
38.2,0.9810789865884704,0.5363298009682216
38.400000000000006,0.9810765307990849,0.5362220325052673
38.6,0.9810741692409388,0.5361142934687778
38.800000000000004,0.9810718983129278,0.5360065843663492
39.0,0.9810697171927338,0.5358989057782451
39.2,0.9810676260411344,0.5357912581735697
39.400000000000006,0.9810656259836944,0.5356836419911869
39.6,0.9810637144504682,0.5355760577857925
39.800000000000004,0.9810618903625585,0.5354685060653468
40.0,0.9810601526351159,0.5353609873379966
40.2,0.9810584992642055,0.5352535020758931
40.400000000000006,0.9810569215969267,0.5351460504881455
40.6,0.9810554209852916,0.5350386331807279
40.800000000000004,0.9810539947294075,0.534931250599481
41.0,0.9810526399728947,0.5348239031844673
41.2,0.981051353702887,0.5347165913699705
41.400000000000006,0.981050145688102,0.5346093154693915
41.6,0.9810490132527863,0.5345020758996736
41.800000000000004,0.9810479534378809,0.5343948730731104
42.0,0.9810469660466877,0.5342877073702491
42.2,0.9810460510596339,0.5341805791628905
42.400000000000006,0.9810452128792723,0.5340734889360331
42.6,0.9810444583786431,0.5339664372318091
42.800000000000004,0.9810437860381702,0.533859424337426
43.0,0.9810431987901856,0.5337524506541436
43.2,0.9810426999693675,0.5336455165809459
43.400000000000006,0.9810422890990539,0.5335386224898769
43.6,0.981041893148697,0.5334317683236846
43.800000000000004,0.9810415428039142,0.5333249546275451
44.0,0.9810412280843257,0.533218181703982
44.2,0.9810409378579357,0.5331114498441463
44.400000000000006,0.9810406598411311,0.5330047593278168
44.6,0.981040470241031,0.5328981106222396
44.800000000000004,0.9810403748162614,0.5327915040295785
45.0,0.981040355863217,0.5326849397911375
45.2,0.9810404230944448,0.5325784182002152
45.400000000000006,0.9810405876669311,0.532471939544497
45.6,0.9810408331263195,0.5323655042378715
45.800000000000004,0.9810411100473475,0.5322591128447458
46.0,0.9810414542697835,0.5321527655436447
46.2,0.9810418640387124,0.5320464626845878
46.400000000000006,0.981042337154006,0.5319402046205542
46.6,0.981042870970323,0.5318339917074818
46.800000000000004,0.9810434514255358,0.5317278240751798
47.0,0.9810440758876574,0.5316217021043758
47.2,0.9810447365063414,0.5315156260790919
47.400000000000006,0.981045433838805,0.5314095962546292
47.6,0.9810461963401597,0.5313036128173199
47.800000000000004,0.9810470130655023,0.5311976760243231
48.0,0.9810478891154653,0.5310917860884501
48.2,0.9810488326332083,0.5309859434288979
48.400000000000006,0.9810498534736489,0.530880148499038
48.6,0.9810509611427247,0.5307744015197429
48.800000000000004,0.9810521675051923,0.5306687028297943
49.0,0.9810534186760169,0.5305630527212614
49.2,0.9810547123511214,0.5304574515382695
49.400000000000006,0.9810560437919237,0.5303518996315306
49.6,0.9810574027699798,0.5302463973294368
49.800000000000004,0.9810588407192404,0.530140944722123
50.0,0.9810603330266938,0.5300355421843195
50.2,0.9810618821529113,0.5299301899838255
50.400000000000006,0.9810634896569511,0.5298248883977446
50.6,0.9810651554267243,0.5297196377195785
50.800000000000004,0.9810668845271091,0.5296144381961075
51.0,0.9810686809306772,0.5295092900851743
51.2,0.9810705589733184,0.529404193920492
51.400000000000006,0.9810725309949778,0.5292991501546328
51.6,0.9810746055034296,0.5291941591059866
51.800000000000004,0.981076795446058,0.5290892211977007
52.0,0.9810790447910197,0.5289843368648008
52.2,0.9810813678581553,0.5288795065681566
52.400000000000006,0.9810837580304427,0.5287747307853312
52.6,0.9810862022309392,0.5286700098610846
52.800000000000004,0.9810886775804694,0.5285653435037402
53.0,0.9810911683060934,0.5284607322589894
53.2,0.9810936523152154,0.5283561763396413
53.400000000000006,0.98109621248122,0.5282516762588824
53.6,0.9810990625453384,0.5281472329091371
53.800000000000004,0.9811023012140443,0.5280428468233632
54.0,0.9811054579377292,0.5279385182573354
54.2,0.9811085267969356,0.5278342479049818
54.400000000000006,0.9811115379141148,0.52773003614706
54.6,0.9811147445595714,0.5276258831299268
54.800000000000004,0.9811181171913549,0.5275217892413931
55.0,0.9811216333691203,0.5274177555138404
55.2,0.9811253796218301,0.5273137824087533
55.400000000000006,0.9811293065992186,0.5272098705823617
55.6,0.9811332478021721,0.5271060207072148
55.800000000000004,0.9811371612628111,0.5270022335332947
56.0,0.9811412626729884,0.5268985094450013
56.2,0.9811455188614545,0.5267948491261412
56.400000000000006,0.9811499508842277,0.5266912533116489
56.6,0.9811545597729004,0.5265877228720595
56.800000000000004,0.9811593913722441,0.5264842585427806
57.0,0.9811643472381202,0.5263808611873527
57.2,0.9811694219957285,0.5262775316855268
57.400000000000006,0.9811746452248822,0.5261742709488656
57.6,0.9811801027375047,0.5260710799155176
57.800000000000004,0.9811858027984044,0.5259679595814992
58.0,0.9811917005212192,0.5258649110673946
58.2,0.9811978236167579,0.5257619354675608
58.400000000000006,0.9812041775069775,0.5256590339530421
58.6,0.9812107663333095,0.5255562077489316
58.800000000000004,0.9812175936470774,0.5254534581314009
59.0,0.9812247134606317,0.5253507865400389
59.2,0.9812321434821788,0.5252481943926904
59.400000000000006,0.9812398891675543,0.5251456832310496
59.6,0.981247940204683,0.5250432546864373
59.800000000000004,0.9812563137452881,0.5249409104432969
60.0,0.9812650626799915,0.5248386523808546
60.2,0.9812742042636337,0.5247364823826094
60.400000000000006,0.9812837580207364,0.5246344025099524
60.6,0.9812937391198875,0.5245324149550288
60.800000000000004,0.981304174987124,0.5244305219754132
61.0,0.9813151005057861,0.5243287260926615
61.2,0.9813265432494576,0.5242270298465683
61.400000000000006,0.9813385382847182,0.524125436035455
61.6,0.9813511242353226,0.5240239476415871
61.800000000000004,0.9813643395335473,0.5239225677398864
62.0,0.9813782199887302,0.5238212997897299
62.2,0.981392808279436,0.523720147271784
62.400000000000006,0.981408157000515,0.5236191140509014
62.6,0.9814243252408008,0.5235182042515597
62.800000000000004,0.9814413683823504,0.5234174221377681
63.0,0.9814593394843424,0.5233167725440218
63.2,0.9814783022350226,0.5232162603255699
63.400000000000006,0.9814983318807713,0.5231158909024107
63.6,0.9815195111764656,0.5230156700587089
63.800000000000004,0.9815419226610282,0.5229156038117697
64.0,0.9815656725775976,0.5228156991341927
64.2,0.9815908626042358,0.5227159629393326
64.4,0.9816175951874639,0.5226164030508269
64.60000000000001,0.9816459768980672,0.5225170278338676
64.8,0.9816761275280572,0.5224178459871136
65.0,0.9817081782478804,0.5223188673098876
65.2,0.981742259529339,0.5222201017571942
65.4,0.9817785969277907,0.522121560820294
65.60000000000001,0.981817447930334,0.5220232568149372
65.8,0.9818590354279122,0.5219252025731114
66.0,0.9819035384688292,0.5218274136050256
66.2,0.9819512262455725,0.5217299050334633
66.4,0.982002354417258,0.5216326943075301
66.60000000000001,0.9820571908645949,0.5215358001226457
66.8,0.982116029082464,0.5214392420653177
67.0,0.9821792848647052,0.5213430421652351
67.2,0.9822475384445765,0.5212472246801023
67.4,0.9823217681963974,0.5211518177868596
67.60000000000001,0.9824021727824213,0.5210568520290085
67.8,0.9824891116544645,0.5209623611326963
68.0,0.9825837172404878,0.5208683823418728
68.2,0.9826869824340204,0.5207749573688368
68.4,0.9828003386447842,0.5206821337031159
68.60000000000001,0.9829248964566577,0.5205899660083155
68.8,0.9830622090837351,0.5204985151676994
69.0,0.9832150341393272,0.5204078546646094
69.2,0.9833860031161147,0.5203180666934099
69.4,0.9835785011781265,0.5202292530453002
69.60000000000001,0.9837977624406066,0.5201415359145484
69.8,0.9840509292465393,0.5200550665522959
70.0,0.9843469806820627,0.5199700355004939
70.2,0.9846999498771923,0.5198866878027149
70.4,0.98513285189681,0.5198053570049317
70.60000000000001,0.9856793357650412,0.5197265084414173
70.8,0.9863986084484517,0.5196508202410356
71.0,0.9873984868490364,0.5195793448702342
71.2,0.9888846959426446,0.5195138220195991
71.4,0.9912825504679185,0.5194573570378362
71.60000000000001,0.9954477627050697,0.5194158453232003
71.8,1.0027645570350898,0.5194005180947762
72.0,1.014441183121334,0.519429961239572
72.2,1.030547770879119,0.5195277132858487
72.4,1.0501759222363458,0.519716342640307
72.60000000000001,1.072112779904424,0.5200132687022843
72.8,1.095187556224356,0.5204296787843758
73.0,1.1183112494301335,0.5209708136454352
73.2,1.1404189113090544,0.5216363085335195
73.4,1.1604225868143745,0.5224201888261172
73.60000000000001,1.177208769056371,0.523310639787642
73.8,1.189686754163924,0.5242897842576724
74.0,1.1968812801631892,0.5253337969476792
74.2,1.1980562159544477,0.5264134864483254
74.4,1.1928424947225975,0.5274956287349585
74.60000000000001,1.1813368239027155,0.5285450293542282
74.8,1.1641322089221247,0.5295271492721902
75.0,1.142271955782624,0.5304108789354467
75.2,1.1171294010436261,0.5311710516067107
75.4,1.090249552753539,0.5317902774060862
75.60000000000001,1.063207173104169,0.5322599048584008
75.8,1.0375555526259435,0.5325802513054475
76.0,1.0150006203669202,0.5327607491908726
76.2,0.9979787917978012,0.5328215722184824
76.4,0.9890587370342196,0.5327977189543515
76.60000000000001,0.9858035036512528,0.5327323012462973
76.80000000000001,0.9838874916520753,0.5326500067076663
77.0,0.9827211807725278,0.5325579402892343
77.2,0.98194441556642,0.5324598666766324
77.4,0.9814432412912389,0.5323578384721572
77.60000000000001,0.9811159343805913,0.5322532671139277
77.80000000000001,0.9809181720695748,0.5321470755594191
78.0,0.9808096213199045,0.5320399356251057
78.2,0.9807672169723467,0.5319323206664601
78.4,0.9807693668063601,0.5318245708750052
78.60000000000001,0.9808039231573629,0.5317169205620695
78.80000000000001,0.9808566447563224,0.5316095312485346
79.0,0.9809226377523941,0.5315024984657586
79.2,0.9809920435944075,0.5313958824624497
79.4,0.9810638591163515,0.5312897004058952
79.60000000000001,0.9811320157063705,0.5311839576172934
79.80000000000001,0.9811967539699168,0.5310786325491029
80.0,0.9812557519805007,0.5309737038386024
80.2,0.9813083295329006,0.530869136419495
80.4,0.9813559695374457,0.5307648979183044
80.60000000000001,0.981395913167917,0.5306609547541006
80.80000000000001,0.981432667972362,0.5305572715077739
81.0,0.9814616575260633,0.5304538223725573
81.2,0.9814890969371639,0.5303505733843605
81.4,0.9815096202973083,0.5302475076475579
81.60000000000001,0.9815295174104265,0.5301445951639415
81.80000000000001,0.9815439703198883,0.530041826068362
82.0,0.9815579011346276,0.5299391756012592
82.2,0.9815684900660107,0.5298366382057581
82.4,0.9815777308790552,0.5297341959258686
82.60000000000001,0.9815859797008579,0.5296318436033457
82.80000000000001,0.9815917241735668,0.5295295710029742
83.0,0.9815985400344186,0.5294273710721602
83.2,0.9816018372232074,0.5293252407549488
83.4,0.9816077930462229,0.5292231703611926
83.60000000000001,0.9816093387293553,0.5291211625499244
83.80000000000001,0.9816147545973765,0.5290192045008528
84.0,0.9816153436118723,0.5289173036290047
84.2,0.981620069669109,0.5288154437866509
84.4,0.981620529144449,0.5287136348259068
84.60000000000001,0.9816242159908176,0.5286118586601655
84.80000000000001,0.9816252794103152,0.5285101236883928
85.0,0.9816275400201292,0.5284084116768946
85.2,0.9816297988689442,0.5283067250591343
85.4,0.9816309457145341,0.5282050458515655
85.60000000000001,0.9816326877393329,0.5281033678301201
85.80000000000001,0.9816350774751154,0.5280016656451013
86.0,0.9816354288365927,0.5278999257338002
86.2,0.9816385484462528,0.5277981067486432
86.4,0.9816384895147762,0.5276961773294174
86.60000000000001,0.9816414837224763,0.5275940732217634
86.80000000000001,0.981641718788854,0.5274917267342393
87.0,0.9816440803308945,0.5273890330344803
87.2,0.98164490422435,0.5272858599926497
87.4,0.9816465031422469,0.5271820257641258
87.60000000000001,0.9816473646840522,0.5270772855821984
87.80000000000001,0.9816495692161824,0.5269713116186578
88.0,0.9816493855283668,0.5268636622234808
88.2,0.9816519146674355,0.5267537372488396
88.4,0.9816511437479485,0.5266407385757862
88.60000000000001,0.981653311296575,0.5265235743155686
88.80000000000001,0.9816524641836019,0.526400792276186
89.0,0.9816530184861438,0.5262704128466691
89.2,0.9816525969871931,0.5261297866578616
89.4,0.9816504195955839,0.5259753141066875
89.60000000000001,0.9816501557921206,0.525802203064249
89.80000000000001,0.9816440442900647,0.5256039071786635
90.0,0.9816420257927827,0.5253716493050311
90.2,0.981632028412474,0.5250936326185406
90.4,0.9816241734795385,0.5247539594362706
90.60000000000001,0.9816080600761768,0.5243312195286715
90.80000000000001,0.9815897913400575,0.5237966638592171
91.0,0.9815623520888215,0.5231117248884196
91.2,0.9815261355247797,0.5222247711154752
91.4,0.9814775979864889,0.5210668744370305
91.60000000000001,0.9814107370428812,0.5195463762945434
91.80000000000001,0.9813240251399792,0.5175419980100144
92.0,0.9812054210060835,0.5148944365825298
92.2,0.9810527421926489,0.5113964060738514
92.4,0.9808490027028404,0.5067817479850378
92.60000000000001,0.9805893773714797,0.5007145970699239
92.80000000000001,0.9802549832962608,0.4927825964186557
93.0,0.9798395959588495,0.4824953628195858
93.2,0.9793305818534871,0.46930014456995356
93.4,0.9787305130686011,0.4526198394619759
93.60000000000001,0.9780502084334035,0.4319247788030699
93.80000000000001,0.9773201501544618,0.40684176497591357
94.0,0.9765940031679193,0.3772934122978522
94.2,0.9759372586880944,0.34363035292317695
94.4,0.975432397132607,0.3067151544643966
94.60000000000001,0.9751369954153226,0.26789015663456905
94.80000000000001,0.9750934442207208,0.22881134802520206
95.0,0.9752859843607266,0.19117841617373246
95.2,0.9756769599182993,0.15645244018930957
95.4,0.976190377449799,0.1256485640980379
95.60000000000001,0.9767604001043664,0.09926661111041557
95.80000000000001,0.9773232262800146,0.0773441960285455
96.0,0.9778405869889641,0.059580775158229134
96.2,0.9782905808889412,0.045479237066658816
96.4,0.9786646841872652,0.03446570219239625
96.60000000000001,0.978969598362763,0.025973713668314344
96.80000000000001,0.9792075605125733,0.019490121669070874
97.0,0.9793954745912495,0.014577217941790618
97.2,0.9795354041347609,0.010875796109823211
97.4,0.9796447460954572,0.008099158305064578
97.60000000000001,0.9797225600721583,0.00602301024983841
97.80000000000001,0.9797832976031147,0.004474408261138114
98.0,0.9798245018012854,0.003321394887624382
98.2,0.9798562895698372,0.002464078689921548
98.4,0.9798768280651994,0.0018272682666349602
98.60000000000001,0.9798915160137918,0.0013546015482974797
98.80000000000001,0.9799008920994352,0.001003963474462691
99.0,0.9799053312983754,0.0007439578896630846
99.2,0.9799089237897207,0.0005512163387638026
99.4,0.9799071212777496,0.0004083701296056276
99.60000000000001,0.9799078377957067,0.00030252036025994495
99.80000000000001,0.9799022282531928,0.0002240952652079679
100.0,0.9799014595556651,0.00016599415013380254
100.2,0.9798936911666956,0.0001229534082215556
100.4,0.979891791072392,9.107079367672775e-05
100.60000000000001,0.9798831685607857,6.745449061838798e-05
100.80000000000001,0.9798801568621465,4.996172842621303e-05
101.0,0.9798714083005082,3.7004977082570865e-05
101.2,0.9798673931792438,2.7408165790064978e-05
101.4,0.979858819153671,2.0300080391392984e-05
101.60000000000001,0.9798538293446197,1.503536580774069e-05
101.80000000000001,0.9798456964341309,1.1135998006920347e-05
102.0,0.9798397041702801,8.247897898802587e-06
102.2,0.9798320987446014,6.108813024944136e-06
102.4,0.9798251836648246,4.524492430131252e-06
102.60000000000001,0.9798180829415873,3.3510634471085943e-06
102.80000000000001,0.9798103281823923,2.481962090029787e-06
103.0,0.9798037003702801,1.8382618038971348e-06
103.2,0.9797951555794295,1.3615056298640566e-06
103.4,0.9797889301510444,1.0083965266930138e-06
103.60000000000001,0.9797797231226867,7.468672516586576e-07
103.80000000000001,0.979773719614493,5.531656713446945e-07
104.0,0.9797641081930809,4.097009183973829e-07
104.2,0.9797580324711243,3.034440120347124e-07
104.4,0.9797482386549003,2.247451067239541e-07
104.60000000000001,0.979741928459413,1.664569479039182e-07
104.80000000000001,0.9797320817978071,1.232859466622527e-07
105.0,0.9797254598442832,9.131142127318846e-08
105.2,0.979715544814441,6.762957107596845e-08
105.4,0.9797086168094529,5.008966675007927e-08
105.60000000000001,0.9796986655777807,3.709878839540185e-08
105.80000000000001,0.9796916651192579,2.7476795035205312e-08
106.0,0.9796814344443463,2.0349926106972578e-08
106.2,0.9796731292153376,1.5071733834308053e-08
106.4,0.9796650544779739,1.1162547476647297e-08
106.60000000000001,0.9796536920205485,8.267297501744502e-09
106.80000000000001,0.9796478982455491,6.122991085286619e-09
107.0,0.9796352443775559,4.534862008086205e-09
107.2,0.979628058634862,3.3586486719644674e-09
107.4,0.9796189766234501,2.4874954424185867e-09
107.60000000000001,0.9796057923966554,1.8423155656854303e-09
107.80000000000001,0.9796021903920568,1.3644669511709734e-09
108.0,0.9795854112244241,1.0105621962812317e-09
108.2,0.9795809889011164,7.484497992480466e-10
108.4,0.9795689889193059,5.543225104945234e-10
108.60000000000001,0.9795558069683512,4.105466596958514e-10
108.80000000000001,0.9795530002549427,3.040622910065591e-10
109.0,0.9795323566627506,2.2519701845827073e-10
109.2,0.9795314792361051,1.667869690039451e-10
109.4,0.9795152019956207,1.2352687408792175e-10
109.60000000000001,0.9795025395130555,9.148737621582832e-11
109.80000000000001,0.9795016523731995,6.775792488051414e-11
110.0,0.9794750240295915,5.018374095702071e-11
110.2,0.9794790107010617,3.716843266203718e-11
110.4,0.9794541306687149,2.752864348647996e-11
110.60000000000001,0.9794544738460149,2.0388930311039042e-11
110.80000000000001,0.9794319046255671,1.510100112671417e-11
111.0,0.9794294696691427,1.1184455250309437e-11
111.2,0.9794089381962497,8.283738569113944e-12
111.4,0.9794037813603641,6.135291801827595e-12
111.60000000000001,0.9793853210521851,4.544088640215471e-12
111.80000000000001,0.9793774070420993,3.3655443813042354e-12
112.0,0.9793609008824609,2.4926818954222675e-12
112.2,0.97935036178665,1.846187323526335e-12
112.4,0.9793356415141307,1.3673704378279948e-12
112.60000000000001,0.9793226152632124,1.0127386902840876e-12
112.80000000000001,0.9793095298380828,7.500780629448547e-13
113.0,0.9792942909703021,5.5554053371588e-13
113.2,0.9792820499280855,4.1145830984341867e-13
113.4,0.979265662153807,3.0474427887929074e-13
113.60000000000001,0.9792532981463566,2.2570714341134827e-13
113.80000000000001,0.9792364421900269,1.671687223080047e-13
114.0,0.9792234052825867,1.238125497820851e-13
114.2,0.9792064425497994,9.170104915250857e-14
114.4,0.9791927479290892,6.791702201317799e-14
114.60000000000001,0.9791756643607566,5.0300343365624527e-14
114.80000000000001,0.9791596077555376,3.72534740282331e-14
115.0,0.9791450100664161,2.7590730524449778e-14
115.2,0.9791259443402943,2.0434254572751273e-14
115.4,0.9791112242586377,1.5134030735490733e-14
115.60000000000001,0.9790939384596045,1.1208564540709246e-14
115.80000000000001,0.9790743330698156,8.301304281905338e-15
116.0,0.9790604622227581,6.148103206258912e-15
116.2,0.9790392298950099,4.5534092632631485e-15
116.4,0.9790214858588302,3.372353480045807e-15
116.60000000000001,0.9790059810711114,2.4976157818791145e-15
116.80000000000001,0.9789812954675172,1.8498005687964248e-15
117.0,0.9789670836263988,1.3699976535891134e-15
117.2,0.9789468877274754,1.0146277169361726e-15
117.4,0.978921623750113,7.514716297963079e-16
117.60000000000001,0.9789098464707521,5.565405344227617e-16
117.80000000000001,0.9788823667835777,4.121824203987249e-16
118.0,0.9788604623614092,3.053020400875334e-16
118.2,0.9788491178795148,2.2606625914641086e-16
118.4,0.9788130194712423,1.6744692621519676e-16
118.60000000000001,0.9787990094530763,1.240168595779376e-16
118.80000000000001,0.9787792844295059,9.184770053213135e-17
119.0,0.9787435851194922,6.80254313785865e-17
119.2,0.9787341222173727,5.0380181376309286e-17
119.4,0.978702897199363,3.731276849941544e-17
119.60000000000001,0.9786733767997309,2.7634412760333922e-17
119.80000000000001,0.9786622693330648,2.0466559837713528e-17
120.0,0.9786223224041497,1.5157897447083875e-17
120.2,0.9786010160114398,1.122620883871838e-17
120.4,0.9785822321849467,8.314323682741503e-18
120.60000000000001,0.9785393477598574,6.157736800478033e-18
120.80000000000001,0.9785246251394831,4.560521432759047e-18
121.0,0.9784948700407304,3.3775921504420232e-18
121.2,0.9784531427061841,2.5015149243898294e-18
121.4,0.9784420508666702,1.8526527832045535e-18
121.60000000000001,0.9784005682136195,1.3721045108636981e-18
121.80000000000001,0.9783639077379899,1.0162151683366664e-18
122.0,0.9783522903365457,7.5260927316177735e-19
122.2,0.9782993574499242,5.57401916803346e-19
122.4,0.9782717172024163,4.128213014945336e-19
122.60000000000001,0.9782526647601396,3.057289554518461e-19
122.80000000000001,0.9781919151674792,2.26442854623297e-19
123.0,0.9781741184526812,1.6770577611251906e-19
123.2,0.9781386580057123,1.2420682895916554e-19
123.4,0.9780903024801672,9.199235006682909e-20
123.60000000000001,0.9780647202494319,6.812995475193184e-20
123.80000000000001,0.9780155198378777,5.0463436173089027e-20
124.0,0.9779826990392451,3.737169391917975e-20
124.2,0.977938142244453,2.7680971468523774e-20
124.4,0.9778971712735631,2.0500557738017047e-20
124.60000000000001,0.9778552959964463,1.518367986633865e-20
124.80000000000001,0.9778096350323154,1.1245457995028977e-20
125.0,0.9777663594969718,8.328651969145022e-21
125.2,0.9777190001043232,6.168150442111753e-21
125.4,0.9776711074716238,4.5681758251791005e-21
125.60000000000001,0.9776239636456525,3.3832235966760474e-21
125.80000000000001,0.9775729301230488,2.5056303810000808e-21
126.0,0.977521461733305,1.8556836386090943e-21
126.2,0.9774701227627749,1.3743279477332077e-21
126.4,0.9774150206181136,1.0178333441530792e-21
126.60000000000001,0.9773594353256229,7.538114319690954e-22
126.80000000000001,0.9773035541844327,5.582749492774678e-22
127.0,0.9772439116618618,4.1345962633046667e-22
127.2,0.9771836419866367,3.062090069444805e-22
127.4,0.9771228151709376,2.2677877824005927e-22
127.60000000000001,0.9770580732139459,1.6795272642810723e-22
127.80000000000001,0.9769925222805456,1.2438600063423721e-22
128.0,0.976926202091751,9.212024725524674e-23
128.20000000000002,0.9768557796320718,6.822433516925704e-23
128.4,0.9767842535511762,5.0526971679902785e-23
128.6,0.9767118154691684,3.742013925899633e-23
128.8,0.9766350417495813,2.7713362417239195e-23
129.0,0.9765567454314282,2.0524517428836887e-23
129.20000000000002,0.9764774657443428,1.520031041923689e-23
129.4,0.976393575868218,1.1257347767760791e-23
129.6,0.976307596992272,8.337212133396691e-24
129.8,0.9762206224964842,6.1744055054762226e-24
130.0,0.9761287514702244,4.5727594686350105e-24
130.20000000000002,0.9760340298802126,3.386631671867962e-24
130.4,0.9759383731761615,2.5080167003648026e-24
130.6,0.9758375259682559,1.8574262463302182e-24
130.8,0.9757328584097452,1.3756903116939648e-24
131.0,0.975627281663687,1.0187307795102034e-24
131.20000000000002,0.9755162836278037,7.544763056814023e-25
131.4,0.9754006686658909,5.587741298491138e-25
131.6,0.9752832124744097,4.138133051709022e-25
131.8,0.9751610213428911,3.0658557018597757e-25
132.0,0.9750333825739125,2.2731524767774397e-25
132.20000000000002,0.9749015115080742,1.686151126676897e-25
132.4,0.9747657313489527,1.2506770584192599e-25
132.6,0.974625083826036,9.291960358495366e-26
132.8,0.9744788538057935,6.914356313826348e-26
133.0,0.9743269227584596,5.149728164965353e-26
133.20000000000002,0.9741692208799537,3.8364663692224317e-26
133.4,0.9740057381700565,2.8592925199838157e-26
133.6,0.973836171376213,2.1475040629281362e-26
133.8,0.9736603291830896,1.6107820040630402e-26
134.0,0.9734776281070284,1.225743171634526e-26
134.20000000000002,0.9732876857771652,9.26485095286462e-27
134.4,0.9730895821126762,7.072500922314083e-27
134.6,0.9728832204203178,5.348241792989278e-27
134.8,0.9726690535416356,4.063639176790041e-27
135.0,0.9724463020040042,3.070895657981528e-27
135.20000000000002,0.9722142075061504,2.3150577207010738e-27
135.4,0.9719722629112414,1.7449733079905147e-27
135.6,0.971719884598282,1.3077517675474954e-27
135.8,0.9714565909707341,9.86076482883977e-28
136.0,0.9711818355280619,7.390711866505315e-28
136.20000000000002,0.9708951200896975,5.578060848376715e-28
136.4,0.9705958643910031,4.190969481882064e-28
136.6,0.9702833788361839,3.167101547794135e-28
136.8,0.9699569207321697,2.38678050884808e-28
137.0,0.9696156068354281,1.8019672319321078e-28
137.20000000000002,0.9692579808030706,1.3614590004424694e-28
137.4,0.9688826514082388,1.0232783258743244e-28
137.6,0.9684906417817366,7.748408477960798e-29
137.8,0.968081276993548,5.823756634413492e-29
138.0,0.9676525768723597,4.408437931128465e-29
138.20000000000002,0.9672033784001118,3.30011765603834e-29
138.4,0.9667304002775714,2.4563892076181248e-29
138.6,0.966234218112071,1.8214820823894545e-29
138.8,0.9657135649237356,1.3501491149959533e-29
139.0,0.965167536230336,1.0021599207153353e-29
139.20000000000002,0.9645948568473357,7.44654123401271e-30
139.4,0.9639936348889376,5.5319690238957134e-30
139.6,0.9633614708243278,4.104568523650116e-30
139.8,0.9626960114304575,3.041901847219006e-30
140.0,0.9619954022130989,2.2543362497443527e-30
140.20000000000002,0.9612583076319078,1.6728840199435982e-30
140.4,0.9604834583619057,1.2429699734783907e-30
140.6,0.9596691831541588,9.209643987884883e-31
140.8,0.95881311415201,6.7592410315336296e-31
141.0,0.9579121280064875,4.878721226006846e-31
141.20000000000002,0.9569628301477366,3.456603870584802e-31
141.4,0.9559622351426151,2.4264063766940997e-31
141.6,0.9549081747608305,1.7223535786337757e-31
141.8,0.9537991625265493,1.2562486319460962e-31
142.0,0.952633717157681,9.292542372697589e-32
142.20000000000002,0.9514099071888092,6.52508181251921e-32
142.4,0.9501248872312167,3.746334517838221e-32
142.6,0.9487749683864263,1.0091349237557327e-32
142.8,0.947356016813834,-8.681955645453274e-33
143.0,0.9458630807122528,6.057150409482312e-33
143.20000000000002,0.9442993458034816,1.626814710146809e-32
143.4,0.9426659436415672,2.2628038192107177e-32
143.6,0.940963504639692,2.4140745611073768e-32
143.8,0.9391916944569088,1.9247247221293e-32
144.0,0.9373494019958675,6.234605009221736e-33
144.20000000000002,0.9354355772077558,-5.2823148547425695e-33
144.4,0.9334510410297536,-3.840173644376399e-33
144.6,0.9314002604311384,1.884532840818122e-32
144.8,0.9292923873434117,6.272355822084987e-32
145.0,0.9271593189820414,1.6974054631219093e-32
145.20000000000002,0.9250017072757499,-3.247746584515223e-33
145.4,0.9228150002994762,1.3741146773418183e-33
145.6,0.9206187009234775,1.10567148569086e-33
145.8,0.9184426521861971,2.871802846905392e-34
146.0,0.916317424585236,2.894023916882037e-34
146.20000000000002,0.9142736223998762,2.632112221797443e-34
146.4,0.9123441686899896,1.6498083109901919e-34
146.6,0.9105663556550357,1.016598877261206e-34
146.8,0.9089853383573994,8.430200377121828e-35
147.0,0.9076507060384804,7.396686789968937e-35
147.20000000000002,0.906612797401318,5.422794904199372e-35
147.4,0.9059215267942595,3.5681331810312385e-35
147.6,0.9056271631827962,2.6229511264000993e-35
147.8,0.9057800165231835,2.1018764244120905e-35
148.0,0.9064265393143651,1.5831395172847413e-35
148.20000000000002,0.907602944585295,1.11865010867485e-35
148.4,0.9093290991080423,8.06633254813885e-36
148.6,0.911602119736197,6.125945214228783e-36
148.8,0.9143956564093708,4.568400732209375e-36
149.0,0.9176747461547154,3.3474247461897794e-36
149.20000000000002,0.9213732026318924,2.491849353071436e-36
149.4,0.9253943054916595,1.8407816191630033e-36
149.6,0.9296246233936183,1.3589761044505046e-36
149.8,0.9339405617823937,1.0087315435079775e-36
150.0,0.9382183438105427,7.4795739146200176e-37
150.20000000000002,0.942346923822516,5.557089796469901e-37
150.4,0.9462399530099956,4.104009101257345e-37
150.6,0.9498393583185755,3.038343713583435e-37
150.8,0.9531165053752414,2.2463378800769507e-37
151.0,0.9538660067668372,1.6631480701193999e-37
151.20000000000002,0.9462137411026019,1.2314861533797364e-37
151.4,0.9314355056289757,9.117676439495292e-38
151.6,0.9111137950146411,6.749322405501553e-38
151.8,0.8865886170166766,4.995173224091802e-38
152.0,0.8589597692422682,3.6959691190231097e-38
152.20000000000002,0.8291009646008146,2.7339131895281443e-38
152.4,0.7976908034146771,2.0216480820759885e-38
152.6,0.7652448941002089,1.4944968239207716e-38
152.8,0.7321508992441591,1.1044365806538814e-38
153.0,0.6986990455568357,8.159110334930247e-39
153.20000000000002,0.6651108564286488,6.025621269943556e-39
153.4,0.6315633834461025,4.448390679599195e-39
153.60000000000002,0.5982079669068171,3.28289938507373e-39
153.8,0.5651848259684392,2.4222273132903417e-39
154.0,0.5326329977322476,-1.0829984528294108e-22
154.20000000000002,0.5006937697829676,-6.743098353319608e-21
154.4,0.46951128774962536,5.922369407590116e-22
154.60000000000002,0.43922933202522196,2.549151228961994e-21
154.8,0.40998584837402563,1.8535744304724037e-21
155.0,0.38190643227579674,-7.120112375649225e-21
155.20000000000002,0.35509808260191467,-1.8476906980027175e-20
155.4,0.32964387764472,-1.468116107683929e-20
155.60000000000002,0.30559991672403747,-1.0821521569603689e-20
155.8,0.2829943629047562,-7.964373184604293e-21
156.0,0.26182863083742997,-5.1809694406322174e-21
156.20000000000002,0.2420803065261204,-3.811229766243801e-21
156.4,0.22370738005403557,-2.8580320823590458e-21
156.60000000000002,0.20665294152213784,-2.1475019503409775e-21
156.8,0.19084986384411412,-1.5324639572508648e-21
157.0,0.1762250244137922,-1.1432145965706541e-21
157.20000000000002,0.16270280148585967,-8.430189570314885e-22
157.4,0.15020774919583849,-6.199820107920703e-22
157.60000000000002,0.13866648379734994,-4.596555866209765e-22
157.8,0.12800889419558506,-3.893383573449609e-22
158.0,0.11816882310860083,-3.3795775609031704e-22
158.20000000000002,0.10908436591183167,-2.982948464304298e-22
158.4,0.10069791404658307,-2.266270307748497e-22
158.60000000000002,0.09295604156837618,-1.2868850451642115e-21
158.8,0.08580930356757044,-9.565167483266692e-22
159.0,0.07921199490459732,-3.791750560464775e-21
159.20000000000002,0.07312189575565121,-3.2105108741371574e-21
159.4,0.0675000197240049,-8.356582747822046e-22
159.60000000000002,0.06231037167404809,-3.0729030484418704e-22
159.8,0.05751972235142211,8.916538540841003e-22
160.0,0.053097395448560666,4.6723905710150605e-22
160.20000000000002,0.049015073216641364,2.76669176110855e-22
160.4,0.04524661487184802,3.278128365012616e-22
160.60000000000002,0.04176788942568685,1.952891610719289e-22
160.8,0.038556623602950105,4.655877881770376e-22
161.0,0.03559231398925121,2.0121274298278895e-21
161.20000000000002,0.03285592371229934,1.7450291255169264e-21
161.4,0.03032990732859519,-1.1810063140936701e-21
161.60000000000002,0.027998103785323532,-4.42900553260505e-21
161.8,0.025845564954430893,-4.3749819060033815e-21
162.0,0.023858514691677962,-3.59646882710696e-21
162.20000000000002,0.02202423998309842,-3.0276851550832966e-21
162.4,0.020330981765912956,-2.8439872701877094e-21
162.60000000000002,0.01876790195861312,-2.8159617471154773e-21
162.8,0.017325000053427863,-1.8556004983684892e-21
163.0,0.015993027103574926,-7.789129182409667e-22
163.20000000000002,0.014763456548521061,-5.616973879600984e-22
163.4,0.013628421550372104,-7.285245801413776e-22
163.60000000000002,0.012580647568271196,-9.53484204062527e-22
163.8,0.0116134438454965,-9.47368257566511e-22
164.0,0.010720579448570121,-7.218130377369847e-22
164.20000000000002,0.009896337190844446,-4.749113450868816e-22
164.4,0.00913546704174147,-2.47876814294885e-22
164.60000000000002,0.008433098769075355,-6.308037318016452e-23
164.8,0.007784730785470147,-1.476825086619193e-23
165.0,0.007186210961237937,-2.9601919215483373e-23
165.20000000000002,0.006633707885771879,-3.323851787061795e-23
165.4,0.006123683576056634,1.8243709419592096e-24
165.60000000000002,0.005652872293272601,-1.2692280401585505e-24
165.8,0.005218258634888587,-2.44365526455502e-24
166.0,0.004817059269043051,1.3557530760543135e-23
166.20000000000002,0.004446704814572327,4.836607646049709e-23
166.4,0.004104824095987953,7.816846441456375e-23
166.60000000000002,0.0037892287756068777,7.939323778091774e-23
166.8,0.0034978978806125874,8.060773107483835e-23
167.0,0.003228965719793344,9.352526452476851e-23
167.20000000000002,0.002980708938530293,1.0055558514207949e-22
167.4,0.0027515382503710234,8.091091701482511e-23
167.60000000000002,0.0025399873250678195,3.937916613638944e-23
167.8,0.002344702260335869,-4.657441133092766e-23
168.0,0.002164432887928072,-1.0567155243522349e-22
168.20000000000002,0.001998024257856972,-1.1922125351044534e-22
168.4,0.0018444095103644642,-1.0362136108228618e-22
168.60000000000002,0.0017026048153094533,-4.1080140720673684e-23
168.8,0.0015717023287808631,-5.47100525785983e-23
169.0,0.0014508641196100925,-2.741012581521783e-23
169.20000000000002,0.0013393166298135198,-2.8499681431076035e-23
169.4,0.001236345397975034,-9.794915417444131e-23
169.60000000000002,0.0011412909180810275,7.70018970432026e-23
169.8,0.0010535444822360926,-1.6333733895526341e-22
170.0,0.0009725442456943878,1.262206299201633e-22
170.20000000000002,0.0008977716013883153,1.1443821010101892e-22
170.4,0.00082874777135768,-5.490975439295409e-22
170.60000000000002,0.0007650307534947555,1.171059259849631e-21
170.8,0.0007062125239276904,-2.0592517057384476e-21
171.0,0.0006519164405508147,2.224283440154561e-21
171.20000000000002,0.0006017948207817307,1.0793361385138807e-21
171.4,0.0005555267172634433,-7.993401740462188e-21
171.60000000000002,0.000512815870838514,2.0678234790427794e-20
171.8,0.0004733887892081794,-4.114826690961099e-20
172.0,0.0004369930074176839,5.4159138057262516e-20
172.20000000000002,0.0004033954630965972,8.900596858219126e-21
172.4,0.0003723810050956877,-1.7202302363571165e-19
172.60000000000002,0.0003437510443415308,5.211146262005086e-19
172.8,0.000317322256120077,-1.1691822807071731e-18
173.0,0.00029292541083784343,1.8097086327461314e-18
173.20000000000002,0.0002704042854505999,-1.6325164359276634e-19
173.4,0.00024961465719110725,-5.113879034409639e-18
173.60000000000002,0.00023042340597794256,1.81021439015829e-17
173.8,0.0002127076446414271,-4.5341712362906033e-17
174.0,0.0001963539367612347,8.072796771546754e-17
174.20000000000002,0.00018125756365989671,1.9484664971632016e-16
174.4,0.0001673218482613237,1.6473711463451095e-16
174.60000000000002,0.00015445755684170132,3.644044816478525e-16
174.8,0.00014258231504842096,-6.513153333465623e-16
175.0,0.00013162008839771392,1.236540255104898e-15
175.20000000000002,0.00012150067912633427,2.2949067428405105e-15
175.4,0.00011215927881068256,-6.961968298615669e-16
175.60000000000002,0.00010353607862702115,-4.937101015459252e-16
175.8,9.557586156360455e-05,-1.3371698434489587e-16
176.0,8.822765498123404e-05,2.037993953908159e-16
176.20000000000002,8.144440606254702e-05,1.4509705388803638e-16
176.4,7.518267480469271e-05,-6.515221706347682e-17
176.60000000000002,6.940236645005694e-05,-1.2202215404734656e-16
176.8,6.40664687365811e-05,-4.8242749496070126e-17
177.0,5.9140814068120795e-05,3.241594578835309e-17
177.20000000000002,5.459386259565443e-05,5.3516419835866576e-17
177.4,5.039649548002319e-05,1.50192681025379e-17
177.60000000000002,4.652183576302633e-05,-3.874589868787115e-17
177.8,4.2945073774441095e-05,-1.358532083976925e-17
178.0,3.964330559374416e-05,-1.0937720892162457e-17
178.20000000000002,3.6595390354087675e-05,9.188694630192795e-18
178.4,3.378180911119153e-05,3.414410174317412e-17
178.60000000000002,3.118454417841154e-05,-3.8780899503770126e-17
178.8,2.8786968408742108e-05,3.5807371390216194e-17
179.0,2.657372313588485e-05,-4.9751995815176867e-17
179.20000000000002,2.453064367717908e-05,-2.183126554331695e-17
179.4,2.2644644630620112e-05,1.4463523400841167e-16
179.60000000000002,2.090363514312623e-05,-4.690315862107896e-17
179.8,1.9296489530568276e-05,5.757754818508654e-17
180.0,1.7812908038929006e-05,5.061578538508334e-17
180.20000000000002,1.6443379552881073e-05,-4.526021635526511e-17
180.4,1.5179157482682612e-05,4.847656268880077e-18
180.60000000000002,1.4012124491264717e-05,-3.6594527855691396e-17
180.8,1.2934826782984093e-05,1.8152807764852943e-17
181.0,1.1940345596736491e-05,-2.646157143816486e-17
181.20000000000002,1.1022333939614529e-05,1.446236991431371e-17
181.4,1.017488974199643e-05,-1.1592460155871575e-17
181.60000000000002,9.392608354986352e-06,8.229585679628541e-18
181.8,8.67047233845294e-06,-3.55597770865837e-18
182.0,8.003849261252097e-06,1.1099916658897743e-17
182.20000000000002,7.38849264074573e-06,-1.0687464803036536e-17
182.4,6.82043012833668e-06,1.2568397153188254e-17
182.60000000000002,6.296058176815384e-06,-7.673335516109803e-18
182.8,5.811990200008362e-06,4.2361404153569517e-19
183.0,5.365142226555404e-06,2.0976869597899776e-18
183.20000000000002,4.952652558349163e-06,-4.9957870019413035e-19
183.4,4.571871616740424e-06,1.1464529960484217e-18
183.60000000000002,4.220368133696249e-06,3.1955798702874326e-18
183.8,3.895896290428915e-06,-6.619524399261814e-19
184.0,3.596364204256205e-06,-6.61274011731872e-20
184.20000000000002,3.319863715255024e-06,5.691046527563257e-19
184.4,3.0646200932499956e-06,-5.157798738131479e-19
184.60000000000002,2.829000959348862e-06,2.7797131693255206e-19
184.8,2.6114967387649247e-06,-9.708760535593533e-19
185.0,2.410715028510126e-06,-1.0578045488678958e-18
185.20000000000002,2.2253699967782152e-06,-2.9578358953248437e-19
185.4,2.054274864422854e-06,3.7794417517257615e-20
185.60000000000002,1.8963339275844232e-06,-3.1306616680599114e-20
185.8,1.7505356572002291e-06,-2.5813699954769744e-20
186.0,1.6159467731898095e-06,2.5445629174786745e-20
186.20000000000002,1.4917060127607335e-06,4.2598398387406387e-20
186.4,1.377018100174453e-06,3.5873846852348457e-20
186.60000000000002,1.2711482982073525e-06,8.409797974243009e-22
186.8,1.1734180699255689e-06,-3.874127386691208e-20
187.0,1.083201498282859e-06,1.7906544616731522e-20
187.20000000000002,9.999210082674849e-07,7.803869443872863e-21
187.4,9.230435145971417e-07,1.4436782196032648e-19
187.60000000000002,8.520775293897668e-07,5.053012949078943e-19
187.8,7.865706197911948e-07,1.5221613624831314e-18
188.0,7.261017803643105e-07,2.059071538345263e-18
188.20000000000002,6.702796558673874e-07,1.0365989018115417e-19
188.4,6.187498812372614e-07,-1.0620898011262327e-18
188.60000000000002,5.71179633862083e-07,-4.894370520576271e-19
188.8,5.272655409983226e-07,-9.313450485545048e-19
189.0,4.867270278062107e-07,-2.319551320602628e-18
189.20000000000002,4.4930528458811423e-07,-1.3719679166876136e-18
189.4,4.1476152113317184e-07,2.2551934348613833e-18
189.60000000000002,3.828736381567964e-07,1.6339449665259715e-18
189.8,3.534366644317164e-07,-4.709248596716863e-18
190.0,3.2626412273289513e-07,-5.871792799372088e-18
190.20000000000002,3.011810854720563e-07,-1.3900717375030253e-18
190.4,2.7802527601078646e-07,-4.518718693237473e-18
190.60000000000002,2.566484101313775e-07,-1.2915623456720274e-17
190.8,2.3691691322523843e-07,-1.0003937675610693e-17
191.0,2.187041477986743e-07,1.4139904916759917e-18
191.20000000000002,2.0189105295405648e-07,5.375835392324703e-18
191.4,1.863697215642455e-07,3.1928179545987663e-18
191.60000000000002,1.7204003716767396e-07,-7.494280976225877e-19
191.8,1.5881113148884037e-07,-5.4222860317277236e-18
192.0,1.4660131647728754e-07,-2.76983339299466e-18
192.20000000000002,1.3533160349005197e-07,2.608861754346605e-18
192.4,1.2492903084192293e-07,3.2750763511890238e-18
192.60000000000002,1.1532577144618986e-07,5.709265695263503e-18
192.8,1.0645690289324454e-07,1.166248746151593e-17
193.0,9.826941791908004e-08,9.157472055300258e-18
193.20000000000002,9.071524740023691e-08,-4.823151638270914e-18
193.4,8.374410584487188e-08,-5.089265534769337e-18
193.60000000000002,7.730273496399642e-08,-1.7593983668041873e-17
193.8,7.135795266890427e-08,-1.7820739959987923e-18
194.0,6.587511759650678e-08,-5.399450401163058e-19
194.20000000000002,6.080724032894319e-08,1.6122474440540344e-18
194.4,5.6135718621158354e-08,-1.9374233715542565e-19
194.60000000000002,5.1815506961053945e-08,-7.112002393329292e-18
194.8,4.783518115498185e-08,3.745013423211262e-18
195.0,4.415770137207456e-08,-2.313883190115597e-19
195.20000000000002,4.0761789230969394e-08,1.1087369385178753e-18
195.4,3.762737267431444e-08,8.233528950787321e-19
195.60000000000002,3.473454788924317e-08,-1.812439226194694e-20
195.8,3.206360872347412e-08,1.5621962228698067e-18
196.0,2.9598740113851425e-08,2.2603647686014054e-19
196.20000000000002,2.7323345861561342e-08,-2.840991647778632e-19
196.4,2.52225581380963e-08,-6.853994470764805e-20
196.60000000000002,2.3283326222052316e-08,-5.656651416297381e-20
196.8,2.1493161252157507e-08,1.085739198336937e-20
197.0,1.9840705840265628e-08,-3.123258554991656e-20
197.20000000000002,1.8315252648944767e-08,-9.742561805656304e-23
197.4,1.6907109278509805e-08,-4.066816877117085e-20
197.60000000000002,1.560719999742882e-08,-8.440216857910544e-20
197.8,1.4407142032423502e-08,-6.871341566896533e-20
198.0,1.3299254304600245e-08,-2.1222573935996647e-19
198.20000000000002,1.2276533447560681e-08,-2.3518263720774444e-19
198.4,1.1332225903491066e-08,-2.9604513065039874e-19
198.60000000000002,1.0460339441886209e-08,-2.8192382815676086e-19
198.8,9.655508142673539e-09,-1.3301416969326917e-20
199.0,8.912500341623402e-09,-1.5329355844050324e-20
199.20000000000002,8.227013976105804e-09,-1.8469359509325647e-19
199.4,7.594314568862972e-09,-3.5576622145828924e-19
199.60000000000002,7.010011782038642e-09,-3.199056505586744e-19
199.8,6.470572426384734e-09,-3.6416193183062534e-20
200.0,5.972726484774225e-09,3.8211380731990545e-20
