[{"data_set_value_component_environment_variable_time":0.0,"data_set_value_component_B_variable_B":1.9375105113,"data_set_value_component_B_variable_F":0.48,"data_set_value_component_B_variable_n2":1.0,"data_set_value_component_B_variable_K2":0.8532,"data_set_value_component_R_variable_R":0.0,"data_set_value_component_R_variable_Vmax":0.009433,"data_set_value_component_R_variable_Km":198.0,"data_set_value_component_R_variable_fu":0.1985513601,"data_set_value_component_R_variable_ISF":15.56421125,"data_set_value_component_R_variable_age":5.0,"data_set_value_component_Ca_variable_Ca":6.6685,"data_set_value_component_Ca_variable_Va":2148.0,"data_set_value_component_Ca_variable_Vv":3431.0,"data_set_value_component_Cv_variable_Cv":0.0,"data_set_value_component_C_variable_C":0.0,"data_set_value_component_C_variable_V":1454.0,"data_set_value_component_model_constants_variable_Q":1221.34,"data_set_value_component_model_constants_variable_P":15.61,"data_set_value_component_model_constants_variable_Qc":6445.65},{"data_set_value_component_environment_variable_time":0.1,"data_set_value_component_B_variable_B":1.7262144176,"data_set_value_component_B_variable_F":0.48,"data_set_value_component_B_variable_n2":1.0,"data_set_value_component_B_variable_K2":0.8532,"data_set_value_component_R_variable_R":0.0000850601,"data_set_value_component_R_variable_Vmax":0.009433,"data_set_value_component_R_variable_Km":198.0,"data_set_value_component_R_variable_fu":0.2175672483,"data_set_value_component_R_variable_ISF":15.56421125,"data_set_value_component_R_variable_age":5.0,"data_set_value_component_Ca_variable_Ca":5.941263687,"data_set_value_component_Ca_variable_Va":2148.0,"data_set_value_component_Ca_variable_Vv":3431.0,"data_set_value_component_Cv_variable_Cv":0.0064038214,"data_set_value_component_C_variable_C":0.5275604783,"data_set_value_component_C_variable_V":1454.0,"data_set_value_component_model_constants_variable_Q":1221.34,"data_set_value_component_model_constants_variable_P":15.61,"data_set_value_component_model_constants_variable_Qc":6445.65},{"data_set_value_component_environment_variable_time":0.2,"data_set_value_component_B_variable_B":1.5381640326,"data_set_value_component_B_variable_F":0.48,"data_set_value_component_B_variable_n2":1.0,"data_set_value_component_B_variable_K2":0.8532,"data_set_value_component_R_variable_R":0.0001752295,"data_set_value_component_R_variable_Vmax":0.009433,"data_set_value_component_R_variable_Km":198.0,"data_set_value_component_R_variable_fu":0.2378399338,"data_set_value_component_R_variable_ISF":15.56421125,"data_set_value_component_R_variable_age":5.0,"data_set_value_component_Ca_variable_Ca":5.2940341699,"data_set_value_component_Ca_variable_Va":2148.0,"data_set_value_component_Ca_variable_Vv":3431.0,"data_set_value_component_Cv_variable_Cv":0.0120752578,"data_set_value_component_C_variable_C":0.9947855149,"data_set_value_component_C_variable_V":1454.0,"data_set_value_component_model_constants_variable_Q":1221.34,"data_set_value_component_model_constants_variable_P":15.61,"data_set_value_component_model_constants_variable_Qc":6445.65},{"data_set_value_component_environment_variable_time":0.3,"data_set_value_component_B_variable_B":1.370800707,"data_set_value_component_B_variable_F":0.48,"data_set_value_component_B_variable_n2":1.0,"data_set_value_component_B_variable_K2":0.8532,"data_set_value_component_R_variable_R":0.0002703312,"data_set_value_component_R_variable_Vmax":0.009433,"data_set_value_component_R_variable_Km":198.0,"data_set_value_component_R_variable_fu":0.2593472102,"data_set_value_component_R_variable_ISF":15.56421125,"data_set_value_component_R_variable_age":5.0,"data_set_value_component_Ca_variable_Ca":4.7180051213,"data_set_value_component_Ca_variable_Va":2148.0,"data_set_value_component_Ca_variable_Vv":3431.0,"data_set_value_component_Cv_variable_Cv":0.0170950428,"data_set_value_component_C_variable_C":1.4083261228,"data_set_value_component_C_variable_V":1454.0,"data_set_value_component_model_constants_variable_Q":1221.34,"data_set_value_component_model_constants_variable_P":15.61,"data_set_value_component_model_constants_variable_Qc":6445.65},{"data_set_value_component_environment_variable_time":0.4,"data_set_value_component_B_variable_B":1.2218477827,"data_set_value_component_B_variable_F":0.48,"data_set_value_component_B_variable_n2":1.0,"data_set_value_component_B_variable_K2":0.8532,"data_set_value_component_R_variable_R":0.0003700959,"data_set_value_component_R_variable_Vmax":0.009433,"data_set_value_component_R_variable_Km":198.0,"data_set_value_component_R_variable_fu":0.2820463762,"data_set_value_component_R_variable_ISF":15.56421125,"data_set_value_component_R_variable_age":5.0,"data_set_value_component_Ca_variable_Ca":4.2053407667,"data_set_value_component_Ca_variable_Va":2148.0,"data_set_value_component_Ca_variable_Vv":3431.0,"data_set_value_component_Cv_variable_Cv":0.0215350119,"data_set_value_component_C_variable_C":1.7741002565,"data_set_value_component_C_variable_V":1454.0,"data_set_value_component_model_constants_variable_Q":1221.34,"data_set_value_component_model_constants_variable_P":15.61,"data_set_value_component_model_constants_variable_Qc":6445.65},{"data_set_value_component_environment_variable_time":0.5,"data_set_value_component_B_variable_B":1.0892793487,"data_set_value_component_B_variable_F":0.48,"data_set_value_component_B_variable_n2":1.0,"data_set_value_component_B_variable_K2":0.8532,"data_set_value_component_R_variable_R":0.0004741587,"data_set_value_component_R_variable_Vmax":0.009433,"data_set_value_component_R_variable_Km":198.0,"data_set_value_component_R_variable_fu":0.3058728839,"data_set_value_component_R_variable_ISF":15.56421125,"data_set_value_component_R_variable_age":5.0,"data_set_value_component_Ca_variable_Ca":3.7490683508,"data_set_value_component_Ca_variable_Va":2148.0,"data_set_value_component_Ca_variable_Vv":3431.0,"data_set_value_component_Cv_variable_Cv":0.0254590882,"data_set_value_component_C_variable_C":2.0973740372,"data_set_value_component_C_variable_V":1454.0,"data_set_value_component_model_constants_variable_Q":1221.34,"data_set_value_component_model_constants_variable_P":15.61,"data_set_value_component_model_constants_variable_Qc":6445.65},{"data_set_value_component_environment_variable_time":0.6,"data_set_value_component_B_variable_B":0.9712922928,"data_set_value_component_B_variable_F":0.48,"data_set_value_component_B_variable_n2":1.0,"data_set_value_component_B_variable_K2":0.8532,"data_set_value_component_R_variable_R":0.0005820587,"data_set_value_component_R_variable_Vmax":0.009433,"data_set_value_component_R_variable_Km":198.0,"data_set_value_component_R_variable_fu":0.3307397155,"data_set_value_component_R_variable_ISF":15.56421125,"data_set_value_component_R_variable_age":5.0,"data_set_value_component_Ca_variable_Ca":3.3429819436,"data_set_value_component_Ca_variable_Va":2148.0,"data_set_value_component_Ca_variable_Vv":3431.0,"data_set_value_component_Cv_variable_Cv":0.0289241643,"data_set_value_component_C_variable_C":2.3828344019,"data_set_value_component_C_variable_V":1454.0,"data_set_value_component_model_constants_variable_Q":1221.34,"data_set_value_component_model_constants_variable_P":15.61,"data_set_value_component_model_constants_variable_Qc":6445.65},{"data_set_value_component_environment_variable_time":0.7,"data_set_value_component_B_variable_B":0.8662818911,"data_set_value_component_B_variable_F":0.48,"data_set_value_component_B_variable_n2":1.0,"data_set_value_component_B_variable_K2":0.8532,"data_set_value_component_R_variable_R":0.000693242,"data_set_value_component_R_variable_Vmax":0.009433,"data_set_value_component_R_variable_Km":198.0,"data_set_value_component_R_variable_fu":0.356537515,"data_set_value_component_R_variable_ISF":15.56421125,"data_set_value_component_R_variable_age":5.0,"data_set_value_component_Ca_variable_Ca":2.9815584264,"data_set_value_component_Ca_variable_Va":2148.0,"data_set_value_component_Ca_variable_Vv":3431.0,"data_set_value_component_Cv_variable_Cv":0.0319808726,"data_set_value_component_C_variable_C":2.6346525609,"data_set_value_component_C_variable_V":1454.0,"data_set_value_component_model_constants_variable_Q":1221.34,"data_set_value_component_model_constants_variable_P":15.61,"data_set_value_component_model_constants_variable_Qc":6445.65},{"data_set_value_component_environment_variable_time":0.8,"data_set_value_component_B_variable_B":0.7728200767,"data_set_value_component_B_variable_F":0.48,"data_set_value_component_B_variable_n2":1.0,"data_set_value_component_B_variable_K2":0.8532,"data_set_value_component_R_variable_R":0.0008070691,"data_set_value_component_R_variable_Vmax":0.009433,"data_set_value_component_R_variable_Km":198.0,"data_set_value_component_R_variable_fu":0.3831356225,"data_set_value_component_R_variable_ISF":15.56421125,"data_set_value_component_R_variable_age":5.0,"data_set_value_component_Ca_variable_Ca":2.6598826955,"data_set_value_component_Ca_variable_Va":2148.0,"data_set_value_component_Ca_variable_Vv":3431.0,"data_set_value_component_Cv_variable_Cv":0.0346742713,"data_set_value_component_C_variable_C":2.8565404926,"data_set_value_component_C_variable_V":1454.0,"data_set_value_component_model_constants_variable_Q":1221.34,"data_set_value_component_model_constants_variable_P":15.61,"data_set_value_component_model_constants_variable_Qc":6445.65},{"data_set_value_component_environment_variable_time":0.9,"data_set_value_component_B_variable_B":0.6896361803,"data_set_value_component_B_variable_F":0.48,"data_set_value_component_B_variable_n2":1.0,"data_set_value_component_B_variable_K2":0.8532,"data_set_value_component_R_variable_R":0.0009228264,"data_set_value_component_R_variable_Vmax":0.009433,"data_set_value_component_R_variable_Km":198.0,"data_set_value_component_R_variable_fu":0.4103840221,"data_set_value_component_R_variable_ISF":15.56421125,"data_set_value_component_R_variable_age":5.0,"data_set_value_component_Ca_variable_Ca":2.3735813774,"data_set_value_component_Ca_variable_Va":2148.0,"data_set_value_component_Ca_variable_Vv":3431.0,"data_set_value_component_Cv_variable_Cv":0.0370444517,"data_set_value_component_C_variable_C":3.0518010133,"data_set_value_component_C_variable_V":1454.0,"data_set_value_component_model_constants_variable_Q":1221.34,"data_set_value_component_model_constants_variable_P":15.61,"data_set_value_component_model_constants_variable_Qc":6445.65},{"data_set_value_component_environment_variable_time":1.0,"data_set_value_component_B_variable_B":0.6155987985,"data_set_value_component_B_variable_F":0.48,"data_set_value_component_B_variable_n2":1.0,"data_set_value_component_B_variable_K2":0.8532,"data_set_value_component_R_variable_R":0.0010397423,"data_set_value_component_R_variable_Vmax":0.009433,"data_set_value_component_R_variable_Km":198.0,"data_set_value_component_R_variable_fu":0.4381165812,"data_set_value_component_R_variable_ISF":15.56421125,"data_set_value_component_R_variable_age":5.0,"data_set_value_component_Ca_variable_Ca":2.1187604217,"data_set_value_component_Ca_variable_Va":2148.0,"data_set_value_component_Ca_variable_Vv":3431.0,"data_set_value_component_Cv_variable_Cv":0.0391271107,"data_set_value_component_C_variable_C":3.2233749059,"data_set_value_component_C_variable_V":1454.0,"data_set_value_component_model_constants_variable_Q":1221.34,"data_set_value_component_model_constants_variable_P":15.61,"data_set_value_component_model_constants_variable_Qc":6445.65}]