species_1,species_2,species_3,species_4,species_5,species_6,Time
0.01,0.0,0.002,0.0,0.0,0.0,0.0
0.010096777427519797,7.084297714673365e-09,0.0020303072691648626,1.3465336267553588e-20,0.0,0.0,0.01
0.01019352371542889,1.433838988977431e-08,0.002060589090913067,1.1079574926451046e-19,0.0,0.0,0.02
0.010290238871752518,2.1764071285251873e-08,0.002090845486611447,3.8481135011538467e-19,0.0,0.0,0.03
0.010386922904516857,2.93631316643532e-08,0.002121076477608892,9.38611328898281e-19,0.0,0.0,0.04
0.010483575821748982,3.713735581557601e-08,0.002151282085236407,1.886150168419524e-18,0.0,0.0,0.05
0.010580197631476884,4.508852355566085e-08,0.002181462330807086,3.353770657241537e-18,0.0,0.0,0.06
0.010676788341729427,5.321840977711883e-08,0.002211617235616204,5.483846952771898e-18,0.0,0.0,0.07
0.010773347960536408,6.152878437104872e-08,0.0022417468209410827,8.42810110919957e-18,0.0,0.0,0.08
0.010869876495928526,7.002141226291805e-08,0.0022718511080411542,1.2350514764768294e-17,0.0,0.0,0.09
0.010966373955937374,7.869805342801167e-08,0.0023019301181579853,1.742849515585431e-17,0.0,0.0,0.1
0.011062840348595442,8.756046290071318e-08,0.0023319838725152937,2.385351316919158e-17,0.0,0.0,0.11
0.011159275681936098,9.661039078378644e-08,0.0023620123923189635,3.183174139409725e-17,0.0,0.0,0.12
0.011255679963993598,1.0584958225765698e-07,0.002392015698757059,4.158469217469698e-17,0.0,0.0,0.13
0.011352053202803067,1.1527977758969343e-07,0.002421993812999844,5.3349855662150235e-17,0.0,0.0,0.14
0.011448395406400509,1.2490271214348895e-07,0.002451946756199792,6.73813378668757e-17,0.0,0.0,0.15
0.011544706582822768,1.3472011641224623e-07,0.002481874549491648,8.395535373425839e-17,0.0,0.0,0.16
0.011640986740107476,1.4473371611930735e-07,0.0025117772139925977,1.0338924488395114e-16,0.0,0.0,0.17
0.011737235886293164,1.5494523204899774e-07,0.002541654770801977,1.2600617599740358e-16,0.0,0.0,0.18
0.01183345402941921,1.6535638011511786e-07,0.0025715072410013896,1.521476991877652e-16,0.0,0.0,0.19
0.011929641177525837,1.759688713843013e-07,0.00260133464565475,1.8217722755493868e-16,0.0,0.0,0.2
0.012025797338654092,1.8678441208587784e-07,0.002631137005808294,2.164807902775264e-16,0.0,0.0,0.21
0.012121922520845856,1.9780470362173573e-07,0.002660914342490599,2.5546778770477773e-16,0.0,0.0,0.22
0.012218016732143826,2.0903144257618413e-07,0.002690666676712601,2.995717464485355e-16,0.0,0.0,0.23
0.012314079980591518,2.2046632072581568e-07,0.0027203940294676086,3.4925107447518317e-16,0.0,0.0,0.24
0.012410112274233259,2.3211102504936912e-07,0.0027500964217313214,4.049898161975915e-16,0.0,0.0,0.25
0.012506113621114194,2.4396723770315494e-07,0.002779773874461791,4.673051533964512e-16,0.0,0.0,0.26
0.012602084029280352,2.560366359005517e-07,0.0028094264085992307,5.367736980259737e-16,0.0,0.0,0.27
0.012698023506778509,2.683208921768014e-07,0.002839054045066438,6.139823080429358e-16,0.0,0.0,0.28
0.012793932061656233,2.80821674314279e-07,0.002868656804768675,6.995454135613616e-16,0.0,0.0,0.29
0.01288980970196187,2.935406453322432e-07,0.0028982347085936533,7.9410971174224975e-16,0.0,0.0,0.3
0.012985656435744558,3.0647946349586816e-07,0.0029277877774115503,8.983550845067377e-16,0.0,0.0,0.31
0.013081472271054218,3.1963978232527624e-07,0.002957316032075024,1.012995516249272e-15,0.0,0.0,0.32
0.013177257215941535,3.330232506045703e-07,0.0029868194934192264,1.1387800115507762e-15,0.0,0.0,0.33
0.013273011278457973,3.466315123908659e-07,0.003016298182261822,1.2764935128918163e-15,0.0,0.0,0.34
0.013368734466655754,3.604662070233237e-07,0.0030457521194030006,1.4269578183657707e-15,0.0,0.0,0.35
0.01346442678858787,3.7452896911902726e-07,0.0030751813256254756,1.5910435719177882e-15,0.0,0.0,0.36
0.013560088252308101,3.8882142853221436e-07,0.00310458582169443,1.769713098352649e-15,0.0,0.0,0.37
0.013655718865870956,4.03345210460695e-07,0.0031339656283576652,1.9639393513382397e-15,0.0,0.0,0.38
0.013751318637331684,4.1810193542256885e-07,0.0031633207663455737,2.1747340306662212e-15,0.0,0.0,0.39
0.01384688757474628,4.3309321925757483e-07,0.003192651256371141,2.4031549667008278e-15,0.0,0.0,0.4
0.013942425686171473,4.4832067313580605e-07,0.003221957119129962,2.650307305016559e-15,0.0,0.0,0.41
0.014037932979664726,4.6378590356642534e-07,0.003251238375300257,2.917344691035885e-15,0.0,0.0,0.42
0.014133409463284227,4.794905124063805e-07,0.0032804950455428833,3.20547045466693e-15,0.0,0.0,0.43
0.014228855145088884,4.954360968691188e-07,0.003309727150501353,3.515938794941177e-15,0.0,0.0,0.44
0.014324270033138325,5.116242495333033e-07,0.003338934710801845,3.850055964651165e-15,0.0,0.0,0.45
0.014419654135492892,5.280565583460951e-07,0.003368117747053218,4.209194771185712e-15,0.0,0.0,0.46
0.01451500746021365,5.44734606611304e-07,0.0033972762798470018,4.594846172323775e-15,0.0,0.0,0.47
0.014610330015362353,5.616599730383189e-07,0.0034264103297574535,5.008521881318619e-15,0.0,0.0,0.48
0.014705621809001458,5.788342317374777e-07,0.003455519917341559,5.4517882626376745e-15,0.0,0.0,0.49
0.01480088284919411,5.962589522256104e-07,0.003484605063139043,5.926275293714204e-15,0.0,0.0,0.5
0.014896113144004148,6.13935699434624e-07,0.003513665787672385,6.4336780705974876e-15,0.0,0.0,0.51
0.01499131270149609,6.318660337200858e-07,0.003542702111446835,6.975758313603011e-15,0.0,0.0,0.52
0.015086481529735133,6.500515108698084e-07,0.0035717140549504246,7.554345872962651e-15,0.0,0.0,0.53
0.015181619636787151,6.684936821124338e-07,0.003600701638653987,8.171340234474867e-15,0.0,0.0,0.54
0.015276727030718685,6.871940941260169e-07,0.003629664883011166,8.828712025154889e-15,0.0,0.0,0.55
0.01537180371959695,7.061542890285667e-07,0.003658603808458416,9.528555165822718e-15,0.0,0.0,0.56
0.015466849711489806,7.25375804423378e-07,0.0036875184354150554,1.0272985231908588e-14,0.0,0.0,0.57
0.015561865014465803,7.448601733496327e-07,0.0037164087842832187,1.106430370510702e-14,0.0,0.0,0.58
0.01565684963659411,7.646089243538871e-07,0.0037452748754479353,1.1904822923703233e-14,0.0,0.0,0.59
0.015751803585944555,7.846235814724098e-07,0.00377411672927712,1.2796941257272245e-14,0.0,0.0,0.6
0.015846726870587597,8.049056642397264e-07,0.003802934366121585,1.3743144722954103e-14,0.0,0.0,0.61
0.015941619498594344,8.254566876971511e-07,0.003831727806315057,1.4746008637916533e-14,0.0,0.0,0.62
0.016036481478036522,8.462781624013058e-07,0.0038604970701741877,1.5808199308005064e-14,0.0,0.0,0.63
0.016131312816986494,8.673715944326272e-07,0.0038892421779985744,1.693247575258059e-14,0.0,0.0,0.64
0.016226113523517233,8.887384854038589e-07,0.00391796315007077,1.8121691465544384e-14,0.0,0.0,0.65
0.016320883605702396,9.103803323984157e-07,0.003946660006656232,1.9379043545549782e-14,0.0,0.0,0.66
0.01641562307161637,9.32298627765466e-07,0.003975332768003128,2.0708827237119626e-14,0.0,0.0,0.67
0.016510331929334033,9.544948596816881e-07,0.004003981454342888,2.2114486050675806e-14,0.0,0.0,0.68
0.01660501018693083,9.769705119312113e-07,0.0040326060858899984,2.3599419696556346e-14,0.0,0.0,0.69
0.016699657852482803,9.997270638709237e-07,0.0040612066828419734,2.5167138132620395e-14,0.0,0.0,0.7
0.01679427493406659,1.022765990438846e-06,0.004089783265379365,2.682126369216676e-14,0.0,0.0,0.71
0.01688886143975941,1.0460887621624913e-06,0.004118335853665786,2.856553324956297e-14,0.0,0.0,0.72
0.01698341737763909,1.0696968451672117e-06,0.004146864467847922,3.040380042358513e-14,0.0,0.0,0.73
0.01707794275578401,1.0935917011845332e-06,0.004175369128055539,3.234003781846785e-14,0.0,0.0,0.74
0.017172437582273145,1.117774787560474e-06,0.004203849854401505,3.4378339302665164e-14,0.0,0.0,0.75
0.017266901865186025,1.1422475572638525e-06,0.004232306666981804,3.652292232532171e-14,0.0,0.0,0.76
0.017361335612602755,1.1670114588945806e-06,0.004260739585875548,3.877813027045448e-14,0.0,0.0,0.77
0.017455738832604,1.192067936691944e-06,0.004289148631144991,4.1148434848845224e-14,0.0,0.0,0.78
0.017550111533270987,1.2174184305428686e-06,0.004317533822835545,4.363843852764321e-14,0.0,0.0,0.79
0.017644453722685475,1.2430643759901742e-06,0.004345895180975792,4.6252876997678545e-14,0.0,0.0,0.8
0.017738765408929793,1.2690072042408154e-06,0.004374232725577505,4.899662167848625e-14,0.0,0.0,0.81
0.017833046600086805,1.2952483421741073e-06,0.0044025464766356505,5.187468226104053e-14,0.0,0.0,0.82
0.0179272973042399,1.3217892123499411e-06,0.004430836454128417,5.4892209288199894e-14,0.0,0.0,0.83
0.01802151752947302,1.3486312330169813e-06,0.004459102678017216,5.805449677286253e-14,0.0,0.0,0.84
0.01811570728387062,1.3757758181208555e-06,0.004487345168246705,6.136698485383233e-14,0.0,0.0,0.85
0.018209866575517684,1.4032243773123262e-06,0.004515563944744799,6.483526248939557e-14,0.0,0.0,0.86
0.01830399541249972,1.430978315955452e-06,0.0045437590274226836,6.84650701886079e-14,0.0,0.0,0.87
0.01839809380290274,1.4590390351357338e-06,0.004571930436174832,7.226230278029186e-14,0.0,0.0,0.88
0.01849216175481328,1.48740793166825e-06,0.004600078190879014,7.623301221974544e-14,0.0,0.0,0.89
0.018586199276318365,1.5160863981057739e-06,0.00462820231139632,8.038341043316027e-14,0.0,0.0,0.9
0.018680206375505534,1.545075822746884e-06,0.004656302817571163,8.471987219975106e-14,0.0,0.0,0.91
0.01877418306046281,1.5743775896440555e-06,0.004684379729231302,8.924893807159545e-14,0.0,0.0,0.92
0.01886812933927872,1.6039930786117413e-06,0.004712433066187851,9.397731733118413e-14,0.0,0.0,0.93
0.01896204522004227,1.6339236652344385e-06,0.004740462848235298,9.891189098668155e-14,0.0,0.0,0.94
0.01905593071084295,1.6641707208747432e-06,0.004768469095151513,1.0405971480489769e-13,0.0,0.0,0.95
0.01914978581977073,1.6947356126813902e-06,0.004796451826697768,1.0942802238196944e-13,0.0,0.0,0.96
0.01924361055491604,1.725619703597279e-06,0.004824411062618747,1.1502422825175318e-13,0.0,0.0,0.97
0.019337404924369805,1.7568243523674896e-06,0.00485234682264256,1.2085593103192785e-13,0.0,0.0,0.98
0.019431168936223386,1.7883509135472807e-06,0.004880259126480763,1.2693091660780822e-13,0.0,0.0,0.99
0.019524902598568622,1.8202007375100788e-06,0.004908147993828366,1.3325716135386897e-13,0.0,0.0,1.0
0.0196186059194978,1.8523751704554504e-06,0.004936013444363846,1.3984283539297924e-13,0.0,0.0,1.01
0.019712278907103656,1.8848755544170633e-06,0.004963855497749166,1.4669630589334756e-13,0.0,0.0,1.02
0.019805921569479374,1.9177032272706328e-06,0.004991674173629788,1.538261404031777e-13,0.0,0.0,1.03
0.019899533914718583,1.950859522741857e-06,0.005019469491634686,1.6124111022303442e-13,0.0,0.0,1.04
0.01999311595091534,1.9843457704143346e-06,0.005047241471376357,1.6895019381592044e-13,0.0,0.0,1.05
0.020086667686164145,2.018163295737475e-06,0.0050749901324508425,1.7696258025506342e-13,0.0,0.0,1.06
0.020180189128559914,2.05231342003439e-06,0.005102715494437734,1.8528767270941375e-13,0.0,0.0,1.07
0.020273680286197998,2.086797460509776e-06,0.005130417576900192,1.939350919668529e-13,0.0,0.0,1.08
0.020367141167174165,2.121616730257779e-06,0.005158096399384961,2.0291467999511195e-13,0.0,0.0,1.09
0.020460571779584588,2.156772538269849e-06,0.005185751981422377,2.1223650354040104e-13,0.0,0.0,1.1
0.02055397213152586,2.1922661894425826e-06,0.0052133843425263915,2.2191085776374923e-13,0.0,0.0,1.11
0.020647342231094972,2.2280989845855475e-06,0.005240993502194576,2.3194826991505476e-13,0.0,0.0,1.12
0.020740682086389326,2.2642722204290972e-06,0.005268579479908139,2.4235950304484583e-13,0.0,0.0,1.13
0.020833991705507288,2.300787188618027e-06,0.005296142295130943,2.5316071830716793e-13,0.0,0.0,1.14
0.0209272710965479,2.337645176239275e-06,0.005323681967310027,2.643708341346826e-13,0.0,0.0,1.15
0.021020520267609866,2.37484746760718e-06,0.0053511985158773735,2.760024887378089e-13,0.0,0.0,1.16
0.021113739226792272,2.4123953429861804e-06,0.005378691960248659,2.880685805452411e-13,0.0,0.0,1.17
0.021206927982194583,2.450290078590717e-06,0.005406162319823256,3.005823120188386e-13,0.0,0.0,1.18
0.02130008654191666,2.48853294659274e-06,0.00543360961398425,3.1355719473099665e-13,0.0,0.0,1.19
0.021393214914058715,2.527125215129206e-06,0.00546103386209845,3.270070544912745e-13,0.0,0.0,1.2
0.021486313106721357,2.5660681483095536e-06,0.0054884350835164,3.4094603652227187e-13,0.0,0.0,1.21
0.021579381128005545,2.60536300622317e-06,0.005515813297572404,3.553886106847669e-13,0.0,0.0,1.22
0.02167241898601261,2.6450110449468366e-06,0.005543168523584524,3.7034957675210545e-13,0.0,0.0,1.23
0.021765426688844246,2.685013516552159e-06,0.005570500780854605,3.8584406973384453e-13,0.0,0.0,1.24
0.02185840424460249,2.725371669112989e-06,0.005597810088668283,4.0188756524865173e-13,0.0,0.0,1.25
0.021951351661389732,2.766086746712818e-06,0.005625096466294999,4.184958849464588e-13,0.0,0.0,1.26
0.022044268947308716,2.80715998945217e-06,0.005652359932988016,4.3568520197987087e-13,0.0,0.0,1.27
0.022137156110462526,2.848592633455963e-06,0.005679600507984429,4.5347204652482856e-13,0.0,0.0,1.28
0.022230013158954582,2.890385910880869e-06,0.005706818210505179,4.718733113505253e-13,0.0,0.0,1.29
0.02232284010088863,2.9325410499226514e-06,0.005734013059755068,4.909062574385809e-13,0.0,0.0,1.3
0.022415636944368766,2.9750592748234854e-06,0.00576118507492277,5.105885196514681e-13,0.0,0.0,1.31
0.022508403697499388,3.0179418058792666e-06,0.005788334275180846,5.309381124501944e-13,0.0,0.0,1.32
0.022601140368385234,3.0611898594469024e-06,0.00581546067968576,5.519734356612373e-13,0.0,0.0,1.33
0.02269384696513135,3.104804647951589e-06,0.005842564307577885,5.737132802927366e-13,0.0,0.0,1.34
0.0227865234958431,3.14878737989407e-06,0.005869645177981524,5.961768343999405e-13,0.0,0.0,1.35
0.022879169968626146,3.193139259857882e-06,0.00589670331000492,6.193836889999043e-13,0.0,0.0,1.36
0.022971786391586473,3.2378614885165847e-06,0.005923738722740269,6.433538440354466e-13,0.0,0.0,1.37
0.023064372772830348,3.282955262640972e-06,0.005950751435263735,6.681077143883582e-13,0.0,0.0,1.38
0.02315692912046435,3.328421775106275e-06,0.005977741466635462,6.936661359418687e-13,0.0,0.0,1.39
0.023249455442595345,3.374262214899338e-06,0.006004708835899587,7.200503716923623e-13,0.0,0.0,1.4
0.023341951747330482,3.4204777671257895e-06,0.006031653562084254,7.472821179103533e-13,0.0,0.0,1.41
0.023434418042777204,3.4670696130171922e-06,0.006058575664201629,7.753835103507145e-13,0.0,0.0,1.42
0.023526854337043223,3.5140389299381786e-06,0.006085475161247908,8.043771305121597e-13,0.0,0.0,1.43
0.023619260638236547,3.5613868913935725e-06,0.006112352072203337,8.342860119459816e-13,0.0,0.0,1.44
0.023711636954465428,3.6091146670354897e-06,0.006139206416032222,8.651336466140447e-13,0.0,0.0,1.45
0.023803983293838416,3.657223422670432e-06,0.006166038211682939,8.96943991296031e-13,0.0,0.0,1.46
0.023896299664464302,3.7057143202663565e-06,0.006192847478087953,9.297414740459436e-13,0.0,0.0,1.47
0.02398858607445215,3.7545885179597347e-06,0.006219634234163827,9.63551000697861e-13,0.0,0.0,1.48
0.024080842531911277,3.803847170062594e-06,0.00624639849881124,9.983979614209497e-13,0.0,0.0,1.49
0.02417306904495125,3.853491427069546e-06,0.006273140290914992,1.0343082373237292e-12,0.0,0.0,1.5
0.02426526562168189,3.903522435664793e-06,0.006299859629344025,1.0713082071075926e-12,0.0,0.0,1.51
0.02435743227021326,3.953941338729131e-06,0.0063265565329514335,1.1094247537695815e-12,0.0,0.0,1.52
0.024449568998655656,4.00474927534692e-06,0.006353231020574475,1.1486852713544156e-12,0.0,0.0,1.53
0.024541675815119623,4.055947380813056e-06,0.006379883111034588,1.1891176717557778e-12,0.0,0.0,1.54
0.024633752727715924,4.107536786639913e-06,0.006406512823137401,1.230750391566852e-12,0.0,0.0,1.55
0.024725799744555566,4.159518620564284e-06,0.006433120175672744,1.2736123989801176e-12,0.0,0.0,1.56
0.02481781687374977,4.211894006554288e-06,0.006459705187414672,1.3177332007363979e-12,0.0,0.0,1.57
0.02490980412340998,4.264664064816282e-06,0.0064862678771214636,1.363142849123163e-12,0.0,0.0,1.58
0.02500176150164786,4.31782991180174e-06,0.006512808263535643,1.4098719490220872e-12,0.0,0.0,1.59
0.02509368901657528,4.371392660214124e-06,0.006539326365383995,1.4579516650058619e-12,0.0,0.0,1.6
0.025185586676304297,4.425353419081139e-06,0.006565822201377619,1.5074141516334451e-12,0.0,0.0,1.61
0.02527745448894654,4.4797132948314965e-06,0.00659229579021283,1.5582994840463378e-12,0.0,0.0,1.62
0.025369292462614202,4.5344733895288335e-06,0.006618747150569712,1.6106441929371954e-12,0.0,0.0,1.63
0.025461100605419878,4.58963480110791e-06,0.00664517630111233,1.6644827561959889e-12,0.0,0.0,1.64
0.025552878925476367,4.645198623796263e-06,0.0066715832604890765,1.7198502908043026e-12,0.0,0.0,1.65
0.02564462743089665,4.701165948121147e-06,0.006697968047332679,1.7767825612377885e-12,0.0,0.0,1.66
0.02573634612979388,4.7575378609164485e-06,0.006724330680260221,1.8353159879281686e-12,0.0,0.0,1.67
0.0258280350302814,4.814315445329593e-06,0.006750671177873153,1.895487655784794e-12,0.0,0.0,1.68
0.025919694140472724,4.871499780828436e-06,0.006776989558757301,1.9573353227757654e-12,0.0,0.0,1.69
0.02601132346848153,4.929091943208137e-06,0.006803285841482885,2.0208974285685995e-12,0.0,0.0,1.7
0.026102923022421676,4.9870930045980295e-06,0.006829560044604531,2.0862131032304655e-12,0.0,0.0,1.71
0.02619449281040716,5.045504033468462e-06,0.00685581218666128,2.1533221759879554e-12,0.0,0.0,1.72
0.026286032840552163,5.104326094637638e-06,0.006882042286176607,2.2222651840464386e-12,0.0,0.0,1.73
0.026377543120971007,5.163560249278438e-06,0.0069082503616584275,2.293083381468948e-12,0.0,0.0,1.74
0.026469023659778167,5.22320755492522e-06,0.0069344364315991145,2.365818748114635e-12,0.0,0.0,1.75
0.026560474465088267,5.2832690654806215e-06,0.006960600514475512,2.4405139986367784e-12,0.0,0.0,1.76
0.02665189554501607,5.3437458312223285e-06,0.006986742628748945,2.5172125915403425e-12,0.0,0.0,1.77
0.026743286907676477,5.404638898809853e-06,0.007012862792865234,2.595958738299103e-12,0.0,0.0,1.78
0.02683464856118454,5.465949311291271e-06,0.00703896102525471,2.6767974125323188e-12,0.0,0.0,1.79
0.026925980513655415,5.527678108109969e-06,0.0070650373443322196,2.7597743592409606e-12,0.0,0.0,1.8
0.027017282773204417,5.589826325111363e-06,0.007091091768497149,2.8449361041035044e-12,0.0,0.0,1.81
0.02710855534794696,5.652394994549606e-06,0.0071171243161334274,2.93232996283127e-12,0.0,0.0,1.82
0.027199798245998587,5.7153851450942885e-06,0.007143135005609545,3.0220040505833196e-12,0.0,0.0,1.83
0.027291011475474962,5.778797801837115e-06,0.007169123855278564,3.1140072914409142e-12,0.0,0.0,1.84
0.027382195044491856,5.842633986298569e-06,0.00719509088347813,3.2083894279415236e-12,0.0,0.0,1.85
0.027473348961165146,5.906894716434575e-06,0.007221036108530491,3.305201030672393e-12,0.0,0.0,1.86
0.027564473233610824,5.971581006643128e-06,0.007246959548742501,3.4044935079236654e-12,0.0,0.0,1.87
0.027655567869944973,6.036693867770923e-06,0.0072728612224056376,3.5063191154010584e-12,0.0,0.0,1.88
0.02774663287828378,6.102234307119967e-06,0.007298741147796018,3.6107309659981053e-12,0.0,0.0,1.89
0.027837668266743523,6.168203328454172e-06,0.007324599343174404,3.717783039627934e-12,0.0,0.0,1.9
0.027928674043440568,6.234601932005941e-06,0.007350435826786222,3.827530193114621e-12,0.0,0.0,1.91
0.028019650216491377,6.30143111448274e-06,0.0073762506168615705,3.940028170144093e-12,0.0,0.0,1.92
0.028110596794012475,6.368691869073641e-06,0.007402043731615234,4.0553336112745795e-12,0.0,0.0,1.93
0.028201513784120488,6.43638518545588e-06,0.0074278151892467024,4.173504064006633e-12,0.0,0.0,1.94
0.028292401194932103,6.50451204980137e-06,0.007453565007940169,4.294597992912694e-12,0.0,0.0,1.95
0.028383259034564085,6.573073444783224e-06,0.007479293205864559,4.418674789826221e-12,0.0,0.0,1.96
0.02847408731113326,6.642070349582245e-06,0.007504999801173529,4.545794784090366e-12,0.0,0.0,1.97
0.02856488603275652,6.711503739893417e-06,0.007530684812005492,4.676019252866215e-12,0.0,0.0,1.98
0.02865565520755083,6.781374587932374e-06,0.007556348256483618,4.809410431500585e-12,0.0,0.0,1.99
0.02874639484363319,6.851683862441861e-06,0.007581990152715854,4.946031523953367e-12,0.0,0.0,2.0
0.028837104949120666,6.922432528698166e-06,0.0076076105187949375,5.0859467132844284e-12,0.0,0.0,2.01
0.028927785532130382,6.993621548517566e-06,0.007633209372798403,5.229221172200095e-12,0.0,0.0,2.02
0.029018436600779483,7.0652518802627215e-06,0.007658786732788597,5.375921073659129e-12,0.0,0.0,2.03
0.02910905816318518,7.1373244788491e-06,0.007684342616812695,5.52611360153835e-12,0.0,0.0,2.04
0.029199650227464707,7.2098402957513395e-06,0.007709877042902705,5.67986696135771e-12,0.0,0.0,2.05
0.02929021280173534,7.282800279009645e-06,0.007735390029075495,5.837250391065037e-12,0.0,0.0,2.06
0.029380745894114386,7.356205373236123e-06,0.00776088159333278,5.998334171880215e-12,0.0,0.0,2.07
0.02947124951271918,7.430056519621152e-06,0.007786351753661169,6.1631896391990366e-12,0.0,0.0,2.08
0.029561723665666766,7.504354656500938e-06,0.007811800528032619,6.331890936505597e-12,0.0,0.0,2.09
0.029652168361073372,7.579100720326701e-06,0.007837227934405297,6.504518016575159e-12,0.0,0.0,2.1
0.029742583607056165,7.654295642473669e-06,0.007862633990720848,6.681146723292323e-12,0.0,0.0,2.11
0.029832969411732423,7.729940350763799e-06,0.007888018714905718,6.861853512024716e-12,0.0,0.0,2.12
0.0299233257832194,7.806035769639718e-06,0.007913382124871294,7.046715981644328e-12,0.0,0.0,2.13
0.030013652729634376,7.882582820171283e-06,0.007938724238513925,7.235812886578436e-12,0.0,0.0,2.14
0.03010395025909462,7.95958242006206e-06,0.007964045073714931,7.42922414892794e-12,0.0,0.0,2.15
0.030194218379717388,8.037035483655822e-06,0.007989344648340618,7.627030870653423e-12,0.0,0.0,2.16
0.030284457099619924,8.114942921943022e-06,0.008014622980242284,7.829315345828673e-12,0.0,0.0,2.17
0.030374666426919474,8.193305642567287e-06,0.008039880087256241,8.036161072961893e-12,0.0,0.0,2.18
0.030464846369733237,8.272124549831845e-06,0.008065115987203823,8.247652767384375e-12,0.0,0.0,2.19
0.030554996936178424,8.351400544705991e-06,0.008090330697891399,8.463876373706876e-12,0.0,0.0,2.2
0.03064511813437219,8.431134524831522e-06,0.00811552423711038,8.68491907834346e-12,0.0,0.0,2.21
0.030735209972431676,8.511327384529153e-06,0.008140696622637247,8.910869322103016e-12,0.0,0.0,2.22
0.030825272458473985,8.591980014804928e-06,0.00816584787223354,9.141816812848267e-12,0.0,0.0,2.23
0.030915305600616196,8.673093303356638e-06,0.008190978003645894,9.377852538222457e-12,0.0,0.0,2.24
0.03100530940697533,8.754668134580186e-06,0.008216087034606035,9.619068778443499e-12,0.0,0.0,2.25
0.031095283885668366,8.836705389575989e-06,0.008241174982830805,9.865559119165845e-12,0.0,0.0,2.26
0.03118522904481225,8.91920594615533e-06,0.008266241866022164,1.0117418464409805e-11,0.0,0.0,2.27
0.03127514489252386,9.00217067884671e-06,0.008291287701867201,1.0374743049558494e-11,0.0,0.0,2.28
0.031365031436920036,9.085600458902213e-06,0.008316312508038165,1.0637630454422428e-11,0.0,0.0,2.29
0.03145488868611754,9.169496154303814e-06,0.008341316302192451,1.0906179616371543e-11,0.0,0.0,2.3
0.0315447166482331,9.253858629769718e-06,0.008366299101972636,1.1180490843534993e-11,0.0,0.0,2.31
0.03163451533138333,9.338688746760651e-06,0.008391260925006474,1.1460665828068314e-11,0.0,0.0,2.32
0.03172428474368485,9.42398736348619e-06,0.008416201788906922,1.1746807659488384e-11,0.0,0.0,2.33
0.03181402489325413,9.509755334911005e-06,0.008441121711272138,1.2039020838075749e-11,0.0,0.0,2.34
0.0319037357882076,9.595993512761185e-06,0.008466020709685508,1.2337411288344737e-11,0.0,0.0,2.35
0.03199341743666163,9.682702745530452e-06,0.008490898801715645,1.2642086372580944e-11,0.0,0.0,2.36
0.032083069846732454,9.769883878486462e-06,0.00851575600491642,1.2953154904446522e-11,0.0,0.0,2.37
0.032172693026536275,9.857537753676999e-06,0.00854059233682695,1.3270727162652806e-11,0.0,0.0,2.38
0.032262286984189176,9.945665209936248e-06,0.008565407814971627,1.3594914904700764e-11,0.0,0.0,2.39
0.03235185172780715,1.0034267082890976e-05,0.008590202456860123,1.3925831380688796e-11,0.0,0.0,2.4
0.032441387265506084,1.0123344204966773e-05,0.008614976279987415,1.4263591347188334e-11,0.0,0.0,2.41
0.03253089360540177,1.0212897405394212e-05,0.008639729301833774,1.4608311081186794e-11,0.0,0.0,2.42
0.03262037075560992,1.0302927510215078e-05,0.0086644615398648,1.496010839409836e-11,0.0,0.0,2.43
0.032709818724246095,1.0393435342288484e-05,0.008689173011531423,1.5319102645842072e-11,0.0,0.0,2.44
0.03279923751942579,1.048442172129709e-05,0.008713863734269914,1.5685414758987777e-11,0.0,0.0,2.45
0.03288862714926433,1.0575887463753204e-05,0.008738533725501907,1.605916723296937e-11,0.0,0.0,2.46
0.03297798762187698,1.0667833383004963e-05,0.008763183002634395,1.6440484158365918e-11,0.0,0.0,2.47
0.03306731894537884,1.0760260289242419e-05,0.008787811583059761,1.6829491231250055e-11,0.0,0.0,2.48
0.03315662112788493,1.0853168989503693e-05,0.008812419484155778,1.722631576760427e-11,0.0,0.0,2.49
0.033245894177510074,1.0946560287681046e-05,0.008837006723285624,1.7631086717804444e-11,0.0,0.0,2.5
0.033335138102369016,1.1040434984526996e-05,0.008861573317797891,1.8043934681171298e-11,0.0,0.0,2.51
0.03342435291057636,1.1134793877660391e-05,0.00888611928502661,1.8464991920589168e-11,0.0,0.0,2.52
0.03351353861024655,1.1229637761572469e-05,0.008910644642291242,1.8894392377192444e-11,0.0,0.0,2.53
0.03360269520949392,1.132496742763294e-05,0.00893514940689671,1.9332271685119682e-11,0.0,0.0,2.54
0.0336918227164326,1.1420783664096004e-05,0.008959633596133403,1.97787671863351e-11,0.0,0.0,2.55
0.03378092113917664,1.1517087256106422e-05,0.008984097227277181,2.0234017945637942e-11,0.0,0.0,2.56
0.03386999048583965,1.1613878986138851e-05,0.009008540317589686,2.0698168845771176e-11,0.0,0.0,2.57
0.0339590307645351,1.1711159633611534e-05,0.00903296288431808,2.117136690827319e-11,0.0,0.0,2.58
0.0340480419833765,1.1808929974454684e-05,0.00905736494469479,2.165375718809307e-11,0.0,0.0,2.59
0.03413702415047718,1.1907190781516464e-05,0.009081746515937765,2.214548655482526e-11,0.0,0.0,2.6
0.034225977273950325,1.2005942824569016e-05,0.009106107615250495,2.264670370868074e-11,0.0,0.0,2.61
0.03431490136190892,1.2105186870314538e-05,0.009130448259822028,2.315755919653364e-11,0.0,0.0,2.62
0.03440379642246581,1.2204923682391281e-05,0.009154768466826972,2.3678205428042813e-11,0.0,0.0,2.63
0.03449266246373365,1.2305154021379624e-05,0.009179068253425517,2.4208796691848894e-11,0.0,0.0,2.64
0.034581499493824885,1.2405878644808042e-05,0.00920334763676344,2.4749489171846166e-11,0.0,0.0,2.65
0.034670307520851804,1.2507098307159153e-05,0.009227606633972114,2.530044096353006e-11,0.0,0.0,2.66
0.034759086552926505,1.2608813759875665e-05,0.009251845262168535,2.5861812090419388e-11,0.0,0.0,2.67
0.03484783659816088,1.2711025751366414e-05,0.009276063538455318,2.6433764520554247e-11,0.0,0.0,2.68
0.03493655766466665,1.2813735027012282e-05,0.009300261479920718,2.701646218306856e-11,0.0,0.0,2.69
0.0350252497605553,1.2916942329172204e-05,0.009324439103638636,2.7610070984838433e-11,0.0,0.0,2.7
0.03511391289393814,1.3020648397189087e-05,0.009348596426668637,2.8214758827205088e-11,0.0,0.0,2.71
0.035202547072926284,1.3124853967395779e-05,0.00937273346605596,2.8830695622773526e-11,0.0,0.0,2.72
0.035291152305630596,1.3229559773120966e-05,0.009396850238831527,2.945805331228593e-11,0.0,0.0,2.73
0.035379728600161774,1.3334766544695135e-05,0.009420946762011963,3.009700588157064e-11,0.0,0.0,2.74
0.035468275964630265,1.3440475009456431e-05,0.009445023052599592,3.074772937856594e-11,0.0,0.0,2.75
0.03555679440714631,1.3546685891756603e-05,0.009469079127582464,3.141040193041946e-11,0.0,0.0,2.76
0.03564528393581995,1.365339991296687e-05,0.009493115003934372,3.2085203760662443e-11,0.0,0.0,2.77
0.035733744558760945,1.3760617791483788e-05,0.00951713069861484,3.277231720645918e-11,0.0,0.0,2.78
0.03582217628407889,1.3868340242735148e-05,0.009541126228569154,3.347192673593205e-11,0.0,0.0,2.79
0.0359105791198831,1.3976567979185792e-05,0.00956510161072837,3.418421896556116e-11,0.0,0.0,2.8
0.035998953074282684,1.4085301710343497e-05,0.009589056862009327,3.490938267765975e-11,0.0,0.0,2.81
0.03608729815538649,1.4194542142764773e-05,0.00961299199931465,3.5647608837924244e-11,0.0,0.0,2.82
0.03617561437130314,1.4304289980060735e-05,0.009636907039532773,3.6399090613060074e-11,0.0,0.0,2.83
0.036263901730141,1.4414545922902853e-05,0.009660801999537949,3.7164023388482066e-11,0.0,0.0,2.84
0.036352160240008195,1.4525310669028821e-05,0.009684676896190254,3.794260478609064e-11,0.0,0.0,2.85
0.036440389909012584,1.4636584913248297e-05,0.009708531746335607,3.8735034682122624e-11,0.0,0.0,2.86
0.03652859074526179,1.4748369347448722e-05,0.00973236656680578,3.954151522507781e-11,0.0,0.0,2.87
0.03661676275686316,1.4860664660601053e-05,0.009756181374418403,4.036225085372013e-11,0.0,0.0,2.88
0.0367049059519238,1.4973471538765576e-05,0.00977997618597699,4.119744831515464e-11,0.0,0.0,2.89
0.03679302033855053,1.5086790665097599e-05,0.009803751018270936,4.204731668297903e-11,0.0,0.0,2.9
0.036881105924849916,1.5200622719853232e-05,0.009827505888075539,4.2912067375511e-11,0.0,0.0,2.91
0.03696916271892823,1.5314968380395098e-05,0.009851240812152003,4.379191417409021e-11,0.0,0.0,2.92
0.037057190728891506,1.5429828321198057e-05,0.009874955807247461,4.468707324145595e-11,0.0,0.0,2.93
0.03714518996284546,1.5545203213854904e-05,0.009898650890094977,4.559776314019952e-11,0.0,0.0,2.94
0.03723316042889555,1.5661093727082083e-05,0.00992232607741356,4.6524204851292296e-11,0.0,0.0,2.95
0.03732110213514696,1.5777500526725357e-05,0.00994598138590818,4.746662179268844e-11,0.0,0.0,2.96
0.037409015089704546,1.5894424275765495e-05,0.009969616832269776,4.842523983800341e-11,0.0,0.0,2.97
0.03749689930067292,1.601186563432392e-05,0.009993232433175264,4.940028733526701e-11,0.0,0.0,2.98
0.037584754776156366,1.6129825259668397e-05,0.010016828205287563,5.039199512575229e-11,0.0,0.0,2.99
0.03767258152425888,1.624830380621863e-05,0.010040404165255583,5.140059656287895e-11,0.0,0.0,3.0
0.03776037955308417,1.636730192555194e-05,0.010063960329714263,5.242632753119267e-11,0.0,0.0,3.01
0.03784814887073563,1.648682026640887e-05,0.010087496715284562,5.346942646541903e-11,0.0,0.0,3.02
0.037935889485316336,1.660685947469877e-05,0.010111013338573484,5.4530134369592774e-11,0.0,0.0,3.03
0.038023601404929046,1.6727420193554015e-05,0.010134510216174111,5.560869496894573e-11,0.0,0.0,3.04
0.038111284637675935,1.684850306378428e-05,0.010157987364665909,5.670535595572475e-11,0.0,0.0,3.05
0.03819893919165906,1.6970108723043062e-05,0.010181444800614196,5.782036671505581e-11,0.0,0.0,3.06
0.0382865650749802,1.7092237806038348e-05,0.01020488254057029,5.895397890520473e-11,0.0,0.0,3.07
0.03837416229574083,1.7214890944677773e-05,0.010228300601071615,6.010644685844069e-11,0.0,0.0,3.08
0.0384617308620421,1.733806876807421e-05,0.010251698998641699,6.127802760080148e-11,0.0,0.0,3.09
0.0385492707819848,1.7461771902551407e-05,0.010275077749790196,6.246898087193641e-11,0.0,0.0,3.1
0.03863678206366941,1.7586000971649526e-05,0.010298436871012893,6.367956914502562e-11,0.0,0.0,3.11
0.038724264715196084,1.7710756596130797e-05,0.010321776378791728,6.49100576467773e-11,0.0,0.0,3.12
0.03881171874466461,1.783603939398503e-05,0.010345096289594792,6.616071437750108e-11,0.0,0.0,3.13
0.03889914416017445,1.796184998043525e-05,0.010368396619876345,6.743181013125944e-11,0.0,0.0,3.14
0.038986540969824714,1.808818896794319e-05,0.010391677386076829,6.872361851609511e-11,0.0,0.0,3.15
0.03907390918171417,1.821505696621487e-05,0.010414938604622882,7.003641597433686e-11,0.0,0.0,3.16
0.0391612488039412,1.834245458220613e-05,0.01043818029192734,7.137048180298092e-11,0.0,0.0,3.17
0.03924855984460388,1.8470382420128158e-05,0.010461402464389258,7.272609817415086e-11,0.0,0.0,3.18
0.0393358423117999,1.8598841081453e-05,0.010484605138393917,7.410355015563336e-11,0.0,0.0,3.19
0.03942309621362659,1.8727831164919072e-05,0.01050778833031284,7.550312573149203e-11,0.0,0.0,3.2
0.03951032155818091,1.885735326653665e-05,0.010530952056503793,7.692511582275749e-11,0.0,0.0,3.21
0.03959751835355947,1.8987407979593376e-05,0.010554096333310808,7.836981430819526e-11,0.0,0.0,3.22
0.039684686607858496,1.9117995894659704e-05,0.010577221177064194,7.983751804515e-11,0.0,0.0,3.23
0.03977182632917383,1.9249117599594405e-05,0.010600326604080536,8.13285268904676e-11,0.0,0.0,3.24
0.039858937525600956,1.938077367954998e-05,0.01062341263066272,8.284314372149354e-11,0.0,0.0,3.25
0.03994602020523496,1.9512964716978152e-05,0.010646479273099939,8.438167445714909e-11,0.0,0.0,3.26
0.040033074376170555,1.9645691291635286e-05,0.010669526547667705,8.594442807908406e-11,0.0,0.0,3.27
0.04012010004650207,1.9778953980587793e-05,0.01069255447062786,8.753171665290661e-11,0.0,0.0,3.28
0.04020709722432345,1.991275335821759e-05,0.010715563058228588,8.91438553494908e-11,0.0,0.0,3.29
0.04029406591772822,2.0047089996227464e-05,0.010738552326704422,9.078116246636015e-11,0.0,0.0,3.3
0.04038100613480953,2.0181964463646515e-05,0.01076152229227627,9.244395944914948e-11,0.0,0.0,3.31
0.04046791788366013,2.0317377326835506e-05,0.010784472971151404,9.413257091314255e-11,0.0,0.0,3.32
0.04055480117237237,2.0453329149492268e-05,0.01080740437952349,9.584732466488814e-11,0.0,0.0,3.33
0.04064165600903818,2.0589820492657038e-05,0.010830316533572594,9.75885517238918e-11,0.0,0.0,3.34
0.0407284824017491,2.072685191471785e-05,0.010853209449465183,9.935658634438606e-11,0.0,0.0,3.35
0.040815280358596245,2.0864423971415866e-05,0.010876083143354157,1.0115176603717636e-10,0.0,0.0,3.36
0.040902049887670336,2.1002537215850713e-05,0.010898937631378842,1.029744315915654e-10,0.0,0.0,3.37
0.04098879099706165,2.1141192198485815e-05,0.01092177292966501,1.048249270973533e-10,0.0,0.0,3.38
0.041075503694860065,2.1280389467153717e-05,0.010944589054324888,1.0670359996691597e-10,0.0,0.0,3.39
0.04116218798915502,2.1420129567061373e-05,0.010967386021457167,1.0861080095735946e-10,0.0,0.0,3.4
0.04124884388803555,2.1560413040795485e-05,0.010990163847147022,1.1054688419275263e-10,0.0,0.0,3.41
0.04133547139959023,2.1701240428327737e-05,0.01101292254746611,1.1251220718643545e-10,0.0,0.0,3.42
0.04142207053190724,2.1842612267020126e-05,0.011035662138472596,1.1450713086340585e-10,0.0,0.0,3.43
0.04150864129307429,2.1984529091630197e-05,0.011058382636211153,1.165320195827824e-10,0.0,0.0,3.44
0.04159518369117868,2.2126991434316315e-05,0.011081084056712976,1.1858724116034499e-10,0.0,0.0,3.45
0.041681697734307244,2.2269999824642908e-05,0.011103766415995793,1.2067316689115188e-10,0.0,0.0,3.46
0.0417681834305464,2.241355478958572e-05,0.011126429730063883,1.227901715722345e-10,0.0,0.0,3.47
0.04185464078798209,2.255765685353701e-05,0.011149074014908078,1.2493863352536853e-10,0.0,0.0,3.48
0.04194106981469983,2.270230653831082e-05,0.011171699286505783,1.271189346199231e-10,0.0,0.0,3.49
0.04202747051878467,2.2847504363148126e-05,0.011194305560820968,1.2933146029578572e-10,0.0,0.0,3.5
0.042113842908321215,2.2993250844722088e-05,0.01121689285380421,1.3157659958636575e-10,0.0,0.0,3.51
0.042200186991393496,2.3139546497320125e-05,0.011239461181392798,1.3385474411521525e-10,0.0,0.0,3.52
0.04228650277608495,2.328639183298757e-05,0.011262010559510828,1.3616628731570557e-10,0.0,0.0,3.53
0.04237279027047873,2.343378736080875e-05,0.011284541004068767,1.3851162865567694e-10,0.0,0.0,3.54
0.04245904948265755,2.3581733587299884e-05,0.011307052530963691,1.4089117141077947e-10,0.0,0.0,3.55
0.04254528042070367,2.373023101643791e-05,0.011329545156079342,1.4330532255083836e-10,0.0,0.0,3.56
0.04263148309269884,2.387928014966562e-05,0.011352018895286104,1.4575449276295756e-10,0.0,0.0,3.57
0.04271765750672435,2.4028881485896917e-05,0.011374473764441043,1.4823909647469837e-10,0.0,0.0,3.58
0.042803803670861014,2.417903552152194e-05,0.011396909779387895,1.5075955187732953e-10,0.0,0.0,3.59
0.042889921593189155,2.4329742750412285e-05,0.011419326955957099,1.5331628094915299e-10,0.0,0.0,3.6
0.04297601128178862,2.448100366392614e-05,0.011441725309965792,1.5590970947890078e-10,0.0,0.0,3.61
0.04306207274473876,2.4632818750913463e-05,0.011464104857217827,1.5854026708920722e-10,0.0,0.0,3.62
0.043148105990118424,2.4785188497721095e-05,0.011486465613503784,1.6120838726015312e-10,0.0,0.0,3.63
0.04323411102600599,2.4938113388197958e-05,0.011508807594600977,1.6391450735288466e-10,0.0,0.0,3.64
0.043320087860479306,2.5091593903700098e-05,0.011531130816273471,1.6665906863330424e-10,0.0,0.0,3.65
0.04340603650161576,2.5245630523095886e-05,0.011553435294272087,1.694425162958363e-10,0.0,0.0,3.66
0.043491956957492195,2.5400223722771063e-05,0.01157572104433442,1.722652994872651e-10,0.0,0.0,3.67
0.043577849236184976,2.5555373976633893e-05,0.011597988082184846,1.7512787133064732e-10,0.0,0.0,3.68
0.04366371334576994,2.57110817561202e-05,0.011620236423534526,1.7803068894929637e-10,0.0,0.0,3.69
0.04374954929432243,2.58673475301985e-05,0.011642466084081435,1.8097421349084227e-10,0.0,0.0,3.7
0.043835357089917266,2.602417176537504e-05,0.011664677079510353,1.8395891015136256e-10,0.0,0.0,3.71
0.043921136740628745,2.6181554925698873e-05,0.011686869425492893,1.8698524819958903e-10,0.0,0.0,3.72
0.04400688825453065,2.633949747276691e-05,0.011709043137687499,1.9005370100118534e-10,0.0,0.0,3.73
0.04409261163969624,2.6497999865728963e-05,0.011731198231739466,1.9316474604310073e-10,0.0,0.0,3.74
0.04417830690419824,2.6657062561292778e-05,0.01175333472328094,1.9631886495799462e-10,0.0,0.0,3.75
0.04426397405610885,2.6816686013729064e-05,0.011775452627930947,1.9951654354873655e-10,0.0,0.0,3.76
0.044349613103499747,2.6976870674876523e-05,0.011797551961295387,2.0275827181297856e-10,0.0,0.0,3.77
0.04443522405444206,2.713761699414681e-05,0.011819632738967049,2.0604454396780086e-10,0.0,0.0,3.78
0.04452080691700639,2.7298925418529603e-05,0.011841694976525633,2.0937585847443185e-10,0.0,0.0,3.79
0.044606361699262784,2.7460796392597513e-05,0.011863738689537742,2.1275271806304026e-10,0.0,0.0,3.8
0.04469188840928077,2.7623230358511132e-05,0.011885763893556908,2.1617562975760216e-10,0.0,0.0,3.81
0.0447773870551293,2.778622775602395e-05,0.0119077706041236,2.196451049008397e-10,0.0,0.0,3.82
0.044862857644876804,2.7949789022487357e-05,0.011929758836765227,2.2316165917923537e-10,0.0,0.0,3.83
0.044948300186591135,2.8113914592855565e-05,0.011951728606996156,2.2672581264811701e-10,0.0,0.0,3.84
0.045033714688339624,2.827860489969056e-05,0.011973679930317732,2.3033808975681919e-10,0.0,0.0,3.85
0.04511910115818901,2.8443860373167034e-05,0.011995612822218261,2.3399901937391516e-10,0.0,0.0,3.86
0.045204459604205494,2.8609681441077326e-05,0.012017527298173054,2.377091348125249e-10,0.0,0.0,3.87
0.0452897900344547,2.8776068528836292e-05,0.012039423373644411,2.4146897385569393e-10,0.0,0.0,3.88
0.045375092457001706,2.8943022059486264e-05,0.012061301064081651,2.4527907878184807e-10,0.0,0.0,3.89
0.045460366879911,2.9110542453701895e-05,0.01208316038492111,2.4913999639031913e-10,0.0,0.0,3.9
0.04554561331124652,2.9278630129795094e-05,0.012105001351586157,2.530522780269469e-10,0.0,0.0,3.91
0.045630831759071615,2.944728550371985e-05,0.012126823979487207,2.57016479609751e-10,0.0,0.0,3.92
0.045716022231449056,2.9616508989077163e-05,0.012148628284021728,2.6103316165468e-10,0.0,0.0,3.93
0.04580118473644105,2.9786300997119833e-05,0.012170414280574252,2.6510288930143025e-10,0.0,0.0,3.94
0.045886319282109206,2.9956661936757366e-05,0.012192181984516392,2.692262323393416e-10,0.0,0.0,3.95
0.04597142587651455,3.0127592214560775e-05,0.01221393141120684,2.7340376523336324e-10,0.0,0.0,3.96
0.04605650452771754,3.0299092234767447e-05,0.012235662575991391,2.77636067150096e-10,0.0,0.0,3.97
0.04614155524377802,3.047116239928592e-05,0.012257375494202945,2.819237219839052e-10,0.0,0.0,3.98
0.046226578032755254,3.0643803107708053e-05,0.01227907018116153,2.8626731827409865e-10,0.0,0.0,3.99
0.04631157290270735,3.0817014758324716e-05,0.012300746652174979,2.90667434148675e-10,0.0,0.0,4.0
0.04639653986169195,3.099079774687294e-05,0.012322404922538114,2.9512465611485006e-10,0.0,0.0,4.01
0.046481478917766474,3.116515246608068e-05,0.012344045007532433,2.996395859472906e-10,0.0,0.0,4.02
0.046566390078987746,3.134007930637315e-05,0.0123656669224266,3.042128302489477e-10,0.0,0.0,4.03
0.04665127335341196,3.151557865587755e-05,0.01238727068247645,3.088450004772023e-10,0.0,0.0,4.04
0.04673612874909472,3.16916509004279e-05,0.012408856302925002,3.1353671297008625e-10,0.0,0.0,4.05
0.04682095627409101,3.186829642356985e-05,0.012430423799002478,3.182885889725686e-10,0.0,0.0,4.06
0.046905755936455205,3.2045515606565346e-05,0.0124519731859263,3.2310125466291827e-10,0.0,0.0,4.07
0.04699052774424105,3.222330882839742e-05,0.012473504478901104,3.279753411791329e-10,0.0,0.0,4.08
0.04707527170550167,3.2401676465774994e-05,0.012495017693118757,3.3291148464544313e-10,0.0,0.0,4.09
0.047159987828289576,3.2580618893137554e-05,0.012516512843758367,3.37910326198886e-10,0.0,0.0,4.1
0.047244676120656665,3.276013648265996e-05,0.012537989945986287,3.4297251201594986e-10,0.0,0.0,4.11
0.04732933659065416,3.294022960425702e-05,0.012559449014956125,3.480986933392872e-10,0.0,0.0,4.12
0.04741396924633269,3.312089862558834e-05,0.012580890065808767,3.5328952650450606e-10,0.0,0.0,4.13
0.04749857409574225,3.330214391206297e-05,0.012602313113672374,3.5854567296702413e-10,0.0,0.0,4.14
0.0475831511469322,3.348396582684412e-05,0.012623718173662403,3.6386779932900037e-10,0.0,0.0,4.15
0.04766770040795123,3.366636473085377e-05,0.012645105260881606,3.69256577366332e-10,0.0,0.0,4.16
0.047752221886847405,3.3849340982777435e-05,0.012666474390420054,3.747126840557288e-10,0.0,0.0,4.17
0.04783671559166817,3.403289493906881e-05,0.012687825577355134,3.802368016018534e-10,0.0,0.0,4.18
0.047921181530460294,3.421702695395438e-05,0.012709158836751576,3.858296174645362e-10,0.0,0.0,4.19
0.04800561971126989,3.4401737379438106e-05,0.01273047418366144,3.9149182438605634e-10,0.0,0.0,4.2
0.04809003014214245,3.4587026565306046e-05,0.012751771633124156,3.972241204185015e-10,0.0,0.0,4.21
0.04817441283112279,3.4772894859131e-05,0.012773051200166504,4.030272089511918e-10,0.0,0.0,4.22
0.048258767786255076,3.4959342606277145e-05,0.012794312899802655,4.0890179873817853e-10,0.0,0.0,4.23
0.048343095015582795,3.5146370149904534e-05,0.012815556747034149,4.148486039258109e-10,0.0,0.0,4.24
0.048427394527148795,3.533397783097388e-05,0.01283678275684994,4.208683440803788e-10,0.0,0.0,4.25
0.04851166632899525,3.5522165988251e-05,0.012857990944226376,4.269617442158218e-10,0.0,0.0,4.26
0.04859591042916366,3.571093495831146e-05,0.012879181324127227,4.3312953482151146e-10,0.0,0.0,4.27
0.04868012683569489,3.590028507554514e-05,0.012900353911503692,4.3937245189010497e-10,0.0,0.0,4.28
0.048764315556629065,3.6090216672160785e-05,0.01292150872129441,4.456912369454673e-10,0.0,0.0,4.29
0.04884847660000569,3.628073007819056e-05,0.01294264576842546,4.520866370706692e-10,0.0,0.0,4.3
0.04893260997386357,3.647182562149465e-05,0.012963765067810391,4.5855940493605186e-10,0.0,0.0,4.31
0.04901671568624084,3.666350362776574e-05,0.012984866634350221,4.651102988273653e-10,0.0,0.0,4.32
0.04910079374517493,3.6855764420533497e-05,0.013005950482933439,4.717400826739741e-10,0.0,0.0,4.33
0.04918484415870261,3.704860832116923e-05,0.013027016628436028,4.784495260771409e-10,0.0,0.0,4.34
0.049268866934859955,3.7242035648890287e-05,0.01304806508572148,4.852394043383748e-10,0.0,0.0,4.35
0.049352862081682346,3.743604672076459e-05,0.013069095869640794,4.921104984878538e-10,0.0,0.0,4.36
0.04943682960720446,3.76306418517151e-05,0.013090108995032483,4.990635953129152e-10,0.0,0.0,4.37
0.0495207695194603,3.782582135452436e-05,0.013111104476722599,5.060994873866237e-10,0.0,0.0,4.38
0.049604681826483144,3.802158553983892e-05,0.01313208232952474,5.132189730964037e-10,0.0,0.0,4.39
0.04968856653630561,3.82179347161738e-05,0.013153042568240054,5.204228566727459e-10,0.0,0.0,4.4
0.04977242365695955,3.841486918991696e-05,0.013173985207657246,5.277119482179833e-10,0.0,0.0,4.41
0.04985625319647617,3.8612389265333755e-05,0.0131949102625526,5.350870637351417e-10,0.0,0.0,4.42
0.04994005516288595,3.881049524457135e-05,0.013215817747689988,5.425490251568577e-10,0.0,0.0,4.43
0.05002382956421865,3.9009187427663185e-05,0.013236707677820871,5.500986603743698e-10,0.0,0.0,4.44
0.05010757640850331,3.920846611253329e-05,0.013257580067684308,5.57736803266577e-10,0.0,0.0,4.45
0.05019129570376827,3.9408331595000853e-05,0.013278434932006984,5.654642937291761e-10,0.0,0.0,4.46
0.050274987458041154,3.960878416878451e-05,0.013299272285503207,5.73281977703862e-10,0.0,0.0,4.47
0.050358651679348866,3.980982412550677e-05,0.013320092142874919,5.81190707207604e-10,0.0,0.0,4.48
0.05044228837571755,4.001145175469834e-05,0.0133408945188117,5.891913403619891e-10,0.0,0.0,4.49
0.05052589755517268,4.0213667343802603e-05,0.013361679427990797,5.972847414226428e-10,0.0,0.0,4.5
0.05060947922573896,4.0416471178179915e-05,0.013382446885077117,6.054717808087142e-10,0.0,0.0,4.51
0.05069303339544039,4.061986354111196e-05,0.013403196904723245,6.137533351324359e-10,0.0,0.0,4.52
0.05077656007230023,4.0823844713806144e-05,0.013423929501569455,6.221302872287554e-10,0.0,0.0,4.53
0.050860059264340986,4.1028414975399794e-05,0.01344464469024371,6.30603526185032e-10,0.0,0.0,4.54
0.05094353097958445,4.12335746029647e-05,0.013465342485361687,6.391739473708151e-10,0.0,0.0,4.55
0.051026975226051666,4.143932387151125e-05,0.01348602290152678,6.478424524676839e-10,0.0,0.0,4.56
0.05111039201176295,4.164566305399285e-05,0.013506685953330108,6.566099494991634e-10,0.0,0.0,4.57
0.05119378134473783,4.185259242131012e-05,0.013527331655350524,6.654773528607067e-10,0.0,0.0,4.58
0.05127714323299513,4.206011224231528e-05,0.013547960022154634,6.74445583349757e-10,0.0,0.0,4.59
0.051360477684552895,4.2268222783816415e-05,0.013568571068296802,6.835155681958712e-10,0.0,0.0,4.6
0.05144378470742846,4.247692431058171e-05,0.013589164808319157,6.926882410909218e-10,0.0,0.0,4.61
0.05152706430963835,4.2686217085343704e-05,0.013609741256751604,7.019645422193618e-10,0.0,0.0,4.62
0.05161031649919837,4.289610136880361e-05,0.013630300428111843,7.113454182885716e-10,0.0,0.0,4.63
0.05169354128412356,4.3106577419635486e-05,0.013650842336905366,7.208318225592683e-10,0.0,0.0,4.64
0.0517767386724282,4.331764549449058e-05,0.013671366997625481,7.304247148759891e-10,0.0,0.0,4.65
0.05185990867212579,4.352930584800136e-05,0.013691874424753302,7.401250616976431e-10,0.0,0.0,4.66
0.05194305129122907,4.3741558732785956e-05,0.013712364632757781,7.499338361281418e-10,0.0,0.0,4.67
0.05202616653775003,4.3954404399452225e-05,0.01373283763609571,7.598520179470917e-10,0.0,0.0,4.68
0.05210925441969987,4.416784309660202e-05,0.013753293449211723,7.698805936405634e-10,0.0,0.0,4.69
0.05219231494508902,4.438187507083529e-05,0.013773732086538317,7.800205564319273e-10,0.0,0.0,4.7
0.05227534812192712,4.4596500566754386e-05,0.013794153562495854,7.902729063127683e-10,0.0,0.0,4.71
0.05235835395822307,4.481171982696814e-05,0.013814557891492581,8.006386500738624e-10,0.0,0.0,4.72
0.052441332461984964,4.502753309209608e-05,0.01383494508792463,8.111188013362313e-10,0.0,0.0,4.73
0.05252428364122011,4.5243940600772516e-05,0.013855315166176028,8.217143805822608e-10,0.0,0.0,4.74
0.052607207503935036,4.5460942589650757e-05,0.013875668140618717,8.324264151869009e-10,0.0,0.0,4.75
0.05269010405813548,4.567853929340722e-05,0.013896004025612559,8.432559394489268e-10,0.0,0.0,4.76
0.052772973311826406,4.589673094474556e-05,0.013916322835505337,8.542039946222768e-10,0.0,0.0,4.77
0.052855815273011975,4.6115517774400776e-05,0.013936624584632781,8.652716289474589e-10,0.0,0.0,4.78
0.05293862994969555,4.633490001114329e-05,0.013956909287318561,8.76459897683027e-10,0.0,0.0,4.79
0.053021417349879696,4.655487788178313e-05,0.013977176957874315,8.877698631371351e-10,0.0,0.0,4.8
0.05310417748156618,4.677545161117395e-05,0.013997427610599645,8.992025946991544e-10,0.0,0.0,4.81
0.053186910352755995,4.699662142221714e-05,0.01401766125978213,9.107591688713665e-10,0.0,0.0,4.82
0.053269615971449275,4.7218387535865846e-05,0.014037877919697342,9.224406693007224e-10,0.0,0.0,4.83
0.053352294345645396,4.7440750171129114e-05,0.014058077604608844,9.342481868106814e-10,0.0,0.0,4.84
0.053434945483342926,4.7663709545075893e-05,0.014078260328768218,9.46182819433114e-10,0.0,0.0,4.85
0.05351756939253787,4.7887265876038834e-05,0.014098426106417237,9.582456125578258e-10,0.0,0.0,4.86
0.053600166081224136,4.8111419382872655e-05,0.014118574951787378,9.704375729177321e-10,0.0,0.0,4.87
0.05368273555739757,4.833617027736538e-05,0.014138706879094649,9.827598107218714e-10,0.0,0.0,4.88
0.05376527782905321,4.8561518769304754e-05,0.014158821902543061,9.95213444944725e-10,0.0,0.0,4.89
0.05384779290418533,4.878746506656901e-05,0.014178920036324687,1.007799601733616e-09,0.0,0.0,4.9
0.05393028079078731,4.901400937513101e-05,0.014199001294619672,1.0205194144384824e-09,0.0,0.0,4.91
0.05401274149685175,4.924115189906245e-05,0.014219065691596245,1.0333740236417222e-09,0.0,0.0,4.92
0.0540951750303704,4.9468892840537914e-05,0.014239113241410736,1.0463645771880787e-09,0.0,0.0,4.93
0.05417758139933418,4.9697232399839006e-05,0.014259143958207572,1.05949223021459e-09,0.0,0.0,4.94
0.05425996061173316,4.992617077535839e-05,0.014279157856119301,1.0727581451805911e-09,0.0,0.0,4.95
0.054342312675556594,5.015570816360398e-05,0.014299154949266589,1.0861634918977812e-09,0.0,0.0,4.96
0.054424637598792874,5.0385844759203e-05,0.01431913525175824,1.0997094475603376e-09,0.0,0.0,4.97
0.054506935389429564,5.0616580754906016e-05,0.014339098777691205,1.113397196775091e-09,0.0,0.0,4.98
0.05458920605545338,5.084791634159099e-05,0.014359045541150578,1.1272279315917552e-09,0.0,0.0,4.99
0.054671449604850174,5.1079851708267413e-05,0.014378975556209627,1.141202851533217e-09,0.0,0.0,5.0
0.05475366604560498,5.131238704208035e-05,0.014398888836929791,1.1553231636258802e-09,0.0,0.0,5.01
0.05483585538570195,5.154552252831441e-05,0.014418785397360693,1.1695900824300646e-09,0.0,0.0,5.02
0.054918017633124414,5.1779258350397865e-05,0.014438665251540144,1.184004830070467e-09,0.0,0.0,5.03
0.055000152795854795,5.201359468990654e-05,0.014458528413494164,1.1985686362666668e-09,0.0,0.0,5.04
0.055082260881874706,5.224853172656804e-05,0.014478374897236983,1.2132827383637075e-09,0.0,0.0,5.05
0.05516434189916487,5.248406963826559e-05,0.014498204716771058,1.2281483813627163e-09,0.0,0.0,5.06
0.05524639585570518,5.272020860104211e-05,0.014518017886087068,1.2431668179515917e-09,0.0,0.0,5.07
0.05532842275947462,5.2956948789104146e-05,0.014537814419163944,1.2583393085357371e-09,0.0,0.0,5.08
0.05541042261845133,5.319429037482593e-05,0.014557594329968868,1.2736671212688657e-09,0.0,0.0,5.09
0.055492395440612574,5.343223352875333e-05,0.014577357632457278,1.289151532083851e-09,0.0,0.0,5.1
0.05557434123393477,5.3670778419607824e-05,0.014597104340572889,1.3047938247236348e-09,0.0,0.0,5.11
0.055656260006393406,5.390992521429037e-05,0.014616834468247693,1.3205952907721918e-09,0.0,0.0,5.12
0.05573815176596315,5.41496740778855e-05,0.014636548029401977,1.3365572296855595e-09,0.0,0.0,5.13
0.05582001652061776,5.4390025173665194e-05,0.014656245037944323,1.352680948822912e-09,0.0,0.0,5.14
0.05590185427833012,5.4630978663092796e-05,0.014675925507771631,1.3689677634776993e-09,0.0,0.0,5.15
0.05598366504707224,5.487253470582694e-05,0.014695589452769114,1.385418996908835e-09,0.0,0.0,5.16
0.05606544883481522,5.51146934597255e-05,0.01471523688681032,1.4020359803719527e-09,0.0,0.0,5.17
0.05614720564952931,5.535745508084951e-05,0.01473486782375713,1.4188200531507064e-09,0.0,0.0,5.18
0.05622893549918384,5.5600819723467046e-05,0.014754482277459784,1.4357725625881364e-09,0.0,0.0,5.19
0.056310638391747256,5.584478754005702e-05,0.014774080261756866,1.4528948641180824e-09,0.0,0.0,5.2
0.05639231433518712,5.608935868131327e-05,0.014793661790475343,1.4701883212966675e-09,0.0,0.0,5.21
0.05647396333747008,5.633453329614827e-05,0.014813226877430554,1.487654305833823e-09,0.0,0.0,5.22
0.05655558540656191,5.6580311531697056e-05,0.014832775536426222,1.505294197624884e-09,0.0,0.0,5.23
0.056637180550427456,5.682669353332104e-05,0.014852307781254473,1.5231093847822228e-09,0.0,0.0,5.24
0.05671874877703068,5.707367944461196e-05,0.01487182362569584,1.5411012636669657e-09,0.0,0.0,5.25
0.05680029009433465,5.732126940739564e-05,0.014891323083519264,1.5592712389207407e-09,0.0,0.0,5.26
0.05688180451030148,5.756946356173582e-05,0.014910806168482123,1.5776207234974963e-09,0.0,0.0,5.27
0.05696329203289245,5.781826204593805e-05,0.014930272894330226,1.5961511386953737e-09,0.0,0.0,5.28
0.05704475267006785,5.806766499655341e-05,0.014949723274797823,1.6148639141886286e-09,0.0,0.0,5.29
0.05712618642978711,5.8317672548382394e-05,0.014969157323607627,1.6337604880596258e-09,0.0,0.0,5.3
0.05720759332000873,5.8568284834478715e-05,0.014988575054470805,1.6528423068308734e-09,0.0,0.0,5.31
0.05728897334869029,5.881950198615306e-05,0.015007976481087015,1.6721108254971237e-09,0.0,0.0,5.32
0.05737032652378845,5.9071324132976824e-05,0.015027361617144375,1.6915675075575216e-09,0.0,0.0,5.33
0.05745165285325894,5.9323751402786015e-05,0.015046730476319518,1.7112138250478244e-09,0.0,0.0,5.34
0.05753295234505659,5.9576783921684945e-05,0.015066083072277563,1.7310512585726634e-09,0.0,0.0,5.35
0.057614225007135304,5.983042181404999e-05,0.015085419418672153,1.7510812973378711e-09,0.0,0.0,5.36
0.05769547084744801,6.008466520253329e-05,0.01510473952914544,1.7713054391828542e-09,0.0,0.0,5.37
0.057776689873946775,6.033951420806661e-05,0.015124043417328124,1.791725190613042e-09,0.0,0.0,5.38
0.05785788209458268,6.0594968949865e-05,0.015143331096839423,1.8123420668323725e-09,0.0,0.0,5.39
0.057939047517305914,6.085102954543053e-05,0.015162602581287134,1.8331575917758469e-09,0.0,0.0,5.4
0.05802018615006569,6.110769611055597e-05,0.015181857884267581,1.8541732981421278e-09,0.0,0.0,5.41
0.05810129800081032,6.136496875932857e-05,0.015201097019365681,1.875390727426215e-09,0.0,0.0,5.42
0.05818238307748713,6.162284760413372e-05,0.015220320000154918,1.8968114299521577e-09,0.0,0.0,5.43
0.05826344138804257,6.188133275565867e-05,0.015239526840197372,1.918436964905834e-09,0.0,0.0,5.44
0.058344472940422075,6.214042432289611e-05,0.015258717553043708,1.940268900367776e-09,0.0,0.0,5.45
0.05842547774257018,6.240012241314802e-05,0.015277892152233206,1.962308813346075e-09,0.0,0.0,5.46
0.05850645580243047,6.26604271320292e-05,0.01529705065129376,1.9845582898093126e-09,0.0,0.0,5.47
0.05858740712794556,6.292133858347098e-05,0.015316193063741894,2.0070189247195742e-09,0.0,0.0,5.48
0.058668331727057106,6.318285686972483e-05,0.015335319403082756,2.0296923220654975e-09,0.0,0.0,5.49
0.05874922960770585,6.344498209136605e-05,0.015354429682810148,2.0525800948953998e-09,0.0,0.0,5.5
0.05883010077783153,6.370771434729743e-05,0.01537352391640652,2.075683865350444e-09,0.0,0.0,5.51
0.05891094524537297,6.397105373475276e-05,0.015392602117342986,2.099005264697868e-09,0.0,0.0,5.52
0.058991763018268,6.423500034930061e-05,0.015411664299079336,2.1225459333642736e-09,0.0,0.0,5.53
0.05907255410445351,6.44995542848477e-05,0.015430710475064037,2.1463075209689614e-09,0.0,0.0,5.54
0.0591533185118654,6.476471563364278e-05,0.015449740658734244,2.170291686357338e-09,0.0,0.0,5.55
0.05923405624843863,6.503048448628001e-05,0.01546875486351582,2.194500097634368e-09,0.0,0.0,5.56
0.059314767322107186,6.52968609317027e-05,0.015487753102823335,2.2189344321980856e-09,0.0,0.0,5.57
0.059395451740804066,6.556384505720667e-05,0.015506735390060072,2.2435963767731577e-09,0.0,0.0,5.58
0.05947610951246132,6.583143694844409e-05,0.01552570173861805,2.2684876274445205e-09,0.0,0.0,5.59
0.05955674064501001,6.609963668942683e-05,0.015544652161878019,2.2936098896910514e-09,0.0,0.0,5.6
0.05963734514638022,6.636844436253009e-05,0.015563586673209482,2.318964878419314e-09,0.0,0.0,5.61
0.059717923024501074,6.663786004849591e-05,0.015582505285970692,2.3445543179973415e-09,0.0,0.0,5.62
0.05979847428730069,6.690788382643676e-05,0.015601408013508669,2.3703799422885023e-09,0.0,0.0,5.63
0.05987899894270623,6.7178515773839e-05,0.015620294869159203,2.3964434946853984e-09,0.0,0.0,5.64
0.059959496998643835,6.744975596656648e-05,0.015639165866246883,2.4227467281438363e-09,0.0,0.0,5.65
0.06003996846303872,6.772160447886388e-05,0.015658021018085066,2.4492914052168358e-09,0.0,0.0,5.66
0.06012041334381504,6.799406138336042e-05,0.01567686033797594,2.476079298088723e-09,0.0,0.0,5.67
0.06020083164889602,6.82671267510732e-05,0.01569568383921048,2.5031121886092535e-09,0.0,0.0,5.68
0.060281223386203876,6.854080065141082e-05,0.015714491535068494,2.530391868327812e-09,0.0,0.0,5.69
0.060361588563659814,6.88150831521766e-05,0.01573328343881861,2.557920138527644e-09,0.0,0.0,5.7
0.06044192718918404,6.90899743195724e-05,0.01575205956371831,2.5856988102601786e-09,0.0,0.0,5.71
0.06052223927069465,6.936547422028359e-05,0.015770819923015385,2.6137296484996963e-09,0.0,0.0,5.72
0.06060252481610552,6.964158292541807e-05,0.015789564529950745,2.6420142665424325e-09,0.0,0.0,5.73
0.06068278383333313,6.991830049766724e-05,0.015808293397749338,2.67055447075654e-09,0.0,0.0,5.74
0.060763016330293414,7.019562699740015e-05,0.01582700653962446,2.6993520971339673e-09,0.0,0.0,5.75
0.060843222314901295,7.04735624834143e-05,0.015845703968778314,2.7284089912605074e-09,0.0,0.0,5.76
0.060923401795070685,7.075210701293923e-05,0.015864385698401987,2.757727008345929e-09,0.0,0.0,5.77
0.06100355477871447,7.103126064164018e-05,0.015883051741675504,2.7873080132541327e-09,0.0,0.0,5.78
0.06108368127374449,7.131102342362148e-05,0.015901702111767786,2.8171538805333233e-09,0.0,0.0,5.79
0.06116378128807162,7.159139541143034e-05,0.0159203368218367,2.847266494446246e-09,0.0,0.0,5.8
0.06124385482960569,7.187237665606026e-05,0.015938955885029044,2.877647749000417e-09,0.0,0.0,5.81
0.0613239019062555,7.215396720695464e-05,0.015957559314480573,2.9082995479784126e-09,0.0,0.0,5.82
0.061403922525928814,7.243616711201018e-05,0.015976147123315992,2.9392238049681626e-09,0.0,0.0,5.83
0.0614839166965324,7.271897641758068e-05,0.015994719324648982,2.9704224433933086e-09,0.0,0.0,5.84
0.061563884425971965,7.300239516848031e-05,0.01601327593158219,3.0018973965435606e-09,0.0,0.0,5.85
0.0616438257221522,7.328642340798729e-05,0.016031816957207262,3.0336506076051076e-09,0.0,0.0,5.86
0.06172374059297677,7.357106117784727e-05,0.01605034241460482,3.0656840296910357e-09,0.0,0.0,5.87
0.061803629046348285,7.385630851827694e-05,0.016068852316844517,3.097999625871808e-09,0.0,0.0,5.88
0.061883491090168344,7.41421654679675e-05,0.01608734667698499,3.1305993692057447e-09,0.0,0.0,5.89
0.061963326732337475,7.442863206408813e-05,0.01610582550807392,3.16348524276956e-09,0.0,0.0,5.9
0.06204313598075519,7.471570834228944e-05,0.016124288823148005,3.1966592396888977e-09,0.0,0.0,5.91
0.062122918843319934,7.500339433670703e-05,0.016142736635232992,3.2301233631689398e-09,0.0,0.0,5.92
0.06220267532792916,7.529169007996486e-05,0.016161168957343677,3.2638796265250084e-09,0.0,0.0,5.93
0.062282405442479205,7.558059560317883e-05,0.016179585802483912,3.297930053213224e-09,0.0,0.0,5.94
0.062362109194865394,7.587011093596002e-05,0.016197987183646616,3.332276676861166e-09,0.0,0.0,5.95
0.062441786592981996,7.616023610641838e-05,0.016216373113813784,3.366921541298606e-09,0.0,0.0,5.96
0.06252143764472225,7.645097114116606e-05,0.0162347436059565,3.4018667005882314e-09,0.0,0.0,5.97
0.0626010623579783,7.674231606532081e-05,0.016253098673034944,3.437114219056423e-09,0.0,0.0,5.98
0.06268066074064123,7.703427090250935e-05,0.0162714383279984,3.4726661713240497e-09,0.0,0.0,5.99
0.06276023280060114,7.732683567487098e-05,0.016289762583785252,3.508524642337311e-09,0.0,0.0,6.0
0.06283977854574697,7.762001040306078e-05,0.01630807145332303,3.544691727398596e-09,0.0,0.0,6.01
0.0629192979839667,7.791379510625317e-05,0.016326364949528372,3.5811695321973765e-09,0.0,0.0,6.02
0.06299879112314716,7.820818980214521e-05,0.016344643085307073,3.6179601728411374e-09,0.0,0.0,6.03
0.06307825797117413,7.850319450695993e-05,0.01636290587355407,3.6550657758863155e-09,0.0,0.0,6.04
0.06315769853593238,7.879880923544986e-05,0.016381153327153446,3.692488478369313e-09,0.0,0.0,6.05
0.06323711282530554,7.909503400090028e-05,0.016399385458978476,3.730230427837497e-09,0.0,0.0,6.06
0.06331650084717624,7.939186881513268e-05,0.016417602281891593,3.768293782380256e-09,0.0,0.0,6.07
0.06339586260942595,7.968931368850798e-05,0.016435803808744424,3.8066807106600616e-09,0.0,0.0,6.08
0.06347519811993516,7.998736862992999e-05,0.016453990052377777,3.8453933919436094e-09,0.0,0.0,6.09
0.06355450738658319,8.028603364684873e-05,0.01647216102562168,3.884434016132933e-09,0.0,0.0,6.1
0.06363379041724837,8.058530874526379e-05,0.01649031674129536,3.923804783796595e-09,0.0,0.0,6.11
0.06371304721980788,8.088519392972746e-05,0.016508457212207273,3.963507906200865e-09,0.0,0.0,6.12
0.06379227780213785,8.118568920334837e-05,0.016526582451155094,4.003545605340981e-09,0.0,0.0,6.13
0.06387148217211334,8.148679456779452e-05,0.01654469247092575,4.043920113972398e-09,0.0,0.0,6.14
0.06395066033760831,8.178851002329681e-05,0.01656278728429541,4.08463367564209e-09,0.0,0.0,6.15
0.06402981230649558,8.209083556865209e-05,0.016580866904029493,4.125688544719858e-09,0.0,0.0,6.16
0.06410893808664699,8.23937712012267e-05,0.01659893134288269,4.1670869864297156e-09,0.0,0.0,6.17
0.06418803768593319,8.269731691695951e-05,0.016616980613598967,4.2088312768812554e-09,0.0,0.0,6.18
0.06426711111222379,8.300147271036547e-05,0.01663501472891157,4.250923703101076e-09,0.0,0.0,6.19
0.0643461583733873,8.330623857453852e-05,0.016653033701543037,4.293366563064222e-09,0.0,0.0,6.2
0.06442517947729111,8.361161450115524e-05,0.01667103754420521,4.336162165725677e-09,0.0,0.0,6.21
0.06450417443180155,8.391760048047783e-05,0.016689026269599228,4.379312831051868e-09,0.0,0.0,6.22
0.0645831432447838,8.422419650135743e-05,0.016706999890415575,4.4228208900522094e-09,0.0,0.0,6.23
0.06466208592410198,8.453140255123735e-05,0.01672495841933403,4.466688684810661e-09,0.0,0.0,6.24
0.0647410024776191,8.483921861615637e-05,0.016742901869023732,4.5109185685173565e-09,0.0,0.0,6.25
0.06481989291319704,8.51476446807518e-05,0.016760830252143154,4.555512905500221e-09,0.0,0.0,6.26
0.0648987572386966,8.545668072826296e-05,0.016778743581340128,4.600474071256639e-09,0.0,0.0,6.27
0.06497759546197748,8.57663267405341e-05,0.016796641869251845,4.6458044524851545e-09,0.0,0.0,6.28
0.06505640759089822,8.60765826980177e-05,0.01681452512850486,4.691506447117184e-09,0.0,0.0,6.29
0.06513519363331628,8.63874485797778e-05,0.01683239337171513,4.737582464348795e-09,0.0,0.0,6.3
0.06521395359708804,8.669892436349298e-05,0.01685024661148797,4.784034924672479e-09,0.0,0.0,6.31
0.0652926874900687,8.701101002545971e-05,0.016868084860418124,4.830866259908978e-09,0.0,0.0,6.32
0.06537139532011237,8.732370554059534e-05,0.016885908131089724,4.8780789132391194e-09,0.0,0.0,6.33
0.06545007709507206,8.763701088244142e-05,0.016903716436076313,4.925675339235723e-09,0.0,0.0,6.34
0.06552873282279963,8.795092602316682e-05,0.01692150978794087,4.973658003895493e-09,0.0,0.0,6.35
0.06560736251114585,8.826545093357086e-05,0.016939288199235805,5.022029384670968e-09,0.0,0.0,6.36
0.06568596616796032,8.858058558308632e-05,0.01695705168250296,5.070791970502484e-09,0.0,0.0,6.37
0.06576454380109156,8.889632993978285e-05,0.016974800250273637,5.1199482618501925e-09,0.0,0.0,6.38
0.06584309541838691,8.921268397036987e-05,0.01699253391506859,5.16950077072609e-09,0.0,0.0,6.39
0.06592162102769267,8.952964764019983e-05,0.017010252689398046,5.219452020726087e-09,0.0,0.0,6.4
0.0660001206368539,8.984722091327112e-05,0.0170279565857617,5.269804547062084e-09,0.0,0.0,6.41
0.0660785942537146,9.016540375223142e-05,0.017045645616648734,5.3205608965941326e-09,0.0,0.0,6.42
0.06615704188611761,9.04841961183807e-05,0.017063319794537835,5.3717236278625686e-09,0.0,0.0,6.43
0.06623546354190465,9.080359797167422e-05,0.017080979131897177,5.4232953111202164e-09,0.0,0.0,6.44
0.06631385922891629,9.11236092707257e-05,0.017098623641184446,5.475278528364585e-09,0.0,0.0,6.45
0.06639222895499194,9.144422997281037e-05,0.017116253334846853,5.527675873370151e-09,0.0,0.0,6.46
0.06647057272796991,9.176546003386807e-05,0.017133868225321137,5.580489951720619e-09,0.0,0.0,6.47
0.06654889055568736,9.208729940850633e-05,0.017151468325033573,5.633723380841242e-09,0.0,0.0,6.48
0.06662718244598025,9.240974805000324e-05,0.017169053646399972,5.687378790031149e-09,0.0,0.0,6.49
0.06670544840668348,9.273280591031074e-05,0.017186624201825713,5.741458820495747e-09,0.0,0.0,6.5
0.06678368844563072,9.305647294005752e-05,0.01720418000370573,5.7959661253791025e-09,0.0,0.0,6.51
0.06686190257065457,9.338074908855206e-05,0.01722172106442452,5.850903369796387e-09,0.0,0.0,6.52
0.06694009078958643,9.370563430378571e-05,0.01723924739635618,5.906273230866348e-09,0.0,0.0,6.53
0.06701825311025654,9.403112853243556e-05,0.01725675901186437,5.9620783977437806e-09,0.0,0.0,6.54
0.06709638954049403,9.435723171986766e-05,0.01727425592330236,6.018321571652092e-09,0.0,0.0,6.55
0.06717450008812681,9.468394381013985e-05,0.017291738143013033,6.075005465915841e-09,0.0,0.0,6.56
0.06725258476098171,9.501126474600489e-05,0.01730920568332887,6.13213280599333e-09,0.0,0.0,6.57
0.06733064356688394,9.533919446964186e-05,0.017326658556572522,6.189706304344889e-09,0.0,0.0,6.58
0.06740867651365397,9.566773292844986e-05,0.017344096775061102,6.247728460492389e-09,0.0,0.0,6.59
0.06748668360911388,9.599688006352194e-05,0.017361520351097653,6.306201959200416e-09,0.0,0.0,6.6
0.06756466486108553,9.63266358129035e-05,0.017378929296973558,6.365129558091095e-09,0.0,0.0,6.61
0.06764262027738968,9.665700011336115e-05,0.017396323624969866,6.424514026682787e-09,0.0,0.0,6.62
0.06772054986584579,9.698797290038592e-05,0.017413703347357302,6.484358146417659e-09,0.0,0.0,6.63
0.06779845363427227,9.731955410819636e-05,0.01743106847639627,6.544664710689202e-09,0.0,0.0,6.64
0.0678763315904863,9.765174366974164e-05,0.01744841902433687,6.605436524869787e-09,0.0,0.0,6.65
0.06795418374230384,9.798454151670445e-05,0.01746575500341889,6.6666764063381834e-09,0.0,0.0,6.66
0.06803201009753973,9.831794757950435e-05,0.017483076425871838,6.728387184507136e-09,0.0,0.0,6.67
0.06810981066400762,9.865196178730067e-05,0.01750038330391493,6.790571700850885e-09,0.0,0.0,6.68
0.06818758544951996,9.89865840679956e-05,0.01751767564975711,6.8532328089327276e-09,0.0,0.0,6.69
0.06826533446188801,9.932181434823722e-05,0.017534953475597057,6.916373374432534e-09,0.0,0.0,6.7
0.06834305770892185,9.965765255342259e-05,0.017552216793623183,6.9799962751743394e-09,0.0,0.0,6.71
0.06842075519843038,9.99940986077008e-05,0.017569465616013663,7.0441044011538585e-09,0.0,0.0,6.72
0.06849842693822134,0.00010033115243397596,0.017586699954936422,7.108700654566052e-09,0.0,0.0,6.73
0.06857607293610117,0.00010066881395391023,0.017603919822549156,7.173787949832656e-09,0.0,0.0,6.74
0.06865369319987524,0.00010100708308792688,0.017621125230999332,7.239369213629764e-09,0.0,0.0,6.75
0.06873128773734766,0.00010134595975521329,0.017638316192424213,7.305447384915353e-09,0.0,0.0,6.76
0.06880885655632135,0.00010168544387372394,0.01765549271895084,7.37202541495685e-09,0.0,0.0,6.77
0.06888639966459807,0.00010202553536018346,0.017672654822696063,7.439106267358689e-09,0.0,0.0,6.78
0.06896391706997831,0.00010236623413008948,0.01768980251576654,7.506692918089838e-09,0.0,0.0,6.79
0.06904140878026142,0.00010270754009771586,0.017706935810258756,7.5747883555114e-09,0.0,0.0,6.8
0.0691188748032455,0.00010304945317611548,0.017724054718259007,7.64339558040413e-09,0.0,0.0,6.81
0.0691963151467275,0.00010339197327712328,0.01774115925184343,7.712517605996031e-09,0.0,0.0,6.82
0.0692737298185031,0.0001037351003113592,0.017758249423078017,7.782157457989864e-09,0.0,0.0,6.83
0.06935111882636684,0.0001040788341882312,0.017775325244018595,7.852318174590756e-09,0.0,0.0,6.84
0.06942848217811198,0.00010442317481593817,0.01779238672671086,7.923002806533728e-09,0.0,0.0,6.85
0.06950581988153065,0.00010476812210147296,0.01780943388319037,7.994214417111287e-09,0.0,0.0,6.86
0.06958313194441366,0.00010511367595062508,0.017826466725482576,8.065956082200944e-09,0.0,0.0,6.87
0.06966041837455073,0.00010545983626798401,0.017843485265602803,8.138230890292833e-09,0.0,0.0,6.88
0.06973767917973026,0.00010580660295694179,0.01786048951555626,8.211041942517227e-09,0.0,0.0,6.89
0.06981491436773948,0.00010615397591969622,0.017877479487338085,8.28439235267215e-09,0.0,0.0,6.9
0.06989212394636442,0.00010650195505725346,0.017894455192933298,8.35828524725088e-09,0.0,0.0,6.91
0.06996930792338982,0.00010685054026943127,0.01791141664431686,8.43272376546959e-09,0.0,0.0,6.92
0.07004646630659928,0.00010719973145486173,0.017928363853453644,8.507711059294867e-09,0.0,0.0,6.93
0.07012359910377514,0.00010754952851099419,0.017945296832298473,8.583250293471305e-09,0.0,0.0,6.94
0.07020070632269847,0.00010789993133409805,0.017962215592796097,8.659344645549053e-09,0.0,0.0,6.95
0.0702777879711492,0.00010825093981926583,0.017979120146881238,8.735997305911414e-09,0.0,0.0,6.96
0.07035484405690595,0.00010860255386041595,0.01799601050647856,8.813211477802397e-09,0.0,0.0,6.97
0.07043187458774619,0.0001089547733502956,0.018012886683502708,8.890990377354313e-09,0.0,0.0,6.98
0.0705088795714461,0.00010930759818048352,0.018029748689858304,8.969337233615306e-09,0.0,0.0,6.99
0.07058585901578063,0.00010966102824139309,0.01804659653743995,9.048255288576983e-09,0.0,0.0,7.0
0.07066281292852353,0.00011001506342227496,0.01806343023813224,9.127747797201955e-09,0.0,0.0,7.01
0.07073974131744727,0.00011036970361121999,0.018080249803809786,9.207818027451428e-09,0.0,0.0,7.02
0.07081664419032312,0.00011072494869516212,0.01809705524633719,9.288469260312782e-09,0.0,0.0,7.03
0.0708935215549211,0.00011108079855988102,0.018113846577569086,9.369704789827118e-09,0.0,0.0,7.04
0.07097037341900995,0.00011143725309000521,0.01813062380935013,9.451527923116903e-09,0.0,0.0,7.05
0.07104719979035726,0.00011179431216901462,0.018147386953515008,9.533941980413497e-09,0.0,0.0,7.06
0.07112400067672929,0.00011215197567924359,0.018164136021888468,9.616950295084762e-09,0.0,0.0,7.07
0.07120077608589108,0.00011251024350188343,0.018180871026285288,9.700556213662611e-09,0.0,0.0,7.08
0.07127752602560644,0.00011286911551698555,0.01819759197851032,9.784763095870648e-09,0.0,0.0,7.09
0.07135425050363792,0.00011322859160346399,0.018214298890358475,9.869574314651711e-09,0.0,0.0,7.1
0.07143094952774681,0.00011358867163909835,0.01823099177361475,9.954993256195476e-09,0.0,0.0,7.11
0.07150762310569315,0.00011394935550053641,0.01824767064005422,1.004102331996602e-08,0.0,0.0,7.12
0.07158427124523578,0.00011431064306329712,0.018264335501442047,1.0127667918729445e-08,0.0,0.0,7.13
0.0716608939541322,0.00011467253420177318,0.01828098636953351,1.0214930478581445e-08,0.0,0.0,7.14
0.0717374912401387,0.00011503502878923396,0.018297623256073987,1.030281443897491e-08,0.0,0.0,7.15
0.07181406311101034,0.00011539812669782806,0.01831424617279897,1.0391323252747479e-08,0.0,0.0,7.16
0.07189060957450087,0.00011576182779858622,0.018330855131434086,1.048046038614919e-08,0.0,0.0,7.17
0.0719671306383628,0.00011612613196142404,0.01834745014369508,1.0570229318870033e-08,0.0,0.0,7.18
0.07204362631034739,0.00011649103905514464,0.018364031221287862,1.0660633544067563e-08,0.0,0.0,7.19
0.07212009659820463,0.00011685654894744141,0.01838059837590847,1.0751676568394466e-08,0.0,0.0,7.2
0.07219654150968323,0.00011722266150490075,0.018397151619243112,1.0843361912026191e-08,0.0,0.0,7.21
0.07227296105253066,0.00011758937659300484,0.018413690962968157,1.0935693108688534e-08,0.0,0.0,7.22
0.0723493552344931,0.00011795669407613427,0.01843021641875015,1.1028673705685236e-08,0.0,0.0,7.23
0.07242572406331546,0.00011832461381757068,0.01844672799824582,1.1122307263925554e-08,0.0,0.0,7.24
0.07250206754674143,0.0001186931356794996,0.018463225713102084,1.1216597357951916e-08,0.0,0.0,7.25
0.07257838569251336,0.0001190622595230131,0.018479709574956052,1.1311547575967475e-08,0.0,0.0,7.26
0.07265467850837236,0.0001194319852081124,0.018496179595435057,1.140716151986374e-08,0.0,0.0,7.27
0.07273094600205829,0.00011980231259371063,0.01851263578615663,1.1503442805248163e-08,0.0,0.0,7.28
0.07280718818130967,0.00012017324153763537,0.018529078158728528,1.1600395061471724e-08,0.0,0.0,7.29
0.07288340505386377,0.00012054477189663152,0.018545506724748747,1.169802193165659e-08,0.0,0.0,7.3
0.07295959662745664,0.00012091690352636375,0.01856192149580551,1.1796327072723672e-08,0.0,0.0,7.31
0.07303576290982298,0.0001212896362814193,0.0185783224834773,1.189531415542026e-08,0.0,0.0,7.32
0.07311190390869622,0.00012166297001531045,0.018594709699332843,1.199498686434759e-08,0.0,0.0,7.33
0.07318801963180853,0.00012203690458047739,0.018611083154931134,1.2095348897988516e-08,0.0,0.0,7.34
0.07326411008689077,0.00012241143982829065,0.018627442861821435,1.2196403968735065e-08,0.0,0.0,7.35
0.07334017528167253,0.00012278657560905386,0.01864378883154329,1.2298155802916082e-08,0.0,0.0,7.36
0.0734162152238821,0.00012316231177200615,0.018660121075626528,1.24006081408248e-08,0.0,0.0,7.37
0.07349222992124653,0.0001235386481653251,0.018676439605591275,1.2503764736746503e-08,0.0,0.0,7.38
0.0735682193814915,0.00012391558463612903,0.018692744432947956,1.2607629358986113e-08,0.0,0.0,7.39
0.07364418361234147,0.00012429312103047978,0.018709035569197317,1.271220578989581e-08,0.0,0.0,7.4
0.07372012262151956,0.0001246712571933852,0.018725313025830404,1.281749782590262e-08,0.0,0.0,7.41
0.0737960364167476,0.0001250499929688018,0.018741576814328604,1.2923509277536082e-08,0.0,0.0,7.42
0.07387192500574617,0.0001254293281996373,0.01875782694616364,1.3030243969455831e-08,0.0,0.0,7.43
0.07394778839623446,0.0001258092627278563,0.018774063432797642,1.3137705736613833e-08,0.0,0.0,7.44
0.07402362659592736,0.00012618979639978967,0.0187902862856873,1.3245898225382871e-08,0.0,0.0,7.45
0.0740994396125396,0.00012657092905865312,0.018806495516278037,1.3354825174084933e-08,0.0,0.0,7.46
0.07417522745378632,0.00012695266054361576,0.01882269113600333,1.346449044802452e-08,0.0,0.0,7.47
0.07425099012738134,0.00012733499069282113,0.018838873156287027,1.3574897926385577e-08,0.0,0.0,7.48
0.07432672764103712,0.00012771791934338973,0.018855041588543366,1.3686051502253977e-08,0.0,0.0,7.49
0.07440244000246488,0.0001281014463314218,0.018871196444176994,1.3797955082640086e-08,0.0,0.0,7.5
0.07447812721937447,0.0001284855714920001,0.018887337734582954,1.3910612588501215e-08,0.0,0.0,7.51
0.07455378929947447,0.00012887029465919226,0.0189034654711467,1.4024027954764084e-08,0.0,0.0,7.52
0.07462942625047211,0.00012925561566605364,0.018919579665244126,1.413820513034724e-08,0.0,0.0,7.53
0.07470503808007335,0.0001296415343446299,0.01893568032824153,1.4253148078183433e-08,0.0,0.0,7.54
0.07478062479598277,0.0001300280505259597,0.018951767471495677,1.4368860775242046e-08,0.0,0.0,7.55
0.07485618640590369,0.00013041516404007728,0.018967841106353755,1.4485347212551374e-08,0.0,0.0,7.56
0.07493172291753808,0.00013080287471601518,0.01898390124415342,1.4602611395220984e-08,0.0,0.0,7.57
0.07500723433858655,0.00013119118238180664,0.018999947896222776,1.4720657342463942e-08,0.0,0.0,7.58
0.0750827206767485,0.00013158008686448846,0.019015981073880417,1.483948908761913e-08,0.0,0.0,7.59
0.07515818193972189,0.00013196958799010358,0.019032000788435394,1.4959110678173452e-08,0.0,0.0,7.6
0.07523361813520342,0.0001323596855837035,0.019048007051187255,1.5079526175784037e-08,0.0,0.0,7.61
0.07530902927088841,0.000132750379469351,0.019063999873426038,1.5200739656300372e-08,0.0,0.0,7.62
0.0753844153544709,0.0001331416694701228,0.019079979266432283,1.5322755209786525e-08,0.0,0.0,7.63
0.0754597763936436,0.00013353355540811202,0.019095945241477046,1.54455769405432e-08,0.0,0.0,7.64
0.07553511239609782,0.00013392603710443094,0.01911189780982189,1.5569208967129843e-08,0.0,0.0,7.65
0.07561042336952366,0.00013431911437921323,0.0191278369827189,1.5693655422386708e-08,0.0,0.0,7.66
0.07568570932160974,0.00013471278705161693,0.019143762771410715,1.5818920453456873e-08,0.0,0.0,7.67
0.07576097026004347,0.0001351070549398268,0.01915967518713049,1.594500822180827e-08,0.0,0.0,7.68
0.07583620619251086,0.00013550191786105688,0.01917557424110194,1.607192290325566e-08,0.0,0.0,7.69
0.07591141712669659,0.000135897375631553,0.019191459944539344,1.6199668687982526e-08,0.0,0.0,7.7
0.075986603070284,0.00013629342806659552,0.019207332308647528,1.632824978056307e-08,0.0,0.0,7.71
0.07606176403095509,0.00013669007498050167,0.019223191344621905,1.645767039998406e-08,0.0,0.0,7.72
0.07613690001639054,0.00013708731618662821,0.019239037063648462,1.658793477966672e-08,0.0,0.0,7.73
0.07621201103426962,0.00013748515149737388,0.01925486947690377,1.6719047167488504e-08,0.0,0.0,7.74
0.07628709709227036,0.00013788358072418193,0.019270688595555006,1.6851011825805e-08,0.0,0.0,7.75
0.07636215819806935,0.0001382826036775427,0.01928649443075994,1.698383303147164e-08,0.0,0.0,7.76
0.07643719435934188,0.00013868222016699612,0.019302286993666953,1.7117515075865468e-08,0.0,0.0,7.77
0.07651220558376189,0.0001390824300011342,0.019318066295415062,1.7252062264906875e-08,0.0,0.0,7.78
0.07658719187900194,0.00013948323298760345,0.019333832347133886,1.738747891908127e-08,0.0,0.0,7.79
0.07666215325273326,0.00013988462893310742,0.01934958515994369,1.752376937346078e-08,0.0,0.0,7.8
0.07673708971262574,0.0001402866176434094,0.01936532474495539,1.7660937977725868e-08,0.0,0.0,7.81
0.07681200126634789,0.00014068919892333459,0.019381051113270542,1.7798989096186956e-08,0.0,0.0,7.82
0.07688688792156688,0.00014109237257677263,0.019396764275981356,1.7937927107805984e-08,0.0,0.0,7.83
0.07696174968594852,0.0001414961384066803,0.019412464244170716,1.8077756406217996e-08,0.0,0.0,7.84
0.07703658656715726,0.0001419004962150838,0.019428151028912172,1.8218481399752646e-08,0.0,0.0,7.85
0.07711139857285618,0.00014230544580308129,0.01944382464126997,1.836010651145573e-08,0.0,0.0,7.86
0.07718618571070704,0.0001427109869708451,0.01945948509229902,1.8502636179110583e-08,0.0,0.0,7.87
0.07726094798837019,0.00014311711951762467,0.01947513239304495,1.864607485525961e-08,0.0,0.0,7.88
0.07733568541350462,0.00014352384324174846,0.01949076655454408,1.879042700722565e-08,0.0,0.0,7.89
0.077410397993768,0.0001439311579406268,0.01950638758782345,1.893569711713339e-08,0.0,0.0,7.9
0.0774850857368166,0.00014433906341075405,0.019521995503900814,1.908188968193066e-08,0.0,0.0,7.91
0.07755974865030534,0.00014474755944771114,0.019537590313784648,1.9229009213409868e-08,0.0,0.0,7.92
0.07763438674188773,0.00014515664584616807,0.019553172028474175,1.937706023822921e-08,0.0,0.0,7.93
0.07770900001921598,0.00014556632239988613,0.019568740658959357,1.9526047297934003e-08,0.0,0.0,7.94
0.07778358848994085,0.00014597658890172047,0.019584296216220896,1.9675974948977884e-08,0.0,0.0,7.95
0.07785815216171181,0.0001463874451436224,0.019599838711230264,1.9826847762744067e-08,0.0,0.0,7.96
0.07793269104217689,0.00014679889091664185,0.01961536815494969,1.9978670325566527e-08,0.0,0.0,7.97
0.07800720513898278,0.00014721092601092985,0.019630884558332184,2.013144723875116e-08,0.0,0.0,7.98
0.07808169445977478,0.0001476235502157406,0.019646387932321527,2.0285183118596863e-08,0.0,0.0,7.99
0.07815615901219684,0.00014803676331943423,0.019661878287852295,2.043988259641675e-08,0.0,0.0,8.0
0.07823059880389148,0.0001484505651094789,0.01967735563584986,2.0595550318559132e-08,0.0,0.0,8.01
0.07830501384249988,0.00014886495537245342,0.01969281998723039,2.0752190946428625e-08,0.0,0.0,8.02
0.07837940413566186,0.00014927993389404924,0.01970827135290088,2.090980915650713e-08,0.0,0.0,8.03
0.0784537696910158,0.00014969550045907325,0.019723709743759126,2.106840964037487e-08,0.0,0.0,8.04
0.07852811051619875,0.00015011165485144984,0.019739135170693763,2.1227997104731335e-08,0.0,0.0,8.05
0.07860242661884631,0.00015052839685422318,0.01975454764458424,2.138857627141616e-08,0.0,0.0,8.06
0.07867671800659276,0.00015094572624955988,0.019769947176300876,2.1550151877430157e-08,0.0,0.0,8.07
0.078750984687071,0.00015136364281875104,0.019785333776704817,2.1712728674956116e-08,0.0,0.0,8.08
0.07882522666791245,0.0001517821463422147,0.019800707456648078,2.187631143137967e-08,0.0,0.0,8.09
0.07889944395674725,0.00015220123659949821,0.01981606822697353,2.204090492931012e-08,0.0,0.0,8.1
0.07897363656120407,0.00015262091336928045,0.019831416098514913,2.220651396660124e-08,0.0,0.0,8.11
0.07904780448891024,0.000153041176429374,0.01984675108209686,2.237314335637205e-08,0.0,0.0,8.12
0.0791219477474917,0.00015346202555672797,0.01986207318853488,2.2540797927027574e-08,0.0,0.0,8.13
0.07919606634457294,0.0001538834605274295,0.019877382428635373,2.2709482522279436e-08,0.0,0.0,8.14
0.07927016028777709,0.0001543054811167068,0.019892678813195643,2.2879202001166742e-08,0.0,0.0,8.15
0.07934422958472588,0.0001547280870989311,0.019907962353003916,2.3049961238076588e-08,0.0,0.0,8.16
0.07941827424303965,0.00015515127824761887,0.01992323305883931,2.3221765122764742e-08,0.0,0.0,8.17
0.07949229427033735,0.00015557505433543424,0.0199384909414719,2.3394618560376245e-08,0.0,0.0,8.18
0.07956628967423651,0.00015599941513419127,0.019953736011662653,2.356852647146596e-08,0.0,0.0,8.19
0.07964026046235326,0.00015642436041485606,0.01996896828016351,2.3743493792019138e-08,0.0,0.0,8.2
0.07971420664230235,0.0001568498899475493,0.01998418775771734,2.3919525473471975e-08,0.0,0.0,8.21
0.07978812822169706,0.00015727600350154804,0.01999939445505796,2.409662648273194e-08,0.0,0.0,8.22
0.07986202520814936,0.00015770270084528853,0.020014588382910172,2.427480180219846e-08,0.0,0.0,8.23
0.07993589760926977,0.00015812998174636795,0.020029769551989724,2.4454056429783207e-08,0.0,0.0,8.24
0.08000974543266738,0.00015855784597154708,0.02004493797300335,2.4634395378930533e-08,0.0,0.0,8.25
0.08008356868594992,0.00015898629328675213,0.02006009365664877,2.481582367863786e-08,0.0,0.0,8.26
0.08015736737672365,0.00015941532345707725,0.020075236613614687,2.4998346373476015e-08,0.0,0.0,8.27
0.0802311415125935,0.00015984493624678658,0.020090366854580807,2.5181968523609553e-08,0.0,0.0,8.28
0.0803048911011629,0.00016027513141931657,0.020105484390217844,2.5366695204817057e-08,0.0,0.0,8.29
0.08037861615003396,0.00016070590873727824,0.020120589231187522,2.5552531508511432e-08,0.0,0.0,8.3
0.08045231666680544,0.00016113726796572483,0.020135681388145216,2.5739482424448737e-08,0.0,0.0,8.31
0.080525992659074,0.0001615692088702675,0.02015076087173845,2.592755290853432e-08,0.0,0.0,8.32
0.08059964413443721,0.00016200173121145724,0.02016582769260235,2.611674808471149e-08,0.0,0.0,8.33
0.08067327110049126,0.00016243483474901368,0.02018088186136309,2.630707309316578e-08,0.0,0.0,8.34
0.08074687356483091,0.00016286851924185114,0.020195923388637887,2.6498533089484483e-08,0.0,0.0,8.35
0.08082045153504948,0.00016330278444808084,0.020210952285035024,2.6691133244672415e-08,0.0,0.0,8.36
0.08089400501873889,0.00016373763012501345,0.02022596856115387,2.688487874516765e-08,0.0,0.0,8.37
0.08096753402348962,0.00016417305602916123,0.02024097222758486,2.707977479285717e-08,0.0,0.0,8.38
0.08104103855689072,0.00016460906191623998,0.020255963294909515,2.727582660509234e-08,0.0,0.0,8.39
0.08111451862652982,0.00016504564754117197,0.020270941773700465,2.7473039414704684e-08,0.0,0.0,8.4
0.0811879742399931,0.00016548281265808769,0.020285907674521424,2.7671418470021204e-08,0.0,0.0,8.41
0.08126140540486533,0.00016592055702032836,0.020300861007927228,2.787096903487989e-08,0.0,0.0,8.42
0.08133481212872984,0.00016635888038044804,0.02031580178446383,2.8071696388645084e-08,0.0,0.0,8.43
0.08140819441916851,0.00016679778249021604,0.0203307300146683,2.8273605826222845e-08,0.0,0.0,8.44
0.08148155228376182,0.00016723726310061902,0.02034564570906884,2.8476702658076207e-08,0.0,0.0,8.45
0.08155488573008879,0.00016767732196186337,0.020360548878184802,2.8680992210240454e-08,0.0,0.0,8.46
0.08162819476572698,0.00016811795882337716,0.02037543953252667,2.888647982433817e-08,0.0,0.0,8.47
0.08170147939825258,0.0001685591734338128,0.02039031768259609,2.9093170857594547e-08,0.0,0.0,8.48
0.08177473963524026,0.000169000965541049,0.02040518333888586,2.9301070682852364e-08,0.0,0.0,8.49
0.08184797548426331,0.00016944333489219305,0.020420036511879965,2.9510184688586974e-08,0.0,0.0,8.5
0.08192118695289355,0.000169886281233583,0.02043487721205355,2.9720518278921356e-08,0.0,0.0,8.51
0.08199437404870134,0.0001703298043107899,0.020449705449872946,2.993207687364096e-08,0.0,0.0,8.52
0.08206753677925564,0.00017077390386862005,0.020464521235795674,3.014486590820861e-08,0.0,0.0,8.53
0.08214067515212396,0.0001712185796511171,0.020479324580270457,3.035889083377928e-08,0.0,0.0,8.54
0.08221378917487232,0.00017166383140156441,0.02049411549373722,3.057415711721493e-08,0.0,0.0,8.55
0.08228687885506532,0.00017210965886248704,0.020508893986627093,3.0790670241099016e-08,0.0,0.0,8.56
0.0823599442002661,0.00017255606177565402,0.020523660069362445,3.100843570375142e-08,0.0,0.0,8.57
0.08243298521803638,0.00017300303988208068,0.020538413752356856,3.122745901924281e-08,0.0,0.0,8.58
0.0825060019159364,0.0001734505929220306,0.020553155046015136,3.144774571740936e-08,0.0,0.0,8.59
0.08257899430152496,0.00017389872063501788,0.020567883960733353,3.1669301343867084e-08,0.0,0.0,8.6
0.0826519623823594,0.00017434742275980935,0.02058260050689881,3.189213146002642e-08,0.0,0.0,8.61
0.08272490616599562,0.00017479669903442663,0.020597304694890073,3.211624164310649e-08,0.0,0.0,8.62
0.08279782565998803,0.00017524654919614846,0.02061199653507698,3.2341637486149616e-08,0.0,0.0,8.63
0.08287072087188962,0.00017569697298151253,0.020626676037820608,3.256832459803529e-08,0.0,0.0,8.64
0.08294359180925194,0.00017614797012631793,0.020641343213473343,3.2796308603494766e-08,0.0,0.0,8.65
0.083016438479625,0.00017659954036562727,0.020655998072378848,3.302559514312502e-08,0.0,0.0,8.66
0.08308926089055743,0.00017705168343376863,0.020670640624872068,3.32561898734029e-08,0.0,0.0,8.67
0.08316205904959637,0.00017750439906433785,0.020685270881279257,3.348809846669925e-08,0.0,0.0,8.68
0.08323483296428749,0.00017795768699020058,0.02069988885191798,3.37213266112929e-08,0.0,0.0,8.69
0.08330758264217501,0.00017841154694349444,0.020714494547097104,3.395588001138459e-08,0.0,0.0,8.7
0.0833803080908017,0.00017886597865563117,0.020729087977116818,3.419176438711103e-08,0.0,0.0,8.71
0.08345300931770883,0.00017932098185729852,0.02074366915226865,3.4428985474558476e-08,0.0,0.0,8.72
0.0835256863304362,0.00017977655627846267,0.020758238082835452,3.466754902577687e-08,0.0,0.0,8.73
0.08359833913652218,0.00018023270164837016,0.020772794779091424,3.490746080879339e-08,0.0,0.0,8.74
0.08367096774350367,0.00018068941769555,0.020787339251302116,3.514872660762621e-08,0.0,0.0,8.75
0.08374357215891609,0.0001811467041478158,0.020801871509724432,3.539135222229814e-08,0.0,0.0,8.76
0.08381615239029336,0.00018160456073226775,0.02081639156460664,3.5635343468850234e-08,0.0,0.0,8.77
0.08388870844516795,0.00018206298717529488,0.020830899426188383,3.588070617935532e-08,0.0,0.0,8.78
0.08396124033107089,0.000182521983202577,0.020845395104700678,3.6127446201931496e-08,0.0,0.0,8.79
0.0840337480555317,0.00018298154853908682,0.020859878610365937,3.6375569400755626e-08,0.0,0.0,8.8
0.0841062316260784,0.0001834416829090918,0.020874349953397944,3.662508165607652e-08,0.0,0.0,8.81
0.08417869105023762,0.00018390238603615668,0.020888809144001902,3.687598886422857e-08,0.0,0.0,8.82
0.08425112633553442,0.00018436365764314512,0.020903256192374414,3.712829693764484e-08,0.0,0.0,8.83
0.08432353748949244,0.000184825497452222,0.020917691108703496,3.73820118048703e-08,0.0,0.0,8.84
0.08439592451963382,0.0001852879051848552,0.020932113903168587,3.7637139410575064e-08,0.0,0.0,8.85
0.08446828743347923,0.00018575088056181792,0.020946524585940554,3.789368571556747e-08,0.0,0.0,8.86
0.08454062623854784,0.00018621442330319054,0.020960923167181695,3.815165669680716e-08,0.0,0.0,8.87
0.0846129409423574,0.0001866785331283628,0.020975309657045763,3.841105834741816e-08,0.0,0.0,8.88
0.08468523155242405,0.00018714320975603548,0.020989684065677937,3.8671896676701627e-08,0.0,0.0,8.89
0.08475749807626258,0.00018760845290422288,0.02100404640321487,3.893417771014905e-08,0.0,0.0,8.9
0.08482974052138621,0.00018807426229025458,0.02101839667978468,3.9197907489454956e-08,0.0,0.0,8.91
0.08490195889530675,0.00018854063763077748,0.021032734905506948,3.946309207252971e-08,0.0,0.0,8.92
0.0849741532055344,0.00018900757864175776,0.02104706109049273,3.972973753351229e-08,0.0,0.0,8.93
0.08504632345957804,0.000189475085038483,0.02106137524484458,3.999784996278302e-08,0.0,0.0,8.94
0.08511846966494492,0.0001899431565355641,0.021075677378656524,4.0267435466976155e-08,0.0,0.0,8.95
0.08519059182914085,0.0001904117928469373,0.021089967502014105,4.053850016899259e-08,0.0,0.0,8.96
0.08526268995967015,0.00019088099368586592,0.021104245624994362,4.0811050208012144e-08,0.0,0.0,8.97
0.08533476406403567,0.00019135075876494285,0.021118511757665843,4.1085091739506396e-08,0.0,0.0,8.98
0.08540681414973872,0.00019182108779609202,0.021132765910088627,4.1360630935250896e-08,0.0,0.0,8.99
0.08547884022427915,0.0001922919804905708,0.02114700809231431,4.163767398333762e-08,0.0,0.0,9.0
0.0855508422951553,0.00019276343655897147,0.021161238314386033,4.191622708818725e-08,0.0,0.0,9.01
0.08562282036986404,0.00019323545571122366,0.02117545658633846,4.2196296470561535e-08,0.0,0.0,9.02
0.08569477445590071,0.00019370803765659603,0.021189662918197818,4.2477888367575455e-08,0.0,0.0,9.03
0.08576670456075917,0.00019418118210369828,0.02120385731998188,4.2761009032709416e-08,0.0,0.0,9.04
0.08583861069193177,0.00019465488876048315,0.021218039801699985,4.30456647358214e-08,0.0,0.0,9.05
0.08591049285690938,0.00019512915733424808,0.021232210373353037,4.333186176315887e-08,0.0,0.0,9.06
0.08598235106318132,0.00019560398753163763,0.02124636904493352,4.361960641737106e-08,0.0,0.0,9.07
0.08605418531823548,0.00019607937905864506,0.02126051582642549,4.390890501752073e-08,0.0,0.0,9.08
0.08612599562955822,0.0001965553316206143,0.02127465072780461,4.419976389909616e-08,0.0,0.0,9.09
0.08619778200463436,0.000197031844922242,0.021288773759038124,4.449218941402296e-08,0.0,0.0,9.1
0.08626954445094727,0.0001975089186675792,0.021302884930084882,4.478618793067591e-08,0.0,0.0,9.11
0.08634128297597876,0.00019798655256003352,0.021316984250895347,4.50817658338907e-08,0.0,0.0,9.12
0.08641299758720922,0.00019846474630237098,0.0213310717314116,4.5378929524975694e-08,0.0,0.0,9.13
0.08648468829211739,0.00019894349959671755,0.021345147381567346,4.567768542172333e-08,0.0,0.0,9.14
0.08655635509818065,0.0001994228121445616,0.021359211211287903,4.597803995842207e-08,0.0,0.0,9.15
0.08662799801287477,0.00019990268364675554,0.021373263230490262,4.6279999585867693e-08,0.0,0.0,9.16
0.08669961704367316,0.00020038311380512344,0.021387303449084367,4.6583570723181746e-08,0.0,0.0,9.17
0.08677121219804575,0.00020086410232428287,0.021401331876974704,4.688875970321305e-08,0.0,0.0,9.18
0.08684278348346344,0.00020134564890385441,0.021415348524053756,4.7195573006395205e-08,0.0,0.0,9.19
0.0869143309073958,0.00020182775324250859,0.021429353400205402,4.7504017139364913e-08,0.0,0.0,9.2
0.08698585447731087,0.0002023104150382976,0.021443346515305193,4.7814098625076644e-08,0.0,0.0,9.21
0.08705735420067519,0.00020279363398865703,0.021457327879220372,4.812582400281047e-08,0.0,0.0,9.22
0.08712883008495376,0.00020327740979040818,0.02147129750180987,4.843919982818029e-08,0.0,0.0,9.23
0.08720028213761004,0.00020376174213975975,0.021485255392924327,4.875423267314148e-08,0.0,0.0,9.24
0.08727171036610604,0.00020424663073230996,0.021499201562406076,4.9070929125998775e-08,0.0,0.0,9.25
0.08734311477790217,0.00020473207526304832,0.02151313602008918,4.9389295791413976e-08,0.0,0.0,9.26
0.08741449538045738,0.00020521807542635764,0.0215270587757994,4.970933929041361e-08,0.0,0.0,9.27
0.08748585218122902,0.0002057046309160161,0.021540969839354242,5.0031066260396504e-08,0.0,0.0,9.28
0.08755718518767297,0.00020619174142519903,0.021554869220562944,5.035448335514134e-08,0.0,0.0,9.29
0.0876284944072436,0.0002066794066464809,0.021568756929226482,5.06795972448141e-08,0.0,0.0,9.3
0.08769977984739369,0.00020716762627183706,0.021582632975137572,5.1006414615975257e-08,0.0,0.0,9.31
0.08777104151557451,0.000207656399992646,0.021596497368080697,5.133494217158736e-08,0.0,0.0,9.32
0.08784227941923582,0.00020814572749969107,0.02161035011783209,5.166518663102212e-08,0.0,0.0,9.33
0.08791349356582587,0.0002086356084831624,0.02162419123415977,5.199715473006755e-08,0.0,0.0,9.34
0.08798468396279129,0.0002091260426326588,0.021638020726823505,5.23308532209351e-08,0.0,0.0,9.35
0.08805585061757729,0.0002096170296371897,0.02165183860557487,5.266628887226664e-08,0.0,0.0,9.36
0.08812699353762746,0.00021010856918517694,0.02166564488015722,5.300346846914143e-08,0.0,0.0,9.37
0.0881981127303839,0.00021060066096445696,0.021679439560305696,5.334239881308305e-08,0.0,0.0,9.38
0.08826920820328715,0.00021109330466228214,0.021693222655747257,5.368308672206596e-08,0.0,0.0,9.39
0.08834027996377622,0.0002115864999653233,0.02170699417620066,5.4025539030522606e-08,0.0,0.0,9.4
0.0884113280192886,0.0002120802465596712,0.021720754131376474,5.43697625893498e-08,0.0,0.0,9.41
0.08848235237726022,0.0002125745441308385,0.021734502530977112,5.471576426591544e-08,0.0,0.0,9.42
0.08855335304512549,0.0002130693923637617,0.0217482393846968,5.506355094406497e-08,0.0,0.0,9.43
0.08862433003031726,0.00021356479094280294,0.0217619647022216,5.541312952412785e-08,0.0,0.0,9.44
0.08869528334026683,0.00021406073955175184,0.021775678493229426,5.5764506922923934e-08,0.0,0.0,9.45
0.08876621298240402,0.00021455723787382745,0.021789380767390034,5.6117690073769853e-08,0.0,0.0,9.46
0.08883711896415701,0.00021505428559167984,0.02180307153436504,5.647268592648499e-08,0.0,0.0,9.47
0.08890800129295251,0.0002155518823873924,0.02181675080380792,5.682950144739798e-08,0.0,0.0,9.48
0.08897885997621567,0.0002160500279424833,0.021830418585364032,5.718814361935266e-08,0.0,0.0,9.49
0.08904969502137008,0.00021654872193790751,0.0218440748886706,5.7548619441714006e-08,0.0,0.0,9.5
0.0891205064358378,0.00021704796405405859,0.02185771972335673,5.7910935930374224e-08,0.0,0.0,9.51
0.08919129422703931,0.00021754775397077048,0.021871353099043426,5.827510011775854e-08,0.0,0.0,9.52
0.08926205840239358,0.00021804809136731937,0.02188497502534359,5.864111905283106e-08,0.0,0.0,9.53
0.08933279896931803,0.00021854897592242558,0.021898585511862016,5.900899980110049e-08,0.0,0.0,9.54
0.0894035159352285,0.00021905040731425525,0.02191218456819543,5.9378749444625866e-08,0.0,0.0,9.55
0.08947420930753927,0.00021955238522042216,0.021925772203932454,5.975037508202187e-08,0.0,0.0,9.56
0.08954487909366313,0.00022005490931798966,0.021939348428653638,6.012388382846481e-08,0.0,0.0,9.57
0.08961552530101126,0.0002205579792834724,0.021952913251931473,6.049928281569773e-08,0.0,0.0,9.58
0.08968614793699331,0.00022106159479283818,0.021966466683330386,6.087657919203593e-08,0.0,0.0,9.59
0.08975674700901737,0.00022156575552150957,0.021980008732406735,6.125578012237226e-08,0.0,0.0,9.6
0.08982732252448998,0.00022207046114436599,0.021993539408708847,6.163689278818233e-08,0.0,0.0,9.61
0.08989787449081611,0.0002225757113357452,0.02200705872177699,6.201992438752975e-08,0.0,0.0,9.62
0.08996840291539919,0.00022308150576944534,0.022020566681143407,6.240488213507115e-08,0.0,0.0,9.63
0.09003890780564107,0.0002235878441187264,0.022034063296332305,6.279177326206115e-08,0.0,0.0,9.64
0.09010938916894208,0.00022409472605631228,0.022047548576859876,6.318060501635754e-08,0.0,0.0,9.65
0.09017984701270094,0.0002246021512543925,0.02206102253223429,6.357138466242603e-08,0.0,0.0,9.66
0.09025028134431484,0.00022511011938462387,0.02207448517195571,6.3964119481345e-08,0.0,0.0,9.67
0.09032069217117941,0.0002256186301181323,0.022087936505516298,6.435881677081037e-08,0.0,0.0,9.68
0.0903910795006887,0.0002261276831255145,0.022101376542400214,6.475548384514019e-08,0.0,0.0,9.69
0.09046144334023522,0.00022663727807683984,0.022114805292083636,6.515412803527928e-08,0.0,0.0,9.7
0.09053178369720989,0.00022714741464165207,0.02212822276403476,6.555475668880387e-08,0.0,0.0,9.71
0.09060210057900209,0.00022765809248897082,0.02214162896771379,6.595737716992564e-08,0.0,0.0,9.72
0.09067239399299962,0.00022816931128729378,0.022155023912572982,6.636199685949669e-08,0.0,0.0,9.73
0.09074266394658871,0.00022868107070459808,0.022168407608056617,6.67686231550135e-08,0.0,0.0,9.74
0.09081291044715402,0.00022919337040834214,0.022181780063601022,6.717726347062127e-08,0.0,0.0,9.75
0.09088313350207868,0.0002297062100654674,0.022195141288634573,6.758792523711806e-08,0.0,0.0,9.76
0.09095333311874418,0.00023021958934239995,0.022208491292577705,6.800061590195893e-08,0.0,0.0,9.77
0.09102350930453051,0.00023073350790505254,0.022221830084842912,6.841534292925997e-08,0.0,0.0,9.78
0.09109366206681607,0.00023124796541882574,0.022235157674834766,6.883211379980225e-08,0.0,0.0,9.79
0.09116379141297766,0.0002317629615486103,0.022248474071949915,6.925093601103583e-08,0.0,0.0,9.8
0.09123389735039052,0.00023227849595878816,0.022261779285577078,6.96718170770832e-08,0.0,0.0,9.81
0.09130397988642833,0.00023279456831323483,0.02227507332509707,7.009476452874355e-08,0.0,0.0,9.82
0.09137403902846321,0.0002333111782753206,0.022288356199882807,7.051978591349614e-08,0.0,0.0,9.83
0.09144407478386567,0.00023382832550791242,0.0223016279192993,7.094688879550393e-08,0.0,0.0,9.84
0.09151408716000464,0.0002343460096733756,0.022314888492703685,7.137608075561721e-08,0.0,0.0,9.85
0.09158407616424752,0.00023486423043357534,0.022328137929445185,7.180736939137699e-08,0.0,0.0,9.86
0.0916540418039601,0.0002353829874498786,0.022341376238865177,7.22407623170184e-08,0.0,0.0,9.87
0.0917239840865066,0.00023590228038315573,0.022354603430297142,7.267626716347413e-08,0.0,0.0,9.88
0.09179390301924965,0.00023642210889378174,0.022367819513066708,7.311389157837735e-08,0.0,0.0,9.89
0.09186379860955031,0.00023694247264163869,0.022381024496491642,7.355364322606539e-08,0.0,0.0,9.9
0.09193367086476807,0.00023746337128611672,0.022394218389881863,7.399552978758245e-08,0.0,0.0,9.91
0.0920035197922608,0.00023798480448611616,0.022407401202539434,7.443955896068283e-08,0.0,0.0,9.92
0.09207334539938486,0.00023850677190004866,0.022420572943758592,7.488573845983385e-08,0.0,0.0,9.93
0.09214314769349496,0.0002390292731858393,0.022433733622825733,7.53340760162187e-08,0.0,0.0,9.94
0.09221292668194425,0.0002395523080009281,0.022446883249019434,7.578457937773937e-08,0.0,0.0,9.95
0.0922826823720843,0.00024007587600227158,0.022460021831610444,7.62372563090194e-08,0.0,0.0,9.96
0.09235241477126509,0.00024059997684634424,0.0224731493798617,7.669211459140628e-08,0.0,0.0,9.97
0.09242212388683499,0.00024112461018914057,0.022486265903028338,7.714916202297454e-08,0.0,0.0,9.98
0.09249180972614085,0.00024164977568617643,0.022499371410357693,7.760840641852797e-08,0.0,0.0,9.99
0.09256147229652786,0.00024217547299249057,0.0225124659110893,7.806985560960217e-08,0.0,0.0,10.0
