[{"file": "hund_2004.svg"}, {"file": "benson_epicardial_2008.cellml"}, {"file": "benson_mcell_2008_Fig3b_2000CL.sedml"}, {"file": "benson_mcell_2008.cellml"}, {"file": "hund_2004.xul"}, {"file": "hund_2004.png"}, {"file": "benson_endocardial_2008_Fig3a_2000CL.sedml"}, {"file": "benson_epicardial_2008_Fig3b_2000CL.sedml"}, {"file": "hund_2004.ai"}, {"file": "benson_epicardial_2008_Fig3a_2000CL.sedml"}, {"file": "benson_endocardial_2008_Fig3b_2000CL.sedml"}, {"file": "benson_endocardial_2008.cellml"}, {"file": "benson_mcell_2008_Fig3a_2000CL.sedml"}]