[{"data_set_value_component_environment_variable_time":0.0,"data_set_value_component_cell_variable_V":-90.7796417483,"data_set_value_component_cell_variable_R":8.3143,"data_set_value_component_cell_variable_T":310.15,"data_set_value_component_cell_variable_F":96.4867,"data_set_value_component_cell_variable_FonRT":0.0374170873,"data_set_value_component_cell_variable_Cm":153.4,"data_set_value_component_cell_variable_failing":0.0,"data_set_value_component_cell_variable_dVdt":15.009107926,"data_set_value_component_cell_variable_I_tot":-15.009107926,"data_set_value_component_cell_variable_i_Stim":-15.0,"data_set_value_component_cell_variable_stim_offset":0.0,"data_set_value_component_cell_variable_stim_period":1000.0,"data_set_value_component_cell_variable_stim_duration":3.0,"data_set_value_component_cell_variable_stim_amplitude":-15.0,"data_set_value_component_cell_variable_past":0.0,"data_set_value_component_cell_variable_V_clamp":0.0,"data_set_value_component_cell_variable_V_hold":-60.0,"data_set_value_component_cell_variable_V_step":0.0,"data_set_value_component_INa_variable_i_Na":-0.0000005132,"data_set_value_component_INa_variable_E_Na":70.14625628,"data_set_value_component_INa_variable_g_Na":16.0,"data_set_value_component_INa_m_gate_variable_m":0.0005855256,"data_set_value_component_INa_m_gate_variable_alpha_m":0.1798905365,"data_set_value_component_INa_m_gate_variable_beta_m":307.0363240852,"data_set_value_component_INa_h_gate_variable_h":0.9958655292,"data_set_value_component_INa_h_gate_variable_alpha_h":0.6588633886,"data_set_value_component_INa_h_gate_variable_beta_h":0.002734438,"data_set_value_component_INa_j_gate_variable_j":0.9970112045,"data_set_value_component_INa_j_gate_variable_alpha_j":0.0980586887,"data_set_value_component_INa_j_gate_variable_beta_j":0.0002932792,"data_set_value_component_ICa_variable_i_Ca":-0.0000000024,"data_set_value_component_ICa_variable_E_Ca":123.0766615809,"data_set_value_component_ICa_variable_g_Ca_max":0.064,"data_set_value_component_ICa_d_gate_variable_d":0.0000000003,"data_set_value_component_ICa_d_gate_variable_alpha_d":0.0,"data_set_value_component_ICa_d_gate_variable_beta_d":0.1470999999,"data_set_value_component_ICa_f_gate_variable_f":0.9213037685,"data_set_value_component_ICa_f_gate_variable_alpha_f":0.0068719991,"data_set_value_component_ICa_f_gate_variable_beta_f":0.0005474736,"data_set_value_component_ICa_f_Ca_gate_variable_f_Ca":0.75,"data_set_value_component_ICa_f_Ca_gate_variable_Km_Ca":0.0006,"data_set_value_component_Ito_variable_i_to":-0.0001049557,"data_set_value_component_Ito_variable_g_to_max":0.3,"data_set_value_component_Ito_variable_E_to":-70.7897412997,"data_set_value_component_Ito_r_gate_variable_r":0.0000175032,"data_set_value_component_Ito_r_gate_variable_alpha_r":0.0000170234,"data_set_value_component_Ito_r_gate_variable_beta_r":0.9726379039,"data_set_value_component_Ito_t_gate_variable_t":0.9998972515,"data_set_value_component_Ito_t_gate_variable_alpha_t":0.0712852013,"data_set_value_component_Ito_t_gate_variable_beta_t":0.0000073053,"data_set_value_component_IKs_variable_i_Ks":-0.0000138399,"data_set_value_component_IKs_variable_g_Ks_max":0.02,"data_set_value_component_IKs_variable_E_Ks":-81.9575915672,"data_set_value_component_IKs_Xs_gate_variable_Xs":0.0088565806,"data_set_value_component_IKs_Xs_gate_variable_alpha_Xs":0.0000063368,"data_set_value_component_IKs_Xs_gate_variable_beta_Xs":0.0058186453,"data_set_value_component_IKr_variable_i_Kr":0.0000129328,"data_set_value_component_IKr_variable_g_Kr_max":0.015,"data_set_value_component_IKr_variable_rik":0.9435612959,"data_set_value_component_IKr_variable_E_K":-95.0193700762,"data_set_value_component_IKr_Xr_gate_variable_Xr":0.000215523,"data_set_value_component_IKr_Xr_gate_variable_alpha_Xr":0.0000000844,"data_set_value_component_IKr_Xr_gate_variable_beta_Xr":0.0134834328,"data_set_value_component_IK1_variable_i_K1":0.3176505363,"data_set_value_component_IK1_variable_E_K1":-95.0193700762,"data_set_value_component_IK1_variable_g_K1_max":2.5,"data_set_value_component_IK1_K1_gate_variable_K1_infinity":0.0299689519,"data_set_value_component_IK1_K1_gate_variable_alpha_K1":0.0999992076,"data_set_value_component_IK1_K1_gate_variable_beta_K1":3.2367610433,"data_set_value_component_ICab_variable_i_b_Ca":-0.1817778578,"data_set_value_component_ICab_variable_g_b_Ca_max":0.00085,"data_set_value_component_INab_variable_i_b_Na":-0.160925898,"data_set_value_component_INab_variable_g_b_Na_max":0.001,"data_set_value_component_INaK_variable_i_NaK":0.2120385284,"data_set_value_component_INaK_variable_I_NaK_max":1.3,"data_set_value_component_INaK_variable_f_NaK":0.4485430409,"data_set_value_component_INaK_variable_K_mNai":10.0,"data_set_value_component_INaK_variable_K_mKo":1.5,"data_set_value_component_INaK_variable_sigma":0.9674202753,"data_set_value_component_INaCa_variable_i_NaCa":-0.1959868565,"data_set_value_component_INaCa_variable_K_NaCa":1000.0,"data_set_value_component_INaCa_variable_K_mNa":87.5,"data_set_value_component_INaCa_variable_K_mCa":1.38,"data_set_value_component_INaCa_variable_K_sat":0.1,"data_set_value_component_INaCa_variable_eta":0.35,"data_set_value_component_Irel_variable_i_rel":0.0,"data_set_value_component_Irel_variable_G_rel":0.0,"data_set_value_component_Irel_variable_G_rel_max":22.0,"data_set_value_component_Irel_variable_G_rel_overload":3.0,"data_set_value_component_Irel_variable_K_mrel":0.0008,"data_set_value_component_Irel_variable_delta_Ca_ith":0.000005,"data_set_value_component_Irel_variable_APtrack":-1.372158997e-136,"data_set_value_component_Irel_variable_APtrack2":-7.585178964e-136,"data_set_value_component_Irel_variable_APtrack3":0.0000482035,"data_set_value_component_Irel_variable_Cainfluxtrack":-7.711201761e-138,"data_set_value_component_Irel_variable_OVRLDtrack":0.000001,"data_set_value_component_Irel_variable_OVRLDtrack2":0.000001,"data_set_value_component_Irel_variable_OVRLDtrack3":0.000001,"data_set_value_component_Irel_variable_CSQNthresh":0.7,"data_set_value_component_Irel_variable_Logicthresh":0.98,"data_set_value_component_Iup_variable_i_up":0.0008035714,"data_set_value_component_Iup_variable_I_up_max":0.0045,"data_set_value_component_Iup_variable_K_mup":0.00092,"data_set_value_component_Ileak_variable_i_leak":0.00065,"data_set_value_component_Ileak_variable_K_leak":0.00026,"data_set_value_component_Itr_variable_i_tr":0.0,"data_set_value_component_Itr_variable_tau_tr":180.0,"data_set_value_component_calcium_buffers_in_the_myoplasm_variable_K_mTn":0.0005,"data_set_value_component_calcium_buffers_in_the_myoplasm_variable_K_mCMDN":0.00238,"data_set_value_component_calcium_buffers_in_the_myoplasm_variable_Tn_max":0.07,"data_set_value_component_calcium_buffers_in_the_myoplasm_variable_CMDN_max":0.05,"data_set_value_component_calcium_buffers_in_the_myoplasm_variable_buffon":1.0,"data_set_value_component_calcium_buffers_in_the_myoplasm_variable_Cai_bufc":0.0110734487,"data_set_value_component_calcium_buffers_in_the_JSR_variable_CSQN_max":10.0,"data_set_value_component_calcium_buffers_in_the_JSR_variable_K_mCSQN":0.8,"data_set_value_component_calcium_buffers_in_the_JSR_variable_Ca_JSR_bufc":0.5764955003,"data_set_value_component_Ionic_concentrations_variable_Nai":10.0,"data_set_value_component_Ionic_concentrations_variable_Nao":138.0,"data_set_value_component_Ionic_concentrations_variable_Cai":0.0002,"data_set_value_component_Ionic_concentrations_variable_Cao":2.0,"data_set_value_component_Ionic_concentrations_variable_Ki":140.0,"data_set_value_component_Ionic_concentrations_variable_Ko":4.0,"data_set_value_component_Ionic_concentrations_variable_Ca_JSR":2.5,"data_set_value_component_Ionic_concentrations_variable_Ca_NSR":2.5,"data_set_value_component_Ionic_concentrations_variable_preplength":100.0,"data_set_value_component_Ionic_concentrations_variable_radius":11.0,"data_set_value_component_Ionic_concentrations_variable_volume":38013.2711084365,"data_set_value_component_Ionic_concentrations_variable_V_myo":25849.0243537368,"data_set_value_component_Ionic_concentrations_variable_V_JSR":182.4637013205,"data_set_value_component_Ionic_concentrations_variable_V_NSR":2098.3325651857},{"data_set_value_component_environment_variable_time":0.1,"data_set_value_component_cell_variable_V":-89.2833832097,"data_set_value_component_cell_variable_R":8.3143,"data_set_value_component_cell_variable_T":310.15,"data_set_value_component_cell_variable_F":96.4867,"data_set_value_component_cell_variable_FonRT":0.0374170873,"data_set_value_component_cell_variable_Cm":153.4,"data_set_value_component_cell_variable_failing":0.0,"data_set_value_component_cell_variable_dVdt":14.9164630311,"data_set_value_component_cell_variable_I_tot":-14.9164630311,"data_set_value_component_cell_variable_i_Stim":-15.0,"data_set_value_component_cell_variable_stim_offset":0.0,"data_set_value_component_cell_variable_stim_period":1000.0,"data_set_value_component_cell_variable_stim_duration":3.0,"data_set_value_component_cell_variable_stim_amplitude":-15.0,"data_set_value_component_cell_variable_past":0.0,"data_set_value_component_cell_variable_V_clamp":0.0,"data_set_value_component_cell_variable_V_hold":-60.0,"data_set_value_component_cell_variable_V_step":0.0,"data_set_value_component_INa_variable_i_Na":-0.0000010554,"data_set_value_component_INa_variable_E_Na":70.1462547119,"data_set_value_component_INa_variable_g_Na":16.0,"data_set_value_component_INa_m_gate_variable_m":0.0007469454,"data_set_value_component_INa_m_gate_variable_alpha_m":0.2021833723,"data_set_value_component_INa_m_gate_variable_beta_m":267.9880946482,"data_set_value_component_INa_h_gate_variable_h":0.9958219813,"data_set_value_component_INa_h_gate_variable_alpha_h":0.5287301518,"data_set_value_component_INa_h_gate_variable_beta_h":0.0030775421,"data_set_value_component_INa_j_gate_variable_j":0.9970068671,"data_set_value_component_INa_j_gate_variable_alpha_j":0.0885949722,"data_set_value_component_INa_j_gate_variable_beta_j":0.0003547295,"data_set_value_component_ICa_variable_i_Ca":-0.0000000024,"data_set_value_component_ICa_variable_E_Ca":123.0780512232,"data_set_value_component_ICa_variable_g_Ca_max":0.064,"data_set_value_component_ICa_d_gate_variable_d":0.0000000003,"data_set_value_component_ICa_d_gate_variable_alpha_d":0.0000000001,"data_set_value_component_ICa_d_gate_variable_beta_d":0.1470999998,"data_set_value_component_ICa_f_gate_variable_f":0.9213074073,"data_set_value_component_ICa_f_gate_variable_alpha_f":0.0068719988,"data_set_value_component_ICa_f_gate_variable_beta_f":0.0005474949,"data_set_value_component_ICa_f_Ca_gate_variable_f_Ca":0.7500194981,"data_set_value_component_ICa_f_Ca_gate_variable_Km_Ca":0.0006,"data_set_value_component_Ito_variable_i_to":-0.0000976502,"data_set_value_component_Ito_variable_g_to_max":0.3,"data_set_value_component_Ito_variable_E_to":-70.7897589476,"data_set_value_component_Ito_r_gate_variable_r":0.0000176025,"data_set_value_component_Ito_r_gate_variable_alpha_r":0.0000191221,"data_set_value_component_Ito_r_gate_variable_beta_r":0.9732191464,"data_set_value_component_Ito_t_gate_variable_t":0.9998971565,"data_set_value_component_Ito_t_gate_variable_alpha_t":0.0713052775,"data_set_value_component_Ito_t_gate_variable_beta_t":0.0000093123,"data_set_value_component_IKs_variable_i_Ks":-0.0000114809,"data_set_value_component_IKs_variable_g_Ks_max":0.02,"data_set_value_component_IKs_variable_E_Ks":-81.9576092433,"data_set_value_component_IKs_Xs_gate_variable_Xs":0.008852093,"data_set_value_component_IKs_Xs_gate_variable_alpha_Xs":0.0000070332,"data_set_value_component_IKs_Xs_gate_variable_beta_Xs":0.0058136,"data_set_value_component_IKr_variable_i_Kr":0.0000174083,"data_set_value_component_IKr_variable_g_Kr_max":0.015,"data_set_value_component_IKr_variable_rik":0.9399952696,"data_set_value_component_IKr_variable_E_K":-95.0193877734,"data_set_value_component_IKr_Xr_gate_variable_Xr":0.0002152438,"data_set_value_component_IKr_Xr_gate_variable_alpha_Xr":0.0000001021,"data_set_value_component_IKr_Xr_gate_variable_beta_Xr":0.0133126753,"data_set_value_component_IK1_variable_i_K1":0.3964411496,"data_set_value_component_IK1_variable_E_K1":-95.0193877734,"data_set_value_component_IK1_variable_g_K1_max":2.5,"data_set_value_component_IK1_K1_gate_variable_K1_infinity":0.0276458043,"data_set_value_component_IK1_K1_gate_variable_alpha_K1":0.0999991332,"data_set_value_component_IK1_K1_gate_variable_beta_K1":3.5171549189,"data_set_value_component_ICab_variable_i_b_Ca":-0.1805072193,"data_set_value_component_ICab_variable_g_b_Ca_max":0.00085,"data_set_value_component_INab_variable_i_b_Na":-0.1594296379,"data_set_value_component_INab_variable_g_b_Na_max":0.001,"data_set_value_component_INaK_variable_i_NaK":0.2177418111,"data_set_value_component_INaK_variable_I_NaK_max":1.3,"data_set_value_component_INaK_variable_f_NaK":0.4606076571,"data_set_value_component_INaK_variable_K_mNai":10.0,"data_set_value_component_INaK_variable_K_mKo":1.5,"data_set_value_component_INaK_variable_sigma":0.9674202753,"data_set_value_component_INaCa_variable_i_NaCa":-0.1906163541,"data_set_value_component_INaCa_variable_K_NaCa":1000.0,"data_set_value_component_INaCa_variable_K_mNa":87.5,"data_set_value_component_INaCa_variable_K_mCa":1.38,"data_set_value_component_INaCa_variable_K_sat":0.1,"data_set_value_component_INaCa_variable_eta":0.35,"data_set_value_component_Irel_variable_i_rel":0.0,"data_set_value_component_Irel_variable_G_rel":0.0,"data_set_value_component_Irel_variable_G_rel_max":22.0,"data_set_value_component_Irel_variable_G_rel_overload":3.0,"data_set_value_component_Irel_variable_K_mrel":0.0008,"data_set_value_component_Irel_variable_delta_Ca_ith":0.000005,"data_set_value_component_Irel_variable_APtrack":-1.305235043e-136,"data_set_value_component_Irel_variable_APtrack2":-7.215229002e-136,"data_set_value_component_Irel_variable_APtrack3":0.0000481554,"data_set_value_component_Irel_variable_Cainfluxtrack":-7.335105323e-138,"data_set_value_component_Irel_variable_OVRLDtrack":0.000001,"data_set_value_component_Irel_variable_OVRLDtrack2":0.000001,"data_set_value_component_Irel_variable_OVRLDtrack3":0.000001,"data_set_value_component_Irel_variable_CSQNthresh":0.7,"data_set_value_component_Irel_variable_Logicthresh":0.98,"data_set_value_component_Iup_variable_i_up":0.0008035028,"data_set_value_component_Iup_variable_I_up_max":0.0045,"data_set_value_component_Iup_variable_K_mup":0.00092,"data_set_value_component_Ileak_variable_i_leak":0.000650004,"data_set_value_component_Ileak_variable_K_leak":0.00026,"data_set_value_component_Itr_variable_i_tr":0.0000000853,"data_set_value_component_Itr_variable_tau_tr":180.0,"data_set_value_component_calcium_buffers_in_the_myoplasm_variable_K_mTn":0.0005,"data_set_value_component_calcium_buffers_in_the_myoplasm_variable_K_mCMDN":0.00238,"data_set_value_component_calcium_buffers_in_the_myoplasm_variable_Tn_max":0.07,"data_set_value_component_calcium_buffers_in_the_myoplasm_variable_CMDN_max":0.05,"data_set_value_component_calcium_buffers_in_the_myoplasm_variable_buffon":1.0,"data_set_value_component_calcium_buffers_in_the_myoplasm_variable_Cai_bufc":0.0110728929,"data_set_value_component_calcium_buffers_in_the_JSR_variable_CSQN_max":10.0,"data_set_value_component_calcium_buffers_in_the_JSR_variable_K_mCSQN":0.8,"data_set_value_component_calcium_buffers_in_the_JSR_variable_Ca_JSR_bufc":0.5764955006,"data_set_value_component_Ionic_concentrations_variable_Nai":10.0000005868,"data_set_value_component_Ionic_concentrations_variable_Nao":138.0,"data_set_value_component_Ionic_concentrations_variable_Cai":0.0001999792,"data_set_value_component_Ionic_concentrations_variable_Cao":2.0,"data_set_value_component_Ionic_concentrations_variable_Ki":140.000092705,"data_set_value_component_Ionic_concentrations_variable_Ko":4.0,"data_set_value_component_Ionic_concentrations_variable_Ca_JSR":2.5000000025,"data_set_value_component_Ionic_concentrations_variable_Ca_NSR":2.5000153531,"data_set_value_component_Ionic_concentrations_variable_preplength":100.0,"data_set_value_component_Ionic_concentrations_variable_radius":11.0,"data_set_value_component_Ionic_concentrations_variable_volume":38013.2711084365,"data_set_value_component_Ionic_concentrations_variable_V_myo":25849.0243537368,"data_set_value_component_Ionic_concentrations_variable_V_JSR":182.4637013205,"data_set_value_component_Ionic_concentrations_variable_V_NSR":2098.3325651857},{"data_set_value_component_environment_variable_time":0.2,"data_set_value_component_cell_variable_V":-87.7962366609,"data_set_value_component_cell_variable_R":8.3143,"data_set_value_component_cell_variable_T":310.15,"data_set_value_component_cell_variable_F":96.4867,"data_set_value_component_cell_variable_FonRT":0.0374170873,"data_set_value_component_cell_variable_Cm":153.4,"data_set_value_component_cell_variable_failing":0.0,"data_set_value_component_cell_variable_dVdt":14.8266689277,"data_set_value_component_cell_variable_I_tot":-14.8266689277,"data_set_value_component_cell_variable_i_Stim":-15.0,"data_set_value_component_cell_variable_stim_offset":0.0,"data_set_value_component_cell_variable_stim_period":1000.0,"data_set_value_component_cell_variable_stim_duration":3.0,"data_set_value_component_cell_variable_stim_amplitude":-15.0,"data_set_value_component_cell_variable_past":0.0,"data_set_value_component_cell_variable_V_clamp":0.0,"data_set_value_component_cell_variable_V_hold":-60.0,"data_set_value_component_cell_variable_V_step":0.0,"data_set_value_component_INa_variable_i_Na":-0.000002206,"data_set_value_component_INa_variable_E_Na":70.1462537126,"data_set_value_component_INa_variable_g_Na":16.0,"data_set_value_component_INa_m_gate_variable_m":0.000958047,"data_set_value_component_INa_m_gate_variable_alpha_m":0.2268704528,"data_set_value_component_INa_m_gate_variable_beta_m":234.0997755634,"data_set_value_component_INa_h_gate_variable_h":0.9956981154,"data_set_value_component_INa_h_gate_variable_alpha_h":0.4248686956,"data_set_value_component_INa_h_gate_variable_beta_h":0.0034612063,"data_set_value_component_INa_j_gate_variable_j":0.9969930971,"data_set_value_component_INa_j_gate_variable_alpha_j":0.0796836433,"data_set_value_component_INa_j_gate_variable_beta_j":0.000428538,"data_set_value_component_ICa_variable_i_Ca":-0.0000000024,"data_set_value_component_ICa_variable_E_Ca":123.0794189837,"data_set_value_component_ICa_variable_g_Ca_max":0.064,"data_set_value_component_ICa_d_gate_variable_d":0.0000000003,"data_set_value_component_ICa_d_gate_variable_alpha_d":0.0000000001,"data_set_value_component_ICa_d_gate_variable_beta_d":0.1470999997,"data_set_value_component_ICa_f_gate_variable_f":0.9213110411,"data_set_value_component_ICa_f_gate_variable_alpha_f":0.0068719985,"data_set_value_component_ICa_f_gate_variable_beta_f":0.0005475222,"data_set_value_component_ICa_f_Ca_gate_variable_f_Ca":0.7500386882,"data_set_value_component_ICa_f_Ca_gate_variable_Km_Ca":0.0006,"data_set_value_component_Ito_variable_i_to":-0.0000913323,"data_set_value_component_Ito_variable_g_to_max":0.3,"data_set_value_component_Ito_variable_E_to":-70.7897765164,"data_set_value_component_Ito_r_gate_variable_r":0.0000179033,"data_set_value_component_Ito_r_gate_variable_alpha_r":0.0000214644,"data_set_value_component_Ito_r_gate_variable_beta_r":0.973796959,"data_set_value_component_Ito_t_gate_variable_t":0.9998968348,"data_set_value_component_Ito_t_gate_variable_alpha_t":0.07132487,"data_set_value_component_Ito_t_gate_variable_beta_t":0.000011853,"data_set_value_component_IKs_variable_i_Ks":-0.0000091411,"data_set_value_component_IKs_variable_g_Ks_max":0.02,"data_set_value_component_IKs_variable_E_Ks":-81.9576268413,"data_set_value_component_IKs_Xs_gate_variable_Xs":0.0088476854,"data_set_value_component_IKs_Xs_gate_variable_alpha_Xs":0.0000078011,"data_set_value_component_IKs_Xs_gate_variable_beta_Xs":0.0058080996,"data_set_value_component_IKr_variable_i_Kr":0.0000218065,"data_set_value_component_IKr_variable_g_Kr_max":0.015,"data_set_value_component_IKr_variable_rik":0.9362428103,"data_set_value_component_IKr_variable_E_K":-95.0194053931,"data_set_value_component_IKr_Xr_gate_variable_Xr":0.0002149707,"data_set_value_component_IKr_Xr_gate_variable_alpha_Xr":0.0000001232,"data_set_value_component_IKr_Xr_gate_variable_beta_Xr":0.0131241185,"data_set_value_component_IK1_variable_i_K1":0.472464174,"data_set_value_component_IK1_variable_E_K1":-95.0194053931,"data_set_value_component_IK1_variable_g_K1_max":2.5,"data_set_value_component_IK1_K1_gate_variable_K1_infinity":0.0261638177,"data_set_value_component_IK1_K1_gate_variable_alpha_K1":0.0999990523,"data_set_value_component_IK1_K1_gate_variable_beta_K1":3.7220369213,"data_set_value_component_ICab_variable_i_b_Ca":-0.1792443073,"data_set_value_component_ICab_variable_g_b_Ca_max":0.00085,"data_set_value_component_INab_variable_i_b_Na":-0.1579424904,"data_set_value_component_INab_variable_g_b_Na_max":0.001,"data_set_value_component_INaK_variable_i_NaK":0.2233945982,"data_set_value_component_INaK_variable_I_NaK_max":1.3,"data_set_value_component_INaK_variable_f_NaK":0.4725654621,"data_set_value_component_INaK_variable_K_mNai":10.0,"data_set_value_component_INaK_variable_K_mKo":1.5,"data_set_value_component_INaK_variable_sigma":0.9674202753,"data_set_value_component_INaCa_variable_i_NaCa":-0.1852600269,"data_set_value_component_INaCa_variable_K_NaCa":1000.0,"data_set_value_component_INaCa_variable_K_mNa":87.5,"data_set_value_component_INaCa_variable_K_mCa":1.38,"data_set_value_component_INaCa_variable_K_sat":0.1,"data_set_value_component_INaCa_variable_eta":0.35,"data_set_value_component_Irel_variable_i_rel":0.0,"data_set_value_component_Irel_variable_G_rel":0.0,"data_set_value_component_Irel_variable_G_rel_max":22.0,"data_set_value_component_Irel_variable_G_rel_overload":3.0,"data_set_value_component_Irel_variable_K_mrel":0.0008,"data_set_value_component_Irel_variable_delta_Ca_ith":0.000005,"data_set_value_component_Irel_variable_APtrack":-1.241569615e-136,"data_set_value_component_Irel_variable_APtrack2":-6.863291898e-136,"data_set_value_component_Irel_variable_APtrack3":0.0000481072,"data_set_value_component_Irel_variable_Cainfluxtrack":-6.977321013e-138,"data_set_value_component_Irel_variable_OVRLDtrack":0.000001,"data_set_value_component_Irel_variable_OVRLDtrack2":0.000001,"data_set_value_component_Irel_variable_OVRLDtrack3":0.000001,"data_set_value_component_Irel_variable_CSQNthresh":0.7,"data_set_value_component_Irel_variable_Logicthresh":0.98,"data_set_value_component_Iup_variable_i_up":0.0008034352,"data_set_value_component_Iup_variable_I_up_max":0.0045,"data_set_value_component_Iup_variable_K_mup":0.00092,"data_set_value_component_Ileak_variable_i_leak":0.000650008,"data_set_value_component_Ileak_variable_K_leak":0.00026,"data_set_value_component_Itr_variable_i_tr":0.0000001705,"data_set_value_component_Itr_variable_tau_tr":180.0,"data_set_value_component_calcium_buffers_in_the_myoplasm_variable_K_mTn":0.0005,"data_set_value_component_calcium_buffers_in_the_myoplasm_variable_K_mCMDN":0.00238,"data_set_value_component_calcium_buffers_in_the_myoplasm_variable_Tn_max":0.07,"data_set_value_component_calcium_buffers_in_the_myoplasm_variable_CMDN_max":0.05,"data_set_value_component_calcium_buffers_in_the_myoplasm_variable_buffon":1.0,"data_set_value_component_calcium_buffers_in_the_myoplasm_variable_Cai_bufc":0.011072346,"data_set_value_component_calcium_buffers_in_the_JSR_variable_CSQN_max":10.0,"data_set_value_component_calcium_buffers_in_the_JSR_variable_K_mCSQN":0.8,"data_set_value_component_calcium_buffers_in_the_JSR_variable_Ca_JSR_bufc":0.5764955017,"data_set_value_component_Ionic_concentrations_variable_Nai":10.0000009606,"data_set_value_component_Ionic_concentrations_variable_Nao":138.0,"data_set_value_component_Ionic_concentrations_variable_Cai":0.0001999587,"data_set_value_component_Ionic_concentrations_variable_Cao":2.0,"data_set_value_component_Ionic_concentrations_variable_Ki":140.0001850043,"data_set_value_component_Ionic_concentrations_variable_Ko":4.0,"data_set_value_component_Ionic_concentrations_variable_Ca_JSR":2.5000000098,"data_set_value_component_Ionic_concentrations_variable_Ca_NSR":2.5000306983,"data_set_value_component_Ionic_concentrations_variable_preplength":100.0,"data_set_value_component_Ionic_concentrations_variable_radius":11.0,"data_set_value_component_Ionic_concentrations_variable_volume":38013.2711084365,"data_set_value_component_Ionic_concentrations_variable_V_myo":25849.0243537368,"data_set_value_component_Ionic_concentrations_variable_V_JSR":182.4637013205,"data_set_value_component_Ionic_concentrations_variable_V_NSR":2098.3325651857},{"data_set_value_component_environment_variable_time":0.3,"data_set_value_component_cell_variable_V":-86.3178793319,"data_set_value_component_cell_variable_R":8.3143,"data_set_value_component_cell_variable_T":310.15,"data_set_value_component_cell_variable_F":96.4867,"data_set_value_component_cell_variable_FonRT":0.0374170873,"data_set_value_component_cell_variable_Cm":153.4,"data_set_value_component_cell_variable_failing":0.0,"data_set_value_component_cell_variable_dVdt":14.7407877254,"data_set_value_component_cell_variable_I_tot":-14.7407877254,"data_set_value_component_cell_variable_i_Stim":-15.0,"data_set_value_component_cell_variable_stim_offset":0.0,"data_set_value_component_cell_variable_stim_period":1000.0,"data_set_value_component_cell_variable_stim_duration":3.0,"data_set_value_component_cell_variable_stim_amplitude":-15.0,"data_set_value_component_cell_variable_past":0.0,"data_set_value_component_cell_variable_V_clamp":0.0,"data_set_value_component_cell_variable_V_hold":-60.0,"data_set_value_component_cell_variable_V_step":0.0,"data_set_value_component_INa_variable_i_Na":-0.0000045727,"data_set_value_component_INa_variable_E_Na":70.1462532788,"data_set_value_component_INa_variable_g_Na":16.0,"data_set_value_component_INa_m_gate_variable_m":0.0012254801,"data_set_value_component_INa_m_gate_variable_alpha_m":0.2541604305,"data_set_value_component_INa_m_gate_variable_beta_m":204.6602515884,"data_set_value_component_INa_h_gate_variable_h":0.9955004334,"data_set_value_component_INa_h_gate_variable_alpha_h":0.3418509011,"data_set_value_component_INa_h_gate_variable_beta_h":0.0038900009,"data_set_value_component_INa_j_gate_variable_j":0.9969687728,"data_set_value_component_INa_j_gate_variable_alpha_j":0.0711878268,"data_set_value_component_INa_j_gate_variable_beta_j":0.0005170955,"data_set_value_component_ICa_variable_i_Ca":-0.0000000025,"data_set_value_component_ICa_variable_E_Ca":123.0807649129,"data_set_value_component_ICa_variable_g_Ca_max":0.064,"data_set_value_component_ICa_d_gate_variable_d":0.0000000003,"data_set_value_component_ICa_d_gate_variable_alpha_d":0.0000000002,"data_set_value_component_ICa_d_gate_variable_beta_d":0.1470999994,"data_set_value_component_ICa_f_gate_variable_f":0.9213146694,"data_set_value_component_ICa_f_gate_variable_alpha_f":0.0068719981,"data_set_value_component_ICa_f_gate_variable_beta_f":0.0005475571,"data_set_value_component_ICa_f_Ca_gate_variable_f_Ca":0.7500575711,"data_set_value_component_ICa_f_Ca_gate_variable_Km_Ca":0.0006,"data_set_value_component_Ito_variable_i_to":-0.0000857595,"data_set_value_component_Ito_variable_g_to_max":0.3,"data_set_value_component_Ito_variable_E_to":-70.7897940099,"data_set_value_component_Ito_r_gate_variable_r":0.0000184114,"data_set_value_component_Ito_r_gate_variable_alpha_r":0.0000240772,"data_set_value_component_Ito_r_gate_variable_beta_r":0.9743714135,"data_set_value_component_Ito_t_gate_variable_t":0.9998962293,"data_set_value_component_Ito_t_gate_variable_alpha_t":0.0713438831,"data_set_value_component_Ito_t_gate_variable_beta_t":0.000015065,"data_set_value_component_IKs_variable_i_Ks":-0.0000068199,"data_set_value_component_IKs_variable_g_Ks_max":0.02,"data_set_value_component_IKs_variable_E_Ks":-81.9576443648,"data_set_value_component_IKs_Xs_gate_variable_Xs":0.0088433653,"data_set_value_component_IKs_Xs_gate_variable_alpha_Xs":0.0000086473,"data_set_value_component_IKs_Xs_gate_variable_beta_Xs":0.0058021063,"data_set_value_component_IKr_variable_i_Kr":0.0000261266,"data_set_value_component_IKr_variable_g_Kr_max":0.015,"data_set_value_component_IKr_variable_rik":0.9322967192,"data_set_value_component_IKr_variable_E_K":-95.019422939,"data_set_value_component_IKr_Xr_gate_variable_Xr":0.0002147045,"data_set_value_component_IKr_Xr_gate_variable_alpha_Xr":0.0000001486,"data_set_value_component_IKr_Xr_gate_variable_beta_Xr":0.0129171478,"data_set_value_component_IK1_variable_i_K1":0.5446652838,"data_set_value_component_IK1_variable_E_K1":-95.019422939,"data_set_value_component_IK1_variable_g_K1_max":2.5,"data_set_value_component_IK1_K1_gate_variable_K1_infinity":0.0250376397,"data_set_value_component_IK1_K1_gate_variable_alpha_K1":0.0999989644,"data_set_value_component_IK1_K1_gate_variable_beta_K1":3.8939463768,"data_set_value_component_ICab_variable_i_b_Ca":-0.1779888476,"data_set_value_component_ICab_variable_g_b_Ca_max":0.00085,"data_set_value_component_INab_variable_i_b_Na":-0.1564641326,"data_set_value_component_INab_variable_g_b_Na_max":0.001,"data_set_value_component_INaK_variable_i_NaK":0.2289903481,"data_set_value_component_INaK_variable_I_NaK_max":1.3,"data_set_value_component_INaK_variable_f_NaK":0.4844026186,"data_set_value_component_INaK_variable_K_mNai":10.0,"data_set_value_component_INaK_variable_K_mKo":1.5,"data_set_value_component_INaK_variable_sigma":0.9674202753,"data_set_value_component_INaCa_variable_i_NaCa":-0.1799193491,"data_set_value_component_INaCa_variable_K_NaCa":1000.0,"data_set_value_component_INaCa_variable_K_mNa":87.5,"data_set_value_component_INaCa_variable_K_mCa":1.38,"data_set_value_component_INaCa_variable_K_sat":0.1,"data_set_value_component_INaCa_variable_eta":0.35,"data_set_value_component_Irel_variable_i_rel":0.0,"data_set_value_component_Irel_variable_G_rel":0.0,"data_set_value_component_Irel_variable_G_rel_max":22.0,"data_set_value_component_Irel_variable_G_rel_overload":3.0,"data_set_value_component_Irel_variable_K_mrel":0.0008,"data_set_value_component_Irel_variable_delta_Ca_ith":0.000005,"data_set_value_component_Irel_variable_APtrack":-1.18100926e-136,"data_set_value_component_Irel_variable_APtrack2":-6.528519374e-136,"data_set_value_component_Irel_variable_APtrack3":0.0000480591,"data_set_value_component_Irel_variable_Cainfluxtrack":-6.636986462e-138,"data_set_value_component_Irel_variable_OVRLDtrack":0.000001,"data_set_value_component_Irel_variable_OVRLDtrack2":0.000001,"data_set_value_component_Irel_variable_OVRLDtrack3":0.000001,"data_set_value_component_Irel_variable_CSQNthresh":0.7,"data_set_value_component_Irel_variable_Logicthresh":0.98,"data_set_value_component_Iup_variable_i_up":0.0008033688,"data_set_value_component_Iup_variable_I_up_max":0.0045,"data_set_value_component_Iup_variable_K_mup":0.00092,"data_set_value_component_Ileak_variable_i_leak":0.000650012,"data_set_value_component_Ileak_variable_K_leak":0.00026,"data_set_value_component_Itr_variable_i_tr":0.0000002556,"data_set_value_component_Itr_variable_tau_tr":180.0,"data_set_value_component_calcium_buffers_in_the_myoplasm_variable_K_mTn":0.0005,"data_set_value_component_calcium_buffers_in_the_myoplasm_variable_K_mCMDN":0.00238,"data_set_value_component_calcium_buffers_in_the_myoplasm_variable_Tn_max":0.07,"data_set_value_component_calcium_buffers_in_the_myoplasm_variable_CMDN_max":0.05,"data_set_value_component_calcium_buffers_in_the_myoplasm_variable_buffon":1.0,"data_set_value_component_calcium_buffers_in_the_myoplasm_variable_Cai_bufc":0.0110718078,"data_set_value_component_calcium_buffers_in_the_JSR_variable_CSQN_max":10.0,"data_set_value_component_calcium_buffers_in_the_JSR_variable_K_mCSQN":0.8,"data_set_value_component_calcium_buffers_in_the_JSR_variable_Ca_JSR_bufc":0.5764955035,"data_set_value_component_Ionic_concentrations_variable_Nai":10.000001123,"data_set_value_component_Ionic_concentrations_variable_Nao":138.0,"data_set_value_component_Ionic_concentrations_variable_Cai":0.0001999386,"data_set_value_component_Ionic_concentrations_variable_Cao":2.0,"data_set_value_component_Ionic_concentrations_variable_Ki":140.0002769165,"data_set_value_component_Ionic_concentrations_variable_Ko":4.0,"data_set_value_component_Ionic_concentrations_variable_Ca_JSR":2.5000000221,"data_set_value_component_Ionic_concentrations_variable_Ca_NSR":2.5000460357,"data_set_value_component_Ionic_concentrations_variable_preplength":100.0,"data_set_value_component_Ionic_concentrations_variable_radius":11.0,"data_set_value_component_Ionic_concentrations_variable_volume":38013.2711084365,"data_set_value_component_Ionic_concentrations_variable_V_myo":25849.0243537368,"data_set_value_component_Ionic_concentrations_variable_V_JSR":182.4637013205,"data_set_value_component_Ionic_concentrations_variable_V_NSR":2098.3325651857},{"data_set_value_component_environment_variable_time":0.4,"data_set_value_component_cell_variable_V":-84.8478372438,"data_set_value_component_cell_variable_R":8.3143,"data_set_value_component_cell_variable_T":310.15,"data_set_value_component_cell_variable_F":96.4867,"data_set_value_component_cell_variable_FonRT":0.0374170873,"data_set_value_component_cell_variable_Cm":153.4,"data_set_value_component_cell_variable_failing":0.0,"data_set_value_component_cell_variable_dVdt":14.6604624316,"data_set_value_component_cell_variable_I_tot":-14.6604624316,"data_set_value_component_cell_variable_i_Stim":-15.0,"data_set_value_component_cell_variable_stim_offset":0.0,"data_set_value_component_cell_variable_stim_period":1000.0,"data_set_value_component_cell_variable_stim_duration":3.0,"data_set_value_component_cell_variable_stim_amplitude":-15.0,"data_set_value_component_cell_variable_past":0.0,"data_set_value_component_cell_variable_V_clamp":0.0,"data_set_value_component_cell_variable_V_hold":-60.0,"data_set_value_component_cell_variable_V_step":0.0,"data_set_value_component_INa_variable_i_Na":-0.0000094097,"data_set_value_component_INa_variable_E_Na":70.1462534066,"data_set_value_component_INa_variable_g_Na":16.0,"data_set_value_component_INa_m_gate_variable_m":0.0015638066,"data_set_value_component_INa_m_gate_variable_alpha_m":0.2842773248,"data_set_value_component_INa_m_gate_variable_beta_m":179.0582380447,"data_set_value_component_INa_h_gate_variable_h":0.9952319885,"data_set_value_component_INa_h_gate_variable_alpha_h":0.2753910314,"data_set_value_component_INa_h_gate_variable_beta_h":0.0043690503,"data_set_value_component_INa_j_gate_variable_j":0.996932437,"data_set_value_component_INa_j_gate_variable_alpha_j":0.0629871806,"data_set_value_component_INa_j_gate_variable_beta_j":0.0006232503,"data_set_value_component_ICa_variable_i_Ca":-0.0000000027,"data_set_value_component_ICa_variable_E_Ca":123.0820890704,"data_set_value_component_ICa_variable_g_Ca_max":0.064,"data_set_value_component_ICa_d_gate_variable_d":0.0000000003,"data_set_value_component_ICa_d_gate_variable_alpha_d":0.0000000004,"data_set_value_component_ICa_d_gate_variable_beta_d":0.1470999988,"data_set_value_component_ICa_f_gate_variable_f":0.9213182914,"data_set_value_component_ICa_f_gate_variable_alpha_f":0.0068719976,"data_set_value_component_ICa_f_gate_variable_beta_f":0.0005476016,"data_set_value_component_ICa_f_Ca_gate_variable_f_Ca":0.7500761476,"data_set_value_component_ICa_f_Ca_gate_variable_Km_Ca":0.0006,"data_set_value_component_Ito_variable_i_to":-0.0000806905,"data_set_value_component_Ito_variable_g_to_max":0.3,"data_set_value_component_Ito_variable_E_to":-70.7898114332,"data_set_value_component_Ito_r_gate_variable_r":0.0000191347,"data_set_value_component_Ito_r_gate_variable_alpha_r":0.0000269906,"data_set_value_component_Ito_r_gate_variable_beta_r":0.9749426311,"data_set_value_component_Ito_t_gate_variable_t":0.999895267,"data_set_value_component_Ito_t_gate_variable_alpha_t":0.071362196,"data_set_value_component_Ito_t_gate_variable_beta_t":0.0000191213,"data_set_value_component_IKs_variable_i_Ks":-0.0000045162,"data_set_value_component_IKs_variable_g_Ks_max":0.02,"data_set_value_component_IKs_variable_E_Ks":-81.957661819,"data_set_value_component_IKs_Xs_gate_variable_Xs":0.0088391414,"data_set_value_component_IKs_Xs_gate_variable_alpha_Xs":0.0000095793,"data_set_value_component_IKs_Xs_gate_variable_beta_Xs":0.0057955788,"data_set_value_component_IKr_variable_i_Kr":0.000030368,"data_set_value_component_IKr_variable_g_Kr_max":0.015,"data_set_value_component_IKr_variable_rik":0.928149258,"data_set_value_component_IKr_variable_E_K":-95.0194404162,"data_set_value_component_IKr_Xr_gate_variable_Xr":0.0002144461,"data_set_value_component_IKr_Xr_gate_variable_alpha_Xr":0.0000001791,"data_set_value_component_IKr_Xr_gate_variable_beta_Xr":0.0126912616,"data_set_value_component_IK1_variable_i_K1":0.6114079622,"data_set_value_component_IK1_variable_E_K1":-95.0194404162,"data_set_value_component_IK1_variable_g_K1_max":2.5,"data_set_value_component_IK1_K1_gate_variable_K1_infinity":0.0240437206,"data_set_value_component_IK1_K1_gate_variable_alpha_K1":0.0999988689,"data_set_value_component_IK1_K1_gate_variable_beta_K1":4.0590441712,"data_set_value_component_ICab_variable_i_b_Ca":-0.1767404374,"data_set_value_component_ICab_variable_g_b_Ca_max":0.00085,"data_set_value_component_INab_variable_i_b_Na":-0.1549940907,"data_set_value_component_INab_variable_g_b_Na_max":0.001,"data_set_value_component_INaK_variable_i_NaK":0.234523508,"data_set_value_component_INaK_variable_I_NaK_max":1.3,"data_set_value_component_INaK_variable_f_NaK":0.4961073808,"data_set_value_component_INaK_variable_K_mNai":10.0,"data_set_value_component_INaK_variable_K_mKo":1.5,"data_set_value_component_INaK_variable_sigma":0.9674202753,"data_set_value_component_INaCa_variable_i_NaCa":-0.1745951228,"data_set_value_component_INaCa_variable_K_NaCa":1000.0,"data_set_value_component_INaCa_variable_K_mNa":87.5,"data_set_value_component_INaCa_variable_K_mCa":1.38,"data_set_value_component_INaCa_variable_K_sat":0.1,"data_set_value_component_INaCa_variable_eta":0.35,"data_set_value_component_Irel_variable_i_rel":0.0,"data_set_value_component_Irel_variable_G_rel":0.0,"data_set_value_component_Irel_variable_G_rel_max":22.0,"data_set_value_component_Irel_variable_G_rel_overload":3.0,"data_set_value_component_Irel_variable_K_mrel":0.0008,"data_set_value_component_Irel_variable_delta_Ca_ith":0.000005,"data_set_value_component_Irel_variable_APtrack":-1.12340301e-136,"data_set_value_component_Irel_variable_APtrack2":-6.210076892e-136,"data_set_value_component_Irel_variable_APtrack3":0.0000480111,"data_set_value_component_Irel_variable_Cainfluxtrack":-6.313253266e-138,"data_set_value_component_Irel_variable_OVRLDtrack":0.000001,"data_set_value_component_Irel_variable_OVRLDtrack2":0.000001,"data_set_value_component_Irel_variable_OVRLDtrack3":0.000001,"data_set_value_component_Irel_variable_CSQNthresh":0.7,"data_set_value_component_Irel_variable_Logicthresh":0.98,"data_set_value_component_Iup_variable_i_up":0.0008033034,"data_set_value_component_Iup_variable_I_up_max":0.0045,"data_set_value_component_Iup_variable_K_mup":0.00092,"data_set_value_component_Ileak_variable_i_leak":0.000650016,"data_set_value_component_Ileak_variable_K_leak":0.00026,"data_set_value_component_Itr_variable_i_tr":0.0000003407,"data_set_value_component_Itr_variable_tau_tr":180.0,"data_set_value_component_calcium_buffers_in_the_myoplasm_variable_K_mTn":0.0005,"data_set_value_component_calcium_buffers_in_the_myoplasm_variable_K_mCMDN":0.00238,"data_set_value_component_calcium_buffers_in_the_myoplasm_variable_Tn_max":0.07,"data_set_value_component_calcium_buffers_in_the_myoplasm_variable_CMDN_max":0.05,"data_set_value_component_calcium_buffers_in_the_myoplasm_variable_buffon":1.0,"data_set_value_component_calcium_buffers_in_the_myoplasm_variable_Cai_bufc":0.0110712784,"data_set_value_component_calcium_buffers_in_the_JSR_variable_CSQN_max":10.0,"data_set_value_component_calcium_buffers_in_the_JSR_variable_K_mCSQN":0.8,"data_set_value_component_calcium_buffers_in_the_JSR_variable_Ca_JSR_bufc":0.5764955061,"data_set_value_component_Ionic_concentrations_variable_Nai":10.0000010752,"data_set_value_component_Ionic_concentrations_variable_Nao":138.0,"data_set_value_component_Ionic_concentrations_variable_Cai":0.0001999188,"data_set_value_component_Ionic_concentrations_variable_Cao":2.0,"data_set_value_component_Ionic_concentrations_variable_Ki":140.0003684695,"data_set_value_component_Ionic_concentrations_variable_Ko":4.0,"data_set_value_component_Ionic_concentrations_variable_Ca_JSR":2.5000000393,"data_set_value_component_Ionic_concentrations_variable_Ca_NSR":2.5000613653,"data_set_value_component_Ionic_concentrations_variable_preplength":100.0,"data_set_value_component_Ionic_concentrations_variable_radius":11.0,"data_set_value_component_Ionic_concentrations_variable_volume":38013.2711084365,"data_set_value_component_Ionic_concentrations_variable_V_myo":25849.0243537368,"data_set_value_component_Ionic_concentrations_variable_V_JSR":182.4637013205,"data_set_value_component_Ionic_concentrations_variable_V_NSR":2098.3325651857},{"data_set_value_component_environment_variable_time":0.5,"data_set_value_component_cell_variable_V":-83.3854807725,"data_set_value_component_cell_variable_R":8.3143,"data_set_value_component_cell_variable_T":310.15,"data_set_value_component_cell_variable_F":96.4867,"data_set_value_component_cell_variable_FonRT":0.0374170873,"data_set_value_component_cell_variable_Cm":153.4,"data_set_value_component_cell_variable_failing":0.0,"data_set_value_component_cell_variable_dVdt":14.5871006982,"data_set_value_component_cell_variable_I_tot":-14.5871006982,"data_set_value_component_cell_variable_i_Stim":-15.0,"data_set_value_component_cell_variable_stim_offset":0.0,"data_set_value_component_cell_variable_stim_period":1000.0,"data_set_value_component_cell_variable_stim_duration":3.0,"data_set_value_component_cell_variable_stim_amplitude":-15.0,"data_set_value_component_cell_variable_past":0.0,"data_set_value_component_cell_variable_V_clamp":0.0,"data_set_value_component_cell_variable_V_hold":-60.0,"data_set_value_component_cell_variable_V_step":0.0,"data_set_value_component_INa_variable_i_Na":-0.0000192092,"data_set_value_component_INa_variable_E_Na":70.1462540916,"data_set_value_component_INa_variable_g_Na":16.0,"data_set_value_component_INa_m_gate_variable_m":0.0019903227,"data_set_value_component_INa_m_gate_variable_alpha_m":0.31746231,"data_set_value_component_INa_m_gate_variable_beta_m":156.7684079545,"data_set_value_component_INa_h_gate_variable_h":0.9948930694,"data_set_value_component_INa_h_gate_variable_alpha_h":0.2221026357,"data_set_value_component_INa_h_gate_variable_beta_h":0.0049041226,"data_set_value_component_INa_j_gate_variable_j":0.996882267,"data_set_value_component_INa_j_gate_variable_alpha_j":0.0550077786,"data_set_value_component_INa_j_gate_variable_beta_j":0.0007504003,"data_set_value_component_ICa_variable_i_Ca":-0.0000000031,"data_set_value_component_ICa_variable_E_Ca":123.0833915193,"data_set_value_component_ICa_variable_g_Ca_max":0.064,"data_set_value_component_ICa_d_gate_variable_d":0.0000000003,"data_set_value_component_ICa_d_gate_variable_alpha_d":0.0000000007,"data_set_value_component_ICa_d_gate_variable_beta_d":0.1470999979,"data_set_value_component_ICa_f_gate_variable_f":0.9213219059,"data_set_value_component_ICa_f_gate_variable_alpha_f":0.0068719969,"data_set_value_component_ICa_f_gate_variable_beta_f":0.0005476585,"data_set_value_component_ICa_f_Ca_gate_variable_f_Ca":0.7500944186,"data_set_value_component_ICa_f_Ca_gate_variable_Km_Ca":0.0006,"data_set_value_component_Ito_variable_i_to":-0.000075881,"data_set_value_component_Ito_variable_g_to_max":0.3,"data_set_value_component_Ito_variable_E_to":-70.7898287936,"data_set_value_component_Ito_r_gate_variable_r":0.0000200834,"data_set_value_component_Ito_r_gate_variable_alpha_r":0.0000302384,"data_set_value_component_Ito_r_gate_variable_beta_r":0.9755107819,"data_set_value_component_Ito_t_gate_variable_t":0.9998938551,"data_set_value_component_Ito_t_gate_variable_alpha_t":0.0713796548,"data_set_value_component_Ito_t_gate_variable_beta_t":0.000024239,"data_set_value_component_IKs_variable_i_Ks":-0.000002229,"data_set_value_component_IKs_variable_g_Ks_max":0.02,"data_set_value_component_IKs_variable_E_Ks":-81.9576792112,"data_set_value_component_IKs_Xs_gate_variable_Xs":0.008835023,"data_set_value_component_IKs_Xs_gate_variable_alpha_Xs":0.0000106059,"data_set_value_component_IKs_Xs_gate_variable_beta_Xs":0.0057884716,"data_set_value_component_IKr_variable_i_Kr":0.0000345307,"data_set_value_component_IKr_variable_g_Kr_max":0.015,"data_set_value_component_IKr_variable_rik":0.9237920288,"data_set_value_component_IKr_variable_E_K":-95.0194578321,"data_set_value_component_IKr_Xr_gate_variable_Xr":0.0002141964,"data_set_value_component_IKr_Xr_gate_variable_alpha_Xr":0.0000002155,"data_set_value_component_IKr_Xr_gate_variable_beta_Xr":0.0124460879,"data_set_value_component_IK1_variable_i_K1":0.671290306,"data_set_value_component_IK1_variable_E_K1":-95.0194578321,"data_set_value_component_IK1_variable_g_K1_max":2.5,"data_set_value_component_IK1_K1_gate_variable_K1_infinity":0.023080338,"data_set_value_component_IK1_K1_gate_variable_alpha_K1":0.0999987651,"data_set_value_component_IK1_K1_gate_variable_beta_K1":4.2326399207,"data_set_value_component_ICab_variable_i_b_Ca":-0.1754985414,"data_set_value_component_ICab_variable_g_b_Ca_max":0.00085,"data_set_value_component_INab_variable_i_b_Na":-0.1535317349,"data_set_value_component_INab_variable_g_b_Na_max":0.001,"data_set_value_component_INaK_variable_i_NaK":0.2399895212,"data_set_value_component_INaK_variable_I_NaK_max":1.3,"data_set_value_component_INaK_variable_f_NaK":0.5076701099,"data_set_value_component_INaK_variable_K_mNai":10.0,"data_set_value_component_INaK_variable_K_mKo":1.5,"data_set_value_component_INaK_variable_sigma":0.9674202753,"data_set_value_component_INaCa_variable_i_NaCa":-0.1692874575,"data_set_value_component_INaCa_variable_K_NaCa":1000.0,"data_set_value_component_INaCa_variable_K_mNa":87.5,"data_set_value_component_INaCa_variable_K_mCa":1.38,"data_set_value_component_INaCa_variable_K_sat":0.1,"data_set_value_component_INaCa_variable_eta":0.35,"data_set_value_component_Irel_variable_i_rel":0.0,"data_set_value_component_Irel_variable_G_rel":0.0,"data_set_value_component_Irel_variable_G_rel_max":22.0,"data_set_value_component_Irel_variable_G_rel_overload":3.0,"data_set_value_component_Irel_variable_K_mrel":0.0008,"data_set_value_component_Irel_variable_delta_Ca_ith":0.000005,"data_set_value_component_Irel_variable_APtrack":-1.068606278e-136,"data_set_value_component_Irel_variable_APtrack2":-5.907165188e-136,"data_set_value_component_Irel_variable_APtrack3":0.0000479631,"data_set_value_component_Irel_variable_Cainfluxtrack":-6.005308881e-138,"data_set_value_component_Irel_variable_OVRLDtrack":0.000001,"data_set_value_component_Irel_variable_OVRLDtrack2":0.000001,"data_set_value_component_Irel_variable_OVRLDtrack3":0.000001,"data_set_value_component_Irel_variable_CSQNthresh":0.7,"data_set_value_component_Irel_variable_Logicthresh":0.98,"data_set_value_component_Iup_variable_i_up":0.000803239,"data_set_value_component_Iup_variable_I_up_max":0.0045,"data_set_value_component_Iup_variable_K_mup":0.00092,"data_set_value_component_Ileak_variable_i_leak":0.0006500199,"data_set_value_component_Ileak_variable_K_leak":0.00026,"data_set_value_component_Itr_variable_i_tr":0.0000004257,"data_set_value_component_Itr_variable_tau_tr":180.0,"data_set_value_component_calcium_buffers_in_the_myoplasm_variable_K_mTn":0.0005,"data_set_value_component_calcium_buffers_in_the_myoplasm_variable_K_mCMDN":0.00238,"data_set_value_component_calcium_buffers_in_the_myoplasm_variable_Tn_max":0.07,"data_set_value_component_calcium_buffers_in_the_myoplasm_variable_CMDN_max":0.05,"data_set_value_component_calcium_buffers_in_the_myoplasm_variable_buffon":1.0,"data_set_value_component_calcium_buffers_in_the_myoplasm_variable_Cai_bufc":0.0110707577,"data_set_value_component_calcium_buffers_in_the_JSR_variable_CSQN_max":10.0,"data_set_value_component_calcium_buffers_in_the_JSR_variable_K_mCSQN":0.8,"data_set_value_component_calcium_buffers_in_the_JSR_variable_Ca_JSR_bufc":0.5764955093,"data_set_value_component_Ionic_concentrations_variable_Nai":10.0000008188,"data_set_value_component_Ionic_concentrations_variable_Nao":138.0,"data_set_value_component_Ionic_concentrations_variable_Cai":0.0001998993,"data_set_value_component_Ionic_concentrations_variable_Cao":2.0,"data_set_value_component_Ionic_concentrations_variable_Ki":140.0004597006,"data_set_value_component_Ionic_concentrations_variable_Ko":4.0,"data_set_value_component_Ionic_concentrations_variable_Ca_JSR":2.5000000614,"data_set_value_component_Ionic_concentrations_variable_Ca_NSR":2.5000766873,"data_set_value_component_Ionic_concentrations_variable_preplength":100.0,"data_set_value_component_Ionic_concentrations_variable_radius":11.0,"data_set_value_component_Ionic_concentrations_variable_volume":38013.2711084365,"data_set_value_component_Ionic_concentrations_variable_V_myo":25849.0243537368,"data_set_value_component_Ionic_concentrations_variable_V_JSR":182.4637013205,"data_set_value_component_Ionic_concentrations_variable_V_NSR":2098.3325651857},{"data_set_value_component_environment_variable_time":0.6,"data_set_value_component_cell_variable_V":-81.9300679782,"data_set_value_component_cell_variable_R":8.3143,"data_set_value_component_cell_variable_T":310.15,"data_set_value_component_cell_variable_F":96.4867,"data_set_value_component_cell_variable_FonRT":0.0374170873,"data_set_value_component_cell_variable_Cm":153.4,"data_set_value_component_cell_variable_failing":0.0,"data_set_value_component_cell_variable_dVdt":14.5217390804,"data_set_value_component_cell_variable_I_tot":-14.5217390804,"data_set_value_component_cell_variable_i_Stim":-15.0,"data_set_value_component_cell_variable_stim_offset":0.0,"data_set_value_component_cell_variable_stim_period":1000.0,"data_set_value_component_cell_variable_stim_duration":3.0,"data_set_value_component_cell_variable_stim_amplitude":-15.0,"data_set_value_component_cell_variable_past":0.0,"data_set_value_component_cell_variable_V_clamp":0.0,"data_set_value_component_cell_variable_V_hold":-60.0,"data_set_value_component_cell_variable_V_step":0.0,"data_set_value_component_INa_variable_i_Na":-0.0000389142,"data_set_value_component_INa_variable_E_Na":70.1462553296,"data_set_value_component_INa_variable_g_Na":16.0,"data_set_value_component_INa_m_gate_variable_m":0.0025268028,"data_set_value_component_INa_m_gate_variable_alpha_m":0.3539746352,"data_set_value_component_INa_m_gate_variable_beta_m":137.3399657356,"data_set_value_component_INa_h_gate_variable_h":0.9944818754,"data_set_value_component_INa_h_gate_variable_alpha_h":0.179308593,"data_set_value_component_INa_h_gate_variable_beta_h":0.0055017173,"data_set_value_component_INa_j_gate_variable_j":0.996816071,"data_set_value_component_INa_j_gate_variable_alpha_j":0.047261925,"data_set_value_component_INa_j_gate_variable_beta_j":0.0009026004,"data_set_value_component_ICa_variable_i_Ca":-0.0000000039,"data_set_value_component_ICa_variable_E_Ca":123.0846723225,"data_set_value_component_ICa_variable_g_Ca_max":0.064,"data_set_value_component_ICa_d_gate_variable_d":0.0000000004,"data_set_value_component_ICa_d_gate_variable_alpha_d":0.0000000012,"data_set_value_component_ICa_d_gate_variable_beta_d":0.1470999963,"data_set_value_component_ICa_f_gate_variable_f":0.9213255119,"data_set_value_component_ICa_f_gate_variable_alpha_f":0.0068719961,"data_set_value_component_ICa_f_gate_variable_beta_f":0.000547731,"data_set_value_component_ICa_f_Ca_gate_variable_f_Ca":0.7501123851,"data_set_value_component_ICa_f_Ca_gate_variable_Km_Ca":0.0006,"data_set_value_component_Ito_variable_i_to":-0.0000710781,"data_set_value_component_Ito_variable_g_to_max":0.3,"data_set_value_component_Ito_variable_E_to":-70.7898460994,"data_set_value_component_Ito_r_gate_variable_r":0.00002127,"data_set_value_component_Ito_r_gate_variable_alpha_r":0.0000338587,"data_set_value_component_Ito_r_gate_variable_beta_r":0.976076066,"data_set_value_component_Ito_t_gate_variable_t":0.9998918789,"data_set_value_component_Ito_t_gate_variable_alpha_t":0.0713960628,"data_set_value_component_Ito_t_gate_variable_beta_t":0.000030691,"data_set_value_component_IKs_variable_i_Ks":0.0000000431,"data_set_value_component_IKs_variable_g_Ks_max":0.02,"data_set_value_component_IKs_variable_E_Ks":-81.9576965496,"data_set_value_component_IKs_Xs_gate_variable_Xs":0.0088310203,"data_set_value_component_IKs_Xs_gate_variable_alpha_Xs":0.0000117363,"data_set_value_component_IKs_Xs_gate_variable_beta_Xs":0.0057807348,"data_set_value_component_IKr_variable_i_Kr":0.0000386148,"data_set_value_component_IKr_variable_g_Kr_max":0.015,"data_set_value_component_IKr_variable_rik":0.919215991,"data_set_value_component_IKr_variable_E_K":-95.0194751948,"data_set_value_component_IKr_Xr_gate_variable_Xr":0.0002139565,"data_set_value_component_IKr_Xr_gate_variable_alpha_Xr":0.0000002592,"data_set_value_component_IKr_Xr_gate_variable_beta_Xr":0.0121814094,"data_set_value_component_IK1_variable_i_K1":0.7232823947,"data_set_value_component_IK1_variable_E_K1":-95.0194751948,"data_set_value_component_IK1_variable_g_K1_max":2.5,"data_set_value_component_IK1_K1_gate_variable_K1_infinity":0.0221028312,"data_set_value_component_IK1_K1_gate_variable_alpha_K1":0.0999986525,"data_set_value_component_IK1_K1_gate_variable_beta_K1":4.4242476617,"data_set_value_component_ICab_variable_i_b_Ca":-0.1742625293,"data_set_value_component_ICab_variable_g_b_Ca_max":0.00085,"data_set_value_component_INab_variable_i_b_Na":-0.1520763233,"data_set_value_component_INab_variable_g_b_Na_max":0.001,"data_set_value_component_INaK_variable_i_NaK":0.2453846422,"data_set_value_component_INaK_variable_I_NaK_max":1.3,"data_set_value_component_INaK_variable_f_NaK":0.5190828831,"data_set_value_component_INaK_variable_K_mNai":10.0,"data_set_value_component_INaK_variable_K_mKo":1.5,"data_set_value_component_INaK_variable_sigma":0.9674202753,"data_set_value_component_INaCa_variable_i_NaCa":-0.1639959265,"data_set_value_component_INaCa_variable_K_NaCa":1000.0,"data_set_value_component_INaCa_variable_K_mNa":87.5,"data_set_value_component_INaCa_variable_K_mCa":1.38,"data_set_value_component_INaCa_variable_K_sat":0.1,"data_set_value_component_INaCa_variable_eta":0.35,"data_set_value_component_Irel_variable_i_rel":0.0,"data_set_value_component_Irel_variable_G_rel":0.0,"data_set_value_component_Irel_variable_G_rel_max":22.0,"data_set_value_component_Irel_variable_G_rel_overload":3.0,"data_set_value_component_Irel_variable_K_mrel":0.0008,"data_set_value_component_Irel_variable_delta_Ca_ith":0.000005,"data_set_value_component_Irel_variable_APtrack":-1.016483277e-136,"data_set_value_component_Irel_variable_APtrack2":-5.619033645e-136,"data_set_value_component_Irel_variable_APtrack3":0.0000479152,"data_set_value_component_Irel_variable_Cainfluxtrack":-5.712390222e-138,"data_set_value_component_Irel_variable_OVRLDtrack":0.000001,"data_set_value_component_Irel_variable_OVRLDtrack2":0.000001,"data_set_value_component_Irel_variable_OVRLDtrack3":0.000001,"data_set_value_component_Irel_variable_CSQNthresh":0.7,"data_set_value_component_Irel_variable_Logicthresh":0.98,"data_set_value_component_Iup_variable_i_up":0.0008031758,"data_set_value_component_Iup_variable_I_up_max":0.0045,"data_set_value_component_Iup_variable_K_mup":0.00092,"data_set_value_component_Ileak_variable_i_leak":0.0006500239,"data_set_value_component_Ileak_variable_K_leak":0.00026,"data_set_value_component_Itr_variable_i_tr":0.0000005106,"data_set_value_component_Itr_variable_tau_tr":180.0,"data_set_value_component_calcium_buffers_in_the_myoplasm_variable_K_mTn":0.0005,"data_set_value_component_calcium_buffers_in_the_myoplasm_variable_K_mCMDN":0.00238,"data_set_value_component_calcium_buffers_in_the_myoplasm_variable_Tn_max":0.07,"data_set_value_component_calcium_buffers_in_the_myoplasm_variable_CMDN_max":0.05,"data_set_value_component_calcium_buffers_in_the_myoplasm_variable_buffon":1.0,"data_set_value_component_calcium_buffers_in_the_myoplasm_variable_Cai_bufc":0.0110702457,"data_set_value_component_calcium_buffers_in_the_JSR_variable_CSQN_max":10.0,"data_set_value_component_calcium_buffers_in_the_JSR_variable_K_mCSQN":0.8,"data_set_value_component_calcium_buffers_in_the_JSR_variable_Ca_JSR_bufc":0.5764955133,"data_set_value_component_Ionic_concentrations_variable_Nai":10.0000003556,"data_set_value_component_Ionic_concentrations_variable_Nao":138.0,"data_set_value_component_Ionic_concentrations_variable_Cai":0.0001998801,"data_set_value_component_Ionic_concentrations_variable_Cao":2.0,"data_set_value_component_Ionic_concentrations_variable_Ki":140.0005506539,"data_set_value_component_Ionic_concentrations_variable_Ko":4.0,"data_set_value_component_Ionic_concentrations_variable_Ca_JSR":2.5000000884,"data_set_value_component_Ionic_concentrations_variable_Ca_NSR":2.5000920017,"data_set_value_component_Ionic_concentrations_variable_preplength":100.0,"data_set_value_component_Ionic_concentrations_variable_radius":11.0,"data_set_value_component_Ionic_concentrations_variable_volume":38013.2711084365,"data_set_value_component_Ionic_concentrations_variable_V_myo":25849.0243537368,"data_set_value_component_Ionic_concentrations_variable_V_JSR":182.4637013205,"data_set_value_component_Ionic_concentrations_variable_V_NSR":2098.3325651857},{"data_set_value_component_environment_variable_time":0.7,"data_set_value_component_cell_variable_V":-80.4807794624,"data_set_value_component_cell_variable_R":8.3143,"data_set_value_component_cell_variable_T":310.15,"data_set_value_component_cell_variable_F":96.4867,"data_set_value_component_cell_variable_FonRT":0.0374170873,"data_set_value_component_cell_variable_Cm":153.4,"data_set_value_component_cell_variable_failing":0.0,"data_set_value_component_cell_variable_dVdt":14.4650831597,"data_set_value_component_cell_variable_I_tot":-14.4650831597,"data_set_value_component_cell_variable_i_Stim":-15.0,"data_set_value_component_cell_variable_stim_offset":0.0,"data_set_value_component_cell_variable_stim_period":1000.0,"data_set_value_component_cell_variable_stim_duration":3.0,"data_set_value_component_cell_variable_stim_amplitude":-15.0,"data_set_value_component_cell_variable_past":0.0,"data_set_value_component_cell_variable_V_clamp":0.0,"data_set_value_component_cell_variable_V_hold":-60.0,"data_set_value_component_cell_variable_V_step":0.0,"data_set_value_component_INa_variable_i_Na":-0.0000782567,"data_set_value_component_INa_variable_E_Na":70.1462571159,"data_set_value_component_INa_variable_g_Na":16.0,"data_set_value_component_INa_m_gate_variable_m":0.0032002127,"data_set_value_component_INa_m_gate_variable_alpha_m":0.3940924683,"data_set_value_component_INa_m_gate_variable_beta_m":120.3863136331,"data_set_value_component_INa_h_gate_variable_h":0.9939949747,"data_set_value_component_INa_h_gate_variable_alpha_h":0.1448904067,"data_set_value_component_INa_h_gate_variable_beta_h":0.0061691657,"data_set_value_component_INa_j_gate_variable_j":0.9967312526,"data_set_value_component_INa_j_gate_variable_alpha_j":0.039875565,"data_set_value_component_INa_j_gate_variable_beta_j":0.0010846909,"data_set_value_component_ICa_variable_i_Ca":-0.0000000052,"data_set_value_component_ICa_variable_E_Ca":123.085931541,"data_set_value_component_ICa_variable_g_Ca_max":0.064,"data_set_value_component_ICa_d_gate_variable_d":0.0000000006,"data_set_value_component_ICa_d_gate_variable_alpha_d":0.000000002,"data_set_value_component_ICa_d_gate_variable_beta_d":0.1470999934,"data_set_value_component_ICa_f_gate_variable_f":0.9213291077,"data_set_value_component_ICa_f_gate_variable_alpha_f":0.0068719951,"data_set_value_component_ICa_f_gate_variable_beta_f":0.0005478233,"data_set_value_component_ICa_f_Ca_gate_variable_f_Ca":0.750130048,"data_set_value_component_ICa_f_Ca_gate_variable_Km_Ca":0.0006,"data_set_value_component_Ito_variable_i_to":-0.0000660155,"data_set_value_component_Ito_variable_g_to_max":0.3,"data_set_value_component_Ito_variable_E_to":-70.78986336,"data_set_value_component_Ito_r_gate_variable_r":0.0000227095,"data_set_value_component_Ito_r_gate_variable_alpha_r":0.0000378944,"data_set_value_component_Ito_r_gate_variable_beta_r":0.9766386961,"data_set_value_component_Ito_t_gate_variable_t":0.999889196,"data_set_value_component_Ito_t_gate_variable_alpha_t":0.0714111664,"data_set_value_component_Ito_t_gate_variable_beta_t":0.0000388205,"data_set_value_component_IKs_variable_i_Ks":0.0000023016,"data_set_value_component_IKs_variable_g_Ks_max":0.02,"data_set_value_component_IKs_variable_E_Ks":-81.9577138437,"data_set_value_component_IKs_Xs_gate_variable_Xs":0.0088271444,"data_set_value_component_IKs_Xs_gate_variable_alpha_Xs":0.0000129812,"data_set_value_component_IKs_Xs_gate_variable_beta_Xs":0.0057723133,"data_set_value_component_IKr_variable_i_Kr":0.0000426206,"data_set_value_component_IKr_variable_g_Kr_max":0.015,"data_set_value_component_IKr_variable_rik":0.9144114829,"data_set_value_component_IKr_variable_E_K":-95.0194925139,"data_set_value_component_IKr_Xr_gate_variable_Xr":0.0002137275,"data_set_value_component_IKr_Xr_gate_variable_alpha_Xr":0.0000003114,"data_set_value_component_IKr_Xr_gate_variable_beta_Xr":0.0118971885,"data_set_value_component_IK1_variable_i_K1":0.7666888541,"data_set_value_component_IK1_variable_E_K1":-95.0194925139,"data_set_value_component_IK1_variable_g_K1_max":2.5,"data_set_value_component_IK1_K1_gate_variable_K1_infinity":0.02109372,"data_set_value_component_IK1_K1_gate_variable_alpha_K1":0.09999853,"data_set_value_component_IK1_K1_gate_variable_beta_K1":4.640679276,"data_set_value_component_ICab_variable_i_b_Ca":-0.1730317044,"data_set_value_component_ICab_variable_g_b_Ca_max":0.00085,"data_set_value_component_INab_variable_i_b_Na":-0.1506270366,"data_set_value_component_INab_variable_g_b_Na_max":0.001,"data_set_value_component_INaK_variable_i_NaK":0.2507057795,"data_set_value_component_INaK_variable_I_NaK_max":1.3,"data_set_value_component_INaK_variable_f_NaK":0.5303391614,"data_set_value_component_INaK_variable_K_mNai":10.0,"data_set_value_component_INaK_variable_K_mKo":1.5,"data_set_value_component_INaK_variable_sigma":0.9674202753,"data_set_value_component_INaCa_variable_i_NaCa":-0.1587196972,"data_set_value_component_INaCa_variable_K_NaCa":1000.0,"data_set_value_component_INaCa_variable_K_mNa":87.5,"data_set_value_component_INaCa_variable_K_mCa":1.38,"data_set_value_component_INaCa_variable_K_sat":0.1,"data_set_value_component_INaCa_variable_eta":0.35,"data_set_value_component_Irel_variable_i_rel":0.0,"data_set_value_component_Irel_variable_G_rel":0.0,"data_set_value_component_Irel_variable_G_rel_max":22.0,"data_set_value_component_Irel_variable_G_rel_overload":3.0,"data_set_value_component_Irel_variable_K_mrel":0.0008,"data_set_value_component_Irel_variable_delta_Ca_ith":0.000005,"data_set_value_component_Irel_variable_APtrack":-9.669057799e-137,"data_set_value_component_Irel_variable_APtrack2":-5.344973431e-136,"data_set_value_component_Irel_variable_APtrack3":0.0000478673,"data_set_value_component_Irel_variable_Cainfluxtrack":-5.433776675e-138,"data_set_value_component_Irel_variable_OVRLDtrack":0.000001,"data_set_value_component_Irel_variable_OVRLDtrack2":0.000001,"data_set_value_component_Irel_variable_OVRLDtrack3":0.000001,"data_set_value_component_Irel_variable_CSQNthresh":0.7,"data_set_value_component_Irel_variable_Logicthresh":0.98,"data_set_value_component_Iup_variable_i_up":0.0008031136,"data_set_value_component_Iup_variable_I_up_max":0.0045,"data_set_value_component_Iup_variable_K_mup":0.00092,"data_set_value_component_Ileak_variable_i_leak":0.0006500279,"data_set_value_component_Ileak_variable_K_leak":0.00026,"data_set_value_component_Itr_variable_i_tr":0.0000005955,"data_set_value_component_Itr_variable_tau_tr":180.0,"data_set_value_component_calcium_buffers_in_the_myoplasm_variable_K_mTn":0.0005,"data_set_value_component_calcium_buffers_in_the_myoplasm_variable_K_mCMDN":0.00238,"data_set_value_component_calcium_buffers_in_the_myoplasm_variable_Tn_max":0.07,"data_set_value_component_calcium_buffers_in_the_myoplasm_variable_CMDN_max":0.05,"data_set_value_component_calcium_buffers_in_the_myoplasm_variable_buffon":1.0,"data_set_value_component_calcium_buffers_in_the_myoplasm_variable_Cai_bufc":0.0110697425,"data_set_value_component_calcium_buffers_in_the_JSR_variable_CSQN_max":10.0,"data_set_value_component_calcium_buffers_in_the_JSR_variable_K_mCSQN":0.8,"data_set_value_component_calcium_buffers_in_the_JSR_variable_Ca_JSR_bufc":0.5764955181,"data_set_value_component_Ionic_concentrations_variable_Nai":9.9999996873,"data_set_value_component_Ionic_concentrations_variable_Nao":138.0,"data_set_value_component_Ionic_concentrations_variable_Cai":0.0001998613,"data_set_value_component_Ionic_concentrations_variable_Cao":2.0,"data_set_value_component_Ionic_concentrations_variable_Ki":140.0006413783,"data_set_value_component_Ionic_concentrations_variable_Ko":4.0,"data_set_value_component_Ionic_concentrations_variable_Ca_JSR":2.5000001203,"data_set_value_component_Ionic_concentrations_variable_Ca_NSR":2.5001073088,"data_set_value_component_Ionic_concentrations_variable_preplength":100.0,"data_set_value_component_Ionic_concentrations_variable_radius":11.0,"data_set_value_component_Ionic_concentrations_variable_volume":38013.2711084365,"data_set_value_component_Ionic_concentrations_variable_V_myo":25849.0243537368,"data_set_value_component_Ionic_concentrations_variable_V_JSR":182.4637013205,"data_set_value_component_Ionic_concentrations_variable_V_NSR":2098.3325651857},{"data_set_value_component_environment_variable_time":0.8,"data_set_value_component_cell_variable_V":-79.0367205774,"data_set_value_component_cell_variable_R":8.3143,"data_set_value_component_cell_variable_T":310.15,"data_set_value_component_cell_variable_F":96.4867,"data_set_value_component_cell_variable_FonRT":0.0374170873,"data_set_value_component_cell_variable_Cm":153.4,"data_set_value_component_cell_variable_failing":0.0,"data_set_value_component_cell_variable_dVdt":14.417568948,"data_set_value_component_cell_variable_I_tot":-14.417568948,"data_set_value_component_cell_variable_i_Stim":-15.0,"data_set_value_component_cell_variable_stim_offset":0.0,"data_set_value_component_cell_variable_stim_period":1000.0,"data_set_value_component_cell_variable_stim_duration":3.0,"data_set_value_component_cell_variable_stim_amplitude":-15.0,"data_set_value_component_cell_variable_past":0.0,"data_set_value_component_cell_variable_V_clamp":0.0,"data_set_value_component_cell_variable_V_hold":-60.0,"data_set_value_component_cell_variable_V_step":0.0,"data_set_value_component_INa_variable_i_Na":-0.0001562804,"data_set_value_component_INa_variable_E_Na":70.1462594455,"data_set_value_component_INa_variable_g_Na":16.0,"data_set_value_component_INa_m_gate_variable_m":0.004043888,"data_set_value_component_INa_m_gate_variable_alpha_m":0.4381144568,"data_set_value_component_INa_m_gate_variable_beta_m":105.5756515054,"data_set_value_component_INa_h_gate_variable_h":0.9934274141,"data_set_value_component_INa_h_gate_variable_alpha_h":0.117168848,"data_set_value_component_INa_h_gate_variable_beta_h":0.0069147605,"data_set_value_component_INa_j_gate_variable_j":0.9966246823,"data_set_value_component_INa_j_gate_variable_alpha_j":0.033068201,"data_set_value_component_INa_j_gate_variable_beta_j":0.0013024541,"data_set_value_component_ICa_variable_i_Ca":-0.0000000074,"data_set_value_component_ICa_variable_E_Ca":123.0871692346,"data_set_value_component_ICa_variable_g_Ca_max":0.064,"data_set_value_component_ICa_d_gate_variable_d":0.0000000008,"data_set_value_component_ICa_d_gate_variable_alpha_d":0.0000000034,"data_set_value_component_ICa_d_gate_variable_beta_d":0.1470999885,"data_set_value_component_ICa_f_gate_variable_f":0.9213326912,"data_set_value_component_ICa_f_gate_variable_alpha_f":0.0068719938,"data_set_value_component_ICa_f_gate_variable_beta_f":0.0005479409,"data_set_value_component_ICa_f_Ca_gate_variable_f_Ca":0.7501474082,"data_set_value_component_ICa_f_Ca_gate_variable_Km_Ca":0.0006,"data_set_value_component_Ito_variable_i_to":-0.0000604096,"data_set_value_component_Ito_variable_g_to_max":0.3,"data_set_value_component_Ito_variable_E_to":-70.7898805854,"data_set_value_component_Ito_r_gate_variable_r":0.00002442,"data_set_value_component_Ito_r_gate_variable_alpha_r":0.000042394,"data_set_value_component_Ito_r_gate_variable_beta_r":0.9771988933,"data_set_value_component_Ito_t_gate_variable_t":0.9998856246,"data_set_value_component_Ito_t_gate_variable_alpha_t":0.0714246399,"data_set_value_component_Ito_t_gate_variable_beta_t":0.00004906,"data_set_value_component_IKs_variable_i_Ks":0.0000045482,"data_set_value_component_IKs_variable_g_Ks_max":0.02,"data_set_value_component_IKs_variable_E_Ks":-81.9577311036,"data_set_value_component_IKs_Xs_gate_variable_Xs":0.0088234078,"data_set_value_component_IKs_Xs_gate_variable_alpha_Xs":0.0000143522,"data_set_value_component_IKs_Xs_gate_variable_beta_Xs":0.0057631468,"data_set_value_component_IKr_variable_i_Kr":0.0000465482,"data_set_value_component_IKr_variable_g_Kr_max":0.015,"data_set_value_component_IKr_variable_rik":0.9093681543,"data_set_value_component_IKr_variable_E_K":-95.0195097994,"data_set_value_component_IKr_Xr_gate_variable_Xr":0.0002135107,"data_set_value_component_IKr_Xr_gate_variable_alpha_Xr":0.000000374,"data_set_value_component_IKr_Xr_gate_variable_beta_Xr":0.0115935874,"data_set_value_component_IK1_variable_i_K1":0.8010920286,"data_set_value_component_IK1_variable_E_K1":-95.0195097994,"data_set_value_component_IK1_variable_g_K1_max":2.5,"data_set_value_component_IK1_K1_gate_variable_K1_infinity":0.0200488668,"data_set_value_component_IK1_K1_gate_variable_alpha_K1":0.099998397,"data_set_value_component_IK1_K1_gate_variable_beta_K1":4.8877347374,"data_set_value_component_ICab_variable_i_b_Ca":-0.1718053063,"data_set_value_component_ICab_variable_g_b_Ca_max":0.00085,"data_set_value_component_INab_variable_i_b_Na":-0.14918298,"data_set_value_component_INab_variable_g_b_Na_max":0.001,"data_set_value_component_INaK_variable_i_NaK":0.2559504557,"data_set_value_component_INaK_variable_I_NaK_max":1.3,"data_set_value_component_INaK_variable_f_NaK":0.5414337045,"data_set_value_component_INaK_variable_K_mNai":10.0,"data_set_value_component_INaK_variable_K_mKo":1.5,"data_set_value_component_INaK_variable_sigma":0.9674202753,"data_set_value_component_INaCa_variable_i_NaCa":-0.153457545,"data_set_value_component_INaCa_variable_K_NaCa":1000.0,"data_set_value_component_INaCa_variable_K_mNa":87.5,"data_set_value_component_INaCa_variable_K_mCa":1.38,"data_set_value_component_INaCa_variable_K_sat":0.1,"data_set_value_component_INaCa_variable_eta":0.35,"data_set_value_component_Irel_variable_i_rel":0.0,"data_set_value_component_Irel_variable_G_rel":0.0,"data_set_value_component_Irel_variable_G_rel_max":22.0,"data_set_value_component_Irel_variable_G_rel_overload":3.0,"data_set_value_component_Irel_variable_K_mrel":0.0008,"data_set_value_component_Irel_variable_delta_Ca_ith":0.000005,"data_set_value_component_Irel_variable_APtrack":-9.197488107e-137,"data_set_value_component_Irel_variable_APtrack2":-5.08429369e-136,"data_set_value_component_Irel_variable_APtrack3":0.0000478194,"data_set_value_component_Irel_variable_Cainfluxtrack":-5.168765911e-138,"data_set_value_component_Irel_variable_OVRLDtrack":0.000001,"data_set_value_component_Irel_variable_OVRLDtrack2":0.000001,"data_set_value_component_Irel_variable_OVRLDtrack3":0.000001,"data_set_value_component_Irel_variable_CSQNthresh":0.7,"data_set_value_component_Irel_variable_Logicthresh":0.98,"data_set_value_component_Iup_variable_i_up":0.0008030525,"data_set_value_component_Iup_variable_I_up_max":0.0045,"data_set_value_component_Iup_variable_K_mup":0.00092,"data_set_value_component_Ileak_variable_i_leak":0.0006500319,"data_set_value_component_Ileak_variable_K_leak":0.00026,"data_set_value_component_Itr_variable_i_tr":0.0000006803,"data_set_value_component_Itr_variable_tau_tr":180.0,"data_set_value_component_calcium_buffers_in_the_myoplasm_variable_K_mTn":0.0005,"data_set_value_component_calcium_buffers_in_the_myoplasm_variable_K_mCMDN":0.00238,"data_set_value_component_calcium_buffers_in_the_myoplasm_variable_Tn_max":0.07,"data_set_value_component_calcium_buffers_in_the_myoplasm_variable_CMDN_max":0.05,"data_set_value_component_calcium_buffers_in_the_myoplasm_variable_buffon":1.0,"data_set_value_component_calcium_buffers_in_the_myoplasm_variable_Cai_bufc":0.0110692478,"data_set_value_component_calcium_buffers_in_the_JSR_variable_CSQN_max":10.0,"data_set_value_component_calcium_buffers_in_the_JSR_variable_K_mCSQN":0.8,"data_set_value_component_calcium_buffers_in_the_JSR_variable_Ca_JSR_bufc":0.5764955235,"data_set_value_component_Ionic_concentrations_variable_Nai":9.9999988156,"data_set_value_component_Ionic_concentrations_variable_Nao":138.0,"data_set_value_component_Ionic_concentrations_variable_Cai":0.0001998428,"data_set_value_component_Ionic_concentrations_variable_Cao":2.0,"data_set_value_component_Ionic_concentrations_variable_Ki":140.000731927,"data_set_value_component_Ionic_concentrations_variable_Ko":4.0,"data_set_value_component_Ionic_concentrations_variable_Ca_JSR":2.500000157,"data_set_value_component_Ionic_concentrations_variable_Ca_NSR":2.5001226086,"data_set_value_component_Ionic_concentrations_variable_preplength":100.0,"data_set_value_component_Ionic_concentrations_variable_radius":11.0,"data_set_value_component_Ionic_concentrations_variable_volume":38013.2711084365,"data_set_value_component_Ionic_concentrations_variable_V_myo":25849.0243537368,"data_set_value_component_Ionic_concentrations_variable_V_JSR":182.4637013205,"data_set_value_component_Ionic_concentrations_variable_V_NSR":2098.3325651857},{"data_set_value_component_environment_variable_time":0.9,"data_set_value_component_cell_variable_V":-77.5969501331,"data_set_value_component_cell_variable_R":8.3143,"data_set_value_component_cell_variable_T":310.15,"data_set_value_component_cell_variable_F":96.4867,"data_set_value_component_cell_variable_FonRT":0.0374170873,"data_set_value_component_cell_variable_Cm":153.4,"data_set_value_component_cell_variable_failing":0.0,"data_set_value_component_cell_variable_dVdt":14.3794135813,"data_set_value_component_cell_variable_I_tot":-14.3794135813,"data_set_value_component_cell_variable_i_Stim":-15.0,"data_set_value_component_cell_variable_stim_offset":0.0,"data_set_value_component_cell_variable_stim_period":1000.0,"data_set_value_component_cell_variable_stim_duration":3.0,"data_set_value_component_cell_variable_stim_amplitude":-15.0,"data_set_value_component_cell_variable_past":0.0,"data_set_value_component_cell_variable_V_clamp":0.0,"data_set_value_component_cell_variable_V_hold":-60.0,"data_set_value_component_cell_variable_V_step":0.0,"data_set_value_component_INa_variable_i_Na":-0.000309746,"data_set_value_component_INa_variable_E_Na":70.1462623129,"data_set_value_component_INa_variable_g_Na":16.0,"data_set_value_component_INa_m_gate_variable_m":0.005097432,"data_set_value_component_INa_m_gate_variable_alpha_m":0.4863605083,"data_set_value_component_INa_m_gate_variable_beta_m":92.6231906806,"data_set_value_component_INa_h_gate_variable_h":0.9927727442,"data_set_value_component_INa_h_gate_variable_alpha_h":0.0948109674,"data_set_value_component_INa_h_gate_variable_beta_h":0.0077478929,"data_set_value_component_INa_j_gate_variable_j":0.9964925981,"data_set_value_component_INa_j_gate_variable_alpha_j":0.027072006,"data_set_value_component_INa_j_gate_variable_beta_j":0.0015627982,"data_set_value_component_ICa_variable_i_Ca":-0.0000000112,"data_set_value_component_ICa_variable_E_Ca":123.0883854591,"data_set_value_component_ICa_variable_g_Ca_max":0.064,"data_set_value_component_ICa_d_gate_variable_d":0.0000000013,"data_set_value_component_ICa_d_gate_variable_alpha_d":0.0000000057,"data_set_value_component_ICa_d_gate_variable_beta_d":0.1470999801,"data_set_value_component_ICa_f_gate_variable_f":0.9213362597,"data_set_value_component_ICa_f_gate_variable_alpha_f":0.0068719921,"data_set_value_component_ICa_f_gate_variable_beta_f":0.0005480907,"data_set_value_component_ICa_f_Ca_gate_variable_f_Ca":0.7501644664,"data_set_value_component_ICa_f_Ca_gate_variable_Km_Ca":0.0006,"data_set_value_component_Ito_variable_i_to":-0.0000539529,"data_set_value_component_Ito_variable_g_to_max":0.3,"data_set_value_component_Ito_variable_E_to":-70.7898977865,"data_set_value_component_Ito_r_gate_variable_r":0.0000264233,"data_set_value_component_Ito_r_gate_variable_alpha_r":0.000047412,"data_set_value_component_Ito_r_gate_variable_beta_r":0.9777568707,"data_set_value_component_Ito_t_gate_variable_t":0.9998809315,"data_set_value_component_Ito_t_gate_variable_alpha_t":0.0714360631,"data_set_value_component_Ito_t_gate_variable_beta_t":0.0000619543,"data_set_value_component_IKs_variable_i_Ks":0.0000067845,"data_set_value_component_IKs_variable_g_Ks_max":0.02,"data_set_value_component_IKs_variable_E_Ks":-81.9577483399,"data_set_value_component_IKs_Xs_gate_variable_Xs":0.0088198243,"data_set_value_component_IKs_Xs_gate_variable_alpha_Xs":0.0000158626,"data_set_value_component_IKs_Xs_gate_variable_beta_Xs":0.0057531685,"data_set_value_component_IKr_variable_i_Kr":0.0000503982,"data_set_value_component_IKr_variable_g_Kr_max":0.015,"data_set_value_component_IKr_variable_rik":0.9040749976,"data_set_value_component_IKr_variable_E_K":-95.0195270621,"data_set_value_component_IKr_Xr_gate_variable_Xr":0.0002133078,"data_set_value_component_IKr_Xr_gate_variable_alpha_Xr":0.0000004488,"data_set_value_component_IKr_Xr_gate_variable_beta_Xr":0.0112709913,"data_set_value_component_IK1_variable_i_K1":0.826309992,"data_set_value_component_IK1_variable_E_K1":-95.0195270621,"data_set_value_component_IK1_variable_g_K1_max":2.5,"data_set_value_component_IK1_K1_gate_variable_K1_infinity":0.0189710166,"data_set_value_component_IK1_K1_gate_variable_alpha_K1":0.0999982524,"data_set_value_component_IK1_K1_gate_variable_beta_K1":5.1711084194,"data_set_value_component_ICab_variable_i_b_Ca":-0.1705825353,"data_set_value_component_ICab_variable_g_b_Ca_max":0.00085,"data_set_value_component_INab_variable_i_b_Na":-0.1477432124,"data_set_value_component_INab_variable_g_b_Na_max":0.001,"data_set_value_component_INaK_variable_i_NaK":0.2611166676,"data_set_value_component_INaK_variable_I_NaK_max":1.3,"data_set_value_component_INaK_variable_f_NaK":0.5523622751,"data_set_value_component_INaK_variable_K_mNai":10.0,"data_set_value_component_INaK_variable_K_mKo":1.5,"data_set_value_component_INaK_variable_sigma":0.9674202753,"data_set_value_component_INaCa_variable_i_NaCa":-0.1482079656,"data_set_value_component_INaCa_variable_K_NaCa":1000.0,"data_set_value_component_INaCa_variable_K_mNa":87.5,"data_set_value_component_INaCa_variable_K_mCa":1.38,"data_set_value_component_INaCa_variable_K_sat":0.1,"data_set_value_component_INaCa_variable_eta":0.35,"data_set_value_component_Irel_variable_i_rel":0.0,"data_set_value_component_Irel_variable_G_rel":0.0,"data_set_value_component_Irel_variable_G_rel_max":22.0,"data_set_value_component_Irel_variable_G_rel_overload":3.0,"data_set_value_component_Irel_variable_K_mrel":0.0008,"data_set_value_component_Irel_variable_delta_Ca_ith":0.000005,"data_set_value_component_Irel_variable_APtrack":-8.748922613e-137,"data_set_value_component_Irel_variable_APtrack2":-4.836330476e-136,"data_set_value_component_Irel_variable_APtrack3":0.0000477716,"data_set_value_component_Irel_variable_Cainfluxtrack":-4.91668295e-138,"data_set_value_component_Irel_variable_OVRLDtrack":0.000001,"data_set_value_component_Irel_variable_OVRLDtrack2":0.000001,"data_set_value_component_Irel_variable_OVRLDtrack3":0.000001,"data_set_value_component_Irel_variable_CSQNthresh":0.7,"data_set_value_component_Irel_variable_Logicthresh":0.98,"data_set_value_component_Iup_variable_i_up":0.0008029925,"data_set_value_component_Iup_variable_I_up_max":0.0045,"data_set_value_component_Iup_variable_K_mup":0.00092,"data_set_value_component_Ileak_variable_i_leak":0.0006500359,"data_set_value_component_Ileak_variable_K_leak":0.00026,"data_set_value_component_Itr_variable_i_tr":0.000000765,"data_set_value_component_Itr_variable_tau_tr":180.0,"data_set_value_component_calcium_buffers_in_the_myoplasm_variable_K_mTn":0.0005,"data_set_value_component_calcium_buffers_in_the_myoplasm_variable_K_mCMDN":0.00238,"data_set_value_component_calcium_buffers_in_the_myoplasm_variable_Tn_max":0.07,"data_set_value_component_calcium_buffers_in_the_myoplasm_variable_CMDN_max":0.05,"data_set_value_component_calcium_buffers_in_the_myoplasm_variable_buffon":1.0,"data_set_value_component_calcium_buffers_in_the_myoplasm_variable_Cai_bufc":0.0110687618,"data_set_value_component_calcium_buffers_in_the_JSR_variable_CSQN_max":10.0,"data_set_value_component_calcium_buffers_in_the_JSR_variable_K_mCSQN":0.8,"data_set_value_component_calcium_buffers_in_the_JSR_variable_Ca_JSR_bufc":0.5764955297,"data_set_value_component_Ionic_concentrations_variable_Nai":9.9999977427,"data_set_value_component_Ionic_concentrations_variable_Nao":138.0,"data_set_value_component_Ionic_concentrations_variable_Cai":0.0001998246,"data_set_value_component_Ionic_concentrations_variable_Cao":2.0,"data_set_value_component_Ionic_concentrations_variable_Ki":140.0008223561,"data_set_value_component_Ionic_concentrations_variable_Ko":4.0,"data_set_value_component_Ionic_concentrations_variable_Ca_JSR":2.5000001987,"data_set_value_component_Ionic_concentrations_variable_Ca_NSR":2.5001379011,"data_set_value_component_Ionic_concentrations_variable_preplength":100.0,"data_set_value_component_Ionic_concentrations_variable_radius":11.0,"data_set_value_component_Ionic_concentrations_variable_volume":38013.2711084365,"data_set_value_component_Ionic_concentrations_variable_V_myo":25849.0243537368,"data_set_value_component_Ionic_concentrations_variable_V_JSR":182.4637013205,"data_set_value_component_Ionic_concentrations_variable_V_NSR":2098.3325651857},{"data_set_value_component_environment_variable_time":1.0,"data_set_value_component_cell_variable_V":-76.160524813,"data_set_value_component_cell_variable_R":8.3143,"data_set_value_component_cell_variable_T":310.15,"data_set_value_component_cell_variable_F":96.4867,"data_set_value_component_cell_variable_FonRT":0.0374170873,"data_set_value_component_cell_variable_Cm":153.4,"data_set_value_component_cell_variable_failing":0.0,"data_set_value_component_cell_variable_dVdt":14.3506575443,"data_set_value_component_cell_variable_I_tot":-14.3506575443,"data_set_value_component_cell_variable_i_Stim":-15.0,"data_set_value_component_cell_variable_stim_offset":0.0,"data_set_value_component_cell_variable_stim_period":1000.0,"data_set_value_component_cell_variable_stim_duration":3.0,"data_set_value_component_cell_variable_stim_amplitude":-15.0,"data_set_value_component_cell_variable_past":0.0,"data_set_value_component_cell_variable_V_clamp":0.0,"data_set_value_component_cell_variable_V_hold":-60.0,"data_set_value_component_cell_variable_V_step":0.0,"data_set_value_component_INa_variable_i_Na":-0.0006095831,"data_set_value_component_INa_variable_E_Na":70.1462657116,"data_set_value_component_INa_variable_g_Na":16.0,"data_set_value_component_INa_m_gate_variable_m":0.0064107333,"data_set_value_component_INa_m_gate_variable_alpha_m":0.5391715763,"data_set_value_component_INa_m_gate_variable_beta_m":81.2845067572,"data_set_value_component_INa_h_gate_variable_h":0.9920232323,"data_set_value_component_INa_h_gate_variable_alpha_h":0.0767571141,"data_set_value_component_INa_h_gate_variable_beta_h":0.0086791973,"data_set_value_component_INa_j_gate_variable_j":0.9963305746,"data_set_value_component_INa_j_gate_variable_alpha_j":0.0220319223,"data_set_value_component_INa_j_gate_variable_beta_j":0.0018739701,"data_set_value_component_ICa_variable_i_Ca":-0.0000000175,"data_set_value_component_ICa_variable_E_Ca":123.0895802645,"data_set_value_component_ICa_variable_g_Ca_max":0.064,"data_set_value_component_ICa_d_gate_variable_d":0.000000002,"data_set_value_component_ICa_d_gate_variable_alpha_d":0.0000000095,"data_set_value_component_ICa_d_gate_variable_beta_d":0.147099966,"data_set_value_component_ICa_f_gate_variable_f":0.92133981,"data_set_value_component_ICa_f_gate_variable_alpha_f":0.00687199,"data_set_value_component_ICa_f_gate_variable_beta_f":0.0005482816,"data_set_value_component_ICa_f_Ca_gate_variable_f_Ca":0.7501812235,"data_set_value_component_ICa_f_Ca_gate_variable_Km_Ca":0.0006,"data_set_value_component_Ito_variable_i_to":-0.0000463063,"data_set_value_component_Ito_variable_g_to_max":0.3,"data_set_value_component_Ito_variable_E_to":-70.7899149737,"data_set_value_component_Ito_r_gate_variable_r":0.0000287442,"data_set_value_component_Ito_r_gate_variable_alpha_r":0.0000530102,"data_set_value_component_Ito_r_gate_variable_beta_r":0.9783128103,"data_set_value_component_Ito_t_gate_variable_t":0.9998748252,"data_set_value_component_Ito_t_gate_variable_alpha_t":0.0714448946,"data_set_value_component_Ito_t_gate_variable_beta_t":0.0000781907,"data_set_value_component_IKs_variable_i_Ks":0.0000090123,"data_set_value_component_IKs_variable_g_Ks_max":0.02,"data_set_value_component_IKs_variable_E_Ks":-81.9577655634,"data_set_value_component_IKs_Xs_gate_variable_Xs":0.0088164093,"data_set_value_component_IKs_Xs_gate_variable_alpha_Xs":0.0000175269,"data_set_value_component_IKs_Xs_gate_variable_beta_Xs":0.0057423055,"data_set_value_component_IKr_variable_i_Kr":0.0000541705,"data_set_value_component_IKr_variable_g_Kr_max":0.015,"data_set_value_component_IKr_variable_rik":0.8985204698,"data_set_value_component_IKr_variable_E_K":-95.0195443125,"data_set_value_component_IKr_Xr_gate_variable_Xr":0.0002131203,"data_set_value_component_IKr_Xr_gate_variable_alpha_Xr":0.0000005384,"data_set_value_component_IKr_Xr_gate_variable_beta_Xr":0.010930035,"data_set_value_component_IK1_variable_i_K1":0.8423712097,"data_set_value_component_IK1_variable_E_K1":-95.0195443125,"data_set_value_component_IK1_variable_g_K1_max":2.5,"data_set_value_component_IK1_K1_gate_variable_K1_infinity":0.0178667021,"data_set_value_component_IK1_K1_gate_variable_alpha_K1":0.0999980951,"data_set_value_component_IK1_K1_gate_variable_beta_K1":5.4968991014,"data_set_value_component_ICab_variable_i_b_Ca":-0.1693625893,"data_set_value_component_ICab_variable_g_b_Ca_max":0.00085,"data_set_value_component_INab_variable_i_b_Na":-0.1463067905,"data_set_value_component_INab_variable_g_b_Na_max":0.001,"data_set_value_component_INaK_variable_i_NaK":0.2662026951,"data_set_value_component_INaK_variable_I_NaK_max":1.3,"data_set_value_component_INaK_variable_f_NaK":0.5631212349,"data_set_value_component_INaK_variable_K_mNai":10.0,"data_set_value_component_INaK_variable_K_mKo":1.5,"data_set_value_component_INaK_variable_sigma":0.9674202753,"data_set_value_component_INaCa_variable_i_NaCa":-0.1429693452,"data_set_value_component_INaCa_variable_K_NaCa":1000.0,"data_set_value_component_INaCa_variable_K_mNa":87.5,"data_set_value_component_INaCa_variable_K_mCa":1.38,"data_set_value_component_INaCa_variable_K_sat":0.1,"data_set_value_component_INaCa_variable_eta":0.35,"data_set_value_component_Irel_variable_i_rel":0.0,"data_set_value_component_Irel_variable_G_rel":0.0,"data_set_value_component_Irel_variable_G_rel_max":22.0,"data_set_value_component_Irel_variable_G_rel_overload":3.0,"data_set_value_component_Irel_variable_K_mrel":0.0008,"data_set_value_component_Irel_variable_delta_Ca_ith":0.000005,"data_set_value_component_Irel_variable_APtrack":-8.322234523e-137,"data_set_value_component_Irel_variable_APtrack2":-4.600460907e-136,"data_set_value_component_Irel_variable_APtrack3":0.0000477239,"data_set_value_component_Irel_variable_Cainfluxtrack":-4.676894562e-138,"data_set_value_component_Irel_variable_OVRLDtrack":0.000001,"data_set_value_component_Irel_variable_OVRLDtrack2":0.000001,"data_set_value_component_Irel_variable_OVRLDtrack3":0.000001,"data_set_value_component_Irel_variable_CSQNthresh":0.7,"data_set_value_component_Irel_variable_Logicthresh":0.98,"data_set_value_component_Iup_variable_i_up":0.0008029335,"data_set_value_component_Iup_variable_I_up_max":0.0045,"data_set_value_component_Iup_variable_K_mup":0.00092,"data_set_value_component_Ileak_variable_i_leak":0.0006500398,"data_set_value_component_Ileak_variable_K_leak":0.00026,"data_set_value_component_Itr_variable_i_tr":0.0000008497,"data_set_value_component_Itr_variable_tau_tr":180.0,"data_set_value_component_calcium_buffers_in_the_myoplasm_variable_K_mTn":0.0005,"data_set_value_component_calcium_buffers_in_the_myoplasm_variable_K_mCMDN":0.00238,"data_set_value_component_calcium_buffers_in_the_myoplasm_variable_Tn_max":0.07,"data_set_value_component_calcium_buffers_in_the_myoplasm_variable_CMDN_max":0.05,"data_set_value_component_calcium_buffers_in_the_myoplasm_variable_buffon":1.0,"data_set_value_component_calcium_buffers_in_the_myoplasm_variable_Cai_bufc":0.0110682844,"data_set_value_component_calcium_buffers_in_the_JSR_variable_CSQN_max":10.0,"data_set_value_component_calcium_buffers_in_the_JSR_variable_K_mCSQN":0.8,"data_set_value_component_calcium_buffers_in_the_JSR_variable_Ca_JSR_bufc":0.5764955366,"data_set_value_component_Ionic_concentrations_variable_Nai":9.999996471,"data_set_value_component_Ionic_concentrations_variable_Nao":138.0,"data_set_value_component_Ionic_concentrations_variable_Cai":0.0001998067,"data_set_value_component_Ionic_concentrations_variable_Cao":2.0,"data_set_value_component_Ionic_concentrations_variable_Ki":140.0009127213,"data_set_value_component_Ionic_concentrations_variable_Ko":4.0,"data_set_value_component_Ionic_concentrations_variable_Ca_JSR":2.5000002452,"data_set_value_component_Ionic_concentrations_variable_Ca_NSR":2.5001531866,"data_set_value_component_Ionic_concentrations_variable_preplength":100.0,"data_set_value_component_Ionic_concentrations_variable_radius":11.0,"data_set_value_component_Ionic_concentrations_variable_volume":38013.2711084365,"data_set_value_component_Ionic_concentrations_variable_V_myo":25849.0243537368,"data_set_value_component_Ionic_concentrations_variable_V_JSR":182.4637013205,"data_set_value_component_Ionic_concentrations_variable_V_NSR":2098.3325651857}]