[{"data_set_value_component_environment_variable_time":0.0,"data_set_value_component_x1_variable_x1":10.0,"data_set_value_component_x1_variable_scatchard":0.5,"data_set_value_component_x2_variable_x2":0.1,"data_set_value_component_x3_variable_x3":1.0,"data_set_value_component_x4_variable_x4":1.0,"data_set_value_component_x5_variable_x5":1.0,"data_set_value_component_x6_variable_x6":1.0,"data_set_value_component_x7_variable_x7":1.0,"data_set_value_component_x8_variable_x8":1.0,"data_set_value_component_x9_variable_x9":1.0,"data_set_value_component_rate_variables_variable_k1":1000000.0,"data_set_value_component_rate_variables_variable_k1_":0.0004,"data_set_value_component_rate_variables_variable_k2":1000000.0,"data_set_value_component_rate_variables_variable_k2_":0.04,"data_set_value_component_rate_variables_variable_k3":1000000.0,"data_set_value_component_rate_variables_variable_k3_":0.0004,"data_set_value_component_rate_variables_variable_k4":1000000.0,"data_set_value_component_rate_variables_variable_k4_":0.0004,"data_set_value_component_rate_variables_variable_k5":10000000.0,"data_set_value_component_rate_variables_variable_k5_":0.004},{"data_set_value_component_environment_variable_time":0.1,"data_set_value_component_x1_variable_x1":0.8000001037,"data_set_value_component_x1_variable_scatchard":8.832450657,"data_set_value_component_x2_variable_x2":1.435013056e-17,"data_set_value_component_x3_variable_x3":0.0000001016,"data_set_value_component_x4_variable_x4":2.0319227817,"data_set_value_component_x5_variable_x5":-2.342457839e-22,"data_set_value_component_x6_variable_x6":1.258650453e-18,"data_set_value_component_x7_variable_x7":0.0000000025,"data_set_value_component_x8_variable_x8":5.0340385558,"data_set_value_component_x9_variable_x9":3.764412408e-17,"data_set_value_component_rate_variables_variable_k1":1000000.0,"data_set_value_component_rate_variables_variable_k1_":0.0004,"data_set_value_component_rate_variables_variable_k2":1000000.0,"data_set_value_component_rate_variables_variable_k2_":0.04,"data_set_value_component_rate_variables_variable_k3":1000000.0,"data_set_value_component_rate_variables_variable_k3_":0.0004,"data_set_value_component_rate_variables_variable_k4":1000000.0,"data_set_value_component_rate_variables_variable_k4_":0.0004,"data_set_value_component_rate_variables_variable_k5":10000000.0,"data_set_value_component_rate_variables_variable_k5_":0.004},{"data_set_value_component_environment_variable_time":0.2,"data_set_value_component_x1_variable_x1":0.8000001037,"data_set_value_component_x1_variable_scatchard":8.832450657,"data_set_value_component_x2_variable_x2":1.43501255e-17,"data_set_value_component_x3_variable_x3":0.0000001016,"data_set_value_component_x4_variable_x4":2.0319227817,"data_set_value_component_x5_variable_x5":2.432455674e-24,"data_set_value_component_x6_variable_x6":1.258508066e-18,"data_set_value_component_x7_variable_x7":0.0000000025,"data_set_value_component_x8_variable_x8":5.0340385558,"data_set_value_component_x9_variable_x9":3.770665207e-17,"data_set_value_component_rate_variables_variable_k1":1000000.0,"data_set_value_component_rate_variables_variable_k1_":0.0004,"data_set_value_component_rate_variables_variable_k2":1000000.0,"data_set_value_component_rate_variables_variable_k2_":0.04,"data_set_value_component_rate_variables_variable_k3":1000000.0,"data_set_value_component_rate_variables_variable_k3_":0.0004,"data_set_value_component_rate_variables_variable_k4":1000000.0,"data_set_value_component_rate_variables_variable_k4_":0.0004,"data_set_value_component_rate_variables_variable_k5":10000000.0,"data_set_value_component_rate_variables_variable_k5_":0.004},{"data_set_value_component_environment_variable_time":0.3,"data_set_value_component_x1_variable_x1":0.8000001037,"data_set_value_component_x1_variable_scatchard":8.832450657,"data_set_value_component_x2_variable_x2":1.43501255e-17,"data_set_value_component_x3_variable_x3":0.0000001016,"data_set_value_component_x4_variable_x4":2.0319227817,"data_set_value_component_x5_variable_x5":2.258680959e-24,"data_set_value_component_x6_variable_x6":1.258508164e-18,"data_set_value_component_x7_variable_x7":0.0000000025,"data_set_value_component_x8_variable_x8":5.0340385558,"data_set_value_component_x9_variable_x9":3.770663574e-17,"data_set_value_component_rate_variables_variable_k1":1000000.0,"data_set_value_component_rate_variables_variable_k1_":0.0004,"data_set_value_component_rate_variables_variable_k2":1000000.0,"data_set_value_component_rate_variables_variable_k2_":0.04,"data_set_value_component_rate_variables_variable_k3":1000000.0,"data_set_value_component_rate_variables_variable_k3_":0.0004,"data_set_value_component_rate_variables_variable_k4":1000000.0,"data_set_value_component_rate_variables_variable_k4_":0.0004,"data_set_value_component_rate_variables_variable_k5":10000000.0,"data_set_value_component_rate_variables_variable_k5_":0.004},{"data_set_value_component_environment_variable_time":0.4,"data_set_value_component_x1_variable_x1":0.8000001037,"data_set_value_component_x1_variable_scatchard":8.832450657,"data_set_value_component_x2_variable_x2":1.43501255e-17,"data_set_value_component_x3_variable_x3":0.0000001016,"data_set_value_component_x4_variable_x4":2.0319227817,"data_set_value_component_x5_variable_x5":2.084906244e-24,"data_set_value_component_x6_variable_x6":1.258508262e-18,"data_set_value_component_x7_variable_x7":0.0000000025,"data_set_value_component_x8_variable_x8":5.0340385558,"data_set_value_component_x9_variable_x9":3.770661941e-17,"data_set_value_component_rate_variables_variable_k1":1000000.0,"data_set_value_component_rate_variables_variable_k1_":0.0004,"data_set_value_component_rate_variables_variable_k2":1000000.0,"data_set_value_component_rate_variables_variable_k2_":0.04,"data_set_value_component_rate_variables_variable_k3":1000000.0,"data_set_value_component_rate_variables_variable_k3_":0.0004,"data_set_value_component_rate_variables_variable_k4":1000000.0,"data_set_value_component_rate_variables_variable_k4_":0.0004,"data_set_value_component_rate_variables_variable_k5":10000000.0,"data_set_value_component_rate_variables_variable_k5_":0.004},{"data_set_value_component_environment_variable_time":0.5,"data_set_value_component_x1_variable_x1":0.8000001037,"data_set_value_component_x1_variable_scatchard":8.832450657,"data_set_value_component_x2_variable_x2":1.43501255e-17,"data_set_value_component_x3_variable_x3":0.0000001016,"data_set_value_component_x4_variable_x4":2.0319227817,"data_set_value_component_x5_variable_x5":1.911131528e-24,"data_set_value_component_x6_variable_x6":1.25850836e-18,"data_set_value_component_x7_variable_x7":0.0000000025,"data_set_value_component_x8_variable_x8":5.0340385558,"data_set_value_component_x9_variable_x9":3.770660308e-17,"data_set_value_component_rate_variables_variable_k1":1000000.0,"data_set_value_component_rate_variables_variable_k1_":0.0004,"data_set_value_component_rate_variables_variable_k2":1000000.0,"data_set_value_component_rate_variables_variable_k2_":0.04,"data_set_value_component_rate_variables_variable_k3":1000000.0,"data_set_value_component_rate_variables_variable_k3_":0.0004,"data_set_value_component_rate_variables_variable_k4":1000000.0,"data_set_value_component_rate_variables_variable_k4_":0.0004,"data_set_value_component_rate_variables_variable_k5":10000000.0,"data_set_value_component_rate_variables_variable_k5_":0.004},{"data_set_value_component_environment_variable_time":0.6,"data_set_value_component_x1_variable_x1":0.8000001037,"data_set_value_component_x1_variable_scatchard":8.832450657,"data_set_value_component_x2_variable_x2":1.435012551e-17,"data_set_value_component_x3_variable_x3":0.0000001016,"data_set_value_component_x4_variable_x4":2.0319227817,"data_set_value_component_x5_variable_x5":1.737356813e-24,"data_set_value_component_x6_variable_x6":1.258508457e-18,"data_set_value_component_x7_variable_x7":0.0000000025,"data_set_value_component_x8_variable_x8":5.0340385558,"data_set_value_component_x9_variable_x9":3.770658675e-17,"data_set_value_component_rate_variables_variable_k1":1000000.0,"data_set_value_component_rate_variables_variable_k1_":0.0004,"data_set_value_component_rate_variables_variable_k2":1000000.0,"data_set_value_component_rate_variables_variable_k2_":0.04,"data_set_value_component_rate_variables_variable_k3":1000000.0,"data_set_value_component_rate_variables_variable_k3_":0.0004,"data_set_value_component_rate_variables_variable_k4":1000000.0,"data_set_value_component_rate_variables_variable_k4_":0.0004,"data_set_value_component_rate_variables_variable_k5":10000000.0,"data_set_value_component_rate_variables_variable_k5_":0.004},{"data_set_value_component_environment_variable_time":0.7,"data_set_value_component_x1_variable_x1":0.8000001037,"data_set_value_component_x1_variable_scatchard":8.832450657,"data_set_value_component_x2_variable_x2":1.435012551e-17,"data_set_value_component_x3_variable_x3":0.0000001016,"data_set_value_component_x4_variable_x4":2.0319227817,"data_set_value_component_x5_variable_x5":1.563582098e-24,"data_set_value_component_x6_variable_x6":1.258508555e-18,"data_set_value_component_x7_variable_x7":0.0000000025,"data_set_value_component_x8_variable_x8":5.0340385558,"data_set_value_component_x9_variable_x9":3.770657042e-17,"data_set_value_component_rate_variables_variable_k1":1000000.0,"data_set_value_component_rate_variables_variable_k1_":0.0004,"data_set_value_component_rate_variables_variable_k2":1000000.0,"data_set_value_component_rate_variables_variable_k2_":0.04,"data_set_value_component_rate_variables_variable_k3":1000000.0,"data_set_value_component_rate_variables_variable_k3_":0.0004,"data_set_value_component_rate_variables_variable_k4":1000000.0,"data_set_value_component_rate_variables_variable_k4_":0.0004,"data_set_value_component_rate_variables_variable_k5":10000000.0,"data_set_value_component_rate_variables_variable_k5_":0.004},{"data_set_value_component_environment_variable_time":0.8,"data_set_value_component_x1_variable_x1":0.8000001037,"data_set_value_component_x1_variable_scatchard":8.832450657,"data_set_value_component_x2_variable_x2":1.435012551e-17,"data_set_value_component_x3_variable_x3":0.0000001016,"data_set_value_component_x4_variable_x4":2.0319227817,"data_set_value_component_x5_variable_x5":1.389807382e-24,"data_set_value_component_x6_variable_x6":1.258508653e-18,"data_set_value_component_x7_variable_x7":0.0000000025,"data_set_value_component_x8_variable_x8":5.0340385558,"data_set_value_component_x9_variable_x9":3.770655409e-17,"data_set_value_component_rate_variables_variable_k1":1000000.0,"data_set_value_component_rate_variables_variable_k1_":0.0004,"data_set_value_component_rate_variables_variable_k2":1000000.0,"data_set_value_component_rate_variables_variable_k2_":0.04,"data_set_value_component_rate_variables_variable_k3":1000000.0,"data_set_value_component_rate_variables_variable_k3_":0.0004,"data_set_value_component_rate_variables_variable_k4":1000000.0,"data_set_value_component_rate_variables_variable_k4_":0.0004,"data_set_value_component_rate_variables_variable_k5":10000000.0,"data_set_value_component_rate_variables_variable_k5_":0.004},{"data_set_value_component_environment_variable_time":0.9,"data_set_value_component_x1_variable_x1":0.8000001037,"data_set_value_component_x1_variable_scatchard":8.832450657,"data_set_value_component_x2_variable_x2":1.435012552e-17,"data_set_value_component_x3_variable_x3":0.0000001016,"data_set_value_component_x4_variable_x4":2.0319227817,"data_set_value_component_x5_variable_x5":1.216032667e-24,"data_set_value_component_x6_variable_x6":1.258508751e-18,"data_set_value_component_x7_variable_x7":0.0000000025,"data_set_value_component_x8_variable_x8":5.0340385558,"data_set_value_component_x9_variable_x9":3.770653776e-17,"data_set_value_component_rate_variables_variable_k1":1000000.0,"data_set_value_component_rate_variables_variable_k1_":0.0004,"data_set_value_component_rate_variables_variable_k2":1000000.0,"data_set_value_component_rate_variables_variable_k2_":0.04,"data_set_value_component_rate_variables_variable_k3":1000000.0,"data_set_value_component_rate_variables_variable_k3_":0.0004,"data_set_value_component_rate_variables_variable_k4":1000000.0,"data_set_value_component_rate_variables_variable_k4_":0.0004,"data_set_value_component_rate_variables_variable_k5":10000000.0,"data_set_value_component_rate_variables_variable_k5_":0.004},{"data_set_value_component_environment_variable_time":1.0,"data_set_value_component_x1_variable_x1":0.8000001037,"data_set_value_component_x1_variable_scatchard":8.832450657,"data_set_value_component_x2_variable_x2":1.435012552e-17,"data_set_value_component_x3_variable_x3":0.0000001016,"data_set_value_component_x4_variable_x4":2.0319227817,"data_set_value_component_x5_variable_x5":1.042257952e-24,"data_set_value_component_x6_variable_x6":1.258508849e-18,"data_set_value_component_x7_variable_x7":0.0000000025,"data_set_value_component_x8_variable_x8":5.0340385558,"data_set_value_component_x9_variable_x9":3.770652143e-17,"data_set_value_component_rate_variables_variable_k1":1000000.0,"data_set_value_component_rate_variables_variable_k1_":0.0004,"data_set_value_component_rate_variables_variable_k2":1000000.0,"data_set_value_component_rate_variables_variable_k2_":0.04,"data_set_value_component_rate_variables_variable_k3":1000000.0,"data_set_value_component_rate_variables_variable_k3_":0.0004,"data_set_value_component_rate_variables_variable_k4":1000000.0,"data_set_value_component_rate_variables_variable_k4_":0.0004,"data_set_value_component_rate_variables_variable_k5":10000000.0,"data_set_value_component_rate_variables_variable_k5_":0.004}]