[{"data_set_value_component_environment_variable_time":0.0,"data_set_value_component_environment_variable_V_cell":1.77,"data_set_value_component_environment_variable_Ca_e":20.0,"data_set_value_component_environment_variable_K_e":5.6,"data_set_value_component_environment_variable_K_i":140.0,"data_set_value_component_environment_variable_V_tau":-60.0,"data_set_value_component_environment_variable_k_tau":22.0,"data_set_value_component_membrane_variable_V":-70.0,"data_set_value_component_membrane_variable_R":8314.0,"data_set_value_component_membrane_variable_T":310.0,"data_set_value_component_membrane_variable_F":96845.0,"data_set_value_component_membrane_variable_Cm":7.0,"data_set_value_component_L_type_calcium_current_variable_i_Ca_L":0.0,"data_set_value_component_L_type_calcium_current_variable_phi_Ca":-1407.288864391,"data_set_value_component_L_type_calcium_current_variable_g_Ca_L":9.0,"data_set_value_component_L_type_calcium_current_m_gate_variable_m_L":0.0,"data_set_value_component_L_type_calcium_current_m_gate_variable_m_L_infinity":0.0129537275,"data_set_value_component_L_type_calcium_current_m_gate_variable_tau_m_L":4.8224046018,"data_set_value_component_L_type_calcium_current_m_gate_variable_tau_m_L_max":27.0,"data_set_value_component_L_type_calcium_current_m_gate_variable_V_m_L":-18.0,"data_set_value_component_L_type_calcium_current_m_gate_variable_k_m_L":12.0,"data_set_value_component_T_type_calcium_current_variable_i_Ca_T":0.0,"data_set_value_component_T_type_calcium_current_variable_g_Ca_T":10.0,"data_set_value_component_T_type_calcium_current_m_gate_variable_m_T":0.0,"data_set_value_component_T_type_calcium_current_m_gate_variable_m_T_infinity":0.0216783633,"data_set_value_component_T_type_calcium_current_m_gate_variable_tau_m_T":1.7860757785,"data_set_value_component_T_type_calcium_current_m_gate_variable_tau_m_T_max":10.0,"data_set_value_component_T_type_calcium_current_m_gate_variable_V_m_T":-30.0,"data_set_value_component_T_type_calcium_current_m_gate_variable_k_m_T":10.5,"data_set_value_component_T_type_calcium_current_h_gate_variable_h_T":0.0,"data_set_value_component_T_type_calcium_current_h_gate_variable_h_T_infinity":0.9308615797,"data_set_value_component_T_type_calcium_current_h_gate_variable_tau_h_T":15.0,"data_set_value_component_T_type_calcium_current_h_gate_variable_V_h_T":-57.0,"data_set_value_component_T_type_calcium_current_h_gate_variable_k_h_T":5.0,"data_set_value_component_voltage_sensitive_K_current_variable_i_K_DR":0.0,"data_set_value_component_voltage_sensitive_K_current_variable_phi_K":10138.5604123643,"data_set_value_component_voltage_sensitive_K_current_variable_g_K_DR":0.1,"data_set_value_component_voltage_sensitive_K_current_n_gate_variable_n":0.0,"data_set_value_component_voltage_sensitive_K_current_n_gate_variable_n_infinity":0.0000149451,"data_set_value_component_voltage_sensitive_K_current_n_gate_variable_tau_n":20.0,"data_set_value_component_voltage_sensitive_K_current_n_gate_variable_V_n":-20.0,"data_set_value_component_voltage_sensitive_K_current_n_gate_variable_k_n":4.5,"data_set_value_component_Ca_activated_K_current_variable_i_K_Ca":138.2102775992,"data_set_value_component_Ca_activated_K_current_variable_g_K_Ca":0.09,"data_set_value_component_Ca_activated_K_current_variable_Kc":0.0004,"data_set_value_component_leak_current_variable_i_leak":-0.9,"data_set_value_component_leak_current_variable_g_L":0.3,"data_set_value_component_leak_current_variable_V_L":-67.0,"data_set_value_component_ER_calcium_variable_Ca_er":0.0172,"data_set_value_component_ER_calcium_variable_J_rel":0.000020328,"data_set_value_component_ER_calcium_variable_J_up":0.0000314126,"data_set_value_component_ER_calcium_variable_V_er":0.2655,"data_set_value_component_ER_calcium_variable_K_er":0.0002,"data_set_value_component_ER_calcium_variable_f_er":0.0025,"data_set_value_component_ER_calcium_variable_P":0.0012,"data_set_value_component_ER_calcium_variable_v_er":0.00005,"data_set_value_component_cytosolic_calcium_variable_Ca_i":0.00026,"data_set_value_component_cytosolic_calcium_variable_V_c":1.5045,"data_set_value_component_cytosolic_calcium_variable_K_p":0.00008,"data_set_value_component_cytosolic_calcium_variable_f_cyt":0.01,"data_set_value_component_cytosolic_calcium_variable_v_p":0.000045,"data_set_value_component_cytosolic_calcium_variable_J_in":0.0,"data_set_value_component_cytosolic_calcium_variable_J_eff":0.0000411081,"data_set_value_component_cytosolic_calcium_variable_alpha":0.0000074,"data_set_value_component_cytosolic_calcium_variable_beta":0.47},{"data_set_value_component_environment_variable_time":0.1,"data_set_value_component_environment_variable_V_cell":1.77,"data_set_value_component_environment_variable_Ca_e":20.0,"data_set_value_component_environment_variable_K_e":5.6,"data_set_value_component_environment_variable_K_i":140.0,"data_set_value_component_environment_variable_V_tau":-60.0,"data_set_value_component_environment_variable_k_tau":22.0,"data_set_value_component_membrane_variable_V":-71.9792015973,"data_set_value_component_membrane_variable_R":8314.0,"data_set_value_component_membrane_variable_T":310.0,"data_set_value_component_membrane_variable_F":96845.0,"data_set_value_component_membrane_variable_Cm":7.0,"data_set_value_component_L_type_calcium_current_variable_i_Ca_L":-0.0009074811,"data_set_value_component_L_type_calcium_current_variable_phi_Ca":-1446.0358831393,"data_set_value_component_L_type_calcium_current_variable_g_Ca_L":9.0,"data_set_value_component_L_type_calcium_current_m_gate_variable_m_L":0.0002640633,"data_set_value_component_L_type_calcium_current_m_gate_variable_m_L_infinity":0.011005792,"data_set_value_component_L_type_calcium_current_m_gate_variable_tau_m_L":4.1393025918,"data_set_value_component_L_type_calcium_current_m_gate_variable_tau_m_L_max":27.0,"data_set_value_component_L_type_calcium_current_m_gate_variable_V_m_L":-18.0,"data_set_value_component_L_type_calcium_current_m_gate_variable_k_m_L":12.0,"data_set_value_component_T_type_calcium_current_variable_i_Ca_T":-0.0001212887,"data_set_value_component_T_type_calcium_current_variable_g_Ca_T":10.0,"data_set_value_component_T_type_calcium_current_m_gate_variable_m_T":0.0011574952,"data_set_value_component_T_type_calcium_current_m_gate_variable_m_T_infinity":0.0180212297,"data_set_value_component_T_type_calcium_current_m_gate_variable_tau_m_T":1.533075034,"data_set_value_component_T_type_calcium_current_m_gate_variable_tau_m_T_max":10.0,"data_set_value_component_T_type_calcium_current_m_gate_variable_V_m_T":-30.0,"data_set_value_component_T_type_calcium_current_m_gate_variable_k_m_T":10.5,"data_set_value_component_T_type_calcium_current_h_gate_variable_h_T":0.0062604124,"data_set_value_component_T_type_calcium_current_h_gate_variable_h_T_infinity":0.9523858522,"data_set_value_component_T_type_calcium_current_h_gate_variable_tau_h_T":15.0,"data_set_value_component_T_type_calcium_current_h_gate_variable_V_h_T":-57.0,"data_set_value_component_T_type_calcium_current_h_gate_variable_k_h_T":5.0,"data_set_value_component_voltage_sensitive_K_current_variable_i_K_DR":0.000062609,"data_set_value_component_voltage_sensitive_K_current_variable_phi_K":10367.5206174776,"data_set_value_component_voltage_sensitive_K_current_variable_g_K_DR":0.1,"data_set_value_component_voltage_sensitive_K_current_n_gate_variable_n":0.0000000604,"data_set_value_component_voltage_sensitive_K_current_n_gate_variable_n_infinity":0.000009627,"data_set_value_component_voltage_sensitive_K_current_n_gate_variable_tau_n":20.0,"data_set_value_component_voltage_sensitive_K_current_n_gate_variable_V_n":-20.0,"data_set_value_component_voltage_sensitive_K_current_n_gate_variable_k_n":4.5,"data_set_value_component_Ca_activated_K_current_variable_i_K_Ca":141.2822638557,"data_set_value_component_Ca_activated_K_current_variable_g_K_Ca":0.09,"data_set_value_component_Ca_activated_K_current_variable_Kc":0.0004,"data_set_value_component_leak_current_variable_i_leak":-1.4937604792,"data_set_value_component_leak_current_variable_g_L":0.3,"data_set_value_component_leak_current_variable_V_L":-67.0,"data_set_value_component_ER_calcium_variable_Ca_er":0.0172000104,"data_set_value_component_ER_calcium_variable_J_rel":0.000020328,"data_set_value_component_ER_calcium_variable_J_up":0.0000314102,"data_set_value_component_ER_calcium_variable_V_er":0.2655,"data_set_value_component_ER_calcium_variable_K_er":0.0002,"data_set_value_component_ER_calcium_variable_f_er":0.0025,"data_set_value_component_ER_calcium_variable_P":0.0012,"data_set_value_component_ER_calcium_variable_v_er":0.00005,"data_set_value_component_cytosolic_calcium_variable_Ca_i":0.0002599733,"data_set_value_component_cytosolic_calcium_variable_V_c":1.5045,"data_set_value_component_cytosolic_calcium_variable_K_p":0.00008,"data_set_value_component_cytosolic_calcium_variable_f_cyt":0.01,"data_set_value_component_cytosolic_calcium_variable_v_p":0.000045,"data_set_value_component_cytosolic_calcium_variable_J_in":0.0000000076,"data_set_value_component_cytosolic_calcium_variable_J_eff":0.0000411074,"data_set_value_component_cytosolic_calcium_variable_alpha":0.0000074,"data_set_value_component_cytosolic_calcium_variable_beta":0.47},{"data_set_value_component_environment_variable_time":0.2,"data_set_value_component_environment_variable_V_cell":1.77,"data_set_value_component_environment_variable_Ca_e":20.0,"data_set_value_component_environment_variable_K_e":5.6,"data_set_value_component_environment_variable_K_i":140.0,"data_set_value_component_environment_variable_V_tau":-60.0,"data_set_value_component_environment_variable_k_tau":22.0,"data_set_value_component_membrane_variable_V":-73.9942435726,"data_set_value_component_membrane_variable_R":8314.0,"data_set_value_component_membrane_variable_T":310.0,"data_set_value_component_membrane_variable_F":96845.0,"data_set_value_component_membrane_variable_Cm":7.0,"data_set_value_component_L_type_calcium_current_variable_i_Ca_L":-0.0035992594,"data_set_value_component_L_type_calcium_current_variable_phi_Ca":-1485.5790080624,"data_set_value_component_L_type_calcium_current_variable_g_Ca_L":9.0,"data_set_value_component_L_type_calcium_current_m_gate_variable_m_L":0.0005188448,"data_set_value_component_L_type_calcium_current_m_gate_variable_m_L_infinity":0.0093203876,"data_set_value_component_L_type_calcium_current_m_gate_variable_tau_m_L":3.52169156,"data_set_value_component_L_type_calcium_current_m_gate_variable_tau_m_L_max":27.0,"data_set_value_component_L_type_calcium_current_m_gate_variable_V_m_L":-18.0,"data_set_value_component_L_type_calcium_current_m_gate_variable_k_m_L":12.0,"data_set_value_component_T_type_calcium_current_variable_i_Ca_T":-0.0009030214,"data_set_value_component_T_type_calcium_current_variable_g_Ca_T":10.0,"data_set_value_component_T_type_calcium_current_m_gate_variable_m_T":0.0021963475,"data_set_value_component_T_type_calcium_current_m_gate_variable_m_T_infinity":0.0149213567,"data_set_value_component_T_type_calcium_current_m_gate_variable_tau_m_T":1.3043302074,"data_set_value_component_T_type_calcium_current_m_gate_variable_tau_m_T_max":10.0,"data_set_value_component_T_type_calcium_current_m_gate_variable_V_m_T":-30.0,"data_set_value_component_T_type_calcium_current_m_gate_variable_k_m_T":10.5,"data_set_value_component_T_type_calcium_current_h_gate_variable_h_T":0.0126008604,"data_set_value_component_T_type_calcium_current_h_gate_variable_h_T_infinity":0.9676685354,"data_set_value_component_T_type_calcium_current_h_gate_variable_tau_h_T":15.0,"data_set_value_component_T_type_calcium_current_h_gate_variable_V_h_T":-57.0,"data_set_value_component_T_type_calcium_current_h_gate_variable_k_h_T":5.0,"data_set_value_component_voltage_sensitive_K_current_variable_i_K_DR":0.0001047281,"data_set_value_component_voltage_sensitive_K_current_variable_phi_K":10602.3323932193,"data_set_value_component_voltage_sensitive_K_current_variable_g_K_DR":0.1,"data_set_value_component_voltage_sensitive_K_current_n_gate_variable_n":0.0000000988,"data_set_value_component_voltage_sensitive_K_current_n_gate_variable_n_infinity":0.000006152,"data_set_value_component_voltage_sensitive_K_current_n_gate_variable_tau_n":20.0,"data_set_value_component_voltage_sensitive_K_current_n_gate_variable_V_n":-20.0,"data_set_value_component_voltage_sensitive_K_current_n_gate_variable_k_n":4.5,"data_set_value_component_Ca_activated_K_current_variable_i_K_Ca":144.4318168693,"data_set_value_component_Ca_activated_K_current_variable_g_K_Ca":0.09,"data_set_value_component_Ca_activated_K_current_variable_Kc":0.0004,"data_set_value_component_leak_current_variable_i_leak":-2.0982730718,"data_set_value_component_leak_current_variable_g_L":0.3,"data_set_value_component_leak_current_variable_V_L":-67.0,"data_set_value_component_ER_calcium_variable_Ca_er":0.0172000209,"data_set_value_component_ER_calcium_variable_J_rel":0.0000203281,"data_set_value_component_ER_calcium_variable_J_up":0.0000314078,"data_set_value_component_ER_calcium_variable_V_er":0.2655,"data_set_value_component_ER_calcium_variable_K_er":0.0002,"data_set_value_component_ER_calcium_variable_f_er":0.0025,"data_set_value_component_ER_calcium_variable_P":0.0012,"data_set_value_component_ER_calcium_variable_v_er":0.00005,"data_set_value_component_cytosolic_calcium_variable_Ca_i":0.0002599466,"data_set_value_component_cytosolic_calcium_variable_V_c":1.5045,"data_set_value_component_cytosolic_calcium_variable_K_p":0.00008,"data_set_value_component_cytosolic_calcium_variable_f_cyt":0.01,"data_set_value_component_cytosolic_calcium_variable_v_p":0.000045,"data_set_value_component_cytosolic_calcium_variable_J_in":0.0000000333,"data_set_value_component_cytosolic_calcium_variable_J_eff":0.0000411066,"data_set_value_component_cytosolic_calcium_variable_alpha":0.0000074,"data_set_value_component_cytosolic_calcium_variable_beta":0.47},{"data_set_value_component_environment_variable_time":0.3,"data_set_value_component_environment_variable_V_cell":1.77,"data_set_value_component_environment_variable_Ca_e":20.0,"data_set_value_component_environment_variable_K_e":5.6,"data_set_value_component_environment_variable_K_i":140.0,"data_set_value_component_environment_variable_V_tau":-60.0,"data_set_value_component_environment_variable_k_tau":22.0,"data_set_value_component_membrane_variable_V":-76.0460608081,"data_set_value_component_membrane_variable_R":8314.0,"data_set_value_component_membrane_variable_T":310.0,"data_set_value_component_membrane_variable_F":96845.0,"data_set_value_component_membrane_variable_Cm":7.0,"data_set_value_component_L_type_calcium_current_variable_i_Ca_L":-0.0080041162,"data_set_value_component_L_type_calcium_current_variable_phi_Ca":-1525.9314164549,"data_set_value_component_L_type_calcium_current_variable_g_Ca_L":9.0,"data_set_value_component_L_type_calcium_current_m_gate_variable_m_L":0.0007634277,"data_set_value_component_L_type_calcium_current_m_gate_variable_m_L_infinity":0.0078670674,"data_set_value_component_L_type_calcium_current_m_gate_variable_tau_m_L":2.972511739,"data_set_value_component_L_type_calcium_current_m_gate_variable_tau_m_L_max":27.0,"data_set_value_component_L_type_calcium_current_m_gate_variable_V_m_L":-18.0,"data_set_value_component_L_type_calcium_current_m_gate_variable_k_m_L":12.0,"data_set_value_component_T_type_calcium_current_variable_i_Ca_T":-0.0027901685,"data_set_value_component_T_type_calcium_current_variable_g_Ca_T":10.0,"data_set_value_component_T_type_calcium_current_m_gate_variable_m_T":0.0031034649,"data_set_value_component_T_type_calcium_current_m_gate_variable_m_T_infinity":0.0123053541,"data_set_value_component_T_type_calcium_current_m_gate_variable_tau_m_T":1.1009302737,"data_set_value_component_T_type_calcium_current_m_gate_variable_tau_m_T_max":10.0,"data_set_value_component_T_type_calcium_current_m_gate_variable_V_m_T":-30.0,"data_set_value_component_T_type_calcium_current_m_gate_variable_k_m_T":10.5,"data_set_value_component_T_type_calcium_current_h_gate_variable_h_T":0.0189846123,"data_set_value_component_T_type_calcium_current_h_gate_variable_h_T_infinity":0.9783150262,"data_set_value_component_T_type_calcium_current_h_gate_variable_tau_h_T":15.0,"data_set_value_component_T_type_calcium_current_h_gate_variable_V_h_T":-57.0,"data_set_value_component_T_type_calcium_current_h_gate_variable_k_h_T":5.0,"data_set_value_component_voltage_sensitive_K_current_variable_i_K_DR":0.000133241,"data_set_value_component_voltage_sensitive_K_current_variable_phi_K":10843.1343008663,"data_set_value_component_voltage_sensitive_K_current_variable_g_K_DR":0.1,"data_set_value_component_voltage_sensitive_K_current_n_gate_variable_n":0.0000001229,"data_set_value_component_voltage_sensitive_K_current_n_gate_variable_n_infinity":0.0000038994,"data_set_value_component_voltage_sensitive_K_current_n_gate_variable_tau_n":20.0,"data_set_value_component_voltage_sensitive_K_current_n_gate_variable_V_n":-20.0,"data_set_value_component_voltage_sensitive_K_current_n_gate_variable_k_n":4.5,"data_set_value_component_Ca_activated_K_current_variable_i_K_Ca":147.6607599208,"data_set_value_component_Ca_activated_K_current_variable_g_K_Ca":0.09,"data_set_value_component_Ca_activated_K_current_variable_Kc":0.0004,"data_set_value_component_leak_current_variable_i_leak":-2.7138182424,"data_set_value_component_leak_current_variable_g_L":0.3,"data_set_value_component_leak_current_variable_V_L":-67.0,"data_set_value_component_ER_calcium_variable_Ca_er":0.0172000313,"data_set_value_component_ER_calcium_variable_J_rel":0.0000203281,"data_set_value_component_ER_calcium_variable_J_up":0.0000314054,"data_set_value_component_ER_calcium_variable_V_er":0.2655,"data_set_value_component_ER_calcium_variable_K_er":0.0002,"data_set_value_component_ER_calcium_variable_f_er":0.0025,"data_set_value_component_ER_calcium_variable_P":0.0012,"data_set_value_component_ER_calcium_variable_v_er":0.00005,"data_set_value_component_cytosolic_calcium_variable_Ca_i":0.00025992,"data_set_value_component_cytosolic_calcium_variable_V_c":1.5045,"data_set_value_component_cytosolic_calcium_variable_K_p":0.00008,"data_set_value_component_cytosolic_calcium_variable_f_cyt":0.01,"data_set_value_component_cytosolic_calcium_variable_v_p":0.000045,"data_set_value_component_cytosolic_calcium_variable_J_in":0.0000000799,"data_set_value_component_cytosolic_calcium_variable_J_eff":0.0000411059,"data_set_value_component_cytosolic_calcium_variable_alpha":0.0000074,"data_set_value_component_cytosolic_calcium_variable_beta":0.47},{"data_set_value_component_environment_variable_time":0.4,"data_set_value_component_environment_variable_V_cell":1.77,"data_set_value_component_environment_variable_Ca_e":20.0,"data_set_value_component_environment_variable_K_e":5.6,"data_set_value_component_environment_variable_K_i":140.0,"data_set_value_component_environment_variable_V_tau":-60.0,"data_set_value_component_environment_variable_k_tau":22.0,"data_set_value_component_membrane_variable_V":-78.1356000405,"data_set_value_component_membrane_variable_R":8314.0,"data_set_value_component_membrane_variable_T":310.0,"data_set_value_component_membrane_variable_F":96845.0,"data_set_value_component_membrane_variable_Cm":7.0,"data_set_value_component_L_type_calcium_current_variable_i_Ca_L":-0.0139908167,"data_set_value_component_L_type_calcium_current_variable_phi_Ca":-1567.1066950554,"data_set_value_component_L_type_calcium_current_variable_g_Ca_L":9.0,"data_set_value_component_L_type_calcium_current_m_gate_variable_m_L":0.0009959809,"data_set_value_component_L_type_calcium_current_m_gate_variable_m_L_infinity":0.0066181451,"data_set_value_component_L_type_calcium_current_m_gate_variable_tau_m_L":2.4910374037,"data_set_value_component_L_type_calcium_current_m_gate_variable_tau_m_L_max":27.0,"data_set_value_component_L_type_calcium_current_m_gate_variable_V_m_L":-18.0,"data_set_value_component_L_type_calcium_current_m_gate_variable_k_m_L":12.0,"data_set_value_component_T_type_calcium_current_variable_i_Ca_T":-0.0059319338,"data_set_value_component_T_type_calcium_current_variable_g_Ca_T":10.0,"data_set_value_component_T_type_calcium_current_m_gate_variable_m_T":0.0038615483,"data_set_value_component_T_type_calcium_current_m_gate_variable_m_T_infinity":0.0101072576,"data_set_value_component_T_type_calcium_current_m_gate_variable_tau_m_T":0.9226064458,"data_set_value_component_T_type_calcium_current_m_gate_variable_tau_m_T_max":10.0,"data_set_value_component_T_type_calcium_current_m_gate_variable_V_m_T":-30.0,"data_set_value_component_T_type_calcium_current_m_gate_variable_k_m_T":10.5,"data_set_value_component_T_type_calcium_current_h_gate_variable_h_T":0.02538486,"data_set_value_component_T_type_calcium_current_h_gate_variable_h_T_infinity":0.9856155699,"data_set_value_component_T_type_calcium_current_h_gate_variable_tau_h_T":15.0,"data_set_value_component_T_type_calcium_current_h_gate_variable_V_h_T":-57.0,"data_set_value_component_T_type_calcium_current_h_gate_variable_k_h_T":5.0,"data_set_value_component_voltage_sensitive_K_current_variable_i_K_DR":0.000152821,"data_set_value_component_voltage_sensitive_K_current_variable_phi_K":11090.0652689667,"data_set_value_component_voltage_sensitive_K_current_variable_g_K_DR":0.1,"data_set_value_component_voltage_sensitive_K_current_n_gate_variable_n":0.0000001378,"data_set_value_component_voltage_sensitive_K_current_n_gate_variable_n_infinity":0.000002451,"data_set_value_component_voltage_sensitive_K_current_n_gate_variable_tau_n":20.0,"data_set_value_component_voltage_sensitive_K_current_n_gate_variable_V_n":-20.0,"data_set_value_component_voltage_sensitive_K_current_n_gate_variable_k_n":4.5,"data_set_value_component_Ca_activated_K_current_variable_i_K_Ca":150.9709216637,"data_set_value_component_Ca_activated_K_current_variable_g_K_Ca":0.09,"data_set_value_component_Ca_activated_K_current_variable_Kc":0.0004,"data_set_value_component_leak_current_variable_i_leak":-3.3406800122,"data_set_value_component_leak_current_variable_g_L":0.3,"data_set_value_component_leak_current_variable_V_L":-67.0,"data_set_value_component_ER_calcium_variable_Ca_er":0.0172000417,"data_set_value_component_ER_calcium_variable_J_rel":0.0000203282,"data_set_value_component_ER_calcium_variable_J_up":0.0000314031,"data_set_value_component_ER_calcium_variable_V_er":0.2655,"data_set_value_component_ER_calcium_variable_K_er":0.0002,"data_set_value_component_ER_calcium_variable_f_er":0.0025,"data_set_value_component_ER_calcium_variable_P":0.0012,"data_set_value_component_ER_calcium_variable_v_er":0.00005,"data_set_value_component_cytosolic_calcium_variable_Ca_i":0.0002598934,"data_set_value_component_cytosolic_calcium_variable_V_c":1.5045,"data_set_value_component_cytosolic_calcium_variable_K_p":0.00008,"data_set_value_component_cytosolic_calcium_variable_f_cyt":0.01,"data_set_value_component_cytosolic_calcium_variable_v_p":0.000045,"data_set_value_component_cytosolic_calcium_variable_J_in":0.0000001474,"data_set_value_component_cytosolic_calcium_variable_J_eff":0.0000411052,"data_set_value_component_cytosolic_calcium_variable_alpha":0.0000074,"data_set_value_component_cytosolic_calcium_variable_beta":0.47},{"data_set_value_component_environment_variable_time":0.5,"data_set_value_component_environment_variable_V_cell":1.77,"data_set_value_component_environment_variable_Ca_e":20.0,"data_set_value_component_environment_variable_K_e":5.6,"data_set_value_component_environment_variable_K_i":140.0,"data_set_value_component_environment_variable_V_tau":-60.0,"data_set_value_component_environment_variable_k_tau":22.0,"data_set_value_component_membrane_variable_V":-80.2638326754,"data_set_value_component_membrane_variable_R":8314.0,"data_set_value_component_membrane_variable_T":310.0,"data_set_value_component_membrane_variable_F":96845.0,"data_set_value_component_membrane_variable_Cm":7.0,"data_set_value_component_L_type_calcium_current_variable_i_Ca_L":-0.0213310403,"data_set_value_component_L_type_calcium_current_variable_phi_Ca":-1609.1191076721,"data_set_value_component_L_type_calcium_current_variable_g_Ca_L":9.0,"data_set_value_component_L_type_calcium_current_m_gate_variable_m_L":0.0012136422,"data_set_value_component_L_type_calcium_current_m_gate_variable_m_L_infinity":0.0055485606,"data_set_value_component_L_type_calcium_current_m_gate_variable_tau_m_L":2.0739751758,"data_set_value_component_L_type_calcium_current_m_gate_variable_tau_m_L_max":27.0,"data_set_value_component_L_type_calcium_current_m_gate_variable_V_m_L":-18.0,"data_set_value_component_L_type_calcium_current_m_gate_variable_k_m_L":12.0,"data_set_value_component_T_type_calcium_current_variable_i_Ca_T":-0.0101288993,"data_set_value_component_T_type_calcium_current_variable_g_Ca_T":10.0,"data_set_value_component_T_type_calcium_current_m_gate_variable_m_T":0.0044503218,"data_set_value_component_T_type_calcium_current_m_gate_variable_m_T_infinity":0.0082682344,"data_set_value_component_T_type_calcium_current_m_gate_variable_tau_m_T":0.768138954,"data_set_value_component_T_type_calcium_current_m_gate_variable_tau_m_T_max":10.0,"data_set_value_component_T_type_calcium_current_m_gate_variable_V_m_T":-30.0,"data_set_value_component_T_type_calcium_current_m_gate_variable_k_m_T":10.5,"data_set_value_component_T_type_calcium_current_h_gate_variable_h_T":0.0317827327,"data_set_value_component_T_type_calcium_current_h_gate_variable_h_T_infinity":0.990554875,"data_set_value_component_T_type_calcium_current_h_gate_variable_tau_h_T":15.0,"data_set_value_component_T_type_calcium_current_h_gate_variable_V_h_T":-57.0,"data_set_value_component_T_type_calcium_current_h_gate_variable_k_h_T":5.0,"data_set_value_component_voltage_sensitive_K_current_variable_i_K_DR":0.0001665591,"data_set_value_component_voltage_sensitive_K_current_variable_phi_K":11343.2659875229,"data_set_value_component_voltage_sensitive_K_current_variable_g_K_DR":0.1,"data_set_value_component_voltage_sensitive_K_current_n_gate_variable_n":0.0000001468,"data_set_value_component_voltage_sensitive_K_current_n_gate_variable_n_infinity":0.0000015274,"data_set_value_component_voltage_sensitive_K_current_n_gate_variable_tau_n":20.0,"data_set_value_component_voltage_sensitive_K_current_n_gate_variable_V_n":-20.0,"data_set_value_component_voltage_sensitive_K_current_n_gate_variable_k_n":4.5,"data_set_value_component_Ca_activated_K_current_variable_i_K_Ca":154.3641526551,"data_set_value_component_Ca_activated_K_current_variable_g_K_Ca":0.09,"data_set_value_component_Ca_activated_K_current_variable_Kc":0.0004,"data_set_value_component_leak_current_variable_i_leak":-3.9791498026,"data_set_value_component_leak_current_variable_g_L":0.3,"data_set_value_component_leak_current_variable_V_L":-67.0,"data_set_value_component_ER_calcium_variable_Ca_er":0.0172000522,"data_set_value_component_ER_calcium_variable_J_rel":0.0000203282,"data_set_value_component_ER_calcium_variable_J_up":0.0000314007,"data_set_value_component_ER_calcium_variable_V_er":0.2655,"data_set_value_component_ER_calcium_variable_K_er":0.0002,"data_set_value_component_ER_calcium_variable_f_er":0.0025,"data_set_value_component_ER_calcium_variable_P":0.0012,"data_set_value_component_ER_calcium_variable_v_er":0.00005,"data_set_value_component_cytosolic_calcium_variable_Ca_i":0.0002598668,"data_set_value_component_cytosolic_calcium_variable_V_c":1.5045,"data_set_value_component_cytosolic_calcium_variable_K_p":0.00008,"data_set_value_component_cytosolic_calcium_variable_f_cyt":0.01,"data_set_value_component_cytosolic_calcium_variable_v_p":0.000045,"data_set_value_component_cytosolic_calcium_variable_J_in":0.0000002328,"data_set_value_component_cytosolic_calcium_variable_J_eff":0.0000411045,"data_set_value_component_cytosolic_calcium_variable_alpha":0.0000074,"data_set_value_component_cytosolic_calcium_variable_beta":0.47},{"data_set_value_component_environment_variable_time":0.6,"data_set_value_component_environment_variable_V_cell":1.77,"data_set_value_component_environment_variable_Ca_e":20.0,"data_set_value_component_environment_variable_K_e":5.6,"data_set_value_component_environment_variable_K_i":140.0,"data_set_value_component_environment_variable_V_tau":-60.0,"data_set_value_component_environment_variable_k_tau":22.0,"data_set_value_component_membrane_variable_V":-82.4317623704,"data_set_value_component_membrane_variable_R":8314.0,"data_set_value_component_membrane_variable_T":310.0,"data_set_value_component_membrane_variable_F":96845.0,"data_set_value_component_membrane_variable_Cm":7.0,"data_set_value_component_L_type_calcium_current_variable_i_Ca_L":-0.0296614545,"data_set_value_component_L_type_calcium_current_variable_phi_Ca":-1651.9837599702,"data_set_value_component_L_type_calcium_current_variable_g_Ca_L":9.0,"data_set_value_component_L_type_calcium_current_m_gate_variable_m_L":0.0014124467,"data_set_value_component_L_type_calcium_current_m_gate_variable_m_L_infinity":0.0046357372,"data_set_value_component_L_type_calcium_current_m_gate_variable_tau_m_L":1.7164179872,"data_set_value_component_L_type_calcium_current_m_gate_variable_tau_m_L_max":27.0,"data_set_value_component_L_type_calcium_current_m_gate_variable_V_m_L":-18.0,"data_set_value_component_L_type_calcium_current_m_gate_variable_k_m_L":12.0,"data_set_value_component_T_type_calcium_current_variable_i_Ca_T":-0.0148236498,"data_set_value_component_T_type_calcium_current_variable_g_Ca_T":10.0,"data_set_value_component_T_type_calcium_current_m_gate_variable_m_T":0.0048488804,"data_set_value_component_T_type_calcium_current_m_gate_variable_m_T_infinity":0.0067361943,"data_set_value_component_T_type_calcium_current_m_gate_variable_tau_m_T":0.6357103656,"data_set_value_component_T_type_calcium_current_m_gate_variable_tau_m_T_max":10.0,"data_set_value_component_T_type_calcium_current_m_gate_variable_V_m_T":-30.0,"data_set_value_component_T_type_calcium_current_m_gate_variable_k_m_T":10.5,"data_set_value_component_T_type_calcium_current_h_gate_variable_h_T":0.0381651025,"data_set_value_component_T_type_calcium_current_h_gate_variable_h_T_infinity":0.9938574418,"data_set_value_component_T_type_calcium_current_h_gate_variable_tau_h_T":15.0,"data_set_value_component_T_type_calcium_current_h_gate_variable_V_h_T":-57.0,"data_set_value_component_T_type_calcium_current_h_gate_variable_k_h_T":5.0,"data_set_value_component_voltage_sensitive_K_current_variable_i_K_DR":0.0001765214,"data_set_value_component_voltage_sensitive_K_current_variable_phi_K":11602.879737256,"data_set_value_component_voltage_sensitive_K_current_variable_g_K_DR":0.1,"data_set_value_component_voltage_sensitive_K_current_n_gate_variable_n":0.0000001521,"data_set_value_component_voltage_sensitive_K_current_n_gate_variable_n_infinity":0.0000009434,"data_set_value_component_voltage_sensitive_K_current_n_gate_variable_tau_n":20.0,"data_set_value_component_voltage_sensitive_K_current_n_gate_variable_V_n":-20.0,"data_set_value_component_voltage_sensitive_K_current_n_gate_variable_k_n":4.5,"data_set_value_component_Ca_activated_K_current_variable_i_K_Ca":157.8423331291,"data_set_value_component_Ca_activated_K_current_variable_g_K_Ca":0.09,"data_set_value_component_Ca_activated_K_current_variable_Kc":0.0004,"data_set_value_component_leak_current_variable_i_leak":-4.6295287111,"data_set_value_component_leak_current_variable_g_L":0.3,"data_set_value_component_leak_current_variable_V_L":-67.0,"data_set_value_component_ER_calcium_variable_Ca_er":0.0172000626,"data_set_value_component_ER_calcium_variable_J_rel":0.0000203283,"data_set_value_component_ER_calcium_variable_J_up":0.0000313983,"data_set_value_component_ER_calcium_variable_V_er":0.2655,"data_set_value_component_ER_calcium_variable_K_er":0.0002,"data_set_value_component_ER_calcium_variable_f_er":0.0025,"data_set_value_component_ER_calcium_variable_P":0.0012,"data_set_value_component_ER_calcium_variable_v_er":0.00005,"data_set_value_component_cytosolic_calcium_variable_Ca_i":0.0002598402,"data_set_value_component_cytosolic_calcium_variable_V_c":1.5045,"data_set_value_component_cytosolic_calcium_variable_K_p":0.00008,"data_set_value_component_cytosolic_calcium_variable_f_cyt":0.01,"data_set_value_component_cytosolic_calcium_variable_v_p":0.000045,"data_set_value_component_cytosolic_calcium_variable_J_in":0.0000003292,"data_set_value_component_cytosolic_calcium_variable_J_eff":0.0000411037,"data_set_value_component_cytosolic_calcium_variable_alpha":0.0000074,"data_set_value_component_cytosolic_calcium_variable_beta":0.47},{"data_set_value_component_environment_variable_time":0.7,"data_set_value_component_environment_variable_V_cell":1.77,"data_set_value_component_environment_variable_Ca_e":20.0,"data_set_value_component_environment_variable_K_e":5.6,"data_set_value_component_environment_variable_K_i":140.0,"data_set_value_component_environment_variable_V_tau":-60.0,"data_set_value_component_environment_variable_k_tau":22.0,"data_set_value_component_membrane_variable_V":-84.6404319493,"data_set_value_component_membrane_variable_R":8314.0,"data_set_value_component_membrane_variable_T":310.0,"data_set_value_component_membrane_variable_F":96845.0,"data_set_value_component_membrane_variable_Cm":7.0,"data_set_value_component_L_type_calcium_current_variable_i_Ca_L":-0.0384499416,"data_set_value_component_L_type_calcium_current_variable_phi_Ca":-1695.7167499253,"data_set_value_component_L_type_calcium_current_variable_g_Ca_L":9.0,"data_set_value_component_L_type_calcium_current_m_gate_variable_m_L":0.0015872668,"data_set_value_component_L_type_calcium_current_m_gate_variable_m_L_infinity":0.0038594283,"data_set_value_component_L_type_calcium_current_m_gate_variable_tau_m_L":1.4126012838,"data_set_value_component_L_type_calcium_current_m_gate_variable_tau_m_L_max":27.0,"data_set_value_component_L_type_calcium_current_m_gate_variable_V_m_L":-18.0,"data_set_value_component_L_type_calcium_current_m_gate_variable_k_m_L":12.0,"data_set_value_component_T_type_calcium_current_variable_i_Ca_T":-0.0191709319,"data_set_value_component_T_type_calcium_current_variable_g_Ca_T":10.0,"data_set_value_component_T_type_calcium_current_m_gate_variable_m_T":0.0050390961,"data_set_value_component_T_type_calcium_current_m_gate_variable_m_T_infinity":0.0054653289,"data_set_value_component_T_type_calcium_current_m_gate_variable_tau_m_T":0.5231856607,"data_set_value_component_T_type_calcium_current_m_gate_variable_tau_m_T_max":10.0,"data_set_value_component_T_type_calcium_current_m_gate_variable_V_m_T":-30.0,"data_set_value_component_T_type_calcium_current_m_gate_variable_k_m_T":10.5,"data_set_value_component_T_type_calcium_current_h_gate_variable_h_T":0.0445230223,"data_set_value_component_T_type_calcium_current_h_gate_variable_h_T_infinity":0.9960421412,"data_set_value_component_T_type_calcium_current_h_gate_variable_tau_h_T":15.0,"data_set_value_component_T_type_calcium_current_h_gate_variable_V_h_T":-57.0,"data_set_value_component_T_type_calcium_current_h_gate_variable_k_h_T":5.0,"data_set_value_component_voltage_sensitive_K_current_variable_i_K_DR":0.000184075,"data_set_value_component_voltage_sensitive_K_current_variable_phi_K":11869.0531745639,"data_set_value_component_voltage_sensitive_K_current_variable_g_K_DR":0.1,"data_set_value_component_voltage_sensitive_K_current_n_gate_variable_n":0.0000001551,"data_set_value_component_voltage_sensitive_K_current_n_gate_variable_n_infinity":0.0000005775,"data_set_value_component_voltage_sensitive_K_current_n_gate_variable_tau_n":20.0,"data_set_value_component_voltage_sensitive_K_current_n_gate_variable_V_n":-20.0,"data_set_value_component_voltage_sensitive_K_current_n_gate_variable_k_n":4.5,"data_set_value_component_Ca_activated_K_current_variable_i_K_Ca":161.4073796542,"data_set_value_component_Ca_activated_K_current_variable_g_K_Ca":0.09,"data_set_value_component_Ca_activated_K_current_variable_Kc":0.0004,"data_set_value_component_leak_current_variable_i_leak":-5.2921295848,"data_set_value_component_leak_current_variable_g_L":0.3,"data_set_value_component_leak_current_variable_V_L":-67.0,"data_set_value_component_ER_calcium_variable_Ca_er":0.017200073,"data_set_value_component_ER_calcium_variable_J_rel":0.0000203283,"data_set_value_component_ER_calcium_variable_J_up":0.0000313959,"data_set_value_component_ER_calcium_variable_V_er":0.2655,"data_set_value_component_ER_calcium_variable_K_er":0.0002,"data_set_value_component_ER_calcium_variable_f_er":0.0025,"data_set_value_component_ER_calcium_variable_P":0.0012,"data_set_value_component_ER_calcium_variable_v_er":0.00005,"data_set_value_component_cytosolic_calcium_variable_Ca_i":0.0002598137,"data_set_value_component_cytosolic_calcium_variable_V_c":1.5045,"data_set_value_component_cytosolic_calcium_variable_K_p":0.00008,"data_set_value_component_cytosolic_calcium_variable_f_cyt":0.01,"data_set_value_component_cytosolic_calcium_variable_v_p":0.000045,"data_set_value_component_cytosolic_calcium_variable_J_in":0.0000004264,"data_set_value_component_cytosolic_calcium_variable_J_eff":0.000041103,"data_set_value_component_cytosolic_calcium_variable_alpha":0.0000074,"data_set_value_component_cytosolic_calcium_variable_beta":0.47},{"data_set_value_component_environment_variable_time":0.8,"data_set_value_component_environment_variable_V_cell":1.77,"data_set_value_component_environment_variable_Ca_e":20.0,"data_set_value_component_environment_variable_K_e":5.6,"data_set_value_component_environment_variable_K_i":140.0,"data_set_value_component_environment_variable_V_tau":-60.0,"data_set_value_component_environment_variable_k_tau":22.0,"data_set_value_component_membrane_variable_V":-86.8909295392,"data_set_value_component_membrane_variable_R":8314.0,"data_set_value_component_membrane_variable_T":310.0,"data_set_value_component_membrane_variable_F":96845.0,"data_set_value_component_membrane_variable_Cm":7.0,"data_set_value_component_L_type_calcium_current_variable_i_Ca_L":-0.0469766504,"data_set_value_component_L_type_calcium_current_variable_phi_Ca":-1740.3353012052,"data_set_value_component_L_type_calcium_current_variable_g_Ca_L":9.0,"data_set_value_component_L_type_calcium_current_m_gate_variable_m_L":0.0017318222,"data_set_value_component_L_type_calcium_current_m_gate_variable_m_L_infinity":0.0032015587,"data_set_value_component_L_type_calcium_current_m_gate_variable_tau_m_L":1.1564598168,"data_set_value_component_L_type_calcium_current_m_gate_variable_tau_m_L_max":27.0,"data_set_value_component_L_type_calcium_current_m_gate_variable_V_m_L":-18.0,"data_set_value_component_L_type_calcium_current_m_gate_variable_k_m_L":12.0,"data_set_value_component_T_type_calcium_current_variable_i_Ca_T":-0.0222165147,"data_set_value_component_T_type_calcium_current_variable_g_Ca_T":10.0,"data_set_value_component_T_type_calcium_current_m_gate_variable_m_T":0.005010416,"data_set_value_component_T_type_calcium_current_m_gate_variable_m_T_infinity":0.0044156106,"data_set_value_component_T_type_calcium_current_m_gate_variable_tau_m_T":0.4283184507,"data_set_value_component_T_type_calcium_current_m_gate_variable_tau_m_T_max":10.0,"data_set_value_component_T_type_calcium_current_m_gate_variable_V_m_T":-30.0,"data_set_value_component_T_type_calcium_current_m_gate_variable_k_m_T":10.5,"data_set_value_component_T_type_calcium_current_h_gate_variable_h_T":0.0508505226,"data_set_value_component_T_type_calcium_current_h_gate_variable_h_T_infinity":0.997472984,"data_set_value_component_T_type_calcium_current_h_gate_variable_tau_h_T":15.0,"data_set_value_component_T_type_calcium_current_h_gate_variable_V_h_T":-57.0,"data_set_value_component_T_type_calcium_current_h_gate_variable_k_h_T":5.0,"data_set_value_component_voltage_sensitive_K_current_variable_i_K_DR":0.0001901139,"data_set_value_component_voltage_sensitive_K_current_variable_phi_K":12141.9370534709,"data_set_value_component_voltage_sensitive_K_current_variable_g_K_DR":0.1,"data_set_value_component_voltage_sensitive_K_current_n_gate_variable_n":0.0000001566,"data_set_value_component_voltage_sensitive_K_current_n_gate_variable_n_infinity":0.0000003502,"data_set_value_component_voltage_sensitive_K_current_n_gate_variable_tau_n":20.0,"data_set_value_component_voltage_sensitive_K_current_n_gate_variable_V_n":-20.0,"data_set_value_component_voltage_sensitive_K_current_n_gate_variable_k_n":4.5,"data_set_value_component_Ca_activated_K_current_variable_i_K_Ca":165.0612510314,"data_set_value_component_Ca_activated_K_current_variable_g_K_Ca":0.09,"data_set_value_component_Ca_activated_K_current_variable_Kc":0.0004,"data_set_value_component_leak_current_variable_i_leak":-5.9672788618,"data_set_value_component_leak_current_variable_g_L":0.3,"data_set_value_component_leak_current_variable_V_L":-67.0,"data_set_value_component_ER_calcium_variable_Ca_er":0.0172000834,"data_set_value_component_ER_calcium_variable_J_rel":0.0000203284,"data_set_value_component_ER_calcium_variable_J_up":0.0000313935,"data_set_value_component_ER_calcium_variable_V_er":0.2655,"data_set_value_component_ER_calcium_variable_K_er":0.0002,"data_set_value_component_ER_calcium_variable_f_er":0.0025,"data_set_value_component_ER_calcium_variable_P":0.0012,"data_set_value_component_ER_calcium_variable_v_er":0.00005,"data_set_value_component_cytosolic_calcium_variable_Ca_i":0.0002597873,"data_set_value_component_cytosolic_calcium_variable_V_c":1.5045,"data_set_value_component_cytosolic_calcium_variable_K_p":0.00008,"data_set_value_component_cytosolic_calcium_variable_f_cyt":0.01,"data_set_value_component_cytosolic_calcium_variable_v_p":0.000045,"data_set_value_component_cytosolic_calcium_variable_J_in":0.000000512,"data_set_value_component_cytosolic_calcium_variable_J_eff":0.0000411023,"data_set_value_component_cytosolic_calcium_variable_alpha":0.0000074,"data_set_value_component_cytosolic_calcium_variable_beta":0.47},{"data_set_value_component_environment_variable_time":0.9,"data_set_value_component_environment_variable_V_cell":1.77,"data_set_value_component_environment_variable_Ca_e":20.0,"data_set_value_component_environment_variable_K_e":5.6,"data_set_value_component_environment_variable_K_i":140.0,"data_set_value_component_environment_variable_V_tau":-60.0,"data_set_value_component_environment_variable_k_tau":22.0,"data_set_value_component_membrane_variable_V":-89.1843910735,"data_set_value_component_membrane_variable_R":8314.0,"data_set_value_component_membrane_variable_T":310.0,"data_set_value_component_membrane_variable_F":96845.0,"data_set_value_component_membrane_variable_Cm":7.0,"data_set_value_component_L_type_calcium_current_variable_i_Ca_L":-0.0543481781,"data_set_value_component_L_type_calcium_current_variable_phi_Ca":-1785.8578223608,"data_set_value_component_L_type_calcium_current_variable_g_Ca_L":9.0,"data_set_value_component_L_type_calcium_current_m_gate_variable_m_L":0.0018388563,"data_set_value_component_L_type_calcium_current_m_gate_variable_m_L_infinity":0.0026460636,"data_set_value_component_L_type_calcium_current_m_gate_variable_tau_m_L":0.9420102776,"data_set_value_component_L_type_calcium_current_m_gate_variable_tau_m_L_max":27.0,"data_set_value_component_L_type_calcium_current_m_gate_variable_V_m_L":-18.0,"data_set_value_component_L_type_calcium_current_m_gate_variable_k_m_L":12.0,"data_set_value_component_T_type_calcium_current_variable_i_Ca_T":-0.023177232,"data_set_value_component_T_type_calcium_current_variable_g_Ca_T":10.0,"data_set_value_component_T_type_calcium_current_m_gate_variable_m_T":0.0047656616,"data_set_value_component_T_type_calcium_current_m_gate_variable_m_T_infinity":0.0035522742,"data_set_value_component_T_type_calcium_current_m_gate_variable_tau_m_T":0.3488926954,"data_set_value_component_T_type_calcium_current_m_gate_variable_tau_m_T_max":10.0,"data_set_value_component_T_type_calcium_current_m_gate_variable_V_m_T":-30.0,"data_set_value_component_T_type_calcium_current_m_gate_variable_k_m_T":10.5,"data_set_value_component_T_type_calcium_current_h_gate_variable_h_T":0.0571436897,"data_set_value_component_T_type_calcium_current_h_gate_variable_h_T_infinity":0.9984011623,"data_set_value_component_T_type_calcium_current_h_gate_variable_tau_h_T":15.0,"data_set_value_component_T_type_calcium_current_h_gate_variable_V_h_T":-57.0,"data_set_value_component_T_type_calcium_current_h_gate_variable_k_h_T":5.0,"data_set_value_component_voltage_sensitive_K_current_variable_i_K_DR":0.0001952198,"data_set_value_component_voltage_sensitive_K_current_variable_phi_K":12421.6865294546,"data_set_value_component_voltage_sensitive_K_current_variable_g_K_DR":0.1,"data_set_value_component_voltage_sensitive_K_current_n_gate_variable_n":0.0000001572,"data_set_value_component_voltage_sensitive_K_current_n_gate_variable_n_infinity":0.0000002104,"data_set_value_component_voltage_sensitive_K_current_n_gate_variable_tau_n":20.0,"data_set_value_component_voltage_sensitive_K_current_n_gate_variable_V_n":-20.0,"data_set_value_component_voltage_sensitive_K_current_n_gate_variable_k_n":4.5,"data_set_value_component_Ca_activated_K_current_variable_i_K_Ca":168.8059498764,"data_set_value_component_Ca_activated_K_current_variable_g_K_Ca":0.09,"data_set_value_component_Ca_activated_K_current_variable_Kc":0.0004,"data_set_value_component_leak_current_variable_i_leak":-6.6553173221,"data_set_value_component_leak_current_variable_g_L":0.3,"data_set_value_component_leak_current_variable_V_L":-67.0,"data_set_value_component_ER_calcium_variable_Ca_er":0.0172000938,"data_set_value_component_ER_calcium_variable_J_rel":0.0000203284,"data_set_value_component_ER_calcium_variable_J_up":0.0000313911,"data_set_value_component_ER_calcium_variable_V_er":0.2655,"data_set_value_component_ER_calcium_variable_K_er":0.0002,"data_set_value_component_ER_calcium_variable_f_er":0.0025,"data_set_value_component_ER_calcium_variable_P":0.0012,"data_set_value_component_ER_calcium_variable_v_er":0.00005,"data_set_value_component_cytosolic_calcium_variable_Ca_i":0.0002597608,"data_set_value_component_cytosolic_calcium_variable_V_c":1.5045,"data_set_value_component_cytosolic_calcium_variable_K_p":0.00008,"data_set_value_component_cytosolic_calcium_variable_f_cyt":0.01,"data_set_value_component_cytosolic_calcium_variable_v_p":0.000045,"data_set_value_component_cytosolic_calcium_variable_J_in":0.0000005737,"data_set_value_component_cytosolic_calcium_variable_J_eff":0.0000411016,"data_set_value_component_cytosolic_calcium_variable_alpha":0.0000074,"data_set_value_component_cytosolic_calcium_variable_beta":0.47},{"data_set_value_component_environment_variable_time":1.0,"data_set_value_component_environment_variable_V_cell":1.77,"data_set_value_component_environment_variable_Ca_e":20.0,"data_set_value_component_environment_variable_K_e":5.6,"data_set_value_component_environment_variable_K_i":140.0,"data_set_value_component_environment_variable_V_tau":-60.0,"data_set_value_component_environment_variable_k_tau":22.0,"data_set_value_component_membrane_variable_V":-91.5219977415,"data_set_value_component_membrane_variable_R":8314.0,"data_set_value_component_membrane_variable_T":310.0,"data_set_value_component_membrane_variable_F":96845.0,"data_set_value_component_membrane_variable_Cm":7.0,"data_set_value_component_L_type_calcium_current_variable_i_Ca_L":-0.0595667137,"data_set_value_component_L_type_calcium_current_variable_phi_Ca":-1832.3038629596,"data_set_value_component_L_type_calcium_current_variable_g_Ca_L":9.0,"data_set_value_component_L_type_calcium_current_m_gate_variable_m_L":0.001900561,"data_set_value_component_L_type_calcium_current_m_gate_variable_m_L_infinity":0.0021787276,"data_set_value_component_L_type_calcium_current_m_gate_variable_tau_m_L":0.7635945939,"data_set_value_component_L_type_calcium_current_m_gate_variable_tau_m_L_max":27.0,"data_set_value_component_L_type_calcium_current_m_gate_variable_V_m_L":-18.0,"data_set_value_component_L_type_calcium_current_m_gate_variable_k_m_L":12.0,"data_set_value_component_T_type_calcium_current_variable_i_Ca_T":-0.0217444535,"data_set_value_component_T_type_calcium_current_variable_g_Ca_T":10.0,"data_set_value_component_T_type_calcium_current_m_gate_variable_m_T":0.0043264415,"data_set_value_component_T_type_calcium_current_m_gate_variable_m_T_infinity":0.0028452987,"data_set_value_component_T_type_calcium_current_m_gate_variable_tau_m_T":0.2828128125,"data_set_value_component_T_type_calcium_current_m_gate_variable_tau_m_T_max":10.0,"data_set_value_component_T_type_calcium_current_m_gate_variable_V_m_T":-30.0,"data_set_value_component_T_type_calcium_current_m_gate_variable_k_m_T":10.5,"data_set_value_component_T_type_calcium_current_h_gate_variable_h_T":0.0634000109,"data_set_value_component_T_type_calcium_current_h_gate_variable_h_T_infinity":0.9989976444,"data_set_value_component_T_type_calcium_current_h_gate_variable_tau_h_T":15.0,"data_set_value_component_T_type_calcium_current_h_gate_variable_V_h_T":-57.0,"data_set_value_component_T_type_calcium_current_h_gate_variable_k_h_T":5.0,"data_set_value_component_voltage_sensitive_K_current_variable_i_K_DR":0.0001997695,"data_set_value_component_voltage_sensitive_K_current_variable_phi_K":12708.460851144,"data_set_value_component_voltage_sensitive_K_current_variable_g_K_DR":0.1,"data_set_value_component_voltage_sensitive_K_current_n_gate_variable_n":0.0000001572,"data_set_value_component_voltage_sensitive_K_current_n_gate_variable_n_infinity":0.0000001251,"data_set_value_component_voltage_sensitive_K_current_n_gate_variable_tau_n":20.0,"data_set_value_component_voltage_sensitive_K_current_n_gate_variable_V_n":-20.0,"data_set_value_component_voltage_sensitive_K_current_n_gate_variable_k_n":4.5,"data_set_value_component_Ca_activated_K_current_variable_i_K_Ca":172.6435183113,"data_set_value_component_Ca_activated_K_current_variable_g_K_Ca":0.09,"data_set_value_component_Ca_activated_K_current_variable_Kc":0.0004,"data_set_value_component_leak_current_variable_i_leak":-7.3565993225,"data_set_value_component_leak_current_variable_g_L":0.3,"data_set_value_component_leak_current_variable_V_L":-67.0,"data_set_value_component_ER_calcium_variable_Ca_er":0.0172001043,"data_set_value_component_ER_calcium_variable_J_rel":0.0000203284,"data_set_value_component_ER_calcium_variable_J_up":0.0000313888,"data_set_value_component_ER_calcium_variable_V_er":0.2655,"data_set_value_component_ER_calcium_variable_K_er":0.0002,"data_set_value_component_ER_calcium_variable_f_er":0.0025,"data_set_value_component_ER_calcium_variable_P":0.0012,"data_set_value_component_ER_calcium_variable_v_er":0.00005,"data_set_value_component_cytosolic_calcium_variable_Ca_i":0.0002597345,"data_set_value_component_cytosolic_calcium_variable_V_c":1.5045,"data_set_value_component_cytosolic_calcium_variable_K_p":0.00008,"data_set_value_component_cytosolic_calcium_variable_f_cyt":0.01,"data_set_value_component_cytosolic_calcium_variable_v_p":0.000045,"data_set_value_component_cytosolic_calcium_variable_J_in":0.0000006017,"data_set_value_component_cytosolic_calcium_variable_J_eff":0.0000411008,"data_set_value_component_cytosolic_calcium_variable_alpha":0.0000074,"data_set_value_component_cytosolic_calcium_variable_beta":0.47}]