[{"data_set_value_component_environment_variable_time":0.0,"data_set_value_component_Rs_variable_Rs":11100.0,"data_set_value_component_RL_variable_RL":0.0,"data_set_value_component_Ri_variable_Ri":3900.0,"data_set_value_component_L_variable_L":0.0000001,"data_set_value_component_R2L2_variable_R2L2":0.0,"data_set_value_component_R2_CPP_variable_R2_CPP":0.0,"data_set_value_component_Li_variable_Li":0.0,"data_set_value_component_R2i_variable_R2i":0.0,"data_set_value_component_Shc_variable_Shc":30000.0,"data_set_value_component_ShcP_variable_ShcP":0.0,"data_set_value_component_ShcGS_variable_ShcGS":0.0,"data_set_value_component_GS_variable_GS":20000.0,"data_set_value_component_GSP_variable_GSP":0.0,"data_set_value_component_RasGDP_variable_RasGDP":19800.0,"data_set_value_component_Ras_ShcGS_variable_Ras_ShcGS":0.0,"data_set_value_component_RasGTP_variable_RasGTP":200.0,"data_set_value_component_GAP_variable_GAP":15000.0,"data_set_value_component_Ras_GAP_variable_Ras_GAP":0.0,"data_set_value_component_Raf_variable_Raf":10000.0,"data_set_value_component_Ras_Raf_variable_Ras_Raf":0.0,"data_set_value_component_Rafa_variable_Rafa":0.0,"data_set_value_component_MEK_variable_MEK":360000.0,"data_set_value_component_MEKP_variable_MEKP":0.0,"data_set_value_component_MEKPP_variable_MEKPP":0.0,"data_set_value_component_ERK_variable_ERK":750000.0,"data_set_value_component_ERKP_variable_ERKP":0.0,"data_set_value_component_ERKPP_variable_ERKPP":0.0,"data_set_value_component_t_variable_t":0.0,"data_set_value_component_X_variable_X":0.0,"data_set_value_component_v1_variable_v1":426473.1,"data_set_value_component_v1_variable_k1":384210000.0,"data_set_value_component_v1_variable_kn1":0.73,"data_set_value_component_v2_variable_v2":0.0,"data_set_value_component_v2_variable_DT":6.5,"data_set_value_component_v2_variable_E":0.12,"data_set_value_component_v2_variable_k2":0.7,"data_set_value_component_v2_variable_f":0.2,"data_set_value_component_v3_variable_v3":2.28,"data_set_value_component_v3_variable_DT":6.5,"data_set_value_component_v3_variable_E":0.12,"data_set_value_component_v3_variable_kn3":0.7,"data_set_value_component_v3_variable_f":0.2,"data_set_value_component_v3_variable_k3":0.0484,"data_set_value_component_v4_variable_v4":0.0,"data_set_value_component_v4_variable_k2_4":0.0000001,"data_set_value_component_v4_variable_k4":0.001383,"data_set_value_component_v5_variable_v5":0.0,"data_set_value_component_v5_variable_DT":6.5,"data_set_value_component_v5_variable_E":0.12,"data_set_value_component_v5_variable_k5":0.35,"data_set_value_component_v5_variable_f":0.2,"data_set_value_component_v6_variable_v6":0.0,"data_set_value_component_v6_variable_DT":6.5,"data_set_value_component_v6_variable_E":0.12,"data_set_value_component_v6_variable_k6":0.35,"data_set_value_component_v7_variable_v7":0.0,"data_set_value_component_v7_variable_k7":1.0,"data_set_value_component_v7_variable_f":0.2,"data_set_value_component_v7_variable_kn7":0.000347,"data_set_value_component_v8_variable_v8":0.0,"data_set_value_component_v8_variable_DT":6.5,"data_set_value_component_v8_variable_E":0.12,"data_set_value_component_v8_variable_k8":0.35,"data_set_value_component_v9_variable_v9":0.0,"data_set_value_component_v9_variable_k9":12.0,"data_set_value_component_v9_variable_K_9":6000.0,"data_set_value_component_v10_variable_v10":0.0,"data_set_value_component_v10_variable_V_10":300000.0,"data_set_value_component_v10_variable_K_10":6000.0,"data_set_value_component_v11_variable_v11":0.0,"data_set_value_component_v11_variable_k11":0.002,"data_set_value_component_v11_variable_kn11":3.81,"data_set_value_component_v12_variable_v12":0.0,"data_set_value_component_v12_variable_k12":0.0163,"data_set_value_component_v12_variable_kn12":10.0,"data_set_value_component_v13_variable_v13":0.0,"data_set_value_component_v13_variable_k_13":15.0,"data_set_value_component_v14_variable_v14":15000.0,"data_set_value_component_v14_variable_k14":0.005,"data_set_value_component_v14_variable_kn14":60.0,"data_set_value_component_v15_variable_v15":0.0,"data_set_value_component_v15_variable_k15":720.0,"data_set_value_component_v16_variable_v16":2400.0,"data_set_value_component_v16_variable_k16":0.0012,"data_set_value_component_v16_variable_kn16":3.0,"data_set_value_component_v17_variable_v17":0.0,"data_set_value_component_v17_variable_k17":27.0,"data_set_value_component_v18_variable_v18":0.0,"data_set_value_component_v18_variable_V_18":97000.0,"data_set_value_component_v18_variable_K_18":6000.0,"data_set_value_component_v19_variable_v19":0.0,"data_set_value_component_v19_variable_k19":50.0,"data_set_value_component_v19_variable_K_19":9000.0,"data_set_value_component_v20_variable_v20":0.0,"data_set_value_component_v20_variable_V_20":920000.0,"data_set_value_component_v20_variable_K_20":600000.0,"data_set_value_component_v21_variable_v21":0.0,"data_set_value_component_v21_variable_k21":50.0,"data_set_value_component_v21_variable_K_21":9000.0,"data_set_value_component_v22_variable_v22":0.0,"data_set_value_component_v22_variable_V_22":920000.0,"data_set_value_component_v22_variable_K_22":600000.0,"data_set_value_component_v23_variable_v23":0.0,"data_set_value_component_v23_variable_k23":8.3,"data_set_value_component_v23_variable_K_23":90000.0,"data_set_value_component_v24_variable_v24":0.0,"data_set_value_component_v24_variable_V_24":200000.0,"data_set_value_component_v24_variable_K_24":600000.0,"data_set_value_component_v25_variable_v25":0.0,"data_set_value_component_v25_variable_k25":8.3,"data_set_value_component_v25_variable_K_25":90000.0,"data_set_value_component_v26_variable_v26":0.0,"data_set_value_component_v26_variable_V_26":400000.0,"data_set_value_component_v26_variable_K_26":600000.0,"data_set_value_component_v27_variable_v27":0.0,"data_set_value_component_v27_variable_k27":1.6,"data_set_value_component_v27_variable_K_27":600000.0,"data_set_value_component_v28_variable_v28":0.0,"data_set_value_component_v28_variable_V_28":75.0,"data_set_value_component_v28_variable_K_28":20000.0,"data_set_value_component_v29_variable_v29":1.0,"data_set_value_component_v29_variable_v_1":1.0,"data_set_value_component_v30_variable_v30":0.0,"data_set_value_component_v30_variable_k_11":0.0},{"data_set_value_component_environment_variable_time":0.1,"data_set_value_component_Rs_variable_Rs":11100.2282359495,"data_set_value_component_RL_variable_RL":0.0000000998,"data_set_value_component_Ri_variable_Ri":3900.2282360497,"data_set_value_component_L_variable_L":1.708805636e-20,"data_set_value_component_R2L2_variable_R2L2":1.36638407e-18,"data_set_value_component_R2_CPP_variable_R2_CPP":1.369964641e-20,"data_set_value_component_Li_variable_Li":0.0000000002,"data_set_value_component_R2i_variable_R2i":5.94602985e-22,"data_set_value_component_Shc_variable_Shc":30000.0,"data_set_value_component_ShcP_variable_ShcP":0.0,"data_set_value_component_ShcGS_variable_ShcGS":0.0,"data_set_value_component_GS_variable_GS":20000.0,"data_set_value_component_GSP_variable_GSP":0.0,"data_set_value_component_RasGDP_variable_RasGDP":19994.4393329266,"data_set_value_component_Ras_ShcGS_variable_Ras_ShcGS":0.0,"data_set_value_component_RasGTP_variable_RasGTP":1.8694783333,"data_set_value_component_GAP_variable_GAP":14999.8143299046,"data_set_value_component_Ras_GAP_variable_Ras_GAP":0.1856700954,"data_set_value_component_Raf_variable_Raf":9975.5300102039,"data_set_value_component_Ras_Raf_variable_Ras_Raf":3.505517504,"data_set_value_component_Rafa_variable_Rafa":2.1974581872,"data_set_value_component_MEK_variable_MEK":359982.6022680973,"data_set_value_component_MEKP_variable_MEKP":17.3795836309,"data_set_value_component_MEKPP_variable_MEKPP":0.0181482719,"data_set_value_component_ERK_variable_ERK":749993.5359759988,"data_set_value_component_ERKP_variable_ERKP":6.4637640351,"data_set_value_component_ERKPP_variable_ERKPP":0.0002599674,"data_set_value_component_t_variable_t":0.1,"data_set_value_component_X_variable_X":0.0,"data_set_value_component_v1_variable_v1":3.044024654e-22,"data_set_value_component_v1_variable_k1":384210000.0,"data_set_value_component_v1_variable_kn1":0.73,"data_set_value_component_v2_variable_v2":0.0000000017,"data_set_value_component_v2_variable_DT":6.5,"data_set_value_component_v2_variable_E":0.12,"data_set_value_component_v2_variable_k2":0.7,"data_set_value_component_v2_variable_f":0.2,"data_set_value_component_v3_variable_v3":2.2822325772,"data_set_value_component_v3_variable_DT":6.5,"data_set_value_component_v3_variable_E":0.12,"data_set_value_component_v3_variable_kn3":0.7,"data_set_value_component_v3_variable_f":0.2,"data_set_value_component_v3_variable_k3":0.0484,"data_set_value_component_v4_variable_v4":1.378360873e-17,"data_set_value_component_v4_variable_k2_4":0.0000001,"data_set_value_component_v4_variable_k4":0.001383,"data_set_value_component_v5_variable_v5":1.147793268e-20,"data_set_value_component_v5_variable_DT":6.5,"data_set_value_component_v5_variable_E":0.12,"data_set_value_component_v5_variable_k5":0.35,"data_set_value_component_v5_variable_f":0.2,"data_set_value_component_v6_variable_v6":2.497399223e-23,"data_set_value_component_v6_variable_DT":6.5,"data_set_value_component_v6_variable_E":0.12,"data_set_value_component_v6_variable_k6":0.35,"data_set_value_component_v7_variable_v7":2.732720602e-19,"data_set_value_component_v7_variable_k7":1.0,"data_set_value_component_v7_variable_f":0.2,"data_set_value_component_v7_variable_kn7":0.000347,"data_set_value_component_v8_variable_v8":5.754005138e-22,"data_set_value_component_v8_variable_DT":6.5,"data_set_value_component_v8_variable_E":0.12,"data_set_value_component_v8_variable_k8":0.35,"data_set_value_component_v9_variable_v9":2.761356639e-17,"data_set_value_component_v9_variable_k9":12.0,"data_set_value_component_v9_variable_K_9":6000.0,"data_set_value_component_v10_variable_v10":0.0,"data_set_value_component_v10_variable_V_10":300000.0,"data_set_value_component_v10_variable_K_10":6000.0,"data_set_value_component_v11_variable_v11":0.0,"data_set_value_component_v11_variable_k11":0.002,"data_set_value_component_v11_variable_kn11":3.81,"data_set_value_component_v12_variable_v12":0.0,"data_set_value_component_v12_variable_k12":0.0163,"data_set_value_component_v12_variable_kn12":10.0,"data_set_value_component_v13_variable_v13":0.0,"data_set_value_component_v13_variable_k_13":15.0,"data_set_value_component_v14_variable_v14":129.0689337413,"data_set_value_component_v14_variable_k14":0.005,"data_set_value_component_v14_variable_kn14":60.0,"data_set_value_component_v15_variable_v15":133.6824686675,"data_set_value_component_v15_variable_k15":720.0,"data_set_value_component_v16_variable_v16":11.8622921482,"data_set_value_component_v16_variable_k16":0.0012,"data_set_value_component_v16_variable_kn16":3.0,"data_set_value_component_v17_variable_v17":94.6489726084,"data_set_value_component_v17_variable_k17":27.0,"data_set_value_component_v18_variable_v18":35.5125677953,"data_set_value_component_v18_variable_V_18":97000.0,"data_set_value_component_v18_variable_K_18":6000.0,"data_set_value_component_v19_variable_v19":107.1929559452,"data_set_value_component_v19_variable_k19":50.0,"data_set_value_component_v19_variable_K_19":9000.0,"data_set_value_component_v20_variable_v20":26.6479230177,"data_set_value_component_v20_variable_V_20":920000.0,"data_set_value_component_v20_variable_K_20":600000.0,"data_set_value_component_v21_variable_v21":0.2117627853,"data_set_value_component_v21_variable_k21":50.0,"data_set_value_component_v21_variable_K_21":9000.0,"data_set_value_component_v22_variable_v22":0.0278273494,"data_set_value_component_v22_variable_V_22":920000.0,"data_set_value_component_v22_variable_K_22":600000.0,"data_set_value_component_v23_variable_v23":128.9295012924,"data_set_value_component_v23_variable_k23":8.3,"data_set_value_component_v23_variable_K_23":90000.0,"data_set_value_component_v24_variable_v24":2.1545648007,"data_set_value_component_v24_variable_V_24":200000.0,"data_set_value_component_v24_variable_K_24":600000.0,"data_set_value_component_v25_variable_v25":0.0103700899,"data_set_value_component_v25_variable_k25":8.3,"data_set_value_component_v25_variable_K_25":90000.0,"data_set_value_component_v26_variable_v26":0.0001733116,"data_set_value_component_v26_variable_V_26":400000.0,"data_set_value_component_v26_variable_K_26":600000.0,"data_set_value_component_v27_variable_v27":0.0,"data_set_value_component_v27_variable_k27":1.6,"data_set_value_component_v27_variable_K_27":600000.0,"data_set_value_component_v28_variable_v28":0.0,"data_set_value_component_v28_variable_V_28":75.0,"data_set_value_component_v28_variable_K_28":20000.0,"data_set_value_component_v29_variable_v29":1.0,"data_set_value_component_v29_variable_v_1":1.0,"data_set_value_component_v30_variable_v30":0.0,"data_set_value_component_v30_variable_k_11":0.0},{"data_set_value_component_environment_variable_time":0.2,"data_set_value_component_Rs_variable_Rs":11100.4554494954,"data_set_value_component_RL_variable_RL":0.0000000997,"data_set_value_component_Ri_variable_Ri":3900.4554495957,"data_set_value_component_L_variable_L":1.705902047e-20,"data_set_value_component_R2L2_variable_R2L2":2.700004571e-18,"data_set_value_component_R2_CPP_variable_R2_CPP":5.428295125e-20,"data_set_value_component_Li_variable_Li":0.0000000003,"data_set_value_component_R2i_variable_R2i":2.432539644e-21,"data_set_value_component_Shc_variable_Shc":30000.0,"data_set_value_component_ShcP_variable_ShcP":0.0,"data_set_value_component_ShcGS_variable_ShcGS":0.0,"data_set_value_component_GS_variable_GS":20000.0,"data_set_value_component_GSP_variable_GSP":0.0,"data_set_value_component_RasGDP_variable_RasGDP":19999.4843399217,"data_set_value_component_Ras_ShcGS_variable_Ras_ShcGS":0.0,"data_set_value_component_RasGTP_variable_RasGTP":0.1713845606,"data_set_value_component_GAP_variable_GAP":14999.9830035805,"data_set_value_component_Ras_GAP_variable_Ras_GAP":0.0169964195,"data_set_value_component_Raf_variable_Raf":9976.4797270189,"data_set_value_component_Ras_Raf_variable_Ras_Raf":0.3272779574,"data_set_value_component_Rafa_variable_Rafa":0.2137004346,"data_set_value_component_MEK_variable_MEK":359981.2811855272,"data_set_value_component_MEKP_variable_MEKP":18.6952391692,"data_set_value_component_MEKPP_variable_MEKPP":0.0235753038,"data_set_value_component_ERK_variable_ERK":749980.0282296824,"data_set_value_component_ERKP_variable_ERKP":19.9692890361,"data_set_value_component_ERKPP_variable_ERKPP":0.0024812834,"data_set_value_component_t_variable_t":0.2,"data_set_value_component_X_variable_X":0.0,"data_set_value_component_v1_variable_v1":3.044024654e-22,"data_set_value_component_v1_variable_k1":384210000.0,"data_set_value_component_v1_variable_kn1":0.73,"data_set_value_component_v2_variable_v2":0.0000000017,"data_set_value_component_v2_variable_DT":6.5,"data_set_value_component_v2_variable_E":0.12,"data_set_value_component_v2_variable_k2":0.7,"data_set_value_component_v2_variable_f":0.2,"data_set_value_component_v3_variable_v3":2.2545544318,"data_set_value_component_v3_variable_DT":6.5,"data_set_value_component_v3_variable_E":0.12,"data_set_value_component_v3_variable_kn3":0.7,"data_set_value_component_v3_variable_f":0.2,"data_set_value_component_v3_variable_k3":0.0484,"data_set_value_component_v4_variable_v4":1.373736877e-17,"data_set_value_component_v4_variable_k2_4":0.0000001,"data_set_value_component_v4_variable_k4":0.001383,"data_set_value_component_v5_variable_v5":2.268488334e-20,"data_set_value_component_v5_variable_DT":6.5,"data_set_value_component_v5_variable_E":0.12,"data_set_value_component_v5_variable_k5":0.35,"data_set_value_component_v5_variable_f":0.2,"data_set_value_component_v6_variable_v6":1.0218849e-22,"data_set_value_component_v6_variable_DT":6.5,"data_set_value_component_v6_variable_E":0.12,"data_set_value_component_v6_variable_k6":0.35,"data_set_value_component_v7_variable_v7":5.399820781e-19,"data_set_value_component_v7_variable_k7":1.0,"data_set_value_component_v7_variable_f":0.2,"data_set_value_component_v7_variable_kn7":0.000347,"data_set_value_component_v8_variable_v8":2.280370985e-21,"data_set_value_component_v8_variable_DT":6.5,"data_set_value_component_v8_variable_E":0.12,"data_set_value_component_v8_variable_k8":0.35,"data_set_value_component_v9_variable_v9":5.513440124e-17,"data_set_value_component_v9_variable_k9":12.0,"data_set_value_component_v9_variable_K_9":6000.0,"data_set_value_component_v10_variable_v10":0.0,"data_set_value_component_v10_variable_V_10":300000.0,"data_set_value_component_v10_variable_K_10":6000.0,"data_set_value_component_v11_variable_v11":0.0,"data_set_value_component_v11_variable_k11":0.002,"data_set_value_component_v11_variable_kn11":3.81,"data_set_value_component_v12_variable_v12":0.0,"data_set_value_component_v12_variable_k12":0.0163,"data_set_value_component_v12_variable_kn12":10.0,"data_set_value_component_v13_variable_v13":0.0,"data_set_value_component_v13_variable_k_13":15.0,"data_set_value_component_v14_variable_v14":11.8340423104,"data_set_value_component_v14_variable_k14":0.005,"data_set_value_component_v14_variable_kn14":60.0,"data_set_value_component_v15_variable_v15":12.2374220492,"data_set_value_component_v15_variable_k15":720.0,"data_set_value_component_v16_variable_v16":1.0699436412,"data_set_value_component_v16_variable_k16":0.0012,"data_set_value_component_v16_variable_kn16":3.0,"data_set_value_component_v17_variable_v17":8.8365048497,"data_set_value_component_v17_variable_k17":27.0,"data_set_value_component_v18_variable_v18":3.4547006478,"data_set_value_component_v18_variable_V_18":97000.0,"data_set_value_component_v18_variable_K_18":6000.0,"data_set_value_component_v19_variable_v19":10.4243982236,"data_set_value_component_v19_variable_k19":50.0,"data_set_value_component_v19_variable_K_19":9000.0,"data_set_value_component_v20_variable_v20":28.6651402234,"data_set_value_component_v20_variable_V_20":920000.0,"data_set_value_component_v20_variable_K_20":600000.0,"data_set_value_component_v21_variable_v21":0.0221494386,"data_set_value_component_v21_variable_k21":50.0,"data_set_value_component_v21_variable_K_21":9000.0,"data_set_value_component_v22_variable_v22":0.0361487978,"data_set_value_component_v22_variable_V_22":920000.0,"data_set_value_component_v22_variable_K_22":600000.0,"data_set_value_component_v23_variable_v23":138.7193900346,"data_set_value_component_v23_variable_k23":8.3,"data_set_value_component_v23_variable_K_23":90000.0,"data_set_value_component_v24_variable_v24":6.6562081458,"data_set_value_component_v24_variable_V_24":200000.0,"data_set_value_component_v24_variable_K_24":600000.0,"data_set_value_component_v25_variable_v25":0.0344651501,"data_set_value_component_v25_variable_k25":8.3,"data_set_value_component_v25_variable_K_25":90000.0,"data_set_value_component_v26_variable_v26":0.0016541889,"data_set_value_component_v26_variable_V_26":400000.0,"data_set_value_component_v26_variable_K_26":600000.0,"data_set_value_component_v27_variable_v27":0.0,"data_set_value_component_v27_variable_k27":1.6,"data_set_value_component_v27_variable_K_27":600000.0,"data_set_value_component_v28_variable_v28":0.0,"data_set_value_component_v28_variable_V_28":75.0,"data_set_value_component_v28_variable_K_28":20000.0,"data_set_value_component_v29_variable_v29":1.0,"data_set_value_component_v29_variable_v_1":1.0,"data_set_value_component_v30_variable_v30":0.0,"data_set_value_component_v30_variable_k_11":0.0},{"data_set_value_component_environment_variable_time":0.3,"data_set_value_component_Rs_variable_Rs":11100.677149299,"data_set_value_component_RL_variable_RL":0.0000000995,"data_set_value_component_Ri_variable_Ri":3900.6771493996,"data_set_value_component_L_variable_L":1.703003283e-20,"data_set_value_component_R2L2_variable_R2L2":4.001551712e-18,"data_set_value_component_R2_CPP_variable_R2_CPP":1.209892095e-19,"data_set_value_component_Li_variable_Li":0.0000000005,"data_set_value_component_R2i_variable_R2i":5.593524747e-21,"data_set_value_component_Shc_variable_Shc":30000.0,"data_set_value_component_ShcP_variable_ShcP":0.0,"data_set_value_component_ShcGS_variable_ShcGS":0.0,"data_set_value_component_GS_variable_GS":20000.0,"data_set_value_component_GSP_variable_GSP":0.0,"data_set_value_component_RasGDP_variable_RasGDP":19999.9519434451,"data_set_value_component_Ras_ShcGS_variable_Ras_ShcGS":0.0,"data_set_value_component_RasGTP_variable_RasGTP":0.0159713108,"data_set_value_component_GAP_variable_GAP":14999.9984161084,"data_set_value_component_Ras_GAP_variable_Ras_GAP":0.0015838917,"data_set_value_component_Raf_variable_Raf":9976.5709220687,"data_set_value_component_Ras_Raf_variable_Ras_Raf":0.0305002117,"data_set_value_component_Rafa_variable_Rafa":0.0199344766,"data_set_value_component_MEK_variable_MEK":359983.5796580484,"data_set_value_component_MEKP_variable_MEKP":16.3993835664,"data_set_value_component_MEKPP_variable_MEKPP":0.0209583854,"data_set_value_component_ERK_variable_ERK":749967.8509033492,"data_set_value_component_ERKP_variable_ERKP":32.1426680736,"data_set_value_component_ERKPP_variable_ERKPP":0.0064285788,"data_set_value_component_t_variable_t":0.3,"data_set_value_component_X_variable_X":0.0,"data_set_value_component_v1_variable_v1":2.64697796e-22,"data_set_value_component_v1_variable_k1":384210000.0,"data_set_value_component_v1_variable_kn1":0.73,"data_set_value_component_v2_variable_v2":0.0000000017,"data_set_value_component_v2_variable_DT":6.5,"data_set_value_component_v2_variable_E":0.12,"data_set_value_component_v2_variable_k2":0.7,"data_set_value_component_v2_variable_f":0.2,"data_set_value_component_v3_variable_v3":2.1669473907,"data_set_value_component_v3_variable_DT":6.5,"data_set_value_component_v3_variable_E":0.12,"data_set_value_component_v3_variable_kn3":0.7,"data_set_value_component_v3_variable_f":0.2,"data_set_value_component_v3_variable_k3":0.0484,"data_set_value_component_v4_variable_v4":1.369126858e-17,"data_set_value_component_v4_variable_k2_4":0.0000001,"data_set_value_component_v4_variable_k4":0.001383,"data_set_value_component_v5_variable_v5":3.363726762e-20,"data_set_value_component_v5_variable_DT":6.5,"data_set_value_component_v5_variable_E":0.12,"data_set_value_component_v5_variable_k5":0.35,"data_set_value_component_v5_variable_f":0.2,"data_set_value_component_v6_variable_v6":2.350974102e-22,"data_set_value_component_v6_variable_DT":6.5,"data_set_value_component_v6_variable_E":0.12,"data_set_value_component_v6_variable_k6":0.35,"data_set_value_component_v7_variable_v7":8.002683592e-19,"data_set_value_component_v7_variable_k7":1.0,"data_set_value_component_v7_variable_f":0.2,"data_set_value_component_v7_variable_kn7":0.000347,"data_set_value_component_v8_variable_v8":5.085210327e-21,"data_set_value_component_v8_variable_DT":6.5,"data_set_value_component_v8_variable_E":0.12,"data_set_value_component_v8_variable_k8":0.35,"data_set_value_component_v9_variable_v9":8.256268893e-17,"data_set_value_component_v9_variable_k9":12.0,"data_set_value_component_v9_variable_K_9":6000.0,"data_set_value_component_v10_variable_v10":0.0,"data_set_value_component_v10_variable_V_10":300000.0,"data_set_value_component_v10_variable_K_10":6000.0,"data_set_value_component_v11_variable_v11":0.0,"data_set_value_component_v11_variable_k11":0.002,"data_set_value_component_v11_variable_kn11":3.81,"data_set_value_component_v12_variable_v12":0.0,"data_set_value_component_v12_variable_k12":0.0163,"data_set_value_component_v12_variable_kn12":10.0,"data_set_value_component_v13_variable_v13":0.0,"data_set_value_component_v13_variable_k_13":15.0,"data_set_value_component_v14_variable_v14":1.1028146805,"data_set_value_component_v14_variable_k14":0.005,"data_set_value_component_v14_variable_kn14":60.0,"data_set_value_component_v15_variable_v15":1.1404019953,"data_set_value_component_v15_variable_k15":720.0,"data_set_value_component_v16_variable_v16":0.0997060624,"data_set_value_component_v16_variable_k16":0.0012,"data_set_value_component_v16_variable_kn16":3.0,"data_set_value_component_v17_variable_v17":0.8235057149,"data_set_value_component_v17_variable_k17":27.0,"data_set_value_component_v18_variable_v18":0.3222729672,"data_set_value_component_v18_variable_V_18":97000.0,"data_set_value_component_v18_variable_K_18":6000.0,"data_set_value_component_v19_variable_v19":0.9724124095,"data_set_value_component_v19_variable_k19":50.0,"data_set_value_component_v19_variable_K_19":9000.0,"data_set_value_component_v20_variable_v20":25.1450341968,"data_set_value_component_v20_variable_V_20":920000.0,"data_set_value_component_v20_variable_K_20":600000.0,"data_set_value_component_v21_variable_v21":0.0018128807,"data_set_value_component_v21_variable_k21":50.0,"data_set_value_component_v21_variable_K_21":9000.0,"data_set_value_component_v22_variable_v22":0.0321361898,"data_set_value_component_v22_variable_V_22":920000.0,"data_set_value_component_v22_variable_K_22":600000.0,"data_set_value_component_v23_variable_v23":121.6859037843,"data_set_value_component_v23_variable_k23":8.3,"data_set_value_component_v23_variable_K_23":90000.0,"data_set_value_component_v24_variable_v24":10.7136487491,"data_set_value_component_v24_variable_V_24":200000.0,"data_set_value_component_v24_variable_K_24":600000.0,"data_set_value_component_v25_variable_v25":0.0486569214,"data_set_value_component_v25_variable_k25":8.3,"data_set_value_component_v25_variable_K_25":90000.0,"data_set_value_component_v26_variable_v26":0.0042857191,"data_set_value_component_v26_variable_V_26":400000.0,"data_set_value_component_v26_variable_K_26":600000.0,"data_set_value_component_v27_variable_v27":0.0,"data_set_value_component_v27_variable_k27":1.6,"data_set_value_component_v27_variable_K_27":600000.0,"data_set_value_component_v28_variable_v28":0.0,"data_set_value_component_v28_variable_V_28":75.0,"data_set_value_component_v28_variable_K_28":20000.0,"data_set_value_component_v29_variable_v29":1.0,"data_set_value_component_v29_variable_v_1":1.0,"data_set_value_component_v30_variable_v30":0.0,"data_set_value_component_v30_variable_k_11":0.0},{"data_set_value_component_environment_variable_time":0.4,"data_set_value_component_Rs_variable_Rs":11100.8858380496,"data_set_value_component_RL_variable_RL":0.0000000993,"data_set_value_component_Ri_variable_Ri":3900.8858381502,"data_set_value_component_L_variable_L":1.700109342e-20,"data_set_value_component_R2L2_variable_R2L2":5.271698559e-18,"data_set_value_component_R2_CPP_variable_R2_CPP":2.130741507e-19,"data_set_value_component_Li_variable_Li":0.0000000007,"data_set_value_component_R2i_variable_R2i":1.015611507e-20,"data_set_value_component_Shc_variable_Shc":30000.0,"data_set_value_component_ShcP_variable_ShcP":0.0,"data_set_value_component_ShcGS_variable_ShcGS":0.0,"data_set_value_component_GS_variable_GS":20000.0,"data_set_value_component_GSP_variable_GSP":0.0,"data_set_value_component_RasGDP_variable_RasGDP":19999.9955201816,"data_set_value_component_Ras_ShcGS_variable_Ras_ShcGS":0.0,"data_set_value_component_RasGTP_variable_RasGTP":0.0014884967,"data_set_value_component_GAP_variable_GAP":14999.9998523842,"data_set_value_component_Ras_GAP_variable_Ras_GAP":0.0001476158,"data_set_value_component_Raf_variable_Raf":9976.5794280739,"data_set_value_component_Ras_Raf_variable_Ras_Raf":0.0028425652,"data_set_value_component_Rafa_variable_Rafa":0.001858455,"data_set_value_component_MEK_variable_MEK":359985.8775942954,"data_set_value_component_MEKP_variable_MEKP":14.1043671761,"data_set_value_component_MEKPP_variable_MEKPP":0.0180385288,"data_set_value_component_ERK_variable_ERK":749957.7950736397,"data_set_value_component_ERKP_variable_ERKP":42.1938487533,"data_set_value_component_ERKPP_variable_ERKPP":0.0110776086,"data_set_value_component_t_variable_t":0.4,"data_set_value_component_X_variable_X":0.0,"data_set_value_component_v1_variable_v1":2.779326858e-22,"data_set_value_component_v1_variable_k1":384210000.0,"data_set_value_component_v1_variable_kn1":0.73,"data_set_value_component_v2_variable_v2":0.0000000017,"data_set_value_component_v2_variable_DT":6.5,"data_set_value_component_v2_variable_E":0.12,"data_set_value_component_v2_variable_k2":0.7,"data_set_value_component_v2_variable_f":0.2,"data_set_value_component_v3_variable_v3":1.9893104065,"data_set_value_component_v3_variable_DT":6.5,"data_set_value_component_v3_variable_E":0.12,"data_set_value_component_v3_variable_kn3":0.7,"data_set_value_component_v3_variable_f":0.2,"data_set_value_component_v3_variable_k3":0.0484,"data_set_value_component_v4_variable_v4":1.364528943e-17,"data_set_value_component_v4_variable_k2_4":0.0000001,"data_set_value_component_v4_variable_k4":0.001383,"data_set_value_component_v5_variable_v5":4.435793735e-20,"data_set_value_component_v5_variable_DT":6.5,"data_set_value_component_v5_variable_E":0.12,"data_set_value_component_v5_variable_k5":0.35,"data_set_value_component_v5_variable_f":0.2,"data_set_value_component_v6_variable_v6":4.272857322e-22,"data_set_value_component_v6_variable_DT":6.5,"data_set_value_component_v6_variable_E":0.12,"data_set_value_component_v6_variable_k6":0.35,"data_set_value_component_v7_variable_v7":1.054265775e-18,"data_set_value_component_v7_variable_k7":1.0,"data_set_value_component_v7_variable_f":0.2,"data_set_value_component_v7_variable_kn7":0.000347,"data_set_value_component_v8_variable_v8":8.96440656e-21,"data_set_value_component_v8_variable_DT":6.5,"data_set_value_component_v8_variable_E":0.12,"data_set_value_component_v8_variable_k8":0.35,"data_set_value_component_v9_variable_v9":1.098985765e-16,"data_set_value_component_v9_variable_k9":12.0,"data_set_value_component_v9_variable_K_9":6000.0,"data_set_value_component_v10_variable_v10":0.0,"data_set_value_component_v10_variable_V_10":300000.0,"data_set_value_component_v10_variable_K_10":6000.0,"data_set_value_component_v11_variable_v11":0.0,"data_set_value_component_v11_variable_k11":0.002,"data_set_value_component_v11_variable_kn11":3.81,"data_set_value_component_v12_variable_v12":0.0,"data_set_value_component_v12_variable_k12":0.0163,"data_set_value_component_v12_variable_kn12":10.0,"data_set_value_component_v13_variable_v13":0.0,"data_set_value_component_v13_variable_k_13":15.0,"data_set_value_component_v14_variable_v14":0.102780301,"data_set_value_component_v14_variable_k14":0.005,"data_set_value_component_v14_variable_kn14":60.0,"data_set_value_component_v15_variable_v15":0.106283367,"data_set_value_component_v15_variable_k15":720.0,"data_set_value_component_v16_variable_v16":0.0092924306,"data_set_value_component_v16_variable_k16":0.0012,"data_set_value_component_v16_variable_kn16":3.0,"data_set_value_component_v17_variable_v17":0.0767492599,"data_set_value_component_v17_variable_k17":27.0,"data_set_value_component_v18_variable_v18":0.0300450136,"data_set_value_component_v18_variable_V_18":97000.0,"data_set_value_component_v18_variable_K_18":6000.0,"data_set_value_component_v19_variable_v19":0.0906562559,"data_set_value_component_v19_variable_k19":50.0,"data_set_value_component_v19_variable_K_19":9000.0,"data_set_value_component_v20_variable_v20":21.6261879639,"data_set_value_component_v20_variable_V_20":920000.0,"data_set_value_component_v20_variable_K_20":600000.0,"data_set_value_component_v21_variable_v21":0.0001453962,"data_set_value_component_v21_variable_k21":50.0,"data_set_value_component_v21_variable_K_21":9000.0,"data_set_value_component_v22_variable_v22":0.0276590767,"data_set_value_component_v22_variable_V_22":920000.0,"data_set_value_component_v22_variable_K_22":600000.0,"data_set_value_component_v23_variable_v23":104.6564826678,"data_set_value_component_v23_variable_k23":8.3,"data_set_value_component_v23_variable_K_23":90000.0,"data_set_value_component_v24_variable_v24":14.0636272535,"data_set_value_component_v24_variable_V_24":200000.0,"data_set_value_component_v24_variable_K_24":600000.0,"data_set_value_component_v25_variable_v25":0.0549275022,"data_set_value_component_v25_variable_k25":8.3,"data_set_value_component_v25_variable_K_25":90000.0,"data_set_value_component_v26_variable_v26":0.0073850722,"data_set_value_component_v26_variable_V_26":400000.0,"data_set_value_component_v26_variable_K_26":600000.0,"data_set_value_component_v27_variable_v27":0.0,"data_set_value_component_v27_variable_k27":1.6,"data_set_value_component_v27_variable_K_27":600000.0,"data_set_value_component_v28_variable_v28":0.0,"data_set_value_component_v28_variable_V_28":75.0,"data_set_value_component_v28_variable_K_28":20000.0,"data_set_value_component_v29_variable_v29":1.0,"data_set_value_component_v29_variable_v_1":1.0,"data_set_value_component_v30_variable_v30":0.0,"data_set_value_component_v30_variable_k_11":0.0},{"data_set_value_component_environment_variable_time":0.5,"data_set_value_component_Rs_variable_Rs":11101.0710048653,"data_set_value_component_RL_variable_RL":0.0000000992,"data_set_value_component_Ri_variable_Ri":3901.0710049661,"data_set_value_component_L_variable_L":1.697220223e-20,"data_set_value_component_R2L2_variable_R2L2":6.511100055e-18,"data_set_value_component_R2_CPP_variable_R2_CPP":3.298090878e-19,"data_set_value_component_Li_variable_Li":0.0000000008,"data_set_value_component_R2i_variable_R2i":1.619880961e-20,"data_set_value_component_Shc_variable_Shc":30000.0,"data_set_value_component_ShcP_variable_ShcP":0.0,"data_set_value_component_ShcGS_variable_ShcGS":0.0,"data_set_value_component_GS_variable_GS":20000.0,"data_set_value_component_GSP_variable_GSP":0.0,"data_set_value_component_RasGDP_variable_RasGDP":19999.9995812623,"data_set_value_component_Ras_ShcGS_variable_Ras_ShcGS":0.0,"data_set_value_component_RasGTP_variable_RasGTP":0.0001387891,"data_set_value_component_GAP_variable_GAP":14999.9999862362,"data_set_value_component_Ras_GAP_variable_Ras_GAP":0.0000137639,"data_set_value_component_Raf_variable_Raf":9976.5802211341,"data_set_value_component_Ras_Raf_variable_Ras_Raf":0.000265044,"data_set_value_component_Rafa_variable_Rafa":0.0001733325,"data_set_value_component_MEK_variable_MEK":359987.8796462285,"data_set_value_component_MEKP_variable_MEKP":12.1048747659,"data_set_value_component_MEKPP_variable_MEKPP":0.0154790059,"data_set_value_component_ERK_variable_ERK":749949.6368291599,"data_set_value_component_ERKP_variable_ERKP":50.3473985244,"data_set_value_component_ERKPP_variable_ERKPP":0.0157723172,"data_set_value_component_t_variable_t":0.5,"data_set_value_component_X_variable_X":0.0,"data_set_value_component_v1_variable_v1":2.911675756e-22,"data_set_value_component_v1_variable_k1":384210000.0,"data_set_value_component_v1_variable_kn1":0.73,"data_set_value_component_v2_variable_v2":0.0000000017,"data_set_value_component_v2_variable_DT":6.5,"data_set_value_component_v2_variable_E":0.12,"data_set_value_component_v2_variable_k2":0.7,"data_set_value_component_v2_variable_f":0.2,"data_set_value_component_v3_variable_v3":1.6914765576,"data_set_value_component_v3_variable_DT":6.5,"data_set_value_component_v3_variable_E":0.12,"data_set_value_component_v3_variable_kn3":0.7,"data_set_value_component_v3_variable_f":0.2,"data_set_value_component_v3_variable_k3":0.0484,"data_set_value_component_v4_variable_v4":1.359940552e-17,"data_set_value_component_v4_variable_k2_4":0.0000001,"data_set_value_component_v4_variable_k4":0.001383,"data_set_value_component_v5_variable_v5":5.487575867e-20,"data_set_value_component_v5_variable_DT":6.5,"data_set_value_component_v5_variable_E":0.12,"data_set_value_component_v5_variable_k5":0.35,"data_set_value_component_v5_variable_f":0.2,"data_set_value_component_v6_variable_v6":6.82620417e-22,"data_set_value_component_v6_variable_DT":6.5,"data_set_value_component_v6_variable_E":0.12,"data_set_value_component_v6_variable_k6":0.35,"data_set_value_component_v7_variable_v7":1.302105567e-18,"data_set_value_component_v7_variable_k7":1.0,"data_set_value_component_v7_variable_f":0.2,"data_set_value_component_v7_variable_kn7":0.000347,"data_set_value_component_v8_variable_v8":1.389820749e-20,"data_set_value_component_v8_variable_DT":6.5,"data_set_value_component_v8_variable_E":0.12,"data_set_value_component_v8_variable_k8":0.35,"data_set_value_component_v9_variable_v9":1.371421591e-16,"data_set_value_component_v9_variable_k9":12.0,"data_set_value_component_v9_variable_K_9":6000.0,"data_set_value_component_v10_variable_v10":0.0,"data_set_value_component_v10_variable_V_10":300000.0,"data_set_value_component_v10_variable_K_10":6000.0,"data_set_value_component_v11_variable_v11":0.0,"data_set_value_component_v11_variable_k11":0.002,"data_set_value_component_v11_variable_kn11":3.81,"data_set_value_component_v12_variable_v12":0.0,"data_set_value_component_v12_variable_k12":0.0163,"data_set_value_component_v12_variable_kn12":10.0,"data_set_value_component_v13_variable_v13":0.0,"data_set_value_component_v13_variable_k_13":15.0,"data_set_value_component_v14_variable_v14":0.0095833499,"data_set_value_component_v14_variable_k14":0.005,"data_set_value_component_v14_variable_kn14":60.0,"data_set_value_component_v15_variable_v15":0.0099099797,"data_set_value_component_v15_variable_k15":720.0,"data_set_value_component_v16_variable_v16":0.0008664367,"data_set_value_component_v16_variable_k16":0.0012,"data_set_value_component_v16_variable_kn16":3.0,"data_set_value_component_v17_variable_v17":0.0071561869,"data_set_value_component_v17_variable_k17":27.0,"data_set_value_component_v18_variable_v18":0.0028022089,"data_set_value_component_v18_variable_V_18":97000.0,"data_set_value_component_v18_variable_K_18":6000.0,"data_set_value_component_v19_variable_v19":0.0084552377,"data_set_value_component_v19_variable_k19":50.0,"data_set_value_component_v19_variable_K_19":9000.0,"data_set_value_component_v20_variable_v20":18.5604335216,"data_set_value_component_v20_variable_V_20":920000.0,"data_set_value_component_v20_variable_K_20":600000.0,"data_set_value_component_v21_variable_v21":0.0000116408,"data_set_value_component_v21_variable_k21":50.0,"data_set_value_component_v21_variable_K_21":9000.0,"data_set_value_component_v22_variable_v22":0.0237344751,"data_set_value_component_v22_variable_V_22":920000.0,"data_set_value_component_v22_variable_K_22":600000.0,"data_set_value_component_v23_variable_v23":89.8198325711,"data_set_value_component_v23_variable_k23":8.3,"data_set_value_component_v23_variable_K_23":90000.0,"data_set_value_component_v24_variable_v24":16.7810580371,"data_set_value_component_v24_variable_V_24":200000.0,"data_set_value_component_v24_variable_K_24":600000.0,"data_set_value_component_v25_variable_v25":0.0562451438,"data_set_value_component_v25_variable_k25":8.3,"data_set_value_component_v25_variable_K_25":90000.0,"data_set_value_component_v26_variable_v26":0.0105148779,"data_set_value_component_v26_variable_V_26":400000.0,"data_set_value_component_v26_variable_K_26":600000.0,"data_set_value_component_v27_variable_v27":0.0,"data_set_value_component_v27_variable_k27":1.6,"data_set_value_component_v27_variable_K_27":600000.0,"data_set_value_component_v28_variable_v28":0.0,"data_set_value_component_v28_variable_V_28":75.0,"data_set_value_component_v28_variable_K_28":20000.0,"data_set_value_component_v29_variable_v29":1.0,"data_set_value_component_v29_variable_v_1":1.0,"data_set_value_component_v30_variable_v30":0.0,"data_set_value_component_v30_variable_k_11":0.0},{"data_set_value_component_environment_variable_time":0.6,"data_set_value_component_Rs_variable_Rs":11101.2191198646,"data_set_value_component_RL_variable_RL":0.000000099,"data_set_value_component_Ri_variable_Ri":3901.2191199657,"data_set_value_component_L_variable_L":1.694335933e-20,"data_set_value_component_R2L2_variable_R2L2":7.720392111e-18,"data_set_value_component_R2_CPP_variable_R2_CPP":4.704798943e-19,"data_set_value_component_Li_variable_Li":0.000000001,"data_set_value_component_R2i_variable_R2i":2.380124411e-20,"data_set_value_component_Shc_variable_Shc":30000.0,"data_set_value_component_ShcP_variable_ShcP":0.0,"data_set_value_component_ShcGS_variable_ShcGS":0.0,"data_set_value_component_GS_variable_GS":20000.0,"data_set_value_component_GSP_variable_GSP":0.0,"data_set_value_component_RasGDP_variable_RasGDP":19999.9999595844,"data_set_value_component_Ras_ShcGS_variable_Ras_ShcGS":0.0,"data_set_value_component_RasGTP_variable_RasGTP":0.0000130531,"data_set_value_component_GAP_variable_GAP":14999.9999987055,"data_set_value_component_Ras_GAP_variable_Ras_GAP":0.0000012945,"data_set_value_component_Raf_variable_Raf":9976.5802950424,"data_set_value_component_Ras_Raf_variable_Ras_Raf":0.0000249273,"data_set_value_component_Rafa_variable_Rafa":0.0000163057,"data_set_value_component_MEK_variable_MEK":359989.6002737212,"data_set_value_component_MEKP_variable_MEKP":10.3864473298,"data_set_value_component_MEKPP_variable_MEKPP":0.0132789492,"data_set_value_component_ERK_variable_ERK":749943.0997297165,"data_set_value_component_ERKP_variable_ERKP":56.8801398119,"data_set_value_component_ERKPP_variable_ERKPP":0.0201304731,"data_set_value_component_t_variable_t":0.6,"data_set_value_component_X_variable_X":0.0,"data_set_value_component_v1_variable_v1":2.514629062e-22,"data_set_value_component_v1_variable_k1":384210000.0,"data_set_value_component_v1_variable_kn1":0.73,"data_set_value_component_v2_variable_v2":0.0000000017,"data_set_value_component_v2_variable_DT":6.5,"data_set_value_component_v2_variable_E":0.12,"data_set_value_component_v2_variable_k2":0.7,"data_set_value_component_v2_variable_f":0.2,"data_set_value_component_v3_variable_v3":1.2432374705,"data_set_value_component_v3_variable_DT":6.5,"data_set_value_component_v3_variable_E":0.12,"data_set_value_component_v3_variable_kn3":0.7,"data_set_value_component_v3_variable_f":0.2,"data_set_value_component_v3_variable_k3":0.0484,"data_set_value_component_v4_variable_v4":1.355358415e-17,"data_set_value_component_v4_variable_k2_4":0.0000001,"data_set_value_component_v4_variable_k4":0.001383,"data_set_value_component_v5_variable_v5":6.52252002e-20,"data_set_value_component_v5_variable_DT":6.5,"data_set_value_component_v5_variable_E":0.12,"data_set_value_component_v5_variable_k5":0.35,"data_set_value_component_v5_variable_f":0.2,"data_set_value_component_v6_variable_v6":1.005415845e-21,"data_set_value_component_v6_variable_DT":6.5,"data_set_value_component_v6_variable_E":0.12,"data_set_value_component_v6_variable_k6":0.35,"data_set_value_component_v7_variable_v7":1.543915166e-18,"data_set_value_component_v7_variable_k7":1.0,"data_set_value_component_v7_variable_f":0.2,"data_set_value_component_v7_variable_kn7":0.000347,"data_set_value_component_v8_variable_v8":1.987408467e-20,"data_set_value_component_v8_variable_DT":6.5,"data_set_value_component_v8_variable_E":0.12,"data_set_value_component_v8_variable_k8":0.35,"data_set_value_component_v9_variable_v9":1.64293465e-16,"data_set_value_component_v9_variable_k9":12.0,"data_set_value_component_v9_variable_K_9":6000.0,"data_set_value_component_v10_variable_v10":0.0,"data_set_value_component_v10_variable_V_10":300000.0,"data_set_value_component_v10_variable_K_10":6000.0,"data_set_value_component_v11_variable_v11":0.0,"data_set_value_component_v11_variable_k11":0.002,"data_set_value_component_v11_variable_kn11":3.81,"data_set_value_component_v12_variable_v12":0.0,"data_set_value_component_v12_variable_k12":0.0163,"data_set_value_component_v12_variable_kn12":10.0,"data_set_value_component_v13_variable_v13":0.0,"data_set_value_component_v13_variable_k_13":15.0,"data_set_value_component_v14_variable_v14":0.0009013097,"data_set_value_component_v14_variable_k14":0.005,"data_set_value_component_v14_variable_kn14":60.0,"data_set_value_component_v15_variable_v15":0.0009320291,"data_set_value_component_v15_variable_k15":720.0,"data_set_value_component_v16_variable_v16":0.000081488,"data_set_value_component_v16_variable_k16":0.0012,"data_set_value_component_v16_variable_kn16":3.0,"data_set_value_component_v17_variable_v17":0.0006730362,"data_set_value_component_v17_variable_k17":27.0,"data_set_value_component_v18_variable_v18":0.0002636093,"data_set_value_component_v18_variable_V_18":97000.0,"data_set_value_component_v18_variable_K_18":6000.0,"data_set_value_component_v19_variable_v19":0.0007954008,"data_set_value_component_v19_variable_k19":50.0,"data_set_value_component_v19_variable_K_19":9000.0,"data_set_value_component_v20_variable_v20":15.9256102216,"data_set_value_component_v20_variable_V_20":920000.0,"data_set_value_component_v20_variable_K_20":600000.0,"data_set_value_component_v21_variable_v21":0.0000009398,"data_set_value_component_v21_variable_k21":50.0,"data_set_value_component_v21_variable_K_21":9000.0,"data_set_value_component_v22_variable_v22":0.020361055,"data_set_value_component_v22_variable_V_22":920000.0,"data_set_value_component_v22_variable_K_22":600000.0,"data_set_value_component_v23_variable_v23":77.068773594,"data_set_value_component_v23_variable_k23":8.3,"data_set_value_component_v23_variable_K_23":90000.0,"data_set_value_component_v24_variable_v24":18.9582493575,"data_set_value_component_v24_variable_V_24":200000.0,"data_set_value_component_v24_variable_K_24":600000.0,"data_set_value_component_v25_variable_v25":0.0545184825,"data_set_value_component_v25_variable_k25":8.3,"data_set_value_component_v25_variable_K_25":90000.0,"data_set_value_component_v26_variable_v26":0.013420315,"data_set_value_component_v26_variable_V_26":400000.0,"data_set_value_component_v26_variable_K_26":600000.0,"data_set_value_component_v27_variable_v27":0.0,"data_set_value_component_v27_variable_k27":1.6,"data_set_value_component_v27_variable_K_27":600000.0,"data_set_value_component_v28_variable_v28":0.0,"data_set_value_component_v28_variable_V_28":75.0,"data_set_value_component_v28_variable_K_28":20000.0,"data_set_value_component_v29_variable_v29":1.0,"data_set_value_component_v29_variable_v_1":1.0,"data_set_value_component_v30_variable_v30":0.0,"data_set_value_component_v30_variable_k_11":0.0},{"data_set_value_component_environment_variable_time":0.7,"data_set_value_component_Rs_variable_Rs":11101.3136315624,"data_set_value_component_RL_variable_RL":0.0000000988,"data_set_value_component_Ri_variable_Ri":3901.3136316636,"data_set_value_component_L_variable_L":1.691456487e-20,"data_set_value_component_R2L2_variable_R2L2":8.900190768e-18,"data_set_value_component_R2_CPP_variable_R2_CPP":6.343858239e-19,"data_set_value_component_Li_variable_Li":0.0000000012,"data_set_value_component_R2i_variable_R2i":3.30454685e-20,"data_set_value_component_Shc_variable_Shc":30000.0,"data_set_value_component_ShcP_variable_ShcP":0.0,"data_set_value_component_ShcGS_variable_ShcGS":0.0,"data_set_value_component_GS_variable_GS":20000.0,"data_set_value_component_GSP_variable_GSP":0.0,"data_set_value_component_RasGDP_variable_RasGDP":19999.9999948011,"data_set_value_component_Ras_ShcGS_variable_Ras_ShcGS":0.0,"data_set_value_component_RasGTP_variable_RasGTP":0.0000013487,"data_set_value_component_GAP_variable_GAP":14999.9999998663,"data_set_value_component_Ras_GAP_variable_Ras_GAP":0.0000001338,"data_set_value_component_Raf_variable_Raf":9976.5803019245,"data_set_value_component_Ras_Raf_variable_Ras_Raf":0.0000025756,"data_set_value_component_Rafa_variable_Rafa":0.0000016847,"data_set_value_component_MEK_variable_MEK":359991.0768644067,"data_set_value_component_MEKP_variable_MEKP":8.911744299,"data_set_value_component_MEKPP_variable_MEKPP":0.0113912945,"data_set_value_component_ERK_variable_ERK":749937.939200765,"data_set_value_component_ERKP_variable_ERKP":62.0368538763,"data_set_value_component_ERKPP_variable_ERKPP":0.0239453603,"data_set_value_component_t_variable_t":0.7,"data_set_value_component_X_variable_X":0.0,"data_set_value_component_v1_variable_v1":2.779326858e-22,"data_set_value_component_v1_variable_k1":384210000.0,"data_set_value_component_v1_variable_kn1":0.73,"data_set_value_component_v2_variable_v2":0.0000000017,"data_set_value_component_v2_variable_DT":6.5,"data_set_value_component_v2_variable_E":0.12,"data_set_value_component_v2_variable_k2":0.7,"data_set_value_component_v2_variable_f":0.2,"data_set_value_component_v3_variable_v3":0.6143754459,"data_set_value_component_v3_variable_DT":6.5,"data_set_value_component_v3_variable_E":0.12,"data_set_value_component_v3_variable_kn3":0.7,"data_set_value_component_v3_variable_f":0.2,"data_set_value_component_v3_variable_k3":0.0484,"data_set_value_component_v4_variable_v4":1.350778577e-17,"data_set_value_component_v4_variable_k2_4":0.0000001,"data_set_value_component_v4_variable_k4":0.001383,"data_set_value_component_v5_variable_v5":7.544592822e-20,"data_set_value_component_v5_variable_DT":6.5,"data_set_value_component_v5_variable_E":0.12,"data_set_value_component_v5_variable_k5":0.35,"data_set_value_component_v5_variable_f":0.2,"data_set_value_component_v6_variable_v6":1.400613823e-21,"data_set_value_component_v6_variable_DT":6.5,"data_set_value_component_v6_variable_E":0.12,"data_set_value_component_v6_variable_k6":0.35,"data_set_value_component_v7_variable_v7":1.779818022e-18,"data_set_value_component_v7_variable_k7":1.0,"data_set_value_component_v7_variable_f":0.2,"data_set_value_component_v7_variable_kn7":0.000347,"data_set_value_component_v8_variable_v8":2.68880907e-20,"data_set_value_component_v8_variable_DT":6.5,"data_set_value_component_v8_variable_E":0.12,"data_set_value_component_v8_variable_k8":0.35,"data_set_value_component_v9_variable_v9":1.913524412e-16,"data_set_value_component_v9_variable_k9":12.0,"data_set_value_component_v9_variable_K_9":6000.0,"data_set_value_component_v10_variable_v10":0.0,"data_set_value_component_v10_variable_V_10":300000.0,"data_set_value_component_v10_variable_K_10":6000.0,"data_set_value_component_v11_variable_v11":0.0,"data_set_value_component_v11_variable_k11":0.002,"data_set_value_component_v11_variable_kn11":3.81,"data_set_value_component_v12_variable_v12":0.0,"data_set_value_component_v12_variable_k12":0.0163,"data_set_value_component_v12_variable_kn12":10.0,"data_set_value_component_v13_variable_v13":0.0,"data_set_value_component_v13_variable_k_13":15.0,"data_set_value_component_v14_variable_v14":0.0000931291,"data_set_value_component_v14_variable_k14":0.005,"data_set_value_component_v14_variable_kn14":60.0,"data_set_value_component_v15_variable_v15":0.0000963032,"data_set_value_component_v15_variable_k15":720.0,"data_set_value_component_v16_variable_v16":0.0000084199,"data_set_value_component_v16_variable_k16":0.0012,"data_set_value_component_v16_variable_kn16":3.0,"data_set_value_component_v17_variable_v17":0.0000695424,"data_set_value_component_v17_variable_k17":27.0,"data_set_value_component_v18_variable_v18":0.000027236,"data_set_value_component_v18_variable_V_18":97000.0,"data_set_value_component_v18_variable_K_18":6000.0,"data_set_value_component_v19_variable_v19":0.0000821806,"data_set_value_component_v19_variable_k19":50.0,"data_set_value_component_v19_variable_K_19":9000.0,"data_set_value_component_v20_variable_v20":13.6644716347,"data_set_value_component_v20_variable_V_20":920000.0,"data_set_value_component_v20_variable_K_20":600000.0,"data_set_value_component_v21_variable_v21":0.0000000833,"data_set_value_component_v21_variable_k21":50.0,"data_set_value_component_v21_variable_K_21":9000.0,"data_set_value_component_v22_variable_v22":0.0174666512,"data_set_value_component_v22_variable_V_22":920000.0,"data_set_value_component_v22_variable_K_22":600000.0,"data_set_value_component_v23_variable_v23":66.1262221042,"data_set_value_component_v23_variable_k23":8.3,"data_set_value_component_v23_variable_K_23":90000.0,"data_set_value_component_v24_variable_v24":20.676813418,"data_set_value_component_v24_variable_V_24":200000.0,"data_set_value_component_v24_variable_K_24":600000.0,"data_set_value_component_v25_variable_v25":0.0510156689,"data_set_value_component_v25_variable_k25":8.3,"data_set_value_component_v25_variable_K_25":90000.0,"data_set_value_component_v26_variable_v26":0.0159635729,"data_set_value_component_v26_variable_V_26":400000.0,"data_set_value_component_v26_variable_K_26":600000.0,"data_set_value_component_v27_variable_v27":0.0,"data_set_value_component_v27_variable_k27":1.6,"data_set_value_component_v27_variable_K_27":600000.0,"data_set_value_component_v28_variable_v28":0.0,"data_set_value_component_v28_variable_V_28":75.0,"data_set_value_component_v28_variable_K_28":20000.0,"data_set_value_component_v29_variable_v29":1.0,"data_set_value_component_v29_variable_v_1":1.0,"data_set_value_component_v30_variable_v30":0.0,"data_set_value_component_v30_variable_k_11":0.0},{"data_set_value_component_environment_variable_time":0.8,"data_set_value_component_Rs_variable_Rs":11101.3349678727,"data_set_value_component_RL_variable_RL":0.0000000987,"data_set_value_component_Ri_variable_Ri":3901.3349679741,"data_set_value_component_L_variable_L":1.688581905e-20,"data_set_value_component_R2L2_variable_R2L2":1.005109143e-17,"data_set_value_component_R2_CPP_variable_R2_CPP":8.20838183e-19,"data_set_value_component_Li_variable_Li":0.0000000013,"data_set_value_component_R2i_variable_R2i":4.401729571e-20,"data_set_value_component_Shc_variable_Shc":30000.0,"data_set_value_component_ShcP_variable_ShcP":0.0,"data_set_value_component_ShcGS_variable_ShcGS":0.0,"data_set_value_component_GS_variable_GS":20000.0,"data_set_value_component_GSP_variable_GSP":0.0,"data_set_value_component_RasGDP_variable_RasGDP":19999.9999984347,"data_set_value_component_Ras_ShcGS_variable_Ras_ShcGS":0.0,"data_set_value_component_RasGTP_variable_RasGTP":0.0000001411,"data_set_value_component_GAP_variable_GAP":14999.999999986,"data_set_value_component_Ras_GAP_variable_Ras_GAP":0.000000014,"data_set_value_component_Raf_variable_Raf":9976.5803026346,"data_set_value_component_Ras_Raf_variable_Ras_Raf":0.0000002694,"data_set_value_component_Rafa_variable_Rafa":0.0000001761,"data_set_value_component_MEK_variable_MEK":359992.3438268001,"data_set_value_component_MEKP_variable_MEKP":7.6464012469,"data_set_value_component_MEKPP_variable_MEKPP":0.0097719534,"data_set_value_component_ERK_variable_ERK":749933.9451627273,"data_set_value_component_ERKP_variable_ERKP":66.0277127762,"data_set_value_component_ERKPP_variable_ERKPP":0.0271244981,"data_set_value_component_t_variable_t":0.8,"data_set_value_component_X_variable_X":0.0,"data_set_value_component_v1_variable_v1":2.382280164e-22,"data_set_value_component_v1_variable_k1":384210000.0,"data_set_value_component_v1_variable_kn1":0.73,"data_set_value_component_v2_variable_v2":0.0000000017,"data_set_value_component_v2_variable_DT":6.5,"data_set_value_component_v2_variable_E":0.12,"data_set_value_component_v2_variable_k2":0.7,"data_set_value_component_v2_variable_f":0.2,"data_set_value_component_v3_variable_v3":-0.2252964477,"data_set_value_component_v3_variable_DT":6.5,"data_set_value_component_v3_variable_E":0.12,"data_set_value_component_v3_variable_kn3":0.7,"data_set_value_component_v3_variable_f":0.2,"data_set_value_component_v3_variable_k3":0.0484,"data_set_value_component_v4_variable_v4":1.346196422e-17,"data_set_value_component_v4_variable_k2_4":0.0000001,"data_set_value_component_v4_variable_k4":0.001383,"data_set_value_component_v5_variable_v5":8.558240631e-20,"data_set_value_component_v5_variable_DT":6.5,"data_set_value_component_v5_variable_E":0.12,"data_set_value_component_v5_variable_k5":0.35,"data_set_value_component_v5_variable_f":0.2,"data_set_value_component_v6_variable_v6":1.873978618e-21,"data_set_value_component_v6_variable_DT":6.5,"data_set_value_component_v6_variable_E":0.12,"data_set_value_component_v6_variable_k6":0.35,"data_set_value_component_v7_variable_v7":2.009933456e-18,"data_set_value_component_v7_variable_k7":1.0,"data_set_value_component_v7_variable_f":0.2,"data_set_value_component_v7_variable_kn7":0.000347,"data_set_value_component_v8_variable_v8":3.494610877e-20,"data_set_value_component_v8_variable_DT":6.5,"data_set_value_component_v8_variable_E":0.12,"data_set_value_component_v8_variable_k8":0.35,"data_set_value_component_v9_variable_v9":2.183189382e-16,"data_set_value_component_v9_variable_k9":12.0,"data_set_value_component_v9_variable_K_9":6000.0,"data_set_value_component_v10_variable_v10":0.0,"data_set_value_component_v10_variable_V_10":300000.0,"data_set_value_component_v10_variable_K_10":6000.0,"data_set_value_component_v11_variable_v11":0.0,"data_set_value_component_v11_variable_k11":0.002,"data_set_value_component_v11_variable_kn11":3.81,"data_set_value_component_v12_variable_v12":0.0,"data_set_value_component_v12_variable_k12":0.0163,"data_set_value_component_v12_variable_kn12":10.0,"data_set_value_component_v13_variable_v13":0.0,"data_set_value_component_v13_variable_k_13":15.0,"data_set_value_component_v14_variable_v14":0.0000097414,"data_set_value_component_v14_variable_k14":0.005,"data_set_value_component_v14_variable_kn14":60.0,"data_set_value_component_v15_variable_v15":0.0000100734,"data_set_value_component_v15_variable_k15":720.0,"data_set_value_component_v16_variable_v16":0.0000008807,"data_set_value_component_v16_variable_k16":0.0012,"data_set_value_component_v16_variable_kn16":3.0,"data_set_value_component_v17_variable_v17":0.0000072742,"data_set_value_component_v17_variable_k17":27.0,"data_set_value_component_v18_variable_v18":0.0000028476,"data_set_value_component_v18_variable_V_18":97000.0,"data_set_value_component_v18_variable_K_18":6000.0,"data_set_value_component_v19_variable_v19":0.0000085921,"data_set_value_component_v19_variable_k19":50.0,"data_set_value_component_v19_variable_K_19":9000.0,"data_set_value_component_v20_variable_v20":11.7243324969,"data_set_value_component_v20_variable_V_20":920000.0,"data_set_value_component_v20_variable_K_20":600000.0,"data_set_value_component_v21_variable_v21":0.0000000075,"data_set_value_component_v21_variable_k21":50.0,"data_set_value_component_v21_variable_K_21":9000.0,"data_set_value_component_v22_variable_v22":0.0149836616,"data_set_value_component_v22_variable_V_22":920000.0,"data_set_value_component_v22_variable_K_22":600000.0,"data_set_value_component_v23_variable_v23":56.7371766667,"data_set_value_component_v23_variable_k23":8.3,"data_set_value_component_v23_variable_K_23":90000.0,"data_set_value_component_v24_variable_v24":22.0068158259,"data_set_value_component_v24_variable_V_24":200000.0,"data_set_value_component_v24_variable_K_24":600000.0,"data_set_value_component_v25_variable_v25":0.046585964,"data_set_value_component_v25_variable_k25":8.3,"data_set_value_component_v25_variable_K_25":90000.0,"data_set_value_component_v26_variable_v26":0.0180829979,"data_set_value_component_v26_variable_V_26":400000.0,"data_set_value_component_v26_variable_K_26":600000.0,"data_set_value_component_v27_variable_v27":0.0,"data_set_value_component_v27_variable_k27":1.6,"data_set_value_component_v27_variable_K_27":600000.0,"data_set_value_component_v28_variable_v28":0.0,"data_set_value_component_v28_variable_V_28":75.0,"data_set_value_component_v28_variable_K_28":20000.0,"data_set_value_component_v29_variable_v29":1.0,"data_set_value_component_v29_variable_v_1":1.0,"data_set_value_component_v30_variable_v30":0.0,"data_set_value_component_v30_variable_k_11":0.0},{"data_set_value_component_environment_variable_time":0.9,"data_set_value_component_Rs_variable_Rs":11101.2605415354,"data_set_value_component_RL_variable_RL":0.0000000985,"data_set_value_component_Ri_variable_Ri":3901.2605416369,"data_set_value_component_L_variable_L":1.68571222e-20,"data_set_value_component_R2L2_variable_R2L2":1.117366818e-17,"data_set_value_component_R2_CPP_variable_R2_CPP":1.02915887e-18,"data_set_value_component_Li_variable_Li":0.0000000015,"data_set_value_component_R2i_variable_R2i":5.680770984e-20,"data_set_value_component_Shc_variable_Shc":30000.0,"data_set_value_component_ShcP_variable_ShcP":0.0,"data_set_value_component_ShcGS_variable_ShcGS":0.0,"data_set_value_component_GS_variable_GS":20000.0,"data_set_value_component_GSP_variable_GSP":0.0,"data_set_value_component_RasGDP_variable_RasGDP":19999.9999986957,"data_set_value_component_Ras_ShcGS_variable_Ras_ShcGS":0.0,"data_set_value_component_RasGTP_variable_RasGTP":0.0000000544,"data_set_value_component_GAP_variable_GAP":14999.9999999946,"data_set_value_component_Ras_GAP_variable_Ras_GAP":0.0000000054,"data_set_value_component_Raf_variable_Raf":9976.5803026858,"data_set_value_component_Ras_Raf_variable_Ras_Raf":0.0000001038,"data_set_value_component_Rafa_variable_Rafa":0.0000000679,"data_set_value_component_MEK_variable_MEK":359993.4309023783,"data_set_value_component_MEKP_variable_MEKP":6.5607148135,"data_set_value_component_MEKPP_variable_MEKPP":0.0083828085,"data_set_value_component_ERK_variable_ERK":749930.9377829529,"data_set_value_component_ERKP_variable_ERKP":69.0325685198,"data_set_value_component_ERKPP_variable_ERKPP":0.029648529,"data_set_value_component_t_variable_t":0.9,"data_set_value_component_X_variable_X":0.0,"data_set_value_component_v1_variable_v1":1.058791184e-22,"data_set_value_component_v1_variable_k1":384210000.0,"data_set_value_component_v1_variable_kn1":0.73,"data_set_value_component_v2_variable_v2":0.0000000017,"data_set_value_component_v2_variable_DT":6.5,"data_set_value_component_v2_variable_E":0.12,"data_set_value_component_v2_variable_k2":0.7,"data_set_value_component_v2_variable_f":0.2,"data_set_value_component_v3_variable_v3":-1.3058860757,"data_set_value_component_v3_variable_DT":6.5,"data_set_value_component_v3_variable_E":0.12,"data_set_value_component_v3_variable_kn3":0.7,"data_set_value_component_v3_variable_f":0.2,"data_set_value_component_v3_variable_k3":0.0484,"data_set_value_component_v4_variable_v4":1.341606684e-17,"data_set_value_component_v4_variable_k2_4":0.0000001,"data_set_value_component_v4_variable_k4":0.001383,"data_set_value_component_v5_variable_v5":9.568349662e-20,"data_set_value_component_v5_variable_DT":6.5,"data_set_value_component_v5_variable_E":0.12,"data_set_value_component_v5_variable_k5":0.35,"data_set_value_component_v5_variable_f":0.2,"data_set_value_component_v6_variable_v6":2.432307916e-21,"data_set_value_component_v6_variable_DT":6.5,"data_set_value_component_v6_variable_E":0.12,"data_set_value_component_v6_variable_k6":0.35,"data_set_value_component_v7_variable_v7":2.234376518e-18,"data_set_value_component_v7_variable_k7":1.0,"data_set_value_component_v7_variable_f":0.2,"data_set_value_component_v7_variable_kn7":0.000347,"data_set_value_component_v8_variable_v8":4.406499177e-20,"data_set_value_component_v8_variable_DT":6.5,"data_set_value_component_v8_variable_E":0.12,"data_set_value_component_v8_variable_k8":0.35,"data_set_value_component_v9_variable_v9":2.451926952e-16,"data_set_value_component_v9_variable_k9":12.0,"data_set_value_component_v9_variable_K_9":6000.0,"data_set_value_component_v10_variable_v10":0.0,"data_set_value_component_v10_variable_V_10":300000.0,"data_set_value_component_v10_variable_K_10":6000.0,"data_set_value_component_v11_variable_v11":0.0,"data_set_value_component_v11_variable_k11":0.002,"data_set_value_component_v11_variable_kn11":3.81,"data_set_value_component_v12_variable_v12":0.0,"data_set_value_component_v12_variable_k12":0.0163,"data_set_value_component_v12_variable_kn12":10.0,"data_set_value_component_v13_variable_v13":0.0,"data_set_value_component_v13_variable_k_13":15.0,"data_set_value_component_v14_variable_v14":0.0000037531,"data_set_value_component_v14_variable_k14":0.005,"data_set_value_component_v14_variable_kn14":60.0,"data_set_value_component_v15_variable_v15":0.000003881,"data_set_value_component_v15_variable_k15":720.0,"data_set_value_component_v16_variable_v16":0.0000003393,"data_set_value_component_v16_variable_k16":0.0012,"data_set_value_component_v16_variable_kn16":3.0,"data_set_value_component_v17_variable_v17":0.0000028025,"data_set_value_component_v17_variable_k17":27.0,"data_set_value_component_v18_variable_v18":0.0000010971,"data_set_value_component_v18_variable_V_18":97000.0,"data_set_value_component_v18_variable_K_18":6000.0,"data_set_value_component_v19_variable_v19":0.0000033105,"data_set_value_component_v19_variable_k19":50.0,"data_set_value_component_v19_variable_K_19":9000.0,"data_set_value_component_v20_variable_v20":10.0596527165,"data_set_value_component_v20_variable_V_20":920000.0,"data_set_value_component_v20_variable_K_20":600000.0,"data_set_value_component_v21_variable_v21":0.0000000025,"data_set_value_component_v21_variable_k21":50.0,"data_set_value_component_v21_variable_K_21":9000.0,"data_set_value_component_v22_variable_v22":0.0128536395,"data_set_value_component_v22_variable_V_22":920000.0,"data_set_value_component_v22_variable_K_22":600000.0,"data_set_value_component_v23_variable_v23":48.6812252568,"data_set_value_component_v23_variable_k23":8.3,"data_set_value_component_v23_variable_K_23":90000.0,"data_set_value_component_v24_variable_v24":23.0082089803,"data_set_value_component_v24_variable_V_24":200000.0,"data_set_value_component_v24_variable_K_24":600000.0,"data_set_value_component_v25_variable_v25":0.041789035,"data_set_value_component_v25_variable_k25":8.3,"data_set_value_component_v25_variable_K_25":90000.0,"data_set_value_component_v26_variable_v26":0.019765685,"data_set_value_component_v26_variable_V_26":400000.0,"data_set_value_component_v26_variable_K_26":600000.0,"data_set_value_component_v27_variable_v27":0.0,"data_set_value_component_v27_variable_k27":1.6,"data_set_value_component_v27_variable_K_27":600000.0,"data_set_value_component_v28_variable_v28":0.0,"data_set_value_component_v28_variable_V_28":75.0,"data_set_value_component_v28_variable_K_28":20000.0,"data_set_value_component_v29_variable_v29":1.0,"data_set_value_component_v29_variable_v_1":1.0,"data_set_value_component_v30_variable_v30":0.0,"data_set_value_component_v30_variable_k_11":0.0},{"data_set_value_component_environment_variable_time":1.0,"data_set_value_component_Rs_variable_Rs":11101.0647607857,"data_set_value_component_RL_variable_RL":0.0000000983,"data_set_value_component_Ri_variable_Ri":3901.0647608873,"data_set_value_component_L_variable_L":1.682847475e-20,"data_set_value_component_R2L2_variable_R2L2":1.226847312e-17,"data_set_value_component_R2_CPP_variable_R2_CPP":1.258678793e-18,"data_set_value_component_Li_variable_Li":0.0000000017,"data_set_value_component_R2i_variable_R2i":7.15143206e-20,"data_set_value_component_Shc_variable_Shc":30000.0,"data_set_value_component_ShcP_variable_ShcP":0.0,"data_set_value_component_ShcGS_variable_ShcGS":0.0,"data_set_value_component_GS_variable_GS":20000.0,"data_set_value_component_GSP_variable_GSP":0.0,"data_set_value_component_RasGDP_variable_RasGDP":19999.9999988298,"data_set_value_component_Ras_ShcGS_variable_Ras_ShcGS":0.0,"data_set_value_component_RasGTP_variable_RasGTP":0.0000000098,"data_set_value_component_GAP_variable_GAP":14999.999999999,"data_set_value_component_Ras_GAP_variable_Ras_GAP":0.000000001,"data_set_value_component_Raf_variable_Raf":9976.580302712,"data_set_value_component_Ras_Raf_variable_Ras_Raf":0.0000000187,"data_set_value_component_Rafa_variable_Rafa":0.0000000122,"data_set_value_component_MEK_variable_MEK":359994.3636292187,"data_set_value_component_MEKP_variable_MEKP":5.6291796416,"data_set_value_component_MEKPP_variable_MEKPP":0.00719114,"data_set_value_component_ERK_variable_ERK":749928.763225808,"data_set_value_component_ERKP_variable_ERKP":71.2052311522,"data_set_value_component_ERKPP_variable_ERKPP":0.0315430415,"data_set_value_component_t_variable_t":1.0,"data_set_value_component_X_variable_X":0.0,"data_set_value_component_v1_variable_v1":-6.485096002e-22,"data_set_value_component_v1_variable_k1":384210000.0,"data_set_value_component_v1_variable_kn1":0.73,"data_set_value_component_v2_variable_v2":0.0000000017,"data_set_value_component_v2_variable_DT":6.5,"data_set_value_component_v2_variable_E":0.12,"data_set_value_component_v2_variable_k2":0.7,"data_set_value_component_v2_variable_f":0.2,"data_set_value_component_v3_variable_v3":-2.657365531,"data_set_value_component_v3_variable_DT":6.5,"data_set_value_component_v3_variable_E":0.12,"data_set_value_component_v3_variable_kn3":0.7,"data_set_value_component_v3_variable_f":0.2,"data_set_value_component_v3_variable_k3":0.0484,"data_set_value_component_v4_variable_v4":1.337003463e-17,"data_set_value_component_v4_variable_k2_4":0.0000001,"data_set_value_component_v4_variable_k4":0.001383,"data_set_value_component_v5_variable_v5":1.058020606e-19,"data_set_value_component_v5_variable_DT":6.5,"data_set_value_component_v5_variable_E":0.12,"data_set_value_component_v5_variable_k5":0.35,"data_set_value_component_v5_variable_f":0.2,"data_set_value_component_v6_variable_v6":3.083661025e-21,"data_set_value_component_v6_variable_DT":6.5,"data_set_value_component_v6_variable_E":0.12,"data_set_value_component_v6_variable_k6":0.35,"data_set_value_component_v7_variable_v7":2.453257862e-18,"data_set_value_component_v7_variable_k7":1.0,"data_set_value_component_v7_variable_f":0.2,"data_set_value_component_v7_variable_kn7":0.000347,"data_set_value_component_v8_variable_v8":5.427358751e-20,"data_set_value_component_v8_variable_DT":6.5,"data_set_value_component_v8_variable_E":0.12,"data_set_value_component_v8_variable_k8":0.35,"data_set_value_component_v9_variable_v9":2.719733246e-16,"data_set_value_component_v9_variable_k9":12.0,"data_set_value_component_v9_variable_K_9":6000.0,"data_set_value_component_v10_variable_v10":0.0,"data_set_value_component_v10_variable_V_10":300000.0,"data_set_value_component_v10_variable_K_10":6000.0,"data_set_value_component_v11_variable_v11":0.0,"data_set_value_component_v11_variable_k11":0.002,"data_set_value_component_v11_variable_kn11":3.81,"data_set_value_component_v12_variable_v12":0.0,"data_set_value_component_v12_variable_k12":0.0163,"data_set_value_component_v12_variable_kn12":10.0,"data_set_value_component_v13_variable_v13":0.0,"data_set_value_component_v13_variable_k_13":15.0,"data_set_value_component_v14_variable_v14":0.0000006758,"data_set_value_component_v14_variable_k14":0.005,"data_set_value_component_v14_variable_kn14":60.0,"data_set_value_component_v15_variable_v15":0.0000006988,"data_set_value_component_v15_variable_k15":720.0,"data_set_value_component_v16_variable_v16":0.0000000611,"data_set_value_component_v16_variable_k16":0.0012,"data_set_value_component_v16_variable_kn16":3.0,"data_set_value_component_v17_variable_v17":0.0000005046,"data_set_value_component_v17_variable_k17":27.0,"data_set_value_component_v18_variable_v18":0.0000001966,"data_set_value_component_v18_variable_V_18":97000.0,"data_set_value_component_v18_variable_K_18":6000.0,"data_set_value_component_v19_variable_v19":0.0000005932,"data_set_value_component_v19_variable_k19":50.0,"data_set_value_component_v19_variable_K_19":9000.0,"data_set_value_component_v20_variable_v20":8.631327805,"data_set_value_component_v20_variable_V_20":920000.0,"data_set_value_component_v20_variable_K_20":600000.0,"data_set_value_component_v21_variable_v21":0.0000000004,"data_set_value_component_v21_variable_k21":50.0,"data_set_value_component_v21_variable_K_21":9000.0,"data_set_value_component_v22_variable_v22":0.0110264145,"data_set_value_component_v22_variable_V_22":920000.0,"data_set_value_component_v22_variable_K_22":600000.0,"data_set_value_component_v23_variable_v23":41.7691083593,"data_set_value_component_v23_variable_k23":8.3,"data_set_value_component_v23_variable_K_23":90000.0,"data_set_value_component_v24_variable_v24":23.7322606156,"data_set_value_component_v24_variable_V_24":200000.0,"data_set_value_component_v24_variable_K_24":600000.0,"data_set_value_component_v25_variable_v25":0.0369831223,"data_set_value_component_v25_variable_k25":8.3,"data_set_value_component_v25_variable_K_25":90000.0,"data_set_value_component_v26_variable_v26":0.0210286932,"data_set_value_component_v26_variable_V_26":400000.0,"data_set_value_component_v26_variable_K_26":600000.0,"data_set_value_component_v27_variable_v27":0.0,"data_set_value_component_v27_variable_k27":1.6,"data_set_value_component_v27_variable_K_27":600000.0,"data_set_value_component_v28_variable_v28":0.0,"data_set_value_component_v28_variable_V_28":75.0,"data_set_value_component_v28_variable_K_28":20000.0,"data_set_value_component_v29_variable_v29":1.0,"data_set_value_component_v29_variable_v_1":1.0,"data_set_value_component_v30_variable_v30":0.0,"data_set_value_component_v30_variable_k_11":0.0}]