[{"data_generator_IK":0.0,"data_generator_T":0.0},{"data_generator_IK":0.0,"data_generator_T":0.050000001},{"data_generator_IK":0.0,"data_generator_T":0.1},{"data_generator_IK":0.0,"data_generator_T":0.15000001},{"data_generator_IK":0.0,"data_generator_T":0.2},{"data_generator_IK":0.0,"data_generator_T":0.25},{"data_generator_IK":0.0,"data_generator_T":0.30000001},{"data_generator_IK":0.0,"data_generator_T":0.34999999},{"data_generator_IK":0.0,"data_generator_T":0.40000001},{"data_generator_IK":0.0,"data_generator_T":0.44999999},{"data_generator_IK":0.0,"data_generator_T":0.5},{"data_generator_IK":0.0,"data_generator_T":0.55000001},{"data_generator_IK":0.0,"data_generator_T":0.60000002},{"data_generator_IK":0.0,"data_generator_T":0.64999998},{"data_generator_IK":0.0,"data_generator_T":0.69999999},{"data_generator_IK":0.0,"data_generator_T":0.75},{"data_generator_IK":0.0,"data_generator_T":0.80000001},{"data_generator_IK":0.0,"data_generator_T":0.85000002},{"data_generator_IK":0.0,"data_generator_T":0.89999998},{"data_generator_IK":0.0,"data_generator_T":0.94999999},{"data_generator_IK":0.0,"data_generator_T":1.0},{"data_generator_IK":0.0,"data_generator_T":1.05},{"data_generator_IK":0.0,"data_generator_T":1.1},{"data_generator_IK":0.0,"data_generator_T":1.15},{"data_generator_IK":0.0,"data_generator_T":1.2},{"data_generator_IK":0.0,"data_generator_T":1.25},{"data_generator_IK":0.0,"data_generator_T":1.3},{"data_generator_IK":0.0,"data_generator_T":1.35},{"data_generator_IK":0.0,"data_generator_T":1.4},{"data_generator_IK":0.0,"data_generator_T":1.45},{"data_generator_IK":0.0,"data_generator_T":1.5},{"data_generator_IK":0.0,"data_generator_T":1.55},{"data_generator_IK":0.0,"data_generator_T":1.6},{"data_generator_IK":0.0,"data_generator_T":1.65},{"data_generator_IK":0.0,"data_generator_T":1.7},{"data_generator_IK":0.0,"data_generator_T":1.75},{"data_generator_IK":0.0,"data_generator_T":1.8},{"data_generator_IK":0.0,"data_generator_T":1.85},{"data_generator_IK":0.0,"data_generator_T":1.9},{"data_generator_IK":0.0,"data_generator_T":1.95},{"data_generator_IK":0.0,"data_generator_T":2.0},{"data_generator_IK":0.0,"data_generator_T":2.05},{"data_generator_IK":0.0,"data_generator_T":2.0999999},{"data_generator_IK":0.0,"data_generator_T":2.1500001},{"data_generator_IK":0.0,"data_generator_T":2.2},{"data_generator_IK":0.0,"data_generator_T":2.25},{"data_generator_IK":0.0,"data_generator_T":2.3},{"data_generator_IK":0.0,"data_generator_T":2.3499999},{"data_generator_IK":0.0,"data_generator_T":2.4000001},{"data_generator_IK":0.0,"data_generator_T":2.45},{"data_generator_IK":0.0,"data_generator_T":2.5},{"data_generator_IK":0.0,"data_generator_T":2.55},{"data_generator_IK":0.0,"data_generator_T":2.5999999},{"data_generator_IK":0.0,"data_generator_T":2.6500001},{"data_generator_IK":0.0,"data_generator_T":2.7},{"data_generator_IK":0.0,"data_generator_T":2.75},{"data_generator_IK":0.0,"data_generator_T":2.8},{"data_generator_IK":0.0,"data_generator_T":2.8499999},{"data_generator_IK":0.0,"data_generator_T":2.9000001},{"data_generator_IK":0.0,"data_generator_T":2.95},{"data_generator_IK":0.0,"data_generator_T":3.0},{"data_generator_IK":0.0,"data_generator_T":3.05},{"data_generator_IK":0.0,"data_generator_T":3.0999999},{"data_generator_IK":0.0,"data_generator_T":3.1500001},{"data_generator_IK":0.0,"data_generator_T":3.2},{"data_generator_IK":0.0,"data_generator_T":3.25},{"data_generator_IK":0.0,"data_generator_T":3.3},{"data_generator_IK":0.0,"data_generator_T":3.3499999},{"data_generator_IK":0.0,"data_generator_T":3.4000001},{"data_generator_IK":0.0,"data_generator_T":3.45},{"data_generator_IK":0.0,"data_generator_T":3.5},{"data_generator_IK":0.0,"data_generator_T":3.55},{"data_generator_IK":0.0,"data_generator_T":3.5999999},{"data_generator_IK":0.0,"data_generator_T":3.6500001},{"data_generator_IK":0.0,"data_generator_T":3.7},{"data_generator_IK":0.0,"data_generator_T":3.75},{"data_generator_IK":0.0,"data_generator_T":3.8},{"data_generator_IK":0.0,"data_generator_T":3.8499999},{"data_generator_IK":0.0,"data_generator_T":3.9000001},{"data_generator_IK":0.0,"data_generator_T":3.95},{"data_generator_IK":0.0,"data_generator_T":4.0},{"data_generator_IK":0.0,"data_generator_T":4.0500002},{"data_generator_IK":0.0,"data_generator_T":4.0999999},{"data_generator_IK":0.0,"data_generator_T":4.1500001},{"data_generator_IK":0.0,"data_generator_T":4.1999998},{"data_generator_IK":0.0,"data_generator_T":4.25},{"data_generator_IK":0.0,"data_generator_T":4.3000002},{"data_generator_IK":0.0,"data_generator_T":4.3499999},{"data_generator_IK":0.0,"data_generator_T":4.4000001},{"data_generator_IK":0.0,"data_generator_T":4.4499998},{"data_generator_IK":0.0,"data_generator_T":4.5},{"data_generator_IK":0.0,"data_generator_T":4.5500002},{"data_generator_IK":0.0,"data_generator_T":4.5999999},{"data_generator_IK":0.0,"data_generator_T":4.6500001},{"data_generator_IK":0.0,"data_generator_T":4.6999998},{"data_generator_IK":0.0,"data_generator_T":4.75},{"data_generator_IK":0.0,"data_generator_T":4.8000002},{"data_generator_IK":0.0,"data_generator_T":4.8499999},{"data_generator_IK":0.0,"data_generator_T":4.9000001},{"data_generator_IK":0.0,"data_generator_T":4.9499998},{"data_generator_IK":0.0,"data_generator_T":5.0},{"data_generator_IK":0.0009381288,"data_generator_T":5.0500002},{"data_generator_IK":0.0020572862,"data_generator_T":5.0999999},{"data_generator_IK":0.0052589797,"data_generator_T":5.1500001},{"data_generator_IK":0.011703155,"data_generator_T":5.1999998},{"data_generator_IK":0.022357207,"data_generator_T":5.25},{"data_generator_IK":0.037885223,"data_generator_T":5.3000002},{"data_generator_IK":0.05862866,"data_generator_T":5.3499999},{"data_generator_IK":0.084642775,"data_generator_T":5.4000001},{"data_generator_IK":0.11575776,"data_generator_T":5.4499998},{"data_generator_IK":0.15164423,"data_generator_T":5.5},{"data_generator_IK":0.19187227,"data_generator_T":5.5500002},{"data_generator_IK":0.23595941,"data_generator_T":5.5999999},{"data_generator_IK":0.28340694,"data_generator_T":5.6500001},{"data_generator_IK":0.33372539,"data_generator_T":5.6999998},{"data_generator_IK":0.38645142,"data_generator_T":5.75},{"data_generator_IK":0.44115767,"data_generator_T":5.8000002},{"data_generator_IK":0.49745786,"data_generator_T":5.8499999},{"data_generator_IK":0.55500817,"data_generator_T":5.9000001},{"data_generator_IK":0.61350632,"data_generator_T":5.9499998},{"data_generator_IK":0.67268944,"data_generator_T":6.0},{"data_generator_IK":0.73233074,"data_generator_T":6.0500002},{"data_generator_IK":0.79223591,"data_generator_T":6.0999999},{"data_generator_IK":0.85223985,"data_generator_T":6.1500001},{"data_generator_IK":0.91220284,"data_generator_T":6.1999998},{"data_generator_IK":0.97200739,"data_generator_T":6.25},{"data_generator_IK":1.0315553,"data_generator_T":6.3000002},{"data_generator_IK":1.0907648,"data_generator_T":6.3499999},{"data_generator_IK":1.1495682,"data_generator_T":6.4000001},{"data_generator_IK":1.2079102,"data_generator_T":6.4499998},{"data_generator_IK":1.2657454,"data_generator_T":6.5},{"data_generator_IK":1.3230373,"data_generator_T":6.5500002},{"data_generator_IK":1.3797566,"data_generator_T":6.5999999},{"data_generator_IK":1.4358801,"data_generator_T":6.6500001},{"data_generator_IK":1.4913901,"data_generator_T":6.6999998},{"data_generator_IK":1.5462731,"data_generator_T":6.75},{"data_generator_IK":1.6005191,"data_generator_T":6.8000002},{"data_generator_IK":1.6541213,"data_generator_T":6.8499999},{"data_generator_IK":1.7070755,"data_generator_T":6.9000001},{"data_generator_IK":1.7593795,"data_generator_T":6.9499998},{"data_generator_IK":1.811033,"data_generator_T":7.0},{"data_generator_IK":1.8620369,"data_generator_T":7.0500002},{"data_generator_IK":1.9123938,"data_generator_T":7.0999999},{"data_generator_IK":1.9621068,"data_generator_T":7.1500001},{"data_generator_IK":2.0111802,"data_generator_T":7.1999998},{"data_generator_IK":2.0596185,"data_generator_T":7.25},{"data_generator_IK":2.1074271,"data_generator_T":7.3000002},{"data_generator_IK":2.1546121,"data_generator_T":7.3499999},{"data_generator_IK":2.201179,"data_generator_T":7.4000001},{"data_generator_IK":2.2471349,"data_generator_T":7.4499998},{"data_generator_IK":2.2924857,"data_generator_T":7.5},{"data_generator_IK":2.3372388,"data_generator_T":7.5500002},{"data_generator_IK":2.3814006,"data_generator_T":7.5999999},{"data_generator_IK":2.4249783,"data_generator_T":7.6500001},{"data_generator_IK":2.467979,"data_generator_T":7.6999998},{"data_generator_IK":2.5104096,"data_generator_T":7.75},{"data_generator_IK":2.5522771,"data_generator_T":7.8000002},{"data_generator_IK":2.5935888,"data_generator_T":7.8499999},{"data_generator_IK":2.6343515,"data_generator_T":7.9000001},{"data_generator_IK":2.6745725,"data_generator_T":7.9499998},{"data_generator_IK":2.7142584,"data_generator_T":8.0},{"data_generator_IK":2.7534163,"data_generator_T":8.0500002},{"data_generator_IK":2.792053,"data_generator_T":8.1000004},{"data_generator_IK":2.8301754,"data_generator_T":8.1499996},{"data_generator_IK":2.8677902,"data_generator_T":8.1999998},{"data_generator_IK":2.9049039,"data_generator_T":8.25},{"data_generator_IK":2.9415233,"data_generator_T":8.3000002},{"data_generator_IK":2.9776549,"data_generator_T":8.3500004},{"data_generator_IK":3.0133049,"data_generator_T":8.3999996},{"data_generator_IK":3.04848,"data_generator_T":8.4499998},{"data_generator_IK":3.0831861,"data_generator_T":8.5},{"data_generator_IK":3.11743,"data_generator_T":8.5500002},{"data_generator_IK":3.151217,"data_generator_T":8.6000004},{"data_generator_IK":3.1845539,"data_generator_T":8.6499996},{"data_generator_IK":3.2174463,"data_generator_T":8.6999998},{"data_generator_IK":3.2499003,"data_generator_T":8.75},{"data_generator_IK":3.2819216,"data_generator_T":8.8000002},{"data_generator_IK":3.3135161,"data_generator_T":8.8500004},{"data_generator_IK":3.3446894,"data_generator_T":8.8999996},{"data_generator_IK":3.375447,"data_generator_T":8.9499998},{"data_generator_IK":3.4057946,"data_generator_T":9.0},{"data_generator_IK":3.4357374,"data_generator_T":9.0500002},{"data_generator_IK":3.4652812,"data_generator_T":9.1000004},{"data_generator_IK":3.494431,"data_generator_T":9.1499996},{"data_generator_IK":3.5231922,"data_generator_T":9.1999998},{"data_generator_IK":3.5515697,"data_generator_T":9.25},{"data_generator_IK":3.5795691,"data_generator_T":9.3000002},{"data_generator_IK":3.6071951,"data_generator_T":9.3500004},{"data_generator_IK":3.6344528,"data_generator_T":9.3999996},{"data_generator_IK":3.6613469,"data_generator_T":9.4499998},{"data_generator_IK":3.6878827,"data_generator_T":9.5},{"data_generator_IK":3.7140644,"data_generator_T":9.5500002},{"data_generator_IK":3.739897,"data_generator_T":9.6000004},{"data_generator_IK":3.7653854,"data_generator_T":9.6499996},{"data_generator_IK":3.7905338,"data_generator_T":9.6999998},{"data_generator_IK":3.8153467,"data_generator_T":9.75},{"data_generator_IK":3.839829,"data_generator_T":9.8000002},{"data_generator_IK":3.8639848,"data_generator_T":9.8500004},{"data_generator_IK":3.8878186,"data_generator_T":9.8999996},{"data_generator_IK":3.9113345,"data_generator_T":9.9499998},{"data_generator_IK":3.9345369,"data_generator_T":10.0},{"data_generator_IK":3.9574299,"data_generator_T":10.05},{"data_generator_IK":3.9800177,"data_generator_T":10.1},{"data_generator_IK":4.0023041,"data_generator_T":10.15},{"data_generator_IK":4.0242934,"data_generator_T":10.2},{"data_generator_IK":4.04599,"data_generator_T":10.25},{"data_generator_IK":4.0673966,"data_generator_T":10.3},{"data_generator_IK":4.0885181,"data_generator_T":10.35},{"data_generator_IK":4.1093578,"data_generator_T":10.4},{"data_generator_IK":4.12992,"data_generator_T":10.45},{"data_generator_IK":4.150208,"data_generator_T":10.5},{"data_generator_IK":4.1702251,"data_generator_T":10.55},{"data_generator_IK":4.1899757,"data_generator_T":10.6},{"data_generator_IK":4.2094626,"data_generator_T":10.65},{"data_generator_IK":4.2286897,"data_generator_T":10.7},{"data_generator_IK":4.2476606,"data_generator_T":10.75},{"data_generator_IK":4.2663784,"data_generator_T":10.8},{"data_generator_IK":4.2848468,"data_generator_T":10.85},{"data_generator_IK":4.3030686,"data_generator_T":10.9},{"data_generator_IK":4.3210478,"data_generator_T":10.95},{"data_generator_IK":4.3387871,"data_generator_T":11.0},{"data_generator_IK":4.3562903,"data_generator_T":11.05},{"data_generator_IK":4.3735595,"data_generator_T":11.1},{"data_generator_IK":4.3905988,"data_generator_T":11.15},{"data_generator_IK":4.4074106,"data_generator_T":11.2},{"data_generator_IK":4.4239984,"data_generator_T":11.25},{"data_generator_IK":4.4403653,"data_generator_T":11.3},{"data_generator_IK":4.4565134,"data_generator_T":11.35},{"data_generator_IK":4.4724469,"data_generator_T":11.4},{"data_generator_IK":4.4881673,"data_generator_T":11.45},{"data_generator_IK":4.5036783,"data_generator_T":11.5},{"data_generator_IK":4.5189824,"data_generator_T":11.55},{"data_generator_IK":4.5340829,"data_generator_T":11.6},{"data_generator_IK":4.5489817,"data_generator_T":11.65},{"data_generator_IK":4.5636816,"data_generator_T":11.7},{"data_generator_IK":4.578186,"data_generator_T":11.75},{"data_generator_IK":4.5924964,"data_generator_T":11.8},{"data_generator_IK":4.6066165,"data_generator_T":11.85},{"data_generator_IK":4.6205482,"data_generator_T":11.9},{"data_generator_IK":4.634294,"data_generator_T":11.95},{"data_generator_IK":4.6478567,"data_generator_T":12.0},{"data_generator_IK":4.6612382,"data_generator_T":12.05},{"data_generator_IK":4.6744418,"data_generator_T":12.1},{"data_generator_IK":4.687469,"data_generator_T":12.15},{"data_generator_IK":4.7003226,"data_generator_T":12.2},{"data_generator_IK":4.7130046,"data_generator_T":12.25},{"data_generator_IK":4.7255177,"data_generator_T":12.3},{"data_generator_IK":4.737864,"data_generator_T":12.35},{"data_generator_IK":4.7500458,"data_generator_T":12.4},{"data_generator_IK":4.7620649,"data_generator_T":12.45},{"data_generator_IK":4.7739239,"data_generator_T":12.5},{"data_generator_IK":4.7856245,"data_generator_T":12.55},{"data_generator_IK":4.7971697,"data_generator_T":12.6},{"data_generator_IK":4.8085604,"data_generator_T":12.65},{"data_generator_IK":4.8197994,"data_generator_T":12.7},{"data_generator_IK":4.8308883,"data_generator_T":12.75},{"data_generator_IK":4.8418298,"data_generator_T":12.8},{"data_generator_IK":4.8526249,"data_generator_T":12.85},{"data_generator_IK":4.8632765,"data_generator_T":12.9},{"data_generator_IK":4.873786,"data_generator_T":12.95},{"data_generator_IK":4.8841553,"data_generator_T":13.0},{"data_generator_IK":4.8943863,"data_generator_T":13.05},{"data_generator_IK":4.9044809,"data_generator_T":13.1},{"data_generator_IK":4.9144406,"data_generator_T":13.15},{"data_generator_IK":4.9242678,"data_generator_T":13.2},{"data_generator_IK":4.9339643,"data_generator_T":13.25},{"data_generator_IK":4.943531,"data_generator_T":13.3},{"data_generator_IK":4.95297,"data_generator_T":13.35},{"data_generator_IK":4.9622836,"data_generator_T":13.4},{"data_generator_IK":4.9714727,"data_generator_T":13.45},{"data_generator_IK":4.9805398,"data_generator_T":13.5},{"data_generator_IK":4.9894857,"data_generator_T":13.55},{"data_generator_IK":4.998312,"data_generator_T":13.6},{"data_generator_IK":5.007021,"data_generator_T":13.65},{"data_generator_IK":5.0156136,"data_generator_T":13.7},{"data_generator_IK":5.0240917,"data_generator_T":13.75},{"data_generator_IK":5.0324569,"data_generator_T":13.8},{"data_generator_IK":5.0407104,"data_generator_T":13.85},{"data_generator_IK":5.0488539,"data_generator_T":13.9},{"data_generator_IK":5.0568891,"data_generator_T":13.95},{"data_generator_IK":5.064817,"data_generator_T":14.0},{"data_generator_IK":5.072639,"data_generator_T":14.05},{"data_generator_IK":5.0803566,"data_generator_T":14.1},{"data_generator_IK":5.0879717,"data_generator_T":14.15},{"data_generator_IK":5.0954852,"data_generator_T":14.2},{"data_generator_IK":5.1028981,"data_generator_T":14.25},{"data_generator_IK":5.1102123,"data_generator_T":14.3},{"data_generator_IK":5.1174293,"data_generator_T":14.35},{"data_generator_IK":5.1245499,"data_generator_T":14.4},{"data_generator_IK":5.1315756,"data_generator_T":14.45},{"data_generator_IK":5.1385074,"data_generator_T":14.5},{"data_generator_IK":5.1453471,"data_generator_T":14.55},{"data_generator_IK":5.1520953,"data_generator_T":14.6},{"data_generator_IK":5.1587534,"data_generator_T":14.65},{"data_generator_IK":5.1653233,"data_generator_T":14.7},{"data_generator_IK":5.1718054,"data_generator_T":14.75},{"data_generator_IK":5.1782007,"data_generator_T":14.8},{"data_generator_IK":5.1845112,"data_generator_T":14.85},{"data_generator_IK":5.1907372,"data_generator_T":14.9},{"data_generator_IK":5.1968803,"data_generator_T":14.95},{"data_generator_IK":5.2029414,"data_generator_T":15.0},{"data_generator_IK":5.2089219,"data_generator_T":15.05},{"data_generator_IK":5.2148223,"data_generator_T":15.1},{"data_generator_IK":5.2206445,"data_generator_T":15.15},{"data_generator_IK":5.2263885,"data_generator_T":15.2},{"data_generator_IK":5.2320561,"data_generator_T":15.25},{"data_generator_IK":5.2376485,"data_generator_T":15.3},{"data_generator_IK":5.243166,"data_generator_T":15.35},{"data_generator_IK":5.24861,"data_generator_T":15.4},{"data_generator_IK":5.2539816,"data_generator_T":15.45},{"data_generator_IK":5.2592812,"data_generator_T":15.5},{"data_generator_IK":5.2645106,"data_generator_T":15.55},{"data_generator_IK":5.26967,"data_generator_T":15.6},{"data_generator_IK":5.2747607,"data_generator_T":15.65},{"data_generator_IK":5.2797832,"data_generator_T":15.7},{"data_generator_IK":5.284739,"data_generator_T":15.75},{"data_generator_IK":5.289629,"data_generator_T":15.8},{"data_generator_IK":5.2944531,"data_generator_T":15.85},{"data_generator_IK":5.2992134,"data_generator_T":15.9},{"data_generator_IK":5.3039103,"data_generator_T":15.95},{"data_generator_IK":5.3085442,"data_generator_T":16.0},{"data_generator_IK":5.3131166,"data_generator_T":16.049999},{"data_generator_IK":5.3176279,"data_generator_T":16.1},{"data_generator_IK":5.3220792,"data_generator_T":16.15},{"data_generator_IK":5.3264709,"data_generator_T":16.200001},{"data_generator_IK":5.3308039,"data_generator_T":16.25},{"data_generator_IK":5.3350797,"data_generator_T":16.299999},{"data_generator_IK":5.3392978,"data_generator_T":16.35},{"data_generator_IK":5.3434601,"data_generator_T":16.4},{"data_generator_IK":5.3475671,"data_generator_T":16.450001},{"data_generator_IK":5.3516188,"data_generator_T":16.5},{"data_generator_IK":5.3556166,"data_generator_T":16.549999},{"data_generator_IK":5.3595614,"data_generator_T":16.6},{"data_generator_IK":5.3634534,"data_generator_T":16.65},{"data_generator_IK":5.3672934,"data_generator_T":16.700001},{"data_generator_IK":5.3710823,"data_generator_T":16.75},{"data_generator_IK":5.3748207,"data_generator_T":16.799999},{"data_generator_IK":5.3785095,"data_generator_T":16.85},{"data_generator_IK":5.3821487,"data_generator_T":16.9},{"data_generator_IK":5.3857398,"data_generator_T":16.950001},{"data_generator_IK":5.3892827,"data_generator_T":17.0},{"data_generator_IK":5.3927784,"data_generator_T":17.049999},{"data_generator_IK":5.3962274,"data_generator_T":17.1},{"data_generator_IK":5.3996305,"data_generator_T":17.15},{"data_generator_IK":5.4029884,"data_generator_T":17.200001},{"data_generator_IK":5.4063015,"data_generator_T":17.25},{"data_generator_IK":5.4095702,"data_generator_T":17.299999},{"data_generator_IK":5.4127955,"data_generator_T":17.35},{"data_generator_IK":5.4159775,"data_generator_T":17.4},{"data_generator_IK":5.4191175,"data_generator_T":17.450001},{"data_generator_IK":5.4222155,"data_generator_T":17.5},{"data_generator_IK":5.425272,"data_generator_T":17.549999},{"data_generator_IK":5.4282875,"data_generator_T":17.6},{"data_generator_IK":5.4312634,"data_generator_T":17.65},{"data_generator_IK":5.4341993,"data_generator_T":17.700001},{"data_generator_IK":5.4370961,"data_generator_T":17.75},{"data_generator_IK":5.4399543,"data_generator_T":17.799999},{"data_generator_IK":5.4427743,"data_generator_T":17.85},{"data_generator_IK":5.4455571,"data_generator_T":17.9},{"data_generator_IK":5.4483023,"data_generator_T":17.950001},{"data_generator_IK":5.4510112,"data_generator_T":18.0},{"data_generator_IK":5.4536839,"data_generator_T":18.049999},{"data_generator_IK":5.4563208,"data_generator_T":18.1},{"data_generator_IK":5.4589224,"data_generator_T":18.15},{"data_generator_IK":5.4614897,"data_generator_T":18.200001},{"data_generator_IK":5.4640226,"data_generator_T":18.25},{"data_generator_IK":5.4665217,"data_generator_T":18.299999},{"data_generator_IK":5.4689875,"data_generator_T":18.35},{"data_generator_IK":5.4714208,"data_generator_T":18.4},{"data_generator_IK":5.4738212,"data_generator_T":18.450001},{"data_generator_IK":5.4761896,"data_generator_T":18.5},{"data_generator_IK":5.4785266,"data_generator_T":18.549999},{"data_generator_IK":5.4808321,"data_generator_T":18.6},{"data_generator_IK":5.4831071,"data_generator_T":18.65},{"data_generator_IK":5.485352,"data_generator_T":18.700001},{"data_generator_IK":5.4875669,"data_generator_T":18.75},{"data_generator_IK":5.4897518,"data_generator_T":18.799999},{"data_generator_IK":5.4919081,"data_generator_T":18.85},{"data_generator_IK":5.4940352,"data_generator_T":18.9},{"data_generator_IK":5.4961343,"data_generator_T":18.950001},{"data_generator_IK":5.4982052,"data_generator_T":19.0},{"data_generator_IK":5.5002489,"data_generator_T":19.049999},{"data_generator_IK":5.502265,"data_generator_T":19.1},{"data_generator_IK":5.5042539,"data_generator_T":19.15},{"data_generator_IK":5.506217,"data_generator_T":19.200001},{"data_generator_IK":5.5081534,"data_generator_T":19.25},{"data_generator_IK":5.5100641,"data_generator_T":19.299999},{"data_generator_IK":5.5119491,"data_generator_T":19.35},{"data_generator_IK":5.5138092,"data_generator_T":19.4},{"data_generator_IK":5.5156446,"data_generator_T":19.450001},{"data_generator_IK":5.5174556,"data_generator_T":19.5},{"data_generator_IK":5.5192423,"data_generator_T":19.549999},{"data_generator_IK":5.5210052,"data_generator_T":19.6},{"data_generator_IK":5.5227447,"data_generator_T":19.65},{"data_generator_IK":5.5244608,"data_generator_T":19.700001},{"data_generator_IK":5.526154,"data_generator_T":19.75},{"data_generator_IK":5.5278244,"data_generator_T":19.799999},{"data_generator_IK":5.5294728,"data_generator_T":19.85},{"data_generator_IK":5.5310993,"data_generator_T":19.9},{"data_generator_IK":5.5327044,"data_generator_T":19.950001},{"data_generator_IK":5.5342875,"data_generator_T":20.0},{"data_generator_IK":5.53585,"data_generator_T":20.049999},{"data_generator_IK":5.5373912,"data_generator_T":20.1},{"data_generator_IK":5.5389123,"data_generator_T":20.15},{"data_generator_IK":5.5404129,"data_generator_T":20.200001},{"data_generator_IK":5.5418935,"data_generator_T":20.25},{"data_generator_IK":5.543354,"data_generator_T":20.299999},{"data_generator_IK":5.5447955,"data_generator_T":20.35},{"data_generator_IK":5.5462174,"data_generator_T":20.4},{"data_generator_IK":5.5476208,"data_generator_T":20.450001},{"data_generator_IK":5.5490055,"data_generator_T":20.5},{"data_generator_IK":5.5503712,"data_generator_T":20.549999},{"data_generator_IK":5.5517192,"data_generator_T":20.6},{"data_generator_IK":5.5530491,"data_generator_T":20.65},{"data_generator_IK":5.5543609,"data_generator_T":20.700001},{"data_generator_IK":5.5556555,"data_generator_T":20.75},{"data_generator_IK":5.5569329,"data_generator_T":20.799999},{"data_generator_IK":5.5581932,"data_generator_T":20.85},{"data_generator_IK":5.5594368,"data_generator_T":20.9},{"data_generator_IK":5.5606637,"data_generator_T":20.950001},{"data_generator_IK":5.5618744,"data_generator_T":21.0},{"data_generator_IK":5.5630689,"data_generator_T":21.049999},{"data_generator_IK":5.5642471,"data_generator_T":21.1},{"data_generator_IK":5.5654101,"data_generator_T":21.15},{"data_generator_IK":5.5665574,"data_generator_T":21.200001},{"data_generator_IK":5.5676889,"data_generator_T":21.25},{"data_generator_IK":5.5688062,"data_generator_T":21.299999},{"data_generator_IK":5.5699081,"data_generator_T":21.35},{"data_generator_IK":5.5709953,"data_generator_T":21.4},{"data_generator_IK":5.5720682,"data_generator_T":21.450001},{"data_generator_IK":5.5731268,"data_generator_T":21.5},{"data_generator_IK":5.5741711,"data_generator_T":21.549999},{"data_generator_IK":5.5752015,"data_generator_T":21.6},{"data_generator_IK":5.5762181,"data_generator_T":21.65},{"data_generator_IK":5.5772214,"data_generator_T":21.700001},{"data_generator_IK":5.5782113,"data_generator_T":21.75},{"data_generator_IK":5.5791879,"data_generator_T":21.799999},{"data_generator_IK":5.5801511,"data_generator_T":21.85},{"data_generator_IK":5.5811019,"data_generator_T":21.9},{"data_generator_IK":5.5820398,"data_generator_T":21.950001},{"data_generator_IK":5.5829654,"data_generator_T":22.0},{"data_generator_IK":5.5838785,"data_generator_T":22.049999},{"data_generator_IK":5.5847797,"data_generator_T":22.1},{"data_generator_IK":5.5856686,"data_generator_T":22.15},{"data_generator_IK":5.5865459,"data_generator_T":22.200001},{"data_generator_IK":5.5874114,"data_generator_T":22.25},{"data_generator_IK":5.5882654,"data_generator_T":22.299999},{"data_generator_IK":5.589108,"data_generator_T":22.35},{"data_generator_IK":5.5899391,"data_generator_T":22.4},{"data_generator_IK":5.5907593,"data_generator_T":22.450001},{"data_generator_IK":5.5915685,"data_generator_T":22.5},{"data_generator_IK":5.5923672,"data_generator_T":22.549999},{"data_generator_IK":5.5931549,"data_generator_T":22.6},{"data_generator_IK":5.5939322,"data_generator_T":22.65},{"data_generator_IK":5.5946989,"data_generator_T":22.700001},{"data_generator_IK":5.5954556,"data_generator_T":22.75},{"data_generator_IK":5.5962024,"data_generator_T":22.799999},{"data_generator_IK":5.5969391,"data_generator_T":22.85},{"data_generator_IK":5.5976663,"data_generator_T":22.9},{"data_generator_IK":5.5983834,"data_generator_T":22.950001},{"data_generator_IK":5.5990911,"data_generator_T":23.0},{"data_generator_IK":5.5997891,"data_generator_T":23.049999},{"data_generator_IK":5.6004777,"data_generator_T":23.1},{"data_generator_IK":5.6011577,"data_generator_T":23.15},{"data_generator_IK":5.6018281,"data_generator_T":23.200001},{"data_generator_IK":5.6024899,"data_generator_T":23.25},{"data_generator_IK":5.6031427,"data_generator_T":23.299999},{"data_generator_IK":5.6037869,"data_generator_T":23.35},{"data_generator_IK":5.6044226,"data_generator_T":23.4},{"data_generator_IK":5.6050496,"data_generator_T":23.450001},{"data_generator_IK":5.6056681,"data_generator_T":23.5},{"data_generator_IK":5.6062789,"data_generator_T":23.549999},{"data_generator_IK":5.6068811,"data_generator_T":23.6},{"data_generator_IK":5.6074753,"data_generator_T":23.65},{"data_generator_IK":5.6080618,"data_generator_T":23.700001},{"data_generator_IK":5.6086402,"data_generator_T":23.75},{"data_generator_IK":5.609211,"data_generator_T":23.799999},{"data_generator_IK":5.6097741,"data_generator_T":23.85},{"data_generator_IK":5.6103301,"data_generator_T":23.9},{"data_generator_IK":5.6108785,"data_generator_T":23.950001},{"data_generator_IK":5.6114192,"data_generator_T":24.0},{"data_generator_IK":5.6119533,"data_generator_T":24.049999},{"data_generator_IK":5.6124797,"data_generator_T":24.1},{"data_generator_IK":5.6129994,"data_generator_T":24.15},{"data_generator_IK":5.613512,"data_generator_T":24.200001},{"data_generator_IK":5.614018,"data_generator_T":24.25},{"data_generator_IK":5.6145172,"data_generator_T":24.299999},{"data_generator_IK":5.6150098,"data_generator_T":24.35},{"data_generator_IK":5.6154957,"data_generator_T":24.4},{"data_generator_IK":5.6159749,"data_generator_T":24.450001},{"data_generator_IK":5.6164479,"data_generator_T":24.5},{"data_generator_IK":5.6169147,"data_generator_T":24.549999},{"data_generator_IK":5.6173754,"data_generator_T":24.6},{"data_generator_IK":5.6178298,"data_generator_T":24.65},{"data_generator_IK":5.618278,"data_generator_T":24.700001},{"data_generator_IK":5.6187205,"data_generator_T":24.75},{"data_generator_IK":5.6191568,"data_generator_T":24.799999},{"data_generator_IK":5.6195874,"data_generator_T":24.85},{"data_generator_IK":5.6200123,"data_generator_T":24.9},{"data_generator_IK":5.6204314,"data_generator_T":24.950001},{"data_generator_IK":5.6208453,"data_generator_T":25.0},{"data_generator_IK":5.621253,"data_generator_T":25.049999},{"data_generator_IK":5.6216559,"data_generator_T":25.1},{"data_generator_IK":5.6220531,"data_generator_T":25.15},{"data_generator_IK":5.6224451,"data_generator_T":25.200001},{"data_generator_IK":5.6228318,"data_generator_T":25.25},{"data_generator_IK":5.6232138,"data_generator_T":25.299999},{"data_generator_IK":5.62359,"data_generator_T":25.35},{"data_generator_IK":5.6239614,"data_generator_T":25.4},{"data_generator_IK":5.6243281,"data_generator_T":25.450001},{"data_generator_IK":5.6246901,"data_generator_T":25.5},{"data_generator_IK":5.6250467,"data_generator_T":25.549999},{"data_generator_IK":5.6253986,"data_generator_T":25.6},{"data_generator_IK":5.6257463,"data_generator_T":25.65},{"data_generator_IK":5.6260891,"data_generator_T":25.700001},{"data_generator_IK":5.6264272,"data_generator_T":25.75},{"data_generator_IK":5.626761,"data_generator_T":25.799999},{"data_generator_IK":5.62709,"data_generator_T":25.85},{"data_generator_IK":5.6274147,"data_generator_T":25.9},{"data_generator_IK":5.6277351,"data_generator_T":25.950001},{"data_generator_IK":5.6280518,"data_generator_T":26.0},{"data_generator_IK":5.6283636,"data_generator_T":26.049999},{"data_generator_IK":5.6286716,"data_generator_T":26.1},{"data_generator_IK":5.6289754,"data_generator_T":26.15},{"data_generator_IK":5.6292748,"data_generator_T":26.200001},{"data_generator_IK":5.6295705,"data_generator_T":26.25},{"data_generator_IK":5.6298623,"data_generator_T":26.299999},{"data_generator_IK":5.6301503,"data_generator_T":26.35},{"data_generator_IK":5.6304345,"data_generator_T":26.4},{"data_generator_IK":5.6307144,"data_generator_T":26.450001},{"data_generator_IK":5.630991,"data_generator_T":26.5},{"data_generator_IK":5.6312637,"data_generator_T":26.549999},{"data_generator_IK":5.6315331,"data_generator_T":26.6},{"data_generator_IK":5.6317987,"data_generator_T":26.65},{"data_generator_IK":5.6320605,"data_generator_T":26.700001},{"data_generator_IK":5.6323195,"data_generator_T":26.75},{"data_generator_IK":5.6325746,"data_generator_T":26.799999},{"data_generator_IK":5.6328259,"data_generator_T":26.85},{"data_generator_IK":5.6330743,"data_generator_T":26.9},{"data_generator_IK":5.6333194,"data_generator_T":26.950001},{"data_generator_IK":5.6335611,"data_generator_T":27.0},{"data_generator_IK":5.6338,"data_generator_T":27.049999},{"data_generator_IK":5.6340351,"data_generator_T":27.1},{"data_generator_IK":5.6342673,"data_generator_T":27.15},{"data_generator_IK":5.6344967,"data_generator_T":27.200001},{"data_generator_IK":5.6347227,"data_generator_T":27.25},{"data_generator_IK":5.6349459,"data_generator_T":27.299999},{"data_generator_IK":5.6351657,"data_generator_T":27.35},{"data_generator_IK":5.6353831,"data_generator_T":27.4},{"data_generator_IK":5.6355972,"data_generator_T":27.450001},{"data_generator_IK":5.6358085,"data_generator_T":27.5},{"data_generator_IK":5.6360173,"data_generator_T":27.549999},{"data_generator_IK":5.6362228,"data_generator_T":27.6},{"data_generator_IK":5.636426,"data_generator_T":27.65},{"data_generator_IK":5.6366262,"data_generator_T":27.700001},{"data_generator_IK":5.6368241,"data_generator_T":27.75},{"data_generator_IK":5.6370192,"data_generator_T":27.799999},{"data_generator_IK":5.6372118,"data_generator_T":27.85},{"data_generator_IK":5.6374016,"data_generator_T":27.9},{"data_generator_IK":5.637589,"data_generator_T":27.950001},{"data_generator_IK":5.6377735,"data_generator_T":28.0},{"data_generator_IK":5.6379561,"data_generator_T":28.049999},{"data_generator_IK":5.6381359,"data_generator_T":28.1},{"data_generator_IK":5.6383138,"data_generator_T":28.15},{"data_generator_IK":5.6384888,"data_generator_T":28.200001},{"data_generator_IK":5.6386614,"data_generator_T":28.25},{"data_generator_IK":5.6388321,"data_generator_T":28.299999},{"data_generator_IK":5.6390004,"data_generator_T":28.35},{"data_generator_IK":5.6391664,"data_generator_T":28.4},{"data_generator_IK":5.6393304,"data_generator_T":28.450001},{"data_generator_IK":5.639492,"data_generator_T":28.5},{"data_generator_IK":5.6396513,"data_generator_T":28.549999},{"data_generator_IK":5.6398087,"data_generator_T":28.6},{"data_generator_IK":5.6399641,"data_generator_T":28.65},{"data_generator_IK":5.6401172,"data_generator_T":28.700001},{"data_generator_IK":5.6402683,"data_generator_T":28.75},{"data_generator_IK":5.6404176,"data_generator_T":28.799999},{"data_generator_IK":5.6405644,"data_generator_T":28.85},{"data_generator_IK":5.6407099,"data_generator_T":28.9},{"data_generator_IK":5.6408529,"data_generator_T":28.950001},{"data_generator_IK":5.6409941,"data_generator_T":29.0},{"data_generator_IK":5.6411338,"data_generator_T":29.049999},{"data_generator_IK":5.6412711,"data_generator_T":29.1},{"data_generator_IK":5.641407,"data_generator_T":29.15},{"data_generator_IK":5.641541,"data_generator_T":29.200001},{"data_generator_IK":5.6416731,"data_generator_T":29.25},{"data_generator_IK":5.6418033,"data_generator_T":29.299999},{"data_generator_IK":5.641932,"data_generator_T":29.35},{"data_generator_IK":5.6420588,"data_generator_T":29.4},{"data_generator_IK":5.6421843,"data_generator_T":29.450001},{"data_generator_IK":5.6423078,"data_generator_T":29.5},{"data_generator_IK":5.6424298,"data_generator_T":29.549999},{"data_generator_IK":5.64255,"data_generator_T":29.6},{"data_generator_IK":5.6426687,"data_generator_T":29.65},{"data_generator_IK":5.642786,"data_generator_T":29.700001},{"data_generator_IK":5.6429014,"data_generator_T":29.75},{"data_generator_IK":5.6430154,"data_generator_T":29.799999},{"data_generator_IK":5.6431279,"data_generator_T":29.85},{"data_generator_IK":5.643239,"data_generator_T":29.9},{"data_generator_IK":5.6433487,"data_generator_T":29.950001},{"data_generator_IK":5.6434565,"data_generator_T":30.0},{"data_generator_IK":5.6435633,"data_generator_T":30.049999},{"data_generator_IK":5.6436682,"data_generator_T":30.1},{"data_generator_IK":5.6437721,"data_generator_T":30.15},{"data_generator_IK":5.6438746,"data_generator_T":30.200001},{"data_generator_IK":5.6439757,"data_generator_T":30.25},{"data_generator_IK":5.6440754,"data_generator_T":30.299999},{"data_generator_IK":5.6441736,"data_generator_T":30.35},{"data_generator_IK":5.6442704,"data_generator_T":30.4},{"data_generator_IK":5.6443663,"data_generator_T":30.450001},{"data_generator_IK":5.6444607,"data_generator_T":30.5},{"data_generator_IK":5.6445541,"data_generator_T":30.549999},{"data_generator_IK":5.6446462,"data_generator_T":30.6},{"data_generator_IK":5.6447368,"data_generator_T":30.65},{"data_generator_IK":5.6448264,"data_generator_T":30.700001},{"data_generator_IK":5.6449146,"data_generator_T":30.75},{"data_generator_IK":5.6450019,"data_generator_T":30.799999},{"data_generator_IK":5.6450877,"data_generator_T":30.85},{"data_generator_IK":5.6451726,"data_generator_T":30.9},{"data_generator_IK":5.6452565,"data_generator_T":30.950001},{"data_generator_IK":5.645339,"data_generator_T":31.0},{"data_generator_IK":5.6454206,"data_generator_T":31.049999},{"data_generator_IK":5.6455011,"data_generator_T":31.1},{"data_generator_IK":5.6455803,"data_generator_T":31.15},{"data_generator_IK":5.6456585,"data_generator_T":31.200001},{"data_generator_IK":5.6457357,"data_generator_T":31.25},{"data_generator_IK":5.645812,"data_generator_T":31.299999},{"data_generator_IK":5.6458874,"data_generator_T":31.35},{"data_generator_IK":5.6459613,"data_generator_T":31.4},{"data_generator_IK":5.6460347,"data_generator_T":31.450001},{"data_generator_IK":5.6461067,"data_generator_T":31.5},{"data_generator_IK":5.6461782,"data_generator_T":31.549999},{"data_generator_IK":5.6462483,"data_generator_T":31.6},{"data_generator_IK":5.646318,"data_generator_T":31.65},{"data_generator_IK":5.6463861,"data_generator_T":31.700001},{"data_generator_IK":5.6464539,"data_generator_T":31.75},{"data_generator_IK":5.6465206,"data_generator_T":31.799999},{"data_generator_IK":5.6465864,"data_generator_T":31.85},{"data_generator_IK":5.6466513,"data_generator_T":31.9},{"data_generator_IK":5.6467152,"data_generator_T":31.950001},{"data_generator_IK":5.6467786,"data_generator_T":32.0},{"data_generator_IK":5.6468406,"data_generator_T":32.049999},{"data_generator_IK":5.6469021,"data_generator_T":32.099998},{"data_generator_IK":5.6469626,"data_generator_T":32.150002},{"data_generator_IK":5.6470227,"data_generator_T":32.200001},{"data_generator_IK":5.6470819,"data_generator_T":32.25},{"data_generator_IK":5.64714,"data_generator_T":32.299999},{"data_generator_IK":5.6471977,"data_generator_T":32.349998},{"data_generator_IK":5.6472545,"data_generator_T":32.400002},{"data_generator_IK":5.6473103,"data_generator_T":32.450001},{"data_generator_IK":5.6473656,"data_generator_T":32.5},{"data_generator_IK":5.6474199,"data_generator_T":32.549999},{"data_generator_IK":5.6474738,"data_generator_T":32.599998},{"data_generator_IK":5.6475267,"data_generator_T":32.650002},{"data_generator_IK":5.6475792,"data_generator_T":32.700001},{"data_generator_IK":5.6476307,"data_generator_T":32.75},{"data_generator_IK":5.6476817,"data_generator_T":32.799999},{"data_generator_IK":5.6477318,"data_generator_T":32.849998},{"data_generator_IK":5.6477814,"data_generator_T":32.900002},{"data_generator_IK":5.6478305,"data_generator_T":32.950001},{"data_generator_IK":5.6478786,"data_generator_T":33.0},{"data_generator_IK":5.6479263,"data_generator_T":33.049999},{"data_generator_IK":5.6479735,"data_generator_T":33.099998},{"data_generator_IK":5.6480198,"data_generator_T":33.150002},{"data_generator_IK":5.6480656,"data_generator_T":33.200001},{"data_generator_IK":5.6481109,"data_generator_T":33.25},{"data_generator_IK":5.6481552,"data_generator_T":33.299999},{"data_generator_IK":5.6481991,"data_generator_T":33.349998},{"data_generator_IK":5.6482425,"data_generator_T":33.400002},{"data_generator_IK":5.6482854,"data_generator_T":33.450001},{"data_generator_IK":5.6483278,"data_generator_T":33.5},{"data_generator_IK":5.6483693,"data_generator_T":33.549999},{"data_generator_IK":5.6484103,"data_generator_T":33.599998},{"data_generator_IK":5.6484509,"data_generator_T":33.650002},{"data_generator_IK":5.6484909,"data_generator_T":33.700001},{"data_generator_IK":5.6485305,"data_generator_T":33.75},{"data_generator_IK":5.6485696,"data_generator_T":33.799999},{"data_generator_IK":5.6486077,"data_generator_T":33.849998},{"data_generator_IK":5.6486459,"data_generator_T":33.900002},{"data_generator_IK":5.6486831,"data_generator_T":33.950001},{"data_generator_IK":5.6487203,"data_generator_T":34.0},{"data_generator_IK":5.6487565,"data_generator_T":34.049999},{"data_generator_IK":5.6487923,"data_generator_T":34.099998},{"data_generator_IK":5.648828,"data_generator_T":34.150002},{"data_generator_IK":5.6488628,"data_generator_T":34.200001},{"data_generator_IK":5.6488976,"data_generator_T":34.25},{"data_generator_IK":5.6489315,"data_generator_T":34.299999},{"data_generator_IK":5.6489649,"data_generator_T":34.349998},{"data_generator_IK":5.6489983,"data_generator_T":34.400002},{"data_generator_IK":5.6490312,"data_generator_T":34.450001},{"data_generator_IK":5.6490631,"data_generator_T":34.5},{"data_generator_IK":5.6490951,"data_generator_T":34.549999},{"data_generator_IK":5.6491265,"data_generator_T":34.599998},{"data_generator_IK":5.6491575,"data_generator_T":34.650002},{"data_generator_IK":5.649188,"data_generator_T":34.700001},{"data_generator_IK":5.6492181,"data_generator_T":34.75},{"data_generator_IK":5.6492481,"data_generator_T":34.799999},{"data_generator_IK":5.6492777,"data_generator_T":34.849998},{"data_generator_IK":5.6493063,"data_generator_T":34.900002},{"data_generator_IK":5.6493349,"data_generator_T":34.950001},{"data_generator_IK":0.0,"data_generator_T":35.0},{"data_generator_IK":0.0,"data_generator_T":35.049999},{"data_generator_IK":0.0,"data_generator_T":35.099998},{"data_generator_IK":0.0,"data_generator_T":35.150002},{"data_generator_IK":0.0,"data_generator_T":35.200001},{"data_generator_IK":0.0,"data_generator_T":35.25},{"data_generator_IK":0.0,"data_generator_T":35.299999},{"data_generator_IK":0.0,"data_generator_T":35.349998},{"data_generator_IK":0.0,"data_generator_T":35.400002},{"data_generator_IK":0.0,"data_generator_T":35.450001},{"data_generator_IK":0.0,"data_generator_T":35.5},{"data_generator_IK":0.0,"data_generator_T":35.549999},{"data_generator_IK":0.0,"data_generator_T":35.599998},{"data_generator_IK":0.0,"data_generator_T":35.650002},{"data_generator_IK":0.0,"data_generator_T":35.700001},{"data_generator_IK":0.0,"data_generator_T":35.75},{"data_generator_IK":0.0,"data_generator_T":35.799999},{"data_generator_IK":0.0,"data_generator_T":35.849998},{"data_generator_IK":0.0,"data_generator_T":35.900002},{"data_generator_IK":0.0,"data_generator_T":35.950001},{"data_generator_IK":0.0,"data_generator_T":36.0},{"data_generator_IK":0.0,"data_generator_T":36.049999},{"data_generator_IK":0.0,"data_generator_T":36.099998},{"data_generator_IK":0.0,"data_generator_T":36.150002},{"data_generator_IK":0.0,"data_generator_T":36.200001},{"data_generator_IK":0.0,"data_generator_T":36.25},{"data_generator_IK":0.0,"data_generator_T":36.299999},{"data_generator_IK":0.0,"data_generator_T":36.349998},{"data_generator_IK":0.0,"data_generator_T":36.400002},{"data_generator_IK":0.0,"data_generator_T":36.450001},{"data_generator_IK":0.0,"data_generator_T":36.5},{"data_generator_IK":0.0,"data_generator_T":36.549999},{"data_generator_IK":0.0,"data_generator_T":36.599998},{"data_generator_IK":0.0,"data_generator_T":36.650002},{"data_generator_IK":0.0,"data_generator_T":36.700001},{"data_generator_IK":0.0,"data_generator_T":36.75},{"data_generator_IK":0.0,"data_generator_T":36.799999},{"data_generator_IK":0.0,"data_generator_T":36.849998},{"data_generator_IK":0.0,"data_generator_T":36.900002},{"data_generator_IK":0.0,"data_generator_T":36.950001},{"data_generator_IK":0.0,"data_generator_T":37.0},{"data_generator_IK":0.0,"data_generator_T":37.049999},{"data_generator_IK":0.0,"data_generator_T":37.099998},{"data_generator_IK":0.0,"data_generator_T":37.150002},{"data_generator_IK":0.0,"data_generator_T":37.200001},{"data_generator_IK":0.0,"data_generator_T":37.25},{"data_generator_IK":0.0,"data_generator_T":37.299999},{"data_generator_IK":0.0,"data_generator_T":37.349998},{"data_generator_IK":0.0,"data_generator_T":37.400002},{"data_generator_IK":0.0,"data_generator_T":37.450001},{"data_generator_IK":0.0,"data_generator_T":37.5},{"data_generator_IK":0.0,"data_generator_T":37.549999},{"data_generator_IK":0.0,"data_generator_T":37.599998},{"data_generator_IK":0.0,"data_generator_T":37.650002},{"data_generator_IK":0.0,"data_generator_T":37.700001},{"data_generator_IK":0.0,"data_generator_T":37.75},{"data_generator_IK":0.0,"data_generator_T":37.799999},{"data_generator_IK":0.0,"data_generator_T":37.849998},{"data_generator_IK":0.0,"data_generator_T":37.900002},{"data_generator_IK":0.0,"data_generator_T":37.950001},{"data_generator_IK":0.0,"data_generator_T":38.0},{"data_generator_IK":0.0,"data_generator_T":38.049999},{"data_generator_IK":0.0,"data_generator_T":38.099998},{"data_generator_IK":0.0,"data_generator_T":38.150002},{"data_generator_IK":0.0,"data_generator_T":38.200001},{"data_generator_IK":0.0,"data_generator_T":38.25},{"data_generator_IK":0.0,"data_generator_T":38.299999},{"data_generator_IK":0.0,"data_generator_T":38.349998},{"data_generator_IK":0.0,"data_generator_T":38.400002},{"data_generator_IK":0.0,"data_generator_T":38.450001},{"data_generator_IK":0.0,"data_generator_T":38.5},{"data_generator_IK":0.0,"data_generator_T":38.549999},{"data_generator_IK":0.0,"data_generator_T":38.599998},{"data_generator_IK":0.0,"data_generator_T":38.650002},{"data_generator_IK":0.0,"data_generator_T":38.700001},{"data_generator_IK":0.0,"data_generator_T":38.75},{"data_generator_IK":0.0,"data_generator_T":38.799999},{"data_generator_IK":0.0,"data_generator_T":38.849998},{"data_generator_IK":0.0,"data_generator_T":38.900002},{"data_generator_IK":0.0,"data_generator_T":38.950001},{"data_generator_IK":0.0,"data_generator_T":39.0},{"data_generator_IK":0.0,"data_generator_T":39.049999},{"data_generator_IK":0.0,"data_generator_T":39.099998},{"data_generator_IK":0.0,"data_generator_T":39.150002},{"data_generator_IK":0.0,"data_generator_T":39.200001},{"data_generator_IK":0.0,"data_generator_T":39.25},{"data_generator_IK":0.0,"data_generator_T":39.299999},{"data_generator_IK":0.0,"data_generator_T":39.349998},{"data_generator_IK":0.0,"data_generator_T":39.400002},{"data_generator_IK":0.0,"data_generator_T":39.450001},{"data_generator_IK":0.0,"data_generator_T":39.5},{"data_generator_IK":0.0,"data_generator_T":39.549999},{"data_generator_IK":0.0,"data_generator_T":39.599998},{"data_generator_IK":0.0,"data_generator_T":39.650002},{"data_generator_IK":0.0,"data_generator_T":39.700001},{"data_generator_IK":0.0,"data_generator_T":39.75},{"data_generator_IK":0.0,"data_generator_T":39.799999},{"data_generator_IK":0.0,"data_generator_T":39.849998},{"data_generator_IK":0.0,"data_generator_T":39.900002},{"data_generator_IK":0.0,"data_generator_T":39.950001},{"data_generator_IK":0.0,"data_generator_T":40.0},{"data_generator_IK":0.0,"data_generator_T":40.049999},{"data_generator_IK":0.0,"data_generator_T":40.099998},{"data_generator_IK":0.0,"data_generator_T":40.150002},{"data_generator_IK":0.0,"data_generator_T":40.200001},{"data_generator_IK":0.0,"data_generator_T":40.25},{"data_generator_IK":0.0,"data_generator_T":40.299999},{"data_generator_IK":0.0,"data_generator_T":40.349998},{"data_generator_IK":0.0,"data_generator_T":40.400002},{"data_generator_IK":0.0,"data_generator_T":40.450001},{"data_generator_IK":0.0,"data_generator_T":40.5},{"data_generator_IK":0.0,"data_generator_T":40.549999},{"data_generator_IK":0.0,"data_generator_T":40.599998},{"data_generator_IK":0.0,"data_generator_T":40.650002},{"data_generator_IK":0.0,"data_generator_T":40.700001},{"data_generator_IK":0.0,"data_generator_T":40.75},{"data_generator_IK":0.0,"data_generator_T":40.799999},{"data_generator_IK":0.0,"data_generator_T":40.849998},{"data_generator_IK":0.0,"data_generator_T":40.900002},{"data_generator_IK":0.0,"data_generator_T":40.950001},{"data_generator_IK":0.0,"data_generator_T":41.0},{"data_generator_IK":0.0,"data_generator_T":41.049999},{"data_generator_IK":0.0,"data_generator_T":41.099998},{"data_generator_IK":0.0,"data_generator_T":41.150002},{"data_generator_IK":0.0,"data_generator_T":41.200001},{"data_generator_IK":0.0,"data_generator_T":41.25},{"data_generator_IK":0.0,"data_generator_T":41.299999},{"data_generator_IK":0.0,"data_generator_T":41.349998},{"data_generator_IK":0.0,"data_generator_T":41.400002},{"data_generator_IK":0.0,"data_generator_T":41.450001},{"data_generator_IK":0.0,"data_generator_T":41.5},{"data_generator_IK":0.0,"data_generator_T":41.549999},{"data_generator_IK":0.0,"data_generator_T":41.599998},{"data_generator_IK":0.0,"data_generator_T":41.650002},{"data_generator_IK":0.0,"data_generator_T":41.700001},{"data_generator_IK":0.0,"data_generator_T":41.75},{"data_generator_IK":0.0,"data_generator_T":41.799999},{"data_generator_IK":0.0,"data_generator_T":41.849998},{"data_generator_IK":0.0,"data_generator_T":41.900002},{"data_generator_IK":0.0,"data_generator_T":41.950001},{"data_generator_IK":0.0,"data_generator_T":42.0},{"data_generator_IK":0.0,"data_generator_T":42.049999},{"data_generator_IK":0.0,"data_generator_T":42.099998},{"data_generator_IK":0.0,"data_generator_T":42.150002},{"data_generator_IK":0.0,"data_generator_T":42.200001},{"data_generator_IK":0.0,"data_generator_T":42.25},{"data_generator_IK":0.0,"data_generator_T":42.299999},{"data_generator_IK":0.0,"data_generator_T":42.349998},{"data_generator_IK":0.0,"data_generator_T":42.400002},{"data_generator_IK":0.0,"data_generator_T":42.450001},{"data_generator_IK":0.0,"data_generator_T":42.5},{"data_generator_IK":0.0,"data_generator_T":42.549999},{"data_generator_IK":0.0,"data_generator_T":42.599998},{"data_generator_IK":0.0,"data_generator_T":42.650002},{"data_generator_IK":0.0,"data_generator_T":42.700001},{"data_generator_IK":0.0,"data_generator_T":42.75},{"data_generator_IK":0.0,"data_generator_T":42.799999},{"data_generator_IK":0.0,"data_generator_T":42.849998},{"data_generator_IK":0.0,"data_generator_T":42.900002},{"data_generator_IK":0.0,"data_generator_T":42.950001},{"data_generator_IK":0.0,"data_generator_T":43.0},{"data_generator_IK":0.0,"data_generator_T":43.049999},{"data_generator_IK":0.0,"data_generator_T":43.099998},{"data_generator_IK":0.0,"data_generator_T":43.150002},{"data_generator_IK":0.0,"data_generator_T":43.200001},{"data_generator_IK":0.0,"data_generator_T":43.25},{"data_generator_IK":0.0,"data_generator_T":43.299999},{"data_generator_IK":0.0,"data_generator_T":43.349998},{"data_generator_IK":0.0,"data_generator_T":43.400002},{"data_generator_IK":0.0,"data_generator_T":43.450001},{"data_generator_IK":0.0,"data_generator_T":43.5},{"data_generator_IK":0.0,"data_generator_T":43.549999},{"data_generator_IK":0.0,"data_generator_T":43.599998},{"data_generator_IK":0.0,"data_generator_T":43.650002},{"data_generator_IK":0.0,"data_generator_T":43.700001},{"data_generator_IK":0.0,"data_generator_T":43.75},{"data_generator_IK":0.0,"data_generator_T":43.799999},{"data_generator_IK":0.0,"data_generator_T":43.849998},{"data_generator_IK":0.0,"data_generator_T":43.900002},{"data_generator_IK":0.0,"data_generator_T":43.950001},{"data_generator_IK":0.0,"data_generator_T":44.0},{"data_generator_IK":0.0,"data_generator_T":44.049999},{"data_generator_IK":0.0,"data_generator_T":44.099998},{"data_generator_IK":0.0,"data_generator_T":44.150002},{"data_generator_IK":0.0,"data_generator_T":44.200001},{"data_generator_IK":0.0,"data_generator_T":44.25},{"data_generator_IK":0.0,"data_generator_T":44.299999},{"data_generator_IK":0.0,"data_generator_T":44.349998},{"data_generator_IK":0.0,"data_generator_T":44.400002},{"data_generator_IK":0.0,"data_generator_T":44.450001},{"data_generator_IK":0.0,"data_generator_T":44.5},{"data_generator_IK":0.0,"data_generator_T":44.549999},{"data_generator_IK":0.0,"data_generator_T":44.599998},{"data_generator_IK":0.0,"data_generator_T":44.650002},{"data_generator_IK":0.0,"data_generator_T":44.700001},{"data_generator_IK":0.0,"data_generator_T":44.75},{"data_generator_IK":0.0,"data_generator_T":44.799999},{"data_generator_IK":0.0,"data_generator_T":44.849998},{"data_generator_IK":0.0,"data_generator_T":44.900002},{"data_generator_IK":0.0,"data_generator_T":44.950001},{"data_generator_IK":0.0,"data_generator_T":45.0},{"data_generator_IK":0.0,"data_generator_T":45.049999},{"data_generator_IK":0.0,"data_generator_T":45.099998},{"data_generator_IK":0.0,"data_generator_T":45.150002},{"data_generator_IK":0.0,"data_generator_T":45.200001},{"data_generator_IK":0.0,"data_generator_T":45.25},{"data_generator_IK":0.0,"data_generator_T":45.299999},{"data_generator_IK":0.0,"data_generator_T":45.349998},{"data_generator_IK":0.0,"data_generator_T":45.400002},{"data_generator_IK":0.0,"data_generator_T":45.450001},{"data_generator_IK":0.0,"data_generator_T":45.5},{"data_generator_IK":0.0,"data_generator_T":45.549999},{"data_generator_IK":0.0,"data_generator_T":45.599998},{"data_generator_IK":0.0,"data_generator_T":45.650002},{"data_generator_IK":0.0,"data_generator_T":45.700001},{"data_generator_IK":0.0,"data_generator_T":45.75},{"data_generator_IK":0.0,"data_generator_T":45.799999},{"data_generator_IK":0.0,"data_generator_T":45.849998},{"data_generator_IK":0.0,"data_generator_T":45.900002},{"data_generator_IK":0.0,"data_generator_T":45.950001},{"data_generator_IK":0.0,"data_generator_T":46.0},{"data_generator_IK":0.0,"data_generator_T":46.049999},{"data_generator_IK":0.0,"data_generator_T":46.099998},{"data_generator_IK":0.0,"data_generator_T":46.150002},{"data_generator_IK":0.0,"data_generator_T":46.200001},{"data_generator_IK":0.0,"data_generator_T":46.25},{"data_generator_IK":0.0,"data_generator_T":46.299999},{"data_generator_IK":0.0,"data_generator_T":46.349998},{"data_generator_IK":0.0,"data_generator_T":46.400002},{"data_generator_IK":0.0,"data_generator_T":46.450001},{"data_generator_IK":0.0,"data_generator_T":46.5},{"data_generator_IK":0.0,"data_generator_T":46.549999},{"data_generator_IK":0.0,"data_generator_T":46.599998},{"data_generator_IK":0.0,"data_generator_T":46.650002},{"data_generator_IK":0.0,"data_generator_T":46.700001},{"data_generator_IK":0.0,"data_generator_T":46.75},{"data_generator_IK":0.0,"data_generator_T":46.799999},{"data_generator_IK":0.0,"data_generator_T":46.849998},{"data_generator_IK":0.0,"data_generator_T":46.900002},{"data_generator_IK":0.0,"data_generator_T":46.950001},{"data_generator_IK":0.0,"data_generator_T":47.0},{"data_generator_IK":0.0,"data_generator_T":47.049999},{"data_generator_IK":0.0,"data_generator_T":47.099998},{"data_generator_IK":0.0,"data_generator_T":47.150002},{"data_generator_IK":0.0,"data_generator_T":47.200001},{"data_generator_IK":0.0,"data_generator_T":47.25},{"data_generator_IK":0.0,"data_generator_T":47.299999},{"data_generator_IK":0.0,"data_generator_T":47.349998},{"data_generator_IK":0.0,"data_generator_T":47.400002},{"data_generator_IK":0.0,"data_generator_T":47.450001},{"data_generator_IK":0.0,"data_generator_T":47.5},{"data_generator_IK":0.0,"data_generator_T":47.549999},{"data_generator_IK":0.0,"data_generator_T":47.599998},{"data_generator_IK":0.0,"data_generator_T":47.650002},{"data_generator_IK":0.0,"data_generator_T":47.700001},{"data_generator_IK":0.0,"data_generator_T":47.75},{"data_generator_IK":0.0,"data_generator_T":47.799999},{"data_generator_IK":0.0,"data_generator_T":47.849998},{"data_generator_IK":0.0,"data_generator_T":47.900002},{"data_generator_IK":0.0,"data_generator_T":47.950001},{"data_generator_IK":0.0,"data_generator_T":48.0},{"data_generator_IK":0.0,"data_generator_T":48.049999},{"data_generator_IK":0.0,"data_generator_T":48.099998},{"data_generator_IK":0.0,"data_generator_T":48.150002},{"data_generator_IK":0.0,"data_generator_T":48.200001},{"data_generator_IK":0.0,"data_generator_T":48.25},{"data_generator_IK":0.0,"data_generator_T":48.299999},{"data_generator_IK":0.0,"data_generator_T":48.349998},{"data_generator_IK":0.0,"data_generator_T":48.400002},{"data_generator_IK":0.0,"data_generator_T":48.450001},{"data_generator_IK":0.0,"data_generator_T":48.5},{"data_generator_IK":0.0,"data_generator_T":48.549999},{"data_generator_IK":0.0,"data_generator_T":48.599998},{"data_generator_IK":0.0,"data_generator_T":48.650002},{"data_generator_IK":0.0,"data_generator_T":48.700001},{"data_generator_IK":0.0,"data_generator_T":48.75},{"data_generator_IK":0.0,"data_generator_T":48.799999},{"data_generator_IK":0.0,"data_generator_T":48.849998},{"data_generator_IK":0.0,"data_generator_T":48.900002},{"data_generator_IK":0.0,"data_generator_T":48.950001},{"data_generator_IK":0.0,"data_generator_T":49.0},{"data_generator_IK":0.0,"data_generator_T":49.049999},{"data_generator_IK":0.0,"data_generator_T":49.099998},{"data_generator_IK":0.0,"data_generator_T":49.150002},{"data_generator_IK":0.0,"data_generator_T":49.200001},{"data_generator_IK":0.0,"data_generator_T":49.25},{"data_generator_IK":0.0,"data_generator_T":49.299999},{"data_generator_IK":0.0,"data_generator_T":49.349998},{"data_generator_IK":0.0,"data_generator_T":49.400002},{"data_generator_IK":0.0,"data_generator_T":49.450001},{"data_generator_IK":0.0,"data_generator_T":49.5},{"data_generator_IK":0.0,"data_generator_T":49.549999},{"data_generator_IK":0.0,"data_generator_T":49.599998},{"data_generator_IK":0.0,"data_generator_T":49.650002},{"data_generator_IK":0.0,"data_generator_T":49.700001},{"data_generator_IK":0.0,"data_generator_T":49.75},{"data_generator_IK":0.0,"data_generator_T":49.799999},{"data_generator_IK":0.0,"data_generator_T":49.849998},{"data_generator_IK":0.0,"data_generator_T":49.900002},{"data_generator_IK":0.0,"data_generator_T":49.950001},{"data_generator_IK":0.0,"data_generator_T":50.0}]