[{"data_set_value_component_environment_variable_time":0.0,"data_set_value_component_MPF_variable_MPF":0.0,"data_set_value_component_preMPF_variable_preMPF":1.0,"data_set_value_component_Ste9_variable_Ste9":0.0,"data_set_value_component_Ste9_variable_Jste9r":0.01,"data_set_value_component_Ste9_variable_Jste9":0.01,"data_set_value_component_Mik1_variable_Mik1":0.0,"data_set_value_component_Mik1_variable_Jmikr":0.15,"data_set_value_component_Mik1_variable_Jmik":0.15,"data_set_value_component_Wee1_variable_Wee1":0.0,"data_set_value_component_Wee1_variable_Jweer":0.2,"data_set_value_component_Wee1_variable_Jwee":0.2,"data_set_value_component_Cdc25_variable_Cdc25":0.0,"data_set_value_component_Cdc25_variable_J25":0.05,"data_set_value_component_Cdc25_variable_J25r":0.05,"data_set_value_component_Slp1_variable_Slp1":0.0,"data_set_value_component_Slp1_a_variable_Slp1_a":0.0,"data_set_value_component_Inh_variable_Inh":0.0,"data_set_value_component_PI_variable_PI":0.2,"data_set_value_component_CRP_variable_CRP":0.0,"data_set_value_component_CR_variable_CR":0.0,"data_set_value_component_Rum1_variable_Rum1":0.0,"data_set_value_component_Rum1P_variable_Rum1P":0.0,"data_set_value_component_mass_variable_mass":1.0,"data_set_value_component_mass_variable_mu":0.00462,"data_set_value_component_R_dna_variable_R_dna":1.0,"data_set_value_component_R_dna_variable_K":0.06,"data_set_value_component_R_dna_variable_Y":0.0,"data_set_value_component_MPF_a_variable_MPF_a":0.05,"data_set_value_component_PP_variable_PP":0.8,"data_set_value_component_ratio_variable_ratio":0.0625,"data_set_value_component_rate_constants_variable_k1":0.02,"data_set_value_component_rate_constants_variable_k2":0.02,"data_set_value_component_rate_constants_variable_k2c":0.02,"data_set_value_component_rate_constants_variable_k3":0.1,"data_set_value_component_rate_constants_variable_k4":0.01,"data_set_value_component_rate_constants_variable_k5":0.1,"data_set_value_component_rate_constants_variable_k6":5.0,"data_set_value_component_rate_constants_variable_k6_":0.1,"data_set_value_component_rate_constants_variable_kwee":0.12,"data_set_value_component_rate_constants_variable_kc25":0.12,"data_set_value_component_rate_constants_variable_kp":100.0,"data_set_value_component_rate_constants_variable_kpp_":1.0,"data_set_value_component_rate_constants_variable_kpp":100.0,"data_set_value_component_rate_constants_variable_kj":400.0,"data_set_value_component_rate_constants_variable_kjr":1.0,"data_set_value_component_rate_constants_variable_kste9":5.0,"data_set_value_component_rate_constants_variable_kste9r":8.0,"data_set_value_component_rate_constants_variable_kste9r_":0.03,"data_set_value_component_rate_constants_variable_km":1.0,"data_set_value_component_rate_constants_variable_kmr":5.0,"data_set_value_component_rate_constants_variable_kmr_":0.01,"data_set_value_component_rate_constants_variable_kw":2.0,"data_set_value_component_rate_constants_variable_kwr":1.0,"data_set_value_component_rate_constants_variable_kwr_":0.4,"data_set_value_component_rate_constants_variable_k25":1.0,"data_set_value_component_rate_constants_variable_k25r":2.0,"data_set_value_component_rate_constants_variable_k25r_":0.4,"data_set_value_component_rate_constants_variable_kas":0.1,"data_set_value_component_rate_constants_variable_kad":0.1,"data_set_value_component_rate_constants_variable_kaa":0.1,"data_set_value_component_rate_constants_variable_kaa_":0.01,"data_set_value_component_rate_constants_variable_kai":0.1,"data_set_value_component_rate_constants_variable_ki":50.0,"data_set_value_component_rate_constants_variable_kir":0.5,"data_set_value_component_rate_constants_variable_ks":0.1,"data_set_value_component_rate_constants_variable_V2_":0.02,"data_set_value_component_rate_constants_variable_V2":1.0,"data_set_value_component_rate_constants_variable_V2c":0.5,"data_set_value_component_rate_constants_variable_V2c_":0.02,"data_set_value_component_rate_constants_variable_Vwee":10.0,"data_set_value_component_rate_constants_variable_Vwee_":0.08,"data_set_value_component_rate_constants_variable_Vmik":2.0,"data_set_value_component_rate_constants_variable_Vmik_":0.04,"data_set_value_component_rate_constants_variable_V25":10.0,"data_set_value_component_rate_constants_variable_V25_":0.05,"data_set_value_component_rate_constants_variable_Vpyp":0.07,"data_set_value_component_rate_constants_variable_V4":1.0,"data_set_value_component_rate_constants_variable_V4_":0.01,"data_set_value_component_rate_constants_variable_Pyp3":1.0,"data_set_value_component_dimensionless_constants_variable_SK":0.018,"data_set_value_component_dimensionless_constants_variable_epsilon":0.05,"data_set_value_component_dimensionless_constants_variable_epsilon_p":0.025},{"data_set_value_component_environment_variable_time":0.1,"data_set_value_component_MPF_variable_MPF":0.0121682506,"data_set_value_component_preMPF_variable_preMPF":0.9567099177,"data_set_value_component_Ste9_variable_Ste9":0.5979507332,"data_set_value_component_Ste9_variable_Jste9r":0.01,"data_set_value_component_Ste9_variable_Jste9":0.01,"data_set_value_component_Mik1_variable_Mik1":0.3439311155,"data_set_value_component_Mik1_variable_Jmikr":0.15,"data_set_value_component_Mik1_variable_Jmik":0.15,"data_set_value_component_Wee1_variable_Wee1":0.0969116262,"data_set_value_component_Wee1_variable_Jweer":0.2,"data_set_value_component_Wee1_variable_Jwee":0.2,"data_set_value_component_Cdc25_variable_Cdc25":0.0013383686,"data_set_value_component_Cdc25_variable_J25":0.05,"data_set_value_component_Cdc25_variable_J25r":0.05,"data_set_value_component_Slp1_variable_Slp1":0.0005551308,"data_set_value_component_Slp1_a_variable_Slp1_a":0.0000004216,"data_set_value_component_Inh_variable_Inh":0.0049600179,"data_set_value_component_PI_variable_PI":0.2048353515,"data_set_value_component_CRP_variable_CRP":0.000094314,"data_set_value_component_CR_variable_CR":0.0013942528,"data_set_value_component_Rum1_variable_Rum1":0.0078582544,"data_set_value_component_Rum1P_variable_Rum1P":0.0004787786,"data_set_value_component_mass_variable_mass":1.0004621067,"data_set_value_component_mass_variable_mu":0.00462,"data_set_value_component_R_dna_variable_R_dna":1.006,"data_set_value_component_R_dna_variable_K":0.06,"data_set_value_component_R_dna_variable_Y":0.0,"data_set_value_component_MPF_a_variable_MPF_a":0.0600037464,"data_set_value_component_PP_variable_PP":0.7951646485,"data_set_value_component_ratio_variable_ratio":0.0754607823,"data_set_value_component_rate_constants_variable_k1":0.02,"data_set_value_component_rate_constants_variable_k2":0.6179507332,"data_set_value_component_rate_constants_variable_k2c":0.3189753666,"data_set_value_component_rate_constants_variable_k3":0.1,"data_set_value_component_rate_constants_variable_k4":0.0100004216,"data_set_value_component_rate_constants_variable_k5":0.1,"data_set_value_component_rate_constants_variable_k6":5.0,"data_set_value_component_rate_constants_variable_k6_":0.1,"data_set_value_component_rate_constants_variable_kwee":1.7554683186,"data_set_value_component_rate_constants_variable_kc25":0.1333167678,"data_set_value_component_rate_constants_variable_kp":100.0,"data_set_value_component_rate_constants_variable_kpp_":1.0,"data_set_value_component_rate_constants_variable_kpp":100.0,"data_set_value_component_rate_constants_variable_kj":400.0,"data_set_value_component_rate_constants_variable_kjr":1.0,"data_set_value_component_rate_constants_variable_kste9":5.0,"data_set_value_component_rate_constants_variable_kste9r":8.0,"data_set_value_component_rate_constants_variable_kste9r_":0.03,"data_set_value_component_rate_constants_variable_km":1.0,"data_set_value_component_rate_constants_variable_kmr":5.0,"data_set_value_component_rate_constants_variable_kmr_":0.01,"data_set_value_component_rate_constants_variable_kw":2.0,"data_set_value_component_rate_constants_variable_kwr":1.0,"data_set_value_component_rate_constants_variable_kwr_":0.4,"data_set_value_component_rate_constants_variable_k25":1.0,"data_set_value_component_rate_constants_variable_k25r":2.0,"data_set_value_component_rate_constants_variable_k25r_":0.4,"data_set_value_component_rate_constants_variable_kas":0.1,"data_set_value_component_rate_constants_variable_kad":0.1,"data_set_value_component_rate_constants_variable_kaa":0.1,"data_set_value_component_rate_constants_variable_kaa_":0.01,"data_set_value_component_rate_constants_variable_kai":0.1,"data_set_value_component_rate_constants_variable_ki":50.0,"data_set_value_component_rate_constants_variable_kir":0.5,"data_set_value_component_rate_constants_variable_ks":0.1,"data_set_value_component_rate_constants_variable_V2_":0.02,"data_set_value_component_rate_constants_variable_V2":1.0,"data_set_value_component_rate_constants_variable_V2c":0.5,"data_set_value_component_rate_constants_variable_V2c_":0.02,"data_set_value_component_rate_constants_variable_Vwee":10.0,"data_set_value_component_rate_constants_variable_Vwee_":0.08,"data_set_value_component_rate_constants_variable_Vmik":2.0,"data_set_value_component_rate_constants_variable_Vmik_":0.04,"data_set_value_component_rate_constants_variable_V25":10.0,"data_set_value_component_rate_constants_variable_V25_":0.05,"data_set_value_component_rate_constants_variable_Vpyp":0.07,"data_set_value_component_rate_constants_variable_V4":1.0,"data_set_value_component_rate_constants_variable_V4_":0.01,"data_set_value_component_rate_constants_variable_Pyp3":1.0,"data_set_value_component_dimensionless_constants_variable_SK":0.018,"data_set_value_component_dimensionless_constants_variable_epsilon":0.05,"data_set_value_component_dimensionless_constants_variable_epsilon_p":0.025},{"data_set_value_component_environment_variable_time":0.2,"data_set_value_component_MPF_variable_MPF":0.0157474015,"data_set_value_component_preMPF_variable_preMPF":0.8682257089,"data_set_value_component_Ste9_variable_Ste9":0.9993553912,"data_set_value_component_Ste9_variable_Jste9r":0.01,"data_set_value_component_Ste9_variable_Jste9":0.01,"data_set_value_component_Mik1_variable_Mik1":0.6498822693,"data_set_value_component_Mik1_variable_Jmikr":0.15,"data_set_value_component_Mik1_variable_Jmik":0.15,"data_set_value_component_Wee1_variable_Wee1":0.1884259246,"data_set_value_component_Wee1_variable_Jweer":0.2,"data_set_value_component_Wee1_variable_Jwee":0.2,"data_set_value_component_Cdc25_variable_Cdc25":0.0014126314,"data_set_value_component_Cdc25_variable_J25":0.05,"data_set_value_component_Cdc25_variable_J25r":0.05,"data_set_value_component_Slp1_variable_Slp1":0.0011502621,"data_set_value_component_Slp1_a_variable_Slp1_a":0.0000017687,"data_set_value_component_Inh_variable_Inh":0.00522421,"data_set_value_component_PI_variable_PI":0.2143564092,"data_set_value_component_CRP_variable_CRP":0.0004571144,"data_set_value_component_CR_variable_CR":0.0064899914,"data_set_value_component_Rum1_variable_Rum1":0.0115348242,"data_set_value_component_Rum1P_variable_Rum1P":0.0007473856,"data_set_value_component_mass_variable_mass":1.000924427,"data_set_value_component_mass_variable_mu":0.00462,"data_set_value_component_R_dna_variable_R_dna":1.012,"data_set_value_component_R_dna_variable_K":0.06,"data_set_value_component_R_dna_variable_Y":0.0,"data_set_value_component_MPF_a_variable_MPF_a":0.0591586869,"data_set_value_component_PP_variable_PP":0.7856435908,"data_set_value_component_ratio_variable_ratio":0.0752996493,"data_set_value_component_rate_constants_variable_k1":0.02,"data_set_value_component_rate_constants_variable_k2":1.0193553912,"data_set_value_component_rate_constants_variable_k2c":0.5196776956,"data_set_value_component_rate_constants_variable_k3":0.1,"data_set_value_component_rate_constants_variable_k4":0.0100017687,"data_set_value_component_rate_constants_variable_k5":0.1,"data_set_value_component_rate_constants_variable_k6":5.0,"data_set_value_component_rate_constants_variable_k6_":0.1,"data_set_value_component_rate_constants_variable_kwee":3.2629544196,"data_set_value_component_rate_constants_variable_kc25":0.1340556827,"data_set_value_component_rate_constants_variable_kp":100.0,"data_set_value_component_rate_constants_variable_kpp_":1.0,"data_set_value_component_rate_constants_variable_kpp":100.0,"data_set_value_component_rate_constants_variable_kj":400.0,"data_set_value_component_rate_constants_variable_kjr":1.0,"data_set_value_component_rate_constants_variable_kste9":5.0,"data_set_value_component_rate_constants_variable_kste9r":8.0,"data_set_value_component_rate_constants_variable_kste9r_":0.03,"data_set_value_component_rate_constants_variable_km":1.0,"data_set_value_component_rate_constants_variable_kmr":5.0,"data_set_value_component_rate_constants_variable_kmr_":0.01,"data_set_value_component_rate_constants_variable_kw":2.0,"data_set_value_component_rate_constants_variable_kwr":1.0,"data_set_value_component_rate_constants_variable_kwr_":0.4,"data_set_value_component_rate_constants_variable_k25":1.0,"data_set_value_component_rate_constants_variable_k25r":2.0,"data_set_value_component_rate_constants_variable_k25r_":0.4,"data_set_value_component_rate_constants_variable_kas":0.1,"data_set_value_component_rate_constants_variable_kad":0.1,"data_set_value_component_rate_constants_variable_kaa":0.1,"data_set_value_component_rate_constants_variable_kaa_":0.01,"data_set_value_component_rate_constants_variable_kai":0.1,"data_set_value_component_rate_constants_variable_ki":50.0,"data_set_value_component_rate_constants_variable_kir":0.5,"data_set_value_component_rate_constants_variable_ks":0.1,"data_set_value_component_rate_constants_variable_V2_":0.02,"data_set_value_component_rate_constants_variable_V2":1.0,"data_set_value_component_rate_constants_variable_V2c":0.5,"data_set_value_component_rate_constants_variable_V2c_":0.02,"data_set_value_component_rate_constants_variable_Vwee":10.0,"data_set_value_component_rate_constants_variable_Vwee_":0.08,"data_set_value_component_rate_constants_variable_Vmik":2.0,"data_set_value_component_rate_constants_variable_Vmik_":0.04,"data_set_value_component_rate_constants_variable_V25":10.0,"data_set_value_component_rate_constants_variable_V25_":0.05,"data_set_value_component_rate_constants_variable_Vpyp":0.07,"data_set_value_component_rate_constants_variable_V4":1.0,"data_set_value_component_rate_constants_variable_V4_":0.01,"data_set_value_component_rate_constants_variable_Pyp3":1.0,"data_set_value_component_dimensionless_constants_variable_SK":0.018,"data_set_value_component_dimensionless_constants_variable_epsilon":0.05,"data_set_value_component_dimensionless_constants_variable_epsilon_p":0.025},{"data_set_value_component_environment_variable_time":0.3,"data_set_value_component_MPF_variable_MPF":0.0143294594,"data_set_value_component_preMPF_variable_preMPF":0.7793557229,"data_set_value_component_Ste9_variable_Ste9":0.9993991696,"data_set_value_component_Ste9_variable_Jste9r":0.01,"data_set_value_component_Ste9_variable_Jste9":0.01,"data_set_value_component_Mik1_variable_Mik1":0.8811275382,"data_set_value_component_Mik1_variable_Jmikr":0.15,"data_set_value_component_Mik1_variable_Jmik":0.15,"data_set_value_component_Wee1_variable_Wee1":0.276049371,"data_set_value_component_Wee1_variable_Jweer":0.2,"data_set_value_component_Wee1_variable_Jwee":0.2,"data_set_value_component_Cdc25_variable_Cdc25":0.0013038319,"data_set_value_component_Cdc25_variable_J25":0.05,"data_set_value_component_Cdc25_variable_J25r":0.05,"data_set_value_component_Slp1_variable_Slp1":0.0016998268,"data_set_value_component_Slp1_a_variable_Slp1_a":0.0000039428,"data_set_value_component_Inh_variable_Inh":0.0054126288,"data_set_value_component_PI_variable_PI":0.2239434584,"data_set_value_component_CRP_variable_CRP":0.0008099818,"data_set_value_component_CR_variable_CR":0.0124705576,"data_set_value_component_Rum1_variable_Rum1":0.0141334714,"data_set_value_component_Rum1P_variable_Rum1P":0.0008534113,"data_set_value_component_mass_variable_mass":1.0013869609,"data_set_value_component_mass_variable_mu":0.00462,"data_set_value_component_R_dna_variable_R_dna":1.018,"data_set_value_component_R_dna_variable_K":0.06,"data_set_value_component_R_dna_variable_Y":0.0,"data_set_value_component_MPF_a_variable_MPF_a":0.0532972455,"data_set_value_component_PP_variable_PP":0.7760565416,"data_set_value_component_ratio_variable_ratio":0.0686770134,"data_set_value_component_rate_constants_variable_k1":0.02,"data_set_value_component_rate_constants_variable_k2":1.0193991696,"data_set_value_component_rate_constants_variable_k2c":0.5196995848,"data_set_value_component_rate_constants_variable_k3":0.1,"data_set_value_component_rate_constants_variable_k4":0.0100039428,"data_set_value_component_rate_constants_variable_k5":0.1,"data_set_value_component_rate_constants_variable_k6":5.0,"data_set_value_component_rate_constants_variable_k6_":0.1,"data_set_value_component_rate_constants_variable_kwee":4.5854197353,"data_set_value_component_rate_constants_variable_kc25":0.1329731272,"data_set_value_component_rate_constants_variable_kp":100.0,"data_set_value_component_rate_constants_variable_kpp_":1.0,"data_set_value_component_rate_constants_variable_kpp":100.0,"data_set_value_component_rate_constants_variable_kj":400.0,"data_set_value_component_rate_constants_variable_kjr":1.0,"data_set_value_component_rate_constants_variable_kste9":5.0,"data_set_value_component_rate_constants_variable_kste9r":8.0,"data_set_value_component_rate_constants_variable_kste9r_":0.03,"data_set_value_component_rate_constants_variable_km":1.0,"data_set_value_component_rate_constants_variable_kmr":5.0,"data_set_value_component_rate_constants_variable_kmr_":0.01,"data_set_value_component_rate_constants_variable_kw":2.0,"data_set_value_component_rate_constants_variable_kwr":1.0,"data_set_value_component_rate_constants_variable_kwr_":0.4,"data_set_value_component_rate_constants_variable_k25":1.0,"data_set_value_component_rate_constants_variable_k25r":2.0,"data_set_value_component_rate_constants_variable_k25r_":0.4,"data_set_value_component_rate_constants_variable_kas":0.1,"data_set_value_component_rate_constants_variable_kad":0.1,"data_set_value_component_rate_constants_variable_kaa":0.1,"data_set_value_component_rate_constants_variable_kaa_":0.01,"data_set_value_component_rate_constants_variable_kai":0.1,"data_set_value_component_rate_constants_variable_ki":50.0,"data_set_value_component_rate_constants_variable_kir":0.5,"data_set_value_component_rate_constants_variable_ks":0.1,"data_set_value_component_rate_constants_variable_V2_":0.02,"data_set_value_component_rate_constants_variable_V2":1.0,"data_set_value_component_rate_constants_variable_V2c":0.5,"data_set_value_component_rate_constants_variable_V2c_":0.02,"data_set_value_component_rate_constants_variable_Vwee":10.0,"data_set_value_component_rate_constants_variable_Vwee_":0.08,"data_set_value_component_rate_constants_variable_Vmik":2.0,"data_set_value_component_rate_constants_variable_Vmik_":0.04,"data_set_value_component_rate_constants_variable_V25":10.0,"data_set_value_component_rate_constants_variable_V25_":0.05,"data_set_value_component_rate_constants_variable_Vpyp":0.07,"data_set_value_component_rate_constants_variable_V4":1.0,"data_set_value_component_rate_constants_variable_V4_":0.01,"data_set_value_component_rate_constants_variable_Pyp3":1.0,"data_set_value_component_dimensionless_constants_variable_SK":0.018,"data_set_value_component_dimensionless_constants_variable_epsilon":0.05,"data_set_value_component_dimensionless_constants_variable_epsilon_p":0.025},{"data_set_value_component_environment_variable_time":0.4,"data_set_value_component_MPF_variable_MPF":0.0117483163,"data_set_value_component_preMPF_variable_preMPF":0.7008740182,"data_set_value_component_Ste9_variable_Ste9":0.9994496943,"data_set_value_component_Ste9_variable_Jste9r":0.01,"data_set_value_component_Ste9_variable_Jste9":0.01,"data_set_value_component_Mik1_variable_Mik1":0.9813017287,"data_set_value_component_Mik1_variable_Jmikr":0.15,"data_set_value_component_Mik1_variable_Jmik":0.15,"data_set_value_component_Wee1_variable_Wee1":0.3604532531,"data_set_value_component_Wee1_variable_Jweer":0.2,"data_set_value_component_Wee1_variable_Jwee":0.2,"data_set_value_component_Cdc25_variable_Cdc25":0.0011579043,"data_set_value_component_Cdc25_variable_J25":0.05,"data_set_value_component_Cdc25_variable_J25r":0.05,"data_set_value_component_Slp1_variable_Slp1":0.0021805451,"data_set_value_component_Slp1_a_variable_Slp1_a":0.0000067456,"data_set_value_component_Inh_variable_Inh":0.0056039744,"data_set_value_component_PI_variable_PI":0.2335177486,"data_set_value_component_CRP_variable_CRP":0.0010303185,"data_set_value_component_CR_variable_CR":0.0177762609,"data_set_value_component_Rum1_variable_Rum1":0.0172792599,"data_set_value_component_Rum1P_variable_Rum1P":0.0009409758,"data_set_value_component_mass_variable_mass":1.0018497086,"data_set_value_component_mass_variable_mu":0.00462,"data_set_value_component_R_dna_variable_R_dna":1.024,"data_set_value_component_R_dna_variable_K":0.06,"data_set_value_component_R_dna_variable_Y":0.0,"data_set_value_component_MPF_a_variable_MPF_a":0.0467920173,"data_set_value_component_PP_variable_PP":0.7664822514,"data_set_value_component_ratio_variable_ratio":0.0610477505,"data_set_value_component_rate_constants_variable_k1":0.02,"data_set_value_component_rate_constants_variable_k2":1.0194496943,"data_set_value_component_rate_constants_variable_k2c":0.5197248471,"data_set_value_component_rate_constants_variable_k3":0.1,"data_set_value_component_rate_constants_variable_k4":0.0100067456,"data_set_value_component_rate_constants_variable_k5":0.1,"data_set_value_component_rate_constants_variable_k6":5.0,"data_set_value_component_rate_constants_variable_k6_":0.1,"data_set_value_component_rate_constants_variable_kwee":5.6190476594,"data_set_value_component_rate_constants_variable_kc25":0.1315211476,"data_set_value_component_rate_constants_variable_kp":100.0,"data_set_value_component_rate_constants_variable_kpp_":1.0,"data_set_value_component_rate_constants_variable_kpp":100.0,"data_set_value_component_rate_constants_variable_kj":400.0,"data_set_value_component_rate_constants_variable_kjr":1.0,"data_set_value_component_rate_constants_variable_kste9":5.0,"data_set_value_component_rate_constants_variable_kste9r":8.0,"data_set_value_component_rate_constants_variable_kste9r_":0.03,"data_set_value_component_rate_constants_variable_km":1.0,"data_set_value_component_rate_constants_variable_kmr":5.0,"data_set_value_component_rate_constants_variable_kmr_":0.01,"data_set_value_component_rate_constants_variable_kw":2.0,"data_set_value_component_rate_constants_variable_kwr":1.0,"data_set_value_component_rate_constants_variable_kwr_":0.4,"data_set_value_component_rate_constants_variable_k25":1.0,"data_set_value_component_rate_constants_variable_k25r":2.0,"data_set_value_component_rate_constants_variable_k25r_":0.4,"data_set_value_component_rate_constants_variable_kas":0.1,"data_set_value_component_rate_constants_variable_kad":0.1,"data_set_value_component_rate_constants_variable_kaa":0.1,"data_set_value_component_rate_constants_variable_kaa_":0.01,"data_set_value_component_rate_constants_variable_kai":0.1,"data_set_value_component_rate_constants_variable_ki":50.0,"data_set_value_component_rate_constants_variable_kir":0.5,"data_set_value_component_rate_constants_variable_ks":0.1,"data_set_value_component_rate_constants_variable_V2_":0.02,"data_set_value_component_rate_constants_variable_V2":1.0,"data_set_value_component_rate_constants_variable_V2c":0.5,"data_set_value_component_rate_constants_variable_V2c_":0.02,"data_set_value_component_rate_constants_variable_Vwee":10.0,"data_set_value_component_rate_constants_variable_Vwee_":0.08,"data_set_value_component_rate_constants_variable_Vmik":2.0,"data_set_value_component_rate_constants_variable_Vmik_":0.04,"data_set_value_component_rate_constants_variable_V25":10.0,"data_set_value_component_rate_constants_variable_V25_":0.05,"data_set_value_component_rate_constants_variable_Vpyp":0.07,"data_set_value_component_rate_constants_variable_V4":1.0,"data_set_value_component_rate_constants_variable_V4_":0.01,"data_set_value_component_rate_constants_variable_Pyp3":1.0,"data_set_value_component_dimensionless_constants_variable_SK":0.018,"data_set_value_component_dimensionless_constants_variable_epsilon":0.05,"data_set_value_component_dimensionless_constants_variable_epsilon_p":0.025},{"data_set_value_component_environment_variable_time":0.5,"data_set_value_component_MPF_variable_MPF":0.0094179564,"data_set_value_component_preMPF_variable_preMPF":0.6307174946,"data_set_value_component_Ste9_variable_Ste9":0.9994951169,"data_set_value_component_Ste9_variable_Jste9r":0.01,"data_set_value_component_Ste9_variable_Jste9":0.01,"data_set_value_component_Mik1_variable_Mik1":0.9970869071,"data_set_value_component_Mik1_variable_Jmikr":0.15,"data_set_value_component_Mik1_variable_Jmik":0.15,"data_set_value_component_Wee1_variable_Wee1":0.4416714093,"data_set_value_component_Wee1_variable_Jweer":0.2,"data_set_value_component_Wee1_variable_Jwee":0.2,"data_set_value_component_Cdc25_variable_Cdc25":0.0010205656,"data_set_value_component_Cdc25_variable_J25":0.05,"data_set_value_component_Cdc25_variable_J25r":0.05,"data_set_value_component_Slp1_variable_Slp1":0.002594623,"data_set_value_component_Slp1_a_variable_Slp1_a":0.0000100056,"data_set_value_component_Inh_variable_Inh":0.0057997928,"data_set_value_component_PI_variable_PI":0.243077726,"data_set_value_component_CRP_variable_CRP":0.001140479,"data_set_value_component_CR_variable_CR":0.0221723882,"data_set_value_component_Rum1_variable_Rum1":0.0212244726,"data_set_value_component_Rum1P_variable_Rum1P":0.0010359665,"data_set_value_component_mass_variable_mass":1.0023126701,"data_set_value_component_mass_variable_mu":0.00462,"data_set_value_component_R_dna_variable_R_dna":1.03,"data_set_value_component_R_dna_variable_K":0.06,"data_set_value_component_R_dna_variable_Y":0.0,"data_set_value_component_MPF_a_variable_MPF_a":0.0409538312,"data_set_value_component_PP_variable_PP":0.756922274,"data_set_value_component_ratio_variable_ratio":0.0541057286,"data_set_value_component_rate_constants_variable_k1":0.02,"data_set_value_component_rate_constants_variable_k2":1.0194951169,"data_set_value_component_rate_constants_variable_k2c":0.5197475584,"data_set_value_component_rate_constants_variable_k3":0.1,"data_set_value_component_rate_constants_variable_k4":0.0100100056,"data_set_value_component_rate_constants_variable_k5":0.1,"data_set_value_component_rate_constants_variable_k6":5.0,"data_set_value_component_rate_constants_variable_k6_":0.1,"data_set_value_component_rate_constants_variable_kwee":6.4556707181,"data_set_value_component_rate_constants_variable_kc25":0.130154628,"data_set_value_component_rate_constants_variable_kp":100.0,"data_set_value_component_rate_constants_variable_kpp_":1.0,"data_set_value_component_rate_constants_variable_kpp":100.0,"data_set_value_component_rate_constants_variable_kj":400.0,"data_set_value_component_rate_constants_variable_kjr":1.0,"data_set_value_component_rate_constants_variable_kste9":5.0,"data_set_value_component_rate_constants_variable_kste9r":8.0,"data_set_value_component_rate_constants_variable_kste9r_":0.03,"data_set_value_component_rate_constants_variable_km":1.0,"data_set_value_component_rate_constants_variable_kmr":5.0,"data_set_value_component_rate_constants_variable_kmr_":0.01,"data_set_value_component_rate_constants_variable_kw":2.0,"data_set_value_component_rate_constants_variable_kwr":1.0,"data_set_value_component_rate_constants_variable_kwr_":0.4,"data_set_value_component_rate_constants_variable_k25":1.0,"data_set_value_component_rate_constants_variable_k25r":2.0,"data_set_value_component_rate_constants_variable_k25r_":0.4,"data_set_value_component_rate_constants_variable_kas":0.1,"data_set_value_component_rate_constants_variable_kad":0.1,"data_set_value_component_rate_constants_variable_kaa":0.1,"data_set_value_component_rate_constants_variable_kaa_":0.01,"data_set_value_component_rate_constants_variable_kai":0.1,"data_set_value_component_rate_constants_variable_ki":50.0,"data_set_value_component_rate_constants_variable_kir":0.5,"data_set_value_component_rate_constants_variable_ks":0.1,"data_set_value_component_rate_constants_variable_V2_":0.02,"data_set_value_component_rate_constants_variable_V2":1.0,"data_set_value_component_rate_constants_variable_V2c":0.5,"data_set_value_component_rate_constants_variable_V2c_":0.02,"data_set_value_component_rate_constants_variable_Vwee":10.0,"data_set_value_component_rate_constants_variable_Vwee_":0.08,"data_set_value_component_rate_constants_variable_Vmik":2.0,"data_set_value_component_rate_constants_variable_Vmik_":0.04,"data_set_value_component_rate_constants_variable_V25":10.0,"data_set_value_component_rate_constants_variable_V25_":0.05,"data_set_value_component_rate_constants_variable_Vpyp":0.07,"data_set_value_component_rate_constants_variable_V4":1.0,"data_set_value_component_rate_constants_variable_V4_":0.01,"data_set_value_component_rate_constants_variable_Pyp3":1.0,"data_set_value_component_dimensionless_constants_variable_SK":0.018,"data_set_value_component_dimensionless_constants_variable_epsilon":0.05,"data_set_value_component_dimensionless_constants_variable_epsilon_p":0.025},{"data_set_value_component_environment_variable_time":0.6,"data_set_value_component_MPF_variable_MPF":0.0075931466,"data_set_value_component_preMPF_variable_preMPF":0.5677108122,"data_set_value_component_Ste9_variable_Ste9":0.9995335149,"data_set_value_component_Ste9_variable_Jste9r":0.01,"data_set_value_component_Ste9_variable_Jste9":0.01,"data_set_value_component_Mik1_variable_Mik1":0.9985930037,"data_set_value_component_Mik1_variable_Jmikr":0.15,"data_set_value_component_Mik1_variable_Jmik":0.15,"data_set_value_component_Wee1_variable_Wee1":0.5193973976,"data_set_value_component_Wee1_variable_Jweer":0.2,"data_set_value_component_Wee1_variable_Jwee":0.2,"data_set_value_component_Cdc25_variable_Cdc25":0.0009021578,"data_set_value_component_Cdc25_variable_J25":0.05,"data_set_value_component_Cdc25_variable_J25r":0.05,"data_set_value_component_Slp1_variable_Slp1":0.0029508228,"data_set_value_component_Slp1_a_variable_Slp1_a":0.0000135958,"data_set_value_component_Inh_variable_Inh":0.0060002658,"data_set_value_component_PI_variable_PI":0.2526232025,"data_set_value_component_CRP_variable_CRP":0.0011797524,"data_set_value_component_CR_variable_CR":0.0257635566,"data_set_value_component_Rum1_variable_Rum1":0.0258737925,"data_set_value_component_Rum1P_variable_Rum1P":0.0011336532,"data_set_value_component_mass_variable_mass":1.0027758455,"data_set_value_component_mass_variable_mu":0.00462,"data_set_value_component_R_dna_variable_R_dna":1.036,"data_set_value_component_R_dna_variable_K":0.06,"data_set_value_component_R_dna_variable_Y":0.0,"data_set_value_component_MPF_a_variable_MPF_a":0.0359786872,"data_set_value_component_PP_variable_PP":0.7473767975,"data_set_value_component_ratio_variable_ratio":0.0481399574,"data_set_value_component_rate_constants_variable_k1":0.02,"data_set_value_component_rate_constants_variable_k2":1.0195335149,"data_set_value_component_rate_constants_variable_k2c":0.5197667575,"data_set_value_component_rate_constants_variable_k3":0.1,"data_set_value_component_rate_constants_variable_k4":0.0100135958,"data_set_value_component_rate_constants_variable_k5":0.1,"data_set_value_component_rate_constants_variable_k6":5.0,"data_set_value_component_rate_constants_variable_k6_":0.1,"data_set_value_component_rate_constants_variable_kwee":7.2296644714,"data_set_value_component_rate_constants_variable_kc25":0.1289764701,"data_set_value_component_rate_constants_variable_kp":100.0,"data_set_value_component_rate_constants_variable_kpp_":1.0,"data_set_value_component_rate_constants_variable_kpp":100.0,"data_set_value_component_rate_constants_variable_kj":400.0,"data_set_value_component_rate_constants_variable_kjr":1.0,"data_set_value_component_rate_constants_variable_kste9":5.0,"data_set_value_component_rate_constants_variable_kste9r":8.0,"data_set_value_component_rate_constants_variable_kste9r_":0.03,"data_set_value_component_rate_constants_variable_km":1.0,"data_set_value_component_rate_constants_variable_kmr":5.0,"data_set_value_component_rate_constants_variable_kmr_":0.01,"data_set_value_component_rate_constants_variable_kw":2.0,"data_set_value_component_rate_constants_variable_kwr":1.0,"data_set_value_component_rate_constants_variable_kwr_":0.4,"data_set_value_component_rate_constants_variable_k25":1.0,"data_set_value_component_rate_constants_variable_k25r":2.0,"data_set_value_component_rate_constants_variable_k25r_":0.4,"data_set_value_component_rate_constants_variable_kas":0.1,"data_set_value_component_rate_constants_variable_kad":0.1,"data_set_value_component_rate_constants_variable_kaa":0.1,"data_set_value_component_rate_constants_variable_kaa_":0.01,"data_set_value_component_rate_constants_variable_kai":0.1,"data_set_value_component_rate_constants_variable_ki":50.0,"data_set_value_component_rate_constants_variable_kir":0.5,"data_set_value_component_rate_constants_variable_ks":0.1,"data_set_value_component_rate_constants_variable_V2_":0.02,"data_set_value_component_rate_constants_variable_V2":1.0,"data_set_value_component_rate_constants_variable_V2c":0.5,"data_set_value_component_rate_constants_variable_V2c_":0.02,"data_set_value_component_rate_constants_variable_Vwee":10.0,"data_set_value_component_rate_constants_variable_Vwee_":0.08,"data_set_value_component_rate_constants_variable_Vmik":2.0,"data_set_value_component_rate_constants_variable_Vmik_":0.04,"data_set_value_component_rate_constants_variable_V25":10.0,"data_set_value_component_rate_constants_variable_V25_":0.05,"data_set_value_component_rate_constants_variable_Vpyp":0.07,"data_set_value_component_rate_constants_variable_V4":1.0,"data_set_value_component_rate_constants_variable_V4_":0.01,"data_set_value_component_rate_constants_variable_Pyp3":1.0,"data_set_value_component_dimensionless_constants_variable_SK":0.018,"data_set_value_component_dimensionless_constants_variable_epsilon":0.05,"data_set_value_component_dimensionless_constants_variable_epsilon_p":0.025},{"data_set_value_component_environment_variable_time":0.7,"data_set_value_component_MPF_variable_MPF":0.006212638,"data_set_value_component_preMPF_variable_preMPF":0.5110583111,"data_set_value_component_Ste9_variable_Ste9":0.9995656809,"data_set_value_component_Ste9_variable_Jste9r":0.01,"data_set_value_component_Ste9_variable_Jste9":0.01,"data_set_value_component_Mik1_variable_Mik1":0.9988396951,"data_set_value_component_Mik1_variable_Jmikr":0.15,"data_set_value_component_Mik1_variable_Jmik":0.15,"data_set_value_component_Wee1_variable_Wee1":0.5931312156,"data_set_value_component_Wee1_variable_Jweer":0.2,"data_set_value_component_Wee1_variable_Jwee":0.2,"data_set_value_component_Cdc25_variable_Cdc25":0.0008016681,"data_set_value_component_Cdc25_variable_J25":0.05,"data_set_value_component_Cdc25_variable_J25r":0.05,"data_set_value_component_Slp1_variable_Slp1":0.0032578866,"data_set_value_component_Slp1_a_variable_Slp1_a":0.0000174232,"data_set_value_component_Inh_variable_Inh":0.0062055572,"data_set_value_component_PI_variable_PI":0.2621540103,"data_set_value_component_CRP_variable_CRP":0.001175217,"data_set_value_component_CR_variable_CR":0.0286857444,"data_set_value_component_Rum1_variable_Rum1":0.0311011004,"data_set_value_component_Rum1P_variable_Rum1P":0.0012272303,"data_set_value_component_mass_variable_mass":1.003239235,"data_set_value_component_mass_variable_mu":0.00462,"data_set_value_component_R_dna_variable_R_dna":1.042,"data_set_value_component_R_dna_variable_K":0.06,"data_set_value_component_R_dna_variable_Y":0.0,"data_set_value_component_MPF_a_variable_MPF_a":0.0317655536,"data_set_value_component_PP_variable_PP":0.7378459897,"data_set_value_component_ratio_variable_ratio":0.0430517399,"data_set_value_component_rate_constants_variable_k1":0.02,"data_set_value_component_rate_constants_variable_k2":1.0195656809,"data_set_value_component_rate_constants_variable_k2c":0.5197828405,"data_set_value_component_rate_constants_variable_k3":0.1,"data_set_value_component_rate_constants_variable_k4":0.0100174232,"data_set_value_component_rate_constants_variable_k5":0.1,"data_set_value_component_rate_constants_variable_k6":5.0,"data_set_value_component_rate_constants_variable_k6_":0.1,"data_set_value_component_rate_constants_variable_kwee":7.9615874614,"data_set_value_component_rate_constants_variable_kc25":0.127976598,"data_set_value_component_rate_constants_variable_kp":100.0,"data_set_value_component_rate_constants_variable_kpp_":1.0,"data_set_value_component_rate_constants_variable_kpp":100.0,"data_set_value_component_rate_constants_variable_kj":400.0,"data_set_value_component_rate_constants_variable_kjr":1.0,"data_set_value_component_rate_constants_variable_kste9":5.0,"data_set_value_component_rate_constants_variable_kste9r":8.0,"data_set_value_component_rate_constants_variable_kste9r_":0.03,"data_set_value_component_rate_constants_variable_km":1.0,"data_set_value_component_rate_constants_variable_kmr":5.0,"data_set_value_component_rate_constants_variable_kmr_":0.01,"data_set_value_component_rate_constants_variable_kw":2.0,"data_set_value_component_rate_constants_variable_kwr":1.0,"data_set_value_component_rate_constants_variable_kwr_":0.4,"data_set_value_component_rate_constants_variable_k25":1.0,"data_set_value_component_rate_constants_variable_k25r":2.0,"data_set_value_component_rate_constants_variable_k25r_":0.4,"data_set_value_component_rate_constants_variable_kas":0.1,"data_set_value_component_rate_constants_variable_kad":0.1,"data_set_value_component_rate_constants_variable_kaa":0.1,"data_set_value_component_rate_constants_variable_kaa_":0.01,"data_set_value_component_rate_constants_variable_kai":0.1,"data_set_value_component_rate_constants_variable_ki":50.0,"data_set_value_component_rate_constants_variable_kir":0.5,"data_set_value_component_rate_constants_variable_ks":0.1,"data_set_value_component_rate_constants_variable_V2_":0.02,"data_set_value_component_rate_constants_variable_V2":1.0,"data_set_value_component_rate_constants_variable_V2c":0.5,"data_set_value_component_rate_constants_variable_V2c_":0.02,"data_set_value_component_rate_constants_variable_Vwee":10.0,"data_set_value_component_rate_constants_variable_Vwee_":0.08,"data_set_value_component_rate_constants_variable_Vmik":2.0,"data_set_value_component_rate_constants_variable_Vmik_":0.04,"data_set_value_component_rate_constants_variable_V25":10.0,"data_set_value_component_rate_constants_variable_V25_":0.05,"data_set_value_component_rate_constants_variable_Vpyp":0.07,"data_set_value_component_rate_constants_variable_V4":1.0,"data_set_value_component_rate_constants_variable_V4_":0.01,"data_set_value_component_rate_constants_variable_Pyp3":1.0,"data_set_value_component_dimensionless_constants_variable_SK":0.018,"data_set_value_component_dimensionless_constants_variable_epsilon":0.05,"data_set_value_component_dimensionless_constants_variable_epsilon_p":0.025},{"data_set_value_component_environment_variable_time":0.8,"data_set_value_component_MPF_variable_MPF":0.0051697261,"data_set_value_component_preMPF_variable_preMPF":0.4601101217,"data_set_value_component_Ste9_variable_Ste9":0.9995927686,"data_set_value_component_Ste9_variable_Jste9r":0.01,"data_set_value_component_Ste9_variable_Jste9":0.01,"data_set_value_component_Mik1_variable_Mik1":0.9989683641,"data_set_value_component_Mik1_variable_Jmikr":0.15,"data_set_value_component_Mik1_variable_Jmik":0.15,"data_set_value_component_Wee1_variable_Wee1":0.6622324519,"data_set_value_component_Wee1_variable_Jweer":0.2,"data_set_value_component_Wee1_variable_Jwee":0.2,"data_set_value_component_Cdc25_variable_Cdc25":0.0007160301,"data_set_value_component_Cdc25_variable_J25":0.05,"data_set_value_component_Cdc25_variable_J25r":0.05,"data_set_value_component_Slp1_variable_Slp1":0.0035231888,"data_set_value_component_Slp1_a_variable_Slp1_a":0.0000214184,"data_set_value_component_Inh_variable_Inh":0.0064158375,"data_set_value_component_PI_variable_PI":0.2716699758,"data_set_value_component_CRP_variable_CRP":0.0011439275,"data_set_value_component_CR_variable_CR":0.0310587922,"data_set_value_component_Rum1_variable_Rum1":0.0367960048,"data_set_value_component_Rum1P_variable_Rum1P":0.0013120771,"data_set_value_component_mass_variable_mass":1.0037028386,"data_set_value_component_mass_variable_mu":0.00462,"data_set_value_component_R_dna_variable_R_dna":1.048,"data_set_value_component_R_dna_variable_K":0.06,"data_set_value_component_R_dna_variable_Y":0.0,"data_set_value_component_MPF_a_variable_MPF_a":0.0281752322,"data_set_value_component_PP_variable_PP":0.7283300242,"data_set_value_component_ratio_variable_ratio":0.0386847051,"data_set_value_component_rate_constants_variable_k1":0.02,"data_set_value_component_rate_constants_variable_k2":1.0195927686,"data_set_value_component_rate_constants_variable_k2c":0.5197963843,"data_set_value_component_rate_constants_variable_k3":0.1,"data_set_value_component_rate_constants_variable_k4":0.0100214184,"data_set_value_component_rate_constants_variable_k5":0.1,"data_set_value_component_rate_constants_variable_k6":5.0,"data_set_value_component_rate_constants_variable_k6_":0.1,"data_set_value_component_rate_constants_variable_kwee":8.6473239164,"data_set_value_component_rate_constants_variable_kc25":0.1271244995,"data_set_value_component_rate_constants_variable_kp":100.0,"data_set_value_component_rate_constants_variable_kpp_":1.0,"data_set_value_component_rate_constants_variable_kpp":100.0,"data_set_value_component_rate_constants_variable_kj":400.0,"data_set_value_component_rate_constants_variable_kjr":1.0,"data_set_value_component_rate_constants_variable_kste9":5.0,"data_set_value_component_rate_constants_variable_kste9r":8.0,"data_set_value_component_rate_constants_variable_kste9r_":0.03,"data_set_value_component_rate_constants_variable_km":1.0,"data_set_value_component_rate_constants_variable_kmr":5.0,"data_set_value_component_rate_constants_variable_kmr_":0.01,"data_set_value_component_rate_constants_variable_kw":2.0,"data_set_value_component_rate_constants_variable_kwr":1.0,"data_set_value_component_rate_constants_variable_kwr_":0.4,"data_set_value_component_rate_constants_variable_k25":1.0,"data_set_value_component_rate_constants_variable_k25r":2.0,"data_set_value_component_rate_constants_variable_k25r_":0.4,"data_set_value_component_rate_constants_variable_kas":0.1,"data_set_value_component_rate_constants_variable_kad":0.1,"data_set_value_component_rate_constants_variable_kaa":0.1,"data_set_value_component_rate_constants_variable_kaa_":0.01,"data_set_value_component_rate_constants_variable_kai":0.1,"data_set_value_component_rate_constants_variable_ki":50.0,"data_set_value_component_rate_constants_variable_kir":0.5,"data_set_value_component_rate_constants_variable_ks":0.1,"data_set_value_component_rate_constants_variable_V2_":0.02,"data_set_value_component_rate_constants_variable_V2":1.0,"data_set_value_component_rate_constants_variable_V2c":0.5,"data_set_value_component_rate_constants_variable_V2c_":0.02,"data_set_value_component_rate_constants_variable_Vwee":10.0,"data_set_value_component_rate_constants_variable_Vwee_":0.08,"data_set_value_component_rate_constants_variable_Vmik":2.0,"data_set_value_component_rate_constants_variable_Vmik_":0.04,"data_set_value_component_rate_constants_variable_V25":10.0,"data_set_value_component_rate_constants_variable_V25_":0.05,"data_set_value_component_rate_constants_variable_Vpyp":0.07,"data_set_value_component_rate_constants_variable_V4":1.0,"data_set_value_component_rate_constants_variable_V4_":0.01,"data_set_value_component_rate_constants_variable_Pyp3":1.0,"data_set_value_component_dimensionless_constants_variable_SK":0.018,"data_set_value_component_dimensionless_constants_variable_epsilon":0.05,"data_set_value_component_dimensionless_constants_variable_epsilon_p":0.025},{"data_set_value_component_environment_variable_time":0.9,"data_set_value_component_MPF_variable_MPF":0.0043717836,"data_set_value_component_preMPF_variable_preMPF":0.4142962997,"data_set_value_component_Ste9_variable_Ste9":0.9996157847,"data_set_value_component_Ste9_variable_Jste9r":0.01,"data_set_value_component_Ste9_variable_Jste9":0.01,"data_set_value_component_Mik1_variable_Mik1":0.9990725575,"data_set_value_component_Mik1_variable_Jmikr":0.15,"data_set_value_component_Mik1_variable_Jmik":0.15,"data_set_value_component_Wee1_variable_Wee1":0.7259465238,"data_set_value_component_Wee1_variable_Jweer":0.2,"data_set_value_component_Wee1_variable_Jwee":0.2,"data_set_value_component_Cdc25_variable_Cdc25":0.0006423332,"data_set_value_component_Cdc25_variable_J25":0.05,"data_set_value_component_Cdc25_variable_J25r":0.05,"data_set_value_component_Slp1_variable_Slp1":0.0037527157,"data_set_value_component_Slp1_a_variable_Slp1_a":0.0000255277,"data_set_value_component_Inh_variable_Inh":0.0066312855,"data_set_value_component_PI_variable_PI":0.2811709187,"data_set_value_component_CRP_variable_CRP":0.0010965583,"data_set_value_component_CR_variable_CR":0.032980613,"data_set_value_component_Rum1_variable_Rum1":0.0428692142,"data_set_value_component_Rum1P_variable_Rum1P":0.0013855782,"data_set_value_component_mass_variable_mass":1.0041666565,"data_set_value_component_mass_variable_mu":0.00462,"data_set_value_component_R_dna_variable_R_dna":1.054,"data_set_value_component_R_dna_variable_K":0.06,"data_set_value_component_R_dna_variable_Y":0.0,"data_set_value_component_MPF_a_variable_MPF_a":0.0250865985,"data_set_value_component_PP_variable_PP":0.7188290813,"data_set_value_component_ratio_variable_ratio":0.0348992538,"data_set_value_component_rate_constants_variable_k1":0.02,"data_set_value_component_rate_constants_variable_k2":1.0196157847,"data_set_value_component_rate_constants_variable_k2c":0.5198078924,"data_set_value_component_rate_constants_variable_k3":0.1,"data_set_value_component_rate_constants_variable_k4":0.0100255277,"data_set_value_component_rate_constants_variable_k5":0.1,"data_set_value_component_rate_constants_variable_k6":5.0,"data_set_value_component_rate_constants_variable_k6_":0.1,"data_set_value_component_rate_constants_variable_kwee":9.2795717292,"data_set_value_component_rate_constants_variable_kc25":0.126391215,"data_set_value_component_rate_constants_variable_kp":100.0,"data_set_value_component_rate_constants_variable_kpp_":1.0,"data_set_value_component_rate_constants_variable_kpp":100.0,"data_set_value_component_rate_constants_variable_kj":400.0,"data_set_value_component_rate_constants_variable_kjr":1.0,"data_set_value_component_rate_constants_variable_kste9":5.0,"data_set_value_component_rate_constants_variable_kste9r":8.0,"data_set_value_component_rate_constants_variable_kste9r_":0.03,"data_set_value_component_rate_constants_variable_km":1.0,"data_set_value_component_rate_constants_variable_kmr":5.0,"data_set_value_component_rate_constants_variable_kmr_":0.01,"data_set_value_component_rate_constants_variable_kw":2.0,"data_set_value_component_rate_constants_variable_kwr":1.0,"data_set_value_component_rate_constants_variable_kwr_":0.4,"data_set_value_component_rate_constants_variable_k25":1.0,"data_set_value_component_rate_constants_variable_k25r":2.0,"data_set_value_component_rate_constants_variable_k25r_":0.4,"data_set_value_component_rate_constants_variable_kas":0.1,"data_set_value_component_rate_constants_variable_kad":0.1,"data_set_value_component_rate_constants_variable_kaa":0.1,"data_set_value_component_rate_constants_variable_kaa_":0.01,"data_set_value_component_rate_constants_variable_kai":0.1,"data_set_value_component_rate_constants_variable_ki":50.0,"data_set_value_component_rate_constants_variable_kir":0.5,"data_set_value_component_rate_constants_variable_ks":0.1,"data_set_value_component_rate_constants_variable_V2_":0.02,"data_set_value_component_rate_constants_variable_V2":1.0,"data_set_value_component_rate_constants_variable_V2c":0.5,"data_set_value_component_rate_constants_variable_V2c_":0.02,"data_set_value_component_rate_constants_variable_Vwee":10.0,"data_set_value_component_rate_constants_variable_Vwee_":0.08,"data_set_value_component_rate_constants_variable_Vmik":2.0,"data_set_value_component_rate_constants_variable_Vmik_":0.04,"data_set_value_component_rate_constants_variable_V25":10.0,"data_set_value_component_rate_constants_variable_V25_":0.05,"data_set_value_component_rate_constants_variable_Vpyp":0.07,"data_set_value_component_rate_constants_variable_V4":1.0,"data_set_value_component_rate_constants_variable_V4_":0.01,"data_set_value_component_rate_constants_variable_Pyp3":1.0,"data_set_value_component_dimensionless_constants_variable_SK":0.018,"data_set_value_component_dimensionless_constants_variable_epsilon":0.05,"data_set_value_component_dimensionless_constants_variable_epsilon_p":0.025},{"data_set_value_component_environment_variable_time":1.0,"data_set_value_component_MPF_variable_MPF":0.0037508735,"data_set_value_component_preMPF_variable_preMPF":0.373103943,"data_set_value_component_Ste9_variable_Ste9":0.999635501,"data_set_value_component_Ste9_variable_Jste9r":0.01,"data_set_value_component_Ste9_variable_Jste9":0.01,"data_set_value_component_Mik1_variable_Mik1":0.999162184,"data_set_value_component_Mik1_variable_Jmikr":0.15,"data_set_value_component_Mik1_variable_Jmik":0.15,"data_set_value_component_Wee1_variable_Wee1":0.7834415658,"data_set_value_component_Wee1_variable_Jweer":0.2,"data_set_value_component_Wee1_variable_Jwee":0.2,"data_set_value_component_Cdc25_variable_Cdc25":0.000578279,"data_set_value_component_Cdc25_variable_J25":0.05,"data_set_value_component_Cdc25_variable_J25r":0.05,"data_set_value_component_Slp1_variable_Slp1":0.0039513269,"data_set_value_component_Slp1_a_variable_Slp1_a":0.0000297093,"data_set_value_component_Inh_variable_Inh":0.0068520881,"data_set_value_component_PI_variable_PI":0.2906566513,"data_set_value_component_CRP_variable_CRP":0.0010399652,"data_set_value_component_CR_variable_CR":0.0345293366,"data_set_value_component_Rum1_variable_Rum1":0.0492499999,"data_set_value_component_Rum1P_variable_Rum1P":0.0014466198,"data_set_value_component_mass_variable_mass":1.0046306887,"data_set_value_component_mass_variable_mu":0.00462,"data_set_value_component_R_dna_variable_R_dna":1.06,"data_set_value_component_R_dna_variable_K":0.06,"data_set_value_component_R_dna_variable_Y":0.0,"data_set_value_component_MPF_a_variable_MPF_a":0.0224060706,"data_set_value_component_PP_variable_PP":0.7093433487,"data_set_value_component_ratio_variable_ratio":0.0315870596,"data_set_value_component_rate_constants_variable_k1":0.02,"data_set_value_component_rate_constants_variable_k2":1.019635501,"data_set_value_component_rate_constants_variable_k2c":0.5198177505,"data_set_value_component_rate_constants_variable_k3":0.1,"data_set_value_component_rate_constants_variable_k4":0.0100297093,"data_set_value_component_rate_constants_variable_k5":0.1,"data_set_value_component_rate_constants_variable_k6":5.0,"data_set_value_component_rate_constants_variable_k6_":0.1,"data_set_value_component_rate_constants_variable_kwee":9.8500982136,"data_set_value_component_rate_constants_variable_kc25":0.1257538762,"data_set_value_component_rate_constants_variable_kp":100.0,"data_set_value_component_rate_constants_variable_kpp_":1.0,"data_set_value_component_rate_constants_variable_kpp":100.0,"data_set_value_component_rate_constants_variable_kj":400.0,"data_set_value_component_rate_constants_variable_kjr":1.0,"data_set_value_component_rate_constants_variable_kste9":5.0,"data_set_value_component_rate_constants_variable_kste9r":8.0,"data_set_value_component_rate_constants_variable_kste9r_":0.03,"data_set_value_component_rate_constants_variable_km":1.0,"data_set_value_component_rate_constants_variable_kmr":5.0,"data_set_value_component_rate_constants_variable_kmr_":0.01,"data_set_value_component_rate_constants_variable_kw":2.0,"data_set_value_component_rate_constants_variable_kwr":1.0,"data_set_value_component_rate_constants_variable_kwr_":0.4,"data_set_value_component_rate_constants_variable_k25":1.0,"data_set_value_component_rate_constants_variable_k25r":2.0,"data_set_value_component_rate_constants_variable_k25r_":0.4,"data_set_value_component_rate_constants_variable_kas":0.1,"data_set_value_component_rate_constants_variable_kad":0.1,"data_set_value_component_rate_constants_variable_kaa":0.1,"data_set_value_component_rate_constants_variable_kaa_":0.01,"data_set_value_component_rate_constants_variable_kai":0.1,"data_set_value_component_rate_constants_variable_ki":50.0,"data_set_value_component_rate_constants_variable_kir":0.5,"data_set_value_component_rate_constants_variable_ks":0.1,"data_set_value_component_rate_constants_variable_V2_":0.02,"data_set_value_component_rate_constants_variable_V2":1.0,"data_set_value_component_rate_constants_variable_V2c":0.5,"data_set_value_component_rate_constants_variable_V2c_":0.02,"data_set_value_component_rate_constants_variable_Vwee":10.0,"data_set_value_component_rate_constants_variable_Vwee_":0.08,"data_set_value_component_rate_constants_variable_Vmik":2.0,"data_set_value_component_rate_constants_variable_Vmik_":0.04,"data_set_value_component_rate_constants_variable_V25":10.0,"data_set_value_component_rate_constants_variable_V25_":0.05,"data_set_value_component_rate_constants_variable_Vpyp":0.07,"data_set_value_component_rate_constants_variable_V4":1.0,"data_set_value_component_rate_constants_variable_V4_":0.01,"data_set_value_component_rate_constants_variable_Pyp3":1.0,"data_set_value_component_dimensionless_constants_variable_SK":0.018,"data_set_value_component_dimensionless_constants_variable_epsilon":0.05,"data_set_value_component_dimensionless_constants_variable_epsilon_p":0.025}]