[{"data_set_value_component_environment_variable_time":0.0,"data_set_value_component_reversal_potentials_variable_E_Na":63.6489488082,"data_set_value_component_reversal_potentials_variable_E_Ca":129.8444508717,"data_set_value_component_reversal_potentials_variable_E_K":-90.8587728101,"data_set_value_component_reversal_potentials_variable_E_Cl":-24.9589133494,"data_set_value_component_delayed_rectifier_K_current_variable_i_Kdr":0.000000162,"data_set_value_component_delayed_rectifier_K_current_variable_g_Kdr":0.035,"data_set_value_component_delayed_rectifier_K_current_variable_gamma_KSS":0.15,"data_set_value_component_delayed_rectifier_K_current_xa_gate_variable_xa":0.001,"data_set_value_component_delayed_rectifier_K_current_xa_gate_variable_xa_infinity":0.0000181528,"data_set_value_component_delayed_rectifier_K_current_xa_gate_variable_tau_xa":0.0053932,"data_set_value_component_delayed_rectifier_K_current_xi1_gate_variable_xi1":0.0,"data_set_value_component_delayed_rectifier_K_current_xi1_gate_variable_xi1_infinity":0.9994051859,"data_set_value_component_delayed_rectifier_K_current_xi1_gate_variable_tau_xi1":0.25,"data_set_value_component_delayed_rectifier_K_current_xi2_gate_variable_xi2":0.0,"data_set_value_component_delayed_rectifier_K_current_xi2_gate_variable_xi2_infinity":0.9994051859,"data_set_value_component_delayed_rectifier_K_current_xi2_gate_variable_tau_xi2":1.98,"data_set_value_component_L_type_Ca_current_variable_i_CaL":0.0,"data_set_value_component_L_type_Ca_current_variable_P_CaL":0.003,"data_set_value_component_L_type_Ca_current_variable_V_surf":150.0,"data_set_value_component_L_type_Ca_current_variable_ICaL_perm1":0.0000011679,"data_set_value_component_L_type_Ca_current_variable_ICaL_perm2":-15.7222259184,"data_set_value_component_L_type_Ca_current_d_gate_variable_d":0.0,"data_set_value_component_L_type_Ca_current_d_gate_variable_alpha_d":0.0346968816,"data_set_value_component_L_type_Ca_current_d_gate_variable_beta_d":511.6728292175,"data_set_value_component_L_type_Ca_current_f_gate_variable_f":1.0,"data_set_value_component_L_type_Ca_current_f_gate_variable_tau_f":0.0173,"data_set_value_component_L_type_Ca_current_f_gate_variable_f_infinity":0.9963379398,"data_set_value_component_Ca_activated_K_current_variable_i_KCa":0.0756039934,"data_set_value_component_Ca_activated_K_current_variable_g_KCa":2.45,"data_set_value_component_Ca_activated_K_current_xCa1_gate_variable_xCa1":1.0,"data_set_value_component_Ca_activated_K_current_xCa1_gate_variable_xCa1_infinity":0.0268030731,"data_set_value_component_Ca_activated_K_current_xCa1_gate_variable_tau_xCa1":1.0,"data_set_value_component_Ca_activated_K_current_xCa1_gate_variable_K2":0.0081704691,"data_set_value_component_Ca_activated_K_current_xCa1_gate_variable_K4":0.0010915295,"data_set_value_component_Ca_activated_K_current_xCa1_gate_variable_alpha":280.0,"data_set_value_component_Ca_activated_K_current_xCa1_gate_variable_beta":480.0,"data_set_value_component_Ca_activated_K_current_B_gate_variable_B":0.001,"data_set_value_component_Ca_activated_K_current_B_gate_variable_K1":0.0771102603,"data_set_value_component_Ca_activated_K_current_B_gate_variable_K_1":0.4930639706,"data_set_value_component_Ca_activated_Cl_current_variable_i_ClCa":-0.0047780284,"data_set_value_component_Ca_activated_Cl_current_variable_g_Cl":0.01,"data_set_value_component_Ca_activated_Cl_current_variable_CaCT":0.0005,"data_set_value_component_Ca_activated_Cl_current_variable_h":3.0,"data_set_value_component_nonspecific_cationic_current_variable_i_cationic":-0.0042536249,"data_set_value_component_nonspecific_cationic_current_variable_i_nsNa":-0.004090697,"data_set_value_component_nonspecific_cationic_current_variable_i_nsK":0.0003455056,"data_set_value_component_nonspecific_cationic_current_variable_i_nsCa":-0.0005084335,"data_set_value_component_nonspecific_cationic_current_variable_P_nsCa":0.000000175,"data_set_value_component_nonspecific_cationic_current_variable_alpha_Ca":0.000999001,"data_set_value_component_nonspecific_cationic_current_variable_Km_nsCa":0.0012,"data_set_value_component_nonspecific_cationic_current_ns_gate_variable_ns":1.0,"data_set_value_component_nonspecific_cationic_current_ns_gate_variable_tau_ns":0.254175,"data_set_value_component_nonspecific_cationic_current_ns_gate_variable_ns_infinity":0.0000183188,"data_set_value_component_Ca_pump_current_variable_i_pCa":0.0027533919,"data_set_value_component_Ca_pump_current_variable_i_pCamax":1.15,"data_set_value_component_Ca_pump_current_variable_Kmp_Ca":0.05,"data_set_value_component_Na_K_pump_current_variable_i_NaK":0.1346153846,"data_set_value_component_Na_K_pump_current_variable_i_NaKmax":0.7,"data_set_value_component_Na_K_pump_current_variable_Km_Na":40.0,"data_set_value_component_Na_K_pump_current_variable_Km_K":1.0,"data_set_value_component_Ca_background_current_variable_i_bCa":-0.0022667427,"data_set_value_component_Ca_background_current_variable_g_bCa":0.00001194,"data_set_value_component_K_background_current_variable_i_bK":0.2693662279,"data_set_value_component_K_background_current_variable_g_bK":0.008729,"data_set_value_component_Na_background_current_variable_i_bNa":-0.40346652,"data_set_value_component_Na_background_current_variable_g_bNa":0.003263,"data_set_value_component_membrane_variable_V":-60.0,"data_set_value_component_membrane_variable_cap":0.00002,"data_set_value_component_model_parameters_variable_R":8314.472,"data_set_value_component_model_parameters_variable_T":310.0,"data_set_value_component_model_parameters_variable_F":96485.3415,"data_set_value_component_model_parameters_variable_Nai":12.0,"data_set_value_component_model_parameters_variable_Nao":130.0,"data_set_value_component_model_parameters_variable_Cai":0.00012,"data_set_value_component_model_parameters_variable_Cao":2.0,"data_set_value_component_model_parameters_variable_Ki":150.0,"data_set_value_component_model_parameters_variable_Ko":5.0,"data_set_value_component_model_parameters_variable_Cli":55.0,"data_set_value_component_model_parameters_variable_Clo":140.0,"data_set_value_component_model_parameters_variable_upeak":0.0,"data_set_value_component_model_parameters_variable_up":0.0,"data_set_value_component_model_parameters_variable_peak":0.0,"data_set_value_component_model_parameters_variable_plat":0.0,"data_set_value_component_model_parameters_variable_A":0.0008,"data_set_value_component_model_parameters_variable_B":0.00008,"data_set_value_component_model_parameters_variable_C":0.00012,"data_set_value_component_model_parameters_variable_x0":15.8,"data_set_value_component_model_parameters_variable_x1":15.0,"data_set_value_component_model_parameters_variable_x2":0.8,"data_set_value_component_model_parameters_variable_ds":30.0,"data_set_value_component_model_parameters_variable_p":0.4,"data_set_value_component_model_parameters_variable_n":0.2,"data_set_value_component_model_parameters_variable_t36":1.5},{"data_set_value_component_environment_variable_time":0.1,"data_set_value_component_reversal_potentials_variable_E_Na":63.6489488082,"data_set_value_component_reversal_potentials_variable_E_Ca":129.8444508717,"data_set_value_component_reversal_potentials_variable_E_K":-90.8587728101,"data_set_value_component_reversal_potentials_variable_E_Cl":-24.9589133494,"data_set_value_component_delayed_rectifier_K_current_variable_i_Kdr":5.364950003e-16,"data_set_value_component_delayed_rectifier_K_current_variable_g_Kdr":0.035,"data_set_value_component_delayed_rectifier_K_current_variable_gamma_KSS":0.15,"data_set_value_component_delayed_rectifier_K_current_xa_gate_variable_xa":0.0000001415,"data_set_value_component_delayed_rectifier_K_current_xa_gate_variable_xa_infinity":0.0000001389,"data_set_value_component_delayed_rectifier_K_current_xa_gate_variable_tau_xa":0.0064316857,"data_set_value_component_delayed_rectifier_K_current_xi1_gate_variable_xi1":0.3296714208,"data_set_value_component_delayed_rectifier_K_current_xi1_gate_variable_xi1_infinity":0.9999879313,"data_set_value_component_delayed_rectifier_K_current_xi1_gate_variable_tau_xi1":0.25,"data_set_value_component_delayed_rectifier_K_current_xi2_gate_variable_xi2":0.0492494917,"data_set_value_component_delayed_rectifier_K_current_xi2_gate_variable_xi2_infinity":0.9999879313,"data_set_value_component_delayed_rectifier_K_current_xi2_gate_variable_tau_xi2":1.98,"data_set_value_component_L_type_Ca_current_variable_i_CaL":-0.0000000099,"data_set_value_component_L_type_Ca_current_variable_P_CaL":0.003,"data_set_value_component_L_type_Ca_current_variable_V_surf":150.0,"data_set_value_component_L_type_Ca_current_variable_ICaL_perm1":0.0000001491,"data_set_value_component_L_type_Ca_current_variable_ICaL_perm2":-17.9111159786,"data_set_value_component_L_type_Ca_current_d_gate_variable_d":0.0000000462,"data_set_value_component_L_type_Ca_current_d_gate_variable_alpha_d":0.0000393916,"data_set_value_component_L_type_Ca_current_d_gate_variable_beta_d":855.5291532263,"data_set_value_component_L_type_Ca_current_f_gate_variable_f":0.9999520838,"data_set_value_component_L_type_Ca_current_f_gate_variable_tau_f":0.0173,"data_set_value_component_L_type_Ca_current_f_gate_variable_f_infinity":0.999956201,"data_set_value_component_Ca_activated_K_current_variable_i_KCa":0.3634306512,"data_set_value_component_Ca_activated_K_current_variable_g_KCa":2.45,"data_set_value_component_Ca_activated_K_current_xCa1_gate_variable_xCa1":0.9054187554,"data_set_value_component_Ca_activated_K_current_xCa1_gate_variable_xCa1_infinity":0.00484557,"data_set_value_component_Ca_activated_K_current_xCa1_gate_variable_tau_xCa1":1.0,"data_set_value_component_Ca_activated_K_current_xCa1_gate_variable_K2":0.0426545054,"data_set_value_component_Ca_activated_K_current_xCa1_gate_variable_K4":0.0096361187,"data_set_value_component_Ca_activated_K_current_xCa1_gate_variable_alpha":280.0,"data_set_value_component_Ca_activated_K_current_xCa1_gate_variable_beta":480.0,"data_set_value_component_Ca_activated_K_current_B_gate_variable_B":0.101,"data_set_value_component_Ca_activated_K_current_B_gate_variable_K1":0.0239452621,"data_set_value_component_Ca_activated_K_current_B_gate_variable_K_1":0.7002788999,"data_set_value_component_Ca_activated_Cl_current_variable_i_ClCa":-0.0087645921,"data_set_value_component_Ca_activated_Cl_current_variable_g_Cl":0.01,"data_set_value_component_Ca_activated_Cl_current_variable_CaCT":0.0005,"data_set_value_component_Ca_activated_Cl_current_variable_h":3.0,"data_set_value_component_nonspecific_cationic_current_variable_i_cationic":-0.0044385067,"data_set_value_component_nonspecific_cationic_current_variable_i_nsNa":-0.0039591889,"data_set_value_component_nonspecific_cationic_current_variable_i_nsK":0.0000095644,"data_set_value_component_nonspecific_cationic_current_variable_i_nsCa":-0.0004888822,"data_set_value_component_nonspecific_cationic_current_variable_P_nsCa":0.000000175,"data_set_value_component_nonspecific_cationic_current_variable_alpha_Ca":0.000999001,"data_set_value_component_nonspecific_cationic_current_variable_Km_nsCa":0.0012,"data_set_value_component_nonspecific_cationic_current_ns_gate_variable_ns":0.6974106229,"data_set_value_component_nonspecific_cationic_current_ns_gate_variable_tau_ns":0.2804514362,"data_set_value_component_nonspecific_cationic_current_ns_gate_variable_ns_infinity":0.00000157,"data_set_value_component_Ca_pump_current_variable_i_pCa":0.0027533919,"data_set_value_component_Ca_pump_current_variable_i_pCamax":1.15,"data_set_value_component_Ca_pump_current_variable_Kmp_Ca":0.05,"data_set_value_component_Na_K_pump_current_variable_i_NaK":0.1346153846,"data_set_value_component_Na_K_pump_current_variable_i_NaKmax":0.7,"data_set_value_component_Na_K_pump_current_variable_Km_Na":40.0,"data_set_value_component_Na_K_pump_current_variable_Km_K":1.0,"data_set_value_component_Ca_background_current_variable_i_bCa":-0.0026158283,"data_set_value_component_Ca_background_current_variable_g_bCa":0.00001194,"data_set_value_component_K_background_current_variable_i_bK":0.0141595386,"data_set_value_component_K_background_current_variable_g_bK":0.008729,"data_set_value_component_Na_background_current_variable_i_bNa":-0.4988656982,"data_set_value_component_Na_background_current_variable_g_bNa":0.003263,"data_set_value_component_membrane_variable_V":-89.2366467271,"data_set_value_component_membrane_variable_cap":0.00002,"data_set_value_component_model_parameters_variable_R":8314.472,"data_set_value_component_model_parameters_variable_T":310.0,"data_set_value_component_model_parameters_variable_F":96485.3415,"data_set_value_component_model_parameters_variable_Nai":12.0,"data_set_value_component_model_parameters_variable_Nao":130.0,"data_set_value_component_model_parameters_variable_Cai":0.00012,"data_set_value_component_model_parameters_variable_Cao":2.0,"data_set_value_component_model_parameters_variable_Ki":150.0,"data_set_value_component_model_parameters_variable_Ko":5.0,"data_set_value_component_model_parameters_variable_Cli":55.0,"data_set_value_component_model_parameters_variable_Clo":140.0,"data_set_value_component_model_parameters_variable_upeak":0.0,"data_set_value_component_model_parameters_variable_up":0.0,"data_set_value_component_model_parameters_variable_peak":0.0,"data_set_value_component_model_parameters_variable_plat":0.0,"data_set_value_component_model_parameters_variable_A":0.0008,"data_set_value_component_model_parameters_variable_B":0.00008,"data_set_value_component_model_parameters_variable_C":0.00012,"data_set_value_component_model_parameters_variable_x0":15.8,"data_set_value_component_model_parameters_variable_x1":15.0,"data_set_value_component_model_parameters_variable_x2":0.8,"data_set_value_component_model_parameters_variable_ds":30.0,"data_set_value_component_model_parameters_variable_p":0.4,"data_set_value_component_model_parameters_variable_n":0.2,"data_set_value_component_model_parameters_variable_t36":1.5},{"data_set_value_component_environment_variable_time":0.2,"data_set_value_component_reversal_potentials_variable_E_Na":63.6489488082,"data_set_value_component_reversal_potentials_variable_E_Ca":129.8444508717,"data_set_value_component_reversal_potentials_variable_E_K":-90.8587728101,"data_set_value_component_reversal_potentials_variable_E_Cl":-24.9589133494,"data_set_value_component_delayed_rectifier_K_current_variable_i_Kdr":3.457999596e-16,"data_set_value_component_delayed_rectifier_K_current_variable_g_Kdr":0.035,"data_set_value_component_delayed_rectifier_K_current_variable_gamma_KSS":0.15,"data_set_value_component_delayed_rectifier_K_current_xa_gate_variable_xa":0.000000124,"data_set_value_component_delayed_rectifier_K_current_xa_gate_variable_xa_infinity":0.0000001235,"data_set_value_component_delayed_rectifier_K_current_xa_gate_variable_tau_xa":0.006456704,"data_set_value_component_delayed_rectifier_K_current_xi1_gate_variable_xi1":0.5506612493,"data_set_value_component_delayed_rectifier_K_current_xi1_gate_variable_xi1_infinity":0.9999890131,"data_set_value_component_delayed_rectifier_K_current_xi1_gate_variable_tau_xi1":0.25,"data_set_value_component_delayed_rectifier_K_current_xi2_gate_variable_xi2":0.0960742229,"data_set_value_component_delayed_rectifier_K_current_xi2_gate_variable_xi2_infinity":0.9999890131,"data_set_value_component_delayed_rectifier_K_current_xi2_gate_variable_tau_xi2":1.98,"data_set_value_component_L_type_Ca_current_variable_i_CaL":-0.0000000083,"data_set_value_component_L_type_Ca_current_variable_P_CaL":0.003,"data_set_value_component_L_type_Ca_current_variable_V_surf":150.0,"data_set_value_component_L_type_Ca_current_variable_ICaL_perm1":0.0000001418,"data_set_value_component_L_type_Ca_current_variable_ICaL_perm2":-17.9638486642,"data_set_value_component_L_type_Ca_current_d_gate_variable_d":0.0000000387,"data_set_value_component_L_type_Ca_current_d_gate_variable_alpha_d":0.0000333583,"data_set_value_component_L_type_Ca_current_d_gate_variable_beta_d":863.9407058759,"data_set_value_component_L_type_Ca_current_f_gate_variable_f":0.9999601625,"data_set_value_component_L_type_Ca_current_f_gate_variable_tau_f":0.0173,"data_set_value_component_L_type_Ca_current_f_gate_variable_f_infinity":0.9999606342,"data_set_value_component_Ca_activated_K_current_variable_i_KCa":0.3704762676,"data_set_value_component_Ca_activated_K_current_variable_g_KCa":2.45,"data_set_value_component_Ca_activated_K_current_xCa1_gate_variable_xCa1":0.8197066034,"data_set_value_component_Ca_activated_K_current_xCa1_gate_variable_xCa1_infinity":0.0046549161,"data_set_value_component_Ca_activated_K_current_xCa1_gate_variable_tau_xCa1":1.0,"data_set_value_component_Ca_activated_K_current_xCa1_gate_variable_K2":0.0443869738,"data_set_value_component_Ca_activated_K_current_xCa1_gate_variable_K4":0.010155215,"data_set_value_component_Ca_activated_K_current_xCa1_gate_variable_alpha":280.0,"data_set_value_component_Ca_activated_K_current_xCa1_gate_variable_beta":480.0,"data_set_value_component_Ca_activated_K_current_B_gate_variable_B":0.201,"data_set_value_component_Ca_activated_K_current_B_gate_variable_K1":0.0232800493,"data_set_value_component_Ca_activated_K_current_B_gate_variable_K_1":0.7062228265,"data_set_value_component_Ca_activated_Cl_current_variable_i_ClCa":-0.0088606329,"data_set_value_component_Ca_activated_Cl_current_variable_g_Cl":0.01,"data_set_value_component_Ca_activated_Cl_current_variable_CaCT":0.0005,"data_set_value_component_Ca_activated_Cl_current_variable_h":3.0,"data_set_value_component_nonspecific_cationic_current_variable_i_cationic":-0.0031335813,"data_set_value_component_nonspecific_cationic_current_variable_i_nsNa":-0.0027925515,"data_set_value_component_nonspecific_cationic_current_variable_i_nsK":0.0000037662,"data_set_value_component_nonspecific_cationic_current_variable_i_nsCa":-0.0003447959,"data_set_value_component_nonspecific_cationic_current_variable_P_nsCa":0.000000175,"data_set_value_component_nonspecific_cationic_current_variable_alpha_Ca":0.000999001,"data_set_value_component_nonspecific_cationic_current_variable_Km_nsCa":0.0012,"data_set_value_component_nonspecific_cationic_current_ns_gate_variable_ns":0.4884800352,"data_set_value_component_nonspecific_cationic_current_ns_gate_variable_tau_ns":0.281084465,"data_set_value_component_nonspecific_cationic_current_ns_gate_variable_ns_infinity":0.0000014798,"data_set_value_component_Ca_pump_current_variable_i_pCa":0.0027533919,"data_set_value_component_Ca_pump_current_variable_i_pCamax":1.15,"data_set_value_component_Ca_pump_current_variable_Kmp_Ca":0.05,"data_set_value_component_Na_K_pump_current_variable_i_NaK":0.1346153846,"data_set_value_component_Na_K_pump_current_variable_i_NaKmax":0.7,"data_set_value_component_Na_K_pump_current_variable_Km_Na":40.0,"data_set_value_component_Na_K_pump_current_variable_Km_K":1.0,"data_set_value_component_Ca_background_current_variable_i_bCa":-0.0026242382,"data_set_value_component_Ca_background_current_variable_g_bCa":0.00001194,"data_set_value_component_K_background_current_variable_i_bK":0.0080113243,"data_set_value_component_K_background_current_variable_g_bK":0.008729,"data_set_value_component_Na_background_current_variable_i_bNa":-0.501163971,"data_set_value_component_Na_background_current_variable_g_bNa":0.003263,"data_set_value_component_membrane_variable_V":-89.9409902156,"data_set_value_component_membrane_variable_cap":0.00002,"data_set_value_component_model_parameters_variable_R":8314.472,"data_set_value_component_model_parameters_variable_T":310.0,"data_set_value_component_model_parameters_variable_F":96485.3415,"data_set_value_component_model_parameters_variable_Nai":12.0,"data_set_value_component_model_parameters_variable_Nao":130.0,"data_set_value_component_model_parameters_variable_Cai":0.00012,"data_set_value_component_model_parameters_variable_Cao":2.0,"data_set_value_component_model_parameters_variable_Ki":150.0,"data_set_value_component_model_parameters_variable_Ko":5.0,"data_set_value_component_model_parameters_variable_Cli":55.0,"data_set_value_component_model_parameters_variable_Clo":140.0,"data_set_value_component_model_parameters_variable_upeak":0.0,"data_set_value_component_model_parameters_variable_up":0.0,"data_set_value_component_model_parameters_variable_peak":0.0,"data_set_value_component_model_parameters_variable_plat":0.0,"data_set_value_component_model_parameters_variable_A":0.0008,"data_set_value_component_model_parameters_variable_B":0.00008,"data_set_value_component_model_parameters_variable_C":0.00012,"data_set_value_component_model_parameters_variable_x0":15.8,"data_set_value_component_model_parameters_variable_x1":15.0,"data_set_value_component_model_parameters_variable_x2":0.8,"data_set_value_component_model_parameters_variable_ds":30.0,"data_set_value_component_model_parameters_variable_p":0.4,"data_set_value_component_model_parameters_variable_n":0.2,"data_set_value_component_model_parameters_variable_t36":1.5},{"data_set_value_component_environment_variable_time":0.3,"data_set_value_component_reversal_potentials_variable_E_Na":63.6489488082,"data_set_value_component_reversal_potentials_variable_E_Ca":129.8444508717,"data_set_value_component_reversal_potentials_variable_E_K":-90.8587728101,"data_set_value_component_reversal_potentials_variable_E_Cl":-24.9589133494,"data_set_value_component_delayed_rectifier_K_current_variable_i_Kdr":2.909078322e-16,"data_set_value_component_delayed_rectifier_K_current_variable_g_Kdr":0.035,"data_set_value_component_delayed_rectifier_K_current_variable_gamma_KSS":0.15,"data_set_value_component_delayed_rectifier_K_current_xa_gate_variable_xa":0.0000001189,"data_set_value_component_delayed_rectifier_K_current_xa_gate_variable_xa_infinity":0.0000001187,"data_set_value_component_delayed_rectifier_K_current_xa_gate_variable_tau_xa":0.006465136,"data_set_value_component_delayed_rectifier_K_current_xi1_gate_variable_xi1":0.6987953625,"data_set_value_component_delayed_rectifier_K_current_xi1_gate_variable_xi1_infinity":0.9999893554,"data_set_value_component_delayed_rectifier_K_current_xi1_gate_variable_tau_xi1":0.25,"data_set_value_component_delayed_rectifier_K_current_xi2_gate_variable_xi2":0.140592825,"data_set_value_component_delayed_rectifier_K_current_xi2_gate_variable_xi2_infinity":0.9999893554,"data_set_value_component_delayed_rectifier_K_current_xi2_gate_variable_tau_xi2":1.98,"data_set_value_component_L_type_Ca_current_variable_i_CaL":-0.0000000079,"data_set_value_component_L_type_Ca_current_variable_P_CaL":0.003,"data_set_value_component_L_type_Ca_current_variable_V_surf":150.0,"data_set_value_component_L_type_Ca_current_variable_ICaL_perm1":0.0000001395,"data_set_value_component_L_type_Ca_current_variable_ICaL_perm2":-17.9816213313,"data_set_value_component_L_type_Ca_current_d_gate_variable_d":0.0000000364,"data_set_value_component_L_type_Ca_current_d_gate_variable_alpha_d":0.0000315399,"data_set_value_component_L_type_Ca_current_d_gate_variable_beta_d":866.7762105329,"data_set_value_component_L_type_Ca_current_f_gate_variable_f":0.9999618451,"data_set_value_component_L_type_Ca_current_f_gate_variable_tau_f":0.0173,"data_set_value_component_L_type_Ca_current_f_gate_variable_f_infinity":0.9999620249,"data_set_value_component_Ca_activated_K_current_variable_i_KCa":0.3723747657,"data_set_value_component_Ca_activated_K_current_variable_g_KCa":2.45,"data_set_value_component_Ca_activated_K_current_xCa1_gate_variable_xCa1":0.7421407454,"data_set_value_component_Ca_activated_K_current_xCa1_gate_variable_xCa1_infinity":0.0045923853,"data_set_value_component_Ca_activated_K_current_xCa1_gate_variable_tau_xCa1":1.0,"data_set_value_component_Ca_activated_K_current_xCa1_gate_variable_K2":0.0449865877,"data_set_value_component_Ca_activated_K_current_xCa1_gate_variable_K4":0.0103363949,"data_set_value_component_Ca_activated_K_current_xCa1_gate_variable_alpha":280.0,"data_set_value_component_Ca_activated_K_current_xCa1_gate_variable_beta":480.0,"data_set_value_component_Ca_activated_K_current_B_gate_variable_B":0.301,"data_set_value_component_Ca_activated_K_current_B_gate_variable_K1":0.0230600401,"data_set_value_component_Ca_activated_K_current_B_gate_variable_K_1":0.7082374734,"data_set_value_component_Ca_activated_Cl_current_variable_i_ClCa":-0.0088930019,"data_set_value_component_Ca_activated_Cl_current_variable_g_Cl":0.01,"data_set_value_component_Ca_activated_Cl_current_variable_CaCT":0.0005,"data_set_value_component_Ca_activated_Cl_current_variable_h":3.0,"data_set_value_component_nonspecific_cationic_current_variable_i_cationic":-0.0022016933,"data_set_value_component_nonspecific_cationic_current_variable_i_nsNa":-0.00196147,"data_set_value_component_nonspecific_cationic_current_variable_i_nsK":0.0000019523,"data_set_value_component_nonspecific_cationic_current_variable_i_nsCa":-0.0002421756,"data_set_value_component_nonspecific_cationic_current_variable_P_nsCa":0.000000175,"data_set_value_component_nonspecific_cationic_current_variable_alpha_Ca":0.000999001,"data_set_value_component_nonspecific_cationic_current_variable_Km_nsCa":0.0012,"data_set_value_component_nonspecific_cationic_current_ns_gate_variable_ns":0.3423005042,"data_set_value_component_nonspecific_cationic_current_ns_gate_variable_tau_ns":0.2812978167,"data_set_value_component_nonspecific_cationic_current_ns_gate_variable_ns_infinity":0.0000014506,"data_set_value_component_Ca_pump_current_variable_i_pCa":0.0027533919,"data_set_value_component_Ca_pump_current_variable_i_pCamax":1.15,"data_set_value_component_Ca_pump_current_variable_Kmp_Ca":0.05,"data_set_value_component_Na_K_pump_current_variable_i_NaK":0.1346153846,"data_set_value_component_Na_K_pump_current_variable_i_NaKmax":0.7,"data_set_value_component_Na_K_pump_current_variable_Km_Na":40.0,"data_set_value_component_Na_K_pump_current_variable_Km_K":1.0,"data_set_value_component_Ca_background_current_variable_i_bCa":-0.0026270726,"data_set_value_component_Ca_background_current_variable_g_bCa":0.00001194,"data_set_value_component_K_background_current_variable_i_bK":0.0059391717,"data_set_value_component_K_background_current_variable_g_bK":0.008729,"data_set_value_component_Na_background_current_variable_i_bNa":-0.5019385654,"data_set_value_component_Na_background_current_variable_g_bNa":0.003263,"data_set_value_component_membrane_variable_V":-90.1783773816,"data_set_value_component_membrane_variable_cap":0.00002,"data_set_value_component_model_parameters_variable_R":8314.472,"data_set_value_component_model_parameters_variable_T":310.0,"data_set_value_component_model_parameters_variable_F":96485.3415,"data_set_value_component_model_parameters_variable_Nai":12.0,"data_set_value_component_model_parameters_variable_Nao":130.0,"data_set_value_component_model_parameters_variable_Cai":0.00012,"data_set_value_component_model_parameters_variable_Cao":2.0,"data_set_value_component_model_parameters_variable_Ki":150.0,"data_set_value_component_model_parameters_variable_Ko":5.0,"data_set_value_component_model_parameters_variable_Cli":55.0,"data_set_value_component_model_parameters_variable_Clo":140.0,"data_set_value_component_model_parameters_variable_upeak":0.0,"data_set_value_component_model_parameters_variable_up":0.0,"data_set_value_component_model_parameters_variable_peak":0.0,"data_set_value_component_model_parameters_variable_plat":0.0,"data_set_value_component_model_parameters_variable_A":0.0008,"data_set_value_component_model_parameters_variable_B":0.00008,"data_set_value_component_model_parameters_variable_C":0.00012,"data_set_value_component_model_parameters_variable_x0":15.8,"data_set_value_component_model_parameters_variable_x1":15.0,"data_set_value_component_model_parameters_variable_x2":0.8,"data_set_value_component_model_parameters_variable_ds":30.0,"data_set_value_component_model_parameters_variable_p":0.4,"data_set_value_component_model_parameters_variable_n":0.2,"data_set_value_component_model_parameters_variable_t36":1.5},{"data_set_value_component_environment_variable_time":0.4,"data_set_value_component_reversal_potentials_variable_E_Na":63.6489488082,"data_set_value_component_reversal_potentials_variable_E_Ca":129.8444508717,"data_set_value_component_reversal_potentials_variable_E_K":-90.8587728101,"data_set_value_component_reversal_potentials_variable_E_Cl":-24.9589133494,"data_set_value_component_delayed_rectifier_K_current_variable_i_Kdr":2.64529576e-16,"data_set_value_component_delayed_rectifier_K_current_variable_g_Kdr":0.035,"data_set_value_component_delayed_rectifier_K_current_variable_gamma_KSS":0.15,"data_set_value_component_delayed_rectifier_K_current_xa_gate_variable_xa":0.0000001166,"data_set_value_component_delayed_rectifier_K_current_xa_gate_variable_xa_infinity":0.0000001165,"data_set_value_component_delayed_rectifier_K_current_xa_gate_variable_tau_xa":0.006469228,"data_set_value_component_delayed_rectifier_K_current_xi1_gate_variable_xi1":0.7980925268,"data_set_value_component_delayed_rectifier_K_current_xi1_gate_variable_xi1_infinity":0.9999895177,"data_set_value_component_delayed_rectifier_K_current_xi1_gate_variable_tau_xi1":0.25,"data_set_value_component_delayed_rectifier_K_current_xi2_gate_variable_xi2":0.1829188585,"data_set_value_component_delayed_rectifier_K_current_xi2_gate_variable_xi2_infinity":0.9999895177,"data_set_value_component_delayed_rectifier_K_current_xi2_gate_variable_tau_xi2":1.98,"data_set_value_component_L_type_Ca_current_variable_i_CaL":-0.0000000076,"data_set_value_component_L_type_Ca_current_variable_P_CaL":0.003,"data_set_value_component_L_type_Ca_current_variable_V_surf":150.0,"data_set_value_component_L_type_Ca_current_variable_ICaL_perm1":0.0000001383,"data_set_value_component_L_type_Ca_current_variable_ICaL_perm2":-17.9902463095,"data_set_value_component_L_type_Ca_current_d_gate_variable_d":0.0000000354,"data_set_value_component_L_type_Ca_current_d_gate_variable_alpha_d":0.0000306934,"data_set_value_component_L_type_Ca_current_d_gate_variable_beta_d":868.1523593552,"data_set_value_component_L_type_Ca_current_f_gate_variable_f":0.9999625903,"data_set_value_component_L_type_Ca_current_f_gate_variable_tau_f":0.0173,"data_set_value_component_L_type_Ca_current_f_gate_variable_f_infinity":0.999962682,"data_set_value_component_Ca_activated_K_current_variable_i_KCa":0.3731172864,"data_set_value_component_Ca_activated_K_current_variable_g_KCa":2.45,"data_set_value_component_Ca_activated_K_current_xCa1_gate_variable_xCa1":0.6719521434,"data_set_value_component_Ca_activated_K_current_xCa1_gate_variable_xCa1_infinity":0.0045623466,"data_set_value_component_Ca_activated_K_current_xCa1_gate_variable_tau_xCa1":1.0,"data_set_value_component_Ca_activated_K_current_xCa1_gate_variable_K2":0.0452804896,"data_set_value_component_Ca_activated_K_current_xCa1_gate_variable_K4":0.010425482,"data_set_value_component_Ca_activated_K_current_xCa1_gate_variable_alpha":280.0,"data_set_value_component_Ca_activated_K_current_xCa1_gate_variable_beta":480.0,"data_set_value_component_Ca_activated_K_current_B_gate_variable_B":0.401,"data_set_value_component_Ca_activated_K_current_B_gate_variable_K1":0.0229540214,"data_set_value_component_Ca_activated_K_current_B_gate_variable_K_1":0.7092172409,"data_set_value_component_Ca_activated_Cl_current_variable_i_ClCa":-0.0089087103,"data_set_value_component_Ca_activated_Cl_current_variable_g_Cl":0.01,"data_set_value_component_Ca_activated_Cl_current_variable_CaCT":0.0005,"data_set_value_component_Ca_activated_Cl_current_variable_h":3.0,"data_set_value_component_nonspecific_cationic_current_variable_i_cationic":-0.0015451103,"data_set_value_component_nonspecific_cationic_current_variable_i_nsNa":-0.001376319,"data_set_value_component_nonspecific_cationic_current_variable_i_nsK":0.0000011355,"data_set_value_component_nonspecific_cationic_current_variable_i_nsCa":-0.0001699268,"data_set_value_component_nonspecific_cationic_current_variable_P_nsCa":0.000000175,"data_set_value_component_nonspecific_cationic_current_variable_alpha_Ca":0.000999001,"data_set_value_component_nonspecific_cationic_current_variable_Km_nsCa":0.0012,"data_set_value_component_nonspecific_cationic_current_ns_gate_variable_ns":0.2399113264,"data_set_value_component_nonspecific_cationic_current_ns_gate_variable_tau_ns":0.2814013551,"data_set_value_component_nonspecific_cationic_current_ns_gate_variable_ns_infinity":0.0000014366,"data_set_value_component_Ca_pump_current_variable_i_pCa":0.0027533919,"data_set_value_component_Ca_pump_current_variable_i_pCamax":1.15,"data_set_value_component_Ca_pump_current_variable_Kmp_Ca":0.05,"data_set_value_component_Na_K_pump_current_variable_i_NaK":0.1346153846,"data_set_value_component_Na_K_pump_current_variable_i_NaKmax":0.7,"data_set_value_component_Na_K_pump_current_variable_Km_Na":40.0,"data_set_value_component_Na_K_pump_current_variable_Km_K":1.0,"data_set_value_component_Ca_background_current_variable_i_bCa":-0.0026284481,"data_set_value_component_Ca_background_current_variable_g_bCa":0.00001194,"data_set_value_component_K_background_current_variable_i_bK":0.0049335674,"data_set_value_component_K_background_current_variable_g_bK":0.008729,"data_set_value_component_Na_background_current_variable_i_bNa":-0.5023144718,"data_set_value_component_Na_background_current_variable_g_bNa":0.003263,"data_set_value_component_membrane_variable_V":-90.2935800766,"data_set_value_component_membrane_variable_cap":0.00002,"data_set_value_component_model_parameters_variable_R":8314.472,"data_set_value_component_model_parameters_variable_T":310.0,"data_set_value_component_model_parameters_variable_F":96485.3415,"data_set_value_component_model_parameters_variable_Nai":12.0,"data_set_value_component_model_parameters_variable_Nao":130.0,"data_set_value_component_model_parameters_variable_Cai":0.00012,"data_set_value_component_model_parameters_variable_Cao":2.0,"data_set_value_component_model_parameters_variable_Ki":150.0,"data_set_value_component_model_parameters_variable_Ko":5.0,"data_set_value_component_model_parameters_variable_Cli":55.0,"data_set_value_component_model_parameters_variable_Clo":140.0,"data_set_value_component_model_parameters_variable_upeak":0.0,"data_set_value_component_model_parameters_variable_up":0.0,"data_set_value_component_model_parameters_variable_peak":0.0,"data_set_value_component_model_parameters_variable_plat":0.0,"data_set_value_component_model_parameters_variable_A":0.0008,"data_set_value_component_model_parameters_variable_B":0.00008,"data_set_value_component_model_parameters_variable_C":0.00012,"data_set_value_component_model_parameters_variable_x0":15.8,"data_set_value_component_model_parameters_variable_x1":15.0,"data_set_value_component_model_parameters_variable_x2":0.8,"data_set_value_component_model_parameters_variable_ds":30.0,"data_set_value_component_model_parameters_variable_p":0.4,"data_set_value_component_model_parameters_variable_n":0.2,"data_set_value_component_model_parameters_variable_t36":1.5},{"data_set_value_component_environment_variable_time":0.5,"data_set_value_component_reversal_potentials_variable_E_Na":63.6489488082,"data_set_value_component_reversal_potentials_variable_E_Ca":129.8444508717,"data_set_value_component_reversal_potentials_variable_E_K":-90.8587728101,"data_set_value_component_reversal_potentials_variable_E_Cl":-24.9589133494,"data_set_value_component_delayed_rectifier_K_current_variable_i_Kdr":2.499382874e-16,"data_set_value_component_delayed_rectifier_K_current_variable_g_Kdr":0.035,"data_set_value_component_delayed_rectifier_K_current_variable_gamma_KSS":0.15,"data_set_value_component_delayed_rectifier_K_current_xa_gate_variable_xa":0.0000001153,"data_set_value_component_delayed_rectifier_K_current_xa_gate_variable_xa_infinity":0.0000001152,"data_set_value_component_delayed_rectifier_K_current_xa_gate_variable_tau_xa":0.0064715427,"data_set_value_component_delayed_rectifier_K_current_xi1_gate_variable_xi1":0.8646536095,"data_set_value_component_delayed_rectifier_K_current_xi1_gate_variable_xi1_infinity":0.9999896084,"data_set_value_component_delayed_rectifier_K_current_xi1_gate_variable_tau_xi1":0.25,"data_set_value_component_delayed_rectifier_K_current_xi2_gate_variable_xi2":0.2231603038,"data_set_value_component_delayed_rectifier_K_current_xi2_gate_variable_xi2_infinity":0.9999896084,"data_set_value_component_delayed_rectifier_K_current_xi2_gate_variable_tau_xi2":1.98,"data_set_value_component_L_type_Ca_current_variable_i_CaL":-0.0000000075,"data_set_value_component_L_type_Ca_current_variable_P_CaL":0.003,"data_set_value_component_L_type_Ca_current_variable_V_surf":150.0,"data_set_value_component_L_type_Ca_current_variable_ICaL_perm1":0.0000001377,"data_set_value_component_L_type_Ca_current_variable_ICaL_perm2":-17.9951251639,"data_set_value_component_L_type_Ca_current_d_gate_variable_d":0.0000000348,"data_set_value_component_L_type_Ca_current_d_gate_variable_alpha_d":0.0000302246,"data_set_value_component_L_type_Ca_current_d_gate_variable_beta_d":868.930826425,"data_set_value_component_L_type_Ca_current_f_gate_variable_f":0.9999629956,"data_set_value_component_L_type_Ca_current_f_gate_variable_tau_f":0.0173,"data_set_value_component_L_type_Ca_current_f_gate_variable_f_infinity":0.9999630486,"data_set_value_component_Ca_activated_K_current_variable_i_KCa":0.373435089,"data_set_value_component_Ca_activated_K_current_variable_g_KCa":2.45,"data_set_value_component_Ca_activated_K_current_xCa1_gate_variable_xCa1":0.6084407247,"data_set_value_component_Ca_activated_K_current_xCa1_gate_variable_xCa1_infinity":0.0045454428,"data_set_value_component_Ca_activated_K_current_xCa1_gate_variable_tau_xCa1":1.0,"data_set_value_component_Ca_activated_K_current_xCa1_gate_variable_K2":0.0454475893,"data_set_value_component_Ca_activated_K_current_xCa1_gate_variable_K4":0.0104762151,"data_set_value_component_Ca_activated_K_current_xCa1_gate_variable_alpha":280.0,"data_set_value_component_Ca_activated_K_current_xCa1_gate_variable_beta":480.0,"data_set_value_component_Ca_activated_K_current_B_gate_variable_B":0.501,"data_set_value_component_Ca_activated_K_current_B_gate_variable_K1":0.0228942663,"data_set_value_component_Ca_activated_K_current_B_gate_variable_K_1":0.7097720618,"data_set_value_component_Ca_activated_Cl_current_variable_i_ClCa":-0.0089175961,"data_set_value_component_Ca_activated_Cl_current_variable_g_Cl":0.01,"data_set_value_component_Ca_activated_Cl_current_variable_CaCT":0.0005,"data_set_value_component_Ca_activated_Cl_current_variable_h":3.0,"data_set_value_component_nonspecific_cationic_current_variable_i_cationic":-0.0010838323,"data_set_value_component_nonspecific_cationic_current_variable_i_nsNa":-0.0009653503,"data_set_value_component_nonspecific_cationic_current_variable_i_nsK":0.0000007037,"data_set_value_component_nonspecific_cationic_current_variable_i_nsCa":-0.0001191858,"data_set_value_component_nonspecific_cationic_current_variable_P_nsCa":0.000000175,"data_set_value_component_nonspecific_cationic_current_variable_alpha_Ca":0.000999001,"data_set_value_component_nonspecific_cationic_current_variable_Km_nsCa":0.0012,"data_set_value_component_nonspecific_cationic_current_ns_gate_variable_ns":0.1681656159,"data_set_value_component_nonspecific_cationic_current_ns_gate_variable_tau_ns":0.2814599232,"data_set_value_component_nonspecific_cationic_current_ns_gate_variable_ns_infinity":0.0000014287,"data_set_value_component_Ca_pump_current_variable_i_pCa":0.0027533919,"data_set_value_component_Ca_pump_current_variable_i_pCamax":1.15,"data_set_value_component_Ca_pump_current_variable_Kmp_Ca":0.05,"data_set_value_component_Na_K_pump_current_variable_i_NaK":0.1346153846,"data_set_value_component_Na_K_pump_current_variable_i_NaKmax":0.7,"data_set_value_component_Na_K_pump_current_variable_Km_Na":40.0,"data_set_value_component_Na_K_pump_current_variable_Km_K":1.0,"data_set_value_component_Ca_background_current_variable_i_bCa":-0.0026292262,"data_set_value_component_Ca_background_current_variable_g_bCa":0.00001194,"data_set_value_component_K_background_current_variable_i_bK":0.0043647315,"data_set_value_component_K_background_current_variable_g_bK":0.008729,"data_set_value_component_Na_background_current_variable_i_bNa":-0.5025271091,"data_set_value_component_Na_background_current_variable_g_bNa":0.003263,"data_set_value_component_membrane_variable_V":-90.3587462911,"data_set_value_component_membrane_variable_cap":0.00002,"data_set_value_component_model_parameters_variable_R":8314.472,"data_set_value_component_model_parameters_variable_T":310.0,"data_set_value_component_model_parameters_variable_F":96485.3415,"data_set_value_component_model_parameters_variable_Nai":12.0,"data_set_value_component_model_parameters_variable_Nao":130.0,"data_set_value_component_model_parameters_variable_Cai":0.00012,"data_set_value_component_model_parameters_variable_Cao":2.0,"data_set_value_component_model_parameters_variable_Ki":150.0,"data_set_value_component_model_parameters_variable_Ko":5.0,"data_set_value_component_model_parameters_variable_Cli":55.0,"data_set_value_component_model_parameters_variable_Clo":140.0,"data_set_value_component_model_parameters_variable_upeak":0.0,"data_set_value_component_model_parameters_variable_up":0.0,"data_set_value_component_model_parameters_variable_peak":0.0,"data_set_value_component_model_parameters_variable_plat":0.0,"data_set_value_component_model_parameters_variable_A":0.0008,"data_set_value_component_model_parameters_variable_B":0.00008,"data_set_value_component_model_parameters_variable_C":0.00012,"data_set_value_component_model_parameters_variable_x0":15.8,"data_set_value_component_model_parameters_variable_x1":15.0,"data_set_value_component_model_parameters_variable_x2":0.8,"data_set_value_component_model_parameters_variable_ds":30.0,"data_set_value_component_model_parameters_variable_p":0.4,"data_set_value_component_model_parameters_variable_n":0.2,"data_set_value_component_model_parameters_variable_t36":1.5},{"data_set_value_component_environment_variable_time":0.6,"data_set_value_component_reversal_potentials_variable_E_Na":63.6489488082,"data_set_value_component_reversal_potentials_variable_E_Ca":129.8444508717,"data_set_value_component_reversal_potentials_variable_E_K":-90.8587728101,"data_set_value_component_reversal_potentials_variable_E_Cl":-24.9589133494,"data_set_value_component_delayed_rectifier_K_current_variable_i_Kdr":2.419518541e-16,"data_set_value_component_delayed_rectifier_K_current_variable_g_Kdr":0.035,"data_set_value_component_delayed_rectifier_K_current_variable_gamma_KSS":0.15,"data_set_value_component_delayed_rectifier_K_current_xa_gate_variable_xa":0.0000001145,"data_set_value_component_delayed_rectifier_K_current_xa_gate_variable_xa_infinity":0.0000001145,"data_set_value_component_delayed_rectifier_K_current_xa_gate_variable_tau_xa":0.0064729469,"data_set_value_component_delayed_rectifier_K_current_xi1_gate_variable_xi1":0.9092707567,"data_set_value_component_delayed_rectifier_K_current_xi1_gate_variable_xi1_infinity":0.999989663,"data_set_value_component_delayed_rectifier_K_current_xi1_gate_variable_tau_xi1":0.25,"data_set_value_component_delayed_rectifier_K_current_xi2_gate_variable_xi2":0.2614198259,"data_set_value_component_delayed_rectifier_K_current_xi2_gate_variable_xi2_infinity":0.999989663,"data_set_value_component_delayed_rectifier_K_current_xi2_gate_variable_tau_xi2":1.98,"data_set_value_component_L_type_Ca_current_variable_i_CaL":-0.0000000074,"data_set_value_component_L_type_Ca_current_variable_P_CaL":0.003,"data_set_value_component_L_type_Ca_current_variable_V_surf":150.0,"data_set_value_component_L_type_Ca_current_variable_ICaL_perm1":0.0000001373,"data_set_value_component_L_type_Ca_current_variable_ICaL_perm2":-17.9980849888,"data_set_value_component_L_type_Ca_current_d_gate_variable_d":0.0000000344,"data_set_value_component_L_type_Ca_current_d_gate_variable_alpha_d":0.0000299437,"data_set_value_component_L_type_Ca_current_d_gate_variable_beta_d":869.4031037072,"data_set_value_component_L_type_Ca_current_f_gate_variable_f":0.9999632369,"data_set_value_component_L_type_Ca_current_f_gate_variable_tau_f":0.0173,"data_set_value_component_L_type_Ca_current_f_gate_variable_f_infinity":0.9999632693,"data_set_value_component_Ca_activated_K_current_variable_i_KCa":0.373587767,"data_set_value_component_Ca_activated_K_current_variable_g_KCa":2.45,"data_set_value_component_Ca_activated_K_current_xCa1_gate_variable_xCa1":0.5509719665,"data_set_value_component_Ca_activated_K_current_xCa1_gate_variable_xCa1_infinity":0.0045352188,"data_set_value_component_Ca_activated_K_current_xCa1_gate_variable_tau_xCa1":1.0,"data_set_value_component_Ca_activated_K_current_xCa1_gate_variable_K2":0.045549263,"data_set_value_component_Ca_activated_K_current_xCa1_gate_variable_K4":0.0105071133,"data_set_value_component_Ca_activated_K_current_xCa1_gate_variable_alpha":280.0,"data_set_value_component_Ca_activated_K_current_xCa1_gate_variable_beta":480.0,"data_set_value_component_Ca_activated_K_current_B_gate_variable_B":0.601,"data_set_value_component_Ca_activated_K_current_B_gate_variable_K1":0.0228580908,"data_set_value_component_Ca_activated_K_current_B_gate_variable_K_1":0.7101088632,"data_set_value_component_Ca_activated_Cl_current_variable_i_ClCa":-0.0089229867,"data_set_value_component_Ca_activated_Cl_current_variable_g_Cl":0.01,"data_set_value_component_Ca_activated_Cl_current_variable_CaCT":0.0005,"data_set_value_component_Ca_activated_Cl_current_variable_h":3.0,"data_set_value_component_nonspecific_cationic_current_variable_i_cationic":-0.0007600926,"data_set_value_component_nonspecific_cationic_current_variable_i_nsNa":-0.0006769663,"data_set_value_component_nonspecific_cationic_current_variable_i_nsK":0.0000004541,"data_set_value_component_nonspecific_cationic_current_variable_i_nsCa":-0.0000835804,"data_set_value_component_nonspecific_cationic_current_variable_P_nsCa":0.000000175,"data_set_value_component_nonspecific_cationic_current_variable_alpha_Ca":0.000999001,"data_set_value_component_nonspecific_cationic_current_variable_Km_nsCa":0.0012,"data_set_value_component_nonspecific_cationic_current_ns_gate_variable_ns":0.1178826583,"data_set_value_component_nonspecific_cationic_current_ns_gate_variable_tau_ns":0.2814954544,"data_set_value_component_nonspecific_cationic_current_ns_gate_variable_ns_infinity":0.000001424,"data_set_value_component_Ca_pump_current_variable_i_pCa":0.0027533919,"data_set_value_component_Ca_pump_current_variable_i_pCamax":1.15,"data_set_value_component_Ca_pump_current_variable_Kmp_Ca":0.05,"data_set_value_component_Na_K_pump_current_variable_i_NaK":0.1346153846,"data_set_value_component_Na_K_pump_current_variable_i_NaKmax":0.7,"data_set_value_component_Na_K_pump_current_variable_Km_Na":40.0,"data_set_value_component_Na_K_pump_current_variable_Km_K":1.0,"data_set_value_component_Ca_background_current_variable_i_bCa":-0.0026296982,"data_set_value_component_Ca_background_current_variable_g_bCa":0.00001194,"data_set_value_component_K_background_current_variable_i_bK":0.0040196393,"data_set_value_component_K_background_current_variable_g_bK":0.008729,"data_set_value_component_Na_background_current_variable_i_bNa":-0.5026561085,"data_set_value_component_Na_background_current_variable_g_bNa":0.003263,"data_set_value_component_membrane_variable_V":-90.3982802817,"data_set_value_component_membrane_variable_cap":0.00002,"data_set_value_component_model_parameters_variable_R":8314.472,"data_set_value_component_model_parameters_variable_T":310.0,"data_set_value_component_model_parameters_variable_F":96485.3415,"data_set_value_component_model_parameters_variable_Nai":12.0,"data_set_value_component_model_parameters_variable_Nao":130.0,"data_set_value_component_model_parameters_variable_Cai":0.00012,"data_set_value_component_model_parameters_variable_Cao":2.0,"data_set_value_component_model_parameters_variable_Ki":150.0,"data_set_value_component_model_parameters_variable_Ko":5.0,"data_set_value_component_model_parameters_variable_Cli":55.0,"data_set_value_component_model_parameters_variable_Clo":140.0,"data_set_value_component_model_parameters_variable_upeak":0.0,"data_set_value_component_model_parameters_variable_up":0.0,"data_set_value_component_model_parameters_variable_peak":0.0,"data_set_value_component_model_parameters_variable_plat":0.0,"data_set_value_component_model_parameters_variable_A":0.0008,"data_set_value_component_model_parameters_variable_B":0.00008,"data_set_value_component_model_parameters_variable_C":0.00012,"data_set_value_component_model_parameters_variable_x0":15.8,"data_set_value_component_model_parameters_variable_x1":15.0,"data_set_value_component_model_parameters_variable_x2":0.8,"data_set_value_component_model_parameters_variable_ds":30.0,"data_set_value_component_model_parameters_variable_p":0.4,"data_set_value_component_model_parameters_variable_n":0.2,"data_set_value_component_model_parameters_variable_t36":1.5},{"data_set_value_component_environment_variable_time":0.7,"data_set_value_component_reversal_potentials_variable_E_Na":63.6489488082,"data_set_value_component_reversal_potentials_variable_E_Ca":129.8444508717,"data_set_value_component_reversal_potentials_variable_E_K":-90.8587728101,"data_set_value_component_reversal_potentials_variable_E_Cl":-24.9589133494,"data_set_value_component_delayed_rectifier_K_current_variable_i_Kdr":2.383630521e-16,"data_set_value_component_delayed_rectifier_K_current_variable_g_Kdr":0.035,"data_set_value_component_delayed_rectifier_K_current_variable_gamma_KSS":0.15,"data_set_value_component_delayed_rectifier_K_current_xa_gate_variable_xa":0.000000114,"data_set_value_component_delayed_rectifier_K_current_xa_gate_variable_xa_infinity":0.000000114,"data_set_value_component_delayed_rectifier_K_current_xa_gate_variable_tau_xa":0.0064738154,"data_set_value_component_delayed_rectifier_K_current_xi1_gate_variable_xi1":0.9391784196,"data_set_value_component_delayed_rectifier_K_current_xi1_gate_variable_xi1_infinity":0.9999896966,"data_set_value_component_delayed_rectifier_K_current_xi1_gate_variable_tau_xi1":0.25,"data_set_value_component_delayed_rectifier_K_current_xi2_gate_variable_xi2":0.2977950346,"data_set_value_component_delayed_rectifier_K_current_xi2_gate_variable_xi2_infinity":0.9999896966,"data_set_value_component_delayed_rectifier_K_current_xi2_gate_variable_tau_xi2":1.98,"data_set_value_component_L_type_Ca_current_variable_i_CaL":-0.0000000074,"data_set_value_component_L_type_Ca_current_variable_P_CaL":0.003,"data_set_value_component_L_type_Ca_current_variable_V_surf":150.0,"data_set_value_component_L_type_Ca_current_variable_ICaL_perm1":0.0000001371,"data_set_value_component_L_type_Ca_current_variable_ICaL_perm2":-17.9999155475,"data_set_value_component_L_type_Ca_current_d_gate_variable_d":0.0000000342,"data_set_value_component_L_type_Ca_current_d_gate_variable_alpha_d":0.0000297713,"data_set_value_component_L_type_Ca_current_d_gate_variable_beta_d":869.6951959219,"data_set_value_component_L_type_Ca_current_f_gate_variable_f":0.9999633853,"data_set_value_component_L_type_Ca_current_f_gate_variable_tau_f":0.0173,"data_set_value_component_L_type_Ca_current_f_gate_variable_f_infinity":0.9999634051,"data_set_value_component_Ca_activated_K_current_variable_i_KCa":0.3736698064,"data_set_value_component_Ca_activated_K_current_variable_g_KCa":2.45,"data_set_value_component_Ca_activated_K_current_xCa1_gate_variable_xCa1":0.4989713216,"data_set_value_component_Ca_activated_K_current_xCa1_gate_variable_xCa1_infinity":0.0045289072,"data_set_value_component_Ca_activated_K_current_xCa1_gate_variable_tau_xCa1":1.0,"data_set_value_component_Ca_activated_K_current_xCa1_gate_variable_K2":0.0456122588,"data_set_value_component_Ca_activated_K_current_xCa1_gate_variable_K4":0.0105262684,"data_set_value_component_Ca_activated_K_current_xCa1_gate_variable_alpha":280.0,"data_set_value_component_Ca_activated_K_current_xCa1_gate_variable_beta":480.0,"data_set_value_component_Ca_activated_K_current_B_gate_variable_B":0.701,"data_set_value_component_Ca_activated_K_current_B_gate_variable_K1":0.022835746,"data_set_value_component_Ca_activated_K_current_B_gate_variable_K_1":0.7103172442,"data_set_value_component_Ca_activated_Cl_current_variable_i_ClCa":-0.0089263207,"data_set_value_component_Ca_activated_Cl_current_variable_g_Cl":0.01,"data_set_value_component_Ca_activated_Cl_current_variable_CaCT":0.0005,"data_set_value_component_Ca_activated_Cl_current_variable_h":3.0,"data_set_value_component_nonspecific_cationic_current_variable_i_cationic":-0.000532985,"data_set_value_component_nonspecific_cationic_current_variable_i_nsNa":-0.0004746809,"data_set_value_component_nonspecific_cationic_current_variable_i_nsK":0.0000003014,"data_set_value_component_nonspecific_cationic_current_variable_i_nsCa":-0.0000586054,"data_set_value_component_nonspecific_cationic_current_variable_P_nsCa":0.000000175,"data_set_value_component_nonspecific_cationic_current_variable_alpha_Ca":0.000999001,"data_set_value_component_nonspecific_cationic_current_variable_Km_nsCa":0.0012,"data_set_value_component_nonspecific_cationic_current_ns_gate_variable_ns":0.0826380229,"data_set_value_component_nonspecific_cationic_current_ns_gate_variable_tau_ns":0.2815174293,"data_set_value_component_nonspecific_cationic_current_ns_gate_variable_ns_infinity":0.0000014211,"data_set_value_component_Ca_pump_current_variable_i_pCa":0.0027533919,"data_set_value_component_Ca_pump_current_variable_i_pCamax":1.15,"data_set_value_component_Ca_pump_current_variable_Kmp_Ca":0.05,"data_set_value_component_Na_K_pump_current_variable_i_NaK":0.1346153846,"data_set_value_component_Na_K_pump_current_variable_i_NaKmax":0.7,"data_set_value_component_Na_K_pump_current_variable_Km_Na":40.0,"data_set_value_component_Na_K_pump_current_variable_Km_K":1.0,"data_set_value_component_Ca_background_current_variable_i_bCa":-0.0026299901,"data_set_value_component_Ca_background_current_variable_g_bCa":0.00001194,"data_set_value_component_K_background_current_variable_i_bK":0.0038062106,"data_set_value_component_K_background_current_variable_g_bK":0.008729,"data_set_value_component_Na_background_current_variable_i_bNa":-0.5027358906,"data_set_value_component_Na_background_current_variable_g_bNa":0.003263,"data_set_value_component_membrane_variable_V":-90.4227308137,"data_set_value_component_membrane_variable_cap":0.00002,"data_set_value_component_model_parameters_variable_R":8314.472,"data_set_value_component_model_parameters_variable_T":310.0,"data_set_value_component_model_parameters_variable_F":96485.3415,"data_set_value_component_model_parameters_variable_Nai":12.0,"data_set_value_component_model_parameters_variable_Nao":130.0,"data_set_value_component_model_parameters_variable_Cai":0.00012,"data_set_value_component_model_parameters_variable_Cao":2.0,"data_set_value_component_model_parameters_variable_Ki":150.0,"data_set_value_component_model_parameters_variable_Ko":5.0,"data_set_value_component_model_parameters_variable_Cli":55.0,"data_set_value_component_model_parameters_variable_Clo":140.0,"data_set_value_component_model_parameters_variable_upeak":0.0,"data_set_value_component_model_parameters_variable_up":0.0,"data_set_value_component_model_parameters_variable_peak":0.0,"data_set_value_component_model_parameters_variable_plat":0.0,"data_set_value_component_model_parameters_variable_A":0.0008,"data_set_value_component_model_parameters_variable_B":0.00008,"data_set_value_component_model_parameters_variable_C":0.00012,"data_set_value_component_model_parameters_variable_x0":15.8,"data_set_value_component_model_parameters_variable_x1":15.0,"data_set_value_component_model_parameters_variable_x2":0.8,"data_set_value_component_model_parameters_variable_ds":30.0,"data_set_value_component_model_parameters_variable_p":0.4,"data_set_value_component_model_parameters_variable_n":0.2,"data_set_value_component_model_parameters_variable_t36":1.5},{"data_set_value_component_environment_variable_time":0.8,"data_set_value_component_reversal_potentials_variable_E_Na":63.6489488082,"data_set_value_component_reversal_potentials_variable_E_Ca":129.8444508717,"data_set_value_component_reversal_potentials_variable_E_K":-90.8587728101,"data_set_value_component_reversal_potentials_variable_E_Cl":-24.9589133494,"data_set_value_component_delayed_rectifier_K_current_variable_i_Kdr":2.380145985e-16,"data_set_value_component_delayed_rectifier_K_current_variable_g_Kdr":0.035,"data_set_value_component_delayed_rectifier_K_current_variable_gamma_KSS":0.15,"data_set_value_component_delayed_rectifier_K_current_xa_gate_variable_xa":0.0000001137,"data_set_value_component_delayed_rectifier_K_current_xa_gate_variable_xa_infinity":0.0000001137,"data_set_value_component_delayed_rectifier_K_current_xa_gate_variable_tau_xa":0.0064743378,"data_set_value_component_delayed_rectifier_K_current_xi1_gate_variable_xi1":0.9592263166,"data_set_value_component_delayed_rectifier_K_current_xi1_gate_variable_xi1_infinity":0.9999897168,"data_set_value_component_delayed_rectifier_K_current_xi1_gate_variable_tau_xi1":0.25,"data_set_value_component_delayed_rectifier_K_current_xi2_gate_variable_xi2":0.3323787339,"data_set_value_component_delayed_rectifier_K_current_xi2_gate_variable_xi2_infinity":0.9999897168,"data_set_value_component_delayed_rectifier_K_current_xi2_gate_variable_tau_xi2":1.98,"data_set_value_component_L_type_Ca_current_variable_i_CaL":-0.0000000074,"data_set_value_component_L_type_Ca_current_variable_P_CaL":0.003,"data_set_value_component_L_type_Ca_current_variable_V_surf":150.0,"data_set_value_component_L_type_Ca_current_variable_ICaL_perm1":0.0000001369,"data_set_value_component_L_type_Ca_current_variable_ICaL_perm2":-18.0010166047,"data_set_value_component_L_type_Ca_current_d_gate_variable_d":0.0000000341,"data_set_value_component_L_type_Ca_current_d_gate_variable_alpha_d":0.0000296681,"data_set_value_component_L_type_Ca_current_d_gate_variable_beta_d":869.8708868745,"data_set_value_component_L_type_Ca_current_f_gate_variable_f":0.9999634749,"data_set_value_component_L_type_Ca_current_f_gate_variable_tau_f":0.0173,"data_set_value_component_L_type_Ca_current_f_gate_variable_f_infinity":0.9999634866,"data_set_value_component_Ca_activated_K_current_variable_i_KCa":0.3736687677,"data_set_value_component_Ca_activated_K_current_variable_g_KCa":2.45,"data_set_value_component_Ca_activated_K_current_xCa1_gate_variable_xCa1":0.45191872,"data_set_value_component_Ca_activated_K_current_xCa1_gate_variable_xCa1_infinity":0.0045251152,"data_set_value_component_Ca_activated_K_current_xCa1_gate_variable_tau_xCa1":1.0,"data_set_value_component_Ca_activated_K_current_xCa1_gate_variable_K2":0.045650192,"data_set_value_component_Ca_activated_K_current_xCa1_gate_variable_K4":0.0105378068,"data_set_value_component_Ca_activated_K_current_xCa1_gate_variable_alpha":280.0,"data_set_value_component_Ca_activated_K_current_xCa1_gate_variable_beta":480.0,"data_set_value_component_Ca_activated_K_current_B_gate_variable_B":0.801,"data_set_value_component_Ca_activated_K_current_B_gate_variable_K1":0.0228223165,"data_set_value_component_Ca_activated_K_current_B_gate_variable_K_1":0.7104426122,"data_set_value_component_Ca_activated_Cl_current_variable_i_ClCa":-0.008928326,"data_set_value_component_Ca_activated_Cl_current_variable_g_Cl":0.01,"data_set_value_component_Ca_activated_Cl_current_variable_CaCT":0.0005,"data_set_value_component_Ca_activated_Cl_current_variable_h":3.0,"data_set_value_component_nonspecific_cationic_current_variable_i_cationic":-0.0003737031,"data_set_value_component_nonspecific_cationic_current_variable_i_nsNa":-0.0003328168,"data_set_value_component_nonspecific_cationic_current_variable_i_nsK":0.0000002041,"data_set_value_component_nonspecific_cationic_current_variable_i_nsCa":-0.0000410904,"data_set_value_component_nonspecific_cationic_current_variable_P_nsCa":0.000000175,"data_set_value_component_nonspecific_cationic_current_variable_alpha_Ca":0.000999001,"data_set_value_component_nonspecific_cationic_current_variable_Km_nsCa":0.0012,"data_set_value_component_nonspecific_cationic_current_ns_gate_variable_ns":0.0579322395,"data_set_value_component_nonspecific_cationic_current_ns_gate_variable_tau_ns":0.2815306469,"data_set_value_component_nonspecific_cationic_current_ns_gate_variable_ns_infinity":0.0000014193,"data_set_value_component_Ca_pump_current_variable_i_pCa":0.0027533919,"data_set_value_component_Ca_pump_current_variable_i_pCamax":1.15,"data_set_value_component_Ca_pump_current_variable_Kmp_Ca":0.05,"data_set_value_component_Na_K_pump_current_variable_i_NaK":0.1346153846,"data_set_value_component_Na_K_pump_current_variable_i_NaKmax":0.7,"data_set_value_component_Na_K_pump_current_variable_Km_Na":40.0,"data_set_value_component_Na_K_pump_current_variable_Km_K":1.0,"data_set_value_component_Ca_background_current_variable_i_bCa":-0.0026301657,"data_set_value_component_Ca_background_current_variable_g_bCa":0.00001194,"data_set_value_component_K_background_current_variable_i_bK":0.003677836,"data_set_value_component_K_background_current_variable_g_bK":0.008729,"data_set_value_component_Na_background_current_variable_i_bNa":-0.5027838785,"data_set_value_component_Na_background_current_variable_g_bNa":0.003263,"data_set_value_component_membrane_variable_V":-90.4374374893,"data_set_value_component_membrane_variable_cap":0.00002,"data_set_value_component_model_parameters_variable_R":8314.472,"data_set_value_component_model_parameters_variable_T":310.0,"data_set_value_component_model_parameters_variable_F":96485.3415,"data_set_value_component_model_parameters_variable_Nai":12.0,"data_set_value_component_model_parameters_variable_Nao":130.0,"data_set_value_component_model_parameters_variable_Cai":0.00012,"data_set_value_component_model_parameters_variable_Cao":2.0,"data_set_value_component_model_parameters_variable_Ki":150.0,"data_set_value_component_model_parameters_variable_Ko":5.0,"data_set_value_component_model_parameters_variable_Cli":55.0,"data_set_value_component_model_parameters_variable_Clo":140.0,"data_set_value_component_model_parameters_variable_upeak":0.0,"data_set_value_component_model_parameters_variable_up":0.0,"data_set_value_component_model_parameters_variable_peak":0.0,"data_set_value_component_model_parameters_variable_plat":0.0,"data_set_value_component_model_parameters_variable_A":0.0008,"data_set_value_component_model_parameters_variable_B":0.00008,"data_set_value_component_model_parameters_variable_C":0.00012,"data_set_value_component_model_parameters_variable_x0":15.8,"data_set_value_component_model_parameters_variable_x1":15.0,"data_set_value_component_model_parameters_variable_x2":0.8,"data_set_value_component_model_parameters_variable_ds":30.0,"data_set_value_component_model_parameters_variable_p":0.4,"data_set_value_component_model_parameters_variable_n":0.2,"data_set_value_component_model_parameters_variable_t36":1.5},{"data_set_value_component_environment_variable_time":0.9,"data_set_value_component_reversal_potentials_variable_E_Na":63.6489488082,"data_set_value_component_reversal_potentials_variable_E_Ca":129.8444508717,"data_set_value_component_reversal_potentials_variable_E_K":-90.8587728101,"data_set_value_component_reversal_potentials_variable_E_Cl":-24.9589133494,"data_set_value_component_delayed_rectifier_K_current_variable_i_Kdr":2.40316425e-16,"data_set_value_component_delayed_rectifier_K_current_variable_g_Kdr":0.035,"data_set_value_component_delayed_rectifier_K_current_variable_gamma_KSS":0.15,"data_set_value_component_delayed_rectifier_K_current_xa_gate_variable_xa":0.0000001136,"data_set_value_component_delayed_rectifier_K_current_xa_gate_variable_xa_infinity":0.0000001136,"data_set_value_component_delayed_rectifier_K_current_xa_gate_variable_tau_xa":0.0064746151,"data_set_value_component_delayed_rectifier_K_current_xi1_gate_variable_xi1":0.9726649497,"data_set_value_component_delayed_rectifier_K_current_xi1_gate_variable_xi1_infinity":0.9999897275,"data_set_value_component_delayed_rectifier_K_current_xi1_gate_variable_tau_xi1":0.25,"data_set_value_component_delayed_rectifier_K_current_xi2_gate_variable_xi2":0.3652591566,"data_set_value_component_delayed_rectifier_K_current_xi2_gate_variable_xi2_infinity":0.9999897275,"data_set_value_component_delayed_rectifier_K_current_xi2_gate_variable_tau_xi2":1.98,"data_set_value_component_L_type_Ca_current_variable_i_CaL":-0.0000000074,"data_set_value_component_L_type_Ca_current_variable_P_CaL":0.003,"data_set_value_component_L_type_Ca_current_variable_V_surf":150.0,"data_set_value_component_L_type_Ca_current_variable_ICaL_perm1":0.0000001369,"data_set_value_component_L_type_Ca_current_variable_ICaL_perm2":-18.0016011044,"data_set_value_component_L_type_Ca_current_d_gate_variable_d":0.000000034,"data_set_value_component_L_type_Ca_current_d_gate_variable_alpha_d":0.0000296134,"data_set_value_component_L_type_Ca_current_d_gate_variable_beta_d":869.9641533758,"data_set_value_component_L_type_Ca_current_f_gate_variable_f":0.9999635241,"data_set_value_component_L_type_Ca_current_f_gate_variable_tau_f":0.0173,"data_set_value_component_L_type_Ca_current_f_gate_variable_f_infinity":0.9999635297,"data_set_value_component_Ca_activated_K_current_variable_i_KCa":0.3736663026,"data_set_value_component_Ca_activated_K_current_variable_g_KCa":2.45,"data_set_value_component_Ca_activated_K_current_xCa1_gate_variable_xCa1":0.4093434936,"data_set_value_component_Ca_activated_K_current_xCa1_gate_variable_xCa1_infinity":0.0045231035,"data_set_value_component_Ca_activated_K_current_xCa1_gate_variable_tau_xCa1":1.0,"data_set_value_component_Ca_activated_K_current_xCa1_gate_variable_K2":0.0456703417,"data_set_value_component_Ca_activated_K_current_xCa1_gate_variable_K4":0.0105439371,"data_set_value_component_Ca_activated_K_current_xCa1_gate_variable_alpha":280.0,"data_set_value_component_Ca_activated_K_current_xCa1_gate_variable_beta":480.0,"data_set_value_component_Ca_activated_K_current_B_gate_variable_B":0.901,"data_set_value_component_Ca_activated_K_current_B_gate_variable_K1":0.0228151906,"data_set_value_component_Ca_activated_K_current_B_gate_variable_K_1":0.7105091731,"data_set_value_component_Ca_activated_Cl_current_variable_i_ClCa":-0.0089293905,"data_set_value_component_Ca_activated_Cl_current_variable_g_Cl":0.01,"data_set_value_component_Ca_activated_Cl_current_variable_CaCT":0.0005,"data_set_value_component_Ca_activated_Cl_current_variable_h":3.0,"data_set_value_component_nonspecific_cationic_current_variable_i_cationic":-0.0002620063,"data_set_value_component_nonspecific_cationic_current_variable_i_nsNa":-0.0002333382,"data_set_value_component_nonspecific_cationic_current_variable_i_nsK":0.0000001404,"data_set_value_component_nonspecific_cationic_current_variable_i_nsCa":-0.0000288085,"data_set_value_component_nonspecific_cationic_current_variable_P_nsCa":0.000000175,"data_set_value_component_nonspecific_cationic_current_variable_alpha_Ca":0.000999001,"data_set_value_component_nonspecific_cationic_current_variable_Km_nsCa":0.0012,"data_set_value_component_nonspecific_cationic_current_ns_gate_variable_ns":0.0406132317,"data_set_value_component_nonspecific_cationic_current_ns_gate_variable_tau_ns":0.2815376636,"data_set_value_component_nonspecific_cationic_current_ns_gate_variable_ns_infinity":0.0000014184,"data_set_value_component_Ca_pump_current_variable_i_pCa":0.0027533919,"data_set_value_component_Ca_pump_current_variable_i_pCamax":1.15,"data_set_value_component_Ca_pump_current_variable_Kmp_Ca":0.05,"data_set_value_component_Na_K_pump_current_variable_i_NaK":0.1346153846,"data_set_value_component_Na_K_pump_current_variable_i_NaKmax":0.7,"data_set_value_component_Na_K_pump_current_variable_Km_Na":40.0,"data_set_value_component_Na_K_pump_current_variable_Km_K":1.0,"data_set_value_component_Ca_background_current_variable_i_bCa":-0.002630259,"data_set_value_component_Ca_background_current_variable_g_bCa":0.00001194,"data_set_value_component_K_background_current_variable_i_bK":0.003609688,"data_set_value_component_K_background_current_variable_g_bK":0.008729,"data_set_value_component_Na_background_current_variable_i_bNa":-0.502809353,"data_set_value_component_Na_background_current_variable_g_bNa":0.003263,"data_set_value_component_membrane_variable_V":-90.4452445752,"data_set_value_component_membrane_variable_cap":0.00002,"data_set_value_component_model_parameters_variable_R":8314.472,"data_set_value_component_model_parameters_variable_T":310.0,"data_set_value_component_model_parameters_variable_F":96485.3415,"data_set_value_component_model_parameters_variable_Nai":12.0,"data_set_value_component_model_parameters_variable_Nao":130.0,"data_set_value_component_model_parameters_variable_Cai":0.00012,"data_set_value_component_model_parameters_variable_Cao":2.0,"data_set_value_component_model_parameters_variable_Ki":150.0,"data_set_value_component_model_parameters_variable_Ko":5.0,"data_set_value_component_model_parameters_variable_Cli":55.0,"data_set_value_component_model_parameters_variable_Clo":140.0,"data_set_value_component_model_parameters_variable_upeak":0.0,"data_set_value_component_model_parameters_variable_up":0.0,"data_set_value_component_model_parameters_variable_peak":0.0,"data_set_value_component_model_parameters_variable_plat":0.0,"data_set_value_component_model_parameters_variable_A":0.0008,"data_set_value_component_model_parameters_variable_B":0.00008,"data_set_value_component_model_parameters_variable_C":0.00012,"data_set_value_component_model_parameters_variable_x0":15.8,"data_set_value_component_model_parameters_variable_x1":15.0,"data_set_value_component_model_parameters_variable_x2":0.8,"data_set_value_component_model_parameters_variable_ds":30.0,"data_set_value_component_model_parameters_variable_p":0.4,"data_set_value_component_model_parameters_variable_n":0.2,"data_set_value_component_model_parameters_variable_t36":1.5},{"data_set_value_component_environment_variable_time":1.0,"data_set_value_component_reversal_potentials_variable_E_Na":63.6489488082,"data_set_value_component_reversal_potentials_variable_E_Ca":129.8444508717,"data_set_value_component_reversal_potentials_variable_E_K":-90.8587728101,"data_set_value_component_reversal_potentials_variable_E_Cl":-24.9589133494,"data_set_value_component_delayed_rectifier_K_current_variable_i_Kdr":2.448467458e-16,"data_set_value_component_delayed_rectifier_K_current_variable_g_Kdr":0.035,"data_set_value_component_delayed_rectifier_K_current_variable_gamma_KSS":0.15,"data_set_value_component_delayed_rectifier_K_current_xa_gate_variable_xa":0.0000001135,"data_set_value_component_delayed_rectifier_K_current_xa_gate_variable_xa_infinity":0.0000001135,"data_set_value_component_delayed_rectifier_K_current_xa_gate_variable_tau_xa":0.0064747113,"data_set_value_component_delayed_rectifier_K_current_xi1_gate_variable_xi1":0.9816733213,"data_set_value_component_delayed_rectifier_K_current_xi1_gate_variable_xi1_infinity":0.9999897312,"data_set_value_component_delayed_rectifier_K_current_xi1_gate_variable_tau_xi1":0.25,"data_set_value_component_delayed_rectifier_K_current_xi2_gate_variable_xi2":0.396520191,"data_set_value_component_delayed_rectifier_K_current_xi2_gate_variable_xi2_infinity":0.9999897312,"data_set_value_component_delayed_rectifier_K_current_xi2_gate_variable_tau_xi2":1.98,"data_set_value_component_L_type_Ca_current_variable_i_CaL":-0.0000000073,"data_set_value_component_L_type_Ca_current_variable_P_CaL":0.003,"data_set_value_component_L_type_Ca_current_variable_V_surf":150.0,"data_set_value_component_L_type_Ca_current_variable_ICaL_perm1":0.0000001368,"data_set_value_component_L_type_Ca_current_variable_ICaL_perm2":-18.0018038242,"data_set_value_component_L_type_Ca_current_d_gate_variable_d":0.000000034,"data_set_value_component_L_type_Ca_current_d_gate_variable_alpha_d":0.0000295945,"data_set_value_component_L_type_Ca_current_d_gate_variable_beta_d":869.9965007007,"data_set_value_component_L_type_Ca_current_f_gate_variable_f":0.9999635435,"data_set_value_component_L_type_Ca_current_f_gate_variable_tau_f":0.0173,"data_set_value_component_L_type_Ca_current_f_gate_variable_f_infinity":0.9999635447,"data_set_value_component_Ca_activated_K_current_variable_i_KCa":0.3736070859,"data_set_value_component_Ca_activated_K_current_variable_g_KCa":2.45,"data_set_value_component_Ca_activated_K_current_xCa1_gate_variable_xCa1":0.370819702,"data_set_value_component_Ca_activated_K_current_xCa1_gate_variable_xCa1_infinity":0.004522406,"data_set_value_component_Ca_activated_K_current_xCa1_gate_variable_tau_xCa1":1.0,"data_set_value_component_Ca_activated_K_current_xCa1_gate_variable_K2":0.0456773322,"data_set_value_component_Ca_activated_K_current_xCa1_gate_variable_K4":0.0105460641,"data_set_value_component_Ca_activated_K_current_xCa1_gate_variable_alpha":280.0,"data_set_value_component_Ca_activated_K_current_xCa1_gate_variable_beta":480.0,"data_set_value_component_Ca_activated_K_current_B_gate_variable_B":1.001,"data_set_value_component_Ca_activated_K_current_B_gate_variable_K1":0.0228127196,"data_set_value_component_Ca_activated_K_current_B_gate_variable_K_1":0.7105322597,"data_set_value_component_Ca_activated_Cl_current_variable_i_ClCa":-0.0089297597,"data_set_value_component_Ca_activated_Cl_current_variable_g_Cl":0.01,"data_set_value_component_Ca_activated_Cl_current_variable_CaCT":0.0005,"data_set_value_component_Ca_activated_Cl_current_variable_h":3.0,"data_set_value_component_nonspecific_cationic_current_variable_i_cationic":-0.0001836855,"data_set_value_component_nonspecific_cationic_current_variable_i_nsNa":-0.0001635866,"data_set_value_component_nonspecific_cationic_current_variable_i_nsK":0.0000000978,"data_set_value_component_nonspecific_cationic_current_variable_i_nsCa":-0.0000201968,"data_set_value_component_nonspecific_cationic_current_variable_P_nsCa":0.000000175,"data_set_value_component_nonspecific_cationic_current_variable_alpha_Ca":0.000999001,"data_set_value_component_nonspecific_cationic_current_variable_Km_nsCa":0.0012,"data_set_value_component_nonspecific_cationic_current_ns_gate_variable_ns":0.0284719831,"data_set_value_component_nonspecific_cationic_current_ns_gate_variable_tau_ns":0.2815400971,"data_set_value_component_nonspecific_cationic_current_ns_gate_variable_ns_infinity":0.0000014181,"data_set_value_component_Ca_pump_current_variable_i_pCa":0.0027533919,"data_set_value_component_Ca_pump_current_variable_i_pCamax":1.15,"data_set_value_component_Ca_pump_current_variable_Kmp_Ca":0.05,"data_set_value_component_Na_K_pump_current_variable_i_NaK":0.1346153846,"data_set_value_component_Na_K_pump_current_variable_i_NaKmax":0.7,"data_set_value_component_Na_K_pump_current_variable_Km_Na":40.0,"data_set_value_component_Na_K_pump_current_variable_Km_K":1.0,"data_set_value_component_Ca_background_current_variable_i_bCa":-0.0026302913,"data_set_value_component_Ca_background_current_variable_g_bCa":0.00001194,"data_set_value_component_K_background_current_variable_i_bK":0.0035860524,"data_set_value_component_K_background_current_variable_g_bK":0.008729,"data_set_value_component_Na_background_current_variable_i_bNa":-0.5028181882,"data_set_value_component_Na_background_current_variable_g_bNa":0.003263,"data_set_value_component_membrane_variable_V":-90.4479522766,"data_set_value_component_membrane_variable_cap":0.00002,"data_set_value_component_model_parameters_variable_R":8314.472,"data_set_value_component_model_parameters_variable_T":310.0,"data_set_value_component_model_parameters_variable_F":96485.3415,"data_set_value_component_model_parameters_variable_Nai":12.0,"data_set_value_component_model_parameters_variable_Nao":130.0,"data_set_value_component_model_parameters_variable_Cai":0.00012,"data_set_value_component_model_parameters_variable_Cao":2.0,"data_set_value_component_model_parameters_variable_Ki":150.0,"data_set_value_component_model_parameters_variable_Ko":5.0,"data_set_value_component_model_parameters_variable_Cli":55.0,"data_set_value_component_model_parameters_variable_Clo":140.0,"data_set_value_component_model_parameters_variable_upeak":0.0,"data_set_value_component_model_parameters_variable_up":0.0,"data_set_value_component_model_parameters_variable_peak":0.0,"data_set_value_component_model_parameters_variable_plat":0.0,"data_set_value_component_model_parameters_variable_A":0.0008,"data_set_value_component_model_parameters_variable_B":0.00008,"data_set_value_component_model_parameters_variable_C":0.00012,"data_set_value_component_model_parameters_variable_x0":15.8,"data_set_value_component_model_parameters_variable_x1":15.0,"data_set_value_component_model_parameters_variable_x2":0.8,"data_set_value_component_model_parameters_variable_ds":30.0,"data_set_value_component_model_parameters_variable_p":0.4,"data_set_value_component_model_parameters_variable_n":0.2,"data_set_value_component_model_parameters_variable_t36":1.5}]