[{"data_set_value_component_environment_variable_time":0.0,"data_set_value_component_V_variable_V":-50.0,"data_set_value_component_V_variable_C":20.0,"data_set_value_component_V_variable_i_app":540.0,"data_set_value_component_i_L_variable_i_L":0.0,"data_set_value_component_i_L_variable_g_L":2.0,"data_set_value_component_i_L_variable_E_L":-50.0,"data_set_value_component_i_Ca_variable_i_Ca":-60.0,"data_set_value_component_i_Ca_variable_E_Ca":100.0,"data_set_value_component_i_Ca_variable_g_Ca":4.0,"data_set_value_component_i_Ca_m_gate_variable_m":0.1,"data_set_value_component_i_Ca_m_gate_variable_m_infinity":0.0012710163,"data_set_value_component_i_Ca_m_gate_variable_lambda_m":2.7416828267,"data_set_value_component_i_Ca_m_gate_variable_lambda_m_bar":1.0,"data_set_value_component_i_Ca_m_gate_variable_V1":0.0,"data_set_value_component_i_Ca_m_gate_variable_V2":15.0,"data_set_value_component_i_K_variable_i_K":16.0,"data_set_value_component_i_K_variable_E_K":-70.0,"data_set_value_component_i_K_variable_g_K":8.0,"data_set_value_component_i_K_n_gate_variable_n":0.1,"data_set_value_component_i_K_n_gate_variable_n_infinity":0.0000061442,"data_set_value_component_i_K_n_gate_variable_lambda_n":1.0067661996,"data_set_value_component_i_K_n_gate_variable_lambda_n_bar":0.1,"data_set_value_component_i_K_n_gate_variable_V3":10.0,"data_set_value_component_i_K_n_gate_variable_V4":10.0},{"data_set_value_component_environment_variable_time":0.1,"data_set_value_component_V_variable_V":-47.1346304232,"data_set_value_component_V_variable_C":20.0,"data_set_value_component_V_variable_i_app":540.0,"data_set_value_component_i_L_variable_i_L":5.7307391536,"data_set_value_component_i_L_variable_g_L":2.0,"data_set_value_component_i_L_variable_E_L":-50.0,"data_set_value_component_i_Ca_variable_i_Ca":-45.4860479002,"data_set_value_component_i_Ca_variable_E_Ca":100.0,"data_set_value_component_i_Ca_variable_g_Ca":4.0,"data_set_value_component_i_Ca_m_gate_variable_m":0.0772864413,"data_set_value_component_i_Ca_m_gate_variable_m_infinity":0.0018612994,"data_set_value_component_i_Ca_m_gate_variable_lambda_m":2.510002552,"data_set_value_component_i_Ca_m_gate_variable_lambda_m_bar":1.0,"data_set_value_component_i_Ca_m_gate_variable_V1":0.0,"data_set_value_component_i_Ca_m_gate_variable_V2":15.0,"data_set_value_component_i_K_variable_i_K":16.6547573793,"data_set_value_component_i_K_variable_E_K":-70.0,"data_set_value_component_i_K_variable_g_K":8.0,"data_set_value_component_i_K_n_gate_variable_n":0.0910479345,"data_set_value_component_i_K_n_gate_variable_n_infinity":0.0000108979,"data_set_value_component_i_K_n_gate_variable_lambda_n":0.8731001861,"data_set_value_component_i_K_n_gate_variable_lambda_n_bar":0.1,"data_set_value_component_i_K_n_gate_variable_V3":10.0,"data_set_value_component_i_K_n_gate_variable_V4":10.0},{"data_set_value_component_environment_variable_time":0.2,"data_set_value_component_V_variable_V":-44.3612704073,"data_set_value_component_V_variable_C":20.0,"data_set_value_component_V_variable_i_app":540.0,"data_set_value_component_i_L_variable_i_L":11.2774591854,"data_set_value_component_i_L_variable_g_L":2.0,"data_set_value_component_i_L_variable_E_L":-50.0,"data_set_value_component_i_Ca_variable_i_Ca":-35.3630568824,"data_set_value_component_i_Ca_variable_E_Ca":100.0,"data_set_value_component_i_Ca_variable_g_Ca":4.0,"data_set_value_component_i_Ca_m_gate_variable_m":0.0612405543,"data_set_value_component_i_Ca_m_gate_variable_m_infinity":0.0026918367,"data_set_value_component_i_Ca_m_gate_variable_lambda_m":2.3076049311,"data_set_value_component_i_Ca_m_gate_variable_lambda_m_bar":1.0,"data_set_value_component_i_Ca_m_gate_variable_V1":0.0,"data_set_value_component_i_Ca_m_gate_variable_V2":15.0,"data_set_value_component_i_K_variable_i_K":17.2127813199,"data_set_value_component_i_K_variable_E_K":-70.0,"data_set_value_component_i_K_variable_g_K":8.0,"data_set_value_component_i_K_n_gate_variable_n":0.0839198236,"data_set_value_component_i_K_n_gate_variable_n_infinity":0.0000189772,"data_set_value_component_i_K_n_gate_variable_lambda_n":0.7608478374,"data_set_value_component_i_K_n_gate_variable_lambda_n_bar":0.1,"data_set_value_component_i_K_n_gate_variable_V3":10.0,"data_set_value_component_i_K_n_gate_variable_V4":10.0},{"data_set_value_component_environment_variable_time":0.3,"data_set_value_component_V_variable_V":-41.6607332037,"data_set_value_component_V_variable_C":20.0,"data_set_value_component_V_variable_i_app":540.0,"data_set_value_component_i_L_variable_i_L":16.6785335926,"data_set_value_component_i_L_variable_g_L":2.0,"data_set_value_component_i_L_variable_E_L":-50.0,"data_set_value_component_i_Ca_variable_i_Ca":-28.169101233,"data_set_value_component_i_Ca_variable_E_Ca":100.0,"data_set_value_component_i_Ca_variable_g_Ca":4.0,"data_set_value_component_i_Ca_m_gate_variable_m":0.0497122608,"data_set_value_component_i_Ca_m_gate_variable_m_infinity":0.0038540685,"data_set_value_component_i_Ca_m_gate_variable_lambda_m":2.1295000059,"data_set_value_component_i_Ca_m_gate_variable_lambda_m_bar":1.0,"data_set_value_component_i_Ca_m_gate_variable_V1":0.0,"data_set_value_component_i_Ca_m_gate_variable_V2":15.0,"data_set_value_component_i_K_variable_i_K":17.7187394785,"data_set_value_component_i_K_variable_E_K":-70.0,"data_set_value_component_i_K_variable_g_K":8.0,"data_set_value_component_i_K_n_gate_variable_n":0.0781545426,"data_set_value_component_i_K_n_gate_variable_n_infinity":0.000032568,"data_set_value_component_i_K_n_gate_variable_lambda_n":0.6656409273,"data_set_value_component_i_K_n_gate_variable_lambda_n_bar":0.1,"data_set_value_component_i_K_n_gate_variable_V3":10.0,"data_set_value_component_i_K_n_gate_variable_V4":10.0},{"data_set_value_component_environment_variable_time":0.4,"data_set_value_component_V_variable_V":-39.0199566838,"data_set_value_component_V_variable_C":20.0,"data_set_value_component_V_variable_i_app":540.0,"data_set_value_component_i_L_variable_i_L":21.9600866324,"data_set_value_component_i_L_variable_g_L":2.0,"data_set_value_component_i_L_variable_E_L":-50.0,"data_set_value_component_i_Ca_variable_i_Ca":-22.9994111385,"data_set_value_component_i_Ca_variable_E_Ca":100.0,"data_set_value_component_i_Ca_variable_g_Ca":4.0,"data_set_value_component_i_Ca_m_gate_variable_m":0.0413599092,"data_set_value_component_i_Ca_m_gate_variable_m_infinity":0.0054717996,"data_set_value_component_i_Ca_m_gate_variable_lambda_m":1.9720444692,"data_set_value_component_i_Ca_m_gate_variable_lambda_m_bar":1.0,"data_set_value_component_i_Ca_m_gate_variable_V1":0.0,"data_set_value_component_i_Ca_m_gate_variable_V2":15.0,"data_set_value_component_i_K_variable_i_K":18.1988683252,"data_set_value_component_i_K_variable_E_K":-70.0,"data_set_value_component_i_K_variable_g_K":8.0,"data_set_value_component_i_K_n_gate_variable_n":0.073429805,"data_set_value_component_i_K_n_gate_variable_n_infinity":0.0000552277,"data_set_value_component_i_K_n_gate_variable_lambda_n":0.5843061631,"data_set_value_component_i_K_n_gate_variable_lambda_n_bar":0.1,"data_set_value_component_i_K_n_gate_variable_V3":10.0,"data_set_value_component_i_K_n_gate_variable_V4":10.0},{"data_set_value_component_environment_variable_time":0.5,"data_set_value_component_V_variable_V":-36.4297294906,"data_set_value_component_V_variable_C":20.0,"data_set_value_component_V_variable_i_app":540.0,"data_set_value_component_i_L_variable_i_L":27.1405410189,"data_set_value_component_i_L_variable_g_L":2.0,"data_set_value_component_i_L_variable_E_L":-50.0,"data_set_value_component_i_Ca_variable_i_Ca":-19.2826321535,"data_set_value_component_i_Ca_variable_E_Ca":100.0,"data_set_value_component_i_Ca_variable_g_Ca":4.0,"data_set_value_component_i_Ca_m_gate_variable_m":0.0353343663,"data_set_value_component_i_Ca_m_gate_variable_m_infinity":0.0077115299,"data_set_value_component_i_Ca_m_gate_variable_lambda_m":1.8324640725,"data_set_value_component_i_Ca_m_gate_variable_lambda_m_bar":1.0,"data_set_value_component_i_Ca_m_gate_variable_V1":0.0,"data_set_value_component_i_Ca_m_gate_variable_V2":15.0,"data_set_value_component_i_K_variable_i_K":18.6689506927,"data_set_value_component_i_K_variable_E_K":-70.0,"data_set_value_component_i_K_variable_g_K":8.0,"data_set_value_component_i_K_n_gate_variable_n":0.0695144484,"data_set_value_component_i_K_n_gate_variable_n_infinity":0.0000927096,"data_set_value_component_i_K_n_gate_variable_lambda_n":0.5144469524,"data_set_value_component_i_K_n_gate_variable_lambda_n_bar":0.1,"data_set_value_component_i_K_n_gate_variable_V3":10.0,"data_set_value_component_i_K_n_gate_variable_V4":10.0},{"data_set_value_component_environment_variable_time":0.6,"data_set_value_component_V_variable_V":-33.8832726429,"data_set_value_component_V_variable_C":20.0,"data_set_value_component_V_variable_i_app":540.0,"data_set_value_component_i_L_variable_i_L":32.2334547142,"data_set_value_component_i_L_variable_g_L":2.0,"data_set_value_component_i_L_variable_E_L":-50.0,"data_set_value_component_i_Ca_variable_i_Ca":-16.6530785582,"data_set_value_component_i_Ca_variable_E_Ca":100.0,"data_set_value_component_i_Ca_variable_g_Ca":4.0,"data_set_value_component_i_Ca_m_gate_variable_m":0.0310962644,"data_set_value_component_i_Ca_m_gate_variable_m_infinity":0.0107955216,"data_set_value_component_i_Ca_m_gate_variable_lambda_m":1.7085721663,"data_set_value_component_i_Ca_m_gate_variable_lambda_m_bar":1.0,"data_set_value_component_i_Ca_m_gate_variable_V1":0.0,"data_set_value_component_i_Ca_m_gate_variable_V2":15.0,"data_set_value_component_i_K_variable_i_K":19.138536484,"data_set_value_component_i_K_variable_E_K":-70.0,"data_set_value_component_i_K_variable_g_K":8.0,"data_set_value_component_i_K_n_gate_variable_n":0.0662384783,"data_set_value_component_i_K_n_gate_variable_n_infinity":0.0001542696,"data_set_value_component_i_K_n_gate_variable_lambda_n":0.4541972675,"data_set_value_component_i_K_n_gate_variable_lambda_n_bar":0.1,"data_set_value_component_i_K_n_gate_variable_V3":10.0,"data_set_value_component_i_K_n_gate_variable_V4":10.0},{"data_set_value_component_environment_variable_time":0.7,"data_set_value_component_V_variable_V":-31.3753764051,"data_set_value_component_V_variable_C":20.0,"data_set_value_component_V_variable_i_app":540.0,"data_set_value_component_i_L_variable_i_L":37.2492471898,"data_set_value_component_i_L_variable_g_L":2.0,"data_set_value_component_i_L_variable_E_L":-50.0,"data_set_value_component_i_Ca_variable_i_Ca":-14.8791615598,"data_set_value_component_i_Ca_variable_E_Ca":100.0,"data_set_value_component_i_Ca_variable_g_Ca":4.0,"data_set_value_component_i_Ca_m_gate_variable_m":0.028314213,"data_set_value_component_i_Ca_m_gate_variable_m_infinity":0.0150178575,"data_set_value_component_i_Ca_m_gate_variable_lambda_m":1.5985995858,"data_set_value_component_i_Ca_m_gate_variable_lambda_m_bar":1.0,"data_set_value_component_i_Ca_m_gate_variable_V1":0.0,"data_set_value_component_i_Ca_m_gate_variable_V2":15.0,"data_set_value_component_i_K_variable_i_K":19.6134998021,"data_set_value_component_i_K_variable_E_K":-70.0,"data_set_value_component_i_K_variable_g_K":8.0,"data_set_value_component_i_K_n_gate_variable_n":0.063474728,"data_set_value_component_i_K_n_gate_variable_n_infinity":0.000254724,"data_set_value_component_i_K_n_gate_variable_lambda_n":0.4020706737,"data_set_value_component_i_K_n_gate_variable_lambda_n_bar":0.1,"data_set_value_component_i_K_n_gate_variable_V3":10.0,"data_set_value_component_i_K_n_gate_variable_V4":10.0},{"data_set_value_component_environment_variable_time":0.8,"data_set_value_component_V_variable_V":-28.9018196106,"data_set_value_component_V_variable_C":20.0,"data_set_value_component_V_variable_i_app":540.0,"data_set_value_component_i_L_variable_i_L":42.1963607787,"data_set_value_component_i_L_variable_g_L":2.0,"data_set_value_component_i_L_variable_E_L":-50.0,"data_set_value_component_i_Ca_variable_i_Ca":-13.8203085611,"data_set_value_component_i_Ca_variable_E_Ca":100.0,"data_set_value_component_i_Ca_variable_g_Ca":4.0,"data_set_value_component_i_Ca_m_gate_variable_m":0.0268039439,"data_set_value_component_i_Ca_m_gate_variable_m_infinity":0.0207635122,"data_set_value_component_i_Ca_m_gate_variable_lambda_m":1.501085576,"data_set_value_component_i_Ca_m_gate_variable_lambda_m_bar":1.0,"data_set_value_component_i_Ca_m_gate_variable_V1":0.0,"data_set_value_component_i_Ca_m_gate_variable_V2":15.0,"data_set_value_component_i_K_variable_i_K":20.0975585915,"data_set_value_component_i_K_variable_E_K":-70.0,"data_set_value_component_i_K_variable_g_K":8.0,"data_set_value_component_i_K_n_gate_variable_n":0.0611266679,"data_set_value_component_i_K_n_gate_variable_n_infinity":0.0004176855,"data_set_value_component_i_K_n_gate_variable_lambda_n":0.3568621192,"data_set_value_component_i_K_n_gate_variable_lambda_n_bar":0.1,"data_set_value_component_i_K_n_gate_variable_V3":10.0,"data_set_value_component_i_K_n_gate_variable_V4":10.0},{"data_set_value_component_environment_variable_time":0.9,"data_set_value_component_V_variable_V":-26.4589660756,"data_set_value_component_V_variable_C":20.0,"data_set_value_component_V_variable_i_app":540.0,"data_set_value_component_i_L_variable_i_L":47.0820678487,"data_set_value_component_i_L_variable_g_L":2.0,"data_set_value_component_i_L_variable_E_L":-50.0,"data_set_value_component_i_Ca_variable_i_Ca":-13.4010792824,"data_set_value_component_i_Ca_variable_E_Ca":100.0,"data_set_value_component_i_Ca_variable_g_Ca":4.0,"data_set_value_component_i_Ca_m_gate_variable_m":0.0264929402,"data_set_value_component_i_Ca_m_gate_variable_m_infinity":0.0285297805,"data_set_value_component_i_Ca_m_gate_variable_lambda_m":1.414805759,"data_set_value_component_i_Ca_m_gate_variable_lambda_m_bar":1.0,"data_set_value_component_i_Ca_m_gate_variable_V1":0.0,"data_set_value_component_i_Ca_m_gate_variable_V2":15.0,"data_set_value_component_i_K_variable_i_K":20.5932380344,"data_set_value_component_i_K_variable_E_K":-70.0,"data_set_value_component_i_K_variable_g_K":8.0,"data_set_value_component_i_K_n_gate_variable_n":0.0591202028,"data_set_value_component_i_K_n_gate_variable_n_infinity":0.000680642,"data_set_value_component_i_K_n_gate_variable_lambda_n":0.3175815284,"data_set_value_component_i_K_n_gate_variable_lambda_n_bar":0.1,"data_set_value_component_i_K_n_gate_variable_V3":10.0,"data_set_value_component_i_K_n_gate_variable_V4":10.0},{"data_set_value_component_environment_variable_time":1.0,"data_set_value_component_V_variable_V":-24.0434726394,"data_set_value_component_V_variable_C":20.0,"data_set_value_component_V_variable_i_app":540.0,"data_set_value_component_i_L_variable_i_L":51.9130547212,"data_set_value_component_i_L_variable_g_L":2.0,"data_set_value_component_i_L_variable_E_L":-50.0,"data_set_value_component_i_Ca_variable_i_Ca":-13.5958248295,"data_set_value_component_i_Ca_variable_E_Ca":100.0,"data_set_value_component_i_Ca_variable_g_Ca":4.0,"data_set_value_component_i_Ca_m_gate_variable_m":0.0274013306,"data_set_value_component_i_Ca_m_gate_variable_m_infinity":0.0389481775,"data_set_value_component_i_Ca_m_gate_variable_lambda_m":1.3387232947,"data_set_value_component_i_Ca_m_gate_variable_lambda_m_bar":1.0,"data_set_value_component_i_Ca_m_gate_variable_V1":0.0,"data_set_value_component_i_Ca_m_gate_variable_V2":15.0,"data_set_value_component_i_K_variable_i_K":21.1025622524,"data_set_value_component_i_K_variable_E_K":-70.0,"data_set_value_component_i_K_variable_g_K":8.0,"data_set_value_component_i_K_n_gate_variable_n":0.0573981637,"data_set_value_component_i_K_n_gate_variable_n_infinity":0.0011029156,"data_set_value_component_i_K_n_gate_variable_lambda_n":0.2834072774,"data_set_value_component_i_K_n_gate_variable_lambda_n_bar":0.1,"data_set_value_component_i_K_n_gate_variable_V3":10.0,"data_set_value_component_i_K_n_gate_variable_V4":10.0}]