[{"file": "simulation_1.sedml"}, {"file": "wodarz_2007a.ai"}, {"file": "report.csv"}, {"file": "simulation_0.sedml"}, {"file": "wodarz_sierro_klenerman_2007_a.cellml"}, {"file": "simulation_2.sedml"}, {"file": "wodarz_sierro_klenerman_2007_c.cellml"}, {"file": "wodarz_2007b.png"}, {"file": "wodarz_2007c.png"}, {"file": "wodarz_2007a.png"}, {"file": "wodarz_2007a.xul"}, {"file": "wodarz_2007b.xul"}, {"file": "wodarz_2007c.xul"}, {"file": "wodarz_2007c.ai"}, {"file": "wodarz_2007a.svg"}, {"file": "wodarz_2007c.svg"}, {"file": "wodarz_sierro_klenerman_2007_b.cellml"}, {"file": "wodarz_2007b.svg"}, {"file": "wodarz_2007b.ai"}]