[{"data_set_value_component_environment_variable_time":0.0,"data_set_value_component_parameters_variable_n":2.0,"data_set_value_component_parameters_variable_alpha_0":0.2164042561,"data_set_value_component_parameters_variable_alpha":216.1878518772,"data_set_value_component_parameters_variable_beta":0.2,"data_set_value_component_parameters_variable_K_m":40.0,"data_set_value_component_parameters_variable_efficiency":20.0,"data_set_value_component_parameters_variable_mRNA_halflife":2.0,"data_set_value_component_parameters_variable_t_ave":2.8853900818,"data_set_value_component_parameters_variable_kd_prot":0.0693147181,"data_set_value_component_parameters_variable_kd_mRNA":0.3465735903,"data_set_value_component_parameters_variable_prot_halflife":10.0,"data_set_value_component_parameters_variable_tps_repr":0.0005,"data_set_value_component_parameters_variable_tps_active":0.5,"data_set_value_component_parameters_variable_k_tl":6.9314718056,"data_set_value_component_parameters_variable_a_tr":29.97,"data_set_value_component_parameters_variable_a0_tr":0.03,"data_set_value_component_M_lacl_variable_M_lacl":0.0,"data_set_value_component_M_tetR_variable_M_tetR":20.0,"data_set_value_component_M_cl_variable_M_cl":0.0,"data_set_value_component_P_lacl_variable_P_lacl":0.0,"data_set_value_component_P_tetR_variable_P_tetR":0.0,"data_set_value_component_P_cl_variable_P_cl":0.0},{"data_set_value_component_environment_variable_time":0.1,"data_set_value_component_parameters_variable_n":2.0,"data_set_value_component_parameters_variable_alpha_0":0.2164042561,"data_set_value_component_parameters_variable_alpha":216.1878518772,"data_set_value_component_parameters_variable_beta":0.2,"data_set_value_component_parameters_variable_K_m":40.0,"data_set_value_component_parameters_variable_efficiency":20.0,"data_set_value_component_parameters_variable_mRNA_halflife":2.0,"data_set_value_component_parameters_variable_t_ave":2.8853900818,"data_set_value_component_parameters_variable_kd_prot":0.0693147181,"data_set_value_component_parameters_variable_kd_mRNA":0.3465735903,"data_set_value_component_parameters_variable_prot_halflife":10.0,"data_set_value_component_parameters_variable_tps_repr":0.0005,"data_set_value_component_parameters_variable_tps_active":0.5,"data_set_value_component_parameters_variable_k_tl":6.9314718056,"data_set_value_component_parameters_variable_a_tr":29.97,"data_set_value_component_parameters_variable_a0_tr":0.03,"data_set_value_component_M_lacl_variable_M_lacl":2.9482273899,"data_set_value_component_M_tetR_variable_M_tetR":22.2669425898,"data_set_value_component_M_cl_variable_M_cl":2.8292284896,"data_set_value_component_P_lacl_variable_P_lacl":1.0253907407,"data_set_value_component_P_tetR_variable_P_tetR":14.6034729927,"data_set_value_component_P_cl_variable_P_cl":1.0045397532},{"data_set_value_component_environment_variable_time":0.2,"data_set_value_component_parameters_variable_n":2.0,"data_set_value_component_parameters_variable_alpha_0":0.2164042561,"data_set_value_component_parameters_variable_alpha":216.1878518772,"data_set_value_component_parameters_variable_beta":0.2,"data_set_value_component_parameters_variable_K_m":40.0,"data_set_value_component_parameters_variable_efficiency":20.0,"data_set_value_component_parameters_variable_mRNA_halflife":2.0,"data_set_value_component_parameters_variable_t_ave":2.8853900818,"data_set_value_component_parameters_variable_kd_prot":0.0693147181,"data_set_value_component_parameters_variable_kd_mRNA":0.3465735903,"data_set_value_component_parameters_variable_prot_halflife":10.0,"data_set_value_component_parameters_variable_tps_repr":0.0005,"data_set_value_component_parameters_variable_tps_active":0.5,"data_set_value_component_parameters_variable_k_tl":6.9314718056,"data_set_value_component_parameters_variable_a_tr":29.97,"data_set_value_component_parameters_variable_a0_tr":0.03,"data_set_value_component_M_lacl_variable_M_lacl":5.7859105606,"data_set_value_component_M_tetR_variable_M_tetR":24.4452824918,"data_set_value_component_M_cl_variable_M_cl":4.9697832908,"data_set_value_component_P_lacl_variable_P_lacl":4.0430078832,"data_set_value_component_P_tetR_variable_P_tetR":30.6426336862,"data_set_value_component_P_cl_variable_P_cl":3.7403804591},{"data_set_value_component_environment_variable_time":0.3,"data_set_value_component_parameters_variable_n":2.0,"data_set_value_component_parameters_variable_alpha_0":0.2164042561,"data_set_value_component_parameters_variable_alpha":216.1878518772,"data_set_value_component_parameters_variable_beta":0.2,"data_set_value_component_parameters_variable_K_m":40.0,"data_set_value_component_parameters_variable_efficiency":20.0,"data_set_value_component_parameters_variable_mRNA_halflife":2.0,"data_set_value_component_parameters_variable_t_ave":2.8853900818,"data_set_value_component_parameters_variable_kd_prot":0.0693147181,"data_set_value_component_parameters_variable_kd_mRNA":0.3465735903,"data_set_value_component_parameters_variable_prot_halflife":10.0,"data_set_value_component_parameters_variable_tps_repr":0.0005,"data_set_value_component_parameters_variable_tps_active":0.5,"data_set_value_component_parameters_variable_k_tl":6.9314718056,"data_set_value_component_parameters_variable_a_tr":29.97,"data_set_value_component_parameters_variable_a0_tr":0.03,"data_set_value_component_M_lacl_variable_M_lacl":8.4780604494,"data_set_value_component_M_tetR_variable_M_tetR":26.4854105767,"data_set_value_component_M_cl_variable_M_cl":6.3144398789,"data_set_value_component_P_lacl_variable_P_lacl":8.9525316172,"data_set_value_component_P_tetR_variable_P_tetR":48.0324808322,"data_set_value_component_P_cl_variable_P_cl":7.6532001646},{"data_set_value_component_environment_variable_time":0.4,"data_set_value_component_parameters_variable_n":2.0,"data_set_value_component_parameters_variable_alpha_0":0.2164042561,"data_set_value_component_parameters_variable_alpha":216.1878518772,"data_set_value_component_parameters_variable_beta":0.2,"data_set_value_component_parameters_variable_K_m":40.0,"data_set_value_component_parameters_variable_efficiency":20.0,"data_set_value_component_parameters_variable_mRNA_halflife":2.0,"data_set_value_component_parameters_variable_t_ave":2.8853900818,"data_set_value_component_parameters_variable_kd_prot":0.0693147181,"data_set_value_component_parameters_variable_kd_mRNA":0.3465735903,"data_set_value_component_parameters_variable_prot_halflife":10.0,"data_set_value_component_parameters_variable_tps_repr":0.0005,"data_set_value_component_parameters_variable_tps_active":0.5,"data_set_value_component_parameters_variable_k_tl":6.9314718056,"data_set_value_component_parameters_variable_a_tr":29.97,"data_set_value_component_parameters_variable_a0_tr":0.03,"data_set_value_component_M_lacl_variable_M_lacl":10.9648337477,"data_set_value_component_M_tetR_variable_M_tetR":28.2786438347,"data_set_value_component_M_cl_variable_M_cl":7.0772139443,"data_set_value_component_P_lacl_variable_P_lacl":15.6204594623,"data_set_value_component_P_tetR_variable_P_tetR":66.6337422398,"data_set_value_component_P_cl_variable_P_cl":12.2521731021},{"data_set_value_component_environment_variable_time":0.5,"data_set_value_component_parameters_variable_n":2.0,"data_set_value_component_parameters_variable_alpha_0":0.2164042561,"data_set_value_component_parameters_variable_alpha":216.1878518772,"data_set_value_component_parameters_variable_beta":0.2,"data_set_value_component_parameters_variable_K_m":40.0,"data_set_value_component_parameters_variable_efficiency":20.0,"data_set_value_component_parameters_variable_mRNA_halflife":2.0,"data_set_value_component_parameters_variable_t_ave":2.8853900818,"data_set_value_component_parameters_variable_kd_prot":0.0693147181,"data_set_value_component_parameters_variable_kd_mRNA":0.3465735903,"data_set_value_component_parameters_variable_prot_halflife":10.0,"data_set_value_component_parameters_variable_tps_repr":0.0005,"data_set_value_component_parameters_variable_tps_active":0.5,"data_set_value_component_parameters_variable_k_tl":6.9314718056,"data_set_value_component_parameters_variable_a_tr":29.97,"data_set_value_component_parameters_variable_a0_tr":0.03,"data_set_value_component_M_lacl_variable_M_lacl":13.1868379592,"data_set_value_component_M_tetR_variable_M_tetR":29.6899725853,"data_set_value_component_M_cl_variable_M_cl":7.4785075778,"data_set_value_component_P_lacl_variable_P_lacl":23.8714504157,"data_set_value_component_P_tetR_variable_P_tetR":86.220340868,"data_set_value_component_P_cl_variable_P_cl":17.2107609314},{"data_set_value_component_environment_variable_time":0.6,"data_set_value_component_parameters_variable_n":2.0,"data_set_value_component_parameters_variable_alpha_0":0.2164042561,"data_set_value_component_parameters_variable_alpha":216.1878518772,"data_set_value_component_parameters_variable_beta":0.2,"data_set_value_component_parameters_variable_K_m":40.0,"data_set_value_component_parameters_variable_efficiency":20.0,"data_set_value_component_parameters_variable_mRNA_halflife":2.0,"data_set_value_component_parameters_variable_t_ave":2.8853900818,"data_set_value_component_parameters_variable_kd_prot":0.0693147181,"data_set_value_component_parameters_variable_kd_mRNA":0.3465735903,"data_set_value_component_parameters_variable_prot_halflife":10.0,"data_set_value_component_parameters_variable_tps_repr":0.0005,"data_set_value_component_parameters_variable_tps_active":0.5,"data_set_value_component_parameters_variable_k_tl":6.9314718056,"data_set_value_component_parameters_variable_a_tr":29.97,"data_set_value_component_parameters_variable_a0_tr":0.03,"data_set_value_component_M_lacl_variable_M_lacl":15.1070106532,"data_set_value_component_M_tetR_variable_M_tetR":30.6326115309,"data_set_value_component_M_cl_variable_M_cl":7.6629189391,"data_set_value_component_P_lacl_variable_P_lacl":33.4972197334,"data_set_value_component_P_tetR_variable_P_tetR":106.4868566425,"data_set_value_component_P_cl_variable_P_cl":22.3309715529},{"data_set_value_component_environment_variable_time":0.7,"data_set_value_component_parameters_variable_n":2.0,"data_set_value_component_parameters_variable_alpha_0":0.2164042561,"data_set_value_component_parameters_variable_alpha":216.1878518772,"data_set_value_component_parameters_variable_beta":0.2,"data_set_value_component_parameters_variable_K_m":40.0,"data_set_value_component_parameters_variable_efficiency":20.0,"data_set_value_component_parameters_variable_mRNA_halflife":2.0,"data_set_value_component_parameters_variable_t_ave":2.8853900818,"data_set_value_component_parameters_variable_kd_prot":0.0693147181,"data_set_value_component_parameters_variable_kd_mRNA":0.3465735903,"data_set_value_component_parameters_variable_prot_halflife":10.0,"data_set_value_component_parameters_variable_tps_repr":0.0005,"data_set_value_component_parameters_variable_tps_active":0.5,"data_set_value_component_parameters_variable_k_tl":6.9314718056,"data_set_value_component_parameters_variable_a_tr":29.97,"data_set_value_component_parameters_variable_a0_tr":0.03,"data_set_value_component_M_lacl_variable_M_lacl":16.7172913358,"data_set_value_component_M_tetR_variable_M_tetR":31.1130360243,"data_set_value_component_M_cl_variable_M_cl":7.7157318629,"data_set_value_component_P_lacl_variable_P_lacl":44.275396445,"data_set_value_component_P_tetR_variable_P_tetR":127.1017762078,"data_set_value_component_P_cl_variable_P_cl":27.4940139649},{"data_set_value_component_environment_variable_time":0.8,"data_set_value_component_parameters_variable_n":2.0,"data_set_value_component_parameters_variable_alpha_0":0.2164042561,"data_set_value_component_parameters_variable_alpha":216.1878518772,"data_set_value_component_parameters_variable_beta":0.2,"data_set_value_component_parameters_variable_K_m":40.0,"data_set_value_component_parameters_variable_efficiency":20.0,"data_set_value_component_parameters_variable_mRNA_halflife":2.0,"data_set_value_component_parameters_variable_t_ave":2.8853900818,"data_set_value_component_parameters_variable_kd_prot":0.0693147181,"data_set_value_component_parameters_variable_kd_mRNA":0.3465735903,"data_set_value_component_parameters_variable_prot_halflife":10.0,"data_set_value_component_parameters_variable_tps_repr":0.0005,"data_set_value_component_parameters_variable_tps_active":0.5,"data_set_value_component_parameters_variable_k_tl":6.9314718056,"data_set_value_component_parameters_variable_a_tr":29.97,"data_set_value_component_parameters_variable_a0_tr":0.03,"data_set_value_component_M_lacl_variable_M_lacl":18.0331140668,"data_set_value_component_M_tetR_variable_M_tetR":31.2075914263,"data_set_value_component_M_cl_variable_M_cl":7.6867629614,"data_set_value_component_P_lacl_variable_P_lacl":55.9882199032,"data_set_value_component_P_tetR_variable_P_tetR":147.7672641424,"data_set_value_component_P_cl_variable_P_cl":32.62742612},{"data_set_value_component_environment_variable_time":0.9,"data_set_value_component_parameters_variable_n":2.0,"data_set_value_component_parameters_variable_alpha_0":0.2164042561,"data_set_value_component_parameters_variable_alpha":216.1878518772,"data_set_value_component_parameters_variable_beta":0.2,"data_set_value_component_parameters_variable_K_m":40.0,"data_set_value_component_parameters_variable_efficiency":20.0,"data_set_value_component_parameters_variable_mRNA_halflife":2.0,"data_set_value_component_parameters_variable_t_ave":2.8853900818,"data_set_value_component_parameters_variable_kd_prot":0.0693147181,"data_set_value_component_parameters_variable_kd_mRNA":0.3465735903,"data_set_value_component_parameters_variable_prot_halflife":10.0,"data_set_value_component_parameters_variable_tps_repr":0.0005,"data_set_value_component_parameters_variable_tps_active":0.5,"data_set_value_component_parameters_variable_k_tl":6.9314718056,"data_set_value_component_parameters_variable_a_tr":29.97,"data_set_value_component_parameters_variable_a0_tr":0.03,"data_set_value_component_M_lacl_variable_M_lacl":19.0836708018,"data_set_value_component_M_tetR_variable_M_tetR":31.0131428576,"data_set_value_component_M_cl_variable_M_cl":7.6057481056,"data_set_value_component_P_lacl_variable_P_lacl":68.4354141258,"data_set_value_component_P_tetR_variable_P_tetR":168.2499423331,"data_set_value_component_P_cl_variable_P_cl":37.6860546378},{"data_set_value_component_environment_variable_time":1.0,"data_set_value_component_parameters_variable_n":2.0,"data_set_value_component_parameters_variable_alpha_0":0.2164042561,"data_set_value_component_parameters_variable_alpha":216.1878518772,"data_set_value_component_parameters_variable_beta":0.2,"data_set_value_component_parameters_variable_K_m":40.0,"data_set_value_component_parameters_variable_efficiency":20.0,"data_set_value_component_parameters_variable_mRNA_halflife":2.0,"data_set_value_component_parameters_variable_t_ave":2.8853900818,"data_set_value_component_parameters_variable_kd_prot":0.0693147181,"data_set_value_component_parameters_variable_kd_mRNA":0.3465735903,"data_set_value_component_parameters_variable_prot_halflife":10.0,"data_set_value_component_parameters_variable_tps_repr":0.0005,"data_set_value_component_parameters_variable_tps_active":0.5,"data_set_value_component_parameters_variable_k_tl":6.9314718056,"data_set_value_component_parameters_variable_a_tr":29.97,"data_set_value_component_parameters_variable_a0_tr":0.03,"data_set_value_component_M_lacl_variable_M_lacl":19.9034440325,"data_set_value_component_M_tetR_variable_M_tetR":30.6155732616,"data_set_value_component_M_cl_variable_M_cl":7.4910020622,"data_set_value_component_P_lacl_variable_P_lacl":81.4404815116,"data_set_value_component_P_tetR_variable_P_tetR":188.3822153069,"data_set_value_component_P_cl_variable_P_cl":42.6412892609}]