[{"data_set_value_component_environment_variable_time":0.0,"data_set_value_component_F16BP_variable_F16BP":0.0,"data_set_value_component_G3P_variable_G3P":24.0,"data_set_value_component_DHAP_variable_DHAP":0.59,"data_set_value_component_ATP_variable_ATP":2.37,"data_set_value_component_ADP_variable_ADP":2.17,"data_set_value_component_NADH_variable_NADH":1.87,"data_set_value_component_NAD_variable_NAD":1.45,"data_set_value_component_Pi_variable_Pi_":2.17,"data_set_value_component_V_Gpd_p_variable_V_Gpd_p":0.3227211021,"data_set_value_component_V_Gpd_p_variable_K_F16BP":4.8,"data_set_value_component_V_Gpd_p_variable_K_ATP":0.73,"data_set_value_component_V_Gpd_p_variable_K_ADP":2.0,"data_set_value_component_V_Gpd_p_variable_K_NAD":0.93,"data_set_value_component_V_Gpd_p_variable_K_NADH":0.023,"data_set_value_component_V_Gpd_p_variable_K_G3P":1.2,"data_set_value_component_V_Gpd_p_variable_K_DHAP":0.54,"data_set_value_component_V_Gpd_p_variable_K_eq":10000.0,"data_set_value_component_V_Gpd_p_variable_Vf":36.0,"data_set_value_component_V_Gpp_p_variable_V_Gpp_p":4.9555491827,"data_set_value_component_V_Gpp_p_variable_K_G3P":3.5,"data_set_value_component_V_Gpp_p_variable_K_Pi":1.0,"data_set_value_component_V_Gpp_p_variable_V":18.0},{"data_set_value_component_environment_variable_time":0.1,"data_set_value_component_F16BP_variable_F16BP":0.0,"data_set_value_component_G3P_variable_G3P":23.5376222166,"data_set_value_component_DHAP_variable_DHAP":0.59,"data_set_value_component_ATP_variable_ATP":2.37,"data_set_value_component_ADP_variable_ADP":2.17,"data_set_value_component_NADH_variable_NADH":1.87,"data_set_value_component_NAD_variable_NAD":1.45,"data_set_value_component_Pi_variable_Pi_":2.17,"data_set_value_component_V_Gpd_p_variable_V_Gpd_p":0.328469582,"data_set_value_component_V_Gpd_p_variable_K_F16BP":4.8,"data_set_value_component_V_Gpd_p_variable_K_ATP":0.73,"data_set_value_component_V_Gpd_p_variable_K_ADP":2.0,"data_set_value_component_V_Gpd_p_variable_K_NAD":0.93,"data_set_value_component_V_Gpd_p_variable_K_NADH":0.023,"data_set_value_component_V_Gpd_p_variable_K_G3P":1.2,"data_set_value_component_V_Gpd_p_variable_K_DHAP":0.54,"data_set_value_component_V_Gpd_p_variable_K_eq":10000.0,"data_set_value_component_V_Gpd_p_variable_Vf":36.0,"data_set_value_component_V_Gpp_p_variable_V_Gpp_p":4.9431903613,"data_set_value_component_V_Gpp_p_variable_K_G3P":3.5,"data_set_value_component_V_Gpp_p_variable_K_Pi":1.0,"data_set_value_component_V_Gpp_p_variable_V":18.0},{"data_set_value_component_environment_variable_time":0.2,"data_set_value_component_F16BP_variable_F16BP":0.0,"data_set_value_component_G3P_variable_G3P":23.0770800259,"data_set_value_component_DHAP_variable_DHAP":0.59,"data_set_value_component_ATP_variable_ATP":2.37,"data_set_value_component_ADP_variable_ADP":2.17,"data_set_value_component_NADH_variable_NADH":1.87,"data_set_value_component_NAD_variable_NAD":1.45,"data_set_value_component_Pi_variable_Pi_":2.17,"data_set_value_component_V_Gpd_p_variable_V_Gpd_p":0.3344017553,"data_set_value_component_V_Gpd_p_variable_K_F16BP":4.8,"data_set_value_component_V_Gpd_p_variable_K_ATP":0.73,"data_set_value_component_V_Gpd_p_variable_K_ADP":2.0,"data_set_value_component_V_Gpd_p_variable_K_NAD":0.93,"data_set_value_component_V_Gpd_p_variable_K_NADH":0.023,"data_set_value_component_V_Gpd_p_variable_K_G3P":1.2,"data_set_value_component_V_Gpd_p_variable_K_DHAP":0.54,"data_set_value_component_V_Gpd_p_variable_K_eq":10000.0,"data_set_value_component_V_Gpd_p_variable_Vf":36.0,"data_set_value_component_V_Gpp_p_variable_V_Gpp_p":4.9304531325,"data_set_value_component_V_Gpp_p_variable_K_G3P":3.5,"data_set_value_component_V_Gpp_p_variable_K_Pi":1.0,"data_set_value_component_V_Gpp_p_variable_V":18.0},{"data_set_value_component_environment_variable_time":0.3,"data_set_value_component_F16BP_variable_F16BP":0.0,"data_set_value_component_G3P_variable_G3P":22.6184328435,"data_set_value_component_DHAP_variable_DHAP":0.59,"data_set_value_component_ATP_variable_ATP":2.37,"data_set_value_component_ADP_variable_ADP":2.17,"data_set_value_component_NADH_variable_NADH":1.87,"data_set_value_component_NAD_variable_NAD":1.45,"data_set_value_component_Pi_variable_Pi_":2.17,"data_set_value_component_V_Gpd_p_variable_V_Gpd_p":0.3405256136,"data_set_value_component_V_Gpd_p_variable_K_F16BP":4.8,"data_set_value_component_V_Gpd_p_variable_K_ATP":0.73,"data_set_value_component_V_Gpd_p_variable_K_ADP":2.0,"data_set_value_component_V_Gpd_p_variable_K_NAD":0.93,"data_set_value_component_V_Gpd_p_variable_K_NADH":0.023,"data_set_value_component_V_Gpd_p_variable_K_G3P":1.2,"data_set_value_component_V_Gpd_p_variable_K_DHAP":0.54,"data_set_value_component_V_Gpd_p_variable_K_eq":10000.0,"data_set_value_component_V_Gpd_p_variable_Vf":36.0,"data_set_value_component_V_Gpp_p_variable_V_Gpp_p":4.9173218955,"data_set_value_component_V_Gpp_p_variable_K_G3P":3.5,"data_set_value_component_V_Gpp_p_variable_K_Pi":1.0,"data_set_value_component_V_Gpp_p_variable_V":18.0},{"data_set_value_component_environment_variable_time":0.4,"data_set_value_component_F16BP_variable_F16BP":0.0,"data_set_value_component_G3P_variable_G3P":22.1617416885,"data_set_value_component_DHAP_variable_DHAP":0.59,"data_set_value_component_ATP_variable_ATP":2.37,"data_set_value_component_ADP_variable_ADP":2.17,"data_set_value_component_NADH_variable_NADH":1.87,"data_set_value_component_NAD_variable_NAD":1.45,"data_set_value_component_Pi_variable_Pi_":2.17,"data_set_value_component_V_Gpd_p_variable_V_Gpd_p":0.3468495753,"data_set_value_component_V_Gpd_p_variable_K_F16BP":4.8,"data_set_value_component_V_Gpd_p_variable_K_ATP":0.73,"data_set_value_component_V_Gpd_p_variable_K_ADP":2.0,"data_set_value_component_V_Gpd_p_variable_K_NAD":0.93,"data_set_value_component_V_Gpd_p_variable_K_NADH":0.023,"data_set_value_component_V_Gpd_p_variable_K_G3P":1.2,"data_set_value_component_V_Gpd_p_variable_K_DHAP":0.54,"data_set_value_component_V_Gpd_p_variable_K_eq":10000.0,"data_set_value_component_V_Gpd_p_variable_Vf":36.0,"data_set_value_component_V_Gpp_p_variable_V_Gpp_p":4.9037802749,"data_set_value_component_V_Gpp_p_variable_K_G3P":3.5,"data_set_value_component_V_Gpp_p_variable_K_Pi":1.0,"data_set_value_component_V_Gpp_p_variable_V":18.0},{"data_set_value_component_environment_variable_time":0.5,"data_set_value_component_F16BP_variable_F16BP":0.0,"data_set_value_component_G3P_variable_G3P":21.7070690816,"data_set_value_component_DHAP_variable_DHAP":0.59,"data_set_value_component_ATP_variable_ATP":2.37,"data_set_value_component_ADP_variable_ADP":2.17,"data_set_value_component_NADH_variable_NADH":1.87,"data_set_value_component_NAD_variable_NAD":1.45,"data_set_value_component_Pi_variable_Pi_":2.17,"data_set_value_component_V_Gpd_p_variable_V_Gpd_p":0.353382513,"data_set_value_component_V_Gpd_p_variable_K_F16BP":4.8,"data_set_value_component_V_Gpd_p_variable_K_ATP":0.73,"data_set_value_component_V_Gpd_p_variable_K_ADP":2.0,"data_set_value_component_V_Gpd_p_variable_K_NAD":0.93,"data_set_value_component_V_Gpd_p_variable_K_NADH":0.023,"data_set_value_component_V_Gpd_p_variable_K_G3P":1.2,"data_set_value_component_V_Gpd_p_variable_K_DHAP":0.54,"data_set_value_component_V_Gpd_p_variable_K_eq":10000.0,"data_set_value_component_V_Gpd_p_variable_Vf":36.0,"data_set_value_component_V_Gpp_p_variable_V_Gpp_p":4.8898110729,"data_set_value_component_V_Gpp_p_variable_K_G3P":3.5,"data_set_value_component_V_Gpp_p_variable_K_Pi":1.0,"data_set_value_component_V_Gpp_p_variable_V":18.0},{"data_set_value_component_environment_variable_time":0.6,"data_set_value_component_F16BP_variable_F16BP":0.0,"data_set_value_component_G3P_variable_G3P":21.2544805642,"data_set_value_component_DHAP_variable_DHAP":0.59,"data_set_value_component_ATP_variable_ATP":2.37,"data_set_value_component_ADP_variable_ADP":2.17,"data_set_value_component_NADH_variable_NADH":1.87,"data_set_value_component_NAD_variable_NAD":1.45,"data_set_value_component_Pi_variable_Pi_":2.17,"data_set_value_component_V_Gpd_p_variable_V_Gpd_p":0.36013376,"data_set_value_component_V_Gpd_p_variable_K_F16BP":4.8,"data_set_value_component_V_Gpd_p_variable_K_ATP":0.73,"data_set_value_component_V_Gpd_p_variable_K_ADP":2.0,"data_set_value_component_V_Gpd_p_variable_K_NAD":0.93,"data_set_value_component_V_Gpd_p_variable_K_NADH":0.023,"data_set_value_component_V_Gpd_p_variable_K_G3P":1.2,"data_set_value_component_V_Gpd_p_variable_K_DHAP":0.54,"data_set_value_component_V_Gpd_p_variable_K_eq":10000.0,"data_set_value_component_V_Gpd_p_variable_Vf":36.0,"data_set_value_component_V_Gpp_p_variable_V_Gpp_p":4.875396272,"data_set_value_component_V_Gpp_p_variable_K_G3P":3.5,"data_set_value_component_V_Gpp_p_variable_K_Pi":1.0,"data_set_value_component_V_Gpp_p_variable_V":18.0},{"data_set_value_component_environment_variable_time":0.7,"data_set_value_component_F16BP_variable_F16BP":0.0,"data_set_value_component_G3P_variable_G3P":20.8040425095,"data_set_value_component_DHAP_variable_DHAP":0.59,"data_set_value_component_ATP_variable_ATP":2.37,"data_set_value_component_ADP_variable_ADP":2.17,"data_set_value_component_NADH_variable_NADH":1.87,"data_set_value_component_NAD_variable_NAD":1.45,"data_set_value_component_Pi_variable_Pi_":2.17,"data_set_value_component_V_Gpd_p_variable_V_Gpd_p":0.3671131708,"data_set_value_component_V_Gpd_p_variable_K_F16BP":4.8,"data_set_value_component_V_Gpd_p_variable_K_ATP":0.73,"data_set_value_component_V_Gpd_p_variable_K_ADP":2.0,"data_set_value_component_V_Gpd_p_variable_K_NAD":0.93,"data_set_value_component_V_Gpd_p_variable_K_NADH":0.023,"data_set_value_component_V_Gpd_p_variable_K_G3P":1.2,"data_set_value_component_V_Gpd_p_variable_K_DHAP":0.54,"data_set_value_component_V_Gpd_p_variable_K_eq":10000.0,"data_set_value_component_V_Gpd_p_variable_Vf":36.0,"data_set_value_component_V_Gpp_p_variable_V_Gpp_p":4.8605169196,"data_set_value_component_V_Gpp_p_variable_K_G3P":3.5,"data_set_value_component_V_Gpp_p_variable_K_Pi":1.0,"data_set_value_component_V_Gpp_p_variable_V":18.0},{"data_set_value_component_environment_variable_time":0.8,"data_set_value_component_F16BP_variable_F16BP":0.0,"data_set_value_component_G3P_variable_G3P":20.3558257912,"data_set_value_component_DHAP_variable_DHAP":0.59,"data_set_value_component_ATP_variable_ATP":2.37,"data_set_value_component_ADP_variable_ADP":2.17,"data_set_value_component_NADH_variable_NADH":1.87,"data_set_value_component_NAD_variable_NAD":1.45,"data_set_value_component_Pi_variable_Pi_":2.17,"data_set_value_component_V_Gpd_p_variable_V_Gpd_p":0.374331096,"data_set_value_component_V_Gpd_p_variable_K_F16BP":4.8,"data_set_value_component_V_Gpd_p_variable_K_ATP":0.73,"data_set_value_component_V_Gpd_p_variable_K_ADP":2.0,"data_set_value_component_V_Gpd_p_variable_K_NAD":0.93,"data_set_value_component_V_Gpd_p_variable_K_NADH":0.023,"data_set_value_component_V_Gpd_p_variable_K_G3P":1.2,"data_set_value_component_V_Gpd_p_variable_K_DHAP":0.54,"data_set_value_component_V_Gpd_p_variable_K_eq":10000.0,"data_set_value_component_V_Gpd_p_variable_Vf":36.0,"data_set_value_component_V_Gpp_p_variable_V_Gpp_p":4.8451532002,"data_set_value_component_V_Gpp_p_variable_K_G3P":3.5,"data_set_value_component_V_Gpp_p_variable_K_Pi":1.0,"data_set_value_component_V_Gpp_p_variable_V":18.0},{"data_set_value_component_environment_variable_time":0.9,"data_set_value_component_F16BP_variable_F16BP":0.0,"data_set_value_component_G3P_variable_G3P":19.9099043593,"data_set_value_component_DHAP_variable_DHAP":0.59,"data_set_value_component_ATP_variable_ATP":2.37,"data_set_value_component_ADP_variable_ADP":2.17,"data_set_value_component_NADH_variable_NADH":1.87,"data_set_value_component_NAD_variable_NAD":1.45,"data_set_value_component_Pi_variable_Pi_":2.17,"data_set_value_component_V_Gpd_p_variable_V_Gpd_p":0.3817984317,"data_set_value_component_V_Gpd_p_variable_K_F16BP":4.8,"data_set_value_component_V_Gpd_p_variable_K_ATP":0.73,"data_set_value_component_V_Gpd_p_variable_K_ADP":2.0,"data_set_value_component_V_Gpd_p_variable_K_NAD":0.93,"data_set_value_component_V_Gpd_p_variable_K_NADH":0.023,"data_set_value_component_V_Gpd_p_variable_K_G3P":1.2,"data_set_value_component_V_Gpd_p_variable_K_DHAP":0.54,"data_set_value_component_V_Gpd_p_variable_K_eq":10000.0,"data_set_value_component_V_Gpd_p_variable_Vf":36.0,"data_set_value_component_V_Gpp_p_variable_V_Gpp_p":4.8292843471,"data_set_value_component_V_Gpp_p_variable_K_G3P":3.5,"data_set_value_component_V_Gpp_p_variable_K_Pi":1.0,"data_set_value_component_V_Gpp_p_variable_V":18.0},{"data_set_value_component_environment_variable_time":1.0,"data_set_value_component_F16BP_variable_F16BP":0.0,"data_set_value_component_G3P_variable_G3P":19.4663553253,"data_set_value_component_DHAP_variable_DHAP":0.59,"data_set_value_component_ATP_variable_ATP":2.37,"data_set_value_component_ADP_variable_ADP":2.17,"data_set_value_component_NADH_variable_NADH":1.87,"data_set_value_component_NAD_variable_NAD":1.45,"data_set_value_component_Pi_variable_Pi_":2.17,"data_set_value_component_V_Gpd_p_variable_V_Gpd_p":0.3895266492,"data_set_value_component_V_Gpd_p_variable_K_F16BP":4.8,"data_set_value_component_V_Gpd_p_variable_K_ATP":0.73,"data_set_value_component_V_Gpd_p_variable_K_ADP":2.0,"data_set_value_component_V_Gpd_p_variable_K_NAD":0.93,"data_set_value_component_V_Gpd_p_variable_K_NADH":0.023,"data_set_value_component_V_Gpd_p_variable_K_G3P":1.2,"data_set_value_component_V_Gpd_p_variable_K_DHAP":0.54,"data_set_value_component_V_Gpd_p_variable_K_eq":10000.0,"data_set_value_component_V_Gpd_p_variable_Vf":36.0,"data_set_value_component_V_Gpp_p_variable_V_Gpp_p":4.8128886002,"data_set_value_component_V_Gpp_p_variable_K_G3P":3.5,"data_set_value_component_V_Gpp_p_variable_K_Pi":1.0,"data_set_value_component_V_Gpp_p_variable_V":18.0}]