[{"data_set_value_component_environment_variable_time":0.0,"data_set_value_component_Y_variable_Y":10.0,"data_set_value_component_X_variable_X":500.0,"data_set_value_component_P_variable_P":10.0,"data_set_value_component_Z_variable_Z":200.0,"data_set_value_component_IL6_variable_IL6":1.9,"data_set_value_component_model_parameters_variable_C":50.0,"data_set_value_component_model_parameters_variable_k1":1.0,"data_set_value_component_model_parameters_variable_k2":1.3,"data_set_value_component_model_parameters_variable_k3":0.05,"data_set_value_component_model_parameters_variable_k4":0.9,"data_set_value_component_model_parameters_variable_k5":5.0,"data_set_value_component_model_parameters_variable_k6":0.02,"data_set_value_component_model_parameters_variable_ky":0.01,"data_set_value_component_model_parameters_variable_K":5.0,"data_set_value_component_model_parameters_variable_K2":2.0,"data_set_value_component_model_parameters_variable_C1":1.0,"data_set_value_component_model_parameters_variable_C2":1.0,"data_set_value_component_model_parameters_variable_C3":1.0},{"data_set_value_component_environment_variable_time":0.1,"data_set_value_component_Y_variable_Y":12.8338015541,"data_set_value_component_X_variable_X":497.9985327091,"data_set_value_component_P_variable_P":10.0956320146,"data_set_value_component_Z_variable_Z":199.8990077566,"data_set_value_component_IL6_variable_IL6":3.8521477634,"data_set_value_component_model_parameters_variable_C":50.0,"data_set_value_component_model_parameters_variable_k1":1.0,"data_set_value_component_model_parameters_variable_k2":1.3,"data_set_value_component_model_parameters_variable_k3":0.05,"data_set_value_component_model_parameters_variable_k4":0.9,"data_set_value_component_model_parameters_variable_k5":5.0,"data_set_value_component_model_parameters_variable_k6":0.02,"data_set_value_component_model_parameters_variable_ky":0.01,"data_set_value_component_model_parameters_variable_K":5.0,"data_set_value_component_model_parameters_variable_K2":2.0,"data_set_value_component_model_parameters_variable_C1":1.0,"data_set_value_component_model_parameters_variable_C2":1.0,"data_set_value_component_model_parameters_variable_C3":1.0},{"data_set_value_component_environment_variable_time":0.2,"data_set_value_component_Y_variable_Y":15.558529467,"data_set_value_component_X_variable_X":496.1230860274,"data_set_value_component_P_variable_P":10.1830330968,"data_set_value_component_Z_variable_Z":199.8394771662,"data_set_value_component_IL6_variable_IL6":4.5581109619,"data_set_value_component_model_parameters_variable_C":50.0,"data_set_value_component_model_parameters_variable_k1":1.0,"data_set_value_component_model_parameters_variable_k2":1.3,"data_set_value_component_model_parameters_variable_k3":0.05,"data_set_value_component_model_parameters_variable_k4":0.9,"data_set_value_component_model_parameters_variable_k5":5.0,"data_set_value_component_model_parameters_variable_k6":0.02,"data_set_value_component_model_parameters_variable_ky":0.01,"data_set_value_component_model_parameters_variable_K":5.0,"data_set_value_component_model_parameters_variable_K2":2.0,"data_set_value_component_model_parameters_variable_C1":1.0,"data_set_value_component_model_parameters_variable_C2":1.0,"data_set_value_component_model_parameters_variable_C3":1.0},{"data_set_value_component_environment_variable_time":0.3,"data_set_value_component_Y_variable_Y":18.1788996367,"data_set_value_component_X_variable_X":494.3674669674,"data_set_value_component_P_variable_P":10.2629116714,"data_set_value_component_Z_variable_Z":199.7906676537,"data_set_value_component_IL6_variable_IL6":4.8064114543,"data_set_value_component_model_parameters_variable_C":50.0,"data_set_value_component_model_parameters_variable_k1":1.0,"data_set_value_component_model_parameters_variable_k2":1.3,"data_set_value_component_model_parameters_variable_k3":0.05,"data_set_value_component_model_parameters_variable_k4":0.9,"data_set_value_component_model_parameters_variable_k5":5.0,"data_set_value_component_model_parameters_variable_k6":0.02,"data_set_value_component_model_parameters_variable_ky":0.01,"data_set_value_component_model_parameters_variable_K":5.0,"data_set_value_component_model_parameters_variable_K2":2.0,"data_set_value_component_model_parameters_variable_C1":1.0,"data_set_value_component_model_parameters_variable_C2":1.0,"data_set_value_component_model_parameters_variable_C3":1.0},{"data_set_value_component_environment_variable_time":0.4,"data_set_value_component_Y_variable_Y":20.6993063717,"data_set_value_component_X_variable_X":492.7259316649,"data_set_value_component_P_variable_P":10.3359151919,"data_set_value_component_Z_variable_Z":199.7452451572,"data_set_value_component_IL6_variable_IL6":4.8870815377,"data_set_value_component_model_parameters_variable_C":50.0,"data_set_value_component_model_parameters_variable_k1":1.0,"data_set_value_component_model_parameters_variable_k2":1.3,"data_set_value_component_model_parameters_variable_k3":0.05,"data_set_value_component_model_parameters_variable_k4":0.9,"data_set_value_component_model_parameters_variable_k5":5.0,"data_set_value_component_model_parameters_variable_k6":0.02,"data_set_value_component_model_parameters_variable_ky":0.01,"data_set_value_component_model_parameters_variable_K":5.0,"data_set_value_component_model_parameters_variable_K2":2.0,"data_set_value_component_model_parameters_variable_C1":1.0,"data_set_value_component_model_parameters_variable_C2":1.0,"data_set_value_component_model_parameters_variable_C3":1.0},{"data_set_value_component_environment_variable_time":0.5,"data_set_value_component_Y_variable_Y":23.1238619673,"data_set_value_component_X_variable_X":491.1931317263,"data_set_value_component_P_variable_P":10.4026353858,"data_set_value_component_Z_variable_Z":199.700867396,"data_set_value_component_IL6_variable_IL6":4.9067837579,"data_set_value_component_model_parameters_variable_C":50.0,"data_set_value_component_model_parameters_variable_k1":1.0,"data_set_value_component_model_parameters_variable_k2":1.3,"data_set_value_component_model_parameters_variable_k3":0.05,"data_set_value_component_model_parameters_variable_k4":0.9,"data_set_value_component_model_parameters_variable_k5":5.0,"data_set_value_component_model_parameters_variable_k6":0.02,"data_set_value_component_model_parameters_variable_ky":0.01,"data_set_value_component_model_parameters_variable_K":5.0,"data_set_value_component_model_parameters_variable_K2":2.0,"data_set_value_component_model_parameters_variable_C1":1.0,"data_set_value_component_model_parameters_variable_C2":1.0,"data_set_value_component_model_parameters_variable_C3":1.0},{"data_set_value_component_environment_variable_time":0.6,"data_set_value_component_Y_variable_Y":25.4564298751,"data_set_value_component_X_variable_X":489.7640689138,"data_set_value_component_P_variable_P":10.4636130517,"data_set_value_component_Z_variable_Z":199.6567240748,"data_set_value_component_IL6_variable_IL6":4.9047275568,"data_set_value_component_model_parameters_variable_C":50.0,"data_set_value_component_model_parameters_variable_k1":1.0,"data_set_value_component_model_parameters_variable_k2":1.3,"data_set_value_component_model_parameters_variable_k3":0.05,"data_set_value_component_model_parameters_variable_k4":0.9,"data_set_value_component_model_parameters_variable_k5":5.0,"data_set_value_component_model_parameters_variable_k6":0.02,"data_set_value_component_model_parameters_variable_ky":0.01,"data_set_value_component_model_parameters_variable_K":5.0,"data_set_value_component_model_parameters_variable_K2":2.0,"data_set_value_component_model_parameters_variable_C1":1.0,"data_set_value_component_model_parameters_variable_C2":1.0,"data_set_value_component_model_parameters_variable_C3":1.0},{"data_set_value_component_environment_variable_time":0.7,"data_set_value_component_Y_variable_Y":27.7006525938,"data_set_value_component_X_variable_X":488.4340567263,"data_set_value_component_P_variable_P":10.5193424422,"data_set_value_component_Z_variable_Z":199.6125342315,"data_set_value_component_IL6_variable_IL6":4.8953045797,"data_set_value_component_model_parameters_variable_C":50.0,"data_set_value_component_model_parameters_variable_k1":1.0,"data_set_value_component_model_parameters_variable_k2":1.3,"data_set_value_component_model_parameters_variable_k3":0.05,"data_set_value_component_model_parameters_variable_k4":0.9,"data_set_value_component_model_parameters_variable_k5":5.0,"data_set_value_component_model_parameters_variable_k6":0.02,"data_set_value_component_model_parameters_variable_ky":0.01,"data_set_value_component_model_parameters_variable_K":5.0,"data_set_value_component_model_parameters_variable_K2":2.0,"data_set_value_component_model_parameters_variable_C1":1.0,"data_set_value_component_model_parameters_variable_C2":1.0,"data_set_value_component_model_parameters_variable_C3":1.0},{"data_set_value_component_environment_variable_time":0.8,"data_set_value_component_Y_variable_Y":29.8599752158,"data_set_value_component_X_variable_X":487.1986876858,"data_set_value_component_P_variable_P":10.57027527,"data_set_value_component_Z_variable_Z":199.5682073445,"data_set_value_component_IL6_variable_IL6":4.883780641,"data_set_value_component_model_parameters_variable_C":50.0,"data_set_value_component_model_parameters_variable_k1":1.0,"data_set_value_component_model_parameters_variable_k2":1.3,"data_set_value_component_model_parameters_variable_k3":0.05,"data_set_value_component_model_parameters_variable_k4":0.9,"data_set_value_component_model_parameters_variable_k5":5.0,"data_set_value_component_model_parameters_variable_k6":0.02,"data_set_value_component_model_parameters_variable_ky":0.01,"data_set_value_component_model_parameters_variable_K":5.0,"data_set_value_component_model_parameters_variable_K2":2.0,"data_set_value_component_model_parameters_variable_C1":1.0,"data_set_value_component_model_parameters_variable_C2":1.0,"data_set_value_component_model_parameters_variable_C3":1.0},{"data_set_value_component_environment_variable_time":0.9,"data_set_value_component_Y_variable_Y":31.9376653896,"data_set_value_component_X_variable_X":486.0538053604,"data_set_value_component_P_variable_P":10.6168243698,"data_set_value_component_Z_variable_Z":199.5237221714,"data_set_value_component_IL6_variable_IL6":4.8720677522,"data_set_value_component_model_parameters_variable_C":50.0,"data_set_value_component_model_parameters_variable_k1":1.0,"data_set_value_component_model_parameters_variable_k2":1.3,"data_set_value_component_model_parameters_variable_k3":0.05,"data_set_value_component_model_parameters_variable_k4":0.9,"data_set_value_component_model_parameters_variable_k5":5.0,"data_set_value_component_model_parameters_variable_k6":0.02,"data_set_value_component_model_parameters_variable_ky":0.01,"data_set_value_component_model_parameters_variable_K":5.0,"data_set_value_component_model_parameters_variable_K2":2.0,"data_set_value_component_model_parameters_variable_C1":1.0,"data_set_value_component_model_parameters_variable_C2":1.0,"data_set_value_component_model_parameters_variable_C3":1.0},{"data_set_value_component_environment_variable_time":1.0,"data_set_value_component_Y_variable_Y":33.9368302948,"data_set_value_component_X_variable_X":484.9954803549,"data_set_value_component_P_variable_P":10.6593670435,"data_set_value_component_Z_variable_Z":199.4790826149,"data_set_value_component_IL6_variable_IL6":4.8608422412,"data_set_value_component_model_parameters_variable_C":50.0,"data_set_value_component_model_parameters_variable_k1":1.0,"data_set_value_component_model_parameters_variable_k2":1.3,"data_set_value_component_model_parameters_variable_k3":0.05,"data_set_value_component_model_parameters_variable_k4":0.9,"data_set_value_component_model_parameters_variable_k5":5.0,"data_set_value_component_model_parameters_variable_k6":0.02,"data_set_value_component_model_parameters_variable_ky":0.01,"data_set_value_component_model_parameters_variable_K":5.0,"data_set_value_component_model_parameters_variable_K2":2.0,"data_set_value_component_model_parameters_variable_C1":1.0,"data_set_value_component_model_parameters_variable_C2":1.0,"data_set_value_component_model_parameters_variable_C3":1.0}]