Time,a,b,c,d,Vthresh,i,v,u,cell
0.0,0.05,0.26,-60.0,0.0,30.0,0.0,-62.0,-16.12,1.0
0.01,0.05,0.26,-60.0,0.0,30.0,0.0,-62.001200588844874,-16.120000193147813,1.0
0.02,0.05,0.26,-60.0,0.0,30.0,0.0,-62.00240166125064,-16.120000545390983,1.0
0.03,0.05,0.26,-60.0,0.0,30.0,0.0,-62.00360304967143,-16.12000100160561,1.0
0.04,0.05,0.26,-60.0,0.0,30.0,0.0,-62.00480483623043,-16.120001591272363,1.0
0.05,0.05,0.26,-60.0,0.0,30.0,0.0,-62.0060072815181,-16.120002407938323,1.0
0.06,0.05,0.26,-60.0,0.0,30.0,0.0,-62.00721013918931,-16.120003363170216,1.0
0.07,0.05,0.26,-60.0,0.0,30.0,0.0,-62.00841340924405,-16.120004456968044,1.0
0.08,0.05,0.26,-60.0,0.0,30.0,0.0,-62.009617091682316,-16.120005689331805,1.0
0.09,0.05,0.26,-60.0,0.0,30.0,0.0,-62.01082118650411,-16.120007060261496,1.0
0.1,0.05,0.26,-60.0,0.0,30.0,0.0,-62.01202569370944,-16.120008569757125,1.0
0.11,0.05,0.26,-60.0,0.0,30.0,0.0,-62.01323061329829,-16.120010217818688,1.0
0.12,0.05,0.26,-60.0,0.0,30.0,0.0,-62.0144360349259,-16.1200120773129,1.0
0.13,0.05,0.26,-60.0,0.0,30.0,0.0,-62.01564189695671,-16.120014098145855,1.0
0.14,0.05,0.26,-60.0,0.0,30.0,0.0,-62.016848185376716,-16.120016268927767,1.0
0.15,0.05,0.26,-60.0,0.0,30.0,0.0,-62.01805490018592,-16.120018589658628,1.0
0.16,0.05,0.26,-60.0,0.0,30.0,0.0,-62.01926204138433,-16.12002106033845,1.0
0.17,0.05,0.26,-60.0,0.0,30.0,0.0,-62.020469608971936,-16.12002368096722,1.0
0.18,0.05,0.26,-60.0,0.0,30.0,0.0,-62.02167760294874,-16.120026451544945,1.0
0.19,0.05,0.26,-60.0,0.0,30.0,0.0,-62.02288602331475,-16.120029372071624,1.0
0.2,0.05,0.26,-60.0,0.0,30.0,0.0,-62.02409487006995,-16.120032442547256,1.0
0.21,0.05,0.26,-60.0,0.0,30.0,0.0,-62.02530414321436,-16.120035662971844,1.0
0.22,0.05,0.26,-60.0,0.0,30.0,0.0,-62.02651384274797,-16.120039033345385,1.0
0.23,0.05,0.26,-60.0,0.0,30.0,0.0,-62.02772396867078,-16.120042553667883,1.0
0.24,0.05,0.26,-60.0,0.0,30.0,0.0,-62.02893452098278,-16.12004622393933,1.0
0.25,0.05,0.26,-60.0,0.0,30.0,0.0,-62.03014549968399,-16.120050044159733,1.0
0.26,0.05,0.26,-60.0,0.0,30.0,0.0,-62.03135658301323,-16.120054050489305,1.0
0.27,0.05,0.26,-60.0,0.0,30.0,0.0,-62.03256796733672,-16.120058220859985,1.0
0.28,0.05,0.26,-60.0,0.0,30.0,0.0,-62.03377974755949,-16.120062544606142,1.0
0.29,0.05,0.26,-60.0,0.0,30.0,0.0,-62.03499192368155,-16.120067021727774,1.0
0.3,0.05,0.26,-60.0,0.0,30.0,0.0,-62.036204495702904,-16.120071652224883,1.0
0.31,0.05,0.26,-60.0,0.0,30.0,0.0,-62.037417463623534,-16.120076436097467,1.0
0.32,0.05,0.26,-60.0,0.0,30.0,0.0,-62.03863082744345,-16.12008137334553,1.0
0.33,0.05,0.26,-60.0,0.0,30.0,0.0,-62.03984458716265,-16.120086463969066,1.0
0.34,0.05,0.26,-60.0,0.0,30.0,0.0,-62.04105874278113,-16.120091707968083,1.0
0.35000000000000003,0.05,0.26,-60.0,0.0,30.0,0.0,-62.0422732942989,-16.120097105342573,1.0
0.36,0.05,0.26,-60.0,0.0,30.0,0.0,-62.043488241715956,-16.12010265609254,1.0
0.37,0.05,0.26,-60.0,0.0,30.0,0.0,-62.044703585032295,-16.120108360217984,1.0
0.38,0.05,0.26,-60.0,0.0,30.0,0.0,-62.04591932424792,-16.120114217718903,1.0
0.39,0.05,0.26,-60.0,0.0,30.0,0.0,-62.04713545936283,-16.1201202285953,1.0
0.4,0.05,0.26,-60.0,0.0,30.0,0.0,-62.04835199037703,-16.120126392847173,1.0
0.41000000000000003,0.05,0.26,-60.0,0.0,30.0,0.0,-62.04956891729051,-16.120132710474522,1.0
0.42,0.05,0.26,-60.0,0.0,30.0,0.0,-62.05078624010327,-16.120139181477345,1.0
0.43,0.05,0.26,-60.0,0.0,30.0,0.0,-62.05200395881532,-16.12014580585565,1.0
0.44,0.05,0.26,-60.0,0.0,30.0,0.0,-62.05322207342665,-16.120152583609425,1.0
0.45,0.05,0.26,-60.0,0.0,30.0,0.0,-62.05444058393727,-16.12015951473868,1.0
0.46,0.05,0.26,-60.0,0.0,30.0,0.0,-62.055659490347175,-16.12016659924341,1.0
0.47000000000000003,0.05,0.26,-60.0,0.0,30.0,0.0,-62.05687879265636,-16.12017383712362,1.0
0.48,0.05,0.26,-60.0,0.0,30.0,0.0,-62.058098490864836,-16.120181228379302,1.0
0.49,0.05,0.26,-60.0,0.0,30.0,0.0,-62.059318584972594,-16.12018877301046,1.0
0.5,0.05,0.26,-60.0,0.0,30.0,0.0,-62.06053907497964,-16.1201964710171,1.0
0.51,0.05,0.26,-60.0,0.0,30.0,0.0,-62.061759960885965,-16.12020432239921,1.0
0.52,0.05,0.26,-60.0,0.0,30.0,0.0,-62.06298124269158,-16.1202123271568,1.0
0.53,0.05,0.26,-60.0,0.0,30.0,0.0,-62.06420215911663,-16.120220492725572,1.0
0.54,0.05,0.26,-60.0,0.0,30.0,0.0,-62.06542338848837,-16.12022881248005,1.0
0.55,0.05,0.26,-60.0,0.0,30.0,0.0,-62.06664495696846,-16.120237286164702,1.0
0.56,0.05,0.26,-60.0,0.0,30.0,0.0,-62.0678668645569,-16.12024591377953,1.0
0.5700000000000001,0.05,0.26,-60.0,0.0,30.0,0.0,-62.069089111253696,-16.120254695324533,1.0
0.58,0.05,0.26,-60.0,0.0,30.0,0.0,-62.07031169705884,-16.12026363079971,1.0
0.59,0.05,0.26,-60.0,0.0,30.0,0.0,-62.07153462197233,-16.120272720205058,1.0
0.6,0.05,0.26,-60.0,0.0,30.0,0.0,-62.072757885994186,-16.120281963540585,1.0
0.61,0.05,0.26,-60.0,0.0,30.0,0.0,-62.073981489124385,-16.120291360806284,1.0
0.62,0.05,0.26,-60.0,0.0,30.0,0.0,-62.075205431362946,-16.12030091200216,1.0
0.63,0.05,0.26,-60.0,0.0,30.0,0.0,-62.076429712709846,-16.12031061712821,1.0
0.64,0.05,0.26,-60.0,0.0,30.0,0.0,-62.07765433316511,-16.120320476184435,1.0
0.65,0.05,0.26,-60.0,0.0,30.0,0.0,-62.07887929272872,-16.120330489170836,1.0
0.66,0.05,0.26,-60.0,0.0,30.0,0.0,-62.08010459140068,-16.120340656087407,1.0
0.67,0.05,0.26,-60.0,0.0,30.0,0.0,-62.081330229181,-16.12035097693416,1.0
0.68,0.05,0.26,-60.0,0.0,30.0,0.0,-62.08255620606966,-16.12036145171108,1.0
0.6900000000000001,0.05,0.26,-60.0,0.0,30.0,0.0,-62.083782522066684,-16.12037208041818,1.0
0.7000000000000001,0.05,0.26,-60.0,0.0,30.0,0.0,-62.085009177172054,-16.120382863055454,1.0
0.71,0.05,0.26,-60.0,0.0,30.0,0.0,-62.08623617138578,-16.120393799622903,1.0
0.72,0.05,0.26,-60.0,0.0,30.0,0.0,-62.087463504707856,-16.120404890120525,1.0
0.73,0.05,0.26,-60.0,0.0,30.0,0.0,-62.08869117713829,-16.12041613454832,1.0
0.74,0.05,0.26,-60.0,0.0,30.0,0.0,-62.089919188677065,-16.120427532906294,1.0
0.75,0.05,0.26,-60.0,0.0,30.0,0.0,-62.0911475393242,-16.12043908519444,1.0
0.76,0.05,0.26,-60.0,0.0,30.0,0.0,-62.09237622907968,-16.12045079141276,1.0
0.77,0.05,0.26,-60.0,0.0,30.0,0.0,-62.09360525794352,-16.120462651561258,1.0
0.78,0.05,0.26,-60.0,0.0,30.0,0.0,-62.09483462591571,-16.12047466563993,1.0
0.79,0.05,0.26,-60.0,0.0,30.0,0.0,-62.096064184622534,-16.120486832416887,1.0
0.8,0.05,0.26,-60.0,0.0,30.0,0.0,-62.09729329550345,-16.120499146590415,1.0
0.81,0.05,0.26,-60.0,0.0,30.0,0.0,-62.098522678996275,-16.12051161414202,1.0
0.8200000000000001,0.05,0.26,-60.0,0.0,30.0,0.0,-62.099752335101016,-16.12052423507171,1.0
0.8300000000000001,0.05,0.26,-60.0,0.0,30.0,0.0,-62.10098226381767,-16.12053700937948,1.0
0.84,0.05,0.26,-60.0,0.0,30.0,0.0,-62.10221246514624,-16.120549937065327,1.0
0.85,0.05,0.26,-60.0,0.0,30.0,0.0,-62.103442939086726,-16.120563018129257,1.0
0.86,0.05,0.26,-60.0,0.0,30.0,0.0,-62.10467368563913,-16.12057625257127,1.0
0.87,0.05,0.26,-60.0,0.0,30.0,0.0,-62.10590470480344,-16.120589640391362,1.0
0.88,0.05,0.26,-60.0,0.0,30.0,0.0,-62.10713599657968,-16.120603181589537,1.0
0.89,0.05,0.26,-60.0,0.0,30.0,0.0,-62.10836756096782,-16.12061687616579,1.0
0.9,0.05,0.26,-60.0,0.0,30.0,0.0,-62.109599397967884,-16.120630724120126,1.0
0.91,0.05,0.26,-60.0,0.0,30.0,0.0,-62.11083150757986,-16.120644725452543,1.0
0.92,0.05,0.26,-60.0,0.0,30.0,0.0,-62.11206388980375,-16.120658880163038,1.0
0.93,0.05,0.26,-60.0,0.0,30.0,0.0,-62.11329654463956,-16.12067318825162,1.0
0.9400000000000001,0.05,0.26,-60.0,0.0,30.0,0.0,-62.11452947208728,-16.120687649718278,1.0
0.9500000000000001,0.05,0.26,-60.0,0.0,30.0,0.0,-62.115762672146914,-16.12070226456302,1.0
0.96,0.05,0.26,-60.0,0.0,30.0,0.0,-62.116996144818465,-16.120717032785837,1.0
0.97,0.05,0.26,-60.0,0.0,30.0,0.0,-62.11822989010193,-16.12073195438674,1.0
0.98,0.05,0.26,-60.0,0.0,30.0,0.0,-62.119463907997314,-16.120747029365724,1.0
0.99,0.05,0.26,-60.0,0.0,30.0,0.0,-62.120698198504606,-16.120762257722788,1.0
1.0,0.05,0.26,-60.0,0.0,30.0,0.0,-62.12193276162382,-16.120777639457934,1.0
1.01,0.05,0.26,-60.0,0.0,30.0,0.0,-62.12316759735494,-16.12079317457116,1.0
1.02,0.05,0.26,-60.0,0.0,30.0,0.0,-62.12440270569799,-16.120808863062464,1.0
1.03,0.05,0.26,-60.0,0.0,30.0,0.0,-62.12563808665294,-16.120824704931852,1.0
1.04,0.05,0.26,-60.0,0.0,30.0,0.0,-62.126873740219814,-16.120840700179322,1.0
1.05,0.05,0.26,-60.0,0.0,30.0,0.0,-62.1281096663986,-16.12085684880487,1.0
1.06,0.05,0.26,-60.0,0.0,30.0,0.0,-62.12934551760899,-16.120873145477546,1.0
1.07,0.05,0.26,-60.0,0.0,30.0,0.0,-62.13058098998859,-16.1208895855369,1.0
1.08,0.05,0.26,-60.0,0.0,30.0,0.0,-62.13181666494915,-16.120906177900252,1.0
1.09,0.05,0.26,-60.0,0.0,30.0,0.0,-62.13305254249068,-16.120922922567594,1.0
1.1,0.05,0.26,-60.0,0.0,30.0,0.0,-62.13428862261317,-16.12093981953893,1.0
1.11,0.05,0.26,-60.0,0.0,30.0,0.0,-62.13552490531663,-16.120956868814257,1.0
1.12,0.05,0.26,-60.0,0.0,30.0,0.0,-62.13676139060106,-16.12097407039358,1.0
1.1300000000000001,0.05,0.26,-60.0,0.0,30.0,0.0,-62.137998078466445,-16.12099142427689,1.0
1.1400000000000001,0.05,0.26,-60.0,0.0,30.0,0.0,-62.1392349689128,-16.121008930464196,1.0
1.1500000000000001,0.05,0.26,-60.0,0.0,30.0,0.0,-62.14047206194012,-16.121026588955495,1.0
1.16,0.05,0.26,-60.0,0.0,30.0,0.0,-62.14170935754841,-16.121044399750787,1.0
1.17,0.05,0.26,-60.0,0.0,30.0,0.0,-62.14294685573766,-16.12106236285007,1.0
1.18,0.05,0.26,-60.0,0.0,30.0,0.0,-62.14418455650788,-16.121080478253344,1.0
1.19,0.05,0.26,-60.0,0.0,30.0,0.0,-62.14542245985906,-16.121098745960612,1.0
1.2,0.05,0.26,-60.0,0.0,30.0,0.0,-62.14666056579121,-16.121117165971874,1.0
1.21,0.05,0.26,-60.0,0.0,30.0,0.0,-62.147898874304325,-16.121135738287126,1.0
1.22,0.05,0.26,-60.0,0.0,30.0,0.0,-62.149137385398404,-16.121154462906375,1.0
1.23,0.05,0.26,-60.0,0.0,30.0,0.0,-62.15037609907345,-16.121173339829614,1.0
1.24,0.05,0.26,-60.0,0.0,30.0,0.0,-62.15161501532946,-16.121192369056843,1.0
1.25,0.05,0.26,-60.0,0.0,30.0,0.0,-62.15285413416643,-16.121211550588068,1.0
1.26,0.05,0.26,-60.0,0.0,30.0,0.0,-62.15409345558437,-16.121230884423284,1.0
1.27,0.05,0.26,-60.0,0.0,30.0,0.0,-62.155332979583285,-16.121250370562493,1.0
1.28,0.05,0.26,-60.0,0.0,30.0,0.0,-62.15657270616315,-16.121270009005695,1.0
1.29,0.05,0.26,-60.0,0.0,30.0,0.0,-62.15781263532399,-16.121289799752887,1.0
1.3,0.05,0.26,-60.0,0.0,30.0,0.0,-62.159052767065795,-16.121309742804076,1.0
1.31,0.05,0.26,-60.0,0.0,30.0,0.0,-62.16029310138857,-16.121329838159255,1.0
1.32,0.05,0.26,-60.0,0.0,30.0,0.0,-62.1615336382923,-16.121350085818428,1.0
1.33,0.05,0.26,-60.0,0.0,30.0,0.0,-62.16277364113257,-16.121370469949984,1.0
1.34,0.05,0.26,-60.0,0.0,30.0,0.0,-62.164013199244565,-16.121390992473874,1.0
1.35,0.05,0.26,-60.0,0.0,30.0,0.0,-62.16525285583413,-16.121411665064414,1.0
1.36,0.05,0.26,-60.0,0.0,30.0,0.0,-62.16649261004097,-16.121432487703117,1.0
1.37,0.05,0.26,-60.0,0.0,30.0,0.0,-62.16773246100478,-16.121453460371498,1.0
1.3800000000000001,0.05,0.26,-60.0,0.0,30.0,0.0,-62.16897240786526,-16.12147458305106,1.0
1.3900000000000001,0.05,0.26,-60.0,0.0,30.0,0.0,-62.17021244976211,-16.12149585572332,1.0
1.4000000000000001,0.05,0.26,-60.0,0.0,30.0,0.0,-62.17145258583504,-16.121517278369787,1.0
1.41,0.05,0.26,-60.0,0.0,30.0,0.0,-62.17269281522374,-16.12153885097197,1.0
1.42,0.05,0.26,-60.0,0.0,30.0,0.0,-62.17393313706792,-16.12156057351138,1.0
1.43,0.05,0.26,-60.0,0.0,30.0,0.0,-62.17517355050727,-16.121582445969533,1.0
1.44,0.05,0.26,-60.0,0.0,30.0,0.0,-62.176414054681494,-16.121604468327934,1.0
1.45,0.05,0.26,-60.0,0.0,30.0,0.0,-62.17765464873029,-16.121626640568095,1.0
1.46,0.05,0.26,-60.0,0.0,30.0,0.0,-62.17889533179337,-16.12164896267153,1.0
1.47,0.05,0.26,-60.0,0.0,30.0,0.0,-62.18013610301042,-16.121671434619746,1.0
1.48,0.05,0.26,-60.0,0.0,30.0,0.0,-62.18137696152115,-16.121694056394258,1.0
1.49,0.05,0.26,-60.0,0.0,30.0,0.0,-62.18261790646526,-16.12171682797657,1.0
1.5,0.05,0.26,-60.0,0.0,30.0,0.0,-62.183858936982446,-16.1217397493482,1.0
1.51,0.05,0.26,-60.0,0.0,30.0,0.0,-62.18510005221241,-16.121762820490655,1.0
1.52,0.05,0.26,-60.0,0.0,30.0,0.0,-62.186341251294856,-16.121786041385448,1.0
1.53,0.05,0.26,-60.0,0.0,30.0,0.0,-62.18758253336948,-16.121809412014088,1.0
1.54,0.05,0.26,-60.0,0.0,30.0,0.0,-62.188823897575986,-16.12183293235809,1.0
1.55,0.05,0.26,-60.0,0.0,30.0,0.0,-62.190065343054066,-16.121856602398957,1.0
1.56,0.05,0.26,-60.0,0.0,30.0,0.0,-62.191306868943435,-16.121880422118206,1.0
1.57,0.05,0.26,-60.0,0.0,30.0,0.0,-62.192548474383784,-16.121904391497345,1.0
1.58,0.05,0.26,-60.0,0.0,30.0,0.0,-62.19379015851481,-16.121928510517886,1.0
1.59,0.05,0.26,-60.0,0.0,30.0,0.0,-62.195031920476225,-16.12195277916134,1.0
1.6,0.05,0.26,-60.0,0.0,30.0,0.0,-62.19627375940772,-16.12197719740922,1.0
1.61,0.05,0.26,-60.0,0.0,30.0,0.0,-62.197515674449,-16.122001765243034,1.0
1.62,0.05,0.26,-60.0,0.0,30.0,0.0,-62.198757664739766,-16.122026482644294,1.0
1.6300000000000001,0.05,0.26,-60.0,0.0,30.0,0.0,-62.19999972941971,-16.122051349594507,1.0
1.6400000000000001,0.05,0.26,-60.0,0.0,30.0,0.0,-62.201241867628546,-16.12207636607519,1.0
1.6500000000000001,0.05,0.26,-60.0,0.0,30.0,0.0,-62.20248407850597,-16.122101532067852,1.0
1.6600000000000001,0.05,0.26,-60.0,0.0,30.0,0.0,-62.20372636119167,-16.122126847554,1.0
1.67,0.05,0.26,-60.0,0.0,30.0,0.0,-62.20496871482536,-16.122152312515148,1.0
1.68,0.05,0.26,-60.0,0.0,30.0,0.0,-62.20621113854674,-16.12217792693281,1.0
1.69,0.05,0.26,-60.0,0.0,30.0,0.0,-62.20745363149551,-16.12220369078849,1.0
1.7,0.05,0.26,-60.0,0.0,30.0,0.0,-62.20869619281137,-16.122229604063705,1.0
1.71,0.05,0.26,-60.0,0.0,30.0,0.0,-62.20993882163401,-16.12225566673996,1.0
1.72,0.05,0.26,-60.0,0.0,30.0,0.0,-62.21118151710315,-16.12228187879877,1.0
1.73,0.05,0.26,-60.0,0.0,30.0,0.0,-62.21242427835847,-16.122308240221646,1.0
1.74,0.05,0.26,-60.0,0.0,30.0,0.0,-62.21366710453969,-16.1223347509901,1.0
1.75,0.05,0.26,-60.0,0.0,30.0,0.0,-62.21490999478649,-16.122361411085638,1.0
1.76,0.05,0.26,-60.0,0.0,30.0,0.0,-62.21615294823859,-16.12238822048977,1.0
1.77,0.05,0.26,-60.0,0.0,30.0,0.0,-62.217395964035674,-16.122415179184017,1.0
1.78,0.05,0.26,-60.0,0.0,30.0,0.0,-62.21863904131746,-16.12244228714988,1.0
1.79,0.05,0.26,-60.0,0.0,30.0,0.0,-62.21988217922363,-16.122469544368872,1.0
1.8,0.05,0.26,-60.0,0.0,30.0,0.0,-62.221125376893895,-16.122496950822505,1.0
1.81,0.05,0.26,-60.0,0.0,30.0,0.0,-62.22236863346796,-16.12252450649229,1.0
1.82,0.05,0.26,-60.0,0.0,30.0,0.0,-62.22361194808551,-16.12255221135974,1.0
1.83,0.05,0.26,-60.0,0.0,30.0,0.0,-62.22485531988626,-16.12258006540636,1.0
1.84,0.05,0.26,-60.0,0.0,30.0,0.0,-62.22609874800991,-16.12260806861367,1.0
1.85,0.05,0.26,-60.0,0.0,30.0,0.0,-62.22734223159615,-16.12263622096317,1.0
1.86,0.05,0.26,-60.0,0.0,30.0,0.0,-62.22858576978469,-16.122664522436377,1.0
1.87,0.05,0.26,-60.0,0.0,30.0,0.0,-62.22982936171522,-16.1226929730148,1.0
1.8800000000000001,0.05,0.26,-60.0,0.0,30.0,0.0,-62.23107300652745,-16.122721572679954,1.0
1.8900000000000001,0.05,0.26,-60.0,0.0,30.0,0.0,-62.232316703361086,-16.122750321413342,1.0
1.9000000000000001,0.05,0.26,-60.0,0.0,30.0,0.0,-62.233560451355814,-16.12277921919648,1.0
1.9100000000000001,0.05,0.26,-60.0,0.0,30.0,0.0,-62.234803579126925,-16.122808246193443,1.0
1.92,0.05,0.26,-60.0,0.0,30.0,0.0,-62.236045991671375,-16.122837399603334,1.0
1.93,0.05,0.26,-60.0,0.0,30.0,0.0,-62.237288380482404,-16.12286669987027,1.0
1.94,0.05,0.26,-60.0,0.0,30.0,0.0,-62.23853074348569,-16.122896146939873,1.0
1.95,0.05,0.26,-60.0,0.0,30.0,0.0,-62.239773078606916,-16.122925740757783,1.0
1.96,0.05,0.26,-60.0,0.0,30.0,0.0,-62.24101538377176,-16.122955481269628,1.0
1.97,0.05,0.26,-60.0,0.0,30.0,0.0,-62.2422576569059,-16.122985368421038,1.0
1.98,0.05,0.26,-60.0,0.0,30.0,0.0,-62.243499895935,-16.12301540215764,1.0
1.99,0.05,0.26,-60.0,0.0,30.0,0.0,-62.24474209878477,-16.123045582425068,1.0
2.0,0.05,0.26,-60.0,0.0,30.0,0.0,-62.245984263380855,-16.123075909168954,1.0
2.0100000000000002,0.05,0.26,-60.0,0.0,30.0,0.0,-62.24722638764896,-16.12310638233492,1.0
2.02,0.05,0.26,-60.0,0.0,30.0,0.0,-62.24846846951474,-16.123137001868603,1.0
2.0300000000000002,0.05,0.26,-60.0,0.0,30.0,0.0,-62.24971050690389,-16.123167767715636,1.0
2.04,0.05,0.26,-60.0,0.0,30.0,0.0,-62.250952497742084,-16.12319867982164,1.0
2.05,0.05,0.26,-60.0,0.0,30.0,0.0,-62.252194439955,-16.123229738132252,1.0
2.06,0.05,0.26,-60.0,0.0,30.0,0.0,-62.253436331468315,-16.123260942593102,1.0
2.07,0.05,0.26,-60.0,0.0,30.0,0.0,-62.25467817020771,-16.12329229314982,1.0
2.08,0.05,0.26,-60.0,0.0,30.0,0.0,-62.25591995409886,-16.12332378974803,1.0
2.09,0.05,0.26,-60.0,0.0,30.0,0.0,-62.257161681067444,-16.123355432333373,1.0
2.1,0.05,0.26,-60.0,0.0,30.0,0.0,-62.25840334903914,-16.123387220851473,1.0
2.11,0.05,0.26,-60.0,0.0,30.0,0.0,-62.259644955939635,-16.12341915524796,1.0
2.12,0.05,0.26,-60.0,0.0,30.0,0.0,-62.26088649969459,-16.123451235468465,1.0
2.13,0.05,0.26,-60.0,0.0,30.0,0.0,-62.26212797822971,-16.12348346145862,1.0
2.14,0.05,0.26,-60.0,0.0,30.0,0.0,-62.26336938947065,-16.123515833164053,1.0
2.15,0.05,0.26,-60.0,0.0,30.0,0.0,-62.26461073134308,-16.123548350530392,1.0
2.16,0.05,0.26,-60.0,0.0,30.0,0.0,-62.265852001772714,-16.123581013503276,1.0
2.17,0.05,0.26,-60.0,0.0,30.0,0.0,-62.2670931986852,-16.123613822028325,1.0
2.18,0.05,0.26,-60.0,0.0,30.0,0.0,-62.26833432000623,-16.123646776051178,1.0
2.19,0.05,0.26,-60.0,0.0,30.0,0.0,-62.26957536366148,-16.123679875517457,1.0
2.2,0.05,0.26,-60.0,0.0,30.0,0.0,-62.270816327576625,-16.1237131203728,1.0
2.21,0.05,0.26,-60.0,0.0,30.0,0.0,-62.27205720967735,-16.12374651056283,1.0
2.22,0.05,0.26,-60.0,0.0,30.0,0.0,-62.27329800788932,-16.123780046033183,1.0
2.23,0.05,0.26,-60.0,0.0,30.0,0.0,-62.27453872013823,-16.123813726729487,1.0
2.24,0.05,0.26,-60.0,0.0,30.0,0.0,-62.27577934434976,-16.123847552597375,1.0
2.25,0.05,0.26,-60.0,0.0,30.0,0.0,-62.277019878449565,-16.123881523582472,1.0
2.2600000000000002,0.05,0.26,-60.0,0.0,30.0,0.0,-62.278260320363344,-16.12391563963041,1.0
2.27,0.05,0.26,-60.0,0.0,30.0,0.0,-62.279500668016766,-16.123949900686824,1.0
2.2800000000000002,0.05,0.26,-60.0,0.0,30.0,0.0,-62.280740919335514,-16.123984306697338,1.0
2.29,0.05,0.26,-60.0,0.0,30.0,0.0,-62.281981072245266,-16.124018857607584,1.0
2.3000000000000003,0.05,0.26,-60.0,0.0,30.0,0.0,-62.2832211246717,-16.124053553363197,1.0
2.31,0.05,0.26,-60.0,0.0,30.0,0.0,-62.28446107454049,-16.1240883939098,1.0
2.32,0.05,0.26,-60.0,0.0,30.0,0.0,-62.28570091977732,-16.12412337919303,1.0
2.33,0.05,0.26,-60.0,0.0,30.0,0.0,-62.28694065830786,-16.12415850915851,1.0
2.34,0.05,0.26,-60.0,0.0,30.0,0.0,-62.2881802880578,-16.124193783751878,1.0
2.35,0.05,0.26,-60.0,0.0,30.0,0.0,-62.28941980695282,-16.124229202918755,1.0
2.36,0.05,0.26,-60.0,0.0,30.0,0.0,-62.290659212918584,-16.12426476660478,1.0
2.37,0.05,0.26,-60.0,0.0,30.0,0.0,-62.29189850388078,-16.124300474755582,1.0
2.38,0.05,0.26,-60.0,0.0,30.0,0.0,-62.29313767776509,-16.124336327316787,1.0
2.39,0.05,0.26,-60.0,0.0,30.0,0.0,-62.29437673249718,-16.124372324234027,1.0
2.4,0.05,0.26,-60.0,0.0,30.0,0.0,-62.29561566600274,-16.124408465452934,1.0
2.41,0.05,0.26,-60.0,0.0,30.0,0.0,-62.296854476207436,-16.12444475091914,1.0
2.42,0.05,0.26,-60.0,0.0,30.0,0.0,-62.29809316103696,-16.124481180578268,1.0
2.43,0.05,0.26,-60.0,0.0,30.0,0.0,-62.29933171841698,-16.12451775437595,1.0
2.44,0.05,0.26,-60.0,0.0,30.0,0.0,-62.30057014627319,-16.124554472257824,1.0
2.45,0.05,0.26,-60.0,0.0,30.0,0.0,-62.30180844253125,-16.124591334169516,1.0
2.46,0.05,0.26,-60.0,0.0,30.0,0.0,-62.30304660511684,-16.124628340056653,1.0
2.47,0.05,0.26,-60.0,0.0,30.0,0.0,-62.304284631955646,-16.124665489864867,1.0
2.48,0.05,0.26,-60.0,0.0,30.0,0.0,-62.30552252097335,-16.124702783539792,1.0
2.49,0.05,0.26,-60.0,0.0,30.0,0.0,-62.30676001663849,-16.124740208185546,1.0
2.5,0.05,0.26,-60.0,0.0,30.0,0.0,-62.30799697506775,-16.124777756562956,1.0
2.5100000000000002,0.05,0.26,-60.0,0.0,30.0,0.0,-62.30923375667909,-16.12481544698347,1.0
2.52,0.05,0.26,-60.0,0.0,30.0,0.0,-62.310470358847226,-16.124853279364793,1.0
2.5300000000000002,0.05,0.26,-60.0,0.0,30.0,0.0,-62.311706778946885,-16.124891253624646,1.0
2.54,0.05,0.26,-60.0,0.0,30.0,0.0,-62.312943014352776,-16.12492936968075,1.0
2.5500000000000003,0.05,0.26,-60.0,0.0,30.0,0.0,-62.31417906243963,-16.12496762745081,1.0
2.56,0.05,0.26,-60.0,0.0,30.0,0.0,-62.31541492058216,-16.125006026852553,1.0
2.57,0.05,0.26,-60.0,0.0,30.0,0.0,-62.31665058615508,-16.125044567803684,1.0
2.58,0.05,0.26,-60.0,0.0,30.0,0.0,-62.31788605653312,-16.125083250221927,1.0
2.59,0.05,0.26,-60.0,0.0,30.0,0.0,-62.31912132909099,-16.125122074024993,1.0
2.6,0.05,0.26,-60.0,0.0,30.0,0.0,-62.32035640120342,-16.125161039130603,1.0
2.61,0.05,0.26,-60.0,0.0,30.0,0.0,-62.32159127024512,-16.125200145456468,1.0
2.62,0.05,0.26,-60.0,0.0,30.0,0.0,-62.32282593359082,-16.125239392920303,1.0
2.63,0.05,0.26,-60.0,0.0,30.0,0.0,-62.32406038861523,-16.125278781439825,1.0
2.64,0.05,0.26,-60.0,0.0,30.0,0.0,-62.32529463269307,-16.12531831093275,1.0
2.65,0.05,0.26,-60.0,0.0,30.0,0.0,-62.32652866319906,-16.125357981316796,1.0
2.66,0.05,0.26,-60.0,0.0,30.0,0.0,-62.327762477507925,-16.125397792509673,1.0
2.67,0.05,0.26,-60.0,0.0,30.0,0.0,-62.32899607299438,-16.125437744429107,1.0
2.68,0.05,0.26,-60.0,0.0,30.0,0.0,-62.33022944703315,-16.1254778369928,1.0
2.69,0.05,0.26,-60.0,0.0,30.0,0.0,-62.33146259699894,-16.125518070118478,1.0
2.7,0.05,0.26,-60.0,0.0,30.0,0.0,-62.33269552026648,-16.125558443723854,1.0
2.71,0.05,0.26,-60.0,0.0,30.0,0.0,-62.33392821421049,-16.125598957726645,1.0
2.72,0.05,0.26,-60.0,0.0,30.0,0.0,-62.33516067620569,-16.125639612044562,1.0
2.73,0.05,0.26,-60.0,0.0,30.0,0.0,-62.336392903626795,-16.125680406595322,1.0
2.74,0.05,0.26,-60.0,0.0,30.0,0.0,-62.33762489384853,-16.125721341296646,1.0
2.75,0.05,0.26,-60.0,0.0,30.0,0.0,-62.3388566442456,-16.125762416066244,1.0
2.7600000000000002,0.05,0.26,-60.0,0.0,30.0,0.0,-62.34008815219275,-16.125803630821835,1.0
2.77,0.05,0.26,-60.0,0.0,30.0,0.0,-62.341319415064675,-16.125844985481134,1.0
2.7800000000000002,0.05,0.26,-60.0,0.0,30.0,0.0,-62.34255043023611,-16.125886479961856,1.0
2.79,0.05,0.26,-60.0,0.0,30.0,0.0,-62.34378119508177,-16.125928114181715,1.0
2.8000000000000003,0.05,0.26,-60.0,0.0,30.0,0.0,-62.345011706976365,-16.12596988805843,1.0
2.81,0.05,0.26,-60.0,0.0,30.0,0.0,-62.346241963294624,-16.126011801509716,1.0
2.82,0.05,0.26,-60.0,0.0,30.0,0.0,-62.34747196141127,-16.126053854453286,1.0
2.83,0.05,0.26,-60.0,0.0,30.0,0.0,-62.348701698701014,-16.12609604680686,1.0
2.84,0.05,0.26,-60.0,0.0,30.0,0.0,-62.34993117253858,-16.12613837848815,1.0
2.85,0.05,0.26,-60.0,0.0,30.0,0.0,-62.35116038029869,-16.126180849414876,1.0
2.86,0.05,0.26,-60.0,0.0,30.0,0.0,-62.35238931935606,-16.12622345950475,1.0
2.87,0.05,0.26,-60.0,0.0,30.0,0.0,-62.3536179870854,-16.126266208675485,1.0
2.88,0.05,0.26,-60.0,0.0,30.0,0.0,-62.354846380861446,-16.126309096844803,1.0
2.89,0.05,0.26,-60.0,0.0,30.0,0.0,-62.35607449805891,-16.12635212393042,1.0
2.9,0.05,0.26,-60.0,0.0,30.0,0.0,-62.357302336052506,-16.126395289850045,1.0
2.91,0.05,0.26,-60.0,0.0,30.0,0.0,-62.358529892216964,-16.1264385945214,1.0
2.92,0.05,0.26,-60.0,0.0,30.0,0.0,-62.359757163927,-16.126482037862196,1.0
2.93,0.05,0.26,-60.0,0.0,30.0,0.0,-62.36098414855733,-16.126525619790154,1.0
2.94,0.05,0.26,-60.0,0.0,30.0,0.0,-62.36221084348267,-16.126569340222982,1.0
2.95,0.05,0.26,-60.0,0.0,30.0,0.0,-62.36343724607775,-16.126613199078406,1.0
2.96,0.05,0.26,-60.0,0.0,30.0,0.0,-62.36466335371728,-16.12665719627413,1.0
2.97,0.05,0.26,-60.0,0.0,30.0,0.0,-62.36588916377599,-16.126701331727883,1.0
2.98,0.05,0.26,-60.0,0.0,30.0,0.0,-62.36711467362859,-16.126745605357367,1.0
2.99,0.05,0.26,-60.0,0.0,30.0,0.0,-62.368339880649806,-16.12679001708031,1.0
3.0,0.05,0.26,-60.0,0.0,30.0,0.0,-62.36956478221435,-16.126834566814416,1.0
3.0100000000000002,0.05,0.26,-60.0,0.0,30.0,0.0,-62.370789375696944,-16.126879254477412,1.0
3.02,0.05,0.26,-60.0,0.0,30.0,0.0,-62.37201365847231,-16.126924079987006,1.0
3.0300000000000002,0.05,0.26,-60.0,0.0,30.0,0.0,-62.37323762791517,-16.126969043260917,1.0
3.04,0.05,0.26,-60.0,0.0,30.0,0.0,-62.37446128140023,-16.127014144216858,1.0
3.0500000000000003,0.05,0.26,-60.0,0.0,30.0,0.0,-62.37568461630223,-16.12705938277255,1.0
3.06,0.05,0.26,-60.0,0.0,30.0,0.0,-62.37690762999587,-16.127104758845704,1.0
3.0700000000000003,0.05,0.26,-60.0,0.0,30.0,0.0,-62.378130294320414,-16.127150264731647,1.0
3.08,0.05,0.26,-60.0,0.0,30.0,0.0,-62.37935257637307,-16.127195891310205,1.0
3.09,0.05,0.26,-60.0,0.0,30.0,0.0,-62.380574525220766,-16.127241653929314,1.0
3.1,0.05,0.26,-60.0,0.0,30.0,0.0,-62.381796138168845,-16.127287552485985,1.0
3.11,0.05,0.26,-60.0,0.0,30.0,0.0,-62.383017412522655,-16.127333586877228,1.0
3.12,0.05,0.26,-60.0,0.0,30.0,0.0,-62.38423834558756,-16.127379757000046,1.0
3.13,0.05,0.26,-60.0,0.0,30.0,0.0,-62.385458934668904,-16.127426062751454,1.0
3.14,0.05,0.26,-60.0,0.0,30.0,0.0,-62.38667917707204,-16.12747250402846,1.0
3.15,0.05,0.26,-60.0,0.0,30.0,0.0,-62.38789907010232,-16.127519080728078,1.0
3.16,0.05,0.26,-60.0,0.0,30.0,0.0,-62.38911861106509,-16.12756579274731,1.0
3.17,0.05,0.26,-60.0,0.0,30.0,0.0,-62.39033779726572,-16.127612639983166,1.0
3.18,0.05,0.26,-60.0,0.0,30.0,0.0,-62.391556626009546,-16.127659622332658,1.0
3.19,0.05,0.26,-60.0,0.0,30.0,0.0,-62.392775094601916,-16.127706739692798,1.0
3.2,0.05,0.26,-60.0,0.0,30.0,0.0,-62.39399320034819,-16.12775399196059,1.0
3.21,0.05,0.26,-60.0,0.0,30.0,0.0,-62.395210940553724,-16.127801379033045,1.0
3.22,0.05,0.26,-60.0,0.0,30.0,0.0,-62.39642831252387,-16.127848900807173,1.0
3.23,0.05,0.26,-60.0,0.0,30.0,0.0,-62.39764531356396,-16.127896557179984,1.0
3.24,0.05,0.26,-60.0,0.0,30.0,0.0,-62.39886194097937,-16.127944348048487,1.0
3.25,0.05,0.26,-60.0,0.0,30.0,0.0,-62.40007819207544,-16.12799227330969,1.0
3.2600000000000002,0.05,0.26,-60.0,0.0,30.0,0.0,-62.401294064157526,-16.128040332860603,1.0
3.27,0.05,0.26,-60.0,0.0,30.0,0.0,-62.40250955453097,-16.128088526598237,1.0
3.2800000000000002,0.05,0.26,-60.0,0.0,30.0,0.0,-62.40372466050114,-16.1281368544196,1.0
3.29,0.05,0.26,-60.0,0.0,30.0,0.0,-62.40493937937338,-16.128185316221703,1.0
3.3000000000000003,0.05,0.26,-60.0,0.0,30.0,0.0,-62.40615370845304,-16.12823391190155,1.0
3.31,0.05,0.26,-60.0,0.0,30.0,0.0,-62.407367645045476,-16.128282641356158,1.0
3.3200000000000003,0.05,0.26,-60.0,0.0,30.0,0.0,-62.40858118645603,-16.128331504482528,1.0
3.33,0.05,0.26,-60.0,0.0,30.0,0.0,-62.40979432999006,-16.128380501177677,1.0
3.34,0.05,0.26,-60.0,0.0,30.0,0.0,-62.41100707295293,-16.12842963133861,1.0
3.35,0.05,0.26,-60.0,0.0,30.0,0.0,-62.412219412649975,-16.128478894862337,1.0
3.36,0.05,0.26,-60.0,0.0,30.0,0.0,-62.413431346386545,-16.12852829164587,1.0
3.37,0.05,0.26,-60.0,0.0,30.0,0.0,-62.41464287146801,-16.128577821586216,1.0
3.38,0.05,0.26,-60.0,0.0,30.0,0.0,-62.4158539851997,-16.12862748458038,1.0
3.39,0.05,0.26,-60.0,0.0,30.0,0.0,-62.41706468488699,-16.12867728052538,1.0
3.4,0.05,0.26,-60.0,0.0,30.0,0.0,-62.41827496783522,-16.12872720931822,1.0
3.41,0.05,0.26,-60.0,0.0,30.0,0.0,-62.419484831349735,-16.128777270855913,1.0
3.42,0.05,0.26,-60.0,0.0,30.0,0.0,-62.42069427273589,-16.128827465035464,1.0
3.43,0.05,0.26,-60.0,0.0,30.0,0.0,-62.421903289299046,-16.128877791753887,1.0
3.44,0.05,0.26,-60.0,0.0,30.0,0.0,-62.42311187834455,-16.128928250908185,1.0
3.45,0.05,0.26,-60.0,0.0,30.0,0.0,-62.42432003717775,-16.128978842395373,1.0
3.46,0.05,0.26,-60.0,0.0,30.0,0.0,-62.425527763104,-16.129029566112457,1.0
3.47,0.05,0.26,-60.0,0.0,30.0,0.0,-62.42673505342866,-16.12908042195645,1.0
3.48,0.05,0.26,-60.0,0.0,30.0,0.0,-62.42794190545706,-16.129131409824353,1.0
3.49,0.05,0.26,-60.0,0.0,30.0,0.0,-62.429148316494576,-16.12918252961319,1.0
3.5,0.05,0.26,-60.0,0.0,30.0,0.0,-62.430354283846555,-16.129233781219956,1.0
3.5100000000000002,0.05,0.26,-60.0,0.0,30.0,0.0,-62.431559804818335,-16.129285164541667,1.0
3.52,0.05,0.26,-60.0,0.0,30.0,0.0,-62.43276487671528,-16.129336679475333,1.0
3.5300000000000002,0.05,0.26,-60.0,0.0,30.0,0.0,-62.433969496842735,-16.129388325917958,1.0
3.54,0.05,0.26,-60.0,0.0,30.0,0.0,-62.43517366250606,-16.12944010376656,1.0
3.5500000000000003,0.05,0.26,-60.0,0.0,30.0,0.0,-62.4363773710106,-16.129492012918142,1.0
3.56,0.05,0.26,-60.0,0.0,30.0,0.0,-62.437580619661716,-16.129544053269715,1.0
3.5700000000000003,0.05,0.26,-60.0,0.0,30.0,0.0,-62.438783405764745,-16.129596224718288,1.0
3.58,0.05,0.26,-60.0,0.0,30.0,0.0,-62.439985726625046,-16.129648527160867,1.0
3.59,0.05,0.26,-60.0,0.0,30.0,0.0,-62.44118757954798,-16.12970096049447,1.0
3.6,0.05,0.26,-60.0,0.0,30.0,0.0,-62.44238896183888,-16.1297535246161,1.0
3.61,0.05,0.26,-60.0,0.0,30.0,0.0,-62.443589870803116,-16.129806219422765,1.0
3.62,0.05,0.26,-60.0,0.0,30.0,0.0,-62.444790303746025,-16.12985904481148,1.0
3.63,0.05,0.26,-60.0,0.0,30.0,0.0,-62.44599025797297,-16.12991200067925,1.0
3.64,0.05,0.26,-60.0,0.0,30.0,0.0,-62.447189730789304,-16.129965086923086,1.0
3.65,0.05,0.26,-60.0,0.0,30.0,0.0,-62.448388782565054,-16.130018295182424,1.0
3.66,0.05,0.26,-60.0,0.0,30.0,0.0,-62.449587549111925,-16.130071607218508,1.0
3.67,0.05,0.26,-60.0,0.0,30.0,0.0,-62.45078583688455,-16.13012504791799,1.0
3.68,0.05,0.26,-60.0,0.0,30.0,0.0,-62.45198364327953,-16.130178617165924,1.0
3.69,0.05,0.26,-60.0,0.0,30.0,0.0,-62.45318096569349,-16.130232314847373,1.0
3.7,0.05,0.26,-60.0,0.0,30.0,0.0,-62.45437780152305,-16.1302861408474,1.0
3.71,0.05,0.26,-60.0,0.0,30.0,0.0,-62.455574148164814,-16.13034009505106,1.0
3.72,0.05,0.26,-60.0,0.0,30.0,0.0,-62.45677000301541,-16.130394177343412,1.0
3.73,0.05,0.26,-60.0,0.0,30.0,0.0,-62.457965363471445,-16.13044838760952,1.0
3.74,0.05,0.26,-60.0,0.0,30.0,0.0,-62.459160226929534,-16.130502725734438,1.0
3.75,0.05,0.26,-60.0,0.0,30.0,0.0,-62.460354590786295,-16.130557191603227,1.0
3.7600000000000002,0.05,0.26,-60.0,0.0,30.0,0.0,-62.46154845243834,-16.13061178510095,1.0
3.77,0.05,0.26,-60.0,0.0,30.0,0.0,-62.46274180928229,-16.130666506112664,1.0
3.7800000000000002,0.05,0.26,-60.0,0.0,30.0,0.0,-62.46393465871476,-16.130721354523427,1.0
3.79,0.05,0.26,-60.0,0.0,30.0,0.0,-62.46512699813237,-16.1307763302183,1.0
3.8000000000000003,0.05,0.26,-60.0,0.0,30.0,0.0,-62.46631882493172,-16.130831433082342,1.0
3.81,0.05,0.26,-60.0,0.0,30.0,0.0,-62.46751013650944,-16.130886663000616,1.0
3.8200000000000003,0.05,0.26,-60.0,0.0,30.0,0.0,-62.46870093026214,-16.130942019858175,1.0
3.83,0.05,0.26,-60.0,0.0,30.0,0.0,-62.469891203586435,-16.13099750354008,1.0
3.84,0.05,0.26,-60.0,0.0,30.0,0.0,-62.471080953878946,-16.131053113931394,1.0
3.85,0.05,0.26,-60.0,0.0,30.0,0.0,-62.47227017853628,-16.131108850917176,1.0
3.86,0.05,0.26,-60.0,0.0,30.0,0.0,-62.47345887495506,-16.131164714382482,1.0
3.87,0.05,0.26,-60.0,0.0,30.0,0.0,-62.47464704053189,-16.131220704212375,1.0
3.88,0.05,0.26,-60.0,0.0,30.0,0.0,-62.4758346726634,-16.13127682029191,1.0
3.89,0.05,0.26,-60.0,0.0,30.0,0.0,-62.477021768746205,-16.13133306250615,1.0
3.9,0.05,0.26,-60.0,0.0,30.0,0.0,-62.47820832617691,-16.131389430740153,1.0
3.91,0.05,0.26,-60.0,0.0,30.0,0.0,-62.47939434235214,-16.13144592487898,1.0
3.92,0.05,0.26,-60.0,0.0,30.0,0.0,-62.480579814668495,-16.13150254480769,1.0
3.93,0.05,0.26,-60.0,0.0,30.0,0.0,-62.481764740522614,-16.131559290411346,1.0
3.94,0.05,0.26,-60.0,0.0,30.0,0.0,-62.482949117311094,-16.131616161575,1.0
3.95,0.05,0.26,-60.0,0.0,30.0,0.0,-62.484132942430556,-16.131673158183713,1.0
3.96,0.05,0.26,-60.0,0.0,30.0,0.0,-62.48531621327762,-16.131730280122547,1.0
3.97,0.05,0.26,-60.0,0.0,30.0,0.0,-62.486498927248896,-16.131787527276565,1.0
3.98,0.05,0.26,-60.0,0.0,30.0,0.0,-62.487681081741,-16.13184489953082,1.0
3.99,0.05,0.26,-60.0,0.0,30.0,0.0,-62.48886267415055,-16.13190239677037,1.0
4.0,0.05,0.26,-60.0,0.0,30.0,0.0,-62.490043701874164,-16.13196001888028,1.0
4.01,0.05,0.26,-60.0,0.0,30.0,0.0,-62.49122416230845,-16.132017765745612,1.0
4.0200000000000005,0.05,0.26,-60.0,0.0,30.0,0.0,-62.49240405285003,-16.13207563725142,1.0
4.03,0.05,0.26,-60.0,0.0,30.0,0.0,-62.493583370895514,-16.13213363328276,1.0
4.04,0.05,0.26,-60.0,0.0,30.0,0.0,-62.49476211384152,-16.132191753724697,1.0
4.05,0.05,0.26,-60.0,0.0,30.0,0.0,-62.495940279084664,-16.132249998462292,1.0
4.0600000000000005,0.05,0.26,-60.0,0.0,30.0,0.0,-62.49711786402157,-16.132308367380602,1.0
4.07,0.05,0.26,-60.0,0.0,30.0,0.0,-62.49829486604884,-16.132366860364684,1.0
4.08,0.05,0.26,-60.0,0.0,30.0,0.0,-62.499471282563086,-16.132425477299602,1.0
4.09,0.05,0.26,-60.0,0.0,30.0,0.0,-62.50064711096094,-16.132484218070413,1.0
4.1,0.05,0.26,-60.0,0.0,30.0,0.0,-62.50182234863901,-16.132543082562176,1.0
4.11,0.05,0.26,-60.0,0.0,30.0,0.0,-62.502996992993914,-16.13260207065995,1.0
4.12,0.05,0.26,-60.0,0.0,30.0,0.0,-62.50417104142226,-16.132661182248796,1.0
4.13,0.05,0.26,-60.0,0.0,30.0,0.0,-62.50534449132068,-16.132720417213775,1.0
4.14,0.05,0.26,-60.0,0.0,30.0,0.0,-62.506517340085765,-16.132779775439943,1.0
4.15,0.05,0.26,-60.0,0.0,30.0,0.0,-62.50768958511415,-16.13283925681236,1.0
4.16,0.05,0.26,-60.0,0.0,30.0,0.0,-62.50886122380244,-16.132898861216088,1.0
4.17,0.05,0.26,-60.0,0.0,30.0,0.0,-62.51003225354726,-16.132958588536187,1.0
4.18,0.05,0.26,-60.0,0.0,30.0,0.0,-62.51120267174521,-16.13301843865771,1.0
4.19,0.05,0.26,-60.0,0.0,30.0,0.0,-62.51237247579292,-16.133078411465725,1.0
4.2,0.05,0.26,-60.0,0.0,30.0,0.0,-62.51354166308701,-16.133138506845285,1.0
4.21,0.05,0.26,-60.0,0.0,30.0,0.0,-62.51471023102408,-16.13319872468145,1.0
4.22,0.05,0.26,-60.0,0.0,30.0,0.0,-62.51587817700075,-16.13325906485928,1.0
4.23,0.05,0.26,-60.0,0.0,30.0,0.0,-62.517045498413644,-16.13331952726384,1.0
4.24,0.05,0.26,-60.0,0.0,30.0,0.0,-62.51821219265937,-16.133380111780184,1.0
4.25,0.05,0.26,-60.0,0.0,30.0,0.0,-62.51937825713454,-16.133440818293373,1.0
4.26,0.05,0.26,-60.0,0.0,30.0,0.0,-62.52054368923578,-16.13350164668846,1.0
4.2700000000000005,0.05,0.26,-60.0,0.0,30.0,0.0,-62.5217084863597,-16.133562596850517,1.0
4.28,0.05,0.26,-60.0,0.0,30.0,0.0,-62.522872645902915,-16.133623668664594,1.0
4.29,0.05,0.26,-60.0,0.0,30.0,0.0,-62.52403616526204,-16.133684862015755,1.0
4.3,0.05,0.26,-60.0,0.0,30.0,0.0,-62.52519904183369,-16.133746176789057,1.0
4.3100000000000005,0.05,0.26,-60.0,0.0,30.0,0.0,-62.52636127301448,-16.13380761286956,1.0
4.32,0.05,0.26,-60.0,0.0,30.0,0.0,-62.52752285620104,-16.133869170142322,1.0
4.33,0.05,0.26,-60.0,0.0,30.0,0.0,-62.52868378878996,-16.133930848492405,1.0
4.34,0.05,0.26,-60.0,0.0,30.0,0.0,-62.52984406817787,-16.13399264780487,1.0
4.3500000000000005,0.05,0.26,-60.0,0.0,30.0,0.0,-62.53100369176139,-16.13405456796477,1.0
4.36,0.05,0.26,-60.0,0.0,30.0,0.0,-62.53216265693713,-16.13411660885717,1.0
4.37,0.05,0.26,-60.0,0.0,30.0,0.0,-62.53332096110171,-16.13417877036713,1.0
4.38,0.05,0.26,-60.0,0.0,30.0,0.0,-62.53447860165173,-16.134241052379704,1.0
4.39,0.05,0.26,-60.0,0.0,30.0,0.0,-62.535635575983825,-16.134303454779957,1.0
4.4,0.05,0.26,-60.0,0.0,30.0,0.0,-62.536791881494594,-16.134365977452944,1.0
4.41,0.05,0.26,-60.0,0.0,30.0,0.0,-62.53794751558067,-16.134428620283728,1.0
4.42,0.05,0.26,-60.0,0.0,30.0,0.0,-62.53910247563865,-16.134491383157368,1.0
4.43,0.05,0.26,-60.0,0.0,30.0,0.0,-62.540256759065166,-16.134554265958922,1.0
4.44,0.05,0.26,-60.0,0.0,30.0,0.0,-62.54141036325682,-16.13461726857345,1.0
4.45,0.05,0.26,-60.0,0.0,30.0,0.0,-62.54256328561024,-16.13468039088601,1.0
4.46,0.05,0.26,-60.0,0.0,30.0,0.0,-62.54371552352203,-16.134743632781664,1.0
4.47,0.05,0.26,-60.0,0.0,30.0,0.0,-62.54486707438882,-16.13480699414547,1.0
4.48,0.05,0.26,-60.0,0.0,30.0,0.0,-62.54601793560721,-16.13487047486249,1.0
4.49,0.05,0.26,-60.0,0.0,30.0,0.0,-62.54716810457382,-16.134934074817778,1.0
4.5,0.05,0.26,-60.0,0.0,30.0,0.0,-62.54831757868527,-16.134997793896396,1.0
4.51,0.05,0.26,-60.0,0.0,30.0,0.0,-62.549466355338176,-16.135061631983408,1.0
4.5200000000000005,0.05,0.26,-60.0,0.0,30.0,0.0,-62.55061443192914,-16.135125588963867,1.0
4.53,0.05,0.26,-60.0,0.0,30.0,0.0,-62.551762169139835,-16.135189635589892,1.0
4.54,0.05,0.26,-60.0,0.0,30.0,0.0,-62.552909498749756,-16.135253777008582,1.0
4.55,0.05,0.26,-60.0,0.0,30.0,0.0,-62.55405614269189,-16.135318035195265,1.0
4.5600000000000005,0.05,0.26,-60.0,0.0,30.0,0.0,-62.555202098611666,-16.135382410015055,1.0
4.57,0.05,0.26,-60.0,0.0,30.0,0.0,-62.556347364154504,-16.135446901333054,1.0
4.58,0.05,0.26,-60.0,0.0,30.0,0.0,-62.55749193696582,-16.13551150901437,1.0
4.59,0.05,0.26,-60.0,0.0,30.0,0.0,-62.55863581469103,-16.135576232924112,1.0
4.6000000000000005,0.05,0.26,-60.0,0.0,30.0,0.0,-62.55977899497556,-16.135641072927385,1.0
4.61,0.05,0.26,-60.0,0.0,30.0,0.0,-62.560921475464816,-16.1357060288893,1.0
4.62,0.05,0.26,-60.0,0.0,30.0,0.0,-62.56206325380423,-16.13577110067496,1.0
4.63,0.05,0.26,-60.0,0.0,30.0,0.0,-62.56320432763921,-16.135836288149473,1.0
4.64,0.05,0.26,-60.0,0.0,30.0,0.0,-62.56434469461519,-16.135901591177948,1.0
4.65,0.05,0.26,-60.0,0.0,30.0,0.0,-62.565484352377574,-16.13596700962549,1.0
4.66,0.05,0.26,-60.0,0.0,30.0,0.0,-62.56662329857179,-16.136032543357206,1.0
4.67,0.05,0.26,-60.0,0.0,30.0,0.0,-62.56776153084325,-16.136098192238205,1.0
4.68,0.05,0.26,-60.0,0.0,30.0,0.0,-62.56889904683737,-16.136163956133593,1.0
4.69,0.05,0.26,-60.0,0.0,30.0,0.0,-62.57003584419959,-16.13622983490848,1.0
4.7,0.05,0.26,-60.0,0.0,30.0,0.0,-62.5711719205753,-16.13629582842797,1.0
4.71,0.05,0.26,-60.0,0.0,30.0,0.0,-62.57230727360994,-16.13636193655717,1.0
4.72,0.05,0.26,-60.0,0.0,30.0,0.0,-62.573441900948914,-16.136428159161188,1.0
4.73,0.05,0.26,-60.0,0.0,30.0,0.0,-62.57457580023765,-16.13649449610513,1.0
4.74,0.05,0.26,-60.0,0.0,30.0,0.0,-62.57570896912157,-16.136560947254104,1.0
4.75,0.05,0.26,-60.0,0.0,30.0,0.0,-62.576841405246086,-16.13662751247322,1.0
4.76,0.05,0.26,-60.0,0.0,30.0,0.0,-62.577973106256614,-16.13669419162758,1.0
4.7700000000000005,0.05,0.26,-60.0,0.0,30.0,0.0,-62.57910406979858,-16.136760984582295,1.0
4.78,0.05,0.26,-60.0,0.0,30.0,0.0,-62.58023429351741,-16.136827891202472,1.0
4.79,0.05,0.26,-60.0,0.0,30.0,0.0,-62.5813637750585,-16.136894911353213,1.0
4.8,0.05,0.26,-60.0,0.0,30.0,0.0,-62.58249251206728,-16.136962044899633,1.0
4.8100000000000005,0.05,0.26,-60.0,0.0,30.0,0.0,-62.58362050218918,-16.137029291706835,1.0
4.82,0.05,0.26,-60.0,0.0,30.0,0.0,-62.5847477430696,-16.137096651639926,1.0
4.83,0.05,0.26,-60.0,0.0,30.0,0.0,-62.58587423235397,-16.137164124564013,1.0
4.84,0.05,0.26,-60.0,0.0,30.0,0.0,-62.58699996768771,-16.137231710344203,1.0
4.8500000000000005,0.05,0.26,-60.0,0.0,30.0,0.0,-62.588124946716235,-16.137299408845607,1.0
4.86,0.05,0.26,-60.0,0.0,30.0,0.0,-62.589249167084965,-16.137367219933328,1.0
4.87,0.05,0.26,-60.0,0.0,30.0,0.0,-62.59037262643932,-16.137435143472473,1.0
4.88,0.05,0.26,-60.0,0.0,30.0,0.0,-62.59149532242471,-16.13750317932815,1.0
4.89,0.05,0.26,-60.0,0.0,30.0,0.0,-62.59261725268657,-16.137571327365468,1.0
4.9,0.05,0.26,-60.0,0.0,30.0,0.0,-62.59373841487031,-16.13763958744953,1.0
4.91,0.05,0.26,-60.0,0.0,30.0,0.0,-62.59485880662134,-16.13770795944545,1.0
4.92,0.05,0.26,-60.0,0.0,30.0,0.0,-62.595978425585095,-16.13777644321833,1.0
4.93,0.05,0.26,-60.0,0.0,30.0,0.0,-62.59709726940698,-16.137845038633273,1.0
4.94,0.05,0.26,-60.0,0.0,30.0,0.0,-62.59821533573243,-16.137913745555398,1.0
4.95,0.05,0.26,-60.0,0.0,30.0,0.0,-62.59933262220684,-16.1379825638498,1.0
4.96,0.05,0.26,-60.0,0.0,30.0,0.0,-62.60044912647565,-16.138051493381596,1.0
4.97,0.05,0.26,-60.0,0.0,30.0,0.0,-62.601564846184274,-16.138120534015886,1.0
4.98,0.05,0.26,-60.0,0.0,30.0,0.0,-62.60267977897812,-16.138189685617782,1.0
4.99,0.05,0.26,-60.0,0.0,30.0,0.0,-62.603793922502625,-16.138258948052385,1.0
5.0,0.05,0.26,-60.0,0.0,30.0,0.0,-62.60490727440319,-16.13832832118481,1.0
5.01,0.05,0.26,-60.0,0.0,30.0,0.0,-62.606019832325245,-16.13839780488016,1.0
5.0200000000000005,0.05,0.26,-60.0,0.0,30.0,0.0,-62.60713159391421,-16.13846739900354,1.0
5.03,0.05,0.26,-60.0,0.0,30.0,0.0,-62.60824255681549,-16.138537103420063,1.0
5.04,0.05,0.26,-60.0,0.0,30.0,0.0,-62.60935271867452,-16.13860691799483,1.0
5.05,0.05,0.26,-60.0,0.0,30.0,0.0,-62.61046207713671,-16.138676842592954,1.0
5.0600000000000005,0.05,0.26,-60.0,0.0,30.0,0.0,-62.611570629847485,-16.138746877079537,1.0
5.07,0.05,0.26,-60.0,0.0,30.0,0.0,-62.61267837445225,-16.13881702131969,1.0
5.08,0.05,0.26,-60.0,0.0,30.0,0.0,-62.61378530859644,-16.138887275178515,1.0
5.09,0.05,0.26,-60.0,0.0,30.0,0.0,-62.61489142992547,-16.138957638521127,1.0
5.1000000000000005,0.05,0.26,-60.0,0.0,30.0,0.0,-62.61599673608475,-16.139028111212625,1.0
5.11,0.05,0.26,-60.0,0.0,30.0,0.0,-62.61710122471971,-16.13909869311812,1.0
5.12,0.05,0.26,-60.0,0.0,30.0,0.0,-62.61820489347576,-16.139169384102722,1.0
5.13,0.05,0.26,-60.0,0.0,30.0,0.0,-62.61930773999833,-16.139240184031532,1.0
5.14,0.05,0.26,-60.0,0.0,30.0,0.0,-62.62040976193282,-16.139311092769663,1.0
5.15,0.05,0.26,-60.0,0.0,30.0,0.0,-62.621510956924666,-16.13938211018222,1.0
5.16,0.05,0.26,-60.0,0.0,30.0,0.0,-62.62261132261928,-16.139453236134305,1.0
5.17,0.05,0.26,-60.0,0.0,30.0,0.0,-62.62371085666208,-16.139524470491033,1.0
5.18,0.05,0.26,-60.0,0.0,30.0,0.0,-62.62480955669849,-16.139595813117506,1.0
5.19,0.05,0.26,-60.0,0.0,30.0,0.0,-62.62590742037392,-16.139667263878835,1.0
5.2,0.05,0.26,-60.0,0.0,30.0,0.0,-62.6270044453338,-16.139738822640123,1.0
5.21,0.05,0.26,-60.0,0.0,30.0,0.0,-62.62810062922354,-16.13981048926648,1.0
5.22,0.05,0.26,-60.0,0.0,30.0,0.0,-62.62919596968857,-16.139882263623015,1.0
5.23,0.05,0.26,-60.0,0.0,30.0,0.0,-62.63029046437428,-16.13995414557483,1.0
5.24,0.05,0.26,-60.0,0.0,30.0,0.0,-62.63138411092613,-16.140026134987036,1.0
5.25,0.05,0.26,-60.0,0.0,30.0,0.0,-62.63247690698951,-16.14009823172474,1.0
5.26,0.05,0.26,-60.0,0.0,30.0,0.0,-62.63356885020985,-16.140170435653047,1.0
5.2700000000000005,0.05,0.26,-60.0,0.0,30.0,0.0,-62.634659938232566,-16.140242746637064,1.0
5.28,0.05,0.26,-60.0,0.0,30.0,0.0,-62.63575016870307,-16.140315164541903,1.0
5.29,0.05,0.26,-60.0,0.0,30.0,0.0,-62.636839539266795,-16.140387689232664,1.0
5.3,0.05,0.26,-60.0,0.0,30.0,0.0,-62.63792804756915,-16.14046032057446,1.0
5.3100000000000005,0.05,0.26,-60.0,0.0,30.0,0.0,-62.63901569125556,-16.140533058432393,1.0
5.32,0.05,0.26,-60.0,0.0,30.0,0.0,-62.64010246797143,-16.140605902671574,1.0
5.33,0.05,0.26,-60.0,0.0,30.0,0.0,-62.6411883753622,-16.14067885315711,1.0
5.34,0.05,0.26,-60.0,0.0,30.0,0.0,-62.64227341107327,-16.14075190975411,1.0
5.3500000000000005,0.05,0.26,-60.0,0.0,30.0,0.0,-62.64335757275007,-16.140825072327672,1.0
5.36,0.05,0.26,-60.0,0.0,30.0,0.0,-62.64444085803801,-16.140898340742915,1.0
5.37,0.05,0.26,-60.0,0.0,30.0,0.0,-62.645523264582515,-16.14097171486494,1.0
5.38,0.05,0.26,-60.0,0.0,30.0,0.0,-62.64660479002901,-16.141045194558853,1.0
5.39,0.05,0.26,-60.0,0.0,30.0,0.0,-62.647685432022904,-16.141118779689762,1.0
5.4,0.05,0.26,-60.0,0.0,30.0,0.0,-62.648765188209616,-16.14119247012278,1.0
5.41,0.05,0.26,-60.0,0.0,30.0,0.0,-62.64984477035983,-16.141266221251243,1.0
5.42,0.05,0.26,-60.0,0.0,30.0,0.0,-62.65092358141597,-16.14134006997507,1.0
5.43,0.05,0.26,-60.0,0.0,30.0,0.0,-62.6520015274064,-16.141414021864765,1.0
5.44,0.05,0.26,-60.0,0.0,30.0,0.0,-62.65307860628699,-16.14148807676611,1.0
5.45,0.05,0.26,-60.0,0.0,30.0,0.0,-62.65415481601361,-16.14156223452487,1.0
5.46,0.05,0.26,-60.0,0.0,30.0,0.0,-62.655230154542124,-16.141636494986827,1.0
5.47,0.05,0.26,-60.0,0.0,30.0,0.0,-62.6563046198284,-16.141710857997747,1.0
5.48,0.05,0.26,-60.0,0.0,30.0,0.0,-62.65737820982831,-16.14178532340341,1.0
5.49,0.05,0.26,-60.0,0.0,30.0,0.0,-62.65845092249772,-16.14185989104959,1.0
5.5,0.05,0.26,-60.0,0.0,30.0,0.0,-62.6595227557925,-16.14193456078206,1.0
5.51,0.05,0.26,-60.0,0.0,30.0,0.0,-62.66059370766852,-16.142009332446595,1.0
5.5200000000000005,0.05,0.26,-60.0,0.0,30.0,0.0,-62.661663776081646,-16.142084205888967,1.0
5.53,0.05,0.26,-60.0,0.0,30.0,0.0,-62.662732958987746,-16.14215918095495,1.0
5.54,0.05,0.26,-60.0,0.0,30.0,0.0,-62.66380125434269,-16.142234257490315,1.0
5.55,0.05,0.26,-60.0,0.0,30.0,0.0,-62.66486866010234,-16.142309435340845,1.0
5.5600000000000005,0.05,0.26,-60.0,0.0,30.0,0.0,-62.66593517422258,-16.142384714352307,1.0
5.57,0.05,0.26,-60.0,0.0,30.0,0.0,-62.667000794659266,-16.142460094370477,1.0
5.58,0.05,0.26,-60.0,0.0,30.0,0.0,-62.66806551936826,-16.14253557524113,1.0
5.59,0.05,0.26,-60.0,0.0,30.0,0.0,-62.66912934630545,-16.14261115681004,1.0
5.6000000000000005,0.05,0.26,-60.0,0.0,30.0,0.0,-62.67019227342669,-16.14268683892298,1.0
5.61,0.05,0.26,-60.0,0.0,30.0,0.0,-62.671254298687856,-16.142762621425724,1.0
5.62,0.05,0.26,-60.0,0.0,30.0,0.0,-62.67231542004481,-16.142838504164047,1.0
5.63,0.05,0.26,-60.0,0.0,30.0,0.0,-62.673375635453425,-16.14291448698372,1.0
5.64,0.05,0.26,-60.0,0.0,30.0,0.0,-62.67443494286957,-16.14299056973052,1.0
5.65,0.05,0.26,-60.0,0.0,30.0,0.0,-62.675493340249105,-16.143066752250224,1.0
5.66,0.05,0.26,-60.0,0.0,30.0,0.0,-62.676550825547906,-16.1431430343886,1.0
5.67,0.05,0.26,-60.0,0.0,30.0,0.0,-62.67760739672184,-16.143219415991425,1.0
5.68,0.05,0.26,-60.0,0.0,30.0,0.0,-62.67866305172678,-16.143295896904473,1.0
5.69,0.05,0.26,-60.0,0.0,30.0,0.0,-62.67971778851859,-16.143372476973518,1.0
5.7,0.05,0.26,-60.0,0.0,30.0,0.0,-62.68077160505314,-16.143449156044333,1.0
5.71,0.05,0.26,-60.0,0.0,30.0,0.0,-62.68182449928629,-16.143525933962696,1.0
5.72,0.05,0.26,-60.0,0.0,30.0,0.0,-62.68287646917392,-16.143602810574375,1.0
5.73,0.05,0.26,-60.0,0.0,30.0,0.0,-62.68392751267189,-16.143679785725148,1.0
5.74,0.05,0.26,-60.0,0.0,30.0,0.0,-62.68497762773608,-16.14375685926079,1.0
5.75,0.05,0.26,-60.0,0.0,30.0,0.0,-62.68602681232235,-16.143834031027072,1.0
5.76,0.05,0.26,-60.0,0.0,30.0,0.0,-62.68707506438657,-16.143911300869767,1.0
5.7700000000000005,0.05,0.26,-60.0,0.0,30.0,0.0,-62.688122381884604,-16.143988668634655,1.0
5.78,0.05,0.26,-60.0,0.0,30.0,0.0,-62.689168762772326,-16.144066134167506,1.0
5.79,0.05,0.26,-60.0,0.0,30.0,0.0,-62.6902142050056,-16.144143697314092,1.0
5.8,0.05,0.26,-60.0,0.0,30.0,0.0,-62.6912587065403,-16.14422135792019,1.0
5.8100000000000005,0.05,0.26,-60.0,0.0,30.0,0.0,-62.692302265332295,-16.14429911583158,1.0
5.82,0.05,0.26,-60.0,0.0,30.0,0.0,-62.69334487933745,-16.144376970894022,1.0
5.83,0.05,0.26,-60.0,0.0,30.0,0.0,-62.69438654651163,-16.1444549229533,1.0
5.84,0.05,0.26,-60.0,0.0,30.0,0.0,-62.69542726481071,-16.144532971855188,1.0
5.8500000000000005,0.05,0.26,-60.0,0.0,30.0,0.0,-62.696467032190554,-16.144611117445457,1.0
5.86,0.05,0.26,-60.0,0.0,30.0,0.0,-62.69750584660703,-16.14468935956988,1.0
5.87,0.05,0.26,-60.0,0.0,30.0,0.0,-62.69854370601601,-16.144767698074237,1.0
5.88,0.05,0.26,-60.0,0.0,30.0,0.0,-62.69958060837337,-16.144846132804297,1.0
5.89,0.05,0.26,-60.0,0.0,30.0,0.0,-62.70061655163496,-16.144924663605835,1.0
5.9,0.05,0.26,-60.0,0.0,30.0,0.0,-62.70165153375666,-16.145003290324624,1.0
5.91,0.05,0.26,-60.0,0.0,30.0,0.0,-62.702685552694334,-16.14508201280644,1.0
5.92,0.05,0.26,-60.0,0.0,30.0,0.0,-62.703718606403854,-16.14516083089706,1.0
5.93,0.05,0.26,-60.0,0.0,30.0,0.0,-62.70475069284109,-16.145239744442247,1.0
5.94,0.05,0.26,-60.0,0.0,30.0,0.0,-62.705781809961906,-16.14531875328779,1.0
5.95,0.05,0.26,-60.0,0.0,30.0,0.0,-62.70681195572217,-16.145397857279452,1.0
5.96,0.05,0.26,-60.0,0.0,30.0,0.0,-62.70784112807776,-16.145477056263008,1.0
5.97,0.05,0.26,-60.0,0.0,30.0,0.0,-62.70886932498453,-16.145556350084238,1.0
5.98,0.05,0.26,-60.0,0.0,30.0,0.0,-62.70989654439836,-16.145635738588915,1.0
5.99,0.05,0.26,-60.0,0.0,30.0,0.0,-62.71092278427512,-16.145715221622808,1.0
6.0,0.05,0.26,-60.0,0.0,30.0,0.0,-62.71194804257066,-16.145794799031695,1.0
6.01,0.05,0.26,-60.0,0.0,30.0,0.0,-62.71297231724087,-16.145874470661347,1.0
6.0200000000000005,0.05,0.26,-60.0,0.0,30.0,0.0,-62.7139956062416,-16.145954236357543,1.0
6.03,0.05,0.26,-60.0,0.0,30.0,0.0,-62.71501790752874,-16.146034095966055,1.0
6.04,0.05,0.26,-60.0,0.0,30.0,0.0,-62.71603921905814,-16.146114049332652,1.0
6.05,0.05,0.26,-60.0,0.0,30.0,0.0,-62.717059538785676,-16.146194096303116,1.0
6.0600000000000005,0.05,0.26,-60.0,0.0,30.0,0.0,-62.71807886466722,-16.146274236723215,1.0
6.07,0.05,0.26,-60.0,0.0,30.0,0.0,-62.71909719465863,-16.146354470438727,1.0
6.08,0.05,0.26,-60.0,0.0,30.0,0.0,-62.72011452671578,-16.146434797295427,1.0
6.09,0.05,0.26,-60.0,0.0,30.0,0.0,-62.721130858794545,-16.146515217139083,1.0
6.1000000000000005,0.05,0.26,-60.0,0.0,30.0,0.0,-62.72214618885078,-16.146595729815473,1.0
6.11,0.05,0.26,-60.0,0.0,30.0,0.0,-62.723160514840366,-16.146676335170373,1.0
6.12,0.05,0.26,-60.0,0.0,30.0,0.0,-62.72417383471917,-16.146757033049553,1.0
6.13,0.05,0.26,-60.0,0.0,30.0,0.0,-62.72518614644304,-16.14683782329879,1.0
6.140000000000001,0.05,0.26,-60.0,0.0,30.0,0.0,-62.72619744796788,-16.146918705763852,1.0
6.15,0.05,0.26,-60.0,0.0,30.0,0.0,-62.72720773724953,-16.146999680290524,1.0
6.16,0.05,0.26,-60.0,0.0,30.0,0.0,-62.72821701224387,-16.147080746724573,1.0
6.17,0.05,0.26,-60.0,0.0,30.0,0.0,-62.72922527090677,-16.147161904911773,1.0
6.18,0.05,0.26,-60.0,0.0,30.0,0.0,-62.73023251119409,-16.1472431546979,1.0
6.19,0.05,0.26,-60.0,0.0,30.0,0.0,-62.7312387310617,-16.147324495928725,1.0
6.2,0.05,0.26,-60.0,0.0,30.0,0.0,-62.73224392846548,-16.147405928450027,1.0
6.21,0.05,0.26,-60.0,0.0,30.0,0.0,-62.73324810136129,-16.147487452107576,1.0
6.22,0.05,0.26,-60.0,0.0,30.0,0.0,-62.734251247705,-16.14756906674715,1.0
6.23,0.05,0.26,-60.0,0.0,30.0,0.0,-62.735253365452465,-16.14765077221452,1.0
6.24,0.05,0.26,-60.0,0.0,30.0,0.0,-62.73625445255958,-16.147732568355455,1.0
6.25,0.05,0.26,-60.0,0.0,30.0,0.0,-62.73725450698219,-16.14781445501574,1.0
6.26,0.05,0.26,-60.0,0.0,30.0,0.0,-62.73825352667618,-16.147896432041144,1.0
6.2700000000000005,0.05,0.26,-60.0,0.0,30.0,0.0,-62.73925150959741,-16.14797849927744,1.0
6.28,0.05,0.26,-60.0,0.0,30.0,0.0,-62.74024863687117,-16.148060648610926,1.0
6.29,0.05,0.26,-60.0,0.0,30.0,0.0,-62.74124545601743,-16.148142856006523,1.0
6.3,0.05,0.26,-60.0,0.0,30.0,0.0,-62.74224126327603,-16.148225151802496,1.0
6.3100000000000005,0.05,0.26,-60.0,0.0,30.0,0.0,-62.74323605695179,-16.148307535829456,1.0
6.32,0.05,0.26,-60.0,0.0,30.0,0.0,-62.74422983534954,-16.148390007918014,1.0
6.33,0.05,0.26,-60.0,0.0,30.0,0.0,-62.745222596774134,-16.148472567898775,1.0
6.34,0.05,0.26,-60.0,0.0,30.0,0.0,-62.74621433953039,-16.148555215602354,1.0
6.3500000000000005,0.05,0.26,-60.0,0.0,30.0,0.0,-62.74720506192314,-16.148637950859356,1.0
6.36,0.05,0.26,-60.0,0.0,30.0,0.0,-62.74819476225723,-16.148720773500397,1.0
6.37,0.05,0.26,-60.0,0.0,30.0,0.0,-62.74918343883748,-16.148803683356086,1.0
6.38,0.05,0.26,-60.0,0.0,30.0,0.0,-62.75017108996873,-16.14888668025703,1.0
6.390000000000001,0.05,0.26,-60.0,0.0,30.0,0.0,-62.75115771395582,-16.148969764033836,1.0
6.4,0.05,0.26,-60.0,0.0,30.0,0.0,-62.752143309103566,-16.149052934517126,1.0
6.41,0.05,0.26,-60.0,0.0,30.0,0.0,-62.75312787371682,-16.149136191537497,1.0
6.42,0.05,0.26,-60.0,0.0,30.0,0.0,-62.75411140610041,-16.149219534925567,1.0
6.43,0.05,0.26,-60.0,0.0,30.0,0.0,-62.75509390455915,-16.149302964511946,1.0
6.44,0.05,0.26,-60.0,0.0,30.0,0.0,-62.756075367397905,-16.14938648012724,1.0
6.45,0.05,0.26,-60.0,0.0,30.0,0.0,-62.75705579292149,-16.14947008160206,1.0
6.46,0.05,0.26,-60.0,0.0,30.0,0.0,-62.75803517943475,-16.14955376876702,1.0
6.47,0.05,0.26,-60.0,0.0,30.0,0.0,-62.7590135252425,-16.149637541452726,1.0
6.48,0.05,0.26,-60.0,0.0,30.0,0.0,-62.75999082864959,-16.14972139948979,1.0
6.49,0.05,0.26,-60.0,0.0,30.0,0.0,-62.76096708796085,-16.14980534270882,1.0
6.5,0.05,0.26,-60.0,0.0,30.0,0.0,-62.761942301481106,-16.14988937094043,1.0
6.51,0.05,0.26,-60.0,0.0,30.0,0.0,-62.7629164675152,-16.149973484015224,1.0
6.5200000000000005,0.05,0.26,-60.0,0.0,30.0,0.0,-62.76388958436796,-16.150057681763816,1.0
6.53,0.05,0.26,-60.0,0.0,30.0,0.0,-62.76486165034422,-16.150141964016818,1.0
6.54,0.05,0.26,-60.0,0.0,30.0,0.0,-62.765832663748824,-16.150226330604838,1.0
6.55,0.05,0.26,-60.0,0.0,30.0,0.0,-62.766802622886594,-16.150310781358485,1.0
6.5600000000000005,0.05,0.26,-60.0,0.0,30.0,0.0,-62.76777152606236,-16.15039531610837,1.0
6.57,0.05,0.26,-60.0,0.0,30.0,0.0,-62.76873937158097,-16.1504799346851,1.0
6.58,0.05,0.26,-60.0,0.0,30.0,0.0,-62.769706157747244,-16.15056463691929,1.0
6.59,0.05,0.26,-60.0,0.0,30.0,0.0,-62.770671882866026,-16.15064942264155,1.0
6.6000000000000005,0.05,0.26,-60.0,0.0,30.0,0.0,-62.77163654524214,-16.150734291682486,1.0
6.61,0.05,0.26,-60.0,0.0,30.0,0.0,-62.772600143180426,-16.150819243872714,1.0
6.62,0.05,0.26,-60.0,0.0,30.0,0.0,-62.77356267498572,-16.150904279042837,1.0
6.63,0.05,0.26,-60.0,0.0,30.0,0.0,-62.77452413896284,-16.15098939702347,1.0
6.640000000000001,0.05,0.26,-60.0,0.0,30.0,0.0,-62.77548453341664,-16.15107459764522,1.0
6.65,0.05,0.26,-60.0,0.0,30.0,0.0,-62.77644385665194,-16.1511598807387,1.0
6.66,0.05,0.26,-60.0,0.0,30.0,0.0,-62.777402106973575,-16.15124524613452,1.0
6.67,0.05,0.26,-60.0,0.0,30.0,0.0,-62.77835928268639,-16.151330693663287,1.0
6.68,0.05,0.26,-60.0,0.0,30.0,0.0,-62.7793153820952,-16.151416223155614,1.0
6.69,0.05,0.26,-60.0,0.0,30.0,0.0,-62.78027040350485,-16.151501834442108,1.0
6.7,0.05,0.26,-60.0,0.0,30.0,0.0,-62.781224345220174,-16.151587527353385,1.0
6.71,0.05,0.26,-60.0,0.0,30.0,0.0,-62.782177205546,-16.15167330172005,1.0
6.72,0.05,0.26,-60.0,0.0,30.0,0.0,-62.78312898278717,-16.15175915737271,1.0
6.73,0.05,0.26,-60.0,0.0,30.0,0.0,-62.784079675248506,-16.151845094141983,1.0
6.74,0.05,0.26,-60.0,0.0,30.0,0.0,-62.78502928123485,-16.151931111858474,1.0
6.75,0.05,0.26,-60.0,0.0,30.0,0.0,-62.78597779905103,-16.152017210352795,1.0
6.76,0.05,0.26,-60.0,0.0,30.0,0.0,-62.78692522700189,-16.152103389455554,1.0
6.7700000000000005,0.05,0.26,-60.0,0.0,30.0,0.0,-62.787871563392244,-16.152189648997368,1.0
6.78,0.05,0.26,-60.0,0.0,30.0,0.0,-62.788816806526945,-16.152275988808835,1.0
6.79,0.05,0.26,-60.0,0.0,30.0,0.0,-62.78976095471082,-16.152362408720577,1.0
6.8,0.05,0.26,-60.0,0.0,30.0,0.0,-62.7907040062487,-16.152448908563198,1.0
6.8100000000000005,0.05,0.26,-60.0,0.0,30.0,0.0,-62.79164595944542,-16.152535488167306,1.0
6.82,0.05,0.26,-60.0,0.0,30.0,0.0,-62.79258681260581,-16.152622147363516,1.0
6.83,0.05,0.26,-60.0,0.0,30.0,0.0,-62.793526564034714,-16.152708885982435,1.0
6.84,0.05,0.26,-60.0,0.0,30.0,0.0,-62.794465212036954,-16.152795703854675,1.0
6.8500000000000005,0.05,0.26,-60.0,0.0,30.0,0.0,-62.79540275491737,-16.152882600810848,1.0
6.86,0.05,0.26,-60.0,0.0,30.0,0.0,-62.79633919098079,-16.152969576681556,1.0
6.87,0.05,0.26,-60.0,0.0,30.0,0.0,-62.79727451853205,-16.153056631297417,1.0
6.88,0.05,0.26,-60.0,0.0,30.0,0.0,-62.79820873587599,-16.15314376448904,1.0
6.890000000000001,0.05,0.26,-60.0,0.0,30.0,0.0,-62.799141841317436,-16.153230976087034,1.0
6.9,0.05,0.26,-60.0,0.0,30.0,0.0,-62.80007383316122,-16.153318265922007,1.0
6.91,0.05,0.26,-60.0,0.0,30.0,0.0,-62.80100470971218,-16.15340563382457,1.0
6.92,0.05,0.26,-60.0,0.0,30.0,0.0,-62.80193446927515,-16.153493079625335,1.0
6.93,0.05,0.26,-60.0,0.0,30.0,0.0,-62.802863110154966,-16.15358060315491,1.0
6.94,0.05,0.26,-60.0,0.0,30.0,0.0,-62.80379063065645,-16.153668204243907,1.0
6.95,0.05,0.26,-60.0,0.0,30.0,0.0,-62.80471702908445,-16.153755882722937,1.0
6.96,0.05,0.26,-60.0,0.0,30.0,0.0,-62.80564230374379,-16.153843638422604,1.0
6.97,0.05,0.26,-60.0,0.0,30.0,0.0,-62.8065664529393,-16.153931471173525,1.0
6.98,0.05,0.26,-60.0,0.0,30.0,0.0,-62.807489474975824,-16.154019380806307,1.0
6.99,0.05,0.26,-60.0,0.0,30.0,0.0,-62.80841136815819,-16.15410736715156,1.0
7.0,0.05,0.26,-60.0,0.0,30.0,0.0,-62.80933213079123,-16.154195430039895,1.0
7.01,0.05,0.26,-60.0,0.0,30.0,0.0,-62.81025176117979,-16.15428356930192,1.0
7.0200000000000005,0.05,0.26,-60.0,0.0,30.0,0.0,-62.81117025762869,-16.154371784768248,1.0
7.03,0.05,0.26,-60.0,0.0,30.0,0.0,-62.81208761844276,-16.154460076269487,1.0
7.04,0.05,0.26,-60.0,0.0,30.0,0.0,-62.81300384192684,-16.15454844363625,1.0
7.05,0.05,0.26,-60.0,0.0,30.0,0.0,-62.813918926385774,-16.154636886699144,1.0
7.0600000000000005,0.05,0.26,-60.0,0.0,30.0,0.0,-62.81483287012438,-16.15472540528878,1.0
7.07,0.05,0.26,-60.0,0.0,30.0,0.0,-62.815745671447495,-16.154813999235767,1.0
7.08,0.05,0.26,-60.0,0.0,30.0,0.0,-62.81665732865996,-16.154902668370717,1.0
7.09,0.05,0.26,-60.0,0.0,30.0,0.0,-62.817567840066594,-16.154991412524236,1.0
7.1000000000000005,0.05,0.26,-60.0,0.0,30.0,0.0,-62.81847720397224,-16.15508023152694,1.0
7.11,0.05,0.26,-60.0,0.0,30.0,0.0,-62.81938541868174,-16.15516912520944,1.0
7.12,0.05,0.26,-60.0,0.0,30.0,0.0,-62.820292482499916,-16.155258093402338,1.0
7.13,0.05,0.26,-60.0,0.0,30.0,0.0,-62.8211983937316,-16.15534713593625,1.0
7.140000000000001,0.05,0.26,-60.0,0.0,30.0,0.0,-62.82210315068163,-16.155436252641785,1.0
7.15,0.05,0.26,-60.0,0.0,30.0,0.0,-62.82300675165484,-16.15552544334955,1.0
7.16,0.05,0.26,-60.0,0.0,30.0,0.0,-62.82390975948618,-16.15561469461401,1.0
7.17,0.05,0.26,-60.0,0.0,30.0,0.0,-62.82481214880148,-16.155704006822635,1.0
7.18,0.05,0.26,-60.0,0.0,30.0,0.0,-62.825713414222314,-16.155793391651244,1.0
7.19,0.05,0.26,-60.0,0.0,30.0,0.0,-62.8266135544702,-16.15588284892064,1.0
7.2,0.05,0.26,-60.0,0.0,30.0,0.0,-62.82751256826662,-16.155972378451644,1.0
7.21,0.05,0.26,-60.0,0.0,30.0,0.0,-62.828410454333074,-16.156061980065058,1.0
7.22,0.05,0.26,-60.0,0.0,30.0,0.0,-62.82930721139105,-16.1561516535817,1.0
7.23,0.05,0.26,-60.0,0.0,30.0,0.0,-62.830202838162045,-16.156241398822377,1.0
7.24,0.05,0.26,-60.0,0.0,30.0,0.0,-62.83109733336756,-16.156331215607903,1.0
7.25,0.05,0.26,-60.0,0.0,30.0,0.0,-62.831990695729075,-16.156421103759087,1.0
7.26,0.05,0.26,-60.0,0.0,30.0,0.0,-62.8328829239681,-16.156511063096744,1.0
7.2700000000000005,0.05,0.26,-60.0,0.0,30.0,0.0,-62.833774016806125,-16.156601093441683,1.0
7.28,0.05,0.26,-60.0,0.0,30.0,0.0,-62.834663972964634,-16.156691194614716,1.0
7.29,0.05,0.26,-60.0,0.0,30.0,0.0,-62.835552791165135,-16.156781366436654,1.0
7.3,0.05,0.26,-60.0,0.0,30.0,0.0,-62.83644047012911,-16.15687160872831,1.0
7.3100000000000005,0.05,0.26,-60.0,0.0,30.0,0.0,-62.837327008578065,-16.156961921310494,1.0
7.32,0.05,0.26,-60.0,0.0,30.0,0.0,-62.83821240523349,-16.15705230400402,1.0
7.33,0.05,0.26,-60.0,0.0,30.0,0.0,-62.83909665881688,-16.15714275662969,1.0
7.34,0.05,0.26,-60.0,0.0,30.0,0.0,-62.83997976804972,-16.157233279008327,1.0
7.3500000000000005,0.05,0.26,-60.0,0.0,30.0,0.0,-62.840861731653526,-16.157323870960738,1.0
7.36,0.05,0.26,-60.0,0.0,30.0,0.0,-62.84174254834977,-16.157414532307733,1.0
7.37,0.05,0.26,-60.0,0.0,30.0,0.0,-62.84262221685996,-16.157505262870124,1.0
7.38,0.05,0.26,-60.0,0.0,30.0,0.0,-62.84350073590558,-16.157596062468723,1.0
7.390000000000001,0.05,0.26,-60.0,0.0,30.0,0.0,-62.84437810420813,-16.157686930924342,1.0
7.4,0.05,0.26,-60.0,0.0,30.0,0.0,-62.84525432048911,-16.15777786805779,1.0
7.41,0.05,0.26,-60.0,0.0,30.0,0.0,-62.846129383470014,-16.157868873689882,1.0
7.42,0.05,0.26,-60.0,0.0,30.0,0.0,-62.847003291872326,-16.157959947641427,1.0
7.43,0.05,0.26,-60.0,0.0,30.0,0.0,-62.847876044417546,-16.158051089733235,1.0
7.44,0.05,0.26,-60.0,0.0,30.0,0.0,-62.84874763982717,-16.15814229978612,1.0
7.45,0.05,0.26,-60.0,0.0,30.0,0.0,-62.849618076822686,-16.158233577620894,1.0
7.46,0.05,0.26,-60.0,0.0,30.0,0.0,-62.8504873541256,-16.158324923058366,1.0
7.47,0.05,0.26,-60.0,0.0,30.0,0.0,-62.8513554704574,-16.158416335919352,1.0
7.48,0.05,0.26,-60.0,0.0,30.0,0.0,-62.852222424539576,-16.158507816024656,1.0
7.49,0.05,0.26,-60.0,0.0,30.0,0.0,-62.85308821509363,-16.158599363195094,1.0
7.5,0.05,0.26,-60.0,0.0,30.0,0.0,-62.853952840841046,-16.158690977251474,1.0
7.51,0.05,0.26,-60.0,0.0,30.0,0.0,-62.85481630050333,-16.158782658014616,1.0
7.5200000000000005,0.05,0.26,-60.0,0.0,30.0,0.0,-62.85567859280197,-16.15887440530532,1.0
7.53,0.05,0.26,-60.0,0.0,30.0,0.0,-62.85653971645847,-16.158966218944407,1.0
7.54,0.05,0.26,-60.0,0.0,30.0,0.0,-62.85739967019431,-16.15905809875268,1.0
7.55,0.05,0.26,-60.0,0.0,30.0,0.0,-62.85825845273099,-16.15915004455096,1.0
7.5600000000000005,0.05,0.26,-60.0,0.0,30.0,0.0,-62.85911606279001,-16.159242056160046,1.0
7.57,0.05,0.26,-60.0,0.0,30.0,0.0,-62.859972499092855,-16.159334133400762,1.0
7.58,0.05,0.26,-60.0,0.0,30.0,0.0,-62.86082776036103,-16.15942627609391,1.0
7.59,0.05,0.26,-60.0,0.0,30.0,0.0,-62.86168184531602,-16.15951848406031,1.0
7.6000000000000005,0.05,0.26,-60.0,0.0,30.0,0.0,-62.86253475267932,-16.159610757120763,1.0
7.61,0.05,0.26,-60.0,0.0,30.0,0.0,-62.863386481172434,-16.15970309509609,1.0
7.62,0.05,0.26,-60.0,0.0,30.0,0.0,-62.86423702951685,-16.159795497807096,1.0
7.63,0.05,0.26,-60.0,0.0,30.0,0.0,-62.86508639643406,-16.159887965074596,1.0
7.640000000000001,0.05,0.26,-60.0,0.0,30.0,0.0,-62.86593458064556,-16.159980496719403,1.0
7.65,0.05,0.26,-60.0,0.0,30.0,0.0,-62.866781580872846,-16.16007309256232,1.0
7.66,0.05,0.26,-60.0,0.0,30.0,0.0,-62.86762739583741,-16.160165752424167,1.0
7.67,0.05,0.26,-60.0,0.0,30.0,0.0,-62.868472024260754,-16.16025847612575,1.0
7.68,0.05,0.26,-60.0,0.0,30.0,0.0,-62.869315464864364,-16.160351263487886,1.0
7.69,0.05,0.26,-60.0,0.0,30.0,0.0,-62.87015771636973,-16.160444114331384,1.0
7.7,0.05,0.26,-60.0,0.0,30.0,0.0,-62.870998777498365,-16.16053702847705,1.0
7.71,0.05,0.26,-60.0,0.0,30.0,0.0,-62.87183864697174,-16.160630005745706,1.0
7.72,0.05,0.26,-60.0,0.0,30.0,0.0,-62.87267732351137,-16.160723045958154,1.0
7.73,0.05,0.26,-60.0,0.0,30.0,0.0,-62.87351480583874,-16.160816148935208,1.0
7.74,0.05,0.26,-60.0,0.0,30.0,0.0,-62.87435109267534,-16.16090931449768,1.0
7.75,0.05,0.26,-60.0,0.0,30.0,0.0,-62.87518618274267,-16.16100254246638,1.0
7.76,0.05,0.26,-60.0,0.0,30.0,0.0,-62.87602007476222,-16.161095832662124,1.0
7.7700000000000005,0.05,0.26,-60.0,0.0,30.0,0.0,-62.876852767455496,-16.16118918490572,1.0
7.78,0.05,0.26,-60.0,0.0,30.0,0.0,-62.87768425954398,-16.16128259901798,1.0
7.79,0.05,0.26,-60.0,0.0,30.0,0.0,-62.87851454974918,-16.161376074819714,1.0
7.8,0.05,0.26,-60.0,0.0,30.0,0.0,-62.879343636792576,-16.161469612131732,1.0
7.8100000000000005,0.05,0.26,-60.0,0.0,30.0,0.0,-62.88017151939567,-16.16156321077485,1.0
7.82,0.05,0.26,-60.0,0.0,30.0,0.0,-62.88099819627995,-16.16165687056988,1.0
7.83,0.05,0.26,-60.0,0.0,30.0,0.0,-62.88182366616691,-16.16175059133763,1.0
7.84,0.05,0.26,-60.0,0.0,30.0,0.0,-62.88264792777805,-16.16184437289891,1.0
7.8500000000000005,0.05,0.26,-60.0,0.0,30.0,0.0,-62.883470979834875,-16.161938215074535,1.0
7.86,0.05,0.26,-60.0,0.0,30.0,0.0,-62.884292821058864,-16.162032117685314,1.0
7.87,0.05,0.26,-60.0,0.0,30.0,0.0,-62.88511345017151,-16.16212608055206,1.0
7.88,0.05,0.26,-60.0,0.0,30.0,0.0,-62.88593286589432,-16.16222010349558,1.0
7.890000000000001,0.05,0.26,-60.0,0.0,30.0,0.0,-62.886751066948776,-16.162314186336694,1.0
7.9,0.05,0.26,-60.0,0.0,30.0,0.0,-62.88756805205637,-16.162408328896205,1.0
7.91,0.05,0.26,-60.0,0.0,30.0,0.0,-62.88838381993862,-16.16250253099493,1.0
7.92,0.05,0.26,-60.0,0.0,30.0,0.0,-62.88919836931699,-16.162596792453677,1.0
7.930000000000001,0.05,0.26,-60.0,0.0,30.0,0.0,-62.890011698913,-16.16269111309326,1.0
7.94,0.05,0.26,-60.0,0.0,30.0,0.0,-62.89082380744813,-16.16278549273449,1.0
7.95,0.05,0.26,-60.0,0.0,30.0,0.0,-62.89163469364388,-16.162879931198173,1.0
7.96,0.05,0.26,-60.0,0.0,30.0,0.0,-62.89244435622174,-16.16297442830513,1.0
7.97,0.05,0.26,-60.0,0.0,30.0,0.0,-62.8932527939032,-16.163068983876165,1.0
7.98,0.05,0.26,-60.0,0.0,30.0,0.0,-62.89406000540977,-16.16316359773209,1.0
7.99,0.05,0.26,-60.0,0.0,30.0,0.0,-62.89486598946293,-16.16325826969372,1.0
8.0,0.05,0.26,-60.0,0.0,30.0,0.0,-62.895670744784184,-16.163352999581864,1.0
8.01,0.05,0.26,-60.0,0.0,30.0,0.0,-62.89647427009502,-16.163447787217333,1.0
8.02,0.05,0.26,-60.0,0.0,30.0,0.0,-62.897276564116936,-16.163542632420942,1.0
8.03,0.05,0.26,-60.0,0.0,30.0,0.0,-62.89807762557142,-16.163637535013496,1.0
8.040000000000001,0.05,0.26,-60.0,0.0,30.0,0.0,-62.89887827922696,-16.163732484527767,1.0
8.05,0.05,0.26,-60.0,0.0,30.0,0.0,-62.899677881296704,-16.163827488786715,1.0
8.06,0.05,0.26,-60.0,0.0,30.0,0.0,-62.90047628067084,-16.16392254947724,1.0
8.07,0.05,0.26,-60.0,0.0,30.0,0.0,-62.901273476447386,-16.164017666415454,1.0
8.08,0.05,0.26,-60.0,0.0,30.0,0.0,-62.90206946772436,-16.164112839417488,1.0
8.09,0.05,0.26,-60.0,0.0,30.0,0.0,-62.902864253599766,-16.16420806829946,1.0
8.1,0.05,0.26,-60.0,0.0,30.0,0.0,-62.90365783317162,-16.164303352877493,1.0
8.11,0.05,0.26,-60.0,0.0,30.0,0.0,-62.90445020553793,-16.164398692967712,1.0
8.120000000000001,0.05,0.26,-60.0,0.0,30.0,0.0,-62.90524136979671,-16.16449408838623,1.0
8.13,0.05,0.26,-60.0,0.0,30.0,0.0,-62.90603132504597,-16.16458953894918,1.0
8.14,0.05,0.26,-60.0,0.0,30.0,0.0,-62.90682007038373,-16.16468504447268,1.0
8.15,0.05,0.26,-60.0,0.0,30.0,0.0,-62.907607604907994,-16.164780604772847,1.0
8.16,0.05,0.26,-60.0,0.0,30.0,0.0,-62.90839392771677,-16.16487621966581,1.0
8.17,0.05,0.26,-60.0,0.0,30.0,0.0,-62.90917903790808,-16.16497188896769,1.0
8.18,0.05,0.26,-60.0,0.0,30.0,0.0,-62.90996293457993,-16.165067612494607,1.0
8.19,0.05,0.26,-60.0,0.0,30.0,0.0,-62.91074561683033,-16.16516339006268,1.0
8.2,0.05,0.26,-60.0,0.0,30.0,0.0,-62.91152708375729,-16.165259221488036,1.0
8.21,0.05,0.26,-60.0,0.0,30.0,0.0,-62.91230733445884,-16.165355106586798,1.0
8.22,0.05,0.26,-60.0,0.0,30.0,0.0,-62.913086368032964,-16.165451045175082,1.0
8.23,0.05,0.26,-60.0,0.0,30.0,0.0,-62.913864183577694,-16.165547037069015,1.0
8.24,0.05,0.26,-60.0,0.0,30.0,0.0,-62.91464078019103,-16.165643082084717,1.0
8.25,0.05,0.26,-60.0,0.0,30.0,0.0,-62.91541615697099,-16.16573918003831,1.0
8.26,0.05,0.26,-60.0,0.0,30.0,0.0,-62.91619031301559,-16.16583533074592,1.0
8.27,0.05,0.26,-60.0,0.0,30.0,0.0,-62.916963247422835,-16.165931534023663,1.0
8.28,0.05,0.26,-60.0,0.0,30.0,0.0,-62.91773495929073,-16.166027789687664,1.0
8.290000000000001,0.05,0.26,-60.0,0.0,30.0,0.0,-62.91850544771731,-16.166124097554047,1.0
8.3,0.05,0.26,-60.0,0.0,30.0,0.0,-62.91927471180056,-16.16622045743893,1.0
8.31,0.05,0.26,-60.0,0.0,30.0,0.0,-62.92004275063851,-16.166316869158436,1.0
8.32,0.05,0.26,-60.0,0.0,30.0,0.0,-62.92080956332916,-16.166413332528688,1.0
8.33,0.05,0.26,-60.0,0.0,30.0,0.0,-62.92157514897053,-16.16650984736581,1.0
8.34,0.05,0.26,-60.0,0.0,30.0,0.0,-62.92233950666063,-16.16660641348592,1.0
8.35,0.05,0.26,-60.0,0.0,30.0,0.0,-62.923102635497465,-16.166703030705143,1.0
8.36,0.05,0.26,-60.0,0.0,30.0,0.0,-62.92386453457906,-16.1667996988396,1.0
8.370000000000001,0.05,0.26,-60.0,0.0,30.0,0.0,-62.924625203003416,-16.166896417705413,1.0
8.38,0.05,0.26,-60.0,0.0,30.0,0.0,-62.92538463986855,-16.166993187118706,1.0
8.39,0.05,0.26,-60.0,0.0,30.0,0.0,-62.92614284427246,-16.167090006895595,1.0
8.4,0.05,0.26,-60.0,0.0,30.0,0.0,-62.926899815313185,-16.16718687685221,1.0
8.41,0.05,0.26,-60.0,0.0,30.0,0.0,-62.927655552088716,-16.167283796804668,1.0
8.42,0.05,0.26,-60.0,0.0,30.0,0.0,-62.928410053697064,-16.167380766569092,1.0
8.43,0.05,0.26,-60.0,0.0,30.0,0.0,-62.92916331923625,-16.167477785961605,1.0
8.44,0.05,0.26,-60.0,0.0,30.0,0.0,-62.92991534780429,-16.16757485479833,1.0
8.45,0.05,0.26,-60.0,0.0,30.0,0.0,-62.930666138499184,-16.167671972895384,1.0
8.46,0.05,0.26,-60.0,0.0,30.0,0.0,-62.931415690418945,-16.167769140068895,1.0
8.47,0.05,0.26,-60.0,0.0,30.0,0.0,-62.93216400266159,-16.167866356134983,1.0
8.48,0.05,0.26,-60.0,0.0,30.0,0.0,-62.932911074325126,-16.167963620909767,1.0
8.49,0.05,0.26,-60.0,0.0,30.0,0.0,-62.93365690450757,-16.16806093420937,1.0
8.5,0.05,0.26,-60.0,0.0,30.0,0.0,-62.934401492306925,-16.16815829584992,1.0
8.51,0.05,0.26,-60.0,0.0,30.0,0.0,-62.935144836821216,-16.168255705647535,1.0
8.52,0.05,0.26,-60.0,0.0,30.0,0.0,-62.935886937148446,-16.168353163418335,1.0
8.53,0.05,0.26,-60.0,0.0,30.0,0.0,-62.93662779238663,-16.168450668978444,1.0
8.540000000000001,0.05,0.26,-60.0,0.0,30.0,0.0,-62.93736740163378,-16.168548222143983,1.0
8.55,0.05,0.26,-60.0,0.0,30.0,0.0,-62.9381057639879,-16.168645822731076,1.0
8.56,0.05,0.26,-60.0,0.0,30.0,0.0,-62.93884287854701,-16.168743470555842,1.0
8.57,0.05,0.26,-60.0,0.0,30.0,0.0,-62.93957874440912,-16.168841165434408,1.0
8.58,0.05,0.26,-60.0,0.0,30.0,0.0,-62.940313360672235,-16.16893890718289,1.0
8.59,0.05,0.26,-60.0,0.0,30.0,0.0,-62.94104672643438,-16.169036695617418,1.0
8.6,0.05,0.26,-60.0,0.0,30.0,0.0,-62.94177884079356,-16.169134530554103,1.0
8.61,0.05,0.26,-60.0,0.0,30.0,0.0,-62.94250970284779,-16.169232411809077,1.0
8.620000000000001,0.05,0.26,-60.0,0.0,30.0,0.0,-62.943239311695066,-16.169330339198456,1.0
8.63,0.05,0.26,-60.0,0.0,30.0,0.0,-62.94396766643342,-16.169428312538365,1.0
8.64,0.05,0.26,-60.0,0.0,30.0,0.0,-62.94469476616086,-16.169526331644924,1.0
8.65,0.05,0.26,-60.0,0.0,30.0,0.0,-62.945420609975386,-16.16962439633426,1.0
8.66,0.05,0.26,-60.0,0.0,30.0,0.0,-62.94614519697502,-16.169722506422488,1.0
8.67,0.05,0.26,-60.0,0.0,30.0,0.0,-62.946868526257774,-16.169820661725733,1.0
8.68,0.05,0.26,-60.0,0.0,30.0,0.0,-62.94759059692165,-16.16991886206012,1.0
8.69,0.05,0.26,-60.0,0.0,30.0,0.0,-62.94831140806467,-16.170017107241765,1.0
8.700000000000001,0.05,0.26,-60.0,0.0,30.0,0.0,-62.949030958784846,-16.170115397086796,1.0
8.71,0.05,0.26,-60.0,0.0,30.0,0.0,-62.94974924818018,-16.170213731411334,1.0
8.72,0.05,0.26,-60.0,0.0,30.0,0.0,-62.950466275348695,-16.170312110031496,1.0
8.73,0.05,0.26,-60.0,0.0,30.0,0.0,-62.9511820393884,-16.17041053276341,1.0
8.74,0.05,0.26,-60.0,0.0,30.0,0.0,-62.951896539397296,-16.170508999423195,1.0
8.75,0.05,0.26,-60.0,0.0,30.0,0.0,-62.95260977447341,-16.170607509826972,1.0
8.76,0.05,0.26,-60.0,0.0,30.0,0.0,-62.953321743714746,-16.170706063790867,1.0
8.77,0.05,0.26,-60.0,0.0,30.0,0.0,-62.954032446219315,-16.170804661130997,1.0
8.78,0.05,0.26,-60.0,0.0,30.0,0.0,-62.95474188108513,-16.17090330166349,1.0
8.790000000000001,0.05,0.26,-60.0,0.0,30.0,0.0,-62.9554500474102,-16.171001985204462,1.0
8.8,0.05,0.26,-60.0,0.0,30.0,0.0,-62.956156944292545,-16.17110071157004,1.0
8.81,0.05,0.26,-60.0,0.0,30.0,0.0,-62.956862570830175,-16.171199480576345,1.0
8.82,0.05,0.26,-60.0,0.0,30.0,0.0,-62.95756692612109,-16.171298292039495,1.0
8.83,0.05,0.26,-60.0,0.0,30.0,0.0,-62.958270009263316,-16.171397145775614,1.0
8.84,0.05,0.26,-60.0,0.0,30.0,0.0,-62.95897181935486,-16.17149604160083,1.0
8.85,0.05,0.26,-60.0,0.0,30.0,0.0,-62.95967235549373,-16.171594979331257,1.0
8.86,0.05,0.26,-60.0,0.0,30.0,0.0,-62.96037161677794,-16.17169395878302,1.0
8.870000000000001,0.05,0.26,-60.0,0.0,30.0,0.0,-62.96106960230551,-16.171792979772242,1.0
8.88,0.05,0.26,-60.0,0.0,30.0,0.0,-62.961766311174436,-16.171892042115044,1.0
8.89,0.05,0.26,-60.0,0.0,30.0,0.0,-62.96246174248274,-16.171991145627548,1.0
8.9,0.05,0.26,-60.0,0.0,30.0,0.0,-62.963155895328434,-16.172090290125876,1.0
8.91,0.05,0.26,-60.0,0.0,30.0,0.0,-62.96384892949967,-16.172189475409695,1.0
8.92,0.05,0.26,-60.0,0.0,30.0,0.0,-62.96454152329865,-16.17228870122557,1.0
8.93,0.05,0.26,-60.0,0.0,30.0,0.0,-62.96523286984498,-16.172387967472158,1.0
8.94,0.05,0.26,-60.0,0.0,30.0,0.0,-62.96592296861843,-16.172487273965547,1.0
8.950000000000001,0.05,0.26,-60.0,0.0,30.0,0.0,-62.966611819098745,-16.172586620521823,1.0
8.96,0.05,0.26,-60.0,0.0,30.0,0.0,-62.96729942076569,-16.17268600695706,1.0
8.97,0.05,0.26,-60.0,0.0,30.0,0.0,-62.967985773099024,-16.17278543308735,1.0
8.98,0.05,0.26,-60.0,0.0,30.0,0.0,-62.9686708755785,-16.172884898728768,1.0
8.99,0.05,0.26,-60.0,0.0,30.0,0.0,-62.969354727683886,-16.172984403697402,1.0
9.0,0.05,0.26,-60.0,0.0,30.0,0.0,-62.97003732889494,-16.173083947809335,1.0
9.01,0.05,0.26,-60.0,0.0,30.0,0.0,-62.97071867869142,-16.17318353088065,1.0
9.02,0.05,0.26,-60.0,0.0,30.0,0.0,-62.97139877655308,-16.173283152727425,1.0
9.03,0.05,0.26,-60.0,0.0,30.0,0.0,-62.97207762195969,-16.173382813165748,1.0
9.040000000000001,0.05,0.26,-60.0,0.0,30.0,0.0,-62.972755214391,-16.1734825120117,1.0
9.05,0.05,0.26,-60.0,0.0,30.0,0.0,-62.97343155332677,-16.173582249081363,1.0
9.06,0.05,0.26,-60.0,0.0,30.0,0.0,-62.97410663824676,-16.173682024190825,1.0
9.07,0.05,0.26,-60.0,0.0,30.0,0.0,-62.97478046863073,-16.173781837156163,1.0
9.08,0.05,0.26,-60.0,0.0,30.0,0.0,-62.975453043958446,-16.17388168779346,1.0
9.09,0.05,0.26,-60.0,0.0,30.0,0.0,-62.97612436370965,-16.173981575918805,1.0
9.1,0.05,0.26,-60.0,0.0,30.0,0.0,-62.97679442736412,-16.174081501348276,1.0
9.11,0.05,0.26,-60.0,0.0,30.0,0.0,-62.977463234401604,-16.17418146389796,1.0
9.120000000000001,0.05,0.26,-60.0,0.0,30.0,0.0,-62.97813078430187,-16.17428146338393,1.0
9.13,0.05,0.26,-60.0,0.0,30.0,0.0,-62.97879707654466,-16.17438149962228,1.0
9.14,0.05,0.26,-60.0,0.0,30.0,0.0,-62.97946211060975,-16.17448157242909,1.0
9.15,0.05,0.26,-60.0,0.0,30.0,0.0,-62.98012588597689,-16.17458168162044,1.0
9.16,0.05,0.26,-60.0,0.0,30.0,0.0,-62.980788402125846,-16.174681827012417,1.0
9.17,0.05,0.26,-60.0,0.0,30.0,0.0,-62.98144965853638,-16.1747820084211,1.0
9.18,0.05,0.26,-60.0,0.0,30.0,0.0,-62.98210965468823,-16.174882225662575,1.0
9.19,0.05,0.26,-60.0,0.0,30.0,0.0,-62.98276839006118,-16.174982478552923,1.0
9.200000000000001,0.05,0.26,-60.0,0.0,30.0,0.0,-62.98342586413498,-16.17508276690823,1.0
9.21,0.05,0.26,-60.0,0.0,30.0,0.0,-62.98408207638938,-16.17518309054457,1.0
9.22,0.05,0.26,-60.0,0.0,30.0,0.0,-62.98473702630415,-16.175283449278037,1.0
9.23,0.05,0.26,-60.0,0.0,30.0,0.0,-62.98539071335905,-16.17538384292471,1.0
9.24,0.05,0.26,-60.0,0.0,30.0,0.0,-62.98604313703384,-16.17548427130067,1.0
9.25,0.05,0.26,-60.0,0.0,30.0,0.0,-62.98669429680827,-16.175584734222003,1.0
9.26,0.05,0.26,-60.0,0.0,30.0,0.0,-62.9873441921621,-16.17568523150479,1.0
9.27,0.05,0.26,-60.0,0.0,30.0,0.0,-62.987992822575094,-16.175785762965113,1.0
9.28,0.05,0.26,-60.0,0.0,30.0,0.0,-62.98864018752702,-16.175886328419054,1.0
9.290000000000001,0.05,0.26,-60.0,0.0,30.0,0.0,-62.98928628649762,-16.1759869276827,1.0
9.3,0.05,0.26,-60.0,0.0,30.0,0.0,-62.98993111896666,-16.176087560572135,1.0
9.31,0.05,0.26,-60.0,0.0,30.0,0.0,-62.9905746844139,-16.176188226903434,1.0
9.32,0.05,0.26,-60.0,0.0,30.0,0.0,-62.9912169823191,-16.17628892649269,1.0
9.33,0.05,0.26,-60.0,0.0,30.0,0.0,-62.99185801216202,-16.176389659155976,1.0
9.34,0.05,0.26,-60.0,0.0,30.0,0.0,-62.992497773422414,-16.176490424709385,1.0
9.35,0.05,0.26,-60.0,0.0,30.0,0.0,-62.99313626558005,-16.17659122296899,1.0
9.36,0.05,0.26,-60.0,0.0,30.0,0.0,-62.99377348811468,-16.17669205375088,1.0
9.370000000000001,0.05,0.26,-60.0,0.0,30.0,0.0,-62.994409440506054,-16.17679291687114,1.0
9.38,0.05,0.26,-60.0,0.0,30.0,0.0,-62.995044122233956,-16.176893812145845,1.0
9.39,0.05,0.26,-60.0,0.0,30.0,0.0,-62.995677532778124,-16.176994739391084,1.0
9.4,0.05,0.26,-60.0,0.0,30.0,0.0,-62.99630967161833,-16.17709569842294,1.0
9.41,0.05,0.26,-60.0,0.0,30.0,0.0,-62.99694053823432,-16.177196689057492,1.0
9.42,0.05,0.26,-60.0,0.0,30.0,0.0,-62.997570132105864,-16.17729771111083,1.0
9.43,0.05,0.26,-60.0,0.0,30.0,0.0,-62.998198452712714,-16.17739876439903,1.0
9.44,0.05,0.26,-60.0,0.0,30.0,0.0,-62.99882549953463,-16.177499848738176,1.0
9.450000000000001,0.05,0.26,-60.0,0.0,30.0,0.0,-62.99945127205139,-16.17760096394435,1.0
9.46,0.05,0.26,-60.0,0.0,30.0,0.0,-63.00007576974272,-16.177702109833643,1.0
9.47,0.05,0.26,-60.0,0.0,30.0,0.0,-63.00069899208841,-16.177803286222126,1.0
9.48,0.05,0.26,-60.0,0.0,30.0,0.0,-63.00132093856819,-16.177904492925894,1.0
9.49,0.05,0.26,-60.0,0.0,30.0,0.0,-63.00194160866185,-16.17800572976102,1.0
9.5,0.05,0.26,-60.0,0.0,30.0,0.0,-63.002561001849124,-16.17810699654359,1.0
9.51,0.05,0.26,-60.0,0.0,30.0,0.0,-63.00317911760978,-16.178208293089693,1.0
9.52,0.05,0.26,-60.0,0.0,30.0,0.0,-63.00379595542359,-16.178309619215405,1.0
9.53,0.05,0.26,-60.0,0.0,30.0,0.0,-63.00441151477029,-16.178410974736806,1.0
9.540000000000001,0.05,0.26,-60.0,0.0,30.0,0.0,-63.005025795129654,-16.17851235946999,1.0
9.55,0.05,0.26,-60.0,0.0,30.0,0.0,-63.00563879598144,-16.17861377323103,1.0
9.56,0.05,0.26,-60.0,0.0,30.0,0.0,-63.0062505168054,-16.178715215836014,1.0
9.57,0.05,0.26,-60.0,0.0,30.0,0.0,-63.0068609570813,-16.178816687101023,1.0
9.58,0.05,0.26,-60.0,0.0,30.0,0.0,-63.0074701162889,-16.178918186842143,1.0
9.59,0.05,0.26,-60.0,0.0,30.0,0.0,-63.008077993907946,-16.17901971487545,1.0
9.6,0.05,0.26,-60.0,0.0,30.0,0.0,-63.008684589418216,-16.179121271017035,1.0
9.61,0.05,0.26,-60.0,0.0,30.0,0.0,-63.00928990229946,-16.179222855082976,1.0
9.620000000000001,0.05,0.26,-60.0,0.0,30.0,0.0,-63.00989393203144,-16.17932446688936,1.0
9.63,0.05,0.26,-60.0,0.0,30.0,0.0,-63.01049667809391,-16.17942610625226,1.0
9.64,0.05,0.26,-60.0,0.0,30.0,0.0,-63.01109813996663,-16.179527772987775,1.0
9.65,0.05,0.26,-60.0,0.0,30.0,0.0,-63.01169831712936,-16.179629466911972,1.0
9.66,0.05,0.26,-60.0,0.0,30.0,0.0,-63.01229720906186,-16.179731187840947,1.0
9.67,0.05,0.26,-60.0,0.0,30.0,0.0,-63.01289481524389,-16.179832935590774,1.0
9.68,0.05,0.26,-60.0,0.0,30.0,0.0,-63.01349113515521,-16.179934709977537,1.0
9.69,0.05,0.26,-60.0,0.0,30.0,0.0,-63.01408616827558,-16.180036510817324,1.0
9.700000000000001,0.05,0.26,-60.0,0.0,30.0,0.0,-63.01467991408475,-16.180138337926216,1.0
9.71,0.05,0.26,-60.0,0.0,30.0,0.0,-63.0152723720625,-16.180240191120294,1.0
9.72,0.05,0.26,-60.0,0.0,30.0,0.0,-63.01586354168856,-16.18034207021564,1.0
9.73,0.05,0.26,-60.0,0.0,30.0,0.0,-63.01645342244271,-16.18044397502834,1.0
9.74,0.05,0.26,-60.0,0.0,30.0,0.0,-63.017042013804705,-16.180545905374473,1.0
9.75,0.05,0.26,-60.0,0.0,30.0,0.0,-63.0176293152543,-16.180647861070128,1.0
9.76,0.05,0.26,-60.0,0.0,30.0,0.0,-63.01821532627126,-16.180749841931384,1.0
9.77,0.05,0.26,-60.0,0.0,30.0,0.0,-63.018800046335336,-16.180851847774324,1.0
9.78,0.05,0.26,-60.0,0.0,30.0,0.0,-63.01938347492629,-16.18095387841503,1.0
9.790000000000001,0.05,0.26,-60.0,0.0,30.0,0.0,-63.019966052007604,-16.181055938774723,1.0
9.8,0.05,0.26,-60.0,0.0,30.0,0.0,-63.02054782984995,-16.181158029281317,1.0
9.81,0.05,0.26,-60.0,0.0,30.0,0.0,-63.02112834608376,-16.181260144398145,1.0
9.82,0.05,0.26,-60.0,0.0,30.0,0.0,-63.02170760054123,-16.18136228394537,1.0
9.83,0.05,0.26,-60.0,0.0,30.0,0.0,-63.02228559305456,-16.18146444774316,1.0
9.84,0.05,0.26,-60.0,0.0,30.0,0.0,-63.02286232345596,-16.18156663561168,1.0
9.85,0.05,0.26,-60.0,0.0,30.0,0.0,-63.023437791577635,-16.181668847371107,1.0
9.86,0.05,0.26,-60.0,0.0,30.0,0.0,-63.02401199725178,-16.1817710828416,1.0
9.870000000000001,0.05,0.26,-60.0,0.0,30.0,0.0,-63.0245849403106,-16.181873341843332,1.0
9.88,0.05,0.26,-60.0,0.0,30.0,0.0,-63.025156620586316,-16.181975624196465,1.0
9.89,0.05,0.26,-60.0,0.0,30.0,0.0,-63.02572703791111,-16.182077929721174,1.0
9.9,0.05,0.26,-60.0,0.0,30.0,0.0,-63.0262961921172,-16.18218025823762,1.0
9.91,0.05,0.26,-60.0,0.0,30.0,0.0,-63.02686408303678,-16.182282609565974,1.0
9.92,0.05,0.26,-60.0,0.0,30.0,0.0,-63.02743071050205,-16.182384983526404,1.0
9.93,0.05,0.26,-60.0,0.0,30.0,0.0,-63.02799607434523,-16.182487379939076,1.0
9.94,0.05,0.26,-60.0,0.0,30.0,0.0,-63.02856017439852,-16.182589798624157,1.0
9.950000000000001,0.05,0.26,-60.0,0.0,30.0,0.0,-63.02912301049412,-16.18269223940182,1.0
9.96,0.05,0.26,-60.0,0.0,30.0,0.0,-63.02968458246422,-16.182794702092227,1.0
9.97,0.05,0.26,-60.0,0.0,30.0,0.0,-63.03024489014105,-16.18289718651555,1.0
9.98,0.05,0.26,-60.0,0.0,30.0,0.0,-63.03080393335679,-16.18299969249195,1.0
9.99,0.05,0.26,-60.0,0.0,30.0,0.0,-63.03136171194366,-16.183102219841604,1.0
10.0,0.05,0.26,-60.0,0.0,30.0,0.0,-63.031918225733854,-16.183204768384673,1.0
