[{"data_set_value_component_environment_variable_time":0.0,"data_set_value_component_E_variable_E":0.08333,"data_set_value_component_E__variable_E_":0.08333,"data_set_value_component_ED_variable_ED":0.08333,"data_set_value_component_ED__variable_ED_":0.08333,"data_set_value_component_ENaD_variable_ENaD":0.08333,"data_set_value_component_ENaD__variable_ENaD_":0.08333,"data_set_value_component_ENa_variable_ENa":0.08333,"data_set_value_component_ENa__variable_ENa_":0.08333,"data_set_value_component_ECl_variable_ECl":0.08333,"data_set_value_component_ECl__variable_ECl_":0.08333,"data_set_value_component_ENaCl_variable_ENaCl":0.08333,"data_set_value_component_ENaCl__variable_ENaCl_":0.08333,"data_set_value_component_reaction_constants_variable_k1":100000.0,"data_set_value_component_reaction_constants_variable_k2":418300.0,"data_set_value_component_reaction_constants_variable_k3":100000.0,"data_set_value_component_reaction_constants_variable_k4":4928000.0,"data_set_value_component_reaction_constants_variable_k5":100000.0,"data_set_value_component_reaction_constants_variable_k6":1065000.0,"data_set_value_component_reaction_constants_variable_k7":100000.0,"data_set_value_component_reaction_constants_variable_k8":89400.0,"data_set_value_component_reaction_constants_variable_k9":100000.0,"data_set_value_component_reaction_constants_variable_k10":418300.0,"data_set_value_component_reaction_constants_variable_k11":100000.0,"data_set_value_component_reaction_constants_variable_k12":4982000.0,"data_set_value_component_reaction_constants_variable_k13":100000.0,"data_set_value_component_reaction_constants_variable_k14":1065000.0,"data_set_value_component_reaction_constants_variable_k15":100000.0,"data_set_value_component_reaction_constants_variable_k16":89400.0,"data_set_value_component_reaction_constants_variable_k17":458700.0,"data_set_value_component_reaction_constants_variable_k18":100000.0,"data_set_value_component_reaction_constants_variable_k19":1000.0,"data_set_value_component_reaction_constants_variable_k20":218.0,"data_set_value_component_reaction_constants_variable_k21":100000.0,"data_set_value_component_reaction_constants_variable_k22":418300.0,"data_set_value_component_reaction_constants_variable_k23":100000.0,"data_set_value_component_reaction_constants_variable_k24":31.92,"data_set_value_component_reaction_constants_variable_k25":100000.0,"data_set_value_component_reaction_constants_variable_k26":31.92,"data_set_value_component_reaction_constants_variable_k27":100000.0,"data_set_value_component_reaction_constants_variable_k28":138900.0,"data_set_value_component_reaction_constants_variable_k29":100000.0,"data_set_value_component_reaction_constants_variable_k30":0.3514,"data_set_value_component_reaction_constants_variable_k31":100000.0,"data_set_value_component_reaction_constants_variable_k32":0.1166,"data_set_value_component_reaction_constants_variable_Na":50.0,"data_set_value_component_reaction_constants_variable_Cl":96.0,"data_set_value_component_reaction_constants_variable_D":0.000001,"data_set_value_component_reaction_constants_variable_Cl_":40.0,"data_set_value_component_reaction_constants_variable_Na_":10.0,"data_set_value_component_reaction_constants_variable_D_":0.000001},{"data_set_value_component_environment_variable_time":0.1,"data_set_value_component_E_variable_E":0.0042264039,"data_set_value_component_E__variable_E_":0.0234550235,"data_set_value_component_ED_variable_ED":0.0005410966,"data_set_value_component_ED__variable_ED_":0.0201245936,"data_set_value_component_ENaD_variable_ENaD":0.0064678057,"data_set_value_component_ENaD__variable_ENaD_":0.1448855031,"data_set_value_component_ENa_variable_ENa":0.0503023612,"data_set_value_component_ENa__variable_ENa_":0.0566365254,"data_set_value_component_ECl_variable_ECl":0.008169065,"data_set_value_component_ECl__variable_ECl_":0.0188661003,"data_set_value_component_ENaCl_variable_ENaCl":0.4533445433,"data_set_value_component_ENaCl__variable_ENaCl_":0.2129409778,"data_set_value_component_reaction_constants_variable_k1":100000.0,"data_set_value_component_reaction_constants_variable_k2":418300.0,"data_set_value_component_reaction_constants_variable_k3":100000.0,"data_set_value_component_reaction_constants_variable_k4":4928000.0,"data_set_value_component_reaction_constants_variable_k5":100000.0,"data_set_value_component_reaction_constants_variable_k6":1065000.0,"data_set_value_component_reaction_constants_variable_k7":100000.0,"data_set_value_component_reaction_constants_variable_k8":89400.0,"data_set_value_component_reaction_constants_variable_k9":100000.0,"data_set_value_component_reaction_constants_variable_k10":418300.0,"data_set_value_component_reaction_constants_variable_k11":100000.0,"data_set_value_component_reaction_constants_variable_k12":4982000.0,"data_set_value_component_reaction_constants_variable_k13":100000.0,"data_set_value_component_reaction_constants_variable_k14":1065000.0,"data_set_value_component_reaction_constants_variable_k15":100000.0,"data_set_value_component_reaction_constants_variable_k16":89400.0,"data_set_value_component_reaction_constants_variable_k17":458700.0,"data_set_value_component_reaction_constants_variable_k18":100000.0,"data_set_value_component_reaction_constants_variable_k19":1000.0,"data_set_value_component_reaction_constants_variable_k20":218.0,"data_set_value_component_reaction_constants_variable_k21":100000.0,"data_set_value_component_reaction_constants_variable_k22":418300.0,"data_set_value_component_reaction_constants_variable_k23":100000.0,"data_set_value_component_reaction_constants_variable_k24":31.92,"data_set_value_component_reaction_constants_variable_k25":100000.0,"data_set_value_component_reaction_constants_variable_k26":31.92,"data_set_value_component_reaction_constants_variable_k27":100000.0,"data_set_value_component_reaction_constants_variable_k28":138900.0,"data_set_value_component_reaction_constants_variable_k29":100000.0,"data_set_value_component_reaction_constants_variable_k30":0.3514,"data_set_value_component_reaction_constants_variable_k31":100000.0,"data_set_value_component_reaction_constants_variable_k32":0.1166,"data_set_value_component_reaction_constants_variable_Na":50.0,"data_set_value_component_reaction_constants_variable_Cl":96.0,"data_set_value_component_reaction_constants_variable_D":0.000001,"data_set_value_component_reaction_constants_variable_Cl_":40.0,"data_set_value_component_reaction_constants_variable_Na_":10.0,"data_set_value_component_reaction_constants_variable_D_":0.000001},{"data_set_value_component_environment_variable_time":0.2,"data_set_value_component_E_variable_E":0.0042678739,"data_set_value_component_E__variable_E_":0.0236859407,"data_set_value_component_ED_variable_ED":0.0000350348,"data_set_value_component_ED__variable_ED_":0.0199320532,"data_set_value_component_ENaD_variable_ENaD":0.0004187763,"data_set_value_component_ENaD__variable_ENaD_":0.1434993224,"data_set_value_component_ENa_variable_ENa":0.0507958495,"data_set_value_component_ENa__variable_ENa_":0.0571941937,"data_set_value_component_ECl_variable_ECl":0.0082492154,"data_set_value_component_ECl__variable_ECl_":0.0190518444,"data_set_value_component_ENaCl_variable_ENaCl":0.457792191,"data_set_value_component_ENaCl__variable_ENaCl_":0.2150377052,"data_set_value_component_reaction_constants_variable_k1":100000.0,"data_set_value_component_reaction_constants_variable_k2":418300.0,"data_set_value_component_reaction_constants_variable_k3":100000.0,"data_set_value_component_reaction_constants_variable_k4":4928000.0,"data_set_value_component_reaction_constants_variable_k5":100000.0,"data_set_value_component_reaction_constants_variable_k6":1065000.0,"data_set_value_component_reaction_constants_variable_k7":100000.0,"data_set_value_component_reaction_constants_variable_k8":89400.0,"data_set_value_component_reaction_constants_variable_k9":100000.0,"data_set_value_component_reaction_constants_variable_k10":418300.0,"data_set_value_component_reaction_constants_variable_k11":100000.0,"data_set_value_component_reaction_constants_variable_k12":4982000.0,"data_set_value_component_reaction_constants_variable_k13":100000.0,"data_set_value_component_reaction_constants_variable_k14":1065000.0,"data_set_value_component_reaction_constants_variable_k15":100000.0,"data_set_value_component_reaction_constants_variable_k16":89400.0,"data_set_value_component_reaction_constants_variable_k17":458700.0,"data_set_value_component_reaction_constants_variable_k18":100000.0,"data_set_value_component_reaction_constants_variable_k19":1000.0,"data_set_value_component_reaction_constants_variable_k20":218.0,"data_set_value_component_reaction_constants_variable_k21":100000.0,"data_set_value_component_reaction_constants_variable_k22":418300.0,"data_set_value_component_reaction_constants_variable_k23":100000.0,"data_set_value_component_reaction_constants_variable_k24":31.92,"data_set_value_component_reaction_constants_variable_k25":100000.0,"data_set_value_component_reaction_constants_variable_k26":31.92,"data_set_value_component_reaction_constants_variable_k27":100000.0,"data_set_value_component_reaction_constants_variable_k28":138900.0,"data_set_value_component_reaction_constants_variable_k29":100000.0,"data_set_value_component_reaction_constants_variable_k30":0.3514,"data_set_value_component_reaction_constants_variable_k31":100000.0,"data_set_value_component_reaction_constants_variable_k32":0.1166,"data_set_value_component_reaction_constants_variable_Na":50.0,"data_set_value_component_reaction_constants_variable_Cl":96.0,"data_set_value_component_reaction_constants_variable_D":0.000001,"data_set_value_component_reaction_constants_variable_Cl_":40.0,"data_set_value_component_reaction_constants_variable_Na_":10.0,"data_set_value_component_reaction_constants_variable_D_":0.000001},{"data_set_value_component_environment_variable_time":0.3,"data_set_value_component_E_variable_E":0.0042771721,"data_set_value_component_E__variable_E_":0.0237375744,"data_set_value_component_ED_variable_ED":0.000014241,"data_set_value_component_ED__variable_ED_":0.0197427026,"data_set_value_component_ENaD_variable_ENaD":0.0001702247,"data_set_value_component_ENaD__variable_ENaD_":0.1421361074,"data_set_value_component_ENa_variable_ENa":0.0509065133,"data_set_value_component_ENa__variable_ENa_":0.057318876,"data_set_value_component_ECl_variable_ECl":0.0082671875,"data_set_value_component_ECl__variable_ECl_":0.0190933763,"data_set_value_component_ENaCl_variable_ENaCl":0.4587895417,"data_set_value_component_ENaCl__variable_ENaCl_":0.2155064841,"data_set_value_component_reaction_constants_variable_k1":100000.0,"data_set_value_component_reaction_constants_variable_k2":418300.0,"data_set_value_component_reaction_constants_variable_k3":100000.0,"data_set_value_component_reaction_constants_variable_k4":4928000.0,"data_set_value_component_reaction_constants_variable_k5":100000.0,"data_set_value_component_reaction_constants_variable_k6":1065000.0,"data_set_value_component_reaction_constants_variable_k7":100000.0,"data_set_value_component_reaction_constants_variable_k8":89400.0,"data_set_value_component_reaction_constants_variable_k9":100000.0,"data_set_value_component_reaction_constants_variable_k10":418300.0,"data_set_value_component_reaction_constants_variable_k11":100000.0,"data_set_value_component_reaction_constants_variable_k12":4982000.0,"data_set_value_component_reaction_constants_variable_k13":100000.0,"data_set_value_component_reaction_constants_variable_k14":1065000.0,"data_set_value_component_reaction_constants_variable_k15":100000.0,"data_set_value_component_reaction_constants_variable_k16":89400.0,"data_set_value_component_reaction_constants_variable_k17":458700.0,"data_set_value_component_reaction_constants_variable_k18":100000.0,"data_set_value_component_reaction_constants_variable_k19":1000.0,"data_set_value_component_reaction_constants_variable_k20":218.0,"data_set_value_component_reaction_constants_variable_k21":100000.0,"data_set_value_component_reaction_constants_variable_k22":418300.0,"data_set_value_component_reaction_constants_variable_k23":100000.0,"data_set_value_component_reaction_constants_variable_k24":31.92,"data_set_value_component_reaction_constants_variable_k25":100000.0,"data_set_value_component_reaction_constants_variable_k26":31.92,"data_set_value_component_reaction_constants_variable_k27":100000.0,"data_set_value_component_reaction_constants_variable_k28":138900.0,"data_set_value_component_reaction_constants_variable_k29":100000.0,"data_set_value_component_reaction_constants_variable_k30":0.3514,"data_set_value_component_reaction_constants_variable_k31":100000.0,"data_set_value_component_reaction_constants_variable_k32":0.1166,"data_set_value_component_reaction_constants_variable_Na":50.0,"data_set_value_component_reaction_constants_variable_Cl":96.0,"data_set_value_component_reaction_constants_variable_D":0.000001,"data_set_value_component_reaction_constants_variable_Cl_":40.0,"data_set_value_component_reaction_constants_variable_Na_":10.0,"data_set_value_component_reaction_constants_variable_D_":0.000001},{"data_set_value_component_environment_variable_time":0.4,"data_set_value_component_E_variable_E":0.0042850291,"data_set_value_component_E__variable_E_":0.0237811792,"data_set_value_component_ED_variable_ED":0.0000134256,"data_set_value_component_ED__variable_ED_":0.0195562722,"data_set_value_component_ENaD_variable_ENaD":0.0001604776,"data_set_value_component_ENaD__variable_ENaD_":0.1407939152,"data_set_value_component_ENa_variable_ENa":0.0510000269,"data_set_value_component_ENa__variable_ENa_":0.0574241681,"data_set_value_component_ECl_variable_ECl":0.008282374,"data_set_value_component_ECl__variable_ECl_":0.0191284499,"data_set_value_component_ENaCl_variable_ENaCl":0.4596323238,"data_set_value_component_ENaCl__variable_ENaCl_":0.2159023597,"data_set_value_component_reaction_constants_variable_k1":100000.0,"data_set_value_component_reaction_constants_variable_k2":418300.0,"data_set_value_component_reaction_constants_variable_k3":100000.0,"data_set_value_component_reaction_constants_variable_k4":4928000.0,"data_set_value_component_reaction_constants_variable_k5":100000.0,"data_set_value_component_reaction_constants_variable_k6":1065000.0,"data_set_value_component_reaction_constants_variable_k7":100000.0,"data_set_value_component_reaction_constants_variable_k8":89400.0,"data_set_value_component_reaction_constants_variable_k9":100000.0,"data_set_value_component_reaction_constants_variable_k10":418300.0,"data_set_value_component_reaction_constants_variable_k11":100000.0,"data_set_value_component_reaction_constants_variable_k12":4982000.0,"data_set_value_component_reaction_constants_variable_k13":100000.0,"data_set_value_component_reaction_constants_variable_k14":1065000.0,"data_set_value_component_reaction_constants_variable_k15":100000.0,"data_set_value_component_reaction_constants_variable_k16":89400.0,"data_set_value_component_reaction_constants_variable_k17":458700.0,"data_set_value_component_reaction_constants_variable_k18":100000.0,"data_set_value_component_reaction_constants_variable_k19":1000.0,"data_set_value_component_reaction_constants_variable_k20":218.0,"data_set_value_component_reaction_constants_variable_k21":100000.0,"data_set_value_component_reaction_constants_variable_k22":418300.0,"data_set_value_component_reaction_constants_variable_k23":100000.0,"data_set_value_component_reaction_constants_variable_k24":31.92,"data_set_value_component_reaction_constants_variable_k25":100000.0,"data_set_value_component_reaction_constants_variable_k26":31.92,"data_set_value_component_reaction_constants_variable_k27":100000.0,"data_set_value_component_reaction_constants_variable_k28":138900.0,"data_set_value_component_reaction_constants_variable_k29":100000.0,"data_set_value_component_reaction_constants_variable_k30":0.3514,"data_set_value_component_reaction_constants_variable_k31":100000.0,"data_set_value_component_reaction_constants_variable_k32":0.1166,"data_set_value_component_reaction_constants_variable_Na":50.0,"data_set_value_component_reaction_constants_variable_Cl":96.0,"data_set_value_component_reaction_constants_variable_D":0.000001,"data_set_value_component_reaction_constants_variable_Cl_":40.0,"data_set_value_component_reaction_constants_variable_Na_":10.0,"data_set_value_component_reaction_constants_variable_D_":0.000001},{"data_set_value_component_environment_variable_time":0.5,"data_set_value_component_E_variable_E":0.0042927147,"data_set_value_component_E__variable_E_":0.0238238315,"data_set_value_component_ED_variable_ED":0.0000133896,"data_set_value_component_ED__variable_ED_":0.0193727078,"data_set_value_component_ENaD_variable_ENaD":0.000160048,"data_set_value_component_ENaD__variable_ENaD_":0.139472357,"data_set_value_component_ENa_variable_ENa":0.0510915004,"data_set_value_component_ENa__variable_ENa_":0.05752716,"data_set_value_component_ECl_variable_ECl":0.0082972293,"data_set_value_component_ECl__variable_ECl_":0.0191627574,"data_set_value_component_ENaCl_variable_ENaCl":0.460456719,"data_set_value_component_ENaCl__variable_ENaCl_":0.2162895871,"data_set_value_component_reaction_constants_variable_k1":100000.0,"data_set_value_component_reaction_constants_variable_k2":418300.0,"data_set_value_component_reaction_constants_variable_k3":100000.0,"data_set_value_component_reaction_constants_variable_k4":4928000.0,"data_set_value_component_reaction_constants_variable_k5":100000.0,"data_set_value_component_reaction_constants_variable_k6":1065000.0,"data_set_value_component_reaction_constants_variable_k7":100000.0,"data_set_value_component_reaction_constants_variable_k8":89400.0,"data_set_value_component_reaction_constants_variable_k9":100000.0,"data_set_value_component_reaction_constants_variable_k10":418300.0,"data_set_value_component_reaction_constants_variable_k11":100000.0,"data_set_value_component_reaction_constants_variable_k12":4982000.0,"data_set_value_component_reaction_constants_variable_k13":100000.0,"data_set_value_component_reaction_constants_variable_k14":1065000.0,"data_set_value_component_reaction_constants_variable_k15":100000.0,"data_set_value_component_reaction_constants_variable_k16":89400.0,"data_set_value_component_reaction_constants_variable_k17":458700.0,"data_set_value_component_reaction_constants_variable_k18":100000.0,"data_set_value_component_reaction_constants_variable_k19":1000.0,"data_set_value_component_reaction_constants_variable_k20":218.0,"data_set_value_component_reaction_constants_variable_k21":100000.0,"data_set_value_component_reaction_constants_variable_k22":418300.0,"data_set_value_component_reaction_constants_variable_k23":100000.0,"data_set_value_component_reaction_constants_variable_k24":31.92,"data_set_value_component_reaction_constants_variable_k25":100000.0,"data_set_value_component_reaction_constants_variable_k26":31.92,"data_set_value_component_reaction_constants_variable_k27":100000.0,"data_set_value_component_reaction_constants_variable_k28":138900.0,"data_set_value_component_reaction_constants_variable_k29":100000.0,"data_set_value_component_reaction_constants_variable_k30":0.3514,"data_set_value_component_reaction_constants_variable_k31":100000.0,"data_set_value_component_reaction_constants_variable_k32":0.1166,"data_set_value_component_reaction_constants_variable_Na":50.0,"data_set_value_component_reaction_constants_variable_Cl":96.0,"data_set_value_component_reaction_constants_variable_D":0.000001,"data_set_value_component_reaction_constants_variable_Cl_":40.0,"data_set_value_component_reaction_constants_variable_Na_":10.0,"data_set_value_component_reaction_constants_variable_D_":0.000001},{"data_set_value_component_environment_variable_time":0.6,"data_set_value_component_E_variable_E":0.0043002792,"data_set_value_component_E__variable_E_":0.0238658115,"data_set_value_component_ED_variable_ED":0.0000133995,"data_set_value_component_ED__variable_ED_":0.0191919651,"data_set_value_component_ENaD_variable_ENaD":0.0001601663,"data_set_value_component_ENaD__variable_ENaD_":0.1381711131,"data_set_value_component_ENa_variable_ENa":0.0511815323,"data_set_value_component_ENa__variable_ENa_":0.0576285286,"data_set_value_component_ECl_variable_ECl":0.0083118504,"data_set_value_component_ECl__variable_ECl_":0.0191965241,"data_set_value_component_ENaCl_variable_ENaCl":0.4612681216,"data_set_value_component_ENaCl__variable_ENaCl_":0.216670711,"data_set_value_component_reaction_constants_variable_k1":100000.0,"data_set_value_component_reaction_constants_variable_k2":418300.0,"data_set_value_component_reaction_constants_variable_k3":100000.0,"data_set_value_component_reaction_constants_variable_k4":4928000.0,"data_set_value_component_reaction_constants_variable_k5":100000.0,"data_set_value_component_reaction_constants_variable_k6":1065000.0,"data_set_value_component_reaction_constants_variable_k7":100000.0,"data_set_value_component_reaction_constants_variable_k8":89400.0,"data_set_value_component_reaction_constants_variable_k9":100000.0,"data_set_value_component_reaction_constants_variable_k10":418300.0,"data_set_value_component_reaction_constants_variable_k11":100000.0,"data_set_value_component_reaction_constants_variable_k12":4982000.0,"data_set_value_component_reaction_constants_variable_k13":100000.0,"data_set_value_component_reaction_constants_variable_k14":1065000.0,"data_set_value_component_reaction_constants_variable_k15":100000.0,"data_set_value_component_reaction_constants_variable_k16":89400.0,"data_set_value_component_reaction_constants_variable_k17":458700.0,"data_set_value_component_reaction_constants_variable_k18":100000.0,"data_set_value_component_reaction_constants_variable_k19":1000.0,"data_set_value_component_reaction_constants_variable_k20":218.0,"data_set_value_component_reaction_constants_variable_k21":100000.0,"data_set_value_component_reaction_constants_variable_k22":418300.0,"data_set_value_component_reaction_constants_variable_k23":100000.0,"data_set_value_component_reaction_constants_variable_k24":31.92,"data_set_value_component_reaction_constants_variable_k25":100000.0,"data_set_value_component_reaction_constants_variable_k26":31.92,"data_set_value_component_reaction_constants_variable_k27":100000.0,"data_set_value_component_reaction_constants_variable_k28":138900.0,"data_set_value_component_reaction_constants_variable_k29":100000.0,"data_set_value_component_reaction_constants_variable_k30":0.3514,"data_set_value_component_reaction_constants_variable_k31":100000.0,"data_set_value_component_reaction_constants_variable_k32":0.1166,"data_set_value_component_reaction_constants_variable_Na":50.0,"data_set_value_component_reaction_constants_variable_Cl":96.0,"data_set_value_component_reaction_constants_variable_D":0.000001,"data_set_value_component_reaction_constants_variable_Cl_":40.0,"data_set_value_component_reaction_constants_variable_Na_":10.0,"data_set_value_component_reaction_constants_variable_D_":0.000001},{"data_set_value_component_environment_variable_time":0.7,"data_set_value_component_E_variable_E":0.0043077296,"data_set_value_component_E__variable_E_":0.023907158,"data_set_value_component_ED_variable_ED":0.0000134197,"data_set_value_component_ED__variable_ED_":0.0190140006,"data_set_value_component_ENaD_variable_ENaD":0.000160408,"data_set_value_component_ENaD__variable_ENaD_":0.1368898714,"data_set_value_component_ENa_variable_ENa":0.0512702058,"data_set_value_component_ENa__variable_ENa_":0.0577283675,"data_set_value_component_ECl_variable_ECl":0.0083262509,"data_set_value_component_ECl__variable_ECl_":0.0192297813,"data_set_value_component_ENaCl_variable_ENaCl":0.4620672821,"data_set_value_component_ENaCl__variable_ENaCl_":0.2170460836,"data_set_value_component_reaction_constants_variable_k1":100000.0,"data_set_value_component_reaction_constants_variable_k2":418300.0,"data_set_value_component_reaction_constants_variable_k3":100000.0,"data_set_value_component_reaction_constants_variable_k4":4928000.0,"data_set_value_component_reaction_constants_variable_k5":100000.0,"data_set_value_component_reaction_constants_variable_k6":1065000.0,"data_set_value_component_reaction_constants_variable_k7":100000.0,"data_set_value_component_reaction_constants_variable_k8":89400.0,"data_set_value_component_reaction_constants_variable_k9":100000.0,"data_set_value_component_reaction_constants_variable_k10":418300.0,"data_set_value_component_reaction_constants_variable_k11":100000.0,"data_set_value_component_reaction_constants_variable_k12":4982000.0,"data_set_value_component_reaction_constants_variable_k13":100000.0,"data_set_value_component_reaction_constants_variable_k14":1065000.0,"data_set_value_component_reaction_constants_variable_k15":100000.0,"data_set_value_component_reaction_constants_variable_k16":89400.0,"data_set_value_component_reaction_constants_variable_k17":458700.0,"data_set_value_component_reaction_constants_variable_k18":100000.0,"data_set_value_component_reaction_constants_variable_k19":1000.0,"data_set_value_component_reaction_constants_variable_k20":218.0,"data_set_value_component_reaction_constants_variable_k21":100000.0,"data_set_value_component_reaction_constants_variable_k22":418300.0,"data_set_value_component_reaction_constants_variable_k23":100000.0,"data_set_value_component_reaction_constants_variable_k24":31.92,"data_set_value_component_reaction_constants_variable_k25":100000.0,"data_set_value_component_reaction_constants_variable_k26":31.92,"data_set_value_component_reaction_constants_variable_k27":100000.0,"data_set_value_component_reaction_constants_variable_k28":138900.0,"data_set_value_component_reaction_constants_variable_k29":100000.0,"data_set_value_component_reaction_constants_variable_k30":0.3514,"data_set_value_component_reaction_constants_variable_k31":100000.0,"data_set_value_component_reaction_constants_variable_k32":0.1166,"data_set_value_component_reaction_constants_variable_Na":50.0,"data_set_value_component_reaction_constants_variable_Cl":96.0,"data_set_value_component_reaction_constants_variable_D":0.000001,"data_set_value_component_reaction_constants_variable_Cl_":40.0,"data_set_value_component_reaction_constants_variable_Na_":10.0,"data_set_value_component_reaction_constants_variable_D_":0.000001},{"data_set_value_component_environment_variable_time":0.8,"data_set_value_component_E_variable_E":0.0043150649,"data_set_value_component_E__variable_E_":0.0239478666,"data_set_value_component_ED_variable_ED":0.0000134577,"data_set_value_component_ED__variable_ED_":0.0188387719,"data_set_value_component_ENaD_variable_ENaD":0.0001608624,"data_set_value_component_ENaD__variable_ENaD_":0.135628325,"data_set_value_component_ENa_variable_ENa":0.0513575109,"data_set_value_component_ENa__variable_ENa_":0.0578266661,"data_set_value_component_ECl_variable_ECl":0.0083404292,"data_set_value_component_ECl__variable_ECl_":0.0192625254,"data_set_value_component_ENaCl_variable_ENaCl":0.4628541101,"data_set_value_component_ENaCl__variable_ENaCl_":0.217415665,"data_set_value_component_reaction_constants_variable_k1":100000.0,"data_set_value_component_reaction_constants_variable_k2":418300.0,"data_set_value_component_reaction_constants_variable_k3":100000.0,"data_set_value_component_reaction_constants_variable_k4":4928000.0,"data_set_value_component_reaction_constants_variable_k5":100000.0,"data_set_value_component_reaction_constants_variable_k6":1065000.0,"data_set_value_component_reaction_constants_variable_k7":100000.0,"data_set_value_component_reaction_constants_variable_k8":89400.0,"data_set_value_component_reaction_constants_variable_k9":100000.0,"data_set_value_component_reaction_constants_variable_k10":418300.0,"data_set_value_component_reaction_constants_variable_k11":100000.0,"data_set_value_component_reaction_constants_variable_k12":4982000.0,"data_set_value_component_reaction_constants_variable_k13":100000.0,"data_set_value_component_reaction_constants_variable_k14":1065000.0,"data_set_value_component_reaction_constants_variable_k15":100000.0,"data_set_value_component_reaction_constants_variable_k16":89400.0,"data_set_value_component_reaction_constants_variable_k17":458700.0,"data_set_value_component_reaction_constants_variable_k18":100000.0,"data_set_value_component_reaction_constants_variable_k19":1000.0,"data_set_value_component_reaction_constants_variable_k20":218.0,"data_set_value_component_reaction_constants_variable_k21":100000.0,"data_set_value_component_reaction_constants_variable_k22":418300.0,"data_set_value_component_reaction_constants_variable_k23":100000.0,"data_set_value_component_reaction_constants_variable_k24":31.92,"data_set_value_component_reaction_constants_variable_k25":100000.0,"data_set_value_component_reaction_constants_variable_k26":31.92,"data_set_value_component_reaction_constants_variable_k27":100000.0,"data_set_value_component_reaction_constants_variable_k28":138900.0,"data_set_value_component_reaction_constants_variable_k29":100000.0,"data_set_value_component_reaction_constants_variable_k30":0.3514,"data_set_value_component_reaction_constants_variable_k31":100000.0,"data_set_value_component_reaction_constants_variable_k32":0.1166,"data_set_value_component_reaction_constants_variable_Na":50.0,"data_set_value_component_reaction_constants_variable_Cl":96.0,"data_set_value_component_reaction_constants_variable_D":0.000001,"data_set_value_component_reaction_constants_variable_Cl_":40.0,"data_set_value_component_reaction_constants_variable_Na_":10.0,"data_set_value_component_reaction_constants_variable_D_":0.000001},{"data_set_value_component_environment_variable_time":0.9,"data_set_value_component_E_variable_E":0.0043222845,"data_set_value_component_E__variable_E_":0.0239879327,"data_set_value_component_ED_variable_ED":0.00001348,"data_set_value_component_ED__variable_ED_":0.0186662366,"data_set_value_component_ENaD_variable_ENaD":0.0001611283,"data_set_value_component_ENaD__variable_ENaD_":0.1343861704,"data_set_value_component_ENa_variable_ENa":0.051443438,"data_set_value_component_ENa__variable_ENa_":0.057923413,"data_set_value_component_ECl_variable_ECl":0.0083543836,"data_set_value_component_ECl__variable_ECl_":0.0192947526,"data_set_value_component_ENaCl_variable_ENaCl":0.463628519,"data_set_value_component_ENaCl__variable_ENaCl_":0.2177794124,"data_set_value_component_reaction_constants_variable_k1":100000.0,"data_set_value_component_reaction_constants_variable_k2":418300.0,"data_set_value_component_reaction_constants_variable_k3":100000.0,"data_set_value_component_reaction_constants_variable_k4":4928000.0,"data_set_value_component_reaction_constants_variable_k5":100000.0,"data_set_value_component_reaction_constants_variable_k6":1065000.0,"data_set_value_component_reaction_constants_variable_k7":100000.0,"data_set_value_component_reaction_constants_variable_k8":89400.0,"data_set_value_component_reaction_constants_variable_k9":100000.0,"data_set_value_component_reaction_constants_variable_k10":418300.0,"data_set_value_component_reaction_constants_variable_k11":100000.0,"data_set_value_component_reaction_constants_variable_k12":4982000.0,"data_set_value_component_reaction_constants_variable_k13":100000.0,"data_set_value_component_reaction_constants_variable_k14":1065000.0,"data_set_value_component_reaction_constants_variable_k15":100000.0,"data_set_value_component_reaction_constants_variable_k16":89400.0,"data_set_value_component_reaction_constants_variable_k17":458700.0,"data_set_value_component_reaction_constants_variable_k18":100000.0,"data_set_value_component_reaction_constants_variable_k19":1000.0,"data_set_value_component_reaction_constants_variable_k20":218.0,"data_set_value_component_reaction_constants_variable_k21":100000.0,"data_set_value_component_reaction_constants_variable_k22":418300.0,"data_set_value_component_reaction_constants_variable_k23":100000.0,"data_set_value_component_reaction_constants_variable_k24":31.92,"data_set_value_component_reaction_constants_variable_k25":100000.0,"data_set_value_component_reaction_constants_variable_k26":31.92,"data_set_value_component_reaction_constants_variable_k27":100000.0,"data_set_value_component_reaction_constants_variable_k28":138900.0,"data_set_value_component_reaction_constants_variable_k29":100000.0,"data_set_value_component_reaction_constants_variable_k30":0.3514,"data_set_value_component_reaction_constants_variable_k31":100000.0,"data_set_value_component_reaction_constants_variable_k32":0.1166,"data_set_value_component_reaction_constants_variable_Na":50.0,"data_set_value_component_reaction_constants_variable_Cl":96.0,"data_set_value_component_reaction_constants_variable_D":0.000001,"data_set_value_component_reaction_constants_variable_Cl_":40.0,"data_set_value_component_reaction_constants_variable_Na_":10.0,"data_set_value_component_reaction_constants_variable_D_":0.000001},{"data_set_value_component_environment_variable_time":1.0,"data_set_value_component_E_variable_E":0.0043293938,"data_set_value_component_E__variable_E_":0.0240273867,"data_set_value_component_ED_variable_ED":0.0000135025,"data_set_value_component_ED__variable_ED_":0.0184963535,"data_set_value_component_ENaD_variable_ENaD":0.0001613972,"data_set_value_component_ENaD__variable_ENaD_":0.1331631094,"data_set_value_component_ENa_variable_ENa":0.0515280526,"data_set_value_component_ENa__variable_ENa_":0.0580186822,"data_set_value_component_ECl_variable_ECl":0.008368125,"data_set_value_component_ECl__variable_ECl_":0.0193264875,"data_set_value_component_ENaCl_variable_ENaCl":0.4643910995,"data_set_value_component_ENaCl__variable_ENaCl_":0.218137604,"data_set_value_component_reaction_constants_variable_k1":100000.0,"data_set_value_component_reaction_constants_variable_k2":418300.0,"data_set_value_component_reaction_constants_variable_k3":100000.0,"data_set_value_component_reaction_constants_variable_k4":4928000.0,"data_set_value_component_reaction_constants_variable_k5":100000.0,"data_set_value_component_reaction_constants_variable_k6":1065000.0,"data_set_value_component_reaction_constants_variable_k7":100000.0,"data_set_value_component_reaction_constants_variable_k8":89400.0,"data_set_value_component_reaction_constants_variable_k9":100000.0,"data_set_value_component_reaction_constants_variable_k10":418300.0,"data_set_value_component_reaction_constants_variable_k11":100000.0,"data_set_value_component_reaction_constants_variable_k12":4982000.0,"data_set_value_component_reaction_constants_variable_k13":100000.0,"data_set_value_component_reaction_constants_variable_k14":1065000.0,"data_set_value_component_reaction_constants_variable_k15":100000.0,"data_set_value_component_reaction_constants_variable_k16":89400.0,"data_set_value_component_reaction_constants_variable_k17":458700.0,"data_set_value_component_reaction_constants_variable_k18":100000.0,"data_set_value_component_reaction_constants_variable_k19":1000.0,"data_set_value_component_reaction_constants_variable_k20":218.0,"data_set_value_component_reaction_constants_variable_k21":100000.0,"data_set_value_component_reaction_constants_variable_k22":418300.0,"data_set_value_component_reaction_constants_variable_k23":100000.0,"data_set_value_component_reaction_constants_variable_k24":31.92,"data_set_value_component_reaction_constants_variable_k25":100000.0,"data_set_value_component_reaction_constants_variable_k26":31.92,"data_set_value_component_reaction_constants_variable_k27":100000.0,"data_set_value_component_reaction_constants_variable_k28":138900.0,"data_set_value_component_reaction_constants_variable_k29":100000.0,"data_set_value_component_reaction_constants_variable_k30":0.3514,"data_set_value_component_reaction_constants_variable_k31":100000.0,"data_set_value_component_reaction_constants_variable_k32":0.1166,"data_set_value_component_reaction_constants_variable_Na":50.0,"data_set_value_component_reaction_constants_variable_Cl":96.0,"data_set_value_component_reaction_constants_variable_D":0.000001,"data_set_value_component_reaction_constants_variable_Cl_":40.0,"data_set_value_component_reaction_constants_variable_Na_":10.0,"data_set_value_component_reaction_constants_variable_D_":0.000001}]