[{"data_set_value_component_environment_variable_time":0.0,"data_set_value_component_gastrointestinal_compartment_L_dopa_variable_F_b_dopa":0.2124715459,"data_set_value_component_gastrointestinal_compartment_L_dopa_variable_A_dopa_b":101.0,"data_set_value_component_gastrointestinal_compartment_L_dopa_variable_ka_b_dopa":2.11,"data_set_value_component_gastrointestinal_compartment_L_dopa_variable_F_G":0.244,"data_set_value_component_gastrointestinal_compartment_L_dopa_variable_F_H":0.8707850242,"data_set_value_component_gastrointestinal_compartment_L_dopa_variable_CL_H":0.10699,"data_set_value_component_gastrointestinal_compartment_L_dopa_variable_Q":0.828,"data_set_value_component_gastrointestinal_compartment_L_dopa_variable_f_H":0.13,"data_set_value_component_body_compartment_L_dopa_variable_C_dopa_b":0.0,"data_set_value_component_body_compartment_L_dopa_variable_V_dopa":0.496,"data_set_value_component_body_compartment_3_OMD_variable_C_OMD_b":0.0,"data_set_value_component_body_compartment_3_OMD_variable_CL_OMD_b":0.012,"data_set_value_component_body_compartment_3_OMD_variable_V_OMD_b":0.196,"data_set_value_component_L_dopa_clearance_variable_CL_dopa":0.823,"data_set_value_component_L_dopa_clearance_variable_CL_dopa_0":0.823,"data_set_value_component_L_dopa_clearance_variable_CL_COMT":0.0823,"data_set_value_component_L_dopa_clearance_variable_CL_AADC":0.56787,"data_set_value_component_L_dopa_clearance_variable_CL_AADC0":0.56787,"data_set_value_component_L_dopa_clearance_variable_CL_REST":0.17283,"data_set_value_component_L_dopa_clearance_variable_ki":0.00246,"data_set_value_component_gastrointestinal_compartment_benserazide_variable_A_bens":19.51,"data_set_value_component_gastrointestinal_compartment_benserazide_variable_ka_Bens":0.94,"data_set_value_component_gastrointestinal_compartment_benserazide_variable_F_Bens":0.022,"data_set_value_component_central_compartment_benserazide_variable_C_bens_central":0.0,"data_set_value_component_central_compartment_benserazide_variable_V1_B":0.202,"data_set_value_component_central_compartment_benserazide_variable_CLd_B":0.072,"data_set_value_component_peripheral_compartment_benserazide_variable_C_bens_peripheral":0.0,"data_set_value_component_peripheral_compartment_benserazide_variable_V2_B":0.127,"data_set_value_component_benserazide_clearance_variable_CL_bens_total":1.9647058824,"data_set_value_component_benserazide_clearance_variable_CL_Ro":0.2947058824,"data_set_value_component_benserazide_clearance_variable_CL_B":1.67,"data_set_value_component_benserazide_clearance_variable_fm":0.15,"data_set_value_component_gastrointestinal_compartment_Ro_variable_A_Ro":1.3658,"data_set_value_component_gastrointestinal_compartment_Ro_variable_ka_M":2.47,"data_set_value_component_gastrointestinal_compartment_Ro_variable_F_Ro":1.0,"data_set_value_component_central_compartment_Ro_variable_C_Ro_central":0.0,"data_set_value_component_central_compartment_Ro_variable_V1_M":0.0691,"data_set_value_component_central_compartment_Ro_variable_CLd_M":1.06,"data_set_value_component_central_compartment_Ro_variable_CL_M":4.29,"data_set_value_component_peripheral_compartment_Ro_variable_C_Ro_peripheral":0.0,"data_set_value_component_peripheral_compartment_Ro_variable_V2_M":3.2},{"data_set_value_component_environment_variable_time":0.1,"data_set_value_component_gastrointestinal_compartment_L_dopa_variable_F_b_dopa":0.2124715459,"data_set_value_component_gastrointestinal_compartment_L_dopa_variable_A_dopa_b":81.7871807592,"data_set_value_component_gastrointestinal_compartment_L_dopa_variable_ka_b_dopa":2.11,"data_set_value_component_gastrointestinal_compartment_L_dopa_variable_F_G":0.244,"data_set_value_component_gastrointestinal_compartment_L_dopa_variable_F_H":0.8707850242,"data_set_value_component_gastrointestinal_compartment_L_dopa_variable_CL_H":0.10699,"data_set_value_component_gastrointestinal_compartment_L_dopa_variable_Q":0.828,"data_set_value_component_gastrointestinal_compartment_L_dopa_variable_f_H":0.13,"data_set_value_component_body_compartment_L_dopa_variable_C_dopa_b":8.0126840091,"data_set_value_component_body_compartment_L_dopa_variable_V_dopa":0.496,"data_set_value_component_body_compartment_3_OMD_variable_C_OMD_b":0.1753860152,"data_set_value_component_body_compartment_3_OMD_variable_CL_OMD_b":0.012,"data_set_value_component_body_compartment_3_OMD_variable_V_OMD_b":0.196,"data_set_value_component_L_dopa_clearance_variable_CL_dopa":0.2578175494,"data_set_value_component_L_dopa_clearance_variable_CL_dopa_0":0.823,"data_set_value_component_L_dopa_clearance_variable_CL_COMT":0.0823,"data_set_value_component_L_dopa_clearance_variable_CL_AADC":0.0026875494,"data_set_value_component_L_dopa_clearance_variable_CL_AADC0":0.56787,"data_set_value_component_L_dopa_clearance_variable_CL_REST":0.17283,"data_set_value_component_L_dopa_clearance_variable_ki":0.00246,"data_set_value_component_gastrointestinal_compartment_benserazide_variable_A_bens":17.7596166916,"data_set_value_component_gastrointestinal_compartment_benserazide_variable_ka_Bens":0.94,"data_set_value_component_gastrointestinal_compartment_benserazide_variable_F_Bens":0.022,"data_set_value_component_central_compartment_benserazide_variable_C_bens_central":0.1191980601,"data_set_value_component_central_compartment_benserazide_variable_V1_B":0.202,"data_set_value_component_central_compartment_benserazide_variable_CLd_B":0.072,"data_set_value_component_peripheral_compartment_benserazide_variable_C_bens_peripheral":0.0039382575,"data_set_value_component_peripheral_compartment_benserazide_variable_V2_B":0.127,"data_set_value_component_benserazide_clearance_variable_CL_bens_total":1.9647058824,"data_set_value_component_benserazide_clearance_variable_CL_Ro":0.2947058824,"data_set_value_component_benserazide_clearance_variable_CL_B":1.67,"data_set_value_component_benserazide_clearance_variable_fm":0.15,"data_set_value_component_gastrointestinal_compartment_Ro_variable_A_Ro":1.0668819593,"data_set_value_component_gastrointestinal_compartment_Ro_variable_ka_M":2.47,"data_set_value_component_gastrointestinal_compartment_Ro_variable_F_Ro":1.0,"data_set_value_component_central_compartment_Ro_variable_C_Ro_central":0.5173295901,"data_set_value_component_central_compartment_Ro_variable_V1_M":0.0691,"data_set_value_component_central_compartment_Ro_variable_CLd_M":1.06,"data_set_value_component_central_compartment_Ro_variable_CL_M":4.29,"data_set_value_component_peripheral_compartment_Ro_variable_C_Ro_peripheral":0.0162247971,"data_set_value_component_peripheral_compartment_Ro_variable_V2_M":3.2},{"data_set_value_component_environment_variable_time":0.2,"data_set_value_component_gastrointestinal_compartment_L_dopa_variable_F_b_dopa":0.2124715459,"data_set_value_component_gastrointestinal_compartment_L_dopa_variable_A_dopa_b":66.2291378886,"data_set_value_component_gastrointestinal_compartment_L_dopa_variable_ka_b_dopa":2.11,"data_set_value_component_gastrointestinal_compartment_L_dopa_variable_F_G":0.244,"data_set_value_component_gastrointestinal_compartment_L_dopa_variable_F_H":0.8707850242,"data_set_value_component_gastrointestinal_compartment_L_dopa_variable_CL_H":0.10699,"data_set_value_component_gastrointestinal_compartment_L_dopa_variable_Q":0.828,"data_set_value_component_gastrointestinal_compartment_L_dopa_variable_f_H":0.13,"data_set_value_component_body_compartment_L_dopa_variable_C_dopa_b":14.0944489183,"data_set_value_component_body_compartment_L_dopa_variable_V_dopa":0.496,"data_set_value_component_body_compartment_3_OMD_variable_C_OMD_b":0.6431747073,"data_set_value_component_body_compartment_3_OMD_variable_CL_OMD_b":0.012,"data_set_value_component_body_compartment_3_OMD_variable_V_OMD_b":0.196,"data_set_value_component_L_dopa_clearance_variable_CL_dopa":0.258504957,"data_set_value_component_L_dopa_clearance_variable_CL_dopa_0":0.823,"data_set_value_component_L_dopa_clearance_variable_CL_COMT":0.0823,"data_set_value_component_L_dopa_clearance_variable_CL_AADC":0.003374957,"data_set_value_component_L_dopa_clearance_variable_CL_AADC0":0.56787,"data_set_value_component_L_dopa_clearance_variable_CL_REST":0.17283,"data_set_value_component_L_dopa_clearance_variable_ki":0.00246,"data_set_value_component_gastrointestinal_compartment_benserazide_variable_A_bens":16.1662729379,"data_set_value_component_gastrointestinal_compartment_benserazide_variable_ka_Bens":0.94,"data_set_value_component_gastrointestinal_compartment_benserazide_variable_F_Bens":0.022,"data_set_value_component_central_compartment_benserazide_variable_C_bens_central":0.1521409515,"data_set_value_component_central_compartment_benserazide_variable_V1_B":0.202,"data_set_value_component_central_compartment_benserazide_variable_CLd_B":0.072,"data_set_value_component_peripheral_compartment_benserazide_variable_C_bens_peripheral":0.0114294424,"data_set_value_component_peripheral_compartment_benserazide_variable_V2_B":0.127,"data_set_value_component_benserazide_clearance_variable_CL_bens_total":1.9647058824,"data_set_value_component_benserazide_clearance_variable_CL_Ro":0.2947058824,"data_set_value_component_benserazide_clearance_variable_CL_B":1.67,"data_set_value_component_benserazide_clearance_variable_fm":0.15,"data_set_value_component_gastrointestinal_compartment_Ro_variable_A_Ro":0.833384911,"data_set_value_component_gastrointestinal_compartment_Ro_variable_ka_M":2.47,"data_set_value_component_gastrointestinal_compartment_Ro_variable_F_Ro":1.0,"data_set_value_component_central_compartment_Ro_variable_C_Ro_central":0.4114594076,"data_set_value_component_central_compartment_Ro_variable_V1_M":0.0691,"data_set_value_component_central_compartment_Ro_variable_CLd_M":1.06,"data_set_value_component_central_compartment_Ro_variable_CL_M":4.29,"data_set_value_component_peripheral_compartment_Ro_variable_C_Ro_peripheral":0.0307570497,"data_set_value_component_peripheral_compartment_Ro_variable_V2_M":3.2},{"data_set_value_component_environment_variable_time":0.3,"data_set_value_component_gastrointestinal_compartment_L_dopa_variable_F_b_dopa":0.2124715459,"data_set_value_component_gastrointestinal_compartment_L_dopa_variable_A_dopa_b":53.6306377585,"data_set_value_component_gastrointestinal_compartment_L_dopa_variable_ka_b_dopa":2.11,"data_set_value_component_gastrointestinal_compartment_L_dopa_variable_F_G":0.244,"data_set_value_component_gastrointestinal_compartment_L_dopa_variable_F_H":0.8707850242,"data_set_value_component_gastrointestinal_compartment_L_dopa_variable_CL_H":0.10699,"data_set_value_component_gastrointestinal_compartment_L_dopa_variable_Q":0.828,"data_set_value_component_gastrointestinal_compartment_L_dopa_variable_f_H":0.13,"data_set_value_component_body_compartment_L_dopa_variable_C_dopa_b":18.6310452459,"data_set_value_component_body_compartment_L_dopa_variable_V_dopa":0.496,"data_set_value_component_body_compartment_3_OMD_variable_C_OMD_b":1.3291197351,"data_set_value_component_body_compartment_3_OMD_variable_CL_OMD_b":0.012,"data_set_value_component_body_compartment_3_OMD_variable_V_OMD_b":0.196,"data_set_value_component_L_dopa_clearance_variable_CL_dopa":0.2593700303,"data_set_value_component_L_dopa_clearance_variable_CL_dopa_0":0.823,"data_set_value_component_L_dopa_clearance_variable_CL_COMT":0.0823,"data_set_value_component_L_dopa_clearance_variable_CL_AADC":0.0042400303,"data_set_value_component_L_dopa_clearance_variable_CL_AADC0":0.56787,"data_set_value_component_L_dopa_clearance_variable_CL_REST":0.17283,"data_set_value_component_L_dopa_clearance_variable_ki":0.00246,"data_set_value_component_gastrointestinal_compartment_benserazide_variable_A_bens":14.7158795824,"data_set_value_component_gastrointestinal_compartment_benserazide_variable_ka_Bens":0.94,"data_set_value_component_gastrointestinal_compartment_benserazide_variable_F_Bens":0.022,"data_set_value_component_central_compartment_benserazide_variable_C_bens_central":0.1546056252,"data_set_value_component_central_compartment_benserazide_variable_V1_B":0.202,"data_set_value_component_central_compartment_benserazide_variable_CLd_B":0.072,"data_set_value_component_peripheral_compartment_benserazide_variable_C_bens_peripheral":0.0193302293,"data_set_value_component_peripheral_compartment_benserazide_variable_V2_B":0.127,"data_set_value_component_benserazide_clearance_variable_CL_bens_total":1.9647058824,"data_set_value_component_benserazide_clearance_variable_CL_Ro":0.2947058824,"data_set_value_component_benserazide_clearance_variable_CL_B":1.67,"data_set_value_component_benserazide_clearance_variable_fm":0.15,"data_set_value_component_gastrointestinal_compartment_Ro_variable_A_Ro":0.6509908519,"data_set_value_component_gastrointestinal_compartment_Ro_variable_ka_M":2.47,"data_set_value_component_gastrointestinal_compartment_Ro_variable_F_Ro":1.0,"data_set_value_component_central_compartment_Ro_variable_C_Ro_central":0.327009389,"data_set_value_component_central_compartment_Ro_variable_V1_M":0.0691,"data_set_value_component_central_compartment_Ro_variable_CLd_M":1.06,"data_set_value_component_central_compartment_Ro_variable_CL_M":4.29,"data_set_value_component_peripheral_compartment_Ro_variable_C_Ro_peripheral":0.0417242435,"data_set_value_component_peripheral_compartment_Ro_variable_V2_M":3.2},{"data_set_value_component_environment_variable_time":0.4,"data_set_value_component_gastrointestinal_compartment_L_dopa_variable_F_b_dopa":0.2124715459,"data_set_value_component_gastrointestinal_compartment_L_dopa_variable_A_dopa_b":43.4286996454,"data_set_value_component_gastrointestinal_compartment_L_dopa_variable_ka_b_dopa":2.11,"data_set_value_component_gastrointestinal_compartment_L_dopa_variable_F_G":0.244,"data_set_value_component_gastrointestinal_compartment_L_dopa_variable_F_H":0.8707850242,"data_set_value_component_gastrointestinal_compartment_L_dopa_variable_CL_H":0.10699,"data_set_value_component_gastrointestinal_compartment_L_dopa_variable_Q":0.828,"data_set_value_component_gastrointestinal_compartment_L_dopa_variable_f_H":0.13,"data_set_value_component_body_compartment_L_dopa_variable_C_dopa_b":21.9336611126,"data_set_value_component_body_compartment_L_dopa_variable_V_dopa":0.496,"data_set_value_component_body_compartment_3_OMD_variable_C_OMD_b":2.1739603233,"data_set_value_component_body_compartment_3_OMD_variable_CL_OMD_b":0.012,"data_set_value_component_body_compartment_3_OMD_variable_V_OMD_b":0.196,"data_set_value_component_L_dopa_clearance_variable_CL_dopa":0.2604452304,"data_set_value_component_L_dopa_clearance_variable_CL_dopa_0":0.823,"data_set_value_component_L_dopa_clearance_variable_CL_COMT":0.0823,"data_set_value_component_L_dopa_clearance_variable_CL_AADC":0.0053152304,"data_set_value_component_L_dopa_clearance_variable_CL_AADC0":0.56787,"data_set_value_component_L_dopa_clearance_variable_CL_REST":0.17283,"data_set_value_component_L_dopa_clearance_variable_ki":0.00246,"data_set_value_component_gastrointestinal_compartment_benserazide_variable_A_bens":13.3956115135,"data_set_value_component_gastrointestinal_compartment_benserazide_variable_ka_Bens":0.94,"data_set_value_component_gastrointestinal_compartment_benserazide_variable_F_Bens":0.022,"data_set_value_component_central_compartment_benserazide_variable_C_bens_central":0.1468155909,"data_set_value_component_central_compartment_benserazide_variable_V1_B":0.202,"data_set_value_component_central_compartment_benserazide_variable_CLd_B":0.072,"data_set_value_component_peripheral_compartment_benserazide_variable_C_bens_peripheral":0.0265936683,"data_set_value_component_peripheral_compartment_benserazide_variable_V2_B":0.127,"data_set_value_component_benserazide_clearance_variable_CL_bens_total":1.9647058824,"data_set_value_component_benserazide_clearance_variable_CL_Ro":0.2947058824,"data_set_value_component_benserazide_clearance_variable_CL_B":1.67,"data_set_value_component_benserazide_clearance_variable_fm":0.15,"data_set_value_component_gastrointestinal_compartment_Ro_variable_A_Ro":0.5085154479,"data_set_value_component_gastrointestinal_compartment_Ro_variable_ka_M":2.47,"data_set_value_component_gastrointestinal_compartment_Ro_variable_F_Ro":1.0,"data_set_value_component_central_compartment_Ro_variable_C_Ro_central":0.2603621365,"data_set_value_component_central_compartment_Ro_variable_V1_M":0.0691,"data_set_value_component_central_compartment_Ro_variable_CLd_M":1.06,"data_set_value_component_central_compartment_Ro_variable_CL_M":4.29,"data_set_value_component_peripheral_compartment_Ro_variable_C_Ro_peripheral":0.0498845527,"data_set_value_component_peripheral_compartment_Ro_variable_V2_M":3.2},{"data_set_value_component_environment_variable_time":0.5,"data_set_value_component_gastrointestinal_compartment_L_dopa_variable_F_b_dopa":0.2124715459,"data_set_value_component_gastrointestinal_compartment_L_dopa_variable_A_dopa_b":35.1674350809,"data_set_value_component_gastrointestinal_compartment_L_dopa_variable_ka_b_dopa":2.11,"data_set_value_component_gastrointestinal_compartment_L_dopa_variable_F_G":0.244,"data_set_value_component_gastrointestinal_compartment_L_dopa_variable_F_H":0.8707850242,"data_set_value_component_gastrointestinal_compartment_L_dopa_variable_CL_H":0.10699,"data_set_value_component_gastrointestinal_compartment_L_dopa_variable_Q":0.828,"data_set_value_component_gastrointestinal_compartment_L_dopa_variable_f_H":0.13,"data_set_value_component_body_compartment_L_dopa_variable_C_dopa_b":24.2530627106,"data_set_value_component_body_compartment_L_dopa_variable_V_dopa":0.496,"data_set_value_component_body_compartment_3_OMD_variable_C_OMD_b":3.1305134655,"data_set_value_component_body_compartment_3_OMD_variable_CL_OMD_b":0.012,"data_set_value_component_body_compartment_3_OMD_variable_V_OMD_b":0.196,"data_set_value_component_L_dopa_clearance_variable_CL_dopa":0.2617695893,"data_set_value_component_L_dopa_clearance_variable_CL_dopa_0":0.823,"data_set_value_component_L_dopa_clearance_variable_CL_COMT":0.0823,"data_set_value_component_L_dopa_clearance_variable_CL_AADC":0.0066395893,"data_set_value_component_L_dopa_clearance_variable_CL_AADC0":0.56787,"data_set_value_component_L_dopa_clearance_variable_CL_REST":0.17283,"data_set_value_component_L_dopa_clearance_variable_ki":0.00246,"data_set_value_component_gastrointestinal_compartment_benserazide_variable_A_bens":12.1937942505,"data_set_value_component_gastrointestinal_compartment_benserazide_variable_ka_Bens":0.94,"data_set_value_component_gastrointestinal_compartment_benserazide_variable_F_Bens":0.022,"data_set_value_component_central_compartment_benserazide_variable_C_bens_central":0.1360612244,"data_set_value_component_central_compartment_benserazide_variable_V1_B":0.202,"data_set_value_component_central_compartment_benserazide_variable_CLd_B":0.072,"data_set_value_component_peripheral_compartment_benserazide_variable_C_bens_peripheral":0.0329261337,"data_set_value_component_peripheral_compartment_benserazide_variable_V2_B":0.127,"data_set_value_component_benserazide_clearance_variable_CL_bens_total":1.9647058824,"data_set_value_component_benserazide_clearance_variable_CL_Ro":0.2947058824,"data_set_value_component_benserazide_clearance_variable_CL_B":1.67,"data_set_value_component_benserazide_clearance_variable_fm":0.15,"data_set_value_component_gastrointestinal_compartment_Ro_variable_A_Ro":0.3972221211,"data_set_value_component_gastrointestinal_compartment_Ro_variable_ka_M":2.47,"data_set_value_component_gastrointestinal_compartment_Ro_variable_F_Ro":1.0,"data_set_value_component_central_compartment_Ro_variable_C_Ro_central":0.2079385849,"data_set_value_component_central_compartment_Ro_variable_V1_M":0.0691,"data_set_value_component_central_compartment_Ro_variable_CLd_M":1.06,"data_set_value_component_central_compartment_Ro_variable_CL_M":4.29,"data_set_value_component_peripheral_compartment_Ro_variable_C_Ro_peripheral":0.0558494058,"data_set_value_component_peripheral_compartment_Ro_variable_V2_M":3.2},{"data_set_value_component_environment_variable_time":0.6,"data_set_value_component_gastrointestinal_compartment_L_dopa_variable_F_b_dopa":0.2124715459,"data_set_value_component_gastrointestinal_compartment_L_dopa_variable_A_dopa_b":28.4776772418,"data_set_value_component_gastrointestinal_compartment_L_dopa_variable_ka_b_dopa":2.11,"data_set_value_component_gastrointestinal_compartment_L_dopa_variable_F_G":0.244,"data_set_value_component_gastrointestinal_compartment_L_dopa_variable_F_H":0.8707850242,"data_set_value_component_gastrointestinal_compartment_L_dopa_variable_CL_H":0.10699,"data_set_value_component_gastrointestinal_compartment_L_dopa_variable_Q":0.828,"data_set_value_component_gastrointestinal_compartment_L_dopa_variable_f_H":0.13,"data_set_value_component_body_compartment_L_dopa_variable_C_dopa_b":25.7911387269,"data_set_value_component_body_compartment_L_dopa_variable_V_dopa":0.496,"data_set_value_component_body_compartment_3_OMD_variable_C_OMD_b":4.161321326,"data_set_value_component_body_compartment_3_OMD_variable_CL_OMD_b":0.012,"data_set_value_component_body_compartment_3_OMD_variable_V_OMD_b":0.196,"data_set_value_component_L_dopa_clearance_variable_CL_dopa":0.2633858835,"data_set_value_component_L_dopa_clearance_variable_CL_dopa_0":0.823,"data_set_value_component_L_dopa_clearance_variable_CL_COMT":0.0823,"data_set_value_component_L_dopa_clearance_variable_CL_AADC":0.0082558835,"data_set_value_component_L_dopa_clearance_variable_CL_AADC0":0.56787,"data_set_value_component_L_dopa_clearance_variable_CL_REST":0.17283,"data_set_value_component_L_dopa_clearance_variable_ki":0.00246,"data_set_value_component_gastrointestinal_compartment_benserazide_variable_A_bens":11.0998007133,"data_set_value_component_gastrointestinal_compartment_benserazide_variable_ka_Bens":0.94,"data_set_value_component_gastrointestinal_compartment_benserazide_variable_F_Bens":0.022,"data_set_value_component_central_compartment_benserazide_variable_C_bens_central":0.1249271406,"data_set_value_component_central_compartment_benserazide_variable_V1_B":0.202,"data_set_value_component_central_compartment_benserazide_variable_CLd_B":0.072,"data_set_value_component_peripheral_compartment_benserazide_variable_C_bens_peripheral":0.0382997164,"data_set_value_component_peripheral_compartment_benserazide_variable_V2_B":0.127,"data_set_value_component_benserazide_clearance_variable_CL_bens_total":1.9647058824,"data_set_value_component_benserazide_clearance_variable_CL_Ro":0.2947058824,"data_set_value_component_benserazide_clearance_variable_CL_B":1.67,"data_set_value_component_benserazide_clearance_variable_fm":0.15,"data_set_value_component_gastrointestinal_compartment_Ro_variable_A_Ro":0.3102863723,"data_set_value_component_gastrointestinal_compartment_Ro_variable_ka_M":2.47,"data_set_value_component_gastrointestinal_compartment_Ro_variable_F_Ro":1.0,"data_set_value_component_central_compartment_Ro_variable_C_Ro_central":0.166747839,"data_set_value_component_central_compartment_Ro_variable_V1_M":0.0691,"data_set_value_component_central_compartment_Ro_variable_CLd_M":1.06,"data_set_value_component_central_compartment_Ro_variable_CL_M":4.29,"data_set_value_component_peripheral_compartment_Ro_variable_C_Ro_peripheral":0.0601031277,"data_set_value_component_peripheral_compartment_Ro_variable_V2_M":3.2},{"data_set_value_component_environment_variable_time":0.7,"data_set_value_component_gastrointestinal_compartment_L_dopa_variable_F_b_dopa":0.2124715459,"data_set_value_component_gastrointestinal_compartment_L_dopa_variable_A_dopa_b":23.0604860614,"data_set_value_component_gastrointestinal_compartment_L_dopa_variable_ka_b_dopa":2.11,"data_set_value_component_gastrointestinal_compartment_L_dopa_variable_F_G":0.244,"data_set_value_component_gastrointestinal_compartment_L_dopa_variable_F_H":0.8707850242,"data_set_value_component_gastrointestinal_compartment_L_dopa_variable_CL_H":0.10699,"data_set_value_component_gastrointestinal_compartment_L_dopa_variable_Q":0.828,"data_set_value_component_gastrointestinal_compartment_L_dopa_variable_f_H":0.13,"data_set_value_component_body_compartment_L_dopa_variable_C_dopa_b":26.7102614533,"data_set_value_component_body_compartment_L_dopa_variable_V_dopa":0.496,"data_set_value_component_body_compartment_3_OMD_variable_C_OMD_b":5.236748984,"data_set_value_component_body_compartment_3_OMD_variable_CL_OMD_b":0.012,"data_set_value_component_body_compartment_3_OMD_variable_V_OMD_b":0.196,"data_set_value_component_L_dopa_clearance_variable_CL_dopa":0.2653385686,"data_set_value_component_L_dopa_clearance_variable_CL_dopa_0":0.823,"data_set_value_component_L_dopa_clearance_variable_CL_COMT":0.0823,"data_set_value_component_L_dopa_clearance_variable_CL_AADC":0.0102085686,"data_set_value_component_L_dopa_clearance_variable_CL_AADC0":0.56787,"data_set_value_component_L_dopa_clearance_variable_CL_REST":0.17283,"data_set_value_component_L_dopa_clearance_variable_ki":0.00246,"data_set_value_component_gastrointestinal_compartment_benserazide_variable_A_bens":10.103957258,"data_set_value_component_gastrointestinal_compartment_benserazide_variable_ka_Bens":0.94,"data_set_value_component_gastrointestinal_compartment_benserazide_variable_F_Bens":0.022,"data_set_value_component_central_compartment_benserazide_variable_C_bens_central":0.1142916553,"data_set_value_component_central_compartment_benserazide_variable_V1_B":0.202,"data_set_value_component_central_compartment_benserazide_variable_CLd_B":0.072,"data_set_value_component_peripheral_compartment_benserazide_variable_C_bens_peripheral":0.0427752567,"data_set_value_component_peripheral_compartment_benserazide_variable_V2_B":0.127,"data_set_value_component_benserazide_clearance_variable_CL_bens_total":1.9647058824,"data_set_value_component_benserazide_clearance_variable_CL_Ro":0.2947058824,"data_set_value_component_benserazide_clearance_variable_CL_B":1.67,"data_set_value_component_benserazide_clearance_variable_fm":0.15,"data_set_value_component_gastrointestinal_compartment_Ro_variable_A_Ro":0.2423773557,"data_set_value_component_gastrointestinal_compartment_Ro_variable_ka_M":2.47,"data_set_value_component_gastrointestinal_compartment_Ro_variable_F_Ro":1.0,"data_set_value_component_central_compartment_Ro_variable_C_Ro_central":0.1343819269,"data_set_value_component_central_compartment_Ro_variable_V1_M":0.0691,"data_set_value_component_central_compartment_Ro_variable_CLd_M":1.06,"data_set_value_component_central_compartment_Ro_variable_CL_M":4.29,"data_set_value_component_peripheral_compartment_Ro_variable_C_Ro_peripheral":0.0630265307,"data_set_value_component_peripheral_compartment_Ro_variable_V2_M":3.2},{"data_set_value_component_environment_variable_time":0.8,"data_set_value_component_gastrointestinal_compartment_L_dopa_variable_F_b_dopa":0.2124715459,"data_set_value_component_gastrointestinal_compartment_L_dopa_variable_A_dopa_b":18.6737858987,"data_set_value_component_gastrointestinal_compartment_L_dopa_variable_ka_b_dopa":2.11,"data_set_value_component_gastrointestinal_compartment_L_dopa_variable_F_G":0.244,"data_set_value_component_gastrointestinal_compartment_L_dopa_variable_F_H":0.8707850242,"data_set_value_component_gastrointestinal_compartment_L_dopa_variable_CL_H":0.10699,"data_set_value_component_gastrointestinal_compartment_L_dopa_variable_Q":0.828,"data_set_value_component_gastrointestinal_compartment_L_dopa_variable_f_H":0.13,"data_set_value_component_body_compartment_L_dopa_variable_C_dopa_b":27.1408903412,"data_set_value_component_body_compartment_L_dopa_variable_V_dopa":0.496,"data_set_value_component_body_compartment_3_OMD_variable_C_OMD_b":6.3334468446,"data_set_value_component_body_compartment_3_OMD_variable_CL_OMD_b":0.012,"data_set_value_component_body_compartment_3_OMD_variable_V_OMD_b":0.196,"data_set_value_component_L_dopa_clearance_variable_CL_dopa":0.2676707712,"data_set_value_component_L_dopa_clearance_variable_CL_dopa_0":0.823,"data_set_value_component_L_dopa_clearance_variable_CL_COMT":0.0823,"data_set_value_component_L_dopa_clearance_variable_CL_AADC":0.0125407712,"data_set_value_component_L_dopa_clearance_variable_CL_AADC0":0.56787,"data_set_value_component_L_dopa_clearance_variable_CL_REST":0.17283,"data_set_value_component_L_dopa_clearance_variable_ki":0.00246,"data_set_value_component_gastrointestinal_compartment_benserazide_variable_A_bens":9.1974581303,"data_set_value_component_gastrointestinal_compartment_benserazide_variable_ka_Bens":0.94,"data_set_value_component_gastrointestinal_compartment_benserazide_variable_F_Bens":0.022,"data_set_value_component_central_compartment_benserazide_variable_C_bens_central":0.1044191277,"data_set_value_component_central_compartment_benserazide_variable_V1_B":0.202,"data_set_value_component_central_compartment_benserazide_variable_CLd_B":0.072,"data_set_value_component_peripheral_compartment_benserazide_variable_C_bens_peripheral":0.046438621,"data_set_value_component_peripheral_compartment_benserazide_variable_V2_B":0.127,"data_set_value_component_benserazide_clearance_variable_CL_bens_total":1.9647058824,"data_set_value_component_benserazide_clearance_variable_CL_Ro":0.2947058824,"data_set_value_component_benserazide_clearance_variable_CL_B":1.67,"data_set_value_component_benserazide_clearance_variable_fm":0.15,"data_set_value_component_gastrointestinal_compartment_Ro_variable_A_Ro":0.1893308782,"data_set_value_component_gastrointestinal_compartment_Ro_variable_ka_M":2.47,"data_set_value_component_gastrointestinal_compartment_Ro_variable_F_Ro":1.0,"data_set_value_component_central_compartment_Ro_variable_C_Ro_central":0.1089334846,"data_set_value_component_central_compartment_Ro_variable_V1_M":0.0691,"data_set_value_component_central_compartment_Ro_variable_CLd_M":1.06,"data_set_value_component_central_compartment_Ro_variable_CL_M":4.29,"data_set_value_component_peripheral_compartment_Ro_variable_C_Ro_peripheral":0.0649180181,"data_set_value_component_peripheral_compartment_Ro_variable_V2_M":3.2},{"data_set_value_component_environment_variable_time":0.9,"data_set_value_component_gastrointestinal_compartment_L_dopa_variable_F_b_dopa":0.2124715459,"data_set_value_component_gastrointestinal_compartment_L_dopa_variable_A_dopa_b":15.1215490314,"data_set_value_component_gastrointestinal_compartment_L_dopa_variable_ka_b_dopa":2.11,"data_set_value_component_gastrointestinal_compartment_L_dopa_variable_F_G":0.244,"data_set_value_component_gastrointestinal_compartment_L_dopa_variable_F_H":0.8707850242,"data_set_value_component_gastrointestinal_compartment_L_dopa_variable_CL_H":0.10699,"data_set_value_component_gastrointestinal_compartment_L_dopa_variable_Q":0.828,"data_set_value_component_gastrointestinal_compartment_L_dopa_variable_f_H":0.13,"data_set_value_component_body_compartment_L_dopa_variable_C_dopa_b":27.1877527672,"data_set_value_component_body_compartment_L_dopa_variable_V_dopa":0.496,"data_set_value_component_body_compartment_3_OMD_variable_C_OMD_b":7.4331103665,"data_set_value_component_body_compartment_3_OMD_variable_CL_OMD_b":0.012,"data_set_value_component_body_compartment_3_OMD_variable_V_OMD_b":0.196,"data_set_value_component_L_dopa_clearance_variable_CL_dopa":0.2704203126,"data_set_value_component_L_dopa_clearance_variable_CL_dopa_0":0.823,"data_set_value_component_L_dopa_clearance_variable_CL_COMT":0.0823,"data_set_value_component_L_dopa_clearance_variable_CL_AADC":0.0152903126,"data_set_value_component_L_dopa_clearance_variable_CL_AADC0":0.56787,"data_set_value_component_L_dopa_clearance_variable_CL_REST":0.17283,"data_set_value_component_L_dopa_clearance_variable_ki":0.00246,"data_set_value_component_gastrointestinal_compartment_benserazide_variable_A_bens":8.3722875983,"data_set_value_component_gastrointestinal_compartment_benserazide_variable_ka_Bens":0.94,"data_set_value_component_gastrointestinal_compartment_benserazide_variable_F_Bens":0.022,"data_set_value_component_central_compartment_benserazide_variable_C_bens_central":0.0953534232,"data_set_value_component_central_compartment_benserazide_variable_V1_B":0.202,"data_set_value_component_central_compartment_benserazide_variable_CLd_B":0.072,"data_set_value_component_peripheral_compartment_benserazide_variable_C_bens_peripheral":0.0493784128,"data_set_value_component_peripheral_compartment_benserazide_variable_V2_B":0.127,"data_set_value_component_benserazide_clearance_variable_CL_bens_total":1.9647058824,"data_set_value_component_benserazide_clearance_variable_CL_Ro":0.2947058824,"data_set_value_component_benserazide_clearance_variable_CL_B":1.67,"data_set_value_component_benserazide_clearance_variable_fm":0.15,"data_set_value_component_gastrointestinal_compartment_Ro_variable_A_Ro":0.1478940919,"data_set_value_component_gastrointestinal_compartment_Ro_variable_ka_M":2.47,"data_set_value_component_gastrointestinal_compartment_Ro_variable_F_Ro":1.0,"data_set_value_component_central_compartment_Ro_variable_C_Ro_central":0.0889024358,"data_set_value_component_central_compartment_Ro_variable_V1_M":0.0691,"data_set_value_component_central_compartment_Ro_variable_CLd_M":1.06,"data_set_value_component_central_compartment_Ro_variable_CL_M":4.29,"data_set_value_component_peripheral_compartment_Ro_variable_C_Ro_peripheral":0.0660110443,"data_set_value_component_peripheral_compartment_Ro_variable_V2_M":3.2},{"data_set_value_component_environment_variable_time":1.0,"data_set_value_component_gastrointestinal_compartment_L_dopa_variable_F_b_dopa":0.2124715459,"data_set_value_component_gastrointestinal_compartment_L_dopa_variable_A_dopa_b":12.2450394511,"data_set_value_component_gastrointestinal_compartment_L_dopa_variable_ka_b_dopa":2.11,"data_set_value_component_gastrointestinal_compartment_L_dopa_variable_F_G":0.244,"data_set_value_component_gastrointestinal_compartment_L_dopa_variable_F_H":0.8707850242,"data_set_value_component_gastrointestinal_compartment_L_dopa_variable_CL_H":0.10699,"data_set_value_component_gastrointestinal_compartment_L_dopa_variable_Q":0.828,"data_set_value_component_gastrointestinal_compartment_L_dopa_variable_f_H":0.13,"data_set_value_component_body_compartment_L_dopa_variable_C_dopa_b":26.9348765777,"data_set_value_component_body_compartment_L_dopa_variable_V_dopa":0.496,"data_set_value_component_body_compartment_3_OMD_variable_C_OMD_b":8.521481543,"data_set_value_component_body_compartment_3_OMD_variable_CL_OMD_b":0.012,"data_set_value_component_body_compartment_3_OMD_variable_V_OMD_b":0.196,"data_set_value_component_L_dopa_clearance_variable_CL_dopa":0.2736149046,"data_set_value_component_L_dopa_clearance_variable_CL_dopa_0":0.823,"data_set_value_component_L_dopa_clearance_variable_CL_COMT":0.0823,"data_set_value_component_L_dopa_clearance_variable_CL_AADC":0.0184849046,"data_set_value_component_L_dopa_clearance_variable_CL_AADC0":0.56787,"data_set_value_component_L_dopa_clearance_variable_CL_REST":0.17283,"data_set_value_component_L_dopa_clearance_variable_ki":0.00246,"data_set_value_component_gastrointestinal_compartment_benserazide_variable_A_bens":7.6211490866,"data_set_value_component_gastrointestinal_compartment_benserazide_variable_ka_Bens":0.94,"data_set_value_component_gastrointestinal_compartment_benserazide_variable_F_Bens":0.022,"data_set_value_component_central_compartment_benserazide_variable_C_bens_central":0.0870636117,"data_set_value_component_central_compartment_benserazide_variable_V1_B":0.202,"data_set_value_component_central_compartment_benserazide_variable_CLd_B":0.072,"data_set_value_component_peripheral_compartment_benserazide_variable_C_bens_peripheral":0.0516783077,"data_set_value_component_peripheral_compartment_benserazide_variable_V2_B":0.127,"data_set_value_component_benserazide_clearance_variable_CL_bens_total":1.9647058824,"data_set_value_component_benserazide_clearance_variable_CL_Ro":0.2947058824,"data_set_value_component_benserazide_clearance_variable_CL_B":1.67,"data_set_value_component_benserazide_clearance_variable_fm":0.15,"data_set_value_component_gastrointestinal_compartment_Ro_variable_A_Ro":0.1155261232,"data_set_value_component_gastrointestinal_compartment_Ro_variable_ka_M":2.47,"data_set_value_component_gastrointestinal_compartment_Ro_variable_F_Ro":1.0,"data_set_value_component_central_compartment_Ro_variable_C_Ro_central":0.0731130274,"data_set_value_component_central_compartment_Ro_variable_V1_M":0.0691,"data_set_value_component_central_compartment_Ro_variable_CLd_M":1.06,"data_set_value_component_central_compartment_Ro_variable_CL_M":4.29,"data_set_value_component_peripheral_compartment_Ro_variable_C_Ro_peripheral":0.0664880957,"data_set_value_component_peripheral_compartment_Ro_variable_V2_M":3.2}]