[{"data_set_value_component_environment_variable_time":0.0,"data_set_value_component_total_concs_variable_mostot":0.003,"data_set_value_component_total_concs_variable_e1tot":0.0003,"data_set_value_component_total_concs_variable_e2tot":0.0003,"data_set_value_component_total_concs_variable_mektot":1.2,"data_set_value_component_total_concs_variable_mekpasetot":0.0003,"data_set_value_component_total_concs_variable_mapktot":1.2,"data_set_value_component_total_concs_variable_mapkpasetot":0.12,"data_set_value_component_rate_constants_variable_a1":1000.0,"data_set_value_component_rate_constants_variable_a2":1000.0,"data_set_value_component_rate_constants_variable_a3":1000.0,"data_set_value_component_rate_constants_variable_a4":1000.0,"data_set_value_component_rate_constants_variable_a5":1000.0,"data_set_value_component_rate_constants_variable_a6":1000.0,"data_set_value_component_rate_constants_variable_a7":1000.0,"data_set_value_component_rate_constants_variable_a8":1000.0,"data_set_value_component_rate_constants_variable_a9":1000.0,"data_set_value_component_rate_constants_variable_a10":1000.0,"data_set_value_component_rate_constants_variable_d1":150.0,"data_set_value_component_rate_constants_variable_d2":150.0,"data_set_value_component_rate_constants_variable_d3":150.0,"data_set_value_component_rate_constants_variable_d4":150.0,"data_set_value_component_rate_constants_variable_d5":150.0,"data_set_value_component_rate_constants_variable_d6":150.0,"data_set_value_component_rate_constants_variable_d7":150.0,"data_set_value_component_rate_constants_variable_d8":150.0,"data_set_value_component_rate_constants_variable_d9":150.0,"data_set_value_component_rate_constants_variable_d10":150.0,"data_set_value_component_rate_constants_variable_k1":150.0,"data_set_value_component_rate_constants_variable_k2":150.0,"data_set_value_component_rate_constants_variable_k3":150.0,"data_set_value_component_rate_constants_variable_k4":150.0,"data_set_value_component_rate_constants_variable_k5":150.0,"data_set_value_component_rate_constants_variable_k6":150.0,"data_set_value_component_rate_constants_variable_k7":150.0,"data_set_value_component_rate_constants_variable_k8":150.0,"data_set_value_component_rate_constants_variable_k9":150.0,"data_set_value_component_rate_constants_variable_k10":150.0,"data_set_value_component_mos_variable_mos":0.003,"data_set_value_component_mose1_variable_mose1":0.0,"data_set_value_component_mosstar_variable_mosstar":0.0,"data_set_value_component_mosstare2_variable_mosstare2":0.0,"data_set_value_component_mek_variable_mek":1.2,"data_set_value_component_mekmosstar_variable_mekmosstar":0.0,"data_set_value_component_mekstar_variable_mekstar":0.0,"data_set_value_component_mekstarmekpase_variable_mekstarmekpase":0.0,"data_set_value_component_mekstarmosstar_variable_mekstarmosstar":0.0,"data_set_value_component_mekstarstar_variable_mekstarstar":0.0,"data_set_value_component_mekstarstarmekpase_variable_mekstarstarmekpase":0.0,"data_set_value_component_mapk_variable_mapk":1.2,"data_set_value_component_mapkmekstarstar_variable_mapkmekstarstar":0.0,"data_set_value_component_mapkstar_variable_mapkstar":0.0,"data_set_value_component_mapkstarmekstarstar_variable_mapkstarmekstarstar":0.0,"data_set_value_component_mapkstarstar_variable_mapkstarstar":0.0,"data_set_value_component_mapkstarmapkpase_variable_mapkstarmapkpase":0.0,"data_set_value_component_mapkstarstarmapkpase_variable_mapkstarstarmapkpase":0.0},{"data_set_value_component_environment_variable_time":0.1,"data_set_value_component_total_concs_variable_mostot":0.003,"data_set_value_component_total_concs_variable_e1tot":0.0003,"data_set_value_component_total_concs_variable_e2tot":0.0003,"data_set_value_component_total_concs_variable_mektot":1.2,"data_set_value_component_total_concs_variable_mekpasetot":0.0003,"data_set_value_component_total_concs_variable_mapktot":1.2,"data_set_value_component_total_concs_variable_mapkpasetot":0.12,"data_set_value_component_rate_constants_variable_a1":1000.0,"data_set_value_component_rate_constants_variable_a2":1000.0,"data_set_value_component_rate_constants_variable_a3":1000.0,"data_set_value_component_rate_constants_variable_a4":1000.0,"data_set_value_component_rate_constants_variable_a5":1000.0,"data_set_value_component_rate_constants_variable_a6":1000.0,"data_set_value_component_rate_constants_variable_a7":1000.0,"data_set_value_component_rate_constants_variable_a8":1000.0,"data_set_value_component_rate_constants_variable_a9":1000.0,"data_set_value_component_rate_constants_variable_a10":1000.0,"data_set_value_component_rate_constants_variable_d1":150.0,"data_set_value_component_rate_constants_variable_d2":150.0,"data_set_value_component_rate_constants_variable_d3":150.0,"data_set_value_component_rate_constants_variable_d4":150.0,"data_set_value_component_rate_constants_variable_d5":150.0,"data_set_value_component_rate_constants_variable_d6":150.0,"data_set_value_component_rate_constants_variable_d7":150.0,"data_set_value_component_rate_constants_variable_d8":150.0,"data_set_value_component_rate_constants_variable_d9":150.0,"data_set_value_component_rate_constants_variable_d10":150.0,"data_set_value_component_rate_constants_variable_k1":150.0,"data_set_value_component_rate_constants_variable_k2":150.0,"data_set_value_component_rate_constants_variable_k3":150.0,"data_set_value_component_rate_constants_variable_k4":150.0,"data_set_value_component_rate_constants_variable_k5":150.0,"data_set_value_component_rate_constants_variable_k6":150.0,"data_set_value_component_rate_constants_variable_k7":150.0,"data_set_value_component_rate_constants_variable_k8":150.0,"data_set_value_component_rate_constants_variable_k9":150.0,"data_set_value_component_rate_constants_variable_k10":150.0,"data_set_value_component_mos_variable_mos":0.0029543757,"data_set_value_component_mose1_variable_mose1":0.000002927,"data_set_value_component_mosstar_variable_mosstar":0.0000087714,"data_set_value_component_mosstare2_variable_mosstare2":0.0000000085,"data_set_value_component_mek_variable_mek":1.1997220432,"data_set_value_component_mekmosstar_variable_mekmosstar":0.0000339108,"data_set_value_component_mekstar_variable_mekstar":0.0002437849,"data_set_value_component_mekstarmekpase_variable_mekstarmekpase":0.0000002274,"data_set_value_component_mekstarmosstar_variable_mekstarmosstar":0.0000000065,"data_set_value_component_mekstarstar_variable_mekstarstar":0.000000006,"data_set_value_component_mekstarstarmekpase_variable_mekstarstarmekpase":0.0,"data_set_value_component_mapk_variable_mapk":1.1999999376,"data_set_value_component_mapkmekstarstar_variable_mapkmekstarstar":0.0000000213,"data_set_value_component_mapkstar_variable_mapkstar":0.0000000304,"data_set_value_component_mapkstarmekstarstar_variable_mapkstarmekstarstar":6.800777479e-16,"data_set_value_component_mapkstarstar_variable_mapkstarstar":8.744727813e-16,"data_set_value_component_mapkstarmapkpase_variable_mapkstarmapkpase":0.0000000108,"data_set_value_component_mapkstarstarmapkpase_variable_mapkstarstarmapkpase":3.012422143e-16},{"data_set_value_component_environment_variable_time":0.2,"data_set_value_component_total_concs_variable_mostot":0.003,"data_set_value_component_total_concs_variable_e1tot":0.0003,"data_set_value_component_total_concs_variable_e2tot":0.0003,"data_set_value_component_total_concs_variable_mektot":1.2,"data_set_value_component_total_concs_variable_mekpasetot":0.0003,"data_set_value_component_total_concs_variable_mapktot":1.2,"data_set_value_component_total_concs_variable_mapkpasetot":0.12,"data_set_value_component_rate_constants_variable_a1":1000.0,"data_set_value_component_rate_constants_variable_a2":1000.0,"data_set_value_component_rate_constants_variable_a3":1000.0,"data_set_value_component_rate_constants_variable_a4":1000.0,"data_set_value_component_rate_constants_variable_a5":1000.0,"data_set_value_component_rate_constants_variable_a6":1000.0,"data_set_value_component_rate_constants_variable_a7":1000.0,"data_set_value_component_rate_constants_variable_a8":1000.0,"data_set_value_component_rate_constants_variable_a9":1000.0,"data_set_value_component_rate_constants_variable_a10":1000.0,"data_set_value_component_rate_constants_variable_d1":150.0,"data_set_value_component_rate_constants_variable_d2":150.0,"data_set_value_component_rate_constants_variable_d3":150.0,"data_set_value_component_rate_constants_variable_d4":150.0,"data_set_value_component_rate_constants_variable_d5":150.0,"data_set_value_component_rate_constants_variable_d6":150.0,"data_set_value_component_rate_constants_variable_d7":150.0,"data_set_value_component_rate_constants_variable_d8":150.0,"data_set_value_component_rate_constants_variable_d9":150.0,"data_set_value_component_rate_constants_variable_d10":150.0,"data_set_value_component_rate_constants_variable_k1":150.0,"data_set_value_component_rate_constants_variable_k2":150.0,"data_set_value_component_rate_constants_variable_k3":150.0,"data_set_value_component_rate_constants_variable_k4":150.0,"data_set_value_component_rate_constants_variable_k5":150.0,"data_set_value_component_rate_constants_variable_k6":150.0,"data_set_value_component_rate_constants_variable_k7":150.0,"data_set_value_component_rate_constants_variable_k8":150.0,"data_set_value_component_rate_constants_variable_k9":150.0,"data_set_value_component_rate_constants_variable_k10":150.0,"data_set_value_component_mos_variable_mos":0.0029110258,"data_set_value_component_mose1_variable_mose1":0.0000028844,"data_set_value_component_mosstar_variable_mosstar":0.0000174447,"data_set_value_component_mosstare2_variable_mosstare2":0.0000000172,"data_set_value_component_mek_variable_mek":1.1989263956,"data_set_value_component_mekmosstar_variable_mekmosstar":0.0000685723,"data_set_value_component_mekstar_variable_mekstar":0.001003587,"data_set_value_component_mekstarmekpase_variable_mekstarmekpase":0.0000009674,"data_set_value_component_mekstarmosstar_variable_mekstarmosstar":0.0000000555,"data_set_value_component_mekstarstar_variable_mekstarstar":0.0000000888,"data_set_value_component_mekstarstarmekpase_variable_mekstarstarmekpase":0.0000000001,"data_set_value_component_mapk_variable_mapk":1.1999988589,"data_set_value_component_mapkmekstarstar_variable_mapkmekstarstar":0.0000003333,"data_set_value_component_mapkstar_variable_mapkstar":0.0000005881,"data_set_value_component_mapkstarmekstarstar_variable_mapkstarmekstarstar":0.0,"data_set_value_component_mapkstarstar_variable_mapkstarstar":0.0,"data_set_value_component_mapkstarmapkpase_variable_mapkstarmapkpase":0.0000002196,"data_set_value_component_mapkstarstarmapkpase_variable_mapkstarstarmapkpase":0.0},{"data_set_value_component_environment_variable_time":0.3,"data_set_value_component_total_concs_variable_mostot":0.003,"data_set_value_component_total_concs_variable_e1tot":0.0003,"data_set_value_component_total_concs_variable_e2tot":0.0003,"data_set_value_component_total_concs_variable_mektot":1.2,"data_set_value_component_total_concs_variable_mekpasetot":0.0003,"data_set_value_component_total_concs_variable_mapktot":1.2,"data_set_value_component_total_concs_variable_mapkpasetot":0.12,"data_set_value_component_rate_constants_variable_a1":1000.0,"data_set_value_component_rate_constants_variable_a2":1000.0,"data_set_value_component_rate_constants_variable_a3":1000.0,"data_set_value_component_rate_constants_variable_a4":1000.0,"data_set_value_component_rate_constants_variable_a5":1000.0,"data_set_value_component_rate_constants_variable_a6":1000.0,"data_set_value_component_rate_constants_variable_a7":1000.0,"data_set_value_component_rate_constants_variable_a8":1000.0,"data_set_value_component_rate_constants_variable_a9":1000.0,"data_set_value_component_rate_constants_variable_a10":1000.0,"data_set_value_component_rate_constants_variable_d1":150.0,"data_set_value_component_rate_constants_variable_d2":150.0,"data_set_value_component_rate_constants_variable_d3":150.0,"data_set_value_component_rate_constants_variable_d4":150.0,"data_set_value_component_rate_constants_variable_d5":150.0,"data_set_value_component_rate_constants_variable_d6":150.0,"data_set_value_component_rate_constants_variable_d7":150.0,"data_set_value_component_rate_constants_variable_d8":150.0,"data_set_value_component_rate_constants_variable_d9":150.0,"data_set_value_component_rate_constants_variable_d10":150.0,"data_set_value_component_rate_constants_variable_k1":150.0,"data_set_value_component_rate_constants_variable_k2":150.0,"data_set_value_component_rate_constants_variable_k3":150.0,"data_set_value_component_rate_constants_variable_k4":150.0,"data_set_value_component_rate_constants_variable_k5":150.0,"data_set_value_component_rate_constants_variable_k6":150.0,"data_set_value_component_rate_constants_variable_k7":150.0,"data_set_value_component_rate_constants_variable_k8":150.0,"data_set_value_component_rate_constants_variable_k9":150.0,"data_set_value_component_rate_constants_variable_k10":150.0,"data_set_value_component_mos_variable_mos":0.0028684369,"data_set_value_component_mose1_variable_mose1":0.0000028426,"data_set_value_component_mosstar_variable_mosstar":0.0000259661,"data_set_value_component_mosstare2_variable_mosstare2":0.0000000257,"data_set_value_component_mek_variable_mek":1.1976313284,"data_set_value_component_mekmosstar_variable_mekmosstar":0.0001025391,"data_set_value_component_mekstar_variable_mekstar":0.002261602,"data_set_value_component_mekstarmekpase_variable_mekstarmekpase":0.0000021963,"data_set_value_component_mekstarmosstar_variable_mekstarmosstar":0.0000001894,"data_set_value_component_mekstarstar_variable_mekstarstar":0.0000004439,"data_set_value_component_mekstarstarmekpase_variable_mekstarstarmekpase":0.0000000004,"data_set_value_component_mapk_variable_mapk":1.1999937004,"data_set_value_component_mapkmekstarstar_variable_mapkmekstarstar":0.0000017004,"data_set_value_component_mapkstar_variable_mapkstar":0.0000033278,"data_set_value_component_mapkstarmekstarstar_variable_mapkstarmekstarstar":0.0,"data_set_value_component_mapkstarstar_variable_mapkstarstar":0.0,"data_set_value_component_mapkstarmapkpase_variable_mapkstarmapkpase":0.0000012713,"data_set_value_component_mapkstarstarmapkpase_variable_mapkstarstarmapkpase":0.0},{"data_set_value_component_environment_variable_time":0.4,"data_set_value_component_total_concs_variable_mostot":0.003,"data_set_value_component_total_concs_variable_e1tot":0.0003,"data_set_value_component_total_concs_variable_e2tot":0.0003,"data_set_value_component_total_concs_variable_mektot":1.2,"data_set_value_component_total_concs_variable_mekpasetot":0.0003,"data_set_value_component_total_concs_variable_mapktot":1.2,"data_set_value_component_total_concs_variable_mapkpasetot":0.12,"data_set_value_component_rate_constants_variable_a1":1000.0,"data_set_value_component_rate_constants_variable_a2":1000.0,"data_set_value_component_rate_constants_variable_a3":1000.0,"data_set_value_component_rate_constants_variable_a4":1000.0,"data_set_value_component_rate_constants_variable_a5":1000.0,"data_set_value_component_rate_constants_variable_a6":1000.0,"data_set_value_component_rate_constants_variable_a7":1000.0,"data_set_value_component_rate_constants_variable_a8":1000.0,"data_set_value_component_rate_constants_variable_a9":1000.0,"data_set_value_component_rate_constants_variable_a10":1000.0,"data_set_value_component_rate_constants_variable_d1":150.0,"data_set_value_component_rate_constants_variable_d2":150.0,"data_set_value_component_rate_constants_variable_d3":150.0,"data_set_value_component_rate_constants_variable_d4":150.0,"data_set_value_component_rate_constants_variable_d5":150.0,"data_set_value_component_rate_constants_variable_d6":150.0,"data_set_value_component_rate_constants_variable_d7":150.0,"data_set_value_component_rate_constants_variable_d8":150.0,"data_set_value_component_rate_constants_variable_d9":150.0,"data_set_value_component_rate_constants_variable_d10":150.0,"data_set_value_component_rate_constants_variable_k1":150.0,"data_set_value_component_rate_constants_variable_k2":150.0,"data_set_value_component_rate_constants_variable_k3":150.0,"data_set_value_component_rate_constants_variable_k4":150.0,"data_set_value_component_rate_constants_variable_k5":150.0,"data_set_value_component_rate_constants_variable_k6":150.0,"data_set_value_component_rate_constants_variable_k7":150.0,"data_set_value_component_rate_constants_variable_k8":150.0,"data_set_value_component_rate_constants_variable_k9":150.0,"data_set_value_component_rate_constants_variable_k10":150.0,"data_set_value_component_mos_variable_mos":0.0028265957,"data_set_value_component_mose1_variable_mose1":0.0000028016,"data_set_value_component_mosstar_variable_mosstar":0.0000343385,"data_set_value_component_mosstare2_variable_mosstare2":0.0000000341,"data_set_value_component_mek_variable_mek":1.1958547598,"data_set_value_component_mekmosstar_variable_mekmosstar":0.0001357836,"data_set_value_component_mekstar_variable_mekstar":0.0039983499,"data_set_value_component_mekstarmekpase_variable_mekstarmekpase":0.000003883,"data_set_value_component_mekstarmosstar_variable_mekstarmosstar":0.0000004466,"data_set_value_component_mekstarstar_variable_mekstarstar":0.0000013906,"data_set_value_component_mekstarstarmekpase_variable_mekstarstarmekpase":0.0000000013,"data_set_value_component_mapk_variable_mapk":1.1999791225,"data_set_value_component_mapkmekstarstar_variable_mapkmekstarstar":0.0000053852,"data_set_value_component_mapkstar_variable_mapkstar":0.0000111727,"data_set_value_component_mapkstarmekstarstar_variable_mapkstarmekstarstar":0.0000000001,"data_set_value_component_mapkstarstar_variable_mapkstarstar":0.0000000001,"data_set_value_component_mapkstarmapkpase_variable_mapkstarmapkpase":0.0000043195,"data_set_value_component_mapkstarstarmapkpase_variable_mapkstarstarmapkpase":0.0},{"data_set_value_component_environment_variable_time":0.5,"data_set_value_component_total_concs_variable_mostot":0.003,"data_set_value_component_total_concs_variable_e1tot":0.0003,"data_set_value_component_total_concs_variable_e2tot":0.0003,"data_set_value_component_total_concs_variable_mektot":1.2,"data_set_value_component_total_concs_variable_mekpasetot":0.0003,"data_set_value_component_total_concs_variable_mapktot":1.2,"data_set_value_component_total_concs_variable_mapkpasetot":0.12,"data_set_value_component_rate_constants_variable_a1":1000.0,"data_set_value_component_rate_constants_variable_a2":1000.0,"data_set_value_component_rate_constants_variable_a3":1000.0,"data_set_value_component_rate_constants_variable_a4":1000.0,"data_set_value_component_rate_constants_variable_a5":1000.0,"data_set_value_component_rate_constants_variable_a6":1000.0,"data_set_value_component_rate_constants_variable_a7":1000.0,"data_set_value_component_rate_constants_variable_a8":1000.0,"data_set_value_component_rate_constants_variable_a9":1000.0,"data_set_value_component_rate_constants_variable_a10":1000.0,"data_set_value_component_rate_constants_variable_d1":150.0,"data_set_value_component_rate_constants_variable_d2":150.0,"data_set_value_component_rate_constants_variable_d3":150.0,"data_set_value_component_rate_constants_variable_d4":150.0,"data_set_value_component_rate_constants_variable_d5":150.0,"data_set_value_component_rate_constants_variable_d6":150.0,"data_set_value_component_rate_constants_variable_d7":150.0,"data_set_value_component_rate_constants_variable_d8":150.0,"data_set_value_component_rate_constants_variable_d9":150.0,"data_set_value_component_rate_constants_variable_d10":150.0,"data_set_value_component_rate_constants_variable_k1":150.0,"data_set_value_component_rate_constants_variable_k2":150.0,"data_set_value_component_rate_constants_variable_k3":150.0,"data_set_value_component_rate_constants_variable_k4":150.0,"data_set_value_component_rate_constants_variable_k5":150.0,"data_set_value_component_rate_constants_variable_k6":150.0,"data_set_value_component_rate_constants_variable_k7":150.0,"data_set_value_component_rate_constants_variable_k8":150.0,"data_set_value_component_rate_constants_variable_k9":150.0,"data_set_value_component_rate_constants_variable_k10":150.0,"data_set_value_component_mos_variable_mos":0.0027854892,"data_set_value_component_mose1_variable_mose1":0.0000027612,"data_set_value_component_mosstar_variable_mosstar":0.0000425644,"data_set_value_component_mosstare2_variable_mosstare2":0.0000000423,"data_set_value_component_mek_variable_mek":1.1936143653,"data_set_value_component_mekmosstar_variable_mekmosstar":0.000168281,"data_set_value_component_mekstar_variable_mekstar":0.0061940906,"data_set_value_component_mekstarmekpase_variable_mekstarmekpase":0.0000059933,"data_set_value_component_mekstarmosstar_variable_mekstarmosstar":0.0000008619,"data_set_value_component_mekstarstar_variable_mekstarstar":0.0000033494,"data_set_value_component_mekstarstarmekpase_variable_mekstarstarmekpase":0.0000000032,"data_set_value_component_mapk_variable_mapk":1.1999479299,"data_set_value_component_mapkmekstarstar_variable_mapkmekstarstar":0.0000130551,"data_set_value_component_mapkstar_variable_mapkstar":0.0000280812,"data_set_value_component_mapkstarmekstarstar_variable_mapkstarmekstarstar":0.0000000003,"data_set_value_component_mapkstarstar_variable_mapkstarstar":0.0000000006,"data_set_value_component_mapkstarmapkpase_variable_mapkstarmapkpase":0.0000109327,"data_set_value_component_mapkstarstarmapkpase_variable_mapkstarstarmapkpase":0.0000000002},{"data_set_value_component_environment_variable_time":0.6,"data_set_value_component_total_concs_variable_mostot":0.003,"data_set_value_component_total_concs_variable_e1tot":0.0003,"data_set_value_component_total_concs_variable_e2tot":0.0003,"data_set_value_component_total_concs_variable_mektot":1.2,"data_set_value_component_total_concs_variable_mekpasetot":0.0003,"data_set_value_component_total_concs_variable_mapktot":1.2,"data_set_value_component_total_concs_variable_mapkpasetot":0.12,"data_set_value_component_rate_constants_variable_a1":1000.0,"data_set_value_component_rate_constants_variable_a2":1000.0,"data_set_value_component_rate_constants_variable_a3":1000.0,"data_set_value_component_rate_constants_variable_a4":1000.0,"data_set_value_component_rate_constants_variable_a5":1000.0,"data_set_value_component_rate_constants_variable_a6":1000.0,"data_set_value_component_rate_constants_variable_a7":1000.0,"data_set_value_component_rate_constants_variable_a8":1000.0,"data_set_value_component_rate_constants_variable_a9":1000.0,"data_set_value_component_rate_constants_variable_a10":1000.0,"data_set_value_component_rate_constants_variable_d1":150.0,"data_set_value_component_rate_constants_variable_d2":150.0,"data_set_value_component_rate_constants_variable_d3":150.0,"data_set_value_component_rate_constants_variable_d4":150.0,"data_set_value_component_rate_constants_variable_d5":150.0,"data_set_value_component_rate_constants_variable_d6":150.0,"data_set_value_component_rate_constants_variable_d7":150.0,"data_set_value_component_rate_constants_variable_d8":150.0,"data_set_value_component_rate_constants_variable_d9":150.0,"data_set_value_component_rate_constants_variable_d10":150.0,"data_set_value_component_rate_constants_variable_k1":150.0,"data_set_value_component_rate_constants_variable_k2":150.0,"data_set_value_component_rate_constants_variable_k3":150.0,"data_set_value_component_rate_constants_variable_k4":150.0,"data_set_value_component_rate_constants_variable_k5":150.0,"data_set_value_component_rate_constants_variable_k6":150.0,"data_set_value_component_rate_constants_variable_k7":150.0,"data_set_value_component_rate_constants_variable_k8":150.0,"data_set_value_component_rate_constants_variable_k9":150.0,"data_set_value_component_rate_constants_variable_k10":150.0,"data_set_value_component_mos_variable_mos":0.0027451046,"data_set_value_component_mose1_variable_mose1":0.0000027215,"data_set_value_component_mosstar_variable_mosstar":0.0000506465,"data_set_value_component_mosstare2_variable_mosstare2":0.0000000504,"data_set_value_component_mek_variable_mek":1.1909276149,"data_set_value_component_mekmosstar_variable_mekmosstar":0.00020001,"data_set_value_component_mekstar_variable_mekstar":0.008828827,"data_set_value_component_mekstarmekpase_variable_mekstarmekpase":0.0000084895,"data_set_value_component_mekstarmosstar_variable_mekstarmosstar":0.0000014669,"data_set_value_component_mekstarstar_variable_mekstarstar":0.0000068337,"data_set_value_component_mekstarstarmekpase_variable_mekstarstarmekpase":0.0000000065,"data_set_value_component_mapk_variable_mapk":1.1998912162,"data_set_value_component_mapkmekstarstar_variable_mapkmekstarstar":0.0000267502,"data_set_value_component_mapkstar_variable_mapkstar":0.000058967,"data_set_value_component_mapkstarmekstarstar_variable_mapkstarmekstarstar":0.0000000013,"data_set_value_component_mapkstarstar_variable_mapkstarstar":0.0000000025,"data_set_value_component_mapkstarmapkpase_variable_mapkstarmapkpase":0.0000230618,"data_set_value_component_mapkstarstarmapkpase_variable_mapkstarstarmapkpase":0.000000001},{"data_set_value_component_environment_variable_time":0.7,"data_set_value_component_total_concs_variable_mostot":0.003,"data_set_value_component_total_concs_variable_e1tot":0.0003,"data_set_value_component_total_concs_variable_e2tot":0.0003,"data_set_value_component_total_concs_variable_mektot":1.2,"data_set_value_component_total_concs_variable_mekpasetot":0.0003,"data_set_value_component_total_concs_variable_mapktot":1.2,"data_set_value_component_total_concs_variable_mapkpasetot":0.12,"data_set_value_component_rate_constants_variable_a1":1000.0,"data_set_value_component_rate_constants_variable_a2":1000.0,"data_set_value_component_rate_constants_variable_a3":1000.0,"data_set_value_component_rate_constants_variable_a4":1000.0,"data_set_value_component_rate_constants_variable_a5":1000.0,"data_set_value_component_rate_constants_variable_a6":1000.0,"data_set_value_component_rate_constants_variable_a7":1000.0,"data_set_value_component_rate_constants_variable_a8":1000.0,"data_set_value_component_rate_constants_variable_a9":1000.0,"data_set_value_component_rate_constants_variable_a10":1000.0,"data_set_value_component_rate_constants_variable_d1":150.0,"data_set_value_component_rate_constants_variable_d2":150.0,"data_set_value_component_rate_constants_variable_d3":150.0,"data_set_value_component_rate_constants_variable_d4":150.0,"data_set_value_component_rate_constants_variable_d5":150.0,"data_set_value_component_rate_constants_variable_d6":150.0,"data_set_value_component_rate_constants_variable_d7":150.0,"data_set_value_component_rate_constants_variable_d8":150.0,"data_set_value_component_rate_constants_variable_d9":150.0,"data_set_value_component_rate_constants_variable_d10":150.0,"data_set_value_component_rate_constants_variable_k1":150.0,"data_set_value_component_rate_constants_variable_k2":150.0,"data_set_value_component_rate_constants_variable_k3":150.0,"data_set_value_component_rate_constants_variable_k4":150.0,"data_set_value_component_rate_constants_variable_k5":150.0,"data_set_value_component_rate_constants_variable_k6":150.0,"data_set_value_component_rate_constants_variable_k7":150.0,"data_set_value_component_rate_constants_variable_k8":150.0,"data_set_value_component_rate_constants_variable_k9":150.0,"data_set_value_component_rate_constants_variable_k10":150.0,"data_set_value_component_mos_variable_mos":0.0027054295,"data_set_value_component_mose1_variable_mose1":0.0000026825,"data_set_value_component_mosstar_variable_mosstar":0.0000585878,"data_set_value_component_mosstare2_variable_mosstare2":0.0000000583,"data_set_value_component_mek_variable_mek":1.1878116988,"data_set_value_component_mekmosstar_variable_mekmosstar":0.0002309526,"data_set_value_component_mekstar_variable_mekstar":0.0118823801,"data_set_value_component_mekstarmekpase_variable_mekstarmekpase":0.000011333,"data_set_value_component_mekstarmosstar_variable_mekstarmosstar":0.0000022892,"data_set_value_component_mekstarstar_variable_mekstarstar":0.0000124493,"data_set_value_component_mekstarstarmekpase_variable_mekstarstarmekpase":0.0000000118,"data_set_value_component_mapk_variable_mapk":1.1997983652,"data_set_value_component_mapkmekstarstar_variable_mapkmekstarstar":0.0000488808,"data_set_value_component_mapkstar_variable_mapkstar":0.000109699,"data_set_value_component_mapkstarmekstarstar_variable_mapkstarmekstarstar":0.0000000044,"data_set_value_component_mapkstarstar_variable_mapkstarstar":0.000000009,"data_set_value_component_mapkstarmapkpase_variable_mapkstarmapkpase":0.0000430381,"data_set_value_component_mapkstarstarmapkpase_variable_mapkstarstarmapkpase":0.0000000035},{"data_set_value_component_environment_variable_time":0.8,"data_set_value_component_total_concs_variable_mostot":0.003,"data_set_value_component_total_concs_variable_e1tot":0.0003,"data_set_value_component_total_concs_variable_e2tot":0.0003,"data_set_value_component_total_concs_variable_mektot":1.2,"data_set_value_component_total_concs_variable_mekpasetot":0.0003,"data_set_value_component_total_concs_variable_mapktot":1.2,"data_set_value_component_total_concs_variable_mapkpasetot":0.12,"data_set_value_component_rate_constants_variable_a1":1000.0,"data_set_value_component_rate_constants_variable_a2":1000.0,"data_set_value_component_rate_constants_variable_a3":1000.0,"data_set_value_component_rate_constants_variable_a4":1000.0,"data_set_value_component_rate_constants_variable_a5":1000.0,"data_set_value_component_rate_constants_variable_a6":1000.0,"data_set_value_component_rate_constants_variable_a7":1000.0,"data_set_value_component_rate_constants_variable_a8":1000.0,"data_set_value_component_rate_constants_variable_a9":1000.0,"data_set_value_component_rate_constants_variable_a10":1000.0,"data_set_value_component_rate_constants_variable_d1":150.0,"data_set_value_component_rate_constants_variable_d2":150.0,"data_set_value_component_rate_constants_variable_d3":150.0,"data_set_value_component_rate_constants_variable_d4":150.0,"data_set_value_component_rate_constants_variable_d5":150.0,"data_set_value_component_rate_constants_variable_d6":150.0,"data_set_value_component_rate_constants_variable_d7":150.0,"data_set_value_component_rate_constants_variable_d8":150.0,"data_set_value_component_rate_constants_variable_d9":150.0,"data_set_value_component_rate_constants_variable_d10":150.0,"data_set_value_component_rate_constants_variable_k1":150.0,"data_set_value_component_rate_constants_variable_k2":150.0,"data_set_value_component_rate_constants_variable_k3":150.0,"data_set_value_component_rate_constants_variable_k4":150.0,"data_set_value_component_rate_constants_variable_k5":150.0,"data_set_value_component_rate_constants_variable_k6":150.0,"data_set_value_component_rate_constants_variable_k7":150.0,"data_set_value_component_rate_constants_variable_k8":150.0,"data_set_value_component_rate_constants_variable_k9":150.0,"data_set_value_component_rate_constants_variable_k10":150.0,"data_set_value_component_mos_variable_mos":0.0026664515,"data_set_value_component_mose1_variable_mose1":0.0000026442,"data_set_value_component_mosstar_variable_mosstar":0.0000663907,"data_set_value_component_mosstare2_variable_mosstare2":0.0000000661,"data_set_value_component_mek_variable_mek":1.1842834533,"data_set_value_component_mekmosstar_variable_mekmosstar":0.0002610936,"data_set_value_component_mekstar_variable_mekstar":0.0153345088,"data_set_value_component_mekstarmekpase_variable_mekstarmekpase":0.0000144835,"data_set_value_component_mekstarmosstar_variable_mekstarmosstar":0.0000033538,"data_set_value_component_mekstarstar_variable_mekstarstar":0.0000208857,"data_set_value_component_mekstarstarmekpase_variable_mekstarstarmekpase":0.0000000196,"data_set_value_component_mapk_variable_mapk":1.1996572192,"data_set_value_component_mapkmekstarstar_variable_mapkmekstarstar":0.0000821891,"data_set_value_component_mapkstar_variable_mapkstar":0.0001870091,"data_set_value_component_mapkstarmekstarstar_variable_mapkstarmekstarstar":0.0000000127,"data_set_value_component_mapkstarstar_variable_mapkstarstar":0.0000000265,"data_set_value_component_mapkstarmapkpase_variable_mapkstarmapkpase":0.0000735333,"data_set_value_component_mapkstarstarmapkpase_variable_mapkstarstarmapkpase":0.0000000102},{"data_set_value_component_environment_variable_time":0.9,"data_set_value_component_total_concs_variable_mostot":0.003,"data_set_value_component_total_concs_variable_e1tot":0.0003,"data_set_value_component_total_concs_variable_e2tot":0.0003,"data_set_value_component_total_concs_variable_mektot":1.2,"data_set_value_component_total_concs_variable_mekpasetot":0.0003,"data_set_value_component_total_concs_variable_mapktot":1.2,"data_set_value_component_total_concs_variable_mapkpasetot":0.12,"data_set_value_component_rate_constants_variable_a1":1000.0,"data_set_value_component_rate_constants_variable_a2":1000.0,"data_set_value_component_rate_constants_variable_a3":1000.0,"data_set_value_component_rate_constants_variable_a4":1000.0,"data_set_value_component_rate_constants_variable_a5":1000.0,"data_set_value_component_rate_constants_variable_a6":1000.0,"data_set_value_component_rate_constants_variable_a7":1000.0,"data_set_value_component_rate_constants_variable_a8":1000.0,"data_set_value_component_rate_constants_variable_a9":1000.0,"data_set_value_component_rate_constants_variable_a10":1000.0,"data_set_value_component_rate_constants_variable_d1":150.0,"data_set_value_component_rate_constants_variable_d2":150.0,"data_set_value_component_rate_constants_variable_d3":150.0,"data_set_value_component_rate_constants_variable_d4":150.0,"data_set_value_component_rate_constants_variable_d5":150.0,"data_set_value_component_rate_constants_variable_d6":150.0,"data_set_value_component_rate_constants_variable_d7":150.0,"data_set_value_component_rate_constants_variable_d8":150.0,"data_set_value_component_rate_constants_variable_d9":150.0,"data_set_value_component_rate_constants_variable_d10":150.0,"data_set_value_component_rate_constants_variable_k1":150.0,"data_set_value_component_rate_constants_variable_k2":150.0,"data_set_value_component_rate_constants_variable_k3":150.0,"data_set_value_component_rate_constants_variable_k4":150.0,"data_set_value_component_rate_constants_variable_k5":150.0,"data_set_value_component_rate_constants_variable_k6":150.0,"data_set_value_component_rate_constants_variable_k7":150.0,"data_set_value_component_rate_constants_variable_k8":150.0,"data_set_value_component_rate_constants_variable_k9":150.0,"data_set_value_component_rate_constants_variable_k10":150.0,"data_set_value_component_mos_variable_mos":0.0026281585,"data_set_value_component_mose1_variable_mose1":0.0000026066,"data_set_value_component_mosstar_variable_mosstar":0.0000740582,"data_set_value_component_mosstare2_variable_mosstare2":0.0000000738,"data_set_value_component_mek_variable_mek":1.180359317,"data_set_value_component_mekmosstar_variable_mekmosstar":0.0002904206,"data_set_value_component_mekstar_variable_mekstar":0.01916503,"data_set_value_component_mekstarmekpase_variable_mekstarmekpase":0.0000179016,"data_set_value_component_mekstarmosstar_variable_mekstarmosstar":0.0000046822,"data_set_value_component_mekstarstar_variable_mekstarstar":0.0000329003,"data_set_value_component_mekstarstarmekpase_variable_mekstarstarmekpase":0.0000000305,"data_set_value_component_mapk_variable_mapk":1.1994543501,"data_set_value_component_mapkmekstarstar_variable_mapkmekstarstar":0.0001296859,"data_set_value_component_mapkstar_variable_mapkstar":0.0002983428,"data_set_value_component_mapkstarmekstarstar_variable_mapkstarmekstarstar":0.0000000319,"data_set_value_component_mapkstarstar_variable_mapkstarstar":0.0000000679,"data_set_value_component_mapkstarmapkpase_variable_mapkstarmapkpase":0.0001174951,"data_set_value_component_mapkstarstarmapkpase_variable_mapkstarstarmapkpase":0.0000000264},{"data_set_value_component_environment_variable_time":1.0,"data_set_value_component_total_concs_variable_mostot":0.003,"data_set_value_component_total_concs_variable_e1tot":0.0003,"data_set_value_component_total_concs_variable_e2tot":0.0003,"data_set_value_component_total_concs_variable_mektot":1.2,"data_set_value_component_total_concs_variable_mekpasetot":0.0003,"data_set_value_component_total_concs_variable_mapktot":1.2,"data_set_value_component_total_concs_variable_mapkpasetot":0.12,"data_set_value_component_rate_constants_variable_a1":1000.0,"data_set_value_component_rate_constants_variable_a2":1000.0,"data_set_value_component_rate_constants_variable_a3":1000.0,"data_set_value_component_rate_constants_variable_a4":1000.0,"data_set_value_component_rate_constants_variable_a5":1000.0,"data_set_value_component_rate_constants_variable_a6":1000.0,"data_set_value_component_rate_constants_variable_a7":1000.0,"data_set_value_component_rate_constants_variable_a8":1000.0,"data_set_value_component_rate_constants_variable_a9":1000.0,"data_set_value_component_rate_constants_variable_a10":1000.0,"data_set_value_component_rate_constants_variable_d1":150.0,"data_set_value_component_rate_constants_variable_d2":150.0,"data_set_value_component_rate_constants_variable_d3":150.0,"data_set_value_component_rate_constants_variable_d4":150.0,"data_set_value_component_rate_constants_variable_d5":150.0,"data_set_value_component_rate_constants_variable_d6":150.0,"data_set_value_component_rate_constants_variable_d7":150.0,"data_set_value_component_rate_constants_variable_d8":150.0,"data_set_value_component_rate_constants_variable_d9":150.0,"data_set_value_component_rate_constants_variable_d10":150.0,"data_set_value_component_rate_constants_variable_k1":150.0,"data_set_value_component_rate_constants_variable_k2":150.0,"data_set_value_component_rate_constants_variable_k3":150.0,"data_set_value_component_rate_constants_variable_k4":150.0,"data_set_value_component_rate_constants_variable_k5":150.0,"data_set_value_component_rate_constants_variable_k6":150.0,"data_set_value_component_rate_constants_variable_k7":150.0,"data_set_value_component_rate_constants_variable_k8":150.0,"data_set_value_component_rate_constants_variable_k9":150.0,"data_set_value_component_rate_constants_variable_k10":150.0,"data_set_value_component_mos_variable_mos":0.0025905388,"data_set_value_component_mose1_variable_mose1":0.0000025696,"data_set_value_component_mosstar_variable_mosstar":0.0000815932,"data_set_value_component_mosstare2_variable_mosstare2":0.0000000813,"data_set_value_component_mek_variable_mek":1.1760553002,"data_set_value_component_mekmosstar_variable_mekmosstar":0.000318924,"data_set_value_component_mekstar_variable_mekstar":0.0233539079,"data_set_value_component_mekstarmekpase_variable_mekstarmekpase":0.0000215481,"data_set_value_component_mekstarmosstar_variable_mekstarmosstar":0.0000062931,"data_set_value_component_mekstarstar_variable_mekstarstar":0.0000493074,"data_set_value_component_mekstarstarmekpase_variable_mekstarstarmekpase":0.0000000452,"data_set_value_component_mapk_variable_mapk":1.1991752556,"data_set_value_component_mapkmekstarstar_variable_mapkmekstarstar":0.0001946018,"data_set_value_component_mapkstar_variable_mapkstar":0.0004517539,"data_set_value_component_mapkstarmekstarstar_variable_mapkstarmekstarstar":0.0000000725,"data_set_value_component_mapkstarstar_variable_mapkstarstar":0.0000001569,"data_set_value_component_mapkstarmapkpase_variable_mapkstarmapkpase":0.0001780983,"data_set_value_component_mapkstarstarmapkpase_variable_mapkstarstarmapkpase":0.0000000611}]