[{"data_set_value_component_environment_variable_time":0.0,"data_set_value_component_x_variable_x":1.0,"data_set_value_component_y0_variable_y0":0.0,"data_set_value_component_y1_variable_y1":0.0,"data_set_value_component_L_variable_L":0.0,"data_set_value_component_v_variable_v":1.0,"data_set_value_component_R0_variable_R0":15.9090909091,"data_set_value_component_model_parameters_variable_a0":0.1,"data_set_value_component_model_parameters_variable_a1":0.2,"data_set_value_component_model_parameters_variable_k":1.0,"data_set_value_component_model_parameters_variable_u":1.0,"data_set_value_component_model_parameters_variable_lambda":10.0,"data_set_value_component_model_parameters_variable_d":0.1,"data_set_value_component_model_parameters_variable_beta":0.1,"data_set_value_component_model_parameters_variable_gamma":0.5,"data_set_value_component_model_parameters_variable_phi":0.1,"data_set_value_component_model_parameters_variable_eta":0.01},{"data_set_value_component_environment_variable_time":0.1,"data_set_value_component_x_variable_x":1.9027536129,"data_set_value_component_y0_variable_y0":0.0140239938,"data_set_value_component_y1_variable_y1":0.0000063273,"data_set_value_component_L_variable_L":0.0682824949,"data_set_value_component_v_variable_v":0.9048375862,"data_set_value_component_R0_variable_R0":15.9090909091,"data_set_value_component_model_parameters_variable_a0":0.1,"data_set_value_component_model_parameters_variable_a1":0.2,"data_set_value_component_model_parameters_variable_k":1.0,"data_set_value_component_model_parameters_variable_u":1.0,"data_set_value_component_model_parameters_variable_lambda":10.0,"data_set_value_component_model_parameters_variable_d":0.1,"data_set_value_component_model_parameters_variable_beta":0.1,"data_set_value_component_model_parameters_variable_gamma":0.5,"data_set_value_component_model_parameters_variable_phi":0.1,"data_set_value_component_model_parameters_variable_eta":0.01},{"data_set_value_component_environment_variable_time":0.2,"data_set_value_component_x_variable_x":2.7591757412,"data_set_value_component_y0_variable_y0":0.0349508289,"data_set_value_component_y1_variable_y1":0.0000299759,"data_set_value_component_L_variable_L":0.1661746045,"data_set_value_component_v_variable_v":0.818732499,"data_set_value_component_R0_variable_R0":15.9090909091,"data_set_value_component_model_parameters_variable_a0":0.1,"data_set_value_component_model_parameters_variable_a1":0.2,"data_set_value_component_model_parameters_variable_k":1.0,"data_set_value_component_model_parameters_variable_u":1.0,"data_set_value_component_model_parameters_variable_lambda":10.0,"data_set_value_component_model_parameters_variable_d":0.1,"data_set_value_component_model_parameters_variable_beta":0.1,"data_set_value_component_model_parameters_variable_gamma":0.5,"data_set_value_component_model_parameters_variable_phi":0.1,"data_set_value_component_model_parameters_variable_eta":0.01},{"data_set_value_component_environment_variable_time":0.3,"data_set_value_component_x_variable_x":3.5794929304,"data_set_value_component_y0_variable_y0":0.0613277175,"data_set_value_component_y1_variable_y1":0.0000766894,"data_set_value_component_L_variable_L":0.2849941392,"data_set_value_component_v_variable_v":0.7408247058,"data_set_value_component_R0_variable_R0":15.9090909091,"data_set_value_component_model_parameters_variable_a0":0.1,"data_set_value_component_model_parameters_variable_a1":0.2,"data_set_value_component_model_parameters_variable_k":1.0,"data_set_value_component_model_parameters_variable_u":1.0,"data_set_value_component_model_parameters_variable_lambda":10.0,"data_set_value_component_model_parameters_variable_d":0.1,"data_set_value_component_model_parameters_variable_beta":0.1,"data_set_value_component_model_parameters_variable_gamma":0.5,"data_set_value_component_model_parameters_variable_phi":0.1,"data_set_value_component_model_parameters_variable_eta":0.01},{"data_set_value_component_environment_variable_time":0.4,"data_set_value_component_x_variable_x":4.3717420791,"data_set_value_component_y0_variable_y0":0.0919890464,"data_set_value_component_y1_variable_y1":0.000150807,"data_set_value_component_L_variable_L":0.4179617824,"data_set_value_component_v_variable_v":0.670336559,"data_set_value_component_R0_variable_R0":15.9090909091,"data_set_value_component_model_parameters_variable_a0":0.1,"data_set_value_component_model_parameters_variable_a1":0.2,"data_set_value_component_model_parameters_variable_k":1.0,"data_set_value_component_model_parameters_variable_u":1.0,"data_set_value_component_model_parameters_variable_lambda":10.0,"data_set_value_component_model_parameters_variable_d":0.1,"data_set_value_component_model_parameters_variable_beta":0.1,"data_set_value_component_model_parameters_variable_gamma":0.5,"data_set_value_component_model_parameters_variable_phi":0.1,"data_set_value_component_model_parameters_variable_eta":0.01},{"data_set_value_component_environment_variable_time":0.5,"data_set_value_component_x_variable_x":5.1422671993,"data_set_value_component_y0_variable_y0":0.1259908827,"data_set_value_component_y1_variable_y1":0.0002555432,"data_set_value_component_L_variable_L":0.5597695604,"data_set_value_component_v_variable_v":0.6065647489,"data_set_value_component_R0_variable_R0":15.9090909091,"data_set_value_component_model_parameters_variable_a0":0.1,"data_set_value_component_model_parameters_variable_a1":0.2,"data_set_value_component_model_parameters_variable_k":1.0,"data_set_value_component_model_parameters_variable_u":1.0,"data_set_value_component_model_parameters_variable_lambda":10.0,"data_set_value_component_model_parameters_variable_d":0.1,"data_set_value_component_model_parameters_variable_beta":0.1,"data_set_value_component_model_parameters_variable_gamma":0.5,"data_set_value_component_model_parameters_variable_phi":0.1,"data_set_value_component_model_parameters_variable_eta":0.01},{"data_set_value_component_environment_variable_time":0.6,"data_set_value_component_x_variable_x":5.8960861877,"data_set_value_component_y0_variable_y0":0.1625631352,"data_set_value_component_y1_variable_y1":0.0003932031,"data_set_value_component_L_variable_L":0.7062616881,"data_set_value_component_v_variable_v":0.5488731905,"data_set_value_component_R0_variable_R0":15.9090909091,"data_set_value_component_model_parameters_variable_a0":0.1,"data_set_value_component_model_parameters_variable_a1":0.2,"data_set_value_component_model_parameters_variable_k":1.0,"data_set_value_component_model_parameters_variable_u":1.0,"data_set_value_component_model_parameters_variable_lambda":10.0,"data_set_value_component_model_parameters_variable_d":0.1,"data_set_value_component_model_parameters_variable_beta":0.1,"data_set_value_component_model_parameters_variable_gamma":0.5,"data_set_value_component_model_parameters_variable_phi":0.1,"data_set_value_component_model_parameters_variable_eta":0.01},{"data_set_value_component_environment_variable_time":0.7,"data_set_value_component_x_variable_x":6.63717515,"data_set_value_component_y0_variable_y0":0.2010727772,"data_set_value_component_y1_variable_y1":0.0005653558,"data_set_value_component_L_variable_L":0.8541869191,"data_set_value_component_v_variable_v":0.4966864687,"data_set_value_component_R0_variable_R0":15.9090909091,"data_set_value_component_model_parameters_variable_a0":0.1,"data_set_value_component_model_parameters_variable_a1":0.2,"data_set_value_component_model_parameters_variable_k":1.0,"data_set_value_component_model_parameters_variable_u":1.0,"data_set_value_component_model_parameters_variable_lambda":10.0,"data_set_value_component_model_parameters_variable_d":0.1,"data_set_value_component_model_parameters_variable_beta":0.1,"data_set_value_component_model_parameters_variable_gamma":0.5,"data_set_value_component_model_parameters_variable_phi":0.1,"data_set_value_component_model_parameters_variable_eta":0.01},{"data_set_value_component_environment_variable_time":0.8,"data_set_value_component_x_variable_x":7.3686786482,"data_set_value_component_y0_variable_y0":0.2409970104,"data_set_value_component_y1_variable_y1":0.0007729681,"data_set_value_component_L_variable_L":1.0010149263,"data_set_value_component_v_variable_v":0.4494840687,"data_set_value_component_R0_variable_R0":15.9090909091,"data_set_value_component_model_parameters_variable_a0":0.1,"data_set_value_component_model_parameters_variable_a1":0.2,"data_set_value_component_model_parameters_variable_k":1.0,"data_set_value_component_model_parameters_variable_u":1.0,"data_set_value_component_model_parameters_variable_lambda":10.0,"data_set_value_component_model_parameters_variable_d":0.1,"data_set_value_component_model_parameters_variable_beta":0.1,"data_set_value_component_model_parameters_variable_gamma":0.5,"data_set_value_component_model_parameters_variable_phi":0.1,"data_set_value_component_model_parameters_variable_eta":0.01},{"data_set_value_component_environment_variable_time":0.9,"data_set_value_component_x_variable_x":8.0930771433,"data_set_value_component_y0_variable_y0":0.2819019394,"data_set_value_component_y1_variable_y1":0.0010165162,"data_set_value_component_L_variable_L":1.1447902012,"data_set_value_component_v_variable_v":0.406795078,"data_set_value_component_R0_variable_R0":15.9090909091,"data_set_value_component_model_parameters_variable_a0":0.1,"data_set_value_component_model_parameters_variable_a1":0.2,"data_set_value_component_model_parameters_variable_k":1.0,"data_set_value_component_model_parameters_variable_u":1.0,"data_set_value_component_model_parameters_variable_lambda":10.0,"data_set_value_component_model_parameters_variable_d":0.1,"data_set_value_component_model_parameters_variable_beta":0.1,"data_set_value_component_model_parameters_variable_gamma":0.5,"data_set_value_component_model_parameters_variable_phi":0.1,"data_set_value_component_model_parameters_variable_eta":0.01},{"data_set_value_component_environment_variable_time":1.0,"data_set_value_component_x_variable_x":8.8123181508,"data_set_value_component_y0_variable_y0":0.3234260552,"data_set_value_component_y1_variable_y1":0.0012960754,"data_set_value_component_L_variable_L":1.2840173229,"data_set_value_component_v_variable_v":0.368193397,"data_set_value_component_R0_variable_R0":15.9090909091,"data_set_value_component_model_parameters_variable_a0":0.1,"data_set_value_component_model_parameters_variable_a1":0.2,"data_set_value_component_model_parameters_variable_k":1.0,"data_set_value_component_model_parameters_variable_u":1.0,"data_set_value_component_model_parameters_variable_lambda":10.0,"data_set_value_component_model_parameters_variable_d":0.1,"data_set_value_component_model_parameters_variable_beta":0.1,"data_set_value_component_model_parameters_variable_gamma":0.5,"data_set_value_component_model_parameters_variable_phi":0.1,"data_set_value_component_model_parameters_variable_eta":0.01}]