<?xml version="1.0"?>
<rdf:RDF xmlns:rdf="http://www.w3.org/1999/02/22-rdf-syntax-ns#"><rdf:Description rdf:about="http://www.cellml.org/tools/opencell/splitter/graph_key_graph1"><splitterState_nextHeight xmlns="http://www.cellml.org/tools/opencell/" xml:lang="en">0</splitterState_nextHeight><splitterState_collapsedAfter xmlns="http://www.cellml.org/tools/opencell/" xml:lang="en">true</splitterState_collapsedAfter></rdf:Description><rdf:Description rdf:nodeID="n1"><variable xmlns="http://www.cellml.org/metadata/graphs/1.0#y-"><rdf:Description rdf:nodeID="n2"/></variable><type xmlns="http://www.cellml.org/metadata/graphs/1.0#"><rdf:Description rdf:about="http://www.cellml.org/metadata/graphs/1.0#line"/></type><colour xmlns="http://www.cellml.org/metadata/graphs/1.0#" xml:lang="en">#099999</colour><variable xmlns="http://www.cellml.org/metadata/graphs/1.0#x-"><rdf:Description rdf:nodeID="n3"/></variable></rdf:Description><rdf:Description rdf:nodeID="n4"><variable xmlns="http://www.cellml.org/metadata/graphs/1.0#"><rdf:Description rdf:about="wodarz_sierro_klenerman_2007_b.cellml#v_v"/></variable></rdf:Description><rdf:Description rdf:nodeID="n5"><variable xmlns="http://www.cellml.org/metadata/graphs/1.0#y-"><rdf:Description rdf:nodeID="n6"/></variable><type xmlns="http://www.cellml.org/metadata/graphs/1.0#"><rdf:Description rdf:about="http://www.cellml.org/metadata/graphs/1.0#line"/></type><colour xmlns="http://www.cellml.org/metadata/graphs/1.0#" xml:lang="en">#099999</colour><variable xmlns="http://www.cellml.org/metadata/graphs/1.0#x-"><rdf:Description rdf:nodeID="n7"/></variable></rdf:Description><rdf:Description rdf:about="http://www.cellml.org/tools/pcenv/loadedModels"><rdf:_2><rdf:Description rdf:about="wodarz_sierro_klenerman_2007_b.cellml"/></rdf:_2></rdf:Description><rdf:Description rdf:nodeID="n8"><variable xmlns="http://www.cellml.org/metadata/graphs/1.0#y-"><rdf:Description rdf:nodeID="n4"/></variable><type xmlns="http://www.cellml.org/metadata/graphs/1.0#"><rdf:Description rdf:about="http://www.cellml.org/metadata/graphs/1.0#line"/></type><colour xmlns="http://www.cellml.org/metadata/graphs/1.0#" xml:lang="en">#362399</colour><variable xmlns="http://www.cellml.org/metadata/graphs/1.0#x-"><rdf:Description rdf:nodeID="n9"/></variable></rdf:Description><rdf:Description rdf:nodeID="n10"><decoration xmlns="http://www.cellml.org/metadata/graphs/1.0#"><rdf:Description rdf:about="http://www.cellml.org/metadata/graphs/1.0#none"/></decoration><graphname xmlns="http://www.cellml.org/tools/opencell/" xml:lang="en">Traces: Clickable traces against time (hours)</graphname><graphname xmlns="http://www.cellml.org/tools/pcenv/" xml:lang="en">Traces: Clickable traces against time (hours)</graphname><scaling xmlns="http://www.cellml.org/metadata/graphs/1.0#y-"><rdf:Description rdf:about="http://www.cellml.org/metadata/graphs/1.0#identity"/></scaling><traces xmlns="http://www.cellml.org/metadata/graphs/1.0#"><rdf:Description rdf:nodeID="n11"/></traces><scaling xmlns="http://www.cellml.org/metadata/graphs/1.0#x-"><rdf:Description rdf:about="http://www.cellml.org/metadata/graphs/1.0#identity"/></scaling></rdf:Description><rdf:Description rdf:about="http://www.cellml.org/tools/pcenv/splitter/graph_sel_graph2"><activegraph xmlns="http://www.cellml.org/tools/pcenv/"><rdf:Description rdf:nodeID="n12"/></activegraph></rdf:Description><rdf:Description rdf:nodeID="n13"><rdf:rest><rdf:Description rdf:about="http://www.w3.org/1999/02/22-rdf-syntax-ns#nil"/></rdf:rest><rdf:first><rdf:Description rdf:nodeID="n14"/></rdf:first></rdf:Description><rdf:Description rdf:nodeID="n15"><decoration xmlns="http://www.cellml.org/metadata/graphs/1.0#"><rdf:Description rdf:about="http://www.cellml.org/metadata/graphs/1.0#none"/></decoration><graphname xmlns="http://www.cellml.org/tools/opencell/" xml:lang="en">Untitled</graphname><graphname xmlns="http://www.cellml.org/tools/pcenv/" xml:lang="en">Untitled</graphname><scaling xmlns="http://www.cellml.org/metadata/graphs/1.0#y-"><rdf:Description rdf:about="http://www.cellml.org/metadata/graphs/1.0#identity"/></scaling><traces xmlns="http://www.cellml.org/metadata/graphs/1.0#"><rdf:Description rdf:nodeID="n16"/></traces><scaling xmlns="http://www.cellml.org/metadata/graphs/1.0#x-"><rdf:Description rdf:about="http://www.cellml.org/metadata/graphs/1.0#identity"/></scaling></rdf:Description><rdf:Description rdf:nodeID="n17"><variable xmlns="http://www.cellml.org/metadata/graphs/1.0#"><rdf:Description rdf:about="wodarz_sierro_klenerman_2007_b.cellml#environment_time"/></variable></rdf:Description><rdf:Description rdf:about="http://www.cellml.org/tools/opencell/splitter/graph_key_graph2"><splitterState_nextHeight xmlns="http://www.cellml.org/tools/opencell/" xml:lang="en">0</splitterState_nextHeight><splitterState_collapsedAfter xmlns="http://www.cellml.org/tools/opencell/" xml:lang="en">true</splitterState_collapsedAfter></rdf:Description><rdf:Description rdf:about="http://www.cellml.org/tools/pcenv/displayGraphs"><rdf:first><rdf:Description rdf:nodeID="n18"/></rdf:first></rdf:Description><rdf:Description rdf:nodeID="n19"><variable xmlns="http://www.cellml.org/metadata/graphs/1.0#y-"><rdf:Description rdf:nodeID="n20"/></variable><type xmlns="http://www.cellml.org/metadata/graphs/1.0#"><rdf:Description rdf:about="http://www.cellml.org/metadata/graphs/1.0#line"/></type><colour xmlns="http://www.cellml.org/metadata/graphs/1.0#" xml:lang="en">#7dfb26</colour><variable xmlns="http://www.cellml.org/metadata/graphs/1.0#x-"><rdf:Description rdf:nodeID="n21"/></variable></rdf:Description><rdf:Description rdf:nodeID="n14"><variable xmlns="http://www.cellml.org/metadata/graphs/1.0#y-"><rdf:Description rdf:nodeID="n22"/></variable><type xmlns="http://www.cellml.org/metadata/graphs/1.0#"><rdf:Description rdf:about="http://www.cellml.org/metadata/graphs/1.0#line"/></type><colour xmlns="http://www.cellml.org/metadata/graphs/1.0#" xml:lang="en">#cca458</colour><variable xmlns="http://www.cellml.org/metadata/graphs/1.0#x-"><rdf:Description rdf:nodeID="n23"/></variable></rdf:Description><rdf:Description rdf:nodeID="n24"><variable xmlns="http://www.cellml.org/metadata/graphs/1.0#y-"><rdf:Description rdf:nodeID="n25"/></variable><type xmlns="http://www.cellml.org/metadata/graphs/1.0#"><rdf:Description rdf:about="http://www.cellml.org/metadata/graphs/1.0#line"/></type><colour xmlns="http://www.cellml.org/metadata/graphs/1.0#" xml:lang="en">#2b2906</colour><variable xmlns="http://www.cellml.org/metadata/graphs/1.0#x-"><rdf:Description rdf:nodeID="n26"/></variable></rdf:Description><rdf:Description rdf:about="http://www.cellml.org/tools/opencell/loadedModels"><rdf:_1><rdf:Description rdf:about="wodarz_sierro_klenerman_2007_b.cellml"/></rdf:_1></rdf:Description><rdf:Description rdf:about="http://www.cellml.org/tools/pcenv/splitter/graph_key_graph3"><splitterState_nextHeight xmlns="http://www.cellml.org/tools/pcenv/" xml:lang="en">0</splitterState_nextHeight><splitterState_collapsedAfter xmlns="http://www.cellml.org/tools/pcenv/" xml:lang="en">true</splitterState_collapsedAfter></rdf:Description><rdf:Description rdf:about="http://www.cellml.org/tools/opencell/splitter/graph_key_graph3"><splitterState_nextHeight xmlns="http://www.cellml.org/tools/opencell/" xml:lang="en">0</splitterState_nextHeight><splitterState_collapsedAfter xmlns="http://www.cellml.org/tools/opencell/" xml:lang="en">true</splitterState_collapsedAfter></rdf:Description><rdf:Description rdf:about="http://www.cellml.org/tools/pcenv/modlayoutsplit"><splitterState_collapsedBefore xmlns="http://www.cellml.org/tools/pcenv/" xml:lang="en">true</splitterState_collapsedBefore><splitterState_prevWidth xmlns="http://www.cellml.org/tools/pcenv/" xml:lang="en">55</splitterState_prevWidth></rdf:Description><rdf:Description rdf:nodeID="n12"><decoration xmlns="http://www.cellml.org/metadata/graphs/1.0#"><rdf:Description rdf:about="http://www.cellml.org/metadata/graphs/1.0#none"/></decoration><graphname xmlns="http://www.cellml.org/tools/opencell/" xml:lang="en">Clickable SVG: Click elements below to toggle traces above</graphname>
<externalurl xmlns="http://www.cellml.org/tools/pcenv/" xml:lang="en">wodarz_2007b.xul</externalurl>
<externalurl xmlns="http://www.cellml.org/tools/opencell/" xml:lang="en">wodarz_2007b.xul</externalurl>
<graphname xmlns="http://www.cellml.org/tools/pcenv/" xml:lang="en">Clickable SVG: Click elements below to toggle traces above</graphname><scaling xmlns="http://www.cellml.org/metadata/graphs/1.0#y-"><rdf:Description rdf:about="http://www.cellml.org/metadata/graphs/1.0#identity"/></scaling><traces xmlns="http://www.cellml.org/metadata/graphs/1.0#"><rdf:Description rdf:nodeID="n27"/></traces><scaling xmlns="http://www.cellml.org/metadata/graphs/1.0#x-"><rdf:Description rdf:about="http://www.cellml.org/metadata/graphs/1.0#identity"/></scaling></rdf:Description><rdf:Description rdf:nodeID="n28"><rdf:rest><rdf:Description rdf:about="http://www.w3.org/1999/02/22-rdf-syntax-ns#nil"/></rdf:rest><rdf:first><rdf:Description rdf:nodeID="n10"/></rdf:first></rdf:Description><rdf:Description rdf:nodeID="n29"><variable xmlns="http://www.cellml.org/metadata/graphs/1.0#"><rdf:Description rdf:about="wodarz_sierro_klenerman_2007_b.cellml#environment_time"/></variable></rdf:Description><rdf:Description rdf:about="http://www.cellml.org/tools/pcenv/splitter/mtvint"><splitterState_nextHeight xmlns="http://www.cellml.org/tools/pcenv/" xml:lang="en">298</splitterState_nextHeight><splitterState_nextHeight xmlns="http://www.cellml.org/tools/opencell/" xml:lang="en">298</splitterState_nextHeight><splitterState_prevHeight xmlns="http://www.cellml.org/tools/pcenv/" xml:lang="en">401</splitterState_prevHeight><splitterState_prevHeight xmlns="http://www.cellml.org/tools/opencell/" xml:lang="en">401</splitterState_prevHeight></rdf:Description><rdf:Description rdf:nodeID="n16"><rdf:first><rdf:Description rdf:nodeID="n30"/></rdf:first></rdf:Description><rdf:Description rdf:nodeID="n31"><rdf:rest><rdf:Description rdf:nodeID="n32"/></rdf:rest><rdf:first><rdf:Description rdf:nodeID="n33"/></rdf:first></rdf:Description><rdf:Description rdf:about="http://www.cellml.org/tools/opencell/splitter/graph_sel_graph3"><activegraph xmlns="http://www.cellml.org/tools/opencell/"><rdf:Description rdf:nodeID="n15"/></activegraph></rdf:Description><rdf:Description rdf:nodeID="n34"><rdf:rest><rdf:Description rdf:nodeID="n28"/></rdf:rest><rdf:first><rdf:Description rdf:nodeID="n12"/></rdf:first></rdf:Description><rdf:Description rdf:nodeID="n18"><rdf:rest><rdf:Description rdf:nodeID="n34"/></rdf:rest><rdf:first><rdf:Description rdf:nodeID="n15"/></rdf:first></rdf:Description><rdf:Description rdf:nodeID="n11"><rdf:first><rdf:Description rdf:nodeID="n35"/></rdf:first></rdf:Description><rdf:Description rdf:nodeID="n27"><rdf:first><rdf:Description rdf:nodeID="n36"/></rdf:first></rdf:Description><rdf:Description rdf:nodeID="n25"><variable xmlns="http://www.cellml.org/metadata/graphs/1.0#"><rdf:Description rdf:about="wodarz_sierro_klenerman_2007_b.cellml#x_x"/></variable></rdf:Description><rdf:Description rdf:about="http://www.cellml.org/tools/pcenv/splitter/graph_sel_graph1"><activegraph xmlns="http://www.cellml.org/tools/pcenv/"><rdf:Description rdf:nodeID="n10"/></activegraph></rdf:Description><rdf:Description rdf:nodeID="n20"><variable xmlns="http://www.cellml.org/metadata/graphs/1.0#"><rdf:Description rdf:about="wodarz_sierro_klenerman_2007_b.cellml#y1_y1"/></variable></rdf:Description><rdf:Description rdf:nodeID="n32"><rdf:rest><rdf:Description rdf:nodeID="n13"/></rdf:rest><rdf:first><rdf:Description rdf:nodeID="n8"/></rdf:first></rdf:Description><rdf:Description rdf:nodeID="n37"><variable xmlns="http://www.cellml.org/metadata/graphs/1.0#y-"><rdf:Description rdf:nodeID="n38"/></variable><type xmlns="http://www.cellml.org/metadata/graphs/1.0#"><rdf:Description rdf:about="http://www.cellml.org/metadata/graphs/1.0#line"/></type><colour xmlns="http://www.cellml.org/metadata/graphs/1.0#" xml:lang="en">#099999</colour><variable xmlns="http://www.cellml.org/metadata/graphs/1.0#x-"><rdf:Description rdf:nodeID="n29"/></variable></rdf:Description><rdf:Description rdf:nodeID="n39"><variable xmlns="http://www.cellml.org/metadata/graphs/1.0#"><rdf:Description rdf:about="wodarz_sierro_klenerman_2007_b.cellml#L_L"/></variable></rdf:Description><rdf:Description rdf:nodeID="n40"><rdf:rest><rdf:Description rdf:nodeID="n41"/></rdf:rest><rdf:first><rdf:Description rdf:nodeID="n19"/></rdf:first></rdf:Description><rdf:Description rdf:nodeID="n21"><variable xmlns="http://www.cellml.org/metadata/graphs/1.0#"><rdf:Description rdf:about="wodarz_sierro_klenerman_2007_b.cellml#environment_time"/></variable></rdf:Description><rdf:Description rdf:nodeID="n23"><variable xmlns="http://www.cellml.org/metadata/graphs/1.0#"><rdf:Description rdf:about="wodarz_sierro_klenerman_2007_b.cellml#environment_time"/></variable></rdf:Description><rdf:Description rdf:nodeID="n22"><variable xmlns="http://www.cellml.org/metadata/graphs/1.0#"><rdf:Description rdf:about="wodarz_sierro_klenerman_2007_b.cellml#za_za"/></variable></rdf:Description><rdf:Description rdf:about="http://www.cellml.org/tools/opencell/splitter/graph_sel_graph1"><activegraph xmlns="http://www.cellml.org/tools/opencell/"><rdf:Description rdf:nodeID="n10"/></activegraph></rdf:Description><rdf:Description rdf:about="http://www.cellml.org/tools/pcenv/splitter/graph_sel_graph3"><activegraph xmlns="http://www.cellml.org/tools/pcenv/"><rdf:Description rdf:nodeID="n15"/></activegraph></rdf:Description><rdf:Description rdf:nodeID="n36"><rdf:rest><rdf:Description rdf:about="http://www.w3.org/1999/02/22-rdf-syntax-ns#nil"/></rdf:rest><rdf:first><rdf:Description rdf:nodeID="n5"/></rdf:first></rdf:Description><rdf:Description rdf:nodeID="n26"><variable xmlns="http://www.cellml.org/metadata/graphs/1.0#"><rdf:Description rdf:about="wodarz_sierro_klenerman_2007_b.cellml#environment_time"/></variable></rdf:Description><rdf:Description rdf:about="http://www.cellml.org/tools/opencell/displayGraphs"><rdf:first><rdf:Description rdf:nodeID="n18"/></rdf:first></rdf:Description><rdf:Description rdf:nodeID="n30"><rdf:rest><rdf:Description rdf:about="http://www.w3.org/1999/02/22-rdf-syntax-ns#nil"/></rdf:rest><rdf:first><rdf:Description rdf:nodeID="n1"/></rdf:first></rdf:Description><rdf:Description rdf:about="wodarz_sierro_klenerman_2007_b.cellml"><modelfrozen xmlns="http://www.cellml.org/tools/opencell/" xml:lang="en">true</modelfrozen><modelname xmlns="http://www.cellml.org/tools/opencell/" xml:lang="en">wodarz_2007b</modelname><modelfrozen xmlns="http://www.cellml.org/tools/pcenv/" xml:lang="en">true</modelfrozen><derivedmodels xmlns="http://www.cellml.org/tools/opencell/"><rdf:Description rdf:nodeID="n42"/></derivedmodels><derivedmodels xmlns="http://www.cellml.org/tools/pcenv/"><rdf:Description rdf:nodeID="n42"/></derivedmodels><modelname xmlns="http://www.cellml.org/tools/pcenv/" xml:lang="en">wodarz_2007b</modelname></rdf:Description><rdf:Description rdf:nodeID="n38"><variable xmlns="http://www.cellml.org/metadata/graphs/1.0#"><rdf:Description rdf:about="wodarz_sierro_klenerman_2007_b.cellml#y0_y0"/></variable></rdf:Description><rdf:Description rdf:about="http://www.cellml.org/tools/opencell/splitter/intergraph2"><splitterState_collapsedAfter xmlns="http://www.cellml.org/tools/opencell/" xml:lang="en">true</splitterState_collapsedAfter></rdf:Description><rdf:Description rdf:about="http://www.cellml.org/tools/opencell/splitter/graph_sel_graph2"><activegraph xmlns="http://www.cellml.org/tools/opencell/"><rdf:Description rdf:nodeID="n12"/></activegraph></rdf:Description><rdf:Description rdf:nodeID="n35"><rdf:rest><rdf:Description rdf:nodeID="n40"/></rdf:rest><rdf:first><rdf:Description rdf:nodeID="n37"/></rdf:first></rdf:Description><rdf:Description rdf:nodeID="n33"><variable xmlns="http://www.cellml.org/metadata/graphs/1.0#y-"><rdf:Description rdf:nodeID="n39"/></variable><type xmlns="http://www.cellml.org/metadata/graphs/1.0#"><rdf:Description rdf:about="http://www.cellml.org/metadata/graphs/1.0#line"/></type><colour xmlns="http://www.cellml.org/metadata/graphs/1.0#" xml:lang="en">#a82b0e</colour><variable xmlns="http://www.cellml.org/metadata/graphs/1.0#x-"><rdf:Description rdf:nodeID="n17"/></variable></rdf:Description><rdf:Description rdf:about="http://www.cellml.org/tools/pcenv/splitter/graph_key_graph2"><splitterState_nextHeight xmlns="http://www.cellml.org/tools/pcenv/" xml:lang="en">0</splitterState_nextHeight><splitterState_collapsedAfter xmlns="http://www.cellml.org/tools/pcenv/" xml:lang="en">true</splitterState_collapsedAfter></rdf:Description><rdf:Description rdf:nodeID="n9"><variable xmlns="http://www.cellml.org/metadata/graphs/1.0#"><rdf:Description rdf:about="wodarz_sierro_klenerman_2007_b.cellml#environment_time"/></variable></rdf:Description><rdf:Description rdf:about="http://www.cellml.org/tools/pcenv/splitter/graph_key_graph1"><splitterState_nextHeight xmlns="http://www.cellml.org/tools/pcenv/" xml:lang="en">0</splitterState_nextHeight><splitterState_collapsedAfter xmlns="http://www.cellml.org/tools/pcenv/" xml:lang="en">true</splitterState_collapsedAfter></rdf:Description><rdf:Description rdf:about="http://www.cellml.org/tools/opencell/modlayoutsplit"><splitterState_prevWidth xmlns="http://www.cellml.org/tools/opencell/" xml:lang="en">55</splitterState_prevWidth><splitterState_nextWidth xmlns="http://www.cellml.org/tools/opencell/" xml:lang="en">1203</splitterState_nextWidth><splitterState_collapsedBefore xmlns="http://www.cellml.org/tools/opencell/" xml:lang="en">true</splitterState_collapsedBefore><splitterState_nextWidth xmlns="http://www.cellml.org/tools/pcenv/" xml:lang="en">1203</splitterState_nextWidth></rdf:Description><rdf:Description rdf:about="http://www.cellml.org/tools/pcenv/splitter/intergraph2"><splitterState_collapsedAfter xmlns="http://www.cellml.org/tools/pcenv/" xml:lang="en">true</splitterState_collapsedAfter></rdf:Description><rdf:Description rdf:nodeID="n41"><rdf:rest><rdf:Description rdf:nodeID="n31"/></rdf:rest><rdf:first><rdf:Description rdf:nodeID="n24"/></rdf:first></rdf:Description></rdf:RDF>