[{"R_EX_gly_e":0.0,"R_3OAR141":0.0084,"R_EX_glyald_e":0.0,"R_3OAR160":0.0056,"R_3OAR161":0.0084,"R_3OAR180":0.0028,"R_3OAR181":0.0042,"R_ACS":-4.034471,"R_ACt2rpp":0.0,"R_3OAR40":0.0168,"R_EX_cit_e":0.0,"R_EX_co2_e":2.53399006,"R_3OAR60":0.0168,"R_3OAR80":0.0168,"R_3OAS100":0.0168,"R_3OAS120":0.0084,"R_3OAS121":0.0084,"R_ACtex":0.0,"R_3OAS140":0.0056,"R_ADA":0.0,"R_ADCL":0.07,"R_3OAS141":0.0084,"R_3OAS160":0.0056,"R_ADCPS1":0.0,"R_ADCPS2":0.0,"R_1PPDCRc":0.0,"R_3OAS161":0.0084,"R_3OAS180":0.0028,"R_2DHGLCK":0.0,"R_3OAS181":0.0042,"R_2DHGLCNkt_tpp":0.0,"R_2DHGLCNtex":0.0,"R_34DHCINMtex":0.0,"R_34DHCINMtpp":0.0,"R_34HPPOR":0.0,"R_ADCYRS":0.0,"R_ADK1":-0.8697766,"R_ADNCYC":0.0,"R_ADOCBIK":0.0,"R_ADOCBLS":0.0,"R_ADPT":0.0,"R_ADPT2":0.0,"R_ADSL1r":0.4052986,"R_ADSL2r":0.6690726,"R_3HAACOAT100":0.0,"R_3HAACOAT120":0.0,"R_3HAACOAT121":0.0,"R_3HAACOAT140":0.0,"R_3OAS60":0.0168,"R_3HAACOAT141":0.0,"R_3HAACOAT60":0.0,"R_ASPK":0.6608,"R_ADSS":0.4052986,"R_3HAACOAT80":0.0,"R_3OAS80":0.0168,"R_AGMT":0.0,"R_AGPAT120":0.0014,"R_3OXCOAT":0.0,"R_3OXOADPt_ex":0.0,"R_AGPAT160":0.0014,"R_AGPAT161":0.0021,"R_3HAD100":0.0168,"R_3HAD120":0.0084,"R_3HAD121":0.0084,"R_AGPAT180":0.0014,"R_3HAD140":0.0056,"R_AGPAT181":0.0021,"R_AGPR":-0.7364,"R_AICART":0.7950726,"R_3HAD141":0.0084,"R_3HAD160":0.0056,"R_3OXOADPt_pp":0.0,"R_3HAD161":0.0084,"R_3HAD180":0.0028,"R_AIRCr":0.6690726,"R_AKGDH":0.0,"R_AKGDa":-1.488235,"R_AKGDb":-1.488235,"R_3HAD181":0.0042,"R_3_4DHBZ1t_pp":0.0,"R_3HAD40":0.0168,"R_3HAD60":0.0168,"R_AKGt2rpp":0.0,"R_AKGtex":0.0,"R_3HAD80":0.0168,"R_3_4DHBZt2":0.0,"R_ALAALAr":0.0,"R_ALAR":-0.6832,"R_4CMCOAS":0.0,"R_ALATA_L":0.0,"R_3HBCOAHL":0.95826136,"R_4CMLCL_kt":0.0,"R_ALATRS":0.0,"R_ALAtex":0.0,"R_3MBZALDH":0.0,"R_3MBZDH":0.0,"R_ALCD19":0.0,"R_4HBHYOX":0.0,"R_ALCD2ir":0.0,"R_3MCAT23DOX":0.0,"R_ALCDkt":0.0,"R_4HBZtex":0.0,"R_ALDD2x_copy1":0.0,"R_ALDD2x_copy2":-102.05560568,"R_AMPMS2":0.0,"R_3OADPCOAT":0.0,"R_3OAR100":0.0168,"R_3OAR120":0.0084,"R_3OAR121":0.0084,"R_3OAR140":0.0056,"R_AMPN":0.0,"R_ANPRT":0.0756,"R_4HTHRS":0.0,"R_ANS":0.0756,"R_4MBZALDH":0.0,"R_AOXHEXCYCL":0.0,"R_4MBZDH":0.0,"R_AP4AH":0.0,"R_ASPTRS":0.0,"R_APENTAMAH":0.0,"R_4MCAT23DOX":0.0,"R_ASPabcpp":0.0,"R_APRAUR":0.000014,"R_ASPt2_2pp":0.0,"R_4OD":0.0,"R_ASPtex":0.0,"R_APSR":0.3262826,"R_APTNAT":0.0,"R_AST":0.0,"R_4OD2":0.0,"R_ARGDr":0.0,"R_ARGDC":0.0,"R_ATPPRT":0.126,"R_4OT":0.0,"R_ARGORNt7pp":0.0,"R_4OT2":0.0,"R_ARGSL":0.3934,"R_ARGSS":0.3934,"R_ARGTRS":0.0,"R_ARGabcpp":0.0,"R_EX_chols_e":0.0,"R_ARGtex":0.0,"R_ARUH":0.0,"R_ASAD":-0.6608,"R_ATPS4rpp":0.0,"R_BDH":0.0,"R_ASNN":0.0,"R_6HNACMO":0.0,"R_ASNS1":0.3206,"R_ASPCT":0.4412226,"R_BETALDHx":0.0,"R_AADSACYCL":0.0,"R_BHMT":0.0,"R_ASPO1":0.0,"R_ASPO6":0.003822,"R_AASAD3":0.0,"R_ASPT":0.0,"R_BZ12DOX":0.0,"R_AATA":0.0,"R_BZALDH":0.0,"R_BZDH":0.0,"R_BZDIOLDH":0.0,"R_ASPTA":-3.2148158,"R_EX_glyc_e":0.0,"R_ABTA":0.0,"R_ABUTt2pp":0.0,"R_BZt1pp":0.0,"R_ABUTtex":0.0,"R_BZtex":0.0,"R_CYO1b":0.0,"R_ACACT1r":0.0,"R_CYRDAAT":0.0,"R_CYRDAR":0.0,"R_BIOMASS_KT_TEMP":1.4,"R_CACOAHA":0.0,"R_CAFFCOA":0.0,"R_ACALD":101.06681676,"R_ACBIPGT":0.0,"R_CAT":0.2225223,"R_ACCOAC":0.119,"R_CAT23DOX":0.0,"R_CATDOX":0.0,"R_CATECHOLtex":0.0,"R_ACGK":0.7364,"R_CATECHOLtpp":0.0,"R_CYSS":0.1218826,"R_ACGS":0.0,"R_CBMKr":0.8346226,"R_CBPS":0.0,"R_SLCYSS":0.0,"R_ACHBS":0.65138892,"R_CDPMEK":0.0021,"R_CYSTGL":0.0,"R_CFAS160E":0.0007,"R_ACKr":-97.69485208,"R_CFAS160G":0.0007,"R_CFAS180E":0.0007,"R_CYSTL":0.0,"R_CYSTRS":0.0,"R_CFAS180G":0.0007,"R_CYSabcpp":0.0,"R_CHLabcpp":0.0,"R_CYStex":0.0,"R_ACLS":2.12034396,"R_CYTBDpp":2.73180796,"R_CHLt2pp":0.0,"R_CHLtex":0.0,"R_CHOLD":0.0,"R_CHOLSH":0.0,"R_CYTBO3_4pp":0.0,"R_CYTK1":0.0105,"R_CYTK2":0.0,"R_DAAD":0.0,"R_CHOLS_ex":0.0,"R_DAPE":0.4564,"R_DABAAT":0.0,"R_ACOAD1f":0.0,"R_DADA":0.0,"R_DADK":0.0,"R_DAPAT":0.0,"R_DAPDC":0.4564,"R_CHOLSabc":0.0,"R_CHORM":1.1700626,"R_CHORS":1.3156626,"R_CITt_kt":0.0,"R_CITtex":0.0,"R_DASYN120":0.0014,"R_DASYN160":0.0014,"R_DASYN161":0.0021,"R_CLPNS120pp":0.0,"R_ACOAD2f":0.0,"R_CLPNS160pp":0.0,"R_CLPNS161pp":0.0,"R_DASYN180":0.0014,"R_DASYN181":0.0021,"R_DB4PS":0.000028,"R_CLPNS180pp":0.0,"R_CLPNS181pp":0.0,"R_ACOAD3f":0.0,"R_CO2tex":-2.53399006,"R_CO2tpp":-2.53399006,"R_COALCDH":0.0,"R_COALDDH":0.0,"R_DCAtex":0.0,"R_DCTPD":0.0,"R_DCTPD2":0.0,"R_DDCAtexi":0.0,"R_DDPA":1.3156626,"R_COBALT2tex":0.0,"R_COBALT2tpp":0.0,"R_COCHL":0.0,"R_DGK1":0.0,"R_ACOAD4f":0.0,"R_DH3MCHCDH":0.0,"R_COCOAHA":0.0,"R_CONFRLtex":0.0,"R_CONFRLtpp":0.0,"R_DH4MCHCDH":0.0,"R_DHAD1":2.12034396,"R_CPPPGO":0.0007,"R_ACOAD5f":0.0,"R_CPPPGO2":0.0,"R_DHAD2":0.65138892,"R_DHDPRy":0.4564,"R_CRNabcpp":0.0,"R_DHDPS":0.4564,"R_ACOAD6f":0.0,"R_CRNtex":0.0,"R_DHFR":0.10458,"R_ACOAD7f":0.0,"R_DHFS":0.07,"R_DHNPA":0.07,"R_CS":0.029365,"R_CSND":0.0,"R_CTPS2":0.21196,"R_ACOADH1":0.26498892,"R_CYO1_KT":0.0,"R_DNTPPA":0.07,"R_ACOADH2":0.47913068,"R_DPCOAK":0.0000826,"R_DPHAPC100":0.0,"R_DPHAPC120":0.0,"R_ACOATA":0.0,"R_DPHAPC121":0.0,"R_ACODA":0.0,"R_DPHAPC140":0.0,"R_DPHAPC141":0.0,"R_DHORDi":0.4412226,"R_DPHAPC60":0.0,"R_ACONCtex":0.0,"R_DPHAPC80":0.0,"R_DPR":0.0000826,"R_DHORTS":-0.4412226,"R_DHPACCOAHIT":0.0,"R_DHPM1":0.0000826,"R_ACONT":0.029365,"R_DTMPK":0.03458,"R_DHPPDA":0.000014,"R_ACONTa":0.0,"R_DHPR":0.1834,"R_DURAD":-0.0000826,"R_DUTPDP":0.03458,"R_DXPRIi":0.0021,"R_DHPS":0.07,"R_ACONTb":0.0,"R_DHQTi":1.3156626,"R_DXPS":0.0021,"R_DHQS":1.3156626,"R_ACOTA":-0.7364,"R_DHSKDH":0.0,"R_D_LACt2pp":-0.93116534,"R_ACS2":0.0,"R_D_LACtex":-0.93116534,"R_E4PD":0.0,"R_EAR100y":0.0084,"R_EAR120y":0.0084,"R_DLYSOXGAT":-0.6832,"R_DLYSPYRAT":0.6832,"R_DMATT":0.0007,"R_DMGDH":0.0,"R_EAR121y":0.0084,"R_EAR140y":0.0056,"R_EX_glyb_e":0.0,"R_EAR141y":0.0084,"R_EAR160y":0.0056,"R_DM_aacald_c":0.0,"R_DM_C100mclPHA_c":0.0,"R_DM_C120mclPHA_c":0.0,"R_EAR161y":0.0084,"R_EAR180y":0.0028,"R_DM_C121mclPHA_c":0.0,"R_EX_glyclt_e":0.07,"R_DM_C140mclPHA_c":0.0,"R_DM_C141mclPHA_c":0.0,"R_DM_C60mclPHA_c":0.0,"R_DM_C80mclPHA_c":0.0,"R_DM_dad_5_c":0.0,"R_EAR181y":0.0042,"R_EAR40y":0.0168,"R_EAR60y":0.0168,"R_EAR80y":0.0168,"R_ECOAH1":0.0,"R_ECOAH12":0.95826136,"R_DM_fald_c":0.0,"R_DM_mclPHA_c":0.0,"R_EX_h2_e":0.0,"R_DM_ptal_c":0.0,"R_DNAMTn2r":-0.007,"R_ECOAH2":0.0,"R_ECOAH3":0.0,"R_ECOAH4":0.0,"R_ECOAH5":0.0,"R_ECOAH6":0.0,"R_DNMPPA":0.07,"R_FORGLUIH":0.0,"R_ECOAH7":0.0,"R_EX_h2o_e":33.83680286,"R_ECOAH9ir":0.26498892,"R_EDA":8.35664088,"R_FRUK":0.0,"R_EX_h_e":14.32892594,"R_FRUpts":0.0,"R_EDD":8.35664088,"R_ENO":7.09875628,"R_EX_hco3_e":0.0,"R_ETHSO3abcpp":0.0,"R_EX_hdca_e":0.0,"R_ETHSO3tex":0.0,"R_FTHFD":0.0,"R_FUM":1.20278228,"R_EX_2ddglcn_e":0.0,"R_EX_his__L_e":0.0,"R_EX_2dhglcn_e":0.0,"R_EX_34dhbz_e":0.0,"R_EX_hxa_e":0.0,"R_EX_34dhcinm_e":0.0,"R_FUMAC":0.0,"R_EX_3oxoadp_e":0.0,"R_EX_icit_e":0.0,"R_EX_4abut_e":0.0,"R_EX_4hbz_e":0.0,"R_FUMt2_2pp":0.0,"R_FUMtex":0.0,"R_G1PACT":0.0,"R_G1SAT":0.0112,"R_G3PAT120":0.0014,"R_G3PAT160":0.0014,"R_G3PAT161":0.0021,"R_EX_T4hcinnm_e":0.0,"R_EX_ac_e":0.0,"R_EX_acon_C_e":0.0,"R_G3PAT180":0.0014,"R_EX_ile__L_e":0.0,"R_G3PAT181":0.0021,"R_G3PD":0.0,"R_EX_akg_e":0.0,"R_EX_ala__L_e":0.0,"R_EX_arg__L_e":0.0,"R_G3PD2":-0.0119,"R_EX_isetac_e":0.0,"R_G5SADs":0.0,"R_G5SD":0.0,"R_G6PBDH":0.0,"R_EX_asp__L_e":0.0,"R_EX_bz_e":0.0,"R_EX_catechol_e":0.0,"R_G6PDH2r":8.35664088,"R_EX_chol_e":0.0,"R_EX_lac__D_e":0.93116534,"R_EX_cobalt2_e":0.0,"R_G6PI":0.0,"R_GADOX":0.0,"R_EX_confrl_e":0.0,"R_EX_crn_e":0.0,"R_EX_lac__L_e":0.0,"R_EX_cys__L_e":0.0,"R_EX_dca_e":0.0,"R_GADktpp":0.0,"R_GALUi":0.0042,"R_GAPD":7.09875628,"R_EX_ddca_e":0.0,"R_EX_ethso3_e":0.0,"R_EX_fe2_e":-0.0014,"R_EX_fer_e":0.0,"R_GARFT":0.5990306,"R_GART":0.070042,"R_GAt1":0.0,"R_GAt2pp":0.0,"R_GCALDD":0.07,"R_EX_fru_e":0.0,"R_EX_fum_e":0.0,"R_EX_leu__L_e":0.0,"R_EX_ga_e":0.0,"R_EX_glc__D_e":-9.67650348,"R_GDBTALDH":0.0,"R_GF6PTA":0.0,"R_GHMT2r":1.98571366,"R_GK1":0.389774,"R_EX_glcn_e":0.0,"R_EX_glu__L_e":0.0,"R_GLCDpp":0.0,"R_GLCNt2rpp":0.0,"R_EX_lys__L_e":0.0,"R_EX_m_xyl_e":0.0,"R_GLYCL_2":0.48694786,"R_GLCNtex":0.0,"R_GLYCTO1":0.0,"R_EX_mal__L_e":0.0,"R_GLCOAS":0.0,"R_EX_met__L_e":0.0,"R_GLCOASYNT":0.0,"R_GLYCtex":0.0,"R_GLYCtpp":0.0,"R_GLCabcpp":9.67650348,"R_EX_mso3_e":0.0,"R_GLCtex":9.67650348,"R_GLNS":12.2687796,"R_HPYRRx":0.0,"R_GLYK":0.0,"R_GLYTRS":0.0,"R_GLYabcpp":0.0,"R_GLNTRAT":0.0,"R_GLNTRS":0.0,"R_GLU5K":0.0,"R_GLUCYS":0.0,"R_GLUDC":0.0,"R_GLYtex":0.0,"R_GMPS2":0.389774,"R_GND":0.0,"R_GLUDy":0.0,"R_EX_na1_e":0.0,"R_GLUN":0.0,"R_GLUPRT":0.6690726,"R_GNK":0.0,"R_GLUR":-0.6832,"R_EX_nac_e":0.0,"R_GLUSy":9.4528784,"R_GNNUC":0.0,"R_GRTT":0.0007,"R_GLUTCOADHc":0.0,"R_EX_nh4_e":-15.1843608,"R_GLUTRR":0.0112,"R_EX_ni2_e":0.0,"R_GLUTRS":0.0112,"R_GTHOr":0.0,"R_GLUabcpp":0.0,"R_GTHPi":0.0,"R_EX_no2_e":0.0,"R_GTHS":0.0,"R_GTPCI":0.07,"R_GLUt4pp":0.0,"R_GLUtex":0.0,"R_GLXCL":0.0,"R_EX_o2_e":-2.25270696,"R_GLYALDDr":0.0,"R_GLYALDtex":0.0,"R_GLYALDtpp":0.0,"R_GLYBabcpp":0.0,"R_GLYBtex":0.0,"R_GTPCII":0.000014,"R_GTPDPDP":0.0,"R_GTPDPK":0.0,"R_GUAD":0.0,"R_GUAPRT":0.0,"R_GUDBUTNAH":0.0,"R_H2CO3D":0.0,"R_GLYCK":0.0,"R_GLYCL":0.0,"R_GLYCLTt2rpp":-0.07,"R_EX_octa_e":0.0,"R_GLYCLTtex":-0.07,"R_H2CO3D2":0.0,"R_H2Otex":-33.83680286,"R_H2Otpp":-33.83680286,"R_EX_orn_e":0.0,"R_H2tex":0.0,"R_H2tpp":0.0,"R_EX_p_xyl_e":0.0,"R_HACD1i":0.0,"R_HXPRT":0.0,"R_HACD2i":0.0,"R_EX_pac_e":0.0,"R_HACD3i":0.0,"R_Htex":-14.32892594,"R_ICDHyr":0.029365,"R_HACD4i":0.0,"R_EX_pentso3_e":0.0,"R_HACD5i":0.0,"R_HACD6i":0.0,"R_HACD7i":0.0,"R_HACD9":0.26498892,"R_ICITt_kt":0.0,"R_ICITtex":0.0,"R_ICL":0.0,"R_IG3PS":0.126,"R_IGPDH":0.126,"R_HADPCOADH":0.0,"R_HCO3E":0.119,"R_HCO3_NAt":0.0,"R_IGPS":0.0756,"R_ILETA":-0.3864,"R_HDCAtexi":0.0,"R_EX_phe__L_e":0.7402626,"R_HEMEOS":0.0007,"R_HEX1":9.67650348,"R_HGNTOR":0.0,"R_ILETRS":0.0,"R_ILEabcpp":0.0,"R_ILEtex":0.0,"R_IMPC":-0.7950726,"R_HIBDkt":0.95826136,"R_IMPD":0.389774,"R_EX_pi_e":-1.0715418,"R_INSH":0.0,"R_HISDr":0.0,"R_HISTD":0.126,"R_IPDDI":0.0007,"R_HISTP":0.126,"R_IPDPS":0.0021,"R_EX_pro__L_e":0.0,"R_IPMD":0.5992,"R_IPPMIa":-0.5992,"R_HISTRS":0.0,"R_HISabcpp":0.0,"R_HIStex":0.0,"R_HMBS":0.0014,"R_IPPMIb":-0.5992,"R_IPPS":0.5992,"R_ISETACabcpp":0.0,"R_ISETACtex":0.0,"R_HMGL":0.0,"R_HMPK1":0.0,"R_IZPN":0.0,"R_HMSD":0.0,"R_KARA1":-2.12034396,"R_EX_ptrc_e":0.0,"R_KARA2":0.65138892,"R_KAS14":0.0,"R_KAS15":0.0168,"R_HMSD2":0.0,"R_HMSH":0.0,"R_HMSH2":0.0,"R_EX_quin_e":0.0,"R_HMSH3":0.0,"R_HOPNTAL":0.0,"R_KAT1":0.0,"R_ACACT11":0.0,"R_HOPNTAL2":0.0,"R_ACACT8":0.0,"R_EX_rib__D_e":0.0,"R_ACACT13":0.0,"R_ACACT10":0.0,"R_HPPK":0.0,"R_HPYRI":0.0,"R_ACACT9":0.0,"R_EX_ser__L_e":0.0,"R_ACACT12":0.0,"R_LDH_D":-0.93116534,"R_EX_so4_e":-0.3262826,"R_EX_spmd_e":0.0,"R_EX_succ_e":0.0,"R_HSDxi":0.2044,"R_HSERTA":0.2044,"R_EX_taur_e":0.0,"R_HSK":0.0,"R_HSTPT":0.126,"R_EX_thr__L_e":0.0,"R_HXAND":0.0,"R_HXAtex":0.0,"R_LEUTA":-0.5992,"R_EX_tol_e":0.0,"R_LEUTRS":0.0,"R_LEUabcpp":0.0,"R_EX_tsul_e":0.0,"R_LEUtex":0.0,"R_EX_ttdca_e":0.0,"R_LPCOXc":0.0,"R_MCITS":1.22325028,"R_MCOATA":0.119,"R_EX_tyr__L_e":0.0,"R_LYSDC":0.0,"R_MDH":0.0,"R_LYSMO":0.0,"R_MDH2":0.0,"R_EX_val__L_e":0.0,"R_ME1":1.20278228,"R_MECDPDH":0.0021,"R_LYSRC":0.0,"R_LYSTRS":0.0,"R_LYSabcpp":0.0,"R_MECDPS":0.0021,"R_LYStex":0.0,"R_MEPCT":0.0021,"R_AHSERL2":0.2044,"R_METAT":0.0,"R_METGL":0.0,"R_L_LACD2":0.0,"R_L_LACt2rpp":0.0,"R_L_LACtex":0.0,"R_METS":0.0,"R_EX_vanln_e":0.0,"R_MACACI":0.0,"R_MACCOAT":0.26498892,"R_MACPD":0.0,"R_METTRS":0.0,"R_METabcpp":0.0,"R_MALEI":0.0,"R_EX_vanlt_e":0.0,"R_MALMDA":0.0,"R_MALS":0.0,"R_MALt2_2pp":0.0,"R_METtex":0.0,"R_MGCH":0.0,"R_MICITDr":1.22325028,"R_MALtex":0.0,"R_MMTSAO":0.95826136,"R_FACOAL100t2pp":0.0,"R_MOHMT":0.0000826,"R_MBCOAi":0.0,"R_MCCC":0.0,"R_MCITD":1.22325028,"R_MCITL2":1.22325028,"R_MSO3abcpp":0.0,"R_MSO3tex":0.0,"R_FACOAL120t2pp":0.0,"R_MSULR":0.0,"R_FACOAL140t2pp":0.0,"R_MTHFC":1.3941032,"R_MTHFD":1.3941032,"R_MTHFR3":0.07,"R_NTD3":0.0,"R_NTD3pp":0.0,"R_NTD4":0.0,"R_MHPGLUT":0.2044,"R_FACOAL160t2pp":0.0,"R_MTOLDOX":0.0,"R_MUCCYCI":0.0,"R_MUCCY_kt":0.0,"R_NTD4pp":0.0,"R_NTD5":0.0,"R_MUCLI":0.0,"R_NTD5pp":0.0,"R_MXMO":0.0,"R_FACOAL60t2pp":0.0,"R_M_XYLtpp":0.0,"R_M_Xylt1":0.0,"R_NTD6":0.0,"R_NTD6pp":0.0,"R_NTD7":0.0,"R_NACHY":0.0,"R_NTD7pp":0.0,"R_NACt1pp":0.0,"R_FACOAL80t2pp":0.0,"R_NACtex":0.0,"R_NTD8":0.0,"R_NTD8pp":0.0,"R_NTD9":0.0,"R_NADH16pp":2.73180796,"R_NTD9pp":0.0,"R_NADH5":0.0,"R_FALDDH":0.0,"R_NADK":0.000742,"R_NADPHQR2":0.0,"R_NTRIR2x":0.0,"R_O2tex":2.25270696,"R_O2tpp":2.25270696,"R_OAADC":0.0,"R_OARGDC":0.0,"R_NADS2":0.003822,"R_FBA":0.0,"R_NAMNPP":0.0,"R_NAt3_1p5pp":0.0,"R_OBDHc":0.0,"R_OCAALD":0.0,"R_NAt3_2pp":0.0,"R_FBP":0.0,"R_NAtex":0.0,"R_NDPK1":0.7595126,"R_OCBT":0.3934,"R_OCOAT1":0.0,"R_FCLT":0.0007,"R_OCTAtex":0.0,"R_OHPBAT":0.0,"R_OIVD1r":0.0,"R_NDPK2":0.40656,"R_NDPK3":-0.0249774,"R_NDPK4":0.03458,"R_NDPK5":0.03556,"R_OIVD2":0.95826136,"R_OIVD3":0.26498892,"R_NDPK6":0.03458,"R_FCOAHA":0.0,"R_NDPK7":0.03556,"R_NDPK8":0.03458,"R_NFMLDF":0.0,"R_OMAHY":0.0,"R_OMAIS":0.0,"R_OMCDC":0.5992,"R_OMPDC":0.4412226,"R_OP4ENH":0.0,"R_OP4ENH2":0.0,"R_ORNCD":0.294,"R_NFORGLUAH":0.0,"R_NH4tex":15.1843608,"R_NH4tpp":15.1843608,"R_NI2tex":0.0,"R_NI2uabcpp":0.0,"R_NNATr":0.003822,"R_ORNDC":0.049,"R_ORNTAC":0.7364,"R_NNDMBRT":0.0,"R_FDH":0.0,"R_NNDPR":0.003822,"R_NO2t2rpp":0.0,"R_NO2tex":0.0,"R_NTD10":0.0,"R_ORNabcpp":0.0,"R_ORNtex":0.0,"R_ORPT":-0.4412226,"R_OXOADLR":0.0,"R_OXOAEL":0.0,"R_NTD10pp":0.0,"R_NTD11":0.0,"R_OXPTNDH":0.0,"R_FDMO":0.0,"R_P5CD":0.0,"R_NTD11pp":0.0,"R_NTD2":0.0000826,"R_P5CR":0.0,"R_FDMO2":0.0,"R_PABB":0.07,"R_PACCOAL":0.0,"R_PACt3":0.0,"R_PACt1":0.0,"R_NTD2pp":0.0,"R_PE161abcpp":0.0,"R_PE180abcpp":0.0,"R_PE181abcpp":0.0,"R_PANTS":0.0000826,"R_PAPPT3":0.0,"R_FDMO3":0.0,"R_PENTSOtex":0.0,"R_PERD":0.0,"R_FDMO5":0.0,"R_PGAMT":0.0,"R_PC":0.0,"R_PC11M":0.0,"R_PGCD":0.0,"R_FDMOtau":0.0,"R_PGI":1.3156626,"R_PC17M":0.0,"R_PC20M":0.0,"R_PC6AR":0.0,"R_FE2abc":0.0,"R_PC6YM":0.0,"R_PGK":-7.09875628,"R_FE2t":0.0014,"R_PGL":8.35664088,"R_PGLCNDH":0.0,"R_PC8XM":0.0,"R_PCADYOX":0.0,"R_PDH":0.0,"R_PGM":-7.09875628,"R_FERULCOAS":0.0,"R_PGMT":-0.0042,"R_PGP120abcpp":0.0,"R_PGP160abcpp":0.0,"R_PGP161abcpp":0.0,"R_PGP180abcpp":0.0,"R_PGP181abcpp":0.0,"R_PGPP120":0.0007,"R_PDHa":1.488235,"R_PDHbr":1.488235,"R_PDHcr":0.0,"R_PDX5POi":0.0,"R_PDX5PS":0.0,"R_PDXPP":0.0,"R_PE120abcpp":0.0,"R_PE160abcpp":0.0,"R_PGPP120pp":0.0,"R_PGPP160":0.0007,"R_FERtex":0.0,"R_PGPP160pp":0.0,"R_PGPP161":0.0007,"R_PRAIS":0.6690726,"R_PRAMPC":0.126,"R_PGPP161pp":0.0,"R_FERtpp":0.0,"R_PGPP180":0.0007,"R_PGPP180pp":0.0,"R_PRASCSi":0.6690726,"R_PRATPP":0.126,"R_PRFGS":0.6690726,"R_PGPP181":0.0007,"R_PRMICI":0.126,"R_PGPP181pp":0.0,"R_FMETTRS":0.0,"R_PGSA120":0.0007,"R_PGSA160":0.0007,"R_PGSA161":0.0007,"R_PGSA180":0.0007,"R_PGSA181":0.0007,"R_PROD2":0.0,"R_PROTRS":0.0,"R_PROabcpp":0.0,"R_PROt2rpp":0.0,"R_PROt4pp":0.0,"R_PROtex":0.0,"R_PRPPS":1.3156346,"R_PSCVT":1.3156626,"R_PHA":0.0,"R_PHACOAOR":0.0,"R_PHAPC100":0.0,"R_PSD120":0.0007,"R_FMNAT":0.000014,"R_PSD160":0.0007,"R_PHAPC120":0.0,"R_PHAPC121":0.0,"R_PHAPC140":0.0,"R_PSD161":0.0014,"R_PHAPC141":0.0,"R_PSD180":0.0007,"R_FMNRx2":0.0,"R_PSD181":0.0014,"R_PSERT":0.0,"R_PHAPC60":0.0,"R_PHAPC80":0.0,"R_PHETA1":-1.1700626,"R_PSP_L":0.0,"R_FOLD3":0.0,"R_PSSA120":0.0007,"R_PSSA160":0.0007,"R_PHETHPTOX":0.1834,"R_PHETRS":0.0,"R_PHEt2rpp":-0.7402626,"R_PHEtex":-0.7402626,"R_PIt2rpp":1.0715418,"R_PItex":1.0715418,"R_PSSA161":0.0014,"R_PSSA180":0.0007,"R_PSSA181":0.0014,"R_PTAr":97.69485208,"R_PTOLDOX":0.0,"R_PIuabcpp":0.0,"R_PMDPHT":0.000014,"R_PTPATi":0.0000826,"R_SADH":0.0,"R_PTRCabcpp":0.0,"R_PTRCtex":0.0,"R_PXMO":0.0,"R_PYDXPP":0.0,"R_PYK":0.0,"R_PMPK":0.0,"R_PNTK":0.0000826,"R_PPA":0.0,"R_PPBNGS":0.0056,"R_PPC":4.46743108,"R_PPCDC":0.0000826,"R_PYNP2r":0.0000826,"R_PYRDOX":0.0,"R_PPGPPDP":0.0,"R_SADT":0.3262826,"R_PPK2":0.0,"R_PPM":0.0,"R_PPNCL":0.0000826,"R_PPND":0.0,"R_PPNDH":1.1700626,"R_PPPGO":0.0007,"R_PPRDNDH":0.0,"R_PPS":0.0,"R_PPTGS_KT":0.0,"R_P_XYLtpp":0.0,"R_P_Xylt1":0.0,"R_QUIDH":0.0,"R_QUIN2tex":0.0,"R_QUINtpp":0.0,"R_QULNS":0.003822,"R_R05217":0.0,"R_R05219":0.0,"R_R05224":0.0,"R_R15BPK":0.0000826,"R_PRAGSr":0.6690726,"R_R1PK":0.0000826,"R_PRAIi":0.0756,"R_SARCOX":0.0,"R_RBFK":0.000014,"R_RBFSa":0.000028,"R_RBFSb":0.000014,"R_RBK":0.0,"R_SCYSSL":0.0,"R_RHACOAR100":0.0,"R_TYRTA":0.0,"R_RHACOAR120":0.0,"R_SDPDS":0.4564,"R_RHACOAR140":0.0,"R_RHACOAR60":0.0,"R_TYRTRS":0.0,"R_TYRt2rpp":0.0,"R_RHACOAR80":0.0,"R_TYRtex":0.0,"R_RIBabcpp":0.0,"R_SDPTA":-0.4564,"R_RIBtex":0.0,"R_UAAGDS":0.0,"R_UAGCVT":0.0,"R_UAGDP":0.0,"R_UAGPT3":0.0,"R_RNADRr":0.0,"R_RNDR1":0.03458,"R_RNDR2":0.03556,"R_RNDR3":0.03556,"R_RNDR4":0.03458,"R_UAMAGS":0.0,"R_UAMAS":0.0,"R_RPE":-1.3156626,"R_SELMETAT":0.0,"R_RPI":-1.3156346,"R_RZ5PP":0.0,"R_UAPGR":0.0,"R_UDCPDP":0.0,"R_UGMDDS":0.0,"R_UHBZ1t_pp":0.0,"R_SERAT":0.1218826,"R_SERD_L":-2.47509626,"R_UMPK":0.44114,"R_SERTRS":0.0,"R_SER_AL":0.0,"R_UNK3":0.0,"R_SERt2rpp":0.0,"R_UPP3MT":0.0007,"R_UPP3S":0.0014,"R_SERtex":0.0,"R_UPPDC1":0.0007,"R_SGDS":0.0,"R_UPPDC2":0.0,"R_SGSAD":0.0,"R_UPPN":0.0000826,"R_SHCHD2":0.0007,"R_UPPRT":0.0,"R_URCN":0.0,"R_UREA":0.0,"R_SHCHF":0.0007,"R_VALTA":-0.5628,"R_VALTRS":0.0,"R_VALabcpp":0.0,"R_SHK3Dr":1.3156626,"R_VALtex":0.0,"R_VANKpp":0.0,"R_SHKK":1.3156626,"R_VANLNtex":0.0,"R_SHSL1":0.0,"R_VANLTtex":0.0,"R_VNDH":0.0,"R_SHSL2r":0.0,"R_VNDH_2":0.0,"R_VNDH_3":0.0,"R_SHSL4r":0.0,"R_VNLNpp":0.0,"R_SO4t4_2":0.0,"R_VNTDM":0.0,"R_SO4tex":0.3262826,"R_XAND":0.0,"R_XMO":0.0,"R_SOTA":0.0,"R_XTSNH":0.0,"R_SPMDabcpp":0.0,"R_pentso3abcpp":0.0,"R_SK_5mthglu_c":-0.2044,"R_SK_dna5mtc_c":-0.007,"R_SPMDtex":0.0,"R_SK_dna_c":0.007,"R_SK_mclPHAg_c":0.0,"R_SK_pqq_c":0.0,"R_SK_pqqh2_c":0.0,"R_SK_thglu_c":0.2044,"R_SPMS":0.0,"R_SSALy":0.0,"R_SUCCt2_2pp":0.0,"R_SUCCtex":0.0,"R_SUCD1":-0.26498892,"R_SUCDi":0.0,"R_SUCOAS":1.9446392,"R_SULR":0.3262826,"R_SULabcpp":0.3262826,"R_T2DECAI":0.0084,"R_T4HCINNMtex":0.0,"R_T4HCINNMtpp":0.0,"R_TALA":0.0,"R_TAUDO":0.0,"R_TAURabcpp":0.0,"R_TAURtex":0.0,"R_NADTRHD":-7.4892944,"R_THDPS":0.4564,"R_THRA2":0.0,"R_THRA":-0.98878892,"R_THRD_L":0.65138892,"R_THRS":0.0,"R_THRTRS":0.0,"R_THRabcpp":0.0,"R_THRtex":0.0,"R_TKT1":0.0,"R_TKT2":-1.3156626,"R_TMDS":0.03458,"R_TOLtex":0.0,"R_TOLtpp":0.0,"R_TPI":-0.015722,"R_TRDR":0.4665626,"R_TRPS1":0.0,"R_TRPS2":0.0756,"R_TRPS3":0.0756,"R_TRSARr":0.0,"R_TSULabcpp":0.0,"R_TSULtex":0.0,"R_TTDCAtexi":0.0}]