AcetylCoAMAT_32_task1,C10AcylCarCYT_4_task1,C10AcylCarMAT_18_task1,C10AcylCoAMAT_19_task1,C10EnoylCoAMAT_20_task1,C12AcylCarCYT_3_task1,C12AcylCarMAT_15_task1,C12AcylCoAMAT_16_task1,C12EnoylCoAMAT_17_task1,C14AcylCarCYT_2_task1,C14AcylCarMAT_12_task1,C14AcylCoAMAT_13_task1,C14EnoylCoAMAT_14_task1,C16AcylCarCYT_1_task1,C16AcylCarMAT_9_task1,C16AcylCoACYT_8_task1,C16AcylCoAMAT_10_task1,C16EnoylCoAMAT_11_task1,C4AcetoacylCoAMAT_31_task1,C4AcylCarCYT_7_task1,C4AcylCarMAT_28_task1,C4AcylCoAMAT_29_task1,C4EnoylCoAMAT_30_task1,C6AcylCarCYT_6_task1,C6AcylCarMAT_24_task1,C6AcylCoAMAT_25_task1,C6EnoylCoAMAT_26_task1,C6KetoacylCoAMAT_27_task1,C8AcylCarCYT_5_task1,C8AcylCarMAT_21_task1,C8AcylCoAMAT_22_task1,C8EnoylCoAMAT_23_task1,CoAMAT_33_task1,_1_task1
30.0,0.019,0.0,0.0,0.0,0.11,0.0,0.0,0.0,0.023,0.0,0.0,0.0,0.171,0.0,26.8,0.0,0.0,0.0,0.008000000000000002,0.0,0.0,0.0,0.017,0.0,0.0,0.0,0.0,0.052,0.0,0.0,0.0,4970.0,0.0
30.000000001185892,0.02312819981244646,0.11616223716321955,1.7471618757516951,0.029180177025075704,0.10285809341996792,0.1804251665679235,1.656391375913898,0.03226471687288221,0.024497209732249833,0.08444257432490554,1.1398968094956057,0.023820143739928412,0.22975928054300288,0.24286257613733897,25.62073328865058,0.5617703717004495,0.023265321450616275,0.14931884698170797,0.008622179071965443,0.02979603526693904,6.246850911999245,15.09073442580055,0.0210450575179828,0.10458850806607048,3.5095571275660866,4.2914283562292415,0.042393022936090444,0.05149752956546284,0.12609326578070418,1.5224713525250793,0.06184765657632472,4933.871647506249,0.25
30.0000000012872,0.028676259334802116,0.13557545264665188,2.024621408675528,0.03314492487769609,0.09841505983123051,0.19332495181041226,1.9508633186666144,0.036921922711643684,0.02737581905481846,0.1053430216420796,1.4764172618292726,0.029751836952692647,0.28153864646689586,0.30487467378067956,24.49335724806597,0.7464736952510262,0.029925467451224153,0.1630837832603837,0.009455170501323973,0.03244983459400309,6.895949864970211,16.47914942615186,0.02590266222803645,0.11971767289951663,3.907903993563551,4.66504693559868,0.04609288510933923,0.05209473451332549,0.1335988589986785,1.7229815222512528,0.06884450306638609,4929.722827248325,0.5
30.00000000137052,0.03468694414034671,0.15455515785001664,2.28804862271068,0.03692584466864583,0.09581897517265474,0.2068859947183104,2.2361550032168727,0.04131460544850768,0.03137503496459719,0.1268760277649518,1.81130249124967,0.035379471567251505,0.32714672933446437,0.3622006835992837,23.415588559564732,0.9311134571247897,0.03627998191124111,0.1754633127728118,0.010340261987732358,0.03511040493020539,7.486453277830503,17.727533915409033,0.031034835585258266,0.13479469795557925,4.280658444202062,5.017583452162788,0.04958461972638498,0.05316489546185633,0.14115546265180184,1.909900297759895,0.0755294735907757,4925.860773727278,0.75
30.000000001440004,0.04105013063632095,0.17326162742074558,2.5413710275811328,0.040552107701443726,0.09477616585880734,0.2209751021930138,2.5122009918660164,0.04548474255828514,0.03632355477769432,0.14873063126700964,2.140296356200794,0.040715015642552706,0.36736471305131213,0.41508271294614546,22.385244376171112,1.112638144471682,0.04230904910921076,0.1871846409350885,0.011270428164715521,0.037812559293366334,8.046714592361464,18.909389846681243,0.03639191928184932,0.14992130452082505,4.636166840297641,5.352389562040057,0.05290126189085536,0.05463093130109323,0.14887190641147058,2.088224072558083,0.08194862612721596,4922.169513120537,1.0
30.00000000149857,0.047681081605456435,0.1917378857374804,2.786196140955698,0.044047736618919336,0.09503505099639852,0.2354476729217932,2.7785832161859534,0.04946065911307579,0.04205975175820582,0.17064915080185508,2.4601034566020252,0.045768351088987295,0.40284336678478094,0.46373059873325145,21.400237901609906,1.2885764386597052,0.0479982113431244,0.19839921368230012,0.012240808298900086,0.04056186408342399,8.584117179729157,20.040040701061304,0.041937893552133614,0.16513916609997556,4.978742026122659,5.673491677197169,0.05608251587586962,0.05643305850502964,0.156769982528495,2.260066714319039,0.08814803938011254,4918.620177720566,1.25
30.000000001548447,0.054513763136031124,0.21001789019966635,3.0238384218279863,0.04743090316772639,0.0963802819732222,0.2501854543293071,3.03516598937093,0.053265849076140466,0.04843392390635218,0.1924216061515009,2.768276899237038,0.05055232081906383,0.43412751248815995,0.5083443377994292,20.458574163836516,1.4570264021474506,0.053342554254268065,0.20921168639613794,0.013247784725013348,0.0433618292041401,9.103875363444159,21.130073805407026,0.04764604255308469,0.18047555482959818,5.311494355155444,5.983695348344231,0.05915605243143393,0.05852381420136103,0.16486152168939677,2.427009393057472,0.09416113480598111,4915.192423519509,1.5
30.000000001591122,0.06149662038750655,0.22812553354201318,3.2553146471379244,0.05071493722496175,0.09862778486886498,0.2650877314398861,3.2819443435828943,0.056918865380205755,0.055309419901601826,0.2138761503223137,3.063028750702233,0.055080057090681846,0.46167578532997655,0.5491144913096061,19.558345974542277,1.6165702020674517,0.05834294100087911,0.21969474627574936,0.01428862482434584,0.046214631943383086,9.609659155354345,22.186842045127992,0.05349628679472331,0.1959476104304248,5.636637721340317,6.28494628919543,0.06214106246480074,0.06086510436729856,0.1731507986619419,2.590207963026759,0.10001165026351733,4911.871944621173,1.75
30.000000001628162,0.06858911736353548,0.2460752837872142,3.48137922188234,0.053909246462553455,0.10162012406101938,0.2800655907480789,3.518959841361459,0.06043384156949096,0.06256286887601042,0.23487131349234083,3.343073938681293,0.0593639088916147,0.48587659484560586,0.5862239627918628,18.697730066451506,1.7661890216916964,0.06300396640105044,0.22989890649438482,0.015361231490183272,0.049121526614212124,10.104042093978105,23.21545494220885,0.05947328131452795,0.21156506657848,5.955731576887906,6.578589406773807,0.06505081097607894,0.06342595431425627,0.18163621997670354,2.750491258656118,0.105715868263992,4908.648712147191,2.0
30.000000001660162,0.07575903961598213,0.2638739902481242,3.7025663602846355,0.05702027838633299,0.10522239841065789,0.29503892681313776,3.746251360621615,0.06382116876428834,0.07008381534128841,0.25528971954465385,3.6075068892826723,0.06341474345622355,0.5070608936373499,0.6198462211994332,17.874983400587197,1.9051865723865522,0.06733227560157047,0.23985905704922425,0.016463970222876725,0.052083250218764233,10.58881304384208,24.21944248648033,0.06556508024892599,0.22733306503041073,6.269860478345585,6.86554933514098,0.06789441503702377,0.06618083442086982,0.1903126048048105,2.9084420195498315,0.11128469347601916,4905.515754820635,2.25
30.000000001688196,0.08298041462126067,0.28152225815967985,3.919236428801372,0.06005225882993524,0.10931868483489697,0.3099342951800271,3.963837288235618,0.06708827237055547,0.07777400224127759,0.27503355229340143,3.8557100878727795,0.06724194695687132,0.5255124721630064,0.6501470336177868,17.08843963602616,2.0331239600806597,0.07133578133500186,0.2495991335035281,0.01759554802372743,0.05510011294092823,11.06520302719389,25.20122654176543,0.07176219208168082,0.2432530471165608,6.579766606250028,7.146455342297496,0.07067807768627031,0.06910840724064565,0.19917190010783045,3.0644607913048376,0.11672508068946713,4902.468259373138,2.5
30.000000001712785,0.09023192026453386,0.2990159673653833,4.131612372330415,0.06300773977016308,0.11380898107670326,0.32468382320375505,4.171705936174457,0.07024019983144689,0.08554645045910153,0.29402078906307594,4.08728294277713,0.07085344042690267,0.5414763657903319,0.6772836407451546,16.33650575499371,2.149765432513129,0.07502305397653829,0.25913537529561864,0.01875492681051331,0.05817223369776716,11.534047366575972,26.162451107888863,0.07805690322910559,0.25932434696616274,6.88594616800382,7.4217295653139645,0.0734059571025412,0.07219058284342353,0.20820453929734697,3.2188135177166823,0.12204110561166016,4899.502938716978,2.75
30.000000001734414,0.09749572961238953,0.3163472989445703,4.339810893281749,0.06588804997257051,0.1186067387180861,0.3392244381843423,4.369816668117284,0.07328016770744696,0.09332450920188227,0.31218257697763424,4.3019913602279,0.07425585455890826,0.5551653936822292,0.7014055598472992,15.617658836462653,2.255035112466029,0.07840297867235498,0.26847847615514536,0.019941264066133942,0.06129958464235881,11.99589428624242,27.10419944100352,0.08444281314658264,0.27554467460862103,7.188717106331923,7.691647217002188,0.07608076149537202,0.07541183473662169,0.2173998803638078,3.371666573856361,0.1272347818678172,4896.617600269306,3.0
30.00000000175348,0.1047565959185465,0.333505673324706,4.54386826883035,0.06869363186009356,0.12363669018462331,0.35349740166542176,4.558104241029808,0.07621000393614896,0.1010408488226676,0.3294610848909846,4.499729034461198,0.0774547233775344,0.5667657633422989,0.7226549494616947,14.930442971721886,2.348981294075509,0.08148453942901283,0.27763532918057937,0.02115386768549988,0.06448206596110935,12.451092653593943,28.027170538799833,0.0909144829042912,0.2919106724299438,7.488270425842163,7.956380732308586,0.0787041846854031,0.0787586542631451,0.22674671127669913,3.5231140998381045,0.1323066573440024,4893.810799639654,3.25
30.0000000017703,0.11200117925622381,0.3504782939005389,4.743757648435328,0.07142426793307105,0.12883308083881556,0.3674479160983058,4.736484165000813,0.07903046522315225,0.10863652135211223,0.345808011192376,4.680492235914035,0.08045466795746206,0.5764415506469129,0.7411673558375883,14.273466315667687,2.4317509366836787,0.08427671484598169,0.2866100229021398,0.02239216367639793,0.06771953581128938,12.899842377352316,28.931779843913443,0.09746718396357187,0.30841818102115687,7.784702212644644,8.216027011031427,0.08127717505030514,0.08221914087698377,0.23623346739541773,3.673195173024823,0.13725621062982074,4891.081638869688,3.5
30.000000001785175,0.11921755427895067,0.3672505688719203,4.939403029517211,0.0740792537918016,0.13413823367901545,0.38102479658907334,4.9048585987365625,0.08174149953816397,0.11606009986160996,0.3611833961288859,4.844361254118989,0.08325958486392795,0.5843382873473835,0.757072522164146,13.64539826784552,2.50356947131835,0.08678844380522983,0.2954046004158049,0.02365567263837169,0.07101182970103441,13.342234289487381,29.818235963971382,0.10409671831019077,0.32506241303881533,8.07803799117019,8.470628525753991,0.08380014397573754,0.08578269268809025,0.24584836389589462,3.8219070647309508,0.14208214233089464,4888.429608140688,3.75
30.00000000179823,0.1263947847269693,0.3838066636693778,5.130692757959826,0.07665756683690308,0.1395012130527954,0.3941803908800149,5.063121223568652,0.08434246953718143,0.12326681558959093,0.3755543836423117,4.991479122229282,0.08587274616310726,0.5905862753861132,0.7704942537107204,13.04496677753301,2.564718590220368,0.08902848689067057,0.3040197311567203,0.024943989513864267,0.07435879194136753,13.77828435343011,30.686608615656937,0.11079926480203586,0.3418382360413676,8.36825583367162,8.72019238333265,0.08627315390259416,0.08943973098684331,0.2555796553056005,3.9692179088146964,0.14678267998265934,4885.854452374848,4.0
30.000000001809696,0.1335226820535179,0.4001293996578471,5.317484081633238,0.07915790131544656,0.14487693547898423,0.40687012071906875,5.211163889346036,0.08683228557640986,0.1302179034183118,0.3888948895842808,5.122052124903838,0.08829702956102858,0.5953027719157893,0.7815523753514833,12.470955767406002,2.6155319399133004,0.09100560915240838,0.31245500667595416,0.026256771799600703,0.07776025621303663,14.20794794591567,31.536858437054907,0.11757129214957888,0.35873998859263156,8.655290869820668,8.964693569750406,0.08869595061825052,0.09318153117559229,0.265415406793229,4.115069647421846,0.15135559525635447,4883.356108114274,4.25
30.00000000182012,0.14059160764541373,0.41620080674338944,5.499613745867228,0.08157882669144449,0.15022539530601428,0.41905269860670585,5.348880294423996,0.08920957257296908,0.13688000389136162,0.4011846758943431,5.236331137942407,0.09053493116245644,0.5985938932917119,0.7903618779445192,11.9222026705697,2.656375728936661,0.09272837532703862,0.3207091936198104,0.027593729352241206,0.08121606610192414,14.631134716472731,32.36886262822471,0.12440948505833822,0.37576171982141027,8.939052375569243,9.204089713873612,0.09106810896285963,0.09700007690555573,0.27534375360975183,4.259387578261508,0.1557985109409818,4880.93464455933,4.5
30.000000001828337,0.1475922748034341,0.43200210424327046,5.676898196364734,0.08391872312555701,0.1555108787651116,0.4306897212653951,5.47616589878046,0.09147266983400011,0.14322454833685389,0.4124086032212551,5.33460651357406,0.09258865813233126,0.6005565468757297,0.7970330236707016,11.397596075966565,2.6876434809615155,0.09420523844513974,0.3287805933683078,0.028954614219222737,0.08472610846013229,15.04772716963457,33.18245133986727,0.1313106706400347,0.3928974463030673,9.219426385318469,9.438322793017466,0.09338904911626311,0.10088791190063216,0.2853530205969505,4.402081121280124,0.1601087595439607,4878.590213407808,4.75
30.00000000183656,0.15451561670851308,0.4475137401936103,5.8491430080441225,0.08617595700322085,0.16070137544358512,0.44174566824896566,5.592930600223777,0.09361984272588891,0.14922725961943695,0.4225570845649657,5.417214356430063,0.09446032895039433,0.6012798635925837,0.8016744889008377,10.896073477392155,2.7097544491804086,0.09544466450004749,0.33666713428929396,0.030339213742879966,0.08829022526387965,15.457581962531973,33.97741679418344,0.13827176828179769,0.41014038555268517,9.49628213977361,9.667324711818429,0.09565809287508342,0.10483803335907196,0.2954311405793329,4.543048747440893,0.1642836878419883,4876.322993520351,5.0
30.00000000184266,0.16135270760753062,0.4627154718374982,6.016138359439803,0.08834876380110268,0.16576814447019483,0.45218756662123716,5.699089075060564,0.09564918300450787,0.15486774698233863,0.43162450447418266,5.484516092640165,0.09615186251970745,0.6008462795875755,0.8043902410536655,10.416619121559847,2.7231391439800414,0.09645493712965526,0.34436631094204373,0.03174734495592455,0.09190832331762458,15.860531177080269,34.75350745737471,0.14528975157612237,0.42748396025590935,9.7694724651747,9.891016590328848,0.0978744552431072,0.10884381072304199,0.3055663147338108,4.68217719283418,0.1683204527100402,4874.133246478894,5.25
30.00000000184826,0.16809468676559924,0.4775865770749748,6.1776687660904965,0.09043540296397815,0.17068531485593486,0.4619853501813239,5.794575140639407,0.09755879543865545,0.1601291276516795,0.43961007463399987,5.5369114209982175,0.09766519424585915,0.5993325049782413,0.805282504771482,9.958261950856064,2.728243660755902,0.09724437202367464,0.35187546717248963,0.0331788495510341,0.09558026591563845,16.256395444180725,35.510456369756284,0.15236161509981835,0.4449208823097239,10.038840411054524,10.109316362067934,0.10003732045887723,0.11289891168351635,0.31574644896395454,4.819345704108137,0.17221628283892856,4872.021213883358,5.5
30.000000001854307,0.17473270138243194,0.49210579183243647,6.333509868963353,0.0924340684736496,0.17542955085230713,0.47111144045212944,5.879336165309335,0.09934676345970951,0.16499769745296433,0.44651675912126243,5.574824916035381,0.09900225455377865,0.5968103585215968,0.8044505564696917,9.52007363661942,2.7255192950823184,0.09782118169078728,0.35919181844648607,0.03463358928285048,0.09930594241747247,16.644979609215085,36.247983594839916,0.15948434287255367,0.46244380383564154,10.304216469936739,10.32213383189826,0.10214579237980952,0.11699723710030038,0.32595953743345574,4.954425328318186,0.17596829392637695,4869.987160745616,5.75
30.00000000185626,0.181257862003132,0.5062510938452182,6.4834305578378295,0.0943429478162433,0.17997976869515134,0.47954047374566733,5.953333926535414,0.10101108684896268,0.16946263640549225,0.45235137428568944,5.59870728168042,0.100164896529999,0.5933474506488922,0.801991836409302,9.101166698960446,2.7154262862625758,0.09819362240142142,0.3663123376374397,0.03611144264370491,0.10308525315710487,17.02608188577366,36.9657845417838,0.16665488630193614,0.4800447526991231,10.565426630657702,10.52937870863932,0.10419897506899163,0.12113286783818368,0.3361929773076472,5.087280039655591,0.17957367734043178,4868.0313525956735,6.0
30.000000001859966,0.18766121518248202,0.5200004523171369,6.62719667063966,0.09616022149388717,0.1843169254742888,0.48725019075226733,6.016555774300353,0.10254995055040948,0.17351577141985175,0.4571244273919937,5.609037187771262,0.10115522099345058,0.5890077192000506,0.7980012513083772,8.700692709313955,2.698423019022102,0.09836984223824913,0.37323396267383796,0.037612301089133306,0.10691804802253393,17.399482690019713,37.66355113556645,0.17387013916566388,0.49771567085472407,10.822280847989672,10.730953142946966,0.10619589684346,0.1253000164112838,0.3464346121645066,5.217765969415521,0.18302955117078196,4866.154058914504,6.25
30.000000001862002,0.19393371789773106,0.5333310140809179,6.764569821481063,0.0978840717205602,0.18842383132070778,0.4942202150855879,6.0690035023634925,0.10396146812585981,0.17715135821223235,0.4608497240077905,5.606312443771956,0.1019752662933261,0.5838518921179735,0.7925722195125485,8.317840572083563,2.6749720810890856,0.09835805695768737,0.3799535624615159,0.03913606578350003,0.11080420742443141,17.76496135362845,38.34096815613686,0.18112691561418048,0.515447829142007,11.074589293404113,10.92675997897023,0.10813559440228049,0.12949298264544362,0.3566714529288598,5.345735045712664,0.18633311545163944,4864.355527186167,6.5
30.000000001863132,0.20006622507045838,0.5462197472702983,6.895309164014777,0.09951267700044848,0.19228499379745095,0.5004329577424278,6.110704136443674,0.10524388978040604,0.18036588536844933,0.46354439103990497,5.59105452864231,0.10262727702838835,0.5779378726208173,0.7857960841526161,7.951834881898124,2.6455325387234865,0.09816643089374436,0.3864678729527505,0.040682644911482796,0.11474357192680618,18.122285334580937,38.99770695619239,0.18842193351543257,0.5332321270164292,11.322149055679853,11.116696941323239,0.11001705337386487,0.13370611983401573,0.3668904906240309,5.471030813751633,0.18948153931827433,4862.636013788437,6.75
30.000000001864098,0.2060494800329866,0.5586432462685338,7.019172761737357,0.10104422976865429,0.19588648958611754,0.5058731686516336,6.141706099326905,0.10639553796047298,0.1831579010858882,0.46522854773345235,5.563802932400181,0.10311361193360458,0.571321061343519,0.7777624653276949,7.601934353152989,2.610560476032051,0.09780313084670994,0.3927735662163321,0.04225195059555803,0.11873596188347918,18.47120963506696,39.633432382302374,0.19575179486564684,0.5510590182586054,11.564751411750043,11.300659767708655,0.1118392402035806,0.1379337996629486,0.3770783741167607,5.593492164405546,0.19247203804083124,4860.995771012435,7.0
30.000000001864166,0.21187410995993047,0.570577800346404,7.135917742777088,0.10247692331616612,0.19921586635428395,0.510528068750481,6.162081738400077,0.10741482618093555,0.18552786916622557,0.4659252559149835,5.525115568263883,0.10343678766889185,0.5640546035420924,0.7685592661328701,7.267430318655345,2.570507310924711,0.09727632996221584,0.3988672449347623,0.043843896215880224,0.1227811737945431,18.811486832979263,40.24780221045461,0.20311296872133805,0.5689183707750286,11.80218087237958,11.47854260690227,0.11360110581396192,0.1421703820232128,0.38722131581180913,5.712950952878588,0.19530183880694335,4859.435039105492,7.25
30.0000000018635,0.21753062775415935,0.5819995016792182,7.245302420976492,0.10380896841078943,0.2022620701778577,0.5143873793452447,6.171928168950009,0.10830029393023603,0.1874780463275746,0.465660322537518,5.475566088702323,0.10359949902745715,0.5561895745429076,0.7582726018278889,6.947645294332892,2.5258177276993865,0.0965941864076606,0.4047454829447691,0.04545839401992141,0.12687897070160145,19.14286087735221,40.84047126316951,0.21050177535798636,0.5867995386918026,12.034214211923045,11.650236594613013,0.1153015715603431,0.14641018915035042,0.39730517624296535,5.8292336557910875,0.1979681889058884,4857.954050797773,7.5
30.000000001862183,0.22300943806066656,0.5928842875439166,7.3470869085556,0.10503859218528047,0.2050153755592263,0.517443329428039,6.171367877247948,0.10905061459188745,0.18901235375168868,0.4644621492429245,5.415742297141844,0.10360463297778714,0.5477751594096748,0.7469868130822827,6.641931607098927,2.4769285512173185,0.09576484261050029,0.4104047783541225,0.04709535240660857,0.1310290737526489,19.46506510565508,41.41108667956257,0.21791436920108415,0.6046912801844668,12.260620271701413,11.815629929729896,0.11693952991324447,0.15064747967579048,0.40731538261882,5.942160791446347,0.20046836210905294,4856.553040233138,7.75
30.000000001860236,0.22830084854800284,0.6032080176839836,7.441034370628776,0.10616404382352254,0.2074673243179212,0.5196906832423819,6.1605494334069455,0.10966460541138384,0.19013624717690467,0.4623615573903833,5.346244138486493,0.1034552752481805,0.5388588120081207,0.7347844358293032,6.349670083094774,2.4242673193344335,0.09479642788801904,0.41584154222648867,0.04875467285583611,0.135231157967731,19.777825315374706,41.95928677088812,0.22534672021127752,0.622581724210411,12.48116081729291,11.974608740647215,0.11851385307414153,0.15487642183883457,0.4172368837211058,6.051546833051603,0.20279966449699122,4855.23224084686,8.0
30.000000001857664,0.23339508088260527,0.612946542350383,7.526912067681955,0.10718359773885562,0.20961069925913145,0.5211267570637648,6.13964777310865,0.1101412419173212,0.1908566444894396,0.4593916753516627,5.267682371268532,0.10315471941582986,0.5294863256150226,0.7217461725671777,6.070268793652797,2.3682515626261007,0.093697050123969,0.4210521277623748,0.050436248026553464,0.1394848476380994,20.080859789772294,42.48470396835236,0.23279460234877503,0.6404583452107845,12.695590125639034,12.127056641965796,0.12002338857149103,0.15909107826146168,0.4270541397323181,6.157200525348752,0.20495942917608373,4853.991883617673,8.25
30.000000001854524,0.23828229026913472,0.6220757324274173,7.604491484379442,0.1080955476083529,0.2114394915847615,0.5217513466343909,6.108863418968645,0.1104796523559098,0.19118182290721153,0.4555877955889322,5.180677996674381,0.10270646309491824,0.5197019207896888,0.7079510212946115,5.8031618564401874,2.3092894015303314,0.09247480302352627,0.4260328324450165,0.052139958841291745,0.14378970616924208,20.373875780338178,42.98696504554722,0.24025357581936674,0.6583079077701481,12.90365364315685,12.272853268480524,0.12146694469708685,0.16328538425469755,0.4367510762271922,6.258924571530485,0.20694500495238458,4852.832204139362,8.5
30.000000001850747,0.24295258909602077,0.6305717858905086,7.67355364787079,0.10889824772797364,0.2129488782472448,0.5215671039431335,6.06842680717747,0.11067920090888486,0.19112132405341106,0.4509871410988509,5.085855688592213,0.10211425905487716,0.5095483096189394,0.6934755611771689,5.547808289355389,2.247772594118689,0.09113771017898932,0.430779851772849,0.053865671484980254,0.14814523325977877,20.656575620559988,43.46568644693105,0.247718970145082,0.6761164641006631,13.105091190685782,12.411877483010327,0.12284332235700063,0.16745312890641917,0.44631110196217727,6.356516785006521,0.20875381094932344,4851.7534373312465,8.75
30.000000001846374,0.24739607128861682,0.6384111712528099,7.7338874668467374,0.10959008926774311,0.21413521045580122,0.5205792054171039,6.018594014649779,0.11073944859841546,0.19068588060613748,0.44562874636924427,4.9838456871723755,0.10138207867843305,0.4990667320614741,0.6783945310967365,5.303690914855943,2.1840818240423596,0.08969374974659622,0.43528936096147813,0.055613235348144566,0.15255085511988928,20.928651474484116,43.92048253782637,0.2551858724548252,0.6938692949536355,13.299634261225407,12.544004574550542,0.12415128721047054,0.17158794268274444,0.45571706536403483,6.449769825700773,0.21038329823968113,4850.755819018952,9.0
30.000000001841453,0.2516028451503906,0.6455707772963949,7.785291835056226,0.11016951524024152,0.21499599746847176,0.5187954669448211,5.9596479777420335,0.11066017809652343,0.18988731800930878,0.43955328393283694,4.875281073750912,0.10051412468328115,0.4882970030273838,0.6627805868913469,5.0703153124986295,2.1185841287352027,0.0881508442763677,0.43955747862927774,0.057382479769250434,0.15700591703623715,21.18978660668711,44.350961939651626,0.2626491093752974,0.7115508764931974,13.48700665399667,12.66910677261463,0.12538957480405505,0.17568327941361922,0.46495123567209434,6.538471362545112,0.21183096507071517,4849.839588966579,9.25
30.000000001835936,0.2555630711815797,0.6520280416930726,7.827577206530089,0.11063503400692394,0.21552990318451018,0.5162264307538252,5.8918992503295895,0.11044140939892702,0.18873847515966302,0.4328029226668994,4.760795752023382,0.09951483595892716,0.4772775238271743,0.6467040936398651,4.847208817570463,2.051630926213616,0.08651685736045632,0.4435802149126643,0.05917321101171109,0.16150967615569684,21.43965638729728,44.75672229274052,0.27010323120982527,0.7291448509260547,13.666924945981696,12.787053618889741,0.12655689430555167,0.17973240383044106,0.4739952875624261,6.622404076232675,0.21309436986288932,4849.00499592612,9.5
30.000000001829854,0.2592669993301853,0.6577611726046265,7.860568920805787,0.11098523743411992,0.2157367441493878,0.5128853344192787,5.815684673214029,0.11008344803139557,0.18725313474331776,0.42542105882954223,4.64102039329407,0.0983888951792601,0.46604528741444695,0.6302330918333283,4.633919563782396,1.9835584021656065,0.08479954191157724,0.4473535262846893,0.06098520957783973,0.16606129333367586,21.67792787140969,45.13735579157097,0.2775424987965282,0.7466339980541531,13.839099033980863,12.897712701339758,0.12765193569931302,0.1837283825142088,0.48283032003300136,6.701347034434429,0.21417115430088285,4848.252291437114,9.75
30.0000000018232,0.2627050161367691,0.6627492496263185,7.884107972689098,0.11121880621237844,0.2156174858483784,0.5087880994224204,5.731367018237459,0.10958687814052295,0.18544593977936302,0.4174522213345975,4.516582456520868,0.09714121883582034,0.4546358845198505,0.6134332168246781,4.430015568086896,1.914686143317175,0.08300656473297935,0.4508733300734252,0.06281822699913484,0.1706598244795153,21.904260120523052,45.49245064750752,0.28496086842885815,0.7640002023235618,14.003232065560319,13.000948951565054,0.12867336285157735,0.18766407476129918,0.49143685103005547,6.77507591700763,0.21505904049243424,4847.58172950391,10.0
30.000000001815977,0.2658676865406128,0.6669723938754948,7.898053303024961,0.11133452812876429,0.21517424047222947,0.5039533385274692,5.63933445689611,0.10895259287439432,0.18333232639984415,0.4089418356021108,4.388102528642007,0.0957769642563077,0.443083504102262,0.5963676397073192,4.235083855765829,1.8453174202245308,0.08114547879778876,0.45413549441330686,0.0646719832326845,0.1753042141283887,22.1183050669507,45.8215900744151,0.29235198045469907,0.7812244342142893,14.159021175049423,13.096625213912441,0.12961981915688256,0.1915321273857138,0.4997948264332347,6.843363655704347,0.21575585476637668,4846.99356637097,10.25
30.000000001808193,0.2687458094356593,0.6704119513629216,7.9022839082769165,0.11133131287020225,0.21441026301110416,0.49840231882465524,5.539999364423173,0.10818181270915136,0.1809284379663556,0.3999360510777502,4.256192797738111,0.09430152138113664,0.43142093236631895,0.5790969767205897,4.048729624016651,1.775738305796812,0.07922371394458624,0.45713584875265934,0.06654616324673368,0.17999328613206628,22.31970793385765,46.12435334803084,0.29970914462832215,0.7982867219279028,14.30615790211857,13.184602460873965,0.1304899296702898,0.19532496863406643,0.5078836338638851,6.905981218116579,0.21625954130621228,4846.488059078325,10.5
30.00000000179984,0.27133048224638073,0.6730507006592936,7.8967011660340605,0.11120821091513391,0.21332994546984066,0.4921589034463048,5.433796735378742,0.10727610647013903,0.17825103582287755,0.3904815444405604,4.121455184474846,0.09272050160181912,0.41967954689622095,0.561679206123506,3.8705754423428793,1.706217099014073,0.07724856170429294,0.4598701884223086,0.06844041338575829,0.18472573369466097,22.50810777807459,46.400316265544866,0.3070253261495109,0.8151661276322885,14.444328822333036,13.264740275941927,0.13128230588988463,0.19903480577730728,0.5156821300108552,6.962698614769585,0.21656818153693722,4846.065464000094,10.75
30.000000001790916,0.27361315824338067,0.6748730284993206,7.881230797121823,0.11096443572236055,0.2119388089535301,0.48524952359368884,5.3211834461872005,0.10623741066852359,0.17531742528206282,0.3806252464702266,3.9844772973595557,0.09103974072676542,0.4078893113002809,0.5441696624306395,3.7002604881293895,1.6370053400424094,0.07522715662163984,0.4623342972674854,0.07035433830154496,0.1895001107799505,22.683138042221415,46.64905342761982,0.3142931354924447,0.8318407358301806,14.573216446143478,13.336897233385963,0.1319955495159732,0.20265362673274978,0.5231686810197058,7.0132861270321,0.21668001906667447,4845.726033231505,11.0
30.000000001781437,0.27558571809070215,0.6758652094569769,7.8558264859121625,0.11059939000405263,0.2102434922672799,0.47770309689226054,5.2026361754123815,0.10506806896585914,0.1721453670748522,0.37041415651406434,3.845831221358388,0.08926530418057141,0.39607876682304466,0.5266208621875869,3.537439815854295,1.5683350339011513,0.07316648574867052,0.4645239721022658,0.07228749737465637,0.1943148239834206,22.844428855221125,46.8701407029553,0.3215048178612662,0.8482876521672943,14.692500986286685,13.400932027186816,0.13262826364205124,0.20617320395622882,0.5303212044097857,7.057515542005262,0.21659349751246668,4845.470007985823,11.25
30.000000001771397,0.27724052800012605,0.6760154396820974,7.820468685828058,0.1101126697053908,0.20825173391591692,0.46955084916131956,5.078648394202547,0.10377079671638838,0.16875300811429506,0.35989526700357666,3.7060736658511835,0.08740341411200903,0.3842750321317656,0.5090826671486947,3.3817836584573175,1.5004226853148992,0.07107333866443281,0.46643502119872193,0.07423940169135464,0.19916812403840428,22.99160671264544,47.063155072928495,0.3286522453309283,0.8644829849665554,14.801859743784233,13.456702819541754,0.13317904631266808,0.2095851007991577,0.537117220075911,7.095161075739476,0.21630724860714437,4845.297619607076,11.5
30.00000000176079,0.2785705017015106,0.6753141225187876,7.775168852339448,0.10950409630590976,0.20597235868299585,0.4608263419059744,4.9497307749209325,0.102348735407345,0.1651588087376649,0.34911528679646525,3.5657420979444927,0.08546050001284146,0.37250379675618195,0.4916020728096684,3.2329767594497,1.433465560926922,0.06895433138831625,0.4680632857627313,0.07620951102903584,0.2040580976169705,23.124295930381127,47.22767679664127,0.33572690954948087,0.8804018491113109,14.900968898014535,13.504068437852572,0.1336465023786185,0.21288067855003825,0.5435339073048874,7.126000952802978,0.21582013868439465,4845.209084106475,11.75
30.000000001749623,0.27956921646700506,0.6737543035503623,7.719974859618997,0.10877377107887697,0.20341524288526003,0.45156531923044346,4.816408098380688,0.10080551472922283,0.16138141160332764,0.3381201808688188,3.4253489890468556,0.08344321484704029,0.36078931364301486,0.474223080481753,3.090717734412932,1.3676404787702774,0.0668158985739287,0.4694046823562347,0.07819722840355836,0.20898265314540848,23.24212143205539,47.363293686704885,0.3427199116347659,0.8960183871776162,14.989506787735241,13.54289059514331,0.13402926548656124,0.21605111534184032,0.5495482244973663,7.14982027050302,0.2151313462972696,4845.204591106923,12.0
30.0000000017379,0.2802309765528384,0.671331523529369,7.654965800395281,0.10792205542992404,0.20059127923433456,0.44180527681367276,4.679211763554471,0.0991451484647066,0.15743957313988843,0.3269553139608755,3.2853869838303247,0.08135827110745676,0.34915440568349687,0.4569871302324517,2.9547184605931385,1.3031128666381953,0.06466421756361497,0.470455238827427,0.08020189726794233,0.21393951855380988,23.34471089284932,47.46960472978458,0.3496219611110125,0.9113057840616664,15.067153679006724,13.57303345764987,0.13432599380820656,0.21908742271047865,0.5551369556366605,7.166411070190393,0.21424032413514357,4845.284297505026,12.25
30.00000000172562,0.2805508929457161,0.6680442562492653,7.5802593039569794,0.10694962695560696,0.19751234024373576,0.43158567420661437,4.538684919425227,0.0973721357211963,0.15335208205036835,0.3156650507534747,3.146322354669085,0.0792125781118401,0.3376204615729358,0.4399325624161681,2.8247034933548143,1.2400255545568397,0.06250528360860129,0.4712110912911276,0.08222279777814598,0.21892622736082398,23.431694701193095,47.54621977912564,0.35642337420192427,0.9262362811491801,15.133593565487658,13.594364488277352,0.13453537840648766,0.2219804695503874,0.5602768545443783,7.175575617972508,0.2131468719779932,4845.448326747537,12.5
30.00000000171279,0.28052493566019393,0.663893953139977,7.496010098718266,0.10585749179942935,0.19419121523599495,0.4209474553078263,4.395373934347443,0.0954914230218826,0.14913768214432932,0.30429263146396396,3.0085955221396277,0.077013135437352,0.3262074725478175,0.4230949933176257,2.7004095083120627,1.178506704091519,0.060344849476183654,0.471668531855839,0.08425914505401565,0.22394011787682874,23.50270930929099,47.59276436542625,0.36311408375644383,0.9407812475480624,15.18851663898861,13.606756282908421,0.13465616141630554,0.22472100858064126,0.564944742346197,7.1771276913350714,0.21185116088699021,4845.696756697147,12.75
30.00000000169939,0.280150024249383,0.6588853227130522,7.402413120774076,0.10464701959821014,0.19064156416548728,0.40993295473185315,4.249827470346354,0.0935084319660272,0.14481498265700005,0.2928799425058842,2.8726185184452935,0.07476704542864077,0.3149340282875736,0.40650716723768876,2.581584768007441,1.1186673321156024,0.05818843154760129,0.4718240425198237,0.08631008506201675,0.22897832128011694,23.557399193703688,47.60888310973986,0.36968363968319595,0.9549112017396699,15.231620786264774,13.610087312312727,0.1346871434141842,0.22729970612288142,0.5691176418112711,7.170895027987454,0.21035377408047168,4846.029612238056,13.0
30.000000001685446,0.27942415534176784,0.6530264749118782,7.299703415353718,0.10331997448870582,0.1868779010438631,0.39858564299321214,4.102592416665251,0.09142903138631688,0.14040236621939378,0.281467323314961,2.738774082024473,0.07248145590160644,0.3038172559020434,0.3901989596146627,2.4679886120582664,1.0606023777748677,0.05604128718249282,0.47167434467580704,0.0883746875742724,0.2340377507610704,23.595420360180988,47.59424471486152,0.37612119635746677,0.9685958647859458,15.26261501933163,13.60424391979311,0.13462720319166133,0.22970717399926063,0.5727729410056264,7.156722299622654,0.20865575675548328,4846.446852339124,13.25
30.000000001670973,0.27834642665298565,0.6463290312500191,7.1881569506660785,0.10187853047345864,0.18291545689716887,0.3869498194213376,3.9542105765136224,0.08925953870780325,0.13591790139538765,0.2700934007933984,2.607414744569249,0.07016355094055322,0.2928729300754807,0.37419749799473745,2.359390969737752,1.0043914507592642,0.0539084197941823,0.4712164348306005,0.09045194697632987,0.239115102030521,23.61644266224509,47.548545562415676,0.3824155504950171,0.9818042632748673,15.281220887290832,13.589121196638596,0.1344753064431132,0.2319340225094866,0.5758885534162577,7.134472877960295,0.20675863810520595,4846.948362669976,13.5
30.000000001655952,0.2769171152154817,0.6388082304069841,7.068090795617867,0.10032529450137531,0.17877011580365068,0.37507037669656645,3.805216015268648,0.08700670595709334,0.13137926466590932,0.25879492069060434,2.4788617647011044,0.06782053374803655,0.2821154740255252,0.35852716897671477,2.2555718940037903,0.9500987265923578,0.05179457892388785,0.4704476209110694,0.09254077858734668,0.24420684727987155,23.62015233351907,47.4715133710957,0.3885551518038975,0.9945048145288746,15.287175119771318,13.56462443011422,0.13423052010755887,0.23397090456696398,0.5784430949923408,7.104031432482954,0.20466447051528944,4847.533946284517,13.75
30.000000001640398,0.2751377489648758,0.6304829818216536,6.939861996356559,0.09866332471554244,0.17445834065483584,0.3629924669052272,3.6561298383775815,0.08467767134128845,0.12680366398829887,0.24760664271979466,2.3534054897381758,0.06545953368772094,0.27155796737289795,0.3432097395894651,2.1563211160316254,0.8977757966851978,0.04970422084426686,0.46936556744011226,0.09464001526905386,0.24930923058779883,23.606255139743407,47.362911750045846,0.3945281187945779,1.0066654098894028,15.280232035779747,13.530670639241691,0.1338920275790791,0.23580856564789227,0.5804160445703006,7.065306026472782,0.20237586457202988,4848.203313075738,14.0
30.000000001624333,0.27301117412160153,0.6213760352038821,6.8038693389233815,0.09689616713452757,0.16999708138066438,0.35076129160412517,3.5074597223743695,0.08227999948052483,0.12220775802018459,0.23656107458944178,2.231302424404187,0.06308769293108592,0.2612121661120969,0.3282642288611025,2.0614376193481956,0.8474578332659054,0.04764156259115804,0.46796834734800563,0.09674840439859247,0.25441826286349045,23.57448009828869,47.222545415561896,0.4003222622142692,1.01825356511703,15.260167376045935,13.487190628295432,0.13345914906053133,0.2374379033936795,0.5817880230864394,7.018232256221791,0.19989604226265337,4848.956065944186,14.25
30.000000001607756,0.2705416039902,0.6115138264800888,6.660548738313359,0.09502784122403599,0.1654036701484074,0.338421683756893,3.3596928781281283,0.07982155298128107,0.11760758206215044,0.22568850390080122,2.1127780847304014,0.06071197146714329,0.2510885372869813,0.3137072253158926,1.9707292327056312,0.799170297768493,0.04561049547487198,0.4662544953638435,0.09886460577775734,0.2595297237741149,23.524582978251793,47.05026557765855,0.40592511686202815,1.0292365217653192,15.226780168117639,13.434130354474641,0.132931355091963,0.2388500329656315,0.5825409181373781,6.962773859357045,0.19722884472525298,4849.791690505263,14.5
30.000000001590678,0.2677346570855291,0.6009265718649827,6.510374308721722,0.09306286876384759,0.16069571462380466,0.3260179103300483,3.2132964499420407,0.07731053498897786,0.11301848107717169,0.21501679100541005,1.9980249468310878,0.05833926257232754,0.24119629408541288,0.2995527508650824,1.8840122408693278,0.7529242332988422,0.04361466527253138,0.46422304492898675,0.10098718990619251,0.2646391595152525,23.4563489860643,46.84597365511077,0.4113239775534183,1.039581416272573,15.17989568438615,13.371452206004241,0.13230827922608268,0.2400363557926376,0.58265816387929,6.8989262925613435,0.19437877173619172,4850.709545808,14.75
30.000000001573117,0.26459738561210583,0.5896481072842734,6.353854258466071,0.09100626663813391,0.15589098850960675,0.3135932788537827,3.068711884766105,0.07475538634480237,0.10845504755780161,0.20457133123873064,1.8872036891102675,0.05597624921915007,0.23154343077629141,0.2858124919409135,1.8011110125323124,0.7087208662040274,0.04165740416724182,0.4618735763543202,0.10311463655360267,0.2697418865431861,23.3695965636158,46.6096261298732,0.4165059398581294,1.0492554444479631,15.119368752286649,13.29913721271711,0.13158973990939585,0.2409886327218278,0.5821249436244311,6.826718630950091,0.19135100587213394,4851.708852381932,15.0
30.00000000155508,0.2611382918100639,0.5777157936711953,6.191528870825585,0.08886354451620758,0.15100731936338185,0.3011899028219033,2.926353869616255,0.07216476118563989,0.10393106498645438,0.19437499037627087,1.7804435782908457,0.05362943126137604,0.2221367594548458,0.2724958141028715,1.721857644602304,0.6665503904479019,0.03974177000406353,0.45920626756267385,0.10524533378759397,0.27483299524086297,23.264180865435538,46.341239661139724,0.4214579462773358,1.058226036574041,15.045086095843928,13.21718624569676,0.13077575236462147,0.2416990611802253,0.5809284161260105,6.746215522533127,0.18815142165941331,4852.788681950061,15.25
30.000000001536584,0.25736733009625823,0.5651703393793981,6.023966887357039,0.08664069808587174,0.14606247271416894,0.2888483652369661,2.786606736249439,0.06954745433608704,0.09945945727574722,0.18444805664307448,1.6778432331762299,0.05130505374532902,0.21298195069893203,0.2596098999297754,1.646091622141035,0.6263938816311291,0.03787052140647233,0.4562219366306106,0.10737757757290671,0.27990735562164204,23.13999698656616,46.040895372534045,0.4261668383810587,1.0664610549772149,14.956969433992377,13.125621672759474,0.1298665449821617,0.24216035609907366,0.579057950570384,6.6575193179863925,0.18478660637948197,4853.947947660645,15.5
30.000000001517655,0.25329589488653825,0.5520555964640066,5.8517621821421875,0.08434418795487694,0.1410740447144864,0.2766075160693566,2.6498235784340882,0.06691235274405415,0.09505224838412507,0.17480823006274265,1.5794715220671836,0.04900910460728201,0.20408357317863507,0.24715981280019633,1.5736594932670764,0.5882232575405891,0.0360461362460842,0.45292207909418636,0.1095095719828399,0.28495962509700407,22.996982920392746,45.70874261227148,0.4306194103014809,1.073928981435174,14.854977615498905,13.024488593816486,0.12886257154460903,0.24236582691273467,0.5765053180372413,6.560771115626815,0.18126385354619148,4855.185396314954,15.75
30.000000001498286,0.24893678725497215,0.5384182056145275,5.675527731895965,0.08198091875328899,0.1360593218039257,0.2645040585621638,2.516321977257787,0.06426833067211568,0.09072051814183484,0.16547062506245722,1.4853693491900473,0.04674721796713828,0.19544514779429403,0.23514870255723105,1.504414558363761,0.552004086660086,0.034270778765699346,0.4493089186233573,0.11163943019359537,0.28998426194330407,22.835123693845603,45.34500405949145,0.43480248457319454,1.0805992039909027,14.739110451123391,12.913856833511035,0.12776453095613477,0.24230948003453592,0.5732649825442359,6.456153042433096,0.1775911765488458,4856.499596900807,16.0
30.000000001478544,0.24430417046111744,0.5243073905388882,5.495893229112227,0.07955818939731309,0.13103518802893502,0.2525725740148816,2.3863873659415087,0.06162422941050695,0.08647438097595458,0.15644782177273803,1.395550833852566,0.044524764627919704,0.1870691888033718,0.22357773253908164,1.438216572962723,0.5176921948770948,0.032546382029842065,0.4453854322778065,0.1137651760964858,0.29497553469518156,22.654453161421326,44.9499782734037,0.4387029709044898,1.0864421642921522,14.609409107538623,12.79382120830772,0.1265733698683123,0.24198608914471384,0.5693341981089008,6.343887238524256,0.17377725891451667,4857.888937759016,16.25
30.000000001458403,0.23941350163949518,0.5097745656959943,5.3134990139720495,0.07708367998089324,0.12601801053903933,0.24084507117080325,2.2602664873955653,0.058988748411348574,0.08232296760148017,0.14774986633001144,1.3100044102231407,0.04234667491024176,0.17895725369714624,0.2124464226524171,1.3749314637013057,0.48524027248304835,0.0308745379528964,0.44115537287828255,0.11588474695023437,0.29992753837251174,22.455056281657658,44.524041946311506,0.4423079443411848,1.091429627052673,14.465959008943782,12.66450269743538,0.12529029427345575,0.24139128323063966,0.564713241019137,6.224237593424487,0.169831474469008,4859.351621503819,16.5
30.000000001437908,0.2342814520745034,0.4948728931250712,5.12899036258966,0.07456537620829772,0.12102353807634933,0.22935098037919416,2.1381711536776584,0.05637038437756808,0.0782744126440841,0.1393844028113563,1.2286956442325871,0.04021752390010074,0.17110999273731042,0.20175260118418362,1.314431056778549,0.4545941495680768,0.029256593564513447,0.4366233028810631,0.1179959965603808,0.30483421488291496,22.237072590320242,44.06765331882166,0.4456047232387049,1.095534942043424,14.308892043871545,12.526050000107299,0.12391678489832542,0.2405216276051363,0.5594055574429753,6.097508939563274,0.1657638249077204,4860.885658005072,16.75
30.000000001417085,0.22892580699259735,0.4796569052319957,4.943012728219383,0.07201152407183017,0.11606680109519357,0.21811695297580513,2.0202765243104013,0.05377735686581327,0.07433585167432763,0.1313567272504048,1.151568489501122,0.03814146486031933,0.16352720344765564,0.19149260559398504,1.256592818359788,0.4256957409681393,0.02769361697547669,0.4317946148674935,0.12009669959683612,0.3096893716961211,22.000697425129676,43.581354248171294,0.448580954470957,1.098733268722173,14.13838715548129,12.378639168059015,0.12245459355611295,0.23937470356688964,0.5534178902942173,5.964046410366975,0.16158490608811682,4862.48886403109,17.0
30.000000001395946,0.22336535476125197,0.4641820509623728,4.756206148525671,0.06943057011567878,0.1111620271191706,0.20716676710548804,1.9067216075911348,0.051217538109768534,0.07051342763491733,0.12366992049447725,1.078547825808581,0.03612221371521851,0.15620788154860196,0.18166137906582536,1.2012996064041,0.3984831868220836,0.026186414546151567,0.42667553252605034,0.12218455654886233,0.31448670477309415,21.746183471205576,43.065770307194924,0.451224697428586,1.1010018238353114,13.954671864546308,12.222474570965726,0.12090575267920825,0.2379491780246758,0.5467603703635656,5.824234308350032,0.15730586037980954,4864.158862825522,17.25
30.000000001374524,0.21761975807209205,0.4485042245691191,4.5691998402555285,0.06683108583049574,0.10632256253923474,0.1965212836366845,1.7976105499222055,0.048698390108623174,0.06681230503842057,0.11632496173621855,1.0095412143018447,0.03416304571433243,0.14915027460310118,0.17225260339226267,1.1484394334119539,0.3728918179713242,0.024735536950335306,0.42127312487630786,0.12425719974724501,0.31921982471570465,21.473842241014847,42.521612221245555,0.4535245138725647,1.1023201253638166,13.758022854903462,12.057788863414409,0.11927257497113727,0.2362448690747889,0.5394465759049691,5.678494111275088,0.15293830984779153,4865.8930842160225,17.5
30.000000001352838,0.21170941139486127,0.4326792996512174,4.382606998776,0.06422169820785947,0.10156080369614374,0.18619840850273617,1.6930136779992773,0.046226900764843,0.0632366917586403,0.10932087281844331,0.9444412037265639,0.03226678263954915,0.14235193705594087,0.1632588199398786,1.097905239612562,0.34885482047562305,0.023341289250803202,0.4155953022270906,0.12631220038686108,0.32388228399123214,21.184044656441216,41.94967546309599,0.4554695609028977,1.1026702282499268,13.548766278838135,11.884842850046043,0.11755765204494673,0.23426280423153448,0.5314935595286492,5.527282278134623,0.14849429041367523,4867.688767855565,17.75
30.00000000133092,0.20565527766937455,0.4167626186704394,4.197019454748105,0.06161100826338941,0.0968881375386687,0.17621310404563298,1.5929691978857365,0.043809527747928005,0.0597898708608531,0.10265488692654608,0.8831277623571587,0.030435786424253194,0.13580978861026552,0.15467156190188697,1.049594676131547,0.326303951617815,0.02200374334555945,0.40965080707042706,0.12834707703307272,0.328467609606995,20.877221499091664,41.35083933805822,0.4570496905329048,1.1020369708601516,13.327277723703084,11.703925199409406,0.11576385155698621,0.23200527048265204,0.5229218261105243,5.37108712172151,0.14398616817641796,4869.542967857491,18.0
30.000000001308802,0.19947874235556765,0.40080862612117973,4.013004362887237,0.05900753427456024,0.0923149050408209,0.1665774198091288,1.4974845597615491,0.04145217772034561,0.056474234478933516,0.09632257867784122,0.8254699295756439,0.028671964172000915,0.12952016300976757,0.14648144651982872,1.0034098976997745,0.30516986149683495,0.020722751234059724,0.40344920159043973,0.13035930376074573,0.3329693308483605,20.553863243414433,40.72606572818888,0.4582555334668255,1.1004081587176424,13.093981710248684,11.51535187475529,0.11389431154626734,0.2294758443445966,0.5137552830410876,5.210426133355288,0.13942657406497264,4871.452558080405,18.25
30.000000001286498,0.19320147259622183,0.3848703875299204,3.831098640836446,0.056419611296770304,0.08785037452742048,0.15730060968800444,1.4065397279116083,0.039160116005423046,0.0532913191166664,0.09031801929605283,0.7713277439969424,0.026976776545761708,0.12347885382541357,0.1386783162414892,0.9592573644835102,0.28538336343626686,0.01949794371686003,0.397000852333821,0.13234631846720238,0.33738101101294965,20.21451995065461,40.07639755057281,0.45907857786064554,1.0977747499675563,12.84935124142749,11.319465577368506,0.11195243488943595,0.2266794123735003,0.504021139648863,5.045842230242856,0.13482831145268595,4873.414237926026,18.5
30.000000001264038,0.18684515458573064,0.36899896781649005,3.6518043824077786,0.05385529991362249,0.08350269806482179,0.14838921092166427,1.3200891373216128,0.03693798033019636,0.05024187098104401,0.08463406675081182,0.7205561497804768,0.025351237453574673,0.11768119454579343,0.1312513752035655,0.9170476526345483,0.2668752832679653,0.018328769802275914,0.390316902022257,0.13430553855734886,0.3416963019041236,19.859800802778,39.40295592394182,0.45951131810695744,1.0941311720762443,12.593906208512896,11.116634353184502,0.10994187544495819,0.22362220518572531,0.4937497239508415,4.87789751639996,0.13020421559155737,4875.424543960583,18.75
30.000000001241432,0.180431399594057,0.35324334946662095,3.4755883871227162,0.05132235750007163,0.07927892286563533,0.13984716181861254,1.2380636579837947,0.03478975973870307,0.04732587912985962,0.07926236486557768,0.6730041389593819,0.023795943454237724,0.11212208488106738,0.12418924483164653,0.8766952731765988,0.2495771874429458,0.01721449131189668,0.3834092398155519,0.1362343685035017,0.3459089595136456,19.490372065831014,38.7069371745402,0.45954730205617145,1.0894753486730757,12.328211976368609,10.907250625545831,0.1078665284643098,0.2203117792451653,0.4829743722083385,4.707171892934245,0.12556713564824082,4877.479857436097,19.0
30.000000001218726,0.17398156651130992,0.33764995990447894,3.3028784487428418,0.048828150541840996,0.07518504544945051,0.13167605411186376,1.1603743994241869,0.03271878157803738,0.044542669007668324,0.07419365524368314,0.6285184849698555,0.022311090381408837,0.10679606697198335,0.11748012343102987,0.8381184988611305,0.23342189517701525,0.016154203463328753,0.3762904483112107,0.13813021340252338,0.35001289136859093,19.106955240030235,37.98960749476792,0.4591811733771667,1.0838088046079295,12.05287735366786,10.691729756529034,0.10573051630292787,0.21675694027883607,0.4717310719076191,4.534256676237934,0.12092980113184304,4879.576417257524,19.25
30.000000001195943,0.16751660562937573,0.32226237251538903,3.1340613272681956,0.04637959057702944,0.07122601230359948,0.12387527128192997,1.0869150509877907,0.03072770925691964,0.04189094696079279,0.06941790594068413,0.5869449866519595,0.020896491308639718,0.10169736669253546,0.11111187354398261,0.801239198641986,0.21834384228229498,0.015146850845540365,0.3689738040143683,0.1399904913097649,0.35400219722714876,18.71032742349613,37.252303000376294,0.4584087626248051,1.077136824353784,11.768553499708217,10.470509150358373,0.10353817949693267,0.21296773165086955,0.4600582537175375,4.35975028445091,0.11630473578239013,4881.7103240719425,19.5
30.00000000117306,0.1610568975811887,0.30712132480679394,2.9694855671842415,0.043983123207298816,0.06740570657564952,0.11644219013258215,1.0175644807023465,0.02881861910076594,0.039368832362528375,0.06492439445944509,0.5481285242107246,0.019551642315234888,0.0968199265293843,0.10507207175924617,0.7659826794335242,0.2042787212993985,0.0141912567745916,0.36147321337564803,0.14181264680901828,0.35787118933038214,18.301315416701435,36.49642331536157,0.45722720316283955,1.0694683832921246,11.47592652694401,10.244043792280236,0.10129403252155343,0.2089554368167186,0.4479964896669594,4.184252816253101,0.11170418358164845,4883.877564767013,19.75
30.000000001150173,0.1546220688321518,0.2922635243148455,2.8094459330339348,0.04164452585554581,0.06372691709475962,0.10937198680462722,0.9521864337136805,0.02699276491751912,0.036973881881345705,0.06070188389895864,0.5119170767793955,0.01827560036819146,0.0921574347346359,0.09934813092450667,0.7322775348318008,0.19116540014650016,0.0132860807399167,0.35380323377514455,0.14359416683659218,0.3616144913645354,17.880805245340017,35.72343363037232,0.45563508107991474,1.0608170774058465,11.175731149342965,10.012813129042343,0.09900283191895,0.20473259738201935,0.4355885907344509,4.00836374105398,0.10713997429190684,4886.073993248157,20.0
30.00000000112724,0.1482308915430621,0.2777229527549329,2.6542060153535707,0.0393690983592083,0.06019156206664669,0.10265857241387552,0.8906379066658179,0.0252510031822628,0.034703262064341316,0.056738825981330315,0.4781596576912028,0.01706725380943615,0.08770342983506442,0.09392738592185766,0.7000555004923916,0.17894385566002086,0.012429928214936763,0.345978920414179,0.14533259725798583,0.3652270024329865,17.449721756989952,34.934849376610686,0.4536323231060392,1.0511997735756582,10.868722766969364,9.777306297775748,0.09666942991072625,0.2003127237732062,0.4228784548528351,3.8326718051347544,0.10262349351612243,4888.295391432614,20.25
30.000000001104304,0.14190118709015986,0.26352972435359795,2.5039818723271208,0.0371614773200908,0.0568006576643082,0.09629426787133752,0.8327669757561049,0.023593519393305513,0.032553746332075,0.05302345962309518,0.4467098627496304,0.015925163003272163,0.08345130501855882,0.08879717321034894,0.6692513158719539,0.1675571694032505,0.011621290171436075,0.33801584698387543,0.14702555403899262,0.36870398523323766,17.009038466353775,34.132238237458324,0.4512203046404591,1.0406375586325334,10.55569415915825,9.538030164420434,0.09429885402383271,0.1957103114348497,0.4099113048415236,3.657755628744353,0.09816559665820329,4890.53744571497,20.5
30.00000000108137,0.1356497334288078,0.24971048478094227,2.358950098756617,0.035025681283689665,0.0535544020378796,0.09027021343193702,0.7784168254729776,0.022019993286527536,0.03052178801241711,0.049543929154034674,0.41742553276001043,0.014847671513916931,0.07939435557541773,0.0839448908404603,0.639802592053499,0.15695085620278884,0.010858589765267048,0.3299300505860817,0.14867073825607963,0.3720410827874921,16.559771065251784,33.31721464832294,0.4484018616130331,1.0291553129878943,10.237464312464205,9.29550375319776,0.09189625182883285,0.1909407117957981,0.39673308639126836,3.4841769710935346,0.09377654411498407,4892.795771153017,20.75
30.00000000105846,0.12949218399138016,0.2362883520997382,2.2192482643821756,0.032965092452972244,0.05045223541959068,0.08457652399060749,0.7274273527046702,0.020529623057194784,0.028603573486084333,0.046288381983474104,0.390169481341328,0.013832926304950912,0.07552581412035679,0.07935805627870564,0.6116496853876869,0.1470730312064938,0.010140192052550338,0.3217379863703546,0.15026595063939413,0.37523435448713244,16.102974599742833,32.49143523485282,0.44518131848703674,1.016781696151503,9.914876218027926,9.050256567305462,0.08946687425681973,0.1860200274632311,0.3833901395748002,3.3124769819702613,0.08946594422251998,4895.06592362869,21.0
30.00000000103558,0.12344288478908061,0.22328271306005465,2.0849741558876853,0.030982430676359706,0.047492826376920844,0.07920234070349406,0.6796359767402184,0.019121135086259185,0.02679504621190737,0.04324502331136371,0.3648098943961747,0.012878888815078727,0.07183887726044434,0.07502435026211075,0.5847355766942152,0.1378745095200768,0.009464409960587103,0.3134565034845474,0.1518091169317347,0.3782803383795009,15.639741488879311,31.65659640985196,0.4415646611638313,1.0035493705711513,9.588793978226292,8.802826229293807,0.08701605218359101,0.18096507371166207,0.36992896347414733,3.143172649972295,0.08524268626941328,4897.343412599721,21.25
30.000000001012744,0.11751493079765579,0.21070954823660076,1.9561907320040868,0.029079775295589257,0.044674226258487784,0.0741361894347247,0.6348808295640643,0.017792881475416363,0.025091990611702225,0.04040225544085551,0.341220951230288,0.011983398391648381,0.06832674761547508,0.07093168585205525,0.5590057557786483,0.12930875400093947,0.00882953101845802,0.30510270488485697,0.15329829432615408,0.381176057178095,15.171194202990682,30.814420260277824,0.4375593934189833,0.9894945222939106,9.260097035062492,8.553756630031183,0.08454917796284597,0.17579316082125215,0.3563955918729834,2.9767507389821732,0.08111488779012598,4899.623727508025,21.5
30.000000000989967,0.11172015950195253,0.19858161460404003,1.832928884510895,0.02725862122876949,0.04199395998539597,0.06936609828044013,0.5930012162884307,0.01654287501228326,0.02349008715016565,0.03774872273278124,0.319282803729004,0.011144181327190084,0.06498266566696015,0.06706823761035756,0.5344081110307942,0.12133185658114011,0.008233819274266141,0.296693948827659,0.1547316839521992,0.38391903734448996,14.698481896874524,29.966654712504656,0.433174492759894,0.9746566566078109,8.929676278426705,8.303594502225259,0.0820716715405269,0.17052193757014808,0.34283538895860194,2.8136690014076637,0.07708993141646503,4901.902343797835,21.75
30.000000000967248,0.10606908930036273,0.18690846576293912,1.7151887958969907,0.025519867323394677,0.0394490561443528,0.06487974398223342,0.5538392041633426,0.015368834810587352,0.021984939369573523,0.03527337783965298,0.2988819452688755,0.010358883307466074,0.06179993087964584,0.06342248545093888,0.5108928238810279,0.113902547047895,0.007675529783639681,0.28824778794664857,0.1561076481933503,0.38650734993665387,14.222777679233461,29.11506742662545,0.4284204565048744,0.9590785218643357,8.598429979530055,8.052888192752201,0.07958896812342299,0.1651692969134168,0.3292926218655341,2.654350266575426,0.07317436925873112,4904.174739721385,22.0
30.0000000009446,0.10057091627826996,0.1756966278039402,1.6029425284693395,0.023863843270635114,0.03703611126006772,0.06066456433411181,0.5172403004987234,0.014268227546594642,0.020572111363636732,0.032965514175269356,0.27991111554838155,0.009625093989293827,0.05877192468078596,0.059983234474485066,0.4884122679007966,0.10698209621831847,0.007152919668289472,0.2797818751426701,0.1574247235678116,0.3889396234160858,13.745270910444498,28.26143633200896,0.42330927325449363,0.942805875679852,8.267258721811197,7.802183995586279,0.07710648183981103,0.15975324327639287,0.31581019335966937,2.499181044863584,0.0693739466938817,4906.436420565455,22.25
30.000000000922036,0.09523353660726834,0.16494982040454306,1.4961371722958636,0.02229035949063458,0.03475136530107329,0.05670790030114989,0.48305437314130356,0.013238321961244144,0.019247167374418873,0.03081480801525667,0.2622692572666757,0.008940370369214058,0.05589213337264436,0.056739642671530914,0.4669209123429577,0.10053422765695132,0.0066642559497507095,0.2713138853466981,0.15868163226207332,0.39121505747311347,13.267161671559675,27.40754176803517,0.41785436262601533,0.9258871794258233,7.937059685724096,7.552023853504052,0.07462958287452763,0.15429174158329376,0.3024292969690213,2.348509465792203,0.06569358069908153,4908.682938167411,22.5
30.000000000899536,0.0900635776924404,0.15466916788354526,1.394697630042613,0.02079875493924261,0.032590766619471516,0.05299710721002254,0.45113629504574515,0.012276235806612738,0.018005703630415967,0.028811347309550175,0.2458614113957791,0.008302256343107252,0.0531541667102094,0.053681240470662285,0.44637522992657896,0.09452501942378273,0.006207821984598563,0.2628614394597383,0.159877292082319,0.39333342966944274,12.789654244984169,26.55515885113215,0.4120705095203723,0.9083732745186837,7.608720387948334,7.30294220953314,0.07216356621574804,0.1488025791777883,0.2891891458145783,2.2026441071533505,0.06213734747767266,4910.909912420215,22.75
30.00000000087715,0.0850664329547395,0.1448533712462537,1.2985285657049819,0.019387887047311668,0.03055002665204934,0.049519650403811004,0.42134660507313865,0.011378957641345519,0.016843373674301634,0.02694565713111477,0.23059875397418023,0.007708310562130691,0.05055177296193498,0.0507979435544491,0.4267336086794388,0.08892288147660223,0.005781935203071058,0.25444201110607517,0.16101082489174218,0.39529509693010256,12.313949420977805,25.70604810004009,0.4059737965373434,0.8903171112087259,7.283115559051917,7.055462918587479,0.06971362100647388,0.14330324221385,0.27612670140688916,2.0618516358212395,0.05870855216838565,4913.113054283681,23.0
30.000000000854847,0.08024631370762367,0.13549901313391463,1.2075184771231608,0.018056293542677265,0.028624680233544957,0.04626317932403092,0.39355140558861323,0.010543425369132347,0.01575591416859396,0.025208694574712052,0.21639791897654248,0.007156103270447017,0.04807885412120405,0.048080063508623996,0.40795626765967496,0.08369826190880496,0.005384931295852983,0.24607281475765194,0.16208156447637084,0.39710098750043177,11.841236312606728,24.86194419914402,0.39958150970481476,0.8717732557903576,6.961094786463235,6.810096044101692,0.06728479869992898,0.13781077715851242,0.26327649422594207,1.9263589329545707,0.05540962295009927,4915.288195670392,23.25
30.00000000083266,0.07560630364757351,0.12660064222314518,1.121539768376463,0.01680206012593224,0.02681013364974027,0.04321561733565388,0.36762339226214225,0.009766500498547851,0.014739163497747081,0.023591887025262104,0.20318156444408444,0.006643261149553919,0.045729476608913334,0.04551831448394554,0.3900051763858911,0.07882383353387276,0.005015203056209767,0.2377707055894251,0.16308906111705201,0.398752593795395,11.37268357301438,24.02454591905249,0.3929120408759465,0.8527976726100404,6.643484601327626,6.567334590988278,0.06488198071367067,0.13234167858781956,0.2506703536439533,1.7963485122482865,0.052242297728707504,4917.431312235058,23.5
30.000000000810573,0.07114842316646877,0.11815111884252334,1.0404534420448768,0.015623052160028218,0.025101711354678542,0.04036519356204265,0.34344111308010056,0.00904505834494582,0.013789078202712787,0.022087098019511916,0.19087726714439043,0.0061674473277892996,0.04349788053887136,0.043103814970031226,0.37284397781253886,0.07427406692159176,0.004671170954863346,0.22955207600357203,0.16403308419706256,0.4002519479489572,10.909431214155815,23.195505726179412,0.3859847739971523,0.8334471719255937,6.331074166929174,6.327651456877665,0.06250984809420829,0.12691177680107452,0.23833734882192859,1.6719634127849554,0.049207501896567515,4919.538551978289,23.75
30.000000000788614,0.06687369601768914,0.11014173241611648,0.9641095359384079,0.014516837442544455,0.023494698112233092,0.03770050792714306,0.3208896431809865,0.008375978117652628,0.012901746619387143,0.020686648604053833,0.1794178629640375,0.005726393975914581,0.041378487367633915,0.04082808764231516,0.3564379146945748,0.07002533155482034,0.004351309599921627,0.22143272620619214,0.16491362297190784,0.40160159763144837,10.452580211929067,22.37641675381241,0.37881996098151116,0.8137790691655356,6.0246133515361375,6.091495975547387,0.0601728472961239,0.12153613706486265,0.2263036095864072,1.5533045753878107,0.04630546593292964,4921.606265198789,24.0
30.00000000076678,0.06278222057242194,0.1025624323467586,0.8923496784819972,0.013480781994054792,0.02198437627340482,0.03521056103798141,0.29986030809754216,0.007756181422117012,0.01207339925011709,0.019383300848093706,0.16874093903611215,0.005317900726625718,0.039365905539515945,0.038683057052733394,0.3407537591922571,0.06605570302729882,0.004054141062685908,0.21342775565584485,0.16573088473237274,0.4028045739576435,10.00318364719039,21.56880188268909,0.3714385874319496,0.7938507302560666,5.7248048249085945,5.859290983213984,0.05787516107673647,0.11622896967161979,0.21459226871099918,1.440433184647469,0.04353572185451859,4923.631031204148,24.25
30.000000000745086,0.058873234734766584,0.0954020010819014,0.8250086624329707,0.012512070139729275,0.020566041133191257,0.03288476060744617,0.28025048967464655,0.0071826436485775665,0.011300403929740977,0.018170234072029466,0.15878850426055713,0.004939846507327318,0.03745491657322737,0.03666102829004262,0.3257597455735032,0.062344842697522544,0.0037782432130454577,0.20555147762663414,0.1664852934987661,0.40386436029327305,9.562238173277526,20.774105151120168,0.3638623169919566,0.7737193140657385,5.432299134297817,5.6314299650146715,0.05562068020982555,0.11100359737561706,0.20322348221240646,1.3333718801309145,0.04089720060220369,4925.609681034401,24.5
30.000000000723535,0.05514522150292189,0.08864828345180893,0.7619166199910511,0.011607769607591299,0.019235105504081397,0.03071303826086654,0.26196417608138717,0.006652427702108002,0.010579326371353906,0.017041095927721687,0.1495071087359956,0.004590196292749612,0.035640555410258415,0.03475474699401325,0.31142550587751483,0.058873995901966215,0.0035222491793168932,0.19781718095924108,0.16717747230480684,0.40478481795022997,9.13066977874543,19.993667715103605,0.35611297341300935,0.7534406462102361,5.147686270821407,5.408272837530789,0.05341296177661429,0.10587218854739683,0.19221412172386443,1.2321059707302475,0.03838821671922394,4927.539344523398,24.75
30.000000000702162,0.05159594269642117,0.08228828016726379,0.7028995603775045,0.010764850920849334,0.017986999892539074,0.028685705678314546,0.2449106983954662,0.006162679288703813,0.009906841096628457,0.015989884592346564,0.14084697553486172,0.004266998340256744,0.03391797983415697,0.03295728130261945,0.29772200840936164,0.055625734399160735,0.0032848482058516534,0.1902372378792127,0.16780824997443491,0.40557018290008817,8.709334195696478,19.228738767063568,0.34821297561537046,0.7330699241148172,4.871495080055304,5.190146431567029,0.05125523391748579,0.10084604216354882,0.1815783183474757,1.136586903197796,0.03600656486420112,4929.417437239594,25.0
