[{"data_generator_T":0.0,"data_generator_V":-70.0},{"data_generator_T":0.029999999,"data_generator_V":-69.379135},{"data_generator_T":0.059999999,"data_generator_V":-68.690392},{"data_generator_T":0.090000004,"data_generator_V":-67.906525},{"data_generator_T":0.12,"data_generator_V":-66.982796},{"data_generator_T":0.15000001,"data_generator_V":-65.839783},{"data_generator_T":0.18000001,"data_generator_V":-64.321259},{"data_generator_T":0.20999999,"data_generator_V":-62.083626},{"data_generator_T":0.23999999,"data_generator_V":-58.397797},{"data_generator_T":0.27000001,"data_generator_V":-52.838589},{"data_generator_T":0.30000001,"data_generator_V":-47.627838},{"data_generator_T":0.33000001,"data_generator_V":-45.847706},{"data_generator_T":0.36000001,"data_generator_V":-46.43581},{"data_generator_T":0.38999999,"data_generator_V":-47.778423},{"data_generator_T":0.41999999,"data_generator_V":-49.482487},{"data_generator_T":0.44999999,"data_generator_V":-51.473488},{"data_generator_T":0.47999999,"data_generator_V":-53.722252},{"data_generator_T":0.50999999,"data_generator_V":-56.258522},{"data_generator_T":0.54000002,"data_generator_V":-59.284557},{"data_generator_T":0.56999999,"data_generator_V":-63.117958},{"data_generator_T":0.60000002,"data_generator_V":-67.37056},{"data_generator_T":0.63,"data_generator_V":-70.964569},{"data_generator_T":0.66000003,"data_generator_V":-73.550163},{"data_generator_T":0.69,"data_generator_V":-75.310204},{"data_generator_T":0.72000003,"data_generator_V":-76.489029},{"data_generator_T":0.75,"data_generator_V":-77.276047},{"data_generator_T":0.77999997,"data_generator_V":-77.801239},{"data_generator_T":0.81,"data_generator_V":-78.151543},{"data_generator_T":0.83999997,"data_generator_V":-78.384293},{"data_generator_T":0.87,"data_generator_V":-78.537422},{"data_generator_T":0.89999998,"data_generator_V":-78.636215},{"data_generator_T":0.93000001,"data_generator_V":-78.69754},{"data_generator_T":0.95999998,"data_generator_V":-78.732773},{"data_generator_T":0.99000001,"data_generator_V":-78.749611},{"data_generator_T":1.02,"data_generator_V":-78.753296},{"data_generator_T":1.05,"data_generator_V":-78.747414},{"data_generator_T":1.08,"data_generator_V":-78.734512},{"data_generator_T":1.11,"data_generator_V":-78.716385},{"data_generator_T":1.14,"data_generator_V":-78.694305},{"data_generator_T":1.17,"data_generator_V":-78.669174},{"data_generator_T":1.2,"data_generator_V":-78.641609},{"data_generator_T":1.23,"data_generator_V":-78.612022},{"data_generator_T":1.26,"data_generator_V":-78.580681},{"data_generator_T":1.29,"data_generator_V":-78.547806},{"data_generator_T":1.3200001,"data_generator_V":-78.51368},{"data_generator_T":1.35,"data_generator_V":-78.478394},{"data_generator_T":1.38,"data_generator_V":-78.442093},{"data_generator_T":1.41,"data_generator_V":-78.404808},{"data_generator_T":1.4400001,"data_generator_V":-78.366562},{"data_generator_T":1.47,"data_generator_V":-78.327385},{"data_generator_T":1.5,"data_generator_V":-78.287292},{"data_generator_T":1.53,"data_generator_V":-78.2463},{"data_generator_T":1.5599999,"data_generator_V":-78.204414},{"data_generator_T":1.59,"data_generator_V":-78.161659},{"data_generator_T":1.62,"data_generator_V":-78.118042},{"data_generator_T":1.65,"data_generator_V":-78.07357},{"data_generator_T":1.6799999,"data_generator_V":-78.028244},{"data_generator_T":1.71,"data_generator_V":-77.982063},{"data_generator_T":1.74,"data_generator_V":-77.935028},{"data_generator_T":1.77,"data_generator_V":-77.887138},{"data_generator_T":1.8,"data_generator_V":-77.838379},{"data_generator_T":1.83,"data_generator_V":-77.788734},{"data_generator_T":1.86,"data_generator_V":-77.73822},{"data_generator_T":1.89,"data_generator_V":-77.686821},{"data_generator_T":1.92,"data_generator_V":-77.634544},{"data_generator_T":1.95,"data_generator_V":-77.581413},{"data_generator_T":1.98,"data_generator_V":-77.527367},{"data_generator_T":2.01,"data_generator_V":-77.472443},{"data_generator_T":2.04,"data_generator_V":-77.416634},{"data_generator_T":2.0699999,"data_generator_V":-77.359947},{"data_generator_T":2.0999999,"data_generator_V":-77.302361},{"data_generator_T":2.1300001,"data_generator_V":-77.243889},{"data_generator_T":2.1600001,"data_generator_V":-77.184525},{"data_generator_T":2.1900001,"data_generator_V":-77.12426},{"data_generator_T":2.22,"data_generator_V":-77.063095},{"data_generator_T":2.25,"data_generator_V":-77.001022},{"data_generator_T":2.28,"data_generator_V":-76.938026},{"data_generator_T":2.3099999,"data_generator_V":-76.8741},{"data_generator_T":2.3399999,"data_generator_V":-76.809265},{"data_generator_T":2.3699999,"data_generator_V":-76.7435},{"data_generator_T":2.4000001,"data_generator_V":-76.676811},{"data_generator_T":2.4300001,"data_generator_V":-76.609184},{"data_generator_T":2.46,"data_generator_V":-76.540642},{"data_generator_T":2.49,"data_generator_V":-76.471176},{"data_generator_T":2.52,"data_generator_V":-76.400795},{"data_generator_T":2.55,"data_generator_V":-76.329498},{"data_generator_T":2.5799999,"data_generator_V":-76.257278},{"data_generator_T":2.6099999,"data_generator_V":-76.184151},{"data_generator_T":2.6400001,"data_generator_V":-76.110107},{"data_generator_T":2.6700001,"data_generator_V":-76.035149},{"data_generator_T":2.7,"data_generator_V":-75.959267},{"data_generator_T":2.73,"data_generator_V":-75.882462},{"data_generator_T":2.76,"data_generator_V":-75.804718},{"data_generator_T":2.79,"data_generator_V":-75.726044},{"data_generator_T":2.8199999,"data_generator_V":-75.646431},{"data_generator_T":2.8499999,"data_generator_V":-75.56588},{"data_generator_T":2.8800001,"data_generator_V":-75.484375},{"data_generator_T":2.9100001,"data_generator_V":-75.401924},{"data_generator_T":2.9400001,"data_generator_V":-75.318535},{"data_generator_T":2.97,"data_generator_V":-75.234192},{"data_generator_T":3.0,"data_generator_V":-75.148918},{"data_generator_T":3.03,"data_generator_V":-75.062698},{"data_generator_T":3.0599999,"data_generator_V":-74.975533},{"data_generator_T":3.0899999,"data_generator_V":-74.887436},{"data_generator_T":3.1199999,"data_generator_V":-74.798416},{"data_generator_T":3.1500001,"data_generator_V":-74.708435},{"data_generator_T":3.1800001,"data_generator_V":-74.617508},{"data_generator_T":3.21,"data_generator_V":-74.52562},{"data_generator_T":3.24,"data_generator_V":-74.43277},{"data_generator_T":3.27,"data_generator_V":-74.338936},{"data_generator_T":3.3,"data_generator_V":-74.244102},{"data_generator_T":3.3299999,"data_generator_V":-74.148254},{"data_generator_T":3.3599999,"data_generator_V":-74.051369},{"data_generator_T":3.3900001,"data_generator_V":-73.953476},{"data_generator_T":3.4200001,"data_generator_V":-73.854538},{"data_generator_T":3.45,"data_generator_V":-73.754539},{"data_generator_T":3.48,"data_generator_V":-73.653458},{"data_generator_T":3.51,"data_generator_V":-73.551277},{"data_generator_T":3.54,"data_generator_V":-73.447983},{"data_generator_T":3.5699999,"data_generator_V":-73.343559},{"data_generator_T":3.5999999,"data_generator_V":-73.237968},{"data_generator_T":3.6300001,"data_generator_V":-73.131187},{"data_generator_T":3.6600001,"data_generator_V":-73.023186},{"data_generator_T":3.6900001,"data_generator_V":-72.913933},{"data_generator_T":3.72,"data_generator_V":-72.803391},{"data_generator_T":3.75,"data_generator_V":-72.691521},{"data_generator_T":3.78,"data_generator_V":-72.578278},{"data_generator_T":3.8099999,"data_generator_V":-72.463608},{"data_generator_T":3.8399999,"data_generator_V":-72.347458},{"data_generator_T":3.8699999,"data_generator_V":-72.229759},{"data_generator_T":3.9000001,"data_generator_V":-72.110458},{"data_generator_T":3.9300001,"data_generator_V":-71.989471},{"data_generator_T":3.96,"data_generator_V":-71.86673},{"data_generator_T":3.99,"data_generator_V":-71.742104},{"data_generator_T":4.02,"data_generator_V":-71.615501},{"data_generator_T":4.0500002,"data_generator_V":-71.486824},{"data_generator_T":4.0799999,"data_generator_V":-71.355934},{"data_generator_T":4.1100001,"data_generator_V":-71.222702},{"data_generator_T":4.1399999,"data_generator_V":-71.086929},{"data_generator_T":4.1700001,"data_generator_V":-70.948448},{"data_generator_T":4.1999998,"data_generator_V":-70.807045},{"data_generator_T":4.23,"data_generator_V":-70.662468},{"data_generator_T":4.2600002,"data_generator_V":-70.514427},{"data_generator_T":4.29,"data_generator_V":-70.36261},{"data_generator_T":4.3200002,"data_generator_V":-70.206673},{"data_generator_T":4.3499999,"data_generator_V":-70.046104},{"data_generator_T":4.3800001,"data_generator_V":-69.88044},{"data_generator_T":4.4099998,"data_generator_V":-69.709129},{"data_generator_T":4.4400001,"data_generator_V":-69.531494},{"data_generator_T":4.4699998,"data_generator_V":-69.346596},{"data_generator_T":4.5,"data_generator_V":-69.153412},{"data_generator_T":4.5300002,"data_generator_V":-68.950645},{"data_generator_T":4.5599999,"data_generator_V":-68.736778},{"data_generator_T":4.5900002,"data_generator_V":-68.509827},{"data_generator_T":4.6199999,"data_generator_V":-68.267342},{"data_generator_T":4.6500001,"data_generator_V":-68.006065},{"data_generator_T":4.6799998,"data_generator_V":-67.721794},{"data_generator_T":4.71,"data_generator_V":-67.408943},{"data_generator_T":4.7399998,"data_generator_V":-67.059654},{"data_generator_T":4.77,"data_generator_V":-66.662682},{"data_generator_T":4.8000002,"data_generator_V":-66.2015},{"data_generator_T":4.8299999,"data_generator_V":-65.651009},{"data_generator_T":4.8600001,"data_generator_V":-64.970039},{"data_generator_T":4.8899999,"data_generator_V":-64.087517},{"data_generator_T":4.9200001,"data_generator_V":-62.871914},{"data_generator_T":4.9499998,"data_generator_V":-61.069752},{"data_generator_T":4.98,"data_generator_V":-58.260029},{"data_generator_T":5.0100002,"data_generator_V":-54.31295},{"data_generator_T":5.04,"data_generator_V":-50.381313},{"data_generator_T":5.0700002,"data_generator_V":-48.157902},{"data_generator_T":5.0999999,"data_generator_V":-47.988098},{"data_generator_T":5.1300001,"data_generator_V":-48.992531},{"data_generator_T":5.1599998,"data_generator_V":-50.585255},{"data_generator_T":5.1900001,"data_generator_V":-52.549007},{"data_generator_T":5.2199998,"data_generator_V":-54.813408},{"data_generator_T":5.25,"data_generator_V":-57.443253},{"data_generator_T":5.2800002,"data_generator_V":-60.710567},{"data_generator_T":5.3099999,"data_generator_V":-64.779297},{"data_generator_T":5.3400002,"data_generator_V":-68.8479},{"data_generator_T":5.3699999,"data_generator_V":-72.03511},{"data_generator_T":5.4000001,"data_generator_V":-74.269867},{"data_generator_T":5.4299998,"data_generator_V":-75.782639},{"data_generator_T":5.46,"data_generator_V":-76.796288},{"data_generator_T":5.4899998,"data_generator_V":-77.474648},{"data_generator_T":5.52,"data_generator_V":-77.928589},{"data_generator_T":5.5500002,"data_generator_V":-78.231743},{"data_generator_T":5.5799999,"data_generator_V":-78.433128},{"data_generator_T":5.6100001,"data_generator_V":-78.565292},{"data_generator_T":5.6399999,"data_generator_V":-78.649895},{"data_generator_T":5.6700001,"data_generator_V":-78.701508},{"data_generator_T":5.6999998,"data_generator_V":-78.729996},{"data_generator_T":5.73,"data_generator_V":-78.742096},{"data_generator_T":5.7600002,"data_generator_V":-78.742401},{"data_generator_T":5.79,"data_generator_V":-78.734085},{"data_generator_T":5.8200002,"data_generator_V":-78.719383},{"data_generator_T":5.8499999,"data_generator_V":-78.69989},{"data_generator_T":5.8800001,"data_generator_V":-78.67672},{"data_generator_T":5.9099998,"data_generator_V":-78.65065},{"data_generator_T":5.9400001,"data_generator_V":-78.622223},{"data_generator_T":5.9699998,"data_generator_V":-78.591873},{"data_generator_T":6.0,"data_generator_V":-78.559891},{"data_generator_T":6.0300002,"data_generator_V":-78.526497},{"data_generator_T":6.0599999,"data_generator_V":-78.491859},{"data_generator_T":6.0900002,"data_generator_V":-78.456085},{"data_generator_T":6.1199999,"data_generator_V":-78.419243},{"data_generator_T":6.1500001,"data_generator_V":-78.381386},{"data_generator_T":6.1799998,"data_generator_V":-78.342567},{"data_generator_T":6.21,"data_generator_V":-78.302811},{"data_generator_T":6.2399998,"data_generator_V":-78.262123},{"data_generator_T":6.27,"data_generator_V":-78.220566},{"data_generator_T":6.3000002,"data_generator_V":-78.178169},{"data_generator_T":6.3299999,"data_generator_V":-78.134918},{"data_generator_T":6.3600001,"data_generator_V":-78.090843},{"data_generator_T":6.3899999,"data_generator_V":-78.045914},{"data_generator_T":6.4200001,"data_generator_V":-78.000122},{"data_generator_T":6.4499998,"data_generator_V":-77.953468},{"data_generator_T":6.48,"data_generator_V":-77.905914},{"data_generator_T":6.5100002,"data_generator_V":-77.857483},{"data_generator_T":6.54,"data_generator_V":-77.808189},{"data_generator_T":6.5700002,"data_generator_V":-77.758018},{"data_generator_T":6.5999999,"data_generator_V":-77.707016},{"data_generator_T":6.6300001,"data_generator_V":-77.655151},{"data_generator_T":6.6599998,"data_generator_V":-77.602425},{"data_generator_T":6.6900001,"data_generator_V":-77.54882},{"data_generator_T":6.7199998,"data_generator_V":-77.494301},{"data_generator_T":6.75,"data_generator_V":-77.438873},{"data_generator_T":6.7800002,"data_generator_V":-77.382523},{"data_generator_T":6.8099999,"data_generator_V":-77.325256},{"data_generator_T":6.8400002,"data_generator_V":-77.26709},{"data_generator_T":6.8699999,"data_generator_V":-77.208054},{"data_generator_T":6.9000001,"data_generator_V":-77.14814},{"data_generator_T":6.9299998,"data_generator_V":-77.087357},{"data_generator_T":6.96,"data_generator_V":-77.025673},{"data_generator_T":6.9899998,"data_generator_V":-76.963066},{"data_generator_T":7.02,"data_generator_V":-76.899529},{"data_generator_T":7.0500002,"data_generator_V":-76.835014},{"data_generator_T":7.0799999,"data_generator_V":-76.769562},{"data_generator_T":7.1100001,"data_generator_V":-76.703186},{"data_generator_T":7.1399999,"data_generator_V":-76.635887},{"data_generator_T":7.1700001,"data_generator_V":-76.567726},{"data_generator_T":7.1999998,"data_generator_V":-76.498688},{"data_generator_T":7.23,"data_generator_V":-76.428764},{"data_generator_T":7.2600002,"data_generator_V":-76.357933},{"data_generator_T":7.29,"data_generator_V":-76.286148},{"data_generator_T":7.3200002,"data_generator_V":-76.213394},{"data_generator_T":7.3499999,"data_generator_V":-76.139687},{"data_generator_T":7.3800001,"data_generator_V":-76.065025},{"data_generator_T":7.4099998,"data_generator_V":-75.989441},{"data_generator_T":7.4400001,"data_generator_V":-75.912964},{"data_generator_T":7.4699998,"data_generator_V":-75.835587},{"data_generator_T":7.5,"data_generator_V":-75.757324},{"data_generator_T":7.5300002,"data_generator_V":-75.678139},{"data_generator_T":7.5599999,"data_generator_V":-75.598},{"data_generator_T":7.5900002,"data_generator_V":-75.516914},{"data_generator_T":7.6199999,"data_generator_V":-75.434853},{"data_generator_T":7.6500001,"data_generator_V":-75.351822},{"data_generator_T":7.6799998,"data_generator_V":-75.267845},{"data_generator_T":7.71,"data_generator_V":-75.182922},{"data_generator_T":7.7399998,"data_generator_V":-75.097092},{"data_generator_T":7.77,"data_generator_V":-75.010361},{"data_generator_T":7.8000002,"data_generator_V":-74.922707},{"data_generator_T":7.8299999,"data_generator_V":-74.834122},{"data_generator_T":7.8600001,"data_generator_V":-74.744568},{"data_generator_T":7.8899999,"data_generator_V":-74.653999},{"data_generator_T":7.9200001,"data_generator_V":-74.562416},{"data_generator_T":7.9499998,"data_generator_V":-74.469795},{"data_generator_T":7.98,"data_generator_V":-74.376183},{"data_generator_T":8.0100002,"data_generator_V":-74.281609},{"data_generator_T":8.04,"data_generator_V":-74.186073},{"data_generator_T":8.0699997,"data_generator_V":-74.089638},{"data_generator_T":8.1000004,"data_generator_V":-73.992226},{"data_generator_T":8.1300001,"data_generator_V":-73.893799},{"data_generator_T":8.1599998,"data_generator_V":-73.794312},{"data_generator_T":8.1899996,"data_generator_V":-73.693657},{"data_generator_T":8.2200003,"data_generator_V":-73.591858},{"data_generator_T":8.25,"data_generator_V":-73.488922},{"data_generator_T":8.2799997,"data_generator_V":-73.384865},{"data_generator_T":8.3100004,"data_generator_V":-73.279716},{"data_generator_T":8.3400002,"data_generator_V":-73.17347},{"data_generator_T":8.3699999,"data_generator_V":-73.066032},{"data_generator_T":8.3999996,"data_generator_V":-72.957352},{"data_generator_T":8.4300003,"data_generator_V":-72.847351},{"data_generator_T":8.46,"data_generator_V":-72.735939},{"data_generator_T":8.4899998,"data_generator_V":-72.623146},{"data_generator_T":8.5200005,"data_generator_V":-72.508965},{"data_generator_T":8.5500002,"data_generator_V":-72.393356},{"data_generator_T":8.5799999,"data_generator_V":-72.276352},{"data_generator_T":8.6099997,"data_generator_V":-72.157791},{"data_generator_T":8.6400003,"data_generator_V":-72.037575},{"data_generator_T":8.6700001,"data_generator_V":-71.915604},{"data_generator_T":8.6999998,"data_generator_V":-71.791695},{"data_generator_T":8.7299995,"data_generator_V":-71.665794},{"data_generator_T":8.7600002,"data_generator_V":-71.537857},{"data_generator_T":8.79,"data_generator_V":-71.407761},{"data_generator_T":8.8199997,"data_generator_V":-71.275414},{"data_generator_T":8.8500004,"data_generator_V":-71.140678},{"data_generator_T":8.8800001,"data_generator_V":-71.003319},{"data_generator_T":8.9099998,"data_generator_V":-70.863129},{"data_generator_T":8.9399996,"data_generator_V":-70.719879},{"data_generator_T":8.9700003,"data_generator_V":-70.573273},{"data_generator_T":9.0,"data_generator_V":-70.423004},{"data_generator_T":9.0299997,"data_generator_V":-70.268738},{"data_generator_T":9.0600004,"data_generator_V":-70.110046},{"data_generator_T":9.0900002,"data_generator_V":-69.946495},{"data_generator_T":9.1199999,"data_generator_V":-69.777496},{"data_generator_T":9.1499996,"data_generator_V":-69.602417},{"data_generator_T":9.1800003,"data_generator_V":-69.420425},{"data_generator_T":9.21,"data_generator_V":-69.230598},{"data_generator_T":9.2399998,"data_generator_V":-69.031723},{"data_generator_T":9.2700005,"data_generator_V":-68.822395},{"data_generator_T":9.3000002,"data_generator_V":-68.600792},{"data_generator_T":9.3299999,"data_generator_V":-68.364677},{"data_generator_T":9.3599997,"data_generator_V":-68.111244},{"data_generator_T":9.3900003,"data_generator_V":-67.836624},{"data_generator_T":9.4200001,"data_generator_V":-67.535759},{"data_generator_T":9.4499998,"data_generator_V":-67.201683},{"data_generator_T":9.4799995,"data_generator_V":-66.82486},{"data_generator_T":9.5100002,"data_generator_V":-66.391235},{"data_generator_T":9.54,"data_generator_V":-65.879463},{"data_generator_T":9.5699997,"data_generator_V":-65.255989},{"data_generator_T":9.6000004,"data_generator_V":-64.463669},{"data_generator_T":9.6300001,"data_generator_V":-63.400028},{"data_generator_T":9.6599998,"data_generator_V":-61.868851},{"data_generator_T":9.6899996,"data_generator_V":-59.507645},{"data_generator_T":9.7200003,"data_generator_V":-55.950401},{"data_generator_T":9.75,"data_generator_V":-51.799561},{"data_generator_T":9.7799997,"data_generator_V":-48.754917},{"data_generator_T":9.8100004,"data_generator_V":-47.863884},{"data_generator_T":9.8400002,"data_generator_V":-48.508755},{"data_generator_T":9.8699999,"data_generator_V":-49.909882},{"data_generator_T":9.8999996,"data_generator_V":-51.742538},{"data_generator_T":9.9300003,"data_generator_V":-53.890705},{"data_generator_T":9.96,"data_generator_V":-56.357468},{"data_generator_T":9.9899998,"data_generator_V":-59.331772},{"data_generator_T":10.02,"data_generator_V":-63.117508},{"data_generator_T":10.05,"data_generator_V":-67.331062},{"data_generator_T":10.08,"data_generator_V":-70.909042},{"data_generator_T":10.11,"data_generator_V":-73.494438},{"data_generator_T":10.14,"data_generator_V":-75.260208},{"data_generator_T":10.17,"data_generator_V":-76.446045},{"data_generator_T":10.2,"data_generator_V":-77.239677},{"data_generator_T":10.23,"data_generator_V":-77.770805},{"data_generator_T":10.26,"data_generator_V":-78.126038},{"data_generator_T":10.29,"data_generator_V":-78.362808},{"data_generator_T":10.32,"data_generator_V":-78.519188},{"data_generator_T":10.35,"data_generator_V":-78.620522},{"data_generator_T":10.38,"data_generator_V":-78.6838},{"data_generator_T":10.41,"data_generator_V":-78.720589},{"data_generator_T":10.44,"data_generator_V":-78.738716},{"data_generator_T":10.47,"data_generator_V":-78.743416},{"data_generator_T":10.5,"data_generator_V":-78.738274},{"data_generator_T":10.53,"data_generator_V":-78.725876},{"data_generator_T":10.56,"data_generator_V":-78.708115},{"data_generator_T":10.59,"data_generator_V":-78.686279},{"data_generator_T":10.62,"data_generator_V":-78.661278},{"data_generator_T":10.65,"data_generator_V":-78.633743},{"data_generator_T":10.68,"data_generator_V":-78.604134},{"data_generator_T":10.71,"data_generator_V":-78.572754},{"data_generator_T":10.74,"data_generator_V":-78.539848},{"data_generator_T":10.77,"data_generator_V":-78.505646},{"data_generator_T":10.8,"data_generator_V":-78.470215},{"data_generator_T":10.83,"data_generator_V":-78.433701},{"data_generator_T":10.86,"data_generator_V":-78.396202},{"data_generator_T":10.89,"data_generator_V":-78.357773},{"data_generator_T":10.92,"data_generator_V":-78.318451},{"data_generator_T":10.95,"data_generator_V":-78.278221},{"data_generator_T":10.98,"data_generator_V":-78.237083},{"data_generator_T":11.01,"data_generator_V":-78.195038},{"data_generator_T":11.04,"data_generator_V":-78.152107},{"data_generator_T":11.07,"data_generator_V":-78.108315},{"data_generator_T":11.1,"data_generator_V":-78.063698},{"data_generator_T":11.13,"data_generator_V":-78.018242},{"data_generator_T":11.16,"data_generator_V":-77.971939},{"data_generator_T":11.19,"data_generator_V":-77.924759},{"data_generator_T":11.22,"data_generator_V":-77.87674},{"data_generator_T":11.25,"data_generator_V":-77.827835},{"data_generator_T":11.28,"data_generator_V":-77.778061},{"data_generator_T":11.31,"data_generator_V":-77.727425},{"data_generator_T":11.34,"data_generator_V":-77.675873},{"data_generator_T":11.37,"data_generator_V":-77.623436},{"data_generator_T":11.4,"data_generator_V":-77.570061},{"data_generator_T":11.43,"data_generator_V":-77.515747},{"data_generator_T":11.46,"data_generator_V":-77.460533},{"data_generator_T":11.49,"data_generator_V":-77.404419},{"data_generator_T":11.52,"data_generator_V":-77.347427},{"data_generator_T":11.55,"data_generator_V":-77.289604},{"data_generator_T":11.58,"data_generator_V":-77.230965},{"data_generator_T":11.61,"data_generator_V":-77.171478},{"data_generator_T":11.64,"data_generator_V":-77.11116},{"data_generator_T":11.67,"data_generator_V":-77.049957},{"data_generator_T":11.7,"data_generator_V":-76.987808},{"data_generator_T":11.73,"data_generator_V":-76.92466},{"data_generator_T":11.76,"data_generator_V":-76.860535},{"data_generator_T":11.79,"data_generator_V":-76.795372},{"data_generator_T":11.82,"data_generator_V":-76.72921},{"data_generator_T":11.85,"data_generator_V":-76.662117},{"data_generator_T":11.88,"data_generator_V":-76.594162},{"data_generator_T":11.91,"data_generator_V":-76.525307},{"data_generator_T":11.94,"data_generator_V":-76.455643},{"data_generator_T":11.97,"data_generator_V":-76.38517},{"data_generator_T":12.0,"data_generator_V":-76.313843},{"data_generator_T":12.03,"data_generator_V":-76.241646},{"data_generator_T":12.06,"data_generator_V":-76.168526},{"data_generator_T":12.09,"data_generator_V":-76.094376},{"data_generator_T":12.12,"data_generator_V":-76.019157},{"data_generator_T":12.15,"data_generator_V":-75.942978},{"data_generator_T":12.18,"data_generator_V":-75.865852},{"data_generator_T":12.21,"data_generator_V":-75.787842},{"data_generator_T":12.24,"data_generator_V":-75.708977},{"data_generator_T":12.27,"data_generator_V":-75.62925},{"data_generator_T":12.3,"data_generator_V":-75.548622},{"data_generator_T":12.33,"data_generator_V":-75.466988},{"data_generator_T":12.36,"data_generator_V":-75.384346},{"data_generator_T":12.39,"data_generator_V":-75.300644},{"data_generator_T":12.42,"data_generator_V":-75.215965},{"data_generator_T":12.45,"data_generator_V":-75.130402},{"data_generator_T":12.48,"data_generator_V":-75.044006},{"data_generator_T":12.51,"data_generator_V":-74.956825},{"data_generator_T":12.54,"data_generator_V":-74.868767},{"data_generator_T":12.57,"data_generator_V":-74.779747},{"data_generator_T":12.6,"data_generator_V":-74.689621},{"data_generator_T":12.63,"data_generator_V":-74.598404},{"data_generator_T":12.66,"data_generator_V":-74.506172},{"data_generator_T":12.69,"data_generator_V":-74.412964},{"data_generator_T":12.72,"data_generator_V":-74.318924},{"data_generator_T":12.75,"data_generator_V":-74.223923},{"data_generator_T":12.78,"data_generator_V":-74.12793},{"data_generator_T":12.81,"data_generator_V":-74.030853},{"data_generator_T":12.84,"data_generator_V":-73.932602},{"data_generator_T":12.87,"data_generator_V":-73.83329},{"data_generator_T":12.9,"data_generator_V":-73.732941},{"data_generator_T":12.93,"data_generator_V":-73.631622},{"data_generator_T":12.96,"data_generator_V":-73.52932},{"data_generator_T":12.99,"data_generator_V":-73.425896},{"data_generator_T":13.02,"data_generator_V":-73.321304},{"data_generator_T":13.05,"data_generator_V":-73.215378},{"data_generator_T":13.08,"data_generator_V":-73.108192},{"data_generator_T":13.11,"data_generator_V":-72.999809},{"data_generator_T":13.14,"data_generator_V":-72.890167},{"data_generator_T":13.17,"data_generator_V":-72.779335},{"data_generator_T":13.2,"data_generator_V":-72.667175},{"data_generator_T":13.23,"data_generator_V":-72.55365},{"data_generator_T":13.26,"data_generator_V":-72.438698},{"data_generator_T":13.29,"data_generator_V":-72.322243},{"data_generator_T":13.32,"data_generator_V":-72.204231},{"data_generator_T":13.35,"data_generator_V":-72.084579},{"data_generator_T":13.38,"data_generator_V":-71.963234},{"data_generator_T":13.41,"data_generator_V":-71.84008},{"data_generator_T":13.44,"data_generator_V":-71.715042},{"data_generator_T":13.47,"data_generator_V":-71.58802},{"data_generator_T":13.5,"data_generator_V":-71.458878},{"data_generator_T":13.53,"data_generator_V":-71.327499},{"data_generator_T":13.56,"data_generator_V":-71.193726},{"data_generator_T":13.59,"data_generator_V":-71.057381},{"data_generator_T":13.62,"data_generator_V":-70.918282},{"data_generator_T":13.65,"data_generator_V":-70.776207},{"data_generator_T":13.68,"data_generator_V":-70.63089},{"data_generator_T":13.71,"data_generator_V":-70.482079},{"data_generator_T":13.74,"data_generator_V":-70.329391},{"data_generator_T":13.77,"data_generator_V":-70.17247},{"data_generator_T":13.8,"data_generator_V":-70.01091},{"data_generator_T":13.83,"data_generator_V":-69.844124},{"data_generator_T":13.86,"data_generator_V":-69.671524},{"data_generator_T":13.89,"data_generator_V":-69.49234},{"data_generator_T":13.92,"data_generator_V":-69.305695},{"data_generator_T":13.95,"data_generator_V":-69.110481},{"data_generator_T":13.98,"data_generator_V":-68.905396},{"data_generator_T":14.01,"data_generator_V":-68.688828},{"data_generator_T":14.04,"data_generator_V":-68.458763},{"data_generator_T":14.07,"data_generator_V":-68.212517},{"data_generator_T":14.1,"data_generator_V":-67.946678},{"data_generator_T":14.13,"data_generator_V":-67.656731},{"data_generator_T":14.16,"data_generator_V":-67.336678},{"data_generator_T":14.19,"data_generator_V":-66.978081},{"data_generator_T":14.22,"data_generator_V":-66.568787},{"data_generator_T":14.25,"data_generator_V":-66.090813},{"data_generator_T":14.28,"data_generator_V":-65.516266},{"data_generator_T":14.31,"data_generator_V":-64.798973},{"data_generator_T":14.34,"data_generator_V":-63.858402},{"data_generator_T":14.37,"data_generator_V":-62.542759},{"data_generator_T":14.4,"data_generator_V":-60.561363},{"data_generator_T":14.43,"data_generator_V":-57.483044},{"data_generator_T":14.46,"data_generator_V":-53.395302},{"data_generator_T":14.49,"data_generator_V":-49.708862},{"data_generator_T":14.52,"data_generator_V":-47.972366},{"data_generator_T":14.55,"data_generator_V":-48.135334},{"data_generator_T":14.58,"data_generator_V":-49.299324},{"data_generator_T":14.61,"data_generator_V":-50.983959},{"data_generator_T":14.64,"data_generator_V":-53.015301},{"data_generator_T":14.67,"data_generator_V":-55.346954},{"data_generator_T":14.7,"data_generator_V":-58.085251},{"data_generator_T":14.73,"data_generator_V":-61.534824},{"data_generator_T":14.76,"data_generator_V":-65.705093},{"data_generator_T":14.79,"data_generator_V":-69.626686},{"data_generator_T":14.82,"data_generator_V":-72.593826},{"data_generator_T":14.85,"data_generator_V":-74.650581},{"data_generator_T":14.88,"data_generator_V":-76.038055},{"data_generator_T":14.91,"data_generator_V":-76.967361},{"data_generator_T":14.94,"data_generator_V":-77.589355},{"data_generator_T":14.97,"data_generator_V":-78.005203},{"data_generator_T":15.0,"data_generator_V":-78.282738},{"data_generator_T":15.03,"data_generator_V":-78.466782},{"data_generator_T":15.06,"data_generator_V":-78.587074},{"data_generator_T":15.09,"data_generator_V":-78.663521},{"data_generator_T":15.12,"data_generator_V":-78.709419},{"data_generator_T":15.15,"data_generator_V":-78.733841},{"data_generator_T":15.18,"data_generator_V":-78.743027},{"data_generator_T":15.21,"data_generator_V":-78.741226},{"data_generator_T":15.24,"data_generator_V":-78.731354},{"data_generator_T":15.27,"data_generator_V":-78.7155},{"data_generator_T":15.3,"data_generator_V":-78.695114},{"data_generator_T":15.33,"data_generator_V":-78.671272},{"data_generator_T":15.36,"data_generator_V":-78.644676},{"data_generator_T":15.39,"data_generator_V":-78.615829},{"data_generator_T":15.42,"data_generator_V":-78.585106},{"data_generator_T":15.45,"data_generator_V":-78.55278},{"data_generator_T":15.48,"data_generator_V":-78.519051},{"data_generator_T":15.51,"data_generator_V":-78.484093},{"data_generator_T":15.54,"data_generator_V":-78.448029},{"data_generator_T":15.57,"data_generator_V":-78.410957},{"data_generator_T":15.6,"data_generator_V":-78.372978},{"data_generator_T":15.63,"data_generator_V":-78.334099},{"data_generator_T":15.66,"data_generator_V":-78.294289},{"data_generator_T":15.69,"data_generator_V":-78.253548},{"data_generator_T":15.72,"data_generator_V":-78.211823},{"data_generator_T":15.75,"data_generator_V":-78.169174},{"data_generator_T":15.78,"data_generator_V":-78.125641},{"data_generator_T":15.81,"data_generator_V":-78.081276},{"data_generator_T":15.84,"data_generator_V":-78.036148},{"data_generator_T":15.87,"data_generator_V":-77.990227},{"data_generator_T":15.9,"data_generator_V":-77.943481},{"data_generator_T":15.93,"data_generator_V":-77.895821},{"data_generator_T":15.96,"data_generator_V":-77.847214},{"data_generator_T":15.99,"data_generator_V":-77.797646},{"data_generator_T":16.02,"data_generator_V":-77.747154},{"data_generator_T":16.049999,"data_generator_V":-77.695839},{"data_generator_T":16.08,"data_generator_V":-77.643723},{"data_generator_T":16.110001,"data_generator_V":-77.590874},{"data_generator_T":16.139999,"data_generator_V":-77.537216},{"data_generator_T":16.17,"data_generator_V":-77.482635},{"data_generator_T":16.200001,"data_generator_V":-77.427086},{"data_generator_T":16.23,"data_generator_V":-77.370453},{"data_generator_T":16.26,"data_generator_V":-77.31282},{"data_generator_T":16.290001,"data_generator_V":-77.254272},{"data_generator_T":16.32,"data_generator_V":-77.194931},{"data_generator_T":16.35,"data_generator_V":-77.134895},{"data_generator_T":16.379999,"data_generator_V":-77.074112},{"data_generator_T":16.41,"data_generator_V":-77.012505},{"data_generator_T":16.440001,"data_generator_V":-76.949837},{"data_generator_T":16.469999,"data_generator_V":-76.886086},{"data_generator_T":16.5,"data_generator_V":-76.821114},{"data_generator_T":16.530001,"data_generator_V":-76.755096},{"data_generator_T":16.559999,"data_generator_V":-76.688278},{"data_generator_T":16.59,"data_generator_V":-76.620758},{"data_generator_T":16.620001,"data_generator_V":-76.552528},{"data_generator_T":16.65,"data_generator_V":-76.483391},{"data_generator_T":16.68,"data_generator_V":-76.413246},{"data_generator_T":16.709999,"data_generator_V":-76.342087},{"data_generator_T":16.74,"data_generator_V":-76.269981},{"data_generator_T":16.77,"data_generator_V":-76.19706},{"data_generator_T":16.799999,"data_generator_V":-76.123314},{"data_generator_T":16.83,"data_generator_V":-76.048637},{"data_generator_T":16.860001,"data_generator_V":-75.972977},{"data_generator_T":16.889999,"data_generator_V":-75.896324},{"data_generator_T":16.92,"data_generator_V":-75.81871},{"data_generator_T":16.950001,"data_generator_V":-75.740158},{"data_generator_T":16.98,"data_generator_V":-75.660683},{"data_generator_T":17.01,"data_generator_V":-75.580292},{"data_generator_T":17.040001,"data_generator_V":-75.498985},{"data_generator_T":17.07,"data_generator_V":-75.41674},{"data_generator_T":17.1,"data_generator_V":-75.333549},{"data_generator_T":17.129999,"data_generator_V":-75.249413},{"data_generator_T":17.16,"data_generator_V":-75.164337},{"data_generator_T":17.190001,"data_generator_V":-75.0783},{"data_generator_T":17.219999,"data_generator_V":-74.991325},{"data_generator_T":17.25,"data_generator_V":-74.903404},{"data_generator_T":17.280001,"data_generator_V":-74.814522},{"data_generator_T":17.309999,"data_generator_V":-74.724701},{"data_generator_T":17.34,"data_generator_V":-74.633911},{"data_generator_T":17.370001,"data_generator_V":-74.54216},{"data_generator_T":17.4,"data_generator_V":-74.44944},{"data_generator_T":17.43,"data_generator_V":-74.355736},{"data_generator_T":17.459999,"data_generator_V":-74.26104},{"data_generator_T":17.49,"data_generator_V":-74.165337},{"data_generator_T":17.52,"data_generator_V":-74.068619},{"data_generator_T":17.549999,"data_generator_V":-73.970879},{"data_generator_T":17.58,"data_generator_V":-73.872101},{"data_generator_T":17.610001,"data_generator_V":-73.772263},{"data_generator_T":17.639999,"data_generator_V":-73.671356},{"data_generator_T":17.67,"data_generator_V":-73.569366},{"data_generator_T":17.700001,"data_generator_V":-73.46627},{"data_generator_T":17.73,"data_generator_V":-73.362045},{"data_generator_T":17.76,"data_generator_V":-73.256668},{"data_generator_T":17.790001,"data_generator_V":-73.150108},{"data_generator_T":17.82,"data_generator_V":-73.042336},{"data_generator_T":17.85,"data_generator_V":-72.933311},{"data_generator_T":17.879999,"data_generator_V":-72.823013},{"data_generator_T":17.91,"data_generator_V":-72.711388},{"data_generator_T":17.940001,"data_generator_V":-72.598404},{"data_generator_T":17.969999,"data_generator_V":-72.483994},{"data_generator_T":18.0,"data_generator_V":-72.368118},{"data_generator_T":18.030001,"data_generator_V":-72.25071},{"data_generator_T":18.059999,"data_generator_V":-72.131699},{"data_generator_T":18.09,"data_generator_V":-72.011024},{"data_generator_T":18.120001,"data_generator_V":-71.888588},{"data_generator_T":18.15,"data_generator_V":-71.76432},{"data_generator_T":18.18,"data_generator_V":-71.638084},{"data_generator_T":18.209999,"data_generator_V":-71.509796},{"data_generator_T":18.24,"data_generator_V":-71.379318},{"data_generator_T":18.27,"data_generator_V":-71.246521},{"data_generator_T":18.299999,"data_generator_V":-71.111206},{"data_generator_T":18.33,"data_generator_V":-70.973206},{"data_generator_T":18.360001,"data_generator_V":-70.832321},{"data_generator_T":18.389999,"data_generator_V":-70.688332},{"data_generator_T":18.42,"data_generator_V":-70.540939},{"data_generator_T":18.450001,"data_generator_V":-70.389832},{"data_generator_T":18.48,"data_generator_V":-70.234665},{"data_generator_T":18.51,"data_generator_V":-70.074989},{"data_generator_T":18.540001,"data_generator_V":-69.910309},{"data_generator_T":18.57,"data_generator_V":-69.740082},{"data_generator_T":18.6,"data_generator_V":-69.56353},{"data_generator_T":18.629999,"data_generator_V":-69.37986},{"data_generator_T":18.66,"data_generator_V":-69.188156},{"data_generator_T":18.690001,"data_generator_V":-68.987152},{"data_generator_T":18.719999,"data_generator_V":-68.775368},{"data_generator_T":18.75,"data_generator_V":-68.550873},{"data_generator_T":18.780001,"data_generator_V":-68.311325},{"data_generator_T":18.809999,"data_generator_V":-68.053528},{"data_generator_T":18.84,"data_generator_V":-67.773643},{"data_generator_T":18.870001,"data_generator_V":-67.466263},{"data_generator_T":18.9,"data_generator_V":-67.12397},{"data_generator_T":18.93,"data_generator_V":-66.736244},{"data_generator_T":18.959999,"data_generator_V":-66.288002},{"data_generator_T":18.99,"data_generator_V":-65.755684},{"data_generator_T":19.02,"data_generator_V":-65.10154},{"data_generator_T":19.049999,"data_generator_V":-64.26165},{"data_generator_T":19.08,"data_generator_V":-63.118275},{"data_generator_T":19.110001,"data_generator_V":-61.44529},{"data_generator_T":19.139999,"data_generator_V":-58.844109},{"data_generator_T":19.17,"data_generator_V":-55.054138},{"data_generator_T":19.200001,"data_generator_V":-50.988289},{"data_generator_T":19.23,"data_generator_V":-48.382259},{"data_generator_T":19.26,"data_generator_V":-47.907951},{"data_generator_T":19.290001,"data_generator_V":-48.763863},{"data_generator_T":19.32,"data_generator_V":-50.275276},{"data_generator_T":19.35,"data_generator_V":-52.182041},{"data_generator_T":19.379999,"data_generator_V":-54.39365},{"data_generator_T":19.41,"data_generator_V":-56.945839},{"data_generator_T":19.440001,"data_generator_V":-60.075111},{"data_generator_T":19.469999,"data_generator_V":-64.02948},{"data_generator_T":19.5,"data_generator_V":-68.184448},{"data_generator_T":19.530001,"data_generator_V":-71.549492},{"data_generator_T":19.559999,"data_generator_V":-73.936974},{"data_generator_T":19.59,"data_generator_V":-75.558601},{"data_generator_T":19.620001,"data_generator_V":-76.646469},{"data_generator_T":19.65,"data_generator_V":-77.374321},{"data_generator_T":19.68,"data_generator_V":-77.861282},{"data_generator_T":19.709999,"data_generator_V":-78.186707},{"data_generator_T":19.74,"data_generator_V":-78.403244},{"data_generator_T":19.77,"data_generator_V":-78.545784},{"data_generator_T":19.799999,"data_generator_V":-78.637566},{"data_generator_T":19.83,"data_generator_V":-78.694191},{"data_generator_T":19.860001,"data_generator_V":-78.726227},{"data_generator_T":19.889999,"data_generator_V":-78.740822},{"data_generator_T":19.92,"data_generator_V":-78.742882},{"data_generator_T":19.950001,"data_generator_V":-78.735847},{"data_generator_T":19.98,"data_generator_V":-78.722137},{"data_generator_T":20.01,"data_generator_V":-78.703438},{"data_generator_T":20.040001,"data_generator_V":-78.680901},{"data_generator_T":20.07,"data_generator_V":-78.655296},{"data_generator_T":20.1,"data_generator_V":-78.627197},{"data_generator_T":20.129999,"data_generator_V":-78.59713},{"data_generator_T":20.16,"data_generator_V":-78.565414},{"data_generator_T":20.190001,"data_generator_V":-78.53231},{"data_generator_T":20.219999,"data_generator_V":-78.497955},{"data_generator_T":20.25,"data_generator_V":-78.46241},{"data_generator_T":20.280001,"data_generator_V":-78.425751},{"data_generator_T":20.309999,"data_generator_V":-78.388054},{"data_generator_T":20.34,"data_generator_V":-78.349411},{"data_generator_T":20.370001,"data_generator_V":-78.309868},{"data_generator_T":20.4,"data_generator_V":-78.269432},{"data_generator_T":20.43,"data_generator_V":-78.228096},{"data_generator_T":20.459999,"data_generator_V":-78.185867},{"data_generator_T":20.49,"data_generator_V":-78.142754},{"data_generator_T":20.52,"data_generator_V":-78.098785},{"data_generator_T":20.549999,"data_generator_V":-78.053986},{"data_generator_T":20.58,"data_generator_V":-78.008324},{"data_generator_T":20.610001,"data_generator_V":-77.961807},{"data_generator_T":20.639999,"data_generator_V":-77.914406},{"data_generator_T":20.67,"data_generator_V":-77.866142},{"data_generator_T":20.700001,"data_generator_V":-77.817017},{"data_generator_T":20.73,"data_generator_V":-77.767029},{"data_generator_T":20.76,"data_generator_V":-77.716179},{"data_generator_T":20.790001,"data_generator_V":-77.664459},{"data_generator_T":20.82,"data_generator_V":-77.611893},{"data_generator_T":20.85,"data_generator_V":-77.558472},{"data_generator_T":20.879999,"data_generator_V":-77.504128},{"data_generator_T":20.91,"data_generator_V":-77.448883},{"data_generator_T":20.940001,"data_generator_V":-77.392731},{"data_generator_T":20.969999,"data_generator_V":-77.335632},{"data_generator_T":21.0,"data_generator_V":-77.277618},{"data_generator_T":21.030001,"data_generator_V":-77.218689},{"data_generator_T":21.059999,"data_generator_V":-77.158875},{"data_generator_T":21.09,"data_generator_V":-77.098198},{"data_generator_T":21.120001,"data_generator_V":-77.036644},{"data_generator_T":21.15,"data_generator_V":-76.974213},{"data_generator_T":21.18,"data_generator_V":-76.910873},{"data_generator_T":21.209999,"data_generator_V":-76.846588},{"data_generator_T":21.24,"data_generator_V":-76.781395},{"data_generator_T":21.27,"data_generator_V":-76.715256},{"data_generator_T":21.299999,"data_generator_V":-76.648163},{"data_generator_T":21.33,"data_generator_V":-76.580139},{"data_generator_T":21.360001,"data_generator_V":-76.511162},{"data_generator_T":21.389999,"data_generator_V":-76.441231},{"data_generator_T":21.42,"data_generator_V":-76.370384},{"data_generator_T":21.450001,"data_generator_V":-76.298615},{"data_generator_T":21.48,"data_generator_V":-76.225937},{"data_generator_T":21.51,"data_generator_V":-76.152359},{"data_generator_T":21.540001,"data_generator_V":-76.077904},{"data_generator_T":21.57,"data_generator_V":-76.002563},{"data_generator_T":21.6,"data_generator_V":-75.926315},{"data_generator_T":21.629999,"data_generator_V":-75.849152},{"data_generator_T":21.66,"data_generator_V":-75.771049},{"data_generator_T":21.690001,"data_generator_V":-75.692001},{"data_generator_T":21.719999,"data_generator_V":-75.611969},{"data_generator_T":21.75,"data_generator_V":-75.530983},{"data_generator_T":21.780001,"data_generator_V":-75.449043},{"data_generator_T":21.809999,"data_generator_V":-75.366173},{"data_generator_T":21.84,"data_generator_V":-75.282372},{"data_generator_T":21.870001,"data_generator_V":-75.197662},{"data_generator_T":21.9,"data_generator_V":-75.112076},{"data_generator_T":21.93,"data_generator_V":-75.025566},{"data_generator_T":21.959999,"data_generator_V":-74.938156},{"data_generator_T":21.99,"data_generator_V":-74.849823},{"data_generator_T":22.02,"data_generator_V":-74.760521},{"data_generator_T":22.049999,"data_generator_V":-74.670204},{"data_generator_T":22.08,"data_generator_V":-74.578865},{"data_generator_T":22.110001,"data_generator_V":-74.486526},{"data_generator_T":22.139999,"data_generator_V":-74.393158},{"data_generator_T":22.17,"data_generator_V":-74.298775},{"data_generator_T":22.200001,"data_generator_V":-74.203377},{"data_generator_T":22.23,"data_generator_V":-74.107018},{"data_generator_T":22.26,"data_generator_V":-74.009628},{"data_generator_T":22.290001,"data_generator_V":-73.91124},{"data_generator_T":22.32,"data_generator_V":-73.811844},{"data_generator_T":22.35,"data_generator_V":-73.711403},{"data_generator_T":22.379999,"data_generator_V":-73.609894},{"data_generator_T":22.41,"data_generator_V":-73.507263},{"data_generator_T":22.440001,"data_generator_V":-73.403511},{"data_generator_T":22.469999,"data_generator_V":-73.298553},{"data_generator_T":22.5,"data_generator_V":-73.192368},{"data_generator_T":22.530001,"data_generator_V":-73.084953},{"data_generator_T":22.559999,"data_generator_V":-72.976273},{"data_generator_T":22.59,"data_generator_V":-72.86631},{"data_generator_T":22.620001,"data_generator_V":-72.755066},{"data_generator_T":22.65,"data_generator_V":-72.642548},{"data_generator_T":22.68,"data_generator_V":-72.528679},{"data_generator_T":22.709999,"data_generator_V":-72.413399},{"data_generator_T":22.74,"data_generator_V":-72.296646},{"data_generator_T":22.77,"data_generator_V":-72.17836},{"data_generator_T":22.799999,"data_generator_V":-72.058411},{"data_generator_T":22.83,"data_generator_V":-71.936699},{"data_generator_T":22.860001,"data_generator_V":-71.813164},{"data_generator_T":22.889999,"data_generator_V":-71.687691},{"data_generator_T":22.92,"data_generator_V":-71.560173},{"data_generator_T":22.950001,"data_generator_V":-71.430504},{"data_generator_T":22.98,"data_generator_V":-71.298584},{"data_generator_T":23.01,"data_generator_V":-71.164261},{"data_generator_T":23.040001,"data_generator_V":-71.027336},{"data_generator_T":23.07,"data_generator_V":-70.88765},{"data_generator_T":23.1,"data_generator_V":-70.744965},{"data_generator_T":23.129999,"data_generator_V":-70.599022},{"data_generator_T":23.16,"data_generator_V":-70.449516},{"data_generator_T":23.190001,"data_generator_V":-70.296082},{"data_generator_T":23.219999,"data_generator_V":-70.138306},{"data_generator_T":23.25,"data_generator_V":-69.975731},{"data_generator_T":23.280001,"data_generator_V":-69.807777},{"data_generator_T":23.309999,"data_generator_V":-69.633835},{"data_generator_T":23.34,"data_generator_V":-69.453171},{"data_generator_T":23.370001,"data_generator_V":-69.264809},{"data_generator_T":23.4,"data_generator_V":-69.067665},{"data_generator_T":23.43,"data_generator_V":-68.860321},{"data_generator_T":23.459999,"data_generator_V":-68.64109},{"data_generator_T":23.49,"data_generator_V":-68.407722},{"data_generator_T":23.52,"data_generator_V":-68.157562},{"data_generator_T":23.549999,"data_generator_V":-67.886993},{"data_generator_T":23.58,"data_generator_V":-67.591217},{"data_generator_T":23.610001,"data_generator_V":-67.263702},{"data_generator_T":23.639999,"data_generator_V":-66.895386},{"data_generator_T":23.67,"data_generator_V":-66.473228},{"data_generator_T":23.700001,"data_generator_V":-65.977455},{"data_generator_T":23.73,"data_generator_V":-65.377022},{"data_generator_T":23.76,"data_generator_V":-64.620544},{"data_generator_T":23.790001,"data_generator_V":-63.615845},{"data_generator_T":23.82,"data_generator_V":-62.188873},{"data_generator_T":23.85,"data_generator_V":-60.009575},{"data_generator_T":23.879999,"data_generator_V":-56.665154},{"data_generator_T":23.91,"data_generator_V":-52.50983},{"data_generator_T":23.940001,"data_generator_V":-49.145031},{"data_generator_T":23.969999,"data_generator_V":-47.880394},{"data_generator_T":24.0,"data_generator_V":-48.324047},{"data_generator_T":24.030001,"data_generator_V":-49.624069},{"data_generator_T":24.059999,"data_generator_V":-51.391773},{"data_generator_T":24.09,"data_generator_V":-53.487328},{"data_generator_T":24.120001,"data_generator_V":-55.89003},{"data_generator_T":24.15,"data_generator_V":-58.749969},{"data_generator_T":24.18,"data_generator_V":-62.384201},{"data_generator_T":24.209999,"data_generator_V":-66.602058},{"data_generator_T":24.24,"data_generator_V":-70.345924},{"data_generator_T":24.27,"data_generator_V":-73.101875},{"data_generator_T":24.299999,"data_generator_V":-74.995155},{"data_generator_T":24.33,"data_generator_V":-76.269135},{"data_generator_T":24.360001,"data_generator_V":-77.121925},{"data_generator_T":24.389999,"data_generator_V":-77.692451},{"data_generator_T":24.42,"data_generator_V":-78.074051},{"data_generator_T":24.450001,"data_generator_V":-78.328423},{"data_generator_T":24.48,"data_generator_V":-78.496552},{"data_generator_T":24.51,"data_generator_V":-78.606094},{"data_generator_T":24.540001,"data_generator_V":-78.675156},{"data_generator_T":24.57,"data_generator_V":-78.715866},{"data_generator_T":24.6,"data_generator_V":-78.736641},{"data_generator_T":24.629999,"data_generator_V":-78.74324},{"data_generator_T":24.66,"data_generator_V":-78.739555},{"data_generator_T":24.690001,"data_generator_V":-78.728294},{"data_generator_T":24.719999,"data_generator_V":-78.711395},{"data_generator_T":24.75,"data_generator_V":-78.690216},{"data_generator_T":24.780001,"data_generator_V":-78.665733},{"data_generator_T":24.809999,"data_generator_V":-78.638611},{"data_generator_T":24.84,"data_generator_V":-78.609344},{"data_generator_T":24.870001,"data_generator_V":-78.578285},{"data_generator_T":24.9,"data_generator_V":-78.545692},{"data_generator_T":24.93,"data_generator_V":-78.511757},{"data_generator_T":24.959999,"data_generator_V":-78.476608},{"data_generator_T":24.99,"data_generator_V":-78.440361},{"data_generator_T":25.02,"data_generator_V":-78.403046},{"data_generator_T":25.049999,"data_generator_V":-78.364708},{"data_generator_T":25.08,"data_generator_V":-78.325447},{"data_generator_T":25.110001,"data_generator_V":-78.285294},{"data_generator_T":25.139999,"data_generator_V":-78.244263},{"data_generator_T":25.17,"data_generator_V":-78.2024},{"data_generator_T":25.200001,"data_generator_V":-78.159691},{"data_generator_T":25.23,"data_generator_V":-78.116135},{"data_generator_T":25.26,"data_generator_V":-78.071716},{"data_generator_T":25.290001,"data_generator_V":-78.026398},{"data_generator_T":25.32,"data_generator_V":-77.980202},{"data_generator_T":25.35,"data_generator_V":-77.933121},{"data_generator_T":25.379999,"data_generator_V":-77.885162},{"data_generator_T":25.41,"data_generator_V":-77.836372},{"data_generator_T":25.440001,"data_generator_V":-77.786736},{"data_generator_T":25.469999,"data_generator_V":-77.736252},{"data_generator_T":25.5,"data_generator_V":-77.684921},{"data_generator_T":25.530001,"data_generator_V":-77.63269},{"data_generator_T":25.559999,"data_generator_V":-77.579567},{"data_generator_T":25.59,"data_generator_V":-77.525513},{"data_generator_T":25.620001,"data_generator_V":-77.470551},{"data_generator_T":25.65,"data_generator_V":-77.41468},{"data_generator_T":25.68,"data_generator_V":-77.357941},{"data_generator_T":25.709999,"data_generator_V":-77.300323},{"data_generator_T":25.74,"data_generator_V":-77.241852},{"data_generator_T":25.77,"data_generator_V":-77.182495},{"data_generator_T":25.799999,"data_generator_V":-77.122238},{"data_generator_T":25.83,"data_generator_V":-77.061058},{"data_generator_T":25.860001,"data_generator_V":-76.998917},{"data_generator_T":25.889999,"data_generator_V":-76.935829},{"data_generator_T":25.92,"data_generator_V":-76.871811},{"data_generator_T":25.950001,"data_generator_V":-76.806862},{"data_generator_T":25.98,"data_generator_V":-76.741051},{"data_generator_T":26.01,"data_generator_V":-76.674355},{"data_generator_T":26.040001,"data_generator_V":-76.606789},{"data_generator_T":26.07,"data_generator_V":-76.538322},{"data_generator_T":26.1,"data_generator_V":-76.46891},{"data_generator_T":26.129999,"data_generator_V":-76.398544},{"data_generator_T":26.16,"data_generator_V":-76.327194},{"data_generator_T":26.190001,"data_generator_V":-76.25486},{"data_generator_T":26.219999,"data_generator_V":-76.181602},{"data_generator_T":26.25,"data_generator_V":-76.10743},{"data_generator_T":26.280001,"data_generator_V":-76.032394},{"data_generator_T":26.309999,"data_generator_V":-75.956505},{"data_generator_T":26.34,"data_generator_V":-75.879692},{"data_generator_T":26.370001,"data_generator_V":-75.801949},{"data_generator_T":26.4,"data_generator_V":-75.723267},{"data_generator_T":26.43,"data_generator_V":-75.643616},{"data_generator_T":26.459999,"data_generator_V":-75.563034},{"data_generator_T":26.49,"data_generator_V":-75.481499},{"data_generator_T":26.52,"data_generator_V":-75.399017},{"data_generator_T":26.549999,"data_generator_V":-75.315605},{"data_generator_T":26.58,"data_generator_V":-75.231255},{"data_generator_T":26.610001,"data_generator_V":-75.145981},{"data_generator_T":26.639999,"data_generator_V":-75.059769},{"data_generator_T":26.67,"data_generator_V":-74.972626},{"data_generator_T":26.700001,"data_generator_V":-74.884537},{"data_generator_T":26.73,"data_generator_V":-74.795494},{"data_generator_T":26.76,"data_generator_V":-74.705482},{"data_generator_T":26.790001,"data_generator_V":-74.61451},{"data_generator_T":26.82,"data_generator_V":-74.52256},{"data_generator_T":26.85,"data_generator_V":-74.429634},{"data_generator_T":26.879999,"data_generator_V":-74.335701},{"data_generator_T":26.91,"data_generator_V":-74.240776},{"data_generator_T":26.940001,"data_generator_V":-74.144852},{"data_generator_T":26.969999,"data_generator_V":-74.047905},{"data_generator_T":27.0,"data_generator_V":-73.949921},{"data_generator_T":27.030001,"data_generator_V":-73.850891},{"data_generator_T":27.059999,"data_generator_V":-73.750801},{"data_generator_T":27.09,"data_generator_V":-73.649628},{"data_generator_T":27.120001,"data_generator_V":-73.547363},{"data_generator_T":27.15,"data_generator_V":-73.443993},{"data_generator_T":27.18,"data_generator_V":-73.339478},{"data_generator_T":27.209999,"data_generator_V":-73.23381},{"data_generator_T":27.24,"data_generator_V":-73.126968},{"data_generator_T":27.27,"data_generator_V":-73.018913},{"data_generator_T":27.299999,"data_generator_V":-72.909592},{"data_generator_T":27.33,"data_generator_V":-72.798988},{"data_generator_T":27.360001,"data_generator_V":-72.687057},{"data_generator_T":27.389999,"data_generator_V":-72.573753},{"data_generator_T":27.42,"data_generator_V":-72.459015},{"data_generator_T":27.450001,"data_generator_V":-72.342789},{"data_generator_T":27.48,"data_generator_V":-72.225021},{"data_generator_T":27.51,"data_generator_V":-72.105652},{"data_generator_T":27.540001,"data_generator_V":-71.984596},{"data_generator_T":27.57,"data_generator_V":-71.86174},{"data_generator_T":27.6,"data_generator_V":-71.737015},{"data_generator_T":27.629999,"data_generator_V":-71.610329},{"data_generator_T":27.66,"data_generator_V":-71.481583},{"data_generator_T":27.690001,"data_generator_V":-71.350624},{"data_generator_T":27.719999,"data_generator_V":-71.217293},{"data_generator_T":27.75,"data_generator_V":-71.081444},{"data_generator_T":27.780001,"data_generator_V":-70.942863},{"data_generator_T":27.809999,"data_generator_V":-70.801346},{"data_generator_T":27.84,"data_generator_V":-70.65667},{"data_generator_T":27.870001,"data_generator_V":-70.508484},{"data_generator_T":27.9,"data_generator_V":-70.356514},{"data_generator_T":27.93,"data_generator_V":-70.200401},{"data_generator_T":27.959999,"data_generator_V":-70.039635},{"data_generator_T":27.99,"data_generator_V":-69.873779},{"data_generator_T":28.02,"data_generator_V":-69.702278},{"data_generator_T":28.049999,"data_generator_V":-69.524345},{"data_generator_T":28.08,"data_generator_V":-69.339127},{"data_generator_T":28.110001,"data_generator_V":-69.145576},{"data_generator_T":28.139999,"data_generator_V":-68.942383},{"data_generator_T":28.17,"data_generator_V":-68.728012},{"data_generator_T":28.200001,"data_generator_V":-68.50045},{"data_generator_T":28.23,"data_generator_V":-68.257332},{"data_generator_T":28.26,"data_generator_V":-67.9953},{"data_generator_T":28.290001,"data_generator_V":-67.710091},{"data_generator_T":28.32,"data_generator_V":-67.395905},{"data_generator_T":28.35,"data_generator_V":-67.044922},{"data_generator_T":28.379999,"data_generator_V":-66.645805},{"data_generator_T":28.41,"data_generator_V":-66.181732},{"data_generator_T":28.440001,"data_generator_V":-65.627029},{"data_generator_T":28.469999,"data_generator_V":-64.939865},{"data_generator_T":28.5,"data_generator_V":-64.047279},{"data_generator_T":28.530001,"data_generator_V":-62.814606},{"data_generator_T":28.559999,"data_generator_V":-60.981491},{"data_generator_T":28.59,"data_generator_V":-58.124088},{"data_generator_T":28.620001,"data_generator_V":-54.147072},{"data_generator_T":28.65,"data_generator_V":-50.252846},{"data_generator_T":28.68,"data_generator_V":-48.117012},{"data_generator_T":28.709999,"data_generator_V":-48.011261},{"data_generator_T":28.74,"data_generator_V":-49.046303},{"data_generator_T":28.77,"data_generator_V":-50.655968},{"data_generator_T":28.799999,"data_generator_V":-52.632339},{"data_generator_T":28.83,"data_generator_V":-54.908199},{"data_generator_T":28.860001,"data_generator_V":-57.556576},{"data_generator_T":28.889999,"data_generator_V":-60.855713},{"data_generator_T":28.92,"data_generator_V":-64.946396},{"data_generator_T":28.950001,"data_generator_V":-68.99173},{"data_generator_T":28.98,"data_generator_V":-72.138939},{"data_generator_T":29.01,"data_generator_V":-74.340599},{"data_generator_T":29.040001,"data_generator_V":-75.830002},{"data_generator_T":29.07,"data_generator_V":-76.828033},{"data_generator_T":29.1,"data_generator_V":-77.495789},{"data_generator_T":29.129999,"data_generator_V":-77.942482},{"data_generator_T":29.16,"data_generator_V":-78.240715},{"data_generator_T":29.190001,"data_generator_V":-78.438728},{"data_generator_T":29.219999,"data_generator_V":-78.568718},{"data_generator_T":29.25,"data_generator_V":-78.651917},{"data_generator_T":29.280001,"data_generator_V":-78.70256},{"data_generator_T":29.309999,"data_generator_V":-78.73037},{"data_generator_T":29.34,"data_generator_V":-78.741997},{"data_generator_T":29.370001,"data_generator_V":-78.741966},{"data_generator_T":29.4,"data_generator_V":-78.733414},{"data_generator_T":29.43,"data_generator_V":-78.718559},{"data_generator_T":29.459999,"data_generator_V":-78.698952},{"data_generator_T":29.49,"data_generator_V":-78.675667},{"data_generator_T":29.52,"data_generator_V":-78.64949},{"data_generator_T":29.549999,"data_generator_V":-78.620979},{"data_generator_T":29.58,"data_generator_V":-78.590569},{"data_generator_T":29.610001,"data_generator_V":-78.558578},{"data_generator_T":29.639999,"data_generator_V":-78.5252},{"data_generator_T":29.67,"data_generator_V":-78.490547},{"data_generator_T":29.700001,"data_generator_V":-78.45472},{"data_generator_T":29.73,"data_generator_V":-78.417809},{"data_generator_T":29.76,"data_generator_V":-78.379906},{"data_generator_T":29.790001,"data_generator_V":-78.341064},{"data_generator_T":29.82,"data_generator_V":-78.301323},{"data_generator_T":29.85,"data_generator_V":-78.260674},{"data_generator_T":29.879999,"data_generator_V":-78.219139},{"data_generator_T":29.91,"data_generator_V":-78.17672},{"data_generator_T":29.940001,"data_generator_V":-78.133423},{"data_generator_T":29.969999,"data_generator_V":-78.089264},{"data_generator_T":30.0,"data_generator_V":-78.044235}]