[{"data_set_time":0.0,"data_set_egf":0.0,"data_set_erk":0.0,"data_set_nfkb":0.0,"data_set_tnfa":0.0},{"data_set_time":1.0,"data_set_egf":0.0,"data_set_erk":0.0,"data_set_nfkb":1.0,"data_set_tnfa":0.0},{"data_set_time":2.0,"data_set_egf":0.0,"data_set_erk":0.0,"data_set_nfkb":0.0,"data_set_tnfa":0.0},{"data_set_time":3.0,"data_set_egf":0.0,"data_set_erk":0.0,"data_set_nfkb":0.0,"data_set_tnfa":0.0},{"data_set_time":4.0,"data_set_egf":0.0,"data_set_erk":0.0,"data_set_nfkb":0.0,"data_set_tnfa":0.0},{"data_set_time":5.0,"data_set_egf":0.0,"data_set_erk":0.0,"data_set_nfkb":0.0,"data_set_tnfa":0.0},{"data_set_time":6.0,"data_set_egf":0.0,"data_set_erk":0.0,"data_set_nfkb":0.0,"data_set_tnfa":0.0},{"data_set_time":7.0,"data_set_egf":0.0,"data_set_erk":0.0,"data_set_nfkb":0.0,"data_set_tnfa":0.0},{"data_set_time":8.0,"data_set_egf":0.0,"data_set_erk":0.0,"data_set_nfkb":0.0,"data_set_tnfa":0.0},{"data_set_time":9.0,"data_set_egf":0.0,"data_set_erk":0.0,"data_set_nfkb":0.0,"data_set_tnfa":0.0},{"data_set_time":10.0,"data_set_egf":0.0,"data_set_erk":0.0,"data_set_nfkb":0.0,"data_set_tnfa":0.0},{"data_set_time":11.0,"data_set_egf":0.0,"data_set_erk":0.0,"data_set_nfkb":0.0,"data_set_tnfa":0.0},{"data_set_time":12.0,"data_set_egf":0.0,"data_set_erk":0.0,"data_set_nfkb":0.0,"data_set_tnfa":0.0},{"data_set_time":13.0,"data_set_egf":0.0,"data_set_erk":0.0,"data_set_nfkb":0.0,"data_set_tnfa":0.0},{"data_set_time":14.0,"data_set_egf":0.0,"data_set_erk":0.0,"data_set_nfkb":0.0,"data_set_tnfa":0.0},{"data_set_time":15.0,"data_set_egf":0.0,"data_set_erk":0.0,"data_set_nfkb":0.0,"data_set_tnfa":0.0},{"data_set_time":16.0,"data_set_egf":0.0,"data_set_erk":0.0,"data_set_nfkb":0.0,"data_set_tnfa":0.0},{"data_set_time":17.0,"data_set_egf":0.0,"data_set_erk":0.0,"data_set_nfkb":0.0,"data_set_tnfa":0.0},{"data_set_time":18.0,"data_set_egf":0.0,"data_set_erk":0.0,"data_set_nfkb":0.0,"data_set_tnfa":0.0},{"data_set_time":19.0,"data_set_egf":0.0,"data_set_erk":0.0,"data_set_nfkb":0.0,"data_set_tnfa":0.0},{"data_set_time":20.0,"data_set_egf":0.0,"data_set_erk":0.0,"data_set_nfkb":0.0,"data_set_tnfa":0.0}]