[{"data_generator_IKS":0.0,"data_generator_T":0.0},{"data_generator_IKS":-5.7672379e-34,"data_generator_T":4.5500002},{"data_generator_IKS":-9.1999101e-30,"data_generator_T":9.1000004},{"data_generator_IKS":-7.4470328e-28,"data_generator_T":13.65},{"data_generator_IKS":-1.3532508e-26,"data_generator_T":18.200001},{"data_generator_IKS":-1.1795534e-25,"data_generator_T":22.75},{"data_generator_IKS":-6.6243041e-25,"data_generator_T":27.299999},{"data_generator_IKS":-2.7750158e-24,"data_generator_T":31.85},{"data_generator_IKS":-9.427444e-24,"data_generator_T":36.400002},{"data_generator_IKS":-2.736662e-23,"data_generator_T":40.950001},{"data_generator_IKS":-7.0289671e-23,"data_generator_T":45.5},{"data_generator_IKS":-1.6368828e-22,"data_generator_T":50.049999},{"data_generator_IKS":-3.5182444e-22,"data_generator_T":54.599998},{"data_generator_IKS":-7.0732237e-22,"data_generator_T":59.150002},{"data_generator_IKS":-1.3438715e-21,"data_generator_T":63.700001},{"data_generator_IKS":-2.432533e-21,"data_generator_T":68.25},{"data_generator_IKS":-4.2221298e-21,"data_generator_T":72.800003},{"data_generator_IKS":-7.0641782e-21,"data_generator_T":77.349998},{"data_generator_IKS":-1.1442786e-20,"data_generator_T":81.900002},{"data_generator_IKS":-1.8009916e-20,"data_generator_T":86.449997},{"data_generator_IKS":-2.7626356e-20,"data_generator_T":91.0},{"data_generator_IKS":-4.14087e-20,"data_generator_T":95.550003},{"data_generator_IKS":9.3553772e-18,"data_generator_T":100.1},{"data_generator_IKS":4.3636194e-16,"data_generator_T":104.65},{"data_generator_IKS":0.0,"data_generator_T":109.2},{"data_generator_IKS":0.0,"data_generator_T":113.75},{"data_generator_IKS":0.0,"data_generator_T":118.3},{"data_generator_IKS":0.0,"data_generator_T":122.85},{"data_generator_IKS":0.0,"data_generator_T":127.4},{"data_generator_IKS":0.0000000001,"data_generator_T":131.95},{"data_generator_IKS":0.0000000001,"data_generator_T":136.5},{"data_generator_IKS":0.0000000003,"data_generator_T":141.05},{"data_generator_IKS":0.0000000005,"data_generator_T":145.60001},{"data_generator_IKS":0.000000001,"data_generator_T":150.14999},{"data_generator_IKS":0.0000000018,"data_generator_T":154.7},{"data_generator_IKS":0.0000000032,"data_generator_T":159.25},{"data_generator_IKS":0.0000000052,"data_generator_T":163.8},{"data_generator_IKS":0.0000000083,"data_generator_T":168.35001},{"data_generator_IKS":0.0000000129,"data_generator_T":172.89999},{"data_generator_IKS":0.0000000195,"data_generator_T":177.45},{"data_generator_IKS":0.0000000287,"data_generator_T":182.0},{"data_generator_IKS":0.0000000414,"data_generator_T":186.55},{"data_generator_IKS":0.0000000585,"data_generator_T":191.10001},{"data_generator_IKS":0.0000000814,"data_generator_T":195.64999},{"data_generator_IKS":0.0000001115,"data_generator_T":200.2},{"data_generator_IKS":0.0000001504,"data_generator_T":204.75},{"data_generator_IKS":0.0000002003,"data_generator_T":209.3},{"data_generator_IKS":0.0000002634,"data_generator_T":213.85001},{"data_generator_IKS":0.0000003426,"data_generator_T":218.39999},{"data_generator_IKS":0.000000441,"data_generator_T":222.95},{"data_generator_IKS":0.0000005621,"data_generator_T":227.5},{"data_generator_IKS":0.0000007101,"data_generator_T":232.05},{"data_generator_IKS":0.0000008894,"data_generator_T":236.60001},{"data_generator_IKS":0.0000011052,"data_generator_T":241.14999},{"data_generator_IKS":0.0000013631,"data_generator_T":245.7},{"data_generator_IKS":0.0000016695,"data_generator_T":250.25},{"data_generator_IKS":0.0000020313,"data_generator_T":254.8},{"data_generator_IKS":0.0000024561,"data_generator_T":259.35001},{"data_generator_IKS":0.0000029525,"data_generator_T":263.89999},{"data_generator_IKS":0.0000035295,"data_generator_T":268.45001},{"data_generator_IKS":0.000004197,"data_generator_T":273.0},{"data_generator_IKS":0.0000049659,"data_generator_T":277.54999},{"data_generator_IKS":0.0000058477,"data_generator_T":282.10001},{"data_generator_IKS":0.0000068551,"data_generator_T":286.64999},{"data_generator_IKS":0.0000080016,"data_generator_T":291.20001},{"data_generator_IKS":0.0000093015,"data_generator_T":295.75},{"data_generator_IKS":0.0000107703,"data_generator_T":300.29999},{"data_generator_IKS":0.0000124244,"data_generator_T":304.85001},{"data_generator_IKS":0.0000142815,"data_generator_T":309.39999},{"data_generator_IKS":0.00001636,"data_generator_T":313.95001},{"data_generator_IKS":0.0000186797,"data_generator_T":318.5},{"data_generator_IKS":0.0000212613,"data_generator_T":323.04999},{"data_generator_IKS":0.0000241268,"data_generator_T":327.60001},{"data_generator_IKS":0.0000272994,"data_generator_T":332.14999},{"data_generator_IKS":0.0000308034,"data_generator_T":336.70001},{"data_generator_IKS":0.0000346643,"data_generator_T":341.25},{"data_generator_IKS":0.0000389088,"data_generator_T":345.79999},{"data_generator_IKS":0.000043565,"data_generator_T":350.35001},{"data_generator_IKS":0.0000486622,"data_generator_T":354.89999},{"data_generator_IKS":0.0000542309,"data_generator_T":359.45001},{"data_generator_IKS":0.0000603028,"data_generator_T":364.0},{"data_generator_IKS":0.0000669112,"data_generator_T":368.54999},{"data_generator_IKS":0.0000740904,"data_generator_T":373.10001},{"data_generator_IKS":0.0000818762,"data_generator_T":377.64999},{"data_generator_IKS":0.0000903057,"data_generator_T":382.20001},{"data_generator_IKS":0.0000994173,"data_generator_T":386.75},{"data_generator_IKS":0.0001092507,"data_generator_T":391.29999},{"data_generator_IKS":0.000119847,"data_generator_T":395.85001},{"data_generator_IKS":0.0001312486,"data_generator_T":400.39999},{"data_generator_IKS":0.0001434994,"data_generator_T":404.95001},{"data_generator_IKS":0.0001566444,"data_generator_T":409.5},{"data_generator_IKS":0.00017073,"data_generator_T":414.04999},{"data_generator_IKS":0.0001858042,"data_generator_T":418.60001},{"data_generator_IKS":0.0002019162,"data_generator_T":423.14999},{"data_generator_IKS":0.0002191162,"data_generator_T":427.70001},{"data_generator_IKS":0.0002374564,"data_generator_T":432.25},{"data_generator_IKS":0.0002569898,"data_generator_T":436.79999},{"data_generator_IKS":0.000277771,"data_generator_T":441.35001},{"data_generator_IKS":0.0002998557,"data_generator_T":445.89999},{"data_generator_IKS":0.0003233011,"data_generator_T":450.45001},{"data_generator_IKS":0.0003481658,"data_generator_T":455.0},{"data_generator_IKS":0.0003745093,"data_generator_T":459.54999},{"data_generator_IKS":0.0004023929,"data_generator_T":464.10001},{"data_generator_IKS":0.0004318788,"data_generator_T":468.64999},{"data_generator_IKS":0.0004630305,"data_generator_T":473.20001},{"data_generator_IKS":0.000495913,"data_generator_T":477.75},{"data_generator_IKS":0.0005305924,"data_generator_T":482.29999},{"data_generator_IKS":0.0005671358,"data_generator_T":486.85001},{"data_generator_IKS":0.000605612,"data_generator_T":491.39999},{"data_generator_IKS":0.0006460905,"data_generator_T":495.95001},{"data_generator_IKS":0.0006886423,"data_generator_T":500.5},{"data_generator_IKS":0.0007333396,"data_generator_T":505.04999},{"data_generator_IKS":0.0007802554,"data_generator_T":509.60001},{"data_generator_IKS":0.0008294643,"data_generator_T":514.15002},{"data_generator_IKS":0.0008810417,"data_generator_T":518.70001},{"data_generator_IKS":0.0009350642,"data_generator_T":523.25},{"data_generator_IKS":0.0009916094,"data_generator_T":527.79999},{"data_generator_IKS":0.0010507562,"data_generator_T":532.34998},{"data_generator_IKS":0.0011125843,"data_generator_T":536.90002},{"data_generator_IKS":0.0011771745,"data_generator_T":541.45001},{"data_generator_IKS":0.0012446085,"data_generator_T":546.0},{"data_generator_IKS":0.0013149694,"data_generator_T":550.54999},{"data_generator_IKS":0.0013883407,"data_generator_T":555.09998},{"data_generator_IKS":0.0014648072,"data_generator_T":559.65002},{"data_generator_IKS":0.0015444545,"data_generator_T":564.20001},{"data_generator_IKS":0.001627369,"data_generator_T":568.75},{"data_generator_IKS":0.0017136382,"data_generator_T":573.29999},{"data_generator_IKS":0.0018033503,"data_generator_T":577.84998},{"data_generator_IKS":0.0018965943,"data_generator_T":582.40002},{"data_generator_IKS":0.0019934601,"data_generator_T":586.95001},{"data_generator_IKS":0.0020940383,"data_generator_T":591.5},{"data_generator_IKS":0.0021984202,"data_generator_T":596.04999},{"data_generator_IKS":0.0023066981,"data_generator_T":600.59998},{"data_generator_IKS":0.0024189646,"data_generator_T":605.15002},{"data_generator_IKS":0.0025353134,"data_generator_T":609.70001},{"data_generator_IKS":0.0026558384,"data_generator_T":614.25},{"data_generator_IKS":0.0027806342,"data_generator_T":618.79999},{"data_generator_IKS":0.0029097963,"data_generator_T":623.34998},{"data_generator_IKS":0.0030434208,"data_generator_T":627.90002},{"data_generator_IKS":0.0031816037,"data_generator_T":632.45001},{"data_generator_IKS":0.0033244423,"data_generator_T":637.0},{"data_generator_IKS":0.0034720339,"data_generator_T":641.54999},{"data_generator_IKS":0.0036244763,"data_generator_T":646.09998},{"data_generator_IKS":0.0037818677,"data_generator_T":650.65002},{"data_generator_IKS":0.0039443071,"data_generator_T":655.20001},{"data_generator_IKS":0.004111893,"data_generator_T":659.75},{"data_generator_IKS":0.0042847255,"data_generator_T":664.29999},{"data_generator_IKS":0.0044629038,"data_generator_T":668.84998},{"data_generator_IKS":0.004646528,"data_generator_T":673.40002},{"data_generator_IKS":0.0048356983,"data_generator_T":677.95001},{"data_generator_IKS":0.0050305151,"data_generator_T":682.5},{"data_generator_IKS":0.0052310792,"data_generator_T":687.04999},{"data_generator_IKS":0.005437491,"data_generator_T":691.59998},{"data_generator_IKS":0.0056498516,"data_generator_T":696.15002},{"data_generator_IKS":0.0058682621,"data_generator_T":700.70001},{"data_generator_IKS":0.0060928231,"data_generator_T":705.25},{"data_generator_IKS":0.006323636,"data_generator_T":709.79999},{"data_generator_IKS":0.006560802,"data_generator_T":714.34998},{"data_generator_IKS":0.0068044215,"data_generator_T":718.90002},{"data_generator_IKS":0.0070545962,"data_generator_T":723.45001},{"data_generator_IKS":0.0073114266,"data_generator_T":728.0},{"data_generator_IKS":0.0075750132,"data_generator_T":732.54999},{"data_generator_IKS":0.0078454567,"data_generator_T":737.09998},{"data_generator_IKS":0.0081228577,"data_generator_T":741.65002},{"data_generator_IKS":0.0084073152,"data_generator_T":746.20001},{"data_generator_IKS":0.00869893,"data_generator_T":750.75},{"data_generator_IKS":0.0089978026,"data_generator_T":755.29999},{"data_generator_IKS":0.0093040299,"data_generator_T":759.84998},{"data_generator_IKS":0.0096177123,"data_generator_T":764.40002},{"data_generator_IKS":0.0099389479,"data_generator_T":768.95001},{"data_generator_IKS":0.010267834,"data_generator_T":773.5},{"data_generator_IKS":0.01060447,"data_generator_T":778.04999},{"data_generator_IKS":0.01094895,"data_generator_T":782.59998},{"data_generator_IKS":0.011301374,"data_generator_T":787.15002},{"data_generator_IKS":0.011661835,"data_generator_T":791.70001},{"data_generator_IKS":0.01203043,"data_generator_T":796.25},{"data_generator_IKS":0.012407253,"data_generator_T":800.79999},{"data_generator_IKS":0.012792397,"data_generator_T":805.34998},{"data_generator_IKS":0.013185957,"data_generator_T":809.90002},{"data_generator_IKS":0.013588026,"data_generator_T":814.45001},{"data_generator_IKS":0.013998695,"data_generator_T":819.0},{"data_generator_IKS":0.014418053,"data_generator_T":823.54999},{"data_generator_IKS":0.014846194,"data_generator_T":828.09998},{"data_generator_IKS":0.015283205,"data_generator_T":832.65002},{"data_generator_IKS":0.015729174,"data_generator_T":837.20001},{"data_generator_IKS":0.01618419,"data_generator_T":841.75},{"data_generator_IKS":0.016648337,"data_generator_T":846.29999},{"data_generator_IKS":0.017121704,"data_generator_T":850.84998},{"data_generator_IKS":0.017604373,"data_generator_T":855.40002},{"data_generator_IKS":0.01809643,"data_generator_T":859.95001},{"data_generator_IKS":0.018597955,"data_generator_T":864.5},{"data_generator_IKS":0.019109029,"data_generator_T":869.04999},{"data_generator_IKS":0.019629732,"data_generator_T":873.59998},{"data_generator_IKS":0.020160144,"data_generator_T":878.15002},{"data_generator_IKS":0.020700345,"data_generator_T":882.70001},{"data_generator_IKS":0.021250406,"data_generator_T":887.25},{"data_generator_IKS":0.021810405,"data_generator_T":891.79999},{"data_generator_IKS":0.022380415,"data_generator_T":896.34998},{"data_generator_IKS":0.022960512,"data_generator_T":900.90002},{"data_generator_IKS":0.023550762,"data_generator_T":905.45001},{"data_generator_IKS":0.024151238,"data_generator_T":910.0},{"data_generator_IKS":0.024762006,"data_generator_T":914.54999},{"data_generator_IKS":0.025383133,"data_generator_T":919.09998},{"data_generator_IKS":0.026014687,"data_generator_T":923.65002},{"data_generator_IKS":0.02665673,"data_generator_T":928.20001},{"data_generator_IKS":0.027309325,"data_generator_T":932.75},{"data_generator_IKS":0.027972532,"data_generator_T":937.29999},{"data_generator_IKS":0.02864641,"data_generator_T":941.84998},{"data_generator_IKS":0.029331015,"data_generator_T":946.40002},{"data_generator_IKS":0.030026408,"data_generator_T":950.95001},{"data_generator_IKS":0.030732637,"data_generator_T":955.5},{"data_generator_IKS":0.031449761,"data_generator_T":960.04999},{"data_generator_IKS":0.032177825,"data_generator_T":964.59998},{"data_generator_IKS":0.032916877,"data_generator_T":969.15002},{"data_generator_IKS":0.033666972,"data_generator_T":973.70001},{"data_generator_IKS":0.034428149,"data_generator_T":978.25},{"data_generator_IKS":0.035200458,"data_generator_T":982.79999},{"data_generator_IKS":0.035983931,"data_generator_T":987.34998},{"data_generator_IKS":0.036778618,"data_generator_T":991.90002},{"data_generator_IKS":0.037584551,"data_generator_T":996.45001},{"data_generator_IKS":0.038401771,"data_generator_T":1001.0},{"data_generator_IKS":0.039230309,"data_generator_T":1005.55},{"data_generator_IKS":0.040070195,"data_generator_T":1010.1},{"data_generator_IKS":0.040921468,"data_generator_T":1014.65},{"data_generator_IKS":0.041784149,"data_generator_T":1019.2},{"data_generator_IKS":0.042658266,"data_generator_T":1023.75},{"data_generator_IKS":0.043543845,"data_generator_T":1028.3},{"data_generator_IKS":0.04444091,"data_generator_T":1032.85},{"data_generator_IKS":0.045349482,"data_generator_T":1037.4},{"data_generator_IKS":0.046269577,"data_generator_T":1041.95},{"data_generator_IKS":0.047201209,"data_generator_T":1046.5},{"data_generator_IKS":0.0481444,"data_generator_T":1051.05},{"data_generator_IKS":0.049099158,"data_generator_T":1055.6},{"data_generator_IKS":0.050065491,"data_generator_T":1060.15},{"data_generator_IKS":0.051043414,"data_generator_T":1064.7},{"data_generator_IKS":0.052032929,"data_generator_T":1069.25},{"data_generator_IKS":0.053034041,"data_generator_T":1073.8},{"data_generator_IKS":0.05404675,"data_generator_T":1078.35},{"data_generator_IKS":0.05507106,"data_generator_T":1082.9},{"data_generator_IKS":0.056106966,"data_generator_T":1087.45},{"data_generator_IKS":0.057154465,"data_generator_T":1092.0},{"data_generator_IKS":0.058213551,"data_generator_T":1096.55},{"data_generator_IKS":0.059284214,"data_generator_T":1101.1},{"data_generator_IKS":0.060366448,"data_generator_T":1105.65},{"data_generator_IKS":0.06146023,"data_generator_T":1110.2},{"data_generator_IKS":0.062565558,"data_generator_T":1114.75},{"data_generator_IKS":0.063682407,"data_generator_T":1119.3},{"data_generator_IKS":0.06481076,"data_generator_T":1123.85},{"data_generator_IKS":0.065950595,"data_generator_T":1128.4},{"data_generator_IKS":0.067101888,"data_generator_T":1132.95},{"data_generator_IKS":0.068264619,"data_generator_T":1137.5},{"data_generator_IKS":0.069438748,"data_generator_T":1142.05},{"data_generator_IKS":0.070624262,"data_generator_T":1146.6},{"data_generator_IKS":0.071821116,"data_generator_T":1151.15},{"data_generator_IKS":0.073029287,"data_generator_T":1155.7},{"data_generator_IKS":0.074248731,"data_generator_T":1160.25},{"data_generator_IKS":0.075479411,"data_generator_T":1164.8},{"data_generator_IKS":0.076721288,"data_generator_T":1169.35},{"data_generator_IKS":0.077974319,"data_generator_T":1173.9},{"data_generator_IKS":0.079238467,"data_generator_T":1178.45},{"data_generator_IKS":0.080513678,"data_generator_T":1183.0},{"data_generator_IKS":0.081799902,"data_generator_T":1187.55},{"data_generator_IKS":0.0830971,"data_generator_T":1192.1},{"data_generator_IKS":0.084405206,"data_generator_T":1196.65},{"data_generator_IKS":0.085724175,"data_generator_T":1201.2},{"data_generator_IKS":0.087053947,"data_generator_T":1205.75},{"data_generator_IKS":0.088394471,"data_generator_T":1210.3},{"data_generator_IKS":0.089745678,"data_generator_T":1214.85},{"data_generator_IKS":0.091107503,"data_generator_T":1219.4},{"data_generator_IKS":0.0924799,"data_generator_T":1223.95},{"data_generator_IKS":0.093862787,"data_generator_T":1228.5},{"data_generator_IKS":0.095256098,"data_generator_T":1233.05},{"data_generator_IKS":0.096659772,"data_generator_T":1237.6},{"data_generator_IKS":0.098073728,"data_generator_T":1242.15},{"data_generator_IKS":0.099497899,"data_generator_T":1246.7},{"data_generator_IKS":0.10093222,"data_generator_T":1251.25},{"data_generator_IKS":0.1023766,"data_generator_T":1255.8},{"data_generator_IKS":0.10383096,"data_generator_T":1260.35},{"data_generator_IKS":0.10529522,"data_generator_T":1264.9},{"data_generator_IKS":0.10676931,"data_generator_T":1269.45},{"data_generator_IKS":0.10825314,"data_generator_T":1274.0},{"data_generator_IKS":0.10974663,"data_generator_T":1278.55},{"data_generator_IKS":0.11124968,"data_generator_T":1283.1},{"data_generator_IKS":0.11276221,"data_generator_T":1287.65},{"data_generator_IKS":0.11428414,"data_generator_T":1292.2},{"data_generator_IKS":0.11581537,"data_generator_T":1296.75},{"data_generator_IKS":0.11735581,"data_generator_T":1301.3},{"data_generator_IKS":0.11890536,"data_generator_T":1305.85},{"data_generator_IKS":0.12046393,"data_generator_T":1310.4},{"data_generator_IKS":0.12203142,"data_generator_T":1314.95},{"data_generator_IKS":0.12360773,"data_generator_T":1319.5},{"data_generator_IKS":0.12519278,"data_generator_T":1324.05},{"data_generator_IKS":0.12678644,"data_generator_T":1328.6},{"data_generator_IKS":0.12838863,"data_generator_T":1333.15},{"data_generator_IKS":0.12999922,"data_generator_T":1337.7},{"data_generator_IKS":0.13161814,"data_generator_T":1342.25},{"data_generator_IKS":0.13324527,"data_generator_T":1346.8},{"data_generator_IKS":0.1348805,"data_generator_T":1351.35},{"data_generator_IKS":0.13652371,"data_generator_T":1355.9},{"data_generator_IKS":0.13817482,"data_generator_T":1360.45},{"data_generator_IKS":0.13983369,"data_generator_T":1365.0},{"data_generator_IKS":0.14150023,"data_generator_T":1369.55},{"data_generator_IKS":0.14317432,"data_generator_T":1374.1},{"data_generator_IKS":0.14485586,"data_generator_T":1378.65},{"data_generator_IKS":0.14654471,"data_generator_T":1383.2},{"data_generator_IKS":0.14824077,"data_generator_T":1387.75},{"data_generator_IKS":0.14994392,"data_generator_T":1392.3},{"data_generator_IKS":0.15165405,"data_generator_T":1396.85},{"data_generator_IKS":0.15337105,"data_generator_T":1401.4},{"data_generator_IKS":0.15509477,"data_generator_T":1405.95},{"data_generator_IKS":0.15682513,"data_generator_T":1410.5},{"data_generator_IKS":0.15856199,"data_generator_T":1415.05},{"data_generator_IKS":0.16030523,"data_generator_T":1419.6},{"data_generator_IKS":0.16205473,"data_generator_T":1424.15},{"data_generator_IKS":0.16381037,"data_generator_T":1428.7},{"data_generator_IKS":0.16557203,"data_generator_T":1433.25},{"data_generator_IKS":0.16733959,"data_generator_T":1437.8},{"data_generator_IKS":0.16911294,"data_generator_T":1442.35},{"data_generator_IKS":0.17089193,"data_generator_T":1446.9},{"data_generator_IKS":0.17267643,"data_generator_T":1451.45},{"data_generator_IKS":0.17446634,"data_generator_T":1456.0},{"data_generator_IKS":0.17626154,"data_generator_T":1460.55},{"data_generator_IKS":0.17806189,"data_generator_T":1465.1},{"data_generator_IKS":0.17986727,"data_generator_T":1469.65},{"data_generator_IKS":0.18167755,"data_generator_T":1474.2},{"data_generator_IKS":0.18349262,"data_generator_T":1478.75},{"data_generator_IKS":0.18531232,"data_generator_T":1483.3},{"data_generator_IKS":0.18713656,"data_generator_T":1487.85},{"data_generator_IKS":0.1889652,"data_generator_T":1492.4},{"data_generator_IKS":0.19079812,"data_generator_T":1496.95},{"data_generator_IKS":0.19263519,"data_generator_T":1501.5},{"data_generator_IKS":0.19447628,"data_generator_T":1506.05},{"data_generator_IKS":0.19632128,"data_generator_T":1510.6},{"data_generator_IKS":0.19817004,"data_generator_T":1515.15},{"data_generator_IKS":0.20002244,"data_generator_T":1519.7},{"data_generator_IKS":0.20187837,"data_generator_T":1524.25},{"data_generator_IKS":0.20373769,"data_generator_T":1528.8},{"data_generator_IKS":0.20560028,"data_generator_T":1533.35},{"data_generator_IKS":0.20746602,"data_generator_T":1537.9},{"data_generator_IKS":0.20933478,"data_generator_T":1542.45},{"data_generator_IKS":0.21120642,"data_generator_T":1547.0},{"data_generator_IKS":0.21308084,"data_generator_T":1551.55},{"data_generator_IKS":0.21495789,"data_generator_T":1556.1},{"data_generator_IKS":0.21683748,"data_generator_T":1560.65},{"data_generator_IKS":0.21871947,"data_generator_T":1565.2},{"data_generator_IKS":0.22060372,"data_generator_T":1569.75},{"data_generator_IKS":0.22249013,"data_generator_T":1574.3},{"data_generator_IKS":0.22437857,"data_generator_T":1578.85},{"data_generator_IKS":0.22626893,"data_generator_T":1583.4},{"data_generator_IKS":0.22816107,"data_generator_T":1587.95},{"data_generator_IKS":0.23005487,"data_generator_T":1592.5},{"data_generator_IKS":0.23195021,"data_generator_T":1597.05},{"data_generator_IKS":0.23384699,"data_generator_T":1601.6},{"data_generator_IKS":0.23574507,"data_generator_T":1606.15},{"data_generator_IKS":0.23764433,"data_generator_T":1610.7},{"data_generator_IKS":0.23954467,"data_generator_T":1615.25},{"data_generator_IKS":0.24144596,"data_generator_T":1619.8},{"data_generator_IKS":0.24334809,"data_generator_T":1624.35},{"data_generator_IKS":0.24525094,"data_generator_T":1628.9},{"data_generator_IKS":0.2471544,"data_generator_T":1633.45},{"data_generator_IKS":0.24905834,"data_generator_T":1638.0},{"data_generator_IKS":0.25096267,"data_generator_T":1642.55},{"data_generator_IKS":0.25286725,"data_generator_T":1647.1},{"data_generator_IKS":0.25477198,"data_generator_T":1651.65},{"data_generator_IKS":0.25667676,"data_generator_T":1656.2},{"data_generator_IKS":0.25858146,"data_generator_T":1660.75},{"data_generator_IKS":0.26048601,"data_generator_T":1665.3},{"data_generator_IKS":0.26239023,"data_generator_T":1669.85},{"data_generator_IKS":0.26429406,"data_generator_T":1674.4},{"data_generator_IKS":0.26619741,"data_generator_T":1678.95},{"data_generator_IKS":0.26810014,"data_generator_T":1683.5},{"data_generator_IKS":0.27000213,"data_generator_T":1688.05},{"data_generator_IKS":0.27190331,"data_generator_T":1692.6},{"data_generator_IKS":0.27380359,"data_generator_T":1697.15},{"data_generator_IKS":0.2757028,"data_generator_T":1701.7},{"data_generator_IKS":0.27760091,"data_generator_T":1706.25},{"data_generator_IKS":0.2794978,"data_generator_T":1710.8},{"data_generator_IKS":0.28139332,"data_generator_T":1715.35},{"data_generator_IKS":0.28328744,"data_generator_T":1719.9},{"data_generator_IKS":0.28518003,"data_generator_T":1724.45},{"data_generator_IKS":0.28707099,"data_generator_T":1729.0},{"data_generator_IKS":0.28896025,"data_generator_T":1733.55},{"data_generator_IKS":0.29084769,"data_generator_T":1738.1},{"data_generator_IKS":0.29273319,"data_generator_T":1742.65},{"data_generator_IKS":0.29461673,"data_generator_T":1747.2},{"data_generator_IKS":0.29649815,"data_generator_T":1751.75},{"data_generator_IKS":0.29837739,"data_generator_T":1756.3},{"data_generator_IKS":0.30025437,"data_generator_T":1760.85},{"data_generator_IKS":0.302129,"data_generator_T":1765.4},{"data_generator_IKS":0.30400115,"data_generator_T":1769.95},{"data_generator_IKS":0.3058708,"data_generator_T":1774.5},{"data_generator_IKS":0.3077378,"data_generator_T":1779.05},{"data_generator_IKS":0.30960211,"data_generator_T":1783.6},{"data_generator_IKS":0.31146362,"data_generator_T":1788.15},{"data_generator_IKS":0.31332228,"data_generator_T":1792.7},{"data_generator_IKS":0.31517798,"data_generator_T":1797.25},{"data_generator_IKS":0.31703067,"data_generator_T":1801.8},{"data_generator_IKS":0.31888023,"data_generator_T":1806.35},{"data_generator_IKS":0.3207266,"data_generator_T":1810.9},{"data_generator_IKS":0.3225697,"data_generator_T":1815.45},{"data_generator_IKS":0.32440948,"data_generator_T":1820.0},{"data_generator_IKS":0.32624584,"data_generator_T":1824.55},{"data_generator_IKS":0.32807872,"data_generator_T":1829.1},{"data_generator_IKS":0.32990804,"data_generator_T":1833.65},{"data_generator_IKS":0.33173373,"data_generator_T":1838.2},{"data_generator_IKS":0.3335557,"data_generator_T":1842.75},{"data_generator_IKS":0.33537394,"data_generator_T":1847.3},{"data_generator_IKS":0.3371883,"data_generator_T":1851.85},{"data_generator_IKS":0.33899879,"data_generator_T":1856.4},{"data_generator_IKS":0.34080532,"data_generator_T":1860.95},{"data_generator_IKS":0.3426078,"data_generator_T":1865.5},{"data_generator_IKS":0.34440619,"data_generator_T":1870.05},{"data_generator_IKS":0.34620041,"data_generator_T":1874.6},{"data_generator_IKS":0.34799042,"data_generator_T":1879.15},{"data_generator_IKS":0.34977615,"data_generator_T":1883.7},{"data_generator_IKS":0.35155755,"data_generator_T":1888.25},{"data_generator_IKS":0.35333455,"data_generator_T":1892.8},{"data_generator_IKS":0.3551071,"data_generator_T":1897.35},{"data_generator_IKS":0.35687512,"data_generator_T":1901.9},{"data_generator_IKS":0.35863861,"data_generator_T":1906.45},{"data_generator_IKS":0.36039746,"data_generator_T":1911.0},{"data_generator_IKS":0.36215165,"data_generator_T":1915.55},{"data_generator_IKS":0.36390114,"data_generator_T":1920.1},{"data_generator_IKS":0.36564583,"data_generator_T":1924.65},{"data_generator_IKS":0.36738572,"data_generator_T":1929.2},{"data_generator_IKS":0.36912072,"data_generator_T":1933.75},{"data_generator_IKS":0.37085083,"data_generator_T":1938.3},{"data_generator_IKS":0.37257597,"data_generator_T":1942.85},{"data_generator_IKS":0.37429607,"data_generator_T":1947.4},{"data_generator_IKS":0.37601116,"data_generator_T":1951.95},{"data_generator_IKS":0.37772113,"data_generator_T":1956.5},{"data_generator_IKS":0.37942597,"data_generator_T":1961.05},{"data_generator_IKS":0.38112566,"data_generator_T":1965.6},{"data_generator_IKS":0.3828201,"data_generator_T":1970.15},{"data_generator_IKS":0.3845093,"data_generator_T":1974.7},{"data_generator_IKS":0.38619319,"data_generator_T":1979.25},{"data_generator_IKS":0.38787174,"data_generator_T":1983.8},{"data_generator_IKS":0.38954493,"data_generator_T":1988.35},{"data_generator_IKS":0.3912127,"data_generator_T":1992.9},{"data_generator_IKS":0.39287505,"data_generator_T":1997.45},{"data_generator_IKS":0.39453194,"data_generator_T":2002.0},{"data_generator_IKS":0.39618328,"data_generator_T":2006.55},{"data_generator_IKS":0.39782912,"data_generator_T":2011.1},{"data_generator_IKS":0.39946938,"data_generator_T":2015.65},{"data_generator_IKS":0.40110403,"data_generator_T":2020.2},{"data_generator_IKS":0.40273306,"data_generator_T":2024.75},{"data_generator_IKS":0.40435645,"data_generator_T":2029.3},{"data_generator_IKS":0.40597415,"data_generator_T":2033.85},{"data_generator_IKS":0.40758613,"data_generator_T":2038.4},{"data_generator_IKS":0.40919238,"data_generator_T":2042.95},{"data_generator_IKS":0.41079286,"data_generator_T":2047.5},{"data_generator_IKS":0.41238758,"data_generator_T":2052.05},{"data_generator_IKS":0.41397649,"data_generator_T":2056.6001},{"data_generator_IKS":0.41555956,"data_generator_T":2061.1499},{"data_generator_IKS":0.41713679,"data_generator_T":2065.7},{"data_generator_IKS":0.41870815,"data_generator_T":2070.25},{"data_generator_IKS":0.4202736,"data_generator_T":2074.8},{"data_generator_IKS":0.42183316,"data_generator_T":2079.3501},{"data_generator_IKS":0.42338678,"data_generator_T":2083.8999},{"data_generator_IKS":0.42493448,"data_generator_T":2088.45},{"data_generator_IKS":0.42647618,"data_generator_T":2093.0},{"data_generator_IKS":0.42801192,"data_generator_T":2097.55},{"data_generator_IKS":0.42954168,"data_generator_T":2102.1001},{"data_generator_IKS":0.43106544,"data_generator_T":2106.6499},{"data_generator_IKS":0.43258315,"data_generator_T":2111.2},{"data_generator_IKS":0.43409485,"data_generator_T":2115.75},{"data_generator_IKS":0.43560049,"data_generator_T":2120.3},{"data_generator_IKS":0.43710008,"data_generator_T":2124.8501},{"data_generator_IKS":0.4385936,"data_generator_T":2129.3999},{"data_generator_IKS":0.44008106,"data_generator_T":2133.95},{"data_generator_IKS":0.44156241,"data_generator_T":2138.5},{"data_generator_IKS":0.44303766,"data_generator_T":2143.05},{"data_generator_IKS":0.44450682,"data_generator_T":2147.6001},{"data_generator_IKS":0.44596988,"data_generator_T":2152.1499},{"data_generator_IKS":0.4474268,"data_generator_T":2156.7},{"data_generator_IKS":0.44887757,"data_generator_T":2161.25},{"data_generator_IKS":0.45032224,"data_generator_T":2165.8},{"data_generator_IKS":0.45176077,"data_generator_T":2170.3501},{"data_generator_IKS":0.45319316,"data_generator_T":2174.8999},{"data_generator_IKS":0.45461941,"data_generator_T":2179.45},{"data_generator_IKS":0.45603952,"data_generator_T":2184.0},{"data_generator_IKS":0.45745346,"data_generator_T":2188.55},{"data_generator_IKS":0.45886126,"data_generator_T":2193.1001},{"data_generator_IKS":0.46026289,"data_generator_T":2197.6499},{"data_generator_IKS":0.46165836,"data_generator_T":2202.2},{"data_generator_IKS":0.46304768,"data_generator_T":2206.75},{"data_generator_IKS":0.46443087,"data_generator_T":2211.3},{"data_generator_IKS":0.46580788,"data_generator_T":2215.8501},{"data_generator_IKS":0.46717873,"data_generator_T":2220.3999},{"data_generator_IKS":0.46854344,"data_generator_T":2224.95},{"data_generator_IKS":0.46990201,"data_generator_T":2229.5},{"data_generator_IKS":0.47125441,"data_generator_T":2234.05},{"data_generator_IKS":0.47260067,"data_generator_T":2238.6001},{"data_generator_IKS":0.47394079,"data_generator_T":2243.1499},{"data_generator_IKS":0.47527477,"data_generator_T":2247.7},{"data_generator_IKS":0.47660261,"data_generator_T":2252.25},{"data_generator_IKS":0.47792432,"data_generator_T":2256.8},{"data_generator_IKS":0.47923991,"data_generator_T":2261.3501},{"data_generator_IKS":0.4805494,"data_generator_T":2265.8999},{"data_generator_IKS":0.48185277,"data_generator_T":2270.45},{"data_generator_IKS":0.48315001,"data_generator_T":2275.0},{"data_generator_IKS":0.48444119,"data_generator_T":2279.55},{"data_generator_IKS":0.48572624,"data_generator_T":2284.1001},{"data_generator_IKS":0.48700523,"data_generator_T":2288.6499},{"data_generator_IKS":0.48827815,"data_generator_T":2293.2},{"data_generator_IKS":0.48954499,"data_generator_T":2297.75},{"data_generator_IKS":0.49080577,"data_generator_T":2302.3},{"data_generator_IKS":0.49206051,"data_generator_T":2306.8501},{"data_generator_IKS":0.49330923,"data_generator_T":2311.3999},{"data_generator_IKS":0.4945519,"data_generator_T":2315.95},{"data_generator_IKS":0.49578854,"data_generator_T":2320.5},{"data_generator_IKS":0.49701917,"data_generator_T":2325.05},{"data_generator_IKS":0.49824384,"data_generator_T":2329.6001},{"data_generator_IKS":0.49946249,"data_generator_T":2334.1499},{"data_generator_IKS":0.5006752,"data_generator_T":2338.7},{"data_generator_IKS":0.5018819,"data_generator_T":2343.25},{"data_generator_IKS":0.50308269,"data_generator_T":2347.8},{"data_generator_IKS":0.50427753,"data_generator_T":2352.3501},{"data_generator_IKS":0.50546646,"data_generator_T":2356.8999},{"data_generator_IKS":0.50664943,"data_generator_T":2361.45},{"data_generator_IKS":0.50782651,"data_generator_T":2366.0},{"data_generator_IKS":0.50899774,"data_generator_T":2370.55},{"data_generator_IKS":0.51016313,"data_generator_T":2375.1001},{"data_generator_IKS":0.51132262,"data_generator_T":2379.6499},{"data_generator_IKS":0.51247627,"data_generator_T":2384.2},{"data_generator_IKS":0.51362407,"data_generator_T":2388.75},{"data_generator_IKS":0.5147661,"data_generator_T":2393.3},{"data_generator_IKS":0.51590228,"data_generator_T":2397.8501},{"data_generator_IKS":0.51703274,"data_generator_T":2402.3999},{"data_generator_IKS":0.51815736,"data_generator_T":2406.95},{"data_generator_IKS":0.51927626,"data_generator_T":2411.5},{"data_generator_IKS":0.52038944,"data_generator_T":2416.05},{"data_generator_IKS":0.52149695,"data_generator_T":2420.6001},{"data_generator_IKS":0.52259868,"data_generator_T":2425.1499},{"data_generator_IKS":0.52369475,"data_generator_T":2429.7},{"data_generator_IKS":0.52478516,"data_generator_T":2434.25},{"data_generator_IKS":0.52586991,"data_generator_T":2438.8},{"data_generator_IKS":0.52694899,"data_generator_T":2443.3501},{"data_generator_IKS":0.52802253,"data_generator_T":2447.8999},{"data_generator_IKS":0.5290904,"data_generator_T":2452.45},{"data_generator_IKS":0.53015274,"data_generator_T":2457.0},{"data_generator_IKS":0.53120947,"data_generator_T":2461.55},{"data_generator_IKS":0.53226066,"data_generator_T":2466.1001},{"data_generator_IKS":0.53330636,"data_generator_T":2470.6499},{"data_generator_IKS":0.53434652,"data_generator_T":2475.2},{"data_generator_IKS":0.5353812,"data_generator_T":2479.75},{"data_generator_IKS":0.53641039,"data_generator_T":2484.3},{"data_generator_IKS":0.53743416,"data_generator_T":2488.8501},{"data_generator_IKS":0.53845245,"data_generator_T":2493.3999},{"data_generator_IKS":0.53946537,"data_generator_T":2497.95},{"data_generator_IKS":0.54047287,"data_generator_T":2502.5},{"data_generator_IKS":0.54147494,"data_generator_T":2507.05},{"data_generator_IKS":0.54247171,"data_generator_T":2511.6001},{"data_generator_IKS":0.54346311,"data_generator_T":2516.1499},{"data_generator_IKS":0.54444921,"data_generator_T":2520.7},{"data_generator_IKS":0.54543,"data_generator_T":2525.25},{"data_generator_IKS":0.54640555,"data_generator_T":2529.8},{"data_generator_IKS":0.5473758,"data_generator_T":2534.3501},{"data_generator_IKS":0.5483408,"data_generator_T":2538.8999},{"data_generator_IKS":0.54930061,"data_generator_T":2543.45},{"data_generator_IKS":0.55025518,"data_generator_T":2548.0},{"data_generator_IKS":0.55120462,"data_generator_T":2552.55},{"data_generator_IKS":0.55214882,"data_generator_T":2557.1001},{"data_generator_IKS":0.55308795,"data_generator_T":2561.6499},{"data_generator_IKS":0.55402195,"data_generator_T":2566.2},{"data_generator_IKS":0.55495083,"data_generator_T":2570.75},{"data_generator_IKS":0.55587465,"data_generator_T":2575.3},{"data_generator_IKS":0.55679339,"data_generator_T":2579.8501},{"data_generator_IKS":0.55770707,"data_generator_T":2584.3999},{"data_generator_IKS":0.55861574,"data_generator_T":2588.95},{"data_generator_IKS":0.55951947,"data_generator_T":2593.5},{"data_generator_IKS":0.56041819,"data_generator_T":2598.05},{"data_generator_IKS":0.5613119,"data_generator_T":2602.6001},{"data_generator_IKS":0.56220073,"data_generator_T":2607.1499},{"data_generator_IKS":0.56308466,"data_generator_T":2611.7},{"data_generator_IKS":0.56396365,"data_generator_T":2616.25},{"data_generator_IKS":0.56483781,"data_generator_T":2620.8},{"data_generator_IKS":0.56570709,"data_generator_T":2625.3501},{"data_generator_IKS":0.56657153,"data_generator_T":2629.8999},{"data_generator_IKS":0.56743121,"data_generator_T":2634.45},{"data_generator_IKS":0.56828606,"data_generator_T":2639.0},{"data_generator_IKS":0.56913614,"data_generator_T":2643.55},{"data_generator_IKS":0.56998146,"data_generator_T":2648.1001},{"data_generator_IKS":0.57082212,"data_generator_T":2652.6499},{"data_generator_IKS":0.57165802,"data_generator_T":2657.2},{"data_generator_IKS":0.57248926,"data_generator_T":2661.75},{"data_generator_IKS":0.5733158,"data_generator_T":2666.3},{"data_generator_IKS":0.57413775,"data_generator_T":2670.8501},{"data_generator_IKS":0.57495505,"data_generator_T":2675.3999},{"data_generator_IKS":0.5757677,"data_generator_T":2679.95},{"data_generator_IKS":0.57657582,"data_generator_T":2684.5},{"data_generator_IKS":0.57737941,"data_generator_T":2689.05},{"data_generator_IKS":0.57817841,"data_generator_T":2693.6001},{"data_generator_IKS":0.57897294,"data_generator_T":2698.1499},{"data_generator_IKS":0.57976294,"data_generator_T":2702.7},{"data_generator_IKS":0.58054852,"data_generator_T":2707.25},{"data_generator_IKS":0.58132958,"data_generator_T":2711.8},{"data_generator_IKS":0.58210623,"data_generator_T":2716.3501},{"data_generator_IKS":0.58287847,"data_generator_T":2720.8999},{"data_generator_IKS":0.58364636,"data_generator_T":2725.45},{"data_generator_IKS":0.58440983,"data_generator_T":2730.0},{"data_generator_IKS":0.58516896,"data_generator_T":2734.55},{"data_generator_IKS":0.58592379,"data_generator_T":2739.1001},{"data_generator_IKS":0.58667427,"data_generator_T":2743.6499},{"data_generator_IKS":0.58742052,"data_generator_T":2748.2},{"data_generator_IKS":0.58816242,"data_generator_T":2752.75},{"data_generator_IKS":0.58890015,"data_generator_T":2757.3},{"data_generator_IKS":0.58963364,"data_generator_T":2761.8501},{"data_generator_IKS":0.59036291,"data_generator_T":2766.3999},{"data_generator_IKS":0.591088,"data_generator_T":2770.95},{"data_generator_IKS":0.59180897,"data_generator_T":2775.5},{"data_generator_IKS":0.59252578,"data_generator_T":2780.05},{"data_generator_IKS":0.59323841,"data_generator_T":2784.6001},{"data_generator_IKS":0.59394699,"data_generator_T":2789.1499},{"data_generator_IKS":0.59465152,"data_generator_T":2793.7},{"data_generator_IKS":0.59535193,"data_generator_T":2798.25},{"data_generator_IKS":0.59604836,"data_generator_T":2802.8},{"data_generator_IKS":0.59674072,"data_generator_T":2807.3501},{"data_generator_IKS":0.5974291,"data_generator_T":2811.8999},{"data_generator_IKS":0.59811354,"data_generator_T":2816.45},{"data_generator_IKS":0.59879398,"data_generator_T":2821.0},{"data_generator_IKS":0.5994705,"data_generator_T":2825.55},{"data_generator_IKS":0.60014307,"data_generator_T":2830.1001},{"data_generator_IKS":0.60081178,"data_generator_T":2834.6499},{"data_generator_IKS":0.60147655,"data_generator_T":2839.2},{"data_generator_IKS":0.60213751,"data_generator_T":2843.75},{"data_generator_IKS":0.60279465,"data_generator_T":2848.3},{"data_generator_IKS":0.60344797,"data_generator_T":2852.8501},{"data_generator_IKS":0.60409749,"data_generator_T":2857.3999},{"data_generator_IKS":0.60474318,"data_generator_T":2861.95},{"data_generator_IKS":0.60538518,"data_generator_T":2866.5},{"data_generator_IKS":0.60602337,"data_generator_T":2871.05},{"data_generator_IKS":0.60665792,"data_generator_T":2875.6001},{"data_generator_IKS":0.60728872,"data_generator_T":2880.1499},{"data_generator_IKS":0.60791582,"data_generator_T":2884.7},{"data_generator_IKS":0.60853928,"data_generator_T":2889.25},{"data_generator_IKS":0.60915911,"data_generator_T":2893.8},{"data_generator_IKS":0.6097753,"data_generator_T":2898.3501},{"data_generator_IKS":0.61038792,"data_generator_T":2902.8999},{"data_generator_IKS":0.61099696,"data_generator_T":2907.45},{"data_generator_IKS":0.61160237,"data_generator_T":2912.0},{"data_generator_IKS":0.61220431,"data_generator_T":2916.55},{"data_generator_IKS":0.61280268,"data_generator_T":2921.1001},{"data_generator_IKS":0.61339754,"data_generator_T":2925.6499},{"data_generator_IKS":0.61398888,"data_generator_T":2930.2},{"data_generator_IKS":0.61457682,"data_generator_T":2934.75},{"data_generator_IKS":0.61516124,"data_generator_T":2939.3},{"data_generator_IKS":0.61574227,"data_generator_T":2943.8501},{"data_generator_IKS":0.61631989,"data_generator_T":2948.3999},{"data_generator_IKS":0.61689407,"data_generator_T":2952.95},{"data_generator_IKS":0.6174649,"data_generator_T":2957.5},{"data_generator_IKS":0.61803234,"data_generator_T":2962.05},{"data_generator_IKS":0.61859649,"data_generator_T":2966.6001},{"data_generator_IKS":0.61915731,"data_generator_T":2971.1499},{"data_generator_IKS":0.6197148,"data_generator_T":2975.7},{"data_generator_IKS":0.620269,"data_generator_T":2980.25},{"data_generator_IKS":0.62081993,"data_generator_T":2984.8},{"data_generator_IKS":0.62136763,"data_generator_T":2989.3501},{"data_generator_IKS":0.62191206,"data_generator_T":2993.8999},{"data_generator_IKS":0.62245327,"data_generator_T":2998.45},{"data_generator_IKS":0.62299132,"data_generator_T":3003.0},{"data_generator_IKS":0.62352616,"data_generator_T":3007.55},{"data_generator_IKS":0.62405789,"data_generator_T":3012.1001},{"data_generator_IKS":0.6245864,"data_generator_T":3016.6499},{"data_generator_IKS":0.62511182,"data_generator_T":3021.2},{"data_generator_IKS":0.62563413,"data_generator_T":3025.75},{"data_generator_IKS":0.62615335,"data_generator_T":3030.3},{"data_generator_IKS":0.62666947,"data_generator_T":3034.8501},{"data_generator_IKS":0.62718254,"data_generator_T":3039.3999},{"data_generator_IKS":0.62769258,"data_generator_T":3043.95},{"data_generator_IKS":0.62819958,"data_generator_T":3048.5},{"data_generator_IKS":0.62870359,"data_generator_T":3053.05},{"data_generator_IKS":0.62920457,"data_generator_T":3057.6001},{"data_generator_IKS":0.62970263,"data_generator_T":3062.1499},{"data_generator_IKS":0.6301977,"data_generator_T":3066.7},{"data_generator_IKS":0.6306898,"data_generator_T":3071.25},{"data_generator_IKS":0.63117898,"data_generator_T":3075.8},{"data_generator_IKS":0.63166529,"data_generator_T":3080.3501},{"data_generator_IKS":0.63214868,"data_generator_T":3084.8999},{"data_generator_IKS":0.63262922,"data_generator_T":3089.45},{"data_generator_IKS":0.63310689,"data_generator_T":3094.0},{"data_generator_IKS":0.6335817,"data_generator_T":3098.55},{"data_generator_IKS":0.63405371,"data_generator_T":3103.1001},{"data_generator_IKS":0.63452286,"data_generator_T":3107.6499},{"data_generator_IKS":0.63498926,"data_generator_T":3112.2},{"data_generator_IKS":0.63545287,"data_generator_T":3116.75},{"data_generator_IKS":0.63591367,"data_generator_T":3121.3},{"data_generator_IKS":0.63637179,"data_generator_T":3125.8501},{"data_generator_IKS":0.63682711,"data_generator_T":3130.3999},{"data_generator_IKS":0.63727975,"data_generator_T":3134.95},{"data_generator_IKS":0.6377297,"data_generator_T":3139.5},{"data_generator_IKS":0.63817692,"data_generator_T":3144.05},{"data_generator_IKS":0.63862151,"data_generator_T":3148.6001},{"data_generator_IKS":0.63906342,"data_generator_T":3153.1499},{"data_generator_IKS":0.6395027,"data_generator_T":3157.7},{"data_generator_IKS":0.63993937,"data_generator_T":3162.25},{"data_generator_IKS":0.64037341,"data_generator_T":3166.8},{"data_generator_IKS":0.64080489,"data_generator_T":3171.3501},{"data_generator_IKS":0.64123374,"data_generator_T":3175.8999},{"data_generator_IKS":0.64166003,"data_generator_T":3180.45},{"data_generator_IKS":0.64208376,"data_generator_T":3185.0},{"data_generator_IKS":0.64250499,"data_generator_T":3189.55},{"data_generator_IKS":0.64292365,"data_generator_T":3194.1001},{"data_generator_IKS":0.64333987,"data_generator_T":3198.6499},{"data_generator_IKS":0.64375353,"data_generator_T":3203.2},{"data_generator_IKS":0.64416474,"data_generator_T":3207.75},{"data_generator_IKS":0.64457351,"data_generator_T":3212.3},{"data_generator_IKS":0.64497977,"data_generator_T":3216.8501},{"data_generator_IKS":0.64538366,"data_generator_T":3221.3999},{"data_generator_IKS":0.64578509,"data_generator_T":3225.95},{"data_generator_IKS":0.64618409,"data_generator_T":3230.5},{"data_generator_IKS":0.64658076,"data_generator_T":3235.05},{"data_generator_IKS":0.64697498,"data_generator_T":3239.6001},{"data_generator_IKS":0.64736688,"data_generator_T":3244.1499},{"data_generator_IKS":0.6477564,"data_generator_T":3248.7},{"data_generator_IKS":0.64814359,"data_generator_T":3253.25},{"data_generator_IKS":0.64852846,"data_generator_T":3257.8},{"data_generator_IKS":0.648911,"data_generator_T":3262.3501},{"data_generator_IKS":0.64929128,"data_generator_T":3266.8999},{"data_generator_IKS":0.64966923,"data_generator_T":3271.45},{"data_generator_IKS":0.65004492,"data_generator_T":3276.0},{"data_generator_IKS":0.6504184,"data_generator_T":3280.55},{"data_generator_IKS":0.65078956,"data_generator_T":3285.1001},{"data_generator_IKS":0.65115857,"data_generator_T":3289.6499},{"data_generator_IKS":0.65152532,"data_generator_T":3294.2},{"data_generator_IKS":0.6518898,"data_generator_T":3298.75},{"data_generator_IKS":0.6522522,"data_generator_T":3303.3},{"data_generator_IKS":0.65261233,"data_generator_T":3307.8501},{"data_generator_IKS":0.65297031,"data_generator_T":3312.3999},{"data_generator_IKS":0.65332615,"data_generator_T":3316.95},{"data_generator_IKS":0.65367985,"data_generator_T":3321.5},{"data_generator_IKS":0.65403146,"data_generator_T":3326.05},{"data_generator_IKS":0.65438092,"data_generator_T":3330.6001},{"data_generator_IKS":0.65472823,"data_generator_T":3335.1499},{"data_generator_IKS":0.65507346,"data_generator_T":3339.7},{"data_generator_IKS":0.65541667,"data_generator_T":3344.25},{"data_generator_IKS":0.65575778,"data_generator_T":3348.8},{"data_generator_IKS":0.65609682,"data_generator_T":3353.3501},{"data_generator_IKS":0.65643382,"data_generator_T":3357.8999},{"data_generator_IKS":0.6567688,"data_generator_T":3362.45},{"data_generator_IKS":0.65710175,"data_generator_T":3367.0},{"data_generator_IKS":0.65743268,"data_generator_T":3371.55},{"data_generator_IKS":0.65776163,"data_generator_T":3376.1001},{"data_generator_IKS":0.65808856,"data_generator_T":3380.6499},{"data_generator_IKS":0.65841359,"data_generator_T":3385.2},{"data_generator_IKS":0.65873659,"data_generator_T":3389.75},{"data_generator_IKS":0.65905768,"data_generator_T":3394.3},{"data_generator_IKS":0.6593768,"data_generator_T":3398.8501},{"data_generator_IKS":0.65969402,"data_generator_T":3403.3999},{"data_generator_IKS":0.66000932,"data_generator_T":3407.95},{"data_generator_IKS":0.66032273,"data_generator_T":3412.5},{"data_generator_IKS":0.66063422,"data_generator_T":3417.05},{"data_generator_IKS":0.66094387,"data_generator_T":3421.6001},{"data_generator_IKS":0.6612516,"data_generator_T":3426.1499},{"data_generator_IKS":0.6615575,"data_generator_T":3430.7},{"data_generator_IKS":0.66186154,"data_generator_T":3435.25},{"data_generator_IKS":0.66216373,"data_generator_T":3439.8},{"data_generator_IKS":0.66246408,"data_generator_T":3444.3501},{"data_generator_IKS":0.66276264,"data_generator_T":3448.8999},{"data_generator_IKS":0.66305941,"data_generator_T":3453.45},{"data_generator_IKS":0.66335434,"data_generator_T":3458.0},{"data_generator_IKS":0.66364753,"data_generator_T":3462.55},{"data_generator_IKS":0.66393894,"data_generator_T":3467.1001},{"data_generator_IKS":0.66422856,"data_generator_T":3471.6499},{"data_generator_IKS":0.66451645,"data_generator_T":3476.2},{"data_generator_IKS":0.66480261,"data_generator_T":3480.75},{"data_generator_IKS":0.66508704,"data_generator_T":3485.3},{"data_generator_IKS":0.66536975,"data_generator_T":3489.8501},{"data_generator_IKS":0.66565073,"data_generator_T":3494.3999},{"data_generator_IKS":0.66592997,"data_generator_T":3498.95},{"data_generator_IKS":0.66620755,"data_generator_T":3503.5},{"data_generator_IKS":0.66648346,"data_generator_T":3508.05},{"data_generator_IKS":0.6667577,"data_generator_T":3512.6001},{"data_generator_IKS":0.66703027,"data_generator_T":3517.1499},{"data_generator_IKS":0.66730124,"data_generator_T":3521.7},{"data_generator_IKS":0.66757053,"data_generator_T":3526.25},{"data_generator_IKS":0.66783816,"data_generator_T":3530.8},{"data_generator_IKS":0.66810417,"data_generator_T":3535.3501},{"data_generator_IKS":0.66836864,"data_generator_T":3539.8999},{"data_generator_IKS":0.66863143,"data_generator_T":3544.45},{"data_generator_IKS":0.66889268,"data_generator_T":3549.0},{"data_generator_IKS":0.66915232,"data_generator_T":3553.55},{"data_generator_IKS":0.66941035,"data_generator_T":3558.1001},{"data_generator_IKS":0.66966689,"data_generator_T":3562.6499},{"data_generator_IKS":0.66992182,"data_generator_T":3567.2},{"data_generator_IKS":0.67017525,"data_generator_T":3571.75},{"data_generator_IKS":0.67042708,"data_generator_T":3576.3},{"data_generator_IKS":0.67067742,"data_generator_T":3580.8501},{"data_generator_IKS":0.67092627,"data_generator_T":3585.3999},{"data_generator_IKS":0.67117357,"data_generator_T":3589.95},{"data_generator_IKS":0.67141938,"data_generator_T":3594.5},{"data_generator_IKS":0.6716637,"data_generator_T":3599.05},{"data_generator_IKS":0.67190653,"data_generator_T":3603.6001},{"data_generator_IKS":0.67214787,"data_generator_T":3608.1499},{"data_generator_IKS":0.67238778,"data_generator_T":3612.7},{"data_generator_IKS":0.6726262,"data_generator_T":3617.25},{"data_generator_IKS":0.67286319,"data_generator_T":3621.8},{"data_generator_IKS":0.67309874,"data_generator_T":3626.3501},{"data_generator_IKS":0.67333287,"data_generator_T":3630.8999},{"data_generator_IKS":0.67356557,"data_generator_T":3635.45},{"data_generator_IKS":0.67379689,"data_generator_T":3640.0},{"data_generator_IKS":0.67402679,"data_generator_T":3644.55},{"data_generator_IKS":0.67425525,"data_generator_T":3649.1001},{"data_generator_IKS":0.67448235,"data_generator_T":3653.6499},{"data_generator_IKS":0.67470807,"data_generator_T":3658.2},{"data_generator_IKS":0.67493242,"data_generator_T":3662.75},{"data_generator_IKS":0.6751554,"data_generator_T":3667.3},{"data_generator_IKS":0.67537701,"data_generator_T":3671.8501},{"data_generator_IKS":0.67559731,"data_generator_T":3676.3999},{"data_generator_IKS":0.67581624,"data_generator_T":3680.95},{"data_generator_IKS":0.67603385,"data_generator_T":3685.5},{"data_generator_IKS":0.67625016,"data_generator_T":3690.05},{"data_generator_IKS":0.67646509,"data_generator_T":3694.6001},{"data_generator_IKS":0.67667878,"data_generator_T":3699.1499},{"data_generator_IKS":0.67689115,"data_generator_T":3703.7},{"data_generator_IKS":0.67710221,"data_generator_T":3708.25},{"data_generator_IKS":0.67731202,"data_generator_T":3712.8},{"data_generator_IKS":0.67752051,"data_generator_T":3717.3501},{"data_generator_IKS":0.67772776,"data_generator_T":3721.8999},{"data_generator_IKS":0.67793375,"data_generator_T":3726.45},{"data_generator_IKS":0.67813849,"data_generator_T":3731.0},{"data_generator_IKS":0.67834198,"data_generator_T":3735.55},{"data_generator_IKS":0.67854422,"data_generator_T":3740.1001},{"data_generator_IKS":0.67874521,"data_generator_T":3744.6499},{"data_generator_IKS":0.678945,"data_generator_T":3749.2},{"data_generator_IKS":0.67914361,"data_generator_T":3753.75},{"data_generator_IKS":0.67934096,"data_generator_T":3758.3},{"data_generator_IKS":0.67953712,"data_generator_T":3762.8501},{"data_generator_IKS":0.67973208,"data_generator_T":3767.3999},{"data_generator_IKS":0.67992586,"data_generator_T":3771.95},{"data_generator_IKS":0.6801185,"data_generator_T":3776.5},{"data_generator_IKS":0.68030989,"data_generator_T":3781.05},{"data_generator_IKS":0.68050015,"data_generator_T":3785.6001},{"data_generator_IKS":0.68068928,"data_generator_T":3790.1499},{"data_generator_IKS":0.68087721,"data_generator_T":3794.7},{"data_generator_IKS":0.68106401,"data_generator_T":3799.25},{"data_generator_IKS":0.68124968,"data_generator_T":3803.8},{"data_generator_IKS":0.68143421,"data_generator_T":3808.3501},{"data_generator_IKS":0.68161762,"data_generator_T":3812.8999},{"data_generator_IKS":0.68179989,"data_generator_T":3817.45},{"data_generator_IKS":0.68198109,"data_generator_T":3822.0},{"data_generator_IKS":0.68216115,"data_generator_T":3826.55},{"data_generator_IKS":0.68234015,"data_generator_T":3831.1001},{"data_generator_IKS":0.68251801,"data_generator_T":3835.6499},{"data_generator_IKS":0.68269479,"data_generator_T":3840.2},{"data_generator_IKS":0.68287051,"data_generator_T":3844.75},{"data_generator_IKS":0.68304515,"data_generator_T":3849.3},{"data_generator_IKS":0.68321878,"data_generator_T":3853.8501},{"data_generator_IKS":0.68339127,"data_generator_T":3858.3999},{"data_generator_IKS":0.68356276,"data_generator_T":3862.95},{"data_generator_IKS":0.68373317,"data_generator_T":3867.5},{"data_generator_IKS":0.68390256,"data_generator_T":3872.05},{"data_generator_IKS":0.68407089,"data_generator_T":3876.6001},{"data_generator_IKS":0.6842382,"data_generator_T":3881.1499},{"data_generator_IKS":0.68440449,"data_generator_T":3885.7},{"data_generator_IKS":0.68456978,"data_generator_T":3890.25},{"data_generator_IKS":0.68473405,"data_generator_T":3894.8},{"data_generator_IKS":0.6848973,"data_generator_T":3899.3501},{"data_generator_IKS":0.68505955,"data_generator_T":3903.8999},{"data_generator_IKS":0.68522084,"data_generator_T":3908.45},{"data_generator_IKS":0.68538111,"data_generator_T":3913.0},{"data_generator_IKS":0.68554044,"data_generator_T":3917.55},{"data_generator_IKS":0.68569875,"data_generator_T":3922.1001},{"data_generator_IKS":0.6858561,"data_generator_T":3926.6499},{"data_generator_IKS":0.68601251,"data_generator_T":3931.2},{"data_generator_IKS":0.68616796,"data_generator_T":3935.75},{"data_generator_IKS":0.68632245,"data_generator_T":3940.3},{"data_generator_IKS":0.68647599,"data_generator_T":3944.8501},{"data_generator_IKS":0.68662864,"data_generator_T":3949.3999},{"data_generator_IKS":0.68678027,"data_generator_T":3953.95},{"data_generator_IKS":0.68693107,"data_generator_T":3958.5},{"data_generator_IKS":0.68708086,"data_generator_T":3963.05},{"data_generator_IKS":0.68722975,"data_generator_T":3967.6001},{"data_generator_IKS":0.68737775,"data_generator_T":3972.1499},{"data_generator_IKS":0.68752486,"data_generator_T":3976.7},{"data_generator_IKS":0.68767107,"data_generator_T":3981.25},{"data_generator_IKS":0.68781632,"data_generator_T":3985.8},{"data_generator_IKS":0.68796074,"data_generator_T":3990.3501},{"data_generator_IKS":0.68810427,"data_generator_T":3994.8999},{"data_generator_IKS":0.68824691,"data_generator_T":3999.45},{"data_generator_IKS":0.68838865,"data_generator_T":4004.0},{"data_generator_IKS":0.68852955,"data_generator_T":4008.55},{"data_generator_IKS":0.68866956,"data_generator_T":4013.1001},{"data_generator_IKS":0.68880874,"data_generator_T":4017.6499},{"data_generator_IKS":0.68894702,"data_generator_T":4022.2},{"data_generator_IKS":0.68908453,"data_generator_T":4026.75},{"data_generator_IKS":0.68922114,"data_generator_T":4031.3},{"data_generator_IKS":0.68935692,"data_generator_T":4035.8501},{"data_generator_IKS":0.68949187,"data_generator_T":4040.3999},{"data_generator_IKS":0.68962598,"data_generator_T":4044.95},{"data_generator_IKS":0.68975931,"data_generator_T":4049.5},{"data_generator_IKS":0.68989176,"data_generator_T":4054.05},{"data_generator_IKS":0.69002342,"data_generator_T":4058.6001},{"data_generator_IKS":0.69015425,"data_generator_T":4063.1499},{"data_generator_IKS":0.69028431,"data_generator_T":4067.7},{"data_generator_IKS":0.69041359,"data_generator_T":4072.25},{"data_generator_IKS":0.69054204,"data_generator_T":4076.8},{"data_generator_IKS":0.69066972,"data_generator_T":4081.3501},{"data_generator_IKS":0.69079661,"data_generator_T":4085.8999},{"data_generator_IKS":0.69092268,"data_generator_T":4090.45},{"data_generator_IKS":0.69104803,"data_generator_T":4095.0},{"data_generator_IKS":0.6911726,"data_generator_T":4099.5498},{"data_generator_IKS":0.16823372,"data_generator_T":4104.1001},{"data_generator_IKS":0.1667036,"data_generator_T":4108.6499},{"data_generator_IKS":0.16500111,"data_generator_T":4113.2002},{"data_generator_IKS":0.16316195,"data_generator_T":4117.75},{"data_generator_IKS":0.16121574,"data_generator_T":4122.2998},{"data_generator_IKS":0.15918715,"data_generator_T":4126.8501},{"data_generator_IKS":0.15709667,"data_generator_T":4131.3999},{"data_generator_IKS":0.15496129,"data_generator_T":4135.9502},{"data_generator_IKS":0.15279511,"data_generator_T":4140.5},{"data_generator_IKS":0.15060979,"data_generator_T":4145.0498},{"data_generator_IKS":0.14841497,"data_generator_T":4149.6001},{"data_generator_IKS":0.1462186,"data_generator_T":4154.1499},{"data_generator_IKS":0.14402722,"data_generator_T":4158.7002},{"data_generator_IKS":0.14184621,"data_generator_T":4163.25},{"data_generator_IKS":0.13967994,"data_generator_T":4167.7998},{"data_generator_IKS":0.13753197,"data_generator_T":4172.3501},{"data_generator_IKS":0.13540517,"data_generator_T":4176.8999},{"data_generator_IKS":0.13330185,"data_generator_T":4181.4502},{"data_generator_IKS":0.13122383,"data_generator_T":4186.0},{"data_generator_IKS":0.12917255,"data_generator_T":4190.5498},{"data_generator_IKS":0.12714908,"data_generator_T":4195.1001},{"data_generator_IKS":0.12515424,"data_generator_T":4199.6499},{"data_generator_IKS":0.12318864,"data_generator_T":4204.2002},{"data_generator_IKS":0.12125263,"data_generator_T":4208.75},{"data_generator_IKS":0.11934648,"data_generator_T":4213.2998},{"data_generator_IKS":0.11747025,"data_generator_T":4217.8501},{"data_generator_IKS":0.11562394,"data_generator_T":4222.3999},{"data_generator_IKS":0.11380743,"data_generator_T":4226.9502},{"data_generator_IKS":0.11202055,"data_generator_T":4231.5},{"data_generator_IKS":0.11026304,"data_generator_T":4236.0498},{"data_generator_IKS":0.1085346,"data_generator_T":4240.6001},{"data_generator_IKS":0.10683489,"data_generator_T":4245.1499},{"data_generator_IKS":0.10516352,"data_generator_T":4249.7002},{"data_generator_IKS":0.1035201,"data_generator_T":4254.25},{"data_generator_IKS":0.10190419,"data_generator_T":4258.7998},{"data_generator_IKS":0.10031534,"data_generator_T":4263.3501},{"data_generator_IKS":0.098753102,"data_generator_T":4267.8999},{"data_generator_IKS":0.097216986,"data_generator_T":4272.4502},{"data_generator_IKS":0.095706537,"data_generator_T":4277.0},{"data_generator_IKS":0.094221249,"data_generator_T":4281.5498},{"data_generator_IKS":0.092760652,"data_generator_T":4286.1001},{"data_generator_IKS":0.091324255,"data_generator_T":4290.6499},{"data_generator_IKS":0.089911565,"data_generator_T":4295.2002},{"data_generator_IKS":0.088522106,"data_generator_T":4299.75},{"data_generator_IKS":0.087155387,"data_generator_T":4304.2998},{"data_generator_IKS":0.085810944,"data_generator_T":4308.8501},{"data_generator_IKS":0.084488288,"data_generator_T":4313.3999},{"data_generator_IKS":0.083186962,"data_generator_T":4317.9502},{"data_generator_IKS":0.081906497,"data_generator_T":4322.5},{"data_generator_IKS":0.08064644,"data_generator_T":4327.0498},{"data_generator_IKS":0.079406343,"data_generator_T":4331.6001},{"data_generator_IKS":0.078185767,"data_generator_T":4336.1499},{"data_generator_IKS":0.076984271,"data_generator_T":4340.7002},{"data_generator_IKS":0.075801432,"data_generator_T":4345.25},{"data_generator_IKS":0.074636824,"data_generator_T":4349.7998},{"data_generator_IKS":0.073490053,"data_generator_T":4354.3501},{"data_generator_IKS":0.072360702,"data_generator_T":4358.8999},{"data_generator_IKS":0.071248382,"data_generator_T":4363.4502},{"data_generator_IKS":0.070152707,"data_generator_T":4368.0},{"data_generator_IKS":0.069073297,"data_generator_T":4372.5498},{"data_generator_IKS":0.068009794,"data_generator_T":4377.1001},{"data_generator_IKS":0.066961825,"data_generator_T":4381.6499},{"data_generator_IKS":0.065929048,"data_generator_T":4386.2002},{"data_generator_IKS":0.064911112,"data_generator_T":4390.75},{"data_generator_IKS":0.06390769,"data_generator_T":4395.2998},{"data_generator_IKS":0.062918447,"data_generator_T":4399.8501},{"data_generator_IKS":0.061943077,"data_generator_T":4404.3999},{"data_generator_IKS":0.060981262,"data_generator_T":4408.9502},{"data_generator_IKS":0.060032707,"data_generator_T":4413.5},{"data_generator_IKS":0.059097111,"data_generator_T":4418.0498},{"data_generator_IKS":0.0581742,"data_generator_T":4422.6001},{"data_generator_IKS":0.057263687,"data_generator_T":4427.1499},{"data_generator_IKS":0.056365307,"data_generator_T":4431.7002},{"data_generator_IKS":0.0554788,"data_generator_T":4436.25},{"data_generator_IKS":0.054603908,"data_generator_T":4440.7998},{"data_generator_IKS":0.05374039,"data_generator_T":4445.3501},{"data_generator_IKS":0.052888002,"data_generator_T":4449.8999},{"data_generator_IKS":0.052046515,"data_generator_T":4454.4502},{"data_generator_IKS":0.051215705,"data_generator_T":4459.0},{"data_generator_IKS":0.050395351,"data_generator_T":4463.5498},{"data_generator_IKS":0.049585246,"data_generator_T":4468.1001},{"data_generator_IKS":0.04878518,"data_generator_T":4472.6499},{"data_generator_IKS":0.047994956,"data_generator_T":4477.2002},{"data_generator_IKS":0.047214389,"data_generator_T":4481.75},{"data_generator_IKS":0.046443284,"data_generator_T":4486.2998},{"data_generator_IKS":0.045681469,"data_generator_T":4490.8501},{"data_generator_IKS":0.044928763,"data_generator_T":4495.3999},{"data_generator_IKS":0.044185005,"data_generator_T":4499.9502},{"data_generator_IKS":0.043450031,"data_generator_T":4504.5},{"data_generator_IKS":0.042723678,"data_generator_T":4509.0498},{"data_generator_IKS":0.042005803,"data_generator_T":4513.6001},{"data_generator_IKS":0.041296251,"data_generator_T":4518.1499},{"data_generator_IKS":0.040594887,"data_generator_T":4522.7002},{"data_generator_IKS":0.039901566,"data_generator_T":4527.25},{"data_generator_IKS":0.039216164,"data_generator_T":4531.7998},{"data_generator_IKS":0.038538545,"data_generator_T":4536.3501},{"data_generator_IKS":0.037868593,"data_generator_T":4540.8999},{"data_generator_IKS":0.037206184,"data_generator_T":4545.4502},{"data_generator_IKS":0.036551204,"data_generator_T":4550.0}]