<?xml version="1.0"?>
<model xmlns="http://www.cellml.org/cellml/1.1#" name="units_model">
  <units xmlns="http://www.cellml.org/cellml/1.1#" name="mm">
    <unit prefix="milli" units="metre"/>
  </units>
  <units xmlns="http://www.cellml.org/cellml/1.1#" name="ng">
    <unit prefix="nano" units="gram"/>
  </units>
  <units xmlns="http://www.cellml.org/cellml/1.1#" name="ms">
    <unit prefix="milli" units="second"/>
  </units>
  <units xmlns="http://www.cellml.org/cellml/1.1#" name="uA">
    <unit prefix="micro" units="ampere"/>
  </units>
  <units xmlns="http://www.cellml.org/cellml/1.1#" name="K">
    <unit units="kelvin"/>
  </units>
  <units xmlns="http://www.cellml.org/cellml/1.1#" name="nmol">
    <unit prefix="nano" units="mole"/>
  </units>
  <units xmlns="http://www.cellml.org/cellml/1.1#" name="mmsq">
    <unit exponent="2" units="mm"/>
  </units>
  <units xmlns="http://www.cellml.org/cellml/1.1#" name="mmcu">
    <unit exponent="3" units="mm"/>
  </units>
  <units xmlns="http://www.cellml.org/cellml/1.1#" name="mssq">
    <unit exponent="2" units="ms"/>
  </units>
  <units xmlns="http://www.cellml.org/cellml/1.1#" name="mscu">
    <unit exponent="3" units="ms"/>
  </units>
  <units xmlns="http://www.cellml.org/cellml/1.1#" name="mV">
    <unit prefix="milli" units="volt"/>
  </units>
  <units xmlns="http://www.cellml.org/cellml/1.1#" name="mVsq">
    <unit exponent="2" units="mV"/>
  </units>
  <units xmlns="http://www.cellml.org/cellml/1.1#" name="mV_per_ms">
    <unit units="mV"/>
    <unit exponent="-1" units="ms"/>
  </units>
  <units xmlns="http://www.cellml.org/cellml/1.1#" name="mS">
    <unit prefix="milli" units="siemens"/>
  </units>
  <units xmlns="http://www.cellml.org/cellml/1.1#" name="mS_per_mmsq">
    <unit units="mS"/>
    <unit exponent="-2" units="mm"/>
  </units>
  <units xmlns="http://www.cellml.org/cellml/1.1#" name="mS_per_mm">
    <unit units="mS"/>
    <unit exponent="-1" units="mm"/>
  </units>
  <units xmlns="http://www.cellml.org/cellml/1.1#" name="uA_per_mmsq">
    <unit units="uA"/>
    <unit exponent="-2" units="mm"/>
  </units>
  <units xmlns="http://www.cellml.org/cellml/1.1#" name="uA_per_mmcu">
    <unit units="uA"/>
    <unit exponent="-3" units="mm"/>
  </units>
  <units xmlns="http://www.cellml.org/cellml/1.1#" name="nC">
    <unit prefix="nano" units="coulomb"/>
  </units>
  <units xmlns="http://www.cellml.org/cellml/1.1#" name="uF">
    <unit prefix="micro" units="farad"/>
  </units>
  <units xmlns="http://www.cellml.org/cellml/1.1#" name="uF_per_mmsq">
    <unit units="uF"/>
    <unit exponent="-2" units="mm"/>
  </units>
  <units xmlns="http://www.cellml.org/cellml/1.1#" name="mM">
    <unit units="nmol"/>
    <unit exponent="-3" units="mm"/>
  </units>
  <units xmlns="http://www.cellml.org/cellml/1.1#" name="mM_per_ms">
    <unit units="mM"/>
    <unit exponent="-1" units="ms"/>
  </units>
  <units xmlns="http://www.cellml.org/cellml/1.1#" name="nN">
    <unit prefix="nano" units="newton"/>
  </units>
  <units xmlns="http://www.cellml.org/cellml/1.1#" name="mPa">
    <unit prefix="milli" units="pascal"/>
  </units>
  <units xmlns="http://www.cellml.org/cellml/1.1#" name="pJ">
    <unit prefix="pico" units="joule"/>
  </units>
  <units xmlns="http://www.cellml.org/cellml/1.1#" name="nW">
    <unit prefix="nano" units="watt"/>
  </units>
  <units xmlns="http://www.cellml.org/cellml/1.1#" name="per_ms">
    <unit exponent="-1" units="ms"/>
  </units>
  <units xmlns="http://www.cellml.org/cellml/1.1#" name="per_mm">
    <unit exponent="-1" units="mm"/>
  </units>
  <units xmlns="http://www.cellml.org/cellml/1.1#" name="per_mV">
    <unit exponent="-1" units="mV"/>
  </units>
  <units xmlns="http://www.cellml.org/cellml/1.1#" name="per_mV_per_ms">
    <unit exponent="-1" units="mV"/>
    <unit units="per_ms"/>
  </units>
  <units xmlns="http://www.cellml.org/cellml/1.1#" name="per_mM_per_ms">
    <unit exponent="-1" units="mM"/>
    <unit units="per_ms"/>
  </units>
  <units xmlns="http://www.cellml.org/cellml/1.1#" name="uA_per_mmsq_per_mM">
    <unit units="uA"/>
    <unit exponent="-2" units="mm"/>
    <unit exponent="-1" units="mM"/>
  </units>
  <units xmlns="http://www.cellml.org/cellml/1.1#" name="mm_per_ms">
    <unit units="mm"/>
    <unit units="per_ms"/>
  </units>
  <units xmlns="http://www.cellml.org/cellml/1.1#" name="gas_constant">
    <unit units="pJ"/>
    <unit exponent="-1" units="nmol"/>
    <unit exponent="-1" units="K"/>
  </units>
  <units xmlns="http://www.cellml.org/cellml/1.1#" name="faradays_constant">
    <unit units="nC"/>
    <unit exponent="-1" units="nmol"/>
  </units>
  <units xmlns="http://www.cellml.org/cellml/1.1#" name="pA_per_pF">
    <unit prefix="pico" units="ampere"/>
    <unit exponent="-1" prefix="pico" units="farad"/>
  </units>
  <units xmlns="http://www.cellml.org/cellml/1.1#" name="nS_per_pF">
    <unit prefix="nano" units="siemens"/>
    <unit exponent="-1" prefix="pico" units="farad"/>
  </units>
  <units xmlns="http://www.cellml.org/cellml/1.1#" name="uF_per_cmsq">
    <unit prefix="micro" units="farad"/>
    <unit exponent="-2" prefix="centi" units="metre"/>
  </units>
  <units xmlns="http://www.cellml.org/cellml/1.1#" name="um">
    <unit prefix="micro" units="metre"/>
  </units>
  <units xmlns="http://www.cellml.org/cellml/1.1#" name="umsq">
    <unit exponent="2" prefix="micro" units="metre"/>
  </units>
  <units xmlns="http://www.cellml.org/cellml/1.1#" name="umcu">
    <unit exponent="3" prefix="micro" units="metre"/>
  </units>
  <units xmlns="http://www.cellml.org/cellml/1.1#" name="cmcu_per_uF_per_s">
    <unit exponent="3" prefix="centi" units="metre"/>
    <unit exponent="-1" prefix="micro" units="farad"/>
    <unit exponent="-1" units="second"/>
  </units>
  <units xmlns="http://www.cellml.org/cellml/1.1#" name="mM_per_s">
    <unit units="mM"/>
    <unit exponent="-1" units="second"/>
  </units>
  <units xmlns="http://www.cellml.org/cellml/1.1#" name="per_mV_ms">
    <unit exponent="-1" units="mV"/>
    <unit exponent="-1" units="ms"/>
  </units>
  <units xmlns="http://www.cellml.org/cellml/1.1#" name="mS_per_mm2">
    <unit prefix="milli" units="siemens"/>
    <unit exponent="-2" prefix="milli" units="metre"/>
  </units>
  <units xmlns="http://www.cellml.org/cellml/1.1#" name="uF_per_mm2">
    <unit prefix="micro" units="farad"/>
    <unit exponent="-2" prefix="milli" units="metre"/>
  </units>
  <units xmlns="http://www.cellml.org/cellml/1.1#" name="uA_per_mm2">
    <unit prefix="micro" units="ampere"/>
    <unit exponent="-2" prefix="milli" units="metre"/>
  </units>
</model>
