[{"data_set_value_component_environment_variable_time":0.0,"data_set_value_component_v1_variable_v1":0.0000000002,"data_set_value_component_v2_variable_v2":0.0,"data_set_value_component_v3_variable_v3":0.0000000285,"data_set_value_component_v4_variable_v4":0.0000000031,"data_set_value_component_v5_variable_v5":0.0,"data_set_value_component_v6_variable_v6":0.0,"data_set_value_component_v7_variable_v7":0.0,"data_set_value_component_v8_variable_v8":0.0,"data_set_value_component_v9_variable_v9":0.0,"data_set_value_component_v10_variable_v10":0.0,"data_set_value_component_v11_variable_v11":0.0,"data_set_value_component_v12_variable_v12":0.0,"data_set_value_component_v13_variable_v13":0.0,"data_set_value_component_v14_variable_v14":0.0,"data_set_value_component_v15_variable_v15":0.0000000003,"data_set_value_component_v16_variable_v16":0.0,"data_set_value_component_v17_variable_v17":0.0,"data_set_value_component_v18_variable_v18":0.0,"data_set_value_component_v19_variable_v19":0.0,"data_set_value_component_v20_variable_v20":0.0,"data_set_value_component_pM9_variable_pM9":0.0000003,"data_set_value_component_M3_variable_M3":0.00000005,"data_set_value_component_M3_pM9_variable_M3_pM9":0.0,"data_set_value_component_T1_variable_T1":0.0000003,"data_set_value_component_M3_T1_variable_M3_T1":0.0,"data_set_value_component_pM9_T1_variable_pM9_T1":0.0,"data_set_value_component_M3_pM9_T1_variable_M3_pM9_T1":0.0,"data_set_value_component_M9_T1_star_variable_M9_T1_star":0.0,"data_set_value_component_M9_variable_M9":0.0,"data_set_value_component_M9_T1_variable_M9_T1":0.0,"data_set_value_component_pM9_T1_M3_variable_pM9_T1_M3":0.0,"data_set_value_component_M3_pM9_T1_M3_variable_M3_pM9_T1_M3":0.0,"data_set_value_component_M9_T1_M3_variable_M9_T1_M3":0.0,"data_set_value_component_Tr_variable_Tr":0.0000001,"data_set_value_component_Tr_pM9_variable_Tr_pM9":0.0,"data_set_value_component_Tr_pM9_T1_variable_Tr_pM9_T1":0.0,"data_set_value_component_Tr_pM9_T1_M3_variable_Tr_pM9_T1_M3":0.0,"data_set_value_component_kinetic_parameters_variable_kon_pM9T1":34000.0,"data_set_value_component_kinetic_parameters_variable_koff_pM9T1":0.0000748,"data_set_value_component_kinetic_parameters_variable_kon_pM9T1M3":34000.0,"data_set_value_component_kinetic_parameters_variable_koff_pM9T1M3":0.0000748,"data_set_value_component_kinetic_parameters_variable_kon_M3pM9":10000.0,"data_set_value_component_kinetic_parameters_variable_koff_M3pM9":0.001,"data_set_value_component_kinetic_parameters_variable_kon_M3pM9T1":10000.0,"data_set_value_component_kinetic_parameters_variable_koff_M3pM9T1":0.001,"data_set_value_component_kinetic_parameters_variable_kon_M3pM9T1M3":10000.0,"data_set_value_component_kinetic_parameters_variable_koff_M3pM9T1M3":0.001,"data_set_value_component_kinetic_parameters_variable_kon_M3T1":1900000.0,"data_set_value_component_kinetic_parameters_variable_koff_M3T1":0.000126,"data_set_value_component_kinetic_parameters_variable_kon_M9T1_star":5600000.0,"data_set_value_component_kinetic_parameters_variable_koff_M9T1_star":0.000016,"data_set_value_component_kinetic_parameters_variable_kon_M9T1":0.00063,"data_set_value_component_kinetic_parameters_variable_koff_M9T1":0.00025,"data_set_value_component_kinetic_parameters_variable_kon_M3_pM9T1":1900000.0,"data_set_value_component_kinetic_parameters_variable_koff_M3_pM9T1":0.000126,"data_set_value_component_kinetic_parameters_variable_kon_TrpM9":10000.0,"data_set_value_component_kinetic_parameters_variable_koff_TrpM9":0.007,"data_set_value_component_kinetic_parameters_variable_kon_TrpM9T1":10000.0,"data_set_value_component_kinetic_parameters_variable_koff_TrpM9T1":0.007,"data_set_value_component_kinetic_parameters_variable_kon_TrpM9T1M3":10000.0,"data_set_value_component_kinetic_parameters_variable_koff_TrpM9T1M3":0.007,"data_set_value_component_kinetic_parameters_variable_kon_M9_M3T1":0.0000748,"data_set_value_component_kinetic_parameters_variable_koff_M9_M3T1":34000.0,"data_set_value_component_kinetic_parameters_variable_kact_M3pM9T1":0.00057,"data_set_value_component_kinetic_parameters_variable_kact_M3pM9T1M3":0.00057,"data_set_value_component_kinetic_parameters_variable_kact_M9T1M3":0.000126,"data_set_value_component_kinetic_parameters_variable_kact_TrpM9":0.002,"data_set_value_component_kinetic_parameters_variable_kact_TrpM9T1":0.0006,"data_set_value_component_kinetic_parameters_variable_kact_TrpM9T1M3":0.0006,"data_set_value_component_kinetic_parameters_variable_kact_M3pM9":0.0019},{"data_set_value_component_environment_variable_time":0.1,"data_set_value_component_v1_variable_v1":0.0000000001,"data_set_value_component_v2_variable_v2":0.0,"data_set_value_component_v3_variable_v3":0.0000000267,"data_set_value_component_v4_variable_v4":0.000000003,"data_set_value_component_v5_variable_v5":0.0,"data_set_value_component_v6_variable_v6":8.566161047e-18,"data_set_value_component_v7_variable_v7":0.0,"data_set_value_component_v8_variable_v8":1.609219306e-18,"data_set_value_component_v9_variable_v9":-7.188036668e-19,"data_set_value_component_v10_variable_v10":0.0,"data_set_value_component_v11_variable_v11":0.0,"data_set_value_component_v12_variable_v12":0.0,"data_set_value_component_v13_variable_v13":3.2291045e-19,"data_set_value_component_v14_variable_v14":4.144490717e-23,"data_set_value_component_v15_variable_v15":0.0000000003,"data_set_value_component_v16_variable_v16":0.0,"data_set_value_component_v17_variable_v17":0.0,"data_set_value_component_v18_variable_v18":2.187351475e-17,"data_set_value_component_v19_variable_v19":0.0,"data_set_value_component_v20_variable_v20":7.030386606e-19,"data_set_value_component_pM9_variable_pM9":0.0000002997,"data_set_value_component_M3_variable_M3":0.0000000473,"data_set_value_component_M3_pM9_variable_M3_pM9":0.0,"data_set_value_component_T1_variable_T1":0.0000002971,"data_set_value_component_M3_T1_variable_M3_T1":0.0000000026,"data_set_value_component_pM9_T1_variable_pM9_T1":0.0000000003,"data_set_value_component_M3_pM9_T1_variable_M3_pM9_T1":0.0,"data_set_value_component_M9_T1_star_variable_M9_T1_star":0.0,"data_set_value_component_M9_variable_M9":0.0,"data_set_value_component_M9_T1_variable_M9_T1":4.705784921e-18,"data_set_value_component_pM9_T1_M3_variable_pM9_T1_M3":0.0,"data_set_value_component_M3_pM9_T1_M3_variable_M3_pM9_T1_M3":5.665095614e-16,"data_set_value_component_M9_T1_M3_variable_M9_T1_M3":3.289278347e-19,"data_set_value_component_Tr_variable_Tr":0.0000001,"data_set_value_component_Tr_pM9_variable_Tr_pM9":0.0,"data_set_value_component_Tr_pM9_T1_variable_Tr_pM9_T1":0.0,"data_set_value_component_Tr_pM9_T1_M3_variable_Tr_pM9_T1_M3":0.0,"data_set_value_component_kinetic_parameters_variable_kon_pM9T1":34000.0,"data_set_value_component_kinetic_parameters_variable_koff_pM9T1":0.0000748,"data_set_value_component_kinetic_parameters_variable_kon_pM9T1M3":34000.0,"data_set_value_component_kinetic_parameters_variable_koff_pM9T1M3":0.0000748,"data_set_value_component_kinetic_parameters_variable_kon_M3pM9":10000.0,"data_set_value_component_kinetic_parameters_variable_koff_M3pM9":0.001,"data_set_value_component_kinetic_parameters_variable_kon_M3pM9T1":10000.0,"data_set_value_component_kinetic_parameters_variable_koff_M3pM9T1":0.001,"data_set_value_component_kinetic_parameters_variable_kon_M3pM9T1M3":10000.0,"data_set_value_component_kinetic_parameters_variable_koff_M3pM9T1M3":0.001,"data_set_value_component_kinetic_parameters_variable_kon_M3T1":1900000.0,"data_set_value_component_kinetic_parameters_variable_koff_M3T1":0.000126,"data_set_value_component_kinetic_parameters_variable_kon_M9T1_star":5600000.0,"data_set_value_component_kinetic_parameters_variable_koff_M9T1_star":0.000016,"data_set_value_component_kinetic_parameters_variable_kon_M9T1":0.00063,"data_set_value_component_kinetic_parameters_variable_koff_M9T1":0.00025,"data_set_value_component_kinetic_parameters_variable_kon_M3_pM9T1":1900000.0,"data_set_value_component_kinetic_parameters_variable_koff_M3_pM9T1":0.000126,"data_set_value_component_kinetic_parameters_variable_kon_TrpM9":10000.0,"data_set_value_component_kinetic_parameters_variable_koff_TrpM9":0.007,"data_set_value_component_kinetic_parameters_variable_kon_TrpM9T1":10000.0,"data_set_value_component_kinetic_parameters_variable_koff_TrpM9T1":0.007,"data_set_value_component_kinetic_parameters_variable_kon_TrpM9T1M3":10000.0,"data_set_value_component_kinetic_parameters_variable_koff_TrpM9T1M3":0.007,"data_set_value_component_kinetic_parameters_variable_kon_M9_M3T1":0.0000748,"data_set_value_component_kinetic_parameters_variable_koff_M9_M3T1":34000.0,"data_set_value_component_kinetic_parameters_variable_kact_M3pM9T1":0.00057,"data_set_value_component_kinetic_parameters_variable_kact_M3pM9T1M3":0.00057,"data_set_value_component_kinetic_parameters_variable_kact_M9T1M3":0.000126,"data_set_value_component_kinetic_parameters_variable_kact_TrpM9":0.002,"data_set_value_component_kinetic_parameters_variable_kact_TrpM9T1":0.0006,"data_set_value_component_kinetic_parameters_variable_kact_TrpM9T1M3":0.0006,"data_set_value_component_kinetic_parameters_variable_kact_M3pM9":0.0019},{"data_set_value_component_environment_variable_time":0.2,"data_set_value_component_v1_variable_v1":0.0000000001,"data_set_value_component_v2_variable_v2":0.0,"data_set_value_component_v3_variable_v3":0.0000000251,"data_set_value_component_v4_variable_v4":0.000000003,"data_set_value_component_v5_variable_v5":0.0,"data_set_value_component_v6_variable_v6":2.357484858e-17,"data_set_value_component_v7_variable_v7":0.0,"data_set_value_component_v8_variable_v8":4.934314398e-18,"data_set_value_component_v9_variable_v9":-3.807979106e-18,"data_set_value_component_v10_variable_v10":0.0000000001,"data_set_value_component_v11_variable_v11":0.0000000001,"data_set_value_component_v12_variable_v12":0.0,"data_set_value_component_v13_variable_v13":9.921299544e-19,"data_set_value_component_v14_variable_v14":1.298297791e-22,"data_set_value_component_v15_variable_v15":0.0000000003,"data_set_value_component_v16_variable_v16":0.0,"data_set_value_component_v17_variable_v17":0.0,"data_set_value_component_v18_variable_v18":6.154675178e-17,"data_set_value_component_v19_variable_v19":0.0,"data_set_value_component_v20_variable_v20":2.161628322e-18,"data_set_value_component_pM9_variable_pM9":0.0000002993,"data_set_value_component_M3_variable_M3":0.0000000448,"data_set_value_component_M3_pM9_variable_M3_pM9":0.0,"data_set_value_component_T1_variable_T1":0.0000002943,"data_set_value_component_M3_T1_variable_M3_T1":0.0000000051,"data_set_value_component_pM9_T1_variable_pM9_T1":0.0000000006,"data_set_value_component_M3_pM9_T1_variable_M3_pM9_T1":0.0,"data_set_value_component_M9_T1_star_variable_M9_T1_star":0.0,"data_set_value_component_M9_variable_M9":0.0,"data_set_value_component_M9_T1_variable_M9_T1":1.452566108e-17,"data_set_value_component_pM9_T1_M3_variable_pM9_T1_M3":0.0,"data_set_value_component_M3_pM9_T1_M3_variable_M3_pM9_T1_M3":0.0,"data_set_value_component_M9_T1_M3_variable_M9_T1_M3":1.030395072e-18,"data_set_value_component_Tr_variable_Tr":0.0000000999,"data_set_value_component_Tr_pM9_variable_Tr_pM9":0.0000000001,"data_set_value_component_Tr_pM9_T1_variable_Tr_pM9_T1":0.0,"data_set_value_component_Tr_pM9_T1_M3_variable_Tr_pM9_T1_M3":0.0,"data_set_value_component_kinetic_parameters_variable_kon_pM9T1":34000.0,"data_set_value_component_kinetic_parameters_variable_koff_pM9T1":0.0000748,"data_set_value_component_kinetic_parameters_variable_kon_pM9T1M3":34000.0,"data_set_value_component_kinetic_parameters_variable_koff_pM9T1M3":0.0000748,"data_set_value_component_kinetic_parameters_variable_kon_M3pM9":10000.0,"data_set_value_component_kinetic_parameters_variable_koff_M3pM9":0.001,"data_set_value_component_kinetic_parameters_variable_kon_M3pM9T1":10000.0,"data_set_value_component_kinetic_parameters_variable_koff_M3pM9T1":0.001,"data_set_value_component_kinetic_parameters_variable_kon_M3pM9T1M3":10000.0,"data_set_value_component_kinetic_parameters_variable_koff_M3pM9T1M3":0.001,"data_set_value_component_kinetic_parameters_variable_kon_M3T1":1900000.0,"data_set_value_component_kinetic_parameters_variable_koff_M3T1":0.000126,"data_set_value_component_kinetic_parameters_variable_kon_M9T1_star":5600000.0,"data_set_value_component_kinetic_parameters_variable_koff_M9T1_star":0.000016,"data_set_value_component_kinetic_parameters_variable_kon_M9T1":0.00063,"data_set_value_component_kinetic_parameters_variable_koff_M9T1":0.00025,"data_set_value_component_kinetic_parameters_variable_kon_M3_pM9T1":1900000.0,"data_set_value_component_kinetic_parameters_variable_koff_M3_pM9T1":0.000126,"data_set_value_component_kinetic_parameters_variable_kon_TrpM9":10000.0,"data_set_value_component_kinetic_parameters_variable_koff_TrpM9":0.007,"data_set_value_component_kinetic_parameters_variable_kon_TrpM9T1":10000.0,"data_set_value_component_kinetic_parameters_variable_koff_TrpM9T1":0.007,"data_set_value_component_kinetic_parameters_variable_kon_TrpM9T1M3":10000.0,"data_set_value_component_kinetic_parameters_variable_koff_TrpM9T1M3":0.007,"data_set_value_component_kinetic_parameters_variable_kon_M9_M3T1":0.0000748,"data_set_value_component_kinetic_parameters_variable_koff_M9_M3T1":34000.0,"data_set_value_component_kinetic_parameters_variable_kact_M3pM9T1":0.00057,"data_set_value_component_kinetic_parameters_variable_kact_M3pM9T1M3":0.00057,"data_set_value_component_kinetic_parameters_variable_kact_M9T1M3":0.000126,"data_set_value_component_kinetic_parameters_variable_kact_TrpM9":0.002,"data_set_value_component_kinetic_parameters_variable_kact_TrpM9T1":0.0006,"data_set_value_component_kinetic_parameters_variable_kact_TrpM9T1M3":0.0006,"data_set_value_component_kinetic_parameters_variable_kact_M3pM9":0.0019},{"data_set_value_component_environment_variable_time":0.3,"data_set_value_component_v1_variable_v1":0.0000000001,"data_set_value_component_v2_variable_v2":0.0,"data_set_value_component_v3_variable_v3":0.0000000235,"data_set_value_component_v4_variable_v4":0.000000003,"data_set_value_component_v5_variable_v5":0.0,"data_set_value_component_v6_variable_v6":4.279381773e-17,"data_set_value_component_v7_variable_v7":0.0,"data_set_value_component_v8_variable_v8":9.380773514e-18,"data_set_value_component_v9_variable_v9":-1.008165211e-17,"data_set_value_component_v10_variable_v10":0.0000000001,"data_set_value_component_v11_variable_v11":0.0000000001,"data_set_value_component_v12_variable_v12":0.0,"data_set_value_component_v13_variable_v13":1.887670379e-18,"data_set_value_component_v14_variable_v14":2.488910481e-22,"data_set_value_component_v15_variable_v15":0.0000000003,"data_set_value_component_v16_variable_v16":0.0,"data_set_value_component_v17_variable_v17":0.0,"data_set_value_component_v18_variable_v18":1.128523977e-16,"data_set_value_component_v19_variable_v19":0.0,"data_set_value_component_v20_variable_v20":4.113987946e-18,"data_set_value_component_pM9_variable_pM9":0.000000299,"data_set_value_component_M3_variable_M3":0.0000000424,"data_set_value_component_M3_pM9_variable_M3_pM9":0.0,"data_set_value_component_T1_variable_T1":0.0000002916,"data_set_value_component_M3_T1_variable_M3_T1":0.0000000075,"data_set_value_component_pM9_T1_variable_pM9_T1":0.0000000009,"data_set_value_component_M3_pM9_T1_variable_M3_pM9_T1":0.0,"data_set_value_component_M9_T1_star_variable_M9_T1_star":0.0,"data_set_value_component_M9_variable_M9":0.0,"data_set_value_component_M9_T1_variable_M9_T1":2.768771471e-17,"data_set_value_component_pM9_T1_M3_variable_pM9_T1_M3":0.0,"data_set_value_component_M3_pM9_T1_M3_variable_M3_pM9_T1_M3":0.0,"data_set_value_component_M9_T1_M3_variable_M9_T1_M3":1.975325778e-18,"data_set_value_component_Tr_variable_Tr":0.0000000999,"data_set_value_component_Tr_pM9_variable_Tr_pM9":0.0000000001,"data_set_value_component_Tr_pM9_T1_variable_Tr_pM9_T1":0.0,"data_set_value_component_Tr_pM9_T1_M3_variable_Tr_pM9_T1_M3":0.0,"data_set_value_component_kinetic_parameters_variable_kon_pM9T1":34000.0,"data_set_value_component_kinetic_parameters_variable_koff_pM9T1":0.0000748,"data_set_value_component_kinetic_parameters_variable_kon_pM9T1M3":34000.0,"data_set_value_component_kinetic_parameters_variable_koff_pM9T1M3":0.0000748,"data_set_value_component_kinetic_parameters_variable_kon_M3pM9":10000.0,"data_set_value_component_kinetic_parameters_variable_koff_M3pM9":0.001,"data_set_value_component_kinetic_parameters_variable_kon_M3pM9T1":10000.0,"data_set_value_component_kinetic_parameters_variable_koff_M3pM9T1":0.001,"data_set_value_component_kinetic_parameters_variable_kon_M3pM9T1M3":10000.0,"data_set_value_component_kinetic_parameters_variable_koff_M3pM9T1M3":0.001,"data_set_value_component_kinetic_parameters_variable_kon_M3T1":1900000.0,"data_set_value_component_kinetic_parameters_variable_koff_M3T1":0.000126,"data_set_value_component_kinetic_parameters_variable_kon_M9T1_star":5600000.0,"data_set_value_component_kinetic_parameters_variable_koff_M9T1_star":0.000016,"data_set_value_component_kinetic_parameters_variable_kon_M9T1":0.00063,"data_set_value_component_kinetic_parameters_variable_koff_M9T1":0.00025,"data_set_value_component_kinetic_parameters_variable_kon_M3_pM9T1":1900000.0,"data_set_value_component_kinetic_parameters_variable_koff_M3_pM9T1":0.000126,"data_set_value_component_kinetic_parameters_variable_kon_TrpM9":10000.0,"data_set_value_component_kinetic_parameters_variable_koff_TrpM9":0.007,"data_set_value_component_kinetic_parameters_variable_kon_TrpM9T1":10000.0,"data_set_value_component_kinetic_parameters_variable_koff_TrpM9T1":0.007,"data_set_value_component_kinetic_parameters_variable_kon_TrpM9T1M3":10000.0,"data_set_value_component_kinetic_parameters_variable_koff_TrpM9T1M3":0.007,"data_set_value_component_kinetic_parameters_variable_kon_M9_M3T1":0.0000748,"data_set_value_component_kinetic_parameters_variable_koff_M9_M3T1":34000.0,"data_set_value_component_kinetic_parameters_variable_kact_M3pM9T1":0.00057,"data_set_value_component_kinetic_parameters_variable_kact_M3pM9T1M3":0.00057,"data_set_value_component_kinetic_parameters_variable_kact_M9T1M3":0.000126,"data_set_value_component_kinetic_parameters_variable_kact_TrpM9":0.002,"data_set_value_component_kinetic_parameters_variable_kact_TrpM9T1":0.0006,"data_set_value_component_kinetic_parameters_variable_kact_TrpM9T1M3":0.0006,"data_set_value_component_kinetic_parameters_variable_kact_M3pM9":0.0019},{"data_set_value_component_environment_variable_time":0.4,"data_set_value_component_v1_variable_v1":0.0000000001,"data_set_value_component_v2_variable_v2":0.0,"data_set_value_component_v3_variable_v3":0.000000022,"data_set_value_component_v4_variable_v4":0.0000000029,"data_set_value_component_v5_variable_v5":0.0,"data_set_value_component_v6_variable_v6":6.323932143e-17,"data_set_value_component_v7_variable_v7":0.0,"data_set_value_component_v8_variable_v8":1.768157071e-17,"data_set_value_component_v9_variable_v9":-1.963290983e-17,"data_set_value_component_v10_variable_v10":0.0000000001,"data_set_value_component_v11_variable_v11":0.0000000001,"data_set_value_component_v12_variable_v12":0.0,"data_set_value_component_v13_variable_v13":2.815897619e-18,"data_set_value_component_v14_variable_v14":1.829023587e-21,"data_set_value_component_v15_variable_v15":0.0000000003,"data_set_value_component_v16_variable_v16":0.0,"data_set_value_component_v17_variable_v17":0.0,"data_set_value_component_v18_variable_v18":1.809346628e-16,"data_set_value_component_v19_variable_v19":0.0,"data_set_value_component_v20_variable_v20":8.475466687e-18,"data_set_value_component_pM9_variable_pM9":0.0000002986,"data_set_value_component_M3_variable_M3":0.0000000401,"data_set_value_component_M3_pM9_variable_M3_pM9":0.0000000001,"data_set_value_component_T1_variable_T1":0.000000289,"data_set_value_component_M3_T1_variable_M3_T1":0.0000000098,"data_set_value_component_pM9_T1_variable_pM9_T1":0.0000000012,"data_set_value_component_M3_pM9_T1_variable_M3_pM9_T1":0.0,"data_set_value_component_M9_T1_star_variable_M9_T1_star":0.0,"data_set_value_component_M9_variable_M9":0.0,"data_set_value_component_M9_T1_variable_M9_T1":7.285717138e-17,"data_set_value_component_pM9_T1_M3_variable_pM9_T1_M3":0.0,"data_set_value_component_M3_pM9_T1_M3_variable_M3_pM9_T1_M3":0.0,"data_set_value_component_M9_T1_M3_variable_M9_T1_M3":1.451606021e-17,"data_set_value_component_Tr_variable_Tr":0.0000000999,"data_set_value_component_Tr_pM9_variable_Tr_pM9":0.0000000001,"data_set_value_component_Tr_pM9_T1_variable_Tr_pM9_T1":0.0,"data_set_value_component_Tr_pM9_T1_M3_variable_Tr_pM9_T1_M3":0.0,"data_set_value_component_kinetic_parameters_variable_kon_pM9T1":34000.0,"data_set_value_component_kinetic_parameters_variable_koff_pM9T1":0.0000748,"data_set_value_component_kinetic_parameters_variable_kon_pM9T1M3":34000.0,"data_set_value_component_kinetic_parameters_variable_koff_pM9T1M3":0.0000748,"data_set_value_component_kinetic_parameters_variable_kon_M3pM9":10000.0,"data_set_value_component_kinetic_parameters_variable_koff_M3pM9":0.001,"data_set_value_component_kinetic_parameters_variable_kon_M3pM9T1":10000.0,"data_set_value_component_kinetic_parameters_variable_koff_M3pM9T1":0.001,"data_set_value_component_kinetic_parameters_variable_kon_M3pM9T1M3":10000.0,"data_set_value_component_kinetic_parameters_variable_koff_M3pM9T1M3":0.001,"data_set_value_component_kinetic_parameters_variable_kon_M3T1":1900000.0,"data_set_value_component_kinetic_parameters_variable_koff_M3T1":0.000126,"data_set_value_component_kinetic_parameters_variable_kon_M9T1_star":5600000.0,"data_set_value_component_kinetic_parameters_variable_koff_M9T1_star":0.000016,"data_set_value_component_kinetic_parameters_variable_kon_M9T1":0.00063,"data_set_value_component_kinetic_parameters_variable_koff_M9T1":0.00025,"data_set_value_component_kinetic_parameters_variable_kon_M3_pM9T1":1900000.0,"data_set_value_component_kinetic_parameters_variable_koff_M3_pM9T1":0.000126,"data_set_value_component_kinetic_parameters_variable_kon_TrpM9":10000.0,"data_set_value_component_kinetic_parameters_variable_koff_TrpM9":0.007,"data_set_value_component_kinetic_parameters_variable_kon_TrpM9T1":10000.0,"data_set_value_component_kinetic_parameters_variable_koff_TrpM9T1":0.007,"data_set_value_component_kinetic_parameters_variable_kon_TrpM9T1M3":10000.0,"data_set_value_component_kinetic_parameters_variable_koff_TrpM9T1M3":0.007,"data_set_value_component_kinetic_parameters_variable_kon_M9_M3T1":0.0000748,"data_set_value_component_kinetic_parameters_variable_koff_M9_M3T1":34000.0,"data_set_value_component_kinetic_parameters_variable_kact_M3pM9T1":0.00057,"data_set_value_component_kinetic_parameters_variable_kact_M3pM9T1M3":0.00057,"data_set_value_component_kinetic_parameters_variable_kact_M9T1M3":0.000126,"data_set_value_component_kinetic_parameters_variable_kact_TrpM9":0.002,"data_set_value_component_kinetic_parameters_variable_kact_TrpM9T1":0.0006,"data_set_value_component_kinetic_parameters_variable_kact_TrpM9T1M3":0.0006,"data_set_value_component_kinetic_parameters_variable_kact_M3pM9":0.0019},{"data_set_value_component_environment_variable_time":0.5,"data_set_value_component_v1_variable_v1":0.0000000001,"data_set_value_component_v2_variable_v2":0.0,"data_set_value_component_v3_variable_v3":0.0000000206,"data_set_value_component_v4_variable_v4":0.0000000029,"data_set_value_component_v5_variable_v5":0.0,"data_set_value_component_v6_variable_v6":7.665947078e-17,"data_set_value_component_v7_variable_v7":0.0,"data_set_value_component_v8_variable_v8":3.73950539e-17,"data_set_value_component_v9_variable_v9":-3.053280247e-17,"data_set_value_component_v10_variable_v10":0.0000000001,"data_set_value_component_v11_variable_v11":0.0000000001,"data_set_value_component_v12_variable_v12":0.0,"data_set_value_component_v13_variable_v13":3.241294727e-18,"data_set_value_component_v14_variable_v14":8.826145699e-21,"data_set_value_component_v15_variable_v15":0.0000000003,"data_set_value_component_v16_variable_v16":0.0,"data_set_value_component_v17_variable_v17":0.0,"data_set_value_component_v18_variable_v18":2.800204404e-16,"data_set_value_component_v19_variable_v19":0.0,"data_set_value_component_v20_variable_v20":2.054317859e-17,"data_set_value_component_pM9_variable_pM9":0.0000002983,"data_set_value_component_M3_variable_M3":0.0000000379,"data_set_value_component_M3_pM9_variable_M3_pM9":0.0000000001,"data_set_value_component_T1_variable_T1":0.0000002865,"data_set_value_component_M3_T1_variable_M3_T1":0.000000012,"data_set_value_component_pM9_T1_variable_pM9_T1":0.0000000015,"data_set_value_component_M3_pM9_T1_variable_M3_pM9_T1":0.0,"data_set_value_component_M9_T1_star_variable_M9_T1_star":0.0,"data_set_value_component_M9_variable_M9":0.0,"data_set_value_component_M9_T1_variable_M9_T1":2.293109445e-16,"data_set_value_component_pM9_T1_M3_variable_pM9_T1_M3":0.0000000001,"data_set_value_component_M3_pM9_T1_M3_variable_M3_pM9_T1_M3":0.0,"data_set_value_component_M9_T1_M3_variable_M9_T1_M3":7.004877539e-17,"data_set_value_component_Tr_variable_Tr":0.0000000999,"data_set_value_component_Tr_pM9_variable_Tr_pM9":0.0000000001,"data_set_value_component_Tr_pM9_T1_variable_Tr_pM9_T1":0.0,"data_set_value_component_Tr_pM9_T1_M3_variable_Tr_pM9_T1_M3":0.0,"data_set_value_component_kinetic_parameters_variable_kon_pM9T1":34000.0,"data_set_value_component_kinetic_parameters_variable_koff_pM9T1":0.0000748,"data_set_value_component_kinetic_parameters_variable_kon_pM9T1M3":34000.0,"data_set_value_component_kinetic_parameters_variable_koff_pM9T1M3":0.0000748,"data_set_value_component_kinetic_parameters_variable_kon_M3pM9":10000.0,"data_set_value_component_kinetic_parameters_variable_koff_M3pM9":0.001,"data_set_value_component_kinetic_parameters_variable_kon_M3pM9T1":10000.0,"data_set_value_component_kinetic_parameters_variable_koff_M3pM9T1":0.001,"data_set_value_component_kinetic_parameters_variable_kon_M3pM9T1M3":10000.0,"data_set_value_component_kinetic_parameters_variable_koff_M3pM9T1M3":0.001,"data_set_value_component_kinetic_parameters_variable_kon_M3T1":1900000.0,"data_set_value_component_kinetic_parameters_variable_koff_M3T1":0.000126,"data_set_value_component_kinetic_parameters_variable_kon_M9T1_star":5600000.0,"data_set_value_component_kinetic_parameters_variable_koff_M9T1_star":0.000016,"data_set_value_component_kinetic_parameters_variable_kon_M9T1":0.00063,"data_set_value_component_kinetic_parameters_variable_koff_M9T1":0.00025,"data_set_value_component_kinetic_parameters_variable_kon_M3_pM9T1":1900000.0,"data_set_value_component_kinetic_parameters_variable_koff_M3_pM9T1":0.000126,"data_set_value_component_kinetic_parameters_variable_kon_TrpM9":10000.0,"data_set_value_component_kinetic_parameters_variable_koff_TrpM9":0.007,"data_set_value_component_kinetic_parameters_variable_kon_TrpM9T1":10000.0,"data_set_value_component_kinetic_parameters_variable_koff_TrpM9T1":0.007,"data_set_value_component_kinetic_parameters_variable_kon_TrpM9T1M3":10000.0,"data_set_value_component_kinetic_parameters_variable_koff_TrpM9T1M3":0.007,"data_set_value_component_kinetic_parameters_variable_kon_M9_M3T1":0.0000748,"data_set_value_component_kinetic_parameters_variable_koff_M9_M3T1":34000.0,"data_set_value_component_kinetic_parameters_variable_kact_M3pM9T1":0.00057,"data_set_value_component_kinetic_parameters_variable_kact_M3pM9T1M3":0.00057,"data_set_value_component_kinetic_parameters_variable_kact_M9T1M3":0.000126,"data_set_value_component_kinetic_parameters_variable_kact_TrpM9":0.002,"data_set_value_component_kinetic_parameters_variable_kact_TrpM9T1":0.0006,"data_set_value_component_kinetic_parameters_variable_kact_TrpM9T1M3":0.0006,"data_set_value_component_kinetic_parameters_variable_kact_M3pM9":0.0019},{"data_set_value_component_environment_variable_time":0.6,"data_set_value_component_v1_variable_v1":0.0000000001,"data_set_value_component_v2_variable_v2":0.0,"data_set_value_component_v3_variable_v3":0.0000000193,"data_set_value_component_v4_variable_v4":0.0000000029,"data_set_value_component_v5_variable_v5":0.0,"data_set_value_component_v6_variable_v6":9.277479753e-17,"data_set_value_component_v7_variable_v7":0.0,"data_set_value_component_v8_variable_v8":5.961766637e-17,"data_set_value_component_v9_variable_v9":-4.487019842e-17,"data_set_value_component_v10_variable_v10":0.0000000001,"data_set_value_component_v11_variable_v11":0.0000000001,"data_set_value_component_v12_variable_v12":0.0,"data_set_value_component_v13_variable_v13":3.794688117e-18,"data_set_value_component_v14_variable_v14":1.658027833e-20,"data_set_value_component_v15_variable_v15":0.0000000003,"data_set_value_component_v16_variable_v16":0.0,"data_set_value_component_v17_variable_v17":0.0,"data_set_value_component_v18_variable_v18":3.933507835e-16,"data_set_value_component_v19_variable_v19":0.0,"data_set_value_component_v20_variable_v20":3.407724745e-17,"data_set_value_component_pM9_variable_pM9":0.0000002979,"data_set_value_component_M3_variable_M3":0.0000000357,"data_set_value_component_M3_pM9_variable_M3_pM9":0.0000000001,"data_set_value_component_T1_variable_T1":0.000000284,"data_set_value_component_M3_T1_variable_M3_T1":0.0000000142,"data_set_value_component_pM9_T1_variable_pM9_T1":0.0000000017,"data_set_value_component_M3_pM9_T1_variable_M3_pM9_T1":0.0,"data_set_value_component_M9_T1_star_variable_M9_T1_star":0.0,"data_set_value_component_M9_variable_M9":0.0,"data_set_value_component_M9_T1_variable_M9_T1":4.036626878e-16,"data_set_value_component_pM9_T1_M3_variable_pM9_T1_M3":0.0000000001,"data_set_value_component_M3_pM9_T1_M3_variable_M3_pM9_T1_M3":0.0,"data_set_value_component_M9_T1_M3_variable_M9_T1_M3":1.315895105e-16,"data_set_value_component_Tr_variable_Tr":0.0000000998,"data_set_value_component_Tr_pM9_variable_Tr_pM9":0.0000000002,"data_set_value_component_Tr_pM9_T1_variable_Tr_pM9_T1":0.0,"data_set_value_component_Tr_pM9_T1_M3_variable_Tr_pM9_T1_M3":0.0,"data_set_value_component_kinetic_parameters_variable_kon_pM9T1":34000.0,"data_set_value_component_kinetic_parameters_variable_koff_pM9T1":0.0000748,"data_set_value_component_kinetic_parameters_variable_kon_pM9T1M3":34000.0,"data_set_value_component_kinetic_parameters_variable_koff_pM9T1M3":0.0000748,"data_set_value_component_kinetic_parameters_variable_kon_M3pM9":10000.0,"data_set_value_component_kinetic_parameters_variable_koff_M3pM9":0.001,"data_set_value_component_kinetic_parameters_variable_kon_M3pM9T1":10000.0,"data_set_value_component_kinetic_parameters_variable_koff_M3pM9T1":0.001,"data_set_value_component_kinetic_parameters_variable_kon_M3pM9T1M3":10000.0,"data_set_value_component_kinetic_parameters_variable_koff_M3pM9T1M3":0.001,"data_set_value_component_kinetic_parameters_variable_kon_M3T1":1900000.0,"data_set_value_component_kinetic_parameters_variable_koff_M3T1":0.000126,"data_set_value_component_kinetic_parameters_variable_kon_M9T1_star":5600000.0,"data_set_value_component_kinetic_parameters_variable_koff_M9T1_star":0.000016,"data_set_value_component_kinetic_parameters_variable_kon_M9T1":0.00063,"data_set_value_component_kinetic_parameters_variable_koff_M9T1":0.00025,"data_set_value_component_kinetic_parameters_variable_kon_M3_pM9T1":1900000.0,"data_set_value_component_kinetic_parameters_variable_koff_M3_pM9T1":0.000126,"data_set_value_component_kinetic_parameters_variable_kon_TrpM9":10000.0,"data_set_value_component_kinetic_parameters_variable_koff_TrpM9":0.007,"data_set_value_component_kinetic_parameters_variable_kon_TrpM9T1":10000.0,"data_set_value_component_kinetic_parameters_variable_koff_TrpM9T1":0.007,"data_set_value_component_kinetic_parameters_variable_kon_TrpM9T1M3":10000.0,"data_set_value_component_kinetic_parameters_variable_koff_TrpM9T1M3":0.007,"data_set_value_component_kinetic_parameters_variable_kon_M9_M3T1":0.0000748,"data_set_value_component_kinetic_parameters_variable_koff_M9_M3T1":34000.0,"data_set_value_component_kinetic_parameters_variable_kact_M3pM9T1":0.00057,"data_set_value_component_kinetic_parameters_variable_kact_M3pM9T1M3":0.00057,"data_set_value_component_kinetic_parameters_variable_kact_M9T1M3":0.000126,"data_set_value_component_kinetic_parameters_variable_kact_TrpM9":0.002,"data_set_value_component_kinetic_parameters_variable_kact_TrpM9T1":0.0006,"data_set_value_component_kinetic_parameters_variable_kact_TrpM9T1M3":0.0006,"data_set_value_component_kinetic_parameters_variable_kact_M3pM9":0.0019},{"data_set_value_component_environment_variable_time":0.7,"data_set_value_component_v1_variable_v1":0.0000000001,"data_set_value_component_v2_variable_v2":0.0,"data_set_value_component_v3_variable_v3":0.000000018,"data_set_value_component_v4_variable_v4":0.0000000028,"data_set_value_component_v5_variable_v5":0.0,"data_set_value_component_v6_variable_v6":1.115853017e-16,"data_set_value_component_v7_variable_v7":0.0,"data_set_value_component_v8_variable_v8":8.434940812e-17,"data_set_value_component_v9_variable_v9":-6.307585118e-17,"data_set_value_component_v10_variable_v10":0.0000000001,"data_set_value_component_v11_variable_v11":0.0000000002,"data_set_value_component_v12_variable_v12":0.0,"data_set_value_component_v13_variable_v13":4.47607779e-18,"data_set_value_component_v14_variable_v14":2.509142148e-20,"data_set_value_component_v15_variable_v15":0.0000000003,"data_set_value_component_v16_variable_v16":0.0,"data_set_value_component_v17_variable_v17":0.0,"data_set_value_component_v18_variable_v18":5.209256922e-16,"data_set_value_component_v19_variable_v19":0.0,"data_set_value_component_v20_variable_v20":4.907767326e-17,"data_set_value_component_pM9_variable_pM9":0.0000002976,"data_set_value_component_M3_variable_M3":0.0000000336,"data_set_value_component_M3_pM9_variable_M3_pM9":0.0000000001,"data_set_value_component_T1_variable_T1":0.0000002817,"data_set_value_component_M3_T1_variable_M3_T1":0.0000000162,"data_set_value_component_pM9_T1_variable_pM9_T1":0.000000002,"data_set_value_component_M3_pM9_T1_variable_M3_pM9_T1":0.0,"data_set_value_component_M9_T1_star_variable_M9_T1_star":0.0,"data_set_value_component_M9_variable_M9":0.0,"data_set_value_component_M9_T1_variable_M9_T1":5.959124015e-16,"data_set_value_component_pM9_T1_M3_variable_pM9_T1_M3":0.0000000001,"data_set_value_component_M3_pM9_T1_M3_variable_M3_pM9_T1_M3":0.0,"data_set_value_component_M9_T1_M3_variable_M9_T1_M3":1.991382657e-16,"data_set_value_component_Tr_variable_Tr":0.0000000998,"data_set_value_component_Tr_pM9_variable_Tr_pM9":0.0000000002,"data_set_value_component_Tr_pM9_T1_variable_Tr_pM9_T1":0.0,"data_set_value_component_Tr_pM9_T1_M3_variable_Tr_pM9_T1_M3":0.0,"data_set_value_component_kinetic_parameters_variable_kon_pM9T1":34000.0,"data_set_value_component_kinetic_parameters_variable_koff_pM9T1":0.0000748,"data_set_value_component_kinetic_parameters_variable_kon_pM9T1M3":34000.0,"data_set_value_component_kinetic_parameters_variable_koff_pM9T1M3":0.0000748,"data_set_value_component_kinetic_parameters_variable_kon_M3pM9":10000.0,"data_set_value_component_kinetic_parameters_variable_koff_M3pM9":0.001,"data_set_value_component_kinetic_parameters_variable_kon_M3pM9T1":10000.0,"data_set_value_component_kinetic_parameters_variable_koff_M3pM9T1":0.001,"data_set_value_component_kinetic_parameters_variable_kon_M3pM9T1M3":10000.0,"data_set_value_component_kinetic_parameters_variable_koff_M3pM9T1M3":0.001,"data_set_value_component_kinetic_parameters_variable_kon_M3T1":1900000.0,"data_set_value_component_kinetic_parameters_variable_koff_M3T1":0.000126,"data_set_value_component_kinetic_parameters_variable_kon_M9T1_star":5600000.0,"data_set_value_component_kinetic_parameters_variable_koff_M9T1_star":0.000016,"data_set_value_component_kinetic_parameters_variable_kon_M9T1":0.00063,"data_set_value_component_kinetic_parameters_variable_koff_M9T1":0.00025,"data_set_value_component_kinetic_parameters_variable_kon_M3_pM9T1":1900000.0,"data_set_value_component_kinetic_parameters_variable_koff_M3_pM9T1":0.000126,"data_set_value_component_kinetic_parameters_variable_kon_TrpM9":10000.0,"data_set_value_component_kinetic_parameters_variable_koff_TrpM9":0.007,"data_set_value_component_kinetic_parameters_variable_kon_TrpM9T1":10000.0,"data_set_value_component_kinetic_parameters_variable_koff_TrpM9T1":0.007,"data_set_value_component_kinetic_parameters_variable_kon_TrpM9T1M3":10000.0,"data_set_value_component_kinetic_parameters_variable_koff_TrpM9T1M3":0.007,"data_set_value_component_kinetic_parameters_variable_kon_M9_M3T1":0.0000748,"data_set_value_component_kinetic_parameters_variable_koff_M9_M3T1":34000.0,"data_set_value_component_kinetic_parameters_variable_kact_M3pM9T1":0.00057,"data_set_value_component_kinetic_parameters_variable_kact_M3pM9T1M3":0.00057,"data_set_value_component_kinetic_parameters_variable_kact_M9T1M3":0.000126,"data_set_value_component_kinetic_parameters_variable_kact_TrpM9":0.002,"data_set_value_component_kinetic_parameters_variable_kact_TrpM9T1":0.0006,"data_set_value_component_kinetic_parameters_variable_kact_TrpM9T1M3":0.0006,"data_set_value_component_kinetic_parameters_variable_kact_M3pM9":0.0019},{"data_set_value_component_environment_variable_time":0.8,"data_set_value_component_v1_variable_v1":0.0000000001,"data_set_value_component_v2_variable_v2":0.0,"data_set_value_component_v3_variable_v3":0.0000000168,"data_set_value_component_v4_variable_v4":0.0000000028,"data_set_value_component_v5_variable_v5":0.0,"data_set_value_component_v6_variable_v6":1.330909832e-16,"data_set_value_component_v7_variable_v7":0.0,"data_set_value_component_v8_variable_v8":1.115902792e-16,"data_set_value_component_v9_variable_v9":-8.552495453e-17,"data_set_value_component_v10_variable_v10":0.0000000001,"data_set_value_component_v11_variable_v11":0.0000000002,"data_set_value_component_v12_variable_v12":0.0,"data_set_value_component_v13_variable_v13":5.285463747e-18,"data_set_value_component_v14_variable_v14":3.435957514e-20,"data_set_value_component_v15_variable_v15":0.0000000003,"data_set_value_component_v16_variable_v16":0.0,"data_set_value_component_v17_variable_v17":0.0,"data_set_value_component_v18_variable_v18":6.627451663e-16,"data_set_value_component_v19_variable_v19":0.0,"data_set_value_component_v20_variable_v20":6.554445602e-17,"data_set_value_component_pM9_variable_pM9":0.0000002972,"data_set_value_component_M3_variable_M3":0.0000000316,"data_set_value_component_M3_pM9_variable_M3_pM9":0.0000000001,"data_set_value_component_T1_variable_T1":0.0000002794,"data_set_value_component_M3_T1_variable_M3_T1":0.0000000182,"data_set_value_component_pM9_T1_variable_pM9_T1":0.0000000023,"data_set_value_component_M3_pM9_T1_variable_M3_pM9_T1":0.0,"data_set_value_component_M9_T1_star_variable_M9_T1_star":0.0,"data_set_value_component_M9_variable_M9":0.0,"data_set_value_component_M9_T1_variable_M9_T1":8.060600854e-16,"data_set_value_component_pM9_T1_M3_variable_pM9_T1_M3":0.0000000001,"data_set_value_component_M3_pM9_T1_M3_variable_M3_pM9_T1_M3":0.0,"data_set_value_component_M9_T1_M3_variable_M9_T1_M3":2.726950408e-16,"data_set_value_component_Tr_variable_Tr":0.0000000998,"data_set_value_component_Tr_pM9_variable_Tr_pM9":0.0000000002,"data_set_value_component_Tr_pM9_T1_variable_Tr_pM9_T1":0.0,"data_set_value_component_Tr_pM9_T1_M3_variable_Tr_pM9_T1_M3":0.0,"data_set_value_component_kinetic_parameters_variable_kon_pM9T1":34000.0,"data_set_value_component_kinetic_parameters_variable_koff_pM9T1":0.0000748,"data_set_value_component_kinetic_parameters_variable_kon_pM9T1M3":34000.0,"data_set_value_component_kinetic_parameters_variable_koff_pM9T1M3":0.0000748,"data_set_value_component_kinetic_parameters_variable_kon_M3pM9":10000.0,"data_set_value_component_kinetic_parameters_variable_koff_M3pM9":0.001,"data_set_value_component_kinetic_parameters_variable_kon_M3pM9T1":10000.0,"data_set_value_component_kinetic_parameters_variable_koff_M3pM9T1":0.001,"data_set_value_component_kinetic_parameters_variable_kon_M3pM9T1M3":10000.0,"data_set_value_component_kinetic_parameters_variable_koff_M3pM9T1M3":0.001,"data_set_value_component_kinetic_parameters_variable_kon_M3T1":1900000.0,"data_set_value_component_kinetic_parameters_variable_koff_M3T1":0.000126,"data_set_value_component_kinetic_parameters_variable_kon_M9T1_star":5600000.0,"data_set_value_component_kinetic_parameters_variable_koff_M9T1_star":0.000016,"data_set_value_component_kinetic_parameters_variable_kon_M9T1":0.00063,"data_set_value_component_kinetic_parameters_variable_koff_M9T1":0.00025,"data_set_value_component_kinetic_parameters_variable_kon_M3_pM9T1":1900000.0,"data_set_value_component_kinetic_parameters_variable_koff_M3_pM9T1":0.000126,"data_set_value_component_kinetic_parameters_variable_kon_TrpM9":10000.0,"data_set_value_component_kinetic_parameters_variable_koff_TrpM9":0.007,"data_set_value_component_kinetic_parameters_variable_kon_TrpM9T1":10000.0,"data_set_value_component_kinetic_parameters_variable_koff_TrpM9T1":0.007,"data_set_value_component_kinetic_parameters_variable_kon_TrpM9T1M3":10000.0,"data_set_value_component_kinetic_parameters_variable_koff_TrpM9T1M3":0.007,"data_set_value_component_kinetic_parameters_variable_kon_M9_M3T1":0.0000748,"data_set_value_component_kinetic_parameters_variable_koff_M9_M3T1":34000.0,"data_set_value_component_kinetic_parameters_variable_kact_M3pM9T1":0.00057,"data_set_value_component_kinetic_parameters_variable_kact_M3pM9T1M3":0.00057,"data_set_value_component_kinetic_parameters_variable_kact_M9T1M3":0.000126,"data_set_value_component_kinetic_parameters_variable_kact_TrpM9":0.002,"data_set_value_component_kinetic_parameters_variable_kact_TrpM9T1":0.0006,"data_set_value_component_kinetic_parameters_variable_kact_TrpM9T1M3":0.0006,"data_set_value_component_kinetic_parameters_variable_kact_M3pM9":0.0019},{"data_set_value_component_environment_variable_time":0.9,"data_set_value_component_v1_variable_v1":0.0000000001,"data_set_value_component_v2_variable_v2":0.0,"data_set_value_component_v3_variable_v3":0.0000000157,"data_set_value_component_v4_variable_v4":0.0000000028,"data_set_value_component_v5_variable_v5":0.0,"data_set_value_component_v6_variable_v6":1.572918422e-16,"data_set_value_component_v7_variable_v7":0.0,"data_set_value_component_v8_variable_v8":1.413402795e-16,"data_set_value_component_v9_variable_v9":-1.125371425e-16,"data_set_value_component_v10_variable_v10":0.0000000001,"data_set_value_component_v11_variable_v11":0.0000000002,"data_set_value_component_v12_variable_v12":0.0,"data_set_value_component_v13_variable_v13":6.222845986e-18,"data_set_value_component_v14_variable_v14":4.438473933e-20,"data_set_value_component_v15_variable_v15":0.0000000003,"data_set_value_component_v16_variable_v16":0.0,"data_set_value_component_v17_variable_v17":0.0,"data_set_value_component_v18_variable_v18":8.18809206e-16,"data_set_value_component_v19_variable_v19":0.0,"data_set_value_component_v20_variable_v20":8.347759573e-17,"data_set_value_component_pM9_variable_pM9":0.0000002969,"data_set_value_component_M3_variable_M3":0.0000000297,"data_set_value_component_M3_pM9_variable_M3_pM9":0.0000000001,"data_set_value_component_T1_variable_T1":0.0000002772,"data_set_value_component_M3_T1_variable_M3_T1":0.00000002,"data_set_value_component_pM9_T1_variable_pM9_T1":0.0000000026,"data_set_value_component_M3_pM9_T1_variable_M3_pM9_T1":0.0,"data_set_value_component_M9_T1_star_variable_M9_T1_star":0.0,"data_set_value_component_M9_variable_M9":0.0,"data_set_value_component_M9_T1_variable_M9_T1":0.0,"data_set_value_component_pM9_T1_M3_variable_pM9_T1_M3":0.0000000001,"data_set_value_component_M3_pM9_T1_M3_variable_M3_pM9_T1_M3":0.0,"data_set_value_component_M9_T1_M3_variable_M9_T1_M3":3.522598359e-16,"data_set_value_component_Tr_variable_Tr":0.0000000997,"data_set_value_component_Tr_pM9_variable_Tr_pM9":0.0000000003,"data_set_value_component_Tr_pM9_T1_variable_Tr_pM9_T1":0.0,"data_set_value_component_Tr_pM9_T1_M3_variable_Tr_pM9_T1_M3":0.0,"data_set_value_component_kinetic_parameters_variable_kon_pM9T1":34000.0,"data_set_value_component_kinetic_parameters_variable_koff_pM9T1":0.0000748,"data_set_value_component_kinetic_parameters_variable_kon_pM9T1M3":34000.0,"data_set_value_component_kinetic_parameters_variable_koff_pM9T1M3":0.0000748,"data_set_value_component_kinetic_parameters_variable_kon_M3pM9":10000.0,"data_set_value_component_kinetic_parameters_variable_koff_M3pM9":0.001,"data_set_value_component_kinetic_parameters_variable_kon_M3pM9T1":10000.0,"data_set_value_component_kinetic_parameters_variable_koff_M3pM9T1":0.001,"data_set_value_component_kinetic_parameters_variable_kon_M3pM9T1M3":10000.0,"data_set_value_component_kinetic_parameters_variable_koff_M3pM9T1M3":0.001,"data_set_value_component_kinetic_parameters_variable_kon_M3T1":1900000.0,"data_set_value_component_kinetic_parameters_variable_koff_M3T1":0.000126,"data_set_value_component_kinetic_parameters_variable_kon_M9T1_star":5600000.0,"data_set_value_component_kinetic_parameters_variable_koff_M9T1_star":0.000016,"data_set_value_component_kinetic_parameters_variable_kon_M9T1":0.00063,"data_set_value_component_kinetic_parameters_variable_koff_M9T1":0.00025,"data_set_value_component_kinetic_parameters_variable_kon_M3_pM9T1":1900000.0,"data_set_value_component_kinetic_parameters_variable_koff_M3_pM9T1":0.000126,"data_set_value_component_kinetic_parameters_variable_kon_TrpM9":10000.0,"data_set_value_component_kinetic_parameters_variable_koff_TrpM9":0.007,"data_set_value_component_kinetic_parameters_variable_kon_TrpM9T1":10000.0,"data_set_value_component_kinetic_parameters_variable_koff_TrpM9T1":0.007,"data_set_value_component_kinetic_parameters_variable_kon_TrpM9T1M3":10000.0,"data_set_value_component_kinetic_parameters_variable_koff_TrpM9T1M3":0.007,"data_set_value_component_kinetic_parameters_variable_kon_M9_M3T1":0.0000748,"data_set_value_component_kinetic_parameters_variable_koff_M9_M3T1":34000.0,"data_set_value_component_kinetic_parameters_variable_kact_M3pM9T1":0.00057,"data_set_value_component_kinetic_parameters_variable_kact_M3pM9T1M3":0.00057,"data_set_value_component_kinetic_parameters_variable_kact_M9T1M3":0.000126,"data_set_value_component_kinetic_parameters_variable_kact_TrpM9":0.002,"data_set_value_component_kinetic_parameters_variable_kact_TrpM9T1":0.0006,"data_set_value_component_kinetic_parameters_variable_kact_TrpM9T1M3":0.0006,"data_set_value_component_kinetic_parameters_variable_kact_M3pM9":0.0019},{"data_set_value_component_environment_variable_time":1.0,"data_set_value_component_v1_variable_v1":0.0000000001,"data_set_value_component_v2_variable_v2":0.0,"data_set_value_component_v3_variable_v3":0.0000000146,"data_set_value_component_v4_variable_v4":0.0000000028,"data_set_value_component_v5_variable_v5":0.0,"data_set_value_component_v6_variable_v6":1.841878786e-16,"data_set_value_component_v7_variable_v7":0.0,"data_set_value_component_v8_variable_v8":1.735994091e-16,"data_set_value_component_v9_variable_v9":-1.443764894e-16,"data_set_value_component_v10_variable_v10":0.0000000002,"data_set_value_component_v11_variable_v11":0.0000000002,"data_set_value_component_v12_variable_v12":0.0,"data_set_value_component_v13_variable_v13":7.288224508e-18,"data_set_value_component_v14_variable_v14":5.516691403e-20,"data_set_value_component_v15_variable_v15":0.0000000003,"data_set_value_component_v16_variable_v16":0.0,"data_set_value_component_v17_variable_v17":0.0,"data_set_value_component_v18_variable_v18":9.891178112e-16,"data_set_value_component_v19_variable_v19":0.0,"data_set_value_component_v20_variable_v20":1.028770924e-16,"data_set_value_component_pM9_variable_pM9":0.0000002966,"data_set_value_component_M3_variable_M3":0.0000000279,"data_set_value_component_M3_pM9_variable_M3_pM9":0.0000000001,"data_set_value_component_T1_variable_T1":0.0000002752,"data_set_value_component_M3_T1_variable_M3_T1":0.0000000218,"data_set_value_component_pM9_T1_variable_pM9_T1":0.0000000029,"data_set_value_component_M3_pM9_T1_variable_M3_pM9_T1":0.0,"data_set_value_component_M9_T1_star_variable_M9_T1_star":0.0,"data_set_value_component_M9_variable_M9":0.0,"data_set_value_component_M9_T1_variable_M9_T1":0.0,"data_set_value_component_pM9_T1_M3_variable_pM9_T1_M3":0.0000000002,"data_set_value_component_M3_pM9_T1_M3_variable_M3_pM9_T1_M3":0.0,"data_set_value_component_M9_T1_M3_variable_M9_T1_M3":4.37832651e-16,"data_set_value_component_Tr_variable_Tr":0.0000000997,"data_set_value_component_Tr_pM9_variable_Tr_pM9":0.0000000003,"data_set_value_component_Tr_pM9_T1_variable_Tr_pM9_T1":0.0,"data_set_value_component_Tr_pM9_T1_M3_variable_Tr_pM9_T1_M3":0.0,"data_set_value_component_kinetic_parameters_variable_kon_pM9T1":34000.0,"data_set_value_component_kinetic_parameters_variable_koff_pM9T1":0.0000748,"data_set_value_component_kinetic_parameters_variable_kon_pM9T1M3":34000.0,"data_set_value_component_kinetic_parameters_variable_koff_pM9T1M3":0.0000748,"data_set_value_component_kinetic_parameters_variable_kon_M3pM9":10000.0,"data_set_value_component_kinetic_parameters_variable_koff_M3pM9":0.001,"data_set_value_component_kinetic_parameters_variable_kon_M3pM9T1":10000.0,"data_set_value_component_kinetic_parameters_variable_koff_M3pM9T1":0.001,"data_set_value_component_kinetic_parameters_variable_kon_M3pM9T1M3":10000.0,"data_set_value_component_kinetic_parameters_variable_koff_M3pM9T1M3":0.001,"data_set_value_component_kinetic_parameters_variable_kon_M3T1":1900000.0,"data_set_value_component_kinetic_parameters_variable_koff_M3T1":0.000126,"data_set_value_component_kinetic_parameters_variable_kon_M9T1_star":5600000.0,"data_set_value_component_kinetic_parameters_variable_koff_M9T1_star":0.000016,"data_set_value_component_kinetic_parameters_variable_kon_M9T1":0.00063,"data_set_value_component_kinetic_parameters_variable_koff_M9T1":0.00025,"data_set_value_component_kinetic_parameters_variable_kon_M3_pM9T1":1900000.0,"data_set_value_component_kinetic_parameters_variable_koff_M3_pM9T1":0.000126,"data_set_value_component_kinetic_parameters_variable_kon_TrpM9":10000.0,"data_set_value_component_kinetic_parameters_variable_koff_TrpM9":0.007,"data_set_value_component_kinetic_parameters_variable_kon_TrpM9T1":10000.0,"data_set_value_component_kinetic_parameters_variable_koff_TrpM9T1":0.007,"data_set_value_component_kinetic_parameters_variable_kon_TrpM9T1M3":10000.0,"data_set_value_component_kinetic_parameters_variable_koff_TrpM9T1M3":0.007,"data_set_value_component_kinetic_parameters_variable_kon_M9_M3T1":0.0000748,"data_set_value_component_kinetic_parameters_variable_koff_M9_M3T1":34000.0,"data_set_value_component_kinetic_parameters_variable_kact_M3pM9T1":0.00057,"data_set_value_component_kinetic_parameters_variable_kact_M3pM9T1M3":0.00057,"data_set_value_component_kinetic_parameters_variable_kact_M9T1M3":0.000126,"data_set_value_component_kinetic_parameters_variable_kact_TrpM9":0.002,"data_set_value_component_kinetic_parameters_variable_kact_TrpM9T1":0.0006,"data_set_value_component_kinetic_parameters_variable_kact_TrpM9T1M3":0.0006,"data_set_value_component_kinetic_parameters_variable_kact_M3pM9":0.0019}]