[{"data_set_value_component_environment_variable_time":0.0,"data_set_value_component_R_variable_R":0.5,"data_set_value_component_R_variable_h":12.0,"data_set_value_component_R_variable_c":100.0,"data_set_value_component_R_variable_b1":1.29,"data_set_value_component_R_variable_H":1.0,"data_set_value_component_R_variable_x":6.6666666667,"data_set_value_component_L_variable_L":22.0,"data_set_value_component_L_variable_g1":10.0,"data_set_value_component_L_variable_b2":0.97,"data_set_value_component_T_variable_T":15.0,"data_set_value_component_T_variable_g2":0.7,"data_set_value_component_T_variable_b3":1.39},{"data_set_value_component_environment_variable_time":0.1,"data_set_value_component_R_variable_R":0.4394866886,"data_set_value_component_R_variable_h":12.0,"data_set_value_component_R_variable_c":100.0,"data_set_value_component_R_variable_b1":1.29,"data_set_value_component_R_variable_H":1.0,"data_set_value_component_R_variable_x":6.1042805701,"data_set_value_component_L_variable_L":20.4128285874,"data_set_value_component_L_variable_g1":10.0,"data_set_value_component_L_variable_b2":0.97,"data_set_value_component_T_variable_T":14.4376139034,"data_set_value_component_T_variable_g2":0.7,"data_set_value_component_T_variable_b3":1.39},{"data_set_value_component_environment_variable_time":0.2,"data_set_value_component_R_variable_R":0.3862977205,"data_set_value_component_R_variable_h":12.0,"data_set_value_component_R_variable_c":100.0,"data_set_value_component_R_variable_b1":1.29,"data_set_value_component_R_variable_H":1.0,"data_set_value_component_R_variable_x":5.5142481745,"data_set_value_component_L_variable_L":18.918328063,"data_set_value_component_L_variable_g1":10.0,"data_set_value_component_L_variable_b2":0.97,"data_set_value_component_T_variable_T":13.8475815078,"data_set_value_component_T_variable_g2":0.7,"data_set_value_component_T_variable_b3":1.39},{"data_set_value_component_environment_variable_time":0.3,"data_set_value_component_R_variable_R":0.3395459861,"data_set_value_component_R_variable_h":12.0,"data_set_value_component_R_variable_c":100.0,"data_set_value_component_R_variable_b1":1.29,"data_set_value_component_R_variable_H":1.0,"data_set_value_component_R_variable_x":4.906159221,"data_set_value_component_L_variable_L":17.5144773323,"data_set_value_component_L_variable_g1":10.0,"data_set_value_component_L_variable_b2":0.97,"data_set_value_component_T_variable_T":13.2394925544,"data_set_value_component_T_variable_g2":0.7,"data_set_value_component_T_variable_b3":1.39},{"data_set_value_component_environment_variable_time":0.4,"data_set_value_component_R_variable_R":0.2984520627,"data_set_value_component_R_variable_h":12.0,"data_set_value_component_R_variable_c":100.0,"data_set_value_component_R_variable_b1":1.29,"data_set_value_component_R_variable_H":1.0,"data_set_value_component_R_variable_x":4.2882008748,"data_set_value_component_L_variable_L":16.1986480727,"data_set_value_component_L_variable_g1":10.0,"data_set_value_component_L_variable_b2":0.97,"data_set_value_component_T_variable_T":12.6215342081,"data_set_value_component_T_variable_g2":0.7,"data_set_value_component_T_variable_b3":1.39},{"data_set_value_component_environment_variable_time":0.5,"data_set_value_component_R_variable_R":0.2623315676,"data_set_value_component_R_variable_h":12.0,"data_set_value_component_R_variable_c":100.0,"data_set_value_component_R_variable_b1":1.29,"data_set_value_component_R_variable_H":1.0,"data_set_value_component_R_variable_x":3.6673006637,"data_set_value_component_L_variable_L":14.9677546498,"data_set_value_component_L_variable_g1":10.0,"data_set_value_component_L_variable_b2":0.97,"data_set_value_component_T_variable_T":12.000633997,"data_set_value_component_T_variable_g2":0.7,"data_set_value_component_T_variable_b3":1.39},{"data_set_value_component_environment_variable_time":0.6,"data_set_value_component_R_variable_R":0.2305825205,"data_set_value_component_R_variable_h":12.0,"data_set_value_component_R_variable_c":100.0,"data_set_value_component_R_variable_b1":1.29,"data_set_value_component_R_variable_H":1.0,"data_set_value_component_R_variable_x":3.0492794822,"data_set_value_component_L_variable_L":13.8183881994,"data_set_value_component_L_variable_g1":10.0,"data_set_value_component_L_variable_b2":0.97,"data_set_value_component_T_variable_T":11.3826128155,"data_set_value_component_T_variable_g2":0.7,"data_set_value_component_T_variable_b3":1.39},{"data_set_value_component_environment_variable_time":0.7,"data_set_value_component_R_variable_R":0.202675747,"data_set_value_component_R_variable_h":12.0,"data_set_value_component_R_variable_c":100.0,"data_set_value_component_R_variable_b1":1.29,"data_set_value_component_R_variable_H":1.0,"data_set_value_component_R_variable_x":2.4389728152,"data_set_value_component_L_variable_L":12.7469176504,"data_set_value_component_L_variable_g1":10.0,"data_set_value_component_L_variable_b2":0.97,"data_set_value_component_T_variable_T":10.7723061485,"data_set_value_component_T_variable_g2":0.7,"data_set_value_component_T_variable_b3":1.39},{"data_set_value_component_environment_variable_time":0.8,"data_set_value_component_R_variable_R":0.1781466166,"data_set_value_component_R_variable_h":12.0,"data_set_value_component_R_variable_c":100.0,"data_set_value_component_R_variable_b1":1.29,"data_set_value_component_R_variable_H":1.0,"data_set_value_component_R_variable_x":1.8403396987,"data_set_value_component_L_variable_L":11.7495701312,"data_set_value_component_L_variable_g1":10.0,"data_set_value_component_L_variable_b2":0.97,"data_set_value_component_T_variable_T":10.173673032,"data_set_value_component_T_variable_g2":0.7,"data_set_value_component_T_variable_b3":1.39},{"data_set_value_component_environment_variable_time":0.9,"data_set_value_component_R_variable_R":0.1565863001,"data_set_value_component_R_variable_h":12.0,"data_set_value_component_R_variable_c":100.0,"data_set_value_component_R_variable_b1":1.29,"data_set_value_component_R_variable_H":1.0,"data_set_value_component_R_variable_x":1.2565818917,"data_set_value_component_L_variable_L":10.8225108002,"data_set_value_component_L_variable_g1":10.0,"data_set_value_component_L_variable_b2":0.97,"data_set_value_component_T_variable_T":9.589915225,"data_set_value_component_T_variable_g2":0.7,"data_set_value_component_T_variable_b3":1.39},{"data_set_value_component_environment_variable_time":1.0,"data_set_value_component_R_variable_R":0.1376352897,"data_set_value_component_R_variable_h":12.0,"data_set_value_component_R_variable_c":100.0,"data_set_value_component_R_variable_b1":1.29,"data_set_value_component_R_variable_H":1.0,"data_set_value_component_R_variable_x":0.6902365328,"data_set_value_component_L_variable_L":9.9618956822,"data_set_value_component_L_variable_g1":10.0,"data_set_value_component_L_variable_b2":0.97,"data_set_value_component_T_variable_T":9.0235698661,"data_set_value_component_T_variable_g2":0.7,"data_set_value_component_T_variable_b3":1.39}]