[{"data_generator_T_figure_2c":0.0,"data_generator_V_figure_2c":-53.900669},{"data_generator_T_figure_2c":10.0,"data_generator_V_figure_2c":-53.8899},{"data_generator_T_figure_2c":20.0,"data_generator_V_figure_2c":-53.879116},{"data_generator_T_figure_2c":30.0,"data_generator_V_figure_2c":-53.868317},{"data_generator_T_figure_2c":40.0,"data_generator_V_figure_2c":-53.857502},{"data_generator_T_figure_2c":50.0,"data_generator_V_figure_2c":-53.846672},{"data_generator_T_figure_2c":60.0,"data_generator_V_figure_2c":-53.835827},{"data_generator_T_figure_2c":70.0,"data_generator_V_figure_2c":-53.82497},{"data_generator_T_figure_2c":80.0,"data_generator_V_figure_2c":-53.814102},{"data_generator_T_figure_2c":90.0,"data_generator_V_figure_2c":-53.803223},{"data_generator_T_figure_2c":100.0,"data_generator_V_figure_2c":-53.792328},{"data_generator_T_figure_2c":110.0,"data_generator_V_figure_2c":-53.781425},{"data_generator_T_figure_2c":120.0,"data_generator_V_figure_2c":-53.770508},{"data_generator_T_figure_2c":130.0,"data_generator_V_figure_2c":-53.759583},{"data_generator_T_figure_2c":140.0,"data_generator_V_figure_2c":-53.748642},{"data_generator_T_figure_2c":150.0,"data_generator_V_figure_2c":-53.737698},{"data_generator_T_figure_2c":160.0,"data_generator_V_figure_2c":-53.726738},{"data_generator_T_figure_2c":170.0,"data_generator_V_figure_2c":-53.715771},{"data_generator_T_figure_2c":180.0,"data_generator_V_figure_2c":-53.704796},{"data_generator_T_figure_2c":190.0,"data_generator_V_figure_2c":-53.693813},{"data_generator_T_figure_2c":200.0,"data_generator_V_figure_2c":-53.682819},{"data_generator_T_figure_2c":210.0,"data_generator_V_figure_2c":-53.671818},{"data_generator_T_figure_2c":220.0,"data_generator_V_figure_2c":-53.660809},{"data_generator_T_figure_2c":230.0,"data_generator_V_figure_2c":-53.649792},{"data_generator_T_figure_2c":240.0,"data_generator_V_figure_2c":-53.638767},{"data_generator_T_figure_2c":250.0,"data_generator_V_figure_2c":-53.627735},{"data_generator_T_figure_2c":260.0,"data_generator_V_figure_2c":-53.616695},{"data_generator_T_figure_2c":270.0,"data_generator_V_figure_2c":-53.605652},{"data_generator_T_figure_2c":280.0,"data_generator_V_figure_2c":-53.594601},{"data_generator_T_figure_2c":290.0,"data_generator_V_figure_2c":-53.583542},{"data_generator_T_figure_2c":300.0,"data_generator_V_figure_2c":-53.572479},{"data_generator_T_figure_2c":310.0,"data_generator_V_figure_2c":-53.561409},{"data_generator_T_figure_2c":320.0,"data_generator_V_figure_2c":-53.550335},{"data_generator_T_figure_2c":330.0,"data_generator_V_figure_2c":-53.539253},{"data_generator_T_figure_2c":340.0,"data_generator_V_figure_2c":-53.528168},{"data_generator_T_figure_2c":350.0,"data_generator_V_figure_2c":-53.517078},{"data_generator_T_figure_2c":360.0,"data_generator_V_figure_2c":-53.505981},{"data_generator_T_figure_2c":370.0,"data_generator_V_figure_2c":-53.494881},{"data_generator_T_figure_2c":380.0,"data_generator_V_figure_2c":-53.483776},{"data_generator_T_figure_2c":390.0,"data_generator_V_figure_2c":-53.472668},{"data_generator_T_figure_2c":400.0,"data_generator_V_figure_2c":-53.461555},{"data_generator_T_figure_2c":410.0,"data_generator_V_figure_2c":-53.450439},{"data_generator_T_figure_2c":420.0,"data_generator_V_figure_2c":-53.43932},{"data_generator_T_figure_2c":430.0,"data_generator_V_figure_2c":-53.428196},{"data_generator_T_figure_2c":440.0,"data_generator_V_figure_2c":-53.417068},{"data_generator_T_figure_2c":450.0,"data_generator_V_figure_2c":-53.405937},{"data_generator_T_figure_2c":460.0,"data_generator_V_figure_2c":-53.394802},{"data_generator_T_figure_2c":470.0,"data_generator_V_figure_2c":-53.383667},{"data_generator_T_figure_2c":480.0,"data_generator_V_figure_2c":-53.372524},{"data_generator_T_figure_2c":490.0,"data_generator_V_figure_2c":-53.361382},{"data_generator_T_figure_2c":500.0,"data_generator_V_figure_2c":-53.350239},{"data_generator_T_figure_2c":510.0,"data_generator_V_figure_2c":-53.339088},{"data_generator_T_figure_2c":520.0,"data_generator_V_figure_2c":-53.327938},{"data_generator_T_figure_2c":530.0,"data_generator_V_figure_2c":-53.316788},{"data_generator_T_figure_2c":540.0,"data_generator_V_figure_2c":-53.305634},{"data_generator_T_figure_2c":550.0,"data_generator_V_figure_2c":-53.294476},{"data_generator_T_figure_2c":560.0,"data_generator_V_figure_2c":-53.283318},{"data_generator_T_figure_2c":570.0,"data_generator_V_figure_2c":-53.272156},{"data_generator_T_figure_2c":580.0,"data_generator_V_figure_2c":-53.260994},{"data_generator_T_figure_2c":590.0,"data_generator_V_figure_2c":-53.249828},{"data_generator_T_figure_2c":600.0,"data_generator_V_figure_2c":-53.238663},{"data_generator_T_figure_2c":610.0,"data_generator_V_figure_2c":-53.227497},{"data_generator_T_figure_2c":620.0,"data_generator_V_figure_2c":-53.216328},{"data_generator_T_figure_2c":630.0,"data_generator_V_figure_2c":-53.205158},{"data_generator_T_figure_2c":640.0,"data_generator_V_figure_2c":-53.193985},{"data_generator_T_figure_2c":650.0,"data_generator_V_figure_2c":-53.182812},{"data_generator_T_figure_2c":660.0,"data_generator_V_figure_2c":-53.171638},{"data_generator_T_figure_2c":670.0,"data_generator_V_figure_2c":-53.160465},{"data_generator_T_figure_2c":680.0,"data_generator_V_figure_2c":-53.149288},{"data_generator_T_figure_2c":690.0,"data_generator_V_figure_2c":-53.138111},{"data_generator_T_figure_2c":700.0,"data_generator_V_figure_2c":-53.126934},{"data_generator_T_figure_2c":710.0,"data_generator_V_figure_2c":-53.115757},{"data_generator_T_figure_2c":720.0,"data_generator_V_figure_2c":-53.10458},{"data_generator_T_figure_2c":730.0,"data_generator_V_figure_2c":-53.093399},{"data_generator_T_figure_2c":740.0,"data_generator_V_figure_2c":-53.082218},{"data_generator_T_figure_2c":750.0,"data_generator_V_figure_2c":-53.071037},{"data_generator_T_figure_2c":760.0,"data_generator_V_figure_2c":-53.059856},{"data_generator_T_figure_2c":770.0,"data_generator_V_figure_2c":-53.048676},{"data_generator_T_figure_2c":780.0,"data_generator_V_figure_2c":-53.037491},{"data_generator_T_figure_2c":790.0,"data_generator_V_figure_2c":-53.02631},{"data_generator_T_figure_2c":800.0,"data_generator_V_figure_2c":-53.015125},{"data_generator_T_figure_2c":810.0,"data_generator_V_figure_2c":-53.003941},{"data_generator_T_figure_2c":820.0,"data_generator_V_figure_2c":-52.99276},{"data_generator_T_figure_2c":830.0,"data_generator_V_figure_2c":-52.981575},{"data_generator_T_figure_2c":840.0,"data_generator_V_figure_2c":-52.97039},{"data_generator_T_figure_2c":850.0,"data_generator_V_figure_2c":-52.959206},{"data_generator_T_figure_2c":860.0,"data_generator_V_figure_2c":-52.948021},{"data_generator_T_figure_2c":870.0,"data_generator_V_figure_2c":-52.936836},{"data_generator_T_figure_2c":880.0,"data_generator_V_figure_2c":-52.925648},{"data_generator_T_figure_2c":890.0,"data_generator_V_figure_2c":-52.914463},{"data_generator_T_figure_2c":900.0,"data_generator_V_figure_2c":-52.903278},{"data_generator_T_figure_2c":910.0,"data_generator_V_figure_2c":-52.892094},{"data_generator_T_figure_2c":920.0,"data_generator_V_figure_2c":-52.880905},{"data_generator_T_figure_2c":930.0,"data_generator_V_figure_2c":-52.86972},{"data_generator_T_figure_2c":940.0,"data_generator_V_figure_2c":-52.858536},{"data_generator_T_figure_2c":950.0,"data_generator_V_figure_2c":-52.847347},{"data_generator_T_figure_2c":960.0,"data_generator_V_figure_2c":-52.836163},{"data_generator_T_figure_2c":970.0,"data_generator_V_figure_2c":-52.824974},{"data_generator_T_figure_2c":980.0,"data_generator_V_figure_2c":-52.813789},{"data_generator_T_figure_2c":990.0,"data_generator_V_figure_2c":-52.802601},{"data_generator_T_figure_2c":1000.0,"data_generator_V_figure_2c":-52.791416},{"data_generator_T_figure_2c":1010.0,"data_generator_V_figure_2c":-52.780228},{"data_generator_T_figure_2c":1020.0,"data_generator_V_figure_2c":-52.769043},{"data_generator_T_figure_2c":1030.0,"data_generator_V_figure_2c":-52.757854},{"data_generator_T_figure_2c":1040.0,"data_generator_V_figure_2c":-52.746666},{"data_generator_T_figure_2c":1050.0,"data_generator_V_figure_2c":-52.735481},{"data_generator_T_figure_2c":1060.0,"data_generator_V_figure_2c":-52.724293},{"data_generator_T_figure_2c":1070.0,"data_generator_V_figure_2c":-52.713104},{"data_generator_T_figure_2c":1080.0,"data_generator_V_figure_2c":-52.701916},{"data_generator_T_figure_2c":1090.0,"data_generator_V_figure_2c":-52.690727},{"data_generator_T_figure_2c":1100.0,"data_generator_V_figure_2c":-52.679539},{"data_generator_T_figure_2c":1110.0,"data_generator_V_figure_2c":-52.66835},{"data_generator_T_figure_2c":1120.0,"data_generator_V_figure_2c":-52.657162},{"data_generator_T_figure_2c":1130.0,"data_generator_V_figure_2c":-52.645969},{"data_generator_T_figure_2c":1140.0,"data_generator_V_figure_2c":-52.634781},{"data_generator_T_figure_2c":1150.0,"data_generator_V_figure_2c":-52.623589},{"data_generator_T_figure_2c":1160.0,"data_generator_V_figure_2c":-52.6124},{"data_generator_T_figure_2c":1170.0,"data_generator_V_figure_2c":-52.601208},{"data_generator_T_figure_2c":1180.0,"data_generator_V_figure_2c":-52.590015},{"data_generator_T_figure_2c":1190.0,"data_generator_V_figure_2c":-52.578823},{"data_generator_T_figure_2c":1200.0,"data_generator_V_figure_2c":-52.567631},{"data_generator_T_figure_2c":1210.0,"data_generator_V_figure_2c":-52.556435},{"data_generator_T_figure_2c":1220.0,"data_generator_V_figure_2c":-52.545238},{"data_generator_T_figure_2c":1230.0,"data_generator_V_figure_2c":-52.534046},{"data_generator_T_figure_2c":1240.0,"data_generator_V_figure_2c":-52.52285},{"data_generator_T_figure_2c":1250.0,"data_generator_V_figure_2c":-52.51165},{"data_generator_T_figure_2c":1260.0,"data_generator_V_figure_2c":-52.500454},{"data_generator_T_figure_2c":1270.0,"data_generator_V_figure_2c":-52.489254},{"data_generator_T_figure_2c":1280.0,"data_generator_V_figure_2c":-52.478054},{"data_generator_T_figure_2c":1290.0,"data_generator_V_figure_2c":-52.46685},{"data_generator_T_figure_2c":1300.0,"data_generator_V_figure_2c":-52.45565},{"data_generator_T_figure_2c":1310.0,"data_generator_V_figure_2c":-52.444447},{"data_generator_T_figure_2c":1320.0,"data_generator_V_figure_2c":-52.433239},{"data_generator_T_figure_2c":1330.0,"data_generator_V_figure_2c":-52.422035},{"data_generator_T_figure_2c":1340.0,"data_generator_V_figure_2c":-52.410824},{"data_generator_T_figure_2c":1350.0,"data_generator_V_figure_2c":-52.399616},{"data_generator_T_figure_2c":1360.0,"data_generator_V_figure_2c":-52.388405},{"data_generator_T_figure_2c":1370.0,"data_generator_V_figure_2c":-52.377193},{"data_generator_T_figure_2c":1380.0,"data_generator_V_figure_2c":-52.365978},{"data_generator_T_figure_2c":1390.0,"data_generator_V_figure_2c":-52.354763},{"data_generator_T_figure_2c":1400.0,"data_generator_V_figure_2c":-52.343544},{"data_generator_T_figure_2c":1410.0,"data_generator_V_figure_2c":-52.332325},{"data_generator_T_figure_2c":1420.0,"data_generator_V_figure_2c":-52.321102},{"data_generator_T_figure_2c":1430.0,"data_generator_V_figure_2c":-52.309875},{"data_generator_T_figure_2c":1440.0,"data_generator_V_figure_2c":-52.298653},{"data_generator_T_figure_2c":1450.0,"data_generator_V_figure_2c":-52.287422},{"data_generator_T_figure_2c":1460.0,"data_generator_V_figure_2c":-52.276192},{"data_generator_T_figure_2c":1470.0,"data_generator_V_figure_2c":-52.264957},{"data_generator_T_figure_2c":1480.0,"data_generator_V_figure_2c":-52.253719},{"data_generator_T_figure_2c":1490.0,"data_generator_V_figure_2c":-52.242481},{"data_generator_T_figure_2c":1500.0,"data_generator_V_figure_2c":-52.231239},{"data_generator_T_figure_2c":1510.0,"data_generator_V_figure_2c":-52.219997},{"data_generator_T_figure_2c":1520.0,"data_generator_V_figure_2c":-52.208748},{"data_generator_T_figure_2c":1530.0,"data_generator_V_figure_2c":-52.197498},{"data_generator_T_figure_2c":1540.0,"data_generator_V_figure_2c":-52.186245},{"data_generator_T_figure_2c":1550.0,"data_generator_V_figure_2c":-52.174988},{"data_generator_T_figure_2c":1560.0,"data_generator_V_figure_2c":-52.163727},{"data_generator_T_figure_2c":1570.0,"data_generator_V_figure_2c":-52.152462},{"data_generator_T_figure_2c":1580.0,"data_generator_V_figure_2c":-52.141197},{"data_generator_T_figure_2c":1590.0,"data_generator_V_figure_2c":-52.129925},{"data_generator_T_figure_2c":1600.0,"data_generator_V_figure_2c":-52.118649},{"data_generator_T_figure_2c":1610.0,"data_generator_V_figure_2c":-52.107372},{"data_generator_T_figure_2c":1620.0,"data_generator_V_figure_2c":-52.096088},{"data_generator_T_figure_2c":1630.0,"data_generator_V_figure_2c":-52.084801},{"data_generator_T_figure_2c":1640.0,"data_generator_V_figure_2c":-52.073509},{"data_generator_T_figure_2c":1650.0,"data_generator_V_figure_2c":-52.062214},{"data_generator_T_figure_2c":1660.0,"data_generator_V_figure_2c":-52.050915},{"data_generator_T_figure_2c":1670.0,"data_generator_V_figure_2c":-52.039608},{"data_generator_T_figure_2c":1680.0,"data_generator_V_figure_2c":-52.028301},{"data_generator_T_figure_2c":1690.0,"data_generator_V_figure_2c":-52.016983},{"data_generator_T_figure_2c":1700.0,"data_generator_V_figure_2c":-52.005665},{"data_generator_T_figure_2c":1710.0,"data_generator_V_figure_2c":-51.994339},{"data_generator_T_figure_2c":1720.0,"data_generator_V_figure_2c":-51.983009},{"data_generator_T_figure_2c":1730.0,"data_generator_V_figure_2c":-51.971672},{"data_generator_T_figure_2c":1740.0,"data_generator_V_figure_2c":-51.960331},{"data_generator_T_figure_2c":1750.0,"data_generator_V_figure_2c":-51.948986},{"data_generator_T_figure_2c":1760.0,"data_generator_V_figure_2c":-51.937634},{"data_generator_T_figure_2c":1770.0,"data_generator_V_figure_2c":-51.926273},{"data_generator_T_figure_2c":1780.0,"data_generator_V_figure_2c":-51.914906},{"data_generator_T_figure_2c":1790.0,"data_generator_V_figure_2c":-51.903534},{"data_generator_T_figure_2c":1800.0,"data_generator_V_figure_2c":-51.892159},{"data_generator_T_figure_2c":1810.0,"data_generator_V_figure_2c":-51.880772},{"data_generator_T_figure_2c":1820.0,"data_generator_V_figure_2c":-51.869381},{"data_generator_T_figure_2c":1830.0,"data_generator_V_figure_2c":-51.857983},{"data_generator_T_figure_2c":1840.0,"data_generator_V_figure_2c":-51.846577},{"data_generator_T_figure_2c":1850.0,"data_generator_V_figure_2c":-51.835163},{"data_generator_T_figure_2c":1860.0,"data_generator_V_figure_2c":-51.823742},{"data_generator_T_figure_2c":1870.0,"data_generator_V_figure_2c":-51.812313},{"data_generator_T_figure_2c":1880.0,"data_generator_V_figure_2c":-51.800877},{"data_generator_T_figure_2c":1890.0,"data_generator_V_figure_2c":-51.789433},{"data_generator_T_figure_2c":1900.0,"data_generator_V_figure_2c":-51.777981},{"data_generator_T_figure_2c":1910.0,"data_generator_V_figure_2c":-51.766518},{"data_generator_T_figure_2c":1920.0,"data_generator_V_figure_2c":-51.755051},{"data_generator_T_figure_2c":1930.0,"data_generator_V_figure_2c":-51.743572},{"data_generator_T_figure_2c":1940.0,"data_generator_V_figure_2c":-51.732082},{"data_generator_T_figure_2c":1950.0,"data_generator_V_figure_2c":-51.720589},{"data_generator_T_figure_2c":1960.0,"data_generator_V_figure_2c":-51.70908},{"data_generator_T_figure_2c":1970.0,"data_generator_V_figure_2c":-51.697567},{"data_generator_T_figure_2c":1980.0,"data_generator_V_figure_2c":-51.686043},{"data_generator_T_figure_2c":1990.0,"data_generator_V_figure_2c":-51.674507},{"data_generator_T_figure_2c":2000.0,"data_generator_V_figure_2c":-51.66296},{"data_generator_T_figure_2c":2010.0,"data_generator_V_figure_2c":-51.651405},{"data_generator_T_figure_2c":2020.0,"data_generator_V_figure_2c":-51.639839},{"data_generator_T_figure_2c":2030.0,"data_generator_V_figure_2c":-51.628262},{"data_generator_T_figure_2c":2040.0,"data_generator_V_figure_2c":-51.616676},{"data_generator_T_figure_2c":2050.0,"data_generator_V_figure_2c":-51.605076},{"data_generator_T_figure_2c":2060.0,"data_generator_V_figure_2c":-51.593464},{"data_generator_T_figure_2c":2070.0,"data_generator_V_figure_2c":-51.581844},{"data_generator_T_figure_2c":2080.0,"data_generator_V_figure_2c":-51.57021},{"data_generator_T_figure_2c":2090.0,"data_generator_V_figure_2c":-51.558563},{"data_generator_T_figure_2c":2100.0,"data_generator_V_figure_2c":-51.546906},{"data_generator_T_figure_2c":2110.0,"data_generator_V_figure_2c":-51.535233},{"data_generator_T_figure_2c":2120.0,"data_generator_V_figure_2c":-51.523548},{"data_generator_T_figure_2c":2130.0,"data_generator_V_figure_2c":-51.511852},{"data_generator_T_figure_2c":2140.0,"data_generator_V_figure_2c":-51.500141},{"data_generator_T_figure_2c":2150.0,"data_generator_V_figure_2c":-51.488415},{"data_generator_T_figure_2c":2160.0,"data_generator_V_figure_2c":-51.476677},{"data_generator_T_figure_2c":2170.0,"data_generator_V_figure_2c":-51.464924},{"data_generator_T_figure_2c":2180.0,"data_generator_V_figure_2c":-51.453159},{"data_generator_T_figure_2c":2190.0,"data_generator_V_figure_2c":-51.441376},{"data_generator_T_figure_2c":2200.0,"data_generator_V_figure_2c":-51.429581},{"data_generator_T_figure_2c":2210.0,"data_generator_V_figure_2c":-51.417767},{"data_generator_T_figure_2c":2220.0,"data_generator_V_figure_2c":-51.405941},{"data_generator_T_figure_2c":2230.0,"data_generator_V_figure_2c":-51.394096},{"data_generator_T_figure_2c":2240.0,"data_generator_V_figure_2c":-51.382236},{"data_generator_T_figure_2c":2250.0,"data_generator_V_figure_2c":-51.370361},{"data_generator_T_figure_2c":2260.0,"data_generator_V_figure_2c":-51.358467},{"data_generator_T_figure_2c":2270.0,"data_generator_V_figure_2c":-51.346558},{"data_generator_T_figure_2c":2280.0,"data_generator_V_figure_2c":-51.334629},{"data_generator_T_figure_2c":2290.0,"data_generator_V_figure_2c":-51.322685},{"data_generator_T_figure_2c":2300.0,"data_generator_V_figure_2c":-51.310719},{"data_generator_T_figure_2c":2310.0,"data_generator_V_figure_2c":-51.298737},{"data_generator_T_figure_2c":2320.0,"data_generator_V_figure_2c":-51.286739},{"data_generator_T_figure_2c":2330.0,"data_generator_V_figure_2c":-51.274719},{"data_generator_T_figure_2c":2340.0,"data_generator_V_figure_2c":-51.26268},{"data_generator_T_figure_2c":2350.0,"data_generator_V_figure_2c":-51.250618},{"data_generator_T_figure_2c":2360.0,"data_generator_V_figure_2c":-51.238541},{"data_generator_T_figure_2c":2370.0,"data_generator_V_figure_2c":-51.22644},{"data_generator_T_figure_2c":2380.0,"data_generator_V_figure_2c":-51.214317},{"data_generator_T_figure_2c":2390.0,"data_generator_V_figure_2c":-51.202175},{"data_generator_T_figure_2c":2400.0,"data_generator_V_figure_2c":-51.190014},{"data_generator_T_figure_2c":2410.0,"data_generator_V_figure_2c":-51.177826},{"data_generator_T_figure_2c":2420.0,"data_generator_V_figure_2c":-51.165619},{"data_generator_T_figure_2c":2430.0,"data_generator_V_figure_2c":-51.153385},{"data_generator_T_figure_2c":2440.0,"data_generator_V_figure_2c":-51.141132},{"data_generator_T_figure_2c":2450.0,"data_generator_V_figure_2c":-51.128853},{"data_generator_T_figure_2c":2460.0,"data_generator_V_figure_2c":-51.116547},{"data_generator_T_figure_2c":2470.0,"data_generator_V_figure_2c":-51.104221},{"data_generator_T_figure_2c":2480.0,"data_generator_V_figure_2c":-51.091866},{"data_generator_T_figure_2c":2490.0,"data_generator_V_figure_2c":-51.079487},{"data_generator_T_figure_2c":2500.0,"data_generator_V_figure_2c":-51.067081},{"data_generator_T_figure_2c":2510.0,"data_generator_V_figure_2c":-51.054653},{"data_generator_T_figure_2c":2520.0,"data_generator_V_figure_2c":-51.042194},{"data_generator_T_figure_2c":2530.0,"data_generator_V_figure_2c":-51.029705},{"data_generator_T_figure_2c":2540.0,"data_generator_V_figure_2c":-51.017193},{"data_generator_T_figure_2c":2550.0,"data_generator_V_figure_2c":-51.00465},{"data_generator_T_figure_2c":2560.0,"data_generator_V_figure_2c":-50.992077},{"data_generator_T_figure_2c":2570.0,"data_generator_V_figure_2c":-50.979473},{"data_generator_T_figure_2c":2580.0,"data_generator_V_figure_2c":-50.966843},{"data_generator_T_figure_2c":2590.0,"data_generator_V_figure_2c":-50.954178},{"data_generator_T_figure_2c":2600.0,"data_generator_V_figure_2c":-50.941483},{"data_generator_T_figure_2c":2610.0,"data_generator_V_figure_2c":-50.928757},{"data_generator_T_figure_2c":2620.0,"data_generator_V_figure_2c":-50.915997},{"data_generator_T_figure_2c":2630.0,"data_generator_V_figure_2c":-50.903202},{"data_generator_T_figure_2c":2640.0,"data_generator_V_figure_2c":-50.890373},{"data_generator_T_figure_2c":2650.0,"data_generator_V_figure_2c":-50.877514},{"data_generator_T_figure_2c":2660.0,"data_generator_V_figure_2c":-50.864616},{"data_generator_T_figure_2c":2670.0,"data_generator_V_figure_2c":-50.851681},{"data_generator_T_figure_2c":2680.0,"data_generator_V_figure_2c":-50.838711},{"data_generator_T_figure_2c":2690.0,"data_generator_V_figure_2c":-50.825706},{"data_generator_T_figure_2c":2700.0,"data_generator_V_figure_2c":-50.81266},{"data_generator_T_figure_2c":2710.0,"data_generator_V_figure_2c":-50.799576},{"data_generator_T_figure_2c":2720.0,"data_generator_V_figure_2c":-50.786449},{"data_generator_T_figure_2c":2730.0,"data_generator_V_figure_2c":-50.773285},{"data_generator_T_figure_2c":2740.0,"data_generator_V_figure_2c":-50.760078},{"data_generator_T_figure_2c":2750.0,"data_generator_V_figure_2c":-50.74683},{"data_generator_T_figure_2c":2760.0,"data_generator_V_figure_2c":-50.73354},{"data_generator_T_figure_2c":2770.0,"data_generator_V_figure_2c":-50.720203},{"data_generator_T_figure_2c":2780.0,"data_generator_V_figure_2c":-50.706821},{"data_generator_T_figure_2c":2790.0,"data_generator_V_figure_2c":-50.693394},{"data_generator_T_figure_2c":2800.0,"data_generator_V_figure_2c":-50.679924},{"data_generator_T_figure_2c":2810.0,"data_generator_V_figure_2c":-50.666401},{"data_generator_T_figure_2c":2820.0,"data_generator_V_figure_2c":-50.652832},{"data_generator_T_figure_2c":2830.0,"data_generator_V_figure_2c":-50.639214},{"data_generator_T_figure_2c":2840.0,"data_generator_V_figure_2c":-50.625542},{"data_generator_T_figure_2c":2850.0,"data_generator_V_figure_2c":-50.61182},{"data_generator_T_figure_2c":2860.0,"data_generator_V_figure_2c":-50.598045},{"data_generator_T_figure_2c":2870.0,"data_generator_V_figure_2c":-50.584213},{"data_generator_T_figure_2c":2880.0,"data_generator_V_figure_2c":-50.570328},{"data_generator_T_figure_2c":2890.0,"data_generator_V_figure_2c":-50.556389},{"data_generator_T_figure_2c":2900.0,"data_generator_V_figure_2c":-50.542385},{"data_generator_T_figure_2c":2910.0,"data_generator_V_figure_2c":-50.528328},{"data_generator_T_figure_2c":2920.0,"data_generator_V_figure_2c":-50.514206},{"data_generator_T_figure_2c":2930.0,"data_generator_V_figure_2c":-50.500027},{"data_generator_T_figure_2c":2940.0,"data_generator_V_figure_2c":-50.485779},{"data_generator_T_figure_2c":2950.0,"data_generator_V_figure_2c":-50.47147},{"data_generator_T_figure_2c":2960.0,"data_generator_V_figure_2c":-50.457092},{"data_generator_T_figure_2c":2970.0,"data_generator_V_figure_2c":-50.442646},{"data_generator_T_figure_2c":2980.0,"data_generator_V_figure_2c":-50.428131},{"data_generator_T_figure_2c":2990.0,"data_generator_V_figure_2c":-50.413544},{"data_generator_T_figure_2c":3000.0,"data_generator_V_figure_2c":-50.398884},{"data_generator_T_figure_2c":3010.0,"data_generator_V_figure_2c":-50.384151},{"data_generator_T_figure_2c":3020.0,"data_generator_V_figure_2c":-50.369339},{"data_generator_T_figure_2c":3030.0,"data_generator_V_figure_2c":-50.354446},{"data_generator_T_figure_2c":3040.0,"data_generator_V_figure_2c":-50.339474},{"data_generator_T_figure_2c":3050.0,"data_generator_V_figure_2c":-50.324421},{"data_generator_T_figure_2c":3060.0,"data_generator_V_figure_2c":-50.30928},{"data_generator_T_figure_2c":3070.0,"data_generator_V_figure_2c":-50.294052},{"data_generator_T_figure_2c":3080.0,"data_generator_V_figure_2c":-50.278732},{"data_generator_T_figure_2c":3090.0,"data_generator_V_figure_2c":-50.263321},{"data_generator_T_figure_2c":3100.0,"data_generator_V_figure_2c":-50.247818},{"data_generator_T_figure_2c":3110.0,"data_generator_V_figure_2c":-50.232216},{"data_generator_T_figure_2c":3120.0,"data_generator_V_figure_2c":-50.216511},{"data_generator_T_figure_2c":3130.0,"data_generator_V_figure_2c":-50.200706},{"data_generator_T_figure_2c":3140.0,"data_generator_V_figure_2c":-50.184792},{"data_generator_T_figure_2c":3150.0,"data_generator_V_figure_2c":-50.16877},{"data_generator_T_figure_2c":3160.0,"data_generator_V_figure_2c":-50.152637},{"data_generator_T_figure_2c":3170.0,"data_generator_V_figure_2c":-50.136387},{"data_generator_T_figure_2c":3180.0,"data_generator_V_figure_2c":-50.120014},{"data_generator_T_figure_2c":3190.0,"data_generator_V_figure_2c":-50.103519},{"data_generator_T_figure_2c":3200.0,"data_generator_V_figure_2c":-50.086899},{"data_generator_T_figure_2c":3210.0,"data_generator_V_figure_2c":-50.070148},{"data_generator_T_figure_2c":3220.0,"data_generator_V_figure_2c":-50.053261},{"data_generator_T_figure_2c":3230.0,"data_generator_V_figure_2c":-50.036232},{"data_generator_T_figure_2c":3240.0,"data_generator_V_figure_2c":-50.019058},{"data_generator_T_figure_2c":3250.0,"data_generator_V_figure_2c":-50.001736},{"data_generator_T_figure_2c":3260.0,"data_generator_V_figure_2c":-49.984257},{"data_generator_T_figure_2c":3270.0,"data_generator_V_figure_2c":-49.966618},{"data_generator_T_figure_2c":3280.0,"data_generator_V_figure_2c":-49.948814},{"data_generator_T_figure_2c":3290.0,"data_generator_V_figure_2c":-49.930836},{"data_generator_T_figure_2c":3300.0,"data_generator_V_figure_2c":-49.912678},{"data_generator_T_figure_2c":3310.0,"data_generator_V_figure_2c":-49.894337},{"data_generator_T_figure_2c":3320.0,"data_generator_V_figure_2c":-49.875801},{"data_generator_T_figure_2c":3330.0,"data_generator_V_figure_2c":-49.857063},{"data_generator_T_figure_2c":3340.0,"data_generator_V_figure_2c":-49.83812},{"data_generator_T_figure_2c":3350.0,"data_generator_V_figure_2c":-49.818958},{"data_generator_T_figure_2c":3360.0,"data_generator_V_figure_2c":-49.799568},{"data_generator_T_figure_2c":3370.0,"data_generator_V_figure_2c":-49.779942},{"data_generator_T_figure_2c":3380.0,"data_generator_V_figure_2c":-49.760067},{"data_generator_T_figure_2c":3390.0,"data_generator_V_figure_2c":-49.739937},{"data_generator_T_figure_2c":3400.0,"data_generator_V_figure_2c":-49.719536},{"data_generator_T_figure_2c":3410.0,"data_generator_V_figure_2c":-49.698856},{"data_generator_T_figure_2c":3420.0,"data_generator_V_figure_2c":-49.677876},{"data_generator_T_figure_2c":3430.0,"data_generator_V_figure_2c":-49.656586},{"data_generator_T_figure_2c":3440.0,"data_generator_V_figure_2c":-49.634972},{"data_generator_T_figure_2c":3450.0,"data_generator_V_figure_2c":-49.61301},{"data_generator_T_figure_2c":3460.0,"data_generator_V_figure_2c":-49.590691},{"data_generator_T_figure_2c":3470.0,"data_generator_V_figure_2c":-49.567989},{"data_generator_T_figure_2c":3480.0,"data_generator_V_figure_2c":-49.544884},{"data_generator_T_figure_2c":3490.0,"data_generator_V_figure_2c":-49.521355},{"data_generator_T_figure_2c":3500.0,"data_generator_V_figure_2c":-49.497372},{"data_generator_T_figure_2c":3510.0,"data_generator_V_figure_2c":-49.472912},{"data_generator_T_figure_2c":3520.0,"data_generator_V_figure_2c":-49.447945},{"data_generator_T_figure_2c":3530.0,"data_generator_V_figure_2c":-49.422432},{"data_generator_T_figure_2c":3540.0,"data_generator_V_figure_2c":-49.396347},{"data_generator_T_figure_2c":3550.0,"data_generator_V_figure_2c":-49.36964},{"data_generator_T_figure_2c":3560.0,"data_generator_V_figure_2c":-49.342274},{"data_generator_T_figure_2c":3570.0,"data_generator_V_figure_2c":-49.314198},{"data_generator_T_figure_2c":3580.0,"data_generator_V_figure_2c":-49.285358},{"data_generator_T_figure_2c":3590.0,"data_generator_V_figure_2c":-49.255692},{"data_generator_T_figure_2c":3600.0,"data_generator_V_figure_2c":-49.225136},{"data_generator_T_figure_2c":3610.0,"data_generator_V_figure_2c":-49.193611},{"data_generator_T_figure_2c":3620.0,"data_generator_V_figure_2c":-49.161034},{"data_generator_T_figure_2c":3630.0,"data_generator_V_figure_2c":-49.127308},{"data_generator_T_figure_2c":3640.0,"data_generator_V_figure_2c":-49.092319},{"data_generator_T_figure_2c":3650.0,"data_generator_V_figure_2c":-49.055946},{"data_generator_T_figure_2c":3660.0,"data_generator_V_figure_2c":-49.01804},{"data_generator_T_figure_2c":3670.0,"data_generator_V_figure_2c":-48.978436},{"data_generator_T_figure_2c":3680.0,"data_generator_V_figure_2c":-48.936939},{"data_generator_T_figure_2c":3690.0,"data_generator_V_figure_2c":-48.893322},{"data_generator_T_figure_2c":3700.0,"data_generator_V_figure_2c":-48.847313},{"data_generator_T_figure_2c":3710.0,"data_generator_V_figure_2c":-48.798592},{"data_generator_T_figure_2c":3720.0,"data_generator_V_figure_2c":-48.746777},{"data_generator_T_figure_2c":3730.0,"data_generator_V_figure_2c":-48.691402},{"data_generator_T_figure_2c":3740.0,"data_generator_V_figure_2c":-48.631897},{"data_generator_T_figure_2c":3750.0,"data_generator_V_figure_2c":-48.567554},{"data_generator_T_figure_2c":3760.0,"data_generator_V_figure_2c":-48.497494},{"data_generator_T_figure_2c":3770.0,"data_generator_V_figure_2c":-48.420582},{"data_generator_T_figure_2c":3780.0,"data_generator_V_figure_2c":-48.335358},{"data_generator_T_figure_2c":3790.0,"data_generator_V_figure_2c":-48.239887},{"data_generator_T_figure_2c":3800.0,"data_generator_V_figure_2c":-48.131554},{"data_generator_T_figure_2c":3810.0,"data_generator_V_figure_2c":-48.006721},{"data_generator_T_figure_2c":3820.0,"data_generator_V_figure_2c":-47.860161},{"data_generator_T_figure_2c":3830.0,"data_generator_V_figure_2c":-47.684055},{"data_generator_T_figure_2c":3840.0,"data_generator_V_figure_2c":-47.466084},{"data_generator_T_figure_2c":3850.0,"data_generator_V_figure_2c":-47.185509},{"data_generator_T_figure_2c":3860.0,"data_generator_V_figure_2c":-46.803951},{"data_generator_T_figure_2c":3870.0,"data_generator_V_figure_2c":-46.239784},{"data_generator_T_figure_2c":3880.0,"data_generator_V_figure_2c":-45.271809},{"data_generator_T_figure_2c":3890.0,"data_generator_V_figure_2c":-42.819805},{"data_generator_T_figure_2c":3900.0,"data_generator_V_figure_2c":-48.263153},{"data_generator_T_figure_2c":3910.0,"data_generator_V_figure_2c":-48.398788},{"data_generator_T_figure_2c":3920.0,"data_generator_V_figure_2c":-48.395222},{"data_generator_T_figure_2c":3930.0,"data_generator_V_figure_2c":-48.389927},{"data_generator_T_figure_2c":3940.0,"data_generator_V_figure_2c":-48.382805},{"data_generator_T_figure_2c":3950.0,"data_generator_V_figure_2c":-48.373703},{"data_generator_T_figure_2c":3960.0,"data_generator_V_figure_2c":-48.362446},{"data_generator_T_figure_2c":3970.0,"data_generator_V_figure_2c":-48.348827},{"data_generator_T_figure_2c":3980.0,"data_generator_V_figure_2c":-48.332619},{"data_generator_T_figure_2c":3990.0,"data_generator_V_figure_2c":-48.313557},{"data_generator_T_figure_2c":4000.0,"data_generator_V_figure_2c":-48.291313},{"data_generator_T_figure_2c":4010.0,"data_generator_V_figure_2c":-48.265518},{"data_generator_T_figure_2c":4020.0,"data_generator_V_figure_2c":-48.235714},{"data_generator_T_figure_2c":4030.0,"data_generator_V_figure_2c":-48.201336},{"data_generator_T_figure_2c":4040.0,"data_generator_V_figure_2c":-48.16169},{"data_generator_T_figure_2c":4050.0,"data_generator_V_figure_2c":-48.115906},{"data_generator_T_figure_2c":4060.0,"data_generator_V_figure_2c":-48.06287},{"data_generator_T_figure_2c":4070.0,"data_generator_V_figure_2c":-48.001125},{"data_generator_T_figure_2c":4080.0,"data_generator_V_figure_2c":-47.928753},{"data_generator_T_figure_2c":4090.0,"data_generator_V_figure_2c":-47.843136},{"data_generator_T_figure_2c":4100.0,"data_generator_V_figure_2c":-47.740623},{"data_generator_T_figure_2c":4110.0,"data_generator_V_figure_2c":-47.61594},{"data_generator_T_figure_2c":4120.0,"data_generator_V_figure_2c":-47.461159},{"data_generator_T_figure_2c":4130.0,"data_generator_V_figure_2c":-47.263725},{"data_generator_T_figure_2c":4140.0,"data_generator_V_figure_2c":-47.002319},{"data_generator_T_figure_2c":4150.0,"data_generator_V_figure_2c":-46.637131},{"data_generator_T_figure_2c":4160.0,"data_generator_V_figure_2c":-46.082172},{"data_generator_T_figure_2c":4170.0,"data_generator_V_figure_2c":-45.098022},{"data_generator_T_figure_2c":4180.0,"data_generator_V_figure_2c":-42.404415},{"data_generator_T_figure_2c":4190.0,"data_generator_V_figure_2c":-48.366802},{"data_generator_T_figure_2c":4200.0,"data_generator_V_figure_2c":-48.462067},{"data_generator_T_figure_2c":4210.0,"data_generator_V_figure_2c":-48.526745},{"data_generator_T_figure_2c":4220.0,"data_generator_V_figure_2c":-48.593216},{"data_generator_T_figure_2c":4230.0,"data_generator_V_figure_2c":-48.660881},{"data_generator_T_figure_2c":4240.0,"data_generator_V_figure_2c":-48.729065},{"data_generator_T_figure_2c":4250.0,"data_generator_V_figure_2c":-48.797062},{"data_generator_T_figure_2c":4260.0,"data_generator_V_figure_2c":-48.864166},{"data_generator_T_figure_2c":4270.0,"data_generator_V_figure_2c":-48.929699},{"data_generator_T_figure_2c":4280.0,"data_generator_V_figure_2c":-48.993034},{"data_generator_T_figure_2c":4290.0,"data_generator_V_figure_2c":-49.053612},{"data_generator_T_figure_2c":4300.0,"data_generator_V_figure_2c":-49.110962},{"data_generator_T_figure_2c":4310.0,"data_generator_V_figure_2c":-49.164703},{"data_generator_T_figure_2c":4320.0,"data_generator_V_figure_2c":-49.21455},{"data_generator_T_figure_2c":4330.0,"data_generator_V_figure_2c":-49.260315},{"data_generator_T_figure_2c":4340.0,"data_generator_V_figure_2c":-49.301899},{"data_generator_T_figure_2c":4350.0,"data_generator_V_figure_2c":-49.339275},{"data_generator_T_figure_2c":4360.0,"data_generator_V_figure_2c":-49.372486},{"data_generator_T_figure_2c":4370.0,"data_generator_V_figure_2c":-49.40163},{"data_generator_T_figure_2c":4380.0,"data_generator_V_figure_2c":-49.426853},{"data_generator_T_figure_2c":4390.0,"data_generator_V_figure_2c":-49.448326},{"data_generator_T_figure_2c":4400.0,"data_generator_V_figure_2c":-49.466244},{"data_generator_T_figure_2c":4410.0,"data_generator_V_figure_2c":-49.480812},{"data_generator_T_figure_2c":4420.0,"data_generator_V_figure_2c":-49.492252},{"data_generator_T_figure_2c":4430.0,"data_generator_V_figure_2c":-49.500774},{"data_generator_T_figure_2c":4440.0,"data_generator_V_figure_2c":-49.506588},{"data_generator_T_figure_2c":4450.0,"data_generator_V_figure_2c":-49.509892},{"data_generator_T_figure_2c":4460.0,"data_generator_V_figure_2c":-49.51088},{"data_generator_T_figure_2c":4470.0,"data_generator_V_figure_2c":-49.509727},{"data_generator_T_figure_2c":4480.0,"data_generator_V_figure_2c":-49.506603},{"data_generator_T_figure_2c":4490.0,"data_generator_V_figure_2c":-49.501656},{"data_generator_T_figure_2c":4500.0,"data_generator_V_figure_2c":-49.495018},{"data_generator_T_figure_2c":4510.0,"data_generator_V_figure_2c":-49.48682},{"data_generator_T_figure_2c":4520.0,"data_generator_V_figure_2c":-49.477169},{"data_generator_T_figure_2c":4530.0,"data_generator_V_figure_2c":-49.466164},{"data_generator_T_figure_2c":4540.0,"data_generator_V_figure_2c":-49.453892},{"data_generator_T_figure_2c":4550.0,"data_generator_V_figure_2c":-49.440426},{"data_generator_T_figure_2c":4560.0,"data_generator_V_figure_2c":-49.425827},{"data_generator_T_figure_2c":4570.0,"data_generator_V_figure_2c":-49.410156},{"data_generator_T_figure_2c":4580.0,"data_generator_V_figure_2c":-49.393452},{"data_generator_T_figure_2c":4590.0,"data_generator_V_figure_2c":-49.375755},{"data_generator_T_figure_2c":4600.0,"data_generator_V_figure_2c":-49.35709},{"data_generator_T_figure_2c":4610.0,"data_generator_V_figure_2c":-49.337479},{"data_generator_T_figure_2c":4620.0,"data_generator_V_figure_2c":-49.316929},{"data_generator_T_figure_2c":4630.0,"data_generator_V_figure_2c":-49.295448},{"data_generator_T_figure_2c":4640.0,"data_generator_V_figure_2c":-49.273029},{"data_generator_T_figure_2c":4650.0,"data_generator_V_figure_2c":-49.249664},{"data_generator_T_figure_2c":4660.0,"data_generator_V_figure_2c":-49.225334},{"data_generator_T_figure_2c":4670.0,"data_generator_V_figure_2c":-49.200005},{"data_generator_T_figure_2c":4680.0,"data_generator_V_figure_2c":-49.173649},{"data_generator_T_figure_2c":4690.0,"data_generator_V_figure_2c":-49.146217},{"data_generator_T_figure_2c":4700.0,"data_generator_V_figure_2c":-49.117657},{"data_generator_T_figure_2c":4710.0,"data_generator_V_figure_2c":-49.087898},{"data_generator_T_figure_2c":4720.0,"data_generator_V_figure_2c":-49.056866},{"data_generator_T_figure_2c":4730.0,"data_generator_V_figure_2c":-49.024464},{"data_generator_T_figure_2c":4740.0,"data_generator_V_figure_2c":-48.990585},{"data_generator_T_figure_2c":4750.0,"data_generator_V_figure_2c":-48.955101},{"data_generator_T_figure_2c":4760.0,"data_generator_V_figure_2c":-48.917862},{"data_generator_T_figure_2c":4770.0,"data_generator_V_figure_2c":-48.878685},{"data_generator_T_figure_2c":4780.0,"data_generator_V_figure_2c":-48.837364},{"data_generator_T_figure_2c":4790.0,"data_generator_V_figure_2c":-48.793652},{"data_generator_T_figure_2c":4800.0,"data_generator_V_figure_2c":-48.747246},{"data_generator_T_figure_2c":4810.0,"data_generator_V_figure_2c":-48.697792},{"data_generator_T_figure_2c":4820.0,"data_generator_V_figure_2c":-48.644848},{"data_generator_T_figure_2c":4830.0,"data_generator_V_figure_2c":-48.587891},{"data_generator_T_figure_2c":4840.0,"data_generator_V_figure_2c":-48.526253},{"data_generator_T_figure_2c":4850.0,"data_generator_V_figure_2c":-48.45911},{"data_generator_T_figure_2c":4860.0,"data_generator_V_figure_2c":-48.385418},{"data_generator_T_figure_2c":4870.0,"data_generator_V_figure_2c":-48.303814},{"data_generator_T_figure_2c":4880.0,"data_generator_V_figure_2c":-48.212521},{"data_generator_T_figure_2c":4890.0,"data_generator_V_figure_2c":-48.109131},{"data_generator_T_figure_2c":4900.0,"data_generator_V_figure_2c":-47.990337},{"data_generator_T_figure_2c":4910.0,"data_generator_V_figure_2c":-47.851418},{"data_generator_T_figure_2c":4920.0,"data_generator_V_figure_2c":-47.685387},{"data_generator_T_figure_2c":4930.0,"data_generator_V_figure_2c":-47.481396},{"data_generator_T_figure_2c":4940.0,"data_generator_V_figure_2c":-47.221516},{"data_generator_T_figure_2c":4950.0,"data_generator_V_figure_2c":-46.873444},{"data_generator_T_figure_2c":4960.0,"data_generator_V_figure_2c":-46.371231},{"data_generator_T_figure_2c":4970.0,"data_generator_V_figure_2c":-45.549282},{"data_generator_T_figure_2c":4980.0,"data_generator_V_figure_2c":-43.760273},{"data_generator_T_figure_2c":4990.0,"data_generator_V_figure_2c":-33.378483},{"data_generator_T_figure_2c":5000.0,"data_generator_V_figure_2c":-48.410946},{"data_generator_T_figure_2c":5010.0,"data_generator_V_figure_2c":-48.413685},{"data_generator_T_figure_2c":5020.0,"data_generator_V_figure_2c":-48.414932},{"data_generator_T_figure_2c":5030.0,"data_generator_V_figure_2c":-48.414753},{"data_generator_T_figure_2c":5040.0,"data_generator_V_figure_2c":-48.413036},{"data_generator_T_figure_2c":5050.0,"data_generator_V_figure_2c":-48.409679},{"data_generator_T_figure_2c":5060.0,"data_generator_V_figure_2c":-48.404552},{"data_generator_T_figure_2c":5070.0,"data_generator_V_figure_2c":-48.397526},{"data_generator_T_figure_2c":5080.0,"data_generator_V_figure_2c":-48.388454},{"data_generator_T_figure_2c":5090.0,"data_generator_V_figure_2c":-48.377171},{"data_generator_T_figure_2c":5100.0,"data_generator_V_figure_2c":-48.363487},{"data_generator_T_figure_2c":5110.0,"data_generator_V_figure_2c":-48.347187},{"data_generator_T_figure_2c":5120.0,"data_generator_V_figure_2c":-48.32803},{"data_generator_T_figure_2c":5130.0,"data_generator_V_figure_2c":-48.30571},{"data_generator_T_figure_2c":5140.0,"data_generator_V_figure_2c":-48.279884},{"data_generator_T_figure_2c":5150.0,"data_generator_V_figure_2c":-48.25013},{"data_generator_T_figure_2c":5160.0,"data_generator_V_figure_2c":-48.215935},{"data_generator_T_figure_2c":5170.0,"data_generator_V_figure_2c":-48.176662},{"data_generator_T_figure_2c":5180.0,"data_generator_V_figure_2c":-48.131516},{"data_generator_T_figure_2c":5190.0,"data_generator_V_figure_2c":-48.079487},{"data_generator_T_figure_2c":5200.0,"data_generator_V_figure_2c":-48.019268},{"data_generator_T_figure_2c":5210.0,"data_generator_V_figure_2c":-47.949135},{"data_generator_T_figure_2c":5220.0,"data_generator_V_figure_2c":-47.866772},{"data_generator_T_figure_2c":5230.0,"data_generator_V_figure_2c":-47.768963},{"data_generator_T_figure_2c":5240.0,"data_generator_V_figure_2c":-47.651146},{"data_generator_T_figure_2c":5250.0,"data_generator_V_figure_2c":-47.506554},{"data_generator_T_figure_2c":5260.0,"data_generator_V_figure_2c":-47.324677},{"data_generator_T_figure_2c":5270.0,"data_generator_V_figure_2c":-47.088177},{"data_generator_T_figure_2c":5280.0,"data_generator_V_figure_2c":-46.765884},{"data_generator_T_figure_2c":5290.0,"data_generator_V_figure_2c":-46.294437},{"data_generator_T_figure_2c":5300.0,"data_generator_V_figure_2c":-45.51606},{"data_generator_T_figure_2c":5310.0,"data_generator_V_figure_2c":-43.828655},{"data_generator_T_figure_2c":5320.0,"data_generator_V_figure_2c":-26.397123},{"data_generator_T_figure_2c":5330.0,"data_generator_V_figure_2c":-48.455826},{"data_generator_T_figure_2c":5340.0,"data_generator_V_figure_2c":-48.513348},{"data_generator_T_figure_2c":5350.0,"data_generator_V_figure_2c":-48.571621},{"data_generator_T_figure_2c":5360.0,"data_generator_V_figure_2c":-48.630318},{"data_generator_T_figure_2c":5370.0,"data_generator_V_figure_2c":-48.688904},{"data_generator_T_figure_2c":5380.0,"data_generator_V_figure_2c":-48.746838},{"data_generator_T_figure_2c":5390.0,"data_generator_V_figure_2c":-48.803581},{"data_generator_T_figure_2c":5400.0,"data_generator_V_figure_2c":-48.858635},{"data_generator_T_figure_2c":5410.0,"data_generator_V_figure_2c":-48.91153},{"data_generator_T_figure_2c":5420.0,"data_generator_V_figure_2c":-48.961868},{"data_generator_T_figure_2c":5430.0,"data_generator_V_figure_2c":-49.009304},{"data_generator_T_figure_2c":5440.0,"data_generator_V_figure_2c":-49.053562},{"data_generator_T_figure_2c":5450.0,"data_generator_V_figure_2c":-49.094437},{"data_generator_T_figure_2c":5460.0,"data_generator_V_figure_2c":-49.131783},{"data_generator_T_figure_2c":5470.0,"data_generator_V_figure_2c":-49.165524},{"data_generator_T_figure_2c":5480.0,"data_generator_V_figure_2c":-49.195641},{"data_generator_T_figure_2c":5490.0,"data_generator_V_figure_2c":-49.222153},{"data_generator_T_figure_2c":5500.0,"data_generator_V_figure_2c":-49.245129},{"data_generator_T_figure_2c":5510.0,"data_generator_V_figure_2c":-49.264664},{"data_generator_T_figure_2c":5520.0,"data_generator_V_figure_2c":-49.28088},{"data_generator_T_figure_2c":5530.0,"data_generator_V_figure_2c":-49.293911},{"data_generator_T_figure_2c":5540.0,"data_generator_V_figure_2c":-49.303909},{"data_generator_T_figure_2c":5550.0,"data_generator_V_figure_2c":-49.311028},{"data_generator_T_figure_2c":5560.0,"data_generator_V_figure_2c":-49.315418},{"data_generator_T_figure_2c":5570.0,"data_generator_V_figure_2c":-49.317242},{"data_generator_T_figure_2c":5580.0,"data_generator_V_figure_2c":-49.316635},{"data_generator_T_figure_2c":5590.0,"data_generator_V_figure_2c":-49.313744},{"data_generator_T_figure_2c":5600.0,"data_generator_V_figure_2c":-49.308697},{"data_generator_T_figure_2c":5610.0,"data_generator_V_figure_2c":-49.301613},{"data_generator_T_figure_2c":5620.0,"data_generator_V_figure_2c":-49.292599},{"data_generator_T_figure_2c":5630.0,"data_generator_V_figure_2c":-49.281754},{"data_generator_T_figure_2c":5640.0,"data_generator_V_figure_2c":-49.269161},{"data_generator_T_figure_2c":5650.0,"data_generator_V_figure_2c":-49.25489},{"data_generator_T_figure_2c":5660.0,"data_generator_V_figure_2c":-49.239002},{"data_generator_T_figure_2c":5670.0,"data_generator_V_figure_2c":-49.22155},{"data_generator_T_figure_2c":5680.0,"data_generator_V_figure_2c":-49.202564},{"data_generator_T_figure_2c":5690.0,"data_generator_V_figure_2c":-49.182072},{"data_generator_T_figure_2c":5700.0,"data_generator_V_figure_2c":-49.160084},{"data_generator_T_figure_2c":5710.0,"data_generator_V_figure_2c":-49.136597},{"data_generator_T_figure_2c":5720.0,"data_generator_V_figure_2c":-49.111595},{"data_generator_T_figure_2c":5730.0,"data_generator_V_figure_2c":-49.085052},{"data_generator_T_figure_2c":5740.0,"data_generator_V_figure_2c":-49.056923},{"data_generator_T_figure_2c":5750.0,"data_generator_V_figure_2c":-49.027153},{"data_generator_T_figure_2c":5760.0,"data_generator_V_figure_2c":-48.995655},{"data_generator_T_figure_2c":5770.0,"data_generator_V_figure_2c":-48.962341},{"data_generator_T_figure_2c":5780.0,"data_generator_V_figure_2c":-48.92709},{"data_generator_T_figure_2c":5790.0,"data_generator_V_figure_2c":-48.889751},{"data_generator_T_figure_2c":5800.0,"data_generator_V_figure_2c":-48.850147},{"data_generator_T_figure_2c":5810.0,"data_generator_V_figure_2c":-48.808067},{"data_generator_T_figure_2c":5820.0,"data_generator_V_figure_2c":-48.763248},{"data_generator_T_figure_2c":5830.0,"data_generator_V_figure_2c":-48.715374},{"data_generator_T_figure_2c":5840.0,"data_generator_V_figure_2c":-48.66407},{"data_generator_T_figure_2c":5850.0,"data_generator_V_figure_2c":-48.60886},{"data_generator_T_figure_2c":5860.0,"data_generator_V_figure_2c":-48.549168},{"data_generator_T_figure_2c":5870.0,"data_generator_V_figure_2c":-48.484272},{"data_generator_T_figure_2c":5880.0,"data_generator_V_figure_2c":-48.413258},{"data_generator_T_figure_2c":5890.0,"data_generator_V_figure_2c":-48.334953},{"data_generator_T_figure_2c":5900.0,"data_generator_V_figure_2c":-48.247833},{"data_generator_T_figure_2c":5910.0,"data_generator_V_figure_2c":-48.149872},{"data_generator_T_figure_2c":5920.0,"data_generator_V_figure_2c":-48.038311},{"data_generator_T_figure_2c":5930.0,"data_generator_V_figure_2c":-47.90929},{"data_generator_T_figure_2c":5940.0,"data_generator_V_figure_2c":-47.757221},{"data_generator_T_figure_2c":5950.0,"data_generator_V_figure_2c":-47.573666},{"data_generator_T_figure_2c":5960.0,"data_generator_V_figure_2c":-47.345165},{"data_generator_T_figure_2c":5970.0,"data_generator_V_figure_2c":-47.048676},{"data_generator_T_figure_2c":5980.0,"data_generator_V_figure_2c":-46.640495},{"data_generator_T_figure_2c":5990.0,"data_generator_V_figure_2c":-46.02393},{"data_generator_T_figure_2c":6000.0,"data_generator_V_figure_2c":-44.915794},{"data_generator_T_figure_2c":6010.0,"data_generator_V_figure_2c":-41.453724},{"data_generator_T_figure_2c":6020.0,"data_generator_V_figure_2c":-48.383404},{"data_generator_T_figure_2c":6030.0,"data_generator_V_figure_2c":-48.379337},{"data_generator_T_figure_2c":6040.0,"data_generator_V_figure_2c":-48.367268},{"data_generator_T_figure_2c":6050.0,"data_generator_V_figure_2c":-48.352009},{"data_generator_T_figure_2c":6060.0,"data_generator_V_figure_2c":-48.333298},{"data_generator_T_figure_2c":6070.0,"data_generator_V_figure_2c":-48.310818},{"data_generator_T_figure_2c":6080.0,"data_generator_V_figure_2c":-48.284199},{"data_generator_T_figure_2c":6090.0,"data_generator_V_figure_2c":-48.252983},{"data_generator_T_figure_2c":6100.0,"data_generator_V_figure_2c":-48.216618},{"data_generator_T_figure_2c":6110.0,"data_generator_V_figure_2c":-48.174412},{"data_generator_T_figure_2c":6120.0,"data_generator_V_figure_2c":-48.1255},{"data_generator_T_figure_2c":6130.0,"data_generator_V_figure_2c":-48.068771},{"data_generator_T_figure_2c":6140.0,"data_generator_V_figure_2c":-48.002773},{"data_generator_T_figure_2c":6150.0,"data_generator_V_figure_2c":-47.925587},{"data_generator_T_figure_2c":6160.0,"data_generator_V_figure_2c":-47.834587},{"data_generator_T_figure_2c":6170.0,"data_generator_V_figure_2c":-47.726116},{"data_generator_T_figure_2c":6180.0,"data_generator_V_figure_2c":-47.594875},{"data_generator_T_figure_2c":6190.0,"data_generator_V_figure_2c":-47.43288},{"data_generator_T_figure_2c":6200.0,"data_generator_V_figure_2c":-47.227459},{"data_generator_T_figure_2c":6210.0,"data_generator_V_figure_2c":-46.95702},{"data_generator_T_figure_2c":6220.0,"data_generator_V_figure_2c":-46.581043},{"data_generator_T_figure_2c":6230.0,"data_generator_V_figure_2c":-46.011265},{"data_generator_T_figure_2c":6240.0,"data_generator_V_figure_2c":-44.997677},{"data_generator_T_figure_2c":6250.0,"data_generator_V_figure_2c":-42.11771},{"data_generator_T_figure_2c":6260.0,"data_generator_V_figure_2c":-48.383797},{"data_generator_T_figure_2c":6270.0,"data_generator_V_figure_2c":-48.432106},{"data_generator_T_figure_2c":6280.0,"data_generator_V_figure_2c":-48.46286},{"data_generator_T_figure_2c":6290.0,"data_generator_V_figure_2c":-48.491917},{"data_generator_T_figure_2c":6300.0,"data_generator_V_figure_2c":-48.519047},{"data_generator_T_figure_2c":6310.0,"data_generator_V_figure_2c":-48.54401},{"data_generator_T_figure_2c":6320.0,"data_generator_V_figure_2c":-48.566589},{"data_generator_T_figure_2c":6330.0,"data_generator_V_figure_2c":-48.58659},{"data_generator_T_figure_2c":6340.0,"data_generator_V_figure_2c":-48.603828},{"data_generator_T_figure_2c":6350.0,"data_generator_V_figure_2c":-48.618137},{"data_generator_T_figure_2c":6360.0,"data_generator_V_figure_2c":-48.629383},{"data_generator_T_figure_2c":6370.0,"data_generator_V_figure_2c":-48.637424},{"data_generator_T_figure_2c":6380.0,"data_generator_V_figure_2c":-48.642151},{"data_generator_T_figure_2c":6390.0,"data_generator_V_figure_2c":-48.643444},{"data_generator_T_figure_2c":6400.0,"data_generator_V_figure_2c":-48.641201},{"data_generator_T_figure_2c":6410.0,"data_generator_V_figure_2c":-48.635307},{"data_generator_T_figure_2c":6420.0,"data_generator_V_figure_2c":-48.625641},{"data_generator_T_figure_2c":6430.0,"data_generator_V_figure_2c":-48.612072},{"data_generator_T_figure_2c":6440.0,"data_generator_V_figure_2c":-48.59444},{"data_generator_T_figure_2c":6450.0,"data_generator_V_figure_2c":-48.572559},{"data_generator_T_figure_2c":6460.0,"data_generator_V_figure_2c":-48.546196},{"data_generator_T_figure_2c":6470.0,"data_generator_V_figure_2c":-48.515068},{"data_generator_T_figure_2c":6480.0,"data_generator_V_figure_2c":-48.478817},{"data_generator_T_figure_2c":6490.0,"data_generator_V_figure_2c":-48.436993},{"data_generator_T_figure_2c":6500.0,"data_generator_V_figure_2c":-48.389027},{"data_generator_T_figure_2c":6510.0,"data_generator_V_figure_2c":-48.33419},{"data_generator_T_figure_2c":6520.0,"data_generator_V_figure_2c":-48.271545},{"data_generator_T_figure_2c":6530.0,"data_generator_V_figure_2c":-48.19986},{"data_generator_T_figure_2c":6540.0,"data_generator_V_figure_2c":-48.117508},{"data_generator_T_figure_2c":6550.0,"data_generator_V_figure_2c":-48.022293},{"data_generator_T_figure_2c":6560.0,"data_generator_V_figure_2c":-47.911179},{"data_generator_T_figure_2c":6570.0,"data_generator_V_figure_2c":-47.779854},{"data_generator_T_figure_2c":6580.0,"data_generator_V_figure_2c":-47.621967},{"data_generator_T_figure_2c":6590.0,"data_generator_V_figure_2c":-47.427757},{"data_generator_T_figure_2c":6600.0,"data_generator_V_figure_2c":-47.181259},{"data_generator_T_figure_2c":6610.0,"data_generator_V_figure_2c":-46.85424},{"data_generator_T_figure_2c":6620.0,"data_generator_V_figure_2c":-46.390533},{"data_generator_T_figure_2c":6630.0,"data_generator_V_figure_2c":-45.655457},{"data_generator_T_figure_2c":6640.0,"data_generator_V_figure_2c":-44.179077},{"data_generator_T_figure_2c":6650.0,"data_generator_V_figure_2c":6.2358255},{"data_generator_T_figure_2c":6660.0,"data_generator_V_figure_2c":-48.37936},{"data_generator_T_figure_2c":6670.0,"data_generator_V_figure_2c":-48.349106},{"data_generator_T_figure_2c":6680.0,"data_generator_V_figure_2c":-48.311069},{"data_generator_T_figure_2c":6690.0,"data_generator_V_figure_2c":-48.264973},{"data_generator_T_figure_2c":6700.0,"data_generator_V_figure_2c":-48.20985},{"data_generator_T_figure_2c":6710.0,"data_generator_V_figure_2c":-48.144444},{"data_generator_T_figure_2c":6720.0,"data_generator_V_figure_2c":-48.067097},{"data_generator_T_figure_2c":6730.0,"data_generator_V_figure_2c":-47.975552},{"data_generator_T_figure_2c":6740.0,"data_generator_V_figure_2c":-47.866684},{"data_generator_T_figure_2c":6750.0,"data_generator_V_figure_2c":-47.73605},{"data_generator_T_figure_2c":6760.0,"data_generator_V_figure_2c":-47.577053},{"data_generator_T_figure_2c":6770.0,"data_generator_V_figure_2c":-47.379501},{"data_generator_T_figure_2c":6780.0,"data_generator_V_figure_2c":-47.126617},{"data_generator_T_figure_2c":6790.0,"data_generator_V_figure_2c":-46.788414},{"data_generator_T_figure_2c":6800.0,"data_generator_V_figure_2c":-46.304317},{"data_generator_T_figure_2c":6810.0,"data_generator_V_figure_2c":-45.525024},{"data_generator_T_figure_2c":6820.0,"data_generator_V_figure_2c":-43.893467},{"data_generator_T_figure_2c":6830.0,"data_generator_V_figure_2c":-18.40514},{"data_generator_T_figure_2c":6840.0,"data_generator_V_figure_2c":-48.371582},{"data_generator_T_figure_2c":6850.0,"data_generator_V_figure_2c":-48.312485},{"data_generator_T_figure_2c":6860.0,"data_generator_V_figure_2c":-48.240845},{"data_generator_T_figure_2c":6870.0,"data_generator_V_figure_2c":-48.155151},{"data_generator_T_figure_2c":6880.0,"data_generator_V_figure_2c":-48.052967},{"data_generator_T_figure_2c":6890.0,"data_generator_V_figure_2c":-47.930855},{"data_generator_T_figure_2c":6900.0,"data_generator_V_figure_2c":-47.783852},{"data_generator_T_figure_2c":6910.0,"data_generator_V_figure_2c":-47.604504},{"data_generator_T_figure_2c":6920.0,"data_generator_V_figure_2c":-47.381084},{"data_generator_T_figure_2c":6930.0,"data_generator_V_figure_2c":-47.093929},{"data_generator_T_figure_2c":6940.0,"data_generator_V_figure_2c":-46.706825},{"data_generator_T_figure_2c":6950.0,"data_generator_V_figure_2c":-46.14328},{"data_generator_T_figure_2c":6960.0,"data_generator_V_figure_2c":-45.19799},{"data_generator_T_figure_2c":6970.0,"data_generator_V_figure_2c":-42.896389},{"data_generator_T_figure_2c":6980.0,"data_generator_V_figure_2c":-48.127792},{"data_generator_T_figure_2c":6990.0,"data_generator_V_figure_2c":-48.27557},{"data_generator_T_figure_2c":7000.0,"data_generator_V_figure_2c":-48.121532},{"data_generator_T_figure_2c":7010.0,"data_generator_V_figure_2c":-47.938911},{"data_generator_T_figure_2c":7020.0,"data_generator_V_figure_2c":-47.718788},{"data_generator_T_figure_2c":7030.0,"data_generator_V_figure_2c":-47.446846},{"data_generator_T_figure_2c":7040.0,"data_generator_V_figure_2c":-47.098431},{"data_generator_T_figure_2c":7050.0,"data_generator_V_figure_2c":-46.626434},{"data_generator_T_figure_2c":7060.0,"data_generator_V_figure_2c":-45.924454},{"data_generator_T_figure_2c":7070.0,"data_generator_V_figure_2c":-44.664333},{"data_generator_T_figure_2c":7080.0,"data_generator_V_figure_2c":-39.902916},{"data_generator_T_figure_2c":7090.0,"data_generator_V_figure_2c":-48.284958},{"data_generator_T_figure_2c":7100.0,"data_generator_V_figure_2c":-47.991447},{"data_generator_T_figure_2c":7110.0,"data_generator_V_figure_2c":-47.637672},{"data_generator_T_figure_2c":7120.0,"data_generator_V_figure_2c":-47.193489},{"data_generator_T_figure_2c":7130.0,"data_generator_V_figure_2c":-46.595772},{"data_generator_T_figure_2c":7140.0,"data_generator_V_figure_2c":-45.691628},{"data_generator_T_figure_2c":7150.0,"data_generator_V_figure_2c":-43.911762},{"data_generator_T_figure_2c":7160.0,"data_generator_V_figure_2c":-22.092829},{"data_generator_T_figure_2c":7170.0,"data_generator_V_figure_2c":-47.96825},{"data_generator_T_figure_2c":7180.0,"data_generator_V_figure_2c":-47.345058},{"data_generator_T_figure_2c":7190.0,"data_generator_V_figure_2c":-46.51479},{"data_generator_T_figure_2c":7200.0,"data_generator_V_figure_2c":-45.207516},{"data_generator_T_figure_2c":7210.0,"data_generator_V_figure_2c":-41.810917},{"data_generator_T_figure_2c":7220.0,"data_generator_V_figure_2c":-48.123581},{"data_generator_T_figure_2c":7230.0,"data_generator_V_figure_2c":-47.065456},{"data_generator_T_figure_2c":7240.0,"data_generator_V_figure_2c":-45.516232},{"data_generator_T_figure_2c":7250.0,"data_generator_V_figure_2c":-41.783615},{"data_generator_T_figure_2c":7260.0,"data_generator_V_figure_2c":-47.822693},{"data_generator_T_figure_2c":7270.0,"data_generator_V_figure_2c":-45.614807},{"data_generator_T_figure_2c":7280.0,"data_generator_V_figure_2c":-38.711636},{"data_generator_T_figure_2c":7290.0,"data_generator_V_figure_2c":-46.389343},{"data_generator_T_figure_2c":7300.0,"data_generator_V_figure_2c":-20.344656},{"data_generator_T_figure_2c":7310.0,"data_generator_V_figure_2c":-42.525043},{"data_generator_T_figure_2c":7320.0,"data_generator_V_figure_2c":-43.841911},{"data_generator_T_figure_2c":7330.0,"data_generator_V_figure_2c":-44.093788},{"data_generator_T_figure_2c":7340.0,"data_generator_V_figure_2c":-44.021591},{"data_generator_T_figure_2c":7350.0,"data_generator_V_figure_2c":-43.915218},{"data_generator_T_figure_2c":7360.0,"data_generator_V_figure_2c":-43.829075},{"data_generator_T_figure_2c":7370.0,"data_generator_V_figure_2c":-43.801609},{"data_generator_T_figure_2c":7380.0,"data_generator_V_figure_2c":-43.863235},{"data_generator_T_figure_2c":7390.0,"data_generator_V_figure_2c":-44.021446},{"data_generator_T_figure_2c":7400.0,"data_generator_V_figure_2c":-44.297455},{"data_generator_T_figure_2c":7410.0,"data_generator_V_figure_2c":-44.635567},{"data_generator_T_figure_2c":7420.0,"data_generator_V_figure_2c":-45.062309},{"data_generator_T_figure_2c":7430.0,"data_generator_V_figure_2c":-45.560421},{"data_generator_T_figure_2c":7440.0,"data_generator_V_figure_2c":-46.025166},{"data_generator_T_figure_2c":7450.0,"data_generator_V_figure_2c":-46.161724},{"data_generator_T_figure_2c":7460.0,"data_generator_V_figure_2c":-44.806526},{"data_generator_T_figure_2c":7470.0,"data_generator_V_figure_2c":-37.670074},{"data_generator_T_figure_2c":7480.0,"data_generator_V_figure_2c":-20.773903},{"data_generator_T_figure_2c":7490.0,"data_generator_V_figure_2c":5.5095096},{"data_generator_T_figure_2c":7500.0,"data_generator_V_figure_2c":-36.430145},{"data_generator_T_figure_2c":7510.0,"data_generator_V_figure_2c":-41.07608},{"data_generator_T_figure_2c":7520.0,"data_generator_V_figure_2c":-43.499668},{"data_generator_T_figure_2c":7530.0,"data_generator_V_figure_2c":-45.535919},{"data_generator_T_figure_2c":7540.0,"data_generator_V_figure_2c":-46.496979},{"data_generator_T_figure_2c":7550.0,"data_generator_V_figure_2c":-20.873247},{"data_generator_T_figure_2c":7560.0,"data_generator_V_figure_2c":-37.910591},{"data_generator_T_figure_2c":7570.0,"data_generator_V_figure_2c":-43.295948},{"data_generator_T_figure_2c":7580.0,"data_generator_V_figure_2c":-46.289696},{"data_generator_T_figure_2c":7590.0,"data_generator_V_figure_2c":-28.969339},{"data_generator_T_figure_2c":7600.0,"data_generator_V_figure_2c":-41.141502},{"data_generator_T_figure_2c":7610.0,"data_generator_V_figure_2c":-45.653915},{"data_generator_T_figure_2c":7620.0,"data_generator_V_figure_2c":-24.245586},{"data_generator_T_figure_2c":7630.0,"data_generator_V_figure_2c":-43.591469},{"data_generator_T_figure_2c":7640.0,"data_generator_V_figure_2c":-47.554977},{"data_generator_T_figure_2c":7650.0,"data_generator_V_figure_2c":-43.618073},{"data_generator_T_figure_2c":7660.0,"data_generator_V_figure_2c":-46.360249},{"data_generator_T_figure_2c":7670.0,"data_generator_V_figure_2c":-45.766087},{"data_generator_T_figure_2c":7680.0,"data_generator_V_figure_2c":-43.334137},{"data_generator_T_figure_2c":7690.0,"data_generator_V_figure_2c":-32.932575},{"data_generator_T_figure_2c":7700.0,"data_generator_V_figure_2c":-47.90126},{"data_generator_T_figure_2c":7710.0,"data_generator_V_figure_2c":-47.841072},{"data_generator_T_figure_2c":7720.0,"data_generator_V_figure_2c":-48.225029},{"data_generator_T_figure_2c":7730.0,"data_generator_V_figure_2c":-48.877335},{"data_generator_T_figure_2c":7740.0,"data_generator_V_figure_2c":-49.636223},{"data_generator_T_figure_2c":7750.0,"data_generator_V_figure_2c":-50.380653},{"data_generator_T_figure_2c":7760.0,"data_generator_V_figure_2c":-51.04385},{"data_generator_T_figure_2c":7770.0,"data_generator_V_figure_2c":-51.603374},{"data_generator_T_figure_2c":7780.0,"data_generator_V_figure_2c":-52.06274},{"data_generator_T_figure_2c":7790.0,"data_generator_V_figure_2c":-52.436344},{"data_generator_T_figure_2c":7800.0,"data_generator_V_figure_2c":-52.740738},{"data_generator_T_figure_2c":7810.0,"data_generator_V_figure_2c":-52.990734},{"data_generator_T_figure_2c":7820.0,"data_generator_V_figure_2c":-53.198284},{"data_generator_T_figure_2c":7830.0,"data_generator_V_figure_2c":-53.372566},{"data_generator_T_figure_2c":7840.0,"data_generator_V_figure_2c":-53.520496},{"data_generator_T_figure_2c":7850.0,"data_generator_V_figure_2c":-53.647251},{"data_generator_T_figure_2c":7860.0,"data_generator_V_figure_2c":-53.756756},{"data_generator_T_figure_2c":7870.0,"data_generator_V_figure_2c":-53.852001},{"data_generator_T_figure_2c":7880.0,"data_generator_V_figure_2c":-53.935307},{"data_generator_T_figure_2c":7890.0,"data_generator_V_figure_2c":-54.008511},{"data_generator_T_figure_2c":7900.0,"data_generator_V_figure_2c":-54.073074},{"data_generator_T_figure_2c":7910.0,"data_generator_V_figure_2c":-54.130192},{"data_generator_T_figure_2c":7920.0,"data_generator_V_figure_2c":-54.18084},{"data_generator_T_figure_2c":7930.0,"data_generator_V_figure_2c":-54.22583},{"data_generator_T_figure_2c":7940.0,"data_generator_V_figure_2c":-54.265842},{"data_generator_T_figure_2c":7950.0,"data_generator_V_figure_2c":-54.30146},{"data_generator_T_figure_2c":7960.0,"data_generator_V_figure_2c":-54.333172},{"data_generator_T_figure_2c":7970.0,"data_generator_V_figure_2c":-54.361401},{"data_generator_T_figure_2c":7980.0,"data_generator_V_figure_2c":-54.386513},{"data_generator_T_figure_2c":7990.0,"data_generator_V_figure_2c":-54.408821},{"data_generator_T_figure_2c":8000.0,"data_generator_V_figure_2c":-54.428608},{"data_generator_T_figure_2c":8010.0,"data_generator_V_figure_2c":-54.44611},{"data_generator_T_figure_2c":8020.0,"data_generator_V_figure_2c":-54.461548},{"data_generator_T_figure_2c":8030.0,"data_generator_V_figure_2c":-54.475101},{"data_generator_T_figure_2c":8040.0,"data_generator_V_figure_2c":-54.48695},{"data_generator_T_figure_2c":8050.0,"data_generator_V_figure_2c":-54.497231},{"data_generator_T_figure_2c":8060.0,"data_generator_V_figure_2c":-54.506084},{"data_generator_T_figure_2c":8070.0,"data_generator_V_figure_2c":-54.513626},{"data_generator_T_figure_2c":8080.0,"data_generator_V_figure_2c":-54.519966},{"data_generator_T_figure_2c":8090.0,"data_generator_V_figure_2c":-54.525196},{"data_generator_T_figure_2c":8100.0,"data_generator_V_figure_2c":-54.529411},{"data_generator_T_figure_2c":8110.0,"data_generator_V_figure_2c":-54.532681},{"data_generator_T_figure_2c":8120.0,"data_generator_V_figure_2c":-54.535084},{"data_generator_T_figure_2c":8130.0,"data_generator_V_figure_2c":-54.536678},{"data_generator_T_figure_2c":8140.0,"data_generator_V_figure_2c":-54.537529},{"data_generator_T_figure_2c":8150.0,"data_generator_V_figure_2c":-54.537689},{"data_generator_T_figure_2c":8160.0,"data_generator_V_figure_2c":-54.537205},{"data_generator_T_figure_2c":8170.0,"data_generator_V_figure_2c":-54.536121},{"data_generator_T_figure_2c":8180.0,"data_generator_V_figure_2c":-54.534477},{"data_generator_T_figure_2c":8190.0,"data_generator_V_figure_2c":-54.532318},{"data_generator_T_figure_2c":8200.0,"data_generator_V_figure_2c":-54.529675},{"data_generator_T_figure_2c":8210.0,"data_generator_V_figure_2c":-54.526577},{"data_generator_T_figure_2c":8220.0,"data_generator_V_figure_2c":-54.523056},{"data_generator_T_figure_2c":8230.0,"data_generator_V_figure_2c":-54.519142},{"data_generator_T_figure_2c":8240.0,"data_generator_V_figure_2c":-54.514854},{"data_generator_T_figure_2c":8250.0,"data_generator_V_figure_2c":-54.51022},{"data_generator_T_figure_2c":8260.0,"data_generator_V_figure_2c":-54.505257},{"data_generator_T_figure_2c":8270.0,"data_generator_V_figure_2c":-54.499989},{"data_generator_T_figure_2c":8280.0,"data_generator_V_figure_2c":-54.494431},{"data_generator_T_figure_2c":8290.0,"data_generator_V_figure_2c":-54.488605},{"data_generator_T_figure_2c":8300.0,"data_generator_V_figure_2c":-54.482525},{"data_generator_T_figure_2c":8310.0,"data_generator_V_figure_2c":-54.4762},{"data_generator_T_figure_2c":8320.0,"data_generator_V_figure_2c":-54.46965},{"data_generator_T_figure_2c":8330.0,"data_generator_V_figure_2c":-54.462891},{"data_generator_T_figure_2c":8340.0,"data_generator_V_figure_2c":-54.455925},{"data_generator_T_figure_2c":8350.0,"data_generator_V_figure_2c":-54.448769},{"data_generator_T_figure_2c":8360.0,"data_generator_V_figure_2c":-54.441437},{"data_generator_T_figure_2c":8370.0,"data_generator_V_figure_2c":-54.433929},{"data_generator_T_figure_2c":8380.0,"data_generator_V_figure_2c":-54.426262},{"data_generator_T_figure_2c":8390.0,"data_generator_V_figure_2c":-54.418442},{"data_generator_T_figure_2c":8400.0,"data_generator_V_figure_2c":-54.41048},{"data_generator_T_figure_2c":8410.0,"data_generator_V_figure_2c":-54.402378},{"data_generator_T_figure_2c":8420.0,"data_generator_V_figure_2c":-54.394146},{"data_generator_T_figure_2c":8430.0,"data_generator_V_figure_2c":-54.385788},{"data_generator_T_figure_2c":8440.0,"data_generator_V_figure_2c":-54.377316},{"data_generator_T_figure_2c":8450.0,"data_generator_V_figure_2c":-54.368732},{"data_generator_T_figure_2c":8460.0,"data_generator_V_figure_2c":-54.360039},{"data_generator_T_figure_2c":8470.0,"data_generator_V_figure_2c":-54.351246},{"data_generator_T_figure_2c":8480.0,"data_generator_V_figure_2c":-54.342358},{"data_generator_T_figure_2c":8490.0,"data_generator_V_figure_2c":-54.333374},{"data_generator_T_figure_2c":8500.0,"data_generator_V_figure_2c":-54.324306},{"data_generator_T_figure_2c":8510.0,"data_generator_V_figure_2c":-54.315155},{"data_generator_T_figure_2c":8520.0,"data_generator_V_figure_2c":-54.305923},{"data_generator_T_figure_2c":8530.0,"data_generator_V_figure_2c":-54.296616},{"data_generator_T_figure_2c":8540.0,"data_generator_V_figure_2c":-54.287235},{"data_generator_T_figure_2c":8550.0,"data_generator_V_figure_2c":-54.277782},{"data_generator_T_figure_2c":8560.0,"data_generator_V_figure_2c":-54.268265},{"data_generator_T_figure_2c":8570.0,"data_generator_V_figure_2c":-54.258686},{"data_generator_T_figure_2c":8580.0,"data_generator_V_figure_2c":-54.249043},{"data_generator_T_figure_2c":8590.0,"data_generator_V_figure_2c":-54.239346},{"data_generator_T_figure_2c":8600.0,"data_generator_V_figure_2c":-54.229588},{"data_generator_T_figure_2c":8610.0,"data_generator_V_figure_2c":-54.21978},{"data_generator_T_figure_2c":8620.0,"data_generator_V_figure_2c":-54.209919},{"data_generator_T_figure_2c":8630.0,"data_generator_V_figure_2c":-54.200008},{"data_generator_T_figure_2c":8640.0,"data_generator_V_figure_2c":-54.190052},{"data_generator_T_figure_2c":8650.0,"data_generator_V_figure_2c":-54.18005},{"data_generator_T_figure_2c":8660.0,"data_generator_V_figure_2c":-54.170002},{"data_generator_T_figure_2c":8670.0,"data_generator_V_figure_2c":-54.159916},{"data_generator_T_figure_2c":8680.0,"data_generator_V_figure_2c":-54.149788},{"data_generator_T_figure_2c":8690.0,"data_generator_V_figure_2c":-54.139622},{"data_generator_T_figure_2c":8700.0,"data_generator_V_figure_2c":-54.129417},{"data_generator_T_figure_2c":8710.0,"data_generator_V_figure_2c":-54.119175},{"data_generator_T_figure_2c":8720.0,"data_generator_V_figure_2c":-54.108902},{"data_generator_T_figure_2c":8730.0,"data_generator_V_figure_2c":-54.098595},{"data_generator_T_figure_2c":8740.0,"data_generator_V_figure_2c":-54.088253},{"data_generator_T_figure_2c":8750.0,"data_generator_V_figure_2c":-54.077885},{"data_generator_T_figure_2c":8760.0,"data_generator_V_figure_2c":-54.067482},{"data_generator_T_figure_2c":8770.0,"data_generator_V_figure_2c":-54.057053},{"data_generator_T_figure_2c":8780.0,"data_generator_V_figure_2c":-54.046597},{"data_generator_T_figure_2c":8790.0,"data_generator_V_figure_2c":-54.036114},{"data_generator_T_figure_2c":8800.0,"data_generator_V_figure_2c":-54.025604},{"data_generator_T_figure_2c":8810.0,"data_generator_V_figure_2c":-54.015072},{"data_generator_T_figure_2c":8820.0,"data_generator_V_figure_2c":-54.004513},{"data_generator_T_figure_2c":8830.0,"data_generator_V_figure_2c":-53.993931},{"data_generator_T_figure_2c":8840.0,"data_generator_V_figure_2c":-53.98333},{"data_generator_T_figure_2c":8850.0,"data_generator_V_figure_2c":-53.972702},{"data_generator_T_figure_2c":8860.0,"data_generator_V_figure_2c":-53.962059},{"data_generator_T_figure_2c":8870.0,"data_generator_V_figure_2c":-53.951393},{"data_generator_T_figure_2c":8880.0,"data_generator_V_figure_2c":-53.940708},{"data_generator_T_figure_2c":8890.0,"data_generator_V_figure_2c":-53.930004},{"data_generator_T_figure_2c":8900.0,"data_generator_V_figure_2c":-53.919281},{"data_generator_T_figure_2c":8910.0,"data_generator_V_figure_2c":-53.908543},{"data_generator_T_figure_2c":8920.0,"data_generator_V_figure_2c":-53.897785},{"data_generator_T_figure_2c":8930.0,"data_generator_V_figure_2c":-53.887012},{"data_generator_T_figure_2c":8940.0,"data_generator_V_figure_2c":-53.876221},{"data_generator_T_figure_2c":8950.0,"data_generator_V_figure_2c":-53.865417},{"data_generator_T_figure_2c":8960.0,"data_generator_V_figure_2c":-53.854599},{"data_generator_T_figure_2c":8970.0,"data_generator_V_figure_2c":-53.843765},{"data_generator_T_figure_2c":8980.0,"data_generator_V_figure_2c":-53.83292},{"data_generator_T_figure_2c":8990.0,"data_generator_V_figure_2c":-53.82206},{"data_generator_T_figure_2c":9000.0,"data_generator_V_figure_2c":-53.811184},{"data_generator_T_figure_2c":9010.0,"data_generator_V_figure_2c":-53.800297},{"data_generator_T_figure_2c":9020.0,"data_generator_V_figure_2c":-53.789398},{"data_generator_T_figure_2c":9030.0,"data_generator_V_figure_2c":-53.778488},{"data_generator_T_figure_2c":9040.0,"data_generator_V_figure_2c":-53.767567},{"data_generator_T_figure_2c":9050.0,"data_generator_V_figure_2c":-53.756638},{"data_generator_T_figure_2c":9060.0,"data_generator_V_figure_2c":-53.745693},{"data_generator_T_figure_2c":9070.0,"data_generator_V_figure_2c":-53.734741},{"data_generator_T_figure_2c":9080.0,"data_generator_V_figure_2c":-53.723778},{"data_generator_T_figure_2c":9090.0,"data_generator_V_figure_2c":-53.712803},{"data_generator_T_figure_2c":9100.0,"data_generator_V_figure_2c":-53.70182},{"data_generator_T_figure_2c":9110.0,"data_generator_V_figure_2c":-53.69083},{"data_generator_T_figure_2c":9120.0,"data_generator_V_figure_2c":-53.679832},{"data_generator_T_figure_2c":9130.0,"data_generator_V_figure_2c":-53.668823},{"data_generator_T_figure_2c":9140.0,"data_generator_V_figure_2c":-53.657806},{"data_generator_T_figure_2c":9150.0,"data_generator_V_figure_2c":-53.646782},{"data_generator_T_figure_2c":9160.0,"data_generator_V_figure_2c":-53.63575},{"data_generator_T_figure_2c":9170.0,"data_generator_V_figure_2c":-53.624714},{"data_generator_T_figure_2c":9180.0,"data_generator_V_figure_2c":-53.613667},{"data_generator_T_figure_2c":9190.0,"data_generator_V_figure_2c":-53.602615},{"data_generator_T_figure_2c":9200.0,"data_generator_V_figure_2c":-53.591557},{"data_generator_T_figure_2c":9210.0,"data_generator_V_figure_2c":-53.58049},{"data_generator_T_figure_2c":9220.0,"data_generator_V_figure_2c":-53.56942},{"data_generator_T_figure_2c":9230.0,"data_generator_V_figure_2c":-53.558342},{"data_generator_T_figure_2c":9240.0,"data_generator_V_figure_2c":-53.547256},{"data_generator_T_figure_2c":9250.0,"data_generator_V_figure_2c":-53.536171},{"data_generator_T_figure_2c":9260.0,"data_generator_V_figure_2c":-53.525074},{"data_generator_T_figure_2c":9270.0,"data_generator_V_figure_2c":-53.513977},{"data_generator_T_figure_2c":9280.0,"data_generator_V_figure_2c":-53.502872},{"data_generator_T_figure_2c":9290.0,"data_generator_V_figure_2c":-53.491764},{"data_generator_T_figure_2c":9300.0,"data_generator_V_figure_2c":-53.480652},{"data_generator_T_figure_2c":9310.0,"data_generator_V_figure_2c":-53.469536},{"data_generator_T_figure_2c":9320.0,"data_generator_V_figure_2c":-53.458412},{"data_generator_T_figure_2c":9330.0,"data_generator_V_figure_2c":-53.447289},{"data_generator_T_figure_2c":9340.0,"data_generator_V_figure_2c":-53.436157},{"data_generator_T_figure_2c":9350.0,"data_generator_V_figure_2c":-53.425026},{"data_generator_T_figure_2c":9360.0,"data_generator_V_figure_2c":-53.413887},{"data_generator_T_figure_2c":9370.0,"data_generator_V_figure_2c":-53.402748},{"data_generator_T_figure_2c":9380.0,"data_generator_V_figure_2c":-53.391605},{"data_generator_T_figure_2c":9390.0,"data_generator_V_figure_2c":-53.380459},{"data_generator_T_figure_2c":9400.0,"data_generator_V_figure_2c":-53.369308},{"data_generator_T_figure_2c":9410.0,"data_generator_V_figure_2c":-53.358158},{"data_generator_T_figure_2c":9420.0,"data_generator_V_figure_2c":-53.347004},{"data_generator_T_figure_2c":9430.0,"data_generator_V_figure_2c":-53.335846},{"data_generator_T_figure_2c":9440.0,"data_generator_V_figure_2c":-53.324684},{"data_generator_T_figure_2c":9450.0,"data_generator_V_figure_2c":-53.313522},{"data_generator_T_figure_2c":9460.0,"data_generator_V_figure_2c":-53.302357},{"data_generator_T_figure_2c":9470.0,"data_generator_V_figure_2c":-53.291191},{"data_generator_T_figure_2c":9480.0,"data_generator_V_figure_2c":-53.280022},{"data_generator_T_figure_2c":9490.0,"data_generator_V_figure_2c":-53.268852},{"data_generator_T_figure_2c":9500.0,"data_generator_V_figure_2c":-53.257679},{"data_generator_T_figure_2c":9510.0,"data_generator_V_figure_2c":-53.246506},{"data_generator_T_figure_2c":9520.0,"data_generator_V_figure_2c":-53.235329},{"data_generator_T_figure_2c":9530.0,"data_generator_V_figure_2c":-53.224152},{"data_generator_T_figure_2c":9540.0,"data_generator_V_figure_2c":-53.212971},{"data_generator_T_figure_2c":9550.0,"data_generator_V_figure_2c":-53.20179},{"data_generator_T_figure_2c":9560.0,"data_generator_V_figure_2c":-53.190609},{"data_generator_T_figure_2c":9570.0,"data_generator_V_figure_2c":-53.179424},{"data_generator_T_figure_2c":9580.0,"data_generator_V_figure_2c":-53.16824},{"data_generator_T_figure_2c":9590.0,"data_generator_V_figure_2c":-53.157055},{"data_generator_T_figure_2c":9600.0,"data_generator_V_figure_2c":-53.14587},{"data_generator_T_figure_2c":9610.0,"data_generator_V_figure_2c":-53.134682},{"data_generator_T_figure_2c":9620.0,"data_generator_V_figure_2c":-53.123493},{"data_generator_T_figure_2c":9630.0,"data_generator_V_figure_2c":-53.112305},{"data_generator_T_figure_2c":9640.0,"data_generator_V_figure_2c":-53.101112},{"data_generator_T_figure_2c":9650.0,"data_generator_V_figure_2c":-53.089924},{"data_generator_T_figure_2c":9660.0,"data_generator_V_figure_2c":-53.078732},{"data_generator_T_figure_2c":9670.0,"data_generator_V_figure_2c":-53.067539},{"data_generator_T_figure_2c":9680.0,"data_generator_V_figure_2c":-53.056347},{"data_generator_T_figure_2c":9690.0,"data_generator_V_figure_2c":-53.045151},{"data_generator_T_figure_2c":9700.0,"data_generator_V_figure_2c":-53.033958},{"data_generator_T_figure_2c":9710.0,"data_generator_V_figure_2c":-53.022762},{"data_generator_T_figure_2c":9720.0,"data_generator_V_figure_2c":-53.011566},{"data_generator_T_figure_2c":9730.0,"data_generator_V_figure_2c":-53.000374},{"data_generator_T_figure_2c":9740.0,"data_generator_V_figure_2c":-52.989178},{"data_generator_T_figure_2c":9750.0,"data_generator_V_figure_2c":-52.977982},{"data_generator_T_figure_2c":9760.0,"data_generator_V_figure_2c":-52.966785},{"data_generator_T_figure_2c":9770.0,"data_generator_V_figure_2c":-52.955589},{"data_generator_T_figure_2c":9780.0,"data_generator_V_figure_2c":-52.944389},{"data_generator_T_figure_2c":9790.0,"data_generator_V_figure_2c":-52.933193},{"data_generator_T_figure_2c":9800.0,"data_generator_V_figure_2c":-52.921997},{"data_generator_T_figure_2c":9810.0,"data_generator_V_figure_2c":-52.910797},{"data_generator_T_figure_2c":9820.0,"data_generator_V_figure_2c":-52.899601},{"data_generator_T_figure_2c":9830.0,"data_generator_V_figure_2c":-52.888401},{"data_generator_T_figure_2c":9840.0,"data_generator_V_figure_2c":-52.877205},{"data_generator_T_figure_2c":9850.0,"data_generator_V_figure_2c":-52.866005},{"data_generator_T_figure_2c":9860.0,"data_generator_V_figure_2c":-52.854805},{"data_generator_T_figure_2c":9870.0,"data_generator_V_figure_2c":-52.843609},{"data_generator_T_figure_2c":9880.0,"data_generator_V_figure_2c":-52.832409},{"data_generator_T_figure_2c":9890.0,"data_generator_V_figure_2c":-52.821209},{"data_generator_T_figure_2c":9900.0,"data_generator_V_figure_2c":-52.810009},{"data_generator_T_figure_2c":9910.0,"data_generator_V_figure_2c":-52.798813},{"data_generator_T_figure_2c":9920.0,"data_generator_V_figure_2c":-52.787613},{"data_generator_T_figure_2c":9930.0,"data_generator_V_figure_2c":-52.776413},{"data_generator_T_figure_2c":9940.0,"data_generator_V_figure_2c":-52.765213},{"data_generator_T_figure_2c":9950.0,"data_generator_V_figure_2c":-52.754013},{"data_generator_T_figure_2c":9960.0,"data_generator_V_figure_2c":-52.742809},{"data_generator_T_figure_2c":9970.0,"data_generator_V_figure_2c":-52.731609},{"data_generator_T_figure_2c":9980.0,"data_generator_V_figure_2c":-52.720409},{"data_generator_T_figure_2c":9990.0,"data_generator_V_figure_2c":-52.709209},{"data_generator_T_figure_2c":10000.0,"data_generator_V_figure_2c":-52.698006}]