[{"data_generator_T_figure_2a":0.0,"data_generator_V_figure_2a":-49.42173},{"data_generator_T_figure_2a":10.0,"data_generator_V_figure_2a":-49.383694},{"data_generator_T_figure_2a":20.0,"data_generator_V_figure_2a":-49.342102},{"data_generator_T_figure_2a":30.0,"data_generator_V_figure_2a":-49.296707},{"data_generator_T_figure_2a":40.0,"data_generator_V_figure_2a":-49.247196},{"data_generator_T_figure_2a":50.0,"data_generator_V_figure_2a":-49.193172},{"data_generator_T_figure_2a":60.0,"data_generator_V_figure_2a":-49.134121},{"data_generator_T_figure_2a":70.0,"data_generator_V_figure_2a":-49.069389},{"data_generator_T_figure_2a":80.0,"data_generator_V_figure_2a":-48.998135},{"data_generator_T_figure_2a":90.0,"data_generator_V_figure_2a":-48.919285},{"data_generator_T_figure_2a":100.0,"data_generator_V_figure_2a":-48.831425},{"data_generator_T_figure_2a":110.0,"data_generator_V_figure_2a":-48.732685},{"data_generator_T_figure_2a":120.0,"data_generator_V_figure_2a":-48.620537},{"data_generator_T_figure_2a":130.0,"data_generator_V_figure_2a":-48.491474},{"data_generator_T_figure_2a":140.0,"data_generator_V_figure_2a":-48.340492},{"data_generator_T_figure_2a":150.0,"data_generator_V_figure_2a":-48.160183},{"data_generator_T_figure_2a":160.0,"data_generator_V_figure_2a":-47.939056},{"data_generator_T_figure_2a":170.0,"data_generator_V_figure_2a":-47.658134},{"data_generator_T_figure_2a":180.0,"data_generator_V_figure_2a":-47.28334},{"data_generator_T_figure_2a":190.0,"data_generator_V_figure_2a":-46.745518},{"data_generator_T_figure_2a":200.0,"data_generator_V_figure_2a":-45.872849},{"data_generator_T_figure_2a":210.0,"data_generator_V_figure_2a":-44.010208},{"data_generator_T_figure_2a":220.0,"data_generator_V_figure_2a":-30.467302},{"data_generator_T_figure_2a":230.0,"data_generator_V_figure_2a":-48.325695},{"data_generator_T_figure_2a":240.0,"data_generator_V_figure_2a":-48.228817},{"data_generator_T_figure_2a":250.0,"data_generator_V_figure_2a":-48.110882},{"data_generator_T_figure_2a":260.0,"data_generator_V_figure_2a":-47.965477},{"data_generator_T_figure_2a":270.0,"data_generator_V_figure_2a":-47.782471},{"data_generator_T_figure_2a":280.0,"data_generator_V_figure_2a":-47.545376},{"data_generator_T_figure_2a":290.0,"data_generator_V_figure_2a":-47.225204},{"data_generator_T_figure_2a":300.0,"data_generator_V_figure_2a":-46.764999},{"data_generator_T_figure_2a":310.0,"data_generator_V_figure_2a":-46.031124},{"data_generator_T_figure_2a":320.0,"data_generator_V_figure_2a":-44.580963},{"data_generator_T_figure_2a":330.0,"data_generator_V_figure_2a":-29.120056},{"data_generator_T_figure_2a":340.0,"data_generator_V_figure_2a":-48.385612},{"data_generator_T_figure_2a":350.0,"data_generator_V_figure_2a":-48.377468},{"data_generator_T_figure_2a":360.0,"data_generator_V_figure_2a":-48.364254},{"data_generator_T_figure_2a":370.0,"data_generator_V_figure_2a":-48.345993},{"data_generator_T_figure_2a":380.0,"data_generator_V_figure_2a":-48.321888},{"data_generator_T_figure_2a":390.0,"data_generator_V_figure_2a":-48.290951},{"data_generator_T_figure_2a":400.0,"data_generator_V_figure_2a":-48.251926},{"data_generator_T_figure_2a":410.0,"data_generator_V_figure_2a":-48.203224},{"data_generator_T_figure_2a":420.0,"data_generator_V_figure_2a":-48.142735},{"data_generator_T_figure_2a":430.0,"data_generator_V_figure_2a":-48.067627},{"data_generator_T_figure_2a":440.0,"data_generator_V_figure_2a":-47.973953},{"data_generator_T_figure_2a":450.0,"data_generator_V_figure_2a":-47.85603},{"data_generator_T_figure_2a":460.0,"data_generator_V_figure_2a":-47.705303},{"data_generator_T_figure_2a":470.0,"data_generator_V_figure_2a":-47.508224},{"data_generator_T_figure_2a":480.0,"data_generator_V_figure_2a":-47.241718},{"data_generator_T_figure_2a":490.0,"data_generator_V_figure_2a":-46.862541},{"data_generator_T_figure_2a":500.0,"data_generator_V_figure_2a":-46.276722},{"data_generator_T_figure_2a":510.0,"data_generator_V_figure_2a":-45.219494},{"data_generator_T_figure_2a":520.0,"data_generator_V_figure_2a":-42.198181},{"data_generator_T_figure_2a":530.0,"data_generator_V_figure_2a":-48.370193},{"data_generator_T_figure_2a":540.0,"data_generator_V_figure_2a":-48.43021},{"data_generator_T_figure_2a":550.0,"data_generator_V_figure_2a":-48.477989},{"data_generator_T_figure_2a":560.0,"data_generator_V_figure_2a":-48.528355},{"data_generator_T_figure_2a":570.0,"data_generator_V_figure_2a":-48.581203},{"data_generator_T_figure_2a":580.0,"data_generator_V_figure_2a":-48.636337},{"data_generator_T_figure_2a":590.0,"data_generator_V_figure_2a":-48.693481},{"data_generator_T_figure_2a":600.0,"data_generator_V_figure_2a":-48.752296},{"data_generator_T_figure_2a":610.0,"data_generator_V_figure_2a":-48.81237},{"data_generator_T_figure_2a":620.0,"data_generator_V_figure_2a":-48.873226},{"data_generator_T_figure_2a":630.0,"data_generator_V_figure_2a":-48.934349},{"data_generator_T_figure_2a":640.0,"data_generator_V_figure_2a":-48.995182},{"data_generator_T_figure_2a":650.0,"data_generator_V_figure_2a":-49.055168},{"data_generator_T_figure_2a":660.0,"data_generator_V_figure_2a":-49.113743},{"data_generator_T_figure_2a":670.0,"data_generator_V_figure_2a":-49.170364},{"data_generator_T_figure_2a":680.0,"data_generator_V_figure_2a":-49.224537},{"data_generator_T_figure_2a":690.0,"data_generator_V_figure_2a":-49.275806},{"data_generator_T_figure_2a":700.0,"data_generator_V_figure_2a":-49.323784},{"data_generator_T_figure_2a":710.0,"data_generator_V_figure_2a":-49.368153},{"data_generator_T_figure_2a":720.0,"data_generator_V_figure_2a":-49.408653},{"data_generator_T_figure_2a":730.0,"data_generator_V_figure_2a":-49.445107},{"data_generator_T_figure_2a":740.0,"data_generator_V_figure_2a":-49.477386},{"data_generator_T_figure_2a":750.0,"data_generator_V_figure_2a":-49.505436},{"data_generator_T_figure_2a":760.0,"data_generator_V_figure_2a":-49.52924},{"data_generator_T_figure_2a":770.0,"data_generator_V_figure_2a":-49.548828},{"data_generator_T_figure_2a":780.0,"data_generator_V_figure_2a":-49.564266},{"data_generator_T_figure_2a":790.0,"data_generator_V_figure_2a":-49.575645},{"data_generator_T_figure_2a":800.0,"data_generator_V_figure_2a":-49.583069},{"data_generator_T_figure_2a":810.0,"data_generator_V_figure_2a":-49.586655},{"data_generator_T_figure_2a":820.0,"data_generator_V_figure_2a":-49.586525},{"data_generator_T_figure_2a":830.0,"data_generator_V_figure_2a":-49.58279},{"data_generator_T_figure_2a":840.0,"data_generator_V_figure_2a":-49.575565},{"data_generator_T_figure_2a":850.0,"data_generator_V_figure_2a":-49.564945},{"data_generator_T_figure_2a":860.0,"data_generator_V_figure_2a":-49.55101},{"data_generator_T_figure_2a":870.0,"data_generator_V_figure_2a":-49.533829},{"data_generator_T_figure_2a":880.0,"data_generator_V_figure_2a":-49.513439},{"data_generator_T_figure_2a":890.0,"data_generator_V_figure_2a":-49.489853},{"data_generator_T_figure_2a":900.0,"data_generator_V_figure_2a":-49.463058},{"data_generator_T_figure_2a":910.0,"data_generator_V_figure_2a":-49.433006},{"data_generator_T_figure_2a":920.0,"data_generator_V_figure_2a":-49.399612},{"data_generator_T_figure_2a":930.0,"data_generator_V_figure_2a":-49.362751},{"data_generator_T_figure_2a":940.0,"data_generator_V_figure_2a":-49.322239},{"data_generator_T_figure_2a":950.0,"data_generator_V_figure_2a":-49.277836},{"data_generator_T_figure_2a":960.0,"data_generator_V_figure_2a":-49.229233},{"data_generator_T_figure_2a":970.0,"data_generator_V_figure_2a":-49.176022},{"data_generator_T_figure_2a":980.0,"data_generator_V_figure_2a":-49.117691},{"data_generator_T_figure_2a":990.0,"data_generator_V_figure_2a":-49.053581},{"data_generator_T_figure_2a":1000.0,"data_generator_V_figure_2a":-48.982853},{"data_generator_T_figure_2a":1010.0,"data_generator_V_figure_2a":-48.904411},{"data_generator_T_figure_2a":1020.0,"data_generator_V_figure_2a":-48.81683},{"data_generator_T_figure_2a":1030.0,"data_generator_V_figure_2a":-48.718204},{"data_generator_T_figure_2a":1040.0,"data_generator_V_figure_2a":-48.605976},{"data_generator_T_figure_2a":1050.0,"data_generator_V_figure_2a":-48.476566},{"data_generator_T_figure_2a":1060.0,"data_generator_V_figure_2a":-48.324879},{"data_generator_T_figure_2a":1070.0,"data_generator_V_figure_2a":-48.143337},{"data_generator_T_figure_2a":1080.0,"data_generator_V_figure_2a":-47.920143},{"data_generator_T_figure_2a":1090.0,"data_generator_V_figure_2a":-47.635746},{"data_generator_T_figure_2a":1100.0,"data_generator_V_figure_2a":-47.254841},{"data_generator_T_figure_2a":1110.0,"data_generator_V_figure_2a":-46.705139},{"data_generator_T_figure_2a":1120.0,"data_generator_V_figure_2a":-45.804241},{"data_generator_T_figure_2a":1130.0,"data_generator_V_figure_2a":-43.827709},{"data_generator_T_figure_2a":1140.0,"data_generator_V_figure_2a":-39.456608},{"data_generator_T_figure_2a":1150.0,"data_generator_V_figure_2a":-48.290607},{"data_generator_T_figure_2a":1160.0,"data_generator_V_figure_2a":-48.189251},{"data_generator_T_figure_2a":1170.0,"data_generator_V_figure_2a":-48.065327},{"data_generator_T_figure_2a":1180.0,"data_generator_V_figure_2a":-47.911587},{"data_generator_T_figure_2a":1190.0,"data_generator_V_figure_2a":-47.716511},{"data_generator_T_figure_2a":1200.0,"data_generator_V_figure_2a":-47.46101},{"data_generator_T_figure_2a":1210.0,"data_generator_V_figure_2a":-47.110622},{"data_generator_T_figure_2a":1220.0,"data_generator_V_figure_2a":-46.59483},{"data_generator_T_figure_2a":1230.0,"data_generator_V_figure_2a":-45.736179},{"data_generator_T_figure_2a":1240.0,"data_generator_V_figure_2a":-43.836433},{"data_generator_T_figure_2a":1250.0,"data_generator_V_figure_2a":-37.134441},{"data_generator_T_figure_2a":1260.0,"data_generator_V_figure_2a":-48.375923},{"data_generator_T_figure_2a":1270.0,"data_generator_V_figure_2a":-48.367485},{"data_generator_T_figure_2a":1280.0,"data_generator_V_figure_2a":-48.354553},{"data_generator_T_figure_2a":1290.0,"data_generator_V_figure_2a":-48.336609},{"data_generator_T_figure_2a":1300.0,"data_generator_V_figure_2a":-48.312843},{"data_generator_T_figure_2a":1310.0,"data_generator_V_figure_2a":-48.282269},{"data_generator_T_figure_2a":1320.0,"data_generator_V_figure_2a":-48.243633},{"data_generator_T_figure_2a":1330.0,"data_generator_V_figure_2a":-48.195335},{"data_generator_T_figure_2a":1340.0,"data_generator_V_figure_2a":-48.135269},{"data_generator_T_figure_2a":1350.0,"data_generator_V_figure_2a":-48.060593},{"data_generator_T_figure_2a":1360.0,"data_generator_V_figure_2a":-47.967358},{"data_generator_T_figure_2a":1370.0,"data_generator_V_figure_2a":-47.849869},{"data_generator_T_figure_2a":1380.0,"data_generator_V_figure_2a":-47.69957},{"data_generator_T_figure_2a":1390.0,"data_generator_V_figure_2a":-47.502884},{"data_generator_T_figure_2a":1400.0,"data_generator_V_figure_2a":-47.236702},{"data_generator_T_figure_2a":1410.0,"data_generator_V_figure_2a":-46.857685},{"data_generator_T_figure_2a":1420.0,"data_generator_V_figure_2a":-46.271614},{"data_generator_T_figure_2a":1430.0,"data_generator_V_figure_2a":-45.212662},{"data_generator_T_figure_2a":1440.0,"data_generator_V_figure_2a":-42.174923},{"data_generator_T_figure_2a":1450.0,"data_generator_V_figure_2a":-48.381229},{"data_generator_T_figure_2a":1460.0,"data_generator_V_figure_2a":-48.443508},{"data_generator_T_figure_2a":1470.0,"data_generator_V_figure_2a":-48.494698},{"data_generator_T_figure_2a":1480.0,"data_generator_V_figure_2a":-48.548717},{"data_generator_T_figure_2a":1490.0,"data_generator_V_figure_2a":-48.605419},{"data_generator_T_figure_2a":1500.0,"data_generator_V_figure_2a":-48.664555},{"data_generator_T_figure_2a":1510.0,"data_generator_V_figure_2a":-48.72578},{"data_generator_T_figure_2a":1520.0,"data_generator_V_figure_2a":-48.788681},{"data_generator_T_figure_2a":1530.0,"data_generator_V_figure_2a":-48.852764},{"data_generator_T_figure_2a":1540.0,"data_generator_V_figure_2a":-48.917473},{"data_generator_T_figure_2a":1550.0,"data_generator_V_figure_2a":-48.982208},{"data_generator_T_figure_2a":1560.0,"data_generator_V_figure_2a":-49.046345},{"data_generator_T_figure_2a":1570.0,"data_generator_V_figure_2a":-49.109253},{"data_generator_T_figure_2a":1580.0,"data_generator_V_figure_2a":-49.170326},{"data_generator_T_figure_2a":1590.0,"data_generator_V_figure_2a":-49.228992},{"data_generator_T_figure_2a":1600.0,"data_generator_V_figure_2a":-49.284733},{"data_generator_T_figure_2a":1610.0,"data_generator_V_figure_2a":-49.337101},{"data_generator_T_figure_2a":1620.0,"data_generator_V_figure_2a":-49.385715},{"data_generator_T_figure_2a":1630.0,"data_generator_V_figure_2a":-49.430286},{"data_generator_T_figure_2a":1640.0,"data_generator_V_figure_2a":-49.470596},{"data_generator_T_figure_2a":1650.0,"data_generator_V_figure_2a":-49.506508},{"data_generator_T_figure_2a":1660.0,"data_generator_V_figure_2a":-49.537949},{"data_generator_T_figure_2a":1670.0,"data_generator_V_figure_2a":-49.564903},{"data_generator_T_figure_2a":1680.0,"data_generator_V_figure_2a":-49.58741},{"data_generator_T_figure_2a":1690.0,"data_generator_V_figure_2a":-49.605549},{"data_generator_T_figure_2a":1700.0,"data_generator_V_figure_2a":-49.619431},{"data_generator_T_figure_2a":1710.0,"data_generator_V_figure_2a":-49.629181},{"data_generator_T_figure_2a":1720.0,"data_generator_V_figure_2a":-49.634941},{"data_generator_T_figure_2a":1730.0,"data_generator_V_figure_2a":-49.636864},{"data_generator_T_figure_2a":1740.0,"data_generator_V_figure_2a":-49.635086},{"data_generator_T_figure_2a":1750.0,"data_generator_V_figure_2a":-49.629753},{"data_generator_T_figure_2a":1760.0,"data_generator_V_figure_2a":-49.620995},{"data_generator_T_figure_2a":1770.0,"data_generator_V_figure_2a":-49.608917},{"data_generator_T_figure_2a":1780.0,"data_generator_V_figure_2a":-49.59362},{"data_generator_T_figure_2a":1790.0,"data_generator_V_figure_2a":-49.575172},{"data_generator_T_figure_2a":1800.0,"data_generator_V_figure_2a":-49.553627},{"data_generator_T_figure_2a":1810.0,"data_generator_V_figure_2a":-49.529007},{"data_generator_T_figure_2a":1820.0,"data_generator_V_figure_2a":-49.501305},{"data_generator_T_figure_2a":1830.0,"data_generator_V_figure_2a":-49.470478},{"data_generator_T_figure_2a":1840.0,"data_generator_V_figure_2a":-49.436455},{"data_generator_T_figure_2a":1850.0,"data_generator_V_figure_2a":-49.399117},{"data_generator_T_figure_2a":1860.0,"data_generator_V_figure_2a":-49.358292},{"data_generator_T_figure_2a":1870.0,"data_generator_V_figure_2a":-49.313763},{"data_generator_T_figure_2a":1880.0,"data_generator_V_figure_2a":-49.265232},{"data_generator_T_figure_2a":1890.0,"data_generator_V_figure_2a":-49.212326},{"data_generator_T_figure_2a":1900.0,"data_generator_V_figure_2a":-49.154568},{"data_generator_T_figure_2a":1910.0,"data_generator_V_figure_2a":-49.091347},{"data_generator_T_figure_2a":1920.0,"data_generator_V_figure_2a":-49.021881},{"data_generator_T_figure_2a":1930.0,"data_generator_V_figure_2a":-48.945171},{"data_generator_T_figure_2a":1940.0,"data_generator_V_figure_2a":-48.859909},{"data_generator_T_figure_2a":1950.0,"data_generator_V_figure_2a":-48.764374},{"data_generator_T_figure_2a":1960.0,"data_generator_V_figure_2a":-48.65625},{"data_generator_T_figure_2a":1970.0,"data_generator_V_figure_2a":-48.532356},{"data_generator_T_figure_2a":1980.0,"data_generator_V_figure_2a":-48.388199},{"data_generator_T_figure_2a":1990.0,"data_generator_V_figure_2a":-48.217186},{"data_generator_T_figure_2a":2000.0,"data_generator_V_figure_2a":-48.009254},{"data_generator_T_figure_2a":2010.0,"data_generator_V_figure_2a":-47.748108},{"data_generator_T_figure_2a":2020.0,"data_generator_V_figure_2a":-47.405277},{"data_generator_T_figure_2a":2030.0,"data_generator_V_figure_2a":-46.925312},{"data_generator_T_figure_2a":2040.0,"data_generator_V_figure_2a":-46.179893},{"data_generator_T_figure_2a":2050.0,"data_generator_V_figure_2a":-44.756279},{"data_generator_T_figure_2a":2060.0,"data_generator_V_figure_2a":-36.751835},{"data_generator_T_figure_2a":2070.0,"data_generator_V_figure_2a":-48.337017},{"data_generator_T_figure_2a":2080.0,"data_generator_V_figure_2a":-48.243519},{"data_generator_T_figure_2a":2090.0,"data_generator_V_figure_2a":-48.128902},{"data_generator_T_figure_2a":2100.0,"data_generator_V_figure_2a":-47.987923},{"data_generator_T_figure_2a":2110.0,"data_generator_V_figure_2a":-47.811077},{"data_generator_T_figure_2a":2120.0,"data_generator_V_figure_2a":-47.583038},{"data_generator_T_figure_2a":2130.0,"data_generator_V_figure_2a":-47.277206},{"data_generator_T_figure_2a":2140.0,"data_generator_V_figure_2a":-46.84227},{"data_generator_T_figure_2a":2150.0,"data_generator_V_figure_2a":-46.161575},{"data_generator_T_figure_2a":2160.0,"data_generator_V_figure_2a":-44.874508},{"data_generator_T_figure_2a":2170.0,"data_generator_V_figure_2a":-39.656143},{"data_generator_T_figure_2a":2180.0,"data_generator_V_figure_2a":-48.362679},{"data_generator_T_figure_2a":2190.0,"data_generator_V_figure_2a":-48.35284},{"data_generator_T_figure_2a":2200.0,"data_generator_V_figure_2a":-48.336529},{"data_generator_T_figure_2a":2210.0,"data_generator_V_figure_2a":-48.314648},{"data_generator_T_figure_2a":2220.0,"data_generator_V_figure_2a":-48.286263},{"data_generator_T_figure_2a":2230.0,"data_generator_V_figure_2a":-48.250206},{"data_generator_T_figure_2a":2240.0,"data_generator_V_figure_2a":-48.204979},{"data_generator_T_figure_2a":2250.0,"data_generator_V_figure_2a":-48.148636},{"data_generator_T_figure_2a":2260.0,"data_generator_V_figure_2a":-48.07856},{"data_generator_T_figure_2a":2270.0,"data_generator_V_figure_2a":-47.991158},{"data_generator_T_figure_2a":2280.0,"data_generator_V_figure_2a":-47.881294},{"data_generator_T_figure_2a":2290.0,"data_generator_V_figure_2a":-47.741344},{"data_generator_T_figure_2a":2300.0,"data_generator_V_figure_2a":-47.559414},{"data_generator_T_figure_2a":2310.0,"data_generator_V_figure_2a":-47.315681},{"data_generator_T_figure_2a":2320.0,"data_generator_V_figure_2a":-46.974075},{"data_generator_T_figure_2a":2330.0,"data_generator_V_figure_2a":-46.459812},{"data_generator_T_figure_2a":2340.0,"data_generator_V_figure_2a":-45.580059},{"data_generator_T_figure_2a":2350.0,"data_generator_V_figure_2a":-43.524109},{"data_generator_T_figure_2a":2360.0,"data_generator_V_figure_2a":-45.50993},{"data_generator_T_figure_2a":2370.0,"data_generator_V_figure_2a":-48.436043},{"data_generator_T_figure_2a":2380.0,"data_generator_V_figure_2a":-48.488293},{"data_generator_T_figure_2a":2390.0,"data_generator_V_figure_2a":-48.543468},{"data_generator_T_figure_2a":2400.0,"data_generator_V_figure_2a":-48.601494},{"data_generator_T_figure_2a":2410.0,"data_generator_V_figure_2a":-48.662102},{"data_generator_T_figure_2a":2420.0,"data_generator_V_figure_2a":-48.724949},{"data_generator_T_figure_2a":2430.0,"data_generator_V_figure_2a":-48.789593},{"data_generator_T_figure_2a":2440.0,"data_generator_V_figure_2a":-48.855518},{"data_generator_T_figure_2a":2450.0,"data_generator_V_figure_2a":-48.922138},{"data_generator_T_figure_2a":2460.0,"data_generator_V_figure_2a":-48.988823},{"data_generator_T_figure_2a":2470.0,"data_generator_V_figure_2a":-49.054909},{"data_generator_T_figure_2a":2480.0,"data_generator_V_figure_2a":-49.119732},{"data_generator_T_figure_2a":2490.0,"data_generator_V_figure_2a":-49.182652},{"data_generator_T_figure_2a":2500.0,"data_generator_V_figure_2a":-49.243073},{"data_generator_T_figure_2a":2510.0,"data_generator_V_figure_2a":-49.300446},{"data_generator_T_figure_2a":2520.0,"data_generator_V_figure_2a":-49.354309},{"data_generator_T_figure_2a":2530.0,"data_generator_V_figure_2a":-49.404278},{"data_generator_T_figure_2a":2540.0,"data_generator_V_figure_2a":-49.450047},{"data_generator_T_figure_2a":2550.0,"data_generator_V_figure_2a":-49.491402},{"data_generator_T_figure_2a":2560.0,"data_generator_V_figure_2a":-49.52821},{"data_generator_T_figure_2a":2570.0,"data_generator_V_figure_2a":-49.560406},{"data_generator_T_figure_2a":2580.0,"data_generator_V_figure_2a":-49.58799},{"data_generator_T_figure_2a":2590.0,"data_generator_V_figure_2a":-49.611015},{"data_generator_T_figure_2a":2600.0,"data_generator_V_figure_2a":-49.629578},{"data_generator_T_figure_2a":2610.0,"data_generator_V_figure_2a":-49.643795},{"data_generator_T_figure_2a":2620.0,"data_generator_V_figure_2a":-49.653816},{"data_generator_T_figure_2a":2630.0,"data_generator_V_figure_2a":-49.659798},{"data_generator_T_figure_2a":2640.0,"data_generator_V_figure_2a":-49.661903},{"data_generator_T_figure_2a":2650.0,"data_generator_V_figure_2a":-49.66029},{"data_generator_T_figure_2a":2660.0,"data_generator_V_figure_2a":-49.655109},{"data_generator_T_figure_2a":2670.0,"data_generator_V_figure_2a":-49.646503},{"data_generator_T_figure_2a":2680.0,"data_generator_V_figure_2a":-49.634598},{"data_generator_T_figure_2a":2690.0,"data_generator_V_figure_2a":-49.619495},{"data_generator_T_figure_2a":2700.0,"data_generator_V_figure_2a":-49.60128},{"data_generator_T_figure_2a":2710.0,"data_generator_V_figure_2a":-49.580013},{"data_generator_T_figure_2a":2720.0,"data_generator_V_figure_2a":-49.555729},{"data_generator_T_figure_2a":2730.0,"data_generator_V_figure_2a":-49.528435},{"data_generator_T_figure_2a":2740.0,"data_generator_V_figure_2a":-49.4981},{"data_generator_T_figure_2a":2750.0,"data_generator_V_figure_2a":-49.464664},{"data_generator_T_figure_2a":2760.0,"data_generator_V_figure_2a":-49.428028},{"data_generator_T_figure_2a":2770.0,"data_generator_V_figure_2a":-49.388042},{"data_generator_T_figure_2a":2780.0,"data_generator_V_figure_2a":-49.344509},{"data_generator_T_figure_2a":2790.0,"data_generator_V_figure_2a":-49.297161},{"data_generator_T_figure_2a":2800.0,"data_generator_V_figure_2a":-49.245667},{"data_generator_T_figure_2a":2810.0,"data_generator_V_figure_2a":-49.18959},{"data_generator_T_figure_2a":2820.0,"data_generator_V_figure_2a":-49.128384},{"data_generator_T_figure_2a":2830.0,"data_generator_V_figure_2a":-49.061348},{"data_generator_T_figure_2a":2840.0,"data_generator_V_figure_2a":-48.987587},{"data_generator_T_figure_2a":2850.0,"data_generator_V_figure_2a":-48.905949},{"data_generator_T_figure_2a":2860.0,"data_generator_V_figure_2a":-48.814911},{"data_generator_T_figure_2a":2870.0,"data_generator_V_figure_2a":-48.712456},{"data_generator_T_figure_2a":2880.0,"data_generator_V_figure_2a":-48.595844},{"data_generator_T_figure_2a":2890.0,"data_generator_V_figure_2a":-48.46125},{"data_generator_T_figure_2a":2900.0,"data_generator_V_figure_2a":-48.303173},{"data_generator_T_figure_2a":2910.0,"data_generator_V_figure_2a":-48.113373},{"data_generator_T_figure_2a":2920.0,"data_generator_V_figure_2a":-47.878891},{"data_generator_T_figure_2a":2930.0,"data_generator_V_figure_2a":-47.577938},{"data_generator_T_figure_2a":2940.0,"data_generator_V_figure_2a":-47.170353},{"data_generator_T_figure_2a":2950.0,"data_generator_V_figure_2a":-46.571236},{"data_generator_T_figure_2a":2960.0,"data_generator_V_figure_2a":-45.553368},{"data_generator_T_figure_2a":2970.0,"data_generator_V_figure_2a":-43.04287},{"data_generator_T_figure_2a":2980.0,"data_generator_V_figure_2a":-48.159325},{"data_generator_T_figure_2a":2990.0,"data_generator_V_figure_2a":-48.268257},{"data_generator_T_figure_2a":3000.0,"data_generator_V_figure_2a":-48.158695},{"data_generator_T_figure_2a":3010.0,"data_generator_V_figure_2a":-48.024395},{"data_generator_T_figure_2a":3020.0,"data_generator_V_figure_2a":-47.856819},{"data_generator_T_figure_2a":3030.0,"data_generator_V_figure_2a":-47.642323},{"data_generator_T_figure_2a":3040.0,"data_generator_V_figure_2a":-47.35767},{"data_generator_T_figure_2a":3050.0,"data_generator_V_figure_2a":-46.959297},{"data_generator_T_figure_2a":3060.0,"data_generator_V_figure_2a":-46.352596},{"data_generator_T_figure_2a":3070.0,"data_generator_V_figure_2a":-45.271362},{"data_generator_T_figure_2a":3080.0,"data_generator_V_figure_2a":-42.219749},{"data_generator_T_figure_2a":3090.0,"data_generator_V_figure_2a":-48.354202},{"data_generator_T_figure_2a":3100.0,"data_generator_V_figure_2a":-48.358986},{"data_generator_T_figure_2a":3110.0,"data_generator_V_figure_2a":-48.343967},{"data_generator_T_figure_2a":3120.0,"data_generator_V_figure_2a":-48.323574},{"data_generator_T_figure_2a":3130.0,"data_generator_V_figure_2a":-48.296944},{"data_generator_T_figure_2a":3140.0,"data_generator_V_figure_2a":-48.262974},{"data_generator_T_figure_2a":3150.0,"data_generator_V_figure_2a":-48.220268},{"data_generator_T_figure_2a":3160.0,"data_generator_V_figure_2a":-48.167015},{"data_generator_T_figure_2a":3170.0,"data_generator_V_figure_2a":-48.100811},{"data_generator_T_figure_2a":3180.0,"data_generator_V_figure_2a":-48.01836},{"data_generator_T_figure_2a":3190.0,"data_generator_V_figure_2a":-47.915016},{"data_generator_T_figure_2a":3200.0,"data_generator_V_figure_2a":-47.783955},{"data_generator_T_figure_2a":3210.0,"data_generator_V_figure_2a":-47.614677},{"data_generator_T_figure_2a":3220.0,"data_generator_V_figure_2a":-47.390038},{"data_generator_T_figure_2a":3230.0,"data_generator_V_figure_2a":-47.079647},{"data_generator_T_figure_2a":3240.0,"data_generator_V_figure_2a":-46.623028},{"data_generator_T_figure_2a":3250.0,"data_generator_V_figure_2a":-45.875134},{"data_generator_T_figure_2a":3260.0,"data_generator_V_figure_2a":-44.330433},{"data_generator_T_figure_2a":3270.0,"data_generator_V_figure_2a":5.0955877},{"data_generator_T_figure_2a":3280.0,"data_generator_V_figure_2a":-48.419239},{"data_generator_T_figure_2a":3290.0,"data_generator_V_figure_2a":-48.470135},{"data_generator_T_figure_2a":3300.0,"data_generator_V_figure_2a":-48.523605},{"data_generator_T_figure_2a":3310.0,"data_generator_V_figure_2a":-48.579922},{"data_generator_T_figure_2a":3320.0,"data_generator_V_figure_2a":-48.638866},{"data_generator_T_figure_2a":3330.0,"data_generator_V_figure_2a":-48.700127},{"data_generator_T_figure_2a":3340.0,"data_generator_V_figure_2a":-48.763313},{"data_generator_T_figure_2a":3350.0,"data_generator_V_figure_2a":-48.827946},{"data_generator_T_figure_2a":3360.0,"data_generator_V_figure_2a":-48.893475},{"data_generator_T_figure_2a":3370.0,"data_generator_V_figure_2a":-48.959305},{"data_generator_T_figure_2a":3380.0,"data_generator_V_figure_2a":-49.024796},{"data_generator_T_figure_2a":3390.0,"data_generator_V_figure_2a":-49.089306},{"data_generator_T_figure_2a":3400.0,"data_generator_V_figure_2a":-49.152191},{"data_generator_T_figure_2a":3410.0,"data_generator_V_figure_2a":-49.212849},{"data_generator_T_figure_2a":3420.0,"data_generator_V_figure_2a":-49.270721},{"data_generator_T_figure_2a":3430.0,"data_generator_V_figure_2a":-49.325329},{"data_generator_T_figure_2a":3440.0,"data_generator_V_figure_2a":-49.376247},{"data_generator_T_figure_2a":3450.0,"data_generator_V_figure_2a":-49.423153},{"data_generator_T_figure_2a":3460.0,"data_generator_V_figure_2a":-49.465794},{"data_generator_T_figure_2a":3470.0,"data_generator_V_figure_2a":-49.504002},{"data_generator_T_figure_2a":3480.0,"data_generator_V_figure_2a":-49.537682},{"data_generator_T_figure_2a":3490.0,"data_generator_V_figure_2a":-49.566807},{"data_generator_T_figure_2a":3500.0,"data_generator_V_figure_2a":-49.591404},{"data_generator_T_figure_2a":3510.0,"data_generator_V_figure_2a":-49.611538},{"data_generator_T_figure_2a":3520.0,"data_generator_V_figure_2a":-49.627323},{"data_generator_T_figure_2a":3530.0,"data_generator_V_figure_2a":-49.638882},{"data_generator_T_figure_2a":3540.0,"data_generator_V_figure_2a":-49.646362},{"data_generator_T_figure_2a":3550.0,"data_generator_V_figure_2a":-49.649921},{"data_generator_T_figure_2a":3560.0,"data_generator_V_figure_2a":-49.649712},{"data_generator_T_figure_2a":3570.0,"data_generator_V_figure_2a":-49.645882},{"data_generator_T_figure_2a":3580.0,"data_generator_V_figure_2a":-49.638573},{"data_generator_T_figure_2a":3590.0,"data_generator_V_figure_2a":-49.627911},{"data_generator_T_figure_2a":3600.0,"data_generator_V_figure_2a":-49.614002},{"data_generator_T_figure_2a":3610.0,"data_generator_V_figure_2a":-49.596935},{"data_generator_T_figure_2a":3620.0,"data_generator_V_figure_2a":-49.576775},{"data_generator_T_figure_2a":3630.0,"data_generator_V_figure_2a":-49.553562},{"data_generator_T_figure_2a":3640.0,"data_generator_V_figure_2a":-49.527313},{"data_generator_T_figure_2a":3650.0,"data_generator_V_figure_2a":-49.498001},{"data_generator_T_figure_2a":3660.0,"data_generator_V_figure_2a":-49.465576},{"data_generator_T_figure_2a":3670.0,"data_generator_V_figure_2a":-49.429947},{"data_generator_T_figure_2a":3680.0,"data_generator_V_figure_2a":-49.390976},{"data_generator_T_figure_2a":3690.0,"data_generator_V_figure_2a":-49.348473},{"data_generator_T_figure_2a":3700.0,"data_generator_V_figure_2a":-49.302197},{"data_generator_T_figure_2a":3710.0,"data_generator_V_figure_2a":-49.25182},{"data_generator_T_figure_2a":3720.0,"data_generator_V_figure_2a":-49.196934},{"data_generator_T_figure_2a":3730.0,"data_generator_V_figure_2a":-49.137016},{"data_generator_T_figure_2a":3740.0,"data_generator_V_figure_2a":-49.071404},{"data_generator_T_figure_2a":3750.0,"data_generator_V_figure_2a":-48.999237},{"data_generator_T_figure_2a":3760.0,"data_generator_V_figure_2a":-48.919418},{"data_generator_T_figure_2a":3770.0,"data_generator_V_figure_2a":-48.830513},{"data_generator_T_figure_2a":3780.0,"data_generator_V_figure_2a":-48.730614},{"data_generator_T_figure_2a":3790.0,"data_generator_V_figure_2a":-48.617138},{"data_generator_T_figure_2a":3800.0,"data_generator_V_figure_2a":-48.4865},{"data_generator_T_figure_2a":3810.0,"data_generator_V_figure_2a":-48.333584},{"data_generator_T_figure_2a":3820.0,"data_generator_V_figure_2a":-48.15078},{"data_generator_T_figure_2a":3830.0,"data_generator_V_figure_2a":-47.926254},{"data_generator_T_figure_2a":3840.0,"data_generator_V_figure_2a":-47.640381},{"data_generator_T_figure_2a":3850.0,"data_generator_V_figure_2a":-47.257702},{"data_generator_T_figure_2a":3860.0,"data_generator_V_figure_2a":-46.705559},{"data_generator_T_figure_2a":3870.0,"data_generator_V_figure_2a":-45.800323},{"data_generator_T_figure_2a":3880.0,"data_generator_V_figure_2a":-43.809551},{"data_generator_T_figure_2a":3890.0,"data_generator_V_figure_2a":-40.247028},{"data_generator_T_figure_2a":3900.0,"data_generator_V_figure_2a":-48.29208},{"data_generator_T_figure_2a":3910.0,"data_generator_V_figure_2a":-48.188053},{"data_generator_T_figure_2a":3920.0,"data_generator_V_figure_2a":-48.060879},{"data_generator_T_figure_2a":3930.0,"data_generator_V_figure_2a":-47.903011},{"data_generator_T_figure_2a":3940.0,"data_generator_V_figure_2a":-47.702412},{"data_generator_T_figure_2a":3950.0,"data_generator_V_figure_2a":-47.438984},{"data_generator_T_figure_2a":3960.0,"data_generator_V_figure_2a":-47.076096},{"data_generator_T_figure_2a":3970.0,"data_generator_V_figure_2a":-46.537693},{"data_generator_T_figure_2a":3980.0,"data_generator_V_figure_2a":-45.627182},{"data_generator_T_figure_2a":3990.0,"data_generator_V_figure_2a":-43.511536},{"data_generator_T_figure_2a":4000.0,"data_generator_V_figure_2a":-46.08382},{"data_generator_T_figure_2a":4010.0,"data_generator_V_figure_2a":-48.373238},{"data_generator_T_figure_2a":4020.0,"data_generator_V_figure_2a":-48.361439},{"data_generator_T_figure_2a":4030.0,"data_generator_V_figure_2a":-48.344704},{"data_generator_T_figure_2a":4040.0,"data_generator_V_figure_2a":-48.322361},{"data_generator_T_figure_2a":4050.0,"data_generator_V_figure_2a":-48.293461},{"data_generator_T_figure_2a":4060.0,"data_generator_V_figure_2a":-48.256836},{"data_generator_T_figure_2a":4070.0,"data_generator_V_figure_2a":-48.210976},{"data_generator_T_figure_2a":4080.0,"data_generator_V_figure_2a":-48.153923},{"data_generator_T_figure_2a":4090.0,"data_generator_V_figure_2a":-48.08305},{"data_generator_T_figure_2a":4100.0,"data_generator_V_figure_2a":-47.994724},{"data_generator_T_figure_2a":4110.0,"data_generator_V_figure_2a":-47.883774},{"data_generator_T_figure_2a":4120.0,"data_generator_V_figure_2a":-47.742496},{"data_generator_T_figure_2a":4130.0,"data_generator_V_figure_2a":-47.558861},{"data_generator_T_figure_2a":4140.0,"data_generator_V_figure_2a":-47.312786},{"data_generator_T_figure_2a":4150.0,"data_generator_V_figure_2a":-46.967636},{"data_generator_T_figure_2a":4160.0,"data_generator_V_figure_2a":-46.447163},{"data_generator_T_figure_2a":4170.0,"data_generator_V_figure_2a":-45.553375},{"data_generator_T_figure_2a":4180.0,"data_generator_V_figure_2a":-43.436947},{"data_generator_T_figure_2a":4190.0,"data_generator_V_figure_2a":-46.561478},{"data_generator_T_figure_2a":4200.0,"data_generator_V_figure_2a":-48.425365},{"data_generator_T_figure_2a":4210.0,"data_generator_V_figure_2a":-48.474564},{"data_generator_T_figure_2a":4220.0,"data_generator_V_figure_2a":-48.52647},{"data_generator_T_figure_2a":4230.0,"data_generator_V_figure_2a":-48.581039},{"data_generator_T_figure_2a":4240.0,"data_generator_V_figure_2a":-48.638058},{"data_generator_T_figure_2a":4250.0,"data_generator_V_figure_2a":-48.697235},{"data_generator_T_figure_2a":4260.0,"data_generator_V_figure_2a":-48.758205},{"data_generator_T_figure_2a":4270.0,"data_generator_V_figure_2a":-48.820526},{"data_generator_T_figure_2a":4280.0,"data_generator_V_figure_2a":-48.883682},{"data_generator_T_figure_2a":4290.0,"data_generator_V_figure_2a":-48.947124},{"data_generator_T_figure_2a":4300.0,"data_generator_V_figure_2a":-49.01025},{"data_generator_T_figure_2a":4310.0,"data_generator_V_figure_2a":-49.072464},{"data_generator_T_figure_2a":4320.0,"data_generator_V_figure_2a":-49.133163},{"data_generator_T_figure_2a":4330.0,"data_generator_V_figure_2a":-49.191776},{"data_generator_T_figure_2a":4340.0,"data_generator_V_figure_2a":-49.247776},{"data_generator_T_figure_2a":4350.0,"data_generator_V_figure_2a":-49.300694},{"data_generator_T_figure_2a":4360.0,"data_generator_V_figure_2a":-49.350132},{"data_generator_T_figure_2a":4370.0,"data_generator_V_figure_2a":-49.39576},{"data_generator_T_figure_2a":4380.0,"data_generator_V_figure_2a":-49.437325},{"data_generator_T_figure_2a":4390.0,"data_generator_V_figure_2a":-49.474651},{"data_generator_T_figure_2a":4400.0,"data_generator_V_figure_2a":-49.507637},{"data_generator_T_figure_2a":4410.0,"data_generator_V_figure_2a":-49.536224},{"data_generator_T_figure_2a":4420.0,"data_generator_V_figure_2a":-49.560429},{"data_generator_T_figure_2a":4430.0,"data_generator_V_figure_2a":-49.580296},{"data_generator_T_figure_2a":4440.0,"data_generator_V_figure_2a":-49.595913},{"data_generator_T_figure_2a":4450.0,"data_generator_V_figure_2a":-49.607388},{"data_generator_T_figure_2a":4460.0,"data_generator_V_figure_2a":-49.614845},{"data_generator_T_figure_2a":4470.0,"data_generator_V_figure_2a":-49.618423},{"data_generator_T_figure_2a":4480.0,"data_generator_V_figure_2a":-49.618256},{"data_generator_T_figure_2a":4490.0,"data_generator_V_figure_2a":-49.614479},{"data_generator_T_figure_2a":4500.0,"data_generator_V_figure_2a":-49.607212},{"data_generator_T_figure_2a":4510.0,"data_generator_V_figure_2a":-49.596577},{"data_generator_T_figure_2a":4520.0,"data_generator_V_figure_2a":-49.582657},{"data_generator_T_figure_2a":4530.0,"data_generator_V_figure_2a":-49.565536},{"data_generator_T_figure_2a":4540.0,"data_generator_V_figure_2a":-49.545265},{"data_generator_T_figure_2a":4550.0,"data_generator_V_figure_2a":-49.521873},{"data_generator_T_figure_2a":4560.0,"data_generator_V_figure_2a":-49.495358},{"data_generator_T_figure_2a":4570.0,"data_generator_V_figure_2a":-49.465683},{"data_generator_T_figure_2a":4580.0,"data_generator_V_figure_2a":-49.432785},{"data_generator_T_figure_2a":4590.0,"data_generator_V_figure_2a":-49.396553},{"data_generator_T_figure_2a":4600.0,"data_generator_V_figure_2a":-49.356831},{"data_generator_T_figure_2a":4610.0,"data_generator_V_figure_2a":-49.313404},{"data_generator_T_figure_2a":4620.0,"data_generator_V_figure_2a":-49.265991},{"data_generator_T_figure_2a":4630.0,"data_generator_V_figure_2a":-49.214241},{"data_generator_T_figure_2a":4640.0,"data_generator_V_figure_2a":-49.157684},{"data_generator_T_figure_2a":4650.0,"data_generator_V_figure_2a":-49.095737},{"data_generator_T_figure_2a":4660.0,"data_generator_V_figure_2a":-49.027657},{"data_generator_T_figure_2a":4670.0,"data_generator_V_figure_2a":-48.952473},{"data_generator_T_figure_2a":4680.0,"data_generator_V_figure_2a":-48.868935},{"data_generator_T_figure_2a":4690.0,"data_generator_V_figure_2a":-48.775391},{"data_generator_T_figure_2a":4700.0,"data_generator_V_figure_2a":-48.669636},{"data_generator_T_figure_2a":4710.0,"data_generator_V_figure_2a":-48.548637},{"data_generator_T_figure_2a":4720.0,"data_generator_V_figure_2a":-48.408131},{"data_generator_T_figure_2a":4730.0,"data_generator_V_figure_2a":-48.241913},{"data_generator_T_figure_2a":4740.0,"data_generator_V_figure_2a":-48.040562},{"data_generator_T_figure_2a":4750.0,"data_generator_V_figure_2a":-47.788963},{"data_generator_T_figure_2a":4760.0,"data_generator_V_figure_2a":-47.46106},{"data_generator_T_figure_2a":4770.0,"data_generator_V_figure_2a":-47.00705},{"data_generator_T_figure_2a":4780.0,"data_generator_V_figure_2a":-46.315269},{"data_generator_T_figure_2a":4790.0,"data_generator_V_figure_2a":-45.050076},{"data_generator_T_figure_2a":4800.0,"data_generator_V_figure_2a":-40.611458},{"data_generator_T_figure_2a":4810.0,"data_generator_V_figure_2a":-48.3293},{"data_generator_T_figure_2a":4820.0,"data_generator_V_figure_2a":-48.237587},{"data_generator_T_figure_2a":4830.0,"data_generator_V_figure_2a":-48.123154},{"data_generator_T_figure_2a":4840.0,"data_generator_V_figure_2a":-47.982277},{"data_generator_T_figure_2a":4850.0,"data_generator_V_figure_2a":-47.80542},{"data_generator_T_figure_2a":4860.0,"data_generator_V_figure_2a":-47.577179},{"data_generator_T_figure_2a":4870.0,"data_generator_V_figure_2a":-47.270786},{"data_generator_T_figure_2a":4880.0,"data_generator_V_figure_2a":-46.83456},{"data_generator_T_figure_2a":4890.0,"data_generator_V_figure_2a":-46.150726},{"data_generator_T_figure_2a":4900.0,"data_generator_V_figure_2a":-44.853481},{"data_generator_T_figure_2a":4910.0,"data_generator_V_figure_2a":-39.441967},{"data_generator_T_figure_2a":4920.0,"data_generator_V_figure_2a":-48.364559},{"data_generator_T_figure_2a":4930.0,"data_generator_V_figure_2a":-48.356117},{"data_generator_T_figure_2a":4940.0,"data_generator_V_figure_2a":-48.341541},{"data_generator_T_figure_2a":4950.0,"data_generator_V_figure_2a":-48.321674},{"data_generator_T_figure_2a":4960.0,"data_generator_V_figure_2a":-48.29565},{"data_generator_T_figure_2a":4970.0,"data_generator_V_figure_2a":-48.262379},{"data_generator_T_figure_2a":4980.0,"data_generator_V_figure_2a":-48.22049},{"data_generator_T_figure_2a":4990.0,"data_generator_V_figure_2a":-48.168209},{"data_generator_T_figure_2a":5000.0,"data_generator_V_figure_2a":-48.103172},{"data_generator_T_figure_2a":5010.0,"data_generator_V_figure_2a":-48.022163},{"data_generator_T_figure_2a":5020.0,"data_generator_V_figure_2a":-47.920647},{"data_generator_T_figure_2a":5030.0,"data_generator_V_figure_2a":-47.791992},{"data_generator_T_figure_2a":5040.0,"data_generator_V_figure_2a":-47.626026},{"data_generator_T_figure_2a":5050.0,"data_generator_V_figure_2a":-47.406212},{"data_generator_T_figure_2a":5060.0,"data_generator_V_figure_2a":-47.103432},{"data_generator_T_figure_2a":5070.0,"data_generator_V_figure_2a":-46.660309},{"data_generator_T_figure_2a":5080.0,"data_generator_V_figure_2a":-45.941494},{"data_generator_T_figure_2a":5090.0,"data_generator_V_figure_2a":-44.49313},{"data_generator_T_figure_2a":5100.0,"data_generator_V_figure_2a":-17.035366},{"data_generator_T_figure_2a":5110.0,"data_generator_V_figure_2a":-48.42001},{"data_generator_T_figure_2a":5120.0,"data_generator_V_figure_2a":-48.47213},{"data_generator_T_figure_2a":5130.0,"data_generator_V_figure_2a":-48.52673},{"data_generator_T_figure_2a":5140.0,"data_generator_V_figure_2a":-48.584267},{"data_generator_T_figure_2a":5150.0,"data_generator_V_figure_2a":-48.644505},{"data_generator_T_figure_2a":5160.0,"data_generator_V_figure_2a":-48.707115},{"data_generator_T_figure_2a":5170.0,"data_generator_V_figure_2a":-48.771687},{"data_generator_T_figure_2a":5180.0,"data_generator_V_figure_2a":-48.837708},{"data_generator_T_figure_2a":5190.0,"data_generator_V_figure_2a":-48.90461},{"data_generator_T_figure_2a":5200.0,"data_generator_V_figure_2a":-48.97176},{"data_generator_T_figure_2a":5210.0,"data_generator_V_figure_2a":-49.038498},{"data_generator_T_figure_2a":5220.0,"data_generator_V_figure_2a":-49.104149},{"data_generator_T_figure_2a":5230.0,"data_generator_V_figure_2a":-49.168064},{"data_generator_T_figure_2a":5240.0,"data_generator_V_figure_2a":-49.22961},{"data_generator_T_figure_2a":5250.0,"data_generator_V_figure_2a":-49.288235},{"data_generator_T_figure_2a":5260.0,"data_generator_V_figure_2a":-49.343437},{"data_generator_T_figure_2a":5270.0,"data_generator_V_figure_2a":-49.39481},{"data_generator_T_figure_2a":5280.0,"data_generator_V_figure_2a":-49.442024},{"data_generator_T_figure_2a":5290.0,"data_generator_V_figure_2a":-49.484844},{"data_generator_T_figure_2a":5300.0,"data_generator_V_figure_2a":-49.523113},{"data_generator_T_figure_2a":5310.0,"data_generator_V_figure_2a":-49.556747},{"data_generator_T_figure_2a":5320.0,"data_generator_V_figure_2a":-49.585739},{"data_generator_T_figure_2a":5330.0,"data_generator_V_figure_2a":-49.61013},{"data_generator_T_figure_2a":5340.0,"data_generator_V_figure_2a":-49.630001},{"data_generator_T_figure_2a":5350.0,"data_generator_V_figure_2a":-49.645473},{"data_generator_T_figure_2a":5360.0,"data_generator_V_figure_2a":-49.656696},{"data_generator_T_figure_2a":5370.0,"data_generator_V_figure_2a":-49.663822},{"data_generator_T_figure_2a":5380.0,"data_generator_V_figure_2a":-49.667015},{"data_generator_T_figure_2a":5390.0,"data_generator_V_figure_2a":-49.666443},{"data_generator_T_figure_2a":5400.0,"data_generator_V_figure_2a":-49.662258},{"data_generator_T_figure_2a":5410.0,"data_generator_V_figure_2a":-49.654613},{"data_generator_T_figure_2a":5420.0,"data_generator_V_figure_2a":-49.643635},{"data_generator_T_figure_2a":5430.0,"data_generator_V_figure_2a":-49.62944},{"data_generator_T_figure_2a":5440.0,"data_generator_V_figure_2a":-49.612118},{"data_generator_T_figure_2a":5450.0,"data_generator_V_figure_2a":-49.591743},{"data_generator_T_figure_2a":5460.0,"data_generator_V_figure_2a":-49.568352},{"data_generator_T_figure_2a":5470.0,"data_generator_V_figure_2a":-49.541965},{"data_generator_T_figure_2a":5480.0,"data_generator_V_figure_2a":-49.512569},{"data_generator_T_figure_2a":5490.0,"data_generator_V_figure_2a":-49.48011},{"data_generator_T_figure_2a":5500.0,"data_generator_V_figure_2a":-49.444504},{"data_generator_T_figure_2a":5510.0,"data_generator_V_figure_2a":-49.405621},{"data_generator_T_figure_2a":5520.0,"data_generator_V_figure_2a":-49.363281},{"data_generator_T_figure_2a":5530.0,"data_generator_V_figure_2a":-49.317245},{"data_generator_T_figure_2a":5540.0,"data_generator_V_figure_2a":-49.267208},{"data_generator_T_figure_2a":5550.0,"data_generator_V_figure_2a":-49.212769},{"data_generator_T_figure_2a":5560.0,"data_generator_V_figure_2a":-49.153427},{"data_generator_T_figure_2a":5570.0,"data_generator_V_figure_2a":-49.088543},{"data_generator_T_figure_2a":5580.0,"data_generator_V_figure_2a":-49.017307},{"data_generator_T_figure_2a":5590.0,"data_generator_V_figure_2a":-48.93866},{"data_generator_T_figure_2a":5600.0,"data_generator_V_figure_2a":-48.851238},{"data_generator_T_figure_2a":5610.0,"data_generator_V_figure_2a":-48.753227},{"data_generator_T_figure_2a":5620.0,"data_generator_V_figure_2a":-48.642193},{"data_generator_T_figure_2a":5630.0,"data_generator_V_figure_2a":-48.514767},{"data_generator_T_figure_2a":5640.0,"data_generator_V_figure_2a":-48.366161},{"data_generator_T_figure_2a":5650.0,"data_generator_V_figure_2a":-48.189331},{"data_generator_T_figure_2a":5660.0,"data_generator_V_figure_2a":-47.973404},{"data_generator_T_figure_2a":5670.0,"data_generator_V_figure_2a":-47.700596},{"data_generator_T_figure_2a":5680.0,"data_generator_V_figure_2a":-47.339355},{"data_generator_T_figure_2a":5690.0,"data_generator_V_figure_2a":-46.82679},{"data_generator_T_figure_2a":5700.0,"data_generator_V_figure_2a":-46.011524},{"data_generator_T_figure_2a":5710.0,"data_generator_V_figure_2a":-44.360386},{"data_generator_T_figure_2a":5720.0,"data_generator_V_figure_2a":-1.1765089},{"data_generator_T_figure_2a":5730.0,"data_generator_V_figure_2a":-48.311352},{"data_generator_T_figure_2a":5740.0,"data_generator_V_figure_2a":-48.210915},{"data_generator_T_figure_2a":5750.0,"data_generator_V_figure_2a":-48.088169},{"data_generator_T_figure_2a":5760.0,"data_generator_V_figure_2a":-47.936371},{"data_generator_T_figure_2a":5770.0,"data_generator_V_figure_2a":-47.744465},{"data_generator_T_figure_2a":5780.0,"data_generator_V_figure_2a":-47.49424},{"data_generator_T_figure_2a":5790.0,"data_generator_V_figure_2a":-47.153099},{"data_generator_T_figure_2a":5800.0,"data_generator_V_figure_2a":-46.655235},{"data_generator_T_figure_2a":5810.0,"data_generator_V_figure_2a":-45.838951},{"data_generator_T_figure_2a":5820.0,"data_generator_V_figure_2a":-44.106022},{"data_generator_T_figure_2a":5830.0,"data_generator_V_figure_2a":-20.62274},{"data_generator_T_figure_2a":5840.0,"data_generator_V_figure_2a":-48.391949},{"data_generator_T_figure_2a":5850.0,"data_generator_V_figure_2a":-48.382896},{"data_generator_T_figure_2a":5860.0,"data_generator_V_figure_2a":-48.369175},{"data_generator_T_figure_2a":5870.0,"data_generator_V_figure_2a":-48.350346},{"data_generator_T_figure_2a":5880.0,"data_generator_V_figure_2a":-48.325596},{"data_generator_T_figure_2a":5890.0,"data_generator_V_figure_2a":-48.293919},{"data_generator_T_figure_2a":5900.0,"data_generator_V_figure_2a":-48.254051},{"data_generator_T_figure_2a":5910.0,"data_generator_V_figure_2a":-48.204365},{"data_generator_T_figure_2a":5920.0,"data_generator_V_figure_2a":-48.142719},{"data_generator_T_figure_2a":5930.0,"data_generator_V_figure_2a":-48.066216},{"data_generator_T_figure_2a":5940.0,"data_generator_V_figure_2a":-47.970821},{"data_generator_T_figure_2a":5950.0,"data_generator_V_figure_2a":-47.8507},{"data_generator_T_figure_2a":5960.0,"data_generator_V_figure_2a":-47.69706},{"data_generator_T_figure_2a":5970.0,"data_generator_V_figure_2a":-47.49588},{"data_generator_T_figure_2a":5980.0,"data_generator_V_figure_2a":-47.223202},{"data_generator_T_figure_2a":5990.0,"data_generator_V_figure_2a":-46.833733},{"data_generator_T_figure_2a":6000.0,"data_generator_V_figure_2a":-46.22781},{"data_generator_T_figure_2a":6010.0,"data_generator_V_figure_2a":-45.117569},{"data_generator_T_figure_2a":6020.0,"data_generator_V_figure_2a":-41.702744},{"data_generator_T_figure_2a":6030.0,"data_generator_V_figure_2a":-48.378025},{"data_generator_T_figure_2a":6040.0,"data_generator_V_figure_2a":-48.427876},{"data_generator_T_figure_2a":6050.0,"data_generator_V_figure_2a":-48.474026},{"data_generator_T_figure_2a":6060.0,"data_generator_V_figure_2a":-48.522617},{"data_generator_T_figure_2a":6070.0,"data_generator_V_figure_2a":-48.573551},{"data_generator_T_figure_2a":6080.0,"data_generator_V_figure_2a":-48.626648},{"data_generator_T_figure_2a":6090.0,"data_generator_V_figure_2a":-48.68166},{"data_generator_T_figure_2a":6100.0,"data_generator_V_figure_2a":-48.738281},{"data_generator_T_figure_2a":6110.0,"data_generator_V_figure_2a":-48.796131},{"data_generator_T_figure_2a":6120.0,"data_generator_V_figure_2a":-48.854778},{"data_generator_T_figure_2a":6130.0,"data_generator_V_figure_2a":-48.913738},{"data_generator_T_figure_2a":6140.0,"data_generator_V_figure_2a":-48.972511},{"data_generator_T_figure_2a":6150.0,"data_generator_V_figure_2a":-49.03056},{"data_generator_T_figure_2a":6160.0,"data_generator_V_figure_2a":-49.087357},{"data_generator_T_figure_2a":6170.0,"data_generator_V_figure_2a":-49.142395},{"data_generator_T_figure_2a":6180.0,"data_generator_V_figure_2a":-49.195187},{"data_generator_T_figure_2a":6190.0,"data_generator_V_figure_2a":-49.245296},{"data_generator_T_figure_2a":6200.0,"data_generator_V_figure_2a":-49.292336},{"data_generator_T_figure_2a":6210.0,"data_generator_V_figure_2a":-49.335983},{"data_generator_T_figure_2a":6220.0,"data_generator_V_figure_2a":-49.375977},{"data_generator_T_figure_2a":6230.0,"data_generator_V_figure_2a":-49.412117},{"data_generator_T_figure_2a":6240.0,"data_generator_V_figure_2a":-49.44426},{"data_generator_T_figure_2a":6250.0,"data_generator_V_figure_2a":-49.472328},{"data_generator_T_figure_2a":6260.0,"data_generator_V_figure_2a":-49.496284},{"data_generator_T_figure_2a":6270.0,"data_generator_V_figure_2a":-49.51614},{"data_generator_T_figure_2a":6280.0,"data_generator_V_figure_2a":-49.531933},{"data_generator_T_figure_2a":6290.0,"data_generator_V_figure_2a":-49.543732},{"data_generator_T_figure_2a":6300.0,"data_generator_V_figure_2a":-49.551624},{"data_generator_T_figure_2a":6310.0,"data_generator_V_figure_2a":-49.555706},{"data_generator_T_figure_2a":6320.0,"data_generator_V_figure_2a":-49.55608},{"data_generator_T_figure_2a":6330.0,"data_generator_V_figure_2a":-49.552853},{"data_generator_T_figure_2a":6340.0,"data_generator_V_figure_2a":-49.546112},{"data_generator_T_figure_2a":6350.0,"data_generator_V_figure_2a":-49.53595},{"data_generator_T_figure_2a":6360.0,"data_generator_V_figure_2a":-49.522434},{"data_generator_T_figure_2a":6370.0,"data_generator_V_figure_2a":-49.505619},{"data_generator_T_figure_2a":6380.0,"data_generator_V_figure_2a":-49.485538},{"data_generator_T_figure_2a":6390.0,"data_generator_V_figure_2a":-49.462189},{"data_generator_T_figure_2a":6400.0,"data_generator_V_figure_2a":-49.435555},{"data_generator_T_figure_2a":6410.0,"data_generator_V_figure_2a":-49.405575},{"data_generator_T_figure_2a":6420.0,"data_generator_V_figure_2a":-49.37215},{"data_generator_T_figure_2a":6430.0,"data_generator_V_figure_2a":-49.335144},{"data_generator_T_figure_2a":6440.0,"data_generator_V_figure_2a":-49.294357},{"data_generator_T_figure_2a":6450.0,"data_generator_V_figure_2a":-49.249531},{"data_generator_T_figure_2a":6460.0,"data_generator_V_figure_2a":-49.200329},{"data_generator_T_figure_2a":6470.0,"data_generator_V_figure_2a":-49.146313},{"data_generator_T_figure_2a":6480.0,"data_generator_V_figure_2a":-49.086937},{"data_generator_T_figure_2a":6490.0,"data_generator_V_figure_2a":-49.021484},{"data_generator_T_figure_2a":6500.0,"data_generator_V_figure_2a":-48.949039},{"data_generator_T_figure_2a":6510.0,"data_generator_V_figure_2a":-48.868416},{"data_generator_T_figure_2a":6520.0,"data_generator_V_figure_2a":-48.778053},{"data_generator_T_figure_2a":6530.0,"data_generator_V_figure_2a":-48.675854},{"data_generator_T_figure_2a":6540.0,"data_generator_V_figure_2a":-48.558968},{"data_generator_T_figure_2a":6550.0,"data_generator_V_figure_2a":-48.423393},{"data_generator_T_figure_2a":6560.0,"data_generator_V_figure_2a":-48.26334},{"data_generator_T_figure_2a":6570.0,"data_generator_V_figure_2a":-48.070087},{"data_generator_T_figure_2a":6580.0,"data_generator_V_figure_2a":-47.829796},{"data_generator_T_figure_2a":6590.0,"data_generator_V_figure_2a":-47.518932},{"data_generator_T_figure_2a":6600.0,"data_generator_V_figure_2a":-47.093445},{"data_generator_T_figure_2a":6610.0,"data_generator_V_figure_2a":-46.457867},{"data_generator_T_figure_2a":6620.0,"data_generator_V_figure_2a":-45.34425},{"data_generator_T_figure_2a":6630.0,"data_generator_V_figure_2a":-42.254272},{"data_generator_T_figure_2a":6640.0,"data_generator_V_figure_2a":-48.3535},{"data_generator_T_figure_2a":6650.0,"data_generator_V_figure_2a":-48.284302},{"data_generator_T_figure_2a":6660.0,"data_generator_V_figure_2a":-48.18214},{"data_generator_T_figure_2a":6670.0,"data_generator_V_figure_2a":-48.057262},{"data_generator_T_figure_2a":6680.0,"data_generator_V_figure_2a":-47.902168},{"data_generator_T_figure_2a":6690.0,"data_generator_V_figure_2a":-47.705097},{"data_generator_T_figure_2a":6700.0,"data_generator_V_figure_2a":-47.446491},{"data_generator_T_figure_2a":6710.0,"data_generator_V_figure_2a":-47.090889},{"data_generator_T_figure_2a":6720.0,"data_generator_V_figure_2a":-46.565224},{"data_generator_T_figure_2a":6730.0,"data_generator_V_figure_2a":-45.683311},{"data_generator_T_figure_2a":6740.0,"data_generator_V_figure_2a":-43.687313},{"data_generator_T_figure_2a":6750.0,"data_generator_V_figure_2a":-42.675087},{"data_generator_T_figure_2a":6760.0,"data_generator_V_figure_2a":-48.370613},{"data_generator_T_figure_2a":6770.0,"data_generator_V_figure_2a":-48.361805},{"data_generator_T_figure_2a":6780.0,"data_generator_V_figure_2a":-48.348484},{"data_generator_T_figure_2a":6790.0,"data_generator_V_figure_2a":-48.330078},{"data_generator_T_figure_2a":6800.0,"data_generator_V_figure_2a":-48.305763},{"data_generator_T_figure_2a":6810.0,"data_generator_V_figure_2a":-48.274525},{"data_generator_T_figure_2a":6820.0,"data_generator_V_figure_2a":-48.235077},{"data_generator_T_figure_2a":6830.0,"data_generator_V_figure_2a":-48.185772},{"data_generator_T_figure_2a":6840.0,"data_generator_V_figure_2a":-48.124428},{"data_generator_T_figure_2a":6850.0,"data_generator_V_figure_2a":-48.048107},{"data_generator_T_figure_2a":6860.0,"data_generator_V_figure_2a":-47.952702},{"data_generator_T_figure_2a":6870.0,"data_generator_V_figure_2a":-47.83226},{"data_generator_T_figure_2a":6880.0,"data_generator_V_figure_2a":-47.677799},{"data_generator_T_figure_2a":6890.0,"data_generator_V_figure_2a":-47.474957},{"data_generator_T_figure_2a":6900.0,"data_generator_V_figure_2a":-47.199078},{"data_generator_T_figure_2a":6910.0,"data_generator_V_figure_2a":-46.803284},{"data_generator_T_figure_2a":6920.0,"data_generator_V_figure_2a":-46.183411},{"data_generator_T_figure_2a":6930.0,"data_generator_V_figure_2a":-45.032551},{"data_generator_T_figure_2a":6940.0,"data_generator_V_figure_2a":-41.244827},{"data_generator_T_figure_2a":6950.0,"data_generator_V_figure_2a":-48.384186},{"data_generator_T_figure_2a":6960.0,"data_generator_V_figure_2a":-48.435711},{"data_generator_T_figure_2a":6970.0,"data_generator_V_figure_2a":-48.486404},{"data_generator_T_figure_2a":6980.0,"data_generator_V_figure_2a":-48.539959},{"data_generator_T_figure_2a":6990.0,"data_generator_V_figure_2a":-48.596222},{"data_generator_T_figure_2a":7000.0,"data_generator_V_figure_2a":-48.654957},{"data_generator_T_figure_2a":7010.0,"data_generator_V_figure_2a":-48.715847},{"data_generator_T_figure_2a":7020.0,"data_generator_V_figure_2a":-48.778477},{"data_generator_T_figure_2a":7030.0,"data_generator_V_figure_2a":-48.842373},{"data_generator_T_figure_2a":7040.0,"data_generator_V_figure_2a":-48.906986},{"data_generator_T_figure_2a":7050.0,"data_generator_V_figure_2a":-48.971722},{"data_generator_T_figure_2a":7060.0,"data_generator_V_figure_2a":-49.035961},{"data_generator_T_figure_2a":7070.0,"data_generator_V_figure_2a":-49.099075},{"data_generator_T_figure_2a":7080.0,"data_generator_V_figure_2a":-49.160446},{"data_generator_T_figure_2a":7090.0,"data_generator_V_figure_2a":-49.219505},{"data_generator_T_figure_2a":7100.0,"data_generator_V_figure_2a":-49.275715},{"data_generator_T_figure_2a":7110.0,"data_generator_V_figure_2a":-49.328621},{"data_generator_T_figure_2a":7120.0,"data_generator_V_figure_2a":-49.377838},{"data_generator_T_figure_2a":7130.0,"data_generator_V_figure_2a":-49.42305},{"data_generator_T_figure_2a":7140.0,"data_generator_V_figure_2a":-49.464039},{"data_generator_T_figure_2a":7150.0,"data_generator_V_figure_2a":-49.500645},{"data_generator_T_figure_2a":7160.0,"data_generator_V_figure_2a":-49.532787},{"data_generator_T_figure_2a":7170.0,"data_generator_V_figure_2a":-49.560448},{"data_generator_T_figure_2a":7180.0,"data_generator_V_figure_2a":-49.583656},{"data_generator_T_figure_2a":7190.0,"data_generator_V_figure_2a":-49.602482},{"data_generator_T_figure_2a":7200.0,"data_generator_V_figure_2a":-49.617031},{"data_generator_T_figure_2a":7210.0,"data_generator_V_figure_2a":-49.62743},{"data_generator_T_figure_2a":7220.0,"data_generator_V_figure_2a":-49.633816},{"data_generator_T_figure_2a":7230.0,"data_generator_V_figure_2a":-49.636341},{"data_generator_T_figure_2a":7240.0,"data_generator_V_figure_2a":-49.635143},{"data_generator_T_figure_2a":7250.0,"data_generator_V_figure_2a":-49.630371},{"data_generator_T_figure_2a":7260.0,"data_generator_V_figure_2a":-49.62215},{"data_generator_T_figure_2a":7270.0,"data_generator_V_figure_2a":-49.610596},{"data_generator_T_figure_2a":7280.0,"data_generator_V_figure_2a":-49.595806},{"data_generator_T_figure_2a":7290.0,"data_generator_V_figure_2a":-49.577854},{"data_generator_T_figure_2a":7300.0,"data_generator_V_figure_2a":-49.556801},{"data_generator_T_figure_2a":7310.0,"data_generator_V_figure_2a":-49.532665},{"data_generator_T_figure_2a":7320.0,"data_generator_V_figure_2a":-49.505451},{"data_generator_T_figure_2a":7330.0,"data_generator_V_figure_2a":-49.475124},{"data_generator_T_figure_2a":7340.0,"data_generator_V_figure_2a":-49.441608},{"data_generator_T_figure_2a":7350.0,"data_generator_V_figure_2a":-49.404797},{"data_generator_T_figure_2a":7360.0,"data_generator_V_figure_2a":-49.364532},{"data_generator_T_figure_2a":7370.0,"data_generator_V_figure_2a":-49.320595},{"data_generator_T_figure_2a":7380.0,"data_generator_V_figure_2a":-49.272709},{"data_generator_T_figure_2a":7390.0,"data_generator_V_figure_2a":-49.220509},{"data_generator_T_figure_2a":7400.0,"data_generator_V_figure_2a":-49.163536},{"data_generator_T_figure_2a":7410.0,"data_generator_V_figure_2a":-49.1012},{"data_generator_T_figure_2a":7420.0,"data_generator_V_figure_2a":-49.032753},{"data_generator_T_figure_2a":7430.0,"data_generator_V_figure_2a":-48.957226},{"data_generator_T_figure_2a":7440.0,"data_generator_V_figure_2a":-48.873371},{"data_generator_T_figure_2a":7450.0,"data_generator_V_figure_2a":-48.779541},{"data_generator_T_figure_2a":7460.0,"data_generator_V_figure_2a":-48.673519},{"data_generator_T_figure_2a":7470.0,"data_generator_V_figure_2a":-48.55228},{"data_generator_T_figure_2a":7480.0,"data_generator_V_figure_2a":-48.411568},{"data_generator_T_figure_2a":7490.0,"data_generator_V_figure_2a":-48.245186},{"data_generator_T_figure_2a":7500.0,"data_generator_V_figure_2a":-48.043724},{"data_generator_T_figure_2a":7510.0,"data_generator_V_figure_2a":-47.792099},{"data_generator_T_figure_2a":7520.0,"data_generator_V_figure_2a":-47.464321},{"data_generator_T_figure_2a":7530.0,"data_generator_V_figure_2a":-47.010719},{"data_generator_T_figure_2a":7540.0,"data_generator_V_figure_2a":-46.320065},{"data_generator_T_figure_2a":7550.0,"data_generator_V_figure_2a":-45.058598},{"data_generator_T_figure_2a":7560.0,"data_generator_V_figure_2a":-40.668423},{"data_generator_T_figure_2a":7570.0,"data_generator_V_figure_2a":-48.350063},{"data_generator_T_figure_2a":7580.0,"data_generator_V_figure_2a":-48.261116},{"data_generator_T_figure_2a":7590.0,"data_generator_V_figure_2a":-48.150318},{"data_generator_T_figure_2a":7600.0,"data_generator_V_figure_2a":-48.014408},{"data_generator_T_figure_2a":7610.0,"data_generator_V_figure_2a":-47.844574},{"data_generator_T_figure_2a":7620.0,"data_generator_V_figure_2a":-47.62677},{"data_generator_T_figure_2a":7630.0,"data_generator_V_figure_2a":-47.336937},{"data_generator_T_figure_2a":7640.0,"data_generator_V_figure_2a":-46.929665},{"data_generator_T_figure_2a":7650.0,"data_generator_V_figure_2a":-46.305214},{"data_generator_T_figure_2a":7660.0,"data_generator_V_figure_2a":-45.176533},{"data_generator_T_figure_2a":7670.0,"data_generator_V_figure_2a":-41.772381},{"data_generator_T_figure_2a":7680.0,"data_generator_V_figure_2a":-48.358402},{"data_generator_T_figure_2a":7690.0,"data_generator_V_figure_2a":-48.354298},{"data_generator_T_figure_2a":7700.0,"data_generator_V_figure_2a":-48.338688},{"data_generator_T_figure_2a":7710.0,"data_generator_V_figure_2a":-48.317612},{"data_generator_T_figure_2a":7720.0,"data_generator_V_figure_2a":-48.290173},{"data_generator_T_figure_2a":7730.0,"data_generator_V_figure_2a":-48.25523},{"data_generator_T_figure_2a":7740.0,"data_generator_V_figure_2a":-48.211342},{"data_generator_T_figure_2a":7750.0,"data_generator_V_figure_2a":-48.156628},{"data_generator_T_figure_2a":7760.0,"data_generator_V_figure_2a":-48.088585},{"data_generator_T_figure_2a":7770.0,"data_generator_V_figure_2a":-48.003769},{"data_generator_T_figure_2a":7780.0,"data_generator_V_figure_2a":-47.897289},{"data_generator_T_figure_2a":7790.0,"data_generator_V_figure_2a":-47.76194},{"data_generator_T_figure_2a":7800.0,"data_generator_V_figure_2a":-47.586548},{"data_generator_T_figure_2a":7810.0,"data_generator_V_figure_2a":-47.35268},{"data_generator_T_figure_2a":7820.0,"data_generator_V_figure_2a":-47.027245},{"data_generator_T_figure_2a":7830.0,"data_generator_V_figure_2a":-46.54306},{"data_generator_T_figure_2a":7840.0,"data_generator_V_figure_2a":-45.733292},{"data_generator_T_figure_2a":7850.0,"data_generator_V_figure_2a":-43.964291},{"data_generator_T_figure_2a":7860.0,"data_generator_V_figure_2a":-28.086739},{"data_generator_T_figure_2a":7870.0,"data_generator_V_figure_2a":-48.437675},{"data_generator_T_figure_2a":7880.0,"data_generator_V_figure_2a":-48.490704},{"data_generator_T_figure_2a":7890.0,"data_generator_V_figure_2a":-48.546619},{"data_generator_T_figure_2a":7900.0,"data_generator_V_figure_2a":-48.605427},{"data_generator_T_figure_2a":7910.0,"data_generator_V_figure_2a":-48.666851},{"data_generator_T_figure_2a":7920.0,"data_generator_V_figure_2a":-48.730537},{"data_generator_T_figure_2a":7930.0,"data_generator_V_figure_2a":-48.796024},{"data_generator_T_figure_2a":7940.0,"data_generator_V_figure_2a":-48.862778},{"data_generator_T_figure_2a":7950.0,"data_generator_V_figure_2a":-48.930195},{"data_generator_T_figure_2a":7960.0,"data_generator_V_figure_2a":-48.997627},{"data_generator_T_figure_2a":7970.0,"data_generator_V_figure_2a":-49.0644},{"data_generator_T_figure_2a":7980.0,"data_generator_V_figure_2a":-49.129833},{"data_generator_T_figure_2a":7990.0,"data_generator_V_figure_2a":-49.193279},{"data_generator_T_figure_2a":8000.0,"data_generator_V_figure_2a":-49.254131},{"data_generator_T_figure_2a":8010.0,"data_generator_V_figure_2a":-49.31184},{"data_generator_T_figure_2a":8020.0,"data_generator_V_figure_2a":-49.365944},{"data_generator_T_figure_2a":8030.0,"data_generator_V_figure_2a":-49.416058},{"data_generator_T_figure_2a":8040.0,"data_generator_V_figure_2a":-49.461887},{"data_generator_T_figure_2a":8050.0,"data_generator_V_figure_2a":-49.503227},{"data_generator_T_figure_2a":8060.0,"data_generator_V_figure_2a":-49.539951},{"data_generator_T_figure_2a":8070.0,"data_generator_V_figure_2a":-49.572006},{"data_generator_T_figure_2a":8080.0,"data_generator_V_figure_2a":-49.599403},{"data_generator_T_figure_2a":8090.0,"data_generator_V_figure_2a":-49.622204},{"data_generator_T_figure_2a":8100.0,"data_generator_V_figure_2a":-49.640511},{"data_generator_T_figure_2a":8110.0,"data_generator_V_figure_2a":-49.654453},{"data_generator_T_figure_2a":8120.0,"data_generator_V_figure_2a":-49.664192},{"data_generator_T_figure_2a":8130.0,"data_generator_V_figure_2a":-49.669884},{"data_generator_T_figure_2a":8140.0,"data_generator_V_figure_2a":-49.6717},{"data_generator_T_figure_2a":8150.0,"data_generator_V_figure_2a":-49.669804},{"data_generator_T_figure_2a":8160.0,"data_generator_V_figure_2a":-49.664352},{"data_generator_T_figure_2a":8170.0,"data_generator_V_figure_2a":-49.655487},{"data_generator_T_figure_2a":8180.0,"data_generator_V_figure_2a":-49.643341},{"data_generator_T_figure_2a":8190.0,"data_generator_V_figure_2a":-49.628014},{"data_generator_T_figure_2a":8200.0,"data_generator_V_figure_2a":-49.6096},{"data_generator_T_figure_2a":8210.0,"data_generator_V_figure_2a":-49.588154},{"data_generator_T_figure_2a":8220.0,"data_generator_V_figure_2a":-49.563717},{"data_generator_T_figure_2a":8230.0,"data_generator_V_figure_2a":-49.536293},{"data_generator_T_figure_2a":8240.0,"data_generator_V_figure_2a":-49.505859},{"data_generator_T_figure_2a":8250.0,"data_generator_V_figure_2a":-49.472355},{"data_generator_T_figure_2a":8260.0,"data_generator_V_figure_2a":-49.43568},{"data_generator_T_figure_2a":8270.0,"data_generator_V_figure_2a":-49.395695},{"data_generator_T_figure_2a":8280.0,"data_generator_V_figure_2a":-49.352196},{"data_generator_T_figure_2a":8290.0,"data_generator_V_figure_2a":-49.304928},{"data_generator_T_figure_2a":8300.0,"data_generator_V_figure_2a":-49.253559},{"data_generator_T_figure_2a":8310.0,"data_generator_V_figure_2a":-49.197666},{"data_generator_T_figure_2a":8320.0,"data_generator_V_figure_2a":-49.136711},{"data_generator_T_figure_2a":8330.0,"data_generator_V_figure_2a":-49.070007},{"data_generator_T_figure_2a":8340.0,"data_generator_V_figure_2a":-48.996677},{"data_generator_T_figure_2a":8350.0,"data_generator_V_figure_2a":-48.915592},{"data_generator_T_figure_2a":8360.0,"data_generator_V_figure_2a":-48.825264},{"data_generator_T_figure_2a":8370.0,"data_generator_V_figure_2a":-48.723736},{"data_generator_T_figure_2a":8380.0,"data_generator_V_figure_2a":-48.60833},{"data_generator_T_figure_2a":8390.0,"data_generator_V_figure_2a":-48.475338},{"data_generator_T_figure_2a":8400.0,"data_generator_V_figure_2a":-48.319435},{"data_generator_T_figure_2a":8410.0,"data_generator_V_figure_2a":-48.132683},{"data_generator_T_figure_2a":8420.0,"data_generator_V_figure_2a":-47.902653},{"data_generator_T_figure_2a":8430.0,"data_generator_V_figure_2a":-47.608582},{"data_generator_T_figure_2a":8440.0,"data_generator_V_figure_2a":-47.21257},{"data_generator_T_figure_2a":8450.0,"data_generator_V_figure_2a":-46.63567},{"data_generator_T_figure_2a":8460.0,"data_generator_V_figure_2a":-45.672291},{"data_generator_T_figure_2a":8470.0,"data_generator_V_figure_2a":-43.430042},{"data_generator_T_figure_2a":8480.0,"data_generator_V_figure_2a":-47.140038},{"data_generator_T_figure_2a":8490.0,"data_generator_V_figure_2a":-48.278667},{"data_generator_T_figure_2a":8500.0,"data_generator_V_figure_2a":-48.17091},{"data_generator_T_figure_2a":8510.0,"data_generator_V_figure_2a":-48.038986},{"data_generator_T_figure_2a":8520.0,"data_generator_V_figure_2a":-47.874718},{"data_generator_T_figure_2a":8530.0,"data_generator_V_figure_2a":-47.665051},{"data_generator_T_figure_2a":8540.0,"data_generator_V_figure_2a":-47.387901},{"data_generator_T_figure_2a":8550.0,"data_generator_V_figure_2a":-47.002304},{"data_generator_T_figure_2a":8560.0,"data_generator_V_figure_2a":-46.420719},{"data_generator_T_figure_2a":8570.0,"data_generator_V_figure_2a":-45.404484},{"data_generator_T_figure_2a":8580.0,"data_generator_V_figure_2a":-42.758938},{"data_generator_T_figure_2a":8590.0,"data_generator_V_figure_2a":-48.311737},{"data_generator_T_figure_2a":8600.0,"data_generator_V_figure_2a":-48.375336},{"data_generator_T_figure_2a":8610.0,"data_generator_V_figure_2a":-48.362583},{"data_generator_T_figure_2a":8620.0,"data_generator_V_figure_2a":-48.344822},{"data_generator_T_figure_2a":8630.0,"data_generator_V_figure_2a":-48.321289},{"data_generator_T_figure_2a":8640.0,"data_generator_V_figure_2a":-48.291008},{"data_generator_T_figure_2a":8650.0,"data_generator_V_figure_2a":-48.252754},{"data_generator_T_figure_2a":8660.0,"data_generator_V_figure_2a":-48.204964},{"data_generator_T_figure_2a":8670.0,"data_generator_V_figure_2a":-48.145569},{"data_generator_T_figure_2a":8680.0,"data_generator_V_figure_2a":-48.071808},{"data_generator_T_figure_2a":8690.0,"data_generator_V_figure_2a":-47.979828},{"data_generator_T_figure_2a":8700.0,"data_generator_V_figure_2a":-47.864105},{"data_generator_T_figure_2a":8710.0,"data_generator_V_figure_2a":-47.716362},{"data_generator_T_figure_2a":8720.0,"data_generator_V_figure_2a":-47.523525},{"data_generator_T_figure_2a":8730.0,"data_generator_V_figure_2a":-47.263485},{"data_generator_T_figure_2a":8740.0,"data_generator_V_figure_2a":-46.895138},{"data_generator_T_figure_2a":8750.0,"data_generator_V_figure_2a":-46.330395},{"data_generator_T_figure_2a":8760.0,"data_generator_V_figure_2a":-45.327484},{"data_generator_T_figure_2a":8770.0,"data_generator_V_figure_2a":-42.65057},{"data_generator_T_figure_2a":8780.0,"data_generator_V_figure_2a":-48.327465},{"data_generator_T_figure_2a":8790.0,"data_generator_V_figure_2a":-48.426052},{"data_generator_T_figure_2a":8800.0,"data_generator_V_figure_2a":-48.474079},{"data_generator_T_figure_2a":8810.0,"data_generator_V_figure_2a":-48.524746},{"data_generator_T_figure_2a":8820.0,"data_generator_V_figure_2a":-48.577953},{"data_generator_T_figure_2a":8830.0,"data_generator_V_figure_2a":-48.633511},{"data_generator_T_figure_2a":8840.0,"data_generator_V_figure_2a":-48.691139},{"data_generator_T_figure_2a":8850.0,"data_generator_V_figure_2a":-48.750496},{"data_generator_T_figure_2a":8860.0,"data_generator_V_figure_2a":-48.811165},{"data_generator_T_figure_2a":8870.0,"data_generator_V_figure_2a":-48.872665},{"data_generator_T_figure_2a":8880.0,"data_generator_V_figure_2a":-48.934467},{"data_generator_T_figure_2a":8890.0,"data_generator_V_figure_2a":-48.99601},{"data_generator_T_figure_2a":8900.0,"data_generator_V_figure_2a":-49.056721},{"data_generator_T_figure_2a":8910.0,"data_generator_V_figure_2a":-49.11602},{"data_generator_T_figure_2a":8920.0,"data_generator_V_figure_2a":-49.173367},{"data_generator_T_figure_2a":8930.0,"data_generator_V_figure_2a":-49.228241},{"data_generator_T_figure_2a":8940.0,"data_generator_V_figure_2a":-49.280186},{"data_generator_T_figure_2a":8950.0,"data_generator_V_figure_2a":-49.328812},{"data_generator_T_figure_2a":8960.0,"data_generator_V_figure_2a":-49.373779},{"data_generator_T_figure_2a":8970.0,"data_generator_V_figure_2a":-49.414841},{"data_generator_T_figure_2a":8980.0,"data_generator_V_figure_2a":-49.451805},{"data_generator_T_figure_2a":8990.0,"data_generator_V_figure_2a":-49.484554},{"data_generator_T_figure_2a":9000.0,"data_generator_V_figure_2a":-49.513023},{"data_generator_T_figure_2a":9010.0,"data_generator_V_figure_2a":-49.537205},{"data_generator_T_figure_2a":9020.0,"data_generator_V_figure_2a":-49.557133},{"data_generator_T_figure_2a":9030.0,"data_generator_V_figure_2a":-49.572876},{"data_generator_T_figure_2a":9040.0,"data_generator_V_figure_2a":-49.58453},{"data_generator_T_figure_2a":9050.0,"data_generator_V_figure_2a":-49.592201},{"data_generator_T_figure_2a":9060.0,"data_generator_V_figure_2a":-49.596016},{"data_generator_T_figure_2a":9070.0,"data_generator_V_figure_2a":-49.596096},{"data_generator_T_figure_2a":9080.0,"data_generator_V_figure_2a":-49.592564},{"data_generator_T_figure_2a":9090.0,"data_generator_V_figure_2a":-49.585537},{"data_generator_T_figure_2a":9100.0,"data_generator_V_figure_2a":-49.575115},{"data_generator_T_figure_2a":9110.0,"data_generator_V_figure_2a":-49.561386},{"data_generator_T_figure_2a":9120.0,"data_generator_V_figure_2a":-49.544418},{"data_generator_T_figure_2a":9130.0,"data_generator_V_figure_2a":-49.524254},{"data_generator_T_figure_2a":9140.0,"data_generator_V_figure_2a":-49.500919},{"data_generator_T_figure_2a":9150.0,"data_generator_V_figure_2a":-49.474403},{"data_generator_T_figure_2a":9160.0,"data_generator_V_figure_2a":-49.444664},{"data_generator_T_figure_2a":9170.0,"data_generator_V_figure_2a":-49.411625},{"data_generator_T_figure_2a":9180.0,"data_generator_V_figure_2a":-49.375164},{"data_generator_T_figure_2a":9190.0,"data_generator_V_figure_2a":-49.335114},{"data_generator_T_figure_2a":9200.0,"data_generator_V_figure_2a":-49.291248},{"data_generator_T_figure_2a":9210.0,"data_generator_V_figure_2a":-49.243263},{"data_generator_T_figure_2a":9220.0,"data_generator_V_figure_2a":-49.190784},{"data_generator_T_figure_2a":9230.0,"data_generator_V_figure_2a":-49.133312},{"data_generator_T_figure_2a":9240.0,"data_generator_V_figure_2a":-49.070225},{"data_generator_T_figure_2a":9250.0,"data_generator_V_figure_2a":-49.000721},{"data_generator_T_figure_2a":9260.0,"data_generator_V_figure_2a":-48.923767},{"data_generator_T_figure_2a":9270.0,"data_generator_V_figure_2a":-48.838005},{"data_generator_T_figure_2a":9280.0,"data_generator_V_figure_2a":-48.741653},{"data_generator_T_figure_2a":9290.0,"data_generator_V_figure_2a":-48.632301},{"data_generator_T_figure_2a":9300.0,"data_generator_V_figure_2a":-48.506618},{"data_generator_T_figure_2a":9310.0,"data_generator_V_figure_2a":-48.359875},{"data_generator_T_figure_2a":9320.0,"data_generator_V_figure_2a":-48.185116},{"data_generator_T_figure_2a":9330.0,"data_generator_V_figure_2a":-47.971619},{"data_generator_T_figure_2a":9340.0,"data_generator_V_figure_2a":-47.701874},{"data_generator_T_figure_2a":9350.0,"data_generator_V_figure_2a":-47.344894},{"data_generator_T_figure_2a":9360.0,"data_generator_V_figure_2a":-46.839146},{"data_generator_T_figure_2a":9370.0,"data_generator_V_figure_2a":-46.037537},{"data_generator_T_figure_2a":9380.0,"data_generator_V_figure_2a":-44.430397},{"data_generator_T_figure_2a":9390.0,"data_generator_V_figure_2a":5.4859257},{"data_generator_T_figure_2a":9400.0,"data_generator_V_figure_2a":-48.323311},{"data_generator_T_figure_2a":9410.0,"data_generator_V_figure_2a":-48.228252},{"data_generator_T_figure_2a":9420.0,"data_generator_V_figure_2a":-48.112183},{"data_generator_T_figure_2a":9430.0,"data_generator_V_figure_2a":-47.96909},{"data_generator_T_figure_2a":9440.0,"data_generator_V_figure_2a":-47.789101},{"data_generator_T_figure_2a":9450.0,"data_generator_V_figure_2a":-47.556194},{"data_generator_T_figure_2a":9460.0,"data_generator_V_figure_2a":-47.242367},{"data_generator_T_figure_2a":9470.0,"data_generator_V_figure_2a":-46.792969},{"data_generator_T_figure_2a":9480.0,"data_generator_V_figure_2a":-46.081417},{"data_generator_T_figure_2a":9490.0,"data_generator_V_figure_2a":-44.700089},{"data_generator_T_figure_2a":9500.0,"data_generator_V_figure_2a":-36.926464},{"data_generator_T_figure_2a":9510.0,"data_generator_V_figure_2a":-48.391876},{"data_generator_T_figure_2a":9520.0,"data_generator_V_figure_2a":-48.386818},{"data_generator_T_figure_2a":9530.0,"data_generator_V_figure_2a":-48.37685},{"data_generator_T_figure_2a":9540.0,"data_generator_V_figure_2a":-48.362335},{"data_generator_T_figure_2a":9550.0,"data_generator_V_figure_2a":-48.342579},{"data_generator_T_figure_2a":9560.0,"data_generator_V_figure_2a":-48.316742},{"data_generator_T_figure_2a":9570.0,"data_generator_V_figure_2a":-48.283768},{"data_generator_T_figure_2a":9580.0,"data_generator_V_figure_2a":-48.242336},{"data_generator_T_figure_2a":9590.0,"data_generator_V_figure_2a":-48.190735},{"data_generator_T_figure_2a":9600.0,"data_generator_V_figure_2a":-48.126701},{"data_generator_T_figure_2a":9610.0,"data_generator_V_figure_2a":-48.047153},{"data_generator_T_figure_2a":9620.0,"data_generator_V_figure_2a":-47.947781},{"data_generator_T_figure_2a":9630.0,"data_generator_V_figure_2a":-47.822296},{"data_generator_T_figure_2a":9640.0,"data_generator_V_figure_2a":-47.661133},{"data_generator_T_figure_2a":9650.0,"data_generator_V_figure_2a":-47.448875},{"data_generator_T_figure_2a":9660.0,"data_generator_V_figure_2a":-47.158718},{"data_generator_T_figure_2a":9670.0,"data_generator_V_figure_2a":-46.738777},{"data_generator_T_figure_2a":9680.0,"data_generator_V_figure_2a":-46.070404},{"data_generator_T_figure_2a":9690.0,"data_generator_V_figure_2a":-44.782032},{"data_generator_T_figure_2a":9700.0,"data_generator_V_figure_2a":-39.100288},{"data_generator_T_figure_2a":9710.0,"data_generator_V_figure_2a":-48.420727},{"data_generator_T_figure_2a":9720.0,"data_generator_V_figure_2a":-48.470676},{"data_generator_T_figure_2a":9730.0,"data_generator_V_figure_2a":-48.522045},{"data_generator_T_figure_2a":9740.0,"data_generator_V_figure_2a":-48.57605},{"data_generator_T_figure_2a":9750.0,"data_generator_V_figure_2a":-48.632496},{"data_generator_T_figure_2a":9760.0,"data_generator_V_figure_2a":-48.691105},{"data_generator_T_figure_2a":9770.0,"data_generator_V_figure_2a":-48.751514},{"data_generator_T_figure_2a":9780.0,"data_generator_V_figure_2a":-48.813301},{"data_generator_T_figure_2a":9790.0,"data_generator_V_figure_2a":-48.875961},{"data_generator_T_figure_2a":9800.0,"data_generator_V_figure_2a":-48.938953},{"data_generator_T_figure_2a":9810.0,"data_generator_V_figure_2a":-49.001694},{"data_generator_T_figure_2a":9820.0,"data_generator_V_figure_2a":-49.063587},{"data_generator_T_figure_2a":9830.0,"data_generator_V_figure_2a":-49.124039},{"data_generator_T_figure_2a":9840.0,"data_generator_V_figure_2a":-49.18248},{"data_generator_T_figure_2a":9850.0,"data_generator_V_figure_2a":-49.238388},{"data_generator_T_figure_2a":9860.0,"data_generator_V_figure_2a":-49.29129},{"data_generator_T_figure_2a":9870.0,"data_generator_V_figure_2a":-49.340778},{"data_generator_T_figure_2a":9880.0,"data_generator_V_figure_2a":-49.386524},{"data_generator_T_figure_2a":9890.0,"data_generator_V_figure_2a":-49.428268},{"data_generator_T_figure_2a":9900.0,"data_generator_V_figure_2a":-49.46582},{"data_generator_T_figure_2a":9910.0,"data_generator_V_figure_2a":-49.499069},{"data_generator_T_figure_2a":9920.0,"data_generator_V_figure_2a":-49.527958},{"data_generator_T_figure_2a":9930.0,"data_generator_V_figure_2a":-49.552486},{"data_generator_T_figure_2a":9940.0,"data_generator_V_figure_2a":-49.572697},{"data_generator_T_figure_2a":9950.0,"data_generator_V_figure_2a":-49.588665},{"data_generator_T_figure_2a":9960.0,"data_generator_V_figure_2a":-49.600494},{"data_generator_T_figure_2a":9970.0,"data_generator_V_figure_2a":-49.608311},{"data_generator_T_figure_2a":9980.0,"data_generator_V_figure_2a":-49.61224},{"data_generator_T_figure_2a":9990.0,"data_generator_V_figure_2a":-49.612419},{"data_generator_T_figure_2a":10000.0,"data_generator_V_figure_2a":-49.608978}]