[{"data_generator_T_figure_2b":0.0,"data_generator_V_figure_2b":-55.229774},{"data_generator_T_figure_2b":10.0,"data_generator_V_figure_2b":-55.302021},{"data_generator_T_figure_2b":20.0,"data_generator_V_figure_2b":-55.366745},{"data_generator_T_figure_2b":30.0,"data_generator_V_figure_2b":-55.424858},{"data_generator_T_figure_2b":40.0,"data_generator_V_figure_2b":-55.477131},{"data_generator_T_figure_2b":50.0,"data_generator_V_figure_2b":-55.524231},{"data_generator_T_figure_2b":60.0,"data_generator_V_figure_2b":-55.566727},{"data_generator_T_figure_2b":70.0,"data_generator_V_figure_2b":-55.60511},{"data_generator_T_figure_2b":80.0,"data_generator_V_figure_2b":-55.639812},{"data_generator_T_figure_2b":90.0,"data_generator_V_figure_2b":-55.671207},{"data_generator_T_figure_2b":100.0,"data_generator_V_figure_2b":-55.699619},{"data_generator_T_figure_2b":110.0,"data_generator_V_figure_2b":-55.725334},{"data_generator_T_figure_2b":120.0,"data_generator_V_figure_2b":-55.748604},{"data_generator_T_figure_2b":130.0,"data_generator_V_figure_2b":-55.769653},{"data_generator_T_figure_2b":140.0,"data_generator_V_figure_2b":-55.788677},{"data_generator_T_figure_2b":150.0,"data_generator_V_figure_2b":-55.805851},{"data_generator_T_figure_2b":160.0,"data_generator_V_figure_2b":-55.821331},{"data_generator_T_figure_2b":170.0,"data_generator_V_figure_2b":-55.835258},{"data_generator_T_figure_2b":180.0,"data_generator_V_figure_2b":-55.847759},{"data_generator_T_figure_2b":190.0,"data_generator_V_figure_2b":-55.85894},{"data_generator_T_figure_2b":200.0,"data_generator_V_figure_2b":-55.868908},{"data_generator_T_figure_2b":210.0,"data_generator_V_figure_2b":-55.87775},{"data_generator_T_figure_2b":220.0,"data_generator_V_figure_2b":-55.885551},{"data_generator_T_figure_2b":230.0,"data_generator_V_figure_2b":-55.892384},{"data_generator_T_figure_2b":240.0,"data_generator_V_figure_2b":-55.898315},{"data_generator_T_figure_2b":250.0,"data_generator_V_figure_2b":-55.903408},{"data_generator_T_figure_2b":260.0,"data_generator_V_figure_2b":-55.907719},{"data_generator_T_figure_2b":270.0,"data_generator_V_figure_2b":-55.911293},{"data_generator_T_figure_2b":280.0,"data_generator_V_figure_2b":-55.914185},{"data_generator_T_figure_2b":290.0,"data_generator_V_figure_2b":-55.916431},{"data_generator_T_figure_2b":300.0,"data_generator_V_figure_2b":-55.918072},{"data_generator_T_figure_2b":310.0,"data_generator_V_figure_2b":-55.919144},{"data_generator_T_figure_2b":320.0,"data_generator_V_figure_2b":-55.919678},{"data_generator_T_figure_2b":330.0,"data_generator_V_figure_2b":-55.919701},{"data_generator_T_figure_2b":340.0,"data_generator_V_figure_2b":-55.919243},{"data_generator_T_figure_2b":350.0,"data_generator_V_figure_2b":-55.918327},{"data_generator_T_figure_2b":360.0,"data_generator_V_figure_2b":-55.916981},{"data_generator_T_figure_2b":370.0,"data_generator_V_figure_2b":-55.915215},{"data_generator_T_figure_2b":380.0,"data_generator_V_figure_2b":-55.913059},{"data_generator_T_figure_2b":390.0,"data_generator_V_figure_2b":-55.910526},{"data_generator_T_figure_2b":400.0,"data_generator_V_figure_2b":-55.907627},{"data_generator_T_figure_2b":410.0,"data_generator_V_figure_2b":-55.904385},{"data_generator_T_figure_2b":420.0,"data_generator_V_figure_2b":-55.900806},{"data_generator_T_figure_2b":430.0,"data_generator_V_figure_2b":-55.896908},{"data_generator_T_figure_2b":440.0,"data_generator_V_figure_2b":-55.892696},{"data_generator_T_figure_2b":450.0,"data_generator_V_figure_2b":-55.888187},{"data_generator_T_figure_2b":460.0,"data_generator_V_figure_2b":-55.883381},{"data_generator_T_figure_2b":470.0,"data_generator_V_figure_2b":-55.878292},{"data_generator_T_figure_2b":480.0,"data_generator_V_figure_2b":-55.872921},{"data_generator_T_figure_2b":490.0,"data_generator_V_figure_2b":-55.867279},{"data_generator_T_figure_2b":500.0,"data_generator_V_figure_2b":-55.861374},{"data_generator_T_figure_2b":510.0,"data_generator_V_figure_2b":-55.855202},{"data_generator_T_figure_2b":520.0,"data_generator_V_figure_2b":-55.848774},{"data_generator_T_figure_2b":530.0,"data_generator_V_figure_2b":-55.842087},{"data_generator_T_figure_2b":540.0,"data_generator_V_figure_2b":-55.835148},{"data_generator_T_figure_2b":550.0,"data_generator_V_figure_2b":-55.827953},{"data_generator_T_figure_2b":560.0,"data_generator_V_figure_2b":-55.820511},{"data_generator_T_figure_2b":570.0,"data_generator_V_figure_2b":-55.812817},{"data_generator_T_figure_2b":580.0,"data_generator_V_figure_2b":-55.804867},{"data_generator_T_figure_2b":590.0,"data_generator_V_figure_2b":-55.796665},{"data_generator_T_figure_2b":600.0,"data_generator_V_figure_2b":-55.788212},{"data_generator_T_figure_2b":610.0,"data_generator_V_figure_2b":-55.779495},{"data_generator_T_figure_2b":620.0,"data_generator_V_figure_2b":-55.770519},{"data_generator_T_figure_2b":630.0,"data_generator_V_figure_2b":-55.761276},{"data_generator_T_figure_2b":640.0,"data_generator_V_figure_2b":-55.751762},{"data_generator_T_figure_2b":650.0,"data_generator_V_figure_2b":-55.741974},{"data_generator_T_figure_2b":660.0,"data_generator_V_figure_2b":-55.731899},{"data_generator_T_figure_2b":670.0,"data_generator_V_figure_2b":-55.721535},{"data_generator_T_figure_2b":680.0,"data_generator_V_figure_2b":-55.710869},{"data_generator_T_figure_2b":690.0,"data_generator_V_figure_2b":-55.699894},{"data_generator_T_figure_2b":700.0,"data_generator_V_figure_2b":-55.688599},{"data_generator_T_figure_2b":710.0,"data_generator_V_figure_2b":-55.676971},{"data_generator_T_figure_2b":720.0,"data_generator_V_figure_2b":-55.664997},{"data_generator_T_figure_2b":730.0,"data_generator_V_figure_2b":-55.652664},{"data_generator_T_figure_2b":740.0,"data_generator_V_figure_2b":-55.639954},{"data_generator_T_figure_2b":750.0,"data_generator_V_figure_2b":-55.626846},{"data_generator_T_figure_2b":760.0,"data_generator_V_figure_2b":-55.613327},{"data_generator_T_figure_2b":770.0,"data_generator_V_figure_2b":-55.599365},{"data_generator_T_figure_2b":780.0,"data_generator_V_figure_2b":-55.584946},{"data_generator_T_figure_2b":790.0,"data_generator_V_figure_2b":-55.570038},{"data_generator_T_figure_2b":800.0,"data_generator_V_figure_2b":-55.554607},{"data_generator_T_figure_2b":810.0,"data_generator_V_figure_2b":-55.538628},{"data_generator_T_figure_2b":820.0,"data_generator_V_figure_2b":-55.52206},{"data_generator_T_figure_2b":830.0,"data_generator_V_figure_2b":-55.50486},{"data_generator_T_figure_2b":840.0,"data_generator_V_figure_2b":-55.486984},{"data_generator_T_figure_2b":850.0,"data_generator_V_figure_2b":-55.468384},{"data_generator_T_figure_2b":860.0,"data_generator_V_figure_2b":-55.448997},{"data_generator_T_figure_2b":870.0,"data_generator_V_figure_2b":-55.428761},{"data_generator_T_figure_2b":880.0,"data_generator_V_figure_2b":-55.407604},{"data_generator_T_figure_2b":890.0,"data_generator_V_figure_2b":-55.385441},{"data_generator_T_figure_2b":900.0,"data_generator_V_figure_2b":-55.362179},{"data_generator_T_figure_2b":910.0,"data_generator_V_figure_2b":-55.337708},{"data_generator_T_figure_2b":920.0,"data_generator_V_figure_2b":-55.311909},{"data_generator_T_figure_2b":930.0,"data_generator_V_figure_2b":-55.284637},{"data_generator_T_figure_2b":940.0,"data_generator_V_figure_2b":-55.255726},{"data_generator_T_figure_2b":950.0,"data_generator_V_figure_2b":-55.224987},{"data_generator_T_figure_2b":960.0,"data_generator_V_figure_2b":-55.192192},{"data_generator_T_figure_2b":970.0,"data_generator_V_figure_2b":-55.15707},{"data_generator_T_figure_2b":980.0,"data_generator_V_figure_2b":-55.119305},{"data_generator_T_figure_2b":990.0,"data_generator_V_figure_2b":-55.078514},{"data_generator_T_figure_2b":1000.0,"data_generator_V_figure_2b":-55.034229},{"data_generator_T_figure_2b":1010.0,"data_generator_V_figure_2b":-54.985874},{"data_generator_T_figure_2b":1020.0,"data_generator_V_figure_2b":-54.932739},{"data_generator_T_figure_2b":1030.0,"data_generator_V_figure_2b":-54.873924},{"data_generator_T_figure_2b":1040.0,"data_generator_V_figure_2b":-54.808285},{"data_generator_T_figure_2b":1050.0,"data_generator_V_figure_2b":-54.734314},{"data_generator_T_figure_2b":1060.0,"data_generator_V_figure_2b":-54.650021},{"data_generator_T_figure_2b":1070.0,"data_generator_V_figure_2b":-54.552692},{"data_generator_T_figure_2b":1080.0,"data_generator_V_figure_2b":-54.438507},{"data_generator_T_figure_2b":1090.0,"data_generator_V_figure_2b":-54.301929},{"data_generator_T_figure_2b":1100.0,"data_generator_V_figure_2b":-54.134571},{"data_generator_T_figure_2b":1110.0,"data_generator_V_figure_2b":-53.923023},{"data_generator_T_figure_2b":1120.0,"data_generator_V_figure_2b":-53.644333},{"data_generator_T_figure_2b":1130.0,"data_generator_V_figure_2b":-53.255394},{"data_generator_T_figure_2b":1140.0,"data_generator_V_figure_2b":-52.664028},{"data_generator_T_figure_2b":1150.0,"data_generator_V_figure_2b":-51.632626},{"data_generator_T_figure_2b":1160.0,"data_generator_V_figure_2b":-49.395191},{"data_generator_T_figure_2b":1170.0,"data_generator_V_figure_2b":-44.081081},{"data_generator_T_figure_2b":1180.0,"data_generator_V_figure_2b":-46.845646},{"data_generator_T_figure_2b":1190.0,"data_generator_V_figure_2b":-18.297312},{"data_generator_T_figure_2b":1200.0,"data_generator_V_figure_2b":-38.113075},{"data_generator_T_figure_2b":1210.0,"data_generator_V_figure_2b":-42.702435},{"data_generator_T_figure_2b":1220.0,"data_generator_V_figure_2b":-45.450287},{"data_generator_T_figure_2b":1230.0,"data_generator_V_figure_2b":-44.951542},{"data_generator_T_figure_2b":1240.0,"data_generator_V_figure_2b":4.7800298},{"data_generator_T_figure_2b":1250.0,"data_generator_V_figure_2b":-41.202374},{"data_generator_T_figure_2b":1260.0,"data_generator_V_figure_2b":-44.521004},{"data_generator_T_figure_2b":1270.0,"data_generator_V_figure_2b":-46.812557},{"data_generator_T_figure_2b":1280.0,"data_generator_V_figure_2b":2.4672778},{"data_generator_T_figure_2b":1290.0,"data_generator_V_figure_2b":-41.266689},{"data_generator_T_figure_2b":1300.0,"data_generator_V_figure_2b":-44.831913},{"data_generator_T_figure_2b":1310.0,"data_generator_V_figure_2b":-45.826275},{"data_generator_T_figure_2b":1320.0,"data_generator_V_figure_2b":-33.962994},{"data_generator_T_figure_2b":1330.0,"data_generator_V_figure_2b":-43.120064},{"data_generator_T_figure_2b":1340.0,"data_generator_V_figure_2b":-46.608501},{"data_generator_T_figure_2b":1350.0,"data_generator_V_figure_2b":2.4309855},{"data_generator_T_figure_2b":1360.0,"data_generator_V_figure_2b":-42.483749},{"data_generator_T_figure_2b":1370.0,"data_generator_V_figure_2b":-46.341072},{"data_generator_T_figure_2b":1380.0,"data_generator_V_figure_2b":5.692111},{"data_generator_T_figure_2b":1390.0,"data_generator_V_figure_2b":-43.178829},{"data_generator_T_figure_2b":1400.0,"data_generator_V_figure_2b":-47.125282},{"data_generator_T_figure_2b":1410.0,"data_generator_V_figure_2b":-39.150391},{"data_generator_T_figure_2b":1420.0,"data_generator_V_figure_2b":-45.071442},{"data_generator_T_figure_2b":1430.0,"data_generator_V_figure_2b":-13.270191},{"data_generator_T_figure_2b":1440.0,"data_generator_V_figure_2b":-43.669113},{"data_generator_T_figure_2b":1450.0,"data_generator_V_figure_2b":-45.682262},{"data_generator_T_figure_2b":1460.0,"data_generator_V_figure_2b":-43.033245},{"data_generator_T_figure_2b":1470.0,"data_generator_V_figure_2b":-47.422901},{"data_generator_T_figure_2b":1480.0,"data_generator_V_figure_2b":-43.273094},{"data_generator_T_figure_2b":1490.0,"data_generator_V_figure_2b":-45.264732},{"data_generator_T_figure_2b":1500.0,"data_generator_V_figure_2b":-44.327034},{"data_generator_T_figure_2b":1510.0,"data_generator_V_figure_2b":-30.04122},{"data_generator_T_figure_2b":1520.0,"data_generator_V_figure_2b":-46.090252},{"data_generator_T_figure_2b":1530.0,"data_generator_V_figure_2b":-43.339287},{"data_generator_T_figure_2b":1540.0,"data_generator_V_figure_2b":-4.5614328},{"data_generator_T_figure_2b":1550.0,"data_generator_V_figure_2b":-46.436039},{"data_generator_T_figure_2b":1560.0,"data_generator_V_figure_2b":-44.904068},{"data_generator_T_figure_2b":1570.0,"data_generator_V_figure_2b":-43.934509},{"data_generator_T_figure_2b":1580.0,"data_generator_V_figure_2b":-43.116608},{"data_generator_T_figure_2b":1590.0,"data_generator_V_figure_2b":-41.796364},{"data_generator_T_figure_2b":1600.0,"data_generator_V_figure_2b":-46.579758},{"data_generator_T_figure_2b":1610.0,"data_generator_V_figure_2b":-48.208275},{"data_generator_T_figure_2b":1620.0,"data_generator_V_figure_2b":-48.429394},{"data_generator_T_figure_2b":1630.0,"data_generator_V_figure_2b":-48.951225},{"data_generator_T_figure_2b":1640.0,"data_generator_V_figure_2b":-49.599831},{"data_generator_T_figure_2b":1650.0,"data_generator_V_figure_2b":-50.275723},{"data_generator_T_figure_2b":1660.0,"data_generator_V_figure_2b":-50.925808},{"data_generator_T_figure_2b":1670.0,"data_generator_V_figure_2b":-51.524403},{"data_generator_T_figure_2b":1680.0,"data_generator_V_figure_2b":-52.061363},{"data_generator_T_figure_2b":1690.0,"data_generator_V_figure_2b":-52.535183},{"data_generator_T_figure_2b":1700.0,"data_generator_V_figure_2b":-52.949059},{"data_generator_T_figure_2b":1710.0,"data_generator_V_figure_2b":-53.308506},{"data_generator_T_figure_2b":1720.0,"data_generator_V_figure_2b":-53.619907},{"data_generator_T_figure_2b":1730.0,"data_generator_V_figure_2b":-53.889645},{"data_generator_T_figure_2b":1740.0,"data_generator_V_figure_2b":-54.123638},{"data_generator_T_figure_2b":1750.0,"data_generator_V_figure_2b":-54.327141},{"data_generator_T_figure_2b":1760.0,"data_generator_V_figure_2b":-54.504688},{"data_generator_T_figure_2b":1770.0,"data_generator_V_figure_2b":-54.660133},{"data_generator_T_figure_2b":1780.0,"data_generator_V_figure_2b":-54.796722},{"data_generator_T_figure_2b":1790.0,"data_generator_V_figure_2b":-54.917171},{"data_generator_T_figure_2b":1800.0,"data_generator_V_figure_2b":-55.023754},{"data_generator_T_figure_2b":1810.0,"data_generator_V_figure_2b":-55.118374},{"data_generator_T_figure_2b":1820.0,"data_generator_V_figure_2b":-55.202621},{"data_generator_T_figure_2b":1830.0,"data_generator_V_figure_2b":-55.277851},{"data_generator_T_figure_2b":1840.0,"data_generator_V_figure_2b":-55.345188},{"data_generator_T_figure_2b":1850.0,"data_generator_V_figure_2b":-55.405598},{"data_generator_T_figure_2b":1860.0,"data_generator_V_figure_2b":-55.459904},{"data_generator_T_figure_2b":1870.0,"data_generator_V_figure_2b":-55.508808},{"data_generator_T_figure_2b":1880.0,"data_generator_V_figure_2b":-55.552906},{"data_generator_T_figure_2b":1890.0,"data_generator_V_figure_2b":-55.592728},{"data_generator_T_figure_2b":1900.0,"data_generator_V_figure_2b":-55.628716},{"data_generator_T_figure_2b":1910.0,"data_generator_V_figure_2b":-55.661266},{"data_generator_T_figure_2b":1920.0,"data_generator_V_figure_2b":-55.69072},{"data_generator_T_figure_2b":1930.0,"data_generator_V_figure_2b":-55.717381},{"data_generator_T_figure_2b":1940.0,"data_generator_V_figure_2b":-55.741508},{"data_generator_T_figure_2b":1950.0,"data_generator_V_figure_2b":-55.763336},{"data_generator_T_figure_2b":1960.0,"data_generator_V_figure_2b":-55.78307},{"data_generator_T_figure_2b":1970.0,"data_generator_V_figure_2b":-55.800892},{"data_generator_T_figure_2b":1980.0,"data_generator_V_figure_2b":-55.816967},{"data_generator_T_figure_2b":1990.0,"data_generator_V_figure_2b":-55.83144},{"data_generator_T_figure_2b":2000.0,"data_generator_V_figure_2b":-55.844444},{"data_generator_T_figure_2b":2010.0,"data_generator_V_figure_2b":-55.856087},{"data_generator_T_figure_2b":2020.0,"data_generator_V_figure_2b":-55.866482},{"data_generator_T_figure_2b":2030.0,"data_generator_V_figure_2b":-55.875721},{"data_generator_T_figure_2b":2040.0,"data_generator_V_figure_2b":-55.883888},{"data_generator_T_figure_2b":2050.0,"data_generator_V_figure_2b":-55.891064},{"data_generator_T_figure_2b":2060.0,"data_generator_V_figure_2b":-55.897312},{"data_generator_T_figure_2b":2070.0,"data_generator_V_figure_2b":-55.902702},{"data_generator_T_figure_2b":2080.0,"data_generator_V_figure_2b":-55.907288},{"data_generator_T_figure_2b":2090.0,"data_generator_V_figure_2b":-55.911121},{"data_generator_T_figure_2b":2100.0,"data_generator_V_figure_2b":-55.914257},{"data_generator_T_figure_2b":2110.0,"data_generator_V_figure_2b":-55.916729},{"data_generator_T_figure_2b":2120.0,"data_generator_V_figure_2b":-55.918587},{"data_generator_T_figure_2b":2130.0,"data_generator_V_figure_2b":-55.919857},{"data_generator_T_figure_2b":2140.0,"data_generator_V_figure_2b":-55.920582},{"data_generator_T_figure_2b":2150.0,"data_generator_V_figure_2b":-55.920788},{"data_generator_T_figure_2b":2160.0,"data_generator_V_figure_2b":-55.920498},{"data_generator_T_figure_2b":2170.0,"data_generator_V_figure_2b":-55.919746},{"data_generator_T_figure_2b":2180.0,"data_generator_V_figure_2b":-55.918552},{"data_generator_T_figure_2b":2190.0,"data_generator_V_figure_2b":-55.916939},{"data_generator_T_figure_2b":2200.0,"data_generator_V_figure_2b":-55.914921},{"data_generator_T_figure_2b":2210.0,"data_generator_V_figure_2b":-55.912521},{"data_generator_T_figure_2b":2220.0,"data_generator_V_figure_2b":-55.909752},{"data_generator_T_figure_2b":2230.0,"data_generator_V_figure_2b":-55.906635},{"data_generator_T_figure_2b":2240.0,"data_generator_V_figure_2b":-55.903175},{"data_generator_T_figure_2b":2250.0,"data_generator_V_figure_2b":-55.899391},{"data_generator_T_figure_2b":2260.0,"data_generator_V_figure_2b":-55.895294},{"data_generator_T_figure_2b":2270.0,"data_generator_V_figure_2b":-55.890888},{"data_generator_T_figure_2b":2280.0,"data_generator_V_figure_2b":-55.886189},{"data_generator_T_figure_2b":2290.0,"data_generator_V_figure_2b":-55.881203},{"data_generator_T_figure_2b":2300.0,"data_generator_V_figure_2b":-55.875931},{"data_generator_T_figure_2b":2310.0,"data_generator_V_figure_2b":-55.870388},{"data_generator_T_figure_2b":2320.0,"data_generator_V_figure_2b":-55.864578},{"data_generator_T_figure_2b":2330.0,"data_generator_V_figure_2b":-55.858501},{"data_generator_T_figure_2b":2340.0,"data_generator_V_figure_2b":-55.852165},{"data_generator_T_figure_2b":2350.0,"data_generator_V_figure_2b":-55.845573},{"data_generator_T_figure_2b":2360.0,"data_generator_V_figure_2b":-55.838726},{"data_generator_T_figure_2b":2370.0,"data_generator_V_figure_2b":-55.831627},{"data_generator_T_figure_2b":2380.0,"data_generator_V_figure_2b":-55.824272},{"data_generator_T_figure_2b":2390.0,"data_generator_V_figure_2b":-55.816669},{"data_generator_T_figure_2b":2400.0,"data_generator_V_figure_2b":-55.808815},{"data_generator_T_figure_2b":2410.0,"data_generator_V_figure_2b":-55.800705},{"data_generator_T_figure_2b":2420.0,"data_generator_V_figure_2b":-55.792343},{"data_generator_T_figure_2b":2430.0,"data_generator_V_figure_2b":-55.783726},{"data_generator_T_figure_2b":2440.0,"data_generator_V_figure_2b":-55.774845},{"data_generator_T_figure_2b":2450.0,"data_generator_V_figure_2b":-55.765701},{"data_generator_T_figure_2b":2460.0,"data_generator_V_figure_2b":-55.756287},{"data_generator_T_figure_2b":2470.0,"data_generator_V_figure_2b":-55.746597},{"data_generator_T_figure_2b":2480.0,"data_generator_V_figure_2b":-55.736629},{"data_generator_T_figure_2b":2490.0,"data_generator_V_figure_2b":-55.726372},{"data_generator_T_figure_2b":2500.0,"data_generator_V_figure_2b":-55.71582},{"data_generator_T_figure_2b":2510.0,"data_generator_V_figure_2b":-55.70496},{"data_generator_T_figure_2b":2520.0,"data_generator_V_figure_2b":-55.693783},{"data_generator_T_figure_2b":2530.0,"data_generator_V_figure_2b":-55.682281},{"data_generator_T_figure_2b":2540.0,"data_generator_V_figure_2b":-55.670437},{"data_generator_T_figure_2b":2550.0,"data_generator_V_figure_2b":-55.658237},{"data_generator_T_figure_2b":2560.0,"data_generator_V_figure_2b":-55.645664},{"data_generator_T_figure_2b":2570.0,"data_generator_V_figure_2b":-55.632706},{"data_generator_T_figure_2b":2580.0,"data_generator_V_figure_2b":-55.619343},{"data_generator_T_figure_2b":2590.0,"data_generator_V_figure_2b":-55.605545},{"data_generator_T_figure_2b":2600.0,"data_generator_V_figure_2b":-55.591301},{"data_generator_T_figure_2b":2610.0,"data_generator_V_figure_2b":-55.576572},{"data_generator_T_figure_2b":2620.0,"data_generator_V_figure_2b":-55.56134},{"data_generator_T_figure_2b":2630.0,"data_generator_V_figure_2b":-55.545567},{"data_generator_T_figure_2b":2640.0,"data_generator_V_figure_2b":-55.529221},{"data_generator_T_figure_2b":2650.0,"data_generator_V_figure_2b":-55.51226},{"data_generator_T_figure_2b":2660.0,"data_generator_V_figure_2b":-55.49464},{"data_generator_T_figure_2b":2670.0,"data_generator_V_figure_2b":-55.476315},{"data_generator_T_figure_2b":2680.0,"data_generator_V_figure_2b":-55.457226},{"data_generator_T_figure_2b":2690.0,"data_generator_V_figure_2b":-55.437309},{"data_generator_T_figure_2b":2700.0,"data_generator_V_figure_2b":-55.416504},{"data_generator_T_figure_2b":2710.0,"data_generator_V_figure_2b":-55.394722},{"data_generator_T_figure_2b":2720.0,"data_generator_V_figure_2b":-55.371876},{"data_generator_T_figure_2b":2730.0,"data_generator_V_figure_2b":-55.347866},{"data_generator_T_figure_2b":2740.0,"data_generator_V_figure_2b":-55.322575},{"data_generator_T_figure_2b":2750.0,"data_generator_V_figure_2b":-55.295864},{"data_generator_T_figure_2b":2760.0,"data_generator_V_figure_2b":-55.267582},{"data_generator_T_figure_2b":2770.0,"data_generator_V_figure_2b":-55.237541},{"data_generator_T_figure_2b":2780.0,"data_generator_V_figure_2b":-55.205532},{"data_generator_T_figure_2b":2790.0,"data_generator_V_figure_2b":-55.171303},{"data_generator_T_figure_2b":2800.0,"data_generator_V_figure_2b":-55.134556},{"data_generator_T_figure_2b":2810.0,"data_generator_V_figure_2b":-55.094933},{"data_generator_T_figure_2b":2820.0,"data_generator_V_figure_2b":-55.051994},{"data_generator_T_figure_2b":2830.0,"data_generator_V_figure_2b":-55.005215},{"data_generator_T_figure_2b":2840.0,"data_generator_V_figure_2b":-54.953938},{"data_generator_T_figure_2b":2850.0,"data_generator_V_figure_2b":-54.897339},{"data_generator_T_figure_2b":2860.0,"data_generator_V_figure_2b":-54.834366},{"data_generator_T_figure_2b":2870.0,"data_generator_V_figure_2b":-54.763668},{"data_generator_T_figure_2b":2880.0,"data_generator_V_figure_2b":-54.683453},{"data_generator_T_figure_2b":2890.0,"data_generator_V_figure_2b":-54.591301},{"data_generator_T_figure_2b":2900.0,"data_generator_V_figure_2b":-54.48386},{"data_generator_T_figure_2b":2910.0,"data_generator_V_figure_2b":-54.356319},{"data_generator_T_figure_2b":2920.0,"data_generator_V_figure_2b":-54.201523},{"data_generator_T_figure_2b":2930.0,"data_generator_V_figure_2b":-54.008263},{"data_generator_T_figure_2b":2940.0,"data_generator_V_figure_2b":-53.757881},{"data_generator_T_figure_2b":2950.0,"data_generator_V_figure_2b":-53.416615},{"data_generator_T_figure_2b":2960.0,"data_generator_V_figure_2b":-52.916012},{"data_generator_T_figure_2b":2970.0,"data_generator_V_figure_2b":-52.092659},{"data_generator_T_figure_2b":2980.0,"data_generator_V_figure_2b":-50.457737},{"data_generator_T_figure_2b":2990.0,"data_generator_V_figure_2b":-46.515003},{"data_generator_T_figure_2b":3000.0,"data_generator_V_figure_2b":4.7260695},{"data_generator_T_figure_2b":3010.0,"data_generator_V_figure_2b":-40.540161},{"data_generator_T_figure_2b":3020.0,"data_generator_V_figure_2b":-43.77079},{"data_generator_T_figure_2b":3030.0,"data_generator_V_figure_2b":-46.331413},{"data_generator_T_figure_2b":3040.0,"data_generator_V_figure_2b":-35.192108},{"data_generator_T_figure_2b":3050.0,"data_generator_V_figure_2b":-33.030754},{"data_generator_T_figure_2b":3060.0,"data_generator_V_figure_2b":-42.073933},{"data_generator_T_figure_2b":3070.0,"data_generator_V_figure_2b":-45.062168},{"data_generator_T_figure_2b":3080.0,"data_generator_V_figure_2b":-46.036522},{"data_generator_T_figure_2b":3090.0,"data_generator_V_figure_2b":4.8749204},{"data_generator_T_figure_2b":3100.0,"data_generator_V_figure_2b":-41.538937},{"data_generator_T_figure_2b":3110.0,"data_generator_V_figure_2b":-44.910603},{"data_generator_T_figure_2b":3120.0,"data_generator_V_figure_2b":-45.821018},{"data_generator_T_figure_2b":3130.0,"data_generator_V_figure_2b":-27.725655},{"data_generator_T_figure_2b":3140.0,"data_generator_V_figure_2b":-42.728458},{"data_generator_T_figure_2b":3150.0,"data_generator_V_figure_2b":-46.150192},{"data_generator_T_figure_2b":3160.0,"data_generator_V_figure_2b":-19.413179},{"data_generator_T_figure_2b":3170.0,"data_generator_V_figure_2b":-41.360439},{"data_generator_T_figure_2b":3180.0,"data_generator_V_figure_2b":-45.377094},{"data_generator_T_figure_2b":3190.0,"data_generator_V_figure_2b":-31.350996},{"data_generator_T_figure_2b":3200.0,"data_generator_V_figure_2b":-41.480705},{"data_generator_T_figure_2b":3210.0,"data_generator_V_figure_2b":-45.732765},{"data_generator_T_figure_2b":3220.0,"data_generator_V_figure_2b":-6.8465667},{"data_generator_T_figure_2b":3230.0,"data_generator_V_figure_2b":-43.11348},{"data_generator_T_figure_2b":3240.0,"data_generator_V_figure_2b":-47.222839},{"data_generator_T_figure_2b":3250.0,"data_generator_V_figure_2b":-40.433998},{"data_generator_T_figure_2b":3260.0,"data_generator_V_figure_2b":-45.739201},{"data_generator_T_figure_2b":3270.0,"data_generator_V_figure_2b":-32.445034},{"data_generator_T_figure_2b":3280.0,"data_generator_V_figure_2b":-44.921871},{"data_generator_T_figure_2b":3290.0,"data_generator_V_figure_2b":5.5999284},{"data_generator_T_figure_2b":3300.0,"data_generator_V_figure_2b":-44.909153},{"data_generator_T_figure_2b":3310.0,"data_generator_V_figure_2b":-33.755581},{"data_generator_T_figure_2b":3320.0,"data_generator_V_figure_2b":-45.676548},{"data_generator_T_figure_2b":3330.0,"data_generator_V_figure_2b":-41.584229},{"data_generator_T_figure_2b":3340.0,"data_generator_V_figure_2b":-47.369164},{"data_generator_T_figure_2b":3350.0,"data_generator_V_figure_2b":-44.347984},{"data_generator_T_figure_2b":3360.0,"data_generator_V_figure_2b":-40.456326},{"data_generator_T_figure_2b":3370.0,"data_generator_V_figure_2b":-47.30677},{"data_generator_T_figure_2b":3380.0,"data_generator_V_figure_2b":-45.382141},{"data_generator_T_figure_2b":3390.0,"data_generator_V_figure_2b":-44.267494},{"data_generator_T_figure_2b":3400.0,"data_generator_V_figure_2b":-43.441685},{"data_generator_T_figure_2b":3410.0,"data_generator_V_figure_2b":-42.507118},{"data_generator_T_figure_2b":3420.0,"data_generator_V_figure_2b":-36.174004},{"data_generator_T_figure_2b":3430.0,"data_generator_V_figure_2b":-48.286484},{"data_generator_T_figure_2b":3440.0,"data_generator_V_figure_2b":-48.315998},{"data_generator_T_figure_2b":3450.0,"data_generator_V_figure_2b":-48.744827},{"data_generator_T_figure_2b":3460.0,"data_generator_V_figure_2b":-49.35754},{"data_generator_T_figure_2b":3470.0,"data_generator_V_figure_2b":-50.02953},{"data_generator_T_figure_2b":3480.0,"data_generator_V_figure_2b":-50.692287},{"data_generator_T_figure_2b":3490.0,"data_generator_V_figure_2b":-51.311234},{"data_generator_T_figure_2b":3500.0,"data_generator_V_figure_2b":-51.871254},{"data_generator_T_figure_2b":3510.0,"data_generator_V_figure_2b":-52.368103},{"data_generator_T_figure_2b":3520.0,"data_generator_V_figure_2b":-52.803509},{"data_generator_T_figure_2b":3530.0,"data_generator_V_figure_2b":-53.18232},{"data_generator_T_figure_2b":3540.0,"data_generator_V_figure_2b":-53.510704},{"data_generator_T_figure_2b":3550.0,"data_generator_V_figure_2b":-53.795113},{"data_generator_T_figure_2b":3560.0,"data_generator_V_figure_2b":-54.04166},{"data_generator_T_figure_2b":3570.0,"data_generator_V_figure_2b":-54.255867},{"data_generator_T_figure_2b":3580.0,"data_generator_V_figure_2b":-54.44252},{"data_generator_T_figure_2b":3590.0,"data_generator_V_figure_2b":-54.605724},{"data_generator_T_figure_2b":3600.0,"data_generator_V_figure_2b":-54.74894},{"data_generator_T_figure_2b":3610.0,"data_generator_V_figure_2b":-54.875069},{"data_generator_T_figure_2b":3620.0,"data_generator_V_figure_2b":-54.986534},{"data_generator_T_figure_2b":3630.0,"data_generator_V_figure_2b":-55.085369},{"data_generator_T_figure_2b":3640.0,"data_generator_V_figure_2b":-55.173283},{"data_generator_T_figure_2b":3650.0,"data_generator_V_figure_2b":-55.251701},{"data_generator_T_figure_2b":3660.0,"data_generator_V_figure_2b":-55.321835},{"data_generator_T_figure_2b":3670.0,"data_generator_V_figure_2b":-55.384701},{"data_generator_T_figure_2b":3680.0,"data_generator_V_figure_2b":-55.441174},{"data_generator_T_figure_2b":3690.0,"data_generator_V_figure_2b":-55.491997},{"data_generator_T_figure_2b":3700.0,"data_generator_V_figure_2b":-55.537804},{"data_generator_T_figure_2b":3710.0,"data_generator_V_figure_2b":-55.579151},{"data_generator_T_figure_2b":3720.0,"data_generator_V_figure_2b":-55.616505},{"data_generator_T_figure_2b":3730.0,"data_generator_V_figure_2b":-55.650284},{"data_generator_T_figure_2b":3740.0,"data_generator_V_figure_2b":-55.680843},{"data_generator_T_figure_2b":3750.0,"data_generator_V_figure_2b":-55.708504},{"data_generator_T_figure_2b":3760.0,"data_generator_V_figure_2b":-55.733536},{"data_generator_T_figure_2b":3770.0,"data_generator_V_figure_2b":-55.756187},{"data_generator_T_figure_2b":3780.0,"data_generator_V_figure_2b":-55.776672},{"data_generator_T_figure_2b":3790.0,"data_generator_V_figure_2b":-55.795181},{"data_generator_T_figure_2b":3800.0,"data_generator_V_figure_2b":-55.811882},{"data_generator_T_figure_2b":3810.0,"data_generator_V_figure_2b":-55.826931},{"data_generator_T_figure_2b":3820.0,"data_generator_V_figure_2b":-55.840462},{"data_generator_T_figure_2b":3830.0,"data_generator_V_figure_2b":-55.852596},{"data_generator_T_figure_2b":3840.0,"data_generator_V_figure_2b":-55.863438},{"data_generator_T_figure_2b":3850.0,"data_generator_V_figure_2b":-55.873093},{"data_generator_T_figure_2b":3860.0,"data_generator_V_figure_2b":-55.881645},{"data_generator_T_figure_2b":3870.0,"data_generator_V_figure_2b":-55.889179},{"data_generator_T_figure_2b":3880.0,"data_generator_V_figure_2b":-55.89576},{"data_generator_T_figure_2b":3890.0,"data_generator_V_figure_2b":-55.901459},{"data_generator_T_figure_2b":3900.0,"data_generator_V_figure_2b":-55.906338},{"data_generator_T_figure_2b":3910.0,"data_generator_V_figure_2b":-55.910442},{"data_generator_T_figure_2b":3920.0,"data_generator_V_figure_2b":-55.91383},{"data_generator_T_figure_2b":3930.0,"data_generator_V_figure_2b":-55.916542},{"data_generator_T_figure_2b":3940.0,"data_generator_V_figure_2b":-55.918621},{"data_generator_T_figure_2b":3950.0,"data_generator_V_figure_2b":-55.920105},{"data_generator_T_figure_2b":3960.0,"data_generator_V_figure_2b":-55.921028},{"data_generator_T_figure_2b":3970.0,"data_generator_V_figure_2b":-55.921421},{"data_generator_T_figure_2b":3980.0,"data_generator_V_figure_2b":-55.921314},{"data_generator_T_figure_2b":3990.0,"data_generator_V_figure_2b":-55.920731},{"data_generator_T_figure_2b":4000.0,"data_generator_V_figure_2b":-55.919697},{"data_generator_T_figure_2b":4010.0,"data_generator_V_figure_2b":-55.918232},{"data_generator_T_figure_2b":4020.0,"data_generator_V_figure_2b":-55.916363},{"data_generator_T_figure_2b":4030.0,"data_generator_V_figure_2b":-55.914101},{"data_generator_T_figure_2b":4040.0,"data_generator_V_figure_2b":-55.911469},{"data_generator_T_figure_2b":4050.0,"data_generator_V_figure_2b":-55.908478},{"data_generator_T_figure_2b":4060.0,"data_generator_V_figure_2b":-55.905144},{"data_generator_T_figure_2b":4070.0,"data_generator_V_figure_2b":-55.901478},{"data_generator_T_figure_2b":4080.0,"data_generator_V_figure_2b":-55.897495},{"data_generator_T_figure_2b":4090.0,"data_generator_V_figure_2b":-55.8932},{"data_generator_T_figure_2b":4100.0,"data_generator_V_figure_2b":-55.888611},{"data_generator_T_figure_2b":4110.0,"data_generator_V_figure_2b":-55.883728},{"data_generator_T_figure_2b":4120.0,"data_generator_V_figure_2b":-55.878563},{"data_generator_T_figure_2b":4130.0,"data_generator_V_figure_2b":-55.873119},{"data_generator_T_figure_2b":4140.0,"data_generator_V_figure_2b":-55.867405},{"data_generator_T_figure_2b":4150.0,"data_generator_V_figure_2b":-55.861427},{"data_generator_T_figure_2b":4160.0,"data_generator_V_figure_2b":-55.855186},{"data_generator_T_figure_2b":4170.0,"data_generator_V_figure_2b":-55.84869},{"data_generator_T_figure_2b":4180.0,"data_generator_V_figure_2b":-55.841938},{"data_generator_T_figure_2b":4190.0,"data_generator_V_figure_2b":-55.83493},{"data_generator_T_figure_2b":4200.0,"data_generator_V_figure_2b":-55.827671},{"data_generator_T_figure_2b":4210.0,"data_generator_V_figure_2b":-55.82016},{"data_generator_T_figure_2b":4220.0,"data_generator_V_figure_2b":-55.812397},{"data_generator_T_figure_2b":4230.0,"data_generator_V_figure_2b":-55.804386},{"data_generator_T_figure_2b":4240.0,"data_generator_V_figure_2b":-55.796116},{"data_generator_T_figure_2b":4250.0,"data_generator_V_figure_2b":-55.787594},{"data_generator_T_figure_2b":4260.0,"data_generator_V_figure_2b":-55.778809},{"data_generator_T_figure_2b":4270.0,"data_generator_V_figure_2b":-55.769764},{"data_generator_T_figure_2b":4280.0,"data_generator_V_figure_2b":-55.760452},{"data_generator_T_figure_2b":4290.0,"data_generator_V_figure_2b":-55.750866},{"data_generator_T_figure_2b":4300.0,"data_generator_V_figure_2b":-55.741001},{"data_generator_T_figure_2b":4310.0,"data_generator_V_figure_2b":-55.730854},{"data_generator_T_figure_2b":4320.0,"data_generator_V_figure_2b":-55.720413},{"data_generator_T_figure_2b":4330.0,"data_generator_V_figure_2b":-55.709667},{"data_generator_T_figure_2b":4340.0,"data_generator_V_figure_2b":-55.698608},{"data_generator_T_figure_2b":4350.0,"data_generator_V_figure_2b":-55.687229},{"data_generator_T_figure_2b":4360.0,"data_generator_V_figure_2b":-55.675514},{"data_generator_T_figure_2b":4370.0,"data_generator_V_figure_2b":-55.663448},{"data_generator_T_figure_2b":4380.0,"data_generator_V_figure_2b":-55.651016},{"data_generator_T_figure_2b":4390.0,"data_generator_V_figure_2b":-55.638206},{"data_generator_T_figure_2b":4400.0,"data_generator_V_figure_2b":-55.624996},{"data_generator_T_figure_2b":4410.0,"data_generator_V_figure_2b":-55.611362},{"data_generator_T_figure_2b":4420.0,"data_generator_V_figure_2b":-55.597286},{"data_generator_T_figure_2b":4430.0,"data_generator_V_figure_2b":-55.582741},{"data_generator_T_figure_2b":4440.0,"data_generator_V_figure_2b":-55.567703},{"data_generator_T_figure_2b":4450.0,"data_generator_V_figure_2b":-55.552135},{"data_generator_T_figure_2b":4460.0,"data_generator_V_figure_2b":-55.536007},{"data_generator_T_figure_2b":4470.0,"data_generator_V_figure_2b":-55.519279},{"data_generator_T_figure_2b":4480.0,"data_generator_V_figure_2b":-55.501911},{"data_generator_T_figure_2b":4490.0,"data_generator_V_figure_2b":-55.483852},{"data_generator_T_figure_2b":4500.0,"data_generator_V_figure_2b":-55.465054},{"data_generator_T_figure_2b":4510.0,"data_generator_V_figure_2b":-55.445457},{"data_generator_T_figure_2b":4520.0,"data_generator_V_figure_2b":-55.424992},{"data_generator_T_figure_2b":4530.0,"data_generator_V_figure_2b":-55.40358},{"data_generator_T_figure_2b":4540.0,"data_generator_V_figure_2b":-55.381145},{"data_generator_T_figure_2b":4550.0,"data_generator_V_figure_2b":-55.357582},{"data_generator_T_figure_2b":4560.0,"data_generator_V_figure_2b":-55.332783},{"data_generator_T_figure_2b":4570.0,"data_generator_V_figure_2b":-55.306618},{"data_generator_T_figure_2b":4580.0,"data_generator_V_figure_2b":-55.278938},{"data_generator_T_figure_2b":4590.0,"data_generator_V_figure_2b":-55.249577},{"data_generator_T_figure_2b":4600.0,"data_generator_V_figure_2b":-55.21833},{"data_generator_T_figure_2b":4610.0,"data_generator_V_figure_2b":-55.184959},{"data_generator_T_figure_2b":4620.0,"data_generator_V_figure_2b":-55.149189},{"data_generator_T_figure_2b":4630.0,"data_generator_V_figure_2b":-55.11068},{"data_generator_T_figure_2b":4640.0,"data_generator_V_figure_2b":-55.069035},{"data_generator_T_figure_2b":4650.0,"data_generator_V_figure_2b":-55.023754},{"data_generator_T_figure_2b":4660.0,"data_generator_V_figure_2b":-54.974239},{"data_generator_T_figure_2b":4670.0,"data_generator_V_figure_2b":-54.919727},{"data_generator_T_figure_2b":4680.0,"data_generator_V_figure_2b":-54.859268},{"data_generator_T_figure_2b":4690.0,"data_generator_V_figure_2b":-54.791626},{"data_generator_T_figure_2b":4700.0,"data_generator_V_figure_2b":-54.715195},{"data_generator_T_figure_2b":4710.0,"data_generator_V_figure_2b":-54.627815},{"data_generator_T_figure_2b":4720.0,"data_generator_V_figure_2b":-54.526531},{"data_generator_T_figure_2b":4730.0,"data_generator_V_figure_2b":-54.40715},{"data_generator_T_figure_2b":4740.0,"data_generator_V_figure_2b":-54.263531},{"data_generator_T_figure_2b":4750.0,"data_generator_V_figure_2b":-54.086243},{"data_generator_T_figure_2b":4760.0,"data_generator_V_figure_2b":-53.859985},{"data_generator_T_figure_2b":4770.0,"data_generator_V_figure_2b":-53.557964},{"data_generator_T_figure_2b":4780.0,"data_generator_V_figure_2b":-53.128368},{"data_generator_T_figure_2b":4790.0,"data_generator_V_figure_2b":-52.455635},{"data_generator_T_figure_2b":4800.0,"data_generator_V_figure_2b":-51.22337},{"data_generator_T_figure_2b":4810.0,"data_generator_V_figure_2b":-48.388493},{"data_generator_T_figure_2b":4820.0,"data_generator_V_figure_2b":-41.688164},{"data_generator_T_figure_2b":4830.0,"data_generator_V_figure_2b":-44.723164},{"data_generator_T_figure_2b":4840.0,"data_generator_V_figure_2b":-46.698696},{"data_generator_T_figure_2b":4850.0,"data_generator_V_figure_2b":-17.211437},{"data_generator_T_figure_2b":4860.0,"data_generator_V_figure_2b":-38.451946},{"data_generator_T_figure_2b":4870.0,"data_generator_V_figure_2b":-42.896393},{"data_generator_T_figure_2b":4880.0,"data_generator_V_figure_2b":-45.69725},{"data_generator_T_figure_2b":4890.0,"data_generator_V_figure_2b":-42.69025},{"data_generator_T_figure_2b":4900.0,"data_generator_V_figure_2b":-17.70969},{"data_generator_T_figure_2b":4910.0,"data_generator_V_figure_2b":-41.922562},{"data_generator_T_figure_2b":4920.0,"data_generator_V_figure_2b":-45.113682},{"data_generator_T_figure_2b":4930.0,"data_generator_V_figure_2b":-45.295898},{"data_generator_T_figure_2b":4940.0,"data_generator_V_figure_2b":-24.643105},{"data_generator_T_figure_2b":4950.0,"data_generator_V_figure_2b":-42.491123},{"data_generator_T_figure_2b":4960.0,"data_generator_V_figure_2b":-45.858715},{"data_generator_T_figure_2b":4970.0,"data_generator_V_figure_2b":-30.556757},{"data_generator_T_figure_2b":4980.0,"data_generator_V_figure_2b":-40.262939},{"data_generator_T_figure_2b":4990.0,"data_generator_V_figure_2b":-44.596504},{"data_generator_T_figure_2b":5000.0,"data_generator_V_figure_2b":-45.399536},{"data_generator_T_figure_2b":5010.0,"data_generator_V_figure_2b":-39.165569},{"data_generator_T_figure_2b":5020.0,"data_generator_V_figure_2b":-44.466316},{"data_generator_T_figure_2b":5030.0,"data_generator_V_figure_2b":-44.491768},{"data_generator_T_figure_2b":5040.0,"data_generator_V_figure_2b":-40.859478},{"data_generator_T_figure_2b":5050.0,"data_generator_V_figure_2b":-45.548637},{"data_generator_T_figure_2b":5060.0,"data_generator_V_figure_2b":-3.8274641},{"data_generator_T_figure_2b":5070.0,"data_generator_V_figure_2b":-43.510189},{"data_generator_T_figure_2b":5080.0,"data_generator_V_figure_2b":-47.089134},{"data_generator_T_figure_2b":5090.0,"data_generator_V_figure_2b":-42.048439},{"data_generator_T_figure_2b":5100.0,"data_generator_V_figure_2b":-46.884754},{"data_generator_T_figure_2b":5110.0,"data_generator_V_figure_2b":-41.344826},{"data_generator_T_figure_2b":5120.0,"data_generator_V_figure_2b":-46.637112},{"data_generator_T_figure_2b":5130.0,"data_generator_V_figure_2b":-41.902821},{"data_generator_T_figure_2b":5140.0,"data_generator_V_figure_2b":-47.240913},{"data_generator_T_figure_2b":5150.0,"data_generator_V_figure_2b":-43.407661},{"data_generator_T_figure_2b":5160.0,"data_generator_V_figure_2b":-32.440834},{"data_generator_T_figure_2b":5170.0,"data_generator_V_figure_2b":-45.370342},{"data_generator_T_figure_2b":5180.0,"data_generator_V_figure_2b":-42.571468},{"data_generator_T_figure_2b":5190.0,"data_generator_V_figure_2b":-46.174278},{"data_generator_T_figure_2b":5200.0,"data_generator_V_figure_2b":-46.008953},{"data_generator_T_figure_2b":5210.0,"data_generator_V_figure_2b":-44.676601},{"data_generator_T_figure_2b":5220.0,"data_generator_V_figure_2b":-43.805134},{"data_generator_T_figure_2b":5230.0,"data_generator_V_figure_2b":-43.064705},{"data_generator_T_figure_2b":5240.0,"data_generator_V_figure_2b":-41.921547},{"data_generator_T_figure_2b":5250.0,"data_generator_V_figure_2b":-39.687805},{"data_generator_T_figure_2b":5260.0,"data_generator_V_figure_2b":-48.340309},{"data_generator_T_figure_2b":5270.0,"data_generator_V_figure_2b":-48.60812},{"data_generator_T_figure_2b":5280.0,"data_generator_V_figure_2b":-49.148067},{"data_generator_T_figure_2b":5290.0,"data_generator_V_figure_2b":-49.796669},{"data_generator_T_figure_2b":5300.0,"data_generator_V_figure_2b":-50.462219},{"data_generator_T_figure_2b":5310.0,"data_generator_V_figure_2b":-51.09676},{"data_generator_T_figure_2b":5320.0,"data_generator_V_figure_2b":-51.677727},{"data_generator_T_figure_2b":5330.0,"data_generator_V_figure_2b":-52.196865},{"data_generator_T_figure_2b":5340.0,"data_generator_V_figure_2b":-52.653778},{"data_generator_T_figure_2b":5350.0,"data_generator_V_figure_2b":-53.052254},{"data_generator_T_figure_2b":5360.0,"data_generator_V_figure_2b":-53.398064},{"data_generator_T_figure_2b":5370.0,"data_generator_V_figure_2b":-53.697605},{"data_generator_T_figure_2b":5380.0,"data_generator_V_figure_2b":-53.957157},{"data_generator_T_figure_2b":5390.0,"data_generator_V_figure_2b":-54.182453},{"data_generator_T_figure_2b":5400.0,"data_generator_V_figure_2b":-54.378555},{"data_generator_T_figure_2b":5410.0,"data_generator_V_figure_2b":-54.549805},{"data_generator_T_figure_2b":5420.0,"data_generator_V_figure_2b":-54.699883},{"data_generator_T_figure_2b":5430.0,"data_generator_V_figure_2b":-54.831882},{"data_generator_T_figure_2b":5440.0,"data_generator_V_figure_2b":-54.948391},{"data_generator_T_figure_2b":5450.0,"data_generator_V_figure_2b":-55.051582},{"data_generator_T_figure_2b":5460.0,"data_generator_V_figure_2b":-55.143265},{"data_generator_T_figure_2b":5470.0,"data_generator_V_figure_2b":-55.224964},{"data_generator_T_figure_2b":5480.0,"data_generator_V_figure_2b":-55.297966},{"data_generator_T_figure_2b":5490.0,"data_generator_V_figure_2b":-55.36335},{"data_generator_T_figure_2b":5500.0,"data_generator_V_figure_2b":-55.422043},{"data_generator_T_figure_2b":5510.0,"data_generator_V_figure_2b":-55.474827},{"data_generator_T_figure_2b":5520.0,"data_generator_V_figure_2b":-55.522381},{"data_generator_T_figure_2b":5530.0,"data_generator_V_figure_2b":-55.565281},{"data_generator_T_figure_2b":5540.0,"data_generator_V_figure_2b":-55.604027},{"data_generator_T_figure_2b":5550.0,"data_generator_V_figure_2b":-55.639053},{"data_generator_T_figure_2b":5560.0,"data_generator_V_figure_2b":-55.670738},{"data_generator_T_figure_2b":5570.0,"data_generator_V_figure_2b":-55.699413},{"data_generator_T_figure_2b":5580.0,"data_generator_V_figure_2b":-55.725365},{"data_generator_T_figure_2b":5590.0,"data_generator_V_figure_2b":-55.748852},{"data_generator_T_figure_2b":5600.0,"data_generator_V_figure_2b":-55.770092},{"data_generator_T_figure_2b":5610.0,"data_generator_V_figure_2b":-55.789295},{"data_generator_T_figure_2b":5620.0,"data_generator_V_figure_2b":-55.806633},{"data_generator_T_figure_2b":5630.0,"data_generator_V_figure_2b":-55.822262},{"data_generator_T_figure_2b":5640.0,"data_generator_V_figure_2b":-55.836327},{"data_generator_T_figure_2b":5650.0,"data_generator_V_figure_2b":-55.848949},{"data_generator_T_figure_2b":5660.0,"data_generator_V_figure_2b":-55.860249},{"data_generator_T_figure_2b":5670.0,"data_generator_V_figure_2b":-55.870323},{"data_generator_T_figure_2b":5680.0,"data_generator_V_figure_2b":-55.879265},{"data_generator_T_figure_2b":5690.0,"data_generator_V_figure_2b":-55.887157},{"data_generator_T_figure_2b":5700.0,"data_generator_V_figure_2b":-55.894073},{"data_generator_T_figure_2b":5710.0,"data_generator_V_figure_2b":-55.900085},{"data_generator_T_figure_2b":5720.0,"data_generator_V_figure_2b":-55.905251},{"data_generator_T_figure_2b":5730.0,"data_generator_V_figure_2b":-55.90963},{"data_generator_T_figure_2b":5740.0,"data_generator_V_figure_2b":-55.913273},{"data_generator_T_figure_2b":5750.0,"data_generator_V_figure_2b":-55.916222},{"data_generator_T_figure_2b":5760.0,"data_generator_V_figure_2b":-55.918526},{"data_generator_T_figure_2b":5770.0,"data_generator_V_figure_2b":-55.920223},{"data_generator_T_figure_2b":5780.0,"data_generator_V_figure_2b":-55.921345},{"data_generator_T_figure_2b":5790.0,"data_generator_V_figure_2b":-55.921925},{"data_generator_T_figure_2b":5800.0,"data_generator_V_figure_2b":-55.921993},{"data_generator_T_figure_2b":5810.0,"data_generator_V_figure_2b":-55.921577},{"data_generator_T_figure_2b":5820.0,"data_generator_V_figure_2b":-55.920704},{"data_generator_T_figure_2b":5830.0,"data_generator_V_figure_2b":-55.919395},{"data_generator_T_figure_2b":5840.0,"data_generator_V_figure_2b":-55.917667},{"data_generator_T_figure_2b":5850.0,"data_generator_V_figure_2b":-55.915546},{"data_generator_T_figure_2b":5860.0,"data_generator_V_figure_2b":-55.913044},{"data_generator_T_figure_2b":5870.0,"data_generator_V_figure_2b":-55.910183},{"data_generator_T_figure_2b":5880.0,"data_generator_V_figure_2b":-55.906971},{"data_generator_T_figure_2b":5890.0,"data_generator_V_figure_2b":-55.903423},{"data_generator_T_figure_2b":5900.0,"data_generator_V_figure_2b":-55.899555},{"data_generator_T_figure_2b":5910.0,"data_generator_V_figure_2b":-55.89537},{"data_generator_T_figure_2b":5920.0,"data_generator_V_figure_2b":-55.890888},{"data_generator_T_figure_2b":5930.0,"data_generator_V_figure_2b":-55.886108},{"data_generator_T_figure_2b":5940.0,"data_generator_V_figure_2b":-55.881046},{"data_generator_T_figure_2b":5950.0,"data_generator_V_figure_2b":-55.875702},{"data_generator_T_figure_2b":5960.0,"data_generator_V_figure_2b":-55.870087},{"data_generator_T_figure_2b":5970.0,"data_generator_V_figure_2b":-55.864204},{"data_generator_T_figure_2b":5980.0,"data_generator_V_figure_2b":-55.858059},{"data_generator_T_figure_2b":5990.0,"data_generator_V_figure_2b":-55.851654},{"data_generator_T_figure_2b":6000.0,"data_generator_V_figure_2b":-55.844994},{"data_generator_T_figure_2b":6010.0,"data_generator_V_figure_2b":-55.838078},{"data_generator_T_figure_2b":6020.0,"data_generator_V_figure_2b":-55.83091},{"data_generator_T_figure_2b":6030.0,"data_generator_V_figure_2b":-55.82349},{"data_generator_T_figure_2b":6040.0,"data_generator_V_figure_2b":-55.815819},{"data_generator_T_figure_2b":6050.0,"data_generator_V_figure_2b":-55.807896},{"data_generator_T_figure_2b":6060.0,"data_generator_V_figure_2b":-55.799721},{"data_generator_T_figure_2b":6070.0,"data_generator_V_figure_2b":-55.79129},{"data_generator_T_figure_2b":6080.0,"data_generator_V_figure_2b":-55.7826},{"data_generator_T_figure_2b":6090.0,"data_generator_V_figure_2b":-55.773651},{"data_generator_T_figure_2b":6100.0,"data_generator_V_figure_2b":-55.764435},{"data_generator_T_figure_2b":6110.0,"data_generator_V_figure_2b":-55.754951},{"data_generator_T_figure_2b":6120.0,"data_generator_V_figure_2b":-55.74519},{"data_generator_T_figure_2b":6130.0,"data_generator_V_figure_2b":-55.735146},{"data_generator_T_figure_2b":6140.0,"data_generator_V_figure_2b":-55.724812},{"data_generator_T_figure_2b":6150.0,"data_generator_V_figure_2b":-55.714176},{"data_generator_T_figure_2b":6160.0,"data_generator_V_figure_2b":-55.703236},{"data_generator_T_figure_2b":6170.0,"data_generator_V_figure_2b":-55.691975},{"data_generator_T_figure_2b":6180.0,"data_generator_V_figure_2b":-55.680382},{"data_generator_T_figure_2b":6190.0,"data_generator_V_figure_2b":-55.668442},{"data_generator_T_figure_2b":6200.0,"data_generator_V_figure_2b":-55.656147},{"data_generator_T_figure_2b":6210.0,"data_generator_V_figure_2b":-55.643478},{"data_generator_T_figure_2b":6220.0,"data_generator_V_figure_2b":-55.630413},{"data_generator_T_figure_2b":6230.0,"data_generator_V_figure_2b":-55.616936},{"data_generator_T_figure_2b":6240.0,"data_generator_V_figure_2b":-55.603024},{"data_generator_T_figure_2b":6250.0,"data_generator_V_figure_2b":-55.588654},{"data_generator_T_figure_2b":6260.0,"data_generator_V_figure_2b":-55.573795},{"data_generator_T_figure_2b":6270.0,"data_generator_V_figure_2b":-55.558426},{"data_generator_T_figure_2b":6280.0,"data_generator_V_figure_2b":-55.542503},{"data_generator_T_figure_2b":6290.0,"data_generator_V_figure_2b":-55.526001},{"data_generator_T_figure_2b":6300.0,"data_generator_V_figure_2b":-55.508869},{"data_generator_T_figure_2b":6310.0,"data_generator_V_figure_2b":-55.49107},{"data_generator_T_figure_2b":6320.0,"data_generator_V_figure_2b":-55.472546},{"data_generator_T_figure_2b":6330.0,"data_generator_V_figure_2b":-55.453247},{"data_generator_T_figure_2b":6340.0,"data_generator_V_figure_2b":-55.433102},{"data_generator_T_figure_2b":6350.0,"data_generator_V_figure_2b":-55.412048},{"data_generator_T_figure_2b":6360.0,"data_generator_V_figure_2b":-55.389996},{"data_generator_T_figure_2b":6370.0,"data_generator_V_figure_2b":-55.366852},{"data_generator_T_figure_2b":6380.0,"data_generator_V_figure_2b":-55.342518},{"data_generator_T_figure_2b":6390.0,"data_generator_V_figure_2b":-55.316864},{"data_generator_T_figure_2b":6400.0,"data_generator_V_figure_2b":-55.289753},{"data_generator_T_figure_2b":6410.0,"data_generator_V_figure_2b":-55.261024},{"data_generator_T_figure_2b":6420.0,"data_generator_V_figure_2b":-55.230488},{"data_generator_T_figure_2b":6430.0,"data_generator_V_figure_2b":-55.197918},{"data_generator_T_figure_2b":6440.0,"data_generator_V_figure_2b":-55.163055},{"data_generator_T_figure_2b":6450.0,"data_generator_V_figure_2b":-55.125584},{"data_generator_T_figure_2b":6460.0,"data_generator_V_figure_2b":-55.085129},{"data_generator_T_figure_2b":6470.0,"data_generator_V_figure_2b":-55.041233},{"data_generator_T_figure_2b":6480.0,"data_generator_V_figure_2b":-54.993336},{"data_generator_T_figure_2b":6490.0,"data_generator_V_figure_2b":-54.940735},{"data_generator_T_figure_2b":6500.0,"data_generator_V_figure_2b":-54.882561},{"data_generator_T_figure_2b":6510.0,"data_generator_V_figure_2b":-54.817692},{"data_generator_T_figure_2b":6520.0,"data_generator_V_figure_2b":-54.744667},{"data_generator_T_figure_2b":6530.0,"data_generator_V_figure_2b":-54.661552},{"data_generator_T_figure_2b":6540.0,"data_generator_V_figure_2b":-54.56572},{"data_generator_T_figure_2b":6550.0,"data_generator_V_figure_2b":-54.453487},{"data_generator_T_figure_2b":6560.0,"data_generator_V_figure_2b":-54.319538},{"data_generator_T_figure_2b":6570.0,"data_generator_V_figure_2b":-54.155846},{"data_generator_T_figure_2b":6580.0,"data_generator_V_figure_2b":-53.949661},{"data_generator_T_figure_2b":6590.0,"data_generator_V_figure_2b":-53.679333},{"data_generator_T_figure_2b":6600.0,"data_generator_V_figure_2b":-53.304615},{"data_generator_T_figure_2b":6610.0,"data_generator_V_figure_2b":-52.740818},{"data_generator_T_figure_2b":6620.0,"data_generator_V_figure_2b":-51.774281},{"data_generator_T_figure_2b":6630.0,"data_generator_V_figure_2b":-49.728378},{"data_generator_T_figure_2b":6640.0,"data_generator_V_figure_2b":-44.821915},{"data_generator_T_figure_2b":6650.0,"data_generator_V_figure_2b":-45.257915},{"data_generator_T_figure_2b":6660.0,"data_generator_V_figure_2b":5.7899632},{"data_generator_T_figure_2b":6670.0,"data_generator_V_figure_2b":-40.546059},{"data_generator_T_figure_2b":6680.0,"data_generator_V_figure_2b":-43.793133},{"data_generator_T_figure_2b":6690.0,"data_generator_V_figure_2b":-46.413158},{"data_generator_T_figure_2b":6700.0,"data_generator_V_figure_2b":-32.464085},{"data_generator_T_figure_2b":6710.0,"data_generator_V_figure_2b":-36.050674},{"data_generator_T_figure_2b":6720.0,"data_generator_V_figure_2b":-42.529884},{"data_generator_T_figure_2b":6730.0,"data_generator_V_figure_2b":-45.512825},{"data_generator_T_figure_2b":6740.0,"data_generator_V_figure_2b":-43.015972},{"data_generator_T_figure_2b":6750.0,"data_generator_V_figure_2b":-31.268272},{"data_generator_T_figure_2b":6760.0,"data_generator_V_figure_2b":-42.500916},{"data_generator_T_figure_2b":6770.0,"data_generator_V_figure_2b":-45.782928},{"data_generator_T_figure_2b":6780.0,"data_generator_V_figure_2b":-34.728497},{"data_generator_T_figure_2b":6790.0,"data_generator_V_figure_2b":-39.372692},{"data_generator_T_figure_2b":6800.0,"data_generator_V_figure_2b":-44.075031},{"data_generator_T_figure_2b":6810.0,"data_generator_V_figure_2b":-46.972157},{"data_generator_T_figure_2b":6820.0,"data_generator_V_figure_2b":-32.305794},{"data_generator_T_figure_2b":6830.0,"data_generator_V_figure_2b":-43.433369},{"data_generator_T_figure_2b":6840.0,"data_generator_V_figure_2b":-47.034355},{"data_generator_T_figure_2b":6850.0,"data_generator_V_figure_2b":-35.061501},{"data_generator_T_figure_2b":6860.0,"data_generator_V_figure_2b":-44.004406},{"data_generator_T_figure_2b":6870.0,"data_generator_V_figure_2b":-46.477249},{"data_generator_T_figure_2b":6880.0,"data_generator_V_figure_2b":-40.97942},{"data_generator_T_figure_2b":6890.0,"data_generator_V_figure_2b":-45.800346},{"data_generator_T_figure_2b":6900.0,"data_generator_V_figure_2b":-5.787148},{"data_generator_T_figure_2b":6910.0,"data_generator_V_figure_2b":-44.375095},{"data_generator_T_figure_2b":6920.0,"data_generator_V_figure_2b":-29.930027},{"data_generator_T_figure_2b":6930.0,"data_generator_V_figure_2b":-43.732521},{"data_generator_T_figure_2b":6940.0,"data_generator_V_figure_2b":-41.619717},{"data_generator_T_figure_2b":6950.0,"data_generator_V_figure_2b":-43.886425},{"data_generator_T_figure_2b":6960.0,"data_generator_V_figure_2b":-26.203447},{"data_generator_T_figure_2b":6970.0,"data_generator_V_figure_2b":-44.841267},{"data_generator_T_figure_2b":6980.0,"data_generator_V_figure_2b":-39.357811},{"data_generator_T_figure_2b":6990.0,"data_generator_V_figure_2b":-46.566406},{"data_generator_T_figure_2b":7000.0,"data_generator_V_figure_2b":-43.773582},{"data_generator_T_figure_2b":7010.0,"data_generator_V_figure_2b":-35.243568},{"data_generator_T_figure_2b":7020.0,"data_generator_V_figure_2b":-46.797001},{"data_generator_T_figure_2b":7030.0,"data_generator_V_figure_2b":-45.134758},{"data_generator_T_figure_2b":7040.0,"data_generator_V_figure_2b":-44.146027},{"data_generator_T_figure_2b":7050.0,"data_generator_V_figure_2b":-43.42355},{"data_generator_T_figure_2b":7060.0,"data_generator_V_figure_2b":-42.705528},{"data_generator_T_figure_2b":7070.0,"data_generator_V_figure_2b":-40.926003},{"data_generator_T_figure_2b":7080.0,"data_generator_V_figure_2b":-48.472431},{"data_generator_T_figure_2b":7090.0,"data_generator_V_figure_2b":-48.528419},{"data_generator_T_figure_2b":7100.0,"data_generator_V_figure_2b":-48.960247},{"data_generator_T_figure_2b":7110.0,"data_generator_V_figure_2b":-49.566555},{"data_generator_T_figure_2b":7120.0,"data_generator_V_figure_2b":-50.225521},{"data_generator_T_figure_2b":7130.0,"data_generator_V_figure_2b":-50.871525},{"data_generator_T_figure_2b":7140.0,"data_generator_V_figure_2b":-51.472137},{"data_generator_T_figure_2b":7150.0,"data_generator_V_figure_2b":-52.01371},{"data_generator_T_figure_2b":7160.0,"data_generator_V_figure_2b":-52.492977},{"data_generator_T_figure_2b":7170.0,"data_generator_V_figure_2b":-52.91227},{"data_generator_T_figure_2b":7180.0,"data_generator_V_figure_2b":-53.276722},{"data_generator_T_figure_2b":7190.0,"data_generator_V_figure_2b":-53.592567},{"data_generator_T_figure_2b":7200.0,"data_generator_V_figure_2b":-53.866169},{"data_generator_T_figure_2b":7210.0,"data_generator_V_figure_2b":-54.103481},{"data_generator_T_figure_2b":7220.0,"data_generator_V_figure_2b":-54.309818},{"data_generator_T_figure_2b":7230.0,"data_generator_V_figure_2b":-54.48978},{"data_generator_T_figure_2b":7240.0,"data_generator_V_figure_2b":-54.647285},{"data_generator_T_figure_2b":7250.0,"data_generator_V_figure_2b":-54.785637},{"data_generator_T_figure_2b":7260.0,"data_generator_V_figure_2b":-54.907593},{"data_generator_T_figure_2b":7270.0,"data_generator_V_figure_2b":-55.015476},{"data_generator_T_figure_2b":7280.0,"data_generator_V_figure_2b":-55.111217},{"data_generator_T_figure_2b":7290.0,"data_generator_V_figure_2b":-55.196442},{"data_generator_T_figure_2b":7300.0,"data_generator_V_figure_2b":-55.272518},{"data_generator_T_figure_2b":7310.0,"data_generator_V_figure_2b":-55.340599},{"data_generator_T_figure_2b":7320.0,"data_generator_V_figure_2b":-55.401665},{"data_generator_T_figure_2b":7330.0,"data_generator_V_figure_2b":-55.456551},{"data_generator_T_figure_2b":7340.0,"data_generator_V_figure_2b":-55.505962},{"data_generator_T_figure_2b":7350.0,"data_generator_V_figure_2b":-55.550518},{"data_generator_T_figure_2b":7360.0,"data_generator_V_figure_2b":-55.590744},{"data_generator_T_figure_2b":7370.0,"data_generator_V_figure_2b":-55.627098},{"data_generator_T_figure_2b":7380.0,"data_generator_V_figure_2b":-55.659977},{"data_generator_T_figure_2b":7390.0,"data_generator_V_figure_2b":-55.689728},{"data_generator_T_figure_2b":7400.0,"data_generator_V_figure_2b":-55.716652},{"data_generator_T_figure_2b":7410.0,"data_generator_V_figure_2b":-55.74102},{"data_generator_T_figure_2b":7420.0,"data_generator_V_figure_2b":-55.763065},{"data_generator_T_figure_2b":7430.0,"data_generator_V_figure_2b":-55.783001},{"data_generator_T_figure_2b":7440.0,"data_generator_V_figure_2b":-55.801006},{"data_generator_T_figure_2b":7450.0,"data_generator_V_figure_2b":-55.817249},{"data_generator_T_figure_2b":7460.0,"data_generator_V_figure_2b":-55.831875},{"data_generator_T_figure_2b":7470.0,"data_generator_V_figure_2b":-55.84502},{"data_generator_T_figure_2b":7480.0,"data_generator_V_figure_2b":-55.856792},{"data_generator_T_figure_2b":7490.0,"data_generator_V_figure_2b":-55.86731},{"data_generator_T_figure_2b":7500.0,"data_generator_V_figure_2b":-55.876656},{"data_generator_T_figure_2b":7510.0,"data_generator_V_figure_2b":-55.884926},{"data_generator_T_figure_2b":7520.0,"data_generator_V_figure_2b":-55.892197},{"data_generator_T_figure_2b":7530.0,"data_generator_V_figure_2b":-55.898533},{"data_generator_T_figure_2b":7540.0,"data_generator_V_figure_2b":-55.904007},{"data_generator_T_figure_2b":7550.0,"data_generator_V_figure_2b":-55.908669},{"data_generator_T_figure_2b":7560.0,"data_generator_V_figure_2b":-55.912579},{"data_generator_T_figure_2b":7570.0,"data_generator_V_figure_2b":-55.915779},{"data_generator_T_figure_2b":7580.0,"data_generator_V_figure_2b":-55.918316},{"data_generator_T_figure_2b":7590.0,"data_generator_V_figure_2b":-55.920231},{"data_generator_T_figure_2b":7600.0,"data_generator_V_figure_2b":-55.921562},{"data_generator_T_figure_2b":7610.0,"data_generator_V_figure_2b":-55.922337},{"data_generator_T_figure_2b":7620.0,"data_generator_V_figure_2b":-55.922592},{"data_generator_T_figure_2b":7630.0,"data_generator_V_figure_2b":-55.922352},{"data_generator_T_figure_2b":7640.0,"data_generator_V_figure_2b":-55.921646},{"data_generator_T_figure_2b":7650.0,"data_generator_V_figure_2b":-55.920494},{"data_generator_T_figure_2b":7660.0,"data_generator_V_figure_2b":-55.918919},{"data_generator_T_figure_2b":7670.0,"data_generator_V_figure_2b":-55.916943},{"data_generator_T_figure_2b":7680.0,"data_generator_V_figure_2b":-55.914577},{"data_generator_T_figure_2b":7690.0,"data_generator_V_figure_2b":-55.911846},{"data_generator_T_figure_2b":7700.0,"data_generator_V_figure_2b":-55.908764},{"data_generator_T_figure_2b":7710.0,"data_generator_V_figure_2b":-55.905338},{"data_generator_T_figure_2b":7720.0,"data_generator_V_figure_2b":-55.901585},{"data_generator_T_figure_2b":7730.0,"data_generator_V_figure_2b":-55.897518},{"data_generator_T_figure_2b":7740.0,"data_generator_V_figure_2b":-55.893143},{"data_generator_T_figure_2b":7750.0,"data_generator_V_figure_2b":-55.888474},{"data_generator_T_figure_2b":7760.0,"data_generator_V_figure_2b":-55.883514},{"data_generator_T_figure_2b":7770.0,"data_generator_V_figure_2b":-55.878273},{"data_generator_T_figure_2b":7780.0,"data_generator_V_figure_2b":-55.872761},{"data_generator_T_figure_2b":7790.0,"data_generator_V_figure_2b":-55.866974},{"data_generator_T_figure_2b":7800.0,"data_generator_V_figure_2b":-55.860924},{"data_generator_T_figure_2b":7810.0,"data_generator_V_figure_2b":-55.854614},{"data_generator_T_figure_2b":7820.0,"data_generator_V_figure_2b":-55.848049},{"data_generator_T_figure_2b":7830.0,"data_generator_V_figure_2b":-55.841228},{"data_generator_T_figure_2b":7840.0,"data_generator_V_figure_2b":-55.834152},{"data_generator_T_figure_2b":7850.0,"data_generator_V_figure_2b":-55.826828},{"data_generator_T_figure_2b":7860.0,"data_generator_V_figure_2b":-55.819248},{"data_generator_T_figure_2b":7870.0,"data_generator_V_figure_2b":-55.81142},{"data_generator_T_figure_2b":7880.0,"data_generator_V_figure_2b":-55.803337},{"data_generator_T_figure_2b":7890.0,"data_generator_V_figure_2b":-55.795002},{"data_generator_T_figure_2b":7900.0,"data_generator_V_figure_2b":-55.786411},{"data_generator_T_figure_2b":7910.0,"data_generator_V_figure_2b":-55.777557},{"data_generator_T_figure_2b":7920.0,"data_generator_V_figure_2b":-55.76844},{"data_generator_T_figure_2b":7930.0,"data_generator_V_figure_2b":-55.759056},{"data_generator_T_figure_2b":7940.0,"data_generator_V_figure_2b":-55.749397},{"data_generator_T_figure_2b":7950.0,"data_generator_V_figure_2b":-55.73946},{"data_generator_T_figure_2b":7960.0,"data_generator_V_figure_2b":-55.729233},{"data_generator_T_figure_2b":7970.0,"data_generator_V_figure_2b":-55.718712},{"data_generator_T_figure_2b":7980.0,"data_generator_V_figure_2b":-55.707886},{"data_generator_T_figure_2b":7990.0,"data_generator_V_figure_2b":-55.696743},{"data_generator_T_figure_2b":8000.0,"data_generator_V_figure_2b":-55.685276},{"data_generator_T_figure_2b":8010.0,"data_generator_V_figure_2b":-55.673466},{"data_generator_T_figure_2b":8020.0,"data_generator_V_figure_2b":-55.661308},{"data_generator_T_figure_2b":8030.0,"data_generator_V_figure_2b":-55.648777},{"data_generator_T_figure_2b":8040.0,"data_generator_V_figure_2b":-55.63586},{"data_generator_T_figure_2b":8050.0,"data_generator_V_figure_2b":-55.62254},{"data_generator_T_figure_2b":8060.0,"data_generator_V_figure_2b":-55.608791},{"data_generator_T_figure_2b":8070.0,"data_generator_V_figure_2b":-55.594593},{"data_generator_T_figure_2b":8080.0,"data_generator_V_figure_2b":-55.579922},{"data_generator_T_figure_2b":8090.0,"data_generator_V_figure_2b":-55.564743},{"data_generator_T_figure_2b":8100.0,"data_generator_V_figure_2b":-55.54903},{"data_generator_T_figure_2b":8110.0,"data_generator_V_figure_2b":-55.532749},{"data_generator_T_figure_2b":8120.0,"data_generator_V_figure_2b":-55.515854},{"data_generator_T_figure_2b":8130.0,"data_generator_V_figure_2b":-55.49831},{"data_generator_T_figure_2b":8140.0,"data_generator_V_figure_2b":-55.480061},{"data_generator_T_figure_2b":8150.0,"data_generator_V_figure_2b":-55.461056},{"data_generator_T_figure_2b":8160.0,"data_generator_V_figure_2b":-55.441235},{"data_generator_T_figure_2b":8170.0,"data_generator_V_figure_2b":-55.420528},{"data_generator_T_figure_2b":8180.0,"data_generator_V_figure_2b":-55.398853},{"data_generator_T_figure_2b":8190.0,"data_generator_V_figure_2b":-55.376129},{"data_generator_T_figure_2b":8200.0,"data_generator_V_figure_2b":-55.352249},{"data_generator_T_figure_2b":8210.0,"data_generator_V_figure_2b":-55.327099},{"data_generator_T_figure_2b":8220.0,"data_generator_V_figure_2b":-55.300549},{"data_generator_T_figure_2b":8230.0,"data_generator_V_figure_2b":-55.272442},{"data_generator_T_figure_2b":8240.0,"data_generator_V_figure_2b":-55.242599},{"data_generator_T_figure_2b":8250.0,"data_generator_V_figure_2b":-55.210812},{"data_generator_T_figure_2b":8260.0,"data_generator_V_figure_2b":-55.176834},{"data_generator_T_figure_2b":8270.0,"data_generator_V_figure_2b":-55.140373},{"data_generator_T_figure_2b":8280.0,"data_generator_V_figure_2b":-55.10107},{"data_generator_T_figure_2b":8290.0,"data_generator_V_figure_2b":-55.05851},{"data_generator_T_figure_2b":8300.0,"data_generator_V_figure_2b":-55.012169},{"data_generator_T_figure_2b":8310.0,"data_generator_V_figure_2b":-54.961403},{"data_generator_T_figure_2b":8320.0,"data_generator_V_figure_2b":-54.905415},{"data_generator_T_figure_2b":8330.0,"data_generator_V_figure_2b":-54.843174},{"data_generator_T_figure_2b":8340.0,"data_generator_V_figure_2b":-54.773369},{"data_generator_T_figure_2b":8350.0,"data_generator_V_figure_2b":-54.694256},{"data_generator_T_figure_2b":8360.0,"data_generator_V_figure_2b":-54.6035},{"data_generator_T_figure_2b":8370.0,"data_generator_V_figure_2b":-54.497864},{"data_generator_T_figure_2b":8380.0,"data_generator_V_figure_2b":-54.372719},{"data_generator_T_figure_2b":8390.0,"data_generator_V_figure_2b":-54.221218},{"data_generator_T_figure_2b":8400.0,"data_generator_V_figure_2b":-54.032692},{"data_generator_T_figure_2b":8410.0,"data_generator_V_figure_2b":-53.789497},{"data_generator_T_figure_2b":8420.0,"data_generator_V_figure_2b":-53.460045},{"data_generator_T_figure_2b":8430.0,"data_generator_V_figure_2b":-52.98114},{"data_generator_T_figure_2b":8440.0,"data_generator_V_figure_2b":-52.204895},{"data_generator_T_figure_2b":8450.0,"data_generator_V_figure_2b":-50.699318},{"data_generator_T_figure_2b":8460.0,"data_generator_V_figure_2b":-47.09557},{"data_generator_T_figure_2b":8470.0,"data_generator_V_figure_2b":-32.779667},{"data_generator_T_figure_2b":8480.0,"data_generator_V_figure_2b":-42.002563},{"data_generator_T_figure_2b":8490.0,"data_generator_V_figure_2b":-44.797462},{"data_generator_T_figure_2b":8500.0,"data_generator_V_figure_2b":-46.669018},{"data_generator_T_figure_2b":8510.0,"data_generator_V_figure_2b":-14.225859},{"data_generator_T_figure_2b":8520.0,"data_generator_V_figure_2b":-39.064007},{"data_generator_T_figure_2b":8530.0,"data_generator_V_figure_2b":-43.205811},{"data_generator_T_figure_2b":8540.0,"data_generator_V_figure_2b":-46.018837},{"data_generator_T_figure_2b":8550.0,"data_generator_V_figure_2b":-37.373367},{"data_generator_T_figure_2b":8560.0,"data_generator_V_figure_2b":-35.802406},{"data_generator_T_figure_2b":8570.0,"data_generator_V_figure_2b":-42.718765},{"data_generator_T_figure_2b":8580.0,"data_generator_V_figure_2b":-45.847977},{"data_generator_T_figure_2b":8590.0,"data_generator_V_figure_2b":-35.449593},{"data_generator_T_figure_2b":8600.0,"data_generator_V_figure_2b":-38.713451},{"data_generator_T_figure_2b":8610.0,"data_generator_V_figure_2b":-43.711723},{"data_generator_T_figure_2b":8620.0,"data_generator_V_figure_2b":-46.912617},{"data_generator_T_figure_2b":8630.0,"data_generator_V_figure_2b":5.6347313},{"data_generator_T_figure_2b":8640.0,"data_generator_V_figure_2b":-42.513969},{"data_generator_T_figure_2b":8650.0,"data_generator_V_figure_2b":-46.219429},{"data_generator_T_figure_2b":8660.0,"data_generator_V_figure_2b":-4.8507843},{"data_generator_T_figure_2b":8670.0,"data_generator_V_figure_2b":-42.531952},{"data_generator_T_figure_2b":8680.0,"data_generator_V_figure_2b":-46.516376},{"data_generator_T_figure_2b":8690.0,"data_generator_V_figure_2b":-16.998064},{"data_generator_T_figure_2b":8700.0,"data_generator_V_figure_2b":-43.884678},{"data_generator_T_figure_2b":8710.0,"data_generator_V_figure_2b":-46.357327},{"data_generator_T_figure_2b":8720.0,"data_generator_V_figure_2b":-41.665546},{"data_generator_T_figure_2b":8730.0,"data_generator_V_figure_2b":-46.391525},{"data_generator_T_figure_2b":8740.0,"data_generator_V_figure_2b":-39.031727},{"data_generator_T_figure_2b":8750.0,"data_generator_V_figure_2b":-45.504246},{"data_generator_T_figure_2b":8760.0,"data_generator_V_figure_2b":-36.288513},{"data_generator_T_figure_2b":8770.0,"data_generator_V_figure_2b":-45.44162},{"data_generator_T_figure_2b":8780.0,"data_generator_V_figure_2b":-39.286526},{"data_generator_T_figure_2b":8790.0,"data_generator_V_figure_2b":-46.181572},{"data_generator_T_figure_2b":8800.0,"data_generator_V_figure_2b":-42.332069},{"data_generator_T_figure_2b":8810.0,"data_generator_V_figure_2b":-47.722797},{"data_generator_T_figure_2b":8820.0,"data_generator_V_figure_2b":-44.695522},{"data_generator_T_figure_2b":8830.0,"data_generator_V_figure_2b":-41.461342},{"data_generator_T_figure_2b":8840.0,"data_generator_V_figure_2b":-47.683819},{"data_generator_T_figure_2b":8850.0,"data_generator_V_figure_2b":-45.600552},{"data_generator_T_figure_2b":8860.0,"data_generator_V_figure_2b":-44.433205},{"data_generator_T_figure_2b":8870.0,"data_generator_V_figure_2b":-43.629749},{"data_generator_T_figure_2b":8880.0,"data_generator_V_figure_2b":-42.894917},{"data_generator_T_figure_2b":8890.0,"data_generator_V_figure_2b":-41.487331},{"data_generator_T_figure_2b":8900.0,"data_generator_V_figure_2b":-48.258812},{"data_generator_T_figure_2b":8910.0,"data_generator_V_figure_2b":-48.392029},{"data_generator_T_figure_2b":8920.0,"data_generator_V_figure_2b":-48.741096},{"data_generator_T_figure_2b":8930.0,"data_generator_V_figure_2b":-49.315971},{"data_generator_T_figure_2b":8940.0,"data_generator_V_figure_2b":-49.972858},{"data_generator_T_figure_2b":8950.0,"data_generator_V_figure_2b":-50.632366},{"data_generator_T_figure_2b":8960.0,"data_generator_V_figure_2b":-51.253826},{"data_generator_T_figure_2b":8970.0,"data_generator_V_figure_2b":-51.81889},{"data_generator_T_figure_2b":8980.0,"data_generator_V_figure_2b":-52.321613},{"data_generator_T_figure_2b":8990.0,"data_generator_V_figure_2b":-52.762878},{"data_generator_T_figure_2b":9000.0,"data_generator_V_figure_2b":-53.147118},{"data_generator_T_figure_2b":9010.0,"data_generator_V_figure_2b":-53.480343},{"data_generator_T_figure_2b":9020.0,"data_generator_V_figure_2b":-53.76897},{"data_generator_T_figure_2b":9030.0,"data_generator_V_figure_2b":-54.019154},{"data_generator_T_figure_2b":9040.0,"data_generator_V_figure_2b":-54.236458},{"data_generator_T_figure_2b":9050.0,"data_generator_V_figure_2b":-54.425755},{"data_generator_T_figure_2b":9060.0,"data_generator_V_figure_2b":-54.591213},{"data_generator_T_figure_2b":9070.0,"data_generator_V_figure_2b":-54.736355},{"data_generator_T_figure_2b":9080.0,"data_generator_V_figure_2b":-54.864128},{"data_generator_T_figure_2b":9090.0,"data_generator_V_figure_2b":-54.977009},{"data_generator_T_figure_2b":9100.0,"data_generator_V_figure_2b":-55.077068},{"data_generator_T_figure_2b":9110.0,"data_generator_V_figure_2b":-55.166042},{"data_generator_T_figure_2b":9120.0,"data_generator_V_figure_2b":-55.24538},{"data_generator_T_figure_2b":9130.0,"data_generator_V_figure_2b":-55.316319},{"data_generator_T_figure_2b":9140.0,"data_generator_V_figure_2b":-55.379894},{"data_generator_T_figure_2b":9150.0,"data_generator_V_figure_2b":-55.436993},{"data_generator_T_figure_2b":9160.0,"data_generator_V_figure_2b":-55.488369},{"data_generator_T_figure_2b":9170.0,"data_generator_V_figure_2b":-55.534668},{"data_generator_T_figure_2b":9180.0,"data_generator_V_figure_2b":-55.57645},{"data_generator_T_figure_2b":9190.0,"data_generator_V_figure_2b":-55.614197},{"data_generator_T_figure_2b":9200.0,"data_generator_V_figure_2b":-55.648327},{"data_generator_T_figure_2b":9210.0,"data_generator_V_figure_2b":-55.679207},{"data_generator_T_figure_2b":9220.0,"data_generator_V_figure_2b":-55.70715},{"data_generator_T_figure_2b":9230.0,"data_generator_V_figure_2b":-55.732441},{"data_generator_T_figure_2b":9240.0,"data_generator_V_figure_2b":-55.755329},{"data_generator_T_figure_2b":9250.0,"data_generator_V_figure_2b":-55.776028},{"data_generator_T_figure_2b":9260.0,"data_generator_V_figure_2b":-55.794731},{"data_generator_T_figure_2b":9270.0,"data_generator_V_figure_2b":-55.811611},{"data_generator_T_figure_2b":9280.0,"data_generator_V_figure_2b":-55.826824},{"data_generator_T_figure_2b":9290.0,"data_generator_V_figure_2b":-55.840504},{"data_generator_T_figure_2b":9300.0,"data_generator_V_figure_2b":-55.852776},{"data_generator_T_figure_2b":9310.0,"data_generator_V_figure_2b":-55.863747},{"data_generator_T_figure_2b":9320.0,"data_generator_V_figure_2b":-55.87352},{"data_generator_T_figure_2b":9330.0,"data_generator_V_figure_2b":-55.882183},{"data_generator_T_figure_2b":9340.0,"data_generator_V_figure_2b":-55.889816},{"data_generator_T_figure_2b":9350.0,"data_generator_V_figure_2b":-55.896492},{"data_generator_T_figure_2b":9360.0,"data_generator_V_figure_2b":-55.902279},{"data_generator_T_figure_2b":9370.0,"data_generator_V_figure_2b":-55.907238},{"data_generator_T_figure_2b":9380.0,"data_generator_V_figure_2b":-55.911423},{"data_generator_T_figure_2b":9390.0,"data_generator_V_figure_2b":-55.914883},{"data_generator_T_figure_2b":9400.0,"data_generator_V_figure_2b":-55.91766},{"data_generator_T_figure_2b":9410.0,"data_generator_V_figure_2b":-55.919804},{"data_generator_T_figure_2b":9420.0,"data_generator_V_figure_2b":-55.921349},{"data_generator_T_figure_2b":9430.0,"data_generator_V_figure_2b":-55.922325},{"data_generator_T_figure_2b":9440.0,"data_generator_V_figure_2b":-55.922771},{"data_generator_T_figure_2b":9450.0,"data_generator_V_figure_2b":-55.922714},{"data_generator_T_figure_2b":9460.0,"data_generator_V_figure_2b":-55.922176},{"data_generator_T_figure_2b":9470.0,"data_generator_V_figure_2b":-55.921188},{"data_generator_T_figure_2b":9480.0,"data_generator_V_figure_2b":-55.919769},{"data_generator_T_figure_2b":9490.0,"data_generator_V_figure_2b":-55.917938},{"data_generator_T_figure_2b":9500.0,"data_generator_V_figure_2b":-55.915718},{"data_generator_T_figure_2b":9510.0,"data_generator_V_figure_2b":-55.913124},{"data_generator_T_figure_2b":9520.0,"data_generator_V_figure_2b":-55.910168},{"data_generator_T_figure_2b":9530.0,"data_generator_V_figure_2b":-55.906868},{"data_generator_T_figure_2b":9540.0,"data_generator_V_figure_2b":-55.903236},{"data_generator_T_figure_2b":9550.0,"data_generator_V_figure_2b":-55.899284},{"data_generator_T_figure_2b":9560.0,"data_generator_V_figure_2b":-55.895023},{"data_generator_T_figure_2b":9570.0,"data_generator_V_figure_2b":-55.890465},{"data_generator_T_figure_2b":9580.0,"data_generator_V_figure_2b":-55.885609},{"data_generator_T_figure_2b":9590.0,"data_generator_V_figure_2b":-55.880474},{"data_generator_T_figure_2b":9600.0,"data_generator_V_figure_2b":-55.875061},{"data_generator_T_figure_2b":9610.0,"data_generator_V_figure_2b":-55.869377},{"data_generator_T_figure_2b":9620.0,"data_generator_V_figure_2b":-55.863426},{"data_generator_T_figure_2b":9630.0,"data_generator_V_figure_2b":-55.857212},{"data_generator_T_figure_2b":9640.0,"data_generator_V_figure_2b":-55.850742},{"data_generator_T_figure_2b":9650.0,"data_generator_V_figure_2b":-55.844013},{"data_generator_T_figure_2b":9660.0,"data_generator_V_figure_2b":-55.837032},{"data_generator_T_figure_2b":9670.0,"data_generator_V_figure_2b":-55.829803},{"data_generator_T_figure_2b":9680.0,"data_generator_V_figure_2b":-55.822319},{"data_generator_T_figure_2b":9690.0,"data_generator_V_figure_2b":-55.814583},{"data_generator_T_figure_2b":9700.0,"data_generator_V_figure_2b":-55.806595},{"data_generator_T_figure_2b":9710.0,"data_generator_V_figure_2b":-55.798355},{"data_generator_T_figure_2b":9720.0,"data_generator_V_figure_2b":-55.789856},{"data_generator_T_figure_2b":9730.0,"data_generator_V_figure_2b":-55.781101},{"data_generator_T_figure_2b":9740.0,"data_generator_V_figure_2b":-55.772087},{"data_generator_T_figure_2b":9750.0,"data_generator_V_figure_2b":-55.762802},{"data_generator_T_figure_2b":9760.0,"data_generator_V_figure_2b":-55.753246},{"data_generator_T_figure_2b":9770.0,"data_generator_V_figure_2b":-55.743412},{"data_generator_T_figure_2b":9780.0,"data_generator_V_figure_2b":-55.733295},{"data_generator_T_figure_2b":9790.0,"data_generator_V_figure_2b":-55.722885},{"data_generator_T_figure_2b":9800.0,"data_generator_V_figure_2b":-55.712173},{"data_generator_T_figure_2b":9810.0,"data_generator_V_figure_2b":-55.701149},{"data_generator_T_figure_2b":9820.0,"data_generator_V_figure_2b":-55.689804},{"data_generator_T_figure_2b":9830.0,"data_generator_V_figure_2b":-55.678127},{"data_generator_T_figure_2b":9840.0,"data_generator_V_figure_2b":-55.6661},{"data_generator_T_figure_2b":9850.0,"data_generator_V_figure_2b":-55.653709},{"data_generator_T_figure_2b":9860.0,"data_generator_V_figure_2b":-55.640942},{"data_generator_T_figure_2b":9870.0,"data_generator_V_figure_2b":-55.627773},{"data_generator_T_figure_2b":9880.0,"data_generator_V_figure_2b":-55.614185},{"data_generator_T_figure_2b":9890.0,"data_generator_V_figure_2b":-55.600159},{"data_generator_T_figure_2b":9900.0,"data_generator_V_figure_2b":-55.585667},{"data_generator_T_figure_2b":9910.0,"data_generator_V_figure_2b":-55.570683},{"data_generator_T_figure_2b":9920.0,"data_generator_V_figure_2b":-55.555176},{"data_generator_T_figure_2b":9930.0,"data_generator_V_figure_2b":-55.539108},{"data_generator_T_figure_2b":9940.0,"data_generator_V_figure_2b":-55.522449},{"data_generator_T_figure_2b":9950.0,"data_generator_V_figure_2b":-55.505154},{"data_generator_T_figure_2b":9960.0,"data_generator_V_figure_2b":-55.487171},{"data_generator_T_figure_2b":9970.0,"data_generator_V_figure_2b":-55.468456},{"data_generator_T_figure_2b":9980.0,"data_generator_V_figure_2b":-55.448948},{"data_generator_T_figure_2b":9990.0,"data_generator_V_figure_2b":-55.428581},{"data_generator_T_figure_2b":10000.0,"data_generator_V_figure_2b":-55.407276}]