[{"data_set_value_component_environment_variable_time":0.0,"data_set_value_component_Cln2_variable_Cln2":0.0078,"data_set_value_component_Cln2_variable_ks_n2":0.0,"data_set_value_component_Cln2_variable_ks_n2_":0.05,"data_set_value_component_Cln2_variable_kd_n2":0.1,"data_set_value_component_Clb2_T_variable_Clb2_T":0.2342,"data_set_value_component_Clb2_T_variable_Hct1_T":1.0,"data_set_value_component_Clb2_T_variable_ks_b2":0.002,"data_set_value_component_Clb2_T_variable_ks_b2_":0.05,"data_set_value_component_Clb2_T_variable_kd_b2":0.01,"data_set_value_component_Clb2_T_variable_kd_b2_":2.0,"data_set_value_component_Clb2_T_variable_kd_b2__":0.05,"data_set_value_component_Clb2_T_variable_Vd_b2":2.023494,"data_set_value_component_Clb2_variable_Clb2":0.1552,"data_set_value_component_Clb5_variable_Clb5":0.0407,"data_set_value_component_Sic1_variable_Sic1":0.0234,"data_set_value_component_Clb5_T_variable_Clb5_T":0.0614,"data_set_value_component_Clb5_T_variable_ks_b5":0.006,"data_set_value_component_Clb5_T_variable_ks_b5_":0.02,"data_set_value_component_Clb5_T_variable_kd_b5":0.1,"data_set_value_component_Clb5_T_variable_kd_b5_":0.25,"data_set_value_component_Clb5_T_variable_Vd_b5":0.2712,"data_set_value_component_Bck2_variable_Bck2":0.00178416,"data_set_value_component_Bck2_variable_Bck2_0":0.0027,"data_set_value_component_Cln3_variable_Cln3":0.001984146,"data_set_value_component_Cln3_variable_Jn3":6.0,"data_set_value_component_Cln3_variable_Dn3":1.0,"data_set_value_component_Cln3_variable_Cln3_max":0.02,"data_set_value_component_Sic1_T_variable_Sic1_T":0.1231,"data_set_value_component_Sic1_T_variable_ks_c1":0.02,"data_set_value_component_Sic1_T_variable_ks_c1_":0.1,"data_set_value_component_Clb2_Sic1_variable_Clb2_Sic1":0.079,"data_set_value_component_Clb2_Sic1_variable_kas_b2":50.0,"data_set_value_component_Clb2_Sic1_variable_kdi_b2":0.05,"data_set_value_component_Clb5_Sic1_variable_Clb5_Sic1":0.0207,"data_set_value_component_Clb5_Sic1_variable_kas_b5":50.0,"data_set_value_component_Clb5_Sic1_variable_kdi_b5":0.05,"data_set_value_component_Vd2_c1_variable_Vd2_c1":0.0306448923,"data_set_value_component_Vd2_c1_variable_kd2_c1":0.3,"data_set_value_component_Vd2_c1_variable_epsilonc1_n3":20.0,"data_set_value_component_Vd2_c1_variable_epsilonc1_k2":2.0,"data_set_value_component_Vd2_c1_variable_epsilonc1_b5":1.0,"data_set_value_component_Vd2_c1_variable_epsilonc1_b2":0.067,"data_set_value_component_Cdc20_T_variable_Cdc20_T":0.8332,"data_set_value_component_Cdc20_T_variable_ks_20":0.005,"data_set_value_component_Cdc20_T_variable_ks_20_":0.06,"data_set_value_component_Cdc20_variable_Cdc20":0.6848,"data_set_value_component_Cdc20_variable_ka_20":1.0,"data_set_value_component_Cdc20_variable_ki_20":0.1,"data_set_value_component_Cdc20_variable_ki_20_":10.0,"data_set_value_component_Cdc20_variable_Vi_20":0.1,"data_set_value_component_Hct1_variable_Hct1":0.9946,"data_set_value_component_Hct1_variable_ka_t1":0.04,"data_set_value_component_Hct1_variable_ka_t1_":2.0,"data_set_value_component_Hct1_variable_ki_t1":0.0,"data_set_value_component_Hct1_variable_ki_t1_":0.64,"data_set_value_component_Hct1_variable_Vi_t1":0.1186138535,"data_set_value_component_Hct1_variable_Ji_t1":0.05,"data_set_value_component_Hct1_variable_Ja_t1":0.05,"data_set_value_component_Hct1_variable_epsiloni_t1_n2":1.0,"data_set_value_component_Hct1_variable_epsiloni_t1_b5":0.5,"data_set_value_component_Hct1_variable_epsiloni_t1_b2":1.0,"data_set_value_component_mass_variable_mass":0.6608,"data_set_value_component_mass_variable_mu":0.005776,"data_set_value_component_ORI_variable_ORI":0.0,"data_set_value_component_ORI_variable_ks_ori":2.0,"data_set_value_component_ORI_variable_kd_ori":0.06,"data_set_value_component_ORI_variable_epsilonori_b2":0.4,"data_set_value_component_BUD_variable_BUD":0.0,"data_set_value_component_BUD_variable_ks_bud":0.3,"data_set_value_component_BUD_variable_kd_bud":0.06,"data_set_value_component_BUD_variable_epsilonbud_b5":1.0,"data_set_value_component_SPN_variable_SPN":0.0,"data_set_value_component_SPN_variable_ks_spn":0.08,"data_set_value_component_SPN_variable_kd_spn":0.06,"data_set_value_component_SPN_variable_J_spn":0.2,"data_set_value_component_SBF_variable_SBF":0.0027386225,"data_set_value_component_SBF_variable_ka_sbf":1.0,"data_set_value_component_SBF_variable_ki_sbf":0.5,"data_set_value_component_SBF_variable_ki_sbf_":6.0,"data_set_value_component_SBF_variable_Va_sbf":0.3107729536,"data_set_value_component_SBF_variable_Ji_sbf":0.01,"data_set_value_component_SBF_variable_Ja_sbf":0.01,"data_set_value_component_SBF_variable_epsilonsbf_n3":75.0,"data_set_value_component_SBF_variable_epsilonsbf_b5":0.5,"data_set_value_component_MBF_variable_MBF":0.0027386225,"data_set_value_component_Mcm1_variable_Mcm1":0.512775725,"data_set_value_component_Mcm1_variable_ka_mcm":1.0,"data_set_value_component_Mcm1_variable_ki_mcm":0.15,"data_set_value_component_Mcm1_variable_Ji_mcm":1.0,"data_set_value_component_Mcm1_variable_Ja_mcm":1.0,"data_set_value_component_Swi5_variable_Swi5":0.9226507597,"data_set_value_component_Swi5_variable_ka_swi":1.0,"data_set_value_component_Swi5_variable_ki_swi":0.3,"data_set_value_component_Swi5_variable_ki_swi_":0.2,"data_set_value_component_Swi5_variable_Ji_swi":0.1,"data_set_value_component_Swi5_variable_Ja_swi":0.1,"data_set_value_component_parameters_variable_kd1_c1":0.01,"data_set_value_component_parameters_variable_kd_20":0.08,"data_set_value_component_parameters_variable_Jd2_c1":0.05},{"data_set_value_component_environment_variable_time":0.1,"data_set_value_component_Cln2_variable_Cln2":0.00773255,"data_set_value_component_Cln2_variable_ks_n2":0.0,"data_set_value_component_Cln2_variable_ks_n2_":0.05,"data_set_value_component_Cln2_variable_kd_n2":0.1,"data_set_value_component_Clb2_T_variable_Clb2_T":0.1927391024,"data_set_value_component_Clb2_T_variable_Hct1_T":1.0,"data_set_value_component_Clb2_T_variable_ks_b2":0.002,"data_set_value_component_Clb2_T_variable_ks_b2_":0.05,"data_set_value_component_Clb2_T_variable_kd_b2":0.01,"data_set_value_component_Clb2_T_variable_kd_b2_":2.0,"data_set_value_component_Clb2_T_variable_kd_b2__":0.05,"data_set_value_component_Clb2_T_variable_Vd_b2":2.0269057608,"data_set_value_component_Clb2_variable_Clb2":0.1141435474,"data_set_value_component_Clb5_variable_Clb5":0.0356092272,"data_set_value_component_Sic1_variable_Sic1":0.0289655752,"data_set_value_component_Clb5_T_variable_Clb5_T":0.060150821,"data_set_value_component_Clb5_T_variable_ks_b5":0.006,"data_set_value_component_Clb5_T_variable_ks_b5_":0.02,"data_set_value_component_Clb5_T_variable_kd_b5":0.1,"data_set_value_component_Clb5_T_variable_kd_b5_":0.25,"data_set_value_component_Clb5_T_variable_Vd_b5":0.2717289338,"data_set_value_component_Bck2_variable_Bck2":0.0017851908,"data_set_value_component_Bck2_variable_Bck2_0":0.0027,"data_set_value_component_Cln3_variable_Cln3":0.0019851786,"data_set_value_component_Cln3_variable_Jn3":6.0,"data_set_value_component_Cln3_variable_Dn3":1.0,"data_set_value_component_Cln3_variable_Cln3_max":0.02,"data_set_value_component_Sic1_T_variable_Sic1_T":0.1321027242,"data_set_value_component_Sic1_T_variable_ks_c1":0.02,"data_set_value_component_Sic1_T_variable_ks_c1_":0.1,"data_set_value_component_Clb2_Sic1_variable_Clb2_Sic1":0.0785955551,"data_set_value_component_Clb2_Sic1_variable_kas_b2":50.0,"data_set_value_component_Clb2_Sic1_variable_kdi_b2":0.05,"data_set_value_component_Clb5_Sic1_variable_Clb5_Sic1":0.0245415939,"data_set_value_component_Clb5_Sic1_variable_kas_b5":50.0,"data_set_value_component_Clb5_Sic1_variable_kdi_b5":0.05,"data_set_value_component_Vd2_c1_variable_Vd2_c1":0.0282790048,"data_set_value_component_Vd2_c1_variable_kd2_c1":0.3,"data_set_value_component_Vd2_c1_variable_epsilonc1_n3":20.0,"data_set_value_component_Vd2_c1_variable_epsilonc1_k2":2.0,"data_set_value_component_Vd2_c1_variable_epsilonc1_b5":1.0,"data_set_value_component_Vd2_c1_variable_epsilonc1_b2":0.067,"data_set_value_component_Cdc20_T_variable_Cdc20_T":0.8278590136,"data_set_value_component_Cdc20_T_variable_ks_20":0.005,"data_set_value_component_Cdc20_T_variable_ks_20_":0.06,"data_set_value_component_Cdc20_variable_Cdc20":0.6869157351,"data_set_value_component_Cdc20_variable_ka_20":1.0,"data_set_value_component_Cdc20_variable_ki_20":0.1,"data_set_value_component_Cdc20_variable_ki_20_":10.0,"data_set_value_component_Cdc20_variable_Vi_20":0.1,"data_set_value_component_Hct1_variable_Hct1":0.9962612935,"data_set_value_component_Hct1_variable_ka_t1":0.04,"data_set_value_component_Hct1_variable_ka_t1_":2.0,"data_set_value_component_Hct1_variable_ki_t1":0.0,"data_set_value_component_Hct1_variable_ki_t1_":0.64,"data_set_value_component_Hct1_variable_Vi_t1":0.0906661693,"data_set_value_component_Hct1_variable_Ji_t1":0.05,"data_set_value_component_Hct1_variable_Ja_t1":0.05,"data_set_value_component_Hct1_variable_epsiloni_t1_n2":1.0,"data_set_value_component_Hct1_variable_epsiloni_t1_b5":0.5,"data_set_value_component_Hct1_variable_epsiloni_t1_b2":1.0,"data_set_value_component_mass_variable_mass":0.6611817883,"data_set_value_component_mass_variable_mu":0.005776,"data_set_value_component_ORI_variable_ORI":0.0182893261,"data_set_value_component_ORI_variable_ks_ori":2.0,"data_set_value_component_ORI_variable_kd_ori":0.06,"data_set_value_component_ORI_variable_epsilonori_b2":0.4,"data_set_value_component_BUD_variable_BUD":0.0014333288,"data_set_value_component_BUD_variable_ks_bud":0.3,"data_set_value_component_BUD_variable_kd_bud":0.06,"data_set_value_component_BUD_variable_epsilonbud_b5":1.0,"data_set_value_component_SPN_variable_SPN":0.0031921396,"data_set_value_component_SPN_variable_ks_spn":0.08,"data_set_value_component_SPN_variable_kd_spn":0.06,"data_set_value_component_SPN_variable_J_spn":0.2,"data_set_value_component_SBF_variable_SBF":0.0034703093,"data_set_value_component_SBF_variable_ka_sbf":1.0,"data_set_value_component_SBF_variable_ki_sbf":0.5,"data_set_value_component_SBF_variable_ki_sbf_":6.0,"data_set_value_component_SBF_variable_Va_sbf":0.3083148733,"data_set_value_component_SBF_variable_Ji_sbf":0.01,"data_set_value_component_SBF_variable_Ja_sbf":0.01,"data_set_value_component_SBF_variable_epsilonsbf_n3":75.0,"data_set_value_component_SBF_variable_epsilonsbf_b5":0.5,"data_set_value_component_MBF_variable_MBF":0.0034703093,"data_set_value_component_Mcm1_variable_Mcm1":0.3995598719,"data_set_value_component_Mcm1_variable_ka_mcm":1.0,"data_set_value_component_Mcm1_variable_ki_mcm":0.15,"data_set_value_component_Mcm1_variable_Ji_mcm":1.0,"data_set_value_component_Mcm1_variable_Ja_mcm":1.0,"data_set_value_component_Swi5_variable_Swi5":0.9263353701,"data_set_value_component_Swi5_variable_ka_swi":1.0,"data_set_value_component_Swi5_variable_ki_swi":0.3,"data_set_value_component_Swi5_variable_ki_swi_":0.2,"data_set_value_component_Swi5_variable_Ji_swi":0.1,"data_set_value_component_Swi5_variable_Ja_swi":0.1,"data_set_value_component_parameters_variable_kd1_c1":0.01,"data_set_value_component_parameters_variable_kd_20":0.08,"data_set_value_component_parameters_variable_Jd2_c1":0.05},{"data_set_value_component_environment_variable_time":0.2,"data_set_value_component_Cln2_variable_Cln2":0.0076685074,"data_set_value_component_Cln2_variable_ks_n2":0.0,"data_set_value_component_Cln2_variable_ks_n2_":0.05,"data_set_value_component_Cln2_variable_kd_n2":0.1,"data_set_value_component_Clb2_T_variable_Clb2_T":0.158505741,"data_set_value_component_Clb2_T_variable_Hct1_T":1.0,"data_set_value_component_Clb2_T_variable_ks_b2":0.002,"data_set_value_component_Clb2_T_variable_ks_b2_":0.05,"data_set_value_component_Clb2_T_variable_kd_b2":0.01,"data_set_value_component_Clb2_T_variable_kd_b2_":2.0,"data_set_value_component_Clb2_T_variable_kd_b2__":0.05,"data_set_value_component_Clb2_T_variable_Vd_b2":2.0289745509,"data_set_value_component_Clb2_variable_Clb2":0.0816823056,"data_set_value_component_Clb5_variable_Clb5":0.0303481136,"data_set_value_component_Sic1_variable_Sic1":0.0358474858,"data_set_value_component_Clb5_T_variable_Clb5_T":0.0589338617,"data_set_value_component_Clb5_T_variable_ks_b5":0.006,"data_set_value_component_Clb5_T_variable_ks_b5_":0.02,"data_set_value_component_Clb5_T_variable_kd_b5":0.1,"data_set_value_component_Clb5_T_variable_kd_b5_":0.25,"data_set_value_component_Clb5_T_variable_Vd_b5":0.2720708171,"data_set_value_component_Bck2_variable_Bck2":0.0017862223,"data_set_value_component_Bck2_variable_Bck2_0":0.0027,"data_set_value_component_Cln3_variable_Cln3":0.0019862117,"data_set_value_component_Cln3_variable_Jn3":6.0,"data_set_value_component_Cln3_variable_Dn3":1.0,"data_set_value_component_Cln3_variable_Cln3_max":0.02,"data_set_value_component_Sic1_T_variable_Sic1_T":0.1412566693,"data_set_value_component_Sic1_T_variable_ks_c1":0.02,"data_set_value_component_Sic1_T_variable_ks_c1_":0.1,"data_set_value_component_Clb2_Sic1_variable_Clb2_Sic1":0.0768234355,"data_set_value_component_Clb2_Sic1_variable_kas_b2":50.0,"data_set_value_component_Clb2_Sic1_variable_kdi_b2":0.05,"data_set_value_component_Clb5_Sic1_variable_Clb5_Sic1":0.028585748,"data_set_value_component_Clb5_Sic1_variable_kas_b5":50.0,"data_set_value_component_Clb5_Sic1_variable_kdi_b5":0.05,"data_set_value_component_Vd2_c1_variable_Vd2_c1":0.0260358042,"data_set_value_component_Vd2_c1_variable_kd2_c1":0.3,"data_set_value_component_Vd2_c1_variable_epsilonc1_n3":20.0,"data_set_value_component_Vd2_c1_variable_epsilonc1_k2":2.0,"data_set_value_component_Vd2_c1_variable_epsilonc1_b5":1.0,"data_set_value_component_Vd2_c1_variable_epsilonc1_b2":0.067,"data_set_value_component_Cdc20_T_variable_Cdc20_T":0.8223416339,"data_set_value_component_Cdc20_T_variable_ks_20":0.005,"data_set_value_component_Cdc20_T_variable_ks_20_":0.06,"data_set_value_component_Cdc20_variable_Cdc20":0.6882832684,"data_set_value_component_Cdc20_variable_ka_20":1.0,"data_set_value_component_Cdc20_variable_ki_20":0.1,"data_set_value_component_Cdc20_variable_ki_20_":10.0,"data_set_value_component_Cdc20_variable_Vi_20":0.1,"data_set_value_component_Hct1_variable_Hct1":0.9972665264,"data_set_value_component_Hct1_variable_ka_t1":0.04,"data_set_value_component_Hct1_variable_ka_t1_":2.0,"data_set_value_component_Hct1_variable_ki_t1":0.0,"data_set_value_component_Hct1_variable_ki_t1_":0.64,"data_set_value_component_Hct1_variable_Vi_t1":0.0681670921,"data_set_value_component_Hct1_variable_Ji_t1":0.05,"data_set_value_component_Hct1_variable_Ja_t1":0.05,"data_set_value_component_Hct1_variable_epsiloni_t1_n2":1.0,"data_set_value_component_Hct1_variable_epsiloni_t1_b5":0.5,"data_set_value_component_Hct1_variable_epsiloni_t1_b2":1.0,"data_set_value_component_mass_variable_mass":0.6615637972,"data_set_value_component_mass_variable_mu":0.005776,"data_set_value_component_ORI_variable_ORI":0.0325128958,"data_set_value_component_ORI_variable_ks_ori":2.0,"data_set_value_component_ORI_variable_kd_ori":0.06,"data_set_value_component_ORI_variable_epsilonori_b2":0.4,"data_set_value_component_BUD_variable_BUD":0.0027010495,"data_set_value_component_BUD_variable_ks_bud":0.3,"data_set_value_component_BUD_variable_kd_bud":0.06,"data_set_value_component_BUD_variable_epsilonbud_b5":1.0,"data_set_value_component_SPN_variable_SPN":0.0057769891,"data_set_value_component_SPN_variable_ks_spn":0.08,"data_set_value_component_SPN_variable_kd_spn":0.06,"data_set_value_component_SPN_variable_J_spn":0.2,"data_set_value_component_SBF_variable_SBF":0.0044043094,"data_set_value_component_SBF_variable_ka_sbf":1.0,"data_set_value_component_SBF_variable_ki_sbf":0.5,"data_set_value_component_SBF_variable_ki_sbf_":6.0,"data_set_value_component_SBF_variable_Va_sbf":0.3057751105,"data_set_value_component_SBF_variable_Ji_sbf":0.01,"data_set_value_component_SBF_variable_Ja_sbf":0.01,"data_set_value_component_SBF_variable_epsilonsbf_n3":75.0,"data_set_value_component_SBF_variable_epsilonsbf_b5":0.5,"data_set_value_component_MBF_variable_MBF":0.0044043094,"data_set_value_component_Mcm1_variable_Mcm1":0.2916438101,"data_set_value_component_Mcm1_variable_ka_mcm":1.0,"data_set_value_component_Mcm1_variable_ki_mcm":0.15,"data_set_value_component_Mcm1_variable_Ji_mcm":1.0,"data_set_value_component_Mcm1_variable_Ja_mcm":1.0,"data_set_value_component_Swi5_variable_Swi5":0.9290771969,"data_set_value_component_Swi5_variable_ka_swi":1.0,"data_set_value_component_Swi5_variable_ki_swi":0.3,"data_set_value_component_Swi5_variable_ki_swi_":0.2,"data_set_value_component_Swi5_variable_Ji_swi":0.1,"data_set_value_component_Swi5_variable_Ja_swi":0.1,"data_set_value_component_parameters_variable_kd1_c1":0.01,"data_set_value_component_parameters_variable_kd_20":0.08,"data_set_value_component_parameters_variable_Jd2_c1":0.05},{"data_set_value_component_environment_variable_time":0.3,"data_set_value_component_Cln2_variable_Cln2":0.0076085608,"data_set_value_component_Cln2_variable_ks_n2":0.0,"data_set_value_component_Cln2_variable_ks_n2_":0.05,"data_set_value_component_Cln2_variable_kd_n2":0.1,"data_set_value_component_Clb2_T_variable_Clb2_T":0.1302354442,"data_set_value_component_Clb2_T_variable_Hct1_T":1.0,"data_set_value_component_Clb2_T_variable_ks_b2":0.002,"data_set_value_component_Clb2_T_variable_ks_b2_":0.05,"data_set_value_component_Clb2_T_variable_kd_b2":0.01,"data_set_value_component_Clb2_T_variable_kd_b2_":2.0,"data_set_value_component_Clb2_T_variable_kd_b2__":0.05,"data_set_value_component_Clb2_T_variable_Vd_b2":2.0304829715,"data_set_value_component_Clb2_variable_Clb2":0.0565413767,"data_set_value_component_Clb5_variable_Clb5":0.0250659712,"data_set_value_component_Sic1_variable_Sic1":0.0441748372,"data_set_value_component_Clb5_T_variable_Clb5_T":0.0577496754,"data_set_value_component_Clb5_T_variable_ks_b5":0.006,"data_set_value_component_Clb5_T_variable_ks_b5_":0.02,"data_set_value_component_Clb5_T_variable_kd_b5":0.1,"data_set_value_component_Clb5_T_variable_kd_b5_":0.25,"data_set_value_component_Clb5_T_variable_Vd_b5":0.2722429185,"data_set_value_component_Bck2_variable_Bck2":0.0017872543,"data_set_value_component_Bck2_variable_Bck2_0":0.0027,"data_set_value_component_Cln3_variable_Cln3":0.0019872452,"data_set_value_component_Cln3_variable_Jn3":6.0,"data_set_value_component_Cln3_variable_Dn3":1.0,"data_set_value_component_Cln3_variable_Cln3_max":0.02,"data_set_value_component_Sic1_T_variable_Sic1_T":0.1505526089,"data_set_value_component_Sic1_T_variable_ks_c1":0.02,"data_set_value_component_Sic1_T_variable_ks_c1_":0.1,"data_set_value_component_Clb2_Sic1_variable_Clb2_Sic1":0.0736940674,"data_set_value_component_Clb2_Sic1_variable_kas_b2":50.0,"data_set_value_component_Clb2_Sic1_variable_kdi_b2":0.05,"data_set_value_component_Clb5_Sic1_variable_Clb5_Sic1":0.0326837043,"data_set_value_component_Clb5_Sic1_variable_kas_b5":50.0,"data_set_value_component_Clb5_Sic1_variable_kdi_b5":0.05,"data_set_value_component_Vd2_c1_variable_Vd2_c1":0.0239346653,"data_set_value_component_Vd2_c1_variable_kd2_c1":0.3,"data_set_value_component_Vd2_c1_variable_epsilonc1_n3":20.0,"data_set_value_component_Vd2_c1_variable_epsilonc1_k2":2.0,"data_set_value_component_Vd2_c1_variable_epsilonc1_b5":1.0,"data_set_value_component_Vd2_c1_variable_epsilonc1_b2":0.067,"data_set_value_component_Cdc20_T_variable_Cdc20_T":0.8166967032,"data_set_value_component_Cdc20_T_variable_ks_20":0.005,"data_set_value_component_Cdc20_T_variable_ks_20_":0.06,"data_set_value_component_Cdc20_variable_Cdc20":0.6889716739,"data_set_value_component_Cdc20_variable_ka_20":1.0,"data_set_value_component_Cdc20_variable_ki_20":0.1,"data_set_value_component_Cdc20_variable_ki_20_":10.0,"data_set_value_component_Cdc20_variable_Vi_20":0.1,"data_set_value_component_Hct1_variable_Hct1":0.99800723,"data_set_value_component_Hct1_variable_ka_t1":0.04,"data_set_value_component_Hct1_variable_ka_t1_":2.0,"data_set_value_component_Hct1_variable_ki_t1":0.0,"data_set_value_component_Hct1_variable_ki_t1_":0.64,"data_set_value_component_Hct1_variable_Vi_t1":0.0503489078,"data_set_value_component_Hct1_variable_Ji_t1":0.05,"data_set_value_component_Hct1_variable_Ja_t1":0.05,"data_set_value_component_Hct1_variable_epsiloni_t1_n2":1.0,"data_set_value_component_Hct1_variable_epsiloni_t1_b5":0.5,"data_set_value_component_Hct1_variable_epsiloni_t1_b2":1.0,"data_set_value_component_mass_variable_mass":0.6619460269,"data_set_value_component_mass_variable_mu":0.005776,"data_set_value_component_ORI_variable_ORI":0.043307981,"data_set_value_component_ORI_variable_ks_ori":2.0,"data_set_value_component_ORI_variable_kd_ori":0.06,"data_set_value_component_ORI_variable_epsilonori_b2":0.4,"data_set_value_component_BUD_variable_BUD":0.0038012368,"data_set_value_component_BUD_variable_ks_bud":0.3,"data_set_value_component_BUD_variable_kd_bud":0.06,"data_set_value_component_BUD_variable_epsilonbud_b5":1.0,"data_set_value_component_SPN_variable_SPN":0.007773759,"data_set_value_component_SPN_variable_ks_spn":0.08,"data_set_value_component_SPN_variable_kd_spn":0.06,"data_set_value_component_SPN_variable_J_spn":0.2,"data_set_value_component_SBF_variable_SBF":0.0055693662,"data_set_value_component_SBF_variable_ka_sbf":1.0,"data_set_value_component_SBF_variable_ki_sbf":0.5,"data_set_value_component_SBF_variable_ki_sbf_":6.0,"data_set_value_component_SBF_variable_Va_sbf":0.3032290099,"data_set_value_component_SBF_variable_Ji_sbf":0.01,"data_set_value_component_SBF_variable_Ja_sbf":0.01,"data_set_value_component_SBF_variable_epsilonsbf_n3":75.0,"data_set_value_component_SBF_variable_epsilonsbf_b5":0.5,"data_set_value_component_MBF_variable_MBF":0.0055693662,"data_set_value_component_Mcm1_variable_Mcm1":0.2010655375,"data_set_value_component_Mcm1_variable_ka_mcm":1.0,"data_set_value_component_Mcm1_variable_ki_mcm":0.15,"data_set_value_component_Mcm1_variable_Ji_mcm":1.0,"data_set_value_component_Mcm1_variable_Ja_mcm":1.0,"data_set_value_component_Swi5_variable_Swi5":0.9310747721,"data_set_value_component_Swi5_variable_ka_swi":1.0,"data_set_value_component_Swi5_variable_ki_swi":0.3,"data_set_value_component_Swi5_variable_ki_swi_":0.2,"data_set_value_component_Swi5_variable_Ji_swi":0.1,"data_set_value_component_Swi5_variable_Ja_swi":0.1,"data_set_value_component_parameters_variable_kd1_c1":0.01,"data_set_value_component_parameters_variable_kd_20":0.08,"data_set_value_component_parameters_variable_Jd2_c1":0.05},{"data_set_value_component_environment_variable_time":0.4,"data_set_value_component_Cln2_variable_Cln2":0.0075534349,"data_set_value_component_Cln2_variable_ks_n2":0.0,"data_set_value_component_Cln2_variable_ks_n2_":0.05,"data_set_value_component_Cln2_variable_kd_n2":0.1,"data_set_value_component_Clb2_T_variable_Clb2_T":0.1069069085,"data_set_value_component_Clb2_T_variable_Hct1_T":1.0,"data_set_value_component_Clb2_T_variable_ks_b2":0.002,"data_set_value_component_Clb2_T_variable_ks_b2_":0.05,"data_set_value_component_Clb2_T_variable_kd_b2":0.01,"data_set_value_component_Clb2_T_variable_kd_b2_":2.0,"data_set_value_component_Clb2_T_variable_kd_b2__":0.05,"data_set_value_component_Clb2_T_variable_Vd_b2":2.0315927268,"data_set_value_component_Clb2_variable_Clb2":0.037642006,"data_set_value_component_Clb5_variable_Clb5":0.0199662692,"data_set_value_component_Sic1_variable_Sic1":0.0540819956,"data_set_value_component_Clb5_T_variable_Clb5_T":0.0565986564,"data_set_value_component_Clb5_T_variable_ks_b5":0.006,"data_set_value_component_Clb5_T_variable_ks_b5_":0.02,"data_set_value_component_Clb5_T_variable_kd_b5":0.1,"data_set_value_component_Clb5_T_variable_kd_b5_":0.25,"data_set_value_component_Clb5_T_variable_Vd_b5":0.2722616395,"data_set_value_component_Bck2_variable_Bck2":0.0017882869,"data_set_value_component_Bck2_variable_Bck2_0":0.0027,"data_set_value_component_Cln3_variable_Cln3":0.0019882793,"data_set_value_component_Cln3_variable_Jn3":6.0,"data_set_value_component_Cln3_variable_Dn3":1.0,"data_set_value_component_Cln3_variable_Cln3_max":0.02,"data_set_value_component_Sic1_T_variable_Sic1_T":0.1599792854,"data_set_value_component_Sic1_T_variable_ks_c1":0.02,"data_set_value_component_Sic1_T_variable_ks_c1_":0.1,"data_set_value_component_Clb2_Sic1_variable_Clb2_Sic1":0.0692649025,"data_set_value_component_Clb2_Sic1_variable_kas_b2":50.0,"data_set_value_component_Clb2_Sic1_variable_kdi_b2":0.05,"data_set_value_component_Clb5_Sic1_variable_Clb5_Sic1":0.0366323873,"data_set_value_component_Clb5_Sic1_variable_kas_b5":50.0,"data_set_value_component_Clb5_Sic1_variable_kdi_b5":0.05,"data_set_value_component_Vd2_c1_variable_Vd2_c1":0.0220151632,"data_set_value_component_Vd2_c1_variable_kd2_c1":0.3,"data_set_value_component_Vd2_c1_variable_epsilonc1_n3":20.0,"data_set_value_component_Vd2_c1_variable_epsilonc1_k2":2.0,"data_set_value_component_Vd2_c1_variable_epsilonc1_b5":1.0,"data_set_value_component_Vd2_c1_variable_epsilonc1_b2":0.067,"data_set_value_component_Cdc20_T_variable_Cdc20_T":0.8109656922,"data_set_value_component_Cdc20_T_variable_ks_20":0.005,"data_set_value_component_Cdc20_T_variable_ks_20_":0.06,"data_set_value_component_Cdc20_variable_Cdc20":0.6890465581,"data_set_value_component_Cdc20_variable_ka_20":1.0,"data_set_value_component_Cdc20_variable_ki_20":0.1,"data_set_value_component_Cdc20_variable_ki_20_":10.0,"data_set_value_component_Cdc20_variable_Vi_20":0.1,"data_set_value_component_Hct1_variable_Hct1":0.9985630145,"data_set_value_component_Hct1_variable_ka_t1":0.04,"data_set_value_component_Hct1_variable_ka_t1_":2.0,"data_set_value_component_Hct1_variable_ki_t1":0.0,"data_set_value_component_Hct1_variable_ki_t1_":0.64,"data_set_value_component_Hct1_variable_Vi_t1":0.036586787,"data_set_value_component_Hct1_variable_Ji_t1":0.05,"data_set_value_component_Hct1_variable_Ja_t1":0.05,"data_set_value_component_Hct1_variable_epsiloni_t1_n2":1.0,"data_set_value_component_Hct1_variable_epsiloni_t1_b5":0.5,"data_set_value_component_Hct1_variable_epsiloni_t1_b2":1.0,"data_set_value_component_mass_variable_mass":0.6623284773,"data_set_value_component_mass_variable_mu":0.005776,"data_set_value_component_ORI_variable_ORI":0.051250431,"data_set_value_component_ORI_variable_ks_ori":2.0,"data_set_value_component_ORI_variable_kd_ori":0.06,"data_set_value_component_ORI_variable_epsilonori_b2":0.4,"data_set_value_component_BUD_variable_BUD":0.004737336,"data_set_value_component_BUD_variable_ks_bud":0.3,"data_set_value_component_BUD_variable_kd_bud":0.06,"data_set_value_component_BUD_variable_epsilonbud_b5":1.0,"data_set_value_component_SPN_variable_SPN":0.0092314394,"data_set_value_component_SPN_variable_ks_spn":0.08,"data_set_value_component_SPN_variable_kd_spn":0.06,"data_set_value_component_SPN_variable_J_spn":0.2,"data_set_value_component_SBF_variable_SBF":0.0069563204,"data_set_value_component_SBF_variable_ka_sbf":1.0,"data_set_value_component_SBF_variable_ki_sbf":0.5,"data_set_value_component_SBF_variable_ki_sbf_":6.0,"data_set_value_component_SBF_variable_Va_sbf":0.3007790308,"data_set_value_component_SBF_variable_Ji_sbf":0.01,"data_set_value_component_SBF_variable_Ja_sbf":0.01,"data_set_value_component_SBF_variable_epsilonsbf_n3":75.0,"data_set_value_component_SBF_variable_epsilonsbf_b5":0.5,"data_set_value_component_MBF_variable_MBF":0.0069563204,"data_set_value_component_Mcm1_variable_Mcm1":0.1319990075,"data_set_value_component_Mcm1_variable_ka_mcm":1.0,"data_set_value_component_Mcm1_variable_ki_mcm":0.15,"data_set_value_component_Mcm1_variable_Ji_mcm":1.0,"data_set_value_component_Mcm1_variable_Ja_mcm":1.0,"data_set_value_component_Swi5_variable_Swi5":0.9324725931,"data_set_value_component_Swi5_variable_ka_swi":1.0,"data_set_value_component_Swi5_variable_ki_swi":0.3,"data_set_value_component_Swi5_variable_ki_swi_":0.2,"data_set_value_component_Swi5_variable_Ji_swi":0.1,"data_set_value_component_Swi5_variable_Ja_swi":0.1,"data_set_value_component_parameters_variable_kd1_c1":0.01,"data_set_value_component_parameters_variable_kd_20":0.08,"data_set_value_component_parameters_variable_Jd2_c1":0.05},{"data_set_value_component_environment_variable_time":0.5,"data_set_value_component_Cln2_variable_Cln2":0.0075037074,"data_set_value_component_Cln2_variable_ks_n2":0.0,"data_set_value_component_Cln2_variable_ks_n2_":0.05,"data_set_value_component_Cln2_variable_kd_n2":0.1,"data_set_value_component_Clb2_T_variable_Clb2_T":0.0876829646,"data_set_value_component_Clb2_T_variable_Hct1_T":1.0,"data_set_value_component_Clb2_T_variable_ks_b2":0.002,"data_set_value_component_Clb2_T_variable_ks_b2_":0.05,"data_set_value_component_Clb2_T_variable_kd_b2":0.01,"data_set_value_component_Clb2_T_variable_kd_b2_":2.0,"data_set_value_component_Clb2_T_variable_kd_b2__":0.05,"data_set_value_component_Clb2_T_variable_Vd_b2":2.0323844068,"data_set_value_component_Clb2_variable_Clb2":0.0239839116,"data_set_value_component_Clb5_variable_Clb5":0.0152784824,"data_set_value_component_Sic1_variable_Sic1":0.0656203551,"data_set_value_component_Clb5_T_variable_Clb5_T":0.055480988,"data_set_value_component_Clb5_T_variable_ks_b5":0.006,"data_set_value_component_Clb5_T_variable_ks_b5_":0.02,"data_set_value_component_Clb5_T_variable_kd_b5":0.1,"data_set_value_component_Clb5_T_variable_kd_b5_":0.25,"data_set_value_component_Clb5_T_variable_Vd_b5":0.2721424548,"data_set_value_component_Bck2_variable_Bck2":0.0017893201,"data_set_value_component_Bck2_variable_Bck2_0":0.0027,"data_set_value_component_Cln3_variable_Cln3":0.0019893138,"data_set_value_component_Cln3_variable_Jn3":6.0,"data_set_value_component_Cln3_variable_Dn3":1.0,"data_set_value_component_Cln3_variable_Cln3_max":0.02,"data_set_value_component_Sic1_T_variable_Sic1_T":0.1695219137,"data_set_value_component_Sic1_T_variable_ks_c1":0.02,"data_set_value_component_Sic1_T_variable_ks_c1_":0.1,"data_set_value_component_Clb2_Sic1_variable_Clb2_Sic1":0.063699053,"data_set_value_component_Clb2_Sic1_variable_kas_b2":50.0,"data_set_value_component_Clb2_Sic1_variable_kdi_b2":0.05,"data_set_value_component_Clb5_Sic1_variable_Clb5_Sic1":0.0402025056,"data_set_value_component_Clb5_Sic1_variable_kas_b5":50.0,"data_set_value_component_Clb5_Sic1_variable_kdi_b5":0.05,"data_set_value_component_Vd2_c1_variable_Vd2_c1":0.0203262082,"data_set_value_component_Vd2_c1_variable_kd2_c1":0.3,"data_set_value_component_Vd2_c1_variable_epsilonc1_n3":20.0,"data_set_value_component_Vd2_c1_variable_epsilonc1_k2":2.0,"data_set_value_component_Vd2_c1_variable_epsilonc1_b5":1.0,"data_set_value_component_Vd2_c1_variable_epsilonc1_b2":0.067,"data_set_value_component_Cdc20_T_variable_Cdc20_T":0.8051835748,"data_set_value_component_Cdc20_T_variable_ks_20":0.005,"data_set_value_component_Cdc20_T_variable_ks_20_":0.06,"data_set_value_component_Cdc20_variable_Cdc20":0.6885698191,"data_set_value_component_Cdc20_variable_ka_20":1.0,"data_set_value_component_Cdc20_variable_ki_20":0.1,"data_set_value_component_Cdc20_variable_ki_20_":10.0,"data_set_value_component_Cdc20_variable_Vi_20":0.1,"data_set_value_component_Hct1_variable_Hct1":0.998972822,"data_set_value_component_Hct1_variable_ka_t1":0.04,"data_set_value_component_Hct1_variable_ka_t1_":2.0,"data_set_value_component_Hct1_variable_ki_t1":0.0,"data_set_value_component_Hct1_variable_ki_t1_":0.64,"data_set_value_component_Hct1_variable_Vi_t1":0.0263143514,"data_set_value_component_Hct1_variable_Ji_t1":0.05,"data_set_value_component_Hct1_variable_Ja_t1":0.05,"data_set_value_component_Hct1_variable_epsiloni_t1_n2":1.0,"data_set_value_component_Hct1_variable_epsiloni_t1_b5":0.5,"data_set_value_component_Hct1_variable_epsiloni_t1_b2":1.0,"data_set_value_component_mass_variable_mass":0.6627111488,"data_set_value_component_mass_variable_mu":0.005776,"data_set_value_component_ORI_variable_ORI":0.0568740955,"data_set_value_component_ORI_variable_ks_ori":2.0,"data_set_value_component_ORI_variable_kd_ori":0.06,"data_set_value_component_ORI_variable_epsilonori_b2":0.4,"data_set_value_component_BUD_variable_BUD":0.0055193534,"data_set_value_component_BUD_variable_ks_bud":0.3,"data_set_value_component_BUD_variable_kd_bud":0.06,"data_set_value_component_BUD_variable_epsilonbud_b5":1.0,"data_set_value_component_SPN_variable_SPN":0.0102268387,"data_set_value_component_SPN_variable_ks_spn":0.08,"data_set_value_component_SPN_variable_kd_spn":0.06,"data_set_value_component_SPN_variable_J_spn":0.2,"data_set_value_component_SBF_variable_SBF":0.008484708,"data_set_value_component_SBF_variable_ka_sbf":1.0,"data_set_value_component_SBF_variable_ki_sbf":0.5,"data_set_value_component_SBF_variable_ki_sbf_":6.0,"data_set_value_component_SBF_variable_Va_sbf":0.2985404883,"data_set_value_component_SBF_variable_Ji_sbf":0.01,"data_set_value_component_SBF_variable_Ja_sbf":0.01,"data_set_value_component_SBF_variable_epsilonsbf_n3":75.0,"data_set_value_component_SBF_variable_epsilonsbf_b5":0.5,"data_set_value_component_MBF_variable_MBF":0.008484708,"data_set_value_component_Mcm1_variable_Mcm1":0.082828151,"data_set_value_component_Mcm1_variable_ka_mcm":1.0,"data_set_value_component_Mcm1_variable_ki_mcm":0.15,"data_set_value_component_Mcm1_variable_Ji_mcm":1.0,"data_set_value_component_Mcm1_variable_Ja_mcm":1.0,"data_set_value_component_Swi5_variable_Swi5":0.9333842107,"data_set_value_component_Swi5_variable_ka_swi":1.0,"data_set_value_component_Swi5_variable_ki_swi":0.3,"data_set_value_component_Swi5_variable_ki_swi_":0.2,"data_set_value_component_Swi5_variable_Ji_swi":0.1,"data_set_value_component_Swi5_variable_Ja_swi":0.1,"data_set_value_component_parameters_variable_kd1_c1":0.01,"data_set_value_component_parameters_variable_kd_20":0.08,"data_set_value_component_parameters_variable_Jd2_c1":0.05},{"data_set_value_component_environment_variable_time":0.6,"data_set_value_component_Cln2_variable_Cln2":0.0074595494,"data_set_value_component_Cln2_variable_ks_n2":0.0,"data_set_value_component_Cln2_variable_ks_n2_":0.05,"data_set_value_component_Cln2_variable_kd_n2":0.1,"data_set_value_component_Clb2_T_variable_Clb2_T":0.0718680355,"data_set_value_component_Clb2_T_variable_Hct1_T":1.0,"data_set_value_component_Clb2_T_variable_ks_b2":0.002,"data_set_value_component_Clb2_T_variable_ks_b2_":0.05,"data_set_value_component_Clb2_T_variable_kd_b2":0.01,"data_set_value_component_Clb2_T_variable_kd_b2_":2.0,"data_set_value_component_Clb2_T_variable_kd_b2__":0.05,"data_set_value_component_Clb2_T_variable_Vd_b2":2.0329180593,"data_set_value_component_Clb2_variable_Clb2":0.0145872211,"data_set_value_component_Clb5_variable_Clb5":0.0112162522,"data_set_value_component_Sic1_variable_Sic1":0.0787006237,"data_set_value_component_Clb5_T_variable_Clb5_T":0.0543965597,"data_set_value_component_Clb5_T_variable_ks_b5":0.006,"data_set_value_component_Clb5_T_variable_ks_b5_":0.02,"data_set_value_component_Clb5_T_variable_kd_b5":0.1,"data_set_value_component_Clb5_T_variable_kd_b5_":0.25,"data_set_value_component_Clb5_T_variable_Vd_b5":0.2718998668,"data_set_value_component_Bck2_variable_Bck2":0.0017903539,"data_set_value_component_Bck2_variable_Bck2_0":0.0027,"data_set_value_component_Cln3_variable_Cln3":0.0019903487,"data_set_value_component_Cln3_variable_Jn3":6.0,"data_set_value_component_Cln3_variable_Dn3":1.0,"data_set_value_component_Cln3_variable_Cln3_max":0.02,"data_set_value_component_Sic1_T_variable_Sic1_T":0.1791617457,"data_set_value_component_Sic1_T_variable_ks_c1":0.02,"data_set_value_component_Sic1_T_variable_ks_c1_":0.1,"data_set_value_component_Clb2_Sic1_variable_Clb2_Sic1":0.0572808144,"data_set_value_component_Clb2_Sic1_variable_kas_b2":50.0,"data_set_value_component_Clb2_Sic1_variable_kdi_b2":0.05,"data_set_value_component_Clb5_Sic1_variable_Clb5_Sic1":0.0431803076,"data_set_value_component_Clb5_Sic1_variable_kas_b5":50.0,"data_set_value_component_Clb5_Sic1_variable_kdi_b5":0.05,"data_set_value_component_Vd2_c1_variable_Vd2_c1":0.0189122484,"data_set_value_component_Vd2_c1_variable_kd2_c1":0.3,"data_set_value_component_Vd2_c1_variable_epsilonc1_n3":20.0,"data_set_value_component_Vd2_c1_variable_epsilonc1_k2":2.0,"data_set_value_component_Vd2_c1_variable_epsilonc1_b5":1.0,"data_set_value_component_Vd2_c1_variable_epsilonc1_b2":0.067,"data_set_value_component_Cdc20_T_variable_Cdc20_T":0.7993791447,"data_set_value_component_Cdc20_T_variable_ks_20":0.005,"data_set_value_component_Cdc20_T_variable_ks_20_":0.06,"data_set_value_component_Cdc20_variable_Cdc20":0.6875994672,"data_set_value_component_Cdc20_variable_ka_20":1.0,"data_set_value_component_Cdc20_variable_ki_20":0.1,"data_set_value_component_Cdc20_variable_ki_20_":10.0,"data_set_value_component_Cdc20_variable_Vi_20":0.1,"data_set_value_component_Hct1_variable_Hct1":0.9992653698,"data_set_value_component_Hct1_variable_ka_t1":0.04,"data_set_value_component_Hct1_variable_ka_t1_":2.0,"data_set_value_component_Hct1_variable_ki_t1":0.0,"data_set_value_component_Hct1_variable_ki_t1_":0.64,"data_set_value_component_Hct1_variable_Vi_t1":0.018972957,"data_set_value_component_Hct1_variable_Ji_t1":0.05,"data_set_value_component_Hct1_variable_Ja_t1":0.05,"data_set_value_component_Hct1_variable_epsiloni_t1_n2":1.0,"data_set_value_component_Hct1_variable_epsiloni_t1_b5":0.5,"data_set_value_component_Hct1_variable_epsiloni_t1_b2":1.0,"data_set_value_component_mass_variable_mass":0.6630940413,"data_set_value_component_mass_variable_mu":0.005776,"data_set_value_component_ORI_variable_ORI":0.060675828,"data_set_value_component_ORI_variable_ks_ori":2.0,"data_set_value_component_ORI_variable_kd_ori":0.06,"data_set_value_component_ORI_variable_epsilonori_b2":0.4,"data_set_value_component_BUD_variable_BUD":0.0061639914,"data_set_value_component_BUD_variable_ks_bud":0.3,"data_set_value_component_BUD_variable_kd_bud":0.06,"data_set_value_component_BUD_variable_epsilonbud_b5":1.0,"data_set_value_component_SPN_variable_SPN":0.0108553263,"data_set_value_component_SPN_variable_ks_spn":0.08,"data_set_value_component_SPN_variable_kd_spn":0.06,"data_set_value_component_SPN_variable_J_spn":0.2,"data_set_value_component_SBF_variable_SBF":0.0099926858,"data_set_value_component_SBF_variable_ka_sbf":1.0,"data_set_value_component_SBF_variable_ki_sbf":0.5,"data_set_value_component_SBF_variable_ki_sbf_":6.0,"data_set_value_component_SBF_variable_Va_sbf":0.2966203743,"data_set_value_component_SBF_variable_Ji_sbf":0.01,"data_set_value_component_SBF_variable_Ja_sbf":0.01,"data_set_value_component_SBF_variable_epsilonsbf_n3":75.0,"data_set_value_component_SBF_variable_epsilonsbf_b5":0.5,"data_set_value_component_MBF_variable_MBF":0.0099926858,"data_set_value_component_Mcm1_variable_Mcm1":0.0497408428,"data_set_value_component_Mcm1_variable_ka_mcm":1.0,"data_set_value_component_Mcm1_variable_ki_mcm":0.15,"data_set_value_component_Mcm1_variable_Ji_mcm":1.0,"data_set_value_component_Mcm1_variable_Ja_mcm":1.0,"data_set_value_component_Swi5_variable_Swi5":0.9339053076,"data_set_value_component_Swi5_variable_ka_swi":1.0,"data_set_value_component_Swi5_variable_ki_swi":0.3,"data_set_value_component_Swi5_variable_ki_swi_":0.2,"data_set_value_component_Swi5_variable_Ji_swi":0.1,"data_set_value_component_Swi5_variable_Ja_swi":0.1,"data_set_value_component_parameters_variable_kd1_c1":0.01,"data_set_value_component_parameters_variable_kd_20":0.08,"data_set_value_component_parameters_variable_Jd2_c1":0.05},{"data_set_value_component_environment_variable_time":0.7,"data_set_value_component_Cln2_variable_Cln2":0.0074205271,"data_set_value_component_Cln2_variable_ks_n2":0.0,"data_set_value_component_Cln2_variable_ks_n2_":0.05,"data_set_value_component_Cln2_variable_kd_n2":0.1,"data_set_value_component_Clb2_T_variable_Clb2_T":0.0588802961,"data_set_value_component_Clb2_T_variable_Hct1_T":1.0,"data_set_value_component_Clb2_T_variable_ks_b2":0.002,"data_set_value_component_Clb2_T_variable_ks_b2_":0.05,"data_set_value_component_Clb2_T_variable_kd_b2":0.01,"data_set_value_component_Clb2_T_variable_kd_b2_":2.0,"data_set_value_component_Clb2_T_variable_kd_b2__":0.05,"data_set_value_component_Clb2_T_variable_Vd_b2":2.0332457272,"data_set_value_component_Clb2_variable_Clb2":0.0084842966,"data_set_value_component_Clb5_variable_Clb5":0.0079268733,"data_set_value_component_Sic1_variable_Sic1":0.0930628444,"data_set_value_component_Clb5_T_variable_Clb5_T":0.0533449095,"data_set_value_component_Clb5_T_variable_ks_b5":0.006,"data_set_value_component_Clb5_T_variable_ks_b5_":0.02,"data_set_value_component_Clb5_T_variable_kd_b5":0.1,"data_set_value_component_Clb5_T_variable_kd_b5_":0.25,"data_set_value_component_Clb5_T_variable_Vd_b5":0.2715473702,"data_set_value_component_Bck2_variable_Bck2":0.0017913883,"data_set_value_component_Bck2_variable_Bck2_0":0.0027,"data_set_value_component_Cln3_variable_Cln3":0.0019913842,"data_set_value_component_Cln3_variable_Jn3":6.0,"data_set_value_component_Cln3_variable_Dn3":1.0,"data_set_value_component_Cln3_variable_Cln3_max":0.02,"data_set_value_component_Sic1_T_variable_Sic1_T":0.1888768801,"data_set_value_component_Sic1_T_variable_ks_c1":0.02,"data_set_value_component_Sic1_T_variable_ks_c1_":0.1,"data_set_value_component_Clb2_Sic1_variable_Clb2_Sic1":0.0503959995,"data_set_value_component_Clb2_Sic1_variable_kas_b2":50.0,"data_set_value_component_Clb2_Sic1_variable_kdi_b2":0.05,"data_set_value_component_Clb5_Sic1_variable_Clb5_Sic1":0.0454180362,"data_set_value_component_Clb5_Sic1_variable_kas_b5":50.0,"data_set_value_component_Clb5_Sic1_variable_kdi_b5":0.05,"data_set_value_component_Vd2_c1_variable_Vd2_c1":0.0177978926,"data_set_value_component_Vd2_c1_variable_kd2_c1":0.3,"data_set_value_component_Vd2_c1_variable_epsilonc1_n3":20.0,"data_set_value_component_Vd2_c1_variable_epsilonc1_k2":2.0,"data_set_value_component_Vd2_c1_variable_epsilonc1_b5":1.0,"data_set_value_component_Vd2_c1_variable_epsilonc1_b2":0.067,"data_set_value_component_Cdc20_T_variable_Cdc20_T":0.7935751391,"data_set_value_component_Cdc20_T_variable_ks_20":0.005,"data_set_value_component_Cdc20_T_variable_ks_20_":0.06,"data_set_value_component_Cdc20_variable_Cdc20":0.6861894806,"data_set_value_component_Cdc20_variable_ka_20":1.0,"data_set_value_component_Cdc20_variable_ki_20":0.1,"data_set_value_component_Cdc20_variable_ki_20_":10.0,"data_set_value_component_Cdc20_variable_Vi_20":0.1,"data_set_value_component_Hct1_variable_Hct1":0.9994654538,"data_set_value_component_Hct1_variable_ka_t1":0.04,"data_set_value_component_Hct1_variable_ka_t1_":2.0,"data_set_value_component_Hct1_variable_ki_t1":0.0,"data_set_value_component_Hct1_variable_ki_t1_":0.64,"data_set_value_component_Hct1_variable_Vi_t1":0.0139901725,"data_set_value_component_Hct1_variable_Ji_t1":0.05,"data_set_value_component_Hct1_variable_Ja_t1":0.05,"data_set_value_component_Hct1_variable_epsiloni_t1_n2":1.0,"data_set_value_component_Hct1_variable_epsiloni_t1_b5":0.5,"data_set_value_component_Hct1_variable_epsiloni_t1_b2":1.0,"data_set_value_component_mass_variable_mass":0.6634771551,"data_set_value_component_mass_variable_mu":0.005776,"data_set_value_component_ORI_variable_ORI":0.0631086506,"data_set_value_component_ORI_variable_ks_ori":2.0,"data_set_value_component_ORI_variable_kd_ori":0.06,"data_set_value_component_ORI_variable_epsilonori_b2":0.4,"data_set_value_component_BUD_variable_BUD":0.0066933866,"data_set_value_component_BUD_variable_ks_bud":0.3,"data_set_value_component_BUD_variable_kd_bud":0.06,"data_set_value_component_BUD_variable_epsilonbud_b5":1.0,"data_set_value_component_SPN_variable_SPN":0.0112163341,"data_set_value_component_SPN_variable_ks_spn":0.08,"data_set_value_component_SPN_variable_kd_spn":0.06,"data_set_value_component_SPN_variable_J_spn":0.2,"data_set_value_component_SBF_variable_SBF":0.0112895137,"data_set_value_component_SBF_variable_ka_sbf":1.0,"data_set_value_component_SBF_variable_ki_sbf":0.5,"data_set_value_component_SBF_variable_ki_sbf_":6.0,"data_set_value_component_SBF_variable_Va_sbf":0.2950919024,"data_set_value_component_SBF_variable_Ji_sbf":0.01,"data_set_value_component_SBF_variable_Ja_sbf":0.01,"data_set_value_component_SBF_variable_epsilonsbf_n3":75.0,"data_set_value_component_SBF_variable_epsilonsbf_b5":0.5,"data_set_value_component_MBF_variable_MBF":0.0112895137,"data_set_value_component_Mcm1_variable_Mcm1":0.0286686917,"data_set_value_component_Mcm1_variable_ka_mcm":1.0,"data_set_value_component_Mcm1_variable_ki_mcm":0.15,"data_set_value_component_Mcm1_variable_Ji_mcm":1.0,"data_set_value_component_Mcm1_variable_Ja_mcm":1.0,"data_set_value_component_Swi5_variable_Swi5":0.9341202731,"data_set_value_component_Swi5_variable_ka_swi":1.0,"data_set_value_component_Swi5_variable_ki_swi":0.3,"data_set_value_component_Swi5_variable_ki_swi_":0.2,"data_set_value_component_Swi5_variable_Ji_swi":0.1,"data_set_value_component_Swi5_variable_Ja_swi":0.1,"data_set_value_component_parameters_variable_kd1_c1":0.01,"data_set_value_component_parameters_variable_kd_20":0.08,"data_set_value_component_parameters_variable_Jd2_c1":0.05},{"data_set_value_component_environment_variable_time":0.8,"data_set_value_component_Cln2_variable_Cln2":0.0073856573,"data_set_value_component_Cln2_variable_ks_n2":0.0,"data_set_value_component_Cln2_variable_ks_n2_":0.05,"data_set_value_component_Cln2_variable_kd_n2":0.1,"data_set_value_component_Clb2_T_variable_Clb2_T":0.0482314822,"data_set_value_component_Clb2_T_variable_Hct1_T":1.0,"data_set_value_component_Clb2_T_variable_ks_b2":0.002,"data_set_value_component_Clb2_T_variable_ks_b2_":0.05,"data_set_value_component_Clb2_T_variable_kd_b2":0.01,"data_set_value_component_Clb2_T_variable_kd_b2_":2.0,"data_set_value_component_Clb2_T_variable_kd_b2__":0.05,"data_set_value_component_Clb2_T_variable_Vd_b2":2.0334147892,"data_set_value_component_Clb2_variable_Clb2":0.0047640247,"data_set_value_component_Clb5_variable_Clb5":0.0054513606,"data_set_value_component_Sic1_variable_Sic1":0.1083029183,"data_set_value_component_Clb5_T_variable_Clb5_T":0.052325267,"data_set_value_component_Clb5_T_variable_ks_b5":0.006,"data_set_value_component_Clb5_T_variable_ks_b5_":0.02,"data_set_value_component_Clb5_T_variable_kd_b5":0.1,"data_set_value_component_Clb5_T_variable_kd_b5_":0.25,"data_set_value_component_Clb5_T_variable_Vd_b5":0.2710974222,"data_set_value_component_Bck2_variable_Bck2":0.0017924233,"data_set_value_component_Bck2_variable_Bck2_0":0.0027,"data_set_value_component_Cln3_variable_Cln3":0.0019924201,"data_set_value_component_Cln3_variable_Jn3":6.0,"data_set_value_component_Cln3_variable_Dn3":1.0,"data_set_value_component_Cln3_variable_Cln3_max":0.02,"data_set_value_component_Sic1_T_variable_Sic1_T":0.1986442823,"data_set_value_component_Sic1_T_variable_ks_c1":0.02,"data_set_value_component_Sic1_T_variable_ks_c1_":0.1,"data_set_value_component_Clb2_Sic1_variable_Clb2_Sic1":0.0434674576,"data_set_value_component_Clb2_Sic1_variable_kas_b2":50.0,"data_set_value_component_Clb2_Sic1_variable_kdi_b2":0.05,"data_set_value_component_Clb5_Sic1_variable_Clb5_Sic1":0.0468739065,"data_set_value_component_Clb5_Sic1_variable_kas_b5":50.0,"data_set_value_component_Clb5_Sic1_variable_kdi_b5":0.05,"data_set_value_component_Vd2_c1_variable_Vd2_c1":0.0169768371,"data_set_value_component_Vd2_c1_variable_kd2_c1":0.3,"data_set_value_component_Vd2_c1_variable_epsilonc1_n3":20.0,"data_set_value_component_Vd2_c1_variable_epsilonc1_k2":2.0,"data_set_value_component_Vd2_c1_variable_epsilonc1_b5":1.0,"data_set_value_component_Vd2_c1_variable_epsilonc1_b2":0.067,"data_set_value_component_Cdc20_T_variable_Cdc20_T":0.7877884677,"data_set_value_component_Cdc20_T_variable_ks_20":0.005,"data_set_value_component_Cdc20_T_variable_ks_20_":0.06,"data_set_value_component_Cdc20_variable_Cdc20":0.6843896886,"data_set_value_component_Cdc20_variable_ka_20":1.0,"data_set_value_component_Cdc20_variable_ki_20":0.1,"data_set_value_component_Cdc20_variable_ki_20_":10.0,"data_set_value_component_Cdc20_variable_Vi_20":0.1,"data_set_value_component_Hct1_variable_Hct1":0.9995956305,"data_set_value_component_Hct1_variable_ka_t1":0.04,"data_set_value_component_Hct1_variable_ka_t1_":2.0,"data_set_value_component_Hct1_variable_ki_t1":0.0,"data_set_value_component_Hct1_variable_ki_t1_":0.64,"data_set_value_component_Hct1_variable_Vi_t1":0.0107953807,"data_set_value_component_Hct1_variable_Ji_t1":0.05,"data_set_value_component_Hct1_variable_Ja_t1":0.05,"data_set_value_component_Hct1_variable_epsiloni_t1_n2":1.0,"data_set_value_component_Hct1_variable_epsiloni_t1_b5":0.5,"data_set_value_component_Hct1_variable_epsiloni_t1_b2":1.0,"data_set_value_component_mass_variable_mass":0.6638604902,"data_set_value_component_mass_variable_mu":0.005776,"data_set_value_component_ORI_variable_ORI":0.0645666423,"data_set_value_component_ORI_variable_ks_ori":2.0,"data_set_value_component_ORI_variable_kd_ori":0.06,"data_set_value_component_ORI_variable_epsilonori_b2":0.4,"data_set_value_component_BUD_variable_BUD":0.0071323899,"data_set_value_component_BUD_variable_ks_bud":0.3,"data_set_value_component_BUD_variable_kd_bud":0.06,"data_set_value_component_BUD_variable_epsilonbud_b5":1.0,"data_set_value_component_SPN_variable_SPN":0.01139858,"data_set_value_component_SPN_variable_ks_spn":0.08,"data_set_value_component_SPN_variable_kd_spn":0.06,"data_set_value_component_SPN_variable_J_spn":0.2,"data_set_value_component_SBF_variable_SBF":0.0122509348,"data_set_value_component_SBF_variable_ka_sbf":1.0,"data_set_value_component_SBF_variable_ki_sbf":0.5,"data_set_value_component_SBF_variable_ki_sbf_":6.0,"data_set_value_component_SBF_variable_Va_sbf":0.2939745968,"data_set_value_component_SBF_variable_Ji_sbf":0.01,"data_set_value_component_SBF_variable_Ja_sbf":0.01,"data_set_value_component_SBF_variable_epsilonsbf_n3":75.0,"data_set_value_component_SBF_variable_epsilonsbf_b5":0.5,"data_set_value_component_MBF_variable_MBF":0.0122509348,"data_set_value_component_Mcm1_variable_Mcm1":0.0160040801,"data_set_value_component_Mcm1_variable_ka_mcm":1.0,"data_set_value_component_Mcm1_variable_ki_mcm":0.15,"data_set_value_component_Mcm1_variable_Ji_mcm":1.0,"data_set_value_component_Mcm1_variable_Ja_mcm":1.0,"data_set_value_component_Swi5_variable_Swi5":0.9341032998,"data_set_value_component_Swi5_variable_ka_swi":1.0,"data_set_value_component_Swi5_variable_ki_swi":0.3,"data_set_value_component_Swi5_variable_ki_swi_":0.2,"data_set_value_component_Swi5_variable_Ji_swi":0.1,"data_set_value_component_Swi5_variable_Ja_swi":0.1,"data_set_value_component_parameters_variable_kd1_c1":0.01,"data_set_value_component_parameters_variable_kd_20":0.08,"data_set_value_component_parameters_variable_Jd2_c1":0.05},{"data_set_value_component_environment_variable_time":0.9,"data_set_value_component_Cln2_variable_Cln2":0.0073537539,"data_set_value_component_Cln2_variable_ks_n2":0.0,"data_set_value_component_Cln2_variable_ks_n2_":0.05,"data_set_value_component_Cln2_variable_kd_n2":0.1,"data_set_value_component_Clb2_T_variable_Clb2_T":0.0395127936,"data_set_value_component_Clb2_T_variable_Hct1_T":1.0,"data_set_value_component_Clb2_T_variable_ks_b2":0.002,"data_set_value_component_Clb2_T_variable_ks_b2_":0.05,"data_set_value_component_Clb2_T_variable_kd_b2":0.01,"data_set_value_component_Clb2_T_variable_kd_b2_":2.0,"data_set_value_component_Clb2_T_variable_kd_b2__":0.05,"data_set_value_component_Clb2_T_variable_Vd_b2":2.0334670998,"data_set_value_component_Clb2_variable_Clb2":0.0026363513,"data_set_value_component_Clb5_variable_Clb5":0.0037208327,"data_set_value_component_Sic1_variable_Sic1":0.1239500313,"data_set_value_component_Clb5_T_variable_Clb5_T":0.0513367092,"data_set_value_component_Clb5_T_variable_ks_b5":0.006,"data_set_value_component_Clb5_T_variable_ks_b5_":0.02,"data_set_value_component_Clb5_T_variable_kd_b5":0.1,"data_set_value_component_Clb5_T_variable_kd_b5_":0.25,"data_set_value_component_Clb5_T_variable_Vd_b5":0.270561428,"data_set_value_component_Bck2_variable_Bck2":0.0017934589,"data_set_value_component_Bck2_variable_Bck2_0":0.0027,"data_set_value_component_Cln3_variable_Cln3":0.0019934565,"data_set_value_component_Cln3_variable_Jn3":6.0,"data_set_value_component_Cln3_variable_Dn3":1.0,"data_set_value_component_Cln3_variable_Cln3_max":0.02,"data_set_value_component_Sic1_T_variable_Sic1_T":0.2084423502,"data_set_value_component_Sic1_T_variable_ks_c1":0.02,"data_set_value_component_Sic1_T_variable_ks_c1_":0.1,"data_set_value_component_Clb2_Sic1_variable_Clb2_Sic1":0.0368764424,"data_set_value_component_Clb2_Sic1_variable_kas_b2":50.0,"data_set_value_component_Clb2_Sic1_variable_kdi_b2":0.05,"data_set_value_component_Clb5_Sic1_variable_Clb5_Sic1":0.0476158765,"data_set_value_component_Clb5_Sic1_variable_kas_b5":50.0,"data_set_value_component_Clb5_Sic1_variable_kdi_b5":0.05,"data_set_value_component_Vd2_c1_variable_Vd2_c1":0.0164121813,"data_set_value_component_Vd2_c1_variable_kd2_c1":0.3,"data_set_value_component_Vd2_c1_variable_epsilonc1_n3":20.0,"data_set_value_component_Vd2_c1_variable_epsilonc1_k2":2.0,"data_set_value_component_Vd2_c1_variable_epsilonc1_b5":1.0,"data_set_value_component_Vd2_c1_variable_epsilonc1_b2":0.067,"data_set_value_component_Cdc20_T_variable_Cdc20_T":0.7820307909,"data_set_value_component_Cdc20_T_variable_ks_20":0.005,"data_set_value_component_Cdc20_T_variable_ks_20_":0.06,"data_set_value_component_Cdc20_variable_Cdc20":0.682245712,"data_set_value_component_Cdc20_variable_ka_20":1.0,"data_set_value_component_Cdc20_variable_ki_20":0.1,"data_set_value_component_Cdc20_variable_ki_20_":10.0,"data_set_value_component_Cdc20_variable_Vi_20":0.1,"data_set_value_component_Hct1_variable_Hct1":0.999675786,"data_set_value_component_Hct1_variable_ka_t1":0.04,"data_set_value_component_Hct1_variable_ka_t1_":2.0,"data_set_value_component_Hct1_variable_ki_t1":0.0,"data_set_value_component_Hct1_variable_ki_t1_":0.64,"data_set_value_component_Hct1_variable_Vi_t1":0.008860146,"data_set_value_component_Hct1_variable_Ji_t1":0.05,"data_set_value_component_Hct1_variable_Ja_t1":0.05,"data_set_value_component_Hct1_variable_epsiloni_t1_n2":1.0,"data_set_value_component_Hct1_variable_epsiloni_t1_b5":0.5,"data_set_value_component_Hct1_variable_epsiloni_t1_b2":1.0,"data_set_value_component_mass_variable_mass":0.6642440467,"data_set_value_component_mass_variable_mu":0.005776,"data_set_value_component_ORI_variable_ORI":0.0653701686,"data_set_value_component_ORI_variable_ks_ori":2.0,"data_set_value_component_ORI_variable_kd_ori":0.06,"data_set_value_component_ORI_variable_epsilonori_b2":0.4,"data_set_value_component_BUD_variable_BUD":0.0075052064,"data_set_value_component_BUD_variable_ks_bud":0.3,"data_set_value_component_BUD_variable_kd_bud":0.06,"data_set_value_component_BUD_variable_epsilonbud_b5":1.0,"data_set_value_component_SPN_variable_SPN":0.0114712015,"data_set_value_component_SPN_variable_ks_spn":0.08,"data_set_value_component_SPN_variable_kd_spn":0.06,"data_set_value_component_SPN_variable_J_spn":0.2,"data_set_value_component_SBF_variable_SBF":0.012871775,"data_set_value_component_SBF_variable_ka_sbf":1.0,"data_set_value_component_SBF_variable_ki_sbf":0.5,"data_set_value_component_SBF_variable_ki_sbf_":6.0,"data_set_value_component_SBF_variable_Va_sbf":0.2932328309,"data_set_value_component_SBF_variable_Ji_sbf":0.01,"data_set_value_component_SBF_variable_Ja_sbf":0.01,"data_set_value_component_SBF_variable_epsilonsbf_n3":75.0,"data_set_value_component_SBF_variable_epsilonsbf_b5":0.5,"data_set_value_component_MBF_variable_MBF":0.012871775,"data_set_value_component_Mcm1_variable_Mcm1":0.008826103,"data_set_value_component_Mcm1_variable_ka_mcm":1.0,"data_set_value_component_Mcm1_variable_ki_mcm":0.15,"data_set_value_component_Mcm1_variable_Ji_mcm":1.0,"data_set_value_component_Mcm1_variable_Ja_mcm":1.0,"data_set_value_component_Swi5_variable_Swi5":0.9339167234,"data_set_value_component_Swi5_variable_ka_swi":1.0,"data_set_value_component_Swi5_variable_ki_swi":0.3,"data_set_value_component_Swi5_variable_ki_swi_":0.2,"data_set_value_component_Swi5_variable_Ji_swi":0.1,"data_set_value_component_Swi5_variable_Ja_swi":0.1,"data_set_value_component_parameters_variable_kd1_c1":0.01,"data_set_value_component_parameters_variable_kd_20":0.08,"data_set_value_component_parameters_variable_Jd2_c1":0.05},{"data_set_value_component_environment_variable_time":1.0,"data_set_value_component_Cln2_variable_Cln2":0.0073237846,"data_set_value_component_Cln2_variable_ks_n2":0.0,"data_set_value_component_Cln2_variable_ks_n2_":0.05,"data_set_value_component_Cln2_variable_kd_n2":0.1,"data_set_value_component_Clb2_T_variable_Clb2_T":0.0323824572,"data_set_value_component_Clb2_T_variable_Hct1_T":1.0,"data_set_value_component_Clb2_T_variable_ks_b2":0.002,"data_set_value_component_Clb2_T_variable_ks_b2_":0.05,"data_set_value_component_Clb2_T_variable_kd_b2":0.01,"data_set_value_component_Clb2_T_variable_kd_b2_":2.0,"data_set_value_component_Clb2_T_variable_kd_b2__":0.05,"data_set_value_component_Clb2_T_variable_Vd_b2":2.0334379472,"data_set_value_component_Clb2_variable_Clb2":0.0014855431,"data_set_value_component_Clb5_variable_Clb5":0.0025899695,"data_set_value_component_Sic1_variable_Sic1":0.1395678058,"data_set_value_component_Clb5_T_variable_Clb5_T":0.0503783169,"data_set_value_component_Clb5_T_variable_ks_b5":0.006,"data_set_value_component_Clb5_T_variable_ks_b5_":0.02,"data_set_value_component_Clb5_T_variable_kd_b5":0.1,"data_set_value_component_Clb5_T_variable_kd_b5_":0.25,"data_set_value_component_Clb5_T_variable_Vd_b5":0.2699497444,"data_set_value_component_Bck2_variable_Bck2":0.0017944951,"data_set_value_component_Bck2_variable_Bck2_0":0.0027,"data_set_value_component_Cln3_variable_Cln3":0.0019944934,"data_set_value_component_Cln3_variable_Jn3":6.0,"data_set_value_component_Cln3_variable_Dn3":1.0,"data_set_value_component_Cln3_variable_Cln3_max":0.02,"data_set_value_component_Sic1_T_variable_Sic1_T":0.2182530673,"data_set_value_component_Sic1_T_variable_ks_c1":0.02,"data_set_value_component_Sic1_T_variable_ks_c1_":0.1,"data_set_value_component_Clb2_Sic1_variable_Clb2_Sic1":0.0308969141,"data_set_value_component_Clb2_Sic1_variable_kas_b2":50.0,"data_set_value_component_Clb2_Sic1_variable_kdi_b2":0.05,"data_set_value_component_Clb5_Sic1_variable_Clb5_Sic1":0.0477883474,"data_set_value_component_Clb5_Sic1_variable_kas_b5":50.0,"data_set_value_component_Clb5_Sic1_variable_kdi_b5":0.05,"data_set_value_component_Vd2_c1_variable_Vd2_c1":0.0160476434,"data_set_value_component_Vd2_c1_variable_kd2_c1":0.3,"data_set_value_component_Vd2_c1_variable_epsilonc1_n3":20.0,"data_set_value_component_Vd2_c1_variable_epsilonc1_k2":2.0,"data_set_value_component_Vd2_c1_variable_epsilonc1_b5":1.0,"data_set_value_component_Vd2_c1_variable_epsilonc1_b2":0.067,"data_set_value_component_Cdc20_T_variable_Cdc20_T":0.7763094568,"data_set_value_component_Cdc20_T_variable_ks_20":0.005,"data_set_value_component_Cdc20_T_variable_ks_20_":0.06,"data_set_value_component_Cdc20_variable_Cdc20":0.6797989777,"data_set_value_component_Cdc20_variable_ka_20":1.0,"data_set_value_component_Cdc20_variable_ki_20":0.1,"data_set_value_component_Cdc20_variable_ki_20_":10.0,"data_set_value_component_Cdc20_variable_Vi_20":0.1,"data_set_value_component_Hct1_variable_Hct1":0.9997226122,"data_set_value_component_Hct1_variable_ka_t1":0.04,"data_set_value_component_Hct1_variable_ka_t1_":2.0,"data_set_value_component_Hct1_variable_ki_t1":0.0,"data_set_value_component_Hct1_variable_ki_t1_":0.64,"data_set_value_component_Hct1_variable_Vi_t1":0.0077432358,"data_set_value_component_Hct1_variable_Ji_t1":0.05,"data_set_value_component_Hct1_variable_Ja_t1":0.05,"data_set_value_component_Hct1_variable_epsiloni_t1_n2":1.0,"data_set_value_component_Hct1_variable_epsiloni_t1_b5":0.5,"data_set_value_component_Hct1_variable_epsiloni_t1_b2":1.0,"data_set_value_component_mass_variable_mass":0.6646278249,"data_set_value_component_mass_variable_mu":0.005776,"data_set_value_component_ORI_variable_ORI":0.0657591909,"data_set_value_component_ORI_variable_ks_ori":2.0,"data_set_value_component_ORI_variable_kd_ori":0.06,"data_set_value_component_ORI_variable_epsilonori_b2":0.4,"data_set_value_component_BUD_variable_BUD":0.0078325371,"data_set_value_component_BUD_variable_ks_bud":0.3,"data_set_value_component_BUD_variable_kd_bud":0.06,"data_set_value_component_BUD_variable_epsilonbud_b5":1.0,"data_set_value_component_SPN_variable_SPN":0.0114815409,"data_set_value_component_SPN_variable_ks_spn":0.08,"data_set_value_component_SPN_variable_kd_spn":0.06,"data_set_value_component_SPN_variable_J_spn":0.2,"data_set_value_component_SBF_variable_SBF":0.0132319201,"data_set_value_component_SBF_variable_ka_sbf":1.0,"data_set_value_component_SBF_variable_ki_sbf":0.5,"data_set_value_component_SBF_variable_ki_sbf_":6.0,"data_set_value_component_SBF_variable_Va_sbf":0.2927929122,"data_set_value_component_SBF_variable_Ji_sbf":0.01,"data_set_value_component_SBF_variable_Ja_sbf":0.01,"data_set_value_component_SBF_variable_epsilonsbf_n3":75.0,"data_set_value_component_SBF_variable_epsilonsbf_b5":0.5,"data_set_value_component_MBF_variable_MBF":0.0132319201,"data_set_value_component_Mcm1_variable_Mcm1":0.004964009,"data_set_value_component_Mcm1_variable_ka_mcm":1.0,"data_set_value_component_Mcm1_variable_ki_mcm":0.15,"data_set_value_component_Mcm1_variable_Ji_mcm":1.0,"data_set_value_component_Mcm1_variable_Ja_mcm":1.0,"data_set_value_component_Swi5_variable_Swi5":0.9336089968,"data_set_value_component_Swi5_variable_ka_swi":1.0,"data_set_value_component_Swi5_variable_ki_swi":0.3,"data_set_value_component_Swi5_variable_ki_swi_":0.2,"data_set_value_component_Swi5_variable_Ji_swi":0.1,"data_set_value_component_Swi5_variable_Ja_swi":0.1,"data_set_value_component_parameters_variable_kd1_c1":0.01,"data_set_value_component_parameters_variable_kd_20":0.08,"data_set_value_component_parameters_variable_Jd2_c1":0.05}]