[{"data_set_value_component_environment_variable_time":0.0,"data_set_value_component_V1_variable_V1":-50.0,"data_set_value_component_V2_variable_V2":-50.0,"data_set_value_component_V3_variable_V3":-50.0,"data_set_value_component_V4_variable_V4":-50.0,"data_set_value_component_i_NaP_variable_i_NaP":-0.0730797882,"data_set_value_component_i_NaP_m_gate_variable_m":0.1588691049,"data_set_value_component_i_NaP_h_gate_variable_h":0.92,"data_set_value_component_i_NaP_h_gate_variable_h_infinity":0.5825702065,"data_set_value_component_i_NaP_h_gate_variable_tau_h":5917.6203988332,"data_set_value_component_i_NaP_h_gate_variable_tau_h_max":6000.0,"data_set_value_component_i_K_variable_i_K":0.0000000001,"data_set_value_component_i_K_m_gate_variable_m":0.0052201257,"data_set_value_component_i_AD2_variable_i_AD2":0.322,"data_set_value_component_i_AD2_m_gate_variable_m":0.92,"data_set_value_component_i_AD2_m_gate_variable_k_AD2":0.9,"data_set_value_component_i_AD2_m_gate_variable_tau_AD2":2000.0,"data_set_value_component_i_AD3_variable_i_AD3":0.322,"data_set_value_component_i_AD3_m_gate_variable_m":0.92,"data_set_value_component_i_AD3_m_gate_variable_k_AD3":1.3,"data_set_value_component_i_AD3_m_gate_variable_tau_AD3":2000.0,"data_set_value_component_i_AD4_variable_i_AD4":0.322,"data_set_value_component_i_AD4_m_gate_variable_m":0.92,"data_set_value_component_i_AD4_m_gate_variable_k_AD4":0.9,"data_set_value_component_i_AD4_m_gate_variable_tau_AD4":1000.0,"data_set_value_component_i_L1_variable_i_L1":0.028,"data_set_value_component_i_L2_variable_i_L2":0.028,"data_set_value_component_i_L3_variable_i_L3":0.028,"data_set_value_component_i_L4_variable_i_L4":0.028,"data_set_value_component_i_synE1_variable_i_synE1":-0.105,"data_set_value_component_i_synE1_variable_c11":0.115,"data_set_value_component_i_synE1_variable_c21":0.07,"data_set_value_component_i_synE1_variable_c31":0.025,"data_set_value_component_i_synE2_variable_i_synE2":-0.3000090796,"data_set_value_component_i_synE2_variable_c12":0.3,"data_set_value_component_i_synE2_variable_c22":0.3,"data_set_value_component_i_synE2_variable_c32":0.0,"data_set_value_component_i_synE2_variable_a12":0.4,"data_set_value_component_i_synE3_variable_i_synE3":-0.315,"data_set_value_component_i_synE3_variable_c13":0.63,"data_set_value_component_i_synE3_variable_c23":0.0,"data_set_value_component_i_synE3_variable_c33":0.0,"data_set_value_component_i_synE4_variable_i_synE4":-0.365,"data_set_value_component_i_synE4_variable_c14":0.33,"data_set_value_component_i_synE4_variable_c24":0.4,"data_set_value_component_i_synE4_variable_c34":0.0,"data_set_value_component_i_synI1_variable_i_synI1":0.0000000015,"data_set_value_component_i_synI1_variable_b21":0.0,"data_set_value_component_i_synI1_variable_b31":0.3,"data_set_value_component_i_synI1_variable_b41":0.2,"data_set_value_component_i_synI2_variable_i_synI2":0.0000000012,"data_set_value_component_i_synI2_variable_b32":0.05,"data_set_value_component_i_synI2_variable_b42":0.35,"data_set_value_component_i_synI3_variable_i_synI3":0.0000000011,"data_set_value_component_i_synI3_variable_b23":0.25,"data_set_value_component_i_synI3_variable_b43":0.1,"data_set_value_component_i_synI4_variable_i_synI4":0.0000000022,"data_set_value_component_i_synI4_variable_b24":0.35,"data_set_value_component_i_synI4_variable_b34":0.35,"data_set_value_component_model_parameters_variable_C":0.02,"data_set_value_component_model_parameters_variable_E_Na":50.0,"data_set_value_component_model_parameters_variable_E_K":-85.0,"data_set_value_component_model_parameters_variable_E_L":-60.0,"data_set_value_component_model_parameters_variable_E_synE":0.0,"data_set_value_component_model_parameters_variable_E_synI":-75.0,"data_set_value_component_model_parameters_variable_g_NaP":5.0,"data_set_value_component_model_parameters_variable_g_K":5.0,"data_set_value_component_model_parameters_variable_g_AD":10.0,"data_set_value_component_model_parameters_variable_g_L":2.8,"data_set_value_component_model_parameters_variable_g_synE":10.0,"data_set_value_component_model_parameters_variable_g_synI":60.0,"data_set_value_component_model_parameters_variable_d1":1.0,"data_set_value_component_model_parameters_variable_d2":1.0,"data_set_value_component_model_parameters_variable_d3":1.0,"data_set_value_component_model_parameters_variable_f1_V1":0.0000453979,"data_set_value_component_model_parameters_variable_f2_V2":0.0000000021,"data_set_value_component_model_parameters_variable_f3_V3":0.0000000021,"data_set_value_component_model_parameters_variable_f4_V4":0.0000000021,"data_set_value_component_model_parameters_variable_V_half":30.0,"data_set_value_component_model_parameters_variable_k_V1":8.0,"data_set_value_component_model_parameters_variable_k_V2":4.0,"data_set_value_component_model_parameters_variable_k_V3":4.0,"data_set_value_component_model_parameters_variable_k_V4":4.0},{"data_set_value_component_environment_variable_time":0.1,"data_set_value_component_V1_variable_V1":-49.2404003794,"data_set_value_component_V2_variable_V2":-50.2389863621,"data_set_value_component_V3_variable_V3":-50.1671870849,"data_set_value_component_V4_variable_V4":-49.9284298071,"data_set_value_component_i_NaP_variable_i_NaP":-0.080584436,"data_set_value_component_i_NaP_m_gate_variable_m":0.1765255744,"data_set_value_component_i_NaP_h_gate_variable_h":0.9199940644,"data_set_value_component_i_NaP_h_gate_variable_h_infinity":0.5515000592,"data_set_value_component_i_NaP_h_gate_variable_tau_h":5968.0880625083,"data_set_value_component_i_NaP_h_gate_variable_tau_h_max":6000.0,"data_set_value_component_i_K_variable_i_K":0.0000000003,"data_set_value_component_i_K_m_gate_variable_m":0.0063049201,"data_set_value_component_i_AD2_variable_i_AD2":0.3197853358,"data_set_value_component_i_AD2_m_gate_variable_m":0.9199540012,"data_set_value_component_i_AD2_m_gate_variable_k_AD2":0.9,"data_set_value_component_i_AD2_m_gate_variable_tau_AD2":2000.0,"data_set_value_component_i_AD3_variable_i_AD3":0.3204458561,"data_set_value_component_i_AD3_m_gate_variable_m":0.9199540012,"data_set_value_component_i_AD3_m_gate_variable_k_AD3":1.3,"data_set_value_component_i_AD3_m_gate_variable_tau_AD3":2000.0,"data_set_value_component_i_AD4_variable_i_AD4":0.3226261815,"data_set_value_component_i_AD4_m_gate_variable_m":0.9199080046,"data_set_value_component_i_AD4_m_gate_variable_k_AD4":0.9,"data_set_value_component_i_AD4_m_gate_variable_tau_AD4":1000.0,"data_set_value_component_i_L1_variable_i_L1":0.0301268789,"data_set_value_component_i_L2_variable_i_L2":0.0273308382,"data_set_value_component_i_L3_variable_i_L3":0.0275318762,"data_set_value_component_i_L4_variable_i_L4":0.0282003965,"data_set_value_component_i_synE1_variable_i_synE1":-0.1034048408,"data_set_value_component_i_synE1_variable_c11":0.115,"data_set_value_component_i_synE1_variable_c21":0.07,"data_set_value_component_i_synE1_variable_c31":0.025,"data_set_value_component_i_synE2_variable_i_synE2":-0.3014439498,"data_set_value_component_i_synE2_variable_c12":0.3,"data_set_value_component_i_synE2_variable_c22":0.3,"data_set_value_component_i_synE2_variable_c32":0.0,"data_set_value_component_i_synE2_variable_a12":0.4,"data_set_value_component_i_synE3_variable_i_synE3":-0.3160532786,"data_set_value_component_i_synE3_variable_c13":0.63,"data_set_value_component_i_synE3_variable_c23":0.0,"data_set_value_component_i_synE3_variable_c33":0.0,"data_set_value_component_i_synE4_variable_i_synE4":-0.3644775376,"data_set_value_component_i_synE4_variable_c14":0.33,"data_set_value_component_i_synE4_variable_c24":0.4,"data_set_value_component_i_synE4_variable_c34":0.0,"data_set_value_component_i_synI1_variable_i_synI1":0.0000000016,"data_set_value_component_i_synI1_variable_b21":0.0,"data_set_value_component_i_synI1_variable_b31":0.3,"data_set_value_component_i_synI1_variable_b41":0.2,"data_set_value_component_i_synI2_variable_i_synI2":0.0000000012,"data_set_value_component_i_synI2_variable_b32":0.05,"data_set_value_component_i_synI2_variable_b42":0.35,"data_set_value_component_i_synI3_variable_i_synI3":0.000000001,"data_set_value_component_i_synI3_variable_b23":0.25,"data_set_value_component_i_synI3_variable_b43":0.1,"data_set_value_component_i_synI4_variable_i_synI4":0.0000000021,"data_set_value_component_i_synI4_variable_b24":0.35,"data_set_value_component_i_synI4_variable_b34":0.35,"data_set_value_component_model_parameters_variable_C":0.02,"data_set_value_component_model_parameters_variable_E_Na":50.0,"data_set_value_component_model_parameters_variable_E_K":-85.0,"data_set_value_component_model_parameters_variable_E_L":-60.0,"data_set_value_component_model_parameters_variable_E_synE":0.0,"data_set_value_component_model_parameters_variable_E_synI":-75.0,"data_set_value_component_model_parameters_variable_g_NaP":5.0,"data_set_value_component_model_parameters_variable_g_K":5.0,"data_set_value_component_model_parameters_variable_g_AD":10.0,"data_set_value_component_model_parameters_variable_g_L":2.8,"data_set_value_component_model_parameters_variable_g_synE":10.0,"data_set_value_component_model_parameters_variable_g_synI":60.0,"data_set_value_component_model_parameters_variable_d1":1.0,"data_set_value_component_model_parameters_variable_d2":1.0,"data_set_value_component_model_parameters_variable_d3":1.0,"data_set_value_component_model_parameters_variable_f1_V1":0.0000499194,"data_set_value_component_model_parameters_variable_f2_V2":0.0000000019,"data_set_value_component_model_parameters_variable_f3_V3":0.000000002,"data_set_value_component_model_parameters_variable_f4_V4":0.0000000021,"data_set_value_component_model_parameters_variable_V_half":30.0,"data_set_value_component_model_parameters_variable_k_V1":8.0,"data_set_value_component_model_parameters_variable_k_V2":4.0,"data_set_value_component_model_parameters_variable_k_V3":4.0,"data_set_value_component_model_parameters_variable_k_V4":4.0},{"data_set_value_component_environment_variable_time":0.2,"data_set_value_component_V1_variable_V1":-48.4602223319,"data_set_value_component_V2_variable_V2":-50.4573277881,"data_set_value_component_V3_variable_V3":-50.3196829015,"data_set_value_component_V4_variable_V4":-49.8632878785,"data_set_value_component_i_NaP_variable_i_NaP":-0.0888739033,"data_set_value_component_i_NaP_m_gate_variable_m":0.1962282118,"data_set_value_component_i_NaP_h_gate_variable_h":0.919987638,"data_set_value_component_i_NaP_h_gate_variable_h_infinity":0.5191665343,"data_set_value_component_i_NaP_h_gate_variable_tau_h":5995.5901069648,"data_set_value_component_i_NaP_h_gate_variable_tau_h_max":6000.0,"data_set_value_component_i_K_variable_i_K":0.0000000006,"data_set_value_component_i_K_m_gate_variable_m":0.0076523889,"data_set_value_component_i_AD2_variable_i_AD2":0.3177608067,"data_set_value_component_i_AD2_m_gate_variable_m":0.9199080046,"data_set_value_component_i_AD2_m_gate_variable_k_AD2":0.9,"data_set_value_component_i_AD2_m_gate_variable_tau_AD2":2000.0,"data_set_value_component_i_AD3_variable_i_AD3":0.319027013,"data_set_value_component_i_AD3_m_gate_variable_m":0.9199080046,"data_set_value_component_i_AD3_m_gate_variable_k_AD3":1.3,"data_set_value_component_i_AD3_m_gate_variable_tau_AD3":2000.0,"data_set_value_component_i_AD4_variable_i_AD4":0.3231931064,"data_set_value_component_i_AD4_m_gate_variable_m":0.9198160184,"data_set_value_component_i_AD4_m_gate_variable_k_AD4":0.9,"data_set_value_component_i_AD4_m_gate_variable_tau_AD4":1000.0,"data_set_value_component_i_L1_variable_i_L1":0.0323113775,"data_set_value_component_i_L2_variable_i_L2":0.0267194822,"data_set_value_component_i_L3_variable_i_L3":0.0271048879,"data_set_value_component_i_L4_variable_i_L4":0.0283827939,"data_set_value_component_i_synE1_variable_i_synE1":-0.1017664669,"data_set_value_component_i_synE1_variable_c11":0.115,"data_set_value_component_i_synE1_variable_c21":0.07,"data_set_value_component_i_synE1_variable_c31":0.025,"data_set_value_component_i_synE2_variable_i_synE2":-0.3027550739,"data_set_value_component_i_synE2_variable_c12":0.3,"data_set_value_component_i_synE2_variable_c22":0.3,"data_set_value_component_i_synE2_variable_c32":0.0,"data_set_value_component_i_synE2_variable_a12":0.4,"data_set_value_component_i_synE3_variable_i_synE3":-0.3170140023,"data_set_value_component_i_synE3_variable_c13":0.63,"data_set_value_component_i_synE3_variable_c23":0.0,"data_set_value_component_i_synE3_variable_c33":0.0,"data_set_value_component_i_synE4_variable_i_synE4":-0.3640020015,"data_set_value_component_i_synE4_variable_c14":0.33,"data_set_value_component_i_synE4_variable_c24":0.4,"data_set_value_component_i_synE4_variable_c34":0.0,"data_set_value_component_i_synI1_variable_i_synI1":0.0000000016,"data_set_value_component_i_synI1_variable_b21":0.0,"data_set_value_component_i_synI1_variable_b31":0.3,"data_set_value_component_i_synI1_variable_b41":0.2,"data_set_value_component_i_synI2_variable_i_synI2":0.0000000012,"data_set_value_component_i_synI2_variable_b32":0.05,"data_set_value_component_i_synI2_variable_b42":0.35,"data_set_value_component_i_synI3_variable_i_synI3":0.000000001,"data_set_value_component_i_synI3_variable_b23":0.25,"data_set_value_component_i_synI3_variable_b43":0.1,"data_set_value_component_i_synI4_variable_i_synI4":0.000000002,"data_set_value_component_i_synI4_variable_b24":0.35,"data_set_value_component_i_synI4_variable_b34":0.35,"data_set_value_component_model_parameters_variable_C":0.02,"data_set_value_component_model_parameters_variable_E_Na":50.0,"data_set_value_component_model_parameters_variable_E_K":-85.0,"data_set_value_component_model_parameters_variable_E_L":-60.0,"data_set_value_component_model_parameters_variable_E_synE":0.0,"data_set_value_component_model_parameters_variable_E_synI":-75.0,"data_set_value_component_model_parameters_variable_g_NaP":5.0,"data_set_value_component_model_parameters_variable_g_K":5.0,"data_set_value_component_model_parameters_variable_g_AD":10.0,"data_set_value_component_model_parameters_variable_g_L":2.8,"data_set_value_component_model_parameters_variable_g_synE":10.0,"data_set_value_component_model_parameters_variable_g_synI":60.0,"data_set_value_component_model_parameters_variable_d1":1.0,"data_set_value_component_model_parameters_variable_d2":1.0,"data_set_value_component_model_parameters_variable_d3":1.0,"data_set_value_component_model_parameters_variable_f1_V1":0.0000550327,"data_set_value_component_model_parameters_variable_f2_V2":0.0000000018,"data_set_value_component_model_parameters_variable_f3_V3":0.0000000019,"data_set_value_component_model_parameters_variable_f4_V4":0.0000000021,"data_set_value_component_model_parameters_variable_V_half":30.0,"data_set_value_component_model_parameters_variable_k_V1":8.0,"data_set_value_component_model_parameters_variable_k_V2":4.0,"data_set_value_component_model_parameters_variable_k_V3":4.0,"data_set_value_component_model_parameters_variable_k_V4":4.0},{"data_set_value_component_environment_variable_time":0.3,"data_set_value_component_V1_variable_V1":-47.6558538162,"data_set_value_component_V2_variable_V2":-50.6567969516,"data_set_value_component_V3_variable_V3":-50.4587695767,"data_set_value_component_V4_variable_V4":-49.8039835815,"data_set_value_component_i_NaP_variable_i_NaP":-0.0980332636,"data_set_value_component_i_NaP_m_gate_variable_m":0.218236038,"data_set_value_component_i_NaP_h_gate_variable_h":0.9199806786,"data_set_value_component_i_NaP_h_gate_variable_h_infinity":0.4856645057,"data_set_value_component_i_NaP_h_gate_variable_tau_h":5997.5334162212,"data_set_value_component_i_NaP_h_gate_variable_tau_h_max":6000.0,"data_set_value_component_i_K_variable_i_K":0.0000000014,"data_set_value_component_i_K_m_gate_variable_m":0.0093409409,"data_set_value_component_i_AD2_variable_i_AD2":0.315910078,"data_set_value_component_i_AD2_m_gate_variable_m":0.9198620104,"data_set_value_component_i_AD2_m_gate_variable_k_AD2":0.9,"data_set_value_component_i_AD2_m_gate_variable_tau_AD2":2000.0,"data_set_value_component_i_AD3_variable_i_AD3":0.3177316566,"data_set_value_component_i_AD3_m_gate_variable_m":0.9198620104,"data_set_value_component_i_AD3_m_gate_variable_k_AD3":1.3,"data_set_value_component_i_AD3_m_gate_variable_tau_AD3":2000.0,"data_set_value_component_i_AD4_variable_i_AD4":0.3237062246,"data_set_value_component_i_AD4_m_gate_variable_m":0.9197240414,"data_set_value_component_i_AD4_m_gate_variable_k_AD4":0.9,"data_set_value_component_i_AD4_m_gate_variable_tau_AD4":1000.0,"data_set_value_component_i_L1_variable_i_L1":0.0345636093,"data_set_value_component_i_L2_variable_i_L2":0.0261609685,"data_set_value_component_i_L3_variable_i_L3":0.0267154452,"data_set_value_component_i_L4_variable_i_L4":0.028548846,"data_set_value_component_i_synE1_variable_i_synE1":-0.100077293,"data_set_value_component_i_synE1_variable_c11":0.115,"data_set_value_component_i_synE1_variable_c21":0.07,"data_set_value_component_i_synE1_variable_c31":0.025,"data_set_value_component_i_synE2_variable_i_synE2":-0.3039531123,"data_set_value_component_i_synE2_variable_c12":0.3,"data_set_value_component_i_synE2_variable_c22":0.3,"data_set_value_component_i_synE2_variable_c32":0.0,"data_set_value_component_i_synE2_variable_a12":0.4,"data_set_value_component_i_synE3_variable_i_synE3":-0.3178902483,"data_set_value_component_i_synE3_variable_c13":0.63,"data_set_value_component_i_synE3_variable_c23":0.0,"data_set_value_component_i_synE3_variable_c33":0.0,"data_set_value_component_i_synE4_variable_i_synE4":-0.3635690801,"data_set_value_component_i_synE4_variable_c14":0.33,"data_set_value_component_i_synE4_variable_c24":0.4,"data_set_value_component_i_synE4_variable_c34":0.0,"data_set_value_component_i_synI1_variable_i_synI1":0.0000000016,"data_set_value_component_i_synI1_variable_b21":0.0,"data_set_value_component_i_synI1_variable_b31":0.3,"data_set_value_component_i_synI1_variable_b41":0.2,"data_set_value_component_i_synI2_variable_i_synI2":0.0000000012,"data_set_value_component_i_synI2_variable_b32":0.05,"data_set_value_component_i_synI2_variable_b42":0.35,"data_set_value_component_i_synI3_variable_i_synI3":0.000000001,"data_set_value_component_i_synI3_variable_b23":0.25,"data_set_value_component_i_synI3_variable_b43":0.1,"data_set_value_component_i_synI4_variable_i_synI4":0.0000000019,"data_set_value_component_i_synI4_variable_b24":0.35,"data_set_value_component_i_synI4_variable_b34":0.35,"data_set_value_component_model_parameters_variable_C":0.02,"data_set_value_component_model_parameters_variable_E_Na":50.0,"data_set_value_component_model_parameters_variable_E_K":-85.0,"data_set_value_component_model_parameters_variable_E_L":-60.0,"data_set_value_component_model_parameters_variable_E_synE":0.0,"data_set_value_component_model_parameters_variable_E_synI":-75.0,"data_set_value_component_model_parameters_variable_g_NaP":5.0,"data_set_value_component_model_parameters_variable_g_K":5.0,"data_set_value_component_model_parameters_variable_g_AD":10.0,"data_set_value_component_model_parameters_variable_g_L":2.8,"data_set_value_component_model_parameters_variable_g_synE":10.0,"data_set_value_component_model_parameters_variable_g_synI":60.0,"data_set_value_component_model_parameters_variable_d1":1.0,"data_set_value_component_model_parameters_variable_d2":1.0,"data_set_value_component_model_parameters_variable_d3":1.0,"data_set_value_component_model_parameters_variable_f1_V1":0.0000608534,"data_set_value_component_model_parameters_variable_f2_V2":0.0000000017,"data_set_value_component_model_parameters_variable_f3_V3":0.0000000018,"data_set_value_component_model_parameters_variable_f4_V4":0.0000000022,"data_set_value_component_model_parameters_variable_V_half":30.0,"data_set_value_component_model_parameters_variable_k_V1":8.0,"data_set_value_component_model_parameters_variable_k_V2":4.0,"data_set_value_component_model_parameters_variable_k_V3":4.0,"data_set_value_component_model_parameters_variable_k_V4":4.0},{"data_set_value_component_environment_variable_time":0.4,"data_set_value_component_V1_variable_V1":-46.823373833,"data_set_value_component_V2_variable_V2":-50.8390181656,"data_set_value_component_V3_variable_V3":-50.5856201502,"data_set_value_component_V4_variable_V4":-49.7499794273,"data_set_value_component_i_NaP_variable_i_NaP":-0.1081500655,"data_set_value_component_i_NaP_m_gate_variable_m":0.2428294883,"data_set_value_component_i_NaP_h_gate_variable_h":0.9199731366,"data_set_value_component_i_NaP_h_gate_variable_h_infinity":0.4511304239,"data_set_value_component_i_NaP_h_gate_variable_tau_h":5971.2724014342,"data_set_value_component_i_NaP_h_gate_variable_tau_h_max":6000.0,"data_set_value_component_i_K_variable_i_K":0.0000000033,"data_set_value_component_i_K_m_gate_variable_m":0.0114772657,"data_set_value_component_i_AD2_variable_i_AD2":0.314218183,"data_set_value_component_i_AD2_m_gate_variable_m":0.9198160184,"data_set_value_component_i_AD2_m_gate_variable_k_AD2":0.9,"data_set_value_component_i_AD2_m_gate_variable_tau_AD2":2000.0,"data_set_value_component_i_AD3_variable_i_AD3":0.3165489785,"data_set_value_component_i_AD3_m_gate_variable_m":0.9198160184,"data_set_value_component_i_AD3_m_gate_variable_k_AD3":1.3,"data_set_value_component_i_AD3_m_gate_variable_tau_AD3":2000.0,"data_set_value_component_i_AD4_variable_i_AD4":0.3241704951,"data_set_value_component_i_AD4_m_gate_variable_m":0.9196320736,"data_set_value_component_i_AD4_m_gate_variable_k_AD4":0.9,"data_set_value_component_i_AD4_m_gate_variable_tau_AD4":1000.0,"data_set_value_component_i_L1_variable_i_L1":0.0368945533,"data_set_value_component_i_L2_variable_i_L2":0.0256507491,"data_set_value_component_i_L3_variable_i_L3":0.0263602636,"data_set_value_component_i_L4_variable_i_L4":0.0287000576,"data_set_value_component_i_synE1_variable_i_synE1":-0.098329085,"data_set_value_component_i_synE1_variable_c11":0.115,"data_set_value_component_i_synE1_variable_c21":0.07,"data_set_value_component_i_synE1_variable_c31":0.025,"data_set_value_component_i_synE2_variable_i_synE2":-0.3050478409,"data_set_value_component_i_synE2_variable_c12":0.3,"data_set_value_component_i_synE2_variable_c22":0.3,"data_set_value_component_i_synE2_variable_c32":0.0,"data_set_value_component_i_synE2_variable_a12":0.4,"data_set_value_component_i_synE3_variable_i_synE3":-0.3186894069,"data_set_value_component_i_synE3_variable_c13":0.63,"data_set_value_component_i_synE3_variable_c23":0.0,"data_set_value_component_i_synE3_variable_c33":0.0,"data_set_value_component_i_synE4_variable_i_synE4":-0.3631748498,"data_set_value_component_i_synE4_variable_c14":0.33,"data_set_value_component_i_synE4_variable_c24":0.4,"data_set_value_component_i_synE4_variable_c34":0.0,"data_set_value_component_i_synI1_variable_i_synI1":0.0000000016,"data_set_value_component_i_synI1_variable_b21":0.0,"data_set_value_component_i_synI1_variable_b31":0.3,"data_set_value_component_i_synI1_variable_b41":0.2,"data_set_value_component_i_synI2_variable_i_synI2":0.0000000012,"data_set_value_component_i_synI2_variable_b32":0.05,"data_set_value_component_i_synI2_variable_b42":0.35,"data_set_value_component_i_synI3_variable_i_synI3":0.0000000009,"data_set_value_component_i_synI3_variable_b23":0.25,"data_set_value_component_i_synI3_variable_b43":0.1,"data_set_value_component_i_synI4_variable_i_synI4":0.0000000018,"data_set_value_component_i_synI4_variable_b24":0.35,"data_set_value_component_i_synI4_variable_b34":0.35,"data_set_value_component_model_parameters_variable_C":0.02,"data_set_value_component_model_parameters_variable_E_Na":50.0,"data_set_value_component_model_parameters_variable_E_K":-85.0,"data_set_value_component_model_parameters_variable_E_L":-60.0,"data_set_value_component_model_parameters_variable_E_synE":0.0,"data_set_value_component_model_parameters_variable_E_synI":-75.0,"data_set_value_component_model_parameters_variable_g_NaP":5.0,"data_set_value_component_model_parameters_variable_g_K":5.0,"data_set_value_component_model_parameters_variable_g_AD":10.0,"data_set_value_component_model_parameters_variable_g_L":2.8,"data_set_value_component_model_parameters_variable_g_synE":10.0,"data_set_value_component_model_parameters_variable_g_synI":60.0,"data_set_value_component_model_parameters_variable_d1":1.0,"data_set_value_component_model_parameters_variable_d2":1.0,"data_set_value_component_model_parameters_variable_d3":1.0,"data_set_value_component_model_parameters_variable_f1_V1":0.0000675266,"data_set_value_component_model_parameters_variable_f2_V2":0.0000000017,"data_set_value_component_model_parameters_variable_f3_V3":0.0000000018,"data_set_value_component_model_parameters_variable_f4_V4":0.0000000022,"data_set_value_component_model_parameters_variable_V_half":30.0,"data_set_value_component_model_parameters_variable_k_V1":8.0,"data_set_value_component_model_parameters_variable_k_V2":4.0,"data_set_value_component_model_parameters_variable_k_V3":4.0,"data_set_value_component_model_parameters_variable_k_V4":4.0},{"data_set_value_component_environment_variable_time":0.5,"data_set_value_component_V1_variable_V1":-45.9585085649,"data_set_value_component_V2_variable_V2":-51.0054701116,"data_set_value_component_V3_variable_V3":-50.7013009356,"data_set_value_component_V4_variable_V4":-49.700789417,"data_set_value_component_i_NaP_variable_i_NaP":-0.1193097623,"data_set_value_component_i_NaP_m_gate_variable_m":0.2703032104,"data_set_value_component_i_NaP_h_gate_variable_h":0.9199649532,"data_set_value_component_i_NaP_h_gate_variable_h_infinity":0.4157490971,"data_set_value_component_i_NaP_h_gate_variable_tau_h":5914.208069703,"data_set_value_component_i_NaP_h_gate_variable_tau_h_max":6000.0,"data_set_value_component_i_K_variable_i_K":0.000000008,"data_set_value_component_i_K_m_gate_variable_m":0.0142081828,"data_set_value_component_i_AD2_variable_i_AD2":0.3126714973,"data_set_value_component_i_AD2_m_gate_variable_m":0.9197700287,"data_set_value_component_i_AD2_m_gate_variable_k_AD2":0.9,"data_set_value_component_i_AD2_m_gate_variable_tau_AD2":2000.0,"data_set_value_component_i_AD3_variable_i_AD3":0.3154691542,"data_set_value_component_i_AD3_m_gate_variable_m":0.9197700287,"data_set_value_component_i_AD3_m_gate_variable_k_AD3":1.3,"data_set_value_component_i_AD3_m_gate_variable_tau_AD3":2000.0,"data_set_value_component_i_AD4_variable_i_AD4":0.3245904016,"data_set_value_component_i_AD4_m_gate_variable_m":0.919540115,"data_set_value_component_i_AD4_m_gate_variable_k_AD4":0.9,"data_set_value_component_i_AD4_m_gate_variable_tau_AD4":1000.0,"data_set_value_component_i_L1_variable_i_L1":0.039316176,"data_set_value_component_i_L2_variable_i_L2":0.0251846837,"data_set_value_component_i_L3_variable_i_L3":0.0260363574,"data_set_value_component_i_L4_variable_i_L4":0.0288377896,"data_set_value_component_i_synE1_variable_i_synE1":-0.096512868,"data_set_value_component_i_synE1_variable_c11":0.115,"data_set_value_component_i_synE1_variable_c21":0.07,"data_set_value_component_i_synE1_variable_c31":0.025,"data_set_value_component_i_synE2_variable_i_synE2":-0.3060481703,"data_set_value_component_i_synE2_variable_c12":0.3,"data_set_value_component_i_synE2_variable_c22":0.3,"data_set_value_component_i_synE2_variable_c32":0.0,"data_set_value_component_i_synE2_variable_a12":0.4,"data_set_value_component_i_synE3_variable_i_synE3":-0.3194181959,"data_set_value_component_i_synE3_variable_c13":0.63,"data_set_value_component_i_synE3_variable_c23":0.0,"data_set_value_component_i_synE3_variable_c33":0.0,"data_set_value_component_i_synE4_variable_i_synE4":-0.3628157627,"data_set_value_component_i_synE4_variable_c14":0.33,"data_set_value_component_i_synE4_variable_c24":0.4,"data_set_value_component_i_synE4_variable_c34":0.0,"data_set_value_component_i_synI1_variable_i_synI1":0.0000000017,"data_set_value_component_i_synI1_variable_b21":0.0,"data_set_value_component_i_synI1_variable_b31":0.3,"data_set_value_component_i_synI1_variable_b41":0.2,"data_set_value_component_i_synI2_variable_i_synI2":0.0000000012,"data_set_value_component_i_synI2_variable_b32":0.05,"data_set_value_component_i_synI2_variable_b42":0.35,"data_set_value_component_i_synI3_variable_i_synI3":0.0000000009,"data_set_value_component_i_synI3_variable_b23":0.25,"data_set_value_component_i_synI3_variable_b43":0.1,"data_set_value_component_i_synI4_variable_i_synI4":0.0000000018,"data_set_value_component_i_synI4_variable_b24":0.35,"data_set_value_component_i_synI4_variable_b34":0.35,"data_set_value_component_model_parameters_variable_C":0.02,"data_set_value_component_model_parameters_variable_E_Na":50.0,"data_set_value_component_model_parameters_variable_E_K":-85.0,"data_set_value_component_model_parameters_variable_E_L":-60.0,"data_set_value_component_model_parameters_variable_E_synE":0.0,"data_set_value_component_model_parameters_variable_E_synI":-75.0,"data_set_value_component_model_parameters_variable_g_NaP":5.0,"data_set_value_component_model_parameters_variable_g_K":5.0,"data_set_value_component_model_parameters_variable_g_AD":10.0,"data_set_value_component_model_parameters_variable_g_L":2.8,"data_set_value_component_model_parameters_variable_g_synE":10.0,"data_set_value_component_model_parameters_variable_g_synI":60.0,"data_set_value_component_model_parameters_variable_d1":1.0,"data_set_value_component_model_parameters_variable_d2":1.0,"data_set_value_component_model_parameters_variable_d3":1.0,"data_set_value_component_model_parameters_variable_f1_V1":0.0000752354,"data_set_value_component_model_parameters_variable_f2_V2":0.0000000016,"data_set_value_component_model_parameters_variable_f3_V3":0.0000000017,"data_set_value_component_model_parameters_variable_f4_V4":0.0000000022,"data_set_value_component_model_parameters_variable_V_half":30.0,"data_set_value_component_model_parameters_variable_k_V1":8.0,"data_set_value_component_model_parameters_variable_k_V2":4.0,"data_set_value_component_model_parameters_variable_k_V3":4.0,"data_set_value_component_model_parameters_variable_k_V4":4.0},{"data_set_value_component_environment_variable_time":0.6,"data_set_value_component_V1_variable_V1":-45.0567155672,"data_set_value_component_V2_variable_V2":-51.1575146354,"data_set_value_component_V3_variable_V3":-50.8067927914,"data_set_value_component_V4_variable_V4":-49.6559685556,"data_set_value_component_i_NaP_variable_i_NaP":-0.1315866631,"data_set_value_component_i_NaP_m_gate_variable_m":0.30094836,"data_set_value_component_i_NaP_h_gate_variable_h":0.9199560588,"data_set_value_component_i_NaP_h_gate_variable_h_infinity":0.3797646214,"data_set_value_component_i_NaP_h_gate_variable_tau_h":5823.9383013187,"data_set_value_component_i_NaP_h_gate_variable_tau_h_max":6000.0,"data_set_value_component_i_K_variable_i_K":0.0000000198,"data_set_value_component_i_K_m_gate_variable_m":0.0177374765,"data_set_value_component_i_AD2_variable_i_AD2":0.3112574741,"data_set_value_component_i_AD2_m_gate_variable_m":0.9197240414,"data_set_value_component_i_AD2_m_gate_variable_k_AD2":0.9,"data_set_value_component_i_AD2_m_gate_variable_tau_AD2":2000.0,"data_set_value_component_i_AD3_variable_i_AD3":0.3144831472,"data_set_value_component_i_AD3_m_gate_variable_m":0.9197240414,"data_set_value_component_i_AD3_m_gate_variable_k_AD3":1.3,"data_set_value_component_i_AD3_m_gate_variable_tau_AD3":2000.0,"data_set_value_component_i_AD4_variable_i_AD4":0.3249700488,"data_set_value_component_i_AD4_m_gate_variable_m":0.9194481656,"data_set_value_component_i_AD4_m_gate_variable_k_AD4":0.9,"data_set_value_component_i_AD4_m_gate_variable_tau_AD4":1000.0,"data_set_value_component_i_L1_variable_i_L1":0.0418411964,"data_set_value_component_i_L2_variable_i_L2":0.024758959,"data_set_value_component_i_L3_variable_i_L3":0.0257409802,"data_set_value_component_i_L4_variable_i_L4":0.028963288,"data_set_value_component_i_synE1_variable_i_synE1":-0.0946191027,"data_set_value_component_i_synE1_variable_c11":0.115,"data_set_value_component_i_synE1_variable_c21":0.07,"data_set_value_component_i_synE1_variable_c31":0.025,"data_set_value_component_i_synE2_variable_i_synE2":-0.3069623201,"data_set_value_component_i_synE2_variable_c12":0.3,"data_set_value_component_i_synE2_variable_c22":0.3,"data_set_value_component_i_synE2_variable_c32":0.0,"data_set_value_component_i_synE2_variable_a12":0.4,"data_set_value_component_i_synE3_variable_i_synE3":-0.3200827946,"data_set_value_component_i_synE3_variable_c13":0.63,"data_set_value_component_i_synE3_variable_c23":0.0,"data_set_value_component_i_synE3_variable_c33":0.0,"data_set_value_component_i_synE4_variable_i_synE4":-0.3624885705,"data_set_value_component_i_synE4_variable_c14":0.33,"data_set_value_component_i_synE4_variable_c24":0.4,"data_set_value_component_i_synE4_variable_c34":0.0,"data_set_value_component_i_synI1_variable_i_synI1":0.0000000017,"data_set_value_component_i_synI1_variable_b21":0.0,"data_set_value_component_i_synI1_variable_b31":0.3,"data_set_value_component_i_synI1_variable_b41":0.2,"data_set_value_component_i_synI2_variable_i_synI2":0.0000000012,"data_set_value_component_i_synI2_variable_b32":0.05,"data_set_value_component_i_synI2_variable_b42":0.35,"data_set_value_component_i_synI3_variable_i_synI3":0.0000000009,"data_set_value_component_i_synI3_variable_b23":0.25,"data_set_value_component_i_synI3_variable_b43":0.1,"data_set_value_component_i_synI4_variable_i_synI4":0.0000000017,"data_set_value_component_i_synI4_variable_b24":0.35,"data_set_value_component_i_synI4_variable_b34":0.35,"data_set_value_component_model_parameters_variable_C":0.02,"data_set_value_component_model_parameters_variable_E_Na":50.0,"data_set_value_component_model_parameters_variable_E_K":-85.0,"data_set_value_component_model_parameters_variable_E_L":-60.0,"data_set_value_component_model_parameters_variable_E_synE":0.0,"data_set_value_component_model_parameters_variable_E_synI":-75.0,"data_set_value_component_model_parameters_variable_g_NaP":5.0,"data_set_value_component_model_parameters_variable_g_K":5.0,"data_set_value_component_model_parameters_variable_g_AD":10.0,"data_set_value_component_model_parameters_variable_g_L":2.8,"data_set_value_component_model_parameters_variable_g_synE":10.0,"data_set_value_component_model_parameters_variable_g_synI":60.0,"data_set_value_component_model_parameters_variable_d1":1.0,"data_set_value_component_model_parameters_variable_d2":1.0,"data_set_value_component_model_parameters_variable_d3":1.0,"data_set_value_component_model_parameters_variable_f1_V1":0.000084212,"data_set_value_component_model_parameters_variable_f2_V2":0.0000000015,"data_set_value_component_model_parameters_variable_f3_V3":0.0000000017,"data_set_value_component_model_parameters_variable_f4_V4":0.0000000022,"data_set_value_component_model_parameters_variable_V_half":30.0,"data_set_value_component_model_parameters_variable_k_V1":8.0,"data_set_value_component_model_parameters_variable_k_V2":4.0,"data_set_value_component_model_parameters_variable_k_V3":4.0,"data_set_value_component_model_parameters_variable_k_V4":4.0},{"data_set_value_component_environment_variable_time":0.7,"data_set_value_component_V1_variable_V1":-44.1132489305,"data_set_value_component_V2_variable_V2":-51.2963963759,"data_set_value_component_V3_variable_V3":-50.9029910018,"data_set_value_component_V4_variable_V4":-49.6151127235,"data_set_value_component_i_NaP_variable_i_NaP":-0.1450311551,"data_set_value_component_i_NaP_m_gate_variable_m":0.3350256242,"data_set_value_component_i_NaP_h_gate_variable_h":0.9199463709,"data_set_value_component_i_NaP_h_gate_variable_h_infinity":0.3434873124,"data_set_value_component_i_NaP_h_gate_variable_tau_h":5698.4685768643,"data_set_value_component_i_NaP_h_gate_variable_tau_h_max":6000.0,"data_set_value_component_i_K_variable_i_K":0.000000051,"data_set_value_component_i_K_m_gate_variable_m":0.022350288,"data_set_value_component_i_AD2_variable_i_AD2":0.3099646467,"data_set_value_component_i_AD2_m_gate_variable_m":0.9196780563,"data_set_value_component_i_AD2_m_gate_variable_k_AD2":0.9,"data_set_value_component_i_AD2_m_gate_variable_tau_AD2":2000.0,"data_set_value_component_i_AD3_variable_i_AD3":0.3135827096,"data_set_value_component_i_AD3_m_gate_variable_m":0.9196780563,"data_set_value_component_i_AD3_m_gate_variable_k_AD3":1.3,"data_set_value_component_i_AD3_m_gate_variable_tau_AD3":2000.0,"data_set_value_component_i_AD4_variable_i_AD4":0.325313164,"data_set_value_component_i_AD4_m_gate_variable_m":0.9193562254,"data_set_value_component_i_AD4_m_gate_variable_k_AD4":0.9,"data_set_value_component_i_AD4_m_gate_variable_tau_AD4":1000.0,"data_set_value_component_i_L1_variable_i_L1":0.044482903,"data_set_value_component_i_L2_variable_i_L2":0.0243700901,"data_set_value_component_i_L3_variable_i_L3":0.0254716252,"data_set_value_component_i_L4_variable_i_L4":0.0290776844,"data_set_value_component_i_synE1_variable_i_synE1":-0.0926378228,"data_set_value_component_i_synE1_variable_c11":0.115,"data_set_value_component_i_synE1_variable_c21":0.07,"data_set_value_component_i_synE1_variable_c31":0.025,"data_set_value_component_i_synE2_variable_i_synE2":-0.3077978199,"data_set_value_component_i_synE2_variable_c12":0.3,"data_set_value_component_i_synE2_variable_c22":0.3,"data_set_value_component_i_synE2_variable_c32":0.0,"data_set_value_component_i_synE2_variable_a12":0.4,"data_set_value_component_i_synE3_variable_i_synE3":-0.3206888433,"data_set_value_component_i_synE3_variable_c13":0.63,"data_set_value_component_i_synE3_variable_c23":0.0,"data_set_value_component_i_synE3_variable_c33":0.0,"data_set_value_component_i_synE4_variable_i_synE4":-0.3621903229,"data_set_value_component_i_synE4_variable_c14":0.33,"data_set_value_component_i_synE4_variable_c24":0.4,"data_set_value_component_i_synE4_variable_c34":0.0,"data_set_value_component_i_synI1_variable_i_synI1":0.0000000018,"data_set_value_component_i_synI1_variable_b21":0.0,"data_set_value_component_i_synI1_variable_b31":0.3,"data_set_value_component_i_synI1_variable_b41":0.2,"data_set_value_component_i_synI2_variable_i_synI2":0.0000000012,"data_set_value_component_i_synI2_variable_b32":0.05,"data_set_value_component_i_synI2_variable_b42":0.35,"data_set_value_component_i_synI3_variable_i_synI3":0.0000000009,"data_set_value_component_i_synI3_variable_b23":0.25,"data_set_value_component_i_synI3_variable_b43":0.1,"data_set_value_component_i_synI4_variable_i_synI4":0.0000000017,"data_set_value_component_i_synI4_variable_b24":0.35,"data_set_value_component_i_synI4_variable_b34":0.35,"data_set_value_component_model_parameters_variable_C":0.02,"data_set_value_component_model_parameters_variable_E_Na":50.0,"data_set_value_component_model_parameters_variable_E_K":-85.0,"data_set_value_component_model_parameters_variable_E_L":-60.0,"data_set_value_component_model_parameters_variable_E_synE":0.0,"data_set_value_component_model_parameters_variable_E_synI":-75.0,"data_set_value_component_model_parameters_variable_g_NaP":5.0,"data_set_value_component_model_parameters_variable_g_K":5.0,"data_set_value_component_model_parameters_variable_g_AD":10.0,"data_set_value_component_model_parameters_variable_g_L":2.8,"data_set_value_component_model_parameters_variable_g_synE":10.0,"data_set_value_component_model_parameters_variable_g_synI":60.0,"data_set_value_component_model_parameters_variable_d1":1.0,"data_set_value_component_model_parameters_variable_d2":1.0,"data_set_value_component_model_parameters_variable_d3":1.0,"data_set_value_component_model_parameters_variable_f1_V1":0.0000947517,"data_set_value_component_model_parameters_variable_f2_V2":0.0000000015,"data_set_value_component_model_parameters_variable_f3_V3":0.0000000016,"data_set_value_component_model_parameters_variable_f4_V4":0.0000000023,"data_set_value_component_model_parameters_variable_V_half":30.0,"data_set_value_component_model_parameters_variable_k_V1":8.0,"data_set_value_component_model_parameters_variable_k_V2":4.0,"data_set_value_component_model_parameters_variable_k_V3":4.0,"data_set_value_component_model_parameters_variable_k_V4":4.0},{"data_set_value_component_environment_variable_time":0.8,"data_set_value_component_V1_variable_V1":-43.1232998682,"data_set_value_component_V2_variable_V2":-51.4232440276,"data_set_value_component_V3_variable_V3":-50.9907063649,"data_set_value_component_V4_variable_V4":-49.5778579692,"data_set_value_component_i_NaP_variable_i_NaP":-0.1596514307,"data_set_value_component_i_NaP_m_gate_variable_m":0.3727236394,"data_set_value_component_i_NaP_h_gate_variable_h":0.9199357898,"data_set_value_component_i_NaP_h_gate_variable_h_infinity":0.3072976969,"data_set_value_component_i_NaP_h_gate_variable_tau_h":5536.4861079421,"data_set_value_component_i_NaP_h_gate_variable_tau_h_max":6000.0,"data_set_value_component_i_K_variable_i_K":0.0000001371,"data_set_value_component_i_K_m_gate_variable_m":0.028447778,"data_set_value_component_i_AD2_variable_i_AD2":0.3087826172,"data_set_value_component_i_AD2_m_gate_variable_m":0.9196320736,"data_set_value_component_i_AD2_m_gate_variable_k_AD2":0.9,"data_set_value_component_i_AD2_m_gate_variable_tau_AD2":2000.0,"data_set_value_component_i_AD3_variable_i_AD3":0.3127603723,"data_set_value_component_i_AD3_m_gate_variable_m":0.9196320736,"data_set_value_component_i_AD3_m_gate_variable_k_AD3":1.3,"data_set_value_component_i_AD3_m_gate_variable_tau_AD3":2000.0,"data_set_value_component_i_AD4_variable_i_AD4":0.325623104,"data_set_value_component_i_AD4_m_gate_variable_m":0.9192642943,"data_set_value_component_i_AD4_m_gate_variable_k_AD4":0.9,"data_set_value_component_i_AD4_m_gate_variable_tau_AD4":1000.0,"data_set_value_component_i_L1_variable_i_L1":0.0472547604,"data_set_value_component_i_L2_variable_i_L2":0.0240149167,"data_set_value_component_i_L3_variable_i_L3":0.0252260222,"data_set_value_component_i_L4_variable_i_L4":0.0291819977,"data_set_value_component_i_synE1_variable_i_synE1":-0.0905589297,"data_set_value_component_i_synE1_variable_c11":0.115,"data_set_value_component_i_synE1_variable_c21":0.07,"data_set_value_component_i_synE1_variable_c31":0.025,"data_set_value_component_i_synE2_variable_i_synE2":-0.3085615209,"data_set_value_component_i_synE2_variable_c12":0.3,"data_set_value_component_i_synE2_variable_c22":0.3,"data_set_value_component_i_synE2_variable_c32":0.0,"data_set_value_component_i_synE2_variable_a12":0.4,"data_set_value_component_i_synE3_variable_i_synE3":-0.3212414501,"data_set_value_component_i_synE3_variable_c13":0.63,"data_set_value_component_i_synE3_variable_c23":0.0,"data_set_value_component_i_synE3_variable_c33":0.0,"data_set_value_component_i_synE4_variable_i_synE4":-0.3619183632,"data_set_value_component_i_synE4_variable_c14":0.33,"data_set_value_component_i_synE4_variable_c24":0.4,"data_set_value_component_i_synE4_variable_c34":0.0,"data_set_value_component_i_synI1_variable_i_synI1":0.0000000018,"data_set_value_component_i_synI1_variable_b21":0.0,"data_set_value_component_i_synI1_variable_b31":0.3,"data_set_value_component_i_synI1_variable_b41":0.2,"data_set_value_component_i_synI2_variable_i_synI2":0.0000000012,"data_set_value_component_i_synI2_variable_b32":0.05,"data_set_value_component_i_synI2_variable_b42":0.35,"data_set_value_component_i_synI3_variable_i_synI3":0.0000000009,"data_set_value_component_i_synI3_variable_b23":0.25,"data_set_value_component_i_synI3_variable_b43":0.1,"data_set_value_component_i_synI4_variable_i_synI4":0.0000000016,"data_set_value_component_i_synI4_variable_b24":0.35,"data_set_value_component_i_synI4_variable_b34":0.35,"data_set_value_component_model_parameters_variable_C":0.02,"data_set_value_component_model_parameters_variable_E_Na":50.0,"data_set_value_component_model_parameters_variable_E_K":-85.0,"data_set_value_component_model_parameters_variable_E_L":-60.0,"data_set_value_component_model_parameters_variable_E_synE":0.0,"data_set_value_component_model_parameters_variable_E_synI":-75.0,"data_set_value_component_model_parameters_variable_g_NaP":5.0,"data_set_value_component_model_parameters_variable_g_K":5.0,"data_set_value_component_model_parameters_variable_g_AD":10.0,"data_set_value_component_model_parameters_variable_g_L":2.8,"data_set_value_component_model_parameters_variable_g_synE":10.0,"data_set_value_component_model_parameters_variable_g_synI":60.0,"data_set_value_component_model_parameters_variable_d1":1.0,"data_set_value_component_model_parameters_variable_d2":1.0,"data_set_value_component_model_parameters_variable_d3":1.0,"data_set_value_component_model_parameters_variable_f1_V1":0.0001072316,"data_set_value_component_model_parameters_variable_f2_V2":0.0000000014,"data_set_value_component_model_parameters_variable_f3_V3":0.0000000016,"data_set_value_component_model_parameters_variable_f4_V4":0.0000000023,"data_set_value_component_model_parameters_variable_V_half":30.0,"data_set_value_component_model_parameters_variable_k_V1":8.0,"data_set_value_component_model_parameters_variable_k_V2":4.0,"data_set_value_component_model_parameters_variable_k_V3":4.0,"data_set_value_component_model_parameters_variable_k_V4":4.0},{"data_set_value_component_environment_variable_time":0.9,"data_set_value_component_V1_variable_V1":-42.0822928292,"data_set_value_component_V2_variable_V2":-51.5390885298,"data_set_value_component_V3_variable_V3":-51.0706786581,"data_set_value_component_V4_variable_V4":-49.54387389,"data_set_value_component_i_NaP_variable_i_NaP":-0.1753886871,"data_set_value_component_i_NaP_m_gate_variable_m":0.4140982607,"data_set_value_component_i_NaP_h_gate_variable_h":0.919924196,"data_set_value_component_i_NaP_h_gate_variable_h_infinity":0.2716465772,"data_set_value_component_i_NaP_h_gate_variable_tau_h":5337.7035190883,"data_set_value_component_i_NaP_h_gate_variable_tau_h_max":6000.0,"data_set_value_component_i_K_variable_i_K":0.0000003848,"data_set_value_component_i_K_m_gate_variable_m":0.0365946142,"data_set_value_component_i_AD2_variable_i_AD2":0.3077018885,"data_set_value_component_i_AD2_m_gate_variable_m":0.9195860931,"data_set_value_component_i_AD2_m_gate_variable_k_AD2":0.9,"data_set_value_component_i_AD2_m_gate_variable_tau_AD2":2000.0,"data_set_value_component_i_AD3_variable_i_AD3":0.3120093206,"data_set_value_component_i_AD3_m_gate_variable_m":0.9195860931,"data_set_value_component_i_AD3_m_gate_variable_k_AD3":1.3,"data_set_value_component_i_AD3_m_gate_variable_tau_AD3":2000.0,"data_set_value_component_i_AD4_variable_i_AD4":0.3259029156,"data_set_value_component_i_AD4_m_gate_variable_m":0.9191723725,"data_set_value_component_i_AD4_m_gate_variable_k_AD4":0.9,"data_set_value_component_i_AD4_m_gate_variable_tau_AD4":1000.0,"data_set_value_component_i_L1_variable_i_L1":0.0501695801,"data_set_value_component_i_L2_variable_i_L2":0.0236905521,"data_set_value_component_i_L3_variable_i_L3":0.0250020998,"data_set_value_component_i_L4_variable_i_L4":0.0292771531,"data_set_value_component_i_synE1_variable_i_synE1":-0.0883728149,"data_set_value_component_i_synE1_variable_c11":0.115,"data_set_value_component_i_synE1_variable_c21":0.07,"data_set_value_component_i_synE1_variable_c31":0.025,"data_set_value_component_i_synE2_variable_i_synE2":-0.3092597095,"data_set_value_component_i_synE2_variable_c12":0.3,"data_set_value_component_i_synE2_variable_c22":0.3,"data_set_value_component_i_synE2_variable_c32":0.0,"data_set_value_component_i_synE2_variable_a12":0.4,"data_set_value_component_i_synE3_variable_i_synE3":-0.3217452755,"data_set_value_component_i_synE3_variable_c13":0.63,"data_set_value_component_i_synE3_variable_c23":0.0,"data_set_value_component_i_synE3_variable_c33":0.0,"data_set_value_component_i_synE4_variable_i_synE4":-0.3616702794,"data_set_value_component_i_synE4_variable_c14":0.33,"data_set_value_component_i_synE4_variable_c24":0.4,"data_set_value_component_i_synE4_variable_c34":0.0,"data_set_value_component_i_synI1_variable_i_synI1":0.0000000018,"data_set_value_component_i_synI1_variable_b21":0.0,"data_set_value_component_i_synI1_variable_b31":0.3,"data_set_value_component_i_synI1_variable_b41":0.2,"data_set_value_component_i_synI2_variable_i_synI2":0.0000000012,"data_set_value_component_i_synI2_variable_b32":0.05,"data_set_value_component_i_synI2_variable_b42":0.35,"data_set_value_component_i_synI3_variable_i_synI3":0.0000000008,"data_set_value_component_i_synI3_variable_b23":0.25,"data_set_value_component_i_synI3_variable_b43":0.1,"data_set_value_component_i_synI4_variable_i_synI4":0.0000000016,"data_set_value_component_i_synI4_variable_b24":0.35,"data_set_value_component_i_synI4_variable_b34":0.35,"data_set_value_component_model_parameters_variable_C":0.02,"data_set_value_component_model_parameters_variable_E_Na":50.0,"data_set_value_component_model_parameters_variable_E_K":-85.0,"data_set_value_component_model_parameters_variable_E_L":-60.0,"data_set_value_component_model_parameters_variable_E_synE":0.0,"data_set_value_component_model_parameters_variable_E_synI":-75.0,"data_set_value_component_model_parameters_variable_g_NaP":5.0,"data_set_value_component_model_parameters_variable_g_K":5.0,"data_set_value_component_model_parameters_variable_g_AD":10.0,"data_set_value_component_model_parameters_variable_g_L":2.8,"data_set_value_component_model_parameters_variable_g_synE":10.0,"data_set_value_component_model_parameters_variable_g_synI":60.0,"data_set_value_component_model_parameters_variable_d1":1.0,"data_set_value_component_model_parameters_variable_d2":1.0,"data_set_value_component_model_parameters_variable_d3":1.0,"data_set_value_component_model_parameters_variable_f1_V1":0.0001221319,"data_set_value_component_model_parameters_variable_f2_V2":0.0000000014,"data_set_value_component_model_parameters_variable_f3_V3":0.0000000016,"data_set_value_component_model_parameters_variable_f4_V4":0.0000000023,"data_set_value_component_model_parameters_variable_V_half":30.0,"data_set_value_component_model_parameters_variable_k_V1":8.0,"data_set_value_component_model_parameters_variable_k_V2":4.0,"data_set_value_component_model_parameters_variable_k_V3":4.0,"data_set_value_component_model_parameters_variable_k_V4":4.0},{"data_set_value_component_environment_variable_time":1.0,"data_set_value_component_V1_variable_V1":-40.986258813,"data_set_value_component_V2_variable_V2":-51.6448734525,"data_set_value_component_V3_variable_V3":-51.1435843635,"data_set_value_component_V4_variable_V4":-49.5128598264,"data_set_value_component_i_NaP_variable_i_NaP":-0.1920891268,"data_set_value_component_i_NaP_m_gate_variable_m":0.4589981624,"data_set_value_component_i_NaP_h_gate_variable_h":0.9199114469,"data_set_value_component_i_NaP_h_gate_variable_h_infinity":0.2370435877,"data_set_value_component_i_NaP_h_gate_variable_tau_h":5103.2308620146,"data_set_value_component_i_NaP_h_gate_variable_tau_h_max":6000.0,"data_set_value_component_i_K_variable_i_K":0.000001128,"data_set_value_component_i_K_m_gate_variable_m":0.0475813099,"data_set_value_component_i_AD2_variable_i_AD2":0.306713769,"data_set_value_component_i_AD2_m_gate_variable_m":0.919540115,"data_set_value_component_i_AD2_m_gate_variable_k_AD2":0.9,"data_set_value_component_i_AD2_m_gate_variable_tau_AD2":2000.0,"data_set_value_component_i_AD3_variable_i_AD3":0.3113233233,"data_set_value_component_i_AD3_m_gate_variable_m":0.919540115,"data_set_value_component_i_AD3_m_gate_variable_k_AD3":1.3,"data_set_value_component_i_AD3_m_gate_variable_tau_AD3":2000.0,"data_set_value_component_i_AD4_variable_i_AD4":0.3261553711,"data_set_value_component_i_AD4_m_gate_variable_m":0.9190804599,"data_set_value_component_i_AD4_m_gate_variable_k_AD4":0.9,"data_set_value_component_i_AD4_m_gate_variable_tau_AD4":1000.0,"data_set_value_component_i_L1_variable_i_L1":0.0532384753,"data_set_value_component_i_L2_variable_i_L2":0.0233943543,"data_set_value_component_i_L3_variable_i_L3":0.0247979638,"data_set_value_component_i_L4_variable_i_L4":0.0293639925,"data_set_value_component_i_synE1_variable_i_synE1":-0.0860711435,"data_set_value_component_i_synE1_variable_c11":0.115,"data_set_value_component_i_synE1_variable_c21":0.07,"data_set_value_component_i_synE1_variable_c31":0.025,"data_set_value_component_i_synE2_variable_i_synE2":-0.3098981747,"data_set_value_component_i_synE2_variable_c12":0.3,"data_set_value_component_i_synE2_variable_c22":0.3,"data_set_value_component_i_synE2_variable_c32":0.0,"data_set_value_component_i_synE2_variable_a12":0.4,"data_set_value_component_i_synE3_variable_i_synE3":-0.3222045815,"data_set_value_component_i_synE3_variable_c13":0.63,"data_set_value_component_i_synE3_variable_c23":0.0,"data_set_value_component_i_synE3_variable_c33":0.0,"data_set_value_component_i_synE4_variable_i_synE4":-0.3614438767,"data_set_value_component_i_synE4_variable_c14":0.33,"data_set_value_component_i_synE4_variable_c24":0.4,"data_set_value_component_i_synE4_variable_c34":0.0,"data_set_value_component_i_synI1_variable_i_synI1":0.0000000019,"data_set_value_component_i_synI1_variable_b21":0.0,"data_set_value_component_i_synI1_variable_b31":0.3,"data_set_value_component_i_synI1_variable_b41":0.2,"data_set_value_component_i_synI2_variable_i_synI2":0.0000000013,"data_set_value_component_i_synI2_variable_b32":0.05,"data_set_value_component_i_synI2_variable_b42":0.35,"data_set_value_component_i_synI3_variable_i_synI3":0.0000000008,"data_set_value_component_i_synI3_variable_b23":0.25,"data_set_value_component_i_synI3_variable_b43":0.1,"data_set_value_component_i_synI4_variable_i_synI4":0.0000000016,"data_set_value_component_i_synI4_variable_b24":0.35,"data_set_value_component_i_synI4_variable_b34":0.35,"data_set_value_component_model_parameters_variable_C":0.02,"data_set_value_component_model_parameters_variable_E_Na":50.0,"data_set_value_component_model_parameters_variable_E_K":-85.0,"data_set_value_component_model_parameters_variable_E_L":-60.0,"data_set_value_component_model_parameters_variable_E_synE":0.0,"data_set_value_component_model_parameters_variable_E_synI":-75.0,"data_set_value_component_model_parameters_variable_g_NaP":5.0,"data_set_value_component_model_parameters_variable_g_K":5.0,"data_set_value_component_model_parameters_variable_g_AD":10.0,"data_set_value_component_model_parameters_variable_g_L":2.8,"data_set_value_component_model_parameters_variable_g_synE":10.0,"data_set_value_component_model_parameters_variable_g_synI":60.0,"data_set_value_component_model_parameters_variable_d1":1.0,"data_set_value_component_model_parameters_variable_d2":1.0,"data_set_value_component_model_parameters_variable_d3":1.0,"data_set_value_component_model_parameters_variable_f1_V1":0.0001400624,"data_set_value_component_model_parameters_variable_f2_V2":0.0000000014,"data_set_value_component_model_parameters_variable_f3_V3":0.0000000015,"data_set_value_component_model_parameters_variable_f4_V4":0.0000000023,"data_set_value_component_model_parameters_variable_V_half":30.0,"data_set_value_component_model_parameters_variable_k_V1":8.0,"data_set_value_component_model_parameters_variable_k_V2":4.0,"data_set_value_component_model_parameters_variable_k_V3":4.0,"data_set_value_component_model_parameters_variable_k_V4":4.0}]