[{"data_set_value_component_environment_variable_time":0.0,"data_set_value_component_rate_constants_variable_k1":300.0,"data_set_value_component_rate_constants_variable_k2":5.0,"data_set_value_component_rate_constants_variable_k3":30.0,"data_set_value_component_rate_constants_variable_k4":30.0,"data_set_value_component_rate_constants_variable_k5":0.1,"data_set_value_component_rate_constants_variable_k6":1.0,"data_set_value_component_rate_constants_variable_k7":10.0,"data_set_value_component_rate_constants_variable_k8":100.0,"data_set_value_component_rate_constants_variable_k9":1.0,"data_set_value_component_rate_constants_variable_k10":10.0,"data_set_value_component_rate_constants_variable_k11":1.0,"data_set_value_component_rate_constants_variable_k12":0.0,"data_set_value_component_rate_constants_variable_k13":1.0,"data_set_value_component_rate_constants_variable_k14":1.0,"data_set_value_component_rate_constants_variable_k15":1.0,"data_set_value_component_rate_constants_variable_k16":2.0,"data_set_value_component_rate_constants_variable_k2u":50.0,"data_set_value_component_rate_constants_variable_k7u":0.0,"data_set_value_component_rate_constants_variable_k16u":25.0,"data_set_value_component_rate_constants_variable_az":10.0,"data_set_value_component_rate_constants_variable_bz":0.1,"data_set_value_component_rate_constants_variable_cz":1.0,"data_set_value_component_rate_constants_variable_aw":10.0,"data_set_value_component_rate_constants_variable_bw":0.1,"data_set_value_component_rate_constants_variable_cw":1.0,"data_set_value_component_rate_constants_variable_ai":10.0,"data_set_value_component_rate_constants_variable_bi":0.1,"data_set_value_component_rate_constants_variable_ci":1.0,"data_set_value_component_rate_constants_variable_kplus_z":0.2,"data_set_value_component_rate_constants_variable_kplus_w":0.2,"data_set_value_component_rate_constants_variable_kplus_i":0.2,"data_set_value_component_rate_constants_variable_kminus_z":10.0,"data_set_value_component_rate_constants_variable_kminus_w":10.0,"data_set_value_component_rate_constants_variable_kminus_i":10.0,"data_set_value_component_cyclin_variable_cyclin":0.0,"data_set_value_component_cyclin_CDK_inactive_variable_cyclin_CDK_inactive":0.1,"data_set_value_component_cyclin_CDK_active_variable_cyclin_CDK_active":0.1,"data_set_value_component_Cdc25_variable_Cdc25":0.0,"data_set_value_component_Cdc25_P_variable_Cdc25_P":0.0,"data_set_value_component_Cdc25_2P_variable_Cdc25_2P":0.0,"data_set_value_component_wee1_variable_wee1":0.0,"data_set_value_component_wee1_P_variable_wee1_P":0.0,"data_set_value_component_APC_variable_APC":0.0,"data_set_value_component_APC_variable_tau":25.0,"data_set_value_component_APC_variable_h_x":0.0006246096,"data_set_value_component_APC_variable_a":4.0,"data_set_value_component_CKI_variable_CKI":0.0,"data_set_value_component_cyclin_CDK_CKI_variable_cyclin_CDK_CKI":0.0,"data_set_value_component_cyclin_CDK_CKI_P_variable_cyclin_CDK_CKI_P":0.0,"data_set_value_component_CDK_variable_CDK":0.999,"data_set_value_component_CDK_variable_CDK_T":200.0,"data_set_value_component_cyclin_T_variable_cyclin_T":0.2},{"data_set_value_component_environment_variable_time":0.1,"data_set_value_component_rate_constants_variable_k1":300.0,"data_set_value_component_rate_constants_variable_k2":5.0,"data_set_value_component_rate_constants_variable_k3":30.0,"data_set_value_component_rate_constants_variable_k4":30.0,"data_set_value_component_rate_constants_variable_k5":0.1,"data_set_value_component_rate_constants_variable_k6":1.0,"data_set_value_component_rate_constants_variable_k7":10.0,"data_set_value_component_rate_constants_variable_k8":100.0,"data_set_value_component_rate_constants_variable_k9":1.0,"data_set_value_component_rate_constants_variable_k10":10.0,"data_set_value_component_rate_constants_variable_k11":1.0,"data_set_value_component_rate_constants_variable_k12":0.0,"data_set_value_component_rate_constants_variable_k13":1.0,"data_set_value_component_rate_constants_variable_k14":1.0,"data_set_value_component_rate_constants_variable_k15":1.0,"data_set_value_component_rate_constants_variable_k16":2.0,"data_set_value_component_rate_constants_variable_k2u":50.0,"data_set_value_component_rate_constants_variable_k7u":0.0,"data_set_value_component_rate_constants_variable_k16u":25.0,"data_set_value_component_rate_constants_variable_az":10.0,"data_set_value_component_rate_constants_variable_bz":0.1,"data_set_value_component_rate_constants_variable_cz":1.0,"data_set_value_component_rate_constants_variable_aw":10.0,"data_set_value_component_rate_constants_variable_bw":0.1,"data_set_value_component_rate_constants_variable_cw":1.0,"data_set_value_component_rate_constants_variable_ai":10.0,"data_set_value_component_rate_constants_variable_bi":0.1,"data_set_value_component_rate_constants_variable_ci":1.0,"data_set_value_component_rate_constants_variable_kplus_z":0.1667779894,"data_set_value_component_rate_constants_variable_kplus_w":0.1667779894,"data_set_value_component_rate_constants_variable_kplus_i":0.1667779894,"data_set_value_component_rate_constants_variable_kminus_z":10.0,"data_set_value_component_rate_constants_variable_kminus_w":10.0,"data_set_value_component_rate_constants_variable_kminus_i":10.0,"data_set_value_component_cyclin_variable_cyclin":15.1173394138,"data_set_value_component_cyclin_CDK_inactive_variable_cyclin_CDK_inactive":10.6154968129,"data_set_value_component_cyclin_CDK_active_variable_cyclin_CDK_active":0.0667779894,"data_set_value_component_Cdc25_variable_Cdc25":9.4593326065,"data_set_value_component_Cdc25_P_variable_Cdc25_P":0.0566610294,"data_set_value_component_Cdc25_2P_variable_Cdc25_2P":0.0002645599,"data_set_value_component_wee1_variable_wee1":0.9459393055,"data_set_value_component_wee1_P_variable_wee1_P":0.0056865141,"data_set_value_component_APC_variable_APC":0.0000013033,"data_set_value_component_APC_variable_tau":25.0,"data_set_value_component_APC_variable_h_x":0.0002786286,"data_set_value_component_APC_variable_a":4.0,"data_set_value_component_CKI_variable_CKI":0.0,"data_set_value_component_cyclin_CDK_CKI_variable_cyclin_CDK_CKI":0.0,"data_set_value_component_cyclin_CDK_CKI_P_variable_cyclin_CDK_CKI_P":0.0,"data_set_value_component_CDK_variable_CDK":0.946588626,"data_set_value_component_CDK_variable_CDK_T":200.0,"data_set_value_component_cyclin_T_variable_cyclin_T":25.7996142161},{"data_set_value_component_environment_variable_time":0.2,"data_set_value_component_rate_constants_variable_k1":300.0,"data_set_value_component_rate_constants_variable_k2":5.0,"data_set_value_component_rate_constants_variable_k3":30.0,"data_set_value_component_rate_constants_variable_k4":30.0,"data_set_value_component_rate_constants_variable_k5":0.1,"data_set_value_component_rate_constants_variable_k6":1.0,"data_set_value_component_rate_constants_variable_k7":10.0,"data_set_value_component_rate_constants_variable_k8":100.0,"data_set_value_component_rate_constants_variable_k9":1.0,"data_set_value_component_rate_constants_variable_k10":10.0,"data_set_value_component_rate_constants_variable_k11":1.0,"data_set_value_component_rate_constants_variable_k12":0.0,"data_set_value_component_rate_constants_variable_k13":1.0,"data_set_value_component_rate_constants_variable_k14":1.0,"data_set_value_component_rate_constants_variable_k15":1.0,"data_set_value_component_rate_constants_variable_k16":2.0,"data_set_value_component_rate_constants_variable_k2u":50.0,"data_set_value_component_rate_constants_variable_k7u":0.0,"data_set_value_component_rate_constants_variable_k16u":25.0,"data_set_value_component_rate_constants_variable_az":10.0,"data_set_value_component_rate_constants_variable_bz":0.1,"data_set_value_component_rate_constants_variable_cz":1.0,"data_set_value_component_rate_constants_variable_aw":10.0,"data_set_value_component_rate_constants_variable_bw":0.1,"data_set_value_component_rate_constants_variable_cw":1.0,"data_set_value_component_rate_constants_variable_ai":10.0,"data_set_value_component_rate_constants_variable_bi":0.1,"data_set_value_component_rate_constants_variable_ci":1.0,"data_set_value_component_rate_constants_variable_kplus_z":0.214458393,"data_set_value_component_rate_constants_variable_kplus_w":0.214458393,"data_set_value_component_rate_constants_variable_kplus_i":0.214458393,"data_set_value_component_rate_constants_variable_kminus_z":10.0,"data_set_value_component_rate_constants_variable_kminus_w":10.0,"data_set_value_component_rate_constants_variable_kminus_i":10.0,"data_set_value_component_cyclin_variable_cyclin":25.3383250864,"data_set_value_component_cyclin_CDK_inactive_variable_cyclin_CDK_inactive":20.0523024309,"data_set_value_component_cyclin_CDK_active_variable_cyclin_CDK_active":0.114458393,"data_set_value_component_Cdc25_variable_Cdc25":17.9355987857,"data_set_value_component_Cdc25_P_variable_Cdc25_P":0.1897028962,"data_set_value_component_Cdc25_2P_variable_Cdc25_2P":0.0016230097,"data_set_value_component_wee1_variable_wee1":1.7936179988,"data_set_value_component_wee1_P_variable_wee1_P":0.0190744704,"data_set_value_component_APC_variable_APC":0.000003288,"data_set_value_component_APC_variable_tau":25.0,"data_set_value_component_APC_variable_h_x":0.0008181254,"data_set_value_component_APC_variable_a":4.0,"data_set_value_component_CKI_variable_CKI":0.0,"data_set_value_component_cyclin_CDK_CKI_variable_cyclin_CDK_CKI":0.0,"data_set_value_component_cyclin_CDK_CKI_P_variable_cyclin_CDK_CKI_P":0.0,"data_set_value_component_CDK_variable_CDK":0.8991661959,"data_set_value_component_CDK_variable_CDK_T":200.0,"data_set_value_component_cyclin_T_variable_cyclin_T":45.5050859103},{"data_set_value_component_environment_variable_time":0.3,"data_set_value_component_rate_constants_variable_k1":300.0,"data_set_value_component_rate_constants_variable_k2":5.0,"data_set_value_component_rate_constants_variable_k3":30.0,"data_set_value_component_rate_constants_variable_k4":30.0,"data_set_value_component_rate_constants_variable_k5":0.1,"data_set_value_component_rate_constants_variable_k6":1.0,"data_set_value_component_rate_constants_variable_k7":10.0,"data_set_value_component_rate_constants_variable_k8":100.0,"data_set_value_component_rate_constants_variable_k9":1.0,"data_set_value_component_rate_constants_variable_k10":10.0,"data_set_value_component_rate_constants_variable_k11":1.0,"data_set_value_component_rate_constants_variable_k12":0.0,"data_set_value_component_rate_constants_variable_k13":1.0,"data_set_value_component_rate_constants_variable_k14":1.0,"data_set_value_component_rate_constants_variable_k15":1.0,"data_set_value_component_rate_constants_variable_k16":2.0,"data_set_value_component_rate_constants_variable_k2u":50.0,"data_set_value_component_rate_constants_variable_k7u":0.0,"data_set_value_component_rate_constants_variable_k16u":25.0,"data_set_value_component_rate_constants_variable_az":10.0,"data_set_value_component_rate_constants_variable_bz":0.1,"data_set_value_component_rate_constants_variable_cz":1.0,"data_set_value_component_rate_constants_variable_aw":10.0,"data_set_value_component_rate_constants_variable_bw":0.1,"data_set_value_component_rate_constants_variable_cw":1.0,"data_set_value_component_rate_constants_variable_ai":10.0,"data_set_value_component_rate_constants_variable_bi":0.1,"data_set_value_component_rate_constants_variable_ci":1.0,"data_set_value_component_rate_constants_variable_kplus_z":0.2703211059,"data_set_value_component_rate_constants_variable_kplus_w":0.2703211059,"data_set_value_component_rate_constants_variable_kplus_i":0.2703211059,"data_set_value_component_rate_constants_variable_kminus_z":10.0,"data_set_value_component_rate_constants_variable_kminus_w":10.0,"data_set_value_component_rate_constants_variable_kminus_i":10.0,"data_set_value_component_cyclin_variable_cyclin":33.4808544713,"data_set_value_component_cyclin_CDK_inactive_variable_cyclin_CDK_inactive":26.9245553172,"data_set_value_component_cyclin_CDK_active_variable_cyclin_CDK_active":0.1703211059,"data_set_value_component_Cdc25_variable_Cdc25":25.5125083305,"data_set_value_component_Cdc25_P_variable_Cdc25_P":0.4004380651,"data_set_value_component_Cdc25_2P_variable_Cdc25_2P":0.0052315353,"data_set_value_component_wee1_variable_wee1":2.5514814955,"data_set_value_component_wee1_P_variable_wee1_P":0.0403362976,"data_set_value_component_APC_variable_APC":0.0000084246,"data_set_value_component_APC_variable_tau":25.0,"data_set_value_component_APC_variable_h_x":0.0018097986,"data_set_value_component_APC_variable_a":4.0,"data_set_value_component_CKI_variable_CKI":0.0,"data_set_value_component_cyclin_CDK_CKI_variable_cyclin_CDK_CKI":0.0,"data_set_value_component_cyclin_CDK_CKI_P_variable_cyclin_CDK_CKI_P":0.0,"data_set_value_component_CDK_variable_CDK":0.8645256179,"data_set_value_component_CDK_variable_CDK_T":200.0,"data_set_value_component_cyclin_T_variable_cyclin_T":60.5757308944},{"data_set_value_component_environment_variable_time":0.4,"data_set_value_component_rate_constants_variable_k1":300.0,"data_set_value_component_rate_constants_variable_k2":5.0,"data_set_value_component_rate_constants_variable_k3":30.0,"data_set_value_component_rate_constants_variable_k4":30.0,"data_set_value_component_rate_constants_variable_k5":0.1,"data_set_value_component_rate_constants_variable_k6":1.0,"data_set_value_component_rate_constants_variable_k7":10.0,"data_set_value_component_rate_constants_variable_k8":100.0,"data_set_value_component_rate_constants_variable_k9":1.0,"data_set_value_component_rate_constants_variable_k10":10.0,"data_set_value_component_rate_constants_variable_k11":1.0,"data_set_value_component_rate_constants_variable_k12":0.0,"data_set_value_component_rate_constants_variable_k13":1.0,"data_set_value_component_rate_constants_variable_k14":1.0,"data_set_value_component_rate_constants_variable_k15":1.0,"data_set_value_component_rate_constants_variable_k16":2.0,"data_set_value_component_rate_constants_variable_k2u":50.0,"data_set_value_component_rate_constants_variable_k7u":0.0,"data_set_value_component_rate_constants_variable_k16u":25.0,"data_set_value_component_rate_constants_variable_az":10.0,"data_set_value_component_rate_constants_variable_bz":0.1,"data_set_value_component_rate_constants_variable_cz":1.0,"data_set_value_component_rate_constants_variable_aw":10.0,"data_set_value_component_rate_constants_variable_bw":0.1,"data_set_value_component_rate_constants_variable_cw":1.0,"data_set_value_component_rate_constants_variable_ai":10.0,"data_set_value_component_rate_constants_variable_bi":0.1,"data_set_value_component_rate_constants_variable_ci":1.0,"data_set_value_component_rate_constants_variable_kplus_z":0.319045779,"data_set_value_component_rate_constants_variable_kplus_w":0.319045779,"data_set_value_component_rate_constants_variable_kplus_i":0.319045779,"data_set_value_component_rate_constants_variable_kminus_z":10.0,"data_set_value_component_rate_constants_variable_kminus_w":10.0,"data_set_value_component_rate_constants_variable_kminus_i":10.0,"data_set_value_component_cyclin_variable_cyclin":39.8348905067,"data_set_value_component_cyclin_CDK_inactive_variable_cyclin_CDK_inactive":31.9271818039,"data_set_value_component_cyclin_CDK_active_variable_cyclin_CDK_active":0.219045779,"data_set_value_component_Cdc25_variable_Cdc25":32.2886411986,"data_set_value_component_Cdc25_P_variable_Cdc25_P":0.667474196,"data_set_value_component_Cdc25_2P_variable_Cdc25_2P":0.0118799999,"data_set_value_component_wee1_variable_wee1":3.2294723731,"data_set_value_component_wee1_P_variable_wee1_P":0.0673271663,"data_set_value_component_APC_variable_APC":0.0000179324,"data_set_value_component_APC_variable_tau":25.0,"data_set_value_component_APC_variable_h_x":0.0029898498,"data_set_value_component_APC_variable_a":4.0,"data_set_value_component_CKI_variable_CKI":0.0,"data_set_value_component_cyclin_CDK_CKI_variable_cyclin_CDK_CKI":0.0,"data_set_value_component_cyclin_CDK_CKI_P_variable_cyclin_CDK_CKI_P":0.0,"data_set_value_component_CDK_variable_CDK":0.8392688621,"data_set_value_component_CDK_variable_CDK_T":200.0,"data_set_value_component_cyclin_T_variable_cyclin_T":71.9811180897},{"data_set_value_component_environment_variable_time":0.5,"data_set_value_component_rate_constants_variable_k1":300.0,"data_set_value_component_rate_constants_variable_k2":5.0,"data_set_value_component_rate_constants_variable_k3":30.0,"data_set_value_component_rate_constants_variable_k4":30.0,"data_set_value_component_rate_constants_variable_k5":0.1,"data_set_value_component_rate_constants_variable_k6":1.0,"data_set_value_component_rate_constants_variable_k7":10.0,"data_set_value_component_rate_constants_variable_k8":100.0,"data_set_value_component_rate_constants_variable_k9":1.0,"data_set_value_component_rate_constants_variable_k10":10.0,"data_set_value_component_rate_constants_variable_k11":1.0,"data_set_value_component_rate_constants_variable_k12":0.0,"data_set_value_component_rate_constants_variable_k13":1.0,"data_set_value_component_rate_constants_variable_k14":1.0,"data_set_value_component_rate_constants_variable_k15":1.0,"data_set_value_component_rate_constants_variable_k16":2.0,"data_set_value_component_rate_constants_variable_k2u":50.0,"data_set_value_component_rate_constants_variable_k7u":0.0,"data_set_value_component_rate_constants_variable_k16u":25.0,"data_set_value_component_rate_constants_variable_az":10.0,"data_set_value_component_rate_constants_variable_bz":0.1,"data_set_value_component_rate_constants_variable_cz":1.0,"data_set_value_component_rate_constants_variable_aw":10.0,"data_set_value_component_rate_constants_variable_bw":0.1,"data_set_value_component_rate_constants_variable_cw":1.0,"data_set_value_component_rate_constants_variable_ai":10.0,"data_set_value_component_rate_constants_variable_bi":0.1,"data_set_value_component_rate_constants_variable_ci":1.0,"data_set_value_component_rate_constants_variable_kplus_z":0.362820268,"data_set_value_component_rate_constants_variable_kplus_w":0.362820268,"data_set_value_component_rate_constants_variable_kplus_i":0.362820268,"data_set_value_component_rate_constants_variable_kminus_z":10.0,"data_set_value_component_rate_constants_variable_kminus_w":10.0,"data_set_value_component_rate_constants_variable_kminus_i":10.0,"data_set_value_component_cyclin_variable_cyclin":44.7115941437,"data_set_value_component_cyclin_CDK_inactive_variable_cyclin_CDK_inactive":35.5684560817,"data_set_value_component_cyclin_CDK_active_variable_cyclin_CDK_active":0.262820268,"data_set_value_component_Cdc25_variable_Cdc25":38.357177485,"data_set_value_component_Cdc25_P_variable_Cdc25_P":0.968103817,"data_set_value_component_Cdc25_2P_variable_Cdc25_2P":0.0216527241,"data_set_value_component_wee1_variable_wee1":3.8369549184,"data_set_value_component_wee1_P_variable_wee1_P":0.0977384842,"data_set_value_component_APC_variable_APC":0.0000323595,"data_set_value_component_APC_variable_tau":25.0,"data_set_value_component_APC_variable_h_x":0.0042985981,"data_set_value_component_APC_variable_a":4.0,"data_set_value_component_CKI_variable_CKI":0.0,"data_set_value_component_cyclin_CDK_CKI_variable_cyclin_CDK_CKI":0.0,"data_set_value_component_cyclin_CDK_CKI_P_variable_cyclin_CDK_CKI_P":0.0,"data_set_value_component_CDK_variable_CDK":0.8208436183,"data_set_value_component_CDK_variable_CDK_T":200.0,"data_set_value_component_cyclin_T_variable_cyclin_T":80.5428704935},{"data_set_value_component_environment_variable_time":0.6,"data_set_value_component_rate_constants_variable_k1":300.0,"data_set_value_component_rate_constants_variable_k2":5.0,"data_set_value_component_rate_constants_variable_k3":30.0,"data_set_value_component_rate_constants_variable_k4":30.0,"data_set_value_component_rate_constants_variable_k5":0.1,"data_set_value_component_rate_constants_variable_k6":1.0,"data_set_value_component_rate_constants_variable_k7":10.0,"data_set_value_component_rate_constants_variable_k8":100.0,"data_set_value_component_rate_constants_variable_k9":1.0,"data_set_value_component_rate_constants_variable_k10":10.0,"data_set_value_component_rate_constants_variable_k11":1.0,"data_set_value_component_rate_constants_variable_k12":0.0,"data_set_value_component_rate_constants_variable_k13":1.0,"data_set_value_component_rate_constants_variable_k14":1.0,"data_set_value_component_rate_constants_variable_k15":1.0,"data_set_value_component_rate_constants_variable_k16":2.0,"data_set_value_component_rate_constants_variable_k2u":50.0,"data_set_value_component_rate_constants_variable_k7u":0.0,"data_set_value_component_rate_constants_variable_k16u":25.0,"data_set_value_component_rate_constants_variable_az":10.0,"data_set_value_component_rate_constants_variable_bz":0.1,"data_set_value_component_rate_constants_variable_cz":1.0,"data_set_value_component_rate_constants_variable_aw":10.0,"data_set_value_component_rate_constants_variable_bw":0.1,"data_set_value_component_rate_constants_variable_cw":1.0,"data_set_value_component_rate_constants_variable_ai":10.0,"data_set_value_component_rate_constants_variable_bi":0.1,"data_set_value_component_rate_constants_variable_ci":1.0,"data_set_value_component_rate_constants_variable_kplus_z":0.4057999967,"data_set_value_component_rate_constants_variable_kplus_w":0.4057999967,"data_set_value_component_rate_constants_variable_kplus_i":0.4057999967,"data_set_value_component_rate_constants_variable_kminus_z":10.0,"data_set_value_component_rate_constants_variable_kminus_w":10.0,"data_set_value_component_rate_constants_variable_kminus_i":10.0,"data_set_value_component_cyclin_variable_cyclin":48.4043680617,"data_set_value_component_cyclin_CDK_inactive_variable_cyclin_CDK_inactive":38.2160097405,"data_set_value_component_cyclin_CDK_active_variable_cyclin_CDK_active":0.3057999967,"data_set_value_component_Cdc25_variable_Cdc25":43.7912848625,"data_set_value_component_Cdc25_P_variable_Cdc25_P":1.2930253175,"data_set_value_component_Cdc25_2P_variable_Cdc25_2P":0.0345261997,"data_set_value_component_wee1_variable_wee1":4.3812570986,"data_set_value_component_wee1_P_variable_wee1_P":0.1306265393,"data_set_value_component_APC_variable_APC":0.000052324,"data_set_value_component_APC_variable_tau":25.0,"data_set_value_component_APC_variable_h_x":0.0058106415,"data_set_value_component_APC_variable_a":4.0,"data_set_value_component_CKI_variable_CKI":0.0,"data_set_value_component_cyclin_CDK_CKI_variable_cyclin_CDK_CKI":0.0,"data_set_value_component_cyclin_CDK_CKI_P_variable_cyclin_CDK_CKI_P":0.0,"data_set_value_component_CDK_variable_CDK":0.8073909513,"data_set_value_component_CDK_variable_CDK_T":200.0,"data_set_value_component_cyclin_T_variable_cyclin_T":86.9261777989},{"data_set_value_component_environment_variable_time":0.7,"data_set_value_component_rate_constants_variable_k1":300.0,"data_set_value_component_rate_constants_variable_k2":5.0,"data_set_value_component_rate_constants_variable_k3":30.0,"data_set_value_component_rate_constants_variable_k4":30.0,"data_set_value_component_rate_constants_variable_k5":0.1,"data_set_value_component_rate_constants_variable_k6":1.0,"data_set_value_component_rate_constants_variable_k7":10.0,"data_set_value_component_rate_constants_variable_k8":100.0,"data_set_value_component_rate_constants_variable_k9":1.0,"data_set_value_component_rate_constants_variable_k10":10.0,"data_set_value_component_rate_constants_variable_k11":1.0,"data_set_value_component_rate_constants_variable_k12":0.0,"data_set_value_component_rate_constants_variable_k13":1.0,"data_set_value_component_rate_constants_variable_k14":1.0,"data_set_value_component_rate_constants_variable_k15":1.0,"data_set_value_component_rate_constants_variable_k16":2.0,"data_set_value_component_rate_constants_variable_k2u":50.0,"data_set_value_component_rate_constants_variable_k7u":0.0,"data_set_value_component_rate_constants_variable_k16u":25.0,"data_set_value_component_rate_constants_variable_az":10.0,"data_set_value_component_rate_constants_variable_bz":0.1,"data_set_value_component_rate_constants_variable_cz":1.0,"data_set_value_component_rate_constants_variable_aw":10.0,"data_set_value_component_rate_constants_variable_bw":0.1,"data_set_value_component_rate_constants_variable_cw":1.0,"data_set_value_component_rate_constants_variable_ai":10.0,"data_set_value_component_rate_constants_variable_bi":0.1,"data_set_value_component_rate_constants_variable_ci":1.0,"data_set_value_component_rate_constants_variable_kplus_z":0.4513380184,"data_set_value_component_rate_constants_variable_kplus_w":0.4513380184,"data_set_value_component_rate_constants_variable_kplus_i":0.4513380184,"data_set_value_component_rate_constants_variable_kminus_z":10.0,"data_set_value_component_rate_constants_variable_kminus_w":10.0,"data_set_value_component_rate_constants_variable_kminus_i":10.0,"data_set_value_component_cyclin_variable_cyclin":51.1679245242,"data_set_value_component_cyclin_CDK_inactive_variable_cyclin_CDK_inactive":40.1353794877,"data_set_value_component_cyclin_CDK_active_variable_cyclin_CDK_active":0.3513380184,"data_set_value_component_Cdc25_variable_Cdc25":48.6474529011,"data_set_value_component_Cdc25_P_variable_Cdc25_P":1.6431895461,"data_set_value_component_Cdc25_2P_variable_Cdc25_2P":0.0508271572,"data_set_value_component_wee1_variable_wee1":4.8680388165,"data_set_value_component_wee1_P_variable_wee1_P":0.1661081439,"data_set_value_component_APC_variable_APC":0.0000788587,"data_set_value_component_APC_variable_tau":25.0,"data_set_value_component_APC_variable_h_x":0.0076558362,"data_set_value_component_APC_variable_a":4.0,"data_set_value_component_CKI_variable_CKI":0.0,"data_set_value_component_cyclin_CDK_CKI_variable_cyclin_CDK_CKI":0.0,"data_set_value_component_cyclin_CDK_CKI_P_variable_cyclin_CDK_CKI_P":0.0,"data_set_value_component_CDK_variable_CDK":0.7975664125,"data_set_value_component_CDK_variable_CDK_T":200.0,"data_set_value_component_cyclin_T_variable_cyclin_T":91.6546420302},{"data_set_value_component_environment_variable_time":0.8,"data_set_value_component_rate_constants_variable_k1":300.0,"data_set_value_component_rate_constants_variable_k2":5.0,"data_set_value_component_rate_constants_variable_k3":30.0,"data_set_value_component_rate_constants_variable_k4":30.0,"data_set_value_component_rate_constants_variable_k5":0.1,"data_set_value_component_rate_constants_variable_k6":1.0,"data_set_value_component_rate_constants_variable_k7":10.0,"data_set_value_component_rate_constants_variable_k8":100.0,"data_set_value_component_rate_constants_variable_k9":1.0,"data_set_value_component_rate_constants_variable_k10":10.0,"data_set_value_component_rate_constants_variable_k11":1.0,"data_set_value_component_rate_constants_variable_k12":0.0,"data_set_value_component_rate_constants_variable_k13":1.0,"data_set_value_component_rate_constants_variable_k14":1.0,"data_set_value_component_rate_constants_variable_k15":1.0,"data_set_value_component_rate_constants_variable_k16":2.0,"data_set_value_component_rate_constants_variable_k2u":50.0,"data_set_value_component_rate_constants_variable_k7u":0.0,"data_set_value_component_rate_constants_variable_k16u":25.0,"data_set_value_component_rate_constants_variable_az":10.0,"data_set_value_component_rate_constants_variable_bz":0.1,"data_set_value_component_rate_constants_variable_cz":1.0,"data_set_value_component_rate_constants_variable_aw":10.0,"data_set_value_component_rate_constants_variable_bw":0.1,"data_set_value_component_rate_constants_variable_cw":1.0,"data_set_value_component_rate_constants_variable_ai":10.0,"data_set_value_component_rate_constants_variable_bi":0.1,"data_set_value_component_rate_constants_variable_ci":1.0,"data_set_value_component_rate_constants_variable_kplus_z":0.5026383733,"data_set_value_component_rate_constants_variable_kplus_w":0.5026383733,"data_set_value_component_rate_constants_variable_kplus_i":0.5026383733,"data_set_value_component_rate_constants_variable_kminus_z":10.0,"data_set_value_component_rate_constants_variable_kminus_w":10.0,"data_set_value_component_rate_constants_variable_kminus_i":10.0,"data_set_value_component_cyclin_variable_cyclin":53.2116781426,"data_set_value_component_cyclin_CDK_inactive_variable_cyclin_CDK_inactive":41.5178736226,"data_set_value_component_cyclin_CDK_active_variable_cyclin_CDK_active":0.4026383733,"data_set_value_component_Cdc25_variable_Cdc25":52.9695512756,"data_set_value_component_Cdc25_P_variable_Cdc25_P":2.0261102286,"data_set_value_component_Cdc25_2P_variable_Cdc25_2P":0.0714420631,"data_set_value_component_wee1_variable_wee1":5.3017256355,"data_set_value_component_wee1_P_variable_wee1_P":0.2049847212,"data_set_value_component_APC_variable_APC":0.0001136295,"data_set_value_component_APC_variable_tau":25.0,"data_set_value_component_APC_variable_h_x":0.0100307189,"data_set_value_component_APC_variable_a":4.0,"data_set_value_component_CKI_variable_CKI":0.0,"data_set_value_component_cyclin_CDK_CKI_variable_cyclin_CDK_CKI":0.0,"data_set_value_component_cyclin_CDK_CKI_P_variable_cyclin_CDK_CKI_P":0.0,"data_set_value_component_CDK_variable_CDK":0.79039744,"data_set_value_component_CDK_variable_CDK_T":200.0,"data_set_value_component_cyclin_T_variable_cyclin_T":95.1321901385},{"data_set_value_component_environment_variable_time":0.9,"data_set_value_component_rate_constants_variable_k1":300.0,"data_set_value_component_rate_constants_variable_k2":5.0,"data_set_value_component_rate_constants_variable_k3":30.0,"data_set_value_component_rate_constants_variable_k4":30.0,"data_set_value_component_rate_constants_variable_k5":0.1,"data_set_value_component_rate_constants_variable_k6":1.0,"data_set_value_component_rate_constants_variable_k7":10.0,"data_set_value_component_rate_constants_variable_k8":100.0,"data_set_value_component_rate_constants_variable_k9":1.0,"data_set_value_component_rate_constants_variable_k10":10.0,"data_set_value_component_rate_constants_variable_k11":1.0,"data_set_value_component_rate_constants_variable_k12":0.0,"data_set_value_component_rate_constants_variable_k13":1.0,"data_set_value_component_rate_constants_variable_k14":1.0,"data_set_value_component_rate_constants_variable_k15":1.0,"data_set_value_component_rate_constants_variable_k16":2.0,"data_set_value_component_rate_constants_variable_k2u":50.0,"data_set_value_component_rate_constants_variable_k7u":0.0,"data_set_value_component_rate_constants_variable_k16u":25.0,"data_set_value_component_rate_constants_variable_az":10.0,"data_set_value_component_rate_constants_variable_bz":0.1,"data_set_value_component_rate_constants_variable_cz":1.0,"data_set_value_component_rate_constants_variable_aw":10.0,"data_set_value_component_rate_constants_variable_bw":0.1,"data_set_value_component_rate_constants_variable_cw":1.0,"data_set_value_component_rate_constants_variable_ai":10.0,"data_set_value_component_rate_constants_variable_bi":0.1,"data_set_value_component_rate_constants_variable_ci":1.0,"data_set_value_component_rate_constants_variable_kplus_z":0.5638258758,"data_set_value_component_rate_constants_variable_kplus_w":0.5638258758,"data_set_value_component_rate_constants_variable_kplus_i":0.5638258758,"data_set_value_component_rate_constants_variable_kminus_z":10.0,"data_set_value_component_rate_constants_variable_kminus_w":10.0,"data_set_value_component_rate_constants_variable_kminus_i":10.0,"data_set_value_component_cyclin_variable_cyclin":54.7009121952,"data_set_value_component_cyclin_CDK_inactive_variable_cyclin_CDK_inactive":42.5003216291,"data_set_value_component_cyclin_CDK_active_variable_cyclin_CDK_active":0.4638258758,"data_set_value_component_Cdc25_variable_Cdc25":56.7890666711,"data_set_value_component_Cdc25_P_variable_Cdc25_P":2.4558723868,"data_set_value_component_Cdc25_2P_variable_Cdc25_2P":0.0980949436,"data_set_value_component_wee1_variable_wee1":5.685553637,"data_set_value_component_wee1_P_variable_wee1_P":0.2487497631,"data_set_value_component_APC_variable_APC":0.0001593184,"data_set_value_component_APC_variable_tau":25.0,"data_set_value_component_APC_variable_h_x":0.0132675091,"data_set_value_component_APC_variable_a":4.0,"data_set_value_component_CKI_variable_CKI":0.0,"data_set_value_component_cyclin_CDK_CKI_variable_cyclin_CDK_CKI":0.0,"data_set_value_component_cyclin_CDK_CKI_P_variable_cyclin_CDK_CKI_P":0.0,"data_set_value_component_CDK_variable_CDK":0.7851792625,"data_set_value_component_CDK_variable_CDK_T":200.0,"data_set_value_component_cyclin_T_variable_cyclin_T":97.6650597001},{"data_set_value_component_environment_variable_time":1.0,"data_set_value_component_rate_constants_variable_k1":300.0,"data_set_value_component_rate_constants_variable_k2":5.0,"data_set_value_component_rate_constants_variable_k3":30.0,"data_set_value_component_rate_constants_variable_k4":30.0,"data_set_value_component_rate_constants_variable_k5":0.1,"data_set_value_component_rate_constants_variable_k6":1.0,"data_set_value_component_rate_constants_variable_k7":10.0,"data_set_value_component_rate_constants_variable_k8":100.0,"data_set_value_component_rate_constants_variable_k9":1.0,"data_set_value_component_rate_constants_variable_k10":10.0,"data_set_value_component_rate_constants_variable_k11":1.0,"data_set_value_component_rate_constants_variable_k12":0.0,"data_set_value_component_rate_constants_variable_k13":1.0,"data_set_value_component_rate_constants_variable_k14":1.0,"data_set_value_component_rate_constants_variable_k15":1.0,"data_set_value_component_rate_constants_variable_k16":2.0,"data_set_value_component_rate_constants_variable_k2u":50.0,"data_set_value_component_rate_constants_variable_k7u":0.0,"data_set_value_component_rate_constants_variable_k16u":25.0,"data_set_value_component_rate_constants_variable_az":10.0,"data_set_value_component_rate_constants_variable_bz":0.1,"data_set_value_component_rate_constants_variable_cz":1.0,"data_set_value_component_rate_constants_variable_aw":10.0,"data_set_value_component_rate_constants_variable_bw":0.1,"data_set_value_component_rate_constants_variable_cw":1.0,"data_set_value_component_rate_constants_variable_ai":10.0,"data_set_value_component_rate_constants_variable_bi":0.1,"data_set_value_component_rate_constants_variable_ci":1.0,"data_set_value_component_rate_constants_variable_kplus_z":0.6413603238,"data_set_value_component_rate_constants_variable_kplus_w":0.6413603238,"data_set_value_component_rate_constants_variable_kplus_i":0.6413603238,"data_set_value_component_rate_constants_variable_kminus_z":10.0,"data_set_value_component_rate_constants_variable_kminus_w":10.0,"data_set_value_component_rate_constants_variable_kminus_i":10.0,"data_set_value_component_cyclin_variable_cyclin":55.7610470321,"data_set_value_component_cyclin_CDK_inactive_variable_cyclin_CDK_inactive":43.1784889479,"data_set_value_component_cyclin_CDK_active_variable_cyclin_CDK_active":0.5413603238,"data_set_value_component_Cdc25_variable_Cdc25":60.1214860745,"data_set_value_component_Cdc25_P_variable_Cdc25_P":2.9565726744,"data_set_value_component_Cdc25_2P_variable_Cdc25_2P":0.133997107,"data_set_value_component_wee1_variable_wee1":6.0212398534,"data_set_value_component_wee1_P_variable_wee1_P":0.2999657322,"data_set_value_component_APC_variable_APC":0.0002204258,"data_set_value_component_APC_variable_tau":25.0,"data_set_value_component_APC_variable_h_x":0.0179874623,"data_set_value_component_APC_variable_a":4.0,"data_set_value_component_CKI_variable_CKI":0.0,"data_set_value_component_cyclin_CDK_CKI_variable_cyclin_CDK_CKI":0.0,"data_set_value_component_cyclin_CDK_CKI_P_variable_cyclin_CDK_CKI_P":0.0,"data_set_value_component_CDK_variable_CDK":0.7814007536,"data_set_value_component_CDK_variable_CDK_T":200.0,"data_set_value_component_cyclin_T_variable_cyclin_T":99.4808963038}]