EmptySet,u,v,z,Time
1.0,0.0,0.0,0.0,0.0
1.0,1.3451539560021942e-08,0.00014999995212574928,0.00014998650058618926,0.01
1.0,5.362927608434383e-08,0.0002999996355849379,0.00029994600630885355,0.02
1.0,1.2026638100421384e-07,0.0004499987880709414,0.0004498785216899372,0.03
1.0,2.130917605720553e-07,0.0005999971434158638,0.0005997840516552918,0.04
1.0,3.318394553647792e-07,0.0007499944405152763,0.0007496626010599115,0.05
1.0,4.7624681575528984e-07,0.0008999904215675587,0.0008995141747518034,0.06
1.0,6.460539699895157e-07,0.0010499848315546566,0.0010493387775846671,0.07
1.0,8.410032702024361e-07,0.0011999774176878638,0.0011991364144176614,0.08
1.0,1.0608394840520768e-06,0.001349967929605564,0.001348907090121512,0.09
1.0,1.305310050371666e-06,0.0014999561195829987,0.001498650809532627,0.1
1.0,1.5741650210192397e-06,0.0016499417425117212,0.001648367577490702,0.11
1.0,1.867157024332541e-06,0.0017999245558632713,0.0017980573988389387,0.12
1.0,2.1840410644274303e-06,0.0019499043194891436,0.0019477202784247162,0.13
1.0,2.524574553929078e-06,0.0020998807956502472,0.002097356221096318,0.14
1.0,2.8885176027427273e-06,0.0022498537493073493,0.0022469652317046065,0.15
1.0,3.2756320751999917e-06,0.0023998229471624824,0.0023965473150872824,0.16
1.0,3.6856830635965024e-06,0.002549788159160602,0.0025461024760970057,0.17
1.0,4.118437341438287e-06,0.0026997491569182275,0.0026956307195767893,0.18
1.0,4.573664203038817e-06,0.0028497057145739552,0.0028451320503709164,0.19
1.0,5.051135428578507e-06,0.002999657608752663,0.0029946064733240847,0.2
1.0,5.550624597086896e-06,0.0031496046178695913,0.0031440539932725046,0.21
1.0,6.071908022082334e-06,0.0032995465230793606,0.0032934746150572783,0.22
1.0,6.614763894558382e-06,0.0034494831074039695,0.003442868343509411,0.23
1.0,7.178972783770515e-06,0.0035994141562439293,0.0035922351834601586,0.24
1.0,7.764317375926083e-06,0.0037493394571122755,0.0037415751397363493,0.25
1.0,8.37058228324869e-06,0.0038992587994403026,0.003890888217157054,0.26
1.0,8.997554774797404e-06,0.00404917197531959,0.004040174420544792,0.27
1.0,9.645024227499965e-06,0.004199078778944778,0.004189433754717278,0.28
1.0,1.0312781535531289e-05,0.004348979006027899,0.004338666224492368,0.29
1.0,1.1000619772595595e-05,0.004498872454457987,0.004487871834685391,0.3
1.0,1.1708334891593257e-05,0.004648758924997904,0.00463705059010631,0.31
1.0,1.2435724698065057e-05,0.004798638220261946,0.0047862024955638805,0.32
1.0,1.3182587759796363e-05,0.004948510143636238,0.004935327555876442,0.33
1.0,1.3948725684702121e-05,0.005098374501537128,0.005084425775852426,0.34
1.0,1.473394241877663e-05,0.005248231102715139,0.005233497160296362,0.35000000000000003
1.0,1.5538043724893405e-05,0.005398079757738236,0.005382541714013343,0.36
1.0,1.6360834956743227e-05,0.005547920276773806,0.005531559441817062,0.37
1.0,1.720212625144999e-05,0.005697752474759588,0.005680550348508138,0.38
1.0,1.806172898631941e-05,0.005847576167875238,0.005829514438888919,0.39
1.0,1.8939456513548327e-05,0.005997391174273943,0.005978451717760395,0.4
1.0,1.9835124237345782e-05,0.006147197314159204,0.0061273621899218585,0.41000000000000003
1.0,2.0748549168711325e-05,0.006296994409318527,0.006276245860149816,0.42
1.0,2.167954638880371e-05,0.006446782279423733,0.006425102733034929,0.43
1.0,2.262793865554813e-05,0.0065965607520781094,0.006573932813422561,0.44
1.0,2.359354845203429e-05,0.006746329654498991,0.006722736106046957,0.45
1.0,2.457620017682256e-05,0.006896088815808015,0.0068715126156311925,0.46
1.0,2.5575720145376005e-05,0.007045838067031975,0.007020262346886599,0.47000000000000003
1.0,2.6591935463223143e-05,0.007195577240066615,0.007168985304603392,0.48
1.0,2.762467263217744e-05,0.007345306166395042,0.007317681493762864,0.49
1.0,2.8673764604795007e-05,0.007495024683571523,0.0074663509189667274,0.5
1.0,2.973904411416573e-05,0.00764473262908996,0.007614993584975795,0.51
1.0,3.082034560472392e-05,0.007794429842158184,0.00776360949655346,0.52
1.0,3.19175052188508e-05,0.007944116163685174,0.007912198658466324,0.53
1.0,3.3030360028533455e-05,0.008093791435472323,0.00806076107544379,0.54
1.0,3.415874843346838e-05,0.008243455500634512,0.008209296752201042,0.55
1.0,3.530251179489392e-05,0.008393108205324106,0.008357805693529213,0.56
1.0,3.646149239012157e-05,0.008542749396575667,0.008506287904185545,0.5700000000000001
1.0,3.763553403993423e-05,0.008692378922968792,0.008654743388928857,0.58
1.0,3.882448208899456e-05,0.008841996634608829,0.008803172152519833,0.59
1.0,4.002818375131187e-05,0.008991602383300592,0.00895157419954928,0.6
1.0,4.124648758665612e-05,0.009141196022262564,0.009099949534675907,0.61
1.0,4.247924338337158e-05,0.009290777406055982,0.00924829816267261,0.62
1.0,4.3726302566185656e-05,0.009440346390791535,0.009396620088225349,0.63
1.0,4.4987518015504564e-05,0.009589902834024873,0.009544915316009367,0.64
1.0,4.62627440499046e-05,0.009739446594738393,0.009693183850688488,0.65
1.0,4.755183718591653e-05,0.009888977534094366,0.00984142569690845,0.66
1.0,4.8854654668730146e-05,0.0100384955139761,0.00998964085930737,0.67
1.0,5.0171055115967974e-05,0.01018800039762594,0.010137829342509973,0.68
1.0,5.150089871902788e-05,0.010337492049844238,0.01028599115112521,0.6900000000000001
1.0,5.2844047067922216e-05,0.010486970336814705,0.010434126289746782,0.7000000000000001
1.0,5.420036313709029e-05,0.010636435126089501,0.01058223476295241,0.71
1.0,5.5569711481835025e-05,0.010785886287033423,0.010730316575551587,0.72
1.0,5.6951957763351407e-05,0.010935323689804646,0.010878371732041295,0.73
1.0,5.834696906868447e-05,0.01108474720606814,0.011026400236999457,0.74
1.0,5.9754613832438144e-05,0.01123415670884104,0.011174402095008602,0.75
1.0,6.11747618130159e-05,0.011383552072456867,0.01132237731064385,0.76
1.0,6.260728404963351e-05,0.011532933172537438,0.011470325888487804,0.77
1.0,6.405205256159386e-05,0.011682299885836083,0.01161824783327449,0.78
1.0,6.550894115222198e-05,0.011831652090632387,0.011766143149480164,0.79
1.0,6.697782469500779e-05,0.011980989666369143,0.011914011841674135,0.8
1.0,6.845857931846305e-05,0.012130312493738013,0.01206185391441955,0.81
1.0,6.995108239313394e-05,0.012279620454666398,0.012209669372273264,0.8200000000000001
1.0,7.1455212518614e-05,0.012428913432304328,0.012357458219785714,0.8300000000000001
1.0,7.297084951055671e-05,0.012578191311011327,0.01250522046150077,0.84
1.0,7.449787438768845e-05,0.012727453976343304,0.012652956101955616,0.85
1.0,7.603616935882106e-05,0.01287670131503942,0.012800665145680599,0.86
1.0,7.758561780986473e-05,0.013025933215008974,0.012948347597199109,0.87
1.0,7.914610430345993e-05,0.01317514956532359,0.01309600346102013,0.88
1.0,8.071751455408648e-05,0.01332435025619908,0.013243632741644994,0.89
1.0,8.229973538971679e-05,0.013473535178971659,0.013391235443581942,0.9
1.0,8.389265477748546e-05,0.013622704226101089,0.013538811571323603,0.91
1.0,8.549616179692363e-05,0.013771857291151752,0.013686361129354828,0.92
1.0,8.711014662697742e-05,0.013920994268779543,0.013833884122152565,0.93
1.0,8.873450053302625e-05,0.014070115054718734,0.013981380554185708,0.9400000000000001
1.0,9.036911585390128e-05,0.014219219545768874,0.014128850429914974,0.9500000000000001
1.0,9.201388598890366e-05,0.01436830763978165,0.014276293753792746,0.96
1.0,9.366870538482306e-05,0.014517379235647788,0.014423710530262965,0.97
1.0,9.533346952295585e-05,0.014666434233283912,0.014571100763760956,0.98
1.0,9.700807905715114e-05,0.014815472537644089,0.014718464458586938,0.99
1.0,9.869243029748545e-05,0.014964494049492693,0.014865801619195207,1.0
1.0,0.00010038642085065139,0.015113498670872536,0.015013112250021884,1.01
1.0,0.00010208995045323061,0.01526248630591224,0.015160396355459009,1.02
1.0,0.00010380291981740422,0.015411456859706562,0.015307653939889157,1.03
1.0,0.00010552523061709183,0.015560410238302406,0.015454885007685314,1.04
1.0,0.00010725678547409087,0.01570934634868487,0.015602089563210781,1.05
1.0,0.00010899748794421567,0.01585826509876327,0.015749267610819056,1.06
1.0,0.00011074724250343665,0.01600716639735716,0.015896419154853726,1.07
1.0,0.00011250595453401952,0.01615605015418236,0.01604354419964834,1.08
1.0,0.00011427353031066446,0.016304916279836993,0.016190642749526328,1.09
1.0,0.00011604987698664528,0.016453764685787516,0.01633771480880087,1.1
1.0,0.00011783490257994859,0.016602595284354732,0.016484760381774783,1.11
1.0,0.000119628515959413,0.01675140798869983,0.016631779472740416,1.12
1.0,0.00012143062683086825,0.016900202712810414,0.016778772085979547,1.1300000000000001
1.0,0.0001232411457232745,0.017048979371486524,0.01692573822576325,1.1400000000000001
1.0,0.00012505998397486132,0.017197737880326674,0.017072677896351814,1.1500000000000001
1.0,0.00012688705371926702,0.01734647815571386,0.017219591101994593,1.16
1.0,0.00012872228129463242,0.017495200128395852,0.01736647784710122,1.17
1.0,0.00013056557792212313,0.01764390371378962,0.017513338135867498,1.18
1.0,0.00013241685387867816,0.017792588826334978,0.0176601719724563,1.19
1.0,0.00013427602538149447,0.017941255386467014,0.01780697936108552,1.2
1.0,0.0001361430094640122,0.018089903315426738,0.017953760305962727,1.21
1.0,0.00013801772396554722,0.018238532535250644,0.018100514811285096,1.22
1.0,0.0001399000875209235,0.018387142968760296,0.018247242881239373,1.23
1.0,0.00014179001955010555,0.01853573453955188,0.018393944520001777,1.24
1.0,0.00014368744024783096,0.01868430717198576,0.01854061973173793,1.25
1.0,0.0001455922705732427,0.018832860791176072,0.018687268520602828,1.26
1.0,0.00014750443223952178,0.018981395322980266,0.018833890890740744,1.27
1.0,0.00014942384770351948,0.01912991069398868,0.018980486846285158,1.28
1.0,0.00015135044015538994,0.019278406831514106,0.019127056391358716,1.29
1.0,0.00015328414221730434,0.01942688367291792,0.019273599530700618,1.3
1.0,0.00015522487656342848,0.019575341144834425,0.019420116268270997,1.31
1.0,0.0001571725662401072,0.019723779174235286,0.01956660660799518,1.32
1.0,0.00015912713793748078,0.019872197691937526,0.019713070554000046,1.33
1.0,0.00016108851908231583,0.020020596629487592,0.019859508110405277,1.34
1.0,0.00016305663782963695,0.02016897591915306,0.020005919281323423,1.35
1.0,0.00016503142305435796,0.020317335493914346,0.020152304070859987,1.36
1.0,0.0001670128043429135,0.020465675287456405,0.020298662483113492,1.37
1.0,0.00016900071198489036,0.020613995234160458,0.020444994522175568,1.3800000000000001
1.0,0.00017099507696465891,0.02076229526909569,0.02059130019213103,1.3900000000000001
1.0,0.00017299583095300457,0.020910575328010952,0.02073757949705795,1.4000000000000001
1.0,0.0001750029062987592,0.021058835347326485,0.020883832441027726,1.41
1.0,0.0001770162360204326,0.021207075264125623,0.021030059028105192,1.42
1.0,0.00017903575647252153,0.021355295017026293,0.021176259260553772,1.43
1.0,0.0001810614012431111,0.021503494544168188,0.021322433142925076,1.44
1.0,0.00018309310471544481,0.021651673784378756,0.021468580679663313,1.45
1.0,0.00018513080270282452,0.0217998326773765,0.021614701874673677,1.46
1.0,0.00018717443166255826,0.02194797116350688,0.02176079673184432,1.47
1.0,0.0001892239286881608,0.0220960891837342,0.02190686525504604,1.48
1.0,0.00019127923150155445,0.02224418667963353,0.022052907448131976,1.49
1.0,0.00019334027844526965,0.022392263593382568,0.022198923314937297,1.5
1.0,0.0001954070084746456,0.02254031986775357,0.022344912859278924,1.51
1.0,0.00019747936115003105,0.02268835544610522,0.02249087608495519,1.52
1.0,0.0001995572766289848,0.022836370272374534,0.02263681299574555,1.53
1.0,0.00020164069565847652,0.02298436429106877,0.022782723595410292,1.54
1.0,0.0002037295595670873,0.0231323374472573,0.022928607887690213,1.55
1.0,0.00020582381223673257,0.023280289690409458,0.023074465878172724,1.56
1.0,0.00020792339548012656,0.023428220965420646,0.02322029756994052,1.57
1.0,0.0002100282519562456,0.02357613121828372,0.023366102966327476,1.58
1.0,0.00021213832538489438,0.02372402039651292,0.02351188207112803,1.59
1.0,0.00021425356004000308,0.023871888448166446,0.023657634888126444,1.6
1.0,0.0002163739007422289,0.02401973532183915,0.02380336142109692,1.61
1.0,0.00021849929285155744,0.024167560966655205,0.02394906167380365,1.62
1.0,0.00022062968225990424,0.024315365332260776,0.02409473565000087,1.6300000000000001
1.0,0.00022276501538371618,0.024463148368816714,0.024240383353433,1.6400000000000001
1.0,0.00022490523915657295,0.0246109100269912,0.024386004787834627,1.6500000000000001
1.0,0.00022705030102178857,0.024758650257952444,0.024531599956930654,1.6600000000000001
1.0,0.0002292001489250127,0.02490636901336136,0.024677168864436345,1.67
1.0,0.0002313547313068324,0.02505406624536422,0.024822711514057384,1.68
1.0,0.00023351400166172603,0.025201741911508292,0.024968227909846565,1.69
1.0,0.00023567790765796813,0.02534939596301276,0.02511371805535479,1.7
1.0,0.0002378463984831059,0.025497028352688456,0.02525918195420535,1.71
1.0,0.00024001942480142608,0.02564463903489265,0.025404619610091224,1.72
1.0,0.00024219693776076346,0.02579222796445898,0.025550031026698214,1.73
1.0,0.00024437888898599296,0.025939795096691053,0.02569541620770506,1.74
1.0,0.0002465652305725217,0.026087340387356103,0.025840775156783583,1.75
1.0,0.0002487559150797814,0.026234863792678618,0.025986107877598835,1.76
1.0,0.00025095089552472024,0.02638236526933398,0.02613141437380926,1.77
1.0,0.00025315012537529527,0.026529844774442087,0.026276694649066793,1.78
1.0,0.00025535355854396433,0.026677302265561004,0.02642194870701704,1.79
1.0,0.00025756114938117834,0.02682473770068059,0.026567176551299414,1.8
1.0,0.00025977285266887335,0.026972151038216145,0.02671237818554727,1.81
1.0,0.00026198862923305027,0.027119542241431628,0.02685755361219858,1.82
1.0,0.0002642084322957568,0.02726691126767952,0.027002702835383762,1.83
1.0,0.0002664322172192732,0.027414258076081048,0.027147825858861774,1.84
1.0,0.00026865994082448725,0.027561582626987633,0.027292922686163144,1.85
1.0,0.000270891560361645,0.02770888488116828,0.027437993320806636,1.86
1.0,0.00027312703350490004,0.027856164799804038,0.027583037766299136,1.87
1.0,0.0002753663183468626,0.02800342234448248,0.02772805602613562,1.8800000000000001
1.0,0.00027760937339314865,0.028150657477192163,0.027873048103799015,1.8900000000000001
1.0,0.0002798561575569293,0.028297870160317103,0.028018014002760175,1.9000000000000001
1.0,0.00028210663015347965,0.028445060356631233,0.028162953726477754,1.9100000000000001
1.0,0.00028436075089472817,0.02859222802929288,0.028307867278398152,1.92
1.0,0.00028661847988380596,0.028739373141839247,0.028452754661955442,1.93
1.0,0.0002888797776095955,0.028886495658180845,0.028597615880571248,1.94
1.0,0.0002911446091556259,0.02903359554652129,0.028742450937365664,1.95
1.0,0.00029341293377879756,0.02918067276965032,0.028887259835871523,1.96
1.0,0.0002956847127117748,0.029327727292210604,0.02903204257949883,1.97
1.0,0.0002979599082062568,0.029474759079806165,0.029176799171599908,1.98
1.0,0.0003002384828944802,0.029621768098407233,0.029321529615512754,1.99
1.0,0.0003025203997845332,0.029768754314345412,0.02946623391456088,2.0
1.0,0.0003048056222556706,0.029915717694308876,0.029610912072053207,2.0100000000000002
1.0,0.0003070941140536277,0.030062658205337524,0.029755564091283895,2.02
1.0,0.00030938583928593553,0.030209575814818212,0.029900189975532277,2.0300000000000002
1.0,0.0003116807624172344,0.030356470490479865,0.03004478972806263,2.04
1.0,0.00031397884826458923,0.030503342200388726,0.030189363352124136,2.05
1.0,0.00031628006199280374,0.030650190912943503,0.030333910850950697,2.06
1.0,0.00031858436910973465,0.03079701659687053,0.030478432227760793,2.07
1.0,0.00032089173811556055,0.030943819224714814,0.03062292748659925,2.08
1.0,0.0003232021338294445,0.031090598764051146,0.0307673966302217,2.09
1.0,0.00032551552259487446,0.031237355184342046,0.03091183966174717,2.1
1.0,0.00032783187141233785,0.0313840884557966,0.03105625658438426,2.11
1.0,0.0003301511476153721,0.03153079854894516,0.031200647401329787,2.12
1.0,0.00033247331886634415,0.03167748543463508,0.03134501211576874,2.13
1.0,0.0003347983531522313,0.03182414908402658,0.031489350730874346,2.14
1.0,0.0003371262187804006,0.03197078946858845,0.03163366324980805,2.15
1.0,0.00033945688437439004,0.032117406560093965,0.03177794967571958,2.16
1.0,0.00034179031886968767,0.03226400033061655,0.03192221001174686,2.17
1.0,0.00034412649150951293,0.03241057075252567,0.03206644426101616,2.18
1.0,0.0003464653718405958,0.032557117798482596,0.032210652426642,2.19
1.0,0.00034880692970895805,0.03270364144143618,0.03235483451172722,2.2
1.0,0.00035115113768187736,0.03285014165749456,0.03249899051981268,2.21
1.0,0.0003534979648531236,0.03299661841858296,0.032643120453729836,2.22
1.0,0.0003558473818541307,0.0331430716983845,0.03278722431653037,2.23
1.0,0.00035819935983408843,0.03328950147113205,0.03293130211129796,2.24
1.0,0.000360553870232258,0.03343590771133911,0.03307535384110685,2.25
1.0,0.0003629108847741648,0.03358229039379615,0.033219379509021985,2.2600000000000002
1.0,0.0003652703754677898,0.033728649493566826,0.033363379118099036,2.27
1.0,0.0003676323145997621,0.03387498498598431,0.03350735267138455,2.2800000000000002
1.0,0.00036999667473155035,0.03402129684664754,0.03365130017191599,2.29
1.0,0.0003723634286956552,0.034167585051417565,0.03379522162272191,2.3000000000000003
1.0,0.0003747325495918008,0.034313849576413716,0.03393911702682192,2.31
1.0,0.0003771040107831273,0.03446009039801001,0.034082986387226885,2.32
1.0,0.0003794777858923825,0.03460630749283137,0.03422682970693899,2.33
1.0,0.0003818538516707951,0.03475250084019036,0.03437064698851956,2.34
1.0,0.00038423218055915577,0.034898670415767066,0.03451443823520791,2.35
1.0,0.00038661274690463844,0.035044816196890025,0.03465820344998539,2.36
1.0,0.0003889955255005476,0.03519093816129526,0.03480194263579471,2.37
1.0,0.0003913804913943826,0.03533703628696265,0.03494565579556827,2.38
1.0,0.0003937676198845027,0.035483110552112715,0.035089342932228214,2.39
1.0,0.0003961568865167898,0.0356291609352032,0.03523300404868641,2.4
1.0,0.0003985482670813135,0.03577518741492585,0.03537663914784454,2.41
1.0,0.0004009417376089938,0.03592118997020302,0.035520248232594025,2.42
1.0,0.0004033372743682662,0.03606716858018441,0.03566383130581614,2.43
1.0,0.00040573485386174475,0.03621312322424372,0.03580738837038198,2.44
1.0,0.0004081344528228865,0.03635905388197535,0.03595091942915246,2.45
1.0,0.0004105360482126548,0.03650496053319106,0.036094424484978405,2.46
1.0,0.0004129396201020035,0.0366508431603721,0.036237903540270094,2.47
1.0,0.00041534514409939644,0.03679670174222562,0.036381356598126226,2.48
1.0,0.00041775259786465727,0.03694253625922658,0.03652478366136193,2.49
1.0,0.0004201619594013976,0.0370883466921643,0.0366681847327629,2.5
1.0,0.0004225732069373299,0.03723413302204022,0.03681155981510289,2.5100000000000002
1.0,0.00042498631892139003,0.037379895230064936,0.036954908911143544,2.52
1.0,0.00042740127402086134,0.03752563329765528,0.037098232023634416,2.5300000000000002
1.0,0.00042981805111849686,0.0376713472064314,0.037241529155312904,2.54
1.0,0.0004322366293096434,0.03781703693821384,0.0373848003089042,2.5500000000000003
1.0,0.00043465698789936394,0.03796270247502058,0.037528045487121214,2.56
1.0,0.0004370791063995615,0.03810834379906417,0.03767126469266461,2.57
1.0,0.00043950296452610203,0.03825396089274877,0.03781445792822267,2.58
1.0,0.0004419285421959373,0.03839955373866718,0.037957625196471244,2.59
1.0,0.0004443558218899478,0.038545122322130344,0.0381007665002404,2.6
1.0,0.00044678478236742387,0.03869066662443922,0.038243881842071795,2.61
1.0,0.0004492154042139558,0.038836186628823634,0.03838697122460968,2.62
1.0,0.0004516476682542585,0.03898168231874339,0.03853003465048913,2.63
1.0,0.0004540815555103087,0.03912715367784368,0.038673072122333375,2.64
1.0,0.00045651704719883255,0.0392726006899525,0.03881608364275367,2.65
1.0,0.0004589541247287945,0.039418023339078165,0.03895906921434937,2.66
1.0,0.00046139276969888463,0.03956342160940672,0.039102028839707835,2.67
1.0,0.00046383296389500793,0.039708795485299465,0.039244962521404456,2.68
1.0,0.00046627468928777153,0.039854144951290346,0.03938787026200258,2.69
1.0,0.00046871792802997357,0.039999469992083515,0.03953075206405354,2.7
1.0,0.000471162662454091,0.04014477059255069,0.039673607930096604,2.71
1.0,0.0004736088750810449,0.04029004673774223,0.03981643786266119,2.72
1.0,0.00047605655044663417,0.04043529841507531,0.039959241864628674,2.73
1.0,0.0004785056701462263,0.040580525608398754,0.04010201993825253,2.74
1.0,0.00048095621730041935,0.04072572830334265,0.040244772086042234,2.75
1.0,0.0004834081752048209,0.040870906485701505,0.040387498310496685,2.7600000000000002
1.0,0.00048586152732781827,0.041016060141431984,0.04053019861410417,2.77
1.0,0.0004883162573083491,0.041161189256650806,0.040672872999342455,2.7800000000000002
1.0,0.0004907723489536716,0.04130629381763245,0.04081552146867878,2.79
1.0,0.0004932297862371355,0.04145137381080703,0.0409581440245699,2.8000000000000003
1.0,0.0004956885532959514,0.04159642922275806,0.04110074066946211,2.81
1.0,0.0004981486344289623,0.04174146004022028,0.041243311405791315,2.82
1.0,0.0005006100140944136,0.041886466250077456,0.041385856235983044,2.83
1.0,0.0005030726769077236,0.042031447839360137,0.04152837516245241,2.84
1.0,0.0005055366077374123,0.042176404795340225,0.041670868187602815,2.85
1.0,0.0005080017947019142,0.04232133710848272,0.04181333531378081,2.86
1.0,0.0005104682204832724,0.04246624476388989,0.04195577654340662,2.87
1.0,0.0005129358704011825,0.042611127749254026,0.042098191878852845,2.88
1.0,0.0005154047299244601,0.042755986052406346,0.04224058132248189,2.89
1.0,0.0005178747846686792,0.04290081966131459,0.042382944876645914,2.9
1.0,0.0005203460203938125,0.04304562856408077,0.04252528254368696,2.91
1.0,0.0005228184230018707,0.04319041274893876,0.04266759432593689,2.92
1.0,0.0005252919785345428,0.043335172204252086,0.04280988022571754,2.93
1.0,0.0005277666731708349,0.04347990691851146,0.04295214024534062,2.94
1.0,0.0005302424932247105,0.04362461688033259,0.04309437438710788,2.95
1.0,0.0005327194251427301,0.04376930207845374,0.04323658265331101,2.96
1.0,0.0005351974555016907,0.04391396250173351,0.04337876504623182,2.97
1.0,0.0005376765710062653,0.0440585981391484,0.043520921568142135,2.98
1.0,0.0005401567584866433,0.0442032089797906,0.043663052221303955,2.99
1.0,0.000542638004896169,0.04434779501286555,0.04380515700796938,3.0
1.0,0.0005451202973089827,0.04449235622768972,0.04394723593038073,3.0100000000000002
1.0,0.000547603622917659,0.0446368926136882,0.044089288990770546,3.02
1.0,0.0005500879690308476,0.04478140416039244,0.04423131619136159,3.0300000000000002
1.0,0.000552573323070912,0.04492589085743786,0.04437331753436695,3.04
1.0,0.0005550596725715703,0.0450703526945616,0.044515293021990025,3.0500000000000003
1.0,0.0005575470139135523,0.045214789670088705,0.044657242656175156,3.06
1.0,0.0005600353319177387,0.04535920177110783,0.044799166439190095,3.0700000000000003
1.0,0.0005625246115116224,0.04550358898480457,0.04494106437329295,3.08
1.0,0.000565014840936912,0.04564795130157749,0.04508293646064058,3.09
1.0,0.0005675060085489862,0.04579228871192898,0.04522478270338,3.1
1.0,0.0005699981028147702,0.04593660120646305,0.045366603103648276,3.11
1.0,0.0005724911123106129,0.046080888775883296,0.04550839766357268,3.12
1.0,0.0005749850257201624,0.04622515141099081,0.04565016638527065,3.13
1.0,0.0005774798318322432,0.04636938910268207,0.04579190927084983,3.14
1.0,0.0005799755195387323,0.04651360184194681,0.04593362632240808,3.15
1.0,0.0005824720778324359,0.04665778961986601,0.046075317542033575,3.16
1.0,0.0005849694958049657,0.046801952427609705,0.04621698293180474,3.17
1.0,0.0005874677626446155,0.04694609025643495,0.04635862249379034,3.18
1.0,0.0005899668676342372,0.04709020309768371,0.04650023623004947,3.19
1.0,0.0005924668001491182,0.04723429094278077,0.04664182414263165,3.2
1.0,0.000594967549654857,0.047378353783231596,0.04678338623357674,3.21
1.0,0.0005974691057052401,0.04752239161062033,0.04692492250491509,3.22
1.0,0.0005999714579401184,0.0476664044166076,0.04706643295866748,3.23
1.0,0.0006024745960832835,0.04781039219292847,0.047207917596845186,3.24
1.0,0.0006049785099403443,0.04795435493139036,0.04734937642145001,3.25
1.0,0.000607483196655961,0.04809829263087504,0.04749080943421908,3.2600000000000002
1.0,0.0006099886530844794,0.048242205289977476,0.047632216636892995,3.27
1.0,0.0006124948593633386,0.04838609289115674,0.0477735980317934,3.2800000000000002
1.0,0.0006150018060283564,0.048529955426897864,0.047914953620869505,3.29
1.0,0.0006175094837091452,0.048673792889769585,0.04805628340606044,3.3000000000000003
1.0,0.0006200178831274967,0.048817605272422654,0.04819758738929516,3.31
1.0,0.0006225269950957669,0.048961392567588295,0.04833886557249253,3.3200000000000003
1.0,0.0006250368105152608,0.04910515476807656,0.0484801179575613,3.33
1.0,0.0006275473203746171,0.049248891866774745,0.04862134454640013,3.34
1.0,0.0006300585157481937,0.0493926038566458,0.048762545340897606,3.35
1.0,0.0006325703877944511,0.04953629073072668,0.04890372034293223,3.36
1.0,0.0006350829277543392,0.04967995248212677,0.04904486955437243,3.37
1.0,0.0006375961269496804,0.04982358910402626,0.049185992977076584,3.38
1.0,0.0006401099767815553,0.0499672005896746,0.04932709061289304,3.39
1.0,0.0006426244687286875,0.05011078693238879,0.0494681624636601,3.4
1.0,0.0006451395943458283,0.05025434812555188,0.04960920853120605,3.41
1.0,0.000647655345262141,0.05039788416261129,0.04975022881734915,3.42
1.0,0.0006501717131795873,0.05054139503707726,0.04989122332389767,3.43
1.0,0.0006526886898713099,0.0506848807425212,0.05003219205264989,3.44
1.0,0.0006552062671800196,0.05082834127257411,0.05017313500539409,3.45
1.0,0.0006577244380358948,0.05097177662193186,0.05031405218389596,3.46
1.0,0.0006602432095092602,0.05111518679924621,0.05045494358973695,3.47
1.0,0.0006627625610214707,0.05125857178585321,0.05059580922483174,3.48
1.0,0.0006652824850304536,0.05140193157595489,0.050736649090924436,3.49
1.0,0.0006678029740747714,0.051545266163823725,0.05087746318974895,3.5
1.0,0.0006703240207724556,0.05168857554380151,0.05101825152302906,3.5100000000000002
1.0,0.0006728456178198398,0.051831859710298175,0.05115901409247833,3.52
1.0,0.0006753677579903923,0.05197511865779064,0.05129975089980025,3.5300000000000002
1.0,0.0006778904341335496,0.05211835238082163,0.05144046194668808,3.54
1.0,0.0006804136391735495,0.05226156087399854,0.05158114723482499,3.5500000000000003
1.0,0.0006829373661082635,0.05240474413199223,0.05172180676588397,3.56
1.0,0.0006854616080080308,0.05254790214953595,0.051862440541527915,3.5700000000000003
1.0,0.0006879863580144906,0.05269103492142405,0.052003048563409565,3.58
1.0,0.0006905116093394157,0.05283414244251094,0.05214363083317152,3.59
1.0,0.0006930373552635455,0.05297722470770985,0.052284187352446304,3.6
1.0,0.0006955635891354186,0.0531202817119917,0.05242471812285628,3.61
1.0,0.0006980903043702064,0.053263313450383924,0.052565223146013716,3.62
1.0,0.0007006174944485459,0.05340631991796931,0.05270570242352077,3.63
1.0,0.0007031451529153729,0.05354930110988487,0.0528461559569695,3.64
1.0,0.000705673273378755,0.05369225702132061,0.05298658374794186,3.65
1.0,0.0007082018495087249,0.05383518764751845,0.05312698579800972,3.66
1.0,0.0007107308815106228,0.05397809299038664,0.05326736210887602,3.67
1.0,0.0007132603604994164,0.05412097304253354,0.05340771268203413,3.68
1.0,0.0007157902784938842,0.05426382779747962,0.053548037518985736,3.69
1.0,0.0007183206295934701,0.05440665725086007,0.053688336621266604,3.7
1.0,0.0007208514079640145,0.054549461398366646,0.053828609990402634,3.71
1.0,0.0007233826078368244,0.05469224023574672,0.05396885762790989,3.72
1.0,0.0007259142235077429,0.05483499375880236,0.05410907953529462,3.73
1.0,0.0007284462493362193,0.05497772196338946,0.05424927571405324,3.74
1.0,0.0007309786797443779,0.05512042484541675,0.05438944616567237,3.75
1.0,0.000733511509216089,0.055263102400844935,0.05452959089162884,3.7600000000000002
1.0,0.000736044732296037,0.05540575462568571,0.05466970989338968,3.77
1.0,0.0007385783435887917,0.05554838151600092,0.05480980317241213,3.7800000000000002
1.0,0.0007411123377578766,0.05569098306790157,0.05494987073014369,3.79
1.0,0.00074364670952484,0.05583355927754694,0.0550899125680221,3.8000000000000003
1.0,0.0007461814536683228,0.05597611014114365,0.055229928687475324,3.81
1.0,0.0007487165650231305,0.05611863565494475,0.05536991908992162,3.8200000000000003
1.0,0.0007512520384793008,0.056261135815248796,0.05550988377676949,3.83
1.0,0.0007537878689811745,0.05640361061839893,0.05564982274941775,3.84
1.0,0.000756324051526465,0.05654606006078195,0.055789736009255485,3.85
1.0,0.0007588605811653276,0.056688484138827405,0.05592962355766208,3.86
1.0,0.0007613974547793051,0.05683088285083923,0.05606948539605992,3.87
1.0,0.0007639346688103135,0.05697325619465752,0.056209321525847206,3.88
1.0,0.000766472216347091,0.057115604164658836,0.056349131948311745,3.89
1.0,0.0007690100927354398,0.05725792675753247,0.05648891666479703,3.9
1.0,0.0007715482933740586,0.05740022397001116,0.056628675676637104,3.91
1.0,0.0007740868137137307,0.0575424957988702,0.05676840898515647,3.92
1.0,0.0007766256492565128,0.057684742240926706,0.056908116591670194,3.93
1.0,0.0007791647955549222,0.0578269632930388,0.05704779849748388,3.94
1.0,0.0007817042482111264,0.0579691589521048,0.05718745470389367,3.95
1.0,0.0007842440028761301,0.05811132921506243,0.057327085212186296,3.96
1.0,0.0007867840552489643,0.05825347407888802,0.05746669002363906,3.97
1.0,0.0007893244010758739,0.058395593540595724,0.05760626913951985,3.98
1.0,0.0007918650361495068,0.058537687597236696,0.057745822561087186,3.99
1.0,0.0007944059563081009,0.05867975624589829,0.05788535028959019,4.0
1.0,0.0007969471574346738,0.058821799483703294,0.05802485232626862,4.01
1.0,0.0007994886354562102,0.05896381730780912,0.05816432867235291,4.0200000000000005
1.0,0.0008020303863428498,0.05910580971540696,0.05830377932906411,4.03
1.0,0.0008045724061070762,0.05924777670372105,0.058443204297613974,4.04
1.0,0.0008071146908029054,0.059389718270007844,0.05858260357920494,4.05
1.0,0.0008096572365250735,0.05953163441155524,0.058721977175030166,4.0600000000000005
1.0,0.0008122000398392172,0.05967352512610449,0.05886132508626528,4.07
1.0,0.000814743100902964,0.05981539041491207,0.05900064731400911,4.08
1.0,0.0008172864124981985,0.05995723027199041,0.059139943859492214,4.09
1.0,0.0008198299709738332,0.06009904469484262,0.05927921472386879,4.1
1.0,0.0008223737727208262,0.06024083368100452,0.05941845990828369,4.11
1.0,0.0008249178141714956,0.060382597228043934,0.05955767941387244,4.12
1.0,0.0008274620917988349,0.060524335333560095,0.05969687324176126,4.13
1.0,0.0008300066021158256,0.06066604799518291,0.059836041393067085,4.14
1.0,0.0008325513416747531,0.06080773521057229,0.05997518386889754,4.15
1.0,0.0008350963070665189,0.060949396977417476,0.06011430067035096,4.16
1.0,0.0008376414949199568,0.061091033293436396,0.06025339179851644,4.17
1.0,0.0008401869019011459,0.061232644156374944,0.0603924572544738,4.18
1.0,0.0008427325247127255,0.06137422956400636,0.060531497039293634,4.19
1.0,0.0008452783600932086,0.061515789514130476,0.060670511154037265,4.2
1.0,0.0008478244048162968,0.06165732400457311,0.06080949959975682,4.21
1.0,0.0008503706556901941,0.061798833033185396,0.060948462377495204,4.22
1.0,0.0008529171095569218,0.061940316597843055,0.061087399488286134,4.23
1.0,0.0008554637632916314,0.062081774696445734,0.0612263109331541,4.24
1.0,0.0008580106138019201,0.062223207326916365,0.061365196713114446,4.25
1.0,0.0008605576580271446,0.06236461448720047,0.06150405682917333,4.26
1.0,0.0008631048929377354,0.0625059961752655,0.06164289128232777,4.2700000000000005
1.0,0.0008656523198100337,0.06264735239326154,0.061781700073451504,4.28
1.0,0.0008681999336368543,0.06278868313721452,0.06192048320357766,4.29
1.0,0.0008707477304845887,0.0629299884041869,0.06205924067370231,4.3
1.0,0.0008732957075630801,0.06307126819234579,0.06219797248478271,4.3100000000000005
1.0,0.0008758438621162914,0.06321252249988304,0.062336678637766756,4.32
1.0,0.0008783921914217685,0.06335375132501493,0.062475359133593165,4.33
1.0,0.0008809406927901034,0.06349495466598143,0.06261401397319133,4.34
1.0,0.0008834893635643981,0.06363613252104582,0.06275264315748141,4.3500000000000005
1.0,0.0008860382011197266,0.06377728488849407,0.06289124668737435,4.36
1.0,0.0008885872028625999,0.06391841176663436,0.06302982456377176,4.37
1.0,0.0008911363662304283,0.06405951315379654,0.06316837678756612,4.38
1.0,0.0008936856886909852,0.06420058904833159,0.0633069033596406,4.39
1.0,0.0008962351677418702,0.06434163944861111,0.06344540428086924,4.4
1.0,0.0008987848009099719,0.06448266435302674,0.06358387955211676,4.41
1.0,0.0009013345857509327,0.06462366375998968,0.06372232917423874,4.42
1.0,0.0009038845198486109,0.06476463766793017,0.06386075314808155,4.43
1.0,0.0009064346008145443,0.06490558607529691,0.06399915147448236,4.44
1.0,0.0009089848262874134,0.06504650898055657,0.06413752415426915,4.45
1.0,0.0009115351939325056,0.06518740638219322,0.06427587118826072,4.46
1.0,0.0009140857014411774,0.0653282782787079,0.06441419257726672,4.47
1.0,0.0009166363485186118,0.06546912467058223,0.06455248832206362,4.48
1.0,0.0009191871339679117,0.06560994555739783,0.06469075842342992,4.49
1.0,0.0009217380534964732,0.06575074093566909,0.06482900288217261,4.5
1.0,0.0009242891049930052,0.06589151080405656,0.06496722169906355,4.51
1.0,0.0009268402863748783,0.06603225516124026,0.06510541487486537,4.5200000000000005
1.0,0.0009293915955877103,0.06617297400591918,0.06524358241033147,4.53
1.0,0.0009319430306049527,0.06631366733681106,0.0653817243062061,4.54
1.0,0.0009344945894274759,0.06645433515265181,0.06551984056322434,4.55
1.0,0.0009370462700831552,0.0665949774521952,0.06565793118211204,4.5600000000000005
1.0,0.000939598070626456,0.06673559423421238,0.06579599616358592,4.57
1.0,0.0009421499891380203,0.06687618549749154,0.06593403550835351,4.58
1.0,0.0009447020237242521,0.06701675124083746,0.06607204921711321,4.59
1.0,0.0009472541725169032,0.06715729146307112,0.06621003729055422,4.6000000000000005
1.0,0.0009498064336726583,0.06729780616302923,0.06634799972935657,4.61
1.0,0.000952358805372722,0.06743829533956397,0.06648593653419124,4.62
1.0,0.0009549112858224036,0.06757875899154238,0.06662384770571997,4.63
1.0,0.0009574638732507032,0.06771919711784614,0.06676173324459544,4.64
1.0,0.0009600165659098972,0.06785960971737104,0.06689959315146114,4.65
1.0,0.000962569362075124,0.06799999678902659,0.06703742742695146,4.66
1.0,0.0009651222600439703,0.06814035833173566,0.0671752360716917,4.67
1.0,0.0009676752584773349,0.06828069434477772,0.06731301908630039,4.68
1.0,0.0009702283579212975,0.06842100482932142,0.06745077647140013,4.69
1.0,0.0009727815547771003,0.06856128978235214,0.06758850822757503,4.7
1.0,0.0009753348474869415,0.06870154920290135,0.06772621435541441,4.71
1.0,0.0009778882345165862,0.06884178309001501,0.06786389485549843,4.72
1.0,0.0009804417143550266,0.06898199144275328,0.06800154972839825,4.73
1.0,0.0009829952855141429,0.0691221742601901,0.06813917897467596,4.74
1.0,0.0009855489465283632,0.06926233154141292,0.06827678259488457,4.75
1.0,0.0009881026959543244,0.06940246328552238,0.06841436058956805,4.76
1.0,0.0009906565323705321,0.06954256949163194,0.06855191295926141,4.7700000000000005
1.0,0.0009932104543770202,0.06968265015886754,0.06868943970449053,4.78
1.0,0.0009957644605950128,0.0698227052863673,0.06882694082577229,4.79
1.0,0.0009983185496665833,0.06996273487328115,0.06896441632361457,4.8
1.0,0.0010008727202543155,0.07010273891877057,0.06910186619851626,4.8100000000000005
1.0,0.001003426971040963,0.0702427174220081,0.06923929045096715,4.82
1.0,0.0010059813007291106,0.07038267038217723,0.06937668908144812,4.83
1.0,0.001008535708040834,0.07052259779847184,0.069514062090431,4.84
1.0,0.00101109019171736,0.07066249967009604,0.06965140947837868,4.8500000000000005
1.0,0.001013644750518727,0.07080237599626373,0.069788731245745,4.86
1.0,0.0010161993832234458,0.07094222677619832,0.06992602739297488,4.87
1.0,0.0010187540886281593,0.07108205200913238,0.07006329792050423,4.88
1.0,0.001021308868423796,0.0712218516971843,0.07020054282876051,4.89
1.0,0.0010238637198005827,0.07136162583796203,0.07033776211816145,4.9
1.0,0.0010264186410337706,0.07150137443014974,0.07047495578911597,4.91
1.0,0.0010289736310351,0.07164109747305929,0.07061212384202419,4.92
1.0,0.001031528688733773,0.07178079496601103,0.07074926627727726,4.93
1.0,0.001034083813076095,0.07192046690833352,0.07088638309525742,4.94
1.0,0.0010366390030251132,0.07206011329936308,0.07102347429633797,4.95
1.0,0.0010391942575602572,0.07219973413844351,0.07116053988088325,4.96
1.0,0.0010417495756769798,0.07233932942492573,0.07129757984924875,4.97
1.0,0.0010443049563863967,0.0724788991581674,0.071434594201781,4.98
1.0,0.001046860398714926,0.07261844333753256,0.07157158293881763,4.99
1.0,0.0010494159017039293,0.07275796196239132,0.07170854606068738,5.0
1.0,0.0010519714644093513,0.07289745503211945,0.07184548356771009,5.01
1.0,0.00105452708590136,0.07303692254609812,0.07198239546019676,5.0200000000000005
1.0,0.0010570827652639863,0.07317636450371337,0.07211928173844938,5.03
1.0,0.0010596385015947654,0.07331578090435598,0.07225614240276121,5.04
1.0,0.0010621942940043753,0.07345517174742094,0.07239297745341657,5.05
1.0,0.0010647501416162788,0.0735945370323072,0.07252978689069092,5.0600000000000005
1.0,0.0010673060435663609,0.07373387675841722,0.07266657071485086,5.07
1.0,0.0010698619990025721,0.07387319092515672,0.07280332892615415,5.08
1.0,0.0010724180070845661,0.07401247953193425,0.07294006152484969,5.09
1.0,0.0010749740669833414,0.07415174257816091,0.07307676851117757,5.1000000000000005
1.0,0.0010775301778808797,0.0742909800632499,0.07321344988536901,5.11
1.0,0.0010800863389697879,0.07443019198661624,0.07335010564764645,5.12
1.0,0.0010826425494529376,0.07456937834767637,0.07348673579822343,5.13
1.0,0.001085198808543104,0.07470853914584787,0.07362334033730476,5.14
1.0,0.0010877551154626086,0.07484767438054901,0.0737599192650864,5.15
1.0,0.001090311469442956,0.07498678405119844,0.07389647258175548,5.16
1.0,0.0010928678697244764,0.07512586815721486,0.0740330002874904,5.17
1.0,0.0010954243155559655,0.07526492669801664,0.07416950238246067,5.18
1.0,0.0010979808064478598,0.07540395967327194,0.07430597886682408,5.19
1.0,0.0011005373542194938,0.0755429670948006,0.0744424297405811,5.2
1.0,0.0011030939471571132,0.07568194895116466,0.07457885500400754,5.21
1.0,0.0011056505846641924,0.07582090524190055,0.07471525465723636,5.22
1.0,0.0011082072661551035,0.07595983596654683,0.07485162870039173,5.23
1.0,0.0011107639910548058,0.07609874112464375,0.07498797713358894,5.24
1.0,0.0011133207587985371,0.07623762071573313,0.07512429995693459,5.25
1.0,0.0011158775688315037,0.07637647473935791,0.07526059717052641,5.26
1.0,0.0011184344206085703,0.0765153031950619,0.07539686877445334,5.2700000000000005
1.0,0.0011209913135939492,0.0766541060823895,0.07553311476879555,5.28
1.0,0.0011235482472608928,0.07679288340088533,0.07566933515362444,5.29
1.0,0.0011261052210913818,0.07693163515009399,0.07580552992900261,5.3
1.0,0.0011286622345758166,0.07707036132955976,0.07594169909498394,5.3100000000000005
1.0,0.0011312192872127058,0.07720906193882618,0.07607784265161348,5.32
1.0,0.0011337763785083587,0.07734773697743591,0.07621396059892756,5.33
1.0,0.001136333507976574,0.07748638644493032,0.07635005293695374,5.34
1.0,0.0011388906751383305,0.07762501034084922,0.0764861196657109,5.3500000000000005
1.0,0.0011414478795214763,0.0777636086647305,0.07662216078520903,5.36
1.0,0.001144005120660421,0.07790218141610997,0.07675817629544955,5.37
1.0,0.0011465623980958235,0.07804072859452084,0.07689416619642502,5.38
1.0,0.0011491197113742842,0.07817925019949365,0.07703013048811937,5.39
1.0,0.0011516770600480343,0.07831774623055578,0.07716606917050774,5.4
1.0,0.0011542344436746255,0.07845621668723123,0.0773019822435566,5.41
1.0,0.0011567918618166212,0.0785946615690403,0.07743786970722367,5.42
1.0,0.001159349314041286,0.0787330808754993,0.07757373156145801,5.43
1.0,0.0011619067999202768,0.07887147460612023,0.07770956780619996,5.44
1.0,0.001164464319029331,0.07900984276041047,0.07784537844138113,5.45
1.0,0.001167021870947959,0.07914818533787248,0.07798116346692452,5.46
1.0,0.0011695794552591331,0.07928650233800351,0.07811692288274437,5.47
1.0,0.001172137071548978,0.0794247937602953,0.07825265668874633,5.48
1.0,0.0011746947194064608,0.07956305960423372,0.07838836488482727,5.49
1.0,0.0011772524028779898,0.07970129987366788,0.07852404747078989,5.5
1.0,0.0011798101335163597,0.07983951457980046,0.0786597044462841,5.51
1.0,0.0011823678972963732,0.07997770370873886,0.07879533581144248,5.5200000000000005
1.0,0.0011849256940024216,0.08011586726012614,0.07893094156612371,5.53
1.0,0.0011874835234269006,0.08025400523360463,0.07906652171017772,5.54
1.0,0.0011900413853700026,0.08039211762881567,0.07920207624344566,5.55
1.0,0.0011925992796395083,0.08053020444539943,0.07933760516575993,5.5600000000000005
1.0,0.001195157206050579,0.08066826568299472,0.07947310847694414,5.57
1.0,0.0011977151644255498,0.0808063013412387,0.07960858617681316,5.58
1.0,0.0012002731545937206,0.08094431141976681,0.0797440382651731,5.59
1.0,0.0012028311763911492,0.08108229591821246,0.07987946474182131,5.6000000000000005
1.0,0.0012053892296604424,0.08122025483620686,0.08001486560654641,5.61
1.0,0.0012079473142505505,0.08135818817337881,0.08015024085912825,5.62
1.0,0.0012105054300165564,0.08149609592935451,0.08028559049933796,5.63
1.0,0.0012130635768194708,0.08163397810375739,0.08042091452693792,5.64
1.0,0.0012156217545260225,0.08177183469620777,0.08055621294168175,5.65
1.0,0.0012181799630084512,0.08190966570632284,0.08069148574331439,5.66
1.0,0.0012207382021443003,0.0820474711337163,0.080826732931572,5.67
1.0,0.0012232964718162079,0.08218525097799825,0.08096195450618204,5.68
1.0,0.0012258547719117008,0.08232300523877498,0.08109715046686328,5.69
1.0,0.0012284131023229845,0.08246073391564868,0.0812323208133257,5.7
1.0,0.0012309714629467373,0.08259843700821733,0.08136746554527059,5.71
1.0,0.0012335298536839021,0.08273611451607447,0.08150258466239058,5.72
1.0,0.0012360882744394783,0.08287376643880902,0.08163767816436954,5.73
1.0,0.0012386467251223133,0.08301139277600494,0.08177274605088262,5.74
1.0,0.0012412052056448963,0.08314899352724126,0.08190778832159636,5.75
1.0,0.0012437637159231504,0.08328656869209163,0.08204280497616848,5.76
1.0,0.001246322255876223,0.08342411827012433,0.08217779601424811,5.7700000000000005
1.0,0.0012488808254262798,0.08356164226090187,0.0823127614354756,5.78
1.0,0.0012514394244982968,0.08369914066398099,0.0824477012394827,5.79
1.0,0.001253998053019852,0.08383661347891223,0.08258261542589238,5.8
1.0,0.0012565567176970013,0.08397406071201761,0.08271750399432061,5.8100000000000005
1.0,0.0012591154217385767,0.08411148236611236,0.08285236694437378,5.82
1.0,0.0012616741572413627,0.08424887843288845,0.08298720427564708,5.83
1.0,0.0012642329242885378,0.0843862489120174,0.08312201598772886,5.84
1.0,0.0012667917229701397,0.08452359380316897,0.08325680208019882,5.8500000000000005
1.0,0.001269350553382939,0.08466091310601093,0.08339156255262799,5.86
1.0,0.001271909415630315,0.08479820682020905,0.08352629740457874,5.87
1.0,0.0012744683098221304,0.08493547494542691,0.08366100663560479,5.88
1.0,0.0012770272360746059,0.08507271748132579,0.08379569024525119,5.89
1.0,0.0012795861945101958,0.08520993442756457,0.08393034823305437,5.9
1.0,0.0012821451852574619,0.08534712578379956,0.0840649805985421,5.91
1.0,0.0012847042084509499,0.08548429154968445,0.0841995873412335,5.92
1.0,0.0012872632642310629,0.08562143172487016,0.0843341684606391,5.93
1.0,0.0012898223527439377,0.08575854630900467,0.08446872395626073,5.94
1.0,0.0012923814741413182,0.08589563530173294,0.08460325382759162,5.95
1.0,0.0012949406285804315,0.08603269870269681,0.08473775807411638,5.96
1.0,0.001297499816223863,0.08616973651153484,0.08487223669531098,5.97
1.0,0.0013000590372394304,0.08630674872788223,0.0850066896906428,5.98
1.0,0.0013026182918000587,0.0864437353513706,0.08514111705957055,5.99
1.0,0.0013051775800836563,0.08658069638162803,0.08527551880154438,6.0
1.0,0.0013077369022729888,0.08671763181827878,0.0854098949160058,6.01
1.0,0.0013102962585555549,0.0868545416609433,0.08554424540238774,6.0200000000000005
1.0,0.0013128556491234596,0.08699142590923793,0.08567857026011447,6.03
1.0,0.0013154150741732913,0.08712828456277504,0.08581286948860174,6.04
1.0,0.0013179745339059958,0.08726511762116264,0.08594714308725664,6.05
1.0,0.0013205340285267506,0.08740192508400446,0.08608139105547771,6.0600000000000005
1.0,0.0013230935582448406,0.08753870695089971,0.08621561339265488,6.07
1.0,0.0013256531232735333,0.087675463221443,0.08634981009816947,6.08
1.0,0.001328212723829953,0.08781219389522421,0.08648398117139426,6.09
1.0,0.0013307723601349564,0.08794889897182842,0.08661812661169346,6.1000000000000005
1.0,0.0013333320324130065,0.08808557845083566,0.08675224641842265,6.11
1.0,0.0013358917456058185,0.08822223233624488,0.08688634059063906,6.12
1.0,0.001338451498546635,0.08835886062631379,0.08702040912776715,6.13
1.0,0.0013410112891976981,0.08849546331847422,0.08715445202927652,6.140000000000001
1.0,0.0013435711178655804,0.08863204041234983,0.08728846929448425,6.15
1.0,0.0013461309848623042,0.08876859190756106,0.08742246092269876,6.16
1.0,0.0013486908905052549,0.088905117803725,0.08755642691321974,6.17
1.0,0.0013512508351170944,0.08904161810045526,0.08769036726533816,6.18
1.0,0.0013538108190256748,0.08917809279736201,0.08782428197833633,6.19
1.0,0.0013563708425639507,0.08931454189405173,0.08795817105148779,6.2
1.0,0.001358930906069894,0.08945096539012728,0.08809203448405739,6.21
1.0,0.0013614910098864058,0.08958736328518775,0.08822587227530135,6.22
1.0,0.0013640511543612315,0.08972373557882833,0.0883596844244671,6.23
1.0,0.0013666113398468722,0.08986008227064027,0.08849347093079339,6.24
1.0,0.0013691715667004994,0.08999640336021081,0.08862723179351031,6.25
1.0,0.0013717318352838683,0.09013269884712309,0.08876096701183922,6.26
1.0,0.0013742921459632307,0.09026896873095601,0.08889467658499278,6.2700000000000005
1.0,0.0013768524991092483,0.09040521301128421,0.08902836051217496,6.28
1.0,0.0013794128950969063,0.09054143168767795,0.08916201879258104,6.29
1.0,0.0013819733343054274,0.09067762475970303,0.08929565142539761,6.3
1.0,0.0013845338171181842,0.09081379222692074,0.08942925840980255,6.3100000000000005
1.0,0.0013870943439226121,0.09094993408888766,0.08956283974496504,6.32
1.0,0.001389654915110125,0.09108605034515575,0.08969639543004562,6.33
1.0,0.0013922155310760259,0.09122214099527212,0.08982992546419609,6.34
1.0,0.0013947761922194224,0.09135820603877903,0.08996342984655961,6.3500000000000005
1.0,0.0013973368989431381,0.09149424547521372,0.09009690857627058,6.36
1.0,0.0013998976516536284,0.09163025930410838,0.09023036165245475,6.37
1.0,0.0014024584507608912,0.09176624752499013,0.09036378907422923,6.38
1.0,0.0014050192966783828,0.0919022101373808,0.09049719084070242,6.390000000000001
1.0,0.001407580189822929,0.09203814714079687,0.09063056695097395,6.4
1.0,0.0014101411306146397,0.09217405853474954,0.0907639174041349,6.41
1.0,0.0014127021194768228,0.09230994431874442,0.0908972421992676,6.42
1.0,0.0014152631588178787,0.09244580449423127,0.0910305413354134,6.43
1.0,0.0014178242476873561,0.09258163905934713,0.09116381481165978,6.44
1.0,0.0014203853862471008,0.09271744801331455,0.09129706262706745,6.45
1.0,0.0014229465749541128,0.0928532313556378,0.0914302847806837,6.46
1.0,0.001425507814268931,0.09298898908581603,0.09156348127154709,6.47
1.0,0.001428069104655561,0.09312472120334313,0.09169665209868756,6.48
1.0,0.0014306304465813988,0.0932604277077077,0.0918297972611263,6.49
1.0,0.0014331918405171573,0.09339610859839301,0.09196291675787585,6.5
1.0,0.001435753286936791,0.09353176387487683,0.09209601058794004,6.51
1.0,0.0014383147863174224,0.09366739353663148,0.09222907875031405,6.5200000000000005
1.0,0.0014408763391392655,0.09380299758312362,0.09236212124398435,6.53
1.0,0.0014434379458855531,0.09393857601381429,0.09249513806792874,6.54
1.0,0.0014459996070424622,0.09407412882815881,0.09262812922111635,6.55
1.0,0.0014485613230990379,0.09420965602560664,0.09276109470250761,6.5600000000000005
1.0,0.0014511230945471194,0.09434515760560139,0.09289403451105427,6.57
1.0,0.0014536849218812669,0.0944806335675807,0.09302694864569944,6.58
1.0,0.0014562468055986843,0.09461608391097617,0.0931598371053775,6.59
1.0,0.0014588087461991479,0.09475150863521334,0.09329269988901419,6.6000000000000005
1.0,0.001461370744184928,0.09488690773971148,0.09342553699552655,6.61
1.0,0.0014639328000607174,0.09502228122388372,0.093558348423823,6.62
1.0,0.0014664949143335562,0.09515762908713676,0.09369113417280321,6.63
1.0,0.001469057087512756,0.095292951328871,0.09382389424135824,6.640000000000001
1.0,0.0014716193201098255,0.09542824794848027,0.09395662862837045,6.65
1.0,0.001474181612638398,0.09556351894535191,0.0940893373327135,6.66
1.0,0.0014767439656141542,0.09569876431886663,0.09422202035325247,6.67
1.0,0.0014793063795547489,0.09583398406839844,0.09435467768884369,6.68
1.0,0.0014818688549797362,0.09596917819331457,0.09448730933833484,6.69
1.0,0.001484431392410495,0.09610434669297545,0.09461991530056495,6.7
1.0,0.0014869939923701542,0.09623948956673453,0.09475249557436438,6.71
1.0,0.0014895566553835182,0.09637460681393833,0.09488505015855482,6.72
1.0,0.0014921193824056456,0.09650969843434998,0.09501757905194433,6.73
1.0,0.0014946821791908514,0.09664476443246743,0.09515008225327658,6.74
1.0,0.0014972450413053022,0.09677980480271019,0.09528255976140489,6.75
1.0,0.0014998079693127168,0.09691481954442864,0.09541501157511592,6.76
1.0,0.0015023709637786065,0.0970498086569663,0.0955474376931877,6.7700000000000005
1.0,0.0015049340252701912,0.09718477213965969,0.0956798381143895,6.78
1.0,0.0015074971543563194,0.09731970999183834,0.09581221283748202,6.79
1.0,0.0015100603516073853,0.09745462221282462,0.09594456186121723,6.8
1.0,0.001512623617595246,0.09758950880193376,0.09607688518433852,6.8100000000000005
1.0,0.0015151869528931404,0.09772436975847364,0.0962091828055805,6.82
1.0,0.001517750358075607,0.09785920508174484,0.09634145472366923,6.83
1.0,0.001520313833718401,0.09799401477104044,0.09647370093732205,6.84
1.0,0.0015228773803984143,0.09812879882564608,0.09660592144524767,6.8500000000000005
1.0,0.00152544099869359,0.09826355724483972,0.09673811624614613,6.86
1.0,0.0015280046891828437,0.09839829002789165,0.0968702853387088,6.87
1.0,0.00153056845244598,0.09853299717406443,0.09700242872161845,6.88
1.0,0.00153313228906361,0.09866767868261274,0.09713454639354913,6.890000000000001
1.0,0.00153569619961707,0.09880233455278332,0.09726663835316625,6.9
1.0,0.0015382601846883393,0.09893696478381495,0.09739870459912661,6.91
1.0,0.0015408242448599577,0.09907156937493827,0.09753074513007831,6.92
1.0,0.0015433883807149439,0.09920614832537579,0.09766275994466085,6.93
1.0,0.0015459525928367135,0.09934070163434174,0.09779474904150502,6.94
1.0,0.0015485168818089963,0.09947522930104201,0.09792671241923301,6.95
1.0,0.0015510812482157543,0.09960973132467411,0.09805865007645836,6.96
1.0,0.001553645692641101,0.09974420770442702,0.09819056201178591,6.97
1.0,0.0015562102156692177,0.09987865843948117,0.09832244822381195,6.98
1.0,0.0015587748178842718,0.10001308352900831,0.09845430871112404,6.99
1.0,0.001561339499870335,0.10014748297217146,0.09858614347230113,7.0
1.0,0.0015639042622113018,0.10028185676812482,0.09871795250591352,7.01
1.0,0.0015664691054908064,0.1004162049160137,0.09884973581052289,7.0200000000000005
1.0,0.001569034030292141,0.10055052741497442,0.09898149338468228,7.03
1.0,0.0015715990371981735,0.1006848242641342,0.09911322522693604,7.04
1.0,0.0015741641267912661,0.1008190954626112,0.09924493133581994,7.05
1.0,0.0015767292996531936,0.10095334100951428,0.09937661170986109,7.0600000000000005
1.0,0.0015792945563650586,0.10108756090394302,0.09950826634757796,7.07
1.0,0.0015818598975072134,0.10122175514498762,0.0996398952474804,7.08
1.0,0.0015844253236591747,0.10135592373172878,0.0997714984080696,7.09
1.0,0.0015869908353995437,0.10149006666323772,0.09990307582783818,7.1000000000000005
1.0,0.001589556433305922,0.10162418393857593,0.10003462750527001,7.11
1.0,0.0015921221179548315,0.10175827555679527,0.10016615343884044,7.12
1.0,0.0015946878899216312,0.10189234151693778,0.10029765362701615,7.13
1.0,0.001597253749780436,0.10202638181803564,0.1004291280682552,7.140000000000001
1.0,0.0015998196981040324,0.10216039645911103,0.10056057676100699,7.15
1.0,0.0016023857354637997,0.10229438543917613,0.10069199970371233,7.16
1.0,0.0016049518624296256,0.102428348757233,0.10082339689480338,7.17
1.0,0.0016075180795698252,0.10256228641227352,0.1009547683327037,7.18
1.0,0.0016100843874510583,0.10269619840327926,0.1010861140158282,7.19
1.0,0.0016126507866382471,0.10283008472922144,0.10121743394258319,7.2
1.0,0.0016152172890696822,0.1029639453999354,0.10134872811086572,7.21
1.0,0.0016177838996339797,0.1030977804185084,0.10147999651887442,7.22
1.0,0.0016203506055915287,0.10323158977116652,0.10161123916557499,7.23
1.0,0.0016229174076053561,0.10336537345693993,0.10174245604933457,7.24
1.0,0.0016254843063386692,0.10349913147485026,0.10187364716851159,7.25
1.0,0.0016280513024547903,0.10363286382391058,0.1020048125214558,7.26
1.0,0.0016306183966170924,0.10376657050312527,0.10213595210650818,7.2700000000000005
1.0,0.0016331855894889332,0.1039002515114899,0.10226706592200097,7.28
1.0,0.0016357528817335933,0.10403390684799135,0.10239815396625776,7.29
1.0,0.0016383202740142089,0.1041675365116076,0.10252921623759338,7.3
1.0,0.001640887766993708,0.10430114050130769,0.10266025273431398,7.3100000000000005
1.0,0.0016434553613347465,0.10443471881605165,0.10279126345471691,7.32
1.0,0.001646023057699642,0.10456827145479052,0.10292224839709087,7.33
1.0,0.0016485908567503114,0.10470179841646612,0.10305320755971581,7.34
1.0,0.001651158759148204,0.10483529970001122,0.10318414094086302,7.3500000000000005
1.0,0.0016537267655542375,0.1049687753043492,0.10331504853879496,7.36
1.0,0.0016562948766287347,0.10510222522839421,0.10344593035176548,7.37
1.0,0.001658863093031357,0.10523564947105102,0.10357678637801966,7.38
1.0,0.0016614314154210412,0.10536904803121493,0.10370761661579389,7.390000000000001
1.0,0.0016639998444559338,0.10550242090777172,0.10383842106331578,7.4
1.0,0.0016665683807933268,0.10563576809959764,0.10396919971880432,7.41
1.0,0.001669137025089593,0.1057690896055593,0.1040999525804697,7.42
1.0,0.001671705778000122,0.10590238542451358,0.10423067964651346,7.43
1.0,0.0016742746401792546,0.10603565555530763,0.10436138091512837,7.44
1.0,0.0016768436122802178,0.10616889999677871,0.10449205638449849,7.45
1.0,0.001679412694955062,0.10630211874775428,0.10462270605279922,7.46
1.0,0.0016819818888545949,0.10643531180705175,0.10475332991819715,7.47
1.0,0.001684551194628317,0.1065684791734786,0.10488392797885028,7.48
1.0,0.001687120612924357,0.10670162084583212,0.10501450023290777,7.49
1.0,0.0016896901443894075,0.10683473682289953,0.10514504667851012,7.5
1.0,0.0016922597896686605,0.10696782710345779,0.10527556731378912,7.51
1.0,0.0016948295494057426,0.10710089168627362,0.10540606213686789,7.5200000000000005
1.0,0.0016973994242426486,0.10723393057010336,0.10553653114586072,7.53
1.0,0.0016999694148196803,0.10736694375369296,0.10566697433887329,7.54
1.0,0.0017025395217753793,0.10749993123577788,0.1057973917140025,7.55
1.0,0.001705109745746463,0.10763289301508307,0.1059277832693366,7.5600000000000005
1.0,0.0017076800873677598,0.10776582909032284,0.10605814900295508,7.57
1.0,0.001710250547272145,0.10789873946020087,0.10618848891292873,7.58
1.0,0.001712821126090476,0.10803162412341011,0.10631880299731963,7.59
1.0,0.0017153918244515272,0.10816448307863268,0.10644909125418114,7.6000000000000005
1.0,0.001717962642981925,0.10829731632453984,0.10657935368155792,7.61
1.0,0.0017205335823060855,0.10843012385979199,0.1067095902774859,7.62
1.0,0.0017231046430461465,0.10856290568303849,0.10683980103999234,7.63
1.0,0.0017256758258219057,0.10869566179291763,0.10696998596709573,7.640000000000001
1.0,0.0017282471312507538,0.10882839218805664,0.10710014505680589,7.65
1.0,0.0017308185599476116,0.1089610968670715,0.1072302783071239,7.66
1.0,0.0017333901125248649,0.10909377582856701,0.10736038571604214,7.67
1.0,0.001735961789592299,0.10922642907113664,0.10749046728154434,7.68
1.0,0.001738533620236805,0.10935905662137302,0.10762052300113621,7.69
1.0,0.0017411055855810504,0.10949165845868603,0.10775055287310498,7.7
1.0,0.0017436776804100782,0.10962423457591408,0.107880556895504,7.71
1.0,0.0017462499054598203,0.10975678497173971,0.10801053506627989,7.72
1.0,0.0017488222614664717,0.10988930964483691,0.10814048738337044,7.73
1.0,0.0017513947491664555,0.11002180859387116,0.1082704138447047,7.74
1.0,0.0017539673692963916,0.11015428181749937,0.10840031444820297,7.75
1.0,0.0017565401225930627,0.11028672931436982,0.10853018919177676,7.76
1.0,0.0017591130097933808,0.11041915108312225,0.10866003807332887,7.7700000000000005
1.0,0.0017616860316343541,0.1105515471223876,0.10878986109075324,7.78
1.0,0.001764259188853055,0.11068391743078822,0.10891965824193517,7.79
1.0,0.0017668324821865848,0.11081626200693767,0.1090494295247511,7.8
1.0,0.0017694059123720427,0.11094858084944077,0.10917917493706873,7.8100000000000005
1.0,0.0017719794801464902,0.11108087395689352,0.10930889447674703,7.82
1.0,0.0017745531862469208,0.11121314132788308,0.10943858814163616,7.83
1.0,0.0017771270314102243,0.11134538296098777,0.10956825592957754,7.84
1.0,0.0017797010163731555,0.111477598854777,0.10969789783840384,7.8500000000000005
1.0,0.0017822751418722987,0.11160978900781122,0.10982751386593892,7.86
1.0,0.001784849408644037,0.11174195341864195,0.1099571040099979,7.87
1.0,0.0017874238174245178,0.11187409208581169,0.11008666826838717,7.88
1.0,0.0017899983689496203,0.11200620500785388,0.11021620663890426,7.890000000000001
1.0,0.0017925730639549206,0.11213829218329295,0.11034571911933803,7.9
1.0,0.001795147903175661,0.11227035361064416,0.11047520570746851,7.91
1.0,0.0017977228873467148,0.1124023892884137,0.11060466640106699,7.92
1.0,0.0018002980172025546,0.11253439921509856,0.110734101197896,7.930000000000001
1.0,0.0018028732934772178,0.1126663833891865,0.11086351009570929,7.94
1.0,0.0018054487169042739,0.11279834180915607,0.1109928930922518,7.95
1.0,0.001808024288216792,0.11293027447347659,0.1111222501852598,7.96
1.0,0.001810600008147307,0.11306218138060802,0.1112515813724607,7.97
1.0,0.001813175877427786,0.11319406252900101,0.11138088665157322,7.98
1.0,0.0018157518967895955,0.11332591791709681,0.11151016602030722,7.99
1.0,0.0018183280669634688,0.11345774754332731,0.11163941947636384,8.0
1.0,0.0018209043886794718,0.11358955140611494,0.11176864701743547,8.01
1.0,0.0018234808626669706,0.11372132950387268,0.11189784864120571,8.02
1.0,0.0018260574896545975,0.11385308183500395,0.11202702434534935,8.03
1.0,0.0018286342703702197,0.11398480839790273,0.11215617412753251,8.040000000000001
1.0,0.0018312112055409026,0.11411650919095331,0.11228529798541241,8.05
1.0,0.00183378829589288,0.11424818421253048,0.1124143959166376,8.06
1.0,0.0018363655421515194,0.11437983346099934,0.11254346791884781,8.07
1.0,0.0018389429450412895,0.11451145693471532,0.11267251398967403,8.08
1.0,0.001841520505285726,0.11464305463202415,0.11280153412673842,8.09
1.0,0.001844098223607399,0.11477462655126185,0.11293052832765445,8.1
1.0,0.00184667610072788,0.11490617269075463,0.11305949659002676,8.11
1.0,0.0018492541373677088,0.11503769304881893,0.11318843891145122,8.120000000000001
1.0,0.0018518323342463588,0.11516918762376131,0.11331735528951495,8.13
1.0,0.0018544106920822063,0.11530065641387847,0.11344624572179626,8.14
1.0,0.0018569892115924953,0.11543209941745725,0.11357511020586475,8.15
1.0,0.0018595678981077031,0.11556351663684675,0.11370394873873904,8.16
1.0,0.0018621467681815432,0.11569490808429185,0.11383276131611031,8.17
1.0,0.001864725804250322,0.11582627374191945,0.11396154793766913,8.18
1.0,0.001867305007121232,0.11595761360806008,0.11409030860093884,8.19
1.0,0.0018698843776024045,0.11608892768103611,0.1142190433034337,8.2
1.0,0.001872463916502899,0.11622021595916192,0.11434775204265903,8.21
1.0,0.0018750436246326911,0.1163514784407436,0.11447643481611092,8.22
1.0,0.001877623502802665,0.11648271512407925,0.11460509162127658,8.23
1.0,0.001880203551824602,0.11661392600745873,0.11473372245563414,8.24
1.0,0.0018827837725111703,0.11674511108916377,0.11486232731665261,8.25
1.0,0.001885364165675914,0.11687627036746791,0.11499090620179199,8.26
1.0,0.0018879447321332441,0.11700740384063649,0.11511945910850324,8.27
1.0,0.001890525472698428,0.11713851150692665,0.11524798603422823,8.28
1.0,0.0018931063881875792,0.11726959336458737,0.11537648697639978,8.290000000000001
1.0,0.001895687479417645,0.11740064941185925,0.1155049619324416,8.3
1.0,0.0018982687472064,0.1175316796469748,0.11563341089976839,8.31
1.0,0.0019008501923724337,0.11766268406815816,0.11576183387578573,8.32
1.0,0.00190343181573514,0.1177936626736253,0.11589023085789016,8.33
1.0,0.0019060136181147074,0.11792461546158384,0.11601860184346913,8.34
1.0,0.0019085956003321095,0.11805554243023308,0.11614694682990098,8.35
1.0,0.0019111777632090932,0.11818644357776407,0.11627526581455498,8.36
1.0,0.0019137601075681701,0.11831731890235954,0.11640355879479136,8.370000000000001
1.0,0.0019163426342326045,0.11844816840219377,0.11653182576796117,8.38
1.0,0.001918925344026405,0.11857899207543281,0.1166600667314064,8.39
1.0,0.001921508237774313,0.11870978992023432,0.11678828168246,8.4
1.0,0.0019240913163017929,0.11884056193474753,0.11691647061844573,8.41
1.0,0.0019266745804350214,0.11897130811711334,0.11704463353667832,8.42
1.0,0.0019292580310008786,0.11910202846546422,0.11717277043446334,8.43
1.0,0.0019318416688269358,0.11923272297792423,0.11730088130909729,8.44
1.0,0.0019344254947414466,0.11936339165260898,0.11742896615786753,8.45
1.0,0.0019370095095733366,0.11949403448762567,0.11755702497805234,8.46
1.0,0.001939593714152192,0.119624651481073,0.11768505776692081,8.47
1.0,0.0019421781093082505,0.11975524263104122,0.11781306452173297,8.48
1.0,0.0019447626958723917,0.11988580793561213,0.11794104523973974,8.49
1.0,0.0019473474746761245,0.12001634739285896,0.11806899991818284,8.5
1.0,0.001949932446551579,0.12014686100084652,0.11819692855429495,8.51
1.0,0.0019525176123314958,0.12027734875763103,0.11832483114529954,8.52
1.0,0.0019551029728492146,0.12040781066126019,0.11845270768841097,8.53
1.0,0.001957688528938666,0.12053824670977319,0.11858055818083452,8.540000000000001
1.0,0.0019602742814343577,0.12066865690120054,0.11870838261976618,8.55
1.0,0.0019628602311713697,0.12079904123356433,0.11883618100239296,8.56
1.0,0.0019654463789853384,0.12092939970487795,0.11896395332589262,8.57
1.0,0.001968032725712451,0.12105973231314625,0.11909169958743379,8.58
1.0,0.0019706192721894314,0.12119003905636543,0.119219419784176,8.59
1.0,0.0019732060192535327,0.12132031993252304,0.1193471139132695,8.6
1.0,0.0019757929677425264,0.12145057493959806,0.11947478197185553,8.61
1.0,0.0019783801184946903,0.12158080407556078,0.11960242395706609,8.620000000000001
1.0,0.0019809674723488004,0.12171100733837276,0.11973003986602396,8.63
1.0,0.001983555032576608,0.12184118472812556,0.11985762969554896,8.64
1.0,0.0019861427997407157,0.12197133624251984,0.11998519344277912,8.65
1.0,0.0019887307729181077,0.12210146187794085,0.12011273110502274,8.66
1.0,0.0019913189529664095,0.12223156163233033,0.12024024267936392,8.67
1.0,0.0019939073407440906,0.12236163550362161,0.12036772816287752,8.68
1.0,0.001996495937110459,0.12249168348973963,0.12049518755262917,8.69
1.0,0.001999084742925655,0.12262170558860094,0.1206226208456753,8.700000000000001
1.0,0.002001673759050642,0.12275170179811364,0.120750028039063,8.71
1.0,0.002004262986347206,0.12288167211617741,0.12087740912983021,8.72
1.0,0.0020068524256779447,0.12301161654068357,0.12100476411500563,8.73
1.0,0.002009442077906264,0.1231415350695149,0.12113209299160864,8.74
1.0,0.0020120319438963704,0.12327142770054579,0.12125939575664942,8.75
1.0,0.002014622024513265,0.12340129443164216,0.1213866724071289,8.76
1.0,0.002017212320622737,0.12353113526066142,0.12151392294003868,8.77
1.0,0.0020198028330913596,0.12366095018545255,0.12164114735236119,8.78
1.0,0.0020223935627864814,0.12379073920385603,0.12176834564106954,8.790000000000001
1.0,0.002024984510576221,0.12392050231370377,0.12189551780312755,8.8
1.0,0.002027575677329461,0.12405023951281927,0.1220226638354898,8.81
1.0,0.0020301670639158416,0.12417995079901745,0.1221497837351016,8.82
1.0,0.002032758671205756,0.12430963617010471,0.12227687749889896,8.83
1.0,0.00203535050007034,0.12443929562387893,0.12240394512380859,8.84
1.0,0.002037942551381472,0.12456892915812941,0.12253098660674794,8.85
1.0,0.002040534826011761,0.12469853677063691,0.12265800194462516,8.86
1.0,0.002043127324834544,0.12482811845917367,0.12278499113433913,8.870000000000001
1.0,0.002045720048723877,0.12495767422150322,0.12291195417277935,8.88
1.0,0.0020483129985545334,0.12508720405538065,0.12303889105682612,8.89
1.0,0.002050906175201992,0.12521670795855236,0.12316580178335036,8.9
1.0,0.0020534995795424365,0.12534618592875615,0.12329268634921371,8.91
1.0,0.0020560932124527444,0.12547563796372127,0.12341954475126853,8.92
1.0,0.0020586870748104838,0.12560506406116828,0.1235463769863578,8.93
1.0,0.0020612811674939066,0.12573446421880913,0.12367318305131522,8.94
1.0,0.0020638754913819423,0.12586383843434712,0.12379996294296518,8.950000000000001
1.0,0.0020664700473541904,0.12599318670547688,0.12392671665812269,8.96
1.0,0.002069064836290917,0.12612250902988437,0.12405344419359345,8.97
1.0,0.002071659859073046,0.12625180540524691,0.12418014554617386,8.98
1.0,0.0020742551165821555,0.12638107582923314,0.12430682071265098,8.99
1.0,0.0020768506097004684,0.126510320299503,0.12443346968980253,9.0
1.0,0.0020794463393108485,0.12663953881370762,0.12456009247439678,9.01
1.0,0.0020820423062967953,0.12676873136948963,0.12468668906319283,9.02
1.0,0.0020846385115424336,0.12689789796448273,0.12481325945294029,9.03
1.0,0.002087234955932513,0.12702703859631204,0.12493980364037953,9.040000000000001
1.0,0.002089831640352396,0.12715615326259383,0.12506632162224143,9.05
1.0,0.002092428565688056,0.12728524196093566,0.1251928133952476,9.06
1.0,0.00209502573282607,0.12741430468893633,0.12531927895611025,9.07
1.0,0.0020976231426536114,0.12754334144418591,0.1254457183015323,9.08
1.0,0.0021002207960584447,0.12767235222426562,0.12557213142820717,9.09
1.0,0.0021028186939289198,0.12780133702674792,0.125698518332819,9.1
1.0,0.0021054168371539635,0.12793029584919646,0.1258248790120425,9.11
1.0,0.0021080152247675292,0.12805922868750894,0.1259512134627414,9.120000000000001
1.0,0.0021106138592285354,0.12818813554063246,0.12607752168140393,9.13
1.0,0.0021132127415339447,0.12831701640619925,0.1262038036646653,9.14
1.0,0.002115811872567192,0.12844587128173074,0.12633005940916356,9.15
1.0,0.0021184112532120795,0.12857470016473935,0.12645628891152727,9.16
1.0,0.0021210108843527672,0.12870350305272854,0.12658249216837578,9.17
1.0,0.002123610766873766,0.12883227994319266,0.1267086691763189,9.18
1.0,0.002126210901659931,0.12896103083361704,0.1268348199319571,9.19
1.0,0.0021288112895964505,0.12908975572147802,0.12696094443188158,9.200000000000001
1.0,0.0021314119315688396,0.12921845460424278,0.12708704267267393,9.21
1.0,0.0021340128284629326,0.12934712747936944,0.1272131146509065,9.22
1.0,0.002136613981164875,0.12947577434430707,0.1273391603631422,9.23
1.0,0.0021392153905611137,0.12960439519649564,0.12746517980593453,9.24
1.0,0.0021418170575383914,0.129732990033366,0.12759117297582762,9.25
1.0,0.0021444189829837364,0.12986155885233985,0.12771713986935612,9.26
1.0,0.0021470211677844567,0.12999010165082978,0.12784308048304532,9.27
1.0,0.00214962361282813,0.1301186184262392,0.12796899481341106,9.28
1.0,0.002152226319002597,0.1302471091759625,0.12809488285695989,9.290000000000001
1.0,0.002154829287195953,0.13037557389738466,0.1282207446101887,9.3
1.0,0.0021574325182965384,0.1305040125878817,0.12834658006958516,9.31
1.0,0.0021600360131929348,0.13063242524482033,0.1284723892316274,9.32
1.0,0.0021626397727739517,0.1307608118655581,0.12859817209278415,9.33
1.0,0.0021652437979286228,0.13088917244744339,0.12872392864951476,9.34
1.0,0.002167848089546195,0.13101750698781525,0.12884965889826905,9.35
1.0,0.002170452648516123,0.13114581548400361,0.1289753628354875,9.36
1.0,0.0021730574757280593,0.13127409793332906,0.129101040457601,9.370000000000001
1.0,0.002175662572071845,0.13140235433310296,0.1292266917610311,9.38
1.0,0.002178267938437506,0.13153058468062742,0.12935231674218992,9.39
1.0,0.002180873575715242,0.13165878897319525,0.12947791539748,9.4
1.0,0.0021834794847954177,0.13178696720809,0.12960348772329458,9.41
1.0,0.002186085666568558,0.13191511938258588,0.12972903371601732,9.42
1.0,0.002188692121925337,0.13204324549394778,0.12985455337202245,9.43
1.0,0.0021912988517565706,0.1321713455394313,0.12998004668767474,9.44
1.0,0.00219390585695321,0.13229941951628274,0.13010551365932954,9.450000000000001
1.0,0.002196513138406332,0.1324274674217389,0.13023095428333256,9.46
1.0,0.0021991206970071314,0.13255548925302735,0.13035636855602023,9.47
1.0,0.002201728533646914,0.1326834850073663,0.13048175647371937,9.48
1.0,0.0022043366492170867,0.13281145468196445,0.13060711803274735,9.49
1.0,0.002206945044609151,0.1329393982740213,0.13073245322941215,9.5
1.0,0.0022095537207146953,0.13306731578072672,0.13085776206001204,9.51
1.0,0.002212162678425385,0.13319520719926137,0.13098304452083598,9.52
1.0,0.0022147719186329557,0.13332307252679634,0.1311083006081634,9.53
1.0,0.0022173814422292056,0.1334509117604934,0.13123353031826418,9.540000000000001
1.0,0.0022199912501059856,0.13357872489750472,0.13135873364739872,9.55
1.0,0.002222601343155195,0.1337065119349731,0.1314839105918179,9.56
1.0,0.0022252117222687686,0.1338342728700319,0.13160906114776313,9.57
1.0,0.002227822388338673,0.13396200769980496,0.13173418531146627,9.58
1.0,0.002230433344563056,0.13408971642281514,0.1318592830782521,9.59
1.0,0.0022330445949576235,0.1342173990380752,0.13198435444311757,9.6
1.0,0.0022356561355486616,0.13434505553970852,0.13210939940415986,9.61
1.0,0.0022382679672454976,0.13447268592481154,0.13223441795756605,9.620000000000001
1.0,0.0022408800909576097,0.13460029019047112,0.13235941009951352,9.63
1.0,0.00224349250759462,0.13472786833376474,0.13248437582617012,9.64
1.0,0.0022461052180662833,0.13485542035176043,0.13260931513369414,9.65
1.0,0.0022487182232824757,0.1349829462415167,0.1327342280182342,9.66
1.0,0.0022513315241531866,0.13511044600008257,0.13285911447592938,9.67
1.0,0.0022539451215885086,0.1352379196244976,0.1329839745029091,9.68
1.0,0.002256559016498627,0.13536536711179178,0.13310880809529316,9.69
1.0,0.002259173209793812,0.13549278845898566,0.13323361524919183,9.700000000000001
1.0,0.0022617877023844036,0.1356201836630901,0.13335839596070567,9.71
1.0,0.00226440249518081,0.13574755272110653,0.13348315022592572,9.72
1.0,0.0022670175890934898,0.13587489563002678,0.1336078780409333,9.73
1.0,0.002269632985032947,0.13600221238683308,0.13373257940180014,9.74
1.0,0.00227224868390972,0.13612950298849813,0.13385725430458842,9.75
1.0,0.00227486468663437,0.13625676743198495,0.13398190274535057,9.76
1.0,0.0022774809941174755,0.13638400571424703,0.13410652472012954,9.77
1.0,0.0022800976072696166,0.13651121783222814,0.13423112022495853,9.78
1.0,0.0022827145270013704,0.1366384037828625,0.1343556892558611,9.790000000000001
1.0,0.0022853317542232974,0.13676556356307454,0.13448023180885124,9.8
1.0,0.002287949289845934,0.13689269716977923,0.1346047478799333,9.81
1.0,0.0022905671347797823,0.13701980459988167,0.13472923746510188,9.82
1.0,0.0022931852899353,0.1371468858502774,0.1348537005603421,9.83
1.0,0.002295803756222889,0.1372739409178522,0.13497813716162932,9.84
1.0,0.0022984225345528886,0.13740096979948213,0.13510254726492923,9.85
1.0,0.0023010416258355637,0.13752797249203355,0.135226930866198,9.86
1.0,0.002303661030981096,0.1376549489923631,0.13535128796138202,9.870000000000001
1.0,0.0023062807508995717,0.1377818992973176,0.13547561854641804,9.88
1.0,0.0023089007865009746,0.13790882340373414,0.13559992261723317,9.89
1.0,0.002311521138695176,0.13803572130844008,0.1357242001697449,9.9
1.0,0.002314141808391923,0.1381625930082529,0.13584845119986097,9.91
1.0,0.0023167627965008297,0.13828943849998038,0.13597267570347954,9.92
1.0,0.0023193841039313686,0.13841625778042038,0.136096873676489,9.93
1.0,0.002322005731592858,0.13854305084636104,0.13622104511476818,9.94
1.0,0.0023246276803944557,0.13866981769458062,0.13634519001418616,9.950000000000001
1.0,0.002327249951245144,0.13879655832184748,0.13646930837060234,9.96
1.0,0.0023298725450537263,0.13892327272492014,0.1365934001798664,9.97
1.0,0.0023324954627288123,0.13904996090054733,0.13671746543781851,9.98
1.0,0.002335118705178811,0.13917662284546778,0.13684150414028898,9.99
1.0,0.002337742273311919,0.13930325855641038,0.13696551628309844,10.0
