[{"data_set_value_component_environment_variable_time":0.0,"data_set_value_component_c_variable_c":0.6,"data_set_value_component_c_variable_f":1.0,"data_set_value_component_a_variable_a":0.055,"data_set_value_component_r_variable_r":0.08,"data_set_value_component_o_variable_o":0.055,"data_set_value_component_reaction_constants_variable_ki1":0.1,"data_set_value_component_reaction_constants_variable_ki2":0.1,"data_set_value_component_reaction_constants_variable_kcd":1.0,"data_set_value_component_reaction_constants_variable_kad":10.0,"data_set_value_component_reaction_constants_variable_k":0.001,"data_set_value_component_reaction_constants_variable_kcr":0.05,"data_set_value_component_reaction_constants_variable_krd":0.9},{"data_set_value_component_environment_variable_time":0.1,"data_set_value_component_c_variable_c":0.6656489412,"data_set_value_component_c_variable_f":1.0,"data_set_value_component_a_variable_a":0.0589102333,"data_set_value_component_r_variable_r":0.0797092693,"data_set_value_component_o_variable_o":0.0551707226,"data_set_value_component_reaction_constants_variable_ki1":0.1,"data_set_value_component_reaction_constants_variable_ki2":0.1,"data_set_value_component_reaction_constants_variable_kcd":1.0,"data_set_value_component_reaction_constants_variable_kad":10.0,"data_set_value_component_reaction_constants_variable_k":0.001,"data_set_value_component_reaction_constants_variable_kcr":0.05,"data_set_value_component_reaction_constants_variable_krd":0.9},{"data_set_value_component_environment_variable_time":0.2,"data_set_value_component_c_variable_c":0.7247480253,"data_set_value_component_c_variable_f":1.0,"data_set_value_component_a_variable_a":0.0640838884,"data_set_value_component_r_variable_r":0.0794560508,"data_set_value_component_o_variable_o":0.0557733479,"data_set_value_component_reaction_constants_variable_ki1":0.1,"data_set_value_component_reaction_constants_variable_ki2":0.1,"data_set_value_component_reaction_constants_variable_kcd":1.0,"data_set_value_component_reaction_constants_variable_kad":10.0,"data_set_value_component_reaction_constants_variable_k":0.001,"data_set_value_component_reaction_constants_variable_kcr":0.05,"data_set_value_component_reaction_constants_variable_krd":0.9},{"data_set_value_component_environment_variable_time":0.3,"data_set_value_component_c_variable_c":0.7775720556,"data_set_value_component_c_variable_f":1.0,"data_set_value_component_a_variable_a":0.0693175786,"data_set_value_component_r_variable_r":0.0792684262,"data_set_value_component_o_variable_o":0.0568192819,"data_set_value_component_reaction_constants_variable_ki1":0.1,"data_set_value_component_reaction_constants_variable_ki2":0.1,"data_set_value_component_reaction_constants_variable_kcd":1.0,"data_set_value_component_reaction_constants_variable_kad":10.0,"data_set_value_component_reaction_constants_variable_k":0.001,"data_set_value_component_reaction_constants_variable_kcr":0.05,"data_set_value_component_reaction_constants_variable_krd":0.9},{"data_set_value_component_environment_variable_time":0.4,"data_set_value_component_c_variable_c":0.8244056188,"data_set_value_component_c_variable_f":1.0,"data_set_value_component_a_variable_a":0.07418338,"data_set_value_component_r_variable_r":0.0791721291,"data_set_value_component_o_variable_o":0.0582477586,"data_set_value_component_reaction_constants_variable_ki1":0.1,"data_set_value_component_reaction_constants_variable_ki2":0.1,"data_set_value_component_reaction_constants_variable_kcd":1.0,"data_set_value_component_reaction_constants_variable_kad":10.0,"data_set_value_component_reaction_constants_variable_k":0.001,"data_set_value_component_reaction_constants_variable_kcr":0.05,"data_set_value_component_reaction_constants_variable_krd":0.9},{"data_set_value_component_environment_variable_time":0.5,"data_set_value_component_c_variable_c":0.8655757682,"data_set_value_component_c_variable_f":1.0,"data_set_value_component_a_variable_a":0.0785420394,"data_set_value_component_r_variable_r":0.0791887234,"data_set_value_component_o_variable_o":0.0599793147,"data_set_value_component_reaction_constants_variable_ki1":0.1,"data_set_value_component_reaction_constants_variable_ki2":0.1,"data_set_value_component_reaction_constants_variable_kcd":1.0,"data_set_value_component_reaction_constants_variable_kad":10.0,"data_set_value_component_reaction_constants_variable_k":0.001,"data_set_value_component_reaction_constants_variable_kcr":0.05,"data_set_value_component_reaction_constants_variable_krd":0.9},{"data_set_value_component_environment_variable_time":0.6,"data_set_value_component_c_variable_c":0.901452071,"data_set_value_component_c_variable_f":1.0,"data_set_value_component_a_variable_a":0.082364978,"data_set_value_component_r_variable_r":0.0793357746,"data_set_value_component_o_variable_o":0.0619349593,"data_set_value_component_reaction_constants_variable_ki1":0.1,"data_set_value_component_reaction_constants_variable_ki2":0.1,"data_set_value_component_reaction_constants_variable_kcd":1.0,"data_set_value_component_reaction_constants_variable_kad":10.0,"data_set_value_component_reaction_constants_variable_k":0.001,"data_set_value_component_reaction_constants_variable_kcr":0.05,"data_set_value_component_reaction_constants_variable_krd":0.9},{"data_set_value_component_environment_variable_time":0.7,"data_set_value_component_c_variable_c":0.9324355609,"data_set_value_component_c_variable_f":1.0,"data_set_value_component_a_variable_a":0.0856673167,"data_set_value_component_r_variable_r":0.0796275273,"data_set_value_component_o_variable_o":0.0640428914,"data_set_value_component_reaction_constants_variable_ki1":0.1,"data_set_value_component_reaction_constants_variable_ki2":0.1,"data_set_value_component_reaction_constants_variable_kcd":1.0,"data_set_value_component_reaction_constants_variable_kad":10.0,"data_set_value_component_reaction_constants_variable_k":0.001,"data_set_value_component_reaction_constants_variable_kcr":0.05,"data_set_value_component_reaction_constants_variable_krd":0.9},{"data_set_value_component_environment_variable_time":0.8,"data_set_value_component_c_variable_c":0.9589446691,"data_set_value_component_c_variable_f":1.0,"data_set_value_component_a_variable_a":0.0884813515,"data_set_value_component_r_variable_r":0.0800756614,"data_set_value_component_o_variable_o":0.0662405748,"data_set_value_component_reaction_constants_variable_ki1":0.1,"data_set_value_component_reaction_constants_variable_ki2":0.1,"data_set_value_component_reaction_constants_variable_kcd":1.0,"data_set_value_component_reaction_constants_variable_kad":10.0,"data_set_value_component_reaction_constants_variable_k":0.001,"data_set_value_component_reaction_constants_variable_kcr":0.05,"data_set_value_component_reaction_constants_variable_krd":0.9},{"data_set_value_component_environment_variable_time":0.9,"data_set_value_component_c_variable_c":0.9814023747,"data_set_value_component_c_variable_f":1.0,"data_set_value_component_a_variable_a":0.0908467291,"data_set_value_component_r_variable_r":0.0806899602,"data_set_value_component_o_variable_o":0.0684748779,"data_set_value_component_reaction_constants_variable_ki1":0.1,"data_set_value_component_reaction_constants_variable_ki2":0.1,"data_set_value_component_reaction_constants_variable_kcd":1.0,"data_set_value_component_reaction_constants_variable_kad":10.0,"data_set_value_component_reaction_constants_variable_k":0.001,"data_set_value_component_reaction_constants_variable_kcr":0.05,"data_set_value_component_reaction_constants_variable_krd":0.9},{"data_set_value_component_environment_variable_time":1.0,"data_set_value_component_c_variable_c":1.0002240599,"data_set_value_component_c_variable_f":0.0,"data_set_value_component_a_variable_a":0.0928052902,"data_set_value_component_r_variable_r":0.0814789002,"data_set_value_component_o_variable_o":0.0707016383,"data_set_value_component_reaction_constants_variable_ki1":0.1,"data_set_value_component_reaction_constants_variable_ki2":0.1,"data_set_value_component_reaction_constants_variable_kcd":1.0,"data_set_value_component_reaction_constants_variable_kad":10.0,"data_set_value_component_reaction_constants_variable_k":0.001,"data_set_value_component_reaction_constants_variable_kcr":0.05,"data_set_value_component_reaction_constants_variable_krd":0.9}]