[{"data_set_value_component_environment_variable_time":0.0,"data_set_value_component_A_variable_A":1.0,"data_set_value_component_A_variable_v_tilday":0.0025,"data_set_value_component_A_variable_f":0.0001,"data_set_value_component_A_variable_sigma1":0.000003,"data_set_value_component_A_variable_b1":0.25,"data_set_value_component_A_variable_muA":0.25,"data_set_value_component_R_variable_R":0.0,"data_set_value_component_R_variable_pi1":0.016,"data_set_value_component_R_variable_beta":200.0,"data_set_value_component_R_variable_muR":0.25,"data_set_value_component_E_variable_E":0.0,"data_set_value_component_E_variable_lambdaE":1000.0,"data_set_value_component_E_variable_muE":0.25,"data_set_value_component_G_variable_G":100000000.0,"data_set_value_component_G_variable_gamma":2000.0,"data_set_value_component_G_variable_muG":5.0},{"data_set_value_component_environment_variable_time":0.1,"data_set_value_component_A_variable_A":2.8661023321,"data_set_value_component_A_variable_v_tilday":0.0025,"data_set_value_component_A_variable_f":0.0001,"data_set_value_component_A_variable_sigma1":0.000003,"data_set_value_component_A_variable_b1":0.25,"data_set_value_component_A_variable_muA":0.25,"data_set_value_component_R_variable_R":40.3460004099,"data_set_value_component_R_variable_pi1":0.016,"data_set_value_component_R_variable_beta":200.0,"data_set_value_component_R_variable_muR":0.25,"data_set_value_component_E_variable_E":200.1175049956,"data_set_value_component_E_variable_lambdaE":1000.0,"data_set_value_component_E_variable_muE":0.25,"data_set_value_component_G_variable_G":60652610.9480216876,"data_set_value_component_G_variable_gamma":2000.0,"data_set_value_component_G_variable_muG":5.0},{"data_set_value_component_environment_variable_time":0.2,"data_set_value_component_A_variable_A":3.888250241,"data_set_value_component_A_variable_v_tilday":0.0025,"data_set_value_component_A_variable_f":0.0001,"data_set_value_component_A_variable_sigma1":0.000003,"data_set_value_component_A_variable_b1":0.25,"data_set_value_component_A_variable_muA":0.25,"data_set_value_component_R_variable_R":109.1557555915,"data_set_value_component_R_variable_pi1":0.016,"data_set_value_component_R_variable_beta":200.0,"data_set_value_component_R_variable_muR":0.25,"data_set_value_component_E_variable_E":534.2156331266,"data_set_value_component_E_variable_lambdaE":1000.0,"data_set_value_component_E_variable_muE":0.25,"data_set_value_component_G_variable_G":36837226.5403786823,"data_set_value_component_G_variable_gamma":2000.0,"data_set_value_component_G_variable_muG":5.0},{"data_set_value_component_environment_variable_time":0.3,"data_set_value_component_A_variable_A":4.4051833082,"data_set_value_component_A_variable_v_tilday":0.0025,"data_set_value_component_A_variable_f":0.0001,"data_set_value_component_A_variable_sigma1":0.000003,"data_set_value_component_A_variable_b1":0.25,"data_set_value_component_A_variable_muA":0.25,"data_set_value_component_R_variable_R":193.8776939928,"data_set_value_component_R_variable_pi1":0.016,"data_set_value_component_R_variable_beta":200.0,"data_set_value_component_R_variable_muR":0.25,"data_set_value_component_E_variable_E":933.8219517763,"data_set_value_component_E_variable_lambdaE":1000.0,"data_set_value_component_E_variable_muE":0.25,"data_set_value_component_G_variable_G":22454916.045946911,"data_set_value_component_G_variable_gamma":2000.0,"data_set_value_component_G_variable_muG":5.0},{"data_set_value_component_environment_variable_time":0.4,"data_set_value_component_A_variable_A":4.6222439612,"data_set_value_component_A_variable_v_tilday":0.0025,"data_set_value_component_A_variable_f":0.0001,"data_set_value_component_A_variable_sigma1":0.000003,"data_set_value_component_A_variable_b1":0.25,"data_set_value_component_A_variable_muA":0.25,"data_set_value_component_R_variable_R":286.849050294,"data_set_value_component_R_variable_pi1":0.016,"data_set_value_component_R_variable_beta":200.0,"data_set_value_component_R_variable_muR":0.25,"data_set_value_component_E_variable_E":1358.4490864969,"data_set_value_component_E_variable_lambdaE":1000.0,"data_set_value_component_E_variable_muE":0.25,"data_set_value_component_G_variable_G":13799195.58813571,"data_set_value_component_G_variable_gamma":2000.0,"data_set_value_component_G_variable_muG":5.0},{"data_set_value_component_environment_variable_time":0.5,"data_set_value_component_A_variable_A":4.6637371227,"data_set_value_component_A_variable_v_tilday":0.0025,"data_set_value_component_A_variable_f":0.0001,"data_set_value_component_A_variable_sigma1":0.000003,"data_set_value_component_A_variable_b1":0.25,"data_set_value_component_A_variable_muA":0.25,"data_set_value_component_R_variable_R":383.2626746765,"data_set_value_component_R_variable_pi1":0.016,"data_set_value_component_R_variable_beta":200.0,"data_set_value_component_R_variable_muR":0.25,"data_set_value_component_E_variable_E":1784.5397813919,"data_set_value_component_E_variable_lambdaE":1000.0,"data_set_value_component_E_variable_muE":0.25,"data_set_value_component_G_variable_G":8617722.5002363641,"data_set_value_component_G_variable_gamma":2000.0,"data_set_value_component_G_variable_muG":5.0},{"data_set_value_component_environment_variable_time":0.6,"data_set_value_component_A_variable_A":4.6047487758,"data_set_value_component_A_variable_v_tilday":0.0025,"data_set_value_component_A_variable_f":0.0001,"data_set_value_component_A_variable_sigma1":0.000003,"data_set_value_component_A_variable_b1":0.25,"data_set_value_component_A_variable_muA":0.25,"data_set_value_component_R_variable_R":480.0711851589,"data_set_value_component_R_variable_pi1":0.016,"data_set_value_component_R_variable_beta":200.0,"data_set_value_component_R_variable_muR":0.25,"data_set_value_component_E_variable_E":2198.7530617455,"data_set_value_component_E_variable_lambdaE":1000.0,"data_set_value_component_E_variable_muE":0.25,"data_set_value_component_G_variable_G":5541952.545290486,"data_set_value_component_G_variable_gamma":2000.0,"data_set_value_component_G_variable_muG":5.0},{"data_set_value_component_environment_variable_time":0.7,"data_set_value_component_A_variable_A":4.4904811568,"data_set_value_component_A_variable_v_tilday":0.0025,"data_set_value_component_A_variable_f":0.0001,"data_set_value_component_A_variable_sigma1":0.000003,"data_set_value_component_A_variable_b1":0.25,"data_set_value_component_A_variable_muA":0.25,"data_set_value_component_R_variable_R":575.3469525078,"data_set_value_component_R_variable_pi1":0.016,"data_set_value_component_R_variable_beta":200.0,"data_set_value_component_R_variable_muR":0.25,"data_set_value_component_E_variable_E":2593.8888017005,"data_set_value_component_E_variable_lambdaE":1000.0,"data_set_value_component_E_variable_muE":0.25,"data_set_value_component_G_variable_G":3740493.6698672208,"data_set_value_component_G_variable_gamma":2000.0,"data_set_value_component_G_variable_muG":5.0},{"data_set_value_component_environment_variable_time":0.8,"data_set_value_component_A_variable_A":4.3480025866,"data_set_value_component_A_variable_v_tilday":0.0025,"data_set_value_component_A_variable_f":0.0001,"data_set_value_component_A_variable_sigma1":0.000003,"data_set_value_component_A_variable_b1":0.25,"data_set_value_component_A_variable_muA":0.25,"data_set_value_component_R_variable_R":667.8874066331,"data_set_value_component_R_variable_pi1":0.016,"data_set_value_component_R_variable_beta":200.0,"data_set_value_component_R_variable_muR":0.25,"data_set_value_component_E_variable_E":2966.4153600537,"data_set_value_component_E_variable_lambdaE":1000.0,"data_set_value_component_E_variable_muE":0.25,"data_set_value_component_G_variable_G":2708411.0967204305,"data_set_value_component_G_variable_gamma":2000.0,"data_set_value_component_G_variable_muG":5.0},{"data_set_value_component_environment_variable_time":0.9,"data_set_value_component_A_variable_A":4.1933871929,"data_set_value_component_A_variable_v_tilday":0.0025,"data_set_value_component_A_variable_f":0.0001,"data_set_value_component_A_variable_sigma1":0.000003,"data_set_value_component_A_variable_b1":0.25,"data_set_value_component_A_variable_muA":0.25,"data_set_value_component_R_variable_R":756.9637631897,"data_set_value_component_R_variable_pi1":0.016,"data_set_value_component_R_variable_beta":200.0,"data_set_value_component_R_variable_muR":0.25,"data_set_value_component_E_variable_E":3314.9712757883,"data_set_value_component_E_variable_lambdaE":1000.0,"data_set_value_component_E_variable_muE":0.25,"data_set_value_component_G_variable_G":2139167.082451357,"data_set_value_component_G_variable_gamma":2000.0,"data_set_value_component_G_variable_muG":5.0},{"data_set_value_component_environment_variable_time":1.0,"data_set_value_component_A_variable_A":4.036052777,"data_set_value_component_A_variable_v_tilday":0.0025,"data_set_value_component_A_variable_f":0.0001,"data_set_value_component_A_variable_sigma1":0.000003,"data_set_value_component_A_variable_b1":0.25,"data_set_value_component_A_variable_muA":0.25,"data_set_value_component_R_variable_R":842.158317675,"data_set_value_component_R_variable_pi1":0.016,"data_set_value_component_R_variable_beta":200.0,"data_set_value_component_R_variable_muR":0.25,"data_set_value_component_E_variable_E":3639.4587070813,"data_set_value_component_E_variable_lambdaE":1000.0,"data_set_value_component_E_variable_muE":0.25,"data_set_value_component_G_variable_G":1846785.9183043761,"data_set_value_component_G_variable_gamma":2000.0,"data_set_value_component_G_variable_muG":5.0}]