[{"data_gen_FeRBC":0.0,"data_gen_time":0.0},{"data_gen_FeRBC":-2.572849174e-29,"data_gen_time":17.0},{"data_gen_FeRBC":-2.757482734e-29,"data_gen_time":34.0},{"data_gen_FeRBC":0.000004104,"data_gen_time":51.0},{"data_gen_FeRBC":0.0000040801,"data_gen_time":68.0},{"data_gen_FeRBC":0.0000039504,"data_gen_time":85.0},{"data_gen_FeRBC":0.0000037798,"data_gen_time":102.0},{"data_gen_FeRBC":0.0000035973,"data_gen_time":119.0},{"data_gen_FeRBC":0.0000034153,"data_gen_time":136.0},{"data_gen_FeRBC":0.0000032394,"data_gen_time":153.0},{"data_gen_FeRBC":0.0000030706,"data_gen_time":170.0},{"data_gen_FeRBC":0.0000029096,"data_gen_time":187.0},{"data_gen_FeRBC":0.000002756,"data_gen_time":204.0},{"data_gen_FeRBC":0.0000026092,"data_gen_time":221.0},{"data_gen_FeRBC":0.00000247,"data_gen_time":238.0},{"data_gen_FeRBC":0.0000023382,"data_gen_time":255.0},{"data_gen_FeRBC":0.0000022139,"data_gen_time":272.0},{"data_gen_FeRBC":0.0000020963,"data_gen_time":289.0},{"data_gen_FeRBC":0.0000019852,"data_gen_time":306.0},{"data_gen_FeRBC":0.00000188,"data_gen_time":323.0},{"data_gen_FeRBC":0.0000017804,"data_gen_time":340.0},{"data_gen_FeRBC":0.0000016862,"data_gen_time":357.0},{"data_gen_FeRBC":0.000001597,"data_gen_time":374.0},{"data_gen_FeRBC":0.0000015126,"data_gen_time":391.0},{"data_gen_FeRBC":0.0000014326,"data_gen_time":408.0},{"data_gen_FeRBC":0.0000013568,"data_gen_time":425.0},{"data_gen_FeRBC":0.0000012851,"data_gen_time":442.0},{"data_gen_FeRBC":0.0000012172,"data_gen_time":459.0},{"data_gen_FeRBC":0.0000011528,"data_gen_time":476.0},{"data_gen_FeRBC":0.0000010918,"data_gen_time":493.0},{"data_gen_FeRBC":0.0000010341,"data_gen_time":510.0},{"data_gen_FeRBC":0.0000009794,"data_gen_time":527.0},{"data_gen_FeRBC":0.0000009276,"data_gen_time":544.0},{"data_gen_FeRBC":0.0000008786,"data_gen_time":561.0},{"data_gen_FeRBC":0.0000008322,"data_gen_time":578.0},{"data_gen_FeRBC":0.0000007882,"data_gen_time":595.0},{"data_gen_FeRBC":0.0000007466,"data_gen_time":612.0},{"data_gen_FeRBC":0.0000007071,"data_gen_time":629.0},{"data_gen_FeRBC":0.0000006697,"data_gen_time":646.0},{"data_gen_FeRBC":0.0000006343,"data_gen_time":663.0},{"data_gen_FeRBC":0.0000006008,"data_gen_time":680.0},{"data_gen_FeRBC":0.0000005691,"data_gen_time":697.0},{"data_gen_FeRBC":0.0000005389,"data_gen_time":714.0},{"data_gen_FeRBC":0.0000005104,"data_gen_time":731.0},{"data_gen_FeRBC":0.0000004834,"data_gen_time":748.0},{"data_gen_FeRBC":0.0000004578,"data_gen_time":765.0},{"data_gen_FeRBC":0.0000004335,"data_gen_time":782.0},{"data_gen_FeRBC":0.0000004105,"data_gen_time":799.0},{"data_gen_FeRBC":0.0000003887,"data_gen_time":816.0},{"data_gen_FeRBC":0.0000003681,"data_gen_time":833.0},{"data_gen_FeRBC":0.0000003485,"data_gen_time":850.0},{"data_gen_FeRBC":0.00000033,"data_gen_time":867.0},{"data_gen_FeRBC":0.0000003124,"data_gen_time":884.0},{"data_gen_FeRBC":0.0000002958,"data_gen_time":901.0},{"data_gen_FeRBC":0.0000002801,"data_gen_time":918.0},{"data_gen_FeRBC":0.0000002652,"data_gen_time":935.0},{"data_gen_FeRBC":0.0000002511,"data_gen_time":952.0},{"data_gen_FeRBC":0.0000002377,"data_gen_time":969.0},{"data_gen_FeRBC":0.0000002251,"data_gen_time":986.0},{"data_gen_FeRBC":0.0000002131,"data_gen_time":1003.0},{"data_gen_FeRBC":0.0000002018,"data_gen_time":1020.0},{"data_gen_FeRBC":0.000000191,"data_gen_time":1037.0},{"data_gen_FeRBC":0.0000001808,"data_gen_time":1054.0},{"data_gen_FeRBC":0.0000001712,"data_gen_time":1071.0},{"data_gen_FeRBC":0.000000162,"data_gen_time":1088.0},{"data_gen_FeRBC":0.0000001534,"data_gen_time":1105.0},{"data_gen_FeRBC":0.0000001452,"data_gen_time":1122.0},{"data_gen_FeRBC":0.0000001375,"data_gen_time":1139.0},{"data_gen_FeRBC":0.0000001302,"data_gen_time":1156.0},{"data_gen_FeRBC":0.0000001232,"data_gen_time":1173.0},{"data_gen_FeRBC":0.0000001166,"data_gen_time":1190.0},{"data_gen_FeRBC":0.0000001103,"data_gen_time":1207.0},{"data_gen_FeRBC":0.0000001044,"data_gen_time":1224.0},{"data_gen_FeRBC":0.0000000988,"data_gen_time":1241.0},{"data_gen_FeRBC":0.0000000936,"data_gen_time":1258.0},{"data_gen_FeRBC":0.0000000886,"data_gen_time":1275.0},{"data_gen_FeRBC":0.0000000838,"data_gen_time":1292.0},{"data_gen_FeRBC":0.0000000793,"data_gen_time":1309.0},{"data_gen_FeRBC":0.0000000751,"data_gen_time":1326.0},{"data_gen_FeRBC":0.0000000711,"data_gen_time":1343.0},{"data_gen_FeRBC":0.0000000672,"data_gen_time":1360.0},{"data_gen_FeRBC":0.0000000636,"data_gen_time":1377.0},{"data_gen_FeRBC":0.0000000603,"data_gen_time":1394.0},{"data_gen_FeRBC":0.0000000571,"data_gen_time":1411.0},{"data_gen_FeRBC":0.000000054,"data_gen_time":1428.0},{"data_gen_FeRBC":0.0000000511,"data_gen_time":1445.0},{"data_gen_FeRBC":0.0000000484,"data_gen_time":1462.0},{"data_gen_FeRBC":0.0000000459,"data_gen_time":1479.0},{"data_gen_FeRBC":0.0000000435,"data_gen_time":1496.0},{"data_gen_FeRBC":0.0000000412,"data_gen_time":1513.0},{"data_gen_FeRBC":0.000000039,"data_gen_time":1530.0},{"data_gen_FeRBC":0.0000000369,"data_gen_time":1547.0},{"data_gen_FeRBC":0.000000035,"data_gen_time":1564.0},{"data_gen_FeRBC":0.0000000332,"data_gen_time":1581.0},{"data_gen_FeRBC":0.0000000315,"data_gen_time":1598.0},{"data_gen_FeRBC":0.0000000299,"data_gen_time":1615.0},{"data_gen_FeRBC":0.0000000284,"data_gen_time":1632.0},{"data_gen_FeRBC":0.000000027,"data_gen_time":1649.0},{"data_gen_FeRBC":0.0000000257,"data_gen_time":1666.0},{"data_gen_FeRBC":0.0000000245,"data_gen_time":1683.0},{"data_gen_FeRBC":0.0000000233,"data_gen_time":1700.0},{"data_gen_FeRBC":0.0000000222,"data_gen_time":1717.0},{"data_gen_FeRBC":0.0000000211,"data_gen_time":1734.0},{"data_gen_FeRBC":0.00000002,"data_gen_time":1751.0},{"data_gen_FeRBC":0.000000019,"data_gen_time":1768.0},{"data_gen_FeRBC":0.0000000181,"data_gen_time":1785.0},{"data_gen_FeRBC":0.0000000173,"data_gen_time":1802.0},{"data_gen_FeRBC":0.0000000166,"data_gen_time":1819.0},{"data_gen_FeRBC":0.0000000159,"data_gen_time":1836.0},{"data_gen_FeRBC":0.0000000153,"data_gen_time":1853.0},{"data_gen_FeRBC":0.0000000147,"data_gen_time":1870.0},{"data_gen_FeRBC":0.0000000141,"data_gen_time":1887.0},{"data_gen_FeRBC":0.0000000136,"data_gen_time":1904.0},{"data_gen_FeRBC":0.000000013,"data_gen_time":1921.0},{"data_gen_FeRBC":0.0000000125,"data_gen_time":1938.0},{"data_gen_FeRBC":0.000000012,"data_gen_time":1955.0},{"data_gen_FeRBC":0.0000000114,"data_gen_time":1972.0},{"data_gen_FeRBC":0.0000000109,"data_gen_time":1989.0},{"data_gen_FeRBC":0.0000000105,"data_gen_time":2006.0},{"data_gen_FeRBC":0.0000000101,"data_gen_time":2023.0},{"data_gen_FeRBC":0.0000000098,"data_gen_time":2040.0},{"data_gen_FeRBC":0.0000000094,"data_gen_time":2057.0},{"data_gen_FeRBC":0.0000000091,"data_gen_time":2074.0},{"data_gen_FeRBC":0.0000000088,"data_gen_time":2091.0},{"data_gen_FeRBC":0.0000000085,"data_gen_time":2108.0},{"data_gen_FeRBC":0.0000000082,"data_gen_time":2125.0},{"data_gen_FeRBC":0.0000000079,"data_gen_time":2142.0},{"data_gen_FeRBC":0.0000000076,"data_gen_time":2159.0},{"data_gen_FeRBC":0.0000000073,"data_gen_time":2176.0},{"data_gen_FeRBC":0.000000007,"data_gen_time":2193.0},{"data_gen_FeRBC":0.0000000066,"data_gen_time":2210.0},{"data_gen_FeRBC":0.0000000064,"data_gen_time":2227.0},{"data_gen_FeRBC":0.0000000061,"data_gen_time":2244.0},{"data_gen_FeRBC":0.0000000059,"data_gen_time":2261.0},{"data_gen_FeRBC":0.0000000056,"data_gen_time":2278.0},{"data_gen_FeRBC":0.0000000054,"data_gen_time":2295.0},{"data_gen_FeRBC":0.0000000052,"data_gen_time":2312.0},{"data_gen_FeRBC":0.0000000049,"data_gen_time":2329.0},{"data_gen_FeRBC":0.0000000047,"data_gen_time":2346.0},{"data_gen_FeRBC":0.0000000045,"data_gen_time":2363.0},{"data_gen_FeRBC":0.0000000043,"data_gen_time":2380.0},{"data_gen_FeRBC":0.0000000041,"data_gen_time":2397.0},{"data_gen_FeRBC":0.0000000039,"data_gen_time":2414.0},{"data_gen_FeRBC":0.0000000037,"data_gen_time":2431.0},{"data_gen_FeRBC":0.0000000035,"data_gen_time":2448.0},{"data_gen_FeRBC":0.0000000033,"data_gen_time":2465.0},{"data_gen_FeRBC":0.0000000031,"data_gen_time":2482.0},{"data_gen_FeRBC":0.0000000029,"data_gen_time":2499.0},{"data_gen_FeRBC":0.0000000027,"data_gen_time":2516.0},{"data_gen_FeRBC":0.0000000026,"data_gen_time":2533.0},{"data_gen_FeRBC":0.0000000024,"data_gen_time":2550.0},{"data_gen_FeRBC":0.0000000023,"data_gen_time":2567.0},{"data_gen_FeRBC":0.0000000021,"data_gen_time":2584.0},{"data_gen_FeRBC":0.000000002,"data_gen_time":2601.0},{"data_gen_FeRBC":0.0000000019,"data_gen_time":2618.0},{"data_gen_FeRBC":0.0000000018,"data_gen_time":2635.0},{"data_gen_FeRBC":0.0000000017,"data_gen_time":2652.0},{"data_gen_FeRBC":0.0000000016,"data_gen_time":2669.0},{"data_gen_FeRBC":0.0000000015,"data_gen_time":2686.0},{"data_gen_FeRBC":0.0000000014,"data_gen_time":2703.0},{"data_gen_FeRBC":0.0000000013,"data_gen_time":2720.0},{"data_gen_FeRBC":0.0000000012,"data_gen_time":2737.0},{"data_gen_FeRBC":0.0000000011,"data_gen_time":2754.0},{"data_gen_FeRBC":0.000000001,"data_gen_time":2771.0},{"data_gen_FeRBC":0.000000001,"data_gen_time":2788.0},{"data_gen_FeRBC":0.0000000009,"data_gen_time":2805.0},{"data_gen_FeRBC":0.0000000008,"data_gen_time":2822.0},{"data_gen_FeRBC":0.0000000008,"data_gen_time":2839.0},{"data_gen_FeRBC":0.0000000007,"data_gen_time":2856.0},{"data_gen_FeRBC":0.0000000007,"data_gen_time":2873.0},{"data_gen_FeRBC":0.0000000006,"data_gen_time":2890.0},{"data_gen_FeRBC":0.0000000006,"data_gen_time":2907.0},{"data_gen_FeRBC":0.0000000005,"data_gen_time":2924.0},{"data_gen_FeRBC":0.0000000005,"data_gen_time":2941.0},{"data_gen_FeRBC":0.0000000005,"data_gen_time":2958.0},{"data_gen_FeRBC":0.0000000005,"data_gen_time":2975.0},{"data_gen_FeRBC":0.0000000004,"data_gen_time":2992.0},{"data_gen_FeRBC":0.0000000004,"data_gen_time":3009.0},{"data_gen_FeRBC":0.0000000004,"data_gen_time":3026.0},{"data_gen_FeRBC":0.0000000004,"data_gen_time":3043.0},{"data_gen_FeRBC":0.0000000004,"data_gen_time":3060.0},{"data_gen_FeRBC":0.0000000004,"data_gen_time":3077.0},{"data_gen_FeRBC":0.0000000004,"data_gen_time":3094.0},{"data_gen_FeRBC":0.0000000004,"data_gen_time":3111.0},{"data_gen_FeRBC":0.0000000004,"data_gen_time":3128.0},{"data_gen_FeRBC":0.0000000004,"data_gen_time":3145.0},{"data_gen_FeRBC":0.0000000004,"data_gen_time":3162.0},{"data_gen_FeRBC":0.0000000005,"data_gen_time":3179.0},{"data_gen_FeRBC":0.0000000005,"data_gen_time":3196.0},{"data_gen_FeRBC":0.0000000005,"data_gen_time":3213.0},{"data_gen_FeRBC":0.0000000005,"data_gen_time":3230.0},{"data_gen_FeRBC":0.0000000005,"data_gen_time":3247.0},{"data_gen_FeRBC":0.0000000006,"data_gen_time":3264.0},{"data_gen_FeRBC":0.0000000006,"data_gen_time":3281.0},{"data_gen_FeRBC":0.0000000006,"data_gen_time":3298.0},{"data_gen_FeRBC":0.0000000006,"data_gen_time":3315.0},{"data_gen_FeRBC":0.0000000006,"data_gen_time":3332.0},{"data_gen_FeRBC":0.0000000006,"data_gen_time":3349.0},{"data_gen_FeRBC":0.0000000006,"data_gen_time":3366.0},{"data_gen_FeRBC":0.0000000006,"data_gen_time":3383.0},{"data_gen_FeRBC":0.0000000006,"data_gen_time":3400.0},{"data_gen_FeRBC":0.0000000005,"data_gen_time":3417.0},{"data_gen_FeRBC":0.0000000006,"data_gen_time":3434.0},{"data_gen_FeRBC":0.0000000006,"data_gen_time":3451.0},{"data_gen_FeRBC":0.0000000006,"data_gen_time":3468.0},{"data_gen_FeRBC":0.0000000006,"data_gen_time":3485.0},{"data_gen_FeRBC":0.0000000006,"data_gen_time":3502.0},{"data_gen_FeRBC":0.0000000007,"data_gen_time":3519.0},{"data_gen_FeRBC":0.0000000007,"data_gen_time":3536.0},{"data_gen_FeRBC":0.0000000007,"data_gen_time":3553.0},{"data_gen_FeRBC":0.0000000007,"data_gen_time":3570.0},{"data_gen_FeRBC":0.0000000007,"data_gen_time":3587.0},{"data_gen_FeRBC":0.0000000007,"data_gen_time":3604.0},{"data_gen_FeRBC":0.0000000007,"data_gen_time":3621.0},{"data_gen_FeRBC":0.0000000007,"data_gen_time":3638.0},{"data_gen_FeRBC":0.0000000007,"data_gen_time":3655.0},{"data_gen_FeRBC":0.0000000007,"data_gen_time":3672.0},{"data_gen_FeRBC":0.0000000007,"data_gen_time":3689.0},{"data_gen_FeRBC":0.0000000007,"data_gen_time":3706.0},{"data_gen_FeRBC":0.0000000007,"data_gen_time":3723.0},{"data_gen_FeRBC":0.0000000007,"data_gen_time":3740.0},{"data_gen_FeRBC":0.0000000007,"data_gen_time":3757.0},{"data_gen_FeRBC":0.0000000007,"data_gen_time":3774.0},{"data_gen_FeRBC":0.0000000006,"data_gen_time":3791.0},{"data_gen_FeRBC":0.0000000006,"data_gen_time":3808.0},{"data_gen_FeRBC":0.0000000006,"data_gen_time":3825.0},{"data_gen_FeRBC":0.0000000006,"data_gen_time":3842.0},{"data_gen_FeRBC":0.0000000006,"data_gen_time":3859.0},{"data_gen_FeRBC":0.0000000006,"data_gen_time":3876.0},{"data_gen_FeRBC":0.0000000005,"data_gen_time":3893.0},{"data_gen_FeRBC":0.0000000005,"data_gen_time":3910.0},{"data_gen_FeRBC":0.0000000005,"data_gen_time":3927.0},{"data_gen_FeRBC":0.0000000005,"data_gen_time":3944.0},{"data_gen_FeRBC":0.0000000005,"data_gen_time":3961.0},{"data_gen_FeRBC":0.0000000004,"data_gen_time":3978.0},{"data_gen_FeRBC":0.0000000004,"data_gen_time":3995.0},{"data_gen_FeRBC":0.0000000004,"data_gen_time":4012.0},{"data_gen_FeRBC":0.0000000004,"data_gen_time":4029.0},{"data_gen_FeRBC":0.0000000003,"data_gen_time":4046.0},{"data_gen_FeRBC":0.0000000003,"data_gen_time":4063.0},{"data_gen_FeRBC":0.0000000003,"data_gen_time":4080.0},{"data_gen_FeRBC":0.0000000003,"data_gen_time":4097.0},{"data_gen_FeRBC":0.0000000003,"data_gen_time":4114.0},{"data_gen_FeRBC":0.0000000002,"data_gen_time":4131.0},{"data_gen_FeRBC":0.0000000002,"data_gen_time":4148.0},{"data_gen_FeRBC":0.0000000002,"data_gen_time":4165.0},{"data_gen_FeRBC":0.0000000002,"data_gen_time":4182.0},{"data_gen_FeRBC":0.0000000002,"data_gen_time":4199.0},{"data_gen_FeRBC":0.0000000001,"data_gen_time":4216.0},{"data_gen_FeRBC":0.0000000001,"data_gen_time":4233.0},{"data_gen_FeRBC":0.0000000001,"data_gen_time":4250.0},{"data_gen_FeRBC":0.0000000001,"data_gen_time":4267.0},{"data_gen_FeRBC":0.0000000001,"data_gen_time":4284.0},{"data_gen_FeRBC":0.0,"data_gen_time":4301.0},{"data_gen_FeRBC":0.0,"data_gen_time":4318.0},{"data_gen_FeRBC":-0.0,"data_gen_time":4335.0},{"data_gen_FeRBC":-0.0,"data_gen_time":4352.0},{"data_gen_FeRBC":-0.0,"data_gen_time":4369.0},{"data_gen_FeRBC":-0.0000000001,"data_gen_time":4386.0},{"data_gen_FeRBC":-0.0000000001,"data_gen_time":4403.0},{"data_gen_FeRBC":-0.0000000001,"data_gen_time":4420.0},{"data_gen_FeRBC":-0.0000000001,"data_gen_time":4437.0},{"data_gen_FeRBC":-0.0000000001,"data_gen_time":4454.0},{"data_gen_FeRBC":-0.0000000001,"data_gen_time":4471.0},{"data_gen_FeRBC":-0.0000000001,"data_gen_time":4488.0},{"data_gen_FeRBC":-0.0000000001,"data_gen_time":4505.0},{"data_gen_FeRBC":-0.0000000001,"data_gen_time":4522.0},{"data_gen_FeRBC":-0.0000000001,"data_gen_time":4539.0},{"data_gen_FeRBC":-0.0000000001,"data_gen_time":4556.0},{"data_gen_FeRBC":-0.0000000001,"data_gen_time":4573.0},{"data_gen_FeRBC":-0.0000000002,"data_gen_time":4590.0},{"data_gen_FeRBC":-0.0000000002,"data_gen_time":4607.0},{"data_gen_FeRBC":-0.0000000002,"data_gen_time":4624.0},{"data_gen_FeRBC":-0.0000000002,"data_gen_time":4641.0},{"data_gen_FeRBC":-0.0000000003,"data_gen_time":4658.0},{"data_gen_FeRBC":-0.0000000003,"data_gen_time":4675.0},{"data_gen_FeRBC":-0.0000000003,"data_gen_time":4692.0},{"data_gen_FeRBC":-0.0000000003,"data_gen_time":4709.0},{"data_gen_FeRBC":-0.0000000004,"data_gen_time":4726.0},{"data_gen_FeRBC":-0.0000000004,"data_gen_time":4743.0},{"data_gen_FeRBC":-0.0000000004,"data_gen_time":4760.0},{"data_gen_FeRBC":-0.0000000005,"data_gen_time":4777.0},{"data_gen_FeRBC":-0.0000000005,"data_gen_time":4794.0},{"data_gen_FeRBC":-0.0000000005,"data_gen_time":4811.0},{"data_gen_FeRBC":-0.0000000006,"data_gen_time":4828.0},{"data_gen_FeRBC":-0.0000000006,"data_gen_time":4845.0},{"data_gen_FeRBC":-0.0000000006,"data_gen_time":4862.0},{"data_gen_FeRBC":-0.0000000007,"data_gen_time":4879.0},{"data_gen_FeRBC":-0.0000000007,"data_gen_time":4896.0},{"data_gen_FeRBC":-0.0000000007,"data_gen_time":4913.0},{"data_gen_FeRBC":-0.0000000007,"data_gen_time":4930.0},{"data_gen_FeRBC":-0.0000000008,"data_gen_time":4947.0},{"data_gen_FeRBC":-0.0000000008,"data_gen_time":4964.0},{"data_gen_FeRBC":-0.0000000008,"data_gen_time":4981.0},{"data_gen_FeRBC":-0.0000000009,"data_gen_time":4998.0},{"data_gen_FeRBC":-0.0000000009,"data_gen_time":5015.0},{"data_gen_FeRBC":-0.0000000009,"data_gen_time":5032.0},{"data_gen_FeRBC":-0.0000000009,"data_gen_time":5049.0},{"data_gen_FeRBC":-0.0000000009,"data_gen_time":5066.0},{"data_gen_FeRBC":-0.000000001,"data_gen_time":5083.0},{"data_gen_FeRBC":-0.000000001,"data_gen_time":5100.0}]