[{"data_gen_FeOutside":0.0,"data_gen_time":0.0},{"data_gen_FeOutside":-5.594090196e-32,"data_gen_time":17.0},{"data_gen_FeOutside":-1.401075591e-31,"data_gen_time":34.0},{"data_gen_FeOutside":0.0000000209,"data_gen_time":51.0},{"data_gen_FeOutside":0.0000000377,"data_gen_time":68.0},{"data_gen_FeOutside":0.0000000514,"data_gen_time":85.0},{"data_gen_FeOutside":0.0000000634,"data_gen_time":102.0},{"data_gen_FeOutside":0.0000000742,"data_gen_time":119.0},{"data_gen_FeOutside":0.0000000842,"data_gen_time":136.0},{"data_gen_FeOutside":0.0000000936,"data_gen_time":153.0},{"data_gen_FeOutside":0.0000001025,"data_gen_time":170.0},{"data_gen_FeOutside":0.0000001108,"data_gen_time":187.0},{"data_gen_FeOutside":0.0000001187,"data_gen_time":204.0},{"data_gen_FeOutside":0.0000001262,"data_gen_time":221.0},{"data_gen_FeOutside":0.0000001332,"data_gen_time":238.0},{"data_gen_FeOutside":0.0000001398,"data_gen_time":255.0},{"data_gen_FeOutside":0.0000001462,"data_gen_time":272.0},{"data_gen_FeOutside":0.0000001521,"data_gen_time":289.0},{"data_gen_FeOutside":0.0000001578,"data_gen_time":306.0},{"data_gen_FeOutside":0.0000001632,"data_gen_time":323.0},{"data_gen_FeOutside":0.0000001683,"data_gen_time":340.0},{"data_gen_FeOutside":0.0000001731,"data_gen_time":357.0},{"data_gen_FeOutside":0.0000001776,"data_gen_time":374.0},{"data_gen_FeOutside":0.000000182,"data_gen_time":391.0},{"data_gen_FeOutside":0.000000186,"data_gen_time":408.0},{"data_gen_FeOutside":0.0000001899,"data_gen_time":425.0},{"data_gen_FeOutside":0.0000001936,"data_gen_time":442.0},{"data_gen_FeOutside":0.0000001971,"data_gen_time":459.0},{"data_gen_FeOutside":0.0000002003,"data_gen_time":476.0},{"data_gen_FeOutside":0.0000002035,"data_gen_time":493.0},{"data_gen_FeOutside":0.0000002064,"data_gen_time":510.0},{"data_gen_FeOutside":0.0000002092,"data_gen_time":527.0},{"data_gen_FeOutside":0.0000002118,"data_gen_time":544.0},{"data_gen_FeOutside":0.0000002143,"data_gen_time":561.0},{"data_gen_FeOutside":0.0000002167,"data_gen_time":578.0},{"data_gen_FeOutside":0.0000002189,"data_gen_time":595.0},{"data_gen_FeOutside":0.0000002211,"data_gen_time":612.0},{"data_gen_FeOutside":0.0000002231,"data_gen_time":629.0},{"data_gen_FeOutside":0.000000225,"data_gen_time":646.0},{"data_gen_FeOutside":0.0000002268,"data_gen_time":663.0},{"data_gen_FeOutside":0.0000002285,"data_gen_time":680.0},{"data_gen_FeOutside":0.0000002301,"data_gen_time":697.0},{"data_gen_FeOutside":0.0000002317,"data_gen_time":714.0},{"data_gen_FeOutside":0.0000002331,"data_gen_time":731.0},{"data_gen_FeOutside":0.0000002345,"data_gen_time":748.0},{"data_gen_FeOutside":0.0000002358,"data_gen_time":765.0},{"data_gen_FeOutside":0.0000002371,"data_gen_time":782.0},{"data_gen_FeOutside":0.0000002382,"data_gen_time":799.0},{"data_gen_FeOutside":0.0000002393,"data_gen_time":816.0},{"data_gen_FeOutside":0.0000002404,"data_gen_time":833.0},{"data_gen_FeOutside":0.0000002414,"data_gen_time":850.0},{"data_gen_FeOutside":0.0000002423,"data_gen_time":867.0},{"data_gen_FeOutside":0.0000002432,"data_gen_time":884.0},{"data_gen_FeOutside":0.0000002441,"data_gen_time":901.0},{"data_gen_FeOutside":0.0000002449,"data_gen_time":918.0},{"data_gen_FeOutside":0.0000002456,"data_gen_time":935.0},{"data_gen_FeOutside":0.0000002464,"data_gen_time":952.0},{"data_gen_FeOutside":0.000000247,"data_gen_time":969.0},{"data_gen_FeOutside":0.0000002477,"data_gen_time":986.0},{"data_gen_FeOutside":0.0000002483,"data_gen_time":1003.0},{"data_gen_FeOutside":0.0000002489,"data_gen_time":1020.0},{"data_gen_FeOutside":0.0000002494,"data_gen_time":1037.0},{"data_gen_FeOutside":0.0000002499,"data_gen_time":1054.0},{"data_gen_FeOutside":0.0000002504,"data_gen_time":1071.0},{"data_gen_FeOutside":0.0000002509,"data_gen_time":1088.0},{"data_gen_FeOutside":0.0000002513,"data_gen_time":1105.0},{"data_gen_FeOutside":0.0000002518,"data_gen_time":1122.0},{"data_gen_FeOutside":0.0000002522,"data_gen_time":1139.0},{"data_gen_FeOutside":0.0000002525,"data_gen_time":1156.0},{"data_gen_FeOutside":0.0000002529,"data_gen_time":1173.0},{"data_gen_FeOutside":0.0000002532,"data_gen_time":1190.0},{"data_gen_FeOutside":0.0000002535,"data_gen_time":1207.0},{"data_gen_FeOutside":0.0000002538,"data_gen_time":1224.0},{"data_gen_FeOutside":0.0000002541,"data_gen_time":1241.0},{"data_gen_FeOutside":0.0000002544,"data_gen_time":1258.0},{"data_gen_FeOutside":0.0000002547,"data_gen_time":1275.0},{"data_gen_FeOutside":0.0000002549,"data_gen_time":1292.0},{"data_gen_FeOutside":0.0000002551,"data_gen_time":1309.0},{"data_gen_FeOutside":0.0000002553,"data_gen_time":1326.0},{"data_gen_FeOutside":0.0000002556,"data_gen_time":1343.0},{"data_gen_FeOutside":0.0000002557,"data_gen_time":1360.0},{"data_gen_FeOutside":0.0000002559,"data_gen_time":1377.0},{"data_gen_FeOutside":0.0000002561,"data_gen_time":1394.0},{"data_gen_FeOutside":0.0000002563,"data_gen_time":1411.0},{"data_gen_FeOutside":0.0000002564,"data_gen_time":1428.0},{"data_gen_FeOutside":0.0000002566,"data_gen_time":1445.0},{"data_gen_FeOutside":0.0000002567,"data_gen_time":1462.0},{"data_gen_FeOutside":0.0000002568,"data_gen_time":1479.0},{"data_gen_FeOutside":0.000000257,"data_gen_time":1496.0},{"data_gen_FeOutside":0.0000002571,"data_gen_time":1513.0},{"data_gen_FeOutside":0.0000002572,"data_gen_time":1530.0},{"data_gen_FeOutside":0.0000002573,"data_gen_time":1547.0},{"data_gen_FeOutside":0.0000002574,"data_gen_time":1564.0},{"data_gen_FeOutside":0.0000002575,"data_gen_time":1581.0},{"data_gen_FeOutside":0.0000002576,"data_gen_time":1598.0},{"data_gen_FeOutside":0.0000002577,"data_gen_time":1615.0},{"data_gen_FeOutside":0.0000002577,"data_gen_time":1632.0},{"data_gen_FeOutside":0.0000002578,"data_gen_time":1649.0},{"data_gen_FeOutside":0.0000002579,"data_gen_time":1666.0},{"data_gen_FeOutside":0.0000002579,"data_gen_time":1683.0},{"data_gen_FeOutside":0.000000258,"data_gen_time":1700.0},{"data_gen_FeOutside":0.000000258,"data_gen_time":1717.0},{"data_gen_FeOutside":0.0000002581,"data_gen_time":1734.0},{"data_gen_FeOutside":0.0000002582,"data_gen_time":1751.0},{"data_gen_FeOutside":0.0000002582,"data_gen_time":1768.0},{"data_gen_FeOutside":0.0000002583,"data_gen_time":1785.0},{"data_gen_FeOutside":0.0000002583,"data_gen_time":1802.0},{"data_gen_FeOutside":0.0000002583,"data_gen_time":1819.0},{"data_gen_FeOutside":0.0000002584,"data_gen_time":1836.0},{"data_gen_FeOutside":0.0000002584,"data_gen_time":1853.0},{"data_gen_FeOutside":0.0000002584,"data_gen_time":1870.0},{"data_gen_FeOutside":0.0000002585,"data_gen_time":1887.0},{"data_gen_FeOutside":0.0000002585,"data_gen_time":1904.0},{"data_gen_FeOutside":0.0000002585,"data_gen_time":1921.0},{"data_gen_FeOutside":0.0000002585,"data_gen_time":1938.0},{"data_gen_FeOutside":0.0000002586,"data_gen_time":1955.0},{"data_gen_FeOutside":0.0000002586,"data_gen_time":1972.0},{"data_gen_FeOutside":0.0000002586,"data_gen_time":1989.0},{"data_gen_FeOutside":0.0000002586,"data_gen_time":2006.0},{"data_gen_FeOutside":0.0000002587,"data_gen_time":2023.0},{"data_gen_FeOutside":0.0000002587,"data_gen_time":2040.0},{"data_gen_FeOutside":0.0000002587,"data_gen_time":2057.0},{"data_gen_FeOutside":0.0000002587,"data_gen_time":2074.0},{"data_gen_FeOutside":0.0000002587,"data_gen_time":2091.0},{"data_gen_FeOutside":0.0000002587,"data_gen_time":2108.0},{"data_gen_FeOutside":0.0000002588,"data_gen_time":2125.0},{"data_gen_FeOutside":0.0000002588,"data_gen_time":2142.0},{"data_gen_FeOutside":0.0000002588,"data_gen_time":2159.0},{"data_gen_FeOutside":0.0000002588,"data_gen_time":2176.0},{"data_gen_FeOutside":0.0000002588,"data_gen_time":2193.0},{"data_gen_FeOutside":0.0000002588,"data_gen_time":2210.0},{"data_gen_FeOutside":0.0000002589,"data_gen_time":2227.0},{"data_gen_FeOutside":0.0000002589,"data_gen_time":2244.0},{"data_gen_FeOutside":0.0000002589,"data_gen_time":2261.0},{"data_gen_FeOutside":0.0000002589,"data_gen_time":2278.0},{"data_gen_FeOutside":0.0000002589,"data_gen_time":2295.0},{"data_gen_FeOutside":0.0000002589,"data_gen_time":2312.0},{"data_gen_FeOutside":0.0000002589,"data_gen_time":2329.0},{"data_gen_FeOutside":0.0000002589,"data_gen_time":2346.0},{"data_gen_FeOutside":0.0000002589,"data_gen_time":2363.0},{"data_gen_FeOutside":0.000000259,"data_gen_time":2380.0},{"data_gen_FeOutside":0.000000259,"data_gen_time":2397.0},{"data_gen_FeOutside":0.000000259,"data_gen_time":2414.0},{"data_gen_FeOutside":0.000000259,"data_gen_time":2431.0},{"data_gen_FeOutside":0.000000259,"data_gen_time":2448.0},{"data_gen_FeOutside":0.000000259,"data_gen_time":2465.0},{"data_gen_FeOutside":0.000000259,"data_gen_time":2482.0},{"data_gen_FeOutside":0.000000259,"data_gen_time":2499.0},{"data_gen_FeOutside":0.000000259,"data_gen_time":2516.0},{"data_gen_FeOutside":0.000000259,"data_gen_time":2533.0},{"data_gen_FeOutside":0.0000002591,"data_gen_time":2550.0},{"data_gen_FeOutside":0.0000002591,"data_gen_time":2567.0},{"data_gen_FeOutside":0.0000002591,"data_gen_time":2584.0},{"data_gen_FeOutside":0.0000002591,"data_gen_time":2601.0},{"data_gen_FeOutside":0.0000002591,"data_gen_time":2618.0},{"data_gen_FeOutside":0.0000002591,"data_gen_time":2635.0},{"data_gen_FeOutside":0.0000002591,"data_gen_time":2652.0},{"data_gen_FeOutside":0.0000002591,"data_gen_time":2669.0},{"data_gen_FeOutside":0.0000002591,"data_gen_time":2686.0},{"data_gen_FeOutside":0.0000002591,"data_gen_time":2703.0},{"data_gen_FeOutside":0.0000002591,"data_gen_time":2720.0},{"data_gen_FeOutside":0.0000002591,"data_gen_time":2737.0},{"data_gen_FeOutside":0.0000002591,"data_gen_time":2754.0},{"data_gen_FeOutside":0.0000002591,"data_gen_time":2771.0},{"data_gen_FeOutside":0.0000002591,"data_gen_time":2788.0},{"data_gen_FeOutside":0.0000002591,"data_gen_time":2805.0},{"data_gen_FeOutside":0.0000002591,"data_gen_time":2822.0},{"data_gen_FeOutside":0.0000002591,"data_gen_time":2839.0},{"data_gen_FeOutside":0.0000002591,"data_gen_time":2856.0},{"data_gen_FeOutside":0.0000002591,"data_gen_time":2873.0},{"data_gen_FeOutside":0.0000002591,"data_gen_time":2890.0},{"data_gen_FeOutside":0.0000002591,"data_gen_time":2907.0},{"data_gen_FeOutside":0.0000002592,"data_gen_time":2924.0},{"data_gen_FeOutside":0.0000002592,"data_gen_time":2941.0},{"data_gen_FeOutside":0.0000002592,"data_gen_time":2958.0},{"data_gen_FeOutside":0.0000002592,"data_gen_time":2975.0},{"data_gen_FeOutside":0.0000002592,"data_gen_time":2992.0},{"data_gen_FeOutside":0.0000002592,"data_gen_time":3009.0},{"data_gen_FeOutside":0.0000002592,"data_gen_time":3026.0},{"data_gen_FeOutside":0.0000002592,"data_gen_time":3043.0},{"data_gen_FeOutside":0.0000002592,"data_gen_time":3060.0},{"data_gen_FeOutside":0.0000002592,"data_gen_time":3077.0},{"data_gen_FeOutside":0.0000002592,"data_gen_time":3094.0},{"data_gen_FeOutside":0.0000002592,"data_gen_time":3111.0},{"data_gen_FeOutside":0.0000002592,"data_gen_time":3128.0},{"data_gen_FeOutside":0.0000002592,"data_gen_time":3145.0},{"data_gen_FeOutside":0.0000002592,"data_gen_time":3162.0},{"data_gen_FeOutside":0.0000002592,"data_gen_time":3179.0},{"data_gen_FeOutside":0.0000002592,"data_gen_time":3196.0},{"data_gen_FeOutside":0.0000002592,"data_gen_time":3213.0},{"data_gen_FeOutside":0.0000002592,"data_gen_time":3230.0},{"data_gen_FeOutside":0.0000002592,"data_gen_time":3247.0},{"data_gen_FeOutside":0.0000002592,"data_gen_time":3264.0},{"data_gen_FeOutside":0.0000002591,"data_gen_time":3281.0},{"data_gen_FeOutside":0.0000002591,"data_gen_time":3298.0},{"data_gen_FeOutside":0.0000002591,"data_gen_time":3315.0},{"data_gen_FeOutside":0.0000002591,"data_gen_time":3332.0},{"data_gen_FeOutside":0.0000002591,"data_gen_time":3349.0},{"data_gen_FeOutside":0.0000002591,"data_gen_time":3366.0},{"data_gen_FeOutside":0.0000002591,"data_gen_time":3383.0},{"data_gen_FeOutside":0.0000002591,"data_gen_time":3400.0},{"data_gen_FeOutside":0.0000002592,"data_gen_time":3417.0},{"data_gen_FeOutside":0.0000002591,"data_gen_time":3434.0},{"data_gen_FeOutside":0.0000002591,"data_gen_time":3451.0},{"data_gen_FeOutside":0.0000002591,"data_gen_time":3468.0},{"data_gen_FeOutside":0.0000002591,"data_gen_time":3485.0},{"data_gen_FeOutside":0.0000002591,"data_gen_time":3502.0},{"data_gen_FeOutside":0.0000002591,"data_gen_time":3519.0},{"data_gen_FeOutside":0.0000002591,"data_gen_time":3536.0},{"data_gen_FeOutside":0.0000002591,"data_gen_time":3553.0},{"data_gen_FeOutside":0.0000002591,"data_gen_time":3570.0},{"data_gen_FeOutside":0.0000002591,"data_gen_time":3587.0},{"data_gen_FeOutside":0.0000002591,"data_gen_time":3604.0},{"data_gen_FeOutside":0.0000002591,"data_gen_time":3621.0},{"data_gen_FeOutside":0.0000002591,"data_gen_time":3638.0},{"data_gen_FeOutside":0.0000002591,"data_gen_time":3655.0},{"data_gen_FeOutside":0.0000002591,"data_gen_time":3672.0},{"data_gen_FeOutside":0.0000002591,"data_gen_time":3689.0},{"data_gen_FeOutside":0.0000002591,"data_gen_time":3706.0},{"data_gen_FeOutside":0.0000002591,"data_gen_time":3723.0},{"data_gen_FeOutside":0.0000002591,"data_gen_time":3740.0},{"data_gen_FeOutside":0.0000002591,"data_gen_time":3757.0},{"data_gen_FeOutside":0.0000002591,"data_gen_time":3774.0},{"data_gen_FeOutside":0.0000002591,"data_gen_time":3791.0},{"data_gen_FeOutside":0.0000002591,"data_gen_time":3808.0},{"data_gen_FeOutside":0.0000002591,"data_gen_time":3825.0},{"data_gen_FeOutside":0.0000002591,"data_gen_time":3842.0},{"data_gen_FeOutside":0.0000002591,"data_gen_time":3859.0},{"data_gen_FeOutside":0.0000002592,"data_gen_time":3876.0},{"data_gen_FeOutside":0.0000002592,"data_gen_time":3893.0},{"data_gen_FeOutside":0.0000002592,"data_gen_time":3910.0},{"data_gen_FeOutside":0.0000002592,"data_gen_time":3927.0},{"data_gen_FeOutside":0.0000002592,"data_gen_time":3944.0},{"data_gen_FeOutside":0.0000002592,"data_gen_time":3961.0},{"data_gen_FeOutside":0.0000002592,"data_gen_time":3978.0},{"data_gen_FeOutside":0.0000002592,"data_gen_time":3995.0},{"data_gen_FeOutside":0.0000002592,"data_gen_time":4012.0},{"data_gen_FeOutside":0.0000002592,"data_gen_time":4029.0},{"data_gen_FeOutside":0.0000002592,"data_gen_time":4046.0},{"data_gen_FeOutside":0.0000002592,"data_gen_time":4063.0},{"data_gen_FeOutside":0.0000002592,"data_gen_time":4080.0},{"data_gen_FeOutside":0.0000002592,"data_gen_time":4097.0},{"data_gen_FeOutside":0.0000002592,"data_gen_time":4114.0},{"data_gen_FeOutside":0.0000002592,"data_gen_time":4131.0},{"data_gen_FeOutside":0.0000002592,"data_gen_time":4148.0},{"data_gen_FeOutside":0.0000002592,"data_gen_time":4165.0},{"data_gen_FeOutside":0.0000002592,"data_gen_time":4182.0},{"data_gen_FeOutside":0.0000002592,"data_gen_time":4199.0},{"data_gen_FeOutside":0.0000002592,"data_gen_time":4216.0},{"data_gen_FeOutside":0.0000002592,"data_gen_time":4233.0},{"data_gen_FeOutside":0.0000002592,"data_gen_time":4250.0},{"data_gen_FeOutside":0.0000002592,"data_gen_time":4267.0},{"data_gen_FeOutside":0.0000002592,"data_gen_time":4284.0},{"data_gen_FeOutside":0.0000002592,"data_gen_time":4301.0},{"data_gen_FeOutside":0.0000002592,"data_gen_time":4318.0},{"data_gen_FeOutside":0.0000002592,"data_gen_time":4335.0},{"data_gen_FeOutside":0.0000002592,"data_gen_time":4352.0},{"data_gen_FeOutside":0.0000002592,"data_gen_time":4369.0},{"data_gen_FeOutside":0.0000002592,"data_gen_time":4386.0},{"data_gen_FeOutside":0.0000002592,"data_gen_time":4403.0},{"data_gen_FeOutside":0.0000002592,"data_gen_time":4420.0},{"data_gen_FeOutside":0.0000002592,"data_gen_time":4437.0},{"data_gen_FeOutside":0.0000002592,"data_gen_time":4454.0},{"data_gen_FeOutside":0.0000002592,"data_gen_time":4471.0},{"data_gen_FeOutside":0.0000002592,"data_gen_time":4488.0},{"data_gen_FeOutside":0.0000002592,"data_gen_time":4505.0},{"data_gen_FeOutside":0.0000002592,"data_gen_time":4522.0},{"data_gen_FeOutside":0.0000002592,"data_gen_time":4539.0},{"data_gen_FeOutside":0.0000002592,"data_gen_time":4556.0},{"data_gen_FeOutside":0.0000002592,"data_gen_time":4573.0},{"data_gen_FeOutside":0.0000002592,"data_gen_time":4590.0},{"data_gen_FeOutside":0.0000002592,"data_gen_time":4607.0},{"data_gen_FeOutside":0.0000002592,"data_gen_time":4624.0},{"data_gen_FeOutside":0.0000002592,"data_gen_time":4641.0},{"data_gen_FeOutside":0.0000002592,"data_gen_time":4658.0},{"data_gen_FeOutside":0.0000002592,"data_gen_time":4675.0},{"data_gen_FeOutside":0.0000002592,"data_gen_time":4692.0},{"data_gen_FeOutside":0.0000002592,"data_gen_time":4709.0},{"data_gen_FeOutside":0.0000002592,"data_gen_time":4726.0},{"data_gen_FeOutside":0.0000002592,"data_gen_time":4743.0},{"data_gen_FeOutside":0.0000002592,"data_gen_time":4760.0},{"data_gen_FeOutside":0.0000002592,"data_gen_time":4777.0},{"data_gen_FeOutside":0.0000002592,"data_gen_time":4794.0},{"data_gen_FeOutside":0.0000002592,"data_gen_time":4811.0},{"data_gen_FeOutside":0.0000002592,"data_gen_time":4828.0},{"data_gen_FeOutside":0.0000002592,"data_gen_time":4845.0},{"data_gen_FeOutside":0.0000002592,"data_gen_time":4862.0},{"data_gen_FeOutside":0.0000002592,"data_gen_time":4879.0},{"data_gen_FeOutside":0.0000002592,"data_gen_time":4896.0},{"data_gen_FeOutside":0.0000002592,"data_gen_time":4913.0},{"data_gen_FeOutside":0.0000002592,"data_gen_time":4930.0},{"data_gen_FeOutside":0.0000002592,"data_gen_time":4947.0},{"data_gen_FeOutside":0.0000002592,"data_gen_time":4964.0},{"data_gen_FeOutside":0.0000002592,"data_gen_time":4981.0},{"data_gen_FeOutside":0.0000002592,"data_gen_time":4998.0},{"data_gen_FeOutside":0.0000002592,"data_gen_time":5015.0},{"data_gen_FeOutside":0.0000002592,"data_gen_time":5032.0},{"data_gen_FeOutside":0.0000002592,"data_gen_time":5049.0},{"data_gen_FeOutside":0.0000002592,"data_gen_time":5066.0},{"data_gen_FeOutside":0.0000002592,"data_gen_time":5083.0},{"data_gen_FeOutside":0.0000002592,"data_gen_time":5100.0}]