[{"data_generator_IPULSE":0.0,"data_generator_T":0.0,"data_generator_VR":0.0},{"data_generator_IPULSE":0.0,"data_generator_T":10.0,"data_generator_VR":38.249531},{"data_generator_IPULSE":0.0,"data_generator_T":20.0,"data_generator_VR":-70.710999},{"data_generator_IPULSE":0.0,"data_generator_T":30.0,"data_generator_VR":-66.560005},{"data_generator_IPULSE":0.0,"data_generator_T":40.0,"data_generator_VR":-60.410736},{"data_generator_IPULSE":0.0,"data_generator_T":50.0,"data_generator_VR":-56.164577},{"data_generator_IPULSE":0.0,"data_generator_T":60.0,"data_generator_VR":-53.035458},{"data_generator_IPULSE":0.0,"data_generator_T":70.0,"data_generator_VR":-37.031189},{"data_generator_IPULSE":0.0,"data_generator_T":80.0,"data_generator_VR":-62.090363},{"data_generator_IPULSE":0.0,"data_generator_T":90.0,"data_generator_VR":-67.584946},{"data_generator_IPULSE":0.0,"data_generator_T":100.0,"data_generator_VR":-61.268272},{"data_generator_IPULSE":0.0,"data_generator_T":110.0,"data_generator_VR":-57.163254},{"data_generator_IPULSE":0.0,"data_generator_T":120.0,"data_generator_VR":-53.465641},{"data_generator_IPULSE":0.0,"data_generator_T":130.0,"data_generator_VR":-47.705853},{"data_generator_IPULSE":0.0,"data_generator_T":140.0,"data_generator_VR":-29.57029},{"data_generator_IPULSE":0.0,"data_generator_T":150.0,"data_generator_VR":-69.547546},{"data_generator_IPULSE":0.0,"data_generator_T":160.0,"data_generator_VR":-62.249298},{"data_generator_IPULSE":0.0,"data_generator_T":170.0,"data_generator_VR":-57.312244},{"data_generator_IPULSE":0.0,"data_generator_T":180.0,"data_generator_VR":-53.959698},{"data_generator_IPULSE":0.0,"data_generator_T":190.0,"data_generator_VR":-50.636063},{"data_generator_IPULSE":0.0,"data_generator_T":200.0,"data_generator_VR":-1.802775},{"data_generator_IPULSE":0.0,"data_generator_T":210.0,"data_generator_VR":-69.832863},{"data_generator_IPULSE":0.0,"data_generator_T":220.0,"data_generator_VR":-62.822971},{"data_generator_IPULSE":0.0,"data_generator_T":230.0,"data_generator_VR":-58.284821},{"data_generator_IPULSE":0.0,"data_generator_T":240.0,"data_generator_VR":-54.342503},{"data_generator_IPULSE":0.0,"data_generator_T":250.0,"data_generator_VR":-51.631557},{"data_generator_IPULSE":0.0,"data_generator_T":260.0,"data_generator_VR":22.020935},{"data_generator_IPULSE":0.0,"data_generator_T":270.0,"data_generator_VR":-70.99691},{"data_generator_IPULSE":0.0,"data_generator_T":280.0,"data_generator_VR":-64.570312},{"data_generator_IPULSE":0.0,"data_generator_T":290.0,"data_generator_VR":-58.409492},{"data_generator_IPULSE":0.0,"data_generator_T":300.0,"data_generator_VR":-54.232624},{"data_generator_IPULSE":0.0,"data_generator_T":310.0,"data_generator_VR":-51.259224},{"data_generator_IPULSE":0.0,"data_generator_T":320.0,"data_generator_VR":7.0876646},{"data_generator_IPULSE":0.0,"data_generator_T":330.0,"data_generator_VR":-70.541573},{"data_generator_IPULSE":0.0,"data_generator_T":340.0,"data_generator_VR":-63.521755},{"data_generator_IPULSE":0.0,"data_generator_T":350.0,"data_generator_VR":-57.627167},{"data_generator_IPULSE":0.0,"data_generator_T":360.0,"data_generator_VR":-53.837448},{"data_generator_IPULSE":0.0,"data_generator_T":370.0,"data_generator_VR":-50.096306},{"data_generator_IPULSE":0.0,"data_generator_T":380.0,"data_generator_VR":-23.587322},{"data_generator_IPULSE":0.0,"data_generator_T":390.0,"data_generator_VR":-69.757187},{"data_generator_IPULSE":0.0,"data_generator_T":400.0,"data_generator_VR":-62.492767},{"data_generator_IPULSE":0.0,"data_generator_T":410.0,"data_generator_VR":-57.372131},{"data_generator_IPULSE":0.0,"data_generator_T":420.0,"data_generator_VR":-54.257069},{"data_generator_IPULSE":0.0,"data_generator_T":430.0,"data_generator_VR":-51.19001},{"data_generator_IPULSE":0.0,"data_generator_T":440.0,"data_generator_VR":4.1293068},{"data_generator_IPULSE":0.0,"data_generator_T":450.0,"data_generator_VR":-70.614685},{"data_generator_IPULSE":0.0,"data_generator_T":460.0,"data_generator_VR":-64.37439},{"data_generator_IPULSE":0.0,"data_generator_T":470.0,"data_generator_VR":-58.653027},{"data_generator_IPULSE":0.0,"data_generator_T":480.0,"data_generator_VR":-54.535206},{"data_generator_IPULSE":0.0,"data_generator_T":490.0,"data_generator_VR":-51.759205},{"data_generator_IPULSE":0.0,"data_generator_T":500.0,"data_generator_VR":27.765198},{"data_generator_IPULSE":0.0,"data_generator_T":510.0,"data_generator_VR":-70.945999},{"data_generator_IPULSE":0.0,"data_generator_T":520.0,"data_generator_VR":-64.308769},{"data_generator_IPULSE":0.0,"data_generator_T":530.0,"data_generator_VR":-58.2103},{"data_generator_IPULSE":0.0,"data_generator_T":540.0,"data_generator_VR":-54.237083},{"data_generator_IPULSE":0.0,"data_generator_T":550.0,"data_generator_VR":-51.113419},{"data_generator_IPULSE":0.0,"data_generator_T":560.0,"data_generator_VR":17.640223},{"data_generator_IPULSE":0.0,"data_generator_T":570.0,"data_generator_VR":-70.947723},{"data_generator_IPULSE":0.0,"data_generator_T":580.0,"data_generator_VR":-65.129372},{"data_generator_IPULSE":0.0,"data_generator_T":590.0,"data_generator_VR":-58.923412},{"data_generator_IPULSE":0.0,"data_generator_T":600.0,"data_generator_VR":-54.860035},{"data_generator_IPULSE":0.0,"data_generator_T":610.0,"data_generator_VR":-52.09763},{"data_generator_IPULSE":0.0,"data_generator_T":620.0,"data_generator_VR":28.977627},{"data_generator_IPULSE":0.0,"data_generator_T":630.0,"data_generator_VR":-70.89904},{"data_generator_IPULSE":0.0,"data_generator_T":640.0,"data_generator_VR":-66.180443},{"data_generator_IPULSE":0.0,"data_generator_T":650.0,"data_generator_VR":-60.037426},{"data_generator_IPULSE":0.0,"data_generator_T":660.0,"data_generator_VR":-55.868141},{"data_generator_IPULSE":0.0,"data_generator_T":670.0,"data_generator_VR":-52.919319},{"data_generator_IPULSE":0.0,"data_generator_T":680.0,"data_generator_VR":1.4379176},{"data_generator_IPULSE":0.0,"data_generator_T":690.0,"data_generator_VR":-66.389526},{"data_generator_IPULSE":0.0,"data_generator_T":700.0,"data_generator_VR":-67.958656},{"data_generator_IPULSE":0.0,"data_generator_T":710.0,"data_generator_VR":-61.488575},{"data_generator_IPULSE":0.0,"data_generator_T":720.0,"data_generator_VR":-57.596188},{"data_generator_IPULSE":0.0,"data_generator_T":730.0,"data_generator_VR":-53.84343},{"data_generator_IPULSE":0.0,"data_generator_T":740.0,"data_generator_VR":-50.882336},{"data_generator_IPULSE":0.0,"data_generator_T":750.0,"data_generator_VR":-1.4289105},{"data_generator_IPULSE":0.0,"data_generator_T":760.0,"data_generator_VR":-69.843819},{"data_generator_IPULSE":0.0,"data_generator_T":770.0,"data_generator_VR":-62.617123},{"data_generator_IPULSE":0.0,"data_generator_T":780.0,"data_generator_VR":-57.199493},{"data_generator_IPULSE":0.0,"data_generator_T":790.0,"data_generator_VR":-54.08876},{"data_generator_IPULSE":0.0,"data_generator_T":800.0,"data_generator_VR":-50.798843},{"data_generator_IPULSE":0.0,"data_generator_T":810.0,"data_generator_VR":10.325506},{"data_generator_IPULSE":0.0,"data_generator_T":820.0,"data_generator_VR":-70.759453},{"data_generator_IPULSE":0.0,"data_generator_T":830.0,"data_generator_VR":-64.767395},{"data_generator_IPULSE":0.0,"data_generator_T":840.0,"data_generator_VR":-58.587921},{"data_generator_IPULSE":0.0,"data_generator_T":850.0,"data_generator_VR":-54.44759},{"data_generator_IPULSE":0.0,"data_generator_T":860.0,"data_generator_VR":-51.555538},{"data_generator_IPULSE":0.0,"data_generator_T":870.0,"data_generator_VR":15.362128},{"data_generator_IPULSE":0.0,"data_generator_T":880.0,"data_generator_VR":-70.507973},{"data_generator_IPULSE":0.0,"data_generator_T":890.0,"data_generator_VR":-64.20504},{"data_generator_IPULSE":0.0,"data_generator_T":900.0,"data_generator_VR":-58.173298},{"data_generator_IPULSE":0.0,"data_generator_T":910.0,"data_generator_VR":-54.22897},{"data_generator_IPULSE":0.0,"data_generator_T":920.0,"data_generator_VR":-51.253876},{"data_generator_IPULSE":0.0,"data_generator_T":930.0,"data_generator_VR":5.8570948},{"data_generator_IPULSE":0.0,"data_generator_T":940.0,"data_generator_VR":-70.084908},{"data_generator_IPULSE":0.0,"data_generator_T":950.0,"data_generator_VR":-63.192791},{"data_generator_IPULSE":0.0,"data_generator_T":960.0,"data_generator_VR":-57.413559},{"data_generator_IPULSE":0.0,"data_generator_T":970.0,"data_generator_VR":-53.697926},{"data_generator_IPULSE":0.0,"data_generator_T":980.0,"data_generator_VR":-49.662872},{"data_generator_IPULSE":0.0,"data_generator_T":990.0,"data_generator_VR":-31.884792},{"data_generator_IPULSE":0.0,"data_generator_T":1000.0,"data_generator_VR":-69.317665},{"data_generator_IPULSE":0.0,"data_generator_T":1010.0,"data_generator_VR":-61.998306},{"data_generator_IPULSE":0.0,"data_generator_T":1020.0,"data_generator_VR":-57.292198},{"data_generator_IPULSE":0.0,"data_generator_T":1030.0,"data_generator_VR":-53.526894},{"data_generator_IPULSE":0.0,"data_generator_T":1040.0,"data_generator_VR":-49.564682},{"data_generator_IPULSE":0.0,"data_generator_T":1050.0,"data_generator_VR":-35.481106},{"data_generator_IPULSE":0.0,"data_generator_T":1060.0,"data_generator_VR":-68.60598},{"data_generator_IPULSE":0.0,"data_generator_T":1070.0,"data_generator_VR":-61.442982},{"data_generator_IPULSE":0.0,"data_generator_T":1080.0,"data_generator_VR":-56.960804},{"data_generator_IPULSE":0.0,"data_generator_T":1090.0,"data_generator_VR":-53.755016},{"data_generator_IPULSE":0.0,"data_generator_T":1100.0,"data_generator_VR":-50.078686},{"data_generator_IPULSE":0.0,"data_generator_T":1110.0,"data_generator_VR":-24.34104},{"data_generator_IPULSE":0.0,"data_generator_T":1120.0,"data_generator_VR":-69.66317},{"data_generator_IPULSE":0.0,"data_generator_T":1130.0,"data_generator_VR":-62.419003},{"data_generator_IPULSE":0.0,"data_generator_T":1140.0,"data_generator_VR":-56.860695},{"data_generator_IPULSE":0.0,"data_generator_T":1150.0,"data_generator_VR":-53.646736},{"data_generator_IPULSE":0.0,"data_generator_T":1160.0,"data_generator_VR":-49.70982},{"data_generator_IPULSE":0.0,"data_generator_T":1170.0,"data_generator_VR":-33.098408},{"data_generator_IPULSE":0.0,"data_generator_T":1180.0,"data_generator_VR":-68.669472},{"data_generator_IPULSE":0.0,"data_generator_T":1190.0,"data_generator_VR":-61.533718},{"data_generator_IPULSE":0.0,"data_generator_T":1200.0,"data_generator_VR":-56.120853},{"data_generator_IPULSE":0.0,"data_generator_T":1210.0,"data_generator_VR":-52.997074},{"data_generator_IPULSE":0.0,"data_generator_T":1220.0,"data_generator_VR":37.332104},{"data_generator_IPULSE":0.0,"data_generator_T":1230.0,"data_generator_VR":-63.192814},{"data_generator_IPULSE":0.0,"data_generator_T":1240.0,"data_generator_VR":-68.122719},{"data_generator_IPULSE":0.0,"data_generator_T":1250.0,"data_generator_VR":-61.089565},{"data_generator_IPULSE":0.0,"data_generator_T":1260.0,"data_generator_VR":-56.951397},{"data_generator_IPULSE":0.0,"data_generator_T":1270.0,"data_generator_VR":-53.323036},{"data_generator_IPULSE":0.0,"data_generator_T":1280.0,"data_generator_VR":-45.744934},{"data_generator_IPULSE":0.0,"data_generator_T":1290.0,"data_generator_VR":-61.56646},{"data_generator_IPULSE":0.0,"data_generator_T":1300.0,"data_generator_VR":-67.866417},{"data_generator_IPULSE":0.0,"data_generator_T":1310.0,"data_generator_VR":-60.937317},{"data_generator_IPULSE":0.0,"data_generator_T":1320.0,"data_generator_VR":-56.825603},{"data_generator_IPULSE":0.0,"data_generator_T":1330.0,"data_generator_VR":-53.311951},{"data_generator_IPULSE":0.0,"data_generator_T":1340.0,"data_generator_VR":-45.501659},{"data_generator_IPULSE":0.0,"data_generator_T":1350.0,"data_generator_VR":-58.86866},{"data_generator_IPULSE":0.0,"data_generator_T":1360.0,"data_generator_VR":-67.8237},{"data_generator_IPULSE":0.0,"data_generator_T":1370.0,"data_generator_VR":-61.446426},{"data_generator_IPULSE":0.0,"data_generator_T":1380.0,"data_generator_VR":-56.757523},{"data_generator_IPULSE":0.0,"data_generator_T":1390.0,"data_generator_VR":-53.271343},{"data_generator_IPULSE":0.0,"data_generator_T":1400.0,"data_generator_VR":-45.074001},{"data_generator_IPULSE":0.0,"data_generator_T":1410.0,"data_generator_VR":-61.628658},{"data_generator_IPULSE":0.0,"data_generator_T":1420.0,"data_generator_VR":-67.771126},{"data_generator_IPULSE":0.0,"data_generator_T":1430.0,"data_generator_VR":-61.366333},{"data_generator_IPULSE":0.0,"data_generator_T":1440.0,"data_generator_VR":-57.283886},{"data_generator_IPULSE":0.0,"data_generator_T":1450.0,"data_generator_VR":-53.534889},{"data_generator_IPULSE":0.0,"data_generator_T":1460.0,"data_generator_VR":-49.607521},{"data_generator_IPULSE":0.0,"data_generator_T":1470.0,"data_generator_VR":-29.735792},{"data_generator_IPULSE":0.0,"data_generator_T":1480.0,"data_generator_VR":-69.595848},{"data_generator_IPULSE":0.0,"data_generator_T":1490.0,"data_generator_VR":-62.411964},{"data_generator_IPULSE":0.0,"data_generator_T":1500.0,"data_generator_VR":-56.782822},{"data_generator_IPULSE":0.0,"data_generator_T":1510.0,"data_generator_VR":-53.254574},{"data_generator_IPULSE":0.0,"data_generator_T":1520.0,"data_generator_VR":-39.831417},{"data_generator_IPULSE":0.0,"data_generator_T":1530.0,"data_generator_VR":-62.575428},{"data_generator_IPULSE":0.0,"data_generator_T":1540.0,"data_generator_VR":-67.556084},{"data_generator_IPULSE":0.0,"data_generator_T":1550.0,"data_generator_VR":-61.093945},{"data_generator_IPULSE":0.0,"data_generator_T":1560.0,"data_generator_VR":-56.668808},{"data_generator_IPULSE":0.0,"data_generator_T":1570.0,"data_generator_VR":-53.607201},{"data_generator_IPULSE":0.0,"data_generator_T":1580.0,"data_generator_VR":-50.466759},{"data_generator_IPULSE":0.0,"data_generator_T":1590.0,"data_generator_VR":6.1118016},{"data_generator_IPULSE":0.0,"data_generator_T":1600.0,"data_generator_VR":-70.694221},{"data_generator_IPULSE":0.0,"data_generator_T":1610.0,"data_generator_VR":-64.521744},{"data_generator_IPULSE":0.0,"data_generator_T":1620.0,"data_generator_VR":-58.395035},{"data_generator_IPULSE":0.0,"data_generator_T":1630.0,"data_generator_VR":-54.804302},{"data_generator_IPULSE":0.0,"data_generator_T":1640.0,"data_generator_VR":-51.986263},{"data_generator_IPULSE":0.0,"data_generator_T":1650.0,"data_generator_VR":26.894297},{"data_generator_IPULSE":0.0,"data_generator_T":1660.0,"data_generator_VR":-70.933846},{"data_generator_IPULSE":0.0,"data_generator_T":1670.0,"data_generator_VR":-64.28978},{"data_generator_IPULSE":0.0,"data_generator_T":1680.0,"data_generator_VR":-58.48386},{"data_generator_IPULSE":0.0,"data_generator_T":1690.0,"data_generator_VR":-54.437126},{"data_generator_IPULSE":0.0,"data_generator_T":1700.0,"data_generator_VR":-51.614716},{"data_generator_IPULSE":0.0,"data_generator_T":1710.0,"data_generator_VR":17.863821},{"data_generator_IPULSE":0.0,"data_generator_T":1720.0,"data_generator_VR":-70.798416},{"data_generator_IPULSE":0.0,"data_generator_T":1730.0,"data_generator_VR":-64.117653},{"data_generator_IPULSE":0.0,"data_generator_T":1740.0,"data_generator_VR":-58.221401},{"data_generator_IPULSE":0.0,"data_generator_T":1750.0,"data_generator_VR":-54.245354},{"data_generator_IPULSE":0.0,"data_generator_T":1760.0,"data_generator_VR":-51.334896},{"data_generator_IPULSE":0.0,"data_generator_T":1770.0,"data_generator_VR":8.6283751},{"data_generator_IPULSE":0.0,"data_generator_T":1780.0,"data_generator_VR":-70.267487},{"data_generator_IPULSE":0.0,"data_generator_T":1790.0,"data_generator_VR":-63.706715},{"data_generator_IPULSE":0.0,"data_generator_T":1800.0,"data_generator_VR":-57.826366},{"data_generator_IPULSE":0.0,"data_generator_T":1810.0,"data_generator_VR":-53.801903},{"data_generator_IPULSE":0.0,"data_generator_T":1820.0,"data_generator_VR":-50.216049},{"data_generator_IPULSE":0.0,"data_generator_T":1830.0,"data_generator_VR":-1.0899193},{"data_generator_IPULSE":0.0,"data_generator_T":1840.0,"data_generator_VR":-69.834602},{"data_generator_IPULSE":0.0,"data_generator_T":1850.0,"data_generator_VR":-62.502609},{"data_generator_IPULSE":0.0,"data_generator_T":1860.0,"data_generator_VR":-56.862209},{"data_generator_IPULSE":0.0,"data_generator_T":1870.0,"data_generator_VR":-53.482967},{"data_generator_IPULSE":0.0,"data_generator_T":1880.0,"data_generator_VR":-48.631184},{"data_generator_IPULSE":0.0,"data_generator_T":1890.0,"data_generator_VR":-48.654572},{"data_generator_IPULSE":0.0,"data_generator_T":1900.0,"data_generator_VR":-68.633736},{"data_generator_IPULSE":0.0,"data_generator_T":1910.0,"data_generator_VR":-62.237133},{"data_generator_IPULSE":0.0,"data_generator_T":1920.0,"data_generator_VR":-57.393093},{"data_generator_IPULSE":0.0,"data_generator_T":1930.0,"data_generator_VR":-54.019836},{"data_generator_IPULSE":0.0,"data_generator_T":1940.0,"data_generator_VR":-50.755089},{"data_generator_IPULSE":0.0,"data_generator_T":1950.0,"data_generator_VR":8.2930412},{"data_generator_IPULSE":0.0,"data_generator_T":1960.0,"data_generator_VR":-70.255356},{"data_generator_IPULSE":0.0,"data_generator_T":1970.0,"data_generator_VR":-63.374149},{"data_generator_IPULSE":0.0,"data_generator_T":1980.0,"data_generator_VR":-57.976009},{"data_generator_IPULSE":0.0,"data_generator_T":1990.0,"data_generator_VR":-54.224094},{"data_generator_IPULSE":0.0,"data_generator_T":2000.0,"data_generator_VR":-51.248695},{"data_generator_IPULSE":0.0,"data_generator_T":2010.0,"data_generator_VR":6.0012417},{"data_generator_IPULSE":0.0,"data_generator_T":2020.0,"data_generator_VR":-70.097534},{"data_generator_IPULSE":0.0,"data_generator_T":2030.0,"data_generator_VR":-62.974689},{"data_generator_IPULSE":0.0,"data_generator_T":2040.0,"data_generator_VR":-57.528587},{"data_generator_IPULSE":0.0,"data_generator_T":2050.0,"data_generator_VR":-54.256126},{"data_generator_IPULSE":0.0,"data_generator_T":2060.0,"data_generator_VR":-51.204144},{"data_generator_IPULSE":0.0,"data_generator_T":2070.0,"data_generator_VR":15.544811},{"data_generator_IPULSE":0.0,"data_generator_T":2080.0,"data_generator_VR":-70.841942},{"data_generator_IPULSE":0.0,"data_generator_T":2090.0,"data_generator_VR":-64.055565},{"data_generator_IPULSE":0.0,"data_generator_T":2100.0,"data_generator_VR":-58.015179},{"data_generator_IPULSE":0.0,"data_generator_T":2110.0,"data_generator_VR":-54.106506},{"data_generator_IPULSE":0.0,"data_generator_T":2120.0,"data_generator_VR":-50.917503},{"data_generator_IPULSE":0.0,"data_generator_T":2130.0,"data_generator_VR":12.903179},{"data_generator_IPULSE":0.0,"data_generator_T":2140.0,"data_generator_VR":-70.419975},{"data_generator_IPULSE":0.0,"data_generator_T":2150.0,"data_generator_VR":-64.094444},{"data_generator_IPULSE":0.0,"data_generator_T":2160.0,"data_generator_VR":-58.027454},{"data_generator_IPULSE":0.0,"data_generator_T":2170.0,"data_generator_VR":-54.481728},{"data_generator_IPULSE":0.0,"data_generator_T":2180.0,"data_generator_VR":-51.907112},{"data_generator_IPULSE":0.0,"data_generator_T":2190.0,"data_generator_VR":28.780066},{"data_generator_IPULSE":0.0,"data_generator_T":2200.0,"data_generator_VR":-70.904327},{"data_generator_IPULSE":0.0,"data_generator_T":2210.0,"data_generator_VR":-65.719009},{"data_generator_IPULSE":0.0,"data_generator_T":2220.0,"data_generator_VR":-59.554176},{"data_generator_IPULSE":0.0,"data_generator_T":2230.0,"data_generator_VR":-55.38776},{"data_generator_IPULSE":0.0,"data_generator_T":2240.0,"data_generator_VR":-52.554398},{"data_generator_IPULSE":0.0,"data_generator_T":2250.0,"data_generator_VR":37.657501},{"data_generator_IPULSE":0.0,"data_generator_T":2260.0,"data_generator_VR":-70.668571},{"data_generator_IPULSE":0.0,"data_generator_T":2270.0,"data_generator_VR":-66.605721},{"data_generator_IPULSE":0.0,"data_generator_T":2280.0,"data_generator_VR":-60.236446},{"data_generator_IPULSE":0.0,"data_generator_T":2290.0,"data_generator_VR":-56.015743},{"data_generator_IPULSE":0.0,"data_generator_T":2300.0,"data_generator_VR":-52.918991},{"data_generator_IPULSE":0.0,"data_generator_T":2310.0,"data_generator_VR":-40.929409},{"data_generator_IPULSE":0.0,"data_generator_T":2320.0,"data_generator_VR":-64.118546},{"data_generator_IPULSE":0.0,"data_generator_T":2330.0,"data_generator_VR":-68.207001},{"data_generator_IPULSE":0.0,"data_generator_T":2340.0,"data_generator_VR":-61.561855},{"data_generator_IPULSE":0.0,"data_generator_T":2350.0,"data_generator_VR":-56.9048},{"data_generator_IPULSE":0.0,"data_generator_T":2360.0,"data_generator_VR":-53.292095},{"data_generator_IPULSE":0.0,"data_generator_T":2370.0,"data_generator_VR":-42.913399},{"data_generator_IPULSE":0.0,"data_generator_T":2380.0,"data_generator_VR":-63.445465},{"data_generator_IPULSE":0.0,"data_generator_T":2390.0,"data_generator_VR":-68.070511},{"data_generator_IPULSE":0.0,"data_generator_T":2400.0,"data_generator_VR":-61.515682},{"data_generator_IPULSE":0.0,"data_generator_T":2410.0,"data_generator_VR":-56.906231},{"data_generator_IPULSE":0.0,"data_generator_T":2420.0,"data_generator_VR":-53.318703},{"data_generator_IPULSE":0.0,"data_generator_T":2430.0,"data_generator_VR":-46.118073},{"data_generator_IPULSE":0.0,"data_generator_T":2440.0,"data_generator_VR":-61.037239},{"data_generator_IPULSE":0.0,"data_generator_T":2450.0,"data_generator_VR":-68.464233},{"data_generator_IPULSE":0.0,"data_generator_T":2460.0,"data_generator_VR":-61.316723},{"data_generator_IPULSE":0.0,"data_generator_T":2470.0,"data_generator_VR":-57.241356},{"data_generator_IPULSE":0.0,"data_generator_T":2480.0,"data_generator_VR":-53.863518},{"data_generator_IPULSE":0.0,"data_generator_T":2490.0,"data_generator_VR":-50.813595},{"data_generator_IPULSE":0.0,"data_generator_T":2500.0,"data_generator_VR":-3.8693836},{"data_generator_IPULSE":0.0,"data_generator_T":2510.0,"data_generator_VR":-69.713867},{"data_generator_IPULSE":0.0,"data_generator_T":2520.0,"data_generator_VR":-62.580048},{"data_generator_IPULSE":0.0,"data_generator_T":2530.0,"data_generator_VR":-57.310944},{"data_generator_IPULSE":0.0,"data_generator_T":2540.0,"data_generator_VR":-53.921528},{"data_generator_IPULSE":0.0,"data_generator_T":2550.0,"data_generator_VR":-50.547161},{"data_generator_IPULSE":0.0,"data_generator_T":2560.0,"data_generator_VR":5.8359404},{"data_generator_IPULSE":0.0,"data_generator_T":2570.0,"data_generator_VR":-70.117226},{"data_generator_IPULSE":0.0,"data_generator_T":2580.0,"data_generator_VR":-63.565342},{"data_generator_IPULSE":0.0,"data_generator_T":2590.0,"data_generator_VR":-57.954334},{"data_generator_IPULSE":0.0,"data_generator_T":2600.0,"data_generator_VR":-54.075401},{"data_generator_IPULSE":0.0,"data_generator_T":2610.0,"data_generator_VR":-50.740688},{"data_generator_IPULSE":0.0,"data_generator_T":2620.0,"data_generator_VR":7.2857723},{"data_generator_IPULSE":0.0,"data_generator_T":2630.0,"data_generator_VR":-70.728806},{"data_generator_IPULSE":0.0,"data_generator_T":2640.0,"data_generator_VR":-64.757195},{"data_generator_IPULSE":0.0,"data_generator_T":2650.0,"data_generator_VR":-58.574257},{"data_generator_IPULSE":0.0,"data_generator_T":2660.0,"data_generator_VR":-54.44022},{"data_generator_IPULSE":0.0,"data_generator_T":2670.0,"data_generator_VR":-51.704792},{"data_generator_IPULSE":0.0,"data_generator_T":2680.0,"data_generator_VR":22.085785},{"data_generator_IPULSE":0.0,"data_generator_T":2690.0,"data_generator_VR":-71.022636},{"data_generator_IPULSE":0.0,"data_generator_T":2700.0,"data_generator_VR":-64.794807},{"data_generator_IPULSE":0.0,"data_generator_T":2710.0,"data_generator_VR":-58.656723},{"data_generator_IPULSE":0.0,"data_generator_T":2720.0,"data_generator_VR":-54.541794},{"data_generator_IPULSE":0.0,"data_generator_T":2730.0,"data_generator_VR":-51.741905},{"data_generator_IPULSE":0.0,"data_generator_T":2740.0,"data_generator_VR":29.196638},{"data_generator_IPULSE":0.0,"data_generator_T":2750.0,"data_generator_VR":-70.979584},{"data_generator_IPULSE":0.0,"data_generator_T":2760.0,"data_generator_VR":-65.070404},{"data_generator_IPULSE":0.0,"data_generator_T":2770.0,"data_generator_VR":-58.875507},{"data_generator_IPULSE":0.0,"data_generator_T":2780.0,"data_generator_VR":-54.808025},{"data_generator_IPULSE":0.0,"data_generator_T":2790.0,"data_generator_VR":-52.215946},{"data_generator_IPULSE":0.0,"data_generator_T":2800.0,"data_generator_VR":32.624195},{"data_generator_IPULSE":0.0,"data_generator_T":2810.0,"data_generator_VR":-71.021408},{"data_generator_IPULSE":0.0,"data_generator_T":2820.0,"data_generator_VR":-65.002266},{"data_generator_IPULSE":0.0,"data_generator_T":2830.0,"data_generator_VR":-58.805912},{"data_generator_IPULSE":0.0,"data_generator_T":2840.0,"data_generator_VR":-54.771881},{"data_generator_IPULSE":0.0,"data_generator_T":2850.0,"data_generator_VR":-52.043751},{"data_generator_IPULSE":0.0,"data_generator_T":2860.0,"data_generator_VR":35.770416},{"data_generator_IPULSE":0.0,"data_generator_T":2870.0,"data_generator_VR":-70.959541},{"data_generator_IPULSE":0.0,"data_generator_T":2880.0,"data_generator_VR":-65.580498},{"data_generator_IPULSE":0.0,"data_generator_T":2890.0,"data_generator_VR":-59.523926},{"data_generator_IPULSE":0.0,"data_generator_T":2900.0,"data_generator_VR":-55.417274},{"data_generator_IPULSE":0.0,"data_generator_T":2910.0,"data_generator_VR":-52.532551},{"data_generator_IPULSE":0.0,"data_generator_T":2920.0,"data_generator_VR":37.685535},{"data_generator_IPULSE":0.0,"data_generator_T":2930.0,"data_generator_VR":-70.771759},{"data_generator_IPULSE":0.0,"data_generator_T":2940.0,"data_generator_VR":-66.246048},{"data_generator_IPULSE":0.0,"data_generator_T":2950.0,"data_generator_VR":-60.095024},{"data_generator_IPULSE":0.0,"data_generator_T":2960.0,"data_generator_VR":-55.864601},{"data_generator_IPULSE":0.0,"data_generator_T":2970.0,"data_generator_VR":-52.849773},{"data_generator_IPULSE":0.0,"data_generator_T":2980.0,"data_generator_VR":40.718849},{"data_generator_IPULSE":0.0,"data_generator_T":2990.0,"data_generator_VR":-69.575981},{"data_generator_IPULSE":0.0,"data_generator_T":3000.0,"data_generator_VR":-66.390305},{"data_generator_IPULSE":0.0,"data_generator_T":3010.0,"data_generator_VR":-60.258038},{"data_generator_IPULSE":0.0,"data_generator_T":3020.0,"data_generator_VR":-56.073399},{"data_generator_IPULSE":0.0,"data_generator_T":3030.0,"data_generator_VR":-53.016403},{"data_generator_IPULSE":0.0,"data_generator_T":3040.0,"data_generator_VR":17.58297},{"data_generator_IPULSE":0.0,"data_generator_T":3050.0,"data_generator_VR":-56.484211},{"data_generator_IPULSE":0.0,"data_generator_T":3060.0,"data_generator_VR":-68.65802},{"data_generator_IPULSE":0.0,"data_generator_T":3070.0,"data_generator_VR":-61.460831},{"data_generator_IPULSE":0.0,"data_generator_T":3080.0,"data_generator_VR":-56.597301},{"data_generator_IPULSE":0.0,"data_generator_T":3090.0,"data_generator_VR":-53.716774},{"data_generator_IPULSE":0.0,"data_generator_T":3100.0,"data_generator_VR":-50.11908},{"data_generator_IPULSE":0.0,"data_generator_T":3110.0,"data_generator_VR":-21.799772},{"data_generator_IPULSE":0.0,"data_generator_T":3120.0,"data_generator_VR":-69.17868},{"data_generator_IPULSE":0.0,"data_generator_T":3130.0,"data_generator_VR":-61.921638},{"data_generator_IPULSE":0.0,"data_generator_T":3140.0,"data_generator_VR":-57.820297},{"data_generator_IPULSE":0.0,"data_generator_T":3150.0,"data_generator_VR":-53.990177},{"data_generator_IPULSE":0.0,"data_generator_T":3160.0,"data_generator_VR":-50.580452},{"data_generator_IPULSE":0.0,"data_generator_T":3170.0,"data_generator_VR":-10.901916},{"data_generator_IPULSE":0.0,"data_generator_T":3180.0,"data_generator_VR":-70.078949},{"data_generator_IPULSE":0.0,"data_generator_T":3190.0,"data_generator_VR":-63.056736},{"data_generator_IPULSE":0.0,"data_generator_T":3200.0,"data_generator_VR":-57.361614},{"data_generator_IPULSE":0.0,"data_generator_T":3210.0,"data_generator_VR":-53.708591},{"data_generator_IPULSE":0.0,"data_generator_T":3220.0,"data_generator_VR":-49.961407},{"data_generator_IPULSE":0.0,"data_generator_T":3230.0,"data_generator_VR":-27.327606},{"data_generator_IPULSE":0.0,"data_generator_T":3240.0,"data_generator_VR":-69.463448},{"data_generator_IPULSE":0.0,"data_generator_T":3250.0,"data_generator_VR":-62.103123},{"data_generator_IPULSE":0.0,"data_generator_T":3260.0,"data_generator_VR":-56.568089},{"data_generator_IPULSE":0.0,"data_generator_T":3270.0,"data_generator_VR":-53.307869},{"data_generator_IPULSE":0.0,"data_generator_T":3280.0,"data_generator_VR":-44.292},{"data_generator_IPULSE":0.0,"data_generator_T":3290.0,"data_generator_VR":-62.355885},{"data_generator_IPULSE":0.0,"data_generator_T":3300.0,"data_generator_VR":-67.705688},{"data_generator_IPULSE":0.0,"data_generator_T":3310.0,"data_generator_VR":-61.113235},{"data_generator_IPULSE":0.0,"data_generator_T":3320.0,"data_generator_VR":-56.469765},{"data_generator_IPULSE":0.0,"data_generator_T":3330.0,"data_generator_VR":-53.188972},{"data_generator_IPULSE":0.0,"data_generator_T":3340.0,"data_generator_VR":-41.601028},{"data_generator_IPULSE":0.0,"data_generator_T":3350.0,"data_generator_VR":-63.847244},{"data_generator_IPULSE":0.0,"data_generator_T":3360.0,"data_generator_VR":-68.219276},{"data_generator_IPULSE":0.0,"data_generator_T":3370.0,"data_generator_VR":-61.524326},{"data_generator_IPULSE":0.0,"data_generator_T":3380.0,"data_generator_VR":-56.814781},{"data_generator_IPULSE":0.0,"data_generator_T":3390.0,"data_generator_VR":-53.287323},{"data_generator_IPULSE":0.0,"data_generator_T":3400.0,"data_generator_VR":-45.3629},{"data_generator_IPULSE":0.0,"data_generator_T":3410.0,"data_generator_VR":-62.04826},{"data_generator_IPULSE":0.0,"data_generator_T":3420.0,"data_generator_VR":-68.409233},{"data_generator_IPULSE":0.0,"data_generator_T":3430.0,"data_generator_VR":-61.666847},{"data_generator_IPULSE":0.0,"data_generator_T":3440.0,"data_generator_VR":-56.559731},{"data_generator_IPULSE":0.0,"data_generator_T":3450.0,"data_generator_VR":-53.169823},{"data_generator_IPULSE":0.0,"data_generator_T":3460.0,"data_generator_VR":-24.891701},{"data_generator_IPULSE":0.0,"data_generator_T":3470.0,"data_generator_VR":-64.434433},{"data_generator_IPULSE":0.0,"data_generator_T":3480.0,"data_generator_VR":-68.014404},{"data_generator_IPULSE":0.0,"data_generator_T":3490.0,"data_generator_VR":-61.316051},{"data_generator_IPULSE":0.0,"data_generator_T":3500.0,"data_generator_VR":-56.787643},{"data_generator_IPULSE":0.0,"data_generator_T":3510.0,"data_generator_VR":-53.294167},{"data_generator_IPULSE":0.0,"data_generator_T":3520.0,"data_generator_VR":-46.451221},{"data_generator_IPULSE":0.0,"data_generator_T":3530.0,"data_generator_VR":-59.377098},{"data_generator_IPULSE":0.0,"data_generator_T":3540.0,"data_generator_VR":-67.780472},{"data_generator_IPULSE":0.0,"data_generator_T":3550.0,"data_generator_VR":-61.267269},{"data_generator_IPULSE":0.0,"data_generator_T":3560.0,"data_generator_VR":-56.991386},{"data_generator_IPULSE":0.0,"data_generator_T":3570.0,"data_generator_VR":-53.36755},{"data_generator_IPULSE":0.0,"data_generator_T":3580.0,"data_generator_VR":-48.312527},{"data_generator_IPULSE":0.0,"data_generator_T":3590.0,"data_generator_VR":-51.777973},{"data_generator_IPULSE":0.0,"data_generator_T":3600.0,"data_generator_VR":-68.79657},{"data_generator_IPULSE":0.0,"data_generator_T":3610.0,"data_generator_VR":-61.553722},{"data_generator_IPULSE":0.0,"data_generator_T":3620.0,"data_generator_VR":-57.65118},{"data_generator_IPULSE":0.0,"data_generator_T":3630.0,"data_generator_VR":-53.777378},{"data_generator_IPULSE":0.0,"data_generator_T":3640.0,"data_generator_VR":-50.393494},{"data_generator_IPULSE":0.0,"data_generator_T":3650.0,"data_generator_VR":-15.90669},{"data_generator_IPULSE":0.0,"data_generator_T":3660.0,"data_generator_VR":-69.997398},{"data_generator_IPULSE":0.0,"data_generator_T":3670.0,"data_generator_VR":-63.317791},{"data_generator_IPULSE":0.0,"data_generator_T":3680.0,"data_generator_VR":-57.528324},{"data_generator_IPULSE":0.0,"data_generator_T":3690.0,"data_generator_VR":-53.624744},{"data_generator_IPULSE":0.0,"data_generator_T":3700.0,"data_generator_VR":-49.552425},{"data_generator_IPULSE":0.0,"data_generator_T":3710.0,"data_generator_VR":-33.112717},{"data_generator_IPULSE":0.0,"data_generator_T":3720.0,"data_generator_VR":-68.812698},{"data_generator_IPULSE":0.0,"data_generator_T":3730.0,"data_generator_VR":-61.616577},{"data_generator_IPULSE":0.0,"data_generator_T":3740.0,"data_generator_VR":-56.789886},{"data_generator_IPULSE":0.0,"data_generator_T":3750.0,"data_generator_VR":-53.298893},{"data_generator_IPULSE":0.0,"data_generator_T":3760.0,"data_generator_VR":-47.51194},{"data_generator_IPULSE":0.0,"data_generator_T":3770.0,"data_generator_VR":-56.524689},{"data_generator_IPULSE":0.0,"data_generator_T":3780.0,"data_generator_VR":-67.993614},{"data_generator_IPULSE":0.0,"data_generator_T":3790.0,"data_generator_VR":-61.123131},{"data_generator_IPULSE":0.0,"data_generator_T":3800.0,"data_generator_VR":-57.096523},{"data_generator_IPULSE":0.0,"data_generator_T":3810.0,"data_generator_VR":-53.401508},{"data_generator_IPULSE":0.0,"data_generator_T":3820.0,"data_generator_VR":-46.221584},{"data_generator_IPULSE":0.0,"data_generator_T":3830.0,"data_generator_VR":-58.731102},{"data_generator_IPULSE":0.0,"data_generator_T":3840.0,"data_generator_VR":-67.86515},{"data_generator_IPULSE":0.0,"data_generator_T":3850.0,"data_generator_VR":-61.41338},{"data_generator_IPULSE":0.0,"data_generator_T":3860.0,"data_generator_VR":-56.381447},{"data_generator_IPULSE":0.0,"data_generator_T":3870.0,"data_generator_VR":-53.191967},{"data_generator_IPULSE":0.0,"data_generator_T":3880.0,"data_generator_VR":-8.7259903},{"data_generator_IPULSE":0.0,"data_generator_T":3890.0,"data_generator_VR":-64.859138},{"data_generator_IPULSE":0.0,"data_generator_T":3900.0,"data_generator_VR":-68.119156},{"data_generator_IPULSE":0.0,"data_generator_T":3910.0,"data_generator_VR":-61.181362},{"data_generator_IPULSE":0.0,"data_generator_T":3920.0,"data_generator_VR":-56.695156},{"data_generator_IPULSE":0.0,"data_generator_T":3930.0,"data_generator_VR":-53.286304},{"data_generator_IPULSE":0.0,"data_generator_T":3940.0,"data_generator_VR":-47.970051},{"data_generator_IPULSE":0.0,"data_generator_T":3950.0,"data_generator_VR":-31.519571},{"data_generator_IPULSE":0.0,"data_generator_T":3960.0,"data_generator_VR":-69.400398},{"data_generator_IPULSE":0.0,"data_generator_T":3970.0,"data_generator_VR":-62.073471},{"data_generator_IPULSE":0.0,"data_generator_T":3980.0,"data_generator_VR":-57.259357},{"data_generator_IPULSE":0.0,"data_generator_T":3990.0,"data_generator_VR":-53.669746},{"data_generator_IPULSE":0.0,"data_generator_T":4000.0,"data_generator_VR":-50.127438},{"data_generator_IPULSE":0.0,"data_generator_T":4010.0,"data_generator_VR":-4.8494015},{"data_generator_IPULSE":0.0,"data_generator_T":4020.0,"data_generator_VR":-69.688141},{"data_generator_IPULSE":0.0,"data_generator_T":4030.0,"data_generator_VR":-63.278217},{"data_generator_IPULSE":0.0,"data_generator_T":4040.0,"data_generator_VR":-57.888981},{"data_generator_IPULSE":0.0,"data_generator_T":4050.0,"data_generator_VR":-54.032379},{"data_generator_IPULSE":0.0,"data_generator_T":4060.0,"data_generator_VR":-50.619766},{"data_generator_IPULSE":0.0,"data_generator_T":4070.0,"data_generator_VR":-11.411858},{"data_generator_IPULSE":0.0,"data_generator_T":4080.0,"data_generator_VR":-69.970284},{"data_generator_IPULSE":0.0,"data_generator_T":4090.0,"data_generator_VR":-63.302631},{"data_generator_IPULSE":0.0,"data_generator_T":4100.0,"data_generator_VR":-57.785297},{"data_generator_IPULSE":0.0,"data_generator_T":4110.0,"data_generator_VR":-54.272541},{"data_generator_IPULSE":0.0,"data_generator_T":4120.0,"data_generator_VR":-51.301567},{"data_generator_IPULSE":0.0,"data_generator_T":4130.0,"data_generator_VR":10.211339},{"data_generator_IPULSE":0.0,"data_generator_T":4140.0,"data_generator_VR":-70.798271},{"data_generator_IPULSE":0.0,"data_generator_T":4150.0,"data_generator_VR":-63.911652},{"data_generator_IPULSE":0.0,"data_generator_T":4160.0,"data_generator_VR":-58.066841},{"data_generator_IPULSE":0.0,"data_generator_T":4170.0,"data_generator_VR":-54.2099},{"data_generator_IPULSE":0.0,"data_generator_T":4180.0,"data_generator_VR":-51.214993},{"data_generator_IPULSE":0.0,"data_generator_T":4190.0,"data_generator_VR":14.64931},{"data_generator_IPULSE":0.0,"data_generator_T":4200.0,"data_generator_VR":-70.491272},{"data_generator_IPULSE":0.0,"data_generator_T":4210.0,"data_generator_VR":-63.594105},{"data_generator_IPULSE":0.0,"data_generator_T":4220.0,"data_generator_VR":-57.688229},{"data_generator_IPULSE":0.0,"data_generator_T":4230.0,"data_generator_VR":-53.825546},{"data_generator_IPULSE":0.0,"data_generator_T":4240.0,"data_generator_VR":-50.467957},{"data_generator_IPULSE":0.0,"data_generator_T":4250.0,"data_generator_VR":-15.198226},{"data_generator_IPULSE":0.0,"data_generator_T":4260.0,"data_generator_VR":-69.937843},{"data_generator_IPULSE":0.0,"data_generator_T":4270.0,"data_generator_VR":-63.025326},{"data_generator_IPULSE":0.0,"data_generator_T":4280.0,"data_generator_VR":-57.417194},{"data_generator_IPULSE":0.0,"data_generator_T":4290.0,"data_generator_VR":-53.58728},{"data_generator_IPULSE":0.0,"data_generator_T":4300.0,"data_generator_VR":-49.354683},{"data_generator_IPULSE":0.0,"data_generator_T":4310.0,"data_generator_VR":-34.076225},{"data_generator_IPULSE":0.0,"data_generator_T":4320.0,"data_generator_VR":-68.711922},{"data_generator_IPULSE":0.0,"data_generator_T":4330.0,"data_generator_VR":-62.300434},{"data_generator_IPULSE":0.0,"data_generator_T":4340.0,"data_generator_VR":-57.153793},{"data_generator_IPULSE":0.0,"data_generator_T":4350.0,"data_generator_VR":-54.040451},{"data_generator_IPULSE":0.0,"data_generator_T":4360.0,"data_generator_VR":-50.800625},{"data_generator_IPULSE":0.0,"data_generator_T":4370.0,"data_generator_VR":10.418714},{"data_generator_IPULSE":0.0,"data_generator_T":4380.0,"data_generator_VR":-70.741188},{"data_generator_IPULSE":0.0,"data_generator_T":4390.0,"data_generator_VR":-64.444756},{"data_generator_IPULSE":0.0,"data_generator_T":4400.0,"data_generator_VR":-58.325943},{"data_generator_IPULSE":0.0,"data_generator_T":4410.0,"data_generator_VR":-54.333988},{"data_generator_IPULSE":0.0,"data_generator_T":4420.0,"data_generator_VR":-51.412945},{"data_generator_IPULSE":0.0,"data_generator_T":4430.0,"data_generator_VR":22.838919},{"data_generator_IPULSE":0.0,"data_generator_T":4440.0,"data_generator_VR":-70.772293},{"data_generator_IPULSE":0.0,"data_generator_T":4450.0,"data_generator_VR":-64.762337},{"data_generator_IPULSE":0.0,"data_generator_T":4460.0,"data_generator_VR":-58.611324},{"data_generator_IPULSE":0.0,"data_generator_T":4470.0,"data_generator_VR":-54.519562},{"data_generator_IPULSE":0.0,"data_generator_T":4480.0,"data_generator_VR":-51.976624},{"data_generator_IPULSE":0.0,"data_generator_T":4490.0,"data_generator_VR":30.986292},{"data_generator_IPULSE":0.0,"data_generator_T":4500.0,"data_generator_VR":-70.874161},{"data_generator_IPULSE":0.0,"data_generator_T":4510.0,"data_generator_VR":-66.063065},{"data_generator_IPULSE":0.0,"data_generator_T":4520.0,"data_generator_VR":-59.94043},{"data_generator_IPULSE":0.0,"data_generator_T":4530.0,"data_generator_VR":-55.622566},{"data_generator_IPULSE":0.0,"data_generator_T":4540.0,"data_generator_VR":-52.794861},{"data_generator_IPULSE":0.0,"data_generator_T":4550.0,"data_generator_VR":40.650749},{"data_generator_IPULSE":0.0,"data_generator_T":4560.0,"data_generator_VR":-69.516602},{"data_generator_IPULSE":0.0,"data_generator_T":4570.0,"data_generator_VR":-66.483299},{"data_generator_IPULSE":0.0,"data_generator_T":4580.0,"data_generator_VR":-60.319813},{"data_generator_IPULSE":0.0,"data_generator_T":4590.0,"data_generator_VR":-56.136566},{"data_generator_IPULSE":0.0,"data_generator_T":4600.0,"data_generator_VR":-52.981289},{"data_generator_IPULSE":0.0,"data_generator_T":4610.0,"data_generator_VR":38.050991},{"data_generator_IPULSE":0.0,"data_generator_T":4620.0,"data_generator_VR":-68.463295},{"data_generator_IPULSE":0.0,"data_generator_T":4630.0,"data_generator_VR":-67.627235},{"data_generator_IPULSE":0.0,"data_generator_T":4640.0,"data_generator_VR":-61.297115},{"data_generator_IPULSE":0.0,"data_generator_T":4650.0,"data_generator_VR":-56.786854},{"data_generator_IPULSE":0.0,"data_generator_T":4660.0,"data_generator_VR":-53.294422},{"data_generator_IPULSE":0.0,"data_generator_T":4670.0,"data_generator_VR":-46.472946},{"data_generator_IPULSE":0.0,"data_generator_T":4680.0,"data_generator_VR":-59.332161},{"data_generator_IPULSE":0.0,"data_generator_T":4690.0,"data_generator_VR":-68.002327},{"data_generator_IPULSE":0.0,"data_generator_T":4700.0,"data_generator_VR":-61.463455},{"data_generator_IPULSE":0.0,"data_generator_T":4710.0,"data_generator_VR":-56.89106},{"data_generator_IPULSE":0.0,"data_generator_T":4720.0,"data_generator_VR":-53.910267},{"data_generator_IPULSE":0.0,"data_generator_T":4730.0,"data_generator_VR":-50.382988},{"data_generator_IPULSE":0.0,"data_generator_T":4740.0,"data_generator_VR":-16.018326},{"data_generator_IPULSE":0.0,"data_generator_T":4750.0,"data_generator_VR":-69.264229},{"data_generator_IPULSE":0.0,"data_generator_T":4760.0,"data_generator_VR":-61.979568},{"data_generator_IPULSE":0.0,"data_generator_T":4770.0,"data_generator_VR":-56.951431},{"data_generator_IPULSE":0.0,"data_generator_T":4780.0,"data_generator_VR":-53.90591},{"data_generator_IPULSE":0.0,"data_generator_T":4790.0,"data_generator_VR":-50.231018},{"data_generator_IPULSE":0.0,"data_generator_T":4800.0,"data_generator_VR":-21.455721},{"data_generator_IPULSE":0.0,"data_generator_T":4810.0,"data_generator_VR":-69.053253},{"data_generator_IPULSE":0.0,"data_generator_T":4820.0,"data_generator_VR":-61.756001},{"data_generator_IPULSE":0.0,"data_generator_T":4830.0,"data_generator_VR":-57.031868},{"data_generator_IPULSE":0.0,"data_generator_T":4840.0,"data_generator_VR":-53.962814},{"data_generator_IPULSE":0.0,"data_generator_T":4850.0,"data_generator_VR":-50.748924},{"data_generator_IPULSE":0.0,"data_generator_T":4860.0,"data_generator_VR":-7.9940367},{"data_generator_IPULSE":0.0,"data_generator_T":4870.0,"data_generator_VR":-69.81105},{"data_generator_IPULSE":0.0,"data_generator_T":4880.0,"data_generator_VR":-62.636261},{"data_generator_IPULSE":0.0,"data_generator_T":4890.0,"data_generator_VR":-57.520214},{"data_generator_IPULSE":0.0,"data_generator_T":4900.0,"data_generator_VR":-53.566616},{"data_generator_IPULSE":0.0,"data_generator_T":4910.0,"data_generator_VR":-49.500946},{"data_generator_IPULSE":0.0,"data_generator_T":4920.0,"data_generator_VR":-35.69875},{"data_generator_IPULSE":0.0,"data_generator_T":4930.0,"data_generator_VR":-68.596001},{"data_generator_IPULSE":0.0,"data_generator_T":4940.0,"data_generator_VR":-61.706429},{"data_generator_IPULSE":0.0,"data_generator_T":4950.0,"data_generator_VR":-57.411823},{"data_generator_IPULSE":0.0,"data_generator_T":4960.0,"data_generator_VR":-54.200989},{"data_generator_IPULSE":0.0,"data_generator_T":4970.0,"data_generator_VR":-51.031898},{"data_generator_IPULSE":0.0,"data_generator_T":4980.0,"data_generator_VR":-0.35752603},{"data_generator_IPULSE":0.0,"data_generator_T":4990.0,"data_generator_VR":-70.49601},{"data_generator_IPULSE":0.0,"data_generator_T":5000.0,"data_generator_VR":-64.287308},{"data_generator_IPULSE":0.0,"data_generator_T":5010.0,"data_generator_VR":-58.212608},{"data_generator_IPULSE":0.0,"data_generator_T":5020.0,"data_generator_VR":-54.076283},{"data_generator_IPULSE":0.0,"data_generator_T":5030.0,"data_generator_VR":-51.024685},{"data_generator_IPULSE":0.0,"data_generator_T":5040.0,"data_generator_VR":1.718304},{"data_generator_IPULSE":0.0,"data_generator_T":5050.0,"data_generator_VR":-69.956718},{"data_generator_IPULSE":0.0,"data_generator_T":5060.0,"data_generator_VR":-63.577641},{"data_generator_IPULSE":0.0,"data_generator_T":5070.0,"data_generator_VR":-57.710896},{"data_generator_IPULSE":0.0,"data_generator_T":5080.0,"data_generator_VR":-53.732491},{"data_generator_IPULSE":0.0,"data_generator_T":5090.0,"data_generator_VR":-50.203892},{"data_generator_IPULSE":0.0,"data_generator_T":5100.0,"data_generator_VR":-20.25461},{"data_generator_IPULSE":0.0,"data_generator_T":5110.0,"data_generator_VR":-69.16201},{"data_generator_IPULSE":0.0,"data_generator_T":5120.0,"data_generator_VR":-62.398716},{"data_generator_IPULSE":0.0,"data_generator_T":5130.0,"data_generator_VR":-56.799728},{"data_generator_IPULSE":0.0,"data_generator_T":5140.0,"data_generator_VR":-53.812748},{"data_generator_IPULSE":0.0,"data_generator_T":5150.0,"data_generator_VR":-49.856689},{"data_generator_IPULSE":0.0,"data_generator_T":5160.0,"data_generator_VR":-27.861063},{"data_generator_IPULSE":0.0,"data_generator_T":5170.0,"data_generator_VR":-69.395485},{"data_generator_IPULSE":0.0,"data_generator_T":5180.0,"data_generator_VR":-62.980957},{"data_generator_IPULSE":0.0,"data_generator_T":5190.0,"data_generator_VR":-57.556873},{"data_generator_IPULSE":0.0,"data_generator_T":5200.0,"data_generator_VR":-54.294987},{"data_generator_IPULSE":0.0,"data_generator_T":5210.0,"data_generator_VR":-51.246422},{"data_generator_IPULSE":0.0,"data_generator_T":5220.0,"data_generator_VR":7.6712809},{"data_generator_IPULSE":0.0,"data_generator_T":5230.0,"data_generator_VR":-70.149391},{"data_generator_IPULSE":0.0,"data_generator_T":5240.0,"data_generator_VR":-62.990562},{"data_generator_IPULSE":0.0,"data_generator_T":5250.0,"data_generator_VR":-57.478374},{"data_generator_IPULSE":0.0,"data_generator_T":5260.0,"data_generator_VR":-53.807537},{"data_generator_IPULSE":0.0,"data_generator_T":5270.0,"data_generator_VR":-50.188602},{"data_generator_IPULSE":0.0,"data_generator_T":5280.0,"data_generator_VR":-20.758707},{"data_generator_IPULSE":0.0,"data_generator_T":5290.0,"data_generator_VR":-69.069916},{"data_generator_IPULSE":0.0,"data_generator_T":5300.0,"data_generator_VR":-62.641968},{"data_generator_IPULSE":0.0,"data_generator_T":5310.0,"data_generator_VR":-57.019119},{"data_generator_IPULSE":0.0,"data_generator_T":5320.0,"data_generator_VR":-53.31638},{"data_generator_IPULSE":0.0,"data_generator_T":5330.0,"data_generator_VR":-42.97036},{"data_generator_IPULSE":0.0,"data_generator_T":5340.0,"data_generator_VR":-46.956955},{"data_generator_IPULSE":0.0,"data_generator_T":5350.0,"data_generator_VR":-68.811081},{"data_generator_IPULSE":0.0,"data_generator_T":5360.0,"data_generator_VR":-61.727749},{"data_generator_IPULSE":0.0,"data_generator_T":5370.0,"data_generator_VR":-57.107658},{"data_generator_IPULSE":0.0,"data_generator_T":5380.0,"data_generator_VR":-53.484013},{"data_generator_IPULSE":0.0,"data_generator_T":5390.0,"data_generator_VR":-49.518394},{"data_generator_IPULSE":0.0,"data_generator_T":5400.0,"data_generator_VR":-12.476635},{"data_generator_IPULSE":0.0,"data_generator_T":5410.0,"data_generator_VR":-69.923775},{"data_generator_IPULSE":0.0,"data_generator_T":5420.0,"data_generator_VR":-62.786594},{"data_generator_IPULSE":0.0,"data_generator_T":5430.0,"data_generator_VR":-57.408588},{"data_generator_IPULSE":0.0,"data_generator_T":5440.0,"data_generator_VR":-54.016914},{"data_generator_IPULSE":0.0,"data_generator_T":5450.0,"data_generator_VR":-50.566998},{"data_generator_IPULSE":0.0,"data_generator_T":5460.0,"data_generator_VR":2.5174711},{"data_generator_IPULSE":0.0,"data_generator_T":5470.0,"data_generator_VR":-70.074753},{"data_generator_IPULSE":0.0,"data_generator_T":5480.0,"data_generator_VR":-63.501865},{"data_generator_IPULSE":0.0,"data_generator_T":5490.0,"data_generator_VR":-57.665489},{"data_generator_IPULSE":0.0,"data_generator_T":5500.0,"data_generator_VR":-53.952801},{"data_generator_IPULSE":0.0,"data_generator_T":5510.0,"data_generator_VR":-50.6171},{"data_generator_IPULSE":0.0,"data_generator_T":5520.0,"data_generator_VR":0.65790766},{"data_generator_IPULSE":0.0,"data_generator_T":5530.0,"data_generator_VR":-69.871407},{"data_generator_IPULSE":0.0,"data_generator_T":5540.0,"data_generator_VR":-62.903275},{"data_generator_IPULSE":0.0,"data_generator_T":5550.0,"data_generator_VR":-57.978634},{"data_generator_IPULSE":0.0,"data_generator_T":5560.0,"data_generator_VR":-53.857624},{"data_generator_IPULSE":0.0,"data_generator_T":5570.0,"data_generator_VR":-50.514954},{"data_generator_IPULSE":0.0,"data_generator_T":5580.0,"data_generator_VR":0.61688584},{"data_generator_IPULSE":0.0,"data_generator_T":5590.0,"data_generator_VR":-69.86544},{"data_generator_IPULSE":0.0,"data_generator_T":5600.0,"data_generator_VR":-62.74691},{"data_generator_IPULSE":0.0,"data_generator_T":5610.0,"data_generator_VR":-57.477428},{"data_generator_IPULSE":0.0,"data_generator_T":5620.0,"data_generator_VR":-54.128174},{"data_generator_IPULSE":0.0,"data_generator_T":5630.0,"data_generator_VR":-50.891121},{"data_generator_IPULSE":0.0,"data_generator_T":5640.0,"data_generator_VR":8.6938438},{"data_generator_IPULSE":0.0,"data_generator_T":5650.0,"data_generator_VR":-70.254211},{"data_generator_IPULSE":0.0,"data_generator_T":5660.0,"data_generator_VR":-63.216331},{"data_generator_IPULSE":0.0,"data_generator_T":5670.0,"data_generator_VR":-58.136242},{"data_generator_IPULSE":0.0,"data_generator_T":5680.0,"data_generator_VR":-54.509407},{"data_generator_IPULSE":0.0,"data_generator_T":5690.0,"data_generator_VR":-51.876881},{"data_generator_IPULSE":0.0,"data_generator_T":5700.0,"data_generator_VR":33.512283},{"data_generator_IPULSE":0.0,"data_generator_T":5710.0,"data_generator_VR":-71.013275},{"data_generator_IPULSE":0.0,"data_generator_T":5720.0,"data_generator_VR":-65.085892},{"data_generator_IPULSE":0.0,"data_generator_T":5730.0,"data_generator_VR":-58.897251},{"data_generator_IPULSE":0.0,"data_generator_T":5740.0,"data_generator_VR":-54.697323},{"data_generator_IPULSE":0.0,"data_generator_T":5750.0,"data_generator_VR":-51.846939},{"data_generator_IPULSE":0.0,"data_generator_T":5760.0,"data_generator_VR":30.02932},{"data_generator_IPULSE":0.0,"data_generator_T":5770.0,"data_generator_VR":-70.92495},{"data_generator_IPULSE":0.0,"data_generator_T":5780.0,"data_generator_VR":-65.596878},{"data_generator_IPULSE":0.0,"data_generator_T":5790.0,"data_generator_VR":-59.500267},{"data_generator_IPULSE":0.0,"data_generator_T":5800.0,"data_generator_VR":-55.405888},{"data_generator_IPULSE":0.0,"data_generator_T":5810.0,"data_generator_VR":-52.676086},{"data_generator_IPULSE":0.0,"data_generator_T":5820.0,"data_generator_VR":39.420135},{"data_generator_IPULSE":0.0,"data_generator_T":5830.0,"data_generator_VR":-69.406631},{"data_generator_IPULSE":0.0,"data_generator_T":5840.0,"data_generator_VR":-66.410965},{"data_generator_IPULSE":0.0,"data_generator_T":5850.0,"data_generator_VR":-60.294804},{"data_generator_IPULSE":0.0,"data_generator_T":5860.0,"data_generator_VR":-56.110283},{"data_generator_IPULSE":0.0,"data_generator_T":5870.0,"data_generator_VR":-53.018097},{"data_generator_IPULSE":0.0,"data_generator_T":5880.0,"data_generator_VR":37.713882},{"data_generator_IPULSE":0.0,"data_generator_T":5890.0,"data_generator_VR":-68.550217},{"data_generator_IPULSE":0.0,"data_generator_T":5900.0,"data_generator_VR":-66.914757},{"data_generator_IPULSE":0.0,"data_generator_T":5910.0,"data_generator_VR":-60.749825},{"data_generator_IPULSE":0.0,"data_generator_T":5920.0,"data_generator_VR":-56.438019},{"data_generator_IPULSE":0.0,"data_generator_T":5930.0,"data_generator_VR":-53.158302},{"data_generator_IPULSE":0.0,"data_generator_T":5940.0,"data_generator_VR":-39.239525},{"data_generator_IPULSE":0.0,"data_generator_T":5950.0,"data_generator_VR":-64.3778},{"data_generator_IPULSE":0.0,"data_generator_T":5960.0,"data_generator_VR":-68.078842},{"data_generator_IPULSE":0.0,"data_generator_T":5970.0,"data_generator_VR":-61.005478},{"data_generator_IPULSE":0.0,"data_generator_T":5980.0,"data_generator_VR":-56.811108},{"data_generator_IPULSE":0.0,"data_generator_T":5990.0,"data_generator_VR":-53.376766},{"data_generator_IPULSE":0.0,"data_generator_T":6000.0,"data_generator_VR":-49.293873},{"data_generator_IPULSE":0.0,"data_generator_T":6010.0,"data_generator_VR":-39.814541},{"data_generator_IPULSE":0.0,"data_generator_T":6020.0,"data_generator_VR":-68.484947},{"data_generator_IPULSE":0.0,"data_generator_T":6030.0,"data_generator_VR":-61.532722},{"data_generator_IPULSE":0.0,"data_generator_T":6040.0,"data_generator_VR":-56.343998},{"data_generator_IPULSE":0.0,"data_generator_T":6050.0,"data_generator_VR":-53.083706},{"data_generator_IPULSE":0.0,"data_generator_T":6060.0,"data_generator_VR":-47.030693},{"data_generator_IPULSE":0.0,"data_generator_T":6070.0,"data_generator_VR":-59.529804},{"data_generator_IPULSE":0.0,"data_generator_T":6080.0,"data_generator_VR":-68.486313},{"data_generator_IPULSE":0.0,"data_generator_T":6090.0,"data_generator_VR":-61.795868},{"data_generator_IPULSE":0.0,"data_generator_T":6100.0,"data_generator_VR":-57.902802},{"data_generator_IPULSE":0.0,"data_generator_T":6110.0,"data_generator_VR":-53.845589},{"data_generator_IPULSE":0.0,"data_generator_T":6120.0,"data_generator_VR":-50.223324},{"data_generator_IPULSE":0.0,"data_generator_T":6130.0,"data_generator_VR":-20.749891},{"data_generator_IPULSE":0.0,"data_generator_T":6140.0,"data_generator_VR":-69.064957},{"data_generator_IPULSE":0.0,"data_generator_T":6150.0,"data_generator_VR":-62.634361},{"data_generator_IPULSE":0.0,"data_generator_T":6160.0,"data_generator_VR":-56.947342},{"data_generator_IPULSE":0.0,"data_generator_T":6170.0,"data_generator_VR":-53.404091},{"data_generator_IPULSE":0.0,"data_generator_T":6180.0,"data_generator_VR":-46.263893},{"data_generator_IPULSE":0.0,"data_generator_T":6190.0,"data_generator_VR":-59.894341},{"data_generator_IPULSE":0.0,"data_generator_T":6200.0,"data_generator_VR":-67.798485},{"data_generator_IPULSE":0.0,"data_generator_T":6210.0,"data_generator_VR":-61.273224},{"data_generator_IPULSE":0.0,"data_generator_T":6220.0,"data_generator_VR":-56.756927},{"data_generator_IPULSE":0.0,"data_generator_T":6230.0,"data_generator_VR":-53.271652},{"data_generator_IPULSE":0.0,"data_generator_T":6240.0,"data_generator_VR":-45.101017},{"data_generator_IPULSE":0.0,"data_generator_T":6250.0,"data_generator_VR":-61.450157},{"data_generator_IPULSE":0.0,"data_generator_T":6260.0,"data_generator_VR":-67.697571},{"data_generator_IPULSE":0.0,"data_generator_T":6270.0,"data_generator_VR":-61.174702},{"data_generator_IPULSE":0.0,"data_generator_T":6280.0,"data_generator_VR":-56.709911},{"data_generator_IPULSE":0.0,"data_generator_T":6290.0,"data_generator_VR":-53.496227},{"data_generator_IPULSE":0.0,"data_generator_T":6300.0,"data_generator_VR":-49.673409},{"data_generator_IPULSE":0.0,"data_generator_T":6310.0,"data_generator_VR":-33.611279},{"data_generator_IPULSE":0.0,"data_generator_T":6320.0,"data_generator_VR":-68.660591},{"data_generator_IPULSE":0.0,"data_generator_T":6330.0,"data_generator_VR":-62.192814},{"data_generator_IPULSE":0.0,"data_generator_T":6340.0,"data_generator_VR":-56.95623},{"data_generator_IPULSE":0.0,"data_generator_T":6350.0,"data_generator_VR":-53.802906},{"data_generator_IPULSE":0.0,"data_generator_T":6360.0,"data_generator_VR":-50.208572},{"data_generator_IPULSE":0.0,"data_generator_T":6370.0,"data_generator_VR":-7.8815899},{"data_generator_IPULSE":0.0,"data_generator_T":6380.0,"data_generator_VR":-70.239235},{"data_generator_IPULSE":0.0,"data_generator_T":6390.0,"data_generator_VR":-63.737305},{"data_generator_IPULSE":0.0,"data_generator_T":6400.0,"data_generator_VR":-58.862995},{"data_generator_IPULSE":0.0,"data_generator_T":6410.0,"data_generator_VR":-54.559055},{"data_generator_IPULSE":0.0,"data_generator_T":6420.0,"data_generator_VR":-51.711872},{"data_generator_IPULSE":0.0,"data_generator_T":6430.0,"data_generator_VR":18.947309},{"data_generator_IPULSE":0.0,"data_generator_T":6440.0,"data_generator_VR":-70.990509},{"data_generator_IPULSE":0.0,"data_generator_T":6450.0,"data_generator_VR":-65.454407},{"data_generator_IPULSE":0.0,"data_generator_T":6460.0,"data_generator_VR":-59.791836},{"data_generator_IPULSE":0.0,"data_generator_T":6470.0,"data_generator_VR":-55.00732},{"data_generator_IPULSE":0.0,"data_generator_T":6480.0,"data_generator_VR":-52.235493},{"data_generator_IPULSE":0.0,"data_generator_T":6490.0,"data_generator_VR":36.772953},{"data_generator_IPULSE":0.0,"data_generator_T":6500.0,"data_generator_VR":-70.87159},{"data_generator_IPULSE":0.0,"data_generator_T":6510.0,"data_generator_VR":-66.101852},{"data_generator_IPULSE":0.0,"data_generator_T":6520.0,"data_generator_VR":-59.963024},{"data_generator_IPULSE":0.0,"data_generator_T":6530.0,"data_generator_VR":-55.7981},{"data_generator_IPULSE":0.0,"data_generator_T":6540.0,"data_generator_VR":-52.820602},{"data_generator_IPULSE":0.0,"data_generator_T":6550.0,"data_generator_VR":40.667587},{"data_generator_IPULSE":0.0,"data_generator_T":6560.0,"data_generator_VR":-66.336006},{"data_generator_IPULSE":0.0,"data_generator_T":6570.0,"data_generator_VR":-68.008698},{"data_generator_IPULSE":0.0,"data_generator_T":6580.0,"data_generator_VR":-61.540859},{"data_generator_IPULSE":0.0,"data_generator_T":6590.0,"data_generator_VR":-56.190079},{"data_generator_IPULSE":0.0,"data_generator_T":6600.0,"data_generator_VR":-53.13203},{"data_generator_IPULSE":0.0,"data_generator_T":6610.0,"data_generator_VR":-44.643562},{"data_generator_IPULSE":0.0,"data_generator_T":6620.0,"data_generator_VR":-62.763378},{"data_generator_IPULSE":0.0,"data_generator_T":6630.0,"data_generator_VR":-68.038368},{"data_generator_IPULSE":0.0,"data_generator_T":6640.0,"data_generator_VR":-60.972878},{"data_generator_IPULSE":0.0,"data_generator_T":6650.0,"data_generator_VR":-56.890045},{"data_generator_IPULSE":0.0,"data_generator_T":6660.0,"data_generator_VR":-53.728813},{"data_generator_IPULSE":0.0,"data_generator_T":6670.0,"data_generator_VR":-49.879765},{"data_generator_IPULSE":0.0,"data_generator_T":6680.0,"data_generator_VR":-13.797576},{"data_generator_IPULSE":0.0,"data_generator_T":6690.0,"data_generator_VR":-69.331764},{"data_generator_IPULSE":0.0,"data_generator_T":6700.0,"data_generator_VR":-62.054028},{"data_generator_IPULSE":0.0,"data_generator_T":6710.0,"data_generator_VR":-57.870876},{"data_generator_IPULSE":0.0,"data_generator_T":6720.0,"data_generator_VR":-54.387543},{"data_generator_IPULSE":0.0,"data_generator_T":6730.0,"data_generator_VR":-51.494118},{"data_generator_IPULSE":0.0,"data_generator_T":6740.0,"data_generator_VR":22.366192},{"data_generator_IPULSE":0.0,"data_generator_T":6750.0,"data_generator_VR":-71.022911},{"data_generator_IPULSE":0.0,"data_generator_T":6760.0,"data_generator_VR":-64.737328},{"data_generator_IPULSE":0.0,"data_generator_T":6770.0,"data_generator_VR":-58.874325},{"data_generator_IPULSE":0.0,"data_generator_T":6780.0,"data_generator_VR":-55.094116},{"data_generator_IPULSE":0.0,"data_generator_T":6790.0,"data_generator_VR":-52.505943},{"data_generator_IPULSE":0.0,"data_generator_T":6800.0,"data_generator_VR":39.238609},{"data_generator_IPULSE":0.0,"data_generator_T":6810.0,"data_generator_VR":-68.558723},{"data_generator_IPULSE":0.0,"data_generator_T":6820.0,"data_generator_VR":-66.857651},{"data_generator_IPULSE":0.0,"data_generator_T":6830.0,"data_generator_VR":-60.645401},{"data_generator_IPULSE":0.0,"data_generator_T":6840.0,"data_generator_VR":-56.347027},{"data_generator_IPULSE":0.0,"data_generator_T":6850.0,"data_generator_VR":-53.035706},{"data_generator_IPULSE":0.0,"data_generator_T":6860.0,"data_generator_VR":-44.269199},{"data_generator_IPULSE":0.0,"data_generator_T":6870.0,"data_generator_VR":-63.409294},{"data_generator_IPULSE":0.0,"data_generator_T":6880.0,"data_generator_VR":-68.208519},{"data_generator_IPULSE":0.0,"data_generator_T":6890.0,"data_generator_VR":-61.116611},{"data_generator_IPULSE":0.0,"data_generator_T":6900.0,"data_generator_VR":-56.641041},{"data_generator_IPULSE":0.0,"data_generator_T":6910.0,"data_generator_VR":-53.215572},{"data_generator_IPULSE":0.0,"data_generator_T":6920.0,"data_generator_VR":-42.701431},{"data_generator_IPULSE":0.0,"data_generator_T":6930.0,"data_generator_VR":-63.80238},{"data_generator_IPULSE":0.0,"data_generator_T":6940.0,"data_generator_VR":-68.200661},{"data_generator_IPULSE":0.0,"data_generator_T":6950.0,"data_generator_VR":-61.766277},{"data_generator_IPULSE":0.0,"data_generator_T":6960.0,"data_generator_VR":-57.067425},{"data_generator_IPULSE":0.0,"data_generator_T":6970.0,"data_generator_VR":-53.447216},{"data_generator_IPULSE":0.0,"data_generator_T":6980.0,"data_generator_VR":-48.436924},{"data_generator_IPULSE":0.0,"data_generator_T":6990.0,"data_generator_VR":-51.699692},{"data_generator_IPULSE":0.0,"data_generator_T":7000.0,"data_generator_VR":-68.70771},{"data_generator_IPULSE":0.0,"data_generator_T":7010.0,"data_generator_VR":-61.490894},{"data_generator_IPULSE":0.0,"data_generator_T":7020.0,"data_generator_VR":-57.544643},{"data_generator_IPULSE":0.0,"data_generator_T":7030.0,"data_generator_VR":-53.631538},{"data_generator_IPULSE":0.0,"data_generator_T":7040.0,"data_generator_VR":-49.615067},{"data_generator_IPULSE":0.0,"data_generator_T":7050.0,"data_generator_VR":-33.097965},{"data_generator_IPULSE":0.0,"data_generator_T":7060.0,"data_generator_VR":-68.773766},{"data_generator_IPULSE":0.0,"data_generator_T":7070.0,"data_generator_VR":-61.738422},{"data_generator_IPULSE":0.0,"data_generator_T":7080.0,"data_generator_VR":-56.533741},{"data_generator_IPULSE":0.0,"data_generator_T":7090.0,"data_generator_VR":-53.119301},{"data_generator_IPULSE":0.0,"data_generator_T":7100.0,"data_generator_VR":-44.560997},{"data_generator_IPULSE":0.0,"data_generator_T":7110.0,"data_generator_VR":-45.892735},{"data_generator_IPULSE":0.0,"data_generator_T":7120.0,"data_generator_VR":-69.155846},{"data_generator_IPULSE":0.0,"data_generator_T":7130.0,"data_generator_VR":-61.984585},{"data_generator_IPULSE":0.0,"data_generator_T":7140.0,"data_generator_VR":-57.403168},{"data_generator_IPULSE":0.0,"data_generator_T":7150.0,"data_generator_VR":-53.691578},{"data_generator_IPULSE":0.0,"data_generator_T":7160.0,"data_generator_VR":-50.290634},{"data_generator_IPULSE":0.0,"data_generator_T":7170.0,"data_generator_VR":-18.004133},{"data_generator_IPULSE":0.0,"data_generator_T":7180.0,"data_generator_VR":-69.946907},{"data_generator_IPULSE":0.0,"data_generator_T":7190.0,"data_generator_VR":-63.030098},{"data_generator_IPULSE":0.0,"data_generator_T":7200.0,"data_generator_VR":-57.388294},{"data_generator_IPULSE":0.0,"data_generator_T":7210.0,"data_generator_VR":-53.632542},{"data_generator_IPULSE":0.0,"data_generator_T":7220.0,"data_generator_VR":-49.438862},{"data_generator_IPULSE":0.0,"data_generator_T":7230.0,"data_generator_VR":-38.429985},{"data_generator_IPULSE":0.0,"data_generator_T":7240.0,"data_generator_VR":-68.527466},{"data_generator_IPULSE":0.0,"data_generator_T":7250.0,"data_generator_VR":-61.47694},{"data_generator_IPULSE":0.0,"data_generator_T":7260.0,"data_generator_VR":-56.930302},{"data_generator_IPULSE":0.0,"data_generator_T":7270.0,"data_generator_VR":-53.781483},{"data_generator_IPULSE":0.0,"data_generator_T":7280.0,"data_generator_VR":-49.969639},{"data_generator_IPULSE":0.0,"data_generator_T":7290.0,"data_generator_VR":-12.170232},{"data_generator_IPULSE":0.0,"data_generator_T":7300.0,"data_generator_VR":-69.923271},{"data_generator_IPULSE":0.0,"data_generator_T":7310.0,"data_generator_VR":-62.73571},{"data_generator_IPULSE":0.0,"data_generator_T":7320.0,"data_generator_VR":-57.843876},{"data_generator_IPULSE":0.0,"data_generator_T":7330.0,"data_generator_VR":-54.050739},{"data_generator_IPULSE":0.0,"data_generator_T":7340.0,"data_generator_VR":-50.729416},{"data_generator_IPULSE":0.0,"data_generator_T":7350.0,"data_generator_VR":9.2939959},{"data_generator_IPULSE":0.0,"data_generator_T":7360.0,"data_generator_VR":-70.604118},{"data_generator_IPULSE":0.0,"data_generator_T":7370.0,"data_generator_VR":-64.526207},{"data_generator_IPULSE":0.0,"data_generator_T":7380.0,"data_generator_VR":-58.41544},{"data_generator_IPULSE":0.0,"data_generator_T":7390.0,"data_generator_VR":-54.658901},{"data_generator_IPULSE":0.0,"data_generator_T":7400.0,"data_generator_VR":-51.864822},{"data_generator_IPULSE":0.0,"data_generator_T":7410.0,"data_generator_VR":24.332964},{"data_generator_IPULSE":0.0,"data_generator_T":7420.0,"data_generator_VR":-70.860123},{"data_generator_IPULSE":0.0,"data_generator_T":7430.0,"data_generator_VR":-64.228943},{"data_generator_IPULSE":0.0,"data_generator_T":7440.0,"data_generator_VR":-58.173775},{"data_generator_IPULSE":0.0,"data_generator_T":7450.0,"data_generator_VR":-54.042618},{"data_generator_IPULSE":0.0,"data_generator_T":7460.0,"data_generator_VR":-50.662018},{"data_generator_IPULSE":0.0,"data_generator_T":7470.0,"data_generator_VR":-10.124413},{"data_generator_IPULSE":0.0,"data_generator_T":7480.0,"data_generator_VR":-70.195442},{"data_generator_IPULSE":0.0,"data_generator_T":7490.0,"data_generator_VR":-63.588741},{"data_generator_IPULSE":0.0,"data_generator_T":7500.0,"data_generator_VR":-58.422066},{"data_generator_IPULSE":0.0,"data_generator_T":7510.0,"data_generator_VR":-54.324226},{"data_generator_IPULSE":0.0,"data_generator_T":7520.0,"data_generator_VR":-51.465912},{"data_generator_IPULSE":0.0,"data_generator_T":7530.0,"data_generator_VR":12.971525},{"data_generator_IPULSE":0.0,"data_generator_T":7540.0,"data_generator_VR":-70.416039},{"data_generator_IPULSE":0.0,"data_generator_T":7550.0,"data_generator_VR":-64.081367},{"data_generator_IPULSE":0.0,"data_generator_T":7560.0,"data_generator_VR":-58.032227},{"data_generator_IPULSE":0.0,"data_generator_T":7570.0,"data_generator_VR":-54.630283},{"data_generator_IPULSE":0.0,"data_generator_T":7580.0,"data_generator_VR":-51.976112},{"data_generator_IPULSE":0.0,"data_generator_T":7590.0,"data_generator_VR":30.777376},{"data_generator_IPULSE":0.0,"data_generator_T":7600.0,"data_generator_VR":-71.012207},{"data_generator_IPULSE":0.0,"data_generator_T":7610.0,"data_generator_VR":-64.757881},{"data_generator_IPULSE":0.0,"data_generator_T":7620.0,"data_generator_VR":-58.576481},{"data_generator_IPULSE":0.0,"data_generator_T":7630.0,"data_generator_VR":-54.490616},{"data_generator_IPULSE":0.0,"data_generator_T":7640.0,"data_generator_VR":-51.636799},{"data_generator_IPULSE":0.0,"data_generator_T":7650.0,"data_generator_VR":25.834158},{"data_generator_IPULSE":0.0,"data_generator_T":7660.0,"data_generator_VR":-70.920349},{"data_generator_IPULSE":0.0,"data_generator_T":7670.0,"data_generator_VR":-64.283363},{"data_generator_IPULSE":0.0,"data_generator_T":7680.0,"data_generator_VR":-59.260101},{"data_generator_IPULSE":0.0,"data_generator_T":7690.0,"data_generator_VR":-54.821201},{"data_generator_IPULSE":0.0,"data_generator_T":7700.0,"data_generator_VR":-51.968773},{"data_generator_IPULSE":0.0,"data_generator_T":7710.0,"data_generator_VR":33.805164},{"data_generator_IPULSE":0.0,"data_generator_T":7720.0,"data_generator_VR":-71.016251},{"data_generator_IPULSE":0.0,"data_generator_T":7730.0,"data_generator_VR":-65.093918},{"data_generator_IPULSE":0.0,"data_generator_T":7740.0,"data_generator_VR":-58.905918},{"data_generator_IPULSE":0.0,"data_generator_T":7750.0,"data_generator_VR":-54.761692},{"data_generator_IPULSE":0.0,"data_generator_T":7760.0,"data_generator_VR":-51.964146},{"data_generator_IPULSE":0.0,"data_generator_T":7770.0,"data_generator_VR":25.944197},{"data_generator_IPULSE":0.0,"data_generator_T":7780.0,"data_generator_VR":-70.896812},{"data_generator_IPULSE":0.0,"data_generator_T":7790.0,"data_generator_VR":-64.199921},{"data_generator_IPULSE":0.0,"data_generator_T":7800.0,"data_generator_VR":-58.868652},{"data_generator_IPULSE":0.0,"data_generator_T":7810.0,"data_generator_VR":-54.805824},{"data_generator_IPULSE":0.0,"data_generator_T":7820.0,"data_generator_VR":-52.247204},{"data_generator_IPULSE":0.0,"data_generator_T":7830.0,"data_generator_VR":35.142696},{"data_generator_IPULSE":0.0,"data_generator_T":7840.0,"data_generator_VR":-70.164406},{"data_generator_IPULSE":0.0,"data_generator_T":7850.0,"data_generator_VR":-66.731499},{"data_generator_IPULSE":0.0,"data_generator_T":7860.0,"data_generator_VR":-60.549187},{"data_generator_IPULSE":0.0,"data_generator_T":7870.0,"data_generator_VR":-56.369751},{"data_generator_IPULSE":0.0,"data_generator_T":7880.0,"data_generator_VR":-53.179962},{"data_generator_IPULSE":0.0,"data_generator_T":7890.0,"data_generator_VR":-46.69223},{"data_generator_IPULSE":0.0,"data_generator_T":7900.0,"data_generator_VR":-34.893963},{"data_generator_IPULSE":0.0,"data_generator_T":7910.0,"data_generator_VR":-68.663673},{"data_generator_IPULSE":0.0,"data_generator_T":7920.0,"data_generator_VR":-61.623158},{"data_generator_IPULSE":0.0,"data_generator_T":7930.0,"data_generator_VR":-57.734489},{"data_generator_IPULSE":0.0,"data_generator_T":7940.0,"data_generator_VR":-53.865955},{"data_generator_IPULSE":0.0,"data_generator_T":7950.0,"data_generator_VR":-50.294735},{"data_generator_IPULSE":0.0,"data_generator_T":7960.0,"data_generator_VR":-4.7225027},{"data_generator_IPULSE":0.0,"data_generator_T":7970.0,"data_generator_VR":-69.681221},{"data_generator_IPULSE":0.0,"data_generator_T":7980.0,"data_generator_VR":-62.394905},{"data_generator_IPULSE":0.0,"data_generator_T":7990.0,"data_generator_VR":-57.531815},{"data_generator_IPULSE":0.0,"data_generator_T":8000.0,"data_generator_VR":-54.299683},{"data_generator_IPULSE":0.0,"data_generator_T":8010.0,"data_generator_VR":-51.246284},{"data_generator_IPULSE":0.0,"data_generator_T":8020.0,"data_generator_VR":15.431197},{"data_generator_IPULSE":0.0,"data_generator_T":8030.0,"data_generator_VR":-70.513641},{"data_generator_IPULSE":0.0,"data_generator_T":8040.0,"data_generator_VR":-64.062004},{"data_generator_IPULSE":0.0,"data_generator_T":8050.0,"data_generator_VR":-58.186817},{"data_generator_IPULSE":0.0,"data_generator_T":8060.0,"data_generator_VR":-54.301823},{"data_generator_IPULSE":0.0,"data_generator_T":8070.0,"data_generator_VR":-51.367611},{"data_generator_IPULSE":0.0,"data_generator_T":8080.0,"data_generator_VR":22.947227},{"data_generator_IPULSE":0.0,"data_generator_T":8090.0,"data_generator_VR":-70.843567},{"data_generator_IPULSE":0.0,"data_generator_T":8100.0,"data_generator_VR":-64.655434},{"data_generator_IPULSE":0.0,"data_generator_T":8110.0,"data_generator_VR":-58.484917},{"data_generator_IPULSE":0.0,"data_generator_T":8120.0,"data_generator_VR":-54.266571},{"data_generator_IPULSE":0.0,"data_generator_T":8130.0,"data_generator_VR":-51.231201},{"data_generator_IPULSE":0.0,"data_generator_T":8140.0,"data_generator_VR":5.8216758},{"data_generator_IPULSE":0.0,"data_generator_T":8150.0,"data_generator_VR":-70.091385},{"data_generator_IPULSE":0.0,"data_generator_T":8160.0,"data_generator_VR":-63.425793},{"data_generator_IPULSE":0.0,"data_generator_T":8170.0,"data_generator_VR":-58.418716},{"data_generator_IPULSE":0.0,"data_generator_T":8180.0,"data_generator_VR":-54.418491},{"data_generator_IPULSE":0.0,"data_generator_T":8190.0,"data_generator_VR":-51.525955},{"data_generator_IPULSE":0.0,"data_generator_T":8200.0,"data_generator_VR":13.817163},{"data_generator_IPULSE":0.0,"data_generator_T":8210.0,"data_generator_VR":-70.443947},{"data_generator_IPULSE":0.0,"data_generator_T":8220.0,"data_generator_VR":-63.800079},{"data_generator_IPULSE":0.0,"data_generator_T":8230.0,"data_generator_VR":-57.872986},{"data_generator_IPULSE":0.0,"data_generator_T":8240.0,"data_generator_VR":-53.893505},{"data_generator_IPULSE":0.0,"data_generator_T":8250.0,"data_generator_VR":-50.384235},{"data_generator_IPULSE":0.0,"data_generator_T":8260.0,"data_generator_VR":-16.190889},{"data_generator_IPULSE":0.0,"data_generator_T":8270.0,"data_generator_VR":-69.813461},{"data_generator_IPULSE":0.0,"data_generator_T":8280.0,"data_generator_VR":-62.478588},{"data_generator_IPULSE":0.0,"data_generator_T":8290.0,"data_generator_VR":-56.823265},{"data_generator_IPULSE":0.0,"data_generator_T":8300.0,"data_generator_VR":-53.257637},{"data_generator_IPULSE":0.0,"data_generator_T":8310.0,"data_generator_VR":-47.952335},{"data_generator_IPULSE":0.0,"data_generator_T":8320.0,"data_generator_VR":-55.228329},{"data_generator_IPULSE":0.0,"data_generator_T":8330.0,"data_generator_VR":-68.860954},{"data_generator_IPULSE":0.0,"data_generator_T":8340.0,"data_generator_VR":-62.068035},{"data_generator_IPULSE":0.0,"data_generator_T":8350.0,"data_generator_VR":-56.687141},{"data_generator_IPULSE":0.0,"data_generator_T":8360.0,"data_generator_VR":-53.524368},{"data_generator_IPULSE":0.0,"data_generator_T":8370.0,"data_generator_VR":-49.006123},{"data_generator_IPULSE":0.0,"data_generator_T":8380.0,"data_generator_VR":-20.824469},{"data_generator_IPULSE":0.0,"data_generator_T":8390.0,"data_generator_VR":-69.060249},{"data_generator_IPULSE":0.0,"data_generator_T":8400.0,"data_generator_VR":-61.777901},{"data_generator_IPULSE":0.0,"data_generator_T":8410.0,"data_generator_VR":-57.164246},{"data_generator_IPULSE":0.0,"data_generator_T":8420.0,"data_generator_VR":-53.947937},{"data_generator_IPULSE":0.0,"data_generator_T":8430.0,"data_generator_VR":-50.594498},{"data_generator_IPULSE":0.0,"data_generator_T":8440.0,"data_generator_VR":-0.034745634},{"data_generator_IPULSE":0.0,"data_generator_T":8450.0,"data_generator_VR":-69.848709},{"data_generator_IPULSE":0.0,"data_generator_T":8460.0,"data_generator_VR":-62.824547},{"data_generator_IPULSE":0.0,"data_generator_T":8470.0,"data_generator_VR":-58.318325},{"data_generator_IPULSE":0.0,"data_generator_T":8480.0,"data_generator_VR":-54.161434},{"data_generator_IPULSE":0.0,"data_generator_T":8490.0,"data_generator_VR":-50.994503},{"data_generator_IPULSE":0.0,"data_generator_T":8500.0,"data_generator_VR":13.442595},{"data_generator_IPULSE":0.0,"data_generator_T":8510.0,"data_generator_VR":-70.439476},{"data_generator_IPULSE":0.0,"data_generator_T":8520.0,"data_generator_VR":-64.253189},{"data_generator_IPULSE":0.0,"data_generator_T":8530.0,"data_generator_VR":-58.147507},{"data_generator_IPULSE":0.0,"data_generator_T":8540.0,"data_generator_VR":-53.965435},{"data_generator_IPULSE":0.0,"data_generator_T":8550.0,"data_generator_VR":-50.632381},{"data_generator_IPULSE":0.0,"data_generator_T":8560.0,"data_generator_VR":-10.241404},{"data_generator_IPULSE":0.0,"data_generator_T":8570.0,"data_generator_VR":-70.145447},{"data_generator_IPULSE":0.0,"data_generator_T":8580.0,"data_generator_VR":-63.275311},{"data_generator_IPULSE":0.0,"data_generator_T":8590.0,"data_generator_VR":-57.552349},{"data_generator_IPULSE":0.0,"data_generator_T":8600.0,"data_generator_VR":-54.30267},{"data_generator_IPULSE":0.0,"data_generator_T":8610.0,"data_generator_VR":-51.234787},{"data_generator_IPULSE":0.0,"data_generator_T":8620.0,"data_generator_VR":20.271454},{"data_generator_IPULSE":0.0,"data_generator_T":8630.0,"data_generator_VR":-70.698792},{"data_generator_IPULSE":0.0,"data_generator_T":8640.0,"data_generator_VR":-64.693451},{"data_generator_IPULSE":0.0,"data_generator_T":8650.0,"data_generator_VR":-58.456367},{"data_generator_IPULSE":0.0,"data_generator_T":8660.0,"data_generator_VR":-54.396038},{"data_generator_IPULSE":0.0,"data_generator_T":8670.0,"data_generator_VR":-51.528797},{"data_generator_IPULSE":0.0,"data_generator_T":8680.0,"data_generator_VR":24.801882},{"data_generator_IPULSE":0.0,"data_generator_T":8690.0,"data_generator_VR":-70.86866},{"data_generator_IPULSE":0.0,"data_generator_T":8700.0,"data_generator_VR":-64.125595},{"data_generator_IPULSE":0.0,"data_generator_T":8710.0,"data_generator_VR":-58.041904},{"data_generator_IPULSE":0.0,"data_generator_T":8720.0,"data_generator_VR":-54.113926},{"data_generator_IPULSE":0.0,"data_generator_T":8730.0,"data_generator_VR":-51.083824},{"data_generator_IPULSE":0.0,"data_generator_T":8740.0,"data_generator_VR":2.5646014},{"data_generator_IPULSE":0.0,"data_generator_T":8750.0,"data_generator_VR":-70.526718},{"data_generator_IPULSE":0.0,"data_generator_T":8760.0,"data_generator_VR":-64.308723},{"data_generator_IPULSE":0.0,"data_generator_T":8770.0,"data_generator_VR":-58.192654},{"data_generator_IPULSE":0.0,"data_generator_T":8780.0,"data_generator_VR":-53.956245},{"data_generator_IPULSE":0.0,"data_generator_T":8790.0,"data_generator_VR":-50.800259},{"data_generator_IPULSE":0.0,"data_generator_T":8800.0,"data_generator_VR":6.1379628},{"data_generator_IPULSE":0.0,"data_generator_T":8810.0,"data_generator_VR":-70.642502},{"data_generator_IPULSE":0.0,"data_generator_T":8820.0,"data_generator_VR":-64.19709},{"data_generator_IPULSE":0.0,"data_generator_T":8830.0,"data_generator_VR":-58.097595},{"data_generator_IPULSE":0.0,"data_generator_T":8840.0,"data_generator_VR":-54.228485},{"data_generator_IPULSE":0.0,"data_generator_T":8850.0,"data_generator_VR":-51.461903},{"data_generator_IPULSE":0.0,"data_generator_T":8860.0,"data_generator_VR":15.896531},{"data_generator_IPULSE":0.0,"data_generator_T":8870.0,"data_generator_VR":-70.911743},{"data_generator_IPULSE":0.0,"data_generator_T":8880.0,"data_generator_VR":-64.627449},{"data_generator_IPULSE":0.0,"data_generator_T":8890.0,"data_generator_VR":-58.476669},{"data_generator_IPULSE":0.0,"data_generator_T":8900.0,"data_generator_VR":-54.472404},{"data_generator_IPULSE":0.0,"data_generator_T":8910.0,"data_generator_VR":-51.58186},{"data_generator_IPULSE":0.0,"data_generator_T":8920.0,"data_generator_VR":16.710194},{"data_generator_IPULSE":0.0,"data_generator_T":8930.0,"data_generator_VR":-70.537964},{"data_generator_IPULSE":0.0,"data_generator_T":8940.0,"data_generator_VR":-63.669666},{"data_generator_IPULSE":0.0,"data_generator_T":8950.0,"data_generator_VR":-57.765987},{"data_generator_IPULSE":0.0,"data_generator_T":8960.0,"data_generator_VR":-54.181385},{"data_generator_IPULSE":0.0,"data_generator_T":8970.0,"data_generator_VR":-51.007389},{"data_generator_IPULSE":0.0,"data_generator_T":8980.0,"data_generator_VR":-0.11236095},{"data_generator_IPULSE":0.0,"data_generator_T":8990.0,"data_generator_VR":-69.854195},{"data_generator_IPULSE":0.0,"data_generator_T":9000.0,"data_generator_VR":-62.988083},{"data_generator_IPULSE":0.0,"data_generator_T":9010.0,"data_generator_VR":-57.199558},{"data_generator_IPULSE":0.0,"data_generator_T":9020.0,"data_generator_VR":-53.439373},{"data_generator_IPULSE":0.0,"data_generator_T":9030.0,"data_generator_VR":-49.064957},{"data_generator_IPULSE":0.0,"data_generator_T":9040.0,"data_generator_VR":-43.234066},{"data_generator_IPULSE":0.0,"data_generator_T":9050.0,"data_generator_VR":-68.581871},{"data_generator_IPULSE":0.0,"data_generator_T":9060.0,"data_generator_VR":-61.507198},{"data_generator_IPULSE":0.0,"data_generator_T":9070.0,"data_generator_VR":-57.369152},{"data_generator_IPULSE":0.0,"data_generator_T":9080.0,"data_generator_VR":-54.179287},{"data_generator_IPULSE":0.0,"data_generator_T":9090.0,"data_generator_VR":-51.029636},{"data_generator_IPULSE":0.0,"data_generator_T":9100.0,"data_generator_VR":0.088444129},{"data_generator_IPULSE":0.0,"data_generator_T":9110.0,"data_generator_VR":-69.871017},{"data_generator_IPULSE":0.0,"data_generator_T":9120.0,"data_generator_VR":-62.547848},{"data_generator_IPULSE":0.0,"data_generator_T":9130.0,"data_generator_VR":-57.350891},{"data_generator_IPULSE":0.0,"data_generator_T":9140.0,"data_generator_VR":-53.693325},{"data_generator_IPULSE":0.0,"data_generator_T":9150.0,"data_generator_VR":-49.495026},{"data_generator_IPULSE":0.0,"data_generator_T":9160.0,"data_generator_VR":-35.343624},{"data_generator_IPULSE":0.0,"data_generator_T":9170.0,"data_generator_VR":-68.61821},{"data_generator_IPULSE":0.0,"data_generator_T":9180.0,"data_generator_VR":-61.439838},{"data_generator_IPULSE":0.0,"data_generator_T":9190.0,"data_generator_VR":-57.388424},{"data_generator_IPULSE":0.0,"data_generator_T":9200.0,"data_generator_VR":-53.962994},{"data_generator_IPULSE":0.0,"data_generator_T":9210.0,"data_generator_VR":-50.926205},{"data_generator_IPULSE":0.0,"data_generator_T":9220.0,"data_generator_VR":0.49820501},{"data_generator_IPULSE":0.0,"data_generator_T":9230.0,"data_generator_VR":-69.860001},{"data_generator_IPULSE":0.0,"data_generator_T":9240.0,"data_generator_VR":-63.424957},{"data_generator_IPULSE":0.0,"data_generator_T":9250.0,"data_generator_VR":-57.622341},{"data_generator_IPULSE":0.0,"data_generator_T":9260.0,"data_generator_VR":-53.658764},{"data_generator_IPULSE":0.0,"data_generator_T":9270.0,"data_generator_VR":-49.683479},{"data_generator_IPULSE":0.0,"data_generator_T":9280.0,"data_generator_VR":-16.026337},{"data_generator_IPULSE":0.0,"data_generator_T":9290.0,"data_generator_VR":-69.358978},{"data_generator_IPULSE":0.0,"data_generator_T":9300.0,"data_generator_VR":-62.752052},{"data_generator_IPULSE":0.0,"data_generator_T":9310.0,"data_generator_VR":-57.033596},{"data_generator_IPULSE":0.0,"data_generator_T":9320.0,"data_generator_VR":-53.549152},{"data_generator_IPULSE":0.0,"data_generator_T":9330.0,"data_generator_VR":-49.169594},{"data_generator_IPULSE":0.0,"data_generator_T":9340.0,"data_generator_VR":-15.641918},{"data_generator_IPULSE":0.0,"data_generator_T":9350.0,"data_generator_VR":-69.745804},{"data_generator_IPULSE":0.0,"data_generator_T":9360.0,"data_generator_VR":-62.5411},{"data_generator_IPULSE":0.0,"data_generator_T":9370.0,"data_generator_VR":-57.34193},{"data_generator_IPULSE":0.0,"data_generator_T":9380.0,"data_generator_VR":-53.732365},{"data_generator_IPULSE":0.0,"data_generator_T":9390.0,"data_generator_VR":-50.301823},{"data_generator_IPULSE":0.0,"data_generator_T":9400.0,"data_generator_VR":-16.342932},{"data_generator_IPULSE":0.0,"data_generator_T":9410.0,"data_generator_VR":-69.931854},{"data_generator_IPULSE":0.0,"data_generator_T":9420.0,"data_generator_VR":-63.523876},{"data_generator_IPULSE":0.0,"data_generator_T":9430.0,"data_generator_VR":-57.536419},{"data_generator_IPULSE":0.0,"data_generator_T":9440.0,"data_generator_VR":-53.645016},{"data_generator_IPULSE":0.0,"data_generator_T":9450.0,"data_generator_VR":-49.318832},{"data_generator_IPULSE":0.0,"data_generator_T":9460.0,"data_generator_VR":-21.85602},{"data_generator_IPULSE":0.0,"data_generator_T":9470.0,"data_generator_VR":-69.022919},{"data_generator_IPULSE":0.0,"data_generator_T":9480.0,"data_generator_VR":-61.805672},{"data_generator_IPULSE":0.0,"data_generator_T":9490.0,"data_generator_VR":-56.46003},{"data_generator_IPULSE":0.0,"data_generator_T":9500.0,"data_generator_VR":-53.184711},{"data_generator_IPULSE":0.0,"data_generator_T":9510.0,"data_generator_VR":-47.175007},{"data_generator_IPULSE":0.0,"data_generator_T":9520.0,"data_generator_VR":-58.517056},{"data_generator_IPULSE":0.0,"data_generator_T":9530.0,"data_generator_VR":-68.699333},{"data_generator_IPULSE":0.0,"data_generator_T":9540.0,"data_generator_VR":-61.760231},{"data_generator_IPULSE":0.0,"data_generator_T":9550.0,"data_generator_VR":-56.483406},{"data_generator_IPULSE":0.0,"data_generator_T":9560.0,"data_generator_VR":-53.203857},{"data_generator_IPULSE":0.0,"data_generator_T":9570.0,"data_generator_VR":-45.839062},{"data_generator_IPULSE":0.0,"data_generator_T":9580.0,"data_generator_VR":-60.652214},{"data_generator_IPULSE":0.0,"data_generator_T":9590.0,"data_generator_VR":-67.839912},{"data_generator_IPULSE":0.0,"data_generator_T":9600.0,"data_generator_VR":-61.268761},{"data_generator_IPULSE":0.0,"data_generator_T":9610.0,"data_generator_VR":-56.772331},{"data_generator_IPULSE":0.0,"data_generator_T":9620.0,"data_generator_VR":-53.287697},{"data_generator_IPULSE":0.0,"data_generator_T":9630.0,"data_generator_VR":-46.561176},{"data_generator_IPULSE":0.0,"data_generator_T":9640.0,"data_generator_VR":-59.613289},{"data_generator_IPULSE":0.0,"data_generator_T":9650.0,"data_generator_VR":-67.852837},{"data_generator_IPULSE":0.0,"data_generator_T":9660.0,"data_generator_VR":-61.422886},{"data_generator_IPULSE":0.0,"data_generator_T":9670.0,"data_generator_VR":-57.414375},{"data_generator_IPULSE":0.0,"data_generator_T":9680.0,"data_generator_VR":-54.175961},{"data_generator_IPULSE":0.0,"data_generator_T":9690.0,"data_generator_VR":-51.191944},{"data_generator_IPULSE":0.0,"data_generator_T":9700.0,"data_generator_VR":5.4999528},{"data_generator_IPULSE":0.0,"data_generator_T":9710.0,"data_generator_VR":-70.068893},{"data_generator_IPULSE":0.0,"data_generator_T":9720.0,"data_generator_VR":-63.404099},{"data_generator_IPULSE":0.0,"data_generator_T":9730.0,"data_generator_VR":-58.146545},{"data_generator_IPULSE":0.0,"data_generator_T":9740.0,"data_generator_VR":-54.261021},{"data_generator_IPULSE":0.0,"data_generator_T":9750.0,"data_generator_VR":-51.313961},{"data_generator_IPULSE":0.0,"data_generator_T":9760.0,"data_generator_VR":8.884901},{"data_generator_IPULSE":0.0,"data_generator_T":9770.0,"data_generator_VR":-70.729805},{"data_generator_IPULSE":0.0,"data_generator_T":9780.0,"data_generator_VR":-64.591454},{"data_generator_IPULSE":0.0,"data_generator_T":9790.0,"data_generator_VR":-58.441891},{"data_generator_IPULSE":0.0,"data_generator_T":9800.0,"data_generator_VR":-54.383743},{"data_generator_IPULSE":0.0,"data_generator_T":9810.0,"data_generator_VR":-51.520775},{"data_generator_IPULSE":0.0,"data_generator_T":9820.0,"data_generator_VR":24.712357},{"data_generator_IPULSE":0.0,"data_generator_T":9830.0,"data_generator_VR":-70.87944},{"data_generator_IPULSE":0.0,"data_generator_T":9840.0,"data_generator_VR":-64.524719},{"data_generator_IPULSE":0.0,"data_generator_T":9850.0,"data_generator_VR":-58.371338},{"data_generator_IPULSE":0.0,"data_generator_T":9860.0,"data_generator_VR":-54.467876},{"data_generator_IPULSE":0.0,"data_generator_T":9870.0,"data_generator_VR":-51.660934},{"data_generator_IPULSE":0.0,"data_generator_T":9880.0,"data_generator_VR":27.703325},{"data_generator_IPULSE":0.0,"data_generator_T":9890.0,"data_generator_VR":-70.94838},{"data_generator_IPULSE":0.0,"data_generator_T":9900.0,"data_generator_VR":-64.571922},{"data_generator_IPULSE":0.0,"data_generator_T":9910.0,"data_generator_VR":-58.749542},{"data_generator_IPULSE":0.0,"data_generator_T":9920.0,"data_generator_VR":-54.566086},{"data_generator_IPULSE":0.0,"data_generator_T":9930.0,"data_generator_VR":-51.956852},{"data_generator_IPULSE":0.0,"data_generator_T":9940.0,"data_generator_VR":29.390537},{"data_generator_IPULSE":0.0,"data_generator_T":9950.0,"data_generator_VR":-71.003326},{"data_generator_IPULSE":0.0,"data_generator_T":9960.0,"data_generator_VR":-64.875008},{"data_generator_IPULSE":0.0,"data_generator_T":9970.0,"data_generator_VR":-58.688416},{"data_generator_IPULSE":0.0,"data_generator_T":9980.0,"data_generator_VR":-54.586704},{"data_generator_IPULSE":0.0,"data_generator_T":9990.0,"data_generator_VR":-51.85611},{"data_generator_IPULSE":0.0,"data_generator_T":10000.0,"data_generator_VR":23.837357}]