[{"data_set_value_component_environment_variable_time":0.0,"data_set_value_component_NO_variable_NO":0.0,"data_set_value_component_NO_variable_O_2":35.0,"data_set_value_component_NO_variable_NO_2":0.0,"data_set_value_component_NO_variable_CcOX":0.1,"data_set_value_component_NO_variable_r_1NO":1.0,"data_set_value_component_NO_variable_r_4NO":0.0,"data_set_value_component_NO_variable_r_12aNO":0.0,"data_set_value_component_NO_variable_r_12bNOp":0.0,"data_set_value_component_NO_variable_r_12bNOm":0.0,"data_set_value_component_NO_variable_r_14NO":0.0,"data_set_value_component_NO_variable_r_15NO":0.0,"data_set_value_component_NO_variable_r_16NO":0.0,"data_set_value_component_O_2m_variable_O_2m":0.0,"data_set_value_component_O_2m_variable_SOD":10.0,"data_set_value_component_O_2m_variable_r_2NO":0.1,"data_set_value_component_O_2m_variable_r_5NO":0.0,"data_set_value_component_O_2m_variable_r_10NO":0.0,"data_set_value_component_ONOO_m_variable_ONOO_m":0.0,"data_set_value_component_ONOO_m_variable_GPX":5.8,"data_set_value_component_ONOO_m_variable_CO_2":1000.0,"data_set_value_component_ONOO_m_variable_Cyt_c":400.0,"data_set_value_component_ONOO_m_variable_r_6NO":0.0,"data_set_value_component_ONOO_m_variable_r_7NO":0.0,"data_set_value_component_ONOO_m_variable_r_8NO":0.0,"data_set_value_component_ONOO_m_variable_r_9NO":0.0,"data_set_value_component_GSH_variable_GSH":10000.0,"data_set_value_component_GSH_variable_GSSG":0.0,"data_set_value_component_GSH_variable_FeLnNO":0.0,"data_set_value_component_GSH_variable_r_11NO":0.0,"data_set_value_component_GSH_variable_r_m":0.0,"data_set_value_component_GSH_variable_r_17NO":0.0,"data_set_value_component_GSNO_variable_GSNO":0.0,"data_set_value_component_N2O3_variable_N2O3":0.0,"data_set_value_component_N2O3_variable_r_13NO":0.0,"data_set_value_component_FeLn_variable_FeLn":0.05,"data_set_value_component_model_constant_variable_k_1NO":1.0,"data_set_value_component_model_constant_variable_k_2NO":0.1,"data_set_value_component_model_constant_variable_k_4NO":6700.0,"data_set_value_component_model_constant_variable_k_5NO":2400.0,"data_set_value_component_model_constant_variable_k_6NO":0.00135,"data_set_value_component_model_constant_variable_k_7NO":2.0,"data_set_value_component_model_constant_variable_k_8NO":0.058,"data_set_value_component_model_constant_variable_k_9NO":0.025,"data_set_value_component_model_constant_variable_k_10NO":0.0006,"data_set_value_component_model_constant_variable_k_11NO":66.0,"data_set_value_component_model_constant_variable_k_12aNO":0.000006,"data_set_value_component_model_constant_variable_k_12bNOm":81000.0,"data_set_value_component_model_constant_variable_k_12bNOp":1100.0,"data_set_value_component_model_constant_variable_k_13NO":1600.0,"data_set_value_component_model_constant_variable_v_m":320.0,"data_set_value_component_model_constant_variable_k_m":50.0,"data_set_value_component_model_constant_variable_k_14NO":0.0002,"data_set_value_component_model_constant_variable_k_15NO":100.0,"data_set_value_component_model_constant_variable_k_16NO":1.21,"data_set_value_component_model_constant_variable_k_17NO":66.0,"data_set_value_component_model_constant_variable_k_17bNO":0.0002,"data_set_value_component_model_constant_variable_FeLn_0":0.05,"data_set_value_component_model_constant_variable_GSH_0":10000.0},{"data_set_value_component_environment_variable_time":0.1,"data_set_value_component_NO_variable_NO":0.0681244612,"data_set_value_component_NO_variable_O_2":35.0,"data_set_value_component_NO_variable_NO_2":0.0000000249,"data_set_value_component_NO_variable_CcOX":0.0684582543,"data_set_value_component_NO_variable_r_1NO":1.0,"data_set_value_component_NO_variable_r_4NO":0.0018663254,"data_set_value_component_NO_variable_r_12aNO":0.0000009746,"data_set_value_component_NO_variable_r_12bNOp":0.0000018652,"data_set_value_component_NO_variable_r_12bNOm":0.0000002036,"data_set_value_component_NO_variable_r_14NO":0.0000000484,"data_set_value_component_NO_variable_r_15NO":0.4663681685,"data_set_value_component_NO_variable_r_16NO":0.0041215294,"data_set_value_component_O_2m_variable_O_2m":0.0000040889,"data_set_value_component_O_2m_variable_SOD":10.0,"data_set_value_component_O_2m_variable_r_2NO":0.1,"data_set_value_component_O_2m_variable_r_5NO":0.0981342777,"data_set_value_component_O_2m_variable_r_10NO":1.434469109e-16,"data_set_value_component_ONOO_m_variable_ONOO_m":0.0000183657,"data_set_value_component_ONOO_m_variable_GPX":5.8,"data_set_value_component_ONOO_m_variable_CO_2":1000.0,"data_set_value_component_ONOO_m_variable_Cyt_c":400.0,"data_set_value_component_ONOO_m_variable_r_6NO":0.0002479363,"data_set_value_component_ONOO_m_variable_r_7NO":0.0002130416,"data_set_value_component_ONOO_m_variable_r_8NO":0.0010652079,"data_set_value_component_ONOO_m_variable_r_9NO":0.0001836565,"data_set_value_component_GSH_variable_GSH":9999.9997581942,"data_set_value_component_GSH_variable_GSSG":0.0000000004,"data_set_value_component_GSH_variable_FeLnNO":0.0000000062,"data_set_value_component_GSH_variable_r_11NO":0.0000016588,"data_set_value_component_GSH_variable_r_m":0.0000000027,"data_set_value_component_GSH_variable_r_17NO":0.004121481,"data_set_value_component_GSNO_variable_GSNO":0.000241805,"data_set_value_component_N2O3_variable_N2O3":0.0,"data_set_value_component_N2O3_variable_r_13NO":0.000000004,"data_set_value_component_FeLn_variable_FeLn":0.0499999938,"data_set_value_component_model_constant_variable_k_1NO":1.0,"data_set_value_component_model_constant_variable_k_2NO":0.1,"data_set_value_component_model_constant_variable_k_4NO":6700.0,"data_set_value_component_model_constant_variable_k_5NO":2400.0,"data_set_value_component_model_constant_variable_k_6NO":0.00135,"data_set_value_component_model_constant_variable_k_7NO":2.0,"data_set_value_component_model_constant_variable_k_8NO":0.058,"data_set_value_component_model_constant_variable_k_9NO":0.025,"data_set_value_component_model_constant_variable_k_10NO":0.0006,"data_set_value_component_model_constant_variable_k_11NO":66.0,"data_set_value_component_model_constant_variable_k_12aNO":0.000006,"data_set_value_component_model_constant_variable_k_12bNOm":81000.0,"data_set_value_component_model_constant_variable_k_12bNOp":1100.0,"data_set_value_component_model_constant_variable_k_13NO":1600.0,"data_set_value_component_model_constant_variable_v_m":320.0,"data_set_value_component_model_constant_variable_k_m":50.0,"data_set_value_component_model_constant_variable_k_14NO":0.0002,"data_set_value_component_model_constant_variable_k_15NO":100.0,"data_set_value_component_model_constant_variable_k_16NO":1.21,"data_set_value_component_model_constant_variable_k_17NO":66.0,"data_set_value_component_model_constant_variable_k_17bNO":0.0002,"data_set_value_component_model_constant_variable_FeLn_0":0.05,"data_set_value_component_model_constant_variable_GSH_0":10000.0},{"data_set_value_component_environment_variable_time":0.2,"data_set_value_component_NO_variable_NO":0.1251751298,"data_set_value_component_NO_variable_O_2":35.0,"data_set_value_component_NO_variable_NO_2":0.0000000476,"data_set_value_component_NO_variable_CcOX":0.0263469253,"data_set_value_component_NO_variable_r_1NO":1.0,"data_set_value_component_NO_variable_r_4NO":0.0033765074,"data_set_value_component_NO_variable_r_12aNO":0.0000032905,"data_set_value_component_NO_variable_r_12bNOp":0.0000065482,"data_set_value_component_NO_variable_r_12bNOm":0.000000892,"data_set_value_component_NO_variable_r_14NO":0.000000171,"data_set_value_component_NO_variable_r_15NO":0.3297979799,"data_set_value_component_NO_variable_r_16NO":0.0075730936,"data_set_value_component_O_2m_variable_O_2m":0.000004026,"data_set_value_component_O_2m_variable_SOD":10.0,"data_set_value_component_O_2m_variable_r_2NO":0.1,"data_set_value_component_O_2m_variable_r_5NO":0.0966242407,"data_set_value_component_O_2m_variable_r_10NO":0.0,"data_set_value_component_ONOO_m_variable_ONOO_m":0.0000343496,"data_set_value_component_ONOO_m_variable_GPX":5.8,"data_set_value_component_ONOO_m_variable_CO_2":1000.0,"data_set_value_component_ONOO_m_variable_Cyt_c":400.0,"data_set_value_component_ONOO_m_variable_r_6NO":0.0004637199,"data_set_value_component_ONOO_m_variable_r_7NO":0.0003984557,"data_set_value_component_ONOO_m_variable_r_8NO":0.0019922783,"data_set_value_component_ONOO_m_variable_r_9NO":0.0003434963,"data_set_value_component_GSH_variable_GSH":9999.9991448205,"data_set_value_component_GSH_variable_GSSG":0.0000000049,"data_set_value_component_GSH_variable_FeLnNO":0.0000000115,"data_set_value_component_GSH_variable_r_11NO":0.0000072684,"data_set_value_component_GSH_variable_r_m":0.0000000314,"data_set_value_component_GSH_variable_r_17NO":0.0075730332,"data_set_value_component_GSNO_variable_GSNO":0.0008551697,"data_set_value_component_N2O3_variable_N2O3":0.0,"data_set_value_component_N2O3_variable_r_13NO":0.0000000176,"data_set_value_component_FeLn_variable_FeLn":0.0499999885,"data_set_value_component_model_constant_variable_k_1NO":1.0,"data_set_value_component_model_constant_variable_k_2NO":0.1,"data_set_value_component_model_constant_variable_k_4NO":6700.0,"data_set_value_component_model_constant_variable_k_5NO":2400.0,"data_set_value_component_model_constant_variable_k_6NO":0.00135,"data_set_value_component_model_constant_variable_k_7NO":2.0,"data_set_value_component_model_constant_variable_k_8NO":0.058,"data_set_value_component_model_constant_variable_k_9NO":0.025,"data_set_value_component_model_constant_variable_k_10NO":0.0006,"data_set_value_component_model_constant_variable_k_11NO":66.0,"data_set_value_component_model_constant_variable_k_12aNO":0.000006,"data_set_value_component_model_constant_variable_k_12bNOm":81000.0,"data_set_value_component_model_constant_variable_k_12bNOp":1100.0,"data_set_value_component_model_constant_variable_k_13NO":1600.0,"data_set_value_component_model_constant_variable_v_m":320.0,"data_set_value_component_model_constant_variable_k_m":50.0,"data_set_value_component_model_constant_variable_k_14NO":0.0002,"data_set_value_component_model_constant_variable_k_15NO":100.0,"data_set_value_component_model_constant_variable_k_16NO":1.21,"data_set_value_component_model_constant_variable_k_17NO":66.0,"data_set_value_component_model_constant_variable_k_17bNO":0.0002,"data_set_value_component_model_constant_variable_FeLn_0":0.05,"data_set_value_component_model_constant_variable_GSH_0":10000.0},{"data_set_value_component_environment_variable_time":0.3,"data_set_value_component_NO_variable_NO":0.2026247448,"data_set_value_component_NO_variable_O_2":35.0,"data_set_value_component_NO_variable_NO_2":0.0000001065,"data_set_value_component_NO_variable_CcOX":0.0052112102,"data_set_value_component_NO_variable_r_1NO":1.0,"data_set_value_component_NO_variable_r_4NO":0.0053538149,"data_set_value_component_NO_variable_r_12aNO":0.0000086219,"data_set_value_component_NO_variable_r_12bNOp":0.0000237419,"data_set_value_component_NO_variable_r_12bNOm":0.0000016316,"data_set_value_component_NO_variable_r_14NO":0.0000003793,"data_set_value_component_NO_variable_r_15NO":0.1055920142,"data_set_value_component_NO_variable_r_16NO":0.0122587925,"data_set_value_component_O_2m_variable_O_2m":0.0000039436,"data_set_value_component_O_2m_variable_SOD":10.0,"data_set_value_component_O_2m_variable_r_2NO":0.1,"data_set_value_component_O_2m_variable_r_5NO":0.0946470991,"data_set_value_component_O_2m_variable_r_10NO":0.0,"data_set_value_component_ONOO_m_variable_ONOO_m":0.0000550195,"data_set_value_component_ONOO_m_variable_GPX":5.8,"data_set_value_component_ONOO_m_variable_CO_2":1000.0,"data_set_value_component_ONOO_m_variable_Cyt_c":400.0,"data_set_value_component_ONOO_m_variable_r_6NO":0.0007427638,"data_set_value_component_ONOO_m_variable_r_7NO":0.0006382268,"data_set_value_component_ONOO_m_variable_r_8NO":0.0031911338,"data_set_value_component_ONOO_m_variable_r_9NO":0.0005501955,"data_set_value_component_GSH_variable_GSH":9999.9981035914,"data_set_value_component_GSH_variable_GSSG":0.0000000382,"data_set_value_component_GSH_variable_FeLnNO":0.0000000186,"data_set_value_component_GSH_variable_r_11NO":0.0000132948,"data_set_value_component_GSH_variable_r_m":0.0000002448,"data_set_value_component_GSH_variable_r_17NO":0.0122587121,"data_set_value_component_GSNO_variable_GSNO":0.0018963321,"data_set_value_component_N2O3_variable_N2O3":0.0,"data_set_value_component_N2O3_variable_r_13NO":0.0000000322,"data_set_value_component_FeLn_variable_FeLn":0.0499999814,"data_set_value_component_model_constant_variable_k_1NO":1.0,"data_set_value_component_model_constant_variable_k_2NO":0.1,"data_set_value_component_model_constant_variable_k_4NO":6700.0,"data_set_value_component_model_constant_variable_k_5NO":2400.0,"data_set_value_component_model_constant_variable_k_6NO":0.00135,"data_set_value_component_model_constant_variable_k_7NO":2.0,"data_set_value_component_model_constant_variable_k_8NO":0.058,"data_set_value_component_model_constant_variable_k_9NO":0.025,"data_set_value_component_model_constant_variable_k_10NO":0.0006,"data_set_value_component_model_constant_variable_k_11NO":66.0,"data_set_value_component_model_constant_variable_k_12aNO":0.000006,"data_set_value_component_model_constant_variable_k_12bNOm":81000.0,"data_set_value_component_model_constant_variable_k_12bNOp":1100.0,"data_set_value_component_model_constant_variable_k_13NO":1600.0,"data_set_value_component_model_constant_variable_v_m":320.0,"data_set_value_component_model_constant_variable_k_m":50.0,"data_set_value_component_model_constant_variable_k_14NO":0.0002,"data_set_value_component_model_constant_variable_k_15NO":100.0,"data_set_value_component_model_constant_variable_k_16NO":1.21,"data_set_value_component_model_constant_variable_k_17NO":66.0,"data_set_value_component_model_constant_variable_k_17bNO":0.0002,"data_set_value_component_model_constant_variable_FeLn_0":0.05,"data_set_value_component_model_constant_variable_GSH_0":10000.0},{"data_set_value_component_environment_variable_time":0.4,"data_set_value_component_NO_variable_NO":0.2956913814,"data_set_value_component_NO_variable_O_2":35.0,"data_set_value_component_NO_variable_NO_2":0.0000000534,"data_set_value_component_NO_variable_CcOX":0.0004344712,"data_set_value_component_NO_variable_r_1NO":1.0,"data_set_value_component_NO_variable_r_4NO":0.0076253458,"data_set_value_component_NO_variable_r_12aNO":0.000018361,"data_set_value_component_NO_variable_r_12bNOp":0.0000173761,"data_set_value_component_NO_variable_r_12bNOm":0.0000090269,"data_set_value_component_NO_variable_r_14NO":0.0000006985,"data_set_value_component_NO_variable_r_15NO":0.0128469404,"data_set_value_component_NO_variable_r_16NO":0.0178893189,"data_set_value_component_O_2m_variable_O_2m":0.000003849,"data_set_value_component_O_2m_variable_SOD":10.0,"data_set_value_component_O_2m_variable_r_2NO":0.1,"data_set_value_component_O_2m_variable_r_5NO":0.0923756095,"data_set_value_component_O_2m_variable_r_10NO":0.0,"data_set_value_component_ONOO_m_variable_ONOO_m":0.0000792586,"data_set_value_component_ONOO_m_variable_GPX":5.8,"data_set_value_component_ONOO_m_variable_CO_2":1000.0,"data_set_value_component_ONOO_m_variable_Cyt_c":400.0,"data_set_value_component_ONOO_m_variable_r_6NO":0.0010699908,"data_set_value_component_ONOO_m_variable_r_7NO":0.0009193999,"data_set_value_component_ONOO_m_variable_r_8NO":0.0045969993,"data_set_value_component_ONOO_m_variable_r_9NO":0.0007925861,"data_set_value_component_GSH_variable_GSH":9999.9965072805,"data_set_value_component_GSH_variable_GSSG":0.0000000417,"data_set_value_component_GSH_variable_FeLnNO":0.0000000271,"data_set_value_component_GSH_variable_r_11NO":0.0000735529,"data_set_value_component_GSH_variable_r_m":0.000000267,"data_set_value_component_GSH_variable_r_17NO":0.0178892307,"data_set_value_component_GSNO_variable_GSNO":0.0034926361,"data_set_value_component_N2O3_variable_N2O3":0.0000000001,"data_set_value_component_N2O3_variable_r_13NO":0.0000001783,"data_set_value_component_FeLn_variable_FeLn":0.0499999729,"data_set_value_component_model_constant_variable_k_1NO":1.0,"data_set_value_component_model_constant_variable_k_2NO":0.1,"data_set_value_component_model_constant_variable_k_4NO":6700.0,"data_set_value_component_model_constant_variable_k_5NO":2400.0,"data_set_value_component_model_constant_variable_k_6NO":0.00135,"data_set_value_component_model_constant_variable_k_7NO":2.0,"data_set_value_component_model_constant_variable_k_8NO":0.058,"data_set_value_component_model_constant_variable_k_9NO":0.025,"data_set_value_component_model_constant_variable_k_10NO":0.0006,"data_set_value_component_model_constant_variable_k_11NO":66.0,"data_set_value_component_model_constant_variable_k_12aNO":0.000006,"data_set_value_component_model_constant_variable_k_12bNOm":81000.0,"data_set_value_component_model_constant_variable_k_12bNOp":1100.0,"data_set_value_component_model_constant_variable_k_13NO":1600.0,"data_set_value_component_model_constant_variable_v_m":320.0,"data_set_value_component_model_constant_variable_k_m":50.0,"data_set_value_component_model_constant_variable_k_14NO":0.0002,"data_set_value_component_model_constant_variable_k_15NO":100.0,"data_set_value_component_model_constant_variable_k_16NO":1.21,"data_set_value_component_model_constant_variable_k_17NO":66.0,"data_set_value_component_model_constant_variable_k_17bNO":0.0002,"data_set_value_component_model_constant_variable_FeLn_0":0.05,"data_set_value_component_model_constant_variable_GSH_0":10000.0},{"data_set_value_component_environment_variable_time":0.5,"data_set_value_component_NO_variable_NO":0.3923042872,"data_set_value_component_NO_variable_O_2":35.0,"data_set_value_component_NO_variable_NO_2":0.0000001655,"data_set_value_component_NO_variable_CcOX":0.0000138853,"data_set_value_component_NO_variable_r_1NO":1.0,"data_set_value_component_NO_variable_r_4NO":0.0098708856,"data_set_value_component_NO_variable_r_12aNO":0.0000323196,"data_set_value_component_NO_variable_r_12bNOp":0.0000714323,"data_set_value_component_NO_variable_r_12bNOm":0.0000080285,"data_set_value_component_NO_variable_r_14NO":0.0000011404,"data_set_value_component_NO_variable_r_15NO":0.0005447253,"data_set_value_component_NO_variable_r_16NO":0.0237343923,"data_set_value_component_O_2m_variable_O_2m":0.0000037554,"data_set_value_component_O_2m_variable_SOD":10.0,"data_set_value_component_O_2m_variable_r_2NO":0.1,"data_set_value_component_O_2m_variable_r_5NO":0.090130027,"data_set_value_component_O_2m_variable_r_10NO":0.0,"data_set_value_component_ONOO_m_variable_ONOO_m":0.0001034831,"data_set_value_component_ONOO_m_variable_GPX":5.8,"data_set_value_component_ONOO_m_variable_CO_2":1000.0,"data_set_value_component_ONOO_m_variable_Cyt_c":400.0,"data_set_value_component_ONOO_m_variable_r_6NO":0.0013970216,"data_set_value_component_ONOO_m_variable_r_7NO":0.0012004045,"data_set_value_component_ONOO_m_variable_r_8NO":0.0060020223,"data_set_value_component_ONOO_m_variable_r_9NO":0.0010348314,"data_set_value_component_GSH_variable_GSH":9999.9942979746,"data_set_value_component_GSH_variable_GSSG":0.0000000565,"data_set_value_component_GSH_variable_FeLnNO":0.000000036,"data_set_value_component_GSH_variable_r_11NO":0.0000654177,"data_set_value_component_GSH_variable_r_m":0.0000003614,"data_set_value_component_GSH_variable_r_17NO":0.0237343038,"data_set_value_component_GSNO_variable_GSNO":0.0057019125,"data_set_value_component_N2O3_variable_N2O3":0.0000000001,"data_set_value_component_N2O3_variable_r_13NO":0.0000001586,"data_set_value_component_FeLn_variable_FeLn":0.049999964,"data_set_value_component_model_constant_variable_k_1NO":1.0,"data_set_value_component_model_constant_variable_k_2NO":0.1,"data_set_value_component_model_constant_variable_k_4NO":6700.0,"data_set_value_component_model_constant_variable_k_5NO":2400.0,"data_set_value_component_model_constant_variable_k_6NO":0.00135,"data_set_value_component_model_constant_variable_k_7NO":2.0,"data_set_value_component_model_constant_variable_k_8NO":0.058,"data_set_value_component_model_constant_variable_k_9NO":0.025,"data_set_value_component_model_constant_variable_k_10NO":0.0006,"data_set_value_component_model_constant_variable_k_11NO":66.0,"data_set_value_component_model_constant_variable_k_12aNO":0.000006,"data_set_value_component_model_constant_variable_k_12bNOm":81000.0,"data_set_value_component_model_constant_variable_k_12bNOp":1100.0,"data_set_value_component_model_constant_variable_k_13NO":1600.0,"data_set_value_component_model_constant_variable_v_m":320.0,"data_set_value_component_model_constant_variable_k_m":50.0,"data_set_value_component_model_constant_variable_k_14NO":0.0002,"data_set_value_component_model_constant_variable_k_15NO":100.0,"data_set_value_component_model_constant_variable_k_16NO":1.21,"data_set_value_component_model_constant_variable_k_17NO":66.0,"data_set_value_component_model_constant_variable_k_17bNO":0.0002,"data_set_value_component_model_constant_variable_FeLn_0":0.05,"data_set_value_component_model_constant_variable_GSH_0":10000.0},{"data_set_value_component_environment_variable_time":0.6,"data_set_value_component_NO_variable_NO":0.4885149333,"data_set_value_component_NO_variable_O_2":35.0,"data_set_value_component_NO_variable_NO_2":0.000000252,"data_set_value_component_NO_variable_CcOX":0.0000001145,"data_set_value_component_NO_variable_r_1NO":1.0,"data_set_value_component_NO_variable_r_4NO":0.0120011451,"data_set_value_component_NO_variable_r_12aNO":0.0000501158,"data_set_value_component_NO_variable_r_12bNOp":0.0001354339,"data_set_value_component_NO_variable_r_12bNOm":0.0000121017,"data_set_value_component_NO_variable_r_14NO":0.000001706,"data_set_value_component_NO_variable_r_15NO":0.0000055921,"data_set_value_component_NO_variable_r_16NO":0.029555127,"data_set_value_component_O_2m_variable_O_2m":0.0000036667,"data_set_value_component_O_2m_variable_SOD":10.0,"data_set_value_component_O_2m_variable_r_2NO":0.1,"data_set_value_component_O_2m_variable_r_5NO":0.087999718,"data_set_value_component_O_2m_variable_r_10NO":0.0,"data_set_value_component_ONOO_m_variable_ONOO_m":0.0001265017,"data_set_value_component_ONOO_m_variable_GPX":5.8,"data_set_value_component_ONOO_m_variable_CO_2":1000.0,"data_set_value_component_ONOO_m_variable_Cyt_c":400.0,"data_set_value_component_ONOO_m_variable_r_6NO":0.001707771,"data_set_value_component_ONOO_m_variable_r_7NO":0.0014674193,"data_set_value_component_ONOO_m_variable_r_8NO":0.0073370963,"data_set_value_component_ONOO_m_variable_r_9NO":0.0012650166,"data_set_value_component_GSH_variable_GSH":9999.9914697548,"data_set_value_component_GSH_variable_GSSG":0.0000000831,"data_set_value_component_GSH_variable_FeLnNO":0.0000000448,"data_set_value_component_GSH_variable_r_11NO":0.0000986067,"data_set_value_component_GSH_variable_r_m":0.0000005318,"data_set_value_component_GSH_variable_r_17NO":0.0295550392,"data_set_value_component_GSNO_variable_GSNO":0.008530079,"data_set_value_component_N2O3_variable_N2O3":0.0000000001,"data_set_value_component_N2O3_variable_r_13NO":0.000000239,"data_set_value_component_FeLn_variable_FeLn":0.0499999552,"data_set_value_component_model_constant_variable_k_1NO":1.0,"data_set_value_component_model_constant_variable_k_2NO":0.1,"data_set_value_component_model_constant_variable_k_4NO":6700.0,"data_set_value_component_model_constant_variable_k_5NO":2400.0,"data_set_value_component_model_constant_variable_k_6NO":0.00135,"data_set_value_component_model_constant_variable_k_7NO":2.0,"data_set_value_component_model_constant_variable_k_8NO":0.058,"data_set_value_component_model_constant_variable_k_9NO":0.025,"data_set_value_component_model_constant_variable_k_10NO":0.0006,"data_set_value_component_model_constant_variable_k_11NO":66.0,"data_set_value_component_model_constant_variable_k_12aNO":0.000006,"data_set_value_component_model_constant_variable_k_12bNOm":81000.0,"data_set_value_component_model_constant_variable_k_12bNOp":1100.0,"data_set_value_component_model_constant_variable_k_13NO":1600.0,"data_set_value_component_model_constant_variable_v_m":320.0,"data_set_value_component_model_constant_variable_k_m":50.0,"data_set_value_component_model_constant_variable_k_14NO":0.0002,"data_set_value_component_model_constant_variable_k_15NO":100.0,"data_set_value_component_model_constant_variable_k_16NO":1.21,"data_set_value_component_model_constant_variable_k_17NO":66.0,"data_set_value_component_model_constant_variable_k_17bNO":0.0002,"data_set_value_component_model_constant_variable_FeLn_0":0.05,"data_set_value_component_model_constant_variable_GSH_0":10000.0},{"data_set_value_component_environment_variable_time":0.7,"data_set_value_component_NO_variable_NO":0.5839444739,"data_set_value_component_NO_variable_O_2":35.0,"data_set_value_component_NO_variable_NO_2":0.0000003307,"data_set_value_component_NO_variable_CcOX":-0.0000000014,"data_set_value_component_NO_variable_r_1NO":1.0,"data_set_value_component_NO_variable_r_4NO":0.0140169101,"data_set_value_component_NO_variable_r_12aNO":0.0000716081,"data_set_value_component_NO_variable_r_12bNOp":0.0002123976,"data_set_value_component_NO_variable_r_12bNOm":0.0000209845,"data_set_value_component_NO_variable_r_14NO":0.0000023944,"data_set_value_component_NO_variable_r_15NO":-0.0000000836,"data_set_value_component_NO_variable_r_16NO":0.0353286028,"data_set_value_component_O_2m_variable_O_2m":0.0000035827,"data_set_value_component_O_2m_variable_SOD":10.0,"data_set_value_component_O_2m_variable_r_2NO":0.1,"data_set_value_component_O_2m_variable_r_5NO":0.0859839069,"data_set_value_component_O_2m_variable_r_10NO":0.0,"data_set_value_component_ONOO_m_variable_ONOO_m":0.0001482814,"data_set_value_component_ONOO_m_variable_GPX":5.8,"data_set_value_component_ONOO_m_variable_CO_2":1000.0,"data_set_value_component_ONOO_m_variable_Cyt_c":400.0,"data_set_value_component_ONOO_m_variable_r_6NO":0.0020017961,"data_set_value_component_ONOO_m_variable_r_7NO":0.0017200639,"data_set_value_component_ONOO_m_variable_r_8NO":0.0086003196,"data_set_value_component_ONOO_m_variable_r_9NO":0.0014828137,"data_set_value_component_GSH_variable_GSH":9999.9880276923,"data_set_value_component_GSH_variable_GSSG":0.000000121,"data_set_value_component_GSH_variable_FeLnNO":0.0000000535,"data_set_value_component_GSH_variable_r_11NO":0.000170985,"data_set_value_component_GSH_variable_r_m":0.0000007743,"data_set_value_component_GSH_variable_r_17NO":0.0353285157,"data_set_value_component_GSNO_variable_GSNO":0.0119720657,"data_set_value_component_N2O3_variable_N2O3":0.0000000003,"data_set_value_component_N2O3_variable_r_13NO":0.0000004145,"data_set_value_component_FeLn_variable_FeLn":0.0499999465,"data_set_value_component_model_constant_variable_k_1NO":1.0,"data_set_value_component_model_constant_variable_k_2NO":0.1,"data_set_value_component_model_constant_variable_k_4NO":6700.0,"data_set_value_component_model_constant_variable_k_5NO":2400.0,"data_set_value_component_model_constant_variable_k_6NO":0.00135,"data_set_value_component_model_constant_variable_k_7NO":2.0,"data_set_value_component_model_constant_variable_k_8NO":0.058,"data_set_value_component_model_constant_variable_k_9NO":0.025,"data_set_value_component_model_constant_variable_k_10NO":0.0006,"data_set_value_component_model_constant_variable_k_11NO":66.0,"data_set_value_component_model_constant_variable_k_12aNO":0.000006,"data_set_value_component_model_constant_variable_k_12bNOm":81000.0,"data_set_value_component_model_constant_variable_k_12bNOp":1100.0,"data_set_value_component_model_constant_variable_k_13NO":1600.0,"data_set_value_component_model_constant_variable_v_m":320.0,"data_set_value_component_model_constant_variable_k_m":50.0,"data_set_value_component_model_constant_variable_k_14NO":0.0002,"data_set_value_component_model_constant_variable_k_15NO":100.0,"data_set_value_component_model_constant_variable_k_16NO":1.21,"data_set_value_component_model_constant_variable_k_17NO":66.0,"data_set_value_component_model_constant_variable_k_17bNO":0.0002,"data_set_value_component_model_constant_variable_FeLn_0":0.05,"data_set_value_component_model_constant_variable_GSH_0":10000.0},{"data_set_value_component_environment_variable_time":0.8,"data_set_value_component_NO_variable_NO":0.6785935716,"data_set_value_component_NO_variable_O_2":35.0,"data_set_value_component_NO_variable_NO_2":0.0000002957,"data_set_value_component_NO_variable_CcOX":-0.0,"data_set_value_component_NO_variable_r_1NO":1.0,"data_set_value_component_NO_variable_r_4NO":0.015926996,"data_set_value_component_NO_variable_r_12aNO":0.0000967027,"data_set_value_component_NO_variable_r_12bNOp":0.0002207311,"data_set_value_component_NO_variable_r_12bNOm":0.000023436,"data_set_value_component_NO_variable_r_14NO":0.0000032045,"data_set_value_component_NO_variable_r_15NO":-0.0000000008,"data_set_value_component_NO_variable_r_16NO":0.04105486,"data_set_value_component_O_2m_variable_O_2m":0.0000035031,"data_set_value_component_O_2m_variable_SOD":10.0,"data_set_value_component_O_2m_variable_r_2NO":0.1,"data_set_value_component_O_2m_variable_r_5NO":0.084073779,"data_set_value_component_O_2m_variable_r_10NO":0.0,"data_set_value_component_ONOO_m_variable_ONOO_m":0.000168916,"data_set_value_component_ONOO_m_variable_GPX":5.8,"data_set_value_component_ONOO_m_variable_CO_2":1000.0,"data_set_value_component_ONOO_m_variable_Cyt_c":400.0,"data_set_value_component_ONOO_m_variable_r_6NO":0.0022803618,"data_set_value_component_ONOO_m_variable_r_7NO":0.0019594251,"data_set_value_component_ONOO_m_variable_r_8NO":0.0097971255,"data_set_value_component_ONOO_m_variable_r_9NO":0.0016891596,"data_set_value_component_GSH_variable_GSH":9999.9839773242,"data_set_value_component_GSH_variable_GSSG":0.0000001685,"data_set_value_component_GSH_variable_FeLnNO":0.0000000622,"data_set_value_component_GSH_variable_r_11NO":0.0001909593,"data_set_value_component_GSH_variable_r_m":0.0000010784,"data_set_value_component_GSH_variable_r_17NO":0.0410547736,"data_set_value_component_GSNO_variable_GSNO":0.0160223388,"data_set_value_component_N2O3_variable_N2O3":0.0000000003,"data_set_value_component_N2O3_variable_r_13NO":0.0000004629,"data_set_value_component_FeLn_variable_FeLn":0.0499999378,"data_set_value_component_model_constant_variable_k_1NO":1.0,"data_set_value_component_model_constant_variable_k_2NO":0.1,"data_set_value_component_model_constant_variable_k_4NO":6700.0,"data_set_value_component_model_constant_variable_k_5NO":2400.0,"data_set_value_component_model_constant_variable_k_6NO":0.00135,"data_set_value_component_model_constant_variable_k_7NO":2.0,"data_set_value_component_model_constant_variable_k_8NO":0.058,"data_set_value_component_model_constant_variable_k_9NO":0.025,"data_set_value_component_model_constant_variable_k_10NO":0.0006,"data_set_value_component_model_constant_variable_k_11NO":66.0,"data_set_value_component_model_constant_variable_k_12aNO":0.000006,"data_set_value_component_model_constant_variable_k_12bNOm":81000.0,"data_set_value_component_model_constant_variable_k_12bNOp":1100.0,"data_set_value_component_model_constant_variable_k_13NO":1600.0,"data_set_value_component_model_constant_variable_v_m":320.0,"data_set_value_component_model_constant_variable_k_m":50.0,"data_set_value_component_model_constant_variable_k_14NO":0.0002,"data_set_value_component_model_constant_variable_k_15NO":100.0,"data_set_value_component_model_constant_variable_k_16NO":1.21,"data_set_value_component_model_constant_variable_k_17NO":66.0,"data_set_value_component_model_constant_variable_k_17bNO":0.0002,"data_set_value_component_model_constant_variable_FeLn_0":0.05,"data_set_value_component_model_constant_variable_GSH_0":10000.0},{"data_set_value_component_environment_variable_time":0.9,"data_set_value_component_NO_variable_NO":0.772476003,"data_set_value_component_NO_variable_O_2":35.0,"data_set_value_component_NO_variable_NO_2":0.0000003297,"data_set_value_component_NO_variable_CcOX":0.0,"data_set_value_component_NO_variable_r_1NO":1.0,"data_set_value_component_NO_variable_r_4NO":0.017739576,"data_set_value_component_NO_variable_r_12aNO":0.000125311,"data_set_value_component_NO_variable_r_12bNOp":0.0002801837,"data_set_value_component_NO_variable_r_12bNOm":0.0000306318,"data_set_value_component_NO_variable_r_14NO":0.000004135,"data_set_value_component_NO_variable_r_15NO":0.0,"data_set_value_component_NO_variable_r_16NO":0.046734732,"data_set_value_component_O_2m_variable_O_2m":0.0000034275,"data_set_value_component_O_2m_variable_SOD":10.0,"data_set_value_component_O_2m_variable_r_2NO":0.1,"data_set_value_component_O_2m_variable_r_5NO":0.0822611312,"data_set_value_component_O_2m_variable_r_10NO":0.0,"data_set_value_component_ONOO_m_variable_ONOO_m":0.0001884947,"data_set_value_component_ONOO_m_variable_GPX":5.8,"data_set_value_component_ONOO_m_variable_CO_2":1000.0,"data_set_value_component_ONOO_m_variable_Cyt_c":400.0,"data_set_value_component_ONOO_m_variable_r_6NO":0.0025446737,"data_set_value_component_ONOO_m_variable_r_7NO":0.002186539,"data_set_value_component_ONOO_m_variable_r_8NO":0.0109326948,"data_set_value_component_ONOO_m_variable_r_9NO":0.0018849474,"data_set_value_component_GSH_variable_GSH":9999.9793244222,"data_set_value_component_GSH_variable_GSSG":0.0000002258,"data_set_value_component_GSH_variable_FeLnNO":0.0000000708,"data_set_value_component_GSH_variable_r_11NO":0.0002495916,"data_set_value_component_GSH_variable_r_m":0.000001445,"data_set_value_component_GSH_variable_r_17NO":0.0467346463,"data_set_value_component_GSNO_variable_GSNO":0.0206751263,"data_set_value_component_N2O3_variable_N2O3":0.0000000004,"data_set_value_component_N2O3_variable_r_13NO":0.0000006051,"data_set_value_component_FeLn_variable_FeLn":0.0499999292,"data_set_value_component_model_constant_variable_k_1NO":1.0,"data_set_value_component_model_constant_variable_k_2NO":0.1,"data_set_value_component_model_constant_variable_k_4NO":6700.0,"data_set_value_component_model_constant_variable_k_5NO":2400.0,"data_set_value_component_model_constant_variable_k_6NO":0.00135,"data_set_value_component_model_constant_variable_k_7NO":2.0,"data_set_value_component_model_constant_variable_k_8NO":0.058,"data_set_value_component_model_constant_variable_k_9NO":0.025,"data_set_value_component_model_constant_variable_k_10NO":0.0006,"data_set_value_component_model_constant_variable_k_11NO":66.0,"data_set_value_component_model_constant_variable_k_12aNO":0.000006,"data_set_value_component_model_constant_variable_k_12bNOm":81000.0,"data_set_value_component_model_constant_variable_k_12bNOp":1100.0,"data_set_value_component_model_constant_variable_k_13NO":1600.0,"data_set_value_component_model_constant_variable_v_m":320.0,"data_set_value_component_model_constant_variable_k_m":50.0,"data_set_value_component_model_constant_variable_k_14NO":0.0002,"data_set_value_component_model_constant_variable_k_15NO":100.0,"data_set_value_component_model_constant_variable_k_16NO":1.21,"data_set_value_component_model_constant_variable_k_17NO":66.0,"data_set_value_component_model_constant_variable_k_17bNO":0.0002,"data_set_value_component_model_constant_variable_FeLn_0":0.05,"data_set_value_component_model_constant_variable_GSH_0":10000.0},{"data_set_value_component_environment_variable_time":1.0,"data_set_value_component_NO_variable_NO":0.8656041445,"data_set_value_component_NO_variable_O_2":35.0,"data_set_value_component_NO_variable_NO_2":0.0000003638,"data_set_value_component_NO_variable_CcOX":0.0,"data_set_value_component_NO_variable_r_1NO":1.0,"data_set_value_component_NO_variable_r_4NO":0.0194619974,"data_set_value_component_NO_variable_r_12aNO":0.0001573468,"data_set_value_component_NO_variable_r_12bNOp":0.0003463821,"data_set_value_component_NO_variable_r_12bNOm":0.0000384542,"data_set_value_component_NO_variable_r_14NO":0.0000051851,"data_set_value_component_NO_variable_r_15NO":0.0000000001,"data_set_value_component_NO_variable_r_16NO":0.0523689676,"data_set_value_component_O_2m_variable_O_2m":0.0000033558,"data_set_value_component_O_2m_variable_SOD":10.0,"data_set_value_component_O_2m_variable_r_2NO":0.1,"data_set_value_component_O_2m_variable_r_5NO":0.0805386827,"data_set_value_component_O_2m_variable_r_10NO":0.0,"data_set_value_component_ONOO_m_variable_ONOO_m":0.0002070963,"data_set_value_component_ONOO_m_variable_GPX":5.8,"data_set_value_component_ONOO_m_variable_CO_2":1000.0,"data_set_value_component_ONOO_m_variable_Cyt_c":400.0,"data_set_value_component_ONOO_m_variable_r_6NO":0.0027957932,"data_set_value_component_ONOO_m_variable_r_7NO":0.0024023174,"data_set_value_component_ONOO_m_variable_r_8NO":0.0120115872,"data_set_value_component_ONOO_m_variable_r_9NO":0.0020709633,"data_set_value_component_GSH_variable_GSH":9999.9740741482,"data_set_value_component_GSH_variable_GSSG":0.0000002927,"data_set_value_component_GSH_variable_FeLnNO":0.0000000793,"data_set_value_component_GSH_variable_r_11NO":0.0003133295,"data_set_value_component_GSH_variable_r_m":0.0000018735,"data_set_value_component_GSH_variable_r_17NO":0.0523688826,"data_set_value_component_GSNO_variable_GSNO":0.0259252663,"data_set_value_component_N2O3_variable_N2O3":0.0000000005,"data_set_value_component_N2O3_variable_r_13NO":0.0000007596,"data_set_value_component_FeLn_variable_FeLn":0.0499999207,"data_set_value_component_model_constant_variable_k_1NO":1.0,"data_set_value_component_model_constant_variable_k_2NO":0.1,"data_set_value_component_model_constant_variable_k_4NO":6700.0,"data_set_value_component_model_constant_variable_k_5NO":2400.0,"data_set_value_component_model_constant_variable_k_6NO":0.00135,"data_set_value_component_model_constant_variable_k_7NO":2.0,"data_set_value_component_model_constant_variable_k_8NO":0.058,"data_set_value_component_model_constant_variable_k_9NO":0.025,"data_set_value_component_model_constant_variable_k_10NO":0.0006,"data_set_value_component_model_constant_variable_k_11NO":66.0,"data_set_value_component_model_constant_variable_k_12aNO":0.000006,"data_set_value_component_model_constant_variable_k_12bNOm":81000.0,"data_set_value_component_model_constant_variable_k_12bNOp":1100.0,"data_set_value_component_model_constant_variable_k_13NO":1600.0,"data_set_value_component_model_constant_variable_v_m":320.0,"data_set_value_component_model_constant_variable_k_m":50.0,"data_set_value_component_model_constant_variable_k_14NO":0.0002,"data_set_value_component_model_constant_variable_k_15NO":100.0,"data_set_value_component_model_constant_variable_k_16NO":1.21,"data_set_value_component_model_constant_variable_k_17NO":66.0,"data_set_value_component_model_constant_variable_k_17bNO":0.0002,"data_set_value_component_model_constant_variable_FeLn_0":0.05,"data_set_value_component_model_constant_variable_GSH_0":10000.0}]