[{"data_set_value_component_environment_variable_time":0.0,"data_set_value_component_GnRH_variable_GnRH":0.5,"data_set_value_component_F_variable_F":1.0,"data_set_value_component_B_variable_B":0.0,"data_set_value_component_R_variable_R":2115.0,"data_set_value_component_C_variable_C":0.0,"data_set_value_component_model_parameters_variable_kfb":19.35,"data_set_value_component_model_parameters_variable_kbf":9.91,"data_set_value_component_model_parameters_variable_a1":0.0328,"data_set_value_component_model_parameters_variable_a2":0.083,"data_set_value_component_model_parameters_variable_s":6.8},{"data_set_value_component_environment_variable_time":0.1,"data_set_value_component_GnRH_variable_GnRH":0.0,"data_set_value_component_F_variable_F":0.7411810205,"data_set_value_component_B_variable_B":0.2588189795,"data_set_value_component_R_variable_R":2104.422962006,"data_set_value_component_C_variable_C":11.257037994,"data_set_value_component_model_parameters_variable_kfb":19.35,"data_set_value_component_model_parameters_variable_kbf":9.91,"data_set_value_component_model_parameters_variable_a1":0.0328,"data_set_value_component_model_parameters_variable_a2":0.083,"data_set_value_component_model_parameters_variable_s":6.8},{"data_set_value_component_environment_variable_time":0.2,"data_set_value_component_GnRH_variable_GnRH":0.0,"data_set_value_component_F_variable_F":0.903925352,"data_set_value_component_B_variable_B":0.096074648,"data_set_value_component_R_variable_R":2095.3531776097,"data_set_value_component_C_variable_C":21.0068223903,"data_set_value_component_model_parameters_variable_kfb":19.35,"data_set_value_component_model_parameters_variable_kbf":9.91,"data_set_value_component_model_parameters_variable_a1":0.0328,"data_set_value_component_model_parameters_variable_a2":0.083,"data_set_value_component_model_parameters_variable_s":6.8},{"data_set_value_component_environment_variable_time":0.3,"data_set_value_component_GnRH_variable_GnRH":0.0,"data_set_value_component_F_variable_F":0.9643360513,"data_set_value_component_B_variable_B":0.0356639487,"data_set_value_component_R_variable_R":2088.1139899339,"data_set_value_component_C_variable_C":28.9260100661,"data_set_value_component_model_parameters_variable_kfb":19.35,"data_set_value_component_model_parameters_variable_kbf":9.91,"data_set_value_component_model_parameters_variable_a1":0.0328,"data_set_value_component_model_parameters_variable_a2":0.083,"data_set_value_component_model_parameters_variable_s":6.8},{"data_set_value_component_environment_variable_time":0.4,"data_set_value_component_GnRH_variable_GnRH":0.5,"data_set_value_component_F_variable_F":0.9867609477,"data_set_value_component_B_variable_B":0.0132390523,"data_set_value_component_R_variable_R":2081.5641606457,"data_set_value_component_C_variable_C":36.1558393543,"data_set_value_component_model_parameters_variable_kfb":19.35,"data_set_value_component_model_parameters_variable_kbf":9.91,"data_set_value_component_model_parameters_variable_a1":0.0328,"data_set_value_component_model_parameters_variable_a2":0.083,"data_set_value_component_model_parameters_variable_s":6.8},{"data_set_value_component_environment_variable_time":0.5,"data_set_value_component_GnRH_variable_GnRH":0.0,"data_set_value_component_F_variable_F":0.7385983023,"data_set_value_component_B_variable_B":0.2614016977,"data_set_value_component_R_variable_R":2071.0628262277,"data_set_value_component_C_variable_C":47.3371737723,"data_set_value_component_model_parameters_variable_kfb":19.35,"data_set_value_component_model_parameters_variable_kbf":9.91,"data_set_value_component_model_parameters_variable_a1":0.0328,"data_set_value_component_model_parameters_variable_a2":0.083,"data_set_value_component_model_parameters_variable_s":6.8},{"data_set_value_component_environment_variable_time":0.6,"data_set_value_component_GnRH_variable_GnRH":0.0,"data_set_value_component_F_variable_F":0.9029666051,"data_set_value_component_B_variable_B":0.0970333949,"data_set_value_component_R_variable_R":2062.1195330943,"data_set_value_component_C_variable_C":56.9604669057,"data_set_value_component_model_parameters_variable_kfb":19.35,"data_set_value_component_model_parameters_variable_kbf":9.91,"data_set_value_component_model_parameters_variable_a1":0.0328,"data_set_value_component_model_parameters_variable_a2":0.083,"data_set_value_component_model_parameters_variable_s":6.8},{"data_set_value_component_environment_variable_time":0.7,"data_set_value_component_GnRH_variable_GnRH":0.0,"data_set_value_component_F_variable_F":0.9639803687,"data_set_value_component_B_variable_B":0.0360196313,"data_set_value_component_R_variable_R":2054.9955509141,"data_set_value_component_C_variable_C":64.7644490859,"data_set_value_component_model_parameters_variable_kfb":19.35,"data_set_value_component_model_parameters_variable_kbf":9.91,"data_set_value_component_model_parameters_variable_a1":0.0328,"data_set_value_component_model_parameters_variable_a2":0.083,"data_set_value_component_model_parameters_variable_s":6.8},{"data_set_value_component_environment_variable_time":0.8,"data_set_value_component_GnRH_variable_GnRH":0.0,"data_set_value_component_F_variable_F":0.986629094,"data_set_value_component_B_variable_B":0.013370906,"data_set_value_component_R_variable_R":2048.5565377417,"data_set_value_component_C_variable_C":71.8834622583,"data_set_value_component_model_parameters_variable_kfb":19.35,"data_set_value_component_model_parameters_variable_kbf":9.91,"data_set_value_component_model_parameters_variable_a1":0.0328,"data_set_value_component_model_parameters_variable_a2":0.083,"data_set_value_component_model_parameters_variable_s":6.8},{"data_set_value_component_environment_variable_time":0.9,"data_set_value_component_GnRH_variable_GnRH":0.0,"data_set_value_component_F_variable_F":0.9950361267,"data_set_value_component_B_variable_B":0.0049638733,"data_set_value_component_R_variable_R":2042.383380194,"data_set_value_component_C_variable_C":78.736619806,"data_set_value_component_model_parameters_variable_kfb":19.35,"data_set_value_component_model_parameters_variable_kbf":9.91,"data_set_value_component_model_parameters_variable_a1":0.0328,"data_set_value_component_model_parameters_variable_a2":0.083,"data_set_value_component_model_parameters_variable_s":6.8},{"data_set_value_component_environment_variable_time":1.0,"data_set_value_component_GnRH_variable_GnRH":0.0,"data_set_value_component_F_variable_F":0.9981571907,"data_set_value_component_B_variable_B":0.0018428093,"data_set_value_component_R_variable_R":2036.3210030734,"data_set_value_component_C_variable_C":85.4789969266,"data_set_value_component_model_parameters_variable_kfb":19.35,"data_set_value_component_model_parameters_variable_kbf":9.91,"data_set_value_component_model_parameters_variable_a1":0.0328,"data_set_value_component_model_parameters_variable_a2":0.083,"data_set_value_component_model_parameters_variable_s":6.8}]