[{"data_set_value_component_environment_variable_time":0.0,"data_set_value_component_Gi_variable_Gi":6.0637,"data_set_value_component_Ge_variable_Ge":7.0,"data_set_value_component_Ge_variable_gluper":7.0,"data_set_value_component_Ge_variable_gluamp":0.0,"data_set_value_component_Ge_variable_glubasa1":7.0,"data_set_value_component_Ge_variable_glustep":0.0,"data_set_value_component_Ge_variable_steptime":480000.0,"data_set_value_component_Ge_variable_GeStep":0.0,"data_set_value_component_G6P_variable_G6P":525.97,"data_set_value_component_FBP_variable_FBP":0.2088,"data_set_value_component_F6P_variable_F6P":157.791,"data_set_value_component_Jglut_variable_Jglut":0.2866875388,"data_set_value_component_Jglut_variable_Kglut":7.0,"data_set_value_component_Jglut_variable_Vglut":8.0,"data_set_value_component_Jgk_variable_Jgk":0.288185129,"data_set_value_component_Jgk_variable_Kgk":7.0,"data_set_value_component_Jgk_variable_Vgk":0.8,"data_set_value_component_Jgk_variable_ngk":4.0,"data_set_value_component_JGPDH_variable_JGPDH":0.0913892773,"data_set_value_component_JPFK_variable_JPFK":0.049503267,"data_set_value_component_JPFK_variable_pfkbas":0.06,"data_set_value_component_JPFK_variable_cat":2.0,"data_set_value_component_w_variable_topa16":1722.5794889797,"data_set_value_component_w_variable_bottom16":8501.4113605955,"data_set_value_component_w_variable_topb":107.0690490668,"data_set_value_component_w_variable_weight1":1.0,"data_set_value_component_w_variable_weight9":4.1190682674,"data_set_value_component_w_variable_weight5":0.2088,"data_set_value_component_w_variable_weight3":0.4979599936,"data_set_value_component_w_variable_weight2":5470.1161889473,"data_set_value_component_w_variable_weight13":0.8600614542,"data_set_value_component_w_variable_weight11":102.5565604089,"data_set_value_component_w_variable_weight10":1126.5891006565,"data_set_value_component_w_variable_weight6":57.1080130126,"data_set_value_component_w_variable_weight4":136.1949511274,"data_set_value_component_w_variable_weight15":107.0690490668,"data_set_value_component_w_variable_weight8":7.1093764489,"data_set_value_component_w_variable_weight12":1402.4907534381,"data_set_value_component_w_variable_weight14":11.7615902109,"data_set_value_component_w_variable_weight16":73.2100173295,"data_set_value_component_w_variable_weight7":0.5198702333,"data_set_value_component_w_variable_topa1":0.0,"data_set_value_component_w_variable_topa2":0.0,"data_set_value_component_w_variable_topa3":0.4979599936,"data_set_value_component_w_variable_topa4":136.6929111211,"data_set_value_component_w_variable_topa5":136.6929111211,"data_set_value_component_w_variable_topa6":136.6929111211,"data_set_value_component_w_variable_topa7":137.2127813544,"data_set_value_component_w_variable_topa8":144.3221578033,"data_set_value_component_w_variable_topa9":144.3221578033,"data_set_value_component_w_variable_topa10":144.3221578033,"data_set_value_component_w_variable_topa11":246.8787182121,"data_set_value_component_w_variable_topa12":1649.3694716502,"data_set_value_component_w_variable_topa13":1649.3694716502,"data_set_value_component_w_variable_topa14":1649.3694716502,"data_set_value_component_w_variable_topa15":1649.3694716502,"data_set_value_component_w_variable_bottom1":1.0,"data_set_value_component_w_variable_bottom2":5471.1161889473,"data_set_value_component_w_variable_bottom3":5471.6141489409,"data_set_value_component_w_variable_bottom4":5607.8091000684,"data_set_value_component_w_variable_bottom5":5608.0179000684,"data_set_value_component_w_variable_bottom6":5665.125913081,"data_set_value_component_w_variable_bottom7":5665.6457833143,"data_set_value_component_w_variable_bottom8":5672.7551597632,"data_set_value_component_w_variable_bottom9":5676.8742280306,"data_set_value_component_w_variable_bottom10":6803.4633286871,"data_set_value_component_w_variable_bottom11":6906.0198890959,"data_set_value_component_w_variable_bottom12":8308.5106425341,"data_set_value_component_w_variable_bottom13":8309.3707039883,"data_set_value_component_w_variable_bottom14":8321.1322941992,"data_set_value_component_w_variable_bottom15":8428.201343266,"data_set_value_component_w_variable_famp":0.02,"data_set_value_component_w_variable_ffbp":0.2,"data_set_value_component_w_variable_fmt":20.0,"data_set_value_component_w_variable_fbt":20.0,"data_set_value_component_w_variable_fatp":20.0,"data_set_value_component_w_variable_K1":30.0,"data_set_value_component_w_variable_K2":1.0,"data_set_value_component_w_variable_K3":50000.0,"data_set_value_component_w_variable_K4":1000.0,"data_set_value_component_ATP_variable_ATP":2338.8279519767,"data_set_value_component_ATP_variable_Atot":3000.0,"data_set_value_component_ATP_variable_rad":2215.2559039533,"data_set_value_component_AMP_variable_AMP":123.5720480233,"data_set_value_component_ADP_variable_ADP":537.6,"data_set_value_component_ADP_variable_y":1.0505103152,"data_set_value_component_ADP_variable_tau_a":300000.0,"data_set_value_component_ADP_variable_r":0.5,"data_set_value_component_ADP_variable_r1":0.35,"data_set_value_component_ADP_variable_autoadp":1.0,"data_set_value_component_ADP_variable_adpknot":800.0,"data_set_value_component_ADP_variable_fback":1.5505103152,"data_set_value_component_ADP_variable_ky":2.2,"data_set_value_component_ADP_variable_kg":0.1,"data_set_value_component_membrane_variable_v":-66.7,"data_set_value_component_membrane_variable_cm":5300.0,"data_set_value_component_I_K_variable_I_K":2.6892,"data_set_value_component_I_K_variable_gK":2700.0,"data_set_value_component_n_variable_n":0.00012,"data_set_value_component_n_variable_n_infinity":0.0001169589,"data_set_value_component_n_variable_tau_n":5.8791031506,"data_set_value_component_I_Ca_variable_I_Ca":-1834.2761452301,"data_set_value_component_I_Ca_variable_gCa":1000.0,"data_set_value_component_m_variable_m_infinity":0.0200030114,"data_set_value_component_I_K_Ca_variable_I_K_Ca":41.5081667887,"data_set_value_component_I_K_Ca_variable_gkCa":400.0,"data_set_value_component_I_K_Ca_variable_KD":0.5,"data_set_value_component_I_K_Ca_variable_nh":2.0,"data_set_value_component_I_K_ATP_variable_I_K_ATP":1788.5511253921,"data_set_value_component_I_K_ATP_variable_gkATP_bar":2000.0,"data_set_value_component_I_K_ATP_variable_katpo":0.1077440437,"data_set_value_component_I_K_ATP_variable_topo":25.1462648382,"data_set_value_component_I_K_ATP_variable_bottomo":4667.7781852349,"data_set_value_component_I_K_ATP_variable_MgADP":88.704,"data_set_value_component_I_K_ATP_variable_ADP3":72.576,"data_set_value_component_I_K_ATP_variable_ATP4":116.9413975988,"data_set_value_component_Ca_variable_Ca":0.05626,"data_set_value_component_Ca_variable_fcyt":0.01,"data_set_value_component_Caer_variable_Caer":121.8,"data_set_value_component_Caer_variable_fer":0.01,"data_set_value_component_Caer_variable_sigmav":31.0,"data_set_value_component_Jmem_variable_Jmem":-0.0018725573,"data_set_value_component_Jmem_variable_kPMCA":0.18,"data_set_value_component_Jmem_variable_alpha":0.0000045,"data_set_value_component_Jer_variable_Jer":0.001844748,"data_set_value_component_JSERCA_variable_JSERCA":0.022504,"data_set_value_component_JSERCA_variable_kSERCA":0.4,"data_set_value_component_Jleak_variable_Jleak":0.024348748,"data_set_value_component_Jleak_variable_pleak":0.0002,"data_set_value_component_I_variable_I":0.316,"data_set_value_component_I_variable_I_infinity":0.19874243,"data_set_value_component_I_variable_tau_I":10000.0,"data_set_value_component_I_variable_I_max":20.0,"data_set_value_component_I_variable_delta":8.0,"data_set_value_component_I_variable_ki":0.1,"data_set_value_component_model_parameters_variable_kappa":0.005,"data_set_value_component_model_parameters_variable_vK":-75.0,"data_set_value_component_model_parameters_variable_vCa":25.0},{"data_set_value_component_environment_variable_time":0.1,"data_set_value_component_Gi_variable_Gi":6.0635545761,"data_set_value_component_Ge_variable_Ge":7.0,"data_set_value_component_Ge_variable_gluper":7.0,"data_set_value_component_Ge_variable_gluamp":0.0,"data_set_value_component_Ge_variable_glubasa1":7.0,"data_set_value_component_Ge_variable_glustep":0.0,"data_set_value_component_Ge_variable_steptime":480000.0,"data_set_value_component_Ge_variable_GeStep":0.0,"data_set_value_component_G6P_variable_G6P":525.9701193356,"data_set_value_component_FBP_variable_FBP":0.2088019037,"data_set_value_component_F6P_variable_F6P":157.7910358007,"data_set_value_component_Jglut_variable_Jglut":0.2867352583,"data_set_value_component_Jglut_variable_Kglut":7.0,"data_set_value_component_Jglut_variable_Vglut":8.0,"data_set_value_component_Jgk_variable_Jgk":0.2881674421,"data_set_value_component_Jgk_variable_Kgk":7.0,"data_set_value_component_Jgk_variable_Vgk":0.8,"data_set_value_component_Jgk_variable_ngk":4.0,"data_set_value_component_JGPDH_variable_JGPDH":0.0913896939,"data_set_value_component_JPFK_variable_JPFK":0.0495016596,"data_set_value_component_JPFK_variable_pfkbas":0.06,"data_set_value_component_JPFK_variable_cat":2.0,"data_set_value_component_w_variable_topa16":1722.5287233533,"data_set_value_component_w_variable_bottom16":8501.3984649237,"data_set_value_component_w_variable_topb":107.0649429095,"data_set_value_component_w_variable_weight1":1.0,"data_set_value_component_w_variable_weight9":4.1188708764,"data_set_value_component_w_variable_weight5":0.2088019037,"data_set_value_component_w_variable_weight3":0.4979602196,"data_set_value_component_w_variable_weight2":5470.1950774382,"data_set_value_component_w_variable_weight13":0.8600280802,"data_set_value_component_w_variable_weight11":102.5516923027,"data_set_value_component_w_variable_weight10":1126.5513596433,"data_set_value_component_w_variable_weight6":57.1093572928,"data_set_value_component_w_variable_weight4":136.1969770956,"data_set_value_component_w_variable_weight15":107.0649429095,"data_set_value_component_w_variable_weight8":7.1095470244,"data_set_value_component_w_variable_weight12":1402.4444060432,"data_set_value_component_w_variable_weight14":11.7613034263,"data_set_value_component_w_variable_weight16":73.2082654587,"data_set_value_component_w_variable_weight7":0.5198752091,"data_set_value_component_w_variable_topa1":0.0,"data_set_value_component_w_variable_topa2":0.0,"data_set_value_component_w_variable_topa3":0.4979602196,"data_set_value_component_w_variable_topa4":136.6949373152,"data_set_value_component_w_variable_topa5":136.6949373152,"data_set_value_component_w_variable_topa6":136.6949373152,"data_set_value_component_w_variable_topa7":137.2148125243,"data_set_value_component_w_variable_topa8":144.3243595487,"data_set_value_component_w_variable_topa9":144.3243595487,"data_set_value_component_w_variable_topa10":144.3243595487,"data_set_value_component_w_variable_topa11":246.8760518514,"data_set_value_component_w_variable_topa12":1649.3204578946,"data_set_value_component_w_variable_topa13":1649.3204578946,"data_set_value_component_w_variable_topa14":1649.3204578946,"data_set_value_component_w_variable_topa15":1649.3204578946,"data_set_value_component_w_variable_bottom1":1.0,"data_set_value_component_w_variable_bottom2":5471.1950774382,"data_set_value_component_w_variable_bottom3":5471.6930376578,"data_set_value_component_w_variable_bottom4":5607.8900147534,"data_set_value_component_w_variable_bottom5":5608.0988166571,"data_set_value_component_w_variable_bottom6":5665.2081739499,"data_set_value_component_w_variable_bottom7":5665.728049159,"data_set_value_component_w_variable_bottom8":5672.8375961834,"data_set_value_component_w_variable_bottom9":5676.9564670599,"data_set_value_component_w_variable_bottom10":6803.5078267032,"data_set_value_component_w_variable_bottom11":6906.0595190059,"data_set_value_component_w_variable_bottom12":8308.5039250491,"data_set_value_component_w_variable_bottom13":8309.3639531292,"data_set_value_component_w_variable_bottom14":8321.1252565555,"data_set_value_component_w_variable_bottom15":8428.190199465,"data_set_value_component_w_variable_famp":0.02,"data_set_value_component_w_variable_ffbp":0.2,"data_set_value_component_w_variable_fmt":20.0,"data_set_value_component_w_variable_fbt":20.0,"data_set_value_component_w_variable_fatp":20.0,"data_set_value_component_w_variable_K1":30.0,"data_set_value_component_w_variable_K2":1.0,"data_set_value_component_w_variable_K3":50000.0,"data_set_value_component_w_variable_K4":1000.0,"data_set_value_component_ATP_variable_ATP":2338.8448168782,"data_set_value_component_ATP_variable_Atot":3000.0,"data_set_value_component_ATP_variable_rad":2215.2786905853,"data_set_value_component_AMP_variable_AMP":123.566126293,"data_set_value_component_ADP_variable_ADP":537.5890568288,"data_set_value_component_ADP_variable_y":1.0505128174,"data_set_value_component_ADP_variable_tau_a":300000.0,"data_set_value_component_ADP_variable_r":0.5,"data_set_value_component_ADP_variable_r1":0.35,"data_set_value_component_ADP_variable_autoadp":1.0,"data_set_value_component_ADP_variable_adpknot":800.0,"data_set_value_component_ADP_variable_fback":1.5505128174,"data_set_value_component_ADP_variable_ky":2.2,"data_set_value_component_ADP_variable_kg":0.1,"data_set_value_component_membrane_variable_v":-66.6999709211,"data_set_value_component_membrane_variable_cm":5300.0,"data_set_value_component_I_K_variable_I_K":2.6880632453,"data_set_value_component_I_K_variable_gK":2700.0,"data_set_value_component_n_variable_n":0.0001199489,"data_set_value_component_n_variable_n_infinity":0.0001169595,"data_set_value_component_n_variable_tau_n":5.8791106193,"data_set_value_component_I_Ca_variable_I_Ca":-1834.2799195505,"data_set_value_component_I_Ca_variable_gCa":1000.0,"data_set_value_component_m_variable_m_infinity":0.0200030589,"data_set_value_component_I_K_Ca_variable_I_K_Ca":41.5082717106,"data_set_value_component_I_K_Ca_variable_gkCa":400.0,"data_set_value_component_I_K_Ca_variable_KD":0.5,"data_set_value_component_I_K_Ca_variable_nh":2.0,"data_set_value_component_I_K_ATP_variable_I_K_ATP":1788.5354711982,"data_set_value_component_I_K_ATP_variable_gkATP_bar":2000.0,"data_set_value_component_I_K_ATP_variable_katpo":0.1077427232,"data_set_value_component_I_K_ATP_variable_topo":25.1452613646,"data_set_value_component_I_K_ATP_variable_bottomo":4667.6491214885,"data_set_value_component_I_K_ATP_variable_MgADP":88.7021943767,"data_set_value_component_I_K_ATP_variable_ADP3":72.5745226719,"data_set_value_component_I_K_ATP_variable_ATP4":116.9422408439,"data_set_value_component_Ca_variable_Ca":0.0562599722,"data_set_value_component_Ca_variable_fcyt":0.01,"data_set_value_component_Caer_variable_Caer":121.7999428128,"data_set_value_component_Caer_variable_fer":0.01,"data_set_value_component_Caer_variable_sigmav":31.0,"data_set_value_component_Jmem_variable_Jmem":-0.0018725354,"data_set_value_component_Jmem_variable_kPMCA":0.18,"data_set_value_component_Jmem_variable_alpha":0.0000045,"data_set_value_component_Jer_variable_Jer":0.0018447477,"data_set_value_component_JSERCA_variable_JSERCA":0.0225039889,"data_set_value_component_JSERCA_variable_kSERCA":0.4,"data_set_value_component_Jleak_variable_Jleak":0.0243487366,"data_set_value_component_Jleak_variable_pleak":0.0002,"data_set_value_component_I_variable_I":0.3159988274,"data_set_value_component_I_variable_I_infinity":0.1987416523,"data_set_value_component_I_variable_tau_I":10000.0,"data_set_value_component_I_variable_I_max":20.0,"data_set_value_component_I_variable_delta":8.0,"data_set_value_component_I_variable_ki":0.1,"data_set_value_component_model_parameters_variable_kappa":0.005,"data_set_value_component_model_parameters_variable_vK":-75.0,"data_set_value_component_model_parameters_variable_vCa":25.0},{"data_set_value_component_environment_variable_time":0.2,"data_set_value_component_Gi_variable_Gi":6.0634147588,"data_set_value_component_Ge_variable_Ge":7.0,"data_set_value_component_Ge_variable_gluper":7.0,"data_set_value_component_Ge_variable_gluamp":0.0,"data_set_value_component_Ge_variable_glubasa1":7.0,"data_set_value_component_Ge_variable_glustep":0.0,"data_set_value_component_Ge_variable_steptime":480000.0,"data_set_value_component_Ge_variable_GeStep":0.0,"data_set_value_component_G6P_variable_G6P":525.9702386643,"data_set_value_component_FBP_variable_FBP":0.2088038066,"data_set_value_component_F6P_variable_F6P":157.7910715993,"data_set_value_component_Jglut_variable_Jglut":0.2867811391,"data_set_value_component_Jglut_variable_Kglut":7.0,"data_set_value_component_Jglut_variable_Vglut":8.0,"data_set_value_component_Jgk_variable_Jgk":0.2881504371,"data_set_value_component_Jgk_variable_Kgk":7.0,"data_set_value_component_Jgk_variable_Vgk":0.8,"data_set_value_component_Jgk_variable_ngk":4.0,"data_set_value_component_JGPDH_variable_JGPDH":0.0913901103,"data_set_value_component_JPFK_variable_JPFK":0.049500052,"data_set_value_component_JPFK_variable_pfkbas":0.06,"data_set_value_component_JPFK_variable_cat":2.0,"data_set_value_component_w_variable_topa16":1722.4779583586,"data_set_value_component_w_variable_bottom16":8501.3855686311,"data_set_value_component_w_variable_topb":107.0608364813,"data_set_value_component_w_variable_weight1":1.0,"data_set_value_component_w_variable_weight9":4.1186734946,"data_set_value_component_w_variable_weight5":0.2088038066,"data_set_value_component_w_variable_weight3":0.4979604455,"data_set_value_component_w_variable_weight2":5470.2739645305,"data_set_value_component_w_variable_weight13":0.8599947039,"data_set_value_component_w_variable_weight11":102.5468244188,"data_set_value_component_w_variable_weight10":1126.5136193043,"data_set_value_component_w_variable_weight6":57.1107013546,"data_set_value_component_w_variable_weight4":136.1990030272,"data_set_value_component_w_variable_weight15":107.0608364813,"data_set_value_component_w_variable_weight8":7.1097175728,"data_set_value_component_w_variable_weight12":1402.3980594084,"data_set_value_component_w_variable_weight14":11.7610165965,"data_set_value_component_w_variable_weight16":73.2065133031,"data_set_value_component_w_variable_weight7":0.5198801829,"data_set_value_component_w_variable_topa1":0.0,"data_set_value_component_w_variable_topa2":0.0,"data_set_value_component_w_variable_topa3":0.4979604455,"data_set_value_component_w_variable_topa4":136.6969634727,"data_set_value_component_w_variable_topa5":136.6969634727,"data_set_value_component_w_variable_topa6":136.6969634727,"data_set_value_component_w_variable_topa7":137.2168436556,"data_set_value_component_w_variable_topa8":144.3265612284,"data_set_value_component_w_variable_topa9":144.3265612284,"data_set_value_component_w_variable_topa10":144.3265612284,"data_set_value_component_w_variable_topa11":246.8733856471,"data_set_value_component_w_variable_topa12":1649.2714450556,"data_set_value_component_w_variable_topa13":1649.2714450556,"data_set_value_component_w_variable_topa14":1649.2714450556,"data_set_value_component_w_variable_topa15":1649.2714450556,"data_set_value_component_w_variable_bottom1":1.0,"data_set_value_component_w_variable_bottom2":5471.2739645305,"data_set_value_component_w_variable_bottom3":5471.7719249761,"data_set_value_component_w_variable_bottom4":5607.9709280033,"data_set_value_component_w_variable_bottom5":5608.1797318099,"data_set_value_component_w_variable_bottom6":5665.2904331645,"data_set_value_component_w_variable_bottom7":5665.8103133474,"data_set_value_component_w_variable_bottom8":5672.9200309202,"data_set_value_component_w_variable_bottom9":5677.0387044148,"data_set_value_component_w_variable_bottom10":6803.5523237191,"data_set_value_component_w_variable_bottom11":6906.0991481379,"data_set_value_component_w_variable_bottom12":8308.4972075463,"data_set_value_component_w_variable_bottom13":8309.3572022502,"data_set_value_component_w_variable_bottom14":8321.1182188467,"data_set_value_component_w_variable_bottom15":8428.179055328,"data_set_value_component_w_variable_famp":0.02,"data_set_value_component_w_variable_ffbp":0.2,"data_set_value_component_w_variable_fmt":20.0,"data_set_value_component_w_variable_fbt":20.0,"data_set_value_component_w_variable_fatp":20.0,"data_set_value_component_w_variable_K1":30.0,"data_set_value_component_w_variable_K2":1.0,"data_set_value_component_w_variable_K3":50000.0,"data_set_value_component_w_variable_K4":1000.0,"data_set_value_component_ATP_variable_ATP":2338.8616813592,"data_set_value_component_ATP_variable_Atot":3000.0,"data_set_value_component_ATP_variable_rad":2215.3014765203,"data_set_value_component_AMP_variable_AMP":123.560204839,"data_set_value_component_ADP_variable_ADP":537.5781138018,"data_set_value_component_ADP_variable_y":1.0505153185,"data_set_value_component_ADP_variable_tau_a":300000.0,"data_set_value_component_ADP_variable_r":0.5,"data_set_value_component_ADP_variable_r1":0.35,"data_set_value_component_ADP_variable_autoadp":1.0,"data_set_value_component_ADP_variable_adpknot":800.0,"data_set_value_component_ADP_variable_fback":1.5505153185,"data_set_value_component_ADP_variable_ky":2.2,"data_set_value_component_ADP_variable_kg":0.1,"data_set_value_component_membrane_variable_v":-66.6999415027,"data_set_value_component_membrane_variable_cm":5300.0,"data_set_value_component_I_K_variable_I_K":2.6869437953,"data_set_value_component_I_K_variable_gK":2700.0,"data_set_value_component_n_variable_n":0.0001198985,"data_set_value_component_n_variable_n_infinity":0.0001169601,"data_set_value_component_n_variable_tau_n":5.8791181753,"data_set_value_component_I_Ca_variable_I_Ca":-1834.2837379518,"data_set_value_component_I_Ca_variable_gCa":1000.0,"data_set_value_component_m_variable_m_infinity":0.020003107,"data_set_value_component_I_K_Ca_variable_I_K_Ca":41.5083783583,"data_set_value_component_I_K_Ca_variable_gkCa":400.0,"data_set_value_component_I_K_Ca_variable_KD":0.5,"data_set_value_component_I_K_Ca_variable_nh":2.0,"data_set_value_component_I_K_ATP_variable_I_K_ATP":1788.5198904238,"data_set_value_component_I_K_ATP_variable_gkATP_bar":2000.0,"data_set_value_component_I_K_ATP_variable_katpo":0.1077414027,"data_set_value_component_I_K_ATP_variable_topo":25.1442579242,"data_set_value_component_I_K_ATP_variable_bottomo":4667.5200597067,"data_set_value_component_I_K_ATP_variable_MgADP":88.7003887773,"data_set_value_component_I_K_ATP_variable_ADP3":72.5730453632,"data_set_value_component_I_K_ATP_variable_ATP4":116.943084068,"data_set_value_component_Ca_variable_Ca":0.0562599444,"data_set_value_component_Ca_variable_fcyt":0.01,"data_set_value_component_Caer_variable_Caer":121.7998856256,"data_set_value_component_Caer_variable_fer":0.01,"data_set_value_component_Caer_variable_sigmav":31.0,"data_set_value_component_Jmem_variable_Jmem":-0.0018725132,"data_set_value_component_Jmem_variable_kPMCA":0.18,"data_set_value_component_Jmem_variable_alpha":0.0000045,"data_set_value_component_Jer_variable_Jer":0.0018447474,"data_set_value_component_JSERCA_variable_JSERCA":0.0225039778,"data_set_value_component_JSERCA_variable_kSERCA":0.4,"data_set_value_component_Jleak_variable_Jleak":0.0243487251,"data_set_value_component_Jleak_variable_pleak":0.0002,"data_set_value_component_I_variable_I":0.3159976549,"data_set_value_component_I_variable_I_infinity":0.1987408752,"data_set_value_component_I_variable_tau_I":10000.0,"data_set_value_component_I_variable_I_max":20.0,"data_set_value_component_I_variable_delta":8.0,"data_set_value_component_I_variable_ki":0.1,"data_set_value_component_model_parameters_variable_kappa":0.005,"data_set_value_component_model_parameters_variable_vK":-75.0,"data_set_value_component_model_parameters_variable_vCa":25.0},{"data_set_value_component_environment_variable_time":0.3,"data_set_value_component_Gi_variable_Gi":6.0632808713,"data_set_value_component_Ge_variable_Ge":7.0,"data_set_value_component_Ge_variable_gluper":7.0,"data_set_value_component_Ge_variable_gluamp":0.0,"data_set_value_component_Ge_variable_glubasa1":7.0,"data_set_value_component_Ge_variable_glustep":0.0,"data_set_value_component_Ge_variable_steptime":480000.0,"data_set_value_component_Ge_variable_GeStep":0.0,"data_set_value_component_G6P_variable_G6P":525.9703579858,"data_set_value_component_FBP_variable_FBP":0.2088057087,"data_set_value_component_F6P_variable_F6P":157.7911073957,"data_set_value_component_Jglut_variable_Jglut":0.2868250749,"data_set_value_component_Jglut_variable_Kglut":7.0,"data_set_value_component_Jglut_variable_Vglut":8.0,"data_set_value_component_Jgk_variable_Jgk":0.2881341534,"data_set_value_component_Jgk_variable_Kgk":7.0,"data_set_value_component_Jgk_variable_Vgk":0.8,"data_set_value_component_Jgk_variable_ngk":4.0,"data_set_value_component_JGPDH_variable_JGPDH":0.0913905266,"data_set_value_component_JPFK_variable_JPFK":0.0494984444,"data_set_value_component_JPFK_variable_pfkbas":0.06,"data_set_value_component_JPFK_variable_cat":2.0,"data_set_value_component_w_variable_topa16":1722.4271940333,"data_set_value_component_w_variable_bottom16":8501.3726716341,"data_set_value_component_w_variable_topb":107.0567297464,"data_set_value_component_w_variable_weight1":1.0,"data_set_value_component_w_variable_weight9":4.1184761223,"data_set_value_component_w_variable_weight5":0.2088057087,"data_set_value_component_w_variable_weight3":0.4979606715,"data_set_value_component_w_variable_weight2":5470.3528501149,"data_set_value_component_w_variable_weight13":0.8599613253,"data_set_value_component_w_variable_weight11":102.5419567637,"data_set_value_component_w_variable_weight10":1126.4758796919,"data_set_value_component_w_variable_weight6":57.112045174,"data_set_value_component_w_variable_weight4":136.2010289193,"data_set_value_component_w_variable_weight15":107.0567297464,"data_set_value_component_w_variable_weight8":7.1098880909,"data_set_value_component_w_variable_weight12":1402.351713597,"data_set_value_component_w_variable_weight14":11.7607297173,"data_set_value_component_w_variable_weight16":73.2047608365,"data_set_value_component_w_variable_weight7":0.5198851544,"data_set_value_component_w_variable_topa1":0.0,"data_set_value_component_w_variable_topa2":0.0,"data_set_value_component_w_variable_topa3":0.4979606715,"data_set_value_component_w_variable_topa4":136.6989895907,"data_set_value_component_w_variable_topa5":136.6989895907,"data_set_value_component_w_variable_topa6":136.6989895907,"data_set_value_component_w_variable_topa7":137.2188747452,"data_set_value_component_w_variable_topa8":144.3287628361,"data_set_value_component_w_variable_topa9":144.3287628361,"data_set_value_component_w_variable_topa10":144.3287628361,"data_set_value_component_w_variable_topa11":246.8707195998,"data_set_value_component_w_variable_topa12":1649.2224331968,"data_set_value_component_w_variable_topa13":1649.2224331968,"data_set_value_component_w_variable_topa14":1649.2224331968,"data_set_value_component_w_variable_topa15":1649.2224331968,"data_set_value_component_w_variable_bottom1":1.0,"data_set_value_component_w_variable_bottom2":5471.3528501149,"data_set_value_component_w_variable_bottom3":5471.8508107864,"data_set_value_component_w_variable_bottom4":5608.0518397057,"data_set_value_component_w_variable_bottom5":5608.2606454143,"data_set_value_component_w_variable_bottom6":5665.3726905883,"data_set_value_component_w_variable_bottom7":5665.8925757428,"data_set_value_component_w_variable_bottom8":5673.0024638336,"data_set_value_component_w_variable_bottom9":5677.120939956,"data_set_value_component_w_variable_bottom10":6803.5968196478,"data_set_value_component_w_variable_bottom11":6906.1387764115,"data_set_value_component_w_variable_bottom12":8308.4904900086,"data_set_value_component_w_variable_bottom13":8309.3504513339,"data_set_value_component_w_variable_bottom14":8321.1111810512,"data_set_value_component_w_variable_bottom15":8428.1679107975,"data_set_value_component_w_variable_famp":0.02,"data_set_value_component_w_variable_ffbp":0.2,"data_set_value_component_w_variable_fmt":20.0,"data_set_value_component_w_variable_fbt":20.0,"data_set_value_component_w_variable_fatp":20.0,"data_set_value_component_w_variable_K1":30.0,"data_set_value_component_w_variable_K2":1.0,"data_set_value_component_w_variable_K3":50000.0,"data_set_value_component_w_variable_K4":1000.0,"data_set_value_component_ATP_variable_ATP":2338.8785453963,"data_set_value_component_ATP_variable_Atot":3000.0,"data_set_value_component_ATP_variable_rad":2215.3242617268,"data_set_value_component_AMP_variable_AMP":123.5542836695,"data_set_value_component_ADP_variable_ADP":537.5671709343,"data_set_value_component_ADP_variable_y":1.0505178185,"data_set_value_component_ADP_variable_tau_a":300000.0,"data_set_value_component_ADP_variable_r":0.5,"data_set_value_component_ADP_variable_r1":0.35,"data_set_value_component_ADP_variable_autoadp":1.0,"data_set_value_component_ADP_variable_adpknot":800.0,"data_set_value_component_ADP_variable_fback":1.5505178185,"data_set_value_component_ADP_variable_ky":2.2,"data_set_value_component_ADP_variable_kg":0.1,"data_set_value_component_membrane_variable_v":-66.69991171,"data_set_value_component_membrane_variable_cm":5300.0,"data_set_value_component_I_K_variable_I_K":2.6858431538,"data_set_value_component_I_K_variable_gK":2700.0,"data_set_value_component_n_variable_n":0.0001198489,"data_set_value_component_n_variable_n_infinity":0.0001169607,"data_set_value_component_n_variable_tau_n":5.8791258274,"data_set_value_component_I_Ca_variable_I_Ca":-1834.2876049291,"data_set_value_component_I_Ca_variable_gCa":1000.0,"data_set_value_component_m_variable_m_infinity":0.0200031556,"data_set_value_component_I_K_Ca_variable_I_K_Ca":41.5084869082,"data_set_value_component_I_K_Ca_variable_gkCa":400.0,"data_set_value_component_I_K_Ca_variable_KD":0.5,"data_set_value_component_I_K_Ca_variable_nh":2.0,"data_set_value_component_I_K_ATP_variable_I_K_ATP":1788.5043905591,"data_set_value_component_I_K_ATP_variable_gkATP_bar":2000.0,"data_set_value_component_I_K_ATP_variable_katpo":0.1077400823,"data_set_value_component_I_K_ATP_variable_topo":25.1432545186,"data_set_value_component_I_K_ATP_variable_bottomo":4667.3910000687,"data_set_value_component_I_K_ATP_variable_MgADP":88.6985832042,"data_set_value_component_I_K_ATP_variable_ADP3":72.5715680761,"data_set_value_component_I_K_ATP_variable_ATP4":116.9439272698,"data_set_value_component_Ca_variable_Ca":0.0562599167,"data_set_value_component_Ca_variable_fcyt":0.01,"data_set_value_component_Caer_variable_Caer":121.7998284385,"data_set_value_component_Caer_variable_fer":0.01,"data_set_value_component_Caer_variable_sigmav":31.0,"data_set_value_component_Jmem_variable_Jmem":-0.0018724908,"data_set_value_component_Jmem_variable_kPMCA":0.18,"data_set_value_component_Jmem_variable_alpha":0.0000045,"data_set_value_component_Jer_variable_Jer":0.001844747,"data_set_value_component_JSERCA_variable_JSERCA":0.0225039667,"data_set_value_component_JSERCA_variable_kSERCA":0.4,"data_set_value_component_Jleak_variable_Jleak":0.0243487137,"data_set_value_component_Jleak_variable_pleak":0.0002,"data_set_value_component_I_variable_I":0.3159964823,"data_set_value_component_I_variable_I_infinity":0.1987400986,"data_set_value_component_I_variable_tau_I":10000.0,"data_set_value_component_I_variable_I_max":20.0,"data_set_value_component_I_variable_delta":8.0,"data_set_value_component_I_variable_ki":0.1,"data_set_value_component_model_parameters_variable_kappa":0.005,"data_set_value_component_model_parameters_variable_vK":-75.0,"data_set_value_component_model_parameters_variable_vCa":25.0},{"data_set_value_component_environment_variable_time":0.4,"data_set_value_component_Gi_variable_Gi":6.0631527343,"data_set_value_component_Ge_variable_Ge":7.0,"data_set_value_component_Ge_variable_gluper":7.0,"data_set_value_component_Ge_variable_gluamp":0.0,"data_set_value_component_Ge_variable_glubasa1":7.0,"data_set_value_component_Ge_variable_glustep":0.0,"data_set_value_component_Ge_variable_steptime":480000.0,"data_set_value_component_Ge_variable_GeStep":0.0,"data_set_value_component_G6P_variable_G6P":525.9704773003,"data_set_value_component_FBP_variable_FBP":0.2088076098,"data_set_value_component_F6P_variable_F6P":157.7911431901,"data_set_value_component_Jglut_variable_Jglut":0.2868671246,"data_set_value_component_Jglut_variable_Kglut":7.0,"data_set_value_component_Jglut_variable_Vglut":8.0,"data_set_value_component_Jgk_variable_Jgk":0.2881185691,"data_set_value_component_Jgk_variable_Kgk":7.0,"data_set_value_component_Jgk_variable_Vgk":0.8,"data_set_value_component_Jgk_variable_ngk":4.0,"data_set_value_component_JGPDH_variable_JGPDH":0.0913909426,"data_set_value_component_JPFK_variable_JPFK":0.0494968368,"data_set_value_component_JPFK_variable_pfkbas":0.06,"data_set_value_component_JPFK_variable_cat":2.0,"data_set_value_component_w_variable_topa16":1722.3764303892,"data_set_value_component_w_variable_bottom16":8501.3597739147,"data_set_value_component_w_variable_topb":107.052622696,"data_set_value_component_w_variable_weight1":1.0,"data_set_value_component_w_variable_weight9":4.1182787596,"data_set_value_component_w_variable_weight5":0.2088076098,"data_set_value_component_w_variable_weight3":0.4979608974,"data_set_value_component_w_variable_weight2":5470.4317341643,"data_set_value_component_w_variable_weight13":0.8599279442,"data_set_value_component_w_variable_weight11":102.5370893393,"data_set_value_component_w_variable_weight10":1126.4381408189,"data_set_value_component_w_variable_weight6":57.113388745,"data_set_value_component_w_variable_weight4":136.2030547713,"data_set_value_component_w_variable_weight15":107.052622696,"data_set_value_component_w_variable_weight8":7.110058578,"data_set_value_component_w_variable_weight12":1402.3053686266,"data_set_value_component_w_variable_weight14":11.7604427877,"data_set_value_component_w_variable_weight16":73.2030080527,"data_set_value_component_w_variable_weight7":0.5198901237,"data_set_value_component_w_variable_topa1":0.0,"data_set_value_component_w_variable_topa2":0.0,"data_set_value_component_w_variable_topa3":0.4979608974,"data_set_value_component_w_variable_topa4":136.7010156687,"data_set_value_component_w_variable_topa5":136.7010156687,"data_set_value_component_w_variable_topa6":136.7010156687,"data_set_value_component_w_variable_topa7":137.2209057925,"data_set_value_component_w_variable_topa8":144.3309643705,"data_set_value_component_w_variable_topa9":144.3309643705,"data_set_value_component_w_variable_topa10":144.3309643705,"data_set_value_component_w_variable_topa11":246.8680537098,"data_set_value_component_w_variable_topa12":1649.1734223365,"data_set_value_component_w_variable_topa13":1649.1734223365,"data_set_value_component_w_variable_topa14":1649.1734223365,"data_set_value_component_w_variable_topa15":1649.1734223365,"data_set_value_component_w_variable_bottom1":1.0,"data_set_value_component_w_variable_bottom2":5471.4317341643,"data_set_value_component_w_variable_bottom3":5471.9296950617,"data_set_value_component_w_variable_bottom4":5608.1327498331,"data_set_value_component_w_variable_bottom5":5608.3415574428,"data_set_value_component_w_variable_bottom6":5665.4549461878,"data_set_value_component_w_variable_bottom7":5665.9748363116,"data_set_value_component_w_variable_bottom8":5673.0848948896,"data_set_value_component_w_variable_bottom9":5677.2031736492,"data_set_value_component_w_variable_bottom10":6803.6413144681,"data_set_value_component_w_variable_bottom11":6906.1784038074,"data_set_value_component_w_variable_bottom12":8308.4837724341,"data_set_value_component_w_variable_bottom13":8309.3437003783,"data_set_value_component_w_variable_bottom14":8321.104143166,"data_set_value_component_w_variable_bottom15":8428.156765862,"data_set_value_component_w_variable_famp":0.02,"data_set_value_component_w_variable_ffbp":0.2,"data_set_value_component_w_variable_fmt":20.0,"data_set_value_component_w_variable_fbt":20.0,"data_set_value_component_w_variable_fatp":20.0,"data_set_value_component_w_variable_K1":30.0,"data_set_value_component_w_variable_K2":1.0,"data_set_value_component_w_variable_K3":50000.0,"data_set_value_component_w_variable_K4":1000.0,"data_set_value_component_ATP_variable_ATP":2338.8954089836,"data_set_value_component_ATP_variable_Atot":3000.0,"data_set_value_component_ATP_variable_rad":2215.347046197,"data_set_value_component_AMP_variable_AMP":123.5483627865,"data_set_value_component_ADP_variable_ADP":537.5562282299,"data_set_value_component_ADP_variable_y":1.0505203172,"data_set_value_component_ADP_variable_tau_a":300000.0,"data_set_value_component_ADP_variable_r":0.5,"data_set_value_component_ADP_variable_r1":0.35,"data_set_value_component_ADP_variable_autoadp":1.0,"data_set_value_component_ADP_variable_adpknot":800.0,"data_set_value_component_ADP_variable_fback":1.5505203172,"data_set_value_component_ADP_variable_ky":2.2,"data_set_value_component_ADP_variable_kg":0.1,"data_set_value_component_membrane_variable_v":-66.6998815357,"data_set_value_component_membrane_variable_cm":5300.0,"data_set_value_component_I_K_variable_I_K":2.6847613743,"data_set_value_component_I_K_variable_gK":2700.0,"data_set_value_component_n_variable_n":0.0001198002,"data_set_value_component_n_variable_n_infinity":0.0001169613,"data_set_value_component_n_variable_tau_n":5.8791335775,"data_set_value_component_I_Ca_variable_I_Ca":-1834.2915214528,"data_set_value_component_I_Ca_variable_gCa":1000.0,"data_set_value_component_m_variable_m_infinity":0.0200032049,"data_set_value_component_I_K_Ca_variable_I_K_Ca":41.5085973989,"data_set_value_component_I_K_Ca_variable_gkCa":400.0,"data_set_value_component_I_K_Ca_variable_KD":0.5,"data_set_value_component_I_K_Ca_variable_nh":2.0,"data_set_value_component_I_K_ATP_variable_I_K_ATP":1788.4889732189,"data_set_value_component_I_K_ATP_variable_gkATP_bar":2000.0,"data_set_value_component_I_K_ATP_variable_katpo":0.1077387619,"data_set_value_component_I_K_ATP_variable_topo":25.142251148,"data_set_value_component_I_K_ATP_variable_bottomo":4667.2619426188,"data_set_value_component_I_K_ATP_variable_MgADP":88.6967776579,"data_set_value_component_I_K_ATP_variable_ADP3":72.570090811,"data_set_value_component_I_K_ATP_variable_ATP4":116.9447704492,"data_set_value_component_Ca_variable_Ca":0.0562598889,"data_set_value_component_Ca_variable_fcyt":0.01,"data_set_value_component_Caer_variable_Caer":121.7997712513,"data_set_value_component_Caer_variable_fer":0.01,"data_set_value_component_Caer_variable_sigmav":31.0,"data_set_value_component_Jmem_variable_Jmem":-0.0018724682,"data_set_value_component_Jmem_variable_kPMCA":0.18,"data_set_value_component_Jmem_variable_alpha":0.0000045,"data_set_value_component_Jer_variable_Jer":0.0018447467,"data_set_value_component_JSERCA_variable_JSERCA":0.0225039556,"data_set_value_component_JSERCA_variable_kSERCA":0.4,"data_set_value_component_Jleak_variable_Jleak":0.0243487023,"data_set_value_component_Jleak_variable_pleak":0.0002,"data_set_value_component_I_variable_I":0.3159953097,"data_set_value_component_I_variable_I_infinity":0.1987393227,"data_set_value_component_I_variable_tau_I":10000.0,"data_set_value_component_I_variable_I_max":20.0,"data_set_value_component_I_variable_delta":8.0,"data_set_value_component_I_variable_ki":0.1,"data_set_value_component_model_parameters_variable_kappa":0.005,"data_set_value_component_model_parameters_variable_vK":-75.0,"data_set_value_component_model_parameters_variable_vCa":25.0},{"data_set_value_component_environment_variable_time":0.5,"data_set_value_component_Gi_variable_Gi":6.0630300305,"data_set_value_component_Ge_variable_Ge":7.0,"data_set_value_component_Ge_variable_gluper":7.0,"data_set_value_component_Ge_variable_gluamp":0.0,"data_set_value_component_Ge_variable_glubasa1":7.0,"data_set_value_component_Ge_variable_glustep":0.0,"data_set_value_component_Ge_variable_steptime":480000.0,"data_set_value_component_Ge_variable_GeStep":0.0,"data_set_value_component_G6P_variable_G6P":525.9705966083,"data_set_value_component_FBP_variable_FBP":0.20880951,"data_set_value_component_F6P_variable_F6P":157.7911789825,"data_set_value_component_Jglut_variable_Jglut":0.286907392,"data_set_value_component_Jglut_variable_Kglut":7.0,"data_set_value_component_Jglut_variable_Vglut":8.0,"data_set_value_component_Jgk_variable_Jgk":0.2881036456,"data_set_value_component_Jgk_variable_Kgk":7.0,"data_set_value_component_Jgk_variable_Vgk":0.8,"data_set_value_component_Jgk_variable_ngk":4.0,"data_set_value_component_JGPDH_variable_JGPDH":0.0913913585,"data_set_value_component_JPFK_variable_JPFK":0.049495229,"data_set_value_component_JPFK_variable_pfkbas":0.06,"data_set_value_component_JPFK_variable_cat":2.0,"data_set_value_component_w_variable_topa16":1722.3256674289,"data_set_value_component_w_variable_bottom16":8501.3468754771,"data_set_value_component_w_variable_topb":107.0485153309,"data_set_value_component_w_variable_weight1":1.0,"data_set_value_component_w_variable_weight9":4.1180814063,"data_set_value_component_w_variable_weight5":0.20880951,"data_set_value_component_w_variable_weight3":0.4979611233,"data_set_value_component_w_variable_weight2":5470.5106166796,"data_set_value_component_w_variable_weight13":0.8598945606,"data_set_value_component_w_variable_weight11":102.5322221457,"data_set_value_component_w_variable_weight10":1126.4004026852,"data_set_value_component_w_variable_weight6":57.1147320679,"data_set_value_component_w_variable_weight4":136.2050805836,"data_set_value_component_w_variable_weight15":107.0485153309,"data_set_value_component_w_variable_weight8":7.1102290343,"data_set_value_component_w_variable_weight12":1402.2590244991,"data_set_value_component_w_variable_weight14":11.7601558078,"data_set_value_component_w_variable_weight16":73.2012549522,"data_set_value_component_w_variable_weight7":0.5198950908,"data_set_value_component_w_variable_topa1":0.0,"data_set_value_component_w_variable_topa2":0.0,"data_set_value_component_w_variable_topa3":0.4979611233,"data_set_value_component_w_variable_topa4":136.7030417069,"data_set_value_component_w_variable_topa5":136.7030417069,"data_set_value_component_w_variable_topa6":136.7030417069,"data_set_value_component_w_variable_topa7":137.2229367977,"data_set_value_component_w_variable_topa8":144.333165832,"data_set_value_component_w_variable_topa9":144.333165832,"data_set_value_component_w_variable_topa10":144.333165832,"data_set_value_component_w_variable_topa11":246.8653879776,"data_set_value_component_w_variable_topa12":1649.1244124767,"data_set_value_component_w_variable_topa13":1649.1244124767,"data_set_value_component_w_variable_topa14":1649.1244124767,"data_set_value_component_w_variable_topa15":1649.1244124767,"data_set_value_component_w_variable_bottom1":1.0,"data_set_value_component_w_variable_bottom2":5471.5106166796,"data_set_value_component_w_variable_bottom3":5472.0085778029,"data_set_value_component_w_variable_bottom4":5608.2136583864,"data_set_value_component_w_variable_bottom5":5608.4224678965,"data_set_value_component_w_variable_bottom6":5665.5371999643,"data_set_value_component_w_variable_bottom7":5666.0570950551,"data_set_value_component_w_variable_bottom8":5673.1673240894,"data_set_value_component_w_variable_bottom9":5677.2854054957,"data_set_value_component_w_variable_bottom10":6803.6858081809,"data_set_value_component_w_variable_bottom11":6906.2180303266,"data_set_value_component_w_variable_bottom12":8308.4770548257,"data_set_value_component_w_variable_bottom13":8309.3369493863,"data_set_value_component_w_variable_bottom14":8321.0971051941,"data_set_value_component_w_variable_bottom15":8428.145620525,"data_set_value_component_w_variable_famp":0.02,"data_set_value_component_w_variable_ffbp":0.2,"data_set_value_component_w_variable_fmt":20.0,"data_set_value_component_w_variable_fbt":20.0,"data_set_value_component_w_variable_fatp":20.0,"data_set_value_component_w_variable_K1":30.0,"data_set_value_component_w_variable_K2":1.0,"data_set_value_component_w_variable_K3":50000.0,"data_set_value_component_w_variable_K4":1000.0,"data_set_value_component_ATP_variable_ATP":2338.9122721213,"data_set_value_component_ATP_variable_Atot":3000.0,"data_set_value_component_ATP_variable_rad":2215.3698299312,"data_set_value_component_AMP_variable_AMP":123.54244219,"data_set_value_component_ADP_variable_ADP":537.5452856887,"data_set_value_component_ADP_variable_y":1.0505228147,"data_set_value_component_ADP_variable_tau_a":300000.0,"data_set_value_component_ADP_variable_r":0.5,"data_set_value_component_ADP_variable_r1":0.35,"data_set_value_component_ADP_variable_autoadp":1.0,"data_set_value_component_ADP_variable_adpknot":800.0,"data_set_value_component_ADP_variable_fback":1.5505228147,"data_set_value_component_ADP_variable_ky":2.2,"data_set_value_component_ADP_variable_kg":0.1,"data_set_value_component_membrane_variable_v":-66.6998509814,"data_set_value_component_membrane_variable_cm":5300.0,"data_set_value_component_I_K_variable_I_K":2.6836980372,"data_set_value_component_I_K_variable_gK":2700.0,"data_set_value_component_n_variable_n":0.0001197523,"data_set_value_component_n_variable_n_infinity":0.000116962,"data_set_value_component_n_variable_tau_n":5.8791414252,"data_set_value_component_I_Ca_variable_I_Ca":-1834.2954873064,"data_set_value_component_I_Ca_variable_gCa":1000.0,"data_set_value_component_m_variable_m_infinity":0.0200032548,"data_set_value_component_I_K_Ca_variable_I_K_Ca":41.5087098224,"data_set_value_component_I_K_Ca_variable_gkCa":400.0,"data_set_value_component_I_K_Ca_variable_KD":0.5,"data_set_value_component_I_K_Ca_variable_nh":2.0,"data_set_value_component_I_K_ATP_variable_I_K_ATP":1788.4736380398,"data_set_value_component_I_K_ATP_variable_gkATP_bar":2000.0,"data_set_value_component_I_K_ATP_variable_katpo":0.1077374415,"data_set_value_component_I_K_ATP_variable_topo":25.1412478124,"data_set_value_component_I_K_ATP_variable_bottomo":4667.132887356,"data_set_value_component_I_K_ATP_variable_MgADP":88.6949721386,"data_set_value_component_I_K_ATP_variable_ADP3":72.568613568,"data_set_value_component_I_K_ATP_variable_ATP4":116.9456136061,"data_set_value_component_Ca_variable_Ca":0.0562598612,"data_set_value_component_Ca_variable_fcyt":0.01,"data_set_value_component_Caer_variable_Caer":121.7997140642,"data_set_value_component_Caer_variable_fer":0.01,"data_set_value_component_Caer_variable_sigmav":31.0,"data_set_value_component_Jmem_variable_Jmem":-0.0018724453,"data_set_value_component_Jmem_variable_kPMCA":0.18,"data_set_value_component_Jmem_variable_alpha":0.0000045,"data_set_value_component_Jer_variable_Jer":0.0018447463,"data_set_value_component_JSERCA_variable_JSERCA":0.0225039445,"data_set_value_component_JSERCA_variable_kSERCA":0.4,"data_set_value_component_Jleak_variable_Jleak":0.0243486908,"data_set_value_component_Jleak_variable_pleak":0.0002,"data_set_value_component_I_variable_I":0.3159941372,"data_set_value_component_I_variable_I_infinity":0.1987385474,"data_set_value_component_I_variable_tau_I":10000.0,"data_set_value_component_I_variable_I_max":20.0,"data_set_value_component_I_variable_delta":8.0,"data_set_value_component_I_variable_ki":0.1,"data_set_value_component_model_parameters_variable_kappa":0.005,"data_set_value_component_model_parameters_variable_vK":-75.0,"data_set_value_component_model_parameters_variable_vCa":25.0},{"data_set_value_component_environment_variable_time":0.6,"data_set_value_component_Gi_variable_Gi":6.0629125226,"data_set_value_component_Ge_variable_Ge":7.0,"data_set_value_component_Ge_variable_gluper":7.0,"data_set_value_component_Ge_variable_gluamp":0.0,"data_set_value_component_Ge_variable_glubasa1":7.0,"data_set_value_component_Ge_variable_glustep":0.0,"data_set_value_component_Ge_variable_steptime":480000.0,"data_set_value_component_Ge_variable_GeStep":0.0,"data_set_value_component_G6P_variable_G6P":525.9707159101,"data_set_value_component_FBP_variable_FBP":0.2088114093,"data_set_value_component_F6P_variable_F6P":157.791214773,"data_set_value_component_Jglut_variable_Jglut":0.2869459551,"data_set_value_component_Jglut_variable_Kglut":7.0,"data_set_value_component_Jglut_variable_Vglut":8.0,"data_set_value_component_Jgk_variable_Jgk":0.2880893541,"data_set_value_component_Jgk_variable_Kgk":7.0,"data_set_value_component_Jgk_variable_Vgk":0.8,"data_set_value_component_Jgk_variable_ngk":4.0,"data_set_value_component_JGPDH_variable_JGPDH":0.0913917741,"data_set_value_component_JPFK_variable_JPFK":0.0494936212,"data_set_value_component_JPFK_variable_pfkbas":0.06,"data_set_value_component_JPFK_variable_cat":2.0,"data_set_value_component_w_variable_topa16":1722.2749051569,"data_set_value_component_w_variable_bottom16":8501.3339763194,"data_set_value_component_w_variable_topb":107.0444076492,"data_set_value_component_w_variable_weight1":1.0,"data_set_value_component_w_variable_weight9":4.1178840627,"data_set_value_component_w_variable_weight5":0.2088114093,"data_set_value_component_w_variable_weight3":0.4979613492,"data_set_value_component_w_variable_weight2":5470.5894976544,"data_set_value_component_w_variable_weight13":0.8598611746,"data_set_value_component_w_variable_weight11":102.5273551833,"data_set_value_component_w_variable_weight10":1126.3626652937,"data_set_value_component_w_variable_weight6":57.1160751413,"data_set_value_component_w_variable_weight4":136.2071063561,"data_set_value_component_w_variable_weight15":107.0444076492,"data_set_value_component_w_variable_weight8":7.1103994595,"data_set_value_component_w_variable_weight12":1402.2126812198,"data_set_value_component_w_variable_weight14":11.7598687774,"data_set_value_component_w_variable_weight16":73.1995015336,"data_set_value_component_w_variable_weight7":0.5199000556,"data_set_value_component_w_variable_topa1":0.0,"data_set_value_component_w_variable_topa2":0.0,"data_set_value_component_w_variable_topa3":0.4979613492,"data_set_value_component_w_variable_topa4":136.7050677053,"data_set_value_component_w_variable_topa5":136.7050677053,"data_set_value_component_w_variable_topa6":136.7050677053,"data_set_value_component_w_variable_topa7":137.2249677608,"data_set_value_component_w_variable_topa8":144.3353672203,"data_set_value_component_w_variable_topa9":144.3353672203,"data_set_value_component_w_variable_topa10":144.3353672203,"data_set_value_component_w_variable_topa11":246.8627224036,"data_set_value_component_w_variable_topa12":1649.0754036234,"data_set_value_component_w_variable_topa13":1649.0754036234,"data_set_value_component_w_variable_topa14":1649.0754036234,"data_set_value_component_w_variable_topa15":1649.0754036234,"data_set_value_component_w_variable_bottom1":1.0,"data_set_value_component_w_variable_bottom2":5471.5894976544,"data_set_value_component_w_variable_bottom3":5472.0874590036,"data_set_value_component_w_variable_bottom4":5608.2945653597,"data_set_value_component_w_variable_bottom5":5608.503376769,"data_set_value_component_w_variable_bottom6":5665.6194519103,"data_set_value_component_w_variable_bottom7":5666.1393519658,"data_set_value_component_w_variable_bottom8":5673.2497514253,"data_set_value_component_w_variable_bottom9":5677.367635488,"data_set_value_component_w_variable_bottom10":6803.7303007817,"data_set_value_component_w_variable_bottom11":6906.2576559649,"data_set_value_component_w_variable_bottom12":8308.4703371847,"data_set_value_component_w_variable_bottom13":8309.3301983593,"data_set_value_component_w_variable_bottom14":8321.0900671367,"data_set_value_component_w_variable_bottom15":8428.1344747859,"data_set_value_component_w_variable_famp":0.02,"data_set_value_component_w_variable_ffbp":0.2,"data_set_value_component_w_variable_fmt":20.0,"data_set_value_component_w_variable_fbt":20.0,"data_set_value_component_w_variable_fatp":20.0,"data_set_value_component_w_variable_K1":30.0,"data_set_value_component_w_variable_K2":1.0,"data_set_value_component_w_variable_K3":50000.0,"data_set_value_component_w_variable_K4":1000.0,"data_set_value_component_ATP_variable_ATP":2338.9291348081,"data_set_value_component_ATP_variable_Atot":3000.0,"data_set_value_component_ATP_variable_rad":2215.3926129276,"data_set_value_component_AMP_variable_AMP":123.5365218805,"data_set_value_component_ADP_variable_ADP":537.5343433114,"data_set_value_component_ADP_variable_y":1.050525311,"data_set_value_component_ADP_variable_tau_a":300000.0,"data_set_value_component_ADP_variable_r":0.5,"data_set_value_component_ADP_variable_r1":0.35,"data_set_value_component_ADP_variable_autoadp":1.0,"data_set_value_component_ADP_variable_adpknot":800.0,"data_set_value_component_ADP_variable_fback":1.550525311,"data_set_value_component_ADP_variable_ky":2.2,"data_set_value_component_ADP_variable_kg":0.1,"data_set_value_component_membrane_variable_v":-66.6998200463,"data_set_value_component_membrane_variable_cm":5300.0,"data_set_value_component_I_K_variable_I_K":2.6826528984,"data_set_value_component_I_K_variable_gK":2700.0,"data_set_value_component_n_variable_n":0.0001197053,"data_set_value_component_n_variable_n_infinity":0.0001169626,"data_set_value_component_n_variable_tau_n":5.8791493707,"data_set_value_component_I_Ca_variable_I_Ca":-1834.2995025955,"data_set_value_component_I_Ca_variable_gCa":1000.0,"data_set_value_component_m_variable_m_infinity":0.0200033054,"data_set_value_component_I_K_Ca_variable_I_K_Ca":41.5088241831,"data_set_value_component_I_K_Ca_variable_gkCa":400.0,"data_set_value_component_I_K_Ca_variable_KD":0.5,"data_set_value_component_I_K_Ca_variable_nh":2.0,"data_set_value_component_I_K_ATP_variable_I_K_ATP":1788.4583851957,"data_set_value_component_I_K_ATP_variable_gkATP_bar":2000.0,"data_set_value_component_I_K_ATP_variable_katpo":0.1077361211,"data_set_value_component_I_K_ATP_variable_topo":25.140244512,"data_set_value_component_I_K_ATP_variable_bottomo":4667.0038342903,"data_set_value_component_I_K_ATP_variable_MgADP":88.6931666464,"data_set_value_component_I_K_ATP_variable_ADP3":72.567136347,"data_set_value_component_I_K_ATP_variable_ATP4":116.9464567404,"data_set_value_component_Ca_variable_Ca":0.0562598335,"data_set_value_component_Ca_variable_fcyt":0.01,"data_set_value_component_Caer_variable_Caer":121.7996568771,"data_set_value_component_Caer_variable_fer":0.01,"data_set_value_component_Caer_variable_sigmav":31.0,"data_set_value_component_Jmem_variable_Jmem":-0.0018724223,"data_set_value_component_Jmem_variable_kPMCA":0.18,"data_set_value_component_Jmem_variable_alpha":0.0000045,"data_set_value_component_Jer_variable_Jer":0.001844746,"data_set_value_component_JSERCA_variable_JSERCA":0.0225039334,"data_set_value_component_JSERCA_variable_kSERCA":0.4,"data_set_value_component_Jleak_variable_Jleak":0.0243486794,"data_set_value_component_Jleak_variable_pleak":0.0002,"data_set_value_component_I_variable_I":0.3159929646,"data_set_value_component_I_variable_I_infinity":0.1987377727,"data_set_value_component_I_variable_tau_I":10000.0,"data_set_value_component_I_variable_I_max":20.0,"data_set_value_component_I_variable_delta":8.0,"data_set_value_component_I_variable_ki":0.1,"data_set_value_component_model_parameters_variable_kappa":0.005,"data_set_value_component_model_parameters_variable_vK":-75.0,"data_set_value_component_model_parameters_variable_vCa":25.0},{"data_set_value_component_environment_variable_time":0.7,"data_set_value_component_Gi_variable_Gi":6.0628004144,"data_set_value_component_Ge_variable_Ge":7.0,"data_set_value_component_Ge_variable_gluper":7.0,"data_set_value_component_Ge_variable_gluamp":0.0,"data_set_value_component_Ge_variable_glubasa1":7.0,"data_set_value_component_Ge_variable_glustep":0.0,"data_set_value_component_Ge_variable_steptime":480000.0,"data_set_value_component_Ge_variable_GeStep":0.0,"data_set_value_component_G6P_variable_G6P":525.9708352053,"data_set_value_component_FBP_variable_FBP":0.2088133077,"data_set_value_component_F6P_variable_F6P":157.7912505616,"data_set_value_component_Jglut_variable_Jglut":0.2869827467,"data_set_value_component_Jglut_variable_Kglut":7.0,"data_set_value_component_Jglut_variable_Vglut":8.0,"data_set_value_component_Jgk_variable_Jgk":0.2880757194,"data_set_value_component_Jgk_variable_Kgk":7.0,"data_set_value_component_Jgk_variable_Vgk":0.8,"data_set_value_component_Jgk_variable_ngk":4.0,"data_set_value_component_JGPDH_variable_JGPDH":0.0913921895,"data_set_value_component_JPFK_variable_JPFK":0.0494920134,"data_set_value_component_JPFK_variable_pfkbas":0.06,"data_set_value_component_JPFK_variable_cat":2.0,"data_set_value_component_w_variable_topa16":1722.2241435696,"data_set_value_component_w_variable_bottom16":8501.3210764435,"data_set_value_component_w_variable_topb":107.0402996527,"data_set_value_component_w_variable_weight1":1.0,"data_set_value_component_w_variable_weight9":4.1176867286,"data_set_value_component_w_variable_weight5":0.2088133077,"data_set_value_component_w_variable_weight3":0.4979615751,"data_set_value_component_w_variable_weight2":5470.6683770942,"data_set_value_component_w_variable_weight13":0.859827786,"data_set_value_component_w_variable_weight11":102.5224884517,"data_set_value_component_w_variable_weight10":1126.3249286418,"data_set_value_component_w_variable_weight6":57.1174179664,"data_set_value_component_w_variable_weight4":136.2091320888,"data_set_value_component_w_variable_weight15":107.0402996527,"data_set_value_component_w_variable_weight8":7.1105698537,"data_set_value_component_w_variable_weight12":1402.1663387842,"data_set_value_component_w_variable_weight14":11.7595816965,"data_set_value_component_w_variable_weight16":73.1977477981,"data_set_value_component_w_variable_weight7":0.5199050181,"data_set_value_component_w_variable_topa1":0.0,"data_set_value_component_w_variable_topa2":0.0,"data_set_value_component_w_variable_topa3":0.4979615751,"data_set_value_component_w_variable_topa4":136.7070936639,"data_set_value_component_w_variable_topa5":136.7070936639,"data_set_value_component_w_variable_topa6":136.7070936639,"data_set_value_component_w_variable_topa7":137.2269986819,"data_set_value_component_w_variable_topa8":144.3375685356,"data_set_value_component_w_variable_topa9":144.3375685356,"data_set_value_component_w_variable_topa10":144.3375685356,"data_set_value_component_w_variable_topa11":246.8600569873,"data_set_value_component_w_variable_topa12":1649.0263957716,"data_set_value_component_w_variable_topa13":1649.0263957716,"data_set_value_component_w_variable_topa14":1649.0263957716,"data_set_value_component_w_variable_topa15":1649.0263957716,"data_set_value_component_w_variable_bottom1":1.0,"data_set_value_component_w_variable_bottom2":5471.6683770942,"data_set_value_component_w_variable_bottom3":5472.1663386693,"data_set_value_component_w_variable_bottom4":5608.375470758,"data_set_value_component_w_variable_bottom5":5608.5842840658,"data_set_value_component_w_variable_bottom6":5665.7017020321,"data_set_value_component_w_variable_bottom7":5666.2216070502,"data_set_value_component_w_variable_bottom8":5673.3321769039,"data_set_value_component_w_variable_bottom9":5677.4498636325,"data_set_value_component_w_variable_bottom10":6803.7747922743,"data_set_value_component_w_variable_bottom11":6906.297280726,"data_set_value_component_w_variable_bottom12":8308.4636195102,"data_set_value_component_w_variable_bottom13":8309.3234472962,"data_set_value_component_w_variable_bottom14":8321.0830289928,"data_set_value_component_w_variable_bottom15":8428.1233286455,"data_set_value_component_w_variable_famp":0.02,"data_set_value_component_w_variable_ffbp":0.2,"data_set_value_component_w_variable_fmt":20.0,"data_set_value_component_w_variable_fbt":20.0,"data_set_value_component_w_variable_fatp":20.0,"data_set_value_component_w_variable_K1":30.0,"data_set_value_component_w_variable_K2":1.0,"data_set_value_component_w_variable_K3":50000.0,"data_set_value_component_w_variable_K4":1000.0,"data_set_value_component_ATP_variable_ATP":2338.9459970453,"data_set_value_component_ATP_variable_Atot":3000.0,"data_set_value_component_ATP_variable_rad":2215.4153951878,"data_set_value_component_AMP_variable_AMP":123.5306018575,"data_set_value_component_ADP_variable_ADP":537.5234010972,"data_set_value_component_ADP_variable_y":1.0505278061,"data_set_value_component_ADP_variable_tau_a":300000.0,"data_set_value_component_ADP_variable_r":0.5,"data_set_value_component_ADP_variable_r1":0.35,"data_set_value_component_ADP_variable_autoadp":1.0,"data_set_value_component_ADP_variable_adpknot":800.0,"data_set_value_component_ADP_variable_fback":1.5505278061,"data_set_value_component_ADP_variable_ky":2.2,"data_set_value_component_ADP_variable_kg":0.1,"data_set_value_component_membrane_variable_v":-66.6997887311,"data_set_value_component_membrane_variable_cm":5300.0,"data_set_value_component_I_K_variable_I_K":2.6816261676,"data_set_value_component_I_K_variable_gK":2700.0,"data_set_value_component_n_variable_n":0.000119659,"data_set_value_component_n_variable_n_infinity":0.0001169633,"data_set_value_component_n_variable_tau_n":5.8791574139,"data_set_value_component_I_Ca_variable_I_Ca":-1834.3035672299,"data_set_value_component_I_Ca_variable_gCa":1000.0,"data_set_value_component_m_variable_m_infinity":0.0200033565,"data_set_value_component_I_K_Ca_variable_I_K_Ca":41.5089404772,"data_set_value_component_I_K_Ca_variable_gkCa":400.0,"data_set_value_component_I_K_Ca_variable_KD":0.5,"data_set_value_component_I_K_Ca_variable_nh":2.0,"data_set_value_component_I_K_ATP_variable_I_K_ATP":1788.4432145316,"data_set_value_component_I_K_ATP_variable_gkATP_bar":2000.0,"data_set_value_component_I_K_ATP_variable_katpo":0.1077348008,"data_set_value_component_I_K_ATP_variable_topo":25.1392412466,"data_set_value_component_I_K_ATP_variable_bottomo":4666.8747834133,"data_set_value_component_I_K_ATP_variable_MgADP":88.691361181,"data_set_value_component_I_K_ATP_variable_ADP3":72.5656591481,"data_set_value_component_I_K_ATP_variable_ATP4":116.9472998523,"data_set_value_component_Ca_variable_Ca":0.0562598059,"data_set_value_component_Ca_variable_fcyt":0.01,"data_set_value_component_Caer_variable_Caer":121.7995996899,"data_set_value_component_Caer_variable_fer":0.01,"data_set_value_component_Caer_variable_sigmav":31.0,"data_set_value_component_Jmem_variable_Jmem":-0.001872399,"data_set_value_component_Jmem_variable_kPMCA":0.18,"data_set_value_component_Jmem_variable_alpha":0.0000045,"data_set_value_component_Jer_variable_Jer":0.0018447456,"data_set_value_component_JSERCA_variable_JSERCA":0.0225039224,"data_set_value_component_JSERCA_variable_kSERCA":0.4,"data_set_value_component_Jleak_variable_Jleak":0.024348668,"data_set_value_component_Jleak_variable_pleak":0.0002,"data_set_value_component_I_variable_I":0.3159917921,"data_set_value_component_I_variable_I_infinity":0.1987369987,"data_set_value_component_I_variable_tau_I":10000.0,"data_set_value_component_I_variable_I_max":20.0,"data_set_value_component_I_variable_delta":8.0,"data_set_value_component_I_variable_ki":0.1,"data_set_value_component_model_parameters_variable_kappa":0.005,"data_set_value_component_model_parameters_variable_vK":-75.0,"data_set_value_component_model_parameters_variable_vCa":25.0},{"data_set_value_component_environment_variable_time":0.8,"data_set_value_component_Gi_variable_Gi":6.0626929657,"data_set_value_component_Ge_variable_Ge":7.0,"data_set_value_component_Ge_variable_gluper":7.0,"data_set_value_component_Ge_variable_gluamp":0.0,"data_set_value_component_Ge_variable_glubasa1":7.0,"data_set_value_component_Ge_variable_glustep":0.0,"data_set_value_component_Ge_variable_steptime":480000.0,"data_set_value_component_Ge_variable_GeStep":0.0,"data_set_value_component_G6P_variable_G6P":525.9709544951,"data_set_value_component_FBP_variable_FBP":0.2088152052,"data_set_value_component_F6P_variable_F6P":157.7912863485,"data_set_value_component_Jglut_variable_Jglut":0.2870180098,"data_set_value_component_Jglut_variable_Kglut":7.0,"data_set_value_component_Jglut_variable_Vglut":8.0,"data_set_value_component_Jgk_variable_Jgk":0.2880626514,"data_set_value_component_Jgk_variable_Kgk":7.0,"data_set_value_component_Jgk_variable_Vgk":0.8,"data_set_value_component_Jgk_variable_ngk":4.0,"data_set_value_component_JGPDH_variable_JGPDH":0.0913926048,"data_set_value_component_JPFK_variable_JPFK":0.0494904055,"data_set_value_component_JPFK_variable_pfkbas":0.06,"data_set_value_component_JPFK_variable_cat":2.0,"data_set_value_component_w_variable_topa16":1722.1733826758,"data_set_value_component_w_variable_bottom16":8501.3081758535,"data_set_value_component_w_variable_topb":107.0361913403,"data_set_value_component_w_variable_weight1":1.0,"data_set_value_component_w_variable_weight9":4.117489404,"data_set_value_component_w_variable_weight5":0.2088152052,"data_set_value_component_w_variable_weight3":0.497961801,"data_set_value_component_w_variable_weight2":5470.7472549935,"data_set_value_component_w_variable_weight13":0.859794395,"data_set_value_component_w_variable_weight11":102.5176219516,"data_set_value_component_w_variable_weight10":1126.2871927323,"data_set_value_component_w_variable_weight6":57.1187605421,"data_set_value_component_w_variable_weight4":136.2111577821,"data_set_value_component_w_variable_weight15":107.0361913403,"data_set_value_component_w_variable_weight8":7.1107402169,"data_set_value_component_w_variable_weight12":1402.119997201,"data_set_value_component_w_variable_weight14":11.7592945652,"data_set_value_component_w_variable_weight16":73.195993745,"data_set_value_component_w_variable_weight7":0.5199099783,"data_set_value_component_w_variable_topa1":0.0,"data_set_value_component_w_variable_topa2":0.0,"data_set_value_component_w_variable_topa3":0.497961801,"data_set_value_component_w_variable_topa4":136.709119583,"data_set_value_component_w_variable_topa5":136.709119583,"data_set_value_component_w_variable_topa6":136.709119583,"data_set_value_component_w_variable_topa7":137.2290295613,"data_set_value_component_w_variable_topa8":144.3397697782,"data_set_value_component_w_variable_topa9":144.3397697782,"data_set_value_component_w_variable_topa10":144.3397697782,"data_set_value_component_w_variable_topa11":246.8573917299,"data_set_value_component_w_variable_topa12":1648.9773889308,"data_set_value_component_w_variable_topa13":1648.9773889308,"data_set_value_component_w_variable_topa14":1648.9773889308,"data_set_value_component_w_variable_topa15":1648.9773889308,"data_set_value_component_w_variable_bottom1":1.0,"data_set_value_component_w_variable_bottom2":5471.7472549935,"data_set_value_component_w_variable_bottom3":5472.2452167945,"data_set_value_component_w_variable_bottom4":5608.4563745766,"data_set_value_component_w_variable_bottom5":5608.6651897818,"data_set_value_component_w_variable_bottom6":5665.7839503239,"data_set_value_component_w_variable_bottom7":5666.3038603022,"data_set_value_component_w_variable_bottom8":5673.4146005191,"data_set_value_component_w_variable_bottom9":5677.5320899232,"data_set_value_component_w_variable_bottom10":6803.8192826554,"data_set_value_component_w_variable_bottom11":6906.3369046071,"data_set_value_component_w_variable_bottom12":8308.456901808,"data_set_value_component_w_variable_bottom13":8309.316696203,"data_set_value_component_w_variable_bottom14":8321.0759907682,"data_set_value_component_w_variable_bottom15":8428.1121821085,"data_set_value_component_w_variable_famp":0.02,"data_set_value_component_w_variable_ffbp":0.2,"data_set_value_component_w_variable_fmt":20.0,"data_set_value_component_w_variable_fbt":20.0,"data_set_value_component_w_variable_fatp":20.0,"data_set_value_component_w_variable_K1":30.0,"data_set_value_component_w_variable_K2":1.0,"data_set_value_component_w_variable_K3":50000.0,"data_set_value_component_w_variable_K4":1000.0,"data_set_value_component_ATP_variable_ATP":2338.9628588316,"data_set_value_component_ATP_variable_Atot":3000.0,"data_set_value_component_ATP_variable_rad":2215.4381767102,"data_set_value_component_AMP_variable_AMP":123.5246821214,"data_set_value_component_ADP_variable_ADP":537.5124590471,"data_set_value_component_ADP_variable_y":1.0505303,"data_set_value_component_ADP_variable_tau_a":300000.0,"data_set_value_component_ADP_variable_r":0.5,"data_set_value_component_ADP_variable_r1":0.35,"data_set_value_component_ADP_variable_autoadp":1.0,"data_set_value_component_ADP_variable_adpknot":800.0,"data_set_value_component_ADP_variable_fback":1.5505303,"data_set_value_component_ADP_variable_ky":2.2,"data_set_value_component_ADP_variable_kg":0.1,"data_set_value_component_membrane_variable_v":-66.6997570377,"data_set_value_component_membrane_variable_cm":5300.0,"data_set_value_component_I_K_variable_I_K":2.6806168997,"data_set_value_component_I_K_variable_gK":2700.0,"data_set_value_component_n_variable_n":0.0001196135,"data_set_value_component_n_variable_n_infinity":0.0001169639,"data_set_value_component_n_variable_tau_n":5.8791655542,"data_set_value_component_I_Ca_variable_I_Ca":-1834.307680962,"data_set_value_component_I_Ca_variable_gCa":1000.0,"data_set_value_component_m_variable_m_infinity":0.0200034083,"data_set_value_component_I_K_Ca_variable_I_K_Ca":41.5090586963,"data_set_value_component_I_K_Ca_variable_gkCa":400.0,"data_set_value_component_I_K_Ca_variable_KD":0.5,"data_set_value_component_I_K_Ca_variable_nh":2.0,"data_set_value_component_I_K_ATP_variable_I_K_ATP":1788.4281256344,"data_set_value_component_I_K_ATP_variable_gkATP_bar":2000.0,"data_set_value_component_I_K_ATP_variable_katpo":0.1077334804,"data_set_value_component_I_K_ATP_variable_topo":25.1382380163,"data_set_value_component_I_K_ATP_variable_bottomo":4666.7457347338,"data_set_value_component_I_K_ATP_variable_MgADP":88.6895557428,"data_set_value_component_I_K_ATP_variable_ADP3":72.5641819714,"data_set_value_component_I_K_ATP_variable_ATP4":116.9481429416,"data_set_value_component_Ca_variable_Ca":0.0562597782,"data_set_value_component_Ca_variable_fcyt":0.01,"data_set_value_component_Caer_variable_Caer":121.7995425028,"data_set_value_component_Caer_variable_fer":0.01,"data_set_value_component_Caer_variable_sigmav":31.0,"data_set_value_component_Jmem_variable_Jmem":-0.0018723755,"data_set_value_component_Jmem_variable_kPMCA":0.18,"data_set_value_component_Jmem_variable_alpha":0.0000045,"data_set_value_component_Jer_variable_Jer":0.0018447452,"data_set_value_component_JSERCA_variable_JSERCA":0.0225039113,"data_set_value_component_JSERCA_variable_kSERCA":0.4,"data_set_value_component_Jleak_variable_Jleak":0.0243486565,"data_set_value_component_Jleak_variable_pleak":0.0002,"data_set_value_component_I_variable_I":0.3159906195,"data_set_value_component_I_variable_I_infinity":0.1987362253,"data_set_value_component_I_variable_tau_I":10000.0,"data_set_value_component_I_variable_I_max":20.0,"data_set_value_component_I_variable_delta":8.0,"data_set_value_component_I_variable_ki":0.1,"data_set_value_component_model_parameters_variable_kappa":0.005,"data_set_value_component_model_parameters_variable_vK":-75.0,"data_set_value_component_model_parameters_variable_vCa":25.0},{"data_set_value_component_environment_variable_time":0.9,"data_set_value_component_Gi_variable_Gi":6.0625902326,"data_set_value_component_Ge_variable_Ge":7.0,"data_set_value_component_Ge_variable_gluper":7.0,"data_set_value_component_Ge_variable_gluamp":0.0,"data_set_value_component_Ge_variable_glubasa1":7.0,"data_set_value_component_Ge_variable_glustep":0.0,"data_set_value_component_Ge_variable_steptime":480000.0,"data_set_value_component_Ge_variable_GeStep":0.0,"data_set_value_component_G6P_variable_G6P":525.9710737793,"data_set_value_component_FBP_variable_FBP":0.2088171018,"data_set_value_component_F6P_variable_F6P":157.7913221338,"data_set_value_component_Jglut_variable_Jglut":0.2870517258,"data_set_value_component_Jglut_variable_Kglut":7.0,"data_set_value_component_Jglut_variable_Vglut":8.0,"data_set_value_component_Jgk_variable_Jgk":0.2880501569,"data_set_value_component_Jgk_variable_Kgk":7.0,"data_set_value_component_Jgk_variable_Vgk":0.8,"data_set_value_component_Jgk_variable_ngk":4.0,"data_set_value_component_JGPDH_variable_JGPDH":0.0913930198,"data_set_value_component_JPFK_variable_JPFK":0.0494887975,"data_set_value_component_JPFK_variable_pfkbas":0.06,"data_set_value_component_JPFK_variable_cat":2.0,"data_set_value_component_w_variable_topa16":1722.122622475,"data_set_value_component_w_variable_bottom16":8501.2952745493,"data_set_value_component_w_variable_topb":107.0320827123,"data_set_value_component_w_variable_weight1":1.0,"data_set_value_component_w_variable_weight9":4.1172920891,"data_set_value_component_w_variable_weight5":0.2088171018,"data_set_value_component_w_variable_weight3":0.4979620268,"data_set_value_component_w_variable_weight2":5470.8261313529,"data_set_value_component_w_variable_weight13":0.8597610014,"data_set_value_component_w_variable_weight11":102.512755683,"data_set_value_component_w_variable_weight10":1126.2494575648,"data_set_value_component_w_variable_weight6":57.1201028686,"data_set_value_component_w_variable_weight4":136.2131834359,"data_set_value_component_w_variable_weight15":107.0320827123,"data_set_value_component_w_variable_weight8":7.1109105491,"data_set_value_component_w_variable_weight12":1402.0736564694,"data_set_value_component_w_variable_weight14":11.7590073834,"data_set_value_component_w_variable_weight16":73.1942393744,"data_set_value_component_w_variable_weight7":0.5199149363,"data_set_value_component_w_variable_topa1":0.0,"data_set_value_component_w_variable_topa2":0.0,"data_set_value_component_w_variable_topa3":0.4979620268,"data_set_value_component_w_variable_topa4":136.7111454627,"data_set_value_component_w_variable_topa5":136.7111454627,"data_set_value_component_w_variable_topa6":136.7111454627,"data_set_value_component_w_variable_topa7":137.231060399,"data_set_value_component_w_variable_topa8":144.3419709481,"data_set_value_component_w_variable_topa9":144.3419709481,"data_set_value_component_w_variable_topa10":144.3419709481,"data_set_value_component_w_variable_topa11":246.8547266311,"data_set_value_component_w_variable_topa12":1648.9283831005,"data_set_value_component_w_variable_topa13":1648.9283831005,"data_set_value_component_w_variable_topa14":1648.9283831005,"data_set_value_component_w_variable_topa15":1648.9283831005,"data_set_value_component_w_variable_bottom1":1.0,"data_set_value_component_w_variable_bottom2":5471.8261313529,"data_set_value_component_w_variable_bottom3":5472.3240933797,"data_set_value_component_w_variable_bottom4":5608.5372768156,"data_set_value_component_w_variable_bottom5":5608.7460939175,"data_set_value_component_w_variable_bottom6":5665.866196786,"data_set_value_component_w_variable_bottom7":5666.3861117223,"data_set_value_component_w_variable_bottom8":5673.4970222714,"data_set_value_component_w_variable_bottom9":5677.6143143605,"data_set_value_component_w_variable_bottom10":6803.8637719253,"data_set_value_component_w_variable_bottom11":6906.3765276084,"data_set_value_component_w_variable_bottom12":8308.4501840777,"data_set_value_component_w_variable_bottom13":8309.3099450792,"data_set_value_component_w_variable_bottom14":8321.0689524626,"data_set_value_component_w_variable_bottom15":8428.1010351748,"data_set_value_component_w_variable_famp":0.02,"data_set_value_component_w_variable_ffbp":0.2,"data_set_value_component_w_variable_fmt":20.0,"data_set_value_component_w_variable_fbt":20.0,"data_set_value_component_w_variable_fatp":20.0,"data_set_value_component_w_variable_K1":30.0,"data_set_value_component_w_variable_K2":1.0,"data_set_value_component_w_variable_K3":50000.0,"data_set_value_component_w_variable_K4":1000.0,"data_set_value_component_ATP_variable_ATP":2338.9797201671,"data_set_value_component_ATP_variable_Atot":3000.0,"data_set_value_component_ATP_variable_rad":2215.460957495,"data_set_value_component_AMP_variable_AMP":123.5187626721,"data_set_value_component_ADP_variable_ADP":537.5015171608,"data_set_value_component_ADP_variable_y":1.0505327927,"data_set_value_component_ADP_variable_tau_a":300000.0,"data_set_value_component_ADP_variable_r":0.5,"data_set_value_component_ADP_variable_r1":0.35,"data_set_value_component_ADP_variable_autoadp":1.0,"data_set_value_component_ADP_variable_adpknot":800.0,"data_set_value_component_ADP_variable_fback":1.5505327927,"data_set_value_component_ADP_variable_ky":2.2,"data_set_value_component_ADP_variable_kg":0.1,"data_set_value_component_membrane_variable_v":-66.6997249659,"data_set_value_component_membrane_variable_cm":5300.0,"data_set_value_component_I_K_variable_I_K":2.6796251664,"data_set_value_component_I_K_variable_gK":2700.0,"data_set_value_component_n_variable_n":0.0001195688,"data_set_value_component_n_variable_n_infinity":0.0001169646,"data_set_value_component_n_variable_tau_n":5.8791737917,"data_set_value_component_I_Ca_variable_I_Ca":-1834.3118438109,"data_set_value_component_I_Ca_variable_gCa":1000.0,"data_set_value_component_m_variable_m_infinity":0.0200034607,"data_set_value_component_I_K_Ca_variable_I_K_Ca":41.509178841,"data_set_value_component_I_K_Ca_variable_gkCa":400.0,"data_set_value_component_I_K_Ca_variable_KD":0.5,"data_set_value_component_I_K_Ca_variable_nh":2.0,"data_set_value_component_I_K_ATP_variable_I_K_ATP":1788.4131185323,"data_set_value_component_I_K_ATP_variable_gkATP_bar":2000.0,"data_set_value_component_I_K_ATP_variable_katpo":0.1077321602,"data_set_value_component_I_K_ATP_variable_topo":25.1372348211,"data_set_value_component_I_K_ATP_variable_bottomo":4666.6166882514,"data_set_value_component_I_K_ATP_variable_MgADP":88.6877503315,"data_set_value_component_I_K_ATP_variable_ADP3":72.5627048167,"data_set_value_component_I_K_ATP_variable_ATP4":116.9489860084,"data_set_value_component_Ca_variable_Ca":0.0562597506,"data_set_value_component_Ca_variable_fcyt":0.01,"data_set_value_component_Caer_variable_Caer":121.7994853157,"data_set_value_component_Caer_variable_fer":0.01,"data_set_value_component_Caer_variable_sigmav":31.0,"data_set_value_component_Jmem_variable_Jmem":-0.0018723518,"data_set_value_component_Jmem_variable_kPMCA":0.18,"data_set_value_component_Jmem_variable_alpha":0.0000045,"data_set_value_component_Jer_variable_Jer":0.0018447449,"data_set_value_component_JSERCA_variable_JSERCA":0.0225039002,"data_set_value_component_JSERCA_variable_kSERCA":0.4,"data_set_value_component_Jleak_variable_Jleak":0.0243486451,"data_set_value_component_Jleak_variable_pleak":0.0002,"data_set_value_component_I_variable_I":0.315989447,"data_set_value_component_I_variable_I_infinity":0.1987354526,"data_set_value_component_I_variable_tau_I":10000.0,"data_set_value_component_I_variable_I_max":20.0,"data_set_value_component_I_variable_delta":8.0,"data_set_value_component_I_variable_ki":0.1,"data_set_value_component_model_parameters_variable_kappa":0.005,"data_set_value_component_model_parameters_variable_vK":-75.0,"data_set_value_component_model_parameters_variable_vCa":25.0},{"data_set_value_component_environment_variable_time":1.0,"data_set_value_component_Gi_variable_Gi":6.0624923573,"data_set_value_component_Ge_variable_Ge":7.0,"data_set_value_component_Ge_variable_gluper":7.0,"data_set_value_component_Ge_variable_gluamp":0.0,"data_set_value_component_Ge_variable_glubasa1":7.0,"data_set_value_component_Ge_variable_glustep":0.0,"data_set_value_component_Ge_variable_steptime":480000.0,"data_set_value_component_Ge_variable_GeStep":0.0,"data_set_value_component_G6P_variable_G6P":525.9711930577,"data_set_value_component_FBP_variable_FBP":0.2088189975,"data_set_value_component_F6P_variable_F6P":157.7913579173,"data_set_value_component_Jglut_variable_Jglut":0.287083848,"data_set_value_component_Jglut_variable_Kglut":7.0,"data_set_value_component_Jglut_variable_Vglut":8.0,"data_set_value_component_Jgk_variable_Jgk":0.2880382532,"data_set_value_component_Jgk_variable_Kgk":7.0,"data_set_value_component_Jgk_variable_Vgk":0.8,"data_set_value_component_Jgk_variable_ngk":4.0,"data_set_value_component_JGPDH_variable_JGPDH":0.0913934347,"data_set_value_component_JPFK_variable_JPFK":0.0494871894,"data_set_value_component_JPFK_variable_pfkbas":0.06,"data_set_value_component_JPFK_variable_cat":2.0,"data_set_value_component_w_variable_topa16":1722.0718629654,"data_set_value_component_w_variable_bottom16":8501.2823725302,"data_set_value_component_w_variable_topb":107.0279737688,"data_set_value_component_w_variable_weight1":1.0,"data_set_value_component_w_variable_weight9":4.1170947837,"data_set_value_component_w_variable_weight5":0.2088189975,"data_set_value_component_w_variable_weight3":0.4979622527,"data_set_value_component_w_variable_weight2":5470.9050061734,"data_set_value_component_w_variable_weight13":0.8597276054,"data_set_value_component_w_variable_weight11":102.5078896457,"data_set_value_component_w_variable_weight10":1126.211723139,"data_set_value_component_w_variable_weight6":57.1214449459,"data_set_value_component_w_variable_weight4":136.2152090503,"data_set_value_component_w_variable_weight15":107.0279737688,"data_set_value_component_w_variable_weight8":7.1110808502,"data_set_value_component_w_variable_weight12":1402.0273165879,"data_set_value_component_w_variable_weight14":11.7587201511,"data_set_value_component_w_variable_weight16":73.1924846865,"data_set_value_component_w_variable_weight7":0.519919892,"data_set_value_component_w_variable_topa1":0.0,"data_set_value_component_w_variable_topa2":0.0,"data_set_value_component_w_variable_topa3":0.4979622527,"data_set_value_component_w_variable_topa4":136.7131713029,"data_set_value_component_w_variable_topa5":136.7131713029,"data_set_value_component_w_variable_topa6":136.7131713029,"data_set_value_component_w_variable_topa7":137.233091195,"data_set_value_component_w_variable_topa8":144.3441720452,"data_set_value_component_w_variable_topa9":144.3441720452,"data_set_value_component_w_variable_topa10":144.3441720452,"data_set_value_component_w_variable_topa11":246.8520616909,"data_set_value_component_w_variable_topa12":1648.8793782788,"data_set_value_component_w_variable_topa13":1648.8793782788,"data_set_value_component_w_variable_topa14":1648.8793782788,"data_set_value_component_w_variable_topa15":1648.8793782788,"data_set_value_component_w_variable_bottom1":1.0,"data_set_value_component_w_variable_bottom2":5471.9050061734,"data_set_value_component_w_variable_bottom3":5472.402968426,"data_set_value_component_w_variable_bottom4":5608.6181774763,"data_set_value_component_w_variable_bottom5":5608.8269964738,"data_set_value_component_w_variable_bottom6":5665.9484414197,"data_set_value_component_w_variable_bottom7":5666.4683613118,"data_set_value_component_w_variable_bottom8":5673.579442162,"data_set_value_component_w_variable_bottom9":5677.6965369456,"data_set_value_component_w_variable_bottom10":6803.9082600847,"data_set_value_component_w_variable_bottom11":6906.4161497304,"data_set_value_component_w_variable_bottom12":8308.4434663183,"data_set_value_component_w_variable_bottom13":8309.3031939237,"data_set_value_component_w_variable_bottom14":8321.0619140748,"data_set_value_component_w_variable_bottom15":8428.0898878436,"data_set_value_component_w_variable_famp":0.02,"data_set_value_component_w_variable_ffbp":0.2,"data_set_value_component_w_variable_fmt":20.0,"data_set_value_component_w_variable_fbt":20.0,"data_set_value_component_w_variable_fatp":20.0,"data_set_value_component_w_variable_K1":30.0,"data_set_value_component_w_variable_K2":1.0,"data_set_value_component_w_variable_K3":50000.0,"data_set_value_component_w_variable_K4":1000.0,"data_set_value_component_ATP_variable_ATP":2338.9965810521,"data_set_value_component_ATP_variable_Atot":3000.0,"data_set_value_component_ATP_variable_rad":2215.4837375425,"data_set_value_component_AMP_variable_AMP":123.5128435096,"data_set_value_component_ADP_variable_ADP":537.4905754383,"data_set_value_component_ADP_variable_y":1.0505352841,"data_set_value_component_ADP_variable_tau_a":300000.0,"data_set_value_component_ADP_variable_r":0.5,"data_set_value_component_ADP_variable_r1":0.35,"data_set_value_component_ADP_variable_autoadp":1.0,"data_set_value_component_ADP_variable_adpknot":800.0,"data_set_value_component_ADP_variable_fback":1.5505352841,"data_set_value_component_ADP_variable_ky":2.2,"data_set_value_component_ADP_variable_kg":0.1,"data_set_value_component_membrane_variable_v":-66.6996925155,"data_set_value_component_membrane_variable_cm":5300.0,"data_set_value_component_I_K_variable_I_K":2.6786511485,"data_set_value_component_I_K_variable_gK":2700.0,"data_set_value_component_n_variable_n":0.0001195249,"data_set_value_component_n_variable_n_infinity":0.0001169653,"data_set_value_component_n_variable_tau_n":5.8791821265,"data_set_value_component_I_Ca_variable_I_Ca":-1834.316055823,"data_set_value_component_I_Ca_variable_gCa":1000.0,"data_set_value_component_m_variable_m_infinity":0.0200035137,"data_set_value_component_I_K_Ca_variable_I_K_Ca":41.5093009129,"data_set_value_component_I_K_Ca_variable_gkCa":400.0,"data_set_value_component_I_K_Ca_variable_KD":0.5,"data_set_value_component_I_K_Ca_variable_nh":2.0,"data_set_value_component_I_K_ATP_variable_I_K_ATP":1788.3981932984,"data_set_value_component_I_K_ATP_variable_gkATP_bar":2000.0,"data_set_value_component_I_K_ATP_variable_katpo":0.1077308399,"data_set_value_component_I_K_ATP_variable_topo":25.136231661,"data_set_value_component_I_K_ATP_variable_bottomo":4666.4876439643,"data_set_value_component_I_K_ATP_variable_MgADP":88.6859449473,"data_set_value_component_I_K_ATP_variable_ADP3":72.5612276842,"data_set_value_component_I_K_ATP_variable_ATP4":116.9498290526,"data_set_value_component_Ca_variable_Ca":0.056259723,"data_set_value_component_Ca_variable_fcyt":0.01,"data_set_value_component_Caer_variable_Caer":121.7994281287,"data_set_value_component_Caer_variable_fer":0.01,"data_set_value_component_Caer_variable_sigmav":31.0,"data_set_value_component_Jmem_variable_Jmem":-0.0018723279,"data_set_value_component_Jmem_variable_kPMCA":0.18,"data_set_value_component_Jmem_variable_alpha":0.0000045,"data_set_value_component_Jer_variable_Jer":0.0018447445,"data_set_value_component_JSERCA_variable_JSERCA":0.0225038892,"data_set_value_component_JSERCA_variable_kSERCA":0.4,"data_set_value_component_Jleak_variable_Jleak":0.0243486337,"data_set_value_component_Jleak_variable_pleak":0.0002,"data_set_value_component_I_variable_I":0.3159882744,"data_set_value_component_I_variable_I_infinity":0.1987346805,"data_set_value_component_I_variable_tau_I":10000.0,"data_set_value_component_I_variable_I_max":20.0,"data_set_value_component_I_variable_delta":8.0,"data_set_value_component_I_variable_ki":0.1,"data_set_value_component_model_parameters_variable_kappa":0.005,"data_set_value_component_model_parameters_variable_vK":-75.0,"data_set_value_component_model_parameters_variable_vCa":25.0}]