_1_task1,aRc_1_task1,tCy_2_task1,tP21_3_task1,tPcna_4_task1
0.0,0.0,0.4,0.72,0.5
1.2,2.8933515676487337e-11,0.4049994723424544,0.7178452262703915,0.5000000001545606
2.4,1.184565680415099e-10,0.40999120290458146,0.7159928016560441,0.5000000005383332
3.5999999999999996,2.779108281257252e-10,0.41497298224921886,0.7142977039144922,0.5000000013709842
4.8,5.133324670474074e-10,0.41994371051922397,0.712687929714177,0.5000000027249977
6.0,8.248632679892763e-10,0.42490277379630637,0.7111233600414597,0.5000000046500831
7.199999999999999,1.207905028536225e-09,0.4298498074547086,0.7095801353912583,0.5000000071866086
8.4,1.6560024090364968e-09,0.43478458742825765,0.7080434928435008,0.5000000103715228
9.6,2.163696721880601e-09,0.43970697409274784,0.706504083375309,0.5000000142415696
10.799999999999999,2.7283279897042202e-09,0.444616880725597,0.704955913932515,0.5000000188353523
12.0,3.350670014192385e-09,0.4495142547063064,0.7033951301948681,0.5000000241948432
13.2,4.034789498043445e-09,0.45439906581090916,0.7018192657463249,0.5000000303666103
14.399999999999999,4.787592481864569e-09,0.45927129873875994,0.7002267678105077,0.500000037402892
15.6,5.6186061306752625e-09,0.4641309481865946,0.6986166884215008,0.5000000453626009
16.8,6.5391248182323965e-09,0.46897801556332197,0.6969884808393492,0.5000000543123007
18.0,7.56298548323198e-09,0.4738125068341949,0.695341868016432,0.5000000643271862
19.2,8.705312325502132e-09,0.4786344310399864,0.6936767529018967,0.5000000754920864
20.4,9.984147859656254e-09,0.4834437993014663,0.6919931592504768,0.500000087902512
21.599999999999998,1.1419142085204614e-08,0.48824062415079084,0.6902911922075124,0.5000001016657555
22.8,1.3033080098555922e-08,0.49302491908407076,0.688571012224457,0.5000001169020567
24.0,1.4850873949354707e-08,0.4977966982587084,0.6868328175646824,0.5000001337458438
25.2,1.6901019675383752e-08,0.5025559762934998,0.6850768328139093,0.5000001523470571
26.4,1.9215517400123405e-08,0.5073027681334414,0.6833033011277184,0.5000001728725623
27.599999999999998,2.1832012377318883e-08,0.5120370889608765,0.68151247911596,0.5000001955076626
28.799999999999997,2.478983145496891e-08,0.5167589541366316,0.6797046334038135,0.5000002204577153
30.0,2.8136956448084993e-08,0.5214683791641466,0.6778800384567973,0.5000002479498565
31.2,3.192335242096588e-08,0.5261653796635759,0.6760389749751957,0.5000002782348478
32.4,3.620854291132569e-08,0.5308499713579564,0.6741817289114358,0.5000003115890532
33.6,4.1057487746622937e-08,0.5355221700632891,0.6723085907123956,0.5000003483165196
34.8,4.654379491322976e-08,0.5401819916833308,0.6704198548047995,0.5000003887512452
36.0,5.275028429183653e-08,0.5448294522075713,0.6685158192624199,0.5000004332594377
37.199999999999996,5.97691923555465e-08,0.5494645677098667,0.6665967854845823,0.5000004822420828
38.4,6.770399347145464e-08,0.5540873543485468,0.6646630579507022,0.5000005361376753
39.6,7.667071539245223e-08,0.5586978283676491,0.662714944011553,0.5000005954255359
40.8,8.679874019014812e-08,0.5632960060980565,0.6607527537801081,0.5000006606278878
42.0,9.823214881252338e-08,0.5678819039591968,0.6587767999726045,0.5000007323130374
43.199999999999996,1.1113161806843368e-07,0.5724555384611761,0.6567873977345391,0.5000008110992261
44.4,1.2567738456734337e-07,0.577016926206989,0.6547848644986637,0.5000008976582183
45.6,1.420704484503052e-07,0.5815660838945124,0.6527695198634297,0.50000099271894
46.8,1.605333327680963e-07,0.5861030283189897,0.6507416854722041,0.5000010970713346
48.0,1.8131243515288978e-07,0.5906277763754608,0.6487016848904452,0.5000012115705741
49.199999999999996,2.0468180767836526e-07,0.5951403450609022,0.6466498434904329,0.5000013371410565
50.4,2.3094709988522235e-07,0.5996407514766764,0.6445864883201194,0.500001474781089
51.6,2.6044889598254355e-07,0.6041290128310892,0.6425119479707412,0.5000016255678831
52.8,2.9356338437376476e-07,0.6086051464419848,0.6404265524611598,0.5000017906623926
54.0,3.307039418863902e-07,0.6130691697394266,0.6383306331209522,0.5000019713145227
55.199999999999996,3.723271373047722e-07,0.6175211002681351,0.6362245224670714,0.5000021688685743
56.4,4.189414169520444e-07,0.6219609556898582,0.6341085540732638,0.5000023847689284
57.599999999999994,4.711131244950903e-07,0.6263887537861421,0.6319830624337462,0.5000026205662523
58.8,5.294668725901526e-07,0.6308045124607901,0.629848382857015,0.5000028779227603
60.0,5.946866461676696e-07,0.6352082497431258,0.6277048513195111,0.5000031586195873
61.199999999999996,6.675184602752824e-07,0.6395999837904935,0.6255528043443221,0.5000034645632115
62.4,7.487868232514519e-07,0.6439797328904854,0.6233925788617456,0.5000037977923276
63.599999999999994,8.394202707037882e-07,0.6483475154635225,0.6212245120591324,0.5000041604850342
64.8,9.404317476735381e-07,0.6527033500658733,0.6190489412343336,0.5000045549662839
66.0,1.052923182086471e-06,0.6570472553925994,0.616866203657826,0.50000498371569
67.2,1.1780997619904645e-06,0.6613792502799889,0.6146766364269214,0.5000054493754825
68.39999999999999,1.3172906417179023e-06,0.6656993537078405,0.6124805763191099,0.5000059547580158
69.6,1.4719664865451098e-06,0.670007584802312,0.6102783596004716,0.500006502855384
70.8,1.6437382107988852e-06,0.6743039628384475,0.6080703218584569,0.5000070968476873
72.0,1.834366377237504e-06,0.6785885072428867,0.6058567978319778,0.5000077401120375
73.2,2.0457670915259195e-06,0.6828612375963381,0.6036381212301656,0.5000084362318183
74.39999999999999,2.2800291054052987e-06,0.6871221736354771,0.601414624544899,0.5000091890061948
75.6,2.53945706277215e-06,0.6913713352553413,0.5991866388335111,0.5000100024601808
76.8,2.8265621765879736e-06,0.6956087425114614,0.5969544935227982,0.5000108808537719
78.0,3.1440745323932635e-06,0.6998344156222509,0.5947185161834367,0.500011828692686
79.2,3.494956412046298e-06,0.7040483749711218,0.5924790323026673,0.5000128507391893
80.39999999999999,3.882438533118152e-06,0.7082506411079217,0.5902363650536703,0.5000139520224501
81.6,4.31007619819916e-06,0.7124412347501697,0.5879908350272253,0.5000151378494275
82.8,4.781714623742808e-06,0.7166201767848567,0.5857427599441071,0.5000164138159625
84.0,5.301501259249173e-06,0.720787488269776,0.5834924544095318,0.5000177858180597
85.2,5.8739112453331624e-06,0.7249431904354803,0.5812402296111759,0.5000192600638942
86.39999999999999,6.503821634322535e-06,0.7290873046848589,0.5789863930790393,0.5000208430836077
87.6,7.196563915054309e-06,0.7332198525938214,0.5767312483019272,0.5000225417430947
88.8,7.95791831900212e-06,0.7373408559119751,0.5744750943632638,0.5000243632552963
90.0,8.794075935852644e-06,0.74145033656295,0.5722182255937251,0.5000263151921668
91.2,9.711641235285169e-06,0.7455483166440378,0.5699609312810003,0.5000284054968338
92.39999999999999,1.0717721489514253e-05,0.749634818426618,0.5677034952709993,0.5000306424958524
93.6,1.182016327787275e-05,0.7537098643522885,0.5654461956155887,0.5000330349117137
94.8,1.30274081839785e-05,0.7577734770347289,0.5631893040482042,0.5000355918750686
96.0,1.4348453128426622e-05,0.7618256792576708,0.5609330856052539,0.5000383229362892
97.2,1.5792857706646135e-05,0.7658664939729632,0.5586777981588728,0.5000412380795204
98.39999999999999,1.737092388806633e-05,0.76989594429845,0.5564236920417316,0.5000443477343959
99.6,1.9093744987485857e-05,0.773914053515583,0.5541710095643708,0.5000476627884791
100.8,2.097319323690473e-05,0.777920845066575,0.5519199845041113,0.5000511945996661
102.0,2.3021961000291058e-05,0.7819163425512841,0.5496708415913478,0.5000549550085317
103.2,2.5253590311870237e-05,0.7859005697236933,0.5474237959838909,0.5000589563510037
104.39999999999999,2.7682527343826854e-05,0.7898735504885317,0.545179052795792,0.5000632114693445
105.6,3.032416703547086e-05,0.7938353088970369,0.5429368065321715,0.5000677337250786
106.8,3.319490233107123e-05,0.7977858691424569,0.5406972405284892,0.5000725370111828
108.0,3.631217488230655e-05,0.8017252555554617,0.5384605264001578,0.5000776357634662
109.2,3.969449291326112e-05,0.8056534925991908,0.536226823476229,0.5000830449721427
110.39999999999999,4.336153296612379e-05,0.8095706048640714,0.533996278211843,0.5000887801932048
111.6,4.733408976703402e-05,0.8134766170623708,0.531769023622475,0.5000948575595775
112.8,5.163429981636418e-05,0.8173715540223011,0.5295451786273264,0.5001012937925496
114.0,5.628542647208506e-05,0.8212554406830528,0.5273248476025106,0.5001081062106396
115.19999999999999,6.131208782793142e-05,0.8251283020875242,0.5251081196472865,0.5001153127420455
116.39999999999999,6.674054575589381e-05,0.8289901633764625,0.5228950679524517,0.5001229319339889
117.6,7.25982977846709e-05,0.8328410497829506,0.5206857492060455,0.5001309829624442
118.8,7.891417295235392e-05,0.8366809866264151,0.5184802030754532,0.5001394856415937
120.0,8.571870754812859e-05,0.8405099993048785,0.5162784515481667,0.5001484604329431
121.19999999999999,9.304401757897606e-05,0.8443281132881805,0.5140804982920834,0.5001579284542241
122.39999999999999,0.00010092385412032858,0.8481353541118724,0.5118863280626791,0.5001679114875591
123.6,0.00010939364297947347,0.8519317473710897,0.5096959061302548,0.5001784319870806
124.8,0.00011849059280634363,0.8557173187133136,0.5075091775937632,0.5001895130875137
126.0,0.00012825383861718556,0.8594920938321499,0.5053260667710978,0.5002011786108882
127.19999999999999,0.00013872439397723542,0.863256098461429,0.5031464765857354,0.500213453073338
128.4,0.00014994494568542824,0.8670093583694416,0.5009702880960663,0.5002263616911892
129.6,0.00016196051837465467,0.8707518993520413,0.49879735983999357,0.5002399303866519
130.79999999999998,0.000174818088943962,0.8744837472242865,0.4966275270115315,0.5002541857957535
132.0,0.0001885667791621274,0.8782049278173628,0.4944606011099986,0.5002691552708497
133.2,0.00020325792547228175,0.8819154669723402,0.49229636934068,0.5002848668854574
134.4,0.0002189452003893314,0.8856153905338884,0.4901345939733851,0.5003013494388906
135.6,0.000235684667860304,0.8893047243448332,0.4879750117376534,0.5003186324600585
136.79999999999998,0.0002535348891583047,0.8929834942417951,0.4858173333108632,0.5003367462101012
138.0,0.00027255691240622823,0.896651726049544,0.4836612427018162,0.5003557216854911
139.2,0.0002928144560406766,0.9003094455773394,0.4815063968060655,0.5003755906197335
140.4,0.0003143740227743308,0.9039566786118413,0.4793524245644678,0.5003963854866446
141.6,0.00033730492735348114,0.9075934509138301,0.47719892650385715,0.5004181395008583
142.79999999999998,0.0003616796099618184,0.9112197882143768,0.47504547415643944,0.5004408866185209
144.0,0.00038757323342683103,0.9148357162106908,0.47289160956277065,0.5004646615376629
145.2,0.0004150645321527095,0.9184412605622568,0.4707368445976105,0.5004894996980558
146.4,0.0004442355854410022,0.9220364468881281,0.4685806604803666,0.5005154372807457
147.6,0.00047517184547010867,0.9256213007626274,0.4664225070228368,0.500542511206995
148.79999999999998,0.0005079620918419017,0.9291958477127531,0.46426180223679797,0.5005707591366659
150.0,0.0005426992207112681,0.9327601132149048,0.4620979316941884,0.5006002194661938
151.2,0.000579480300118417,0.9363141226924767,0.4599302477902992,0.5006309313260076
152.4,0.0006184062895025936,0.9398579015138345,0.45775806925961166,0.5006629345776701
153.6,0.0006595821974978186,0.9433914749899774,0.4555806806773329,0.5006962698107328
154.79999999999998,0.0007031175439485704,0.9469148683718295,0.4533973317819428,0.5007309783382534
156.0,0.0007491273999542268,0.950428106848649,0.4512072367566698,0.5007671021931112
157.2,0.0007977308135789181,0.9539312155468471,0.4490095737794321,0.5008046841228847
158.4,0.0008490525559380937,0.9574242195276195,0.4468034841240303,0.5008437675830775
159.6,0.0009032227664463906,0.9609071437863392,0.44458807177832543,0.500884396733003
160.79999999999998,0.0009603773692256109,0.9643800132514814,0.44236240276993,0.5009266164294203
162.0,0.0010206582146095185,0.9678428527833985,0.4401255044334009,0.5009704722186298
163.2,0.001084213494143618,0.9712956871734689,0.43787636481320896,0.5010160103297782
164.4,0.0011511980430883716,0.9747385411433457,0.43561393201589876,0.5010632776657906
165.6,0.001221773169418842,0.9781714393454278,0.4333371145108262,0.5011123218069619
166.79999999999998,0.0012961081285677537,0.9815944063604043,0.4310447788852377,0.5011631909818741
168.0,0.0013743792615668684,0.9850074666989389,0.42873575100109323,0.5012159340791582
169.2,0.001456771147155172,0.9884106447999519,0.4264088142827235,0.5012706006246811
170.4,0.0015434776571332102,0.9918039650313573,0.4240627089266248,0.5013272407675675
171.6,0.0016347006919690272,0.995187451690161,0.42169613279198576,0.5013859052908004
172.79999999999998,0.001730651466281967,0.9985611290024126,0.4193077396013162,0.5014466455789861
174.0,0.0018315513608953607,1.00192502112366,0.416896139117585,0.5015095136102617
175.2,0.0019376313364383518,1.0052791521387991,0.4144598973771031,0.5015745619671653
176.4,0.002049134373207671,1.0086235460631208,0.41199753522821186,0.5016418437913481
177.6,0.0021663143618518336,1.0119582268428,0.4095075293101264,0.501711412793093
178.79999999999998,0.0022894369093900764,1.0152832183550378,0.40698831152250997,0.5017833232389333
180.0,0.0024187801713778266,1.0185985444097574,0.4044382689424148,0.5018576299180569
181.2,0.0025546348601527395,1.021904228748869,0.40185574454239414,0.5019343881566012
182.4,0.0026973053502891567,1.0252002950478405,0.3992390372282264,0.502013653785046
183.6,0.0028471112021045495,1.02848676691718,0.39658640318590405,0.5020954831175086
184.79999999999998,0.0030043858748372153,1.0317636679015776,0.3938960554480663,0.5021799329676885
186.0,0.003169479124346736,1.0350310214829868,0.3911661660438458,0.5022670605991357
187.2,0.0033427580107072137,1.0382888510815746,0.38839486739754436,0.5023569237180504
188.4,0.0035246052413489973,1.0415371800546804,0.3855802516052242,0.5024495804847992
189.6,0.0037154206362491216,1.0447760317013206,0.3827203759438435,0.5025450894521553
190.79999999999998,0.0039156221868924404,1.0480054292598946,0.37981326140234106,0.5026435095950359
192.0,0.004125647705042711,1.0512253959125948,0.376856900208722,0.5027449002486084
193.2,0.0043459544131892736,1.0544359547852977,0.3738492566855156,0.5028493211124502
194.4,0.004577019671142145,1.057637128948939,0.3707882707495176,0.5029568322339357
195.6,0.004819341267496169,1.0608289414210283,0.3676718625142717,0.5030674939885794
196.79999999999998,0.005073438495737046,1.064011415167605,0.3644979389586027,0.5031813670547944
198.0,0.005339852811143496,1.0671845731052028,0.36126440099382795,0.5032985123894826
199.2,0.005619147027601795,1.0703484380998143,0.3579691410881595,0.5034189912414764
200.4,0.00591190695183224,1.0735030329721034,0.3546100631066415,0.5035428650861934
201.6,0.006218741001018841,1.0766483804951437,0.3511850763288188,0.5036701956560701
202.79999999999998,0.006540281768411815,1.0797845033999756,0.3476921172604349,0.5038010448711231
204.0,0.006877183766952641,1.082911424376081,0.3441291591710707,0.5039354748351235
205.2,0.007230124934600609,1.0860291660711272,0.34049420645227985,0.5040735478376788
206.4,0.007599805134771925,1.0891377510990905,0.33678535028719686,0.5042153262564425
207.6,0.00798694734153798,1.0922372020313238,0.3330007097184581,0.504360872665086
208.79999999999998,0.008392296194931237,1.0953275414125307,0.32913854337458126,0.5045102496441942
210.0,0.008816618765533385,1.098408791746251,0.3251971459962749,0.5046635199523714
211.2,0.0092606993009556,1.1014809755120611,0.32117497679940155,0.5048207463275246
212.4,0.009725339871232995,1.1045441151603896,0.31707063129186913,0.5049819915432746
213.6,0.01021135908858795,1.1075982331152847,0.3128828628900148,0.5051473183774561
214.79999999999998,0.01071959007783357,1.1106433517761805,0.30861060506948285,0.5053167895902152
216.0,0.0112508777493231,1.1136794935201093,0.30425299290859575,0.5054904678997195
217.2,0.01180607502614761,1.1167066807041146,0.2998093912342918,0.5056684159535492
218.4,0.012386040774771364,1.1197249356671175,0.2952794158632985,0.5058506963050257
219.6,0.012991635827345702,1.1227342807318403,0.2906629587511501,0.5060373713901775
220.79999999999998,0.013623717448410995,1.1257347382074894,0.285960224279616,0.5062285034942049
222.0,0.014283136212918148,1.1287263303912716,0.28117175047188653,0.5064241547308534
223.2,0.014970729191830496,1.1317090795705007,0.2762984387530232,0.5066243870146946
224.4,0.015687316250910664,1.134683008024148,0.27134157606519876,0.506829262039545
225.6,0.01643369282665087,1.1376481380248578,0.2663028647818779,0.5070388412496004
226.79999999999998,0.017210621845491006,1.140604491840891,0.26118445285866665,0.5072531858091697
228.0,0.018018829900628353,1.1435520917375368,0.25598895506019054,0.5074723565788429
229.2,0.018858993886544557,1.1464909599786077,0.25071947814424583,0.507696414086298
230.39999999999998,0.019731744356747342,1.149421118826958,0.24537962595621582,0.5079254185165895
231.6,0.02063764778587723,1.1523425905476017,0.23997354449581015,0.5081594296514964
232.79999999999998,0.02157719710792424,1.1552553974076427,0.23450592017610128,0.5083985068611849
234.0,0.022550811396678038,1.1581595616766824,0.22898198369701717,0.5086427090807218
235.2,0.023558821356572533,1.161055105627704,0.22340751769468867,0.5088920947785405
236.39999999999998,0.02460146827089706,1.1639420515373875,0.2177888547358352,0.5091467219282194
237.6,0.025678889941554487,1.1668204216864604,0.2121328682822417,0.5094066479813489
238.79999999999998,0.026791118432871824,1.1696902383592884,0.20644695613356662,0.509671929840231
240.0,0.027938069258563833,1.1725515238435267,0.20073901823787518,0.5099426238306323
241.2,0.029119540171368367,1.175404300429169,0.1950174254028994,0.5102187856744734
242.39999999999998,0.03033520599949803,1.1782485904076243,0.18929097958064806,0.5105004704625906
243.6,0.03158461620411909,1.1810844160704412,0.18356886678282652,0.5107877326278427
244.79999999999998,0.03286718854470203,1.1839117997075264,0.1778606040787757,0.5110806259187147
246.0,0.03418221332133176,1.1867307636049733,0.1721759761566635,0.5113792033723819
247.2,0.03552885380289866,1.1895413300426445,0.16652496477560016,0.5116835172809561
248.39999999999998,0.03690613697245749,1.1923435212904625,0.16091767892051187,0.5119936190883859
249.6,0.03831298566479342,1.195137359607766,0.1553642583280226,0.5123095595392895
250.79999999999998,0.039748217847435506,1.1979228672401427,0.14987479887768942,0.5126313886166259
252.0,0.04121054379373658,1.2007000664151408,0.14445926770420697,0.5129591554423294
253.2,0.04269857403309945,1.203468979338746,0.13912742198422587,0.5132929082539996
254.39999999999998,0.04421083610701893,1.2062296281916647,0.13388870919392326,0.5136326943927395
255.6,0.04574578597472607,1.2089820351256275,0.12875218554765205,0.5139785602862961
256.8,0.04730182411410773,1.2117262222595506,0.12372643170002573,0.5143305514284422
258.0,0.04887730776232548,1.2144622116756283,0.11881947536919238,0.5146887123569359
259.2,0.050470570246618766,1.2171900254154944,0.11403871973861285,0.515053086631552
260.4,0.052079929935345916,1.219909685476478,0.10939088348542284,0.5154237168152924
261.59999999999997,0.053703713298464996,1.2226212138163053,0.10488207953089485,0.5158006446274113
262.8,0.055340264808967185,1.225324632327759,0.10051740549414825,0.5161839104508362
264.0,0.05698796527515373,1.2280199628498099,0.09630117232983024,0.5165735536547433
265.2,0.05864524407238743,1.2307072271683364,0.09223694111692651,0.5169696126374519
266.4,0.06031059867800954,1.2333864470046785,0.08832737772768187,0.5173721246409715
267.59999999999997,0.06198259267263775,1.236057644020249,0.08457435561690169,0.5177811258622553
268.8,0.06365988118863153,1.2387208398064644,0.08097885000976396,0.5181966513037896
270.0,0.0653412053408153,1.2413760558905342,0.07754108713953456,0.5186187348932916
271.2,0.0670254153029223,1.2440233137260994,0.07426046941346096,0.5190474093390254
272.4,0.06871145660999202,1.2466626346994956,0.07113569480980594,0.5194827062441597
273.59999999999997,0.0703983903220521,1.2492940401210497,0.06816474133211671,0.5199246559703158
274.8,0.07208538427576251,1.2519175512317882,0.06534498796059317,0.5203732877468005
276.0,0.07377171672221172,1.2545331891958031,0.06267320880351121,0.5208286295431049
277.2,0.07545677576042459,1.257140975106926,0.06014567866206379,0.521290708172436
278.4,0.0771400545239503,1.2597409299822226,0.05775821424480794,0.5217595491736542
279.59999999999997,0.07882114802433376,1.262333074768607,0.05550625331315018,0.5222351769086231
280.8,0.0804997528351331,1.2649174303374475,0.05338490560560985,0.5227176144539871
282.0,0.08217565326058468,1.26749401749104,0.05138903271171587,0.5232068836919415
283.2,0.08384871815001917,1.2700628569581236,0.049513291918071106,0.5237030052121379
284.4,0.08551889447649902,1.2726239693999524,0.04775220622404889,0.5242059983955624
285.59999999999997,0.08718620037507831,1.2751773754068931,0.046100214836190215,0.5247158813267547
286.8,0.08885071140985948,1.2777230955040244,0.0445517243955042,0.5252326708705541
288.0,0.09051256333547827,1.2802611501484773,0.04310115152231108,0.5257563825947267
289.2,0.09217193789538233,1.2827915597346753,0.04174296592575451,0.5262870308394251
290.4,0.09382905170003708,1.285314344592394,0.04047173040124888,0.526824628650226
291.59999999999997,0.0954841557968901,1.2878295249912588,0.03928212670522768,0.5273691878402111
292.8,0.09713752775557455,1.2903371211395962,0.03816898832194826,0.5279207189333548
294.0,0.09878946327339276,1.2928371531884435,0.03712731707826622,0.5284792312191956
295.2,0.10044026904137075,1.2953296412307616,0.03615230927802886,0.529044732706428
296.4,0.10209025920960436,1.2978146053048907,0.035239361782523945,0.5296172301702232
297.59999999999997,0.10373975048300738,1.3002920653942283,0.03438408946356148,0.5301967291158134
298.8,0.10538905666182392,1.3027620414252519,0.03358234726614852,0.5307832336989077
300.0,0.10703848586922679,1.305224553277479,0.032830194569165264,0.5313767469384785
301.2,0.10868833618876872,1.3076796207786106,0.032123927197291936,0.5319772705741669
302.4,0.11033889640356244,1.3101272637226875,0.03146000196487259,0.5325848054948173
303.59999999999997,0.11199043962247274,1.3125675018435248,0.030835156492113523,0.5331993510718787
304.8,0.11364322067898014,1.3150003548237474,0.030246362575205715,0.5338209053452251
306.0,0.11529747670607403,1.3174258423027878,0.02969079515440949,0.5344494652023704
307.2,0.11695342608091576,1.3198439838721623,0.029165849036272447,0.5350850262637808
308.4,0.11861126623036172,1.3222547990832603,0.02866909946703046,0.535727583033884
309.59999999999997,0.12027117497552056,1.324658307445064,0.028198304084802894,0.5363771288502514
310.8,0.1219333096090634,1.32705452842433,0.027751399643277445,0.5370336558827153
312.0,0.1235978068856093,1.3294434814467244,0.027326488488842515,0.5376971551487156
313.2,0.12526478383227638,1.3318251858966466,0.026921830931820215,0.5383676165045378
314.4,0.12693433757600192,1.3341996611182774,0.026535833611041504,0.5390450286686367
315.59999999999997,0.12860654617917539,1.3365669264155584,0.026167048060899666,0.5397293792213071
316.8,0.13028146987838915,1.3389270010535057,0.02581414911494657,0.5404206546314289
318.0,0.13195915103938063,1.3412799042584684,0.025475928733559545,0.5411188402678608
319.2,0.13363961589895093,1.343625655218279,0.025151291124964094,0.5418239204051275
320.4,0.13532287509611457,1.345964273082854,0.024839240679692003,0.5425358782409159
321.59999999999997,0.13700892419615643,1.3482957769645394,0.024538871621549305,0.5432546959120982
322.8,0.13869774664677537,1.350620185938339,0.02424936133061592,0.5439803545078878
324.0,0.14038931205341768,1.3529375190419795,0.02396996888613641,0.5447128340732064
325.2,0.14208357835531402,1.3552477952764683,0.02370001943904723,0.5454521136377604
326.4,0.1437804950876352,1.3575510336061754,0.023438900802846843,0.5461981712269062
327.59999999999997,0.1454799999270324,1.359847252958941,0.02318606002811727,0.5469509838714106
328.8,0.1471820220452977,1.3621364722262965,0.022940996271344834,0.5477105276244323
330.0,0.14888648605218754,1.364418710263659,0.022703253407715375,0.5484767775834711
331.2,0.1505933047230412,1.3666939858904037,0.022472417197130785,0.5492497079043828
332.4,0.15230238685991257,1.3689623178898924,0.022248113984026832,0.550029291805574
333.59999999999997,0.1540136383850465,1.3712237250096895,0.02203000187144903,0.5508155016000518
334.8,0.155726956803044,1.3734782259615885,0.02181776735554066,0.5516083087077487
336.0,0.1574422400768994,1.3757258394216407,0.021611126238929086,0.5524076836672963
337.2,0.15915938176763858,1.3779665840302293,0.02140981926677221,0.5532135961522491
338.4,0.16087826611418246,1.380200478392137,0.021213608057939988,0.5540260149971756
339.59999999999997,0.16259878251332333,1.3824275410765599,0.02102227202089998,0.5548449082118718
340.8,0.1643208123326896,1.3846477906171095,0.020835610101499744,0.5556702429865538
342.0,0.1660442333010022,1.3868612455118685,0.02065343634209349,0.5565019857248884
343.2,0.16776894127068318,1.3890679242233936,0.020475576832539862,0.5573401020579363
344.4,0.16949480594309685,1.391267845178719,0.020301872181734272,0.5581845568575519
345.59999999999997,0.17122169972548415,1.3934610267693641,0.020132174632449037,0.5590353142451846
346.8,0.17294952815406311,1.3956474873513387,0.019966342969415546,0.5598923376330096
348.0,0.1746781642433239,1.3978272452451515,0.01980424585901855,0.5607555897316348
349.2,0.1764074810461728,1.4000003187357783,0.019645760910338997,0.5616250325627621
350.4,0.17813736496288676,1.4021667260726647,0.019490773144539966,0.5625006274780395
351.59999999999997,0.17986769771031244,1.4043264854697257,0.019339173571380392,0.5633823351791092
352.8,0.18159836172405372,1.4064796151053285,0.019190859058544753,0.5642701157360621
354.0,0.1833292332889558,1.4086261331222794,0.019045732438169993,0.5651639286040745
355.2,0.18506021720456778,1.4107660576278216,0.018903700307149086,0.5660637326429689
356.4,0.18679118514559612,1.412899406693618,0.018764674333988925,0.5669694861338783
357.59999999999997,0.18852201709573196,1.4150261983557186,0.018628570784410825,0.5678811467975374
358.8,0.19025261922730033,1.4171464506145748,0.018495308679472806,0.5687986718121133
360.0,0.1919828712797951,1.4192601814350034,0.018364811168663127,0.5697220178309381
361.2,0.19371266763308262,1.4213674087461912,0.01823700410059336,0.5706511410002557
362.4,0.19544190680962173,1.4234681504416558,0.018111816672351247,0.5715859969768617
363.59999999999997,0.1971704760436967,1.4255624243792586,0.01798918054965122,0.572526540945664
364.8,0.19889827628828516,1.427650248381083,0.01786903016295027,0.573472727636196
366.0,0.20062520586223986,1.4297316402328457,0.01775130229419796,0.5744245113332586
367.2,0.20235116488313692,1.4318066176818287,0.0176359361581943,0.5753818458730247
368.4,0.20407605683204616,1.4338751984165738,0.01752287418112864,0.576344684453066
369.59999999999997,0.2057997869328459,1.4359374000877452,0.017412060704468657,0.5773129798758972
370.8,0.20752225628158422,1.4379932404299984,0.017303435683417266,0.5782866858353396
372.0,0.2092433788528018,1.4400427369179722,0.017196952628466988,0.5792657533685037
373.2,0.21096305837879492,1.4420859072330174,0.017092554275184562,0.5802501356197164
374.4,0.21268120387906353,1.4441227689500806,0.016990188915971732,0.5812397847099839
375.59999999999997,0.21439773508742424,1.4461533394286015,0.016889816101930008,0.582234650710871
376.8,0.21611255786857936,1.4481776363069097,0.01679138081164437,0.5832346863314898
378.0,0.21782559470898102,1.4501956768931565,0.01669484296377382,0.5842398414125592
379.2,0.21953676242955783,1.4522074786075199,0.016600157704378015,0.5852500667354312
380.4,0.2212459761329556,1.4542130589040891,0.016507278566725406,0.5862653134173882
381.59999999999997,0.2229531670848598,1.456212434916929,0.016416171616426226,0.5872855302240879
382.8,0.22465825036650225,1.4582056241006232,0.016326790548024658,0.5883106682214326
384.0,0.22636115467159815,1.460192643639442,0.01623909865280232,0.5893406767433279
385.2,0.22806180943611437,1.4621735107028933,0.01615305972007792,0.5903755050355695
386.4,0.22976013652564542,1.4641482426109615,0.016068632438521437,0.5914151032495721
387.59999999999997,0.2314560772346721,1.4661168562929423,0.015985787499434623,0.5924594195721816
388.8,0.23314955589373726,1.4680793690199834,0.015904485290882037,0.5935084038471783
390.0,0.23484050763305436,1.4700357978435443,0.015824692485584442,0.5945620049778462
391.2,0.23652887336722123,1.4719861596964807,0.015746378997142207,0.5956201714158743
392.4,0.23821458308453847,1.473930471735683,0.015669508617360776,0.5966828524659843
393.59999999999997,0.23989758639071518,1.4758687507073525,0.015594055056334748,0.5977499962608814
394.8,0.2415778208947687,1.4778010136100856,0.015519986116847635,0.598821551597036
396.0,0.24325522503563315,1.4797272774250172,0.015447270010343725,0.5998974672250004
397.2,0.24492973871255871,1.4816475591025604,0.015375875667343887,0.6009776918145284
398.4,0.24660132079815136,1.4835618751770758,0.01530578209998888,0.602062173490521
399.59999999999997,0.24826991193158376,1.4854702425831623,0.01523695861397091,0.6031508608891906
400.8,0.24993545824015523,1.487372678135222,0.015169377424614269,0.6042437024846914
402.0,0.25159790784943964,1.4892691986040258,0.01510301180083157,0.6053406466881859
403.2,0.25325722128114325,1.4911598204653533,0.015037840271808208,0.6064416421753572
404.4,0.25491334793278164,1.493044560464212,0.014973836862683533,0.6075466372625603
405.59999999999997,0.2565662425777567,1.4949234352190242,0.014910977944457338,0.6086555803444674
406.8,0.25821586176802525,1.4967964613075029,0.014849240691741402,0.6097684198096748
408.0,0.2598621649601428,1.49866365520426,0.014788599418100772,0.610885105003122
409.2,0.26150511163986295,1.500525033426011,0.014729033285211744,0.612005584140598
410.4,0.263144663440475,1.5023806124246013,0.014670520623444878,0.6131298058451473
411.59999999999997,0.2647807834655642,1.504230408615223,0.014613040377363027,0.6142577188070615
412.8,0.26641343329502126,1.5060744384017026,0.014556572340779988,0.6153892727943274
414.0,0.268042579757918,1.5079127181192986,0.014501096625021002,0.6165244163668372
415.2,0.26966818985952623,1.5097452640775457,0.01444659405720328,0.6176630985884771
416.4,0.2712902318118754,1.5115720925514737,0.01439304577571189,0.6188052686623515
417.59999999999997,0.2729086722241931,1.5133932198045015,0.014340429979623835,0.6199508766969325
418.8,0.27452348284481604,1.5152086620335004,0.01428872972889637,0.6210998718675795
420.0,0.27613463541657546,1.517018435410715,0.01423792699220312,0.6222522038194463
421.2,0.2777421028005742,1.5188225560733832,0.014188004287662394,0.6234078223888805
422.4,0.27934585767945186,1.520621040126357,0.014138945395099224,0.6245666781379563
423.59999999999997,0.28094587590522446,1.522413903635336,0.014090733517165069,0.625728720974447
424.8,0.2825421338901327,1.5242011626321412,0.014043352712476462,0.6268939012273553
426.0,0.2841346089156968,1.5259828331122656,0.013996787049653242,0.628062169460921
427.2,0.28572327758429505,1.5277589310303563,0.013951018621864545,0.6292334768671658
428.4,0.2873081202088139,1.5295294723130255,0.013906033175428894,0.6304077741530644
429.59999999999997,0.2888891173077325,1.5312944728486204,0.013861815615659367,0.631585012429082
430.8,0.29046625051718544,1.5330539484890493,0.01381835152514049,0.6327651430837461
432.0,0.2920395025642906,1.534807915047402,0.013775628086832421,0.6339481180807645
433.2,0.2936088573528074,1.5365563883055864,0.013733631119514481,0.6351338890048274
434.4,0.29517429989279187,1.5382993840080565,0.01369234751235515,0.6363224078452199
435.59999999999997,0.29673581509593855,1.5400369178636222,0.013651763710852069,0.6375136269070089
436.8,0.2982933856369238,1.5417690055456854,0.013611864203977031,0.6387074990207583
438.0,0.2998470001487879,1.5434956626913272,0.01357263732147235,0.6399039767388958
439.2,0.30139664626567153,1.545216904902083,0.013534070312381612,0.6411030130179373
440.4,0.3029423138599033,1.546932747744494,0.013496151415721948,0.6423045611580123
441.59999999999997,0.30448399642605317,1.548643206750883,0.0134588706158442,0.6435085749293746
442.8,0.3060216840922088,1.5503482974154352,0.01342221582827046,0.6447150079335942
444.0,0.3075553697939411,1.552048035197661,0.013386176269194798,0.6459238141678912
445.2,0.3090850438651986,1.5537424355222422,0.013350740216720084,0.6471349479910637
446.4,0.3106106923095656,1.5554315137794057,0.013315894399576454,0.6483483641798613
447.59999999999997,0.31213231155043586,1.557115285321747,0.013281629212770119,0.6495640174479889
448.8,0.31364989474790234,1.5587937654671757,0.013247933879247322,0.6507818628923062
450.0,0.3151634365951713,1.5604669694987396,0.013214798245147144,0.6520018559820279
451.2,0.31667293334595875,1.56213491266464,0.013182212792312674,0.6532239525619735
452.4,0.3181783798845637,1.5637976101762638,0.01315016730024854,0.6544481085049928
453.59999999999997,0.3196797726164996,1.565455077210127,0.013118652166218053,0.6556742800548786
454.8,0.32117711084863637,1.5671073289079949,0.013087658035619641,0.6569024238334084
456.0,0.3226703960711396,1.5687543803766617,0.013057175799203295,0.6581324968061093
457.2,0.32415962690036054,1.5703962466863992,0.013027196573466493,0.6593644560411603
458.4,0.32564480448577526,1.5720329428726156,0.012997711721614392,0.6605982589671686
459.59999999999997,0.32712592555318376,1.5736644839362448,0.012968712296682238,0.6618338633915656
460.79999999999995,0.32860298571677965,1.5752908848432048,0.01294018938142714,0.663071227442457
462.0,0.3300759884280862,1.5769121605229348,0.01291213500668724,0.6643103094115059
463.2,0.3315449342951365,1.5785283258701421,0.012884541055292895,0.6655510679414564
464.4,0.3330098290141422,1.5801393957453864,0.012857399431131948,0.6667934620497415
465.59999999999997,0.3344706793257732,1.5817453849741188,0.012830702200398978,0.6680374510590089
466.79999999999995,0.33592748765120484,1.5833463083454031,0.012804441778960896,0.6692829945049626
468.0,0.33738025961537466,1.5849421806137092,0.012778610669565742,0.6705300522656201
469.2,0.3388289928242803,1.5865330164990823,0.012753201489480743,0.6717785845585148
470.4,0.34027368044396483,1.5881188306868472,0.012728206992888565,0.6730285519253123
471.59999999999997,0.34171432222561315,1.5896996378267259,0.012703620137699498,0.6742799151860565
472.79999999999995,0.3431509316229219,1.5912754525341435,0.01267943402292971,0.6755326354890244
474.0,0.3445835079130756,1.5928462893892812,0.012655641898903263,0.6767866742919312
475.2,0.3460120597034507,1.5944121629376247,0.01263223695262278,0.678041993362257
476.4,0.34743660269507487,1.595973087689923,0.012609212199623902,0.6792985547747933
477.59999999999997,0.34885714809616364,1.5975290781218776,0.012586561088359626,0.6805563209208781
478.79999999999995,0.3502736939868319,1.5990801486748893,0.012564277387743652,0.6818152545019536
480.0,0.3516862493239864,1.6006263137552559,0.012542354767113668,0.6830753185301309
481.2,0.35309482072604575,1.602167587734667,0.01252078716675338,0.684336476330136
482.4,0.3544994099668329,1.6037039849505232,0.012499569046124141,0.6855986915420311
483.59999999999997,0.3559000214328804,1.6052355197050665,0.012478694704153874,0.6868619281138959
484.79999999999995,0.35729666686283496,1.6067622062664597,0.012458158271177178,0.6881261503075699
486.0,0.35868935590700785,1.6082840588681016,0.012437954133997538,0.6893913226967671
487.2,0.3600780960295645,1.6098010917087446,0.012418076855234538,0.6906574101661519
488.4,0.3614628933635556,1.611313318953187,0.012398520684135904,0.6919243779066181
489.59999999999997,0.3628437574168324,1.6128207547311788,0.012379280237858604,0.6931921914254482
490.79999999999995,0.36422070124955797,1.6143234131384911,0.012360350365967398,0.6944608165326618
492.0,0.36559373970860304,1.61582130823651,0.012341726070311738,0.6957302193469779
493.2,0.3669628852692641,1.6173144540519415,0.012323402277092237,0.6970003663008959
494.4,0.3683281325457731,1.618802864577631,0.01230537381850335,0.6982712241244873
495.59999999999997,0.3696894812856614,1.6202865537719684,0.01228763582752133,0.6995427598574447
496.79999999999995,0.37104693922555304,1.6217655355591996,0.012270184190409272,0.700814940840536
498.0,0.37240053636381265,1.6232398238293595,0.012253014051308072,0.7020877347183497
499.2,0.373750271742897,1.6247094324383702,0.012236121003886297,0.7033611094378175
500.4,0.3750961615075306,1.626174375208028,0.012219500279487327,0.7046350332469076
501.59999999999997,0.3764382268376287,1.6276346659260914,0.012203147074057018,0.7059094746932718
502.79999999999995,0.3777764720966294,1.629090318346317,0.012187057153106692,0.7071844026228683
504.0,0.3791108909722733,1.6305413461884664,0.012171226662721012,0.7084597861785641
505.2,0.380441506118257,1.631987763138311,0.012155651127799632,0.7097355947988946
506.4,0.38176834176568225,1.63342958284775,0.012140326153570923,0.7110117982167009
507.59999999999997,0.3830913923274986,1.6348668189348456,0.012125247963909116,0.7122883664577105
508.79999999999995,0.38441065919425615,1.6362994849837993,0.012110412972692278,0.713565269839076
510.0,0.38572616776837126,1.637727594545007,0.01209581710173209,0.7148424789678813
511.2,0.3870379311336426,1.6391511611351477,0.012081456352113003,0.7161199647396181
512.4,0.3883459508506821,1.6405701982372027,0.012067327127425153,0.7173976983365762
513.6,0.3896502419642349,1.641984719300477,0.012053425638315612,0.7186756512264535
514.8,0.39095082366637246,1.6433947377406621,0.012039748155222796,0.7199537951605348
516.0,0.39224769651429886,1.6448002669398911,0.01202629142855359,0.7212321021721292
517.1999999999999,0.39354086136268235,1.6462013202467234,0.012013052198464741,0.7225105445749105
518.4,0.39483034421960067,1.6475979109762031,0.012000026797539885,0.723789094961232
519.6,0.396116167017096,1.648990052409961,0.011987211501912981,0.7250677262004182
520.8,0.39739832635014727,1.6503777577962546,0.011974603421164695,0.726346411437036
522.0,0.39867683206386295,1.6517610403499179,0.011962199025842097,0.7276251240891476
523.1999999999999,0.39995170071149977,1.6531399132524653,0.011949995051624624,0.7289038378465028
524.4,0.40122294594371116,1.654514389652143,0.011937988400920155,0.7301825266688552
525.6,0.40249057840356367,1.655884482663971,0.011926176092700832,0.7314611647841186
526.8,0.40375460770620303,1.6572502053697802,0.011914555135109325,0.7327397266864909
528.0,0.40501504449768067,1.658611570818243,0.011903122538573653,0.7340181871346694
529.1999999999999,0.4062719007159085,1.6599685920135767,0.011891875379265879,0.7352965212390308
530.4,0.4075251881686537,1.6613212819287724,0.011880810781469128,0.7365747043558561
531.6,0.40877491858904713,1.6626696535270429,0.01186992587623759,0.7378527119174288
532.8,0.41002110341347603,1.6640137197063622,0.011859217915665389,0.7391305198660647
534.0,0.41126375421394334,1.665353493340601,0.011848684162478789,0.7404081043250033
535.1999999999999,0.4125028822277751,1.6666889871837773,0.011838322064883909,0.7416854423469381
536.4,0.4137384992014621,1.66802021420968,0.01182812874471327,0.7429625092833285
537.6,0.41497061663711615,1.6693471872521166,0.011818101531790925,0.7442392815634049
538.8,0.41619924558378735,1.6706699187670826,0.011808238317599667,0.7455157385102974
540.0,0.41742439773190687,1.6719884217454273,0.011798536198505061,0.7467918553503614
541.1999999999999,0.41864608455174573,1.6733027089944053,0.011788992543804026,0.7480676087162083
542.4,0.41986431706186417,1.6746127927778967,0.011779605485616991,0.7493429793404166
543.6,0.42107910677884014,1.6759186859588604,0.011770372315040275,0.750617943435291
544.8,0.4222904650990691,1.6772204012556848,0.011761290526127791,0.7518924783039772
546.0,0.4234984031082174,1.6785179510031645,0.011752358104450047,0.7531665640895405
547.1999999999999,0.42470293204129717,1.6798113477207588,0.01174357280034824,0.7544401795694973
548.4,0.4259040632701601,1.6811006040971277,0.011734932148633822,0.7557133022701745
549.6,0.42710180777941464,1.6823857324312332,0.011726434120155598,0.756985912536008
550.8,0.42829617634115624,1.6836667448215652,0.011718076898931886,0.7582579921494169
552.0,0.4294871803347613,1.684943653939487,0.011709858059823938,0.7595295187836143
553.1999999999999,0.43067483090456304,1.686216472234636,0.011701775413461877,0.7608004717022452
554.4,0.43185913919861363,1.6874852121601573,0.011693826766746032,0.7620708301437945
555.6,0.433040116368683,1.688749886172704,0.01168600992284693,0.7633405733215868
556.8,0.4342177726999823,1.6900105060615185,0.011678323510570271,0.7646096850926629
558.0,0.43539211879594464,1.6912670838618098,0.011670765855273452,0.7658781476016505
559.1999999999999,0.436563166038636,1.6925196322096947,0.011663334540098508,0.7671459388107423
560.4,0.4377309253177736,1.6937681633623676,0.01165602761720463,0.7684130393182808
561.6,0.4388954075037365,1.6950126895627553,0.011648843156993431,0.7696794298211397
562.8,0.4400566234475662,1.6962532230395184,0.011641779248108945,0.7709450911147246
564.0,0.4412145829524631,1.6974897753601197,0.01163483439203476,0.7722100083872667
565.1999999999999,0.44236929663930735,1.6987223586042408,0.011628006787365341,0.77347416343074
566.4,0.4435207753896553,1.6999509850134258,0.011621294543507237,0.7747375369665161
567.6,0.44466902971831745,1.7011756665964322,0.01161469592139625,0.7760001112650217
568.8,0.4458140700972502,1.7023964153329576,0.011608209209233033,0.7772618687934035
570.0,0.44695590695555565,1.7036132431736417,0.011601832722483076,0.7785227922155291
571.1999999999999,0.44809455004099324,1.7048261617842624,0.011595565127874808,0.7797828657121344
572.4,0.44923000976984095,1.7060351830865417,0.011589404758418357,0.7810420721898292
573.6,0.45036229641966125,1.7072403189347372,0.011583350023032943,0.7823003949501471
574.8,0.45149142011563514,1.7084415811101668,0.011577399413481574,0.7835578177178013
576.0,0.4526173909281917,1.7096389813603228,0.011571551454829715,0.7848143244388263
577.1999999999999,0.453740218873007,1.7108325313988721,0.01156580470544527,0.7860698992805759
578.4,0.45485991365946754,1.7120222429785608,0.011560157272152156,0.787324525506531
579.6,0.45597648527800394,1.7132081277209823,0.011554607942335454,0.7885781881036016
580.8,0.45708994354823246,1.7143901972475437,0.011549155312969798,0.7898308717608422
582.0,0.4582002982227094,1.7155684631493944,0.011543797990608595,0.7910825613335726
583.1999999999999,0.45930755899532244,1.7167429369849918,0.011538534607559894,0.7923332418809163
584.4,0.4604117355034561,1.717913630288495,0.011533363815486114,0.7935828985683632
585.6,0.4615128373540261,1.7190805546706915,0.011528284208423677,0.7948315154958145
586.8,0.46261087405281687,1.7202437215450657,0.011523294531717543,0.7960790788784172
588.0,0.46370585506411904,1.7214031423589877,0.011518393505687594,0.7973255743620485
589.1999999999999,0.4647977897940429,1.72255882852903,0.011513579874964423,0.7985709877744075
590.4,0.46588668759051916,1.7237107914409682,0.011508852408489336,0.799815305125015
591.6,0.46697255772931967,1.7248590424581238,0.011504209832384576,0.8010585124579584
592.8,0.46805540937808077,1.7260035929428401,0.01149965065718326,0.8023005954729071
594.0,0.4691352517358838,1.7271444541731653,0.011495173848129195,0.8035415409954705
595.1999999999999,0.47021209390519486,1.7282816374192906,0.011490778210203936,0.8047813356282033
596.4,0.47128594492908965,1.7294151539213343,0.011486462566882665,0.8060199661427223
597.6,0.4723568137912522,1.7305450148893389,0.011482225760134197,0.8072574194797054
598.8,0.473424709470124,1.7316712315026068,0.011478066696431078,0.8084936826171292
600.0,0.47448964095030255,1.732793814909558,0.011473984356434506,0.8097287425425336
601.1999999999999,0.47555161698869824,1.7339127762306106,0.01146997759629895,0.8109625868220416
602.4,0.476610646361467,1.7350281265551395,0.011466045357489534,0.8121952029994887
603.6,0.4776667377881935,1.7361398769424103,0.011462186602361566,0.8134265787809087
604.8,0.47871989993189185,1.73724803842158,0.011458400314160528,0.8146567020345332
606.0,0.4797701412851654,1.738352621990931,0.011454685345791818,0.8158855606092218
607.1999999999999,0.4808174702687401,1.7394536386185337,0.011451040550717849,0.8171131424916189
608.4,0.48186189542915586,1.7405510992435744,0.011447465045577813,0.8183394361214638
609.6,0.4829034251584093,1.7416450147744724,0.01144395783775064,0.8195644299444321
610.8,0.4839420677877755,1.7427353960895091,0.011440517949991473,0.8207881125617771
612.0,0.4849778315878084,1.7438222540368298,0.011437144420431672,0.8220104727303303
613.1999999999999,0.48601072516632565,1.7449055994429463,0.011433836427256892,0.8232314990666371
614.4,0.48704075687857235,1.7459854431001351,0.011430593103927116,0.8244511804854439
615.6,0.48806793472535465,1.7470617957642578,0.011427413507264877,0.8256695062754268
616.8,0.4890922668540926,1.7481346681654686,0.011424296774421534,0.8268864657267054
618.0,0.4901137613624659,1.7492040710040213,0.011421242061364571,0.8281020482768146
619.1999999999999,0.4911324262984129,1.7502700149502657,0.011418248542877629,0.8293162435107039
620.4,0.4921482688752973,1.7513325106621056,0.011415315035524322,0.8305290407595636
621.6,0.49316129694920025,1.7523915687521407,0.011412440707343194,0.831740429855955
622.8,0.49417151846460916,1.7534471997999959,0.011409624811554928,0.8329504008504696
624.0,0.4951789410808858,1.7544994143606285,0.01140686650711691,0.8341589438207949
625.1999999999999,0.49618357239046623,1.755548222959476,0.011404164963547216,0.8353660489832496
626.4,0.4971854199188617,1.7565936360924561,0.011401519360924595,0.8365717066927837
627.6,0.4981844928970882,1.757635664247339,0.01139892922882374,0.8377759069799775
628.8,0.49918079842691016,1.758674317857505,0.01139639371300906,0.8389786405527707
630.0,0.5001743439326031,1.7597096073315115,0.011393912044276089,0.8401798981560042
631.1999999999999,0.5011651370269986,1.7607415430514748,0.011391483512835848,0.8413796706064117
632.4,0.5021531852878092,1.7617701353703765,0.011389107425542128,0.8425779488510509
633.6,0.503138496257627,1.7627953946120594,0.011386783105891486,0.8437747239673005
634.8,0.5041210762722343,1.7638173310938525,0.011384509421523819,0.8449699866625942
636.0,0.5051009332402682,1.7648359550729027,0.011382285905158166,0.8461637284612344
637.1999999999999,0.5060780744327913,1.7658512767888517,0.011380111863208956,0.8473559407606199
638.4,0.507052507052783,1.7668633064528414,0.011377986605440059,0.8485466150743979
639.6,0.5080242382504653,1.7678720542472166,0.011375909451145567,0.8497357430390078
640.8,0.5089932750768607,1.7688775303273745,0.011373879729166602,0.8509233163733371
642.0,0.5099596240942298,1.7698797448372623,0.011371896778032412,0.8521093265403139
643.1999999999999,0.5109232924870584,1.7708787078651762,0.011369959945557999,0.8532937657120067
644.4,0.5118842871112816,1.7718744294815896,0.011368068589188455,0.8544766259436983
645.6,0.5128426147620864,1.772866919728497,0.011366222075901995,0.8556578994065215
646.8,0.5137982821739107,1.7738561886194149,0.011364419782209933,0.8568375783874589
648.0,0.5147512963921801,1.774842246143566,0.011362661117396271,0.8580156552039074
649.1999999999999,0.5157016654790105,1.7758251022738234,0.01136094556763581,0.8591921220414845
650.4,0.5166493954031959,1.776804766931702,0.011359272501567142,0.8603669716688075
651.6,0.5175944929571229,1.7777812500201922,0.011357641352647836,0.8615401967670941
652.8,0.5185369649009631,1.7787545614141285,0.011356051565652414,0.8627117901268544
654.0,0.5194768179626744,1.7797247109601877,0.011354502596672332,0.8638817446478911
655.1999999999999,0.5204140586329314,1.780691708483801,0.011352993837770452,0.8650500532095777
656.4,0.5213486931783932,1.7816555637887084,0.011351524621855427,0.8662167086792509
657.6,0.5222807283919182,1.7826162866316706,0.011350094498323951,0.8673817043867795
658.8,0.5232101707673535,1.7835738867502835,0.011348702929863837,0.8685450336025548
660.0,0.5241370267564722,1.784528373854319,0.01134734938685724,0.8697066897000237
661.1999999999999,0.5250613027689729,1.7854797576257235,0.011346033347380657,0.8708666661556883
662.4,0.5259830053591238,1.7864280477284349,0.01134475435729642,0.8720249563772456
663.6,0.5269021410364545,1.7873732537984262,0.011343511969303402,0.8731815538779009
664.8,0.5278187160082817,1.788315385430164,0.011342305660040991,0.8743364525134492
666.0,0.5287327365851948,1.7892544521979352,0.011341134960638537,0.8754896461089066
667.1999999999999,0.5296442090421133,1.7901904636485382,0.011339999411981657,0.8766411285864468
668.4,0.5305531396182869,1.7911234293012834,0.011338898564712228,0.8777908939654023
669.6,0.5314595339777157,1.7920533586608336,0.011337831841441534,0.8789389361512517
670.8,0.5323633980590894,1.792980261196978,0.011336798753790366,0.8800852492680029
672.0,0.5332647380931334,1.79390414634422,0.011335798906818618,0.8812298276649776
673.1999999999999,0.5341635600215284,1.794825023515604,0.01133483185064079,0.8823726656895686
674.4,0.5350598697361166,1.7957429020970241,0.011333897141509414,0.8835137577807862
675.6,0.535953673078901,1.7966577914472233,0.011332994341815075,0.8846530984692581
676.8,0.5368449777982311,1.7975697009138316,0.011332122975670685,0.8857906821298313
678.0,0.5377337897417618,1.7984786398021546,0.01133128261535139,0.8869265034630471
679.1999999999999,0.538620114538596,1.7993846173889634,0.011330472843101017,0.8880605572824001
680.4,0.5395039582855844,1.800287642928122,0.011329693235549521,0.8891928384275435
681.6,0.5403853270708067,1.8011877256466804,0.011328943374532427,0.8903233418245541
682.8,0.541264226973572,1.8020848747448743,0.011328222847090839,0.8914520624859313
684.0,0.5421406611779598,1.802979099415541,0.011327531397504073,0.8925789952290241
685.1999999999999,0.5430146363522582,1.8038704088012087,0.011326868591278384,0.8937041352983449
686.4,0.543886158332385,1.8047588120231313,0.0113262340425054,0.894827477944487
687.6,0.5447552326040166,1.8056443181780453,0.011325627388467936,0.895949018471157
688.8,0.5456218645941339,1.8065269363362095,0.011325048274283964,0.8970687522636135
690.0,0.5464860596729728,1.807406675541404,0.011324496352839337,0.8981866747886641
691.1999999999999,0.29592546054153934,1.808283546134838,0.012216457228116786,0.8987870124591302
692.4,0.08908133655994119,1.8091575783129372,0.01674460956522435,0.8971803255772632
693.6,0.026788822742642663,1.8100288017381911,0.02285624284168414,0.8947105640759478
694.8,0.008050853381411736,1.8108972324202048,0.02957370152273808,0.8919938400788553
696.0,0.0024186063251742007,1.8117628809284854,0.03647354765366129,0.8892164476664907
697.1999999999999,0.0007264183706004232,1.8126257555446372,0.04337386789246921,0.8864347014758681
698.4,0.00021814076592670367,1.8134858636868254,0.05020249414590827,0.8836655583138852
699.6,6.549809208371702e-05,1.8143432125212586,0.056933139437183526,0.8809140543341463
700.8,1.966384974550916e-05,1.8151978091993224,0.06355732910304954,0.8781816156422495
702.0,5.902825871579099e-06,1.8160496609393486,0.07007313209134568,0.8754685756554718
703.1999999999999,1.771761616467322e-06,1.8168987750490595,0.07648091498129013,0.8727749375804307
704.4,5.317537176901966e-07,1.817745158926883,0.08278181140867479,0.8701006053322207
705.6,1.5957947850045506e-07,1.8185888200563163,0.08897718836413793,0.8674454534584634
706.8,4.788539238531986e-08,1.8194297659983782,0.09506846554427582,0.864809348306873
708.0,1.4370172643676568e-08,1.8202680043838615,0.10105705646364993,0.8621921544292647
709.1999999999999,4.3120347974979e-09,1.8211035429059115,0.10694435066091357,0.859593736515407
710.4,1.295994617188077e-09,1.8219363893131064,0.1127317094751578,0.8570139599733524
711.6,3.894473815874206e-10,1.8227665514030358,0.11842046615484861,0.8544526911004262
712.8,1.1708415172658984e-10,1.8235940370163728,0.12401192725553119,0.8519097971299885
714.0,3.8001849278314144e-11,1.824418854031406,0.12950737433241793,0.8493851462411686
715.1999999999999,1.499725519077864e-11,1.8252410103589773,0.13490806561943663,0.8468786075560696
716.4,3.3634647399776824e-12,1.8260605139378183,0.14021523760590315,0.8443900511365441
717.6,1.7207877244966807e-12,1.826877372730283,0.14543010645598023,0.8419193479707273
718.8,3.8034427213299105e-13,1.8276915947183496,0.15055386935615186,0.8394663699858542
720.0,4.410021031895306e-14,1.8285031878999694,0.15558770566465596,0.8370309900094794
721.1999999999999,1.1456673221101044e-12,1.8293121602857012,0.16053277802354635,0.8346130817920956
722.4,2.2390020426926324e-12,1.830118519895589,0.16539023332348243,0.832212519989294
723.6,1.581218412848181e-12,1.8309222747562572,0.17016120361193346,0.8298291801664746
724.8,3.1845871099618605e-13,1.831723432898284,0.17484680684615203,0.8274629387668073
726.0,2.13750164228407e-14,1.8325220023537734,0.17944814761287486,0.8251136731136156
727.1999999999999,2.2928259690025894e-13,1.833317991154081,0.18396631780135717,0.8227812614229357
728.4,1.2630821684628605e-13,1.8341114073277163,0.1884023971741408,0.8204655827878539
729.6,-8.053787033071916e-14,1.8349022588984252,0.19275745386797455,0.8181665171614558
730.8,-6.042196920297302e-14,1.8356905538833803,0.1970325448710599,0.8158839453567636
732.0,8.268181597870225e-14,1.8364763002913451,0.2012287164864001,0.8136177490442926
733.1999999999999,6.446930541706276e-13,1.8372595061185355,0.2053470052856389,0.8113678107266796
734.4,1.5071263844499563e-12,1.838040179352556,0.20938843720352324,0.8091340137622531
735.6,1.4528864020821982e-12,1.8388183279757138,0.21335402677671778,0.8069162423848075
736.8,1.2194285860196223e-12,1.8395939599466429,0.21724478136253,0.8047143816046728
738.0,7.755758747061527e-13,1.840367083217085,0.22106169728640654,0.8025283172981201
739.1999999999999,1.942588095587656e-13,1.8411377057178524,0.224805762927823,0.8003579361328005
740.4,-1.2212654882059035e-13,1.8419058353646174,0.22847795750510413,0.7982031255985103
741.6,-2.4667416883822073e-13,1.8426714800548096,0.23207925154100922,0.7960637739842987
742.8,-2.3534489958541943e-13,1.8434346476676102,0.23561060699270675,0.7939397703827766
744.0,-9.329313487909178e-14,1.8441953460634317,0.23907297715170583,0.7918310046834162
745.1999999999999,1.7382998647402018e-14,1.8449535830830885,0.2424673068729764,0.7897373675681623
746.4,8.036842940577933e-14,1.8457093665474336,0.24579453256116385,0.7876587505028824
747.6,1.0210785082011535e-13,1.8464627042561945,0.2490555823394302,0.785595045730903
748.8,5.944357831468624e-14,1.8472136039884297,0.2522513759800231,0.783546146272893
750.0,1.861988046190022e-14,1.8479620735003695,0.2553828251783614,0.781511945908059
751.1999999999999,-1.4978719342510726e-14,1.8487081205271474,0.2584508333027253,0.7794923391891928
752.4,-3.627749384433293e-14,1.8494517527797494,0.26145629576991347,0.7774872214120029
753.6,-2.8111565004362832e-14,1.8501929779475315,0.2644000997129768,0.7754964886385417
754.8,-1.7604740467429628e-14,1.8509318036948963,0.26728312432724427,0.7735200376605038
756.0,1.5872888600982684e-15,1.8516682376630669,0.27010624063418154,0.7715577660122364
757.1999999999999,2.837118161156564e-14,1.8524022874676729,0.27287031167503767,0.7696095719401491
758.4,4.0949578131194995e-14,1.8531339607043198,0.27557619223306096,0.7676753544917443
759.6,3.456886861775677e-14,1.8538632649418767,0.27822472911851925,0.76575501340029
760.8,4.360093627975745e-14,1.8545902077196796,0.2808167612634994,0.7638484490318528
762.0,4.230396207100696e-14,1.8553147965615628,0.28335311920270667,0.7619555626421144
763.1999999999999,2.7285242711133413e-14,1.8560370389631662,0.2858346255328697,0.760076256140165
764.4,1.8575360493914923e-14,1.8567569423861066,0.28826209507218375,0.7582104319603289
765.6,9.5144487438911e-15,1.857474514278497,0.2906363342341676,0.7563579934885442
766.8,3.006443324169743e-15,1.8581897620599277,0.2929581414837375,0.7545188447495356
768.0,-4.053883662332648e-15,1.8589026931159867,0.29522830735333566,0.7526928902422463
769.1999999999999,-7.824257195801725e-15,1.859613314816068,0.29744761419405,0.7508800354087307
770.4,-6.340183651507093e-15,1.8603216345012414,0.2996168363451364,0.7490801863147725
771.6,-4.4565847215739695e-15,1.861027659483092,0.30173674010500057,0.7472932495517541
772.8,-2.3961565385266186e-15,1.8617313970502967,0.30380808371291895,0.7455191325197535
774.0,-8.782888361076892e-16,1.862432854465677,0.3058316173572266,0.7437577433007507
775.1999999999999,7.962001265874285e-16,1.8631320389643868,0.30780808322309083,0.7420089905240975
776.4,2.498428270906723e-15,1.8638289577559848,0.30973821543741964,0.7402727835209324
777.6,2.767473778769593e-15,1.8645236180247273,0.3116227400595181,0.7385490323480273
778.8,2.078785699593772e-15,1.865216026928017,0.31346237524430287,0.7368376476180242
780.0,1.643392738745885e-15,1.865906191596961,0.31525783117903367,0.7351385405622903
781.1999999999999,1.0199995429654306e-15,1.866594119137183,0.31700980986778576,0.7334516231691312
782.4,3.8226591810522784e-16,1.867279816627896,0.3187190055090243,0.7317768079872453
783.6,-4.0016856569697854e-16,1.867963291122057,0.32038610458701733,0.7301140081130635
784.8,-8.141396670737868e-16,1.8686445496467312,0.3220117851983741,0.72846313742256
786.0,-6.61409204065521e-16,1.8693235992028572,0.3235967177148086,0.7268241103549389
787.1999999999999,-7.033371922258208e-16,1.8700004467656068,0.32514156515627063,0.7251968418386793
788.4,-5.8654671078406585e-16,1.8706750992836885,0.32664698192525643,0.7235812475935807
789.6,-3.5882506385673885e-16,1.871347563679952,0.32811361479487494,0.7219772438991243
790.8,2.410560984676743e-17,1.8720178468541973,0.32954210458156635,0.7203847473252474
792.0,4.3011070919441906e-16,1.8726859556765074,0.3309330818255709,0.7188036754679632
793.1999999999999,7.451756338968553e-16,1.873351896992079,0.33228716992075724,0.7172339464163482
794.4,8.258889901890021e-16,1.8740156776200432,0.3336049843501263,0.7156754788827363
795.6,4.994425908298424e-16,1.8746773043534648,0.3348871326858109,0.7141281922027194
796.8,6.842931917399064e-16,1.875336783970721,0.3361342206789616,0.7125920054406372
798.0,8.287309275887238e-16,1.8759941232094943,0.3373468383404483,0.7110668394341059
799.1999999999999,8.95560660290576e-16,1.8766493287869237,0.3385255707259894,0.7095526152098514
800.4,8.452377529247135e-16,1.877302407394357,0.3396709951274158,0.7080492543962671
801.6,6.320954947090189e-16,1.8779533656973115,0.34078368105216933,0.706556679226427
802.8,5.410298102009527e-16,1.878602210354657,0.3418641989451138,0.7050748114470565
804.0,4.3979778194006e-16,1.8792489479760164,0.3429131008193431,0.7036035747414625
805.1999999999999,3.231362143636135e-16,1.8798935851527667,0.3439309343515616,0.7021428929663144
806.4,2.011584789859527e-16,1.8805361284516802,0.34491823999100685,0.7006926905132953
807.6,8.58670217166325e-17,1.8811765844141544,0.34587555061005615,0.6992528923528083
808.8,-2.6482263280598648e-17,1.8818149595789846,0.3468034009684075,0.6978234230832875
810.0,-1.1766511649798063e-16,1.8824512604336667,0.3477023074733224,0.6964042089643063
811.1999999999999,-1.7262229024842136e-16,1.8830854934468495,0.34857278166748346,0.6949951765617057
812.4,-1.7627496872172665e-16,1.8837176650642227,0.34941532851998625,0.6935962529192669
813.6,-1.121045595032534e-16,1.8843477817066814,0.3502304456641823,0.6922073656352699
814.8,-7.911860801326951e-17,1.8849758497936604,0.3510186328978437,0.6908284421139559
816.0,-5.240644369748204e-17,1.8856018756953692,0.3517803727350978,0.6894594110978819
817.1999999999999,-2.5011329358435893e-17,1.8862258657610929,0.3525161419295172,0.6881002017599912
818.4,-6.410057299183708e-18,1.886847826318888,0.3532264113506299,0.6867507437133443
819.6,-7.839951128812677e-18,1.8874677636726573,0.35391164479215403,0.68541096710502
820.8,7.914281697454412e-18,1.888085684122936,0.3545723083258358,0.6840808019934036
822.0,2.886620947572423e-17,1.8887015939264649,0.3552088521101413,0.6827601795592346
823.1999999999999,4.28162422948454e-17,1.889315499316469,0.3558217195159754,0.6814490314980819
824.4,4.6102887367798545e-17,1.8899274065062832,0.3564113487568894,0.6801472899118153
825.6,3.478461585339985e-17,1.8905373216857,0.35697817124641523,0.6788548874179633
826.8,2.0099464339658446e-17,1.8911452510336315,0.35752261650698175,0.6775717568474284
828.0,7.329088295979128e-18,1.891751200700799,0.35804510545857837,0.6762978316577615
829.1999999999999,-1.0585885951724882e-18,1.8923551768123068,0.3585460514166461,0.675033045871714
830.4,-2.807229676887838e-18,1.8929571854755824,0.3590258629137806,0.6737773339081773
831.6,-2.3019105216702128e-18,1.8935572327794175,0.3594849431376889,0.6725306306202761
832.8,-3.522068090719013e-19,1.8941553247890484,0.3599236886768705,0.6712928713630211
834.0,4.13282791300283e-19,1.8947514675482147,0.3603424901191664,0.670063991963642
835.1999999999999,2.328734878734473e-19,1.895345667078961,0.36074173206691884,0.6688439287172692
836.4,-2.1004240941777438e-19,1.895937929380018,0.3611217926791864,0.6676326184282084
837.6,-1.5068787044501718e-18,1.8965282603986608,0.3614830359048878,0.6664299990364371
838.8,-2.0935912769656495e-18,1.8971166661235503,0.3618258371195043,0.6652360075638366
840.0,-1.6712962141660882e-18,1.8977031524982222,0.3621505592775658,0.6640505820291066
841.1999999999999,-1.9608146946438343e-18,1.8982877253866812,0.3624575434503656,0.6628736622069018
842.4,-1.538201031833363e-18,1.8988703907767643,0.3627471647823288,0.6617051851377809
843.6,-9.000909636875946e-19,1.8994511545066182,0.3630197573868109,0.6605450911653389
844.8,-5.643952166656773e-19,1.9000300224117037,0.3632756546420023,0.6593933206924267
846.0,-2.5993567864883294e-19,1.9006070004271067,0.36351521719334823,0.6582498119240854
847.1999999999999,-1.5265182837742183e-20,1.9011820942655413,0.3637387451811294,0.6571145079791697
848.4,1.1604034448407975e-19,1.901755309781522,0.36394657727540586,0.6559873488419149
849.6,9.650368160568696e-20,1.9023266528169054,0.3641390487434873,0.6548682747774546
850.8,1.0722838340624506e-19,1.9028961290005464,0.36431643746069664,0.6537572307731663
852.0,8.112721733241244e-20,1.9034637441849476,0.3644790815132195,0.6526541568567198
853.1999999999999,3.5059176671278013e-20,1.9040295040977384,0.3646272855309964,0.651558995829243
854.4,-5.1253420819066015e-23,1.9045934143591368,0.3647613255387934,0.6504716928819881
855.6,-1.5329518646748172e-20,1.9051554807577455,0.36488152240460886,0.649392189459301
856.8,-2.0665659536616254e-20,1.905715708920895,0.36498815436001436,0.6483204306025359
858.0,-2.6206765345218982e-20,1.9062741044748976,0.36508149936863576,0.6472563613757725
859.1999999999999,-1.8231684124022493e-20,1.9068306731405567,0.36516186027415476,0.6461999247328778
860.4,-1.149876947860947e-20,1.9073854204385177,0.3652294877047221,0.6451510681108172
861.6,-6.170801682665321e-21,1.9079383520165467,0.36528466537363125,0.6441097360972605
862.8,-2.121433275957539e-21,1.9084894735093612,0.3653276736414448,0.6430758735733542
864.0,1.7309558696690557e-21,1.9090387903644697,0.36535874469209173,0.642049429628745
865.1999999999999,3.175036038426528e-21,1.9095863082267637,0.36537816144879953,0.641030348914587
866.4,2.4230776868870952e-21,1.9101320326293614,0.36538617827439623,0.6400185785987331
867.6,2.3320460454779325e-21,1.9106759690098791,0.3653830253057817,0.6390140680027327
868.8,1.5840999382574602e-21,1.9112181229566887,0.3653689709219096,0.6380167630483988
870.0,5.628071992776779e-22,1.9117584998904424,0.36534424148557576,0.637026613447956
871.1999999999999,-3.437253210177751e-22,1.912297105229897,0.36530906288737325,0.636043568956506
872.4,-9.925947551097548e-22,1.9128339444962048,0.3652636865269407,0.6350675770128404
873.6,-1.1331012339449493e-21,1.913369023165504,0.36520835258958606,0.6340985860740513
874.8,-7.168597784702062e-22,1.913902346669976,0.36514329053260586,0.6331365455938852
876.0,-6.216799728608497e-22,1.9144339202470468,0.36506868230119155,0.6321814094422882
877.1999999999999,-4.0334540308365903e-22,1.9149637494077425,0.3649847765722187,0.6312331252850076
878.4,-1.5701469813811993e-22,1.915491839548917,0.36489179416677103,0.6302916433766881
879.6,-1.4970176027935862e-23,1.9160181960578826,0.3647899535721458,0.6293569141882802
880.8,2.866334991887064e-22,1.9165428241808455,0.36467944024763216,0.62842889140542
882.0,6.107854877429e-22,1.9170657292649231,0.36456046308780643,0.6275075264127851
883.1999999999999,7.891817588839371e-22,1.9175869166459203,0.3644332282403898,0.6265927708517103
884.4,7.050963420691833e-22,1.9181063916231649,0.36429793323513343,0.6256845771937094
885.6,4.701356825017345e-22,1.9186241594695836,0.3641547702438194,0.6247828985153296
886.8,4.2252953959850167e-22,1.9191402254317815,0.36400392609215654,0.6238876884963442
888.0,3.3425057902554617e-22,1.9196545947661983,0.3638455877781848,0.6229989005812058
889.1999999999999,2.208903087321007e-22,1.920167272702176,0.363679936835583,0.6221164888355672
890.4,1.0360060987364755e-22,1.9206782644528826,0.3635071510150073,0.621240407692994
891.6,-2.99573892044689e-23,1.921187575247415,0.363327415744967,0.6203706112192844
892.8,-1.392669559632082e-22,1.9216952102598128,0.3631408987905627,0.6195070547391386
894.0,-1.9632120725196759e-22,1.9222011746627965,0.3629477694371912,0.6186496936047465
895.1999999999999,-1.6872199573989688e-22,1.922705473613873,0.362748193530342,0.6177984835141859
896.4,-1.258882785413369e-22,1.9232081122722309,0.3625423394484897,0.6169533801085705
897.6,-1.1037857846620007e-22,1.9237090957782705,0.36233037086659164,0.6161143394601281
898.8,-8.02647144882887e-23,1.9242084292444366,0.3621124435153306,0.6152813182907793
900.0,-4.2318898640240683e-23,1.924706117776406,0.3618887126712238,0.6144542734669536
901.1999999999999,-3.1214422243346215e-24,1.9252021664678025,0.3616593315428751,0.6136331621201662
902.4,3.950032848429595e-23,1.9256965804080386,0.3614244549824895,0.6128179414400057
903.6,7.009420134777609e-23,1.9261893646581545,0.3611842280501908,0.6120085693119668
904.8,7.752290668259086e-23,1.926680524270915,0.3609387955256651,0.6112050037869323
906.0,4.902105954676061e-23,1.9271700642853646,0.3606882993316481,0.6104072032248794
907.1999999999999,5.289479647866479e-23,1.9276579897331454,0.36043288437066123,0.6096151260544727
908.4,7.21283270047485e-23,1.928144305625787,0.360172686781373,0.6088287312567683
909.6,8.848516811147617e-23,1.9286290169611293,0.3599078398742561,0.6080479781207333
910.8,9.739293409506423e-23,1.9291121287244617,0.3596384751821198,0.6072728261999746
912.0,9.307310539706826e-23,1.9295936458873846,0.35936472141060494,0.606503235355967
913.1999999999999,6.854102860438075e-23,1.9300735734078118,0.3590867044381848,0.6057391657580533
914.4,2.801460822005799e-23,1.930551916233423,0.3588045501444531,0.6049805777540997
915.6,2.99319897191215e-23,1.9310286793136346,0.3585183942150616,0.6042274314220923
916.8,3.1534913576872723e-23,1.9315038675563487,0.3582283467179061,0.6034796881901536
918.0,3.1552823217552835e-23,1.9319774858676617,0.35793452462483755,0.6027373093492467
919.1999999999999,2.83597972784314e-23,1.9324495391402192,0.3576370422744529,0.6020002564893341
920.4,1.9974549609805496e-23,1.9329200322532154,0.35733601137209536,0.601268491499378
921.5999999999999,4.060429275003037e-24,1.9333889700723945,0.35703154098985423,0.6005419765673408
922.8,-9.623471036739986e-24,1.933856357468567,0.35672375095264824,0.5998206734963665
924.0,-1.7163633267175784e-23,1.9343221992909267,0.3564127525496634,0.5991045446901234
925.1999999999999,-2.642355655582519e-23,1.9347865003582314,0.356098642157508,0.598393553478558
926.4,-3.8014703086151263e-23,1.9352492654871014,0.3557815216981906,0.5976876630728168
927.5999999999999,-5.264146908853494e-23,1.9357104994810963,0.35546149074260347,0.5969868369686335
928.8,-7.110118484028428e-23,1.9361702071307159,0.35513864651052185,0.5962910389463285
930.0,-9.428411466562535e-23,1.9366283932133983,0.3548130838706043,0.5956002330708093
931.1999999999999,-1.083182749588674e-22,1.9370850625261151,0.35448491905341734,0.5949143823763561
932.4,-1.1999096852229988e-22,1.937540219807653,0.35415423310876093,0.5942334520026931
933.5999999999999,-1.2921880480807897e-22,1.9379938697990173,0.35382111585121506,0.5935574067576014
934.8,-1.3516992348074823e-22,1.938446017229999,0.35348565608735866,0.5928862116589553
936.0,-1.369361560126484e-22,1.9388966668176995,0.3531479405428118,0.5922198319942316
937.1999999999999,-1.3353302568392203e-22,1.9393458232665308,0.3528080538622358,0.5915582333205105
938.4,-1.2585446342703741e-22,1.939793491275111,0.3524660843720423,0.5909013811217442
939.5999999999999,-1.1715116055486852e-22,1.9402396755379496,0.3521221254906272,0.5902492407248843
940.8,-1.0397752815402519e-22,1.9406843807135186,0.35177624903905036,0.5896017788872016
942.0,-8.593390433619718e-23,1.9411276114586127,0.3514285339620922,0.5889589620881314
943.1999999999999,-6.262004482626509e-23,1.9415693724176046,0.35107905734682215,0.5883207570634343
944.4,-3.3635122962291656e-23,1.9420096682224453,0.3507278944225983,0.587687130805197
945.5999999999999,1.4222703044615073e-24,1.9424485034926628,0.3503751185610678,0.5870580505618311
946.8,3.151118397669052e-23,1.942885882847351,0.35002081287733894,0.5864334831106194
948.0,5.609026614174608e-23,1.9433218108821821,0.3496650479846147,0.5858133961526174
949.1999999999999,7.711252143692039e-23,1.9437562921777958,0.3493078901101293,0.5851977578037415
950.4,9.273926628870792e-23,1.9441893313063805,0.34894940746811515,0.5845865361951498
951.5999999999999,1.009476119998345e-22,1.9446209328278974,0.34858966660243607,0.5839796997025788
952.8,9.953046474926824e-23,1.9450511012900782,0.34822873238658747,0.5833772169463431
954.0,8.742005702894398e-23,1.945479841229536,0.3478666691455231,0.5827790567182544
955.1999999999999,7.905857951480093e-23,1.9459071571838102,0.34750355283622053,0.5821851871881181
956.4,6.367317447152229e-23,1.946333053657231,0.34713943652911533,0.5815955781524451
957.5999999999999,4.062321398959919e-23,1.9467575351505464,0.34677438036849745,0.5810101990826828
958.8,9.283860016366385e-24,1.9471806061524446,0.34640844299780466,0.5804290196838131
960.0,-3.095393564398445e-23,1.9476022711395524,0.346041681559622,0.5798520098943531
961.1999999999999,-8.068343133040762e-23,1.9480225345764353,0.3456741516956822,0.5792791398863554
962.4,-1.2875679678527977e-22,1.9484414009205469,0.3453059136925245,0.5787103796493728
963.5999999999999,-1.6385004178346991e-22,1.948858874617347,0.34493702641989166,0.5781456994008034
964.8,-1.931935156938074e-22,1.9492749600923975,0.34456753751338803,0.5775850702504811
966.0,-2.137156910315955e-22,1.9496896617635413,0.3441974984990811,0.5770284631768067
967.1999999999999,-2.220265496057367e-22,1.9501029840366868,0.3438269595608423,0.5764758493809754
968.4,-2.144175825187312e-22,1.9505149313058108,0.3434559695403474,0.5759272002869774
969.5999999999999,-1.8686179016667544e-22,1.9509255079529555,0.3430845759370763,0.5753824875415976
970.8,-1.7005454582299596e-22,1.9513347183548158,0.3427128362493061,0.5748416822089786
972.0,-1.5115434860097316e-22,1.9517425668680308,0.3423407926454667,0.5743047565694606
973.1999999999999,-1.2563363683133373e-22,1.9521490578389293,0.34196848874568236,0.573771682927756
974.4,-9.375098534850436e-23,1.952554195602867,0.34159596847999657,0.5732424336940392
975.5999999999999,-5.589921357766727e-23,1.95295798448335,0.3412232745827851,0.5727169814908725
976.8,-1.2605385534736154e-23,1.9533604287920372,0.340850448592756,0.5721952991532071
978.0,3.203795550139446e-23,1.953761532830473,0.3404775332672562,0.5716773595487108
979.1999999999999,6.413254336970036e-23,1.95416130089324,0.3401045769730717,0.5711631352510089
980.4,8.917013154040217e-23,1.9545597372532078,0.3397316131435344,0.5706526000684713
981.5999999999999,1.0387198275931353e-22,1.9549568461757623,0.3393586800929986,0.5701457275696333
982.8,1.0463519954246843e-22,1.9553526319145365,0.33898581507378023,0.5696424915254739
984.0,8.753272417610894e-23,1.9557470987114116,0.3386130542761572,0.5691428659094157
985.1999999999999,4.831333871669697e-23,1.9561402507965164,0.3382404328283692,0.568646824897325
986.4,1.068070582367374e-23,1.9565320923939304,0.3378679910413846,0.5681543423709099
987.5999999999999,-2.0085779271040784e-23,1.9569226277123302,0.33749576416714705,0.5676653927321744
988.8,-5.671192220922701e-23,1.9573118609450757,0.33712378249111613,0.5671799508960585
990.0,-9.827090138731718e-23,1.9576997962765934,0.33675207832316095,0.5666979917345031
991.1999999999999,-1.4362242739492852e-22,1.9580864378796652,0.33638068302983526,0.5662194903124514
992.4,-1.9141274301487847e-22,1.95847178991543,0.336009627034377,0.5657444218878491
993.5999999999999,-2.4007462322315386e-22,1.9588558565333822,0.33563893981670867,0.5652727619116447
994.8,-2.7211146027840272e-22,1.9592386418777352,0.3352686599517222,0.5648044851852656
996.0,-2.9273435587586126e-22,1.95962015007178,0.3348988104304649,0.5643395679319361
997.1999999999999,-2.978598328954366e-22,1.960000385230839,0.3345294191010803,0.5638779860810488
998.4,-2.829872475059486e-22,1.9603793514586745,0.3341605129985059,0.5634197157440786
999.5999999999999,-2.4323511507393053e-22,1.960757052847472,0.33379211832127026,0.5629647332165298
1000.8,-1.7334111016361529e-22,1.9611334934778415,0.33342426043149326,0.5625130149779369
1002.0,-9.435468650959984e-23,1.9615086774204704,0.33305696678019964,0.5620645374318036
1003.1999999999999,-4.5317156747678354e-23,1.9618826087356087,0.3326902659955173,0.561619276986662
1004.4,3.7644311588223956e-24,1.9622552914676767,0.332324178345258,0.5611772109039495
1005.5999999999999,4.9311742172120573e-23,1.9626267296516227,0.33195872698172685,0.5607383162983448
1006.8,8.724943710327696e-23,1.9629969273108732,0.3315939343170253,0.560302570460004
1008.0,1.1300517261216393e-22,1.9633658884573328,0.3312298220230513,0.5598699508545598
1009.1999999999999,1.2150960120748348e-22,1.963733617091385,0.3308664110314998,0.5594404351231227
1010.4,1.3378408709395467e-22,1.9641001172087047,0.33050372740849054,0.559014000531822
1011.5999999999999,1.425373558243758e-22,1.9644653927863176,0.33014179033399926,0.5585906250981441
1012.8,1.392130704114616e-22,1.9648294477895303,0.3297806180780936,0.558170287030954
1014.0,1.2155903080538925e-22,1.9651922861738713,0.3294202296733683,0.5577529645737866
1015.1999999999999,8.722029316806804e-23,1.9655539118834486,0.32906064349932795,0.5573386361374917
1016.4,3.373916987312377e-23,1.965914328850949,0.3287018772823861,0.5569272803002328
1017.5999999999999,-3.5324963116720056e-23,1.966273540998675,0.32834394892833574,0.556518875724302
1018.8,-7.71386920661266e-23,1.9666315522441735,0.3279868810462514,0.556113400704055
1020.0,-1.16164361476137e-22,1.9669883664821979,0.3276306864519387,0.5557108346145199
1021.1999999999999,-1.4864224481710242e-22,1.967343987600875,0.3272753811611004,0.5553111566130189
1022.4,-1.7034243393995791e-22,1.9676984194770075,0.3269209806142828,0.5549143460164007
1023.5999999999999,-1.7656483907620318e-22,1.968051665976076,0.3265674996768765,0.5545203823010412
1024.8,-1.6213918883791702e-22,1.9684037309522362,0.3262149526391152,0.5541292451028423
1026.0,-1.453944580044927e-22,1.968754618251378,0.32586335623084517,0.5537409138929691
1027.2,-1.3781965311370225e-22,1.969104331707255,0.32551272580559276,0.5533553683882848
1028.3999999999999,-1.2228844476401186e-22,1.9694528751387075,0.3251630726017553,0.5529725888459344
1029.6,-9.830967818525673e-23,1.9698002523554343,0.3248144094340097,0.5525925554511837
1030.8,-6.547091384893252e-23,1.9701464671558802,0.3244667486109144,0.5522152485414
1032.0,-2.3438427468185144e-23,1.9704915233272366,0.32412010193490964,0.5518406486060518
1033.2,2.8042790002187054e-23,1.9708354246454411,0.32377448070231696,0.5514687362867083
1034.3999999999999,6.454868449352064e-23,1.9711781748827937,0.32342990092578106,0.5510994917875401
1035.6,9.413432321612138e-23,1.971519777790262,0.3230863712000804,0.5507328962450049
1036.8,1.1545357454006534e-22,1.9718602371104448,0.322743901592958,0.5503689307242657
1038.0,1.2480362566342355e-22,1.972199556575394,0.3224025021496309,0.5500075763880001
1039.2,1.181075543206917e-22,1.972537739905999,0.3220621824719072,0.549648814543908
1040.3999999999999,9.091432878279794e-23,1.972874790811986,0.32172295171818643,0.5492926266447118
1041.6,5.2293512874688724e-23,1.9732107129945609,0.3213848198444797,0.5489389941366485
1042.8,3.5882297251848814e-23,1.9735455101485064,0.3210477985910877,0.5485878983390128
1044.0,1.6694090931845424e-23,1.9738791859463742,0.3207118940522696,0.5482393213512768
1045.2,-3.968946389888298e-24,1.9742117440546203,0.3203771142602981,0.5478932451272035
1046.3999999999999,-2.455988499969651e-23,1.9745431881286564,0.320043466859313,0.5475496517588296
1047.6,-4.3287025165716573e-23,1.9748735218128497,0.31971095910532116,0.5472085234764666
1048.8,-5.811389713785496e-23,1.975202748740523,0.3193795978661965,0.5468698426487001
1050.0,-6.828102858203702e-23,1.9755308725397265,0.3190493925156263,0.546533591409958
1051.2,-7.155461330574953e-23,1.9758578968228022,0.3187203497009023,0.5461997523338619
1052.3999999999999,-6.48796870699039e-23,1.976183825188861,0.3183924745850661,0.5458683082733703
1053.6,-4.5558702305391396e-23,1.976508661228254,0.31806577308820505,0.5455392420723393
1054.8,-1.067563193913758e-23,1.9768324085203874,0.3177402507922703,0.5452125367064652
1056.0,4.290403060590022e-23,1.9771550706337218,0.31741591294107696,0.544888175283284
1057.2,1.160389646349824e-22,1.9774766511262039,0.3170927646001552,0.5445661410197865
1058.3999999999999,1.5131351413202988e-22,1.9777971535549215,0.31677081424550046,0.5442464167398492
1059.6,1.809931237322994e-22,1.978116581450591,0.31645006428162303,0.5439289862020869
1060.8,2.0124031538959175e-22,1.9784349383392472,0.3161305191026098,0.5436138329709815
1062.0,2.077524878884717e-22,1.9787522277360987,0.31581218280822093,0.5433009407367199
1063.2,1.9576191684426074e-22,1.979068453145526,0.31549505920389026,0.542990293315194
1064.3999999999999,1.600357547030466e-22,1.979383618061083,0.3151791518007249,0.5426818746480004
1065.6,1.183796131337229e-22,1.9796977259705473,0.3148644651986351,0.5423756685969807
1066.8,9.441946869582373e-23,1.980010780352219,0.3145510040730899,0.5420716590947352
1068.0,6.535368019846904e-23,1.9803227846636964,0.31423877010045004,0.5417698306013583
1069.2,3.2024650000956265e-23,1.9806337423569313,0.3139277660815163,0.5414701674918948
1070.3999999999999,-4.52116050160826e-24,1.980943656873192,0.31361799456214245,0.5411726542612451
1071.6,-4.303323087833744e-23,1.981252531643063,0.31330945783323555,0.5408772755241641
1072.8,-8.20569816625217e-23,1.9815603700864468,0.3130021579307561,0.5405840160152625
1074.0,-1.079303006721962e-22,1.981867175620687,0.3126960991753971,0.5402928601813878
1075.2,-1.2069118732386617e-22,1.9821729516430326,0.3123912826910785,0.5400037930614054
1076.3999999999999,-1.1854112834593425e-22,1.9824777015411548,0.3120877096921659,0.5397167997586004
1077.6,-9.719885760608784e-23,1.9827814286935836,0.3117853816202013,0.5394318654187323
1078.8,-5.2014803461796333e-23,1.9830841364682772,0.31148429969653096,0.5391489753018385
1080.0,2.2028911239687843e-23,1.9833858282226222,0.3111844649223054,0.5388681147822336
1081.2,1.156685516314928e-22,1.983686507305296,0.31088587853223043,0.5385892692694817
1082.3999999999999,1.6217180779244395e-22,1.9839861770617628,0.3105885433321927,0.538312423975424
1083.6,2.027401509732818e-22,1.9842848408132296,0.3102924585762668,0.5380375648064397
1084.8,2.324075705081036e-22,1.9845825018762533,0.30999762473968084,0.537764677532149
1086.0,2.4559055157933582e-22,1.984879163556942,0.3097040421080004,0.5374937480311317
1087.2,2.360880752177256e-22,1.9851748291509594,0.30941171077712903,0.5372247622909277
1088.3999999999999,1.9708161830235093e-22,1.9854695019435213,0.3091206306533079,0.5369577064080364
1089.6,1.4730662042765109e-22,1.9857631852140414,0.3088308022105315,0.5366925664496496
1090.8,1.012361402578355e-22,1.9860558822308403,0.3085422256276476,0.5364293286111751
1092.0,4.9983092568590896e-23,1.986347596247756,0.308254900235658,0.5361679793171332
1093.2,-1.2546509803437527e-24,1.9866383305107893,0.30796882560139893,0.5359085050233283
1094.3999999999999,-4.6504673439335195e-23,1.9869280882559563,0.30768400118630634,0.5356508922777163
1095.6,-8.122376685642684e-23,1.9872168727104236,0.3074004265943777,0.5353951276650253
1096.8,-9.640492206950022e-23,1.9875046870894737,0.30711810090910274,0.5351411979548426
1098.0,-8.33239623977818e-23,1.9877915345989499,0.3068370232275446,0.5348890899823355
1099.2,-3.227146721682447e-23,1.9880774184346022,0.3065571925176585,0.5346387906801169
1100.3999999999999,2.0612760041424998e-23,1.9883623417823604,0.3062786077018598,0.5343902870504562
1101.6,6.632606547855847e-23,1.9886463078179095,0.30600126752679246,0.534143566208586
1102.8,1.1279074916060633e-22,1.9889293197067488,0.30572517058155146,0.5338986153766425
1104.0,1.5294058480029893e-22,1.989211380604378,0.30545031535462613,0.5336554218647289
1105.2,1.7957171961972154e-22,1.9894924936570189,0.30517670027604343,0.5334139730635077
1106.3999999999999,1.8784169762741757e-22,1.9897726620032654,0.30490432385393584,0.5331742564123546
1107.6,1.6578852905367204e-22,1.9900518887678293,0.3046331841564217,0.5329362595201723
1108.8,1.0256762411846259e-22,1.9903301770669732,0.3043632792617423,0.5326999700604294
1110.0,-1.3825021078966103e-23,1.990607530007009,0.30409460713383685,0.532465375800173
1111.2,-1.0204982688934229e-22,1.9908839506875808,0.30382716597024,0.5322324645203826
1112.3999999999999,-1.6468463323941182e-22,1.9911594421955066,0.3035609535495249,0.5320012241653644
1113.6,-2.0070887927333798e-22,1.9914340076078187,0.3032959675534776,0.531771642768993
1114.8,-1.9223000994400174e-22,1.9917076499922255,0.30303220561596217,0.5315437084435248
1116.0,-1.4009704208327858e-22,1.991980372406834,0.30276966534498306,0.5313174093741623
1117.2,-8.512998491437035e-23,1.9922521779003655,0.3025083443962748,0.5310927338018243
1118.3999999999999,-1.8595357644298053e-23,1.99252306951125,0.3022482401629759,0.530869670095801
1119.6,4.3666316491570514e-23,1.9927930502687603,0.30198935004196464,0.5306482066899989
1120.8,7.93779052186736e-23,1.9930621231931773,0.30173167137954854,0.5304283320943793
1122.0,6.430376650003488e-23,1.9933302912942044,0.3014752014182561,0.530210034913037
1123.2,1.4888474435074285e-24,1.9935975575726665,0.3012199373449781,0.529993303827469
1124.3999999999999,-5.149205755895065e-23,1.9938639250205132,0.3009658762839928,0.5297781275986455
1125.6,-1.0752223575011401e-22,1.994129396619239,0.3007130152776169,0.5295644950750054
1126.8,-1.4701992775302021e-22,1.9943939753410955,0.3004613513153516,0.5293523951812087
1128.0,-1.432450241109916e-22,1.994657664148712,0.3002108813390277,0.5291418169165566
1129.2,-6.672472872232609e-23,1.994920465995355,0.299961602194713,0.5289327493720075
1130.3999999999999,6.183377324807249e-23,1.9951823838248546,0.2997135106968786,0.5287251817092931
1131.6,1.3798519995455678e-22,1.99544342057174,0.2994666036323766,0.5285191031605608
1132.8,1.6489230146529928e-22,1.9957035791607658,0.29922087767716504,0.5283145030516816
1134.0,1.260525343739098e-22,1.9959628625077743,0.29897632947953356,0.5281113707786075
1135.2,7.453054113599619e-23,1.9962212735202942,0.29873295566307606,0.5279096958060179
1136.3999999999999,1.6780278227165055e-23,1.9964788150959083,0.29849075278205367,0.5277094676810546
1137.6,-2.4520687034729338e-23,1.9967354901233076,0.29824971736086836,0.5275106760215409
1138.8,-2.4777260176658202e-23,1.9969913014819618,0.29800984587135737,0.5273133105220573
1140.0,-1.9425592718782567e-23,1.997246252041789,0.29777113474371025,0.5271173609501931
1141.2,-4.531491020722774e-24,1.9975003446637332,0.2975335803639506,0.5269228171484495
1142.3999999999999,1.0147444504177347e-23,1.9977535821993178,0.29729717908004194,0.5267296690305683
1143.6,1.0728090888595737e-23,1.9980059674909407,0.29706192719521046,0.5265379065852797
1144.8,1.0565713483151437e-23,1.9982575033720362,0.2968278209836149,0.5263475198700186
1146.0,6.028567080682904e-24,1.9985081926450907,0.2965948566003113,0.526158499184693
1147.2,5.340477292354262e-24,1.998758038052519,0.2963630300050147,0.5259708352936447
1148.3999999999999,4.824793241179526e-24,1.9990070424504438,0.296132337535282,0.5257845180806883
1149.6,4.272962427607275e-24,1.999255208661963,0.29590277541883175,0.5255995376853941
1150.8,3.476432352086368e-24,1.9995025395101738,0.29567433988338254,0.5254158842473329
1152.0,2.2266505150655493e-24,1.999749037818174,0.29544702715665316,0.5252335479060755
1153.2,1.3185255683749477e-24,1.9999947061818832,0.2952208327214946,0.5250525205522268
1154.3999999999999,1.1994280390174493e-24,2.0002395472759025,0.29499575231873487,0.52487279346994
1155.6,1.1098443928144376e-24,2.000483564048064,0.2947717825850701,0.5246943558373615
1156.8,9.935983928096542e-25,2.0007267592869677,0.2945489196351103,0.5245171980599577
1158.0,7.945138020468118e-25,2.000969135781214,0.2943271595834654,0.5243413105431949
1159.2,4.564143835696235e-25,2.0012106963194034,0.2941064985447454,0.5241666836925398
1160.3999999999999,3.4025988749282005e-25,2.001451443190024,0.29388693115615205,0.523993311717382
1161.6,3.316360475079236e-25,2.0016913792514983,0.29366845373856215,0.5238211844921066
1162.8,3.1962071873587213e-25,2.0019305073580638,0.29345106260048426,0.5236502919229444
1164.0,2.88463442933087e-25,2.0021688302498526,0.2932347537133487,0.5234806247840105
1165.2,2.2241376185598946e-25,2.0024063506669987,0.2930195230485857,0.5233121738494196
1166.3999999999999,1.0882101731768283e-25,2.0026430713366308,0.29280536654586103,0.5231449299901776
1167.6,1.0112618941677022e-25,2.002878994289088,0.2925922784428338,0.5229788892688305
1168.8,9.49074258355409e-26,2.0031141226364992,0.29238025561958497,0.522814039687884
1170.0,8.675999755313354e-26,2.003348459067204,0.2921692939210334,0.5226503724073446
1171.2,7.327917554868676e-26,2.0035820062695437,0.29195938919209785,0.5224878785872186
1172.3999999999999,5.106023080134447e-26,2.0038147669318573,0.29175053727769723,0.5223265493875126
1173.6,2.5698245635886744e-26,2.0040467435497082,0.2915427336913193,0.5221663773606093
1174.8,2.0238446124473488e-26,2.0042779382448725,0.2913359733038251,0.5220073577586339
1176.0,1.6014148244178732e-26,2.004508354032606,0.2911302525221771,0.5218494793803892
1177.2,1.2700535663282985e-26,2.004737993535275,0.2909255670778718,0.5216927338623802
1178.3999999999999,1.0019523708561719e-26,2.004966859374247,0.290721912700685,0.5215371128483423
1179.6,7.739759365283465e-27,2.005194954169888,0.2905192851186711,0.5213826079892399
1180.8,5.676621277212802e-27,2.0054222805415627,0.290317680058164,0.5212292109432681
1182.0,3.692219746608253e-27,2.005648841107636,0.29011709324377655,0.5210769133758522
1183.2,1.695396734222849e-27,2.005874638485469,0.28991752039840035,0.5209257069596462
1184.3999999999999,-3.2621431529373017e-28,2.0060996750228854,0.2897189570012287,0.5207755852405404
1185.6,-2.3009617594192325e-27,2.006323952754389,0.28952139824830647,0.5206265439418738
1186.8,-4.2302483437293956e-27,2.00654747471683,0.28932484023806576,0.520478571822208
1188.0,-6.009910424697403e-27,2.0067702434532504,0.2891292786231513,0.5203316610717414
1189.2,-7.488541785619668e-27,2.0069922615014093,0.28893470905063057,0.52018580391764
1190.3999999999999,-8.467493636615657e-27,2.007213531393786,0.288741127161994,0.5200409926240366
1191.6,-8.700874614628567e-27,2.00743405565758,0.2885485285931547,0.5198972194920308
1192.8,-7.895550783424162e-27,2.007653836814709,0.28835690897444866,0.5197544768596902
1194.0,-5.711145633591633e-27,2.0078728773818106,0.2881662639306346,0.5196127571020489
1195.2,-3.65723285570081e-27,2.0080911796890533,0.2879765891537822,0.5194720538018308
1196.3999999999999,-4.59197672170917e-27,2.0083087459280144,0.28778788038400993,0.5193323614400697
1197.6,-5.495800952040021e-27,2.0085255788418306,0.2876001331318582,0.5191936709368742
1198.8,-6.276839514650637e-27,2.0087416808842358,0.2874133430165847,0.5190559750851084
1200.0,-6.824596079425282e-27,2.0089570545009514,0.28722750565296906,0.5189192667322596
