[{"data_set_value_component_environment_variable_time":0.0,"data_set_value_component_C2_variable_C2":0.001,"data_set_value_component_CP_variable_CP":0.001,"data_set_value_component_pM_variable_pM":0.001,"data_set_value_component_M_variable_M":0.001,"data_set_value_component_Y_variable_Y":0.001,"data_set_value_component_YP_variable_YP":0.001,"data_set_value_component_reaction_constants_variable_k1":0.00006,"data_set_value_component_reaction_constants_variable_k2":0.0,"data_set_value_component_reaction_constants_variable_k3":50000.0,"data_set_value_component_reaction_constants_variable_k4":180.0,"data_set_value_component_reaction_constants_variable_k5":0.0,"data_set_value_component_reaction_constants_variable_k6":1.0,"data_set_value_component_reaction_constants_variable_k7":0.6,"data_set_value_component_reaction_constants_variable_k8":100.0,"data_set_value_component_reaction_constants_variable_k9":100.0,"data_set_value_component_reaction_constants_variable_F":11.268,"data_set_value_component_reaction_constants_variable_aa":1.0,"data_set_value_component_reaction_constants_variable_P":1.0,"data_set_value_component_reaction_constants_variable_k4_":0.018,"data_set_value_component_reaction_constants_variable_CT":0.004,"data_set_value_component_reaction_constants_variable_YT":0.004,"data_set_value_component_reaction_constants_variable_YT_CT":1.0,"data_set_value_component_reaction_constants_variable_M_CT":0.25},{"data_set_value_component_environment_variable_time":0.1,"data_set_value_component_C2_variable_C2":0.0006299466,"data_set_value_component_CP_variable_CP":0.0006090594,"data_set_value_component_pM_variable_pM":0.0000354614,"data_set_value_component_M_variable_M":0.0027255327,"data_set_value_component_Y_variable_Y":0.0000412326,"data_set_value_component_YP_variable_YP":0.0011405379,"data_set_value_component_reaction_constants_variable_k1":0.00006,"data_set_value_component_reaction_constants_variable_k2":0.0,"data_set_value_component_reaction_constants_variable_k3":49999.9999999551,"data_set_value_component_reaction_constants_variable_k4":180.0,"data_set_value_component_reaction_constants_variable_k5":0.0,"data_set_value_component_reaction_constants_variable_k6":1.0,"data_set_value_component_reaction_constants_variable_k7":0.6,"data_set_value_component_reaction_constants_variable_k8":100.0,"data_set_value_component_reaction_constants_variable_k9":100.0,"data_set_value_component_reaction_constants_variable_F":83.5889429457,"data_set_value_component_reaction_constants_variable_aa":1.0,"data_set_value_component_reaction_constants_variable_P":1.0,"data_set_value_component_reaction_constants_variable_k4_":0.018,"data_set_value_component_reaction_constants_variable_CT":0.004,"data_set_value_component_reaction_constants_variable_YT":0.0039427645,"data_set_value_component_reaction_constants_variable_YT_CT":0.985691127,"data_set_value_component_reaction_constants_variable_M_CT":0.6813831641},{"data_set_value_component_environment_variable_time":0.2,"data_set_value_component_C2_variable_C2":0.0007365742,"data_set_value_component_CP_variable_CP":0.000723193,"data_set_value_component_pM_variable_pM":0.0000020453,"data_set_value_component_M_variable_M":0.0025381874,"data_set_value_component_Y_variable_Y":0.000003196,"data_set_value_component_YP_variable_YP":0.0013310313,"data_set_value_component_reaction_constants_variable_k1":0.00006,"data_set_value_component_reaction_constants_variable_k2":0.0,"data_set_value_component_reaction_constants_variable_k3":50000.0000012391,"data_set_value_component_reaction_constants_variable_k4":180.0,"data_set_value_component_reaction_constants_variable_k5":0.0,"data_set_value_component_reaction_constants_variable_k6":1.0,"data_set_value_component_reaction_constants_variable_k7":0.6,"data_set_value_component_reaction_constants_variable_k8":100.0,"data_set_value_component_reaction_constants_variable_k9":100.0,"data_set_value_component_reaction_constants_variable_F":72.494946006,"data_set_value_component_reaction_constants_variable_aa":1.0,"data_set_value_component_reaction_constants_variable_P":1.0,"data_set_value_component_reaction_constants_variable_k4_":0.018,"data_set_value_component_reaction_constants_variable_CT":0.004,"data_set_value_component_reaction_constants_variable_YT":0.00387446,"data_set_value_component_reaction_constants_variable_YT_CT":0.9686149976,"data_set_value_component_reaction_constants_variable_M_CT":0.6345468462},{"data_set_value_component_environment_variable_time":0.3,"data_set_value_component_C2_variable_C2":0.0008530164,"data_set_value_component_CP_variable_CP":0.000841112,"data_set_value_component_pM_variable_pM":0.0000010743,"data_set_value_component_M_variable_M":0.0023047973,"data_set_value_component_Y_variable_Y":0.0000015372,"data_set_value_component_YP_variable_YP":0.0014883066,"data_set_value_component_reaction_constants_variable_k1":0.00006,"data_set_value_component_reaction_constants_variable_k2":0.0,"data_set_value_component_reaction_constants_variable_k3":50000.000001972,"data_set_value_component_reaction_constants_variable_k4":180.0,"data_set_value_component_reaction_constants_variable_k5":0.0,"data_set_value_component_reaction_constants_variable_k6":1.0,"data_set_value_component_reaction_constants_variable_k7":0.6,"data_set_value_component_reaction_constants_variable_k8":100.0,"data_set_value_component_reaction_constants_variable_k9":100.0,"data_set_value_component_reaction_constants_variable_F":59.7790172789,"data_set_value_component_reaction_constants_variable_aa":1.0,"data_set_value_component_reaction_constants_variable_P":1.0,"data_set_value_component_reaction_constants_variable_k4_":0.018,"data_set_value_component_reaction_constants_variable_CT":0.004,"data_set_value_component_reaction_constants_variable_YT":0.0037957155,"data_set_value_component_reaction_constants_variable_YT_CT":0.9489288657,"data_set_value_component_reaction_constants_variable_M_CT":0.5761993158},{"data_set_value_component_environment_variable_time":0.4,"data_set_value_component_C2_variable_C2":0.000959187,"data_set_value_component_CP_variable_CP":0.0009483659,"data_set_value_component_pM_variable_pM":0.0000011661,"data_set_value_component_M_variable_M":0.0020912809,"data_set_value_component_Y_variable_Y":0.0000013326,"data_set_value_component_YP_variable_YP":0.0016146995,"data_set_value_component_reaction_constants_variable_k1":0.00006,"data_set_value_component_reaction_constants_variable_k2":0.0,"data_set_value_component_reaction_constants_variable_k3":50000.0000004936,"data_set_value_component_reaction_constants_variable_k4":180.0,"data_set_value_component_reaction_constants_variable_k5":0.0,"data_set_value_component_reaction_constants_variable_k6":1.0,"data_set_value_component_reaction_constants_variable_k7":0.6,"data_set_value_component_reaction_constants_variable_k8":100.0,"data_set_value_component_reaction_constants_variable_k9":100.0,"data_set_value_component_reaction_constants_variable_F":49.219378751,"data_set_value_component_reaction_constants_variable_aa":1.0,"data_set_value_component_reaction_constants_variable_P":1.0,"data_set_value_component_reaction_constants_variable_k4_":0.018,"data_set_value_component_reaction_constants_variable_CT":0.004,"data_set_value_component_reaction_constants_variable_YT":0.0037084791,"data_set_value_component_reaction_constants_variable_YT_CT":0.9271197816,"data_set_value_component_reaction_constants_variable_M_CT":0.5228202302},{"data_set_value_component_environment_variable_time":0.5,"data_set_value_component_C2_variable_C2":0.001055254,"data_set_value_component_CP_variable_CP":0.0010454112,"data_set_value_component_pM_variable_pM":0.00000154,"data_set_value_component_M_variable_M":0.0018977948,"data_set_value_component_Y_variable_Y":0.0000011506,"data_set_value_component_YP_variable_YP":0.0017140062,"data_set_value_component_reaction_constants_variable_k1":0.00006,"data_set_value_component_reaction_constants_variable_k2":0.0,"data_set_value_component_reaction_constants_variable_k3":50000.0000035183,"data_set_value_component_reaction_constants_variable_k4":180.0,"data_set_value_component_reaction_constants_variable_k5":0.0,"data_set_value_component_reaction_constants_variable_k6":1.0,"data_set_value_component_reaction_constants_variable_k7":0.6,"data_set_value_component_reaction_constants_variable_k8":100.0,"data_set_value_component_reaction_constants_variable_k9":100.0,"data_set_value_component_reaction_constants_variable_F":40.5362829568,"data_set_value_component_reaction_constants_variable_aa":1.0,"data_set_value_component_reaction_constants_variable_P":1.0,"data_set_value_component_reaction_constants_variable_k4_":0.018,"data_set_value_component_reaction_constants_variable_CT":0.004,"data_set_value_component_reaction_constants_variable_YT":0.0036144916,"data_set_value_component_reaction_constants_variable_YT_CT":0.9036228967,"data_set_value_component_reaction_constants_variable_M_CT":0.4744487032},{"data_set_value_component_environment_variable_time":0.6,"data_set_value_component_C2_variable_C2":0.0011421805,"data_set_value_component_CP_variable_CP":0.0011332229,"data_set_value_component_pM_variable_pM":0.0000016247,"data_set_value_component_M_variable_M":0.0017229718,"data_set_value_component_Y_variable_Y":0.0000009964,"data_set_value_component_YP_variable_YP":0.001789678,"data_set_value_component_reaction_constants_variable_k1":0.00006,"data_set_value_component_reaction_constants_variable_k2":0.0,"data_set_value_component_reaction_constants_variable_k3":49999.9999949028,"data_set_value_component_reaction_constants_variable_k4":180.0,"data_set_value_component_reaction_constants_variable_k5":0.0,"data_set_value_component_reaction_constants_variable_k6":1.0,"data_set_value_component_reaction_constants_variable_k7":0.6,"data_set_value_component_reaction_constants_variable_k8":100.0,"data_set_value_component_reaction_constants_variable_k9":100.0,"data_set_value_component_reaction_constants_variable_F":33.4151097589,"data_set_value_component_reaction_constants_variable_aa":1.0,"data_set_value_component_reaction_constants_variable_P":1.0,"data_set_value_component_reaction_constants_variable_k4_":0.018,"data_set_value_component_reaction_constants_variable_CT":0.004,"data_set_value_component_reaction_constants_variable_YT":0.0035152711,"data_set_value_component_reaction_constants_variable_YT_CT":0.878817764,"data_set_value_component_reaction_constants_variable_M_CT":0.4307429612},{"data_set_value_component_environment_variable_time":0.7,"data_set_value_component_C2_variable_C2":0.0012208759,"data_set_value_component_CP_variable_CP":0.0012126943,"data_set_value_component_pM_variable_pM":0.0000022808,"data_set_value_component_M_variable_M":0.001564149,"data_set_value_component_Y_variable_Y":0.0000009419,"data_set_value_component_YP_variable_YP":0.0018447701,"data_set_value_component_reaction_constants_variable_k1":0.00006,"data_set_value_component_reaction_constants_variable_k2":0.0,"data_set_value_component_reaction_constants_variable_k3":49999.9999979211,"data_set_value_component_reaction_constants_variable_k4":180.0,"data_set_value_component_reaction_constants_variable_k5":0.0,"data_set_value_component_reaction_constants_variable_k6":1.0,"data_set_value_component_reaction_constants_variable_k7":0.6,"data_set_value_component_reaction_constants_variable_k8":100.0,"data_set_value_component_reaction_constants_variable_k9":100.0,"data_set_value_component_reaction_constants_variable_F":27.5418231375,"data_set_value_component_reaction_constants_variable_aa":1.0,"data_set_value_component_reaction_constants_variable_P":1.0,"data_set_value_component_reaction_constants_variable_k4_":0.018,"data_set_value_component_reaction_constants_variable_CT":0.004,"data_set_value_component_reaction_constants_variable_YT":0.0034121418,"data_set_value_component_reaction_constants_variable_YT_CT":0.8530354409,"data_set_value_component_reaction_constants_variable_M_CT":0.391037247},{"data_set_value_component_environment_variable_time":0.8,"data_set_value_component_C2_variable_C2":0.0012920242,"data_set_value_component_CP_variable_CP":0.001284596,"data_set_value_component_pM_variable_pM":0.0000021957,"data_set_value_component_M_variable_M":0.0014211842,"data_set_value_component_Y_variable_Y":0.0000008403,"data_set_value_component_YP_variable_YP":0.0018820349,"data_set_value_component_reaction_constants_variable_k1":0.00006,"data_set_value_component_reaction_constants_variable_k2":0.0,"data_set_value_component_reaction_constants_variable_k3":49999.9999809678,"data_set_value_component_reaction_constants_variable_k4":180.0,"data_set_value_component_reaction_constants_variable_k5":0.0,"data_set_value_component_reaction_constants_variable_k6":1.0,"data_set_value_component_reaction_constants_variable_k7":0.6,"data_set_value_component_reaction_constants_variable_k8":100.0,"data_set_value_component_reaction_constants_variable_k9":100.0,"data_set_value_component_reaction_constants_variable_F":22.7403505957,"data_set_value_component_reaction_constants_variable_aa":1.0,"data_set_value_component_reaction_constants_variable_P":1.0,"data_set_value_component_reaction_constants_variable_k4_":0.018,"data_set_value_component_reaction_constants_variable_CT":0.004,"data_set_value_component_reaction_constants_variable_YT":0.0033062551,"data_set_value_component_reaction_constants_variable_YT_CT":0.8265637681,"data_set_value_component_reaction_constants_variable_M_CT":0.3552960471},{"data_set_value_component_environment_variable_time":0.9,"data_set_value_component_C2_variable_C2":0.001356396,"data_set_value_component_CP_variable_CP":0.0013496083,"data_set_value_component_pM_variable_pM":0.0000034407,"data_set_value_component_M_variable_M":0.001290555,"data_set_value_component_Y_variable_Y":0.0000007532,"data_set_value_component_YP_variable_YP":0.0019038576,"data_set_value_component_reaction_constants_variable_k1":0.00006,"data_set_value_component_reaction_constants_variable_k2":0.0,"data_set_value_component_reaction_constants_variable_k3":49999.9999862375,"data_set_value_component_reaction_constants_variable_k4":180.0,"data_set_value_component_reaction_constants_variable_k5":0.0,"data_set_value_component_reaction_constants_variable_k6":1.0,"data_set_value_component_reaction_constants_variable_k7":0.6,"data_set_value_component_reaction_constants_variable_k8":100.0,"data_set_value_component_reaction_constants_variable_k9":100.0,"data_set_value_component_reaction_constants_variable_F":18.7552372949,"data_set_value_component_reaction_constants_variable_aa":1.0,"data_set_value_component_reaction_constants_variable_P":1.0,"data_set_value_component_reaction_constants_variable_k4_":0.018,"data_set_value_component_reaction_constants_variable_CT":0.004,"data_set_value_component_reaction_constants_variable_YT":0.0031986065,"data_set_value_component_reaction_constants_variable_YT_CT":0.7996516223,"data_set_value_component_reaction_constants_variable_M_CT":0.3226387496},{"data_set_value_component_environment_variable_time":1.0,"data_set_value_component_C2_variable_C2":0.0014147256,"data_set_value_component_CP_variable_CP":0.0014085259,"data_set_value_component_pM_variable_pM":0.0000032325,"data_set_value_component_M_variable_M":0.0011735161,"data_set_value_component_Y_variable_Y":0.0000008822,"data_set_value_component_YP_variable_YP":0.0019124262,"data_set_value_component_reaction_constants_variable_k1":0.00006,"data_set_value_component_reaction_constants_variable_k2":0.0,"data_set_value_component_reaction_constants_variable_k3":49999.9999783758,"data_set_value_component_reaction_constants_variable_k4":180.0,"data_set_value_component_reaction_constants_variable_k5":0.0,"data_set_value_component_reaction_constants_variable_k6":1.0,"data_set_value_component_reaction_constants_variable_k7":0.6,"data_set_value_component_reaction_constants_variable_k8":100.0,"data_set_value_component_reaction_constants_variable_k9":100.0,"data_set_value_component_reaction_constants_variable_F":15.5108245857,"data_set_value_component_reaction_constants_variable_aa":1.0,"data_set_value_component_reaction_constants_variable_P":1.0,"data_set_value_component_reaction_constants_variable_k4_":0.018,"data_set_value_component_reaction_constants_variable_CT":0.004,"data_set_value_component_reaction_constants_variable_YT":0.003090057,"data_set_value_component_reaction_constants_variable_YT_CT":0.7725142485,"data_set_value_component_reaction_constants_variable_M_CT":0.2933790171}]