[{"data_generator_INA":0.0,"data_generator_T":0.0},{"data_generator_INA":-0.0001179553,"data_generator_T":0.079999998},{"data_generator_INA":-0.0001327506,"data_generator_T":0.16},{"data_generator_INA":-0.0001364292,"data_generator_T":0.23999999},{"data_generator_INA":-0.0001392803,"data_generator_T":0.31999999},{"data_generator_INA":-0.0001419409,"data_generator_T":0.40000001},{"data_generator_INA":-0.0001444568,"data_generator_T":0.47999999},{"data_generator_INA":-0.0001468381,"data_generator_T":0.56},{"data_generator_INA":-0.0001490923,"data_generator_T":0.63999999},{"data_generator_INA":-0.0001512264,"data_generator_T":0.72000003},{"data_generator_INA":-0.000153247,"data_generator_T":0.80000001},{"data_generator_INA":-0.0001551605,"data_generator_T":0.88},{"data_generator_INA":-0.0001569727,"data_generator_T":0.95999998},{"data_generator_INA":-0.0001586892,"data_generator_T":1.04},{"data_generator_INA":-0.0001603153,"data_generator_T":1.12},{"data_generator_INA":-0.000161856,"data_generator_T":1.2},{"data_generator_INA":-0.0001633158,"data_generator_T":1.28},{"data_generator_INA":-0.0001646994,"data_generator_T":1.36},{"data_generator_INA":-0.0001660108,"data_generator_T":1.4400001},{"data_generator_INA":-0.000167254,"data_generator_T":1.52},{"data_generator_INA":-0.0001684327,"data_generator_T":1.6},{"data_generator_INA":-0.0001695505,"data_generator_T":1.6799999},{"data_generator_INA":-0.0001706107,"data_generator_T":1.76},{"data_generator_INA":-0.0001716163,"data_generator_T":1.84},{"data_generator_INA":-0.0001725705,"data_generator_T":1.92},{"data_generator_INA":-0.0001734759,"data_generator_T":2.0},{"data_generator_INA":-0.0001743352,"data_generator_T":2.0799999},{"data_generator_INA":-0.0001751509,"data_generator_T":2.1600001},{"data_generator_INA":-0.0001759254,"data_generator_T":2.24},{"data_generator_INA":-0.0001766609,"data_generator_T":2.3199999},{"data_generator_INA":-0.0001773595,"data_generator_T":2.4000001},{"data_generator_INA":-0.0001780232,"data_generator_T":2.48},{"data_generator_INA":-0.0001786538,"data_generator_T":2.5599999},{"data_generator_INA":-0.0001792531,"data_generator_T":2.6400001},{"data_generator_INA":-0.0001798228,"data_generator_T":2.72},{"data_generator_INA":-0.0001803645,"data_generator_T":2.8},{"data_generator_INA":-0.0001808797,"data_generator_T":2.8800001},{"data_generator_INA":-0.0001813697,"data_generator_T":2.96},{"data_generator_INA":-0.000181836,"data_generator_T":3.04},{"data_generator_INA":-0.0001822797,"data_generator_T":3.1199999},{"data_generator_INA":-0.000182702,"data_generator_T":3.2},{"data_generator_INA":-0.0001831042,"data_generator_T":3.28},{"data_generator_INA":-0.0001834872,"data_generator_T":3.3599999},{"data_generator_INA":-0.0001838521,"data_generator_T":3.4400001},{"data_generator_INA":-0.0001841997,"data_generator_T":3.52},{"data_generator_INA":-0.0001845311,"data_generator_T":3.5999999},{"data_generator_INA":-0.000184847,"data_generator_T":3.6800001},{"data_generator_INA":-0.0001851482,"data_generator_T":3.76},{"data_generator_INA":-0.0001854355,"data_generator_T":3.8399999},{"data_generator_INA":-0.0001857097,"data_generator_T":3.9200001},{"data_generator_INA":-0.0001859713,"data_generator_T":4.0},{"data_generator_INA":-0.0001862211,"data_generator_T":4.0799999},{"data_generator_INA":-0.0001864597,"data_generator_T":4.1599998},{"data_generator_INA":-0.0001866875,"data_generator_T":4.2399998},{"data_generator_INA":-0.0001869052,"data_generator_T":4.3200002},{"data_generator_INA":-0.0001871133,"data_generator_T":4.4000001},{"data_generator_INA":-0.0001873122,"data_generator_T":4.48},{"data_generator_INA":-0.0001875024,"data_generator_T":4.5599999},{"data_generator_INA":-0.0001876844,"data_generator_T":4.6399999},{"data_generator_INA":-0.0001878586,"data_generator_T":4.7199998},{"data_generator_INA":-0.0001880252,"data_generator_T":4.8000002},{"data_generator_INA":-0.0001881849,"data_generator_T":4.8800001},{"data_generator_INA":-0.0001883377,"data_generator_T":4.96},{"data_generator_INA":-140.24745,"data_generator_T":5.04},{"data_generator_INA":-150.90039,"data_generator_T":5.1199999},{"data_generator_INA":-128.26216,"data_generator_T":5.1999998},{"data_generator_INA":-109.54695,"data_generator_T":5.2800002},{"data_generator_INA":-94.14476,"data_generator_T":5.3600001},{"data_generator_INA":-81.467308,"data_generator_T":5.4400001},{"data_generator_INA":-71.030594,"data_generator_T":5.52},{"data_generator_INA":-62.4366,"data_generator_T":5.5999999},{"data_generator_INA":-55.358013,"data_generator_T":5.6799998},{"data_generator_INA":-49.525665,"data_generator_T":5.7600002},{"data_generator_INA":-44.718204,"data_generator_T":5.8400002},{"data_generator_INA":-40.753605,"data_generator_T":5.9200001},{"data_generator_INA":-37.482166,"data_generator_T":6.0},{"data_generator_INA":-34.780792,"data_generator_T":6.0799999},{"data_generator_INA":-32.548248,"data_generator_T":6.1599998},{"data_generator_INA":-30.701284,"data_generator_T":6.2399998},{"data_generator_INA":-29.171444,"data_generator_T":6.3200002},{"data_generator_INA":-27.902424,"data_generator_T":6.4000001},{"data_generator_INA":-26.847929,"data_generator_T":6.48},{"data_generator_INA":-25.969883,"data_generator_T":6.5599999},{"data_generator_INA":-25.236979,"data_generator_T":6.6399999},{"data_generator_INA":-24.623466,"data_generator_T":6.7199998},{"data_generator_INA":-24.108173,"data_generator_T":6.8000002},{"data_generator_INA":-23.673685,"data_generator_T":6.8800001},{"data_generator_INA":-23.305683,"data_generator_T":6.96},{"data_generator_INA":-22.992392,"data_generator_T":7.04},{"data_generator_INA":-22.724125,"data_generator_T":7.1199999},{"data_generator_INA":-22.492922,"data_generator_T":7.1999998},{"data_generator_INA":-22.292231,"data_generator_T":7.2800002},{"data_generator_INA":-22.116667,"data_generator_T":7.3600001},{"data_generator_INA":-21.961802,"data_generator_T":7.4400001},{"data_generator_INA":-21.823992,"data_generator_T":7.52},{"data_generator_INA":-21.700241,"data_generator_T":7.5999999},{"data_generator_INA":-21.588087,"data_generator_T":7.6799998},{"data_generator_INA":-21.485502,"data_generator_T":7.7600002},{"data_generator_INA":-21.390823,"data_generator_T":7.8400002},{"data_generator_INA":-21.302677,"data_generator_T":7.9200001},{"data_generator_INA":-21.219938,"data_generator_T":8.0},{"data_generator_INA":-21.141678,"data_generator_T":8.0799999},{"data_generator_INA":-21.067137,"data_generator_T":8.1599998},{"data_generator_INA":-20.995684,"data_generator_T":8.2399998},{"data_generator_INA":-20.926807,"data_generator_T":8.3199997},{"data_generator_INA":-20.860081,"data_generator_T":8.3999996},{"data_generator_INA":-20.795156,"data_generator_T":8.4799995},{"data_generator_INA":-20.731745,"data_generator_T":8.5600004},{"data_generator_INA":-20.669613,"data_generator_T":8.6400003},{"data_generator_INA":-20.608564,"data_generator_T":8.7200003},{"data_generator_INA":-20.548441,"data_generator_T":8.8000002},{"data_generator_INA":-20.489107,"data_generator_T":8.8800001},{"data_generator_INA":-20.43046,"data_generator_T":8.96},{"data_generator_INA":-20.372406,"data_generator_T":9.04},{"data_generator_INA":-20.314873,"data_generator_T":9.1199999},{"data_generator_INA":-20.257801,"data_generator_T":9.1999998},{"data_generator_INA":-20.201141,"data_generator_T":9.2799997},{"data_generator_INA":-20.14485,"data_generator_T":9.3599997},{"data_generator_INA":-20.088894,"data_generator_T":9.4399996},{"data_generator_INA":-20.033247,"data_generator_T":9.5200005},{"data_generator_INA":-19.977884,"data_generator_T":9.6000004},{"data_generator_INA":-19.922787,"data_generator_T":9.6800003},{"data_generator_INA":-19.867939,"data_generator_T":9.7600002},{"data_generator_INA":-19.813328,"data_generator_T":9.8400002},{"data_generator_INA":-19.758942,"data_generator_T":9.9200001},{"data_generator_INA":-19.704773,"data_generator_T":10.0},{"data_generator_INA":-19.650814,"data_generator_T":10.08},{"data_generator_INA":-19.597057,"data_generator_T":10.16},{"data_generator_INA":-19.543497,"data_generator_T":10.24},{"data_generator_INA":-19.490131,"data_generator_T":10.32},{"data_generator_INA":-19.436954,"data_generator_T":10.4},{"data_generator_INA":-19.383965,"data_generator_T":10.48},{"data_generator_INA":-19.331156,"data_generator_T":10.56},{"data_generator_INA":-19.27853,"data_generator_T":10.64},{"data_generator_INA":-19.226082,"data_generator_T":10.72},{"data_generator_INA":-19.173813,"data_generator_T":10.8},{"data_generator_INA":-19.121717,"data_generator_T":10.88},{"data_generator_INA":-19.069798,"data_generator_T":10.96},{"data_generator_INA":-19.018051,"data_generator_T":11.04},{"data_generator_INA":-18.966475,"data_generator_T":11.12},{"data_generator_INA":-18.915071,"data_generator_T":11.2},{"data_generator_INA":-18.863836,"data_generator_T":11.28},{"data_generator_INA":-18.812773,"data_generator_T":11.36},{"data_generator_INA":-18.761875,"data_generator_T":11.44},{"data_generator_INA":-18.711147,"data_generator_T":11.52},{"data_generator_INA":-18.660585,"data_generator_T":11.6},{"data_generator_INA":-18.610189,"data_generator_T":11.68},{"data_generator_INA":-18.559959,"data_generator_T":11.76},{"data_generator_INA":-18.509893,"data_generator_T":11.84},{"data_generator_INA":-18.459993,"data_generator_T":11.92},{"data_generator_INA":-18.410257,"data_generator_T":12.0},{"data_generator_INA":-18.360683,"data_generator_T":12.08},{"data_generator_INA":-18.311272,"data_generator_T":12.16},{"data_generator_INA":-18.262022,"data_generator_T":12.24},{"data_generator_INA":-18.212934,"data_generator_T":12.32},{"data_generator_INA":-18.164007,"data_generator_T":12.4},{"data_generator_INA":-18.115242,"data_generator_T":12.48},{"data_generator_INA":-18.066635,"data_generator_T":12.56},{"data_generator_INA":-18.018187,"data_generator_T":12.64},{"data_generator_INA":-17.969898,"data_generator_T":12.72},{"data_generator_INA":-17.921768,"data_generator_T":12.8},{"data_generator_INA":-17.873795,"data_generator_T":12.88},{"data_generator_INA":-17.825979,"data_generator_T":12.96},{"data_generator_INA":-17.77832,"data_generator_T":13.04},{"data_generator_INA":-17.730818,"data_generator_T":13.12},{"data_generator_INA":-17.68347,"data_generator_T":13.2},{"data_generator_INA":-17.636278,"data_generator_T":13.28},{"data_generator_INA":-17.589241,"data_generator_T":13.36},{"data_generator_INA":-17.542356,"data_generator_T":13.44},{"data_generator_INA":-17.495626,"data_generator_T":13.52},{"data_generator_INA":-17.449051,"data_generator_T":13.6},{"data_generator_INA":-17.402626,"data_generator_T":13.68},{"data_generator_INA":-17.356354,"data_generator_T":13.76},{"data_generator_INA":-17.310234,"data_generator_T":13.84},{"data_generator_INA":-17.264263,"data_generator_T":13.92},{"data_generator_INA":-17.218445,"data_generator_T":14.0},{"data_generator_INA":-17.172775,"data_generator_T":14.08},{"data_generator_INA":-17.127256,"data_generator_T":14.16},{"data_generator_INA":-17.081886,"data_generator_T":14.24},{"data_generator_INA":-17.036665,"data_generator_T":14.32},{"data_generator_INA":-16.991592,"data_generator_T":14.4},{"data_generator_INA":-16.946665,"data_generator_T":14.48},{"data_generator_INA":-16.901888,"data_generator_T":14.56},{"data_generator_INA":-16.857256,"data_generator_T":14.64},{"data_generator_INA":-16.812769,"data_generator_T":14.72},{"data_generator_INA":-16.768429,"data_generator_T":14.8},{"data_generator_INA":-16.724234,"data_generator_T":14.88},{"data_generator_INA":-16.680185,"data_generator_T":14.96},{"data_generator_INA":-16.636278,"data_generator_T":15.04},{"data_generator_INA":-16.592516,"data_generator_T":15.12},{"data_generator_INA":-16.548899,"data_generator_T":15.2},{"data_generator_INA":-16.505423,"data_generator_T":15.28},{"data_generator_INA":-16.46209,"data_generator_T":15.36},{"data_generator_INA":-16.418898,"data_generator_T":15.44},{"data_generator_INA":-16.375847,"data_generator_T":15.52},{"data_generator_INA":-16.332939,"data_generator_T":15.6},{"data_generator_INA":-16.290171,"data_generator_T":15.68},{"data_generator_INA":-16.247541,"data_generator_T":15.76},{"data_generator_INA":-16.205053,"data_generator_T":15.84},{"data_generator_INA":-16.162704,"data_generator_T":15.92},{"data_generator_INA":-16.120493,"data_generator_T":16.0},{"data_generator_INA":-16.078421,"data_generator_T":16.08},{"data_generator_INA":-16.036486,"data_generator_T":16.16},{"data_generator_INA":-15.994689,"data_generator_T":16.24},{"data_generator_INA":-15.953029,"data_generator_T":16.32},{"data_generator_INA":-15.911505,"data_generator_T":16.4},{"data_generator_INA":-15.870117,"data_generator_T":16.48},{"data_generator_INA":-15.828864,"data_generator_T":16.559999},{"data_generator_INA":-15.787747,"data_generator_T":16.639999},{"data_generator_INA":-15.746765,"data_generator_T":16.719999},{"data_generator_INA":-15.705916,"data_generator_T":16.799999},{"data_generator_INA":-15.665202,"data_generator_T":16.879999},{"data_generator_INA":-15.62462,"data_generator_T":16.959999},{"data_generator_INA":-15.584172,"data_generator_T":17.040001},{"data_generator_INA":-15.543857,"data_generator_T":17.120001},{"data_generator_INA":-15.503674,"data_generator_T":17.200001},{"data_generator_INA":-15.463621,"data_generator_T":17.280001},{"data_generator_INA":-15.4237,"data_generator_T":17.360001},{"data_generator_INA":-15.38391,"data_generator_T":17.440001},{"data_generator_INA":-15.344251,"data_generator_T":17.52},{"data_generator_INA":-15.304721,"data_generator_T":17.6},{"data_generator_INA":-15.265321,"data_generator_T":17.68},{"data_generator_INA":-15.226049,"data_generator_T":17.76},{"data_generator_INA":-15.186907,"data_generator_T":17.84},{"data_generator_INA":-15.147892,"data_generator_T":17.92},{"data_generator_INA":-15.109005,"data_generator_T":18.0},{"data_generator_INA":-15.070246,"data_generator_T":18.08},{"data_generator_INA":-15.031613,"data_generator_T":18.16},{"data_generator_INA":-14.993108,"data_generator_T":18.24},{"data_generator_INA":-14.954728,"data_generator_T":18.32},{"data_generator_INA":-14.916474,"data_generator_T":18.4},{"data_generator_INA":-14.878345,"data_generator_T":18.48},{"data_generator_INA":-14.840342,"data_generator_T":18.559999},{"data_generator_INA":-14.802463,"data_generator_T":18.639999},{"data_generator_INA":-14.764708,"data_generator_T":18.719999},{"data_generator_INA":-14.727077,"data_generator_T":18.799999},{"data_generator_INA":-14.689568,"data_generator_T":18.879999},{"data_generator_INA":-14.652183,"data_generator_T":18.959999},{"data_generator_INA":-14.61492,"data_generator_T":19.040001},{"data_generator_INA":-14.577779,"data_generator_T":19.120001},{"data_generator_INA":-14.540759,"data_generator_T":19.200001},{"data_generator_INA":-14.503861,"data_generator_T":19.280001},{"data_generator_INA":-14.467084,"data_generator_T":19.360001},{"data_generator_INA":-14.430428,"data_generator_T":19.440001},{"data_generator_INA":-14.393891,"data_generator_T":19.52},{"data_generator_INA":-14.357474,"data_generator_T":19.6},{"data_generator_INA":-14.321177,"data_generator_T":19.68},{"data_generator_INA":-14.284998,"data_generator_T":19.76},{"data_generator_INA":-14.248938,"data_generator_T":19.84},{"data_generator_INA":-14.212996,"data_generator_T":19.92},{"data_generator_INA":-14.177172,"data_generator_T":20.0},{"data_generator_INA":-14.141464,"data_generator_T":20.08},{"data_generator_INA":-14.105874,"data_generator_T":20.16},{"data_generator_INA":-14.070401,"data_generator_T":20.24},{"data_generator_INA":-14.035044,"data_generator_T":20.32},{"data_generator_INA":-13.999803,"data_generator_T":20.4},{"data_generator_INA":-13.964676,"data_generator_T":20.48},{"data_generator_INA":-13.929666,"data_generator_T":20.559999},{"data_generator_INA":-13.894769,"data_generator_T":20.639999},{"data_generator_INA":-13.859987,"data_generator_T":20.719999},{"data_generator_INA":-13.825319,"data_generator_T":20.799999},{"data_generator_INA":-13.790765,"data_generator_T":20.879999},{"data_generator_INA":-13.756323,"data_generator_T":20.959999},{"data_generator_INA":-13.721994,"data_generator_T":21.040001},{"data_generator_INA":-13.687778,"data_generator_T":21.120001},{"data_generator_INA":-13.653675,"data_generator_T":21.200001},{"data_generator_INA":-13.619682,"data_generator_T":21.280001},{"data_generator_INA":-13.585801,"data_generator_T":21.360001},{"data_generator_INA":-13.552032,"data_generator_T":21.440001},{"data_generator_INA":-13.518373,"data_generator_T":21.52},{"data_generator_INA":-13.484823,"data_generator_T":21.6},{"data_generator_INA":-13.451384,"data_generator_T":21.68},{"data_generator_INA":-13.418055,"data_generator_T":21.76},{"data_generator_INA":-13.384834,"data_generator_T":21.84},{"data_generator_INA":-13.351722,"data_generator_T":21.92},{"data_generator_INA":-13.318719,"data_generator_T":22.0},{"data_generator_INA":-13.285824,"data_generator_T":22.08},{"data_generator_INA":-13.253036,"data_generator_T":22.16},{"data_generator_INA":-13.220357,"data_generator_T":22.24},{"data_generator_INA":-13.187784,"data_generator_T":22.32},{"data_generator_INA":-13.155317,"data_generator_T":22.4},{"data_generator_INA":-13.122957,"data_generator_T":22.48},{"data_generator_INA":-13.090704,"data_generator_T":22.559999},{"data_generator_INA":-13.058556,"data_generator_T":22.639999},{"data_generator_INA":-13.026513,"data_generator_T":22.719999},{"data_generator_INA":-12.994575,"data_generator_T":22.799999},{"data_generator_INA":-12.962742,"data_generator_T":22.879999},{"data_generator_INA":-12.931012,"data_generator_T":22.959999},{"data_generator_INA":-12.899387,"data_generator_T":23.040001},{"data_generator_INA":-12.867866,"data_generator_T":23.120001},{"data_generator_INA":-12.836448,"data_generator_T":23.200001},{"data_generator_INA":-12.805132,"data_generator_T":23.280001},{"data_generator_INA":-12.773919,"data_generator_T":23.360001},{"data_generator_INA":-12.742808,"data_generator_T":23.440001},{"data_generator_INA":-12.7118,"data_generator_T":23.52},{"data_generator_INA":-12.680893,"data_generator_T":23.6},{"data_generator_INA":-12.650087,"data_generator_T":23.68},{"data_generator_INA":-12.619382,"data_generator_T":23.76},{"data_generator_INA":-12.588778,"data_generator_T":23.84},{"data_generator_INA":-12.558273,"data_generator_T":23.92},{"data_generator_INA":-12.527869,"data_generator_T":24.0},{"data_generator_INA":-12.497564,"data_generator_T":24.08},{"data_generator_INA":-12.46736,"data_generator_T":24.16},{"data_generator_INA":-12.437253,"data_generator_T":24.24},{"data_generator_INA":-12.407246,"data_generator_T":24.32},{"data_generator_INA":-12.377336,"data_generator_T":24.4},{"data_generator_INA":-12.347524,"data_generator_T":24.48},{"data_generator_INA":-12.31781,"data_generator_T":24.559999},{"data_generator_INA":-12.288194,"data_generator_T":24.639999},{"data_generator_INA":-12.258675,"data_generator_T":24.719999},{"data_generator_INA":-12.229251,"data_generator_T":24.799999},{"data_generator_INA":-12.199924,"data_generator_T":24.879999},{"data_generator_INA":-12.170694,"data_generator_T":24.959999},{"data_generator_INA":-12.14156,"data_generator_T":25.040001},{"data_generator_INA":-12.11252,"data_generator_T":25.120001},{"data_generator_INA":-12.083576,"data_generator_T":25.200001},{"data_generator_INA":-12.054727,"data_generator_T":25.280001},{"data_generator_INA":-12.025972,"data_generator_T":25.360001},{"data_generator_INA":-11.997312,"data_generator_T":25.440001},{"data_generator_INA":-11.968745,"data_generator_T":25.52},{"data_generator_INA":-11.940271,"data_generator_T":25.6},{"data_generator_INA":-11.911892,"data_generator_T":25.68},{"data_generator_INA":-11.883605,"data_generator_T":25.76},{"data_generator_INA":-11.855411,"data_generator_T":25.84},{"data_generator_INA":-11.827309,"data_generator_T":25.92},{"data_generator_INA":-11.799298,"data_generator_T":26.0},{"data_generator_INA":-11.77138,"data_generator_T":26.08},{"data_generator_INA":-11.743554,"data_generator_T":26.16},{"data_generator_INA":-11.715818,"data_generator_T":26.24},{"data_generator_INA":-11.688173,"data_generator_T":26.32},{"data_generator_INA":-11.66062,"data_generator_T":26.4},{"data_generator_INA":-11.633156,"data_generator_T":26.48},{"data_generator_INA":-11.605782,"data_generator_T":26.559999},{"data_generator_INA":-11.578498,"data_generator_T":26.639999},{"data_generator_INA":-11.551303,"data_generator_T":26.719999},{"data_generator_INA":-11.524197,"data_generator_T":26.799999},{"data_generator_INA":-11.49718,"data_generator_T":26.879999},{"data_generator_INA":-11.470251,"data_generator_T":26.959999},{"data_generator_INA":-11.443411,"data_generator_T":27.040001},{"data_generator_INA":-11.416658,"data_generator_T":27.120001},{"data_generator_INA":-11.389994,"data_generator_T":27.200001},{"data_generator_INA":-11.363417,"data_generator_T":27.280001},{"data_generator_INA":-11.336926,"data_generator_T":27.360001},{"data_generator_INA":-11.310522,"data_generator_T":27.440001},{"data_generator_INA":-11.284205,"data_generator_T":27.52},{"data_generator_INA":-11.257975,"data_generator_T":27.6},{"data_generator_INA":-11.231829,"data_generator_T":27.68},{"data_generator_INA":-11.20577,"data_generator_T":27.76},{"data_generator_INA":-11.179796,"data_generator_T":27.84},{"data_generator_INA":-11.153907,"data_generator_T":27.92},{"data_generator_INA":-11.128102,"data_generator_T":28.0},{"data_generator_INA":-11.102383,"data_generator_T":28.08},{"data_generator_INA":-11.076748,"data_generator_T":28.16},{"data_generator_INA":-11.051196,"data_generator_T":28.24},{"data_generator_INA":-11.025729,"data_generator_T":28.32},{"data_generator_INA":-11.000344,"data_generator_T":28.4},{"data_generator_INA":-10.975043,"data_generator_T":28.48},{"data_generator_INA":-10.949825,"data_generator_T":28.559999},{"data_generator_INA":-10.924689,"data_generator_T":28.639999},{"data_generator_INA":-10.899636,"data_generator_T":28.719999},{"data_generator_INA":-10.874665,"data_generator_T":28.799999},{"data_generator_INA":-10.849775,"data_generator_T":28.879999},{"data_generator_INA":-10.824967,"data_generator_T":28.959999},{"data_generator_INA":-10.800241,"data_generator_T":29.040001},{"data_generator_INA":-10.775595,"data_generator_T":29.120001},{"data_generator_INA":-10.75103,"data_generator_T":29.200001},{"data_generator_INA":-10.726545,"data_generator_T":29.280001},{"data_generator_INA":-10.702142,"data_generator_T":29.360001},{"data_generator_INA":-10.677817,"data_generator_T":29.440001},{"data_generator_INA":-10.653572,"data_generator_T":29.52},{"data_generator_INA":-10.629407,"data_generator_T":29.6},{"data_generator_INA":-10.605321,"data_generator_T":29.68},{"data_generator_INA":-10.581314,"data_generator_T":29.76},{"data_generator_INA":-10.557385,"data_generator_T":29.84},{"data_generator_INA":-10.533535,"data_generator_T":29.92},{"data_generator_INA":-10.509763,"data_generator_T":30.0},{"data_generator_INA":-10.486069,"data_generator_T":30.08},{"data_generator_INA":-10.462452,"data_generator_T":30.16},{"data_generator_INA":-10.438913,"data_generator_T":30.24},{"data_generator_INA":-10.415451,"data_generator_T":30.32},{"data_generator_INA":-10.392066,"data_generator_T":30.4},{"data_generator_INA":-10.368757,"data_generator_T":30.48},{"data_generator_INA":-10.345525,"data_generator_T":30.559999},{"data_generator_INA":-10.322369,"data_generator_T":30.639999},{"data_generator_INA":-10.299288,"data_generator_T":30.719999},{"data_generator_INA":-10.276283,"data_generator_T":30.799999},{"data_generator_INA":-10.253354,"data_generator_T":30.879999},{"data_generator_INA":-10.230499,"data_generator_T":30.959999},{"data_generator_INA":-10.20772,"data_generator_T":31.040001},{"data_generator_INA":-10.185016,"data_generator_T":31.120001},{"data_generator_INA":-10.162385,"data_generator_T":31.200001},{"data_generator_INA":-10.139829,"data_generator_T":31.280001},{"data_generator_INA":-10.117346,"data_generator_T":31.360001},{"data_generator_INA":-10.094937,"data_generator_T":31.440001},{"data_generator_INA":-10.072602,"data_generator_T":31.52},{"data_generator_INA":-10.05034,"data_generator_T":31.6},{"data_generator_INA":-10.028151,"data_generator_T":31.68},{"data_generator_INA":-10.006034,"data_generator_T":31.76},{"data_generator_INA":-9.9839897,"data_generator_T":31.84},{"data_generator_INA":-9.9620171,"data_generator_T":31.92},{"data_generator_INA":-9.9401178,"data_generator_T":32.0},{"data_generator_INA":-9.9182892,"data_generator_T":32.080002},{"data_generator_INA":-9.8965321,"data_generator_T":32.16},{"data_generator_INA":-9.8748465,"data_generator_T":32.240002},{"data_generator_INA":-9.8532324,"data_generator_T":32.32},{"data_generator_INA":-9.8316889,"data_generator_T":32.400002},{"data_generator_INA":-9.810216,"data_generator_T":32.48},{"data_generator_INA":-9.7888126,"data_generator_T":32.560001},{"data_generator_INA":-9.7674799,"data_generator_T":32.639999},{"data_generator_INA":-9.7462177,"data_generator_T":32.720001},{"data_generator_INA":-9.7250242,"data_generator_T":32.799999},{"data_generator_INA":-9.7039003,"data_generator_T":32.880001},{"data_generator_INA":-9.6828461,"data_generator_T":32.959999},{"data_generator_INA":-9.6618605,"data_generator_T":33.040001},{"data_generator_INA":-9.6409435,"data_generator_T":33.119999},{"data_generator_INA":-9.6200953,"data_generator_T":33.200001},{"data_generator_INA":-9.5993147,"data_generator_T":33.279999},{"data_generator_INA":-9.5786028,"data_generator_T":33.360001},{"data_generator_INA":-9.5579586,"data_generator_T":33.439999},{"data_generator_INA":-9.5373821,"data_generator_T":33.52},{"data_generator_INA":-9.5168734,"data_generator_T":33.599998},{"data_generator_INA":-9.4964314,"data_generator_T":33.68},{"data_generator_INA":-9.4760561,"data_generator_T":33.759998},{"data_generator_INA":-9.4557486,"data_generator_T":33.84},{"data_generator_INA":-9.4355068,"data_generator_T":33.919998},{"data_generator_INA":-9.4153309,"data_generator_T":34.0},{"data_generator_INA":-9.3952217,"data_generator_T":34.080002},{"data_generator_INA":-9.3751783,"data_generator_T":34.16},{"data_generator_INA":-9.3552008,"data_generator_T":34.240002},{"data_generator_INA":-9.335288,"data_generator_T":34.32},{"data_generator_INA":-9.3154411,"data_generator_T":34.400002},{"data_generator_INA":-9.2956591,"data_generator_T":34.48},{"data_generator_INA":-9.2759418,"data_generator_T":34.560001},{"data_generator_INA":-9.2562885,"data_generator_T":34.639999},{"data_generator_INA":-9.2367001,"data_generator_T":34.720001},{"data_generator_INA":-9.2171764,"data_generator_T":34.799999},{"data_generator_INA":-9.1977158,"data_generator_T":34.880001},{"data_generator_INA":-9.1783199,"data_generator_T":34.959999},{"data_generator_INA":-14.006429,"data_generator_T":35.040001},{"data_generator_INA":-13.562532,"data_generator_T":35.119999},{"data_generator_INA":-13.292908,"data_generator_T":35.200001},{"data_generator_INA":-13.062863,"data_generator_T":35.279999},{"data_generator_INA":-12.844229,"data_generator_T":35.360001},{"data_generator_INA":-12.631052,"data_generator_T":35.439999},{"data_generator_INA":-12.42203,"data_generator_T":35.52},{"data_generator_INA":-12.216839,"data_generator_T":35.599998},{"data_generator_INA":-12.015357,"data_generator_T":35.68},{"data_generator_INA":-11.817507,"data_generator_T":35.759998},{"data_generator_INA":-11.623221,"data_generator_T":35.84},{"data_generator_INA":-11.432436,"data_generator_T":35.919998},{"data_generator_INA":-11.245089,"data_generator_T":36.0},{"data_generator_INA":-11.061116,"data_generator_T":36.080002},{"data_generator_INA":-10.88046,"data_generator_T":36.16},{"data_generator_INA":-10.703059,"data_generator_T":36.240002},{"data_generator_INA":-10.528857,"data_generator_T":36.32},{"data_generator_INA":-10.357795,"data_generator_T":36.400002},{"data_generator_INA":-10.189817,"data_generator_T":36.48},{"data_generator_INA":-10.024869,"data_generator_T":36.560001},{"data_generator_INA":-9.862895,"data_generator_T":36.639999},{"data_generator_INA":-9.7038431,"data_generator_T":36.720001},{"data_generator_INA":-9.5476599,"data_generator_T":36.799999},{"data_generator_INA":-9.3942947,"data_generator_T":36.880001},{"data_generator_INA":-9.2436972,"data_generator_T":36.959999},{"data_generator_INA":-9.0958176,"data_generator_T":37.040001},{"data_generator_INA":-8.9506073,"data_generator_T":37.119999},{"data_generator_INA":-8.8080177,"data_generator_T":37.200001},{"data_generator_INA":-8.6680021,"data_generator_T":37.279999},{"data_generator_INA":-8.5305147,"data_generator_T":37.360001},{"data_generator_INA":-8.3955107,"data_generator_T":37.439999},{"data_generator_INA":-8.2629452,"data_generator_T":37.52},{"data_generator_INA":-8.1327744,"data_generator_T":37.599998},{"data_generator_INA":-8.0049553,"data_generator_T":37.68},{"data_generator_INA":-7.8794456,"data_generator_T":37.759998},{"data_generator_INA":-7.7562041,"data_generator_T":37.84},{"data_generator_INA":-7.63519,"data_generator_T":37.919998},{"data_generator_INA":-7.5163641,"data_generator_T":38.0},{"data_generator_INA":-7.3996859,"data_generator_T":38.080002},{"data_generator_INA":-7.2851181,"data_generator_T":38.16},{"data_generator_INA":-7.1726222,"data_generator_T":38.240002},{"data_generator_INA":-7.0621614,"data_generator_T":38.32},{"data_generator_INA":-6.9536986,"data_generator_T":38.400002},{"data_generator_INA":-6.8471985,"data_generator_T":38.48},{"data_generator_INA":-6.7426257,"data_generator_T":38.560001},{"data_generator_INA":-6.639946,"data_generator_T":38.639999},{"data_generator_INA":-6.539125,"data_generator_T":38.720001},{"data_generator_INA":-6.4401293,"data_generator_T":38.799999},{"data_generator_INA":-6.3429265,"data_generator_T":38.880001},{"data_generator_INA":-6.2474842,"data_generator_T":38.959999},{"data_generator_INA":-6.1537709,"data_generator_T":39.040001},{"data_generator_INA":-6.0617557,"data_generator_T":39.119999},{"data_generator_INA":-5.9714079,"data_generator_T":39.200001},{"data_generator_INA":-5.8826976,"data_generator_T":39.279999},{"data_generator_INA":-5.7955956,"data_generator_T":39.360001},{"data_generator_INA":-5.7100725,"data_generator_T":39.439999},{"data_generator_INA":-5.6261005,"data_generator_T":39.52},{"data_generator_INA":-5.5436521,"data_generator_T":39.599998},{"data_generator_INA":-5.4626989,"data_generator_T":39.68},{"data_generator_INA":-5.3832145,"data_generator_T":39.759998},{"data_generator_INA":-5.3051729,"data_generator_T":39.84},{"data_generator_INA":-5.2285476,"data_generator_T":39.919998},{"data_generator_INA":-5.1533136,"data_generator_T":40.0},{"data_generator_INA":-5.0794458,"data_generator_T":40.080002},{"data_generator_INA":-5.0069199,"data_generator_T":40.16},{"data_generator_INA":-4.9357114,"data_generator_T":40.240002},{"data_generator_INA":-4.8657966,"data_generator_T":40.32},{"data_generator_INA":-4.7971525,"data_generator_T":40.400002},{"data_generator_INA":-4.7297559,"data_generator_T":40.48},{"data_generator_INA":-4.6635847,"data_generator_T":40.560001},{"data_generator_INA":-4.5986171,"data_generator_T":40.639999},{"data_generator_INA":-4.534831,"data_generator_T":40.720001},{"data_generator_INA":-4.4722056,"data_generator_T":40.799999},{"data_generator_INA":-4.4107194,"data_generator_T":40.880001},{"data_generator_INA":-4.3503523,"data_generator_T":40.959999},{"data_generator_INA":-4.2910843,"data_generator_T":41.040001},{"data_generator_INA":-4.2328959,"data_generator_T":41.119999},{"data_generator_INA":-4.1757665,"data_generator_T":41.200001},{"data_generator_INA":-4.1196785,"data_generator_T":41.279999},{"data_generator_INA":-4.0646119,"data_generator_T":41.360001},{"data_generator_INA":-4.0105495,"data_generator_T":41.439999},{"data_generator_INA":-3.9574723,"data_generator_T":41.52},{"data_generator_INA":-3.9053631,"data_generator_T":41.599998},{"data_generator_INA":-3.8542042,"data_generator_T":41.68},{"data_generator_INA":-3.8039787,"data_generator_T":41.759998},{"data_generator_INA":-3.7546697,"data_generator_T":41.84},{"data_generator_INA":-3.7062604,"data_generator_T":41.919998},{"data_generator_INA":-3.6587353,"data_generator_T":42.0},{"data_generator_INA":-3.6120777,"data_generator_T":42.080002},{"data_generator_INA":-3.5662725,"data_generator_T":42.16},{"data_generator_INA":-3.5213044,"data_generator_T":42.240002},{"data_generator_INA":-3.4771578,"data_generator_T":42.32},{"data_generator_INA":-3.4338186,"data_generator_T":42.400002},{"data_generator_INA":-3.3912716,"data_generator_T":42.48},{"data_generator_INA":-3.3495028,"data_generator_T":42.560001},{"data_generator_INA":-3.3084981,"data_generator_T":42.639999},{"data_generator_INA":-3.268244,"data_generator_T":42.720001},{"data_generator_INA":-3.2287269,"data_generator_T":42.799999},{"data_generator_INA":-3.1899331,"data_generator_T":42.880001},{"data_generator_INA":-3.15185,"data_generator_T":42.959999},{"data_generator_INA":-3.1144645,"data_generator_T":43.040001},{"data_generator_INA":-3.0777643,"data_generator_T":43.119999},{"data_generator_INA":-3.0417368,"data_generator_T":43.200001},{"data_generator_INA":-3.0063698,"data_generator_T":43.279999},{"data_generator_INA":-2.9716518,"data_generator_T":43.360001},{"data_generator_INA":-2.9375708,"data_generator_T":43.439999},{"data_generator_INA":-2.9041152,"data_generator_T":43.52},{"data_generator_INA":-2.871274,"data_generator_T":43.599998},{"data_generator_INA":-2.8390357,"data_generator_T":43.68},{"data_generator_INA":-2.80739,"data_generator_T":43.759998},{"data_generator_INA":-2.7763255,"data_generator_T":43.84},{"data_generator_INA":-2.7458322,"data_generator_T":43.919998},{"data_generator_INA":-2.7158997,"data_generator_T":44.0},{"data_generator_INA":-2.686518,"data_generator_T":44.080002},{"data_generator_INA":-2.6576767,"data_generator_T":44.16},{"data_generator_INA":-2.6293664,"data_generator_T":44.240002},{"data_generator_INA":-2.6015775,"data_generator_T":44.32},{"data_generator_INA":-2.5743005,"data_generator_T":44.400002},{"data_generator_INA":-2.5475261,"data_generator_T":44.48},{"data_generator_INA":-2.5212452,"data_generator_T":44.560001},{"data_generator_INA":-2.4954488,"data_generator_T":44.639999},{"data_generator_INA":-2.4701285,"data_generator_T":44.720001},{"data_generator_INA":-2.4452753,"data_generator_T":44.799999},{"data_generator_INA":-2.420881,"data_generator_T":44.880001},{"data_generator_INA":-2.3969371,"data_generator_T":44.959999},{"data_generator_INA":-2.3734355,"data_generator_T":45.040001},{"data_generator_INA":-2.3503685,"data_generator_T":45.119999},{"data_generator_INA":-2.3277278,"data_generator_T":45.200001},{"data_generator_INA":-2.3055058,"data_generator_T":45.279999},{"data_generator_INA":-2.283695,"data_generator_T":45.360001},{"data_generator_INA":-2.2622879,"data_generator_T":45.439999},{"data_generator_INA":-2.2412772,"data_generator_T":45.52},{"data_generator_INA":-2.2206559,"data_generator_T":45.599998},{"data_generator_INA":-2.2004166,"data_generator_T":45.68},{"data_generator_INA":-2.1805527,"data_generator_T":45.759998},{"data_generator_INA":-2.1610572,"data_generator_T":45.84},{"data_generator_INA":-2.1419234,"data_generator_T":45.919998},{"data_generator_INA":-2.1231449,"data_generator_T":46.0},{"data_generator_INA":-2.1047149,"data_generator_T":46.080002},{"data_generator_INA":-2.0866277,"data_generator_T":46.16},{"data_generator_INA":-2.0688765,"data_generator_T":46.240002},{"data_generator_INA":-2.0514555,"data_generator_T":46.32},{"data_generator_INA":-2.0343585,"data_generator_T":46.400002},{"data_generator_INA":-2.0175798,"data_generator_T":46.48},{"data_generator_INA":-2.0011137,"data_generator_T":46.560001},{"data_generator_INA":-1.9849542,"data_generator_T":46.639999},{"data_generator_INA":-1.9690961,"data_generator_T":46.720001},{"data_generator_INA":-1.9535336,"data_generator_T":46.799999},{"data_generator_INA":-1.9382615,"data_generator_T":46.880001},{"data_generator_INA":-1.9232745,"data_generator_T":46.959999},{"data_generator_INA":-1.9085675,"data_generator_T":47.040001},{"data_generator_INA":-1.8941352,"data_generator_T":47.119999},{"data_generator_INA":-1.8799728,"data_generator_T":47.200001},{"data_generator_INA":-1.8660753,"data_generator_T":47.279999},{"data_generator_INA":-1.8524379,"data_generator_T":47.360001},{"data_generator_INA":-1.8390558,"data_generator_T":47.439999},{"data_generator_INA":-1.8259244,"data_generator_T":47.52},{"data_generator_INA":-1.8130392,"data_generator_T":47.599998},{"data_generator_INA":-1.8003956,"data_generator_T":47.68},{"data_generator_INA":-1.7879893,"data_generator_T":47.759998},{"data_generator_INA":-1.7758158,"data_generator_T":47.84},{"data_generator_INA":-1.7638712,"data_generator_T":47.919998},{"data_generator_INA":-1.752151,"data_generator_T":48.0},{"data_generator_INA":-1.7406512,"data_generator_T":48.080002},{"data_generator_INA":-1.729368,"data_generator_T":48.16},{"data_generator_INA":-1.7182971,"data_generator_T":48.240002},{"data_generator_INA":-1.7074348,"data_generator_T":48.32},{"data_generator_INA":-1.6967772,"data_generator_T":48.400002},{"data_generator_INA":-1.6863208,"data_generator_T":48.48},{"data_generator_INA":-1.6760616,"data_generator_T":48.560001},{"data_generator_INA":-1.6659963,"data_generator_T":48.639999},{"data_generator_INA":-1.6561213,"data_generator_T":48.720001},{"data_generator_INA":-1.6464328,"data_generator_T":48.799999},{"data_generator_INA":-1.6369277,"data_generator_T":48.880001},{"data_generator_INA":-1.6276027,"data_generator_T":48.959999},{"data_generator_INA":-1.6184543,"data_generator_T":49.040001},{"data_generator_INA":-1.6094793,"data_generator_T":49.119999},{"data_generator_INA":-1.6006747,"data_generator_T":49.200001},{"data_generator_INA":-1.5920372,"data_generator_T":49.279999},{"data_generator_INA":-1.5835638,"data_generator_T":49.360001},{"data_generator_INA":-1.5752515,"data_generator_T":49.439999},{"data_generator_INA":-1.5670973,"data_generator_T":49.52},{"data_generator_INA":-1.5590985,"data_generator_T":49.599998},{"data_generator_INA":-1.551252,"data_generator_T":49.68},{"data_generator_INA":-1.543555,"data_generator_T":49.759998},{"data_generator_INA":-1.536005,"data_generator_T":49.84},{"data_generator_INA":-1.5285991,"data_generator_T":49.919998},{"data_generator_INA":-1.5213348,"data_generator_T":50.0},{"data_generator_INA":-1.5142094,"data_generator_T":50.080002},{"data_generator_INA":-1.5072204,"data_generator_T":50.16},{"data_generator_INA":-1.5003651,"data_generator_T":50.240002},{"data_generator_INA":-1.4936414,"data_generator_T":50.32},{"data_generator_INA":-1.4870466,"data_generator_T":50.400002},{"data_generator_INA":-1.4805784,"data_generator_T":50.48},{"data_generator_INA":-1.4742346,"data_generator_T":50.560001},{"data_generator_INA":-1.4680127,"data_generator_T":50.639999},{"data_generator_INA":-1.4619106,"data_generator_T":50.720001},{"data_generator_INA":-1.4559261,"data_generator_T":50.799999},{"data_generator_INA":-1.4500569,"data_generator_T":50.880001},{"data_generator_INA":-1.444301,"data_generator_T":50.959999},{"data_generator_INA":-1.4386562,"data_generator_T":51.040001},{"data_generator_INA":-1.4331206,"data_generator_T":51.119999},{"data_generator_INA":-1.4276921,"data_generator_T":51.200001},{"data_generator_INA":-1.4223688,"data_generator_T":51.279999},{"data_generator_INA":-1.4171486,"data_generator_T":51.360001},{"data_generator_INA":-1.4120296,"data_generator_T":51.439999},{"data_generator_INA":-1.4070102,"data_generator_T":51.52},{"data_generator_INA":-1.4020883,"data_generator_T":51.599998},{"data_generator_INA":-1.3972622,"data_generator_T":51.68},{"data_generator_INA":-1.3925301,"data_generator_T":51.759998},{"data_generator_INA":-1.3878902,"data_generator_T":51.84},{"data_generator_INA":-1.383341,"data_generator_T":51.919998},{"data_generator_INA":-1.3788805,"data_generator_T":52.0},{"data_generator_INA":-1.3745073,"data_generator_T":52.080002},{"data_generator_INA":-1.3702197,"data_generator_T":52.16},{"data_generator_INA":-1.3660163,"data_generator_T":52.240002},{"data_generator_INA":-1.3618952,"data_generator_T":52.32},{"data_generator_INA":-1.3578551,"data_generator_T":52.400002},{"data_generator_INA":-1.3538944,"data_generator_T":52.48},{"data_generator_INA":-1.3500116,"data_generator_T":52.560001},{"data_generator_INA":-1.3462054,"data_generator_T":52.639999},{"data_generator_INA":-1.3424743,"data_generator_T":52.720001},{"data_generator_INA":-1.3388169,"data_generator_T":52.799999},{"data_generator_INA":-1.3352318,"data_generator_T":52.880001},{"data_generator_INA":-1.3317176,"data_generator_T":52.959999},{"data_generator_INA":-1.3282732,"data_generator_T":53.040001},{"data_generator_INA":-1.3248971,"data_generator_T":53.119999},{"data_generator_INA":-1.321588,"data_generator_T":53.200001},{"data_generator_INA":-1.3183448,"data_generator_T":53.279999},{"data_generator_INA":-1.3151664,"data_generator_T":53.360001},{"data_generator_INA":-1.3120512,"data_generator_T":53.439999},{"data_generator_INA":-1.3089981,"data_generator_T":53.52},{"data_generator_INA":-1.3060062,"data_generator_T":53.599998},{"data_generator_INA":-1.3030742,"data_generator_T":53.68},{"data_generator_INA":-1.3002011,"data_generator_T":53.759998},{"data_generator_INA":-1.2973856,"data_generator_T":53.84},{"data_generator_INA":-1.2946266,"data_generator_T":53.919998},{"data_generator_INA":-1.2919233,"data_generator_T":54.0},{"data_generator_INA":-1.2892745,"data_generator_T":54.080002},{"data_generator_INA":-1.286679,"data_generator_T":54.16},{"data_generator_INA":-1.2841362,"data_generator_T":54.240002},{"data_generator_INA":-1.2816448,"data_generator_T":54.32},{"data_generator_INA":-1.2792039,"data_generator_T":54.400002},{"data_generator_INA":-1.2768127,"data_generator_T":54.48},{"data_generator_INA":-1.27447,"data_generator_T":54.560001},{"data_generator_INA":-1.2721752,"data_generator_T":54.639999},{"data_generator_INA":-1.269927,"data_generator_T":54.720001},{"data_generator_INA":-1.267725,"data_generator_T":54.799999},{"data_generator_INA":-1.2655679,"data_generator_T":54.880001},{"data_generator_INA":-1.2634552,"data_generator_T":54.959999},{"data_generator_INA":-1.2613858,"data_generator_T":55.040001},{"data_generator_INA":-1.259359,"data_generator_T":55.119999},{"data_generator_INA":-1.2573739,"data_generator_T":55.200001},{"data_generator_INA":-1.2554299,"data_generator_T":55.279999},{"data_generator_INA":-1.2535261,"data_generator_T":55.360001},{"data_generator_INA":-1.2516617,"data_generator_T":55.439999},{"data_generator_INA":-1.249836,"data_generator_T":55.52},{"data_generator_INA":-1.2480483,"data_generator_T":55.599998},{"data_generator_INA":-1.2462978,"data_generator_T":55.68},{"data_generator_INA":-1.244584,"data_generator_T":55.759998},{"data_generator_INA":-1.2429059,"data_generator_T":55.84},{"data_generator_INA":-1.2412629,"data_generator_T":55.919998},{"data_generator_INA":-1.2396545,"data_generator_T":56.0},{"data_generator_INA":-1.2380799,"data_generator_T":56.080002},{"data_generator_INA":-1.2365385,"data_generator_T":56.16},{"data_generator_INA":-1.2350297,"data_generator_T":56.240002},{"data_generator_INA":-1.2335528,"data_generator_T":56.32},{"data_generator_INA":-1.2321073,"data_generator_T":56.400002},{"data_generator_INA":-1.2306925,"data_generator_T":56.48},{"data_generator_INA":-1.2293078,"data_generator_T":56.560001},{"data_generator_INA":-1.2279527,"data_generator_T":56.639999},{"data_generator_INA":-1.2266266,"data_generator_T":56.720001},{"data_generator_INA":-1.2253289,"data_generator_T":56.799999},{"data_generator_INA":-1.2240592,"data_generator_T":56.880001},{"data_generator_INA":-1.2228168,"data_generator_T":56.959999},{"data_generator_INA":-1.2216012,"data_generator_T":57.040001},{"data_generator_INA":-1.220412,"data_generator_T":57.119999},{"data_generator_INA":-1.2192485,"data_generator_T":57.200001},{"data_generator_INA":-1.2181104,"data_generator_T":57.279999},{"data_generator_INA":-1.2169971,"data_generator_T":57.360001},{"data_generator_INA":-1.2159083,"data_generator_T":57.439999},{"data_generator_INA":-1.2148432,"data_generator_T":57.52},{"data_generator_INA":-1.2138016,"data_generator_T":57.599998},{"data_generator_INA":-1.212783,"data_generator_T":57.68},{"data_generator_INA":-1.2117867,"data_generator_T":57.759998},{"data_generator_INA":-1.2108127,"data_generator_T":57.84},{"data_generator_INA":-1.2098603,"data_generator_T":57.919998},{"data_generator_INA":-1.2089292,"data_generator_T":58.0},{"data_generator_INA":-1.2080189,"data_generator_T":58.080002},{"data_generator_INA":-1.2071289,"data_generator_T":58.16},{"data_generator_INA":-1.206259,"data_generator_T":58.240002},{"data_generator_INA":-1.2054088,"data_generator_T":58.32},{"data_generator_INA":-1.2045778,"data_generator_T":58.400002},{"data_generator_INA":-1.2037656,"data_generator_T":58.48},{"data_generator_INA":-1.2029719,"data_generator_T":58.560001},{"data_generator_INA":-1.2021965,"data_generator_T":58.639999},{"data_generator_INA":-1.2014387,"data_generator_T":58.720001},{"data_generator_INA":-1.2006984,"data_generator_T":58.799999},{"data_generator_INA":-1.1999753,"data_generator_T":58.880001},{"data_generator_INA":-1.1992688,"data_generator_T":58.959999},{"data_generator_INA":-1.1985787,"data_generator_T":59.040001},{"data_generator_INA":-1.1979048,"data_generator_T":59.119999},{"data_generator_INA":-1.1972468,"data_generator_T":59.200001},{"data_generator_INA":-1.1966041,"data_generator_T":59.279999},{"data_generator_INA":-1.1959766,"data_generator_T":59.360001},{"data_generator_INA":-1.195364,"data_generator_T":59.439999},{"data_generator_INA":-1.1947659,"data_generator_T":59.52},{"data_generator_INA":-1.1941822,"data_generator_T":59.599998},{"data_generator_INA":-1.1936125,"data_generator_T":59.68},{"data_generator_INA":-1.1930563,"data_generator_T":59.759998},{"data_generator_INA":-1.1925138,"data_generator_T":59.84},{"data_generator_INA":-1.1919844,"data_generator_T":59.919998},{"data_generator_INA":-1.1914679,"data_generator_T":60.0},{"data_generator_INA":-1.1909641,"data_generator_T":60.080002},{"data_generator_INA":-1.1904726,"data_generator_T":60.16},{"data_generator_INA":-1.1899934,"data_generator_T":60.240002},{"data_generator_INA":-1.189526,"data_generator_T":60.32},{"data_generator_INA":-1.1890703,"data_generator_T":60.400002},{"data_generator_INA":-1.1886261,"data_generator_T":60.48},{"data_generator_INA":-1.1881931,"data_generator_T":60.560001},{"data_generator_INA":-1.187771,"data_generator_T":60.639999},{"data_generator_INA":-1.1873597,"data_generator_T":60.720001},{"data_generator_INA":-1.1869589,"data_generator_T":60.799999},{"data_generator_INA":-1.1865685,"data_generator_T":60.880001},{"data_generator_INA":-1.1861882,"data_generator_T":60.959999},{"data_generator_INA":-1.1858178,"data_generator_T":61.040001},{"data_generator_INA":-1.1854571,"data_generator_T":61.119999},{"data_generator_INA":-1.1851059,"data_generator_T":61.200001},{"data_generator_INA":-1.184764,"data_generator_T":61.279999},{"data_generator_INA":-1.1844313,"data_generator_T":61.360001},{"data_generator_INA":-1.1841075,"data_generator_T":61.439999},{"data_generator_INA":-1.1837925,"data_generator_T":61.52},{"data_generator_INA":-1.183486,"data_generator_T":61.599998},{"data_generator_INA":-1.183188,"data_generator_T":61.68},{"data_generator_INA":-1.1828982,"data_generator_T":61.759998},{"data_generator_INA":-1.1826164,"data_generator_T":61.84},{"data_generator_INA":-1.1823424,"data_generator_T":61.919998},{"data_generator_INA":-1.1820762,"data_generator_T":62.0},{"data_generator_INA":-1.1818177,"data_generator_T":62.080002},{"data_generator_INA":-1.1815665,"data_generator_T":62.16},{"data_generator_INA":-1.1813225,"data_generator_T":62.240002},{"data_generator_INA":-1.1810857,"data_generator_T":62.32},{"data_generator_INA":-1.1808558,"data_generator_T":62.400002},{"data_generator_INA":-1.1806327,"data_generator_T":62.48},{"data_generator_INA":-1.1804162,"data_generator_T":62.560001},{"data_generator_INA":-1.1802063,"data_generator_T":62.639999},{"data_generator_INA":-1.1800028,"data_generator_T":62.720001},{"data_generator_INA":-1.1798055,"data_generator_T":62.799999},{"data_generator_INA":-1.1796144,"data_generator_T":62.880001},{"data_generator_INA":-1.1794293,"data_generator_T":62.959999},{"data_generator_INA":-1.1792499,"data_generator_T":63.040001},{"data_generator_INA":-1.1790763,"data_generator_T":63.119999},{"data_generator_INA":-1.1789083,"data_generator_T":63.200001},{"data_generator_INA":-1.178746,"data_generator_T":63.279999},{"data_generator_INA":-1.1785889,"data_generator_T":63.360001},{"data_generator_INA":-1.178437,"data_generator_T":63.439999},{"data_generator_INA":-1.1782904,"data_generator_T":63.52},{"data_generator_INA":-1.1781486,"data_generator_T":63.599998},{"data_generator_INA":-1.1780119,"data_generator_T":63.68},{"data_generator_INA":-1.1778799,"data_generator_T":63.759998},{"data_generator_INA":-1.1777527,"data_generator_T":63.84},{"data_generator_INA":-1.1776302,"data_generator_T":63.919998},{"data_generator_INA":-1.177512,"data_generator_T":64.0},{"data_generator_INA":-1.1773984,"data_generator_T":64.080002},{"data_generator_INA":-1.177289,"data_generator_T":64.160004},{"data_generator_INA":-1.1771839,"data_generator_T":64.239998},{"data_generator_INA":-1.1770828,"data_generator_T":64.32},{"data_generator_INA":-1.1769859,"data_generator_T":64.400002},{"data_generator_INA":-1.1768928,"data_generator_T":64.480003},{"data_generator_INA":-1.1768035,"data_generator_T":64.559998},{"data_generator_INA":-1.1767181,"data_generator_T":64.639999},{"data_generator_INA":-1.1766363,"data_generator_T":64.720001},{"data_generator_INA":-1.1765581,"data_generator_T":64.800003},{"data_generator_INA":-1.1764835,"data_generator_T":64.879997},{"data_generator_INA":-1.1764122,"data_generator_T":64.959999},{"data_generator_INA":-1.0432572,"data_generator_T":65.040001},{"data_generator_INA":-0.83283949,"data_generator_T":65.120003},{"data_generator_INA":-0.77175045,"data_generator_T":65.199997},{"data_generator_INA":-0.72631979,"data_generator_T":65.279999},{"data_generator_INA":-0.68490583,"data_generator_T":65.360001},{"data_generator_INA":-0.64605612,"data_generator_T":65.440002},{"data_generator_INA":-0.60944575,"data_generator_T":65.519997},{"data_generator_INA":-0.57491732,"data_generator_T":65.599998},{"data_generator_INA":-0.54234737,"data_generator_T":65.68},{"data_generator_INA":-0.51162386,"data_generator_T":65.760002},{"data_generator_INA":-0.48264191,"data_generator_T":65.839996},{"data_generator_INA":-0.45530277,"data_generator_T":65.919998},{"data_generator_INA":-0.42951334,"data_generator_T":66.0},{"data_generator_INA":-0.40518573,"data_generator_T":66.080002},{"data_generator_INA":-0.38223708,"data_generator_T":66.160004},{"data_generator_INA":-0.36058921,"data_generator_T":66.239998},{"data_generator_INA":-0.34016839,"data_generator_T":66.32},{"data_generator_INA":-0.32090506,"data_generator_T":66.400002},{"data_generator_INA":-0.30273357,"data_generator_T":66.480003},{"data_generator_INA":-0.28559208,"data_generator_T":66.559998},{"data_generator_INA":-0.26942214,"data_generator_T":66.639999},{"data_generator_INA":-0.25416872,"data_generator_T":66.720001},{"data_generator_INA":-0.23977984,"data_generator_T":66.800003},{"data_generator_INA":-0.22620651,"data_generator_T":66.879997},{"data_generator_INA":-0.21340248,"data_generator_T":66.959999},{"data_generator_INA":-0.20132415,"data_generator_T":67.040001},{"data_generator_INA":-0.18993038,"data_generator_T":67.120003},{"data_generator_INA":-0.17918237,"data_generator_T":67.199997},{"data_generator_INA":-0.1690435,"data_generator_T":67.279999},{"data_generator_INA":-0.15947923,"data_generator_T":67.360001},{"data_generator_INA":-0.15045702,"data_generator_T":67.440002},{"data_generator_INA":-0.14194614,"data_generator_T":67.519997},{"data_generator_INA":-0.13391759,"data_generator_T":67.599998},{"data_generator_INA":-0.12634401,"data_generator_T":67.68},{"data_generator_INA":-0.11919965,"data_generator_T":67.760002},{"data_generator_INA":-0.11246016,"data_generator_T":67.839996},{"data_generator_INA":-0.10610259,"data_generator_T":67.919998},{"data_generator_INA":-0.10010529,"data_generator_T":68.0},{"data_generator_INA":-0.094447836,"data_generator_T":68.080002},{"data_generator_INA":-0.089110978,"data_generator_T":68.160004},{"data_generator_INA":-0.084076531,"data_generator_T":68.239998},{"data_generator_INA":-0.079327352,"data_generator_T":68.32},{"data_generator_INA":-0.074847281,"data_generator_T":68.400002},{"data_generator_INA":-0.070621066,"data_generator_T":68.480003},{"data_generator_INA":-0.066634305,"data_generator_T":68.559998},{"data_generator_INA":-0.062873431,"data_generator_T":68.639999},{"data_generator_INA":-0.05932565,"data_generator_T":68.720001},{"data_generator_INA":-0.055978872,"data_generator_T":68.800003},{"data_generator_INA":-0.052821707,"data_generator_T":68.879997},{"data_generator_INA":-0.049843408,"data_generator_T":68.959999},{"data_generator_INA":-0.047033843,"data_generator_T":69.040001},{"data_generator_INA":-0.04438344,"data_generator_T":69.120003},{"data_generator_INA":-0.041883186,"data_generator_T":69.199997},{"data_generator_INA":-0.039524563,"data_generator_T":69.279999},{"data_generator_INA":-0.037299551,"data_generator_T":69.360001},{"data_generator_INA":-0.035200574,"data_generator_T":69.440002},{"data_generator_INA":-0.033220489,"data_generator_T":69.519997},{"data_generator_INA":-0.031352557,"data_generator_T":69.599998},{"data_generator_INA":-0.029590426,"data_generator_T":69.68},{"data_generator_INA":-0.027928097,"data_generator_T":69.760002},{"data_generator_INA":-0.026359914,"data_generator_T":69.839996},{"data_generator_INA":-0.024880543,"data_generator_T":69.919998},{"data_generator_INA":-0.023484949,"data_generator_T":70.0},{"data_generator_INA":-0.022168387,"data_generator_T":70.080002},{"data_generator_INA":-0.020926377,"data_generator_T":70.160004},{"data_generator_INA":-0.019754693,"data_generator_T":70.239998},{"data_generator_INA":-0.018649353,"data_generator_T":70.32},{"data_generator_INA":-0.017606594,"data_generator_T":70.400002},{"data_generator_INA":-0.016622873,"data_generator_T":70.480003},{"data_generator_INA":-0.015694844,"data_generator_T":70.559998},{"data_generator_INA":-0.014819349,"data_generator_T":70.639999},{"data_generator_INA":-0.013993415,"data_generator_T":70.720001},{"data_generator_INA":-0.013214231,"data_generator_T":70.800003},{"data_generator_INA":-0.012479151,"data_generator_T":70.879997},{"data_generator_INA":-0.011785673,"data_generator_T":70.959999},{"data_generator_INA":-0.011131442,"data_generator_T":71.040001},{"data_generator_INA":-0.010514234,"data_generator_T":71.120003},{"data_generator_INA":-0.0099319518,"data_generator_T":71.199997},{"data_generator_INA":-0.0093826167,"data_generator_T":71.279999},{"data_generator_INA":-0.0088643618,"data_generator_T":71.360001},{"data_generator_INA":-0.0083754268,"data_generator_T":71.440002},{"data_generator_INA":-0.0079141511,"data_generator_T":71.519997},{"data_generator_INA":-0.0074789682,"data_generator_T":71.599998},{"data_generator_INA":-0.0070683989,"data_generator_T":71.68},{"data_generator_INA":-0.0066810502,"data_generator_T":71.760002},{"data_generator_INA":-0.0063156062,"data_generator_T":71.839996},{"data_generator_INA":-0.0059708268,"data_generator_T":71.919998},{"data_generator_INA":-0.005645541,"data_generator_T":72.0},{"data_generator_INA":-0.0053386455,"data_generator_T":72.080002},{"data_generator_INA":-0.0050490987,"data_generator_T":72.160004},{"data_generator_INA":-0.0047759176,"data_generator_T":72.239998},{"data_generator_INA":-0.0045181764,"data_generator_T":72.32},{"data_generator_INA":-0.0042750002,"data_generator_T":72.400002},{"data_generator_INA":-0.0040455642,"data_generator_T":72.480003},{"data_generator_INA":-0.0038290911,"data_generator_T":72.559998},{"data_generator_INA":-0.0036248465,"data_generator_T":72.639999},{"data_generator_INA":-0.0034321379,"data_generator_T":72.720001},{"data_generator_INA":-0.0032503128,"data_generator_T":72.800003},{"data_generator_INA":-0.003078755,"data_generator_T":72.879997},{"data_generator_INA":-0.002916883,"data_generator_T":72.959999},{"data_generator_INA":-0.0027641489,"data_generator_T":73.040001},{"data_generator_INA":-0.0026200351,"data_generator_T":73.120003},{"data_generator_INA":-0.0024840543,"data_generator_T":73.199997},{"data_generator_INA":-0.002355746,"data_generator_T":73.279999},{"data_generator_INA":-0.0022346759,"data_generator_T":73.360001},{"data_generator_INA":-0.0021204348,"data_generator_T":73.440002},{"data_generator_INA":-0.002012636,"data_generator_T":73.519997},{"data_generator_INA":-0.0019109152,"data_generator_T":73.599998},{"data_generator_INA":-0.0018149285,"data_generator_T":73.68},{"data_generator_INA":-0.0017243515,"data_generator_T":73.760002},{"data_generator_INA":-0.0016388784,"data_generator_T":73.839996},{"data_generator_INA":-0.0015582202,"data_generator_T":73.919998},{"data_generator_INA":-0.0014821051,"data_generator_T":74.0},{"data_generator_INA":-0.0014102758,"data_generator_T":74.080002},{"data_generator_INA":-0.0013424902,"data_generator_T":74.160004},{"data_generator_INA":-0.0012785196,"data_generator_T":74.239998},{"data_generator_INA":-0.0012181484,"data_generator_T":74.32},{"data_generator_INA":-0.0011611731,"data_generator_T":74.400002},{"data_generator_INA":-0.0011074018,"data_generator_T":74.480003},{"data_generator_INA":-0.0010566533,"data_generator_T":74.559998},{"data_generator_INA":-0.001008757,"data_generator_T":74.639999},{"data_generator_INA":-0.0009635518,"data_generator_T":74.720001},{"data_generator_INA":-0.0009208855,"data_generator_T":74.800003},{"data_generator_INA":-0.0008806147,"data_generator_T":74.879997},{"data_generator_INA":-0.0008426043,"data_generator_T":74.959999},{"data_generator_INA":-0.0008067265,"data_generator_T":75.040001},{"data_generator_INA":-0.0007728609,"data_generator_T":75.120003},{"data_generator_INA":-0.0007408939,"data_generator_T":75.199997},{"data_generator_INA":-0.0007107185,"data_generator_T":75.279999},{"data_generator_INA":-0.0006822335,"data_generator_T":75.360001},{"data_generator_INA":-0.0006553434,"data_generator_T":75.440002},{"data_generator_INA":-0.0006299584,"data_generator_T":75.519997},{"data_generator_INA":-0.0006059935,"data_generator_T":75.599998},{"data_generator_INA":-0.0005833687,"data_generator_T":75.68},{"data_generator_INA":-0.0005620084,"data_generator_T":75.760002},{"data_generator_INA":-0.0005418413,"data_generator_T":75.839996},{"data_generator_INA":-0.0005228001,"data_generator_T":75.919998},{"data_generator_INA":-0.0005048215,"data_generator_T":76.0},{"data_generator_INA":-0.0004878456,"data_generator_T":76.080002},{"data_generator_INA":-0.0004718159,"data_generator_T":76.160004},{"data_generator_INA":-0.0004566791,"data_generator_T":76.239998},{"data_generator_INA":-0.000442385,"data_generator_T":76.32},{"data_generator_INA":-0.000428886,"data_generator_T":76.400002},{"data_generator_INA":-0.0004161376,"data_generator_T":76.480003},{"data_generator_INA":-0.0004040974,"data_generator_T":76.559998},{"data_generator_INA":-0.0003927257,"data_generator_T":76.639999},{"data_generator_INA":-0.0003819848,"data_generator_T":76.720001},{"data_generator_INA":-0.0003718393,"data_generator_T":76.800003},{"data_generator_INA":-0.0003622558,"data_generator_T":76.879997},{"data_generator_INA":-0.0003532027,"data_generator_T":76.959999},{"data_generator_INA":-0.0003446502,"data_generator_T":77.040001},{"data_generator_INA":-0.0003365702,"data_generator_T":77.120003},{"data_generator_INA":-0.0003289363,"data_generator_T":77.199997},{"data_generator_INA":-0.0003217233,"data_generator_T":77.279999},{"data_generator_INA":-0.0003149077,"data_generator_T":77.360001},{"data_generator_INA":-0.0003084672,"data_generator_T":77.440002},{"data_generator_INA":-0.0003023808,"data_generator_T":77.519997},{"data_generator_INA":-0.0002966287,"data_generator_T":77.599998},{"data_generator_INA":-0.0002911922,"data_generator_T":77.68},{"data_generator_INA":-0.0002860536,"data_generator_T":77.760002},{"data_generator_INA":-0.0002811963,"data_generator_T":77.839996},{"data_generator_INA":-0.0002766045,"data_generator_T":77.919998},{"data_generator_INA":-0.0002722633,"data_generator_T":78.0},{"data_generator_INA":-0.0002681589,"data_generator_T":78.080002},{"data_generator_INA":-0.0002642781,"data_generator_T":78.160004},{"data_generator_INA":-0.0002606082,"data_generator_T":78.239998},{"data_generator_INA":-0.0002571376,"data_generator_T":78.32},{"data_generator_INA":-0.0002538552,"data_generator_T":78.400002},{"data_generator_INA":-0.0002507504,"data_generator_T":78.480003},{"data_generator_INA":-0.0002478136,"data_generator_T":78.559998},{"data_generator_INA":-0.0002450351,"data_generator_T":78.639999},{"data_generator_INA":-0.0002424064,"data_generator_T":78.720001},{"data_generator_INA":-0.000239919,"data_generator_T":78.800003},{"data_generator_INA":-0.0002375651,"data_generator_T":78.879997},{"data_generator_INA":-0.0002353374,"data_generator_T":78.959999},{"data_generator_INA":-0.0002332288,"data_generator_T":79.040001},{"data_generator_INA":-0.0002312328,"data_generator_T":79.120003},{"data_generator_INA":-0.000229343,"data_generator_T":79.199997},{"data_generator_INA":-0.0002275538,"data_generator_T":79.279999},{"data_generator_INA":-0.0002258594,"data_generator_T":79.360001},{"data_generator_INA":-0.0002242547,"data_generator_T":79.440002},{"data_generator_INA":-0.0002227347,"data_generator_T":79.519997},{"data_generator_INA":-0.0002212948,"data_generator_T":79.599998},{"data_generator_INA":-0.0002199306,"data_generator_T":79.68},{"data_generator_INA":-0.0002186378,"data_generator_T":79.760002},{"data_generator_INA":-0.0002174127,"data_generator_T":79.839996},{"data_generator_INA":-0.0002162514,"data_generator_T":79.919998},{"data_generator_INA":-0.0002151506,"data_generator_T":80.0}]