[{"R_ADMDC":0.0015805029,"R_CO2t":-2870.6835643816,"R_CSNt2":1.2059237249,"R_CYSabc":0.0,"R_DAPE":2.0467512763,"R_DKMPPD":0.0,"R_DKMPPD2":0.0015805029,"R_D_LACt2":0.0,"R_6PGALSZ":0.0,"R_6PHBG":0.0,"R_ETOHt":0.0,"R_EX_26dap__M_e":0.0,"R_ABTA":0.0,"R_EX_Cit_Mg_e":0.0,"R_CHOLD":0.0,"R_ACACT1r":0.0047415087,"R_ACACT2r":0.0,"R_DDPA":1.0952885208,"R_ACALD":0.0,"R_CHORM":0.8898231417,"R_ACOATA":0.0,"R_ADNt2":0.0,"R_ACLDC":0.0,"R_ACNAMt2":0.0,"R_CHORS":1.0952885208,"R_ACCOAC":772.5412580487,"R_CIT_Mgt":0.0,"R_ACGApts":0.0,"R_CPPPGO":0.0015805029,"R_ACGK":0.6163961373,"R_ACNML":0.0,"R_ASPabc":0.0,"R_ACHBS":93.4104590097,"R_CLPNS_SA":19.8353115962,"R_ACLS":27.079110651,"R_ACOAD1":0.0,"R_ACOAD2":0.0,"R_ACOAD3":0.0,"R_ACOAD4":0.0,"R_ACOAD5":0.0,"R_ACONT":557.6745805713,"R_ATPM":0.0,"R_BPNT":0.4346383019,"R_BTNt2i":0.0,"R_CDAPPA_SA":0.0,"R_ADPT":0.0015805029,"R_ADSK":0.4346383019,"R_ADSL2r":1.354490999,"R_ACOTA":-0.6163961373,"R_ACPS1":0.0,"R_ADSS":0.8487300659,"R_COabc":0.0,"R_AGDC":0.0,"R_AGMHE":0.0,"R_ACPpds":0.0,"R_ACYP_2":0.0,"R_ACS":0.0,"R_CS":557.6745805713,"R_ADCL":0.0047415087,"R_ADCS":0.0047415087,"R_ARGN":0.0,"R_AGMT":0.0,"R_ADCYRS":0.0,"R_ADK1":45.9420587631,"R_CTPS1":0.0,"R_ADKd":-0.1201182216,"R_AGPR":-0.6163961373,"R_AHCYSNS":0.0,"R_AICART":1.5836639219,"R_CYSTL":0.3097785715,"R_AIRC2":1.354490999,"R_AIRC3":-1.354490999,"R_AKGDa":653.784962895,"R_AKGDb":653.784962895,"R_AKGMAL":0.0,"R_CYSS":0.4346383019,"R_ALKP":0.0,"R_ALAALAr":0.0,"R_ALATA_D":-43.0054843451,"R_CYSTRS":0.0,"R_CYTD":0.7744464289,"R_ALAD_L":0.0,"R_ALAR":-1.1221570704,"R_CYTDK2":0.4314772961,"R_ALATRS":0.0,"R_CYTDt4":0.0,"R_CYTK2":-0.0837666545,"R_CAT":0.0,"R_EX_acgam_e":0.0,"R_EX_acnam_e":0.0,"R_CYTK1":192.1148709519,"R_EX_adn_e":0.0,"R_EX_akg_e":0.0,"R_ALAabc":0.0,"R_ALAt2r":0.0,"R_Cut1":0.0,"R_ALCD2x":0.0,"R_DAGK_SA":0.0,"R_AMANAPEr":0.0,"R_ALDD2x":0.0,"R_EX_ala__D_e":0.0,"R_EX_ala__L_e":0.0,"R_DASYN_SA":66.3811224732,"R_EX_arg__L_e":0.0,"R_EX_asp__L_e":0.0,"R_EX_btn_e":0.0,"R_AMAA":0.0,"R_AMANK":0.0,"R_AMAOTr":0.0,"R_ANPRT":0.2007238703,"R_EX_chol_e":0.0,"R_EX_co2_e":2870.6835643816,"R_EX_cobalt2_e":0.0,"R_DAPDC":2.0467512763,"R_EX_crn_e":0.0,"R_EX_csn_e":-1.2059237249,"R_AOXSr":0.0,"R_EX_cu2_e":0.0,"R_ARGDC":0.0,"R_DB4PS":0.0031610058,"R_APRAUR":0.0015805029,"R_ARGDr":-0.6132351314,"R_EX_cys__L_e":0.0,"R_EX_cytd_e":0.0,"R_DBTS":0.0,"R_EX_etoh_e":0.0,"R_EX_fe2_e":-0.0031610058,"R_ARGORNt7":0.0,"R_ARGSL":0.0,"R_DCMPDA":0.0,"R_ARGSS":0.0,"R_ARGTRS":0.0,"R_ASAD":-96.3691604685,"R_EX_for_e":0.0,"R_EX_fru_e":0.0,"R_EX_galt_e":0.0,"R_ASNN":0.0,"R_EX_glc__D_e":-999.0,"R_ASNS1":0.7080653064,"R_DGK1":-0.094830175,"R_ASNTRS":0.0,"R_ASP1DC":0.0,"R_EX_glcn_e":0.0,"R_EX_glu__L_e":0.0,"R_EX_gly_e":0.0,"R_ASPCT":0.0,"R_DHAD1":27.079110651,"R_ASPTA":-99.9885121462,"R_ASPK":96.3691604685,"R_ASPTRS":0.0,"R_ATPPRT":0.2291729228,"R_BACCL":0.0,"R_BETALDHx":0.0,"R_EX_glyald_e":0.0,"R_EX_glyb_e":0.0,"R_EX_glyc3p_e":0.0,"R_EX_glyc_e":0.0,"R_EX_gua_e":0.0,"R_EX_h2o_e":3078.8537213256,"R_EX_h_e":-123.5312133521,"R_EX_hdca_e":0.0,"R_EX_his__L_e":0.0,"R_BETALDHy":0.0,"R_BTS3r":0.0,"R_DHAD2":93.4104590097,"R_CDPMEK":0.0,"R_CBMKr":0.0,"R_EX_ile__L_e":0.0,"R_EX_k_e":0.0,"R_CBPS":0.6132351314,"R_DHAK":0.0,"R_CHCOAL":0.0,"R_EX_lac__D_e":0.0,"R_EX_lac__L_e":0.0,"R_EX_lcts_e":0.0,"R_CHLt2":0.0,"R_EX_leu__L_e":0.0,"R_CHLabc":0.0,"R_DHDPRy":2.2474751466,"R_EX_lys__L_e":0.0,"R_DHDPS":2.2474751466,"R_EX_mal__L_e":0.0,"R_EX_malt_e":0.0,"R_DHFR":0.1201182216,"R_EX_man_e":0.0,"R_EX_met__L_e":0.0,"R_EX_mg2_e":0.0,"R_EX_mn2_e":0.0,"R_EX_mnl_e":0.0,"R_EX_zn2_e":0.0,"R_EX_mobd_e":0.0,"R_DHFS":0.0047415087,"R_EX_na1_e":0.0,"R_EX_nac_e":-0.0031610058,"R_GLCPcom_SA":0.8376665455,"R_EX_ncam_e":0.0,"R_DHNAOT":0.0,"R_EX_nh4_e":0.0,"R_EX_ni2_e":0.0,"R_DHNPA2r":0.0047415087,"R_EX_no2_e":0.0,"R_EX_no3_e":0.0,"R_DHORD5":0.0,"R_EX_o2_e":-1852.4664586143,"R_DHORTS":0.0,"R_EX_orn_e":0.0,"R_EX_phe__L_e":0.0,"R_DHPPDA":0.0015805029,"R_EX_pheme_e":0.0,"R_EX_pi_e":-208.6595754769,"R_DHPS2":0.0047415087,"R_EX_pro__L_e":-100.0,"R_EX_ptrc_e":0.0,"R_GLUPRT":1.354490999,"R_DHQS":1.0952885208,"R_GCALDD":0.0047415087,"R_EX_rib__D_e":0.0,"R_EX_salcn_e":0.0,"R_GK1":0.1011521866,"R_EX_ser__L_e":0.0,"R_DMATT":0.0015805029,"R_EX_so4_e":-0.4346383019,"R_EX_spmd_e":0.0,"R_DNMPPA":0.0,"R_EX_sucr_e":0.0,"R_EX_thm_e":-0.0015805029,"R_EX_thr__L_e":0.0,"R_EX_thymd_e":0.0,"R_EX_tre_e":0.0,"R_FACOAL160":0.0,"R_FBP":0.0,"R_FBA":916.8180419676,"R_FCLT":0.0015805029,"R_EX_trp__L_e":0.0,"R_DNTPPA":0.0,"R_EX_tyr__L_e":0.0,"R_FFSD":0.0,"R_EX_ura_e":0.0,"R_FDH":0.0,"R_EX_urea_e":0.0,"R_DPCOAK":0.0,"R_EX_uri_e":0.0,"R_FE2abc":0.0031610058,"R_FGLU":0.0,"R_FLVRx":0.0,"R_EX_val__L_e":0.0,"R_DPMVD":0.0047415087,"R_EX_xan_e":0.0,"R_FMNRx2":-2453.29632606,"R_FLVR":0.0,"R_DRBK":0.0,"R_FMNAT":0.0015805029,"R_FMNRx":2453.29632606,"R_DPR":0.0,"R_FORt2":0.0,"R_FORt3":0.0,"R_FRUK":0.0,"R_GUAt2r":0.0,"R_DTMPK":0.0,"R_FRUpts":0.0,"R_DRPA":0.0,"R_FTHFLi":1.3781985428,"R_FUM":655.9881839599,"R_H2Ot":-3078.8537213256,"R_HDCAt2":0.0,"R_HEMEti":0.0,"R_G1PACT":24.1469235511,"R_GMHEPAT":0.0,"R_GMHEPK":0.0,"R_G3PD2":-1149.9199078799,"R_DURIK1":0.0,"R_G3PD5":916.3842596366,"R_G3PD6":0.0,"R_HISTP":0.2291729228,"R_G3PD7":0.0,"R_HISabc":0.0,"R_ECOAH1":0.0,"R_ILEabc":0.0,"R_G6PDA":0.0,"R_G6PDH2r":0.0,"R_DURIPP":0.0,"R_GALTpts":0.0,"R_GAL6PI":0.0,"R_GUAPRT":0.0,"R_ENO":1588.5037589628,"R_IMPC":-1.5836639219,"R_GLGC":0.0,"R_LEUabc":0.0,"R_GALUi":55.6347773862,"R_GARFT":1.354490999,"R_GAPD":1598.5715625378,"R_GF6PTA":24.1832751181,"R_GCCa":0.0,"R_GTPCII":0.0015805029,"R_GRTT":0.0015805029,"R_HACD1":0.0,"R_HACD2":0.0,"R_GCCb":0.0,"R_MDH":0.0,"R_GCCc":0.0,"R_GHMT2r":1.9882726684,"R_HACD3":0.0,"R_HACD4":0.0,"R_HACD5":0.0,"R_HACD6":0.0,"R_GNK":0.0,"R_GLCNt2r":0.0,"R_GLCS1":0.0,"R_GLNS":93.892512399,"R_GLUDxi":0.0,"R_GPDDA1":0.0,"R_GPDDA2":0.0,"R_GLUR":-43.0054843451,"R_GPDDA3":0.0,"R_MDRPD":0.0015805029,"R_GTPCI":0.0047415087,"R_GTHPi":0.0,"R_HCYSMT":0.0,"R_GLUSx":63.1311841444,"R_GLUTRR":0.0252880467,"R_GLUTRS":0.0252880467,"R_METabc":0.0,"R_GLUt2r_copy1":0.0,"R_GTPDPK":0.0,"R_HCO3E":776.1838929368,"R_HEMEAS":0.0,"R_GLUabc":0.0,"R_HEMEOS":0.0015805029,"R_MTHFR2":0.3097785715,"R_HETZK":0.0,"R_HEX1":0.0,"R_HEX7":0.0,"R_GLYCt":0.0,"R_GLUt2r_copy2":0.0,"R_GLYALDt":0.0,"R_HEXTT":0.0,"R_GLYAT":0.0,"R_GLYC3Pt6":0.0,"R_GLYBt2r":0.0,"R_HISDr":0.0,"R_HISTD":0.2291729228,"R_HMBS":0.0031610058,"R_MTRI":0.0015805029,"R_HMGCOAR":-0.0047415087,"R_HMGCOAS":-0.0047415087,"R_HPYRRx":0.0,"R_GLYCK":0.0,"R_GLYK":19.8353115962,"R_HPPK2":0.0047415087,"R_MTRK":0.0015805029,"R_HSDy":-94.1216853219,"R_GLYTRS":0.0,"R_GMHEPPA":0.0,"R_GMPR":0.0,"R_GMPS2":0.734933856,"R_HSERTA":0.0,"R_HSK":94.1216853219,"R_GND":0.0,"R_NACt":0.0031610058,"R_HXPRT":0.0,"R_HSTPT":0.2291729228,"R_ICDHyr":557.6745805713,"R_MTAN":0.0015805029,"R_ICHORS":0.0,"R_IGPDH":0.2291729228,"R_LYSDC":0.0,"R_IG3PS":0.2291729228,"R_MTHFD":1.561536881,"R_IGPS":0.2007238703,"R_ILETA":-0.6416841839,"R_ILETRS":0.0,"R_NADTRHD":0.0,"R_LEUTA":-0.9024671651,"R_NCAMUP":0.0,"R_NH4OHDs":0.0,"R_IMPD":0.734933856,"R_ILEt2r":0.0,"R_INDPYRD":0.0,"R_IPDDI":0.0015805029,"R_IPMD":23.2099199633,"R_O2t":1852.4664586143,"R_M1PD":0.0,"R_PALASA_SA2":0.0790251458,"R_PAPA_SA":3.4144236696,"R_IZPN":0.0,"R_IPPS":23.2099199633,"R_IPPMIa":-23.2099199633,"R_IPPMIb":-23.2099199633,"R_PAPSR":0.4346383019,"R_LEUt2r":0.0,"R_PASYN_SA":69.7955461428,"R_KARA1":-27.079110651,"R_KARA2":93.4104590097,"R_ORNTAC":0.6163961373,"R_MALTabc":0.0,"R_MI1PP":0.0,"R_ORNDC":0.0031610058,"R_MACPD":0.0,"R_NO2t2r":0.0,"R_PDH":1390.6834127694,"R_PGLYSA_SA2":0.0790251458,"R_PHEt2r":0.0,"R_OMCDC":23.2099199633,"R_Kabc":0.0,"R_PDHcr":653.784962895,"R_PLEUSA_SA2":0.0790251458,"R_PLYSSA_SA2":1.185377187,"R_PSD_SA":7.0332379763,"R_Kt2r":0.0,"R_NADK":0.0015805029,"R_LDH_L":0.0,"R_NADH7":0.0,"R_NAt3_1_copy1":725.9787264308,"R_PSERT":10.0678035751,"R_PSP_L":10.0678035751,"R_NADS1":0.0031610058,"R_LYSTRS":0.0,"R_NAPRT":0.0031610058,"R_NALN6":0.0,"R_PSSA_SA":7.0332379763,"R_LACpts":0.0,"R_RBFSb":0.0015805029,"R_NAt3_15":0.0,"R_NAt3_1_copy2":0.0,"R_MALT":0.0,"R_NAt3_2":0.0,"R_NBAH":0.0,"R_PNTK":0.0,"R_PROabc":0.0,"R_LDH_D":0.0,"R_RBK":0.0,"R_RAFH":0.0,"R_NDPK4":0.0,"R_NDPK5":0.0,"R_NDPK6":0.0,"R_MALTATr":0.0,"R_NDPK7":0.0,"R_PUNP2":0.0,"R_RBFK":0.0015805029,"R_NDPK8":-0.1201182216,"R_LYSabc":0.0,"R_NH4t4":0.0,"R_PGLYCP":0.0,"R_PYRZAM":0.0,"R_NNAM":0.0,"R_LYSt2r":0.0,"R_NNATr":0.0031610058,"R_NIabc":0.0,"R_NO3t7":0.0,"R_OCTD":0.0,"R_NO3R1":0.0,"R_PHETA1":-0.526307471,"R_PGMT":-55.6347773862,"R_PGCD":10.0678035751,"R_PGI":943.3652226138,"R_PGK":-1598.5715625378,"R_PGM":-1588.5037589628,"R_PGPP_SA":57.9254318724,"R_NO3R2":0.0,"R_NOPD":0.0,"R_MDH3":0.0,"R_NPHS":0.0,"R_PGSA_SA":57.9254318724,"R_PIt7":208.6595754769,"R_PIabc":0.0,"R_L_LACt2r":0.0,"R_PMANM":0.0,"R_OMPDC":0.0,"R_OCBT":0.6132351314,"R_MAN6PI":0.0,"R_NTRIRx":0.0,"R_NTRIRy":0.0,"R_PMEVK":0.0047415087,"R_POX":0.0,"R_MANpts":0.0,"R_PMPK":0.0,"R_ORNTA":0.0,"R_POX2":0.0,"R_MCOATA":0.0,"R_PPA":317.448246432,"R_OOR3r":0.0,"R_ORNCD":0.0,"R_ORPT":0.0,"R_ORNabc":0.0,"R_P5CD":99.6649333818,"R_PPBNGS":0.0126440233,"R_PPCDC":0.0,"R_PPCK":0.0,"R_PPM":-1.2059237249,"R_PPM2":0.0,"R_PPND":0.3635156707,"R_P5CR":0.0,"R_MDH2":655.9881839599,"R_PANTS":0.0,"R_PAPPT3":0.0,"R_PPNDH":0.526307471,"R_PPPGO":0.0015805029,"R_PRAGSr":1.354490999,"R_PC":1.6749087576,"R_ME1":0.0,"R_PFK":916.8180419676,"R_PRAIi":0.2007238703,"R_PRAIS":1.354490999,"R_PRAMPC":0.2291729228,"R_PFK_2":0.0,"R_PRATPP":0.2291729228,"R_PFL":1.3671350224,"R_METTRS":0.0,"R_PRASCSi":1.354490999,"R_PRFGS":1.354490999,"R_PGAMT":-24.1832751181,"R_MEPCT":0.0,"R_PRMICI":0.2291729228,"R_PROD2":99.6649333818,"R_PROt4":100.0,"R_METAT":0.0047415087,"R_MHPGLUT":0.0,"R_PRPPS":1.7891293009,"R_PSCVT":1.0952885208,"R_PTAr":-0.4346383019,"R_PTHPS":0.0,"R_PTPATi":0.0,"R_PTRCORNt7":0.0,"R_BIOMASS_SA_1a":0.0,"R_SA_free_FA":0.0015805029,"R_SPMS":0.0015805029,"R_SULabc":0.4346383019,"R_PYK":587.0318524021,"R_PYNP1":1.2059237249,"R_METS":0.3097785715,"R_RBK_L1":0.0,"R_TAGO":5.0860583838,"R_MNt2":0.0,"R_MEVK1":0.0,"R_MEVK2":0.0,"R_MEVK3":0.0,"R_MEVK4":0.0047415087,"R_MG2abc":0.0,"R_MNLpts":0.0,"R_MOBDabc":0.0,"R_MNabc":0.0,"R_MOHMT":0.0,"R_MTHFC":1.561536881,"R_THMDt2":0.0,"R_NADH10":0.0,"R_RNTR1":0.0,"R_NADH5":0.0,"R_RNDR1":0.1201182216,"R_THMabc":0.0015805029,"R_THRt2r":0.0,"R_THMDt4":0.0,"R_NADH6":1379.1026748408,"R_THFGLUS":0.0,"R_TRPt2r":0.0,"R_ACACT3r":0.0,"R_TYRt2r":0.0,"R_UAG4Ei":13.5607150195,"R_UDPG12dgrGT_SA2":0.0019073509,"R_UDPG3g12dgrGT_SA2":0.0019073509,"R_TMDK1":0.0,"R_SUCR":0.0,"R_RNTR3":0.0,"R_RNTR4":0.0,"R_RNTR2":0.0,"R_UNK3":0.0015805029,"R_ACACT4r":0.0,"R_RPE":-2.3639055281,"R_RPI":-2.3607445222,"R_S3AdT":0.0,"R_VALabc":0.0,"R_BIOMASS_SA_2a":0.0,"R_ACACT5r":0.0,"R_Spt3AdT":0.0,"R_S7PI":0.0,"R_BIOMASS_SA_2b":0.0,"R_BIOMASS_SA_3a":0.0,"R_ACACT6r":0.0,"R_BIOMASS_SA_3b":0.0,"R_BIOMASS_SA_4a":0.0,"R_SADT2":0.4346383019,"R_SALCpts":0.0,"R_ACACT7r":0.0,"R_SDPDS":2.2474751466,"R_SBTD_D2":0.0,"R_BIOMASS_SA_5a":0.0,"R_BIOMASS_SA_6a":0.0,"R_ACGS":0.0,"R_BIOMASS_SA_6b":0.0,"R_SERD_L":0.0,"R_SDPTA":-2.2474751466,"R_SERAT":0.4346383019,"R_SHK3Dr":1.0952885208,"R_SERTRS":0.0,"R_BIOMASS_SA_7a":0.0,"R_BIOMASS_SA_7b":0.0,"R_BIOMASS_SA_8a":0.1580502916,"R_BIOMASS_SA_lipids_only":0.0,"R_BIOMASS_SA_nuc_only":0.0,"R_ACKr":0.4346383019,"R_SHCHCS2":0.0,"R_ACOAD6":0.0,"R_SHCHD2":0.0015805029,"R_SHCHF":0.0015805029,"R_BIOMASS_SA_only_AA":0.0,"R_SK_ahcys_c":0.0031610058,"R_SHKK":1.0952885208,"R_SHSL1":0.3097785715,"R_SK_glyclt_c":0.0047415087,"R_ACOAD7":0.0,"R_3M2OBLOXRD":0.0,"R_3M2OPLOXRD":0.0,"R_4M2OPLOXRD":0.0,"R_SHSL4r":-0.3097785715,"R_SPMDabc":0.0,"R_SQLS":0.0,"R_SSALy":0.0,"R_ADPRDP":0.0,"R_SPODM":0.0,"R_SUCBZL":0.0,"R_SUCBZS":0.0,"R_UDPG4E":0.0,"R_URIK1":0.0,"R_SUCD1":653.784962895,"R_SULR":0.4346383019,"R_URIK2":0.0,"R_ADSL1r":0.8487300659,"R_URIK3":0.7744464289,"R_URIt4":0.0,"R_UMPK":19.0434796352,"R_UAGPT3":0.0,"R_URFGTT":0.0,"R_SUCOAS":-651.5374877484,"R_SUCpts":0.0,"R_SUCD4":753.4498962768,"R_TALA":-0.6343085036,"R_TGBPA":0.0,"R_THDPS":2.2474751466,"R_VALTA":-0.6511672014,"R_THRA":0.0,"R_AKP1":0.0047415087,"R_THRTRS":0.0,"R_THRD_L":93.7202375812,"R_TYRTA":-0.3635156707,"R_UAG2E":5.025999273,"R_VALt2r":0.0,"R_ZNabc":0.0,"R_THRS":94.1216853219,"R_TRPS1":0.2007238703,"R_TKT1":-0.6343085036,"R_GLYabc":0.0,"R_TKT2":-1.7295970244,"R_TMPPP":0.0,"R_UAAGDS":0.0,"R_TMDS":0.1153767129,"R_UAG2EMA":0.0,"R_SERabc":0.0,"R_UAGDP":23.9541021953,"R_TPI":683.2823937243,"R_DALAt2r":0.0,"R_TRE6PH":0.0,"R_TRDR":0.8487300659,"R_UAGCVT":0.2813295191,"R_UAMAGS":0.0,"R_UAMAS":0.0,"R_UAPGR":0.2813295191,"R_UDCPKr":0.0,"R_UDPDPS":0.0,"R_TREpts":0.0,"R_ALCD1":0.0,"R_G1SAT":0.0252880467,"R_G3PCT":125.6499818242,"R_UGMDDS":0.0,"R_UPP3MT":0.0015805029,"R_UPP3S":0.0031610058,"R_UPPDC1":0.0015805029,"R_RIBabc":0.0,"R_ATPS4r":2908.2639886418,"R_GLCpts":999.0,"R_GLYC3Pabc":0.0,"R_UPPDC2":0.0,"R_URCN":0.0,"R_UPPRT":0.0,"R_RNDR2":0.094830175,"R_ANS":0.2007238703,"R_RNDR3":0.0837666545,"R_RNDR4":0.1153767129,"R_URAt2":0.0,"R_UREAt":0.0,"R_UREA":0.0,"R_GPDDA4":0.0,"R_URIDK2r":-0.1153767129,"R_GPDDA5":0.0,"R_RBFSa":0.0031610058,"R_KAS13":8.0962833526,"R_KAS14":0.0,"R_XANt":0.0,"R_XANt2":0.0,"R_XPPT":0.0,"R_YUMPS":0.0,"R_KAS15":0.0,"R_PMDPHT":0.0015805029,"R_KAS17":0.0,"R_KAS19SA":12.9819715826,"R_GLYBabc":0.0,"R_KAS2":0.2791821846,"R_KAS20SA":4.397119407,"R_KAS1":0.9073420999,"R_KAS3":11.8259510044,"R_CYTBD":3704.9250147141,"R_KAS4":55.3297549904,"R_KAS5":0.0,"R_DHQTi":1.0952885208,"R_KAS6":2.3106813864,"R_CRNabc":0.0,"R_KAS7":0.0,"R_KAS10":0.0,"R_KAS8":1.6910561869,"R_KAS9":0.0,"R_PUNP1":0.0,"R_TECA2S":1.675333091,"R_NADH8":0.0,"R_ECOAH2":0.0,"R_KAS16":0.0,"R_NADH9":0.0,"R_NDPK9":0.7744464289,"R_NDPK1":1.7211676756,"R_NDPK2":79.5936210902,"R_ECOAH3":0.0,"R_NDPK3":192.0311042974,"R_ECOAH4":0.0,"R_PPNCL2":0.0,"R_TECA1S":1.675333091,"R_TECA3S":1.675333091,"R_TECA4S":0.452023834,"R_ECOAH5":0.0,"R_ECOAH6":0.0,"R_ECOAH7":0.0,"R_HACD7":0.0,"R_KAS11":10.4815017939,"R_KAS12":24.4570482528,"R_OIVD3":92.7687748258,"R_OIVD1r":22.3074527983,"R_OIVD2":3.2180234863}]