[{"data_set_value_component_environment_variable_time":0.0,"data_set_value_component_T_variable_T":1000000.0,"data_set_value_component_T_variable_lamda":10000.0,"data_set_value_component_T_variable_d":0.01,"data_set_value_component_T__variable_T_":1.0,"data_set_value_component_T__variable_tau":1.5,"data_set_value_component_T__variable_m":0.01,"data_set_value_component_VI_variable_VI":1.0,"data_set_value_component_VNI_variable_VNI":2.0,"data_set_value_component_epsilon_PI_variable_epsilon_PI":0.0,"data_set_value_component_epsilon_PI_variable_IC50":0.0000009,"data_set_value_component_Cb_variable_Cb":0.0,"data_set_value_component_Cb_variable_Vd":28000.0,"data_set_value_component_Cb_variable_F":1.0,"data_set_value_component_Cb_variable_D":600.0,"data_set_value_component_Cc_variable_Cc":0.0,"data_set_value_component_Cc_variable_kacell":24000.0,"data_set_value_component_Cc_variable_kecell":1.1,"data_set_value_component_Cx_variable_Cx":0.0,"data_set_value_component_Cx_variable_H":0.052,"data_set_value_component_Cx_variable_fb":0.99,"data_set_value_component_kinetic_parameters_variable_N":2500.0,"data_set_value_component_kinetic_parameters_variable_c":23.0,"data_set_value_component_kinetic_parameters_variable_k":0.000000024,"data_set_value_component_kinetic_parameters_variable_delta":0.01,"data_set_value_component_kinetic_parameters_variable_ka":14.64,"data_set_value_component_kinetic_parameters_variable_ke":6.86},{"data_set_value_component_environment_variable_time":0.1,"data_set_value_component_T_variable_T":999999.9986629988,"data_set_value_component_T_variable_lamda":10000.0,"data_set_value_component_T_variable_d":0.01,"data_set_value_component_T__variable_T_":1.0018151573,"data_set_value_component_T__variable_tau":1.5,"data_set_value_component_T__variable_m":0.01,"data_set_value_component_VI_variable_VI":0.2639369851,"data_set_value_component_VNI_variable_VNI":1.0163221046,"data_set_value_component_epsilon_PI_variable_epsilon_PI":0.8638203931,"data_set_value_component_epsilon_PI_variable_IC50":0.0000009,"data_set_value_component_Cb_variable_Cb":0.0109790809,"data_set_value_component_Cb_variable_Vd":28000.0,"data_set_value_component_Cb_variable_F":1.0,"data_set_value_component_Cb_variable_D":600.0,"data_set_value_component_Cc_variable_Cc":0.0000057089,"data_set_value_component_Cc_variable_kacell":24000.0,"data_set_value_component_Cc_variable_kecell":1.1,"data_set_value_component_Cx_variable_Cx":0.0000000002,"data_set_value_component_Cx_variable_H":0.052,"data_set_value_component_Cx_variable_fb":0.99,"data_set_value_component_kinetic_parameters_variable_N":2500.0,"data_set_value_component_kinetic_parameters_variable_c":23.0,"data_set_value_component_kinetic_parameters_variable_k":0.000000024,"data_set_value_component_kinetic_parameters_variable_delta":0.01,"data_set_value_component_kinetic_parameters_variable_ka":14.64,"data_set_value_component_kinetic_parameters_variable_ke":6.86},{"data_set_value_component_environment_variable_time":0.2,"data_set_value_component_T_variable_T":999999.9981918986,"data_set_value_component_T_variable_lamda":10000.0,"data_set_value_component_T_variable_d":0.01,"data_set_value_component_T__variable_T_":1.001667037,"data_set_value_component_T__variable_tau":1.5,"data_set_value_component_T__variable_m":0.01,"data_set_value_component_VI_variable_VI":0.1686063851,"data_set_value_component_VNI_variable_VNI":0.9394426329,"data_set_value_component_epsilon_PI_variable_epsilon_PI":0.8506248711,"data_set_value_component_epsilon_PI_variable_IC50":0.0000009,"data_set_value_component_Cb_variable_Cb":0.008068478,"data_set_value_component_Cb_variable_Vd":28000.0,"data_set_value_component_Cb_variable_F":1.0,"data_set_value_component_Cb_variable_D":600.0,"data_set_value_component_Cc_variable_Cc":0.0000051251,"data_set_value_component_Cc_variable_kacell":24000.0,"data_set_value_component_Cc_variable_kecell":1.1,"data_set_value_component_Cx_variable_Cx":0.0,"data_set_value_component_Cx_variable_H":0.052,"data_set_value_component_Cx_variable_fb":0.99,"data_set_value_component_kinetic_parameters_variable_N":2500.0,"data_set_value_component_kinetic_parameters_variable_c":23.0,"data_set_value_component_kinetic_parameters_variable_k":0.000000024,"data_set_value_component_kinetic_parameters_variable_delta":0.01,"data_set_value_component_kinetic_parameters_variable_ka":14.64,"data_set_value_component_kinetic_parameters_variable_ke":6.86},{"data_set_value_component_environment_variable_time":0.3,"data_set_value_component_T_variable_T":999999.9977892352,"data_set_value_component_T_variable_lamda":10000.0,"data_set_value_component_T_variable_d":0.01,"data_set_value_component_T__variable_T_":1.0012885273,"data_set_value_component_T__variable_tau":1.5,"data_set_value_component_T__variable_m":0.01,"data_set_value_component_VI_variable_VI":0.1727374323,"data_set_value_component_VNI_variable_VNI":0.9177188939,"data_set_value_component_epsilon_PI_variable_epsilon_PI":0.8361025607,"data_set_value_component_epsilon_PI_variable_IC50":0.0000009,"data_set_value_component_Cb_variable_Cb":0.0046505998,"data_set_value_component_Cb_variable_Vd":28000.0,"data_set_value_component_Cb_variable_F":1.0,"data_set_value_component_Cb_variable_D":600.0,"data_set_value_component_Cc_variable_Cc":0.0000045912,"data_set_value_component_Cc_variable_kacell":24000.0,"data_set_value_component_Cc_variable_kecell":1.1,"data_set_value_component_Cx_variable_Cx":0.0,"data_set_value_component_Cx_variable_H":0.052,"data_set_value_component_Cx_variable_fb":0.99,"data_set_value_component_kinetic_parameters_variable_N":2500.0,"data_set_value_component_kinetic_parameters_variable_c":23.0,"data_set_value_component_kinetic_parameters_variable_k":0.000000024,"data_set_value_component_kinetic_parameters_variable_delta":0.01,"data_set_value_component_kinetic_parameters_variable_ka":14.64,"data_set_value_component_kinetic_parameters_variable_ke":6.86},{"data_set_value_component_environment_variable_time":0.4,"data_set_value_component_T_variable_T":999999.9973594372,"data_set_value_component_T_variable_lamda":10000.0,"data_set_value_component_T_variable_d":0.01,"data_set_value_component_T__variable_T_":1.0008502133,"data_set_value_component_T__variable_tau":1.5,"data_set_value_component_T__variable_m":0.01,"data_set_value_component_VI_variable_VI":0.1880385131,"data_set_value_component_VNI_variable_VNI":0.9002427572,"data_set_value_component_epsilon_PI_variable_epsilon_PI":0.8204663767,"data_set_value_component_epsilon_PI_variable_IC50":0.0000009,"data_set_value_component_Cb_variable_Cb":0.0024778553,"data_set_value_component_Cb_variable_Vd":28000.0,"data_set_value_component_Cb_variable_F":1.0,"data_set_value_component_Cb_variable_D":600.0,"data_set_value_component_Cc_variable_Cc":0.000004113,"data_set_value_component_Cc_variable_kacell":24000.0,"data_set_value_component_Cc_variable_kecell":1.1,"data_set_value_component_Cx_variable_Cx":0.0,"data_set_value_component_Cx_variable_H":0.052,"data_set_value_component_Cx_variable_fb":0.99,"data_set_value_component_kinetic_parameters_variable_N":2500.0,"data_set_value_component_kinetic_parameters_variable_c":23.0,"data_set_value_component_kinetic_parameters_variable_k":0.000000024,"data_set_value_component_kinetic_parameters_variable_delta":0.01,"data_set_value_component_kinetic_parameters_variable_ka":14.64,"data_set_value_component_kinetic_parameters_variable_ke":6.86},{"data_set_value_component_environment_variable_time":0.5,"data_set_value_component_T_variable_T":999999.996890298,"data_set_value_component_T_variable_lamda":10000.0,"data_set_value_component_T_variable_d":0.01,"data_set_value_component_T__variable_T_":1.000361909,"data_set_value_component_T__variable_tau":1.5,"data_set_value_component_T__variable_m":0.01,"data_set_value_component_VI_variable_VI":0.2055461568,"data_set_value_component_VNI_variable_VNI":0.8820557586,"data_set_value_component_epsilon_PI_variable_epsilon_PI":0.8036887131,"data_set_value_component_epsilon_PI_variable_IC50":0.0000009,"data_set_value_component_Cb_variable_Cb":0.0012792437,"data_set_value_component_Cb_variable_Vd":28000.0,"data_set_value_component_Cb_variable_F":1.0,"data_set_value_component_Cb_variable_D":600.0,"data_set_value_component_Cc_variable_Cc":0.0000036846,"data_set_value_component_Cc_variable_kacell":24000.0,"data_set_value_component_Cc_variable_kecell":1.1,"data_set_value_component_Cx_variable_Cx":0.0,"data_set_value_component_Cx_variable_H":0.052,"data_set_value_component_Cx_variable_fb":0.99,"data_set_value_component_kinetic_parameters_variable_N":2500.0,"data_set_value_component_kinetic_parameters_variable_c":23.0,"data_set_value_component_kinetic_parameters_variable_k":0.000000024,"data_set_value_component_kinetic_parameters_variable_delta":0.01,"data_set_value_component_kinetic_parameters_variable_ka":14.64,"data_set_value_component_kinetic_parameters_variable_ke":6.86},{"data_set_value_component_environment_variable_time":0.6,"data_set_value_component_T_variable_T":999999.9963780026,"data_set_value_component_T_variable_lamda":10000.0,"data_set_value_component_T_variable_d":0.01,"data_set_value_component_T__variable_T_":0.9998199836,"data_set_value_component_T__variable_tau":1.5,"data_set_value_component_T__variable_m":0.01,"data_set_value_component_VI_variable_VI":0.2243773638,"data_set_value_component_VNI_variable_VNI":0.8626434333,"data_set_value_component_epsilon_PI_variable_epsilon_PI":0.7857525767,"data_set_value_component_epsilon_PI_variable_IC50":0.0000009,"data_set_value_component_Cb_variable_Cb":0.0006514797,"data_set_value_component_Cb_variable_Vd":28000.0,"data_set_value_component_Cb_variable_F":1.0,"data_set_value_component_Cb_variable_D":600.0,"data_set_value_component_Cc_variable_Cc":0.0000033008,"data_set_value_component_Cc_variable_kacell":24000.0,"data_set_value_component_Cc_variable_kecell":1.1,"data_set_value_component_Cx_variable_Cx":0.0,"data_set_value_component_Cx_variable_H":0.052,"data_set_value_component_Cx_variable_fb":0.99,"data_set_value_component_kinetic_parameters_variable_N":2500.0,"data_set_value_component_kinetic_parameters_variable_c":23.0,"data_set_value_component_kinetic_parameters_variable_k":0.000000024,"data_set_value_component_kinetic_parameters_variable_delta":0.01,"data_set_value_component_kinetic_parameters_variable_ka":14.64,"data_set_value_component_kinetic_parameters_variable_ke":6.86},{"data_set_value_component_environment_variable_time":0.7,"data_set_value_component_T_variable_T":999999.9958195562,"data_set_value_component_T_variable_lamda":10000.0,"data_set_value_component_T_variable_d":0.01,"data_set_value_component_T__variable_T_":0.9992204924,"data_set_value_component_T__variable_tau":1.5,"data_set_value_component_T__variable_m":0.01,"data_set_value_component_VI_variable_VI":0.2444472254,"data_set_value_component_VNI_variable_VNI":0.8419474198,"data_set_value_component_epsilon_PI_variable_epsilon_PI":0.7666534925,"data_set_value_component_epsilon_PI_variable_IC50":0.0000009,"data_set_value_component_Cb_variable_Cb":0.0003297579,"data_set_value_component_Cb_variable_Vd":28000.0,"data_set_value_component_Cb_variable_F":1.0,"data_set_value_component_Cb_variable_D":600.0,"data_set_value_component_Cc_variable_Cc":0.0000029569,"data_set_value_component_Cc_variable_kacell":24000.0,"data_set_value_component_Cc_variable_kecell":1.1,"data_set_value_component_Cx_variable_Cx":0.0,"data_set_value_component_Cx_variable_H":0.052,"data_set_value_component_Cx_variable_fb":0.99,"data_set_value_component_kinetic_parameters_variable_N":2500.0,"data_set_value_component_kinetic_parameters_variable_c":23.0,"data_set_value_component_kinetic_parameters_variable_k":0.000000024,"data_set_value_component_kinetic_parameters_variable_delta":0.01,"data_set_value_component_kinetic_parameters_variable_ka":14.64,"data_set_value_component_kinetic_parameters_variable_ke":6.86},{"data_set_value_component_environment_variable_time":0.8,"data_set_value_component_T_variable_T":999999.9952120576,"data_set_value_component_T_variable_lamda":10000.0,"data_set_value_component_T_variable_d":0.01,"data_set_value_component_T__variable_T_":0.9985605818,"data_set_value_component_T__variable_tau":1.5,"data_set_value_component_T__variable_m":0.01,"data_set_value_component_VI_variable_VI":0.2657365642,"data_set_value_component_VNI_variable_VNI":0.8199696188,"data_set_value_component_epsilon_PI_variable_epsilon_PI":0.7464013247,"data_set_value_component_epsilon_PI_variable_IC50":0.0000009,"data_set_value_component_Cb_variable_Cb":0.0001664506,"data_set_value_component_Cb_variable_Vd":28000.0,"data_set_value_component_Cb_variable_F":1.0,"data_set_value_component_Cb_variable_D":600.0,"data_set_value_component_Cc_variable_Cc":0.0000026489,"data_set_value_component_Cc_variable_kacell":24000.0,"data_set_value_component_Cc_variable_kecell":1.1,"data_set_value_component_Cx_variable_Cx":0.0,"data_set_value_component_Cx_variable_H":0.052,"data_set_value_component_Cx_variable_fb":0.99,"data_set_value_component_kinetic_parameters_variable_N":2500.0,"data_set_value_component_kinetic_parameters_variable_c":23.0,"data_set_value_component_kinetic_parameters_variable_k":0.000000024,"data_set_value_component_kinetic_parameters_variable_delta":0.01,"data_set_value_component_kinetic_parameters_variable_ka":14.64,"data_set_value_component_kinetic_parameters_variable_ke":6.86},{"data_set_value_component_environment_variable_time":0.9,"data_set_value_component_T_variable_T":999999.994552662,"data_set_value_component_T_variable_lamda":10000.0,"data_set_value_component_T_variable_d":0.01,"data_set_value_component_T__variable_T_":0.9978389226,"data_set_value_component_T__variable_tau":1.5,"data_set_value_component_T__variable_m":0.01,"data_set_value_component_VI_variable_VI":0.2882164551,"data_set_value_component_VNI_variable_VNI":0.796734163,"data_set_value_component_epsilon_PI_variable_epsilon_PI":0.7250219052,"data_set_value_component_epsilon_PI_variable_IC50":0.0000009,"data_set_value_component_Cb_variable_Cb":0.0000839122,"data_set_value_component_Cb_variable_Vd":28000.0,"data_set_value_component_Cb_variable_F":1.0,"data_set_value_component_Cb_variable_D":600.0,"data_set_value_component_Cc_variable_Cc":0.000002373,"data_set_value_component_Cc_variable_kacell":24000.0,"data_set_value_component_Cc_variable_kecell":1.1,"data_set_value_component_Cx_variable_Cx":0.0,"data_set_value_component_Cx_variable_H":0.052,"data_set_value_component_Cx_variable_fb":0.99,"data_set_value_component_kinetic_parameters_variable_N":2500.0,"data_set_value_component_kinetic_parameters_variable_c":23.0,"data_set_value_component_kinetic_parameters_variable_k":0.000000024,"data_set_value_component_kinetic_parameters_variable_delta":0.01,"data_set_value_component_kinetic_parameters_variable_ka":14.64,"data_set_value_component_kinetic_parameters_variable_ke":6.86},{"data_set_value_component_environment_variable_time":1.0,"data_set_value_component_T_variable_T":999999.9938386148,"data_set_value_component_T_variable_lamda":10000.0,"data_set_value_component_T_variable_d":0.01,"data_set_value_component_T__variable_T_":0.9970560606,"data_set_value_component_T__variable_tau":1.5,"data_set_value_component_T__variable_m":0.01,"data_set_value_component_VI_variable_VI":0.3118419842,"data_set_value_component_VNI_variable_VNI":0.7722864304,"data_set_value_component_epsilon_PI_variable_epsilon_PI":0.7025583593,"data_set_value_component_epsilon_PI_variable_IC50":0.0000009,"data_set_value_component_Cb_variable_Cb":0.0000422779,"data_set_value_component_Cb_variable_Vd":28000.0,"data_set_value_component_Cb_variable_F":1.0,"data_set_value_component_Cb_variable_D":600.0,"data_set_value_component_Cc_variable_Cc":0.0000021258,"data_set_value_component_Cc_variable_kacell":24000.0,"data_set_value_component_Cc_variable_kecell":1.1,"data_set_value_component_Cx_variable_Cx":0.0,"data_set_value_component_Cx_variable_H":0.052,"data_set_value_component_Cx_variable_fb":0.99,"data_set_value_component_kinetic_parameters_variable_N":2500.0,"data_set_value_component_kinetic_parameters_variable_c":23.0,"data_set_value_component_kinetic_parameters_variable_k":0.000000024,"data_set_value_component_kinetic_parameters_variable_delta":0.01,"data_set_value_component_kinetic_parameters_variable_ka":14.64,"data_set_value_component_kinetic_parameters_variable_ke":6.86}]