[{"data_set_value_component_environment_variable_time":0.0,"data_set_value_component_main_variable_v_1":0.0,"data_set_value_component_main_variable_v_2":0.0,"data_set_value_component_main_variable_v_3":0.0,"data_set_value_component_main_variable_v_4":0.0,"data_set_value_component_main_variable_v_5":0.0,"data_set_value_component_main_variable_v_6":0.0,"data_set_value_component_main_variable_v_7":0.0,"data_set_value_component_main_variable_v_8":0.175,"data_set_value_component_main_variable_v_9":0.0,"data_set_value_component_main_variable_v_10":0.0,"data_set_value_component_main_variable_v_11":0.0,"data_set_value_component_main_variable_v_12":2.45,"data_set_value_component_main_variable_v_13":0.0,"data_set_value_component_main_variable_v_14":0.0,"data_set_value_component_main_variable_v_15":0.0,"data_set_value_component_main_variable_v_16":0.0,"data_set_value_component_main_variable_v_17":0.0,"data_set_value_component_main_variable_v_18":0.0,"data_set_value_component_main_variable_v_19":0.0,"data_set_value_component_main_variable_v_20":0.0,"data_set_value_component_main_variable_v_21":0.0,"data_set_value_component_main_variable_v_22":0.0,"data_set_value_component_main_variable_k_1":355.637,"data_set_value_component_main_variable_k_2":0.0,"data_set_value_component_main_variable_k_3":0.0,"data_set_value_component_main_variable_k_4":0.0,"data_set_value_component_main_variable_k_5":0.0,"data_set_value_component_main_variable_k_6":0.33,"data_set_value_component_main_variable_k_7":0.0,"data_set_value_component_main_variable_k_8":0.007,"data_set_value_component_main_variable_k_9":0.187,"data_set_value_component_main_variable_k_10":0.024,"data_set_value_component_main_variable_k_11":0.111,"data_set_value_component_main_variable_k_12":0.098,"data_set_value_component_main_variable_k_13":0.204,"data_set_value_component_main_variable_k_14":0.0,"data_set_value_component_main_variable_k_15":0.061,"data_set_value_component_main_variable_k_16":0.0,"data_set_value_component_main_variable_k_17":3.116,"data_set_value_component_main_variable_k_18":0.054,"data_set_value_component_main_variable_k_19":0.029,"data_set_value_component_main_variable_k_20":0.014,"data_set_value_component_main_variable_k_21":0.034,"data_set_value_component_main_variable_k_22":0.116,"data_set_value_component_main_variable_LPS":0.0,"data_set_value_component_main_variable_PIP_2":1.0,"data_set_value_component_main_variable_DG":0.0,"data_set_value_component_main_variable_GPCho":1.0,"data_set_value_component_main_variable_AA":25.0,"data_set_value_component_main_variable_HETE":0.0,"data_set_value_component_main_variable_PGH_2":0.0,"data_set_value_component_main_variable_PGE_2":0.0,"data_set_value_component_main_variable_PGF_2a":0.0,"data_set_value_component_main_variable_PGD_2":0.0,"data_set_value_component_main_variable_PGJ_2":0.0,"data_set_value_component_main_variable_dPGD_2":0.0,"data_set_value_component_main_variable_dPGJ_2":0.0},{"data_set_value_component_environment_variable_time":0.1,"data_set_value_component_main_variable_v_1":71.1274,"data_set_value_component_main_variable_v_2":0.0,"data_set_value_component_main_variable_v_3":0.0,"data_set_value_component_main_variable_v_4":0.0,"data_set_value_component_main_variable_v_5":0.0,"data_set_value_component_main_variable_v_6":0.066,"data_set_value_component_main_variable_v_7":0.0,"data_set_value_component_main_variable_v_8":0.1977969523,"data_set_value_component_main_variable_v_9":0.0033780226,"data_set_value_component_main_variable_v_10":0.0,"data_set_value_component_main_variable_v_11":0.627298906,"data_set_value_component_main_variable_v_12":2.7691573327,"data_set_value_component_main_variable_v_13":0.0497447893,"data_set_value_component_main_variable_v_14":2.467007058e-18,"data_set_value_component_main_variable_v_15":0.0148746674,"data_set_value_component_main_variable_v_16":7.376834831e-19,"data_set_value_component_main_variable_v_17":0.7598272725,"data_set_value_component_main_variable_v_18":0.0020292334,"data_set_value_component_main_variable_v_19":0.0010897735,"data_set_value_component_main_variable_v_20":0.0000005082,"data_set_value_component_main_variable_v_21":0.000002297,"data_set_value_component_main_variable_v_22":0.0000000067,"data_set_value_component_main_variable_k_1":355.637,"data_set_value_component_main_variable_k_2":0.0,"data_set_value_component_main_variable_k_3":0.0,"data_set_value_component_main_variable_k_4":0.0,"data_set_value_component_main_variable_k_5":0.0,"data_set_value_component_main_variable_k_6":0.33,"data_set_value_component_main_variable_k_7":0.0,"data_set_value_component_main_variable_k_8":0.007,"data_set_value_component_main_variable_k_9":0.187,"data_set_value_component_main_variable_k_10":0.024,"data_set_value_component_main_variable_k_11":0.111,"data_set_value_component_main_variable_k_12":0.098,"data_set_value_component_main_variable_k_13":0.204,"data_set_value_component_main_variable_k_14":0.0,"data_set_value_component_main_variable_k_15":0.061,"data_set_value_component_main_variable_k_16":0.0,"data_set_value_component_main_variable_k_17":3.116,"data_set_value_component_main_variable_k_18":0.054,"data_set_value_component_main_variable_k_19":0.029,"data_set_value_component_main_variable_k_20":0.014,"data_set_value_component_main_variable_k_21":0.034,"data_set_value_component_main_variable_k_22":0.116,"data_set_value_component_main_variable_LPS":0.2,"data_set_value_component_main_variable_PIP_2":1.0,"data_set_value_component_main_variable_DG":0.0,"data_set_value_component_main_variable_GPCho":1.0,"data_set_value_component_main_variable_AA":28.2567074762,"data_set_value_component_main_variable_HETE":0.0180642922,"data_set_value_component_main_variable_PGH_2":0.2438470066,"data_set_value_component_main_variable_PGE_2":0.0024670071,"data_set_value_component_main_variable_PGF_2a":0.0007376835,"data_set_value_component_main_variable_PGD_2":0.0375783964,"data_set_value_component_main_variable_PGJ_2":0.0000675577,"data_set_value_component_main_variable_dPGD_2":0.0000362992,"data_set_value_component_main_variable_dPGJ_2":0.0000000574},{"data_set_value_component_environment_variable_time":0.2,"data_set_value_component_main_variable_v_1":142.2548,"data_set_value_component_main_variable_v_2":0.0,"data_set_value_component_main_variable_v_3":0.0,"data_set_value_component_main_variable_v_4":0.0,"data_set_value_component_main_variable_v_5":0.0,"data_set_value_component_main_variable_v_6":0.132,"data_set_value_component_main_variable_v_7":0.0,"data_set_value_component_main_variable_v_8":0.2693620803,"data_set_value_component_main_variable_v_9":0.0075702387,"data_set_value_component_main_variable_v_10":0.0,"data_set_value_component_main_variable_v_11":1.7085251949,"data_set_value_component_main_variable_v_12":3.7710691238,"data_set_value_component_main_variable_v_13":0.1113448444,"data_set_value_component_main_variable_v_14":1.034125183e-17,"data_set_value_component_main_variable_v_15":0.0332942917,"data_set_value_component_main_variable_v_16":3.092237067e-18,"data_set_value_component_main_variable_v_17":1.7007379181,"data_set_value_component_main_variable_v_18":0.0084839216,"data_set_value_component_main_variable_v_19":0.0045561801,"data_set_value_component_main_variable_v_20":0.0000041447,"data_set_value_component_main_variable_v_21":0.0000187243,"data_set_value_component_main_variable_v_22":0.000000107,"data_set_value_component_main_variable_k_1":355.637,"data_set_value_component_main_variable_k_2":0.0,"data_set_value_component_main_variable_k_3":0.0,"data_set_value_component_main_variable_k_4":0.0,"data_set_value_component_main_variable_k_5":0.0,"data_set_value_component_main_variable_k_6":0.33,"data_set_value_component_main_variable_k_7":0.0,"data_set_value_component_main_variable_k_8":0.007,"data_set_value_component_main_variable_k_9":0.187,"data_set_value_component_main_variable_k_10":0.024,"data_set_value_component_main_variable_k_11":0.111,"data_set_value_component_main_variable_k_12":0.098,"data_set_value_component_main_variable_k_13":0.204,"data_set_value_component_main_variable_k_14":0.0,"data_set_value_component_main_variable_k_15":0.061,"data_set_value_component_main_variable_k_16":0.0,"data_set_value_component_main_variable_k_17":3.116,"data_set_value_component_main_variable_k_18":0.054,"data_set_value_component_main_variable_k_19":0.029,"data_set_value_component_main_variable_k_20":0.014,"data_set_value_component_main_variable_k_21":0.034,"data_set_value_component_main_variable_k_22":0.116,"data_set_value_component_main_variable_LPS":0.4,"data_set_value_component_main_variable_PIP_2":1.0,"data_set_value_component_main_variable_DG":0.0,"data_set_value_component_main_variable_GPCho":1.0,"data_set_value_component_main_variable_AA":38.4802971817,"data_set_value_component_main_variable_HETE":0.0404825599,"data_set_value_component_main_variable_PGH_2":0.545808061,"data_set_value_component_main_variable_PGE_2":0.0103412518,"data_set_value_component_main_variable_PGF_2a":0.0030922371,"data_set_value_component_main_variable_PGD_2":0.1571096584,"data_set_value_component_main_variable_PGJ_2":0.0005507148,"data_set_value_component_main_variable_dPGD_2":0.000296047,"data_set_value_component_main_variable_dPGJ_2":0.0000009228},{"data_set_value_component_environment_variable_time":0.3,"data_set_value_component_main_variable_v_1":213.3822,"data_set_value_component_main_variable_v_2":0.0,"data_set_value_component_main_variable_v_3":0.0,"data_set_value_component_main_variable_v_4":0.0,"data_set_value_component_main_variable_v_5":0.0,"data_set_value_component_main_variable_v_6":0.198,"data_set_value_component_main_variable_v_7":0.0,"data_set_value_component_main_variable_v_8":0.3887105372,"data_set_value_component_main_variable_v_9":0.0134563815,"data_set_value_component_main_variable_v_10":0.0,"data_set_value_component_main_variable_v_11":3.6983031113,"data_set_value_component_main_variable_v_12":5.4419475211,"data_set_value_component_main_variable_v_13":0.205130966,"data_set_value_component_main_variable_v_14":2.580713673e-17,"data_set_value_component_main_variable_v_15":0.061338181,"data_set_value_component_main_variable_v_16":7.716839906e-18,"data_set_value_component_main_variable_v_17":3.1332749515,"data_set_value_component_main_variable_v_18":0.0211229354,"data_set_value_component_main_variable_v_19":0.0113437986,"data_set_value_component_main_variable_v_20":0.0000147863,"data_set_value_component_main_variable_v_21":0.0000667694,"data_set_value_component_main_variable_v_22":0.0000005584,"data_set_value_component_main_variable_k_1":355.637,"data_set_value_component_main_variable_k_2":0.0,"data_set_value_component_main_variable_k_3":0.0,"data_set_value_component_main_variable_k_4":0.0,"data_set_value_component_main_variable_k_5":0.0,"data_set_value_component_main_variable_k_6":0.33,"data_set_value_component_main_variable_k_7":0.0,"data_set_value_component_main_variable_k_8":0.007,"data_set_value_component_main_variable_k_9":0.187,"data_set_value_component_main_variable_k_10":0.024,"data_set_value_component_main_variable_k_11":0.111,"data_set_value_component_main_variable_k_12":0.098,"data_set_value_component_main_variable_k_13":0.204,"data_set_value_component_main_variable_k_14":0.0,"data_set_value_component_main_variable_k_15":0.061,"data_set_value_component_main_variable_k_16":0.0,"data_set_value_component_main_variable_k_17":3.116,"data_set_value_component_main_variable_k_18":0.054,"data_set_value_component_main_variable_k_19":0.029,"data_set_value_component_main_variable_k_20":0.014,"data_set_value_component_main_variable_k_21":0.034,"data_set_value_component_main_variable_k_22":0.116,"data_set_value_component_main_variable_LPS":0.6,"data_set_value_component_main_variable_PIP_2":1.0,"data_set_value_component_main_variable_DG":0.0,"data_set_value_component_main_variable_GPCho":1.0,"data_set_value_component_main_variable_AA":55.5300767462,"data_set_value_component_main_variable_HETE":0.0719592594,"data_set_value_component_main_variable_PGH_2":1.005543951,"data_set_value_component_main_variable_PGE_2":0.0258071367,"data_set_value_component_main_variable_PGF_2a":0.0077168399,"data_set_value_component_main_variable_PGD_2":0.39116547,"data_set_value_component_main_variable_PGJ_2":0.0019638066,"data_set_value_component_main_variable_dPGD_2":0.0010561667,"data_set_value_component_main_variable_dPGJ_2":0.0000048137},{"data_set_value_component_environment_variable_time":0.4,"data_set_value_component_main_variable_v_1":284.5096,"data_set_value_component_main_variable_v_2":0.0,"data_set_value_component_main_variable_v_3":0.0,"data_set_value_component_main_variable_v_4":0.0,"data_set_value_component_main_variable_v_5":0.0,"data_set_value_component_main_variable_v_6":0.264,"data_set_value_component_main_variable_v_7":0.0,"data_set_value_component_main_variable_v_8":0.5545566098,"data_set_value_component_main_variable_v_9":0.0218788199,"data_set_value_component_main_variable_v_10":0.0,"data_set_value_component_main_variable_v_11":7.0349467074,"data_set_value_component_main_variable_v_12":7.7637925374,"data_set_value_component_main_variable_v_13":0.353050336,"data_set_value_component_main_variable_v_14":5.317107147e-17,"data_set_value_component_main_variable_v_15":0.105568973,"data_set_value_component_main_variable_v_16":1.589919294e-17,"data_set_value_component_main_variable_v_17":5.3926708189,"data_set_value_component_main_variable_v_18":0.0434337319,"data_set_value_component_main_variable_v_19":0.0233255227,"data_set_value_component_main_variable_v_20":0.0000382688,"data_set_value_component_main_variable_v_21":0.0001727342,"data_set_value_component_main_variable_v_22":0.000001862,"data_set_value_component_main_variable_k_1":355.637,"data_set_value_component_main_variable_k_2":0.0,"data_set_value_component_main_variable_k_3":0.0,"data_set_value_component_main_variable_k_4":0.0,"data_set_value_component_main_variable_k_5":0.0,"data_set_value_component_main_variable_k_6":0.33,"data_set_value_component_main_variable_k_7":0.0,"data_set_value_component_main_variable_k_8":0.007,"data_set_value_component_main_variable_k_9":0.187,"data_set_value_component_main_variable_k_10":0.024,"data_set_value_component_main_variable_k_11":0.111,"data_set_value_component_main_variable_k_12":0.098,"data_set_value_component_main_variable_k_13":0.204,"data_set_value_component_main_variable_k_14":0.0,"data_set_value_component_main_variable_k_15":0.061,"data_set_value_component_main_variable_k_16":0.0,"data_set_value_component_main_variable_k_17":3.116,"data_set_value_component_main_variable_k_18":0.054,"data_set_value_component_main_variable_k_19":0.029,"data_set_value_component_main_variable_k_20":0.014,"data_set_value_component_main_variable_k_21":0.034,"data_set_value_component_main_variable_k_22":0.116,"data_set_value_component_main_variable_LPS":0.8,"data_set_value_component_main_variable_PIP_2":1.0,"data_set_value_component_main_variable_DG":0.0,"data_set_value_component_main_variable_GPCho":1.0,"data_set_value_component_main_variable_AA":79.2223728307,"data_set_value_component_main_variable_HETE":0.1169990367,"data_set_value_component_main_variable_PGH_2":1.7306389021,"data_set_value_component_main_variable_PGE_2":0.0531710715,"data_set_value_component_main_variable_PGF_2a":0.0158991929,"data_set_value_component_main_variable_PGD_2":0.8043283689,"data_set_value_component_main_variable_PGJ_2":0.0050804181,"data_set_value_component_main_variable_dPGD_2":0.0027334833,"data_set_value_component_main_variable_dPGJ_2":0.0000160513},{"data_set_value_component_environment_variable_time":0.5,"data_set_value_component_main_variable_v_1":355.637,"data_set_value_component_main_variable_v_2":0.0,"data_set_value_component_main_variable_v_3":0.0,"data_set_value_component_main_variable_v_4":0.0,"data_set_value_component_main_variable_v_5":0.0,"data_set_value_component_main_variable_v_6":0.33,"data_set_value_component_main_variable_v_7":0.0,"data_set_value_component_main_variable_v_8":0.7653293042,"data_set_value_component_main_variable_v_9":0.033637823,"data_set_value_component_main_variable_v_10":0.0,"data_set_value_component_main_variable_v_11":12.1359361088,"data_set_value_component_main_variable_v_12":10.7146102582,"data_set_value_component_main_variable_v_13":0.5778080104,"data_set_value_component_main_variable_v_14":9.89783536e-17,"data_set_value_component_main_variable_v_15":0.1727759247,"data_set_value_component_main_variable_v_16":2.959646848e-17,"data_set_value_component_main_variable_v_17":8.8257341193,"data_set_value_component_main_variable_v_18":0.0807140235,"data_set_value_component_main_variable_v_19":0.04334642,"data_set_value_component_main_variable_v_20":0.0000837174,"data_set_value_component_main_variable_v_21":0.0003777316,"data_set_value_component_main_variable_v_22":0.0000048965,"data_set_value_component_main_variable_k_1":355.637,"data_set_value_component_main_variable_k_2":0.0,"data_set_value_component_main_variable_k_3":0.0,"data_set_value_component_main_variable_k_4":0.0,"data_set_value_component_main_variable_k_5":0.0,"data_set_value_component_main_variable_k_6":0.33,"data_set_value_component_main_variable_k_7":0.0,"data_set_value_component_main_variable_k_8":0.007,"data_set_value_component_main_variable_k_9":0.187,"data_set_value_component_main_variable_k_10":0.024,"data_set_value_component_main_variable_k_11":0.111,"data_set_value_component_main_variable_k_12":0.098,"data_set_value_component_main_variable_k_13":0.204,"data_set_value_component_main_variable_k_14":0.0,"data_set_value_component_main_variable_k_15":0.061,"data_set_value_component_main_variable_k_16":0.0,"data_set_value_component_main_variable_k_17":3.116,"data_set_value_component_main_variable_k_18":0.054,"data_set_value_component_main_variable_k_19":0.029,"data_set_value_component_main_variable_k_20":0.014,"data_set_value_component_main_variable_k_21":0.034,"data_set_value_component_main_variable_k_22":0.116,"data_set_value_component_main_variable_LPS":1.0,"data_set_value_component_main_variable_PIP_2":1.0,"data_set_value_component_main_variable_DG":0.0,"data_set_value_component_main_variable_GPCho":1.0,"data_set_value_component_main_variable_AA":109.3327577372,"data_set_value_component_main_variable_HETE":0.1798814064,"data_set_value_component_main_variable_PGH_2":2.8323922077,"data_set_value_component_main_variable_PGE_2":0.0989783536,"data_set_value_component_main_variable_PGF_2a":0.0295964685,"data_set_value_component_main_variable_PGD_2":1.4947041393,"data_set_value_component_main_variable_PGJ_2":0.0111097534,"data_set_value_component_main_variable_dPGD_2":0.005979812,"data_set_value_component_main_variable_dPGJ_2":0.0000422109},{"data_set_value_component_environment_variable_time":0.6,"data_set_value_component_main_variable_v_1":331.9278666667,"data_set_value_component_main_variable_v_2":0.0,"data_set_value_component_main_variable_v_3":0.0,"data_set_value_component_main_variable_v_4":0.0,"data_set_value_component_main_variable_v_5":0.0,"data_set_value_component_main_variable_v_6":0.308,"data_set_value_component_main_variable_v_7":0.0,"data_set_value_component_main_variable_v_8":0.9875702824,"data_set_value_component_main_variable_v_9":0.0492903022,"data_set_value_component_main_variable_v_10":0.0,"data_set_value_component_main_variable_v_11":14.6160401794,"data_set_value_component_main_variable_v_12":13.8259839535,"data_set_value_component_main_variable_v_13":0.8602385678,"data_set_value_component_main_variable_v_14":1.707273847e-16,"data_set_value_component_main_variable_v_15":0.2572281992,"data_set_value_component_main_variable_v_16":5.105083561e-17,"data_set_value_component_main_variable_v_17":13.1397224379,"data_set_value_component_main_variable_v_18":0.1389983113,"data_set_value_component_main_variable_v_19":0.0746472413,"data_set_value_component_main_variable_v_20":0.0001647124,"data_set_value_component_main_variable_v_21":0.0007429189,"data_set_value_component_main_variable_v_22":0.0000111171,"data_set_value_component_main_variable_k_1":355.637,"data_set_value_component_main_variable_k_2":0.0,"data_set_value_component_main_variable_k_3":0.0,"data_set_value_component_main_variable_k_4":0.0,"data_set_value_component_main_variable_k_5":0.0,"data_set_value_component_main_variable_k_6":0.33,"data_set_value_component_main_variable_k_7":0.0,"data_set_value_component_main_variable_k_8":0.007,"data_set_value_component_main_variable_k_9":0.187,"data_set_value_component_main_variable_k_10":0.024,"data_set_value_component_main_variable_k_11":0.111,"data_set_value_component_main_variable_k_12":0.098,"data_set_value_component_main_variable_k_13":0.204,"data_set_value_component_main_variable_k_14":0.0,"data_set_value_component_main_variable_k_15":0.061,"data_set_value_component_main_variable_k_16":0.0,"data_set_value_component_main_variable_k_17":3.116,"data_set_value_component_main_variable_k_18":0.054,"data_set_value_component_main_variable_k_19":0.029,"data_set_value_component_main_variable_k_20":0.014,"data_set_value_component_main_variable_k_21":0.034,"data_set_value_component_main_variable_k_22":0.116,"data_set_value_component_main_variable_LPS":0.9333333333,"data_set_value_component_main_variable_PIP_2":1.0,"data_set_value_component_main_variable_DG":0.0,"data_set_value_component_main_variable_GPCho":1.0,"data_set_value_component_main_variable_AA":141.0814689131,"data_set_value_component_main_variable_HETE":0.263584504,"data_set_value_component_main_variable_PGH_2":4.2168557246,"data_set_value_component_main_variable_PGE_2":0.1707273847,"data_set_value_component_main_variable_PGF_2a":0.0510508356,"data_set_value_component_main_variable_PGD_2":2.5740428018,"data_set_value_component_main_variable_PGJ_2":0.021850557,"data_set_value_component_main_variable_dPGD_2":0.0117651745,"data_set_value_component_main_variable_dPGJ_2":0.0000958371},{"data_set_value_component_environment_variable_time":0.7,"data_set_value_component_main_variable_v_1":308.2187333333,"data_set_value_component_main_variable_v_2":0.0,"data_set_value_component_main_variable_v_3":0.0,"data_set_value_component_main_variable_v_4":0.0,"data_set_value_component_main_variable_v_5":0.0,"data_set_value_component_main_variable_v_6":0.286,"data_set_value_component_main_variable_v_7":0.0,"data_set_value_component_main_variable_v_8":1.1895037684,"data_set_value_component_main_variable_v_9":0.0685802542,"data_set_value_component_main_variable_v_10":0.0,"data_set_value_component_main_variable_v_11":16.3471803604,"data_set_value_component_main_variable_v_12":16.653052758,"data_set_value_component_main_variable_v_13":1.1488618422,"data_set_value_component_main_variable_v_14":2.712219263e-16,"data_set_value_component_main_variable_v_15":0.3435322175,"data_set_value_component_main_variable_v_16":8.110067405e-17,"data_set_value_component_main_variable_v_17":17.5483014727,"data_set_value_component_main_variable_v_18":0.2204130348,"data_set_value_component_main_variable_v_19":0.1183699631,"data_set_value_component_main_variable_v_20":0.0002980567,"data_set_value_component_main_variable_v_21":0.0013438869,"data_set_value_component_main_variable_v_22":0.000022765,"data_set_value_component_main_variable_k_1":355.637,"data_set_value_component_main_variable_k_2":0.0,"data_set_value_component_main_variable_k_3":0.0,"data_set_value_component_main_variable_k_4":0.0,"data_set_value_component_main_variable_k_5":0.0,"data_set_value_component_main_variable_k_6":0.33,"data_set_value_component_main_variable_k_7":0.0,"data_set_value_component_main_variable_k_8":0.007,"data_set_value_component_main_variable_k_9":0.187,"data_set_value_component_main_variable_k_10":0.024,"data_set_value_component_main_variable_k_11":0.111,"data_set_value_component_main_variable_k_12":0.098,"data_set_value_component_main_variable_k_13":0.204,"data_set_value_component_main_variable_k_14":0.0,"data_set_value_component_main_variable_k_15":0.061,"data_set_value_component_main_variable_k_16":0.0,"data_set_value_component_main_variable_k_17":3.116,"data_set_value_component_main_variable_k_18":0.054,"data_set_value_component_main_variable_k_19":0.029,"data_set_value_component_main_variable_k_20":0.014,"data_set_value_component_main_variable_k_21":0.034,"data_set_value_component_main_variable_k_22":0.116,"data_set_value_component_main_variable_LPS":0.8666666667,"data_set_value_component_main_variable_PIP_2":1.0,"data_set_value_component_main_variable_DG":0.0,"data_set_value_component_main_variable_GPCho":1.0,"data_set_value_component_main_variable_AA":169.929109776,"data_set_value_component_main_variable_HETE":0.3667393273,"data_set_value_component_main_variable_PGH_2":5.6316756973,"data_set_value_component_main_variable_PGE_2":0.2712219263,"data_set_value_component_main_variable_PGF_2a":0.0811006741,"data_set_value_component_main_variable_PGD_2":4.0817228659,"data_set_value_component_main_variable_PGJ_2":0.0395260863,"data_set_value_component_main_variable_dPGD_2":0.0212897633,"data_set_value_component_main_variable_dPGJ_2":0.00019625},{"data_set_value_component_environment_variable_time":0.8,"data_set_value_component_main_variable_v_1":284.5096,"data_set_value_component_main_variable_v_2":0.0,"data_set_value_component_main_variable_v_3":0.0,"data_set_value_component_main_variable_v_4":0.0,"data_set_value_component_main_variable_v_5":0.0,"data_set_value_component_main_variable_v_6":0.264,"data_set_value_component_main_variable_v_7":0.0,"data_set_value_component_main_variable_v_8":1.3718374795,"data_set_value_component_main_variable_v_9":0.0910707349,"data_set_value_component_main_variable_v_10":0.0,"data_set_value_component_main_variable_v_11":17.402738312,"data_set_value_component_main_variable_v_12":19.2057247136,"data_set_value_component_main_variable_v_13":1.4247839143,"data_set_value_component_main_variable_v_14":4.000693683e-16,"data_set_value_component_main_variable_v_15":0.4260383273,"data_set_value_component_main_variable_v_16":1.196285856e-16,"data_set_value_component_main_variable_v_17":21.7628758679,"data_set_value_component_main_variable_v_18":0.3244434429,"data_set_value_component_main_variable_v_19":0.1742381452,"data_set_value_component_main_variable_v_20":0.0005009588,"data_set_value_component_main_variable_v_21":0.0022579089,"data_set_value_component_main_variable_v_22":0.0000429453,"data_set_value_component_main_variable_k_1":355.637,"data_set_value_component_main_variable_k_2":0.0,"data_set_value_component_main_variable_k_3":0.0,"data_set_value_component_main_variable_k_4":0.0,"data_set_value_component_main_variable_k_5":0.0,"data_set_value_component_main_variable_k_6":0.33,"data_set_value_component_main_variable_k_7":0.0,"data_set_value_component_main_variable_k_8":0.007,"data_set_value_component_main_variable_k_9":0.187,"data_set_value_component_main_variable_k_10":0.024,"data_set_value_component_main_variable_k_11":0.111,"data_set_value_component_main_variable_k_12":0.098,"data_set_value_component_main_variable_k_13":0.204,"data_set_value_component_main_variable_k_14":0.0,"data_set_value_component_main_variable_k_15":0.061,"data_set_value_component_main_variable_k_16":0.0,"data_set_value_component_main_variable_k_17":3.116,"data_set_value_component_main_variable_k_18":0.054,"data_set_value_component_main_variable_k_19":0.029,"data_set_value_component_main_variable_k_20":0.014,"data_set_value_component_main_variable_k_21":0.034,"data_set_value_component_main_variable_k_22":0.116,"data_set_value_component_main_variable_LPS":0.8,"data_set_value_component_main_variable_PIP_2":1.0,"data_set_value_component_main_variable_DG":0.0,"data_set_value_component_main_variable_GPCho":1.0,"data_set_value_component_main_variable_AA":195.9767827923,"data_set_value_component_main_variable_HETE":0.4870092774,"data_set_value_component_main_variable_PGH_2":6.9842348742,"data_set_value_component_main_variable_PGE_2":0.4000693683,"data_set_value_component_main_variable_PGF_2a":0.1196285856,"data_set_value_component_main_variable_PGD_2":6.0082119048,"data_set_value_component_main_variable_PGJ_2":0.0664090845,"data_set_value_component_main_variable_dPGD_2":0.0357827731,"data_set_value_component_main_variable_dPGJ_2":0.0003702177},{"data_set_value_component_environment_variable_time":0.9,"data_set_value_component_main_variable_v_1":260.8004666667,"data_set_value_component_main_variable_v_2":0.0,"data_set_value_component_main_variable_v_3":0.0,"data_set_value_component_main_variable_v_4":0.0,"data_set_value_component_main_variable_v_5":0.0,"data_set_value_component_main_variable_v_6":0.242,"data_set_value_component_main_variable_v_7":0.0,"data_set_value_component_main_variable_v_8":1.5352220459,"data_set_value_component_main_variable_v_9":0.1163454734,"data_set_value_component_main_variable_v_10":0.0,"data_set_value_component_main_variable_v_11":17.8524392194,"data_set_value_component_main_variable_v_12":21.4931086425,"data_set_value_component_main_variable_v_13":1.6759337558,"data_set_value_component_main_variable_v_14":5.553480624e-16,"data_set_value_component_main_variable_v_15":0.5011370544,"data_set_value_component_main_variable_v_16":1.660599598e-16,"data_set_value_component_main_variable_v_17":25.5990665833,"data_set_value_component_main_variable_v_18":0.4493234478,"data_set_value_component_main_variable_v_19":0.2413033331,"data_set_value_component_main_variable_v_20":0.0007897118,"data_set_value_component_main_variable_v_21":0.0035579667,"data_set_value_component_main_variable_v_22":0.0000755977,"data_set_value_component_main_variable_k_1":355.637,"data_set_value_component_main_variable_k_2":0.0,"data_set_value_component_main_variable_k_3":0.0,"data_set_value_component_main_variable_k_4":0.0,"data_set_value_component_main_variable_k_5":0.0,"data_set_value_component_main_variable_k_6":0.33,"data_set_value_component_main_variable_k_7":0.0,"data_set_value_component_main_variable_k_8":0.007,"data_set_value_component_main_variable_k_9":0.187,"data_set_value_component_main_variable_k_10":0.024,"data_set_value_component_main_variable_k_11":0.111,"data_set_value_component_main_variable_k_12":0.098,"data_set_value_component_main_variable_k_13":0.204,"data_set_value_component_main_variable_k_14":0.0,"data_set_value_component_main_variable_k_15":0.061,"data_set_value_component_main_variable_k_16":0.0,"data_set_value_component_main_variable_k_17":3.116,"data_set_value_component_main_variable_k_18":0.054,"data_set_value_component_main_variable_k_19":0.029,"data_set_value_component_main_variable_k_20":0.014,"data_set_value_component_main_variable_k_21":0.034,"data_set_value_component_main_variable_k_22":0.116,"data_set_value_component_main_variable_LPS":0.7333333333,"data_set_value_component_main_variable_PIP_2":1.0,"data_set_value_component_main_variable_DG":0.0,"data_set_value_component_main_variable_GPCho":1.0,"data_set_value_component_main_variable_AA":219.317435128,"data_set_value_component_main_variable_HETE":0.6221683067,"data_set_value_component_main_variable_PGH_2":8.2153615479,"data_set_value_component_main_variable_PGE_2":0.5553480624,"data_set_value_component_main_variable_PGF_2a":0.1660599598,"data_set_value_component_main_variable_PGD_2":8.3208045883,"data_set_value_component_main_variable_PGJ_2":0.1046460781,"data_set_value_component_main_variable_dPGD_2":0.0564079867,"data_set_value_component_main_variable_dPGJ_2":0.0006517041},{"data_set_value_component_environment_variable_time":1.0,"data_set_value_component_main_variable_v_1":237.0913333333,"data_set_value_component_main_variable_v_2":0.0,"data_set_value_component_main_variable_v_3":0.0,"data_set_value_component_main_variable_v_4":0.0,"data_set_value_component_main_variable_v_5":0.0,"data_set_value_component_main_variable_v_6":0.22,"data_set_value_component_main_variable_v_7":0.0,"data_set_value_component_main_variable_v_8":1.6802539321,"data_set_value_component_main_variable_v_9":0.1440074546,"data_set_value_component_main_variable_v_10":0.0,"data_set_value_component_main_variable_v_11":17.762684425,"data_set_value_component_main_variable_v_12":23.5235550494,"data_set_value_component_main_variable_v_13":1.8950275625,"data_set_value_component_main_variable_v_14":7.341835658e-16,"data_set_value_component_main_variable_v_15":0.5666503986,"data_set_value_component_main_variable_v_16":2.195352819e-16,"data_set_value_component_main_variable_v_17":28.9456170826,"data_set_value_component_main_variable_v_18":0.5925192066,"data_set_value_component_main_variable_v_19":0.3182047591,"data_set_value_component_main_variable_v_20":0.0011789444,"data_set_value_component_main_variable_v_21":0.0053093786,"data_set_value_component_main_variable_v_22":0.0001254164,"data_set_value_component_main_variable_k_1":355.637,"data_set_value_component_main_variable_k_2":0.0,"data_set_value_component_main_variable_k_3":0.0,"data_set_value_component_main_variable_k_4":0.0,"data_set_value_component_main_variable_k_5":0.0,"data_set_value_component_main_variable_k_6":0.33,"data_set_value_component_main_variable_k_7":0.0,"data_set_value_component_main_variable_k_8":0.007,"data_set_value_component_main_variable_k_9":0.187,"data_set_value_component_main_variable_k_10":0.024,"data_set_value_component_main_variable_k_11":0.111,"data_set_value_component_main_variable_k_12":0.098,"data_set_value_component_main_variable_k_13":0.204,"data_set_value_component_main_variable_k_14":0.0,"data_set_value_component_main_variable_k_15":0.061,"data_set_value_component_main_variable_k_16":0.0,"data_set_value_component_main_variable_k_17":3.116,"data_set_value_component_main_variable_k_18":0.054,"data_set_value_component_main_variable_k_19":0.029,"data_set_value_component_main_variable_k_20":0.014,"data_set_value_component_main_variable_k_21":0.034,"data_set_value_component_main_variable_k_22":0.116,"data_set_value_component_main_variable_LPS":0.6666666667,"data_set_value_component_main_variable_PIP_2":1.0,"data_set_value_component_main_variable_DG":0.0,"data_set_value_component_main_variable_GPCho":1.0,"data_set_value_component_main_variable_AA":240.0362760139,"data_set_value_component_main_variable_HETE":0.77009334,"data_set_value_component_main_variable_PGH_2":9.2893507967,"data_set_value_component_main_variable_PGE_2":0.7341835658,"data_set_value_component_main_variable_PGF_2a":0.2195352819,"data_set_value_component_main_variable_PGD_2":10.9725778992,"data_set_value_component_main_variable_PGJ_2":0.1561581935,"data_set_value_component_main_variable_dPGD_2":0.0842103122,"data_set_value_component_main_variable_dPGJ_2":0.0010811757}]