[{"data_set_value_component_environment_variable_time":0.0,"data_set_value_component_Q_Ca_p_variable_Q_Ca_p":1.0,"data_set_value_component_Q_P_p_variable_Q_P_p":1.0,"data_set_value_component_Q_P_c_variable_Q_P_c":3226.0,"data_set_value_component_Q_PTH_p_variable_Q_PTH_p":1.0,"data_set_value_component_Q_Ca_b_variable_Q_Ca_b":100.0,"data_set_value_component_Q_P_b_variable_Q_P_b":1.0,"data_set_value_component_Q_E_k_variable_Q_E_k":1.0,"data_set_value_component_Q_D_p_variable_Q_D_p":1.0,"data_set_value_component_Q_TCa_i_variable_Q_TCa_i":1.0,"data_set_value_component_Q_C_PT_variable_Q_C_PT":1.0,"data_set_value_component_Q_TP_k_variable_Q_TP_k":1.0,"data_set_value_component_model_fluxes_variable_J_bp_Ca":3.3,"data_set_value_component_model_fluxes_variable_J_pb_Ca":100.0,"data_set_value_component_model_fluxes_variable_J_bp_P":1.5312,"data_set_value_component_model_fluxes_variable_J_pb_P":46.4,"data_set_value_component_model_fluxes_variable_J_pu_Ca":0.21,"data_set_value_component_model_fluxes_variable_J_pu_P":1.27,"data_set_value_component_model_fluxes_variable_J_ip_Ca":-1.42,"data_set_value_component_model_fluxes_variable_J_ip_P":1.0,"data_set_value_component_model_fluxes_variable_J_pc_P":62.16,"data_set_value_component_model_fluxes_variable_J_cp_P":3226.0,"data_set_value_component_model_fluxes_variable_S_PTH":-0.0001881194,"data_set_value_component_model_fluxes_variable_J_P_ing":1.0,"data_set_value_component_model_fluxes_variable_Stoic_Ca_P":0.464,"data_set_value_component_model_fluxes_variable_k_Ca_i":1.0,"data_set_value_component_model_parameters_variable_k1_D":0.02,"data_set_value_component_model_parameters_variable_k2_D":0.02,"data_set_value_component_model_parameters_variable_k3_D":0.01,"data_set_value_component_model_parameters_variable_k4_D":0.01,"data_set_value_component_model_parameters_variable_k1_P":0.0023740894,"data_set_value_component_model_parameters_variable_k2_P":1.0,"data_set_value_component_model_parameters_variable_k3_P":1.0,"data_set_value_component_model_parameters_variable_k4_P":51.8,"data_set_value_component_model_parameters_variable_k_PTH":100.0,"data_set_value_component_model_parameters_variable_k_E":0.05,"data_set_value_component_model_parameters_variable_k_D":0.1,"data_set_value_component_model_parameters_variable_k_Ca_b":1.0,"data_set_value_component_model_parameters_variable_C_Ca_p":2.4,"data_set_value_component_model_parameters_variable_C_Ca_i":1.0,"data_set_value_component_model_parameters_variable_C_P_p":1.2,"data_set_value_component_model_parameters_variable_C_PTH_p":3.85,"data_set_value_component_model_parameters_variable_C_D_p":90.0,"data_set_value_component_model_parameters_variable_Y_Ca_i_2plus":0.5,"data_set_value_component_model_parameters_variable_Y_Ca_p_1minus":0.0188119399,"data_set_value_component_model_parameters_variable_S_E":1.0,"data_set_value_component_model_parameters_variable_Ca_thr":1.9910229089,"data_set_value_component_model_parameters_variable_Ca_T":0.8295928787,"data_set_value_component_model_parameters_variable_P_thr":0.9589770911,"data_set_value_component_model_parameters_variable_P_T":0.7991475759,"data_set_value_component_model_parameters_variable_Y_i_D_p_1plus":0.02,"data_set_value_component_model_parameters_variable_Y_PT_D_p_1plus":0.01,"data_set_value_component_model_parameters_variable_Y_k_Jext_1plus":0.0023740894,"data_set_value_component_model_parameters_variable_Y_PTH_p_2plus":0.0410229089,"data_set_value_component_model_parameters_variable_Y_PTH_p_2minus":0.9589770911,"data_set_value_component_model_parameters_variable_Y_i_D_p_1minus":0.02,"data_set_value_component_model_parameters_variable_Y_PT_D_p_1minus":0.01,"data_set_value_component_model_parameters_variable_Y_Ca_i_2plus_Max":1.0,"data_set_value_component_model_parameters_variable_Y_PTH_p_2plus_Max":1.0,"data_set_value_component_model_parameters_variable_Y_PTH_p_2minus_Max":1.0,"data_set_value_component_model_parameters_variable_Y_Ca_p_1plus_minus_Max":0.02,"data_set_value_component_model_parameters_variable_Y_i_D_p_1plus_minus_Max":0.02,"data_set_value_component_model_parameters_variable_Y_PT_D_p_1plus_minus_Max":0.01,"data_set_value_component_model_parameters_variable_Y_k_Jext_1plus_minus_Max":0.01,"data_set_value_component_model_parameters_variable_X_R_PTH_Ca":1.0,"data_set_value_component_model_parameters_variable_X_R_i_Ca":1.0,"data_set_value_component_model_parameters_variable_X_R_PTH_D":90.0,"data_set_value_component_model_parameters_variable_X_R_E_PTH":3.85,"data_set_value_component_model_parameters_variable_X_R_i_D":90.0,"data_set_value_component_model_parameters_variable_X_R_P_k_PTH":90.0,"data_set_value_component_model_parameters_variable_b_PTH_Ca":0.05,"data_set_value_component_model_parameters_variable_b_PTH_D":0.03,"data_set_value_component_model_parameters_variable_b_E_PTH":0.55,"data_set_value_component_model_parameters_variable_b_i_D":0.03,"data_set_value_component_model_parameters_variable_a":0.85,"data_set_value_component_model_parameters_variable_d":0.15},{"data_set_value_component_environment_variable_time":0.1,"data_set_value_component_Q_Ca_p_variable_Q_Ca_p":-9.3330287626,"data_set_value_component_Q_P_p_variable_Q_P_p":297.3331805108,"data_set_value_component_Q_P_c_variable_Q_P_c":2924.9209247532,"data_set_value_component_Q_PTH_p_variable_Q_PTH_p":-37.5000187931,"data_set_value_component_Q_Ca_b_variable_Q_Ca_b":110.1700317586,"data_set_value_component_Q_P_b_variable_Q_P_b":5.718894736,"data_set_value_component_Q_E_k_variable_Q_E_k":1.0947628953,"data_set_value_component_Q_D_p_variable_Q_D_p":1.0942778162,"data_set_value_component_Q_TCa_i_variable_Q_TCa_i":0.9980039947,"data_set_value_component_Q_C_PT_variable_Q_C_PT":0.9990009993,"data_set_value_component_Q_TP_k_variable_Q_TP_k":0.9048485595,"data_set_value_component_model_fluxes_variable_J_bp_Ca":3.3,"data_set_value_component_model_fluxes_variable_J_pb_Ca":110.1700317586,"data_set_value_component_model_fluxes_variable_J_bp_P":1.5312,"data_set_value_component_model_fluxes_variable_J_pb_P":51.118894736,"data_set_value_component_model_fluxes_variable_J_pu_Ca":0.21,"data_set_value_component_model_fluxes_variable_J_pu_P":1.27,"data_set_value_component_model_fluxes_variable_J_ip_Ca":-1.4199401198,"data_set_value_component_model_fluxes_variable_J_ip_P":1.0,"data_set_value_component_model_fluxes_variable_J_pc_P":62.16,"data_set_value_component_model_fluxes_variable_J_cp_P":2924.9209247532,"data_set_value_component_model_fluxes_variable_S_PTH":-0.0001877435,"data_set_value_component_model_fluxes_variable_J_P_ing":1.0,"data_set_value_component_model_fluxes_variable_Stoic_Ca_P":0.464,"data_set_value_component_model_fluxes_variable_k_Ca_i":1.0,"data_set_value_component_model_parameters_variable_k1_D":0.02,"data_set_value_component_model_parameters_variable_k2_D":0.02,"data_set_value_component_model_parameters_variable_k3_D":0.01,"data_set_value_component_model_parameters_variable_k4_D":0.01,"data_set_value_component_model_parameters_variable_k1_P":0.0023740894,"data_set_value_component_model_parameters_variable_k2_P":1.0,"data_set_value_component_model_parameters_variable_k3_P":1.0,"data_set_value_component_model_parameters_variable_k4_P":51.8,"data_set_value_component_model_parameters_variable_k_PTH":100.0,"data_set_value_component_model_parameters_variable_k_E":0.05,"data_set_value_component_model_parameters_variable_k_D":0.1,"data_set_value_component_model_parameters_variable_k_Ca_b":1.0,"data_set_value_component_model_parameters_variable_C_Ca_p":2.4,"data_set_value_component_model_parameters_variable_C_Ca_i":1.0,"data_set_value_component_model_parameters_variable_C_P_p":1.2,"data_set_value_component_model_parameters_variable_C_PTH_p":3.85,"data_set_value_component_model_parameters_variable_C_D_p":90.0,"data_set_value_component_model_parameters_variable_Y_Ca_i_2plus":0.5,"data_set_value_component_model_parameters_variable_Y_Ca_p_1minus":0.0188119399,"data_set_value_component_model_parameters_variable_S_E":1.0,"data_set_value_component_model_parameters_variable_Ca_thr":1.9910229089,"data_set_value_component_model_parameters_variable_Ca_T":0.8295928787,"data_set_value_component_model_parameters_variable_P_thr":0.8677290395,"data_set_value_component_model_parameters_variable_P_T":0.7231075329,"data_set_value_component_model_parameters_variable_Y_i_D_p_1plus":0.02,"data_set_value_component_model_parameters_variable_Y_PT_D_p_1plus":0.01,"data_set_value_component_model_parameters_variable_Y_k_Jext_1plus":0.0023740894,"data_set_value_component_model_parameters_variable_Y_PTH_p_2plus":0.0410229089,"data_set_value_component_model_parameters_variable_Y_PTH_p_2minus":0.9589770911,"data_set_value_component_model_parameters_variable_Y_i_D_p_1minus":0.02,"data_set_value_component_model_parameters_variable_Y_PT_D_p_1minus":0.01,"data_set_value_component_model_parameters_variable_Y_Ca_i_2plus_Max":1.0,"data_set_value_component_model_parameters_variable_Y_PTH_p_2plus_Max":1.0,"data_set_value_component_model_parameters_variable_Y_PTH_p_2minus_Max":1.0,"data_set_value_component_model_parameters_variable_Y_Ca_p_1plus_minus_Max":0.02,"data_set_value_component_model_parameters_variable_Y_i_D_p_1plus_minus_Max":0.02,"data_set_value_component_model_parameters_variable_Y_PT_D_p_1plus_minus_Max":0.01,"data_set_value_component_model_parameters_variable_Y_k_Jext_1plus_minus_Max":0.01,"data_set_value_component_model_parameters_variable_X_R_PTH_Ca":1.0,"data_set_value_component_model_parameters_variable_X_R_i_Ca":1.0,"data_set_value_component_model_parameters_variable_X_R_PTH_D":90.0,"data_set_value_component_model_parameters_variable_X_R_E_PTH":3.85,"data_set_value_component_model_parameters_variable_X_R_i_D":90.0,"data_set_value_component_model_parameters_variable_X_R_P_k_PTH":90.0,"data_set_value_component_model_parameters_variable_b_PTH_Ca":0.05,"data_set_value_component_model_parameters_variable_b_PTH_D":0.03,"data_set_value_component_model_parameters_variable_b_E_PTH":0.55,"data_set_value_component_model_parameters_variable_b_i_D":0.03,"data_set_value_component_model_parameters_variable_a":0.85,"data_set_value_component_model_parameters_variable_d":0.15},{"data_set_value_component_environment_variable_time":0.2,"data_set_value_component_Q_Ca_p_variable_Q_Ca_p":-20.7356409371,"data_set_value_component_Q_P_p_variable_Q_P_p":564.518707891,"data_set_value_component_Q_P_c_variable_Q_P_c":2652.493213161,"data_set_value_component_Q_PTH_p_variable_Q_PTH_p":-76.0000375487,"data_set_value_component_Q_Ca_b_variable_Q_Ca_b":121.4096529051,"data_set_value_component_Q_P_b_variable_Q_P_b":10.934078948,"data_set_value_component_Q_E_k_variable_Q_E_k":1.1890531587,"data_set_value_component_Q_D_p_variable_Q_D_p":1.1970230448,"data_set_value_component_Q_TCa_i_variable_Q_TCa_i":0.9960159574,"data_set_value_component_Q_C_PT_variable_Q_C_PT":0.9980039947,"data_set_value_component_Q_TP_k_variable_Q_TP_k":0.8187723821,"data_set_value_component_model_fluxes_variable_J_bp_Ca":3.3,"data_set_value_component_model_fluxes_variable_J_pb_Ca":121.4096529051,"data_set_value_component_model_fluxes_variable_J_bp_P":1.5312,"data_set_value_component_model_fluxes_variable_J_pb_P":56.334078948,"data_set_value_component_model_fluxes_variable_J_pu_Ca":0.21,"data_set_value_component_model_fluxes_variable_J_pu_P":1.27,"data_set_value_component_model_fluxes_variable_J_ip_Ca":-1.4198804787,"data_set_value_component_model_fluxes_variable_J_ip_P":1.0,"data_set_value_component_model_fluxes_variable_J_pc_P":62.16,"data_set_value_component_model_fluxes_variable_J_cp_P":2652.493213161,"data_set_value_component_model_fluxes_variable_S_PTH":-0.0001873684,"data_set_value_component_model_fluxes_variable_J_P_ing":1.0,"data_set_value_component_model_fluxes_variable_Stoic_Ca_P":0.464,"data_set_value_component_model_fluxes_variable_k_Ca_i":1.0,"data_set_value_component_model_parameters_variable_k1_D":0.02,"data_set_value_component_model_parameters_variable_k2_D":0.02,"data_set_value_component_model_parameters_variable_k3_D":0.01,"data_set_value_component_model_parameters_variable_k4_D":0.01,"data_set_value_component_model_parameters_variable_k1_P":0.0023740894,"data_set_value_component_model_parameters_variable_k2_P":1.0,"data_set_value_component_model_parameters_variable_k3_P":1.0,"data_set_value_component_model_parameters_variable_k4_P":51.8,"data_set_value_component_model_parameters_variable_k_PTH":100.0,"data_set_value_component_model_parameters_variable_k_E":0.05,"data_set_value_component_model_parameters_variable_k_D":0.1,"data_set_value_component_model_parameters_variable_k_Ca_b":1.0,"data_set_value_component_model_parameters_variable_C_Ca_p":2.4,"data_set_value_component_model_parameters_variable_C_Ca_i":1.0,"data_set_value_component_model_parameters_variable_C_P_p":1.2,"data_set_value_component_model_parameters_variable_C_PTH_p":3.85,"data_set_value_component_model_parameters_variable_C_D_p":90.0,"data_set_value_component_model_parameters_variable_Y_Ca_i_2plus":0.5,"data_set_value_component_model_parameters_variable_Y_Ca_p_1minus":0.0188119399,"data_set_value_component_model_parameters_variable_S_E":1.0,"data_set_value_component_model_parameters_variable_Ca_thr":1.9910229089,"data_set_value_component_model_parameters_variable_Ca_T":0.8295928787,"data_set_value_component_model_parameters_variable_P_thr":0.7851839573,"data_set_value_component_model_parameters_variable_P_T":0.6543199644,"data_set_value_component_model_parameters_variable_Y_i_D_p_1plus":0.02,"data_set_value_component_model_parameters_variable_Y_PT_D_p_1plus":0.01,"data_set_value_component_model_parameters_variable_Y_k_Jext_1plus":0.0023740894,"data_set_value_component_model_parameters_variable_Y_PTH_p_2plus":0.0410229089,"data_set_value_component_model_parameters_variable_Y_PTH_p_2minus":0.9589770911,"data_set_value_component_model_parameters_variable_Y_i_D_p_1minus":0.02,"data_set_value_component_model_parameters_variable_Y_PT_D_p_1minus":0.01,"data_set_value_component_model_parameters_variable_Y_Ca_i_2plus_Max":1.0,"data_set_value_component_model_parameters_variable_Y_PTH_p_2plus_Max":1.0,"data_set_value_component_model_parameters_variable_Y_PTH_p_2minus_Max":1.0,"data_set_value_component_model_parameters_variable_Y_Ca_p_1plus_minus_Max":0.02,"data_set_value_component_model_parameters_variable_Y_i_D_p_1plus_minus_Max":0.02,"data_set_value_component_model_parameters_variable_Y_PT_D_p_1plus_minus_Max":0.01,"data_set_value_component_model_parameters_variable_Y_k_Jext_1plus_minus_Max":0.01,"data_set_value_component_model_parameters_variable_X_R_PTH_Ca":1.0,"data_set_value_component_model_parameters_variable_X_R_i_Ca":1.0,"data_set_value_component_model_parameters_variable_X_R_PTH_D":90.0,"data_set_value_component_model_parameters_variable_X_R_E_PTH":3.85,"data_set_value_component_model_parameters_variable_X_R_i_D":90.0,"data_set_value_component_model_parameters_variable_X_R_P_k_PTH":90.0,"data_set_value_component_model_parameters_variable_b_PTH_Ca":0.05,"data_set_value_component_model_parameters_variable_b_PTH_D":0.03,"data_set_value_component_model_parameters_variable_b_E_PTH":0.55,"data_set_value_component_model_parameters_variable_b_i_D":0.03,"data_set_value_component_model_parameters_variable_a":0.85,"data_set_value_component_model_parameters_variable_d":0.15},{"data_set_value_component_environment_variable_time":0.3,"data_set_value_component_Q_Ca_p_variable_Q_Ca_p":-33.3203288416,"data_set_value_component_Q_P_p_variable_Q_P_p":805.230921935,"data_set_value_component_Q_P_c_variable_Q_P_c":2405.9903290044,"data_set_value_component_Q_PTH_p_variable_Q_PTH_p":-114.5000562669,"data_set_value_component_Q_Ca_b_variable_Q_Ca_b":133.831355734,"data_set_value_component_Q_P_b_variable_Q_P_b":16.6977490606,"data_set_value_component_Q_E_k_variable_Q_E_k":1.2828731475,"data_set_value_component_Q_D_p_variable_Q_D_p":1.3081045239,"data_set_value_component_Q_TCa_i_variable_Q_TCa_i":0.9940358564,"data_set_value_component_Q_C_PT_variable_Q_C_PT":0.997008982,"data_set_value_component_Q_TP_k_variable_Q_TP_k":0.7409058935,"data_set_value_component_model_fluxes_variable_J_bp_Ca":3.3,"data_set_value_component_model_fluxes_variable_J_pb_Ca":133.831355734,"data_set_value_component_model_fluxes_variable_J_bp_P":1.5312,"data_set_value_component_model_fluxes_variable_J_pb_P":62.0977490606,"data_set_value_component_model_fluxes_variable_J_pu_Ca":0.21,"data_set_value_component_model_fluxes_variable_J_pu_P":1.27,"data_set_value_component_model_fluxes_variable_J_ip_Ca":-1.4198210757,"data_set_value_component_model_fluxes_variable_J_ip_P":1.0,"data_set_value_component_model_fluxes_variable_J_pc_P":62.16,"data_set_value_component_model_fluxes_variable_J_cp_P":2405.9903290044,"data_set_value_component_model_fluxes_variable_S_PTH":-0.0001869941,"data_set_value_component_model_fluxes_variable_J_P_ing":1.0,"data_set_value_component_model_fluxes_variable_Stoic_Ca_P":0.464,"data_set_value_component_model_fluxes_variable_k_Ca_i":1.0,"data_set_value_component_model_parameters_variable_k1_D":0.02,"data_set_value_component_model_parameters_variable_k2_D":0.02,"data_set_value_component_model_parameters_variable_k3_D":0.01,"data_set_value_component_model_parameters_variable_k4_D":0.01,"data_set_value_component_model_parameters_variable_k1_P":0.0023740894,"data_set_value_component_model_parameters_variable_k2_P":1.0,"data_set_value_component_model_parameters_variable_k3_P":1.0,"data_set_value_component_model_parameters_variable_k4_P":51.8,"data_set_value_component_model_parameters_variable_k_PTH":100.0,"data_set_value_component_model_parameters_variable_k_E":0.05,"data_set_value_component_model_parameters_variable_k_D":0.1,"data_set_value_component_model_parameters_variable_k_Ca_b":1.0,"data_set_value_component_model_parameters_variable_C_Ca_p":2.4,"data_set_value_component_model_parameters_variable_C_Ca_i":1.0,"data_set_value_component_model_parameters_variable_C_P_p":1.2,"data_set_value_component_model_parameters_variable_C_PTH_p":3.85,"data_set_value_component_model_parameters_variable_C_D_p":90.0,"data_set_value_component_model_parameters_variable_Y_Ca_i_2plus":0.5,"data_set_value_component_model_parameters_variable_Y_Ca_p_1minus":0.0188119399,"data_set_value_component_model_parameters_variable_S_E":1.0,"data_set_value_component_model_parameters_variable_Ca_thr":1.9910229089,"data_set_value_component_model_parameters_variable_Ca_T":0.8295928787,"data_set_value_component_model_parameters_variable_P_thr":0.7105117785,"data_set_value_component_model_parameters_variable_P_T":0.5920931488,"data_set_value_component_model_parameters_variable_Y_i_D_p_1plus":0.02,"data_set_value_component_model_parameters_variable_Y_PT_D_p_1plus":0.01,"data_set_value_component_model_parameters_variable_Y_k_Jext_1plus":0.0023740894,"data_set_value_component_model_parameters_variable_Y_PTH_p_2plus":0.0410229089,"data_set_value_component_model_parameters_variable_Y_PTH_p_2minus":0.9589770911,"data_set_value_component_model_parameters_variable_Y_i_D_p_1minus":0.02,"data_set_value_component_model_parameters_variable_Y_PT_D_p_1minus":0.01,"data_set_value_component_model_parameters_variable_Y_Ca_i_2plus_Max":1.0,"data_set_value_component_model_parameters_variable_Y_PTH_p_2plus_Max":1.0,"data_set_value_component_model_parameters_variable_Y_PTH_p_2minus_Max":1.0,"data_set_value_component_model_parameters_variable_Y_Ca_p_1plus_minus_Max":0.02,"data_set_value_component_model_parameters_variable_Y_i_D_p_1plus_minus_Max":0.02,"data_set_value_component_model_parameters_variable_Y_PT_D_p_1plus_minus_Max":0.01,"data_set_value_component_model_parameters_variable_Y_k_Jext_1plus_minus_Max":0.01,"data_set_value_component_model_parameters_variable_X_R_PTH_Ca":1.0,"data_set_value_component_model_parameters_variable_X_R_i_Ca":1.0,"data_set_value_component_model_parameters_variable_X_R_PTH_D":90.0,"data_set_value_component_model_parameters_variable_X_R_E_PTH":3.85,"data_set_value_component_model_parameters_variable_X_R_i_D":90.0,"data_set_value_component_model_parameters_variable_X_R_P_k_PTH":90.0,"data_set_value_component_model_parameters_variable_b_PTH_Ca":0.05,"data_set_value_component_model_parameters_variable_b_PTH_D":0.03,"data_set_value_component_model_parameters_variable_b_E_PTH":0.55,"data_set_value_component_model_parameters_variable_b_i_D":0.03,"data_set_value_component_model_parameters_variable_a":0.85,"data_set_value_component_model_parameters_variable_d":0.15},{"data_set_value_component_environment_variable_time":0.4,"data_set_value_component_Q_Ca_p_variable_Q_Ca_p":-47.2114169844,"data_set_value_component_Q_P_p_variable_Q_P_p":1021.8791286768,"data_set_value_component_Q_P_c_variable_Q_P_c":2182.9452796887,"data_set_value_component_Q_PTH_p_variable_Q_PTH_p":-153.0000749476,"data_set_value_component_Q_Ca_b_variable_Q_Ca_b":147.5594647294,"data_set_value_component_Q_P_b_variable_Q_P_b":23.0675916345,"data_set_value_component_Q_E_k_variable_Q_E_k":1.3762252072,"data_set_value_component_Q_D_p_variable_Q_D_p":1.4273926307,"data_set_value_component_Q_TCa_i_variable_Q_TCa_i":0.99206366,"data_set_value_component_Q_C_PT_variable_Q_C_PT":0.9960159574,"data_set_value_component_Q_TP_k_variable_Q_TP_k":0.6704661009,"data_set_value_component_model_fluxes_variable_J_bp_Ca":3.3,"data_set_value_component_model_fluxes_variable_J_pb_Ca":147.5594647294,"data_set_value_component_model_fluxes_variable_J_bp_P":1.5312,"data_set_value_component_model_fluxes_variable_J_pb_P":68.4675916345,"data_set_value_component_model_fluxes_variable_J_pu_Ca":0.21,"data_set_value_component_model_fluxes_variable_J_pu_P":1.27,"data_set_value_component_model_fluxes_variable_J_ip_Ca":-1.4197619098,"data_set_value_component_model_fluxes_variable_J_ip_P":1.0,"data_set_value_component_model_fluxes_variable_J_pc_P":62.16,"data_set_value_component_model_fluxes_variable_J_cp_P":2182.9452796887,"data_set_value_component_model_fluxes_variable_S_PTH":-0.0001866204,"data_set_value_component_model_fluxes_variable_J_P_ing":1.0,"data_set_value_component_model_fluxes_variable_Stoic_Ca_P":0.464,"data_set_value_component_model_fluxes_variable_k_Ca_i":1.0,"data_set_value_component_model_parameters_variable_k1_D":0.02,"data_set_value_component_model_parameters_variable_k2_D":0.02,"data_set_value_component_model_parameters_variable_k3_D":0.01,"data_set_value_component_model_parameters_variable_k4_D":0.01,"data_set_value_component_model_parameters_variable_k1_P":0.0023740894,"data_set_value_component_model_parameters_variable_k2_P":1.0,"data_set_value_component_model_parameters_variable_k3_P":1.0,"data_set_value_component_model_parameters_variable_k4_P":51.8,"data_set_value_component_model_parameters_variable_k_PTH":100.0,"data_set_value_component_model_parameters_variable_k_E":0.05,"data_set_value_component_model_parameters_variable_k_D":0.1,"data_set_value_component_model_parameters_variable_k_Ca_b":1.0,"data_set_value_component_model_parameters_variable_C_Ca_p":2.4,"data_set_value_component_model_parameters_variable_C_Ca_i":1.0,"data_set_value_component_model_parameters_variable_C_P_p":1.2,"data_set_value_component_model_parameters_variable_C_PTH_p":3.85,"data_set_value_component_model_parameters_variable_C_D_p":90.0,"data_set_value_component_model_parameters_variable_Y_Ca_i_2plus":0.5,"data_set_value_component_model_parameters_variable_Y_Ca_p_1minus":0.0188119399,"data_set_value_component_model_parameters_variable_S_E":1.0,"data_set_value_component_model_parameters_variable_Ca_thr":1.9910229089,"data_set_value_component_model_parameters_variable_Ca_T":0.8295928787,"data_set_value_component_model_parameters_variable_P_thr":0.6429616311,"data_set_value_component_model_parameters_variable_P_T":0.5358013593,"data_set_value_component_model_parameters_variable_Y_i_D_p_1plus":0.02,"data_set_value_component_model_parameters_variable_Y_PT_D_p_1plus":0.01,"data_set_value_component_model_parameters_variable_Y_k_Jext_1plus":0.0023740894,"data_set_value_component_model_parameters_variable_Y_PTH_p_2plus":0.0410229089,"data_set_value_component_model_parameters_variable_Y_PTH_p_2minus":0.9589770911,"data_set_value_component_model_parameters_variable_Y_i_D_p_1minus":0.02,"data_set_value_component_model_parameters_variable_Y_PT_D_p_1minus":0.01,"data_set_value_component_model_parameters_variable_Y_Ca_i_2plus_Max":1.0,"data_set_value_component_model_parameters_variable_Y_PTH_p_2plus_Max":1.0,"data_set_value_component_model_parameters_variable_Y_PTH_p_2minus_Max":1.0,"data_set_value_component_model_parameters_variable_Y_Ca_p_1plus_minus_Max":0.02,"data_set_value_component_model_parameters_variable_Y_i_D_p_1plus_minus_Max":0.02,"data_set_value_component_model_parameters_variable_Y_PT_D_p_1plus_minus_Max":0.01,"data_set_value_component_model_parameters_variable_Y_k_Jext_1plus_minus_Max":0.01,"data_set_value_component_model_parameters_variable_X_R_PTH_Ca":1.0,"data_set_value_component_model_parameters_variable_X_R_i_Ca":1.0,"data_set_value_component_model_parameters_variable_X_R_PTH_D":90.0,"data_set_value_component_model_parameters_variable_X_R_E_PTH":3.85,"data_set_value_component_model_parameters_variable_X_R_i_D":90.0,"data_set_value_component_model_parameters_variable_X_R_P_k_PTH":90.0,"data_set_value_component_model_parameters_variable_b_PTH_Ca":0.05,"data_set_value_component_model_parameters_variable_b_PTH_D":0.03,"data_set_value_component_model_parameters_variable_b_E_PTH":0.55,"data_set_value_component_model_parameters_variable_b_i_D":0.03,"data_set_value_component_model_parameters_variable_a":0.85,"data_set_value_component_model_parameters_variable_d":0.15},{"data_set_value_component_environment_variable_time":0.5,"data_set_value_component_Q_Ca_p_variable_Q_Ca_p":-62.5463165722,"data_set_value_component_Q_P_p_variable_Q_P_p":1216.6321469672,"data_set_value_component_Q_P_c_variable_Q_P_c":1981.1254875741,"data_set_value_component_Q_PTH_p_variable_Q_PTH_p":-191.500093591,"data_set_value_component_Q_Ca_b_variable_Q_Ca_b":162.7313910747,"data_set_value_component_Q_P_b_variable_Q_P_b":30.1073654587,"data_set_value_component_Q_E_k_variable_Q_E_k":1.4691116714,"data_set_value_component_Q_D_p_variable_Q_D_p":1.5547592643,"data_set_value_component_Q_TCa_i_variable_Q_TCa_i":0.9900993367,"data_set_value_component_Q_C_PT_variable_Q_C_PT":0.9950249169,"data_set_value_component_Q_TP_k_variable_Q_TP_k":0.6067445796,"data_set_value_component_model_fluxes_variable_J_bp_Ca":3.3,"data_set_value_component_model_fluxes_variable_J_pb_Ca":162.7313910747,"data_set_value_component_model_fluxes_variable_J_bp_P":1.5312,"data_set_value_component_model_fluxes_variable_J_pb_P":75.5073654587,"data_set_value_component_model_fluxes_variable_J_pu_Ca":0.21,"data_set_value_component_model_fluxes_variable_J_pu_P":1.27,"data_set_value_component_model_fluxes_variable_J_ip_Ca":-1.4197029801,"data_set_value_component_model_fluxes_variable_J_ip_P":1.0,"data_set_value_component_model_fluxes_variable_J_pc_P":62.16,"data_set_value_component_model_fluxes_variable_J_cp_P":1981.1254875741,"data_set_value_component_model_fluxes_variable_S_PTH":-0.0001862476,"data_set_value_component_model_fluxes_variable_J_P_ing":1.0,"data_set_value_component_model_fluxes_variable_Stoic_Ca_P":0.464,"data_set_value_component_model_fluxes_variable_k_Ca_i":1.0,"data_set_value_component_model_parameters_variable_k1_D":0.02,"data_set_value_component_model_parameters_variable_k2_D":0.02,"data_set_value_component_model_parameters_variable_k3_D":0.01,"data_set_value_component_model_parameters_variable_k4_D":0.01,"data_set_value_component_model_parameters_variable_k1_P":0.0023740894,"data_set_value_component_model_parameters_variable_k2_P":1.0,"data_set_value_component_model_parameters_variable_k3_P":1.0,"data_set_value_component_model_parameters_variable_k4_P":51.8,"data_set_value_component_model_parameters_variable_k_PTH":100.0,"data_set_value_component_model_parameters_variable_k_E":0.05,"data_set_value_component_model_parameters_variable_k_D":0.1,"data_set_value_component_model_parameters_variable_k_Ca_b":1.0,"data_set_value_component_model_parameters_variable_C_Ca_p":2.4,"data_set_value_component_model_parameters_variable_C_Ca_i":1.0,"data_set_value_component_model_parameters_variable_C_P_p":1.2,"data_set_value_component_model_parameters_variable_C_PTH_p":3.85,"data_set_value_component_model_parameters_variable_C_D_p":90.0,"data_set_value_component_model_parameters_variable_Y_Ca_i_2plus":0.5,"data_set_value_component_model_parameters_variable_Y_Ca_p_1minus":0.0188119399,"data_set_value_component_model_parameters_variable_S_E":1.0,"data_set_value_component_model_parameters_variable_Ca_thr":1.9910229089,"data_set_value_component_model_parameters_variable_Ca_T":0.8295928787,"data_set_value_component_model_parameters_variable_P_thr":0.581854152,"data_set_value_component_model_parameters_variable_P_T":0.48487846,"data_set_value_component_model_parameters_variable_Y_i_D_p_1plus":0.02,"data_set_value_component_model_parameters_variable_Y_PT_D_p_1plus":0.01,"data_set_value_component_model_parameters_variable_Y_k_Jext_1plus":0.0023740894,"data_set_value_component_model_parameters_variable_Y_PTH_p_2plus":0.0410229089,"data_set_value_component_model_parameters_variable_Y_PTH_p_2minus":0.9589770911,"data_set_value_component_model_parameters_variable_Y_i_D_p_1minus":0.02,"data_set_value_component_model_parameters_variable_Y_PT_D_p_1minus":0.01,"data_set_value_component_model_parameters_variable_Y_Ca_i_2plus_Max":1.0,"data_set_value_component_model_parameters_variable_Y_PTH_p_2plus_Max":1.0,"data_set_value_component_model_parameters_variable_Y_PTH_p_2minus_Max":1.0,"data_set_value_component_model_parameters_variable_Y_Ca_p_1plus_minus_Max":0.02,"data_set_value_component_model_parameters_variable_Y_i_D_p_1plus_minus_Max":0.02,"data_set_value_component_model_parameters_variable_Y_PT_D_p_1plus_minus_Max":0.01,"data_set_value_component_model_parameters_variable_Y_k_Jext_1plus_minus_Max":0.01,"data_set_value_component_model_parameters_variable_X_R_PTH_Ca":1.0,"data_set_value_component_model_parameters_variable_X_R_i_Ca":1.0,"data_set_value_component_model_parameters_variable_X_R_PTH_D":90.0,"data_set_value_component_model_parameters_variable_X_R_E_PTH":3.85,"data_set_value_component_model_parameters_variable_X_R_i_D":90.0,"data_set_value_component_model_parameters_variable_X_R_P_k_PTH":90.0,"data_set_value_component_model_parameters_variable_b_PTH_Ca":0.05,"data_set_value_component_model_parameters_variable_b_PTH_D":0.03,"data_set_value_component_model_parameters_variable_b_E_PTH":0.55,"data_set_value_component_model_parameters_variable_b_i_D":0.03,"data_set_value_component_model_parameters_variable_a":0.85,"data_set_value_component_model_parameters_variable_d":0.15},{"data_set_value_component_environment_variable_time":0.6,"data_set_value_component_Q_Ca_p_variable_Q_Ca_p":-79.476849605,"data_set_value_component_Q_P_p_variable_Q_P_p":1391.4389434048,"data_set_value_component_Q_P_c_variable_Q_P_c":1798.511540665,"data_set_value_component_Q_PTH_p_variable_Q_PTH_p":-230.0001121971,"data_set_value_component_Q_Ca_b_variable_Q_Ca_b":179.4989567462,"data_set_value_component_Q_P_b_variable_Q_P_b":37.8875159302,"data_set_value_component_Q_E_k_variable_Q_E_k":1.5615348626,"data_set_value_component_Q_D_p_variable_Q_D_p":1.6900778305,"data_set_value_component_Q_TCa_i_variable_Q_TCa_i":0.9881428549,"data_set_value_component_Q_C_PT_variable_Q_C_PT":0.9940358564,"data_set_value_component_Q_TP_k_variable_Q_TP_k":0.5491006983,"data_set_value_component_model_fluxes_variable_J_bp_Ca":3.3,"data_set_value_component_model_fluxes_variable_J_pb_Ca":179.4989567462,"data_set_value_component_model_fluxes_variable_J_bp_P":1.5312,"data_set_value_component_model_fluxes_variable_J_pb_P":83.2875159302,"data_set_value_component_model_fluxes_variable_J_pu_Ca":0.21,"data_set_value_component_model_fluxes_variable_J_pu_P":1.27,"data_set_value_component_model_fluxes_variable_J_ip_Ca":-1.4196442856,"data_set_value_component_model_fluxes_variable_J_ip_P":1.0,"data_set_value_component_model_fluxes_variable_J_pc_P":62.16,"data_set_value_component_model_fluxes_variable_J_cp_P":1798.511540665,"data_set_value_component_model_fluxes_variable_S_PTH":-0.0001858755,"data_set_value_component_model_fluxes_variable_J_P_ing":1.0,"data_set_value_component_model_fluxes_variable_Stoic_Ca_P":0.464,"data_set_value_component_model_fluxes_variable_k_Ca_i":1.0,"data_set_value_component_model_parameters_variable_k1_D":0.02,"data_set_value_component_model_parameters_variable_k2_D":0.02,"data_set_value_component_model_parameters_variable_k3_D":0.01,"data_set_value_component_model_parameters_variable_k4_D":0.01,"data_set_value_component_model_parameters_variable_k1_P":0.0023740894,"data_set_value_component_model_parameters_variable_k2_P":1.0,"data_set_value_component_model_parameters_variable_k3_P":1.0,"data_set_value_component_model_parameters_variable_k4_P":51.8,"data_set_value_component_model_parameters_variable_k_PTH":100.0,"data_set_value_component_model_parameters_variable_k_E":0.05,"data_set_value_component_model_parameters_variable_k_D":0.1,"data_set_value_component_model_parameters_variable_k_Ca_b":1.0,"data_set_value_component_model_parameters_variable_C_Ca_p":2.4,"data_set_value_component_model_parameters_variable_C_Ca_i":1.0,"data_set_value_component_model_parameters_variable_C_P_p":1.2,"data_set_value_component_model_parameters_variable_C_PTH_p":3.85,"data_set_value_component_model_parameters_variable_C_D_p":90.0,"data_set_value_component_model_parameters_variable_Y_Ca_i_2plus":0.5,"data_set_value_component_model_parameters_variable_Y_Ca_p_1minus":0.0188119399,"data_set_value_component_model_parameters_variable_S_E":1.0,"data_set_value_component_model_parameters_variable_Ca_thr":1.9910229089,"data_set_value_component_model_parameters_variable_Ca_T":0.8295928787,"data_set_value_component_model_parameters_variable_P_thr":0.5265749904,"data_set_value_component_model_parameters_variable_P_T":0.438812492,"data_set_value_component_model_parameters_variable_Y_i_D_p_1plus":0.02,"data_set_value_component_model_parameters_variable_Y_PT_D_p_1plus":0.01,"data_set_value_component_model_parameters_variable_Y_k_Jext_1plus":0.0023740894,"data_set_value_component_model_parameters_variable_Y_PTH_p_2plus":0.0410229089,"data_set_value_component_model_parameters_variable_Y_PTH_p_2minus":0.9589770911,"data_set_value_component_model_parameters_variable_Y_i_D_p_1minus":0.02,"data_set_value_component_model_parameters_variable_Y_PT_D_p_1minus":0.01,"data_set_value_component_model_parameters_variable_Y_Ca_i_2plus_Max":1.0,"data_set_value_component_model_parameters_variable_Y_PTH_p_2plus_Max":1.0,"data_set_value_component_model_parameters_variable_Y_PTH_p_2minus_Max":1.0,"data_set_value_component_model_parameters_variable_Y_Ca_p_1plus_minus_Max":0.02,"data_set_value_component_model_parameters_variable_Y_i_D_p_1plus_minus_Max":0.02,"data_set_value_component_model_parameters_variable_Y_PT_D_p_1plus_minus_Max":0.01,"data_set_value_component_model_parameters_variable_Y_k_Jext_1plus_minus_Max":0.01,"data_set_value_component_model_parameters_variable_X_R_PTH_Ca":1.0,"data_set_value_component_model_parameters_variable_X_R_i_Ca":1.0,"data_set_value_component_model_parameters_variable_X_R_PTH_D":90.0,"data_set_value_component_model_parameters_variable_X_R_E_PTH":3.85,"data_set_value_component_model_parameters_variable_X_R_i_D":90.0,"data_set_value_component_model_parameters_variable_X_R_P_k_PTH":90.0,"data_set_value_component_model_parameters_variable_b_PTH_Ca":0.05,"data_set_value_component_model_parameters_variable_b_PTH_D":0.03,"data_set_value_component_model_parameters_variable_b_E_PTH":0.55,"data_set_value_component_model_parameters_variable_b_i_D":0.03,"data_set_value_component_model_parameters_variable_a":0.85,"data_set_value_component_model_parameters_variable_d":0.15},{"data_set_value_component_environment_variable_time":0.7,"data_set_value_component_Q_Ca_p_variable_Q_Ca_p":-98.1708161277,"data_set_value_component_Q_P_p_variable_Q_P_p":1548.049166106,"data_set_value_component_Q_P_c_variable_Q_P_c":1633.2759316349,"data_set_value_component_Q_PTH_p_variable_Q_PTH_p":-268.5001307661,"data_set_value_component_Q_Ca_b_variable_Q_Ca_b":198.0299617653,"data_set_value_component_Q_P_b_variable_Q_P_b":46.4859022591,"data_set_value_component_Q_E_k_variable_Q_E_k":1.6534970911,"data_set_value_component_Q_D_p_variable_Q_D_p":1.8332232253,"data_set_value_component_Q_TCa_i_variable_Q_TCa_i":0.9861941834,"data_set_value_component_Q_C_PT_variable_Q_C_PT":0.9930487721,"data_set_value_component_Q_TP_k_variable_Q_TP_k":0.496954842,"data_set_value_component_model_fluxes_variable_J_bp_Ca":3.3,"data_set_value_component_model_fluxes_variable_J_pb_Ca":198.0299617653,"data_set_value_component_model_fluxes_variable_J_bp_P":1.5312,"data_set_value_component_model_fluxes_variable_J_pb_P":91.8859022591,"data_set_value_component_model_fluxes_variable_J_pu_Ca":0.21,"data_set_value_component_model_fluxes_variable_J_pu_P":1.27,"data_set_value_component_model_fluxes_variable_J_ip_Ca":-1.4195858255,"data_set_value_component_model_fluxes_variable_J_ip_P":1.0,"data_set_value_component_model_fluxes_variable_J_pc_P":62.16,"data_set_value_component_model_fluxes_variable_J_cp_P":1633.2759316349,"data_set_value_component_model_fluxes_variable_S_PTH":-0.0001855041,"data_set_value_component_model_fluxes_variable_J_P_ing":1.0,"data_set_value_component_model_fluxes_variable_Stoic_Ca_P":0.464,"data_set_value_component_model_fluxes_variable_k_Ca_i":1.0,"data_set_value_component_model_parameters_variable_k1_D":0.02,"data_set_value_component_model_parameters_variable_k2_D":0.02,"data_set_value_component_model_parameters_variable_k3_D":0.01,"data_set_value_component_model_parameters_variable_k4_D":0.01,"data_set_value_component_model_parameters_variable_k1_P":0.0023740894,"data_set_value_component_model_parameters_variable_k2_P":1.0,"data_set_value_component_model_parameters_variable_k3_P":1.0,"data_set_value_component_model_parameters_variable_k4_P":51.8,"data_set_value_component_model_parameters_variable_k_PTH":100.0,"data_set_value_component_model_parameters_variable_k_E":0.05,"data_set_value_component_model_parameters_variable_k_D":0.1,"data_set_value_component_model_parameters_variable_k_Ca_b":1.0,"data_set_value_component_model_parameters_variable_C_Ca_p":2.4,"data_set_value_component_model_parameters_variable_C_Ca_i":1.0,"data_set_value_component_model_parameters_variable_C_P_p":1.2,"data_set_value_component_model_parameters_variable_C_PTH_p":3.85,"data_set_value_component_model_parameters_variable_C_D_p":90.0,"data_set_value_component_model_parameters_variable_Y_Ca_i_2plus":0.5,"data_set_value_component_model_parameters_variable_Y_Ca_p_1minus":0.0188119399,"data_set_value_component_model_parameters_variable_S_E":1.0,"data_set_value_component_model_parameters_variable_Ca_thr":1.9910229089,"data_set_value_component_model_parameters_variable_Ca_T":0.8295928787,"data_set_value_component_model_parameters_variable_P_thr":0.4765683088,"data_set_value_component_model_parameters_variable_P_T":0.3971402573,"data_set_value_component_model_parameters_variable_Y_i_D_p_1plus":0.02,"data_set_value_component_model_parameters_variable_Y_PT_D_p_1plus":0.01,"data_set_value_component_model_parameters_variable_Y_k_Jext_1plus":0.0023740894,"data_set_value_component_model_parameters_variable_Y_PTH_p_2plus":0.0410229089,"data_set_value_component_model_parameters_variable_Y_PTH_p_2minus":0.9589770911,"data_set_value_component_model_parameters_variable_Y_i_D_p_1minus":0.02,"data_set_value_component_model_parameters_variable_Y_PT_D_p_1minus":0.01,"data_set_value_component_model_parameters_variable_Y_Ca_i_2plus_Max":1.0,"data_set_value_component_model_parameters_variable_Y_PTH_p_2plus_Max":1.0,"data_set_value_component_model_parameters_variable_Y_PTH_p_2minus_Max":1.0,"data_set_value_component_model_parameters_variable_Y_Ca_p_1plus_minus_Max":0.02,"data_set_value_component_model_parameters_variable_Y_i_D_p_1plus_minus_Max":0.02,"data_set_value_component_model_parameters_variable_Y_PT_D_p_1plus_minus_Max":0.01,"data_set_value_component_model_parameters_variable_Y_k_Jext_1plus_minus_Max":0.01,"data_set_value_component_model_parameters_variable_X_R_PTH_Ca":1.0,"data_set_value_component_model_parameters_variable_X_R_i_Ca":1.0,"data_set_value_component_model_parameters_variable_X_R_PTH_D":90.0,"data_set_value_component_model_parameters_variable_X_R_E_PTH":3.85,"data_set_value_component_model_parameters_variable_X_R_i_D":90.0,"data_set_value_component_model_parameters_variable_X_R_P_k_PTH":90.0,"data_set_value_component_model_parameters_variable_b_PTH_Ca":0.05,"data_set_value_component_model_parameters_variable_b_PTH_D":0.03,"data_set_value_component_model_parameters_variable_b_E_PTH":0.55,"data_set_value_component_model_parameters_variable_b_i_D":0.03,"data_set_value_component_model_parameters_variable_a":0.85,"data_set_value_component_model_parameters_variable_d":0.15},{"data_set_value_component_environment_variable_time":0.8,"data_set_value_component_Q_Ca_p_variable_Q_Ca_p":-118.8137030844,"data_set_value_component_Q_P_p_variable_Q_P_p":1688.0309157163,"data_set_value_component_Q_P_c_variable_Q_P_c":1483.7644939073,"data_set_value_component_Q_PTH_p_variable_Q_PTH_p":-307.000149298,"data_set_value_component_Q_Ca_b_variable_Q_Ca_b":218.5098930527,"data_set_value_component_Q_P_b_variable_Q_P_b":55.9885903765,"data_set_value_component_Q_E_k_variable_Q_E_k":1.7450006561,"data_set_value_component_Q_D_p_variable_Q_D_p":1.9840718183,"data_set_value_component_Q_TCa_i_variable_Q_TCa_i":0.984253291,"data_set_value_component_Q_C_PT_variable_Q_C_PT":0.99206366,"data_set_value_component_Q_TP_k_variable_Q_TP_k":0.4497824963,"data_set_value_component_model_fluxes_variable_J_bp_Ca":3.3,"data_set_value_component_model_fluxes_variable_J_pb_Ca":218.5098930527,"data_set_value_component_model_fluxes_variable_J_bp_P":1.5312,"data_set_value_component_model_fluxes_variable_J_pb_P":101.3885903765,"data_set_value_component_model_fluxes_variable_J_pu_Ca":0.21,"data_set_value_component_model_fluxes_variable_J_pu_P":1.27,"data_set_value_component_model_fluxes_variable_J_ip_Ca":-1.4195275987,"data_set_value_component_model_fluxes_variable_J_ip_P":1.0,"data_set_value_component_model_fluxes_variable_J_pc_P":62.16,"data_set_value_component_model_fluxes_variable_J_cp_P":1483.7644939073,"data_set_value_component_model_fluxes_variable_S_PTH":-0.0001851334,"data_set_value_component_model_fluxes_variable_J_P_ing":1.0,"data_set_value_component_model_fluxes_variable_Stoic_Ca_P":0.464,"data_set_value_component_model_fluxes_variable_k_Ca_i":1.0,"data_set_value_component_model_parameters_variable_k1_D":0.02,"data_set_value_component_model_parameters_variable_k2_D":0.02,"data_set_value_component_model_parameters_variable_k3_D":0.01,"data_set_value_component_model_parameters_variable_k4_D":0.01,"data_set_value_component_model_parameters_variable_k1_P":0.0023740894,"data_set_value_component_model_parameters_variable_k2_P":1.0,"data_set_value_component_model_parameters_variable_k3_P":1.0,"data_set_value_component_model_parameters_variable_k4_P":51.8,"data_set_value_component_model_parameters_variable_k_PTH":100.0,"data_set_value_component_model_parameters_variable_k_E":0.05,"data_set_value_component_model_parameters_variable_k_D":0.1,"data_set_value_component_model_parameters_variable_k_Ca_b":1.0,"data_set_value_component_model_parameters_variable_C_Ca_p":2.4,"data_set_value_component_model_parameters_variable_C_Ca_i":1.0,"data_set_value_component_model_parameters_variable_C_P_p":1.2,"data_set_value_component_model_parameters_variable_C_PTH_p":3.85,"data_set_value_component_model_parameters_variable_C_D_p":90.0,"data_set_value_component_model_parameters_variable_Y_Ca_i_2plus":0.5,"data_set_value_component_model_parameters_variable_Y_Ca_p_1minus":0.0188119399,"data_set_value_component_model_parameters_variable_S_E":1.0,"data_set_value_component_model_parameters_variable_Ca_thr":1.9910229089,"data_set_value_component_model_parameters_variable_Ca_T":0.8295928787,"data_set_value_component_model_parameters_variable_P_thr":0.4313311099,"data_set_value_component_model_parameters_variable_P_T":0.3594425916,"data_set_value_component_model_parameters_variable_Y_i_D_p_1plus":0.02,"data_set_value_component_model_parameters_variable_Y_PT_D_p_1plus":0.01,"data_set_value_component_model_parameters_variable_Y_k_Jext_1plus":0.0023740894,"data_set_value_component_model_parameters_variable_Y_PTH_p_2plus":0.0410229089,"data_set_value_component_model_parameters_variable_Y_PTH_p_2minus":0.9589770911,"data_set_value_component_model_parameters_variable_Y_i_D_p_1minus":0.02,"data_set_value_component_model_parameters_variable_Y_PT_D_p_1minus":0.01,"data_set_value_component_model_parameters_variable_Y_Ca_i_2plus_Max":1.0,"data_set_value_component_model_parameters_variable_Y_PTH_p_2plus_Max":1.0,"data_set_value_component_model_parameters_variable_Y_PTH_p_2minus_Max":1.0,"data_set_value_component_model_parameters_variable_Y_Ca_p_1plus_minus_Max":0.02,"data_set_value_component_model_parameters_variable_Y_i_D_p_1plus_minus_Max":0.02,"data_set_value_component_model_parameters_variable_Y_PT_D_p_1plus_minus_Max":0.01,"data_set_value_component_model_parameters_variable_Y_k_Jext_1plus_minus_Max":0.01,"data_set_value_component_model_parameters_variable_X_R_PTH_Ca":1.0,"data_set_value_component_model_parameters_variable_X_R_i_Ca":1.0,"data_set_value_component_model_parameters_variable_X_R_PTH_D":90.0,"data_set_value_component_model_parameters_variable_X_R_E_PTH":3.85,"data_set_value_component_model_parameters_variable_X_R_i_D":90.0,"data_set_value_component_model_parameters_variable_X_R_P_k_PTH":90.0,"data_set_value_component_model_parameters_variable_b_PTH_Ca":0.05,"data_set_value_component_model_parameters_variable_b_PTH_D":0.03,"data_set_value_component_model_parameters_variable_b_E_PTH":0.55,"data_set_value_component_model_parameters_variable_b_i_D":0.03,"data_set_value_component_model_parameters_variable_a":0.85,"data_set_value_component_model_parameters_variable_d":0.15},{"data_set_value_component_environment_variable_time":0.9,"data_set_value_component_Q_Ca_p_variable_Q_Ca_p":-141.6104793183,"data_set_value_component_Q_P_p_variable_Q_P_p":1812.7853784311,"data_set_value_component_Q_P_c_variable_Q_P_c":1348.4809357542,"data_set_value_component_Q_PTH_p_variable_Q_PTH_p":-345.5001677928,"data_set_value_component_Q_Ca_b_variable_Q_Ca_b":241.1437194283,"data_set_value_component_Q_P_b_variable_Q_P_b":66.4906858147,"data_set_value_component_Q_E_k_variable_Q_E_k":1.8360478452,"data_set_value_component_Q_D_p_variable_Q_D_p":2.1425014377,"data_set_value_component_Q_TCa_i_variable_Q_TCa_i":0.9823201467,"data_set_value_component_Q_C_PT_variable_Q_C_PT":0.9910805162,"data_set_value_component_Q_TP_k_variable_Q_TP_k":0.4071093202,"data_set_value_component_model_fluxes_variable_J_bp_Ca":3.3,"data_set_value_component_model_fluxes_variable_J_pb_Ca":241.1437194283,"data_set_value_component_model_fluxes_variable_J_bp_P":1.5312,"data_set_value_component_model_fluxes_variable_J_pb_P":111.8906858147,"data_set_value_component_model_fluxes_variable_J_pu_Ca":0.21,"data_set_value_component_model_fluxes_variable_J_pu_P":1.27,"data_set_value_component_model_fluxes_variable_J_ip_Ca":-1.4194696044,"data_set_value_component_model_fluxes_variable_J_ip_P":1.0,"data_set_value_component_model_fluxes_variable_J_pc_P":62.16,"data_set_value_component_model_fluxes_variable_J_cp_P":1348.4809357542,"data_set_value_component_model_fluxes_variable_S_PTH":-0.0001847635,"data_set_value_component_model_fluxes_variable_J_P_ing":1.0,"data_set_value_component_model_fluxes_variable_Stoic_Ca_P":0.464,"data_set_value_component_model_fluxes_variable_k_Ca_i":1.0,"data_set_value_component_model_parameters_variable_k1_D":0.02,"data_set_value_component_model_parameters_variable_k2_D":0.02,"data_set_value_component_model_parameters_variable_k3_D":0.01,"data_set_value_component_model_parameters_variable_k4_D":0.01,"data_set_value_component_model_parameters_variable_k1_P":0.0023740894,"data_set_value_component_model_parameters_variable_k2_P":1.0,"data_set_value_component_model_parameters_variable_k3_P":1.0,"data_set_value_component_model_parameters_variable_k4_P":51.8,"data_set_value_component_model_parameters_variable_k_PTH":100.0,"data_set_value_component_model_parameters_variable_k_E":0.05,"data_set_value_component_model_parameters_variable_k_D":0.1,"data_set_value_component_model_parameters_variable_k_Ca_b":1.0,"data_set_value_component_model_parameters_variable_C_Ca_p":2.4,"data_set_value_component_model_parameters_variable_C_Ca_i":1.0,"data_set_value_component_model_parameters_variable_C_P_p":1.2,"data_set_value_component_model_parameters_variable_C_PTH_p":3.85,"data_set_value_component_model_parameters_variable_C_D_p":90.0,"data_set_value_component_model_parameters_variable_Y_Ca_i_2plus":0.5,"data_set_value_component_model_parameters_variable_Y_Ca_p_1minus":0.0188119399,"data_set_value_component_model_parameters_variable_S_E":1.0,"data_set_value_component_model_parameters_variable_Ca_thr":1.9910229089,"data_set_value_component_model_parameters_variable_Ca_T":0.8295928787,"data_set_value_component_model_parameters_variable_P_thr":0.3904085117,"data_set_value_component_model_parameters_variable_P_T":0.3253404264,"data_set_value_component_model_parameters_variable_Y_i_D_p_1plus":0.02,"data_set_value_component_model_parameters_variable_Y_PT_D_p_1plus":0.01,"data_set_value_component_model_parameters_variable_Y_k_Jext_1plus":0.0023740894,"data_set_value_component_model_parameters_variable_Y_PTH_p_2plus":0.0410229089,"data_set_value_component_model_parameters_variable_Y_PTH_p_2minus":0.9589770911,"data_set_value_component_model_parameters_variable_Y_i_D_p_1minus":0.02,"data_set_value_component_model_parameters_variable_Y_PT_D_p_1minus":0.01,"data_set_value_component_model_parameters_variable_Y_Ca_i_2plus_Max":1.0,"data_set_value_component_model_parameters_variable_Y_PTH_p_2plus_Max":1.0,"data_set_value_component_model_parameters_variable_Y_PTH_p_2minus_Max":1.0,"data_set_value_component_model_parameters_variable_Y_Ca_p_1plus_minus_Max":0.02,"data_set_value_component_model_parameters_variable_Y_i_D_p_1plus_minus_Max":0.02,"data_set_value_component_model_parameters_variable_Y_PT_D_p_1plus_minus_Max":0.01,"data_set_value_component_model_parameters_variable_Y_k_Jext_1plus_minus_Max":0.01,"data_set_value_component_model_parameters_variable_X_R_PTH_Ca":1.0,"data_set_value_component_model_parameters_variable_X_R_i_Ca":1.0,"data_set_value_component_model_parameters_variable_X_R_PTH_D":90.0,"data_set_value_component_model_parameters_variable_X_R_E_PTH":3.85,"data_set_value_component_model_parameters_variable_X_R_i_D":90.0,"data_set_value_component_model_parameters_variable_X_R_P_k_PTH":90.0,"data_set_value_component_model_parameters_variable_b_PTH_Ca":0.05,"data_set_value_component_model_parameters_variable_b_PTH_D":0.03,"data_set_value_component_model_parameters_variable_b_E_PTH":0.55,"data_set_value_component_model_parameters_variable_b_i_D":0.03,"data_set_value_component_model_parameters_variable_a":0.85,"data_set_value_component_model_parameters_variable_d":0.15},{"data_set_value_component_environment_variable_time":1.0,"data_set_value_component_Q_Ca_p_variable_Q_Ca_p":-166.7876680279,"data_set_value_component_Q_P_p_variable_Q_P_p":1923.5613551246,"data_set_value_component_Q_P_c_variable_Q_P_c":1226.0713495481,"data_set_value_component_Q_PTH_p_variable_Q_PTH_p":-384.0001862507,"data_set_value_component_Q_Ca_b_variable_Q_Ca_b":266.1579640676,"data_set_value_component_Q_P_b_variable_Q_P_b":78.0972953274,"data_set_value_component_Q_E_k_variable_Q_E_k":1.9266409345,"data_set_value_component_Q_D_p_variable_Q_D_p":2.3083913545,"data_set_value_component_Q_TCa_i_variable_Q_TCa_i":0.9803947196,"data_set_value_component_Q_C_PT_variable_Q_C_PT":0.9900993367,"data_set_value_component_Q_TP_k_variable_Q_TP_k":0.3685062121,"data_set_value_component_model_fluxes_variable_J_bp_Ca":3.3,"data_set_value_component_model_fluxes_variable_J_pb_Ca":266.1579640676,"data_set_value_component_model_fluxes_variable_J_bp_P":1.5312,"data_set_value_component_model_fluxes_variable_J_pb_P":123.4972953274,"data_set_value_component_model_fluxes_variable_J_pu_Ca":0.21,"data_set_value_component_model_fluxes_variable_J_pu_P":1.27,"data_set_value_component_model_fluxes_variable_J_ip_Ca":-1.4194118416,"data_set_value_component_model_fluxes_variable_J_ip_P":1.0,"data_set_value_component_model_fluxes_variable_J_pc_P":62.16,"data_set_value_component_model_fluxes_variable_J_cp_P":1226.0713495481,"data_set_value_component_model_fluxes_variable_S_PTH":-0.0001843944,"data_set_value_component_model_fluxes_variable_J_P_ing":1.0,"data_set_value_component_model_fluxes_variable_Stoic_Ca_P":0.464,"data_set_value_component_model_fluxes_variable_k_Ca_i":1.0,"data_set_value_component_model_parameters_variable_k1_D":0.02,"data_set_value_component_model_parameters_variable_k2_D":0.02,"data_set_value_component_model_parameters_variable_k3_D":0.01,"data_set_value_component_model_parameters_variable_k4_D":0.01,"data_set_value_component_model_parameters_variable_k1_P":0.0023740894,"data_set_value_component_model_parameters_variable_k2_P":1.0,"data_set_value_component_model_parameters_variable_k3_P":1.0,"data_set_value_component_model_parameters_variable_k4_P":51.8,"data_set_value_component_model_parameters_variable_k_PTH":100.0,"data_set_value_component_model_parameters_variable_k_E":0.05,"data_set_value_component_model_parameters_variable_k_D":0.1,"data_set_value_component_model_parameters_variable_k_Ca_b":1.0,"data_set_value_component_model_parameters_variable_C_Ca_p":2.4,"data_set_value_component_model_parameters_variable_C_Ca_i":1.0,"data_set_value_component_model_parameters_variable_C_P_p":1.2,"data_set_value_component_model_parameters_variable_C_PTH_p":3.85,"data_set_value_component_model_parameters_variable_C_D_p":90.0,"data_set_value_component_model_parameters_variable_Y_Ca_i_2plus":0.5,"data_set_value_component_model_parameters_variable_Y_Ca_p_1minus":0.0188119399,"data_set_value_component_model_parameters_variable_S_E":1.0,"data_set_value_component_model_parameters_variable_Ca_thr":1.9910229089,"data_set_value_component_model_parameters_variable_Ca_T":0.8295928787,"data_set_value_component_model_parameters_variable_P_thr":0.3533890153,"data_set_value_component_model_parameters_variable_P_T":0.2944908461,"data_set_value_component_model_parameters_variable_Y_i_D_p_1plus":0.02,"data_set_value_component_model_parameters_variable_Y_PT_D_p_1plus":0.01,"data_set_value_component_model_parameters_variable_Y_k_Jext_1plus":0.0023740894,"data_set_value_component_model_parameters_variable_Y_PTH_p_2plus":0.0410229089,"data_set_value_component_model_parameters_variable_Y_PTH_p_2minus":0.9589770911,"data_set_value_component_model_parameters_variable_Y_i_D_p_1minus":0.02,"data_set_value_component_model_parameters_variable_Y_PT_D_p_1minus":0.01,"data_set_value_component_model_parameters_variable_Y_Ca_i_2plus_Max":1.0,"data_set_value_component_model_parameters_variable_Y_PTH_p_2plus_Max":1.0,"data_set_value_component_model_parameters_variable_Y_PTH_p_2minus_Max":1.0,"data_set_value_component_model_parameters_variable_Y_Ca_p_1plus_minus_Max":0.02,"data_set_value_component_model_parameters_variable_Y_i_D_p_1plus_minus_Max":0.02,"data_set_value_component_model_parameters_variable_Y_PT_D_p_1plus_minus_Max":0.01,"data_set_value_component_model_parameters_variable_Y_k_Jext_1plus_minus_Max":0.01,"data_set_value_component_model_parameters_variable_X_R_PTH_Ca":1.0,"data_set_value_component_model_parameters_variable_X_R_i_Ca":1.0,"data_set_value_component_model_parameters_variable_X_R_PTH_D":90.0,"data_set_value_component_model_parameters_variable_X_R_E_PTH":3.85,"data_set_value_component_model_parameters_variable_X_R_i_D":90.0,"data_set_value_component_model_parameters_variable_X_R_P_k_PTH":90.0,"data_set_value_component_model_parameters_variable_b_PTH_Ca":0.05,"data_set_value_component_model_parameters_variable_b_PTH_D":0.03,"data_set_value_component_model_parameters_variable_b_E_PTH":0.55,"data_set_value_component_model_parameters_variable_b_i_D":0.03,"data_set_value_component_model_parameters_variable_a":0.85,"data_set_value_component_model_parameters_variable_d":0.15}]