[{"data_set_value_component_environment_variable_time":0.0,"data_set_value_component_M_variable_M":1.0,"data_set_value_component_Mp_variable_Mp":0.0,"data_set_value_component_AMp_variable_AMp":0.0,"data_set_value_component_AM_variable_AM":0.0,"data_set_value_component_phosphorylation_variable_phosphorylation":0.0,"data_set_value_component_stress_variable_stress":0.0,"data_set_value_component_model_parameters_variable_k1":0.55,"data_set_value_component_model_parameters_variable_k2":0.5,"data_set_value_component_model_parameters_variable_k5":0.5,"data_set_value_component_model_parameters_variable_k6":0.55,"data_set_value_component_model_parameters_variable_k3":0.4,"data_set_value_component_model_parameters_variable_k4":0.1,"data_set_value_component_model_parameters_variable_k7":0.01},{"data_set_value_component_environment_variable_time":0.1,"data_set_value_component_M_variable_M":0.9477715188,"data_set_value_component_Mp_variable_Mp":0.0511835829,"data_set_value_component_AMp_variable_AMp":0.0010276767,"data_set_value_component_AM_variable_AM":0.0000172252,"data_set_value_component_phosphorylation_variable_phosphorylation":0.0522112595,"data_set_value_component_stress_variable_stress":0.0010449018,"data_set_value_component_model_parameters_variable_k1":0.55,"data_set_value_component_model_parameters_variable_k2":0.5,"data_set_value_component_model_parameters_variable_k5":0.5,"data_set_value_component_model_parameters_variable_k6":0.55,"data_set_value_component_model_parameters_variable_k3":0.4,"data_set_value_component_model_parameters_variable_k4":0.1,"data_set_value_component_model_parameters_variable_k7":0.01},{"data_set_value_component_environment_variable_time":0.2,"data_set_value_component_M_variable_M":0.9006531952,"data_set_value_component_Mp_variable_Mp":0.0953720101,"data_set_value_component_AMp_variable_AMp":0.003845915,"data_set_value_component_AM_variable_AM":0.0001288786,"data_set_value_component_phosphorylation_variable_phosphorylation":0.0992179251,"data_set_value_component_stress_variable_stress":0.0039747936,"data_set_value_component_model_parameters_variable_k1":0.55,"data_set_value_component_model_parameters_variable_k2":0.5,"data_set_value_component_model_parameters_variable_k5":0.5,"data_set_value_component_model_parameters_variable_k6":0.55,"data_set_value_component_model_parameters_variable_k3":0.4,"data_set_value_component_model_parameters_variable_k4":0.1,"data_set_value_component_model_parameters_variable_k7":0.01},{"data_set_value_component_environment_variable_time":0.3,"data_set_value_component_M_variable_M":0.8580527847,"data_set_value_component_Mp_variable_Mp":0.1334359833,"data_set_value_component_AMp_variable_AMp":0.0081031327,"data_set_value_component_AM_variable_AM":0.0004080893,"data_set_value_component_phosphorylation_variable_phosphorylation":0.141539116,"data_set_value_component_stress_variable_stress":0.008511222,"data_set_value_component_model_parameters_variable_k1":0.55,"data_set_value_component_model_parameters_variable_k2":0.5,"data_set_value_component_model_parameters_variable_k5":0.5,"data_set_value_component_model_parameters_variable_k6":0.55,"data_set_value_component_model_parameters_variable_k3":0.4,"data_set_value_component_model_parameters_variable_k4":0.1,"data_set_value_component_model_parameters_variable_k7":0.01},{"data_set_value_component_environment_variable_time":0.4,"data_set_value_component_M_variable_M":0.819449545,"data_set_value_component_Mp_variable_Mp":0.1661388684,"data_set_value_component_AMp_variable_AMp":0.0135032526,"data_set_value_component_AM_variable_AM":0.0009083217,"data_set_value_component_phosphorylation_variable_phosphorylation":0.179642121,"data_set_value_component_stress_variable_stress":0.0144115744,"data_set_value_component_model_parameters_variable_k1":0.55,"data_set_value_component_model_parameters_variable_k2":0.5,"data_set_value_component_model_parameters_variable_k5":0.5,"data_set_value_component_model_parameters_variable_k6":0.55,"data_set_value_component_model_parameters_variable_k3":0.4,"data_set_value_component_model_parameters_variable_k4":0.1,"data_set_value_component_model_parameters_variable_k7":0.01},{"data_set_value_component_environment_variable_time":0.5,"data_set_value_component_M_variable_M":0.7843860291,"data_set_value_component_Mp_variable_Mp":0.1941491433,"data_set_value_component_AMp_variable_AMp":0.0197980506,"data_set_value_component_AM_variable_AM":0.001666769,"data_set_value_component_phosphorylation_variable_phosphorylation":0.2139471938,"data_set_value_component_stress_variable_stress":0.0214648195,"data_set_value_component_model_parameters_variable_k1":0.55,"data_set_value_component_model_parameters_variable_k2":0.5,"data_set_value_component_model_parameters_variable_k5":0.5,"data_set_value_component_model_parameters_variable_k6":0.55,"data_set_value_component_model_parameters_variable_k3":0.4,"data_set_value_component_model_parameters_variable_k4":0.1,"data_set_value_component_model_parameters_variable_k7":0.01},{"data_set_value_component_environment_variable_time":0.6,"data_set_value_component_M_variable_M":0.7524594202,"data_set_value_component_Mp_variable_Mp":0.2180535201,"data_set_value_component_AMp_variable_AMp":0.026779414,"data_set_value_component_AM_variable_AM":0.0027076418,"data_set_value_component_phosphorylation_variable_phosphorylation":0.2448329341,"data_set_value_component_stress_variable_stress":0.0294870559,"data_set_value_component_model_parameters_variable_k1":0.55,"data_set_value_component_model_parameters_variable_k2":0.5,"data_set_value_component_model_parameters_variable_k5":0.5,"data_set_value_component_model_parameters_variable_k6":0.55,"data_set_value_component_model_parameters_variable_k3":0.4,"data_set_value_component_model_parameters_variable_k4":0.1,"data_set_value_component_model_parameters_variable_k7":0.01},{"data_set_value_component_environment_variable_time":0.7,"data_set_value_component_M_variable_M":0.7233153426,"data_set_value_component_Mp_variable_Mp":0.2383663309,"data_set_value_component_AMp_variable_AMp":0.034273813,"data_set_value_component_AM_variable_AM":0.0040445259,"data_set_value_component_phosphorylation_variable_phosphorylation":0.2726401439,"data_set_value_component_stress_variable_stress":0.0383183389,"data_set_value_component_model_parameters_variable_k1":0.55,"data_set_value_component_model_parameters_variable_k2":0.5,"data_set_value_component_model_parameters_variable_k5":0.5,"data_set_value_component_model_parameters_variable_k6":0.55,"data_set_value_component_model_parameters_variable_k3":0.4,"data_set_value_component_model_parameters_variable_k4":0.1,"data_set_value_component_model_parameters_variable_k7":0.01},{"data_set_value_component_environment_variable_time":0.8,"data_set_value_component_M_variable_M":0.6966417886,"data_set_value_component_Mp_variable_Mp":0.2555386936,"data_set_value_component_AMp_variable_AMp":0.0421369485,"data_set_value_component_AM_variable_AM":0.0056825953,"data_set_value_component_phosphorylation_variable_phosphorylation":0.297675642,"data_set_value_component_stress_variable_stress":0.0478195438,"data_set_value_component_model_parameters_variable_k1":0.55,"data_set_value_component_model_parameters_variable_k2":0.5,"data_set_value_component_model_parameters_variable_k5":0.5,"data_set_value_component_model_parameters_variable_k6":0.55,"data_set_value_component_model_parameters_variable_k3":0.4,"data_set_value_component_model_parameters_variable_k4":0.1,"data_set_value_component_model_parameters_variable_k7":0.01},{"data_set_value_component_environment_variable_time":0.9,"data_set_value_component_M_variable_M":0.6721639709,"data_set_value_component_Mp_variable_Mp":0.2699663048,"data_set_value_component_AMp_variable_AMp":0.0502494021,"data_set_value_component_AM_variable_AM":0.0076203589,"data_set_value_component_phosphorylation_variable_phosphorylation":0.3202157069,"data_set_value_component_stress_variable_stress":0.0578697609,"data_set_value_component_model_parameters_variable_k1":0.55,"data_set_value_component_model_parameters_variable_k2":0.5,"data_set_value_component_model_parameters_variable_k5":0.5,"data_set_value_component_model_parameters_variable_k6":0.55,"data_set_value_component_model_parameters_variable_k3":0.4,"data_set_value_component_model_parameters_variable_k4":0.1,"data_set_value_component_model_parameters_variable_k7":0.01},{"data_set_value_component_environment_variable_time":1.0,"data_set_value_component_M_variable_M":0.6496397758,"data_set_value_component_Mp_variable_Mp":0.2819962926,"data_set_value_component_AMp_variable_AMp":0.0585128251,"data_set_value_component_AM_variable_AM":0.009851149,"data_set_value_component_phosphorylation_variable_phosphorylation":0.3405091177,"data_set_value_component_stress_variable_stress":0.0683639741,"data_set_value_component_model_parameters_variable_k1":0.55,"data_set_value_component_model_parameters_variable_k2":0.5,"data_set_value_component_model_parameters_variable_k5":0.5,"data_set_value_component_model_parameters_variable_k6":0.55,"data_set_value_component_model_parameters_variable_k3":0.4,"data_set_value_component_model_parameters_variable_k4":0.1,"data_set_value_component_model_parameters_variable_k7":0.01}]