[{"R_ALATA_L2":0.0,"R_ALAabc":0.0,"R_ALAt2r":0.0,"R_ALCD19":0.0,"R_ALDD19xr":0.0,"R_ALDD2x":0.0,"R_ALLTAHr":0.0,"R_ALLTN":0.0,"R_ALLTNt2r":0.0,"R_ABTA":0.0,"R_ABUTD":0.0,"R_ALTRH":0.0,"R_AMALT1":0.0,"R_AMALT2":0.0,"R_AMALT3":0.0,"R_AMALT4":0.0,"R_AMANAPEr":0.0,"R_AMANK":0.0,"R_ABUTt2r":0.0,"R_AMAOTr":0.0,"R_AMMQT8_2":0.0,"R_ACACCT":0.0,"R_ACACT1r":0.0,"R_12PPDt":0.0,"R_AMPMS":0.0,"R_AMPN":0.0,"R_ACACt2":0.0,"R_ANPRT":0.0497851971,"R_ACALD":0.0,"R_ANS":0.0497851971,"R_AOXSr":0.0,"R_ACALDt":0.0,"R_ACBIPGT":0.0,"R_ACCOAC":2.1267378803,"R_ACCOAL":0.0,"R_ACGAMT":0.0,"R_2DGLCNRx":0.0,"R_2DGLCNRy":0.0,"R_ACGApts":0.0,"R_ACGK":0.2977892347,"R_ACGS":0.2977892347,"R_ACHBS":0.2544576742,"R_AP4AH":0.0,"R_ACKr":0.5281462638,"R_ACLS":0.7652713138,"R_AP5AH":0.0,"R_ACMAMUT":0.0,"R_2DGULRx":0.0,"R_APRAUR":0.0000092195,"R_2DGULRy":0.0,"R_ARAI":0.0,"R_ACMANApts":0.0,"R_ACNAMt2":0.0,"R_3HCINNMH":0.0,"R_ARBabc":0.0,"R_3HPPPNH":0.0,"R_4HTHRS":0.0,"R_ACNML":0.0,"R_ACOATA":0.0,"R_ACODA":0.2977892347,"R_ACONMT":0.0,"R_ARBt2r":0.0,"R_ACONT":5.0461476049,"R_ACOTA":-0.2977892347,"R_ACPS1":0.0,"R_5DGLCNR":0.0,"R_A5PISO":0.03872182,"R_AACPS1":0.0,"R_AACPS2":0.0,"R_ACS":0.0,"R_ACt2r":0.0,"R_ADA":0.0,"R_ADCL":0.0460974048,"R_ADCS":0.0460974048,"R_AACPS3":0.0,"R_AACPS4":0.0,"R_ADD":0.0,"R_ARGDC":0.0,"R_ADEt2":0.0,"R_AACPS5":0.0,"R_AADDGT":0.0,"R_ADHEr":0.0,"R_ARGORNt7":0.0,"R_ADK1":2.6058826029,"R_ADK3":0.0,"R_ADK4":0.0,"R_AB6PGH":0.0,"R_ADMDC":0.0064536367,"R_ARGSL":0.2590674147,"R_ADNCYC":0.0,"R_ARGSS":0.2590674147,"R_ADNK1":0.4831008018,"R_ADNt2_copy1":0.0,"R_C120SN":0.03872182,"R_ARGabc":0.0,"R_ADNt2_copy2":0.0,"R_ADOCBIK":0.0,"R_ASAD":-0.4606052683,"R_ADOCBLS":0.0,"R_ADPT":0.0,"R_ASNN":0.0,"R_ADSK":0.2148683011,"R_ADSL1r":0.2669030516,"R_ADSL2r":0.4406072922,"R_ADSS":0.2669030516,"R_AGDC":0.0,"R_C140SN":0.0127394788,"R_C141SN":0.0124877869,"R_C160SN":0.089912066,"R_C161SN":0.0174829017,"R_C181SN":0.1248778695,"R_CADVt":0.0,"R_AGMHE":0.023233092,"R_ASNS1":0.0,"R_AGMT":0.0,"R_AGPR":-0.2977892347,"R_ASNS2":0.2111261138,"R_ASNabc":0.0,"R_ASNt2r":0.0,"R_AHCi":0.0,"R_AHCYSNS":0.0,"R_CAT":0.0,"R_CBIAT_DELETE":0.0,"R_ASP1DC":0.0000543949,"R_CBL1abc":0.0,"R_CBLAT_DELETE":0.0,"R_AICART":0.5235826207,"R_AIRC2":0.4406072922,"R_AIRC3":-0.4406072922,"R_AKGDH":4.0222320506,"R_ASPCT":0.2905058448,"R_AKGt2r":0.0,"R_ALAALAr":0.0254457674,"R_ALAR_copy1":0.0,"R_ALAR_copy2":0.0508915348,"R_ALATA_D2":0.0,"R_CBMKr":0.5495732595,"R_CBPS":0.0,"R_CDAPPA_EC":0.0,"R_CDPMEK":0.0,"R_ALATA_L":-0.5262479727,"R_CHLabc":0.0,"R_ASPK":0.4606052683,"R_CHLt2":0.0,"R_CHORM":0.2830380652,"R_DASYN_EC":0.1403665975,"R_ASPO3_1":0.0025169183,"R_CHORS":0.3789206671,"R_CHRPL":0.0,"R_ASPO4_1":0.0,"R_CINNDO":0.0,"R_CITL":0.0,"R_ASPO5_1":0.0,"R_CITt7":0.0,"R_DB4PS":0.000018439,"R_CLPNS_EC":0.0059465652,"R_ASPO6_1":0.0,"R_CMPN":0.0,"R_DBTS":0.0,"R_CO2t":-21.7770230734,"R_ASPT":0.0,"R_DCTPD":0.0,"R_CPPPGO":0.0,"R_ASPTA":-2.1425124122,"R_CRNBTCT":0.0,"R_CRNCBCT":0.0,"R_DCYTD":0.0,"R_ASPabc":0.0,"R_DCYTt2":0.0,"R_DDGALK":0.0,"R_DDGLCNt2r":0.0,"R_DDGLK":0.0,"R_CRNCDH":0.0,"R_CRNt7":0.0,"R_CS":5.0461476049,"R_CSND":0.0,"R_CSNt2":0.0,"R_DDPA":0.3789206671,"R_DDPGALA":0.0,"R_DGK1":0.0,"R_ASPt2r":0.0,"R_DGSNt2":0.0,"R_DHAD1":0.7652713138,"R_DHAD2":0.2544576742,"R_CTPS2":0.1395829416,"R_CYANST":0.0,"R_CYNTAH":0.0,"R_DHAPT":0.4172835242,"R_CYNTt2":0.0,"R_ASPt2_2":0.0,"R_CYSDS":0.0,"R_DHAt":0.0,"R_DHBD":0.0,"R_DHBSr":0.0,"R_CYSS":0.2148683011,"R_CYSTL":0.1346044219,"R_DHCIND":0.0,"R_ASPt2_3":0.0,"R_DHCINDO_1":0.0,"R_DHDPRy":0.3260008464,"R_CYSabc":0.0,"R_CYTBD":0.0,"R_AST":0.0,"R_CYTBO3":39.8438679449,"R_CYTD":0.0,"R_CYTDK2":0.0,"R_CYTDt2_copy1":0.0,"R_DHDPS":0.3260008464,"R_DHFR":0.0688695227,"R_DHFS_1":0.0460974048,"R_DHNAOT":0.0,"R_ATPM":7.6,"R_DHNPA2r":0.0460974048,"R_DHORD2":0.0,"R_CYTDt2_copy2":0.0,"R_CYTK1":0.1636540844,"R_CYTK2":0.0,"R_DHORD5":0.2905058448,"R_DHORTS":-0.2905058448,"R_ATPPRT":0.0829753286,"R_DHPPD":0.0,"R_DAAD":0.0,"R_ATPS4r":53.5056058926,"R_DADA":0.0,"R_DADK":-0.4766471651,"R_DHPPDA2":0.0000092195,"R_DHPS2_1":0.0460974048,"R_BETALDHx":0.0,"R_DHPTDCs":0.0,"R_DHQTi":0.3789206671,"R_DADNt2":0.0,"R_BETALDHy":0.0,"R_DAGK_EC":0.015488728,"R_DALAt2r":0.0,"R_DHQS":0.3789206671,"R_DINSt2":0.0,"R_DAPDC":0.300555079,"R_DKGLCNR1":0.0,"R_DAPE":0.3260008464,"R_DAPabc":0.0,"R_DKGLCNR2x":0.0,"R_DKGLCNR2y":0.0,"R_DKMPPD":0.0064536367,"R_DKMPPD2":0.0,"R_BPNT":0.2148683011,"R_DMATT":0.0,"R_DMPPS":0.0,"R_DMQMT":0.0,"R_EDD":0.0,"R_BSORx":0.0,"R_EDTXS1":0.007744364,"R_DMSOR1":0.0,"R_BSORy":0.0,"R_DMSOR1e":0.0,"R_EDTXS2":0.007744364,"R_DMSOR2":0.0,"R_BTS2":0.0,"R_EDTXS3":0.0,"R_EDTXS4":0.0,"R_DMSOR2e":0.0,"R_ENO":13.393048015,"R_DNMPPA":0.0460974048,"R_BUTCT":0.0,"R_DNTPPA":0.0460974048,"R_DOGULNR":0.0,"R_ENTCS_1":0.0,"R_BUTt2r":0.0,"R_DPCOAK":0.0000543949,"R_BIOMASS_Ecoli":0.9219480951,"R_DPR":0.0000543949,"R_ETHAAL":0.0,"R_ETOHt2r":0.0,"R_DRPA":0.4766471651,"R_EX_h2o_e":41.2944936852,"R_DSERt2":0.0,"R_DTMPK":0.0227721179,"R_DURIK1":0.0,"R_DURIPP":0.0,"R_DURIt2":0.0,"R_DUTPDP":0.0,"R_DXPRIi":0.0,"R_EX_12ppd__S_e":0.0,"R_EX_15dap_e":0.0,"R_EX_26dap__M_e":0.0,"R_EX_2ddglcn_e":0.0,"R_EX_3hcinnm_e":0.0,"R_EX_3hpppn_e":0.0,"R_EX_4abut_e":0.0,"R_EX_ac_e":0.0,"R_DXPS":0.0,"R_DXYLK":0.0,"R_EX_acac_e":0.0,"R_EX_h_e":8.4275459758,"R_EX_acald_e":0.0,"R_EX_acgam_e":0.0,"R_D_LACt2":0.0,"R_E4PD":0.0,"R_ECAP_EC":0.0,"R_EX_acmana_e":0.0,"R_EX_hdca_e":0.0,"R_EX_acnam_e":0.0,"R_EX_ade_e":0.0,"R_EDA":0.0,"R_EX_his__L_e":0.0,"R_EX_adn_e":0.0,"R_EX_akg_e":0.0,"R_EX_hxan_e":0.0,"R_EX_ala__D_e":0.0,"R_EX_idon__L_e":0.0,"R_EX_ala__L_e":0.0,"R_EX_alltn_e":0.0,"R_EX_amp_e":0.0,"R_EX_arab__L_e":0.0,"R_EX_arg__L_e":0.0,"R_FBP":0.0,"R_FCI":0.0,"R_FCLK":0.0,"R_FCLPA":0.0,"R_FCLT":0.0,"R_EX_asn__L_e":0.0,"R_EX_asp__L_e":0.0,"R_EX_ile__L_e":0.0,"R_EX_but_e":0.0,"R_EX_cbl1_e":0.0,"R_FDH2":0.0,"R_FDH3":0.0,"R_FE2abc":0.0,"R_EX_chol_e":0.0,"R_EX_indole_e":0.0,"R_EX_cit_e":0.0,"R_EX_co2_e":21.7770230734,"R_EX_crn_e":0.0,"R_FFSD":0.0,"R_FHL":0.3386886961,"R_FMNAT":0.0000092195,"R_EX_csn_e":0.0,"R_EX_ins_e":0.0,"R_EX_cynt_e":0.0,"R_EX_k_e":0.0,"R_EX_cys__L_e":0.0,"R_EX_cytd_e":0.0,"R_EX_lac__D_e":0.0,"R_EX_dad_2_e":0.0,"R_FORt":0.0,"R_FRD2":0.6291945408,"R_EX_dcyt_e":0.0,"R_FRD3":0.0460974048,"R_FRUK":0.0,"R_FRUpts":0.0,"R_FRUpts2":0.0,"R_EX_dgsn_e":0.0,"R_EX_dha_e":0.0,"R_EX_din_e":0.0,"R_EX_dms_e":0.0,"R_FTHFD":0.2861099962,"R_EX_lac__L_e":0.0,"R_FUCPt6_2":0.0,"R_FUCt":0.0,"R_FUM":4.9888070431,"R_EX_dmso_e":0.0,"R_EX_duri_e":0.0,"R_EX_etoh_e":0.0,"R_FUMt2_2":0.0,"R_EX_lcts_e":0.0,"R_FUMt2_3":0.0,"R_EX_fe2_e":0.0,"R_EX_for_e":0.0,"R_G1PACT":0.0663802628,"R_EX_leu__L_e":0.0,"R_G1PP":0.0,"R_EX_fru_e":0.0,"R_EX_lys__L_e":0.0,"R_EX_fuc1p__L_e":0.0,"R_EX_fuc__L_e":0.0,"R_G1PTT":0.0,"R_G1SAT":0.0,"R_EX_fum_e":0.0,"R_EX_mal__L_e":0.0,"R_G3PD2":-0.1522136305,"R_G3PD5":0.0,"R_EX_g6p_e":0.0,"R_G3PD6":0.0,"R_EX_gal_e":0.0,"R_EX_galct__D_e":0.0,"R_EX_galctn__D_e":0.0,"R_G3PD7":0.0,"R_G5SADs":0.1936091,"R_G5SD":0.1936091,"R_EX_galt_e":0.0,"R_EX_malt_e":0.0,"R_EX_galur_e":0.0,"R_EX_gam_e":0.0,"R_G6PDA":0.0,"R_G6PDH2r":5.062459283,"R_G6Pt6_2":0.0,"R_GALCTD":0.0,"R_EX_gbbtn_e":0.0,"R_EX_glc__D_e":-10.0,"R_GALCTND":0.0,"R_GALCTNt2r":0.0,"R_EX_glcn_e":0.0,"R_EX_malthx_e":0.0,"R_EX_glcr_e":0.0,"R_EX_glcur_e":0.0,"R_GALCTt2r":0.0,"R_EX_maltpt_e":0.0,"R_GALKr":0.0,"R_GALS3":0.0,"R_GALTpts":0.0,"R_EX_gln__L_e":0.0,"R_EX_glu__L_e":0.0,"R_EX_gly_e":0.0,"R_EX_glyald_e":0.0,"R_EX_glyb_e":0.0,"R_EX_malttr_e":0.0,"R_EX_glyc3p_e":0.0,"R_EX_glyc_e":0.0,"R_GALUi_copy1":0.0,"R_GALURt2r":0.0,"R_GALUi_copy2":0.0182545723,"R_GALabc":0.0,"R_EX_glyclt_e":0.0,"R_EX_gsn_e":0.0,"R_EX_gua_e":0.0,"R_GALt2":0.0,"R_EX_maltttr_e":0.0,"R_GAMpts":0.0,"R_GAPD":15.3578281954,"R_GARFT":0.4406072922,"R_EX_man6p_e":0.0,"R_GART":0.0,"R_GCALDD":0.0460974048,"R_EX_man_e":0.0,"R_GDMANE":0.0,"R_GLCS1":0.1419800066,"R_EX_melib_e":0.0,"R_GLCURt2r":0.0,"R_GF6PTA":0.0663802628,"R_GHMT2r":1.4538282486,"R_GK1":0.2566795691,"R_GLCpts":10.0,"R_GLCDe":0.0,"R_EX_met__D_e":0.0,"R_GLCNt2r":0.0,"R_GLCt2":0.0,"R_EX_met__L_e":0.0,"R_GLGC":0.1419800066,"R_GLNS":1.7532023121,"R_GLCP":0.0,"R_GLCRAL":0.0,"R_GLCRD":0.0,"R_GLCRt2r":0.0,"R_GLNabc":0.0,"R_GLTPD":0.0,"R_GLU5K":0.1936091,"R_GLUABUTt7":0.0,"R_GLUCYS":0.0,"R_GUAD":0.0,"R_GUAPRT":0.0,"R_GLUDC":0.0,"R_EX_mnl_e":0.0,"R_GLUDy":-7.6733878243,"R_GLUN":0.0,"R_GLUPRT":0.4406072922,"R_GUAt":0.0,"R_EX_na1_e":0.0,"R_GUAt2r":0.0,"R_GUI1":0.0,"R_GLUR":-0.0254457674,"R_GLUSy":0.0,"R_GLUTRR":0.0,"R_GLUTRS":0.0,"R_GUI2":0.0,"R_GLUabc":0.0,"R_EX_nac_e":0.0,"R_EX_nad_e":0.0,"R_H2Ot":-41.2944936852,"R_EX_nh4_e":-9.8505203095,"R_GLUt2r":0.0,"R_EX_nmn_e":0.0,"R_GLUt4":0.0,"R_GLXCL":0.0,"R_HBZOPT":0.0,"R_HCINNMt2r":0.0,"R_EX_no2_e":0.0,"R_HCO3E":2.5673451725,"R_GLYALDt":0.0,"R_GLYAT":0.0,"R_HDCAt2":0.0,"R_HEMEOS":0.0,"R_GLYBabc":0.0,"R_GLYBt2r":0.0,"R_GLYC3Pabc":0.0,"R_GLYC3Pt6":0.0,"R_HETZK":0.0,"R_EX_no3_e":0.0,"R_HEX1":0.0,"R_GLYCDx":0.0,"R_GLYCK":0.0,"R_EX_o2_e":-19.9283876091,"R_GLYCL":0.0,"R_GLYCLTDx":0.0,"R_HISTD":0.0829753286,"R_HISTP":0.0829753286,"R_HISabc":0.0,"R_GLYCLTDy":0.0,"R_EX_ocdca_e":0.0,"R_GLYCLTt2r":0.0,"R_GLYCTO2":0.0,"R_HISt2r":0.0,"R_EX_orn_e":0.0,"R_HKNDDH_1":0.0,"R_GLYCTO3":0.0,"R_GLYCTO4":0.0460974048,"R_HKNTDH_1":0.0,"R_EX_phe__L_e":0.0,"R_HMBS":0.0,"R_GLYCt":0.0,"R_GLYK":0.0059465652,"R_HMPK1":0.0,"R_EX_pi_e":-0.8404819955,"R_HOPNTAL":0.0,"R_GLYOX":0.0,"R_GLYt2r":0.0,"R_HPPK2":0.0460974048,"R_HPPPNDO_1":0.0,"R_HPPPNt2r":0.0,"R_GMAND":0.0,"R_GMHEPAT":0.023233092,"R_GMHEPK":0.023233092,"R_GMHEPPA":0.023233092,"R_HPYRI":0.0,"R_HPYRRx":0.0,"R_GMPR":0.0,"R_GMPS2":0.2566795691,"R_HPYRRy":0.0,"R_EX_pnto__R_e":0.0,"R_HSDy":-0.1346044219,"R_HSK":0.0,"R_HSST":0.1346044219,"R_GND":5.062459283,"R_GNK":0.0,"R_GOFUCR":0.0,"R_GP4GH":0.0,"R_GPDDA1":0.0,"R_HSTPT":0.0829753286,"R_HXPRT":0.0,"R_GPDDA2":0.0,"R_EX_pppn_e":0.0,"R_GPDDA3":0.0,"R_GPDDA4":0.0,"R_HYD1":0.0,"R_HYD2":0.3386886961,"R_EX_pro__L_e":0.0,"R_HYD3":0.0,"R_GPDDA5":0.0,"R_GRTT":0.0,"R_HYPOE":0.0,"R_GSNK":0.0,"R_GSNt2":0.0,"R_GSPMDA":0.0,"R_HYXNt":0.0,"R_ICDHyr":5.0461476049,"R_ICHORS":0.0,"R_ICHORT":0.0,"R_ICL":0.0,"R_GSPMDS":0.0,"R_GTHOr":0.0,"R_IDOND":0.0,"R_EX_ptrc_e":0.0,"R_IDOND2":0.0,"R_IDONt2r":0.0,"R_IG3PS":0.0829753286,"R_GTHS":0.0,"R_GTPCI_1":0.0460974048,"R_IGPDH":0.0829753286,"R_EX_pyr_e":0.0,"R_IGPS":0.0497851971,"R_GTPCII2":0.0000092195,"R_ILETA":-0.2544576742,"R_EX_rib__D_e":0.0,"R_ILEabc":0.0,"R_EX_rmn_e":0.0,"R_ILEt2r":0.0,"R_IMPC":-0.5235826207,"R_KARA2":0.2544576742,"R_EX_sbt__D_e":0.0,"R_KAS14":0.0,"R_KAS15":0.2962219229,"R_IMPD":0.2566795691,"R_INDOLEt2r":0.0,"R_INSK":0.0,"R_KAS16":0.030977456,"R_EX_ser__D_e":0.0,"R_KDOCT2":0.03872182,"R_KDOPP":0.03872182,"R_KDOPS":0.03872182,"R_KG6PDC":0.0,"R_Kabc":0.0,"R_INSt2_copy1":0.0,"R_INSt2_copy2":0.0,"R_IPDDI":0.0,"R_IPDPS":0.0,"R_IPMD":0.3945937847,"R_EX_ser__L_e":0.0,"R_IPPMIa":-0.3945937847,"R_IPPMIb":-0.3945937847,"R_IPPS":0.3945937847,"R_Kt2r":0.0,"R_LACZ":0.0,"R_LCADi_copy1":0.0,"R_KARA1":-0.7652713138,"R_EX_so4_e":-0.2148683011,"R_LCADi_copy2":0.0,"R_EX_spmd_e":0.0,"R_LCARS":0.0,"R_LCTSt":0.0,"R_MELIBt2":0.0,"R_EX_succ_e":0.0,"R_MEPCT":0.0,"R_LDH_D":0.0,"R_LDH_D2":0.0,"R_LEUTAi":0.3945937847,"R_LEUabc":0.0,"R_METAT":0.0064536367,"R_EX_sucr_e":0.0,"R_METDabc":0.0,"R_LEUt2r":0.0,"R_METS_1":0.1346044219,"R_METabc":0.0,"R_LGTHL":0.0,"R_LPADSS":0.007744364,"R_LPLIPA1":0.0,"R_MGSA":0.0,"R_EX_tartr__L_e":0.0,"R_MI1PP":0.0,"R_LPLIPA2":0.0,"R_LPLIPA3":0.0,"R_LPLIPA4":0.0,"R_MICITDr":0.0,"R_EX_taur_e":0.0,"R_MLTG1":0.0,"R_MLTG2":0.0,"R_LPLIPA5":0.0,"R_LPLIPA6":0.0,"R_LPSSYN_EC":0.007744364,"R_EX_thm_e":0.0,"R_MLTG3":0.0,"R_MLTG4":0.0,"R_EX_thr__L_e":0.0,"R_MLTG5":0.0,"R_LYSDC":0.0,"R_LYSabc":0.0,"R_MLTP1":0.0,"R_EX_thymd_e":0.0,"R_MLTP2":0.0,"R_MLTP3":0.0,"R_LYSt2r":0.0,"R_MMCD":0.0,"R_EX_tma_e":0.0,"R_MME":0.0,"R_L_LACD2":0.0,"R_L_LACD3":0.0,"R_EX_tmao_e":0.0,"R_L_LACt2r":0.0,"R_M1PD":0.0,"R_MACPD":0.0,"R_MALS":0.0460974048,"R_MMM2":0.0,"R_MNLpts":0.0,"R_MNNH":0.0,"R_MOAT":0.007744364,"R_MOAT2":0.007744364,"R_MALTHXabc":0.0,"R_MALTPTabc":0.0,"R_MOHMT":0.0000543949,"R_EX_tre_e":0.0,"R_MALTTRabc":0.0,"R_MALTTTRabc":0.0,"R_MALTabc":0.0,"R_MTAN":0.0064536367,"R_MTHFC_1":1.2502999091,"R_EX_trp__L_e":0.0,"R_MALTpts":0.0,"R_MALt2_2":0.0,"R_MTHFD_1":1.2502999091,"R_EX_tsul_e":0.0,"R_MTHFR2_1":0.1807018266,"R_MTRI":0.0064536367,"R_MTRK":0.0064536367,"R_MALt2_3":0.0,"R_MAN1PT2":0.0,"R_MAN6PI":0.0,"R_MAN6Pt6_2":0.0,"R_NACODA":0.0,"R_EX_ttdca_e":0.0,"R_NACt":0.0,"R_NADDP":0.0,"R_NADDPe":0.0,"R_NADH10":0.0,"R_NADH5":0.0,"R_MANAO":0.0,"R_MANpts":0.0,"R_MCITD":0.0,"R_MCITL2":0.0,"R_MCITS":0.0,"R_MCOATA":2.1267378803,"R_MDH":5.0349044479,"R_NADH6":35.1438297963,"R_NADH7":0.0,"R_MDH2":0.0,"R_NADH8":0.0,"R_EX_tyr__L_e":0.0,"R_NADH9":0.0,"R_NADK":0.0004886325,"R_MDH3":0.0,"R_MDRPD":0.0064536367,"R_EX_ura_e":0.0,"R_ME1":0.0,"R_NADPPPS":0.0,"R_ME2":0.0,"R_EX_urea_e":0.0,"R_NADS1":0.0025169183,"R_EX_uri_e":0.0,"R_NADTRHD":0.0,"R_EX_val__L_e":0.0,"R_NAMNPP":0.0,"R_NAt3_1":0.0,"R_EX_xan_e":0.0,"R_NAt3_15":0.0,"R_NAt3_2":0.0,"R_NDPK1":0.7150334402,"R_NDPK2":0.3496027176,"R_MECDPDH":0.0,"R_MECDPS":0.0,"R_NDPK3":0.1791428124,"R_EX_xtsn_e":0.0,"R_NDPK4":0.0227721179,"R_NDPK5":0.0234174816,"R_NNDMBRT":0.0,"R_NNDPR":0.0025169183,"R_EX_xyl__D_e":0.0,"R_NO2t2r":0.0,"R_NO3R1":0.0,"R_NDPK6":0.0,"R_NDPK7":0.0,"R_NDPK8":-0.4766471651,"R_NO3R2":0.0,"R_F6PA":0.4172835242,"R_NO3t7":0.0,"R_NH4t":9.8505203095,"R_NMNAT":0.0,"R_NPHS":0.0,"R_NMNDA":0.0,"R_FAO1":0.0,"R_NMNN":0.0,"R_NMNP":0.0,"R_NMNt7":0.0,"R_NTD1":0.0,"R_NTD10":0.0,"R_NTD11":0.0,"R_NTD2":0.0,"R_NTD3":0.0,"R_NNAM":0.0,"R_NNATr":0.0025169183,"R_FAO2":0.0,"R_NTD4":0.0,"R_NTD5":0.0,"R_FAO3":0.0,"R_NTD6":0.4766471651,"R_PFL":0.0,"R_PGAMT":-0.0663802628,"R_FAO4":0.0,"R_PGCD":1.9647801804,"R_NTD7":0.0,"R_NTD8":0.0,"R_FBA":6.5858431002,"R_NTD9":0.0,"R_NTPP1":0.0,"R_PGI":4.7773061381,"R_PUNP2":0.4766471651,"R_PGK":-15.3578281954,"R_PGL":5.062459283,"R_PGLYCP":0.0,"R_PGM":-13.393048015,"R_PGMT":-0.1602345789,"R_NTPP2":0.0,"R_NTPP3":0.0,"R_NTPP4":0.0,"R_NTPP5":0.0,"R_NTPP6":0.0,"R_NTPP7":0.0,"R_NTPP8":0.0,"R_NTPTP1":0.0,"R_PGPP_EC":0.0332823262,"R_PGSA_EC":0.0332823262,"R_NTPTP2":0.0,"R_PUNP3":0.0,"R_NTRIR2x":0.0,"R_PHETA1":-0.1622628647,"R_PUNP4":0.0,"R_PHEt2r":0.0,"R_O2t":19.9283876091,"R_PUNP5":0.0,"R_OBTFL":0.0,"R_OCBT":0.2590674147,"R_PIabc":0.0,"R_PUNP6":0.0,"R_PIt2r":0.8404819955,"R_PUNP7":0.0,"R_PLIPA1":0.0,"R_PLIPA2":0.0,"R_PLIPA3":0.0,"R_OCDCAt2":0.0,"R_OCTDPS":0.0,"R_PYAM5PO":0.0,"R_OHPBAT":0.0,"R_OHPHM":0.0,"R_PMANM":0.0,"R_PMDPHT":0.0000092195,"R_PYDAMK":0.0,"R_PMPK":0.0,"R_PNTK":0.0000543949,"R_OMBZLM":0.0,"R_OMCDC":0.3945937847,"R_OMMBLHX":0.0,"R_PNTOt4":0.0,"R_PYDXK":0.0,"R_POX":0.0,"R_OMPDC":0.2905058448,"R_OMPHHX":0.0,"R_OP4ENH":0.0,"R_PPA":3.0971140649,"R_PPAKr":0.0,"R_OPHBDC":0.0,"R_PYDXNK":0.0,"R_OPHHX":0.0,"R_ORNDC":0.03872182,"R_ORNTA":0.0,"R_PPBNGS":0.0,"R_PPC":2.1537555693,"R_PPCDC":0.0000543949,"R_PPCK":0.0,"R_PPCSCT":0.0,"R_ORNabc":0.0,"R_PPM":-0.4831008018,"R_ORPT":-0.2905058448,"R_PYDXPP":0.0,"R_OXGDC2":0.0,"R_PPM2":0.4766471651,"R_PPNCL2":0.0000543949,"R_P5CD":0.0,"R_PYK":0.0,"R_P5CR":0.1936091,"R_PACCOAL":0.0,"R_PPND":0.1207752005,"R_PPNDH":0.1622628647,"R_PPPGO":0.0,"R_PANTS":0.0000543949,"R_PYNP2r":0.0,"R_PAPA_EC":0.0,"R_PAPPT3":0.0254457674,"R_PPPNDO":0.0,"R_PPPNt2r":0.0,"R_PPS":0.0,"R_PAPSR":0.2148683011,"R_PPTGS":0.0254457674,"R_PYRt2":0.0,"R_PRAGSr":0.4406072922,"R_PRAIS":0.4406072922,"R_PRAIi":0.0497851971,"R_PRAMPC":0.0829753286,"R_PASYN_EC":0.1248778695,"R_PDH":7.9607362299,"R_PDX5POi":0.0,"R_PDX5PS":0.0,"R_PDXPP":0.0,"R_PRASCSi":0.4406072922,"R_PRATPP":0.0829753286,"R_PRFGS":0.4406072922,"R_PEAMNO":0.0,"R_QULNS_1":0.0025169183,"R_PEPT_EC":0.015488728,"R_PRMICI":0.0829753286,"R_PROD2":0.0,"R_PROabc":0.0,"R_PERD":0.0,"R_RBFK":0.0000092195,"R_PFK":6.5858431002,"R_PFK_2":0.0,"R_PROt2r":0.0,"R_PROt4":0.0,"R_PRPPS":0.8663905809,"R_PSCVT":0.3789206671,"R_RBFSa":0.000018439,"R_PSD_EC":0.1046872062,"R_PUNP1":-0.4831008018,"R_PSERT":1.9647801804,"R_RBFSb":0.0000092195,"R_PSP_L":1.9647801804,"R_PSSA_EC":0.1070842712,"R_RBK":0.0,"R_SPMS":0.0064536367,"R_PTA2":0.0,"R_RBK_L1":0.0,"R_PTAr":-0.5281462638,"R_SPODM":0.0,"R_SSALx":0.0,"R_PTPATi":0.0000543949,"R_PTRCORNt7":0.0,"R_RBP4E":0.0,"R_PTRCTA":0.0,"R_PTRCabc":0.0,"R_SSALy":0.0,"R_SUCBZL":0.0,"R_SUCBZS":0.0,"R_RHCCE":0.0,"R_SUCCabc":0.0,"R_PTRCt2":0.0,"R_SUCCt2_2":0.0,"R_RIBabc":0.0,"R_SUCCt2_3":0.0,"R_TREpts":0.0,"R_RMI":0.0,"R_TRPAS2":-0.0497851971,"R_TRPS1":0.0,"R_SUCCt2r":0.0,"R_SUCD1":4.6975212303,"R_RMK":0.0,"R_SUCD4":4.6975212303,"R_TRPS2":0.0,"R_TRPS3":0.0497851971,"R_RMNt":0.0,"R_SUCFUMt":0.0,"R_SUCOAS":-3.5616240164,"R_SUCpts":0.0,"R_RMPA":0.0,"R_RNDR1":0.0,"R_SULR":0.2148683011,"R_SULabc":0.2148683011,"R_TAGURr":0.0,"R_TALA":1.3355607081,"R_TRPt2r":0.0,"R_TRSARr":0.0,"R_TSULabc":0.0,"R_TTDCAt2":0.0,"R_TARTD":0.0,"R_TYRTA":-0.1207752005,"R_RNDR2":0.0234174816,"R_TYRt2r":0.0,"R_U23GAAT":0.015488728,"R_TARTRt7":0.0,"R_TAUDO":0.0,"R_TAURabc":0.0,"R_TDPADGAT":0.0,"R_UAAGDS":0.0254457674,"R_UACMAMO":0.0,"R_TDPAGTA":0.0,"R_UAG2E":0.0,"R_RNDR3":0.0,"R_UAGAAT":0.015488728,"R_TDPDRE":0.0,"R_RNDR4":0.0227721179,"R_TDPDRR":0.0,"R_TDPGDH":0.0,"R_UAGCVT":0.0254457674,"R_UAGDP":0.0663802628,"R_TDSK":0.007744364,"R_UAGPT3":0.0254457674,"R_TGBPA":0.0,"R_RNTR1":0.4994192831,"R_THD2":0.0,"R_THDPS":0.3260008464,"R_THMDt2_copy1":0.0,"R_UAMAGS":0.0254457674,"R_UAMAS":0.0254457674,"R_UAPGR":0.0254457674,"R_UDCPDP":0.0254457674,"R_UDCPDPS":0.0,"R_THMDt2_copy2":0.0,"R_THMabc":0.0,"R_UDPG4E":0.0,"R_RNTR2":0.0,"R_UDPGALM":0.0,"R_UDPGD":0.0,"R_THRA":-0.4766471651,"R_THRD":0.0,"R_UGLT":0.0,"R_THRD_L":0.2544576742,"R_UGLYCH":0.0,"R_RNTR3":0.0234174816,"R_UGMDDS":0.0254457674,"R_UHGADA":0.015488728,"R_THRS":0.0,"R_THRabc":0.0,"R_THRt2r":0.0,"R_UMPK":0.3236959762,"R_RNTR4":0.0,"R_UNK3":0.0064536367,"R_THRt4":0.0,"R_THZPSN":0.0,"R_UPP3MT":0.0,"R_RPE":2.3154338412,"R_UPP3S":0.0,"R_UPPDC1":0.0,"R_TKT1":1.3587938001,"R_TKT2":0.9566400411,"R_TMAOR1":0.0,"R_TMAOR1e":0.0,"R_UPPRT":0.0,"R_URAt2_copy1":0.0,"R_URAt2_copy2":0.0,"R_TMAOR2":0.0,"R_RPI":-2.7082851828,"R_TMAOR2e":0.0,"R_TMDK1":0.0,"R_TMDPP":0.0,"R_UREAt":0.0,"R_URIDK2r":-0.0227721179,"R_RZ5PP":0.0,"R_URIK2":0.0,"R_URIt2_copy1":0.0,"R_TMDS":0.0227721179,"R_S7PI":0.023233092,"R_TMK":0.0,"R_TMPK":0.0,"R_URIt2_copy2":0.0,"R_USHD":0.007744364,"R_TMPPP":0.0,"R_VALTA":-0.3706231342,"R_SADH":0.0,"R_VALabc":0.0,"R_VALt2r":0.0,"R_TPI":6.8483960757,"R_TRDR":0.7838946653,"R_TRE6PH":0.0,"R_VPAMTr":0.0,"R_SADT2":0.2148683011,"R_X5PL3E":0.0,"R_TRE6PP":0.0,"R_TRE6PS":0.0,"R_TREH":0.0,"R_TREHe":0.0,"R_XANt":0.0,"R_XANt2":0.0,"R_XPPT":0.0,"R_XTSNt2":0.0,"R_XYLI1":0.0,"R_XYLI2":0.0,"R_SBTPD":0.0,"R_XYLK":0.0,"R_SBTpts":0.0,"R_XYLabc":0.0,"R_XYLt2":0.0,"R_SDPDS":0.3260008464,"R_SDPTA":-0.3260008464,"R_SELNPS":0.0,"R_SERASr":0.0,"R_SERAT":0.2148683011,"R_SERD_D":0.0,"R_SERD_L":0.0,"R_SERt2r":0.0,"R_SERt4":0.0,"R_SGDS":0.0,"R_SGSAD":0.0,"R_SHCHCS2":0.0,"R_SHCHD2":0.0,"R_SHCHF":0.0,"R_SHK3Dr":0.3789206671,"R_SHKK":0.3789206671,"R_SHSL1":0.1346044219,"R_SOTA":0.0,"R_SPMDAT1":0.0,"R_SPMDAT2":0.0,"R_SPMDabc":0.0}]