[{"data_set_value_component_environment_variable_time":0.0,"data_set_value_component_Parameters_variable_R_T":20000.0,"data_set_value_component_Parameters_variable_K_1":5.0,"data_set_value_component_Parameters_variable_K_2":100.0,"data_set_value_component_Parameters_variable_k_r":0.000175,"data_set_value_component_Parameters_variable_k_p":0.03,"data_set_value_component_Parameters_variable_k_e":0.006,"data_set_value_component_Parameters_variable_xi":0.85,"data_set_value_component_Parameters_variable_G_T":100000.0,"data_set_value_component_Parameters_variable_k_deg":1.25,"data_set_value_component_Parameters_variable_k_a":0.017,"data_set_value_component_Parameters_variable_k_d":0.15,"data_set_value_component_Parameters_variable_PIP_2_T":50000000.0,"data_set_value_component_Parameters_variable_r_r":10.0,"data_set_value_component_Parameters_variable_delta":0.001238,"data_set_value_component_Parameters_variable_K_c":0.4,"data_set_value_component_Parameters_variable_alpha":0.00002781,"data_set_value_component_Parameters_variable_N_a":6.02252e+17,"data_set_value_component_Parameters_variable_v":0.0,"data_set_value_component_Parameters_variable_epsilon_r":0.185,"data_set_value_component_Parameters_variable_d_1":0.13,"data_set_value_component_Parameters_variable_d_2":1.05,"data_set_value_component_Parameters_variable_d_3":0.943,"data_set_value_component_Parameters_variable_d_5":0.0823,"data_set_value_component_Parameters_variable_a_2":0.2,"data_set_value_component_Parameters_variable_B_e":150.0,"data_set_value_component_Parameters_variable_K_e":10.0,"data_set_value_component_Parameters_variable_B_ER":120000.0,"data_set_value_component_Parameters_variable_K_ER":1200.0,"data_set_value_component_Parameters_variable_B_x":50.0,"data_set_value_component_Parameters_variable_K_x":0.2,"data_set_value_component_Parameters_variable_k_3":0.4,"data_set_value_component_Parameters_variable_eta_1":575.0,"data_set_value_component_Parameters_variable_eta_2":5.2,"data_set_value_component_Parameters_variable_eta_3":45.0,"data_set_value_component_Parameters_variable_C_T":67.0,"data_set_value_component_ligand_variable_L":1000.0,"data_set_value_component_RS_variable_RS":17000.0,"data_set_value_component_RS_p_variable_RS_p":0.0,"data_set_value_component_G_GTP_variable_G":0.0,"data_set_value_component_IP_3_variable_IP_3":0.01,"data_set_value_component_PIP_2_variable_PIP_2":49997000.0,"data_set_value_component_r_h_variable_r_h":0.0,"data_set_value_component_rho_r_variable_rho_r":0.9950248756,"data_set_value_component_C_variable_C":0.0961,"data_set_value_component_h_variable_h":0.6155,"data_set_value_component_tau_h_variable_tau_h":19.9720600729,"data_set_value_component_h_infinit_variable_h_infinit":0.6161370054,"data_set_value_component_zeta_variable_zeta":0.1542497377,"data_set_value_component_m_infinit_variable_m_infinit":0.0384769379,"data_set_value_component_beta_variable_beta":0.0077057555,"data_set_value_component_gamma_variable_gamma":0.0054136255,"data_set_value_component_C_ER_variable_C_ER":2.6620808192,"data_set_value_component_RS_E_variable_RS_E":3621.4959836536},{"data_set_value_component_environment_variable_time":0.1,"data_set_value_component_Parameters_variable_R_T":20000.0,"data_set_value_component_Parameters_variable_K_1":5.0,"data_set_value_component_Parameters_variable_K_2":100.0,"data_set_value_component_Parameters_variable_k_r":0.000175,"data_set_value_component_Parameters_variable_k_p":0.03,"data_set_value_component_Parameters_variable_k_e":0.006,"data_set_value_component_Parameters_variable_xi":0.85,"data_set_value_component_Parameters_variable_G_T":100000.0,"data_set_value_component_Parameters_variable_k_deg":1.25,"data_set_value_component_Parameters_variable_k_a":0.017,"data_set_value_component_Parameters_variable_k_d":0.15,"data_set_value_component_Parameters_variable_PIP_2_T":50000000.0,"data_set_value_component_Parameters_variable_r_r":10.0,"data_set_value_component_Parameters_variable_delta":0.001238,"data_set_value_component_Parameters_variable_K_c":0.4,"data_set_value_component_Parameters_variable_alpha":0.00002781,"data_set_value_component_Parameters_variable_N_a":6.02252e+17,"data_set_value_component_Parameters_variable_v":0.0,"data_set_value_component_Parameters_variable_epsilon_r":0.185,"data_set_value_component_Parameters_variable_d_1":0.13,"data_set_value_component_Parameters_variable_d_2":1.05,"data_set_value_component_Parameters_variable_d_3":0.943,"data_set_value_component_Parameters_variable_d_5":0.0823,"data_set_value_component_Parameters_variable_a_2":0.2,"data_set_value_component_Parameters_variable_B_e":150.0,"data_set_value_component_Parameters_variable_K_e":10.0,"data_set_value_component_Parameters_variable_B_ER":120000.0,"data_set_value_component_Parameters_variable_K_ER":1200.0,"data_set_value_component_Parameters_variable_B_x":50.0,"data_set_value_component_Parameters_variable_K_x":0.2,"data_set_value_component_Parameters_variable_k_3":0.4,"data_set_value_component_Parameters_variable_eta_1":575.0,"data_set_value_component_Parameters_variable_eta_2":5.2,"data_set_value_component_Parameters_variable_eta_3":45.0,"data_set_value_component_Parameters_variable_C_T":67.0,"data_set_value_component_ligand_variable_L":1000.0,"data_set_value_component_RS_variable_RS":16949.3818180051,"data_set_value_component_RS_p_variable_RS_p":50.6568580011,"data_set_value_component_G_GTP_variable_G":167.7085948409,"data_set_value_component_IP_3_variable_IP_3":0.016045737,"data_set_value_component_PIP_2_variable_PIP_2":49994878.9726277143,"data_set_value_component_r_h_variable_r_h":0.000903572,"data_set_value_component_rho_r_variable_rho_r":0.9920621491,"data_set_value_component_C_variable_C":0.09611435,"data_set_value_component_h_variable_h":0.6155162978,"data_set_value_component_tau_h_variable_tau_h":19.5304248574,"data_set_value_component_h_infinit_variable_h_infinit":0.6245691818,"data_set_value_component_zeta_variable_zeta":0.1598964657,"data_set_value_component_m_infinit_variable_m_infinit":0.0591873963,"data_set_value_component_beta_variable_beta":0.0077064144,"data_set_value_component_gamma_variable_gamma":0.005413866,"data_set_value_component_C_ER_variable_C_ER":2.6619801613,"data_set_value_component_RS_E_variable_RS_E":3621.4959836536},{"data_set_value_component_environment_variable_time":0.2,"data_set_value_component_Parameters_variable_R_T":20000.0,"data_set_value_component_Parameters_variable_K_1":5.0,"data_set_value_component_Parameters_variable_K_2":100.0,"data_set_value_component_Parameters_variable_k_r":0.000175,"data_set_value_component_Parameters_variable_k_p":0.03,"data_set_value_component_Parameters_variable_k_e":0.006,"data_set_value_component_Parameters_variable_xi":0.85,"data_set_value_component_Parameters_variable_G_T":100000.0,"data_set_value_component_Parameters_variable_k_deg":1.25,"data_set_value_component_Parameters_variable_k_a":0.017,"data_set_value_component_Parameters_variable_k_d":0.15,"data_set_value_component_Parameters_variable_PIP_2_T":50000000.0,"data_set_value_component_Parameters_variable_r_r":10.0,"data_set_value_component_Parameters_variable_delta":0.001238,"data_set_value_component_Parameters_variable_K_c":0.4,"data_set_value_component_Parameters_variable_alpha":0.00002781,"data_set_value_component_Parameters_variable_N_a":6.02252e+17,"data_set_value_component_Parameters_variable_v":0.0,"data_set_value_component_Parameters_variable_epsilon_r":0.185,"data_set_value_component_Parameters_variable_d_1":0.13,"data_set_value_component_Parameters_variable_d_2":1.05,"data_set_value_component_Parameters_variable_d_3":0.943,"data_set_value_component_Parameters_variable_d_5":0.0823,"data_set_value_component_Parameters_variable_a_2":0.2,"data_set_value_component_Parameters_variable_B_e":150.0,"data_set_value_component_Parameters_variable_K_e":10.0,"data_set_value_component_Parameters_variable_B_ER":120000.0,"data_set_value_component_Parameters_variable_K_ER":1200.0,"data_set_value_component_Parameters_variable_B_x":50.0,"data_set_value_component_Parameters_variable_K_x":0.2,"data_set_value_component_Parameters_variable_k_3":0.4,"data_set_value_component_Parameters_variable_eta_1":575.0,"data_set_value_component_Parameters_variable_eta_2":5.2,"data_set_value_component_Parameters_variable_eta_3":45.0,"data_set_value_component_Parameters_variable_C_T":67.0,"data_set_value_component_ligand_variable_L":1000.0,"data_set_value_component_RS_variable_RS":16898.9145094211,"data_set_value_component_RS_p_variable_RS_p":101.1352598172,"data_set_value_component_G_GTP_variable_G":332.1436760881,"data_set_value_component_IP_3_variable_IP_3":0.0353445547,"data_set_value_component_PIP_2_variable_PIP_2":49988625.4179212078,"data_set_value_component_r_h_variable_r_h":0.0017901446,"data_set_value_component_rho_r_variable_rho_r":0.9891082534,"data_set_value_component_C_variable_C":0.0961568218,"data_set_value_component_h_variable_h":0.615622985,"data_set_value_component_tau_h_variable_tau_h":18.2740881371,"data_set_value_component_h_infinit_variable_h_infinit":0.6485643527,"data_set_value_component_zeta_variable_zeta":0.1774546417,"data_set_value_component_m_infinit_variable_m_infinit":0.1151806603,"data_set_value_component_beta_variable_beta":0.0077083648,"data_set_value_component_gamma_variable_gamma":0.0054145777,"data_set_value_component_C_ER_variable_C_ER":2.6616822951,"data_set_value_component_RS_E_variable_RS_E":3621.4959836536},{"data_set_value_component_environment_variable_time":0.3,"data_set_value_component_Parameters_variable_R_T":20000.0,"data_set_value_component_Parameters_variable_K_1":5.0,"data_set_value_component_Parameters_variable_K_2":100.0,"data_set_value_component_Parameters_variable_k_r":0.000175,"data_set_value_component_Parameters_variable_k_p":0.03,"data_set_value_component_Parameters_variable_k_e":0.006,"data_set_value_component_Parameters_variable_xi":0.85,"data_set_value_component_Parameters_variable_G_T":100000.0,"data_set_value_component_Parameters_variable_k_deg":1.25,"data_set_value_component_Parameters_variable_k_a":0.017,"data_set_value_component_Parameters_variable_k_d":0.15,"data_set_value_component_Parameters_variable_PIP_2_T":50000000.0,"data_set_value_component_Parameters_variable_r_r":10.0,"data_set_value_component_Parameters_variable_delta":0.001238,"data_set_value_component_Parameters_variable_K_c":0.4,"data_set_value_component_Parameters_variable_alpha":0.00002781,"data_set_value_component_Parameters_variable_N_a":6.02252e+17,"data_set_value_component_Parameters_variable_v":0.0,"data_set_value_component_Parameters_variable_epsilon_r":0.185,"data_set_value_component_Parameters_variable_d_1":0.13,"data_set_value_component_Parameters_variable_d_2":1.05,"data_set_value_component_Parameters_variable_d_3":0.943,"data_set_value_component_Parameters_variable_d_5":0.0823,"data_set_value_component_Parameters_variable_a_2":0.2,"data_set_value_component_Parameters_variable_B_e":150.0,"data_set_value_component_Parameters_variable_K_e":10.0,"data_set_value_component_Parameters_variable_B_ER":120000.0,"data_set_value_component_Parameters_variable_K_ER":1200.0,"data_set_value_component_Parameters_variable_B_x":50.0,"data_set_value_component_Parameters_variable_K_x":0.2,"data_set_value_component_Parameters_variable_k_3":0.4,"data_set_value_component_Parameters_variable_eta_1":575.0,"data_set_value_component_Parameters_variable_eta_2":5.2,"data_set_value_component_Parameters_variable_eta_3":45.0,"data_set_value_component_Parameters_variable_C_T":67.0,"data_set_value_component_ligand_variable_L":1000.0,"data_set_value_component_RS_variable_RS":16848.5976249433,"data_set_value_component_RS_p_variable_RS_p":151.4357524448,"data_set_value_component_G_GTP_variable_G":493.3625450855,"data_set_value_component_IP_3_variable_IP_3":0.0660890223,"data_set_value_component_PIP_2_variable_PIP_2":49978583.4484230429,"data_set_value_component_r_h_variable_r_h":0.0026629136,"data_set_value_component_rho_r_variable_rho_r":0.9861631621,"data_set_value_component_C_variable_C":0.096329691,"data_set_value_component_h_variable_h":0.6158990111,"data_set_value_component_tau_h_variable_tau_h":16.646211262,"data_set_value_component_h_infinit_variable_h_infinit":0.6792951227,"data_set_value_component_zeta_variable_zeta":0.2040389588,"data_set_value_component_m_infinit_variable_m_infinit":0.1817534094,"data_set_value_component_beta_variable_beta":0.0077163047,"data_set_value_component_gamma_variable_gamma":0.0054174742,"data_set_value_component_C_ER_variable_C_ER":2.6604706932,"data_set_value_component_RS_E_variable_RS_E":3621.4959836536},{"data_set_value_component_environment_variable_time":0.4,"data_set_value_component_Parameters_variable_R_T":20000.0,"data_set_value_component_Parameters_variable_K_1":5.0,"data_set_value_component_Parameters_variable_K_2":100.0,"data_set_value_component_Parameters_variable_k_r":0.000175,"data_set_value_component_Parameters_variable_k_p":0.03,"data_set_value_component_Parameters_variable_k_e":0.006,"data_set_value_component_Parameters_variable_xi":0.85,"data_set_value_component_Parameters_variable_G_T":100000.0,"data_set_value_component_Parameters_variable_k_deg":1.25,"data_set_value_component_Parameters_variable_k_a":0.017,"data_set_value_component_Parameters_variable_k_d":0.15,"data_set_value_component_Parameters_variable_PIP_2_T":50000000.0,"data_set_value_component_Parameters_variable_r_r":10.0,"data_set_value_component_Parameters_variable_delta":0.001238,"data_set_value_component_Parameters_variable_K_c":0.4,"data_set_value_component_Parameters_variable_alpha":0.00002781,"data_set_value_component_Parameters_variable_N_a":6.02252e+17,"data_set_value_component_Parameters_variable_v":0.0,"data_set_value_component_Parameters_variable_epsilon_r":0.185,"data_set_value_component_Parameters_variable_d_1":0.13,"data_set_value_component_Parameters_variable_d_2":1.05,"data_set_value_component_Parameters_variable_d_3":0.943,"data_set_value_component_Parameters_variable_d_5":0.0823,"data_set_value_component_Parameters_variable_a_2":0.2,"data_set_value_component_Parameters_variable_B_e":150.0,"data_set_value_component_Parameters_variable_K_e":10.0,"data_set_value_component_Parameters_variable_B_ER":120000.0,"data_set_value_component_Parameters_variable_K_ER":1200.0,"data_set_value_component_Parameters_variable_B_x":50.0,"data_set_value_component_Parameters_variable_K_x":0.2,"data_set_value_component_Parameters_variable_k_3":0.4,"data_set_value_component_Parameters_variable_eta_1":575.0,"data_set_value_component_Parameters_variable_eta_2":5.2,"data_set_value_component_Parameters_variable_eta_3":45.0,"data_set_value_component_Parameters_variable_C_T":67.0,"data_set_value_component_ligand_variable_L":1000.0,"data_set_value_component_RS_variable_RS":16798.4307166645,"data_set_value_component_RS_p_variable_RS_p":201.5588811702,"data_set_value_component_G_GTP_variable_G":651.4214877551,"data_set_value_component_IP_3_variable_IP_3":0.1067686166,"data_set_value_component_PIP_2_variable_PIP_2":49965174.0994357616,"data_set_value_component_r_h_variable_r_h":0.0035301468,"data_set_value_component_rho_r_variable_rho_r":0.9832268491,"data_set_value_component_C_variable_C":0.0968099448,"data_set_value_component_h_variable_h":0.6163986147,"data_set_value_component_tau_h_variable_tau_h":14.9866282501,"data_set_value_component_h_infinit_variable_h_infinit":0.7098290692,"data_set_value_component_zeta_variable_zeta":0.2368208036,"data_set_value_component_m_infinit_variable_m_infinit":0.2437360403,"data_set_value_component_beta_variable_beta":0.007738376,"data_set_value_component_gamma_variable_gamma":0.0054255196,"data_set_value_component_C_ER_variable_C_ER":2.657111233,"data_set_value_component_RS_E_variable_RS_E":3621.4959836536},{"data_set_value_component_environment_variable_time":0.5,"data_set_value_component_Parameters_variable_R_T":20000.0,"data_set_value_component_Parameters_variable_K_1":5.0,"data_set_value_component_Parameters_variable_K_2":100.0,"data_set_value_component_Parameters_variable_k_r":0.000175,"data_set_value_component_Parameters_variable_k_p":0.03,"data_set_value_component_Parameters_variable_k_e":0.006,"data_set_value_component_Parameters_variable_xi":0.85,"data_set_value_component_Parameters_variable_G_T":100000.0,"data_set_value_component_Parameters_variable_k_deg":1.25,"data_set_value_component_Parameters_variable_k_a":0.017,"data_set_value_component_Parameters_variable_k_d":0.15,"data_set_value_component_Parameters_variable_PIP_2_T":50000000.0,"data_set_value_component_Parameters_variable_r_r":10.0,"data_set_value_component_Parameters_variable_delta":0.001238,"data_set_value_component_Parameters_variable_K_c":0.4,"data_set_value_component_Parameters_variable_alpha":0.00002781,"data_set_value_component_Parameters_variable_N_a":6.02252e+17,"data_set_value_component_Parameters_variable_v":0.0,"data_set_value_component_Parameters_variable_epsilon_r":0.185,"data_set_value_component_Parameters_variable_d_1":0.13,"data_set_value_component_Parameters_variable_d_2":1.05,"data_set_value_component_Parameters_variable_d_3":0.943,"data_set_value_component_Parameters_variable_d_5":0.0823,"data_set_value_component_Parameters_variable_a_2":0.2,"data_set_value_component_Parameters_variable_B_e":150.0,"data_set_value_component_Parameters_variable_K_e":10.0,"data_set_value_component_Parameters_variable_B_ER":120000.0,"data_set_value_component_Parameters_variable_K_ER":1200.0,"data_set_value_component_Parameters_variable_B_x":50.0,"data_set_value_component_Parameters_variable_K_x":0.2,"data_set_value_component_Parameters_variable_k_3":0.4,"data_set_value_component_Parameters_variable_eta_1":575.0,"data_set_value_component_Parameters_variable_eta_2":5.2,"data_set_value_component_Parameters_variable_eta_3":45.0,"data_set_value_component_Parameters_variable_C_T":67.0,"data_set_value_component_ligand_variable_L":1000.0,"data_set_value_component_RS_variable_RS":16748.4133380722,"data_set_value_component_RS_p_variable_RS_p":251.5051895729,"data_set_value_component_G_GTP_variable_G":806.3757918691,"data_set_value_component_IP_3_variable_IP_3":0.1562164242,"data_set_value_component_PIP_2_variable_PIP_2":49948766.0776970163,"data_set_value_component_r_h_variable_r_h":0.0044044464,"data_set_value_component_rho_r_variable_rho_r":0.9802992882,"data_set_value_component_C_variable_C":0.0977632656,"data_set_value_component_h_variable_h":0.6171527151,"data_set_value_component_tau_h_variable_tau_h":13.4711120066,"data_set_value_component_h_infinit_variable_h_infinit":0.7366040199,"data_set_value_component_zeta_variable_zeta":0.2734013419,"data_set_value_component_m_infinit_variable_m_infinit":0.2963348429,"data_set_value_component_beta_variable_beta":0.0077822451,"data_set_value_component_gamma_variable_gamma":0.0054414837,"data_set_value_component_C_ER_variable_C_ER":2.6504709021,"data_set_value_component_RS_E_variable_RS_E":3621.4959836536},{"data_set_value_component_environment_variable_time":0.6,"data_set_value_component_Parameters_variable_R_T":20000.0,"data_set_value_component_Parameters_variable_K_1":5.0,"data_set_value_component_Parameters_variable_K_2":100.0,"data_set_value_component_Parameters_variable_k_r":0.000175,"data_set_value_component_Parameters_variable_k_p":0.03,"data_set_value_component_Parameters_variable_k_e":0.006,"data_set_value_component_Parameters_variable_xi":0.85,"data_set_value_component_Parameters_variable_G_T":100000.0,"data_set_value_component_Parameters_variable_k_deg":1.25,"data_set_value_component_Parameters_variable_k_a":0.017,"data_set_value_component_Parameters_variable_k_d":0.15,"data_set_value_component_Parameters_variable_PIP_2_T":50000000.0,"data_set_value_component_Parameters_variable_r_r":10.0,"data_set_value_component_Parameters_variable_delta":0.001238,"data_set_value_component_Parameters_variable_K_c":0.4,"data_set_value_component_Parameters_variable_alpha":0.00002781,"data_set_value_component_Parameters_variable_N_a":6.02252e+17,"data_set_value_component_Parameters_variable_v":0.0,"data_set_value_component_Parameters_variable_epsilon_r":0.185,"data_set_value_component_Parameters_variable_d_1":0.13,"data_set_value_component_Parameters_variable_d_2":1.05,"data_set_value_component_Parameters_variable_d_3":0.943,"data_set_value_component_Parameters_variable_d_5":0.0823,"data_set_value_component_Parameters_variable_a_2":0.2,"data_set_value_component_Parameters_variable_B_e":150.0,"data_set_value_component_Parameters_variable_K_e":10.0,"data_set_value_component_Parameters_variable_B_ER":120000.0,"data_set_value_component_Parameters_variable_K_ER":1200.0,"data_set_value_component_Parameters_variable_B_x":50.0,"data_set_value_component_Parameters_variable_K_x":0.2,"data_set_value_component_Parameters_variable_k_3":0.4,"data_set_value_component_Parameters_variable_eta_1":575.0,"data_set_value_component_Parameters_variable_eta_2":5.2,"data_set_value_component_Parameters_variable_eta_3":45.0,"data_set_value_component_Parameters_variable_C_T":67.0,"data_set_value_component_ligand_variable_L":1000.0,"data_set_value_component_RS_variable_RS":16698.5450439417,"data_set_value_component_RS_p_variable_RS_p":301.2752196558,"data_set_value_component_G_GTP_variable_G":958.2797796982,"data_set_value_component_IP_3_variable_IP_3":0.2136111207,"data_set_value_component_PIP_2_variable_PIP_2":49929636.8074869514,"data_set_value_component_r_h_variable_r_h":0.005299764,"data_set_value_component_rho_r_variable_rho_r":0.9773804533,"data_set_value_component_C_variable_C":0.099293018,"data_set_value_component_h_variable_h":0.6181735042,"data_set_value_component_tau_h_variable_tau_h":12.1585975856,"data_set_value_component_h_infinit_variable_h_infinit":0.7585472302,"data_set_value_component_zeta_variable_zeta":0.3119386199,"data_set_value_component_m_infinit_variable_m_infinit":0.3399196042,"data_set_value_component_beta_variable_beta":0.0078527972,"data_set_value_component_gamma_variable_gamma":0.0054670834,"data_set_value_component_C_ER_variable_C_ER":2.6398933737,"data_set_value_component_RS_E_variable_RS_E":3621.4959836536},{"data_set_value_component_environment_variable_time":0.7,"data_set_value_component_Parameters_variable_R_T":20000.0,"data_set_value_component_Parameters_variable_K_1":5.0,"data_set_value_component_Parameters_variable_K_2":100.0,"data_set_value_component_Parameters_variable_k_r":0.000175,"data_set_value_component_Parameters_variable_k_p":0.03,"data_set_value_component_Parameters_variable_k_e":0.006,"data_set_value_component_Parameters_variable_xi":0.85,"data_set_value_component_Parameters_variable_G_T":100000.0,"data_set_value_component_Parameters_variable_k_deg":1.25,"data_set_value_component_Parameters_variable_k_a":0.017,"data_set_value_component_Parameters_variable_k_d":0.15,"data_set_value_component_Parameters_variable_PIP_2_T":50000000.0,"data_set_value_component_Parameters_variable_r_r":10.0,"data_set_value_component_Parameters_variable_delta":0.001238,"data_set_value_component_Parameters_variable_K_c":0.4,"data_set_value_component_Parameters_variable_alpha":0.00002781,"data_set_value_component_Parameters_variable_N_a":6.02252e+17,"data_set_value_component_Parameters_variable_v":0.0,"data_set_value_component_Parameters_variable_epsilon_r":0.185,"data_set_value_component_Parameters_variable_d_1":0.13,"data_set_value_component_Parameters_variable_d_2":1.05,"data_set_value_component_Parameters_variable_d_3":0.943,"data_set_value_component_Parameters_variable_d_5":0.0823,"data_set_value_component_Parameters_variable_a_2":0.2,"data_set_value_component_Parameters_variable_B_e":150.0,"data_set_value_component_Parameters_variable_K_e":10.0,"data_set_value_component_Parameters_variable_B_ER":120000.0,"data_set_value_component_Parameters_variable_K_ER":1200.0,"data_set_value_component_Parameters_variable_B_x":50.0,"data_set_value_component_Parameters_variable_K_x":0.2,"data_set_value_component_Parameters_variable_k_3":0.4,"data_set_value_component_Parameters_variable_eta_1":575.0,"data_set_value_component_Parameters_variable_eta_2":5.2,"data_set_value_component_Parameters_variable_eta_3":45.0,"data_set_value_component_Parameters_variable_C_T":67.0,"data_set_value_component_ligand_variable_L":1000.0,"data_set_value_component_RS_variable_RS":16648.8253903879,"data_set_value_component_RS_p_variable_RS_p":350.8695117822,"data_set_value_component_G_GTP_variable_G":1107.1868171976,"data_set_value_component_IP_3_variable_IP_3":0.2784383516,"data_set_value_component_PIP_2_variable_PIP_2":49907967.0974534824,"data_set_value_component_r_h_variable_r_h":0.0062292583,"data_set_value_component_rho_r_variable_rho_r":0.9744703184,"data_set_value_component_C_variable_C":0.1014470809,"data_set_value_component_h_variable_h":0.6194594007,"data_set_value_component_tau_h_variable_tau_h":11.048309082,"data_set_value_component_h_infinit_variable_h_infinit":0.775836259,"data_set_value_component_zeta_variable_zeta":0.3511108593,"data_set_value_component_m_infinit_variable_m_infinit":0.3763757602,"data_set_value_component_beta_variable_beta":0.0079524676,"data_set_value_component_gamma_variable_gamma":0.0055030943,"data_set_value_component_C_ER_variable_C_ER":2.6251593165,"data_set_value_component_RS_E_variable_RS_E":3621.4959836536},{"data_set_value_component_environment_variable_time":0.8,"data_set_value_component_Parameters_variable_R_T":20000.0,"data_set_value_component_Parameters_variable_K_1":5.0,"data_set_value_component_Parameters_variable_K_2":100.0,"data_set_value_component_Parameters_variable_k_r":0.000175,"data_set_value_component_Parameters_variable_k_p":0.03,"data_set_value_component_Parameters_variable_k_e":0.006,"data_set_value_component_Parameters_variable_xi":0.85,"data_set_value_component_Parameters_variable_G_T":100000.0,"data_set_value_component_Parameters_variable_k_deg":1.25,"data_set_value_component_Parameters_variable_k_a":0.017,"data_set_value_component_Parameters_variable_k_d":0.15,"data_set_value_component_Parameters_variable_PIP_2_T":50000000.0,"data_set_value_component_Parameters_variable_r_r":10.0,"data_set_value_component_Parameters_variable_delta":0.001238,"data_set_value_component_Parameters_variable_K_c":0.4,"data_set_value_component_Parameters_variable_alpha":0.00002781,"data_set_value_component_Parameters_variable_N_a":6.02252e+17,"data_set_value_component_Parameters_variable_v":0.0,"data_set_value_component_Parameters_variable_epsilon_r":0.185,"data_set_value_component_Parameters_variable_d_1":0.13,"data_set_value_component_Parameters_variable_d_2":1.05,"data_set_value_component_Parameters_variable_d_3":0.943,"data_set_value_component_Parameters_variable_d_5":0.0823,"data_set_value_component_Parameters_variable_a_2":0.2,"data_set_value_component_Parameters_variable_B_e":150.0,"data_set_value_component_Parameters_variable_K_e":10.0,"data_set_value_component_Parameters_variable_B_ER":120000.0,"data_set_value_component_Parameters_variable_K_ER":1200.0,"data_set_value_component_Parameters_variable_B_x":50.0,"data_set_value_component_Parameters_variable_K_x":0.2,"data_set_value_component_Parameters_variable_k_3":0.4,"data_set_value_component_Parameters_variable_eta_1":575.0,"data_set_value_component_Parameters_variable_eta_2":5.2,"data_set_value_component_Parameters_variable_eta_3":45.0,"data_set_value_component_Parameters_variable_C_T":67.0,"data_set_value_component_ligand_variable_L":1000.0,"data_set_value_component_RS_variable_RS":16599.2539348417,"data_set_value_component_RS_p_variable_RS_p":400.288604705,"data_set_value_component_G_GTP_variable_G":1253.1493341239,"data_set_value_component_IP_3_variable_IP_3":0.3504354389,"data_set_value_component_PIP_2_variable_PIP_2":49883854.4108738452,"data_set_value_component_r_h_variable_r_h":0.0072046473,"data_set_value_component_rho_r_variable_rho_r":0.9715688578,"data_set_value_component_C_variable_C":0.1042435698,"data_set_value_component_h_variable_h":0.6209993306,"data_set_value_component_tau_h_variable_tau_h":10.1161943172,"data_set_value_component_h_infinit_variable_h_infinit":0.7890903584,"data_set_value_component_zeta_variable_zeta":0.3900134446,"data_set_value_component_m_infinit_variable_m_infinit":0.407607321,"data_set_value_component_beta_variable_beta":0.0080824227,"data_set_value_component_gamma_variable_gamma":0.005549782,"data_set_value_component_C_ER_variable_C_ER":2.6063046995,"data_set_value_component_RS_E_variable_RS_E":3621.4959836536},{"data_set_value_component_environment_variable_time":0.9,"data_set_value_component_Parameters_variable_R_T":20000.0,"data_set_value_component_Parameters_variable_K_1":5.0,"data_set_value_component_Parameters_variable_K_2":100.0,"data_set_value_component_Parameters_variable_k_r":0.000175,"data_set_value_component_Parameters_variable_k_p":0.03,"data_set_value_component_Parameters_variable_k_e":0.006,"data_set_value_component_Parameters_variable_xi":0.85,"data_set_value_component_Parameters_variable_G_T":100000.0,"data_set_value_component_Parameters_variable_k_deg":1.25,"data_set_value_component_Parameters_variable_k_a":0.017,"data_set_value_component_Parameters_variable_k_d":0.15,"data_set_value_component_Parameters_variable_PIP_2_T":50000000.0,"data_set_value_component_Parameters_variable_r_r":10.0,"data_set_value_component_Parameters_variable_delta":0.001238,"data_set_value_component_Parameters_variable_K_c":0.4,"data_set_value_component_Parameters_variable_alpha":0.00002781,"data_set_value_component_Parameters_variable_N_a":6.02252e+17,"data_set_value_component_Parameters_variable_v":0.0,"data_set_value_component_Parameters_variable_epsilon_r":0.185,"data_set_value_component_Parameters_variable_d_1":0.13,"data_set_value_component_Parameters_variable_d_2":1.05,"data_set_value_component_Parameters_variable_d_3":0.943,"data_set_value_component_Parameters_variable_d_5":0.0823,"data_set_value_component_Parameters_variable_a_2":0.2,"data_set_value_component_Parameters_variable_B_e":150.0,"data_set_value_component_Parameters_variable_K_e":10.0,"data_set_value_component_Parameters_variable_B_ER":120000.0,"data_set_value_component_Parameters_variable_K_ER":1200.0,"data_set_value_component_Parameters_variable_B_x":50.0,"data_set_value_component_Parameters_variable_K_x":0.2,"data_set_value_component_Parameters_variable_k_3":0.4,"data_set_value_component_Parameters_variable_eta_1":575.0,"data_set_value_component_Parameters_variable_eta_2":5.2,"data_set_value_component_Parameters_variable_eta_3":45.0,"data_set_value_component_Parameters_variable_C_T":67.0,"data_set_value_component_ligand_variable_L":1000.0,"data_set_value_component_RS_variable_RS":16549.8302360483,"data_set_value_component_RS_p_variable_RS_p":449.5330355676,"data_set_value_component_G_GTP_variable_G":1396.2188404059,"data_set_value_component_IP_3_variable_IP_3":0.4295392691,"data_set_value_component_PIP_2_variable_PIP_2":49857327.9653332606,"data_set_value_component_r_h_variable_r_h":0.0082363609,"data_set_value_component_rho_r_variable_rho_r":0.9686760454,"data_set_value_component_C_variable_C":0.1076912958,"data_set_value_component_h_variable_h":0.6227759319,"data_set_value_component_tau_h_variable_tau_h":9.3328526479,"data_set_value_component_h_infinit_variable_h_infinit":0.798986601,"data_set_value_component_zeta_variable_zeta":0.4280505817,"data_set_value_component_m_infinit_variable_m_infinit":0.4351301741,"data_set_value_component_beta_variable_beta":0.0082434953,"data_set_value_component_gamma_variable_gamma":0.0056072444,"data_set_value_component_C_ER_variable_C_ER":2.5834733473,"data_set_value_component_RS_E_variable_RS_E":3621.4959836536},{"data_set_value_component_environment_variable_time":1.0,"data_set_value_component_Parameters_variable_R_T":20000.0,"data_set_value_component_Parameters_variable_K_1":5.0,"data_set_value_component_Parameters_variable_K_2":100.0,"data_set_value_component_Parameters_variable_k_r":0.000175,"data_set_value_component_Parameters_variable_k_p":0.03,"data_set_value_component_Parameters_variable_k_e":0.006,"data_set_value_component_Parameters_variable_xi":0.85,"data_set_value_component_Parameters_variable_G_T":100000.0,"data_set_value_component_Parameters_variable_k_deg":1.25,"data_set_value_component_Parameters_variable_k_a":0.017,"data_set_value_component_Parameters_variable_k_d":0.15,"data_set_value_component_Parameters_variable_PIP_2_T":50000000.0,"data_set_value_component_Parameters_variable_r_r":10.0,"data_set_value_component_Parameters_variable_delta":0.001238,"data_set_value_component_Parameters_variable_K_c":0.4,"data_set_value_component_Parameters_variable_alpha":0.00002781,"data_set_value_component_Parameters_variable_N_a":6.02252e+17,"data_set_value_component_Parameters_variable_v":0.0,"data_set_value_component_Parameters_variable_epsilon_r":0.185,"data_set_value_component_Parameters_variable_d_1":0.13,"data_set_value_component_Parameters_variable_d_2":1.05,"data_set_value_component_Parameters_variable_d_3":0.943,"data_set_value_component_Parameters_variable_d_5":0.0823,"data_set_value_component_Parameters_variable_a_2":0.2,"data_set_value_component_Parameters_variable_B_e":150.0,"data_set_value_component_Parameters_variable_K_e":10.0,"data_set_value_component_Parameters_variable_B_ER":120000.0,"data_set_value_component_Parameters_variable_K_ER":1200.0,"data_set_value_component_Parameters_variable_B_x":50.0,"data_set_value_component_Parameters_variable_K_x":0.2,"data_set_value_component_Parameters_variable_k_3":0.4,"data_set_value_component_Parameters_variable_eta_1":575.0,"data_set_value_component_Parameters_variable_eta_2":5.2,"data_set_value_component_Parameters_variable_eta_3":45.0,"data_set_value_component_Parameters_variable_C_T":67.0,"data_set_value_component_ligand_variable_L":1000.0,"data_set_value_component_RS_variable_RS":16500.5538540685,"data_set_value_component_RS_p_variable_RS_p":498.6033399038,"data_set_value_component_G_GTP_variable_G":1536.4459419456,"data_set_value_component_IP_3_variable_IP_3":0.5158452683,"data_set_value_component_PIP_2_variable_PIP_2":49828361.899097003,"data_set_value_component_r_h_variable_r_h":0.009333844,"data_set_value_component_rho_r_variable_rho_r":0.9657918557,"data_set_value_component_C_variable_C":0.111800244,"data_set_value_component_h_variable_h":0.6247677312,"data_set_value_component_tau_h_variable_tau_h":8.6708361305,"data_set_value_component_h_infinit_variable_h_infinit":0.806119681,"data_set_value_component_zeta_variable_zeta":0.4648454133,"data_set_value_component_m_infinit_variable_m_infinit":0.4600527586,"data_set_value_component_beta_variable_beta":0.0084366629,"data_set_value_component_gamma_variable_gamma":0.0056755869,"data_set_value_component_C_ER_variable_C_ER":2.5568407334,"data_set_value_component_RS_E_variable_RS_E":3621.4959836536}]