[{"file": "plot.csv"}, {"file": "report.csv"}, {"file": "README.html"}, {"file": "fig3c.sedml"}, {"file": "fig3a.sedml"}, {"file": "pone.0095454.g001.jpg"}, {"file": "screenshot1.png"}, {"file": "pone.0095454.g002.jpg"}, {"file": "screenshot2.png"}, {"file": "Table1.xls"}, {"file": "fig3b.sedml"}, {"file": "screenshot3.png"}, {"file": "pone.0095454.g003.jpg"}, {"file": "pone.0095454.g006.jpg"}, {"file": "screenshot4.png"}, {"file": "pone.0095454.g004.jpg"}, {"file": "pone.0095454.g005.jpg"}, {"file": "fig3d.sedml"}]