<?xml version='1.0' encoding='UTF-8' standalone='no'?>
<sbml xmlns="http://www.sbml.org/sbml/level3/version1/core" layout:required="false" level="3" qual:required="true" xmlns:layout="http://www.sbml.org/sbml/level3/version1/layout/version1" version="1" xmlns:qual="http://www.sbml.org/sbml/level3/version1/qual/version1">
  <model id="model_id">
    <layout:listOfLayouts xmlns:layout="http://www.sbml.org/sbml/level3/version1/layout/version1" xmlns:xsi="http://www.w3.org/2001/XMLSchema-instance">
      <layout:layout layout:id="__layout__">
        <layout:dimensions layout:height="519" layout:width="614"/>
        <layout:listOfAdditionalGraphicalObjects>
          <layout:generalGlyph layout:id="_ly_Cln3" layout:reference="Cln3">
            <layout:boundingBox>
              <layout:position layout:x="403" layout:y="58"/>
              <layout:dimensions layout:height="30" layout:width="60"/>
            </layout:boundingBox>
          </layout:generalGlyph>
          <layout:generalGlyph layout:id="_ly_SMBF" layout:reference="SMBF">
            <layout:boundingBox>
              <layout:position layout:x="342" layout:y="141"/>
              <layout:dimensions layout:height="30" layout:width="60"/>
            </layout:boundingBox>
          </layout:generalGlyph>
          <layout:generalGlyph layout:id="_ly_Cln2" layout:reference="Cln2">
            <layout:boundingBox>
              <layout:position layout:x="143" layout:y="74"/>
              <layout:dimensions layout:height="30" layout:width="60"/>
            </layout:boundingBox>
          </layout:generalGlyph>
          <layout:generalGlyph layout:id="_ly_Clb5" layout:reference="Clb5">
            <layout:boundingBox>
              <layout:position layout:x="482" layout:y="179"/>
              <layout:dimensions layout:height="30" layout:width="60"/>
            </layout:boundingBox>
          </layout:generalGlyph>
          <layout:generalGlyph layout:id="_ly_Yhp1" layout:reference="Yhp1">
            <layout:boundingBox>
              <layout:position layout:x="463" layout:y="95"/>
              <layout:dimensions layout:height="30" layout:width="60"/>
            </layout:boundingBox>
          </layout:generalGlyph>
          <layout:generalGlyph layout:id="_ly_Clb2" layout:reference="Clb2">
            <layout:boundingBox>
              <layout:position layout:x="225" layout:y="269"/>
              <layout:dimensions layout:height="30" layout:width="60"/>
            </layout:boundingBox>
          </layout:generalGlyph>
          <layout:generalGlyph layout:id="_ly_SFF" layout:reference="SFF">
            <layout:boundingBox>
              <layout:position layout:x="313" layout:y="314"/>
              <layout:dimensions layout:height="30" layout:width="60"/>
            </layout:boundingBox>
          </layout:generalGlyph>
          <layout:generalGlyph layout:id="_ly_Cdc20" layout:reference="Cdc20">
            <layout:boundingBox>
              <layout:position layout:x="363" layout:y="436"/>
              <layout:dimensions layout:height="30" layout:width="60"/>
            </layout:boundingBox>
          </layout:generalGlyph>
          <layout:generalGlyph layout:id="_ly_FEAR" layout:reference="FEAR">
            <layout:boundingBox>
              <layout:position layout:x="195" layout:y="443"/>
              <layout:dimensions layout:height="30" layout:width="60"/>
            </layout:boundingBox>
          </layout:generalGlyph>
          <layout:generalGlyph layout:id="_ly_MEN" layout:reference="MEN">
            <layout:boundingBox>
              <layout:position layout:x="120" layout:y="418"/>
              <layout:dimensions layout:height="30" layout:width="60"/>
            </layout:boundingBox>
          </layout:generalGlyph>
          <layout:generalGlyph layout:id="_ly_Cdc14" layout:reference="Cdc14">
            <layout:boundingBox>
              <layout:position layout:x="68" layout:y="354"/>
              <layout:dimensions layout:height="30" layout:width="60"/>
            </layout:boundingBox>
          </layout:generalGlyph>
          <layout:generalGlyph layout:id="_ly_Swi5" layout:reference="Swi5">
            <layout:boundingBox>
              <layout:position layout:x="184" layout:y="340"/>
              <layout:dimensions layout:height="30" layout:width="60"/>
            </layout:boundingBox>
          </layout:generalGlyph>
          <layout:generalGlyph layout:id="_ly_CKI" layout:reference="CKI">
            <layout:boundingBox>
              <layout:position layout:x="68" layout:y="167"/>
              <layout:dimensions layout:height="30" layout:width="60"/>
            </layout:boundingBox>
          </layout:generalGlyph>
          <layout:generalGlyph layout:id="_ly_Cdh1" layout:reference="Cdh1">
            <layout:boundingBox>
              <layout:position layout:x="412" layout:y="235"/>
              <layout:dimensions layout:height="30" layout:width="60"/>
            </layout:boundingBox>
          </layout:generalGlyph>
          <layout:generalGlyph layout:id="_ly_S" layout:reference="S">
            <layout:boundingBox>
              <layout:position layout:x="554" layout:y="219"/>
              <layout:dimensions layout:height="30" layout:width="60"/>
            </layout:boundingBox>
          </layout:generalGlyph>
          <layout:generalGlyph layout:id="_ly_B" layout:reference="B">
            <layout:boundingBox>
              <layout:position layout:x="256" layout:y="37"/>
              <layout:dimensions layout:height="30" layout:width="60"/>
            </layout:boundingBox>
          </layout:generalGlyph>
          <layout:generalGlyph layout:id="_ly_M" layout:reference="M">
            <layout:boundingBox>
              <layout:position layout:x="260" layout:y="489"/>
              <layout:dimensions layout:height="30" layout:width="60"/>
            </layout:boundingBox>
          </layout:generalGlyph>
          <layout:generalGlyph layout:id="_ly_CD" layout:reference="CD">
            <layout:boundingBox>
              <layout:position layout:x="6" layout:y="240"/>
              <layout:dimensions layout:height="30" layout:width="60"/>
            </layout:boundingBox>
          </layout:generalGlyph>
        </layout:listOfAdditionalGraphicalObjects>
      </layout:layout>
    </layout:listOfLayouts>
    <qual:listOfQualitativeSpecies xmlns:qual="http://www.sbml.org/sbml/level3/version1/qual/version1">
      <qual:qualitativeSpecies qual:maxLevel="1" qual:compartment="comp1" qual:constant="false" qual:initialLevel="1" qual:id="Cln3"/>
      <qual:qualitativeSpecies qual:maxLevel="1" qual:compartment="comp1" qual:initialLevel="0" qual:id="SMBF" qual:constant="false" />
      <qual:qualitativeSpecies qual:maxLevel="1" qual:compartment="comp1" qual:initialLevel="0" qual:id="Cln2" qual:constant="false" />
      <qual:qualitativeSpecies qual:maxLevel="1" qual:compartment="comp1" qual:initialLevel="0" qual:id="Clb5" qual:constant="false" />
      <qual:qualitativeSpecies qual:maxLevel="1" qual:compartment="comp1" qual:initialLevel="0" qual:id="Yhp1" qual:constant="false" />
      <qual:qualitativeSpecies qual:maxLevel="1" qual:compartment="comp1" qual:constant="false" qual:initialLevel="0" qual:id="Clb2"/>
      <qual:qualitativeSpecies qual:maxLevel="1" qual:compartment="comp1" qual:initialLevel="1" qual:id="SFF" qual:constant="false" />
      <qual:qualitativeSpecies qual:maxLevel="1" qual:compartment="comp1" qual:constant="false" qual:initialLevel="1" qual:id="Cdc20"/>
      <qual:qualitativeSpecies qual:maxLevel="1" qual:compartment="comp1" qual:constant="false" qual:initialLevel="1" qual:id="FEAR"/>
      <qual:qualitativeSpecies qual:maxLevel="1" qual:compartment="comp1" qual:initialLevel="1" qual:id="MEN" qual:constant="false" />
      <qual:qualitativeSpecies qual:maxLevel="1" qual:compartment="comp1" qual:constant="false" qual:initialLevel="1" qual:id="Cdc14"/>
      <qual:qualitativeSpecies qual:maxLevel="1" qual:compartment="comp1" qual:constant="false" qual:initialLevel="1" qual:id="Swi5"/>
      <qual:qualitativeSpecies qual:maxLevel="1" qual:compartment="comp1" qual:constant="false" qual:initialLevel="1" qual:id="CKI"/>
      <qual:qualitativeSpecies qual:maxLevel="1" qual:compartment="comp1" qual:constant="false" qual:initialLevel="1" qual:id="Cdh1"/>
      <qual:qualitativeSpecies qual:maxLevel="1" qual:compartment="comp1" qual:initialLevel="0" qual:id="S" qual:constant="false" />
      <qual:qualitativeSpecies qual:maxLevel="1" qual:compartment="comp1" qual:initialLevel="0" qual:id="B" qual:constant="false" />
      <qual:qualitativeSpecies qual:maxLevel="1" qual:compartment="comp1" qual:initialLevel="0" qual:id="M" qual:constant="false" />
      <qual:qualitativeSpecies qual:maxLevel="1" qual:compartment="comp1" qual:initialLevel="0" qual:id="CD" qual:constant="false" />
    </qual:listOfQualitativeSpecies>
    <qual:listOfTransitions xmlns:qual="http://www.sbml.org/sbml/level3/version1/qual/version1">
      <qual:transition qual:id="tr_Cln3">
        <qual:listOfInputs>
          <qual:input qual:qualitativeSpecies="Yhp1" qual:transitionEffect="none" qual:sign="negative" qual:id="tr_Cln3_in_4"/>
        </qual:listOfInputs>
        <qual:listOfOutputs>
          <qual:output qual:qualitativeSpecies="Cln3" qual:transitionEffect="assignmentLevel" qual:id="tr_Cln3_out"/>
        </qual:listOfOutputs>
        <qual:listOfFunctionTerms>
          <qual:defaultTerm qual:resultLevel="0">
          </qual:defaultTerm>
          <qual:functionTerm qual:resultLevel="1">
            <math xmlns="http://www.w3.org/1998/Math/MathML">            
              <apply>
                <eq/>
                <ci> Yhp1 </ci>
                <cn type="integer"> 0 </cn>
              </apply>
            </math>
                    </qual:functionTerm>
        </qual:listOfFunctionTerms>
      </qual:transition>
      <qual:transition qual:id="tr_SMBF">
        <qual:listOfInputs>
          <qual:input qual:qualitativeSpecies="Cln3" qual:transitionEffect="none" qual:sign="positive" qual:id="tr_SMBF_in_0"/>
          <qual:input qual:qualitativeSpecies="SMBF" qual:transitionEffect="none" qual:sign="positive" qual:id="tr_SMBF_in_1"/>
          <qual:input qual:qualitativeSpecies="Cln2" qual:transitionEffect="none" qual:sign="positive" qual:id="tr_SMBF_in_2"/>
          <qual:input qual:qualitativeSpecies="Clb2" qual:transitionEffect="none" qual:sign="negative" qual:id="tr_SMBF_in_5"/>
        </qual:listOfInputs>
        <qual:listOfOutputs>
          <qual:output qual:qualitativeSpecies="SMBF" qual:transitionEffect="assignmentLevel" qual:id="tr_SMBF_out"/>
        </qual:listOfOutputs>
        <qual:listOfFunctionTerms>
          <qual:defaultTerm qual:resultLevel="0">
          </qual:defaultTerm>
          <qual:functionTerm qual:resultLevel="1">
            <math xmlns="http://www.w3.org/1998/Math/MathML">            
              <apply>
                <or/>
                <apply>
                  <and/>
                  <apply>
                    <eq/>
                    <ci> Cln3 </ci>
                    <cn type="integer"> 0 </cn>
                  </apply>
                  <apply>
                    <eq/>
                    <ci> SMBF </ci>
                    <cn type="integer"> 0 </cn>
                  </apply>
                  <apply>
                    <eq/>
                    <ci> Cln2 </ci>
                    <cn type="integer"> 1 </cn>
                  </apply>
                  <apply>
                    <eq/>
                    <ci> Clb2 </ci>
                    <cn type="integer"> 0 </cn>
                  </apply>
                </apply>
                <apply>
                  <and/>
                  <apply>
                    <eq/>
                    <ci> Cln3 </ci>
                    <cn type="integer"> 0 </cn>
                  </apply>
                  <apply>
                    <eq/>
                    <ci> SMBF </ci>
                    <cn type="integer"> 1 </cn>
                  </apply>
                  <apply>
                    <eq/>
                    <ci> Clb2 </ci>
                    <cn type="integer"> 0 </cn>
                  </apply>
                </apply>
                <apply>
                  <and/>
                  <apply>
                    <eq/>
                    <ci> Cln3 </ci>
                    <cn type="integer"> 1 </cn>
                  </apply>
                  <apply>
                    <eq/>
                    <ci> Clb2 </ci>
                    <cn type="integer"> 0 </cn>
                  </apply>
                </apply>
              </apply>
            </math>
                    </qual:functionTerm>
        </qual:listOfFunctionTerms>
      </qual:transition>
      <qual:transition qual:id="tr_Cln2">
        <qual:listOfInputs>
          <qual:input qual:qualitativeSpecies="SMBF" qual:transitionEffect="none" qual:sign="positive" qual:id="tr_Cln2_in_1"/>
        </qual:listOfInputs>
        <qual:listOfOutputs>
          <qual:output qual:qualitativeSpecies="Cln2" qual:transitionEffect="assignmentLevel" qual:id="tr_Cln2_out"/>
        </qual:listOfOutputs>
        <qual:listOfFunctionTerms>
          <qual:defaultTerm qual:resultLevel="0">
          </qual:defaultTerm>
          <qual:functionTerm qual:resultLevel="1">
            <math xmlns="http://www.w3.org/1998/Math/MathML">            
              <apply>
                <eq/>
                <ci> SMBF </ci>
                <cn type="integer"> 1 </cn>
              </apply>
            </math>
                    </qual:functionTerm>
        </qual:listOfFunctionTerms>
      </qual:transition>
      <qual:transition qual:id="tr_Clb5">
        <qual:listOfInputs>
          <qual:input qual:qualitativeSpecies="SMBF" qual:transitionEffect="none" qual:sign="positive" qual:id="tr_Clb5_in_1"/>
          <qual:input qual:qualitativeSpecies="Cdc20" qual:transitionEffect="none" qual:sign="negative" qual:id="tr_Clb5_in_7"/>
        </qual:listOfInputs>
        <qual:listOfOutputs>
          <qual:output qual:qualitativeSpecies="Clb5" qual:transitionEffect="assignmentLevel" qual:id="tr_Clb5_out"/>
        </qual:listOfOutputs>
        <qual:listOfFunctionTerms>
          <qual:defaultTerm qual:resultLevel="0">
          </qual:defaultTerm>
          <qual:functionTerm qual:resultLevel="1">
            <math xmlns="http://www.w3.org/1998/Math/MathML">            
              <apply>
                <and/>
                <apply>
                  <eq/>
                  <ci> SMBF </ci>
                  <cn type="integer"> 1 </cn>
                </apply>
                <apply>
                  <eq/>
                  <ci> Cdc20 </ci>
                  <cn type="integer"> 0 </cn>
                </apply>
              </apply>
            </math>
                    </qual:functionTerm>
        </qual:listOfFunctionTerms>
      </qual:transition>
      <qual:transition qual:id="tr_Yhp1">
        <qual:listOfInputs>
          <qual:input qual:qualitativeSpecies="SMBF" qual:transitionEffect="none" qual:sign="positive" qual:id="tr_Yhp1_in_1"/>
        </qual:listOfInputs>
        <qual:listOfOutputs>
          <qual:output qual:qualitativeSpecies="Yhp1" qual:transitionEffect="assignmentLevel" qual:id="tr_Yhp1_out"/>
        </qual:listOfOutputs>
        <qual:listOfFunctionTerms>
          <qual:defaultTerm qual:resultLevel="0">
          </qual:defaultTerm>
          <qual:functionTerm qual:resultLevel="1">
            <math xmlns="http://www.w3.org/1998/Math/MathML">            
              <apply>
                <eq/>
                <ci> SMBF </ci>
                <cn type="integer"> 1 </cn>
              </apply>
            </math>
                    </qual:functionTerm>
        </qual:listOfFunctionTerms>
      </qual:transition>
      <qual:transition qual:id="tr_Clb2">
        <qual:listOfInputs>
          <qual:input qual:qualitativeSpecies="Clb2" qual:transitionEffect="none" qual:sign="positive" qual:id="tr_Clb2_in_5"/>
          <qual:input qual:qualitativeSpecies="SFF" qual:transitionEffect="none" qual:sign="positive" qual:id="tr_Clb2_in_6"/>
          <qual:input qual:qualitativeSpecies="Cdc20" qual:transitionEffect="none" qual:sign="negative" qual:id="tr_Clb2_in_7"/>
          <qual:input qual:qualitativeSpecies="CKI" qual:transitionEffect="none" qual:sign="negative" qual:id="tr_Clb2_in_12"/>
          <qual:input qual:qualitativeSpecies="Cdh1" qual:transitionEffect="none" qual:sign="negative" qual:id="tr_Clb2_in_13"/>
          <qual:input qual:qualitativeSpecies="B" qual:transitionEffect="none" qual:sign="positive" qual:id="tr_Clb2_in_15"/>
        </qual:listOfInputs>
        <qual:listOfOutputs>
          <qual:output qual:qualitativeSpecies="Clb2" qual:transitionEffect="assignmentLevel" qual:id="tr_Clb2_out"/>
        </qual:listOfOutputs>
        <qual:listOfFunctionTerms>
          <qual:defaultTerm qual:resultLevel="0">
          </qual:defaultTerm>
          <qual:functionTerm qual:resultLevel="1">
            <math xmlns="http://www.w3.org/1998/Math/MathML">            
              <apply>
                <or/>
                <apply>
                  <and/>
                  <apply>
                    <eq/>
                    <ci> Clb2 </ci>
                    <cn type="integer"> 0 </cn>
                  </apply>
                  <apply>
                    <eq/>
                    <ci> Cdc20 </ci>
                    <cn type="integer"> 0 </cn>
                  </apply>
                  <apply>
                    <eq/>
                    <ci> CKI </ci>
                    <cn type="integer"> 0 </cn>
                  </apply>
                  <apply>
                    <eq/>
                    <ci> B </ci>
                    <cn type="integer"> 1 </cn>
                  </apply>
                </apply>
                <apply>
                  <and/>
                  <apply>
                    <eq/>
                    <ci> Clb2 </ci>
                    <cn type="integer"> 0 </cn>
                  </apply>
                  <apply>
                    <eq/>
                    <ci> Cdc20 </ci>
                    <cn type="integer"> 1 </cn>
                  </apply>
                  <apply>
                    <eq/>
                    <ci> CKI </ci>
                    <cn type="integer"> 0 </cn>
                  </apply>
                  <apply>
                    <eq/>
                    <ci> Cdh1 </ci>
                    <cn type="integer"> 0 </cn>
                  </apply>
                  <apply>
                    <eq/>
                    <ci> B </ci>
                    <cn type="integer"> 1 </cn>
                  </apply>
                </apply>
                <apply>
                  <and/>
                  <apply>
                    <eq/>
                    <ci> Clb2 </ci>
                    <cn type="integer"> 1 </cn>
                  </apply>
                  <apply>
                    <eq/>
                    <ci> SFF </ci>
                    <cn type="integer"> 0 </cn>
                  </apply>
                  <apply>
                    <eq/>
                    <ci> Cdc20 </ci>
                    <cn type="integer"> 0 </cn>
                  </apply>
                  <apply>
                    <eq/>
                    <ci> CKI </ci>
                    <cn type="integer"> 0 </cn>
                  </apply>
                  <apply>
                    <eq/>
                    <ci> B </ci>
                    <cn type="integer"> 1 </cn>
                  </apply>
                </apply>
                <apply>
                  <and/>
                  <apply>
                    <eq/>
                    <ci> Clb2 </ci>
                    <cn type="integer"> 1 </cn>
                  </apply>
                  <apply>
                    <eq/>
                    <ci> SFF </ci>
                    <cn type="integer"> 0 </cn>
                  </apply>
                  <apply>
                    <eq/>
                    <ci> Cdc20 </ci>
                    <cn type="integer"> 1 </cn>
                  </apply>
                  <apply>
                    <eq/>
                    <ci> CKI </ci>
                    <cn type="integer"> 0 </cn>
                  </apply>
                  <apply>
                    <eq/>
                    <ci> Cdh1 </ci>
                    <cn type="integer"> 0 </cn>
                  </apply>
                  <apply>
                    <eq/>
                    <ci> B </ci>
                    <cn type="integer"> 1 </cn>
                  </apply>
                </apply>
                <apply>
                  <and/>
                  <apply>
                    <eq/>
                    <ci> Clb2 </ci>
                    <cn type="integer"> 1 </cn>
                  </apply>
                  <apply>
                    <eq/>
                    <ci> SFF </ci>
                    <cn type="integer"> 1 </cn>
                  </apply>
                  <apply>
                    <eq/>
                    <ci> Cdc20 </ci>
                    <cn type="integer"> 0 </cn>
                  </apply>
                  <apply>
                    <eq/>
                    <ci> CKI </ci>
                    <cn type="integer"> 0 </cn>
                  </apply>
                </apply>
                <apply>
                  <and/>
                  <apply>
                    <eq/>
                    <ci> Clb2 </ci>
                    <cn type="integer"> 1 </cn>
                  </apply>
                  <apply>
                    <eq/>
                    <ci> SFF </ci>
                    <cn type="integer"> 1 </cn>
                  </apply>
                  <apply>
                    <eq/>
                    <ci> Cdc20 </ci>
                    <cn type="integer"> 1 </cn>
                  </apply>
                  <apply>
                    <eq/>
                    <ci> CKI </ci>
                    <cn type="integer"> 0 </cn>
                  </apply>
                  <apply>
                    <eq/>
                    <ci> Cdh1 </ci>
                    <cn type="integer"> 0 </cn>
                  </apply>
                </apply>
              </apply>
            </math>
                    </qual:functionTerm>
        </qual:listOfFunctionTerms>
      </qual:transition>
      <qual:transition qual:id="tr_SFF">
        <qual:listOfInputs>
          <qual:input qual:qualitativeSpecies="Clb2" qual:transitionEffect="none" qual:sign="positive" qual:id="tr_SFF_in_5"/>
          <qual:input qual:qualitativeSpecies="SFF" qual:transitionEffect="none" qual:sign="positive" qual:id="tr_SFF_in_6"/>
          <qual:input qual:qualitativeSpecies="Cdc20" qual:transitionEffect="none" qual:sign="negative" qual:id="tr_SFF_in_7"/>
          <qual:input qual:qualitativeSpecies="CKI" qual:transitionEffect="none" qual:sign="negative" qual:id="tr_SFF_in_12"/>
          <qual:input qual:qualitativeSpecies="Cdh1" qual:transitionEffect="none" qual:sign="negative" qual:id="tr_SFF_in_13"/>
          <qual:input qual:qualitativeSpecies="B" qual:transitionEffect="none" qual:sign="positive" qual:id="tr_SFF_in_15"/>
        </qual:listOfInputs>
        <qual:listOfOutputs>
          <qual:output qual:qualitativeSpecies="SFF" qual:transitionEffect="assignmentLevel" qual:id="tr_SFF_out"/>
        </qual:listOfOutputs>
        <qual:listOfFunctionTerms>
          <qual:defaultTerm qual:resultLevel="0">
          </qual:defaultTerm>
          <qual:functionTerm qual:resultLevel="1">
            <math xmlns="http://www.w3.org/1998/Math/MathML">            
              <apply>
                <or/>
                <apply>
                  <and/>
                  <apply>
                    <eq/>
                    <ci> Clb2 </ci>
                    <cn type="integer"> 0 </cn>
                  </apply>
                  <apply>
                    <eq/>
                    <ci> Cdc20 </ci>
                    <cn type="integer"> 0 </cn>
                  </apply>
                  <apply>
                    <eq/>
                    <ci> CKI </ci>
                    <cn type="integer"> 0 </cn>
                  </apply>
                  <apply>
                    <eq/>
                    <ci> B </ci>
                    <cn type="integer"> 1 </cn>
                  </apply>
                </apply>
                <apply>
                  <and/>
                  <apply>
                    <eq/>
                    <ci> Clb2 </ci>
                    <cn type="integer"> 0 </cn>
                  </apply>
                  <apply>
                    <eq/>
                    <ci> Cdc20 </ci>
                    <cn type="integer"> 1 </cn>
                  </apply>
                  <apply>
                    <eq/>
                    <ci> CKI </ci>
                    <cn type="integer"> 0 </cn>
                  </apply>
                  <apply>
                    <eq/>
                    <ci> Cdh1 </ci>
                    <cn type="integer"> 0 </cn>
                  </apply>
                  <apply>
                    <eq/>
                    <ci> B </ci>
                    <cn type="integer"> 1 </cn>
                  </apply>
                </apply>
                <apply>
                  <and/>
                  <apply>
                    <eq/>
                    <ci> Clb2 </ci>
                    <cn type="integer"> 1 </cn>
                  </apply>
                  <apply>
                    <eq/>
                    <ci> SFF </ci>
                    <cn type="integer"> 0 </cn>
                  </apply>
                  <apply>
                    <eq/>
                    <ci> Cdc20 </ci>
                    <cn type="integer"> 0 </cn>
                  </apply>
                  <apply>
                    <eq/>
                    <ci> CKI </ci>
                    <cn type="integer"> 0 </cn>
                  </apply>
                  <apply>
                    <eq/>
                    <ci> B </ci>
                    <cn type="integer"> 1 </cn>
                  </apply>
                </apply>
                <apply>
                  <and/>
                  <apply>
                    <eq/>
                    <ci> Clb2 </ci>
                    <cn type="integer"> 1 </cn>
                  </apply>
                  <apply>
                    <eq/>
                    <ci> SFF </ci>
                    <cn type="integer"> 0 </cn>
                  </apply>
                  <apply>
                    <eq/>
                    <ci> Cdc20 </ci>
                    <cn type="integer"> 1 </cn>
                  </apply>
                  <apply>
                    <eq/>
                    <ci> CKI </ci>
                    <cn type="integer"> 0 </cn>
                  </apply>
                  <apply>
                    <eq/>
                    <ci> Cdh1 </ci>
                    <cn type="integer"> 0 </cn>
                  </apply>
                  <apply>
                    <eq/>
                    <ci> B </ci>
                    <cn type="integer"> 1 </cn>
                  </apply>
                </apply>
                <apply>
                  <and/>
                  <apply>
                    <eq/>
                    <ci> Clb2 </ci>
                    <cn type="integer"> 1 </cn>
                  </apply>
                  <apply>
                    <eq/>
                    <ci> SFF </ci>
                    <cn type="integer"> 1 </cn>
                  </apply>
                </apply>
              </apply>
            </math>
                    </qual:functionTerm>
        </qual:listOfFunctionTerms>
      </qual:transition>
      <qual:transition qual:id="tr_Cdc20">
        <qual:listOfInputs>
          <qual:input qual:qualitativeSpecies="Clb2" qual:transitionEffect="none" qual:sign="positive" qual:id="tr_Cdc20_in_5"/>
          <qual:input qual:qualitativeSpecies="SFF" qual:transitionEffect="none" qual:sign="positive" qual:id="tr_Cdc20_in_6"/>
          <qual:input qual:qualitativeSpecies="M" qual:transitionEffect="none" qual:sign="positive" qual:id="tr_Cdc20_in_16"/>
        </qual:listOfInputs>
        <qual:listOfOutputs>
          <qual:output qual:qualitativeSpecies="Cdc20" qual:transitionEffect="assignmentLevel" qual:id="tr_Cdc20_out"/>
        </qual:listOfOutputs>
        <qual:listOfFunctionTerms>
          <qual:defaultTerm qual:resultLevel="0">
          </qual:defaultTerm>
          <qual:functionTerm qual:resultLevel="1">
            <math xmlns="http://www.w3.org/1998/Math/MathML">            
              <apply>
                <and/>
                <apply>
                  <eq/>
                  <ci> Clb2 </ci>
                  <cn type="integer"> 1 </cn>
                </apply>
                <apply>
                  <eq/>
                  <ci> SFF </ci>
                  <cn type="integer"> 1 </cn>
                </apply>
                <apply>
                  <eq/>
                  <ci> M </ci>
                  <cn type="integer"> 1 </cn>
                </apply>
              </apply>
            </math>
                    </qual:functionTerm>
        </qual:listOfFunctionTerms>
      </qual:transition>
      <qual:transition qual:id="tr_FEAR">
        <qual:listOfInputs>
          <qual:input qual:qualitativeSpecies="Cdc20" qual:transitionEffect="none" qual:sign="positive" qual:id="tr_FEAR_in_7"/>
        </qual:listOfInputs>
        <qual:listOfOutputs>
          <qual:output qual:qualitativeSpecies="FEAR" qual:transitionEffect="assignmentLevel" qual:id="tr_FEAR_out"/>
        </qual:listOfOutputs>
        <qual:listOfFunctionTerms>
          <qual:defaultTerm qual:resultLevel="0">
          </qual:defaultTerm>
          <qual:functionTerm qual:resultLevel="1">
            <math xmlns="http://www.w3.org/1998/Math/MathML">            
              <apply>
                <eq/>
                <ci> Cdc20 </ci>
                <cn type="integer"> 1 </cn>
              </apply>
            </math>
                    </qual:functionTerm>
        </qual:listOfFunctionTerms>
      </qual:transition>
      <qual:transition qual:id="tr_MEN">
        <qual:listOfInputs>
          <qual:input qual:qualitativeSpecies="Clb2" qual:transitionEffect="none" qual:sign="positive" qual:id="tr_MEN_in_5"/>
          <qual:input qual:qualitativeSpecies="FEAR" qual:transitionEffect="none" qual:sign="positive" qual:id="tr_MEN_in_8"/>
        </qual:listOfInputs>
        <qual:listOfOutputs>
          <qual:output qual:qualitativeSpecies="MEN" qual:transitionEffect="assignmentLevel" qual:id="tr_MEN_out"/>
        </qual:listOfOutputs>
        <qual:listOfFunctionTerms>
          <qual:defaultTerm qual:resultLevel="0">
          </qual:defaultTerm>
          <qual:functionTerm qual:resultLevel="1">
            <math xmlns="http://www.w3.org/1998/Math/MathML">            
              <apply>
                <and/>
                <apply>
                  <eq/>
                  <ci> Clb2 </ci>
                  <cn type="integer"> 1 </cn>
                </apply>
                <apply>
                  <eq/>
                  <ci> FEAR </ci>
                  <cn type="integer"> 1 </cn>
                </apply>
              </apply>
            </math>
                    </qual:functionTerm>
        </qual:listOfFunctionTerms>
      </qual:transition>
      <qual:transition qual:id="tr_Cdc14">
        <qual:listOfInputs>
          <qual:input qual:qualitativeSpecies="FEAR" qual:transitionEffect="none" qual:sign="positive" qual:id="tr_Cdc14_in_8"/>
          <qual:input qual:qualitativeSpecies="MEN" qual:transitionEffect="none" qual:sign="positive" qual:id="tr_Cdc14_in_9"/>
        </qual:listOfInputs>
        <qual:listOfOutputs>
          <qual:output qual:qualitativeSpecies="Cdc14" qual:transitionEffect="assignmentLevel" qual:id="tr_Cdc14_out"/>
        </qual:listOfOutputs>
        <qual:listOfFunctionTerms>
          <qual:defaultTerm qual:resultLevel="0">
          </qual:defaultTerm>
          <qual:functionTerm qual:resultLevel="1">
            <math xmlns="http://www.w3.org/1998/Math/MathML">            
              <apply>
                <and/>
                <apply>
                  <eq/>
                  <ci> FEAR </ci>
                  <cn type="integer"> 1 </cn>
                </apply>
                <apply>
                  <eq/>
                  <ci> MEN </ci>
                  <cn type="integer"> 1 </cn>
                </apply>
              </apply>
            </math>
                    </qual:functionTerm>
        </qual:listOfFunctionTerms>
      </qual:transition>
      <qual:transition qual:id="tr_Swi5">
        <qual:listOfInputs>
          <qual:input qual:qualitativeSpecies="Clb2" qual:transitionEffect="none" qual:sign="negative" qual:id="tr_Swi5_in_5"/>
          <qual:input qual:qualitativeSpecies="SFF" qual:transitionEffect="none" qual:sign="positive" qual:id="tr_Swi5_in_6"/>
          <qual:input qual:qualitativeSpecies="Cdc14" qual:transitionEffect="none" qual:sign="positive" qual:id="tr_Swi5_in_10"/>
        </qual:listOfInputs>
        <qual:listOfOutputs>
          <qual:output qual:qualitativeSpecies="Swi5" qual:transitionEffect="assignmentLevel" qual:id="tr_Swi5_out"/>
        </qual:listOfOutputs>
        <qual:listOfFunctionTerms>
          <qual:defaultTerm qual:resultLevel="0">
          </qual:defaultTerm>
          <qual:functionTerm qual:resultLevel="1">
            <math xmlns="http://www.w3.org/1998/Math/MathML">            
              <apply>
                <or/>
                <apply>
                  <and/>
                  <apply>
                    <eq/>
                    <ci> Clb2 </ci>
                    <cn type="integer"> 0 </cn>
                  </apply>
                  <apply>
                    <eq/>
                    <ci> SFF </ci>
                    <cn type="integer"> 1 </cn>
                  </apply>
                </apply>
                <apply>
                  <and/>
                  <apply>
                    <eq/>
                    <ci> Clb2 </ci>
                    <cn type="integer"> 1 </cn>
                  </apply>
                  <apply>
                    <eq/>
                    <ci> SFF </ci>
                    <cn type="integer"> 1 </cn>
                  </apply>
                  <apply>
                    <eq/>
                    <ci> Cdc14 </ci>
                    <cn type="integer"> 1 </cn>
                  </apply>
                </apply>
              </apply>
            </math>
                    </qual:functionTerm>
        </qual:listOfFunctionTerms>
      </qual:transition>
      <qual:transition qual:id="tr_CKI">
        <qual:listOfInputs>
          <qual:input qual:qualitativeSpecies="Cln2" qual:transitionEffect="none" qual:sign="negative" qual:id="tr_CKI_in_2"/>
          <qual:input qual:qualitativeSpecies="Clb5" qual:transitionEffect="none" qual:sign="negative" qual:id="tr_CKI_in_3"/>
          <qual:input qual:qualitativeSpecies="Clb2" qual:transitionEffect="none" qual:sign="negative" qual:id="tr_CKI_in_5"/>
          <qual:input qual:qualitativeSpecies="Cdc14" qual:transitionEffect="none" qual:sign="positive" qual:id="tr_CKI_in_10"/>
          <qual:input qual:qualitativeSpecies="Swi5" qual:transitionEffect="none" qual:sign="positive" qual:id="tr_CKI_in_11"/>
          <qual:input qual:qualitativeSpecies="CKI" qual:transitionEffect="none" qual:sign="positive" qual:id="tr_CKI_in_12"/>
        </qual:listOfInputs>
        <qual:listOfOutputs>
          <qual:output qual:qualitativeSpecies="CKI" qual:transitionEffect="assignmentLevel" qual:id="tr_CKI_out"/>
        </qual:listOfOutputs>
        <qual:listOfFunctionTerms>
          <qual:defaultTerm qual:resultLevel="0">
          </qual:defaultTerm>
          <qual:functionTerm qual:resultLevel="1">
            <math xmlns="http://www.w3.org/1998/Math/MathML">            
              <apply>
                <or/>
                <apply>
                  <and/>
                  <apply>
                    <eq/>
                    <ci> Cln2 </ci>
                    <cn type="integer"> 0 </cn>
                  </apply>
                  <apply>
                    <eq/>
                    <ci> Clb5 </ci>
                    <cn type="integer"> 0 </cn>
                  </apply>
                  <apply>
                    <eq/>
                    <ci> Clb2 </ci>
                    <cn type="integer"> 0 </cn>
                  </apply>
                  <apply>
                    <eq/>
                    <ci> Swi5 </ci>
                    <cn type="integer"> 0 </cn>
                  </apply>
                  <apply>
                    <eq/>
                    <ci> CKI </ci>
                    <cn type="integer"> 1 </cn>
                  </apply>
                </apply>
                <apply>
                  <and/>
                  <apply>
                    <eq/>
                    <ci> Cln2 </ci>
                    <cn type="integer"> 0 </cn>
                  </apply>
                  <apply>
                    <eq/>
                    <ci> Clb5 </ci>
                    <cn type="integer"> 0 </cn>
                  </apply>
                  <apply>
                    <eq/>
                    <ci> Clb2 </ci>
                    <cn type="integer"> 0 </cn>
                  </apply>
                  <apply>
                    <eq/>
                    <ci> Swi5 </ci>
                    <cn type="integer"> 1 </cn>
                  </apply>
                </apply>
                <apply>
                  <and/>
                  <apply>
                    <eq/>
                    <ci> Cln2 </ci>
                    <cn type="integer"> 0 </cn>
                  </apply>
                  <apply>
                    <eq/>
                    <ci> Clb5 </ci>
                    <cn type="integer"> 0 </cn>
                  </apply>
                  <apply>
                    <eq/>
                    <ci> Clb2 </ci>
                    <cn type="integer"> 1 </cn>
                  </apply>
                  <apply>
                    <eq/>
                    <ci> Cdc14 </ci>
                    <cn type="integer"> 1 </cn>
                  </apply>
                  <apply>
                    <eq/>
                    <ci> Swi5 </ci>
                    <cn type="integer"> 1 </cn>
                  </apply>
                </apply>
                <apply>
                  <and/>
                  <apply>
                    <eq/>
                    <ci> Cln2 </ci>
                    <cn type="integer"> 0 </cn>
                  </apply>
                  <apply>
                    <eq/>
                    <ci> Clb5 </ci>
                    <cn type="integer"> 1 </cn>
                  </apply>
                  <apply>
                    <eq/>
                    <ci> Cdc14 </ci>
                    <cn type="integer"> 1 </cn>
                  </apply>
                  <apply>
                    <eq/>
                    <ci> Swi5 </ci>
                    <cn type="integer"> 1 </cn>
                  </apply>
                </apply>
                <apply>
                  <and/>
                  <apply>
                    <eq/>
                    <ci> Cln2 </ci>
                    <cn type="integer"> 1 </cn>
                  </apply>
                  <apply>
                    <eq/>
                    <ci> Cdc14 </ci>
                    <cn type="integer"> 1 </cn>
                  </apply>
                  <apply>
                    <eq/>
                    <ci> Swi5 </ci>
                    <cn type="integer"> 1 </cn>
                  </apply>
                </apply>
              </apply>
            </math>
                    </qual:functionTerm>
        </qual:listOfFunctionTerms>
      </qual:transition>
      <qual:transition qual:id="tr_Cdh1">
        <qual:listOfInputs>
          <qual:input qual:qualitativeSpecies="Cln2" qual:transitionEffect="none" qual:sign="negative" qual:id="tr_Cdh1_in_2"/>
          <qual:input qual:qualitativeSpecies="Clb5" qual:transitionEffect="none" qual:sign="negative" qual:id="tr_Cdh1_in_3"/>
          <qual:input qual:qualitativeSpecies="Clb2" qual:transitionEffect="none" qual:sign="negative" qual:id="tr_Cdh1_in_5"/>
          <qual:input qual:qualitativeSpecies="Cdc14" qual:transitionEffect="none" qual:sign="positive" qual:id="tr_Cdh1_in_10"/>
        </qual:listOfInputs>
        <qual:listOfOutputs>
          <qual:output qual:qualitativeSpecies="Cdh1" qual:transitionEffect="assignmentLevel" qual:id="tr_Cdh1_out"/>
        </qual:listOfOutputs>
        <qual:listOfFunctionTerms>
          <qual:defaultTerm qual:resultLevel="0">
          </qual:defaultTerm>
          <qual:functionTerm qual:resultLevel="1">
            <math xmlns="http://www.w3.org/1998/Math/MathML">            
              <apply>
                <or/>
                <apply>
                  <and/>
                  <apply>
                    <eq/>
                    <ci> Cln2 </ci>
                    <cn type="integer"> 0 </cn>
                  </apply>
                  <apply>
                    <eq/>
                    <ci> Clb5 </ci>
                    <cn type="integer"> 0 </cn>
                  </apply>
                  <apply>
                    <eq/>
                    <ci> Clb2 </ci>
                    <cn type="integer"> 0 </cn>
                  </apply>
                </apply>
                <apply>
                  <and/>
                  <apply>
                    <eq/>
                    <ci> Cln2 </ci>
                    <cn type="integer"> 0 </cn>
                  </apply>
                  <apply>
                    <eq/>
                    <ci> Clb5 </ci>
                    <cn type="integer"> 0 </cn>
                  </apply>
                  <apply>
                    <eq/>
                    <ci> Clb2 </ci>
                    <cn type="integer"> 1 </cn>
                  </apply>
                  <apply>
                    <eq/>
                    <ci> Cdc14 </ci>
                    <cn type="integer"> 1 </cn>
                  </apply>
                </apply>
                <apply>
                  <and/>
                  <apply>
                    <eq/>
                    <ci> Cln2 </ci>
                    <cn type="integer"> 0 </cn>
                  </apply>
                  <apply>
                    <eq/>
                    <ci> Clb5 </ci>
                    <cn type="integer"> 1 </cn>
                  </apply>
                  <apply>
                    <eq/>
                    <ci> Cdc14 </ci>
                    <cn type="integer"> 1 </cn>
                  </apply>
                </apply>
                <apply>
                  <and/>
                  <apply>
                    <eq/>
                    <ci> Cln2 </ci>
                    <cn type="integer"> 1 </cn>
                  </apply>
                  <apply>
                    <eq/>
                    <ci> Cdc14 </ci>
                    <cn type="integer"> 1 </cn>
                  </apply>
                </apply>
              </apply>
            </math>
                    </qual:functionTerm>
        </qual:listOfFunctionTerms>
      </qual:transition>
      <qual:transition qual:id="tr_S">
        <qual:listOfInputs>
          <qual:input qual:qualitativeSpecies="Clb5" qual:transitionEffect="none" qual:sign="positive" qual:id="tr_S_in_3"/>
          <qual:input qual:qualitativeSpecies="Clb2" qual:transitionEffect="none" qual:sign="positive" qual:id="tr_S_in_5"/>
          <qual:input qual:qualitativeSpecies="S" qual:transitionEffect="none" qual:sign="positive" qual:id="tr_S_in_14"/>
          <qual:input qual:qualitativeSpecies="CD" qual:transitionEffect="none" qual:sign="negative" qual:id="tr_S_in_17"/>
        </qual:listOfInputs>
        <qual:listOfOutputs>
          <qual:output qual:qualitativeSpecies="S" qual:transitionEffect="assignmentLevel" qual:id="tr_S_out"/>
        </qual:listOfOutputs>
        <qual:listOfFunctionTerms>
          <qual:defaultTerm qual:resultLevel="0">
          </qual:defaultTerm>
          <qual:functionTerm qual:resultLevel="1">
            <math xmlns="http://www.w3.org/1998/Math/MathML">            
              <apply>
                <or/>
                <apply>
                  <and/>
                  <apply>
                    <eq/>
                    <ci> Clb5 </ci>
                    <cn type="integer"> 0 </cn>
                  </apply>
                  <apply>
                    <eq/>
                    <ci> Clb2 </ci>
                    <cn type="integer"> 0 </cn>
                  </apply>
                  <apply>
                    <eq/>
                    <ci> S </ci>
                    <cn type="integer"> 1 </cn>
                  </apply>
                  <apply>
                    <eq/>
                    <ci> CD </ci>
                    <cn type="integer"> 0 </cn>
                  </apply>
                </apply>
                <apply>
                  <and/>
                  <apply>
                    <eq/>
                    <ci> Clb5 </ci>
                    <cn type="integer"> 0 </cn>
                  </apply>
                  <apply>
                    <eq/>
                    <ci> Clb2 </ci>
                    <cn type="integer"> 1 </cn>
                  </apply>
                  <apply>
                    <eq/>
                    <ci> CD </ci>
                    <cn type="integer"> 0 </cn>
                  </apply>
                </apply>
                <apply>
                  <and/>
                  <apply>
                    <eq/>
                    <ci> Clb5 </ci>
                    <cn type="integer"> 1 </cn>
                  </apply>
                  <apply>
                    <eq/>
                    <ci> CD </ci>
                    <cn type="integer"> 0 </cn>
                  </apply>
                </apply>
              </apply>
            </math>
                    </qual:functionTerm>
        </qual:listOfFunctionTerms>
      </qual:transition>
      <qual:transition qual:id="tr_B">
        <qual:listOfInputs>
          <qual:input qual:qualitativeSpecies="Cln2" qual:transitionEffect="none" qual:sign="positive" qual:id="tr_B_in_2"/>
          <qual:input qual:qualitativeSpecies="Clb5" qual:transitionEffect="none" qual:sign="positive" qual:id="tr_B_in_3"/>
          <qual:input qual:qualitativeSpecies="B" qual:transitionEffect="none" qual:sign="positive" qual:id="tr_B_in_15"/>
          <qual:input qual:qualitativeSpecies="CD" qual:transitionEffect="none" qual:sign="negative" qual:id="tr_B_in_17"/>
        </qual:listOfInputs>
        <qual:listOfOutputs>
          <qual:output qual:qualitativeSpecies="B" qual:transitionEffect="assignmentLevel" qual:id="tr_B_out"/>
        </qual:listOfOutputs>
        <qual:listOfFunctionTerms>
          <qual:defaultTerm qual:resultLevel="0">
          </qual:defaultTerm>
          <qual:functionTerm qual:resultLevel="1">
            <math xmlns="http://www.w3.org/1998/Math/MathML">            
              <apply>
                <or/>
                <apply>
                  <and/>
                  <apply>
                    <eq/>
                    <ci> Cln2 </ci>
                    <cn type="integer"> 0 </cn>
                  </apply>
                  <apply>
                    <eq/>
                    <ci> Clb5 </ci>
                    <cn type="integer"> 0 </cn>
                  </apply>
                  <apply>
                    <eq/>
                    <ci> B </ci>
                    <cn type="integer"> 1 </cn>
                  </apply>
                  <apply>
                    <eq/>
                    <ci> CD </ci>
                    <cn type="integer"> 0 </cn>
                  </apply>
                </apply>
                <apply>
                  <and/>
                  <apply>
                    <eq/>
                    <ci> Cln2 </ci>
                    <cn type="integer"> 0 </cn>
                  </apply>
                  <apply>
                    <eq/>
                    <ci> Clb5 </ci>
                    <cn type="integer"> 1 </cn>
                  </apply>
                  <apply>
                    <eq/>
                    <ci> CD </ci>
                    <cn type="integer"> 0 </cn>
                  </apply>
                </apply>
                <apply>
                  <and/>
                  <apply>
                    <eq/>
                    <ci> Cln2 </ci>
                    <cn type="integer"> 1 </cn>
                  </apply>
                  <apply>
                    <eq/>
                    <ci> CD </ci>
                    <cn type="integer"> 0 </cn>
                  </apply>
                </apply>
              </apply>
            </math>
                    </qual:functionTerm>
        </qual:listOfFunctionTerms>
      </qual:transition>
      <qual:transition qual:id="tr_M">
        <qual:listOfInputs>
          <qual:input qual:qualitativeSpecies="Clb2" qual:transitionEffect="none" qual:sign="positive" qual:id="tr_M_in_5"/>
          <qual:input qual:qualitativeSpecies="S" qual:transitionEffect="none" qual:sign="positive" qual:id="tr_M_in_14"/>
          <qual:input qual:qualitativeSpecies="M" qual:transitionEffect="none" qual:sign="positive" qual:id="tr_M_in_16"/>
          <qual:input qual:qualitativeSpecies="CD" qual:transitionEffect="none" qual:sign="negative" qual:id="tr_M_in_17"/>
        </qual:listOfInputs>
        <qual:listOfOutputs>
          <qual:output qual:qualitativeSpecies="M" qual:transitionEffect="assignmentLevel" qual:id="tr_M_out"/>
        </qual:listOfOutputs>
        <qual:listOfFunctionTerms>
          <qual:defaultTerm qual:resultLevel="0">
          </qual:defaultTerm>
          <qual:functionTerm qual:resultLevel="1">
            <math xmlns="http://www.w3.org/1998/Math/MathML">            
              <apply>
                <or/>
                <apply>
                  <and/>
                  <apply>
                    <eq/>
                    <ci> Clb2 </ci>
                    <cn type="integer"> 0 </cn>
                  </apply>
                  <apply>
                    <eq/>
                    <ci> M </ci>
                    <cn type="integer"> 1 </cn>
                  </apply>
                  <apply>
                    <eq/>
                    <ci> CD </ci>
                    <cn type="integer"> 0 </cn>
                  </apply>
                </apply>
                <apply>
                  <and/>
                  <apply>
                    <eq/>
                    <ci> Clb2 </ci>
                    <cn type="integer"> 1 </cn>
                  </apply>
                  <apply>
                    <eq/>
                    <ci> S </ci>
                    <cn type="integer"> 0 </cn>
                  </apply>
                  <apply>
                    <eq/>
                    <ci> M </ci>
                    <cn type="integer"> 1 </cn>
                  </apply>
                  <apply>
                    <eq/>
                    <ci> CD </ci>
                    <cn type="integer"> 0 </cn>
                  </apply>
                </apply>
                <apply>
                  <and/>
                  <apply>
                    <eq/>
                    <ci> Clb2 </ci>
                    <cn type="integer"> 1 </cn>
                  </apply>
                  <apply>
                    <eq/>
                    <ci> S </ci>
                    <cn type="integer"> 1 </cn>
                  </apply>
                  <apply>
                    <eq/>
                    <ci> CD </ci>
                    <cn type="integer"> 0 </cn>
                  </apply>
                </apply>
              </apply>
            </math>
                    </qual:functionTerm>
        </qual:listOfFunctionTerms>
      </qual:transition>
      <qual:transition qual:id="tr_CD">
        <qual:listOfInputs>
          <qual:input qual:qualitativeSpecies="FEAR" qual:transitionEffect="none" qual:sign="positive" qual:id="tr_CD_in_8"/>
          <qual:input qual:qualitativeSpecies="Cdc14" qual:transitionEffect="none" qual:sign="positive" qual:id="tr_CD_in_10"/>
          <qual:input qual:qualitativeSpecies="M" qual:transitionEffect="none" qual:sign="positive" qual:id="tr_CD_in_16"/>
          <qual:input qual:qualitativeSpecies="CD" qual:transitionEffect="none" qual:sign="negative" qual:id="tr_CD_in_17"/>
        </qual:listOfInputs>
        <qual:listOfOutputs>
          <qual:output qual:qualitativeSpecies="CD" qual:transitionEffect="assignmentLevel" qual:id="tr_CD_out"/>
        </qual:listOfOutputs>
        <qual:listOfFunctionTerms>
          <qual:defaultTerm qual:resultLevel="0">
          </qual:defaultTerm>
          <qual:functionTerm qual:resultLevel="1">
            <math xmlns="http://www.w3.org/1998/Math/MathML">            
              <apply>
                <and/>
                <apply>
                  <eq/>
                  <ci> FEAR </ci>
                  <cn type="integer"> 1 </cn>
                </apply>
                <apply>
                  <eq/>
                  <ci> Cdc14 </ci>
                  <cn type="integer"> 1 </cn>
                </apply>
                <apply>
                  <eq/>
                  <ci> M </ci>
                  <cn type="integer"> 1 </cn>
                </apply>
                <apply>
                  <eq/>
                  <ci> CD </ci>
                  <cn type="integer"> 0 </cn>
                </apply>
              </apply>
            </math>
                    </qual:functionTerm>
        </qual:listOfFunctionTerms>
      </qual:transition>
    </qual:listOfTransitions>
    <listOfCompartments>
      <compartment constant="true" id="comp1"/>
    </listOfCompartments>
  </model>
</sbml>