[{"wt_data_set_time":0.0,"wt_data_set_Cln3":1.0,"wt_data_set_SMBF":0.0,"wt_data_set_Cln2":0.0,"wt_data_set_Clb5":0.0,"wt_data_set_Yhp1":1.0,"wt_data_set_Clb2":1.0,"wt_data_set_SFF":0.0,"wt_data_set_Cdc20":0.0,"wt_data_set_FEAR":1.0,"wt_data_set_MEN":1.0,"wt_data_set_Cdc14":0.0,"wt_data_set_Swi5":1.0,"wt_data_set_CKI":1.0,"wt_data_set_Cdh1":0.0,"wt_data_set_S":1.0,"wt_data_set_B":1.0,"wt_data_set_M":0.0,"wt_data_set_CD":1.0},{"wt_data_set_time":1.0,"wt_data_set_Cln3":0.0,"wt_data_set_SMBF":0.0,"wt_data_set_Cln2":0.0,"wt_data_set_Clb5":0.0,"wt_data_set_Yhp1":0.0,"wt_data_set_Clb2":0.0,"wt_data_set_SFF":0.0,"wt_data_set_Cdc20":0.0,"wt_data_set_FEAR":0.0,"wt_data_set_MEN":1.0,"wt_data_set_Cdc14":1.0,"wt_data_set_Swi5":0.0,"wt_data_set_CKI":0.0,"wt_data_set_Cdh1":0.0,"wt_data_set_S":0.0,"wt_data_set_B":0.0,"wt_data_set_M":0.0,"wt_data_set_CD":0.0},{"wt_data_set_time":2.0,"wt_data_set_Cln3":1.0,"wt_data_set_SMBF":0.0,"wt_data_set_Cln2":0.0,"wt_data_set_Clb5":0.0,"wt_data_set_Yhp1":0.0,"wt_data_set_Clb2":0.0,"wt_data_set_SFF":0.0,"wt_data_set_Cdc20":0.0,"wt_data_set_FEAR":0.0,"wt_data_set_MEN":0.0,"wt_data_set_Cdc14":0.0,"wt_data_set_Swi5":0.0,"wt_data_set_CKI":0.0,"wt_data_set_Cdh1":1.0,"wt_data_set_S":0.0,"wt_data_set_B":0.0,"wt_data_set_M":0.0,"wt_data_set_CD":0.0},{"wt_data_set_time":3.0,"wt_data_set_Cln3":1.0,"wt_data_set_SMBF":1.0,"wt_data_set_Cln2":0.0,"wt_data_set_Clb5":0.0,"wt_data_set_Yhp1":0.0,"wt_data_set_Clb2":0.0,"wt_data_set_SFF":0.0,"wt_data_set_Cdc20":0.0,"wt_data_set_FEAR":0.0,"wt_data_set_MEN":0.0,"wt_data_set_Cdc14":0.0,"wt_data_set_Swi5":0.0,"wt_data_set_CKI":0.0,"wt_data_set_Cdh1":1.0,"wt_data_set_S":0.0,"wt_data_set_B":0.0,"wt_data_set_M":0.0,"wt_data_set_CD":0.0},{"wt_data_set_time":4.0,"wt_data_set_Cln3":1.0,"wt_data_set_SMBF":1.0,"wt_data_set_Cln2":1.0,"wt_data_set_Clb5":1.0,"wt_data_set_Yhp1":1.0,"wt_data_set_Clb2":0.0,"wt_data_set_SFF":0.0,"wt_data_set_Cdc20":0.0,"wt_data_set_FEAR":0.0,"wt_data_set_MEN":0.0,"wt_data_set_Cdc14":0.0,"wt_data_set_Swi5":0.0,"wt_data_set_CKI":0.0,"wt_data_set_Cdh1":1.0,"wt_data_set_S":0.0,"wt_data_set_B":0.0,"wt_data_set_M":0.0,"wt_data_set_CD":0.0},{"wt_data_set_time":5.0,"wt_data_set_Cln3":0.0,"wt_data_set_SMBF":1.0,"wt_data_set_Cln2":1.0,"wt_data_set_Clb5":1.0,"wt_data_set_Yhp1":1.0,"wt_data_set_Clb2":0.0,"wt_data_set_SFF":0.0,"wt_data_set_Cdc20":0.0,"wt_data_set_FEAR":0.0,"wt_data_set_MEN":0.0,"wt_data_set_Cdc14":0.0,"wt_data_set_Swi5":0.0,"wt_data_set_CKI":0.0,"wt_data_set_Cdh1":0.0,"wt_data_set_S":1.0,"wt_data_set_B":1.0,"wt_data_set_M":0.0,"wt_data_set_CD":0.0},{"wt_data_set_time":6.0,"wt_data_set_Cln3":0.0,"wt_data_set_SMBF":1.0,"wt_data_set_Cln2":1.0,"wt_data_set_Clb5":1.0,"wt_data_set_Yhp1":1.0,"wt_data_set_Clb2":1.0,"wt_data_set_SFF":1.0,"wt_data_set_Cdc20":0.0,"wt_data_set_FEAR":0.0,"wt_data_set_MEN":0.0,"wt_data_set_Cdc14":0.0,"wt_data_set_Swi5":0.0,"wt_data_set_CKI":0.0,"wt_data_set_Cdh1":0.0,"wt_data_set_S":1.0,"wt_data_set_B":1.0,"wt_data_set_M":0.0,"wt_data_set_CD":0.0},{"wt_data_set_time":7.0,"wt_data_set_Cln3":0.0,"wt_data_set_SMBF":0.0,"wt_data_set_Cln2":1.0,"wt_data_set_Clb5":1.0,"wt_data_set_Yhp1":1.0,"wt_data_set_Clb2":1.0,"wt_data_set_SFF":1.0,"wt_data_set_Cdc20":0.0,"wt_data_set_FEAR":0.0,"wt_data_set_MEN":0.0,"wt_data_set_Cdc14":0.0,"wt_data_set_Swi5":0.0,"wt_data_set_CKI":0.0,"wt_data_set_Cdh1":0.0,"wt_data_set_S":1.0,"wt_data_set_B":1.0,"wt_data_set_M":1.0,"wt_data_set_CD":0.0},{"wt_data_set_time":8.0,"wt_data_set_Cln3":0.0,"wt_data_set_SMBF":0.0,"wt_data_set_Cln2":0.0,"wt_data_set_Clb5":0.0,"wt_data_set_Yhp1":0.0,"wt_data_set_Clb2":1.0,"wt_data_set_SFF":1.0,"wt_data_set_Cdc20":1.0,"wt_data_set_FEAR":0.0,"wt_data_set_MEN":0.0,"wt_data_set_Cdc14":0.0,"wt_data_set_Swi5":0.0,"wt_data_set_CKI":0.0,"wt_data_set_Cdh1":0.0,"wt_data_set_S":1.0,"wt_data_set_B":1.0,"wt_data_set_M":1.0,"wt_data_set_CD":0.0},{"wt_data_set_time":9.0,"wt_data_set_Cln3":1.0,"wt_data_set_SMBF":0.0,"wt_data_set_Cln2":0.0,"wt_data_set_Clb5":0.0,"wt_data_set_Yhp1":0.0,"wt_data_set_Clb2":1.0,"wt_data_set_SFF":1.0,"wt_data_set_Cdc20":1.0,"wt_data_set_FEAR":1.0,"wt_data_set_MEN":0.0,"wt_data_set_Cdc14":0.0,"wt_data_set_Swi5":0.0,"wt_data_set_CKI":0.0,"wt_data_set_Cdh1":0.0,"wt_data_set_S":1.0,"wt_data_set_B":1.0,"wt_data_set_M":1.0,"wt_data_set_CD":0.0},{"wt_data_set_time":10.0,"wt_data_set_Cln3":1.0,"wt_data_set_SMBF":0.0,"wt_data_set_Cln2":0.0,"wt_data_set_Clb5":0.0,"wt_data_set_Yhp1":0.0,"wt_data_set_Clb2":1.0,"wt_data_set_SFF":1.0,"wt_data_set_Cdc20":1.0,"wt_data_set_FEAR":1.0,"wt_data_set_MEN":1.0,"wt_data_set_Cdc14":0.0,"wt_data_set_Swi5":0.0,"wt_data_set_CKI":0.0,"wt_data_set_Cdh1":0.0,"wt_data_set_S":1.0,"wt_data_set_B":1.0,"wt_data_set_M":1.0,"wt_data_set_CD":0.0},{"wt_data_set_time":11.0,"wt_data_set_Cln3":1.0,"wt_data_set_SMBF":0.0,"wt_data_set_Cln2":0.0,"wt_data_set_Clb5":0.0,"wt_data_set_Yhp1":0.0,"wt_data_set_Clb2":1.0,"wt_data_set_SFF":1.0,"wt_data_set_Cdc20":1.0,"wt_data_set_FEAR":1.0,"wt_data_set_MEN":1.0,"wt_data_set_Cdc14":1.0,"wt_data_set_Swi5":0.0,"wt_data_set_CKI":0.0,"wt_data_set_Cdh1":0.0,"wt_data_set_S":1.0,"wt_data_set_B":1.0,"wt_data_set_M":1.0,"wt_data_set_CD":0.0},{"wt_data_set_time":12.0,"wt_data_set_Cln3":1.0,"wt_data_set_SMBF":0.0,"wt_data_set_Cln2":0.0,"wt_data_set_Clb5":0.0,"wt_data_set_Yhp1":0.0,"wt_data_set_Clb2":1.0,"wt_data_set_SFF":1.0,"wt_data_set_Cdc20":1.0,"wt_data_set_FEAR":1.0,"wt_data_set_MEN":1.0,"wt_data_set_Cdc14":1.0,"wt_data_set_Swi5":1.0,"wt_data_set_CKI":0.0,"wt_data_set_Cdh1":1.0,"wt_data_set_S":1.0,"wt_data_set_B":1.0,"wt_data_set_M":1.0,"wt_data_set_CD":1.0},{"wt_data_set_time":13.0,"wt_data_set_Cln3":1.0,"wt_data_set_SMBF":0.0,"wt_data_set_Cln2":0.0,"wt_data_set_Clb5":0.0,"wt_data_set_Yhp1":0.0,"wt_data_set_Clb2":0.0,"wt_data_set_SFF":1.0,"wt_data_set_Cdc20":1.0,"wt_data_set_FEAR":1.0,"wt_data_set_MEN":1.0,"wt_data_set_Cdc14":1.0,"wt_data_set_Swi5":1.0,"wt_data_set_CKI":1.0,"wt_data_set_Cdh1":1.0,"wt_data_set_S":0.0,"wt_data_set_B":0.0,"wt_data_set_M":0.0,"wt_data_set_CD":0.0},{"wt_data_set_time":14.0,"wt_data_set_Cln3":1.0,"wt_data_set_SMBF":1.0,"wt_data_set_Cln2":0.0,"wt_data_set_Clb5":0.0,"wt_data_set_Yhp1":0.0,"wt_data_set_Clb2":0.0,"wt_data_set_SFF":0.0,"wt_data_set_Cdc20":0.0,"wt_data_set_FEAR":1.0,"wt_data_set_MEN":0.0,"wt_data_set_Cdc14":1.0,"wt_data_set_Swi5":1.0,"wt_data_set_CKI":1.0,"wt_data_set_Cdh1":1.0,"wt_data_set_S":0.0,"wt_data_set_B":0.0,"wt_data_set_M":0.0,"wt_data_set_CD":0.0},{"wt_data_set_time":15.0,"wt_data_set_Cln3":1.0,"wt_data_set_SMBF":1.0,"wt_data_set_Cln2":1.0,"wt_data_set_Clb5":1.0,"wt_data_set_Yhp1":1.0,"wt_data_set_Clb2":0.0,"wt_data_set_SFF":0.0,"wt_data_set_Cdc20":0.0,"wt_data_set_FEAR":0.0,"wt_data_set_MEN":0.0,"wt_data_set_Cdc14":0.0,"wt_data_set_Swi5":0.0,"wt_data_set_CKI":1.0,"wt_data_set_Cdh1":1.0,"wt_data_set_S":0.0,"wt_data_set_B":0.0,"wt_data_set_M":0.0,"wt_data_set_CD":0.0},{"wt_data_set_time":16.0,"wt_data_set_Cln3":0.0,"wt_data_set_SMBF":1.0,"wt_data_set_Cln2":1.0,"wt_data_set_Clb5":1.0,"wt_data_set_Yhp1":1.0,"wt_data_set_Clb2":0.0,"wt_data_set_SFF":0.0,"wt_data_set_Cdc20":0.0,"wt_data_set_FEAR":0.0,"wt_data_set_MEN":0.0,"wt_data_set_Cdc14":0.0,"wt_data_set_Swi5":0.0,"wt_data_set_CKI":0.0,"wt_data_set_Cdh1":0.0,"wt_data_set_S":1.0,"wt_data_set_B":1.0,"wt_data_set_M":0.0,"wt_data_set_CD":0.0},{"wt_data_set_time":17.0,"wt_data_set_Cln3":0.0,"wt_data_set_SMBF":1.0,"wt_data_set_Cln2":1.0,"wt_data_set_Clb5":1.0,"wt_data_set_Yhp1":1.0,"wt_data_set_Clb2":1.0,"wt_data_set_SFF":1.0,"wt_data_set_Cdc20":0.0,"wt_data_set_FEAR":0.0,"wt_data_set_MEN":0.0,"wt_data_set_Cdc14":0.0,"wt_data_set_Swi5":0.0,"wt_data_set_CKI":0.0,"wt_data_set_Cdh1":0.0,"wt_data_set_S":1.0,"wt_data_set_B":1.0,"wt_data_set_M":0.0,"wt_data_set_CD":0.0},{"wt_data_set_time":18.0,"wt_data_set_Cln3":0.0,"wt_data_set_SMBF":0.0,"wt_data_set_Cln2":1.0,"wt_data_set_Clb5":1.0,"wt_data_set_Yhp1":1.0,"wt_data_set_Clb2":1.0,"wt_data_set_SFF":1.0,"wt_data_set_Cdc20":0.0,"wt_data_set_FEAR":0.0,"wt_data_set_MEN":0.0,"wt_data_set_Cdc14":0.0,"wt_data_set_Swi5":0.0,"wt_data_set_CKI":0.0,"wt_data_set_Cdh1":0.0,"wt_data_set_S":1.0,"wt_data_set_B":1.0,"wt_data_set_M":1.0,"wt_data_set_CD":0.0},{"wt_data_set_time":19.0,"wt_data_set_Cln3":0.0,"wt_data_set_SMBF":0.0,"wt_data_set_Cln2":0.0,"wt_data_set_Clb5":0.0,"wt_data_set_Yhp1":0.0,"wt_data_set_Clb2":1.0,"wt_data_set_SFF":1.0,"wt_data_set_Cdc20":1.0,"wt_data_set_FEAR":0.0,"wt_data_set_MEN":0.0,"wt_data_set_Cdc14":0.0,"wt_data_set_Swi5":0.0,"wt_data_set_CKI":0.0,"wt_data_set_Cdh1":0.0,"wt_data_set_S":1.0,"wt_data_set_B":1.0,"wt_data_set_M":1.0,"wt_data_set_CD":0.0},{"wt_data_set_time":20.0,"wt_data_set_Cln3":1.0,"wt_data_set_SMBF":0.0,"wt_data_set_Cln2":0.0,"wt_data_set_Clb5":0.0,"wt_data_set_Yhp1":0.0,"wt_data_set_Clb2":1.0,"wt_data_set_SFF":1.0,"wt_data_set_Cdc20":1.0,"wt_data_set_FEAR":1.0,"wt_data_set_MEN":0.0,"wt_data_set_Cdc14":0.0,"wt_data_set_Swi5":0.0,"wt_data_set_CKI":0.0,"wt_data_set_Cdh1":0.0,"wt_data_set_S":1.0,"wt_data_set_B":1.0,"wt_data_set_M":1.0,"wt_data_set_CD":0.0},{"wt_data_set_time":21.0,"wt_data_set_Cln3":1.0,"wt_data_set_SMBF":0.0,"wt_data_set_Cln2":0.0,"wt_data_set_Clb5":0.0,"wt_data_set_Yhp1":0.0,"wt_data_set_Clb2":1.0,"wt_data_set_SFF":1.0,"wt_data_set_Cdc20":1.0,"wt_data_set_FEAR":1.0,"wt_data_set_MEN":1.0,"wt_data_set_Cdc14":0.0,"wt_data_set_Swi5":0.0,"wt_data_set_CKI":0.0,"wt_data_set_Cdh1":0.0,"wt_data_set_S":1.0,"wt_data_set_B":1.0,"wt_data_set_M":1.0,"wt_data_set_CD":0.0},{"wt_data_set_time":22.0,"wt_data_set_Cln3":1.0,"wt_data_set_SMBF":0.0,"wt_data_set_Cln2":0.0,"wt_data_set_Clb5":0.0,"wt_data_set_Yhp1":0.0,"wt_data_set_Clb2":1.0,"wt_data_set_SFF":1.0,"wt_data_set_Cdc20":1.0,"wt_data_set_FEAR":1.0,"wt_data_set_MEN":1.0,"wt_data_set_Cdc14":1.0,"wt_data_set_Swi5":0.0,"wt_data_set_CKI":0.0,"wt_data_set_Cdh1":0.0,"wt_data_set_S":1.0,"wt_data_set_B":1.0,"wt_data_set_M":1.0,"wt_data_set_CD":0.0},{"wt_data_set_time":23.0,"wt_data_set_Cln3":1.0,"wt_data_set_SMBF":0.0,"wt_data_set_Cln2":0.0,"wt_data_set_Clb5":0.0,"wt_data_set_Yhp1":0.0,"wt_data_set_Clb2":1.0,"wt_data_set_SFF":1.0,"wt_data_set_Cdc20":1.0,"wt_data_set_FEAR":1.0,"wt_data_set_MEN":1.0,"wt_data_set_Cdc14":1.0,"wt_data_set_Swi5":1.0,"wt_data_set_CKI":0.0,"wt_data_set_Cdh1":1.0,"wt_data_set_S":1.0,"wt_data_set_B":1.0,"wt_data_set_M":1.0,"wt_data_set_CD":1.0},{"wt_data_set_time":24.0,"wt_data_set_Cln3":1.0,"wt_data_set_SMBF":0.0,"wt_data_set_Cln2":0.0,"wt_data_set_Clb5":0.0,"wt_data_set_Yhp1":0.0,"wt_data_set_Clb2":0.0,"wt_data_set_SFF":1.0,"wt_data_set_Cdc20":1.0,"wt_data_set_FEAR":1.0,"wt_data_set_MEN":1.0,"wt_data_set_Cdc14":1.0,"wt_data_set_Swi5":1.0,"wt_data_set_CKI":1.0,"wt_data_set_Cdh1":1.0,"wt_data_set_S":0.0,"wt_data_set_B":0.0,"wt_data_set_M":0.0,"wt_data_set_CD":0.0},{"wt_data_set_time":25.0,"wt_data_set_Cln3":1.0,"wt_data_set_SMBF":1.0,"wt_data_set_Cln2":0.0,"wt_data_set_Clb5":0.0,"wt_data_set_Yhp1":0.0,"wt_data_set_Clb2":0.0,"wt_data_set_SFF":0.0,"wt_data_set_Cdc20":0.0,"wt_data_set_FEAR":1.0,"wt_data_set_MEN":0.0,"wt_data_set_Cdc14":1.0,"wt_data_set_Swi5":1.0,"wt_data_set_CKI":1.0,"wt_data_set_Cdh1":1.0,"wt_data_set_S":0.0,"wt_data_set_B":0.0,"wt_data_set_M":0.0,"wt_data_set_CD":0.0},{"wt_data_set_time":26.0,"wt_data_set_Cln3":1.0,"wt_data_set_SMBF":1.0,"wt_data_set_Cln2":1.0,"wt_data_set_Clb5":1.0,"wt_data_set_Yhp1":1.0,"wt_data_set_Clb2":0.0,"wt_data_set_SFF":0.0,"wt_data_set_Cdc20":0.0,"wt_data_set_FEAR":0.0,"wt_data_set_MEN":0.0,"wt_data_set_Cdc14":0.0,"wt_data_set_Swi5":0.0,"wt_data_set_CKI":1.0,"wt_data_set_Cdh1":1.0,"wt_data_set_S":0.0,"wt_data_set_B":0.0,"wt_data_set_M":0.0,"wt_data_set_CD":0.0},{"wt_data_set_time":27.0,"wt_data_set_Cln3":0.0,"wt_data_set_SMBF":1.0,"wt_data_set_Cln2":1.0,"wt_data_set_Clb5":1.0,"wt_data_set_Yhp1":1.0,"wt_data_set_Clb2":0.0,"wt_data_set_SFF":0.0,"wt_data_set_Cdc20":0.0,"wt_data_set_FEAR":0.0,"wt_data_set_MEN":0.0,"wt_data_set_Cdc14":0.0,"wt_data_set_Swi5":0.0,"wt_data_set_CKI":0.0,"wt_data_set_Cdh1":0.0,"wt_data_set_S":1.0,"wt_data_set_B":1.0,"wt_data_set_M":0.0,"wt_data_set_CD":0.0},{"wt_data_set_time":28.0,"wt_data_set_Cln3":0.0,"wt_data_set_SMBF":1.0,"wt_data_set_Cln2":1.0,"wt_data_set_Clb5":1.0,"wt_data_set_Yhp1":1.0,"wt_data_set_Clb2":1.0,"wt_data_set_SFF":1.0,"wt_data_set_Cdc20":0.0,"wt_data_set_FEAR":0.0,"wt_data_set_MEN":0.0,"wt_data_set_Cdc14":0.0,"wt_data_set_Swi5":0.0,"wt_data_set_CKI":0.0,"wt_data_set_Cdh1":0.0,"wt_data_set_S":1.0,"wt_data_set_B":1.0,"wt_data_set_M":0.0,"wt_data_set_CD":0.0},{"wt_data_set_time":29.0,"wt_data_set_Cln3":0.0,"wt_data_set_SMBF":0.0,"wt_data_set_Cln2":1.0,"wt_data_set_Clb5":1.0,"wt_data_set_Yhp1":1.0,"wt_data_set_Clb2":1.0,"wt_data_set_SFF":1.0,"wt_data_set_Cdc20":0.0,"wt_data_set_FEAR":0.0,"wt_data_set_MEN":0.0,"wt_data_set_Cdc14":0.0,"wt_data_set_Swi5":0.0,"wt_data_set_CKI":0.0,"wt_data_set_Cdh1":0.0,"wt_data_set_S":1.0,"wt_data_set_B":1.0,"wt_data_set_M":1.0,"wt_data_set_CD":0.0},{"wt_data_set_time":30.0,"wt_data_set_Cln3":0.0,"wt_data_set_SMBF":0.0,"wt_data_set_Cln2":0.0,"wt_data_set_Clb5":0.0,"wt_data_set_Yhp1":0.0,"wt_data_set_Clb2":1.0,"wt_data_set_SFF":1.0,"wt_data_set_Cdc20":1.0,"wt_data_set_FEAR":0.0,"wt_data_set_MEN":0.0,"wt_data_set_Cdc14":0.0,"wt_data_set_Swi5":0.0,"wt_data_set_CKI":0.0,"wt_data_set_Cdh1":0.0,"wt_data_set_S":1.0,"wt_data_set_B":1.0,"wt_data_set_M":1.0,"wt_data_set_CD":0.0},{"wt_data_set_time":31.0,"wt_data_set_Cln3":1.0,"wt_data_set_SMBF":0.0,"wt_data_set_Cln2":0.0,"wt_data_set_Clb5":0.0,"wt_data_set_Yhp1":0.0,"wt_data_set_Clb2":1.0,"wt_data_set_SFF":1.0,"wt_data_set_Cdc20":1.0,"wt_data_set_FEAR":1.0,"wt_data_set_MEN":0.0,"wt_data_set_Cdc14":0.0,"wt_data_set_Swi5":0.0,"wt_data_set_CKI":0.0,"wt_data_set_Cdh1":0.0,"wt_data_set_S":1.0,"wt_data_set_B":1.0,"wt_data_set_M":1.0,"wt_data_set_CD":0.0},{"wt_data_set_time":32.0,"wt_data_set_Cln3":1.0,"wt_data_set_SMBF":0.0,"wt_data_set_Cln2":0.0,"wt_data_set_Clb5":0.0,"wt_data_set_Yhp1":0.0,"wt_data_set_Clb2":1.0,"wt_data_set_SFF":1.0,"wt_data_set_Cdc20":1.0,"wt_data_set_FEAR":1.0,"wt_data_set_MEN":1.0,"wt_data_set_Cdc14":0.0,"wt_data_set_Swi5":0.0,"wt_data_set_CKI":0.0,"wt_data_set_Cdh1":0.0,"wt_data_set_S":1.0,"wt_data_set_B":1.0,"wt_data_set_M":1.0,"wt_data_set_CD":0.0},{"wt_data_set_time":33.0,"wt_data_set_Cln3":1.0,"wt_data_set_SMBF":0.0,"wt_data_set_Cln2":0.0,"wt_data_set_Clb5":0.0,"wt_data_set_Yhp1":0.0,"wt_data_set_Clb2":1.0,"wt_data_set_SFF":1.0,"wt_data_set_Cdc20":1.0,"wt_data_set_FEAR":1.0,"wt_data_set_MEN":1.0,"wt_data_set_Cdc14":1.0,"wt_data_set_Swi5":0.0,"wt_data_set_CKI":0.0,"wt_data_set_Cdh1":0.0,"wt_data_set_S":1.0,"wt_data_set_B":1.0,"wt_data_set_M":1.0,"wt_data_set_CD":0.0},{"wt_data_set_time":34.0,"wt_data_set_Cln3":1.0,"wt_data_set_SMBF":0.0,"wt_data_set_Cln2":0.0,"wt_data_set_Clb5":0.0,"wt_data_set_Yhp1":0.0,"wt_data_set_Clb2":1.0,"wt_data_set_SFF":1.0,"wt_data_set_Cdc20":1.0,"wt_data_set_FEAR":1.0,"wt_data_set_MEN":1.0,"wt_data_set_Cdc14":1.0,"wt_data_set_Swi5":1.0,"wt_data_set_CKI":0.0,"wt_data_set_Cdh1":1.0,"wt_data_set_S":1.0,"wt_data_set_B":1.0,"wt_data_set_M":1.0,"wt_data_set_CD":1.0},{"wt_data_set_time":35.0,"wt_data_set_Cln3":1.0,"wt_data_set_SMBF":0.0,"wt_data_set_Cln2":0.0,"wt_data_set_Clb5":0.0,"wt_data_set_Yhp1":0.0,"wt_data_set_Clb2":0.0,"wt_data_set_SFF":1.0,"wt_data_set_Cdc20":1.0,"wt_data_set_FEAR":1.0,"wt_data_set_MEN":1.0,"wt_data_set_Cdc14":1.0,"wt_data_set_Swi5":1.0,"wt_data_set_CKI":1.0,"wt_data_set_Cdh1":1.0,"wt_data_set_S":0.0,"wt_data_set_B":0.0,"wt_data_set_M":0.0,"wt_data_set_CD":0.0},{"wt_data_set_time":36.0,"wt_data_set_Cln3":1.0,"wt_data_set_SMBF":1.0,"wt_data_set_Cln2":0.0,"wt_data_set_Clb5":0.0,"wt_data_set_Yhp1":0.0,"wt_data_set_Clb2":0.0,"wt_data_set_SFF":0.0,"wt_data_set_Cdc20":0.0,"wt_data_set_FEAR":1.0,"wt_data_set_MEN":0.0,"wt_data_set_Cdc14":1.0,"wt_data_set_Swi5":1.0,"wt_data_set_CKI":1.0,"wt_data_set_Cdh1":1.0,"wt_data_set_S":0.0,"wt_data_set_B":0.0,"wt_data_set_M":0.0,"wt_data_set_CD":0.0},{"wt_data_set_time":37.0,"wt_data_set_Cln3":1.0,"wt_data_set_SMBF":1.0,"wt_data_set_Cln2":1.0,"wt_data_set_Clb5":1.0,"wt_data_set_Yhp1":1.0,"wt_data_set_Clb2":0.0,"wt_data_set_SFF":0.0,"wt_data_set_Cdc20":0.0,"wt_data_set_FEAR":0.0,"wt_data_set_MEN":0.0,"wt_data_set_Cdc14":0.0,"wt_data_set_Swi5":0.0,"wt_data_set_CKI":1.0,"wt_data_set_Cdh1":1.0,"wt_data_set_S":0.0,"wt_data_set_B":0.0,"wt_data_set_M":0.0,"wt_data_set_CD":0.0},{"wt_data_set_time":38.0,"wt_data_set_Cln3":0.0,"wt_data_set_SMBF":1.0,"wt_data_set_Cln2":1.0,"wt_data_set_Clb5":1.0,"wt_data_set_Yhp1":1.0,"wt_data_set_Clb2":0.0,"wt_data_set_SFF":0.0,"wt_data_set_Cdc20":0.0,"wt_data_set_FEAR":0.0,"wt_data_set_MEN":0.0,"wt_data_set_Cdc14":0.0,"wt_data_set_Swi5":0.0,"wt_data_set_CKI":0.0,"wt_data_set_Cdh1":0.0,"wt_data_set_S":1.0,"wt_data_set_B":1.0,"wt_data_set_M":0.0,"wt_data_set_CD":0.0},{"wt_data_set_time":39.0,"wt_data_set_Cln3":0.0,"wt_data_set_SMBF":1.0,"wt_data_set_Cln2":1.0,"wt_data_set_Clb5":1.0,"wt_data_set_Yhp1":1.0,"wt_data_set_Clb2":1.0,"wt_data_set_SFF":1.0,"wt_data_set_Cdc20":0.0,"wt_data_set_FEAR":0.0,"wt_data_set_MEN":0.0,"wt_data_set_Cdc14":0.0,"wt_data_set_Swi5":0.0,"wt_data_set_CKI":0.0,"wt_data_set_Cdh1":0.0,"wt_data_set_S":1.0,"wt_data_set_B":1.0,"wt_data_set_M":0.0,"wt_data_set_CD":0.0},{"wt_data_set_time":40.0,"wt_data_set_Cln3":0.0,"wt_data_set_SMBF":0.0,"wt_data_set_Cln2":1.0,"wt_data_set_Clb5":1.0,"wt_data_set_Yhp1":1.0,"wt_data_set_Clb2":1.0,"wt_data_set_SFF":1.0,"wt_data_set_Cdc20":0.0,"wt_data_set_FEAR":0.0,"wt_data_set_MEN":0.0,"wt_data_set_Cdc14":0.0,"wt_data_set_Swi5":0.0,"wt_data_set_CKI":0.0,"wt_data_set_Cdh1":0.0,"wt_data_set_S":1.0,"wt_data_set_B":1.0,"wt_data_set_M":1.0,"wt_data_set_CD":0.0},{"wt_data_set_time":41.0,"wt_data_set_Cln3":0.0,"wt_data_set_SMBF":0.0,"wt_data_set_Cln2":0.0,"wt_data_set_Clb5":0.0,"wt_data_set_Yhp1":0.0,"wt_data_set_Clb2":1.0,"wt_data_set_SFF":1.0,"wt_data_set_Cdc20":1.0,"wt_data_set_FEAR":0.0,"wt_data_set_MEN":0.0,"wt_data_set_Cdc14":0.0,"wt_data_set_Swi5":0.0,"wt_data_set_CKI":0.0,"wt_data_set_Cdh1":0.0,"wt_data_set_S":1.0,"wt_data_set_B":1.0,"wt_data_set_M":1.0,"wt_data_set_CD":0.0},{"wt_data_set_time":42.0,"wt_data_set_Cln3":1.0,"wt_data_set_SMBF":0.0,"wt_data_set_Cln2":0.0,"wt_data_set_Clb5":0.0,"wt_data_set_Yhp1":0.0,"wt_data_set_Clb2":1.0,"wt_data_set_SFF":1.0,"wt_data_set_Cdc20":1.0,"wt_data_set_FEAR":1.0,"wt_data_set_MEN":0.0,"wt_data_set_Cdc14":0.0,"wt_data_set_Swi5":0.0,"wt_data_set_CKI":0.0,"wt_data_set_Cdh1":0.0,"wt_data_set_S":1.0,"wt_data_set_B":1.0,"wt_data_set_M":1.0,"wt_data_set_CD":0.0},{"wt_data_set_time":43.0,"wt_data_set_Cln3":1.0,"wt_data_set_SMBF":0.0,"wt_data_set_Cln2":0.0,"wt_data_set_Clb5":0.0,"wt_data_set_Yhp1":0.0,"wt_data_set_Clb2":1.0,"wt_data_set_SFF":1.0,"wt_data_set_Cdc20":1.0,"wt_data_set_FEAR":1.0,"wt_data_set_MEN":1.0,"wt_data_set_Cdc14":0.0,"wt_data_set_Swi5":0.0,"wt_data_set_CKI":0.0,"wt_data_set_Cdh1":0.0,"wt_data_set_S":1.0,"wt_data_set_B":1.0,"wt_data_set_M":1.0,"wt_data_set_CD":0.0},{"wt_data_set_time":44.0,"wt_data_set_Cln3":1.0,"wt_data_set_SMBF":0.0,"wt_data_set_Cln2":0.0,"wt_data_set_Clb5":0.0,"wt_data_set_Yhp1":0.0,"wt_data_set_Clb2":1.0,"wt_data_set_SFF":1.0,"wt_data_set_Cdc20":1.0,"wt_data_set_FEAR":1.0,"wt_data_set_MEN":1.0,"wt_data_set_Cdc14":1.0,"wt_data_set_Swi5":0.0,"wt_data_set_CKI":0.0,"wt_data_set_Cdh1":0.0,"wt_data_set_S":1.0,"wt_data_set_B":1.0,"wt_data_set_M":1.0,"wt_data_set_CD":0.0},{"wt_data_set_time":45.0,"wt_data_set_Cln3":1.0,"wt_data_set_SMBF":0.0,"wt_data_set_Cln2":0.0,"wt_data_set_Clb5":0.0,"wt_data_set_Yhp1":0.0,"wt_data_set_Clb2":1.0,"wt_data_set_SFF":1.0,"wt_data_set_Cdc20":1.0,"wt_data_set_FEAR":1.0,"wt_data_set_MEN":1.0,"wt_data_set_Cdc14":1.0,"wt_data_set_Swi5":1.0,"wt_data_set_CKI":0.0,"wt_data_set_Cdh1":1.0,"wt_data_set_S":1.0,"wt_data_set_B":1.0,"wt_data_set_M":1.0,"wt_data_set_CD":1.0},{"wt_data_set_time":46.0,"wt_data_set_Cln3":1.0,"wt_data_set_SMBF":0.0,"wt_data_set_Cln2":0.0,"wt_data_set_Clb5":0.0,"wt_data_set_Yhp1":0.0,"wt_data_set_Clb2":0.0,"wt_data_set_SFF":1.0,"wt_data_set_Cdc20":1.0,"wt_data_set_FEAR":1.0,"wt_data_set_MEN":1.0,"wt_data_set_Cdc14":1.0,"wt_data_set_Swi5":1.0,"wt_data_set_CKI":1.0,"wt_data_set_Cdh1":1.0,"wt_data_set_S":0.0,"wt_data_set_B":0.0,"wt_data_set_M":0.0,"wt_data_set_CD":0.0},{"wt_data_set_time":47.0,"wt_data_set_Cln3":1.0,"wt_data_set_SMBF":1.0,"wt_data_set_Cln2":0.0,"wt_data_set_Clb5":0.0,"wt_data_set_Yhp1":0.0,"wt_data_set_Clb2":0.0,"wt_data_set_SFF":0.0,"wt_data_set_Cdc20":0.0,"wt_data_set_FEAR":1.0,"wt_data_set_MEN":0.0,"wt_data_set_Cdc14":1.0,"wt_data_set_Swi5":1.0,"wt_data_set_CKI":1.0,"wt_data_set_Cdh1":1.0,"wt_data_set_S":0.0,"wt_data_set_B":0.0,"wt_data_set_M":0.0,"wt_data_set_CD":0.0},{"wt_data_set_time":48.0,"wt_data_set_Cln3":1.0,"wt_data_set_SMBF":1.0,"wt_data_set_Cln2":1.0,"wt_data_set_Clb5":1.0,"wt_data_set_Yhp1":1.0,"wt_data_set_Clb2":0.0,"wt_data_set_SFF":0.0,"wt_data_set_Cdc20":0.0,"wt_data_set_FEAR":0.0,"wt_data_set_MEN":0.0,"wt_data_set_Cdc14":0.0,"wt_data_set_Swi5":0.0,"wt_data_set_CKI":1.0,"wt_data_set_Cdh1":1.0,"wt_data_set_S":0.0,"wt_data_set_B":0.0,"wt_data_set_M":0.0,"wt_data_set_CD":0.0},{"wt_data_set_time":49.0,"wt_data_set_Cln3":0.0,"wt_data_set_SMBF":1.0,"wt_data_set_Cln2":1.0,"wt_data_set_Clb5":1.0,"wt_data_set_Yhp1":1.0,"wt_data_set_Clb2":0.0,"wt_data_set_SFF":0.0,"wt_data_set_Cdc20":0.0,"wt_data_set_FEAR":0.0,"wt_data_set_MEN":0.0,"wt_data_set_Cdc14":0.0,"wt_data_set_Swi5":0.0,"wt_data_set_CKI":0.0,"wt_data_set_Cdh1":0.0,"wt_data_set_S":1.0,"wt_data_set_B":1.0,"wt_data_set_M":0.0,"wt_data_set_CD":0.0},{"wt_data_set_time":50.0,"wt_data_set_Cln3":0.0,"wt_data_set_SMBF":1.0,"wt_data_set_Cln2":1.0,"wt_data_set_Clb5":1.0,"wt_data_set_Yhp1":1.0,"wt_data_set_Clb2":1.0,"wt_data_set_SFF":1.0,"wt_data_set_Cdc20":0.0,"wt_data_set_FEAR":0.0,"wt_data_set_MEN":0.0,"wt_data_set_Cdc14":0.0,"wt_data_set_Swi5":0.0,"wt_data_set_CKI":0.0,"wt_data_set_Cdh1":0.0,"wt_data_set_S":1.0,"wt_data_set_B":1.0,"wt_data_set_M":0.0,"wt_data_set_CD":0.0},{"wt_data_set_time":51.0,"wt_data_set_Cln3":0.0,"wt_data_set_SMBF":0.0,"wt_data_set_Cln2":1.0,"wt_data_set_Clb5":1.0,"wt_data_set_Yhp1":1.0,"wt_data_set_Clb2":1.0,"wt_data_set_SFF":1.0,"wt_data_set_Cdc20":0.0,"wt_data_set_FEAR":0.0,"wt_data_set_MEN":0.0,"wt_data_set_Cdc14":0.0,"wt_data_set_Swi5":0.0,"wt_data_set_CKI":0.0,"wt_data_set_Cdh1":0.0,"wt_data_set_S":1.0,"wt_data_set_B":1.0,"wt_data_set_M":1.0,"wt_data_set_CD":0.0},{"wt_data_set_time":52.0,"wt_data_set_Cln3":0.0,"wt_data_set_SMBF":0.0,"wt_data_set_Cln2":0.0,"wt_data_set_Clb5":0.0,"wt_data_set_Yhp1":0.0,"wt_data_set_Clb2":1.0,"wt_data_set_SFF":1.0,"wt_data_set_Cdc20":1.0,"wt_data_set_FEAR":0.0,"wt_data_set_MEN":0.0,"wt_data_set_Cdc14":0.0,"wt_data_set_Swi5":0.0,"wt_data_set_CKI":0.0,"wt_data_set_Cdh1":0.0,"wt_data_set_S":1.0,"wt_data_set_B":1.0,"wt_data_set_M":1.0,"wt_data_set_CD":0.0},{"wt_data_set_time":53.0,"wt_data_set_Cln3":1.0,"wt_data_set_SMBF":0.0,"wt_data_set_Cln2":0.0,"wt_data_set_Clb5":0.0,"wt_data_set_Yhp1":0.0,"wt_data_set_Clb2":1.0,"wt_data_set_SFF":1.0,"wt_data_set_Cdc20":1.0,"wt_data_set_FEAR":1.0,"wt_data_set_MEN":0.0,"wt_data_set_Cdc14":0.0,"wt_data_set_Swi5":0.0,"wt_data_set_CKI":0.0,"wt_data_set_Cdh1":0.0,"wt_data_set_S":1.0,"wt_data_set_B":1.0,"wt_data_set_M":1.0,"wt_data_set_CD":0.0},{"wt_data_set_time":54.0,"wt_data_set_Cln3":1.0,"wt_data_set_SMBF":0.0,"wt_data_set_Cln2":0.0,"wt_data_set_Clb5":0.0,"wt_data_set_Yhp1":0.0,"wt_data_set_Clb2":1.0,"wt_data_set_SFF":1.0,"wt_data_set_Cdc20":1.0,"wt_data_set_FEAR":1.0,"wt_data_set_MEN":1.0,"wt_data_set_Cdc14":0.0,"wt_data_set_Swi5":0.0,"wt_data_set_CKI":0.0,"wt_data_set_Cdh1":0.0,"wt_data_set_S":1.0,"wt_data_set_B":1.0,"wt_data_set_M":1.0,"wt_data_set_CD":0.0},{"wt_data_set_time":55.0,"wt_data_set_Cln3":1.0,"wt_data_set_SMBF":0.0,"wt_data_set_Cln2":0.0,"wt_data_set_Clb5":0.0,"wt_data_set_Yhp1":0.0,"wt_data_set_Clb2":1.0,"wt_data_set_SFF":1.0,"wt_data_set_Cdc20":1.0,"wt_data_set_FEAR":1.0,"wt_data_set_MEN":1.0,"wt_data_set_Cdc14":1.0,"wt_data_set_Swi5":0.0,"wt_data_set_CKI":0.0,"wt_data_set_Cdh1":0.0,"wt_data_set_S":1.0,"wt_data_set_B":1.0,"wt_data_set_M":1.0,"wt_data_set_CD":0.0},{"wt_data_set_time":56.0,"wt_data_set_Cln3":1.0,"wt_data_set_SMBF":0.0,"wt_data_set_Cln2":0.0,"wt_data_set_Clb5":0.0,"wt_data_set_Yhp1":0.0,"wt_data_set_Clb2":1.0,"wt_data_set_SFF":1.0,"wt_data_set_Cdc20":1.0,"wt_data_set_FEAR":1.0,"wt_data_set_MEN":1.0,"wt_data_set_Cdc14":1.0,"wt_data_set_Swi5":1.0,"wt_data_set_CKI":0.0,"wt_data_set_Cdh1":1.0,"wt_data_set_S":1.0,"wt_data_set_B":1.0,"wt_data_set_M":1.0,"wt_data_set_CD":1.0},{"wt_data_set_time":57.0,"wt_data_set_Cln3":1.0,"wt_data_set_SMBF":0.0,"wt_data_set_Cln2":0.0,"wt_data_set_Clb5":0.0,"wt_data_set_Yhp1":0.0,"wt_data_set_Clb2":0.0,"wt_data_set_SFF":1.0,"wt_data_set_Cdc20":1.0,"wt_data_set_FEAR":1.0,"wt_data_set_MEN":1.0,"wt_data_set_Cdc14":1.0,"wt_data_set_Swi5":1.0,"wt_data_set_CKI":1.0,"wt_data_set_Cdh1":1.0,"wt_data_set_S":0.0,"wt_data_set_B":0.0,"wt_data_set_M":0.0,"wt_data_set_CD":0.0},{"wt_data_set_time":58.0,"wt_data_set_Cln3":1.0,"wt_data_set_SMBF":1.0,"wt_data_set_Cln2":0.0,"wt_data_set_Clb5":0.0,"wt_data_set_Yhp1":0.0,"wt_data_set_Clb2":0.0,"wt_data_set_SFF":0.0,"wt_data_set_Cdc20":0.0,"wt_data_set_FEAR":1.0,"wt_data_set_MEN":0.0,"wt_data_set_Cdc14":1.0,"wt_data_set_Swi5":1.0,"wt_data_set_CKI":1.0,"wt_data_set_Cdh1":1.0,"wt_data_set_S":0.0,"wt_data_set_B":0.0,"wt_data_set_M":0.0,"wt_data_set_CD":0.0},{"wt_data_set_time":59.0,"wt_data_set_Cln3":1.0,"wt_data_set_SMBF":1.0,"wt_data_set_Cln2":1.0,"wt_data_set_Clb5":1.0,"wt_data_set_Yhp1":1.0,"wt_data_set_Clb2":0.0,"wt_data_set_SFF":0.0,"wt_data_set_Cdc20":0.0,"wt_data_set_FEAR":0.0,"wt_data_set_MEN":0.0,"wt_data_set_Cdc14":0.0,"wt_data_set_Swi5":0.0,"wt_data_set_CKI":1.0,"wt_data_set_Cdh1":1.0,"wt_data_set_S":0.0,"wt_data_set_B":0.0,"wt_data_set_M":0.0,"wt_data_set_CD":0.0},{"wt_data_set_time":60.0,"wt_data_set_Cln3":0.0,"wt_data_set_SMBF":1.0,"wt_data_set_Cln2":1.0,"wt_data_set_Clb5":1.0,"wt_data_set_Yhp1":1.0,"wt_data_set_Clb2":0.0,"wt_data_set_SFF":0.0,"wt_data_set_Cdc20":0.0,"wt_data_set_FEAR":0.0,"wt_data_set_MEN":0.0,"wt_data_set_Cdc14":0.0,"wt_data_set_Swi5":0.0,"wt_data_set_CKI":0.0,"wt_data_set_Cdh1":0.0,"wt_data_set_S":1.0,"wt_data_set_B":1.0,"wt_data_set_M":0.0,"wt_data_set_CD":0.0},{"wt_data_set_time":61.0,"wt_data_set_Cln3":0.0,"wt_data_set_SMBF":1.0,"wt_data_set_Cln2":1.0,"wt_data_set_Clb5":1.0,"wt_data_set_Yhp1":1.0,"wt_data_set_Clb2":1.0,"wt_data_set_SFF":1.0,"wt_data_set_Cdc20":0.0,"wt_data_set_FEAR":0.0,"wt_data_set_MEN":0.0,"wt_data_set_Cdc14":0.0,"wt_data_set_Swi5":0.0,"wt_data_set_CKI":0.0,"wt_data_set_Cdh1":0.0,"wt_data_set_S":1.0,"wt_data_set_B":1.0,"wt_data_set_M":0.0,"wt_data_set_CD":0.0},{"wt_data_set_time":62.0,"wt_data_set_Cln3":0.0,"wt_data_set_SMBF":0.0,"wt_data_set_Cln2":1.0,"wt_data_set_Clb5":1.0,"wt_data_set_Yhp1":1.0,"wt_data_set_Clb2":1.0,"wt_data_set_SFF":1.0,"wt_data_set_Cdc20":0.0,"wt_data_set_FEAR":0.0,"wt_data_set_MEN":0.0,"wt_data_set_Cdc14":0.0,"wt_data_set_Swi5":0.0,"wt_data_set_CKI":0.0,"wt_data_set_Cdh1":0.0,"wt_data_set_S":1.0,"wt_data_set_B":1.0,"wt_data_set_M":1.0,"wt_data_set_CD":0.0},{"wt_data_set_time":63.0,"wt_data_set_Cln3":0.0,"wt_data_set_SMBF":0.0,"wt_data_set_Cln2":0.0,"wt_data_set_Clb5":0.0,"wt_data_set_Yhp1":0.0,"wt_data_set_Clb2":1.0,"wt_data_set_SFF":1.0,"wt_data_set_Cdc20":1.0,"wt_data_set_FEAR":0.0,"wt_data_set_MEN":0.0,"wt_data_set_Cdc14":0.0,"wt_data_set_Swi5":0.0,"wt_data_set_CKI":0.0,"wt_data_set_Cdh1":0.0,"wt_data_set_S":1.0,"wt_data_set_B":1.0,"wt_data_set_M":1.0,"wt_data_set_CD":0.0},{"wt_data_set_time":64.0,"wt_data_set_Cln3":1.0,"wt_data_set_SMBF":0.0,"wt_data_set_Cln2":0.0,"wt_data_set_Clb5":0.0,"wt_data_set_Yhp1":0.0,"wt_data_set_Clb2":1.0,"wt_data_set_SFF":1.0,"wt_data_set_Cdc20":1.0,"wt_data_set_FEAR":1.0,"wt_data_set_MEN":0.0,"wt_data_set_Cdc14":0.0,"wt_data_set_Swi5":0.0,"wt_data_set_CKI":0.0,"wt_data_set_Cdh1":0.0,"wt_data_set_S":1.0,"wt_data_set_B":1.0,"wt_data_set_M":1.0,"wt_data_set_CD":0.0},{"wt_data_set_time":65.0,"wt_data_set_Cln3":1.0,"wt_data_set_SMBF":0.0,"wt_data_set_Cln2":0.0,"wt_data_set_Clb5":0.0,"wt_data_set_Yhp1":0.0,"wt_data_set_Clb2":1.0,"wt_data_set_SFF":1.0,"wt_data_set_Cdc20":1.0,"wt_data_set_FEAR":1.0,"wt_data_set_MEN":1.0,"wt_data_set_Cdc14":0.0,"wt_data_set_Swi5":0.0,"wt_data_set_CKI":0.0,"wt_data_set_Cdh1":0.0,"wt_data_set_S":1.0,"wt_data_set_B":1.0,"wt_data_set_M":1.0,"wt_data_set_CD":0.0},{"wt_data_set_time":66.0,"wt_data_set_Cln3":1.0,"wt_data_set_SMBF":0.0,"wt_data_set_Cln2":0.0,"wt_data_set_Clb5":0.0,"wt_data_set_Yhp1":0.0,"wt_data_set_Clb2":1.0,"wt_data_set_SFF":1.0,"wt_data_set_Cdc20":1.0,"wt_data_set_FEAR":1.0,"wt_data_set_MEN":1.0,"wt_data_set_Cdc14":1.0,"wt_data_set_Swi5":0.0,"wt_data_set_CKI":0.0,"wt_data_set_Cdh1":0.0,"wt_data_set_S":1.0,"wt_data_set_B":1.0,"wt_data_set_M":1.0,"wt_data_set_CD":0.0},{"wt_data_set_time":67.0,"wt_data_set_Cln3":1.0,"wt_data_set_SMBF":0.0,"wt_data_set_Cln2":0.0,"wt_data_set_Clb5":0.0,"wt_data_set_Yhp1":0.0,"wt_data_set_Clb2":1.0,"wt_data_set_SFF":1.0,"wt_data_set_Cdc20":1.0,"wt_data_set_FEAR":1.0,"wt_data_set_MEN":1.0,"wt_data_set_Cdc14":1.0,"wt_data_set_Swi5":1.0,"wt_data_set_CKI":0.0,"wt_data_set_Cdh1":1.0,"wt_data_set_S":1.0,"wt_data_set_B":1.0,"wt_data_set_M":1.0,"wt_data_set_CD":1.0},{"wt_data_set_time":68.0,"wt_data_set_Cln3":1.0,"wt_data_set_SMBF":0.0,"wt_data_set_Cln2":0.0,"wt_data_set_Clb5":0.0,"wt_data_set_Yhp1":0.0,"wt_data_set_Clb2":0.0,"wt_data_set_SFF":1.0,"wt_data_set_Cdc20":1.0,"wt_data_set_FEAR":1.0,"wt_data_set_MEN":1.0,"wt_data_set_Cdc14":1.0,"wt_data_set_Swi5":1.0,"wt_data_set_CKI":1.0,"wt_data_set_Cdh1":1.0,"wt_data_set_S":0.0,"wt_data_set_B":0.0,"wt_data_set_M":0.0,"wt_data_set_CD":0.0},{"wt_data_set_time":69.0,"wt_data_set_Cln3":1.0,"wt_data_set_SMBF":1.0,"wt_data_set_Cln2":0.0,"wt_data_set_Clb5":0.0,"wt_data_set_Yhp1":0.0,"wt_data_set_Clb2":0.0,"wt_data_set_SFF":0.0,"wt_data_set_Cdc20":0.0,"wt_data_set_FEAR":1.0,"wt_data_set_MEN":0.0,"wt_data_set_Cdc14":1.0,"wt_data_set_Swi5":1.0,"wt_data_set_CKI":1.0,"wt_data_set_Cdh1":1.0,"wt_data_set_S":0.0,"wt_data_set_B":0.0,"wt_data_set_M":0.0,"wt_data_set_CD":0.0},{"wt_data_set_time":70.0,"wt_data_set_Cln3":1.0,"wt_data_set_SMBF":1.0,"wt_data_set_Cln2":1.0,"wt_data_set_Clb5":1.0,"wt_data_set_Yhp1":1.0,"wt_data_set_Clb2":0.0,"wt_data_set_SFF":0.0,"wt_data_set_Cdc20":0.0,"wt_data_set_FEAR":0.0,"wt_data_set_MEN":0.0,"wt_data_set_Cdc14":0.0,"wt_data_set_Swi5":0.0,"wt_data_set_CKI":1.0,"wt_data_set_Cdh1":1.0,"wt_data_set_S":0.0,"wt_data_set_B":0.0,"wt_data_set_M":0.0,"wt_data_set_CD":0.0},{"wt_data_set_time":71.0,"wt_data_set_Cln3":0.0,"wt_data_set_SMBF":1.0,"wt_data_set_Cln2":1.0,"wt_data_set_Clb5":1.0,"wt_data_set_Yhp1":1.0,"wt_data_set_Clb2":0.0,"wt_data_set_SFF":0.0,"wt_data_set_Cdc20":0.0,"wt_data_set_FEAR":0.0,"wt_data_set_MEN":0.0,"wt_data_set_Cdc14":0.0,"wt_data_set_Swi5":0.0,"wt_data_set_CKI":0.0,"wt_data_set_Cdh1":0.0,"wt_data_set_S":1.0,"wt_data_set_B":1.0,"wt_data_set_M":0.0,"wt_data_set_CD":0.0},{"wt_data_set_time":72.0,"wt_data_set_Cln3":0.0,"wt_data_set_SMBF":1.0,"wt_data_set_Cln2":1.0,"wt_data_set_Clb5":1.0,"wt_data_set_Yhp1":1.0,"wt_data_set_Clb2":1.0,"wt_data_set_SFF":1.0,"wt_data_set_Cdc20":0.0,"wt_data_set_FEAR":0.0,"wt_data_set_MEN":0.0,"wt_data_set_Cdc14":0.0,"wt_data_set_Swi5":0.0,"wt_data_set_CKI":0.0,"wt_data_set_Cdh1":0.0,"wt_data_set_S":1.0,"wt_data_set_B":1.0,"wt_data_set_M":0.0,"wt_data_set_CD":0.0},{"wt_data_set_time":73.0,"wt_data_set_Cln3":0.0,"wt_data_set_SMBF":0.0,"wt_data_set_Cln2":1.0,"wt_data_set_Clb5":1.0,"wt_data_set_Yhp1":1.0,"wt_data_set_Clb2":1.0,"wt_data_set_SFF":1.0,"wt_data_set_Cdc20":0.0,"wt_data_set_FEAR":0.0,"wt_data_set_MEN":0.0,"wt_data_set_Cdc14":0.0,"wt_data_set_Swi5":0.0,"wt_data_set_CKI":0.0,"wt_data_set_Cdh1":0.0,"wt_data_set_S":1.0,"wt_data_set_B":1.0,"wt_data_set_M":1.0,"wt_data_set_CD":0.0},{"wt_data_set_time":74.0,"wt_data_set_Cln3":0.0,"wt_data_set_SMBF":0.0,"wt_data_set_Cln2":0.0,"wt_data_set_Clb5":0.0,"wt_data_set_Yhp1":0.0,"wt_data_set_Clb2":1.0,"wt_data_set_SFF":1.0,"wt_data_set_Cdc20":1.0,"wt_data_set_FEAR":0.0,"wt_data_set_MEN":0.0,"wt_data_set_Cdc14":0.0,"wt_data_set_Swi5":0.0,"wt_data_set_CKI":0.0,"wt_data_set_Cdh1":0.0,"wt_data_set_S":1.0,"wt_data_set_B":1.0,"wt_data_set_M":1.0,"wt_data_set_CD":0.0},{"wt_data_set_time":75.0,"wt_data_set_Cln3":1.0,"wt_data_set_SMBF":0.0,"wt_data_set_Cln2":0.0,"wt_data_set_Clb5":0.0,"wt_data_set_Yhp1":0.0,"wt_data_set_Clb2":1.0,"wt_data_set_SFF":1.0,"wt_data_set_Cdc20":1.0,"wt_data_set_FEAR":1.0,"wt_data_set_MEN":0.0,"wt_data_set_Cdc14":0.0,"wt_data_set_Swi5":0.0,"wt_data_set_CKI":0.0,"wt_data_set_Cdh1":0.0,"wt_data_set_S":1.0,"wt_data_set_B":1.0,"wt_data_set_M":1.0,"wt_data_set_CD":0.0},{"wt_data_set_time":76.0,"wt_data_set_Cln3":1.0,"wt_data_set_SMBF":0.0,"wt_data_set_Cln2":0.0,"wt_data_set_Clb5":0.0,"wt_data_set_Yhp1":0.0,"wt_data_set_Clb2":1.0,"wt_data_set_SFF":1.0,"wt_data_set_Cdc20":1.0,"wt_data_set_FEAR":1.0,"wt_data_set_MEN":1.0,"wt_data_set_Cdc14":0.0,"wt_data_set_Swi5":0.0,"wt_data_set_CKI":0.0,"wt_data_set_Cdh1":0.0,"wt_data_set_S":1.0,"wt_data_set_B":1.0,"wt_data_set_M":1.0,"wt_data_set_CD":0.0},{"wt_data_set_time":77.0,"wt_data_set_Cln3":1.0,"wt_data_set_SMBF":0.0,"wt_data_set_Cln2":0.0,"wt_data_set_Clb5":0.0,"wt_data_set_Yhp1":0.0,"wt_data_set_Clb2":1.0,"wt_data_set_SFF":1.0,"wt_data_set_Cdc20":1.0,"wt_data_set_FEAR":1.0,"wt_data_set_MEN":1.0,"wt_data_set_Cdc14":1.0,"wt_data_set_Swi5":0.0,"wt_data_set_CKI":0.0,"wt_data_set_Cdh1":0.0,"wt_data_set_S":1.0,"wt_data_set_B":1.0,"wt_data_set_M":1.0,"wt_data_set_CD":0.0},{"wt_data_set_time":78.0,"wt_data_set_Cln3":1.0,"wt_data_set_SMBF":0.0,"wt_data_set_Cln2":0.0,"wt_data_set_Clb5":0.0,"wt_data_set_Yhp1":0.0,"wt_data_set_Clb2":1.0,"wt_data_set_SFF":1.0,"wt_data_set_Cdc20":1.0,"wt_data_set_FEAR":1.0,"wt_data_set_MEN":1.0,"wt_data_set_Cdc14":1.0,"wt_data_set_Swi5":1.0,"wt_data_set_CKI":0.0,"wt_data_set_Cdh1":1.0,"wt_data_set_S":1.0,"wt_data_set_B":1.0,"wt_data_set_M":1.0,"wt_data_set_CD":1.0},{"wt_data_set_time":79.0,"wt_data_set_Cln3":1.0,"wt_data_set_SMBF":0.0,"wt_data_set_Cln2":0.0,"wt_data_set_Clb5":0.0,"wt_data_set_Yhp1":0.0,"wt_data_set_Clb2":0.0,"wt_data_set_SFF":1.0,"wt_data_set_Cdc20":1.0,"wt_data_set_FEAR":1.0,"wt_data_set_MEN":1.0,"wt_data_set_Cdc14":1.0,"wt_data_set_Swi5":1.0,"wt_data_set_CKI":1.0,"wt_data_set_Cdh1":1.0,"wt_data_set_S":0.0,"wt_data_set_B":0.0,"wt_data_set_M":0.0,"wt_data_set_CD":0.0},{"wt_data_set_time":80.0,"wt_data_set_Cln3":1.0,"wt_data_set_SMBF":1.0,"wt_data_set_Cln2":0.0,"wt_data_set_Clb5":0.0,"wt_data_set_Yhp1":0.0,"wt_data_set_Clb2":0.0,"wt_data_set_SFF":0.0,"wt_data_set_Cdc20":0.0,"wt_data_set_FEAR":1.0,"wt_data_set_MEN":0.0,"wt_data_set_Cdc14":1.0,"wt_data_set_Swi5":1.0,"wt_data_set_CKI":1.0,"wt_data_set_Cdh1":1.0,"wt_data_set_S":0.0,"wt_data_set_B":0.0,"wt_data_set_M":0.0,"wt_data_set_CD":0.0},{"wt_data_set_time":81.0,"wt_data_set_Cln3":1.0,"wt_data_set_SMBF":1.0,"wt_data_set_Cln2":1.0,"wt_data_set_Clb5":1.0,"wt_data_set_Yhp1":1.0,"wt_data_set_Clb2":0.0,"wt_data_set_SFF":0.0,"wt_data_set_Cdc20":0.0,"wt_data_set_FEAR":0.0,"wt_data_set_MEN":0.0,"wt_data_set_Cdc14":0.0,"wt_data_set_Swi5":0.0,"wt_data_set_CKI":1.0,"wt_data_set_Cdh1":1.0,"wt_data_set_S":0.0,"wt_data_set_B":0.0,"wt_data_set_M":0.0,"wt_data_set_CD":0.0},{"wt_data_set_time":82.0,"wt_data_set_Cln3":0.0,"wt_data_set_SMBF":1.0,"wt_data_set_Cln2":1.0,"wt_data_set_Clb5":1.0,"wt_data_set_Yhp1":1.0,"wt_data_set_Clb2":0.0,"wt_data_set_SFF":0.0,"wt_data_set_Cdc20":0.0,"wt_data_set_FEAR":0.0,"wt_data_set_MEN":0.0,"wt_data_set_Cdc14":0.0,"wt_data_set_Swi5":0.0,"wt_data_set_CKI":0.0,"wt_data_set_Cdh1":0.0,"wt_data_set_S":1.0,"wt_data_set_B":1.0,"wt_data_set_M":0.0,"wt_data_set_CD":0.0},{"wt_data_set_time":83.0,"wt_data_set_Cln3":0.0,"wt_data_set_SMBF":1.0,"wt_data_set_Cln2":1.0,"wt_data_set_Clb5":1.0,"wt_data_set_Yhp1":1.0,"wt_data_set_Clb2":1.0,"wt_data_set_SFF":1.0,"wt_data_set_Cdc20":0.0,"wt_data_set_FEAR":0.0,"wt_data_set_MEN":0.0,"wt_data_set_Cdc14":0.0,"wt_data_set_Swi5":0.0,"wt_data_set_CKI":0.0,"wt_data_set_Cdh1":0.0,"wt_data_set_S":1.0,"wt_data_set_B":1.0,"wt_data_set_M":0.0,"wt_data_set_CD":0.0},{"wt_data_set_time":84.0,"wt_data_set_Cln3":0.0,"wt_data_set_SMBF":0.0,"wt_data_set_Cln2":1.0,"wt_data_set_Clb5":1.0,"wt_data_set_Yhp1":1.0,"wt_data_set_Clb2":1.0,"wt_data_set_SFF":1.0,"wt_data_set_Cdc20":0.0,"wt_data_set_FEAR":0.0,"wt_data_set_MEN":0.0,"wt_data_set_Cdc14":0.0,"wt_data_set_Swi5":0.0,"wt_data_set_CKI":0.0,"wt_data_set_Cdh1":0.0,"wt_data_set_S":1.0,"wt_data_set_B":1.0,"wt_data_set_M":1.0,"wt_data_set_CD":0.0},{"wt_data_set_time":85.0,"wt_data_set_Cln3":0.0,"wt_data_set_SMBF":0.0,"wt_data_set_Cln2":0.0,"wt_data_set_Clb5":0.0,"wt_data_set_Yhp1":0.0,"wt_data_set_Clb2":1.0,"wt_data_set_SFF":1.0,"wt_data_set_Cdc20":1.0,"wt_data_set_FEAR":0.0,"wt_data_set_MEN":0.0,"wt_data_set_Cdc14":0.0,"wt_data_set_Swi5":0.0,"wt_data_set_CKI":0.0,"wt_data_set_Cdh1":0.0,"wt_data_set_S":1.0,"wt_data_set_B":1.0,"wt_data_set_M":1.0,"wt_data_set_CD":0.0},{"wt_data_set_time":86.0,"wt_data_set_Cln3":1.0,"wt_data_set_SMBF":0.0,"wt_data_set_Cln2":0.0,"wt_data_set_Clb5":0.0,"wt_data_set_Yhp1":0.0,"wt_data_set_Clb2":1.0,"wt_data_set_SFF":1.0,"wt_data_set_Cdc20":1.0,"wt_data_set_FEAR":1.0,"wt_data_set_MEN":0.0,"wt_data_set_Cdc14":0.0,"wt_data_set_Swi5":0.0,"wt_data_set_CKI":0.0,"wt_data_set_Cdh1":0.0,"wt_data_set_S":1.0,"wt_data_set_B":1.0,"wt_data_set_M":1.0,"wt_data_set_CD":0.0},{"wt_data_set_time":87.0,"wt_data_set_Cln3":1.0,"wt_data_set_SMBF":0.0,"wt_data_set_Cln2":0.0,"wt_data_set_Clb5":0.0,"wt_data_set_Yhp1":0.0,"wt_data_set_Clb2":1.0,"wt_data_set_SFF":1.0,"wt_data_set_Cdc20":1.0,"wt_data_set_FEAR":1.0,"wt_data_set_MEN":1.0,"wt_data_set_Cdc14":0.0,"wt_data_set_Swi5":0.0,"wt_data_set_CKI":0.0,"wt_data_set_Cdh1":0.0,"wt_data_set_S":1.0,"wt_data_set_B":1.0,"wt_data_set_M":1.0,"wt_data_set_CD":0.0},{"wt_data_set_time":88.0,"wt_data_set_Cln3":1.0,"wt_data_set_SMBF":0.0,"wt_data_set_Cln2":0.0,"wt_data_set_Clb5":0.0,"wt_data_set_Yhp1":0.0,"wt_data_set_Clb2":1.0,"wt_data_set_SFF":1.0,"wt_data_set_Cdc20":1.0,"wt_data_set_FEAR":1.0,"wt_data_set_MEN":1.0,"wt_data_set_Cdc14":1.0,"wt_data_set_Swi5":0.0,"wt_data_set_CKI":0.0,"wt_data_set_Cdh1":0.0,"wt_data_set_S":1.0,"wt_data_set_B":1.0,"wt_data_set_M":1.0,"wt_data_set_CD":0.0},{"wt_data_set_time":89.0,"wt_data_set_Cln3":1.0,"wt_data_set_SMBF":0.0,"wt_data_set_Cln2":0.0,"wt_data_set_Clb5":0.0,"wt_data_set_Yhp1":0.0,"wt_data_set_Clb2":1.0,"wt_data_set_SFF":1.0,"wt_data_set_Cdc20":1.0,"wt_data_set_FEAR":1.0,"wt_data_set_MEN":1.0,"wt_data_set_Cdc14":1.0,"wt_data_set_Swi5":1.0,"wt_data_set_CKI":0.0,"wt_data_set_Cdh1":1.0,"wt_data_set_S":1.0,"wt_data_set_B":1.0,"wt_data_set_M":1.0,"wt_data_set_CD":1.0},{"wt_data_set_time":90.0,"wt_data_set_Cln3":1.0,"wt_data_set_SMBF":0.0,"wt_data_set_Cln2":0.0,"wt_data_set_Clb5":0.0,"wt_data_set_Yhp1":0.0,"wt_data_set_Clb2":0.0,"wt_data_set_SFF":1.0,"wt_data_set_Cdc20":1.0,"wt_data_set_FEAR":1.0,"wt_data_set_MEN":1.0,"wt_data_set_Cdc14":1.0,"wt_data_set_Swi5":1.0,"wt_data_set_CKI":1.0,"wt_data_set_Cdh1":1.0,"wt_data_set_S":0.0,"wt_data_set_B":0.0,"wt_data_set_M":0.0,"wt_data_set_CD":0.0},{"wt_data_set_time":91.0,"wt_data_set_Cln3":1.0,"wt_data_set_SMBF":1.0,"wt_data_set_Cln2":0.0,"wt_data_set_Clb5":0.0,"wt_data_set_Yhp1":0.0,"wt_data_set_Clb2":0.0,"wt_data_set_SFF":0.0,"wt_data_set_Cdc20":0.0,"wt_data_set_FEAR":1.0,"wt_data_set_MEN":0.0,"wt_data_set_Cdc14":1.0,"wt_data_set_Swi5":1.0,"wt_data_set_CKI":1.0,"wt_data_set_Cdh1":1.0,"wt_data_set_S":0.0,"wt_data_set_B":0.0,"wt_data_set_M":0.0,"wt_data_set_CD":0.0},{"wt_data_set_time":92.0,"wt_data_set_Cln3":1.0,"wt_data_set_SMBF":1.0,"wt_data_set_Cln2":1.0,"wt_data_set_Clb5":1.0,"wt_data_set_Yhp1":1.0,"wt_data_set_Clb2":0.0,"wt_data_set_SFF":0.0,"wt_data_set_Cdc20":0.0,"wt_data_set_FEAR":0.0,"wt_data_set_MEN":0.0,"wt_data_set_Cdc14":0.0,"wt_data_set_Swi5":0.0,"wt_data_set_CKI":1.0,"wt_data_set_Cdh1":1.0,"wt_data_set_S":0.0,"wt_data_set_B":0.0,"wt_data_set_M":0.0,"wt_data_set_CD":0.0},{"wt_data_set_time":93.0,"wt_data_set_Cln3":0.0,"wt_data_set_SMBF":1.0,"wt_data_set_Cln2":1.0,"wt_data_set_Clb5":1.0,"wt_data_set_Yhp1":1.0,"wt_data_set_Clb2":0.0,"wt_data_set_SFF":0.0,"wt_data_set_Cdc20":0.0,"wt_data_set_FEAR":0.0,"wt_data_set_MEN":0.0,"wt_data_set_Cdc14":0.0,"wt_data_set_Swi5":0.0,"wt_data_set_CKI":0.0,"wt_data_set_Cdh1":0.0,"wt_data_set_S":1.0,"wt_data_set_B":1.0,"wt_data_set_M":0.0,"wt_data_set_CD":0.0},{"wt_data_set_time":94.0,"wt_data_set_Cln3":0.0,"wt_data_set_SMBF":1.0,"wt_data_set_Cln2":1.0,"wt_data_set_Clb5":1.0,"wt_data_set_Yhp1":1.0,"wt_data_set_Clb2":1.0,"wt_data_set_SFF":1.0,"wt_data_set_Cdc20":0.0,"wt_data_set_FEAR":0.0,"wt_data_set_MEN":0.0,"wt_data_set_Cdc14":0.0,"wt_data_set_Swi5":0.0,"wt_data_set_CKI":0.0,"wt_data_set_Cdh1":0.0,"wt_data_set_S":1.0,"wt_data_set_B":1.0,"wt_data_set_M":0.0,"wt_data_set_CD":0.0},{"wt_data_set_time":95.0,"wt_data_set_Cln3":0.0,"wt_data_set_SMBF":0.0,"wt_data_set_Cln2":1.0,"wt_data_set_Clb5":1.0,"wt_data_set_Yhp1":1.0,"wt_data_set_Clb2":1.0,"wt_data_set_SFF":1.0,"wt_data_set_Cdc20":0.0,"wt_data_set_FEAR":0.0,"wt_data_set_MEN":0.0,"wt_data_set_Cdc14":0.0,"wt_data_set_Swi5":0.0,"wt_data_set_CKI":0.0,"wt_data_set_Cdh1":0.0,"wt_data_set_S":1.0,"wt_data_set_B":1.0,"wt_data_set_M":1.0,"wt_data_set_CD":0.0},{"wt_data_set_time":96.0,"wt_data_set_Cln3":0.0,"wt_data_set_SMBF":0.0,"wt_data_set_Cln2":0.0,"wt_data_set_Clb5":0.0,"wt_data_set_Yhp1":0.0,"wt_data_set_Clb2":1.0,"wt_data_set_SFF":1.0,"wt_data_set_Cdc20":1.0,"wt_data_set_FEAR":0.0,"wt_data_set_MEN":0.0,"wt_data_set_Cdc14":0.0,"wt_data_set_Swi5":0.0,"wt_data_set_CKI":0.0,"wt_data_set_Cdh1":0.0,"wt_data_set_S":1.0,"wt_data_set_B":1.0,"wt_data_set_M":1.0,"wt_data_set_CD":0.0},{"wt_data_set_time":97.0,"wt_data_set_Cln3":1.0,"wt_data_set_SMBF":0.0,"wt_data_set_Cln2":0.0,"wt_data_set_Clb5":0.0,"wt_data_set_Yhp1":0.0,"wt_data_set_Clb2":1.0,"wt_data_set_SFF":1.0,"wt_data_set_Cdc20":1.0,"wt_data_set_FEAR":1.0,"wt_data_set_MEN":0.0,"wt_data_set_Cdc14":0.0,"wt_data_set_Swi5":0.0,"wt_data_set_CKI":0.0,"wt_data_set_Cdh1":0.0,"wt_data_set_S":1.0,"wt_data_set_B":1.0,"wt_data_set_M":1.0,"wt_data_set_CD":0.0},{"wt_data_set_time":98.0,"wt_data_set_Cln3":1.0,"wt_data_set_SMBF":0.0,"wt_data_set_Cln2":0.0,"wt_data_set_Clb5":0.0,"wt_data_set_Yhp1":0.0,"wt_data_set_Clb2":1.0,"wt_data_set_SFF":1.0,"wt_data_set_Cdc20":1.0,"wt_data_set_FEAR":1.0,"wt_data_set_MEN":1.0,"wt_data_set_Cdc14":0.0,"wt_data_set_Swi5":0.0,"wt_data_set_CKI":0.0,"wt_data_set_Cdh1":0.0,"wt_data_set_S":1.0,"wt_data_set_B":1.0,"wt_data_set_M":1.0,"wt_data_set_CD":0.0},{"wt_data_set_time":99.0,"wt_data_set_Cln3":1.0,"wt_data_set_SMBF":0.0,"wt_data_set_Cln2":0.0,"wt_data_set_Clb5":0.0,"wt_data_set_Yhp1":0.0,"wt_data_set_Clb2":1.0,"wt_data_set_SFF":1.0,"wt_data_set_Cdc20":1.0,"wt_data_set_FEAR":1.0,"wt_data_set_MEN":1.0,"wt_data_set_Cdc14":1.0,"wt_data_set_Swi5":0.0,"wt_data_set_CKI":0.0,"wt_data_set_Cdh1":0.0,"wt_data_set_S":1.0,"wt_data_set_B":1.0,"wt_data_set_M":1.0,"wt_data_set_CD":0.0},{"wt_data_set_time":100.0,"wt_data_set_Cln3":1.0,"wt_data_set_SMBF":0.0,"wt_data_set_Cln2":0.0,"wt_data_set_Clb5":0.0,"wt_data_set_Yhp1":0.0,"wt_data_set_Clb2":1.0,"wt_data_set_SFF":1.0,"wt_data_set_Cdc20":1.0,"wt_data_set_FEAR":1.0,"wt_data_set_MEN":1.0,"wt_data_set_Cdc14":1.0,"wt_data_set_Swi5":1.0,"wt_data_set_CKI":0.0,"wt_data_set_Cdh1":1.0,"wt_data_set_S":1.0,"wt_data_set_B":1.0,"wt_data_set_M":1.0,"wt_data_set_CD":1.0}]