[{"data_set_T":0.0,"data_set_V":-60.349998,"data_set_W":0.0},{"data_set_T":0.1,"data_set_V":-60.354855,"data_set_W":-1.6438224},{"data_set_T":0.2,"data_set_V":-60.359081,"data_set_W":-3.2805901},{"data_set_T":0.30000001,"data_set_V":-60.362682,"data_set_W":-4.910223},{"data_set_T":0.40000001,"data_set_V":-60.365669,"data_set_W":-6.5326424},{"data_set_T":0.5,"data_set_V":-60.368038,"data_set_W":-8.1477709},{"data_set_T":0.60000002,"data_set_V":-60.369801,"data_set_W":-9.7555313},{"data_set_T":0.69999999,"data_set_V":-60.37096,"data_set_W":-11.35585},{"data_set_T":0.80000001,"data_set_V":-60.371517,"data_set_W":-12.948652},{"data_set_T":0.89999998,"data_set_V":-60.371479,"data_set_W":-14.533866},{"data_set_T":1.0,"data_set_V":-60.370853,"data_set_W":-16.11142},{"data_set_T":1.1,"data_set_V":-60.36964,"data_set_W":-17.681242},{"data_set_T":1.2,"data_set_V":-60.367847,"data_set_W":-19.243265},{"data_set_T":1.3,"data_set_V":-60.365479,"data_set_W":-20.797421},{"data_set_T":1.4,"data_set_V":-60.362537,"data_set_W":-22.343643},{"data_set_T":1.5,"data_set_V":-60.359032,"data_set_W":-23.881865},{"data_set_T":1.6,"data_set_V":-60.354961,"data_set_W":-25.412024},{"data_set_T":1.7,"data_set_V":-60.350338,"data_set_W":-26.934055},{"data_set_T":1.8,"data_set_V":-60.345161,"data_set_W":-28.447897},{"data_set_T":1.9,"data_set_V":-60.339436,"data_set_W":-29.953491},{"data_set_T":2.0,"data_set_V":-60.333168,"data_set_W":-31.450773},{"data_set_T":2.0999999,"data_set_V":-60.326363,"data_set_W":-32.93969},{"data_set_T":2.2,"data_set_V":-60.319027,"data_set_W":-34.420181},{"data_set_T":2.3,"data_set_V":-60.311161,"data_set_W":-35.892193},{"data_set_T":2.4000001,"data_set_V":-60.302769,"data_set_W":-37.355663},{"data_set_T":2.5,"data_set_V":-60.293861,"data_set_W":-38.810551},{"data_set_T":2.5999999,"data_set_V":-60.284443,"data_set_W":-40.25679},{"data_set_T":2.7,"data_set_V":-60.274513,"data_set_W":-41.69434},{"data_set_T":2.8,"data_set_V":-60.26408,"data_set_W":-43.123142},{"data_set_T":2.9000001,"data_set_V":-60.253147,"data_set_W":-44.543148},{"data_set_T":3.0,"data_set_V":-60.241722,"data_set_W":-45.954315},{"data_set_T":3.0999999,"data_set_V":-60.229805,"data_set_W":-47.356594},{"data_set_T":3.2,"data_set_V":-60.217403,"data_set_W":-48.749935},{"data_set_T":3.3,"data_set_V":-60.204525,"data_set_W":-50.1343},{"data_set_T":3.4000001,"data_set_V":-60.19117,"data_set_W":-51.50964},{"data_set_T":3.5,"data_set_V":-60.177345,"data_set_W":-52.875912},{"data_set_T":3.5999999,"data_set_V":-60.163059,"data_set_W":-54.233074},{"data_set_T":3.7,"data_set_V":-60.148308,"data_set_W":-55.581093},{"data_set_T":3.8,"data_set_V":-60.133106,"data_set_W":-56.919918},{"data_set_T":3.9000001,"data_set_V":-60.117451,"data_set_W":-58.249523},{"data_set_T":4.0,"data_set_V":-60.101349,"data_set_W":-59.569859},{"data_set_T":4.0999999,"data_set_V":-60.084808,"data_set_W":-60.880898},{"data_set_T":4.1999998,"data_set_V":-60.067833,"data_set_W":-62.182602},{"data_set_T":4.3000002,"data_set_V":-60.050426,"data_set_W":-63.474937},{"data_set_T":4.4000001,"data_set_V":-60.032593,"data_set_W":-64.757874},{"data_set_T":4.5,"data_set_V":-60.014339,"data_set_W":-66.031372},{"data_set_T":4.5999999,"data_set_V":-59.99567,"data_set_W":-67.29541},{"data_set_T":4.6999998,"data_set_V":-59.976589,"data_set_W":-68.54995},{"data_set_T":4.8000002,"data_set_V":-59.9571,"data_set_W":-69.79496},{"data_set_T":4.9000001,"data_set_V":-59.93721,"data_set_W":-71.030426},{"data_set_T":5.0,"data_set_V":-59.91692,"data_set_W":-72.256317},{"data_set_T":5.0999999,"data_set_V":-59.89624,"data_set_W":-73.472595},{"data_set_T":5.1999998,"data_set_V":-59.875175,"data_set_W":-74.679245},{"data_set_T":5.3000002,"data_set_V":-59.853725,"data_set_W":-75.876251},{"data_set_T":5.4000001,"data_set_V":-59.831898,"data_set_W":-77.063568},{"data_set_T":5.5,"data_set_V":-59.8097,"data_set_W":-78.241196},{"data_set_T":5.5999999,"data_set_V":-59.787132,"data_set_W":-79.409103},{"data_set_T":5.6999998,"data_set_V":-59.764202,"data_set_W":-80.567276},{"data_set_T":5.8000002,"data_set_V":-59.74091,"data_set_W":-81.715683},{"data_set_T":5.9000001,"data_set_V":-59.717266,"data_set_W":-82.854317},{"data_set_T":6.0,"data_set_V":-59.693275,"data_set_W":-83.983162},{"data_set_T":6.0999999,"data_set_V":-59.668938,"data_set_W":-85.102196},{"data_set_T":6.1999998,"data_set_V":-59.64426,"data_set_W":-86.211403},{"data_set_T":6.3000002,"data_set_V":-59.619251,"data_set_W":-87.310776},{"data_set_T":6.4000001,"data_set_V":-59.59391,"data_set_W":-88.400291},{"data_set_T":6.5,"data_set_V":-59.568245,"data_set_W":-89.47995},{"data_set_T":6.5999999,"data_set_V":-59.542259,"data_set_W":-90.549728},{"data_set_T":6.6999998,"data_set_V":-59.515953,"data_set_W":-91.609619},{"data_set_T":6.8000002,"data_set_V":-59.489342,"data_set_W":-92.659622},{"data_set_T":6.9000001,"data_set_V":-59.462421,"data_set_W":-93.699715},{"data_set_T":7.0,"data_set_V":-59.435196,"data_set_W":-94.729897},{"data_set_T":7.0999999,"data_set_V":-59.407677,"data_set_W":-95.75016},{"data_set_T":7.1999998,"data_set_V":-59.379864,"data_set_W":-96.76049},{"data_set_T":7.3000002,"data_set_V":-59.351765,"data_set_W":-97.760895},{"data_set_T":7.4000001,"data_set_V":-59.323383,"data_set_W":-98.751366},{"data_set_T":7.5,"data_set_V":-59.29472,"data_set_W":-99.731903},{"data_set_T":7.5999999,"data_set_V":-59.265781,"data_set_W":-100.70249},{"data_set_T":7.6999998,"data_set_V":-59.236576,"data_set_W":-101.66314},{"data_set_T":7.8000002,"data_set_V":-59.207104,"data_set_W":-102.61385},{"data_set_T":7.9000001,"data_set_V":-59.177372,"data_set_W":-103.5546},{"data_set_T":8.0,"data_set_V":-59.147385,"data_set_W":-104.48542},{"data_set_T":8.1000004,"data_set_V":-59.117146,"data_set_W":-105.40629},{"data_set_T":8.1999998,"data_set_V":-59.086658,"data_set_W":-106.31722},{"data_set_T":8.3000002,"data_set_V":-59.055931,"data_set_W":-107.21822},{"data_set_T":8.3999996,"data_set_V":-59.024963,"data_set_W":-108.10929},{"data_set_T":8.5,"data_set_V":-58.993763,"data_set_W":-108.99043},{"data_set_T":8.6000004,"data_set_V":-58.962334,"data_set_W":-109.86164},{"data_set_T":8.6999998,"data_set_V":-58.930676,"data_set_W":-110.72294},{"data_set_T":8.8000002,"data_set_V":-58.898804,"data_set_W":-111.57433},{"data_set_T":8.8999996,"data_set_V":-58.866711,"data_set_W":-112.41582},{"data_set_T":9.0,"data_set_V":-58.834408,"data_set_W":-113.24741},{"data_set_T":9.1000004,"data_set_V":-58.801899,"data_set_W":-114.06912},{"data_set_T":9.1999998,"data_set_V":-58.769184,"data_set_W":-114.88096},{"data_set_T":9.3000002,"data_set_V":-58.736275,"data_set_W":-115.68294},{"data_set_T":9.3999996,"data_set_V":-58.703167,"data_set_W":-116.47506},{"data_set_T":9.5,"data_set_V":-58.669872,"data_set_W":-117.25735},{"data_set_T":9.6000004,"data_set_V":-58.636391,"data_set_W":-118.0298},{"data_set_T":9.6999998,"data_set_V":-58.60273,"data_set_W":-118.79245},{"data_set_T":9.8000002,"data_set_V":-58.56889,"data_set_W":-119.5453},{"data_set_T":9.8999996,"data_set_V":-58.534874,"data_set_W":-120.28837},{"data_set_T":10.0,"data_set_V":-58.50069,"data_set_W":-121.02167},{"data_set_T":10.1,"data_set_V":-58.466347,"data_set_W":-121.74522},{"data_set_T":10.2,"data_set_V":-58.431839,"data_set_W":-122.45904},{"data_set_T":10.3,"data_set_V":-58.397171,"data_set_W":-123.16314},{"data_set_T":10.4,"data_set_V":-58.362358,"data_set_W":-123.85754},{"data_set_T":10.5,"data_set_V":-58.327393,"data_set_W":-124.54227},{"data_set_T":10.6,"data_set_V":-58.292282,"data_set_W":-125.21734},{"data_set_T":10.7,"data_set_V":-58.257034,"data_set_W":-125.88277},{"data_set_T":10.8,"data_set_V":-58.221645,"data_set_W":-126.53858},{"data_set_T":10.9,"data_set_V":-58.186131,"data_set_W":-127.1848},{"data_set_T":11.0,"data_set_V":-58.150482,"data_set_W":-127.82145},{"data_set_T":11.1,"data_set_V":-58.114712,"data_set_W":-128.44855},{"data_set_T":11.2,"data_set_V":-58.078823,"data_set_W":-129.06612},{"data_set_T":11.3,"data_set_V":-58.042816,"data_set_W":-129.67418},{"data_set_T":11.4,"data_set_V":-58.006695,"data_set_W":-130.27278},{"data_set_T":11.5,"data_set_V":-57.970467,"data_set_W":-130.86192},{"data_set_T":11.6,"data_set_V":-57.934135,"data_set_W":-131.44164},{"data_set_T":11.7,"data_set_V":-57.897701,"data_set_W":-132.01195},{"data_set_T":11.8,"data_set_V":-57.861168,"data_set_W":-132.57289},{"data_set_T":11.9,"data_set_V":-57.824547,"data_set_W":-133.12448},{"data_set_T":12.0,"data_set_V":-57.78783,"data_set_W":-133.66676},{"data_set_T":12.1,"data_set_V":-57.75103,"data_set_W":-134.19975},{"data_set_T":12.2,"data_set_V":-57.714149,"data_set_W":-134.7235},{"data_set_T":12.3,"data_set_V":-57.677189,"data_set_W":-135.23799},{"data_set_T":12.4,"data_set_V":-57.640152,"data_set_W":-135.7433},{"data_set_T":12.5,"data_set_V":-57.603046,"data_set_W":-136.23944},{"data_set_T":12.6,"data_set_V":-57.565872,"data_set_W":-136.72644},{"data_set_T":12.7,"data_set_V":-57.528633,"data_set_W":-137.20433},{"data_set_T":12.8,"data_set_V":-57.491333,"data_set_W":-137.67316},{"data_set_T":12.9,"data_set_V":-57.453979,"data_set_W":-138.13295},{"data_set_T":13.0,"data_set_V":-57.416569,"data_set_W":-138.58372},{"data_set_T":13.1,"data_set_V":-57.379108,"data_set_W":-139.02553},{"data_set_T":13.2,"data_set_V":-57.341602,"data_set_W":-139.45839},{"data_set_T":13.3,"data_set_V":-57.304054,"data_set_W":-139.88235},{"data_set_T":13.4,"data_set_V":-57.266464,"data_set_W":-140.29745},{"data_set_T":13.5,"data_set_V":-57.22884,"data_set_W":-140.7037},{"data_set_T":13.6,"data_set_V":-57.191185,"data_set_W":-141.10118},{"data_set_T":13.7,"data_set_V":-57.153496,"data_set_W":-141.48988},{"data_set_T":13.8,"data_set_V":-57.115784,"data_set_W":-141.86986},{"data_set_T":13.9,"data_set_V":-57.078045,"data_set_W":-142.24115},{"data_set_T":14.0,"data_set_V":-57.040291,"data_set_W":-142.60381},{"data_set_T":14.1,"data_set_V":-57.002518,"data_set_W":-142.95784},{"data_set_T":14.2,"data_set_V":-56.964733,"data_set_W":-143.3033},{"data_set_T":14.3,"data_set_V":-56.926937,"data_set_W":-143.64024},{"data_set_T":14.4,"data_set_V":-56.889133,"data_set_W":-143.96867},{"data_set_T":14.5,"data_set_V":-56.851326,"data_set_W":-144.28867},{"data_set_T":14.6,"data_set_V":-56.813519,"data_set_W":-144.60023},{"data_set_T":14.7,"data_set_V":-56.775711,"data_set_W":-144.90343},{"data_set_T":14.8,"data_set_V":-56.737911,"data_set_W":-145.1983},{"data_set_T":14.9,"data_set_V":-56.700119,"data_set_W":-145.48488},{"data_set_T":15.0,"data_set_V":-56.662338,"data_set_W":-145.7632},{"data_set_T":15.1,"data_set_V":-56.624573,"data_set_W":-146.03333},{"data_set_T":15.2,"data_set_V":-56.586823,"data_set_W":-146.29527},{"data_set_T":15.3,"data_set_V":-56.549095,"data_set_W":-146.5491},{"data_set_T":15.4,"data_set_V":-56.511387,"data_set_W":-146.79486},{"data_set_T":15.5,"data_set_V":-56.473709,"data_set_W":-147.03258},{"data_set_T":15.6,"data_set_V":-56.436054,"data_set_W":-147.2623},{"data_set_T":15.7,"data_set_V":-56.398434,"data_set_W":-147.48407},{"data_set_T":15.8,"data_set_V":-56.360847,"data_set_W":-147.69794},{"data_set_T":15.9,"data_set_V":-56.323299,"data_set_W":-147.90395},{"data_set_T":16.0,"data_set_V":-56.285786,"data_set_W":-148.10213},{"data_set_T":16.1,"data_set_V":-56.248318,"data_set_W":-148.29256},{"data_set_T":16.200001,"data_set_V":-56.210896,"data_set_W":-148.47523},{"data_set_T":16.299999,"data_set_V":-56.173519,"data_set_W":-148.65025},{"data_set_T":16.4,"data_set_V":-56.136192,"data_set_W":-148.81763},{"data_set_T":16.5,"data_set_V":-56.098919,"data_set_W":-148.97742},{"data_set_T":16.6,"data_set_V":-56.061699,"data_set_W":-149.12965},{"data_set_T":16.700001,"data_set_V":-56.024536,"data_set_W":-149.2744},{"data_set_T":16.799999,"data_set_V":-55.987434,"data_set_W":-149.4117},{"data_set_T":16.9,"data_set_V":-55.950394,"data_set_W":-149.54158},{"data_set_T":17.0,"data_set_V":-55.913418,"data_set_W":-149.66412},{"data_set_T":17.1,"data_set_V":-55.876507,"data_set_W":-149.77934},{"data_set_T":17.200001,"data_set_V":-55.839668,"data_set_W":-149.88731},{"data_set_T":17.299999,"data_set_V":-55.802902,"data_set_W":-149.98807},{"data_set_T":17.4,"data_set_V":-55.766205,"data_set_W":-150.08165},{"data_set_T":17.5,"data_set_V":-55.729588,"data_set_W":-150.16811},{"data_set_T":17.6,"data_set_V":-55.693047,"data_set_W":-150.2475},{"data_set_T":17.700001,"data_set_V":-55.656586,"data_set_W":-150.31989},{"data_set_T":17.799999,"data_set_V":-55.620209,"data_set_W":-150.38528},{"data_set_T":17.9,"data_set_V":-55.583912,"data_set_W":-150.44376},{"data_set_T":18.0,"data_set_V":-55.547707,"data_set_W":-150.49535},{"data_set_T":18.1,"data_set_V":-55.511585,"data_set_W":-150.54012},{"data_set_T":18.200001,"data_set_V":-55.475555,"data_set_W":-150.57811},{"data_set_T":18.299999,"data_set_V":-55.439621,"data_set_W":-150.60938},{"data_set_T":18.4,"data_set_V":-55.403778,"data_set_W":-150.63396},{"data_set_T":18.5,"data_set_V":-55.368031,"data_set_W":-150.65192},{"data_set_T":18.6,"data_set_V":-55.332382,"data_set_W":-150.66328},{"data_set_T":18.700001,"data_set_V":-55.296833,"data_set_W":-150.66812},{"data_set_T":18.799999,"data_set_V":-55.261383,"data_set_W":-150.66649},{"data_set_T":18.9,"data_set_V":-55.22604,"data_set_W":-150.65842},{"data_set_T":19.0,"data_set_V":-55.1908,"data_set_W":-150.64395},{"data_set_T":19.1,"data_set_V":-55.155663,"data_set_W":-150.62317},{"data_set_T":19.200001,"data_set_V":-55.120636,"data_set_W":-150.59608},{"data_set_T":19.299999,"data_set_V":-55.08572,"data_set_W":-150.56279},{"data_set_T":19.4,"data_set_V":-55.050915,"data_set_W":-150.5233},{"data_set_T":19.5,"data_set_V":-55.01622,"data_set_W":-150.47768},{"data_set_T":19.6,"data_set_V":-54.981644,"data_set_W":-150.42596},{"data_set_T":19.700001,"data_set_V":-54.947178,"data_set_W":-150.36823},{"data_set_T":19.799999,"data_set_V":-54.91283,"data_set_W":-150.3045},{"data_set_T":19.9,"data_set_V":-54.878601,"data_set_W":-150.23485},{"data_set_T":20.0,"data_set_V":-54.84449,"data_set_W":-150.15932},{"data_set_T":20.1,"data_set_V":-54.810501,"data_set_W":-150.07794},{"data_set_T":20.200001,"data_set_V":-54.776634,"data_set_W":-149.9908},{"data_set_T":20.299999,"data_set_V":-54.742889,"data_set_W":-149.8979},{"data_set_T":20.4,"data_set_V":-54.709267,"data_set_W":-149.79935},{"data_set_T":20.5,"data_set_V":-54.67577,"data_set_W":-149.69514},{"data_set_T":20.6,"data_set_V":-54.642399,"data_set_W":-149.58536},{"data_set_T":20.700001,"data_set_V":-54.609158,"data_set_W":-149.47005},{"data_set_T":20.799999,"data_set_V":-54.576042,"data_set_W":-149.34924},{"data_set_T":20.9,"data_set_V":-54.543053,"data_set_W":-149.22301},{"data_set_T":21.0,"data_set_V":-54.510197,"data_set_W":-149.09138},{"data_set_T":21.1,"data_set_V":-54.47747,"data_set_W":-148.95444},{"data_set_T":21.200001,"data_set_V":-54.444878,"data_set_W":-148.81219},{"data_set_T":21.299999,"data_set_V":-54.412415,"data_set_W":-148.66472},{"data_set_T":21.4,"data_set_V":-54.380085,"data_set_W":-148.51205},{"data_set_T":21.5,"data_set_V":-54.347889,"data_set_W":-148.35426},{"data_set_T":21.6,"data_set_V":-54.315826,"data_set_W":-148.19138},{"data_set_T":21.700001,"data_set_V":-54.283897,"data_set_W":-148.02345},{"data_set_T":21.799999,"data_set_V":-54.252106,"data_set_W":-147.85052},{"data_set_T":21.9,"data_set_V":-54.220448,"data_set_W":-147.67267},{"data_set_T":22.0,"data_set_V":-54.188923,"data_set_W":-147.48991},{"data_set_T":22.1,"data_set_V":-54.157539,"data_set_W":-147.30232},{"data_set_T":22.200001,"data_set_V":-54.126289,"data_set_W":-147.10992},{"data_set_T":22.299999,"data_set_V":-54.095177,"data_set_W":-146.91278},{"data_set_T":22.4,"data_set_V":-54.064201,"data_set_W":-146.71092},{"data_set_T":22.5,"data_set_V":-54.033367,"data_set_W":-146.50443},{"data_set_T":22.6,"data_set_V":-54.002666,"data_set_W":-146.29332},{"data_set_T":22.700001,"data_set_V":-53.972103,"data_set_W":-146.07765},{"data_set_T":22.799999,"data_set_V":-53.941677,"data_set_W":-145.85747},{"data_set_T":22.9,"data_set_V":-53.911388,"data_set_W":-145.63281},{"data_set_T":23.0,"data_set_V":-53.881237,"data_set_W":-145.40375},{"data_set_T":23.1,"data_set_V":-53.851223,"data_set_W":-145.1703},{"data_set_T":23.200001,"data_set_V":-53.821346,"data_set_W":-144.93254},{"data_set_T":23.299999,"data_set_V":-53.791607,"data_set_W":-144.69049},{"data_set_T":23.4,"data_set_V":-53.762005,"data_set_W":-144.4442},{"data_set_T":23.5,"data_set_V":-53.732536,"data_set_W":-144.19373},{"data_set_T":23.6,"data_set_V":-53.703205,"data_set_W":-143.9391},{"data_set_T":23.700001,"data_set_V":-53.674011,"data_set_W":-143.68037},{"data_set_T":23.799999,"data_set_V":-53.644947,"data_set_W":-143.41759},{"data_set_T":23.9,"data_set_V":-53.616024,"data_set_W":-143.15079},{"data_set_T":24.0,"data_set_V":-53.587231,"data_set_W":-142.88002},{"data_set_T":24.1,"data_set_V":-53.558571,"data_set_W":-142.60533},{"data_set_T":24.200001,"data_set_V":-53.530041,"data_set_W":-142.32675},{"data_set_T":24.299999,"data_set_V":-53.501648,"data_set_W":-142.04434},{"data_set_T":24.4,"data_set_V":-53.473381,"data_set_W":-141.75812},{"data_set_T":24.5,"data_set_V":-53.445248,"data_set_W":-141.46815},{"data_set_T":24.6,"data_set_V":-53.41724,"data_set_W":-141.17447},{"data_set_T":24.700001,"data_set_V":-53.389362,"data_set_W":-140.87711},{"data_set_T":24.799999,"data_set_V":-53.36161,"data_set_W":-140.57613},{"data_set_T":24.9,"data_set_V":-53.333984,"data_set_W":-140.27155},{"data_set_T":25.0,"data_set_V":-53.306484,"data_set_W":-139.96341},{"data_set_T":25.1,"data_set_V":-53.279106,"data_set_W":-139.65176},{"data_set_T":25.200001,"data_set_V":-53.25185,"data_set_W":-139.33664},{"data_set_T":25.299999,"data_set_V":-53.224716,"data_set_W":-139.0181},{"data_set_T":25.4,"data_set_V":-53.197701,"data_set_W":-138.69615},{"data_set_T":25.5,"data_set_V":-53.170803,"data_set_W":-138.37083},{"data_set_T":25.6,"data_set_V":-53.144024,"data_set_W":-138.04222},{"data_set_T":25.700001,"data_set_V":-53.117355,"data_set_W":-137.71031},{"data_set_T":25.799999,"data_set_V":-53.090805,"data_set_W":-137.37515},{"data_set_T":25.9,"data_set_V":-53.064362,"data_set_W":-137.03679},{"data_set_T":26.0,"data_set_V":-53.038029,"data_set_W":-136.69525},{"data_set_T":26.1,"data_set_V":-53.011803,"data_set_W":-136.35057},{"data_set_T":26.200001,"data_set_V":-52.985683,"data_set_W":-136.00279},{"data_set_T":26.299999,"data_set_V":-52.959667,"data_set_W":-135.65195},{"data_set_T":26.4,"data_set_V":-52.93375,"data_set_W":-135.29805},{"data_set_T":26.5,"data_set_V":-52.907936,"data_set_W":-134.94115},{"data_set_T":26.6,"data_set_V":-52.882217,"data_set_W":-134.58128},{"data_set_T":26.700001,"data_set_V":-52.85659,"data_set_W":-134.21848},{"data_set_T":26.799999,"data_set_V":-52.831059,"data_set_W":-133.85277},{"data_set_T":26.9,"data_set_V":-52.805614,"data_set_W":-133.48416},{"data_set_T":27.0,"data_set_V":-52.780258,"data_set_W":-133.11272},{"data_set_T":27.1,"data_set_V":-52.754986,"data_set_W":-132.73845},{"data_set_T":27.200001,"data_set_V":-52.729794,"data_set_W":-132.3614},{"data_set_T":27.299999,"data_set_V":-52.704681,"data_set_W":-131.98158},{"data_set_T":27.4,"data_set_V":-52.679642,"data_set_W":-131.59903},{"data_set_T":27.5,"data_set_V":-52.654675,"data_set_W":-131.21378},{"data_set_T":27.6,"data_set_V":-52.62978,"data_set_W":-130.82582},{"data_set_T":27.700001,"data_set_V":-52.604946,"data_set_W":-130.43523},{"data_set_T":27.799999,"data_set_V":-52.580177,"data_set_W":-130.04199},{"data_set_T":27.9,"data_set_V":-52.555466,"data_set_W":-129.64615},{"data_set_T":28.0,"data_set_V":-52.530811,"data_set_W":-129.24773},{"data_set_T":28.1,"data_set_V":-52.506203,"data_set_W":-128.84673},{"data_set_T":28.200001,"data_set_V":-52.481644,"data_set_W":-128.44319},{"data_set_T":28.299999,"data_set_V":-52.457127,"data_set_W":-128.03714},{"data_set_T":28.4,"data_set_V":-52.432652,"data_set_W":-127.62859},{"data_set_T":28.5,"data_set_V":-52.408207,"data_set_W":-127.21754},{"data_set_T":28.6,"data_set_V":-52.383789,"data_set_W":-126.80404},{"data_set_T":28.700001,"data_set_V":-52.359398,"data_set_W":-126.38808},{"data_set_T":28.799999,"data_set_V":-52.335026,"data_set_W":-125.9697},{"data_set_T":28.9,"data_set_V":-52.310669,"data_set_W":-125.54889},{"data_set_T":29.0,"data_set_V":-52.286324,"data_set_W":-125.12569},{"data_set_T":29.1,"data_set_V":-52.261978,"data_set_W":-124.70009},{"data_set_T":29.200001,"data_set_V":-52.237629,"data_set_W":-124.27211},{"data_set_T":29.299999,"data_set_V":-52.213272,"data_set_W":-123.84177},{"data_set_T":29.4,"data_set_V":-52.1889,"data_set_W":-123.40906},{"data_set_T":29.5,"data_set_V":-52.164509,"data_set_W":-122.97401},{"data_set_T":29.6,"data_set_V":-52.140083,"data_set_W":-122.53661},{"data_set_T":29.700001,"data_set_V":-52.115627,"data_set_W":-122.09688},{"data_set_T":29.799999,"data_set_V":-52.091125,"data_set_W":-121.65481},{"data_set_T":29.9,"data_set_V":-52.066574,"data_set_W":-121.21041},{"data_set_T":30.0,"data_set_V":-52.041965,"data_set_W":-120.76369},{"data_set_T":30.1,"data_set_V":-52.017284,"data_set_W":-120.31463},{"data_set_T":30.200001,"data_set_V":-51.992527,"data_set_W":-119.86324},{"data_set_T":30.299999,"data_set_V":-51.967686,"data_set_W":-119.40953},{"data_set_T":30.4,"data_set_V":-51.942749,"data_set_W":-118.95348},{"data_set_T":30.5,"data_set_V":-51.917702,"data_set_W":-118.49507},{"data_set_T":30.6,"data_set_V":-51.89254,"data_set_W":-118.03432},{"data_set_T":30.700001,"data_set_V":-51.867245,"data_set_W":-117.57121},{"data_set_T":30.799999,"data_set_V":-51.841808,"data_set_W":-117.10571},{"data_set_T":30.9,"data_set_V":-51.816219,"data_set_W":-116.63783},{"data_set_T":31.0,"data_set_V":-51.790462,"data_set_W":-116.16753},{"data_set_T":31.1,"data_set_V":-51.764523,"data_set_W":-115.6948},{"data_set_T":31.200001,"data_set_V":-51.73838,"data_set_W":-115.21963},{"data_set_T":31.299999,"data_set_V":-51.712029,"data_set_W":-114.74198},{"data_set_T":31.4,"data_set_V":-51.68544,"data_set_W":-114.26183},{"data_set_T":31.5,"data_set_V":-51.658604,"data_set_W":-113.77914},{"data_set_T":31.6,"data_set_V":-51.631496,"data_set_W":-113.29388},{"data_set_T":31.700001,"data_set_V":-51.604099,"data_set_W":-112.80601},{"data_set_T":31.799999,"data_set_V":-51.576385,"data_set_W":-112.3155},{"data_set_T":31.9,"data_set_V":-51.548332,"data_set_W":-111.82229},{"data_set_T":32.0,"data_set_V":-51.519917,"data_set_W":-111.32634},{"data_set_T":32.099998,"data_set_V":-51.491108,"data_set_W":-110.82759},{"data_set_T":32.200001,"data_set_V":-51.461872,"data_set_W":-110.32598},{"data_set_T":32.299999,"data_set_V":-51.432186,"data_set_W":-109.82146},{"data_set_T":32.400002,"data_set_V":-51.402004,"data_set_W":-109.31393},{"data_set_T":32.5,"data_set_V":-51.371292,"data_set_W":-108.80334},{"data_set_T":32.599998,"data_set_V":-51.340012,"data_set_W":-108.2896},{"data_set_T":32.700001,"data_set_V":-51.308109,"data_set_W":-107.77261},{"data_set_T":32.799999,"data_set_V":-51.275539,"data_set_W":-107.25229},{"data_set_T":32.900002,"data_set_V":-51.242245,"data_set_W":-106.72851},{"data_set_T":33.0,"data_set_V":-51.208164,"data_set_W":-106.20116},{"data_set_T":33.099998,"data_set_V":-51.173233,"data_set_W":-105.67011},{"data_set_T":33.200001,"data_set_V":-51.137375,"data_set_W":-105.13523},{"data_set_T":33.299999,"data_set_V":-51.100506,"data_set_W":-104.59636},{"data_set_T":33.400002,"data_set_V":-51.062531,"data_set_W":-104.05332},{"data_set_T":33.5,"data_set_V":-51.02335,"data_set_W":-103.50594},{"data_set_T":33.599998,"data_set_V":-50.982841,"data_set_W":-102.95402},{"data_set_T":33.700001,"data_set_V":-50.940876,"data_set_W":-102.39732},{"data_set_T":33.799999,"data_set_V":-50.897293,"data_set_W":-101.83559},{"data_set_T":33.900002,"data_set_V":-50.851925,"data_set_W":-101.26856},{"data_set_T":34.0,"data_set_V":-50.804565,"data_set_W":-100.69593},{"data_set_T":34.099998,"data_set_V":-50.754982,"data_set_W":-100.11734},{"data_set_T":34.200001,"data_set_V":-50.702896,"data_set_W":-99.53241},{"data_set_T":34.299999,"data_set_V":-50.647984,"data_set_W":-98.940704},{"data_set_T":34.400002,"data_set_V":-50.589851,"data_set_W":-98.341713},{"data_set_T":34.5,"data_set_V":-50.52803,"data_set_W":-97.734879},{"data_set_T":34.599998,"data_set_V":-50.461948,"data_set_W":-97.11953},{"data_set_T":34.700001,"data_set_V":-50.390888,"data_set_W":-96.494911},{"data_set_T":34.799999,"data_set_V":-50.313953,"data_set_W":-95.860123},{"data_set_T":34.900002,"data_set_V":-50.229988,"data_set_W":-95.214104},{"data_set_T":35.0,"data_set_V":-50.137478,"data_set_W":-94.55555},{"data_set_T":35.099998,"data_set_V":-50.034374,"data_set_W":-93.882889},{"data_set_T":35.200001,"data_set_V":-49.917831,"data_set_W":-93.194145},{"data_set_T":35.299999,"data_set_V":-49.783718,"data_set_W":-92.486786},{"data_set_T":35.400002,"data_set_V":-49.625729,"data_set_W":-91.757446},{"data_set_T":35.5,"data_set_V":-49.433563,"data_set_W":-91.001488},{"data_set_T":35.599998,"data_set_V":-49.188744,"data_set_W":-90.21212},{"data_set_T":35.700001,"data_set_V":-48.853138,"data_set_W":-89.378532},{"data_set_T":35.799999,"data_set_V":-48.327702,"data_set_W":-88.481125},{"data_set_T":35.900002,"data_set_V":-47.201492,"data_set_W":-87.474571},{"data_set_T":36.0,"data_set_V":-34.882999,"data_set_W":-86.160332},{"data_set_T":36.099998,"data_set_V":-60.487038,"data_set_W":351.60208},{"data_set_T":36.200001,"data_set_V":-60.622387,"data_set_W":348.23578},{"data_set_T":36.299999,"data_set_V":-60.756058,"data_set_W":344.86115},{"data_set_T":36.400002,"data_set_V":-60.888042,"data_set_W":341.47852},{"data_set_T":36.5,"data_set_V":-61.018353,"data_set_W":338.08826},{"data_set_T":36.599998,"data_set_V":-61.146984,"data_set_W":334.69067},{"data_set_T":36.700001,"data_set_V":-61.273945,"data_set_W":331.28613},{"data_set_T":36.799999,"data_set_V":-61.399235,"data_set_W":327.87497},{"data_set_T":36.900002,"data_set_V":-61.522854,"data_set_W":324.45749},{"data_set_T":37.0,"data_set_V":-61.64481,"data_set_W":321.03409},{"data_set_T":37.099998,"data_set_V":-61.765102,"data_set_W":317.60504},{"data_set_T":37.200001,"data_set_V":-61.883736,"data_set_W":314.17068},{"data_set_T":37.299999,"data_set_V":-62.000713,"data_set_W":310.73138},{"data_set_T":37.400002,"data_set_V":-62.116039,"data_set_W":307.28741},{"data_set_T":37.5,"data_set_V":-62.229717,"data_set_W":303.83914},{"data_set_T":37.599998,"data_set_V":-62.341751,"data_set_W":300.38684},{"data_set_T":37.700001,"data_set_V":-62.452145,"data_set_W":296.93088},{"data_set_T":37.799999,"data_set_V":-62.560898,"data_set_W":293.47153},{"data_set_T":37.900002,"data_set_V":-62.668018,"data_set_W":290.00912},{"data_set_T":38.0,"data_set_V":-62.77351,"data_set_W":286.54401},{"data_set_T":38.099998,"data_set_V":-62.877373,"data_set_W":283.07642},{"data_set_T":38.200001,"data_set_V":-62.979618,"data_set_W":279.60672},{"data_set_T":38.299999,"data_set_V":-63.080246,"data_set_W":276.13519},{"data_set_T":38.400002,"data_set_V":-63.179264,"data_set_W":272.66214},{"data_set_T":38.5,"data_set_V":-63.276672,"data_set_W":269.1879},{"data_set_T":38.599998,"data_set_V":-63.372475,"data_set_W":265.71271},{"data_set_T":38.700001,"data_set_V":-63.466682,"data_set_W":262.23688},{"data_set_T":38.799999,"data_set_V":-63.559296,"data_set_W":258.76074},{"data_set_T":38.900002,"data_set_V":-63.650322,"data_set_W":255.28456},{"data_set_T":39.0,"data_set_V":-63.739761,"data_set_W":251.80862},{"data_set_T":39.099998,"data_set_V":-63.827625,"data_set_W":248.33322},{"data_set_T":39.200001,"data_set_V":-63.913914,"data_set_W":244.85863},{"data_set_T":39.299999,"data_set_V":-63.998638,"data_set_W":241.38513},{"data_set_T":39.400002,"data_set_V":-64.081795,"data_set_W":237.91302},{"data_set_T":39.5,"data_set_V":-64.163399,"data_set_W":234.44258},{"data_set_T":39.599998,"data_set_V":-64.243454,"data_set_W":230.97404},{"data_set_T":39.700001,"data_set_V":-64.321953,"data_set_W":227.50774},{"data_set_T":39.799999,"data_set_V":-64.398918,"data_set_W":224.04388},{"data_set_T":39.900002,"data_set_V":-64.47435,"data_set_W":220.58278},{"data_set_T":40.0,"data_set_V":-64.548256,"data_set_W":217.12469},{"data_set_T":40.099998,"data_set_V":-64.620636,"data_set_W":213.66986},{"data_set_T":40.200001,"data_set_V":-64.691498,"data_set_W":210.21857},{"data_set_T":40.299999,"data_set_V":-64.760849,"data_set_W":206.77107},{"data_set_T":40.400002,"data_set_V":-64.828697,"data_set_W":203.32761},{"data_set_T":40.5,"data_set_V":-64.89505,"data_set_W":199.88844},{"data_set_T":40.599998,"data_set_V":-64.959915,"data_set_W":196.45384},{"data_set_T":40.700001,"data_set_V":-65.023285,"data_set_W":193.02403},{"data_set_T":40.799999,"data_set_V":-65.085182,"data_set_W":189.59926},{"data_set_T":40.900002,"data_set_V":-65.145615,"data_set_W":186.17979},{"data_set_T":41.0,"data_set_V":-65.204575,"data_set_W":182.76585},{"data_set_T":41.099998,"data_set_V":-65.26207,"data_set_W":179.35768},{"data_set_T":41.200001,"data_set_V":-65.318123,"data_set_W":175.95552},{"data_set_T":41.299999,"data_set_V":-65.372726,"data_set_W":172.5596},{"data_set_T":41.400002,"data_set_V":-65.425896,"data_set_W":169.17017},{"data_set_T":41.5,"data_set_V":-65.477631,"data_set_W":165.78743},{"data_set_T":41.599998,"data_set_V":-65.527939,"data_set_W":162.41162},{"data_set_T":41.700001,"data_set_V":-65.576836,"data_set_W":159.04298},{"data_set_T":41.799999,"data_set_V":-65.624321,"data_set_W":155.68172},{"data_set_T":41.900002,"data_set_V":-65.670403,"data_set_W":152.32806},{"data_set_T":42.0,"data_set_V":-65.715096,"data_set_W":148.98222},{"data_set_T":42.099998,"data_set_V":-65.758392,"data_set_W":145.64441},{"data_set_T":42.200001,"data_set_V":-65.800308,"data_set_W":142.31487},{"data_set_T":42.299999,"data_set_V":-65.840858,"data_set_W":138.99377},{"data_set_T":42.400002,"data_set_V":-65.880043,"data_set_W":135.68134},{"data_set_T":42.5,"data_set_V":-65.917862,"data_set_W":132.37779},{"data_set_T":42.599998,"data_set_V":-65.954338,"data_set_W":129.08331},{"data_set_T":42.700001,"data_set_V":-65.989464,"data_set_W":125.79813},{"data_set_T":42.799999,"data_set_V":-66.023262,"data_set_W":122.52242},{"data_set_T":42.900002,"data_set_V":-66.055725,"data_set_W":119.25638},{"data_set_T":43.0,"data_set_V":-66.086876,"data_set_W":116.00021},{"data_set_T":43.099998,"data_set_V":-66.116714,"data_set_W":112.7541},{"data_set_T":43.200001,"data_set_V":-66.145248,"data_set_W":109.51825},{"data_set_T":43.299999,"data_set_V":-66.172485,"data_set_W":106.29284},{"data_set_T":43.400002,"data_set_V":-66.198441,"data_set_W":103.07805},{"data_set_T":43.5,"data_set_V":-66.223106,"data_set_W":99.874069},{"data_set_T":43.599998,"data_set_V":-66.246506,"data_set_W":96.681076},{"data_set_T":43.700001,"data_set_V":-66.268646,"data_set_W":93.499245},{"data_set_T":43.799999,"data_set_V":-66.289528,"data_set_W":90.328758},{"data_set_T":43.900002,"data_set_V":-66.309158,"data_set_W":87.169785},{"data_set_T":44.0,"data_set_V":-66.327553,"data_set_W":84.022499},{"data_set_T":44.099998,"data_set_V":-66.344719,"data_set_W":80.887062},{"data_set_T":44.200001,"data_set_V":-66.360664,"data_set_W":77.763649},{"data_set_T":44.299999,"data_set_V":-66.375389,"data_set_W":74.652412},{"data_set_T":44.400002,"data_set_V":-66.388916,"data_set_W":71.553528},{"data_set_T":44.5,"data_set_V":-66.401245,"data_set_W":68.467148},{"data_set_T":44.599998,"data_set_V":-66.412384,"data_set_W":65.393433},{"data_set_T":44.700001,"data_set_V":-66.42234,"data_set_W":62.332527},{"data_set_T":44.799999,"data_set_V":-66.431129,"data_set_W":59.284595},{"data_set_T":44.900002,"data_set_V":-66.438751,"data_set_W":56.249783},{"data_set_T":45.0,"data_set_V":-66.445221,"data_set_W":53.228237},{"data_set_T":45.099998,"data_set_V":-66.450546,"data_set_W":50.220104},{"data_set_T":45.200001,"data_set_V":-66.454727,"data_set_W":47.225529},{"data_set_T":45.299999,"data_set_V":-66.457787,"data_set_W":44.244648},{"data_set_T":45.400002,"data_set_V":-66.459724,"data_set_W":41.277607},{"data_set_T":45.5,"data_set_V":-66.460556,"data_set_W":38.324539},{"data_set_T":45.599998,"data_set_V":-66.460281,"data_set_W":35.385578},{"data_set_T":45.700001,"data_set_V":-66.458916,"data_set_W":32.460854},{"data_set_T":45.799999,"data_set_V":-66.456459,"data_set_W":29.550503},{"data_set_T":45.900002,"data_set_V":-66.452927,"data_set_W":26.654648},{"data_set_T":46.0,"data_set_V":-66.448334,"data_set_W":23.773415},{"data_set_T":46.099998,"data_set_V":-66.44268,"data_set_W":20.906929},{"data_set_T":46.200001,"data_set_V":-66.435974,"data_set_W":18.055309},{"data_set_T":46.299999,"data_set_V":-66.42823,"data_set_W":15.218676},{"data_set_T":46.400002,"data_set_V":-66.419456,"data_set_W":12.397145},{"data_set_T":46.5,"data_set_V":-66.409653,"data_set_W":9.5908318},{"data_set_T":46.599998,"data_set_V":-66.398842,"data_set_W":6.7998471},{"data_set_T":46.700001,"data_set_V":-66.387024,"data_set_W":4.024303},{"data_set_T":46.799999,"data_set_V":-66.374207,"data_set_W":1.2643063},{"data_set_T":46.900002,"data_set_V":-66.360405,"data_set_W":-1.4800367},{"data_set_T":47.0,"data_set_V":-66.345627,"data_set_W":-4.2086225},{"data_set_T":47.099998,"data_set_V":-66.32988,"data_set_W":-6.921349},{"data_set_T":47.200001,"data_set_V":-66.313171,"data_set_W":-9.6181173},{"data_set_T":47.299999,"data_set_V":-66.295509,"data_set_W":-12.29883},{"data_set_T":47.400002,"data_set_V":-66.276909,"data_set_W":-14.96339},{"data_set_T":47.5,"data_set_V":-66.25737,"data_set_W":-17.611708},{"data_set_T":47.599998,"data_set_V":-66.236916,"data_set_W":-20.243689},{"data_set_T":47.700001,"data_set_V":-66.215538,"data_set_W":-22.859245},{"data_set_T":47.799999,"data_set_V":-66.193253,"data_set_W":-25.458292},{"data_set_T":47.900002,"data_set_V":-66.170074,"data_set_W":-28.040741},{"data_set_T":48.0,"data_set_V":-66.146011,"data_set_W":-30.60651},{"data_set_T":48.099998,"data_set_V":-66.121063,"data_set_W":-33.155521},{"data_set_T":48.200001,"data_set_V":-66.095253,"data_set_W":-35.687691},{"data_set_T":48.299999,"data_set_V":-66.068573,"data_set_W":-38.202946},{"data_set_T":48.400002,"data_set_V":-66.041046,"data_set_W":-40.701214},{"data_set_T":48.5,"data_set_V":-66.012672,"data_set_W":-43.182415},{"data_set_T":48.599998,"data_set_V":-65.983467,"data_set_W":-45.646484},{"data_set_T":48.700001,"data_set_V":-65.953438,"data_set_W":-48.093349},{"data_set_T":48.799999,"data_set_V":-65.922592,"data_set_W":-50.522945},{"data_set_T":48.900002,"data_set_V":-65.890938,"data_set_W":-52.935207},{"data_set_T":49.0,"data_set_V":-65.85849,"data_set_W":-55.330074},{"data_set_T":49.099998,"data_set_V":-65.825249,"data_set_W":-57.707481},{"data_set_T":49.200001,"data_set_V":-65.791229,"data_set_W":-60.067371},{"data_set_T":49.299999,"data_set_V":-65.756439,"data_set_W":-62.409687},{"data_set_T":49.400002,"data_set_V":-65.720894,"data_set_W":-64.734375},{"data_set_T":49.5,"data_set_V":-65.684586,"data_set_W":-67.041382},{"data_set_T":49.599998,"data_set_V":-65.647537,"data_set_W":-69.33065},{"data_set_T":49.700001,"data_set_V":-65.609756,"data_set_W":-71.602135},{"data_set_T":49.799999,"data_set_V":-65.571243,"data_set_W":-73.855789},{"data_set_T":49.900002,"data_set_V":-65.532021,"data_set_W":-76.091568},{"data_set_T":50.0,"data_set_V":-65.492088,"data_set_W":-78.309433},{"data_set_T":50.099998,"data_set_V":-65.451454,"data_set_W":-80.509323},{"data_set_T":50.200001,"data_set_V":-65.410126,"data_set_W":-82.691216},{"data_set_T":50.299999,"data_set_V":-65.368126,"data_set_W":-84.855064},{"data_set_T":50.400002,"data_set_V":-65.325447,"data_set_W":-87.000839},{"data_set_T":50.5,"data_set_V":-65.282104,"data_set_W":-89.128494},{"data_set_T":50.599998,"data_set_V":-65.238113,"data_set_W":-91.238007},{"data_set_T":50.700001,"data_set_V":-65.193466,"data_set_W":-93.329346},{"data_set_T":50.799999,"data_set_V":-65.148193,"data_set_W":-95.402473},{"data_set_T":50.900002,"data_set_V":-65.102287,"data_set_W":-97.457367},{"data_set_T":51.0,"data_set_V":-65.055756,"data_set_W":-99.493996},{"data_set_T":51.099998,"data_set_V":-65.008621,"data_set_W":-101.51234},{"data_set_T":51.200001,"data_set_V":-64.960884,"data_set_W":-103.51238},{"data_set_T":51.299999,"data_set_V":-64.912552,"data_set_W":-105.49409},{"data_set_T":51.400002,"data_set_V":-64.863632,"data_set_W":-107.45745},{"data_set_T":51.5,"data_set_V":-64.81414,"data_set_W":-109.40244},{"data_set_T":51.599998,"data_set_V":-64.764084,"data_set_W":-111.32906},{"data_set_T":51.700001,"data_set_V":-64.713463,"data_set_W":-113.23727},{"data_set_T":51.799999,"data_set_V":-64.662292,"data_set_W":-115.12708},{"data_set_T":51.900002,"data_set_V":-64.610588,"data_set_W":-116.99847},{"data_set_T":52.0,"data_set_V":-64.558342,"data_set_W":-118.85142},{"data_set_T":52.099998,"data_set_V":-64.505577,"data_set_W":-120.68594},{"data_set_T":52.200001,"data_set_V":-64.452293,"data_set_W":-122.50202},{"data_set_T":52.299999,"data_set_V":-64.398506,"data_set_W":-124.29964},{"data_set_T":52.400002,"data_set_V":-64.344223,"data_set_W":-126.07883},{"data_set_T":52.5,"data_set_V":-64.289444,"data_set_W":-127.83955},{"data_set_T":52.599998,"data_set_V":-64.234184,"data_set_W":-129.58182},{"data_set_T":52.700001,"data_set_V":-64.178452,"data_set_W":-131.30565},{"data_set_T":52.799999,"data_set_V":-64.122253,"data_set_W":-133.01102},{"data_set_T":52.900002,"data_set_V":-64.065598,"data_set_W":-134.69795},{"data_set_T":53.0,"data_set_V":-64.008492,"data_set_W":-136.36644},{"data_set_T":53.099998,"data_set_V":-63.950951,"data_set_W":-138.01651},{"data_set_T":53.200001,"data_set_V":-63.892979,"data_set_W":-139.64816},{"data_set_T":53.299999,"data_set_V":-63.834579,"data_set_W":-141.26138},{"data_set_T":53.400002,"data_set_V":-63.775764,"data_set_W":-142.85623},{"data_set_T":53.5,"data_set_V":-63.716545,"data_set_W":-144.43268},{"data_set_T":53.599998,"data_set_V":-63.656925,"data_set_W":-145.99075},{"data_set_T":53.700001,"data_set_V":-63.596916,"data_set_W":-147.53049},{"data_set_T":53.799999,"data_set_V":-63.536522,"data_set_W":-149.05188},{"data_set_T":53.900002,"data_set_V":-63.475754,"data_set_W":-150.55495},{"data_set_T":54.0,"data_set_V":-63.414619,"data_set_W":-152.03973},{"data_set_T":54.099998,"data_set_V":-63.353123,"data_set_W":-153.50623},{"data_set_T":54.200001,"data_set_V":-63.291279,"data_set_W":-154.95448},{"data_set_T":54.299999,"data_set_V":-63.229092,"data_set_W":-156.38451},{"data_set_T":54.400002,"data_set_V":-63.166569,"data_set_W":-157.79633},{"data_set_T":54.5,"data_set_V":-63.103718,"data_set_W":-159.18997},{"data_set_T":54.599998,"data_set_V":-63.04055,"data_set_W":-160.56548},{"data_set_T":54.700001,"data_set_V":-62.97707,"data_set_W":-161.92285},{"data_set_T":54.799999,"data_set_V":-62.913284,"data_set_W":-163.26215},{"data_set_T":54.900002,"data_set_V":-62.849201,"data_set_W":-164.58339},{"data_set_T":55.0,"data_set_V":-62.784832,"data_set_W":-165.88661},{"data_set_T":55.099998,"data_set_V":-62.720181,"data_set_W":-167.17184},{"data_set_T":55.200001,"data_set_V":-62.655258,"data_set_W":-168.43913},{"data_set_T":55.299999,"data_set_V":-62.590069,"data_set_W":-169.68851},{"data_set_T":55.400002,"data_set_V":-62.52462,"data_set_W":-170.92},{"data_set_T":55.5,"data_set_V":-62.45892,"data_set_W":-172.13365},{"data_set_T":55.599998,"data_set_V":-62.392979,"data_set_W":-173.32951},{"data_set_T":55.700001,"data_set_V":-62.326797,"data_set_W":-174.50763},{"data_set_T":55.799999,"data_set_V":-62.260391,"data_set_W":-175.66803},{"data_set_T":55.900002,"data_set_V":-62.193764,"data_set_W":-176.81076},{"data_set_T":56.0,"data_set_V":-62.126923,"data_set_W":-177.93588},{"data_set_T":56.099998,"data_set_V":-62.059872,"data_set_W":-179.04341},{"data_set_T":56.200001,"data_set_V":-61.992622,"data_set_W":-180.13342},{"data_set_T":56.299999,"data_set_V":-61.925182,"data_set_W":-181.20595},{"data_set_T":56.400002,"data_set_V":-61.857555,"data_set_W":-182.26105},{"data_set_T":56.5,"data_set_V":-61.789753,"data_set_W":-183.29877},{"data_set_T":56.599998,"data_set_V":-61.721775,"data_set_W":-184.31915},{"data_set_T":56.700001,"data_set_V":-61.653637,"data_set_W":-185.32228},{"data_set_T":56.799999,"data_set_V":-61.585339,"data_set_W":-186.30817},{"data_set_T":56.900002,"data_set_V":-61.516891,"data_set_W":-187.27689},{"data_set_T":57.0,"data_set_V":-61.448299,"data_set_W":-188.2285},{"data_set_T":57.099998,"data_set_V":-61.379574,"data_set_W":-189.16306},{"data_set_T":57.200001,"data_set_V":-61.310715,"data_set_W":-190.08063},{"data_set_T":57.299999,"data_set_V":-61.241734,"data_set_W":-190.98125},{"data_set_T":57.400002,"data_set_V":-61.172638,"data_set_W":-191.86499},{"data_set_T":57.5,"data_set_V":-61.103432,"data_set_W":-192.7319},{"data_set_T":57.599998,"data_set_V":-61.034122,"data_set_W":-193.58206},{"data_set_T":57.700001,"data_set_V":-60.964718,"data_set_W":-194.41553},{"data_set_T":57.799999,"data_set_V":-60.895222,"data_set_W":-195.23236},{"data_set_T":57.900002,"data_set_V":-60.825642,"data_set_W":-196.03262},{"data_set_T":58.0,"data_set_V":-60.755981,"data_set_W":-196.81639},{"data_set_T":58.099998,"data_set_V":-60.686256,"data_set_W":-197.58371},{"data_set_T":58.200001,"data_set_V":-60.616463,"data_set_W":-198.33466},{"data_set_T":58.299999,"data_set_V":-60.546612,"data_set_W":-199.06931},{"data_set_T":58.400002,"data_set_V":-60.476711,"data_set_W":-199.78772},{"data_set_T":58.5,"data_set_V":-60.406765,"data_set_W":-200.48996},{"data_set_T":58.599998,"data_set_V":-60.336777,"data_set_W":-201.1761},{"data_set_T":58.700001,"data_set_V":-60.266758,"data_set_W":-201.84621},{"data_set_T":58.799999,"data_set_V":-60.196709,"data_set_W":-202.50037},{"data_set_T":58.900002,"data_set_V":-60.12664,"data_set_W":-203.13864},{"data_set_T":59.0,"data_set_V":-60.056557,"data_set_W":-203.76111},{"data_set_T":59.099998,"data_set_V":-59.986462,"data_set_W":-204.36783},{"data_set_T":59.200001,"data_set_V":-59.916363,"data_set_W":-204.95889},{"data_set_T":59.299999,"data_set_V":-59.846268,"data_set_W":-205.53436},{"data_set_T":59.400002,"data_set_V":-59.776184,"data_set_W":-206.09433},{"data_set_T":59.5,"data_set_V":-59.706108,"data_set_W":-206.63885},{"data_set_T":59.599998,"data_set_V":-59.636055,"data_set_W":-207.16803},{"data_set_T":59.700001,"data_set_V":-59.566029,"data_set_W":-207.68192},{"data_set_T":59.799999,"data_set_V":-59.496033,"data_set_W":-208.18059},{"data_set_T":59.900002,"data_set_V":-59.426071,"data_set_W":-208.66415},{"data_set_T":60.0,"data_set_V":-59.356152,"data_set_W":-209.13266},{"data_set_T":60.099998,"data_set_V":-59.286282,"data_set_W":-209.58621},{"data_set_T":60.200001,"data_set_V":-59.216461,"data_set_W":-210.02489},{"data_set_T":60.299999,"data_set_V":-59.146702,"data_set_W":-210.44875},{"data_set_T":60.400002,"data_set_V":-59.077003,"data_set_W":-210.85789},{"data_set_T":60.5,"data_set_V":-59.007378,"data_set_W":-211.2524},{"data_set_T":60.599998,"data_set_V":-58.93782,"data_set_W":-211.63235},{"data_set_T":60.700001,"data_set_V":-58.868347,"data_set_W":-211.99783},{"data_set_T":60.799999,"data_set_V":-58.798954,"data_set_W":-212.34892},{"data_set_T":60.900002,"data_set_V":-58.729652,"data_set_W":-212.68573},{"data_set_T":61.0,"data_set_V":-58.660446,"data_set_W":-213.0083},{"data_set_T":61.099998,"data_set_V":-58.591339,"data_set_W":-213.31676},{"data_set_T":61.200001,"data_set_V":-58.522335,"data_set_W":-213.61116},{"data_set_T":61.299999,"data_set_V":-58.453438,"data_set_W":-213.8916},{"data_set_T":61.400002,"data_set_V":-58.384655,"data_set_W":-214.15817},{"data_set_T":61.5,"data_set_V":-58.315994,"data_set_W":-214.41098},{"data_set_T":61.599998,"data_set_V":-58.247456,"data_set_W":-214.65007},{"data_set_T":61.700001,"data_set_V":-58.179043,"data_set_W":-214.87556},{"data_set_T":61.799999,"data_set_V":-58.110764,"data_set_W":-215.08754},{"data_set_T":61.900002,"data_set_V":-58.042622,"data_set_W":-215.28609},{"data_set_T":62.0,"data_set_V":-57.974621,"data_set_W":-215.4713},{"data_set_T":62.099998,"data_set_V":-57.906769,"data_set_W":-215.64326},{"data_set_T":62.200001,"data_set_V":-57.839066,"data_set_W":-215.80208},{"data_set_T":62.299999,"data_set_V":-57.771515,"data_set_W":-215.94781},{"data_set_T":62.400002,"data_set_V":-57.704128,"data_set_W":-216.08058},{"data_set_T":62.5,"data_set_V":-57.636902,"data_set_W":-216.20045},{"data_set_T":62.599998,"data_set_V":-57.569843,"data_set_W":-216.30754},{"data_set_T":62.700001,"data_set_V":-57.502956,"data_set_W":-216.40193},{"data_set_T":62.799999,"data_set_V":-57.436245,"data_set_W":-216.48372},{"data_set_T":62.900002,"data_set_V":-57.369717,"data_set_W":-216.55298},{"data_set_T":63.0,"data_set_V":-57.303368,"data_set_W":-216.60983},{"data_set_T":63.099998,"data_set_V":-57.237209,"data_set_W":-216.65436},{"data_set_T":63.200001,"data_set_V":-57.171242,"data_set_W":-216.68663},{"data_set_T":63.299999,"data_set_V":-57.105469,"data_set_W":-216.70679},{"data_set_T":63.400002,"data_set_V":-57.039898,"data_set_W":-216.71487},{"data_set_T":63.5,"data_set_V":-56.974529,"data_set_W":-216.71103},{"data_set_T":63.599998,"data_set_V":-56.909363,"data_set_W":-216.69531},{"data_set_T":63.700001,"data_set_V":-56.84441,"data_set_W":-216.66785},{"data_set_T":63.799999,"data_set_V":-56.779671,"data_set_W":-216.62871},{"data_set_T":63.900002,"data_set_V":-56.715149,"data_set_W":-216.57799},{"data_set_T":64.0,"data_set_V":-56.650845,"data_set_W":-216.51581},{"data_set_T":64.099998,"data_set_V":-56.586769,"data_set_W":-216.44223},{"data_set_T":64.199997,"data_set_V":-56.522915,"data_set_W":-216.35738},{"data_set_T":64.300003,"data_set_V":-56.459293,"data_set_W":-216.26132},{"data_set_T":64.400002,"data_set_V":-56.395908,"data_set_W":-216.15417},{"data_set_T":64.5,"data_set_V":-56.332756,"data_set_W":-216.03604},{"data_set_T":64.599998,"data_set_V":-56.269844,"data_set_W":-215.907},{"data_set_T":64.699997,"data_set_V":-56.207172,"data_set_W":-215.76715},{"data_set_T":64.800003,"data_set_V":-56.144749,"data_set_W":-215.61659},{"data_set_T":64.900002,"data_set_V":-56.082573,"data_set_W":-215.45541},{"data_set_T":65.0,"data_set_V":-56.020645,"data_set_W":-215.28372},{"data_set_T":65.099998,"data_set_V":-55.958973,"data_set_W":-215.10161},{"data_set_T":65.199997,"data_set_V":-55.897556,"data_set_W":-214.90916},{"data_set_T":65.300003,"data_set_V":-55.836399,"data_set_W":-214.7065},{"data_set_T":65.400002,"data_set_V":-55.775501,"data_set_W":-214.4937},{"data_set_T":65.5,"data_set_V":-55.714867,"data_set_W":-214.27086},{"data_set_T":65.599998,"data_set_V":-55.654499,"data_set_W":-214.03809},{"data_set_T":65.699997,"data_set_V":-55.594398,"data_set_W":-213.79547},{"data_set_T":65.800003,"data_set_V":-55.534565,"data_set_W":-213.54311},{"data_set_T":65.900002,"data_set_V":-55.475006,"data_set_W":-213.28108},{"data_set_T":66.0,"data_set_V":-55.415718,"data_set_W":-213.00951},{"data_set_T":66.099998,"data_set_V":-55.356709,"data_set_W":-212.72847},{"data_set_T":66.199997,"data_set_V":-55.297974,"data_set_W":-212.43808},{"data_set_T":66.300003,"data_set_V":-55.239517,"data_set_W":-212.13841},{"data_set_T":66.400002,"data_set_V":-55.181343,"data_set_W":-211.82956},{"data_set_T":66.5,"data_set_V":-55.123447,"data_set_W":-211.51164},{"data_set_T":66.599998,"data_set_V":-55.065838,"data_set_W":-211.18474},{"data_set_T":66.699997,"data_set_V":-55.008511,"data_set_W":-210.84895},{"data_set_T":66.800003,"data_set_V":-54.951469,"data_set_W":-210.50436},{"data_set_T":66.900002,"data_set_V":-54.894714,"data_set_W":-210.15108},{"data_set_T":67.0,"data_set_V":-54.838245,"data_set_W":-209.78918},{"data_set_T":67.099998,"data_set_V":-54.782063,"data_set_W":-209.41878},{"data_set_T":67.199997,"data_set_V":-54.72617,"data_set_W":-209.03995},{"data_set_T":67.300003,"data_set_V":-54.670567,"data_set_W":-208.6528},{"data_set_T":67.400002,"data_set_V":-54.61525,"data_set_W":-208.25742},{"data_set_T":67.5,"data_set_V":-54.560223,"data_set_W":-207.85388},{"data_set_T":67.599998,"data_set_V":-54.505486,"data_set_W":-207.44231},{"data_set_T":67.699997,"data_set_V":-54.451038,"data_set_W":-207.02278},{"data_set_T":67.800003,"data_set_V":-54.396881,"data_set_W":-206.59537},{"data_set_T":67.900002,"data_set_V":-54.34301,"data_set_W":-206.16019},{"data_set_T":68.0,"data_set_V":-54.289429,"data_set_W":-205.71732},{"data_set_T":68.099998,"data_set_V":-54.236134,"data_set_W":-205.26686},{"data_set_T":68.199997,"data_set_V":-54.183125,"data_set_W":-204.80888},{"data_set_T":68.300003,"data_set_V":-54.130402,"data_set_W":-204.34349},{"data_set_T":68.400002,"data_set_V":-54.077961,"data_set_W":-203.87076},{"data_set_T":68.5,"data_set_V":-54.025803,"data_set_W":-203.39078},{"data_set_T":68.599998,"data_set_V":-53.973927,"data_set_W":-202.90364},{"data_set_T":68.699997,"data_set_V":-53.922329,"data_set_W":-202.40942},{"data_set_T":68.800003,"data_set_V":-53.87101,"data_set_W":-201.90822},{"data_set_T":68.900002,"data_set_V":-53.819962,"data_set_W":-201.4001},{"data_set_T":69.0,"data_set_V":-53.769188,"data_set_W":-200.88516},{"data_set_T":69.099998,"data_set_V":-53.718681,"data_set_W":-200.36349},{"data_set_T":69.199997,"data_set_V":-53.668446,"data_set_W":-199.83516},{"data_set_T":69.300003,"data_set_V":-53.618469,"data_set_W":-199.30023},{"data_set_T":69.400002,"data_set_V":-53.568752,"data_set_W":-198.75882},{"data_set_T":69.5,"data_set_V":-53.519295,"data_set_W":-198.21098},{"data_set_T":69.599998,"data_set_V":-53.470085,"data_set_W":-197.65678},{"data_set_T":69.699997,"data_set_V":-53.421124,"data_set_W":-197.09633},{"data_set_T":69.800003,"data_set_V":-53.372402,"data_set_W":-196.52968},{"data_set_T":69.900002,"data_set_V":-53.323921,"data_set_W":-195.95691},{"data_set_T":70.0,"data_set_V":-53.275673,"data_set_W":-195.3781},{"data_set_T":70.099998,"data_set_V":-53.22765,"data_set_W":-194.7933},{"data_set_T":70.199997,"data_set_V":-53.179848,"data_set_W":-194.20259},{"data_set_T":70.300003,"data_set_V":-53.132259,"data_set_W":-193.60605},{"data_set_T":70.400002,"data_set_V":-53.084881,"data_set_W":-193.00374},{"data_set_T":70.5,"data_set_V":-53.037701,"data_set_W":-192.39571},{"data_set_T":70.599998,"data_set_V":-52.990711,"data_set_W":-191.78204},{"data_set_T":70.699997,"data_set_V":-52.943905,"data_set_W":-191.1628},{"data_set_T":70.800003,"data_set_V":-52.897274,"data_set_W":-190.53802},{"data_set_T":70.900002,"data_set_V":-52.850811,"data_set_W":-189.90779},{"data_set_T":71.0,"data_set_V":-52.804504,"data_set_W":-189.27214},{"data_set_T":71.099998,"data_set_V":-52.758343,"data_set_W":-188.63115},{"data_set_T":71.199997,"data_set_V":-52.712315,"data_set_W":-187.98485},{"data_set_T":71.300003,"data_set_V":-52.666412,"data_set_W":-187.33328},{"data_set_T":71.400002,"data_set_V":-52.620621,"data_set_W":-186.67653},{"data_set_T":71.5,"data_set_V":-52.574924,"data_set_W":-186.0146},{"data_set_T":71.599998,"data_set_V":-52.529312,"data_set_W":-185.34756},{"data_set_T":71.699997,"data_set_V":-52.483772,"data_set_W":-184.67545},{"data_set_T":71.800003,"data_set_V":-52.438282,"data_set_W":-183.99828},{"data_set_T":71.900002,"data_set_V":-52.392834,"data_set_W":-183.3161},{"data_set_T":72.0,"data_set_V":-52.347401,"data_set_W":-182.62895},{"data_set_T":72.099998,"data_set_V":-52.301968,"data_set_W":-181.93683},{"data_set_T":72.199997,"data_set_V":-52.256516,"data_set_W":-181.23979},{"data_set_T":72.300003,"data_set_V":-52.211021,"data_set_W":-180.53784},{"data_set_T":72.400002,"data_set_V":-52.165466,"data_set_W":-179.83099},{"data_set_T":72.5,"data_set_V":-52.11982,"data_set_W":-179.11926},{"data_set_T":72.599998,"data_set_V":-52.074055,"data_set_W":-178.40263},{"data_set_T":72.699997,"data_set_V":-52.028149,"data_set_W":-177.68115},{"data_set_T":72.800003,"data_set_V":-51.982067,"data_set_W":-176.95477},{"data_set_T":72.900002,"data_set_V":-51.93578,"data_set_W":-176.2235},{"data_set_T":73.0,"data_set_V":-51.889248,"data_set_W":-175.48732},{"data_set_T":73.099998,"data_set_V":-51.842438,"data_set_W":-174.74622},{"data_set_T":73.199997,"data_set_V":-51.795303,"data_set_W":-174.00015},{"data_set_T":73.300003,"data_set_V":-51.747799,"data_set_W":-173.24908},{"data_set_T":73.400002,"data_set_V":-51.699879,"data_set_W":-172.49298},{"data_set_T":73.5,"data_set_V":-51.651485,"data_set_W":-171.73178},{"data_set_T":73.599998,"data_set_V":-51.602562,"data_set_W":-170.96541},{"data_set_T":73.699997,"data_set_V":-51.553043,"data_set_W":-170.19382},{"data_set_T":73.800003,"data_set_V":-51.502857,"data_set_W":-169.4169},{"data_set_T":73.900002,"data_set_V":-51.451923,"data_set_W":-168.63457},{"data_set_T":74.0,"data_set_V":-51.400154,"data_set_W":-167.84669},{"data_set_T":74.099998,"data_set_V":-51.34745,"data_set_W":-167.05316},{"data_set_T":74.199997,"data_set_V":-51.293697,"data_set_W":-166.25381},{"data_set_T":74.300003,"data_set_V":-51.238773,"data_set_W":-165.4485},{"data_set_T":74.400002,"data_set_V":-51.182537,"data_set_W":-164.63701},{"data_set_T":74.5,"data_set_V":-51.124828,"data_set_W":-163.81912},{"data_set_T":74.599998,"data_set_V":-51.065456,"data_set_W":-162.99463},{"data_set_T":74.699997,"data_set_V":-51.004208,"data_set_W":-162.16321},{"data_set_T":74.800003,"data_set_V":-50.940834,"data_set_W":-161.32455},{"data_set_T":74.900002,"data_set_V":-50.875046,"data_set_W":-160.47832},{"data_set_T":75.0,"data_set_V":-50.806488,"data_set_W":-159.62405},{"data_set_T":75.099998,"data_set_V":-50.734749,"data_set_W":-158.76131},{"data_set_T":75.199997,"data_set_V":-50.659325,"data_set_W":-157.88951},{"data_set_T":75.300003,"data_set_V":-50.579601,"data_set_W":-157.00801},{"data_set_T":75.400002,"data_set_V":-50.494808,"data_set_W":-156.11603},{"data_set_T":75.5,"data_set_V":-50.403969,"data_set_W":-155.21265},{"data_set_T":75.599998,"data_set_V":-50.305828,"data_set_W":-154.2968},{"data_set_T":75.699997,"data_set_V":-50.198723,"data_set_W":-153.36711},{"data_set_T":75.800003,"data_set_V":-50.080387,"data_set_W":-152.42195},{"data_set_T":75.900002,"data_set_V":-49.947632,"data_set_W":-151.45921},{"data_set_T":76.0,"data_set_V":-49.795753,"data_set_W":-150.47617},{"data_set_T":76.099998,"data_set_V":-49.617447,"data_set_W":-149.46913},{"data_set_T":76.199997,"data_set_V":-49.400444,"data_set_W":-148.43295},{"data_set_T":76.300003,"data_set_V":-49.121864,"data_set_W":-147.35985},{"data_set_T":76.400002,"data_set_V":-48.731548,"data_set_W":-146.23703},{"data_set_T":76.5,"data_set_V":-48.083878,"data_set_W":-145.03978},{"data_set_T":76.599998,"data_set_V":-46.374191,"data_set_W":-143.70288},{"data_set_T":76.699997,"data_set_V":-60.404423,"data_set_W":296.84613},{"data_set_T":76.800003,"data_set_V":-60.519646,"data_set_W":293.75919},{"data_set_T":76.900002,"data_set_V":-60.633354,"data_set_W":290.66626},{"data_set_T":77.0,"data_set_V":-60.745548,"data_set_W":287.56757},{"data_set_T":77.099998,"data_set_V":-60.856236,"data_set_W":284.46347},{"data_set_T":77.199997,"data_set_V":-60.965412,"data_set_W":281.35425},{"data_set_T":77.300003,"data_set_V":-61.073086,"data_set_W":278.2402},{"data_set_T":77.400002,"data_set_V":-61.17926,"data_set_W":275.12164},{"data_set_T":77.5,"data_set_V":-61.283932,"data_set_W":271.99884},{"data_set_T":77.599998,"data_set_V":-61.387112,"data_set_W":268.8721},{"data_set_T":77.699997,"data_set_V":-61.488796,"data_set_W":265.74173},{"data_set_T":77.800003,"data_set_V":-61.588997,"data_set_W":262.60797},{"data_set_T":77.900002,"data_set_V":-61.68771,"data_set_W":259.47116},{"data_set_T":78.0,"data_set_V":-61.784939,"data_set_W":256.33157},{"data_set_T":78.099998,"data_set_V":-61.880695,"data_set_W":253.18945},{"data_set_T":78.199997,"data_set_V":-61.974972,"data_set_W":250.04512},{"data_set_T":78.300003,"data_set_V":-62.067783,"data_set_W":246.89883},{"data_set_T":78.400002,"data_set_V":-62.159126,"data_set_W":243.75089},{"data_set_T":78.5,"data_set_V":-62.249004,"data_set_W":240.60153},{"data_set_T":78.599998,"data_set_V":-62.337429,"data_set_W":237.45107},{"data_set_T":78.699997,"data_set_V":-62.424397,"data_set_W":234.29974},{"data_set_T":78.800003,"data_set_V":-62.509914,"data_set_W":231.14783},{"data_set_T":78.900002,"data_set_V":-62.59399,"data_set_W":227.99561},{"data_set_T":79.0,"data_set_V":-62.676624,"data_set_W":224.84332},{"data_set_T":79.099998,"data_set_V":-62.75782,"data_set_W":221.69124},{"data_set_T":79.199997,"data_set_V":-62.837585,"data_set_W":218.53964},{"data_set_T":79.300003,"data_set_V":-62.915924,"data_set_W":215.38876},{"data_set_T":79.400002,"data_set_V":-62.99284,"data_set_W":212.23886},{"data_set_T":79.5,"data_set_V":-63.068336,"data_set_W":209.09019},{"data_set_T":79.599998,"data_set_V":-63.142426,"data_set_W":205.94302},{"data_set_T":79.699997,"data_set_V":-63.215103,"data_set_W":202.79758},{"data_set_T":79.800003,"data_set_V":-63.286381,"data_set_W":199.65411},{"data_set_T":79.900002,"data_set_V":-63.356262,"data_set_W":196.51288},{"data_set_T":80.0,"data_set_V":-63.424751,"data_set_W":193.37413},{"data_set_T":80.099998,"data_set_V":-63.491856,"data_set_W":190.23808},{"data_set_T":80.199997,"data_set_V":-63.557575,"data_set_W":187.10498},{"data_set_T":80.300003,"data_set_V":-63.621922,"data_set_W":183.97507},{"data_set_T":80.400002,"data_set_V":-63.684898,"data_set_W":180.84859},{"data_set_T":80.5,"data_set_V":-63.74651,"data_set_W":177.72575},{"data_set_T":80.599998,"data_set_V":-63.806767,"data_set_W":174.6068},{"data_set_T":80.699997,"data_set_V":-63.865665,"data_set_W":171.49196},{"data_set_T":80.800003,"data_set_V":-63.923222,"data_set_W":168.38145},{"data_set_T":80.900002,"data_set_V":-63.979431,"data_set_W":165.27553},{"data_set_T":81.0,"data_set_V":-64.034309,"data_set_W":162.17438},{"data_set_T":81.099998,"data_set_V":-64.08786,"data_set_W":159.07822},{"data_set_T":81.199997,"data_set_V":-64.140083,"data_set_W":155.98729},{"data_set_T":81.300003,"data_set_V":-64.190994,"data_set_W":152.90179},{"data_set_T":81.400002,"data_set_V":-64.240593,"data_set_W":149.82195},{"data_set_T":81.5,"data_set_V":-64.288887,"data_set_W":146.74797},{"data_set_T":81.599998,"data_set_V":-64.335884,"data_set_W":143.68005},{"data_set_T":81.699997,"data_set_V":-64.381584,"data_set_W":140.61841},{"data_set_T":81.800003,"data_set_V":-64.42601,"data_set_W":137.56323},{"data_set_T":81.900002,"data_set_V":-64.469147,"data_set_W":134.51476},{"data_set_T":82.0,"data_set_V":-64.511017,"data_set_W":131.47316},{"data_set_T":82.099998,"data_set_V":-64.55162,"data_set_W":128.43863},{"data_set_T":82.199997,"data_set_V":-64.590958,"data_set_W":125.41138},{"data_set_T":82.300003,"data_set_V":-64.629051,"data_set_W":122.3916},{"data_set_T":82.400002,"data_set_V":-64.665901,"data_set_W":119.37948},{"data_set_T":82.5,"data_set_V":-64.701508,"data_set_W":116.37521},{"data_set_T":82.599998,"data_set_V":-64.735878,"data_set_W":113.37897},{"data_set_T":82.699997,"data_set_V":-64.769035,"data_set_W":110.39096},{"data_set_T":82.800003,"data_set_V":-64.800964,"data_set_W":107.41135},{"data_set_T":82.900002,"data_set_V":-64.831688,"data_set_W":104.44033},{"data_set_T":83.0,"data_set_V":-64.861206,"data_set_W":101.47807},{"data_set_T":83.099998,"data_set_V":-64.889526,"data_set_W":98.52475},{"data_set_T":83.199997,"data_set_V":-64.916656,"data_set_W":95.580536},{"data_set_T":83.300003,"data_set_V":-64.942604,"data_set_W":92.645615},{"data_set_T":83.400002,"data_set_V":-64.967377,"data_set_W":89.720154},{"data_set_T":83.5,"data_set_V":-64.990982,"data_set_W":86.804314},{"data_set_T":83.599998,"data_set_V":-65.013428,"data_set_W":83.898262},{"data_set_T":83.699997,"data_set_V":-65.034721,"data_set_W":81.002159},{"data_set_T":83.800003,"data_set_V":-65.054863,"data_set_W":78.11618},{"data_set_T":83.900002,"data_set_V":-65.073868,"data_set_W":75.240471},{"data_set_T":84.0,"data_set_V":-65.091743,"data_set_W":72.375191},{"data_set_T":84.099998,"data_set_V":-65.108498,"data_set_W":69.5205},{"data_set_T":84.199997,"data_set_V":-65.12413,"data_set_W":66.676552},{"data_set_T":84.300003,"data_set_V":-65.138657,"data_set_W":63.843487},{"data_set_T":84.400002,"data_set_V":-65.152084,"data_set_W":61.021465},{"data_set_T":84.5,"data_set_V":-65.164413,"data_set_W":58.210632},{"data_set_T":84.599998,"data_set_V":-65.175659,"data_set_W":55.411125},{"data_set_T":84.699997,"data_set_V":-65.185829,"data_set_W":52.623096},{"data_set_T":84.800003,"data_set_V":-65.194923,"data_set_W":49.84668},{"data_set_T":84.900002,"data_set_V":-65.202957,"data_set_W":47.082012},{"data_set_T":85.0,"data_set_V":-65.209938,"data_set_W":44.329239},{"data_set_T":85.099998,"data_set_V":-65.215866,"data_set_W":41.588482},{"data_set_T":85.199997,"data_set_V":-65.220764,"data_set_W":38.859886},{"data_set_T":85.300003,"data_set_V":-65.224625,"data_set_W":36.14357},{"data_set_T":85.400002,"data_set_V":-65.227463,"data_set_W":33.439671},{"data_set_T":85.5,"data_set_V":-65.229279,"data_set_W":30.748312},{"data_set_T":85.599998,"data_set_V":-65.230095,"data_set_W":28.069614},{"data_set_T":85.699997,"data_set_V":-65.229904,"data_set_W":25.403702},{"data_set_T":85.800003,"data_set_V":-65.228729,"data_set_W":22.750696},{"data_set_T":85.900002,"data_set_V":-65.226562,"data_set_W":20.110712},{"data_set_T":86.0,"data_set_V":-65.223427,"data_set_W":17.483868},{"data_set_T":86.099998,"data_set_V":-65.219315,"data_set_W":14.870277},{"data_set_T":86.199997,"data_set_V":-65.214249,"data_set_W":12.270052},{"data_set_T":86.300003,"data_set_V":-65.208229,"data_set_W":9.683301},{"data_set_T":86.400002,"data_set_V":-65.201263,"data_set_W":7.1101327},{"data_set_T":86.5,"data_set_V":-65.193367,"data_set_W":4.5506539},{"data_set_T":86.599998,"data_set_V":-65.18454,"data_set_W":2.0049675},{"data_set_T":86.699997,"data_set_V":-65.174789,"data_set_W":-0.52682424},{"data_set_T":86.800003,"data_set_V":-65.164124,"data_set_W":-3.044621},{"data_set_T":86.900002,"data_set_V":-65.152565,"data_set_W":-5.5483246},{"data_set_T":87.0,"data_set_V":-65.140106,"data_set_W":-8.0378399},{"data_set_T":87.099998,"data_set_V":-65.126755,"data_set_W":-10.513071},{"data_set_T":87.199997,"data_set_V":-65.112526,"data_set_W":-12.973927},{"data_set_T":87.300003,"data_set_V":-65.097435,"data_set_W":-15.420317},{"data_set_T":87.400002,"data_set_V":-65.081467,"data_set_W":-17.852152},{"data_set_T":87.5,"data_set_V":-65.064651,"data_set_W":-20.269348},{"data_set_T":87.599998,"data_set_V":-65.046989,"data_set_W":-22.671816},{"data_set_T":87.699997,"data_set_V":-65.028488,"data_set_W":-25.059477},{"data_set_T":87.800003,"data_set_V":-65.009163,"data_set_W":-27.432249},{"data_set_T":87.900002,"data_set_V":-64.989006,"data_set_W":-29.790054},{"data_set_T":88.0,"data_set_V":-64.96804,"data_set_W":-32.132812},{"data_set_T":88.099998,"data_set_V":-64.946266,"data_set_W":-34.460453},{"data_set_T":88.199997,"data_set_V":-64.923691,"data_set_W":-36.772896},{"data_set_T":88.300003,"data_set_V":-64.90033,"data_set_W":-39.070076},{"data_set_T":88.400002,"data_set_V":-64.87619,"data_set_W":-41.351921},{"data_set_T":88.5,"data_set_V":-64.851273,"data_set_W":-43.618362},{"data_set_T":88.599998,"data_set_V":-64.825592,"data_set_W":-45.869335},{"data_set_T":88.699997,"data_set_V":-64.799156,"data_set_W":-48.104771},{"data_set_T":88.800003,"data_set_V":-64.771973,"data_set_W":-50.324615},{"data_set_T":88.900002,"data_set_V":-64.744049,"data_set_W":-52.528801},{"data_set_T":89.0,"data_set_V":-64.715385,"data_set_W":-54.717274},{"data_set_T":89.099998,"data_set_V":-64.686005,"data_set_W":-56.889973},{"data_set_T":89.199997,"data_set_V":-64.655907,"data_set_W":-59.046844},{"data_set_T":89.300003,"data_set_V":-64.625107,"data_set_W":-61.187832},{"data_set_T":89.400002,"data_set_V":-64.593597,"data_set_W":-63.312889},{"data_set_T":89.5,"data_set_V":-64.561401,"data_set_W":-65.421959},{"data_set_T":89.599998,"data_set_V":-64.528526,"data_set_W":-67.515007},{"data_set_T":89.699997,"data_set_V":-64.494972,"data_set_W":-69.591965},{"data_set_T":89.800003,"data_set_V":-64.460747,"data_set_W":-71.652802},{"data_set_T":89.900002,"data_set_V":-64.425865,"data_set_W":-73.697472},{"data_set_T":90.0,"data_set_V":-64.390335,"data_set_W":-75.725937},{"data_set_T":90.099998,"data_set_V":-64.354164,"data_set_W":-77.738152},{"data_set_T":90.199997,"data_set_V":-64.31736,"data_set_W":-79.734077},{"data_set_T":90.300003,"data_set_V":-64.279922,"data_set_W":-81.713684},{"data_set_T":90.400002,"data_set_V":-64.241867,"data_set_W":-83.676933},{"data_set_T":90.5,"data_set_V":-64.203209,"data_set_W":-85.623787},{"data_set_T":90.599998,"data_set_V":-64.16394,"data_set_W":-87.554214},{"data_set_T":90.699997,"data_set_V":-64.124084,"data_set_W":-89.468193},{"data_set_T":90.800003,"data_set_V":-64.083641,"data_set_W":-91.365685},{"data_set_T":90.900002,"data_set_V":-64.042618,"data_set_W":-93.246674},{"data_set_T":91.0,"data_set_V":-64.001022,"data_set_W":-95.111122},{"data_set_T":91.099998,"data_set_V":-63.958866,"data_set_W":-96.959015},{"data_set_T":91.199997,"data_set_V":-63.916153,"data_set_W":-98.790329},{"data_set_T":91.300003,"data_set_V":-63.872898,"data_set_W":-100.60504},{"data_set_T":91.400002,"data_set_V":-63.829102,"data_set_W":-102.40313},{"data_set_T":91.5,"data_set_V":-63.784779,"data_set_W":-104.18459},{"data_set_T":91.599998,"data_set_V":-63.739929,"data_set_W":-105.94939},{"data_set_T":91.699997,"data_set_V":-63.694565,"data_set_W":-107.69752},{"data_set_T":91.800003,"data_set_V":-63.648697,"data_set_W":-109.42897},{"data_set_T":91.900002,"data_set_V":-63.602325,"data_set_W":-111.14372},{"data_set_T":92.0,"data_set_V":-63.555466,"data_set_W":-112.84178},{"data_set_T":92.099998,"data_set_V":-63.508121,"data_set_W":-114.52312},{"data_set_T":92.199997,"data_set_V":-63.4603,"data_set_W":-116.18774},{"data_set_T":92.300003,"data_set_V":-63.412014,"data_set_W":-117.83565},{"data_set_T":92.400002,"data_set_V":-63.363266,"data_set_W":-119.46682},{"data_set_T":92.5,"data_set_V":-63.314064,"data_set_W":-121.08126},{"data_set_T":92.599998,"data_set_V":-63.26442,"data_set_W":-122.67896},{"data_set_T":92.699997,"data_set_V":-63.214336,"data_set_W":-124.25994},{"data_set_T":92.800003,"data_set_V":-63.163822,"data_set_W":-125.82418},{"data_set_T":92.900002,"data_set_V":-63.112885,"data_set_W":-127.37169},{"data_set_T":93.0,"data_set_V":-63.061535,"data_set_W":-128.90248},{"data_set_T":93.099998,"data_set_V":-63.009781,"data_set_W":-130.41655},{"data_set_T":93.199997,"data_set_V":-62.957623,"data_set_W":-131.91389},{"data_set_T":93.300003,"data_set_V":-62.905075,"data_set_W":-133.39455},{"data_set_T":93.400002,"data_set_V":-62.852142,"data_set_W":-134.85851},{"data_set_T":93.5,"data_set_V":-62.798832,"data_set_W":-136.30579},{"data_set_T":93.599998,"data_set_V":-62.745152,"data_set_W":-137.73637},{"data_set_T":93.699997,"data_set_V":-62.691109,"data_set_W":-139.15031},{"data_set_T":93.800003,"data_set_V":-62.636715,"data_set_W":-140.54761},{"data_set_T":93.900002,"data_set_V":-62.58197,"data_set_W":-141.92828},{"data_set_T":94.0,"data_set_V":-62.526886,"data_set_W":-143.29233},{"data_set_T":94.099998,"data_set_V":-62.471466,"data_set_W":-144.6398},{"data_set_T":94.199997,"data_set_V":-62.415722,"data_set_W":-145.97069},{"data_set_T":94.300003,"data_set_V":-62.359661,"data_set_W":-147.28502},{"data_set_T":94.400002,"data_set_V":-62.303288,"data_set_W":-148.58282},{"data_set_T":94.5,"data_set_V":-62.246609,"data_set_W":-149.86412},{"data_set_T":94.599998,"data_set_V":-62.189632,"data_set_W":-151.12894},{"data_set_T":94.699997,"data_set_V":-62.132366,"data_set_W":-152.37729},{"data_set_T":94.800003,"data_set_V":-62.074818,"data_set_W":-153.60922},{"data_set_T":94.900002,"data_set_V":-62.016994,"data_set_W":-154.82474},{"data_set_T":95.0,"data_set_V":-61.9589,"data_set_W":-156.0239},{"data_set_T":95.099998,"data_set_V":-61.900543,"data_set_W":-157.2067},{"data_set_T":95.199997,"data_set_V":-61.841934,"data_set_W":-158.37318},{"data_set_T":95.300003,"data_set_V":-61.783073,"data_set_W":-159.52341},{"data_set_T":95.400002,"data_set_V":-61.723972,"data_set_W":-160.65738},{"data_set_T":95.5,"data_set_V":-61.664639,"data_set_W":-161.77513},{"data_set_T":95.599998,"data_set_V":-61.605076,"data_set_W":-162.87671},{"data_set_T":95.699997,"data_set_V":-61.545288,"data_set_W":-163.96216},{"data_set_T":95.800003,"data_set_V":-61.485291,"data_set_W":-165.03149},{"data_set_T":95.900002,"data_set_V":-61.425083,"data_set_W":-166.08476},{"data_set_T":96.0,"data_set_V":-61.364677,"data_set_W":-167.12202},{"data_set_T":96.099998,"data_set_V":-61.304073,"data_set_W":-168.1433},{"data_set_T":96.199997,"data_set_V":-61.243286,"data_set_W":-169.14862},{"data_set_T":96.300003,"data_set_V":-61.182312,"data_set_W":-170.13805},{"data_set_T":96.400002,"data_set_V":-61.121166,"data_set_W":-171.11163},{"data_set_T":96.5,"data_set_V":-61.059853,"data_set_W":-172.0694},{"data_set_T":96.599998,"data_set_V":-60.998375,"data_set_W":-173.01141},{"data_set_T":96.699997,"data_set_V":-60.936741,"data_set_W":-173.9377},{"data_set_T":96.800003,"data_set_V":-60.874962,"data_set_W":-174.84831},{"data_set_T":96.900002,"data_set_V":-60.813038,"data_set_W":-175.74332},{"data_set_T":97.0,"data_set_V":-60.750977,"data_set_W":-176.62276},{"data_set_T":97.099998,"data_set_V":-60.688782,"data_set_W":-177.48666},{"data_set_T":97.199997,"data_set_V":-60.626469,"data_set_W":-178.3351},{"data_set_T":97.300003,"data_set_V":-60.564034,"data_set_W":-179.16812},{"data_set_T":97.400002,"data_set_V":-60.501488,"data_set_W":-179.98578},{"data_set_T":97.5,"data_set_V":-60.438835,"data_set_W":-180.78813},{"data_set_T":97.599998,"data_set_V":-60.376083,"data_set_W":-181.57521},{"data_set_T":97.699997,"data_set_V":-60.313236,"data_set_W":-182.34711},{"data_set_T":97.800003,"data_set_V":-60.250301,"data_set_W":-183.10385},{"data_set_T":97.900002,"data_set_V":-60.187286,"data_set_W":-183.84552},{"data_set_T":98.0,"data_set_V":-60.124195,"data_set_W":-184.57214},{"data_set_T":98.099998,"data_set_V":-60.061031,"data_set_W":-185.28381},{"data_set_T":98.199997,"data_set_V":-59.997803,"data_set_W":-185.98056},{"data_set_T":98.300003,"data_set_V":-59.934517,"data_set_W":-186.66246},{"data_set_T":98.400002,"data_set_V":-59.871178,"data_set_W":-187.32957},{"data_set_T":98.5,"data_set_V":-59.807793,"data_set_W":-187.98195},{"data_set_T":98.599998,"data_set_V":-59.744366,"data_set_W":-188.61967},{"data_set_T":98.699997,"data_set_V":-59.680901,"data_set_W":-189.24278},{"data_set_T":98.800003,"data_set_V":-59.617405,"data_set_W":-189.85136},{"data_set_T":98.900002,"data_set_V":-59.553886,"data_set_W":-190.44547},{"data_set_T":99.0,"data_set_V":-59.490345,"data_set_W":-191.02516},{"data_set_T":99.099998,"data_set_V":-59.426792,"data_set_W":-191.59052},{"data_set_T":99.199997,"data_set_V":-59.363228,"data_set_W":-192.14159},{"data_set_T":99.300003,"data_set_V":-59.29966,"data_set_W":-192.67847},{"data_set_T":99.400002,"data_set_V":-59.236095,"data_set_W":-193.20119},{"data_set_T":99.5,"data_set_V":-59.172539,"data_set_W":-193.70985},{"data_set_T":99.599998,"data_set_V":-59.108994,"data_set_W":-194.20451},{"data_set_T":99.699997,"data_set_V":-59.045464,"data_set_W":-194.68523},{"data_set_T":99.800003,"data_set_V":-58.98196,"data_set_W":-195.15208},{"data_set_T":99.900002,"data_set_V":-58.91848,"data_set_W":-195.60516},{"data_set_T":100.0,"data_set_V":-58.855034,"data_set_W":-196.04451}]