[{"data_set_value_component_environment_variable_time":0.0,"data_set_value_component_MPF_n_variable_MPF_n":0.0,"data_set_value_component_preMPF_n_variable_preMPF_n":0.0,"data_set_value_component_MPF_c_variable_MPF_c":1.0,"data_set_value_component_preMPF_c_variable_preMPF_c":0.0,"data_set_value_component_IE_variable_IE":0.0,"data_set_value_component_FZY_variable_FZY":0.0,"data_set_value_component_Stg_m_variable_Stg_m":1.0,"data_set_value_component_Xm_variable_Xm":0.0,"data_set_value_component_Xp_variable_Xp":0.0,"data_set_value_component_StgP_n_variable_StgP_n":0.0,"data_set_value_component_Stg_n_variable_Stg_n":0.0,"data_set_value_component_StgP_c_variable_StgP_c":0.0,"data_set_value_component_Stg_c_variable_Stg_c":1.0,"data_set_value_component_Wee1_n_variable_Wee1_n":0.0,"data_set_value_component_Wee1_c_variable_Wee1_c":0.0,"data_set_value_component_Wee1P_n_variable_Wee1P_n":0.0,"data_set_value_component_Wee1P_c_variable_Wee1P_c":0.8000560039,"data_set_value_component_Wee1P_c_variable_Wee1_T":0.8,"data_set_value_component_N_variable_N":1.0,"data_set_value_component_CycB_T_variable_CycB_T":0.99993,"data_set_value_component_Stg_T_variable_Stg_T":0.99993,"data_set_value_component_StgP_T_variable_StgP_T":0.0,"data_set_value_component_parameters_variable_k_sc":0.01,"data_set_value_component_parameters_variable_k_dc_":0.01,"data_set_value_component_parameters_variable_k_dn_":0.01,"data_set_value_component_parameters_variable_k_dn__":1.5,"data_set_value_component_parameters_variable_k_afz":1.0,"data_set_value_component_parameters_variable_k_ifz":0.2,"data_set_value_component_parameters_variable_k_aie":1.0,"data_set_value_component_parameters_variable_k_iie":0.4,"data_set_value_component_parameters_variable_k_wee_":0.005,"data_set_value_component_parameters_variable_k_wee__":1.0,"data_set_value_component_parameters_variable_k_awee":0.3,"data_set_value_component_parameters_variable_k_iwee_":0.01,"data_set_value_component_parameters_variable_k_iwee__":1.0,"data_set_value_component_parameters_variable_k_stg_":0.2,"data_set_value_component_parameters_variable_k_stg__":2.0,"data_set_value_component_parameters_variable_k_astg_":0.0,"data_set_value_component_parameters_variable_k_astg__":1.0,"data_set_value_component_parameters_variable_k_istg":0.3,"data_set_value_component_parameters_variable_k_sstg":0.02,"data_set_value_component_parameters_variable_k_dstg":0.015,"data_set_value_component_parameters_variable_k_dm_":0.002,"data_set_value_component_parameters_variable_k_dm__":0.2,"data_set_value_component_parameters_variable_k_sxm":0.0005,"data_set_value_component_parameters_variable_k_sxp":0.001,"data_set_value_component_parameters_variable_k_ez":0.5,"data_set_value_component_parameters_variable_k_outs":0.02,"data_set_value_component_parameters_variable_k_outw":0.01,"data_set_value_component_parameters_variable_k_ins":0.08,"data_set_value_component_parameters_variable_k_inw":0.04,"data_set_value_component_parameters_variable_k_in":0.15,"data_set_value_component_parameters_variable_k_out":0.0,"data_set_value_component_parameters_variable_j_afz":0.01,"data_set_value_component_parameters_variable_j_ifz":0.01,"data_set_value_component_parameters_variable_j_aie":0.01,"data_set_value_component_parameters_variable_j_iie":0.01,"data_set_value_component_parameters_variable_j_awee":0.05,"data_set_value_component_parameters_variable_j_iwee":0.05,"data_set_value_component_parameters_variable_j_astg":0.05,"data_set_value_component_parameters_variable_j_istg":0.05,"data_set_value_component_parameters_variable_j_m":0.05,"data_set_value_component_parameters_variable_epsilon":0.00007},{"data_set_value_component_environment_variable_time":0.1,"data_set_value_component_MPF_n_variable_MPF_n":0.0149800555,"data_set_value_component_preMPF_n_variable_preMPF_n":0.0000125099,"data_set_value_component_MPF_c_variable_MPF_c":0.9986602663,"data_set_value_component_preMPF_c_variable_preMPF_c":0.0013386722,"data_set_value_component_IE_variable_IE":0.0002841991,"data_set_value_component_FZY_variable_FZY":0.0000070662,"data_set_value_component_Stg_m_variable_Stg_m":0.9998095247,"data_set_value_component_Xm_variable_Xm":0.00005,"data_set_value_component_Xp_variable_Xp":0.0000000025,"data_set_value_component_StgP_n_variable_StgP_n":0.0003403839,"data_set_value_component_Stg_n_variable_Stg_n":0.0076476267,"data_set_value_component_StgP_c_variable_StgP_c":0.08234229,"data_set_value_component_Stg_c_variable_Stg_c":0.9181565862,"data_set_value_component_Wee1_n_variable_Wee1_n":0.0007887512,"data_set_value_component_Wee1_c_variable_Wee1_c":0.0138276083,"data_set_value_component_Wee1P_n_variable_Wee1P_n":0.0024098753,"data_set_value_component_Wee1P_c_variable_Wee1P_c":0.7862281717,"data_set_value_component_Wee1P_c_variable_Wee1_T":0.8,"data_set_value_component_N_variable_N":1.0,"data_set_value_component_CycB_T_variable_CycB_T":0.9999299881,"data_set_value_component_Stg_T_variable_Stg_T":1.0004294005,"data_set_value_component_StgP_T_variable_StgP_T":0.0823365498,"data_set_value_component_parameters_variable_k_sc":0.01,"data_set_value_component_parameters_variable_k_dc_":0.01,"data_set_value_component_parameters_variable_k_dn_":0.01,"data_set_value_component_parameters_variable_k_dn__":1.5,"data_set_value_component_parameters_variable_k_afz":1.0,"data_set_value_component_parameters_variable_k_ifz":0.2,"data_set_value_component_parameters_variable_k_aie":1.0,"data_set_value_component_parameters_variable_k_iie":0.4,"data_set_value_component_parameters_variable_k_wee_":0.005,"data_set_value_component_parameters_variable_k_wee__":1.0,"data_set_value_component_parameters_variable_k_awee":0.3,"data_set_value_component_parameters_variable_k_iwee_":0.01,"data_set_value_component_parameters_variable_k_iwee__":1.0,"data_set_value_component_parameters_variable_k_stg_":0.2,"data_set_value_component_parameters_variable_k_stg__":2.0,"data_set_value_component_parameters_variable_k_astg_":0.0,"data_set_value_component_parameters_variable_k_astg__":1.0,"data_set_value_component_parameters_variable_k_istg":0.3,"data_set_value_component_parameters_variable_k_sstg":0.02,"data_set_value_component_parameters_variable_k_dstg":0.015,"data_set_value_component_parameters_variable_k_dm_":0.002,"data_set_value_component_parameters_variable_k_dm__":0.2,"data_set_value_component_parameters_variable_k_sxm":0.0005,"data_set_value_component_parameters_variable_k_sxp":0.001,"data_set_value_component_parameters_variable_k_ez":0.5,"data_set_value_component_parameters_variable_k_outs":0.02,"data_set_value_component_parameters_variable_k_outw":0.01,"data_set_value_component_parameters_variable_k_ins":0.08,"data_set_value_component_parameters_variable_k_inw":0.04,"data_set_value_component_parameters_variable_k_in":0.15,"data_set_value_component_parameters_variable_k_out":0.0,"data_set_value_component_parameters_variable_j_afz":0.01,"data_set_value_component_parameters_variable_j_ifz":0.01,"data_set_value_component_parameters_variable_j_aie":0.01,"data_set_value_component_parameters_variable_j_iie":0.01,"data_set_value_component_parameters_variable_j_awee":0.05,"data_set_value_component_parameters_variable_j_iwee":0.05,"data_set_value_component_parameters_variable_j_astg":0.05,"data_set_value_component_parameters_variable_j_istg":0.05,"data_set_value_component_parameters_variable_j_m":0.05,"data_set_value_component_parameters_variable_epsilon":0.00007},{"data_set_value_component_environment_variable_time":0.2,"data_set_value_component_MPF_n_variable_MPF_n":0.0299084092,"data_set_value_component_preMPF_n_variable_preMPF_n":0.0000622527,"data_set_value_component_MPF_c_variable_MPF_c":0.9966658192,"data_set_value_component_preMPF_c_variable_preMPF_c":0.0033320585,"data_set_value_component_IE_variable_IE":0.0006806331,"data_set_value_component_FZY_variable_FZY":0.000024182,"data_set_value_component_Stg_m_variable_Stg_m":0.9996190509,"data_set_value_component_Xm_variable_Xm":0.0001,"data_set_value_component_Xp_variable_Xp":0.00000001,"data_set_value_component_StgP_n_variable_StgP_n":0.0012655097,"data_set_value_component_Stg_n_variable_Stg_n":0.0146865816,"data_set_value_component_StgP_c_variable_StgP_c":0.1555728837,"data_set_value_component_Stg_c_variable_Stg_c":0.845423741,"data_set_value_component_Wee1_n_variable_Wee1_n":0.0025403146,"data_set_value_component_Wee1_c_variable_Wee1_c":0.0175669881,"data_set_value_component_Wee1P_n_variable_Wee1P_n":0.0038537419,"data_set_value_component_Wee1P_c_variable_Wee1P_c":0.7824885682,"data_set_value_component_Wee1P_c_variable_Wee1_T":0.8,"data_set_value_component_N_variable_N":1.0,"data_set_value_component_CycB_T_variable_CycB_T":0.9999299758,"data_set_value_component_Stg_T_variable_Stg_T":1.0009276716,"data_set_value_component_StgP_T_variable_StgP_T":0.1555620822,"data_set_value_component_parameters_variable_k_sc":0.01,"data_set_value_component_parameters_variable_k_dc_":0.01,"data_set_value_component_parameters_variable_k_dn_":0.01,"data_set_value_component_parameters_variable_k_dn__":1.5,"data_set_value_component_parameters_variable_k_afz":1.0,"data_set_value_component_parameters_variable_k_ifz":0.2,"data_set_value_component_parameters_variable_k_aie":1.0,"data_set_value_component_parameters_variable_k_iie":0.4,"data_set_value_component_parameters_variable_k_wee_":0.005,"data_set_value_component_parameters_variable_k_wee__":1.0,"data_set_value_component_parameters_variable_k_awee":0.3,"data_set_value_component_parameters_variable_k_iwee_":0.01,"data_set_value_component_parameters_variable_k_iwee__":1.0,"data_set_value_component_parameters_variable_k_stg_":0.2,"data_set_value_component_parameters_variable_k_stg__":2.0,"data_set_value_component_parameters_variable_k_astg_":0.0,"data_set_value_component_parameters_variable_k_astg__":1.0,"data_set_value_component_parameters_variable_k_istg":0.3,"data_set_value_component_parameters_variable_k_sstg":0.02,"data_set_value_component_parameters_variable_k_dstg":0.015,"data_set_value_component_parameters_variable_k_dm_":0.002,"data_set_value_component_parameters_variable_k_dm__":0.2,"data_set_value_component_parameters_variable_k_sxm":0.0005,"data_set_value_component_parameters_variable_k_sxp":0.001,"data_set_value_component_parameters_variable_k_ez":0.5,"data_set_value_component_parameters_variable_k_outs":0.02,"data_set_value_component_parameters_variable_k_outw":0.01,"data_set_value_component_parameters_variable_k_ins":0.08,"data_set_value_component_parameters_variable_k_inw":0.04,"data_set_value_component_parameters_variable_k_in":0.15,"data_set_value_component_parameters_variable_k_out":0.0,"data_set_value_component_parameters_variable_j_afz":0.01,"data_set_value_component_parameters_variable_j_ifz":0.01,"data_set_value_component_parameters_variable_j_aie":0.01,"data_set_value_component_parameters_variable_j_iie":0.01,"data_set_value_component_parameters_variable_j_awee":0.05,"data_set_value_component_parameters_variable_j_iwee":0.05,"data_set_value_component_parameters_variable_j_astg":0.05,"data_set_value_component_parameters_variable_j_istg":0.05,"data_set_value_component_parameters_variable_j_m":0.05,"data_set_value_component_parameters_variable_epsilon":0.00007},{"data_set_value_component_environment_variable_time":0.3,"data_set_value_component_MPF_n_variable_MPF_n":0.0447751007,"data_set_value_component_preMPF_n_variable_preMPF_n":0.0001599544,"data_set_value_component_MPF_c_variable_MPF_c":0.9946055964,"data_set_value_component_preMPF_c_variable_preMPF_c":0.0053912117,"data_set_value_component_IE_variable_IE":0.0011080435,"data_set_value_component_FZY_variable_FZY":0.0000444372,"data_set_value_component_Stg_m_variable_Stg_m":0.9994285788,"data_set_value_component_Xm_variable_Xm":0.00015,"data_set_value_component_Xp_variable_Xp":0.0000000225,"data_set_value_component_StgP_n_variable_StgP_n":0.0026659942,"data_set_value_component_Stg_n_variable_Stg_n":0.0212263221,"data_set_value_component_StgP_c_variable_StgP_c":0.2253386622,"data_set_value_component_Stg_c_variable_Stg_c":0.7761545854,"data_set_value_component_Wee1_n_variable_Wee1_n":0.0047066822,"data_set_value_component_Wee1_c_variable_Wee1_c":0.0188208741,"data_set_value_component_Wee1P_n_variable_Wee1P_n":0.0048796198,"data_set_value_component_Wee1P_c_variable_Wee1P_c":0.7812344588,"data_set_value_component_Wee1P_c_variable_Wee1_T":0.8,"data_set_value_component_N_variable_N":1.0,"data_set_value_component_CycB_T_variable_CycB_T":0.9999299538,"data_set_value_component_Stg_T_variable_Stg_T":1.0014248156,"data_set_value_component_StgP_T_variable_StgP_T":0.2253230751,"data_set_value_component_parameters_variable_k_sc":0.01,"data_set_value_component_parameters_variable_k_dc_":0.01,"data_set_value_component_parameters_variable_k_dn_":0.01,"data_set_value_component_parameters_variable_k_dn__":1.5,"data_set_value_component_parameters_variable_k_afz":1.0,"data_set_value_component_parameters_variable_k_ifz":0.2,"data_set_value_component_parameters_variable_k_aie":1.0,"data_set_value_component_parameters_variable_k_iie":0.4,"data_set_value_component_parameters_variable_k_wee_":0.005,"data_set_value_component_parameters_variable_k_wee__":1.0,"data_set_value_component_parameters_variable_k_awee":0.3,"data_set_value_component_parameters_variable_k_iwee_":0.01,"data_set_value_component_parameters_variable_k_iwee__":1.0,"data_set_value_component_parameters_variable_k_stg_":0.2,"data_set_value_component_parameters_variable_k_stg__":2.0,"data_set_value_component_parameters_variable_k_astg_":0.0,"data_set_value_component_parameters_variable_k_astg__":1.0,"data_set_value_component_parameters_variable_k_istg":0.3,"data_set_value_component_parameters_variable_k_sstg":0.02,"data_set_value_component_parameters_variable_k_dstg":0.015,"data_set_value_component_parameters_variable_k_dm_":0.002,"data_set_value_component_parameters_variable_k_dm__":0.2,"data_set_value_component_parameters_variable_k_sxm":0.0005,"data_set_value_component_parameters_variable_k_sxp":0.001,"data_set_value_component_parameters_variable_k_ez":0.5,"data_set_value_component_parameters_variable_k_outs":0.02,"data_set_value_component_parameters_variable_k_outw":0.01,"data_set_value_component_parameters_variable_k_ins":0.08,"data_set_value_component_parameters_variable_k_inw":0.04,"data_set_value_component_parameters_variable_k_in":0.15,"data_set_value_component_parameters_variable_k_out":0.0,"data_set_value_component_parameters_variable_j_afz":0.01,"data_set_value_component_parameters_variable_j_ifz":0.01,"data_set_value_component_parameters_variable_j_aie":0.01,"data_set_value_component_parameters_variable_j_iie":0.01,"data_set_value_component_parameters_variable_j_awee":0.05,"data_set_value_component_parameters_variable_j_iwee":0.05,"data_set_value_component_parameters_variable_j_astg":0.05,"data_set_value_component_parameters_variable_j_istg":0.05,"data_set_value_component_parameters_variable_j_m":0.05,"data_set_value_component_parameters_variable_epsilon":0.00007},{"data_set_value_component_environment_variable_time":0.4,"data_set_value_component_MPF_n_variable_MPF_n":0.0595747428,"data_set_value_component_preMPF_n_variable_preMPF_n":0.0003119142,"data_set_value_component_MPF_c_variable_MPF_c":0.9926772766,"data_set_value_component_preMPF_c_variable_preMPF_c":0.0073184903,"data_set_value_component_IE_variable_IE":0.0015678241,"data_set_value_component_FZY_variable_FZY":0.000066551,"data_set_value_component_Stg_m_variable_Stg_m":0.999238108,"data_set_value_component_Xm_variable_Xm":0.0002,"data_set_value_component_Xp_variable_Xp":0.00000004,"data_set_value_component_StgP_n_variable_StgP_n":0.004462536,"data_set_value_component_Stg_n_variable_Stg_n":0.0273462255,"data_set_value_component_StgP_c_variable_StgP_c":0.292908751,"data_set_value_component_Stg_c_variable_Stg_c":0.7090799944,"data_set_value_component_Wee1_n_variable_Wee1_n":0.0070095677,"data_set_value_component_Wee1_c_variable_Wee1_c":0.0192861005,"data_set_value_component_Wee1P_n_variable_Wee1P_n":0.0057657709,"data_set_value_component_Wee1P_c_variable_Wee1P_c":0.7807690091,"data_set_value_component_Wee1P_c_variable_Wee1_T":0.8,"data_set_value_component_N_variable_N":1.0,"data_set_value_component_CycB_T_variable_CycB_T":0.9999299593,"data_set_value_component_Stg_T_variable_Stg_T":1.0019208329,"data_set_value_component_StgP_T_variable_StgP_T":0.2928885598,"data_set_value_component_parameters_variable_k_sc":0.01,"data_set_value_component_parameters_variable_k_dc_":0.01,"data_set_value_component_parameters_variable_k_dn_":0.01,"data_set_value_component_parameters_variable_k_dn__":1.5,"data_set_value_component_parameters_variable_k_afz":1.0,"data_set_value_component_parameters_variable_k_ifz":0.2,"data_set_value_component_parameters_variable_k_aie":1.0,"data_set_value_component_parameters_variable_k_iie":0.4,"data_set_value_component_parameters_variable_k_wee_":0.005,"data_set_value_component_parameters_variable_k_wee__":1.0,"data_set_value_component_parameters_variable_k_awee":0.3,"data_set_value_component_parameters_variable_k_iwee_":0.01,"data_set_value_component_parameters_variable_k_iwee__":1.0,"data_set_value_component_parameters_variable_k_stg_":0.2,"data_set_value_component_parameters_variable_k_stg__":2.0,"data_set_value_component_parameters_variable_k_astg_":0.0,"data_set_value_component_parameters_variable_k_astg__":1.0,"data_set_value_component_parameters_variable_k_istg":0.3,"data_set_value_component_parameters_variable_k_sstg":0.02,"data_set_value_component_parameters_variable_k_dstg":0.015,"data_set_value_component_parameters_variable_k_dm_":0.002,"data_set_value_component_parameters_variable_k_dm__":0.2,"data_set_value_component_parameters_variable_k_sxm":0.0005,"data_set_value_component_parameters_variable_k_sxp":0.001,"data_set_value_component_parameters_variable_k_ez":0.5,"data_set_value_component_parameters_variable_k_outs":0.02,"data_set_value_component_parameters_variable_k_outw":0.01,"data_set_value_component_parameters_variable_k_ins":0.08,"data_set_value_component_parameters_variable_k_inw":0.04,"data_set_value_component_parameters_variable_k_in":0.15,"data_set_value_component_parameters_variable_k_out":0.0,"data_set_value_component_parameters_variable_j_afz":0.01,"data_set_value_component_parameters_variable_j_ifz":0.01,"data_set_value_component_parameters_variable_j_aie":0.01,"data_set_value_component_parameters_variable_j_iie":0.01,"data_set_value_component_parameters_variable_j_awee":0.05,"data_set_value_component_parameters_variable_j_iwee":0.05,"data_set_value_component_parameters_variable_j_astg":0.05,"data_set_value_component_parameters_variable_j_istg":0.05,"data_set_value_component_parameters_variable_j_m":0.05,"data_set_value_component_parameters_variable_epsilon":0.00007},{"data_set_value_component_environment_variable_time":0.5,"data_set_value_component_MPF_n_variable_MPF_n":0.0743043223,"data_set_value_component_preMPF_n_variable_preMPF_n":0.0005221445,"data_set_value_component_MPF_c_variable_MPF_c":0.9909648604,"data_set_value_component_preMPF_c_variable_preMPF_c":0.0090298437,"data_set_value_component_IE_variable_IE":0.0020634262,"data_set_value_component_FZY_variable_FZY":0.0000905001,"data_set_value_component_Stg_m_variable_Stg_m":0.9990476386,"data_set_value_component_Xm_variable_Xm":0.00025,"data_set_value_component_Xp_variable_Xp":0.0000000625,"data_set_value_component_StgP_n_variable_StgP_n":0.0066054289,"data_set_value_component_Stg_n_variable_Stg_n":0.0330960809,"data_set_value_component_StgP_c_variable_StgP_c":0.3587672238,"data_set_value_component_Stg_c_variable_Stg_c":0.6437158971,"data_set_value_component_Wee1_n_variable_Wee1_n":0.0093076063,"data_set_value_component_Wee1_c_variable_Wee1_c":0.0194802911,"data_set_value_component_Wee1P_n_variable_Wee1P_n":0.0066536345,"data_set_value_component_Wee1P_c_variable_Wee1P_c":0.7805745954,"data_set_value_component_Wee1P_c_variable_Wee1_T":0.8,"data_set_value_component_N_variable_N":1.0,"data_set_value_component_CycB_T_variable_CycB_T":0.9999299423,"data_set_value_component_Stg_T_variable_Stg_T":1.0024157262,"data_set_value_component_StgP_T_variable_StgP_T":0.3587425725,"data_set_value_component_parameters_variable_k_sc":0.01,"data_set_value_component_parameters_variable_k_dc_":0.01,"data_set_value_component_parameters_variable_k_dn_":0.01,"data_set_value_component_parameters_variable_k_dn__":1.5,"data_set_value_component_parameters_variable_k_afz":1.0,"data_set_value_component_parameters_variable_k_ifz":0.2,"data_set_value_component_parameters_variable_k_aie":1.0,"data_set_value_component_parameters_variable_k_iie":0.4,"data_set_value_component_parameters_variable_k_wee_":0.005,"data_set_value_component_parameters_variable_k_wee__":1.0,"data_set_value_component_parameters_variable_k_awee":0.3,"data_set_value_component_parameters_variable_k_iwee_":0.01,"data_set_value_component_parameters_variable_k_iwee__":1.0,"data_set_value_component_parameters_variable_k_stg_":0.2,"data_set_value_component_parameters_variable_k_stg__":2.0,"data_set_value_component_parameters_variable_k_astg_":0.0,"data_set_value_component_parameters_variable_k_astg__":1.0,"data_set_value_component_parameters_variable_k_istg":0.3,"data_set_value_component_parameters_variable_k_sstg":0.02,"data_set_value_component_parameters_variable_k_dstg":0.015,"data_set_value_component_parameters_variable_k_dm_":0.002,"data_set_value_component_parameters_variable_k_dm__":0.2,"data_set_value_component_parameters_variable_k_sxm":0.0005,"data_set_value_component_parameters_variable_k_sxp":0.001,"data_set_value_component_parameters_variable_k_ez":0.5,"data_set_value_component_parameters_variable_k_outs":0.02,"data_set_value_component_parameters_variable_k_outw":0.01,"data_set_value_component_parameters_variable_k_ins":0.08,"data_set_value_component_parameters_variable_k_inw":0.04,"data_set_value_component_parameters_variable_k_in":0.15,"data_set_value_component_parameters_variable_k_out":0.0,"data_set_value_component_parameters_variable_j_afz":0.01,"data_set_value_component_parameters_variable_j_ifz":0.01,"data_set_value_component_parameters_variable_j_aie":0.01,"data_set_value_component_parameters_variable_j_iie":0.01,"data_set_value_component_parameters_variable_j_awee":0.05,"data_set_value_component_parameters_variable_j_iwee":0.05,"data_set_value_component_parameters_variable_j_astg":0.05,"data_set_value_component_parameters_variable_j_istg":0.05,"data_set_value_component_parameters_variable_j_m":0.05,"data_set_value_component_parameters_variable_epsilon":0.00007},{"data_set_value_component_environment_variable_time":0.6,"data_set_value_component_MPF_n_variable_MPF_n":0.0889624727,"data_set_value_component_preMPF_n_variable_preMPF_n":0.0007930579,"data_set_value_component_MPF_c_variable_MPF_c":0.9895064735,"data_set_value_component_preMPF_c_variable_preMPF_c":0.0104871693,"data_set_value_component_IE_variable_IE":0.0025988571,"data_set_value_component_FZY_variable_FZY":0.000116469,"data_set_value_component_Stg_m_variable_Stg_m":0.9988571704,"data_set_value_component_Xm_variable_Xm":0.0003,"data_set_value_component_Xp_variable_Xp":0.00000009,"data_set_value_component_StgP_n_variable_StgP_n":0.0090680746,"data_set_value_component_Stg_n_variable_Stg_n":0.038502558,"data_set_value_component_StgP_c_variable_StgP_c":0.4231199564,"data_set_value_component_Stg_c_variable_Stg_c":0.5798564197,"data_set_value_component_Wee1_n_variable_Wee1_n":0.0115322629,"data_set_value_component_Wee1_c_variable_Wee1_c":0.0195762427,"data_set_value_component_Wee1P_n_variable_Wee1P_n":0.0076117224,"data_set_value_component_Wee1P_c_variable_Wee1P_c":0.780478421,"data_set_value_component_Wee1P_c_variable_Wee1_T":0.8,"data_set_value_component_N_variable_N":1.0,"data_set_value_component_CycB_T_variable_CycB_T":0.9999299261,"data_set_value_component_Stg_T_variable_Stg_T":1.0029094976,"data_set_value_component_StgP_T_variable_StgP_T":0.4230909727,"data_set_value_component_parameters_variable_k_sc":0.01,"data_set_value_component_parameters_variable_k_dc_":0.01,"data_set_value_component_parameters_variable_k_dn_":0.01,"data_set_value_component_parameters_variable_k_dn__":1.5,"data_set_value_component_parameters_variable_k_afz":1.0,"data_set_value_component_parameters_variable_k_ifz":0.2,"data_set_value_component_parameters_variable_k_aie":1.0,"data_set_value_component_parameters_variable_k_iie":0.4,"data_set_value_component_parameters_variable_k_wee_":0.005,"data_set_value_component_parameters_variable_k_wee__":1.0,"data_set_value_component_parameters_variable_k_awee":0.3,"data_set_value_component_parameters_variable_k_iwee_":0.01,"data_set_value_component_parameters_variable_k_iwee__":1.0,"data_set_value_component_parameters_variable_k_stg_":0.2,"data_set_value_component_parameters_variable_k_stg__":2.0,"data_set_value_component_parameters_variable_k_astg_":0.0,"data_set_value_component_parameters_variable_k_astg__":1.0,"data_set_value_component_parameters_variable_k_istg":0.3,"data_set_value_component_parameters_variable_k_sstg":0.02,"data_set_value_component_parameters_variable_k_dstg":0.015,"data_set_value_component_parameters_variable_k_dm_":0.002,"data_set_value_component_parameters_variable_k_dm__":0.2,"data_set_value_component_parameters_variable_k_sxm":0.0005,"data_set_value_component_parameters_variable_k_sxp":0.001,"data_set_value_component_parameters_variable_k_ez":0.5,"data_set_value_component_parameters_variable_k_outs":0.02,"data_set_value_component_parameters_variable_k_outw":0.01,"data_set_value_component_parameters_variable_k_ins":0.08,"data_set_value_component_parameters_variable_k_inw":0.04,"data_set_value_component_parameters_variable_k_in":0.15,"data_set_value_component_parameters_variable_k_out":0.0,"data_set_value_component_parameters_variable_j_afz":0.01,"data_set_value_component_parameters_variable_j_ifz":0.01,"data_set_value_component_parameters_variable_j_aie":0.01,"data_set_value_component_parameters_variable_j_iie":0.01,"data_set_value_component_parameters_variable_j_awee":0.05,"data_set_value_component_parameters_variable_j_iwee":0.05,"data_set_value_component_parameters_variable_j_astg":0.05,"data_set_value_component_parameters_variable_j_istg":0.05,"data_set_value_component_parameters_variable_j_m":0.05,"data_set_value_component_parameters_variable_epsilon":0.00007},{"data_set_value_component_environment_variable_time":0.7,"data_set_value_component_MPF_n_variable_MPF_n":0.1035490512,"data_set_value_component_preMPF_n_variable_preMPF_n":0.001125862,"data_set_value_component_MPF_c_variable_MPF_c":0.9883163537,"data_set_value_component_preMPF_c_variable_preMPF_c":0.0116762378,"data_set_value_component_IE_variable_IE":0.0031787775,"data_set_value_component_FZY_variable_FZY":0.0001447011,"data_set_value_component_Stg_m_variable_Stg_m":0.9986667033,"data_set_value_component_Xm_variable_Xm":0.00035,"data_set_value_component_Xp_variable_Xp":0.0000001225,"data_set_value_component_StgP_n_variable_StgP_n":0.0118396331,"data_set_value_component_Stg_n_variable_Stg_n":0.0435765568,"data_set_value_component_StgP_c_variable_StgP_c":0.4860340026,"data_set_value_component_Stg_c_variable_Stg_c":0.5174345089,"data_set_value_component_Wee1_n_variable_Wee1_n":0.0136525571,"data_set_value_component_Wee1_c_variable_Wee1_c":0.0196331741,"data_set_value_component_Wee1P_n_variable_Wee1P_n":0.0086709455,"data_set_value_component_Wee1P_c_variable_Wee1P_c":0.7804212671,"data_set_value_component_Wee1P_c_variable_Wee1_T":0.8,"data_set_value_component_N_variable_N":1.0,"data_set_value_component_CycB_T_variable_CycB_T":0.9999299192,"data_set_value_component_Stg_T_variable_Stg_T":1.0034021479,"data_set_value_component_StgP_T_variable_StgP_T":0.486000809,"data_set_value_component_parameters_variable_k_sc":0.01,"data_set_value_component_parameters_variable_k_dc_":0.01,"data_set_value_component_parameters_variable_k_dn_":0.01,"data_set_value_component_parameters_variable_k_dn__":1.5,"data_set_value_component_parameters_variable_k_afz":1.0,"data_set_value_component_parameters_variable_k_ifz":0.2,"data_set_value_component_parameters_variable_k_aie":1.0,"data_set_value_component_parameters_variable_k_iie":0.4,"data_set_value_component_parameters_variable_k_wee_":0.005,"data_set_value_component_parameters_variable_k_wee__":1.0,"data_set_value_component_parameters_variable_k_awee":0.3,"data_set_value_component_parameters_variable_k_iwee_":0.01,"data_set_value_component_parameters_variable_k_iwee__":1.0,"data_set_value_component_parameters_variable_k_stg_":0.2,"data_set_value_component_parameters_variable_k_stg__":2.0,"data_set_value_component_parameters_variable_k_astg_":0.0,"data_set_value_component_parameters_variable_k_astg__":1.0,"data_set_value_component_parameters_variable_k_istg":0.3,"data_set_value_component_parameters_variable_k_sstg":0.02,"data_set_value_component_parameters_variable_k_dstg":0.015,"data_set_value_component_parameters_variable_k_dm_":0.002,"data_set_value_component_parameters_variable_k_dm__":0.2,"data_set_value_component_parameters_variable_k_sxm":0.0005,"data_set_value_component_parameters_variable_k_sxp":0.001,"data_set_value_component_parameters_variable_k_ez":0.5,"data_set_value_component_parameters_variable_k_outs":0.02,"data_set_value_component_parameters_variable_k_outw":0.01,"data_set_value_component_parameters_variable_k_ins":0.08,"data_set_value_component_parameters_variable_k_inw":0.04,"data_set_value_component_parameters_variable_k_in":0.15,"data_set_value_component_parameters_variable_k_out":0.0,"data_set_value_component_parameters_variable_j_afz":0.01,"data_set_value_component_parameters_variable_j_ifz":0.01,"data_set_value_component_parameters_variable_j_aie":0.01,"data_set_value_component_parameters_variable_j_iie":0.01,"data_set_value_component_parameters_variable_j_awee":0.05,"data_set_value_component_parameters_variable_j_iwee":0.05,"data_set_value_component_parameters_variable_j_astg":0.05,"data_set_value_component_parameters_variable_j_istg":0.05,"data_set_value_component_parameters_variable_j_m":0.05,"data_set_value_component_parameters_variable_epsilon":0.00007},{"data_set_value_component_environment_variable_time":0.8,"data_set_value_component_MPF_n_variable_MPF_n":0.1180648237,"data_set_value_component_preMPF_n_variable_preMPF_n":0.0015208494,"data_set_value_component_MPF_c_variable_MPF_c":0.9873932361,"data_set_value_component_preMPF_c_variable_preMPF_c":0.012598315,"data_set_value_component_IE_variable_IE":0.0038085513,"data_set_value_component_FZY_variable_FZY":0.0001754845,"data_set_value_component_Stg_m_variable_Stg_m":0.9984762373,"data_set_value_component_Xm_variable_Xm":0.0004,"data_set_value_component_Xp_variable_Xp":0.00000016,"data_set_value_component_StgP_n_variable_StgP_n":0.0149194488,"data_set_value_component_Stg_n_variable_Stg_n":0.0483188079,"data_set_value_component_StgP_c_variable_StgP_c":0.5474798064,"data_set_value_component_Stg_c_variable_Stg_c":0.4564797232,"data_set_value_component_Wee1_n_variable_Wee1_n":0.0156562534,"data_set_value_component_Wee1_c_variable_Wee1_c":0.0196718687,"data_set_value_component_Wee1P_n_variable_Wee1P_n":0.0098435707,"data_set_value_component_Wee1P_c_variable_Wee1P_c":0.7803823501,"data_set_value_component_Wee1P_c_variable_Wee1_T":0.8,"data_set_value_component_N_variable_N":1.0,"data_set_value_component_CycB_T_variable_CycB_T":0.9999299227,"data_set_value_component_Stg_T_variable_Stg_T":1.0038936791,"data_set_value_component_StgP_T_variable_StgP_T":0.5474425272,"data_set_value_component_parameters_variable_k_sc":0.01,"data_set_value_component_parameters_variable_k_dc_":0.01,"data_set_value_component_parameters_variable_k_dn_":0.01,"data_set_value_component_parameters_variable_k_dn__":1.5,"data_set_value_component_parameters_variable_k_afz":1.0,"data_set_value_component_parameters_variable_k_ifz":0.2,"data_set_value_component_parameters_variable_k_aie":1.0,"data_set_value_component_parameters_variable_k_iie":0.4,"data_set_value_component_parameters_variable_k_wee_":0.005,"data_set_value_component_parameters_variable_k_wee__":1.0,"data_set_value_component_parameters_variable_k_awee":0.3,"data_set_value_component_parameters_variable_k_iwee_":0.01,"data_set_value_component_parameters_variable_k_iwee__":1.0,"data_set_value_component_parameters_variable_k_stg_":0.2,"data_set_value_component_parameters_variable_k_stg__":2.0,"data_set_value_component_parameters_variable_k_astg_":0.0,"data_set_value_component_parameters_variable_k_astg__":1.0,"data_set_value_component_parameters_variable_k_istg":0.3,"data_set_value_component_parameters_variable_k_sstg":0.02,"data_set_value_component_parameters_variable_k_dstg":0.015,"data_set_value_component_parameters_variable_k_dm_":0.002,"data_set_value_component_parameters_variable_k_dm__":0.2,"data_set_value_component_parameters_variable_k_sxm":0.0005,"data_set_value_component_parameters_variable_k_sxp":0.001,"data_set_value_component_parameters_variable_k_ez":0.5,"data_set_value_component_parameters_variable_k_outs":0.02,"data_set_value_component_parameters_variable_k_outw":0.01,"data_set_value_component_parameters_variable_k_ins":0.08,"data_set_value_component_parameters_variable_k_inw":0.04,"data_set_value_component_parameters_variable_k_in":0.15,"data_set_value_component_parameters_variable_k_out":0.0,"data_set_value_component_parameters_variable_j_afz":0.01,"data_set_value_component_parameters_variable_j_ifz":0.01,"data_set_value_component_parameters_variable_j_aie":0.01,"data_set_value_component_parameters_variable_j_iie":0.01,"data_set_value_component_parameters_variable_j_awee":0.05,"data_set_value_component_parameters_variable_j_iwee":0.05,"data_set_value_component_parameters_variable_j_astg":0.05,"data_set_value_component_parameters_variable_j_istg":0.05,"data_set_value_component_parameters_variable_j_m":0.05,"data_set_value_component_parameters_variable_epsilon":0.00007},{"data_set_value_component_environment_variable_time":0.9,"data_set_value_component_MPF_n_variable_MPF_n":0.1325112195,"data_set_value_component_preMPF_n_variable_preMPF_n":0.0019776251,"data_set_value_component_MPF_c_variable_MPF_c":0.9867244483,"data_set_value_component_preMPF_c_variable_preMPF_c":0.0132660641,"data_set_value_component_IE_variable_IE":0.0044944019,"data_set_value_component_FZY_variable_FZY":0.0002091576,"data_set_value_component_Stg_m_variable_Stg_m":0.9982857722,"data_set_value_component_Xm_variable_Xm":0.00045,"data_set_value_component_Xp_variable_Xp":0.0000002025,"data_set_value_component_StgP_n_variable_StgP_n":0.0183131496,"data_set_value_component_Stg_n_variable_Stg_n":0.052723755,"data_set_value_component_StgP_c_variable_StgP_c":0.6073416536,"data_set_value_component_Stg_c_variable_Stg_c":0.3971077782,"data_set_value_component_Wee1_n_variable_Wee1_n":0.017539888,"data_set_value_component_Wee1_c_variable_Wee1_c":0.0196993491,"data_set_value_component_Wee1P_n_variable_Wee1P_n":0.0111330658,"data_set_value_component_Wee1P_c_variable_Wee1P_c":0.7803546476,"data_set_value_component_Wee1P_c_variable_Wee1_T":0.8,"data_set_value_component_N_variable_N":1.0,"data_set_value_component_CycB_T_variable_CycB_T":0.9999299273,"data_set_value_component_Stg_T_variable_Stg_T":1.004384093,"data_set_value_component_StgP_T_variable_StgP_T":0.6073004216,"data_set_value_component_parameters_variable_k_sc":0.01,"data_set_value_component_parameters_variable_k_dc_":0.01,"data_set_value_component_parameters_variable_k_dn_":0.01,"data_set_value_component_parameters_variable_k_dn__":1.5,"data_set_value_component_parameters_variable_k_afz":1.0,"data_set_value_component_parameters_variable_k_ifz":0.2,"data_set_value_component_parameters_variable_k_aie":1.0,"data_set_value_component_parameters_variable_k_iie":0.4,"data_set_value_component_parameters_variable_k_wee_":0.005,"data_set_value_component_parameters_variable_k_wee__":1.0,"data_set_value_component_parameters_variable_k_awee":0.3,"data_set_value_component_parameters_variable_k_iwee_":0.01,"data_set_value_component_parameters_variable_k_iwee__":1.0,"data_set_value_component_parameters_variable_k_stg_":0.2,"data_set_value_component_parameters_variable_k_stg__":2.0,"data_set_value_component_parameters_variable_k_astg_":0.0,"data_set_value_component_parameters_variable_k_astg__":1.0,"data_set_value_component_parameters_variable_k_istg":0.3,"data_set_value_component_parameters_variable_k_sstg":0.02,"data_set_value_component_parameters_variable_k_dstg":0.015,"data_set_value_component_parameters_variable_k_dm_":0.002,"data_set_value_component_parameters_variable_k_dm__":0.2,"data_set_value_component_parameters_variable_k_sxm":0.0005,"data_set_value_component_parameters_variable_k_sxp":0.001,"data_set_value_component_parameters_variable_k_ez":0.5,"data_set_value_component_parameters_variable_k_outs":0.02,"data_set_value_component_parameters_variable_k_outw":0.01,"data_set_value_component_parameters_variable_k_ins":0.08,"data_set_value_component_parameters_variable_k_inw":0.04,"data_set_value_component_parameters_variable_k_in":0.15,"data_set_value_component_parameters_variable_k_out":0.0,"data_set_value_component_parameters_variable_j_afz":0.01,"data_set_value_component_parameters_variable_j_ifz":0.01,"data_set_value_component_parameters_variable_j_aie":0.01,"data_set_value_component_parameters_variable_j_iie":0.01,"data_set_value_component_parameters_variable_j_awee":0.05,"data_set_value_component_parameters_variable_j_iwee":0.05,"data_set_value_component_parameters_variable_j_astg":0.05,"data_set_value_component_parameters_variable_j_istg":0.05,"data_set_value_component_parameters_variable_j_m":0.05,"data_set_value_component_parameters_variable_epsilon":0.00007},{"data_set_value_component_environment_variable_time":1.0,"data_set_value_component_MPF_n_variable_MPF_n":0.146890146,"data_set_value_component_preMPF_n_variable_preMPF_n":0.0024952762,"data_set_value_component_MPF_c_variable_MPF_c":0.9862887301,"data_set_value_component_preMPF_c_variable_preMPF_c":0.013700742,"data_set_value_component_IE_variable_IE":0.0052435336,"data_set_value_component_FZY_variable_FZY":0.0002461166,"data_set_value_component_Stg_m_variable_Stg_m":0.9980953079,"data_set_value_component_Xm_variable_Xm":0.0005,"data_set_value_component_Xp_variable_Xp":0.00000025,"data_set_value_component_StgP_n_variable_StgP_n":0.0220299316,"data_set_value_component_Stg_n_variable_Stg_n":0.0567822815,"data_set_value_component_StgP_c_variable_StgP_c":0.665406726,"data_set_value_component_Stg_c_variable_Stg_c":0.3395314938,"data_set_value_component_Wee1_n_variable_Wee1_n":0.0193038226,"data_set_value_component_Wee1_c_variable_Wee1_c":0.0197184199,"data_set_value_component_Wee1P_n_variable_Wee1P_n":0.0125390882,"data_set_value_component_Wee1P_c_variable_Wee1P_c":0.7803353549,"data_set_value_component_Wee1P_c_variable_Wee1_T":0.8,"data_set_value_component_N_variable_N":1.0,"data_set_value_component_CycB_T_variable_CycB_T":0.9999299298,"data_set_value_component_Stg_T_variable_Stg_T":1.0048733911,"data_set_value_component_StgP_T_variable_StgP_T":0.6653616896,"data_set_value_component_parameters_variable_k_sc":0.01,"data_set_value_component_parameters_variable_k_dc_":0.01,"data_set_value_component_parameters_variable_k_dn_":0.01,"data_set_value_component_parameters_variable_k_dn__":1.5,"data_set_value_component_parameters_variable_k_afz":1.0,"data_set_value_component_parameters_variable_k_ifz":0.2,"data_set_value_component_parameters_variable_k_aie":1.0,"data_set_value_component_parameters_variable_k_iie":0.4,"data_set_value_component_parameters_variable_k_wee_":0.005,"data_set_value_component_parameters_variable_k_wee__":1.0,"data_set_value_component_parameters_variable_k_awee":0.3,"data_set_value_component_parameters_variable_k_iwee_":0.01,"data_set_value_component_parameters_variable_k_iwee__":1.0,"data_set_value_component_parameters_variable_k_stg_":0.2,"data_set_value_component_parameters_variable_k_stg__":2.0,"data_set_value_component_parameters_variable_k_astg_":0.0,"data_set_value_component_parameters_variable_k_astg__":1.0,"data_set_value_component_parameters_variable_k_istg":0.3,"data_set_value_component_parameters_variable_k_sstg":0.02,"data_set_value_component_parameters_variable_k_dstg":0.015,"data_set_value_component_parameters_variable_k_dm_":0.002,"data_set_value_component_parameters_variable_k_dm__":0.2,"data_set_value_component_parameters_variable_k_sxm":0.0005,"data_set_value_component_parameters_variable_k_sxp":0.001,"data_set_value_component_parameters_variable_k_ez":0.5,"data_set_value_component_parameters_variable_k_outs":0.02,"data_set_value_component_parameters_variable_k_outw":0.01,"data_set_value_component_parameters_variable_k_ins":0.08,"data_set_value_component_parameters_variable_k_inw":0.04,"data_set_value_component_parameters_variable_k_in":0.15,"data_set_value_component_parameters_variable_k_out":0.0,"data_set_value_component_parameters_variable_j_afz":0.01,"data_set_value_component_parameters_variable_j_ifz":0.01,"data_set_value_component_parameters_variable_j_aie":0.01,"data_set_value_component_parameters_variable_j_iie":0.01,"data_set_value_component_parameters_variable_j_awee":0.05,"data_set_value_component_parameters_variable_j_iwee":0.05,"data_set_value_component_parameters_variable_j_astg":0.05,"data_set_value_component_parameters_variable_j_istg":0.05,"data_set_value_component_parameters_variable_j_m":0.05,"data_set_value_component_parameters_variable_epsilon":0.00007}]