[{"data_set_value_component_environment_variable_time":0.0,"data_set_value_component_volume_i_variable_volume_i0":1450.0,"data_set_value_component_volume_i_variable_volume_i":1450.0,"data_set_value_component_volume_er_variable_gamma":4.9,"data_set_value_component_volume_er_variable_volume_er":295.9183673469,"data_set_value_component_volumeCa_i_variable_volumeCa_i":75.8335890358,"data_set_value_component_Ca_i_variable_Ca_i":0.0522990269,"data_set_value_component_volumeCa_er_variable_volumeCa_er":1199.7374780214,"data_set_value_component_Ca_er_variable_Ca_er":4.0542852706,"data_set_value_component_volume_iIP3_variable_volume_iIP3":-3.282874344e-93,"data_set_value_component_IP3_variable_IP3":-2.264051272e-96,"data_set_value_component_PIP2_variable_PIP2":1.0,"data_set_value_component_PIP2_variable_PIP2_Total":5.0,"data_set_value_component_IPX_variable_IPX":0.0,"data_set_value_component_IPX_variable_PIP2_Total":25.0,"data_set_value_component_J_ip3R_variable_J_ip3R":10.0,"data_set_value_component_J_ip3R_variable_J_ip3R0":10.0,"data_set_value_component_receptor_variable_ATP_e":0.0,"data_set_value_component_receptor_variable_V_IP3":0.0,"data_set_value_component_receptor_variable_MechanicalStimulation":0.0,"data_set_value_component_receptor_variable_V_mech":0.0,"data_set_value_component_receptor_variable_V_mech0":1.0,"data_set_value_component_receptor_variable_C_1":2.6,"data_set_value_component_receptor_variable_C_2":0.02,"data_set_value_component_receptor_variable_C_3":2.3,"data_set_value_component_receptor_variable_C_4":10.0,"data_set_value_component_receptor_variable_V_ATP":0.001,"data_set_value_component_receptor_variable_K_ATP":0.0001,"data_set_value_component_J_ip3P_variable_J_ip3P":0.0,"data_set_value_component_J_ip3D_variable_J_ip3D":-1.796193366e-94,"data_set_value_component_J_ip3D_variable_Beta_1":0.0,"data_set_value_component_J_ip3D_variable_Beta_2":36.0,"data_set_value_component_J_ip3D_variable_F_Ca":0.1484506709,"data_set_value_component_J_ip3D_variable_K_rc":0.3,"data_set_value_component_J_ip3D_variable_K_IP3":0.01,"data_set_value_component_Jipt_variable_Jipt":0.0,"data_set_value_component_Jipt_variable_Pipt":0.0,"data_set_value_component_Jipt_variable_Jipt0":28.0,"data_set_value_component_Jryr_variable_Ka":0.3722419,"data_set_value_component_Jryr_variable_Kb":0.636005,"data_set_value_component_Jryr_variable_Kc":0.0571428,"data_set_value_component_Jryr_variable_Jryr":0.0,"data_set_value_component_Jryr_variable_Jryr0":0.0,"data_set_value_component_Jryr_variable_Pryr":0.986505717,"data_set_value_component_Jryr_variable_W_inf":0.9932299417,"data_set_value_component_Jer_variable_Jer":20.3100801864,"data_set_value_component_Jer_variable_Jer0":0.0035,"data_set_value_component_Jserca_variable_Jserca":20.3083887105,"data_set_value_component_Jserca_variable_Vserca":0.09,"data_set_value_component_Jserca_variable_Kserca":0.04,"data_set_value_component_Jin_variable_Jin":0.7852696333,"data_set_value_component_Jin_variable_Vm":-39.0,"data_set_value_component_Jin_variable_V_Ca":135.1764150983,"data_set_value_component_Jin_variable_R":8314.0,"data_set_value_component_Jin_variable_T":310.0,"data_set_value_component_Jin_variable_F":96485.0,"data_set_value_component_Jin_variable_z_Ca":2.0,"data_set_value_component_Jin_variable_Ca_ext":1300.0,"data_set_value_component_Jin_variable_P_pm_1":0.6,"data_set_value_component_Jin_variable_P_pm_2":28.0,"data_set_value_component_Jin_variable_Iin_1":151533.4811355373,"data_set_value_component_Jin_variable_Iin_2":0.0,"data_set_value_component_Jin_variable_Jin_1":0.7852696333,"data_set_value_component_Jin_variable_Jin_2":0.0,"data_set_value_component_Jpm_variable_Jpm":0.7872234598,"data_set_value_component_Jpm_variable_Vpm":0.072,"data_set_value_component_Jpm_variable_Kpm":0.6,"data_set_value_component_O_variable_O":-2.420135003e-89,"data_set_value_component_O_variable_S":1.0,"data_set_value_component_I1_variable_I1":2.243433097e-81,"data_set_value_component_I2_variable_I2":1.01276768e-40,"data_set_value_component_constants_variable_k1":0.0111724787,"data_set_value_component_constants_variable_k1_":0.88,"data_set_value_component_constants_variable_k2":0.5,"data_set_value_component_constants_variable_k3":0.5,"data_set_value_component_constants_variable_k4":-1.358430763e-95,"data_set_value_component_constants_variable_k5":0.02,"data_set_value_component_constants_variable_alpha_1":40.0,"data_set_value_component_constants_variable_beta_1":0.8,"data_set_value_component_constants_variable_alpha_4":0.06,"data_set_value_component_constants_variable_beta_4":0.01},{"data_set_value_component_environment_variable_time":0.1,"data_set_value_component_volume_i_variable_volume_i0":1450.0,"data_set_value_component_volume_i_variable_volume_i":1450.0,"data_set_value_component_volume_er_variable_gamma":4.9,"data_set_value_component_volume_er_variable_volume_er":295.9183673469,"data_set_value_component_volumeCa_i_variable_volumeCa_i":75.8335628101,"data_set_value_component_Ca_i_variable_Ca_i":0.0522990088,"data_set_value_component_volumeCa_er_variable_volumeCa_er":1199.737308934,"data_set_value_component_Ca_er_variable_Ca_er":4.0542846992,"data_set_value_component_volume_iIP3_variable_volume_iIP3":1.118420577e-93,"data_set_value_component_IP3_variable_IP3":7.713245357e-97,"data_set_value_component_PIP2_variable_PIP2":1.0,"data_set_value_component_PIP2_variable_PIP2_Total":5.0,"data_set_value_component_IPX_variable_IPX":0.0,"data_set_value_component_IPX_variable_PIP2_Total":25.0,"data_set_value_component_J_ip3R_variable_J_ip3R":10.0,"data_set_value_component_J_ip3R_variable_J_ip3R0":10.0,"data_set_value_component_receptor_variable_ATP_e":0.0,"data_set_value_component_receptor_variable_V_IP3":0.0,"data_set_value_component_receptor_variable_MechanicalStimulation":0.0,"data_set_value_component_receptor_variable_V_mech":0.0,"data_set_value_component_receptor_variable_V_mech0":1.0,"data_set_value_component_receptor_variable_C_1":2.6,"data_set_value_component_receptor_variable_C_2":0.02,"data_set_value_component_receptor_variable_C_3":2.3,"data_set_value_component_receptor_variable_C_4":10.0,"data_set_value_component_receptor_variable_V_ATP":0.001,"data_set_value_component_receptor_variable_K_ATP":0.0001,"data_set_value_component_J_ip3P_variable_J_ip3P":0.0,"data_set_value_component_J_ip3D_variable_J_ip3D":6.119327841e-95,"data_set_value_component_J_ip3D_variable_Beta_1":0.0,"data_set_value_component_J_ip3D_variable_Beta_2":36.0,"data_set_value_component_J_ip3D_variable_F_Ca":0.1484506272,"data_set_value_component_J_ip3D_variable_K_rc":0.3,"data_set_value_component_J_ip3D_variable_K_IP3":0.01,"data_set_value_component_Jipt_variable_Jipt":0.0,"data_set_value_component_Jipt_variable_Pipt":0.0,"data_set_value_component_Jipt_variable_Jipt0":28.0,"data_set_value_component_Jryr_variable_Ka":0.3722419,"data_set_value_component_Jryr_variable_Kb":0.636005,"data_set_value_component_Jryr_variable_Kc":0.0571428,"data_set_value_component_Jryr_variable_Jryr":0.0,"data_set_value_component_Jryr_variable_Jryr0":0.0,"data_set_value_component_Jryr_variable_Pryr":0.9865057355,"data_set_value_component_Jryr_variable_W_inf":0.993229951,"data_set_value_component_Jer_variable_Jer":20.3100773784,"data_set_value_component_Jer_variable_Jer0":0.0035,"data_set_value_component_Jserca_variable_Jserca":20.3083863885,"data_set_value_component_Jserca_variable_Vserca":0.09,"data_set_value_component_Jserca_variable_Kserca":0.04,"data_set_value_component_Jin_variable_Jin":0.7852696541,"data_set_value_component_Jin_variable_Vm":-39.0,"data_set_value_component_Jin_variable_V_Ca":135.1764197173,"data_set_value_component_Jin_variable_R":8314.0,"data_set_value_component_Jin_variable_T":310.0,"data_set_value_component_Jin_variable_F":96485.0,"data_set_value_component_Jin_variable_z_Ca":2.0,"data_set_value_component_Jin_variable_Ca_ext":1300.0,"data_set_value_component_Jin_variable_P_pm_1":0.6,"data_set_value_component_Jin_variable_P_pm_2":28.0,"data_set_value_component_Jin_variable_Iin_1":151533.4851540699,"data_set_value_component_Jin_variable_Iin_2":0.0,"data_set_value_component_Jin_variable_Jin_1":0.7852696541,"data_set_value_component_Jin_variable_Jin_2":0.0,"data_set_value_component_Jpm_variable_Jpm":0.7872229194,"data_set_value_component_Jpm_variable_Vpm":0.072,"data_set_value_component_Jpm_variable_Kpm":0.6,"data_set_value_component_O_variable_O":-2.131197875e-89,"data_set_value_component_O_variable_S":1.0,"data_set_value_component_I1_variable_I1":2.137583113e-81,"data_set_value_component_I2_variable_I2":1.010747142e-40,"data_set_value_component_constants_variable_k1":0.0111724671,"data_set_value_component_constants_variable_k1_":0.88,"data_set_value_component_constants_variable_k2":0.5,"data_set_value_component_constants_variable_k3":0.5,"data_set_value_component_constants_variable_k4":4.627947214e-96,"data_set_value_component_constants_variable_k5":0.02,"data_set_value_component_constants_variable_alpha_1":40.0,"data_set_value_component_constants_variable_beta_1":0.8,"data_set_value_component_constants_variable_alpha_4":0.06,"data_set_value_component_constants_variable_beta_4":0.01},{"data_set_value_component_environment_variable_time":0.2,"data_set_value_component_volume_i_variable_volume_i0":1450.0,"data_set_value_component_volume_i_variable_volume_i":1450.0,"data_set_value_component_volume_er_variable_gamma":4.9,"data_set_value_component_volume_er_variable_volume_er":295.9183673469,"data_set_value_component_volumeCa_i_variable_volumeCa_i":75.833536592,"data_set_value_component_Ca_i_variable_Ca_i":0.0522989908,"data_set_value_component_volumeCa_er_variable_volumeCa_er":1199.7371398962,"data_set_value_component_Ca_er_variable_Ca_er":4.0542841279,"data_set_value_component_volume_iIP3_variable_volume_iIP3":2.563909715e-93,"data_set_value_component_IP3_variable_IP3":1.768213597e-96,"data_set_value_component_PIP2_variable_PIP2":1.0,"data_set_value_component_PIP2_variable_PIP2_Total":5.0,"data_set_value_component_IPX_variable_IPX":0.0,"data_set_value_component_IPX_variable_PIP2_Total":25.0,"data_set_value_component_J_ip3R_variable_J_ip3R":10.0,"data_set_value_component_J_ip3R_variable_J_ip3R0":10.0,"data_set_value_component_receptor_variable_ATP_e":0.0,"data_set_value_component_receptor_variable_V_IP3":0.0,"data_set_value_component_receptor_variable_MechanicalStimulation":0.0,"data_set_value_component_receptor_variable_V_mech":0.0,"data_set_value_component_receptor_variable_V_mech0":1.0,"data_set_value_component_receptor_variable_C_1":2.6,"data_set_value_component_receptor_variable_C_2":0.02,"data_set_value_component_receptor_variable_C_3":2.3,"data_set_value_component_receptor_variable_C_4":10.0,"data_set_value_component_receptor_variable_V_ATP":0.001,"data_set_value_component_receptor_variable_K_ATP":0.0001,"data_set_value_component_J_ip3P_variable_J_ip3P":0.0,"data_set_value_component_J_ip3D_variable_J_ip3D":1.402817079e-94,"data_set_value_component_J_ip3D_variable_Beta_1":0.0,"data_set_value_component_J_ip3D_variable_Beta_2":36.0,"data_set_value_component_J_ip3D_variable_F_Ca":0.1484505835,"data_set_value_component_J_ip3D_variable_K_rc":0.3,"data_set_value_component_J_ip3D_variable_K_IP3":0.01,"data_set_value_component_Jipt_variable_Jipt":0.0,"data_set_value_component_Jipt_variable_Pipt":0.0,"data_set_value_component_Jipt_variable_Jipt0":28.0,"data_set_value_component_Jryr_variable_Ka":0.3722419,"data_set_value_component_Jryr_variable_Kb":0.636005,"data_set_value_component_Jryr_variable_Kc":0.0571428,"data_set_value_component_Jryr_variable_Jryr":0.0,"data_set_value_component_Jryr_variable_Jryr0":0.0,"data_set_value_component_Jryr_variable_Pryr":0.9865057539,"data_set_value_component_Jryr_variable_W_inf":0.9932299602,"data_set_value_component_Jer_variable_Jer":20.3100745711,"data_set_value_component_Jer_variable_Jer0":0.0035,"data_set_value_component_Jserca_variable_Jserca":20.3083840672,"data_set_value_component_Jserca_variable_Vserca":0.09,"data_set_value_component_Jserca_variable_Kserca":0.04,"data_set_value_component_Jin_variable_Jin":0.7852696749,"data_set_value_component_Jin_variable_Vm":-39.0,"data_set_value_component_Jin_variable_V_Ca":135.176424335,"data_set_value_component_Jin_variable_R":8314.0,"data_set_value_component_Jin_variable_T":310.0,"data_set_value_component_Jin_variable_F":96485.0,"data_set_value_component_Jin_variable_z_Ca":2.0,"data_set_value_component_Jin_variable_Ca_ext":1300.0,"data_set_value_component_Jin_variable_P_pm_1":0.6,"data_set_value_component_Jin_variable_P_pm_2":28.0,"data_set_value_component_Jin_variable_Iin_1":151533.4891714291,"data_set_value_component_Jin_variable_Iin_2":0.0,"data_set_value_component_Jin_variable_Jin_1":0.7852696749,"data_set_value_component_Jin_variable_Jin_2":0.0,"data_set_value_component_Jpm_variable_Jpm":0.7872223791,"data_set_value_component_Jpm_variable_Vpm":0.072,"data_set_value_component_Jpm_variable_Kpm":0.6,"data_set_value_component_O_variable_O":-1.876377836e-89,"data_set_value_component_O_variable_S":1.0,"data_set_value_component_I1_variable_I1":2.036780564e-81,"data_set_value_component_I2_variable_I2":1.008730714e-40,"data_set_value_component_constants_variable_k1":0.0111724555,"data_set_value_component_constants_variable_k1_":0.88,"data_set_value_component_constants_variable_k2":0.5,"data_set_value_component_constants_variable_k3":0.5,"data_set_value_component_constants_variable_k4":1.060928158e-95,"data_set_value_component_constants_variable_k5":0.02,"data_set_value_component_constants_variable_alpha_1":40.0,"data_set_value_component_constants_variable_beta_1":0.8,"data_set_value_component_constants_variable_alpha_4":0.06,"data_set_value_component_constants_variable_beta_4":0.01},{"data_set_value_component_environment_variable_time":0.3,"data_set_value_component_volume_i_variable_volume_i0":1450.0,"data_set_value_component_volume_i_variable_volume_i":1450.0,"data_set_value_component_volume_er_variable_gamma":4.9,"data_set_value_component_volume_er_variable_volume_er":295.9183673469,"data_set_value_component_volumeCa_i_variable_volumeCa_i":75.8335103789,"data_set_value_component_Ca_i_variable_Ca_i":0.0522989727,"data_set_value_component_volumeCa_er_variable_volumeCa_er":1199.7369708907,"data_set_value_component_Ca_er_variable_Ca_er":4.0542835568,"data_set_value_component_volume_iIP3_variable_volume_iIP3":2.078135421e-93,"data_set_value_component_IP3_variable_IP3":1.433196842e-96,"data_set_value_component_PIP2_variable_PIP2":1.0,"data_set_value_component_PIP2_variable_PIP2_Total":5.0,"data_set_value_component_IPX_variable_IPX":0.0,"data_set_value_component_IPX_variable_PIP2_Total":25.0,"data_set_value_component_J_ip3R_variable_J_ip3R":10.0,"data_set_value_component_J_ip3R_variable_J_ip3R0":10.0,"data_set_value_component_receptor_variable_ATP_e":0.0,"data_set_value_component_receptor_variable_V_IP3":0.0,"data_set_value_component_receptor_variable_MechanicalStimulation":0.0,"data_set_value_component_receptor_variable_V_mech":0.0,"data_set_value_component_receptor_variable_V_mech0":1.0,"data_set_value_component_receptor_variable_C_1":2.6,"data_set_value_component_receptor_variable_C_2":0.02,"data_set_value_component_receptor_variable_C_3":2.3,"data_set_value_component_receptor_variable_C_4":10.0,"data_set_value_component_receptor_variable_V_ATP":0.001,"data_set_value_component_receptor_variable_K_ATP":0.0001,"data_set_value_component_J_ip3P_variable_J_ip3P":0.0,"data_set_value_component_J_ip3D_variable_J_ip3D":1.137029954e-94,"data_set_value_component_J_ip3D_variable_Beta_1":0.0,"data_set_value_component_J_ip3D_variable_Beta_2":36.0,"data_set_value_component_J_ip3D_variable_F_Ca":0.1484505398,"data_set_value_component_J_ip3D_variable_K_rc":0.3,"data_set_value_component_J_ip3D_variable_K_IP3":0.01,"data_set_value_component_Jipt_variable_Jipt":0.0,"data_set_value_component_Jipt_variable_Pipt":0.0,"data_set_value_component_Jipt_variable_Jipt0":28.0,"data_set_value_component_Jryr_variable_Ka":0.3722419,"data_set_value_component_Jryr_variable_Kb":0.636005,"data_set_value_component_Jryr_variable_Kc":0.0571428,"data_set_value_component_Jryr_variable_Jryr":0.0,"data_set_value_component_Jryr_variable_Jryr0":0.0,"data_set_value_component_Jryr_variable_Pryr":0.9865057724,"data_set_value_component_Jryr_variable_W_inf":0.9932299695,"data_set_value_component_Jer_variable_Jer":20.3100717644,"data_set_value_component_Jer_variable_Jer0":0.0035,"data_set_value_component_Jserca_variable_Jserca":20.3083817462,"data_set_value_component_Jserca_variable_Vserca":0.09,"data_set_value_component_Jserca_variable_Kserca":0.04,"data_set_value_component_Jin_variable_Jin":0.7852696957,"data_set_value_component_Jin_variable_Vm":-39.0,"data_set_value_component_Jin_variable_V_Ca":135.1764289517,"data_set_value_component_Jin_variable_R":8314.0,"data_set_value_component_Jin_variable_T":310.0,"data_set_value_component_Jin_variable_F":96485.0,"data_set_value_component_Jin_variable_z_Ca":2.0,"data_set_value_component_Jin_variable_Ca_ext":1300.0,"data_set_value_component_Jin_variable_P_pm_1":0.6,"data_set_value_component_Jin_variable_P_pm_2":28.0,"data_set_value_component_Jin_variable_Iin_1":151533.4931880219,"data_set_value_component_Jin_variable_Iin_2":0.0,"data_set_value_component_Jin_variable_Jin_1":0.7852696957,"data_set_value_component_Jin_variable_Jin_2":0.0,"data_set_value_component_Jpm_variable_Jpm":0.787221839,"data_set_value_component_Jpm_variable_Vpm":0.072,"data_set_value_component_Jpm_variable_Kpm":0.6,"data_set_value_component_O_variable_O":-1.643853803e-89,"data_set_value_component_O_variable_S":1.0,"data_set_value_component_I1_variable_I1":1.939276594e-81,"data_set_value_component_I2_variable_I2":1.006716973e-40,"data_set_value_component_constants_variable_k1":0.0111724439,"data_set_value_component_constants_variable_k1_":0.88,"data_set_value_component_constants_variable_k2":0.5,"data_set_value_component_constants_variable_k3":0.5,"data_set_value_component_constants_variable_k4":8.599181052e-96,"data_set_value_component_constants_variable_k5":0.02,"data_set_value_component_constants_variable_alpha_1":40.0,"data_set_value_component_constants_variable_beta_1":0.8,"data_set_value_component_constants_variable_alpha_4":0.06,"data_set_value_component_constants_variable_beta_4":0.01},{"data_set_value_component_environment_variable_time":0.4,"data_set_value_component_volume_i_variable_volume_i0":1450.0,"data_set_value_component_volume_i_variable_volume_i":1450.0,"data_set_value_component_volume_er_variable_gamma":4.9,"data_set_value_component_volume_er_variable_volume_er":295.9183673469,"data_set_value_component_volumeCa_i_variable_volumeCa_i":75.8334841748,"data_set_value_component_Ca_i_variable_Ca_i":0.0522989546,"data_set_value_component_volumeCa_er_variable_volumeCa_er":1199.7368019431,"data_set_value_component_Ca_er_variable_Ca_er":4.0542829859,"data_set_value_component_volume_iIP3_variable_volume_iIP3":2.304536649e-93,"data_set_value_component_IP3_variable_IP3":1.58933562e-96,"data_set_value_component_PIP2_variable_PIP2":1.0,"data_set_value_component_PIP2_variable_PIP2_Total":5.0,"data_set_value_component_IPX_variable_IPX":0.0,"data_set_value_component_IPX_variable_PIP2_Total":25.0,"data_set_value_component_J_ip3R_variable_J_ip3R":10.0,"data_set_value_component_J_ip3R_variable_J_ip3R0":10.0,"data_set_value_component_receptor_variable_ATP_e":0.0,"data_set_value_component_receptor_variable_V_IP3":0.0,"data_set_value_component_receptor_variable_MechanicalStimulation":0.0,"data_set_value_component_receptor_variable_V_mech":0.0,"data_set_value_component_receptor_variable_V_mech0":1.0,"data_set_value_component_receptor_variable_C_1":2.6,"data_set_value_component_receptor_variable_C_2":0.02,"data_set_value_component_receptor_variable_C_3":2.3,"data_set_value_component_receptor_variable_C_4":10.0,"data_set_value_component_receptor_variable_V_ATP":0.001,"data_set_value_component_receptor_variable_K_ATP":0.0001,"data_set_value_component_J_ip3P_variable_J_ip3P":0.0,"data_set_value_component_J_ip3D_variable_J_ip3D":1.260902264e-94,"data_set_value_component_J_ip3D_variable_Beta_1":0.0,"data_set_value_component_J_ip3D_variable_Beta_2":36.0,"data_set_value_component_J_ip3D_variable_F_Ca":0.1484504961,"data_set_value_component_J_ip3D_variable_K_rc":0.3,"data_set_value_component_J_ip3D_variable_K_IP3":0.01,"data_set_value_component_Jipt_variable_Jipt":0.0,"data_set_value_component_Jipt_variable_Pipt":0.0,"data_set_value_component_Jipt_variable_Jipt0":28.0,"data_set_value_component_Jryr_variable_Ka":0.3722419,"data_set_value_component_Jryr_variable_Kb":0.636005,"data_set_value_component_Jryr_variable_Kc":0.0571428,"data_set_value_component_Jryr_variable_Jryr":0.0,"data_set_value_component_Jryr_variable_Jryr0":0.0,"data_set_value_component_Jryr_variable_Pryr":0.9865057909,"data_set_value_component_Jryr_variable_W_inf":0.9932299788,"data_set_value_component_Jer_variable_Jer":20.3100689587,"data_set_value_component_Jer_variable_Jer0":0.0035,"data_set_value_component_Jserca_variable_Jserca":20.3083794261,"data_set_value_component_Jserca_variable_Vserca":0.09,"data_set_value_component_Jserca_variable_Kserca":0.04,"data_set_value_component_Jin_variable_Jin":0.7852697166,"data_set_value_component_Jin_variable_Vm":-39.0,"data_set_value_component_Jin_variable_V_Ca":135.1764335669,"data_set_value_component_Jin_variable_R":8314.0,"data_set_value_component_Jin_variable_T":310.0,"data_set_value_component_Jin_variable_F":96485.0,"data_set_value_component_Jin_variable_z_Ca":2.0,"data_set_value_component_Jin_variable_Ca_ext":1300.0,"data_set_value_component_Jin_variable_P_pm_1":0.6,"data_set_value_component_Jin_variable_P_pm_2":28.0,"data_set_value_component_Jin_variable_Iin_1":151533.4972032424,"data_set_value_component_Jin_variable_Iin_2":0.0,"data_set_value_component_Jin_variable_Jin_1":0.7852697166,"data_set_value_component_Jin_variable_Jin_2":0.0,"data_set_value_component_Jpm_variable_Jpm":0.7872212991,"data_set_value_component_Jpm_variable_Vpm":0.072,"data_set_value_component_Jpm_variable_Kpm":0.6,"data_set_value_component_O_variable_O":-1.419258659e-89,"data_set_value_component_O_variable_S":1.0,"data_set_value_component_I1_variable_I1":1.844725991e-81,"data_set_value_component_I2_variable_I2":1.004707896e-40,"data_set_value_component_constants_variable_k1":0.0111724324,"data_set_value_component_constants_variable_k1_":0.88,"data_set_value_component_constants_variable_k2":0.5,"data_set_value_component_constants_variable_k3":0.5,"data_set_value_component_constants_variable_k4":9.53601372e-96,"data_set_value_component_constants_variable_k5":0.02,"data_set_value_component_constants_variable_alpha_1":40.0,"data_set_value_component_constants_variable_beta_1":0.8,"data_set_value_component_constants_variable_alpha_4":0.06,"data_set_value_component_constants_variable_beta_4":0.01},{"data_set_value_component_environment_variable_time":0.5,"data_set_value_component_volume_i_variable_volume_i0":1450.0,"data_set_value_component_volume_i_variable_volume_i":1450.0,"data_set_value_component_volume_er_variable_gamma":4.9,"data_set_value_component_volume_er_variable_volume_er":295.9183673469,"data_set_value_component_volumeCa_i_variable_volumeCa_i":75.8334579904,"data_set_value_component_Ca_i_variable_Ca_i":0.0522989365,"data_set_value_component_volumeCa_er_variable_volumeCa_er":1199.7366331224,"data_set_value_component_Ca_er_variable_Ca_er":4.0542824154,"data_set_value_component_volume_iIP3_variable_volume_iIP3":1.041001375e-92,"data_set_value_component_IP3_variable_IP3":7.179319831e-96,"data_set_value_component_PIP2_variable_PIP2":1.0,"data_set_value_component_PIP2_variable_PIP2_Total":5.0,"data_set_value_component_IPX_variable_IPX":0.0,"data_set_value_component_IPX_variable_PIP2_Total":25.0,"data_set_value_component_J_ip3R_variable_J_ip3R":10.0,"data_set_value_component_J_ip3R_variable_J_ip3R0":10.0,"data_set_value_component_receptor_variable_ATP_e":0.0,"data_set_value_component_receptor_variable_V_IP3":0.0,"data_set_value_component_receptor_variable_MechanicalStimulation":0.0,"data_set_value_component_receptor_variable_V_mech":0.0,"data_set_value_component_receptor_variable_V_mech0":1.0,"data_set_value_component_receptor_variable_C_1":2.6,"data_set_value_component_receptor_variable_C_2":0.02,"data_set_value_component_receptor_variable_C_3":2.3,"data_set_value_component_receptor_variable_C_4":10.0,"data_set_value_component_receptor_variable_V_ATP":0.001,"data_set_value_component_receptor_variable_K_ATP":0.0001,"data_set_value_component_J_ip3P_variable_J_ip3P":0.0,"data_set_value_component_J_ip3D_variable_J_ip3D":5.695722911e-94,"data_set_value_component_J_ip3D_variable_Beta_1":0.0,"data_set_value_component_J_ip3D_variable_Beta_2":36.0,"data_set_value_component_J_ip3D_variable_F_Ca":0.1484504525,"data_set_value_component_J_ip3D_variable_K_rc":0.3,"data_set_value_component_J_ip3D_variable_K_IP3":0.01,"data_set_value_component_Jipt_variable_Jipt":0.0,"data_set_value_component_Jipt_variable_Pipt":0.0,"data_set_value_component_Jipt_variable_Jipt0":28.0,"data_set_value_component_Jryr_variable_Ka":0.3722419,"data_set_value_component_Jryr_variable_Kb":0.636005,"data_set_value_component_Jryr_variable_Kc":0.0571428,"data_set_value_component_Jryr_variable_Jryr":0.0,"data_set_value_component_Jryr_variable_Jryr0":0.0,"data_set_value_component_Jryr_variable_Pryr":0.9865058093,"data_set_value_component_Jryr_variable_W_inf":0.9932299881,"data_set_value_component_Jer_variable_Jer":20.3100661551,"data_set_value_component_Jer_variable_Jer0":0.0035,"data_set_value_component_Jserca_variable_Jserca":20.3083771077,"data_set_value_component_Jserca_variable_Vserca":0.09,"data_set_value_component_Jserca_variable_Kserca":0.04,"data_set_value_component_Jin_variable_Jin":0.7852697373,"data_set_value_component_Jin_variable_Vm":-39.0,"data_set_value_component_Jin_variable_V_Ca":135.1764381787,"data_set_value_component_Jin_variable_R":8314.0,"data_set_value_component_Jin_variable_T":310.0,"data_set_value_component_Jin_variable_F":96485.0,"data_set_value_component_Jin_variable_z_Ca":2.0,"data_set_value_component_Jin_variable_Ca_ext":1300.0,"data_set_value_component_Jin_variable_P_pm_1":0.6,"data_set_value_component_Jin_variable_P_pm_2":28.0,"data_set_value_component_Jin_variable_Iin_1":151533.5012154481,"data_set_value_component_Jin_variable_Iin_2":0.0,"data_set_value_component_Jin_variable_Jin_1":0.7852697373,"data_set_value_component_Jin_variable_Jin_2":0.0,"data_set_value_component_Jpm_variable_Jpm":0.7872207595,"data_set_value_component_Jpm_variable_Vpm":0.072,"data_set_value_component_Jpm_variable_Kpm":0.6,"data_set_value_component_O_variable_O":-1.163640232e-89,"data_set_value_component_O_variable_S":1.0,"data_set_value_component_I1_variable_I1":1.752192817e-81,"data_set_value_component_I2_variable_I2":1.002708845e-40,"data_set_value_component_constants_variable_k1":0.0111724208,"data_set_value_component_constants_variable_k1_":0.88,"data_set_value_component_constants_variable_k2":0.5,"data_set_value_component_constants_variable_k3":0.5,"data_set_value_component_constants_variable_k4":4.307591898e-95,"data_set_value_component_constants_variable_k5":0.02,"data_set_value_component_constants_variable_alpha_1":40.0,"data_set_value_component_constants_variable_beta_1":0.8,"data_set_value_component_constants_variable_alpha_4":0.06,"data_set_value_component_constants_variable_beta_4":0.01},{"data_set_value_component_environment_variable_time":0.6,"data_set_value_component_volume_i_variable_volume_i0":1450.0,"data_set_value_component_volume_i_variable_volume_i":1450.0,"data_set_value_component_volume_er_variable_gamma":4.9,"data_set_value_component_volume_er_variable_volume_er":295.9183673469,"data_set_value_component_volumeCa_i_variable_volumeCa_i":75.8334318127,"data_set_value_component_Ca_i_variable_Ca_i":0.0522989185,"data_set_value_component_volumeCa_er_variable_volumeCa_er":1199.7364643448,"data_set_value_component_Ca_er_variable_Ca_er":4.054281845,"data_set_value_component_volume_iIP3_variable_volume_iIP3":1.769160701e-92,"data_set_value_component_IP3_variable_IP3":1.220110828e-95,"data_set_value_component_PIP2_variable_PIP2":1.0,"data_set_value_component_PIP2_variable_PIP2_Total":5.0,"data_set_value_component_IPX_variable_IPX":0.0,"data_set_value_component_IPX_variable_PIP2_Total":25.0,"data_set_value_component_J_ip3R_variable_J_ip3R":10.0,"data_set_value_component_J_ip3R_variable_J_ip3R0":10.0,"data_set_value_component_receptor_variable_ATP_e":0.0,"data_set_value_component_receptor_variable_V_IP3":0.0,"data_set_value_component_receptor_variable_MechanicalStimulation":0.0,"data_set_value_component_receptor_variable_V_mech":0.0,"data_set_value_component_receptor_variable_V_mech0":1.0,"data_set_value_component_receptor_variable_C_1":2.6,"data_set_value_component_receptor_variable_C_2":0.02,"data_set_value_component_receptor_variable_C_3":2.3,"data_set_value_component_receptor_variable_C_4":10.0,"data_set_value_component_receptor_variable_V_ATP":0.001,"data_set_value_component_receptor_variable_K_ATP":0.0001,"data_set_value_component_J_ip3P_variable_J_ip3P":0.0,"data_set_value_component_J_ip3D_variable_J_ip3D":9.679759747e-94,"data_set_value_component_J_ip3D_variable_Beta_1":0.0,"data_set_value_component_J_ip3D_variable_Beta_2":36.0,"data_set_value_component_J_ip3D_variable_F_Ca":0.1484504089,"data_set_value_component_J_ip3D_variable_K_rc":0.3,"data_set_value_component_J_ip3D_variable_K_IP3":0.01,"data_set_value_component_Jipt_variable_Jipt":0.0,"data_set_value_component_Jipt_variable_Pipt":0.0,"data_set_value_component_Jipt_variable_Jipt0":28.0,"data_set_value_component_Jryr_variable_Ka":0.3722419,"data_set_value_component_Jryr_variable_Kb":0.636005,"data_set_value_component_Jryr_variable_Kc":0.0571428,"data_set_value_component_Jryr_variable_Jryr":0.0,"data_set_value_component_Jryr_variable_Jryr0":0.0,"data_set_value_component_Jryr_variable_Pryr":0.9865058277,"data_set_value_component_Jryr_variable_W_inf":0.9932299974,"data_set_value_component_Jer_variable_Jer":20.3100633522,"data_set_value_component_Jer_variable_Jer0":0.0035,"data_set_value_component_Jserca_variable_Jserca":20.3083747899,"data_set_value_component_Jserca_variable_Vserca":0.09,"data_set_value_component_Jserca_variable_Kserca":0.04,"data_set_value_component_Jin_variable_Jin":0.7852697581,"data_set_value_component_Jin_variable_Vm":-39.0,"data_set_value_component_Jin_variable_V_Ca":135.1764427892,"data_set_value_component_Jin_variable_R":8314.0,"data_set_value_component_Jin_variable_T":310.0,"data_set_value_component_Jin_variable_F":96485.0,"data_set_value_component_Jin_variable_z_Ca":2.0,"data_set_value_component_Jin_variable_Ca_ext":1300.0,"data_set_value_component_Jin_variable_P_pm_1":0.6,"data_set_value_component_Jin_variable_P_pm_2":28.0,"data_set_value_component_Jin_variable_Iin_1":151533.5052266336,"data_set_value_component_Jin_variable_Iin_2":0.0,"data_set_value_component_Jin_variable_Jin_1":0.7852697581,"data_set_value_component_Jin_variable_Jin_2":0.0,"data_set_value_component_Jpm_variable_Jpm":0.7872202201,"data_set_value_component_Jpm_variable_Vpm":0.072,"data_set_value_component_Jpm_variable_Kpm":0.6,"data_set_value_component_O_variable_O":-9.24299191e-90,"data_set_value_component_O_variable_S":1.0,"data_set_value_component_I1_variable_I1":1.662813608e-81,"data_set_value_component_I2_variable_I2":1.000713309e-40,"data_set_value_component_constants_variable_k1":0.0111724092,"data_set_value_component_constants_variable_k1_":0.88,"data_set_value_component_constants_variable_k2":0.5,"data_set_value_component_constants_variable_k3":0.5,"data_set_value_component_constants_variable_k4":7.320664968e-95,"data_set_value_component_constants_variable_k5":0.02,"data_set_value_component_constants_variable_alpha_1":40.0,"data_set_value_component_constants_variable_beta_1":0.8,"data_set_value_component_constants_variable_alpha_4":0.06,"data_set_value_component_constants_variable_beta_4":0.01},{"data_set_value_component_environment_variable_time":0.7,"data_set_value_component_volume_i_variable_volume_i0":1450.0,"data_set_value_component_volume_i_variable_volume_i":1450.0,"data_set_value_component_volume_er_variable_gamma":4.9,"data_set_value_component_volume_er_variable_volume_er":295.9183673469,"data_set_value_component_volumeCa_i_variable_volumeCa_i":75.8334056416,"data_set_value_component_Ca_i_variable_Ca_i":0.0522989004,"data_set_value_component_volumeCa_er_variable_volumeCa_er":1199.7362956103,"data_set_value_component_Ca_er_variable_Ca_er":4.0542812748,"data_set_value_component_volume_iIP3_variable_volume_iIP3":2.41493164e-92,"data_set_value_component_IP3_variable_IP3":1.665470097e-95,"data_set_value_component_PIP2_variable_PIP2":1.0,"data_set_value_component_PIP2_variable_PIP2_Total":5.0,"data_set_value_component_IPX_variable_IPX":0.0,"data_set_value_component_IPX_variable_PIP2_Total":25.0,"data_set_value_component_J_ip3R_variable_J_ip3R":10.0,"data_set_value_component_J_ip3R_variable_J_ip3R0":10.0,"data_set_value_component_receptor_variable_ATP_e":0.0,"data_set_value_component_receptor_variable_V_IP3":0.0,"data_set_value_component_receptor_variable_MechanicalStimulation":0.0,"data_set_value_component_receptor_variable_V_mech":0.0,"data_set_value_component_receptor_variable_V_mech0":1.0,"data_set_value_component_receptor_variable_C_1":2.6,"data_set_value_component_receptor_variable_C_2":0.02,"data_set_value_component_receptor_variable_C_3":2.3,"data_set_value_component_receptor_variable_C_4":10.0,"data_set_value_component_receptor_variable_V_ATP":0.001,"data_set_value_component_receptor_variable_K_ATP":0.0001,"data_set_value_component_J_ip3P_variable_J_ip3P":0.0,"data_set_value_component_J_ip3D_variable_J_ip3D":1.321301357e-93,"data_set_value_component_J_ip3D_variable_Beta_1":0.0,"data_set_value_component_J_ip3D_variable_Beta_2":36.0,"data_set_value_component_J_ip3D_variable_F_Ca":0.1484503652,"data_set_value_component_J_ip3D_variable_K_rc":0.3,"data_set_value_component_J_ip3D_variable_K_IP3":0.01,"data_set_value_component_Jipt_variable_Jipt":0.0,"data_set_value_component_Jipt_variable_Pipt":0.0,"data_set_value_component_Jipt_variable_Jipt0":28.0,"data_set_value_component_Jryr_variable_Ka":0.3722419,"data_set_value_component_Jryr_variable_Kb":0.636005,"data_set_value_component_Jryr_variable_Kc":0.0571428,"data_set_value_component_Jryr_variable_Jryr":0.0,"data_set_value_component_Jryr_variable_Jryr0":0.0,"data_set_value_component_Jryr_variable_Pryr":0.9865058462,"data_set_value_component_Jryr_variable_W_inf":0.9932300067,"data_set_value_component_Jer_variable_Jer":20.31006055,"data_set_value_component_Jer_variable_Jer0":0.0035,"data_set_value_component_Jserca_variable_Jserca":20.3083724727,"data_set_value_component_Jserca_variable_Vserca":0.09,"data_set_value_component_Jserca_variable_Kserca":0.04,"data_set_value_component_Jin_variable_Jin":0.7852697789,"data_set_value_component_Jin_variable_Vm":-39.0,"data_set_value_component_Jin_variable_V_Ca":135.1764473986,"data_set_value_component_Jin_variable_R":8314.0,"data_set_value_component_Jin_variable_T":310.0,"data_set_value_component_Jin_variable_F":96485.0,"data_set_value_component_Jin_variable_z_Ca":2.0,"data_set_value_component_Jin_variable_Ca_ext":1300.0,"data_set_value_component_Jin_variable_P_pm_1":0.6,"data_set_value_component_Jin_variable_P_pm_2":28.0,"data_set_value_component_Jin_variable_Iin_1":151533.5092367989,"data_set_value_component_Jin_variable_Iin_2":0.0,"data_set_value_component_Jin_variable_Jin_1":0.7852697789,"data_set_value_component_Jin_variable_Jin_2":0.0,"data_set_value_component_Jpm_variable_Jpm":0.7872196809,"data_set_value_component_Jpm_variable_Vpm":0.072,"data_set_value_component_Jpm_variable_Kpm":0.6,"data_set_value_component_O_variable_O":-7.012355369e-90,"data_set_value_component_O_variable_S":1.0,"data_set_value_component_I1_variable_I1":1.576588362e-81,"data_set_value_component_I2_variable_I2":9.987212881e-41,"data_set_value_component_constants_variable_k1":0.0111723977,"data_set_value_component_constants_variable_k1_":0.88,"data_set_value_component_constants_variable_k2":0.5,"data_set_value_component_constants_variable_k3":0.5,"data_set_value_component_constants_variable_k4":9.99282058e-95,"data_set_value_component_constants_variable_k5":0.02,"data_set_value_component_constants_variable_alpha_1":40.0,"data_set_value_component_constants_variable_beta_1":0.8,"data_set_value_component_constants_variable_alpha_4":0.06,"data_set_value_component_constants_variable_beta_4":0.01},{"data_set_value_component_environment_variable_time":0.8,"data_set_value_component_volume_i_variable_volume_i0":1450.0,"data_set_value_component_volume_i_variable_volume_i":1450.0,"data_set_value_component_volume_er_variable_gamma":4.9,"data_set_value_component_volume_er_variable_volume_er":295.9183673469,"data_set_value_component_volumeCa_i_variable_volumeCa_i":75.8333794771,"data_set_value_component_Ca_i_variable_Ca_i":0.0522988824,"data_set_value_component_volumeCa_er_variable_volumeCa_er":1199.7361269188,"data_set_value_component_Ca_er_variable_Ca_er":4.0542807048,"data_set_value_component_volume_iIP3_variable_volume_iIP3":2.978314194e-92,"data_set_value_component_IP3_variable_IP3":2.054009789e-95,"data_set_value_component_PIP2_variable_PIP2":1.0,"data_set_value_component_PIP2_variable_PIP2_Total":5.0,"data_set_value_component_IPX_variable_IPX":0.0,"data_set_value_component_IPX_variable_PIP2_Total":25.0,"data_set_value_component_J_ip3R_variable_J_ip3R":10.0,"data_set_value_component_J_ip3R_variable_J_ip3R0":10.0,"data_set_value_component_receptor_variable_ATP_e":0.0,"data_set_value_component_receptor_variable_V_IP3":0.0,"data_set_value_component_receptor_variable_MechanicalStimulation":0.0,"data_set_value_component_receptor_variable_V_mech":0.0,"data_set_value_component_receptor_variable_V_mech0":1.0,"data_set_value_component_receptor_variable_C_1":2.6,"data_set_value_component_receptor_variable_C_2":0.02,"data_set_value_component_receptor_variable_C_3":2.3,"data_set_value_component_receptor_variable_C_4":10.0,"data_set_value_component_receptor_variable_V_ATP":0.001,"data_set_value_component_receptor_variable_K_ATP":0.0001,"data_set_value_component_J_ip3P_variable_J_ip3P":0.0,"data_set_value_component_J_ip3D_variable_J_ip3D":1.629548518e-93,"data_set_value_component_J_ip3D_variable_Beta_1":0.0,"data_set_value_component_J_ip3D_variable_Beta_2":36.0,"data_set_value_component_J_ip3D_variable_F_Ca":0.1484503216,"data_set_value_component_J_ip3D_variable_K_rc":0.3,"data_set_value_component_J_ip3D_variable_K_IP3":0.01,"data_set_value_component_Jipt_variable_Jipt":0.0,"data_set_value_component_Jipt_variable_Pipt":0.0,"data_set_value_component_Jipt_variable_Jipt0":28.0,"data_set_value_component_Jryr_variable_Ka":0.3722419,"data_set_value_component_Jryr_variable_Kb":0.636005,"data_set_value_component_Jryr_variable_Kc":0.0571428,"data_set_value_component_Jryr_variable_Jryr":0.0,"data_set_value_component_Jryr_variable_Jryr0":0.0,"data_set_value_component_Jryr_variable_Pryr":0.9865058646,"data_set_value_component_Jryr_variable_W_inf":0.993230016,"data_set_value_component_Jer_variable_Jer":20.3100577485,"data_set_value_component_Jer_variable_Jer0":0.0035,"data_set_value_component_Jserca_variable_Jserca":20.3083701561,"data_set_value_component_Jserca_variable_Vserca":0.09,"data_set_value_component_Jserca_variable_Kserca":0.04,"data_set_value_component_Jin_variable_Jin":0.7852697997,"data_set_value_component_Jin_variable_Vm":-39.0,"data_set_value_component_Jin_variable_V_Ca":135.1764520068,"data_set_value_component_Jin_variable_R":8314.0,"data_set_value_component_Jin_variable_T":310.0,"data_set_value_component_Jin_variable_F":96485.0,"data_set_value_component_Jin_variable_z_Ca":2.0,"data_set_value_component_Jin_variable_Ca_ext":1300.0,"data_set_value_component_Jin_variable_P_pm_1":0.6,"data_set_value_component_Jin_variable_P_pm_2":28.0,"data_set_value_component_Jin_variable_Iin_1":151533.513245944,"data_set_value_component_Jin_variable_Iin_2":0.0,"data_set_value_component_Jin_variable_Jin_1":0.7852697997,"data_set_value_component_Jin_variable_Jin_2":0.0,"data_set_value_component_Jpm_variable_Jpm":0.7872191417,"data_set_value_component_Jpm_variable_Vpm":0.072,"data_set_value_component_Jpm_variable_Kpm":0.6,"data_set_value_component_O_variable_O":-4.944492693e-90,"data_set_value_component_O_variable_S":1.0,"data_set_value_component_I1_variable_I1":1.49351708e-81,"data_set_value_component_I2_variable_I2":9.967327821e-41,"data_set_value_component_constants_variable_k1":0.0111723861,"data_set_value_component_constants_variable_k1_":0.88,"data_set_value_component_constants_variable_k2":0.5,"data_set_value_component_constants_variable_k3":0.5,"data_set_value_component_constants_variable_k4":1.232405874e-94,"data_set_value_component_constants_variable_k5":0.02,"data_set_value_component_constants_variable_alpha_1":40.0,"data_set_value_component_constants_variable_beta_1":0.8,"data_set_value_component_constants_variable_alpha_4":0.06,"data_set_value_component_constants_variable_beta_4":0.01},{"data_set_value_component_environment_variable_time":0.9,"data_set_value_component_volume_i_variable_volume_i0":1450.0,"data_set_value_component_volume_i_variable_volume_i":1450.0,"data_set_value_component_volume_er_variable_gamma":4.9,"data_set_value_component_volume_er_variable_volume_er":295.9183673469,"data_set_value_component_volumeCa_i_variable_volumeCa_i":75.8333533194,"data_set_value_component_Ca_i_variable_Ca_i":0.0522988644,"data_set_value_component_volumeCa_er_variable_volumeCa_er":1199.7359582704,"data_set_value_component_Ca_er_variable_Ca_er":4.0542801348,"data_set_value_component_volume_iIP3_variable_volume_iIP3":3.459308363e-92,"data_set_value_component_IP3_variable_IP3":2.385729906e-95,"data_set_value_component_PIP2_variable_PIP2":1.0,"data_set_value_component_PIP2_variable_PIP2_Total":5.0,"data_set_value_component_IPX_variable_IPX":0.0,"data_set_value_component_IPX_variable_PIP2_Total":25.0,"data_set_value_component_J_ip3R_variable_J_ip3R":10.0,"data_set_value_component_J_ip3R_variable_J_ip3R0":10.0,"data_set_value_component_receptor_variable_ATP_e":0.0,"data_set_value_component_receptor_variable_V_IP3":0.0,"data_set_value_component_receptor_variable_MechanicalStimulation":0.0,"data_set_value_component_receptor_variable_V_mech":0.0,"data_set_value_component_receptor_variable_V_mech0":1.0,"data_set_value_component_receptor_variable_C_1":2.6,"data_set_value_component_receptor_variable_C_2":0.02,"data_set_value_component_receptor_variable_C_3":2.3,"data_set_value_component_receptor_variable_C_4":10.0,"data_set_value_component_receptor_variable_V_ATP":0.001,"data_set_value_component_receptor_variable_K_ATP":0.0001,"data_set_value_component_J_ip3P_variable_J_ip3P":0.0,"data_set_value_component_J_ip3D_variable_J_ip3D":1.892717536e-93,"data_set_value_component_J_ip3D_variable_Beta_1":0.0,"data_set_value_component_J_ip3D_variable_Beta_2":36.0,"data_set_value_component_J_ip3D_variable_F_Ca":0.148450278,"data_set_value_component_J_ip3D_variable_K_rc":0.3,"data_set_value_component_J_ip3D_variable_K_IP3":0.01,"data_set_value_component_Jipt_variable_Jipt":0.0,"data_set_value_component_Jipt_variable_Pipt":0.0,"data_set_value_component_Jipt_variable_Jipt0":28.0,"data_set_value_component_Jryr_variable_Ka":0.3722419,"data_set_value_component_Jryr_variable_Kb":0.636005,"data_set_value_component_Jryr_variable_Kc":0.0571428,"data_set_value_component_Jryr_variable_Jryr":0.0,"data_set_value_component_Jryr_variable_Jryr0":0.0,"data_set_value_component_Jryr_variable_Pryr":0.986505883,"data_set_value_component_Jryr_variable_W_inf":0.9932300252,"data_set_value_component_Jer_variable_Jer":20.3100549477,"data_set_value_component_Jer_variable_Jer0":0.0035,"data_set_value_component_Jserca_variable_Jserca":20.3083678401,"data_set_value_component_Jserca_variable_Vserca":0.09,"data_set_value_component_Jserca_variable_Kserca":0.04,"data_set_value_component_Jin_variable_Jin":0.7852698205,"data_set_value_component_Jin_variable_Vm":-39.0,"data_set_value_component_Jin_variable_V_Ca":135.1764566139,"data_set_value_component_Jin_variable_R":8314.0,"data_set_value_component_Jin_variable_T":310.0,"data_set_value_component_Jin_variable_F":96485.0,"data_set_value_component_Jin_variable_z_Ca":2.0,"data_set_value_component_Jin_variable_Ca_ext":1300.0,"data_set_value_component_Jin_variable_P_pm_1":0.6,"data_set_value_component_Jin_variable_P_pm_2":28.0,"data_set_value_component_Jin_variable_Iin_1":151533.517254069,"data_set_value_component_Jin_variable_Iin_2":0.0,"data_set_value_component_Jin_variable_Jin_1":0.7852698205,"data_set_value_component_Jin_variable_Jin_2":0.0,"data_set_value_component_Jpm_variable_Jpm":0.7872186028,"data_set_value_component_Jpm_variable_Vpm":0.072,"data_set_value_component_Jpm_variable_Kpm":0.6,"data_set_value_component_O_variable_O":-3.039403882e-90,"data_set_value_component_O_variable_S":1.0,"data_set_value_component_I1_variable_I1":1.413599763e-81,"data_set_value_component_I2_variable_I2":9.94747791e-41,"data_set_value_component_constants_variable_k1":0.0111723745,"data_set_value_component_constants_variable_k1_":0.88,"data_set_value_component_constants_variable_k2":0.5,"data_set_value_component_constants_variable_k3":0.5,"data_set_value_component_constants_variable_k4":1.431437943e-94,"data_set_value_component_constants_variable_k5":0.02,"data_set_value_component_constants_variable_alpha_1":40.0,"data_set_value_component_constants_variable_beta_1":0.8,"data_set_value_component_constants_variable_alpha_4":0.06,"data_set_value_component_constants_variable_beta_4":0.01},{"data_set_value_component_environment_variable_time":1.0,"data_set_value_component_volume_i_variable_volume_i0":1450.0,"data_set_value_component_volume_i_variable_volume_i":1450.0,"data_set_value_component_volume_er_variable_gamma":4.9,"data_set_value_component_volume_er_variable_volume_er":295.9183673469,"data_set_value_component_volumeCa_i_variable_volumeCa_i":75.8333271683,"data_set_value_component_Ca_i_variable_Ca_i":0.0522988463,"data_set_value_component_volumeCa_er_variable_volumeCa_er":1199.7357896651,"data_set_value_component_Ca_er_variable_Ca_er":4.0542795651,"data_set_value_component_volume_iIP3_variable_volume_iIP3":3.857914146e-92,"data_set_value_component_IP3_variable_IP3":2.660630446e-95,"data_set_value_component_PIP2_variable_PIP2":1.0,"data_set_value_component_PIP2_variable_PIP2_Total":5.0,"data_set_value_component_IPX_variable_IPX":0.0,"data_set_value_component_IPX_variable_PIP2_Total":25.0,"data_set_value_component_J_ip3R_variable_J_ip3R":10.0,"data_set_value_component_J_ip3R_variable_J_ip3R0":10.0,"data_set_value_component_receptor_variable_ATP_e":0.0,"data_set_value_component_receptor_variable_V_IP3":0.0,"data_set_value_component_receptor_variable_MechanicalStimulation":0.0,"data_set_value_component_receptor_variable_V_mech":0.0,"data_set_value_component_receptor_variable_V_mech0":1.0,"data_set_value_component_receptor_variable_C_1":2.6,"data_set_value_component_receptor_variable_C_2":0.02,"data_set_value_component_receptor_variable_C_3":2.3,"data_set_value_component_receptor_variable_C_4":10.0,"data_set_value_component_receptor_variable_V_ATP":0.001,"data_set_value_component_receptor_variable_K_ATP":0.0001,"data_set_value_component_J_ip3P_variable_J_ip3P":0.0,"data_set_value_component_J_ip3D_variable_J_ip3D":2.110808492e-93,"data_set_value_component_J_ip3D_variable_Beta_1":0.0,"data_set_value_component_J_ip3D_variable_Beta_2":36.0,"data_set_value_component_J_ip3D_variable_F_Ca":0.1484502344,"data_set_value_component_J_ip3D_variable_K_rc":0.3,"data_set_value_component_J_ip3D_variable_K_IP3":0.01,"data_set_value_component_Jipt_variable_Jipt":0.0,"data_set_value_component_Jipt_variable_Pipt":0.0,"data_set_value_component_Jipt_variable_Jipt0":28.0,"data_set_value_component_Jryr_variable_Ka":0.3722419,"data_set_value_component_Jryr_variable_Kb":0.636005,"data_set_value_component_Jryr_variable_Kc":0.0571428,"data_set_value_component_Jryr_variable_Jryr":0.0,"data_set_value_component_Jryr_variable_Jryr0":0.0,"data_set_value_component_Jryr_variable_Pryr":0.9865059014,"data_set_value_component_Jryr_variable_W_inf":0.9932300345,"data_set_value_component_Jer_variable_Jer":20.3100521477,"data_set_value_component_Jer_variable_Jer0":0.0035,"data_set_value_component_Jserca_variable_Jserca":20.3083655246,"data_set_value_component_Jserca_variable_Vserca":0.09,"data_set_value_component_Jserca_variable_Kserca":0.04,"data_set_value_component_Jin_variable_Jin":0.7852698412,"data_set_value_component_Jin_variable_Vm":-39.0,"data_set_value_component_Jin_variable_V_Ca":135.1764612197,"data_set_value_component_Jin_variable_R":8314.0,"data_set_value_component_Jin_variable_T":310.0,"data_set_value_component_Jin_variable_F":96485.0,"data_set_value_component_Jin_variable_z_Ca":2.0,"data_set_value_component_Jin_variable_Ca_ext":1300.0,"data_set_value_component_Jin_variable_P_pm_1":0.6,"data_set_value_component_Jin_variable_P_pm_2":28.0,"data_set_value_component_Jin_variable_Iin_1":151533.5212611737,"data_set_value_component_Jin_variable_Iin_2":0.0,"data_set_value_component_Jin_variable_Jin_1":0.7852698412,"data_set_value_component_Jin_variable_Jin_2":0.0,"data_set_value_component_Jpm_variable_Jpm":0.7872180639,"data_set_value_component_Jpm_variable_Vpm":0.072,"data_set_value_component_Jpm_variable_Kpm":0.6,"data_set_value_component_O_variable_O":-1.297088937e-90,"data_set_value_component_O_variable_S":1.0,"data_set_value_component_I1_variable_I1":1.336836409e-81,"data_set_value_component_I2_variable_I2":9.927663149e-41,"data_set_value_component_constants_variable_k1":0.011172363,"data_set_value_component_constants_variable_k1_":0.88,"data_set_value_component_constants_variable_k2":0.5,"data_set_value_component_constants_variable_k3":0.5,"data_set_value_component_constants_variable_k4":1.596378268e-94,"data_set_value_component_constants_variable_k5":0.02,"data_set_value_component_constants_variable_alpha_1":40.0,"data_set_value_component_constants_variable_beta_1":0.8,"data_set_value_component_constants_variable_alpha_4":0.06,"data_set_value_component_constants_variable_beta_4":0.01}]