[{"data_set_value_component_environment_variable_time":0.0,"data_set_value_component_Glc_x_0_variable_Glc_x_0":24.0,"data_set_value_component_Glc_x_variable_Glc_x":6.7,"data_set_value_component_Glc_variable_Glc":0.573074,"data_set_value_component_G6P_variable_G6P":4.2,"data_set_value_component_F6P_variable_F6P":0.49,"data_set_value_component_FBP_variable_FBP":4.64,"data_set_value_component_GAP_variable_GAP":0.115,"data_set_value_component_DHAP_variable_DHAP":2.95,"data_set_value_component_BPG_variable_BPG":0.00027,"data_set_value_component_PEP_variable_PEP":0.04,"data_set_value_component_Pyr_variable_Pyr":8.7,"data_set_value_component_ATP_variable_ATP":2.1,"data_set_value_component_ADP_variable_ADP":1.5,"data_set_value_component_AMP_variable_AMP":0.33,"data_set_value_component_CN_x_0_variable_CN_x_0":5.6,"data_set_value_component_CN_x_variable_CN_x":5.20358,"data_set_value_component_ACA_variable_ACA":1.48153,"data_set_value_component_ACA_x_variable_ACA_x":1.28836,"data_set_value_component_EtOH_variable_EtOH":19.2379,"data_set_value_component_EtOH_x_variable_EtOH_x":16.4514,"data_set_value_component_Glyc_variable_Glyc":4.196,"data_set_value_component_Glyc_x_variable_Glyc_x":1.68478,"data_set_value_component_NADH_variable_NADH":0.33,"data_set_value_component_NAD_variable_NAD":0.65,"data_set_value_component_inGlc_variable_inGlc":0.8304,"data_set_value_component_GlcTrans_variable_GlcTrans":1.9695319847,"data_set_value_component_GlcTrans_variable_K2_Glc":1.7,"data_set_value_component_GlcTrans_variable_K2_IG6P":1.2,"data_set_value_component_GlcTrans_variable_K2_IIG6P":7.2,"data_set_value_component_GlcTrans_variable_V_2m":1014.96,"data_set_value_component_GlcTrans_variable_P2":1.0,"data_set_value_component_HK_variable_HK":47.9937267353,"data_set_value_component_HK_variable_K3_DGlc":0.37,"data_set_value_component_HK_variable_K3_Glc":0.0,"data_set_value_component_HK_variable_K3_ATP":0.1,"data_set_value_component_HK_variable_V_3m":51.7547,"data_set_value_component_PGI_variable_PGI":28.0665014145,"data_set_value_component_PGI_variable_V_4m":496.042,"data_set_value_component_PGI_variable_K4_G6P":0.8,"data_set_value_component_PGI_variable_K4_F6P":0.15,"data_set_value_component_PGI_variable_K4_eq":0.13,"data_set_value_component_PFK_variable_PFK":28.0665249855,"data_set_value_component_PFK_variable_K5":0.021,"data_set_value_component_PFK_variable_kappa5":0.15,"data_set_value_component_PFK_variable_V_5m":45.4327,"data_set_value_component_ALD_variable_ALD":28.0664949836,"data_set_value_component_ALD_variable_K6_eq":0.081,"data_set_value_component_ALD_variable_K6_FBP":0.3,"data_set_value_component_ALD_variable_K6_DHAP":2.0,"data_set_value_component_ALD_variable_K6_GAP":4.0,"data_set_value_component_ALD_variable_K6_IGAP":10.0,"data_set_value_component_ALD_variable_V_6r":11039.1,"data_set_value_component_ALD_variable_V_6f":2207.82,"data_set_value_component_TIM_variable_TIM":23.2951081767,"data_set_value_component_TIM_variable_K7_eq":0.055,"data_set_value_component_TIM_variable_K7_DHAP":1.23,"data_set_value_component_TIM_variable_K7_GAP":1.27,"data_set_value_component_TIM_variable_V_7m":116.365,"data_set_value_component_GAPDH_variable_GAPDH":51.3617087822,"data_set_value_component_GAPDH_variable_K8_NAD":0.1,"data_set_value_component_GAPDH_variable_K8_NADH":0.06,"data_set_value_component_GAPDH_variable_K8_GAP":0.6,"data_set_value_component_GAPDH_variable_K8_BPG":0.01,"data_set_value_component_GAPDH_variable_K8_eq":0.0055,"data_set_value_component_GAPDH_variable_V_8m":833.858,"data_set_value_component_lpPEP_variable_lpPEP":51.36165,"data_set_value_component_lpPEP_variable_k9f":443866.0,"data_set_value_component_lpPEP_variable_k9r":1528.62,"data_set_value_component_PK_variable_PK":51.3616766467,"data_set_value_component_PK_variable_K10_PEP":0.2,"data_set_value_component_PK_variable_K10_ADP":0.17,"data_set_value_component_PK_variable_V_10m":343.096,"data_set_value_component_PDC_variable_PDC":51.3617066667,"data_set_value_component_PDC_variable_K11":0.3,"data_set_value_component_PDC_variable_V_11m":53.1328,"data_set_value_component_ADH_variable_ADH":46.590350122,"data_set_value_component_ADH_variable_K12_NADH":0.1,"data_set_value_component_ADH_variable_K12_ACA":0.71,"data_set_value_component_ADH_variable_V_12m":89.8023,"data_set_value_component_outEtOH_variable_outEtOH":0.7896672,"data_set_value_component_difEtOH_variable_difEtOH":0.7896657627,"data_set_value_component_difEtOH_variable_k13":16.72,"data_set_value_component_lpGlyc_variable_lpGlyc":4.7713006677,"data_set_value_component_lpGlyc_variable_K15_NADH":0.13,"data_set_value_component_lpGlyc_variable_K15_INADH":0.034,"data_set_value_component_lpGlyc_variable_K15_INAD":0.13,"data_set_value_component_lpGlyc_variable_K15_DHAP":25.0,"data_set_value_component_lpGlyc_variable_V_15m":81.4797,"data_set_value_component_outGlyc_variable_outGlyc":0.08086944,"data_set_value_component_difGlyc_variable_difGlyc":0.0808697966,"data_set_value_component_difGlyc_variable_k16":1.9,"data_set_value_component_outACA_variable_outACA":0.06184128,"data_set_value_component_difACA_variable_difACA":0.0808694746,"data_set_value_component_difACA_variable_k18":24.7,"data_set_value_component_lacto_variable_lacto":0.0190280685,"data_set_value_component_lacto_variable_k20":0.00283828,"data_set_value_component_inCN_variable_inCN":0.01902816,"data_set_value_component_storage_variable_storage":19.9272024,"data_set_value_component_storage_variable_k22":2.25932,"data_set_value_component_consum_variable_consum":6.73596,"data_set_value_component_consum_variable_k23":3.2076,"data_set_value_component_AK_variable_AK":0.00045,"data_set_value_component_AK_variable_k24f":432.9,"data_set_value_component_AK_variable_k24r":133.333,"data_set_value_component_model_parameters_variable_y_vol":59.0,"data_set_value_component_model_parameters_variable_k0":0.048},{"data_set_value_component_environment_variable_time":0.1,"data_set_value_component_Glc_x_0_variable_Glc_x_0":24.0,"data_set_value_component_Glc_x_variable_Glc_x":6.6669374249,"data_set_value_component_Glc_variable_Glc":2.5411396214,"data_set_value_component_G6P_variable_G6P":4.2081079876,"data_set_value_component_F6P_variable_F6P":0.4863380583,"data_set_value_component_FBP_variable_FBP":4.7324014084,"data_set_value_component_GAP_variable_GAP":0.1162579469,"data_set_value_component_DHAP_variable_DHAP":2.9734070702,"data_set_value_component_BPG_variable_BPG":0.0002543683,"data_set_value_component_PEP_variable_PEP":0.0401904194,"data_set_value_component_Pyr_variable_Pyr":8.7162495318,"data_set_value_component_ATP_variable_ATP":2.0096744575,"data_set_value_component_ADP_variable_ADP":1.551830021,"data_set_value_component_AMP_variable_AMP":0.3684955215,"data_set_value_component_CN_x_0_variable_CN_x_0":5.6,"data_set_value_component_CN_x_variable_CN_x":5.2035800249,"data_set_value_component_ACA_variable_ACA":1.4777202617,"data_set_value_component_ACA_x_variable_ACA_x":1.288312523,"data_set_value_component_EtOH_variable_EtOH":19.2424276549,"data_set_value_component_EtOH_x_variable_EtOH_x":16.4514370564,"data_set_value_component_Glyc_variable_Glyc":4.1989514848,"data_set_value_component_Glyc_x_variable_Glyc_x":1.6847824268,"data_set_value_component_NADH_variable_NADH":0.3367141252,"data_set_value_component_NAD_variable_NAD":0.6432858748,"data_set_value_component_inGlc_variable_inGlc":0.8319870036,"data_set_value_component_GlcTrans_variable_GlcTrans":0.9053153254,"data_set_value_component_GlcTrans_variable_K2_Glc":1.7,"data_set_value_component_GlcTrans_variable_K2_IG6P":1.2,"data_set_value_component_GlcTrans_variable_K2_IIG6P":7.2,"data_set_value_component_GlcTrans_variable_V_2m":1014.96,"data_set_value_component_GlcTrans_variable_P2":1.0,"data_set_value_component_HK_variable_HK":48.9635590238,"data_set_value_component_HK_variable_K3_DGlc":0.37,"data_set_value_component_HK_variable_K3_Glc":0.0,"data_set_value_component_HK_variable_K3_ATP":0.1,"data_set_value_component_HK_variable_V_3m":51.7547,"data_set_value_component_PGI_variable_PGI":30.4758150112,"data_set_value_component_PGI_variable_V_4m":496.042,"data_set_value_component_PGI_variable_K4_G6P":0.8,"data_set_value_component_PGI_variable_K4_F6P":0.15,"data_set_value_component_PGI_variable_K4_eq":0.13,"data_set_value_component_PFK_variable_PFK":30.5964624409,"data_set_value_component_PFK_variable_K5":0.021,"data_set_value_component_PFK_variable_kappa5":0.15,"data_set_value_component_PFK_variable_V_5m":45.4327,"data_set_value_component_ALD_variable_ALD":28.5941814735,"data_set_value_component_ALD_variable_K6_eq":0.081,"data_set_value_component_ALD_variable_K6_FBP":0.3,"data_set_value_component_ALD_variable_K6_DHAP":2.0,"data_set_value_component_ALD_variable_K6_GAP":4.0,"data_set_value_component_ALD_variable_K6_IGAP":10.0,"data_set_value_component_ALD_variable_V_6r":11039.1,"data_set_value_component_ALD_variable_V_6f":2207.82,"data_set_value_component_TIM_variable_TIM":23.1766281815,"data_set_value_component_TIM_variable_K7_eq":0.055,"data_set_value_component_TIM_variable_K7_DHAP":1.23,"data_set_value_component_TIM_variable_K7_GAP":1.27,"data_set_value_component_TIM_variable_V_7m":116.365,"data_set_value_component_GAPDH_variable_GAPDH":51.7437220864,"data_set_value_component_GAPDH_variable_K8_NAD":0.1,"data_set_value_component_GAPDH_variable_K8_NADH":0.06,"data_set_value_component_GAPDH_variable_K8_GAP":0.6,"data_set_value_component_GAPDH_variable_K8_BPG":0.01,"data_set_value_component_GAPDH_variable_K8_eq":0.0055,"data_set_value_component_GAPDH_variable_V_8m":833.858,"data_set_value_component_lpPEP_variable_lpPEP":51.7439052007,"data_set_value_component_lpPEP_variable_k9f":443866.0,"data_set_value_component_lpPEP_variable_k9r":1528.62,"data_set_value_component_PK_variable_PK":51.7411867973,"data_set_value_component_PK_variable_K10_PEP":0.2,"data_set_value_component_PK_variable_K10_ADP":0.17,"data_set_value_component_PK_variable_V_10m":343.096,"data_set_value_component_PDC_variable_PDC":51.3648986189,"data_set_value_component_PDC_variable_K11":0.3,"data_set_value_component_PDC_variable_V_11m":53.1328,"data_set_value_component_ADH_variable_ADH":46.7683443168,"data_set_value_component_ADH_variable_K12_NADH":0.1,"data_set_value_component_ADH_variable_K12_ACA":0.71,"data_set_value_component_ADH_variable_V_12m":89.8023,"data_set_value_component_outEtOH_variable_outEtOH":0.7896689787,"data_set_value_component_difEtOH_variable_difEtOH":0.7909383526,"data_set_value_component_difEtOH_variable_k13":16.72,"data_set_value_component_lpGlyc_variable_lpGlyc":4.8631450961,"data_set_value_component_lpGlyc_variable_K15_NADH":0.13,"data_set_value_component_lpGlyc_variable_K15_INADH":0.034,"data_set_value_component_lpGlyc_variable_K15_INAD":0.13,"data_set_value_component_lpGlyc_variable_K15_DHAP":25.0,"data_set_value_component_lpGlyc_variable_V_15m":81.4797,"data_set_value_component_outGlyc_variable_outGlyc":0.0808695565,"data_set_value_component_difGlyc_variable_difGlyc":0.0809647663,"data_set_value_component_difGlyc_variable_k16":1.9,"data_set_value_component_outACA_variable_outACA":0.0618390011,"data_set_value_component_difACA_variable_difACA":0.0792944262,"data_set_value_component_difACA_variable_k18":24.7,"data_set_value_component_lacto_variable_lacto":0.0190273674,"data_set_value_component_lacto_variable_k20":0.00283828,"data_set_value_component_inCN_variable_inCN":0.0190281588,"data_set_value_component_storage_variable_storage":19.1069046195,"data_set_value_component_storage_variable_k22":2.25932,"data_set_value_component_consum_variable_consum":6.4462317899,"data_set_value_component_consum_variable_k23":3.2076,"data_set_value_component_AK_variable_AK":-0.502677286,"data_set_value_component_AK_variable_k24f":432.9,"data_set_value_component_AK_variable_k24r":133.333,"data_set_value_component_model_parameters_variable_y_vol":59.0,"data_set_value_component_model_parameters_variable_k0":0.048},{"data_set_value_component_environment_variable_time":0.2,"data_set_value_component_Glc_x_0_variable_Glc_x_0":24.0,"data_set_value_component_Glc_x_variable_Glc_x":6.6638159302,"data_set_value_component_Glc_variable_Glc":2.7432506009,"data_set_value_component_G6P_variable_G6P":4.1088566636,"data_set_value_component_F6P_variable_F6P":0.4716130687,"data_set_value_component_FBP_variable_FBP":5.0044671202,"data_set_value_component_GAP_variable_GAP":0.1198261082,"data_set_value_component_DHAP_variable_DHAP":3.0527214975,"data_set_value_component_BPG_variable_BPG":0.0002413375,"data_set_value_component_PEP_variable_PEP":0.0404962242,"data_set_value_component_Pyr_variable_Pyr":8.7779842354,"data_set_value_component_ATP_variable_ATP":1.9224740234,"data_set_value_component_ADP_variable_ADP":1.5984623263,"data_set_value_component_AMP_variable_AMP":0.4090636503,"data_set_value_component_CN_x_0_variable_CN_x_0":5.6,"data_set_value_component_CN_x_variable_CN_x":5.2035803131,"data_set_value_component_ACA_variable_ACA":1.4678312269,"data_set_value_component_ACA_x_variable_ACA_x":1.287961458,"data_set_value_component_EtOH_variable_EtOH":19.2559628911,"data_set_value_component_EtOH_x_variable_EtOH_x":16.4517411666,"data_set_value_component_Glyc_variable_Glyc":4.2164469734,"data_set_value_component_Glyc_x_variable_Glyc_x":1.6848151204,"data_set_value_component_NADH_variable_NADH":0.3486406563,"data_set_value_component_NAD_variable_NAD":0.6313593437,"data_set_value_component_inGlc_variable_inGlc":0.8321368353,"data_set_value_component_GlcTrans_variable_GlcTrans":0.8424138858,"data_set_value_component_GlcTrans_variable_K2_Glc":1.7,"data_set_value_component_GlcTrans_variable_K2_IG6P":1.2,"data_set_value_component_GlcTrans_variable_K2_IIG6P":7.2,"data_set_value_component_GlcTrans_variable_V_2m":1014.96,"data_set_value_component_GlcTrans_variable_P2":1.0,"data_set_value_component_HK_variable_HK":48.8698130763,"data_set_value_component_HK_variable_K3_DGlc":0.37,"data_set_value_component_HK_variable_K3_Glc":0.0,"data_set_value_component_HK_variable_K3_ATP":0.1,"data_set_value_component_HK_variable_V_3m":51.7547,"data_set_value_component_PGI_variable_PGI":32.1422146537,"data_set_value_component_PGI_variable_V_4m":496.042,"data_set_value_component_PGI_variable_K4_G6P":0.8,"data_set_value_component_PGI_variable_K4_F6P":0.15,"data_set_value_component_PGI_variable_K4_eq":0.13,"data_set_value_component_PFK_variable_PFK":32.2853224237,"data_set_value_component_PFK_variable_K5":0.021,"data_set_value_component_PFK_variable_kappa5":0.15,"data_set_value_component_PFK_variable_V_5m":45.4327,"data_set_value_component_ALD_variable_ALD":29.1397816999,"data_set_value_component_ALD_variable_K6_eq":0.081,"data_set_value_component_ALD_variable_K6_FBP":0.3,"data_set_value_component_ALD_variable_K6_DHAP":2.0,"data_set_value_component_ALD_variable_K6_GAP":4.0,"data_set_value_component_ALD_variable_K6_IGAP":10.0,"data_set_value_component_ALD_variable_V_6r":11039.1,"data_set_value_component_ALD_variable_V_6f":2207.82,"data_set_value_component_TIM_variable_TIM":23.1224841672,"data_set_value_component_TIM_variable_K7_eq":0.055,"data_set_value_component_TIM_variable_K7_DHAP":1.23,"data_set_value_component_TIM_variable_K7_GAP":1.27,"data_set_value_component_TIM_variable_V_7m":116.365,"data_set_value_component_GAPDH_variable_GAPDH":52.222047821,"data_set_value_component_GAPDH_variable_K8_NAD":0.1,"data_set_value_component_GAPDH_variable_K8_NADH":0.06,"data_set_value_component_GAPDH_variable_K8_GAP":0.6,"data_set_value_component_GAPDH_variable_K8_BPG":0.01,"data_set_value_component_GAPDH_variable_K8_eq":0.0055,"data_set_value_component_GAPDH_variable_V_8m":833.858,"data_set_value_component_lpPEP_variable_lpPEP":52.222111178,"data_set_value_component_lpPEP_variable_k9f":443866.0,"data_set_value_component_lpPEP_variable_k9r":1528.62,"data_set_value_component_PK_variable_PK":52.21899596,"data_set_value_component_PK_variable_K10_PEP":0.2,"data_set_value_component_PK_variable_K10_ADP":0.17,"data_set_value_component_PK_variable_V_10m":343.096,"data_set_value_component_PDC_variable_PDC":51.3769212072,"data_set_value_component_PDC_variable_K11":0.3,"data_set_value_component_PDC_variable_V_11m":53.1328,"data_set_value_component_ADH_variable_ADH":47.0347418909,"data_set_value_component_ADH_variable_K12_NADH":0.1,"data_set_value_component_ADH_variable_K12_ACA":0.71,"data_set_value_component_ADH_variable_V_12m":89.8023,"data_set_value_component_outEtOH_variable_outEtOH":0.789683576,"data_set_value_component_difEtOH_variable_difEtOH":0.7946879192,"data_set_value_component_difEtOH_variable_k13":16.72,"data_set_value_component_lpGlyc_variable_lpGlyc":5.076439795,"data_set_value_component_lpGlyc_variable_K15_NADH":0.13,"data_set_value_component_lpGlyc_variable_K15_INADH":0.034,"data_set_value_component_lpGlyc_variable_K15_INAD":0.13,"data_set_value_component_lpGlyc_variable_K15_DHAP":25.0,"data_set_value_component_lpGlyc_variable_V_15m":81.4797,"data_set_value_component_outGlyc_variable_outGlyc":0.0808711258,"data_set_value_component_difGlyc_variable_difGlyc":0.0815271275,"data_set_value_component_difGlyc_variable_k16":1.9,"data_set_value_component_outACA_variable_outACA":0.06182215,"data_set_value_component_difACA_variable_difACA":0.0753014118,"data_set_value_component_difACA_variable_k18":24.7,"data_set_value_component_lacto_variable_lacto":0.0190221835,"data_set_value_component_lacto_variable_k20":0.00283828,"data_set_value_component_inCN_variable_inCN":0.019028145,"data_set_value_component_storage_variable_storage":17.8467532202,"data_set_value_component_storage_variable_k22":2.25932,"data_set_value_component_consum_variable_consum":6.1665276775,"data_set_value_component_consum_variable_k23":3.2076,"data_set_value_component_AK_variable_AK":-0.2379975716,"data_set_value_component_AK_variable_k24f":432.9,"data_set_value_component_AK_variable_k24r":133.333,"data_set_value_component_model_parameters_variable_y_vol":59.0,"data_set_value_component_model_parameters_variable_k0":0.048},{"data_set_value_component_environment_variable_time":0.3,"data_set_value_component_Glc_x_0_variable_Glc_x_0":24.0,"data_set_value_component_Glc_x_variable_Glc_x":6.6633651624,"data_set_value_component_Glc_variable_Glc":2.7935029276,"data_set_value_component_G6P_variable_G6P":4.0215155007,"data_set_value_component_F6P_variable_F6P":0.4618213584,"data_set_value_component_FBP_variable_FBP":5.3062385597,"data_set_value_component_GAP_variable_GAP":0.1235934472,"data_set_value_component_DHAP_variable_DHAP":3.1442413332,"data_set_value_component_BPG_variable_BPG":0.0002424127,"data_set_value_component_PEP_variable_PEP":0.0407702642,"data_set_value_component_Pyr_variable_Pyr":8.8781896279,"data_set_value_component_ATP_variable_ATP":1.919295971,"data_set_value_component_ADP_variable_ADP":1.5997749733,"data_set_value_component_AMP_variable_AMP":0.4109290557,"data_set_value_component_CN_x_0_variable_CN_x_0":5.6,"data_set_value_component_CN_x_variable_CN_x":5.2035814038,"data_set_value_component_ACA_variable_ACA":1.4596747392,"data_set_value_component_ACA_x_variable_ACA_x":1.2872371863,"data_set_value_component_EtOH_variable_EtOH":19.2689503781,"data_set_value_component_EtOH_x_variable_EtOH_x":16.452426449,"data_set_value_component_Glyc_variable_Glyc":4.2505595754,"data_set_value_component_Glyc_x_variable_Glyc_x":1.6849316421,"data_set_value_component_NADH_variable_NADH":0.3569487004,"data_set_value_component_NAD_variable_NAD":0.6230512996,"data_set_value_component_inGlc_variable_inGlc":0.8321584722,"data_set_value_component_GlcTrans_variable_GlcTrans":0.83301987,"data_set_value_component_GlcTrans_variable_K2_Glc":1.7,"data_set_value_component_GlcTrans_variable_K2_IG6P":1.2,"data_set_value_component_GlcTrans_variable_K2_IIG6P":7.2,"data_set_value_component_GlcTrans_variable_V_2m":1014.96,"data_set_value_component_GlcTrans_variable_P2":1.0,"data_set_value_component_HK_variable_HK":48.8711360153,"data_set_value_component_HK_variable_K3_DGlc":0.37,"data_set_value_component_HK_variable_K3_Glc":0.0,"data_set_value_component_HK_variable_K3_ATP":0.1,"data_set_value_component_HK_variable_V_3m":51.7547,"data_set_value_component_PGI_variable_PGI":31.939498719,"data_set_value_component_PGI_variable_V_4m":496.042,"data_set_value_component_PGI_variable_K4_G6P":0.8,"data_set_value_component_PGI_variable_K4_F6P":0.15,"data_set_value_component_PGI_variable_K4_eq":0.13,"data_set_value_component_PFK_variable_PFK":31.9801507546,"data_set_value_component_PFK_variable_K5":0.021,"data_set_value_component_PFK_variable_kappa5":0.15,"data_set_value_component_PFK_variable_V_5m":45.4327,"data_set_value_component_ALD_variable_ALD":29.3223722786,"data_set_value_component_ALD_variable_K6_eq":0.081,"data_set_value_component_ALD_variable_K6_FBP":0.3,"data_set_value_component_ALD_variable_K6_DHAP":2.0,"data_set_value_component_ALD_variable_K6_GAP":4.0,"data_set_value_component_ALD_variable_K6_IGAP":10.0,"data_set_value_component_ALD_variable_V_6r":11039.1,"data_set_value_component_ALD_variable_V_6f":2207.82,"data_set_value_component_TIM_variable_TIM":23.2289633486,"data_set_value_component_TIM_variable_K7_eq":0.055,"data_set_value_component_TIM_variable_K7_DHAP":1.23,"data_set_value_component_TIM_variable_K7_GAP":1.27,"data_set_value_component_TIM_variable_V_7m":116.365,"data_set_value_component_GAPDH_variable_GAPDH":52.5189597683,"data_set_value_component_GAPDH_variable_K8_NAD":0.1,"data_set_value_component_GAPDH_variable_K8_NADH":0.06,"data_set_value_component_GAPDH_variable_K8_GAP":0.6,"data_set_value_component_GAPDH_variable_K8_BPG":0.01,"data_set_value_component_GAPDH_variable_K8_eq":0.0055,"data_set_value_component_GAPDH_variable_V_8m":833.858,"data_set_value_component_lpPEP_variable_lpPEP":52.5189356009,"data_set_value_component_lpPEP_variable_k9f":443866.0,"data_set_value_component_lpPEP_variable_k9r":1528.62,"data_set_value_component_PK_variable_PK":52.5166700274,"data_set_value_component_PK_variable_K10_PEP":0.2,"data_set_value_component_PK_variable_K10_ADP":0.17,"data_set_value_component_PK_variable_V_10m":343.096,"data_set_value_component_PDC_variable_PDC":51.3960914936,"data_set_value_component_PDC_variable_K11":0.3,"data_set_value_component_PDC_variable_V_11m":53.1328,"data_set_value_component_ADH_variable_ADH":47.1940532369,"data_set_value_component_ADH_variable_K12_NADH":0.1,"data_set_value_component_ADH_variable_K12_ACA":0.71,"data_set_value_component_ADH_variable_V_12m":89.8023,"data_set_value_component_outEtOH_variable_outEtOH":0.7897164696,"data_set_value_component_difEtOH_variable_difEtOH":0.7981742389,"data_set_value_component_difEtOH_variable_k13":16.72,"data_set_value_component_lpGlyc_variable_lpGlyc":5.2745031993,"data_set_value_component_lpGlyc_variable_K15_NADH":0.13,"data_set_value_component_lpGlyc_variable_K15_INADH":0.034,"data_set_value_component_lpGlyc_variable_K15_INAD":0.13,"data_set_value_component_lpGlyc_variable_K15_DHAP":25.0,"data_set_value_component_lpGlyc_variable_V_15m":81.4797,"data_set_value_component_outGlyc_variable_outGlyc":0.0808767188,"data_set_value_component_difGlyc_variable_difGlyc":0.0826219165,"data_set_value_component_difGlyc_variable_k16":1.9,"data_set_value_component_outACA_variable_outACA":0.0617873849,"data_set_value_component_difACA_variable_difACA":0.0721899586,"data_set_value_component_difACA_variable_k18":24.7,"data_set_value_component_lacto_variable_lacto":0.0190114905,"data_set_value_component_lacto_variable_k20":0.00283828,"data_set_value_component_inCN_variable_inCN":0.0190280926,"data_set_value_component_storage_variable_storage":17.4385128396,"data_set_value_component_storage_variable_k22":2.25932,"data_set_value_component_consum_variable_consum":6.1563337565,"data_set_value_component_consum_variable_k23":3.2076,"data_set_value_component_AK_variable_AK":0.1893652057,"data_set_value_component_AK_variable_k24f":432.9,"data_set_value_component_AK_variable_k24r":133.333,"data_set_value_component_model_parameters_variable_y_vol":59.0,"data_set_value_component_model_parameters_variable_k0":0.048},{"data_set_value_component_environment_variable_time":0.4,"data_set_value_component_Glc_x_0_variable_Glc_x_0":24.0,"data_set_value_component_Glc_x_variable_Glc_x":6.6634852302,"data_set_value_component_Glc_variable_Glc":2.8045850195,"data_set_value_component_G6P_variable_G6P":4.0220391325,"data_set_value_component_F6P_variable_F6P":0.464843851,"data_set_value_component_FBP_variable_FBP":5.499251856,"data_set_value_component_GAP_variable_GAP":0.1258881211,"data_set_value_component_DHAP_variable_DHAP":3.2057732878,"data_set_value_component_BPG_variable_BPG":0.0002556528,"data_set_value_component_PEP_variable_PEP":0.0409180261,"data_set_value_component_Pyr_variable_Pyr":8.9931060892,"data_set_value_component_ATP_variable_ATP":1.9917438588,"data_set_value_component_ADP_variable_ADP":1.5609549228,"data_set_value_component_AMP_variable_AMP":0.3773012184,"data_set_value_component_CN_x_0_variable_CN_x_0":5.6,"data_set_value_component_CN_x_variable_CN_x":5.2035837278,"data_set_value_component_ACA_variable_ACA":1.4568649509,"data_set_value_component_ACA_x_variable_ACA_x":1.2863187523,"data_set_value_component_EtOH_variable_EtOH":19.2752430518,"data_set_value_component_EtOH_x_variable_EtOH_x":16.453365232,"data_set_value_component_Glyc_variable_Glyc":4.2924203017,"data_set_value_component_Glyc_x_variable_Glyc_x":1.6851722631,"data_set_value_component_NADH_variable_NADH":0.3583134232,"data_set_value_component_NAD_variable_NAD":0.6216865768,"data_set_value_component_inGlc_variable_inGlc":0.8321527089,"data_set_value_component_GlcTrans_variable_GlcTrans":0.8291527515,"data_set_value_component_GlcTrans_variable_K2_Glc":1.7,"data_set_value_component_GlcTrans_variable_K2_IG6P":1.2,"data_set_value_component_GlcTrans_variable_K2_IIG6P":7.2,"data_set_value_component_GlcTrans_variable_V_2m":1014.96,"data_set_value_component_GlcTrans_variable_P2":1.0,"data_set_value_component_HK_variable_HK":48.9715978898,"data_set_value_component_HK_variable_K3_DGlc":0.37,"data_set_value_component_HK_variable_K3_Glc":0.0,"data_set_value_component_HK_variable_K3_ATP":0.1,"data_set_value_component_HK_variable_V_3m":51.7547,"data_set_value_component_PGI_variable_PGI":30.3226709508,"data_set_value_component_PGI_variable_V_4m":496.042,"data_set_value_component_PGI_variable_K4_G6P":0.8,"data_set_value_component_PGI_variable_K4_F6P":0.15,"data_set_value_component_PGI_variable_K4_eq":0.13,"data_set_value_component_PFK_variable_PFK":30.2193592653,"data_set_value_component_PFK_variable_K5":0.021,"data_set_value_component_PFK_variable_kappa5":0.15,"data_set_value_component_PFK_variable_V_5m":45.4327,"data_set_value_component_ALD_variable_ALD":29.1522529337,"data_set_value_component_ALD_variable_K6_eq":0.081,"data_set_value_component_ALD_variable_K6_FBP":0.3,"data_set_value_component_ALD_variable_K6_DHAP":2.0,"data_set_value_component_ALD_variable_K6_GAP":4.0,"data_set_value_component_ALD_variable_K6_IGAP":10.0,"data_set_value_component_ALD_variable_V_6r":11039.1,"data_set_value_component_ALD_variable_V_6f":2207.82,"data_set_value_component_TIM_variable_TIM":23.4098253924,"data_set_value_component_TIM_variable_K7_eq":0.055,"data_set_value_component_TIM_variable_K7_DHAP":1.23,"data_set_value_component_TIM_variable_K7_GAP":1.27,"data_set_value_component_TIM_variable_V_7m":116.365,"data_set_value_component_GAPDH_variable_GAPDH":52.5499049618,"data_set_value_component_GAPDH_variable_K8_NAD":0.1,"data_set_value_component_GAPDH_variable_K8_NADH":0.06,"data_set_value_component_GAPDH_variable_K8_GAP":0.6,"data_set_value_component_GAPDH_variable_K8_BPG":0.01,"data_set_value_component_GAPDH_variable_K8_eq":0.0055,"data_set_value_component_GAPDH_variable_V_8m":833.858,"data_set_value_component_lpPEP_variable_lpPEP":52.5504750868,"data_set_value_component_lpPEP_variable_k9f":443866.0,"data_set_value_component_lpPEP_variable_k9r":1528.62,"data_set_value_component_PK_variable_PK":52.5491429632,"data_set_value_component_PK_variable_K10_PEP":0.2,"data_set_value_component_PK_variable_K10_ADP":0.17,"data_set_value_component_PK_variable_V_10m":343.096,"data_set_value_component_PDC_variable_PDC":51.4175672407,"data_set_value_component_PDC_variable_K11":0.3,"data_set_value_component_PDC_variable_V_11m":53.1328,"data_set_value_component_ADH_variable_ADH":47.2036314755,"data_set_value_component_ADH_variable_K12_NADH":0.1,"data_set_value_component_ADH_variable_K12_ACA":0.71,"data_set_value_component_ADH_variable_V_12m":89.8023,"data_set_value_component_outEtOH_variable_outEtOH":0.7897615311,"data_set_value_component_difEtOH_variable_difEtOH":0.7996914771,"data_set_value_component_difEtOH_variable_k13":16.72,"data_set_value_component_lpGlyc_variable_lpGlyc":5.3693296686,"data_set_value_component_lpGlyc_variable_K15_NADH":0.13,"data_set_value_component_lpGlyc_variable_K15_INADH":0.034,"data_set_value_component_lpGlyc_variable_K15_INAD":0.13,"data_set_value_component_lpGlyc_variable_K15_DHAP":25.0,"data_set_value_component_lpGlyc_variable_V_15m":81.4797,"data_set_value_component_outGlyc_variable_outGlyc":0.0808882686,"data_set_value_component_difGlyc_variable_difGlyc":0.083962225,"data_set_value_component_difGlyc_variable_k16":1.9,"data_set_value_component_outACA_variable_outACA":0.0617433001,"data_set_value_component_difACA_variable_difACA":0.0713981543,"data_set_value_component_difACA_variable_k18":24.7,"data_set_value_component_lacto_variable_lacto":0.0189979344,"data_set_value_component_lacto_variable_k20":0.00283828,"data_set_value_component_inCN_variable_inCN":0.0190279811,"data_set_value_component_storage_variable_storage":18.0991227443,"data_set_value_component_storage_variable_k22":2.25932,"data_set_value_component_consum_variable_consum":6.3887176016,"data_set_value_component_consum_variable_k23":3.2076,"data_set_value_component_AK_variable_AK":0.4423315754,"data_set_value_component_AK_variable_k24f":432.9,"data_set_value_component_AK_variable_k24r":133.333,"data_set_value_component_model_parameters_variable_y_vol":59.0,"data_set_value_component_model_parameters_variable_k0":0.048},{"data_set_value_component_environment_variable_time":0.5,"data_set_value_component_Glc_x_0_variable_Glc_x_0":24.0,"data_set_value_component_Glc_x_variable_Glc_x":6.6639299456,"data_set_value_component_Glc_variable_Glc":2.7842124672,"data_set_value_component_G6P_variable_G6P":4.1288745141,"data_set_value_component_F6P_variable_F6P":0.4816924466,"data_set_value_component_FBP_variable_FBP":5.5056100396,"data_set_value_component_GAP_variable_GAP":0.1258722552,"data_set_value_component_DHAP_variable_DHAP":3.2143998204,"data_set_value_component_BPG_variable_BPG":0.0002753341,"data_set_value_component_PEP_variable_PEP":0.040901475,"data_set_value_component_Pyr_variable_Pyr":9.0959354422,"data_set_value_component_ATP_variable_ATP":2.0974129147,"data_set_value_component_ADP_variable_ADP":1.501185744,"data_set_value_component_AMP_variable_AMP":0.3314013413,"data_set_value_component_CN_x_0_variable_CN_x_0":5.6,"data_set_value_component_CN_x_variable_CN_x":5.2035873865,"data_set_value_component_ACA_variable_ACA":1.4597816944,"data_set_value_component_ACA_x_variable_ACA_x":1.285448558,"data_set_value_component_EtOH_variable_EtOH":19.2733270828,"data_set_value_component_EtOH_x_variable_EtOH_x":16.4543336585,"data_set_value_component_Glyc_variable_Glyc":4.3294404796,"data_set_value_component_Glyc_x_variable_Glyc_x":1.685540821,"data_set_value_component_NADH_variable_NADH":0.3528729702,"data_set_value_component_NAD_variable_NAD":0.6271270298,"data_set_value_component_inGlc_variable_inGlc":0.8321313626,"data_set_value_component_GlcTrans_variable_GlcTrans":0.8264443461,"data_set_value_component_GlcTrans_variable_K2_Glc":1.7,"data_set_value_component_GlcTrans_variable_K2_IG6P":1.2,"data_set_value_component_GlcTrans_variable_K2_IIG6P":7.2,"data_set_value_component_GlcTrans_variable_V_2m":1014.96,"data_set_value_component_GlcTrans_variable_P2":1.0,"data_set_value_component_HK_variable_HK":49.1024886095,"data_set_value_component_HK_variable_K3_DGlc":0.37,"data_set_value_component_HK_variable_K3_Glc":0.0,"data_set_value_component_HK_variable_K3_ATP":0.1,"data_set_value_component_HK_variable_V_3m":51.7547,"data_set_value_component_PGI_variable_PGI":28.0208555714,"data_set_value_component_PGI_variable_V_4m":496.042,"data_set_value_component_PGI_variable_K4_G6P":0.8,"data_set_value_component_PGI_variable_K4_F6P":0.15,"data_set_value_component_PGI_variable_K4_eq":0.13,"data_set_value_component_PFK_variable_PFK":27.7995670241,"data_set_value_component_PFK_variable_K5":0.021,"data_set_value_component_PFK_variable_kappa5":0.15,"data_set_value_component_PFK_variable_V_5m":45.4327,"data_set_value_component_ALD_variable_ALD":28.7211877028,"data_set_value_component_ALD_variable_K6_eq":0.081,"data_set_value_component_ALD_variable_K6_FBP":0.3,"data_set_value_component_ALD_variable_K6_DHAP":2.0,"data_set_value_component_ALD_variable_K6_GAP":4.0,"data_set_value_component_ALD_variable_K6_IGAP":10.0,"data_set_value_component_ALD_variable_V_6r":11039.1,"data_set_value_component_ALD_variable_V_6f":2207.82,"data_set_value_component_TIM_variable_TIM":23.5928635409,"data_set_value_component_TIM_variable_K7_eq":0.055,"data_set_value_component_TIM_variable_K7_DHAP":1.23,"data_set_value_component_TIM_variable_K7_GAP":1.27,"data_set_value_component_TIM_variable_V_7m":116.365,"data_set_value_component_GAPDH_variable_GAPDH":52.326123944,"data_set_value_component_GAPDH_variable_K8_NAD":0.1,"data_set_value_component_GAPDH_variable_K8_NADH":0.06,"data_set_value_component_GAPDH_variable_K8_GAP":0.6,"data_set_value_component_GAPDH_variable_K8_BPG":0.01,"data_set_value_component_GAPDH_variable_K8_eq":0.0055,"data_set_value_component_GAPDH_variable_V_8m":833.858,"data_set_value_component_lpPEP_variable_lpPEP":52.3259327712,"data_set_value_component_lpPEP_variable_k9f":443866.0,"data_set_value_component_lpPEP_variable_k9r":1528.62,"data_set_value_component_PK_variable_PK":52.3268841636,"data_set_value_component_PK_variable_K10_PEP":0.2,"data_set_value_component_PK_variable_K10_ADP":0.17,"data_set_value_component_PK_variable_V_10m":343.096,"data_set_value_component_PDC_variable_PDC":51.436338791,"data_set_value_component_PDC_variable_K11":0.3,"data_set_value_component_PDC_variable_V_11m":53.1328,"data_set_value_component_ADH_variable_ADH":47.0761919286,"data_set_value_component_ADH_variable_K12_NADH":0.1,"data_set_value_component_ADH_variable_K12_ACA":0.71,"data_set_value_component_ADH_variable_V_12m":89.8023,"data_set_value_component_outEtOH_variable_outEtOH":0.7898080156,"data_set_value_component_difEtOH_variable_difEtOH":0.7988740687,"data_set_value_component_difEtOH_variable_k13":16.72,"data_set_value_component_lpGlyc_variable_lpGlyc":5.3298164664,"data_set_value_component_lpGlyc_variable_K15_NADH":0.13,"data_set_value_component_lpGlyc_variable_K15_INADH":0.034,"data_set_value_component_lpGlyc_variable_K15_INAD":0.13,"data_set_value_component_lpGlyc_variable_K15_DHAP":25.0,"data_set_value_component_lpGlyc_variable_V_15m":81.4797,"data_set_value_component_outGlyc_variable_outGlyc":0.0809059594,"data_set_value_component_difGlyc_variable_difGlyc":0.0851425314,"data_set_value_component_difGlyc_variable_k16":1.9,"data_set_value_component_outACA_variable_outACA":0.0617015308,"data_set_value_component_difACA_variable_difACA":0.0729835334,"data_set_value_component_difACA_variable_k18":24.7,"data_set_value_component_lacto_variable_lacto":0.0189850957,"data_set_value_component_lacto_variable_k20":0.00283828,"data_set_value_component_inCN_variable_inCN":0.0190278054,"data_set_value_component_storage_variable_storage":19.5656089182,"data_set_value_component_storage_variable_k22":2.25932,"data_set_value_component_consum_variable_consum":6.7276616651,"data_set_value_component_consum_variable_k23":3.2076,"data_set_value_component_AK_variable_AK":0.4287587666,"data_set_value_component_AK_variable_k24f":432.9,"data_set_value_component_AK_variable_k24r":133.333,"data_set_value_component_model_parameters_variable_y_vol":59.0,"data_set_value_component_model_parameters_variable_k0":0.048},{"data_set_value_component_environment_variable_time":0.6,"data_set_value_component_Glc_x_0_variable_Glc_x_0":24.0,"data_set_value_component_Glc_x_variable_Glc_x":6.664551885,"data_set_value_component_Glc_variable_Glc":2.7418939359,"data_set_value_component_G6P_variable_G6P":4.296052,"data_set_value_component_F6P_variable_F6P":0.5044379153,"data_set_value_component_FBP_variable_FBP":5.3443210716,"data_set_value_component_GAP_variable_GAP":0.1238338289,"data_set_value_component_DHAP_variable_DHAP":3.1719034795,"data_set_value_component_BPG_variable_BPG":0.0002898898,"data_set_value_component_PEP_variable_PEP":0.0407607529,"data_set_value_component_Pyr_variable_Pyr":9.1681515286,"data_set_value_component_ATP_variable_ATP":2.1728085518,"data_set_value_component_ADP_variable_ADP":1.4563794442,"data_set_value_component_AMP_variable_AMP":0.300812004,"data_set_value_component_CN_x_0_variable_CN_x_0":5.6,"data_set_value_component_CN_x_variable_CN_x":5.2035921419,"data_set_value_component_ACA_variable_ACA":1.4664760749,"data_set_value_component_ACA_x_variable_ACA_x":1.2848288364,"data_set_value_component_EtOH_variable_EtOH":19.2652186419,"data_set_value_component_EtOH_x_variable_EtOH_x":16.4551200681,"data_set_value_component_Glyc_variable_Glyc":4.3513634667,"data_set_value_component_Glyc_x_variable_Glyc_x":1.6860027638,"data_set_value_component_NADH_variable_NADH":0.3444337797,"data_set_value_component_NAD_variable_NAD":0.6355662203,"data_set_value_component_inGlc_variable_inGlc":0.8321015095,"data_set_value_component_GlcTrans_variable_GlcTrans":0.8258891347,"data_set_value_component_GlcTrans_variable_K2_Glc":1.7,"data_set_value_component_GlcTrans_variable_K2_IG6P":1.2,"data_set_value_component_GlcTrans_variable_K2_IIG6P":7.2,"data_set_value_component_GlcTrans_variable_V_2m":1014.96,"data_set_value_component_GlcTrans_variable_P2":1.0,"data_set_value_component_HK_variable_HK":49.1855458165,"data_set_value_component_HK_variable_K3_DGlc":0.37,"data_set_value_component_HK_variable_K3_Glc":0.0,"data_set_value_component_HK_variable_K3_ATP":0.1,"data_set_value_component_HK_variable_V_3m":51.7547,"data_set_value_component_PGI_variable_PGI":26.4865563482,"data_set_value_component_PGI_variable_V_4m":496.042,"data_set_value_component_PGI_variable_K4_G6P":0.8,"data_set_value_component_PGI_variable_K4_F6P":0.15,"data_set_value_component_PGI_variable_K4_eq":0.13,"data_set_value_component_PFK_variable_PFK":26.2859514531,"data_set_value_component_PFK_variable_K5":0.021,"data_set_value_component_PFK_variable_kappa5":0.15,"data_set_value_component_PFK_variable_V_5m":45.4327,"data_set_value_component_ALD_variable_ALD":28.3028280839,"data_set_value_component_ALD_variable_K6_eq":0.081,"data_set_value_component_ALD_variable_K6_FBP":0.3,"data_set_value_component_ALD_variable_K6_DHAP":2.0,"data_set_value_component_ALD_variable_K6_GAP":4.0,"data_set_value_component_ALD_variable_K6_IGAP":10.0,"data_set_value_component_ALD_variable_V_6r":11039.1,"data_set_value_component_ALD_variable_V_6f":2207.82,"data_set_value_component_TIM_variable_TIM":23.6850507074,"data_set_value_component_TIM_variable_K7_eq":0.055,"data_set_value_component_TIM_variable_K7_DHAP":1.23,"data_set_value_component_TIM_variable_K7_GAP":1.27,"data_set_value_component_TIM_variable_V_7m":116.365,"data_set_value_component_GAPDH_variable_GAPDH":52.013003759,"data_set_value_component_GAPDH_variable_K8_NAD":0.1,"data_set_value_component_GAPDH_variable_K8_NADH":0.06,"data_set_value_component_GAPDH_variable_K8_GAP":0.6,"data_set_value_component_GAPDH_variable_K8_BPG":0.01,"data_set_value_component_GAPDH_variable_K8_eq":0.0055,"data_set_value_component_GAPDH_variable_V_8m":833.858,"data_set_value_component_lpPEP_variable_lpPEP":52.0129015733,"data_set_value_component_lpPEP_variable_k9f":443866.0,"data_set_value_component_lpPEP_variable_k9r":1528.62,"data_set_value_component_PK_variable_PK":52.0145473614,"data_set_value_component_PK_variable_K10_PEP":0.2,"data_set_value_component_PK_variable_K10_ADP":0.17,"data_set_value_component_PK_variable_V_10m":343.096,"data_set_value_component_PDC_variable_PDC":51.4492781476,"data_set_value_component_PDC_variable_K11":0.3,"data_set_value_component_PDC_variable_V_11m":53.1328,"data_set_value_component_ADH_variable_ADH":46.8929139952,"data_set_value_component_ADH_variable_K12_NADH":0.1,"data_set_value_component_ADH_variable_K12_ACA":0.71,"data_set_value_component_ADH_variable_V_12m":89.8023,"data_set_value_component_outEtOH_variable_outEtOH":0.7898457633,"data_set_value_component_difEtOH_variable_difEtOH":0.7963533586,"data_set_value_component_difEtOH_variable_k13":16.72,"data_set_value_component_lpGlyc_variable_lpGlyc":5.1943733606,"data_set_value_component_lpGlyc_variable_K15_NADH":0.13,"data_set_value_component_lpGlyc_variable_K15_INADH":0.034,"data_set_value_component_lpGlyc_variable_K15_INAD":0.13,"data_set_value_component_lpGlyc_variable_K15_DHAP":25.0,"data_set_value_component_lpGlyc_variable_V_15m":81.4797,"data_set_value_component_outGlyc_variable_outGlyc":0.0809281327,"data_set_value_component_difGlyc_variable_difGlyc":0.0858336498,"data_set_value_component_difGlyc_variable_k16":1.9,"data_set_value_component_outACA_variable_outACA":0.0616717841,"data_set_value_component_difACA_variable_difACA":0.0760455388,"data_set_value_component_difACA_variable_k18":24.7,"data_set_value_component_lacto_variable_lacto":0.0189759602,"data_set_value_component_lacto_variable_k20":0.00283828,"data_set_value_component_inCN_variable_inCN":0.0190275772,"data_set_value_component_storage_variable_storage":21.0896192067,"data_set_value_component_storage_variable_k22":2.25932,"data_set_value_component_consum_variable_consum":6.9695007108,"data_set_value_component_consum_variable_k23":3.2076,"data_set_value_component_AK_variable_AK":0.1416536594,"data_set_value_component_AK_variable_k24f":432.9,"data_set_value_component_AK_variable_k24r":133.333,"data_set_value_component_model_parameters_variable_y_vol":59.0,"data_set_value_component_model_parameters_variable_k0":0.048},{"data_set_value_component_environment_variable_time":0.7,"data_set_value_component_Glc_x_0_variable_Glc_x_0":24.0,"data_set_value_component_Glc_x_variable_Glc_x":6.665039515,"data_set_value_component_Glc_variable_Glc":2.7041588085,"data_set_value_component_G6P_variable_G6P":4.4033252316,"data_set_value_component_F6P_variable_F6P":0.5153645743,"data_set_value_component_FBP_variable_FBP":5.1773309984,"data_set_value_component_GAP_variable_GAP":0.1217834993,"data_set_value_component_DHAP_variable_DHAP":3.1200163614,"data_set_value_component_BPG_variable_BPG":0.0002850389,"data_set_value_component_PEP_variable_PEP":0.0406485358,"data_set_value_component_Pyr_variable_Pyr":9.2173044292,"data_set_value_component_ATP_variable_ATP":2.1537363803,"data_set_value_component_ADP_variable_ADP":1.4682694736,"data_set_value_component_AMP_variable_AMP":0.307994146,"data_set_value_component_CN_x_0_variable_CN_x_0":5.6,"data_set_value_component_CN_x_variable_CN_x":5.2035975622,"data_set_value_component_ACA_variable_ACA":1.4712033259,"data_set_value_component_ACA_x_variable_ACA_x":1.2844963942,"data_set_value_component_EtOH_variable_EtOH":19.258353427,"data_set_value_component_EtOH_x_variable_EtOH_x":16.4556489593,"data_set_value_component_Glyc_variable_Glyc":4.3576521687,"data_set_value_component_Glyc_x_variable_Glyc_x":1.6865044939,"data_set_value_component_NADH_variable_NADH":0.3408987802,"data_set_value_component_NAD_variable_NAD":0.6391012198,"data_set_value_component_inGlc_variable_inGlc":0.8320781033,"data_set_value_component_GlcTrans_variable_GlcTrans":0.8291806839,"data_set_value_component_GlcTrans_variable_K2_Glc":1.7,"data_set_value_component_GlcTrans_variable_K2_IG6P":1.2,"data_set_value_component_GlcTrans_variable_K2_IIG6P":7.2,"data_set_value_component_GlcTrans_variable_V_2m":1014.96,"data_set_value_component_GlcTrans_variable_P2":1.0,"data_set_value_component_HK_variable_HK":49.159850833,"data_set_value_component_HK_variable_K3_DGlc":0.37,"data_set_value_component_HK_variable_K3_Glc":0.0,"data_set_value_component_HK_variable_K3_ATP":0.1,"data_set_value_component_HK_variable_V_3m":51.7547,"data_set_value_component_PGI_variable_PGI":27.3837309735,"data_set_value_component_PGI_variable_V_4m":496.042,"data_set_value_component_PGI_variable_K4_G6P":0.8,"data_set_value_component_PGI_variable_K4_F6P":0.15,"data_set_value_component_PGI_variable_K4_eq":0.13,"data_set_value_component_PFK_variable_PFK":27.3855258984,"data_set_value_component_PFK_variable_K5":0.021,"data_set_value_component_PFK_variable_kappa5":0.15,"data_set_value_component_PFK_variable_V_5m":45.4327,"data_set_value_component_ALD_variable_ALD":28.3376478127,"data_set_value_component_ALD_variable_K6_eq":0.081,"data_set_value_component_ALD_variable_K6_FBP":0.3,"data_set_value_component_ALD_variable_K6_DHAP":2.0,"data_set_value_component_ALD_variable_K6_GAP":4.0,"data_set_value_component_ALD_variable_K6_IGAP":10.0,"data_set_value_component_ALD_variable_V_6r":11039.1,"data_set_value_component_ALD_variable_V_6f":2207.82,"data_set_value_component_TIM_variable_TIM":23.5901697783,"data_set_value_component_TIM_variable_K7_eq":0.055,"data_set_value_component_TIM_variable_K7_DHAP":1.23,"data_set_value_component_TIM_variable_K7_GAP":1.27,"data_set_value_component_TIM_variable_V_7m":116.365,"data_set_value_component_GAPDH_variable_GAPDH":51.9389801312,"data_set_value_component_GAPDH_variable_K8_NAD":0.1,"data_set_value_component_GAPDH_variable_K8_NADH":0.06,"data_set_value_component_GAPDH_variable_K8_GAP":0.6,"data_set_value_component_GAPDH_variable_K8_BPG":0.01,"data_set_value_component_GAPDH_variable_K8_eq":0.0055,"data_set_value_component_GAPDH_variable_V_8m":833.858,"data_set_value_component_lpPEP_variable_lpPEP":51.9392117327,"data_set_value_component_lpPEP_variable_k9f":443866.0,"data_set_value_component_lpPEP_variable_k9r":1528.62,"data_set_value_component_PK_variable_PK":51.9395004165,"data_set_value_component_PK_variable_K10_PEP":0.2,"data_set_value_component_PK_variable_K10_ADP":0.17,"data_set_value_component_PK_variable_V_10m":343.096,"data_set_value_component_PDC_variable_PDC":51.4579728345,"data_set_value_component_PDC_variable_K11":0.3,"data_set_value_component_PDC_variable_V_11m":53.1328,"data_set_value_component_ADH_variable_ADH":46.832846676,"data_set_value_component_ADH_variable_K12_NADH":0.1,"data_set_value_component_ADH_variable_K12_ACA":0.71,"data_set_value_component_ADH_variable_V_12m":89.8023,"data_set_value_component_outEtOH_variable_outEtOH":0.78987115,"data_set_value_component_difEtOH_variable_difEtOH":0.7942579441,"data_set_value_component_difEtOH_variable_k13":16.72,"data_set_value_component_lpGlyc_variable_lpGlyc":5.0934779129,"data_set_value_component_lpGlyc_variable_K15_NADH":0.13,"data_set_value_component_lpGlyc_variable_K15_INADH":0.034,"data_set_value_component_lpGlyc_variable_K15_INAD":0.13,"data_set_value_component_lpGlyc_variable_K15_DHAP":25.0,"data_set_value_component_lpGlyc_variable_V_15m":81.4797,"data_set_value_component_outGlyc_variable_outGlyc":0.0809522157,"data_set_value_component_difGlyc_variable_difGlyc":0.0860200099,"data_set_value_component_difGlyc_variable_k16":1.9,"data_set_value_component_outACA_variable_outACA":0.0616558269,"data_set_value_component_difACA_variable_difACA":0.0781637494,"data_set_value_component_difACA_variable_k18":24.7,"data_set_value_component_lacto_variable_lacto":0.0189710701,"data_set_value_component_lacto_variable_k20":0.00283828,"data_set_value_component_inCN_variable_inCN":0.019027317,"data_set_value_component_storage_variable_storage":21.4264910959,"data_set_value_component_storage_variable_k22":2.25932,"data_set_value_component_consum_variable_consum":6.9083248135,"data_set_value_component_consum_variable_k23":3.2076,"data_set_value_component_AK_variable_AK":-0.2822087668,"data_set_value_component_AK_variable_k24f":432.9,"data_set_value_component_AK_variable_k24r":133.333,"data_set_value_component_model_parameters_variable_y_vol":59.0,"data_set_value_component_model_parameters_variable_k0":0.048},{"data_set_value_component_environment_variable_time":0.8,"data_set_value_component_Glc_x_0_variable_Glc_x_0":24.0,"data_set_value_component_Glc_x_variable_Glc_x":6.6650705814,"data_set_value_component_Glc_variable_Glc":2.7011423162,"data_set_value_component_G6P_variable_G6P":4.3591844141,"data_set_value_component_F6P_variable_F6P":0.5051479243,"data_set_value_component_FBP_variable_FBP":5.1935824798,"data_set_value_component_GAP_variable_GAP":0.1220857852,"data_set_value_component_DHAP_variable_DHAP":3.1174477439,"data_set_value_component_BPG_variable_BPG":0.0002657332,"data_set_value_component_PEP_variable_PEP":0.0407086214,"data_set_value_component_Pyr_variable_Pyr":9.2765093911,"data_set_value_component_ATP_variable_ATP":2.0545477974,"data_set_value_component_ADP_variable_ADP":1.526599091,"data_set_value_component_AMP_variable_AMP":0.3488531116,"data_set_value_component_CN_x_0_variable_CN_x_0":5.6,"data_set_value_component_CN_x_variable_CN_x":5.203603359,"data_set_value_component_ACA_variable_ACA":1.4684706009,"data_set_value_component_ACA_x_variable_ACA_x":1.2842258755,"data_set_value_component_EtOH_variable_EtOH":19.2611277467,"data_set_value_component_EtOH_x_variable_EtOH_x":16.456093758,"data_set_value_component_Glyc_variable_Glyc":4.3605036749,"data_set_value_component_Glyc_x_variable_Glyc_x":1.6870125706,"data_set_value_component_NADH_variable_NADH":0.3465851316,"data_set_value_component_NAD_variable_NAD":0.6334148684,"data_set_value_component_inGlc_variable_inGlc":0.8320766121,"data_set_value_component_GlcTrans_variable_GlcTrans":0.8341596911,"data_set_value_component_GlcTrans_variable_K2_Glc":1.7,"data_set_value_component_GlcTrans_variable_K2_IG6P":1.2,"data_set_value_component_GlcTrans_variable_K2_IIG6P":7.2,"data_set_value_component_GlcTrans_variable_V_2m":1014.96,"data_set_value_component_GlcTrans_variable_P2":1.0,"data_set_value_component_HK_variable_HK":49.0408004065,"data_set_value_component_HK_variable_K3_DGlc":0.37,"data_set_value_component_HK_variable_K3_Glc":0.0,"data_set_value_component_HK_variable_K3_ATP":0.1,"data_set_value_component_HK_variable_V_3m":51.7547,"data_set_value_component_PGI_variable_PGI":29.9035481757,"data_set_value_component_PGI_variable_V_4m":496.042,"data_set_value_component_PGI_variable_K4_G6P":0.8,"data_set_value_component_PGI_variable_K4_F6P":0.15,"data_set_value_component_PGI_variable_K4_eq":0.13,"data_set_value_component_PFK_variable_PFK":30.0784975957,"data_set_value_component_PFK_variable_K5":0.021,"data_set_value_component_PFK_variable_kappa5":0.15,"data_set_value_component_PFK_variable_V_5m":45.4327,"data_set_value_component_ALD_variable_ALD":28.8360155566,"data_set_value_component_ALD_variable_K6_eq":0.081,"data_set_value_component_ALD_variable_K6_FBP":0.3,"data_set_value_component_ALD_variable_K6_DHAP":2.0,"data_set_value_component_ALD_variable_K6_GAP":4.0,"data_set_value_component_ALD_variable_K6_IGAP":10.0,"data_set_value_component_ALD_variable_V_6r":11039.1,"data_set_value_component_ALD_variable_V_6f":2207.82,"data_set_value_component_TIM_variable_TIM":23.3920449091,"data_set_value_component_TIM_variable_K7_eq":0.055,"data_set_value_component_TIM_variable_K7_DHAP":1.23,"data_set_value_component_TIM_variable_K7_GAP":1.27,"data_set_value_component_TIM_variable_V_7m":116.365,"data_set_value_component_GAPDH_variable_GAPDH":52.2115376177,"data_set_value_component_GAPDH_variable_K8_NAD":0.1,"data_set_value_component_GAPDH_variable_K8_NADH":0.06,"data_set_value_component_GAPDH_variable_K8_GAP":0.6,"data_set_value_component_GAPDH_variable_K8_BPG":0.01,"data_set_value_component_GAPDH_variable_K8_eq":0.0055,"data_set_value_component_GAPDH_variable_V_8m":833.858,"data_set_value_component_lpPEP_variable_lpPEP":52.2118168836,"data_set_value_component_lpPEP_variable_k9f":443866.0,"data_set_value_component_lpPEP_variable_k9r":1528.62,"data_set_value_component_PK_variable_PK":52.210298216,"data_set_value_component_PK_variable_K10_PEP":0.2,"data_set_value_component_PK_variable_K10_ADP":0.17,"data_set_value_component_PK_variable_V_10m":343.096,"data_set_value_component_PDC_variable_PDC":51.4683271374,"data_set_value_component_PDC_variable_K11":0.3,"data_set_value_component_PDC_variable_V_11m":53.1328,"data_set_value_component_ADH_variable_ADH":46.9793150618,"data_set_value_component_ADH_variable_K12_NADH":0.1,"data_set_value_component_ADH_variable_K12_ACA":0.71,"data_set_value_component_ADH_variable_V_12m":89.8023,"data_set_value_component_outEtOH_variable_outEtOH":0.7898925004,"data_set_value_component_difEtOH_variable_difEtOH":0.7949181066,"data_set_value_component_difEtOH_variable_k13":16.72,"data_set_value_component_lpGlyc_variable_lpGlyc":5.1433040146,"data_set_value_component_lpGlyc_variable_K15_NADH":0.13,"data_set_value_component_lpGlyc_variable_K15_INADH":0.034,"data_set_value_component_lpGlyc_variable_K15_INAD":0.13,"data_set_value_component_lpGlyc_variable_K15_DHAP":25.0,"data_set_value_component_lpGlyc_variable_V_15m":81.4797,"data_set_value_component_outGlyc_variable_outGlyc":0.0809766034,"data_set_value_component_difGlyc_variable_difGlyc":0.0860954762,"data_set_value_component_difGlyc_variable_k16":1.9,"data_set_value_component_outACA_variable_outACA":0.061642842,"data_set_value_component_difACA_variable_difACA":0.0771329613,"data_set_value_component_difACA_variable_k18":24.7,"data_set_value_component_lacto_variable_lacto":0.0189670958,"data_set_value_component_lacto_variable_k20":0.00283828,"data_set_value_component_inCN_variable_inCN":0.0190270388,"data_set_value_component_storage_variable_storage":20.2348150002,"data_set_value_component_storage_variable_k22":2.25932,"data_set_value_component_consum_variable_consum":6.5901675149,"data_set_value_component_consum_variable_k23":3.2076,"data_set_value_component_AK_variable_AK":-0.4584432013,"data_set_value_component_AK_variable_k24f":432.9,"data_set_value_component_AK_variable_k24r":133.333,"data_set_value_component_model_parameters_variable_y_vol":59.0,"data_set_value_component_model_parameters_variable_k0":0.048},{"data_set_value_component_environment_variable_time":0.9,"data_set_value_component_Glc_x_0_variable_Glc_x_0":24.0,"data_set_value_component_Glc_x_variable_Glc_x":6.6647446121,"data_set_value_component_Glc_variable_Glc":2.7312103043,"data_set_value_component_G6P_variable_G6P":4.2276027237,"data_set_value_component_F6P_variable_F6P":0.4868854363,"data_set_value_component_FBP_variable_FBP":5.384126402,"data_set_value_component_GAP_variable_GAP":0.1245102601,"data_set_value_component_DHAP_variable_DHAP":3.1694192036,"data_set_value_component_BPG_variable_BPG":0.0002526138,"data_set_value_component_PEP_variable_PEP":0.0408890386,"data_set_value_component_Pyr_variable_Pyr":9.3675946083,"data_set_value_component_ATP_variable_ATP":1.9758758578,"data_set_value_component_ADP_variable_ADP":1.5700790548,"data_set_value_component_AMP_variable_AMP":0.3840450874,"data_set_value_component_CN_x_0_variable_CN_x_0":5.6,"data_set_value_component_CN_x_variable_CN_x":5.2036096612,"data_set_value_component_ACA_variable_ACA":1.4611757963,"data_set_value_component_ACA_x_variable_ACA_x":1.2837393775,"data_set_value_component_EtOH_variable_EtOH":19.2714573656,"data_set_value_component_EtOH_x_variable_EtOH_x":16.456725536,"data_set_value_component_Glyc_variable_Glyc":4.3732578001,"data_set_value_component_Glyc_x_variable_Glyc_x":1.687539355,"data_set_value_component_NADH_variable_NADH":0.3556868461,"data_set_value_component_NAD_variable_NAD":0.6243131539,"data_set_value_component_inGlc_variable_inGlc":0.8320922586,"data_set_value_component_GlcTrans_variable_GlcTrans":0.8357432884,"data_set_value_component_GlcTrans_variable_K2_Glc":1.7,"data_set_value_component_GlcTrans_variable_K2_IG6P":1.2,"data_set_value_component_GlcTrans_variable_K2_IIG6P":7.2,"data_set_value_component_GlcTrans_variable_V_2m":1014.96,"data_set_value_component_GlcTrans_variable_P2":1.0,"data_set_value_component_HK_variable_HK":48.9421548191,"data_set_value_component_HK_variable_K3_DGlc":0.37,"data_set_value_component_HK_variable_K3_Glc":0.0,"data_set_value_component_HK_variable_K3_ATP":0.1,"data_set_value_component_HK_variable_V_3m":51.7547,"data_set_value_component_PGI_variable_PGI":31.3806145772,"data_set_value_component_PGI_variable_V_4m":496.042,"data_set_value_component_PGI_variable_K4_G6P":0.8,"data_set_value_component_PGI_variable_K4_F6P":0.15,"data_set_value_component_PGI_variable_K4_eq":0.13,"data_set_value_component_PFK_variable_PFK":31.5435176733,"data_set_value_component_PFK_variable_K5":0.021,"data_set_value_component_PFK_variable_kappa5":0.15,"data_set_value_component_PFK_variable_V_5m":45.4327,"data_set_value_component_ALD_variable_ALD":29.2642567754,"data_set_value_component_ALD_variable_K6_eq":0.081,"data_set_value_component_ALD_variable_K6_FBP":0.3,"data_set_value_component_ALD_variable_K6_DHAP":2.0,"data_set_value_component_ALD_variable_K6_GAP":4.0,"data_set_value_component_ALD_variable_K6_IGAP":10.0,"data_set_value_component_ALD_variable_V_6r":11039.1,"data_set_value_component_ALD_variable_V_6f":2207.82,"data_set_value_component_TIM_variable_TIM":23.3140550465,"data_set_value_component_TIM_variable_K7_eq":0.055,"data_set_value_component_TIM_variable_K7_DHAP":1.23,"data_set_value_component_TIM_variable_K7_GAP":1.27,"data_set_value_component_TIM_variable_V_7m":116.365,"data_set_value_component_GAPDH_variable_GAPDH":52.5502171627,"data_set_value_component_GAPDH_variable_K8_NAD":0.1,"data_set_value_component_GAPDH_variable_K8_NADH":0.06,"data_set_value_component_GAPDH_variable_K8_GAP":0.6,"data_set_value_component_GAPDH_variable_K8_BPG":0.01,"data_set_value_component_GAPDH_variable_K8_eq":0.0055,"data_set_value_component_GAPDH_variable_V_8m":833.858,"data_set_value_component_lpPEP_variable_lpPEP":52.5479825397,"data_set_value_component_lpPEP_variable_k9f":443866.0,"data_set_value_component_lpPEP_variable_k9r":1528.62,"data_set_value_component_PK_variable_PK":52.548225647,"data_set_value_component_PK_variable_K10_PEP":0.2,"data_set_value_component_PK_variable_K10_ADP":0.17,"data_set_value_component_PK_variable_V_10m":343.096,"data_set_value_component_PDC_variable_PDC":51.4840093084,"data_set_value_component_PDC_variable_K11":0.3,"data_set_value_component_PDC_variable_V_11m":53.1328,"data_set_value_component_ADH_variable_ADH":47.1732994043,"data_set_value_component_ADH_variable_K12_NADH":0.1,"data_set_value_component_ADH_variable_K12_ACA":0.71,"data_set_value_component_ADH_variable_V_12m":89.8023,"data_set_value_component_outEtOH_variable_outEtOH":0.7899228257,"data_set_value_component_difEtOH_variable_difEtOH":0.7976663761,"data_set_value_component_difEtOH_variable_k13":16.72,"data_set_value_component_lpGlyc_variable_lpGlyc":5.2965230537,"data_set_value_component_lpGlyc_variable_K15_NADH":0.13,"data_set_value_component_lpGlyc_variable_K15_INADH":0.034,"data_set_value_component_lpGlyc_variable_K15_INAD":0.13,"data_set_value_component_lpGlyc_variable_K15_DHAP":25.0,"data_set_value_component_lpGlyc_variable_V_15m":81.4797,"data_set_value_component_outGlyc_variable_outGlyc":0.081001889,"data_set_value_component_difGlyc_variable_difGlyc":0.0864892381,"data_set_value_component_difGlyc_variable_k16":1.9,"data_set_value_component_outACA_variable_outACA":0.0616194901,"data_set_value_component_difACA_variable_difACA":0.0742827041,"data_set_value_component_difACA_variable_k18":24.7,"data_set_value_component_lacto_variable_lacto":0.0189599336,"data_set_value_component_lacto_variable_k20":0.00283828,"data_set_value_component_inCN_variable_inCN":0.0190267363,"data_set_value_component_storage_variable_storage":18.8725928485,"data_set_value_component_storage_variable_k22":2.25932,"data_set_value_component_consum_variable_consum":6.3378194014,"data_set_value_component_consum_variable_k23":3.2076,"data_set_value_component_AK_variable_AK":-0.1900872739,"data_set_value_component_AK_variable_k24f":432.9,"data_set_value_component_AK_variable_k24r":133.333,"data_set_value_component_model_parameters_variable_y_vol":59.0,"data_set_value_component_model_parameters_variable_k0":0.048},{"data_set_value_component_environment_variable_time":1.0,"data_set_value_component_Glc_x_0_variable_Glc_x_0":24.0,"data_set_value_component_Glc_x_variable_Glc_x":6.6644681285,"data_set_value_component_Glc_variable_Glc":2.7632821567,"data_set_value_component_G6P_variable_G6P":4.1301975542,"data_set_value_component_F6P_variable_F6P":0.4762006846,"data_set_value_component_FBP_variable_FBP":5.5951403413,"data_set_value_component_GAP_variable_GAP":0.1270619531,"data_set_value_component_DHAP_variable_DHAP":3.2318673544,"data_set_value_component_BPG_variable_BPG":0.0002540386,"data_set_value_component_PEP_variable_PEP":0.0410528249,"data_set_value_component_Pyr_variable_Pyr":9.4834136904,"data_set_value_component_ATP_variable_ATP":1.9783126333,"data_set_value_component_ADP_variable_ADP":1.5684588009,"data_set_value_component_AMP_variable_AMP":0.3832285658,"data_set_value_component_CN_x_0_variable_CN_x_0":5.6,"data_set_value_component_CN_x_variable_CN_x":5.2036168463,"data_set_value_component_ACA_variable_ACA":1.4557564733,"data_set_value_component_ACA_x_variable_ACA_x":1.2829990681,"data_set_value_component_EtOH_variable_EtOH":19.2807275873,"data_set_value_component_EtOH_x_variable_EtOH_x":16.4576277815,"data_set_value_component_Glyc_variable_Glyc":4.3977175104,"data_set_value_component_Glyc_x_variable_Glyc_x":1.6881228182,"data_set_value_component_NADH_variable_NADH":0.360985068,"data_set_value_component_NAD_variable_NAD":0.619014932,"data_set_value_component_inGlc_variable_inGlc":0.8321055298,"data_set_value_component_GlcTrans_variable_GlcTrans":0.8335784268,"data_set_value_component_GlcTrans_variable_K2_Glc":1.7,"data_set_value_component_GlcTrans_variable_K2_IG6P":1.2,"data_set_value_component_GlcTrans_variable_K2_IIG6P":7.2,"data_set_value_component_GlcTrans_variable_V_2m":1014.96,"data_set_value_component_GlcTrans_variable_P2":1.0,"data_set_value_component_HK_variable_HK":48.9491103461,"data_set_value_component_HK_variable_K3_DGlc":0.37,"data_set_value_component_HK_variable_K3_Glc":0.0,"data_set_value_component_HK_variable_K3_ATP":0.1,"data_set_value_component_HK_variable_V_3m":51.7547,"data_set_value_component_PGI_variable_PGI":31.0188581787,"data_set_value_component_PGI_variable_V_4m":496.042,"data_set_value_component_PGI_variable_K4_G6P":0.8,"data_set_value_component_PGI_variable_K4_F6P":0.15,"data_set_value_component_PGI_variable_K4_eq":0.13,"data_set_value_component_PFK_variable_PFK":31.0591703318,"data_set_value_component_PFK_variable_K5":0.021,"data_set_value_component_PFK_variable_kappa5":0.15,"data_set_value_component_PFK_variable_V_5m":45.4327,"data_set_value_component_ALD_variable_ALD":29.3475983612,"data_set_value_component_ALD_variable_K6_eq":0.081,"data_set_value_component_ALD_variable_K6_FBP":0.3,"data_set_value_component_ALD_variable_K6_DHAP":2.0,"data_set_value_component_ALD_variable_K6_GAP":4.0,"data_set_value_component_ALD_variable_K6_IGAP":10.0,"data_set_value_component_ALD_variable_V_6r":11039.1,"data_set_value_component_ALD_variable_V_6f":2207.82,"data_set_value_component_TIM_variable_TIM":23.3913859316,"data_set_value_component_TIM_variable_K7_eq":0.055,"data_set_value_component_TIM_variable_K7_DHAP":1.23,"data_set_value_component_TIM_variable_K7_GAP":1.27,"data_set_value_component_TIM_variable_V_7m":116.365,"data_set_value_component_GAPDH_variable_GAPDH":52.7193584044,"data_set_value_component_GAPDH_variable_K8_NAD":0.1,"data_set_value_component_GAPDH_variable_K8_NADH":0.06,"data_set_value_component_GAPDH_variable_K8_GAP":0.6,"data_set_value_component_GAPDH_variable_K8_BPG":0.01,"data_set_value_component_GAPDH_variable_K8_eq":0.0055,"data_set_value_component_GAPDH_variable_V_8m":833.858,"data_set_value_component_lpPEP_variable_lpPEP":52.7106530431,"data_set_value_component_lpPEP_variable_k9f":443866.0,"data_set_value_component_lpPEP_variable_k9r":1528.62,"data_set_value_component_PK_variable_PK":52.7175464337,"data_set_value_component_PK_variable_K10_PEP":0.2,"data_set_value_component_PK_variable_K10_ADP":0.17,"data_set_value_component_PK_variable_V_10m":343.096,"data_set_value_component_PDC_variable_PDC":51.5035282034,"data_set_value_component_PDC_variable_K11":0.3,"data_set_value_component_PDC_variable_V_11m":53.1328,"data_set_value_component_ADH_variable_ADH":47.2681873706,"data_set_value_component_ADH_variable_K12_NADH":0.1,"data_set_value_component_ADH_variable_K12_ACA":0.71,"data_set_value_component_ADH_variable_V_12m":89.8023,"data_set_value_component_outEtOH_variable_outEtOH":0.7899661335,"data_set_value_component_difEtOH_variable_difEtOH":0.8000377755,"data_set_value_component_difEtOH_variable_k13":16.72,"data_set_value_component_lpGlyc_variable_lpGlyc":5.4290120289,"data_set_value_component_lpGlyc_variable_K15_NADH":0.13,"data_set_value_component_lpGlyc_variable_K15_INADH":0.034,"data_set_value_component_lpGlyc_variable_K15_INAD":0.13,"data_set_value_component_lpGlyc_variable_K15_DHAP":25.0,"data_set_value_component_lpGlyc_variable_V_15m":81.4797,"data_set_value_component_outGlyc_variable_outGlyc":0.0810298953,"data_set_value_component_difGlyc_variable_difGlyc":0.0872581342,"data_set_value_component_difGlyc_variable_k16":1.9,"data_set_value_component_outACA_variable_outACA":0.0615839553,"data_set_value_component_difACA_variable_difACA":0.0723238629,"data_set_value_component_difACA_variable_k18":24.7,"data_set_value_component_lacto_variable_lacto":0.0189490259,"data_set_value_component_lacto_variable_k20":0.00283828,"data_set_value_component_inCN_variable_inCN":0.0190263914,"data_set_value_component_storage_variable_storage":18.46050156,"data_set_value_component_storage_variable_k22":2.25932,"data_set_value_component_consum_variable_consum":6.3456356026,"data_set_value_component_consum_variable_k23":3.2076,"data_set_value_component_AK_variable_AK":0.1937844956,"data_set_value_component_AK_variable_k24f":432.9,"data_set_value_component_AK_variable_k24r":133.333,"data_set_value_component_model_parameters_variable_y_vol":59.0,"data_set_value_component_model_parameters_variable_k0":0.048}]