[{"data_set_value_component_environment_variable_time":0.0,"data_set_value_component_membrane_variable_V":-70.0,"data_set_value_component_membrane_variable_V_T":-55.0,"data_set_value_component_membrane_variable_V_S":0.0,"data_set_value_component_membrane_variable_C_m":0.001,"data_set_value_component_membrane_variable_F":96489.0,"data_set_value_component_membrane_variable_R":8.314,"data_set_value_component_membrane_variable_T":296.65,"data_set_value_component_stimulus_protocol_variable_I_app":0.0,"data_set_value_component_stimulus_protocol_variable_i_stimStart":5.0,"data_set_value_component_stimulus_protocol_variable_i_stimEnd":9.0,"data_set_value_component_stimulus_protocol_variable_i_stimAmplitude":-0.3,"data_set_value_component_stimulus_protocol_variable_tau":0.0,"data_set_value_component_stimulus_protocol_variable_period":9.0,"data_set_value_component_I_leak_variable_I_leak":0.0,"data_set_value_component_I_leak_variable_g_leak":1.0,"data_set_value_component_I_leak_variable_E_leak":-70.0,"data_set_value_component_I_Na_variable_I_Na":0.0,"data_set_value_component_I_Na_variable_g_Na":70.0,"data_set_value_component_I_Na_variable_E_Na":50.0,"data_set_value_component_Na_m_gate_variable_m":0.0,"data_set_value_component_Na_m_gate_variable_alpha":0.0081779197,"data_set_value_component_Na_m_gate_variable_beta":0.0002572105,"data_set_value_component_Na_m_gate_variable_tau_m":118.5518156399,"data_set_value_component_Na_m_gate_variable_m_inf":0.9695072296,"data_set_value_component_Na_h_gate_variable_h":0.0,"data_set_value_component_Na_h_gate_variable_alpha_h":0.7573367796,"data_set_value_component_Na_h_gate_variable_beta_h":0.0000668057,"data_set_value_component_Na_h_gate_variable_h_inf":0.9999117964,"data_set_value_component_Na_h_gate_variable_tau_h":1.3203000612,"data_set_value_component_I_KD_variable_I_KD":0.0,"data_set_value_component_I_KD_variable_g_KD":7.0,"data_set_value_component_I_KD_variable_E_K":-95.0,"data_set_value_component_KD_n_gate_variable_n":0.0,"data_set_value_component_KD_n_gate_variable_alpha_n":-0.9623855152,"data_set_value_component_KD_n_gate_variable_beta_n":14.396842154,"data_set_value_component_KD_n_gate_variable_tau_n":0.074435463,"data_set_value_component_KD_n_gate_variable_n_inf":-0.0716356114,"data_set_value_component_I_KM_variable_I_KM":0.0,"data_set_value_component_I_KM_variable_g_KM":0.004,"data_set_value_component_KM_p_gate_variable_p":0.0,"data_set_value_component_KM_p_gate_variable_p_inf":0.0293122308,"data_set_value_component_KM_p_gate_variable_tau_p":0.6321055889,"data_set_value_component_KM_p_gate_variable_tau_max":4.0,"data_set_value_component_I_CaL_variable_I_CaL":0.0000000148,"data_set_value_component_I_CaL_variable_P_Ca":0.000276,"data_set_value_component_CaL_q_gate_variable_q":0.00247262,"data_set_value_component_CaL_q_gate_variable_alpha_q":0.0284286687,"data_set_value_component_CaL_q_gate_variable_beta_q":1.4262023784,"data_set_value_component_CaL_q_gate_variable_tau_q":0.6874595465,"data_set_value_component_CaL_q_gate_variable_q_inf":0.0024726232,"data_set_value_component_G_nonlin_variable_G":0.0087701269,"data_set_value_component_G_nonlin_variable_Z":2.0,"data_set_value_component_G_nonlin_variable_Ca_o":2.0,"data_set_value_component_dCa_i_dt_variable_Ca_i":0.0001,"data_set_value_component_dCa_i_dt_variable_Ca_inf":0.0001,"data_set_value_component_dCa_i_dt_variable_tau_r":0.017,"data_set_value_component_dCa_i_dt_variable_d":0.0001,"data_set_value_component_dCa_i_dt_variable_drive_channel":0.0000000001,"data_set_value_component_dCa_i_dt_variable_k":0.1,"data_set_value_component_I_h_variable_I_h":-2287.1874809326,"data_set_value_component_I_h_variable_m":2.2871874809,"data_set_value_component_I_h_variable_E_h":-20.0,"data_set_value_component_I_h_variable_g_hbar":0.02,"data_set_value_component_I_h_variable_cac":0.006,"data_set_value_component_I_h_variable_V_S":0.0,"data_set_value_component_I_h_variable_g_inc":2.0,"data_set_value_component_kinetic_variable_p_0":0.9999999228,"data_set_value_component_kinetic_variable_p_1":0.0000000772,"data_set_value_component_kinetic_variable_c_1":0.7128125191,"data_set_value_component_kinetic_variable_o_1":0.287185265,"data_set_value_component_kinetic_variable_o_2":0.0000022159,"data_set_value_component_rate_constants_variable_h_inf":0.2871859014,"data_set_value_component_rate_constants_variable_tau_s":763.5437632124,"data_set_value_component_rate_constants_variable_alpha":0.0003761224,"data_set_value_component_rate_constants_variable_beta":0.0009335602,"data_set_value_component_rate_constants_variable_k_1Ca":0.0000000077,"data_set_value_component_rate_constants_variable_k_3p":0.000007716,"data_set_value_component_rate_constants_variable_k_2":0.1,"data_set_value_component_rate_constants_variable_P_c":0.01,"data_set_value_component_rate_constants_variable_k_4":1.0,"data_set_value_component_rate_constants_variable_n_Ca":4.0,"data_set_value_component_rate_constants_variable_n_exp":1.0,"data_set_value_component_rate_constants_variable_p_C":0.01,"data_set_value_component_rate_constants_variable_Ca_c":0.006,"data_set_value_component_rate_constants_variable_tau_m":0.02},{"data_set_value_component_environment_variable_time":0.1,"data_set_value_component_membrane_variable_V":-67.8803492879,"data_set_value_component_membrane_variable_V_T":-55.0,"data_set_value_component_membrane_variable_V_S":0.0,"data_set_value_component_membrane_variable_C_m":0.001,"data_set_value_component_membrane_variable_F":96489.0,"data_set_value_component_membrane_variable_R":8.314,"data_set_value_component_membrane_variable_T":296.65,"data_set_value_component_stimulus_protocol_variable_I_app":0.0,"data_set_value_component_stimulus_protocol_variable_i_stimStart":5.0,"data_set_value_component_stimulus_protocol_variable_i_stimEnd":9.0,"data_set_value_component_stimulus_protocol_variable_i_stimAmplitude":-0.3,"data_set_value_component_stimulus_protocol_variable_tau":0.1,"data_set_value_component_stimulus_protocol_variable_period":9.0,"data_set_value_component_I_leak_variable_I_leak":2119.6507120743,"data_set_value_component_I_leak_variable_g_leak":1.0,"data_set_value_component_I_leak_variable_E_leak":-70.0,"data_set_value_component_I_Na_variable_I_Na":-0.0011264005,"data_set_value_component_I_Na_variable_g_Na":70.0,"data_set_value_component_I_Na_variable_E_Na":50.0,"data_set_value_component_Na_m_gate_variable_m":0.001279472,"data_set_value_component_Na_m_gate_variable_alpha":0.012849025,"data_set_value_component_Na_m_gate_variable_beta":0.0003778632,"data_set_value_component_Na_m_gate_variable_tau_m":75.6035722879,"data_set_value_component_Na_m_gate_variable_m_inf":0.9714321888,"data_set_value_component_Na_h_gate_variable_h":0.0651719979,"data_set_value_component_Na_h_gate_variable_alpha_h":0.6732048514,"data_set_value_component_Na_h_gate_variable_beta_h":0.0001020752,"data_set_value_component_Na_h_gate_variable_h_inf":0.9998483973,"data_set_value_component_Na_h_gate_variable_tau_h":1.4852067616,"data_set_value_component_I_KD_variable_I_KD":1.0370984093,"data_set_value_component_I_KD_variable_g_KD":7.0,"data_set_value_component_I_KD_variable_E_K":-95.0,"data_set_value_component_KD_n_gate_variable_n":-0.0483458788,"data_set_value_component_KD_n_gate_variable_alpha_n":-0.8955630519,"data_set_value_component_KD_n_gate_variable_beta_n":14.8222851978,"data_set_value_component_KD_n_gate_variable_tau_n":0.0718044052,"data_set_value_component_KD_n_gate_variable_n_inf":-0.0643053723,"data_set_value_component_I_KM_variable_I_KM":0.5275133344,"data_set_value_component_I_KM_variable_g_KM":0.004,"data_set_value_component_KM_p_gate_variable_p":0.004862833,"data_set_value_component_KM_p_gate_variable_p_inf":0.0359839503,"data_set_value_component_KM_p_gate_variable_tau_p":0.6880549153,"data_set_value_component_KM_p_gate_variable_tau_max":4.0,"data_set_value_component_I_CaL_variable_I_CaL":0.000000018,"data_set_value_component_I_CaL_variable_P_Ca":0.000276,"data_set_value_component_CaL_q_gate_variable_q":0.0025488514,"data_set_value_component_CaL_q_gate_variable_alpha_q":0.0330909368,"data_set_value_component_CaL_q_gate_variable_beta_q":1.3838104128,"data_set_value_component_CaL_q_gate_variable_tau_q":0.7057654369,"data_set_value_component_CaL_q_gate_variable_q_inf":0.0030546378,"data_set_value_component_G_nonlin_variable_G":0.0100649503,"data_set_value_component_G_nonlin_variable_Z":2.0,"data_set_value_component_G_nonlin_variable_Ca_o":2.0,"data_set_value_component_dCa_i_dt_variable_Ca_i":0.0001,"data_set_value_component_dCa_i_dt_variable_Ca_inf":0.0001,"data_set_value_component_dCa_i_dt_variable_tau_r":0.017,"data_set_value_component_dCa_i_dt_variable_d":0.0001,"data_set_value_component_dCa_i_dt_variable_drive_channel":0.0000000001,"data_set_value_component_dCa_i_dt_variable_k":0.1,"data_set_value_component_I_h_variable_I_h":-2121.1918476111,"data_set_value_component_I_h_variable_m":2.2150964635,"data_set_value_component_I_h_variable_E_h":-20.0,"data_set_value_component_I_h_variable_g_hbar":0.02,"data_set_value_component_I_h_variable_cac":0.006,"data_set_value_component_I_h_variable_V_S":0.0,"data_set_value_component_I_h_variable_g_inc":2.0,"data_set_value_component_kinetic_variable_p_0":0.9999999228,"data_set_value_component_kinetic_variable_p_1":0.0000000772,"data_set_value_component_kinetic_variable_c_1":0.7849035365,"data_set_value_component_kinetic_variable_o_1":0.2150948039,"data_set_value_component_kinetic_variable_o_2":0.0000016597,"data_set_value_component_rate_constants_variable_h_inf":0.2150951608,"data_set_value_component_rate_constants_variable_tau_s":686.4516018713,"data_set_value_component_rate_constants_variable_alpha":0.0003133435,"data_set_value_component_rate_constants_variable_beta":0.0011434234,"data_set_value_component_rate_constants_variable_k_1Ca":0.0000000077,"data_set_value_component_rate_constants_variable_k_3p":0.000007716,"data_set_value_component_rate_constants_variable_k_2":0.1,"data_set_value_component_rate_constants_variable_P_c":0.01,"data_set_value_component_rate_constants_variable_k_4":1.0,"data_set_value_component_rate_constants_variable_n_Ca":4.0,"data_set_value_component_rate_constants_variable_n_exp":1.0,"data_set_value_component_rate_constants_variable_p_C":0.01,"data_set_value_component_rate_constants_variable_Ca_c":0.006,"data_set_value_component_rate_constants_variable_tau_m":0.02},{"data_set_value_component_environment_variable_time":0.2,"data_set_value_component_membrane_variable_V":-67.8821469617,"data_set_value_component_membrane_variable_V_T":-55.0,"data_set_value_component_membrane_variable_V_S":0.0,"data_set_value_component_membrane_variable_C_m":0.001,"data_set_value_component_membrane_variable_F":96489.0,"data_set_value_component_membrane_variable_R":8.314,"data_set_value_component_membrane_variable_T":296.65,"data_set_value_component_stimulus_protocol_variable_I_app":0.0,"data_set_value_component_stimulus_protocol_variable_i_stimStart":5.0,"data_set_value_component_stimulus_protocol_variable_i_stimEnd":9.0,"data_set_value_component_stimulus_protocol_variable_i_stimAmplitude":-0.3,"data_set_value_component_stimulus_protocol_variable_tau":0.2,"data_set_value_component_stimulus_protocol_variable_period":9.0,"data_set_value_component_I_leak_variable_I_leak":2117.8530383031,"data_set_value_component_I_leak_variable_g_leak":1.0,"data_set_value_component_I_leak_variable_E_leak":-70.0,"data_set_value_component_I_Na_variable_I_Na":-0.01748059,"data_set_value_component_I_Na_variable_g_Na":70.0,"data_set_value_component_I_Na_variable_E_Na":50.0,"data_set_value_component_Na_m_gate_variable_m":0.0025615654,"data_set_value_component_Na_m_gate_variable_alpha":0.0128441348,"data_set_value_component_Na_m_gate_variable_beta":0.0003777403,"data_set_value_component_Na_m_gate_variable_tau_m":75.6322377246,"data_set_value_component_Na_m_gate_variable_m_inf":0.9714306595,"data_set_value_component_Na_h_gate_variable_h":0.1260357211,"data_set_value_component_Na_h_gate_variable_alpha_h":0.6732720883,"data_set_value_component_Na_h_gate_variable_beta_h":0.0001020385,"data_set_value_component_Na_h_gate_variable_h_inf":0.9998484669,"data_set_value_component_Na_h_gate_variable_tau_h":1.4850585436,"data_set_value_component_I_KD_variable_I_KD":2.5170861957,"data_set_value_component_I_KD_variable_g_KD":7.0,"data_set_value_component_I_KD_variable_E_K":-95.0,"data_set_value_component_KD_n_gate_variable_n":-0.0603442906,"data_set_value_component_KD_n_gate_variable_alpha_n":-0.8956195722,"data_set_value_component_KD_n_gate_variable_beta_n":14.8219205492,"data_set_value_component_KD_n_gate_variable_tau_n":0.0718065768,"data_set_value_component_KD_n_gate_variable_n_inf":-0.0643113756,"data_set_value_component_I_KM_variable_I_KM":0.984078663,"data_set_value_component_I_KM_variable_g_KM":0.004,"data_set_value_component_KM_p_gate_variable_p":0.0090722398,"data_set_value_component_KM_p_gate_variable_p_inf":0.0359777149,"data_set_value_component_KM_p_gate_variable_tau_p":0.6880066361,"data_set_value_component_KM_p_gate_variable_tau_max":4.0,"data_set_value_component_I_CaL_variable_I_CaL":0.000000019,"data_set_value_component_I_CaL_variable_P_Ca":0.000276,"data_set_value_component_CaL_q_gate_variable_q":0.0026156308,"data_set_value_component_CaL_q_gate_variable_alpha_q":0.0330866768,"data_set_value_component_CaL_q_gate_variable_beta_q":1.3838463652,"data_set_value_component_CaL_q_gate_variable_tau_q":0.7057496511,"data_set_value_component_CaL_q_gate_variable_q_inf":0.0030540904,"data_set_value_component_G_nonlin_variable_G":0.0100637797,"data_set_value_component_G_nonlin_variable_Z":2.0,"data_set_value_component_G_nonlin_variable_Ca_o":2.0,"data_set_value_component_dCa_i_dt_variable_Ca_i":0.0001,"data_set_value_component_dCa_i_dt_variable_Ca_inf":0.0001,"data_set_value_component_dCa_i_dt_variable_tau_r":0.017,"data_set_value_component_dCa_i_dt_variable_d":0.0001,"data_set_value_component_dCa_i_dt_variable_drive_channel":0.0000000001,"data_set_value_component_dCa_i_dt_variable_k":0.1,"data_set_value_component_I_h_variable_I_h":-2121.3243376389,"data_set_value_component_I_h_variable_m":2.2151516507,"data_set_value_component_I_h_variable_E_h":-20.0,"data_set_value_component_I_h_variable_g_hbar":0.02,"data_set_value_component_I_h_variable_cac":0.006,"data_set_value_component_I_h_variable_V_S":0.0,"data_set_value_component_I_h_variable_g_inc":2.0,"data_set_value_component_kinetic_variable_p_0":0.9999999228,"data_set_value_component_kinetic_variable_p_1":0.0000000772,"data_set_value_component_kinetic_variable_c_1":0.7848483493,"data_set_value_component_kinetic_variable_o_1":0.2151499906,"data_set_value_component_kinetic_variable_o_2":0.0000016601,"data_set_value_component_rate_constants_variable_h_inf":0.2151503478,"data_set_value_component_rate_constants_variable_tau_s":686.5170202226,"data_set_value_component_rate_constants_variable_alpha":0.000313394,"data_set_value_component_rate_constants_variable_beta":0.0011432341,"data_set_value_component_rate_constants_variable_k_1Ca":0.0000000077,"data_set_value_component_rate_constants_variable_k_3p":0.000007716,"data_set_value_component_rate_constants_variable_k_2":0.1,"data_set_value_component_rate_constants_variable_P_c":0.01,"data_set_value_component_rate_constants_variable_k_4":1.0,"data_set_value_component_rate_constants_variable_n_Ca":4.0,"data_set_value_component_rate_constants_variable_n_exp":1.0,"data_set_value_component_rate_constants_variable_p_C":0.01,"data_set_value_component_rate_constants_variable_Ca_c":0.006,"data_set_value_component_rate_constants_variable_tau_m":0.02},{"data_set_value_component_environment_variable_time":0.3,"data_set_value_component_membrane_variable_V":-67.8829570599,"data_set_value_component_membrane_variable_V_T":-55.0,"data_set_value_component_membrane_variable_V_S":0.0,"data_set_value_component_membrane_variable_C_m":0.001,"data_set_value_component_membrane_variable_F":96489.0,"data_set_value_component_membrane_variable_R":8.314,"data_set_value_component_membrane_variable_T":296.65,"data_set_value_component_stimulus_protocol_variable_I_app":0.0,"data_set_value_component_stimulus_protocol_variable_i_stimStart":5.0,"data_set_value_component_stimulus_protocol_variable_i_stimEnd":9.0,"data_set_value_component_stimulus_protocol_variable_i_stimAmplitude":-0.3,"data_set_value_component_stimulus_protocol_variable_tau":0.3,"data_set_value_component_stimulus_protocol_variable_period":9.0,"data_set_value_component_I_leak_variable_I_leak":2117.0429401456,"data_set_value_component_I_leak_variable_g_leak":1.0,"data_set_value_component_I_leak_variable_E_leak":-70.0,"data_set_value_component_I_Na_variable_I_Na":-0.085585565,"data_set_value_component_I_Na_variable_g_Na":70.0,"data_set_value_component_I_Na_variable_E_Na":50.0,"data_set_value_component_Na_m_gate_variable_m":0.0038416191,"data_set_value_component_Na_m_gate_variable_alpha":0.0128419317,"data_set_value_component_Na_m_gate_variable_beta":0.0003776848,"data_set_value_component_Na_m_gate_variable_tau_m":75.6451590878,"data_set_value_component_Na_m_gate_variable_m_inf":0.9714299702,"data_set_value_component_Na_h_gate_variable_h":0.1829399468,"data_set_value_component_Na_h_gate_variable_alpha_h":0.6733023899,"data_set_value_component_Na_h_gate_variable_beta_h":0.000102022,"data_set_value_component_Na_h_gate_variable_h_inf":0.9998484982,"data_set_value_component_Na_h_gate_variable_tau_h":1.484991756,"data_set_value_component_I_KD_variable_I_KD":3.0527539183,"data_set_value_component_I_KD_variable_g_KD":7.0,"data_set_value_component_I_KD_variable_E_K":-95.0,"data_set_value_component_KD_n_gate_variable_n":-0.0633268458,"data_set_value_component_KD_n_gate_variable_alpha_n":-0.8956450424,"data_set_value_component_KD_n_gate_variable_beta_n":14.8217562273,"data_set_value_component_KD_n_gate_variable_tau_n":0.0718075554,"data_set_value_component_KD_n_gate_variable_n_inf":-0.064314081,"data_set_value_component_I_KM_variable_I_KM":1.3788240015,"data_set_value_component_I_KM_variable_g_KM":0.004,"data_set_value_component_KM_p_gate_variable_p":0.0127117843,"data_set_value_component_KM_p_gate_variable_p_inf":0.0359749053,"data_set_value_component_KM_p_gate_variable_tau_p":0.6879848801,"data_set_value_component_KM_p_gate_variable_tau_max":4.0,"data_set_value_component_I_CaL_variable_I_CaL":0.0000000199,"data_set_value_component_I_CaL_variable_P_Ca":0.000276,"data_set_value_component_CaL_q_gate_variable_q":0.0026735377,"data_set_value_component_CaL_q_gate_variable_alpha_q":0.0330847573,"data_set_value_component_CaL_q_gate_variable_beta_q":1.3838625667,"data_set_value_component_CaL_q_gate_variable_tau_q":0.7057425375,"data_set_value_component_CaL_q_gate_variable_q_inf":0.0030538438,"data_set_value_component_G_nonlin_variable_G":0.0100632522,"data_set_value_component_G_nonlin_variable_Z":2.0,"data_set_value_component_G_nonlin_variable_Ca_o":2.0,"data_set_value_component_dCa_i_dt_variable_Ca_i":0.0001,"data_set_value_component_dCa_i_dt_variable_Ca_inf":0.0001,"data_set_value_component_dCa_i_dt_variable_tau_r":0.017,"data_set_value_component_dCa_i_dt_variable_d":0.0001,"data_set_value_component_dCa_i_dt_variable_drive_channel":0.0000000001,"data_set_value_component_dCa_i_dt_variable_k":0.1,"data_set_value_component_I_h_variable_I_h":-2121.3840470498,"data_set_value_component_I_h_variable_m":2.2151765235,"data_set_value_component_I_h_variable_E_h":-20.0,"data_set_value_component_I_h_variable_g_hbar":0.02,"data_set_value_component_I_h_variable_cac":0.006,"data_set_value_component_I_h_variable_V_S":0.0,"data_set_value_component_I_h_variable_g_inc":2.0,"data_set_value_component_kinetic_variable_p_0":0.9999999228,"data_set_value_component_kinetic_variable_p_1":0.0000000772,"data_set_value_component_kinetic_variable_c_1":0.7848234765,"data_set_value_component_kinetic_variable_o_1":0.2151748632,"data_set_value_component_kinetic_variable_o_2":0.0000016603,"data_set_value_component_rate_constants_variable_h_inf":0.2151752204,"data_set_value_component_rate_constants_variable_tau_s":686.5465004263,"data_set_value_component_rate_constants_variable_alpha":0.0003134168,"data_set_value_component_rate_constants_variable_beta":0.0011431488,"data_set_value_component_rate_constants_variable_k_1Ca":0.0000000077,"data_set_value_component_rate_constants_variable_k_3p":0.000007716,"data_set_value_component_rate_constants_variable_k_2":0.1,"data_set_value_component_rate_constants_variable_P_c":0.01,"data_set_value_component_rate_constants_variable_k_4":1.0,"data_set_value_component_rate_constants_variable_n_Ca":4.0,"data_set_value_component_rate_constants_variable_n_exp":1.0,"data_set_value_component_rate_constants_variable_p_C":0.01,"data_set_value_component_rate_constants_variable_Ca_c":0.006,"data_set_value_component_rate_constants_variable_tau_m":0.02},{"data_set_value_component_environment_variable_time":0.4,"data_set_value_component_membrane_variable_V":-67.8832501111,"data_set_value_component_membrane_variable_V_T":-55.0,"data_set_value_component_membrane_variable_V_S":0.0,"data_set_value_component_membrane_variable_C_m":0.001,"data_set_value_component_membrane_variable_F":96489.0,"data_set_value_component_membrane_variable_R":8.314,"data_set_value_component_membrane_variable_T":296.65,"data_set_value_component_stimulus_protocol_variable_I_app":0.0,"data_set_value_component_stimulus_protocol_variable_i_stimStart":5.0,"data_set_value_component_stimulus_protocol_variable_i_stimEnd":9.0,"data_set_value_component_stimulus_protocol_variable_i_stimAmplitude":-0.3,"data_set_value_component_stimulus_protocol_variable_tau":0.4,"data_set_value_component_stimulus_protocol_variable_period":9.0,"data_set_value_component_I_leak_variable_I_leak":2116.7498888641,"data_set_value_component_I_leak_variable_g_leak":1.0,"data_set_value_component_I_leak_variable_E_leak":-70.0,"data_set_value_component_I_Na_variable_I_Na":-0.2615102546,"data_set_value_component_I_Na_variable_g_Na":70.0,"data_set_value_component_I_Na_variable_E_Na":50.0,"data_set_value_component_Na_m_gate_variable_m":0.0051198409,"data_set_value_component_Na_m_gate_variable_alpha":0.0128411349,"data_set_value_component_Na_m_gate_variable_beta":0.0003776648,"data_set_value_component_Na_m_gate_variable_tau_m":75.6498339235,"data_set_value_component_Na_m_gate_variable_m_inf":0.9714297209,"data_set_value_component_Na_h_gate_variable_h":0.2361398028,"data_set_value_component_Na_h_gate_variable_alpha_h":0.6733133517,"data_set_value_component_Na_h_gate_variable_beta_h":0.000102016,"data_set_value_component_Na_h_gate_variable_h_inf":0.9998485096,"data_set_value_component_Na_h_gate_variable_tau_h":1.4849675964,"data_set_value_component_I_KD_variable_I_KD":3.1983771281,"data_set_value_component_I_KD_variable_g_KD":7.0,"data_set_value_component_I_KD_variable_E_K":-95.0,"data_set_value_component_KD_n_gate_variable_n":-0.0640690816,"data_set_value_component_KD_n_gate_variable_alpha_n":-0.8956542562,"data_set_value_component_KD_n_gate_variable_beta_n":14.8216967845,"data_set_value_component_KD_n_gate_variable_tau_n":0.0718079094,"data_set_value_component_KD_n_gate_variable_n_inf":-0.0643150597,"data_set_value_component_I_KM_variable_I_KM":1.7201535777,"data_set_value_component_I_KM_variable_g_KM":0.004,"data_set_value_component_KM_p_gate_variable_p":0.0158587735,"data_set_value_component_KM_p_gate_variable_p_inf":0.035973889,"data_set_value_component_KM_p_gate_variable_tau_p":0.68797701,"data_set_value_component_KM_p_gate_variable_tau_max":4.0,"data_set_value_component_I_CaL_variable_I_CaL":0.0000000206,"data_set_value_component_I_CaL_variable_P_Ca":0.000276,"data_set_value_component_CaL_q_gate_variable_q":0.0027237738,"data_set_value_component_CaL_q_gate_variable_alpha_q":0.0330840629,"data_set_value_component_CaL_q_gate_variable_beta_q":1.3838684276,"data_set_value_component_CaL_q_gate_variable_tau_q":0.7057399643,"data_set_value_component_CaL_q_gate_variable_q_inf":0.0030537546,"data_set_value_component_G_nonlin_variable_G":0.0100630614,"data_set_value_component_G_nonlin_variable_Z":2.0,"data_set_value_component_G_nonlin_variable_Ca_o":2.0,"data_set_value_component_dCa_i_dt_variable_Ca_i":0.0001,"data_set_value_component_dCa_i_dt_variable_Ca_inf":0.0001,"data_set_value_component_dCa_i_dt_variable_tau_r":0.017,"data_set_value_component_dCa_i_dt_variable_d":0.0001,"data_set_value_component_dCa_i_dt_variable_drive_channel":0.0000000001,"data_set_value_component_dCa_i_dt_variable_k":0.1,"data_set_value_component_I_h_variable_I_h":-2121.4056474928,"data_set_value_component_I_h_variable_m":2.2151855216,"data_set_value_component_I_h_variable_E_h":-20.0,"data_set_value_component_I_h_variable_g_hbar":0.02,"data_set_value_component_I_h_variable_cac":0.006,"data_set_value_component_I_h_variable_V_S":0.0,"data_set_value_component_I_h_variable_g_inc":2.0,"data_set_value_component_kinetic_variable_p_0":0.9999999228,"data_set_value_component_kinetic_variable_p_1":0.0000000772,"data_set_value_component_kinetic_variable_c_1":0.7848144784,"data_set_value_component_kinetic_variable_o_1":0.2151838613,"data_set_value_component_kinetic_variable_o_2":0.0000016604,"data_set_value_component_rate_constants_variable_h_inf":0.2151842185,"data_set_value_component_rate_constants_variable_tau_s":686.5571648699,"data_set_value_component_rate_constants_variable_alpha":0.0003134251,"data_set_value_component_rate_constants_variable_beta":0.0011431179,"data_set_value_component_rate_constants_variable_k_1Ca":0.0000000077,"data_set_value_component_rate_constants_variable_k_3p":0.000007716,"data_set_value_component_rate_constants_variable_k_2":0.1,"data_set_value_component_rate_constants_variable_P_c":0.01,"data_set_value_component_rate_constants_variable_k_4":1.0,"data_set_value_component_rate_constants_variable_n_Ca":4.0,"data_set_value_component_rate_constants_variable_n_exp":1.0,"data_set_value_component_rate_constants_variable_p_C":0.01,"data_set_value_component_rate_constants_variable_Ca_c":0.006,"data_set_value_component_rate_constants_variable_tau_m":0.02},{"data_set_value_component_environment_variable_time":0.5,"data_set_value_component_membrane_variable_V":-67.8832309096,"data_set_value_component_membrane_variable_V_T":-55.0,"data_set_value_component_membrane_variable_V_S":0.0,"data_set_value_component_membrane_variable_C_m":0.001,"data_set_value_component_membrane_variable_F":96489.0,"data_set_value_component_membrane_variable_R":8.314,"data_set_value_component_membrane_variable_T":296.65,"data_set_value_component_stimulus_protocol_variable_I_app":0.0,"data_set_value_component_stimulus_protocol_variable_i_stimStart":5.0,"data_set_value_component_stimulus_protocol_variable_i_stimEnd":9.0,"data_set_value_component_stimulus_protocol_variable_i_stimAmplitude":-0.3,"data_set_value_component_stimulus_protocol_variable_tau":0.5,"data_set_value_component_stimulus_protocol_variable_period":9.0,"data_set_value_component_I_leak_variable_I_leak":2116.7690903719,"data_set_value_component_I_leak_variable_g_leak":1.0,"data_set_value_component_I_leak_variable_E_leak":-70.0,"data_set_value_component_I_Na_variable_I_Na":-0.6173358085,"data_set_value_component_I_Na_variable_g_Na":70.0,"data_set_value_component_I_Na_variable_E_Na":50.0,"data_set_value_component_Na_m_gate_variable_m":0.0063963386,"data_set_value_component_Na_m_gate_variable_alpha":0.0128411871,"data_set_value_component_Na_m_gate_variable_beta":0.0003776661,"data_set_value_component_Na_m_gate_variable_tau_m":75.6495276066,"data_set_value_component_Na_m_gate_variable_m_inf":0.9714297372,"data_set_value_component_Na_h_gate_variable_h":0.2858755851,"data_set_value_component_Na_h_gate_variable_alpha_h":0.6733126335,"data_set_value_component_Na_h_gate_variable_beta_h":0.0001020164,"data_set_value_component_Na_h_gate_variable_h_inf":0.9998485088,"data_set_value_component_Na_h_gate_variable_tau_h":1.4849691794,"data_set_value_component_I_KD_variable_I_KD":3.2354900591,"data_set_value_component_I_KD_variable_g_KD":7.0,"data_set_value_component_I_KD_variable_E_K":-95.0,"data_set_value_component_KD_n_gate_variable_n":-0.0642541262,"data_set_value_component_KD_n_gate_variable_alpha_n":-0.8956536525,"data_set_value_component_KD_n_gate_variable_beta_n":14.8217006793,"data_set_value_component_KD_n_gate_variable_tau_n":0.0718078862,"data_set_value_component_KD_n_gate_variable_n_inf":-0.0643149955,"data_set_value_component_I_KM_variable_I_KM":2.015322093,"data_set_value_component_I_KM_variable_g_KM":0.004,"data_set_value_component_KM_p_gate_variable_p":0.0185800352,"data_set_value_component_KM_p_gate_variable_p_inf":0.0359739556,"data_set_value_component_KM_p_gate_variable_tau_p":0.6879775257,"data_set_value_component_KM_p_gate_variable_tau_max":4.0,"data_set_value_component_I_CaL_variable_I_CaL":0.0000000213,"data_set_value_component_I_CaL_variable_P_Ca":0.000276,"data_set_value_component_CaL_q_gate_variable_q":0.0027673687,"data_set_value_component_CaL_q_gate_variable_alpha_q":0.0330841084,"data_set_value_component_CaL_q_gate_variable_beta_q":1.3838680436,"data_set_value_component_CaL_q_gate_variable_tau_q":0.7057401329,"data_set_value_component_CaL_q_gate_variable_q_inf":0.0030537604,"data_set_value_component_G_nonlin_variable_G":0.0100630739,"data_set_value_component_G_nonlin_variable_Z":2.0,"data_set_value_component_G_nonlin_variable_Ca_o":2.0,"data_set_value_component_dCa_i_dt_variable_Ca_i":0.0001,"data_set_value_component_dCa_i_dt_variable_Ca_inf":0.0001,"data_set_value_component_dCa_i_dt_variable_tau_r":0.017,"data_set_value_component_dCa_i_dt_variable_d":0.0001,"data_set_value_component_dCa_i_dt_variable_drive_channel":0.0000000001,"data_set_value_component_dCa_i_dt_variable_k":0.1,"data_set_value_component_I_h_variable_I_h":-2121.4042206224,"data_set_value_component_I_h_variable_m":2.21518492,"data_set_value_component_I_h_variable_E_h":-20.0,"data_set_value_component_I_h_variable_g_hbar":0.02,"data_set_value_component_I_h_variable_cac":0.006,"data_set_value_component_I_h_variable_V_S":0.0,"data_set_value_component_I_h_variable_g_inc":2.0,"data_set_value_component_kinetic_variable_p_0":0.9999999228,"data_set_value_component_kinetic_variable_p_1":0.0000000772,"data_set_value_component_kinetic_variable_c_1":0.78481508,"data_set_value_component_kinetic_variable_o_1":0.2151832596,"data_set_value_component_kinetic_variable_o_2":0.0000016604,"data_set_value_component_rate_constants_variable_h_inf":0.215183629,"data_set_value_component_rate_constants_variable_tau_s":686.5564661062,"data_set_value_component_rate_constants_variable_alpha":0.0003134245,"data_set_value_component_rate_constants_variable_beta":0.0011431199,"data_set_value_component_rate_constants_variable_k_1Ca":0.0000000077,"data_set_value_component_rate_constants_variable_k_3p":0.000007716,"data_set_value_component_rate_constants_variable_k_2":0.1,"data_set_value_component_rate_constants_variable_P_c":0.01,"data_set_value_component_rate_constants_variable_k_4":1.0,"data_set_value_component_rate_constants_variable_n_Ca":4.0,"data_set_value_component_rate_constants_variable_n_exp":1.0,"data_set_value_component_rate_constants_variable_p_C":0.01,"data_set_value_component_rate_constants_variable_Ca_c":0.006,"data_set_value_component_rate_constants_variable_tau_m":0.02},{"data_set_value_component_environment_variable_time":0.6,"data_set_value_component_membrane_variable_V":-67.882902187,"data_set_value_component_membrane_variable_V_T":-55.0,"data_set_value_component_membrane_variable_V_S":0.0,"data_set_value_component_membrane_variable_C_m":0.001,"data_set_value_component_membrane_variable_F":96489.0,"data_set_value_component_membrane_variable_R":8.314,"data_set_value_component_membrane_variable_T":296.65,"data_set_value_component_stimulus_protocol_variable_I_app":0.0,"data_set_value_component_stimulus_protocol_variable_i_stimStart":5.0,"data_set_value_component_stimulus_protocol_variable_i_stimEnd":9.0,"data_set_value_component_stimulus_protocol_variable_i_stimAmplitude":-0.3,"data_set_value_component_stimulus_protocol_variable_tau":0.6,"data_set_value_component_stimulus_protocol_variable_period":9.0,"data_set_value_component_I_leak_variable_I_leak":2117.0978129893,"data_set_value_component_I_leak_variable_g_leak":1.0,"data_set_value_component_I_leak_variable_E_leak":-70.0,"data_set_value_component_I_Na_variable_I_Na":-1.2381217459,"data_set_value_component_I_Na_variable_g_Na":70.0,"data_set_value_component_I_Na_variable_E_Na":50.0,"data_set_value_component_Na_m_gate_variable_m":0.0076711963,"data_set_value_component_Na_m_gate_variable_alpha":0.012842081,"data_set_value_component_Na_m_gate_variable_beta":0.0003776886,"data_set_value_component_Na_m_gate_variable_tau_m":75.644283774,"data_set_value_component_Na_m_gate_variable_m_inf":0.9714300169,"data_set_value_component_Na_h_gate_variable_h":0.332372593,"data_set_value_component_Na_h_gate_variable_alpha_h":0.6733003373,"data_set_value_component_Na_h_gate_variable_beta_h":0.0001020231,"data_set_value_component_Na_h_gate_variable_h_inf":0.9998484961,"data_set_value_component_Na_h_gate_variable_tau_h":1.4849962798,"data_set_value_component_I_KD_variable_I_KD":3.2447096895,"data_set_value_component_I_KD_variable_g_KD":7.0,"data_set_value_component_I_KD_variable_E_K":-95.0,"data_set_value_component_KD_n_gate_variable_n":-0.064299656,"data_set_value_component_KD_n_gate_variable_alpha_n":-0.8956433171,"data_set_value_component_KD_n_gate_variable_beta_n":14.8217673577,"data_set_value_component_KD_n_gate_variable_tau_n":0.0718074891,"data_set_value_component_KD_n_gate_variable_n_inf":-0.0643138977,"data_set_value_component_I_KM_variable_I_KM":2.2706098628,"data_set_value_component_I_KM_variable_g_KM":0.004,"data_set_value_component_KM_p_gate_variable_p":0.0209333783,"data_set_value_component_KM_p_gate_variable_p_inf":0.0359750956,"data_set_value_component_KM_p_gate_variable_tau_p":0.6879863538,"data_set_value_component_KM_p_gate_variable_tau_max":4.0,"data_set_value_component_I_CaL_variable_I_CaL":0.0000000219,"data_set_value_component_I_CaL_variable_P_Ca":0.000276,"data_set_value_component_CaL_q_gate_variable_q":0.0028052135,"data_set_value_component_CaL_q_gate_variable_alpha_q":0.0330848873,"data_set_value_component_CaL_q_gate_variable_beta_q":1.3838614693,"data_set_value_component_CaL_q_gate_variable_tau_q":0.7057430194,"data_set_value_component_CaL_q_gate_variable_q_inf":0.0030538605,"data_set_value_component_G_nonlin_variable_G":0.010063288,"data_set_value_component_G_nonlin_variable_Z":2.0,"data_set_value_component_G_nonlin_variable_Ca_o":2.0,"data_set_value_component_dCa_i_dt_variable_Ca_i":0.0001,"data_set_value_component_dCa_i_dt_variable_Ca_inf":0.0001,"data_set_value_component_dCa_i_dt_variable_tau_r":0.017,"data_set_value_component_dCa_i_dt_variable_d":0.0001,"data_set_value_component_dCa_i_dt_variable_drive_channel":0.0000000001,"data_set_value_component_dCa_i_dt_variable_k":0.1,"data_set_value_component_I_h_variable_I_h":-2121.3800024821,"data_set_value_component_I_h_variable_m":2.2151748386,"data_set_value_component_I_h_variable_E_h":-20.0,"data_set_value_component_I_h_variable_g_hbar":0.02,"data_set_value_component_I_h_variable_cac":0.006,"data_set_value_component_I_h_variable_V_S":0.0,"data_set_value_component_I_h_variable_g_inc":2.0,"data_set_value_component_kinetic_variable_p_0":0.9999999228,"data_set_value_component_kinetic_variable_p_1":0.0000000772,"data_set_value_component_kinetic_variable_c_1":0.7848251614,"data_set_value_component_kinetic_variable_o_1":0.2151731783,"data_set_value_component_kinetic_variable_o_2":0.0000016603,"data_set_value_component_rate_constants_variable_h_inf":0.2151735356,"data_set_value_component_rate_constants_variable_tau_s":686.5445035484,"data_set_value_component_rate_constants_variable_alpha":0.0003134153,"data_set_value_component_rate_constants_variable_beta":0.0011431545,"data_set_value_component_rate_constants_variable_k_1Ca":0.0000000077,"data_set_value_component_rate_constants_variable_k_3p":0.000007716,"data_set_value_component_rate_constants_variable_k_2":0.1,"data_set_value_component_rate_constants_variable_P_c":0.01,"data_set_value_component_rate_constants_variable_k_4":1.0,"data_set_value_component_rate_constants_variable_n_Ca":4.0,"data_set_value_component_rate_constants_variable_n_exp":1.0,"data_set_value_component_rate_constants_variable_p_C":0.01,"data_set_value_component_rate_constants_variable_Ca_c":0.006,"data_set_value_component_rate_constants_variable_tau_m":0.02},{"data_set_value_component_environment_variable_time":0.7,"data_set_value_component_membrane_variable_V":-67.8821998029,"data_set_value_component_membrane_variable_V_T":-55.0,"data_set_value_component_membrane_variable_V_S":0.0,"data_set_value_component_membrane_variable_C_m":0.001,"data_set_value_component_membrane_variable_F":96489.0,"data_set_value_component_membrane_variable_R":8.314,"data_set_value_component_membrane_variable_T":296.65,"data_set_value_component_stimulus_protocol_variable_I_app":0.0,"data_set_value_component_stimulus_protocol_variable_i_stimStart":5.0,"data_set_value_component_stimulus_protocol_variable_i_stimEnd":9.0,"data_set_value_component_stimulus_protocol_variable_i_stimAmplitude":-0.3,"data_set_value_component_stimulus_protocol_variable_tau":0.7,"data_set_value_component_stimulus_protocol_variable_period":9.0,"data_set_value_component_I_leak_variable_I_leak":2117.8001970699,"data_set_value_component_I_leak_variable_g_leak":1.0,"data_set_value_component_I_leak_variable_E_leak":-70.0,"data_set_value_component_I_Na_variable_I_Na":-2.2193182457,"data_set_value_component_I_Na_variable_g_Na":70.0,"data_set_value_component_I_Na_variable_E_Na":50.0,"data_set_value_component_Na_m_gate_variable_m":0.0089445074,"data_set_value_component_Na_m_gate_variable_alpha":0.0128439911,"data_set_value_component_Na_m_gate_variable_beta":0.0003777366,"data_set_value_component_Na_m_gate_variable_tau_m":75.6330804924,"data_set_value_component_Na_m_gate_variable_m_inf":0.9714306145,"data_set_value_component_Na_h_gate_variable_h":0.3758408864,"data_set_value_component_Na_h_gate_variable_alpha_h":0.6732740647,"data_set_value_component_Na_h_gate_variable_beta_h":0.0001020374,"data_set_value_component_Na_h_gate_variable_h_inf":0.9998484689,"data_set_value_component_Na_h_gate_variable_tau_h":1.4850541871,"data_set_value_component_I_KD_variable_I_KD":3.2467728457,"data_set_value_component_I_KD_variable_g_KD":7.0,"data_set_value_component_I_KD_variable_E_K":-95.0,"data_set_value_component_KD_n_gate_variable_n":-0.0643094584,"data_set_value_component_KD_n_gate_variable_alpha_n":-0.8956212335,"data_set_value_component_KD_n_gate_variable_beta_n":14.8219098308,"data_set_value_component_KD_n_gate_variable_tau_n":0.0718066406,"data_set_value_component_KD_n_gate_variable_n_inf":-0.064311552,"data_set_value_component_I_KM_variable_I_KM":2.4914383457,"data_set_value_component_I_KM_variable_g_KM":0.004,"data_set_value_component_KM_p_gate_variable_p":0.022968662,"data_set_value_component_KM_p_gate_variable_p_inf":0.0359775316,"data_set_value_component_KM_p_gate_variable_tau_p":0.688005217,"data_set_value_component_KM_p_gate_variable_tau_max":4.0,"data_set_value_component_I_CaL_variable_I_CaL":0.0000000224,"data_set_value_component_I_CaL_variable_P_Ca":0.000276,"data_set_value_component_CaL_q_gate_variable_q":0.0028380805,"data_set_value_component_CaL_q_gate_variable_alpha_q":0.0330865516,"data_set_value_component_CaL_q_gate_variable_beta_q":1.383847422,"data_set_value_component_CaL_q_gate_variable_tau_q":0.7057491871,"data_set_value_component_CaL_q_gate_variable_q_inf":0.0030540743,"data_set_value_component_G_nonlin_variable_G":0.0100637453,"data_set_value_component_G_nonlin_variable_Z":2.0,"data_set_value_component_G_nonlin_variable_Ca_o":2.0,"data_set_value_component_dCa_i_dt_variable_Ca_i":0.0001,"data_set_value_component_dCa_i_dt_variable_Ca_inf":0.0001,"data_set_value_component_dCa_i_dt_variable_tau_r":0.017,"data_set_value_component_dCa_i_dt_variable_d":0.0001,"data_set_value_component_dCa_i_dt_variable_drive_channel":0.0000000001,"data_set_value_component_dCa_i_dt_variable_k":0.1,"data_set_value_component_I_h_variable_I_h":-2121.3282322899,"data_set_value_component_I_h_variable_m":2.2151532731,"data_set_value_component_I_h_variable_E_h":-20.0,"data_set_value_component_I_h_variable_g_hbar":0.02,"data_set_value_component_I_h_variable_cac":0.006,"data_set_value_component_I_h_variable_V_S":0.0,"data_set_value_component_I_h_variable_g_inc":2.0,"data_set_value_component_kinetic_variable_p_0":0.9999999228,"data_set_value_component_kinetic_variable_p_1":0.0000000772,"data_set_value_component_kinetic_variable_c_1":0.7848467269,"data_set_value_component_kinetic_variable_o_1":0.2151516129,"data_set_value_component_kinetic_variable_o_2":0.0000016601,"data_set_value_component_rate_constants_variable_h_inf":0.2151519701,"data_set_value_component_rate_constants_variable_tau_s":686.5189431575,"data_set_value_component_rate_constants_variable_alpha":0.0003133955,"data_set_value_component_rate_constants_variable_beta":0.0011432285,"data_set_value_component_rate_constants_variable_k_1Ca":0.0000000077,"data_set_value_component_rate_constants_variable_k_3p":0.000007716,"data_set_value_component_rate_constants_variable_k_2":0.1,"data_set_value_component_rate_constants_variable_P_c":0.01,"data_set_value_component_rate_constants_variable_k_4":1.0,"data_set_value_component_rate_constants_variable_n_Ca":4.0,"data_set_value_component_rate_constants_variable_n_exp":1.0,"data_set_value_component_rate_constants_variable_p_C":0.01,"data_set_value_component_rate_constants_variable_Ca_c":0.006,"data_set_value_component_rate_constants_variable_tau_m":0.02},{"data_set_value_component_environment_variable_time":0.8,"data_set_value_component_membrane_variable_V":-67.8810365343,"data_set_value_component_membrane_variable_V_T":-55.0,"data_set_value_component_membrane_variable_V_S":0.0,"data_set_value_component_membrane_variable_C_m":0.001,"data_set_value_component_membrane_variable_F":96489.0,"data_set_value_component_membrane_variable_R":8.314,"data_set_value_component_membrane_variable_T":296.65,"data_set_value_component_stimulus_protocol_variable_I_app":0.0,"data_set_value_component_stimulus_protocol_variable_i_stimStart":5.0,"data_set_value_component_stimulus_protocol_variable_i_stimEnd":9.0,"data_set_value_component_stimulus_protocol_variable_i_stimAmplitude":-0.3,"data_set_value_component_stimulus_protocol_variable_tau":0.8,"data_set_value_component_stimulus_protocol_variable_period":9.0,"data_set_value_component_I_leak_variable_I_leak":2118.9634656769,"data_set_value_component_I_leak_variable_g_leak":1.0,"data_set_value_component_I_leak_variable_E_leak":-70.0,"data_set_value_component_I_Na_variable_I_Na":-3.6645806195,"data_set_value_component_I_Na_variable_g_Na":70.0,"data_set_value_component_I_Na_variable_E_Na":50.0,"data_set_value_component_Na_m_gate_variable_m":0.0102163856,"data_set_value_component_Na_m_gate_variable_alpha":0.0128471553,"data_set_value_component_Na_m_gate_variable_beta":0.0003778162,"data_set_value_component_Na_m_gate_variable_tau_m":75.6145296943,"data_set_value_component_Na_m_gate_variable_m_inf":0.9714316042,"data_set_value_component_Na_h_gate_variable_h":0.4164764697,"data_set_value_component_Na_h_gate_variable_alpha_h":0.6732305551,"data_set_value_component_Na_h_gate_variable_beta_h":0.0001020611,"data_set_value_component_Na_h_gate_variable_h_inf":0.9998484239,"data_set_value_component_Na_h_gate_variable_tau_h":1.4851500965,"data_set_value_component_I_KD_variable_I_KD":3.2468945289,"data_set_value_component_I_KD_variable_g_KD":7.0,"data_set_value_component_I_KD_variable_E_K":-95.0,"data_set_value_component_KD_n_gate_variable_n":-0.0643093713,"data_set_value_component_KD_n_gate_variable_alpha_n":-0.8955846594,"data_set_value_component_KD_n_gate_variable_beta_n":14.8221457927,"data_set_value_component_KD_n_gate_variable_tau_n":0.0718052354,"data_set_value_component_KD_n_gate_variable_n_inf":-0.0643076673,"data_set_value_component_I_KM_variable_I_KM":2.682497172,"data_set_value_component_I_KM_variable_g_KM":0.004,"data_set_value_component_KM_p_gate_variable_p":0.0247289796,"data_set_value_component_KM_p_gate_variable_p_inf":0.0359815664,"data_set_value_component_KM_p_gate_variable_tau_p":0.6880364582,"data_set_value_component_KM_p_gate_variable_tau_max":4.0,"data_set_value_component_I_CaL_variable_I_CaL":0.0000000228,"data_set_value_component_I_CaL_variable_P_Ca":0.000276,"data_set_value_component_CaL_q_gate_variable_q":0.0028666424,"data_set_value_component_CaL_q_gate_variable_alpha_q":0.0330893082,"data_set_value_component_CaL_q_gate_variable_beta_q":1.3838241573,"data_set_value_component_CaL_q_gate_variable_tau_q":0.7057594019,"data_set_value_component_CaL_q_gate_variable_q_inf":0.0030544286,"data_set_value_component_G_nonlin_variable_G":0.0100645028,"data_set_value_component_G_nonlin_variable_Z":2.0,"data_set_value_component_G_nonlin_variable_Ca_o":2.0,"data_set_value_component_dCa_i_dt_variable_Ca_i":0.0001,"data_set_value_component_dCa_i_dt_variable_Ca_inf":0.0001,"data_set_value_component_dCa_i_dt_variable_tau_r":0.017,"data_set_value_component_dCa_i_dt_variable_d":0.0001,"data_set_value_component_dCa_i_dt_variable_drive_channel":0.0000000001,"data_set_value_component_dCa_i_dt_variable_k":0.1,"data_set_value_component_I_h_variable_I_h":-2121.2424966023,"data_set_value_component_I_h_variable_m":2.2151175602,"data_set_value_component_I_h_variable_E_h":-20.0,"data_set_value_component_I_h_variable_g_hbar":0.02,"data_set_value_component_I_h_variable_cac":0.006,"data_set_value_component_I_h_variable_V_S":0.0,"data_set_value_component_I_h_variable_g_inc":2.0,"data_set_value_component_kinetic_variable_p_0":0.9999999228,"data_set_value_component_kinetic_variable_p_1":0.0000000772,"data_set_value_component_kinetic_variable_c_1":0.7848824398,"data_set_value_component_kinetic_variable_o_1":0.2151159004,"data_set_value_component_kinetic_variable_o_2":0.0000016598,"data_set_value_component_rate_constants_variable_h_inf":0.2151162575,"data_set_value_component_rate_constants_variable_tau_s":686.4766110498,"data_set_value_component_rate_constants_variable_alpha":0.0003133628,"data_set_value_component_rate_constants_variable_beta":0.001143351,"data_set_value_component_rate_constants_variable_k_1Ca":0.0000000077,"data_set_value_component_rate_constants_variable_k_3p":0.000007716,"data_set_value_component_rate_constants_variable_k_2":0.1,"data_set_value_component_rate_constants_variable_P_c":0.01,"data_set_value_component_rate_constants_variable_k_4":1.0,"data_set_value_component_rate_constants_variable_n_Ca":4.0,"data_set_value_component_rate_constants_variable_n_exp":1.0,"data_set_value_component_rate_constants_variable_p_C":0.01,"data_set_value_component_rate_constants_variable_Ca_c":0.006,"data_set_value_component_rate_constants_variable_tau_m":0.02},{"data_set_value_component_environment_variable_time":0.9,"data_set_value_component_membrane_variable_V":-67.8793149185,"data_set_value_component_membrane_variable_V_T":-55.0,"data_set_value_component_membrane_variable_V_S":0.0,"data_set_value_component_membrane_variable_C_m":0.001,"data_set_value_component_membrane_variable_F":96489.0,"data_set_value_component_membrane_variable_R":8.314,"data_set_value_component_membrane_variable_T":296.65,"data_set_value_component_stimulus_protocol_variable_I_app":0.0,"data_set_value_component_stimulus_protocol_variable_i_stimStart":5.0,"data_set_value_component_stimulus_protocol_variable_i_stimEnd":9.0,"data_set_value_component_stimulus_protocol_variable_i_stimAmplitude":-0.3,"data_set_value_component_stimulus_protocol_variable_tau":0.9,"data_set_value_component_stimulus_protocol_variable_period":9.0,"data_set_value_component_I_leak_variable_I_leak":2120.6850815223,"data_set_value_component_I_leak_variable_g_leak":1.0,"data_set_value_component_I_leak_variable_E_leak":-70.0,"data_set_value_component_I_Na_variable_I_Na":-5.6839519274,"data_set_value_component_I_Na_variable_g_Na":70.0,"data_set_value_component_I_Na_variable_E_Na":50.0,"data_set_value_component_Na_m_gate_variable_m":0.0114869688,"data_set_value_component_Na_m_gate_variable_alpha":0.0128518396,"data_set_value_component_Na_m_gate_variable_beta":0.000377934,"data_set_value_component_Na_m_gate_variable_tau_m":75.5870834603,"data_set_value_component_Na_m_gate_variable_m_inf":0.9714330687,"data_set_value_component_Na_h_gate_variable_h":0.4544628958,"data_set_value_component_Na_h_gate_variable_alpha_h":0.6731661668,"data_set_value_component_Na_h_gate_variable_beta_h":0.0001020963,"data_set_value_component_Na_h_gate_variable_h_inf":0.9998483572,"data_set_value_component_Na_h_gate_variable_tau_h":1.4852920519,"data_set_value_component_I_KD_variable_I_KD":3.2463334624,"data_set_value_component_I_KD_variable_g_KD":7.0,"data_set_value_component_I_KD_variable_E_K":-95.0,"data_set_value_component_KD_n_gate_variable_n":-0.0643055724,"data_set_value_component_KD_n_gate_variable_alpha_n":-0.8955305306,"data_set_value_component_KD_n_gate_variable_beta_n":14.822495017,"data_set_value_component_KD_n_gate_variable_tau_n":0.0718031557,"data_set_value_component_KD_n_gate_variable_n_inf":-0.0643019182,"data_set_value_component_I_KM_variable_I_KM":2.847859518,"data_set_value_component_I_KM_variable_g_KM":0.004,"data_set_value_component_KM_p_gate_variable_p":0.0262517292,"data_set_value_component_KM_p_gate_variable_p_inf":0.0359875386,"data_set_value_component_KM_p_gate_variable_tau_p":0.6880826954,"data_set_value_component_KM_p_gate_variable_tau_max":4.0,"data_set_value_component_I_CaL_variable_I_CaL":0.0000000232,"data_set_value_component_I_CaL_variable_P_Ca":0.000276,"data_set_value_component_CaL_q_gate_variable_q":0.002891488,"data_set_value_component_CaL_q_gate_variable_alpha_q":0.0330933882,"data_set_value_component_CaL_q_gate_variable_beta_q":1.383789726,"data_set_value_component_CaL_q_gate_variable_tau_q":0.7057745201,"data_set_value_component_CaL_q_gate_variable_q_inf":0.0030549528,"data_set_value_component_G_nonlin_variable_G":0.0100656239,"data_set_value_component_G_nonlin_variable_Z":2.0,"data_set_value_component_G_nonlin_variable_Ca_o":2.0,"data_set_value_component_dCa_i_dt_variable_Ca_i":0.0001,"data_set_value_component_dCa_i_dt_variable_Ca_inf":0.0001,"data_set_value_component_dCa_i_dt_variable_tau_r":0.017,"data_set_value_component_dCa_i_dt_variable_d":0.0001,"data_set_value_component_dCa_i_dt_variable_drive_channel":0.0000000001,"data_set_value_component_dCa_i_dt_variable_k":0.1,"data_set_value_component_I_h_variable_I_h":-2121.1156199956,"data_set_value_component_I_h_variable_m":2.2150647139,"data_set_value_component_I_h_variable_E_h":-20.0,"data_set_value_component_I_h_variable_g_hbar":0.02,"data_set_value_component_I_h_variable_cac":0.006,"data_set_value_component_I_h_variable_V_S":0.0,"data_set_value_component_I_h_variable_g_inc":2.0,"data_set_value_component_kinetic_variable_p_0":0.9999999228,"data_set_value_component_kinetic_variable_p_1":0.0000000772,"data_set_value_component_kinetic_variable_c_1":0.7849352861,"data_set_value_component_kinetic_variable_o_1":0.2150630544,"data_set_value_component_kinetic_variable_o_2":0.0000016594,"data_set_value_component_rate_constants_variable_h_inf":0.2150634113,"data_set_value_component_rate_constants_variable_tau_s":686.4139609788,"data_set_value_component_rate_constants_variable_alpha":0.0003133144,"data_set_value_component_rate_constants_variable_beta":0.0011435324,"data_set_value_component_rate_constants_variable_k_1Ca":0.0000000077,"data_set_value_component_rate_constants_variable_k_3p":0.000007716,"data_set_value_component_rate_constants_variable_k_2":0.1,"data_set_value_component_rate_constants_variable_P_c":0.01,"data_set_value_component_rate_constants_variable_k_4":1.0,"data_set_value_component_rate_constants_variable_n_Ca":4.0,"data_set_value_component_rate_constants_variable_n_exp":1.0,"data_set_value_component_rate_constants_variable_p_C":0.01,"data_set_value_component_rate_constants_variable_Ca_c":0.006,"data_set_value_component_rate_constants_variable_tau_m":0.02},{"data_set_value_component_environment_variable_time":1.0,"data_set_value_component_membrane_variable_V":-67.8769314896,"data_set_value_component_membrane_variable_V_T":-55.0,"data_set_value_component_membrane_variable_V_S":0.0,"data_set_value_component_membrane_variable_C_m":0.001,"data_set_value_component_membrane_variable_F":96489.0,"data_set_value_component_membrane_variable_R":8.314,"data_set_value_component_membrane_variable_T":296.65,"data_set_value_component_stimulus_protocol_variable_I_app":0.0,"data_set_value_component_stimulus_protocol_variable_i_stimStart":5.0,"data_set_value_component_stimulus_protocol_variable_i_stimEnd":9.0,"data_set_value_component_stimulus_protocol_variable_i_stimAmplitude":-0.3,"data_set_value_component_stimulus_protocol_variable_tau":1.0,"data_set_value_component_stimulus_protocol_variable_period":9.0,"data_set_value_component_I_leak_variable_I_leak":2123.0685103875,"data_set_value_component_I_leak_variable_g_leak":1.0,"data_set_value_component_I_leak_variable_E_leak":-70.0,"data_set_value_component_I_Na_variable_I_Na":-8.3923700726,"data_set_value_component_I_Na_variable_g_Na":70.0,"data_set_value_component_I_Na_variable_E_Na":50.0,"data_set_value_component_Na_m_gate_variable_m":0.0127564217,"data_set_value_component_Na_m_gate_variable_alpha":0.0128583273,"data_set_value_component_Na_m_gate_variable_beta":0.0003780972,"data_set_value_component_Na_m_gate_variable_tau_m":75.5491034507,"data_set_value_component_Na_m_gate_variable_m_inf":0.971435096,"data_set_value_component_Na_h_gate_variable_h":0.4899718916,"data_set_value_component_Na_h_gate_variable_alpha_h":0.673077037,"data_set_value_component_Na_h_gate_variable_beta_h":0.000102145,"data_set_value_component_Na_h_gate_variable_h_inf":0.9998482648,"data_set_value_component_Na_h_gate_variable_tau_h":1.4854885992,"data_set_value_component_I_KD_variable_I_KD":3.2453536523,"data_set_value_component_I_KD_variable_g_KD":7.0,"data_set_value_component_I_KD_variable_E_K":-95.0,"data_set_value_component_KD_n_gate_variable_n":-0.064299307,"data_set_value_component_KD_n_gate_variable_alpha_n":-0.8954555944,"data_set_value_component_KD_n_gate_variable_beta_n":14.8229784979,"data_set_value_component_KD_n_gate_variable_tau_n":0.0718002768,"data_set_value_component_KD_n_gate_variable_n_inf":-0.0642939596,"data_set_value_component_I_KM_variable_I_KM":2.9910593786,"data_set_value_component_I_KM_variable_g_KM":0.004,"data_set_value_component_KM_p_gate_variable_p":0.0275693307,"data_set_value_component_KM_p_gate_variable_p_inf":0.0359958082,"data_set_value_component_KM_p_gate_variable_tau_p":0.6881467087,"data_set_value_component_KM_p_gate_variable_tau_max":4.0,"data_set_value_component_I_CaL_variable_I_CaL":0.0000000236,"data_set_value_component_I_CaL_variable_P_Ca":0.000276,"data_set_value_component_CaL_q_gate_variable_q":0.0029131327,"data_set_value_component_CaL_q_gate_variable_alpha_q":0.0330990376,"data_set_value_component_CaL_q_gate_variable_beta_q":1.3837420589,"data_set_value_component_CaL_q_gate_variable_tau_q":0.7057954505,"data_set_value_component_CaL_q_gate_variable_q_inf":0.0030556788,"data_set_value_component_G_nonlin_variable_G":0.0100671763,"data_set_value_component_G_nonlin_variable_Z":2.0,"data_set_value_component_G_nonlin_variable_Ca_o":2.0,"data_set_value_component_dCa_i_dt_variable_Ca_i":0.0001,"data_set_value_component_dCa_i_dt_variable_Ca_inf":0.0001,"data_set_value_component_dCa_i_dt_variable_tau_r":0.017,"data_set_value_component_dCa_i_dt_variable_d":0.0001,"data_set_value_component_dCa_i_dt_variable_drive_channel":0.0000000001,"data_set_value_component_dCa_i_dt_variable_k":0.1,"data_set_value_component_I_h_variable_I_h":-2120.9399911642,"data_set_value_component_I_h_variable_m":2.2149915681,"data_set_value_component_I_h_variable_E_h":-20.0,"data_set_value_component_I_h_variable_g_hbar":0.02,"data_set_value_component_I_h_variable_cac":0.006,"data_set_value_component_I_h_variable_V_S":0.0,"data_set_value_component_I_h_variable_g_inc":2.0,"data_set_value_component_kinetic_variable_p_0":0.9999999228,"data_set_value_component_kinetic_variable_p_1":0.0000000772,"data_set_value_component_kinetic_variable_c_1":0.7850084319,"data_set_value_component_kinetic_variable_o_1":0.2149899093,"data_set_value_component_kinetic_variable_o_2":0.0000016589,"data_set_value_component_rate_constants_variable_h_inf":0.2149902659,"data_set_value_component_rate_constants_variable_tau_s":686.3272286523,"data_set_value_component_rate_constants_variable_alpha":0.0003132475,"data_set_value_component_rate_constants_variable_beta":0.0011437835,"data_set_value_component_rate_constants_variable_k_1Ca":0.0000000077,"data_set_value_component_rate_constants_variable_k_3p":0.000007716,"data_set_value_component_rate_constants_variable_k_2":0.1,"data_set_value_component_rate_constants_variable_P_c":0.01,"data_set_value_component_rate_constants_variable_k_4":1.0,"data_set_value_component_rate_constants_variable_n_Ca":4.0,"data_set_value_component_rate_constants_variable_n_exp":1.0,"data_set_value_component_rate_constants_variable_p_C":0.01,"data_set_value_component_rate_constants_variable_Ca_c":0.006,"data_set_value_component_rate_constants_variable_tau_m":0.02}]