[{"R_CITtcp":0.0,"R_13BGH":0.0,"R_13BGHe":0.0,"R_13GS":0.3266700006,"R_16GS":0.0,"R_23CAPPD":0.0,"R_2DDA7Ptm":-0.0760829055,"R_2DHPtm":0.0,"R_2DOXG6PP":0.0,"R_2HBO":0.0,"R_2HBt2":0.0,"R_2HMHMBQMTm":0.0,"R_2HP6MPMOm":0.0,"R_2HPMBQMTm":0.0,"R_2HPMMBQMOm":0.0,"R_2MBACt":0.0,"R_EX_epistest_SC_e":0.0,"R_EX_epist_e":0.0,"R_2MBALDt":0.0,"R_2MBALDtm":0.0,"R_2MBTOHt":0.0,"R_ACACT6p":0.0,"R_2MBTOHtm":0.0,"R_ACACT7p":0.0,"R_2MPPALt":0.0,"R_ACACT8p":0.0,"R_ACACT9p":0.0,"R_ACALDCD":0.0,"R_ACALDt":0.0,"R_ACALDtm":0.0,"R_ACCOAC":0.1144554038,"R_ACCOACrm":0.0,"R_AGAT_SC":0.0071102829,"R_AGPRim":0.0462600186,"R_AGTi":0.0150006818,"R_AHCYStm":0.0,"R_ACCOAtn":0.0,"R_2MPPALtm":0.0,"R_ACESt":0.0,"R_ACGAM6PS":0.0,"R_AHCi":0.0053830887,"R_AHMMPS":0.0,"R_AHSERL":0.0,"R_AHSERL2":0.0164947048,"R_ACGAMPM":0.0,"R_ACGKm":0.0462600186,"R_2OBUTtm":0.0554717211,"R_ACGSm":0.0,"R_2OXOADPtim":0.0823871644,"R_ACHBSm":0.0554717211,"R_ACHLE1":0.0,"R_2PHETOHt":0.0,"R_ACHLE2":0.0,"R_ACHLE3":0.0,"R_ACLSm":0.1614926598,"R_2PHETOHtm":0.0,"R_ACOAHim":0.0,"R_34HPLFM":0.0,"R_ACOAO4p":0.0,"R_AICART":0.0475813222,"R_AIRCr":0.028495826,"R_AKGDam":0.2210007411,"R_AKGDbm":0.2210007411,"R_ACOAO5p":0.0,"R_ACOAO6p":0.0,"R_ACOAO7p":0.0,"R_ACOAO8p":0.0,"R_ACOAO9p":0.0,"R_AKGMAL":0.0,"R_AKGt2n":0.0,"R_AKGt2r":0.0,"R_34HPPOR":0.0,"R_AKGtp":0.0,"R_AKP1":0.0,"R_ALASm":0.0,"R_ALATA_L":-0.1470734667,"R_ALATA_Lm":0.0,"R_ACOATA":0.0,"R_ACOATAm":0.0,"R_ACON3MT":0.0,"R_ALATRS":0.0,"R_34HPPt2m":0.0293623018,"R_ALAt2r":0.0,"R_ALAtmi":0.0,"R_ACONT":0.0,"R_ACONT3m":0.0,"R_ACONTm":0.5292790019,"R_ACOTAim":0.0462600186,"R_ALCD19y":0.0,"R_ALCD22xi":0.0,"R_ALCD22xim":0.0,"R_34HPPt2p":0.0,"R_ALCD22yi":0.0,"R_ALCD23xi":0.0,"R_ALCD23xim":0.0,"R_ALCD23yi":0.0,"R_ALCD24xi":0.0,"R_ALCD24xim":0.0,"R_ACP1e":0.0,"R_ACPSm":0.0,"R_ACRNtm":0.0,"R_ACRNtp":0.0,"R_ACS":0.147070588,"R_ACSm":0.0,"R_ACSp":0.0,"R_ACt2r":0.0,"R_ALCD24yi":0.0,"R_ALCD25xi":0.0,"R_ALCD25xim":0.0,"R_ALCD25yi":0.0,"R_ACtm":0.0,"R_3C3HMPt":0.0,"R_ACtp":0.0,"R_ACtr":0.0,"R_ADA":0.0,"R_ADCL":0.0,"R_ALCD26xi":0.0,"R_ALCD26xim":0.0,"R_ALCD2x_copy1":0.0,"R_ALCD2ir":0.0,"R_ALCD2irm":0.0,"R_ADCS":0.0,"R_3C3HMPtm":-0.0853233946,"R_ADD":0.0,"R_ADEt2":0.0,"R_ADEtm":0.0,"R_ADHAPR_SC":0.0,"R_ADK1":0.4488056613,"R_ADK1m":0.0,"R_ADK3":0.0,"R_ALCD2x_copy2":-15.8154748192,"R_ALDD19xr":0.0,"R_ALDD20xm":0.0,"R_ALDD20y":0.0,"R_ALDD20ym":0.0,"R_ALDD22x":0.0,"R_ALDD2xm":0.0,"R_ALDD2y":0.1305758832,"R_ALDD2ym":0.0,"R_ADK3m":0.0,"R_ADK4":0.0,"R_ADK4m":0.0,"R_ADMDC":0.0,"R_ADNCYC":0.0,"R_ADNK1":0.0053830887,"R_ADNUC":0.0,"R_ALLTAHr":0.0,"R_ALLTN":0.0,"R_ALLTNti":0.0,"R_ALLTTti":0.0,"R_ADNt2":0.0,"R_3C4MOPtm":0.0,"R_ADPT":0.0,"R_ADSK":0.0164947048,"R_ALPHNH":0.0,"R_AMAOTr":0.0,"R_ADSL1r":0.0333636351,"R_AMETt2":0.0,"R_3DH5HPBMTm":0.0,"R_AMETtm":0.0,"R_AMID":0.0,"R_AMID2":0.0,"R_AMID3":0.0,"R_ADSL2r":0.028495826,"R_ADSS":0.0333636351,"R_AMPN":0.0,"R_AMPDA":0.0,"R_3DH5HPBtm":0.0,"R_AMPtn":0.0,"R_ANPRT":0.008175386,"R_ATPS3v":0.0,"R_3DSPHR":0.0,"R_ATPtm_H":4.4559849765,"R_ATPtp_H":0.0,"R_ANS":0.008175386,"R_AOBUTDs":0.0,"R_AP4AH":0.0,"R_APRTO2":0.0,"R_ARAB14LO":0.0,"R_BACCL":0.0,"R_3HAO":0.0,"R_ARAB1D2":0.0,"R_ARABR":0.0,"R_3HPH5MBDCm":0.0,"R_ARAB_Dt":0.0,"R_ARAB_Lt":0.0,"R_ARGN":0.0,"R_BPNT":0.0164947048,"R_BTDD_RR":0.0,"R_BTDt_RR":0.0,"R_3IPM3MT":0.0,"R_BTNt2i":0.0,"R_BTSr":0.0,"R_C14STR":0.0006333045,"R_C22STDS":0.0,"R_C22STDSx":0.0,"R_C24STRer":0.000201506,"R_C3STDH1":0.0006333045,"R_ARGSL":0.0462600186,"R_ARGSS":0.0462600186,"R_ARGTRS":0.0,"R_ARGTRSm":0.0,"R_ARGt2m":0.0,"R_ARGt2r":0.0,"R_ARGt6":0.0,"R_ARMT":0.0,"R_ASAD":-0.125164008,"R_C3STDH2":0.0006333045,"R_C3STKR1":0.0006333045,"R_C3STKR2":0.0006333045,"R_ASNN":0.0,"R_C4STMO1":0.0006333045,"R_ASNNe":0.0,"R_C4STMO2":0.0006333045,"R_ASNS1":0.0292759421,"R_3MBALDt":0.0,"R_ASNTRS":0.0,"R_ASNTRSm":0.0,"R_C5STDS":0.0,"R_C8STI":0.0,"R_ASNt2m":0.0,"R_ASNt2r":0.0,"R_3MBALDtm":0.0,"R_ASNt6":0.0,"R_ASNt7":0.0,"R_CAT":0.0,"R_CATp":0.0,"R_ASPCT":0.0318379468,"R_3MOBDC":0.0,"R_ASPGLU2m":0.0,"R_ASPGLUtp":0.0,"R_ASPK":0.125164008,"R_ASPOcm":0.0,"R_CBASPtn":0.0,"R_CBPS":0.0780979654,"R_CBPtn":0.0,"R_CCP2m":0.0,"R_CDPDGPm_SC":0.0,"R_ASPTA":-0.4709679588,"R_ASPTAm":0.0909305354,"R_3MOBtm":-0.0761692652,"R_ASPTAp":0.0,"R_ASPTRS":0.0,"R_ASPTRSm":0.0,"R_CDPtn":0.0,"R_CER1_24ter":0.0,"R_CER1_26ter":0.0,"R_CER2_24ter":0.0,"R_CER2_26ter":0.0,"R_ASPt2m":0.0909305354,"R_ASPt2n":-0.7577488919,"R_CERASE124er":0.0,"R_3MOPDC":0.0,"R_CERASE126er":0.0,"R_ASPt2r":0.0,"R_ASPt5n":-0.7577488919,"R_ASPt7":0.0,"R_CERASE224er":0.0,"R_CERASE226er":0.0,"R_ATHRDHr":0.0,"R_3MOPt":0.0,"R_ATP2tp_H":0.0,"R_ATPATF1":0.0,"R_ATPATF2":0.0,"R_ATPATF3":0.0,"R_ATPH1":0.0,"R_ATPM":1.0,"R_CERH124_copy1":0.0,"R_CERH126_copy1":0.0,"R_CERS124":0.0,"R_CERS124er":0.0,"R_CERS126":0.0,"R_CERS126er":0.0,"R_CERS224":0.0,"R_CERS224er":0.0,"R_ATPPRT":0.0190854962,"R_ATPS":0.0,"R_ATPS3g":0.0,"R_ATPS3m":4.281244254,"R_CERS226":0.0,"R_CERS226er":0.0,"R_CERH124_copy2":0.0,"R_CERH126_copy2":0.0,"R_CITtbm":-0.0760829055,"R_3MOPtm":0.0,"R_CITtcm":0.2660546024,"R_CERS324":0.0,"R_CERS326":0.0,"R_CHLPCTD":0.0,"R_CHLSTI":0.000201506,"R_CLPNSm_SC":0.0,"R_3OPHB5Hm":0.0,"R_CMPN":0.0,"R_CHLt2":0.0,"R_CHOLK":0.0,"R_CHORM":0.0679075195,"R_CHORS":0.0760829055,"R_CHRPL":0.0,"R_CO2t":-18.0210843374,"R_CO2tg":0.0,"R_CO2tm":-1.4949883185,"R_CO2tn":-0.7577488919,"R_CO2tp":0.0,"R_CHTNDA":0.0,"R_CHTNS":0.0,"R_CITt2r":0.0,"R_CO2tv":0.0,"R_COAHLp":0.0,"R_3OPHB_5tm":0.0,"R_COAtim":0.0037998273,"R_CITtam":-0.1899716969,"R_CITtap":0.0,"R_COAtn":0.0,"R_4ABUTNtm":0.0,"R_COUCOAFm":0.0,"R_CPPPGO":0.0,"R_4ABUTtm":0.0,"R_CRNCARtm":0.0,"R_CRNCARtp":0.0,"R_DCTPD":0.0,"R_DCYTD":0.0,"R_CRNt":0.0,"R_4ABZt":0.0,"R_CRNtim":0.0,"R_DCYTt2":0.0,"R_CRNtp":0.0,"R_4ABZtm":0.0,"R_CSNATm":0.0,"R_DDPA":0.0,"R_DDPAm":0.0760829055,"R_DESAT14":0.0,"R_DESAT16":0.0027404815,"R_DESAT18":0.0053197582,"R_CSNATp":0.0,"R_CSNATr":0.0,"R_CSND":0.0,"R_CSNt2":0.0,"R_CSm":0.5292790019,"R_DESAT18_2":0.0014508431,"R_DGDPtn":0.0,"R_CSp":0.0,"R_DGGH":0.0,"R_4H2OGLTtm":0.0,"R_DGK1":-0.0006908777,"R_DGSNt2":0.0,"R_CTPS1":0.012867597,"R_CTPS2":0.0,"R_CTPtm":0.0,"R_DHAD1m":0.1614926598,"R_4H2OGLTtp":0.0,"R_DHAD2m":0.0554717211,"R_DHAK":0.0,"R_CYOOm":1.9839543657,"R_CYOR_u6m":3.9679087314,"R_DHAPtm":3.7000693616,"R_DHFR":0.0010363165,"R_CYSS":0.0,"R_4HBZCOAFm":0.0,"R_CYSTGL":0.0018999136,"R_CYSTL":0.0,"R_CYSTLp":0.0,"R_CYSTRS":0.0,"R_CYSTS":0.0018999136,"R_DHFRim":0.0,"R_DHFS":0.0,"R_DHFtm":0.0,"R_DHNPAm":0.0,"R_DHNPTtm":0.0,"R_DHORD4i":0.0318379468,"R_DHORDfum":0.0,"R_CYSTtp":0.0,"R_CYSt2r":0.0,"R_CYTD":0.0,"R_CYTDK2":0.0,"R_DHORDi":0.0,"R_DHORTS":-0.0318379468,"R_4HBZFm":0.0,"R_DHPSm":0.0,"R_DHPTtm":0.0,"R_DHQS":0.0760829055,"R_DHQTi":0.0760829055,"R_CYTDt2":0.0,"R_CYTK1":-0.0078299471,"R_CYTK2":0.0,"R_DADA":0.0,"R_DADK":-0.0010363165,"R_DIAT":0.0,"R_DINSt2":0.0,"R_DADNt2":0.0,"R_DIPS":0.0,"R_DADPtn":0.0,"R_4HBZtm":0.0,"R_DAGCPT_SC":0.0,"R_DAGPYP_SC":0.0018999136,"R_DKMPPD2":0.0,"R_DMATT":0.0012666091,"R_DNMPPA":0.0,"R_DNTPPA":0.0,"R_DOLK":0.0,"R_DOLPMMer":0.232566702,"R_DANNt2":0.0,"R_DASYN_SC":0.0050376498,"R_DASYNm_SC":0.0,"R_DB4PS":0.0005699741,"R_DBTS":0.0,"R_DCDPtn":0.0,"R_DCMPDA":-0.0006908777,"R_DOLPMTcer":0.232566702,"R_DOLPt2er":-0.232566702,"R_4HGLSDm":0.0,"R_DPCOAK":0.0,"R_DPCOAKm":0.0,"R_DPGM":0.0,"R_DPMVD":0.0037998273,"R_ECOAH4p":0.0,"R_ECOAH5p":0.0,"R_DPR":0.0,"R_4HPRO_LTtm":0.0,"R_DPRm":0.0,"R_ECOAH6p":0.0,"R_DRBK":0.0,"R_ECOAH7p":0.0,"R_ECOAH8p":0.0,"R_DROPPRy":0.000284987,"R_4HTHRS":0.0,"R_DRTPPD":0.000284987,"R_EHGLAT":0.0,"R_EHGLATm":0.0,"R_EHGLATp":0.0,"R_ENO":17.8741555183,"R_EPGALURSe":0.0,"R_EPISTAT_SC":0.0,"R_DTMPK":0.0,"R_DTTPt":0.0,"R_DUMPtn":0.0,"R_DURIK1":0.0,"R_DURIPP":0.0,"R_DURIt2":0.0,"R_DUTPDP":0.0,"R_EPISTESTH_SC":0.0,"R_EPISTESTH_SCe":0.0,"R_EPISTt":0.0,"R_DXHPScm":0.0,"R_D_LACDcm":0.0,"R_EPMGH":0.0,"R_4MOPDC":0.0,"R_ERGSTAT_SC":0.0,"R_ERGSTESTH_SC":0.0,"R_ERGSTESTH_SCe":0.0,"R_ERGSTGLCT":0.0,"R_D_LACDm":0.0,"R_D_LACt2":0.0,"R_D_LACt2m":0.0,"R_D_LACtm":0.0,"R_E4HGLUtm":0.0,"R_ERGSTt":0.0,"R_ERGSTter":0.000201506,"R_ERGTETROLter":0.000201506,"R_E4HGLUtp":0.0,"R_E4Ptm":0.0760829055,"R_ETHAK":0.0,"R_5AOPt2":0.0,"R_ETHAPT_SC":0.0,"R_ETHAt":0.0,"R_ETOHt":-15.8154748192,"R_ETOHtm":0.0,"R_ECOAH11p":0.0,"R_EX_ergst_e":0.0,"R_EX_ergstest_SC_e":0.0,"R_EX_13BDglcn_e":0.0,"R_EX_etha_e":0.0,"R_EX_2hb_e":0.0,"R_EX_etoh_e":15.8154748192,"R_5AOPtm":0.0,"R_EX_fe2_e":0.0,"R_EX_fecost_e":0.0,"R_EX_2mbac_e":0.0,"R_EX_2mbald_e":0.0,"R_EX_2mbtoh_e":0.0,"R_EX_2mppal_e":0.0,"R_EX_2phetoh_e":0.0,"R_EX_fecostest_SC_e":0.0,"R_EX_fmn_e":0.0,"R_EX_3c3hmp_e":0.0,"R_6PGLter":-0.0008348105,"R_EX_3mbald_e":0.0,"R_EX_for_e":0.0014882657,"R_EX_fru_e":0.0,"R_EX_3mop_e":0.0,"R_8AONNt2":0.0,"R_EX_4abut_e":0.0,"R_EX_fum_e":0.0,"R_EX_g3pc_e":0.0,"R_EX_4abz_e":0.0,"R_AABTN":0.0,"R_EX_5aop_e":0.0,"R_EX_g3pi_e":0.0,"R_EX_gal_e":0.0,"R_EX_8aonn_e":0.0,"R_EX_Nbfortyr_e":0.0,"R_EX_abt_e":0.0,"R_EX_ac_e":0.0,"R_EX_acald_e":0.0,"R_EX_aces_e":0.0,"R_EX_galur_e":0.0,"R_EX_gam6p_e":0.0,"R_EX_gcald_e":0.0,"R_EX_glc__D_e":-10.0,"R_EX_gln__L_e":0.0,"R_EX_glu__L_e":0.0,"R_EX_glx_e":0.0,"R_EX_ade_e":0.0,"R_EX_adn_e":0.0,"R_EX_akg_e":0.0,"R_EX_ala__L_e":0.0,"R_EX_gly_e":0.0,"R_EX_glyc_e":0.0,"R_AACTOOR":0.0,"R_EX_gsn_e":0.0,"R_EX_gthox_e":0.0,"R_EX_gthrd_e":0.0,"R_EX_alltn_e":0.0,"R_EX_alltt_e":0.0,"R_EX_amet_e":0.0,"R_EX_arab__D_e":0.0,"R_EX_arab__L_e":0.0,"R_EX_gua_e":0.0,"R_EX_arg__L_e":0.0,"R_EX_h2o_e":5.64045476,"R_AASAD1":0.0,"R_EX_h_e":1.4495304791,"R_EX_hdca_e":0.0,"R_EX_hdcea_e":0.0,"R_EX_asn__L_e":0.0,"R_EX_asp__L_e":0.0,"R_EX_btd_RR_e":0.0,"R_EX_btn_e":0.0,"R_EX_hexc_e":0.0,"R_AASAD2":0.0823871644,"R_EX_his__L_e":0.0,"R_EX_hxan_e":0.0,"R_EX_iamac_e":0.0,"R_EX_iamoh_e":0.0,"R_EX_ibutac_e":0.0,"R_EX_chol_e":0.0,"R_EX_cit_e":0.0,"R_EX_co2_e":18.0210843374,"R_EX_crn_e":0.0,"R_EX_csn_e":0.0,"R_EX_cys__L_e":0.0,"R_EX_cytd_e":0.0,"R_EX_dad_2_e":0.0,"R_EX_dann_e":0.0,"R_EX_ibutoh_e":0.0,"R_EX_id3acald_e":0.0,"R_EX_ile__L_e":0.0,"R_EX_ind3eth_e":0.0,"R_EX_inost_e":0.0,"R_EX_dca_e":0.0,"R_EX_dcyt_e":0.0,"R_EX_ddca_e":0.0,"R_EX_ins_e":0.0,"R_EX_k_e":0.0,"R_EX_dgsn_e":0.0,"R_EX_din_e":0.0,"R_EX_lac__D_e":0.0,"R_AATA":0.0823871644,"R_EX_lac__L_e":0.0,"R_EX_lanost_e":0.0,"R_EX_lanostest_SC_e":0.0,"R_EX_dttp_e":0.0,"R_EX_duri_e":0.0,"R_EX_leu__L_e":0.0,"R_ABTA":0.0,"R_EX_lys__L_e":0.0,"R_EX_mal__L_e":0.0,"R_EX_malt_e":0.0,"R_EX_ribflv_e":0.0,"R_EX_sbt__D_e":0.0,"R_EX_man_e":0.0,"R_ABTt":0.0,"R_EX_melib_e":0.0,"R_EX_met__L_e":0.0,"R_EX_mmet_e":0.0,"R_EX_na1_e":0.0,"R_EX_nac_e":0.0,"R_EX_sbt__L_e":0.0,"R_EX_ser__L_e":0.0,"R_EX_so3_e":0.0,"R_EX_so4_e":-0.0222520189,"R_EX_spmd_e":0.0,"R_EX_sprm_e":0.0,"R_EX_srb__L_e":0.0,"R_EX_succ_e":0.0,"R_EX_nadp_e":0.0,"R_EX_nh4_e":-1.6110288962,"R_EX_nmn_e":0.0,"R_EX_sucr_e":0.0,"R_EX_o2_e":-2.0,"R_EX_taur_e":0.0,"R_ABUTDm":0.0,"R_EX_thm_e":0.0,"R_EX_oaa_e":0.0,"R_EX_ocdca_e":0.0,"R_EX_ocdcea_e":0.0,"R_ABUTt2r":0.0,"R_EX_ocdcya_e":0.0,"R_EX_orn_e":0.0,"R_EX_thmmp_e":0.0,"R_EX_thmpp_e":0.0,"R_EX_thr__L_e":0.0,"R_EX_thym_e":0.0,"R_EX_pacald_e":0.0,"R_EX_pap_e":0.0,"R_EX_thymd_e":0.0,"R_ACACT1r":0.0,"R_EX_tre_e":0.0,"R_EX_trp__L_e":0.0,"R_EX_pc_SC_e":0.0,"R_EX_pectin_e":0.0,"R_EX_pepd_e":0.0,"R_EX_phe__L_e":0.0,"R_EX_pheac_e":0.0,"R_EX_pi_e":-0.0569110496,"R_EX_pnto__R_e":0.0,"R_EX_ttdca_e":0.0,"R_EX_tyr__L_e":0.0,"R_EX_ura_e":0.0,"R_EX_urea_e":0.0,"R_EX_uri_e":0.0,"R_EX_val__L_e":0.0,"R_EX_xan_e":0.0,"R_EX_xtsn_e":0.0,"R_EX_pro__L_e":0.0,"R_EX_ptd1ino_SC_e":0.0,"R_EX_ptrc_e":0.0,"R_EX_pyr_e":0.0,"R_EX_xyl__D_e":0.0,"R_EX_xylt_e":0.0,"R_EX_rib__D_e":0.0,"R_ACACT1m":0.0037998273,"R_EX_zymst_e":0.0,"R_EX_zymstest_SC_e":0.0,"R_FA100tp":0.0,"R_ACACT4p":0.0,"R_FA120ACPHi":0.0,"R_FACOAL161":0.0,"R_FACOAL161p":0.0,"R_FA120ACPtm":0.0,"R_ACACT5p":0.0,"R_FA120tp":0.0,"R_FA140ACPHi":0.0,"R_FACOAL180":0.0,"R_FACOAL181":0.0,"R_FACOAL182":0.0,"R_FA140ACPtm":0.0,"R_FACOAL240p":0.0,"R_FA140COAabcp":0.0,"R_FA140tp":0.0,"R_FA141ACPHi":0.0,"R_FA141ACPtm":0.0,"R_FACOAL260p":0.0,"R_FACOAL80p":0.0,"R_FADFMNtm":0.0,"R_FALDH":0.0,"R_FA141COAabcp":0.0,"R_FAS161ACPm":0.0,"R_FA141tp":0.0,"R_FA160ACPHi":0.0,"R_FA160ACPtm":0.0,"R_FA160COAabcp":0.0,"R_FAO141p_even":0.0,"R_FAO141p_odd":0.0,"R_FAO161p_even":0.0,"R_FAO161p_odd":0.0,"R_FAO181p_even":0.0,"R_FA160tp":0.0,"R_FA161ACPHi":0.0,"R_FA161ACPtm":0.0,"R_FAO181p_odd":0.0,"R_FAS180":0.0,"R_FAO182p_eveneven":0.0,"R_FAO182p_evenodd":0.0,"R_FAO182p_oddodd":0.0,"R_FAO240p":0.0,"R_FAO80p":0.0,"R_FAS100":0.0,"R_FA161COAabcp":0.0,"R_FA161tp":0.0,"R_FA180ACPH":0.0,"R_FA180ACPtm":0.0,"R_FA180COAabcp":0.0,"R_FA181ACPH":0.0,"R_FA181ACPtm":0.0,"R_FA181COAabcp":0.0,"R_FA182ACPH":0.0,"R_FA182ACPtm":0.0,"R_FA182COAabcp":0.0,"R_FA240tp":0.0,"R_FAS100ACPm":0.0,"R_FAS100COA":0.0161204794,"R_FAS120":0.0,"R_FAS120ACPm":0.0,"R_FAS120COA":0.0157980698,"R_FAS140":0.0,"R_FAS140ACPm":0.0,"R_FAS140COA":0.0148308411,"R_FAS141":0.0,"R_FA260tp":0.0,"R_FA80tp":0.0,"R_FACOAL100p":0.0,"R_FAS141ACPm":0.0,"R_FACOAL120p":0.0,"R_FACOAL140":-0.0132187931,"R_FACOAL140p":0.0,"R_FACOAL141":0.0,"R_FACOAL141p":0.0,"R_FAS160":0.0132187931,"R_FAS160ACPm":0.0,"R_FAS160COA":0.0,"R_FAS161":0.0,"R_FACOAL160":0.0132187931,"R_FACOAL160p":0.0,"R_FAS180ACPm":0.0,"R_G3PDm":3.7000693616,"R_FAS180COA":0.0061257822,"R_GLUK":10.0,"R_G3PIt":0.0,"R_FAS181":0.0,"R_FAS181ACPm":0.0,"R_FAS182ACPm":0.0,"R_G3PT":0.0,"R_FAS240_L":0.0,"R_G5SADs":0.0474114814,"R_G5SADrm":0.0,"R_FAS260":0.0,"R_G5SD":0.0,"R_G5SD2":0.0474114814,"R_GLUN":0.0,"R_GLUPRT":0.028495826,"R_G6PDA":0.0,"R_FAS80ACPm_L":0.0,"R_G6PDH2r":0.8016352162,"R_G6PDH2er":0.0008348105,"R_G6PI":0.0,"R_G6PI3":10.0,"R_G6Pter":0.0008348105,"R_GALIGH":0.0,"R_GALKr":0.0,"R_GALS3":0.0,"R_GALT":0.4826644254,"R_GLUSx":0.0,"R_GLUTRS":0.0,"R_GLUTRSm":0.0,"R_GLUt2n":0.0,"R_GLUt2r":0.0,"R_GLUt5m":0.0,"R_GLUt7":0.0,"R_GLUt7m":0.0864235246,"R_GLXt":0.0,"R_GLXtp":0.0,"R_GLYAT":0.0,"R_GLYC3Ptm":3.7000693616,"R_GALUi":0.0,"R_GALt2":0.0,"R_GAM6Pt":0.0,"R_GAPD":18.0382044255,"R_GLYCDy":0.0,"R_FAS80COA_L":0.0161204794,"R_GLYCLm":0.0,"R_GLYCt":0.0,"R_GLYCt2":0.0,"R_GARFT":0.028495826,"R_GAT1_SC":0.0071102829,"R_GAT2_SC":0.0,"R_GBEZ":0.1492583674,"R_GCALDt":0.0,"R_GCALDtm":0.0,"R_GCC2am":0.0,"R_GCC2bim":0.0,"R_GCC2cm_copy1":0.0,"R_GCCam":0.0,"R_GCCbim":0.0,"R_GLYGS":0.1492583674,"R_GLYK":0.0,"R_GLYOX":0.0,"R_GLYOXm":0.0,"R_GLYTRS":0.0,"R_GLYt2m":0.0,"R_GLYt2r":0.0,"R_GCCcm":0.0,"R_GDPMANNtg":0.0,"R_GMPS2":0.0142176871,"R_GDPt3g":0.0,"R_GND":0.8024700267,"R_FAS80_L":0.0,"R_GNNUC":0.0,"R_GDPtn":0.0,"R_GF6PTA":0.0,"R_GPDDA1":0.0,"R_GGLGH":0.0,"R_FBA":8.9248797301,"R_GGTT":0.0,"R_GHMT2r":0.0970913445,"R_GHMT2rm":0.0,"R_GRTT":0.0012666091,"R_GSNK":0.0,"R_GSNt2":0.0,"R_GK1":0.0009758647,"R_GK2":0.0,"R_GLCGSD":0.0,"R_GLCGSDv":0.0,"R_GSNt2m":0.0,"R_GTHOr":0.0,"R_GTHOXti":0.0,"R_GTHOm":0.0,"R_GLCNtv":0.0,"R_FBA2":0.0,"R_GLCP":0.0,"R_GLCS2":0.0,"R_GTHPi":0.0,"R_GTHPm":0.0,"R_GTHRDabcv":0.0,"R_GTHRDt2":0.0,"R_GLCt1":10.0,"R_GLCtv":0.0,"R_FBA3":0.0,"R_GLNS":0.2361851739,"R_GLNTRS":0.0,"R_GTHS":0.0,"R_GTMLT":0.0,"R_GLNt2n":0.0,"R_FBP":0.0,"R_GLNt2r":0.0,"R_GLNt6":0.0,"R_GTPCI":0.0,"R_GTPCII":0.000284987,"R_GTPH1":0.0,"R_GLNt7":0.0,"R_GTPt2m":0.0,"R_GLPT":0.0,"R_FBP26":0.0,"R_GLU5K":0.0474114814,"R_GLUCYS":0.0,"R_GLUDC":0.0,"R_GUAD":0.0,"R_GUAPRT":0.0,"R_GUAt2r":0.0,"R_GUAtm":0.0,"R_H2O2tn":0.0,"R_H2Ot":-5.64045476,"R_GLUDxi":0.0,"R_GLUDy":-1.4170419557,"R_H2Oter":-0.0006333045,"R_FCLTm":0.0,"R_H2Otm":-7.4682443315,"R_H2Otn":-0.7577488919,"R_H2Otp":0.0,"R_HCITSm":0.0823871644,"R_H2Otv":0.0,"R_HCITSn":0.0,"R_FDH":0.0,"R_HACD10p":0.0,"R_HACD4p":0.0,"R_FDNG":0.0,"R_HACD5p":0.0,"R_HACD6p":0.0,"R_HCO3E":0.0,"R_HCO3Em":0.0,"R_HCO3En":0.7577488919,"R_HACD7p":0.0,"R_HACD8p":0.0,"R_HCO3tn":-0.7577488919,"R_HACNHm":0.0823871644,"R_FE2t":0.0,"R_HBZOPT6m":0.0,"R_FE2utm":0.0,"R_HCYSMT":0.0,"R_HCYSt2p":0.0,"R_HDCAt":0.0,"R_HDCEAt":0.0,"R_FECOSTAT_SC":0.0,"R_HEMEOMOm":0.0,"R_HEMEOSm":0.0,"R_HETZK":0.0,"R_FECOSTESTH_SC":0.0,"R_HEX1":0.0,"R_HEX4":0.0,"R_FECOSTESTH_SCe":0.0,"R_HEX7":0.0,"R_HEXCCOAtx":0.0,"R_HEXDPtm":0.0,"R_ILEtmi":0.0554717211,"R_FECOSTt":0.0,"R_HGNTOR":0.0,"R_HICITDm":0.0823871644,"R_FEtm":0.0,"R_IMPC":-0.0475813222,"R_FKYNH":0.0,"R_IMPD":0.0142176871,"R_IND3ACtm":0.0,"R_HISTD":0.0190854962,"R_FMETTRSm":0.0,"R_HISTP":0.0190854962,"R_HISTRS":0.0,"R_IND3ETHt":0.0,"R_IND3ETHtm":0.0,"R_INDPYRD":0.0,"R_HISTRSm":0.0,"R_INSK":0.0,"R_FMNAT":0.0,"R_HISt2m":0.0,"R_HISt2r":0.0,"R_HISt6":0.0,"R_HKYNH":0.0,"R_HMBS":0.0,"R_INSTt2":0.0,"R_INSt2":0.0,"R_IPC124PLC_SC":0.0,"R_IPC126PLC_SC":0.0,"R_IPC224PLC_SC":0.0,"R_IPC226PLC_SC":0.0,"R_HMGCOAR":-0.0037998273,"R_HMGCOAS":0.0,"R_HMGCOASm":-0.0037998273,"R_IPC324PLC_SC":0.0,"R_IPC326PLC_SC":0.0,"R_HMGCOAtm":-0.0037998273,"R_FMNATm":0.0,"R_HMPK1":0.0,"R_HPPKm":0.0,"R_HPROa":0.0,"R_IPCS124_SC":0.0,"R_IPCS126_SC":0.0,"R_IPCS224_SC":0.0,"R_IPCS226_SC":0.0,"R_HPROb":0.0,"R_HPROxm":0.0,"R_IPCS324_SC":0.0,"R_IPCS326_SC":0.0,"R_HPROym":0.0,"R_FMNRx":0.0,"R_HSDxi":0.125164008,"R_IPDDI":0.0012666091,"R_FMNRx2":0.0,"R_IPDPtm":0.0,"R_IPMD":0.0853233946,"R_IPPMIa":-0.0853233946,"R_IPPMIb":-0.0853233946,"R_IPPS":0.0,"R_HSDy":0.0,"R_HSERTA":0.0164947048,"R_HSK":0.1086693031,"R_HSTPT":0.0190854962,"R_HXANt2r":0.0,"R_HXPRT":0.0,"R_HYPOE":0.0,"R_IAMACt":0.0,"R_IAMOHt":0.0,"R_IAMOHtm":0.0,"R_IBUTACt":0.0,"R_IBUTOHt":0.0,"R_IBUTOHtm":0.0,"R_ICDHxm":0.0,"R_IPPSm":0.0853233946,"R_ITCOALm":0.0,"R_KARA1im":0.1614926598,"R_KARA2im":0.0554717211,"R_KYN":0.0,"R_KYN3OX":0.0,"R_Kt2r":0.0,"R_LALDO3":0.0,"R_LANOSTAT_SC":0.0,"R_ICDHyr":0.2510539206,"R_ICDHym":0.2632243995,"R_ICDHyp":0.0,"R_ICL":0.0150006818,"R_LANOSTESTH_SC":0.0,"R_FOLD3m":0.0,"R_LANOSTESTH_SCe":0.0,"R_LANOSTt":0.0,"R_LCADi":0.0,"R_LCYSTintv":0.0,"R_LEUTA":-0.0853233946,"R_LEUTAm":0.0,"R_LEUTRS":0.0,"R_LEUTRSm":0.0,"R_ID3ACALDt":0.0,"R_ID3ACALDtm":0.0,"R_IG3PS":0.0190854962,"R_IGPDH":0.0190854962,"R_IGPS":0.008175386,"R_ILETA":0.0,"R_ILETAm":-0.0554717211,"R_ILETRS":0.0,"R_ILETRSm":0.0,"R_ILEt2r":0.0,"R_ILEt6":0.0,"R_ILEt7":0.0,"R_LEUt2r":0.0,"R_LEUt6":0.0,"R_LEUt7":0.0,"R_LGTHL":0.0,"R_LNS14DM":0.0,"R_LNS14DMx":0.0006333045,"R_FORt":-0.0014882657,"R_LNSTLS":0.0006333045,"R_MACACI":0.0,"R_MALOAAtp":0.0,"R_LPCAT_SC":0.0,"R_LPP_SC":0.0,"R_FORtm":0.0,"R_FRDPtm":0.0,"R_FRDcm":0.0,"R_LSERDHr":0.0,"R_LYSTRS":0.0,"R_LYSTRSm":0.0,"R_LYSt2m":0.0,"R_LYSt2r":0.0,"R_MALS":0.0,"R_MALSp":0.0,"R_MALT":0.0,"R_MALTt2":0.0,"R_MALt2r":0.0,"R_MALtm":-1.4227493863,"R_MAN1PT":0.232566702,"R_LYSt6":0.0,"R_L_LACD2cm":0.0,"R_L_LACt2r":0.0,"R_MAN6PI":-0.232566702,"R_L_LACtm":0.0,"R_MANNANter":-0.232566702,"R_FRDm":0.0,"R_MANt2":0.0,"R_MCITDm":0.0823871644,"R_MCITL2m":0.0,"R_FRTT":0.0,"R_MCITSm":0.0,"R_MCOATA":0.0,"R_MCOATAm":0.0,"R_MIPC326PLC_SC":0.0,"R_MIPCS124_SC":0.0,"R_MIPCS126_SC":0.0,"R_MDH":1.3558978508,"R_MIPCS224_SC":0.0,"R_MDHm":-1.0117769482,"R_MDHp":0.0,"R_MIPCS226_SC":0.0,"R_MIPCS324_SC":0.0,"R_MIPCS326_SC":0.0,"R_MMETt2":0.0,"R_FRUK":0.0,"R_MDRPD":0.0,"R_FRUt2":0.0,"R_FTHFCL":0.0,"R_ME1m":0.0,"R_ME2m":0.0,"R_MOHMT":0.0,"R_MTAP":0.0,"R_MELIBt2":0.0,"R_FTHFCLm":0.0,"R_MELTGH":0.0,"R_METAT":0.0053830887,"R_MTHFC":0.0760771482,"R_MTHFCm":0.0,"R_MTHFD":0.0760771482,"R_FTHFI":0.0,"R_MTHFD2i":0.0,"R_MTHFDm":0.0,"R_MTHFR3":0.0199778798,"R_METB1":0.0,"R_METS":0.0199778798,"R_METTRS":0.0,"R_METTRSm":0.0,"R_METt2m":0.0,"R_FTHFLi":0.0,"R_METt2r":0.0,"R_MTRI":0.0,"R_NABTNO":0.0,"R_NACt":0.0,"R_NADDPp":0.0,"R_NADH2_u6cm":0.0,"R_NADH2_u6m":0.0,"R_NADK":0.0,"R_MEVK1":0.0,"R_MEVK2":0.0,"R_MEVK3":0.0,"R_MEVK4":0.0037998273,"R_MFAPS_SC":0.0017271942,"R_MGSA":0.0,"R_MHPGLUT":0.0,"R_NADKm":0.0,"R_NADN":0.0,"R_NADNm":0.0,"R_MI13456PKn":0.0,"R_FTHFLmi":0.0,"R_MI1345PKn":0.0,"R_MI1456PKn":0.0,"R_MI145P6Kn":0.0,"R_MI145PKn":0.0,"R_NADPPPS":0.0,"R_NADPPPSm":0.0,"R_NADPt":0.0,"R_MI145Ptn":0.0,"R_FUM":0.1231201615,"R_MI1PP":0.0015256882,"R_MI1PS":0.0015256882,"R_MINOHPtn":0.0,"R_NADS1":0.0,"R_NADS1n":0.0,"R_NADtn":0.0,"R_MIP2C124PLC_SC":0.0,"R_NAPRT":0.0,"R_MIP2C126PLC_SC":0.0,"R_FUMAC":0.0,"R_MIP2C224PLC_SC":0.0,"R_MIP2C226PLC_SC":0.0,"R_MIP2C324PLC_SC":0.0,"R_MIP2C326PLC_SC":0.0,"R_NAPRTm":0.0,"R_NAt3_1":0.0,"R_NDP1":0.0,"R_NDP3":0.0,"R_NDP3g":0.0,"R_NDP4":0.0,"R_MIP2CS124_SC":0.0,"R_MIP2CS126_SC":0.0,"R_NDP7":0.0,"R_MIP2CS224_SC":0.0,"R_FUMm":0.2210007411,"R_MIP2CS226_SC":0.0,"R_MIP2CS324_SC":0.0,"R_MIP2CS326_SC":0.0,"R_MIPC124PLC_SC":0.0,"R_NDPK1":0.2662153241,"R_NDPK2":0.4993318496,"R_NDPK3":-0.0078299471,"R_NDPK4":0.0,"R_NDPK5":0.0,"R_MIPC126PLC_SC":0.0,"R_NDPK6":0.0,"R_FUMt2r":0.0,"R_NDPK7":0.0,"R_NDPK8":0.0,"R_MIPC224PLC_SC":0.0,"R_MIPC226PLC_SC":0.0,"R_MIPC324PLC_SC":0.0,"R_NDPK9":0.0,"R_NFORTYRt":0.0,"R_NFTYROX":0.0,"R_NH4t":1.6110288962,"R_NH4ti":0.0,"R_NH4tm":0.0,"R_NTD1":0.0,"R_G12MT1g":0.0,"R_NTD10":0.0,"R_NTD11":0.0,"R_NTD2":0.0,"R_NTD3":0.0,"R_NH4tn":0.0,"R_NH4tp":0.0,"R_NMNAT":0.0,"R_NMNATm":0.0,"R_NMNTP":0.0,"R_NTD4":0.0,"R_G12MT2g":0.0,"R_NTD5":0.0,"R_NMNt2m":0.0,"R_NMNt2p":0.0,"R_NNAM":0.0,"R_G13MTg":0.0,"R_NNAMrm":0.0,"R_NTD6":0.0,"R_NTD7":0.0,"R_NNATr":0.0,"R_NNATm":0.0,"R_NNDPR":0.0,"R_NTD8":0.0,"R_NTD9":0.0,"R_NTP3":0.0,"R_G16MTg":0.0,"R_G3PCt":0.0,"R_NNDPRm":0.0,"R_G3PD1ir":3.7071796445,"R_NNMT":0.0,"R_NTP4":0.0,"R_NTRLASE":0.0,"R_NTRLASE2":0.0,"R_NTRLASE3":0.0,"R_PEPDt3":0.0,"R_G3PD1irm":0.0,"R_PETHCT":0.0,"R_PETOHM_SC":0.0017271942,"R_PEtg_SC":0.0,"R_O2t":2.0,"R_O2ter":0.0006333045,"R_O2tm":1.9839543657,"R_OAAt":0.0,"R_PEtm_SC":-0.0000302259,"R_OAAt2m":1.4501254147,"R_PEtv_SC":0.0,"R_OBDHm":0.0,"R_PPM":0.0,"R_OCBT":0.0462600186,"R_OCDCAt":0.0,"R_OCDCEAt":0.0,"R_OCDCYAt":0.0,"R_OHACT1":0.0,"R_PFK":8.9248797301,"R_PFK26":0.0,"R_PFK_2":0.0,"R_PFK_3":0.0,"R_PGAMT":0.0,"R_OHACT2":0.0,"R_PGCD":0.1640489072,"R_PPNCL2":0.0,"R_PGI":-1.2933961978,"R_OHACT3":0.0,"R_OHACT4":0.0,"R_PGK":-18.0382044255,"R_PGL":0.8024700267,"R_PGM":-17.8741555183,"R_PGMT":-0.4826644254,"R_PGPPAm_SC":0.0,"R_OHACT5":0.0,"R_OHPBAT":0.0,"R_OMCDC":0.0853233946,"R_OMCDCm":0.0,"R_OMPDC":0.0318379468,"R_PHCDm":0.0,"R_PHCHGSm":0.0,"R_PHEACt":0.0,"R_ORNDC":0.0,"R_PPND":0.0,"R_ORNTA":0.0,"R_ORNTACim":0.0462600186,"R_ORNt2r":0.0,"R_ORNt3m":0.0462600186,"R_PHETA1":-0.0385452177,"R_PHETRS":0.0,"R_PHETRSm":0.0,"R_PHEt2m":0.0,"R_PHEt2r":0.0,"R_ORPT":-0.0318379468,"R_OXAGm":0.0823871644,"R_PI35BP5P_SC":0.0,"R_PPND2":0.0293623018,"R_PI3P4K_SC":0.0,"R_PI3P5K_SC":0.0,"R_OXO2Ctm":0.0,"R_P5CDm":0.0,"R_PPNDH":0.0385452177,"R_P5CR":0.0474114814,"R_PACALDt":0.0,"R_PACALDtm":0.0,"R_PAK_SC":0.0,"R_PAN4Ptm":0.0,"R_PI45BP5P_SC":0.0,"R_PI45BPP_SC":0.0,"R_PI4P5K_SC":0.0,"R_PIN3K_SC":0.0,"R_PIN4K_SC":0.0,"R_PIN4Kn_SC":0.0,"R_PINOS_SC":0.0015256882,"R_PIt2m":2.9571526848,"R_PANTS":0.0,"R_PANTtm":0.0,"R_PAPSR":0.0164947048,"R_PAPt":0.0,"R_PIt2n":0.0,"R_PIt2p":0.0,"R_PIt2r":0.0569110496,"R_PAPtm":0.0,"R_PIt2v":0.0,"R_PAtm_SC":0.0,"R_PPPG9tm":0.0,"R_PC":0.5651955227,"R_PCDAGAT":0.0,"R_PIt5m":0.0,"R_PLBP1I_SCe":0.0,"R_PLBPC_SC":0.0,"R_PDE1":0.0,"R_PLBPC_SCe":0.0,"R_PPPGOm":0.0,"R_PLD_SC":0.0,"R_PMANM":-0.232566702,"R_PMDPHT":0.000284987,"R_PMETM_SC":0.0017271942,"R_PDE2":0.0,"R_PDE3":0.0,"R_PDE4":0.0,"R_PDE5":0.0,"R_GCC2cm_copy2":0.2210007411,"R_PDHm":0.7083890427,"R_PDX5POi":0.0,"R_PENDPtm":0.0,"R_PMEVK":0.0037998273,"R_PMI12346PH":0.0,"R_PMI12346PS":0.0,"R_PEPAT":0.0,"R_PPTTm":0.0,"R_PMI1346PH":0.0,"R_PMI1346PS":0.0,"R_PMPK":0.0,"R_PPYRDC":0.0,"R_PNP":0.0,"R_PNTK":0.0,"R_PNTOt2":0.0,"R_PYRDC2":0.0,"R_PYRt":0.0,"R_POLYAO":0.0,"R_PRAGSr":0.028495826,"R_POLYAO2":0.0,"R_POLYAO3":0.0,"R_PYRt2":0.0,"R_PYRt2m":1.0868460834,"R_PRAIS":0.028495826,"R_PYRt2p":0.0,"R_QUILSYN":0.0,"R_PPA":1.1556282315,"R_PPAm":0.0,"R_PPBNGS":0.0,"R_PPCDC":0.0,"R_PPCK":0.0,"R_PRAIi":0.008175386,"R_QULNS":0.0,"R_PRAMPC":0.0190854962,"R_QULNtm":0.0,"R_RAFGH":0.0,"R_RBFK":0.0,"R_SLCBK2":0.0,"R_SLFAT":0.0164947048,"R_RBFKm":0.0,"R_PRASCSi":0.028495826,"R_RBFSa":0.0005699741,"R_RBFSb":0.000284987,"R_SO3ti":0.0,"R_SO4ti":0.0222520189,"R_RBK":0.0,"R_SPH1Pter":0.0,"R_RIBFLVt2":0.0,"R_PRATPP":0.0190854962,"R_RIBFLVtm":0.0,"R_SPHPL":0.0,"R_RIBt2":0.0,"R_PRFGS":0.028495826,"R_SPMDAT1":0.0,"R_RNDR1":0.0010363165,"R_PRMICI":0.0190854962,"R_RNDR1n":0.0,"R_SPMDt3i":1.5064415287,"R_SPMDtex2":1.5064415287,"R_RNDR2":0.0006908777,"R_RNDR2n":0.0,"R_RNDR3":0.0,"R_RNDR3n":0.0,"R_SPMS":0.0,"R_SPRMS":0.0,"R_SPRMt2i":0.0,"R_SQ23EPXter":0.0006333045,"R_SQLEr":0.0006333045,"R_SQLErx":0.0,"R_RNDR4":0.0017271942,"R_RNDR4n":0.0,"R_SQLS":0.0006333045,"R_RNMK":0.0,"R_PRO1xm":0.0,"R_RNTR1":0.0,"R_RNTR2":0.0,"R_SQLter":0.0006333045,"R_SRB_Lt":0.0,"R_RNTR3":0.0,"R_PROTRS":0.0,"R_RNTR4":0.0,"R_RPE":0.4508426299,"R_SSALy":0.0,"R_PROt2r":0.0,"R_RPI":-0.3510574227,"R_SACCD1":0.0823871644,"R_SUCCt2r":0.0,"R_SACCD2":0.0823871644,"R_PROtm":0.0,"R_SADT":0.0,"R_SAM24MT":0.0,"R_SBPP1er":0.0,"R_SBPP2er":0.0,"R_SBTD_D2":0.0,"R_SBTD_L":0.0,"R_SUCCtm":0.0,"R_SUCD1m":0.2360014229,"R_SUCD2_u6m":0.0,"R_SUCD3_u6m":3.9360707845,"R_SUCFUMtm":0.0150006818,"R_SUCOASm":-0.2210007411,"R_SUCRe":0.0,"R_SUCRt2":0.0,"R_SBTR":0.0,"R_SBT_Dt":0.0,"R_SBT_Lt":0.0,"R_SERAT":0.0,"R_SULR":0.0164947048,"R_T4HCINNMFM":0.0,"R_SERPT":0.0,"R_PRPPS":0.087594655,"R_SERTRS":0.0,"R_SERt2m":0.0,"R_SERt2r":0.0,"R_SFGTHi":0.0,"R_TAGL_SC":0.0,"R_TALA":0.2634627677,"R_TAUDO":0.0,"R_TAURt":0.0,"R_SHCHD":0.0,"R_SHCHF":0.0,"R_SHK3Dr":0.0760829055,"R_SHKK":0.0760829055,"R_SHSL1":0.0,"R_TCHOLAabcv":0.0,"R_THFATm":0.0,"R_THFGLUS":0.0,"R_THIORDXi":0.0,"R_THIORDXm":0.0,"R_THIORDXni":0.0,"R_THIORDXp":0.0,"R_SHSL4r":0.0,"R_SLCBK1":0.0,"R_PRPPtm":0.0,"R_THMDPe":0.0,"R_THMDt2":0.0,"R_THMP":0.0,"R_PSCVT":0.0760829055,"R_THMPPt2m":0.0,"R_THMPe":0.0,"R_THRt2r":0.0,"R_THYMt3r":0.0,"R_THZPSN1_SC":0.0,"R_THZPSN2_SC":0.0,"R_THMt2":0.0,"R_PSERDg_SC":0.0,"R_THRA2":0.0,"R_TKT1":0.2634627677,"R_PSERDm_SC":0.0030225899,"R_TKT2":0.1873798622,"R_TMDK1":0.0,"R_TMDPK":0.0,"R_THRA":0.0,"R_THRD_L":0.0535718075,"R_THRD_Lm":0.0,"R_THRS":0.1086693031,"R_THRTRS":0.0,"R_THRTRSm":0.0,"R_THRt2m":0.0,"R_URIK1":0.0,"R_TMDPP":0.0,"R_TMDPPK":0.0,"R_TMDS":0.0010363165,"R_TMN":0.0,"R_TMPK":0.0,"R_TMPPP":0.0,"R_TPI":8.9177694472,"R_TRDOXtp":0.0,"R_TRDR":0.0199490933,"R_PSERDv_SC":0.0,"R_TRDRDtp":0.0,"R_TRDRm":0.0,"R_TRE6PP":0.0067360575,"R_URIK2":0.0,"R_URIt2":0.0,"R_UTPH1":0.0,"R_UTPtm":0.0,"R_TRE6PS":0.0067360575,"R_TREH":0.0,"R_PSERS_SC":0.0035119616,"R_TREHv":0.0,"R_VALTA":-0.0761692652,"R_VALTAim":0.0,"R_VALTRS":0.0,"R_TREt2":0.0,"R_TREt2v":0.0,"R_VALTRSm":0.0,"R_PSERSm_SC":0.0,"R_VALt2m":0.0,"R_VALt2r":0.0,"R_XANt":0.0,"R_XPPT":0.0,"R_XTSNt2":0.0,"R_TRIGS_SC":0.0018999136,"R_TRPO2":0.0,"R_TRPS1":0.008175386,"R_TRPTA":0.0,"R_TRPTRS":0.0,"R_TRPTRSm":0.0,"R_TRPt2m":0.0,"R_TRPt2r":0.0,"R_TTCCOAtx":0.0,"R_XYLK":0.0,"R_XYLR":0.0,"R_XYLTD_D":0.0,"R_XYLTt":0.0,"R_TTDCAtr":0.0,"R_TYRNFT":0.0,"R_PSERT":0.1640489072,"R_TYRTAi":0.0,"R_TYRTAim":0.0293623018,"R_TYRTAip":0.0,"R_XYLt":0.0,"R_YUMPS":0.0,"R_ZYMSTAT_SC":0.0,"R_ZYMSTESTH_SC":0.0,"R_TYRTRS":0.0,"R_TYRTRSm":0.0,"R_ZYMSTESTH_SCe":0.0,"R_TYRt2m":-0.0293623018,"R_PSPH1Pter":0.0,"R_TYRt2p":0.0,"R_TYRt2r":0.0,"R_TYRt6":0.0,"R_TYRt7":0.0,"R_UDPACGLP":0.0,"R_ZYMSTt":0.0,"R_BIOMASS_SC5_notrace":0.2878657037,"R_SERD_L":0.0,"R_UDPG4E":0.0,"R_PSPHPL":0.0,"R_UDPGALt2g":0.0,"R_UGLT":-0.4826644254,"R_UGLYCH":0.0,"R_PSPHS":0.0,"R_UMPK":0.0145947912,"R_PSP_L":0.1640489072,"R_UMPKn":0.0,"R_UMPtn":0.0,"R_PStg_SC":0.0,"R_PStm_SC":0.0000302259,"R_UNK3":0.0,"R_UPP3MT":0.0,"R_PStv_SC":0.0,"R_UPP3S":0.0,"R_UPPDC1":0.0,"R_UPPRT":0.0,"R_PTD1INOtn_SC":0.0,"R_URAt2":0.0,"R_PTD4INOtn_SC":0.0,"R_UREA2t2":0.0,"R_UREASE":0.0,"R_PTE10x":0.0,"R_URIDK2r":-0.0017271942,"R_URIDK2rn":0.0,"R_PTE11x":0.0,"R_PTE12x":0.0,"R_PTE2x":0.0,"R_PTE7x":0.0,"R_PTE8x":0.0,"R_PTE9x":0.0,"R_PTPATi":0.0,"R_PTPATim":0.0,"R_PTRCt3i":0.0,"R_PTRCtex2":0.0,"R_PUNP1":0.0,"R_PUNP1m":0.0,"R_PUNP2":0.0,"R_PUNP3":0.0,"R_PUNP3m":0.0,"R_PUNP4":0.0,"R_PUNP5":0.0,"R_PUNP6":0.0,"R_PUNP7":0.0,"R_PYAM5PO":0.0,"R_PYDAMK":0.0,"R_PYDXK":0.0,"R_PYDXNK":0.0,"R_PYDXNO":0.0,"R_PYDXO":0.0,"R_PYK":17.7219897073,"R_PYNP2r":0.0,"R_PYR5CDm":0.0,"R_PYRDC":15.9460507024}]