[{"file": "Tomek_model_epi.cellml"}, {"file": "Tomek_model_mid.sedml"}, {"file": "Tomek_model_epi.sedml"}, {"file": "Tomek_model_endo.sedml"}, {"file": "Tomek_model_endo.cellml"}, {"file": "Tomek_model_structure.png"}, {"file": "Tomek_model_documentation.html"}, {"file": "Tomek_model_documentation_mid.html"}, {"file": "Tomek_model_documentation_endo.html"}, {"file": "Tomek_model_mid.cellml"}, {"file": "endo.png"}, {"file": "mid.png"}, {"file": "Tomek_model_documentation_epi.html"}, {"file": "epi.png"}]