<?xml version='1.0' encoding='utf-8'?>
<RDF:RDF xmlns:NS2="http://www.cellml.org/metadata/graphs/1.0#" xmlns:NS1="http://www.cellml.org/tools/pcenv/" xmlns:NC="http://home.netscape.com/NC-rdf#" xmlns:RDF="http://www.w3.org/1999/02/22-rdf-syntax-ns#">
  <RDF:Description RDF:about="rdf:#$uGcrV3">
    <RDF:first RDF:resource="rdf:#$vGcrV3"/>
  </RDF:Description>
  <RDF:Description RDF:about="http://www.cellml.org/tools/pcenv/modlayoutsplit" NS1:splitterState_collapsedBefore="true" NS1:splitterState_prevWidth="200" NS1:splitterState_nextWidth="1063"/>
  <RDF:Description RDF:about="rdf:#$BGcrV3">
    <RDF:first RDF:resource="rdf:#$CGcrV3"/>
    <RDF:rest RDF:resource="http://www.w3.org/1999/02/22-rdf-syntax-ns#nil"/>
  </RDF:Description>
  <RDF:Seq RDF:about="rdf:#$mGcrV3">
  </RDF:Seq>
  <RDF:Description RDF:about="rdf:#$DGcrV3">
    <NS2:variable RDF:resource="kurata_hisatome_imanishi_shibamoto_2002.cellml#environment_time"/>
  </RDF:Description>
  <RDF:Description RDF:about="http://www.cellml.org/tools/pcenv/splitter/graph_key_graph2" NS1:splitterState_collapsedAfter="true" NS1:splitterState_nextHeight="0"/>
  <RDF:Description RDF:about="rdf:#$rGcrV3">
    <NS2:variable RDF:resource="kurata_hisatome_imanishi_shibamoto_2002.cellml#environment_time"/>
  </RDF:Description>
  <RDF:Description RDF:about="rdf:#$CGcrV3" NS2:colour="#33ff33">
    <NS2:type RDF:resource="http://www.cellml.org/metadata/graphs/1.0#line"/>
    <NS2:x-variable RDF:resource="rdf:#$DGcrV3"/>
    <NS2:y-variable RDF:resource="rdf:#$EGcrV3"/>
  </RDF:Description>
  <RDF:Description RDF:about="rdf:#$gtcrV3" NS1:graphname="Slowly Activating Delayed Rectifying K+ Channel Current (picoamps) vs Time (milliseconds)">
    <NS2:traces RDF:resource="rdf:#$AGcrV3"/>
  </RDF:Description>
  <RDF:Description RDF:about="rdf:#$qGcrV3" NS2:colour="#ff0000">
    <NS2:type RDF:resource="http://www.cellml.org/metadata/graphs/1.0#line"/>
    <NS2:x-variable RDF:resource="rdf:#$rGcrV3"/>
    <NS2:y-variable RDF:resource="rdf:#$sGcrV3"/>
  </RDF:Description>
  <RDF:Description RDF:about="rdf:#$yGcrV3">
    <NS2:variable RDF:resource="kurata_hisatome_imanishi_shibamoto_2002.cellml#L_type_calcium_channel_current_i_CaL"/>
  </RDF:Description>
  <RDF:Description RDF:about="http://www.cellml.org/tools/pcenv/splitter/graph_key_graph3" NS1:splitterState_collapsedAfter="true" NS1:splitterState_nextHeight="0"/>
  <RDF:Description RDF:about="rdf:#$AGcrV3">
    <RDF:first RDF:resource="rdf:#$BGcrV3"/>
  </RDF:Description>
  <RDF:Description RDF:about="rdf:#$dtcrV3" NS1:graphname="Membrane Potential (mV) vs Time (milliseconds)">
    <NS2:traces RDF:resource="rdf:#$oGcrV3"/>
  </RDF:Description>
  <RDF:Description RDF:about="kurata_hisatome_imanishi_shibamoto_2002.cellml" NS1:modelname="kurata_hisatome_imanishi_shibamoto_2006_version02" NS1:modelfrozen="true">
    <NS1:derivedmodels RDF:resource="rdf:#$mGcrV3"/>
  </RDF:Description>
  <RDF:Seq RDF:about="http://www.cellml.org/tools/pcenv/loadedModels">
    <RDF:li RDF:resource="kurata_hisatome_imanishi_shibamoto_2002.cellml"/>
  </RDF:Seq>
  <RDF:Description RDF:about="http://www.cellml.org/tools/pcenv/splitter/graph_key_graph1" NS1:splitterState_collapsedAfter="true" NS1:splitterState_nextHeight="0"/>
  <RDF:Description RDF:about="http://www.cellml.org/tools/pcenv/splitter/graph_sel_graph2">
    <NS1:activegraph RDF:resource="rdf:#$ftcrV3"/>
  </RDF:Description>
  <RDF:Description RDF:about="rdf:#$sGcrV3">
    <NS2:variable RDF:resource="kurata_hisatome_imanishi_shibamoto_2002.cellml#membrane_V"/>
  </RDF:Description>
  <RDF:Description RDF:about="http://www.cellml.org/tools/pcenv/splitter/graphedit" NS1:splitterState_prevWidth="427" NS1:splitterState_nextWidth="840"/>
  <RDF:Description RDF:about="rdf:#$oGcrV3">
    <RDF:first RDF:resource="rdf:#$pGcrV3"/>
  </RDF:Description>
  <RDF:Description RDF:about="http://www.cellml.org/tools/pcenv/splitter/graph_sel_graph1">
    <NS1:activegraph RDF:resource="rdf:#$dtcrV3"/>
  </RDF:Description>
  <RDF:Description RDF:about="http://www.cellml.org/tools/pcenv/displayGraphs">
    <RDF:first RDF:resource="rdf:#$nGcrV3"/>
  </RDF:Description>
  <RDF:Description RDF:about="http://www.cellml.org/tools/pcenv/splitter/graph_sel_graph3">
    <NS1:activegraph RDF:resource="rdf:#$gtcrV3"/>
  </RDF:Description>
  <RDF:Description RDF:about="rdf:#$tGcrV3">
    <RDF:first RDF:resource="rdf:#$ftcrV3"/>
    <RDF:rest RDF:resource="rdf:#$zGcrV3"/>
  </RDF:Description>
  <RDF:Description RDF:about="rdf:#$pGcrV3">
    <RDF:first RDF:resource="rdf:#$qGcrV3"/>
    <RDF:rest RDF:resource="http://www.w3.org/1999/02/22-rdf-syntax-ns#nil"/>
  </RDF:Description>
  <RDF:Description RDF:about="rdf:#$ftcrV3" NS1:graphname="L-type Ca++ Channel Current (picoamps) vs Time (milliseconds)">
    <NS2:traces RDF:resource="rdf:#$uGcrV3"/>
  </RDF:Description>
  <RDF:Description RDF:about="rdf:#$EGcrV3">
    <NS2:variable RDF:resource="kurata_hisatome_imanishi_shibamoto_2002.cellml#slowly_activating_delayed_rectifier_potassium_current_i_Ks"/>
  </RDF:Description>
  <RDF:Description RDF:about="rdf:#$xGcrV3">
    <NS2:variable RDF:resource="kurata_hisatome_imanishi_shibamoto_2002.cellml#environment_time"/>
  </RDF:Description>
  <RDF:Description RDF:about="rdf:#$wGcrV3" NS2:colour="#33ffff">
    <NS2:type RDF:resource="http://www.cellml.org/metadata/graphs/1.0#line"/>
    <NS2:x-variable RDF:resource="rdf:#$xGcrV3"/>
    <NS2:y-variable RDF:resource="rdf:#$yGcrV3"/>
  </RDF:Description>
  <RDF:Description RDF:about="rdf:#$nGcrV3">
    <RDF:first RDF:resource="rdf:#$dtcrV3"/>
    <RDF:rest RDF:resource="rdf:#$tGcrV3"/>
  </RDF:Description>
  <RDF:Description RDF:about="rdf:#$vGcrV3">
    <RDF:first RDF:resource="rdf:#$wGcrV3"/>
    <RDF:rest RDF:resource="http://www.w3.org/1999/02/22-rdf-syntax-ns#nil"/>
  </RDF:Description>
  <RDF:Description RDF:about="rdf:#$zGcrV3">
    <RDF:first RDF:resource="rdf:#$gtcrV3"/>
    <RDF:rest RDF:resource="http://www.w3.org/1999/02/22-rdf-syntax-ns#nil"/>
  </RDF:Description>
</RDF:RDF>