[{"data_set_value_component_environment_variable_time":0.0,"data_set_value_component_parameters_variable_j_1":0.9,"data_set_value_component_parameters_variable_j_2":0.5,"data_set_value_component_parameters_variable_j_3":0.6,"data_set_value_component_parameters_variable_v_d1":6.0,"data_set_value_component_parameters_variable_v_d2":1.052,"data_set_value_component_parameters_variable_v_d3":3.0,"data_set_value_component_parameters_variable_k_d1":0.8,"data_set_value_component_parameters_variable_k_d2":0.9,"data_set_value_component_parameters_variable_k_d3":0.8,"data_set_value_component_parameters_variable_k_c1":0.2,"data_set_value_component_parameters_variable_k_c2":0.22,"data_set_value_component_parameters_variable_k_c3":0.6,"data_set_value_component_parameters_variable_k_m1":5.0,"data_set_value_component_parameters_variable_k_m2":5.0,"data_set_value_component_parameters_variable_k_m3":5.0,"data_set_value_component_parameters_variable_v_12":15.0,"data_set_value_component_parameters_variable_v_11":15.0,"data_set_value_component_parameters_variable_v_10":15.0,"data_set_value_component_parameters_variable_k_120":10.0,"data_set_value_component_parameters_variable_k_110":10.0,"data_set_value_component_parameters_variable_k_100":10.0,"data_set_value_component_parameters_variable_k_d4":0.16,"data_set_value_component_parameters_variable_k_d5":0.16,"data_set_value_component_parameters_variable_k_d6":0.16,"data_set_value_component_parameters_variable_n":2.0,"data_set_value_component_C_1_variable_C_1":0.0,"data_set_value_component_C_2_variable_C_2":0.0,"data_set_value_component_C_3_variable_C_3":0.0,"data_set_value_component_T_1_variable_T_1":6.0,"data_set_value_component_T_2_variable_T_2":5.0,"data_set_value_component_T_3_variable_T_3":1.0},{"data_set_value_component_environment_variable_time":0.1,"data_set_value_component_parameters_variable_j_1":0.9,"data_set_value_component_parameters_variable_j_2":0.5,"data_set_value_component_parameters_variable_j_3":0.6,"data_set_value_component_parameters_variable_v_d1":6.0,"data_set_value_component_parameters_variable_v_d2":1.052,"data_set_value_component_parameters_variable_v_d3":3.0,"data_set_value_component_parameters_variable_k_d1":0.8,"data_set_value_component_parameters_variable_k_d2":0.9,"data_set_value_component_parameters_variable_k_d3":0.8,"data_set_value_component_parameters_variable_k_c1":0.2,"data_set_value_component_parameters_variable_k_c2":0.22,"data_set_value_component_parameters_variable_k_c3":0.6,"data_set_value_component_parameters_variable_k_m1":5.0,"data_set_value_component_parameters_variable_k_m2":5.0,"data_set_value_component_parameters_variable_k_m3":5.0,"data_set_value_component_parameters_variable_v_12":15.0,"data_set_value_component_parameters_variable_v_11":15.0,"data_set_value_component_parameters_variable_v_10":15.0,"data_set_value_component_parameters_variable_k_120":10.0,"data_set_value_component_parameters_variable_k_110":10.0,"data_set_value_component_parameters_variable_k_100":10.0,"data_set_value_component_parameters_variable_k_d4":0.16,"data_set_value_component_parameters_variable_k_d5":0.16,"data_set_value_component_parameters_variable_k_d6":0.16,"data_set_value_component_parameters_variable_n":2.0,"data_set_value_component_C_1_variable_C_1":0.3767296845,"data_set_value_component_C_2_variable_C_2":0.2820803649,"data_set_value_component_C_3_variable_C_3":0.0166033805,"data_set_value_component_T_1_variable_T_1":5.653864221,"data_set_value_component_T_2_variable_T_2":4.6784268669,"data_set_value_component_T_3_variable_T_3":1.1205262914},{"data_set_value_component_environment_variable_time":0.2,"data_set_value_component_parameters_variable_j_1":0.9,"data_set_value_component_parameters_variable_j_2":0.5,"data_set_value_component_parameters_variable_j_3":0.6,"data_set_value_component_parameters_variable_v_d1":6.0,"data_set_value_component_parameters_variable_v_d2":1.052,"data_set_value_component_parameters_variable_v_d3":3.0,"data_set_value_component_parameters_variable_k_d1":0.8,"data_set_value_component_parameters_variable_k_d2":0.9,"data_set_value_component_parameters_variable_k_d3":0.8,"data_set_value_component_parameters_variable_k_c1":0.2,"data_set_value_component_parameters_variable_k_c2":0.22,"data_set_value_component_parameters_variable_k_c3":0.6,"data_set_value_component_parameters_variable_k_m1":5.0,"data_set_value_component_parameters_variable_k_m2":5.0,"data_set_value_component_parameters_variable_k_m3":5.0,"data_set_value_component_parameters_variable_v_12":15.0,"data_set_value_component_parameters_variable_v_11":15.0,"data_set_value_component_parameters_variable_v_10":15.0,"data_set_value_component_parameters_variable_k_120":10.0,"data_set_value_component_parameters_variable_k_110":10.0,"data_set_value_component_parameters_variable_k_100":10.0,"data_set_value_component_parameters_variable_k_d4":0.16,"data_set_value_component_parameters_variable_k_d5":0.16,"data_set_value_component_parameters_variable_k_d6":0.16,"data_set_value_component_parameters_variable_n":2.0,"data_set_value_component_C_1_variable_C_1":0.7155761269,"data_set_value_component_C_2_variable_C_2":0.530999433,"data_set_value_component_C_3_variable_C_3":0.0365031894,"data_set_value_component_T_1_variable_T_1":5.3464138481,"data_set_value_component_T_2_variable_T_2":4.3872511088,"data_set_value_component_T_3_variable_T_3":1.2234679561},{"data_set_value_component_environment_variable_time":0.3,"data_set_value_component_parameters_variable_j_1":0.9,"data_set_value_component_parameters_variable_j_2":0.5,"data_set_value_component_parameters_variable_j_3":0.6,"data_set_value_component_parameters_variable_v_d1":6.0,"data_set_value_component_parameters_variable_v_d2":1.052,"data_set_value_component_parameters_variable_v_d3":3.0,"data_set_value_component_parameters_variable_k_d1":0.8,"data_set_value_component_parameters_variable_k_d2":0.9,"data_set_value_component_parameters_variable_k_d3":0.8,"data_set_value_component_parameters_variable_k_c1":0.2,"data_set_value_component_parameters_variable_k_c2":0.22,"data_set_value_component_parameters_variable_k_c3":0.6,"data_set_value_component_parameters_variable_k_m1":5.0,"data_set_value_component_parameters_variable_k_m2":5.0,"data_set_value_component_parameters_variable_k_m3":5.0,"data_set_value_component_parameters_variable_v_12":15.0,"data_set_value_component_parameters_variable_v_11":15.0,"data_set_value_component_parameters_variable_v_10":15.0,"data_set_value_component_parameters_variable_k_120":10.0,"data_set_value_component_parameters_variable_k_110":10.0,"data_set_value_component_parameters_variable_k_100":10.0,"data_set_value_component_parameters_variable_k_d4":0.16,"data_set_value_component_parameters_variable_k_d5":0.16,"data_set_value_component_parameters_variable_k_d6":0.16,"data_set_value_component_parameters_variable_n":2.0,"data_set_value_component_C_1_variable_C_1":1.0205798605,"data_set_value_component_C_2_variable_C_2":0.7505044778,"data_set_value_component_C_3_variable_C_3":0.0593185495,"data_set_value_component_T_1_variable_T_1":5.0735332508,"data_set_value_component_T_2_variable_T_2":4.1233438924,"data_set_value_component_T_3_variable_T_3":1.3107877138},{"data_set_value_component_environment_variable_time":0.4,"data_set_value_component_parameters_variable_j_1":0.9,"data_set_value_component_parameters_variable_j_2":0.5,"data_set_value_component_parameters_variable_j_3":0.6,"data_set_value_component_parameters_variable_v_d1":6.0,"data_set_value_component_parameters_variable_v_d2":1.052,"data_set_value_component_parameters_variable_v_d3":3.0,"data_set_value_component_parameters_variable_k_d1":0.8,"data_set_value_component_parameters_variable_k_d2":0.9,"data_set_value_component_parameters_variable_k_d3":0.8,"data_set_value_component_parameters_variable_k_c1":0.2,"data_set_value_component_parameters_variable_k_c2":0.22,"data_set_value_component_parameters_variable_k_c3":0.6,"data_set_value_component_parameters_variable_k_m1":5.0,"data_set_value_component_parameters_variable_k_m2":5.0,"data_set_value_component_parameters_variable_k_m3":5.0,"data_set_value_component_parameters_variable_v_12":15.0,"data_set_value_component_parameters_variable_v_11":15.0,"data_set_value_component_parameters_variable_v_10":15.0,"data_set_value_component_parameters_variable_k_120":10.0,"data_set_value_component_parameters_variable_k_110":10.0,"data_set_value_component_parameters_variable_k_100":10.0,"data_set_value_component_parameters_variable_k_d4":0.16,"data_set_value_component_parameters_variable_k_d5":0.16,"data_set_value_component_parameters_variable_k_d6":0.16,"data_set_value_component_parameters_variable_n":2.0,"data_set_value_component_C_1_variable_C_1":1.2955309893,"data_set_value_component_C_2_variable_C_2":0.9439794221,"data_set_value_component_C_3_variable_C_3":0.0846182646,"data_set_value_component_T_1_variable_T_1":4.8314339955,"data_set_value_component_T_2_variable_T_2":3.8839412165,"data_set_value_component_T_3_variable_T_3":1.3843260277},{"data_set_value_component_environment_variable_time":0.5,"data_set_value_component_parameters_variable_j_1":0.9,"data_set_value_component_parameters_variable_j_2":0.5,"data_set_value_component_parameters_variable_j_3":0.6,"data_set_value_component_parameters_variable_v_d1":6.0,"data_set_value_component_parameters_variable_v_d2":1.052,"data_set_value_component_parameters_variable_v_d3":3.0,"data_set_value_component_parameters_variable_k_d1":0.8,"data_set_value_component_parameters_variable_k_d2":0.9,"data_set_value_component_parameters_variable_k_d3":0.8,"data_set_value_component_parameters_variable_k_c1":0.2,"data_set_value_component_parameters_variable_k_c2":0.22,"data_set_value_component_parameters_variable_k_c3":0.6,"data_set_value_component_parameters_variable_k_m1":5.0,"data_set_value_component_parameters_variable_k_m2":5.0,"data_set_value_component_parameters_variable_k_m3":5.0,"data_set_value_component_parameters_variable_v_12":15.0,"data_set_value_component_parameters_variable_v_11":15.0,"data_set_value_component_parameters_variable_v_10":15.0,"data_set_value_component_parameters_variable_k_120":10.0,"data_set_value_component_parameters_variable_k_110":10.0,"data_set_value_component_parameters_variable_k_100":10.0,"data_set_value_component_parameters_variable_k_d4":0.16,"data_set_value_component_parameters_variable_k_d5":0.16,"data_set_value_component_parameters_variable_k_d6":0.16,"data_set_value_component_parameters_variable_n":2.0,"data_set_value_component_C_1_variable_C_1":1.5439067238,"data_set_value_component_C_2_variable_C_2":1.1144590047,"data_set_value_component_C_3_variable_C_3":0.1119611528,"data_set_value_component_T_1_variable_T_1":4.6166700873,"data_set_value_component_T_2_variable_T_2":3.6665955035,"data_set_value_component_T_3_variable_T_3":1.4457918241},{"data_set_value_component_environment_variable_time":0.6,"data_set_value_component_parameters_variable_j_1":0.9,"data_set_value_component_parameters_variable_j_2":0.5,"data_set_value_component_parameters_variable_j_3":0.6,"data_set_value_component_parameters_variable_v_d1":6.0,"data_set_value_component_parameters_variable_v_d2":1.052,"data_set_value_component_parameters_variable_v_d3":3.0,"data_set_value_component_parameters_variable_k_d1":0.8,"data_set_value_component_parameters_variable_k_d2":0.9,"data_set_value_component_parameters_variable_k_d3":0.8,"data_set_value_component_parameters_variable_k_c1":0.2,"data_set_value_component_parameters_variable_k_c2":0.22,"data_set_value_component_parameters_variable_k_c3":0.6,"data_set_value_component_parameters_variable_k_m1":5.0,"data_set_value_component_parameters_variable_k_m2":5.0,"data_set_value_component_parameters_variable_k_m3":5.0,"data_set_value_component_parameters_variable_v_12":15.0,"data_set_value_component_parameters_variable_v_11":15.0,"data_set_value_component_parameters_variable_v_10":15.0,"data_set_value_component_parameters_variable_k_120":10.0,"data_set_value_component_parameters_variable_k_110":10.0,"data_set_value_component_parameters_variable_k_100":10.0,"data_set_value_component_parameters_variable_k_d4":0.16,"data_set_value_component_parameters_variable_k_d5":0.16,"data_set_value_component_parameters_variable_k_d6":0.16,"data_set_value_component_parameters_variable_n":2.0,"data_set_value_component_C_1_variable_C_1":1.7688438496,"data_set_value_component_C_2_variable_C_2":1.2646485124,"data_set_value_component_C_3_variable_C_3":0.1409228048,"data_set_value_component_T_1_variable_T_1":4.4261371024,"data_set_value_component_T_2_variable_T_2":3.469134584,"data_set_value_component_T_3_variable_T_3":1.4967565431},{"data_set_value_component_environment_variable_time":0.7,"data_set_value_component_parameters_variable_j_1":0.9,"data_set_value_component_parameters_variable_j_2":0.5,"data_set_value_component_parameters_variable_j_3":0.6,"data_set_value_component_parameters_variable_v_d1":6.0,"data_set_value_component_parameters_variable_v_d2":1.052,"data_set_value_component_parameters_variable_v_d3":3.0,"data_set_value_component_parameters_variable_k_d1":0.8,"data_set_value_component_parameters_variable_k_d2":0.9,"data_set_value_component_parameters_variable_k_d3":0.8,"data_set_value_component_parameters_variable_k_c1":0.2,"data_set_value_component_parameters_variable_k_c2":0.22,"data_set_value_component_parameters_variable_k_c3":0.6,"data_set_value_component_parameters_variable_k_m1":5.0,"data_set_value_component_parameters_variable_k_m2":5.0,"data_set_value_component_parameters_variable_k_m3":5.0,"data_set_value_component_parameters_variable_v_12":15.0,"data_set_value_component_parameters_variable_v_11":15.0,"data_set_value_component_parameters_variable_v_10":15.0,"data_set_value_component_parameters_variable_k_120":10.0,"data_set_value_component_parameters_variable_k_110":10.0,"data_set_value_component_parameters_variable_k_100":10.0,"data_set_value_component_parameters_variable_k_d4":0.16,"data_set_value_component_parameters_variable_k_d5":0.16,"data_set_value_component_parameters_variable_k_d6":0.16,"data_set_value_component_parameters_variable_n":2.0,"data_set_value_component_C_1_variable_C_1":1.9731382024,"data_set_value_component_C_2_variable_C_2":1.3969484488,"data_set_value_component_C_3_variable_C_3":0.1711115524,"data_set_value_component_T_1_variable_T_1":4.2570585788,"data_set_value_component_T_2_variable_T_2":3.2896259343,"data_set_value_component_T_3_variable_T_3":1.538652253},{"data_set_value_component_environment_variable_time":0.8,"data_set_value_component_parameters_variable_j_1":0.9,"data_set_value_component_parameters_variable_j_2":0.5,"data_set_value_component_parameters_variable_j_3":0.6,"data_set_value_component_parameters_variable_v_d1":6.0,"data_set_value_component_parameters_variable_v_d2":1.052,"data_set_value_component_parameters_variable_v_d3":3.0,"data_set_value_component_parameters_variable_k_d1":0.8,"data_set_value_component_parameters_variable_k_d2":0.9,"data_set_value_component_parameters_variable_k_d3":0.8,"data_set_value_component_parameters_variable_k_c1":0.2,"data_set_value_component_parameters_variable_k_c2":0.22,"data_set_value_component_parameters_variable_k_c3":0.6,"data_set_value_component_parameters_variable_k_m1":5.0,"data_set_value_component_parameters_variable_k_m2":5.0,"data_set_value_component_parameters_variable_k_m3":5.0,"data_set_value_component_parameters_variable_v_12":15.0,"data_set_value_component_parameters_variable_v_11":15.0,"data_set_value_component_parameters_variable_v_10":15.0,"data_set_value_component_parameters_variable_k_120":10.0,"data_set_value_component_parameters_variable_k_110":10.0,"data_set_value_component_parameters_variable_k_100":10.0,"data_set_value_component_parameters_variable_k_d4":0.16,"data_set_value_component_parameters_variable_k_d5":0.16,"data_set_value_component_parameters_variable_k_d6":0.16,"data_set_value_component_parameters_variable_n":2.0,"data_set_value_component_C_1_variable_C_1":2.1592596347,"data_set_value_component_C_2_variable_C_2":1.5134804239,"data_set_value_component_C_3_variable_C_3":0.2021768292,"data_set_value_component_T_1_variable_T_1":4.1069660424,"data_set_value_component_T_2_variable_T_2":3.1263467209,"data_set_value_component_T_3_variable_T_3":1.5727729326},{"data_set_value_component_environment_variable_time":0.9,"data_set_value_component_parameters_variable_j_1":0.9,"data_set_value_component_parameters_variable_j_2":0.5,"data_set_value_component_parameters_variable_j_3":0.6,"data_set_value_component_parameters_variable_v_d1":6.0,"data_set_value_component_parameters_variable_v_d2":1.052,"data_set_value_component_parameters_variable_v_d3":3.0,"data_set_value_component_parameters_variable_k_d1":0.8,"data_set_value_component_parameters_variable_k_d2":0.9,"data_set_value_component_parameters_variable_k_d3":0.8,"data_set_value_component_parameters_variable_k_c1":0.2,"data_set_value_component_parameters_variable_k_c2":0.22,"data_set_value_component_parameters_variable_k_c3":0.6,"data_set_value_component_parameters_variable_k_m1":5.0,"data_set_value_component_parameters_variable_k_m2":5.0,"data_set_value_component_parameters_variable_k_m3":5.0,"data_set_value_component_parameters_variable_v_12":15.0,"data_set_value_component_parameters_variable_v_11":15.0,"data_set_value_component_parameters_variable_v_10":15.0,"data_set_value_component_parameters_variable_k_120":10.0,"data_set_value_component_parameters_variable_k_110":10.0,"data_set_value_component_parameters_variable_k_100":10.0,"data_set_value_component_parameters_variable_k_d4":0.16,"data_set_value_component_parameters_variable_k_d5":0.16,"data_set_value_component_parameters_variable_k_d6":0.16,"data_set_value_component_parameters_variable_n":2.0,"data_set_value_component_C_1_variable_C_1":2.3293775773,"data_set_value_component_C_2_variable_C_2":1.6161156801,"data_set_value_component_C_3_variable_C_3":0.2338131206,"data_set_value_component_T_1_variable_T_1":3.9736734577,"data_set_value_component_T_2_variable_T_2":2.9777556112,"data_set_value_component_T_3_variable_T_3":1.6002784622},{"data_set_value_component_environment_variable_time":1.0,"data_set_value_component_parameters_variable_j_1":0.9,"data_set_value_component_parameters_variable_j_2":0.5,"data_set_value_component_parameters_variable_j_3":0.6,"data_set_value_component_parameters_variable_v_d1":6.0,"data_set_value_component_parameters_variable_v_d2":1.052,"data_set_value_component_parameters_variable_v_d3":3.0,"data_set_value_component_parameters_variable_k_d1":0.8,"data_set_value_component_parameters_variable_k_d2":0.9,"data_set_value_component_parameters_variable_k_d3":0.8,"data_set_value_component_parameters_variable_k_c1":0.2,"data_set_value_component_parameters_variable_k_c2":0.22,"data_set_value_component_parameters_variable_k_c3":0.6,"data_set_value_component_parameters_variable_k_m1":5.0,"data_set_value_component_parameters_variable_k_m2":5.0,"data_set_value_component_parameters_variable_k_m3":5.0,"data_set_value_component_parameters_variable_v_12":15.0,"data_set_value_component_parameters_variable_v_11":15.0,"data_set_value_component_parameters_variable_v_10":15.0,"data_set_value_component_parameters_variable_k_120":10.0,"data_set_value_component_parameters_variable_k_110":10.0,"data_set_value_component_parameters_variable_k_100":10.0,"data_set_value_component_parameters_variable_k_d4":0.16,"data_set_value_component_parameters_variable_k_d5":0.16,"data_set_value_component_parameters_variable_k_d6":0.16,"data_set_value_component_parameters_variable_n":2.0,"data_set_value_component_C_1_variable_C_1":2.4853900379,"data_set_value_component_C_2_variable_C_2":1.7065006153,"data_set_value_component_C_3_variable_C_3":0.2657595559,"data_set_value_component_T_1_variable_T_1":3.8552516818,"data_set_value_component_T_2_variable_T_2":2.8424711906,"data_set_value_component_T_3_variable_T_3":1.6222006782}]