[{"data_set_value_component_environment_variable_time":0.0,"data_set_value_component_Y_variable_Y":0.01577552,"data_set_value_component_Y_variable_k1":0.024,"data_set_value_component_M_variable_M":0.0142077,"data_set_value_component_preMPF_variable_preMPF":0.02541723,"data_set_value_component_Cdc25P_variable_Cdc25P":0.4844362,"data_set_value_component_Cdc25P_variable_k25":18.0,"data_set_value_component_Cdc25P_variable_Km25":0.1,"data_set_value_component_Cdc25P_variable_k25r":0.8,"data_set_value_component_Cdc25P_variable_k25ro":0.7835455436,"data_set_value_component_Cdc25P_variable_Km25r":1.0,"data_set_value_component_Wee1_variable_Wee1":0.5155638,"data_set_value_component_Wee1_variable_kw":18.0,"data_set_value_component_Wee1_variable_Kmw":0.1,"data_set_value_component_Wee1_variable_kwr":0.8,"data_set_value_component_Wee1_variable_kwro":0.7835455436,"data_set_value_component_Wee1_variable_Kmwr":1.0,"data_set_value_component_IEP_variable_IEP":0.002287817,"data_set_value_component_IEP_variable_kie":4.5,"data_set_value_component_IEP_variable_Kmie":0.01,"data_set_value_component_IEP_variable_kier":0.34,"data_set_value_component_IEP_variable_Kmier":0.01,"data_set_value_component_APC__variable_APC_":0.5051103,"data_set_value_component_APC__variable_kap":0.3,"data_set_value_component_APC__variable_Kmap":0.01,"data_set_value_component_APC__variable_kapr":0.3,"data_set_value_component_APC__variable_Kmapr":1.0,"data_set_value_component_C_variable_C":0.96037507,"data_set_value_component_C_variable_Cdc2tot":1.0,"data_set_value_component_Cdc25_variable_Cdc25":0.5155638,"data_set_value_component_Cdc25_variable_Cdc25tot":1.0,"data_set_value_component_Wee1P_variable_Wee1P":0.4844362,"data_set_value_component_Wee1P_variable_Wee1tot":1.0,"data_set_value_component_IE_variable_IE":0.997712183,"data_set_value_component_IE_variable_IEtot":1.0,"data_set_value_component_APC_variable_APC":0.4948897,"data_set_value_component_APC_variable_APCtot":1.0,"data_set_value_component_p_variable_p":1.021,"data_set_value_component_p_variable_R":1.0,"data_set_value_component_p_variable_s":0.021,"data_set_value_component_p_variable_q":1.0,"data_set_value_component_kinetic_parameters_variable_k2":0.308015077,"data_set_value_component_kinetic_parameters_variable_k3":1.15,"data_set_value_component_kinetic_parameters_variable_kwee":1.301020405,"data_set_value_component_kinetic_parameters_variable_kcdc25":0.214397032,"data_set_value_component_kinetic_parameters_variable_V2":0.01,"data_set_value_component_kinetic_parameters_variable_V2_":0.6,"data_set_value_component_kinetic_parameters_variable_V25":0.04,"data_set_value_component_kinetic_parameters_variable_V25_":0.4,"data_set_value_component_kinetic_parameters_variable_Vwee":0.025,"data_set_value_component_kinetic_parameters_variable_Vwee_":2.5},{"data_set_value_component_environment_variable_time":0.1,"data_set_value_component_Y_variable_Y":0.015940646,"data_set_value_component_Y_variable_k1":0.024,"data_set_value_component_M_variable_M":0.0142166207,"data_set_value_component_preMPF_variable_preMPF":0.0259424526,"data_set_value_component_Cdc25P_variable_Cdc25P":0.4798528891,"data_set_value_component_Cdc25P_variable_k25":18.0,"data_set_value_component_Cdc25P_variable_Km25":0.1,"data_set_value_component_Cdc25P_variable_k25r":0.8,"data_set_value_component_Cdc25P_variable_k25ro":0.7835455436,"data_set_value_component_Cdc25P_variable_Km25r":1.0,"data_set_value_component_Wee1_variable_Wee1":0.5201471109,"data_set_value_component_Wee1_variable_kw":18.0,"data_set_value_component_Wee1_variable_Kmw":0.1,"data_set_value_component_Wee1_variable_kwr":0.8,"data_set_value_component_Wee1_variable_kwro":0.7835455436,"data_set_value_component_Wee1_variable_Kmwr":1.0,"data_set_value_component_IEP_variable_IEP":0.0022885657,"data_set_value_component_IEP_variable_kie":4.5,"data_set_value_component_IEP_variable_Kmie":0.01,"data_set_value_component_IEP_variable_kier":0.34,"data_set_value_component_IEP_variable_Kmier":0.01,"data_set_value_component_APC__variable_APC_":0.4951761231,"data_set_value_component_APC__variable_kap":0.3,"data_set_value_component_APC__variable_Kmap":0.01,"data_set_value_component_APC__variable_kapr":0.3,"data_set_value_component_APC__variable_Kmapr":1.0,"data_set_value_component_C_variable_C":0.9598409268,"data_set_value_component_C_variable_Cdc2tot":1.0,"data_set_value_component_Cdc25_variable_Cdc25":0.5201471109,"data_set_value_component_Cdc25_variable_Cdc25tot":1.0,"data_set_value_component_Wee1P_variable_Wee1P":0.4798528891,"data_set_value_component_Wee1P_variable_Wee1tot":1.0,"data_set_value_component_IE_variable_IE":0.9977114343,"data_set_value_component_IE_variable_IEtot":1.0,"data_set_value_component_APC_variable_APC":0.5048238769,"data_set_value_component_APC_variable_APCtot":1.0,"data_set_value_component_p_variable_p":1.021,"data_set_value_component_p_variable_R":1.0,"data_set_value_component_p_variable_s":0.021,"data_set_value_component_p_variable_q":1.0,"data_set_value_component_kinetic_parameters_variable_k2":0.3021539126,"data_set_value_component_kinetic_parameters_variable_k3":1.15,"data_set_value_component_kinetic_parameters_variable_kwee":1.3123640995,"data_set_value_component_kinetic_parameters_variable_kcdc25":0.2127470401,"data_set_value_component_kinetic_parameters_variable_V2":0.01,"data_set_value_component_kinetic_parameters_variable_V2_":0.6,"data_set_value_component_kinetic_parameters_variable_V25":0.04,"data_set_value_component_kinetic_parameters_variable_V25_":0.4,"data_set_value_component_kinetic_parameters_variable_Vwee":0.025,"data_set_value_component_kinetic_parameters_variable_Vwee_":2.5},{"data_set_value_component_environment_variable_time":0.2,"data_set_value_component_Y_variable_Y":0.0160937248,"data_set_value_component_Y_variable_k1":0.024,"data_set_value_component_M_variable_M":0.0142391176,"data_set_value_component_preMPF_variable_preMPF":0.0264774902,"data_set_value_component_Cdc25P_variable_Cdc25P":0.4754865234,"data_set_value_component_Cdc25P_variable_k25":18.0,"data_set_value_component_Cdc25P_variable_Km25":0.1,"data_set_value_component_Cdc25P_variable_k25r":0.8,"data_set_value_component_Cdc25P_variable_k25ro":0.7835455436,"data_set_value_component_Cdc25P_variable_Km25r":1.0,"data_set_value_component_Wee1_variable_Wee1":0.5245134766,"data_set_value_component_Wee1_variable_kw":18.0,"data_set_value_component_Wee1_variable_Kmw":0.1,"data_set_value_component_Wee1_variable_kwr":0.8,"data_set_value_component_Wee1_variable_kwro":0.7835455436,"data_set_value_component_Wee1_variable_Kmwr":1.0,"data_set_value_component_IEP_variable_IEP":0.0022918692,"data_set_value_component_IEP_variable_kie":4.5,"data_set_value_component_IEP_variable_Kmie":0.01,"data_set_value_component_IEP_variable_kier":0.34,"data_set_value_component_IEP_variable_Kmier":0.01,"data_set_value_component_APC__variable_APC_":0.485374233,"data_set_value_component_APC__variable_kap":0.3,"data_set_value_component_APC__variable_Kmap":0.01,"data_set_value_component_APC__variable_kapr":0.3,"data_set_value_component_APC__variable_Kmapr":1.0,"data_set_value_component_C_variable_C":0.9592833921,"data_set_value_component_C_variable_Cdc2tot":1.0,"data_set_value_component_Cdc25_variable_Cdc25":0.5245134766,"data_set_value_component_Cdc25_variable_Cdc25tot":1.0,"data_set_value_component_Wee1P_variable_Wee1P":0.4754865234,"data_set_value_component_Wee1P_variable_Wee1tot":1.0,"data_set_value_component_IE_variable_IE":0.9977081308,"data_set_value_component_IE_variable_IEtot":1.0,"data_set_value_component_APC_variable_APC":0.514625767,"data_set_value_component_APC_variable_APCtot":1.0,"data_set_value_component_p_variable_p":1.021,"data_set_value_component_p_variable_R":1.0,"data_set_value_component_p_variable_s":0.021,"data_set_value_component_p_variable_q":1.0,"data_set_value_component_kinetic_parameters_variable_k2":0.2963707975,"data_set_value_component_kinetic_parameters_variable_k3":1.15,"data_set_value_component_kinetic_parameters_variable_kwee":1.3231708547,"data_set_value_component_kinetic_parameters_variable_kcdc25":0.2111751484,"data_set_value_component_kinetic_parameters_variable_V2":0.01,"data_set_value_component_kinetic_parameters_variable_V2_":0.6,"data_set_value_component_kinetic_parameters_variable_V25":0.04,"data_set_value_component_kinetic_parameters_variable_V25_":0.4,"data_set_value_component_kinetic_parameters_variable_Vwee":0.025,"data_set_value_component_kinetic_parameters_variable_Vwee_":2.5},{"data_set_value_component_environment_variable_time":0.3,"data_set_value_component_Y_variable_Y":0.0162363974,"data_set_value_component_Y_variable_k1":0.024,"data_set_value_component_M_variable_M":0.0142728576,"data_set_value_component_preMPF_variable_preMPF":0.0270230936,"data_set_value_component_Cdc25P_variable_Cdc25P":0.4713470309,"data_set_value_component_Cdc25P_variable_k25":18.0,"data_set_value_component_Cdc25P_variable_Km25":0.1,"data_set_value_component_Cdc25P_variable_k25r":0.8,"data_set_value_component_Cdc25P_variable_k25ro":0.7835455436,"data_set_value_component_Cdc25P_variable_Km25r":1.0,"data_set_value_component_Wee1_variable_Wee1":0.5286529691,"data_set_value_component_Wee1_variable_kw":18.0,"data_set_value_component_Wee1_variable_Kmw":0.1,"data_set_value_component_Wee1_variable_kwr":0.8,"data_set_value_component_Wee1_variable_kwro":0.7835455436,"data_set_value_component_Wee1_variable_Kmwr":1.0,"data_set_value_component_IEP_variable_IEP":0.0022975761,"data_set_value_component_IEP_variable_kie":4.5,"data_set_value_component_IEP_variable_Kmie":0.01,"data_set_value_component_IEP_variable_kier":0.34,"data_set_value_component_IEP_variable_Kmier":0.01,"data_set_value_component_APC__variable_APC_":0.4757048744,"data_set_value_component_APC__variable_kap":0.3,"data_set_value_component_APC__variable_Kmap":0.01,"data_set_value_component_APC__variable_kapr":0.3,"data_set_value_component_APC__variable_Kmapr":1.0,"data_set_value_component_C_variable_C":0.9587040488,"data_set_value_component_C_variable_Cdc2tot":1.0,"data_set_value_component_Cdc25_variable_Cdc25":0.5286529691,"data_set_value_component_Cdc25_variable_Cdc25tot":1.0,"data_set_value_component_Wee1P_variable_Wee1P":0.4713470309,"data_set_value_component_Wee1P_variable_Wee1tot":1.0,"data_set_value_component_IE_variable_IE":0.9977024239,"data_set_value_component_IE_variable_IEtot":1.0,"data_set_value_component_APC_variable_APC":0.5242951256,"data_set_value_component_APC_variable_APCtot":1.0,"data_set_value_component_p_variable_p":1.021,"data_set_value_component_p_variable_R":1.0,"data_set_value_component_p_variable_s":0.021,"data_set_value_component_p_variable_q":1.0,"data_set_value_component_kinetic_parameters_variable_k2":0.2906658759,"data_set_value_component_kinetic_parameters_variable_k3":1.15,"data_set_value_component_kinetic_parameters_variable_kwee":1.3334160986,"data_set_value_component_kinetic_parameters_variable_kcdc25":0.2096849311,"data_set_value_component_kinetic_parameters_variable_V2":0.01,"data_set_value_component_kinetic_parameters_variable_V2_":0.6,"data_set_value_component_kinetic_parameters_variable_V25":0.04,"data_set_value_component_kinetic_parameters_variable_V25_":0.4,"data_set_value_component_kinetic_parameters_variable_Vwee":0.025,"data_set_value_component_kinetic_parameters_variable_Vwee_":2.5},{"data_set_value_component_environment_variable_time":0.4,"data_set_value_component_Y_variable_Y":0.0163701255,"data_set_value_component_Y_variable_k1":0.024,"data_set_value_component_M_variable_M":0.0143159826,"data_set_value_component_preMPF_variable_preMPF":0.0275797007,"data_set_value_component_Cdc25P_variable_Cdc25P":0.467440693,"data_set_value_component_Cdc25P_variable_k25":18.0,"data_set_value_component_Cdc25P_variable_Km25":0.1,"data_set_value_component_Cdc25P_variable_k25r":0.8,"data_set_value_component_Cdc25P_variable_k25ro":0.7835455436,"data_set_value_component_Cdc25P_variable_Km25r":1.0,"data_set_value_component_Wee1_variable_Wee1":0.532559307,"data_set_value_component_Wee1_variable_kw":18.0,"data_set_value_component_Wee1_variable_Kmw":0.1,"data_set_value_component_Wee1_variable_kwr":0.8,"data_set_value_component_Wee1_variable_kwro":0.7835455436,"data_set_value_component_Wee1_variable_Kmwr":1.0,"data_set_value_component_IEP_variable_IEP":0.0023053041,"data_set_value_component_IEP_variable_kie":4.5,"data_set_value_component_IEP_variable_Kmie":0.01,"data_set_value_component_IEP_variable_kier":0.34,"data_set_value_component_IEP_variable_Kmier":0.01,"data_set_value_component_APC__variable_APC_":0.4661680256,"data_set_value_component_APC__variable_kap":0.3,"data_set_value_component_APC__variable_Kmap":0.01,"data_set_value_component_APC__variable_kapr":0.3,"data_set_value_component_APC__variable_Kmapr":1.0,"data_set_value_component_C_variable_C":0.9581043167,"data_set_value_component_C_variable_Cdc2tot":1.0,"data_set_value_component_Cdc25_variable_Cdc25":0.532559307,"data_set_value_component_Cdc25_variable_Cdc25tot":1.0,"data_set_value_component_Wee1P_variable_Wee1P":0.467440693,"data_set_value_component_Wee1P_variable_Wee1tot":1.0,"data_set_value_component_IE_variable_IE":0.9976946959,"data_set_value_component_IE_variable_IEtot":1.0,"data_set_value_component_APC_variable_APC":0.5338319744,"data_set_value_component_APC_variable_APCtot":1.0,"data_set_value_component_p_variable_p":1.021,"data_set_value_component_p_variable_R":1.0,"data_set_value_component_p_variable_s":0.021,"data_set_value_component_p_variable_q":1.0,"data_set_value_component_kinetic_parameters_variable_k2":0.2850391351,"data_set_value_component_kinetic_parameters_variable_k3":1.15,"data_set_value_component_kinetic_parameters_variable_kwee":1.3430842847,"data_set_value_component_kinetic_parameters_variable_kcdc25":0.2082786495,"data_set_value_component_kinetic_parameters_variable_V2":0.01,"data_set_value_component_kinetic_parameters_variable_V2_":0.6,"data_set_value_component_kinetic_parameters_variable_V25":0.04,"data_set_value_component_kinetic_parameters_variable_V25_":0.4,"data_set_value_component_kinetic_parameters_variable_Vwee":0.025,"data_set_value_component_kinetic_parameters_variable_Vwee_":2.5},{"data_set_value_component_environment_variable_time":0.5,"data_set_value_component_Y_variable_Y":0.0164961449,"data_set_value_component_Y_variable_k1":0.024,"data_set_value_component_M_variable_M":0.0143671027,"data_set_value_component_preMPF_variable_preMPF":0.0281475084,"data_set_value_component_Cdc25P_variable_Cdc25P":0.4637710162,"data_set_value_component_Cdc25P_variable_k25":18.0,"data_set_value_component_Cdc25P_variable_Km25":0.1,"data_set_value_component_Cdc25P_variable_k25r":0.8,"data_set_value_component_Cdc25P_variable_k25ro":0.7835455436,"data_set_value_component_Cdc25P_variable_Km25r":1.0,"data_set_value_component_Wee1_variable_Wee1":0.5362289838,"data_set_value_component_Wee1_variable_kw":18.0,"data_set_value_component_Wee1_variable_Kmw":0.1,"data_set_value_component_Wee1_variable_kwr":0.8,"data_set_value_component_Wee1_variable_kwro":0.7835455436,"data_set_value_component_Wee1_variable_Kmwr":1.0,"data_set_value_component_IEP_variable_IEP":0.0023147465,"data_set_value_component_IEP_variable_kie":4.5,"data_set_value_component_IEP_variable_Kmie":0.01,"data_set_value_component_IEP_variable_kier":0.34,"data_set_value_component_IEP_variable_Kmier":0.01,"data_set_value_component_APC__variable_APC_":0.456763618,"data_set_value_component_APC__variable_kap":0.3,"data_set_value_component_APC__variable_Kmap":0.01,"data_set_value_component_APC__variable_kapr":0.3,"data_set_value_component_APC__variable_Kmapr":1.0,"data_set_value_component_C_variable_C":0.957485389,"data_set_value_component_C_variable_Cdc2tot":1.0,"data_set_value_component_Cdc25_variable_Cdc25":0.5362289838,"data_set_value_component_Cdc25_variable_Cdc25tot":1.0,"data_set_value_component_Wee1P_variable_Wee1P":0.4637710162,"data_set_value_component_Wee1P_variable_Wee1tot":1.0,"data_set_value_component_IE_variable_IE":0.9976852535,"data_set_value_component_IE_variable_IEtot":1.0,"data_set_value_component_APC_variable_APC":0.543236382,"data_set_value_component_APC_variable_APCtot":1.0,"data_set_value_component_p_variable_p":1.021,"data_set_value_component_p_variable_R":1.0,"data_set_value_component_p_variable_s":0.021,"data_set_value_component_p_variable_q":1.0,"data_set_value_component_kinetic_parameters_variable_k2":0.2794905346,"data_set_value_component_kinetic_parameters_variable_k3":1.15,"data_set_value_component_kinetic_parameters_variable_kwee":1.3521667348,"data_set_value_component_kinetic_parameters_variable_kcdc25":0.2069575658,"data_set_value_component_kinetic_parameters_variable_V2":0.01,"data_set_value_component_kinetic_parameters_variable_V2_":0.6,"data_set_value_component_kinetic_parameters_variable_V25":0.04,"data_set_value_component_kinetic_parameters_variable_V25_":0.4,"data_set_value_component_kinetic_parameters_variable_Vwee":0.025,"data_set_value_component_kinetic_parameters_variable_Vwee_":2.5},{"data_set_value_component_environment_variable_time":0.6,"data_set_value_component_Y_variable_Y":0.0166155227,"data_set_value_component_Y_variable_k1":0.024,"data_set_value_component_M_variable_M":0.0144251576,"data_set_value_component_preMPF_variable_preMPF":0.0287265537,"data_set_value_component_Cdc25P_variable_Cdc25P":0.4603396203,"data_set_value_component_Cdc25P_variable_k25":18.0,"data_set_value_component_Cdc25P_variable_Km25":0.1,"data_set_value_component_Cdc25P_variable_k25r":0.8,"data_set_value_component_Cdc25P_variable_k25ro":0.7835455436,"data_set_value_component_Cdc25P_variable_Km25r":1.0,"data_set_value_component_Wee1_variable_Wee1":0.5396603797,"data_set_value_component_Wee1_variable_kw":18.0,"data_set_value_component_Wee1_variable_Kmw":0.1,"data_set_value_component_Wee1_variable_kwr":0.8,"data_set_value_component_Wee1_variable_kwro":0.7835455436,"data_set_value_component_Wee1_variable_Kmwr":1.0,"data_set_value_component_IEP_variable_IEP":0.0023256713,"data_set_value_component_IEP_variable_kie":4.5,"data_set_value_component_IEP_variable_Kmie":0.01,"data_set_value_component_IEP_variable_kier":0.34,"data_set_value_component_IEP_variable_Kmier":0.01,"data_set_value_component_APC__variable_APC_":0.4474915406,"data_set_value_component_APC__variable_kap":0.3,"data_set_value_component_APC__variable_Kmap":0.01,"data_set_value_component_APC__variable_kapr":0.3,"data_set_value_component_APC__variable_Kmapr":1.0,"data_set_value_component_C_variable_C":0.9568482887,"data_set_value_component_C_variable_Cdc2tot":1.0,"data_set_value_component_Cdc25_variable_Cdc25":0.5396603797,"data_set_value_component_Cdc25_variable_Cdc25tot":1.0,"data_set_value_component_Wee1P_variable_Wee1P":0.4603396203,"data_set_value_component_Wee1P_variable_Wee1tot":1.0,"data_set_value_component_IE_variable_IE":0.9976743287,"data_set_value_component_IE_variable_IEtot":1.0,"data_set_value_component_APC_variable_APC":0.5525084594,"data_set_value_component_APC_variable_APCtot":1.0,"data_set_value_component_p_variable_p":1.021,"data_set_value_component_p_variable_R":1.0,"data_set_value_component_p_variable_s":0.021,"data_set_value_component_p_variable_q":1.0,"data_set_value_component_kinetic_parameters_variable_k2":0.2740200089,"data_set_value_component_kinetic_parameters_variable_k3":1.15,"data_set_value_component_kinetic_parameters_variable_kwee":1.3606594398,"data_set_value_component_kinetic_parameters_variable_kcdc25":0.2057222633,"data_set_value_component_kinetic_parameters_variable_V2":0.01,"data_set_value_component_kinetic_parameters_variable_V2_":0.6,"data_set_value_component_kinetic_parameters_variable_V25":0.04,"data_set_value_component_kinetic_parameters_variable_V25_":0.4,"data_set_value_component_kinetic_parameters_variable_Vwee":0.025,"data_set_value_component_kinetic_parameters_variable_Vwee_":2.5},{"data_set_value_component_environment_variable_time":0.7,"data_set_value_component_Y_variable_Y":0.0167291664,"data_set_value_component_Y_variable_k1":0.024,"data_set_value_component_M_variable_M":0.0144893746,"data_set_value_component_preMPF_variable_preMPF":0.0293167462,"data_set_value_component_Cdc25P_variable_Cdc25P":0.4571465832,"data_set_value_component_Cdc25P_variable_k25":18.0,"data_set_value_component_Cdc25P_variable_Km25":0.1,"data_set_value_component_Cdc25P_variable_k25r":0.8,"data_set_value_component_Cdc25P_variable_k25ro":0.7835455436,"data_set_value_component_Cdc25P_variable_Km25r":1.0,"data_set_value_component_Wee1_variable_Wee1":0.5428534168,"data_set_value_component_Wee1_variable_kw":18.0,"data_set_value_component_Wee1_variable_Kmw":0.1,"data_set_value_component_Wee1_variable_kwr":0.8,"data_set_value_component_Wee1_variable_kwro":0.7835455436,"data_set_value_component_Wee1_variable_Kmwr":1.0,"data_set_value_component_IEP_variable_IEP":0.0023379087,"data_set_value_component_IEP_variable_kie":4.5,"data_set_value_component_IEP_variable_Kmie":0.01,"data_set_value_component_IEP_variable_kier":0.34,"data_set_value_component_IEP_variable_Kmier":0.01,"data_set_value_component_APC__variable_APC_":0.4383516371,"data_set_value_component_APC__variable_kap":0.3,"data_set_value_component_APC__variable_Kmap":0.01,"data_set_value_component_APC__variable_kapr":0.3,"data_set_value_component_APC__variable_Kmapr":1.0,"data_set_value_component_C_variable_C":0.9561938792,"data_set_value_component_C_variable_Cdc2tot":1.0,"data_set_value_component_Cdc25_variable_Cdc25":0.5428534168,"data_set_value_component_Cdc25_variable_Cdc25tot":1.0,"data_set_value_component_Wee1P_variable_Wee1P":0.4571465832,"data_set_value_component_Wee1P_variable_Wee1tot":1.0,"data_set_value_component_IE_variable_IE":0.9976620913,"data_set_value_component_IE_variable_IEtot":1.0,"data_set_value_component_APC_variable_APC":0.5616483629,"data_set_value_component_APC_variable_APCtot":1.0,"data_set_value_component_p_variable_p":1.021,"data_set_value_component_p_variable_R":1.0,"data_set_value_component_p_variable_s":0.021,"data_set_value_component_p_variable_q":1.0,"data_set_value_component_kinetic_parameters_variable_k2":0.2686274659,"data_set_value_component_kinetic_parameters_variable_k3":1.15,"data_set_value_component_kinetic_parameters_variable_kwee":1.3685622066,"data_set_value_component_kinetic_parameters_variable_kcdc25":0.2045727699,"data_set_value_component_kinetic_parameters_variable_V2":0.01,"data_set_value_component_kinetic_parameters_variable_V2_":0.6,"data_set_value_component_kinetic_parameters_variable_V25":0.04,"data_set_value_component_kinetic_parameters_variable_V25_":0.4,"data_set_value_component_kinetic_parameters_variable_Vwee":0.025,"data_set_value_component_kinetic_parameters_variable_Vwee_":2.5},{"data_set_value_component_environment_variable_time":0.8,"data_set_value_component_Y_variable_Y":0.0168378462,"data_set_value_component_Y_variable_k1":0.024,"data_set_value_component_M_variable_M":0.0145592116,"data_set_value_component_preMPF_variable_preMPF":0.0299179028,"data_set_value_component_Cdc25P_variable_Cdc25P":0.4541908289,"data_set_value_component_Cdc25P_variable_k25":18.0,"data_set_value_component_Cdc25P_variable_Km25":0.1,"data_set_value_component_Cdc25P_variable_k25r":0.8,"data_set_value_component_Cdc25P_variable_k25ro":0.7835455436,"data_set_value_component_Cdc25P_variable_Km25r":1.0,"data_set_value_component_Wee1_variable_Wee1":0.5458091711,"data_set_value_component_Wee1_variable_kw":18.0,"data_set_value_component_Wee1_variable_Kmw":0.1,"data_set_value_component_Wee1_variable_kwr":0.8,"data_set_value_component_Wee1_variable_kwro":0.7835455436,"data_set_value_component_Wee1_variable_Kmwr":1.0,"data_set_value_component_IEP_variable_IEP":0.0023513391,"data_set_value_component_IEP_variable_kie":4.5,"data_set_value_component_IEP_variable_Kmie":0.01,"data_set_value_component_IEP_variable_kier":0.34,"data_set_value_component_IEP_variable_Kmier":0.01,"data_set_value_component_APC__variable_APC_":0.4293437076,"data_set_value_component_APC__variable_kap":0.3,"data_set_value_component_APC__variable_Kmap":0.01,"data_set_value_component_APC__variable_kapr":0.3,"data_set_value_component_APC__variable_Kmapr":1.0,"data_set_value_component_C_variable_C":0.9555228856,"data_set_value_component_C_variable_Cdc2tot":1.0,"data_set_value_component_Cdc25_variable_Cdc25":0.5458091711,"data_set_value_component_Cdc25_variable_Cdc25tot":1.0,"data_set_value_component_Wee1P_variable_Wee1P":0.4541908289,"data_set_value_component_Wee1P_variable_Wee1tot":1.0,"data_set_value_component_IE_variable_IE":0.9976486609,"data_set_value_component_IE_variable_IEtot":1.0,"data_set_value_component_APC_variable_APC":0.5706562924,"data_set_value_component_APC_variable_APCtot":1.0,"data_set_value_component_p_variable_p":1.021,"data_set_value_component_p_variable_R":1.0,"data_set_value_component_p_variable_s":0.021,"data_set_value_component_p_variable_q":1.0,"data_set_value_component_kinetic_parameters_variable_k2":0.2633127875,"data_set_value_component_kinetic_parameters_variable_k3":1.15,"data_set_value_component_kinetic_parameters_variable_kwee":1.3758776985,"data_set_value_component_kinetic_parameters_variable_kcdc25":0.2035086984,"data_set_value_component_kinetic_parameters_variable_V2":0.01,"data_set_value_component_kinetic_parameters_variable_V2_":0.6,"data_set_value_component_kinetic_parameters_variable_V25":0.04,"data_set_value_component_kinetic_parameters_variable_V25_":0.4,"data_set_value_component_kinetic_parameters_variable_Vwee":0.025,"data_set_value_component_kinetic_parameters_variable_Vwee_":2.5},{"data_set_value_component_environment_variable_time":0.9,"data_set_value_component_Y_variable_Y":0.0169422335,"data_set_value_component_Y_variable_k1":0.024,"data_set_value_component_M_variable_M":0.0146342631,"data_set_value_component_preMPF_variable_preMPF":0.0305298025,"data_set_value_component_Cdc25P_variable_Cdc25P":0.4514707521,"data_set_value_component_Cdc25P_variable_k25":18.0,"data_set_value_component_Cdc25P_variable_Km25":0.1,"data_set_value_component_Cdc25P_variable_k25r":0.8,"data_set_value_component_Cdc25P_variable_k25ro":0.7835455436,"data_set_value_component_Cdc25P_variable_Km25r":1.0,"data_set_value_component_Wee1_variable_Wee1":0.5485292479,"data_set_value_component_Wee1_variable_kw":18.0,"data_set_value_component_Wee1_variable_Kmw":0.1,"data_set_value_component_Wee1_variable_kwr":0.8,"data_set_value_component_Wee1_variable_kwro":0.7835455436,"data_set_value_component_Wee1_variable_Kmwr":1.0,"data_set_value_component_IEP_variable_IEP":0.0023658743,"data_set_value_component_IEP_variable_kie":4.5,"data_set_value_component_IEP_variable_Kmie":0.01,"data_set_value_component_IEP_variable_kier":0.34,"data_set_value_component_IEP_variable_Kmier":0.01,"data_set_value_component_APC__variable_APC_":0.420467513,"data_set_value_component_APC__variable_kap":0.3,"data_set_value_component_APC__variable_Kmap":0.01,"data_set_value_component_APC__variable_kapr":0.3,"data_set_value_component_APC__variable_Kmapr":1.0,"data_set_value_component_C_variable_C":0.9548359344,"data_set_value_component_C_variable_Cdc2tot":1.0,"data_set_value_component_Cdc25_variable_Cdc25":0.5485292479,"data_set_value_component_Cdc25_variable_Cdc25tot":1.0,"data_set_value_component_Wee1P_variable_Wee1P":0.4514707521,"data_set_value_component_Wee1P_variable_Wee1tot":1.0,"data_set_value_component_IE_variable_IE":0.9976341257,"data_set_value_component_IE_variable_IEtot":1.0,"data_set_value_component_APC_variable_APC":0.579532487,"data_set_value_component_APC_variable_APCtot":1.0,"data_set_value_component_p_variable_p":1.021,"data_set_value_component_p_variable_R":1.0,"data_set_value_component_p_variable_s":0.021,"data_set_value_component_p_variable_q":1.0,"data_set_value_component_kinetic_parameters_variable_k2":0.2580758327,"data_set_value_component_kinetic_parameters_variable_k3":1.15,"data_set_value_component_kinetic_parameters_variable_kwee":1.3826098886,"data_set_value_component_kinetic_parameters_variable_kcdc25":0.2025294707,"data_set_value_component_kinetic_parameters_variable_V2":0.01,"data_set_value_component_kinetic_parameters_variable_V2_":0.6,"data_set_value_component_kinetic_parameters_variable_V25":0.04,"data_set_value_component_kinetic_parameters_variable_V25_":0.4,"data_set_value_component_kinetic_parameters_variable_Vwee":0.025,"data_set_value_component_kinetic_parameters_variable_Vwee_":2.5},{"data_set_value_component_environment_variable_time":1.0,"data_set_value_component_Y_variable_Y":0.017042867,"data_set_value_component_Y_variable_k1":0.024,"data_set_value_component_M_variable_M":0.0147143451,"data_set_value_component_preMPF_variable_preMPF":0.0311521359,"data_set_value_component_Cdc25P_variable_Cdc25P":0.4489836511,"data_set_value_component_Cdc25P_variable_k25":18.0,"data_set_value_component_Cdc25P_variable_Km25":0.1,"data_set_value_component_Cdc25P_variable_k25r":0.8,"data_set_value_component_Cdc25P_variable_k25ro":0.7835455436,"data_set_value_component_Cdc25P_variable_Km25r":1.0,"data_set_value_component_Wee1_variable_Wee1":0.5510163489,"data_set_value_component_Wee1_variable_kw":18.0,"data_set_value_component_Wee1_variable_Kmw":0.1,"data_set_value_component_Wee1_variable_kwr":0.8,"data_set_value_component_Wee1_variable_kwro":0.7835455436,"data_set_value_component_Wee1_variable_Kmwr":1.0,"data_set_value_component_IEP_variable_IEP":0.0023814747,"data_set_value_component_IEP_variable_kie":4.5,"data_set_value_component_IEP_variable_Kmie":0.01,"data_set_value_component_IEP_variable_kier":0.34,"data_set_value_component_IEP_variable_Kmier":0.01,"data_set_value_component_APC__variable_APC_":0.411722771,"data_set_value_component_APC__variable_kap":0.3,"data_set_value_component_APC__variable_Kmap":0.01,"data_set_value_component_APC__variable_kapr":0.3,"data_set_value_component_APC__variable_Kmapr":1.0,"data_set_value_component_C_variable_C":0.9541335189,"data_set_value_component_C_variable_Cdc2tot":1.0,"data_set_value_component_Cdc25_variable_Cdc25":0.5510163489,"data_set_value_component_Cdc25_variable_Cdc25tot":1.0,"data_set_value_component_Wee1P_variable_Wee1P":0.4489836511,"data_set_value_component_Wee1P_variable_Wee1tot":1.0,"data_set_value_component_IE_variable_IE":0.9976185253,"data_set_value_component_IE_variable_IEtot":1.0,"data_set_value_component_APC_variable_APC":0.588277229,"data_set_value_component_APC_variable_APCtot":1.0,"data_set_value_component_p_variable_p":1.021,"data_set_value_component_p_variable_R":1.0,"data_set_value_component_p_variable_s":0.021,"data_set_value_component_p_variable_q":1.0,"data_set_value_component_kinetic_parameters_variable_k2":0.2529164349,"data_set_value_component_kinetic_parameters_variable_k3":1.15,"data_set_value_component_kinetic_parameters_variable_kwee":1.3887654634,"data_set_value_component_kinetic_parameters_variable_kcdc25":0.2016341144,"data_set_value_component_kinetic_parameters_variable_V2":0.01,"data_set_value_component_kinetic_parameters_variable_V2_":0.6,"data_set_value_component_kinetic_parameters_variable_V25":0.04,"data_set_value_component_kinetic_parameters_variable_V25_":0.4,"data_set_value_component_kinetic_parameters_variable_Vwee":0.025,"data_set_value_component_kinetic_parameters_variable_Vwee_":2.5}]