[{"data_set_value_component_environment_variable_time":0.0,"data_set_value_component_Cdc13_Cdc2_variable_Cdc13_Cdc2":1.0,"data_set_value_component_Cdc13_Cdc2_variable_k1":0.03,"data_set_value_component_Cdc13_P_Cdc2_variable_Cdc13_P_Cdc2":0.0,"data_set_value_component_Rum1_Cdc13_Cdc2_variable_Rum1_Cdc13_Cdc2":0.0,"data_set_value_component_Rum1_variable_Rum1":0.0,"data_set_value_component_Rum1_variable_k3":0.15,"data_set_value_component_Cdc25P_variable_Cdc25P":0.0,"data_set_value_component_Cdc25P_variable_k25":0.5,"data_set_value_component_Cdc25P_variable_k25r":0.7,"data_set_value_component_Cdc25P_variable_k25r_":0.2,"data_set_value_component_Cdc25P_variable_J25":0.2,"data_set_value_component_Cdc25P_variable_J25r":0.2,"data_set_value_component_Wee1_variable_Wee1":0.0,"data_set_value_component_Wee1_variable_kw":0.5,"data_set_value_component_Wee1_variable_kwr":0.7,"data_set_value_component_Wee1_variable_kwr_":0.2,"data_set_value_component_Wee1_variable_Jw":0.2,"data_set_value_component_Wee1_variable_Jwr":0.2,"data_set_value_component_Mik1_variable_Mik1":0.0,"data_set_value_component_Mik1_variable_km":0.1,"data_set_value_component_Mik1_variable_kmr":0.5,"data_set_value_component_Mik1_variable_kmr_":0.0,"data_set_value_component_Mik1_variable_Jm":0.2,"data_set_value_component_Mik1_variable_Jmr":0.2,"data_set_value_component_AAE_total_variable_AAE_total":2.0,"data_set_value_component_AAE_total_variable_kas":0.25,"data_set_value_component_AAE_variable_AAE":2.0,"data_set_value_component_AAE_variable_kaa":0.001,"data_set_value_component_AAE_variable_kaa_":1.0,"data_set_value_component_AAE_variable_kai":0.25,"data_set_value_component_AAE_variable_kai_":0.25,"data_set_value_component_AAE_variable_kx":0.0,"data_set_value_component_AAE_variable_Jaa":0.1,"data_set_value_component_AAE_variable_Jai":0.1,"data_set_value_component_APC_variable_APC":0.0,"data_set_value_component_APC_variable_kapr":0.04,"data_set_value_component_APC_variable_kapr_":3.0,"data_set_value_component_APC_variable_kap":4.0,"data_set_value_component_APC_variable_Japr":0.01,"data_set_value_component_APC_variable_Jap":0.01,"data_set_value_component_mass_variable_mass":1.0,"data_set_value_component_mass_variable_mu":0.005776,"data_set_value_component_k2_variable_k2":0.03,"data_set_value_component_k2_variable_V2":0.03,"data_set_value_component_k2_variable_V2_":1.0,"data_set_value_component_k2c_variable_k2c":0.03,"data_set_value_component_k2c_variable_V2c":0.03,"data_set_value_component_k2c_variable_V2c_":0.16,"data_set_value_component_k4_variable_k4":20.41,"data_set_value_component_k4_variable_k4_":0.15,"data_set_value_component_k4_variable_k4__":20.0,"data_set_value_component_kcdc25_variable_kcdc25":0.01,"data_set_value_component_kcdc25_variable_V25":0.01,"data_set_value_component_kcdc25_variable_V25_":0.4,"data_set_value_component_kwee_variable_kwee":0.01002,"data_set_value_component_kwee_variable_Vwee":0.01,"data_set_value_component_kwee_variable_Vwee_":0.93,"data_set_value_component_kwee_variable_Vmik":0.002,"data_set_value_component_kwee_variable_Vmik_":0.2,"data_set_value_component_MPF_variable_MPF":1.0,"data_set_value_component_MPF_variable_alpha":0.1,"data_set_value_component_parameters_variable_ks":0.5,"data_set_value_component_parameters_variable_ki":200.0,"data_set_value_component_parameters_variable_kir":1.0,"data_set_value_component_parameters_variable_kad":0.1,"data_set_value_component_parameters_variable_Puc1":0.013},{"data_set_value_component_environment_variable_time":0.1,"data_set_value_component_Cdc13_Cdc2_variable_Cdc13_Cdc2":0.9806654148,"data_set_value_component_Cdc13_Cdc2_variable_k1":0.03,"data_set_value_component_Cdc13_P_Cdc2_variable_Cdc13_P_Cdc2":0.0013707097,"data_set_value_component_Rum1_Cdc13_Cdc2_variable_Rum1_Cdc13_Cdc2":0.0057310576,"data_set_value_component_Rum1_variable_Rum1":0.0007206545,"data_set_value_component_Rum1_variable_k3":0.15,"data_set_value_component_Cdc25P_variable_Cdc25P":0.0365631193,"data_set_value_component_Cdc25P_variable_k25":0.5,"data_set_value_component_Cdc25P_variable_k25r":0.2,"data_set_value_component_Cdc25P_variable_k25r_":0.2,"data_set_value_component_Cdc25P_variable_J25":0.2,"data_set_value_component_Cdc25P_variable_J25r":0.2,"data_set_value_component_Wee1_variable_Wee1":0.045329906,"data_set_value_component_Wee1_variable_kw":0.5,"data_set_value_component_Wee1_variable_kwr":0.2,"data_set_value_component_Wee1_variable_kwr_":0.2,"data_set_value_component_Wee1_variable_Jw":0.2,"data_set_value_component_Wee1_variable_Jwr":0.2,"data_set_value_component_Mik1_variable_Mik1":0.0334915225,"data_set_value_component_Mik1_variable_km":0.1,"data_set_value_component_Mik1_variable_kmr":0.0,"data_set_value_component_Mik1_variable_kmr_":0.0,"data_set_value_component_Mik1_variable_Jm":0.2,"data_set_value_component_Mik1_variable_Jmr":0.2,"data_set_value_component_AAE_total_variable_AAE_total":2.0047642866,"data_set_value_component_AAE_total_variable_kas":0.25,"data_set_value_component_AAE_variable_AAE":1.9714064562,"data_set_value_component_AAE_variable_kaa":0.001,"data_set_value_component_AAE_variable_kaa_":1.0,"data_set_value_component_AAE_variable_kai":0.25,"data_set_value_component_AAE_variable_kai_":0.25,"data_set_value_component_AAE_variable_kx":0.0,"data_set_value_component_AAE_variable_Jaa":0.1,"data_set_value_component_AAE_variable_Jai":0.1,"data_set_value_component_APC_variable_APC":0.2358393091,"data_set_value_component_APC_variable_kapr":0.04,"data_set_value_component_APC_variable_kapr_":3.0,"data_set_value_component_APC_variable_kap":4.0,"data_set_value_component_APC_variable_Japr":0.01,"data_set_value_component_APC_variable_Jap":0.01,"data_set_value_component_mass_variable_mass":1.0005777668,"data_set_value_component_mass_variable_mu":0.005776,"data_set_value_component_k2_variable_k2":0.2587641298,"data_set_value_component_k2_variable_V2":0.03,"data_set_value_component_k2_variable_V2_":1.0,"data_set_value_component_k2c_variable_k2c":0.0606591102,"data_set_value_component_k2c_variable_V2c":0.03,"data_set_value_component_k2c_variable_V2c_":0.16,"data_set_value_component_k4_variable_k4":20.0261999348,"data_set_value_component_k4_variable_k4_":0.15,"data_set_value_component_k4_variable_k4__":20.0,"data_set_value_component_kcdc25_variable_kcdc25":0.0242596165,"data_set_value_component_kcdc25_variable_V25":0.01,"data_set_value_component_kcdc25_variable_V25_":0.4,"data_set_value_component_kwee_variable_kwee":0.0166859037,"data_set_value_component_kwee_variable_Vwee":0.01,"data_set_value_component_kwee_variable_Vwee_":0.93,"data_set_value_component_kwee_variable_Vmik":0.002,"data_set_value_component_kwee_variable_Vmik_":0.2,"data_set_value_component_MPF_variable_MPF":0.9808024858,"data_set_value_component_MPF_variable_alpha":0.1,"data_set_value_component_parameters_variable_ks":0.0,"data_set_value_component_parameters_variable_ki":200.0,"data_set_value_component_parameters_variable_kir":1.0,"data_set_value_component_parameters_variable_kad":0.1,"data_set_value_component_parameters_variable_Puc1":0.013},{"data_set_value_component_environment_variable_time":0.2,"data_set_value_component_Cdc13_Cdc2_variable_Cdc13_Cdc2":0.9465415852,"data_set_value_component_Cdc13_Cdc2_variable_k1":0.03,"data_set_value_component_Cdc13_P_Cdc2_variable_Cdc13_P_Cdc2":0.002880967,"data_set_value_component_Rum1_Cdc13_Cdc2_variable_Rum1_Cdc13_Cdc2":0.0067309596,"data_set_value_component_Rum1_variable_Rum1":0.0007522225,"data_set_value_component_Rum1_variable_k3":0.15,"data_set_value_component_Cdc25P_variable_Cdc25P":0.0721275537,"data_set_value_component_Cdc25P_variable_k25":0.5,"data_set_value_component_Cdc25P_variable_k25r":0.2,"data_set_value_component_Cdc25P_variable_k25r_":0.2,"data_set_value_component_Cdc25P_variable_J25":0.2,"data_set_value_component_Cdc25P_variable_J25r":0.2,"data_set_value_component_Wee1_variable_Wee1":0.0523766119,"data_set_value_component_Wee1_variable_kw":0.5,"data_set_value_component_Wee1_variable_kwr":0.2,"data_set_value_component_Wee1_variable_kwr_":0.2,"data_set_value_component_Wee1_variable_Jw":0.2,"data_set_value_component_Wee1_variable_Jwr":0.2,"data_set_value_component_Mik1_variable_Mik1":0.0320832395,"data_set_value_component_Mik1_variable_km":0.1,"data_set_value_component_Mik1_variable_kmr":0.0,"data_set_value_component_Mik1_variable_kmr_":0.0,"data_set_value_component_Mik1_variable_Jm":0.2,"data_set_value_component_Mik1_variable_Jmr":0.2,"data_set_value_component_AAE_total_variable_AAE_total":2.0088251189,"data_set_value_component_AAE_total_variable_kas":0.25,"data_set_value_component_AAE_variable_AAE":1.9570535196,"data_set_value_component_AAE_variable_kaa":0.001,"data_set_value_component_AAE_variable_kaa_":1.0,"data_set_value_component_AAE_variable_kai":0.25,"data_set_value_component_AAE_variable_kai_":0.25,"data_set_value_component_AAE_variable_kx":0.0,"data_set_value_component_AAE_variable_Jaa":0.1,"data_set_value_component_AAE_variable_Jai":0.1,"data_set_value_component_APC_variable_APC":0.4403396236,"data_set_value_component_APC_variable_kapr":0.04,"data_set_value_component_APC_variable_kapr_":3.0,"data_set_value_component_APC_variable_kap":4.0,"data_set_value_component_APC_variable_Japr":0.01,"data_set_value_component_APC_variable_Jap":0.01,"data_set_value_component_mass_variable_mass":1.0011558675,"data_set_value_component_mass_variable_mu":0.005776,"data_set_value_component_k2_variable_k2":0.4571294349,"data_set_value_component_k2_variable_V2":0.03,"data_set_value_component_k2_variable_V2_":1.0,"data_set_value_component_k2c_variable_k2c":0.0872441511,"data_set_value_component_k2c_variable_V2c":0.03,"data_set_value_component_k2c_variable_V2c_":0.16,"data_set_value_component_k4_variable_k4":19.3468941633,"data_set_value_component_k4_variable_k4_":0.15,"data_set_value_component_k4_variable_k4__":20.0,"data_set_value_component_kcdc25_variable_kcdc25":0.038129746,"data_set_value_component_kcdc25_variable_V25":0.01,"data_set_value_component_kcdc25_variable_V25_":0.4,"data_set_value_component_kwee_variable_kwee":0.0163993426,"data_set_value_component_kwee_variable_Vwee":0.01,"data_set_value_component_kwee_variable_Vwee_":0.93,"data_set_value_component_kwee_variable_Vmik":0.002,"data_set_value_component_kwee_variable_Vmik_":0.2,"data_set_value_component_MPF_variable_MPF":0.9468296819,"data_set_value_component_MPF_variable_alpha":0.1,"data_set_value_component_parameters_variable_ks":0.0,"data_set_value_component_parameters_variable_ki":200.0,"data_set_value_component_parameters_variable_kir":1.0,"data_set_value_component_parameters_variable_kad":0.1,"data_set_value_component_parameters_variable_Puc1":0.013},{"data_set_value_component_environment_variable_time":0.3,"data_set_value_component_Cdc13_Cdc2_variable_Cdc13_Cdc2":0.8961954964,"data_set_value_component_Cdc13_Cdc2_variable_k1":0.03,"data_set_value_component_Cdc13_P_Cdc2_variable_Cdc13_P_Cdc2":0.0041655715,"data_set_value_component_Rum1_Cdc13_Cdc2_variable_Rum1_Cdc13_Cdc2":0.0071359105,"data_set_value_component_Rum1_variable_Rum1":0.000796711,"data_set_value_component_Rum1_variable_k3":0.15,"data_set_value_component_Cdc25P_variable_Cdc25P":0.1038645585,"data_set_value_component_Cdc25P_variable_k25":0.5,"data_set_value_component_Cdc25P_variable_k25r":0.2,"data_set_value_component_Cdc25P_variable_k25r_":0.2,"data_set_value_component_Cdc25P_variable_J25":0.2,"data_set_value_component_Cdc25P_variable_J25r":0.2,"data_set_value_component_Wee1_variable_Wee1":0.058842145,"data_set_value_component_Wee1_variable_kw":0.5,"data_set_value_component_Wee1_variable_kwr":0.2,"data_set_value_component_Wee1_variable_kwr_":0.2,"data_set_value_component_Wee1_variable_Jw":0.2,"data_set_value_component_Wee1_variable_Jwr":0.2,"data_set_value_component_Mik1_variable_Mik1":0.0307262865,"data_set_value_component_Mik1_variable_km":0.1,"data_set_value_component_Mik1_variable_kmr":0.0,"data_set_value_component_Mik1_variable_kmr_":0.0,"data_set_value_component_Mik1_variable_Jm":0.2,"data_set_value_component_Mik1_variable_Jmr":0.2,"data_set_value_component_AAE_total_variable_AAE_total":2.0117967786,"data_set_value_component_AAE_total_variable_kas":0.25,"data_set_value_component_AAE_variable_AAE":1.9477174878,"data_set_value_component_AAE_variable_kaa":0.001,"data_set_value_component_AAE_variable_kaa_":1.0,"data_set_value_component_AAE_variable_kai":0.25,"data_set_value_component_AAE_variable_kai_":0.25,"data_set_value_component_AAE_variable_kx":0.0,"data_set_value_component_AAE_variable_Jaa":0.1,"data_set_value_component_AAE_variable_Jai":0.1,"data_set_value_component_APC_variable_APC":0.6495367762,"data_set_value_component_APC_variable_kapr":0.04,"data_set_value_component_APC_variable_kapr_":3.0,"data_set_value_component_APC_variable_kap":4.0,"data_set_value_component_APC_variable_Japr":0.01,"data_set_value_component_APC_variable_Jap":0.01,"data_set_value_component_mass_variable_mass":1.0017343022,"data_set_value_component_mass_variable_mu":0.005776,"data_set_value_component_k2_variable_k2":0.6600506729,"data_set_value_component_k2_variable_V2":0.03,"data_set_value_component_k2_variable_V2_":1.0,"data_set_value_component_k2c_variable_k2c":0.1144397809,"data_set_value_component_k2c_variable_V2c":0.03,"data_set_value_component_k2c_variable_V2c_":0.16,"data_set_value_component_k4_variable_k4":18.3426919895,"data_set_value_component_k4_variable_k4_":0.15,"data_set_value_component_k4_variable_k4__":20.0,"data_set_value_component_kcdc25_variable_kcdc25":0.0505071778,"data_set_value_component_kcdc25_variable_V25":0.01,"data_set_value_component_kcdc25_variable_V25_":0.4,"data_set_value_component_kwee_variable_kwee":0.0161234533,"data_set_value_component_kwee_variable_Vwee":0.01,"data_set_value_component_kwee_variable_Vwee_":0.93,"data_set_value_component_kwee_variable_Vmik":0.002,"data_set_value_component_kwee_variable_Vmik_":0.2,"data_set_value_component_MPF_variable_MPF":0.8966120535,"data_set_value_component_MPF_variable_alpha":0.1,"data_set_value_component_parameters_variable_ks":0.0,"data_set_value_component_parameters_variable_ki":200.0,"data_set_value_component_parameters_variable_kir":1.0,"data_set_value_component_parameters_variable_kad":0.1,"data_set_value_component_parameters_variable_Puc1":0.013},{"data_set_value_component_environment_variable_time":0.4,"data_set_value_component_Cdc13_Cdc2_variable_Cdc13_Cdc2":0.8312841439,"data_set_value_component_Cdc13_Cdc2_variable_k1":0.03,"data_set_value_component_Cdc13_P_Cdc2_variable_Cdc13_P_Cdc2":0.0051618545,"data_set_value_component_Rum1_Cdc13_Cdc2_variable_Rum1_Cdc13_Cdc2":0.0075875399,"data_set_value_component_Rum1_variable_Rum1":0.0008614283,"data_set_value_component_Rum1_variable_k3":0.15,"data_set_value_component_Cdc25P_variable_Cdc25P":0.1317145209,"data_set_value_component_Cdc25P_variable_k25":0.5,"data_set_value_component_Cdc25P_variable_k25r":0.2,"data_set_value_component_Cdc25P_variable_k25r_":0.2,"data_set_value_component_Cdc25P_variable_J25":0.2,"data_set_value_component_Cdc25P_variable_J25r":0.2,"data_set_value_component_Wee1_variable_Wee1":0.065098721,"data_set_value_component_Wee1_variable_kw":0.5,"data_set_value_component_Wee1_variable_kwr":0.2,"data_set_value_component_Wee1_variable_kwr_":0.2,"data_set_value_component_Wee1_variable_Jw":0.2,"data_set_value_component_Wee1_variable_Jwr":0.2,"data_set_value_component_Mik1_variable_Mik1":0.0294193651,"data_set_value_component_Mik1_variable_km":0.1,"data_set_value_component_Mik1_variable_kmr":0.0,"data_set_value_component_Mik1_variable_kmr_":0.0,"data_set_value_component_Mik1_variable_Jm":0.2,"data_set_value_component_Mik1_variable_Jmr":0.2,"data_set_value_component_AAE_total_variable_AAE_total":2.0133025736,"data_set_value_component_AAE_total_variable_kas":0.25,"data_set_value_component_AAE_variable_AAE":1.9398237809,"data_set_value_component_AAE_variable_kaa":0.001,"data_set_value_component_AAE_variable_kaa_":1.0,"data_set_value_component_AAE_variable_kai":0.25,"data_set_value_component_AAE_variable_kai_":0.25,"data_set_value_component_AAE_variable_kx":0.0,"data_set_value_component_AAE_variable_Jaa":0.1,"data_set_value_component_AAE_variable_Jai":0.1,"data_set_value_component_APC_variable_APC":0.8651113018,"data_set_value_component_APC_variable_kapr":0.04,"data_set_value_component_APC_variable_kapr_":3.0,"data_set_value_component_APC_variable_kap":4.0,"data_set_value_component_APC_variable_Japr":0.01,"data_set_value_component_APC_variable_Jap":0.01,"data_set_value_component_mass_variable_mass":1.002313071,"data_set_value_component_mass_variable_mu":0.005776,"data_set_value_component_k2_variable_k2":0.8691579628,"data_set_value_component_k2_variable_V2":0.03,"data_set_value_component_k2_variable_V2_":1.0,"data_set_value_component_k2c_variable_k2c":0.1424644692,"data_set_value_component_k2c_variable_V2c":0.03,"data_set_value_component_k2c_variable_V2c_":0.16,"data_set_value_component_k4_variable_k4":17.0466079864,"data_set_value_component_k4_variable_k4_":0.15,"data_set_value_component_k4_variable_k4__":20.0,"data_set_value_component_kcdc25_variable_kcdc25":0.0613686631,"data_set_value_component_kcdc25_variable_V25":0.01,"data_set_value_component_kcdc25_variable_V25_":0.4,"data_set_value_component_kwee_variable_kwee":0.0158577155,"data_set_value_component_kwee_variable_Vwee":0.01,"data_set_value_component_kwee_variable_Vwee_":0.93,"data_set_value_component_kwee_variable_Vmik":0.002,"data_set_value_component_kwee_variable_Vmik_":0.2,"data_set_value_component_MPF_variable_MPF":0.8318003294,"data_set_value_component_MPF_variable_alpha":0.1,"data_set_value_component_parameters_variable_ks":0.0,"data_set_value_component_parameters_variable_ki":200.0,"data_set_value_component_parameters_variable_kir":1.0,"data_set_value_component_parameters_variable_kad":0.1,"data_set_value_component_parameters_variable_Puc1":0.013},{"data_set_value_component_environment_variable_time":0.5,"data_set_value_component_Cdc13_Cdc2_variable_Cdc13_Cdc2":0.7569952211,"data_set_value_component_Cdc13_Cdc2_variable_k1":0.03,"data_set_value_component_Cdc13_P_Cdc2_variable_Cdc13_P_Cdc2":0.005849097,"data_set_value_component_Rum1_Cdc13_Cdc2_variable_Rum1_Cdc13_Cdc2":0.0081900775,"data_set_value_component_Rum1_variable_Rum1":0.0009494655,"data_set_value_component_Rum1_variable_k3":0.15,"data_set_value_component_Cdc25P_variable_Cdc25P":0.1555682957,"data_set_value_component_Cdc25P_variable_k25":0.5,"data_set_value_component_Cdc25P_variable_k25r":0.2,"data_set_value_component_Cdc25P_variable_k25r_":0.2,"data_set_value_component_Cdc25P_variable_J25":0.2,"data_set_value_component_Cdc25P_variable_J25r":0.2,"data_set_value_component_Wee1_variable_Wee1":0.0714574945,"data_set_value_component_Wee1_variable_kw":0.5,"data_set_value_component_Wee1_variable_kwr":0.2,"data_set_value_component_Wee1_variable_kwr_":0.2,"data_set_value_component_Wee1_variable_Jw":0.2,"data_set_value_component_Wee1_variable_Jwr":0.2,"data_set_value_component_Mik1_variable_Mik1":0.0281611707,"data_set_value_component_Mik1_variable_km":0.1,"data_set_value_component_Mik1_variable_kmr":0.0,"data_set_value_component_Mik1_variable_kmr_":0.0,"data_set_value_component_Mik1_variable_Jm":0.2,"data_set_value_component_Mik1_variable_Jmr":0.2,"data_set_value_component_AAE_total_variable_AAE_total":2.0130427949,"data_set_value_component_AAE_total_variable_kas":0.25,"data_set_value_component_AAE_variable_AAE":1.9314479411,"data_set_value_component_AAE_variable_kaa":0.001,"data_set_value_component_AAE_variable_kaa_":1.0,"data_set_value_component_AAE_variable_kai":0.25,"data_set_value_component_AAE_variable_kai_":0.25,"data_set_value_component_AAE_variable_kx":0.0,"data_set_value_component_AAE_variable_Jaa":0.1,"data_set_value_component_AAE_variable_Jai":0.1,"data_set_value_component_APC_variable_APC":0.9886781721,"data_set_value_component_APC_variable_kapr":0.04,"data_set_value_component_APC_variable_kapr_":3.0,"data_set_value_component_APC_variable_kap":4.0,"data_set_value_component_APC_variable_Japr":0.01,"data_set_value_component_APC_variable_Jap":0.01,"data_set_value_component_mass_variable_mass":1.0028921743,"data_set_value_component_mass_variable_mu":0.005776,"data_set_value_component_k2_variable_k2":0.9890178269,"data_set_value_component_k2_variable_V2":0.03,"data_set_value_component_k2_variable_V2_":1.0,"data_set_value_component_k2c_variable_k2c":0.1585281624,"data_set_value_component_k2c_variable_V2c":0.03,"data_set_value_component_k2c_variable_V2c_":0.16,"data_set_value_component_k4_variable_k4":15.562354581,"data_set_value_component_k4_variable_k4_":0.15,"data_set_value_component_k4_variable_k4__":20.0,"data_set_value_component_kcdc25_variable_kcdc25":0.0706716353,"data_set_value_component_kcdc25_variable_V25":0.01,"data_set_value_component_kcdc25_variable_V25_":0.4,"data_set_value_component_kwee_variable_kwee":0.0156016507,"data_set_value_component_kwee_variable_Vwee":0.01,"data_set_value_component_kwee_variable_Vwee_":0.93,"data_set_value_component_kwee_variable_Vmik":0.002,"data_set_value_component_kwee_variable_Vmik_":0.2,"data_set_value_component_MPF_variable_MPF":0.7575801308,"data_set_value_component_MPF_variable_alpha":0.1,"data_set_value_component_parameters_variable_ks":0.0,"data_set_value_component_parameters_variable_ki":200.0,"data_set_value_component_parameters_variable_kir":1.0,"data_set_value_component_parameters_variable_kad":0.1,"data_set_value_component_parameters_variable_Puc1":0.013},{"data_set_value_component_environment_variable_time":0.6,"data_set_value_component_Cdc13_Cdc2_variable_Cdc13_Cdc2":0.6866534182,"data_set_value_component_Cdc13_Cdc2_variable_k1":0.03,"data_set_value_component_Cdc13_P_Cdc2_variable_Cdc13_P_Cdc2":0.0063162,"data_set_value_component_Rum1_Cdc13_Cdc2_variable_Rum1_Cdc13_Cdc2":0.008921598,"data_set_value_component_Rum1_variable_Rum1":0.001051337,"data_set_value_component_Rum1_variable_k3":0.15,"data_set_value_component_Cdc25P_variable_Cdc25P":0.1756167666,"data_set_value_component_Cdc25P_variable_k25":0.5,"data_set_value_component_Cdc25P_variable_k25r":0.2,"data_set_value_component_Cdc25P_variable_k25r_":0.2,"data_set_value_component_Cdc25P_variable_J25":0.2,"data_set_value_component_Cdc25P_variable_J25r":0.2,"data_set_value_component_Wee1_variable_Wee1":0.0780895945,"data_set_value_component_Wee1_variable_kw":0.5,"data_set_value_component_Wee1_variable_kwr":0.2,"data_set_value_component_Wee1_variable_kwr_":0.2,"data_set_value_component_Wee1_variable_Jw":0.2,"data_set_value_component_Wee1_variable_Jwr":0.2,"data_set_value_component_Mik1_variable_Mik1":0.0269503957,"data_set_value_component_Mik1_variable_km":0.1,"data_set_value_component_Mik1_variable_kmr":0.0,"data_set_value_component_Mik1_variable_kmr_":0.0,"data_set_value_component_Mik1_variable_Jm":0.2,"data_set_value_component_Mik1_variable_Jmr":0.2,"data_set_value_component_AAE_total_variable_AAE_total":2.010967857,"data_set_value_component_AAE_total_variable_kas":0.25,"data_set_value_component_AAE_variable_AAE":1.9217027976,"data_set_value_component_AAE_variable_kaa":0.001,"data_set_value_component_AAE_variable_kaa_":1.0,"data_set_value_component_AAE_variable_kai":0.25,"data_set_value_component_AAE_variable_kai_":0.25,"data_set_value_component_AAE_variable_kx":0.0,"data_set_value_component_AAE_variable_Jaa":0.1,"data_set_value_component_AAE_variable_Jai":0.1,"data_set_value_component_APC_variable_APC":0.9907489991,"data_set_value_component_APC_variable_kapr":0.04,"data_set_value_component_APC_variable_kapr_":3.0,"data_set_value_component_APC_variable_kap":4.0,"data_set_value_component_APC_variable_Japr":0.01,"data_set_value_component_APC_variable_Jap":0.01,"data_set_value_component_mass_variable_mass":1.0034716121,"data_set_value_component_mass_variable_mu":0.005776,"data_set_value_component_k2_variable_k2":0.9910265291,"data_set_value_component_k2_variable_V2":0.03,"data_set_value_component_k2_variable_V2_":1.0,"data_set_value_component_k2c_variable_k2c":0.1587973699,"data_set_value_component_k2c_variable_V2c":0.03,"data_set_value_component_k2c_variable_V2c_":0.16,"data_set_value_component_k4_variable_k4":14.1566033833,"data_set_value_component_k4_variable_k4_":0.15,"data_set_value_component_k4_variable_k4__":20.0,"data_set_value_component_kcdc25_variable_kcdc25":0.078490539,"data_set_value_component_kcdc25_variable_V25":0.01,"data_set_value_component_kcdc25_variable_V25_":0.4,"data_set_value_component_kwee_variable_kwee":0.0153548774,"data_set_value_component_kwee_variable_Vwee":0.01,"data_set_value_component_kwee_variable_Vwee_":0.93,"data_set_value_component_kwee_variable_Vmik":0.002,"data_set_value_component_kwee_variable_Vmik_":0.2,"data_set_value_component_MPF_variable_MPF":0.6872850382,"data_set_value_component_MPF_variable_alpha":0.1,"data_set_value_component_parameters_variable_ks":0.0,"data_set_value_component_parameters_variable_ki":200.0,"data_set_value_component_parameters_variable_kir":1.0,"data_set_value_component_parameters_variable_kad":0.1,"data_set_value_component_parameters_variable_Puc1":0.013},{"data_set_value_component_environment_variable_time":0.7,"data_set_value_component_Cdc13_Cdc2_variable_Cdc13_Cdc2":0.6228790348,"data_set_value_component_Cdc13_Cdc2_variable_k1":0.03,"data_set_value_component_Cdc13_P_Cdc2_variable_Cdc13_P_Cdc2":0.0066174429,"data_set_value_component_Rum1_Cdc13_Cdc2_variable_Rum1_Cdc13_Cdc2":0.0097315173,"data_set_value_component_Rum1_variable_Rum1":0.0011646153,"data_set_value_component_Rum1_variable_k3":0.15,"data_set_value_component_Cdc25P_variable_Cdc25P":0.1923268328,"data_set_value_component_Cdc25P_variable_k25":0.5,"data_set_value_component_Cdc25P_variable_k25r":0.2,"data_set_value_component_Cdc25P_variable_k25r_":0.2,"data_set_value_component_Cdc25P_variable_J25":0.2,"data_set_value_component_Cdc25P_variable_J25r":0.2,"data_set_value_component_Wee1_variable_Wee1":0.0850359242,"data_set_value_component_Wee1_variable_kw":0.5,"data_set_value_component_Wee1_variable_kwr":0.2,"data_set_value_component_Wee1_variable_kwr_":0.2,"data_set_value_component_Wee1_variable_Jw":0.2,"data_set_value_component_Wee1_variable_Jwr":0.2,"data_set_value_component_Mik1_variable_Mik1":0.0257857316,"data_set_value_component_Mik1_variable_km":0.1,"data_set_value_component_Mik1_variable_kmr":0.0,"data_set_value_component_Mik1_variable_kmr_":0.0,"data_set_value_component_Mik1_variable_Jm":0.2,"data_set_value_component_Mik1_variable_Jmr":0.2,"data_set_value_component_AAE_total_variable_AAE_total":2.00724777,"data_set_value_component_AAE_total_variable_kas":0.25,"data_set_value_component_AAE_variable_AAE":1.9103816291,"data_set_value_component_AAE_variable_kaa":0.001,"data_set_value_component_AAE_variable_kaa_":1.0,"data_set_value_component_AAE_variable_kai":0.25,"data_set_value_component_AAE_variable_kai_":0.25,"data_set_value_component_AAE_variable_kx":0.0,"data_set_value_component_AAE_variable_Jaa":0.1,"data_set_value_component_AAE_variable_Jai":0.1,"data_set_value_component_APC_variable_APC":0.9921752635,"data_set_value_component_APC_variable_kapr":0.04,"data_set_value_component_APC_variable_kapr_":3.0,"data_set_value_component_APC_variable_kap":4.0,"data_set_value_component_APC_variable_Japr":0.01,"data_set_value_component_APC_variable_Jap":0.01,"data_set_value_component_mass_variable_mass":1.0040513848,"data_set_value_component_mass_variable_mu":0.005776,"data_set_value_component_k2_variable_k2":0.9924100056,"data_set_value_component_k2_variable_V2":0.03,"data_set_value_component_k2_variable_V2_":1.0,"data_set_value_component_k2c_variable_k2c":0.1589827843,"data_set_value_component_k2c_variable_V2c":0.03,"data_set_value_component_k2c_variable_V2c_":0.16,"data_set_value_component_k4_variable_k4":12.8818689421,"data_set_value_component_k4_variable_k4_":0.15,"data_set_value_component_k4_variable_k4__":20.0,"data_set_value_component_kcdc25_variable_kcdc25":0.0850074648,"data_set_value_component_kcdc25_variable_V25":0.01,"data_set_value_component_kcdc25_variable_V25_":0.4,"data_set_value_component_kwee_variable_kwee":0.0151171055,"data_set_value_component_kwee_variable_Vwee":0.01,"data_set_value_component_kwee_variable_Vwee_":0.93,"data_set_value_component_kwee_variable_Vmik":0.002,"data_set_value_component_kwee_variable_Vmik_":0.2,"data_set_value_component_MPF_variable_MPF":0.6235407791,"data_set_value_component_MPF_variable_alpha":0.1,"data_set_value_component_parameters_variable_ks":0.0,"data_set_value_component_parameters_variable_ki":200.0,"data_set_value_component_parameters_variable_kir":1.0,"data_set_value_component_parameters_variable_kad":0.1,"data_set_value_component_parameters_variable_Puc1":0.013},{"data_set_value_component_environment_variable_time":0.8,"data_set_value_component_Cdc13_Cdc2_variable_Cdc13_Cdc2":0.5650873289,"data_set_value_component_Cdc13_Cdc2_variable_k1":0.03,"data_set_value_component_Cdc13_P_Cdc2_variable_Cdc13_P_Cdc2":0.006782701,"data_set_value_component_Rum1_Cdc13_Cdc2_variable_Rum1_Cdc13_Cdc2":0.010609898,"data_set_value_component_Rum1_variable_Rum1":0.0012904274,"data_set_value_component_Rum1_variable_k3":0.15,"data_set_value_component_Cdc25P_variable_Cdc25P":0.2061126681,"data_set_value_component_Cdc25P_variable_k25":0.5,"data_set_value_component_Cdc25P_variable_k25r":0.2,"data_set_value_component_Cdc25P_variable_k25r_":0.2,"data_set_value_component_Cdc25P_variable_J25":0.2,"data_set_value_component_Cdc25P_variable_J25r":0.2,"data_set_value_component_Wee1_variable_Wee1":0.0923179151,"data_set_value_component_Wee1_variable_kw":0.5,"data_set_value_component_Wee1_variable_kwr":0.2,"data_set_value_component_Wee1_variable_kwr_":0.2,"data_set_value_component_Wee1_variable_Jw":0.2,"data_set_value_component_Wee1_variable_Jwr":0.2,"data_set_value_component_Mik1_variable_Mik1":0.0246658722,"data_set_value_component_Mik1_variable_km":0.1,"data_set_value_component_Mik1_variable_kmr":0.0,"data_set_value_component_Mik1_variable_kmr_":0.0,"data_set_value_component_Mik1_variable_Jm":0.2,"data_set_value_component_Mik1_variable_Jmr":0.2,"data_set_value_component_AAE_total_variable_AAE_total":2.0020545814,"data_set_value_component_AAE_total_variable_kas":0.25,"data_set_value_component_AAE_variable_AAE":1.8974415635,"data_set_value_component_AAE_variable_kaa":0.001,"data_set_value_component_AAE_variable_kaa_":1.0,"data_set_value_component_AAE_variable_kai":0.25,"data_set_value_component_AAE_variable_kai_":0.25,"data_set_value_component_AAE_variable_kx":0.0,"data_set_value_component_AAE_variable_Jaa":0.1,"data_set_value_component_AAE_variable_Jai":0.1,"data_set_value_component_APC_variable_APC":0.9932880182,"data_set_value_component_APC_variable_kapr":0.04,"data_set_value_component_APC_variable_kapr_":3.0,"data_set_value_component_APC_variable_kap":4.0,"data_set_value_component_APC_variable_Japr":0.01,"data_set_value_component_APC_variable_Jap":0.01,"data_set_value_component_mass_variable_mass":1.0046314924,"data_set_value_component_mass_variable_mu":0.005776,"data_set_value_component_k2_variable_k2":0.9934893776,"data_set_value_component_k2_variable_V2":0.03,"data_set_value_component_k2_variable_V2_":1.0,"data_set_value_component_k2c_variable_k2c":0.1591274424,"data_set_value_component_k2c_variable_V2c":0.03,"data_set_value_component_k2c_variable_V2c_":0.16,"data_set_value_component_k4_variable_k4":11.7265161675,"data_set_value_component_k4_variable_k4_":0.15,"data_set_value_component_k4_variable_k4__":20.0,"data_set_value_component_kcdc25_variable_kcdc25":0.0903839406,"data_set_value_component_kcdc25_variable_V25":0.01,"data_set_value_component_kcdc25_variable_V25_":0.4,"data_set_value_component_kwee_variable_kwee":0.0148880586,"data_set_value_component_kwee_variable_Vwee":0.01,"data_set_value_component_kwee_variable_Vwee_":0.93,"data_set_value_component_kwee_variable_Vmik":0.002,"data_set_value_component_kwee_variable_Vmik_":0.2,"data_set_value_component_MPF_variable_MPF":0.565765599,"data_set_value_component_MPF_variable_alpha":0.1,"data_set_value_component_parameters_variable_ks":0.0,"data_set_value_component_parameters_variable_ki":200.0,"data_set_value_component_parameters_variable_kir":1.0,"data_set_value_component_parameters_variable_kad":0.1,"data_set_value_component_parameters_variable_Puc1":0.013},{"data_set_value_component_environment_variable_time":0.9,"data_set_value_component_Cdc13_Cdc2_variable_Cdc13_Cdc2":0.5127249561,"data_set_value_component_Cdc13_Cdc2_variable_k1":0.03,"data_set_value_component_Cdc13_P_Cdc2_variable_Cdc13_P_Cdc2":0.006837627,"data_set_value_component_Rum1_Cdc13_Cdc2_variable_Rum1_Cdc13_Cdc2":0.0115573513,"data_set_value_component_Rum1_variable_Rum1":0.0014301341,"data_set_value_component_Rum1_variable_k3":0.15,"data_set_value_component_Cdc25P_variable_Cdc25P":0.2173255821,"data_set_value_component_Cdc25P_variable_k25":0.5,"data_set_value_component_Cdc25P_variable_k25r":0.2,"data_set_value_component_Cdc25P_variable_k25r_":0.2,"data_set_value_component_Cdc25P_variable_J25":0.2,"data_set_value_component_Cdc25P_variable_J25r":0.2,"data_set_value_component_Wee1_variable_Wee1":0.0999496702,"data_set_value_component_Wee1_variable_kw":0.5,"data_set_value_component_Wee1_variable_kwr":0.2,"data_set_value_component_Wee1_variable_kwr_":0.2,"data_set_value_component_Wee1_variable_Jw":0.2,"data_set_value_component_Wee1_variable_Jwr":0.2,"data_set_value_component_Mik1_variable_Mik1":0.0235895161,"data_set_value_component_Mik1_variable_km":0.1,"data_set_value_component_Mik1_variable_kmr":0.0,"data_set_value_component_Mik1_variable_kmr_":0.0,"data_set_value_component_Mik1_variable_Jm":0.2,"data_set_value_component_Mik1_variable_Jmr":0.2,"data_set_value_component_AAE_total_variable_AAE_total":1.9955444868,"data_set_value_component_AAE_total_variable_kas":0.25,"data_set_value_component_AAE_variable_AAE":1.8829045788,"data_set_value_component_AAE_variable_kaa":0.001,"data_set_value_component_AAE_variable_kaa_":1.0,"data_set_value_component_AAE_variable_kai":0.25,"data_set_value_component_AAE_variable_kai_":0.25,"data_set_value_component_AAE_variable_kx":0.0,"data_set_value_component_AAE_variable_Jaa":0.1,"data_set_value_component_AAE_variable_Jai":0.1,"data_set_value_component_APC_variable_APC":0.9941795999,"data_set_value_component_APC_variable_kapr":0.04,"data_set_value_component_APC_variable_kapr_":3.0,"data_set_value_component_APC_variable_kap":4.0,"data_set_value_component_APC_variable_Japr":0.01,"data_set_value_component_APC_variable_Jap":0.01,"data_set_value_component_mass_variable_mass":1.0052119351,"data_set_value_component_mass_variable_mu":0.005776,"data_set_value_component_k2_variable_k2":0.9943542119,"data_set_value_component_k2_variable_V2":0.03,"data_set_value_component_k2_variable_V2_":1.0,"data_set_value_component_k2c_variable_k2c":0.159243348,"data_set_value_component_k2c_variable_V2c":0.03,"data_set_value_component_k2c_variable_V2c_":0.16,"data_set_value_component_k4_variable_k4":10.6795294784,"data_set_value_component_k4_variable_k4_":0.15,"data_set_value_component_k4_variable_k4__":20.0,"data_set_value_component_kcdc25_variable_kcdc25":0.094756977,"data_set_value_component_kcdc25_variable_V25":0.01,"data_set_value_component_kcdc25_variable_V25_":0.4,"data_set_value_component_kwee_variable_kwee":0.0146674667,"data_set_value_component_kwee_variable_Vwee":0.01,"data_set_value_component_kwee_variable_Vwee_":0.93,"data_set_value_component_kwee_variable_Vmik":0.002,"data_set_value_component_kwee_variable_Vmik_":0.2,"data_set_value_component_MPF_variable_MPF":0.5134087188,"data_set_value_component_MPF_variable_alpha":0.1,"data_set_value_component_parameters_variable_ks":0.0,"data_set_value_component_parameters_variable_ki":200.0,"data_set_value_component_parameters_variable_kir":1.0,"data_set_value_component_parameters_variable_kad":0.1,"data_set_value_component_parameters_variable_Puc1":0.013},{"data_set_value_component_environment_variable_time":1.0,"data_set_value_component_Cdc13_Cdc2_variable_Cdc13_Cdc2":0.4652816013,"data_set_value_component_Cdc13_Cdc2_variable_k1":0.03,"data_set_value_component_Cdc13_P_Cdc2_variable_Cdc13_P_Cdc2":0.0068040966,"data_set_value_component_Rum1_Cdc13_Cdc2_variable_Rum1_Cdc13_Cdc2":0.0125765393,"data_set_value_component_Rum1_variable_Rum1":0.0015852793,"data_set_value_component_Rum1_variable_k3":0.15,"data_set_value_component_Cdc25P_variable_Cdc25P":0.2262674545,"data_set_value_component_Cdc25P_variable_k25":0.5,"data_set_value_component_Cdc25P_variable_k25r":0.2,"data_set_value_component_Cdc25P_variable_k25r_":0.2,"data_set_value_component_Cdc25P_variable_J25":0.2,"data_set_value_component_Cdc25P_variable_J25r":0.2,"data_set_value_component_Wee1_variable_Wee1":0.1079396366,"data_set_value_component_Wee1_variable_kw":0.5,"data_set_value_component_Wee1_variable_kwr":0.2,"data_set_value_component_Wee1_variable_kwr_":0.2,"data_set_value_component_Wee1_variable_Jw":0.2,"data_set_value_component_Wee1_variable_Jwr":0.2,"data_set_value_component_Mik1_variable_Mik1":0.0225553687,"data_set_value_component_Mik1_variable_km":0.1,"data_set_value_component_Mik1_variable_kmr":0.0,"data_set_value_component_Mik1_variable_kmr_":0.0,"data_set_value_component_Mik1_variable_Jm":0.2,"data_set_value_component_Mik1_variable_Jmr":0.2,"data_set_value_component_AAE_total_variable_AAE_total":1.9878589538,"data_set_value_component_AAE_total_variable_kas":0.25,"data_set_value_component_AAE_variable_AAE":1.8668254376,"data_set_value_component_AAE_variable_kaa":0.001,"data_set_value_component_AAE_variable_kaa_":1.0,"data_set_value_component_AAE_variable_kai":0.25,"data_set_value_component_AAE_variable_kai_":0.25,"data_set_value_component_AAE_variable_kx":0.0,"data_set_value_component_AAE_variable_Jaa":0.1,"data_set_value_component_AAE_variable_Jai":0.1,"data_set_value_component_APC_variable_APC":0.9949059238,"data_set_value_component_APC_variable_kapr":0.04,"data_set_value_component_APC_variable_kapr_":3.0,"data_set_value_component_APC_variable_kap":4.0,"data_set_value_component_APC_variable_Japr":0.01,"data_set_value_component_APC_variable_Jap":0.01,"data_set_value_component_mass_variable_mass":1.0057927133,"data_set_value_component_mass_variable_mu":0.005776,"data_set_value_component_k2_variable_k2":0.9950587461,"data_set_value_component_k2_variable_V2":0.03,"data_set_value_component_k2_variable_V2_":1.0,"data_set_value_component_k2c_variable_k2c":0.1593377701,"data_set_value_component_k2c_variable_V2c":0.03,"data_set_value_component_k2c_variable_V2c_":0.16,"data_set_value_component_k4_variable_k4":9.7307463245,"data_set_value_component_k4_variable_k4_":0.15,"data_set_value_component_k4_variable_k4__":20.0,"data_set_value_component_kcdc25_variable_kcdc25":0.0982443073,"data_set_value_component_kcdc25_variable_V25":0.01,"data_set_value_component_kcdc25_variable_V25_":0.4,"data_set_value_component_kwee_variable_kwee":0.0144550649,"data_set_value_component_kwee_variable_Vwee":0.01,"data_set_value_component_kwee_variable_Vwee_":0.93,"data_set_value_component_kwee_variable_Vmik":0.002,"data_set_value_component_kwee_variable_Vmik_":0.2,"data_set_value_component_MPF_variable_MPF":0.465962011,"data_set_value_component_MPF_variable_alpha":0.1,"data_set_value_component_parameters_variable_ks":0.0,"data_set_value_component_parameters_variable_ki":200.0,"data_set_value_component_parameters_variable_kir":1.0,"data_set_value_component_parameters_variable_kad":0.1,"data_set_value_component_parameters_variable_Puc1":0.013}]