<?xml version='1.0' encoding='utf-8'?>
<RDF:RDF xmlns:NS2="http://www.cellml.org/metadata/graphs/1.0#" xmlns:NS1="http://www.cellml.org/tools/pcenv/" xmlns:NC="http://home.netscape.com/NC-rdf#" xmlns:RDF="http://www.w3.org/1999/02/22-rdf-syntax-ns#">
  <RDF:Description RDF:about="http://www.cellml.org/tools/pcenv/splitter/graph_sel_graph2">
    <NS1:activegraph RDF:resource="rdf:#$DZRgH1"/>
  </RDF:Description>
  <RDF:Description RDF:about="rdf:#$g+RgH1">
    <RDF:first RDF:resource="rdf:#$h+RgH1"/>
    <RDF:rest RDF:resource="rdf:#$k+RgH1"/>
  </RDF:Description>
  <RDF:Description RDF:about="rdf:#$k+RgH1">
    <RDF:first RDF:resource="rdf:#$l+RgH1"/>
    <RDF:rest RDF:resource="rdf:#$o+RgH1"/>
  </RDF:Description>
  <RDF:Seq RDF:about="http://www.cellml.org/tools/pcenv/loadedModels">
    <RDF:li RDF:resource="razumova_bukatina_campbell_2000.cellml"/>
  </RDF:Seq>
  <RDF:Description RDF:about="rdf:#$c+RgH1">
    <RDF:first RDF:resource="rdf:#$d+RgH1"/>
    <RDF:rest RDF:resource="rdf:#$g+RgH1"/>
  </RDF:Description>
  <RDF:Description RDF:about="rdf:#$DZRgH1" NS1:graphname="Rate Constants">
    <NS2:x-scaling RDF:resource="http://www.cellml.org/metadata/graphs/1.0#identity"/>
    <NS2:y-scaling RDF:resource="http://www.cellml.org/metadata/graphs/1.0#identity"/>
    <NS2:decoration RDF:resource="http://www.cellml.org/metadata/graphs/1.0#none"/>
    <NS2:traces RDF:resource="rdf:#$b+RgH1"/>
  </RDF:Description>
  <RDF:Description RDF:about="rdf:#$z+RgH1" NS2:colour="#f5210c">
    <NS2:type RDF:resource="http://www.cellml.org/metadata/graphs/1.0#line"/>
    <NS2:x-variable RDF:resource="rdf:#$A+RgH1"/>
    <NS2:y-variable RDF:resource="rdf:#$B+RgH1"/>
  </RDF:Description>
  <RDF:Description RDF:about="rdf:#$8+RgH1">
    <RDF:first RDF:resource="rdf:#$CZRgH1"/>
    <RDF:rest RDF:resource="rdf:#$a+RgH1"/>
  </RDF:Description>
  <RDF:Description RDF:about="http://www.cellml.org/tools/pcenv/modlayoutsplit" NS1:splitterState_collapsedBefore="true" NS1:splitterState_prevWidth="167" NS1:splitterState_nextWidth="1097"/>
  <RDF:Description RDF:about="rdf:#$CZRgH1" NS1:graphname="Diagram of cross bridge activation and cycling - click on icons to display graph trace above" NS1:externalurl="razumova_bukatina_campbell_2000.xul">
    <NS2:x-scaling RDF:resource="http://www.cellml.org/metadata/graphs/1.0#identity"/>
    <NS2:y-scaling RDF:resource="http://www.cellml.org/metadata/graphs/1.0#identity"/>
    <NS2:decoration RDF:resource="http://www.cellml.org/metadata/graphs/1.0#none"/>
    <NS2:traces RDF:resource="rdf:#$9+RgH1"/>
  </RDF:Description>
  <RDF:Description RDF:about="rdf:#$B+RgH1">
    <NS2:variable RDF:resource="razumova_bukatina_campbell_2000.cellml#main_D"/>
  </RDF:Description>
  <RDF:Description RDF:about="rdf:#$e+RgH1">
    <NS2:variable RDF:resource="razumova_bukatina_campbell_2000.cellml#environment_time"/>
  </RDF:Description>
  <RDF:Description RDF:about="razumova_bukatina_campbell_2000.cellml" NS1:modelname="razumova_bukatina_campbell_2000" NS1:modelfrozen="true">
    <NS1:derivedmodels RDF:resource="rdf:#$7+RgH1"/>
  </RDF:Description>
  <RDF:Description RDF:about="http://www.cellml.org/tools/pcenv/splitter/intergraph2" NS1:splitterState_prevHeight="211" NS1:splitterState_nextHeight="368"/>
  <RDF:Description RDF:about="rdf:#$p+RgH1" NS2:colour="#cc66cc">
    <NS2:type RDF:resource="http://www.cellml.org/metadata/graphs/1.0#line"/>
    <NS2:x-variable RDF:resource="rdf:#$q+RgH1"/>
    <NS2:y-variable RDF:resource="rdf:#$r+RgH1"/>
  </RDF:Description>
  <RDF:Description RDF:about="rdf:#$I+RgH1">
    <NS2:variable RDF:resource="razumova_bukatina_campbell_2000.cellml#environment_time"/>
  </RDF:Description>
  <RDF:Description RDF:about="rdf:#$h+RgH1" NS2:colour="#ff9900">
    <NS2:type RDF:resource="http://www.cellml.org/metadata/graphs/1.0#line"/>
    <NS2:x-variable RDF:resource="rdf:#$i+RgH1"/>
    <NS2:y-variable RDF:resource="rdf:#$j+RgH1"/>
  </RDF:Description>
  <RDF:Description RDF:about="rdf:#$u+RgH1">
    <RDF:first RDF:resource="rdf:#$v+RgH1"/>
    <RDF:rest RDF:resource="rdf:#$y+RgH1"/>
  </RDF:Description>
  <RDF:Description RDF:about="http://www.cellml.org/tools/pcenv/splitter/intergraph1" NS1:splitterState_prevHeight="311" NS1:splitterState_nextHeight="211"/>
  <RDF:Description RDF:about="rdf:#$J+RgH1">
    <NS2:variable RDF:resource="razumova_bukatina_campbell_2000.cellml#main_A_2"/>
  </RDF:Description>
  <RDF:Description RDF:about="rdf:#$s+RgH1">
    <RDF:first RDF:resource="rdf:#$EZRgH1"/>
    <RDF:rest RDF:resource="http://www.w3.org/1999/02/22-rdf-syntax-ns#nil"/>
  </RDF:Description>
  <RDF:Description RDF:about="rdf:#$l+RgH1" NS2:colour="#33ccff">
    <NS2:type RDF:resource="http://www.cellml.org/metadata/graphs/1.0#line"/>
    <NS2:x-variable RDF:resource="rdf:#$m+RgH1"/>
    <NS2:y-variable RDF:resource="rdf:#$n+RgH1"/>
  </RDF:Description>
  <RDF:Description RDF:about="rdf:#$v+RgH1" NS2:colour="#f4baf0">
    <NS2:type RDF:resource="http://www.cellml.org/metadata/graphs/1.0#line"/>
    <NS2:x-variable RDF:resource="rdf:#$w+RgH1"/>
    <NS2:y-variable RDF:resource="rdf:#$x+RgH1"/>
  </RDF:Description>
  <RDF:Description RDF:about="http://www.cellml.org/tools/pcenv/splitter/graph_key_graph3" NS1:splitterState_collapsedAfter="true" NS1:splitterState_nextHeight="0"/>
  <RDF:Description RDF:about="rdf:#$F+RgH1">
    <NS2:variable RDF:resource="razumova_bukatina_campbell_2000.cellml#main_A_1"/>
  </RDF:Description>
  <RDF:Description RDF:about="http://www.cellml.org/tools/pcenv/splitter/graph_key_graph2" NS1:splitterState_collapsedAfter="true" NS1:splitterState_prevHeight="257" NS1:splitterState_nextHeight="0"/>
  <RDF:Description RDF:about="rdf:#$y+RgH1">
    <RDF:first RDF:resource="rdf:#$z+RgH1"/>
    <RDF:rest RDF:resource="rdf:#$C+RgH1"/>
  </RDF:Description>
  <RDF:Description RDF:about="rdf:#$j+RgH1">
    <NS2:variable RDF:resource="razumova_bukatina_campbell_2000.cellml#XB_RU_interaction_k_off"/>
  </RDF:Description>
  <RDF:Description RDF:about="rdf:#$G+RgH1">
    <RDF:first RDF:resource="rdf:#$H+RgH1"/>
    <RDF:rest RDF:resource="http://www.w3.org/1999/02/22-rdf-syntax-ns#nil"/>
  </RDF:Description>
  <RDF:Description RDF:about="http://www.cellml.org/tools/pcenv/splitter/graph_key_graph1" NS1:splitterState_collapsedAfter="true" NS1:splitterState_prevHeight="355" NS1:splitterState_nextHeight="0"/>
  <RDF:Description RDF:about="rdf:#$m+RgH1">
    <NS2:variable RDF:resource="razumova_bukatina_campbell_2000.cellml#environment_time"/>
  </RDF:Description>
  <RDF:Description RDF:about="http://www.cellml.org/tools/pcenv/splitter/graph_sel_graph1">
    <NS1:activegraph RDF:resource="rdf:#$EZRgH1"/>
  </RDF:Description>
  <RDF:Description RDF:about="rdf:#$f+RgH1">
    <NS2:variable RDF:resource="razumova_bukatina_campbell_2000.cellml#XB_RU_interaction_k_on"/>
  </RDF:Description>
  <RDF:Description RDF:about="rdf:#$A+RgH1">
    <NS2:variable RDF:resource="razumova_bukatina_campbell_2000.cellml#environment_time"/>
  </RDF:Description>
  <RDF:Description RDF:about="rdf:#$n+RgH1">
    <NS2:variable RDF:resource="razumova_bukatina_campbell_2000.cellml#XB_XB_interaction_f"/>
  </RDF:Description>
  <RDF:Description RDF:about="http://www.cellml.org/tools/pcenv/displayGraphs">
    <RDF:first RDF:resource="rdf:#$8+RgH1"/>
  </RDF:Description>
  <RDF:Description RDF:about="rdf:#$x+RgH1">
    <NS2:variable RDF:resource="razumova_bukatina_campbell_2000.cellml#main_R_off"/>
  </RDF:Description>
  <RDF:Description RDF:about="rdf:#$q+RgH1">
    <NS2:variable RDF:resource="razumova_bukatina_campbell_2000.cellml#environment_time"/>
  </RDF:Description>
  <RDF:Description RDF:about="rdf:#$o+RgH1">
    <RDF:first RDF:resource="rdf:#$p+RgH1"/>
    <RDF:rest RDF:resource="http://www.w3.org/1999/02/22-rdf-syntax-ns#nil"/>
  </RDF:Description>
  <RDF:Description RDF:about="rdf:#$C+RgH1">
    <RDF:first RDF:resource="rdf:#$D+RgH1"/>
    <RDF:rest RDF:resource="rdf:#$G+RgH1"/>
  </RDF:Description>
  <RDF:Description RDF:about="rdf:#$H+RgH1" NS2:colour="#3333ff">
    <NS2:type RDF:resource="http://www.cellml.org/metadata/graphs/1.0#line"/>
    <NS2:x-variable RDF:resource="rdf:#$I+RgH1"/>
    <NS2:y-variable RDF:resource="rdf:#$J+RgH1"/>
  </RDF:Description>
  <RDF:Description RDF:about="rdf:#$r+RgH1">
    <NS2:variable RDF:resource="razumova_bukatina_campbell_2000.cellml#XB_XB_interaction_f_prime"/>
  </RDF:Description>
  <RDF:Description RDF:about="rdf:#$b+RgH1">
    <RDF:first RDF:resource="rdf:#$c+RgH1"/>
  </RDF:Description>
  <RDF:Description RDF:about="rdf:#$t+RgH1">
    <RDF:first RDF:resource="rdf:#$u+RgH1"/>
  </RDF:Description>
  <RDF:Description RDF:about="rdf:#$a+RgH1">
    <RDF:first RDF:resource="rdf:#$DZRgH1"/>
    <RDF:rest RDF:resource="rdf:#$s+RgH1"/>
  </RDF:Description>
  <RDF:Description RDF:about="http://www.cellml.org/tools/pcenv/splitter/graph_sel_graph3">
    <NS1:activegraph RDF:resource="rdf:#$CZRgH1"/>
  </RDF:Description>
  <RDF:Description RDF:about="rdf:#$D+RgH1" NS2:colour="#33ff33">
    <NS2:type RDF:resource="http://www.cellml.org/metadata/graphs/1.0#line"/>
    <NS2:x-variable RDF:resource="rdf:#$E+RgH1"/>
    <NS2:y-variable RDF:resource="rdf:#$F+RgH1"/>
  </RDF:Description>
  <RDF:Description RDF:about="rdf:#$w+RgH1">
    <NS2:variable RDF:resource="razumova_bukatina_campbell_2000.cellml#environment_time"/>
  </RDF:Description>
  <RDF:Description RDF:about="rdf:#$i+RgH1">
    <NS2:variable RDF:resource="razumova_bukatina_campbell_2000.cellml#environment_time"/>
  </RDF:Description>
  <RDF:Description RDF:about="rdf:#$EZRgH1" NS1:graphname="Actin-Myosin Species">
    <NS2:x-scaling RDF:resource="http://www.cellml.org/metadata/graphs/1.0#identity"/>
    <NS2:y-scaling RDF:resource="http://www.cellml.org/metadata/graphs/1.0#identity"/>
    <NS2:decoration RDF:resource="http://www.cellml.org/metadata/graphs/1.0#none"/>
    <NS2:traces RDF:resource="rdf:#$t+RgH1"/>
  </RDF:Description>
  <RDF:Description RDF:about="rdf:#$9+RgH1">
    <RDF:rest RDF:resource="http://www.w3.org/1999/02/22-rdf-syntax-ns#nil"/>
  </RDF:Description>
  <RDF:Seq RDF:about="rdf:#$7+RgH1">
  </RDF:Seq>
  <RDF:Description RDF:about="rdf:#$E+RgH1">
    <NS2:variable RDF:resource="razumova_bukatina_campbell_2000.cellml#environment_time"/>
  </RDF:Description>
  <RDF:Description RDF:about="rdf:#$d+RgH1" NS2:colour="#cc0000">
    <NS2:type RDF:resource="http://www.cellml.org/metadata/graphs/1.0#line"/>
    <NS2:x-variable RDF:resource="rdf:#$e+RgH1"/>
    <NS2:y-variable RDF:resource="rdf:#$f+RgH1"/>
  </RDF:Description>
</RDF:RDF>