[{"data_set_value_component_environment_variable_time":0.0,"data_set_value_component_main_variable_F":0.9900990099,"data_set_value_component_main_variable_R_T":1.0,"data_set_value_component_main_variable_R_off":1.0,"data_set_value_component_main_variable_D":0.0,"data_set_value_component_main_variable_A_1":0.0,"data_set_value_component_main_variable_A_2":0.0,"data_set_value_component_main_variable_lambda_off":1.0,"data_set_value_component_main_variable_lambda_on":0.0,"data_set_value_component_main_variable_lambda_D":0.0,"data_set_value_component_main_variable_lambda_A_1":0.0,"data_set_value_component_main_variable_lambda_A_2":0.0,"data_set_value_component_main_variable_lambda_A2_cyc":null,"data_set_value_component_main_variable_Ca":41.6666666667,"data_set_value_component_main_variable_Ca_50":0.4166666667,"data_set_value_component_main_variable_k_0_on":0.0,"data_set_value_component_main_variable_k_0_off":100.0,"data_set_value_component_main_variable_k_Ca_on":120.0,"data_set_value_component_main_variable_k_Ca_off":50.0,"data_set_value_component_main_variable_f_0":50.0,"data_set_value_component_main_variable_f_prime_0":400.0,"data_set_value_component_main_variable_h":8.0,"data_set_value_component_main_variable_h_prime":6.0,"data_set_value_component_main_variable_g":4.0,"data_set_value_component_main_variable_n_H":1.0,"data_set_value_component_main_variable_u":1.0,"data_set_value_component_main_variable_w":1.0,"data_set_value_component_main_variable_v":1.0,"data_set_value_component_RU_rate_constant_variable_k_u_on":118.8118811881,"data_set_value_component_RU_rate_constant_variable_k_u_off":50.495049505,"data_set_value_component_RU_RU_interaction_variable_k_w_on":118.8118811881,"data_set_value_component_RU_RU_interaction_variable_k_w_off":50.495049505,"data_set_value_component_XB_XB_interaction_variable_f":50.0,"data_set_value_component_XB_XB_interaction_variable_f_prime":400.0,"data_set_value_component_XB_RU_interaction_variable_k_on":118.8118811881,"data_set_value_component_XB_RU_interaction_variable_k_off":50.495049505},{"data_set_value_component_environment_variable_time":0.1,"data_set_value_component_main_variable_F":0.9900990099,"data_set_value_component_main_variable_R_T":1.0,"data_set_value_component_main_variable_R_off":0.2646948656,"data_set_value_component_main_variable_D":0.6213857804,"data_set_value_component_main_variable_A_1":0.0767356521,"data_set_value_component_main_variable_A_2":0.0371837019,"data_set_value_component_main_variable_lambda_off":0.2646948656,"data_set_value_component_main_variable_lambda_on":0.7353051344,"data_set_value_component_main_variable_lambda_D":0.6213857804,"data_set_value_component_main_variable_lambda_A_1":0.0767356521,"data_set_value_component_main_variable_lambda_A_2":0.0371837019,"data_set_value_component_main_variable_lambda_A2_cyc":0.050569077,"data_set_value_component_main_variable_Ca":41.6666666667,"data_set_value_component_main_variable_Ca_50":0.4166666667,"data_set_value_component_main_variable_k_0_on":0.0,"data_set_value_component_main_variable_k_0_off":100.0,"data_set_value_component_main_variable_k_Ca_on":120.0,"data_set_value_component_main_variable_k_Ca_off":50.0,"data_set_value_component_main_variable_f_0":50.0,"data_set_value_component_main_variable_f_prime_0":400.0,"data_set_value_component_main_variable_h":8.0,"data_set_value_component_main_variable_h_prime":6.0,"data_set_value_component_main_variable_g":4.0,"data_set_value_component_main_variable_n_H":1.0,"data_set_value_component_main_variable_u":1.0,"data_set_value_component_main_variable_w":1.0,"data_set_value_component_main_variable_v":1.0,"data_set_value_component_RU_rate_constant_variable_k_u_on":118.8118811881,"data_set_value_component_RU_rate_constant_variable_k_u_off":50.495049505,"data_set_value_component_RU_RU_interaction_variable_k_w_on":118.8118811881,"data_set_value_component_RU_RU_interaction_variable_k_w_off":50.495049505,"data_set_value_component_XB_XB_interaction_variable_f":50.0,"data_set_value_component_XB_XB_interaction_variable_f_prime":400.0,"data_set_value_component_XB_RU_interaction_variable_k_on":118.8118811881,"data_set_value_component_XB_RU_interaction_variable_k_off":50.495049505},{"data_set_value_component_environment_variable_time":0.2,"data_set_value_component_main_variable_F":0.9900990099,"data_set_value_component_main_variable_R_T":1.0,"data_set_value_component_main_variable_R_off":0.260243327,"data_set_value_component_main_variable_D":0.6118395918,"data_set_value_component_main_variable_A_1":0.0757608344,"data_set_value_component_main_variable_A_2":0.0521562468,"data_set_value_component_main_variable_lambda_off":0.260243327,"data_set_value_component_main_variable_lambda_on":0.739756673,"data_set_value_component_main_variable_lambda_D":0.6118395918,"data_set_value_component_main_variable_lambda_A_1":0.0757608344,"data_set_value_component_main_variable_lambda_A_2":0.0521562468,"data_set_value_component_main_variable_lambda_A2_cyc":0.0705045979,"data_set_value_component_main_variable_Ca":41.6666666667,"data_set_value_component_main_variable_Ca_50":0.4166666667,"data_set_value_component_main_variable_k_0_on":0.0,"data_set_value_component_main_variable_k_0_off":100.0,"data_set_value_component_main_variable_k_Ca_on":120.0,"data_set_value_component_main_variable_k_Ca_off":50.0,"data_set_value_component_main_variable_f_0":50.0,"data_set_value_component_main_variable_f_prime_0":400.0,"data_set_value_component_main_variable_h":8.0,"data_set_value_component_main_variable_h_prime":6.0,"data_set_value_component_main_variable_g":4.0,"data_set_value_component_main_variable_n_H":1.0,"data_set_value_component_main_variable_u":1.0,"data_set_value_component_main_variable_w":1.0,"data_set_value_component_main_variable_v":1.0,"data_set_value_component_RU_rate_constant_variable_k_u_on":118.8118811881,"data_set_value_component_RU_rate_constant_variable_k_u_off":50.495049505,"data_set_value_component_RU_RU_interaction_variable_k_w_on":118.8118811881,"data_set_value_component_RU_RU_interaction_variable_k_w_off":50.495049505,"data_set_value_component_XB_XB_interaction_variable_f":50.0,"data_set_value_component_XB_XB_interaction_variable_f_prime":400.0,"data_set_value_component_XB_RU_interaction_variable_k_on":118.8118811881,"data_set_value_component_XB_RU_interaction_variable_k_off":50.495049505},{"data_set_value_component_environment_variable_time":0.3,"data_set_value_component_main_variable_F":0.9900990099,"data_set_value_component_main_variable_R_T":1.0,"data_set_value_component_main_variable_R_off":0.2586889557,"data_set_value_component_main_variable_D":0.6085060699,"data_set_value_component_main_variable_A_1":0.0754204226,"data_set_value_component_main_variable_A_2":0.0573845518,"data_set_value_component_main_variable_lambda_off":0.2586889557,"data_set_value_component_main_variable_lambda_on":0.7413110443,"data_set_value_component_main_variable_lambda_D":0.6085060699,"data_set_value_component_main_variable_lambda_A_1":0.0754204226,"data_set_value_component_main_variable_lambda_A_2":0.0573845518,"data_set_value_component_main_variable_lambda_A2_cyc":0.0774095466,"data_set_value_component_main_variable_Ca":41.6666666667,"data_set_value_component_main_variable_Ca_50":0.4166666667,"data_set_value_component_main_variable_k_0_on":0.0,"data_set_value_component_main_variable_k_0_off":100.0,"data_set_value_component_main_variable_k_Ca_on":120.0,"data_set_value_component_main_variable_k_Ca_off":50.0,"data_set_value_component_main_variable_f_0":50.0,"data_set_value_component_main_variable_f_prime_0":400.0,"data_set_value_component_main_variable_h":8.0,"data_set_value_component_main_variable_h_prime":6.0,"data_set_value_component_main_variable_g":4.0,"data_set_value_component_main_variable_n_H":1.0,"data_set_value_component_main_variable_u":1.0,"data_set_value_component_main_variable_w":1.0,"data_set_value_component_main_variable_v":1.0,"data_set_value_component_RU_rate_constant_variable_k_u_on":118.8118811881,"data_set_value_component_RU_rate_constant_variable_k_u_off":50.495049505,"data_set_value_component_RU_RU_interaction_variable_k_w_on":118.8118811881,"data_set_value_component_RU_RU_interaction_variable_k_w_off":50.495049505,"data_set_value_component_XB_XB_interaction_variable_f":50.0,"data_set_value_component_XB_XB_interaction_variable_f_prime":400.0,"data_set_value_component_XB_RU_interaction_variable_k_on":118.8118811881,"data_set_value_component_XB_RU_interaction_variable_k_off":50.495049505},{"data_set_value_component_environment_variable_time":0.4,"data_set_value_component_main_variable_F":0.9900990099,"data_set_value_component_main_variable_R_T":1.0,"data_set_value_component_main_variable_R_off":0.2581461611,"data_set_value_component_main_variable_D":0.6073420257,"data_set_value_component_main_variable_A_1":0.0753015541,"data_set_value_component_main_variable_A_2":0.0592102591,"data_set_value_component_main_variable_lambda_off":0.2581461611,"data_set_value_component_main_variable_lambda_on":0.7418538389,"data_set_value_component_main_variable_lambda_D":0.6073420257,"data_set_value_component_main_variable_lambda_A_1":0.0753015541,"data_set_value_component_main_variable_lambda_A_2":0.0592102591,"data_set_value_component_main_variable_lambda_A2_cyc":0.0798139148,"data_set_value_component_main_variable_Ca":41.6666666667,"data_set_value_component_main_variable_Ca_50":0.4166666667,"data_set_value_component_main_variable_k_0_on":0.0,"data_set_value_component_main_variable_k_0_off":100.0,"data_set_value_component_main_variable_k_Ca_on":120.0,"data_set_value_component_main_variable_k_Ca_off":50.0,"data_set_value_component_main_variable_f_0":50.0,"data_set_value_component_main_variable_f_prime_0":400.0,"data_set_value_component_main_variable_h":8.0,"data_set_value_component_main_variable_h_prime":6.0,"data_set_value_component_main_variable_g":4.0,"data_set_value_component_main_variable_n_H":1.0,"data_set_value_component_main_variable_u":1.0,"data_set_value_component_main_variable_w":1.0,"data_set_value_component_main_variable_v":1.0,"data_set_value_component_RU_rate_constant_variable_k_u_on":118.8118811881,"data_set_value_component_RU_rate_constant_variable_k_u_off":50.495049505,"data_set_value_component_RU_RU_interaction_variable_k_w_on":118.8118811881,"data_set_value_component_RU_RU_interaction_variable_k_w_off":50.495049505,"data_set_value_component_XB_XB_interaction_variable_f":50.0,"data_set_value_component_XB_XB_interaction_variable_f_prime":400.0,"data_set_value_component_XB_RU_interaction_variable_k_on":118.8118811881,"data_set_value_component_XB_RU_interaction_variable_k_off":50.495049505},{"data_set_value_component_environment_variable_time":0.5,"data_set_value_component_main_variable_F":0.9900990099,"data_set_value_component_main_variable_R_T":1.0,"data_set_value_component_main_variable_R_off":0.2579565805,"data_set_value_component_main_variable_D":0.6069354573,"data_set_value_component_main_variable_A_1":0.0752600365,"data_set_value_component_main_variable_A_2":0.0598479258,"data_set_value_component_main_variable_lambda_off":0.2579565805,"data_set_value_component_main_variable_lambda_on":0.7420434195,"data_set_value_component_main_variable_lambda_D":0.6069354573,"data_set_value_component_main_variable_lambda_A_1":0.0752600365,"data_set_value_component_main_variable_lambda_A_2":0.0598479258,"data_set_value_component_main_variable_lambda_A2_cyc":0.0806528624,"data_set_value_component_main_variable_Ca":41.6666666667,"data_set_value_component_main_variable_Ca_50":0.4166666667,"data_set_value_component_main_variable_k_0_on":0.0,"data_set_value_component_main_variable_k_0_off":100.0,"data_set_value_component_main_variable_k_Ca_on":120.0,"data_set_value_component_main_variable_k_Ca_off":50.0,"data_set_value_component_main_variable_f_0":50.0,"data_set_value_component_main_variable_f_prime_0":400.0,"data_set_value_component_main_variable_h":8.0,"data_set_value_component_main_variable_h_prime":6.0,"data_set_value_component_main_variable_g":4.0,"data_set_value_component_main_variable_n_H":1.0,"data_set_value_component_main_variable_u":1.0,"data_set_value_component_main_variable_w":1.0,"data_set_value_component_main_variable_v":1.0,"data_set_value_component_RU_rate_constant_variable_k_u_on":118.8118811881,"data_set_value_component_RU_rate_constant_variable_k_u_off":50.495049505,"data_set_value_component_RU_RU_interaction_variable_k_w_on":118.8118811881,"data_set_value_component_RU_RU_interaction_variable_k_w_off":50.495049505,"data_set_value_component_XB_XB_interaction_variable_f":50.0,"data_set_value_component_XB_XB_interaction_variable_f_prime":400.0,"data_set_value_component_XB_RU_interaction_variable_k_on":118.8118811881,"data_set_value_component_XB_RU_interaction_variable_k_off":50.495049505},{"data_set_value_component_environment_variable_time":0.6,"data_set_value_component_main_variable_F":0.9900990099,"data_set_value_component_main_variable_R_T":1.0,"data_set_value_component_main_variable_R_off":0.2578903634,"data_set_value_component_main_variable_D":0.6067934499,"data_set_value_component_main_variable_A_1":0.0752455351,"data_set_value_component_main_variable_A_2":0.0600706516,"data_set_value_component_main_variable_lambda_off":0.2578903634,"data_set_value_component_main_variable_lambda_on":0.7421096366,"data_set_value_component_main_variable_lambda_D":0.6067934499,"data_set_value_component_main_variable_lambda_A_1":0.0752455351,"data_set_value_component_main_variable_lambda_A_2":0.0600706516,"data_set_value_component_main_variable_lambda_A2_cyc":0.0809457911,"data_set_value_component_main_variable_Ca":41.6666666667,"data_set_value_component_main_variable_Ca_50":0.4166666667,"data_set_value_component_main_variable_k_0_on":0.0,"data_set_value_component_main_variable_k_0_off":100.0,"data_set_value_component_main_variable_k_Ca_on":120.0,"data_set_value_component_main_variable_k_Ca_off":50.0,"data_set_value_component_main_variable_f_0":50.0,"data_set_value_component_main_variable_f_prime_0":400.0,"data_set_value_component_main_variable_h":8.0,"data_set_value_component_main_variable_h_prime":6.0,"data_set_value_component_main_variable_g":4.0,"data_set_value_component_main_variable_n_H":1.0,"data_set_value_component_main_variable_u":1.0,"data_set_value_component_main_variable_w":1.0,"data_set_value_component_main_variable_v":1.0,"data_set_value_component_RU_rate_constant_variable_k_u_on":118.8118811881,"data_set_value_component_RU_rate_constant_variable_k_u_off":50.495049505,"data_set_value_component_RU_RU_interaction_variable_k_w_on":118.8118811881,"data_set_value_component_RU_RU_interaction_variable_k_w_off":50.495049505,"data_set_value_component_XB_XB_interaction_variable_f":50.0,"data_set_value_component_XB_XB_interaction_variable_f_prime":400.0,"data_set_value_component_XB_RU_interaction_variable_k_on":118.8118811881,"data_set_value_component_XB_RU_interaction_variable_k_off":50.495049505},{"data_set_value_component_environment_variable_time":0.7,"data_set_value_component_main_variable_F":0.9900990099,"data_set_value_component_main_variable_R_T":1.0,"data_set_value_component_main_variable_R_off":0.2578672713,"data_set_value_component_main_variable_D":0.6067439274,"data_set_value_component_main_variable_A_1":0.0752404779,"data_set_value_component_main_variable_A_2":0.0601483234,"data_set_value_component_main_variable_lambda_off":0.2578672713,"data_set_value_component_main_variable_lambda_on":0.7421327287,"data_set_value_component_main_variable_lambda_D":0.6067439274,"data_set_value_component_main_variable_lambda_A_1":0.0752404779,"data_set_value_component_main_variable_lambda_A_2":0.0601483234,"data_set_value_component_main_variable_lambda_A2_cyc":0.0810479326,"data_set_value_component_main_variable_Ca":41.6666666667,"data_set_value_component_main_variable_Ca_50":0.4166666667,"data_set_value_component_main_variable_k_0_on":0.0,"data_set_value_component_main_variable_k_0_off":100.0,"data_set_value_component_main_variable_k_Ca_on":120.0,"data_set_value_component_main_variable_k_Ca_off":50.0,"data_set_value_component_main_variable_f_0":50.0,"data_set_value_component_main_variable_f_prime_0":400.0,"data_set_value_component_main_variable_h":8.0,"data_set_value_component_main_variable_h_prime":6.0,"data_set_value_component_main_variable_g":4.0,"data_set_value_component_main_variable_n_H":1.0,"data_set_value_component_main_variable_u":1.0,"data_set_value_component_main_variable_w":1.0,"data_set_value_component_main_variable_v":1.0,"data_set_value_component_RU_rate_constant_variable_k_u_on":118.8118811881,"data_set_value_component_RU_rate_constant_variable_k_u_off":50.495049505,"data_set_value_component_RU_RU_interaction_variable_k_w_on":118.8118811881,"data_set_value_component_RU_RU_interaction_variable_k_w_off":50.495049505,"data_set_value_component_XB_XB_interaction_variable_f":50.0,"data_set_value_component_XB_XB_interaction_variable_f_prime":400.0,"data_set_value_component_XB_RU_interaction_variable_k_on":118.8118811881,"data_set_value_component_XB_RU_interaction_variable_k_off":50.495049505},{"data_set_value_component_environment_variable_time":0.8,"data_set_value_component_main_variable_F":0.9900990099,"data_set_value_component_main_variable_R_T":1.0,"data_set_value_component_main_variable_R_off":0.2578591793,"data_set_value_component_main_variable_D":0.6067265729,"data_set_value_component_main_variable_A_1":0.0752387057,"data_set_value_component_main_variable_A_2":0.060175542,"data_set_value_component_main_variable_lambda_off":0.2578591793,"data_set_value_component_main_variable_lambda_on":0.7421408207,"data_set_value_component_main_variable_lambda_D":0.6067265729,"data_set_value_component_main_variable_lambda_A_1":0.0752387057,"data_set_value_component_main_variable_lambda_A_2":0.060175542,"data_set_value_component_main_variable_lambda_A2_cyc":0.0810837248,"data_set_value_component_main_variable_Ca":41.6666666667,"data_set_value_component_main_variable_Ca_50":0.4166666667,"data_set_value_component_main_variable_k_0_on":0.0,"data_set_value_component_main_variable_k_0_off":100.0,"data_set_value_component_main_variable_k_Ca_on":120.0,"data_set_value_component_main_variable_k_Ca_off":50.0,"data_set_value_component_main_variable_f_0":50.0,"data_set_value_component_main_variable_f_prime_0":400.0,"data_set_value_component_main_variable_h":8.0,"data_set_value_component_main_variable_h_prime":6.0,"data_set_value_component_main_variable_g":4.0,"data_set_value_component_main_variable_n_H":1.0,"data_set_value_component_main_variable_u":1.0,"data_set_value_component_main_variable_w":1.0,"data_set_value_component_main_variable_v":1.0,"data_set_value_component_RU_rate_constant_variable_k_u_on":118.8118811881,"data_set_value_component_RU_rate_constant_variable_k_u_off":50.495049505,"data_set_value_component_RU_RU_interaction_variable_k_w_on":118.8118811881,"data_set_value_component_RU_RU_interaction_variable_k_w_off":50.495049505,"data_set_value_component_XB_XB_interaction_variable_f":50.0,"data_set_value_component_XB_XB_interaction_variable_f_prime":400.0,"data_set_value_component_XB_RU_interaction_variable_k_on":118.8118811881,"data_set_value_component_XB_RU_interaction_variable_k_off":50.495049505},{"data_set_value_component_environment_variable_time":0.9,"data_set_value_component_main_variable_F":0.9900990099,"data_set_value_component_main_variable_R_T":1.0,"data_set_value_component_main_variable_R_off":0.2578563901,"data_set_value_component_main_variable_D":0.606720591,"data_set_value_component_main_variable_A_1":0.0752380949,"data_set_value_component_main_variable_A_2":0.060184924,"data_set_value_component_main_variable_lambda_off":0.2578563901,"data_set_value_component_main_variable_lambda_on":0.7421436099,"data_set_value_component_main_variable_lambda_D":0.606720591,"data_set_value_component_main_variable_lambda_A_1":0.0752380949,"data_set_value_component_main_variable_lambda_A_2":0.060184924,"data_set_value_component_main_variable_lambda_A2_cyc":0.0810960617,"data_set_value_component_main_variable_Ca":41.6666666667,"data_set_value_component_main_variable_Ca_50":0.4166666667,"data_set_value_component_main_variable_k_0_on":0.0,"data_set_value_component_main_variable_k_0_off":100.0,"data_set_value_component_main_variable_k_Ca_on":120.0,"data_set_value_component_main_variable_k_Ca_off":50.0,"data_set_value_component_main_variable_f_0":50.0,"data_set_value_component_main_variable_f_prime_0":400.0,"data_set_value_component_main_variable_h":8.0,"data_set_value_component_main_variable_h_prime":6.0,"data_set_value_component_main_variable_g":4.0,"data_set_value_component_main_variable_n_H":1.0,"data_set_value_component_main_variable_u":1.0,"data_set_value_component_main_variable_w":1.0,"data_set_value_component_main_variable_v":1.0,"data_set_value_component_RU_rate_constant_variable_k_u_on":118.8118811881,"data_set_value_component_RU_rate_constant_variable_k_u_off":50.495049505,"data_set_value_component_RU_RU_interaction_variable_k_w_on":118.8118811881,"data_set_value_component_RU_RU_interaction_variable_k_w_off":50.495049505,"data_set_value_component_XB_XB_interaction_variable_f":50.0,"data_set_value_component_XB_XB_interaction_variable_f_prime":400.0,"data_set_value_component_XB_RU_interaction_variable_k_on":118.8118811881,"data_set_value_component_XB_RU_interaction_variable_k_off":50.495049505},{"data_set_value_component_environment_variable_time":1.0,"data_set_value_component_main_variable_F":0.9900990099,"data_set_value_component_main_variable_R_T":1.0,"data_set_value_component_main_variable_R_off":0.2578554114,"data_set_value_component_main_variable_D":0.6067184922,"data_set_value_component_main_variable_A_1":0.0752378806,"data_set_value_component_main_variable_A_2":0.0601882158,"data_set_value_component_main_variable_lambda_off":0.2578554114,"data_set_value_component_main_variable_lambda_on":0.7421445886,"data_set_value_component_main_variable_lambda_D":0.6067184922,"data_set_value_component_main_variable_lambda_A_1":0.0752378806,"data_set_value_component_main_variable_lambda_A_2":0.0601882158,"data_set_value_component_main_variable_lambda_A2_cyc":0.0811003903,"data_set_value_component_main_variable_Ca":41.6666666667,"data_set_value_component_main_variable_Ca_50":0.4166666667,"data_set_value_component_main_variable_k_0_on":0.0,"data_set_value_component_main_variable_k_0_off":100.0,"data_set_value_component_main_variable_k_Ca_on":120.0,"data_set_value_component_main_variable_k_Ca_off":50.0,"data_set_value_component_main_variable_f_0":50.0,"data_set_value_component_main_variable_f_prime_0":400.0,"data_set_value_component_main_variable_h":8.0,"data_set_value_component_main_variable_h_prime":6.0,"data_set_value_component_main_variable_g":4.0,"data_set_value_component_main_variable_n_H":1.0,"data_set_value_component_main_variable_u":1.0,"data_set_value_component_main_variable_w":1.0,"data_set_value_component_main_variable_v":1.0,"data_set_value_component_RU_rate_constant_variable_k_u_on":118.8118811881,"data_set_value_component_RU_rate_constant_variable_k_u_off":50.495049505,"data_set_value_component_RU_RU_interaction_variable_k_w_on":118.8118811881,"data_set_value_component_RU_RU_interaction_variable_k_w_off":50.495049505,"data_set_value_component_XB_XB_interaction_variable_f":50.0,"data_set_value_component_XB_XB_interaction_variable_f_prime":400.0,"data_set_value_component_XB_RU_interaction_variable_k_on":118.8118811881,"data_set_value_component_XB_RU_interaction_variable_k_off":50.495049505}]